ACCIDENT_NO,ACCIDENT_DATE,ACCIDENT_TIME,ACCIDENT_TYPE,ACCIDENT_TYPE_DESC,DAY_OF_WEEK,DAY_WEEK_DESC,DCA_CODE,DCA_DESC,LIGHT_CONDITION,NODE_ID,ROAD_GEOMETRY_DESC,SEVERITY,SPEED_ZONE,RMA,ROAD_NAME,LGA_NAME,LATITUDE,LONGITUDE,YEAR,MONTH,MONTH_NAME,HOUR,TIME_PERIOD,DAY_TYPE
T20190000430,2019-01-08,11:55:00,1,Collision with vehicle,2,Tuesday,130,REAR END(VEHICLES IN SAME LANE),1,341613,Not at intersection,3,70,Arterial Highway,NORTHERN,CAMPASPE,-36.14146,144.72975,2019,1,January,11,Midday,Weekday
T20190000432,2019-01-08,16:00:00,1,Collision with vehicle,2,Tuesday,137,LEFT TURN SIDESWIPE,1,277256,T intersection,2,50,Local Road,CHURCH,MELBOURNE,-37.787563,144.94214,2019,1,January,16,Afternoon Peak,Weekday
T20190000475,2019-01-08,14:25:00,1,Collision with vehicle,2,Tuesday,113,RIGHT NEAR (INTERSECTIONS ONLY),1,50585,T intersection,3,80,Arterial Other,CAMPERDOWN-COBDEN,CORANGAMITE,-38.314884,143.08615,2019,1,January,14,Midday,Weekday
T20190000423,2019-01-08,11:50:00,1,Collision with vehicle,2,Tuesday,147,VEHICLE STRIKES ANOTHER VEH WHILE EMERGING FROM DRIVEWAY,1,359303,Not at intersection,3,60,Local Road,BEACH,FRANKSTON,-38.14549,145.13972,2019,1,January,11,Midday,Weekday
T20190000488,2019-01-09,06:15:00,8,No collision and no object struck,3,Wednesday,174,OUT OF CONTROL ON CARRIAGEWAY (ON STRAIGHT),1,341042,Not at intersection,2,40,Arterial Other,MOUNTAIN,KNOX,-37.84856,145.22774,2019,1,January,6,Morning Peak,Weekday
T20190000491,2019-01-09,14:44:00,1,Collision with vehicle,3,Wednesday,130,REAR END(VEHICLES IN SAME LANE),1,341738,T intersection,2,60,Local Road,COLLINS,MORNINGTON PENINSULA,-38.33648,144.98888,2019,1,January,14,Midday,Weekday
T20190000495,2019-01-09,15:15:00,1,Collision with vehicle,3,Wednesday,130,REAR END(VEHICLES IN SAME LANE),1,341932,Not at intersection,2,70,Arterial Highway,SPRINGVALE,MONASH,-37.8747,145.16676,2019,1,January,15,Afternoon Peak,Weekday
T20190000496,2019-01-09,17:20:00,1,Collision with vehicle,3,Wednesday,135,LANE CHANGE LEFT (NOT OVERTAKING),1,341058,Not at intersection,3,60,Arterial Other,CANTERBURY,PORT PHILLIP,-37.85442,144.97113,2019,1,January,17,Afternoon Peak,Weekday
T20190000497,2019-01-09,17:45:00,1,Collision with vehicle,3,Wednesday,121,RIGHT THROUGH,1,341083,Not at intersection,3,60,Arterial Highway,HIGH,MITCHELL,-37.41687,144.97908,2019,1,January,17,Afternoon Peak,Weekday
T20190000498,2019-01-09,16:30:00,1,Collision with vehicle,3,Wednesday,120,HEAD ON (NOT OVERTAKING),1,341625,Not at intersection,2,60,Arterial Other,RINGWOOD-WARRANDYTE,MANNINGHAM,-37.76706,145.22977,2019,1,January,16,Afternoon Peak,Weekday
T20190000500,2019-01-09,16:20:00,1,Collision with vehicle,3,Wednesday,132,RIGHT REAR.,1,54308,T intersection,2,90,Arterial Highway,WARBURTON,YARRA RANGES,-37.77568,145.48972,2019,1,January,16,Afternoon Peak,Weekday
T20190000509,2019-01-09,16:27:00,8,No collision and no object struck,3,Wednesday,174,OUT OF CONTROL ON CARRIAGEWAY (ON STRAIGHT),1,341224,Not at intersection,2,100,Local Road,WHIPSTICK,BENDIGO,-36.680573,144.26256,2019,1,January,16,Afternoon Peak,Weekday
T20190000511,2019-01-09,19:10:00,1,Collision with vehicle,3,Wednesday,121,RIGHT THROUGH,1,296274,T intersection,2,80,Arterial Other,BELGRAVE-HALLAM ROAD -HALLAM NORTH,CASEY,-37.990284,145.27638,2019,1,January,19,Night,Weekday
T20190000501,2019-01-09,17:05:00,5,collision with some other object,3,Wednesday,166,STRUCK OBJECT ON CARRIAGEWAY,1,341099,Not at intersection,2,100,Local Road,ESCORT BRIDGE,INDIGO,-36.09292,146.36855,2019,1,January,17,Afternoon Peak,Weekday
T20190000518,2019-01-09,23:00:00,1,Collision with vehicle,3,Wednesday,140,U TURN,3,37426,Cross intersection,3,70,Arterial Highway,PLENTY,DAREBIN,-37.70907,145.05077,2019,1,January,23,Night,Weekday
T20190000524,2019-01-09,07:15:00,3,Struck animal,3,Wednesday,167,STRUCK ANIMAL,1,341943,Not at intersection,3,60,Local Road,MATHIESONS,MOYNE,-38.513367,142.74135,2019,1,January,7,Morning Peak,Weekday
T20190000458,2019-01-09,02:25:00,4,Collision with a fixed object,3,Wednesday,175,OFF END OF ROAD/T-INTERSECTION.,3,68524,T intersection,2,50,Local Road,KOKARIBB,GLEN EIRA,-37.88594,145.05638,2019,1,January,2,Late Night,Weekday
T20190000463,2019-01-09,05:10:00,1,Collision with vehicle,3,Wednesday,110,CROSS TRAFFIC(INTERSECTIONS ONLY),2,52938,Cross intersection,3,60,Arterial Other,BALLARAT-CARNGHAM ROAD -LA TROBE,BALLARAT,-37.569836,143.81046,2019,1,January,5,Morning Peak,Weekday
T20190017075,2019-01-09,15:10:00,1,Collision with vehicle,3,Wednesday,110,CROSS TRAFFIC(INTERSECTIONS ONLY),1,311042,Cross intersection,3,80,Arterial Highway,FRANKSTON-DANDENONG ROAD -THOMPSON,DANDENONG,-38.071754,145.19444,2019,1,January,15,Afternoon Peak,Weekday
T20190000543,2019-01-09,21:40:00,3,Struck animal,3,Wednesday,167,STRUCK ANIMAL,5,341835,Not at intersection,2,100,Local Road,GREENS,GANNAWARRA,-35.8421,144.19049,2019,1,January,21,Night,Weekday
T20190000467,2019-01-09,09:49:00,1,Collision with vehicle,3,Wednesday,132,RIGHT REAR.,1,359304,T intersection,3,60,Local Road,WALNUT,MILDURA,-34.1831,142.15498,2019,1,January,9,Morning Peak,Weekday
T20190000471,2019-01-09,11:20:00,1,Collision with vehicle,3,Wednesday,130,REAR END(VEHICLES IN SAME LANE),1,341330,Not at intersection,3,100,Freeway,MONASH,CASEY,-37.99376,145.26122,2019,1,January,11,Midday,Weekday
T20190000577,2019-01-09,13:00:00,8,No collision and no object struck,3,Wednesday,189,OTHER ACCIDENTS ON CURVE NOT INCLUDED IN DCAs 180-184,1,341356,Not at intersection,3,60,Local Road,H TREE EXTENSION,BAW BAW,-37.98007,146.07239,2019,1,January,13,Midday,Weekday
T20190002682,2019-01-09,16:21:00,1,Collision with vehicle,3,Wednesday,130,REAR END(VEHICLES IN SAME LANE),1,347159,Not at intersection,3,60,Arterial Other,SOMERTON,HUME,-37.638523,144.91241,2019,1,January,16,Afternoon Peak,Weekday
T20190000479,2019-01-09,12:04:00,1,Collision with vehicle,3,Wednesday,110,CROSS TRAFFIC(INTERSECTIONS ONLY),1,73915,Cross intersection,2,60,Arterial Highway,ALBERT,MOYNE,-38.38272,142.22913,2019,1,January,12,Midday,Weekday
T20190000480,2019-01-09,13:07:00,1,Collision with vehicle,3,Wednesday,110,CROSS TRAFFIC(INTERSECTIONS ONLY),1,35953,Cross intersection,3,60,Arterial Highway,BENALLA ROAD -MIDLAND,SHEPPARTON,-36.388332,145.43182,2019,1,January,13,Midday,Weekday
T20190000481,2019-01-09,11:30:00,4,Collision with a fixed object,3,Wednesday,171,LEFT OFF CARRIAGEWAY INTO OBJECT/PARKED VEHICLE,1,343176,Not at intersection,3,100,Arterial Highway,HAMILTON,MOYNE,-38.00744,142.74391,2019,1,January,11,Midday,Weekday
T20190000483,2019-01-09,13:30:00,1,Collision with vehicle,3,Wednesday,130,REAR END(VEHICLES IN SAME LANE),1,57357,Cross intersection,3,60,Arterial Other,PLENTY,WHITTLESEA,-37.678844,145.06966,2019,1,January,13,Midday,Weekday
T20190000534,2019-01-10,13:09:00,4,Collision with a fixed object,4,Thursday,173,RIGHT OFF CARRIAGEWAY INTO OBJECT/PARKED VEHICLE,1,341480,Not at intersection,3,100,Arterial Other,BEECHWORTH-WANGARATTA,WANGARATTA,-36.389618,146.50587,2019,1,January,13,Midday,Weekday
T20190000537,2019-01-10,11:48:00,1,Collision with vehicle,4,Thursday,130,REAR END(VEHICLES IN SAME LANE),1,342457,Cross intersection,3,80,Arterial Other,SYDNEY,HUME,-37.66578,144.95493,2019,1,January,11,Midday,Weekday
T20190000539,2019-01-10,13:20:00,1,Collision with vehicle,4,Thursday,121,RIGHT THROUGH,1,45359,Cross intersection,3,50,Arterial Other,MARIBYRNONG,MOONEE VALLEY,-37.771736,144.91618,2019,1,January,13,Midday,Weekday
T20190000540,2019-01-10,13:30:00,1,Collision with vehicle,4,Thursday,169,OTHER ON PATH,1,343343,Not at intersection,3,60,Arterial Other,NICHOLSON,MORELAND,-37.77176,144.97949,2019,1,January,13,Midday,Weekday
T20190000522,2019-01-10,07:50:00,1,Collision with vehicle,4,Thursday,130,REAR END(VEHICLES IN SAME LANE),1,341065,Not at intersection,2,80,Arterial Highway,SPRINGVALE,KINGSTON,-38.011932,145.14058,2019,1,January,7,Morning Peak,Weekday
T20190000544,2019-01-10,15:30:00,2,Struck Pedestrian,4,Thursday,102,FAR SIDE. PED HIT BY VEHICLE FROM THE LEFT,1,341102,Not at intersection,3,40,Local Road,ELIZABETH,MELBOURNE,-37.81558,144.96378,2019,1,January,15,Afternoon Peak,Weekday
T20190000545,2019-01-10,16:07:00,1,Collision with vehicle,4,Thursday,163,VEHICLE STRIKES DOOR OF PARKED/STATIONARY VEHICLE,1,341156,Not at intersection,2,60,Arterial Other,NICHOLSON,YARRA,-37.78346,144.97751,2019,1,January,16,Afternoon Peak,Weekday
T20190000546,2019-01-10,14:50:00,1,Collision with vehicle,4,Thursday,136,RIGHT TURN SIDESWIPE,1,231554,T intersection,3,50,Local Road,GERBERT,HUME,-37.68723,144.92789,2019,1,January,14,Midday,Weekday
T20190000547,2019-01-10,15:57:00,1,Collision with vehicle,4,Thursday,130,REAR END(VEHICLES IN SAME LANE),1,341236,T intersection,2,70,Arterial Other,BALLARAT,BRIMBANK,-37.766182,144.76291,2019,1,January,15,Afternoon Peak,Weekday
T20190000551,2019-01-10,17:20:00,4,Collision with a fixed object,4,Thursday,171,LEFT OFF CARRIAGEWAY INTO OBJECT/PARKED VEHICLE,1,341084,Not at intersection,3,50,Local Road,TUNBURY,MAROONDAH,-37.794586,145.24715,2019,1,January,17,Afternoon Peak,Weekday
T20190000552,2019-01-10,17:05:00,1,Collision with vehicle,4,Thursday,130,REAR END(VEHICLES IN SAME LANE),1,341141,Not at intersection,2,80,Arterial Highway,NEPEAN,MORNINGTON PENINSULA,-38.20645,145.07463,2019,1,January,17,Afternoon Peak,Weekday
T20190000553,2019-01-10,17:30:00,1,Collision with vehicle,4,Thursday,110,CROSS TRAFFIC(INTERSECTIONS ONLY),1,52978,Cross intersection,2,50,Local Road,LEITH,BALLARAT,-37.579018,143.8395,2019,1,January,17,Afternoon Peak,Weekday
T20190000554,2019-01-10,15:30:00,1,Collision with vehicle,4,Thursday,130,REAR END(VEHICLES IN SAME LANE),1,341073,Not at intersection,2,80,Arterial Highway,HAMILTON,MOYNE,-38.074635,142.82025,2019,1,January,15,Afternoon Peak,Weekday
T20190000556,2019-01-10,19:45:00,1,Collision with vehicle,4,Thursday,169,OTHER ON PATH,1,346531,Not at intersection,2,40,Local Road,CAPON,STONNINGTON,-37.88782,145.08624,2019,1,January,19,Night,Weekday
T20190000558,2019-01-10,20:18:00,1,Collision with vehicle,4,Thursday,136,RIGHT TURN SIDESWIPE,6,61300,T intersection,2,60,Local Road,FLYNN,HUME,-37.658,144.93567,2019,1,January,20,Night,Weekday
T20190000559,2019-01-10,17:55:00,4,Collision with a fixed object,4,Thursday,171,LEFT OFF CARRIAGEWAY INTO OBJECT/PARKED VEHICLE,1,341205,Not at intersection,2,70,Arterial Other,CHILDS,WHITTLESEA,-37.66258,145.04645,2019,1,January,17,Afternoon Peak,Weekday
T20190000560,2019-01-10,21:55:00,1,Collision with vehicle,4,Thursday,110,CROSS TRAFFIC(INTERSECTIONS ONLY),3,42238,Cross intersection,2,50,Arterial Other,DIMBOOLA,HUME,-37.682293,144.91556,2019,1,January,21,Night,Weekday
T20190000562,2019-01-10,17:49:00,2,Struck Pedestrian,4,Thursday,100,PED NEAR SIDE. PED HIT BY VEHICLE FROM THE RIGHT.,1,344947,T intersection,2,50,Local Road,THOMPSON,GEELONG,-38.17891,144.38737,2019,1,January,17,Afternoon Peak,Weekday
T20190000529,2019-01-10,01:30:00,4,Collision with a fixed object,4,Thursday,171,LEFT OFF CARRIAGEWAY INTO OBJECT/PARKED VEHICLE,5,69058,Cross intersection,3,80,Local Road,EDGARS,WYNDHAM,-37.902718,144.51102,2019,1,January,1,Late Night,Weekday
T20190000567,2019-01-10,18:00:00,1,Collision with vehicle,4,Thursday,120,HEAD ON (NOT OVERTAKING),1,341417,Not at intersection,3,60,Local Road,DIMBOOLA,HUME,-37.67449,144.90973,2019,1,January,18,Afternoon Peak,Weekday
T20190000585,2019-01-10,15:33:00,1,Collision with vehicle,4,Thursday,130,REAR END(VEHICLES IN SAME LANE),1,41784,Cross intersection,3,80,Arterial Highway,SPRINGVALE,MONASH,-37.9064,145.1609,2019,1,January,15,Afternoon Peak,Weekday
T20190000637,2019-01-10,05:40:00,3,Struck animal,4,Thursday,167,STRUCK ANIMAL,2,341326,Not at intersection,3,100,Local Road,BARRINGO,MACEDON RANGES,-37.4381,144.60693,2019,1,January,5,Morning Peak,Weekday
T20190000530,2019-01-10,13:45:00,1,Collision with vehicle,4,Thursday,110,CROSS TRAFFIC(INTERSECTIONS ONLY),1,51008,Cross intersection,3,50,Local Road,ORR,SHEPPARTON,-36.370445,145.40427,2019,1,January,13,Midday,Weekday
T20190000531,2019-01-10,07:54:00,1,Collision with vehicle,4,Thursday,116,LEFT NEAR (INTERSECTIONS ONLY),1,355519,T intersection,3,80,Arterial Other,LONG,FRANKSTON,-38.154156,145.18456,2019,1,January,7,Morning Peak,Weekday
T20190000712,2019-01-10,19:00:00,2,Struck Pedestrian,4,Thursday,100,PED NEAR SIDE. PED HIT BY VEHICLE FROM THE RIGHT.,1,36103,Cross intersection,3,60,Arterial Other,CURZON,MELBOURNE,-37.804985,144.94777,2019,1,January,19,Night,Weekday
T20190000580,2019-01-10,16:10:00,1,Collision with vehicle,4,Thursday,130,REAR END(VEHICLES IN SAME LANE),1,341447,Not at intersection,2,60,Arterial Other,GLENFERN ROAD SERVICE,KNOX,-37.89872,145.2947,2019,1,January,16,Afternoon Peak,Weekday
T20190000582,2019-01-10,07:38:00,1,Collision with vehicle,4,Thursday,134,LANE CHANGE RIGHT (NOT OVERTAKING),2,342005,Not at intersection,2,80,Arterial Highway,SPRINGVALE,WHITEHORSE,-37.82443,145.17484,2019,1,January,7,Morning Peak,Weekday
T20190000813,2019-01-11,11:20:00,1,Collision with vehicle,5,Friday,120,HEAD ON (NOT OVERTAKING),1,602310,T intersection,3,50,Local Road,HOMEVALE,CASEY,-38.14427,145.29048,2019,1,January,11,Midday,Weekday
T20190000569,2019-01-11,08:20:00,1,Collision with vehicle,5,Friday,121,RIGHT THROUGH,1,36355,Cross intersection,2,60,Local Road,DRUMMOND,MELBOURNE,-37.805065,144.9677,2019,1,January,8,Morning Peak,Weekday
T20190000571,2019-01-11,07:20:00,1,Collision with vehicle,5,Friday,130,REAR END(VEHICLES IN SAME LANE),1,342034,Not at intersection,3,60,Local Road,WEST,MORELAND,-37.7108,144.93765,2019,1,January,7,Morning Peak,Weekday
T20190000572,2019-01-11,08:00:00,4,Collision with a fixed object,5,Friday,173,RIGHT OFF CARRIAGEWAY INTO OBJECT/PARKED VEHICLE,1,341178,Not at intersection,2,60,Arterial Highway,EAGLEHAWK,BENDIGO,-36.74711,144.25815,2019,1,January,8,Morning Peak,Weekday
T20190000576,2019-01-11,09:06:00,1,Collision with vehicle,5,Friday,110,CROSS TRAFFIC(INTERSECTIONS ONLY),1,37741,Cross intersection,2,60,Arterial Other,TOORAK,STONNINGTON,-37.84028,145.0021,2019,1,January,9,Morning Peak,Weekday
T20190000660,2019-01-11,10:20:00,1,Collision with vehicle,5,Friday,131,LEFT REAR,1,51637,Cross intersection,3,50,Local Road,GLENCOE,BENDIGO,-36.762978,144.29776,2019,1,January,10,Midday,Weekday
T20190000583,2019-01-11,09:30:00,1,Collision with vehicle,5,Friday,130,REAR END(VEHICLES IN SAME LANE),1,42389,T intersection,3,60,Arterial Other,CLAYTON,KINGSTON,-37.9362,145.11758,2019,1,January,9,Morning Peak,Weekday
T20190000584,2019-01-11,12:45:00,1,Collision with vehicle,5,Friday,121,RIGHT THROUGH,1,341095,Not at intersection,2,40,Local Road,HIGHETT,YARRA,-37.816147,145.00175,2019,1,January,12,Midday,Weekday
T20190000586,2019-01-11,11:15:00,1,Collision with vehicle,5,Friday,130,REAR END(VEHICLES IN SAME LANE),1,342703,Not at intersection,3,100,Freeway,PRINCES,CARDINIA,-38.078194,145.42853,2019,1,January,11,Midday,Weekday
T20190000587,2019-01-11,11:20:00,1,Collision with vehicle,5,Friday,130,REAR END(VEHICLES IN SAME LANE),1,38452,T intersection,2,60,Arterial Other,SETTLEMENT,WHITTLESEA,-37.69444,145.03918,2019,1,January,11,Midday,Weekday
T20190000591,2019-01-11,12:36:00,1,Collision with vehicle,5,Friday,130,REAR END(VEHICLES IN SAME LANE),1,343827,Not at intersection,2,40,Local Road,HIGH,GEELONG,-38.17361,144.34427,2019,1,January,12,Midday,Weekday
T20190000593,2019-01-11,13:30:00,1,Collision with vehicle,5,Friday,111,RIGHT FAR (INTERSECTIONS ONLY),1,55140,T intersection,3,60,Local Road,MINERVA,WARRNAMBOOL,-38.366913,142.50021,2019,1,January,13,Midday,Weekday
T20190000609,2019-01-11,16:05:00,1,Collision with vehicle,5,Friday,121,RIGHT THROUGH,1,341570,T intersection,3,60,Arterial Other,MORNINGTON-DROMANA,MORNINGTON PENINSULA,-38.314884,144.99055,2019,1,January,16,Afternoon Peak,Weekday
T20190000610,2019-01-11,15:58:00,1,Collision with vehicle,5,Friday,110,CROSS TRAFFIC(INTERSECTIONS ONLY),1,344976,Cross intersection,3,50,Local Road,SHEILA,MORNINGTON PENINSULA,-38.374973,144.83563,2019,1,January,15,Afternoon Peak,Weekday
T20190000653,2019-01-11,23:50:00,1,Collision with vehicle,5,Friday,130,REAR END(VEHICLES IN SAME LANE),5,359144,Not at intersection,3,100,Arterial Highway,CALDER,BENDIGO,-36.88594,144.21217,2019,1,January,23,Night,Weekday
T20190000595,2019-01-11,13:28:00,1,Collision with vehicle,5,Friday,130,REAR END(VEHICLES IN SAME LANE),1,341679,Not at intersection,2,60,Arterial Other,HORNE,HUME,-37.58321,144.72324,2019,1,January,13,Midday,Weekday
T20190000619,2019-01-11,16:45:00,6,Vehicle overturned (no collision),5,Friday,182,OFF CARRIAGEWAY ON LEFT BEND,1,345478,Not at intersection,2,70,Local Road,MANESTAR,CARDINIA,-37.975464,145.3832,2019,1,January,16,Afternoon Peak,Weekday
T20190000621,2019-01-11,18:34:00,1,Collision with vehicle,5,Friday,121,RIGHT THROUGH,1,341092,Not at intersection,3,70,Arterial Other,SOUTH,KINGSTON,-37.934082,145.0425,2019,1,January,18,Afternoon Peak,Weekday
T20190000623,2019-01-11,14:28:00,1,Collision with vehicle,5,Friday,110,CROSS TRAFFIC(INTERSECTIONS ONLY),1,39673,Cross intersection,3,60,Local Road,OBAN,MAROONDAH,-37.794605,145.24155,2019,1,January,14,Midday,Weekday
T20190000624,2019-01-11,18:15:00,1,Collision with vehicle,5,Friday,151,OUT OF CONTROL (OVERTAKING),1,341471,T intersection,2,60,Local Road,COLCHESTER,MAROONDAH,-37.826813,145.30328,2019,1,January,18,Afternoon Peak,Weekday
T20190000626,2019-01-11,19:50:00,2,Struck Pedestrian,5,Friday,100,PED NEAR SIDE. PED HIT BY VEHICLE FROM THE RIGHT.,1,190250,Not at intersection,2,70,Arterial Highway,PLENTY,DAREBIN,-37.7119,145.04707,2019,1,January,19,Night,Weekday
T20190000627,2019-01-11,17:15:00,1,Collision with vehicle,5,Friday,130,REAR END(VEHICLES IN SAME LANE),1,341779,Not at intersection,2,70,Arterial Highway,SETTLEMENT,GEELONG,-38.182083,144.34691,2019,1,January,17,Afternoon Peak,Weekday
T20190000628,2019-01-11,17:25:00,6,Vehicle overturned (no collision),5,Friday,170,OFF CARRIAGEWAY TO LEFT,1,658590,Not at intersection,2,100,Local Road,RAGLAN-ELMHURST,PYRENEES,-37.358868,143.3336,2019,1,January,17,Afternoon Peak,Weekday
T20190000629,2019-01-11,17:55:00,1,Collision with vehicle,5,Friday,130,REAR END(VEHICLES IN SAME LANE),1,341397,Not at intersection,3,50,Local Road,WATERVIEW,WHITTLESEA,-37.61179,145.08467,2019,1,January,17,Afternoon Peak,Weekday
T20190000630,2019-01-11,15:51:00,1,Collision with vehicle,5,Friday,171,LEFT OFF CARRIAGEWAY INTO OBJECT/PARKED VEHICLE,1,341096,Not at intersection,2,40,Local Road,COASTSIDE,GEELONG,-38.24157,144.335,2019,1,January,15,Afternoon Peak,Weekday
T20190000632,2019-01-11,19:38:00,1,Collision with vehicle,5,Friday,110,CROSS TRAFFIC(INTERSECTIONS ONLY),1,641146,Cross intersection,3,50,Local Road,OKEEFE,BANYULE,-37.753918,145.04338,2019,1,January,19,Night,Weekday
T20190000633,2019-01-11,19:15:00,1,Collision with vehicle,5,Friday,112,LEFT FAR (INTERSECTIONS ONLY),1,40924,T intersection,3,50,Arterial Other,MOUNTAIN,KNOX,-37.843136,145.25092,2019,1,January,19,Night,Weekday
T20190000634,2019-01-11,16:00:00,4,Collision with a fixed object,5,Friday,171,LEFT OFF CARRIAGEWAY INTO OBJECT/PARKED VEHICLE,1,343241,T intersection,2,50,Local Road,RANGE,MITCHELL,-37.36791,145.02983,2019,1,January,16,Afternoon Peak,Weekday
T20190000635,2019-01-11,01:25:00,1,Collision with vehicle,5,Friday,121,RIGHT THROUGH,3,30002,T intersection,2,80,Arterial Highway,DANDENONG,MONASH,-37.924637,145.14363,2019,1,January,1,Late Night,Weekday
T20190000596,2019-01-11,14:15:00,4,Collision with a fixed object,5,Friday,171,LEFT OFF CARRIAGEWAY INTO OBJECT/PARKED VEHICLE,1,342098,T intersection,2,50,Local Road,ADELINE,BANYULE,-37.706036,145.09412,2019,1,January,14,Midday,Weekday
T20190000636,2019-01-11,21:00:00,4,Collision with a fixed object,5,Friday,173,RIGHT OFF CARRIAGEWAY INTO OBJECT/PARKED VEHICLE,5,343732,Not at intersection,2,60,Arterial Highway,MAROONDAH,MURRINDINDI,-37.194733,145.69614,2019,1,January,21,Night,Weekday
T20190000638,2019-01-11,16:10:00,4,Collision with a fixed object,5,Friday,171,LEFT OFF CARRIAGEWAY INTO OBJECT/PARKED VEHICLE,1,341168,Not at intersection,3,70,Arterial Other,STATION,BRIMBANK,-37.74311,144.77916,2019,1,January,16,Afternoon Peak,Weekday
T20190000639,2019-01-11,19:15:00,4,Collision with a fixed object,5,Friday,181,OFF RIGHT BEND INTO OBJECT/PARKED VEHICLE,1,341203,Not at intersection,2,100,Local Road,TAMBO UPPER,EAST GIPPSLAND,-37.793938,147.8385,2019,1,January,19,Night,Weekday
T20190000640,2019-01-11,00:35:00,1,Collision with vehicle,5,Friday,110,CROSS TRAFFIC(INTERSECTIONS ONLY),6,61041,Cross intersection,3,60,Arterial Other,PLENTY,WHITTLESEA,-37.600636,145.09573,2019,1,January,0,Late Night,Weekday
T20190000642,2019-01-11,16:07:00,1,Collision with vehicle,5,Friday,135,LANE CHANGE LEFT (NOT OVERTAKING),1,341128,Not at intersection,1,100,Freeway,PRINCES,WYNDHAM,-37.874954,144.73128,2019,1,January,16,Afternoon Peak,Weekday
T20190000643,2019-01-11,21:27:00,4,Collision with a fixed object,5,Friday,173,RIGHT OFF CARRIAGEWAY INTO OBJECT/PARKED VEHICLE,5,341152,Multiple intersection,1,100,Arterial Other,MIDLAND,MANSFIELD,-37.003807,146.07845,2019,1,January,21,Night,Weekday
T20190000603,2019-01-11,11:50:00,1,Collision with vehicle,5,Friday,160,VEHICLE COLLIDES WITH VEHICLE PARKED ON LEFT OF ROAD,1,46554,Cross intersection,3,60,Arterial Other,KINGS,BRIMBANK,-37.710827,144.77776,2019,1,January,11,Midday,Weekday
T20190000604,2019-01-11,13:00:00,2,Struck Pedestrian,5,Friday,103,PED PLAYING/LYING/WORKING/STANDING ON CARRIAGEWAY.,1,341324,Not at intersection,3,40,Arterial Other,PLENTY,WHITTLESEA,-37.659367,145.07454,2019,1,January,13,Midday,Weekday
T20190000608,2019-01-11,16:30:00,4,Collision with a fixed object,5,Friday,171,LEFT OFF CARRIAGEWAY INTO OBJECT/PARKED VEHICLE,1,341225,Not at intersection,3,100,Arterial Other,BENDIGO-PYRAMID,BENDIGO,-36.66535,144.21732,2019,1,January,16,Afternoon Peak,Weekday
T20190000615,2019-01-11,13:45:00,1,Collision with vehicle,5,Friday,121,RIGHT THROUGH,1,341106,Not at intersection,2,70,Arterial Highway,SPRINGVALE,MONASH,-37.88744,145.1644,2019,1,January,13,Midday,Weekday
T20190002154,2019-01-12,13:50:00,1,Collision with vehicle,6,Saturday,130,REAR END(VEHICLES IN SAME LANE),9,41215,T intersection,3,70,Arterial Other,PASCOE VALE,MORELAND,-37.71588,144.91855,2019,1,January,13,Midday,Weekend
T20190000644,2019-01-12,01:42:00,4,Collision with a fixed object,6,Saturday,164,PERMANENT OBSTRUCTION ON CARRIAGEWAY,3,342494,Not at intersection,2,50,Local Road,WARRINGA,WYNDHAM,-37.88405,144.68997,2019,1,January,1,Late Night,Weekend
T20190000648,2019-01-12,03:15:00,4,Collision with a fixed object,6,Saturday,171,LEFT OFF CARRIAGEWAY INTO OBJECT/PARKED VEHICLE,3,359143,T intersection,3,60,Arterial Other,WILLIAMS,STONNINGTON,-37.856102,145.00189,2019,1,January,3,Late Night,Weekend
T20190000651,2019-01-12,01:50:00,2,Struck Pedestrian,6,Saturday,102,FAR SIDE. PED HIT BY VEHICLE FROM THE LEFT,3,344509,Cross intersection,3,50,Local Road,BANK,MOYNE,-38.383335,142.23573,2019,1,January,1,Late Night,Weekend
T20190000655,2019-01-12,08:20:00,1,Collision with vehicle,6,Saturday,110,CROSS TRAFFIC(INTERSECTIONS ONLY),1,58397,Cross intersection,3,80,Arterial Highway,MURRAY VALLEY,MOIRA,-35.934547,145.65988,2019,1,January,8,Morning Peak,Weekend
T20190000659,2019-01-12,09:35:00,6,Vehicle overturned (no collision),6,Saturday,182,OFF CARRIAGEWAY ON LEFT BEND,1,341134,Not at intersection,3,100,Arterial Other,GEMBROOK-LAUNCHING PLACE,CARDINIA,-37.89951,145.59373,2019,1,January,9,Morning Peak,Weekend
T20190000661,2019-01-12,10:54:00,4,Collision with a fixed object,6,Saturday,171,LEFT OFF CARRIAGEWAY INTO OBJECT/PARKED VEHICLE,1,342393,Not at intersection,3,90,Arterial Other,WHITE HILL,MORNINGTON PENINSULA,-38.34301,145.00674,2019,1,January,10,Midday,Weekend
T20190000662,2019-01-12,11:25:00,1,Collision with vehicle,6,Saturday,140,U TURN,1,53647,T intersection,3,60,Arterial Highway,BENALLA,SHEPPARTON,-36.386997,145.42696,2019,1,January,11,Midday,Weekend
T20190000671,2019-01-12,13:15:00,1,Collision with vehicle,6,Saturday,130,REAR END(VEHICLES IN SAME LANE),1,56255,T intersection,2,80,Arterial Other,FRANKSTON-FLINDERS,MORNINGTON PENINSULA,-38.390743,145.08789,2019,1,January,13,Midday,Weekend