ACCIDENT_NO,ACCIDENT_DATE,ACCIDENT_TIME,ACCIDENT_TYPE,ACCIDENT_TYPE_DESC,DAY_OF_WEEK,DAY_WEEK_DESC,DCA_CODE,DCA_DESC,LIGHT_CONDITION,NODE_ID,ROAD_GEOMETRY_DESC,SEVERITY,SPEED_ZONE,RMA,ROAD_NAME,LGA_NAME,LATITUDE,LONGITUDE,YEAR,MONTH,MONTH_NAME,HOUR,TIME_PERIOD,DAY_TYPE
T20190000674,2019-01-12,09:05:00,1,Collision with vehicle,6,Saturday,130,REAR END(VEHICLES IN SAME LANE),1,331835,Not at intersection,2,80,Arterial Highway,GEELONG,HOBSONS BAY,-37.82219,144.82994,2019,1,January,9,Morning Peak,Weekend
T20190000676,2019-01-12,10:00:00,1,Collision with vehicle,6,Saturday,120,HEAD ON (NOT OVERTAKING),1,342012,Not at intersection,2,100,Local Road,COWWARR,BAW BAW,-38.016422,146.43211,2019,1,January,10,Midday,Weekend
T20190000678,2019-01-12,14:51:00,2,Struck Pedestrian,6,Saturday,101,PED EMERGES FROM IN FRONT OF PARKED OR STATIONARY VEHICLE,1,45649,T intersection,2,40,Arterial Other,SYDNEY,MORELAND,-37.74858,144.96533,2019,1,January,14,Midday,Weekend
T20190000679,2019-01-12,14:50:00,4,Collision with a fixed object,6,Saturday,183,OFF LEFT BEND INTO OBJECT/PARKED VEHICLE,1,341226,Not at intersection,2,100,Arterial Highway,LODDON VALLEY,BENDIGO,-36.699,144.20547,2019,1,January,14,Midday,Weekend
T20190000682,2019-01-12,16:04:00,1,Collision with vehicle,6,Saturday,130,REAR END(VEHICLES IN SAME LANE),1,341159,Not at intersection,3,60,Arterial Other,CENTRE,GLEN EIRA,-37.918243,145.0371,2019,1,January,16,Afternoon Peak,Weekend
T20190000684,2019-01-12,15:00:00,1,Collision with vehicle,6,Saturday,130,REAR END(VEHICLES IN SAME LANE),1,37906,Cross intersection,2,40,Local Road,HIGH,DAREBIN,-37.775234,144.99782,2019,1,January,15,Afternoon Peak,Weekend
T20190000685,2019-01-12,07:00:00,4,Collision with a fixed object,6,Saturday,171,LEFT OFF CARRIAGEWAY INTO OBJECT/PARKED VEHICLE,1,360533,Not at intersection,3,100,Local Road,BACK EILDON,MURRINDINDI,-37.25287,145.82945,2019,1,January,7,Morning Peak,Weekend
T20190000686,2019-01-12,16:36:00,1,Collision with vehicle,6,Saturday,121,RIGHT THROUGH,1,43917,Cross intersection,2,80,Arterial Other,CLYDE-FIVE WAYS,CASEY,-38.1335,145.32426,2019,1,January,16,Afternoon Peak,Weekend
T20190000688,2019-01-12,17:30:00,1,Collision with vehicle,6,Saturday,110,CROSS TRAFFIC(INTERSECTIONS ONLY),1,239081,Cross intersection,3,80,Arterial Highway,DANDENONG,MONASH,-37.893784,145.09335,2019,1,January,17,Afternoon Peak,Weekend
T20190000690,2019-01-12,18:08:00,1,Collision with vehicle,6,Saturday,112,LEFT FAR (INTERSECTIONS ONLY),1,341146,Cross intersection,3,50,Arterial Highway,NORTH,MONASH,-37.910107,145.0903,2019,1,January,18,Afternoon Peak,Weekend
T20190000692,2019-01-12,19:45:00,1,Collision with vehicle,6,Saturday,134,LANE CHANGE RIGHT (NOT OVERTAKING),1,341107,Not at intersection,2,80,Freeway,BULLA-TULLAMARINE OUT,MOONEE VALLEY,-37.735157,144.89545,2019,1,January,19,Night,Weekend
T20190000694,2019-01-12,19:30:00,8,No collision and no object struck,6,Saturday,174,OUT OF CONTROL ON CARRIAGEWAY (ON STRAIGHT),1,343390,Not at intersection,2,80,Freeway,WESTERN RING OUT-PASCOE VALE,HUME,-37.693424,144.90742,2019,1,January,19,Night,Weekend
T20190000696,2019-01-12,21:55:00,2,Struck Pedestrian,6,Saturday,100,PED NEAR SIDE. PED HIT BY VEHICLE FROM THE RIGHT.,3,341877,Not at intersection,2,60,Local Road,KALINDA,MAROONDAH,-37.79462,145.25673,2019,1,January,21,Night,Weekend
T20190000697,2019-01-12,22:15:00,4,Collision with a fixed object,6,Saturday,173,RIGHT OFF CARRIAGEWAY INTO OBJECT/PARKED VEHICLE,5,341411,Not at intersection,2,100,Local Road,STATE FOREST,GOLDEN PLAINS,-37.666542,143.73428,2019,1,January,22,Night,Weekend
T20190000698,2019-01-12,22:30:00,4,Collision with a fixed object,6,Saturday,171,LEFT OFF CARRIAGEWAY INTO OBJECT/PARKED VEHICLE,3,341218,Not at intersection,2,70,Arterial Highway,MELBOURNE,GEELONG,-38.114582,144.35472,2019,1,January,22,Night,Weekend
T20190000700,2019-01-12,23:05:00,4,Collision with a fixed object,6,Saturday,173,RIGHT OFF CARRIAGEWAY INTO OBJECT/PARKED VEHICLE,3,68639,Cross intersection,3,50,Local Road,MICHELE,KNOX,-37.889965,145.22876,2019,1,January,23,Night,Weekend
T20190000704,2019-01-12,23:35:00,4,Collision with a fixed object,6,Saturday,151,OUT OF CONTROL (OVERTAKING),5,341132,Not at intersection,3,60,Local Road,BELGRAVE-FERNY CREEK,YARRA RANGES,-37.89086,145.34566,2019,1,January,23,Night,Weekend
T20190010177,2019-01-12,20:00:00,8,No collision and no object struck,6,Saturday,180,OFF CARRIAGEWAY ON RIGHT BEND,2,346927,Not at intersection,2,100,Local Road,OLD YARRAGON-LEONGATHA,BAW BAW,-38.22394,146.06676,2019,1,January,20,Night,Weekend
T20190000725,2019-01-12,22:00:00,1,Collision with vehicle,6,Saturday,130,REAR END(VEHICLES IN SAME LANE),3,341571,T intersection,2,70,Local Road,POINT NEPEAN,MORNINGTON PENINSULA,-38.36764,144.80699,2019,1,January,22,Night,Weekend
T20190000798,2019-01-12,19:30:00,1,Collision with vehicle,6,Saturday,133,LANE SIDE SWIPE (VEHICLES IN PARALLEL LANES),2,342222,Not at intersection,3,60,Arterial Other,HALLAM SOUTH,CASEY,-38.01506,145.27153,2019,1,January,19,Night,Weekend
T20190004701,2019-01-12,15:00:00,1,Collision with vehicle,6,Saturday,130,REAR END(VEHICLES IN SAME LANE),1,51076,Cross intersection,3,60,Arterial Highway,WYNDHAM,SHEPPARTON,-36.385227,145.3985,2019,1,January,15,Afternoon Peak,Weekend
T20190001139,2019-01-12,07:45:00,1,Collision with vehicle,6,Saturday,130,REAR END(VEHICLES IN SAME LANE),1,341465,Not at intersection,2,60,Arterial Other,BEACH,BAYSIDE,-37.96256,145.01176,2019,1,January,7,Morning Peak,Weekend
T20190000906,2019-01-12,10:00:00,4,Collision with a fixed object,6,Saturday,183,OFF LEFT BEND INTO OBJECT/PARKED VEHICLE,1,341374,T intersection,2,80,Local Road,RUTHERFORD,SHEPPARTON,-36.48476,145.3316,2019,1,January,10,Midday,Weekend
T20200002530,2019-01-12,16:45:00,4,Collision with a fixed object,6,Saturday,181,OFF RIGHT BEND INTO OBJECT/PARKED VEHICLE,1,48857,Not at intersection,3,80,Arterial Other,GEMBROOK,CARDINIA,-37.95981,145.54744,2019,1,January,16,Afternoon Peak,Weekend
T20190000714,2019-01-13,06:40:00,8,No collision and no object struck,7,Sunday,170,OFF CARRIAGEWAY TO LEFT,1,360288,Not at intersection,2,100,Local Road,YANKEE FLAT,MOORABOOL,-37.62868,143.91356,2019,1,January,6,Morning Peak,Weekend
T20190000761,2019-01-13,17:30:00,1,Collision with vehicle,7,Sunday,120,HEAD ON (NOT OVERTAKING),1,35425,Not at intersection,1,60,Arterial Highway,BELL,BANYULE,-37.75347,145.05228,2019,1,January,17,Afternoon Peak,Weekend
T20190000716,2019-01-13,08:59:00,2,Struck Pedestrian,7,Sunday,100,PED NEAR SIDE. PED HIT BY VEHICLE FROM THE RIGHT.,1,29543,Cross intersection,2,60,Arterial Other,RIVERSDALE,BOROONDARA,-37.82874,145.03421,2019,1,January,8,Morning Peak,Weekend
T20190000718,2019-01-13,11:20:00,4,Collision with a fixed object,7,Sunday,173,RIGHT OFF CARRIAGEWAY INTO OBJECT/PARKED VEHICLE,1,359142,Not at intersection,3,100,Arterial Other,CAPE PATERSON,BASS COAST,-38.64567,145.60944,2019,1,January,11,Midday,Weekend
T20190000719,2019-01-13,11:00:00,1,Collision with vehicle,7,Sunday,139,OTHER SAME DIRECTION-MANOUEVRES NOT INCLUDED IN DCAs 130-137,1,341139,Not at intersection,3,80,Freeway,METROPOLITAN RING,NILLUMBIK,-37.690823,145.0886,2019,1,January,11,Midday,Weekend
T20190000720,2019-01-13,07:00:00,4,Collision with a fixed object,7,Sunday,183,OFF LEFT BEND INTO OBJECT/PARKED VEHICLE,1,341129,Not at intersection,1,60,Local Road,WATT,SHEPPARTON,-36.40425,145.37318,2019,1,January,7,Morning Peak,Weekend
T20190000760,2019-01-13,20:50:00,4,Collision with a fixed object,7,Sunday,149,OTHER MANOEUVRING NOT INCLUDED IN DCAs 140-148,3,586592,Not at intersection,2,60,Arterial Other,THOMPSON,GEELONG,-38.112328,144.34311,2019,1,January,20,Night,Weekend
T20190000722,2019-01-13,11:47:00,1,Collision with vehicle,7,Sunday,130,REAR END(VEHICLES IN SAME LANE),1,341154,Not at intersection,3,100,Freeway,EASTLINK,FRANKSTON,-38.087955,145.16493,2019,1,January,11,Midday,Weekend
T20190000723,2019-01-13,12:41:00,1,Collision with vehicle,7,Sunday,130,REAR END(VEHICLES IN SAME LANE),1,56086,T intersection,3,60,Local Road,CARINYA,MELTON,-37.75205,144.75137,2019,1,January,12,Midday,Weekend
T20190000766,2019-01-13,22:45:00,4,Collision with a fixed object,7,Sunday,171,LEFT OFF CARRIAGEWAY INTO OBJECT/PARKED VEHICLE,5,341297,Not at intersection,3,100,Local Road,TROUPS,MELTON,-37.76194,144.66533,2019,1,January,22,Night,Weekend
T20190000759,2019-01-13,16:49:00,1,Collision with vehicle,7,Sunday,121,RIGHT THROUGH,1,38607,T intersection,2,80,Arterial Highway,GEELONG,MARIBYRNONG,-37.81335,144.86148,2019,1,January,16,Afternoon Peak,Weekend
T20190000758,2019-01-13,20:07:00,4,Collision with a fixed object,7,Sunday,173,RIGHT OFF CARRIAGEWAY INTO OBJECT/PARKED VEHICLE,1,371,Not at intersection,3,60,Arterial Highway,KINGS,PORT PHILLIP,-37.83561,144.97218,2019,1,January,20,Night,Weekend
T20190000757,2019-01-13,16:50:00,1,Collision with vehicle,7,Sunday,183,OFF LEFT BEND INTO OBJECT/PARKED VEHICLE,1,343596,Not at intersection,2,90,Local Road,BALDRYS,MORNINGTON PENINSULA,-38.42207,144.96161,2019,1,January,16,Afternoon Peak,Weekend
T20190000752,2019-01-13,18:40:00,1,Collision with vehicle,7,Sunday,134,LANE CHANGE RIGHT (NOT OVERTAKING),1,792,T intersection,2,80,Arterial Highway,DANDENONG,MONASH,-37.924496,145.14342,2019,1,January,18,Afternoon Peak,Weekend
T20190000726,2019-01-13,11:35:00,1,Collision with vehicle,7,Sunday,121,RIGHT THROUGH,1,341675,T intersection,2,100,Arterial Highway,SOUTH GIPPSLAND,SOUTH GIPPSLAND,-38.41065,145.76622,2019,1,January,11,Midday,Weekend
T20190000749,2019-01-13,17:55:00,4,Collision with a fixed object,7,Sunday,173,RIGHT OFF CARRIAGEWAY INTO OBJECT/PARKED VEHICLE,1,342712,T intersection,2,50,Local Road,BOSTON,WHITTLESEA,-37.673187,145.03812,2019,1,January,17,Afternoon Peak,Weekend
T20190000748,2019-01-13,12:30:00,1,Collision with vehicle,7,Sunday,130,REAR END(VEHICLES IN SAME LANE),1,43213,T intersection,2,60,Arterial Highway,NEPEAN,KINGSTON,-38.037415,145.10783,2019,1,January,12,Midday,Weekend
T20190000699,2019-01-13,00:14:00,1,Collision with vehicle,7,Sunday,171,LEFT OFF CARRIAGEWAY INTO OBJECT/PARKED VEHICLE,5,342437,Not at intersection,3,60,Local Road,BARRY,KNOX,-37.848217,145.28519,2019,1,January,0,Late Night,Weekend
T20190000730,2019-01-13,12:05:00,1,Collision with vehicle,7,Sunday,121,RIGHT THROUGH,1,38731,Cross intersection,3,80,Arterial Highway,PLENTY,WHITTLESEA,-37.68831,145.06625,2019,1,January,12,Midday,Weekend
T20190000746,2019-01-13,15:30:00,1,Collision with vehicle,7,Sunday,120,HEAD ON (NOT OVERTAKING),1,341161,Not at intersection,2,100,Arterial Other,STANLEY,INDIGO,-36.375282,146.72443,2019,1,January,15,Afternoon Peak,Weekend
T20190000745,2019-01-13,13:15:00,1,Collision with vehicle,7,Sunday,130,REAR END(VEHICLES IN SAME LANE),1,346920,Not at intersection,2,80,Freeway,WESTERN RING,BRIMBANK,-37.723682,144.86526,2019,1,January,13,Midday,Weekend
T20190000702,2019-01-13,01:02:00,6,Vehicle overturned (no collision),7,Sunday,174,OUT OF CONTROL ON CARRIAGEWAY (ON STRAIGHT),3,345099,Not at intersection,2,80,Arterial Highway,PRINCES,CASEY,-38.02066,145.29903,2019,1,January,1,Late Night,Weekend
T20190000743,2019-01-13,13:30:00,8,No collision and no object struck,7,Sunday,149,OTHER MANOEUVRING NOT INCLUDED IN DCAs 140-148,1,341171,Not at intersection,2,50,Arterial Other,JAMIESON-LICOLA,WELLINGTON,-37.62819,146.62294,2019,1,January,13,Midday,Weekend
T20190000740,2019-01-13,14:00:00,4,Collision with a fixed object,7,Sunday,181,OFF RIGHT BEND INTO OBJECT/PARKED VEHICLE,1,343985,Not at intersection,2,100,Arterial Highway,SOUTH GIPPSLAND,WELLINGTON,-38.19548,147.07837,2019,1,January,14,Midday,Weekend
T20190000738,2019-01-13,12:20:00,1,Collision with vehicle,7,Sunday,130,REAR END(VEHICLES IN SAME LANE),1,359305,Not at intersection,2,80,Arterial Highway,NEPEAN,MORNINGTON PENINSULA,-38.216457,145.06158,2019,1,January,12,Midday,Weekend
T20190000737,2019-01-13,15:20:00,4,Collision with a fixed object,7,Sunday,181,OFF RIGHT BEND INTO OBJECT/PARKED VEHICLE,1,341401,T intersection,2,50,Local Road,FRASER,MONASH,-37.891052,145.15833,2019,1,January,15,Afternoon Peak,Weekend
T20190000735,2019-01-13,15:10:00,1,Collision with vehicle,7,Sunday,131,LEFT REAR,1,299951,T intersection,3,100,Arterial Other,BENALLA-TOCUMWAL,MOIRA,-35.98932,145.63164,2019,1,January,15,Afternoon Peak,Weekend
T20190000734,2019-01-13,14:00:00,1,Collision with vehicle,7,Sunday,136,RIGHT TURN SIDESWIPE,1,341861,Multiple intersection,2,60,Arterial Other,BARWON HEADS,GEELONG,-38.19818,144.36269,2019,1,January,14,Midday,Weekend
T20190000733,2019-01-13,14:42:00,1,Collision with vehicle,7,Sunday,130,REAR END(VEHICLES IN SAME LANE),1,341140,Not at intersection,3,100,Freeway,PENINSULA LINK,MORNINGTON PENINSULA,-38.23167,145.1253,2019,1,January,14,Midday,Weekend
T20190000701,2019-01-13,01:24:00,2,Struck Pedestrian,7,Sunday,102,FAR SIDE. PED HIT BY VEHICLE FROM THE LEFT,3,36430,Cross intersection,3,60,Arterial Other,NICHOLSON,MELBOURNE,-37.79795,144.97488,2019,1,January,1,Late Night,Weekend
T20190000732,2019-01-13,11:10:00,1,Collision with vehicle,7,Sunday,147,VEHICLE STRIKES ANOTHER VEH WHILE EMERGING FROM DRIVEWAY,1,1285,T intersection,3,60,Arterial Other,GORDON,MARIBYRNONG,-37.776314,144.89128,2019,1,January,11,Midday,Weekend
T20190000731,2019-01-13,14:15:00,1,Collision with vehicle,7,Sunday,121,RIGHT THROUGH,1,341372,Not at intersection,3,60,Local Road,NORTHUMBERLAND,BRIMBANK,-37.77077,144.84183,2019,1,January,14,Midday,Weekend
T20190000710,2019-01-13,02:40:00,2,Struck Pedestrian,7,Sunday,102,FAR SIDE. PED HIT BY VEHICLE FROM THE LEFT,3,342044,Not at intersection,2,60,Arterial Other,SWAN,YARRA,-37.82592,145.00005,2019,1,January,2,Late Night,Weekend
T20190000709,2019-01-13,05:51:00,2,Struck Pedestrian,7,Sunday,104,PED WALKING WITH TRAFFIC,3,341294,Not at intersection,2,40,Local Road,BRUNSWICK,YARRA,-37.79548,144.97894,2019,1,January,5,Morning Peak,Weekend
T20190000729,2019-01-13,13:10:00,1,Collision with vehicle,7,Sunday,121,RIGHT THROUGH,1,29915,T intersection,3,60,Freeway,FOOTSCRAY-CITYLINK IN,MELBOURNE,-37.80954,144.93408,2019,1,January,13,Midday,Weekend
T20190000762,2019-01-13,15:30:00,1,Collision with vehicle,7,Sunday,113,RIGHT NEAR (INTERSECTIONS ONLY),1,36179,T intersection,3,60,Local Road,SCOTCH,KINGSTON,-38.048016,145.12471,2019,1,January,15,Afternoon Peak,Weekend
T20190000764,2019-01-13,20:50:00,1,Collision with vehicle,7,Sunday,110,CROSS TRAFFIC(INTERSECTIONS ONLY),2,322346,Cross intersection,3,80,Arterial Other,POUND,CASEY,-38.02831,145.26881,2019,1,January,20,Night,Weekend
T20190000721,2019-01-13,10:01:00,4,Collision with a fixed object,7,Sunday,151,OUT OF CONTROL (OVERTAKING),1,341418,Not at intersection,2,50,Local Road,LENNOX,MOONEE VALLEY,-37.7694,144.90828,2019,1,January,10,Midday,Weekend
T20190000817,2019-01-14,22:00:00,1,Collision with vehicle,1,Monday,130,REAR END(VEHICLES IN SAME LANE),3,63410,T intersection,3,60,Arterial Other,BUCKLEY,MOONEE VALLEY,-37.752235,144.87422,2019,1,January,22,Night,Weekday
T20190001198,2019-01-14,15:00:00,1,Collision with vehicle,1,Monday,130,REAR END(VEHICLES IN SAME LANE),1,324708,T intersection,3,60,Arterial Other,LINCOLN,MAROONDAH,-37.789684,145.30927,2019,1,January,15,Afternoon Peak,Weekday
T20190002697,2019-01-14,17:30:00,4,Collision with a fixed object,1,Monday,171,LEFT OFF CARRIAGEWAY INTO OBJECT/PARKED VEHICLE,1,342207,Not at intersection,3,100,Freeway,PRINCES,CARDINIA,-38.075764,145.5345,2019,1,January,17,Afternoon Peak,Weekday
T20190000979,2019-01-14,17:30:00,1,Collision with vehicle,1,Monday,135,LANE CHANGE LEFT (NOT OVERTAKING),1,341977,Not at intersection,3,60,Arterial Other,ST KILDA ROAD SERVICE,MELBOURNE,-37.84425,144.97873,2019,1,January,17,Afternoon Peak,Weekday
T20190000819,2019-01-14,00:45:00,4,Collision with a fixed object,1,Monday,171,LEFT OFF CARRIAGEWAY INTO OBJECT/PARKED VEHICLE,3,341238,Not at intersection,3,60,Arterial Highway,BELL,DAREBIN,-37.748177,145.0291,2019,1,January,0,Late Night,Weekday
T20190002776,2019-01-14,08:00:00,1,Collision with vehicle,1,Monday,154,PULLING OUT -REAR END,1,40374,Cross intersection,3,60,Arterial Other,TOORONGA,STONNINGTON,-37.85322,145.04214,2019,1,January,8,Morning Peak,Weekday
T20190000767,2019-01-14,00:35:00,1,Collision with vehicle,1,Monday,169,OTHER ON PATH,3,342869,Not at intersection,2,50,Local Road,HENLOW,CASEY,-38.011414,145.27917,2019,1,January,0,Late Night,Weekday
T20190000770,2019-01-14,02:50:00,5,collision with some other object,1,Monday,179,OTHER ACCIDENTS-OFF STRAIGHT NOT INCLUDED IN DCAs 170-175,3,45674,T intersection,2,60,Local Road,DONALD CAMERON,HUME,-37.62972,144.93112,2019,1,January,2,Late Night,Weekday
T20190000773,2019-01-14,04:45:00,1,Collision with vehicle,1,Monday,110,CROSS TRAFFIC(INTERSECTIONS ONLY),2,343727,Cross intersection,2,80,Arterial Highway,DANDENONG,MONASH,-37.93235,145.15594,2019,1,January,4,Late Night,Weekday
T20190000775,2019-01-14,09:10:00,1,Collision with vehicle,1,Monday,130,REAR END(VEHICLES IN SAME LANE),1,341237,Not at intersection,3,100,Freeway,CALDER,BRIMBANK,-37.7072,144.81902,2019,1,January,9,Morning Peak,Weekday
T20190000776,2019-01-14,06:10:00,1,Collision with vehicle,1,Monday,121,RIGHT THROUGH,2,40582,T intersection,2,60,Arterial Highway,WARRIGAL,BOROONDARA,-37.86315,145.09332,2019,1,January,6,Morning Peak,Weekday
T20190000780,2019-01-14,07:18:00,1,Collision with vehicle,1,Monday,110,CROSS TRAFFIC(INTERSECTIONS ONLY),1,43008,Cross intersection,2,60,Arterial Other,HEATHERTON,DANDENONG,-37.968864,145.20505,2019,1,January,7,Morning Peak,Weekday
T20190000782,2019-01-14,11:15:00,1,Collision with vehicle,1,Monday,121,RIGHT THROUGH,1,240715,T intersection,2,80,Arterial Other,PRINCES,CARDINIA,-38.071285,145.4778,2019,1,January,11,Midday,Weekday
T20190000784,2019-01-14,12:20:00,4,Collision with a fixed object,1,Monday,173,RIGHT OFF CARRIAGEWAY INTO OBJECT/PARKED VEHICLE,1,341170,Not at intersection,3,80,Arterial Other,MAHONEYS,DAREBIN,-37.691673,144.97194,2019,1,January,12,Midday,Weekday
T20190000787,2019-01-14,07:40:00,1,Collision with vehicle,1,Monday,113,RIGHT NEAR (INTERSECTIONS ONLY),1,359306,T intersection,3,100,Arterial Highway,WESTERN,PYRENEES,-37.436234,143.42007,2019,1,January,7,Morning Peak,Weekday
T20190000793,2019-01-14,15:31:00,4,Collision with a fixed object,1,Monday,183,OFF LEFT BEND INTO OBJECT/PARKED VEHICLE,1,341213,Not at intersection,3,50,Local Road,BENTLEY,MAROONDAH,-37.77389,145.24329,2019,1,January,15,Afternoon Peak,Weekday
T20190001418,2019-01-14,11:50:00,1,Collision with vehicle,1,Monday,130,REAR END(VEHICLES IN SAME LANE),1,39273,Cross intersection,3,60,Arterial Highway,WHITEHORSE,WHITEHORSE,-37.816826,145.11504,2019,1,January,11,Midday,Weekday
T20190000794,2019-01-14,14:00:00,1,Collision with vehicle,1,Monday,113,RIGHT NEAR (INTERSECTIONS ONLY),1,38786,Cross intersection,3,60,Arterial Other,MOORE,MARIBYRNONG,-37.79669,144.90399,2019,1,January,14,Midday,Weekday
T20190000799,2019-01-14,11:28:00,4,Collision with a fixed object,1,Monday,171,LEFT OFF CARRIAGEWAY INTO OBJECT/PARKED VEHICLE,1,341853,Not at intersection,2,50,Local Road,GARDINER,CASEY,-38.024364,145.35237,2019,1,January,11,Midday,Weekday
T20190000802,2019-01-14,16:39:00,1,Collision with vehicle,1,Monday,132,RIGHT REAR.,1,341378,Not at intersection,2,100,Arterial Other,SEASPRAY,WELLINGTON,-38.19774,147.09572,2019,1,January,16,Afternoon Peak,Weekday
T20190000803,2019-01-14,15:20:00,1,Collision with vehicle,1,Monday,110,CROSS TRAFFIC(INTERSECTIONS ONLY),1,40159,Cross intersection,2,50,Arterial Other,HOTHAM,PORT PHILLIP,-37.862633,145.00072,2019,1,January,15,Afternoon Peak,Weekday
T20190000804,2019-01-14,16:25:00,1,Collision with vehicle,1,Monday,140,U TURN,1,342033,Not at intersection,2,60,Freeway,WEST GATE OUT-TODD,MELBOURNE,-37.833,144.91461,2019,1,January,16,Afternoon Peak,Weekday
T20190000808,2019-01-14,15:29:00,1,Collision with vehicle,1,Monday,160,VEHICLE COLLIDES WITH VEHICLE PARKED ON LEFT OF ROAD,1,359145,Not at intersection,3,50,Local Road,GEORGE,MOONEE VALLEY,-37.7421,144.8853,2019,1,January,15,Afternoon Peak,Weekday
T20190000810,2019-01-14,20:00:00,4,Collision with a fixed object,1,Monday,171,LEFT OFF CARRIAGEWAY INTO OBJECT/PARKED VEHICLE,1,341559,Not at intersection,2,60,Arterial Other,EPSOM,MELBOURNE,-37.78247,144.91653,2019,1,January,20,Night,Weekday
T20190000811,2019-01-14,19:45:00,1,Collision with vehicle,1,Monday,110,CROSS TRAFFIC(INTERSECTIONS ONLY),1,37163,Cross intersection,3,60,Local Road,COOL STORE,MORNINGTON PENINSULA,-38.303032,145.19044,2019,1,January,19,Night,Weekday
T20190000815,2019-01-14,14:30:00,6,Vehicle overturned (no collision),1,Monday,172,OFF CARRIAGEWAY TO RIGHT,1,341451,Not at intersection,3,100,Freeway,EASTLINK,DANDENONG,-37.947502,145.2049,2019,1,January,14,Midday,Weekday
T20190000824,2019-01-14,16:00:00,4,Collision with a fixed object,1,Monday,171,LEFT OFF CARRIAGEWAY INTO OBJECT/PARKED VEHICLE,1,341221,Not at intersection,2,70,Arterial Other,KINGS,BRIMBANK,-37.7407,144.77979,2019,1,January,16,Afternoon Peak,Weekday
T20190001856,2019-01-15,12:00:00,2,Struck Pedestrian,2,Tuesday,102,FAR SIDE. PED HIT BY VEHICLE FROM THE LEFT,1,50776,Cross intersection,2,50,Local Road,ARTILLERY,WARRNAMBOOL,-38.387337,142.48103,2019,1,January,12,Midday,Weekday
T20190000854,2019-01-15,14:00:00,4,Collision with a fixed object,2,Tuesday,199,UNKNOWN-NO DETAILS ON MANOEUVRES OF ROAD-USERS IN ACCIDENT,1,359146,Not at intersection,2,60,Local Road,PARTRIDGE,WHITTLESEA,-37.663147,145.02089,2019,1,January,14,Midday,Weekday
T20190000853,2019-01-15,15:00:00,2,Struck Pedestrian,2,Tuesday,100,PED NEAR SIDE. PED HIT BY VEHICLE FROM THE RIGHT.,1,590128,Not at intersection,2,60,Arterial Other,MICKLEHAM,HUME,-37.68789,144.88249,2019,1,January,15,Afternoon Peak,Weekday
T20190000852,2019-01-15,14:20:00,1,Collision with vehicle,2,Tuesday,110,CROSS TRAFFIC(INTERSECTIONS ONLY),1,63810,Cross intersection,3,60,Arterial Other,DAREBIN,DAREBIN,-37.76425,145.00876,2019,1,January,14,Midday,Weekday
T20190001795,2019-01-15,07:00:00,2,Struck Pedestrian,2,Tuesday,102,FAR SIDE. PED HIT BY VEHICLE FROM THE LEFT,9,41316,T intersection,3,50,Local Road,BAMBRA,GLEN EIRA,-37.884396,145.02942,2019,1,January,7,Morning Peak,Weekday
T20190001170,2019-01-15,18:20:00,1,Collision with vehicle,2,Tuesday,160,VEHICLE COLLIDES WITH VEHICLE PARKED ON LEFT OF ROAD,1,343311,Not at intersection,2,50,Local Road,LOCH,BOROONDARA,-37.82271,145.06285,2019,1,January,18,Afternoon Peak,Weekday
T20190000839,2019-01-15,10:15:00,1,Collision with vehicle,2,Tuesday,130,REAR END(VEHICLES IN SAME LANE),1,360289,Not at intersection,3,80,Arterial Highway,PRINCES,BAW BAW,-38.203655,146.06659,2019,1,January,10,Midday,Weekday
T20190000851,2019-01-15,15:10:00,1,Collision with vehicle,2,Tuesday,135,LANE CHANGE LEFT (NOT OVERTAKING),1,341431,Not at intersection,2,60,Arterial Other,MIDDLEBOROUGH,WHITEHORSE,-37.83117,145.13617,2019,1,January,15,Afternoon Peak,Weekday
T20190001285,2019-01-15,20:15:00,1,Collision with vehicle,2,Tuesday,110,CROSS TRAFFIC(INTERSECTIONS ONLY),1,42796,Cross intersection,3,60,Arterial Other,WARRIGAL,KINGSTON,-37.987637,145.07033,2019,1,January,20,Night,Weekday
T20190005316,2019-01-15,09:40:00,1,Collision with vehicle,2,Tuesday,130,REAR END(VEHICLES IN SAME LANE),1,343737,Not at intersection,3,60,Arterial Highway,BRIGHTON ROAD SERVICE,PORT PHILLIP,-37.86952,144.98795,2019,1,January,9,Morning Peak,Weekday
T20190000915,2019-01-15,19:04:00,1,Collision with vehicle,2,Tuesday,110,CROSS TRAFFIC(INTERSECTIONS ONLY),1,38534,Cross intersection,2,60,Arterial Other,ANDERSON,BRIMBANK,-37.787975,144.82692,2019,1,January,19,Night,Weekday
T20190000836,2019-01-15,07:15:00,2,Struck Pedestrian,2,Tuesday,102,FAR SIDE. PED HIT BY VEHICLE FROM THE LEFT,1,230261,Not at intersection,2,40,Arterial Other,MURRAY,DAREBIN,-37.737576,145.00002,2019,1,January,7,Morning Peak,Weekday
T20190000844,2019-01-15,06:53:00,1,Collision with vehicle,2,Tuesday,111,RIGHT FAR (INTERSECTIONS ONLY),2,241125,Cross intersection,3,80,Arterial Other,MELTON,MELTON,-37.68317,144.66164,2019,1,January,6,Morning Peak,Weekday