ACCIDENT_NO,ACCIDENT_DATE,ACCIDENT_TIME,ACCIDENT_TYPE,ACCIDENT_TYPE_DESC,DAY_OF_WEEK,DAY_WEEK_DESC,DCA_CODE,DCA_DESC,LIGHT_CONDITION,NODE_ID,ROAD_GEOMETRY_DESC,SEVERITY,SPEED_ZONE,RMA,ROAD_NAME,LGA_NAME,LATITUDE,LONGITUDE,YEAR,MONTH,MONTH_NAME,HOUR,TIME_PERIOD,DAY_TYPE
T20190001338,2019-01-15,14:00:00,1,Collision with vehicle,2,Tuesday,130,REAR END(VEHICLES IN SAME LANE),1,226245,Cross intersection,3,80,Arterial Highway,NEPEAN,BAYSIDE,-37.90637,145.00873,2019,1,January,14,Midday,Weekday
T20190001252,2019-01-15,15:06:00,1,Collision with vehicle,2,Tuesday,111,RIGHT FAR (INTERSECTIONS ONLY),1,38541,T intersection,2,60,Arterial Other,GRIEVE,HOBSONS BAY,-37.827343,144.82898,2019,1,January,15,Afternoon Peak,Weekday
T20190000833,2019-01-15,07:49:00,5,collision with some other object,2,Tuesday,166,STRUCK OBJECT ON CARRIAGEWAY,1,341377,Not at intersection,2,60,Arterial Highway,BELLARINE,GEELONG,-38.26629,144.61836,2019,1,January,7,Morning Peak,Weekday
T20190000827,2019-01-15,08:45:00,1,Collision with vehicle,2,Tuesday,113,RIGHT NEAR (INTERSECTIONS ONLY),1,42207,T intersection,2,50,Local Road,LAWSON,GLEN EIRA,-37.92336,145.05035,2019,1,January,8,Morning Peak,Weekday
T20190002893,2019-01-15,11:15:00,1,Collision with vehicle,2,Tuesday,130,REAR END(VEHICLES IN SAME LANE),1,343103,Not at intersection,3,50,Local Road,VICTORIA,MORNINGTON PENINSULA,-38.308548,145.19049,2019,1,January,11,Midday,Weekday
T20190000822,2019-01-15,01:00:00,4,Collision with a fixed object,2,Tuesday,151,OUT OF CONTROL (OVERTAKING),6,343471,T intersection,2,50,Local Road,MOUNSEY,BRIMBANK,-37.801994,144.81984,2019,1,January,1,Late Night,Weekday
T20190000840,2019-01-15,07:45:00,4,Collision with a fixed object,2,Tuesday,171,LEFT OFF CARRIAGEWAY INTO OBJECT/PARKED VEHICLE,1,341573,Not at intersection,2,100,Arterial Other,MARYBOROUGH-ST ARNAUD,CENTRAL GOLDFIELDS,-36.9927,143.6263,2019,1,January,7,Morning Peak,Weekday
T20190000820,2019-01-15,01:30:00,1,Collision with vehicle,2,Tuesday,111,RIGHT FAR (INTERSECTIONS ONLY),3,360534,T intersection,2,70,Arterial Highway,HIGH,CAMPASPE,-36.137897,144.75052,2019,1,January,1,Late Night,Weekday
T20190001026,2019-01-15,14:00:00,4,Collision with a fixed object,2,Tuesday,171,LEFT OFF CARRIAGEWAY INTO OBJECT/PARKED VEHICLE,1,38455,T intersection,2,50,Local Road,ASHBROOK,YARRA RANGES,-37.76631,145.32652,2019,1,January,14,Midday,Weekday
T20190000857,2019-01-15,08:45:00,1,Collision with vehicle,2,Tuesday,130,REAR END(VEHICLES IN SAME LANE),1,343691,Not at intersection,2,80,Local Road,LOVELY BANKS,GEELONG,-38.068382,144.31071,2019,1,January,8,Morning Peak,Weekday
T20190000847,2019-01-15,14:00:00,5,collision with some other object,2,Tuesday,181,OFF RIGHT BEND INTO OBJECT/PARKED VEHICLE,1,342534,Not at intersection,3,100,Local Road,GEORGES CREEK,TOWONG,-36.11438,147.2354,2019,1,January,14,Midday,Weekday
T20190000858,2019-01-15,13:30:00,1,Collision with vehicle,2,Tuesday,120,HEAD ON (NOT OVERTAKING),1,342027,Not at intersection,2,60,Arterial Other,FITZSIMONS,BANYULE,-37.74087,145.1357,2019,1,January,13,Midday,Weekday
T20190000861,2019-01-15,14:10:00,1,Collision with vehicle,2,Tuesday,113,RIGHT NEAR (INTERSECTIONS ONLY),1,351,T intersection,3,60,Local Road,FOUNDRY,BRIMBANK,-37.779457,144.83304,2019,1,January,14,Midday,Weekday
T20190001016,2019-01-15,15:50:00,1,Collision with vehicle,2,Tuesday,110,CROSS TRAFFIC(INTERSECTIONS ONLY),1,52787,Cross intersection,3,60,Local Road,HOWITT,BALLARAT,-37.543816,143.86111,2019,1,January,15,Afternoon Peak,Weekday
T20190000863,2019-01-15,18:23:00,2,Struck Pedestrian,2,Tuesday,101,PED EMERGES FROM IN FRONT OF PARKED OR STATIONARY VEHICLE,1,341507,Not at intersection,2,40,Local Road,CHAPEL,STONNINGTON,-37.84893,144.9938,2019,1,January,18,Afternoon Peak,Weekday
T20190000864,2019-01-15,18:30:00,1,Collision with vehicle,2,Tuesday,113,RIGHT NEAR (INTERSECTIONS ONLY),1,12521,T intersection,2,60,Freeway,FURLONG-WESTERN RING IN,BRIMBANK,-37.761463,144.82144,2019,1,January,18,Afternoon Peak,Weekday
T20190000865,2019-01-15,17:18:00,4,Collision with a fixed object,2,Tuesday,179,OTHER ACCIDENTS-OFF STRAIGHT NOT INCLUDED IN DCAs 170-175,1,341836,Not at intersection,3,100,Arterial Other,TYLDEN-WOODEND,MACEDON RANGES,-37.33613,144.43742,2019,1,January,17,Afternoon Peak,Weekday
T20190000869,2019-01-15,19:25:00,1,Collision with vehicle,2,Tuesday,121,RIGHT THROUGH,1,42801,Cross intersection,3,60,Arterial Highway,WARRIGAL,KINGSTON,-37.967663,145.07414,2019,1,January,19,Night,Weekday
T20190000870,2019-01-15,19:50:00,1,Collision with vehicle,2,Tuesday,136,RIGHT TURN SIDESWIPE,1,341341,Cross intersection,2,60,Arterial Highway,MONTAGUE,MELBOURNE,-37.825237,144.94797,2019,1,January,19,Night,Weekday
T20190000874,2019-01-15,12:15:00,6,Vehicle overturned (no collision),2,Tuesday,182,OFF CARRIAGEWAY ON LEFT BEND,1,360433,Not at intersection,2,100,Arterial Other,KANIVA-EDENHOPE,WEST WIMMERA,-36.5564,141.23161,2019,1,January,12,Midday,Weekday
T20190000875,2019-01-15,21:06:00,1,Collision with vehicle,2,Tuesday,120,HEAD ON (NOT OVERTAKING),3,344205,Not at intersection,2,50,Local Road,OAK,DAREBIN,-37.73465,145.03116,2019,1,January,21,Night,Weekday
T20190000878,2019-01-15,22:40:00,4,Collision with a fixed object,2,Tuesday,171,LEFT OFF CARRIAGEWAY INTO OBJECT/PARKED VEHICLE,5,360290,Not at intersection,3,100,Arterial Highway,SOUTH GIPPSLAND,CASEY,-38.216576,145.38992,2019,1,January,22,Night,Weekday
T20190000862,2019-01-15,18:50:00,1,Collision with vehicle,2,Tuesday,121,RIGHT THROUGH,1,74274,Cross intersection,3,60,Arterial Other,LEOPOLD,PORT PHILLIP,-37.841393,144.97719,2019,1,January,18,Afternoon Peak,Weekday
T20190000902,2019-01-15,15:00:00,1,Collision with vehicle,2,Tuesday,130,REAR END(VEHICLES IN SAME LANE),1,341336,Not at intersection,2,100,Freeway,PRINCES,CARDINIA,-38.06927,145.38277,2019,1,January,15,Afternoon Peak,Weekday
T20190000907,2019-01-16,12:45:00,1,Collision with vehicle,3,Wednesday,120,HEAD ON (NOT OVERTAKING),1,341450,Not at intersection,2,70,Arterial Other,MOUNTAIN,YARRA RANGES,-37.860687,145.33896,2019,1,January,12,Midday,Weekday
T20190000928,2019-01-16,15:05:00,4,Collision with a fixed object,3,Wednesday,173,RIGHT OFF CARRIAGEWAY INTO OBJECT/PARKED VEHICLE,1,342154,Not at intersection,2,100,Local Road,MT ZERO,NORTHERN GRAMPIANS,-37.04901,142.51093,2019,1,January,15,Afternoon Peak,Weekday
T20190000925,2019-01-16,14:50:00,1,Collision with vehicle,3,Wednesday,130,REAR END(VEHICLES IN SAME LANE),1,342469,Not at intersection,3,80,Arterial Highway,LONSDALE,DANDENONG,-37.99578,145.21841,2019,1,January,14,Midday,Weekday
T20190000923,2019-01-16,13:10:00,4,Collision with a fixed object,3,Wednesday,173,RIGHT OFF CARRIAGEWAY INTO OBJECT/PARKED VEHICLE,1,346605,Not at intersection,2,100,Arterial Highway,SOUTH GIPPSLAND,BASS COAST,-38.309315,145.57608,2019,1,January,13,Midday,Weekday
T20190000917,2019-01-16,10:30:00,1,Collision with vehicle,3,Wednesday,134,LANE CHANGE RIGHT (NOT OVERTAKING),9,341340,Not at intersection,3,50,Local Road,SPRING,MELBOURNE,-37.80894,144.97192,2019,1,January,10,Midday,Weekday
T20190001079,2019-01-16,17:00:00,1,Collision with vehicle,3,Wednesday,130,REAR END(VEHICLES IN SAME LANE),1,342661,Not at intersection,3,60,Arterial Other,MALVERN,STONNINGTON,-37.86993,145.06114,2019,1,January,17,Afternoon Peak,Weekday
T20190000918,2019-01-16,13:18:00,1,Collision with vehicle,3,Wednesday,130,REAR END(VEHICLES IN SAME LANE),1,29396,Cross intersection,3,40,Local Road,EXHIBITION,MELBOURNE,-37.80816,144.96875,2019,1,January,13,Midday,Weekday
T20190000905,2019-01-16,10:45:00,1,Collision with vehicle,3,Wednesday,130,REAR END(VEHICLES IN SAME LANE),1,341753,Not at intersection,3,80,Freeway,WEST GATE,MELBOURNE,-37.82548,144.93909,2019,1,January,10,Midday,Weekday
T20190001022,2019-01-16,12:30:00,1,Collision with vehicle,3,Wednesday,130,REAR END(VEHICLES IN SAME LANE),1,359149,Not at intersection,3,80,Arterial Highway,MAROONDAH,YARRA RANGES,-37.76117,145.31078,2019,1,January,12,Midday,Weekday
T20190001021,2019-01-16,16:15:00,2,Struck Pedestrian,3,Wednesday,108,PED STRUCK WALKING TO/FROM OR BOARDING/ALIGHTING VEHICLE.,1,29495,Cross intersection,3,60,Arterial Other,PLENTY,DAREBIN,-37.74315,145.00812,2019,1,January,16,Afternoon Peak,Weekday
T20190000913,2019-01-16,13:30:00,1,Collision with vehicle,3,Wednesday,132,RIGHT REAR.,1,20860,Cross intersection,3,100,Arterial Other,MONASH,LATROBE,-38.33148,146.35028,2019,1,January,13,Midday,Weekday
T20190001200,2019-01-16,10:45:00,1,Collision with vehicle,3,Wednesday,120,HEAD ON (NOT OVERTAKING),1,341546,Not at intersection,3,80,Arterial Highway,MAROONDAH,YARRA RANGES,-37.597748,145.63464,2019,1,January,10,Midday,Weekday
T20190009236,2019-01-16,10:30:00,1,Collision with vehicle,3,Wednesday,120,HEAD ON (NOT OVERTAKING),1,219816,Not at intersection,3,60,Arterial Other,HEIDELBERG-KINGLAKE,MURRINDINDI,-37.54018,145.33833,2019,1,January,10,Midday,Weekday
T20190000953,2019-01-16,20:50:00,1,Collision with vehicle,3,Wednesday,120,HEAD ON (NOT OVERTAKING),3,341399,Not at intersection,3,70,Arterial Other,GREAVES,CASEY,-38.0568,145.31407,2019,1,January,20,Night,Weekday
T20190000910,2019-01-16,13:51:00,1,Collision with vehicle,3,Wednesday,121,RIGHT THROUGH,1,345579,Cross intersection,2,70,Arterial Other,BLUFF ROAD -CUMMINS,BAYSIDE,-37.93187,145.02573,2019,1,January,13,Midday,Weekday
T20190000954,2019-01-16,17:30:00,4,Collision with a fixed object,3,Wednesday,171,LEFT OFF CARRIAGEWAY INTO OBJECT/PARKED VEHICLE,1,344134,Not at intersection,2,60,Arterial Other,MT ALEXANDER,MOONEE VALLEY,-37.78224,144.93353,2019,1,January,17,Afternoon Peak,Weekday
T20190000971,2019-01-16,18:00:00,1,Collision with vehicle,3,Wednesday,130,REAR END(VEHICLES IN SAME LANE),1,341618,Not at intersection,3,80,Arterial Other,DIAMOND CREEK,NILLUMBIK,-37.68201,145.1205,2019,1,January,18,Afternoon Peak,Weekday
T20190000909,2019-01-16,12:30:00,1,Collision with vehicle,3,Wednesday,121,RIGHT THROUGH,1,341464,T intersection,2,60,Local Road,DHURRINGILE,SHEPPARTON,-36.44249,145.24107,2019,1,January,12,Midday,Weekday
T20190000908,2019-01-16,11:57:00,1,Collision with vehicle,3,Wednesday,121,RIGHT THROUGH,1,241846,T intersection,2,60,Arterial Highway,PLENTY,DAREBIN,-37.7232,145.02954,2019,1,January,11,Midday,Weekday
T20190001463,2019-01-16,09:00:00,1,Collision with vehicle,3,Wednesday,130,REAR END(VEHICLES IN SAME LANE),1,15430,Cross intersection,2,70,Arterial Highway,SURF COAST,GEELONG,-38.182327,144.3449,2019,1,January,9,Morning Peak,Weekday
T20190000959,2019-01-16,16:50:00,1,Collision with vehicle,3,Wednesday,130,REAR END(VEHICLES IN SAME LANE),1,42451,T intersection,3,80,Arterial Highway,DANDENONG,MONASH,-37.92176,145.13911,2019,1,January,16,Afternoon Peak,Weekday
T20190000946,2019-01-16,22:23:00,1,Collision with vehicle,3,Wednesday,160,VEHICLE COLLIDES WITH VEHICLE PARKED ON LEFT OF ROAD,3,343279,Not at intersection,2,70,Arterial Highway,BELLARINE,GEELONG,-38.169216,144.38684,2019,1,January,22,Night,Weekday
T20190001115,2019-01-16,08:30:00,2,Struck Pedestrian,3,Wednesday,100,PED NEAR SIDE. PED HIT BY VEHICLE FROM THE RIGHT.,9,359154,Cross intersection,3,60,Arterial Highway,WARRIGAL,STONNINGTON,-37.89278,145.08826,2019,1,January,8,Morning Peak,Weekday
T20190000943,2019-01-16,21:10:00,2,Struck Pedestrian,3,Wednesday,100,PED NEAR SIDE. PED HIT BY VEHICLE FROM THE RIGHT.,3,341373,T intersection,3,40,Freeway,BATMAN,MELBOURNE,-37.82338,144.97858,2019,1,January,21,Night,Weekday
T20190000942,2019-01-16,20:21:00,2,Struck Pedestrian,3,Wednesday,102,FAR SIDE. PED HIT BY VEHICLE FROM THE LEFT,2,341456,Not at intersection,3,60,Arterial Highway,ABERDEEN,GEELONG,-38.146538,144.34526,2019,1,January,20,Night,Weekday
T20190000939,2019-01-16,18:40:00,1,Collision with vehicle,3,Wednesday,110,CROSS TRAFFIC(INTERSECTIONS ONLY),1,234963,Cross intersection,3,80,Arterial Other,THOMPSONS,CASEY,-38.08313,145.2832,2019,1,January,18,Afternoon Peak,Weekday
T20190000938,2019-01-16,17:50:00,1,Collision with vehicle,3,Wednesday,110,CROSS TRAFFIC(INTERSECTIONS ONLY),1,44420,Cross intersection,3,50,Local Road,MCCOLL,DAREBIN,-37.73159,145.01889,2019,1,January,17,Afternoon Peak,Weekday
T20190000881,2019-01-16,07:45:00,1,Collision with vehicle,3,Wednesday,121,RIGHT THROUGH,1,15470,Cross intersection,2,50,Local Road,BELL,SURF COAST,-38.33787,144.31798,2019,1,January,7,Morning Peak,Weekday
T20190000882,2019-01-16,07:55:00,1,Collision with vehicle,3,Wednesday,135,LANE CHANGE LEFT (NOT OVERTAKING),1,72063,Not at intersection,2,60,Arterial Other,RYRIE,GEELONG,-38.15042,144.36368,2019,1,January,7,Morning Peak,Weekday
T20190000931,2019-01-16,17:50:00,1,Collision with vehicle,3,Wednesday,133,LANE SIDE SWIPE (VEHICLES IN PARALLEL LANES),1,37196,Cross intersection,2,40,Arterial Other,BRIDGE,YARRA,-37.818584,144.99918,2019,1,January,17,Afternoon Peak,Weekday
T20190000886,2019-01-16,08:40:00,1,Collision with vehicle,3,Wednesday,121,RIGHT THROUGH,1,36825,Cross intersection,2,60,Arterial Other,MONTAGUE,PORT PHILLIP,-37.83017,144.9496,2019,1,January,8,Morning Peak,Weekday
T20190000896,2019-01-16,09:35:00,1,Collision with vehicle,3,Wednesday,121,RIGHT THROUGH,1,278428,T intersection,2,70,Arterial Other,PEACE,KINGSTON,-37.956806,145.10692,2019,1,January,9,Morning Peak,Weekday
T20190000899,2019-01-16,09:45:00,6,Vehicle overturned (no collision),3,Wednesday,182,OFF CARRIAGEWAY ON LEFT BEND,1,341684,Not at intersection,3,100,Arterial Other,BALLARAT-MARYBOROUGH,CENTRAL GOLDFIELDS,-37.14758,143.70717,2019,1,January,9,Morning Peak,Weekday
T20190000900,2019-01-16,12:04:00,1,Collision with vehicle,3,Wednesday,171,LEFT OFF CARRIAGEWAY INTO OBJECT/PARKED VEHICLE,1,341439,Not at intersection,3,80,Arterial Highway,NEPEAN,KINGSTON,-37.951733,145.04785,2019,1,January,12,Midday,Weekday
T20190000930,2019-01-16,16:35:00,1,Collision with vehicle,3,Wednesday,130,REAR END(VEHICLES IN SAME LANE),1,342433,Not at intersection,3,80,Arterial Highway,BURWOOD,KNOX,-37.885178,145.28343,2019,1,January,16,Afternoon Peak,Weekday
T20190000903,2019-01-16,11:40:00,2,Struck Pedestrian,3,Wednesday,102,FAR SIDE. PED HIT BY VEHICLE FROM THE LEFT,1,344192,Cross intersection,3,60,Arterial Highway,POINT NEPEAN,MORNINGTON PENINSULA,-38.33881,144.74158,2019,1,January,11,Midday,Weekday
T20190000904,2019-01-16,09:00:00,1,Collision with vehicle,3,Wednesday,130,REAR END(VEHICLES IN SAME LANE),1,341624,T intersection,2,60,Arterial Other,BLACKBURN,WHITEHORSE,-37.84535,145.15443,2019,1,January,9,Morning Peak,Weekday
T20190001005,2019-01-17,19:13:00,4,Collision with a fixed object,4,Thursday,173,RIGHT OFF CARRIAGEWAY INTO OBJECT/PARKED VEHICLE,1,344267,Not at intersection,2,50,Local Road,VINCENT,LATROBE,-38.23511,146.41112,2019,1,January,19,Night,Weekday
T20190000956,2019-01-17,08:55:00,1,Collision with vehicle,4,Thursday,163,VEHICLE STRIKES DOOR OF PARKED/STATIONARY VEHICLE,1,341408,Not at intersection,3,40,Arterial Other,VICTORIA,YARRA,-37.81129,145.00797,2019,1,January,8,Morning Peak,Weekday
T20190000993,2019-01-17,16:15:00,1,Collision with vehicle,4,Thursday,120,HEAD ON (NOT OVERTAKING),1,342070,Multiple intersection,3,60,Local Road,HOWITT,BALLARAT,-37.54468,143.86826,2019,1,January,16,Afternoon Peak,Weekday
T20190000991,2019-01-17,17:43:00,1,Collision with vehicle,4,Thursday,122,LEFT THROUGH,1,343489,Not at intersection,3,60,Arterial Highway,MANNINGHAM,MANNINGHAM,-37.760136,145.08023,2019,1,January,17,Afternoon Peak,Weekday
T20190000990,2019-01-17,15:00:00,1,Collision with vehicle,4,Thursday,110,CROSS TRAFFIC(INTERSECTIONS ONLY),1,41831,Cross intersection,2,60,Arterial Other,WAVERLEY,MONASH,-37.89026,145.17628,2019,1,January,15,Afternoon Peak,Weekday
T20190000989,2019-01-17,17:20:00,1,Collision with vehicle,4,Thursday,113,RIGHT NEAR (INTERSECTIONS ONLY),1,36198,T intersection,3,60,Arterial Other,DUDLEY,MELBOURNE,-37.80848,144.95493,2019,1,January,17,Afternoon Peak,Weekday
T20190017958,2019-01-17,06:00:00,3,Struck animal,4,Thursday,167,STRUCK ANIMAL,5,585896,Not at intersection,3,100,Arterial Highway,SUNRAYSIA,NORTHERN GRAMPIANS,-36.893593,143.34015,2019,1,January,6,Morning Peak,Weekday
T20190001033,2019-01-17,15:30:00,8,No collision and no object struck,4,Thursday,184,OUT OF CONTROL ON CARRIAGEWAY (ON BEND),1,331419,T intersection,3,80,Arterial Other,MOUNT DANDENONG TOURIST,YARRA RANGES,-37.89188,145.3175,2019,1,January,15,Afternoon Peak,Weekday
T20190001004,2019-01-17,18:00:00,1,Collision with vehicle,4,Thursday,121,RIGHT THROUGH,1,40004,Cross intersection,2,60,Arterial Other,DOUGLAS,HOBSONS BAY,-37.84511,144.89229,2019,1,January,18,Afternoon Peak,Weekday
T20190000986,2019-01-17,05:50:00,1,Collision with vehicle,4,Thursday,113,RIGHT NEAR (INTERSECTIONS ONLY),9,52805,T intersection,3,60,Arterial Other,DRUMMOND STREET N-MACARTHUR,BALLARAT,-37.549957,143.84944,2019,1,January,5,Morning Peak,Weekday
T20190001023,2019-01-17,11:30:00,1,Collision with vehicle,4,Thursday,120,HEAD ON (NOT OVERTAKING),1,341544,Not at intersection,2,80,Arterial Highway,MAROONDAH,YARRA RANGES,-37.602386,145.63316,2019,1,January,11,Midday,Weekday
T20190001003,2019-01-17,17:44:00,1,Collision with vehicle,4,Thursday,130,REAR END(VEHICLES IN SAME LANE),1,345216,Not at intersection,3,60,Arterial Other,HUNTINGDALE,MONASH,-37.88435,145.10864,2019,1,January,17,Afternoon Peak,Weekday
T20190001124,2019-01-17,14:25:00,1,Collision with vehicle,4,Thursday,146,REVERSING INTO FIXED OBJECT/PARKED VEHICLE,1,346989,Not at intersection,2,50,Local Road,BYRNES,SWAN HILL,-35.329865,143.54651,2019,1,January,14,Midday,Weekday
T20190001001,2019-01-17,19:48:00,4,Collision with a fixed object,4,Thursday,141,U TURN INTO FIXED OBJECT/PARKED VEHICLE,1,341412,Not at intersection,3,70,Arterial Other,EDGARS,WHITTLESEA,-37.66194,145.00616,2019,1,January,19,Night,Weekday
T20190000996,2019-01-17,16:45:00,4,Collision with a fixed object,4,Thursday,173,RIGHT OFF CARRIAGEWAY INTO OBJECT/PARKED VEHICLE,1,343930,Not at intersection,3,100,Freeway,EASTERN,BOROONDARA,-37.791576,145.0241,2019,1,January,16,Afternoon Peak,Weekday
T20190001017,2019-01-17,13:00:00,4,Collision with a fixed object,4,Thursday,171,LEFT OFF CARRIAGEWAY INTO OBJECT/PARKED VEHICLE,1,341501,Not at intersection,2,60,Arterial Other,SHORT,MITCHELL,-37.20656,145.06033,2019,1,January,13,Midday,Weekday
T20190000995,2019-01-17,17:50:00,1,Collision with vehicle,4,Thursday,130,REAR END(VEHICLES IN SAME LANE),1,44219,Cross intersection,2,60,Arterial Other,EPPING ROAD -HIGH,WHITTLESEA,-37.63768,145.02637,2019,1,January,17,Afternoon Peak,Weekday
T20190000988,2019-01-17,15:06:00,8,No collision and no object struck,4,Thursday,174,OUT OF CONTROL ON CARRIAGEWAY (ON STRAIGHT),1,341438,Not at intersection,2,80,Freeway,WEST GATE IN-KINGS,MELBOURNE,-37.826885,144.9626,2019,1,January,15,Afternoon Peak,Weekday
T20190000975,2019-01-17,13:42:00,1,Collision with vehicle,4,Thursday,120,HEAD ON (NOT OVERTAKING),1,342071,Not at intersection,2,80,Arterial Other,BANNOCKBURN-SHELFORD,GOLDEN PLAINS,-38.04931,144.14983,2019,1,January,13,Midday,Weekday
T20190000974,2019-01-17,09:00:00,1,Collision with vehicle,4,Thursday,160,VEHICLE COLLIDES WITH VEHICLE PARKED ON LEFT OF ROAD,1,344157,T intersection,2,50,Local Road,HAYFIELD,HUME,-37.613243,144.92621,2019,1,January,9,Morning Peak,Weekday
T20190000973,2019-01-17,06:50:00,1,Collision with vehicle,4,Thursday,140,U TURN,1,341600,Not at intersection,2,60,Arterial Other,MELBOURNE,HOBSONS BAY,-37.852882,144.89017,2019,1,January,6,Morning Peak,Weekday
T20190000972,2019-01-17,12:00:00,1,Collision with vehicle,4,Thursday,121,RIGHT THROUGH,1,341428,T intersection,2,60,Arterial Other,EDGARS,WHITTLESEA,-37.687637,145.00235,2019,1,January,12,Midday,Weekday
T20200012822,2019-01-17,12:30:00,2,Struck Pedestrian,4,Thursday,194,PARKED CAR RUN AWAY,1,659241,Not at intersection,3,40,Local Road,MOORABOOL,GEELONG,-38.148872,144.36002,2019,1,January,12,Midday,Weekday
T20190001010,2019-01-17,17:20:00,1,Collision with vehicle,4,Thursday,129,OTHER OPPOSING MANOEUVRES NOT INCLUDED IN DCAs 120-125.,1,341422,Not at intersection,3,50,Local Road,MULLER,WHITTLESEA,-37.63056,145.01213,2019,1,January,17,Afternoon Peak,Weekday
T20190000970,2019-01-17,12:20:00,1,Collision with vehicle,4,Thursday,120,HEAD ON (NOT OVERTAKING),1,342895,Not at intersection,3,100,Arterial Other,HEALESVILLE-KINGLAKE,MURRINDINDI,-37.53768,145.3875,2019,1,January,12,Midday,Weekday
T20190001061,2019-01-17,18:40:00,1,Collision with vehicle,4,Thursday,130,REAR END(VEHICLES IN SAME LANE),1,341437,Not at intersection,2,70,Arterial Other,MAIN HURSTBRIDGE,NILLUMBIK,-37.669403,145.1738,2019,1,January,18,Afternoon Peak,Weekday
T20190001060,2019-01-17,07:27:00,1,Collision with vehicle,4,Thursday,139,OTHER SAME DIRECTION-MANOUEVRES NOT INCLUDED IN DCAs 130-137,1,340540,Cross intersection,3,80,Arterial Other,BALLARAT,BRIMBANK,-37.776966,144.82874,2019,1,January,7,Morning Peak,Weekday
T20190001499,2019-01-17,14:50:00,1,Collision with vehicle,4,Thursday,130,REAR END(VEHICLES IN SAME LANE),1,46908,T intersection,3,70,Arterial Other,BALLARAT,BRIMBANK,-37.77733,144.83069,2019,1,January,14,Midday,Weekday
T20190000948,2019-01-17,06:20:00,4,Collision with a fixed object,4,Thursday,181,OFF RIGHT BEND INTO OBJECT/PARKED VEHICLE,1,344191,Not at intersection,2,60,Local Road,GRANITE,GEELONG,-37.893265,144.38156,2019,1,January,6,Morning Peak,Weekday
T20190000960,2019-01-17,06:02:00,1,Collision with vehicle,4,Thursday,121,RIGHT THROUGH,1,1188,Cross intersection,2,60,Arterial Highway,ALBERT,DAREBIN,-37.740128,145.02336,2019,1,January,6,Morning Peak,Weekday
T20190000951,2019-01-17,08:28:00,1,Collision with vehicle,4,Thursday,151,OUT OF CONTROL (OVERTAKING),1,341631,Not at intersection,2,50,Arterial Other,ROYAL PARADE SERVICE,MELBOURNE,-37.79385,144.95845,2019,1,January,8,Morning Peak,Weekday
T20190000944,2019-01-17,00:45:00,1,Collision with vehicle,4,Thursday,130,REAR END(VEHICLES IN SAME LANE),3,44219,Cross intersection,3,40,Arterial Other,EPPING ROAD -HIGH,WHITTLESEA,-37.63768,145.02637,2019,1,January,0,Late Night,Weekday
T20190000957,2019-01-17,06:50:00,1,Collision with vehicle,4,Thursday,121,RIGHT THROUGH,2,342198,Cross intersection,2,60,Arterial Other,BURKE,BOROONDARA,-37.843033,145.05449,2019,1,January,6,Morning Peak,Weekday
T20190001034,2019-01-17,12:40:00,1,Collision with vehicle,4,Thursday,162,ACCIDENT OR BROKEN DOWN,1,343351,Not at intersection,2,100,Freeway,PRINCES,WYNDHAM,-37.95589,144.58023,2019,1,January,12,Midday,Weekday
T20190001037,2019-01-17,15:00:00,1,Collision with vehicle,4,Thursday,110,CROSS TRAFFIC(INTERSECTIONS ONLY),1,50843,Cross intersection,2,100,Local Road,NARING,MOIRA,-36.069107,145.45047,2019,1,January,15,Afternoon Peak,Weekday
T20190001041,2019-01-18,10:00:00,1,Collision with vehicle,5,Friday,121,RIGHT THROUGH,1,46621,T intersection,2,60,Arterial Highway,WURUNDJERI,MELBOURNE,-37.821846,144.9522,2019,1,January,10,Midday,Weekday
T20190001054,2019-01-18,13:15:00,1,Collision with vehicle,5,Friday,111,RIGHT FAR (INTERSECTIONS ONLY),1,52608,T intersection,3,40,Local Road,BAILLIE,HORSHAM,-36.71175,142.19568,2019,1,January,13,Midday,Weekday
T20190001071,2019-01-18,18:00:00,6,Vehicle overturned (no collision),5,Friday,182,OFF CARRIAGEWAY ON LEFT BEND,1,341444,Not at intersection,3,80,Local Road,OSTLERS,EAST GIPPSLAND,-37.86104,147.99368,2019,1,January,18,Afternoon Peak,Weekday
T20190001043,2019-01-18,11:50:00,1,Collision with vehicle,5,Friday,130,REAR END(VEHICLES IN SAME LANE),1,341421,Not at intersection,2,50,Local Road,TAYLORS,MELTON,-37.725502,144.76355,2019,1,January,11,Midday,Weekday
T20190001106,2019-01-18,16:45:00,1,Collision with vehicle,5,Friday,130,REAR END(VEHICLES IN SAME LANE),1,341530,Not at intersection,3,40,Freeway,PRINCES,HOBSONS BAY,-37.828304,144.81764,2019,1,January,16,Afternoon Peak,Weekday
T20190001046,2019-01-18,12:05:00,6,Vehicle overturned (no collision),5,Friday,174,OUT OF CONTROL ON CARRIAGEWAY (ON STRAIGHT),1,341452,Not at intersection,2,60,Local Road,GLEN HUNTLY,GLEN EIRA,-37.88679,145.0211,2019,1,January,12,Midday,Weekday
T20190001066,2019-01-18,16:05:00,1,Collision with vehicle,5,Friday,110,CROSS TRAFFIC(INTERSECTIONS ONLY),1,19412,Cross intersection,2,100,Arterial Highway,NORTHERN,CAMPASPE,-36.720512,144.68274,2019,1,January,16,Afternoon Peak,Weekday