ACCIDENT_NO,ACCIDENT_DATE,ACCIDENT_TIME,ACCIDENT_TYPE,ACCIDENT_TYPE_DESC,DAY_OF_WEEK,DAY_WEEK_DESC,DCA_CODE,DCA_DESC,LIGHT_CONDITION,NODE_ID,ROAD_GEOMETRY_DESC,SEVERITY,SPEED_ZONE,RMA,ROAD_NAME,LGA_NAME,LATITUDE,LONGITUDE,YEAR,MONTH,MONTH_NAME,HOUR,TIME_PERIOD,DAY_TYPE
T20190001065,2019-01-18,13:40:00,1,Collision with vehicle,5,Friday,136,RIGHT TURN SIDESWIPE,1,341549,Cross intersection,2,100,Local Road,MILL,SOUTHERN GRAMPIANS,-37.664783,142.23013,2019,1,January,13,Midday,Weekday
T20190001074,2019-01-18,18:23:00,1,Collision with vehicle,5,Friday,110,CROSS TRAFFIC(INTERSECTIONS ONLY),1,53078,Cross intersection,2,50,Local Road,LEOPOLD,BALLARAT,-37.55886,143.81688,2019,1,January,18,Afternoon Peak,Weekday
T20190001018,2019-01-18,06:45:00,1,Collision with vehicle,5,Friday,130,REAR END(VEHICLES IN SAME LANE),1,343817,Not at intersection,3,100,Freeway,MORNINGTON PENINSULA,KINGSTON,-38.0312,145.13672,2019,1,January,6,Morning Peak,Weekday
T20190001051,2019-01-18,13:55:00,1,Collision with vehicle,5,Friday,130,REAR END(VEHICLES IN SAME LANE),1,44753,T intersection,3,40,Arterial Other,GRIMSHAW,BANYULE,-37.704887,145.1053,2019,1,January,13,Midday,Weekday
T20190001290,2019-01-18,18:30:00,1,Collision with vehicle,5,Friday,163,VEHICLE STRIKES DOOR OF PARKED/STATIONARY VEHICLE,1,345696,T intersection,2,60,Local Road,COLLINS,MELBOURNE,-37.814445,144.97011,2019,1,January,18,Afternoon Peak,Weekday
T20190003994,2019-01-18,17:00:00,7,Fall from or in moving vehicle,5,Friday,190,FELL IN/FROM VEHICLE,1,343127,Not at intersection,3,100,Local Road,RAWES,INDIGO,-36.35854,146.75354,2019,1,January,17,Afternoon Peak,Weekday
T20190002440,2019-01-18,14:00:00,4,Collision with a fixed object,5,Friday,173,RIGHT OFF CARRIAGEWAY INTO OBJECT/PARKED VEHICLE,1,579927,Not at intersection,2,100,Freeway,EASTLINK,KNOX,-37.891373,145.21497,2019,1,January,14,Midday,Weekday
T20190001058,2019-01-18,10:40:00,1,Collision with vehicle,5,Friday,121,RIGHT THROUGH,1,341446,T intersection,2,50,Local Road,WHITES,MONASH,-37.899334,145.17311,2019,1,January,10,Midday,Weekday
T20190001082,2019-01-18,17:50:00,4,Collision with a fixed object,5,Friday,181,OFF RIGHT BEND INTO OBJECT/PARKED VEHICLE,1,341872,Not at intersection,2,100,Local Road,LOGAN-KINGOWER,LODDON,-36.60849,143.5893,2019,1,January,17,Afternoon Peak,Weekday
T20190001083,2019-01-18,05:10:00,1,Collision with vehicle,5,Friday,160,VEHICLE COLLIDES WITH VEHICLE PARKED ON LEFT OF ROAD,3,342763,Not at intersection,2,60,Arterial Other,SWAN,YARRA,-37.82727,145.01237,2019,1,January,5,Morning Peak,Weekday
T20190001135,2019-01-18,12:56:00,1,Collision with vehicle,5,Friday,120,HEAD ON (NOT OVERTAKING),1,342039,Not at intersection,2,80,Arterial Highway,MIDLAND,HEPBURN,-37.35026,144.11563,2019,1,January,12,Midday,Weekday
T20190001845,2019-01-18,10:08:00,1,Collision with vehicle,5,Friday,121,RIGHT THROUGH,1,36813,Cross intersection,3,60,Arterial Other,NORMANBY,PORT PHILLIP,-37.828957,144.94844,2019,1,January,10,Midday,Weekday
T20190001035,2019-01-18,09:20:00,1,Collision with vehicle,5,Friday,130,REAR END(VEHICLES IN SAME LANE),1,345972,Cross intersection,2,80,Local Road,PATTERSONS,CASEY,-38.119923,145.33714,2019,1,January,9,Morning Peak,Weekday
T20190001057,2019-01-18,14:00:00,6,Vehicle overturned (no collision),5,Friday,174,OUT OF CONTROL ON CARRIAGEWAY (ON STRAIGHT),1,360431,Multiple intersection,3,40,Local Road,ELIZABETH,MELBOURNE,-37.81017,144.96129,2019,1,January,14,Midday,Weekday
T20190001939,2019-01-18,15:25:00,1,Collision with vehicle,5,Friday,121,RIGHT THROUGH,1,36819,Cross intersection,3,60,Arterial Other,SPENCER,MELBOURNE,-37.811047,144.95044,2019,1,January,15,Afternoon Peak,Weekday
T20190001552,2019-01-18,14:30:00,1,Collision with vehicle,5,Friday,160,VEHICLE COLLIDES WITH VEHICLE PARKED ON LEFT OF ROAD,1,343244,Not at intersection,2,60,Arterial Other,MALVERN,STONNINGTON,-37.85175,145.03094,2019,1,January,14,Midday,Weekday
T20190001025,2019-01-18,09:00:00,1,Collision with vehicle,5,Friday,110,CROSS TRAFFIC(INTERSECTIONS ONLY),1,52677,Cross intersection,3,60,Local Road,NAPIER,NORTHERN GRAMPIANS,-37.060825,142.77742,2019,1,January,9,Morning Peak,Weekday
T20190001053,2019-01-18,11:41:00,4,Collision with a fixed object,5,Friday,173,RIGHT OFF CARRIAGEWAY INTO OBJECT/PARKED VEHICLE,1,38388,T intersection,3,70,Arterial Other,REYNOLDS,MANNINGHAM,-37.765285,145.18231,2019,1,January,11,Midday,Weekday
T20190001038,2019-01-18,09:31:00,4,Collision with a fixed object,5,Friday,171,LEFT OFF CARRIAGEWAY INTO OBJECT/PARKED VEHICLE,1,359150,Not at intersection,3,100,Freeway,EASTERN,BOROONDARA,-37.79067,145.0369,2019,1,January,9,Morning Peak,Weekday
T20190001039,2019-01-18,11:26:00,6,Vehicle overturned (no collision),5,Friday,151,OUT OF CONTROL (OVERTAKING),1,341455,Not at intersection,3,60,Local Road,BAILEY,CARDINIA,-37.93664,145.47568,2019,1,January,11,Midday,Weekday
T20190001040,2019-01-18,12:05:00,1,Collision with vehicle,5,Friday,147,VEHICLE STRIKES ANOTHER VEH WHILE EMERGING FROM DRIVEWAY,1,359307,Not at intersection,3,60,Local Road,VICTORIA,GEELONG,-38.122334,144.34598,2019,1,January,12,Midday,Weekday
T20190001020,2019-01-18,08:22:00,1,Collision with vehicle,5,Friday,110,CROSS TRAFFIC(INTERSECTIONS ONLY),1,341528,Cross intersection,2,60,Arterial Other,PEEL,MELBOURNE,-37.803818,144.95651,2019,1,January,8,Morning Peak,Weekday
T20190001174,2019-01-19,22:00:00,4,Collision with a fixed object,6,Saturday,181,OFF RIGHT BEND INTO OBJECT/PARKED VEHICLE,5,344373,Not at intersection,2,80,Local Road,SUGARLOAF CREEK,MITCHELL,-37.19059,145.03893,2019,1,January,22,Night,Weekend
T20190001183,2019-01-19,18:20:00,1,Collision with vehicle,6,Saturday,130,REAR END(VEHICLES IN SAME LANE),1,341524,Not at intersection,3,80,Freeway,WEST GATE,MELBOURNE,-37.827816,144.95409,2019,1,January,18,Afternoon Peak,Weekend
T20190001580,2019-01-19,13:00:00,6,Vehicle overturned (no collision),6,Saturday,180,OFF CARRIAGEWAY ON RIGHT BEND,1,341612,Not at intersection,2,100,Local Road,LIMESTONE,EAST GIPPSLAND,-37.00916,148.26959,2019,1,January,13,Midday,Weekend
T20190001165,2019-01-19,10:00:00,6,Vehicle overturned (no collision),6,Saturday,180,OFF CARRIAGEWAY ON RIGHT BEND,1,342740,Not at intersection,3,100,Local Road,ETHELL,BENALLA,-36.738865,145.93512,2019,1,January,10,Midday,Weekend
T20190001089,2019-01-19,00:57:00,4,Collision with a fixed object,6,Saturday,171,LEFT OFF CARRIAGEWAY INTO OBJECT/PARKED VEHICLE,3,341481,Not at intersection,3,40,Arterial Other,SYDNEY,MORELAND,-37.75739,144.96378,2019,1,January,0,Late Night,Weekend
T20190001090,2019-01-19,02:30:00,1,Collision with vehicle,6,Saturday,130,REAR END(VEHICLES IN SAME LANE),3,42451,T intersection,3,80,Arterial Highway,DANDENONG,MONASH,-37.92176,145.13911,2019,1,January,2,Late Night,Weekend
T20190001091,2019-01-19,00:25:00,4,Collision with a fixed object,6,Saturday,171,LEFT OFF CARRIAGEWAY INTO OBJECT/PARKED VEHICLE,5,342106,Not at intersection,2,70,Arterial Other,BELGRAVE-HALLAM,YARRA RANGES,-37.965694,145.32437,2019,1,January,0,Late Night,Weekend
T20190001093,2019-01-19,04:30:00,4,Collision with a fixed object,6,Saturday,171,LEFT OFF CARRIAGEWAY INTO OBJECT/PARKED VEHICLE,5,359152,Not at intersection,2,80,Local Road,GRANITE,GEELONG,-37.88816,144.34448,2019,1,January,4,Late Night,Weekend
T20190001095,2019-01-19,00:39:00,4,Collision with a fixed object,6,Saturday,151,OUT OF CONTROL (OVERTAKING),3,35431,Cross intersection,2,40,Arterial Highway,MAROONDAH,MAROONDAH,-37.770824,145.295,2019,1,January,0,Late Night,Weekend
T20190001217,2019-01-19,18:52:00,1,Collision with vehicle,6,Saturday,140,U TURN,1,342758,Not at intersection,3,50,Arterial Other,GAFFNEY,MORELAND,-37.732365,144.94644,2019,1,January,18,Afternoon Peak,Weekend
T20190001205,2019-01-19,19:30:00,1,Collision with vehicle,6,Saturday,121,RIGHT THROUGH,1,54385,T intersection,3,60,Arterial Other,GILLIES,BALLARAT,-37.544582,143.8212,2019,1,January,19,Night,Weekend
T20190001097,2019-01-19,04:50:00,4,Collision with a fixed object,6,Saturday,171,LEFT OFF CARRIAGEWAY INTO OBJECT/PARKED VEHICLE,3,341561,Not at intersection,3,70,Local Road,ERNST WANKE,CASEY,-37.99699,145.315,2019,1,January,4,Late Night,Weekend
T20190001098,2019-01-19,07:40:00,4,Collision with a fixed object,6,Saturday,171,LEFT OFF CARRIAGEWAY INTO OBJECT/PARKED VEHICLE,1,341512,Not at intersection,3,60,Arterial Other,PASCOE VALE,HUME,-37.68695,144.91667,2019,1,January,7,Morning Peak,Weekend
T20190001105,2019-01-19,09:55:00,4,Collision with a fixed object,6,Saturday,171,LEFT OFF CARRIAGEWAY INTO OBJECT/PARKED VEHICLE,1,342583,Not at intersection,2,100,Arterial Other,GISBORNE,MOORABOOL,-37.5876,144.45949,2019,1,January,9,Morning Peak,Weekend
T20190001109,2019-01-19,09:55:00,1,Collision with vehicle,6,Saturday,130,REAR END(VEHICLES IN SAME LANE),1,341527,Not at intersection,3,60,Arterial Other,ROYAL,MELBOURNE,-37.78749,144.95906,2019,1,January,9,Morning Peak,Weekend
T20190001110,2019-01-19,10:58:00,1,Collision with vehicle,6,Saturday,132,RIGHT REAR.,1,73710,T intersection,3,60,Local Road,DUNDAS,MORNINGTON PENINSULA,-38.379826,144.81676,2019,1,January,10,Midday,Weekend
T20190001114,2019-01-19,10:30:00,1,Collision with vehicle,6,Saturday,130,REAR END(VEHICLES IN SAME LANE),1,591735,Not at intersection,2,40,Arterial Other,SPRING STREET SERVICE,DAREBIN,-37.715717,145.00696,2019,1,January,10,Midday,Weekend
T20190001116,2019-01-19,11:40:00,1,Collision with vehicle,6,Saturday,111,RIGHT FAR (INTERSECTIONS ONLY),1,342196,T intersection,3,60,Arterial Other,WAVERLEY,MONASH,-37.88067,145.09303,2019,1,January,11,Midday,Weekend
T20190001118,2019-01-19,12:07:00,1,Collision with vehicle,6,Saturday,120,HEAD ON (NOT OVERTAKING),1,342435,Not at intersection,2,80,Arterial Other,WELLINGTON,YARRA RANGES,-37.951874,145.341,2019,1,January,12,Midday,Weekend
T20190001119,2019-01-19,11:50:00,1,Collision with vehicle,6,Saturday,113,RIGHT NEAR (INTERSECTIONS ONLY),1,51145,T intersection,2,60,Arterial Highway,GOULBURN VALLEY,SHEPPARTON,-36.41375,145.39246,2019,1,January,11,Midday,Weekend
T20190001120,2019-01-19,13:04:00,1,Collision with vehicle,6,Saturday,121,RIGHT THROUGH,1,1147,T intersection,3,80,Arterial Other,ARTHURS SEAT ROAD -WHITE HILL,MORNINGTON PENINSULA,-38.36937,145.00508,2019,1,January,13,Midday,Weekend
T20190001123,2019-01-19,15:10:00,1,Collision with vehicle,6,Saturday,160,VEHICLE COLLIDES WITH VEHICLE PARKED ON LEFT OF ROAD,1,90723,Not at intersection,2,60,Local Road,MATTHEWS,MOONEE VALLEY,-37.733467,144.88948,2019,1,January,15,Afternoon Peak,Weekend
T20190001127,2019-01-19,16:50:00,4,Collision with a fixed object,6,Saturday,151,OUT OF CONTROL (OVERTAKING),1,341957,Not at intersection,2,100,Arterial Other,BONEO,MORNINGTON PENINSULA,-38.45765,144.9016,2019,1,January,16,Afternoon Peak,Weekend
T20190001128,2019-01-19,03:40:00,1,Collision with vehicle,6,Saturday,131,LEFT REAR,9,65115,T intersection,2,60,Arterial Other,WARRANDYTE,MAROONDAH,-37.79636,145.2351,2019,1,January,3,Late Night,Weekend
T20190001132,2019-01-19,16:25:00,1,Collision with vehicle,6,Saturday,136,RIGHT TURN SIDESWIPE,1,341445,Not at intersection,2,80,Local Road,MANKS,CARDINIA,-38.175995,145.42415,2019,1,January,16,Afternoon Peak,Weekend
T20190001134,2019-01-19,11:30:00,1,Collision with vehicle,6,Saturday,130,REAR END(VEHICLES IN SAME LANE),1,341517,Not at intersection,3,50,Local Road,CHAPEL,PORT PHILLIP,-37.86572,144.99083,2019,1,January,11,Midday,Weekend
T20190001136,2019-01-19,15:30:00,4,Collision with a fixed object,6,Saturday,151,OUT OF CONTROL (OVERTAKING),1,341477,Not at intersection,3,50,Local Road,CEDAR,WHITTLESEA,-37.68,145.01982,2019,1,January,15,Afternoon Peak,Weekend
T20190001137,2019-01-19,18:58:00,1,Collision with vehicle,6,Saturday,121,RIGHT THROUGH,1,43641,T intersection,3,80,Arterial Other,CLYDE,CASEY,-38.050674,145.34024,2019,1,January,18,Afternoon Peak,Weekend
T20190001142,2019-01-19,19:05:00,1,Collision with vehicle,6,Saturday,113,RIGHT NEAR (INTERSECTIONS ONLY),1,345906,T intersection,2,70,Local Road,STEVENS,WHITEHORSE,-37.83627,145.18518,2019,1,January,19,Night,Weekend
T20190001144,2019-01-19,21:06:00,4,Collision with a fixed object,6,Saturday,171,LEFT OFF CARRIAGEWAY INTO OBJECT/PARKED VEHICLE,3,37894,Cross intersection,3,50,Arterial Highway,ST GEORGES,DAREBIN,-37.749374,144.99576,2019,1,January,21,Night,Weekend
T20190001145,2019-01-19,15:10:00,1,Collision with vehicle,6,Saturday,110,CROSS TRAFFIC(INTERSECTIONS ONLY),1,37972,Cross intersection,2,50,Local Road,DUNDAS,DAREBIN,-37.75283,145.0064,2019,1,January,15,Afternoon Peak,Weekend
T20190001146,2019-01-19,22:15:00,4,Collision with a fixed object,6,Saturday,173,RIGHT OFF CARRIAGEWAY INTO OBJECT/PARKED VEHICLE,5,342619,Not at intersection,2,100,Local Road,STICKLAND,GOLDEN PLAINS,-37.701427,143.66306,2019,1,January,22,Night,Weekend
T20190001158,2019-01-20,11:17:00,4,Collision with a fixed object,7,Sunday,171,LEFT OFF CARRIAGEWAY INTO OBJECT/PARKED VEHICLE,1,341461,Not at intersection,2,100,Freeway,CALDER,HUME,-37.620228,144.7149,2019,1,January,11,Midday,Weekend
T20190001191,2019-01-20,21:58:00,1,Collision with vehicle,7,Sunday,121,RIGHT THROUGH,3,35723,Cross intersection,3,70,Freeway,EASTERN OUT-DONCASTER,MANNINGHAM,-37.788414,145.10425,2019,1,January,21,Night,Weekend
T20190001167,2019-01-20,12:28:00,2,Struck Pedestrian,7,Sunday,102,FAR SIDE. PED HIT BY VEHICLE FROM THE LEFT,1,341534,Not at intersection,3,60,Arterial Other,HEATHS,WYNDHAM,-37.877476,144.68144,2019,1,January,12,Midday,Weekend
T20190001163,2019-01-20,08:49:00,2,Struck Pedestrian,7,Sunday,104,PED WALKING WITH TRAFFIC,1,73752,T intersection,2,80,Local Road,DUNDAS,MORNINGTON PENINSULA,-38.389397,144.81738,2019,1,January,8,Morning Peak,Weekend
T20190001186,2019-01-20,18:41:00,1,Collision with vehicle,7,Sunday,130,REAR END(VEHICLES IN SAME LANE),1,341540,Not at intersection,2,100,Freeway,PRINCES,GEELONG,-37.985897,144.52548,2019,1,January,18,Afternoon Peak,Weekend
T20190001189,2019-01-20,16:50:00,1,Collision with vehicle,7,Sunday,130,REAR END(VEHICLES IN SAME LANE),1,250606,Not at intersection,2,80,Arterial Other,CANTERBURY,MAROONDAH,-37.827953,145.2818,2019,1,January,16,Afternoon Peak,Weekend
T20190001164,2019-01-20,09:30:00,1,Collision with vehicle,7,Sunday,110,CROSS TRAFFIC(INTERSECTIONS ONLY),1,43872,Cross intersection,2,100,Arterial Highway,DANDENONG-HASTINGS,CASEY,-38.13388,145.22847,2019,1,January,9,Morning Peak,Weekend
T20190001180,2019-01-20,16:48:00,1,Collision with vehicle,7,Sunday,189,OTHER ACCIDENTS ON CURVE NOT INCLUDED IN DCAs 180-184,1,342981,Not at intersection,2,100,Local Road,WY YUNG-CALULU,EAST GIPPSLAND,-37.780888,147.48859,2019,1,January,16,Afternoon Peak,Weekend
T20190001188,2019-01-20,20:32:00,1,Collision with vehicle,7,Sunday,110,CROSS TRAFFIC(INTERSECTIONS ONLY),1,221459,Cross intersection,3,70,Arterial Other,SYDNEY,HUME,-37.689503,144.95824,2019,1,January,20,Night,Weekend
T20190001185,2019-01-20,19:33:00,1,Collision with vehicle,7,Sunday,130,REAR END(VEHICLES IN SAME LANE),1,590230,Not at intersection,3,80,Freeway,WEST GATE,HOBSONS BAY,-37.82572,144.83014,2019,1,January,19,Night,Weekend
T20190001237,2019-01-20,08:30:00,1,Collision with vehicle,7,Sunday,116,LEFT NEAR (INTERSECTIONS ONLY),1,44520,Multiple intersection,3,60,Arterial Other,PLENTY,WHITTLESEA,-37.586998,145.10326,2019,1,January,8,Morning Peak,Weekend
T20190001157,2019-01-20,12:00:00,2,Struck Pedestrian,7,Sunday,101,PED EMERGES FROM IN FRONT OF PARKED OR STATIONARY VEHICLE,1,342616,Not at intersection,2,50,Local Road,STEVENS,QUEENSCLIFFE,-38.2686,144.65558,2019,1,January,12,Midday,Weekend
T20190001178,2019-01-20,15:45:00,1,Collision with vehicle,7,Sunday,120,HEAD ON (NOT OVERTAKING),1,341930,Not at intersection,2,80,Arterial Other,BELGRAVE-HALLAM,YARRA RANGES,-37.96345,145.34161,2019,1,January,15,Afternoon Peak,Weekend
T20190004190,2019-01-20,10:15:00,1,Collision with vehicle,7,Sunday,163,VEHICLE STRIKES DOOR OF PARKED/STATIONARY VEHICLE,1,343833,Not at intersection,3,50,Arterial Other,BAY,PORT PHILLIP,-37.83934,144.94165,2019,1,January,10,Midday,Weekend
T20190001173,2019-01-20,15:41:00,1,Collision with vehicle,7,Sunday,120,HEAD ON (NOT OVERTAKING),1,341890,Not at intersection,2,100,Arterial Other,GEMBROOK-LAUNCHING PLACE,CARDINIA,-37.91998,145.56386,2019,1,January,15,Afternoon Peak,Weekend
T20190001184,2019-01-20,16:39:00,8,No collision and no object struck,7,Sunday,189,OTHER ACCIDENTS ON CURVE NOT INCLUDED IN DCAs 180-184,1,579659,Not at intersection,2,100,Local Road,KINGLAKE-GLENBURN,MURRINDINDI,-37.498226,145.37779,2019,1,January,16,Afternoon Peak,Weekend
T20190001182,2019-01-20,15:55:00,2,Struck Pedestrian,7,Sunday,102,FAR SIDE. PED HIT BY VEHICLE FROM THE LEFT,1,43549,T intersection,3,80,Arterial Other,CRANBOURNE-FRANKSTON,FRANKSTON,-38.15426,145.18459,2019,1,January,15,Afternoon Peak,Weekend
T20190001160,2019-01-20,11:44:00,4,Collision with a fixed object,7,Sunday,151,OUT OF CONTROL (OVERTAKING),1,341525,Not at intersection,3,50,Local Road,ELGIN,MELBOURNE,-37.79751,144.97075,2019,1,January,11,Midday,Weekend
T20190001177,2019-01-20,14:00:00,2,Struck Pedestrian,7,Sunday,100,PED NEAR SIDE. PED HIT BY VEHICLE FROM THE RIGHT.,1,10596,Cross intersection,2,60,Arterial Other,GLENROY,MORELAND,-37.706276,144.91614,2019,1,January,14,Midday,Weekend
T20190001190,2019-01-20,16:30:00,1,Collision with vehicle,7,Sunday,130,REAR END(VEHICLES IN SAME LANE),1,254881,Not at intersection,2,80,Freeway,WEST GATE,MELBOURNE,-37.826633,144.94966,2019,1,January,16,Afternoon Peak,Weekend
T20190001196,2019-01-20,21:30:00,1,Collision with vehicle,7,Sunday,120,HEAD ON (NOT OVERTAKING),5,341344,Not at intersection,1,100,Arterial Highway,PRINCES,GLENELG,-38.24868,141.74467,2019,1,January,21,Night,Weekend
T20190001195,2019-01-20,23:25:00,4,Collision with a fixed object,7,Sunday,183,OFF LEFT BEND INTO OBJECT/PARKED VEHICLE,3,341596,Not at intersection,2,80,Freeway,WEST GATE IN-POWER,MELBOURNE,-37.82648,144.96461,2019,1,January,23,Night,Weekend
T20190001193,2019-01-20,23:00:00,1,Collision with vehicle,7,Sunday,110,CROSS TRAFFIC(INTERSECTIONS ONLY),3,341595,Cross intersection,3,50,Local Road,BIZANA,MARIBYRNONG,-37.80162,144.86499,2019,1,January,23,Night,Weekend
T20190001192,2019-01-20,21:10:00,5,collision with some other object,7,Sunday,166,STRUCK OBJECT ON CARRIAGEWAY,4,341474,Not at intersection,2,50,Local Road,ALBERT,STONNINGTON,-37.85548,144.98763,2019,1,January,21,Night,Weekend
T20190001172,2019-01-20,15:40:00,1,Collision with vehicle,7,Sunday,134,LANE CHANGE RIGHT (NOT OVERTAKING),1,341535,Not at intersection,3,100,Freeway,PRINCES,HOBSONS BAY,-37.83913,144.79721,2019,1,January,15,Afternoon Peak,Weekend
T20190001152,2019-01-20,04:14:00,4,Collision with a fixed object,7,Sunday,173,RIGHT OFF CARRIAGEWAY INTO OBJECT/PARKED VEHICLE,6,359151,Not at intersection,3,70,Arterial Other,GREEN GULLY,BRIMBANK,-37.72574,144.8255,2019,1,January,4,Late Night,Weekend
T20190001151,2019-01-20,03:35:00,1,Collision with vehicle,7,Sunday,130,REAR END(VEHICLES IN SAME LANE),3,35340,Cross intersection,3,60,Arterial Other,QUEENS,YARRA,-37.78865,144.99088,2019,1,January,3,Late Night,Weekend
T20190001168,2019-01-20,10:40:00,8,No collision and no object struck,7,Sunday,170,OFF CARRIAGEWAY TO LEFT,1,60501,Not at intersection,3,100,Arterial Highway,MELBA,MURRINDINDI,-37.38241,145.47382,2019,1,January,10,Midday,Weekend
T20190001181,2019-01-20,17:06:00,1,Collision with vehicle,7,Sunday,113,RIGHT NEAR (INTERSECTIONS ONLY),1,41094,T intersection,3,60,Arterial Other,ORMOND,PORT PHILLIP,-37.887135,144.98405,2019,1,January,17,Afternoon Peak,Weekend
T20190001162,2019-01-20,09:14:00,1,Collision with vehicle,7,Sunday,130,REAR END(VEHICLES IN SAME LANE),1,341536,Not at intersection,3,60,Local Road,MORRIS,WYNDHAM,-37.8797,144.70123,2019,1,January,9,Morning Peak,Weekend
T20190001150,2019-01-20,02:00:00,6,Vehicle overturned (no collision),7,Sunday,182,OFF CARRIAGEWAY ON LEFT BEND,5,341433,Not at intersection,2,100,Local Road,DALYSTON-GLEN FORBES,BASS COAST,-38.485485,145.56773,2019,1,January,2,Late Night,Weekend
T20190001242,2019-01-21,13:20:00,1,Collision with vehicle,1,Monday,163,VEHICLE STRIKES DOOR OF PARKED/STATIONARY VEHICLE,1,246976,Not at intersection,2,60,Arterial Other,SYDNEY,MORELAND,-37.766808,144.96217,2019,1,January,13,Midday,Weekday
T20190001254,2019-01-21,17:55:00,1,Collision with vehicle,1,Monday,130,REAR END(VEHICLES IN SAME LANE),1,341709,T intersection,3,60,Arterial Other,BALLARAT ROAD SERVICE,BRIMBANK,-37.76783,144.76602,2019,1,January,17,Afternoon Peak,Weekday
T20190001255,2019-01-21,16:14:00,1,Collision with vehicle,1,Monday,110,CROSS TRAFFIC(INTERSECTIONS ONLY),1,341658,Cross intersection,2,60,Arterial Other,SILVERMINES,NORTHERN GRAMPIANS,-36.610653,143.25394,2019,1,January,16,Afternoon Peak,Weekday
T20190001256,2019-01-21,18:20:00,1,Collision with vehicle,1,Monday,110,CROSS TRAFFIC(INTERSECTIONS ONLY),1,51000,Cross intersection,3,60,Arterial Other,BALACLAVA,SHEPPARTON,-36.368053,145.41257,2019,1,January,18,Afternoon Peak,Weekday
T20190001257,2019-01-21,17:10:00,1,Collision with vehicle,1,Monday,130,REAR END(VEHICLES IN SAME LANE),1,346220,Not at intersection,2,80,Freeway,CALDER,BRIMBANK,-37.72398,144.8448,2019,1,January,17,Afternoon Peak,Weekday
T20190001260,2019-01-21,17:02:00,1,Collision with vehicle,1,Monday,130,REAR END(VEHICLES IN SAME LANE),1,342690,Cross intersection,2,100,Freeway,WESTERN RING,HUME,-37.691902,144.95857,2019,1,January,17,Afternoon Peak,Weekday
T20190001264,2019-01-21,20:04:00,1,Collision with vehicle,1,Monday,121,RIGHT THROUGH,1,32826,T intersection,2,60,Local Road,ATHOL,DANDENONG,-37.97249,145.16016,2019,1,January,20,Night,Weekday
T20190001246,2019-01-21,15:20:00,2,Struck Pedestrian,1,Monday,101,PED EMERGES FROM IN FRONT OF PARKED OR STATIONARY VEHICLE,1,341476,Not at intersection,3,50,Local Road,RENOWN,MOONEE VALLEY,-37.73778,144.89992,2019,1,January,15,Afternoon Peak,Weekday
T20190001249,2019-01-21,16:47:00,1,Collision with vehicle,1,Monday,130,REAR END(VEHICLES IN SAME LANE),1,341632,Not at intersection,2,80,Arterial Highway,LOWER DANDENONG,KINGSTON,-37.987404,145.11765,2019,1,January,16,Afternoon Peak,Weekday
T20190014107,2019-01-21,14:30:00,1,Collision with vehicle,1,Monday,131,LEFT REAR,1,44219,Cross intersection,3,70,Arterial Other,EPPING ROAD -HIGH,WHITTLESEA,-37.63768,145.02637,2019,1,January,14,Midday,Weekday
T20190001267,2019-01-21,22:25:00,1,Collision with vehicle,1,Monday,135,LANE CHANGE LEFT (NOT OVERTAKING),9,308809,Not at intersection,3,80,Freeway,WEST GATE,HOBSONS BAY,-37.827484,144.89488,2019,1,January,22,Night,Weekday
T20190001268,2019-01-21,22:48:00,1,Collision with vehicle,1,Monday,121,RIGHT THROUGH,3,386,T intersection,2,60,Arterial Other,HIGH,WHITTLESEA,-37.68504,145.01303,2019,1,January,22,Night,Weekday
T20190001270,2019-01-21,23:55:00,4,Collision with a fixed object,1,Monday,171,LEFT OFF CARRIAGEWAY INTO OBJECT/PARKED VEHICLE,3,42450,T intersection,2,60,Arterial Other,HEATHERTON,DANDENONG,-37.96012,145.13345,2019,1,January,23,Night,Weekday
T20190001346,2019-01-21,08:10:00,1,Collision with vehicle,1,Monday,130,REAR END(VEHICLES IN SAME LANE),1,341929,Not at intersection,3,80,Arterial Highway,SPRINGVALE,MONASH,-37.91014,145.16019,2019,1,January,8,Morning Peak,Weekday
T20200018141,2019-01-21,09:10:00,3,Struck animal,1,Monday,167,STRUCK ANIMAL,1,664860,Not at intersection,3,60,Local Road,FINDON,WHITTLESEA,-37.644524,145.06201,2019,1,January,9,Morning Peak,Weekday
T20190001229,2019-01-21,10:55:00,1,Collision with vehicle,1,Monday,130,REAR END(VEHICLES IN SAME LANE),1,346935,Not at intersection,3,80,Arterial Highway,RINGWOOD,MAROONDAH,-37.8105,145.22908,2019,1,January,10,Midday,Weekday
T20190001250,2019-01-21,15:34:00,1,Collision with vehicle,1,Monday,112,LEFT FAR (INTERSECTIONS ONLY),1,341958,T intersection,3,80,Arterial Highway,GREAT OCEAN,COLAC OTWAY,-38.78252,143.53664,2019,1,January,15,Afternoon Peak,Weekday
T20190001283,2019-01-21,16:25:00,1,Collision with vehicle,1,Monday,130,REAR END(VEHICLES IN SAME LANE),1,341598,Not at intersection,3,80,Arterial Highway,NEPEAN,KINGSTON,-37.97527,145.06549,2019,1,January,16,Afternoon Peak,Weekday
T20190001287,2019-01-21,17:30:00,1,Collision with vehicle,1,Monday,163,VEHICLE STRIKES DOOR OF PARKED/STATIONARY VEHICLE,9,148998,Not at intersection,2,50,Arterial Other,CHURCH,YARRA,-37.82679,144.99773,2019,1,January,17,Afternoon Peak,Weekday