ACCIDENT_NO,ACCIDENT_DATE,ACCIDENT_TIME,ACCIDENT_TYPE,ACCIDENT_TYPE_DESC,DAY_OF_WEEK,DAY_WEEK_DESC,DCA_CODE,DCA_DESC,LIGHT_CONDITION,NODE_ID,ROAD_GEOMETRY_DESC,SEVERITY,SPEED_ZONE,RMA,ROAD_NAME,LGA_NAME,LATITUDE,LONGITUDE,YEAR,MONTH,MONTH_NAME,HOUR,TIME_PERIOD,DAY_TYPE
T20190001289,2019-01-21,13:00:00,1,Collision with vehicle,1,Monday,130,REAR END(VEHICLES IN SAME LANE),1,35774,Cross intersection,3,50,Arterial Other,GRANT,MOORABOOL,-37.67553,144.43532,2019,1,January,13,Midday,Weekday
T20190001706,2019-01-21,09:15:00,1,Collision with vehicle,1,Monday,130,REAR END(VEHICLES IN SAME LANE),1,343483,Cross intersection,3,50,Arterial Highway,QUEENS,PORT PHILLIP,-37.853756,144.97932,2019,1,January,9,Morning Peak,Weekday
T20190001220,2019-01-21,06:00:00,4,Collision with a fixed object,1,Monday,171,LEFT OFF CARRIAGEWAY INTO OBJECT/PARKED VEHICLE,3,343287,T intersection,2,60,Local Road,DONALD CAMERON,HUME,-37.63174,144.92389,2019,1,January,6,Morning Peak,Weekday
T20190019056,2019-01-21,15:00:00,1,Collision with vehicle,1,Monday,130,REAR END(VEHICLES IN SAME LANE),1,41031,T intersection,3,60,Arterial Other,DORSET,KNOX,-37.865166,145.28546,2019,1,January,15,Afternoon Peak,Weekday
T20190001199,2019-01-21,03:30:00,4,Collision with a fixed object,1,Monday,173,RIGHT OFF CARRIAGEWAY INTO OBJECT/PARKED VEHICLE,3,578574,Not at intersection,2,50,Local Road,ALBION,BOROONDARA,-37.862446,145.065,2019,1,January,3,Late Night,Weekday
T20190001203,2019-01-21,06:44:00,1,Collision with vehicle,1,Monday,140,U TURN,1,279130,Cross intersection,3,80,Arterial Highway,SOUTH GIPPSLAND,DANDENONG,-38.03562,145.24632,2019,1,January,6,Morning Peak,Weekday
T20190001206,2019-01-21,08:22:00,1,Collision with vehicle,1,Monday,121,RIGHT THROUGH,1,276044,Cross intersection,3,60,Local Road,INGLEWOOD,MELTON,-37.730373,144.74962,2019,1,January,8,Morning Peak,Weekday
T20190001207,2019-01-21,07:45:00,4,Collision with a fixed object,1,Monday,183,OFF LEFT BEND INTO OBJECT/PARKED VEHICLE,1,341505,Not at intersection,2,70,Arterial Other,GRUBB,GEELONG,-38.19216,144.54857,2019,1,January,7,Morning Peak,Weekday
T20190001210,2019-01-21,06:30:00,1,Collision with vehicle,1,Monday,130,REAR END(VEHICLES IN SAME LANE),9,341783,Not at intersection,3,60,Arterial Other,BEACH,BAYSIDE,-37.943462,145.00105,2019,1,January,6,Morning Peak,Weekday
T20190001211,2019-01-21,09:45:00,1,Collision with vehicle,1,Monday,171,LEFT OFF CARRIAGEWAY INTO OBJECT/PARKED VEHICLE,1,341479,Not at intersection,3,50,Arterial Highway,BETHUNE,QUEENSCLIFFE,-38.269848,144.65355,2019,1,January,9,Morning Peak,Weekday
T20190001215,2019-01-21,05:00:00,1,Collision with vehicle,1,Monday,130,REAR END(VEHICLES IN SAME LANE),6,344564,Not at intersection,2,60,Local Road,CORRIGAN,DANDENONG,-37.974792,145.16647,2019,1,January,5,Morning Peak,Weekday
T20190001216,2019-01-21,10:15:00,1,Collision with vehicle,1,Monday,130,REAR END(VEHICLES IN SAME LANE),1,343682,Not at intersection,3,50,Local Road,KAMAROOKA,BRIMBANK,-37.78069,144.82062,2019,1,January,10,Midday,Weekday
T20190001218,2019-01-21,06:40:00,1,Collision with vehicle,1,Monday,135,LANE CHANGE LEFT (NOT OVERTAKING),1,341537,Not at intersection,2,80,Freeway,WEST GATE,HOBSONS BAY,-37.82772,144.8953,2019,1,January,6,Morning Peak,Weekday
T20190001223,2019-01-21,09:20:00,1,Collision with vehicle,1,Monday,121,RIGHT THROUGH,1,323521,T intersection,3,70,Arterial Other,JACKSONS,MONASH,-37.93189,145.19373,2019,1,January,9,Morning Peak,Weekday
T20190001227,2019-01-21,13:03:00,1,Collision with vehicle,1,Monday,120,HEAD ON (NOT OVERTAKING),1,343106,Not at intersection,2,70,Local Road,IRONBARK,NILLUMBIK,-37.64942,145.14746,2019,1,January,13,Midday,Weekday
T20190001228,2019-01-21,10:35:00,1,Collision with vehicle,1,Monday,121,RIGHT THROUGH,1,851,Cross intersection,2,60,Arterial Other,SYDNEY,MORELAND,-37.72746,144.96368,2019,1,January,10,Midday,Weekday
T20190001231,2019-01-21,08:30:00,1,Collision with vehicle,1,Monday,116,LEFT NEAR (INTERSECTIONS ONLY),1,41671,T intersection,3,70,Arterial Highway,NORTH,MONASH,-37.912544,145.1126,2019,1,January,8,Morning Peak,Weekday
T20190001234,2019-01-21,13:01:00,6,Vehicle overturned (no collision),1,Monday,170,OFF CARRIAGEWAY TO LEFT,1,341550,Not at intersection,3,80,Arterial Other,WESTERNPORT,CARDINIA,-38.268867,145.55522,2019,1,January,13,Midday,Weekday
T20190001241,2019-01-21,15:00:00,1,Collision with vehicle,1,Monday,110,CROSS TRAFFIC(INTERSECTIONS ONLY),1,49957,Cross intersection,3,60,Local Road,FITZROY,GEELONG,-38.15016,144.37083,2019,1,January,15,Afternoon Peak,Weekday
T20190003257,2019-01-22,15:58:00,4,Collision with a fixed object,2,Tuesday,171,LEFT OFF CARRIAGEWAY INTO OBJECT/PARKED VEHICLE,1,344408,Not at intersection,2,100,Freeway,PRINCES,GEELONG,-38.03955,144.41302,2019,1,January,15,Afternoon Peak,Weekday
T20190001330,2019-01-22,23:50:00,1,Collision with vehicle,2,Tuesday,152,PULLING OUT (OVERTAKING),3,341519,Not at intersection,3,60,Arterial Other,SYDNEY,MORELAND,-37.73645,144.96638,2019,1,January,23,Night,Weekday
T20190001295,2019-01-22,10:40:00,1,Collision with vehicle,2,Tuesday,130,REAR END(VEHICLES IN SAME LANE),1,341532,Not at intersection,2,80,Arterial Other,DUNCANS,WYNDHAM,-37.920937,144.69809,2019,1,January,10,Midday,Weekday
T20190001299,2019-01-22,14:35:00,1,Collision with vehicle,2,Tuesday,113,RIGHT NEAR (INTERSECTIONS ONLY),1,770,T intersection,2,60,Arterial Other,JASPER,GLEN EIRA,-37.922592,145.04097,2019,1,January,14,Midday,Weekday
T20190001288,2019-01-22,09:05:00,1,Collision with vehicle,2,Tuesday,137,LEFT TURN SIDESWIPE,1,341667,Not at intersection,3,50,Arterial Highway,FOOTSCRAY,MELBOURNE,-37.80678,144.91013,2019,1,January,9,Morning Peak,Weekday
T20190001325,2019-01-22,19:51:00,4,Collision with a fixed object,2,Tuesday,173,RIGHT OFF CARRIAGEWAY INTO OBJECT/PARKED VEHICLE,1,341392,Not at intersection,1,50,Local Road,CROXTON,MELTON,-37.65855,144.60962,2019,1,January,19,Night,Weekday
T20190001274,2019-01-22,08:51:00,1,Collision with vehicle,2,Tuesday,130,REAR END(VEHICLES IN SAME LANE),1,30356,Cross intersection,2,60,Local Road,ARRIVAL,HUME,-37.670006,144.85344,2019,1,January,8,Morning Peak,Weekday
T20190001304,2019-01-22,14:15:00,4,Collision with a fixed object,2,Tuesday,173,RIGHT OFF CARRIAGEWAY INTO OBJECT/PARKED VEHICLE,1,29549,Cross intersection,2,60,Arterial Other,AUBURN,BOROONDARA,-37.815815,145.0463,2019,1,January,14,Midday,Weekday
T20190001272,2019-01-22,06:57:00,1,Collision with vehicle,2,Tuesday,147,VEHICLE STRIKES ANOTHER VEH WHILE EMERGING FROM DRIVEWAY,1,341504,Not at intersection,2,60,Arterial Other,WARRIGAL,KINGSTON,-37.98894,145.07008,2019,1,January,6,Morning Peak,Weekday
T20190001273,2019-01-22,07:10:00,6,Vehicle overturned (no collision),2,Tuesday,180,OFF CARRIAGEWAY ON RIGHT BEND,1,344998,Not at intersection,3,40,Arterial Other,KIEWA VALLEY,ALPINE,-36.39955,147.03593,2019,1,January,7,Morning Peak,Weekday
T20190001275,2019-01-22,08:30:00,1,Collision with vehicle,2,Tuesday,140,U TURN,1,359309,Not at intersection,3,50,Local Road,TESSELAAR,WHITTLESEA,-37.620182,145.00082,2019,1,January,8,Morning Peak,Weekday
T20190001276,2019-01-22,08:15:00,1,Collision with vehicle,2,Tuesday,110,CROSS TRAFFIC(INTERSECTIONS ONLY),1,42615,Cross intersection,2,50,Local Road,BAKERS,MORELAND,-37.72662,144.95651,2019,1,January,8,Morning Peak,Weekday
T20190001345,2019-01-22,17:39:00,1,Collision with vehicle,2,Tuesday,110,CROSS TRAFFIC(INTERSECTIONS ONLY),1,43102,Cross intersection,2,50,Local Road,HILTON,DANDENONG,-37.99786,145.2244,2019,1,January,17,Afternoon Peak,Weekday
T20190001319,2019-01-22,18:00:00,7,Fall from or in moving vehicle,2,Tuesday,179,OTHER ACCIDENTS-OFF STRAIGHT NOT INCLUDED IN DCAs 170-175,1,65215,T intersection,3,50,Local Road,FAIRBAIRN,BRIMBANK,-37.798897,144.81831,2019,1,January,18,Afternoon Peak,Weekday
T20190001320,2019-01-22,19:15:00,2,Struck Pedestrian,2,Tuesday,100,PED NEAR SIDE. PED HIT BY VEHICLE FROM THE RIGHT.,1,70184,T intersection,2,50,Local Road,BARNETT,DANDENONG,-37.961452,145.17816,2019,1,January,19,Night,Weekday
T20190001318,2019-01-22,17:45:00,1,Collision with vehicle,2,Tuesday,121,RIGHT THROUGH,1,41595,T intersection,2,60,Arterial Highway,NORTH,MONASH,-37.910564,145.09425,2019,1,January,17,Afternoon Peak,Weekday
T20190001292,2019-01-22,13:05:00,2,Struck Pedestrian,2,Tuesday,106,VEH STRIKES PED ON FOOTPATH/MEDIAN/TRAFFIC ISLAND.,1,57391,Cross intersection,3,60,Arterial Other,SYDNEY,MORELAND,-37.73399,144.96535,2019,1,January,13,Midday,Weekday
T20190001315,2019-01-22,17:36:00,1,Collision with vehicle,2,Tuesday,135,LANE CHANGE LEFT (NOT OVERTAKING),1,341522,T intersection,2,60,Arterial Other,FLEMINGTON ROAD SERVICE,MELBOURNE,-37.79232,144.9456,2019,1,January,17,Afternoon Peak,Weekday
T20190001326,2019-01-22,16:34:00,1,Collision with vehicle,2,Tuesday,130,REAR END(VEHICLES IN SAME LANE),1,341597,Not at intersection,2,80,Freeway,WEST GATE IN-KINGS,MELBOURNE,-37.82566,144.94495,2019,1,January,16,Afternoon Peak,Weekday
T20190001314,2019-01-22,17:56:00,1,Collision with vehicle,2,Tuesday,111,RIGHT FAR (INTERSECTIONS ONLY),1,43892,T intersection,3,80,Arterial Highway,SOUTH GIPPSLAND,CASEY,-38.101772,145.28261,2019,1,January,17,Afternoon Peak,Weekday
T20190001745,2019-01-22,18:30:00,1,Collision with vehicle,2,Tuesday,130,REAR END(VEHICLES IN SAME LANE),1,341834,T intersection,3,60,Arterial Highway,MANNINGHAM,MANNINGHAM,-37.76159,145.08249,2019,1,January,18,Afternoon Peak,Weekday
T20190001331,2019-01-22,21:41:00,1,Collision with vehicle,2,Tuesday,139,OTHER SAME DIRECTION-MANOUEVRES NOT INCLUDED IN DCAs 130-137,3,343171,Cross intersection,3,50,Local Road,HEANY,MONASH,-37.88189,145.11845,2019,1,January,21,Night,Weekday
T20190001310,2019-01-22,16:25:00,6,Vehicle overturned (no collision),2,Tuesday,180,OFF CARRIAGEWAY ON RIGHT BEND,1,341660,Not at intersection,2,100,Local Road,MELROSE,CORANGAMITE,-38.584324,143.08623,2019,1,January,16,Afternoon Peak,Weekday
T20190001309,2019-01-22,16:30:00,1,Collision with vehicle,2,Tuesday,121,RIGHT THROUGH,1,50547,Cross intersection,3,60,Arterial Highway,EDGAR,GLENELG,-38.133358,141.62975,2019,1,January,16,Afternoon Peak,Weekday
T20190001305,2019-01-22,16:00:00,2,Struck Pedestrian,2,Tuesday,101,PED EMERGES FROM IN FRONT OF PARKED OR STATIONARY VEHICLE,1,261737,Not at intersection,2,80,Local Road,TILBURN,BRIMBANK,-37.77801,144.77417,2019,1,January,16,Afternoon Peak,Weekday
T20190001407,2019-01-22,14:15:00,1,Collision with vehicle,2,Tuesday,130,REAR END(VEHICLES IN SAME LANE),1,597283,Not at intersection,2,80,Arterial Other,SLADEN,CASEY,-38.11096,145.26552,2019,1,January,14,Midday,Weekday
T20190001286,2019-01-22,11:30:00,1,Collision with vehicle,2,Tuesday,159,OTHER OVERTAKING MANOEUVRES NOT INCLUDED IN DCAs 150-154,1,342693,Not at intersection,2,60,Arterial Other,BURKE,STONNINGTON,-37.85277,145.05254,2019,1,January,11,Midday,Weekday
T20190001328,2019-01-22,16:20:00,1,Collision with vehicle,2,Tuesday,116,LEFT NEAR (INTERSECTIONS ONLY),1,341964,Cross intersection,2,60,Arterial Other,DAREBIN,DAREBIN,-37.76502,145.01595,2019,1,January,16,Afternoon Peak,Weekday
T20190001379,2019-01-23,18:00:00,1,Collision with vehicle,3,Wednesday,130,REAR END(VEHICLES IN SAME LANE),1,344188,Cross intersection,3,40,Arterial Highway,LONSDALE,DANDENONG,-37.990112,145.21469,2019,1,January,18,Afternoon Peak,Weekday
T20190001376,2019-01-23,19:00:00,2,Struck Pedestrian,3,Wednesday,107,PED ON FOOTHPATH STRUCK BY VEHENTERING/LEAVING DRIVEWAY.,1,341585,Not at intersection,3,50,Local Road,HAINES,MELBOURNE,-37.79828,144.94476,2019,1,January,19,Night,Weekday
T20190001373,2019-01-23,17:55:00,1,Collision with vehicle,3,Wednesday,132,RIGHT REAR.,1,51000,Cross intersection,3,60,Arterial Other,BALACLAVA,SHEPPARTON,-36.368053,145.41257,2019,1,January,17,Afternoon Peak,Weekday
T20190001372,2019-01-23,16:45:00,1,Collision with vehicle,3,Wednesday,133,LANE SIDE SWIPE (VEHICLES IN PARALLEL LANES),1,358889,Not at intersection,2,100,Local Road,SKENES,MOYNE,-38.361137,142.26746,2019,1,January,16,Afternoon Peak,Weekday
T20190001371,2019-01-23,14:35:00,1,Collision with vehicle,3,Wednesday,121,RIGHT THROUGH,1,37385,T intersection,1,80,Arterial Other,DORSET,MAROONDAH,-37.818253,145.2879,2019,1,January,14,Midday,Weekday
T20190001368,2019-01-23,14:48:00,1,Collision with vehicle,3,Wednesday,111,RIGHT FAR (INTERSECTIONS ONLY),1,341462,Cross intersection,2,80,Arterial Highway,PRINCES,CASEY,-38.027,145.3103,2019,1,January,14,Midday,Weekday
T20190001367,2019-01-23,12:50:00,4,Collision with a fixed object,3,Wednesday,171,LEFT OFF CARRIAGEWAY INTO OBJECT/PARKED VEHICLE,1,343143,Not at intersection,2,100,Arterial Other,EPPING,WHITTLESEA,-37.565613,145.03238,2019,1,January,12,Midday,Weekday
T20190001365,2019-01-23,14:25:00,1,Collision with vehicle,3,Wednesday,120,HEAD ON (NOT OVERTAKING),1,341616,Not at intersection,2,60,Arterial Other,BOGONG HIGH PLAINS,(FALLS CREEK),-36.850918,147.27054,2019,1,January,14,Midday,Weekday
T20190001364,2019-01-23,15:30:00,1,Collision with vehicle,3,Wednesday,113,RIGHT NEAR (INTERSECTIONS ONLY),1,46515,T intersection,3,60,Arterial Other,WAVERLEY,MONASH,-37.887794,145.15427,2019,1,January,15,Afternoon Peak,Weekday
T20190001358,2019-01-23,07:28:00,4,Collision with a fixed object,3,Wednesday,173,RIGHT OFF CARRIAGEWAY INTO OBJECT/PARKED VEHICLE,1,341862,Not at intersection,2,60,Arterial Other,THOMPSONS,CASEY,-38.08571,145.30475,2019,1,January,7,Morning Peak,Weekday
T20190001355,2019-01-23,07:30:00,5,collision with some other object,3,Wednesday,165,TEMPORARY ROADWORKS,1,343177,Not at intersection,3,40,Local Road,GLENTHOMPSON-CARAMUT,MOYNE,-37.88451,142.52249,2019,1,January,7,Morning Peak,Weekday
T20190013876,2019-01-23,14:26:00,8,No collision and no object struck,3,Wednesday,174,OUT OF CONTROL ON CARRIAGEWAY (ON STRAIGHT),1,353550,Not at intersection,3,40,Local Road,CLAUDE,FRANKSTON,-38.12188,145.13733,2019,1,January,14,Midday,Weekday
T20190002326,2019-01-23,17:20:00,1,Collision with vehicle,3,Wednesday,130,REAR END(VEHICLES IN SAME LANE),1,342083,Not at intersection,3,70,Local Road,DOHERTYS,WYNDHAM,-37.823605,144.73233,2019,1,January,17,Afternoon Peak,Weekday
T20190001600,2019-01-23,22:49:00,2,Struck Pedestrian,3,Wednesday,100,PED NEAR SIDE. PED HIT BY VEHICLE FROM THE RIGHT.,3,342036,Not at intersection,3,60,Local Road,DERBY,MORELAND,-37.73113,144.94598,2019,1,January,22,Night,Weekday
T20190001335,2019-01-23,06:35:00,6,Vehicle overturned (no collision),3,Wednesday,180,OFF CARRIAGEWAY ON RIGHT BEND,2,341542,Not at intersection,3,100,Arterial Other,BARNAWARTHA,INDIGO,-36.02781,146.63875,2019,1,January,6,Morning Peak,Weekday
T20190001336,2019-01-23,08:45:00,1,Collision with vehicle,3,Wednesday,116,LEFT NEAR (INTERSECTIONS ONLY),1,71615,Cross intersection,3,70,Local Road,RAGLAN,WELLINGTON,-38.09812,147.06514,2019,1,January,8,Morning Peak,Weekday
T20190001337,2019-01-23,07:45:00,4,Collision with a fixed object,3,Wednesday,173,RIGHT OFF CARRIAGEWAY INTO OBJECT/PARKED VEHICLE,1,342764,Not at intersection,3,100,Local Road,HOLDEN,MELTON,-37.648376,144.66963,2019,1,January,7,Morning Peak,Weekday
T20190001341,2019-01-23,07:20:00,2,Struck Pedestrian,3,Wednesday,100,PED NEAR SIDE. PED HIT BY VEHICLE FROM THE RIGHT.,1,29623,Cross intersection,3,80,Arterial Highway,SPRINGVALE,WHITEHORSE,-37.862015,145.16922,2019,1,January,7,Morning Peak,Weekday
T20190001343,2019-01-23,09:10:00,6,Vehicle overturned (no collision),3,Wednesday,151,OUT OF CONTROL (OVERTAKING),1,342320,Not at intersection,3,100,Local Road,OLD KIA,MILDURA,-35.01209,142.31247,2019,1,January,9,Morning Peak,Weekday
T20190001347,2019-01-23,11:55:00,4,Collision with a fixed object,3,Wednesday,171,LEFT OFF CARRIAGEWAY INTO OBJECT/PARKED VEHICLE,1,341545,Not at intersection,2,50,Local Road,SPRINGLAKE,MELTON,-37.75135,144.73383,2019,1,January,11,Midday,Weekday
T20190001348,2019-01-23,12:27:00,2,Struck Pedestrian,3,Wednesday,100,PED NEAR SIDE. PED HIT BY VEHICLE FROM THE RIGHT.,1,119353,Not at intersection,3,50,Arterial Other,FLEMINGTON,MELBOURNE,-37.797077,144.9518,2019,1,January,12,Midday,Weekday
T20190001350,2019-01-23,12:40:00,1,Collision with vehicle,3,Wednesday,145,REVERSING IN STREAM OF TRAFFIC,1,35537,Cross intersection,3,80,Arterial Highway,NEPEAN,BAYSIDE,-37.886272,144.999,2019,1,January,12,Midday,Weekday
T20190001352,2019-01-23,13:00:00,1,Collision with vehicle,3,Wednesday,130,REAR END(VEHICLES IN SAME LANE),1,37643,T intersection,3,60,Arterial Other,ALEXANDRA,STONNINGTON,-37.833485,144.99113,2019,1,January,13,Midday,Weekday
T20190001732,2019-01-23,15:30:00,1,Collision with vehicle,3,Wednesday,145,REVERSING IN STREAM OF TRAFFIC,1,342220,T intersection,3,50,Local Road,RUSSELL,MELBOURNE,-37.81507,144.96913,2019,1,January,15,Afternoon Peak,Weekday
T20190001402,2019-01-23,15:45:00,1,Collision with vehicle,3,Wednesday,130,REAR END(VEHICLES IN SAME LANE),1,341557,Not at intersection,2,60,Local Road,LEAKES,WYNDHAM,-37.837418,144.723,2019,1,January,15,Afternoon Peak,Weekday
T20190001446,2019-01-23,14:30:00,1,Collision with vehicle,3,Wednesday,130,REAR END(VEHICLES IN SAME LANE),1,29808,Cross intersection,3,60,Local Road,BLAIR,HUME,-37.676147,144.92915,2019,1,January,14,Midday,Weekday
T20190001573,2019-01-23,15:00:00,1,Collision with vehicle,3,Wednesday,130,REAR END(VEHICLES IN SAME LANE),9,15145,T intersection,3,50,Arterial Other,LEARMONTH,BALLARAT,-37.52964,143.81386,2019,1,January,15,Afternoon Peak,Weekday
T20190001431,2019-01-23,16:00:00,1,Collision with vehicle,3,Wednesday,135,LANE CHANGE LEFT (NOT OVERTAKING),9,343720,Not at intersection,3,80,Freeway,WEST GATE,HOBSONS BAY,-37.825386,144.84187,2019,1,January,16,Afternoon Peak,Weekday
T20190001417,2019-01-23,19:35:00,1,Collision with vehicle,3,Wednesday,121,RIGHT THROUGH,1,40613,T intersection,3,60,Arterial Highway,BURWOOD,WHITEHORSE,-37.850655,145.09804,2019,1,January,19,Night,Weekday
T20190001401,2019-01-23,16:30:00,4,Collision with a fixed object,3,Wednesday,183,OFF LEFT BEND INTO OBJECT/PARKED VEHICLE,1,346102,Not at intersection,3,80,Arterial Other,PRINCES,LATROBE,-38.241085,146.41714,2019,1,January,16,Afternoon Peak,Weekday
T20190001398,2019-01-23,05:28:00,6,Vehicle overturned (no collision),3,Wednesday,182,OFF CARRIAGEWAY ON LEFT BEND,5,345722,Not at intersection,2,80,Arterial Other,PORTLAND-NELSON,GLENELG,-38.31726,141.55675,2019,1,January,5,Morning Peak,Weekday
T20190001394,2019-01-23,19:30:00,1,Collision with vehicle,3,Wednesday,140,U TURN,2,341441,Not at intersection,1,100,Arterial Highway,PRINCES,GLENELG,-37.9026,141.1249,2019,1,January,19,Night,Weekday
T20190001391,2019-01-23,20:15:00,6,Vehicle overturned (no collision),3,Wednesday,182,OFF CARRIAGEWAY ON LEFT BEND,1,578573,Not at intersection,2,50,Local Road,CAMP,INDIGO,-36.354237,146.68115,2019,1,January,20,Night,Weekday
T20190001390,2019-01-23,19:09:00,4,Collision with a fixed object,3,Wednesday,173,RIGHT OFF CARRIAGEWAY INTO OBJECT/PARKED VEHICLE,1,345008,Not at intersection,2,70,Arterial Other,KINGS,BRIMBANK,-37.69079,144.78409,2019,1,January,19,Night,Weekday
T20190001387,2019-01-23,20:30:00,4,Collision with a fixed object,3,Wednesday,183,OFF LEFT BEND INTO OBJECT/PARKED VEHICLE,1,45674,T intersection,3,60,Local Road,DONALD CAMERON,HUME,-37.62972,144.93112,2019,1,January,20,Night,Weekday
T20190001386,2019-01-23,19:45:00,1,Collision with vehicle,3,Wednesday,121,RIGHT THROUGH,2,38224,Cross intersection,2,60,Arterial Highway,ROSANNA,BANYULE,-37.74287,145.07248,2019,1,January,19,Night,Weekday
T20190001385,2019-01-23,18:40:00,1,Collision with vehicle,3,Wednesday,120,HEAD ON (NOT OVERTAKING),1,341553,Not at intersection,3,50,Local Road,WALLINGFORD,KNOX,-37.94276,145.247,2019,1,January,18,Afternoon Peak,Weekday
T20190001384,2019-01-23,18:23:00,1,Collision with vehicle,3,Wednesday,162,ACCIDENT OR BROKEN DOWN,1,346223,Not at intersection,3,100,Freeway,WESTERN,MELTON,-37.79094,144.74908,2019,1,January,18,Afternoon Peak,Weekday
T20190001383,2019-01-23,17:30:00,1,Collision with vehicle,3,Wednesday,135,LANE CHANGE LEFT (NOT OVERTAKING),1,53269,T intersection,3,60,Arterial Other,BUCKLEY,MOONEE VALLEY,-37.75168,144.86919,2019,1,January,17,Afternoon Peak,Weekday
T20190001381,2019-01-23,18:10:00,1,Collision with vehicle,3,Wednesday,130,REAR END(VEHICLES IN SAME LANE),1,341680,Not at intersection,3,100,Freeway,WESTERN RING,HUME,-37.69264,144.94278,2019,1,January,18,Afternoon Peak,Weekday
T20190001399,2019-01-24,06:00:00,1,Collision with vehicle,4,Thursday,121,RIGHT THROUGH,2,39371,Cross intersection,2,60,Arterial Other,CANTERBURY,WHITEHORSE,-37.830406,145.1363,2019,1,January,6,Morning Peak,Weekday
T20190001470,2019-01-24,11:25:00,1,Collision with vehicle,4,Thursday,135,LANE CHANGE LEFT (NOT OVERTAKING),1,343137,Not at intersection,3,80,Arterial Other,BEACH,BAYSIDE,-37.95042,145.0021,2019,1,January,11,Midday,Weekday
T20190001405,2019-01-24,08:40:00,1,Collision with vehicle,4,Thursday,133,LANE SIDE SWIPE (VEHICLES IN PARALLEL LANES),1,346346,Not at intersection,3,100,Arterial Other,STRATFORD-MAFFRA,WELLINGTON,-37.98099,147.06339,2019,1,January,8,Morning Peak,Weekday
T20190001450,2019-01-24,18:53:00,1,Collision with vehicle,4,Thursday,110,CROSS TRAFFIC(INTERSECTIONS ONLY),1,45407,Cross intersection,2,60,Arterial Other,PASCOE VALE,MOONEE VALLEY,-37.753784,144.92574,2019,1,January,18,Afternoon Peak,Weekday
T20190001441,2019-01-24,13:53:00,4,Collision with a fixed object,4,Thursday,173,RIGHT OFF CARRIAGEWAY INTO OBJECT/PARKED VEHICLE,1,344620,Not at intersection,1,50,Local Road,HODGSON,BOROONDARA,-37.807602,145.01463,2019,1,January,13,Midday,Weekday
T20190001438,2019-01-24,17:00:00,1,Collision with vehicle,4,Thursday,110,CROSS TRAFFIC(INTERSECTIONS ONLY),1,41413,Cross intersection,3,60,Local Road,KOORNANG,GLEN EIRA,-37.8994,145.05513,2019,1,January,17,Afternoon Peak,Weekday
T20190002526,2019-01-24,12:10:00,1,Collision with vehicle,4,Thursday,131,LEFT REAR,1,29457,Cross intersection,3,60,Arterial Other,HIGH,WHITTLESEA,-37.69482,145.01141,2019,1,January,12,Midday,Weekday
T20190001621,2019-01-24,20:15:00,1,Collision with vehicle,4,Thursday,130,REAR END(VEHICLES IN SAME LANE),1,341858,Not at intersection,3,40,Arterial Other,SUNBURY,HUME,-37.580357,144.72533,2019,1,January,20,Night,Weekday
T20190001414,2019-01-24,11:35:00,1,Collision with vehicle,4,Thursday,130,REAR END(VEHICLES IN SAME LANE),1,341974,T intersection,3,70,Arterial Highway,HOOD STREET SERVICE,YARRA,-37.803513,144.99237,2019,1,January,11,Midday,Weekday
T20190001424,2019-01-24,11:04:00,1,Collision with vehicle,4,Thursday,120,HEAD ON (NOT OVERTAKING),1,359311,Not at intersection,3,100,Arterial Other,KIEWA VALLEY,ALPINE,-36.45077,147.00816,2019,1,January,11,Midday,Weekday
T20190001452,2019-01-24,22:01:00,1,Collision with vehicle,4,Thursday,121,RIGHT THROUGH,3,41977,T intersection,3,70,Arterial Highway,BURWOOD,KNOX,-37.89349,145.3093,2019,1,January,22,Night,Weekday
T20190001453,2019-01-24,16:22:00,2,Struck Pedestrian,4,Thursday,102,FAR SIDE. PED HIT BY VEHICLE FROM THE LEFT,1,37574,Cross intersection,2,50,Local Road,MORAY,PORT PHILLIP,-37.83671,144.96509,2019,1,January,16,Afternoon Peak,Weekday
T20190001464,2019-01-24,13:34:00,1,Collision with vehicle,4,Thursday,130,REAR END(VEHICLES IN SAME LANE),1,342188,Not at intersection,3,60,Arterial Highway,STUD,DANDENONG,-37.97507,145.22266,2019,1,January,13,Midday,Weekday
T20190001444,2019-01-24,16:40:00,4,Collision with a fixed object,4,Thursday,173,RIGHT OFF CARRIAGEWAY INTO OBJECT/PARKED VEHICLE,1,618152,Not at intersection,3,60,Local Road,CHURCH,SWAN HILL,-35.174744,143.38486,2019,1,January,16,Afternoon Peak,Weekday
T20190001397,2019-01-24,03:20:00,4,Collision with a fixed object,4,Thursday,173,RIGHT OFF CARRIAGEWAY INTO OBJECT/PARKED VEHICLE,5,342755,Not at intersection,2,80,Arterial Other,PAKENHAM,CARDINIA,-38.01756,145.50844,2019,1,January,3,Late Night,Weekday
T20190001435,2019-01-24,16:47:00,1,Collision with vehicle,4,Thursday,130,REAR END(VEHICLES IN SAME LANE),1,11273,Not at intersection,3,100,Freeway,WESTERN RING,HUME,-37.69383,144.90968,2019,1,January,16,Afternoon Peak,Weekday