ACCIDENT_NO,ACCIDENT_DATE,ACCIDENT_TIME,ACCIDENT_TYPE,ACCIDENT_TYPE_DESC,DAY_OF_WEEK,DAY_WEEK_DESC,DCA_CODE,DCA_DESC,LIGHT_CONDITION,NODE_ID,ROAD_GEOMETRY_DESC,SEVERITY,SPEED_ZONE,RMA,ROAD_NAME,LGA_NAME,LATITUDE,LONGITUDE,YEAR,MONTH,MONTH_NAME,HOUR,TIME_PERIOD,DAY_TYPE
T20190001434,2019-01-24,15:50:00,1,Collision with vehicle,4,Thursday,121,RIGHT THROUGH,1,35668,T intersection,2,80,Arterial Other,OLD PRINCES,CARDINIA,-38.053772,145.379,2019,1,January,15,Afternoon Peak,Weekday
T20190001415,2019-01-24,09:55:00,1,Collision with vehicle,4,Thursday,140,U TURN,1,346323,Dead end,2,50,Local Road,OLIPHANT,FRANKSTON,-38.09744,145.14873,2019,1,January,9,Morning Peak,Weekday
T20190001568,2019-01-24,07:20:00,1,Collision with vehicle,4,Thursday,121,RIGHT THROUGH,1,40457,T intersection,3,60,Arterial Highway,TOORAK,BOROONDARA,-37.84688,145.06447,2019,1,January,7,Morning Peak,Weekday
T20190001433,2019-01-24,11:20:00,1,Collision with vehicle,4,Thursday,130,REAR END(VEHICLES IN SAME LANE),1,39255,T intersection,3,60,Arterial Other,TAYLORS,BRIMBANK,-37.727634,144.78987,2019,1,January,11,Midday,Weekday
T20190001565,2019-01-24,14:15:00,1,Collision with vehicle,4,Thursday,130,REAR END(VEHICLES IN SAME LANE),9,43996,Cross intersection,3,80,Arterial Other,COOLART,MORNINGTON PENINSULA,-38.235313,145.15128,2019,1,January,14,Midday,Weekday
T20190001426,2019-01-24,13:10:00,2,Struck Pedestrian,4,Thursday,102,FAR SIDE. PED HIT BY VEHICLE FROM THE LEFT,1,342907,Not at intersection,2,50,Arterial Other,WESTGARTH,DAREBIN,-37.780987,144.99625,2019,1,January,13,Midday,Weekday
T20190001432,2019-01-24,15:39:00,1,Collision with vehicle,4,Thursday,130,REAR END(VEHICLES IN SAME LANE),1,359310,Not at intersection,3,60,Arterial Other,WERRIBEE,WYNDHAM,-37.90275,144.65398,2019,1,January,15,Afternoon Peak,Weekday
T20190001449,2019-01-24,17:30:00,1,Collision with vehicle,4,Thursday,130,REAR END(VEHICLES IN SAME LANE),1,341566,Not at intersection,3,80,Arterial Other,FERNTREE GULLY,MONASH,-37.907303,145.1926,2019,1,January,17,Afternoon Peak,Weekday
T20190001430,2019-01-24,13:40:00,1,Collision with vehicle,4,Thursday,110,CROSS TRAFFIC(INTERSECTIONS ONLY),1,43631,Cross intersection,2,80,Arterial Highway,PRINCES,CASEY,-38.026066,145.30669,2019,1,January,13,Midday,Weekday
T20190001413,2019-01-24,07:15:00,1,Collision with vehicle,4,Thursday,110,CROSS TRAFFIC(INTERSECTIONS ONLY),1,38240,Cross intersection,3,50,Local Road,BANYULE,BANYULE,-37.743195,145.07542,2019,1,January,7,Morning Peak,Weekday
T20190001406,2019-01-24,09:05:00,1,Collision with vehicle,4,Thursday,121,RIGHT THROUGH,1,341975,Not at intersection,3,40,Local Road,LONSDALE,MELBOURNE,-37.812134,144.96275,2019,1,January,9,Morning Peak,Weekday
T20190001473,2019-01-25,11:46:00,1,Collision with vehicle,5,Friday,116,LEFT NEAR (INTERSECTIONS ONLY),1,10410,Multiple intersection,3,60,Arterial Other,KEILOR,MOONEE VALLEY,-37.74442,144.90999,2019,1,January,11,Midday,Weekday
T20190001469,2019-01-25,07:50:00,1,Collision with vehicle,5,Friday,130,REAR END(VEHICLES IN SAME LANE),1,35316,Cross intersection,2,60,Local Road,CARDIGAN,MELBOURNE,-37.797,144.96608,2019,1,January,7,Morning Peak,Weekday
T20190001523,2019-01-25,17:40:00,4,Collision with a fixed object,5,Friday,171,LEFT OFF CARRIAGEWAY INTO OBJECT/PARKED VEHICLE,1,100512,Not at intersection,2,80,Arterial Highway,STUD,DANDENONG,-37.95083,145.22713,2019,1,January,17,Afternoon Peak,Weekday
T20190001520,2019-01-25,17:00:00,1,Collision with vehicle,5,Friday,130,REAR END(VEHICLES IN SAME LANE),1,344130,Not at intersection,3,60,Arterial Highway,GOULBURN VALLEY,SHEPPARTON,-36.33005,145.4071,2019,1,January,17,Afternoon Peak,Weekday
T20190001516,2019-01-25,19:08:00,2,Struck Pedestrian,5,Friday,102,FAR SIDE. PED HIT BY VEHICLE FROM THE LEFT,1,341588,Not at intersection,3,40,Local Road,LONSDALE,MELBOURNE,-37.80996,144.97023,2019,1,January,19,Night,Weekday
T20190001513,2019-01-25,16:42:00,1,Collision with vehicle,5,Friday,130,REAR END(VEHICLES IN SAME LANE),1,359312,Cross intersection,3,50,Arterial Highway,WHITEHORSE ROAD SERVICE,WHITEHORSE,-37.81592,145.20204,2019,1,January,16,Afternoon Peak,Weekday
T20190001508,2019-01-25,16:49:00,4,Collision with a fixed object,5,Friday,173,RIGHT OFF CARRIAGEWAY INTO OBJECT/PARKED VEHICLE,1,54495,Cross intersection,2,60,Arterial Other,MCCALLUM,SWAN HILL,-35.339283,143.55669,2019,1,January,16,Afternoon Peak,Weekday
T20190001476,2019-01-25,11:57:00,4,Collision with a fixed object,5,Friday,171,LEFT OFF CARRIAGEWAY INTO OBJECT/PARKED VEHICLE,1,341689,Not at intersection,2,100,Arterial Other,BACCHUS MARSH,MACEDON RANGES,-37.50178,144.49045,2019,1,January,11,Midday,Weekday
T20190001569,2019-01-25,15:55:00,1,Collision with vehicle,5,Friday,130,REAR END(VEHICLES IN SAME LANE),1,55409,T intersection,3,100,Arterial Other,KORUMBURRA-WARRAGUL,BAW BAW,-38.21548,145.91376,2019,1,January,15,Afternoon Peak,Weekday
T20190001507,2019-01-25,17:25:00,1,Collision with vehicle,5,Friday,130,REAR END(VEHICLES IN SAME LANE),1,341587,Not at intersection,3,60,Arterial Highway,KINGS,MELBOURNE,-37.824932,144.95935,2019,1,January,17,Afternoon Peak,Weekday
T20190001505,2019-01-25,15:58:00,1,Collision with vehicle,5,Friday,110,CROSS TRAFFIC(INTERSECTIONS ONLY),1,42658,Cross intersection,2,80,Arterial Highway,STUD,DANDENONG,-37.955685,145.22615,2019,1,January,15,Afternoon Peak,Weekday
T20190001522,2019-01-25,15:13:00,4,Collision with a fixed object,5,Friday,171,LEFT OFF CARRIAGEWAY INTO OBJECT/PARKED VEHICLE,1,341599,Not at intersection,3,60,Arterial Other,MCINTYRE,BRIMBANK,-37.77113,144.82982,2019,1,January,15,Afternoon Peak,Weekday
T20190001454,2019-01-25,01:10:00,7,Fall from or in moving vehicle,5,Friday,179,OTHER ACCIDENTS-OFF STRAIGHT NOT INCLUDED IN DCAs 170-175,3,342081,Not at intersection,3,60,Arterial Other,BRUNSWICK,MORELAND,-37.77638,144.95448,2019,1,January,1,Late Night,Weekday
T20190001525,2019-01-25,21:53:00,1,Collision with vehicle,5,Friday,135,LANE CHANGE LEFT (NOT OVERTAKING),3,100,Cross intersection,2,40,Local Road,CARDIGAN,MELBOURNE,-37.800587,144.96545,2019,1,January,21,Night,Weekday
T20190001553,2019-01-25,19:20:00,1,Collision with vehicle,5,Friday,110,CROSS TRAFFIC(INTERSECTIONS ONLY),1,48104,Cross intersection,3,50,Local Road,KINSALE,DAREBIN,-37.72292,144.99504,2019,1,January,19,Night,Weekday
T20190002376,2019-01-25,16:15:00,1,Collision with vehicle,5,Friday,110,CROSS TRAFFIC(INTERSECTIONS ONLY),1,29790,Cross intersection,2,70,Local Road,SAYERS,WYNDHAM,-37.84638,144.66946,2019,1,January,16,Afternoon Peak,Weekday
T20190001468,2019-01-25,03:30:00,6,Vehicle overturned (no collision),5,Friday,172,OFF CARRIAGEWAY TO RIGHT,5,341515,Not at intersection,1,100,Local Road,GUMLEY,GOLDEN PLAINS,-37.83607,143.84933,2019,1,January,3,Late Night,Weekday
T20190001493,2019-01-25,12:43:00,1,Collision with vehicle,5,Friday,148,VEHICLE OFF FOOTPATH STRIKES VEH ON CARRIAGEWAY,1,341884,Not at intersection,2,60,Arterial Other,WAVERLEY,STONNINGTON,-37.87801,145.08115,2019,1,January,12,Midday,Weekday
T20190006480,2019-01-25,09:00:00,3,Struck animal,5,Friday,167,STRUCK ANIMAL,9,344869,Not at intersection,2,80,Arterial Other,BALLARAT-MARYBOROUGH,CENTRAL GOLDFIELDS,-37.17762,143.70503,2019,1,January,9,Morning Peak,Weekday
T20190001539,2019-01-25,23:30:00,1,Collision with vehicle,5,Friday,130,REAR END(VEHICLES IN SAME LANE),3,38051,Cross intersection,3,60,Arterial Other,HEIDELBERG,DAREBIN,-37.7834,145.01738,2019,1,January,23,Night,Weekday
T20190001736,2019-01-25,19:00:00,1,Collision with vehicle,5,Friday,137,LEFT TURN SIDESWIPE,1,60601,T intersection,3,60,Local Road,BEECH,MACEDON RANGES,-37.48172,144.59016,2019,1,January,19,Night,Weekday
T20190001532,2019-01-25,05:45:00,1,Collision with vehicle,5,Friday,120,HEAD ON (NOT OVERTAKING),2,344265,Not at intersection,3,60,Local Road,BRIDGE,DANDENONG,-37.98854,145.19205,2019,1,January,5,Morning Peak,Weekday
T20190001797,2019-01-25,11:30:00,1,Collision with vehicle,5,Friday,133,LANE SIDE SWIPE (VEHICLES IN PARALLEL LANES),1,272651,Not at intersection,3,80,Freeway,WEST GATE,HOBSONS BAY,-37.82943,144.89822,2019,1,January,11,Midday,Weekday
T20190001497,2019-01-25,13:00:00,4,Collision with a fixed object,5,Friday,164,PERMANENT OBSTRUCTION ON CARRIAGEWAY,1,341567,T intersection,3,100,Arterial Other,LONGFORD-LOCH SPORT,WELLINGTON,-38.198784,147.35806,2019,1,January,13,Midday,Weekday
T20190001492,2019-01-25,13:07:00,1,Collision with vehicle,5,Friday,121,RIGHT THROUGH,1,35419,Cross intersection,2,60,Arterial Other,NICHOLSON,MORELAND,-37.754196,144.97578,2019,1,January,13,Midday,Weekday
T20190001491,2019-01-25,12:00:00,1,Collision with vehicle,5,Friday,110,CROSS TRAFFIC(INTERSECTIONS ONLY),1,29601,Cross intersection,3,60,Local Road,INKERMAN,GLEN EIRA,-37.868744,145.01833,2019,1,January,12,Midday,Weekday
T20190001489,2019-01-25,12:40:00,6,Vehicle overturned (no collision),5,Friday,174,OUT OF CONTROL ON CARRIAGEWAY (ON STRAIGHT),1,341972,Not at intersection,3,100,Local Road,PYRAMID CREEK,EAST GIPPSLAND,-37.519955,148.94994,2019,1,January,12,Midday,Weekday
T20190001488,2019-01-25,14:00:00,1,Collision with vehicle,5,Friday,119,OTHER ADJACENT (INTERSECTIONS ONLY),1,359313,T intersection,2,100,Local Road,BANGERANG,CAMPASPE,-36.130238,144.78836,2019,1,January,14,Midday,Weekday
T20190001487,2019-01-25,13:50:00,1,Collision with vehicle,5,Friday,120,HEAD ON (NOT OVERTAKING),1,343304,Not at intersection,3,60,Local Road,TILBURN,BRIMBANK,-37.779583,144.77983,2019,1,January,13,Midday,Weekday
T20190004469,2019-01-25,22:00:00,4,Collision with a fixed object,5,Friday,171,LEFT OFF CARRIAGEWAY INTO OBJECT/PARKED VEHICLE,5,360308,Not at intersection,2,60,Arterial Other,MEREDITH-STEIGLITZ,GOLDEN PLAINS,-37.877647,144.17853,2019,1,January,22,Night,Weekday
T20190001486,2019-01-25,12:05:00,4,Collision with a fixed object,5,Friday,171,LEFT OFF CARRIAGEWAY INTO OBJECT/PARKED VEHICLE,1,344993,Not at intersection,3,100,Arterial Other,LEXTON-TALBOT,PYRENEES,-37.21257,143.63422,2019,1,January,12,Midday,Weekday
T20190001564,2019-01-26,13:40:00,1,Collision with vehicle,6,Saturday,111,RIGHT FAR (INTERSECTIONS ONLY),1,29521,Cross intersection,3,60,Arterial Other,WILLIAMSTOWN,MARIBYRNONG,-37.812824,144.88347,2019,1,January,13,Midday,Weekend
T20190001637,2019-01-26,11:52:00,4,Collision with a fixed object,6,Saturday,194,PARKED CAR RUN AWAY,1,342011,Not at intersection,2,60,Local Road,SLATTERS,BAW BAW,-38.220158,146.1555,2019,1,January,11,Midday,Weekend
T20190002266,2019-01-26,11:00:00,1,Collision with vehicle,6,Saturday,130,REAR END(VEHICLES IN SAME LANE),1,342246,Not at intersection,2,80,Arterial Highway,SPRINGVALE,DANDENONG,-38.021908,145.13676,2019,1,January,11,Midday,Weekend
T20190001545,2019-01-26,07:55:00,4,Collision with a fixed object,6,Saturday,173,RIGHT OFF CARRIAGEWAY INTO OBJECT/PARKED VEHICLE,1,659030,Not at intersection,2,100,Local Road,UPPER TAMINICK,BENALLA,-36.414387,146.18457,2019,1,January,7,Morning Peak,Weekend
T20190001855,2019-01-26,13:10:00,8,No collision and no object struck,6,Saturday,151,OUT OF CONTROL (OVERTAKING),1,341945,Not at intersection,3,80,Local Road,DANDOS ACCESS,COLAC OTWAY,-38.55419,143.61627,2019,1,January,13,Midday,Weekend
T20190001579,2019-01-26,18:30:00,1,Collision with vehicle,6,Saturday,129,OTHER OPPOSING MANOEUVRES NOT INCLUDED IN DCAs 120-125.,1,39718,T intersection,3,70,Arterial Other,MT DANDENONG,MAROONDAH,-37.800556,145.26346,2019,1,January,18,Afternoon Peak,Weekend
T20200021601,2019-01-26,13:56:00,1,Collision with vehicle,6,Saturday,130,REAR END(VEHICLES IN SAME LANE),1,778337,Cross intersection,3,60,Local Road,ROSSACK,GEELONG,-38.201035,144.31165,2019,1,January,13,Midday,Weekend
T20190001657,2019-01-26,10:02:00,4,Collision with a fixed object,6,Saturday,171,LEFT OFF CARRIAGEWAY INTO OBJECT/PARKED VEHICLE,1,345910,Not at intersection,2,80,Arterial Other,SWANSEA,YARRA RANGES,-37.80085,145.35872,2019,1,January,10,Midday,Weekend
T20190001570,2019-01-26,15:25:00,2,Struck Pedestrian,6,Saturday,102,FAR SIDE. PED HIT BY VEHICLE FROM THE LEFT,1,341593,Not at intersection,3,60,Arterial Other,CANTERBURY,WHITEHORSE,-37.831978,145.14915,2019,1,January,15,Afternoon Peak,Weekend
T20190001571,2019-01-26,16:30:00,1,Collision with vehicle,6,Saturday,110,CROSS TRAFFIC(INTERSECTIONS ONLY),1,59141,Cross intersection,3,50,Local Road,ANN,SHEPPARTON,-36.39006,145.3613,2019,1,January,16,Afternoon Peak,Weekend
T20190001572,2019-01-26,16:29:00,1,Collision with vehicle,6,Saturday,130,REAR END(VEHICLES IN SAME LANE),1,341758,Not at intersection,3,60,Arterial Other,ELGAR,WHITEHORSE,-37.83991,145.11072,2019,1,January,16,Afternoon Peak,Weekend
T20190001566,2019-01-26,15:15:00,1,Collision with vehicle,6,Saturday,110,CROSS TRAFFIC(INTERSECTIONS ONLY),1,44662,Cross intersection,3,60,Arterial Other,NAR NAR GOON-LONGWARRY,CARDINIA,-38.098927,145.71552,2019,1,January,15,Afternoon Peak,Weekend
T20190001563,2019-01-26,15:15:00,1,Collision with vehicle,6,Saturday,113,RIGHT NEAR (INTERSECTIONS ONLY),1,56614,T intersection,3,60,Arterial Other,WHITEHORSE,BOROONDARA,-37.811954,145.07393,2019,1,January,15,Afternoon Peak,Weekend
T20190001561,2019-01-26,14:05:00,1,Collision with vehicle,6,Saturday,110,CROSS TRAFFIC(INTERSECTIONS ONLY),1,787,Cross intersection,2,80,Arterial Other,WESTALL,DANDENONG,-37.94585,145.13936,2019,1,January,14,Midday,Weekend
T20190001558,2019-01-26,10:33:00,1,Collision with vehicle,6,Saturday,130,REAR END(VEHICLES IN SAME LANE),1,343482,Not at intersection,3,100,Freeway,EASTLINK,FRANKSTON,-38.07688,145.18045,2019,1,January,10,Midday,Weekend
T20190001575,2019-01-26,11:35:00,1,Collision with vehicle,6,Saturday,140,U TURN,1,341956,T intersection,2,60,Local Road,LOCH,BAW BAW,-38.20494,146.06184,2019,1,January,11,Midday,Weekend
T20190001577,2019-01-26,13:40:00,4,Collision with a fixed object,6,Saturday,173,RIGHT OFF CARRIAGEWAY INTO OBJECT/PARKED VEHICLE,1,343623,Not at intersection,2,100,Local Road,WATTLEVALE,STRATHBOGIE,-36.81617,145.07997,2019,1,January,13,Midday,Weekend
T20190001578,2019-01-26,14:30:00,4,Collision with a fixed object,6,Saturday,183,OFF LEFT BEND INTO OBJECT/PARKED VEHICLE,1,341591,Not at intersection,1,100,Arterial Other,BAIRNSDALE-DARGO,EAST GIPPSLAND,-37.61533,147.1893,2019,1,January,14,Midday,Weekend
T20190001584,2019-01-26,17:45:00,6,Vehicle overturned (no collision),6,Saturday,172,OFF CARRIAGEWAY TO RIGHT,1,341582,Not at intersection,2,100,Freeway,MORNINGTON PENINSULA,MORNINGTON PENINSULA,-38.34629,144.94327,2019,1,January,17,Afternoon Peak,Weekend
T20190001557,2019-01-26,10:10:00,4,Collision with a fixed object,6,Saturday,173,RIGHT OFF CARRIAGEWAY INTO OBJECT/PARKED VEHICLE,1,347243,Not at intersection,2,50,Local Road,HATCHS,SOUTH GIPPSLAND,-38.32793,145.67722,2019,1,January,10,Midday,Weekend
T20190001586,2019-01-26,16:20:00,4,Collision with a fixed object,6,Saturday,181,OFF RIGHT BEND INTO OBJECT/PARKED VEHICLE,1,344909,Not at intersection,3,100,Arterial Highway,PRINCES,EAST GIPPSLAND,-37.483192,149.55193,2019,1,January,16,Afternoon Peak,Weekend
T20190001589,2019-01-26,22:30:00,5,collision with some other object,6,Saturday,166,STRUCK OBJECT ON CARRIAGEWAY,5,341583,Not at intersection,2,80,Arterial Other,COOLART,MORNINGTON PENINSULA,-38.22977,145.15262,2019,1,January,22,Night,Weekend
T20190001591,2019-01-26,23:23:00,1,Collision with vehicle,6,Saturday,173,RIGHT OFF CARRIAGEWAY INTO OBJECT/PARKED VEHICLE,3,341934,Not at intersection,2,60,Arterial Other,SETTLEMENT,WHITTLESEA,-37.688396,145.0176,2019,1,January,23,Night,Weekend
T20190001592,2019-01-26,04:35:00,1,Collision with vehicle,6,Saturday,130,REAR END(VEHICLES IN SAME LANE),3,296595,Cross intersection,2,60,Arterial Highway,MAROONDAH,MAROONDAH,-37.81112,145.23723,2019,1,January,4,Late Night,Weekend
T20190001556,2019-01-26,12:28:00,1,Collision with vehicle,6,Saturday,133,LANE SIDE SWIPE (VEHICLES IN PARALLEL LANES),1,359315,Not at intersection,2,60,Arterial Highway,FOOTSCRAY,MELBOURNE,-37.806602,144.90907,2019,1,January,12,Midday,Weekend
T20190001554,2019-01-26,11:50:00,1,Collision with vehicle,6,Saturday,130,REAR END(VEHICLES IN SAME LANE),1,341686,Not at intersection,2,60,Local Road,MCGRATH,WYNDHAM,-37.91031,144.6262,2019,1,January,11,Midday,Weekend
T20190001599,2019-01-26,22:24:00,1,Collision with vehicle,6,Saturday,132,RIGHT REAR.,3,63058,T intersection,3,60,Arterial Highway,BELL,MORELAND,-37.740433,144.95758,2019,1,January,22,Night,Weekend
T20190001551,2019-01-26,11:45:00,1,Collision with vehicle,6,Saturday,130,REAR END(VEHICLES IN SAME LANE),1,56227,Not at intersection,3,60,Local Road,SHAWS,WYNDHAM,-37.888775,144.6504,2019,1,January,11,Midday,Weekend
T20190001542,2019-01-26,04:50:00,3,Struck animal,6,Saturday,167,STRUCK ANIMAL,5,341580,Not at intersection,3,100,Freeway,PRINCES,CARDINIA,-38.09038,145.465,2019,1,January,4,Late Night,Weekend
T20190001536,2019-01-26,01:50:00,4,Collision with a fixed object,6,Saturday,181,OFF RIGHT BEND INTO OBJECT/PARKED VEHICLE,3,38491,T intersection,2,80,Arterial Other,SWANSEA,YARRA RANGES,-37.780003,145.36414,2019,1,January,1,Late Night,Weekend
T20190001530,2019-01-26,00:10:00,1,Collision with vehicle,6,Saturday,130,REAR END(VEHICLES IN SAME LANE),5,341586,Not at intersection,3,80,Local Road,ROBINSONS,MELTON,-37.78583,144.7542,2019,1,January,0,Late Night,Weekend
T20190001802,2019-01-26,17:00:00,1,Collision with vehicle,6,Saturday,130,REAR END(VEHICLES IN SAME LANE),1,57515,Cross intersection,3,70,Arterial Highway,QUEENS WAY -DANDENONG,PORT PHILLIP,-37.85779,144.99223,2019,1,January,17,Afternoon Peak,Weekend
T20190002181,2019-01-27,15:55:00,2,Struck Pedestrian,7,Sunday,101,PED EMERGES FROM IN FRONT OF PARKED OR STATIONARY VEHICLE,1,341968,Not at intersection,3,60,Arterial Other,BAY,BAYSIDE,-37.952477,145.00954,2019,1,January,15,Afternoon Peak,Weekend
T20190001757,2019-01-27,11:00:00,8,No collision and no object struck,7,Sunday,174,OUT OF CONTROL ON CARRIAGEWAY (ON STRAIGHT),1,301220,T intersection,3,60,Local Road,MANUKA,WARRNAMBOOL,-38.352257,142.46652,2019,1,January,11,Midday,Weekend
T20190001631,2019-01-27,16:35:00,1,Collision with vehicle,7,Sunday,113,RIGHT NEAR (INTERSECTIONS ONLY),1,10429,Cross intersection,3,80,Freeway,PRINCES,CASEY,-38.00367,145.25298,2019,1,January,16,Afternoon Peak,Weekend
T20190001620,2019-01-27,13:45:00,1,Collision with vehicle,7,Sunday,132,RIGHT REAR.,1,341716,T intersection,3,60,Arterial Other,BAKEWELL,CASEY,-38.111507,145.29019,2019,1,January,13,Midday,Weekend
T20190001799,2019-01-27,13:17:00,1,Collision with vehicle,7,Sunday,121,RIGHT THROUGH,1,233561,Cross intersection,2,40,Local Road,GIBBS,PORT PHILLIP,-37.87245,144.99323,2019,1,January,13,Midday,Weekend
T20190001636,2019-01-27,18:45:00,1,Collision with vehicle,7,Sunday,130,REAR END(VEHICLES IN SAME LANE),1,37520,T intersection,3,80,Local Road,NAPOLEON,KNOX,-37.925877,145.2679,2019,1,January,18,Afternoon Peak,Weekend
T20190001633,2019-01-27,18:10:00,2,Struck Pedestrian,7,Sunday,106,VEH STRIKES PED ON FOOTPATH/MEDIAN/TRAFFIC ISLAND.,1,341589,Not at intersection,1,50,Local Road,PETER,SHEPPARTON,-36.435783,145.23283,2019,1,January,18,Afternoon Peak,Weekend
T20190001641,2019-01-27,19:50:00,6,Vehicle overturned (no collision),7,Sunday,180,OFF CARRIAGEWAY ON RIGHT BEND,1,342506,Not at intersection,3,100,Arterial Highway,PRINCES,MOYNE,-38.328396,142.08427,2019,1,January,19,Night,Weekend
T20190001615,2019-01-27,11:40:00,1,Collision with vehicle,7,Sunday,120,HEAD ON (NOT OVERTAKING),1,359314,Not at intersection,2,60,Arterial Highway,HAMILTON,GEELONG,-38.142056,144.30124,2019,1,January,11,Midday,Weekend
T20190002246,2019-01-27,15:00:00,1,Collision with vehicle,7,Sunday,120,HEAD ON (NOT OVERTAKING),1,360180,Not at intersection,3,80,Arterial Highway,PRINCES,COLAC OTWAY,-38.29961,143.78812,2019,1,January,15,Afternoon Peak,Weekend
T20190014875,2019-01-27,15:00:00,1,Collision with vehicle,7,Sunday,130,REAR END(VEHICLES IN SAME LANE),1,650981,Cross intersection,3,50,Arterial Highway,MICKLE,CASEY,-38.213722,145.38069,2019,1,January,15,Afternoon Peak,Weekend
T20190001659,2019-01-27,14:00:00,1,Collision with vehicle,7,Sunday,110,CROSS TRAFFIC(INTERSECTIONS ONLY),1,19412,Cross intersection,2,100,Arterial Highway,NORTHERN,CAMPASPE,-36.720512,144.68274,2019,1,January,14,Midday,Weekend
T20190001626,2019-01-27,16:34:00,1,Collision with vehicle,7,Sunday,130,REAR END(VEHICLES IN SAME LANE),1,45763,Cross intersection,3,60,Arterial Other,BROADWAY  -HIGH,DAREBIN,-37.71671,145.00755,2019,1,January,16,Afternoon Peak,Weekend
T20190001638,2019-01-27,20:15:00,1,Collision with vehicle,7,Sunday,110,CROSS TRAFFIC(INTERSECTIONS ONLY),1,29973,Cross intersection,3,60,Arterial Other,MCCALLUM,SWAN HILL,-35.34031,143.54416,2019,1,January,20,Night,Weekend
T20190004215,2019-01-27,12:14:00,1,Collision with vehicle,7,Sunday,140,U TURN,1,343759,Not at intersection,3,60,Arterial Other,MONBULK,YARRA RANGES,-37.8818,145.38213,2019,1,January,12,Midday,Weekend
T20190001640,2019-01-27,17:50:00,1,Collision with vehicle,7,Sunday,130,REAR END(VEHICLES IN SAME LANE),1,341620,Not at intersection,2,80,Arterial Highway,BALLARAT,GEELONG,-38.08927,144.27913,2019,1,January,17,Afternoon Peak,Weekend
T20190001645,2019-01-27,22:11:00,1,Collision with vehicle,7,Sunday,121,RIGHT THROUGH,3,53268,Cross intersection,3,60,Arterial Highway,DEAKIN,MILDURA,-34.198025,142.14674,2019,1,January,22,Night,Weekend
T20190010585,2019-01-27,10:44:00,1,Collision with vehicle,7,Sunday,133,LANE SIDE SWIPE (VEHICLES IN PARALLEL LANES),1,346138,Not at intersection,3,100,Freeway,METROPOLITAN RING,HUME,-37.69083,144.971,2019,1,January,10,Midday,Weekend
T20190001627,2019-01-27,16:45:00,1,Collision with vehicle,7,Sunday,121,RIGHT THROUGH,1,341762,T intersection,3,60,Arterial Other,ANAKIE,GEELONG,-38.09708,144.33417,2019,1,January,16,Afternoon Peak,Weekend
T20190001618,2019-01-27,14:30:00,4,Collision with a fixed object,7,Sunday,171,LEFT OFF CARRIAGEWAY INTO OBJECT/PARKED VEHICLE,1,341941,Not at intersection,3,50,Local Road,CHURINGA,LATROBE,-38.32191,146.42421,2019,1,January,14,Midday,Weekend
T20190001642,2019-01-27,17:20:00,1,Collision with vehicle,7,Sunday,121,RIGHT THROUGH,1,66802,T intersection,2,50,Local Road,STOKES,PORT PHILLIP,-37.838615,144.93881,2019,1,January,17,Afternoon Peak,Weekend
T20190001629,2019-01-27,13:00:00,4,Collision with a fixed object,7,Sunday,181,OFF RIGHT BEND INTO OBJECT/PARKED VEHICLE,1,341590,Not at intersection,1,80,Local Road,IRONBARK,NILLUMBIK,-37.66024,145.14487,2019,1,January,13,Midday,Weekend
T20190001613,2019-01-27,11:50:00,1,Collision with vehicle,7,Sunday,110,CROSS TRAFFIC(INTERSECTIONS ONLY),1,35977,Cross intersection,2,50,Local Road,BARROW,MORELAND,-37.75927,144.96988,2019,1,January,11,Midday,Weekend
T20190001611,2019-01-27,07:50:00,4,Collision with a fixed object,7,Sunday,171,LEFT OFF CARRIAGEWAY INTO OBJECT/PARKED VEHICLE,1,342931,Not at intersection,3,60,Arterial Other,HALLAM,CASEY,-38.05413,145.26341,2019,1,January,7,Morning Peak,Weekend
T20190001602,2019-01-27,01:50:00,4,Collision with a fixed object,7,Sunday,173,RIGHT OFF CARRIAGEWAY INTO OBJECT/PARKED VEHICLE,3,344633,Not at intersection,2,50,Local Road,SHEEHAN,BANYULE,-37.72869,145.04341,2019,1,January,1,Late Night,Weekend
T20190001674,2019-01-28,11:40:00,8,No collision and no object struck,1,Monday,182,OFF CARRIAGEWAY ON LEFT BEND,1,341617,Not at intersection,2,60,Arterial Other,HEIDELBERG-KINGLAKE,NILLUMBIK,-37.56171,145.31584,2019,1,January,11,Midday,Weekday
T20190001672,2019-01-28,10:30:00,7,Fall from or in moving vehicle,1,Monday,184,OUT OF CONTROL ON CARRIAGEWAY (ON BEND),1,342108,Not at intersection,3,100,Arterial Other,MARYSVILLE-WOODS POINT,YARRA RANGES,-37.55904,145.87318,2019,1,January,10,Midday,Weekday
T20190001667,2019-01-28,10:45:00,1,Collision with vehicle,1,Monday,137,LEFT TURN SIDESWIPE,1,244068,T intersection,3,60,Arterial Other,WALKER,MELBOURNE,-37.784706,144.95918,2019,1,January,10,Midday,Weekday
T20190001700,2019-01-28,16:35:00,4,Collision with a fixed object,1,Monday,173,RIGHT OFF CARRIAGEWAY INTO OBJECT/PARKED VEHICLE,1,360175,Not at intersection,2,80,Arterial Highway,MIDLAND,SHEPPARTON,-36.384632,145.38593,2019,1,January,16,Afternoon Peak,Weekday
T20190001697,2019-01-28,16:15:00,1,Collision with vehicle,1,Monday,110,CROSS TRAFFIC(INTERSECTIONS ONLY),1,73791,Cross intersection,2,80,Arterial Other,BIRREGURRA-FORREST,COLAC OTWAY,-38.390564,143.78322,2019,1,January,16,Afternoon Peak,Weekday