ACCIDENT_NO,ACCIDENT_DATE,ACCIDENT_TIME,ACCIDENT_TYPE,ACCIDENT_TYPE_DESC,DAY_OF_WEEK,DAY_WEEK_DESC,DCA_CODE,DCA_DESC,LIGHT_CONDITION,NODE_ID,ROAD_GEOMETRY_DESC,SEVERITY,SPEED_ZONE,RMA,ROAD_NAME,LGA_NAME,LATITUDE,LONGITUDE,YEAR,MONTH,MONTH_NAME,HOUR,TIME_PERIOD,DAY_TYPE
T20190001695,2019-01-28,17:26:00,1,Collision with vehicle,1,Monday,169,OTHER ON PATH,1,359157,Not at intersection,2,50,Local Road,GARNER,HUME,-37.67289,144.94919,2019,1,January,17,Afternoon Peak,Weekday
T20190001694,2019-01-28,16:58:00,1,Collision with vehicle,1,Monday,147,VEHICLE STRIKES ANOTHER VEH WHILE EMERGING FROM DRIVEWAY,1,341672,Not at intersection,2,60,Arterial Other,BURKE,BOROONDARA,-37.84606,145.05391,2019,1,January,16,Afternoon Peak,Weekday
T20190002275,2019-01-28,16:04:00,1,Collision with vehicle,1,Monday,113,RIGHT NEAR (INTERSECTIONS ONLY),1,35534,T intersection,3,50,Arterial Other,BORONIA,KNOX,-37.86288,145.29161,2019,1,January,16,Afternoon Peak,Weekday
T20190001692,2019-01-28,12:50:00,1,Collision with vehicle,1,Monday,120,HEAD ON (NOT OVERTAKING),1,341608,Not at intersection,1,100,Local Road,DE MOTTS,GOLDEN PLAINS,-37.891464,144.2158,2019,1,January,12,Midday,Weekday
T20190001691,2019-01-28,12:50:00,1,Collision with vehicle,1,Monday,130,REAR END(VEHICLES IN SAME LANE),1,341657,Not at intersection,3,60,Arterial Highway,NEPEAN,MORNINGTON PENINSULA,-38.32877,144.97986,2019,1,January,12,Midday,Weekday
T20190001687,2019-01-28,16:00:00,1,Collision with vehicle,1,Monday,111,RIGHT FAR (INTERSECTIONS ONLY),1,341619,T intersection,2,60,Local Road,BRIDGEWATER,KINGSTON,-37.984695,145.12082,2019,1,January,16,Afternoon Peak,Weekday
T20190001654,2019-01-28,03:15:00,1,Collision with vehicle,1,Monday,160,VEHICLE COLLIDES WITH VEHICLE PARKED ON LEFT OF ROAD,3,359156,Not at intersection,3,60,Arterial Other,BLACKBURN,WHITEHORSE,-37.845673,145.15422,2019,1,January,3,Late Night,Weekday
T20190001656,2019-01-28,08:15:00,1,Collision with vehicle,1,Monday,113,RIGHT NEAR (INTERSECTIONS ONLY),1,42700,T intersection,2,60,Arterial Other,BEACH,BAYSIDE,-37.98807,145.0277,2019,1,January,8,Morning Peak,Weekday
T20190001703,2019-01-28,19:20:00,8,No collision and no object struck,1,Monday,174,OUT OF CONTROL ON CARRIAGEWAY (ON STRAIGHT),1,29947,Cross intersection,3,60,Arterial Other,RYRIE,GEELONG,-38.15294,144.37234,2019,1,January,19,Night,Weekday
T20190002269,2019-01-28,06:30:00,3,Struck animal,1,Monday,167,STRUCK ANIMAL,2,342090,Not at intersection,2,100,Arterial Other,BROADFORD-KILMORE,MITCHELL,-37.227173,145.01523,2019,1,January,6,Morning Peak,Weekday
T20190001702,2019-01-28,19:14:00,1,Collision with vehicle,1,Monday,110,CROSS TRAFFIC(INTERSECTIONS ONLY),1,251795,Cross intersection,2,80,Arterial Highway,PRINCES,DANDENONG,-37.961678,145.18867,2019,1,January,19,Night,Weekday
T20190001744,2019-01-28,20:00:00,6,Vehicle overturned (no collision),1,Monday,180,OFF CARRIAGEWAY ON RIGHT BEND,2,341971,Not at intersection,3,80,Arterial Other,SKENES CREEK,COLAC OTWAY,-38.70607,143.71004,2019,1,January,20,Night,Weekday
T20190002560,2019-01-28,10:10:00,1,Collision with vehicle,1,Monday,139,OTHER SAME DIRECTION-MANOUEVRES NOT INCLUDED IN DCAs 130-137,1,50723,Cross intersection,3,60,Local Road,BANYAN,WARRNAMBOOL,-38.38828,142.48338,2019,1,January,10,Midday,Weekday
T20190001650,2019-01-28,00:50:00,4,Collision with a fixed object,1,Monday,175,OFF END OF ROAD/T-INTERSECTION.,3,343580,T intersection,2,50,Local Road,MORRIS,MORNINGTON PENINSULA,-38.371822,144.85352,2019,1,January,0,Late Night,Weekday
T20190001649,2019-01-28,00:15:00,1,Collision with vehicle,1,Monday,160,VEHICLE COLLIDES WITH VEHICLE PARKED ON LEFT OF ROAD,3,343225,Not at intersection,2,60,Local Road,ROSLYN,GEELONG,-38.174313,144.33347,2019,1,January,0,Late Night,Weekday
T20190001698,2019-01-28,16:55:00,4,Collision with a fixed object,1,Monday,173,RIGHT OFF CARRIAGEWAY INTO OBJECT/PARKED VEHICLE,1,60857,Multiple intersection,2,60,Local Road,LITTLE BRIDGE,BALLARAT,-37.56308,143.86478,2019,1,January,16,Afternoon Peak,Weekday
T20190001705,2019-01-28,20:55:00,4,Collision with a fixed object,1,Monday,171,LEFT OFF CARRIAGEWAY INTO OBJECT/PARKED VEHICLE,2,345188,Not at intersection,2,100,Arterial Highway,PRINCES,GLENELG,-38.2557,141.62547,2019,1,January,20,Night,Weekday
T20190001681,2019-01-28,13:48:00,1,Collision with vehicle,1,Monday,111,RIGHT FAR (INTERSECTIONS ONLY),1,590127,T intersection,2,80,Freeway,GEELONG ROAD -PRINCES,HOBSONS BAY,-37.82407,144.82402,2019,1,January,13,Midday,Weekday
T20190001708,2019-01-28,20:15:00,1,Collision with vehicle,1,Monday,116,LEFT NEAR (INTERSECTIONS ONLY),2,583683,T intersection,3,50,Local Road,PRINCETOWN,HUME,-37.60885,144.93028,2019,1,January,20,Night,Weekday
T20190001709,2019-01-28,23:00:00,1,Collision with vehicle,1,Monday,110,CROSS TRAFFIC(INTERSECTIONS ONLY),3,341668,Cross intersection,3,80,Arterial Other,WELLS,KINGSTON,-38.028107,145.13104,2019,1,January,23,Night,Weekday
T20190001658,2019-01-28,06:40:00,1,Collision with vehicle,1,Monday,110,CROSS TRAFFIC(INTERSECTIONS ONLY),1,52029,Cross intersection,2,100,Arterial Highway,PRINCES,WELLINGTON,-38.068024,147.0738,2019,1,January,6,Morning Peak,Weekday
T20190001684,2019-01-28,14:05:00,6,Vehicle overturned (no collision),1,Monday,184,OUT OF CONTROL ON CARRIAGEWAY (ON BEND),1,342940,Not at intersection,2,80,Arterial Other,MAIN NEERIM,BAW BAW,-38.031624,145.95273,2019,1,January,14,Midday,Weekday
T20190001660,2019-01-28,09:48:00,1,Collision with vehicle,1,Monday,122,LEFT THROUGH,1,36902,Cross intersection,3,40,Local Road,CHESSELL,PORT PHILLIP,-37.8284,144.96126,2019,1,January,9,Morning Peak,Weekday
T20190001704,2019-01-28,15:44:00,1,Collision with vehicle,1,Monday,121,RIGHT THROUGH,1,40223,Cross intersection,2,70,Arterial Highway,DANDENONG,GLEN EIRA,-37.86288,145.01944,2019,1,January,15,Afternoon Peak,Weekday
T20190001662,2019-01-28,10:00:00,1,Collision with vehicle,1,Monday,179,OTHER ACCIDENTS-OFF STRAIGHT NOT INCLUDED IN DCAs 170-175,1,342147,Not at intersection,2,80,Arterial Other,BONEO,MORNINGTON PENINSULA,-38.47336,144.92783,2019,1,January,10,Midday,Weekday
T20190001664,2019-01-28,11:40:00,4,Collision with a fixed object,1,Monday,171,LEFT OFF CARRIAGEWAY INTO OBJECT/PARKED VEHICLE,1,360818,Not at intersection,2,60,Arterial Highway,HIGH,MITCHELL,-37.41774,144.97902,2019,1,January,11,Midday,Weekday
T20190001665,2019-01-28,10:58:00,1,Collision with vehicle,1,Monday,110,CROSS TRAFFIC(INTERSECTIONS ONLY),1,73114,Cross intersection,2,60,Local Road,BOWEN,CORANGAMITE,-38.239033,143.13496,2019,1,January,10,Midday,Weekday
T20190001716,2019-01-28,13:10:00,1,Collision with vehicle,1,Monday,130,REAR END(VEHICLES IN SAME LANE),1,342844,Not at intersection,3,60,Arterial Other,RINGWOOD-WARRANDYTE,MANNINGHAM,-37.7462,145.23537,2019,1,January,13,Midday,Weekday
T20190001707,2019-01-28,21:20:00,4,Collision with a fixed object,1,Monday,171,LEFT OFF CARRIAGEWAY INTO OBJECT/PARKED VEHICLE,5,342206,Not at intersection,2,100,Local Road,BETTER ROUTE,ARARAT,-37.29177,142.86775,2019,1,January,21,Night,Weekday
T20190001680,2019-01-28,13:43:00,1,Collision with vehicle,1,Monday,113,RIGHT NEAR (INTERSECTIONS ONLY),1,44830,T intersection,2,80,Arterial Highway,WARBURTON,YARRA RANGES,-37.77627,145.5785,2019,1,January,13,Midday,Weekday
T20190001679,2019-01-28,13:55:00,1,Collision with vehicle,1,Monday,130,REAR END(VEHICLES IN SAME LANE),1,35596,Cross intersection,3,80,Arterial Highway,STUD,KNOX,-37.928,145.23294,2019,1,January,13,Midday,Weekday
T20190001676,2019-01-28,09:56:00,1,Collision with vehicle,1,Monday,119,OTHER ADJACENT (INTERSECTIONS ONLY),1,341785,T intersection,3,80,Arterial Highway,PRINCES,LATROBE,-38.20434,146.5146,2019,1,January,9,Morning Peak,Weekday
T20190002043,2019-01-29,22:45:00,1,Collision with vehicle,2,Tuesday,130,REAR END(VEHICLES IN SAME LANE),3,661114,Not at intersection,3,40,Freeway,WESTERN RING,BRIMBANK,-37.74858,144.8357,2019,1,January,22,Night,Weekday
T20190002531,2019-01-29,16:20:00,2,Struck Pedestrian,2,Tuesday,100,PED NEAR SIDE. PED HIT BY VEHICLE FROM THE RIGHT.,1,342066,Not at intersection,3,60,Arterial Other,CLARENDON,PORT PHILLIP,-37.83374,144.9609,2019,1,January,16,Afternoon Peak,Weekday
T20190001725,2019-01-29,09:25:00,1,Collision with vehicle,2,Tuesday,112,LEFT FAR (INTERSECTIONS ONLY),1,341759,T intersection,3,50,Local Road,LECHTE,MONASH,-37.87031,145.14006,2019,1,January,9,Morning Peak,Weekday
T20190001718,2019-01-29,08:06:00,1,Collision with vehicle,2,Tuesday,135,LANE CHANGE LEFT (NOT OVERTAKING),1,56572,T intersection,2,80,Arterial Other,EAST BOUNDARY,GLEN EIRA,-37.925526,145.05803,2019,1,January,8,Morning Peak,Weekday
T20190001721,2019-01-29,07:00:00,1,Collision with vehicle,2,Tuesday,132,RIGHT REAR.,2,346812,T intersection,2,60,Arterial Highway,BELL,DAREBIN,-37.746037,145.01208,2019,1,January,7,Morning Peak,Weekday
T20190001742,2019-01-29,14:17:00,1,Collision with vehicle,2,Tuesday,122,LEFT THROUGH,1,70649,T intersection,3,40,Arterial Highway,LONSDALE,DANDENONG,-37.987095,145.21432,2019,1,January,14,Midday,Weekday
T20190001748,2019-01-29,15:00:00,1,Collision with vehicle,2,Tuesday,110,CROSS TRAFFIC(INTERSECTIONS ONLY),1,341844,Cross intersection,3,50,Arterial Other,PORTER,MANNINGHAM,-37.752583,145.13525,2019,1,January,15,Afternoon Peak,Weekday
T20190001754,2019-01-29,16:40:00,1,Collision with vehicle,2,Tuesday,132,RIGHT REAR.,1,341685,Not at intersection,2,60,Arterial Highway,NORTH,GLEN EIRA,-37.907364,145.06789,2019,1,January,16,Afternoon Peak,Weekday
T20190001755,2019-01-29,16:50:00,1,Collision with vehicle,2,Tuesday,140,U TURN,1,341830,T intersection,2,60,Arterial Highway,WARRIGAL,MONASH,-37.89415,145.08798,2019,1,January,16,Afternoon Peak,Weekday
T20190003178,2019-01-29,19:30:00,1,Collision with vehicle,2,Tuesday,163,VEHICLE STRIKES DOOR OF PARKED/STATIONARY VEHICLE,9,359170,Not at intersection,3,60,Arterial Highway,SMITHFIELD,MELBOURNE,-37.78776,144.92513,2019,1,January,19,Night,Weekday
T20190001758,2019-01-29,16:30:00,4,Collision with a fixed object,2,Tuesday,183,OFF LEFT BEND INTO OBJECT/PARKED VEHICLE,1,346461,Not at intersection,3,100,Freeway,MURRAY VALLEY-HUME IN,WODONGA,-36.08349,146.73318,2019,1,January,16,Afternoon Peak,Weekday
T20190001761,2019-01-29,17:58:00,1,Collision with vehicle,2,Tuesday,110,CROSS TRAFFIC(INTERSECTIONS ONLY),1,42951,Cross intersection,3,60,Arterial Other,HEATHERTON,DANDENONG,-37.9658,145.17986,2019,1,January,17,Afternoon Peak,Weekday
T20190001764,2019-01-29,15:50:00,1,Collision with vehicle,2,Tuesday,147,VEHICLE STRIKES ANOTHER VEH WHILE EMERGING FROM DRIVEWAY,1,341962,Not at intersection,2,50,Local Road,PETER,DANDENONG,-37.96143,145.15945,2019,1,January,15,Afternoon Peak,Weekday
T20190001767,2019-01-29,17:15:00,1,Collision with vehicle,2,Tuesday,131,LEFT REAR,1,36839,T intersection,2,50,Arterial Other,SPENCER,MELBOURNE,-37.8201,144.95462,2019,1,January,17,Afternoon Peak,Weekday
T20190001770,2019-01-29,20:05:00,6,Vehicle overturned (no collision),2,Tuesday,182,OFF CARRIAGEWAY ON LEFT BEND,2,344347,Not at intersection,2,50,Local Road,DARGO,WELLINGTON,-38.117092,147.06567,2019,1,January,20,Night,Weekday
T20190001772,2019-01-29,15:45:00,4,Collision with a fixed object,2,Tuesday,171,LEFT OFF CARRIAGEWAY INTO OBJECT/PARKED VEHICLE,1,345895,Not at intersection,2,60,Local Road,HACKETTS,WYNDHAM,-37.90489,144.7153,2019,1,January,15,Afternoon Peak,Weekday
T20190001751,2019-01-29,12:33:00,1,Collision with vehicle,2,Tuesday,160,VEHICLE COLLIDES WITH VEHICLE PARKED ON LEFT OF ROAD,1,341869,Not at intersection,2,60,Local Road,HIGH,GEELONG,-38.17924,144.33826,2019,1,January,12,Midday,Weekday
T20190002158,2019-01-29,17:30:00,8,No collision and no object struck,2,Tuesday,174,OUT OF CONTROL ON CARRIAGEWAY (ON STRAIGHT),1,291885,Not at intersection,3,50,Local Road,COLLINS,MELBOURNE,-37.819195,144.95372,2019,1,January,17,Afternoon Peak,Weekday
T20190001958,2019-01-29,12:00:00,4,Collision with a fixed object,2,Tuesday,183,OFF LEFT BEND INTO OBJECT/PARKED VEHICLE,9,341883,Not at intersection,3,100,Local Road,CREAMERY,LATROBE,-38.329166,146.27917,2019,1,January,12,Midday,Weekday
T20190002423,2019-01-29,13:48:00,4,Collision with a fixed object,2,Tuesday,183,OFF LEFT BEND INTO OBJECT/PARKED VEHICLE,1,360182,Not at intersection,3,100,Arterial Other,SKIPTON,PYRENEES,-37.47522,143.37733,2019,1,January,13,Midday,Weekday
T20190002393,2019-01-29,16:30:00,2,Struck Pedestrian,2,Tuesday,100,PED NEAR SIDE. PED HIT BY VEHICLE FROM THE RIGHT.,1,342489,Not at intersection,3,60,Arterial Other,CHURCH,YARRA,-37.813,145.0002,2019,1,January,16,Afternoon Peak,Weekday
T20190021314,2019-01-29,17:00:00,1,Collision with vehicle,2,Tuesday,130,REAR END(VEHICLES IN SAME LANE),2,597150,Not at intersection,3,100,Freeway,WESTERN RING,BRIMBANK,-37.800945,144.80084,2019,1,January,17,Afternoon Peak,Weekday
T20190001739,2019-01-29,12:30:00,4,Collision with a fixed object,2,Tuesday,171,LEFT OFF CARRIAGEWAY INTO OBJECT/PARKED VEHICLE,1,345286,Not at intersection,2,100,Local Road,POUSTIES,GEELONG,-38.01327,144.49121,2019,1,January,12,Midday,Weekday
T20190001735,2019-01-29,10:00:00,1,Collision with vehicle,2,Tuesday,120,HEAD ON (NOT OVERTAKING),1,342040,Not at intersection,2,60,Arterial Other,OLD GEELONG,WYNDHAM,-37.846577,144.77649,2019,1,January,10,Midday,Weekday
T20190015398,2019-01-29,11:30:00,1,Collision with vehicle,2,Tuesday,130,REAR END(VEHICLES IN SAME LANE),1,360742,Not at intersection,3,60,Local Road,ORRONG,GLEN EIRA,-37.88378,145.00604,2019,1,January,11,Midday,Weekday
T20190001813,2019-01-29,19:00:00,1,Collision with vehicle,2,Tuesday,135,LANE CHANGE LEFT (NOT OVERTAKING),2,36004,Not at intersection,3,50,Local Road,HARDING,MORELAND,-37.745827,144.97345,2019,1,January,19,Night,Weekday
T20190001720,2019-01-29,06:20:00,4,Collision with a fixed object,2,Tuesday,171,LEFT OFF CARRIAGEWAY INTO OBJECT/PARKED VEHICLE,2,345681,Not at intersection,2,100,Arterial Highway,PRINCES,MOYNE,-38.341805,142.69879,2019,1,January,6,Morning Peak,Weekday
T20190001746,2019-01-29,07:40:00,1,Collision with vehicle,2,Tuesday,121,RIGHT THROUGH,1,49068,Not at intersection,2,70,Arterial Other,TAYLORS,BRIMBANK,-37.72874,144.80774,2019,1,January,7,Morning Peak,Weekday
T20190001839,2019-01-30,18:30:00,1,Collision with vehicle,3,Wednesday,110,CROSS TRAFFIC(INTERSECTIONS ONLY),1,360176,Cross intersection,2,80,Arterial Highway,WEBB,CASEY,-38.025356,145.30515,2019,1,January,18,Afternoon Peak,Weekday
T20190001846,2019-01-30,14:22:00,1,Collision with vehicle,3,Wednesday,112,LEFT FAR (INTERSECTIONS ONLY),1,48046,T intersection,3,60,Arterial Other,MCDONALD,BRIMBANK,-37.811863,144.8476,2019,1,January,14,Midday,Weekday
T20230001282,2019-01-30,08:30:00,1,Collision with vehicle,3,Wednesday,130,REAR END(VEHICLES IN SAME LANE),1,133544,Not at intersection,3,100,Freeway,MONASH,MONASH,-37.89478,145.144,2019,1,January,8,Morning Peak,Weekday
T20190016297,2019-01-30,17:15:00,1,Collision with vehicle,3,Wednesday,130,REAR END(VEHICLES IN SAME LANE),1,47112,T intersection,3,60,Local Road,MANOR,GLEN EIRA,-37.870037,145.00871,2019,1,January,17,Afternoon Peak,Weekday
T20190001847,2019-01-30,18:40:00,8,No collision and no object struck,3,Wednesday,174,OUT OF CONTROL ON CARRIAGEWAY (ON STRAIGHT),1,25798,T intersection,2,60,Freeway,AIRPORT DRIVE -WESTFIELD,BRIMBANK,-37.716618,144.87729,2019,1,January,18,Afternoon Peak,Weekday
T20190001796,2019-01-30,12:47:00,1,Collision with vehicle,3,Wednesday,121,RIGHT THROUGH,1,1288,T intersection,2,60,Arterial Other,VAN NESS,MARIBYRNONG,-37.76942,144.89597,2019,1,January,12,Midday,Weekday
T20190004839,2019-01-30,11:30:00,1,Collision with vehicle,3,Wednesday,110,CROSS TRAFFIC(INTERSECTIONS ONLY),1,53308,Cross intersection,3,60,Arterial Other,GRANT,MOORABOOL,-37.677563,144.43498,2019,1,January,11,Midday,Weekday
T20190002368,2019-01-30,11:00:00,1,Collision with vehicle,3,Wednesday,145,REVERSING IN STREAM OF TRAFFIC,1,44570,Cross intersection,3,50,Arterial Other,WATERDALE,BANYULE,-37.72959,145.04997,2019,1,January,11,Midday,Weekday
T20190002774,2019-01-30,15:00:00,1,Collision with vehicle,3,Wednesday,130,REAR END(VEHICLES IN SAME LANE),1,36204,T intersection,3,60,Arterial Other,THOMPSON,GEELONG,-38.08675,144.34805,2019,1,January,15,Afternoon Peak,Weekday
T20190001800,2019-01-30,11:50:00,1,Collision with vehicle,3,Wednesday,121,RIGHT THROUGH,1,342444,T intersection,2,70,Arterial Highway,DANDENONG ROAD SERVICE,STONNINGTON,-37.885017,145.07289,2019,1,January,11,Midday,Weekday
T20190001801,2019-01-30,11:30:00,2,Struck Pedestrian,3,Wednesday,100,PED NEAR SIDE. PED HIT BY VEHICLE FROM THE RIGHT.,1,45877,T intersection,2,60,Arterial Highway,BELL,BANYULE,-37.752693,145.05022,2019,1,January,11,Midday,Weekday
T20190002738,2019-01-30,17:40:00,1,Collision with vehicle,3,Wednesday,130,REAR END(VEHICLES IN SAME LANE),2,342212,Y intersection,2,100,Freeway,PENINSULA LINK,FRANKSTON,-38.11306,145.16403,2019,1,January,17,Afternoon Peak,Weekday
T20190001814,2019-01-30,14:50:00,1,Collision with vehicle,3,Wednesday,130,REAR END(VEHICLES IN SAME LANE),1,341865,Not at intersection,3,100,Freeway,PRINCES,HOBSONS BAY,-37.840363,144.79457,2019,1,January,14,Midday,Weekday
T20190001805,2019-01-30,15:09:00,1,Collision with vehicle,3,Wednesday,130,REAR END(VEHICLES IN SAME LANE),1,39362,T intersection,3,60,Arterial Other,MIDDLEBOROUGH,WHITEHORSE,-37.814865,145.13956,2019,1,January,15,Afternoon Peak,Weekday
T20190001806,2019-01-30,08:50:00,4,Collision with a fixed object,3,Wednesday,175,OFF END OF ROAD/T-INTERSECTION.,1,342145,T intersection,2,100,Local Road,LALBERT-KERANG,GANNAWARRA,-35.721905,143.5255,2019,1,January,8,Morning Peak,Weekday
T20190001779,2019-01-30,04:35:00,4,Collision with a fixed object,3,Wednesday,175,OFF END OF ROAD/T-INTERSECTION.,5,50372,T intersection,2,100,Local Road,STEWART,BASS COAST,-38.41069,145.57231,2019,1,January,4,Late Night,Weekday
T20190001820,2019-01-30,17:15:00,1,Collision with vehicle,3,Wednesday,130,REAR END(VEHICLES IN SAME LANE),1,44230,Cross intersection,3,70,Arterial Other,EPPING,WHITTLESEA,-37.623024,145.0288,2019,1,January,17,Afternoon Peak,Weekday
T20190001821,2019-01-30,17:40:00,1,Collision with vehicle,3,Wednesday,120,HEAD ON (NOT OVERTAKING),1,342014,Not at intersection,2,80,Local Road,SHURVELLS,COLAC OTWAY,-38.39665,143.57857,2019,1,January,17,Afternoon Peak,Weekday
T20190001786,2019-01-30,08:34:00,1,Collision with vehicle,3,Wednesday,121,RIGHT THROUGH,1,1289,T intersection,3,60,Arterial Other,BUCKLEY,MOONEE VALLEY,-37.754986,144.89891,2019,1,January,8,Morning Peak,Weekday
T20190001791,2019-01-30,11:00:00,1,Collision with vehicle,3,Wednesday,121,RIGHT THROUGH,1,341981,Cross intersection,2,50,Freeway,MELBOURNE ROAD -WILLIAMSTOWN,HOBSONS BAY,-37.82554,144.88104,2019,1,January,11,Midday,Weekday
T20190001887,2019-01-30,13:30:00,6,Vehicle overturned (no collision),3,Wednesday,151,OUT OF CONTROL (OVERTAKING),1,342208,Not at intersection,2,100,Local Road,EILDON-JAMIESON,MANSFIELD,-37.2754,146.11044,2019,1,January,13,Midday,Weekday
T20190001822,2019-01-30,17:30:00,1,Collision with vehicle,3,Wednesday,121,RIGHT THROUGH,1,38053,Cross intersection,3,60,Arterial Highway,ALBERT,DAREBIN,-37.743523,145.0224,2019,1,January,17,Afternoon Peak,Weekday
T20190002647,2019-01-30,16:10:00,1,Collision with vehicle,3,Wednesday,147,VEHICLE STRIKES ANOTHER VEH WHILE EMERGING FROM DRIVEWAY,1,343451,Not at intersection,3,60,Arterial Highway,LOWER DANDENONG,KINGSTON,-37.98378,145.08597,2019,1,January,16,Afternoon Peak,Weekday
T20190001827,2019-01-30,16:40:00,7,Fall from or in moving vehicle,3,Wednesday,179,OTHER ACCIDENTS-OFF STRAIGHT NOT INCLUDED IN DCAs 170-175,1,341886,Not at intersection,2,60,Arterial Other,HIGH,BOROONDARA,-37.80208,145.04388,2019,1,January,16,Afternoon Peak,Weekday
T20190001819,2019-01-30,17:57:00,1,Collision with vehicle,3,Wednesday,130,REAR END(VEHICLES IN SAME LANE),1,341840,Not at intersection,3,60,Arterial Other,MARIBYRNONG,MOONEE VALLEY,-37.771957,144.91824,2019,1,January,17,Afternoon Peak,Weekday
T20190001793,2019-01-30,08:20:00,1,Collision with vehicle,3,Wednesday,121,RIGHT THROUGH,1,44921,T intersection,3,60,Arterial Other,MAIN,BRIMBANK,-37.742958,144.78856,2019,1,January,8,Morning Peak,Weekday
T20190001828,2019-01-30,18:00:00,1,Collision with vehicle,3,Wednesday,110,CROSS TRAFFIC(INTERSECTIONS ONLY),1,227538,Cross intersection,3,50,Arterial Highway,PLENTY,BANYULE,-37.688423,145.06656,2019,1,January,18,Afternoon Peak,Weekday
T20190009197,2019-01-30,19:30:00,4,Collision with a fixed object,3,Wednesday,171,LEFT OFF CARRIAGEWAY INTO OBJECT/PARKED VEHICLE,2,57579,T intersection,3,60,Arterial Highway,NEPEAN,BAYSIDE,-37.925507,145.02684,2019,1,January,19,Night,Weekday
T20190001829,2019-01-30,14:35:00,1,Collision with vehicle,3,Wednesday,131,LEFT REAR,1,278854,T intersection,3,60,Arterial Other,BERWICK-CRANBOURNE,CASEY,-38.10289,145.33028,2019,1,January,14,Midday,Weekday
T20190001830,2019-01-30,19:52:00,4,Collision with a fixed object,3,Wednesday,171,LEFT OFF CARRIAGEWAY INTO OBJECT/PARKED VEHICLE,2,341928,Not at intersection,2,60,Local Road,VICTORIA,LATROBE,-38.05468,146.62587,2019,1,January,19,Night,Weekday
T20190001831,2019-01-30,08:10:00,1,Collision with vehicle,3,Wednesday,130,REAR END(VEHICLES IN SAME LANE),1,231578,Cross intersection,3,40,Arterial Other,PRINCES,CARDINIA,-38.07092,145.4752,2019,1,January,8,Morning Peak,Weekday
T20190001837,2019-01-30,22:29:00,1,Collision with vehicle,3,Wednesday,131,LEFT REAR,3,71843,T intersection,3,50,Local Road,FINGAL,FRANKSTON,-38.13699,145.15398,2019,1,January,22,Night,Weekday
T20190001860,2019-01-31,11:47:00,1,Collision with vehicle,4,Thursday,181,OFF RIGHT BEND INTO OBJECT/PARKED VEHICLE,1,360292,Not at intersection,2,40,Freeway,WESTERN RING IN-CALDER OUT,BRIMBANK,-37.728893,144.85896,2019,1,January,11,Midday,Weekday
T20190001967,2019-01-31,21:45:00,4,Collision with a fixed object,4,Thursday,151,OUT OF CONTROL (OVERTAKING),3,46652,T intersection,3,40,Local Road,ALBERT,YARRA,-37.808514,144.99937,2019,1,January,21,Night,Weekday
T20190001893,2019-01-31,14:40:00,4,Collision with a fixed object,4,Thursday,171,LEFT OFF CARRIAGEWAY INTO OBJECT/PARKED VEHICLE,1,59245,Cross intersection,1,100,Arterial Highway,MIDLAND,SHEPPARTON,-36.440815,145.03186,2019,1,January,14,Midday,Weekday
T20190001892,2019-01-31,17:10:00,1,Collision with vehicle,4,Thursday,121,RIGHT THROUGH,1,341891,Not at intersection,2,60,Arterial Other,ELGAR,MANNINGHAM,-37.78838,145.12363,2019,1,January,17,Afternoon Peak,Weekday
T20190001891,2019-01-31,17:15:00,1,Collision with vehicle,4,Thursday,130,REAR END(VEHICLES IN SAME LANE),1,341887,Not at intersection,2,70,Arterial Highway,TORQUAY,GEELONG,-38.19876,144.34167,2019,1,January,17,Afternoon Peak,Weekday
T20190002100,2019-01-31,10:30:00,4,Collision with a fixed object,4,Thursday,189,OTHER ACCIDENTS ON CURVE NOT INCLUDED IN DCAs 180-184,1,584111,T intersection,2,60,Local Road,TRAWALLA,STONNINGTON,-37.83949,145.01404,2019,1,January,10,Midday,Weekday
T20190001881,2019-01-31,14:50:00,1,Collision with vehicle,4,Thursday,121,RIGHT THROUGH,1,360179,T intersection,3,60,Arterial Other,DROUIN-WARRAGUL,BAW BAW,-38.16665,145.93658,2019,1,January,14,Midday,Weekday
T20190001854,2019-01-31,10:18:00,1,Collision with vehicle,4,Thursday,130,REAR END(VEHICLES IN SAME LANE),1,360177,Not at intersection,3,60,Arterial Other,HOWITT,BALLARAT,-37.540646,143.83546,2019,1,January,10,Midday,Weekday
T20190001879,2019-01-31,14:53:00,1,Collision with vehicle,4,Thursday,145,REVERSING IN STREAM OF TRAFFIC,1,341942,Not at intersection,3,40,Local Road,LITTLE CHANNEL,BALLARAT,-37.564228,143.86266,2019,1,January,14,Midday,Weekday
T20190001890,2019-01-31,16:00:00,1,Collision with vehicle,4,Thursday,130,REAR END(VEHICLES IN SAME LANE),1,343183,Not at intersection,2,100,Arterial Highway,DANDENONG-HASTINGS,FRANKSTON,-38.17437,145.22072,2019,1,January,16,Afternoon Peak,Weekday
T20190001889,2019-01-31,16:00:00,1,Collision with vehicle,4,Thursday,130,REAR END(VEHICLES IN SAME LANE),1,359160,Not at intersection,2,60,Local Road,GRICES,CASEY,-38.07506,145.33983,2019,1,January,16,Afternoon Peak,Weekday