ACCIDENT_NO,ACCIDENT_DATE,ACCIDENT_TIME,ACCIDENT_TYPE,ACCIDENT_TYPE_DESC,DAY_OF_WEEK,DAY_WEEK_DESC,DCA_CODE,DCA_DESC,LIGHT_CONDITION,NODE_ID,ROAD_GEOMETRY_DESC,SEVERITY,SPEED_ZONE,RMA,ROAD_NAME,LGA_NAME,LATITUDE,LONGITUDE,YEAR,MONTH,MONTH_NAME,HOUR,TIME_PERIOD,DAY_TYPE
T20190001915,2019-01-31,18:48:00,1,Collision with vehicle,4,Thursday,120,HEAD ON (NOT OVERTAKING),1,255082,Not at intersection,2,60,Arterial Other,GRANTHAM,MORELAND,-37.77206,144.94948,2019,1,January,18,Afternoon Peak,Weekday
T20190001920,2019-01-31,18:50:00,1,Collision with vehicle,4,Thursday,130,REAR END(VEHICLES IN SAME LANE),1,360541,Not at intersection,2,100,Freeway,EASTLINK,KNOX,-37.90886,145.21593,2019,1,January,18,Afternoon Peak,Weekday
T20190001908,2019-01-31,05:25:00,2,Struck Pedestrian,4,Thursday,101,PED EMERGES FROM IN FRONT OF PARKED OR STATIONARY VEHICLE,1,341851,Not at intersection,3,60,Arterial Other,KEYS,KINGSTON,-37.94801,145.06209,2019,1,January,5,Morning Peak,Weekday
T20190001872,2019-01-31,13:26:00,1,Collision with vehicle,4,Thursday,110,CROSS TRAFFIC(INTERSECTIONS ONLY),1,342520,Cross intersection,2,80,Freeway,DANDENONG,DANDENONG,-38.001415,145.1917,2019,1,January,13,Midday,Weekday
T20190001849,2019-01-31,07:45:00,2,Struck Pedestrian,4,Thursday,102,FAR SIDE. PED HIT BY VEHICLE FROM THE LEFT,1,359159,Not at intersection,2,40,Local Road,TAMBET,GLEN EIRA,-37.91064,145.0723,2019,1,January,7,Morning Peak,Weekday
T20190001850,2019-01-31,00:01:00,1,Collision with vehicle,4,Thursday,130,REAR END(VEHICLES IN SAME LANE),3,285,T intersection,3,70,Freeway,MELROSE-WESTERN RING OUT,HUME,-37.707,144.88593,2019,1,January,0,Late Night,Weekday
T20190001870,2019-01-31,12:14:00,1,Collision with vehicle,4,Thursday,121,RIGHT THROUGH,1,341876,T intersection,2,60,Arterial Other,CANTERBURY,MAROONDAH,-37.82735,145.24713,2019,1,January,12,Midday,Weekday
T20190001866,2019-01-31,12:27:00,1,Collision with vehicle,4,Thursday,130,REAR END(VEHICLES IN SAME LANE),1,360293,T intersection,2,60,Arterial Other,WEST FYANS,GEELONG,-38.15993,144.34776,2019,1,January,12,Midday,Weekday
T20190001857,2019-01-31,07:40:00,7,Fall from or in moving vehicle,4,Thursday,179,OTHER ACCIDENTS-OFF STRAIGHT NOT INCLUDED IN DCAs 170-175,1,39297,T intersection,3,50,Arterial Other,CANTERBURY,WHITEHORSE,-37.82825,145.11745,2019,1,January,7,Morning Peak,Weekday
T20190001853,2019-01-31,09:30:00,1,Collision with vehicle,4,Thursday,131,LEFT REAR,1,332681,Cross intersection,3,40,Arterial Highway,DINGLEY,KINGSTON,-37.959618,145.11264,2019,1,January,9,Morning Peak,Weekday
T20190001934,2019-01-31,10:30:00,1,Collision with vehicle,4,Thursday,121,RIGHT THROUGH,1,57358,T intersection,3,60,Arterial Other,HIGH,MELTON,-37.68375,144.59492,2019,1,January,10,Midday,Weekday
T20190001878,2019-01-31,12:58:00,1,Collision with vehicle,4,Thursday,121,RIGHT THROUGH,1,291019,T intersection,2,80,Arterial Highway,DECOR,CASEY,-38.005005,145.26407,2019,1,January,12,Midday,Weekday
T20190001877,2019-01-31,13:00:00,1,Collision with vehicle,4,Thursday,110,CROSS TRAFFIC(INTERSECTIONS ONLY),1,49649,Cross intersection,2,80,Arterial Highway,PRINCES,GEELONG,-38.068806,144.37708,2019,1,January,13,Midday,Weekday
T20190001897,2019-01-31,18:25:00,1,Collision with vehicle,4,Thursday,135,LANE CHANGE LEFT (NOT OVERTAKING),1,342917,Not at intersection,3,50,Local Road,NAPIER,YARRA,-37.796577,144.98105,2019,1,January,18,Afternoon Peak,Weekday
T20190001898,2019-01-31,16:38:00,4,Collision with a fixed object,4,Thursday,171,LEFT OFF CARRIAGEWAY INTO OBJECT/PARKED VEHICLE,1,342074,Not at intersection,2,50,Local Road,HARGRAVE,WYNDHAM,-37.90127,144.72018,2019,1,January,16,Afternoon Peak,Weekday
T20190001901,2019-01-31,11:45:00,1,Collision with vehicle,4,Thursday,129,OTHER OPPOSING MANOEUVRES NOT INCLUDED IN DCAs 120-125.,1,51606,T intersection,2,60,Arterial Highway,MARONG,BENDIGO,-36.757088,144.26085,2019,1,January,11,Midday,Weekday
T20190001906,2019-01-31,15:55:00,4,Collision with a fixed object,4,Thursday,171,LEFT OFF CARRIAGEWAY INTO OBJECT/PARKED VEHICLE,1,341729,Not at intersection,1,80,Local Road,MOUNT COTTRELL,MELTON,-37.77971,144.60725,2019,1,January,15,Afternoon Peak,Weekday
T20190001909,2019-01-31,20:00:00,4,Collision with a fixed object,4,Thursday,171,LEFT OFF CARRIAGEWAY INTO OBJECT/PARKED VEHICLE,1,360820,T intersection,2,50,Local Road,PICKINGS,MORNINGTON PENINSULA,-38.31904,145.00005,2019,1,January,20,Night,Weekday
T20190001910,2019-01-31,15:10:00,1,Collision with vehicle,4,Thursday,110,CROSS TRAFFIC(INTERSECTIONS ONLY),1,30022,Cross intersection,2,60,Arterial Other,PRINCES,BALLARAT,-37.561974,143.87033,2019,1,January,15,Afternoon Peak,Weekday
T20190001912,2019-01-31,02:40:00,1,Collision with vehicle,4,Thursday,160,VEHICLE COLLIDES WITH VEHICLE PARKED ON LEFT OF ROAD,3,345298,Not at intersection,3,50,Local Road,WINDERMERE,MANNINGHAM,-37.78172,145.16011,2019,1,January,2,Late Night,Weekday
T20190001913,2019-01-31,21:00:00,1,Collision with vehicle,4,Thursday,110,CROSS TRAFFIC(INTERSECTIONS ONLY),3,35942,Cross intersection,3,60,Arterial Other,MORELAND,MORELAND,-37.75568,144.96599,2019,1,January,21,Night,Weekday
T20190001914,2019-01-31,03:00:00,2,Struck Pedestrian,4,Thursday,100,PED NEAR SIDE. PED HIT BY VEHICLE FROM THE RIGHT.,5,341730,Not at intersection,1,80,Arterial Other,MURCHISON-VIOLET TOWN,SHEPPARTON,-36.615673,145.23024,2019,1,January,3,Late Night,Weekday
T20200003906,2019-02-01,15:46:00,1,Collision with vehicle,5,Friday,113,RIGHT NEAR (INTERSECTIONS ONLY),1,1012,Cross intersection,3,100,Arterial Highway,FRANKSTON-DANDENONG,DANDENONG,-38.05837,145.20604,2019,2,February,15,Afternoon Peak,Weekday
T20190002188,2019-02-01,20:20:00,2,Struck Pedestrian,5,Friday,100,PED NEAR SIDE. PED HIT BY VEHICLE FROM THE RIGHT.,2,347220,Not at intersection,3,40,Local Road,THOMPSON,HOBSONS BAY,-37.863632,144.90529,2019,2,February,20,Night,Weekday
T20190002171,2019-02-01,21:00:00,2,Struck Pedestrian,5,Friday,102,FAR SIDE. PED HIT BY VEHICLE FROM THE LEFT,2,48368,T intersection,3,50,Local Road,BROADCHAPEL,KINGSTON,-37.936237,145.10272,2019,2,February,21,Night,Weekday
T20190001940,2019-02-01,10:30:00,7,Fall from or in moving vehicle,5,Friday,179,OTHER ACCIDENTS-OFF STRAIGHT NOT INCLUDED IN DCAs 170-175,1,342103,Not at intersection,3,60,Arterial Other,HEIDELBERG-KINGLAKE,NILLUMBIK,-37.556976,145.33418,2019,2,February,10,Midday,Weekday
T20190001931,2019-02-01,09:13:00,1,Collision with vehicle,5,Friday,113,RIGHT NEAR (INTERSECTIONS ONLY),1,341881,T intersection,2,50,Local Road,KEILLER,BAYSIDE,-37.935307,145.03374,2019,2,February,9,Morning Peak,Weekday
T20190001930,2019-02-01,08:35:00,1,Collision with vehicle,5,Friday,121,RIGHT THROUGH,1,45835,Cross intersection,3,60,Arterial Other,VICTORIA,MELBOURNE,-37.807133,144.96735,2019,2,February,8,Morning Peak,Weekday
T20190001928,2019-02-01,07:30:00,1,Collision with vehicle,5,Friday,122,LEFT THROUGH,1,341982,Not at intersection,2,60,Local Road,HYDE,MARIBYRNONG,-37.81541,144.897,2019,2,February,7,Morning Peak,Weekday
T20190001943,2019-02-01,06:30:00,1,Collision with vehicle,5,Friday,121,RIGHT THROUGH,1,63074,T intersection,2,60,Arterial Other,MILLEARA,MOONEE VALLEY,-37.741226,144.8636,2019,2,February,6,Morning Peak,Weekday
T20190001990,2019-02-01,17:19:00,1,Collision with vehicle,5,Friday,110,CROSS TRAFFIC(INTERSECTIONS ONLY),1,341878,Cross intersection,3,50,Local Road,MIDHURST,MAROONDAH,-37.784313,145.27144,2019,2,February,17,Afternoon Peak,Weekday
T20190001949,2019-02-01,13:07:00,1,Collision with vehicle,5,Friday,121,RIGHT THROUGH,1,35526,T intersection,3,60,Arterial Other,MIDDLEBOROUGH,WHITEHORSE,-37.833313,145.1358,2019,2,February,13,Midday,Weekday
T20190001953,2019-02-01,11:15:00,1,Collision with vehicle,5,Friday,130,REAR END(VEHICLES IN SAME LANE),1,341874,Not at intersection,2,60,Arterial Other,EPPING,WHITTLESEA,-37.62642,145.02821,2019,2,February,11,Midday,Weekday
T20190001954,2019-02-01,11:20:00,1,Collision with vehicle,5,Friday,140,U TURN,1,29766,Cross intersection,3,60,Arterial Highway,SOUTH GIPPSLAND,CASEY,-38.113033,145.28279,2019,2,February,11,Midday,Weekday
T20190001989,2019-02-01,19:45:00,2,Struck Pedestrian,5,Friday,100,PED NEAR SIDE. PED HIT BY VEHICLE FROM THE RIGHT.,2,54590,Cross intersection,3,50,Arterial Highway,YORK,WELLINGTON,-38.10516,147.06819,2019,2,February,19,Night,Weekday
T20190001957,2019-02-01,09:06:00,1,Collision with vehicle,5,Friday,130,REAR END(VEHICLES IN SAME LANE),1,49188,Cross intersection,3,60,Arterial Highway,PRINCES,BAW BAW,-38.2082,146.15143,2019,2,February,9,Morning Peak,Weekday
T20190002317,2019-02-01,07:23:00,1,Collision with vehicle,5,Friday,121,RIGHT THROUGH,1,342226,Not at intersection,3,60,Arterial Other,BARKERS,BOROONDARA,-37.815235,145.04141,2019,2,February,7,Morning Peak,Weekday
T20190001963,2019-02-01,13:55:00,1,Collision with vehicle,5,Friday,149,OTHER MANOEUVRING NOT INCLUDED IN DCAs 140-148,1,341888,T intersection,3,80,Arterial Other,COOPER,HUME,-37.64501,144.9621,2019,2,February,13,Midday,Weekday
T20190001996,2019-02-01,22:41:00,1,Collision with vehicle,5,Friday,130,REAR END(VEHICLES IN SAME LANE),3,244915,T intersection,3,60,Arterial Other,GLADE,HUME,-37.597557,144.92969,2019,2,February,22,Night,Weekday
T20190001992,2019-02-01,19:47:00,1,Collision with vehicle,5,Friday,129,OTHER OPPOSING MANOEUVRES NOT INCLUDED IN DCAs 120-125.,1,54123,T intersection,1,80,Arterial Highway,DEAKIN,MILDURA,-34.223907,142.11536,2019,2,February,19,Night,Weekday
T20190001935,2019-02-01,09:00:00,1,Collision with vehicle,5,Friday,121,RIGHT THROUGH,1,227971,T intersection,2,40,Arterial Other,SYDNEY,MORELAND,-37.754574,144.96428,2019,2,February,9,Morning Peak,Weekday
T20190001972,2019-02-01,17:00:00,1,Collision with vehicle,5,Friday,130,REAR END(VEHICLES IN SAME LANE),1,345570,Not at intersection,2,70,Arterial Highway,NEPEAN,FRANKSTON,-38.0929,145.12555,2019,2,February,17,Afternoon Peak,Weekday
T20190001929,2019-02-01,07:45:00,1,Collision with vehicle,5,Friday,121,RIGHT THROUGH,1,36804,Cross intersection,3,50,Local Road,JOHNSON,PORT PHILLIP,-37.82948,144.94609,2019,2,February,7,Morning Peak,Weekday
T20190001991,2019-02-01,15:45:00,2,Struck Pedestrian,5,Friday,102,FAR SIDE. PED HIT BY VEHICLE FROM THE LEFT,1,342193,Not at intersection,3,40,Arterial Other,STATION,WHITEHORSE,-37.81905,145.12363,2019,2,February,15,Afternoon Peak,Weekday
T20190011225,2019-02-01,23:30:00,1,Collision with vehicle,5,Friday,130,REAR END(VEHICLES IN SAME LANE),5,581379,Not at intersection,3,100,Freeway,PRINCES FREEWAY,CARDINIA,-38.07228,145.66295,2019,2,February,23,Night,Weekday
T20190001978,2019-02-01,17:28:00,1,Collision with vehicle,5,Friday,130,REAR END(VEHICLES IN SAME LANE),1,343046,Not at intersection,2,80,Arterial Highway,PRINCES HIGHWAY,DANDENONG,-37.958748,145.18541,2019,2,February,17,Afternoon Peak,Weekday
T20190001981,2019-02-01,18:44:00,4,Collision with a fixed object,5,Friday,164,PERMANENT OBSTRUCTION ON CARRIAGEWAY,1,342152,Not at intersection,3,100,Arterial Highway,PRINCES,WELLINGTON,-38.025143,147.05922,2019,2,February,18,Afternoon Peak,Weekday
T20190001982,2019-02-01,21:10:00,4,Collision with a fixed object,5,Friday,173,RIGHT OFF CARRIAGEWAY INTO OBJECT/PARKED VEHICLE,5,342269,Not at intersection,2,50,Local Road,CHAPEL,BENDIGO,-36.80114,144.24864,2019,2,February,21,Night,Weekday
T20190001983,2019-02-01,17:11:00,4,Collision with a fixed object,5,Friday,171,LEFT OFF CARRIAGEWAY INTO OBJECT/PARKED VEHICLE,1,342878,Not at intersection,2,80,Arterial Other,MOUNT CLEAR-SEBASTOPOL,BALLARAT,-37.603043,143.85446,2019,2,February,17,Afternoon Peak,Weekday
T20190001926,2019-02-01,07:45:00,1,Collision with vehicle,5,Friday,110,CROSS TRAFFIC(INTERSECTIONS ONLY),1,43796,Cross intersection,3,60,Arterial Highway,WARBURTON,YARRA RANGES,-37.77716,145.4608,2019,2,February,7,Morning Peak,Weekday
T20190004161,2019-02-01,08:35:00,2,Struck Pedestrian,5,Friday,100,PED NEAR SIDE. PED HIT BY VEHICLE FROM THE RIGHT.,1,343954,Not at intersection,3,50,Local Road,MYERS,GEELONG,-38.151073,144.35783,2019,2,February,8,Morning Peak,Weekday
T20190001986,2019-02-01,20:00:00,1,Collision with vehicle,5,Friday,110,CROSS TRAFFIC(INTERSECTIONS ONLY),1,37685,Cross intersection,2,40,Local Road,CHAPEL,STONNINGTON,-37.840443,144.99542,2019,2,February,20,Night,Weekday
T20190001961,2019-02-01,15:00:00,1,Collision with vehicle,5,Friday,121,RIGHT THROUGH,1,342267,Not at intersection,3,70,Arterial Other,LITTLE BOUNDARY,WYNDHAM,-37.82351,144.82355,2019,2,February,15,Afternoon Peak,Weekday
T20190001987,2019-02-01,20:52:00,4,Collision with a fixed object,5,Friday,171,LEFT OFF CARRIAGEWAY INTO OBJECT/PARKED VEHICLE,2,360294,Not at intersection,3,50,Local Road,WARATAH,GLENELG,-38.363663,141.59712,2019,2,February,20,Night,Weekday
T20190001927,2019-02-01,08:00:00,4,Collision with a fixed object,5,Friday,171,LEFT OFF CARRIAGEWAY INTO OBJECT/PARKED VEHICLE,1,342204,Not at intersection,2,50,Local Road,RYAN,MARIBYRNONG,-37.7986,144.90141,2019,2,February,8,Morning Peak,Weekday
T20190002214,2019-02-01,17:15:00,1,Collision with vehicle,5,Friday,130,REAR END(VEHICLES IN SAME LANE),1,343310,Not at intersection,3,60,Arterial Other,EPSOM,MELBOURNE,-37.784023,144.918,2019,2,February,17,Afternoon Peak,Weekday
T20190002211,2019-02-01,20:00:00,7,Fall from or in moving vehicle,5,Friday,179,OTHER ACCIDENTS-OFF STRAIGHT NOT INCLUDED IN DCAs 170-175,1,341994,Not at intersection,3,60,Arterial Other,ST GEORGES,YARRA,-37.78431,144.98299,2019,2,February,20,Night,Weekday
T20190002758,2019-02-01,10:00:00,8,No collision and no object struck,5,Friday,184,OUT OF CONTROL ON CARRIAGEWAY (ON BEND),1,342582,Not at intersection,3,80,Local Road,BINKS,MOORABOOL,-37.52399,144.24066,2019,2,February,10,Midday,Weekday
T20190002751,2019-02-01,13:45:00,8,No collision and no object struck,5,Friday,174,OUT OF CONTROL ON CARRIAGEWAY (ON STRAIGHT),1,350279,Not at intersection,3,60,Arterial Other,CROCKFORD,PORT PHILLIP,-37.83404,144.94952,2019,2,February,13,Midday,Weekday
T20190002203,2019-02-01,20:12:00,1,Collision with vehicle,5,Friday,130,REAR END(VEHICLES IN SAME LANE),2,341993,Not at intersection,3,60,Local Road,TARNEIT,WYNDHAM,-37.87588,144.66437,2019,2,February,20,Night,Weekday
T20190001988,2019-02-01,21:15:00,7,Fall from or in moving vehicle,5,Friday,184,OUT OF CONTROL ON CARRIAGEWAY (ON BEND),3,341880,Not at intersection,3,60,Local Road,BLADIN,HOBSONS BAY,-37.8569,144.77109,2019,2,February,21,Night,Weekday
T20190001933,2019-02-01,09:07:00,1,Collision with vehicle,5,Friday,137,LEFT TURN SIDESWIPE,1,38783,Cross intersection,2,50,Local Road,EARSDON,MARIBYRNONG,-37.81842,144.89645,2019,2,February,9,Morning Peak,Weekday
T20190002061,2019-02-02,23:15:00,1,Collision with vehicle,6,Saturday,148,VEHICLE OFF FOOTPATH STRIKES VEH ON CARRIAGEWAY,3,342629,Not at intersection,2,60,Arterial Other,SYDNEY,MORELAND,-37.7382,144.96713,2019,2,February,23,Night,Weekend
T20190002066,2019-02-02,23:00:00,2,Struck Pedestrian,6,Saturday,102,FAR SIDE. PED HIT BY VEHICLE FROM THE LEFT,3,341926,Multiple intersection,2,60,Arterial Other,MOUNT ALEXANDER,MOONEE VALLEY,-37.75582,144.91779,2019,2,February,23,Night,Weekend
T20190002003,2019-02-02,07:10:00,1,Collision with vehicle,6,Saturday,179,OTHER ACCIDENTS-OFF STRAIGHT NOT INCLUDED IN DCAs 170-175,1,38286,T intersection,2,50,Arterial Other,HIGH,MANNINGHAM,-37.786453,145.10556,2019,2,February,7,Morning Peak,Weekend
T20190002010,2019-02-02,08:45:00,2,Struck Pedestrian,6,Saturday,102,FAR SIDE. PED HIT BY VEHICLE FROM THE LEFT,1,342645,Not at intersection,3,50,Local Road,BEVERIDGE,SWAN HILL,-35.34013,143.55843,2019,2,February,8,Morning Peak,Weekend
T20190002030,2019-02-02,13:40:00,1,Collision with vehicle,6,Saturday,130,REAR END(VEHICLES IN SAME LANE),1,342013,Not at intersection,3,60,Arterial Other,KARINGAL,BANYULE,-37.710438,145.13289,2019,2,February,13,Midday,Weekend
T20190002059,2019-02-02,18:00:00,4,Collision with a fixed object,6,Saturday,173,RIGHT OFF CARRIAGEWAY INTO OBJECT/PARKED VEHICLE,1,342924,Not at intersection,2,100,Local Road,CAVEAT-DROPMORE,MURRINDINDI,-37.024094,145.45854,2019,2,February,18,Afternoon Peak,Weekend
T20190002017,2019-02-02,03:00:00,6,Vehicle overturned (no collision),6,Saturday,182,OFF CARRIAGEWAY ON LEFT BEND,5,341752,Not at intersection,1,100,Arterial Other,COBDEN-STONYFORD,CORANGAMITE,-38.333633,143.23953,2019,2,February,3,Late Night,Weekend
T20190003290,2019-02-02,11:30:00,1,Collision with vehicle,6,Saturday,130,REAR END(VEHICLES IN SAME LANE),1,42796,Cross intersection,3,50,Arterial Other,WARRIGAL,KINGSTON,-37.987637,145.07033,2019,2,February,11,Midday,Weekend
T20190002099,2019-02-02,23:30:00,6,Vehicle overturned (no collision),6,Saturday,182,OFF CARRIAGEWAY ON LEFT BEND,5,343297,Not at intersection,3,80,Local Road,DEVONDALE,COLAC OTWAY,-38.68558,143.27731,2019,2,February,23,Night,Weekend
T20190002034,2019-02-02,16:00:00,1,Collision with vehicle,6,Saturday,121,RIGHT THROUGH,1,29523,T intersection,2,60,Arterial Other,BALLARAT,MARIBYRNONG,-37.792385,144.89348,2019,2,February,16,Afternoon Peak,Weekend
T20190002101,2019-02-02,13:00:00,1,Collision with vehicle,6,Saturday,163,VEHICLE STRIKES DOOR OF PARKED/STATIONARY VEHICLE,1,41079,T intersection,3,60,Arterial Other,MARINE,PORT PHILLIP,-37.876286,144.977,2019,2,February,13,Midday,Weekend
T20190002113,2019-02-02,10:30:00,4,Collision with a fixed object,6,Saturday,171,LEFT OFF CARRIAGEWAY INTO OBJECT/PARKED VEHICLE,1,341935,Not at intersection,3,80,Arterial Highway,PRINCES,MOYNE,-38.327614,142.08344,2019,2,February,10,Midday,Weekend
T20190002005,2019-02-02,07:25:00,4,Collision with a fixed object,6,Saturday,181,OFF RIGHT BEND INTO OBJECT/PARKED VEHICLE,2,347174,Not at intersection,3,100,Local Road,ARTHURS CREEK,WHITTLESEA,-37.57151,145.14288,2019,2,February,7,Morning Peak,Weekend
T20190002042,2019-02-02,18:04:00,1,Collision with vehicle,6,Saturday,114,TWO RIGHT TURNING (INTERSECTIONS ONLY),1,341931,Y intersection,2,50,Local Road,ST CLEMS,BANYULE,-37.69438,145.13475,2019,2,February,18,Afternoon Peak,Weekend
T20190002045,2019-02-02,18:07:00,4,Collision with a fixed object,6,Saturday,171,LEFT OFF CARRIAGEWAY INTO OBJECT/PARKED VEHICLE,1,342160,Not at intersection,2,60,Arterial Other,COTTRELL,WYNDHAM,-37.902973,144.65155,2019,2,February,18,Afternoon Peak,Weekend
T20190002046,2019-02-02,01:00:00,4,Collision with a fixed object,6,Saturday,181,OFF RIGHT BEND INTO OBJECT/PARKED VEHICLE,5,345693,Not at intersection,2,40,Arterial Highway,SOUTH GIPPSLAND,SOUTH GIPPSLAND,-38.671276,146.38663,2019,2,February,1,Late Night,Weekend
T20190002047,2019-02-02,18:09:00,1,Collision with vehicle,6,Saturday,110,CROSS TRAFFIC(INTERSECTIONS ONLY),1,37444,Cross intersection,2,50,Local Road,DANKS,PORT PHILLIP,-37.84377,144.9449,2019,2,February,18,Afternoon Peak,Weekend
T20190002018,2019-02-02,12:20:00,1,Collision with vehicle,6,Saturday,137,LEFT TURN SIDESWIPE,1,37310,T intersection,3,60,Arterial Other,BURNLEY,YARRA,-37.821526,145.00793,2019,2,February,12,Midday,Weekend
T20190002021,2019-02-02,13:10:00,7,Fall from or in moving vehicle,6,Saturday,179,OTHER ACCIDENTS-OFF STRAIGHT NOT INCLUDED IN DCAs 170-175,1,341983,Not at intersection,2,60,Arterial Other,MAIN,BANYULE,-37.701637,145.1067,2019,2,February,13,Midday,Weekend
T20190002023,2019-02-02,11:21:00,1,Collision with vehicle,6,Saturday,111,RIGHT FAR (INTERSECTIONS ONLY),1,341933,T intersection,2,80,Arterial Other,PRINCES,CASEY,-38.02963,145.33224,2019,2,February,11,Midday,Weekend
T20190002026,2019-02-02,11:07:00,4,Collision with a fixed object,6,Saturday,173,RIGHT OFF CARRIAGEWAY INTO OBJECT/PARKED VEHICLE,1,342668,T intersection,2,60,Arterial Other,CLAYTON,KINGSTON,-37.935,145.11775,2019,2,February,11,Midday,Weekend
T20190002027,2019-02-02,10:45:00,1,Collision with vehicle,6,Saturday,135,LANE CHANGE LEFT (NOT OVERTAKING),1,346509,Not at intersection,2,60,Arterial Highway,KINGS,MELBOURNE,-37.826817,144.96138,2019,2,February,10,Midday,Weekend
T20190002013,2019-02-02,11:05:00,2,Struck Pedestrian,6,Saturday,100,PED NEAR SIDE. PED HIT BY VEHICLE FROM THE RIGHT.,1,36459,Cross intersection,3,40,Arterial Other,JOHNSTON,YARRA,-37.79822,144.97739,2019,2,February,11,Midday,Weekend
T20190002015,2019-02-02,12:00:00,1,Collision with vehicle,6,Saturday,132,RIGHT REAR.,1,244736,T intersection,3,60,Arterial Other,VICTORIA,MELBOURNE,-37.80949,144.98558,2019,2,February,12,Midday,Weekend
T20190003108,2019-02-02,14:00:00,1,Collision with vehicle,6,Saturday,130,REAR END(VEHICLES IN SAME LANE),1,277408,Cross intersection,3,80,Arterial Highway,HEIDELBERG-KINGLAKE,NILLUMBIK,-37.689198,145.11288,2019,2,February,14,Midday,Weekend
T20190002075,2019-02-02,09:43:00,1,Collision with vehicle,6,Saturday,139,OTHER SAME DIRECTION-MANOUEVRES NOT INCLUDED IN DCAs 130-137,1,342015,Not at intersection,2,60,Arterial Highway,POINT NEPEAN,MORNINGTON PENINSULA,-38.350945,144.9224,2019,2,February,9,Morning Peak,Weekend
T20190002071,2019-02-02,23:38:00,1,Collision with vehicle,6,Saturday,120,HEAD ON (NOT OVERTAKING),3,342052,T intersection,2,60,Arterial Other,POINT COOK,WYNDHAM,-37.89164,144.75517,2019,2,February,23,Night,Weekend
T20190003209,2019-02-02,10:45:00,1,Collision with vehicle,6,Saturday,121,RIGHT THROUGH,1,342436,T intersection,3,60,Arterial Other,OLD GEELONG,WYNDHAM,-37.876205,144.71523,2019,2,February,10,Midday,Weekend
T20190002000,2019-02-02,04:00:00,4,Collision with a fixed object,6,Saturday,171,LEFT OFF CARRIAGEWAY INTO OBJECT/PARKED VEHICLE,3,342164,Not at intersection,2,70,Arterial Other,BALLARAT,BRIMBANK,-37.77847,144.84059,2019,2,February,4,Late Night,Weekend
T20190001998,2019-02-02,00:35:00,1,Collision with vehicle,6,Saturday,130,REAR END(VEHICLES IN SAME LANE),3,342915,Not at intersection,3,40,Local Road,NICHOLSON,YARRA,-37.80257,144.99725,2019,2,February,0,Late Night,Weekend
T20190002057,2019-02-02,18:15:00,1,Collision with vehicle,6,Saturday,110,CROSS TRAFFIC(INTERSECTIONS ONLY),1,40358,Cross intersection,3,60,Local Road,EL RENO,MOONEE VALLEY,-37.726593,144.88448,2019,2,February,18,Afternoon Peak,Weekend
T20190002055,2019-02-02,21:25:00,1,Collision with vehicle,6,Saturday,133,LANE SIDE SWIPE (VEHICLES IN PARALLEL LANES),3,345539,Not at intersection,2,100,Freeway,TULLAMARINE,HUME,-37.70121,144.88861,2019,2,February,21,Night,Weekend
T20190002053,2019-02-02,18:00:00,2,Struck Pedestrian,6,Saturday,100,PED NEAR SIDE. PED HIT BY VEHICLE FROM THE RIGHT.,1,342579,Not at intersection,3,50,Local Road,ASHTED,WHITEHORSE,-37.82324,145.12553,2019,2,February,18,Afternoon Peak,Weekend
T20200002463,2019-02-02,17:40:00,4,Collision with a fixed object,6,Saturday,189,OTHER ACCIDENTS ON CURVE NOT INCLUDED IN DCAs 180-184,1,630609,Not at intersection,3,100,Freeway,METROPOLITAN RING IN-HUME,WHITTLESEA,-37.689636,144.98836,2019,2,February,17,Afternoon Peak,Weekend
T20190002051,2019-02-02,19:00:00,4,Collision with a fixed object,6,Saturday,151,OUT OF CONTROL (OVERTAKING),1,341927,Not at intersection,3,100,Local Road,LARDNERS,BAW BAW,-38.1762,145.88727,2019,2,February,19,Night,Weekend
T20190002048,2019-02-02,15:45:00,6,Vehicle overturned (no collision),6,Saturday,174,OUT OF CONTROL ON CARRIAGEWAY (ON STRAIGHT),1,347175,Not at intersection,3,80,Local Road,SINCLAIRS,MELTON,-37.73462,144.70738,2019,2,February,15,Afternoon Peak,Weekend
T20190002006,2019-02-02,07:55:00,4,Collision with a fixed object,6,Saturday,173,RIGHT OFF CARRIAGEWAY INTO OBJECT/PARKED VEHICLE,1,343129,Not at intersection,3,100,Local Road,BOLINDA-DARRAWEIT,MACEDON RANGES,-37.413853,144.88705,2019,2,February,7,Morning Peak,Weekend
T20190002086,2019-02-03,10:14:00,2,Struck Pedestrian,7,Sunday,102,FAR SIDE. PED HIT BY VEHICLE FROM THE LEFT,1,344414,Not at intersection,2,60,Arterial Highway,WARRIGAL,MONASH,-37.91354,145.08452,2019,2,February,10,Midday,Weekend
T20190002084,2019-02-03,09:45:00,1,Collision with vehicle,7,Sunday,121,RIGHT THROUGH,1,38308,Cross intersection,2,60,Arterial Other,FOOTE,MANNINGHAM,-37.75777,145.11856,2019,2,February,9,Morning Peak,Weekend
T20190002081,2019-02-03,01:00:00,4,Collision with a fixed object,7,Sunday,183,OFF LEFT BEND INTO OBJECT/PARKED VEHICLE,5,661147,Not at intersection,2,100,Arterial Other,MURRAY RIVER,TOWONG,-35.988483,147.36227,2019,2,February,1,Late Night,Weekend