ACCIDENT_NO,ACCIDENT_DATE,ACCIDENT_TIME,ACCIDENT_TYPE,ACCIDENT_TYPE_DESC,DAY_OF_WEEK,DAY_WEEK_DESC,DCA_CODE,DCA_DESC,LIGHT_CONDITION,NODE_ID,ROAD_GEOMETRY_DESC,SEVERITY,SPEED_ZONE,RMA,ROAD_NAME,LGA_NAME,LATITUDE,LONGITUDE,YEAR,MONTH,MONTH_NAME,HOUR,TIME_PERIOD,DAY_TYPE
T20190002078,2019-02-03,09:15:00,4,Collision with a fixed object,7,Sunday,173,RIGHT OFF CARRIAGEWAY INTO OBJECT/PARKED VEHICLE,1,344413,Cross intersection,3,50,Arterial Highway,WHYTE,SOUTHERN GRAMPIANS,-37.598763,141.6961,2019,2,February,9,Morning Peak,Weekend
T20190002068,2019-02-03,04:56:00,4,Collision with a fixed object,7,Sunday,171,LEFT OFF CARRIAGEWAY INTO OBJECT/PARKED VEHICLE,5,342161,Not at intersection,3,80,Arterial Other,MICKLEHAM,HUME,-37.55394,144.87825,2019,2,February,4,Late Night,Weekend
T20190002088,2019-02-03,11:20:00,1,Collision with vehicle,7,Sunday,119,OTHER ADJACENT (INTERSECTIONS ONLY),1,38607,T intersection,3,80,Arterial Highway,GEELONG,MARIBYRNONG,-37.81335,144.86148,2019,2,February,11,Midday,Weekend
T20190002767,2019-02-03,16:00:00,1,Collision with vehicle,7,Sunday,130,REAR END(VEHICLES IN SAME LANE),1,235989,Not at intersection,3,100,Freeway,PRINCES,HOBSONS BAY,-37.85747,144.77829,2019,2,February,16,Afternoon Peak,Weekend
T20190002133,2019-02-03,12:30:00,4,Collision with a fixed object,7,Sunday,173,RIGHT OFF CARRIAGEWAY INTO OBJECT/PARKED VEHICLE,1,341976,Not at intersection,2,60,Local Road,BUCKLEY,DANDENONG,-37.97754,145.17233,2019,2,February,12,Midday,Weekend
T20190002128,2019-02-03,00:30:00,1,Collision with vehicle,7,Sunday,171,LEFT OFF CARRIAGEWAY INTO OBJECT/PARKED VEHICLE,6,341955,T intersection,2,50,Local Road,ALDEBARAN,GEELONG,-38.26354,144.5467,2019,2,February,0,Late Night,Weekend
T20190002122,2019-02-03,21:56:00,1,Collision with vehicle,7,Sunday,160,VEHICLE COLLIDES WITH VEHICLE PARKED ON LEFT OF ROAD,3,360295,Not at intersection,2,60,Local Road,SHERBOURNE,BANYULE,-37.710224,145.11844,2019,2,February,21,Night,Weekend
T20190002121,2019-02-03,22:50:00,1,Collision with vehicle,7,Sunday,119,OTHER ADJACENT (INTERSECTIONS ONLY),3,280236,Multiple intersection,2,80,Freeway,BORONIA,KNOX,-37.846104,145.21637,2019,2,February,22,Night,Weekend
T20190002120,2019-02-03,19:00:00,1,Collision with vehicle,7,Sunday,160,VEHICLE COLLIDES WITH VEHICLE PARKED ON LEFT OF ROAD,1,360297,Not at intersection,3,50,Local Road,JASMINE,WHITTLESEA,-37.676224,145.04976,2019,2,February,19,Night,Weekend
T20190002116,2019-02-03,19:33:00,2,Struck Pedestrian,7,Sunday,103,PED PLAYING/LYING/WORKING/STANDING ON CARRIAGEWAY.,1,342493,Not at intersection,2,50,Local Road,MELANIE BLAIR,FRANKSTON,-38.09668,145.20242,2019,2,February,19,Night,Weekend
T20190002111,2019-02-03,14:40:00,1,Collision with vehicle,7,Sunday,111,RIGHT FAR (INTERSECTIONS ONLY),1,291481,T intersection,3,60,Freeway,BLACKBURN,WHITEHORSE,-37.800793,145.15976,2019,2,February,14,Midday,Weekend
T20190002110,2019-02-03,18:25:00,1,Collision with vehicle,7,Sunday,121,RIGHT THROUGH,1,342432,Not at intersection,3,80,Arterial Other,COOLART,MORNINGTON PENINSULA,-38.24064,145.15,2019,2,February,18,Afternoon Peak,Weekend
T20190002102,2019-02-03,07:00:00,1,Collision with vehicle,7,Sunday,110,CROSS TRAFFIC(INTERSECTIONS ONLY),1,50258,Cross intersection,2,100,Arterial Highway,PRINCES,SURF COAST,-38.21283,144.18077,2019,2,February,7,Morning Peak,Weekend
T20190002097,2019-02-03,14:50:00,1,Collision with vehicle,7,Sunday,110,CROSS TRAFFIC(INTERSECTIONS ONLY),1,46085,Cross intersection,3,70,Arterial Highway,SPRINGVALE,DANDENONG,-37.933144,145.156,2019,2,February,14,Midday,Weekend
T20190002094,2019-02-03,13:55:00,1,Collision with vehicle,7,Sunday,130,REAR END(VEHICLES IN SAME LANE),1,342023,Not at intersection,3,60,Arterial Other,DIAMOND CREEK,NILLUMBIK,-37.675137,145.14641,2019,2,February,13,Midday,Weekend
T20190002093,2019-02-03,13:01:00,1,Collision with vehicle,7,Sunday,130,REAR END(VEHICLES IN SAME LANE),1,343506,Not at intersection,3,50,Arterial Highway,COLLINGWOOD,COLAC OTWAY,-38.75586,143.66927,2019,2,February,13,Midday,Weekend
T20190002092,2019-02-03,12:15:00,4,Collision with a fixed object,7,Sunday,183,OFF LEFT BEND INTO OBJECT/PARKED VEHICLE,1,344049,Not at intersection,2,100,Local Road,DALYSTON-GLEN FORBES,BASS COAST,-38.47167,145.54265,2019,2,February,12,Midday,Weekend
T20190002087,2019-02-03,10:20:00,1,Collision with vehicle,7,Sunday,110,CROSS TRAFFIC(INTERSECTIONS ONLY),1,342016,Cross intersection,3,100,Arterial Other,GEMBROOK-LAUNCHING PLACE,CARDINIA,-37.906696,145.59256,2019,2,February,10,Midday,Weekend
T20190002138,2019-02-04,08:45:00,2,Struck Pedestrian,1,Monday,101,PED EMERGES FROM IN FRONT OF PARKED OR STATIONARY VEHICLE,1,341984,Not at intersection,3,50,Local Road,WOODLAND,MORNINGTON PENINSULA,-38.17204,145.09042,2019,2,February,8,Morning Peak,Weekday
T20190002756,2019-02-04,18:00:00,2,Struck Pedestrian,1,Monday,102,FAR SIDE. PED HIT BY VEHICLE FROM THE LEFT,1,128127,Not at intersection,3,50,Local Road,HIGHETT,BAYSIDE,-37.948715,145.04166,2019,2,February,18,Afternoon Peak,Weekday
T20190002264,2019-02-04,16:20:00,1,Collision with vehicle,1,Monday,131,LEFT REAR,1,346600,Not at intersection,3,40,Arterial Other,CROYDON-WARRANDYTE,MAROONDAH,-37.776814,145.24956,2019,2,February,16,Afternoon Peak,Weekday
T20190002141,2019-02-04,12:40:00,2,Struck Pedestrian,1,Monday,100,PED NEAR SIDE. PED HIT BY VEHICLE FROM THE RIGHT.,1,51110,Cross intersection,3,50,Arterial Highway,MCLENNAN,SHEPPARTON,-36.394432,145.35938,2019,2,February,12,Midday,Weekday
T20190002175,2019-02-04,20:15:00,1,Collision with vehicle,1,Monday,120,HEAD ON (NOT OVERTAKING),1,344512,Not at intersection,2,100,Arterial Other,DROUIN-KORUMBURRA,SOUTH GIPPSLAND,-38.29073,145.76897,2019,2,February,20,Night,Weekday
T20190002162,2019-02-04,15:29:00,1,Collision with vehicle,1,Monday,130,REAR END(VEHICLES IN SAME LANE),1,342865,T intersection,2,60,Arterial Other,POLICE,MONASH,-37.93589,145.17847,2019,2,February,15,Afternoon Peak,Weekday
T20190012119,2019-02-04,20:35:00,1,Collision with vehicle,1,Monday,198,OTHER ACCIDENTS NOT CLASSIFIABLE ELSEWHERE,3,641138,Not at intersection,3,40,Local Road,UNNAMED,BAYSIDE,-37.91106,144.98529,2019,2,February,20,Night,Weekday
T20190002174,2019-02-04,17:50:00,1,Collision with vehicle,1,Monday,119,OTHER ADJACENT (INTERSECTIONS ONLY),1,29862,T intersection,3,40,Local Road,GRATTAN,MELBOURNE,-37.801064,144.9699,2019,2,February,17,Afternoon Peak,Weekday
T20190002143,2019-02-04,08:25:00,1,Collision with vehicle,1,Monday,113,RIGHT NEAR (INTERSECTIONS ONLY),1,43827,T intersection,3,70,Local Road,GRANTULLA,YARRA RANGES,-37.886642,145.37776,2019,2,February,8,Morning Peak,Weekday
T20190002189,2019-02-04,21:23:00,4,Collision with a fixed object,1,Monday,171,LEFT OFF CARRIAGEWAY INTO OBJECT/PARKED VEHICLE,5,341800,Not at intersection,1,80,Local Road,HIGH,MELTON,-37.68633,144.5369,2019,2,February,21,Night,Weekday
T20190002386,2019-02-04,08:30:00,1,Collision with vehicle,1,Monday,111,RIGHT FAR (INTERSECTIONS ONLY),1,346067,T intersection,3,50,Local Road,LAWSON,MELTON,-37.725067,144.73517,2019,2,February,8,Morning Peak,Weekday
T20190002145,2019-02-04,13:08:00,1,Collision with vehicle,1,Monday,120,HEAD ON (NOT OVERTAKING),1,342933,Not at intersection,2,40,Arterial Other,CHANDLER,BOROONDARA,-37.78677,145.02547,2019,2,February,13,Midday,Weekday
T20190002186,2019-02-04,12:03:00,1,Collision with vehicle,1,Monday,121,RIGHT THROUGH,1,38668,Cross intersection,2,60,Arterial Highway,FRANCIS,MARIBYRNONG,-37.820267,144.88213,2019,2,February,12,Midday,Weekday
T20190002182,2019-02-04,16:10:00,1,Collision with vehicle,1,Monday,130,REAR END(VEHICLES IN SAME LANE),1,290714,T intersection,2,60,Local Road,MORRIS,WYNDHAM,-37.862537,144.70416,2019,2,February,16,Afternoon Peak,Weekday
T20190002146,2019-02-04,10:20:00,1,Collision with vehicle,1,Monday,121,RIGHT THROUGH,1,341967,Not at intersection,3,50,Local Road,CORPORATE,KINGSTON,-37.948837,145.08124,2019,2,February,10,Midday,Weekday
T20190002147,2019-02-04,11:15:00,8,No collision and no object struck,1,Monday,151,OUT OF CONTROL (OVERTAKING),1,342500,Not at intersection,2,50,Local Road,MILLER,DAREBIN,-37.751167,144.98926,2019,2,February,11,Midday,Weekday
T20190002151,2019-02-04,12:40:00,1,Collision with vehicle,1,Monday,111,RIGHT FAR (INTERSECTIONS ONLY),1,38060,Cross intersection,3,60,Arterial Other,ALBERT STREET -STATION,DAREBIN,-37.754433,145.02061,2019,2,February,12,Midday,Weekday
T20190002159,2019-02-04,17:10:00,1,Collision with vehicle,1,Monday,130,REAR END(VEHICLES IN SAME LANE),1,342007,Multiple intersection,3,60,Arterial Other,ANGLESEA,GEELONG,-38.21904,144.28722,2019,2,February,17,Afternoon Peak,Weekday
T20190002406,2019-02-04,03:45:00,4,Collision with a fixed object,1,Monday,183,OFF LEFT BEND INTO OBJECT/PARKED VEHICLE,5,342038,T intersection,2,100,Arterial Other,SIMS,MOYNE,-38.249256,142.46184,2019,2,February,3,Late Night,Weekday
T20190002180,2019-02-04,17:25:00,1,Collision with vehicle,1,Monday,130,REAR END(VEHICLES IN SAME LANE),1,341999,Not at intersection,2,100,Freeway,PRINCES,HOBSONS BAY,-37.862648,144.77704,2019,2,February,17,Afternoon Peak,Weekday
T20190002165,2019-02-04,18:34:00,1,Collision with vehicle,1,Monday,130,REAR END(VEHICLES IN SAME LANE),1,343348,Not at intersection,2,100,Arterial Other,TIMBOON-PORT CAMPBELL,CORANGAMITE,-38.49999,142.99829,2019,2,February,18,Afternoon Peak,Weekday
T20190002427,2019-02-04,06:45:00,1,Collision with vehicle,1,Monday,135,LANE CHANGE LEFT (NOT OVERTAKING),2,346637,Not at intersection,2,50,Arterial Other,BEACH,BAYSIDE,-37.891422,144.99074,2019,2,February,6,Morning Peak,Weekday
T20190002177,2019-02-04,19:45:00,4,Collision with a fixed object,1,Monday,171,LEFT OFF CARRIAGEWAY INTO OBJECT/PARKED VEHICLE,1,651787,Not at intersection,3,50,Local Road,MATILDA,WHITTLESEA,-37.616333,145.03143,2019,2,February,19,Night,Weekday
T20190002134,2019-02-04,06:00:00,1,Collision with vehicle,1,Monday,110,CROSS TRAFFIC(INTERSECTIONS ONLY),2,15447,Cross intersection,2,80,Arterial Other,GHAZEEPORE,GEELONG,-38.24437,144.29613,2019,2,February,6,Morning Peak,Weekday
T20190002168,2019-02-04,15:48:00,1,Collision with vehicle,1,Monday,130,REAR END(VEHICLES IN SAME LANE),1,586426,Not at intersection,3,80,Arterial Other,BELGRAVE-HALLAM,CASEY,-37.96973,145.31653,2019,2,February,15,Afternoon Peak,Weekday
T20190006721,2019-02-05,17:45:00,1,Collision with vehicle,2,Tuesday,130,REAR END(VEHICLES IN SAME LANE),2,278850,T intersection,3,60,Arterial Other,RONALD,WYNDHAM,-37.852085,144.72385,2019,2,February,17,Afternoon Peak,Weekday
T20190002512,2019-02-05,15:20:00,1,Collision with vehicle,2,Tuesday,110,CROSS TRAFFIC(INTERSECTIONS ONLY),1,344591,Cross intersection,3,50,Local Road,SMITH,ARARAT,-37.276512,142.94565,2019,2,February,15,Afternoon Peak,Weekday
T20190002217,2019-02-05,15:58:00,1,Collision with vehicle,2,Tuesday,130,REAR END(VEHICLES IN SAME LANE),1,342025,Not at intersection,3,80,Arterial Highway,SPRINGVALE,MONASH,-37.87749,145.16624,2019,2,February,15,Afternoon Peak,Weekday
T20190002216,2019-02-05,16:00:00,1,Collision with vehicle,2,Tuesday,130,REAR END(VEHICLES IN SAME LANE),1,342019,Not at intersection,3,60,Arterial Other,CRAIGIEBURN,HUME,-37.592766,144.90329,2019,2,February,16,Afternoon Peak,Weekday
T20190002223,2019-02-05,17:08:00,1,Collision with vehicle,2,Tuesday,121,RIGHT THROUGH,1,342054,Not at intersection,3,60,Arterial Other,ASHLEY,MARIBYRNONG,-37.78239,144.86523,2019,2,February,17,Afternoon Peak,Weekday
T20190002215,2019-02-05,15:35:00,1,Collision with vehicle,2,Tuesday,133,LANE SIDE SWIPE (VEHICLES IN PARALLEL LANES),1,35546,Cross intersection,2,80,Arterial Highway,DANDENONG,STONNINGTON,-37.88389,145.05807,2019,2,February,15,Afternoon Peak,Weekday
T20190002207,2019-02-05,09:50:00,1,Collision with vehicle,2,Tuesday,140,U TURN,1,342646,Not at intersection,3,60,Arterial Highway,CURLEWIS,SWAN HILL,-35.33746,143.56062,2019,2,February,9,Morning Peak,Weekday
T20190002193,2019-02-05,09:00:00,1,Collision with vehicle,2,Tuesday,110,CROSS TRAFFIC(INTERSECTIONS ONLY),1,37131,Cross intersection,2,50,Arterial Other,THOMPSONS,CASEY,-38.08249,145.27904,2019,2,February,9,Morning Peak,Weekday
T20190002252,2019-02-05,11:00:00,4,Collision with a fixed object,2,Tuesday,181,OFF RIGHT BEND INTO OBJECT/PARKED VEHICLE,1,342018,Not at intersection,3,100,Arterial Highway,MURRAY VALLEY,SWAN HILL,-34.71911,142.99924,2019,2,February,11,Midday,Weekday
T20190002187,2019-02-05,05:36:00,1,Collision with vehicle,2,Tuesday,121,RIGHT THROUGH,3,44976,T intersection,2,60,Arterial Other,ST ALBANS,BRIMBANK,-37.756393,144.80908,2019,2,February,5,Morning Peak,Weekday
T20190002607,2019-02-05,16:03:00,1,Collision with vehicle,2,Tuesday,121,RIGHT THROUGH,1,42847,T intersection,3,60,Arterial Other,CENTRE DANDENONG,KINGSTON,-37.97147,145.10515,2019,2,February,16,Afternoon Peak,Weekday
T20190002239,2019-02-05,18:15:00,1,Collision with vehicle,2,Tuesday,130,REAR END(VEHICLES IN SAME LANE),9,327634,T intersection,2,60,Freeway,DALTON,WHITTLESEA,-37.686275,145.02866,2019,2,February,18,Afternoon Peak,Weekday
T20190002234,2019-02-05,22:25:00,1,Collision with vehicle,2,Tuesday,110,CROSS TRAFFIC(INTERSECTIONS ONLY),5,264154,Cross intersection,1,100,Arterial Other,QUEENSCLIFF,GEELONG,-38.19633,144.64088,2019,2,February,22,Night,Weekday
T20190002272,2019-02-05,20:15:00,8,No collision and no object struck,2,Tuesday,184,OUT OF CONTROL ON CARRIAGEWAY (ON BEND),5,354390,Not at intersection,3,70,Arterial Other,MONBULK,YARRA RANGES,-37.89972,145.35689,2019,2,February,20,Night,Weekday
T20190002345,2019-02-05,07:00:00,1,Collision with vehicle,2,Tuesday,130,REAR END(VEHICLES IN SAME LANE),1,57561,Cross intersection,3,80,Arterial Highway,NORTH,GLEN EIRA,-37.899754,145.00644,2019,2,February,7,Morning Peak,Weekday
T20190002525,2019-02-05,08:30:00,7,Fall from or in moving vehicle,2,Tuesday,179,OTHER ACCIDENTS-OFF STRAIGHT NOT INCLUDED IN DCAs 170-175,1,37193,T intersection,3,40,Arterial Other,CHURCH,YARRA,-37.81539,144.99976,2019,2,February,8,Morning Peak,Weekday
T20190002233,2019-02-05,21:11:00,1,Collision with vehicle,2,Tuesday,121,RIGHT THROUGH,4,986,Cross intersection,2,60,Arterial Other,HIGH,CASEY,-38.03961,145.36034,2019,2,February,21,Night,Weekday
T20190002331,2019-02-05,15:50:00,1,Collision with vehicle,2,Tuesday,121,RIGHT THROUGH,1,12288,T intersection,3,60,Freeway,FITZGERALD-WESTERN RING OUT,BRIMBANK,-37.79897,144.7892,2019,2,February,15,Afternoon Peak,Weekday
T20190002219,2019-02-05,18:10:00,1,Collision with vehicle,2,Tuesday,110,CROSS TRAFFIC(INTERSECTIONS ONLY),1,36221,Cross intersection,3,60,Arterial Other,ROYAL,MELBOURNE,-37.792553,144.95845,2019,2,February,18,Afternoon Peak,Weekday
T20190002231,2019-02-05,14:41:00,1,Collision with vehicle,2,Tuesday,113,RIGHT NEAR (INTERSECTIONS ONLY),1,55705,T intersection,2,60,Arterial Other,GLEN EIRA,GLEN EIRA,-37.878654,145.01216,2019,2,February,14,Midday,Weekday
T20190003187,2019-02-05,16:00:00,1,Collision with vehicle,2,Tuesday,130,REAR END(VEHICLES IN SAME LANE),1,281975,T intersection,3,60,Arterial Other,MILLERS,HOBSONS BAY,-37.844063,144.84607,2019,2,February,16,Afternoon Peak,Weekday
T20190002313,2019-02-05,22:30:00,4,Collision with a fixed object,2,Tuesday,179,OTHER ACCIDENTS-OFF STRAIGHT NOT INCLUDED IN DCAs 170-175,3,50193,Cross intersection,3,60,Arterial Highway,SURF COAST,GEELONG,-38.182446,144.34473,2019,2,February,22,Night,Weekday
T20190002225,2019-02-05,19:15:00,1,Collision with vehicle,2,Tuesday,111,RIGHT FAR (INTERSECTIONS ONLY),2,39624,Cross intersection,3,60,Arterial Highway,MAROONDAH,MAROONDAH,-37.816685,145.2244,2019,2,February,19,Night,Weekday
T20190002224,2019-02-05,17:45:00,4,Collision with a fixed object,2,Tuesday,171,LEFT OFF CARRIAGEWAY INTO OBJECT/PARKED VEHICLE,1,342913,Not at intersection,2,100,Arterial Other,SPENCER,MOYNE,-38.27928,142.25687,2019,2,February,17,Afternoon Peak,Weekday
T20190002310,2019-02-06,21:45:00,1,Collision with vehicle,3,Wednesday,137,LEFT TURN SIDESWIPE,3,37150,Cross intersection,2,40,Arterial Other,VICTORIA,YARRA,-37.810093,144.99603,2019,2,February,21,Night,Weekday
T20190002309,2019-02-06,20:49:00,6,Vehicle overturned (no collision),3,Wednesday,170,OFF CARRIAGEWAY TO LEFT,5,344416,Not at intersection,2,100,Local Road,NORTH SOUTH,CORANGAMITE,-38.584282,142.9625,2019,2,February,20,Night,Weekday
T20190002307,2019-02-06,17:15:00,6,Vehicle overturned (no collision),3,Wednesday,174,OUT OF CONTROL ON CARRIAGEWAY (ON STRAIGHT),1,360298,Not at intersection,3,100,Local Road,SIDDLES,MOUNT ALEXANDER,-37.05219,144.50851,2019,2,February,17,Afternoon Peak,Weekday
T20190002305,2019-02-06,15:52:00,6,Vehicle overturned (no collision),3,Wednesday,174,OUT OF CONTROL ON CARRIAGEWAY (ON STRAIGHT),1,342003,Not at intersection,3,100,Arterial Other,MATTINGLEY HILL,LATROBE,-38.24945,146.53284,2019,2,February,15,Afternoon Peak,Weekday
T20190002301,2019-02-06,20:00:00,1,Collision with vehicle,3,Wednesday,171,LEFT OFF CARRIAGEWAY INTO OBJECT/PARKED VEHICLE,3,342400,Not at intersection,3,60,Arterial Other,FERRARS,PORT PHILLIP,-37.83685,144.95673,2019,2,February,20,Night,Weekday
T20190002300,2019-02-06,13:24:00,1,Collision with vehicle,3,Wednesday,113,RIGHT NEAR (INTERSECTIONS ONLY),1,47391,T intersection,2,60,Local Road,LANSDOWNE,MORELAND,-37.735783,144.94685,2019,2,February,13,Midday,Weekday
T20190002295,2019-02-06,18:15:00,1,Collision with vehicle,3,Wednesday,160,VEHICLE COLLIDES WITH VEHICLE PARKED ON LEFT OF ROAD,1,342233,Not at intersection,3,50,Local Road,VERDUN,CASEY,-38.025066,145.3159,2019,2,February,18,Afternoon Peak,Weekday
T20190002291,2019-02-06,16:10:00,6,Vehicle overturned (no collision),3,Wednesday,170,OFF CARRIAGEWAY TO LEFT,1,342004,T intersection,3,80,Local Road,CONSTANTINE,GEELONG,-38.00437,144.42255,2019,2,February,16,Afternoon Peak,Weekday
T20190002287,2019-02-06,17:45:00,1,Collision with vehicle,3,Wednesday,121,RIGHT THROUGH,1,49643,T intersection,2,60,Local Road,PLANTATION,GEELONG,-38.065533,144.34982,2019,2,February,17,Afternoon Peak,Weekday
T20190002285,2019-02-06,12:32:00,1,Collision with vehicle,3,Wednesday,130,REAR END(VEHICLES IN SAME LANE),1,223491,Cross intersection,3,60,Local Road,HATCHLANDS,MELTON,-37.776993,144.75539,2019,2,February,12,Midday,Weekday
T20190002261,2019-02-06,12:30:00,1,Collision with vehicle,3,Wednesday,147,VEHICLE STRIKES ANOTHER VEH WHILE EMERGING FROM DRIVEWAY,1,342262,Not at intersection,3,50,Local Road,TULLAMARINE PARK,BRIMBANK,-37.71386,144.86212,2019,2,February,12,Midday,Weekday
T20190002262,2019-02-06,11:55:00,1,Collision with vehicle,3,Wednesday,130,REAR END(VEHICLES IN SAME LANE),1,342084,Not at intersection,3,60,Arterial Other,AUBURN,BOROONDARA,-37.82584,145.0444,2019,2,February,11,Midday,Weekday
T20190002283,2019-02-06,15:18:00,1,Collision with vehicle,3,Wednesday,151,OUT OF CONTROL (OVERTAKING),1,342710,Not at intersection,2,100,Freeway,WESTERN RING,MORELAND,-37.69649,144.90007,2019,2,February,15,Afternoon Peak,Weekday
T20190003055,2019-02-06,18:37:00,1,Collision with vehicle,3,Wednesday,130,REAR END(VEHICLES IN SAME LANE),1,343436,Not at intersection,3,60,Arterial Other,BURWOOD,BOROONDARA,-37.824028,145.0472,2019,2,February,18,Afternoon Peak,Weekday
T20190002281,2019-02-06,14:30:00,1,Collision with vehicle,3,Wednesday,171,LEFT OFF CARRIAGEWAY INTO OBJECT/PARKED VEHICLE,1,342935,Not at intersection,2,70,Arterial Highway,HODDLE,MELBOURNE,-37.81333,144.99072,2019,2,February,14,Midday,Weekday
T20190002292,2019-02-06,17:51:00,1,Collision with vehicle,3,Wednesday,111,RIGHT FAR (INTERSECTIONS ONLY),1,49916,Cross intersection,3,40,Local Road,FENWICK,GEELONG,-38.145504,144.35585,2019,2,February,17,Afternoon Peak,Weekday
T20190002280,2019-02-06,12:40:00,7,Fall from or in moving vehicle,3,Wednesday,179,OTHER ACCIDENTS-OFF STRAIGHT NOT INCLUDED IN DCAs 170-175,1,45990,Cross intersection,3,60,Arterial Other,VICTORIA,MELBOURNE,-37.80661,144.96245,2019,2,February,12,Midday,Weekday
T20190002242,2019-02-06,08:55:00,1,Collision with vehicle,3,Wednesday,122,LEFT THROUGH,1,342141,Not at intersection,2,60,Local Road,INKERMAN,PORT PHILLIP,-37.866985,145.00433,2019,2,February,8,Morning Peak,Weekday
T20210022888,2019-02-06,03:30:00,4,Collision with a fixed object,3,Wednesday,179,OTHER ACCIDENTS-OFF STRAIGHT NOT INCLUDED IN DCAs 170-175,5,779742,Not at intersection,3,100,Local Road,NORTH DARTMOOR,GLENELG,-37.85644,141.24463,2019,2,February,3,Late Night,Weekday
T20190002243,2019-02-06,07:50:00,1,Collision with vehicle,3,Wednesday,130,REAR END(VEHICLES IN SAME LANE),1,11590,T intersection,2,60,Arterial Other,STEAD,PORT PHILLIP,-37.836403,144.96942,2019,2,February,7,Morning Peak,Weekday
T20190002247,2019-02-06,07:50:00,2,Struck Pedestrian,3,Wednesday,103,PED PLAYING/LYING/WORKING/STANDING ON CARRIAGEWAY.,1,59509,T intersection,3,40,Arterial Highway,NAPIER,BENDIGO,-36.72402,144.31064,2019,2,February,7,Morning Peak,Weekday
T20190002249,2019-02-06,09:06:00,4,Collision with a fixed object,3,Wednesday,173,RIGHT OFF CARRIAGEWAY INTO OBJECT/PARKED VEHICLE,1,342006,Not at intersection,3,80,Arterial Other,LATROBE RIVER,LATROBE,-38.17312,146.346,2019,2,February,9,Morning Peak,Weekday
T20190002250,2019-02-06,08:00:00,1,Collision with vehicle,3,Wednesday,130,REAR END(VEHICLES IN SAME LANE),1,342031,Not at intersection,3,70,Arterial Other,MELTON,BRIMBANK,-37.694935,144.76932,2019,2,February,8,Morning Peak,Weekday
T20190002254,2019-02-06,10:05:00,1,Collision with vehicle,3,Wednesday,111,RIGHT FAR (INTERSECTIONS ONLY),1,342478,T intersection,2,80,Arterial Other,PRINCES,BAW BAW,-38.0902,145.8295,2019,2,February,10,Midday,Weekday
T20190002256,2019-02-06,08:00:00,1,Collision with vehicle,3,Wednesday,130,REAR END(VEHICLES IN SAME LANE),1,341826,Not at intersection,1,100,Freeway,MONASH,MONASH,-37.89378,145.13812,2019,2,February,8,Morning Peak,Weekday
T20190002598,2019-02-06,21:50:00,4,Collision with a fixed object,3,Wednesday,173,RIGHT OFF CARRIAGEWAY INTO OBJECT/PARKED VEHICLE,3,342194,Not at intersection,2,70,Arterial Highway,BURWOOD,WHITEHORSE,-37.851425,145.14362,2019,2,February,21,Night,Weekday
T20190002968,2019-02-06,02:30:00,8,No collision and no object struck,3,Wednesday,175,OFF END OF ROAD/T-INTERSECTION.,9,342471,T intersection,3,60,Arterial Other,SCOTT,NILLUMBIK,-37.60449,145.26682,2019,2,February,2,Late Night,Weekday
T20190002372,2019-02-06,21:35:00,6,Vehicle overturned (no collision),3,Wednesday,151,OUT OF CONTROL (OVERTAKING),3,342022,Not at intersection,3,60,Arterial Other,GLENFERRIE,BOROONDARA,-37.80883,145.03793,2019,2,February,21,Night,Weekday
T20190002270,2019-02-06,12:50:00,1,Collision with vehicle,3,Wednesday,130,REAR END(VEHICLES IN SAME LANE),1,342068,Not at intersection,3,60,Arterial Other,CLAYTON,MONASH,-37.91275,145.12206,2019,2,February,12,Midday,Weekday
T20190002364,2019-02-06,21:15:00,5,collision with some other object,3,Wednesday,166,STRUCK OBJECT ON CARRIAGEWAY,5,342137,Not at intersection,3,100,Arterial Highway,MIDLAND,MANSFIELD,-36.88755,145.99522,2019,2,February,21,Night,Weekday
T20190002293,2019-02-06,17:57:00,4,Collision with a fixed object,3,Wednesday,171,LEFT OFF CARRIAGEWAY INTO OBJECT/PARKED VEHICLE,1,343796,Not at intersection,3,40,Local Road,HAMILTON,HORSHAM,-36.717834,142.20015,2019,2,February,17,Afternoon Peak,Weekday
T20190002255,2019-02-06,07:45:00,1,Collision with vehicle,3,Wednesday,130,REAR END(VEHICLES IN SAME LANE),1,345582,Not at intersection,2,40,Arterial Highway,OLYMPIC,MELBOURNE,-37.82329,144.97739,2019,2,February,7,Morning Peak,Weekday
T20190002336,2019-02-06,18:02:00,4,Collision with a fixed object,3,Wednesday,183,OFF LEFT BEND INTO OBJECT/PARKED VEHICLE,1,353553,Not at intersection,2,100,Arterial Other,GEELONG-BALLAN,MOORABOOL,-37.62468,144.2109,2019,2,February,18,Afternoon Peak,Weekday
T20190002335,2019-02-06,17:40:00,1,Collision with vehicle,3,Wednesday,130,REAR END(VEHICLES IN SAME LANE),2,45906,T intersection,3,70,Arterial Other,PRINCES,WYNDHAM,-37.884495,144.70096,2019,2,February,17,Afternoon Peak,Weekday
T20190002323,2019-02-06,06:00:00,1,Collision with vehicle,3,Wednesday,121,RIGHT THROUGH,3,342046,T intersection,3,50,Local Road,MCMILLAN,CAMPASPE,-36.142323,144.75548,2019,2,February,6,Morning Peak,Weekday
T20190002318,2019-02-06,16:45:00,1,Collision with vehicle,3,Wednesday,130,REAR END(VEHICLES IN SAME LANE),1,341827,Not at intersection,1,100,Arterial Other,BRIDGEWATER-SERPENTINE,LODDON,-36.5227,143.94734,2019,2,February,16,Afternoon Peak,Weekday