ACCIDENT_NO,ACCIDENT_DATE,ACCIDENT_TIME,ACCIDENT_TYPE,ACCIDENT_TYPE_DESC,DAY_OF_WEEK,DAY_WEEK_DESC,DCA_CODE,DCA_DESC,LIGHT_CONDITION,NODE_ID,ROAD_GEOMETRY_DESC,SEVERITY,SPEED_ZONE,RMA,ROAD_NAME,LGA_NAME,LATITUDE,LONGITUDE,YEAR,MONTH,MONTH_NAME,HOUR,TIME_PERIOD,DAY_TYPE
T20190002312,2019-02-06,22:40:00,7,Fall from or in moving vehicle,3,Wednesday,179,OTHER ACCIDENTS-OFF STRAIGHT NOT INCLUDED IN DCAs 170-175,3,36430,Cross intersection,3,60,Arterial Other,NICHOLSON,MELBOURNE,-37.79795,144.97488,2019,2,February,22,Night,Weekday
T20190002311,2019-02-06,14:20:00,1,Collision with vehicle,3,Wednesday,130,REAR END(VEHICLES IN SAME LANE),1,344102,Not at intersection,2,70,Arterial Other,SOMERTON,HUME,-37.637314,144.8999,2019,2,February,14,Midday,Weekday
T20190002380,2019-02-07,17:50:00,1,Collision with vehicle,4,Thursday,147,VEHICLE STRIKES ANOTHER VEH WHILE EMERGING FROM DRIVEWAY,1,641136,Not at intersection,3,60,Arterial Highway,POINT NEPEAN,MORNINGTON PENINSULA,-38.3614,144.8846,2019,2,February,17,Afternoon Peak,Weekday
T20190002373,2019-02-07,06:20:00,1,Collision with vehicle,4,Thursday,111,RIGHT FAR (INTERSECTIONS ONLY),2,43869,T intersection,3,70,Arterial Other,BALLARTO,FRANKSTON,-38.118298,145.20308,2019,2,February,6,Morning Peak,Weekday
T20190002367,2019-02-07,15:25:00,1,Collision with vehicle,4,Thursday,120,HEAD ON (NOT OVERTAKING),1,342021,Not at intersection,2,50,Local Road,BURNS,LATROBE,-38.19191,146.52885,2019,2,February,15,Afternoon Peak,Weekday
T20190002628,2019-02-07,15:35:00,1,Collision with vehicle,4,Thursday,121,RIGHT THROUGH,1,40019,Cross intersection,3,40,Local Road,CECIL,HOBSONS BAY,-37.861263,144.89984,2019,2,February,15,Afternoon Peak,Weekday
T20190002436,2019-02-07,16:00:00,1,Collision with vehicle,4,Thursday,113,RIGHT NEAR (INTERSECTIONS ONLY),1,43876,T intersection,3,60,Arterial Other,EVANS,CASEY,-38.10937,145.2524,2019,2,February,16,Afternoon Peak,Weekday
T20190002403,2019-02-07,16:19:00,4,Collision with a fixed object,4,Thursday,171,LEFT OFF CARRIAGEWAY INTO OBJECT/PARKED VEHICLE,1,343642,Not at intersection,2,80,Local Road,BULMANS,MELTON,-37.64381,144.55537,2019,2,February,16,Afternoon Peak,Weekday
T20190002395,2019-02-07,16:50:00,1,Collision with vehicle,4,Thursday,121,RIGHT THROUGH,1,239030,T intersection,3,70,Arterial Highway,SURF COAST,GEELONG,-38.19699,144.34201,2019,2,February,16,Afternoon Peak,Weekday
T20190002401,2019-02-07,22:40:00,1,Collision with vehicle,4,Thursday,111,RIGHT FAR (INTERSECTIONS ONLY),3,37816,Cross intersection,2,60,Arterial Other,NICHOLSON,MORELAND,-37.776253,144.97873,2019,2,February,22,Night,Weekday
T20190002411,2019-02-07,09:25:00,1,Collision with vehicle,4,Thursday,130,REAR END(VEHICLES IN SAME LANE),1,622586,Cross intersection,3,80,Arterial Highway,BURWOOD,WHITEHORSE,-37.85251,145.15195,2019,2,February,9,Morning Peak,Weekday
T20190002392,2019-02-07,18:25:00,1,Collision with vehicle,4,Thursday,133,LANE SIDE SWIPE (VEHICLES IN PARALLEL LANES),1,360181,Not at intersection,2,60,Local Road,BAMBRA,GLEN EIRA,-37.87452,145.03122,2019,2,February,18,Afternoon Peak,Weekday
T20210016727,2019-02-07,10:30:00,5,collision with some other object,4,Thursday,191,LOAD OR MISSILE STRUCK VEHICLE,1,689375,Not at intersection,2,100,Freeway,HUME,MITCHELL,-37.34293,145.021,2019,2,February,10,Midday,Weekday
T20190002398,2019-02-07,18:50:00,1,Collision with vehicle,4,Thursday,135,LANE CHANGE LEFT (NOT OVERTAKING),1,342514,Not at intersection,3,100,Freeway,WESTERN,MELTON,-37.737988,144.6797,2019,2,February,18,Afternoon Peak,Weekday
T20190002387,2019-02-07,18:49:00,1,Collision with vehicle,4,Thursday,130,REAR END(VEHICLES IN SAME LANE),1,342248,Not at intersection,3,100,Freeway,MONASH,MONASH,-37.89933,145.15027,2019,2,February,18,Afternoon Peak,Weekday
T20190003056,2019-02-07,15:00:00,7,Fall from or in moving vehicle,4,Thursday,179,OTHER ACCIDENTS-OFF STRAIGHT NOT INCLUDED IN DCAs 170-175,1,342316,Not at intersection,3,60,Arterial Other,MT ALEXANDER,MOONEE VALLEY,-37.785248,144.93854,2019,2,February,15,Afternoon Peak,Weekday
T20190004046,2019-02-07,17:40:00,1,Collision with vehicle,4,Thursday,130,REAR END(VEHICLES IN SAME LANE),1,343052,Not at intersection,3,100,Freeway,MONASH,CASEY,-38.00779,145.30023,2019,2,February,17,Afternoon Peak,Weekday
T20190002383,2019-02-07,15:00:00,1,Collision with vehicle,4,Thursday,110,CROSS TRAFFIC(INTERSECTIONS ONLY),1,342142,Cross intersection,3,50,Local Road,FISCHER,SURF COAST,-38.309147,144.32933,2019,2,February,15,Afternoon Peak,Weekday
T20190002382,2019-02-07,15:15:00,4,Collision with a fixed object,4,Thursday,171,LEFT OFF CARRIAGEWAY INTO OBJECT/PARKED VEHICLE,1,343792,Not at intersection,3,100,Local Road,ARTHURS CREEK,NILLUMBIK,-37.571983,145.15372,2019,2,February,15,Afternoon Peak,Weekday
T20190002379,2019-02-07,08:30:00,1,Collision with vehicle,4,Thursday,130,REAR END(VEHICLES IN SAME LANE),1,278518,T intersection,3,60,Local Road,LEAKES,WYNDHAM,-37.837555,144.72462,2019,2,February,8,Morning Peak,Weekday
T20190002375,2019-02-07,15:56:00,2,Struck Pedestrian,4,Thursday,102,FAR SIDE. PED HIT BY VEHICLE FROM THE LEFT,1,37636,Cross intersection,2,60,Arterial Other,HIGH,WHITTLESEA,-37.680244,145.01384,2019,2,February,15,Afternoon Peak,Weekday
T20190002389,2019-02-07,18:32:00,1,Collision with vehicle,4,Thursday,130,REAR END(VEHICLES IN SAME LANE),5,346931,Not at intersection,2,80,Arterial Highway,WELLINGTON,MONASH,-37.91965,145.16637,2019,2,February,18,Afternoon Peak,Weekday
T20190002388,2019-02-07,18:37:00,1,Collision with vehicle,4,Thursday,130,REAR END(VEHICLES IN SAME LANE),1,35355,Cross intersection,3,40,Local Road,ELIZABETH,MELBOURNE,-37.812283,144.96227,2019,2,February,18,Afternoon Peak,Weekday
T20190002342,2019-02-07,11:14:00,1,Collision with vehicle,4,Thursday,122,LEFT THROUGH,1,342030,Not at intersection,3,70,Arterial Highway,COLAC,GEELONG,-38.19722,144.3178,2019,2,February,11,Midday,Weekday
T20190002343,2019-02-07,07:30:00,1,Collision with vehicle,4,Thursday,130,REAR END(VEHICLES IN SAME LANE),1,343476,Not at intersection,3,60,Arterial Other,MONTAGUE,PORT PHILLIP,-37.827972,144.94751,2019,2,February,7,Morning Peak,Weekday
T20190002349,2019-02-07,08:15:00,1,Collision with vehicle,4,Thursday,121,RIGHT THROUGH,1,32015,Cross intersection,2,80,Arterial Highway,BURWOOD,WHITEHORSE,-37.852516,145.15201,2019,2,February,8,Morning Peak,Weekday
T20190002351,2019-02-07,10:18:00,1,Collision with vehicle,4,Thursday,121,RIGHT THROUGH,1,342388,Not at intersection,2,70,Arterial Other,KINGSBURY,DAREBIN,-37.724796,145.04654,2019,2,February,10,Midday,Weekday
T20190002356,2019-02-07,12:15:00,1,Collision with vehicle,4,Thursday,130,REAR END(VEHICLES IN SAME LANE),1,345400,Not at intersection,3,80,Arterial Highway,MOOROODUC,MORNINGTON PENINSULA,-38.24356,145.0843,2019,2,February,12,Midday,Weekday
T20190002357,2019-02-07,09:18:00,1,Collision with vehicle,4,Thursday,130,REAR END(VEHICLES IN SAME LANE),1,342266,Not at intersection,3,80,Freeway,PRINCES,WYNDHAM,-37.82508,144.82143,2019,2,February,9,Morning Peak,Weekday
T20190002334,2019-02-07,07:50:00,1,Collision with vehicle,4,Thursday,133,LANE SIDE SWIPE (VEHICLES IN PARALLEL LANES),1,345501,Not at intersection,3,60,Arterial Other,HEIDELBERG,YARRA,-37.784595,145.00334,2019,2,February,7,Morning Peak,Weekday
T20190002327,2019-02-07,05:13:00,1,Collision with vehicle,4,Thursday,160,VEHICLE COLLIDES WITH VEHICLE PARKED ON LEFT OF ROAD,3,579660,Not at intersection,3,60,Local Road,HOLMES,LATROBE,-38.22971,146.40414,2019,2,February,5,Morning Peak,Weekday
T20190002360,2019-02-07,10:00:00,1,Collision with vehicle,4,Thursday,130,REAR END(VEHICLES IN SAME LANE),1,65743,Cross intersection,3,50,Local Road,ELIZABETH,MELBOURNE,-37.810318,144.96136,2019,2,February,10,Midday,Weekday
T20190002340,2019-02-07,10:00:00,4,Collision with a fixed object,4,Thursday,181,OFF RIGHT BEND INTO OBJECT/PARKED VEHICLE,1,342024,Not at intersection,3,60,Arterial Other,ELONERA,DANDENONG,-37.959972,145.19087,2019,2,February,10,Midday,Weekday
T20190002365,2019-02-07,15:25:00,1,Collision with vehicle,4,Thursday,147,VEHICLE STRIKES ANOTHER VEH WHILE EMERGING FROM DRIVEWAY,1,342093,Not at intersection,3,60,Local Road,URE,CARDINIA,-37.94159,145.53592,2019,2,February,15,Afternoon Peak,Weekday
T20190002457,2019-02-07,08:20:00,2,Struck Pedestrian,4,Thursday,100,PED NEAR SIDE. PED HIT BY VEHICLE FROM THE RIGHT.,1,38873,T intersection,3,40,Arterial Other,BURWOOD,BOROONDARA,-37.82088,145.02083,2019,2,February,8,Morning Peak,Weekday
T20190002404,2019-02-08,00:25:00,4,Collision with a fixed object,5,Friday,179,OTHER ACCIDENTS-OFF STRAIGHT NOT INCLUDED IN DCAs 170-175,3,342505,Not at intersection,2,40,Local Road,LONSDALE,MELBOURNE,-37.8113,144.96562,2019,2,February,0,Late Night,Weekday
T20190010021,2019-02-08,17:30:00,1,Collision with vehicle,5,Friday,116,LEFT NEAR (INTERSECTIONS ONLY),9,116,Cross intersection,3,50,Local Road,FARADAY,MELBOURNE,-37.798996,144.97023,2019,2,February,17,Afternoon Peak,Weekday
T20190002408,2019-02-08,03:30:00,1,Collision with vehicle,5,Friday,130,REAR END(VEHICLES IN SAME LANE),3,36321,Cross intersection,2,80,Arterial Highway,PRINCES,DANDENONG,-37.96156,145.18855,2019,2,February,3,Late Night,Weekday
T20190002508,2019-02-08,15:25:00,8,No collision and no object struck,5,Friday,174,OUT OF CONTROL ON CARRIAGEWAY (ON STRAIGHT),1,315433,Cross intersection,3,60,Local Road,UNION,MITCHELL,-37.289455,144.95587,2019,2,February,15,Afternoon Peak,Weekday
T20190002466,2019-02-08,16:48:00,1,Collision with vehicle,5,Friday,121,RIGHT THROUGH,1,342525,Not at intersection,3,70,Arterial Other,MAHONEYS,HUME,-37.68962,144.95923,2019,2,February,16,Afternoon Peak,Weekday
T20190002470,2019-02-08,19:46:00,1,Collision with vehicle,5,Friday,132,RIGHT REAR.,1,51588,T intersection,3,60,Arterial Other,INGLIS,BENDIGO,-36.753994,144.25159,2019,2,February,19,Night,Weekday
T20190002475,2019-02-08,16:21:00,1,Collision with vehicle,5,Friday,130,REAR END(VEHICLES IN SAME LANE),1,53501,Not at intersection,2,100,Freeway,MONASH,MONASH,-37.89896,145.14995,2019,2,February,16,Afternoon Peak,Weekday
T20190002480,2019-02-08,21:15:00,1,Collision with vehicle,5,Friday,130,REAR END(VEHICLES IN SAME LANE),3,343364,Not at intersection,3,60,Arterial Other,DYNON,MELBOURNE,-37.80538,144.9421,2019,2,February,21,Night,Weekday
T20190002483,2019-02-08,23:30:00,2,Struck Pedestrian,5,Friday,102,FAR SIDE. PED HIT BY VEHICLE FROM THE LEFT,3,36856,Cross intersection,3,40,Arterial Highway,KINGS,MELBOURNE,-37.820366,144.95755,2019,2,February,23,Night,Weekday
T20190002484,2019-02-08,23:30:00,4,Collision with a fixed object,5,Friday,173,RIGHT OFF CARRIAGEWAY INTO OBJECT/PARKED VEHICLE,5,343381,Not at intersection,2,60,Local Road,FARRARS,GEELONG,-37.97226,144.46149,2019,2,February,23,Night,Weekday
T20190002472,2019-02-08,17:25:00,1,Collision with vehicle,5,Friday,110,CROSS TRAFFIC(INTERSECTIONS ONLY),1,36922,Cross intersection,2,60,Local Road,CHELSEA,KINGSTON,-38.050278,145.11978,2019,2,February,17,Afternoon Peak,Weekday
T20190002416,2019-02-08,07:47:00,1,Collision with vehicle,5,Friday,110,CROSS TRAFFIC(INTERSECTIONS ONLY),1,53206,Cross intersection,3,60,Arterial Other,STURT,BALLARAT,-37.560265,143.8445,2019,2,February,7,Morning Peak,Weekday
T20190002485,2019-02-08,22:20:00,1,Collision with vehicle,5,Friday,130,REAR END(VEHICLES IN SAME LANE),3,342051,Not at intersection,3,40,Local Road,WILLIAM,MELBOURNE,-37.81232,144.9567,2019,2,February,22,Night,Weekday
T20190002465,2019-02-08,14:10:00,1,Collision with vehicle,5,Friday,130,REAR END(VEHICLES IN SAME LANE),1,343186,Not at intersection,2,60,Arterial Other,HEATHS,WYNDHAM,-37.879646,144.70299,2019,2,February,14,Midday,Weekday
T20190002418,2019-02-08,08:12:00,1,Collision with vehicle,5,Friday,121,RIGHT THROUGH,1,42038,Cross intersection,2,60,Arterial Other,HAMPTON,BAYSIDE,-37.92083,145.00569,2019,2,February,8,Morning Peak,Weekday
T20190013505,2019-02-08,08:45:00,6,Vehicle overturned (no collision),5,Friday,170,OFF CARRIAGEWAY TO LEFT,1,348501,Not at intersection,3,100,Arterial Highway,DANDENONG-HASTINGS,CASEY,-38.19925,145.21597,2019,2,February,8,Morning Peak,Weekday
T20190002521,2019-02-08,21:25:00,2,Struck Pedestrian,5,Friday,100,PED NEAR SIDE. PED HIT BY VEHICLE FROM THE RIGHT.,3,205,Cross intersection,3,40,Local Road,LONSDALE,MELBOURNE,-37.813713,144.95732,2019,2,February,21,Night,Weekday
T20190002487,2019-02-08,19:30:00,2,Struck Pedestrian,5,Friday,100,PED NEAR SIDE. PED HIT BY VEHICLE FROM THE RIGHT.,1,35364,Cross intersection,3,40,Local Road,FLINDERS,MELBOURNE,-37.816486,144.967,2019,2,February,19,Night,Weekday
T20190002415,2019-02-08,06:30:00,1,Collision with vehicle,5,Friday,130,REAR END(VEHICLES IN SAME LANE),2,54051,T intersection,3,80,Arterial Highway,PRINCES,LATROBE,-38.21803,146.47566,2019,2,February,6,Morning Peak,Weekday
T20190002438,2019-02-08,12:12:00,1,Collision with vehicle,5,Friday,121,RIGHT THROUGH,1,44357,T intersection,2,60,Arterial Other,DUNCANS,WYNDHAM,-37.903828,144.66623,2019,2,February,12,Midday,Weekday
T20190002420,2019-02-08,08:20:00,2,Struck Pedestrian,5,Friday,102,FAR SIDE. PED HIT BY VEHICLE FROM THE LEFT,1,40891,Cross intersection,3,40,Arterial Highway,BURWOOD,KNOX,-37.865707,145.22498,2019,2,February,8,Morning Peak,Weekday
T20190002417,2019-02-08,07:45:00,1,Collision with vehicle,5,Friday,119,OTHER ADJACENT (INTERSECTIONS ONLY),1,342077,T intersection,3,80,Arterial Other,OLD PRINCES,CARDINIA,-38.051502,145.37468,2019,2,February,7,Morning Peak,Weekday
T20190002439,2019-02-08,10:25:00,1,Collision with vehicle,5,Friday,133,LANE SIDE SWIPE (VEHICLES IN PARALLEL LANES),1,342260,Not at intersection,3,100,Freeway,EASTLINK,DANDENONG,-37.951538,145.20354,2019,2,February,10,Midday,Weekday
T20190002430,2019-02-08,10:05:00,4,Collision with a fixed object,5,Friday,171,LEFT OFF CARRIAGEWAY INTO OBJECT/PARKED VEHICLE,1,342930,Not at intersection,2,90,Arterial Other,KOO WEE RUP,CARDINIA,-38.11255,145.48589,2019,2,February,10,Midday,Weekday
T20190003279,2019-02-08,15:15:00,1,Collision with vehicle,5,Friday,121,RIGHT THROUGH,1,342480,T intersection,3,60,Local Road,BARRABOOL,GEELONG,-38.16564,144.33458,2019,2,February,15,Afternoon Peak,Weekday
T20190003913,2019-02-08,13:00:00,1,Collision with vehicle,5,Friday,121,RIGHT THROUGH,1,35546,Cross intersection,2,50,Arterial Highway,DANDENONG,STONNINGTON,-37.88389,145.05807,2019,2,February,13,Midday,Weekday
T20190002441,2019-02-08,12:03:00,1,Collision with vehicle,5,Friday,110,CROSS TRAFFIC(INTERSECTIONS ONLY),1,344114,Cross intersection,3,80,Arterial Other,WANTIRNA,MAROONDAH,-37.832302,145.2273,2019,2,February,12,Midday,Weekday
T20190002443,2019-02-08,12:10:00,1,Collision with vehicle,5,Friday,130,REAR END(VEHICLES IN SAME LANE),1,342109,Not at intersection,3,80,Arterial Highway,GREAT OCEAN,SURF COAST,-38.378803,144.21072,2019,2,February,12,Midday,Weekday
T20190002444,2019-02-08,12:40:00,1,Collision with vehicle,5,Friday,163,VEHICLE STRIKES DOOR OF PARKED/STATIONARY VEHICLE,1,342628,Not at intersection,3,60,Arterial Other,HIGH,BOROONDARA,-37.86331,145.07877,2019,2,February,12,Midday,Weekday
T20190002445,2019-02-08,08:25:00,1,Collision with vehicle,5,Friday,133,LANE SIDE SWIPE (VEHICLES IN PARALLEL LANES),1,308630,Not at intersection,3,50,Local Road,JACKSON,STONNINGTON,-37.840324,145.01021,2019,2,February,8,Morning Peak,Weekday
T20190002432,2019-02-08,11:25:00,6,Vehicle overturned (no collision),5,Friday,180,OFF CARRIAGEWAY ON RIGHT BEND,1,342205,Not at intersection,2,100,Arterial Other,MOUNT BUFFALO,ALPINE,-36.70184,146.83571,2019,2,February,11,Midday,Weekday
T20190002447,2019-02-08,10:10:00,1,Collision with vehicle,5,Friday,134,LANE CHANGE RIGHT (NOT OVERTAKING),1,342211,Not at intersection,2,100,Arterial Highway,MOOROODUC,MORNINGTON PENINSULA,-38.23793,145.08696,2019,2,February,10,Midday,Weekday
T20190002482,2019-02-08,23:10:00,4,Collision with a fixed object,5,Friday,164,PERMANENT OBSTRUCTION ON CARRIAGEWAY,5,342067,Not at intersection,3,60,Local Road,COCHRANE,WHITEHORSE,-37.81816,145.20209,2019,2,February,23,Night,Weekday
T20190002450,2019-02-08,14:45:00,1,Collision with vehicle,5,Friday,135,LANE CHANGE LEFT (NOT OVERTAKING),1,73844,T intersection,3,100,Arterial Other,FRANKSTON-FLINDERS,MORNINGTON PENINSULA,-38.406666,145.06538,2019,2,February,14,Midday,Weekday
T20190002453,2019-02-08,14:45:00,1,Collision with vehicle,5,Friday,130,REAR END(VEHICLES IN SAME LANE),1,342075,Not at intersection,3,80,Arterial Other,NARRE WARREN NORTH,CASEY,-38.007812,145.31061,2019,2,February,14,Midday,Weekday
T20190002405,2019-02-08,00:35:00,4,Collision with a fixed object,5,Friday,171,LEFT OFF CARRIAGEWAY INTO OBJECT/PARKED VEHICLE,5,342045,Not at intersection,3,80,Local Road,OLD ST LEONARDS,GEELONG,-38.170425,144.67166,2019,2,February,0,Late Night,Weekday
T20190002435,2019-02-08,12:10:00,1,Collision with vehicle,5,Friday,110,CROSS TRAFFIC(INTERSECTIONS ONLY),1,59607,Cross intersection,1,60,Arterial Other,ARNOLD,BENDIGO,-36.746483,144.27783,2019,2,February,12,Midday,Weekday
T20190002459,2019-02-08,19:25:00,1,Collision with vehicle,5,Friday,130,REAR END(VEHICLES IN SAME LANE),1,35656,Cross intersection,3,60,Arterial Highway,NEPEAN,MORNINGTON PENINSULA,-38.22965,145.04494,2019,2,February,19,Night,Weekday
T20190002461,2019-02-08,18:50:00,1,Collision with vehicle,5,Friday,110,CROSS TRAFFIC(INTERSECTIONS ONLY),1,44669,Cross intersection,3,60,Arterial Highway,ROSANNA,BANYULE,-37.741318,145.07344,2019,2,February,18,Afternoon Peak,Weekday
T20190002463,2019-02-08,15:20:00,1,Collision with vehicle,5,Friday,130,REAR END(VEHICLES IN SAME LANE),1,342042,Not at intersection,2,70,Arterial Highway,SPRINGVALE,WHITEHORSE,-37.82182,145.17537,2019,2,February,15,Afternoon Peak,Weekday
T20190002532,2019-02-09,18:11:00,1,Collision with vehicle,6,Saturday,111,RIGHT FAR (INTERSECTIONS ONLY),1,342396,Cross intersection,3,80,Freeway,PRINCES,CASEY,-38.028114,145.31999,2019,2,February,18,Afternoon Peak,Weekend
T20190002527,2019-02-09,17:42:00,1,Collision with vehicle,6,Saturday,121,RIGHT THROUGH,1,342238,T intersection,3,60,Arterial Other,GAFFNEY,MORELAND,-37.732674,144.95122,2019,2,February,17,Afternoon Peak,Weekend
T20190002524,2019-02-09,18:30:00,2,Struck Pedestrian,6,Saturday,100,PED NEAR SIDE. PED HIT BY VEHICLE FROM THE RIGHT.,1,342058,T intersection,3,50,Local Road,SEABROOK,HOBSONS BAY,-37.876602,144.76353,2019,2,February,18,Afternoon Peak,Weekend
T20190002523,2019-02-09,15:30:00,6,Vehicle overturned (no collision),6,Saturday,174,OUT OF CONTROL ON CARRIAGEWAY (ON STRAIGHT),1,345534,Not at intersection,2,50,Arterial Other,MURRAY,DAREBIN,-37.737488,144.99913,2019,2,February,15,Afternoon Peak,Weekend
T20190002520,2019-02-09,15:14:00,1,Collision with vehicle,6,Saturday,119,OTHER ADJACENT (INTERSECTIONS ONLY),1,36904,T intersection,2,80,Arterial Highway,SOUTH GIPPSLAND,CASEY,-38.0686,145.26793,2019,2,February,15,Afternoon Peak,Weekend
T20190002519,2019-02-09,15:00:00,2,Struck Pedestrian,6,Saturday,100,PED NEAR SIDE. PED HIT BY VEHICLE FROM THE RIGHT.,1,44344,Cross intersection,3,60,Arterial Other,SYNNOT,WYNDHAM,-37.9043,144.65857,2019,2,February,15,Afternoon Peak,Weekend
T20190002517,2019-02-09,12:05:00,1,Collision with vehicle,6,Saturday,113,RIGHT NEAR (INTERSECTIONS ONLY),1,39748,Multiple intersection,3,80,Arterial Highway,MAROONDAH,MAROONDAH,-37.78746,145.27335,2019,2,February,12,Midday,Weekend
T20190002514,2019-02-09,11:27:00,1,Collision with vehicle,6,Saturday,120,HEAD ON (NOT OVERTAKING),1,345794,Not at intersection,2,60,Local Road,CALDER PARK,MELTON,-37.70897,144.75493,2019,2,February,11,Midday,Weekend
T20190002513,2019-02-09,14:51:00,1,Collision with vehicle,6,Saturday,133,LANE SIDE SWIPE (VEHICLES IN PARALLEL LANES),1,675,Cross intersection,2,60,Arterial Other,GLEN EIRA,GLEN EIRA,-37.87805,145.00717,2019,2,February,14,Midday,Weekend
T20190002509,2019-02-09,12:00:00,1,Collision with vehicle,6,Saturday,110,CROSS TRAFFIC(INTERSECTIONS ONLY),1,50579,Cross intersection,2,100,Local Road,MCKAYS,COLAC OTWAY,-38.287373,143.6529,2019,2,February,12,Midday,Weekend
T20190002504,2019-02-09,13:15:00,1,Collision with vehicle,6,Saturday,140,U TURN,1,342611,Not at intersection,2,80,Arterial Highway,COONOC,LATROBE,-38.207317,146.5025,2019,2,February,13,Midday,Weekend
T20190002503,2019-02-09,08:20:00,4,Collision with a fixed object,6,Saturday,173,RIGHT OFF CARRIAGEWAY INTO OBJECT/PARKED VEHICLE,1,342080,Not at intersection,3,100,Arterial Highway,PRINCES,SURF COAST,-38.22185,144.06226,2019,2,February,8,Morning Peak,Weekend
T20190002502,2019-02-09,12:55:00,8,No collision and no object struck,6,Saturday,179,OTHER ACCIDENTS-OFF STRAIGHT NOT INCLUDED IN DCAs 170-175,1,342085,Not at intersection,2,60,Arterial Highway,NORTH,GLEN EIRA,-37.908974,145.08093,2019,2,February,12,Midday,Weekend
T20190007140,2019-02-09,23:35:00,4,Collision with a fixed object,6,Saturday,171,LEFT OFF CARRIAGEWAY INTO OBJECT/PARKED VEHICLE,3,360320,Not at intersection,2,60,Local Road,MCMAHONS,FRANKSTON,-38.13729,145.13948,2019,2,February,23,Night,Weekend
T20190002501,2019-02-09,10:00:00,1,Collision with vehicle,6,Saturday,113,RIGHT NEAR (INTERSECTIONS ONLY),1,36155,T intersection,3,60,Arterial Other,MCINTYRE,BRIMBANK,-37.775223,144.82906,2019,2,February,10,Midday,Weekend
T20190002499,2019-02-09,08:30:00,1,Collision with vehicle,6,Saturday,171,LEFT OFF CARRIAGEWAY INTO OBJECT/PARKED VEHICLE,1,342072,Not at intersection,2,50,Local Road,ALBERT,KNOX,-37.85101,145.29872,2019,2,February,8,Morning Peak,Weekend
T20190002498,2019-02-09,12:00:00,1,Collision with vehicle,6,Saturday,120,HEAD ON (NOT OVERTAKING),1,343045,Not at intersection,2,80,Arterial Highway,SPRINGVALE,DANDENONG,-37.97201,145.14828,2019,2,February,12,Midday,Weekend
T20190002496,2019-02-09,10:45:00,1,Collision with vehicle,6,Saturday,110,CROSS TRAFFIC(INTERSECTIONS ONLY),1,37868,Cross intersection,3,60,Arterial Highway,ST GEORGES,DAREBIN,-37.764317,144.99203,2019,2,February,10,Midday,Weekend
T20190002495,2019-02-09,09:35:00,1,Collision with vehicle,6,Saturday,110,CROSS TRAFFIC(INTERSECTIONS ONLY),1,51832,Cross intersection,3,50,Arterial Other,PIPER,MACEDON RANGES,-37.244473,144.45155,2019,2,February,9,Morning Peak,Weekend
T20190002494,2019-02-09,09:19:00,1,Collision with vehicle,6,Saturday,110,CROSS TRAFFIC(INTERSECTIONS ONLY),1,52658,Cross intersection,3,50,Local Road,ARGYLE,CENTRAL GOLDFIELDS,-37.050385,143.74522,2019,2,February,9,Morning Peak,Weekend
T20190004945,2019-02-09,12:30:00,1,Collision with vehicle,6,Saturday,130,REAR END(VEHICLES IN SAME LANE),1,35784,Cross intersection,3,70,Arterial Highway,SETTLEMENT,GEELONG,-38.176525,144.3518,2019,2,February,12,Midday,Weekend
T20200017099,2019-02-09,16:00:00,1,Collision with vehicle,6,Saturday,147,VEHICLE STRIKES ANOTHER VEH WHILE EMERGING FROM DRIVEWAY,1,997,Not at intersection,3,60,Arterial Other,COBURNS ROAD -HIGH,MELTON,-37.684307,144.56819,2019,2,February,16,Afternoon Peak,Weekend
T20190004413,2019-02-09,11:45:00,7,Fall from or in moving vehicle,6,Saturday,179,OTHER ACCIDENTS-OFF STRAIGHT NOT INCLUDED IN DCAs 170-175,1,36138,Cross intersection,2,80,Arterial Other,HEATHERTON,CASEY,-37.976368,145.27063,2019,2,February,11,Midday,Weekend
T20190002571,2019-02-09,15:40:00,1,Collision with vehicle,6,Saturday,120,HEAD ON (NOT OVERTAKING),1,660849,Not at intersection,3,40,Arterial Other,TURTONS,COLAC OTWAY,-38.64199,143.66429,2019,2,February,15,Afternoon Peak,Weekend
T20190002564,2019-02-09,23:00:00,4,Collision with a fixed object,6,Saturday,171,LEFT OFF CARRIAGEWAY INTO OBJECT/PARKED VEHICLE,5,343521,Not at intersection,2,100,Arterial Other,QUEENSCLIFF,GEELONG,-38.204887,144.6392,2019,2,February,23,Night,Weekend
T20190002548,2019-02-09,14:30:00,4,Collision with a fixed object,6,Saturday,183,OFF LEFT BEND INTO OBJECT/PARKED VEHICLE,1,342195,Not at intersection,2,100,Arterial Other,ARARAT-ST ARNAUD,NORTHERN GRAMPIANS,-36.6853,143.18307,2019,2,February,14,Midday,Weekend
T20190002833,2019-02-09,16:40:00,4,Collision with a fixed object,6,Saturday,171,LEFT OFF CARRIAGEWAY INTO OBJECT/PARKED VEHICLE,1,342530,Not at intersection,3,80,Local Road,OLD BITTERN-DROMANA,MORNINGTON PENINSULA,-38.35287,145.08116,2019,2,February,16,Afternoon Peak,Weekend