ACCIDENT_NO,ACCIDENT_DATE,ACCIDENT_TIME,ACCIDENT_TYPE,ACCIDENT_TYPE_DESC,DAY_OF_WEEK,DAY_WEEK_DESC,DCA_CODE,DCA_DESC,LIGHT_CONDITION,NODE_ID,ROAD_GEOMETRY_DESC,SEVERITY,SPEED_ZONE,RMA,ROAD_NAME,LGA_NAME,LATITUDE,LONGITUDE,YEAR,MONTH,MONTH_NAME,HOUR,TIME_PERIOD,DAY_TYPE
T20190002542,2019-02-09,22:08:00,1,Collision with vehicle,6,Saturday,110,CROSS TRAFFIC(INTERSECTIONS ONLY),3,39436,Cross intersection,3,50,Local Road,HENRY,BRIMBANK,-37.73444,144.79945,2019,2,February,22,Night,Weekend
T20190002539,2019-02-09,17:30:00,2,Struck Pedestrian,6,Saturday,100,PED NEAR SIDE. PED HIT BY VEHICLE FROM THE RIGHT.,1,342213,Not at intersection,2,60,Arterial Other,COTTRELL,WYNDHAM,-37.902363,144.6527,2019,2,February,17,Afternoon Peak,Weekend
T20190002538,2019-02-09,22:40:00,4,Collision with a fixed object,6,Saturday,173,RIGHT OFF CARRIAGEWAY INTO OBJECT/PARKED VEHICLE,3,342057,Not at intersection,2,80,Arterial Highway,NEPEAN,BAYSIDE,-37.90788,145.01013,2019,2,February,22,Night,Weekend
T20190002536,2019-02-09,19:40:00,1,Collision with vehicle,6,Saturday,110,CROSS TRAFFIC(INTERSECTIONS ONLY),1,278628,Cross intersection,2,75,Arterial Highway,DANDENONG,DANDENONG,-37.997375,145.16226,2019,2,February,19,Night,Weekend
T20190002581,2019-02-10,18:00:00,1,Collision with vehicle,7,Sunday,113,RIGHT NEAR (INTERSECTIONS ONLY),2,40875,T intersection,3,70,Arterial Other,CANTERBURY,WHITEHORSE,-37.83326,145.20879,2019,2,February,18,Afternoon Peak,Weekend
T20190002576,2019-02-10,10:50:00,1,Collision with vehicle,7,Sunday,132,RIGHT REAR.,1,342065,T intersection,1,100,Arterial Highway,STRZELECKI,SOUTH GIPPSLAND,-38.375263,146.17778,2019,2,February,10,Midday,Weekend
T20190002575,2019-02-10,14:25:00,5,collision with some other object,7,Sunday,189,OTHER ACCIDENTS ON CURVE NOT INCLUDED IN DCAs 180-184,1,342232,Not at intersection,2,100,Arterial Other,GEMBROOK-LAUNCHING PLACE,CARDINIA,-37.90825,145.5909,2019,2,February,14,Midday,Weekend
T20190002574,2019-02-10,15:15:00,1,Collision with vehicle,7,Sunday,120,HEAD ON (NOT OVERTAKING),1,306054,T intersection,2,100,Arterial Other,DAYLESFORD-MALMSBURY,HEPBURN,-37.287224,144.28012,2019,2,February,15,Afternoon Peak,Weekend
T20190002569,2019-02-10,12:20:00,2,Struck Pedestrian,7,Sunday,102,FAR SIDE. PED HIT BY VEHICLE FROM THE LEFT,1,5892,T intersection,2,50,Local Road,COVENTRY,PORT PHILLIP,-37.83054,144.96475,2019,2,February,12,Midday,Weekend
T20190002568,2019-02-10,14:00:00,1,Collision with vehicle,7,Sunday,130,REAR END(VEHICLES IN SAME LANE),1,44219,Cross intersection,3,60,Arterial Other,EPPING ROAD -HIGH,WHITTLESEA,-37.63768,145.02637,2019,2,February,14,Midday,Weekend
T20190002565,2019-02-10,08:00:00,1,Collision with vehicle,7,Sunday,110,CROSS TRAFFIC(INTERSECTIONS ONLY),1,342243,Cross intersection,3,70,Arterial Other,PORTER,MANNINGHAM,-37.75259,145.13531,2019,2,February,8,Morning Peak,Weekend
T20190002563,2019-02-10,09:40:00,1,Collision with vehicle,7,Sunday,136,RIGHT TURN SIDESWIPE,1,360183,T intersection,2,60,Arterial Other,SOUTH,BAYSIDE,-37.93274,145.03166,2019,2,February,9,Morning Peak,Weekend
T20190004105,2019-02-10,12:30:00,7,Fall from or in moving vehicle,7,Sunday,190,FELL IN/FROM VEHICLE,1,359180,Not at intersection,2,100,Arterial Other,LAKE MOUNTAIN,(LAKE MOUNTAIN),-37.525852,145.845,2019,2,February,12,Midday,Weekend
T20190002559,2019-02-10,12:30:00,1,Collision with vehicle,7,Sunday,130,REAR END(VEHICLES IN SAME LANE),1,342219,T intersection,2,60,Local Road,BAMBRA,GLEN EIRA,-37.897972,145.02682,2019,2,February,12,Midday,Weekend
T20190002558,2019-02-10,10:30:00,1,Collision with vehicle,7,Sunday,110,CROSS TRAFFIC(INTERSECTIONS ONLY),1,897,Cross intersection,2,80,Arterial Highway,FRANKSTON-DANDENONG,FRANKSTON,-38.09218,145.17854,2019,2,February,10,Midday,Weekend
T20190002579,2019-02-10,17:45:00,2,Struck Pedestrian,7,Sunday,100,PED NEAR SIDE. PED HIT BY VEHICLE FROM THE RIGHT.,1,342110,Not at intersection,2,60,Local Road,MOORABOOL,GEELONG,-38.16086,144.35449,2019,2,February,17,Afternoon Peak,Weekend
T20190002555,2019-02-10,10:50:00,1,Collision with vehicle,7,Sunday,147,VEHICLE STRIKES ANOTHER VEH WHILE EMERGING FROM DRIVEWAY,1,342279,T intersection,3,60,Local Road,HEWISH,MAROONDAH,-37.79691,145.28825,2019,2,February,10,Midday,Weekend
T20190002554,2019-02-10,09:35:00,1,Collision with vehicle,7,Sunday,113,RIGHT NEAR (INTERSECTIONS ONLY),1,70450,T intersection,2,100,Arterial Other,BALLAN ROAD -GEELONG-BALLAN,GEELONG,-37.975803,144.27248,2019,2,February,9,Morning Peak,Weekend
T20190002549,2019-02-10,08:50:00,5,collision with some other object,7,Sunday,166,STRUCK OBJECT ON CARRIAGEWAY,1,342082,Not at intersection,3,60,Arterial Highway,BELLARINE,GEELONG,-38.26553,144.61751,2019,2,February,8,Morning Peak,Weekend
T20190002547,2019-02-10,05:00:00,4,Collision with a fixed object,7,Sunday,171,LEFT OFF CARRIAGEWAY INTO OBJECT/PARKED VEHICLE,3,41022,T intersection,2,60,Arterial Other,DORSET,KNOX,-37.852737,145.28612,2019,2,February,5,Morning Peak,Weekend
T20190002540,2019-02-10,01:00:00,4,Collision with a fixed object,7,Sunday,171,LEFT OFF CARRIAGEWAY INTO OBJECT/PARKED VEHICLE,5,342056,T intersection,2,100,Freeway,HARMONY,MOUNT ALEXANDER,-37.049847,144.29208,2019,2,February,1,Late Night,Weekend
T20190002593,2019-02-10,21:30:00,1,Collision with vehicle,7,Sunday,110,CROSS TRAFFIC(INTERSECTIONS ONLY),3,54932,Cross intersection,3,60,Arterial Highway,RAGLAN,WARRNAMBOOL,-38.378136,142.48163,2019,2,February,21,Night,Weekend
T20190002605,2019-02-10,19:30:00,1,Collision with vehicle,7,Sunday,145,REVERSING IN STREAM OF TRAFFIC,1,343128,Not at intersection,2,60,Local Road,SHAKESPEARE,LATROBE,-38.201893,146.54948,2019,2,February,19,Night,Weekend
T20190002592,2019-02-10,20:00:00,4,Collision with a fixed object,7,Sunday,164,PERMANENT OBSTRUCTION ON CARRIAGEWAY,1,45269,Cross intersection,2,100,Local Road,BUNYIP RIVER,CARDINIA,-38.129906,145.67525,2019,2,February,20,Night,Weekend
T20190002591,2019-02-10,18:40:00,6,Vehicle overturned (no collision),7,Sunday,172,OFF CARRIAGEWAY TO RIGHT,1,343377,Not at intersection,2,60,Local Road,GRANITE,GEELONG,-37.892437,144.37852,2019,2,February,18,Afternoon Peak,Weekend
T20190002632,2019-02-10,15:00:00,6,Vehicle overturned (no collision),7,Sunday,180,OFF CARRIAGEWAY ON RIGHT BEND,1,342747,Not at intersection,2,80,Local Road,U T CREEK,MURRINDINDI,-37.1995,145.82185,2019,2,February,15,Afternoon Peak,Weekend
T20190002603,2019-02-10,14:50:00,7,Fall from or in moving vehicle,7,Sunday,179,OTHER ACCIDENTS-OFF STRAIGHT NOT INCLUDED IN DCAs 170-175,1,342241,Not at intersection,2,50,Local Road,HENLEY,NILLUMBIK,-37.70132,145.26447,2019,2,February,14,Midday,Weekend
T20190002590,2019-02-10,18:00:00,4,Collision with a fixed object,7,Sunday,181,OFF RIGHT BEND INTO OBJECT/PARKED VEHICLE,1,342151,Not at intersection,3,100,Local Road,KOTUPNA-BARMAH,MOIRA,-36.08319,145.05411,2019,2,February,18,Afternoon Peak,Weekend
T20190002587,2019-02-10,02:45:00,6,Vehicle overturned (no collision),7,Sunday,170,OFF CARRIAGEWAY TO LEFT,5,344713,Not at intersection,3,100,Local Road,TIMBOON-TERANG,CORANGAMITE,-38.36033,142.91658,2019,2,February,2,Late Night,Weekend
T20190002586,2019-02-10,18:15:00,1,Collision with vehicle,7,Sunday,130,REAR END(VEHICLES IN SAME LANE),1,275960,T intersection,3,60,Local Road,ANSTRUTHER,CAMPASPE,-36.125755,144.75356,2019,2,February,18,Afternoon Peak,Weekend
T20190002585,2019-02-10,14:15:00,1,Collision with vehicle,7,Sunday,189,OTHER ACCIDENTS ON CURVE NOT INCLUDED IN DCAs 180-184,1,342652,Not at intersection,2,100,Arterial Other,LANG LANG-POOWONG,SOUTH GIPPSLAND,-38.33303,145.72638,2019,2,February,14,Midday,Weekend
T20190002543,2019-02-10,00:45:00,1,Collision with vehicle,7,Sunday,121,RIGHT THROUGH,3,35414,Cross intersection,2,50,Arterial Other,ALEXANDRA,STONNINGTON,-37.834843,144.99655,2019,2,February,0,Late Night,Weekend
T20190002582,2019-02-10,15:41:00,1,Collision with vehicle,7,Sunday,131,LEFT REAR,1,343644,Not at intersection,2,50,Local Road,ROBINSON,MELTON,-37.716496,144.55644,2019,2,February,15,Afternoon Peak,Weekend
T20190002600,2019-02-11,06:00:00,1,Collision with vehicle,1,Monday,130,REAR END(VEHICLES IN SAME LANE),2,342256,Not at intersection,2,80,Arterial Other,COOPER,WHITTLESEA,-37.649292,144.9994,2019,2,February,6,Morning Peak,Weekday
T20190002631,2019-02-11,12:20:00,1,Collision with vehicle,1,Monday,140,U TURN,1,360550,Not at intersection,3,100,Arterial Other,PLENTY,WHITTLESEA,-37.54494,145.1096,2019,2,February,12,Midday,Weekday
T20190002630,2019-02-11,10:45:00,1,Collision with vehicle,1,Monday,130,REAR END(VEHICLES IN SAME LANE),1,342107,Not at intersection,3,40,Arterial Other,HIGH,STONNINGTON,-37.85181,144.99306,2019,2,February,10,Midday,Weekday
T20190002629,2019-02-11,12:45:00,1,Collision with vehicle,1,Monday,121,RIGHT THROUGH,1,37302,T intersection,2,60,Arterial Other,BURNLEY,YARRA,-37.8169,145.00877,2019,2,February,12,Midday,Weekday
T20190002626,2019-02-11,12:41:00,7,Fall from or in moving vehicle,1,Monday,179,OTHER ACCIDENTS-OFF STRAIGHT NOT INCLUDED IN DCAs 170-175,1,232152,T intersection,2,80,Arterial Highway,MOOROODUC,FRANKSTON,-38.1634,145.13666,2019,2,February,12,Midday,Weekday
T20190002623,2019-02-11,08:50:00,1,Collision with vehicle,1,Monday,130,REAR END(VEHICLES IN SAME LANE),1,360184,Not at intersection,3,60,Arterial Other,BREAKWATER,GEELONG,-38.179565,144.36278,2019,2,February,8,Morning Peak,Weekday
T20190002618,2019-02-11,10:05:00,1,Collision with vehicle,1,Monday,121,RIGHT THROUGH,1,43631,Cross intersection,2,80,Arterial Highway,PRINCES,CASEY,-38.026066,145.30669,2019,2,February,10,Midday,Weekday
T20190002615,2019-02-11,08:22:00,4,Collision with a fixed object,1,Monday,171,LEFT OFF CARRIAGEWAY INTO OBJECT/PARKED VEHICLE,1,344621,Not at intersection,2,100,Arterial Other,WEBB,CAMPASPE,-36.357468,144.73979,2019,2,February,8,Morning Peak,Weekday
T20190002614,2019-02-11,08:38:00,1,Collision with vehicle,1,Monday,130,REAR END(VEHICLES IN SAME LANE),1,342157,Not at intersection,3,60,Arterial Highway,POWLETT,MITCHELL,-37.3073,144.9501,2019,2,February,8,Morning Peak,Weekday
T20190002613,2019-02-11,08:50:00,1,Collision with vehicle,1,Monday,121,RIGHT THROUGH,1,43242,T intersection,2,60,Local Road,STATION,KINGSTON,-38.04735,145.11407,2019,2,February,8,Morning Peak,Weekday
T20190002612,2019-02-11,08:25:00,1,Collision with vehicle,1,Monday,130,REAR END(VEHICLES IN SAME LANE),1,347406,Not at intersection,3,90,Freeway,MORNINGTON PENINSULA,KINGSTON,-38.02766,145.1346,2019,2,February,8,Morning Peak,Weekday
T20190002611,2019-02-11,06:55:00,1,Collision with vehicle,1,Monday,152,PULLING OUT (OVERTAKING),1,72253,T intersection,3,100,Arterial Other,KOO WEE RUP-LONGWARRY,CARDINIA,-38.161392,145.72531,2019,2,February,6,Morning Peak,Weekday
T20190002638,2019-02-11,12:30:00,6,Vehicle overturned (no collision),1,Monday,170,OFF CARRIAGEWAY TO LEFT,1,359163,Not at intersection,2,100,Freeway,HUME,WHITTLESEA,-37.66055,144.9865,2019,2,February,12,Midday,Weekday
T20190002601,2019-02-11,06:40:00,1,Collision with vehicle,1,Monday,121,RIGHT THROUGH,2,42196,Cross intersection,3,60,Arterial Highway,NEPEAN,KINGSTON,-37.945194,145.04324,2019,2,February,6,Morning Peak,Weekday
T20190002610,2019-02-11,09:55:00,2,Struck Pedestrian,1,Monday,102,FAR SIDE. PED HIT BY VEHICLE FROM THE LEFT,1,342209,Not at intersection,2,50,Arterial Other,REID,WANGARATTA,-36.355152,146.32646,2019,2,February,9,Morning Peak,Weekday
T20190002609,2019-02-11,08:40:00,1,Collision with vehicle,1,Monday,113,RIGHT NEAR (INTERSECTIONS ONLY),1,342887,Cross intersection,2,60,Arterial Highway,PARISH,TOWONG,-36.19983,147.8946,2019,2,February,8,Morning Peak,Weekday
T20190003432,2019-02-11,07:45:00,1,Collision with vehicle,1,Monday,179,OTHER ACCIDENTS-OFF STRAIGHT NOT INCLUDED IN DCAs 170-175,1,50963,Cross intersection,3,50,Local Road,ROWAN,WANGARATTA,-36.350456,146.31076,2019,2,February,7,Morning Peak,Weekday
T20190002606,2019-02-11,07:45:00,2,Struck Pedestrian,1,Monday,107,PED ON FOOTHPATH STRUCK BY VEHENTERING/LEAVING DRIVEWAY.,2,343441,Not at intersection,2,50,Local Road,NOTLEN,MAROONDAH,-37.808067,145.22899,2019,2,February,7,Morning Peak,Weekday
T20190002651,2019-02-11,15:34:00,1,Collision with vehicle,1,Monday,110,CROSS TRAFFIC(INTERSECTIONS ONLY),1,38262,Cross intersection,2,70,Arterial Other,MANNINGHAM,MANNINGHAM,-37.766613,145.09128,2019,2,February,15,Afternoon Peak,Weekday
T20190002663,2019-02-11,16:20:00,1,Collision with vehicle,1,Monday,130,REAR END(VEHICLES IN SAME LANE),1,68258,T intersection,3,50,Local Road,HUDSON,GLEN EIRA,-37.879745,145.03491,2019,2,February,16,Afternoon Peak,Weekday
T20190004906,2019-02-11,01:15:00,1,Collision with vehicle,1,Monday,111,RIGHT FAR (INTERSECTIONS ONLY),3,44463,T intersection,3,70,Arterial Highway,LATROBE,GEELONG,-38.151726,144.35197,2019,2,February,1,Late Night,Weekday
T20190002658,2019-02-11,23:19:00,1,Collision with vehicle,1,Monday,110,CROSS TRAFFIC(INTERSECTIONS ONLY),3,340956,Cross intersection,3,60,Local Road,FORSYTH,WYNDHAM,-37.843407,144.73167,2019,2,February,23,Night,Weekday
T20190002627,2019-02-11,10:50:00,1,Collision with vehicle,1,Monday,121,RIGHT THROUGH,1,341432,T intersection,2,60,Arterial Other,MARINE,MORNINGTON PENINSULA,-38.304436,144.99463,2019,2,February,10,Midday,Weekday
T20190002650,2019-02-11,16:05:00,1,Collision with vehicle,1,Monday,121,RIGHT THROUGH,1,50186,Cross intersection,2,70,Arterial Highway,SETTLEMENT,GEELONG,-38.18192,144.34775,2019,2,February,16,Afternoon Peak,Weekday
T20190002649,2019-02-11,16:40:00,1,Collision with vehicle,1,Monday,121,RIGHT THROUGH,1,72499,T intersection,2,60,Local Road,LUCY,GEELONG,-38.180435,144.38354,2019,2,February,16,Afternoon Peak,Weekday
T20190002646,2019-02-11,16:00:00,1,Collision with vehicle,1,Monday,147,VEHICLE STRIKES ANOTHER VEH WHILE EMERGING FROM DRIVEWAY,1,359164,Not at intersection,3,50,Local Road,JAMES,CARDINIA,-38.07661,145.48248,2019,2,February,16,Afternoon Peak,Weekday
T20190002640,2019-02-11,14:40:00,1,Collision with vehicle,1,Monday,130,REAR END(VEHICLES IN SAME LANE),1,44909,T intersection,3,60,Arterial Other,STATION,BRIMBANK,-37.773018,144.77438,2019,2,February,14,Midday,Weekday
T20190002639,2019-02-11,15:30:00,1,Collision with vehicle,1,Monday,130,REAR END(VEHICLES IN SAME LANE),1,342105,Not at intersection,2,40,Local Road,OAKOVER,DAREBIN,-37.749496,144.99692,2019,2,February,15,Afternoon Peak,Weekday
T20190002635,2019-02-11,07:00:00,1,Collision with vehicle,1,Monday,120,HEAD ON (NOT OVERTAKING),1,342104,Not at intersection,3,100,Local Road,BACK HEPBURN,HEPBURN,-37.30768,144.14787,2019,2,February,7,Morning Peak,Weekday
T20190003900,2019-02-11,15:00:00,1,Collision with vehicle,1,Monday,147,VEHICLE STRIKES ANOTHER VEH WHILE EMERGING FROM DRIVEWAY,1,343062,Not at intersection,3,60,Local Road,ASHLEY PARK,KINGSTON,-38.03811,145.13797,2019,2,February,15,Afternoon Peak,Weekday
T20190002604,2019-02-11,08:00:00,1,Collision with vehicle,1,Monday,130,REAR END(VEHICLES IN SAME LANE),1,342149,Not at intersection,2,100,Freeway,MONASH,CASEY,-38.00106,145.29341,2019,2,February,8,Morning Peak,Weekday
T20190002904,2019-02-12,11:55:00,1,Collision with vehicle,2,Tuesday,121,RIGHT THROUGH,1,342501,Not at intersection,2,60,Arterial Highway,MCIVOR,BENDIGO,-36.787327,144.5028,2019,2,February,11,Midday,Weekday
T20190002769,2019-02-12,18:45:00,4,Collision with a fixed object,2,Tuesday,171,LEFT OFF CARRIAGEWAY INTO OBJECT/PARKED VEHICLE,2,344145,Not at intersection,3,100,Arterial Highway,LODDON VALLEY,LODDON,-35.98647,143.94579,2019,2,February,18,Afternoon Peak,Weekday
T20190002768,2019-02-12,16:45:00,1,Collision with vehicle,2,Tuesday,112,LEFT FAR (INTERSECTIONS ONLY),1,342795,T intersection,3,100,Local Road,MOUNTAIN GLEN,BAW BAW,-38.19481,146.2062,2019,2,February,16,Afternoon Peak,Weekday
T20190002700,2019-02-12,15:30:00,1,Collision with vehicle,2,Tuesday,121,RIGHT THROUGH,1,70193,T intersection,3,60,Arterial Other,HEATHERTON,DANDENONG,-37.96196,145.14868,2019,2,February,15,Afternoon Peak,Weekday
T20190002699,2019-02-12,11:45:00,4,Collision with a fixed object,2,Tuesday,151,OUT OF CONTROL (OVERTAKING),1,342268,Not at intersection,3,100,Local Road,AMEYS,SOUTH GIPPSLAND,-38.63118,146.22568,2019,2,February,11,Midday,Weekday
T20190002696,2019-02-12,13:10:00,1,Collision with vehicle,2,Tuesday,121,RIGHT THROUGH,1,278698,T intersection,3,70,Arterial Other,PALMERS,WYNDHAM,-37.816017,144.75021,2019,2,February,13,Midday,Weekday
T20190002690,2019-02-12,13:20:00,1,Collision with vehicle,2,Tuesday,113,RIGHT NEAR (INTERSECTIONS ONLY),1,342210,T intersection,2,60,Arterial Other,POLICE,MONASH,-37.93637,145.18237,2019,2,February,13,Midday,Weekday
T20190002689,2019-02-12,08:00:00,6,Vehicle overturned (no collision),2,Tuesday,180,OFF CARRIAGEWAY ON RIGHT BEND,1,342381,Not at intersection,3,60,Arterial Other,BUCKLAND GAP,WANGARATTA,-36.42937,146.6995,2019,2,February,8,Morning Peak,Weekday
T20190002688,2019-02-12,11:35:00,1,Collision with vehicle,2,Tuesday,113,RIGHT NEAR (INTERSECTIONS ONLY),1,342234,T intersection,2,70,Local Road,WOODS,CARDINIA,-38.0458,145.36798,2019,2,February,11,Midday,Weekday
T20190002685,2019-02-12,11:05:00,4,Collision with a fixed object,2,Tuesday,183,OFF LEFT BEND INTO OBJECT/PARKED VEHICLE,1,342448,Not at intersection,3,80,Arterial Other,LOVES,SOUTH GIPPSLAND,-38.489147,146.13133,2019,2,February,11,Midday,Weekday
T20190003677,2019-02-12,19:30:00,1,Collision with vehicle,2,Tuesday,111,RIGHT FAR (INTERSECTIONS ONLY),9,331821,T intersection,3,70,Freeway,HUME IN-COOPER,WHITTLESEA,-37.648132,144.9915,2019,2,February,19,Night,Weekday
T20190002681,2019-02-12,06:30:00,2,Struck Pedestrian,2,Tuesday,102,FAR SIDE. PED HIT BY VEHICLE FROM THE LEFT,3,342402,Not at intersection,2,50,Local Road,ALEXANDRA,MELBOURNE,-37.828022,144.9829,2019,2,February,6,Morning Peak,Weekday
T20190002680,2019-02-12,09:10:00,1,Collision with vehicle,2,Tuesday,130,REAR END(VEHICLES IN SAME LANE),1,342202,Not at intersection,3,80,Arterial Other,MONASH,LATROBE,-38.27903,146.41367,2019,2,February,9,Morning Peak,Weekday
T20190002668,2019-02-12,08:15:00,1,Collision with vehicle,2,Tuesday,130,REAR END(VEHICLES IN SAME LANE),1,342306,Cross intersection,3,60,Arterial Other,MELVILLE,MORELAND,-37.74977,144.94638,2019,2,February,8,Morning Peak,Weekday
T20190002717,2019-02-12,17:31:00,1,Collision with vehicle,2,Tuesday,130,REAR END(VEHICLES IN SAME LANE),1,360185,T intersection,3,70,Freeway,FERNTREE GULLY,MONASH,-37.902847,145.15599,2019,2,February,17,Afternoon Peak,Weekday
T20190003112,2019-02-12,16:16:00,1,Collision with vehicle,2,Tuesday,121,RIGHT THROUGH,1,29644,T intersection,2,70,Arterial Highway,NORTH,GLEN EIRA,-37.903103,145.03378,2019,2,February,16,Afternoon Peak,Weekday
T20190002721,2019-02-12,18:53:00,1,Collision with vehicle,2,Tuesday,120,HEAD ON (NOT OVERTAKING),1,342355,Not at intersection,2,80,Arterial Other,WELLINGTON,CARDINIA,-37.933956,145.41785,2019,2,February,18,Afternoon Peak,Weekday
T20190002722,2019-02-12,06:40:00,1,Collision with vehicle,2,Tuesday,121,RIGHT THROUGH,1,243783,T intersection,3,60,Arterial Other,NARRE WARREN,CASEY,-38.098442,145.29272,2019,2,February,6,Morning Peak,Weekday
T20190002724,2019-02-12,20:55:00,2,Struck Pedestrian,2,Tuesday,102,FAR SIDE. PED HIT BY VEHICLE FROM THE LEFT,3,342216,Not at intersection,3,80,Arterial Highway,GEELONG,HOBSONS BAY,-37.822056,144.83035,2019,2,February,20,Night,Weekday
T20190002727,2019-02-12,20:34:00,1,Collision with vehicle,2,Tuesday,111,RIGHT FAR (INTERSECTIONS ONLY),3,49411,Cross intersection,3,50,Arterial Highway,MURRAY,COLAC OTWAY,-38.33971,143.58705,2019,2,February,20,Night,Weekday
T20190003903,2019-02-12,15:30:00,1,Collision with vehicle,2,Tuesday,130,REAR END(VEHICLES IN SAME LANE),1,343589,Not at intersection,3,80,Local Road,HALL,FRANKSTON,-38.1068,145.23212,2019,2,February,15,Afternoon Peak,Weekday
T20190002735,2019-02-12,13:00:00,1,Collision with vehicle,2,Tuesday,150,HEAD ON(OVERTAKING),1,342595,Not at intersection,2,50,Local Road,KEPPEL,CASEY,-38.016006,145.27673,2019,2,February,13,Midday,Weekday
T20190002670,2019-02-12,08:55:00,1,Collision with vehicle,2,Tuesday,130,REAR END(VEHICLES IN SAME LANE),1,37482,T intersection,3,60,Arterial Other,GAP,HUME,-37.578285,144.70834,2019,2,February,8,Morning Peak,Weekday
T20190002702,2019-02-12,14:30:00,4,Collision with a fixed object,2,Tuesday,181,OFF RIGHT BEND INTO OBJECT/PARKED VEHICLE,1,342282,Not at intersection,2,60,Arterial Other,MONBULK,YARRA RANGES,-37.861988,145.4139,2019,2,February,14,Midday,Weekday
T20190002672,2019-02-12,07:24:00,1,Collision with vehicle,2,Tuesday,121,RIGHT THROUGH,1,40344,T intersection,3,60,Arterial Other,TOORONGA,STONNINGTON,-37.855667,145.04167,2019,2,February,7,Morning Peak,Weekday
T20190002676,2019-02-12,09:25:00,1,Collision with vehicle,2,Tuesday,110,CROSS TRAFFIC(INTERSECTIONS ONLY),1,39259,Cross intersection,3,60,Arterial Other,CANTERBURY,WHITEHORSE,-37.82772,145.11288,2019,2,February,9,Morning Peak,Weekday
T20190002929,2019-02-12,16:45:00,1,Collision with vehicle,2,Tuesday,135,LANE CHANGE LEFT (NOT OVERTAKING),1,360557,Not at intersection,2,80,Freeway,WEST GATE,HOBSONS BAY,-37.824413,144.86679,2019,2,February,16,Afternoon Peak,Weekday
T20190002704,2019-02-12,15:51:00,1,Collision with vehicle,2,Tuesday,120,HEAD ON (NOT OVERTAKING),1,342312,Not at intersection,2,50,Local Road,HUMPHRIES,MORNINGTON PENINSULA,-38.18295,145.11536,2019,2,February,15,Afternoon Peak,Weekday
T20190002759,2019-02-12,21:30:00,1,Collision with vehicle,2,Tuesday,121,RIGHT THROUGH,3,233700,T intersection,3,60,Arterial Other,POINT COOK,WYNDHAM,-37.88964,144.75554,2019,2,February,21,Night,Weekday
T20190002683,2019-02-12,10:58:00,1,Collision with vehicle,2,Tuesday,120,HEAD ON (NOT OVERTAKING),1,343998,Not at intersection,2,60,Local Road,REES,MELTON,-37.70569,144.56422,2019,2,February,10,Midday,Weekday
T20190002706,2019-02-12,14:25:00,1,Collision with vehicle,2,Tuesday,120,HEAD ON (NOT OVERTAKING),1,342275,Not at intersection,2,80,Arterial Highway,WARBURTON,YARRA RANGES,-37.776096,145.57535,2019,2,February,14,Midday,Weekday
T20190002703,2019-02-12,14:05:00,4,Collision with a fixed object,2,Tuesday,171,LEFT OFF CARRIAGEWAY INTO OBJECT/PARKED VEHICLE,1,342425,Not at intersection,2,80,Local Road,GHAZEEPORE,GEELONG,-38.21872,144.30049,2019,2,February,14,Midday,Weekday
T20190003778,2019-02-12,15:26:00,2,Struck Pedestrian,2,Tuesday,101,PED EMERGES FROM IN FRONT OF PARKED OR STATIONARY VEHICLE,1,342701,Not at intersection,3,40,Local Road,CAROLINE,DANDENONG,-37.99038,145.22548,2019,2,February,15,Afternoon Peak,Weekday
T20190002661,2019-02-12,00:50:00,4,Collision with a fixed object,2,Tuesday,181,OFF RIGHT BEND INTO OBJECT/PARKED VEHICLE,5,345141,Not at intersection,2,80,Arterial Other,TYERS-WALHALLA,LATROBE,-38.10688,146.45143,2019,2,February,0,Late Night,Weekday
T20190002707,2019-02-12,16:30:00,1,Collision with vehicle,2,Tuesday,130,REAR END(VEHICLES IN SAME LANE),1,342218,Not at intersection,3,80,Arterial Highway,NEPEAN,GLEN EIRA,-37.89526,145.00446,2019,2,February,16,Afternoon Peak,Weekday
T20190002708,2019-02-12,15:47:00,1,Collision with vehicle,2,Tuesday,130,REAR END(VEHICLES IN SAME LANE),1,67713,T intersection,2,60,Arterial Other,MONBULK,YARRA RANGES,-37.86216,145.41237,2019,2,February,15,Afternoon Peak,Weekday
T20190002726,2019-02-12,17:50:00,1,Collision with vehicle,2,Tuesday,120,HEAD ON (NOT OVERTAKING),1,43062,T intersection,2,60,Local Road,WEBSTER,DANDENONG,-37.993458,145.21333,2019,2,February,17,Afternoon Peak,Weekday
T20190002711,2019-02-12,17:34:00,1,Collision with vehicle,2,Tuesday,121,RIGHT THROUGH,1,342190,T intersection,3,60,Local Road,GREYTHORN,BOROONDARA,-37.79329,145.09914,2019,2,February,17,Afternoon Peak,Weekday
T20190003071,2019-02-12,07:55:00,1,Collision with vehicle,2,Tuesday,130,REAR END(VEHICLES IN SAME LANE),1,43904,T intersection,3,80,Arterial Other,NARRE WARREN,CASEY,-38.101894,145.29205,2019,2,February,7,Morning Peak,Weekday
T20190002678,2019-02-12,09:00:00,1,Collision with vehicle,2,Tuesday,130,REAR END(VEHICLES IN SAME LANE),1,342192,Not at intersection,2,80,Freeway,WEST GATE IN-KINGS,MELBOURNE,-37.825436,144.94096,2019,2,February,9,Morning Peak,Weekday