ACCIDENT_NO,ACCIDENT_DATE,ACCIDENT_TIME,ACCIDENT_TYPE,ACCIDENT_TYPE_DESC,DAY_OF_WEEK,DAY_WEEK_DESC,DCA_CODE,DCA_DESC,LIGHT_CONDITION,NODE_ID,ROAD_GEOMETRY_DESC,SEVERITY,SPEED_ZONE,RMA,ROAD_NAME,LGA_NAME,LATITUDE,LONGITUDE,YEAR,MONTH,MONTH_NAME,HOUR,TIME_PERIOD,DAY_TYPE
T20190002712,2019-02-12,16:54:00,1,Collision with vehicle,2,Tuesday,119,OTHER ADJACENT (INTERSECTIONS ONLY),1,55763,T intersection,2,50,Local Road,OLD DOOKIE,SHEPPARTON,-36.377575,145.41968,2019,2,February,16,Afternoon Peak,Weekday
T20190002713,2019-02-12,17:33:00,1,Collision with vehicle,2,Tuesday,130,REAR END(VEHICLES IN SAME LANE),1,658288,Not at intersection,3,70,Arterial Other,MAHONEYS,DAREBIN,-37.694233,145.00441,2019,2,February,17,Afternoon Peak,Weekday
T20190003801,2019-02-12,08:30:00,1,Collision with vehicle,2,Tuesday,110,CROSS TRAFFIC(INTERSECTIONS ONLY),1,66502,Cross intersection,3,40,Local Road,HUDSONS,HOBSONS BAY,-37.829586,144.88428,2019,2,February,8,Morning Peak,Weekday
T20190002791,2019-02-13,14:15:00,4,Collision with a fixed object,3,Wednesday,181,OFF RIGHT BEND INTO OBJECT/PARKED VEHICLE,1,342184,Not at intersection,1,100,Local Road,THREE CHAIN,MACEDON RANGES,-37.254288,144.675,2019,2,February,14,Midday,Weekday
T20190002740,2019-02-13,08:30:00,2,Struck Pedestrian,3,Wednesday,102,FAR SIDE. PED HIT BY VEHICLE FROM THE LEFT,1,342247,Not at intersection,3,50,Arterial Other,BORONIA ROAD SERVICE,WHITEHORSE,-37.83703,145.19621,2019,2,February,8,Morning Peak,Weekday
T20190003248,2019-02-13,10:00:00,1,Collision with vehicle,3,Wednesday,181,OFF RIGHT BEND INTO OBJECT/PARKED VEHICLE,1,360304,Not at intersection,3,80,Local Road,HAIGH,LATROBE,-38.172333,146.28111,2019,2,February,10,Midday,Weekday
T20210003390,2019-02-13,10:30:00,9,Other accident,3,Wednesday,170,OFF CARRIAGEWAY TO LEFT,9,779743,Not at intersection,3,50,Local Road,REDBURNS,BENDIGO,-36.92829,144.79376,2019,2,February,10,Midday,Weekday
T20190002790,2019-02-13,16:05:00,1,Collision with vehicle,3,Wednesday,113,RIGHT NEAR (INTERSECTIONS ONLY),1,57708,Cross intersection,1,100,Arterial Other,TARWIN LOWER,SOUTH GIPPSLAND,-38.661835,145.92958,2019,2,February,16,Afternoon Peak,Weekday
T20190002809,2019-02-13,21:25:00,2,Struck Pedestrian,3,Wednesday,102,FAR SIDE. PED HIT BY VEHICLE FROM THE LEFT,3,48756,T intersection,2,40,Local Road,LAKESIDE,PORT PHILLIP,-37.849438,144.9768,2019,2,February,21,Night,Weekday
T20190002804,2019-02-13,23:14:00,6,Vehicle overturned (no collision),3,Wednesday,184,OUT OF CONTROL ON CARRIAGEWAY (ON BEND),3,342765,Not at intersection,3,80,Local Road,BENTONS,MORNINGTON PENINSULA,-38.254467,145.07805,2019,2,February,23,Night,Weekday
T20190002803,2019-02-13,22:48:00,4,Collision with a fixed object,3,Wednesday,171,LEFT OFF CARRIAGEWAY INTO OBJECT/PARKED VEHICLE,5,343706,Not at intersection,2,100,Arterial Other,BENDIGO-MURCHISON,CAMPASPE,-36.603897,145.08746,2019,2,February,22,Night,Weekday
T20190002800,2019-02-13,16:35:00,1,Collision with vehicle,3,Wednesday,120,HEAD ON (NOT OVERTAKING),1,603310,Not at intersection,2,60,Local Road,POINT LEO,MORNINGTON PENINSULA,-38.38466,145.02504,2019,2,February,16,Afternoon Peak,Weekday
T20190002799,2019-02-13,06:30:00,1,Collision with vehicle,3,Wednesday,130,REAR END(VEHICLES IN SAME LANE),2,342236,Not at intersection,2,100,Arterial Other,WALLAN,WHITTLESEA,-37.456757,145.07362,2019,2,February,6,Morning Peak,Weekday
T20190002795,2019-02-13,19:55:00,1,Collision with vehicle,3,Wednesday,160,VEHICLE COLLIDES WITH VEHICLE PARKED ON LEFT OF ROAD,1,342265,Not at intersection,3,60,Arterial Other,BLACKBURN,MONASH,-37.86643,145.14949,2019,2,February,19,Night,Weekday
T20190002794,2019-02-13,18:10:00,1,Collision with vehicle,3,Wednesday,110,CROSS TRAFFIC(INTERSECTIONS ONLY),1,15493,Cross intersection,2,80,Arterial Other,BACK BEACH,BASS COAST,-38.496696,145.23894,2019,2,February,18,Afternoon Peak,Weekday
T20190002737,2019-02-13,05:59:00,1,Collision with vehicle,3,Wednesday,130,REAR END(VEHICLES IN SAME LANE),6,342310,Not at intersection,2,70,Arterial Highway,DANDENONG,GLEN EIRA,-37.86163,145.01657,2019,2,February,5,Morning Peak,Weekday
T20190002742,2019-02-13,06:17:00,1,Collision with vehicle,3,Wednesday,121,RIGHT THROUGH,2,29634,Cross intersection,3,60,Arterial Other,MARINE,PORT PHILLIP,-37.87534,144.97688,2019,2,February,6,Morning Peak,Weekday
T20190002744,2019-02-13,08:15:00,1,Collision with vehicle,3,Wednesday,130,REAR END(VEHICLES IN SAME LANE),1,342251,Not at intersection,2,100,Freeway,MORNINGTON PENINSULA,KINGSTON,-38.03609,145.13864,2019,2,February,8,Morning Peak,Weekday
T20190002745,2019-02-13,07:30:00,1,Collision with vehicle,3,Wednesday,130,REAR END(VEHICLES IN SAME LANE),2,345156,Not at intersection,2,60,Arterial Other,MORNINGTON-TYABB,MORNINGTON PENINSULA,-38.26131,145.18689,2019,2,February,7,Morning Peak,Weekday
T20190002746,2019-02-13,09:25:00,1,Collision with vehicle,3,Wednesday,132,RIGHT REAR.,1,342203,T intersection,2,100,Arterial Other,TRENTHAM,MACEDON RANGES,-37.28627,144.44635,2019,2,February,9,Morning Peak,Weekday
T20190002748,2019-02-13,07:57:00,1,Collision with vehicle,3,Wednesday,110,CROSS TRAFFIC(INTERSECTIONS ONLY),1,58178,Cross intersection,1,100,Arterial Highway,STURT,MILDURA,-34.224003,142.06422,2019,2,February,7,Morning Peak,Weekday
T20190002750,2019-02-13,10:45:00,1,Collision with vehicle,3,Wednesday,110,CROSS TRAFFIC(INTERSECTIONS ONLY),1,46059,Cross intersection,3,50,Local Road,GHERINGHAP,GEELONG,-38.154762,144.35445,2019,2,February,10,Midday,Weekday
T20190002752,2019-02-13,08:55:00,1,Collision with vehicle,3,Wednesday,113,RIGHT NEAR (INTERSECTIONS ONLY),1,38653,Cross intersection,3,60,Arterial Other,BALLARAT,MARIBYRNONG,-37.787052,144.87929,2019,2,February,8,Morning Peak,Weekday
T20190002762,2019-02-13,12:43:00,1,Collision with vehicle,3,Wednesday,173,RIGHT OFF CARRIAGEWAY INTO OBJECT/PARKED VEHICLE,1,342360,Not at intersection,2,60,Arterial Other,WATTLETREE,STONNINGTON,-37.865158,145.05061,2019,2,February,12,Midday,Weekday
T20190002764,2019-02-13,11:00:00,1,Collision with vehicle,3,Wednesday,110,CROSS TRAFFIC(INTERSECTIONS ONLY),1,69599,Cross intersection,3,50,Local Road,LUNTAR,KINGSTON,-37.9266,145.08311,2019,2,February,11,Midday,Weekday
T20190002771,2019-02-13,15:00:00,1,Collision with vehicle,3,Wednesday,140,U TURN,1,342498,Not at intersection,3,40,Local Road,COLLINS,MELBOURNE,-37.81533,144.96709,2019,2,February,15,Afternoon Peak,Weekday
T20190002777,2019-02-13,14:30:00,1,Collision with vehicle,3,Wednesday,120,HEAD ON (NOT OVERTAKING),1,70213,T intersection,2,60,Arterial Other,BEACH,BAYSIDE,-37.96352,145.01213,2019,2,February,14,Midday,Weekday
T20190002778,2019-02-13,16:40:00,1,Collision with vehicle,3,Wednesday,110,CROSS TRAFFIC(INTERSECTIONS ONLY),1,72883,Cross intersection,2,60,Local Road,GRANT,MORNINGTON PENINSULA,-38.221306,145.17645,2019,2,February,16,Afternoon Peak,Weekday
T20190002779,2019-02-13,16:27:00,1,Collision with vehicle,3,Wednesday,163,VEHICLE STRIKES DOOR OF PARKED/STATIONARY VEHICLE,1,342245,Not at intersection,2,60,Arterial Other,HAMPTON,BAYSIDE,-37.93253,145.00343,2019,2,February,16,Afternoon Peak,Weekday
T20190002780,2019-02-13,16:00:00,2,Struck Pedestrian,3,Wednesday,102,FAR SIDE. PED HIT BY VEHICLE FROM THE LEFT,1,57735,T intersection,3,50,Local Road,CAIRNS,CASEY,-38.038235,145.25575,2019,2,February,16,Afternoon Peak,Weekday
T20190002783,2019-02-13,15:30:00,4,Collision with a fixed object,3,Wednesday,173,RIGHT OFF CARRIAGEWAY INTO OBJECT/PARKED VEHICLE,1,342185,Not at intersection,1,100,Local Road,FERGUSON,SHEPPARTON,-36.440098,145.30495,2019,2,February,15,Afternoon Peak,Weekday
T20190002900,2019-02-13,17:50:00,1,Collision with vehicle,3,Wednesday,130,REAR END(VEHICLES IN SAME LANE),1,345688,Not at intersection,3,80,Arterial Other,WELLINGTON,YARRA RANGES,-37.938774,145.31479,2019,2,February,17,Afternoon Peak,Weekday
T20190002785,2019-02-13,15:00:00,2,Struck Pedestrian,3,Wednesday,100,PED NEAR SIDE. PED HIT BY VEHICLE FROM THE RIGHT.,1,278509,Cross intersection,3,60,Arterial Highway,SURF COAST,SURF COAST,-38.307785,144.32024,2019,2,February,15,Afternoon Peak,Weekday
T20190002786,2019-02-13,19:00:00,1,Collision with vehicle,3,Wednesday,130,REAR END(VEHICLES IN SAME LANE),1,343172,Not at intersection,2,100,Freeway,MONASH,MONASH,-37.910282,145.16296,2019,2,February,19,Night,Weekday
T20190002862,2019-02-14,18:25:00,1,Collision with vehicle,4,Thursday,113,RIGHT NEAR (INTERSECTIONS ONLY),1,43272,Cross intersection,3,80,Arterial Highway,SOUTH GIPPSLAND,CASEY,-38.04261,145.2523,2019,2,February,18,Afternoon Peak,Weekday
T20190002876,2019-02-14,16:50:00,1,Collision with vehicle,4,Thursday,121,RIGHT THROUGH,1,597163,Multiple intersection,1,100,Arterial Highway,PRINCES,WARRNAMBOOL,-38.38508,142.58638,2019,2,February,16,Afternoon Peak,Weekday
T20190002829,2019-02-14,13:00:00,1,Collision with vehicle,4,Thursday,137,LEFT TURN SIDESWIPE,1,55242,T intersection,3,60,Arterial Other,VICTORIA,MELBOURNE,-37.80615,144.95845,2019,2,February,13,Midday,Weekday
T20190002816,2019-02-14,07:22:00,1,Collision with vehicle,4,Thursday,147,VEHICLE STRIKES ANOTHER VEH WHILE EMERGING FROM DRIVEWAY,1,345299,Not at intersection,3,60,Local Road,BLACK SPRINGS,YARRA RANGES,-37.757565,145.30945,2019,2,February,7,Morning Peak,Weekday
T20190002815,2019-02-14,09:15:00,1,Collision with vehicle,4,Thursday,130,REAR END(VEHICLES IN SAME LANE),1,579661,T intersection,3,60,Local Road,FORREST,BRIMBANK,-37.785084,144.8246,2019,2,February,9,Morning Peak,Weekday
T20190002856,2019-02-14,17:04:00,1,Collision with vehicle,4,Thursday,121,RIGHT THROUGH,1,282647,T intersection,3,60,Local Road,BANGHOLME,DANDENONG,-38.034992,145.18678,2019,2,February,17,Afternoon Peak,Weekday
T20190002813,2019-02-14,08:28:00,1,Collision with vehicle,4,Thursday,131,LEFT REAR,1,342240,Not at intersection,3,50,Local Road,YARRA BEND,YARRA,-37.78688,145.00935,2019,2,February,8,Morning Peak,Weekday
T20190002857,2019-02-14,16:40:00,1,Collision with vehicle,4,Thursday,133,LANE SIDE SWIPE (VEHICLES IN PARALLEL LANES),1,342276,Not at intersection,3,100,Freeway,MONASH,CASEY,-37.99712,145.27182,2019,2,February,16,Afternoon Peak,Weekday
T20190003142,2019-02-14,14:20:00,1,Collision with vehicle,4,Thursday,160,VEHICLE COLLIDES WITH VEHICLE PARKED ON LEFT OF ROAD,1,342394,Not at intersection,2,60,Arterial Other,STONY POINT,MORNINGTON PENINSULA,-38.351738,145.1936,2019,2,February,14,Midday,Weekday
T20190002830,2019-02-14,10:30:00,1,Collision with vehicle,4,Thursday,130,REAR END(VEHICLES IN SAME LANE),1,55869,Not at intersection,3,70,Arterial Highway,PRINCES,GEELONG,-38.114243,144.3548,2019,2,February,10,Midday,Weekday
T20190002824,2019-02-14,10:55:00,1,Collision with vehicle,4,Thursday,121,RIGHT THROUGH,1,57255,T intersection,3,100,Arterial Highway,HENTY,HORSHAM,-36.5021,142.34615,2019,2,February,10,Midday,Weekday
T20190002828,2019-02-14,07:51:00,1,Collision with vehicle,4,Thursday,130,REAR END(VEHICLES IN SAME LANE),1,67650,T intersection,3,60,Arterial Other,BORONIA,KNOX,-37.860798,145.26994,2019,2,February,7,Morning Peak,Weekday
T20190002832,2019-02-14,06:55:00,1,Collision with vehicle,4,Thursday,121,RIGHT THROUGH,1,224077,Cross intersection,2,60,Local Road,ABBOTTS,DANDENONG,-38.034477,145.23463,2019,2,February,6,Morning Peak,Weekday
T20190002895,2019-02-14,07:55:00,2,Struck Pedestrian,4,Thursday,102,FAR SIDE. PED HIT BY VEHICLE FROM THE LEFT,1,46060,T intersection,3,80,Arterial Highway,STUD,KNOX,-37.8731,145.23286,2019,2,February,7,Morning Peak,Weekday
T20190002877,2019-02-14,21:31:00,1,Collision with vehicle,4,Thursday,130,REAR END(VEHICLES IN SAME LANE),3,36149,T intersection,3,60,Arterial Other,HIGH,WHITTLESEA,-37.6726,145.01529,2019,2,February,21,Night,Weekday
T20190002889,2019-02-14,08:13:00,2,Struck Pedestrian,4,Thursday,100,PED NEAR SIDE. PED HIT BY VEHICLE FROM THE RIGHT.,1,995,Cross intersection,3,50,Local Road,EVANS,HUME,-37.582016,144.72768,2019,2,February,8,Morning Peak,Weekday
T20190002885,2019-02-14,19:57:00,2,Struck Pedestrian,4,Thursday,100,PED NEAR SIDE. PED HIT BY VEHICLE FROM THE RIGHT.,2,217279,Not at intersection,1,60,Arterial Other,HIGH,WHITTLESEA,-37.65734,145.0201,2019,2,February,19,Night,Weekday
T20190002874,2019-02-14,19:55:00,1,Collision with vehicle,4,Thursday,110,CROSS TRAFFIC(INTERSECTIONS ONLY),2,59295,Cross intersection,2,100,Arterial Other,ELMORE-RAYWOOD,BENDIGO,-36.487183,144.38042,2019,2,February,19,Night,Weekday
T20190002807,2019-02-14,05:10:00,1,Collision with vehicle,4,Thursday,130,REAR END(VEHICLES IN SAME LANE),3,439,Cross intersection,3,80,Arterial Highway,MAROONDAH,YARRA RANGES,-37.76107,145.33432,2019,2,February,5,Morning Peak,Weekday
T20190002805,2019-02-14,02:55:00,1,Collision with vehicle,4,Thursday,146,REVERSING INTO FIXED OBJECT/PARKED VEHICLE,3,343068,Not at intersection,3,50,Local Road,ARKARINGA,BAYSIDE,-37.969906,145.02007,2019,2,February,2,Late Night,Weekday
T20190002827,2019-02-14,10:05:00,1,Collision with vehicle,4,Thursday,120,HEAD ON (NOT OVERTAKING),1,359166,T intersection,2,100,Arterial Highway,NORTHERN,MITCHELL,-37.33875,144.96053,2019,2,February,10,Midday,Weekday
T20190002823,2019-02-14,07:47:00,1,Collision with vehicle,4,Thursday,130,REAR END(VEHICLES IN SAME LANE),1,342378,Not at intersection,2,100,Freeway,EASTERN,WHITEHORSE,-37.802574,145.1651,2019,2,February,7,Morning Peak,Weekday
T20190002822,2019-02-14,08:38:00,1,Collision with vehicle,4,Thursday,110,CROSS TRAFFIC(INTERSECTIONS ONLY),1,54410,Cross intersection,3,50,Local Road,HOPETOUN,BAW BAW,-38.136345,145.86276,2019,2,February,8,Morning Peak,Weekday
T20190002821,2019-02-14,10:30:00,4,Collision with a fixed object,4,Thursday,171,LEFT OFF CARRIAGEWAY INTO OBJECT/PARKED VEHICLE,1,54118,Cross intersection,2,50,Arterial Highway,MAIN,EAST GIPPSLAND,-37.82603,147.632,2019,2,February,10,Midday,Weekday
T20190002820,2019-02-14,10:00:00,1,Collision with vehicle,4,Thursday,139,OTHER SAME DIRECTION-MANOUEVRES NOT INCLUDED IN DCAs 130-137,1,360186,Not at intersection,3,80,Arterial Other,PASCOE VALE,HUME,-37.663,144.92255,2019,2,February,10,Midday,Weekday
T20190002818,2019-02-14,09:12:00,1,Collision with vehicle,4,Thursday,130,REAR END(VEHICLES IN SAME LANE),1,342249,Not at intersection,3,100,Freeway,WESTERN RING,MORELAND,-37.693016,144.94006,2019,2,February,9,Morning Peak,Weekday
T20190002817,2019-02-14,07:55:00,1,Collision with vehicle,4,Thursday,130,REAR END(VEHICLES IN SAME LANE),1,360440,Cross intersection,3,50,Local Road,LAUREL,MILDURA,-34.31003,142.18309,2019,2,February,7,Morning Peak,Weekday
T20190002881,2019-02-14,21:30:00,4,Collision with a fixed object,4,Thursday,181,OFF RIGHT BEND INTO OBJECT/PARKED VEHICLE,3,346665,Not at intersection,3,60,Arterial Other,TEMPLESTOWE,MANNINGHAM,-37.75877,145.08484,2019,2,February,21,Night,Weekday
T20190002873,2019-02-14,18:00:00,1,Collision with vehicle,4,Thursday,120,HEAD ON (NOT OVERTAKING),1,41076,T intersection,1,70,Arterial Other,MOUNTAIN,YARRA RANGES,-37.860664,145.33893,2019,2,February,18,Afternoon Peak,Weekday
T20190002879,2019-02-14,21:39:00,1,Collision with vehicle,4,Thursday,113,RIGHT NEAR (INTERSECTIONS ONLY),3,51741,Cross intersection,2,60,Arterial Other,STRATHFIELDSAYE ROAD -WELLINGTON,BENDIGO,-36.805477,144.35054,2019,2,February,21,Night,Weekday
T20190002915,2019-02-14,18:35:00,1,Collision with vehicle,4,Thursday,160,VEHICLE COLLIDES WITH VEHICLE PARKED ON LEFT OF ROAD,2,342920,Not at intersection,3,60,Local Road,YORK,BALLARAT,-37.5705,143.8898,2019,2,February,18,Afternoon Peak,Weekday
T20190002872,2019-02-14,17:31:00,1,Collision with vehicle,4,Thursday,110,CROSS TRAFFIC(INTERSECTIONS ONLY),1,62088,Cross intersection,3,40,Local Road,BELAIR,MORELAND,-37.70414,144.91173,2019,2,February,17,Afternoon Peak,Weekday
T20190002949,2019-02-14,04:40:00,1,Collision with vehicle,4,Thursday,154,PULLING OUT -REAR END,3,344337,Not at intersection,2,100,Freeway,CITYLINK,MELBOURNE,-37.78066,144.93929,2019,2,February,4,Late Night,Weekday
T20190002871,2019-02-14,20:57:00,2,Struck Pedestrian,4,Thursday,102,FAR SIDE. PED HIT BY VEHICLE FROM THE LEFT,3,42463,T intersection,2,60,Arterial Other,HEATHERTON,DANDENONG,-37.960644,145.13779,2019,2,February,20,Night,Weekday
T20190002870,2019-02-14,19:06:00,1,Collision with vehicle,4,Thursday,130,REAR END(VEHICLES IN SAME LANE),1,36293,Cross intersection,3,60,Local Road,VIEW,MORELAND,-37.69578,144.92499,2019,2,February,19,Night,Weekday
T20190002868,2019-02-14,18:44:00,1,Collision with vehicle,4,Thursday,113,RIGHT NEAR (INTERSECTIONS ONLY),1,1335,Cross intersection,3,60,Arterial Other,PASCOE VALE,MOONEE VALLEY,-37.75594,144.9261,2019,2,February,18,Afternoon Peak,Weekday
T20190002835,2019-02-14,09:44:00,1,Collision with vehicle,4,Thursday,113,RIGHT NEAR (INTERSECTIONS ONLY),1,278133,T intersection,3,60,Local Road,LINSELL,CASEY,-38.101685,145.31476,2019,2,February,9,Morning Peak,Weekday
T20190002840,2019-02-14,08:23:00,1,Collision with vehicle,4,Thursday,160,VEHICLE COLLIDES WITH VEHICLE PARKED ON LEFT OF ROAD,1,342250,Not at intersection,3,60,Arterial Other,MOUNT ALEXANDER,MOONEE VALLEY,-37.7602,144.92105,2019,2,February,8,Morning Peak,Weekday
T20190002842,2019-02-14,13:54:00,1,Collision with vehicle,4,Thursday,121,RIGHT THROUGH,1,43876,T intersection,2,60,Arterial Other,EVANS,CASEY,-38.10937,145.2524,2019,2,February,13,Midday,Weekday
T20190002843,2019-02-14,15:00:00,1,Collision with vehicle,4,Thursday,130,REAR END(VEHICLES IN SAME LANE),1,63208,T intersection,3,50,Local Road,OAKWOOD,BRIMBANK,-37.74593,144.77002,2019,2,February,15,Afternoon Peak,Weekday
T20190002845,2019-02-14,11:45:00,2,Struck Pedestrian,4,Thursday,109,ANY MANOEUVRE INVOLVING PED NOT INCLUDED IN DCAs 100-108.,1,343066,Not at intersection,3,50,Arterial Other,BELMORE,MOIRA,-36.0134,146.00458,2019,2,February,11,Midday,Weekday
T20190006999,2019-02-14,15:00:00,7,Fall from or in moving vehicle,4,Thursday,179,OTHER ACCIDENTS-OFF STRAIGHT NOT INCLUDED IN DCAs 170-175,1,68815,T intersection,3,50,Local Road,GLENIFER,KNOX,-37.896366,145.23659,2019,2,February,15,Afternoon Peak,Weekday
T20190002849,2019-02-14,16:18:00,1,Collision with vehicle,4,Thursday,130,REAR END(VEHICLES IN SAME LANE),1,342441,Not at intersection,3,100,Freeway,WESTERN RING,BRIMBANK,-37.712997,144.87888,2019,2,February,16,Afternoon Peak,Weekday
T20190002810,2019-02-14,06:45:00,4,Collision with a fixed object,4,Thursday,171,LEFT OFF CARRIAGEWAY INTO OBJECT/PARKED VEHICLE,2,359167,T intersection,3,60,Arterial Other,PRINCES,MELBOURNE,-37.79262,144.97174,2019,2,February,6,Morning Peak,Weekday
T20190006654,2019-02-14,14:30:00,1,Collision with vehicle,4,Thursday,130,REAR END(VEHICLES IN SAME LANE),1,640811,Not at intersection,3,80,Arterial Highway,SOUTH GIPPSLAND,DANDENONG,-38.010906,145.23033,2019,2,February,14,Midday,Weekday
T20190002938,2019-02-15,16:10:00,2,Struck Pedestrian,5,Friday,100,PED NEAR SIDE. PED HIT BY VEHICLE FROM THE RIGHT.,1,37580,Cross intersection,2,40,Local Road,PALMERSTON,PORT PHILLIP,-37.832733,144.97021,2019,2,February,16,Afternoon Peak,Weekday
T20190002934,2019-02-15,09:10:00,1,Collision with vehicle,5,Friday,130,REAR END(VEHICLES IN SAME LANE),1,343026,Not at intersection,3,60,Arterial Other,DERRIMUT,WYNDHAM,-37.84573,144.68867,2019,2,February,9,Morning Peak,Weekday
T20190002933,2019-02-15,14:05:00,1,Collision with vehicle,5,Friday,130,REAR END(VEHICLES IN SAME LANE),1,342474,Not at intersection,3,80,Freeway,MONASH,STONNINGTON,-37.85364,145.05624,2019,2,February,14,Midday,Weekday
T20190007197,2019-02-15,13:25:00,1,Collision with vehicle,5,Friday,130,REAR END(VEHICLES IN SAME LANE),1,589713,Not at intersection,3,50,Arterial Highway,SEVENTH,MILDURA,-34.186214,142.16756,2019,2,February,13,Midday,Weekday
T20190002958,2019-02-15,20:22:00,2,Struck Pedestrian,5,Friday,101,PED EMERGES FROM IN FRONT OF PARKED OR STATIONARY VEHICLE,1,229963,Cross intersection,2,60,Arterial Other,SAYERS,WYNDHAM,-37.852726,144.73128,2019,2,February,20,Night,Weekday
T20190002932,2019-02-15,14:40:00,1,Collision with vehicle,5,Friday,132,RIGHT REAR.,1,360442,Not at intersection,2,100,Arterial Highway,SOUTH GIPPSLAND,WELLINGTON,-38.632446,146.5545,2019,2,February,14,Midday,Weekday
T20190002956,2019-02-15,21:15:00,1,Collision with vehicle,5,Friday,159,OTHER OVERTAKING MANOEUVRES NOT INCLUDED IN DCAs 150-154,3,342313,Not at intersection,2,50,Local Road,THE PROMENADE,CASEY,-38.06842,145.30995,2019,2,February,21,Night,Weekday
T20190003148,2019-02-15,13:35:00,1,Collision with vehicle,5,Friday,130,REAR END(VEHICLES IN SAME LANE),1,345435,Not at intersection,3,100,Arterial Highway,HOPKINS,MOYNE,-38.102932,142.77509,2019,2,February,13,Midday,Weekday
T20190003252,2019-02-15,16:20:00,2,Struck Pedestrian,5,Friday,102,FAR SIDE. PED HIT BY VEHICLE FROM THE LEFT,1,57645,T intersection,3,40,Local Road,EASTERN BEACH,GEELONG,-38.14416,144.36218,2019,2,February,16,Afternoon Peak,Weekday
T20190002954,2019-02-15,17:09:00,1,Collision with vehicle,5,Friday,135,LANE CHANGE LEFT (NOT OVERTAKING),1,344036,Not at intersection,3,80,Arterial Highway,FRANKSTON-DANDENONG,FRANKSTON,-38.11408,145.15544,2019,2,February,17,Afternoon Peak,Weekday
T20190002960,2019-02-15,21:00:00,4,Collision with a fixed object,5,Friday,164,PERMANENT OBSTRUCTION ON CARRIAGEWAY,3,579928,Not at intersection,2,60,Arterial Other,THOMPSONS,CASEY,-38.079002,145.25015,2019,2,February,21,Night,Weekday
T20190002961,2019-02-15,22:35:00,1,Collision with vehicle,5,Friday,121,RIGHT THROUGH,3,38061,Cross intersection,2,60,Arterial Other,DALTON ROAD -KEON,WHITTLESEA,-37.695976,145.02232,2019,2,February,22,Night,Weekday
T20190002962,2019-02-15,22:05:00,1,Collision with vehicle,5,Friday,130,REAR END(VEHICLES IN SAME LANE),3,343516,Not at intersection,3,60,Arterial Other,HIGH,WHITTLESEA,-37.68417,145.01317,2019,2,February,22,Night,Weekday
T20190002963,2019-02-15,21:35:00,1,Collision with vehicle,5,Friday,121,RIGHT THROUGH,3,44057,Cross intersection,2,60,Local Road,CRAWLEY,DAREBIN,-37.726074,145.00612,2019,2,February,21,Night,Weekday
T20190002964,2019-02-15,02:53:00,1,Collision with vehicle,5,Friday,130,REAR END(VEHICLES IN SAME LANE),3,360188,Not at intersection,2,40,Freeway,MONASH,MONASH,-37.93235,145.18845,2019,2,February,2,Late Night,Weekday
T20190002922,2019-02-15,10:31:00,1,Collision with vehicle,5,Friday,130,REAR END(VEHICLES IN SAME LANE),1,342361,Not at intersection,2,50,Local Road,SWANSTON,GEELONG,-38.15273,144.36671,2019,2,February,10,Midday,Weekday
T20190002919,2019-02-15,09:05:00,1,Collision with vehicle,5,Friday,120,HEAD ON (NOT OVERTAKING),1,39494,T intersection,3,60,Arterial Other,SUNSHINE,BRIMBANK,-37.71184,144.80392,2019,2,February,9,Morning Peak,Weekday
T20190003021,2019-02-15,21:40:00,1,Collision with vehicle,5,Friday,130,REAR END(VEHICLES IN SAME LANE),3,627019,Not at intersection,3,50,Local Road,SCOTT,MILDURA,-35.06799,142.31288,2019,2,February,21,Night,Weekday
T20190003023,2019-02-15,23:29:00,1,Collision with vehicle,5,Friday,110,CROSS TRAFFIC(INTERSECTIONS ONLY),3,38383,Cross intersection,3,60,Arterial Other,HEIDELBERG-WARRANDYTE,MANNINGHAM,-37.75041,145.16888,2019,2,February,23,Night,Weekday
T20190003106,2019-02-15,17:00:00,8,No collision and no object struck,5,Friday,151,OUT OF CONTROL (OVERTAKING),1,342354,Not at intersection,3,50,Local Road,LIVINGSTONE,CARDINIA,-38.08074,145.46686,2019,2,February,17,Afternoon Peak,Weekday
T20190002887,2019-02-15,03:30:00,4,Collision with a fixed object,5,Friday,173,RIGHT OFF CARRIAGEWAY INTO OBJECT/PARKED VEHICLE,3,344861,Not at intersection,2,60,Local Road,ELGIN,MELBOURNE,-37.797146,144.96744,2019,2,February,3,Late Night,Weekday
T20190002897,2019-02-15,07:30:00,1,Collision with vehicle,5,Friday,120,HEAD ON (NOT OVERTAKING),1,360187,Not at intersection,3,60,Local Road,HARRIS GULLY,MANNINGHAM,-37.76433,145.1999,2019,2,February,7,Morning Peak,Weekday
T20190002952,2019-02-15,16:00:00,1,Collision with vehicle,5,Friday,130,REAR END(VEHICLES IN SAME LANE),9,1200,T intersection,3,50,Local Road,HOTHLYN,HUME,-37.603542,144.94183,2019,2,February,16,Afternoon Peak,Weekday
T20190002913,2019-02-15,08:55:00,1,Collision with vehicle,5,Friday,111,RIGHT FAR (INTERSECTIONS ONLY),1,360507,T intersection,2,50,Local Road,MARATHON,HUME,-37.58445,144.9033,2019,2,February,8,Morning Peak,Weekday