ACCIDENT_NO,ACCIDENT_DATE,ACCIDENT_TIME,ACCIDENT_TYPE,ACCIDENT_TYPE_DESC,DAY_OF_WEEK,DAY_WEEK_DESC,DCA_CODE,DCA_DESC,LIGHT_CONDITION,NODE_ID,ROAD_GEOMETRY_DESC,SEVERITY,SPEED_ZONE,RMA,ROAD_NAME,LGA_NAME,LATITUDE,LONGITUDE,YEAR,MONTH,MONTH_NAME,HOUR,TIME_PERIOD,DAY_TYPE
T20190002950,2019-02-15,19:25:00,1,Collision with vehicle,5,Friday,130,REAR END(VEHICLES IN SAME LANE),1,43857,Cross intersection,3,80,Arterial Highway,SOUTH GIPPSLAND,CASEY,-38.08229,145.2766,2019,2,February,19,Night,Weekday
T20190003847,2019-02-15,15:25:00,2,Struck Pedestrian,5,Friday,101,PED EMERGES FROM IN FRONT OF PARKED OR STATIONARY VEHICLE,1,342749,Not at intersection,3,60,Arterial Other,VICTORIA,MELBOURNE,-37.807148,144.96747,2019,2,February,15,Afternoon Peak,Weekday
T20190002907,2019-02-15,04:00:00,4,Collision with a fixed object,5,Friday,173,RIGHT OFF CARRIAGEWAY INTO OBJECT/PARKED VEHICLE,5,342794,Not at intersection,2,100,Arterial Other,MOE-RAWSON,BAW BAW,-37.956196,146.38455,2019,2,February,4,Late Night,Weekday
T20190002965,2019-02-15,21:40:00,1,Collision with vehicle,5,Friday,110,CROSS TRAFFIC(INTERSECTIONS ONLY),3,15399,Cross intersection,3,40,Local Road,ALBERT,GEELONG,-38.14078,144.34828,2019,2,February,21,Night,Weekday
T20190002945,2019-02-15,18:15:00,1,Collision with vehicle,5,Friday,130,REAR END(VEHICLES IN SAME LANE),1,83611,Not at intersection,3,60,Local Road,STINTONS,MANNINGHAM,-37.772366,145.20126,2019,2,February,18,Afternoon Peak,Weekday
T20190002943,2019-02-15,17:45:00,1,Collision with vehicle,5,Friday,110,CROSS TRAFFIC(INTERSECTIONS ONLY),1,35299,Cross intersection,3,60,Arterial Other,CURZON,MELBOURNE,-37.79875,144.94887,2019,2,February,17,Afternoon Peak,Weekday
T20190002942,2019-02-15,15:30:00,1,Collision with vehicle,5,Friday,137,LEFT TURN SIDESWIPE,1,342315,Not at intersection,3,40,Local Road,ALBERT,MELBOURNE,-37.810352,144.98303,2019,2,February,15,Afternoon Peak,Weekday
T20190002941,2019-02-15,15:20:00,1,Collision with vehicle,5,Friday,130,REAR END(VEHICLES IN SAME LANE),1,63070,T intersection,3,40,Local Road,DIANE,BANYULE,-37.741165,145.0887,2019,2,February,15,Afternoon Peak,Weekday
T20190003193,2019-02-15,12:45:00,2,Struck Pedestrian,5,Friday,109,ANY MANOEUVRE INVOLVING PED NOT INCLUDED IN DCAs 100-108.,1,342426,Not at intersection,2,40,Local Road,LOCHIEL,MORNINGTON PENINSULA,-38.26721,145.01328,2019,2,February,12,Midday,Weekday
T20190002966,2019-02-15,23:20:00,1,Collision with vehicle,5,Friday,121,RIGHT THROUGH,3,39785,Cross intersection,2,80,Arterial Other,DORSET,MAROONDAH,-37.826,145.28758,2019,2,February,23,Night,Weekday
T20190002971,2019-02-15,23:31:00,1,Collision with vehicle,5,Friday,160,VEHICLE COLLIDES WITH VEHICLE PARKED ON LEFT OF ROAD,3,359165,Not at intersection,2,50,Local Road,BUCKLEY,DANDENONG,-37.97163,145.17348,2019,2,February,23,Night,Weekday
T20190002926,2019-02-15,07:40:00,1,Collision with vehicle,5,Friday,130,REAR END(VEHICLES IN SAME LANE),1,342379,Not at intersection,3,60,Arterial Other,HIGH,WHITTLESEA,-37.63821,145.02632,2019,2,February,7,Morning Peak,Weekday
T20190003030,2019-02-16,23:30:00,4,Collision with a fixed object,6,Saturday,151,OUT OF CONTROL (OVERTAKING),3,346672,T intersection,2,60,Local Road,HUON CREEK,WODONGA,-36.14679,146.87512,2019,2,February,23,Night,Weekend
T20190003032,2019-02-16,23:10:00,1,Collision with vehicle,6,Saturday,121,RIGHT THROUGH,3,35319,Cross intersection,2,50,Arterial Other,VICTORIA,MELBOURNE,-37.806973,144.96585,2019,2,February,23,Night,Weekend
T20190003040,2019-02-16,23:50:00,4,Collision with a fixed object,6,Saturday,181,OFF RIGHT BEND INTO OBJECT/PARKED VEHICLE,5,343493,Not at intersection,3,60,Arterial Other,MOUNT DANDENONG TOURIST,YARRA RANGES,-37.861717,145.36752,2019,2,February,23,Night,Weekend
T20190003051,2019-02-16,16:30:00,1,Collision with vehicle,6,Saturday,133,LANE SIDE SWIPE (VEHICLES IN PARALLEL LANES),1,343835,Not at intersection,2,100,Local Road,BLACK SNAKE CREEK,CARDINIA,-37.94684,145.65286,2019,2,February,16,Afternoon Peak,Weekend
T20190003052,2019-02-16,12:26:00,1,Collision with vehicle,6,Saturday,130,REAR END(VEHICLES IN SAME LANE),1,51642,Cross intersection,3,50,Arterial Other,MITCHELL,BENDIGO,-36.76337,144.2829,2019,2,February,12,Midday,Weekend
T20190005772,2019-02-16,10:30:00,1,Collision with vehicle,6,Saturday,130,REAR END(VEHICLES IN SAME LANE),1,41116,Cross intersection,3,60,Arterial Highway,BRIGHTON,PORT PHILLIP,-37.87625,144.99223,2019,2,February,10,Midday,Weekend
T20190003065,2019-02-16,20:07:00,1,Collision with vehicle,6,Saturday,130,REAR END(VEHICLES IN SAME LANE),2,44587,Cross intersection,3,60,Arterial Other,STURT,BALLARAT,-37.560925,143.84744,2019,2,February,20,Night,Weekend
T20190003095,2019-02-16,00:22:00,4,Collision with a fixed object,6,Saturday,183,OFF LEFT BEND INTO OBJECT/PARKED VEHICLE,3,343624,Not at intersection,2,50,Local Road,OAKTREE,WYNDHAM,-37.88589,144.61943,2019,2,February,0,Late Night,Weekend
T20190003025,2019-02-16,05:35:00,1,Collision with vehicle,6,Saturday,110,CROSS TRAFFIC(INTERSECTIONS ONLY),3,39697,Cross intersection,3,80,Arterial Highway,MAROONDAH,MAROONDAH,-37.79783,145.25394,2019,2,February,5,Morning Peak,Weekend
T20190002974,2019-02-16,03:00:00,5,collision with some other object,6,Saturday,165,TEMPORARY ROADWORKS,3,345151,Not at intersection,2,60,Arterial Highway,DANDENONG-HASTINGS,FRANKSTON,-38.077908,145.23933,2019,2,February,3,Late Night,Weekend
T20190002977,2019-02-16,02:08:00,2,Struck Pedestrian,6,Saturday,103,PED PLAYING/LYING/WORKING/STANDING ON CARRIAGEWAY.,5,53562,T intersection,1,80,Arterial Highway,PRINCES,LATROBE,-38.209484,146.49275,2019,2,February,2,Late Night,Weekend
T20190003165,2019-02-16,12:00:00,4,Collision with a fixed object,6,Saturday,183,OFF LEFT BEND INTO OBJECT/PARKED VEHICLE,1,37807,T intersection,2,40,Arterial Other,ALBION STREET -NICHOLSON,MORELAND,-37.762714,144.97919,2019,2,February,12,Midday,Weekend
T20190002982,2019-02-16,07:27:00,1,Collision with vehicle,6,Saturday,110,CROSS TRAFFIC(INTERSECTIONS ONLY),1,66458,Cross intersection,2,60,Arterial Other,CANTERBURY,WHITEHORSE,-37.828377,145.11853,2019,2,February,7,Morning Peak,Weekend
T20190002983,2019-02-16,07:28:00,2,Struck Pedestrian,6,Saturday,105,PED WALKING AGAINST TRAFFIC.,1,342620,Not at intersection,3,50,Local Road,NEWTON,CENTRAL GOLDFIELDS,-37.03998,143.73323,2019,2,February,7,Morning Peak,Weekend
T20190002986,2019-02-16,07:55:00,1,Collision with vehicle,6,Saturday,160,VEHICLE COLLIDES WITH VEHICLE PARKED ON LEFT OF ROAD,1,347162,Not at intersection,3,50,Local Road,KAURI,MILDURA,-34.31063,142.18434,2019,2,February,7,Morning Peak,Weekend
T20190002987,2019-02-16,10:40:00,1,Collision with vehicle,6,Saturday,111,RIGHT FAR (INTERSECTIONS ONLY),1,342281,T intersection,3,50,Local Road,GREENHILL,BANYULE,-37.69714,145.11682,2019,2,February,10,Midday,Weekend
T20190002992,2019-02-16,10:10:00,1,Collision with vehicle,6,Saturday,133,LANE SIDE SWIPE (VEHICLES IN PARALLEL LANES),1,342651,Not at intersection,2,100,Arterial Other,KORUMBURRA-WONTHAGGI,BASS COAST,-38.5509,145.68379,2019,2,February,10,Midday,Weekend
T20190002993,2019-02-16,11:08:00,6,Vehicle overturned (no collision),6,Saturday,172,OFF CARRIAGEWAY TO RIGHT,1,342383,Not at intersection,3,60,Arterial Other,HOPKINS,MELTON,-37.747368,144.70113,2019,2,February,11,Midday,Weekend
T20190002994,2019-02-16,12:25:00,1,Collision with vehicle,6,Saturday,110,CROSS TRAFFIC(INTERSECTIONS ONLY),1,50872,Cross intersection,3,60,Local Road,OSBURN,WODONGA,-36.119476,146.8963,2019,2,February,12,Midday,Weekend
T20190002996,2019-02-16,08:45:00,1,Collision with vehicle,6,Saturday,110,CROSS TRAFFIC(INTERSECTIONS ONLY),1,57265,Cross intersection,3,60,Local Road,NINTH,MILDURA,-34.178276,142.15099,2019,2,February,8,Morning Peak,Weekend
T20190002998,2019-02-16,11:50:00,1,Collision with vehicle,6,Saturday,113,RIGHT NEAR (INTERSECTIONS ONLY),1,39792,T intersection,3,60,Arterial Other,DORSET,MAROONDAH,-37.79522,145.29073,2019,2,February,11,Midday,Weekend
T20190003002,2019-02-16,14:15:00,1,Collision with vehicle,6,Saturday,110,CROSS TRAFFIC(INTERSECTIONS ONLY),1,58585,Cross intersection,3,40,Local Road,EYRE,CAMPASPE,-36.133583,144.76035,2019,2,February,14,Midday,Weekend
T20190003006,2019-02-16,12:45:00,1,Collision with vehicle,6,Saturday,110,CROSS TRAFFIC(INTERSECTIONS ONLY),1,344300,Cross intersection,3,40,Local Road,LICHFIELD,HUME,-37.68767,144.91522,2019,2,February,12,Midday,Weekend
T20190003007,2019-02-16,16:11:00,1,Collision with vehicle,6,Saturday,113,RIGHT NEAR (INTERSECTIONS ONLY),1,360190,T intersection,2,50,Local Road,JAMES MIRAMS,HUME,-37.61959,144.91867,2019,2,February,16,Afternoon Peak,Weekend
T20190003008,2019-02-16,14:30:00,5,collision with some other object,6,Saturday,166,STRUCK OBJECT ON CARRIAGEWAY,1,342777,Not at intersection,2,100,Arterial Other,WHITTLESEA-YEA,MURRINDINDI,-37.296642,145.37686,2019,2,February,14,Midday,Weekend
T20190003010,2019-02-16,15:05:00,1,Collision with vehicle,6,Saturday,130,REAR END(VEHICLES IN SAME LANE),1,38177,T intersection,3,60,Arterial Other,SOUTHERN,BANYULE,-37.743225,145.05858,2019,2,February,15,Afternoon Peak,Weekend
T20190003011,2019-02-16,00:14:00,1,Collision with vehicle,6,Saturday,129,OTHER OPPOSING MANOEUVRES NOT INCLUDED IN DCAs 120-125.,3,35852,T intersection,3,80,Arterial Highway,SOUTH GIPPSLAND,DANDENONG,-38.035515,145.24594,2019,2,February,0,Late Night,Weekend
T20190003012,2019-02-16,16:00:00,4,Collision with a fixed object,6,Saturday,181,OFF RIGHT BEND INTO OBJECT/PARKED VEHICLE,1,347076,Not at intersection,2,80,Local Road,RODBOROUGH,CENTRAL GOLDFIELDS,-37.092678,143.87044,2019,2,February,16,Afternoon Peak,Weekend
T20190003014,2019-02-16,15:00:00,1,Collision with vehicle,6,Saturday,113,RIGHT NEAR (INTERSECTIONS ONLY),1,342427,T intersection,2,60,Local Road,STAGECOACH,BRIMBANK,-37.69933,144.76566,2019,2,February,15,Afternoon Peak,Weekend
T20190003016,2019-02-16,17:00:00,6,Vehicle overturned (no collision),6,Saturday,182,OFF CARRIAGEWAY ON LEFT BEND,1,346640,Not at intersection,2,80,Arterial Other,WALHALLA,BAW BAW,-37.953465,146.43959,2019,2,February,17,Afternoon Peak,Weekend
T20190003018,2019-02-16,16:40:00,2,Struck Pedestrian,6,Saturday,100,PED NEAR SIDE. PED HIT BY VEHICLE FROM THE RIGHT.,1,342314,T intersection,2,40,Local Road,STURT,MELBOURNE,-37.83044,144.96526,2019,2,February,16,Afternoon Peak,Weekend
T20190003022,2019-02-16,19:55:00,2,Struck Pedestrian,6,Saturday,108,PED STRUCK WALKING TO/FROM OR BOARDING/ALIGHTING VEHICLE.,2,343820,Not at intersection,3,40,Arterial Other,SPENCER,MELBOURNE,-37.81757,144.95346,2019,2,February,19,Night,Weekend
T20190003028,2019-02-16,23:00:00,6,Vehicle overturned (no collision),6,Saturday,174,OUT OF CONTROL ON CARRIAGEWAY (ON STRAIGHT),5,343503,Not at intersection,3,50,Local Road,CLEVES,MITCHELL,-37.412342,145.03598,2019,2,February,23,Night,Weekend
T20190003076,2019-02-17,17:25:00,2,Struck Pedestrian,7,Sunday,102,FAR SIDE. PED HIT BY VEHICLE FROM THE LEFT,1,50992,Cross intersection,3,60,Arterial Highway,NUMURKAH ROAD -WYNDHAM,SHEPPARTON,-36.366673,145.40224,2019,2,February,17,Afternoon Peak,Weekend
T20190003059,2019-02-17,12:05:00,1,Collision with vehicle,7,Sunday,120,HEAD ON (NOT OVERTAKING),1,359526,Not at intersection,3,80,Arterial Other,HEATHERTON,CASEY,-37.978,145.28252,2019,2,February,12,Midday,Weekend
T20190003062,2019-02-17,12:15:00,4,Collision with a fixed object,7,Sunday,183,OFF LEFT BEND INTO OBJECT/PARKED VEHICLE,1,342528,Not at intersection,2,40,Local Road,HEPBURN-NEWSTEAD,HEPBURN,-37.29866,144.1252,2019,2,February,12,Midday,Weekend
T20190003085,2019-02-17,20:05:00,1,Collision with vehicle,7,Sunday,121,RIGHT THROUGH,3,10608,Cross intersection,2,60,Freeway,EDGARS,WHITTLESEA,-37.686283,145.00233,2019,2,February,20,Night,Weekend
T20190003084,2019-02-17,19:45:00,4,Collision with a fixed object,7,Sunday,171,LEFT OFF CARRIAGEWAY INTO OBJECT/PARKED VEHICLE,2,342785,Not at intersection,2,100,Local Road,STEWART,SHEPPARTON,-36.42046,145.18622,2019,2,February,19,Night,Weekend
T20190003097,2019-02-17,19:50:00,4,Collision with a fixed object,7,Sunday,171,LEFT OFF CARRIAGEWAY INTO OBJECT/PARKED VEHICLE,1,343747,Not at intersection,3,40,Local Road,TENYA,MORNINGTON PENINSULA,-38.22461,145.05469,2019,2,February,19,Night,Weekend
T20190003077,2019-02-17,16:00:00,3,Struck animal,7,Sunday,167,STRUCK ANIMAL,1,342497,Not at intersection,2,100,Arterial Highway,GLENELG,GLENELG,-37.720814,141.15753,2019,2,February,16,Afternoon Peak,Weekend
T20190003047,2019-02-17,05:31:00,1,Collision with vehicle,7,Sunday,120,HEAD ON (NOT OVERTAKING),3,360299,Not at intersection,3,50,Local Road,CLEELAND,HUME,-37.636436,144.93404,2019,2,February,5,Morning Peak,Weekend
T20190003204,2019-02-17,06:50:00,1,Collision with vehicle,7,Sunday,110,CROSS TRAFFIC(INTERSECTIONS ONLY),2,343234,Cross intersection,2,80,Arterial Other,STUD ROAD SERVICE,KNOX,-37.85722,145.24156,2019,2,February,6,Morning Peak,Weekend
T20190003042,2019-02-17,03:30:00,4,Collision with a fixed object,7,Sunday,171,LEFT OFF CARRIAGEWAY INTO OBJECT/PARKED VEHICLE,3,360301,Not at intersection,3,100,Freeway,MONASH,MONASH,-37.89357,145.13626,2019,2,February,3,Late Night,Weekend
T20190003078,2019-02-17,13:22:00,4,Collision with a fixed object,7,Sunday,179,OTHER ACCIDENTS-OFF STRAIGHT NOT INCLUDED IN DCAs 170-175,1,343609,Not at intersection,2,60,Local Road,ABECKETT,CASEY,-37.98322,145.34006,2019,2,February,13,Midday,Weekend
T20190003082,2019-02-17,15:45:00,1,Collision with vehicle,7,Sunday,120,HEAD ON (NOT OVERTAKING),1,343442,Not at intersection,2,60,Arterial Other,WANTIRNA,MAROONDAH,-37.82977,145.22719,2019,2,February,15,Afternoon Peak,Weekend
T20190003075,2019-02-17,08:55:00,1,Collision with vehicle,7,Sunday,113,RIGHT NEAR (INTERSECTIONS ONLY),1,40570,T intersection,3,60,Arterial Highway,WARRIGAL,MONASH,-37.85605,145.09462,2019,2,February,8,Morning Peak,Weekend
T20190003074,2019-02-17,12:00:00,1,Collision with vehicle,7,Sunday,135,LANE CHANGE LEFT (NOT OVERTAKING),1,342304,Not at intersection,1,80,Arterial Highway,STUD,KNOX,-37.91295,145.23589,2019,2,February,12,Midday,Weekend
T20190003070,2019-02-17,14:30:00,7,Fall from or in moving vehicle,7,Sunday,190,FELL IN/FROM VEHICLE,1,345096,Not at intersection,2,80,Arterial Other,YARRA JUNCTION-NOOJEE,YARRA RANGES,-37.837757,145.67743,2019,2,February,14,Midday,Weekend
T20190003083,2019-02-17,18:25:00,1,Collision with vehicle,7,Sunday,130,REAR END(VEHICLES IN SAME LANE),1,233735,T intersection,2,80,Arterial Highway,WELLINGTON,MONASH,-37.919243,145.16489,2019,2,February,18,Afternoon Peak,Weekend
T20190003163,2019-02-17,17:10:00,1,Collision with vehicle,7,Sunday,140,U TURN,1,342384,T intersection,3,60,Local Road,PATERSON,BENDIGO,-36.783985,144.28041,2019,2,February,17,Afternoon Peak,Weekend
T20190003048,2019-02-17,05:44:00,1,Collision with vehicle,7,Sunday,119,OTHER ADJACENT (INTERSECTIONS ONLY),3,41244,T intersection,2,60,Arterial Other,PASCOE VALE,MORELAND,-37.72131,144.92122,2019,2,February,5,Morning Peak,Weekend
T20190003169,2019-02-17,11:50:00,4,Collision with a fixed object,7,Sunday,171,LEFT OFF CARRIAGEWAY INTO OBJECT/PARKED VEHICLE,1,342451,Not at intersection,2,60,Arterial Highway,WARRIGAL,MONASH,-37.90606,145.08572,2019,2,February,11,Midday,Weekend
T20190003101,2019-02-17,03:48:00,1,Collision with vehicle,7,Sunday,139,OTHER SAME DIRECTION-MANOUEVRES NOT INCLUDED IN DCAs 130-137,3,360499,T intersection,2,50,Local Road,THORPE,WYNDHAM,-37.877827,144.70018,2019,2,February,3,Late Night,Weekend
T20190003185,2019-02-17,13:10:00,1,Collision with vehicle,7,Sunday,121,RIGHT THROUGH,1,42035,T intersection,3,60,Arterial Other,BEACH,BAYSIDE,-37.946003,145.00095,2019,2,February,13,Midday,Weekend
T20190003110,2019-02-17,13:45:00,1,Collision with vehicle,7,Sunday,132,RIGHT REAR.,1,65472,T intersection,3,100,Arterial Other,HEALESVILLE-KOO WEE RUP,YARRA RANGES,-37.803116,145.52469,2019,2,February,13,Midday,Weekend
T20190003057,2019-02-17,12:05:00,1,Collision with vehicle,7,Sunday,116,LEFT NEAR (INTERSECTIONS ONLY),1,37131,T intersection,3,80,Arterial Other,THOMPSONS,CASEY,-38.08249,145.27904,2019,2,February,12,Midday,Weekend
T20190003114,2019-02-17,21:30:00,1,Collision with vehicle,7,Sunday,181,OFF RIGHT BEND INTO OBJECT/PARKED VEHICLE,3,360300,Not at intersection,3,50,Local Road,WOODSON,WHITTLESEA,-37.61436,145.02362,2019,2,February,21,Night,Weekend
T20190003090,2019-02-17,18:08:00,4,Collision with a fixed object,7,Sunday,171,LEFT OFF CARRIAGEWAY INTO OBJECT/PARKED VEHICLE,1,345958,Not at intersection,2,50,Local Road,WENLOCK,HOBSONS BAY,-37.876762,144.77412,2019,2,February,18,Afternoon Peak,Weekend
T20190003219,2019-02-17,15:30:00,4,Collision with a fixed object,7,Sunday,171,LEFT OFF CARRIAGEWAY INTO OBJECT/PARKED VEHICLE,1,342449,Not at intersection,3,50,Local Road,LOGIE,MONASH,-37.895023,145.09299,2019,2,February,15,Afternoon Peak,Weekend
T20190003096,2019-02-18,05:30:00,4,Collision with a fixed object,1,Monday,173,RIGHT OFF CARRIAGEWAY INTO OBJECT/PARKED VEHICLE,3,343461,T intersection,2,60,Local Road,KING,SOUTHERN GRAMPIANS,-37.73212,142.0266,2019,2,February,5,Morning Peak,Weekday
T20190003150,2019-02-18,19:05:00,1,Collision with vehicle,1,Monday,110,CROSS TRAFFIC(INTERSECTIONS ONLY),1,50667,Cross intersection,2,60,Arterial Highway,RAGLAN,WARRNAMBOOL,-38.371906,142.47421,2019,2,February,19,Night,Weekday
T20190003100,2019-02-18,06:33:00,1,Collision with vehicle,1,Monday,121,RIGHT THROUGH,3,289584,Cross intersection,2,80,Arterial Highway,DANDENONG,DANDENONG,-38.00295,145.20798,2019,2,February,6,Morning Peak,Weekday
T20190005751,2019-02-18,20:00:00,4,Collision with a fixed object,1,Monday,171,LEFT OFF CARRIAGEWAY INTO OBJECT/PARKED VEHICLE,2,360317,Cross intersection,2,60,Local Road,LAUREL,BENDIGO,-36.772907,144.26303,2019,2,February,20,Night,Weekday
T20190003171,2019-02-18,07:19:00,1,Collision with vehicle,1,Monday,121,RIGHT THROUGH,1,277083,T intersection,2,80,Arterial Other,KELLETTS,KNOX,-37.925026,145.28543,2019,2,February,7,Morning Peak,Weekday
T20190003141,2019-02-18,15:15:00,1,Collision with vehicle,1,Monday,163,VEHICLE STRIKES DOOR OF PARKED/STATIONARY VEHICLE,1,342450,Not at intersection,3,50,Local Road,ELGIN,MELBOURNE,-37.79725,144.96838,2019,2,February,15,Afternoon Peak,Weekday
T20190003102,2019-02-18,08:25:00,1,Collision with vehicle,1,Monday,163,VEHICLE STRIKES DOOR OF PARKED/STATIONARY VEHICLE,1,342513,Not at intersection,3,40,Local Road,BAY,BAYSIDE,-37.905964,145.0059,2019,2,February,8,Morning Peak,Weekday
T20190003149,2019-02-18,20:20:00,1,Collision with vehicle,1,Monday,135,LANE CHANGE LEFT (NOT OVERTAKING),3,359169,Not at intersection,3,100,Freeway,PRINCES,CARDINIA,-38.078205,145.42758,2019,2,February,20,Night,Weekday
T20190003146,2019-02-18,14:55:00,1,Collision with vehicle,1,Monday,130,REAR END(VEHICLES IN SAME LANE),1,45417,T intersection,2,60,Arterial Other,PASCOE VALE,MOONEE VALLEY,-37.76261,144.92569,2019,2,February,14,Midday,Weekday
T20190003109,2019-02-18,01:00:00,3,Struck animal,1,Monday,167,STRUCK ANIMAL,5,342357,Not at intersection,2,100,Local Road,TAMBORITHA,WELLINGTON,-37.619457,146.62871,2019,2,February,1,Late Night,Weekday
T20190003166,2019-02-18,22:15:00,1,Collision with vehicle,1,Monday,131,LEFT REAR,5,51274,Cross intersection,3,100,Arterial Other,TOOLAMBA,SHEPPARTON,-36.42552,145.33884,2019,2,February,22,Night,Weekday
T20190003093,2019-02-18,02:30:00,1,Collision with vehicle,1,Monday,130,REAR END(VEHICLES IN SAME LANE),3,345047,Not at intersection,2,40,Freeway,WESTERN RING,MORELAND,-37.69661,144.89992,2019,2,February,2,Late Night,Weekday
T20190003111,2019-02-18,12:20:00,1,Collision with vehicle,1,Monday,121,RIGHT THROUGH,1,610,Cross intersection,2,60,Arterial Highway,WARRIGAL,WHITEHORSE,-37.850388,145.09561,2019,2,February,12,Midday,Weekday
T20190003144,2019-02-18,19:50:00,1,Collision with vehicle,1,Monday,130,REAR END(VEHICLES IN SAME LANE),1,40996,T intersection,3,60,Arterial Other,MOUNTAIN,KNOX,-37.837994,145.28018,2019,2,February,19,Night,Weekday
T20190003122,2019-02-18,15:10:00,2,Struck Pedestrian,1,Monday,109,ANY MANOEUVRE INVOLVING PED NOT INCLUDED IN DCAs 100-108.,1,342387,Not at intersection,2,40,Arterial Other,PASCOE,MORELAND,-37.71635,144.93509,2019,2,February,15,Afternoon Peak,Weekday
T20190003127,2019-02-18,16:00:00,1,Collision with vehicle,1,Monday,130,REAR END(VEHICLES IN SAME LANE),1,342385,Not at intersection,2,60,Arterial Other,ST KILDA ROAD SERVICE,MELBOURNE,-37.84623,144.97945,2019,2,February,16,Afternoon Peak,Weekday
T20190003160,2019-02-18,16:10:00,4,Collision with a fixed object,1,Monday,171,LEFT OFF CARRIAGEWAY INTO OBJECT/PARKED VEHICLE,1,640810,Not at intersection,3,70,Arterial Highway,ORMOND,GEELONG,-38.16861,144.38437,2019,2,February,16,Afternoon Peak,Weekday
T20190003129,2019-02-18,13:30:00,4,Collision with a fixed object,1,Monday,183,OFF LEFT BEND INTO OBJECT/PARKED VEHICLE,1,343692,Not at intersection,2,50,Local Road,MCDONALD,QUEENSCLIFFE,-38.26219,144.62503,2019,2,February,13,Midday,Weekday
T20190003130,2019-02-18,17:12:00,1,Collision with vehicle,1,Monday,113,RIGHT NEAR (INTERSECTIONS ONLY),1,37177,Cross intersection,2,80,Arterial Highway,STUD,KNOX,-37.902264,145.23509,2019,2,February,17,Afternoon Peak,Weekday
T20190003174,2019-02-18,20:08:00,4,Collision with a fixed object,1,Monday,181,OFF RIGHT BEND INTO OBJECT/PARKED VEHICLE,2,346202,Not at intersection,3,100,Arterial Other,WOOLSTHORPE-HEYWOOD,GLENELG,-38.14008,141.77037,2019,2,February,20,Night,Weekday
T20190003131,2019-02-18,15:00:00,1,Collision with vehicle,1,Monday,121,RIGHT THROUGH,1,36794,Cross intersection,3,60,Arterial Highway,FOOTSCRAY ROAD -WURUNDJERI,MELBOURNE,-37.812824,144.94296,2019,2,February,15,Afternoon Peak,Weekday
T20190003133,2019-02-18,17:50:00,1,Collision with vehicle,1,Monday,121,RIGHT THROUGH,1,43103,T intersection,2,50,Local Road,BOX,DANDENONG,-37.99593,145.22464,2019,2,February,17,Afternoon Peak,Weekday
T20190003137,2019-02-18,15:50:00,1,Collision with vehicle,1,Monday,121,RIGHT THROUGH,1,342391,Not at intersection,3,60,Local Road,RAGLAN,BALLARAT,-37.56023,143.85057,2019,2,February,15,Afternoon Peak,Weekday
T20190003138,2019-02-18,16:23:00,2,Struck Pedestrian,1,Monday,100,PED NEAR SIDE. PED HIT BY VEHICLE FROM THE RIGHT.,1,342377,T intersection,3,40,Arterial Other,BALLARTO,CARDINIA,-38.14579,145.42194,2019,2,February,16,Afternoon Peak,Weekday
T20190003139,2019-02-18,16:00:00,2,Struck Pedestrian,1,Monday,100,PED NEAR SIDE. PED HIT BY VEHICLE FROM THE RIGHT.,1,262301,T intersection,2,80,Arterial Other,PRINCES,CARDINIA,-38.0718,145.48508,2019,2,February,16,Afternoon Peak,Weekday
T20190003797,2019-02-18,15:15:00,1,Collision with vehicle,1,Monday,136,RIGHT TURN SIDESWIPE,1,322201,Multiple intersection,3,60,Arterial Other,BOLDREWOOD PARADE -BROADWAY,DAREBIN,-37.718147,145.02145,2019,2,February,15,Afternoon Peak,Weekday
T20190003183,2019-02-18,12:30:00,6,Vehicle overturned (no collision),1,Monday,180,OFF CARRIAGEWAY ON RIGHT BEND,1,342608,Not at intersection,3,80,Arterial Other,YARRA JUNCTION-NOOJEE,YARRA RANGES,-37.82861,145.66408,2019,2,February,12,Midday,Weekday
T20190003803,2019-02-18,10:15:00,1,Collision with vehicle,1,Monday,152,PULLING OUT (OVERTAKING),1,342846,Not at intersection,3,60,Arterial Other,QUEEN,BAW BAW,-38.16666,145.94228,2019,2,February,10,Midday,Weekday
T20190003154,2019-02-18,21:40:00,2,Struck Pedestrian,1,Monday,106,VEH STRIKES PED ON FOOTPATH/MEDIAN/TRAFFIC ISLAND.,3,227538,T intersection,2,70,Arterial Highway,PLENTY,BANYULE,-37.688423,145.06656,2019,2,February,21,Night,Weekday
T20190003235,2019-02-19,15:15:00,1,Collision with vehicle,2,Tuesday,116,LEFT NEAR (INTERSECTIONS ONLY),1,640809,T intersection,3,80,Arterial Other,BALLARAT,MARIBYRNONG,-37.78015,144.8573,2019,2,February,15,Afternoon Peak,Weekday
T20190003237,2019-02-19,22:20:00,1,Collision with vehicle,2,Tuesday,120,HEAD ON (NOT OVERTAKING),5,342694,Not at intersection,3,100,Arterial Other,BEECHWORTH-WODONGA,WODONGA,-36.236835,146.83553,2019,2,February,22,Night,Weekday
T20190003392,2019-02-19,16:44:00,1,Collision with vehicle,2,Tuesday,113,RIGHT NEAR (INTERSECTIONS ONLY),1,300547,T intersection,2,100,Arterial Other,MICKLEHAM,HUME,-37.547897,144.87943,2019,2,February,16,Afternoon Peak,Weekday