ACCIDENT_NO,ACCIDENT_DATE,ACCIDENT_TIME,ACCIDENT_TYPE,ACCIDENT_TYPE_DESC,DAY_OF_WEEK,DAY_WEEK_DESC,DCA_CODE,DCA_DESC,LIGHT_CONDITION,NODE_ID,ROAD_GEOMETRY_DESC,SEVERITY,SPEED_ZONE,RMA,ROAD_NAME,LGA_NAME,LATITUDE,LONGITUDE,YEAR,MONTH,MONTH_NAME,HOUR,TIME_PERIOD,DAY_TYPE
T20190003201,2019-02-19,13:17:00,1,Collision with vehicle,2,Tuesday,113,RIGHT NEAR (INTERSECTIONS ONLY),1,19431,Cross intersection,3,60,Arterial Highway,MCCRAE,BENDIGO,-36.75549,144.28432,2019,2,February,13,Midday,Weekday
T20190003196,2019-02-19,13:35:00,1,Collision with vehicle,2,Tuesday,121,RIGHT THROUGH,1,35383,Cross intersection,3,40,Arterial Other,SWAN,YARRA,-37.825684,144.99792,2019,2,February,13,Midday,Weekday
T20190003238,2019-02-19,23:02:00,4,Collision with a fixed object,2,Tuesday,173,RIGHT OFF CARRIAGEWAY INTO OBJECT/PARKED VEHICLE,3,344038,Not at intersection,2,60,Local Road,NORTH,FRANKSTON,-38.164494,145.18428,2019,2,February,23,Night,Weekday
T20190003167,2019-02-19,00:00:00,1,Collision with vehicle,2,Tuesday,160,VEHICLE COLLIDES WITH VEHICLE PARKED ON LEFT OF ROAD,3,360191,Not at intersection,3,50,Local Road,WHITEBARK,WHITTLESEA,-37.611935,145.04085,2019,2,February,0,Late Night,Weekday
T20190003227,2019-02-19,17:50:00,1,Collision with vehicle,2,Tuesday,130,REAR END(VEHICLES IN SAME LANE),1,342533,Not at intersection,2,100,Arterial Highway,DANDENONG-HASTINGS,CASEY,-38.09366,145.23654,2019,2,February,17,Afternoon Peak,Weekday
T20190003240,2019-02-19,22:51:00,1,Collision with vehicle,2,Tuesday,110,CROSS TRAFFIC(INTERSECTIONS ONLY),3,71080,Cross intersection,3,50,Local Road,RUTLAND,CASEY,-38.031124,145.34981,2019,2,February,22,Night,Weekday
T20190003161,2019-02-19,06:20:00,2,Struck Pedestrian,2,Tuesday,100,PED NEAR SIDE. PED HIT BY VEHICLE FROM THE RIGHT.,2,39610,T intersection,2,60,Local Road,LOUGHNAN,MAROONDAH,-37.805573,145.22731,2019,2,February,6,Morning Peak,Weekday
T20190003229,2019-02-19,21:00:00,2,Struck Pedestrian,2,Tuesday,100,PED NEAR SIDE. PED HIT BY VEHICLE FROM THE RIGHT.,3,44958,T intersection,3,50,Arterial Other,CAMP,HUME,-37.68692,144.93323,2019,2,February,21,Night,Weekday
T20190003230,2019-02-19,17:00:00,1,Collision with vehicle,2,Tuesday,130,REAR END(VEHICLES IN SAME LANE),1,45130,Cross intersection,2,70,Arterial Other,BALLARAT,MARIBYRNONG,-37.779697,144.852,2019,2,February,17,Afternoon Peak,Weekday
T20190003231,2019-02-19,20:45:00,4,Collision with a fixed object,2,Tuesday,175,OFF END OF ROAD/T-INTERSECTION.,5,343982,Not at intersection,3,60,Local Road,MACDOUGALL,BENDIGO,-36.78944,144.26175,2019,2,February,20,Night,Weekday
T20190003254,2019-02-19,16:00:00,1,Collision with vehicle,2,Tuesday,130,REAR END(VEHICLES IN SAME LANE),1,342572,Not at intersection,3,80,Arterial Other,POUND,DANDENONG,-38.02613,145.24672,2019,2,February,16,Afternoon Peak,Weekday
T20190003247,2019-02-19,23:00:00,2,Struck Pedestrian,2,Tuesday,102,FAR SIDE. PED HIT BY VEHICLE FROM THE LEFT,3,238675,Cross intersection,3,60,Local Road,MILLER,WHITTLESEA,-37.636963,145.02185,2019,2,February,23,Night,Weekday
T20190003244,2019-02-19,13:50:00,1,Collision with vehicle,2,Tuesday,130,REAR END(VEHICLES IN SAME LANE),1,359172,Not at intersection,2,100,Freeway,WESTERN RING,BRIMBANK,-37.71484,144.87682,2019,2,February,13,Midday,Weekday
T20190003234,2019-02-19,21:30:00,1,Collision with vehicle,2,Tuesday,111,RIGHT FAR (INTERSECTIONS ONLY),3,728862,T intersection,3,60,Arterial Other,HEATHS,WYNDHAM,-37.883736,144.64743,2019,2,February,21,Night,Weekday
T20190003175,2019-02-19,08:50:00,1,Collision with vehicle,2,Tuesday,122,LEFT THROUGH,1,342382,T intersection,3,50,Local Road,SHERWOOD,CASEY,-38.066463,145.28293,2019,2,February,8,Morning Peak,Weekday
T20200001641,2019-02-19,11:45:00,1,Collision with vehicle,2,Tuesday,121,RIGHT THROUGH,1,38889,T intersection,3,60,Arterial Other,POWER,BOROONDARA,-37.816105,145.0274,2019,2,February,11,Midday,Weekday
T20190003213,2019-02-19,13:45:00,1,Collision with vehicle,2,Tuesday,135,LANE CHANGE LEFT (NOT OVERTAKING),1,217225,Not at intersection,3,60,Arterial Other,PLENTY,DAREBIN,-37.727406,145.02,2019,2,February,13,Midday,Weekday
T20190003189,2019-02-19,10:38:00,1,Collision with vehicle,2,Tuesday,130,REAR END(VEHICLES IN SAME LANE),1,342650,Not at intersection,2,70,Arterial Other,YAN YEAN,NILLUMBIK,-37.62087,145.13557,2019,2,February,10,Midday,Weekday
T20190003210,2019-02-19,13:55:00,1,Collision with vehicle,2,Tuesday,130,REAR END(VEHICLES IN SAME LANE),1,342613,Not at intersection,3,70,Arterial Other,SOUTH,BAYSIDE,-37.932087,145.02637,2019,2,February,13,Midday,Weekday
T20190003224,2019-02-19,08:53:00,8,No collision and no object struck,2,Tuesday,179,OTHER ACCIDENTS-OFF STRAIGHT NOT INCLUDED IN DCAs 170-175,1,343036,Not at intersection,2,40,Local Road,SMYTHE,GEELONG,-38.142803,144.35753,2019,2,February,8,Morning Peak,Weekday
T20190003208,2019-02-19,15:30:00,1,Collision with vehicle,2,Tuesday,130,REAR END(VEHICLES IN SAME LANE),1,344082,Not at intersection,2,80,Local Road,HALL,FRANKSTON,-38.10609,145.22638,2019,2,February,15,Afternoon Peak,Weekday
T20190003184,2019-02-19,10:12:00,4,Collision with a fixed object,2,Tuesday,171,LEFT OFF CARRIAGEWAY INTO OBJECT/PARKED VEHICLE,1,344128,Not at intersection,2,100,Local Road,PEECKS,EAST GIPPSLAND,-37.925606,147.63467,2019,2,February,10,Midday,Weekday
T20190003206,2019-02-19,08:05:00,4,Collision with a fixed object,2,Tuesday,181,OFF RIGHT BEND INTO OBJECT/PARKED VEHICLE,1,342429,Not at intersection,3,80,Arterial Other,MT BAW BAW TOURIST,BAW BAW,-37.887012,146.04372,2019,2,February,8,Morning Peak,Weekday
T20190003181,2019-02-19,11:20:00,1,Collision with vehicle,2,Tuesday,110,CROSS TRAFFIC(INTERSECTIONS ONLY),1,38066,Cross intersection,3,50,Arterial Other,STATION,DAREBIN,-37.75936,145.02142,2019,2,February,11,Midday,Weekday
T20190003186,2019-02-19,07:30:00,1,Collision with vehicle,2,Tuesday,115,RIGHT/LEFT FAR (INTERSECTIONS ONLY),1,48123,T intersection,2,50,Local Road,ALBION,MORELAND,-37.759777,144.95422,2019,2,February,7,Morning Peak,Weekday
T20190003506,2019-02-19,12:30:00,1,Collision with vehicle,2,Tuesday,110,CROSS TRAFFIC(INTERSECTIONS ONLY),1,46152,Cross intersection,2,80,Arterial Highway,NEPEAN,MORNINGTON PENINSULA,-38.19511,145.09131,2019,2,February,12,Midday,Weekday
T20190003173,2019-02-19,06:30:00,3,Struck animal,2,Tuesday,167,STRUCK ANIMAL,2,359171,Not at intersection,3,100,Arterial Other,KOO WEE RUP-LONGWARRY,CARDINIA,-38.17755,145.71576,2019,2,February,6,Morning Peak,Weekday
T20190003176,2019-02-19,06:40:00,1,Collision with vehicle,2,Tuesday,120,HEAD ON (NOT OVERTAKING),2,42457,T intersection,2,80,Arterial Other,WESTALL,DANDENONG,-37.95106,145.13823,2019,2,February,6,Morning Peak,Weekday
T20190006225,2019-02-19,16:00:00,8,No collision and no object struck,2,Tuesday,174,OUT OF CONTROL ON CARRIAGEWAY (ON STRAIGHT),1,344327,Not at intersection,2,50,Local Road,EPSOM,GEELONG,-38.078957,144.34663,2019,2,February,16,Afternoon Peak,Weekday
T20190003325,2019-02-19,13:15:00,1,Collision with vehicle,2,Tuesday,110,CROSS TRAFFIC(INTERSECTIONS ONLY),1,342491,Cross intersection,3,50,Freeway,LITHGOW,MITCHELL,-37.47378,144.97458,2019,2,February,13,Midday,Weekday
T20190015851,2019-02-19,18:30:00,1,Collision with vehicle,2,Tuesday,130,REAR END(VEHICLES IN SAME LANE),1,588133,Cross intersection,3,80,Arterial Other,BORONIA,KNOX,-37.851467,145.23979,2019,2,February,18,Afternoon Peak,Weekday
T20190003305,2019-02-19,22:05:00,1,Collision with vehicle,2,Tuesday,119,OTHER ADJACENT (INTERSECTIONS ONLY),3,357676,T intersection,3,70,Arterial Other,EDGARS,WHITTLESEA,-37.691776,145.00209,2019,2,February,22,Night,Weekday
T20190003221,2019-02-19,18:50:00,1,Collision with vehicle,2,Tuesday,130,REAR END(VEHICLES IN SAME LANE),1,345630,Not at intersection,3,60,Local Road,HALL,FRANKSTON,-38.100468,145.1806,2019,2,February,18,Afternoon Peak,Weekday
T20190003220,2019-02-19,18:46:00,1,Collision with vehicle,2,Tuesday,130,REAR END(VEHICLES IN SAME LANE),1,342431,T intersection,3,50,Local Road,THOMPSON,MOONEE VALLEY,-37.76221,144.8553,2019,2,February,18,Afternoon Peak,Weekday
T20190003216,2019-02-19,14:07:00,1,Collision with vehicle,2,Tuesday,130,REAR END(VEHICLES IN SAME LANE),1,343895,Not at intersection,2,60,Freeway,KINGS-WEST GATE OUT,PORT PHILLIP,-37.828728,144.96294,2019,2,February,14,Midday,Weekday
T20190003214,2019-02-19,17:22:00,1,Collision with vehicle,2,Tuesday,171,LEFT OFF CARRIAGEWAY INTO OBJECT/PARKED VEHICLE,1,343584,Not at intersection,2,50,Local Road,MILLWARD,MORELAND,-37.77545,144.94983,2019,2,February,17,Afternoon Peak,Weekday
T20190003365,2019-02-20,11:53:00,2,Struck Pedestrian,3,Wednesday,102,FAR SIDE. PED HIT BY VEHICLE FROM THE LEFT,1,685,Cross intersection,2,60,Local Road,BOORAN,GLEN EIRA,-37.888878,145.03766,2019,2,February,11,Midday,Weekday
T20190003354,2019-02-20,16:48:00,1,Collision with vehicle,3,Wednesday,189,OTHER ACCIDENTS ON CURVE NOT INCLUDED IN DCAs 180-184,1,37532,T intersection,3,80,Arterial Other,FITZGERALD,BRIMBANK,-37.8097,144.7878,2019,2,February,16,Afternoon Peak,Weekday
T20190003289,2019-02-20,12:53:00,4,Collision with a fixed object,3,Wednesday,171,LEFT OFF CARRIAGEWAY INTO OBJECT/PARKED VEHICLE,1,345014,Not at intersection,2,80,Local Road,NORTH,FRANKSTON,-38.16707,145.20612,2019,2,February,12,Midday,Weekday
T20190003288,2019-02-20,11:50:00,1,Collision with vehicle,3,Wednesday,134,LANE CHANGE RIGHT (NOT OVERTAKING),1,342454,Not at intersection,3,100,Freeway,HUME,HUME,-37.55539,144.94324,2019,2,February,11,Midday,Weekday
T20190003298,2019-02-20,18:40:00,1,Collision with vehicle,3,Wednesday,130,REAR END(VEHICLES IN SAME LANE),1,342809,T intersection,2,60,Arterial Highway,ST KILDA,PORT PHILLIP,-37.86347,144.98512,2019,2,February,18,Afternoon Peak,Weekday
T20190003281,2019-02-20,11:20:00,7,Fall from or in moving vehicle,3,Wednesday,190,FELL IN/FROM VEHICLE,1,342750,Not at intersection,3,50,Arterial Highway,COMMERCIAL STREET SERVICE ROAD,WEST WIMMERA,-36.378483,141.23872,2019,2,February,11,Midday,Weekday
T20190003345,2019-02-20,19:50:00,1,Collision with vehicle,3,Wednesday,121,RIGHT THROUGH,1,51304,T intersection,3,50,Local Road,HUGGARD,SHEPPARTON,-36.36078,145.39053,2019,2,February,19,Night,Weekday
T20190003341,2019-02-20,21:30:00,1,Collision with vehicle,3,Wednesday,113,RIGHT NEAR (INTERSECTIONS ONLY),3,41418,T intersection,3,70,Arterial Highway,NORTH,GLEN EIRA,-37.905647,145.05394,2019,2,February,21,Night,Weekday
T20190003337,2019-02-20,10:30:00,1,Collision with vehicle,3,Wednesday,163,VEHICLE STRIKES DOOR OF PARKED/STATIONARY VEHICLE,1,342979,Not at intersection,3,40,Arterial Other,JOHNSTON,YARRA,-37.798607,144.98097,2019,2,February,10,Midday,Weekday
T20190003278,2019-02-20,13:49:00,1,Collision with vehicle,3,Wednesday,145,REVERSING IN STREAM OF TRAFFIC,1,342481,Not at intersection,3,40,Local Road,FIREBRACE,HORSHAM,-36.71501,142.19972,2019,2,February,13,Midday,Weekday
T20190003275,2019-02-20,12:22:00,1,Collision with vehicle,3,Wednesday,132,RIGHT REAR.,1,345442,Not at intersection,2,80,Arterial Other,BERWICK-CRANBOURNE,CASEY,-38.117264,145.31548,2019,2,February,12,Midday,Weekday
T20190003270,2019-02-20,10:25:00,1,Collision with vehicle,3,Wednesday,130,REAR END(VEHICLES IN SAME LANE),1,342446,T intersection,2,60,Arterial Other,SCORESBY,KNOX,-37.849476,145.26918,2019,2,February,10,Midday,Weekday
T20190003268,2019-02-20,11:45:00,1,Collision with vehicle,3,Wednesday,130,REAR END(VEHICLES IN SAME LANE),1,360192,Cross intersection,2,60,Arterial Other,THOMPSONS,MANNINGHAM,-37.77027,145.09943,2019,2,February,11,Midday,Weekday
T20190003267,2019-02-20,09:27:00,1,Collision with vehicle,3,Wednesday,110,CROSS TRAFFIC(INTERSECTIONS ONLY),1,58283,Multiple intersection,2,50,Local Road,HIGH,SWAN HILL,-35.343605,143.55652,2019,2,February,9,Morning Peak,Weekday
T20190003266,2019-02-20,06:08:00,3,Struck animal,3,Wednesday,167,STRUCK ANIMAL,5,342929,Not at intersection,2,80,Local Road,MOUNT SHAMROCK,CARDINIA,-38.03741,145.4825,2019,2,February,6,Morning Peak,Weekday
T20190003264,2019-02-20,07:00:00,1,Collision with vehicle,3,Wednesday,121,RIGHT THROUGH,1,239572,Not at intersection,2,60,Local Road,ROSAMOND,MARIBYRNONG,-37.77036,144.88646,2019,2,February,7,Morning Peak,Weekday
T20190003263,2019-02-20,09:27:00,1,Collision with vehicle,3,Wednesday,110,CROSS TRAFFIC(INTERSECTIONS ONLY),1,35827,Cross intersection,3,80,Arterial Highway,SEVENTEENTH,MILDURA,-34.219826,142.11047,2019,2,February,9,Morning Peak,Weekday
T20190003261,2019-02-20,10:00:00,2,Struck Pedestrian,3,Wednesday,102,FAR SIDE. PED HIT BY VEHICLE FROM THE LEFT,1,45181,Cross intersection,2,60,Arterial Highway,HIGH STREET -MIDLAND,SHEPPARTON,-36.380898,145.39789,2019,2,February,10,Midday,Weekday
T20190003255,2019-02-20,07:05:00,1,Collision with vehicle,3,Wednesday,135,LANE CHANGE LEFT (NOT OVERTAKING),1,343086,Not at intersection,3,60,Arterial Other,QUEENS,YARRA,-37.789246,144.98944,2019,2,February,7,Morning Peak,Weekday
T20190003301,2019-02-20,17:53:00,1,Collision with vehicle,3,Wednesday,153,CUTTING IN (OVERTAKING),1,343632,Not at intersection,3,60,Arterial Other,SYDNEY,MORELAND,-37.72723,144.96367,2019,2,February,17,Afternoon Peak,Weekday
T20190003299,2019-02-20,16:08:00,2,Struck Pedestrian,3,Wednesday,106,VEH STRIKES PED ON FOOTPATH/MEDIAN/TRAFFIC ISLAND.,1,338531,Cross intersection,2,50,Local Road,GRAND,HUME,-37.571514,144.90929,2019,2,February,16,Afternoon Peak,Weekday
T20190003243,2019-02-20,03:45:00,4,Collision with a fixed object,3,Wednesday,173,RIGHT OFF CARRIAGEWAY INTO OBJECT/PARKED VEHICLE,3,39582,T intersection,2,80,Arterial Highway,WHITEHORSE,WHITEHORSE,-37.816624,145.20776,2019,2,February,3,Late Night,Weekday
T20190003293,2019-02-20,18:10:00,1,Collision with vehicle,3,Wednesday,130,REAR END(VEHICLES IN SAME LANE),1,342689,Not at intersection,3,60,Arterial Highway,EAGLEHAWK,BENDIGO,-36.72637,144.2587,2019,2,February,18,Afternoon Peak,Weekday
T20190003295,2019-02-20,18:00:00,1,Collision with vehicle,3,Wednesday,130,REAR END(VEHICLES IN SAME LANE),1,342456,Not at intersection,2,80,Arterial Highway,WELLINGTON,MONASH,-37.918407,145.15811,2019,2,February,18,Afternoon Peak,Weekday
T20190003296,2019-02-20,15:35:00,1,Collision with vehicle,3,Wednesday,110,CROSS TRAFFIC(INTERSECTIONS ONLY),1,37469,Cross intersection,2,50,Local Road,CHURCHILL,HOBSONS BAY,-37.853004,144.86264,2019,2,February,15,Afternoon Peak,Weekday
T20190003239,2019-02-20,00:25:00,1,Collision with vehicle,3,Wednesday,120,HEAD ON (NOT OVERTAKING),5,640268,Not at intersection,2,60,Arterial Highway,SOUTH GIPPSLAND,SOUTH GIPPSLAND,-38.44622,145.84914,2019,2,February,0,Late Night,Weekday
T20190003241,2019-02-20,01:10:00,4,Collision with a fixed object,3,Wednesday,171,LEFT OFF CARRIAGEWAY INTO OBJECT/PARKED VEHICLE,3,343074,Not at intersection,3,60,Arterial Other,HEATHERTON,DANDENONG,-37.9623,145.15141,2019,2,February,1,Late Night,Weekday
T20190003321,2019-02-20,13:20:00,1,Collision with vehicle,3,Wednesday,130,REAR END(VEHICLES IN SAME LANE),1,344724,Not at intersection,3,70,Arterial Other,BLACKBURN,MONASH,-37.91948,145.13956,2019,2,February,13,Midday,Weekday
T20190003312,2019-02-20,23:33:00,1,Collision with vehicle,3,Wednesday,115,RIGHT/LEFT FAR (INTERSECTIONS ONLY),3,52959,T intersection,3,60,Arterial Other,BRADSHAW STREET -GRANT,BALLARAT,-37.574844,143.8681,2019,2,February,23,Night,Weekday
T20190003311,2019-02-20,22:22:00,1,Collision with vehicle,3,Wednesday,130,REAR END(VEHICLES IN SAME LANE),3,342518,Not at intersection,3,80,Freeway,TULLAMARINE,HUME,-37.67642,144.86324,2019,2,February,22,Night,Weekday
T20190003309,2019-02-20,22:53:00,1,Collision with vehicle,3,Wednesday,121,RIGHT THROUGH,3,36354,T intersection,2,60,Arterial Other,RALEIGH,MARIBYRNONG,-37.768997,144.8867,2019,2,February,22,Night,Weekday
T20190003308,2019-02-20,05:19:00,4,Collision with a fixed object,3,Wednesday,173,RIGHT OFF CARRIAGEWAY INTO OBJECT/PARKED VEHICLE,5,586427,Not at intersection,2,100,Local Road,MAUDE-SHE OAKS,GOLDEN PLAINS,-37.918224,144.1525,2019,2,February,5,Morning Peak,Weekday
T20190003300,2019-02-20,17:06:00,4,Collision with a fixed object,3,Wednesday,173,RIGHT OFF CARRIAGEWAY INTO OBJECT/PARKED VEHICLE,1,343757,T intersection,2,50,Local Road,STUART,MACEDON RANGES,-37.340572,144.53508,2019,2,February,17,Afternoon Peak,Weekday
T20190003291,2019-02-20,16:15:00,1,Collision with vehicle,3,Wednesday,113,RIGHT NEAR (INTERSECTIONS ONLY),1,247072,T intersection,3,60,Local Road,EASTGATE,KNOX,-37.871246,145.24884,2019,2,February,16,Afternoon Peak,Weekday
T20190003307,2019-02-20,22:15:00,1,Collision with vehicle,3,Wednesday,111,RIGHT FAR (INTERSECTIONS ONLY),3,42323,T intersection,2,60,Arterial Highway,WARRIGAL,KINGSTON,-37.93155,145.08098,2019,2,February,22,Night,Weekday
T20190003303,2019-02-20,18:45:00,2,Struck Pedestrian,3,Wednesday,101,PED EMERGES FROM IN FRONT OF PARKED OR STATIONARY VEHICLE,1,342485,Not at intersection,3,60,Local Road,SEPARATION,DAREBIN,-37.77151,145.0174,2019,2,February,18,Afternoon Peak,Weekday
T20200015152,2019-02-20,14:45:00,1,Collision with vehicle,3,Wednesday,130,REAR END(VEHICLES IN SAME LANE),1,659946,Not at intersection,3,60,Local Road,MCMAHONS,FRANKSTON,-38.13959,145.13847,2019,2,February,14,Midday,Weekday
T20190003292,2019-02-20,17:23:00,1,Collision with vehicle,3,Wednesday,130,REAR END(VEHICLES IN SAME LANE),1,342521,Not at intersection,3,100,Freeway,WESTERN RING,BRIMBANK,-37.71274,144.87921,2019,2,February,17,Afternoon Peak,Weekday
T20190003521,2019-02-21,17:30:00,1,Collision with vehicle,4,Thursday,130,REAR END(VEHICLES IN SAME LANE),1,22510,Multiple intersection,3,60,Arterial Other,HOWITT STREET -LEARMONTH,BALLARAT,-37.5391,143.82225,2019,2,February,17,Afternoon Peak,Weekday
T20190003349,2019-02-21,12:49:00,1,Collision with vehicle,4,Thursday,130,REAR END(VEHICLES IN SAME LANE),1,344417,Cross intersection,2,60,Arterial Highway,BURWOOD HIGHWAY -TOORAK,WHITEHORSE,-37.850395,145.09567,2019,2,February,12,Midday,Weekday
T20190003381,2019-02-21,17:16:00,1,Collision with vehicle,4,Thursday,130,REAR END(VEHICLES IN SAME LANE),1,342516,Not at intersection,3,80,Freeway,TULLAMARINE,MOONEE VALLEY,-37.72403,144.89166,2019,2,February,17,Afternoon Peak,Weekday
T20190003379,2019-02-21,17:40:00,1,Collision with vehicle,4,Thursday,113,RIGHT NEAR (INTERSECTIONS ONLY),1,37508,Cross intersection,3,60,Arterial Other,FERRARS,PORT PHILLIP,-37.83554,144.95613,2019,2,February,17,Afternoon Peak,Weekday
T20190003378,2019-02-21,16:05:00,1,Collision with vehicle,4,Thursday,116,LEFT NEAR (INTERSECTIONS ONLY),1,360193,T intersection,3,50,Local Road,OLYMPIC,SHEPPARTON,-36.361015,145.38814,2019,2,February,16,Afternoon Peak,Weekday
T20190003348,2019-02-21,11:45:00,1,Collision with vehicle,4,Thursday,121,RIGHT THROUGH,1,47726,Not at intersection,2,60,Arterial Other,MURRAY,DAREBIN,-37.740803,145.02914,2019,2,February,11,Midday,Weekday
T20190003374,2019-02-21,16:45:00,1,Collision with vehicle,4,Thursday,113,RIGHT NEAR (INTERSECTIONS ONLY),1,35440,Cross intersection,3,50,Arterial Highway,PLENTY,WHITTLESEA,-37.694763,145.06009,2019,2,February,16,Afternoon Peak,Weekday
T20190003372,2019-02-21,10:00:00,1,Collision with vehicle,4,Thursday,110,CROSS TRAFFIC(INTERSECTIONS ONLY),1,45083,Cross intersection,3,60,Local Road,DEVONSHIRE,BRIMBANK,-37.78523,144.8352,2019,2,February,10,Midday,Weekday
T20190003371,2019-02-21,15:00:00,1,Collision with vehicle,4,Thursday,113,RIGHT NEAR (INTERSECTIONS ONLY),1,55227,Cross intersection,3,60,Arterial Other,MURDOCH,WANGARATTA,-36.366486,146.32361,2019,2,February,15,Afternoon Peak,Weekday
T20190003400,2019-02-21,19:45:00,1,Collision with vehicle,4,Thursday,110,CROSS TRAFFIC(INTERSECTIONS ONLY),2,50099,Cross intersection,2,60,Arterial Highway,BELLARINE,GEELONG,-38.17048,144.39146,2019,2,February,19,Night,Weekday
T20190003370,2019-02-21,16:15:00,4,Collision with a fixed object,4,Thursday,181,OFF RIGHT BEND INTO OBJECT/PARKED VEHICLE,1,359173,Not at intersection,2,80,Local Road,NORTHWOOD,MITCHELL,-37.019875,145.10953,2019,2,February,16,Afternoon Peak,Weekday
T20190003369,2019-02-21,15:16:00,1,Collision with vehicle,4,Thursday,121,RIGHT THROUGH,1,343126,T intersection,2,100,Arterial Other,BALLAN,MOORABOOL,-37.77727,144.44135,2019,2,February,15,Afternoon Peak,Weekday
T20190003368,2019-02-21,16:30:00,2,Struck Pedestrian,4,Thursday,100,PED NEAR SIDE. PED HIT BY VEHICLE FROM THE RIGHT.,1,342508,Not at intersection,2,60,Arterial Other,LOCKWOOD,BENDIGO,-36.797256,144.23212,2019,2,February,16,Afternoon Peak,Weekday
T20190003397,2019-02-21,20:34:00,1,Collision with vehicle,4,Thursday,130,REAR END(VEHICLES IN SAME LANE),3,342584,Cross intersection,2,80,Arterial Highway,DINGLEY,KINGSTON,-37.962288,145.1291,2019,2,February,20,Night,Weekday
T20190003399,2019-02-21,16:45:00,1,Collision with vehicle,4,Thursday,130,REAR END(VEHICLES IN SAME LANE),1,342697,Not at intersection,2,80,Arterial Highway,STATE (BELL/SPRINGVALE),WHITEHORSE,-37.8496,145.17024,2019,2,February,16,Afternoon Peak,Weekday
T20190003395,2019-02-21,15:37:00,1,Collision with vehicle,4,Thursday,130,REAR END(VEHICLES IN SAME LANE),1,360302,Not at intersection,3,60,Local Road,CHIFLEY,DAREBIN,-37.74435,145.0304,2019,2,February,15,Afternoon Peak,Weekday
T20190003363,2019-02-21,15:10:00,8,No collision and no object struck,4,Thursday,179,OTHER ACCIDENTS-OFF STRAIGHT NOT INCLUDED IN DCAs 170-175,1,40319,T intersection,3,60,Arterial Other,MALVERN,STONNINGTON,-37.85227,145.03479,2019,2,February,15,Afternoon Peak,Weekday
T20190003360,2019-02-21,08:30:00,1,Collision with vehicle,4,Thursday,110,CROSS TRAFFIC(INTERSECTIONS ONLY),1,59464,Cross intersection,2,60,Local Road,IRONSTONE,BENDIGO,-36.696552,144.3227,2019,2,February,8,Morning Peak,Weekday
T20190003359,2019-02-21,13:20:00,4,Collision with a fixed object,4,Thursday,173,RIGHT OFF CARRIAGEWAY INTO OBJECT/PARKED VEHICLE,1,36056,Cross intersection,2,80,Arterial Other,DERRIMUT,WYNDHAM,-37.819614,144.6936,2019,2,February,13,Midday,Weekday
T20190003398,2019-02-21,20:50:00,1,Collision with vehicle,4,Thursday,113,RIGHT NEAR (INTERSECTIONS ONLY),3,36448,Cross intersection,3,80,Arterial Highway,PRINCES,CASEY,-38.02682,145.31035,2019,2,February,20,Night,Weekday
T20190003471,2019-02-21,18:45:00,1,Collision with vehicle,4,Thursday,159,OTHER OVERTAKING MANOEUVRES NOT INCLUDED IN DCAs 150-154,1,29391,T intersection,3,40,Local Road,PELHAM,MELBOURNE,-37.802498,144.96362,2019,2,February,18,Afternoon Peak,Weekday
T20190003466,2019-02-21,14:00:00,4,Collision with a fixed object,4,Thursday,181,OFF RIGHT BEND INTO OBJECT/PARKED VEHICLE,1,342515,Not at intersection,1,100,Arterial Other,OMEO,TOWONG,-36.6644,147.43779,2019,2,February,14,Midday,Weekday
T20190004198,2019-02-21,22:36:00,1,Collision with vehicle,4,Thursday,121,RIGHT THROUGH,3,29766,Cross intersection,3,60,Arterial Highway,SOUTH GIPPSLAND,CASEY,-38.113033,145.28279,2019,2,February,22,Night,Weekday
T20190014865,2019-02-21,04:00:00,3,Struck animal,4,Thursday,167,STRUCK ANIMAL,9,360490,Not at intersection,3,80,Arterial Other,PLENTY,WHITTLESEA,-37.57797,145.10388,2019,2,February,4,Late Night,Weekday
T20190003387,2019-02-21,14:20:00,1,Collision with vehicle,4,Thursday,113,RIGHT NEAR (INTERSECTIONS ONLY),1,40462,T intersection,2,60,Arterial Other,MALVERN,STONNINGTON,-37.868305,145.05984,2019,2,February,14,Midday,Weekday
T20190003383,2019-02-21,18:23:00,1,Collision with vehicle,4,Thursday,113,RIGHT NEAR (INTERSECTIONS ONLY),1,29430,Cross intersection,3,50,Local Road,ALBERT,MELBOURNE,-37.809536,144.97565,2019,2,February,18,Afternoon Peak,Weekday
T20190003874,2019-02-21,20:50:00,1,Collision with vehicle,4,Thursday,130,REAR END(VEHICLES IN SAME LANE),1,344491,Not at intersection,3,60,Arterial Other,BURKE,BOROONDARA,-37.84545,145.05403,2019,2,February,20,Night,Weekday
T20190003445,2019-02-21,12:11:00,4,Collision with a fixed object,4,Thursday,183,OFF LEFT BEND INTO OBJECT/PARKED VEHICLE,1,343769,Not at intersection,2,100,Arterial Other,OMEO,TOWONG,-36.70795,147.44885,2019,2,February,12,Midday,Weekday
T20190003434,2019-02-21,08:00:00,1,Collision with vehicle,4,Thursday,110,CROSS TRAFFIC(INTERSECTIONS ONLY),1,29361,Cross intersection,3,50,Local Road,CANNING,YARRA,-37.784916,144.97507,2019,2,February,8,Morning Peak,Weekday