ACCIDENT_NO,ACCIDENT_DATE,ACCIDENT_TIME,ACCIDENT_TYPE,ACCIDENT_TYPE_DESC,DAY_OF_WEEK,DAY_WEEK_DESC,DCA_CODE,DCA_DESC,LIGHT_CONDITION,NODE_ID,ROAD_GEOMETRY_DESC,SEVERITY,SPEED_ZONE,RMA,ROAD_NAME,LGA_NAME,LATITUDE,LONGITUDE,YEAR,MONTH,MONTH_NAME,HOUR,TIME_PERIOD,DAY_TYPE
T20190003352,2019-02-21,13:09:00,5,collision with some other object,4,Thursday,179,OTHER ACCIDENTS-OFF STRAIGHT NOT INCLUDED IN DCAs 170-175,1,342578,Not at intersection,3,60,Arterial Other,MORELAND,MORELAND,-37.754723,144.95802,2019,2,February,13,Midday,Weekday
T20190003511,2019-02-21,17:30:00,1,Collision with vehicle,4,Thursday,130,REAR END(VEHICLES IN SAME LANE),1,342617,Not at intersection,3,60,Local Road,GOLF LINKS,FRANKSTON,-38.1647,145.13808,2019,2,February,17,Afternoon Peak,Weekday
T20190003426,2019-02-21,08:00:00,1,Collision with vehicle,4,Thursday,136,RIGHT TURN SIDESWIPE,1,343288,T intersection,2,80,Arterial Highway,PRINCES,CASEY,-38.005363,145.26698,2019,2,February,8,Morning Peak,Weekday
T20190003388,2019-02-21,19:05:00,1,Collision with vehicle,4,Thursday,113,RIGHT NEAR (INTERSECTIONS ONLY),2,36066,Cross intersection,2,60,Arterial Highway,RACECOURSE,MELBOURNE,-37.789173,144.94002,2019,2,February,19,Night,Weekday
T20190003389,2019-02-21,15:33:00,4,Collision with a fixed object,4,Thursday,141,U TURN INTO FIXED OBJECT/PARKED VEHICLE,1,342576,Not at intersection,3,40,Local Road,HEADLEY,MORELAND,-37.72963,144.96463,2019,2,February,15,Afternoon Peak,Weekday
T20190003390,2019-02-21,16:00:00,1,Collision with vehicle,4,Thursday,110,CROSS TRAFFIC(INTERSECTIONS ONLY),1,50707,Cross intersection,2,50,Local Road,KEPLER,WARRNAMBOOL,-38.384438,142.48009,2019,2,February,16,Afternoon Peak,Weekday
T20190003320,2019-02-21,06:00:00,1,Collision with vehicle,4,Thursday,130,REAR END(VEHICLES IN SAME LANE),5,342573,Not at intersection,3,100,Freeway,PRINCES,CASEY,-38.037727,145.32977,2019,2,February,6,Morning Peak,Weekday
T20190003393,2019-02-21,18:04:00,1,Collision with vehicle,4,Thursday,130,REAR END(VEHICLES IN SAME LANE),1,345616,Not at intersection,3,100,Freeway,MONASH,MONASH,-37.91368,145.16655,2019,2,February,18,Afternoon Peak,Weekday
T20190003330,2019-02-21,06:20:00,1,Collision with vehicle,4,Thursday,121,RIGHT THROUGH,2,342524,T intersection,3,60,Local Road,GOLF,HUME,-37.69068,144.8416,2019,2,February,6,Morning Peak,Weekday
T20190003332,2019-02-21,07:15:00,6,Vehicle overturned (no collision),4,Thursday,151,OUT OF CONTROL (OVERTAKING),1,342519,Not at intersection,2,100,Local Road,MAIN JINDIVICK,BAW BAW,-38.07318,145.89175,2019,2,February,7,Morning Peak,Weekday
T20190003333,2019-02-21,10:40:00,1,Collision with vehicle,4,Thursday,137,LEFT TURN SIDESWIPE,1,251,T intersection,2,50,Arterial Highway,POINT NEPEAN,MORNINGTON PENINSULA,-38.333313,144.96356,2019,2,February,10,Midday,Weekday
T20190007379,2019-02-22,23:30:00,1,Collision with vehicle,5,Friday,132,RIGHT REAR.,9,36899,T intersection,3,50,Arterial Other,CITY,MELBOURNE,-37.825138,144.96104,2019,2,February,23,Night,Weekday
T20190003468,2019-02-22,16:40:00,1,Collision with vehicle,5,Friday,110,CROSS TRAFFIC(INTERSECTIONS ONLY),1,52837,Cross intersection,2,50,Local Road,ARTHUR,BALLARAT,-37.55687,143.81602,2019,2,February,16,Afternoon Peak,Weekday
T20190003469,2019-02-22,16:35:00,1,Collision with vehicle,5,Friday,110,CROSS TRAFFIC(INTERSECTIONS ONLY),1,50631,Cross intersection,3,60,Arterial Other,MAIN,COLAC OTWAY,-38.357674,143.58289,2019,2,February,16,Afternoon Peak,Weekday
T20190003470,2019-02-22,15:45:00,1,Collision with vehicle,5,Friday,148,VEHICLE OFF FOOTPATH STRIKES VEH ON CARRIAGEWAY,1,55675,Cross intersection,2,50,Arterial Highway,LONSDALE STREET -THOMPSON,SOUTHERN GRAMPIANS,-37.742123,142.02171,2019,2,February,15,Afternoon Peak,Weekday
T20190003472,2019-02-22,16:40:00,2,Struck Pedestrian,5,Friday,104,PED WALKING WITH TRAFFIC,1,342540,Not at intersection,3,50,Local Road,MOIRA,GLEN EIRA,-37.89444,145.05139,2019,2,February,16,Afternoon Peak,Weekday
T20190003921,2019-02-22,12:25:00,1,Collision with vehicle,5,Friday,140,U TURN,1,343458,Not at intersection,3,60,Arterial Other,PASCOE VALE,MOONEE VALLEY,-37.74564,144.92632,2019,2,February,12,Midday,Weekday
T20190003473,2019-02-22,17:27:00,1,Collision with vehicle,5,Friday,113,RIGHT NEAR (INTERSECTIONS ONLY),1,231052,T intersection,2,80,Arterial Highway,CHELTENHAM,DANDENONG,-37.993587,145.16846,2019,2,February,17,Afternoon Peak,Weekday
T20190003476,2019-02-22,19:00:00,1,Collision with vehicle,5,Friday,130,REAR END(VEHICLES IN SAME LANE),1,342535,Not at intersection,3,80,Freeway,WEST GATE,MELBOURNE,-37.83242,144.9147,2019,2,February,19,Night,Weekday
T20190003691,2019-02-22,18:00:00,1,Collision with vehicle,5,Friday,130,REAR END(VEHICLES IN SAME LANE),1,35822,Cross intersection,3,50,Local Road,BAILEY,EAST GIPPSLAND,-37.82458,147.63152,2019,2,February,18,Afternoon Peak,Weekday
T20190003411,2019-02-22,07:35:00,1,Collision with vehicle,5,Friday,130,REAR END(VEHICLES IN SAME LANE),1,342621,Not at intersection,2,100,Arterial Other,ROBERTSON,CORANGAMITE,-38.049194,143.45564,2019,2,February,7,Morning Peak,Weekday
T20190003408,2019-02-22,07:10:00,1,Collision with vehicle,5,Friday,121,RIGHT THROUGH,1,35398,T intersection,2,60,Arterial Other,FERRARS,PORT PHILLIP,-37.837822,144.95718,2019,2,February,7,Morning Peak,Weekday
T20190003412,2019-02-22,08:30:00,1,Collision with vehicle,5,Friday,111,RIGHT FAR (INTERSECTIONS ONLY),1,52956,Cross intersection,3,60,Local Road,BARKLY,BALLARAT,-37.574017,143.8576,2019,2,February,8,Morning Peak,Weekday
T20190003478,2019-02-22,19:30:00,1,Collision with vehicle,5,Friday,111,RIGHT FAR (INTERSECTIONS ONLY),1,43935,T intersection,3,80,Arterial Highway,SOUTH GIPPSLAND,CASEY,-38.159912,145.31857,2019,2,February,19,Night,Weekday
T20190003413,2019-02-22,06:20:00,1,Collision with vehicle,5,Friday,113,RIGHT NEAR (INTERSECTIONS ONLY),5,62574,T intersection,2,60,Arterial Other,SPRING,DAREBIN,-37.72573,145.00133,2019,2,February,6,Morning Peak,Weekday
T20190003414,2019-02-22,08:48:00,1,Collision with vehicle,5,Friday,119,OTHER ADJACENT (INTERSECTIONS ONLY),1,41360,T intersection,2,60,Arterial Highway,NORTH,GLEN EIRA,-37.90369,145.03844,2019,2,February,8,Morning Peak,Weekday
T20190003415,2019-02-22,08:40:00,4,Collision with a fixed object,5,Friday,173,RIGHT OFF CARRIAGEWAY INTO OBJECT/PARKED VEHICLE,1,344135,Not at intersection,2,100,Arterial Highway,PYRENEES,CENTRAL GOLDFIELDS,-37.05738,143.67577,2019,2,February,8,Morning Peak,Weekday
T20190003416,2019-02-22,10:00:00,1,Collision with vehicle,5,Friday,130,REAR END(VEHICLES IN SAME LANE),1,294107,Not at intersection,2,60,Arterial Other,FLEMINGTON,MELBOURNE,-37.79376,144.94763,2019,2,February,10,Midday,Weekday
T20190003419,2019-02-22,08:45:00,1,Collision with vehicle,5,Friday,121,RIGHT THROUGH,1,109,Cross intersection,3,50,Local Road,ELGIN,MELBOURNE,-37.79716,144.96756,2019,2,February,8,Morning Peak,Weekday
T20190003420,2019-02-22,08:30:00,1,Collision with vehicle,5,Friday,113,RIGHT NEAR (INTERSECTIONS ONLY),1,342577,Cross intersection,3,50,Local Road,POLARIS,MANNINGHAM,-37.781334,145.17091,2019,2,February,8,Morning Peak,Weekday
T20190003435,2019-02-22,10:40:00,1,Collision with vehicle,5,Friday,132,RIGHT REAR.,1,260358,T intersection,3,60,Local Road,ROSAMOND,MARIBYRNONG,-37.7728,144.88615,2019,2,February,10,Midday,Weekday
T20190003436,2019-02-22,05:45:00,6,Vehicle overturned (no collision),5,Friday,170,OFF CARRIAGEWAY TO LEFT,5,343185,Not at intersection,2,100,Arterial Other,BENAMBRA,EAST GIPPSLAND,-37.00497,147.6632,2019,2,February,5,Morning Peak,Weekday
T20190003437,2019-02-22,10:45:00,4,Collision with a fixed object,5,Friday,173,RIGHT OFF CARRIAGEWAY INTO OBJECT/PARKED VEHICLE,1,359174,Not at intersection,3,100,Arterial Other,MONASH,LATROBE,-38.285217,146.41287,2019,2,February,10,Midday,Weekday
T20190003438,2019-02-22,11:45:00,1,Collision with vehicle,5,Friday,120,HEAD ON (NOT OVERTAKING),1,342779,T intersection,2,50,Local Road,SEEBECK,CASEY,-38.052917,145.29184,2019,2,February,11,Midday,Weekday
T20190003417,2019-02-22,08:42:00,1,Collision with vehicle,5,Friday,121,RIGHT THROUGH,1,278624,Cross intersection,2,50,Local Road,EDGARS,WHITTLESEA,-37.620754,145.00523,2019,2,February,8,Morning Peak,Weekday
T20190003443,2019-02-22,13:13:00,1,Collision with vehicle,5,Friday,116,LEFT NEAR (INTERSECTIONS ONLY),1,342706,T intersection,2,80,Arterial Highway,DINGLEY,DANDENONG,-37.96531,145.13486,2019,2,February,13,Midday,Weekday
T20190003513,2019-02-22,16:30:00,1,Collision with vehicle,5,Friday,130,REAR END(VEHICLES IN SAME LANE),9,42016,Multiple intersection,3,50,Local Road,DENDY,BAYSIDE,-37.919483,144.99312,2019,2,February,16,Afternoon Peak,Weekday
T20190003444,2019-02-22,13:15:00,1,Collision with vehicle,5,Friday,121,RIGHT THROUGH,1,29681,Cross intersection,2,70,Arterial Highway,WARRIGAL,KINGSTON,-37.953197,145.07677,2019,2,February,13,Midday,Weekday
T20190003449,2019-02-22,15:00:00,1,Collision with vehicle,5,Friday,116,LEFT NEAR (INTERSECTIONS ONLY),1,52465,T intersection,3,50,Local Road,CHAFFEY,MILDURA,-34.1775,142.15973,2019,2,February,15,Afternoon Peak,Weekday
T20190003450,2019-02-22,10:10:00,4,Collision with a fixed object,5,Friday,171,LEFT OFF CARRIAGEWAY INTO OBJECT/PARKED VEHICLE,1,360390,Not at intersection,3,100,Local Road,SATIMER,SOUTHERN GRAMPIANS,-37.47501,141.52574,2019,2,February,10,Midday,Weekday
T20190003452,2019-02-22,14:10:00,1,Collision with vehicle,5,Friday,120,HEAD ON (NOT OVERTAKING),1,360434,Not at intersection,2,100,Arterial Other,BENDIGO-MURCHISON,CAMPASPE,-36.595863,144.93723,2019,2,February,14,Midday,Weekday
T20190003455,2019-02-22,12:00:00,4,Collision with a fixed object,5,Friday,181,OFF RIGHT BEND INTO OBJECT/PARKED VEHICLE,1,342939,Not at intersection,3,100,Arterial Other,MT BAW BAW TOURIST,BAW BAW,-37.89246,146.03003,2019,2,February,12,Midday,Weekday
T20190003500,2019-02-22,23:30:00,1,Collision with vehicle,5,Friday,140,U TURN,3,29431,T intersection,3,60,Arterial Other,LANSDOWNE,MELBOURNE,-37.815514,144.97736,2019,2,February,23,Night,Weekday
T20190003494,2019-02-22,23:00:00,1,Collision with vehicle,5,Friday,163,VEHICLE STRIKES DOOR OF PARKED/STATIONARY VEHICLE,3,35358,Cross intersection,3,40,Local Road,LA TROBE,MELBOURNE,-37.809593,144.96382,2019,2,February,23,Night,Weekday
T20190003492,2019-02-22,21:30:00,1,Collision with vehicle,5,Friday,110,CROSS TRAFFIC(INTERSECTIONS ONLY),4,41267,Cross intersection,2,80,Arterial Highway,NEPEAN,BAYSIDE,-37.91583,145.0177,2019,2,February,21,Night,Weekday
T20190003456,2019-02-22,15:20:00,1,Collision with vehicle,5,Friday,130,REAR END(VEHICLES IN SAME LANE),1,360303,Not at intersection,2,60,Arterial Highway,RAGLAN,WARRNAMBOOL,-38.380978,142.48601,2019,2,February,15,Afternoon Peak,Weekday
T20190003457,2019-02-22,14:36:00,4,Collision with a fixed object,5,Friday,171,LEFT OFF CARRIAGEWAY INTO OBJECT/PARKED VEHICLE,1,343925,Not at intersection,3,100,Local Road,GULLY,GEELONG,-38.15683,144.26672,2019,2,February,14,Midday,Weekday
T20190003459,2019-02-22,15:40:00,1,Collision with vehicle,5,Friday,132,RIGHT REAR.,1,344623,Multiple intersection,3,80,Arterial Highway,MURRAY VALLEY,CAMPASPE,-36.14866,144.77776,2019,2,February,15,Afternoon Peak,Weekday
T20190003781,2019-02-22,17:25:00,1,Collision with vehicle,5,Friday,113,RIGHT NEAR (INTERSECTIONS ONLY),1,45512,T intersection,2,60,Arterial Other,MELVILLE,MORELAND,-37.759808,144.94466,2019,2,February,17,Afternoon Peak,Weekday
T20190003487,2019-02-22,19:05:00,1,Collision with vehicle,5,Friday,110,CROSS TRAFFIC(INTERSECTIONS ONLY),1,59141,Cross intersection,2,50,Local Road,ANN,SHEPPARTON,-36.39006,145.3613,2019,2,February,19,Night,Weekday
T20190003962,2019-02-22,15:30:00,1,Collision with vehicle,5,Friday,121,RIGHT THROUGH,1,344114,Cross intersection,3,80,Arterial Other,WANTIRNA,MAROONDAH,-37.832302,145.2273,2019,2,February,15,Afternoon Peak,Weekday
T20190003486,2019-02-22,18:02:00,1,Collision with vehicle,5,Friday,120,HEAD ON (NOT OVERTAKING),1,344863,Not at intersection,2,60,Arterial Highway,FIFTEENTH,MILDURA,-34.214653,142.14583,2019,2,February,18,Afternoon Peak,Weekday
T20190003460,2019-02-22,14:45:00,2,Struck Pedestrian,5,Friday,102,FAR SIDE. PED HIT BY VEHICLE FROM THE LEFT,1,49939,Cross intersection,2,40,Arterial Other,RYRIE,GEELONG,-38.147896,144.35483,2019,2,February,14,Midday,Weekday
T20190003464,2019-02-22,11:06:00,1,Collision with vehicle,5,Friday,129,OTHER OPPOSING MANOEUVRES NOT INCLUDED IN DCAs 120-125.,1,342541,Not at intersection,3,70,Arterial Highway,HODDLE,YARRA,-37.80933,144.99142,2019,2,February,11,Midday,Weekday
T20190003483,2019-02-22,18:12:00,1,Collision with vehicle,5,Friday,139,OTHER SAME DIRECTION-MANOUEVRES NOT INCLUDED IN DCAs 130-137,1,342662,Not at intersection,3,80,Freeway,MONASH,STONNINGTON,-37.86795,145.0625,2019,2,February,18,Afternoon Peak,Weekday
T20190003482,2019-02-22,18:45:00,1,Collision with vehicle,5,Friday,120,HEAD ON (NOT OVERTAKING),1,346659,Cross intersection,3,40,Local Road,ELIZABETH,MORELAND,-37.731842,144.9836,2019,2,February,18,Afternoon Peak,Weekday
T20190003481,2019-02-22,16:00:00,1,Collision with vehicle,5,Friday,111,RIGHT FAR (INTERSECTIONS ONLY),1,342788,T intersection,2,80,Arterial Highway,PRINCES HIGHWAY,GLEN EIRA,-37.885277,145.07274,2019,2,February,16,Afternoon Peak,Weekday
T20190003465,2019-02-22,16:25:00,2,Struck Pedestrian,5,Friday,100,PED NEAR SIDE. PED HIT BY VEHICLE FROM THE RIGHT.,1,343687,T intersection,2,40,Local Road,CAROLYN,BENDIGO,-36.74468,144.20863,2019,2,February,16,Afternoon Peak,Weekday
T20190003522,2019-02-23,11:08:00,2,Struck Pedestrian,6,Saturday,100,PED NEAR SIDE. PED HIT BY VEHICLE FROM THE RIGHT.,1,342545,Not at intersection,2,60,Arterial Other,MIDDLEBOROUGH,WHITEHORSE,-37.80738,145.14087,2019,2,February,11,Midday,Weekend
T20190003853,2019-02-23,19:15:00,1,Collision with vehicle,6,Saturday,130,REAR END(VEHICLES IN SAME LANE),1,358145,Cross intersection,3,80,Arterial Highway,LANDSCAPE,YARRA RANGES,-37.760506,145.32817,2019,2,February,19,Night,Weekend
T20190003600,2019-02-23,12:45:00,1,Collision with vehicle,6,Saturday,152,PULLING OUT (OVERTAKING),1,345839,Not at intersection,2,50,Local Road,PLEASANT,BOROONDARA,-37.83502,145.0535,2019,2,February,12,Midday,Weekend
T20190005659,2019-02-23,17:00:00,1,Collision with vehicle,6,Saturday,179,OTHER ACCIDENTS-OFF STRAIGHT NOT INCLUDED IN DCAs 170-175,1,144843,Not at intersection,3,40,Local Road,SMITH,YARRA,-37.80254,144.98366,2019,2,February,17,Afternoon Peak,Weekend
T20190003523,2019-02-23,13:00:00,1,Collision with vehicle,6,Saturday,110,CROSS TRAFFIC(INTERSECTIONS ONLY),1,35942,Cross intersection,3,60,Arterial Other,MORELAND,MORELAND,-37.75568,144.96599,2019,2,February,13,Midday,Weekend
T20190003524,2019-02-23,10:53:00,4,Collision with a fixed object,6,Saturday,171,LEFT OFF CARRIAGEWAY INTO OBJECT/PARKED VEHICLE,1,344005,Not at intersection,2,50,Local Road,BILLINGHAM,BRIMBANK,-37.75972,144.76576,2019,2,February,10,Midday,Weekend
T20190003526,2019-02-23,14:00:00,1,Collision with vehicle,6,Saturday,130,REAR END(VEHICLES IN SAME LANE),1,583835,Not at intersection,2,80,Freeway,KINGS-WEST GATE OUT,MELBOURNE,-37.82846,144.95947,2019,2,February,14,Midday,Weekend
T20190003529,2019-02-23,16:04:00,1,Collision with vehicle,6,Saturday,136,RIGHT TURN SIDESWIPE,1,17634,T intersection,2,100,Arterial Other,BEECHWORTH-WANGARATTA,WANGARATTA,-36.385017,146.49733,2019,2,February,16,Afternoon Peak,Weekend
T20190003530,2019-02-23,12:30:00,1,Collision with vehicle,6,Saturday,110,CROSS TRAFFIC(INTERSECTIONS ONLY),1,324170,Cross intersection,3,40,Local Road,DILLON,MOIRA,-35.920868,145.64575,2019,2,February,12,Midday,Weekend
T20190003531,2019-02-23,16:25:00,6,Vehicle overturned (no collision),6,Saturday,170,OFF CARRIAGEWAY TO LEFT,1,342623,Not at intersection,2,50,Local Road,AYLESBURY,HOBSONS BAY,-37.85366,144.82574,2019,2,February,16,Afternoon Peak,Weekend
T20190003534,2019-02-23,15:40:00,1,Collision with vehicle,6,Saturday,114,TWO RIGHT TURNING (INTERSECTIONS ONLY),1,39478,T intersection,2,70,Arterial Other,DONCASTER,MANNINGHAM,-37.790173,145.17105,2019,2,February,15,Afternoon Peak,Weekend
T20190003535,2019-02-23,15:08:00,4,Collision with a fixed object,6,Saturday,183,OFF LEFT BEND INTO OBJECT/PARKED VEHICLE,1,345411,Not at intersection,3,70,Arterial Other,HEALESVILLE-YARRA GLEN,YARRA RANGES,-37.65239,145.49284,2019,2,February,15,Afternoon Peak,Weekend
T20190003538,2019-02-23,18:09:00,1,Collision with vehicle,6,Saturday,116,LEFT NEAR (INTERSECTIONS ONLY),1,52141,T intersection,2,60,Local Road,ALBERT,LATROBE,-38.17474,146.25719,2019,2,February,18,Afternoon Peak,Weekend
T20190003540,2019-02-23,15:23:00,1,Collision with vehicle,6,Saturday,113,RIGHT NEAR (INTERSECTIONS ONLY),1,42680,T intersection,1,80,Arterial Other,WELLINGTON,YARRA RANGES,-37.961178,145.36115,2019,2,February,15,Afternoon Peak,Weekend
T20190003541,2019-02-23,16:35:00,1,Collision with vehicle,6,Saturday,173,RIGHT OFF CARRIAGEWAY INTO OBJECT/PARKED VEHICLE,1,42450,T intersection,1,60,Arterial Other,HEATHERTON,DANDENONG,-37.96012,145.13345,2019,2,February,16,Afternoon Peak,Weekend
T20190003542,2019-02-23,18:47:00,4,Collision with a fixed object,6,Saturday,171,LEFT OFF CARRIAGEWAY INTO OBJECT/PARKED VEHICLE,1,44003,T intersection,2,60,Arterial Other,FRANKSTON-FLINDERS,MORNINGTON PENINSULA,-38.25784,145.18982,2019,2,February,18,Afternoon Peak,Weekend
T20190003544,2019-02-23,16:00:00,1,Collision with vehicle,6,Saturday,130,REAR END(VEHICLES IN SAME LANE),1,342640,Not at intersection,3,50,Arterial Other,PASCOE VALE,MORELAND,-37.70422,144.91566,2019,2,February,16,Afternoon Peak,Weekend
T20190003545,2019-02-23,18:10:00,1,Collision with vehicle,6,Saturday,131,LEFT REAR,1,342985,T intersection,3,50,Arterial Highway,BASS,BASS COAST,-38.382015,145.5527,2019,2,February,18,Afternoon Peak,Weekend
T20190003546,2019-02-23,14:30:00,1,Collision with vehicle,6,Saturday,130,REAR END(VEHICLES IN SAME LANE),1,344287,Not at intersection,2,70,Arterial Other,COOPER,WHITTLESEA,-37.649223,144.9988,2019,2,February,14,Midday,Weekend
T20190003547,2019-02-23,17:24:00,1,Collision with vehicle,6,Saturday,110,CROSS TRAFFIC(INTERSECTIONS ONLY),1,29963,Cross intersection,1,80,Arterial Highway,HENTY,GLENELG,-38.34353,141.5872,2019,2,February,17,Afternoon Peak,Weekend
T20190003548,2019-02-23,18:45:00,1,Collision with vehicle,6,Saturday,134,LANE CHANGE RIGHT (NOT OVERTAKING),1,342571,Not at intersection,2,100,Arterial Highway,SOUTH GIPPSLAND,CASEY,-38.214058,145.41473,2019,2,February,18,Afternoon Peak,Weekend
T20190003549,2019-02-23,18:30:00,6,Vehicle overturned (no collision),6,Saturday,180,OFF CARRIAGEWAY ON RIGHT BEND,2,343700,Not at intersection,2,100,Local Road,TALLANGALOOK,MANSFIELD,-36.9404,145.85583,2019,2,February,18,Afternoon Peak,Weekend
T20190003551,2019-02-23,20:58:00,4,Collision with a fixed object,6,Saturday,183,OFF LEFT BEND INTO OBJECT/PARKED VEHICLE,3,343523,Not at intersection,2,80,Freeway,WEST GATE,MELBOURNE,-37.83272,144.9036,2019,2,February,20,Night,Weekend
T20190003552,2019-02-23,19:25:00,1,Collision with vehicle,6,Saturday,121,RIGHT THROUGH,2,342624,T intersection,3,50,Local Road,MANOR HOUSE,WHITTLESEA,-37.635727,145.01485,2019,2,February,19,Night,Weekend
T20190003558,2019-02-23,17:00:00,4,Collision with a fixed object,6,Saturday,181,OFF RIGHT BEND INTO OBJECT/PARKED VEHICLE,1,342655,Not at intersection,2,100,Local Road,BOGONG HIGH PLAINS,ALPINE,-36.91541,147.29153,2019,2,February,17,Afternoon Peak,Weekend
T20190003562,2019-02-23,22:10:00,1,Collision with vehicle,6,Saturday,135,LANE CHANGE LEFT (NOT OVERTAKING),3,343484,Not at intersection,2,80,Arterial Highway,NEPEAN,BAYSIDE,-37.892178,145.00262,2019,2,February,22,Night,Weekend
T20190003512,2019-02-23,10:45:00,1,Collision with vehicle,6,Saturday,130,REAR END(VEHICLES IN SAME LANE),1,360196,Not at intersection,2,100,Freeway,METROPOLITAN RING,WHITTLESEA,-37.687096,145.02884,2019,2,February,10,Midday,Weekend
T20190003510,2019-02-23,02:57:00,1,Collision with vehicle,6,Saturday,171,LEFT OFF CARRIAGEWAY INTO OBJECT/PARKED VEHICLE,3,342568,Not at intersection,1,50,Local Road,RADFORD,DAREBIN,-37.71093,144.9825,2019,2,February,2,Late Night,Weekend
T20190003509,2019-02-23,10:00:00,1,Collision with vehicle,6,Saturday,111,RIGHT FAR (INTERSECTIONS ONLY),1,35643,T intersection,2,100,Arterial Highway,MOOROODUC,MORNINGTON PENINSULA,-38.213936,145.1095,2019,2,February,10,Midday,Weekend
T20190003504,2019-02-23,07:50:00,1,Collision with vehicle,6,Saturday,120,HEAD ON (NOT OVERTAKING),1,342789,Not at intersection,3,60,Local Road,KYNETON-METCALFE,MACEDON RANGES,-37.23324,144.44994,2019,2,February,7,Morning Peak,Weekend
T20190003503,2019-02-23,08:00:00,1,Collision with vehicle,6,Saturday,163,VEHICLE STRIKES DOOR OF PARKED/STATIONARY VEHICLE,1,342544,Not at intersection,3,50,Arterial Other,WESTGARTH,DAREBIN,-37.78084,144.99487,2019,2,February,8,Morning Peak,Weekend
T20190003502,2019-02-23,06:00:00,4,Collision with a fixed object,6,Saturday,171,LEFT OFF CARRIAGEWAY INTO OBJECT/PARKED VEHICLE,3,343702,Not at intersection,2,80,Local Road,STATION,CASEY,-38.10125,145.2828,2019,2,February,6,Morning Peak,Weekend
T20190003599,2019-02-23,18:05:00,1,Collision with vehicle,6,Saturday,113,RIGHT NEAR (INTERSECTIONS ONLY),1,40652,Cross intersection,3,60,Arterial Other,HUNTINGDALE,MONASH,-37.86108,145.113,2019,2,February,18,Afternoon Peak,Weekend
T20190003864,2019-02-23,09:31:00,1,Collision with vehicle,6,Saturday,137,LEFT TURN SIDESWIPE,1,71981,T intersection,2,50,Local Road,PAKINGTON,GEELONG,-38.145496,144.34734,2019,2,February,9,Morning Peak,Weekend
T20190003569,2019-02-23,00:20:00,1,Collision with vehicle,6,Saturday,110,CROSS TRAFFIC(INTERSECTIONS ONLY),3,41012,Cross intersection,2,60,Arterial Other,MOUNTAIN,KNOX,-37.837566,145.28706,2019,2,February,0,Late Night,Weekend
T20190003536,2019-02-23,15:05:00,1,Collision with vehicle,6,Saturday,120,HEAD ON (NOT OVERTAKING),1,583728,Not at intersection,2,70,Local Road,INGLIS,CASEY,-38.027084,145.37431,2019,2,February,15,Afternoon Peak,Weekend
T20190003554,2019-02-23,20:50:00,5,collision with some other object,6,Saturday,166,STRUCK OBJECT ON CARRIAGEWAY,5,342927,Not at intersection,2,80,Arterial Other,HUTTON,DANDENONG,-38.012966,145.16151,2019,2,February,20,Night,Weekend
T20190005372,2019-02-24,13:30:00,4,Collision with a fixed object,7,Sunday,179,OTHER ACCIDENTS-OFF STRAIGHT NOT INCLUDED IN DCAs 170-175,1,344138,Not at intersection,3,100,Local Road,FLAT,MURRINDINDI,-37.49155,145.44644,2019,2,February,13,Midday,Weekend
T20190003764,2019-02-24,13:45:00,1,Collision with vehicle,7,Sunday,131,LEFT REAR,1,346178,Cross intersection,3,80,Arterial Highway,PRINCES,CASEY,-38.026333,145.30685,2019,2,February,13,Midday,Weekend
T20190003568,2019-02-24,03:00:00,4,Collision with a fixed object,7,Sunday,171,LEFT OFF CARRIAGEWAY INTO OBJECT/PARKED VEHICLE,3,43989,T intersection,3,60,Local Road,RACECOURSE,MORNINGTON PENINSULA,-38.23511,145.06769,2019,2,February,3,Late Night,Weekend
T20190003570,2019-02-24,07:30:00,1,Collision with vehicle,7,Sunday,121,RIGHT THROUGH,2,39960,T intersection,3,60,Arterial Other,BLACKSHAWS,HOBSONS BAY,-37.832302,144.85844,2019,2,February,7,Morning Peak,Weekend
T20190003571,2019-02-24,06:34:00,4,Collision with a fixed object,7,Sunday,173,RIGHT OFF CARRIAGEWAY INTO OBJECT/PARKED VEHICLE,2,343823,Not at intersection,2,100,Arterial Other,EPPING,WHITTLESEA,-37.58995,145.0335,2019,2,February,6,Morning Peak,Weekend
T20190003574,2019-02-24,08:45:00,6,Vehicle overturned (no collision),7,Sunday,179,OTHER ACCIDENTS-OFF STRAIGHT NOT INCLUDED IN DCAs 170-175,1,50497,T intersection,3,100,Arterial Other,VICTORIA VALLEY,SOUTHERN GRAMPIANS,-37.62952,142.33371,2019,2,February,8,Morning Peak,Weekend
T20190003575,2019-02-24,06:30:00,4,Collision with a fixed object,7,Sunday,171,LEFT OFF CARRIAGEWAY INTO OBJECT/PARKED VEHICLE,3,344418,Not at intersection,3,100,Freeway,CALDER,BRIMBANK,-37.69105,144.79442,2019,2,February,6,Morning Peak,Weekend
T20190003602,2019-02-24,13:54:00,1,Collision with vehicle,7,Sunday,110,CROSS TRAFFIC(INTERSECTIONS ONLY),1,49288,Cross intersection,3,60,Arterial Other,BARKLY,BALLARAT,-37.56616,143.86632,2019,2,February,13,Midday,Weekend
T20190003598,2019-02-24,11:30:00,1,Collision with vehicle,7,Sunday,160,VEHICLE COLLIDES WITH VEHICLE PARKED ON LEFT OF ROAD,1,360305,Not at intersection,2,50,Local Road,GRAND,HUME,-37.570423,144.90005,2019,2,February,11,Midday,Weekend