ACCIDENT_NO,ACCIDENT_DATE,ACCIDENT_TIME,ACCIDENT_TYPE,ACCIDENT_TYPE_DESC,DAY_OF_WEEK,DAY_WEEK_DESC,DCA_CODE,DCA_DESC,LIGHT_CONDITION,NODE_ID,ROAD_GEOMETRY_DESC,SEVERITY,SPEED_ZONE,RMA,ROAD_NAME,LGA_NAME,LATITUDE,LONGITUDE,YEAR,MONTH,MONTH_NAME,HOUR,TIME_PERIOD,DAY_TYPE
T20190003594,2019-02-24,15:00:00,1,Collision with vehicle,7,Sunday,120,HEAD ON (NOT OVERTAKING),1,342580,Not at intersection,3,60,Arterial Other,YAN YEAN,NILLUMBIK,-37.671062,145.1255,2019,2,February,15,Afternoon Peak,Weekend
T20190003590,2019-02-24,12:02:00,1,Collision with vehicle,7,Sunday,132,RIGHT REAR.,1,343135,Not at intersection,2,60,Arterial Highway,PLENTY VALLEY,DAREBIN,-37.72484,145.0255,2019,2,February,12,Midday,Weekend
T20190003585,2019-02-24,09:50:00,2,Struck Pedestrian,7,Sunday,100,PED NEAR SIDE. PED HIT BY VEHICLE FROM THE RIGHT.,1,40406,Cross intersection,3,40,Arterial Other,RIVERSDALE,BOROONDARA,-37.83092,145.0528,2019,2,February,9,Morning Peak,Weekend
T20190003951,2019-02-24,12:00:00,7,Fall from or in moving vehicle,7,Sunday,179,OTHER ACCIDENTS-OFF STRAIGHT NOT INCLUDED IN DCAs 170-175,1,343038,Not at intersection,3,60,Local Road,LEES,WELLINGTON,-38.435688,146.73479,2019,2,February,12,Midday,Weekend
T20190003580,2019-02-24,12:00:00,1,Collision with vehicle,7,Sunday,113,RIGHT NEAR (INTERSECTIONS ONLY),1,39216,Cross intersection,3,60,Local Road,MONT ALBERT,BOROONDARA,-37.820465,145.09831,2019,2,February,12,Midday,Weekend
T20190003578,2019-02-24,11:15:00,1,Collision with vehicle,7,Sunday,110,CROSS TRAFFIC(INTERSECTIONS ONLY),1,46295,Cross intersection,2,60,Arterial Other,THOMPSONS,MANNINGHAM,-37.7674,145.1046,2019,2,February,11,Midday,Weekend
T20190003577,2019-02-24,10:30:00,1,Collision with vehicle,7,Sunday,121,RIGHT THROUGH,1,50070,T intersection,2,60,Arterial Other,MOORABOOL,GEELONG,-38.16368,144.35323,2019,2,February,10,Midday,Weekend
T20190003680,2019-02-24,09:00:00,8,No collision and no object struck,7,Sunday,182,OFF CARRIAGEWAY ON LEFT BEND,1,342716,Not at intersection,2,100,Arterial Highway,CALDER,BULOKE,-36.27512,143.39023,2019,2,February,9,Morning Peak,Weekend
T20190003701,2019-02-24,23:15:00,2,Struck Pedestrian,7,Sunday,194,PARKED CAR RUN AWAY,3,347158,Not at intersection,2,40,Local Road,JOLIMONT,MELBOURNE,-37.8186,144.98175,2019,2,February,23,Night,Weekend
T20190003603,2019-02-24,14:39:00,1,Collision with vehicle,7,Sunday,120,HEAD ON (NOT OVERTAKING),1,344419,T intersection,3,60,Arterial Highway,POINT NEPEAN,MORNINGTON PENINSULA,-38.369316,144.8514,2019,2,February,14,Midday,Weekend
T20190004541,2019-02-24,11:30:00,1,Collision with vehicle,7,Sunday,130,REAR END(VEHICLES IN SAME LANE),1,345053,Not at intersection,3,40,Arterial Other,SYDNEY,MORELAND,-37.76757,144.96204,2019,2,February,11,Midday,Weekend
T20190003710,2019-02-24,14:22:00,6,Vehicle overturned (no collision),7,Sunday,170,OFF CARRIAGEWAY TO LEFT,1,342932,Not at intersection,3,60,Arterial Other,WOORI YALLOCK,CARDINIA,-37.91557,145.50053,2019,2,February,14,Midday,Weekend
T20190003621,2019-02-24,23:55:00,1,Collision with vehicle,7,Sunday,116,LEFT NEAR (INTERSECTIONS ONLY),3,342926,T intersection,2,80,Arterial Other,PRINCES,CARDINIA,-38.0646,145.43,2019,2,February,23,Night,Weekend
T20190003620,2019-02-24,20:40:00,1,Collision with vehicle,7,Sunday,121,RIGHT THROUGH,3,342688,T intersection,1,50,Local Road,BETHANY,WYNDHAM,-37.852314,144.66531,2019,2,February,20,Night,Weekend
T20190003619,2019-02-24,21:40:00,4,Collision with a fixed object,7,Sunday,171,LEFT OFF CARRIAGEWAY INTO OBJECT/PARKED VEHICLE,5,343790,Not at intersection,2,100,Arterial Other,MONASH,LATROBE,-38.330784,146.34341,2019,2,February,21,Night,Weekend
T20190003882,2019-02-24,14:59:00,1,Collision with vehicle,7,Sunday,121,RIGHT THROUGH,1,38604,T intersection,2,70,Arterial Other,CHILDS,WHITTLESEA,-37.668026,145.06061,2019,2,February,14,Midday,Weekend
T20190003616,2019-02-24,18:55:00,4,Collision with a fixed object,7,Sunday,173,RIGHT OFF CARRIAGEWAY INTO OBJECT/PARKED VEHICLE,1,342656,Not at intersection,2,100,Arterial Highway,PRINCES,SURF COAST,-38.211758,144.2345,2019,2,February,18,Afternoon Peak,Weekend
T20190003615,2019-02-24,18:30:00,1,Collision with vehicle,7,Sunday,130,REAR END(VEHICLES IN SAME LANE),1,343007,Not at intersection,3,40,Local Road,ARTHURTON,DAREBIN,-37.769287,144.99858,2019,2,February,18,Afternoon Peak,Weekend
T20190003613,2019-02-24,19:10:00,4,Collision with a fixed object,7,Sunday,173,RIGHT OFF CARRIAGEWAY INTO OBJECT/PARKED VEHICLE,1,344133,Not at intersection,2,100,Arterial Other,COBDEN-PORT CAMPBELL,CORANGAMITE,-38.36813,143.05678,2019,2,February,19,Night,Weekend
T20190003612,2019-02-24,19:20:00,1,Collision with vehicle,7,Sunday,130,REAR END(VEHICLES IN SAME LANE),1,360197,Not at intersection,3,60,Arterial Other,ST GEORGES,YARRA,-37.779747,144.9869,2019,2,February,19,Night,Weekend
T20190003610,2019-02-24,15:00:00,1,Collision with vehicle,7,Sunday,163,VEHICLE STRIKES DOOR OF PARKED/STATIONARY VEHICLE,1,342612,T intersection,3,40,Local Road,CHAPEL,STONNINGTON,-37.84462,144.99458,2019,2,February,15,Afternoon Peak,Weekend
T20190003608,2019-02-24,16:00:00,4,Collision with a fixed object,7,Sunday,181,OFF RIGHT BEND INTO OBJECT/PARKED VEHICLE,1,346101,Not at intersection,3,100,Arterial Other,HAZELWOOD,LATROBE,-38.227734,146.51926,2019,2,February,16,Afternoon Peak,Weekend
T20190003606,2019-02-24,15:20:00,1,Collision with vehicle,7,Sunday,135,LANE CHANGE LEFT (NOT OVERTAKING),1,622587,Not at intersection,2,80,Arterial Highway,PHILLIP ISLAND,BASS COAST,-38.516594,145.31668,2019,2,February,15,Afternoon Peak,Weekend
T20190003647,2019-02-25,12:05:00,1,Collision with vehicle,1,Monday,110,CROSS TRAFFIC(INTERSECTIONS ONLY),1,44796,Cross intersection,2,80,Arterial Highway,WONTHAGGI,BASS COAST,-38.62698,145.72197,2019,2,February,12,Midday,Weekday
T20190003683,2019-02-25,17:25:00,1,Collision with vehicle,1,Monday,130,REAR END(VEHICLES IN SAME LANE),1,343751,Not at intersection,2,100,Arterial Other,COLAC-BALLARAT,GOLDEN PLAINS,-37.774,143.77408,2019,2,February,17,Afternoon Peak,Weekday
T20190003648,2019-02-25,08:25:00,2,Struck Pedestrian,1,Monday,102,FAR SIDE. PED HIT BY VEHICLE FROM THE LEFT,1,343612,T intersection,3,40,Local Road,THAMES,WYNDHAM,-37.877636,144.65927,2019,2,February,8,Morning Peak,Weekday
T20190003650,2019-02-25,08:00:00,2,Struck Pedestrian,1,Monday,108,PED STRUCK WALKING TO/FROM OR BOARDING/ALIGHTING VEHICLE.,1,343340,Not at intersection,2,40,Arterial Other,SYDNEY,MORELAND,-37.72991,144.96376,2019,2,February,8,Morning Peak,Weekday
T20190003651,2019-02-25,07:25:00,1,Collision with vehicle,1,Monday,130,REAR END(VEHICLES IN SAME LANE),1,342709,Not at intersection,3,80,Arterial Highway,DANDENONG,DANDENONG,-38.00094,145.18974,2019,2,February,7,Morning Peak,Weekday
T20190003657,2019-02-25,15:50:00,4,Collision with a fixed object,1,Monday,171,LEFT OFF CARRIAGEWAY INTO OBJECT/PARKED VEHICLE,1,342912,Not at intersection,2,100,Local Road,RIPPONHURST,MOYNE,-38.00342,142.10986,2019,2,February,15,Afternoon Peak,Weekday
T20190003658,2019-02-25,13:30:00,1,Collision with vehicle,1,Monday,130,REAR END(VEHICLES IN SAME LANE),1,42331,T intersection,2,60,Arterial Highway,WARRIGAL,MONASH,-37.91991,145.08322,2019,2,February,13,Midday,Weekday
T20190003659,2019-02-25,15:30:00,1,Collision with vehicle,1,Monday,171,LEFT OFF CARRIAGEWAY INTO OBJECT/PARKED VEHICLE,1,342847,Not at intersection,2,60,Local Road,BRUSHY PARK,YARRA RANGES,-37.7406,145.2821,2019,2,February,15,Afternoon Peak,Weekday
T20190004307,2019-02-25,16:00:00,1,Collision with vehicle,1,Monday,130,REAR END(VEHICLES IN SAME LANE),9,39459,Cross intersection,3,70,Arterial Other,BLACKBURN,MANNINGHAM,-37.789165,145.16196,2019,2,February,16,Afternoon Peak,Weekday
T20190003700,2019-02-25,20:51:00,4,Collision with a fixed object,1,Monday,175,OFF END OF ROAD/T-INTERSECTION.,3,342713,Not at intersection,2,50,Local Road,CARTER,MELTON,-37.69056,144.57457,2019,2,February,20,Night,Weekday
T20190003670,2019-02-25,16:00:00,1,Collision with vehicle,1,Monday,113,RIGHT NEAR (INTERSECTIONS ONLY),1,41700,T intersection,3,60,Arterial Other,CLAYTON,MONASH,-37.918144,145.12108,2019,2,February,16,Afternoon Peak,Weekday
T20190003635,2019-02-25,07:00:00,4,Collision with a fixed object,1,Monday,151,OUT OF CONTROL (OVERTAKING),1,342606,Not at intersection,2,100,Arterial Highway,MIDLAND,GOLDEN PLAINS,-37.92889,144.11638,2019,2,February,7,Morning Peak,Weekday
T20190003703,2019-02-25,22:35:00,1,Collision with vehicle,1,Monday,130,REAR END(VEHICLES IN SAME LANE),3,10608,Multiple intersection,3,60,Freeway,EDGARS,WHITTLESEA,-37.686283,145.00233,2019,2,February,22,Night,Weekday
T20190003685,2019-02-25,17:20:00,4,Collision with a fixed object,1,Monday,173,RIGHT OFF CARRIAGEWAY INTO OBJECT/PARKED VEHICLE,1,342707,Not at intersection,2,100,Arterial Other,COLAC-BALLARAT,GOLDEN PLAINS,-37.773994,143.77408,2019,2,February,17,Afternoon Peak,Weekday
T20190003630,2019-02-25,07:16:00,1,Collision with vehicle,1,Monday,153,CUTTING IN (OVERTAKING),1,43638,T intersection,2,50,Local Road,BANBURY,DAREBIN,-37.71185,144.98949,2019,2,February,7,Morning Peak,Weekday
T20190003642,2019-02-25,09:00:00,1,Collision with vehicle,1,Monday,120,HEAD ON (NOT OVERTAKING),1,360405,Not at intersection,2,60,Local Road,EDWARD,YARRA RANGES,-37.74287,145.31905,2019,2,February,9,Morning Peak,Weekday
T20190003672,2019-02-25,17:30:00,2,Struck Pedestrian,1,Monday,102,FAR SIDE. PED HIT BY VEHICLE FROM THE LEFT,1,342648,Not at intersection,2,60,Local Road,ROBINSONS,FRANKSTON,-38.174656,145.14764,2019,2,February,17,Afternoon Peak,Weekday
T20190003686,2019-02-25,15:49:00,1,Collision with vehicle,1,Monday,121,RIGHT THROUGH,1,645336,T intersection,2,60,Arterial Other,SLADEN,CASEY,-38.112717,145.28076,2019,2,February,15,Afternoon Peak,Weekday
T20190003688,2019-02-25,15:40:00,1,Collision with vehicle,1,Monday,130,REAR END(VEHICLES IN SAME LANE),1,342663,Not at intersection,3,50,Local Road,CAMMS,CASEY,-38.097656,145.27965,2019,2,February,15,Afternoon Peak,Weekday
T20190003641,2019-02-25,06:02:00,2,Struck Pedestrian,1,Monday,100,PED NEAR SIDE. PED HIT BY VEHICLE FROM THE RIGHT.,3,342627,Not at intersection,1,50,Local Road,SUTHERLAND,STONNINGTON,-37.857628,145.01714,2019,2,February,6,Morning Peak,Weekday
T20190003665,2019-02-25,13:15:00,1,Collision with vehicle,1,Monday,160,VEHICLE COLLIDES WITH VEHICLE PARKED ON LEFT OF ROAD,1,344179,Not at intersection,2,40,Local Road,EAST ESPLANADE,BRIMBANK,-37.743042,144.79918,2019,2,February,13,Midday,Weekday
T20190003628,2019-02-25,07:55:00,1,Collision with vehicle,1,Monday,121,RIGHT THROUGH,1,66533,Cross intersection,2,40,Local Road,BALMAIN,YARRA,-37.830196,144.99438,2019,2,February,7,Morning Peak,Weekday
T20190003669,2019-02-25,16:25:00,1,Collision with vehicle,1,Monday,110,CROSS TRAFFIC(INTERSECTIONS ONLY),1,51183,Cross intersection,2,60,Arterial Highway,BRIDGE,BENALLA,-36.55618,145.97153,2019,2,February,16,Afternoon Peak,Weekday
T20190003639,2019-02-25,07:40:00,1,Collision with vehicle,1,Monday,130,REAR END(VEHICLES IN SAME LANE),1,342644,Not at intersection,2,60,Arterial Other,SPRINGVALE,MANNINGHAM,-37.79315,145.17984,2019,2,February,7,Morning Peak,Weekday
T20190003682,2019-02-25,17:30:00,1,Collision with vehicle,1,Monday,130,REAR END(VEHICLES IN SAME LANE),1,342760,Not at intersection,3,60,Arterial Other,ROYAL,MELBOURNE,-37.78548,144.9593,2019,2,February,17,Afternoon Peak,Weekday
T20190003637,2019-02-25,08:30:00,1,Collision with vehicle,1,Monday,130,REAR END(VEHICLES IN SAME LANE),1,343109,Not at intersection,2,60,Local Road,NORMAN,BALLARAT,-37.53576,143.85333,2019,2,February,8,Morning Peak,Weekday
T20190003965,2019-02-25,15:35:00,2,Struck Pedestrian,1,Monday,103,PED PLAYING/LYING/WORKING/STANDING ON CARRIAGEWAY.,1,344420,Not at intersection,3,60,Arterial Other,PARA,BANYULE,-37.71862,145.11392,2019,2,February,15,Afternoon Peak,Weekday
T20190003629,2019-02-25,07:50:00,1,Collision with vehicle,1,Monday,130,REAR END(VEHICLES IN SAME LANE),1,342649,Not at intersection,2,50,Local Road,GREENLEAF,GEELONG,-38.032185,144.39326,2019,2,February,7,Morning Peak,Weekday
T20190004157,2019-02-25,21:00:00,1,Collision with vehicle,1,Monday,110,CROSS TRAFFIC(INTERSECTIONS ONLY),3,45097,Cross intersection,3,60,Arterial Highway,HIGH,MITCHELL,-37.41637,144.97911,2019,2,February,21,Night,Weekday
T20190003671,2019-02-25,17:05:00,1,Collision with vehicle,1,Monday,140,U TURN,1,342739,Not at intersection,2,80,Arterial Other,SYDNEY,BENALLA,-36.54133,146.01456,2019,2,February,17,Afternoon Peak,Weekday
T20190003654,2019-02-25,12:04:00,1,Collision with vehicle,1,Monday,110,CROSS TRAFFIC(INTERSECTIONS ONLY),1,58409,Cross intersection,3,100,Arterial Other,BENALLA-TOCUMWAL,MOIRA,-35.96985,145.61923,2019,2,February,12,Midday,Weekday
T20190004009,2019-02-25,19:22:00,1,Collision with vehicle,1,Monday,110,CROSS TRAFFIC(INTERSECTIONS ONLY),1,52545,Cross intersection,3,80,Local Road,KARADOC,MILDURA,-34.240044,142.15543,2019,2,February,19,Night,Weekday
T20190003664,2019-02-25,15:55:00,1,Collision with vehicle,1,Monday,121,RIGHT THROUGH,1,39715,T intersection,2,80,Arterial Highway,MAROONDAH,MAROONDAH,-37.791237,145.26321,2019,2,February,15,Afternoon Peak,Weekday
T20190003693,2019-02-25,22:20:00,1,Collision with vehicle,1,Monday,130,REAR END(VEHICLES IN SAME LANE),3,38552,T intersection,2,60,Arterial Other,WRIGHT,BRIMBANK,-37.795914,144.83029,2019,2,February,22,Night,Weekday
T20190003695,2019-02-25,16:30:00,1,Collision with vehicle,1,Monday,120,HEAD ON (NOT OVERTAKING),1,342593,Not at intersection,1,100,Local Road,TYABB-TOORADIN,MORNINGTON PENINSULA,-38.223843,145.2371,2019,2,February,16,Afternoon Peak,Weekday
T20190003690,2019-02-25,17:00:00,1,Collision with vehicle,1,Monday,140,U TURN,1,8783,T intersection,2,70,Arterial Other,WATTS,MORNINGTON PENINSULA,-38.303055,145.18362,2019,2,February,17,Afternoon Peak,Weekday
T20190003674,2019-02-25,16:45:00,1,Collision with vehicle,1,Monday,120,HEAD ON (NOT OVERTAKING),1,342807,Not at intersection,3,100,Local Road,CANAVANS,SOUTH GIPPSLAND,-38.38919,145.99202,2019,2,February,16,Afternoon Peak,Weekday
T20190003661,2019-02-25,13:15:00,1,Collision with vehicle,1,Monday,110,CROSS TRAFFIC(INTERSECTIONS ONLY),1,343819,Cross intersection,2,60,Arterial Other,KINGS,BRIMBANK,-37.69912,144.7806,2019,2,February,13,Midday,Weekday
T20190003689,2019-02-25,18:15:00,1,Collision with vehicle,1,Monday,112,LEFT FAR (INTERSECTIONS ONLY),1,343717,T intersection,3,80,Arterial Highway,SOUTH GIPPSLAND,CASEY,-38.06859,145.26793,2019,2,February,18,Afternoon Peak,Weekday
T20190003676,2019-02-25,16:20:00,1,Collision with vehicle,1,Monday,112,LEFT FAR (INTERSECTIONS ONLY),1,342622,T intersection,3,80,Local Road,MANSE HILL,MITCHELL,-37.02978,145.1042,2019,2,February,16,Afternoon Peak,Weekday
T20190009781,2019-02-25,07:00:00,1,Collision with vehicle,1,Monday,113,RIGHT NEAR (INTERSECTIONS ONLY),1,44762,Cross intersection,3,50,Local Road,BLAIR,HUME,-37.684208,144.92754,2019,2,February,7,Morning Peak,Weekday
T20190003646,2019-02-25,08:20:00,1,Collision with vehicle,1,Monday,131,LEFT REAR,1,342658,Not at intersection,3,100,Arterial Highway,HOPKINS,MOYNE,-38.290443,142.58455,2019,2,February,8,Morning Peak,Weekday
T20190003636,2019-02-25,08:00:00,1,Collision with vehicle,1,Monday,110,CROSS TRAFFIC(INTERSECTIONS ONLY),1,38868,Cross intersection,2,60,Arterial Other,BARKERS,BOROONDARA,-37.812737,145.02026,2019,2,February,8,Morning Peak,Weekday
T20190003726,2019-02-25,13:50:00,1,Collision with vehicle,1,Monday,130,REAR END(VEHICLES IN SAME LANE),1,70728,T intersection,3,60,Arterial Highway,CHELTENHAM,DANDENONG,-37.99084,145.19876,2019,2,February,13,Midday,Weekday
T20190003725,2019-02-26,07:00:00,6,Vehicle overturned (no collision),2,Tuesday,170,OFF CARRIAGEWAY TO LEFT,1,346355,Not at intersection,3,100,Arterial Highway,LODDON VALLEY,LODDON,-36.32931,143.97467,2019,2,February,7,Morning Peak,Weekday
T20190003721,2019-02-26,09:50:00,2,Struck Pedestrian,2,Tuesday,107,PED ON FOOTHPATH STRUCK BY VEHENTERING/LEAVING DRIVEWAY.,1,342866,Not at intersection,2,70,Arterial Highway,SPRINGVALE,MONASH,-37.88942,145.16405,2019,2,February,9,Morning Peak,Weekday
T20190003719,2019-02-26,07:30:00,1,Collision with vehicle,2,Tuesday,137,LEFT TURN SIDESWIPE,1,343387,T intersection,3,40,Arterial Other,NICHOLSON,YARRA,-37.80418,144.97383,2019,2,February,7,Morning Peak,Weekday
T20190003717,2019-02-26,07:15:00,1,Collision with vehicle,2,Tuesday,153,CUTTING IN (OVERTAKING),1,342653,Not at intersection,3,100,Freeway,MORNINGTON PENINSULA,KINGSTON,-38.05066,145.14404,2019,2,February,7,Morning Peak,Weekday
T20190003713,2019-02-26,08:45:00,1,Collision with vehicle,2,Tuesday,130,REAR END(VEHICLES IN SAME LANE),1,342657,T intersection,3,60,Local Road,SUTTON,BALLARAT,-37.57368,143.82855,2019,2,February,8,Morning Peak,Weekday
T20190003709,2019-02-26,05:45:00,1,Collision with vehicle,2,Tuesday,133,LANE SIDE SWIPE (VEHICLES IN PARALLEL LANES),3,343237,Not at intersection,2,60,Arterial Highway,NEPEAN,KINGSTON,-38.039448,145.10902,2019,2,February,5,Morning Peak,Weekday
T20190003708,2019-02-26,06:53:00,1,Collision with vehicle,2,Tuesday,120,HEAD ON (NOT OVERTAKING),1,344548,Not at intersection,2,70,Arterial Other,MELTON,MELTON,-37.682396,144.61823,2019,2,February,6,Morning Peak,Weekday
T20190005327,2019-02-26,09:00:00,1,Collision with vehicle,2,Tuesday,130,REAR END(VEHICLES IN SAME LANE),1,345044,Not at intersection,3,80,Arterial Other,CRANBOURNE,CASEY,-38.03201,145.30583,2019,2,February,9,Morning Peak,Weekday
T20190003800,2019-02-26,15:47:00,4,Collision with a fixed object,2,Tuesday,181,OFF RIGHT BEND INTO OBJECT/PARKED VEHICLE,1,359177,Not at intersection,3,100,Arterial Highway,GREAT ALPINE,ALPINE,-36.62435,146.83263,2019,2,February,15,Afternoon Peak,Weekday
T20190003796,2019-02-26,18:21:00,1,Collision with vehicle,2,Tuesday,135,LANE CHANGE LEFT (NOT OVERTAKING),1,249,Cross intersection,3,60,Freeway,BATMAN,MELBOURNE,-37.82329,144.9785,2019,2,February,18,Afternoon Peak,Weekday
T20190003774,2019-02-26,06:15:00,1,Collision with vehicle,2,Tuesday,121,RIGHT THROUGH,2,304636,Cross intersection,2,60,Local Road,AITKEN,HUME,-37.616432,144.91342,2019,2,February,6,Morning Peak,Weekday
T20190003769,2019-02-26,14:30:00,1,Collision with vehicle,2,Tuesday,152,PULLING OUT (OVERTAKING),1,343352,Not at intersection,3,60,Local Road,CHURCHILL,MARIBYRNONG,-37.78544,144.85472,2019,2,February,14,Midday,Weekday
T20190003768,2019-02-26,17:10:00,1,Collision with vehicle,2,Tuesday,130,REAR END(VEHICLES IN SAME LANE),1,342986,Not at intersection,2,80,Local Road,PERRY,DANDENONG,-38.0136,145.1738,2019,2,February,17,Afternoon Peak,Weekday
T20190003767,2019-02-26,20:30:00,1,Collision with vehicle,2,Tuesday,130,REAR END(VEHICLES IN SAME LANE),3,342799,Not at intersection,3,50,Local Road,VICTORIA,DAREBIN,-37.77112,145.01147,2019,2,February,20,Night,Weekday
T20190003766,2019-02-26,17:30:00,1,Collision with vehicle,2,Tuesday,116,LEFT NEAR (INTERSECTIONS ONLY),1,279255,T intersection,3,60,Local Road,ELIZABETH,HUME,-37.57449,144.71309,2019,2,February,17,Afternoon Peak,Weekday
T20190007360,2019-02-26,14:00:00,1,Collision with vehicle,2,Tuesday,130,REAR END(VEHICLES IN SAME LANE),9,344905,Not at intersection,3,60,Arterial Other,SPRING,DAREBIN,-37.73623,144.99951,2019,2,February,14,Midday,Weekday
T20190004705,2019-02-26,08:10:00,1,Collision with vehicle,2,Tuesday,130,REAR END(VEHICLES IN SAME LANE),1,343294,Not at intersection,3,60,Arterial Other,NAPOLEON,KNOX,-37.910778,145.27493,2019,2,February,8,Morning Peak,Weekday
T20190003763,2019-02-26,17:15:00,6,Vehicle overturned (no collision),2,Tuesday,174,OUT OF CONTROL ON CARRIAGEWAY (ON STRAIGHT),1,342704,T intersection,3,40,Local Road,LONSDALE,MELBOURNE,-37.811256,144.96577,2019,2,February,17,Afternoon Peak,Weekday
T20190003762,2019-02-26,16:35:00,1,Collision with vehicle,2,Tuesday,121,RIGHT THROUGH,1,29569,Cross intersection,2,60,Arterial Other,BLACKBURN,MANNINGHAM,-37.791138,145.16159,2019,2,February,16,Afternoon Peak,Weekday
T20190003758,2019-02-26,14:00:00,5,collision with some other object,2,Tuesday,183,OFF LEFT BEND INTO OBJECT/PARKED VEHICLE,1,343053,Not at intersection,2,100,Arterial Other,OMEO,TOWONG,-36.70877,147.44852,2019,2,February,14,Midday,Weekday
T20190003756,2019-02-26,16:20:00,1,Collision with vehicle,2,Tuesday,130,REAR END(VEHICLES IN SAME LANE),1,231516,T intersection,2,60,Arterial Highway,LOWER DANDENONG,KINGSTON,-37.982594,145.07411,2019,2,February,16,Afternoon Peak,Weekday
T20190003755,2019-02-26,08:30:00,1,Collision with vehicle,2,Tuesday,137,LEFT TURN SIDESWIPE,1,57652,Cross intersection,3,60,Arterial Highway,MCKILLOP,GEELONG,-38.15774,144.3728,2019,2,February,8,Morning Peak,Weekday
T20190003754,2019-02-26,17:15:00,1,Collision with vehicle,2,Tuesday,121,RIGHT THROUGH,1,342786,T intersection,2,80,Arterial Highway,DANDENONG ROAD SERVICE,GLEN EIRA,-37.884598,145.06093,2019,2,February,17,Afternoon Peak,Weekday
T20190003732,2019-02-26,08:52:00,2,Struck Pedestrian,2,Tuesday,100,PED NEAR SIDE. PED HIT BY VEHICLE FROM THE RIGHT.,1,35682,T intersection,2,40,Local Road,BLAIR,HUME,-37.679398,144.9285,2019,2,February,8,Morning Peak,Weekday
T20190003753,2019-02-26,17:20:00,1,Collision with vehicle,2,Tuesday,130,REAR END(VEHICLES IN SAME LANE),1,38041,Cross intersection,3,50,Arterial Other,STATION,DAREBIN,-37.77171,145.01935,2019,2,February,17,Afternoon Peak,Weekday
T20190003749,2019-02-26,15:05:00,1,Collision with vehicle,2,Tuesday,134,LANE CHANGE RIGHT (NOT OVERTAKING),1,346946,Not at intersection,3,80,Arterial Other,BRAESIDE-DANDENONG,DANDENONG,-38.011124,145.17403,2019,2,February,15,Afternoon Peak,Weekday
T20190003748,2019-02-26,12:46:00,1,Collision with vehicle,2,Tuesday,130,REAR END(VEHICLES IN SAME LANE),1,96708,Cross intersection,2,80,Arterial Highway,WELLINGTON,MONASH,-37.916416,145.14055,2019,2,February,12,Midday,Weekday
T20190003747,2019-02-26,14:30:00,1,Collision with vehicle,2,Tuesday,110,CROSS TRAFFIC(INTERSECTIONS ONLY),1,36815,Cross intersection,2,60,Arterial Other,SPENCER,MELBOURNE,-37.809277,144.94939,2019,2,February,14,Midday,Weekday
T20190003744,2019-02-26,14:00:00,1,Collision with vehicle,2,Tuesday,171,LEFT OFF CARRIAGEWAY INTO OBJECT/PARKED VEHICLE,1,342810,T intersection,3,50,Local Road,GREENHILLS,WHITTLESEA,-37.68929,145.04945,2019,2,February,14,Midday,Weekday
T20190003740,2019-02-26,12:55:00,1,Collision with vehicle,2,Tuesday,133,LANE SIDE SWIPE (VEHICLES IN PARALLEL LANES),1,342748,Not at intersection,2,40,Local Road,ELIZABETH,MELBOURNE,-37.809643,144.96104,2019,2,February,12,Midday,Weekday
T20190003738,2019-02-26,10:15:00,1,Collision with vehicle,2,Tuesday,136,RIGHT TURN SIDESWIPE,1,343698,Not at intersection,2,60,Local Road,LEATHER,GEELONG,-38.18585,144.3709,2019,2,February,10,Midday,Weekday
T20190003737,2019-02-26,11:52:00,2,Struck Pedestrian,2,Tuesday,102,FAR SIDE. PED HIT BY VEHICLE FROM THE LEFT,1,49799,T intersection,1,60,Arterial Other,THOMPSON,GEELONG,-38.11696,144.34221,2019,2,February,11,Midday,Weekday
T20190003736,2019-02-26,12:30:00,1,Collision with vehicle,2,Tuesday,160,VEHICLE COLLIDES WITH VEHICLE PARKED ON LEFT OF ROAD,1,592524,Not at intersection,2,60,Arterial Other,HIGH,MOYNE,-38.031,141.99811,2019,2,February,12,Midday,Weekday
T20190004146,2019-02-26,19:40:00,1,Collision with vehicle,2,Tuesday,113,RIGHT NEAR (INTERSECTIONS ONLY),2,49891,T intersection,3,50,Local Road,AUTUMN,GEELONG,-38.14199,144.33911,2019,2,February,19,Night,Weekday
T20190003728,2019-02-26,09:45:00,1,Collision with vehicle,2,Tuesday,114,TWO RIGHT TURNING (INTERSECTIONS ONLY),1,19609,T intersection,3,80,Arterial Highway,MURRAY VALLEY,SWAN HILL,-35.185307,143.3772,2019,2,February,9,Morning Peak,Weekday
T20190003828,2019-02-27,17:00:00,1,Collision with vehicle,3,Wednesday,110,CROSS TRAFFIC(INTERSECTIONS ONLY),1,253196,Cross intersection,3,50,Local Road,KING,SOUTHERN GRAMPIANS,-37.73278,142.03249,2019,2,February,17,Afternoon Peak,Weekday
T20190003901,2019-02-27,07:45:00,1,Collision with vehicle,3,Wednesday,110,CROSS TRAFFIC(INTERSECTIONS ONLY),1,38897,Cross intersection,3,60,Local Road,WALPOLE,BOROONDARA,-37.797546,145.03316,2019,2,February,7,Morning Peak,Weekday