ACCIDENT_NO,ACCIDENT_DATE,ACCIDENT_TIME,ACCIDENT_TYPE,ACCIDENT_TYPE_DESC,DAY_OF_WEEK,DAY_WEEK_DESC,DCA_CODE,DCA_DESC,LIGHT_CONDITION,NODE_ID,ROAD_GEOMETRY_DESC,SEVERITY,SPEED_ZONE,RMA,ROAD_NAME,LGA_NAME,LATITUDE,LONGITUDE,YEAR,MONTH,MONTH_NAME,HOUR,TIME_PERIOD,DAY_TYPE
T20190003812,2019-02-27,10:15:00,2,Struck Pedestrian,3,Wednesday,100,PED NEAR SIDE. PED HIT BY VEHICLE FROM THE RIGHT.,1,39882,Cross intersection,3,60,Local Road,ALMA,HOBSONS BAY,-37.86869,144.77792,2019,2,February,10,Midday,Weekday
T20190003816,2019-02-27,14:00:00,4,Collision with a fixed object,3,Wednesday,171,LEFT OFF CARRIAGEWAY INTO OBJECT/PARKED VEHICLE,1,342806,Not at intersection,2,100,Arterial Highway,GLENELG,GOLDEN PLAINS,-37.60968,143.7365,2019,2,February,14,Midday,Weekday
T20190003802,2019-02-27,11:26:00,1,Collision with vehicle,3,Wednesday,147,VEHICLE STRIKES ANOTHER VEH WHILE EMERGING FROM DRIVEWAY,1,342894,Not at intersection,2,80,Local Road,BRIDGE INN,WHITTLESEA,-37.595005,145.04568,2019,2,February,11,Midday,Weekday
T20190004036,2019-02-27,13:00:00,1,Collision with vehicle,3,Wednesday,130,REAR END(VEHICLES IN SAME LANE),1,38885,Cross intersection,3,60,Arterial Other,DENMARK STREET -POWER,BOROONDARA,-37.81365,145.02788,2019,2,February,13,Midday,Weekday
T20190003854,2019-02-27,19:30:00,1,Collision with vehicle,3,Wednesday,134,LANE CHANGE RIGHT (NOT OVERTAKING),2,342761,Not at intersection,2,60,Arterial Highway,BELL-BANKSIA,BANYULE,-37.75782,145.0583,2019,2,February,19,Night,Weekday
T20190003845,2019-02-27,17:35:00,1,Collision with vehicle,3,Wednesday,130,REAR END(VEHICLES IN SAME LANE),1,346591,Multiple intersection,2,80,Arterial Other,BALLARAT,BRIMBANK,-37.77029,144.796,2019,2,February,17,Afternoon Peak,Weekday
T20190003850,2019-02-27,16:30:00,1,Collision with vehicle,3,Wednesday,110,CROSS TRAFFIC(INTERSECTIONS ONLY),1,360198,Cross intersection,3,60,Arterial Highway,BELL,BANYULE,-37.752815,145.05031,2019,2,February,16,Afternoon Peak,Weekday
T20190003799,2019-02-27,09:34:00,4,Collision with a fixed object,3,Wednesday,171,LEFT OFF CARRIAGEWAY INTO OBJECT/PARKED VEHICLE,1,342715,Not at intersection,2,80,Arterial Highway,PRINCES,CASEY,-38.01417,145.29012,2019,2,February,9,Morning Peak,Weekday
T20190005068,2019-02-27,21:22:00,4,Collision with a fixed object,3,Wednesday,173,RIGHT OFF CARRIAGEWAY INTO OBJECT/PARKED VEHICLE,3,343844,Not at intersection,3,100,Freeway,PRINCES,WYNDHAM,-37.873356,144.7367,2019,2,February,21,Night,Weekday
T20190003905,2019-02-27,13:50:00,1,Collision with vehicle,3,Wednesday,121,RIGHT THROUGH,1,40727,T intersection,3,60,Arterial Other,MIDDLEBOROUGH,WHITEHORSE,-37.83605,145.1353,2019,2,February,13,Midday,Weekday
T20190014838,2019-02-27,21:50:00,1,Collision with vehicle,3,Wednesday,130,REAR END(VEHICLES IN SAME LANE),3,29542,Cross intersection,3,60,Arterial Other,GLENFERRIE,BOROONDARA,-37.814693,145.03682,2019,2,February,21,Night,Weekday
T20190003831,2019-02-27,15:55:00,1,Collision with vehicle,3,Wednesday,110,CROSS TRAFFIC(INTERSECTIONS ONLY),1,54757,Cross intersection,2,50,Local Road,OAKES,KINGSTON,-37.935604,145.13226,2019,2,February,15,Afternoon Peak,Weekday
T20190003829,2019-02-27,16:50:00,1,Collision with vehicle,3,Wednesday,130,REAR END(VEHICLES IN SAME LANE),1,343386,T intersection,2,80,Local Road,ERAMOSA,MORNINGTON PENINSULA,-38.21447,145.11314,2019,2,February,16,Afternoon Peak,Weekday
T20190003817,2019-02-27,14:10:00,1,Collision with vehicle,3,Wednesday,110,CROSS TRAFFIC(INTERSECTIONS ONLY),1,33278,Cross intersection,3,60,Arterial Other,FISHER STREET -NEWCOMBE,GEELONG,-38.11547,144.65665,2019,2,February,14,Midday,Weekday
T20190003884,2019-02-27,00:30:00,1,Collision with vehicle,3,Wednesday,113,RIGHT NEAR (INTERSECTIONS ONLY),3,56287,T intersection,3,50,Local Road,ALBATROSS,WYNDHAM,-37.890682,144.6679,2019,2,February,0,Late Night,Weekday
T20190003852,2019-02-27,19:00:00,1,Collision with vehicle,3,Wednesday,121,RIGHT THROUGH,2,38668,Cross intersection,3,60,Arterial Highway,FRANCIS,MARIBYRNONG,-37.820267,144.88213,2019,2,February,19,Night,Weekday
T20190003827,2019-02-27,16:43:00,1,Collision with vehicle,3,Wednesday,121,RIGHT THROUGH,1,278525,Cross intersection,2,60,Local Road,COMMERCIAL,MELTON,-37.72979,144.74506,2019,2,February,16,Afternoon Peak,Weekday
T20190003825,2019-02-27,15:20:00,1,Collision with vehicle,3,Wednesday,121,RIGHT THROUGH,1,37943,T intersection,3,40,Local Road,BLYTHE,DAREBIN,-37.754192,145.00133,2019,2,February,15,Afternoon Peak,Weekday
T20190003833,2019-02-27,14:55:00,1,Collision with vehicle,3,Wednesday,113,RIGHT NEAR (INTERSECTIONS ONLY),1,43896,T intersection,3,80,Arterial Highway,SOUTH GIPPSLAND,CASEY,-38.103584,145.28226,2019,2,February,14,Midday,Weekday
T20190003835,2019-02-27,17:55:00,4,Collision with a fixed object,3,Wednesday,173,RIGHT OFF CARRIAGEWAY INTO OBJECT/PARKED VEHICLE,1,343245,Not at intersection,2,100,Local Road,AMORS,GLENELG,-38.26307,141.48749,2019,2,February,17,Afternoon Peak,Weekday
T20190003837,2019-02-27,17:35:00,1,Collision with vehicle,3,Wednesday,130,REAR END(VEHICLES IN SAME LANE),1,360306,Not at intersection,2,80,Arterial Other,CRANBOURNE-FRANKSTON,FRANKSTON,-38.15417,145.18486,2019,2,February,17,Afternoon Peak,Weekday
T20190003823,2019-02-27,16:30:00,1,Collision with vehicle,3,Wednesday,121,RIGHT THROUGH,1,342849,T intersection,3,80,Local Road,MCKOY,WODONGA,-36.10685,146.83794,2019,2,February,16,Afternoon Peak,Weekday
T20190003819,2019-02-27,13:09:00,1,Collision with vehicle,3,Wednesday,120,HEAD ON (NOT OVERTAKING),1,343832,Not at intersection,3,100,Arterial Highway,HENTY,HORSHAM,-36.96422,142.1617,2019,2,February,13,Midday,Weekday
T20190004778,2019-02-27,16:20:00,1,Collision with vehicle,3,Wednesday,130,REAR END(VEHICLES IN SAME LANE),1,344045,Not at intersection,3,80,Arterial Other,BALLARTO,FRANKSTON,-38.12173,145.22993,2019,2,February,16,Afternoon Peak,Weekday
T20190003818,2019-02-27,13:49:00,1,Collision with vehicle,3,Wednesday,130,REAR END(VEHICLES IN SAME LANE),1,342797,Not at intersection,2,100,Freeway,MORNINGTON PENINSULA,DANDENONG,-38.045982,145.14285,2019,2,February,13,Midday,Weekday
T20190003840,2019-02-27,17:45:00,1,Collision with vehicle,3,Wednesday,113,RIGHT NEAR (INTERSECTIONS ONLY),1,71019,T intersection,2,50,Local Road,PEAK,GEELONG,-38.0235,144.40106,2019,2,February,17,Afternoon Peak,Weekday
T20190003841,2019-02-27,15:00:00,1,Collision with vehicle,3,Wednesday,113,RIGHT NEAR (INTERSECTIONS ONLY),1,43096,T intersection,3,70,Arterial Highway,STUD,DANDENONG,-37.962963,145.22478,2019,2,February,15,Afternoon Peak,Weekday
T20190003862,2019-02-27,06:50:00,1,Collision with vehicle,3,Wednesday,110,CROSS TRAFFIC(INTERSECTIONS ONLY),2,16815,Cross intersection,3,50,Local Road,FAIRY,WARRNAMBOOL,-38.38158,142.4791,2019,2,February,6,Morning Peak,Weekday
T20190003839,2019-02-27,17:30:00,1,Collision with vehicle,3,Wednesday,150,HEAD ON(OVERTAKING),1,64568,Y intersection,3,60,Local Road,ENFIELD,MANNINGHAM,-37.784576,145.20769,2019,2,February,17,Afternoon Peak,Weekday
T20190003777,2019-02-27,04:30:00,4,Collision with a fixed object,3,Wednesday,181,OFF RIGHT BEND INTO OBJECT/PARKED VEHICLE,3,45192,T intersection,2,60,Arterial Other,CANNING STREET -MILITARY,MOONEE VALLEY,-37.77058,144.86565,2019,2,February,4,Late Night,Weekday
T20190003842,2019-02-27,19:45:00,5,collision with some other object,3,Wednesday,151,OUT OF CONTROL (OVERTAKING),2,312886,Not at intersection,2,60,Arterial Other,BEACH,BAYSIDE,-37.952778,145.00438,2019,2,February,19,Night,Weekday
T20190003785,2019-02-27,08:01:00,1,Collision with vehicle,3,Wednesday,132,RIGHT REAR.,1,50843,Cross intersection,3,100,Local Road,NARING,MOIRA,-36.069107,145.45047,2019,2,February,8,Morning Peak,Weekday
T20190003789,2019-02-27,10:01:00,2,Struck Pedestrian,3,Wednesday,102,FAR SIDE. PED HIT BY VEHICLE FROM THE LEFT,1,313703,Not at intersection,3,40,Local Road,FLINDERS,MELBOURNE,-37.81901,144.9584,2019,2,February,10,Midday,Weekday
T20190003795,2019-02-27,06:33:00,1,Collision with vehicle,3,Wednesday,110,CROSS TRAFFIC(INTERSECTIONS ONLY),2,227538,Cross intersection,2,80,Arterial Highway,PLENTY,BANYULE,-37.688423,145.06656,2019,2,February,6,Morning Peak,Weekday
T20190003844,2019-02-27,19:39:00,1,Collision with vehicle,3,Wednesday,152,PULLING OUT (OVERTAKING),1,43113,T intersection,2,50,Local Road,KIDDS,CASEY,-37.987244,145.23534,2019,2,February,19,Night,Weekday
T20190003929,2019-02-27,18:00:00,4,Collision with a fixed object,3,Wednesday,173,RIGHT OFF CARRIAGEWAY INTO OBJECT/PARKED VEHICLE,1,343371,Not at intersection,2,60,Local Road,COLLISON,CASEY,-38.10606,145.31465,2019,2,February,18,Afternoon Peak,Weekday
T20190003809,2019-02-27,12:20:00,1,Collision with vehicle,3,Wednesday,130,REAR END(VEHICLES IN SAME LANE),1,312407,T intersection,2,60,Arterial Highway,NEPEAN,MORNINGTON PENINSULA,-38.328876,144.98073,2019,2,February,12,Midday,Weekday
T20190003808,2019-02-27,07:35:00,1,Collision with vehicle,3,Wednesday,113,RIGHT NEAR (INTERSECTIONS ONLY),1,45629,Cross intersection,3,50,Local Road,DAWSON,MORELAND,-37.77146,144.96054,2019,2,February,7,Morning Peak,Weekday
T20190003807,2019-02-27,08:25:00,1,Collision with vehicle,3,Wednesday,113,RIGHT NEAR (INTERSECTIONS ONLY),1,342985,T intersection,2,100,Arterial Highway,BASS,BASS COAST,-38.382015,145.5527,2019,2,February,8,Morning Peak,Weekday
T20190003806,2019-02-27,12:00:00,1,Collision with vehicle,3,Wednesday,132,RIGHT REAR.,1,342861,T intersection,2,100,Arterial Other,MEENIYAN-PROMONTORY,SOUTH GIPPSLAND,-38.702682,146.08711,2019,2,February,12,Midday,Weekday
T20190003940,2019-02-27,06:36:00,2,Struck Pedestrian,3,Wednesday,100,PED NEAR SIDE. PED HIT BY VEHICLE FROM THE RIGHT.,2,39747,T intersection,2,80,Arterial Highway,MAROONDAH,MAROONDAH,-37.78669,145.27534,2019,2,February,6,Morning Peak,Weekday
T20190003941,2019-02-27,23:34:00,1,Collision with vehicle,3,Wednesday,113,RIGHT NEAR (INTERSECTIONS ONLY),5,283078,T intersection,2,100,Arterial Highway,STRZELECKI,LATROBE,-38.23733,146.35152,2019,2,February,23,Night,Weekday
T20190005449,2019-02-28,18:19:00,1,Collision with vehicle,4,Thursday,135,LANE CHANGE LEFT (NOT OVERTAKING),1,346239,Not at intersection,3,100,Freeway,PRINCES,WYNDHAM,-37.89275,144.70963,2019,2,February,18,Afternoon Peak,Weekday
T20190003889,2019-02-28,10:09:00,1,Collision with vehicle,4,Thursday,121,RIGHT THROUGH,1,15409,T intersection,2,80,Local Road,CHEETHAM,GEELONG,-38.164776,144.4252,2019,2,February,10,Midday,Weekday
T20190003906,2019-02-28,13:00:00,1,Collision with vehicle,4,Thursday,122,LEFT THROUGH,1,42826,T intersection,3,60,Arterial Highway,BELL,MORELAND,-37.74053,144.95854,2019,2,February,13,Midday,Weekday
T20190003919,2019-02-28,15:05:00,1,Collision with vehicle,4,Thursday,160,VEHICLE COLLIDES WITH VEHICLE PARKED ON LEFT OF ROAD,1,343996,Not at intersection,2,40,Local Road,HIGHFIELD,BOROONDARA,-37.84008,145.08391,2019,2,February,15,Afternoon Peak,Weekday
T20190004051,2019-02-28,09:28:00,1,Collision with vehicle,4,Thursday,113,RIGHT NEAR (INTERSECTIONS ONLY),1,343293,T intersection,2,50,Local Road,SALTWATER,WYNDHAM,-37.911907,144.77002,2019,2,February,9,Morning Peak,Weekday
T20190003920,2019-02-28,10:40:00,1,Collision with vehicle,4,Thursday,137,LEFT TURN SIDESWIPE,1,29529,Cross intersection,3,40,Arterial Highway,RACECOURSE,MELBOURNE,-37.78816,144.92947,2019,2,February,10,Midday,Weekday
T20190003923,2019-02-28,15:25:00,1,Collision with vehicle,4,Thursday,130,REAR END(VEHICLES IN SAME LANE),1,342780,Not at intersection,2,100,Freeway,PRINCES,CASEY,-38.03696,145.3294,2019,2,February,15,Afternoon Peak,Weekday
T20190003924,2019-02-28,16:12:00,1,Collision with vehicle,4,Thursday,160,VEHICLE COLLIDES WITH VEHICLE PARKED ON LEFT OF ROAD,1,359179,Not at intersection,2,60,Local Road,STUBBS,GEELONG,-38.12866,144.3506,2019,2,February,16,Afternoon Peak,Weekday
T20190003938,2019-02-28,16:50:00,6,Vehicle overturned (no collision),4,Thursday,170,OFF CARRIAGEWAY TO LEFT,1,342845,Not at intersection,3,60,Local Road,POUND SWAMP HILL,EAST GIPPSLAND,-37.81571,147.61696,2019,2,February,16,Afternoon Peak,Weekday
T20190003881,2019-02-28,08:00:00,1,Collision with vehicle,4,Thursday,120,HEAD ON (NOT OVERTAKING),1,343144,Not at intersection,3,60,Arterial Highway,MARONG,BENDIGO,-36.75733,144.25964,2019,2,February,8,Morning Peak,Weekday
T20190003891,2019-02-28,09:36:00,1,Collision with vehicle,4,Thursday,132,RIGHT REAR.,1,42472,T intersection,2,60,Arterial Other,HEATHERTON,DANDENONG,-37.961037,145.14104,2019,2,February,9,Morning Peak,Weekday
T20190003926,2019-02-28,18:44:00,2,Struck Pedestrian,4,Thursday,102,FAR SIDE. PED HIT BY VEHICLE FROM THE LEFT,1,343653,Cross intersection,3,50,Local Road,SIMPSON,MARIBYRNONG,-37.81718,144.89082,2019,2,February,18,Afternoon Peak,Weekday
T20190003879,2019-02-28,07:00:00,1,Collision with vehicle,4,Thursday,130,REAR END(VEHICLES IN SAME LANE),2,343500,Not at intersection,3,100,Freeway,WESTERN RING,BRIMBANK,-37.786022,144.78905,2019,2,February,7,Morning Peak,Weekday
T20190003878,2019-02-28,07:45:00,1,Collision with vehicle,4,Thursday,110,CROSS TRAFFIC(INTERSECTIONS ONLY),1,52930,Cross intersection,2,60,Arterial Other,DRUMMOND,BALLARAT,-37.569176,143.84592,2019,2,February,7,Morning Peak,Weekday
T20190003877,2019-02-28,07:45:00,1,Collision with vehicle,4,Thursday,160,VEHICLE COLLIDES WITH VEHICLE PARKED ON LEFT OF ROAD,1,360381,Not at intersection,2,80,Arterial Other,PORTARLINGTON,GEELONG,-38.174847,144.46284,2019,2,February,7,Morning Peak,Weekday
T20190003876,2019-02-28,08:00:00,4,Collision with a fixed object,4,Thursday,173,RIGHT OFF CARRIAGEWAY INTO OBJECT/PARKED VEHICLE,1,343472,Not at intersection,2,100,Arterial Other,BENALLA-YARRAWONGA,BENALLA,-36.47061,146.00291,2019,2,February,8,Morning Peak,Weekday
T20190003933,2019-02-28,18:00:00,1,Collision with vehicle,4,Thursday,111,RIGHT FAR (INTERSECTIONS ONLY),1,37816,Cross intersection,3,60,Arterial Other,NICHOLSON,MORELAND,-37.776253,144.97873,2019,2,February,18,Afternoon Peak,Weekday
T20190003873,2019-02-28,06:35:00,8,No collision and no object struck,4,Thursday,179,OTHER ACCIDENTS-OFF STRAIGHT NOT INCLUDED IN DCAs 170-175,2,343504,Not at intersection,3,50,Local Road,RONALD,SWAN HILL,-34.587,142.7782,2019,2,February,6,Morning Peak,Weekday
T20190003871,2019-02-28,05:07:00,1,Collision with vehicle,4,Thursday,121,RIGHT THROUGH,3,29915,Multiple intersection,2,60,Freeway,FOOTSCRAY-CITYLINK IN,MELBOURNE,-37.80954,144.93408,2019,2,February,5,Morning Peak,Weekday
T20190003867,2019-02-28,07:45:00,2,Struck Pedestrian,4,Thursday,100,PED NEAR SIDE. PED HIT BY VEHICLE FROM THE RIGHT.,1,41558,T intersection,2,60,Arterial Highway,WARRIGAL,MONASH,-37.89425,145.08797,2019,2,February,7,Morning Peak,Weekday
T20190003866,2019-02-28,05:24:00,4,Collision with a fixed object,4,Thursday,171,LEFT OFF CARRIAGEWAY INTO OBJECT/PARKED VEHICLE,3,579662,Not at intersection,2,100,Arterial Highway,MOOROODUC,MORNINGTON PENINSULA,-38.254875,145.07916,2019,2,February,5,Morning Peak,Weekday
T20190003888,2019-02-28,11:55:00,1,Collision with vehicle,4,Thursday,171,LEFT OFF CARRIAGEWAY INTO OBJECT/PARKED VEHICLE,1,342754,Not at intersection,3,40,Arterial Other,GLENFERRIE,BOROONDARA,-37.82372,145.03514,2019,2,February,11,Midday,Weekday
T20190003977,2019-02-28,15:20:00,1,Collision with vehicle,4,Thursday,116,LEFT NEAR (INTERSECTIONS ONLY),1,344809,T intersection,3,70,Arterial Other,TAYLORS,BRIMBANK,-37.72843,144.80345,2019,2,February,15,Afternoon Peak,Weekday
T20190003934,2019-02-28,14:45:00,1,Collision with vehicle,4,Thursday,113,RIGHT NEAR (INTERSECTIONS ONLY),1,41762,T intersection,2,80,Arterial Highway,WELLINGTON,MONASH,-37.91727,145.1471,2019,2,February,14,Midday,Weekday
T20190003863,2019-02-28,03:14:00,4,Collision with a fixed object,4,Thursday,173,RIGHT OFF CARRIAGEWAY INTO OBJECT/PARKED VEHICLE,3,44915,Cross intersection,3,70,Arterial Other,STATION,BRIMBANK,-37.752586,144.7777,2019,2,February,3,Late Night,Weekday
T20190003935,2019-02-28,16:15:00,2,Struck Pedestrian,4,Thursday,102,FAR SIDE. PED HIT BY VEHICLE FROM THE LEFT,1,221659,T intersection,2,70,Arterial Other,SYDNEY,MORELAND,-37.701042,144.9598,2019,2,February,16,Afternoon Peak,Weekday
T20190004080,2019-02-28,16:30:00,1,Collision with vehicle,4,Thursday,110,CROSS TRAFFIC(INTERSECTIONS ONLY),1,36046,Cross intersection,3,50,Local Road,RATHDOWNE,YARRA,-37.784657,144.97269,2019,2,February,16,Afternoon Peak,Weekday
T20190004162,2019-02-28,06:20:00,1,Collision with vehicle,4,Thursday,130,REAR END(VEHICLES IN SAME LANE),2,342909,Not at intersection,3,100,Freeway,EASTERN,BOROONDARA,-37.78787,145.10188,2019,2,February,6,Morning Peak,Weekday
T20190004165,2019-02-28,19:15:00,1,Collision with vehicle,4,Thursday,121,RIGHT THROUGH,2,342876,Not at intersection,3,80,Arterial Highway,SPRINGVALE,DANDENONG,-37.93459,145.1556,2019,2,February,19,Night,Weekday
T20190005810,2019-02-28,19:55:00,1,Collision with vehicle,4,Thursday,135,LANE CHANGE LEFT (NOT OVERTAKING),6,343981,Not at intersection,3,50,Local Road,ALBERT,MELBOURNE,-37.810913,144.988,2019,2,February,19,Night,Weekday
T20190003947,2019-02-28,23:20:00,1,Collision with vehicle,4,Thursday,121,RIGHT THROUGH,3,57579,T intersection,2,80,Arterial Highway,NEPEAN,BAYSIDE,-37.925507,145.02684,2019,2,February,23,Night,Weekday
T20190003937,2019-02-28,21:00:00,1,Collision with vehicle,4,Thursday,110,CROSS TRAFFIC(INTERSECTIONS ONLY),3,17543,Cross intersection,3,60,Arterial Highway,MURRAY VALLEY HIGHWAY -TELFORD,MOIRA,-36.015022,146.01329,2019,2,February,21,Night,Weekday
T20190003898,2019-02-28,08:20:00,2,Struck Pedestrian,4,Thursday,100,PED NEAR SIDE. PED HIT BY VEHICLE FROM THE RIGHT.,1,343096,T intersection,1,50,Local Road,MORINDA,MAROONDAH,-37.80969,145.25829,2019,2,February,8,Morning Peak,Weekday
T20220005705,2019-02-28,18:00:00,1,Collision with vehicle,4,Thursday,130,REAR END(VEHICLES IN SAME LANE),1,774225,Not at intersection,3,100,Freeway,PENINSULA LINK,FRANKSTON,-38.10209,145.15788,2019,2,February,18,Afternoon Peak,Weekday
T20190003939,2019-02-28,20:30:00,1,Collision with vehicle,4,Thursday,121,RIGHT THROUGH,3,342800,Not at intersection,3,60,Arterial Other,FYANS,GEELONG,-38.163918,144.36198,2019,2,February,20,Night,Weekday
T20190003886,2019-02-28,11:08:00,1,Collision with vehicle,4,Thursday,142,LEAVING PARKING,1,343182,Not at intersection,3,60,Arterial Highway,BELL,DAREBIN,-37.745132,145.00188,2019,2,February,11,Midday,Weekday
T20200006864,2019-02-28,10:25:00,1,Collision with vehicle,4,Thursday,130,REAR END(VEHICLES IN SAME LANE),1,644913,Not at intersection,3,100,Freeway,MONASH,MONASH,-37.90997,145.16205,2019,2,February,10,Midday,Weekday
T20190004152,2019-02-28,15:45:00,1,Collision with vehicle,4,Thursday,130,REAR END(VEHICLES IN SAME LANE),1,344725,Not at intersection,3,60,Arterial Other,CLAYTON,MONASH,-37.92285,145.12018,2019,2,February,15,Afternoon Peak,Weekday
T20190003961,2019-02-28,08:30:00,1,Collision with vehicle,4,Thursday,134,LANE CHANGE RIGHT (NOT OVERTAKING),1,342873,Not at intersection,2,100,Freeway,PENINSULA LINK,FRANKSTON,-38.10294,145.15839,2019,2,February,8,Morning Peak,Weekday
T20190003963,2019-02-28,12:00:00,1,Collision with vehicle,4,Thursday,113,RIGHT NEAR (INTERSECTIONS ONLY),1,741,T intersection,3,60,Arterial Other,MOUNT DANDENONG TOURIST,YARRA RANGES,-37.893326,145.32584,2019,2,February,12,Midday,Weekday
T20190003899,2019-02-28,08:40:00,1,Collision with vehicle,4,Thursday,121,RIGHT THROUGH,1,45534,T intersection,2,60,Arterial Other,BRUNSWICK,MORELAND,-37.774834,144.94165,2019,2,February,8,Morning Peak,Weekday
T20190003958,2019-02-28,22:00:00,6,Vehicle overturned (no collision),4,Thursday,184,OUT OF CONTROL ON CARRIAGEWAY (ON BEND),5,344260,Not at intersection,2,60,Local Road,MURRAY,BENALLA,-36.52969,146.00244,2019,2,February,22,Night,Weekday
T20190003902,2019-02-28,12:40:00,1,Collision with vehicle,4,Thursday,135,LANE CHANGE LEFT (NOT OVERTAKING),1,37209,T intersection,2,40,Arterial Other,CHURCH,YARRA,-37.824383,144.99817,2019,2,February,12,Midday,Weekday
T20190003999,2019-02-28,21:50:00,2,Struck Pedestrian,4,Thursday,102,FAR SIDE. PED HIT BY VEHICLE FROM THE LEFT,3,342801,Not at intersection,3,50,Arterial Other,ROYAL PARADE SERVICE,MELBOURNE,-37.78773,144.95927,2019,2,February,21,Night,Weekday
T20190004221,2019-02-28,08:10:00,1,Collision with vehicle,4,Thursday,130,REAR END(VEHICLES IN SAME LANE),1,41824,T intersection,3,70,Arterial Other,HIGH STREET,MONASH,-37.87563,145.179,2019,2,February,8,Morning Peak,Weekday
T20190004532,2019-02-28,08:05:00,1,Collision with vehicle,4,Thursday,143,ENTERING PARKING,1,344187,Not at intersection,3,60,Arterial Other,ST KILDA ROAD SERVICE,PORT PHILLIP,-37.8473,144.97935,2019,2,February,8,Morning Peak,Weekday
T20190003968,2019-02-28,13:15:00,7,Fall from or in moving vehicle,4,Thursday,179,OTHER ACCIDENTS-OFF STRAIGHT NOT INCLUDED IN DCAs 170-175,1,259134,T intersection,2,60,Local Road,MYERS CREEK,YARRA RANGES,-37.633163,145.5231,2019,2,February,13,Midday,Weekday
T20220019338,2019-03-01,11:00:00,1,Collision with vehicle,5,Friday,121,RIGHT THROUGH,9,40412,T intersection,3,60,Arterial Other,KEILOR,MOONEE VALLEY,-37.735325,144.8873,2019,3,March,11,Midday,Weekday
T20190003948,2019-03-01,05:34:00,2,Struck Pedestrian,5,Friday,100,PED NEAR SIDE. PED HIT BY VEHICLE FROM THE RIGHT.,3,343042,T intersection,2,50,Local Road,BARNETT,DANDENONG,-37.96174,145.18063,2019,3,March,5,Morning Peak,Weekday
T20190003990,2019-03-01,10:25:00,1,Collision with vehicle,5,Friday,110,CROSS TRAFFIC(INTERSECTIONS ONLY),1,16795,Cross intersection,3,80,Arterial Highway,MORTLAKE,WARRNAMBOOL,-38.35686,142.50156,2019,3,March,10,Midday,Weekday
T20190004118,2019-03-01,13:15:00,1,Collision with vehicle,5,Friday,111,RIGHT FAR (INTERSECTIONS ONLY),1,705,Cross intersection,3,60,Arterial Other,WAVERLEY,MONASH,-37.880665,145.093,2019,3,March,13,Midday,Weekday
T20190003975,2019-03-01,10:10:00,7,Fall from or in moving vehicle,5,Friday,179,OTHER ACCIDENTS-OFF STRAIGHT NOT INCLUDED IN DCAs 170-175,1,342883,Not at intersection,2,100,Arterial Other,MT VICTORY,NORTHERN GRAMPIANS,-37.154263,142.48582,2019,3,March,10,Midday,Weekday
T20190004125,2019-03-01,16:50:00,1,Collision with vehicle,5,Friday,111,RIGHT FAR (INTERSECTIONS ONLY),1,242053,Cross intersection,3,60,Arterial Other,MT ALEXANDER,MOONEE VALLEY,-37.750313,144.91447,2019,3,March,16,Afternoon Peak,Weekday
T20190003973,2019-03-01,12:40:00,2,Struck Pedestrian,5,Friday,100,PED NEAR SIDE. PED HIT BY VEHICLE FROM THE RIGHT.,1,342978,Not at intersection,2,40,Local Road,WILLIAMSON,BENDIGO,-36.760597,144.28246,2019,3,March,12,Midday,Weekday
T20190003992,2019-03-01,15:03:00,1,Collision with vehicle,5,Friday,116,LEFT NEAR (INTERSECTIONS ONLY),1,60432,Cross intersection,2,70,Arterial Other,MAIN,MACEDON RANGES,-37.34528,144.74236,2019,3,March,15,Afternoon Peak,Weekday
T20190003979,2019-03-01,11:40:00,1,Collision with vehicle,5,Friday,110,CROSS TRAFFIC(INTERSECTIONS ONLY),1,342802,Cross intersection,2,100,Arterial Other,HYLAND,WELLINGTON,-38.381207,146.75897,2019,3,March,11,Midday,Weekday
T20190004648,2019-03-01,08:50:00,1,Collision with vehicle,5,Friday,137,LEFT TURN SIDESWIPE,1,224040,T intersection,3,60,Arterial Other,COVENTRY,MELBOURNE,-37.82871,144.97112,2019,3,March,8,Morning Peak,Weekday
T20190004128,2019-03-01,13:56:00,4,Collision with a fixed object,5,Friday,171,LEFT OFF CARRIAGEWAY INTO OBJECT/PARKED VEHICLE,1,342882,Not at intersection,3,50,Local Road,HILLSIDE,CARDINIA,-37.94769,145.4976,2019,3,March,13,Midday,Weekday
T20190003971,2019-03-01,07:50:00,1,Collision with vehicle,5,Friday,130,REAR END(VEHICLES IN SAME LANE),1,278616,T intersection,3,80,Freeway,FRANKSTON-DANDENONG,FRANKSTON,-38.10925,145.1612,2019,3,March,7,Morning Peak,Weekday
T20190004057,2019-03-01,23:40:00,6,Vehicle overturned (no collision),5,Friday,180,OFF CARRIAGEWAY ON RIGHT BEND,5,344858,Not at intersection,2,80,Arterial Other,BUFFALO RIVER,ALPINE,-36.575237,146.70987,2019,3,March,23,Night,Weekday
T20190003983,2019-03-01,12:25:00,1,Collision with vehicle,5,Friday,134,LANE CHANGE RIGHT (NOT OVERTAKING),1,342896,Not at intersection,2,60,Local Road,MILLER,WHITTLESEA,-37.64918,145.01968,2019,3,March,12,Midday,Weekday