ACCIDENT_NO,ACCIDENT_DATE,ACCIDENT_TIME,ACCIDENT_TYPE,ACCIDENT_TYPE_DESC,DAY_OF_WEEK,DAY_WEEK_DESC,DCA_CODE,DCA_DESC,LIGHT_CONDITION,NODE_ID,ROAD_GEOMETRY_DESC,SEVERITY,SPEED_ZONE,RMA,ROAD_NAME,LGA_NAME,LATITUDE,LONGITUDE,YEAR,MONTH,MONTH_NAME,HOUR,TIME_PERIOD,DAY_TYPE
T20190003969,2019-03-01,10:55:00,1,Collision with vehicle,5,Friday,111,RIGHT FAR (INTERSECTIONS ONLY),1,50919,T intersection,2,60,Local Road,GORDON,WODONGA,-36.137646,146.88243,2019,3,March,10,Midday,Weekday
T20190003967,2019-03-01,10:40:00,1,Collision with vehicle,5,Friday,110,CROSS TRAFFIC(INTERSECTIONS ONLY),1,41670,Cross intersection,2,70,Arterial Highway,NORTH,MONASH,-37.912212,145.1096,2019,3,March,10,Midday,Weekday
T20190003957,2019-03-01,07:20:00,1,Collision with vehicle,5,Friday,110,CROSS TRAFFIC(INTERSECTIONS ONLY),1,42840,Cross intersection,2,60,Arterial Other,WHITE,KINGSTON,-37.999233,145.09152,2019,3,March,7,Morning Peak,Weekday
T20190022573,2019-03-01,07:30:00,6,Vehicle overturned (no collision),5,Friday,174,OUT OF CONTROL ON CARRIAGEWAY (ON STRAIGHT),1,620726,Not at intersection,3,60,Local Road,PARK,LATROBE,-38.18694,146.55211,2019,3,March,7,Morning Peak,Weekday
T20190004030,2019-03-01,13:21:00,1,Collision with vehicle,5,Friday,121,RIGHT THROUGH,1,41573,Cross intersection,3,60,Arterial Highway,NORTH,MONASH,-37.9101,145.09023,2019,3,March,13,Midday,Weekday
T20190003976,2019-03-01,12:18:00,1,Collision with vehicle,5,Friday,147,VEHICLE STRIKES ANOTHER VEH WHILE EMERGING FROM DRIVEWAY,1,343088,Not at intersection,3,50,Local Road,MARRIOTT,MONASH,-37.883583,145.16136,2019,3,March,12,Midday,Weekday
T20190003996,2019-03-01,16:10:00,1,Collision with vehicle,5,Friday,113,RIGHT NEAR (INTERSECTIONS ONLY),1,29797,T intersection,3,70,Arterial Other,PLENTY,DAREBIN,-37.72898,145.01758,2019,3,March,16,Afternoon Peak,Weekday
T20190003943,2019-03-01,00:38:00,1,Collision with vehicle,5,Friday,111,RIGHT FAR (INTERSECTIONS ONLY),3,40762,Cross intersection,2,80,Arterial Highway,BURWOOD,WHITEHORSE,-37.852745,145.15192,2019,3,March,0,Late Night,Weekday
T20190004018,2019-03-01,17:50:00,6,Vehicle overturned (no collision),5,Friday,184,OUT OF CONTROL ON CARRIAGEWAY (ON BEND),1,343044,Not at intersection,3,80,Arterial Other,HEALESVILLE-YARRA GLEN,YARRA RANGES,-37.659435,145.4629,2019,3,March,17,Afternoon Peak,Weekday
T20190007365,2019-03-01,18:45:00,1,Collision with vehicle,5,Friday,152,PULLING OUT (OVERTAKING),1,54201,T intersection,3,50,Local Road,ARMADALE,DANDENONG,-37.980473,145.17538,2019,3,March,18,Afternoon Peak,Weekday
T20190004016,2019-03-01,23:55:00,1,Collision with vehicle,5,Friday,110,CROSS TRAFFIC(INTERSECTIONS ONLY),3,44232,Cross intersection,2,50,Local Road,DAVISSON,WHITTLESEA,-37.648956,145.02998,2019,3,March,23,Night,Weekday
T20190004014,2019-03-01,18:33:00,4,Collision with a fixed object,5,Friday,171,LEFT OFF CARRIAGEWAY INTO OBJECT/PARKED VEHICLE,1,342834,Not at intersection,3,60,Arterial Other,CRAIGIEBURN,HUME,-37.59837,144.93576,2019,3,March,18,Afternoon Peak,Weekday
T20190003956,2019-03-01,07:55:00,1,Collision with vehicle,5,Friday,110,CROSS TRAFFIC(INTERSECTIONS ONLY),1,37760,Cross intersection,2,50,Local Road,WALLACE,STONNINGTON,-37.838005,145.00772,2019,3,March,7,Morning Peak,Weekday
T20190003944,2019-03-01,00:55:00,2,Struck Pedestrian,5,Friday,102,FAR SIDE. PED HIT BY VEHICLE FROM THE LEFT,3,346182,Cross intersection,1,60,Arterial Other,PASCOE VALE,MORELAND,-37.70635,144.91615,2019,3,March,0,Late Night,Weekday
T20190003945,2019-03-01,01:10:00,2,Struck Pedestrian,5,Friday,100,PED NEAR SIDE. PED HIT BY VEHICLE FROM THE RIGHT.,3,344958,Not at intersection,3,40,Local Road,PORTMAN,MONASH,-37.899654,145.08798,2019,3,March,1,Late Night,Weekday
T20190004012,2019-03-01,20:41:00,1,Collision with vehicle,5,Friday,113,RIGHT NEAR (INTERSECTIONS ONLY),3,344131,T intersection,3,50,Local Road,STREETON,SHEPPARTON,-36.39792,145.41943,2019,3,March,20,Night,Weekday
T20190003954,2019-03-01,07:50:00,1,Collision with vehicle,5,Friday,116,LEFT NEAR (INTERSECTIONS ONLY),1,63923,Cross intersection,3,50,Local Road,CHRISTMAS,DAREBIN,-37.767216,145.01779,2019,3,March,7,Morning Peak,Weekday
T20190004006,2019-03-01,15:00:00,1,Collision with vehicle,5,Friday,130,REAR END(VEHICLES IN SAME LANE),1,342889,Not at intersection,3,60,Local Road,KAREN,KINGSTON,-37.95762,145.0534,2019,3,March,15,Afternoon Peak,Weekday
T20190003953,2019-03-01,01:10:00,6,Vehicle overturned (no collision),5,Friday,182,OFF CARRIAGEWAY ON LEFT BEND,3,342772,Not at intersection,1,80,Arterial Other,COOPER,WHITTLESEA,-37.646896,144.97748,2019,3,March,1,Late Night,Weekday
T20190004004,2019-03-01,18:25:00,1,Collision with vehicle,5,Friday,121,RIGHT THROUGH,1,38694,T intersection,3,70,Arterial Other,CHILDS,WHITTLESEA,-37.669994,145.0665,2019,3,March,18,Afternoon Peak,Weekday
T20190004001,2019-03-01,17:22:00,2,Struck Pedestrian,5,Friday,102,FAR SIDE. PED HIT BY VEHICLE FROM THE LEFT,9,44511,Cross intersection,2,40,Arterial Other,MURRAY,DAREBIN,-37.741005,145.03085,2019,3,March,17,Afternoon Peak,Weekday
T20190004000,2019-03-01,16:15:00,1,Collision with vehicle,5,Friday,110,CROSS TRAFFIC(INTERSECTIONS ONLY),1,20901,Cross intersection,3,80,Arterial Other,OLD SALE,BAW BAW,-38.089615,145.83171,2019,3,March,16,Afternoon Peak,Weekday
T20190004148,2019-03-01,22:30:00,6,Vehicle overturned (no collision),5,Friday,170,OFF CARRIAGEWAY TO LEFT,5,343366,Not at intersection,2,50,Local Road,RAILWAY,CARDINIA,-38.098442,145.71642,2019,3,March,22,Night,Weekday
T20190003984,2019-03-01,09:10:00,1,Collision with vehicle,5,Friday,113,RIGHT NEAR (INTERSECTIONS ONLY),1,342985,T intersection,2,100,Arterial Highway,BASS,BASS COAST,-38.382015,145.5527,2019,3,March,9,Morning Peak,Weekday
T20190006437,2019-03-01,19:50:00,7,Fall from or in moving vehicle,5,Friday,179,OTHER ACCIDENTS-OFF STRAIGHT NOT INCLUDED IN DCAs 170-175,1,344125,Not at intersection,2,40,Local Road,SMITH,BASS COAST,-38.39736,145.53644,2019,3,March,19,Night,Weekday
T20190003982,2019-03-01,09:40:00,1,Collision with vehicle,5,Friday,113,RIGHT NEAR (INTERSECTIONS ONLY),1,35439,T intersection,2,80,Arterial Highway,GEELONG,MARIBYRNONG,-37.808353,144.87456,2019,3,March,9,Morning Peak,Weekday
T20190003985,2019-03-01,13:10:00,1,Collision with vehicle,5,Friday,113,RIGHT NEAR (INTERSECTIONS ONLY),1,37356,T intersection,2,60,Arterial Other,BRIDGE,YARRA,-37.82022,145.01448,2019,3,March,13,Midday,Weekday
T20190004262,2019-03-01,21:25:00,7,Fall from or in moving vehicle,5,Friday,179,OTHER ACCIDENTS-OFF STRAIGHT NOT INCLUDED IN DCAs 170-175,6,342984,Not at intersection,3,60,Arterial Highway,GLENELG,GOLDEN PLAINS,-37.66889,143.65417,2019,3,March,21,Night,Weekday
T20190004033,2019-03-02,10:05:00,1,Collision with vehicle,6,Saturday,130,REAR END(VEHICLES IN SAME LANE),1,342805,Not at intersection,3,50,Arterial Other,MURPHY,WANGARATTA,-36.355843,146.326,2019,3,March,10,Midday,Weekend
T20190004034,2019-03-02,04:00:00,6,Vehicle overturned (no collision),6,Saturday,182,OFF CARRIAGEWAY ON LEFT BEND,5,346446,Not at intersection,3,60,Local Road,CAMPBELL,INDIGO,-36.047318,146.47293,2019,3,March,4,Late Night,Weekend
T20190004038,2019-03-02,06:45:00,1,Collision with vehicle,6,Saturday,171,LEFT OFF CARRIAGEWAY INTO OBJECT/PARKED VEHICLE,3,359178,Not at intersection,3,60,Arterial Other,WILLIAMS,STONNINGTON,-37.849648,145.00294,2019,3,March,6,Morning Peak,Weekend
T20190004160,2019-03-02,12:00:00,1,Collision with vehicle,6,Saturday,113,RIGHT NEAR (INTERSECTIONS ONLY),1,65799,Cross intersection,3,50,Local Road,LA TROBE,MELBOURNE,-37.811756,144.95645,2019,3,March,12,Midday,Weekend
T20190004041,2019-03-02,09:15:00,1,Collision with vehicle,6,Saturday,189,OTHER ACCIDENTS ON CURVE NOT INCLUDED IN DCAs 180-184,1,342808,Not at intersection,3,100,Local Road,HEATHFIELD-LINDSAY,GLENELG,-37.614754,141.03336,2019,3,March,9,Morning Peak,Weekend
T20190004055,2019-03-02,12:52:00,1,Collision with vehicle,6,Saturday,130,REAR END(VEHICLES IN SAME LANE),1,342934,Not at intersection,2,80,Arterial Highway,NEPEAN,KINGSTON,-37.94994,145.04659,2019,3,March,12,Midday,Weekend
T20190004048,2019-03-02,12:45:00,1,Collision with vehicle,6,Saturday,121,RIGHT THROUGH,1,57284,Cross intersection,3,50,Arterial Other,RYLEY,WANGARATTA,-36.358055,146.321,2019,3,March,12,Midday,Weekend
T20190004043,2019-03-02,12:15:00,1,Collision with vehicle,6,Saturday,135,LANE CHANGE LEFT (NOT OVERTAKING),1,35778,Cross intersection,2,70,Arterial Highway,NORTH SHORE ROAD -THE BOULEVARD,GEELONG,-38.09886,144.35536,2019,3,March,12,Midday,Weekend
T20190004074,2019-03-02,17:50:00,4,Collision with a fixed object,6,Saturday,171,LEFT OFF CARRIAGEWAY INTO OBJECT/PARKED VEHICLE,1,347969,T intersection,2,60,Local Road,MOSSFIEL,WYNDHAM,-37.8787,144.69527,2019,3,March,17,Afternoon Peak,Weekend
T20190004037,2019-03-02,06:25:00,1,Collision with vehicle,6,Saturday,160,VEHICLE COLLIDES WITH VEHICLE PARKED ON LEFT OF ROAD,2,344901,Not at intersection,3,70,Arterial Highway,DANDENONG,PORT PHILLIP,-37.859844,145.0064,2019,3,March,6,Morning Peak,Weekend
T20190004070,2019-03-02,16:50:00,6,Vehicle overturned (no collision),6,Saturday,174,OUT OF CONTROL ON CARRIAGEWAY (ON STRAIGHT),1,342859,Not at intersection,2,50,Local Road,COUNTRY CLUB,MORNINGTON PENINSULA,-38.32564,144.99298,2019,3,March,16,Afternoon Peak,Weekend
T20190004098,2019-03-02,11:00:00,1,Collision with vehicle,6,Saturday,130,REAR END(VEHICLES IN SAME LANE),1,342843,T intersection,3,50,Local Road,SOUTH GIPPSLAND,CASEY,-38.075756,145.27274,2019,3,March,11,Midday,Weekend
T20190004075,2019-03-02,19:30:00,1,Collision with vehicle,6,Saturday,130,REAR END(VEHICLES IN SAME LANE),2,360199,T intersection,2,70,Local Road,SNEYDES,WYNDHAM,-37.897938,144.73328,2019,3,March,19,Night,Weekend
T20190004081,2019-03-02,21:00:00,6,Vehicle overturned (no collision),6,Saturday,179,OTHER ACCIDENTS-OFF STRAIGHT NOT INCLUDED IN DCAs 170-175,6,343223,Not at intersection,2,60,Arterial Other,COOPER,WHITTLESEA,-37.65098,145.01418,2019,3,March,21,Night,Weekend
T20190004084,2019-03-02,22:53:00,1,Collision with vehicle,6,Saturday,130,REAR END(VEHICLES IN SAME LANE),3,344855,T intersection,3,60,Local Road,DEVONSHIRE,BRIMBANK,-37.786133,144.843,2019,3,March,22,Night,Weekend
T20190004429,2019-03-02,07:05:00,4,Collision with a fixed object,6,Saturday,183,OFF LEFT BEND INTO OBJECT/PARKED VEHICLE,1,343050,Not at intersection,2,100,Arterial Other,MARYSVILLE-WOODS POINT,MURRINDINDI,-37.51441,145.76874,2019,3,March,7,Morning Peak,Weekend
T20190004387,2019-03-02,19:50:00,1,Collision with vehicle,6,Saturday,130,REAR END(VEHICLES IN SAME LANE),1,71226,T intersection,3,60,Arterial Highway,NEPEAN,KINGSTON,-38.067123,145.1201,2019,3,March,19,Night,Weekend
T20190004091,2019-03-02,10:00:00,1,Collision with vehicle,6,Saturday,134,LANE CHANGE RIGHT (NOT OVERTAKING),1,29829,T intersection,3,100,Arterial Highway,SOUTH GIPPSLAND,CARDINIA,-38.21166,145.46841,2019,3,March,10,Midday,Weekend
T20190004040,2019-03-02,08:40:00,2,Struck Pedestrian,6,Saturday,102,FAR SIDE. PED HIT BY VEHICLE FROM THE LEFT,1,39286,T intersection,2,60,Arterial Other,ELGAR,WHITEHORSE,-37.79989,145.11812,2019,3,March,8,Morning Peak,Weekend
T20190004039,2019-03-02,12:05:00,1,Collision with vehicle,6,Saturday,113,RIGHT NEAR (INTERSECTIONS ONLY),1,44620,T intersection,3,50,Local Road,CHERRY,DAREBIN,-37.724197,145.06148,2019,3,March,12,Midday,Weekend
T20190004062,2019-03-02,16:30:00,6,Vehicle overturned (no collision),6,Saturday,174,OUT OF CONTROL ON CARRIAGEWAY (ON STRAIGHT),1,343754,Not at intersection,3,50,Local Road,FIFTH,MORNINGTON PENINSULA,-38.360123,144.89986,2019,3,March,16,Afternoon Peak,Weekend
T20190004069,2019-03-02,18:05:00,1,Collision with vehicle,6,Saturday,113,RIGHT NEAR (INTERSECTIONS ONLY),1,514,Cross intersection,2,60,Arterial Highway,MAROONDAH,MAROONDAH,-37.814587,145.23103,2019,3,March,18,Afternoon Peak,Weekend
T20190004067,2019-03-02,16:30:00,4,Collision with a fixed object,6,Saturday,173,RIGHT OFF CARRIAGEWAY INTO OBJECT/PARKED VEHICLE,1,343588,Not at intersection,3,100,Arterial Other,CAPE OTWAY,SURF COAST,-38.23212,144.20586,2019,3,March,16,Afternoon Peak,Weekend
T20190021897,2019-03-02,18:00:00,1,Collision with vehicle,6,Saturday,131,LEFT REAR,1,600782,Not at intersection,3,100,Arterial Highway,STRZELECKI,SOUTH GIPPSLAND,-38.41469,146.04454,2019,3,March,18,Afternoon Peak,Weekend
T20190004025,2019-03-02,02:30:00,1,Collision with vehicle,6,Saturday,120,HEAD ON (NOT OVERTAKING),3,343229,Not at intersection,3,60,Arterial Highway,ROSANNA,BANYULE,-37.75046,145.07074,2019,3,March,2,Late Night,Weekend
T20190004029,2019-03-02,04:35:00,1,Collision with vehicle,6,Saturday,119,OTHER ADJACENT (INTERSECTIONS ONLY),3,344400,T intersection,3,50,Local Road,ESTHER,YARRA RANGES,-37.781048,145.30774,2019,3,March,4,Late Night,Weekend
T20190004088,2019-03-02,23:33:00,7,Fall from or in moving vehicle,6,Saturday,190,FELL IN/FROM VEHICLE,3,59791,T intersection,2,60,Arterial Other,ADAM STREET -GLADSTONE,BENDIGO,-36.77265,144.2746,2019,3,March,23,Night,Weekend
T20190004031,2019-03-02,07:55:00,4,Collision with a fixed object,6,Saturday,183,OFF LEFT BEND INTO OBJECT/PARKED VEHICLE,1,586428,Not at intersection,2,100,Arterial Highway,PRINCES,EAST GIPPSLAND,-37.919827,147.28436,2019,3,March,7,Morning Peak,Weekend
T20190004138,2019-03-03,21:32:00,2,Struck Pedestrian,7,Sunday,102,FAR SIDE. PED HIT BY VEHICLE FROM THE LEFT,3,344153,T intersection,2,60,Local Road,OAKWOOD,BRIMBANK,-37.74408,144.77034,2019,3,March,21,Night,Weekend
T20190004102,2019-03-03,10:20:00,2,Struck Pedestrian,7,Sunday,107,PED ON FOOTHPATH STRUCK BY VEHENTERING/LEAVING DRIVEWAY.,1,343388,Not at intersection,2,60,Local Road,DAVIES,MORELAND,-37.756668,144.96552,2019,3,March,10,Midday,Weekend
T20190004106,2019-03-03,09:48:00,1,Collision with vehicle,7,Sunday,110,CROSS TRAFFIC(INTERSECTIONS ONLY),1,52708,Cross intersection,2,60,Arterial Highway,MIDLAND,HEPBURN,-37.339172,144.13377,2019,3,March,9,Morning Peak,Weekend
T20190004103,2019-03-03,00:30:00,6,Vehicle overturned (no collision),7,Sunday,174,OUT OF CONTROL ON CARRIAGEWAY (ON STRAIGHT),5,344961,Not at intersection,2,100,Arterial Other,HEATHCOTE-NAGAMBIE,STRATHBOGIE,-36.791466,145.08417,2019,3,March,0,Late Night,Weekend
T20190004100,2019-03-03,10:16:00,4,Collision with a fixed object,7,Sunday,173,RIGHT OFF CARRIAGEWAY INTO OBJECT/PARKED VEHICLE,1,343964,Not at intersection,2,60,Arterial Highway,DOCKLANDS,MELBOURNE,-37.815628,144.94885,2019,3,March,10,Midday,Weekend
T20190004099,2019-03-03,11:14:00,4,Collision with a fixed object,7,Sunday,171,LEFT OFF CARRIAGEWAY INTO OBJECT/PARKED VEHICLE,1,343502,Not at intersection,2,50,Local Road,ALKOOMI,GEELONG,-38.122528,144.32393,2019,3,March,11,Midday,Weekend
T20190004139,2019-03-03,21:55:00,1,Collision with vehicle,7,Sunday,142,LEAVING PARKING,5,342886,Not at intersection,3,60,Local Road,QUEENSBERRY,MELBOURNE,-37.8052,144.96889,2019,3,March,21,Night,Weekend
T20190004127,2019-03-03,17:35:00,1,Collision with vehicle,7,Sunday,119,OTHER ADJACENT (INTERSECTIONS ONLY),1,73859,T intersection,2,50,Local Road,BALLATER,GLENELG,-38.359314,141.6,2019,3,March,17,Afternoon Peak,Weekend
T20190004137,2019-03-03,22:00:00,1,Collision with vehicle,7,Sunday,120,HEAD ON (NOT OVERTAKING),5,346175,Not at intersection,2,100,Arterial Other,TRENTHAM FALLS,HEPBURN,-37.37282,144.33142,2019,3,March,22,Night,Weekend
T20190004134,2019-03-03,22:40:00,4,Collision with a fixed object,7,Sunday,173,RIGHT OFF CARRIAGEWAY INTO OBJECT/PARKED VEHICLE,3,343634,Not at intersection,2,60,Arterial Other,HEIDELBERG,DAREBIN,-37.784203,145.01218,2019,3,March,22,Night,Weekend
T20190004122,2019-03-03,13:20:00,1,Collision with vehicle,7,Sunday,147,VEHICLE STRIKES ANOTHER VEH WHILE EMERGING FROM DRIVEWAY,1,581094,Not at intersection,2,50,Local Road,SOMERVILLE,CASEY,-38.03085,145.25735,2019,3,March,13,Midday,Weekend
T20190004112,2019-03-03,00:01:00,7,Fall from or in moving vehicle,7,Sunday,190,FELL IN/FROM VEHICLE,5,342922,Not at intersection,3,80,Local Road,KING PARROT CREEK,MURRINDINDI,-37.16044,145.26273,2019,3,March,0,Late Night,Weekend
T20190004383,2019-03-03,13:40:00,1,Collision with vehicle,7,Sunday,132,RIGHT REAR.,1,343034,Not at intersection,3,60,Arterial Other,ESPLANADE,MORNINGTON PENINSULA,-38.22674,145.02881,2019,3,March,13,Midday,Weekend
T20190004133,2019-03-03,21:15:00,1,Collision with vehicle,7,Sunday,110,CROSS TRAFFIC(INTERSECTIONS ONLY),6,44582,Cross intersection,2,60,Arterial Other,LA TROBE,BALLARAT,-37.57231,143.83284,2019,3,March,21,Night,Weekend
T20190004354,2019-03-03,05:30:00,4,Collision with a fixed object,7,Sunday,173,RIGHT OFF CARRIAGEWAY INTO OBJECT/PARKED VEHICLE,1,343048,Not at intersection,2,100,Arterial Other,BUXTON-MARYSVILLE,MURRINDINDI,-37.479744,145.7515,2019,3,March,5,Morning Peak,Weekend
T20190004130,2019-03-03,20:07:00,1,Collision with vehicle,7,Sunday,130,REAR END(VEHICLES IN SAME LANE),3,344180,Not at intersection,3,60,Arterial Other,HULL,MAROONDAH,-37.79685,145.29227,2019,3,March,20,Night,Weekend
T20190004114,2019-03-03,11:40:00,5,collision with some other object,7,Sunday,166,STRUCK OBJECT ON CARRIAGEWAY,1,342914,Not at intersection,2,100,Local Road,BUGGERY,ALPINE,-36.796772,146.69762,2019,3,March,11,Midday,Weekend
T20190004126,2019-03-03,18:10:00,1,Collision with vehicle,7,Sunday,134,LANE CHANGE RIGHT (NOT OVERTAKING),1,344421,Cross intersection,3,40,Local Road,LONSDALE,MELBOURNE,-37.812267,144.96231,2019,3,March,18,Afternoon Peak,Weekend
T20190004097,2019-03-03,09:40:00,1,Collision with vehicle,7,Sunday,121,RIGHT THROUGH,1,278227,T intersection,3,60,Arterial Other,MURRAY,DAREBIN,-37.74097,145.0324,2019,3,March,9,Morning Peak,Weekend
T20190004119,2019-03-03,16:00:00,8,No collision and no object struck,7,Sunday,172,OFF CARRIAGEWAY TO RIGHT,1,29822,T intersection,3,60,Arterial Other,HAMPSTEAD ROAD -MITCHELL,MARIBYRNONG,-37.781754,144.87039,2019,3,March,16,Afternoon Peak,Weekend
T20190004090,2019-03-03,03:00:00,1,Collision with vehicle,7,Sunday,129,OTHER OPPOSING MANOEUVRES NOT INCLUDED IN DCAs 120-125.,3,343035,Not at intersection,3,50,Local Road,VIEW,MORELAND,-37.695698,144.9243,2019,3,March,3,Late Night,Weekend
T20190004096,2019-03-03,10:25:00,1,Collision with vehicle,7,Sunday,130,REAR END(VEHICLES IN SAME LANE),1,342867,Not at intersection,3,70,Arterial Other,HOPKINS,MELTON,-37.74968,144.7024,2019,3,March,10,Midday,Weekend
T20190004120,2019-03-03,13:50:00,1,Collision with vehicle,7,Sunday,121,RIGHT THROUGH,1,344032,Not at intersection,3,80,Arterial Other,PASCOE VALE,HUME,-37.6766,144.9226,2019,3,March,13,Midday,Weekend
T20190004252,2019-03-03,12:45:00,1,Collision with vehicle,7,Sunday,132,RIGHT REAR.,1,37263,Cross intersection,3,40,Arterial Other,BRIDGE,YARRA,-37.81904,145.00378,2019,3,March,12,Midday,Weekend
T20190004124,2019-03-03,17:39:00,1,Collision with vehicle,7,Sunday,140,U TURN,1,343051,T intersection,3,60,Arterial Other,HOTHAM,PORT PHILLIP,-37.86561,145.00018,2019,3,March,17,Afternoon Peak,Weekend
T20190004111,2019-03-03,13:25:00,1,Collision with vehicle,7,Sunday,130,REAR END(VEHICLES IN SAME LANE),1,343300,Not at intersection,2,100,Freeway,EASTERN,WHITEHORSE,-37.797634,145.13525,2019,3,March,13,Midday,Weekend
T20190004187,2019-03-04,14:28:00,4,Collision with a fixed object,1,Monday,171,LEFT OFF CARRIAGEWAY INTO OBJECT/PARKED VEHICLE,1,343145,T intersection,3,100,Freeway,EASTLINK,DANDENONG,-37.997677,145.1919,2019,3,March,14,Midday,Weekday
T20190004166,2019-03-04,11:28:00,2,Struck Pedestrian,1,Monday,106,VEH STRIKES PED ON FOOTPATH/MEDIAN/TRAFFIC ISLAND.,1,343222,Not at intersection,2,40,Arterial Other,ST ALBANS,BRIMBANK,-37.744892,144.80043,2019,3,March,11,Midday,Weekday
T20190004179,2019-03-04,06:30:00,1,Collision with vehicle,1,Monday,110,CROSS TRAFFIC(INTERSECTIONS ONLY),2,51165,Cross intersection,2,100,Local Road,DHURRINGILE,SHEPPARTON,-36.48421,145.24103,2019,3,March,6,Morning Peak,Weekday
T20190004184,2019-03-04,11:57:00,1,Collision with vehicle,1,Monday,113,RIGHT NEAR (INTERSECTIONS ONLY),1,36824,Cross intersection,3,60,Arterial Other,MONTAGUE,PORT PHILLIP,-37.829575,144.94902,2019,3,March,11,Midday,Weekday
T20190004183,2019-03-04,09:20:00,1,Collision with vehicle,1,Monday,130,REAR END(VEHICLES IN SAME LANE),1,343347,Not at intersection,2,70,Arterial Other,BALLARAT,BRIMBANK,-37.77666,144.82597,2019,3,March,9,Morning Peak,Weekday
T20190004241,2019-03-04,15:30:00,1,Collision with vehicle,1,Monday,111,RIGHT FAR (INTERSECTIONS ONLY),1,50134,T intersection,2,60,Local Road,ETON,GEELONG,-38.174416,144.3343,2019,3,March,15,Afternoon Peak,Weekday
T20190004154,2019-03-04,08:00:00,1,Collision with vehicle,1,Monday,130,REAR END(VEHICLES IN SAME LANE),1,43367,Cross intersection,2,60,Arterial Highway,DANDENONG ROAD E-OVERTON,FRANKSTON,-38.130184,145.13188,2019,3,March,8,Morning Peak,Weekday
T20190004203,2019-03-04,18:07:00,1,Collision with vehicle,1,Monday,120,HEAD ON (NOT OVERTAKING),1,345025,T intersection,3,60,Arterial Other,BURKE,BANYULE,-37.77152,145.06412,2019,3,March,18,Afternoon Peak,Weekday
T20190004200,2019-03-04,17:55:00,1,Collision with vehicle,1,Monday,121,RIGHT THROUGH,1,35784,Cross intersection,2,80,Arterial Highway,SETTLEMENT,GEELONG,-38.176525,144.3518,2019,3,March,17,Afternoon Peak,Weekday
T20190004314,2019-03-04,17:50:00,1,Collision with vehicle,1,Monday,130,REAR END(VEHICLES IN SAME LANE),1,343041,Not at intersection,3,60,Arterial Other,DERRIMUT,WYNDHAM,-37.88096,144.68224,2019,3,March,17,Afternoon Peak,Weekday
T20190004425,2019-03-04,15:30:00,1,Collision with vehicle,1,Monday,131,LEFT REAR,1,66419,T intersection,2,80,Arterial Other,CANTERBURY,MAROONDAH,-37.82708,145.25917,2019,3,March,15,Afternoon Peak,Weekday
T20190004145,2019-03-04,07:47:00,1,Collision with vehicle,1,Monday,130,REAR END(VEHICLES IN SAME LANE),1,343105,Not at intersection,2,80,Freeway,WEST GATE,MELBOURNE,-37.827618,144.96156,2019,3,March,7,Morning Peak,Weekday
T20190004634,2019-03-04,11:47:00,1,Collision with vehicle,1,Monday,121,RIGHT THROUGH,1,10626,T intersection,3,60,Freeway,HUNTINGDALE,MONASH,-37.885517,145.10841,2019,3,March,11,Midday,Weekday
T20190004201,2019-03-04,18:50:00,4,Collision with a fixed object,1,Monday,151,OUT OF CONTROL (OVERTAKING),1,342987,Not at intersection,3,60,Arterial Highway,PLENTY,WHITTLESEA,-37.69962,145.05826,2019,3,March,18,Afternoon Peak,Weekday
T20190004189,2019-03-04,16:16:00,1,Collision with vehicle,1,Monday,130,REAR END(VEHICLES IN SAME LANE),1,342928,Not at intersection,2,60,Arterial Other,RACECOURSE,CARDINIA,-38.07918,145.49306,2019,3,March,16,Afternoon Peak,Weekday
T20190004196,2019-03-04,16:30:00,1,Collision with vehicle,1,Monday,130,REAR END(VEHICLES IN SAME LANE),1,343485,Not at intersection,2,60,Arterial Other,GORGE,WHITTLESEA,-37.65178,145.09329,2019,3,March,16,Afternoon Peak,Weekday
T20190004182,2019-03-04,11:25:00,1,Collision with vehicle,1,Monday,120,HEAD ON (NOT OVERTAKING),1,346062,Not at intersection,2,60,Arterial Other,OLD GEELONG,WYNDHAM,-37.846657,144.77626,2019,3,March,11,Midday,Weekday
T20190004366,2019-03-04,06:50:00,1,Collision with vehicle,1,Monday,113,RIGHT NEAR (INTERSECTIONS ONLY),1,46818,T intersection,2,60,Arterial Other,CROYDON,MANNINGHAM,-37.760612,145.23418,2019,3,March,6,Morning Peak,Weekday
T20190004207,2019-03-04,15:30:00,1,Collision with vehicle,1,Monday,110,CROSS TRAFFIC(INTERSECTIONS ONLY),1,49957,Cross intersection,3,50,Local Road,FITZROY,GEELONG,-38.15016,144.37083,2019,3,March,15,Afternoon Peak,Weekday
T20190004212,2019-03-04,22:45:00,1,Collision with vehicle,1,Monday,120,HEAD ON (NOT OVERTAKING),3,45338,T intersection,3,90,Arterial Other,BALLARTO,CARDINIA,-38.15366,145.4855,2019,3,March,22,Night,Weekday
T20190004225,2019-03-04,16:50:00,1,Collision with vehicle,1,Monday,147,VEHICLE STRIKES ANOTHER VEH WHILE EMERGING FROM DRIVEWAY,1,343265,Not at intersection,3,60,Local Road,THOMAS,BAYSIDE,-37.90866,145.02481,2019,3,March,16,Afternoon Peak,Weekday
T20190004151,2019-03-04,08:45:00,1,Collision with vehicle,1,Monday,130,REAR END(VEHICLES IN SAME LANE),1,343099,Cross intersection,2,60,Arterial Other,THOMPSONS,FRANKSTON,-38.0722,145.1955,2019,3,March,8,Morning Peak,Weekday
T20190004260,2019-03-04,17:50:00,1,Collision with vehicle,1,Monday,130,REAR END(VEHICLES IN SAME LANE),1,343087,Not at intersection,3,100,Freeway,EASTERN,BOROONDARA,-37.78433,145.09981,2019,3,March,17,Afternoon Peak,Weekday