ACCIDENT_NO,ACCIDENT_DATE,ACCIDENT_TIME,ACCIDENT_TYPE,ACCIDENT_TYPE_DESC,DAY_OF_WEEK,DAY_WEEK_DESC,DCA_CODE,DCA_DESC,LIGHT_CONDITION,NODE_ID,ROAD_GEOMETRY_DESC,SEVERITY,SPEED_ZONE,RMA,ROAD_NAME,LGA_NAME,LATITUDE,LONGITUDE,YEAR,MONTH,MONTH_NAME,HOUR,TIME_PERIOD,DAY_TYPE
T20190004259,2019-03-04,18:30:00,7,Fall from or in moving vehicle,1,Monday,179,OTHER ACCIDENTS-OFF STRAIGHT NOT INCLUDED IN DCAs 170-175,1,342938,T intersection,3,50,Local Road,DRYSDALE,FRANKSTON,-38.136356,145.14417,2019,3,March,18,Afternoon Peak,Weekday
T20200004519,2019-03-04,01:00:00,1,Collision with vehicle,1,Monday,130,REAR END(VEHICLES IN SAME LANE),3,635736,Not at intersection,3,60,Arterial Other,SYDNEY,MORELAND,-37.704334,144.96065,2019,3,March,1,Late Night,Weekday
T20190004155,2019-03-04,09:45:00,1,Collision with vehicle,1,Monday,110,CROSS TRAFFIC(INTERSECTIONS ONLY),1,52892,Cross intersection,3,60,Local Road,EYRE,BALLARAT,-37.564323,143.84064,2019,3,March,9,Morning Peak,Weekday
T20190004149,2019-03-04,08:00:00,1,Collision with vehicle,1,Monday,121,RIGHT THROUGH,1,225200,T intersection,2,60,Local Road,AIREDALE,BOROONDARA,-37.837822,145.0422,2019,3,March,8,Morning Peak,Weekday
T20190004167,2019-03-04,06:28:00,1,Collision with vehicle,1,Monday,116,LEFT NEAR (INTERSECTIONS ONLY),1,44938,T intersection,3,60,Arterial Other,MAIN,BRIMBANK,-37.744446,144.80171,2019,3,March,6,Morning Peak,Weekday
T20190004193,2019-03-04,15:15:00,2,Struck Pedestrian,1,Monday,108,PED STRUCK WALKING TO/FROM OR BOARDING/ALIGHTING VEHICLE.,1,343047,Not at intersection,3,40,Local Road,ELEY,WHITEHORSE,-37.847668,145.14912,2019,3,March,15,Afternoon Peak,Weekday
T20190004172,2019-03-04,06:15:00,1,Collision with vehicle,1,Monday,139,OTHER SAME DIRECTION-MANOUEVRES NOT INCLUDED IN DCAs 130-137,5,343076,Not at intersection,2,60,Local Road,HEALEY,DANDENONG,-38.029175,145.2163,2019,3,March,6,Morning Peak,Weekday
T20190005076,2019-03-04,16:00:00,1,Collision with vehicle,1,Monday,113,RIGHT NEAR (INTERSECTIONS ONLY),1,51574,T intersection,3,60,Local Road,HARGREAVES,BENDIGO,-36.750675,144.292,2019,3,March,16,Afternoon Peak,Weekday
T20190004194,2019-03-04,17:55:00,1,Collision with vehicle,1,Monday,131,LEFT REAR,1,342992,Not at intersection,3,70,Arterial Other,KOROROIT CREEK,HOBSONS BAY,-37.850235,144.8456,2019,3,March,17,Afternoon Peak,Weekday
T20190004216,2019-03-05,06:10:00,2,Struck Pedestrian,2,Tuesday,102,FAR SIDE. PED HIT BY VEHICLE FROM THE LEFT,3,342925,T intersection,3,50,Local Road,BRADSHAW,BALLARAT,-37.56961,143.85768,2019,3,March,6,Morning Peak,Weekday
T20190004217,2019-03-05,06:15:00,1,Collision with vehicle,2,Tuesday,110,CROSS TRAFFIC(INTERSECTIONS ONLY),2,1137,Cross intersection,2,70,Arterial Other,HUME HIGHWAY -SYDNEY,HUME,-37.643326,144.95116,2019,3,March,6,Morning Peak,Weekday
T20190004275,2019-03-05,18:45:00,1,Collision with vehicle,2,Tuesday,116,LEFT NEAR (INTERSECTIONS ONLY),1,343039,T intersection,3,50,Local Road,WINDSOR,DANDENONG,-37.950497,145.13971,2019,3,March,18,Afternoon Peak,Weekday
T20190004224,2019-03-05,08:30:00,4,Collision with a fixed object,2,Tuesday,181,OFF RIGHT BEND INTO OBJECT/PARKED VEHICLE,1,343040,Not at intersection,3,80,Freeway,WESTERN RING OUT-CALDER IN,BRIMBANK,-37.726013,144.86053,2019,3,March,8,Morning Peak,Weekday
T20190004283,2019-03-05,17:15:00,1,Collision with vehicle,2,Tuesday,130,REAR END(VEHICLES IN SAME LANE),1,342982,T intersection,3,60,Arterial Other,BELMORE,WHITEHORSE,-37.800343,145.11526,2019,3,March,17,Afternoon Peak,Weekday
T20190004285,2019-03-05,19:45:00,1,Collision with vehicle,2,Tuesday,116,LEFT NEAR (INTERSECTIONS ONLY),2,45553,T intersection,2,50,Arterial Other,DAWSON,MORELAND,-37.769993,144.94853,2019,3,March,19,Night,Weekday
T20190007786,2019-03-05,12:30:00,1,Collision with vehicle,2,Tuesday,130,REAR END(VEHICLES IN SAME LANE),1,359208,Not at intersection,3,60,Local Road,FOREST,BALLARAT,-37.54115,143.83113,2019,3,March,12,Midday,Weekday
T20190004274,2019-03-05,18:40:00,1,Collision with vehicle,2,Tuesday,121,RIGHT THROUGH,1,37452,Cross intersection,3,50,Local Road,BRIDGE,PORT PHILLIP,-37.838978,144.94748,2019,3,March,18,Afternoon Peak,Weekday
T20190004287,2019-03-05,16:25:00,1,Collision with vehicle,2,Tuesday,120,HEAD ON (NOT OVERTAKING),1,344899,Not at intersection,2,60,Arterial Other,SCORESBY,KNOX,-37.86403,145.26515,2019,3,March,16,Afternoon Peak,Weekday
T20190004232,2019-03-05,11:10:00,1,Collision with vehicle,2,Tuesday,136,RIGHT TURN SIDESWIPE,1,39039,T intersection,2,60,Arterial Other,BURKE,BOROONDARA,-37.814186,145.05997,2019,3,March,11,Midday,Weekday
T20190004261,2019-03-05,14:41:00,2,Struck Pedestrian,2,Tuesday,103,PED PLAYING/LYING/WORKING/STANDING ON CARRIAGEWAY.,1,580969,Not at intersection,3,30,Local Road,UNNAMED,BANYULE,-37.705486,145.0646,2019,3,March,14,Midday,Weekday
T20190004263,2019-03-05,13:10:00,1,Collision with vehicle,2,Tuesday,130,REAR END(VEHICLES IN SAME LANE),1,29862,T intersection,3,40,Local Road,GRATTAN,MELBOURNE,-37.801064,144.9699,2019,3,March,13,Midday,Weekday
T20190004546,2019-03-05,18:00:00,1,Collision with vehicle,2,Tuesday,130,REAR END(VEHICLES IN SAME LANE),1,36266,T intersection,3,40,Local Road,LINLITHGOW,MELBOURNE,-37.82285,144.97148,2019,3,March,18,Afternoon Peak,Weekday
T20190004244,2019-03-05,08:08:00,4,Collision with a fixed object,2,Tuesday,183,OFF LEFT BEND INTO OBJECT/PARKED VEHICLE,1,345147,Not at intersection,2,60,Arterial Other,HIGH,SHEPPARTON,-36.616207,145.2201,2019,3,March,8,Morning Peak,Weekday
T20190004231,2019-03-05,08:50:00,1,Collision with vehicle,2,Tuesday,130,REAR END(VEHICLES IN SAME LANE),1,37068,T intersection,3,70,Arterial Highway,PUNT,MELBOURNE,-37.82029,144.98956,2019,3,March,8,Morning Peak,Weekday
T20190004780,2019-03-05,14:00:00,1,Collision with vehicle,2,Tuesday,121,RIGHT THROUGH,1,40895,T intersection,2,80,Arterial Other,BORONIA,KNOX,-37.848347,145.2302,2019,3,March,14,Midday,Weekday
T20190004248,2019-03-05,10:00:00,1,Collision with vehicle,2,Tuesday,110,CROSS TRAFFIC(INTERSECTIONS ONLY),1,360200,Cross intersection,3,50,Local Road,PARK,YARRA,-37.780273,144.97816,2019,3,March,10,Midday,Weekday
T20190004249,2019-03-05,12:20:00,8,No collision and no object struck,2,Tuesday,174,OUT OF CONTROL ON CARRIAGEWAY (ON STRAIGHT),1,345092,Not at intersection,3,50,Local Road,HOMEWOOD,SHEPPARTON,-36.382736,145.34898,2019,3,March,12,Midday,Weekday
T20190004227,2019-03-05,10:00:00,1,Collision with vehicle,2,Tuesday,121,RIGHT THROUGH,1,344251,Not at intersection,2,60,Local Road,HIGH,MELTON,-37.684483,144.56573,2019,3,March,10,Midday,Weekday
T20190004253,2019-03-05,12:45:00,1,Collision with vehicle,2,Tuesday,110,CROSS TRAFFIC(INTERSECTIONS ONLY),1,344802,Cross intersection,2,100,Arterial Other,WEBB,CAMPASPE,-36.355354,145.01381,2019,3,March,12,Midday,Weekday
T20190004237,2019-03-05,07:40:00,1,Collision with vehicle,2,Tuesday,113,RIGHT NEAR (INTERSECTIONS ONLY),1,650978,Cross intersection,3,80,Arterial Highway,TERRY,DANDENONG,-37.96356,145.19052,2019,3,March,7,Morning Peak,Weekday
T20190004246,2019-03-05,10:45:00,1,Collision with vehicle,2,Tuesday,145,REVERSING IN STREAM OF TRAFFIC,1,343030,Not at intersection,2,50,Local Road,HILL,STONNINGTON,-37.833324,145.01358,2019,3,March,10,Midday,Weekday
T20190004277,2019-03-05,18:18:00,1,Collision with vehicle,2,Tuesday,113,RIGHT NEAR (INTERSECTIONS ONLY),1,51556,T intersection,3,60,Arterial Other,WEEROONA,BENDIGO,-36.744434,144.29025,2019,3,March,18,Afternoon Peak,Weekday
T20190004304,2019-03-05,16:40:00,4,Collision with a fixed object,2,Tuesday,171,LEFT OFF CARRIAGEWAY INTO OBJECT/PARKED VEHICLE,1,343227,Not at intersection,3,100,Arterial Other,BALLARAT-MARYBOROUGH,BALLARAT,-37.34371,143.7916,2019,3,March,16,Afternoon Peak,Weekday
T20190004254,2019-03-05,07:10:00,1,Collision with vehicle,2,Tuesday,120,HEAD ON (NOT OVERTAKING),1,580236,Not at intersection,2,70,Arterial Other,PRINCES,WYNDHAM,-37.904877,144.6489,2019,3,March,7,Morning Peak,Weekday
T20190004320,2019-03-06,10:06:00,1,Collision with vehicle,3,Wednesday,113,RIGHT NEAR (INTERSECTIONS ONLY),1,317074,T intersection,3,70,Arterial Other,TRUGANINA-SEABROOK,MELTON,-37.797977,144.75227,2019,3,March,10,Midday,Weekday
T20190004319,2019-03-06,08:50:00,1,Collision with vehicle,3,Wednesday,113,RIGHT NEAR (INTERSECTIONS ONLY),1,44463,T intersection,3,70,Arterial Highway,LATROBE,GEELONG,-38.151726,144.35197,2019,3,March,8,Morning Peak,Weekday
T20190004316,2019-03-06,08:15:00,3,Struck animal,3,Wednesday,167,STRUCK ANIMAL,1,343226,Not at intersection,3,100,Local Road,BALD HILLS,HEPBURN,-37.423225,143.86053,2019,3,March,8,Morning Peak,Weekday
T20190004332,2019-03-06,14:04:00,1,Collision with vehicle,3,Wednesday,119,OTHER ADJACENT (INTERSECTIONS ONLY),1,40822,T intersection,2,80,Arterial Highway,SPRINGVALE,WHITEHORSE,-37.842903,145.17117,2019,3,March,14,Midday,Weekday
T20190004335,2019-03-06,14:35:00,2,Struck Pedestrian,3,Wednesday,107,PED ON FOOTHPATH STRUCK BY VEHENTERING/LEAVING DRIVEWAY.,1,343028,Not at intersection,3,50,Local Road,SALI,SHEPPARTON,-36.35597,145.40404,2019,3,March,14,Midday,Weekday
T20190004549,2019-03-06,17:18:00,1,Collision with vehicle,3,Wednesday,110,CROSS TRAFFIC(INTERSECTIONS ONLY),1,73093,Cross intersection,3,60,Local Road,CHAPEL,LATROBE,-38.240044,146.39975,2019,3,March,17,Afternoon Peak,Weekday
T20190004303,2019-03-06,08:40:00,1,Collision with vehicle,3,Wednesday,110,CROSS TRAFFIC(INTERSECTIONS ONLY),1,36216,Cross intersection,2,50,Local Road,COBDEN,MELBOURNE,-37.803925,144.95746,2019,3,March,8,Morning Peak,Weekday
T20190004409,2019-03-06,07:42:00,1,Collision with vehicle,3,Wednesday,121,RIGHT THROUGH,1,43315,T intersection,2,60,Arterial Highway,NEPEAN,KINGSTON,-38.07408,145.122,2019,3,March,7,Morning Peak,Weekday
T20190004342,2019-03-06,12:55:00,4,Collision with a fixed object,3,Wednesday,173,RIGHT OFF CARRIAGEWAY INTO OBJECT/PARKED VEHICLE,1,343874,Not at intersection,3,80,Arterial Highway,MAROONDAH,MAROONDAH,-37.796055,145.25641,2019,3,March,12,Midday,Weekday
T20190004343,2019-03-06,14:25:00,1,Collision with vehicle,3,Wednesday,130,REAR END(VEHICLES IN SAME LANE),1,29623,Cross intersection,3,70,Arterial Highway,SPRINGVALE,WHITEHORSE,-37.862015,145.16922,2019,3,March,14,Midday,Weekday
T20190004346,2019-03-06,15:00:00,4,Collision with a fixed object,3,Wednesday,151,OUT OF CONTROL (OVERTAKING),1,344670,Not at intersection,3,50,Local Road,KENDALL,WODONGA,-36.12005,146.90073,2019,3,March,15,Afternoon Peak,Weekday
T20190004351,2019-03-06,16:48:00,1,Collision with vehicle,3,Wednesday,110,CROSS TRAFFIC(INTERSECTIONS ONLY),1,50198,Cross intersection,2,60,Arterial Other,PORTARLINGTON,GEELONG,-38.184853,144.55022,2019,3,March,16,Afternoon Peak,Weekday
T20190004359,2019-03-06,15:00:00,1,Collision with vehicle,3,Wednesday,130,REAR END(VEHICLES IN SAME LANE),1,343133,T intersection,3,80,Arterial Highway,NEPEAN,KINGSTON,-37.97847,145.0681,2019,3,March,15,Afternoon Peak,Weekday
T20190004360,2019-03-06,20:14:00,1,Collision with vehicle,3,Wednesday,160,VEHICLE COLLIDES WITH VEHICLE PARKED ON LEFT OF ROAD,3,360201,Not at intersection,2,60,Local Road,SOUTH,MARIBYRNONG,-37.790768,144.84636,2019,3,March,20,Night,Weekday
T20190004361,2019-03-06,17:38:00,2,Struck Pedestrian,3,Wednesday,106,VEH STRIKES PED ON FOOTPATH/MEDIAN/TRAFFIC ISLAND.,1,343043,Not at intersection,2,40,Local Road,WILSON,CASEY,-38.030056,145.3473,2019,3,March,17,Afternoon Peak,Weekday
T20190004363,2019-03-06,17:40:00,1,Collision with vehicle,3,Wednesday,120,HEAD ON (NOT OVERTAKING),1,360307,Not at intersection,2,80,Arterial Highway,MAROONDAH,YARRA RANGES,-37.76068,145.3384,2019,3,March,17,Afternoon Peak,Weekday
T20190004370,2019-03-06,02:20:00,4,Collision with a fixed object,3,Wednesday,181,OFF RIGHT BEND INTO OBJECT/PARKED VEHICLE,3,343084,Not at intersection,3,80,Arterial Other,MONBULK,YARRA RANGES,-37.80712,145.40466,2019,3,March,2,Late Night,Weekday
T20190004373,2019-03-06,06:05:00,4,Collision with a fixed object,3,Wednesday,181,OFF RIGHT BEND INTO OBJECT/PARKED VEHICLE,3,343082,Not at intersection,3,60,Arterial Other,MOUNT DANDENONG TOURIST,YARRA RANGES,-37.809788,145.37163,2019,3,March,6,Morning Peak,Weekday
T20190004376,2019-03-06,17:00:00,1,Collision with vehicle,3,Wednesday,121,RIGHT THROUGH,1,38893,T intersection,3,60,Arterial Other,BURWOOD,BOROONDARA,-37.82179,145.02832,2019,3,March,17,Afternoon Peak,Weekday
T20190004378,2019-03-06,16:45:00,4,Collision with a fixed object,3,Wednesday,173,RIGHT OFF CARRIAGEWAY INTO OBJECT/PARKED VEHICLE,1,345928,Not at intersection,2,100,Arterial Highway,HENTY,GLENELG,-38.07236,141.67711,2019,3,March,16,Afternoon Peak,Weekday
T20190004379,2019-03-06,09:05:00,1,Collision with vehicle,3,Wednesday,130,REAR END(VEHICLES IN SAME LANE),1,359184,Not at intersection,3,70,Arterial Highway,MELBOURNE,GEELONG,-38.11081,144.35326,2019,3,March,9,Morning Peak,Weekday
T20190004380,2019-03-06,16:28:00,1,Collision with vehicle,3,Wednesday,110,CROSS TRAFFIC(INTERSECTIONS ONLY),1,43860,Cross intersection,2,50,Local Road,AVERNE,CASEY,-38.09321,145.27971,2019,3,March,16,Afternoon Peak,Weekday
T20190004313,2019-03-06,08:40:00,2,Struck Pedestrian,3,Wednesday,103,PED PLAYING/LYING/WORKING/STANDING ON CARRIAGEWAY.,1,345105,T intersection,3,40,Arterial Highway,SMYTHES,BALLARAT,-37.58806,143.82182,2019,3,March,8,Morning Peak,Weekday
T20190004309,2019-03-06,07:25:00,1,Collision with vehicle,3,Wednesday,130,REAR END(VEHICLES IN SAME LANE),1,342991,Not at intersection,3,100,Freeway,PRINCES,HOBSONS BAY,-37.85844,144.77779,2019,3,March,7,Morning Peak,Weekday
T20190004311,2019-03-06,09:10:00,1,Collision with vehicle,3,Wednesday,142,LEAVING PARKING,1,342990,Not at intersection,2,50,Local Road,BRANDON PARK,MONASH,-37.908546,145.16356,2019,3,March,9,Morning Peak,Weekday
T20190004357,2019-03-06,18:43:00,1,Collision with vehicle,3,Wednesday,163,VEHICLE STRIKES DOOR OF PARKED/STATIONARY VEHICLE,1,344503,Not at intersection,3,40,Arterial Other,SYDNEY,MORELAND,-37.76839,144.9619,2019,3,March,18,Afternoon Peak,Weekday
T20190004604,2019-03-06,19:45:00,6,Vehicle overturned (no collision),3,Wednesday,151,OUT OF CONTROL (OVERTAKING),1,360311,Not at intersection,3,70,Local Road,PLUMPTON,HORSHAM,-36.733353,142.2037,2019,3,March,19,Night,Weekday
T20190004331,2019-03-06,13:30:00,1,Collision with vehicle,3,Wednesday,120,HEAD ON (NOT OVERTAKING),1,359181,T intersection,2,60,Local Road,MORRIS,WYNDHAM,-37.87613,144.70189,2019,3,March,13,Midday,Weekday
T20190004327,2019-03-06,11:20:00,1,Collision with vehicle,3,Wednesday,110,CROSS TRAFFIC(INTERSECTIONS ONLY),1,22729,Cross intersection,2,60,Local Road,MAIN,MOORABOOL,-37.579624,144.10002,2019,3,March,11,Midday,Weekday
T20190004651,2019-03-06,13:52:00,4,Collision with a fixed object,3,Wednesday,173,RIGHT OFF CARRIAGEWAY INTO OBJECT/PARKED VEHICLE,1,359186,Not at intersection,3,80,Arterial Highway,MAROONDAH,YARRA RANGES,-37.76177,145.30998,2019,3,March,13,Midday,Weekday
T20190004679,2019-03-06,18:15:00,1,Collision with vehicle,3,Wednesday,110,CROSS TRAFFIC(INTERSECTIONS ONLY),2,52986,Cross intersection,3,60,Local Road,CLARKSON,BALLARAT,-37.58206,143.83894,2019,3,March,18,Afternoon Peak,Weekday
T20190004401,2019-03-07,07:25:00,1,Collision with vehicle,4,Thursday,121,RIGHT THROUGH,1,36082,T intersection,3,60,Local Road,ARDEN,MELBOURNE,-37.800095,144.94199,2019,3,March,7,Morning Peak,Weekday
T20190004402,2019-03-07,13:15:00,1,Collision with vehicle,4,Thursday,163,VEHICLE STRIKES DOOR OF PARKED/STATIONARY VEHICLE,1,343170,Not at intersection,3,40,Local Road,PAKINGTON,GEELONG,-38.15746,144.34512,2019,3,March,13,Midday,Weekday
T20190004404,2019-03-07,06:15:00,1,Collision with vehicle,4,Thursday,110,CROSS TRAFFIC(INTERSECTIONS ONLY),6,38483,Cross intersection,3,50,Arterial Highway,MAIN,YARRA RANGES,-37.757565,145.35336,2019,3,March,6,Morning Peak,Weekday
T20190004406,2019-03-07,13:06:00,1,Collision with vehicle,4,Thursday,130,REAR END(VEHICLES IN SAME LANE),1,344295,Not at intersection,2,80,Arterial Highway,BURWOOD,WHITEHORSE,-37.853867,145.15993,2019,3,March,13,Midday,Weekday
T20190004407,2019-03-07,10:30:00,1,Collision with vehicle,4,Thursday,110,CROSS TRAFFIC(INTERSECTIONS ONLY),1,49703,Cross intersection,2,50,Arterial Other,ST GEORGES,GEELONG,-38.08609,144.37442,2019,3,March,10,Midday,Weekday
T20190004408,2019-03-07,13:35:00,1,Collision with vehicle,4,Thursday,110,CROSS TRAFFIC(INTERSECTIONS ONLY),1,40888,Cross intersection,3,70,Arterial Other,WANTIRNA,KNOX,-37.84769,145.22714,2019,3,March,13,Midday,Weekday
T20190004416,2019-03-07,12:15:00,6,Vehicle overturned (no collision),4,Thursday,179,OTHER ACCIDENTS-OFF STRAIGHT NOT INCLUDED IN DCAs 170-175,1,331231,Not at intersection,2,60,Arterial Other,GILLIES,BALLARAT,-37.55044,143.82007,2019,3,March,12,Midday,Weekday
T20190004418,2019-03-07,14:50:00,1,Collision with vehicle,4,Thursday,121,RIGHT THROUGH,1,41102,T intersection,2,60,Arterial Other,ORMOND,PORT PHILLIP,-37.88769,144.98497,2019,3,March,14,Midday,Weekday
T20190004422,2019-03-07,12:00:00,1,Collision with vehicle,4,Thursday,113,RIGHT NEAR (INTERSECTIONS ONLY),1,44375,T intersection,3,60,Arterial Other,HEATHS,WYNDHAM,-37.878986,144.69522,2019,3,March,12,Midday,Weekday
T20190004426,2019-03-07,17:12:00,1,Collision with vehicle,4,Thursday,120,HEAD ON (NOT OVERTAKING),1,343825,Not at intersection,2,40,Local Road,HIGH,DAREBIN,-37.774982,144.99786,2019,3,March,17,Afternoon Peak,Weekday
T20190004427,2019-03-07,17:30:00,1,Collision with vehicle,4,Thursday,113,RIGHT NEAR (INTERSECTIONS ONLY),1,343188,T intersection,2,80,Arterial Other,HASTINGS,MOORABOOL,-37.57554,144.31564,2019,3,March,17,Afternoon Peak,Weekday
T20190004432,2019-03-07,05:40:00,6,Vehicle overturned (no collision),4,Thursday,180,OFF CARRIAGEWAY ON RIGHT BEND,5,347116,T intersection,2,80,Arterial Other,BIRREGURRA-FORREST,COLAC OTWAY,-38.469444,143.76878,2019,3,March,5,Morning Peak,Weekday
T20190004434,2019-03-07,06:50:00,1,Collision with vehicle,4,Thursday,112,LEFT FAR (INTERSECTIONS ONLY),3,37829,Cross intersection,2,50,Arterial Other,NICHOLSON,MORELAND,-37.76735,144.98022,2019,3,March,6,Morning Peak,Weekday
T20190004436,2019-03-07,19:50:00,2,Struck Pedestrian,4,Thursday,107,PED ON FOOTHPATH STRUCK BY VEHENTERING/LEAVING DRIVEWAY.,3,343078,Not at intersection,3,50,Local Road,CHURCH,EAST GIPPSLAND,-37.87826,147.99226,2019,3,March,19,Night,Weekday
T20190004438,2019-03-07,18:00:00,8,No collision and no object struck,4,Thursday,172,OFF CARRIAGEWAY TO RIGHT,1,346562,Not at intersection,3,50,Local Road,LIGAR,BALLARAT,-37.53978,143.86456,2019,3,March,18,Afternoon Peak,Weekday
T20190004440,2019-03-07,20:58:00,7,Fall from or in moving vehicle,4,Thursday,170,OFF CARRIAGEWAY TO LEFT,3,343184,Not at intersection,3,60,Arterial Other,CHILDS,WHITTLESEA,-37.65972,145.01938,2019,3,March,20,Night,Weekday
T20190004441,2019-03-07,21:00:00,1,Collision with vehicle,4,Thursday,130,REAR END(VEHICLES IN SAME LANE),5,347213,Not at intersection,2,100,Arterial Other,STEIGLITZ,GOLDEN PLAINS,-38.04207,144.24902,2019,3,March,21,Night,Weekday
T20190004443,2019-03-07,20:53:00,4,Collision with a fixed object,4,Thursday,171,LEFT OFF CARRIAGEWAY INTO OBJECT/PARKED VEHICLE,3,586430,Not at intersection,3,50,Local Road,GIDDENS,WHITTLESEA,-37.58843,145.08932,2019,3,March,20,Night,Weekday
T20190004444,2019-03-07,18:25:00,1,Collision with vehicle,4,Thursday,134,LANE CHANGE RIGHT (NOT OVERTAKING),1,343070,T intersection,2,100,Freeway,WEST GATE OUT-WESTERN RING OUT,WYNDHAM,-37.825607,144.81348,2019,3,March,18,Afternoon Peak,Weekday
T20190004445,2019-03-07,23:50:00,1,Collision with vehicle,4,Thursday,110,CROSS TRAFFIC(INTERSECTIONS ONLY),3,40209,Cross intersection,3,60,Arterial Other,ORRONG,STONNINGTON,-37.854313,145.01157,2019,3,March,23,Night,Weekday
T20190007189,2019-03-07,17:09:00,1,Collision with vehicle,4,Thursday,121,RIGHT THROUGH,1,51713,Cross intersection,2,60,Arterial Highway,HIGH,BENDIGO,-36.785355,144.24667,2019,3,March,17,Afternoon Peak,Weekday
T20190004544,2019-03-07,15:44:00,1,Collision with vehicle,4,Thursday,110,CROSS TRAFFIC(INTERSECTIONS ONLY),1,51655,Cross intersection,3,40,Local Road,ARTHUR,BENDIGO,-36.765995,144.27817,2019,3,March,15,Afternoon Peak,Weekday
T20190004381,2019-03-07,08:30:00,1,Collision with vehicle,4,Thursday,116,LEFT NEAR (INTERSECTIONS ONLY),1,343134,T intersection,3,40,Local Road,BURKE,MARIBYRNONG,-37.77922,144.84946,2019,3,March,8,Morning Peak,Weekday
T20190004470,2019-03-07,08:45:00,1,Collision with vehicle,4,Thursday,130,REAR END(VEHICLES IN SAME LANE),9,343173,Not at intersection,3,60,Local Road,GREAVES,WYNDHAM,-37.88794,144.64027,2019,3,March,8,Morning Peak,Weekday
T20190004384,2019-03-07,06:18:00,1,Collision with vehicle,4,Thursday,110,CROSS TRAFFIC(INTERSECTIONS ONLY),5,39157,Cross intersection,3,60,Arterial Other,BALWYN,BOROONDARA,-37.81832,145.0803,2019,3,March,6,Morning Peak,Weekday
T20190004385,2019-03-07,08:40:00,1,Collision with vehicle,4,Thursday,130,REAR END(VEHICLES IN SAME LANE),1,343049,Not at intersection,2,100,Freeway,WESTERN RING,BRIMBANK,-37.81026,144.808,2019,3,March,8,Morning Peak,Weekday
T20190004386,2019-03-07,09:00:00,1,Collision with vehicle,4,Thursday,136,RIGHT TURN SIDESWIPE,1,343031,T intersection,2,80,Local Road,BALLARTO,CASEY,-38.130695,145.30232,2019,3,March,9,Morning Peak,Weekday
T20190006205,2019-03-07,07:30:00,1,Collision with vehicle,4,Thursday,130,REAR END(VEHICLES IN SAME LANE),2,604468,Not at intersection,3,100,Freeway,MONASH,DANDENONG,-37.950287,145.21152,2019,3,March,7,Morning Peak,Weekday
T20190004480,2019-03-07,06:30:00,1,Collision with vehicle,4,Thursday,121,RIGHT THROUGH,3,47077,T intersection,3,80,Freeway,SOUTH GIPPSLAND,DANDENONG,-38.03623,145.24687,2019,3,March,6,Morning Peak,Weekday
T20200006476,2019-03-07,10:20:00,1,Collision with vehicle,4,Thursday,110,CROSS TRAFFIC(INTERSECTIONS ONLY),1,43516,Cross intersection,3,80,Arterial Other,CRANBOURNE,FRANKSTON,-38.150467,145.15027,2019,3,March,10,Midday,Weekday
T20190006143,2019-03-07,22:55:00,1,Collision with vehicle,4,Thursday,121,RIGHT THROUGH,3,40424,Cross intersection,2,60,Arterial Other,HIGH,STONNINGTON,-37.85939,145.05133,2019,3,March,22,Night,Weekday
T20190004388,2019-03-07,08:40:00,1,Collision with vehicle,4,Thursday,119,OTHER ADJACENT (INTERSECTIONS ONLY),1,343590,T intersection,2,80,Arterial Highway,CHELTENHAM ROAD SERVICE,DANDENONG,-37.99224,145.15822,2019,3,March,8,Morning Peak,Weekday
T20190004446,2019-03-07,21:10:00,1,Collision with vehicle,4,Thursday,130,REAR END(VEHICLES IN SAME LANE),3,343704,Not at intersection,2,100,Freeway,EASTERN,BOROONDARA,-37.7847,145.06487,2019,3,March,21,Night,Weekday
T20190004449,2019-03-07,23:58:00,2,Struck Pedestrian,4,Thursday,109,ANY MANOEUVRE INVOLVING PED NOT INCLUDED IN DCAs 100-108.,3,246117,Not at intersection,2,60,Arterial Highway,HODDLE,YARRA,-37.79646,144.99353,2019,3,March,23,Night,Weekday
T20190004372,2019-03-07,00:10:00,1,Collision with vehicle,4,Thursday,130,REAR END(VEHICLES IN SAME LANE),6,343897,Not at intersection,3,50,Local Road,NOTTINGHAM,MONASH,-37.867977,145.15535,2019,3,March,0,Late Night,Weekday
T20190004369,2019-03-07,01:54:00,7,Fall from or in moving vehicle,4,Thursday,179,OTHER ACCIDENTS-OFF STRAIGHT NOT INCLUDED IN DCAs 170-175,4,36486,T intersection,2,60,Arterial Other,WAIORA,BANYULE,-37.735565,145.05986,2019,3,March,1,Late Night,Weekday
T20190004374,2019-03-07,04:20:00,1,Collision with vehicle,4,Thursday,135,LANE CHANGE LEFT (NOT OVERTAKING),6,343189,Not at intersection,2,100,Freeway,HUME,WHITTLESEA,-37.65429,144.98953,2019,3,March,4,Late Night,Weekday
T20190004466,2019-03-07,22:25:00,1,Collision with vehicle,4,Thursday,121,RIGHT THROUGH,3,36709,T intersection,3,60,Arterial Other,JOHNSTON,YARRA,-37.800297,144.99759,2019,3,March,22,Night,Weekday
T20190004501,2019-03-08,19:00:00,1,Collision with vehicle,5,Friday,121,RIGHT THROUGH,1,29629,T intersection,2,60,Arterial Other,GLENROY,MORELAND,-37.70593,144.9179,2019,3,March,19,Night,Weekday
T20190004497,2019-03-08,17:00:00,1,Collision with vehicle,5,Friday,130,REAR END(VEHICLES IN SAME LANE),1,344119,Not at intersection,2,100,Freeway,EASTLINK,KNOX,-37.86152,145.21204,2019,3,March,17,Afternoon Peak,Weekday