ACCIDENT_NO,ACCIDENT_DATE,ACCIDENT_TIME,ACCIDENT_TYPE,ACCIDENT_TYPE_DESC,DAY_OF_WEEK,DAY_WEEK_DESC,DCA_CODE,DCA_DESC,LIGHT_CONDITION,NODE_ID,ROAD_GEOMETRY_DESC,SEVERITY,SPEED_ZONE,RMA,ROAD_NAME,LGA_NAME,LATITUDE,LONGITUDE,YEAR,MONTH,MONTH_NAME,HOUR,TIME_PERIOD,DAY_TYPE
T20190004496,2019-03-08,09:30:00,1,Collision with vehicle,5,Friday,130,REAR END(VEHICLES IN SAME LANE),1,344097,T intersection,3,40,Local Road,CHAPEL,STONNINGTON,-37.85003,144.99364,2019,3,March,9,Morning Peak,Weekday
T20190006283,2019-03-08,19:30:00,4,Collision with a fixed object,5,Friday,171,LEFT OFF CARRIAGEWAY INTO OBJECT/PARKED VEHICLE,1,344041,Not at intersection,3,100,Arterial Other,WARRNAMBOOL-CARAMUT,MOYNE,-38.22573,142.44173,2019,3,March,19,Night,Weekday
T20190004493,2019-03-08,07:50:00,1,Collision with vehicle,5,Friday,122,LEFT THROUGH,1,36113,T intersection,3,70,Arterial Other,DYNON,MELBOURNE,-37.803085,144.92915,2019,3,March,7,Morning Peak,Weekday
T20190004492,2019-03-08,16:40:00,1,Collision with vehicle,5,Friday,140,U TURN,1,343124,Not at intersection,2,60,Local Road,BERNARD,KINGSTON,-37.95396,145.0675,2019,3,March,16,Afternoon Peak,Weekday
T20190004490,2019-03-08,12:15:00,4,Collision with a fixed object,5,Friday,183,OFF LEFT BEND INTO OBJECT/PARKED VEHICLE,1,343711,Not at intersection,2,80,Local Road,OLD TOLMIE,MANSFIELD,-36.954628,146.22803,2019,3,March,12,Midday,Weekday
T20190004467,2019-03-08,11:10:00,1,Collision with vehicle,5,Friday,121,RIGHT THROUGH,1,37714,T intersection,3,40,Arterial Other,CHURCH,YARRA,-37.831123,144.99696,2019,3,March,11,Midday,Weekday
T20190004488,2019-03-08,11:30:00,1,Collision with vehicle,5,Friday,133,LANE SIDE SWIPE (VEHICLES IN PARALLEL LANES),1,343073,Not at intersection,2,80,Arterial Highway,SPRINGVALE,DANDENONG,-38.02515,145.13373,2019,3,March,11,Midday,Weekday
T20190004484,2019-03-08,14:45:00,2,Struck Pedestrian,5,Friday,106,VEH STRIKES PED ON FOOTPATH/MEDIAN/TRAFFIC ISLAND.,1,345059,T intersection,3,60,Arterial Other,BANK STREET -SHAKESPEARE,LATROBE,-38.200344,146.5332,2019,3,March,14,Midday,Weekday
T20190004494,2019-03-08,15:40:00,1,Collision with vehicle,5,Friday,121,RIGHT THROUGH,1,45835,Cross intersection,3,60,Arterial Other,VICTORIA,MELBOURNE,-37.807133,144.96735,2019,3,March,15,Afternoon Peak,Weekday
T20190004481,2019-03-08,08:40:00,2,Struck Pedestrian,5,Friday,101,PED EMERGES FROM IN FRONT OF PARKED OR STATIONARY VEHICLE,1,343075,Not at intersection,3,40,Local Road,SHAKESPEARE,LATROBE,-38.202377,146.55309,2019,3,March,8,Morning Peak,Weekday
T20190004479,2019-03-08,06:46:00,1,Collision with vehicle,5,Friday,134,LANE CHANGE RIGHT (NOT OVERTAKING),1,343072,Not at intersection,3,100,Freeway,MONASH,DANDENONG,-37.94333,145.20216,2019,3,March,6,Morning Peak,Weekday
T20190004478,2019-03-08,13:45:00,1,Collision with vehicle,5,Friday,130,REAR END(VEHICLES IN SAME LANE),1,35450,Cross intersection,3,60,Arterial Other,YAN YEAN,NILLUMBIK,-37.677906,145.12556,2019,3,March,13,Midday,Weekday
T20190004477,2019-03-08,14:10:00,1,Collision with vehicle,5,Friday,130,REAR END(VEHICLES IN SAME LANE),1,146070,Not at intersection,2,80,Arterial Highway,PRINCES HIGHWAY,GLEN EIRA,-37.882,145.05045,2019,3,March,14,Midday,Weekday
T20190004472,2019-03-08,06:56:00,1,Collision with vehicle,5,Friday,113,RIGHT NEAR (INTERSECTIONS ONLY),2,39262,T intersection,3,70,Arterial Other,DONCASTER,MANNINGHAM,-37.78755,145.11353,2019,3,March,6,Morning Peak,Weekday
T20190004468,2019-03-08,09:48:00,4,Collision with a fixed object,5,Friday,171,LEFT OFF CARRIAGEWAY INTO OBJECT/PARKED VEHICLE,1,106301,Not at intersection,2,100,Arterial Highway,DANDENONG-HASTINGS,CASEY,-38.10007,145.23518,2019,3,March,9,Morning Peak,Weekday
T20190004463,2019-03-08,10:30:00,1,Collision with vehicle,5,Friday,130,REAR END(VEHICLES IN SAME LANE),1,49924,T intersection,3,70,Arterial Highway,LATROBE,GEELONG,-38.14629,144.35298,2019,3,March,10,Midday,Weekday
T20190004461,2019-03-08,09:26:00,1,Collision with vehicle,5,Friday,140,U TURN,1,343243,Not at intersection,2,60,Arterial Other,CENTRE,BAYSIDE,-37.916428,145.02203,2019,3,March,9,Morning Peak,Weekday
T20190004460,2019-03-08,10:15:00,1,Collision with vehicle,5,Friday,121,RIGHT THROUGH,1,344876,Not at intersection,2,60,Arterial Other,MILITARY,MOONEE VALLEY,-37.76193,144.86188,2019,3,March,10,Midday,Weekday
T20190004539,2019-03-08,19:15:00,1,Collision with vehicle,5,Friday,134,LANE CHANGE RIGHT (NOT OVERTAKING),2,343591,Not at intersection,2,100,Freeway,MCGREGOR-PRINCES IN,CARDINIA,-38.09222,145.4696,2019,3,March,19,Night,Weekday
T20190004456,2019-03-08,08:30:00,1,Collision with vehicle,5,Friday,111,RIGHT FAR (INTERSECTIONS ONLY),1,36284,T intersection,3,80,Arterial Highway,WELLINGTON,MONASH,-37.923565,145.19902,2019,3,March,8,Morning Peak,Weekday
T20190004447,2019-03-08,00:16:00,7,Fall from or in moving vehicle,5,Friday,179,OTHER ACCIDENTS-OFF STRAIGHT NOT INCLUDED IN DCAs 170-175,3,343783,Not at intersection,2,50,Arterial Other,VICTORIA,YARRA,-37.810196,144.99701,2019,3,March,0,Late Night,Weekday
T20190004526,2019-03-08,23:20:00,8,No collision and no object struck,5,Friday,174,OUT OF CONTROL ON CARRIAGEWAY (ON STRAIGHT),5,343193,Not at intersection,2,100,Freeway,PRINCES,CASEY,-38.05593,145.36385,2019,3,March,23,Night,Weekday
T20190004523,2019-03-08,23:30:00,1,Collision with vehicle,5,Friday,160,VEHICLE COLLIDES WITH VEHICLE PARKED ON LEFT OF ROAD,3,343486,Not at intersection,3,60,Local Road,MATTHEWS,MOONEE VALLEY,-37.7194,144.89174,2019,3,March,23,Night,Weekday
T20190004509,2019-03-08,13:10:00,4,Collision with a fixed object,5,Friday,181,OFF RIGHT BEND INTO OBJECT/PARKED VEHICLE,1,344263,Not at intersection,2,100,Arterial Other,MANSFIELD-WHITFIELD,WANGARATTA,-36.789482,146.35323,2019,3,March,13,Midday,Weekday
T20190004510,2019-03-08,16:00:00,7,Fall from or in moving vehicle,5,Friday,179,OTHER ACCIDENTS-OFF STRAIGHT NOT INCLUDED IN DCAs 170-175,2,343597,Not at intersection,2,60,Arterial Other,HEALESVILLE-KINGLAKE,YARRA RANGES,-37.6134,145.49614,2019,3,March,16,Afternoon Peak,Weekday
T20190004506,2019-03-08,15:09:00,4,Collision with a fixed object,5,Friday,171,LEFT OFF CARRIAGEWAY INTO OBJECT/PARKED VEHICLE,1,359185,Not at intersection,3,100,Arterial Other,GARRETTS,WELLINGTON,-38.21709,147.11273,2019,3,March,15,Afternoon Peak,Weekday
T20190004503,2019-03-08,17:40:00,1,Collision with vehicle,5,Friday,121,RIGHT THROUGH,1,776833,T intersection,2,80,Arterial Other,ESMOND,BRIMBANK,-37.77106,144.7976,2019,3,March,17,Afternoon Peak,Weekday
T20190004567,2019-03-09,20:15:00,4,Collision with a fixed object,6,Saturday,173,RIGHT OFF CARRIAGEWAY INTO OBJECT/PARKED VEHICLE,2,343111,Not at intersection,2,80,Local Road,EYNESBURY,MELTON,-37.77346,144.56299,2019,3,March,20,Night,Weekend
T20190004537,2019-03-09,09:10:00,1,Collision with vehicle,6,Saturday,137,LEFT TURN SIDESWIPE,1,343125,T intersection,3,80,Arterial Highway,NEPEAN,MORNINGTON PENINSULA,-38.19947,145.08386,2019,3,March,9,Morning Peak,Weekend
T20190004536,2019-03-09,12:53:00,1,Collision with vehicle,6,Saturday,130,REAR END(VEHICLES IN SAME LANE),1,343107,T intersection,2,60,Arterial Other,HIGH,DAREBIN,-37.70773,145.00914,2019,3,March,12,Midday,Weekend
T20190004572,2019-03-09,18:45:00,1,Collision with vehicle,6,Saturday,121,RIGHT THROUGH,1,35737,Cross intersection,2,80,Arterial Other,CRANBOURNE,CASEY,-38.065277,145.29912,2019,3,March,18,Afternoon Peak,Weekend
T20190004570,2019-03-09,20:20:00,4,Collision with a fixed object,6,Saturday,151,OUT OF CONTROL (OVERTAKING),3,344631,Not at intersection,2,100,Freeway,HUME-METROPOLITAN RING OUT,WHITTLESEA,-37.68845,144.9877,2019,3,March,20,Night,Weekend
T20190004543,2019-03-09,13:30:00,1,Collision with vehicle,6,Saturday,140,U TURN,1,360202,Not at intersection,2,50,Local Road,SANCTUARY LAKES SOUTH,WYNDHAM,-37.903336,144.77724,2019,3,March,13,Midday,Weekend
T20190004590,2019-03-09,17:10:00,1,Collision with vehicle,6,Saturday,136,RIGHT TURN SIDESWIPE,1,53954,T intersection,2,50,Arterial Highway,HIGH,MURRINDINDI,-37.21141,145.42421,2019,3,March,17,Afternoon Peak,Weekend
T20190005573,2019-03-09,13:20:00,1,Collision with vehicle,6,Saturday,130,REAR END(VEHICLES IN SAME LANE),1,51801,Cross intersection,3,50,Arterial Highway,BARKER,MOUNT ALEXANDER,-37.066803,144.21658,2019,3,March,13,Midday,Weekend
T20190004588,2019-03-09,12:00:00,1,Collision with vehicle,6,Saturday,113,RIGHT NEAR (INTERSECTIONS ONLY),1,632962,Y intersection,2,80,Arterial Highway,GOULBURN VALLEY,SHEPPARTON,-36.335636,145.40256,2019,3,March,12,Midday,Weekend
T20190004555,2019-03-09,16:20:00,1,Collision with vehicle,6,Saturday,160,VEHICLE COLLIDES WITH VEHICLE PARKED ON LEFT OF ROAD,1,67841,Cross intersection,2,50,Local Road,ERCILDOUNE,GLEN EIRA,-37.86631,145.01244,2019,3,March,16,Afternoon Peak,Weekend
T20190004548,2019-03-09,10:35:00,1,Collision with vehicle,6,Saturday,120,HEAD ON (NOT OVERTAKING),1,584516,Not at intersection,2,100,Arterial Highway,GREAT ALPINE,(MOUNT HOTHAM),-37.00499,147.08507,2019,3,March,10,Midday,Weekend
T20190004547,2019-03-09,13:30:00,6,Vehicle overturned (no collision),6,Saturday,179,OTHER ACCIDENTS-OFF STRAIGHT NOT INCLUDED IN DCAs 170-175,1,66100,T intersection,2,60,Arterial Other,ELGAR,WHITEHORSE,-37.818604,145.1147,2019,3,March,13,Midday,Weekend
T20190004577,2019-03-09,22:33:00,1,Collision with vehicle,6,Saturday,120,HEAD ON (NOT OVERTAKING),5,343966,Not at intersection,2,100,Arterial Other,GISBORNE-MELTON,MELTON,-37.57823,144.57188,2019,3,March,22,Night,Weekend
T20190004545,2019-03-09,11:35:00,1,Collision with vehicle,6,Saturday,130,REAR END(VEHICLES IN SAME LANE),1,343231,Not at intersection,2,100,Freeway,PRINCES,CASEY,-38.03686,145.32932,2019,3,March,11,Midday,Weekend
T20190004562,2019-03-09,17:50:00,4,Collision with a fixed object,6,Saturday,193,STRUCK RAILWAY CROSSING FURNITURE,1,347124,Not at intersection,2,80,Local Road,DOWLING,BALLARAT,-37.51412,143.7595,2019,3,March,17,Afternoon Peak,Weekend
T20190004578,2019-03-09,22:10:00,1,Collision with vehicle,6,Saturday,121,RIGHT THROUGH,3,39891,T intersection,2,80,Arterial Other,KOROROIT CREEK,HOBSONS BAY,-37.84508,144.79073,2019,3,March,22,Night,Weekend
T20190004559,2019-03-09,16:55:00,4,Collision with a fixed object,6,Saturday,183,OFF LEFT BEND INTO OBJECT/PARKED VEHICLE,1,344208,Not at intersection,2,60,Arterial Other,KALKEE,HORSHAM,-36.70732,142.20221,2019,3,March,16,Afternoon Peak,Weekend
T20190004587,2019-03-09,12:05:00,4,Collision with a fixed object,6,Saturday,171,LEFT OFF CARRIAGEWAY INTO OBJECT/PARKED VEHICLE,1,343684,Not at intersection,2,50,Local Road,WESTERFIELD,MONASH,-37.90598,145.1498,2019,3,March,12,Midday,Weekend
T20190004621,2019-03-09,18:15:00,1,Collision with vehicle,6,Saturday,113,RIGHT NEAR (INTERSECTIONS ONLY),1,354110,T intersection,2,80,Arterial Other,SOUTH,BAYSIDE,-37.93238,145.02876,2019,3,March,18,Afternoon Peak,Weekend
T20190008162,2019-03-09,05:45:00,3,Struck animal,6,Saturday,167,STRUCK ANIMAL,5,346316,Not at intersection,3,100,Arterial Highway,GREAT ALPINE,ALPINE,-36.79161,147.0414,2019,3,March,5,Morning Peak,Weekend
T20190004581,2019-03-09,22:53:00,1,Collision with vehicle,6,Saturday,120,HEAD ON (NOT OVERTAKING),3,343446,Not at intersection,2,60,Arterial Highway,PRINCES,EAST GIPPSLAND,-37.82027,147.64893,2019,3,March,22,Night,Weekend
T20190004556,2019-03-09,18:00:00,1,Collision with vehicle,6,Saturday,110,CROSS TRAFFIC(INTERSECTIONS ONLY),1,45114,Cross intersection,3,60,Arterial Other,BILLSON,BASS COAST,-38.612972,145.59396,2019,3,March,18,Afternoon Peak,Weekend
T20190004524,2019-03-09,02:05:00,4,Collision with a fixed object,6,Saturday,171,LEFT OFF CARRIAGEWAY INTO OBJECT/PARKED VEHICLE,3,41427,Cross intersection,2,60,Arterial Other,WAVERLEY,STONNINGTON,-37.877323,145.0593,2019,3,March,2,Late Night,Weekend
T20190004527,2019-03-09,04:10:00,4,Collision with a fixed object,6,Saturday,183,OFF LEFT BEND INTO OBJECT/PARKED VEHICLE,3,59541,Cross intersection,3,60,Arterial Highway,CALDER,BENDIGO,-36.735115,144.13145,2019,3,March,4,Late Night,Weekend
T20190004575,2019-03-09,18:20:00,8,No collision and no object struck,6,Saturday,170,OFF CARRIAGEWAY TO LEFT,1,640176,Not at intersection,3,60,Arterial Other,MOUNT DANDENONG TOURIST,YARRA RANGES,-37.814972,145.35806,2019,3,March,18,Afternoon Peak,Weekend
T20190004528,2019-03-09,05:50:00,1,Collision with vehicle,6,Saturday,194,PARKED CAR RUN AWAY,3,344450,Not at intersection,3,40,Local Road,GEORGE,YARRA,-37.798252,144.98195,2019,3,March,5,Morning Peak,Weekend
T20190004520,2019-03-09,00:01:00,1,Collision with vehicle,6,Saturday,169,OTHER ON PATH,3,343491,T intersection,3,50,Local Road,LEAMINGTON,DAREBIN,-37.712303,145.00021,2019,3,March,0,Late Night,Weekend
T20190004613,2019-03-09,18:30:00,4,Collision with a fixed object,6,Saturday,171,LEFT OFF CARRIAGEWAY INTO OBJECT/PARKED VEHICLE,1,345295,T intersection,2,60,Arterial Other,WATTLETREE,NILLUMBIK,-37.697666,145.15016,2019,3,March,18,Afternoon Peak,Weekend
T20190004534,2019-03-09,12:00:00,1,Collision with vehicle,6,Saturday,139,OTHER SAME DIRECTION-MANOUEVRES NOT INCLUDED IN DCAs 130-137,1,343108,Not at intersection,2,80,Freeway,WESTERN RING OUT-PASCOE VALE,HUME,-37.70179,144.89255,2019,3,March,12,Midday,Weekend
T20190004635,2019-03-09,08:53:00,1,Collision with vehicle,6,Saturday,135,LANE CHANGE LEFT (NOT OVERTAKING),1,344816,T intersection,2,50,Arterial Highway,POINT NEPEAN,MORNINGTON PENINSULA,-38.320274,144.7151,2019,3,March,8,Morning Peak,Weekend
T20190004695,2019-03-09,01:30:00,2,Struck Pedestrian,6,Saturday,105,PED WALKING AGAINST TRAFFIC.,3,343179,Not at intersection,3,60,Local Road,LAKE,MELTON,-37.73311,144.74393,2019,3,March,1,Late Night,Weekend
T20190004696,2019-03-09,11:20:00,1,Collision with vehicle,6,Saturday,121,RIGHT THROUGH,1,343306,T intersection,3,80,Arterial Other,CANTERBURY,WHITEHORSE,-37.833885,145.16429,2019,3,March,11,Midday,Weekend
T20190004535,2019-03-09,10:00:00,1,Collision with vehicle,6,Saturday,113,RIGHT NEAR (INTERSECTIONS ONLY),1,343705,T intersection,3,60,Local Road,CAPITAL,WHITTLESEA,-37.633434,145.06609,2019,3,March,10,Midday,Weekend
T20190004624,2019-03-10,11:05:00,1,Collision with vehicle,7,Sunday,130,REAR END(VEHICLES IN SAME LANE),1,343113,Not at intersection,3,40,Arterial Other,VICTORIA,YARRA,-37.809967,144.99484,2019,3,March,11,Midday,Weekend
T20190004725,2019-03-10,01:42:00,4,Collision with a fixed object,7,Sunday,183,OFF LEFT BEND INTO OBJECT/PARKED VEHICLE,3,343380,Not at intersection,2,60,Arterial Highway,GAVAN,ALPINE,-36.72861,146.95049,2019,3,March,1,Late Night,Weekend
T20190004586,2019-03-10,02:00:00,4,Collision with a fixed object,7,Sunday,171,LEFT OFF CARRIAGEWAY INTO OBJECT/PARKED VEHICLE,3,343582,Not at intersection,2,50,Local Road,SOUTHERN CROSS,HUME,-37.622288,144.93568,2019,3,March,2,Late Night,Weekend
T20190004629,2019-03-10,22:50:00,6,Vehicle overturned (no collision),7,Sunday,170,OFF CARRIAGEWAY TO LEFT,3,343633,T intersection,3,50,Local Road,STONEBRIDGE,WHITTLESEA,-37.629704,145.01791,2019,3,March,22,Night,Weekend
T20190004611,2019-03-10,10:50:00,4,Collision with a fixed object,7,Sunday,181,OFF RIGHT BEND INTO OBJECT/PARKED VEHICLE,1,344111,Not at intersection,2,100,Arterial Other,HAMILTON-PORT FAIRY,MOYNE,-38.33963,142.18626,2019,3,March,10,Midday,Weekend
T20190004745,2019-03-10,00:38:00,1,Collision with vehicle,7,Sunday,130,REAR END(VEHICLES IN SAME LANE),6,221931,Cross intersection,3,60,Freeway,SUNSHINE,BRIMBANK,-37.75159,144.83264,2019,3,March,0,Late Night,Weekend
T20190004628,2019-03-10,21:28:00,1,Collision with vehicle,7,Sunday,154,PULLING OUT -REAR END,5,344126,Not at intersection,2,100,Freeway,MORNINGTON PENINSULA,KINGSTON,-38.06312,145.1486,2019,3,March,21,Night,Weekend
T20190004610,2019-03-10,14:41:00,1,Collision with vehicle,7,Sunday,130,REAR END(VEHICLES IN SAME LANE),1,344980,Not at intersection,2,80,Arterial Highway,PRINCES,CASEY,-38.006752,145.27448,2019,3,March,14,Midday,Weekend
T20190004605,2019-03-10,11:30:00,1,Collision with vehicle,7,Sunday,139,OTHER SAME DIRECTION-MANOUEVRES NOT INCLUDED IN DCAs 130-137,1,343499,T intersection,3,40,Local Road,WALLS,WYNDHAM,-37.904144,144.63684,2019,3,March,11,Midday,Weekend
T20190004627,2019-03-10,22:50:00,4,Collision with a fixed object,7,Sunday,173,RIGHT OFF CARRIAGEWAY INTO OBJECT/PARKED VEHICLE,3,304737,Cross intersection,3,80,Local Road,POWER,CASEY,-37.97314,145.24226,2019,3,March,22,Night,Weekend
T20190004600,2019-03-10,11:41:00,1,Collision with vehicle,7,Sunday,113,RIGHT NEAR (INTERSECTIONS ONLY),1,44365,Cross intersection,2,60,Arterial Other,DERRIMUT,WYNDHAM,-37.87764,144.68279,2019,3,March,11,Midday,Weekend
T20190004623,2019-03-10,22:00:00,4,Collision with a fixed object,7,Sunday,171,LEFT OFF CARRIAGEWAY INTO OBJECT/PARKED VEHICLE,5,359188,Not at intersection,3,60,Local Road,LEXTON,HUME,-37.660755,144.93892,2019,3,March,22,Night,Weekend
T20190004599,2019-03-10,13:30:00,6,Vehicle overturned (no collision),7,Sunday,184,OUT OF CONTROL ON CARRIAGEWAY (ON BEND),1,343488,Not at intersection,3,100,Arterial Other,BROADFORD-FLOWERDALE,MURRINDINDI,-37.247654,145.1706,2019,3,March,13,Midday,Weekend
T20190004603,2019-03-10,13:30:00,1,Collision with vehicle,7,Sunday,110,CROSS TRAFFIC(INTERSECTIONS ONLY),1,53502,Cross intersection,3,100,Arterial Other,CURR,CAMPASPE,-36.3988,144.98236,2019,3,March,13,Midday,Weekend
T20190004598,2019-03-10,13:15:00,1,Collision with vehicle,7,Sunday,112,LEFT FAR (INTERSECTIONS ONLY),1,343123,T intersection,3,80,Arterial Highway,SCHOOL,SURF COAST,-38.338577,144.26318,2019,3,March,13,Midday,Weekend
T20190004594,2019-03-10,05:54:00,1,Collision with vehicle,7,Sunday,169,OTHER ON PATH,3,343097,Not at intersection,1,50,Local Road,FRANK,KINGSTON,-37.929985,145.11627,2019,3,March,5,Morning Peak,Weekend
T20190004591,2019-03-10,06:12:00,4,Collision with a fixed object,7,Sunday,171,LEFT OFF CARRIAGEWAY INTO OBJECT/PARKED VEHICLE,3,344727,Not at intersection,2,60,Arterial Highway,BELL,BANYULE,-37.749397,145.03693,2019,3,March,6,Morning Peak,Weekend
T20190004622,2019-03-10,18:02:00,7,Fall from or in moving vehicle,7,Sunday,190,FELL IN/FROM VEHICLE,1,343217,Not at intersection,1,50,Local Road,CAMBRIDGE,HUME,-37.67819,144.96623,2019,3,March,18,Afternoon Peak,Weekend
T20190004601,2019-03-10,13:50:00,1,Collision with vehicle,7,Sunday,110,CROSS TRAFFIC(INTERSECTIONS ONLY),1,35625,Cross intersection,2,80,Arterial Highway,PRINCES,CASEY,-38.00321,145.24922,2019,3,March,13,Midday,Weekend
T20190004639,2019-03-10,20:00:00,1,Collision with vehicle,7,Sunday,130,REAR END(VEHICLES IN SAME LANE),3,360310,Not at intersection,2,70,Arterial Other,SYDNEY,HUME,-37.684113,144.95728,2019,3,March,20,Night,Weekend
T20190004636,2019-03-10,11:01:00,1,Collision with vehicle,7,Sunday,110,CROSS TRAFFIC(INTERSECTIONS ONLY),1,69986,Cross intersection,3,50,Local Road,KING,EAST GIPPSLAND,-37.915283,147.72041,2019,3,March,11,Midday,Weekend
T20190004620,2019-03-10,15:30:00,1,Collision with vehicle,7,Sunday,143,ENTERING PARKING,1,343931,Not at intersection,3,40,Local Road,WENDOUREE,BALLARAT,-37.54486,143.82413,2019,3,March,15,Afternoon Peak,Weekend
T20190004661,2019-03-10,19:30:00,1,Collision with vehicle,7,Sunday,140,U TURN,1,345838,Not at intersection,3,100,Freeway,EASTERN,BOROONDARA,-37.779594,145.09329,2019,3,March,19,Night,Weekend
T20190004667,2019-03-10,18:20:00,1,Collision with vehicle,7,Sunday,132,RIGHT REAR.,2,47156,T intersection,2,80,Arterial Other,DUNCANS,WYNDHAM,-37.92709,144.70406,2019,3,March,18,Afternoon Peak,Weekend
T20190004720,2019-03-10,16:15:00,6,Vehicle overturned (no collision),7,Sunday,184,OUT OF CONTROL ON CARRIAGEWAY (ON BEND),1,343220,Not at intersection,3,80,Local Road,EILDON-JAMIESON,MURRINDINDI,-37.33838,145.96361,2019,3,March,16,Afternoon Peak,Weekend
T20190004633,2019-03-10,23:00:00,1,Collision with vehicle,7,Sunday,110,CROSS TRAFFIC(INTERSECTIONS ONLY),3,52583,Cross intersection,2,50,Arterial Highway,INKERMAN,NORTHERN GRAMPIANS,-36.61672,143.25829,2019,3,March,23,Night,Weekend
T20190004618,2019-03-10,20:00:00,1,Collision with vehicle,7,Sunday,135,LANE CHANGE LEFT (NOT OVERTAKING),3,343611,Not at intersection,2,100,Freeway,WESTERN RING,WYNDHAM,-37.82249,144.81065,2019,3,March,20,Night,Weekend
T20190004642,2019-03-11,11:46:00,1,Collision with vehicle,1,Monday,110,CROSS TRAFFIC(INTERSECTIONS ONLY),1,1323,Cross intersection,3,70,Arterial Other,SYDNEY,HUME,-37.689465,144.95798,2019,3,March,11,Midday,Weekday
T20190004729,2019-03-11,18:35:00,1,Collision with vehicle,1,Monday,110,CROSS TRAFFIC(INTERSECTIONS ONLY),1,343230,Cross intersection,3,60,Arterial Other,THAMES PROMENADE -WELLS,KINGSTON,-38.043903,145.13995,2019,3,March,18,Afternoon Peak,Weekday
T20190004911,2019-03-11,22:40:00,6,Vehicle overturned (no collision),1,Monday,179,OTHER ACCIDENTS-OFF STRAIGHT NOT INCLUDED IN DCAs 170-175,3,53113,Cross intersection,3,50,Arterial Highway,ALBERT STREET -SKIPTON,BALLARAT,-37.58226,143.84088,2019,3,March,22,Night,Weekday
T20190017607,2019-03-11,11:15:00,1,Collision with vehicle,1,Monday,110,CROSS TRAFFIC(INTERSECTIONS ONLY),1,29420,Cross intersection,2,40,Local Road,FLINDERS,MELBOURNE,-37.819614,144.96002,2019,3,March,11,Midday,Weekday
T20200002190,2019-03-11,10:00:00,8,No collision and no object struck,1,Monday,174,OUT OF CONTROL ON CARRIAGEWAY (ON STRAIGHT),1,624840,Not at intersection,3,50,Local Road,BRENNANS,NILLUMBIK,-37.570763,145.20776,2019,3,March,10,Midday,Weekday
T20190004637,2019-03-11,10:30:00,1,Collision with vehicle,1,Monday,121,RIGHT THROUGH,1,44056,Cross intersection,2,60,Local Road,HIGH,DAREBIN,-37.72691,145.00597,2019,3,March,10,Midday,Weekday
T20190004638,2019-03-11,11:18:00,2,Struck Pedestrian,1,Monday,100,PED NEAR SIDE. PED HIT BY VEHICLE FROM THE RIGHT.,1,43696,Cross intersection,3,50,Local Road,BROOK,HUME,-37.57973,144.72934,2019,3,March,11,Midday,Weekday
T20190004644,2019-03-11,09:01:00,1,Collision with vehicle,1,Monday,113,RIGHT NEAR (INTERSECTIONS ONLY),1,66177,T intersection,3,50,Local Road,CAMBRIDGE,WHITEHORSE,-37.820477,145.1191,2019,3,March,9,Morning Peak,Weekday
T20190004647,2019-03-11,12:00:00,4,Collision with a fixed object,1,Monday,151,OUT OF CONTROL (OVERTAKING),1,343138,Not at intersection,3,80,Local Road,HENDERSONS,MORNINGTON PENINSULA,-38.334393,145.16705,2019,3,March,12,Midday,Weekday
T20190004649,2019-03-11,08:30:00,1,Collision with vehicle,1,Monday,113,RIGHT NEAR (INTERSECTIONS ONLY),1,29775,Cross intersection,3,80,Arterial Other,FRANKSTON-FLINDERS,MORNINGTON PENINSULA,-38.238575,145.18924,2019,3,March,8,Morning Peak,Weekday
T20190004653,2019-03-11,13:23:00,6,Vehicle overturned (no collision),1,Monday,199,UNKNOWN-NO DETAILS ON MANOEUVRES OF ROAD-USERS IN ACCIDENT,1,343242,Not at intersection,3,50,Local Road,COMMERCIAL,LATROBE,-38.23715,146.39653,2019,3,March,13,Midday,Weekday
T20190004654,2019-03-11,13:45:00,1,Collision with vehicle,1,Monday,160,VEHICLE COLLIDES WITH VEHICLE PARKED ON LEFT OF ROAD,1,343175,Not at intersection,2,50,Local Road,DARE,GEELONG,-38.26875,144.52306,2019,3,March,13,Midday,Weekday
T20190004655,2019-03-11,11:25:00,4,Collision with a fixed object,1,Monday,171,LEFT OFF CARRIAGEWAY INTO OBJECT/PARKED VEHICLE,1,343181,Not at intersection,2,100,Local Road,DAYLESFORD-CLUNES,HEPBURN,-37.363674,143.99876,2019,3,March,11,Midday,Weekday
T20190004658,2019-03-11,14:02:00,4,Collision with a fixed object,1,Monday,171,LEFT OFF CARRIAGEWAY INTO OBJECT/PARKED VEHICLE,1,640174,Not at intersection,3,60,Local Road,BRIDE,CASEY,-38.03062,145.25699,2019,3,March,14,Midday,Weekday
T20190004660,2019-03-11,14:00:00,1,Collision with vehicle,1,Monday,130,REAR END(VEHICLES IN SAME LANE),1,793,Cross intersection,3,80,Arterial Highway,SPRINGVALE,MONASH,-37.932533,145.15622,2019,3,March,14,Midday,Weekday
T20190004663,2019-03-11,10:55:00,1,Collision with vehicle,1,Monday,121,RIGHT THROUGH,1,411,Cross intersection,3,60,Arterial Other,STATION,DAREBIN,-37.774384,145.01889,2019,3,March,10,Midday,Weekday
T20190005947,2019-03-11,07:24:00,1,Collision with vehicle,1,Monday,130,REAR END(VEHICLES IN SAME LANE),1,605050,Not at intersection,3,60,Arterial Other,CAMP,HUME,-37.686115,144.92668,2019,3,March,7,Morning Peak,Weekday
T20190004664,2019-03-11,16:12:00,1,Collision with vehicle,1,Monday,137,LEFT TURN SIDESWIPE,1,40074,T intersection,3,40,Local Road,FITZROY,PORT PHILLIP,-37.86065,144.97589,2019,3,March,16,Afternoon Peak,Weekday