ACCIDENT_NO,ACCIDENT_DATE,ACCIDENT_TIME,ACCIDENT_TYPE,ACCIDENT_TYPE_DESC,DAY_OF_WEEK,DAY_WEEK_DESC,DCA_CODE,DCA_DESC,LIGHT_CONDITION,NODE_ID,ROAD_GEOMETRY_DESC,SEVERITY,SPEED_ZONE,RMA,ROAD_NAME,LGA_NAME,LATITUDE,LONGITUDE,YEAR,MONTH,MONTH_NAME,HOUR,TIME_PERIOD,DAY_TYPE
T20190004665,2019-03-11,13:55:00,1,Collision with vehicle,1,Monday,111,RIGHT FAR (INTERSECTIONS ONLY),1,234746,T intersection,3,60,Arterial Other,EPPING,WHITTLESEA,-37.65311,145.02284,2019,3,March,13,Midday,Weekday
T20190004666,2019-03-11,13:02:00,1,Collision with vehicle,1,Monday,130,REAR END(VEHICLES IN SAME LANE),1,635630,Not at intersection,3,100,Freeway,PRINCES,HOBSONS BAY,-37.861717,144.77701,2019,3,March,13,Midday,Weekday
T20190004668,2019-03-11,16:30:00,1,Collision with vehicle,1,Monday,110,CROSS TRAFFIC(INTERSECTIONS ONLY),1,249,Cross intersection,2,60,Freeway,BATMAN,MELBOURNE,-37.82329,144.9785,2019,3,March,16,Afternoon Peak,Weekday
T20190004670,2019-03-11,18:30:00,1,Collision with vehicle,1,Monday,110,CROSS TRAFFIC(INTERSECTIONS ONLY),1,35357,Cross intersection,3,40,Local Road,FLINDERS,MELBOURNE,-37.81791,144.96202,2019,3,March,18,Afternoon Peak,Weekday
T20190004671,2019-03-11,18:45:00,1,Collision with vehicle,1,Monday,110,CROSS TRAFFIC(INTERSECTIONS ONLY),1,60388,Cross intersection,3,40,Arterial Highway,PORT FAIRY ROAD -VINCENT,ARARAT,-37.29071,142.927,2019,3,March,18,Afternoon Peak,Weekday
T20190004673,2019-03-11,16:00:00,4,Collision with a fixed object,1,Monday,171,LEFT OFF CARRIAGEWAY INTO OBJECT/PARKED VEHICLE,1,343652,Not at intersection,2,80,Local Road,HOLDEN,MELTON,-37.661106,144.72629,2019,3,March,16,Afternoon Peak,Weekday
T20190004674,2019-03-11,20:11:00,1,Collision with vehicle,1,Monday,113,RIGHT NEAR (INTERSECTIONS ONLY),3,43119,T intersection,3,50,Local Road,LIQUIDAMBER,CASEY,-37.980846,145.24072,2019,3,March,20,Night,Weekday
T20190004676,2019-03-11,20:00:00,4,Collision with a fixed object,1,Monday,171,LEFT OFF CARRIAGEWAY INTO OBJECT/PARKED VEHICLE,3,345412,Not at intersection,3,60,Arterial Highway,SOUTH GIPPSLAND,CASEY,-38.11367,145.28299,2019,3,March,20,Night,Weekday
T20190004677,2019-03-11,19:00:00,1,Collision with vehicle,1,Monday,169,OTHER ON PATH,1,343350,Not at intersection,3,60,Arterial Other,BLACKSHAWS,HOBSONS BAY,-37.833843,144.87277,2019,3,March,19,Night,Weekday
T20190004681,2019-03-11,23:00:00,1,Collision with vehicle,1,Monday,121,RIGHT THROUGH,3,38709,Cross intersection,2,60,Arterial Other,BALLARAT,MARIBYRNONG,-37.791183,144.8895,2019,3,March,23,Night,Weekday
T20190004683,2019-03-11,02:00:00,2,Struck Pedestrian,1,Monday,102,FAR SIDE. PED HIT BY VEHICLE FROM THE LEFT,3,343218,Not at intersection,2,40,Arterial Other,MAIN,MORNINGTON PENINSULA,-38.218204,145.03763,2019,3,March,2,Late Night,Weekday
T20190004684,2019-03-11,23:30:00,1,Collision with vehicle,1,Monday,110,CROSS TRAFFIC(INTERSECTIONS ONLY),3,640175,Cross intersection,3,70,Arterial Other,YAN YEAN,NILLUMBIK,-37.671616,145.12646,2019,3,March,23,Night,Weekday
T20190004691,2019-03-11,16:50:00,2,Struck Pedestrian,1,Monday,106,VEH STRIKES PED ON FOOTPATH/MEDIAN/TRAFFIC ISLAND.,1,51044,T intersection,2,60,Arterial Other,GRETA,WANGARATTA,-36.373177,146.31064,2019,3,March,16,Afternoon Peak,Weekday
T20190004707,2019-03-11,16:35:00,1,Collision with vehicle,1,Monday,120,HEAD ON (NOT OVERTAKING),1,345477,Not at intersection,1,100,Arterial Highway,SUNRAYSIA,NORTHERN GRAMPIANS,-36.47102,143.06871,2019,3,March,16,Afternoon Peak,Weekday
T20190004717,2019-03-11,19:40:00,8,No collision and no object struck,1,Monday,184,OUT OF CONTROL ON CARRIAGEWAY (ON BEND),5,2684,Not at intersection,3,60,Arterial Other,MOUNT DANDENONG TOURIST,YARRA RANGES,-37.862213,145.36182,2019,3,March,19,Night,Weekday
T20190004747,2019-03-12,18:30:00,8,No collision and no object struck,2,Tuesday,180,OFF CARRIAGEWAY ON RIGHT BEND,1,343168,Not at intersection,1,100,Arterial Other,NATIMUK-FRANCES,WEST WIMMERA,-36.71654,141.44762,2019,3,March,18,Afternoon Peak,Weekday
T20190004716,2019-03-12,13:55:00,1,Collision with vehicle,2,Tuesday,133,LANE SIDE SWIPE (VEHICLES IN PARALLEL LANES),1,36581,Cross intersection,3,40,Local Road,MATER,YARRA,-37.79534,144.9849,2019,3,March,13,Midday,Weekday
T20190006262,2019-03-12,14:30:00,1,Collision with vehicle,2,Tuesday,130,REAR END(VEHICLES IN SAME LANE),1,168,T intersection,3,80,Arterial Highway,FRANKSTON-DANDENONG,DANDENONG,-38.031662,145.21194,2019,3,March,14,Midday,Weekday
T20190004706,2019-03-12,10:35:00,1,Collision with vehicle,2,Tuesday,140,U TURN,1,343233,Not at intersection,2,80,Arterial Other,CANTERBURY,MAROONDAH,-37.827106,145.2847,2019,3,March,10,Midday,Weekday
T20190004710,2019-03-12,08:50:00,1,Collision with vehicle,2,Tuesday,110,CROSS TRAFFIC(INTERSECTIONS ONLY),1,58112,Cross intersection,3,50,Local Road,NINTH,MILDURA,-34.182373,142.15587,2019,3,March,8,Morning Peak,Weekday
T20190007900,2019-03-12,18:50:00,1,Collision with vehicle,2,Tuesday,121,RIGHT THROUGH,3,37935,Not at intersection,3,40,Local Road,HIGH,DAREBIN,-37.75608,145.00102,2019,3,March,18,Afternoon Peak,Weekday
T20190004714,2019-03-12,12:25:00,4,Collision with a fixed object,2,Tuesday,151,OUT OF CONTROL (OVERTAKING),1,343299,Not at intersection,3,80,Arterial Highway,BURWOOD,WHITEHORSE,-37.852936,145.1551,2019,3,March,12,Midday,Weekday
T20190004718,2019-03-12,10:37:00,1,Collision with vehicle,2,Tuesday,160,VEHICLE COLLIDES WITH VEHICLE PARKED ON LEFT OF ROAD,1,343479,Not at intersection,2,60,Local Road,JOBS GULLY,BENDIGO,-36.709732,144.27908,2019,3,March,10,Midday,Weekday
T20190004690,2019-03-12,00:30:00,2,Struck Pedestrian,2,Tuesday,108,PED STRUCK WALKING TO/FROM OR BOARDING/ALIGHTING VEHICLE.,3,37135,T intersection,3,40,Arterial Other,SWAN,YARRA,-37.825176,144.9934,2019,3,March,0,Late Night,Weekday
T20190004719,2019-03-12,11:33:00,1,Collision with vehicle,2,Tuesday,120,HEAD ON (NOT OVERTAKING),1,345683,Not at intersection,2,60,Local Road,FORREST,BRIMBANK,-37.785168,144.82538,2019,3,March,11,Midday,Weekday
T20190004738,2019-03-12,16:18:00,1,Collision with vehicle,2,Tuesday,135,LANE CHANGE LEFT (NOT OVERTAKING),1,70738,Cross intersection,2,60,Arterial Highway,CHELTENHAM,DANDENONG,-37.991104,145.20789,2019,3,March,16,Afternoon Peak,Weekday
T20190004736,2019-03-12,16:23:00,1,Collision with vehicle,2,Tuesday,113,RIGHT NEAR (INTERSECTIONS ONLY),1,71499,T intersection,2,80,Arterial Other,KOO WEE RUP,CARDINIA,-38.10283,145.48793,2019,3,March,16,Afternoon Peak,Weekday
T20190004724,2019-03-12,14:30:00,1,Collision with vehicle,2,Tuesday,171,LEFT OFF CARRIAGEWAY INTO OBJECT/PARKED VEHICLE,1,343365,Not at intersection,2,50,Local Road,ABBOTSFORD,MELBOURNE,-37.80221,144.9456,2019,3,March,14,Midday,Weekday
T20190004732,2019-03-12,11:35:00,6,Vehicle overturned (no collision),2,Tuesday,182,OFF CARRIAGEWAY ON LEFT BEND,1,344612,Not at intersection,2,100,Local Road,BURNSIDE,SOUTHERN GRAMPIANS,-37.62185,142.49034,2019,3,March,11,Midday,Weekday
T20190004731,2019-03-12,13:30:00,4,Collision with a fixed object,2,Tuesday,171,LEFT OFF CARRIAGEWAY INTO OBJECT/PARKED VEHICLE,1,343289,Not at intersection,2,80,Freeway,WEST GATE OUT-CITYLINK OUT,MELBOURNE,-37.826714,144.94858,2019,3,March,13,Midday,Weekday
T20190004959,2019-03-12,09:00:00,1,Collision with vehicle,2,Tuesday,130,REAR END(VEHICLES IN SAME LANE),1,343628,T intersection,2,100,Freeway,PRINCES,WYNDHAM,-37.86923,144.75612,2019,3,March,9,Morning Peak,Weekday
T20190004692,2019-03-12,07:20:00,7,Fall from or in moving vehicle,2,Tuesday,179,OTHER ACCIDENTS-OFF STRAIGHT NOT INCLUDED IN DCAs 170-175,1,51568,Not at intersection,3,60,Arterial Other,STRICKLAND,BENDIGO,-36.749596,144.3158,2019,3,March,7,Morning Peak,Weekday
T20190004689,2019-03-12,06:35:00,2,Struck Pedestrian,2,Tuesday,102,FAR SIDE. PED HIT BY VEHICLE FROM THE LEFT,3,343240,Not at intersection,2,60,Local Road,RINGWOOD,MAROONDAH,-37.80795,145.22731,2019,3,March,6,Morning Peak,Weekday
T20190004742,2019-03-12,18:47:00,1,Collision with vehicle,2,Tuesday,130,REAR END(VEHICLES IN SAME LANE),1,343629,Not at intersection,3,80,Freeway,WESTERN IN-ROBINSONS,MELTON,-37.7939,144.75185,2019,3,March,18,Afternoon Peak,Weekday
T20190004735,2019-03-12,15:15:00,2,Struck Pedestrian,2,Tuesday,102,FAR SIDE. PED HIT BY VEHICLE FROM THE LEFT,1,344824,Not at intersection,2,40,Arterial Other,BURKE,BOROONDARA,-37.80673,145.06139,2019,3,March,15,Afternoon Peak,Weekday
T20190004693,2019-03-12,06:45:00,1,Collision with vehicle,2,Tuesday,130,REAR END(VEHICLES IN SAME LANE),2,343661,Not at intersection,3,100,Freeway,WESTERN,MELTON,-37.720634,144.64708,2019,3,March,6,Morning Peak,Weekday
T20190004739,2019-03-12,20:20:00,2,Struck Pedestrian,2,Tuesday,107,PED ON FOOTHPATH STRUCK BY VEHENTERING/LEAVING DRIVEWAY.,3,343190,Not at intersection,3,60,Arterial Other,BURWOOD,YARRA RANGES,-37.90632,145.34262,2019,3,March,20,Night,Weekday
T20190004740,2019-03-12,19:34:00,4,Collision with a fixed object,2,Tuesday,181,OFF RIGHT BEND INTO OBJECT/PARKED VEHICLE,5,346354,Not at intersection,3,80,Local Road,WARNEET,CASEY,-38.21879,145.3234,2019,3,March,19,Night,Weekday
T20190004850,2019-03-12,19:30:00,1,Collision with vehicle,2,Tuesday,111,RIGHT FAR (INTERSECTIONS ONLY),6,248292,T intersection,3,50,Local Road,ROCHDALE,WHITTLESEA,-37.66666,145.0214,2019,3,March,19,Night,Weekday
T20190004694,2019-03-12,08:00:00,1,Collision with vehicle,2,Tuesday,121,RIGHT THROUGH,1,36493,Cross intersection,2,30,Local Road,BRUNSWICK,YARRA,-37.7941,144.97917,2019,3,March,8,Morning Peak,Weekday
T20190004723,2019-03-12,14:19:00,1,Collision with vehicle,2,Tuesday,130,REAR END(VEHICLES IN SAME LANE),1,45594,T intersection,2,60,Arterial Other,MORELAND,MORELAND,-37.75466,144.95752,2019,3,March,14,Midday,Weekday
T20190004697,2019-03-12,09:45:00,1,Collision with vehicle,2,Tuesday,133,LANE SIDE SWIPE (VEHICLES IN PARALLEL LANES),1,357689,Not at intersection,3,100,Freeway,GEELONG RING,GEELONG,-38.12332,144.31749,2019,3,March,9,Morning Peak,Weekday
T20190004741,2019-03-12,15:14:00,1,Collision with vehicle,2,Tuesday,121,RIGHT THROUGH,1,343367,T intersection,2,50,Local Road,HEYINGTON,DANDENONG,-37.958347,145.19942,2019,3,March,15,Afternoon Peak,Weekday
T20190004698,2019-03-12,10:00:00,2,Struck Pedestrian,2,Tuesday,100,PED NEAR SIDE. PED HIT BY VEHICLE FROM THE RIGHT.,1,41840,Cross intersection,2,60,Arterial Other,PASCOE,MORELAND,-37.716515,144.93665,2019,3,March,10,Midday,Weekday
T20190004790,2019-03-13,14:09:00,4,Collision with a fixed object,3,Wednesday,179,OTHER ACCIDENTS-OFF STRAIGHT NOT INCLUDED IN DCAs 170-175,1,59414,Multiple intersection,2,60,Arterial Highway,MILL STREET -NORTH WESTERN,NORTHERN GRAMPIANS,-36.612347,143.25461,2019,3,March,14,Midday,Weekday
T20190004788,2019-03-13,14:57:00,1,Collision with vehicle,3,Wednesday,110,CROSS TRAFFIC(INTERSECTIONS ONLY),1,29740,Cross intersection,2,80,Arterial Other,CRANBOURNE ROAD -CRANBOURNE-FRANKSTON,FRANKSTON,-38.15641,145.17067,2019,3,March,14,Midday,Weekday
T20190004787,2019-03-13,14:05:00,1,Collision with vehicle,3,Wednesday,147,VEHICLE STRIKES ANOTHER VEH WHILE EMERGING FROM DRIVEWAY,1,343718,Not at intersection,3,60,Local Road,GLENEAGLES,CASEY,-37.966667,145.2652,2019,3,March,14,Midday,Weekday
T20190004785,2019-03-13,13:10:00,1,Collision with vehicle,3,Wednesday,132,RIGHT REAR.,1,345285,T intersection,2,60,Arterial Other,MIDDLEBOROUGH,WHITEHORSE,-37.854233,145.13199,2019,3,March,13,Midday,Weekday
T20190004760,2019-03-13,06:50:00,1,Collision with vehicle,3,Wednesday,121,RIGHT THROUGH,1,45697,Cross intersection,3,60,Freeway,WESTERN RING OUT-SUNSHINE,BRIMBANK,-37.749912,144.83171,2019,3,March,6,Morning Peak,Weekday
T20190004759,2019-03-13,06:40:00,1,Collision with vehicle,3,Wednesday,120,HEAD ON (NOT OVERTAKING),2,43358,T intersection,2,50,Arterial Other,SEAFORD,FRANKSTON,-38.110542,145.1308,2019,3,March,6,Morning Peak,Weekday
T20190004756,2019-03-13,05:09:00,1,Collision with vehicle,3,Wednesday,111,RIGHT FAR (INTERSECTIONS ONLY),1,42874,T intersection,3,80,Arterial Highway,SPRINGVALE,DANDENONG,-37.971027,145.14848,2019,3,March,5,Morning Peak,Weekday
T20190005315,2019-03-13,20:39:00,1,Collision with vehicle,3,Wednesday,122,LEFT THROUGH,3,38815,T intersection,3,60,Arterial Other,DYNON,MELBOURNE,-37.801514,144.91486,2019,3,March,20,Night,Weekday
T20190004783,2019-03-13,08:40:00,4,Collision with a fixed object,3,Wednesday,171,LEFT OFF CARRIAGEWAY INTO OBJECT/PARKED VEHICLE,1,346535,Not at intersection,2,100,Arterial Other,MYAMYN-MACARTHUR,GLENELG,-37.996777,141.75003,2019,3,March,8,Morning Peak,Weekday
T20190005312,2019-03-13,13:00:00,5,collision with some other object,3,Wednesday,198,OTHER ACCIDENTS NOT CLASSIFIABLE ELSEWHERE,1,343587,Not at intersection,3,70,Arterial Other,RINGWOOD-WARRANDYTE,MANNINGHAM,-37.763096,145.23203,2019,3,March,13,Midday,Weekday
T20190004782,2019-03-13,13:45:00,4,Collision with a fixed object,3,Wednesday,173,RIGHT OFF CARRIAGEWAY INTO OBJECT/PARKED VEHICLE,1,343748,Cross intersection,3,60,Arterial Other,QUEEN,HOBSONS BAY,-37.87373,144.7873,2019,3,March,13,Midday,Weekday
T20190004855,2019-03-13,15:00:00,4,Collision with a fixed object,3,Wednesday,171,LEFT OFF CARRIAGEWAY INTO OBJECT/PARKED VEHICLE,1,343298,Not at intersection,3,100,Arterial Other,BROWN COALMINE,LATROBE,-38.1491,146.47353,2019,3,March,15,Afternoon Peak,Weekday
T20190004880,2019-03-13,17:50:00,1,Collision with vehicle,3,Wednesday,135,LANE CHANGE LEFT (NOT OVERTAKING),1,35712,Cross intersection,3,40,Arterial Other,SYDNEY,MORELAND,-37.767048,144.96213,2019,3,March,17,Afternoon Peak,Weekday
T20190005017,2019-03-13,20:36:00,1,Collision with vehicle,3,Wednesday,110,CROSS TRAFFIC(INTERSECTIONS ONLY),3,51546,Cross intersection,2,60,Local Road,BOBS,BENDIGO,-36.740215,144.29985,2019,3,March,20,Night,Weekday
T20190004820,2019-03-13,16:30:00,7,Fall from or in moving vehicle,3,Wednesday,190,FELL IN/FROM VEHICLE,1,52621,Cross intersection,3,50,Local Road,FIREBRACE,HORSHAM,-36.71784,142.19974,2019,3,March,16,Afternoon Peak,Weekday
T20190004815,2019-03-13,19:25:00,4,Collision with a fixed object,3,Wednesday,183,OFF LEFT BEND INTO OBJECT/PARKED VEHICLE,1,344764,Not at intersection,3,80,Local Road,HAUNTED HILLS,LATROBE,-38.19755,146.32277,2019,3,March,19,Night,Weekday
T20190004810,2019-03-13,22:05:00,4,Collision with a fixed object,3,Wednesday,171,LEFT OFF CARRIAGEWAY INTO OBJECT/PARKED VEHICLE,5,347403,Not at intersection,3,100,Local Road,CLIFTON WEST,EAST GIPPSLAND,-37.758648,147.61044,2019,3,March,22,Night,Weekday
T20190004806,2019-03-13,18:10:00,1,Collision with vehicle,3,Wednesday,145,REVERSING IN STREAM OF TRAFFIC,1,345973,Not at intersection,3,50,Local Road,JOSEPH,HUME,-37.68528,144.92224,2019,3,March,18,Afternoon Peak,Weekday
T20190004800,2019-03-13,18:35:00,1,Collision with vehicle,3,Wednesday,134,LANE CHANGE RIGHT (NOT OVERTAKING),2,343316,Not at intersection,3,60,Arterial Highway,PLENTY,WHITTLESEA,-37.692318,145.0624,2019,3,March,18,Afternoon Peak,Weekday
T20190004799,2019-03-13,14:40:00,1,Collision with vehicle,3,Wednesday,121,RIGHT THROUGH,1,346353,Not at intersection,2,60,Local Road,CAMMS,CASEY,-38.09795,145.28212,2019,3,March,14,Midday,Weekday
T20190004798,2019-03-13,19:10:00,1,Collision with vehicle,3,Wednesday,130,REAR END(VEHICLES IN SAME LANE),1,346068,T intersection,3,80,Arterial Other,MELTON,BRIMBANK,-37.700527,144.79636,2019,3,March,19,Night,Weekday
T20190004870,2019-03-13,14:24:00,1,Collision with vehicle,3,Wednesday,130,REAR END(VEHICLES IN SAME LANE),1,343362,Not at intersection,3,60,Arterial Other,PASCOE VALE,MOONEE VALLEY,-37.75322,144.92563,2019,3,March,14,Midday,Weekday
T20190004796,2019-03-13,15:30:00,1,Collision with vehicle,3,Wednesday,116,LEFT NEAR (INTERSECTIONS ONLY),1,997,Cross intersection,3,60,Arterial Other,COBURNS ROAD -HIGH,MELTON,-37.684307,144.56819,2019,3,March,15,Afternoon Peak,Weekday
T20190004795,2019-03-13,16:10:00,2,Struck Pedestrian,3,Wednesday,109,ANY MANOEUVRE INVOLVING PED NOT INCLUDED IN DCAs 100-108.,1,345215,Not at intersection,3,60,Arterial Highway,STUD,DANDENONG,-37.98505,145.22073,2019,3,March,16,Afternoon Peak,Weekday
T20190004794,2019-03-13,16:55:00,1,Collision with vehicle,3,Wednesday,130,REAR END(VEHICLES IN SAME LANE),1,343267,Not at intersection,2,100,Freeway,METROPOLITAN RING,HUME,-37.691822,144.96097,2019,3,March,16,Afternoon Peak,Weekday
T20190004793,2019-03-13,14:45:00,1,Collision with vehicle,3,Wednesday,140,U TURN,1,343236,Not at intersection,3,50,Local Road,GLADESVILLE,KINGSTON,-38.06221,145.14539,2019,3,March,14,Midday,Weekday
T20190004953,2019-03-13,19:40:00,1,Collision with vehicle,3,Wednesday,135,LANE CHANGE LEFT (NOT OVERTAKING),2,343893,Not at intersection,2,80,Freeway,DOMAIN,MELBOURNE,-37.825283,144.97038,2019,3,March,19,Night,Weekday
T20190005551,2019-03-13,18:00:00,1,Collision with vehicle,3,Wednesday,163,VEHICLE STRIKES DOOR OF PARKED/STATIONARY VEHICLE,2,343581,Not at intersection,3,50,Local Road,EDWARDES,DAREBIN,-37.71605,145.00354,2019,3,March,18,Afternoon Peak,Weekday
T20190005201,2019-03-13,06:30:00,1,Collision with vehicle,3,Wednesday,130,REAR END(VEHICLES IN SAME LANE),3,346238,Not at intersection,3,60,Arterial Other,THOMPSONS,DANDENONG,-38.072327,145.19644,2019,3,March,6,Morning Peak,Weekday
T20190004779,2019-03-13,13:10:00,1,Collision with vehicle,3,Wednesday,133,LANE SIDE SWIPE (VEHICLES IN PARALLEL LANES),1,37071,T intersection,3,40,Arterial Other,SWAN,YARRA,-37.824913,144.99117,2019,3,March,13,Midday,Weekday
T20190004777,2019-03-13,11:40:00,1,Collision with vehicle,3,Wednesday,140,U TURN,1,360203,T intersection,2,50,Local Road,AUSTRALIS,BRIMBANK,-37.804935,144.7676,2019,3,March,11,Midday,Weekday
T20190004773,2019-03-13,10:20:00,4,Collision with a fixed object,3,Wednesday,173,RIGHT OFF CARRIAGEWAY INTO OBJECT/PARKED VEHICLE,1,116544,Not at intersection,2,80,Arterial Other,MAHONEYS,WHITTLESEA,-37.69184,144.98206,2019,3,March,10,Midday,Weekday
T20190004771,2019-03-13,11:05:00,2,Struck Pedestrian,3,Wednesday,108,PED STRUCK WALKING TO/FROM OR BOARDING/ALIGHTING VEHICLE.,1,45642,T intersection,2,60,Arterial Other,ROYAL,MELBOURNE,-37.78472,144.9594,2019,3,March,11,Midday,Weekday
T20200006023,2019-03-13,18:30:00,1,Collision with vehicle,3,Wednesday,116,LEFT NEAR (INTERSECTIONS ONLY),1,38760,Cross intersection,3,60,Arterial Highway,FRANCIS,MARIBYRNONG,-37.821796,144.89586,2019,3,March,18,Afternoon Peak,Weekday
T20190004770,2019-03-13,09:30:00,1,Collision with vehicle,3,Wednesday,122,LEFT THROUGH,1,343361,Not at intersection,2,80,Arterial Highway,SPRINGVALE,WHITEHORSE,-37.85295,145.16962,2019,3,March,9,Morning Peak,Weekday
T20190004763,2019-03-13,08:30:00,1,Collision with vehicle,3,Wednesday,130,REAR END(VEHICLES IN SAME LANE),1,254419,T intersection,2,60,Local Road,CHRISTIES,GEELONG,-38.1875,144.47426,2019,3,March,8,Morning Peak,Weekday
T20190005001,2019-03-13,14:05:00,1,Collision with vehicle,3,Wednesday,130,REAR END(VEHICLES IN SAME LANE),1,66379,T intersection,3,60,Arterial Other,CANTERBURY,WHITEHORSE,-37.82647,145.1019,2019,3,March,14,Midday,Weekday
T20190004866,2019-03-13,18:45:00,4,Collision with a fixed object,3,Wednesday,171,LEFT OFF CARRIAGEWAY INTO OBJECT/PARKED VEHICLE,1,49936,Cross intersection,2,50,Local Road,GHERINGHAP,GEELONG,-38.147575,144.35776,2019,3,March,18,Afternoon Peak,Weekday
T20190022585,2019-03-14,21:00:00,1,Collision with vehicle,4,Thursday,130,REAR END(VEHICLES IN SAME LANE),3,601350,Not at intersection,3,40,Freeway,TULLAMARINE,MOONEE VALLEY,-37.724613,144.89159,2019,3,March,21,Night,Weekday
T20190004908,2019-03-14,21:55:00,1,Collision with vehicle,4,Thursday,120,HEAD ON (NOT OVERTAKING),3,579930,Not at intersection,2,60,Local Road,SOLDIERS,CASEY,-38.053,145.36124,2019,3,March,21,Night,Weekday
T20190008264,2019-03-14,18:30:00,4,Collision with a fixed object,4,Thursday,171,LEFT OFF CARRIAGEWAY INTO OBJECT/PARKED VEHICLE,1,344780,T intersection,3,80,Arterial Other,PASCOE VALE,HUME,-37.65191,144.93056,2019,3,March,18,Afternoon Peak,Weekday
T20190004867,2019-03-14,15:50:00,1,Collision with vehicle,4,Thursday,132,RIGHT REAR.,1,53359,Cross intersection,3,60,Arterial Highway,CRESWICK,BALLARAT,-37.55006,143.85033,2019,3,March,15,Afternoon Peak,Weekday
T20190004828,2019-03-14,10:40:00,1,Collision with vehicle,4,Thursday,130,REAR END(VEHICLES IN SAME LANE),1,345192,Not at intersection,3,50,Local Road,WALNUT,MILDURA,-34.18853,142.1484,2019,3,March,10,Midday,Weekday
T20190004831,2019-03-14,09:45:00,1,Collision with vehicle,4,Thursday,130,REAR END(VEHICLES IN SAME LANE),1,38838,T intersection,2,80,Arterial Other,DIAMOND CREEK,NILLUMBIK,-37.683605,145.1189,2019,3,March,9,Morning Peak,Weekday
T20190004817,2019-03-14,03:20:00,4,Collision with a fixed object,4,Thursday,171,LEFT OFF CARRIAGEWAY INTO OBJECT/PARKED VEHICLE,3,776845,T intersection,2,50,Local Road,SELWYN,HUME,-37.59752,144.93153,2019,3,March,3,Late Night,Weekday
T20190006012,2019-03-14,09:15:00,1,Collision with vehicle,4,Thursday,116,LEFT NEAR (INTERSECTIONS ONLY),1,64526,T intersection,3,60,Arterial Other,HEIDELBERG,YARRA,-37.783577,145.01619,2019,3,March,9,Morning Peak,Weekday
T20190004869,2019-03-14,12:50:00,1,Collision with vehicle,4,Thursday,160,VEHICLE COLLIDES WITH VEHICLE PARKED ON LEFT OF ROAD,1,345926,Not at intersection,3,50,Local Road,BESSAZILE,WHITEHORSE,-37.830994,145.17221,2019,3,March,12,Midday,Weekday
T20190004819,2019-03-14,07:05:00,1,Collision with vehicle,4,Thursday,134,LANE CHANGE RIGHT (NOT OVERTAKING),1,360204,Not at intersection,3,100,Freeway,EASTLINK,KNOX,-37.932247,145.20938,2019,3,March,7,Morning Peak,Weekday
T20190005066,2019-03-14,14:00:00,6,Vehicle overturned (no collision),4,Thursday,179,OTHER ACCIDENTS-OFF STRAIGHT NOT INCLUDED IN DCAs 170-175,1,341958,T intersection,2,60,Arterial Highway,GREAT OCEAN,COLAC OTWAY,-38.78252,143.53664,2019,3,March,14,Midday,Weekday
T20190005004,2019-03-14,17:20:00,1,Collision with vehicle,4,Thursday,130,REAR END(VEHICLES IN SAME LANE),1,343313,Not at intersection,2,50,Arterial Other,WHITE,KINGSTON,-37.99844,145.08493,2019,3,March,17,Afternoon Peak,Weekday
T20190004949,2019-03-14,14:32:00,1,Collision with vehicle,4,Thursday,130,REAR END(VEHICLES IN SAME LANE),1,343474,Not at intersection,3,100,Arterial Other,MAIN,MACEDON RANGES,-37.46752,144.65677,2019,3,March,14,Midday,Weekday
T20220013144,2019-03-14,06:15:00,1,Collision with vehicle,4,Thursday,130,REAR END(VEHICLES IN SAME LANE),2,728720,Not at intersection,3,80,Arterial Other,WELLINGTON,YARRA RANGES,-37.93984,145.31694,2019,3,March,6,Morning Peak,Weekday
T20190004834,2019-03-14,07:00:00,1,Collision with vehicle,4,Thursday,121,RIGHT THROUGH,2,255498,T intersection,3,100,Local Road,COSGROVE-LEMNOS,SHEPPARTON,-36.347523,145.46196,2019,3,March,7,Morning Peak,Weekday
T20190004835,2019-03-14,10:20:00,1,Collision with vehicle,4,Thursday,135,LANE CHANGE LEFT (NOT OVERTAKING),1,45048,T intersection,3,60,Arterial Other,MCINTYRE,BRIMBANK,-37.760075,144.83186,2019,3,March,10,Midday,Weekday
T20190004821,2019-03-14,06:30:00,1,Collision with vehicle,4,Thursday,130,REAR END(VEHICLES IN SAME LANE),2,343280,Not at intersection,3,80,Freeway,TULLAMARINE,HUME,-37.681046,144.87086,2019,3,March,6,Morning Peak,Weekday
T20190004872,2019-03-14,16:30:00,1,Collision with vehicle,4,Thursday,121,RIGHT THROUGH,1,343302,Not at intersection,3,70,Arterial Other,POUND,CASEY,-38.03374,145.2842,2019,3,March,16,Afternoon Peak,Weekday
T20190004923,2019-03-14,17:40:00,1,Collision with vehicle,4,Thursday,116,LEFT NEAR (INTERSECTIONS ONLY),9,64705,T intersection,3,60,Local Road,TORTICE,MAROONDAH,-37.78727,145.248,2019,3,March,17,Afternoon Peak,Weekday
T20190004865,2019-03-14,16:10:00,1,Collision with vehicle,4,Thursday,147,VEHICLE STRIKES ANOTHER VEH WHILE EMERGING FROM DRIVEWAY,1,343286,Not at intersection,3,60,Local Road,RIVERSIDE,CARDINIA,-38.099083,145.72466,2019,3,March,16,Afternoon Peak,Weekday
T20190004861,2019-03-14,15:20:00,2,Struck Pedestrian,4,Thursday,102,FAR SIDE. PED HIT BY VEHICLE FROM THE LEFT,1,71804,Cross intersection,2,40,Local Road,MINERVA,GEELONG,-38.130844,144.33174,2019,3,March,15,Afternoon Peak,Weekday
T20190004859,2019-03-14,10:10:00,1,Collision with vehicle,4,Thursday,110,CROSS TRAFFIC(INTERSECTIONS ONLY),1,53372,Cross intersection,3,100,Arterial Highway,MURRAY VALLEY,MOIRA,-35.92548,145.3319,2019,3,March,10,Midday,Weekday