ACCIDENT_NO,ACCIDENT_DATE,ACCIDENT_TIME,ACCIDENT_TYPE,ACCIDENT_TYPE_DESC,DAY_OF_WEEK,DAY_WEEK_DESC,DCA_CODE,DCA_DESC,LIGHT_CONDITION,NODE_ID,ROAD_GEOMETRY_DESC,SEVERITY,SPEED_ZONE,RMA,ROAD_NAME,LGA_NAME,LATITUDE,LONGITUDE,YEAR,MONTH,MONTH_NAME,HOUR,TIME_PERIOD,DAY_TYPE
T20190004858,2019-03-14,15:33:00,1,Collision with vehicle,4,Thursday,121,RIGHT THROUGH,1,37026,Cross intersection,3,50,Local Road,ALBERT,MELBOURNE,-37.810703,144.98616,2019,3,March,15,Afternoon Peak,Weekday
T20190004877,2019-03-14,19:15:00,6,Vehicle overturned (no collision),4,Thursday,179,OTHER ACCIDENTS-OFF STRAIGHT NOT INCLUDED IN DCAs 170-175,2,50195,T intersection,3,60,Arterial Other,BARWON HEADS,GEELONG,-38.18281,144.35417,2019,3,March,19,Night,Weekday
T20190004824,2019-03-14,08:45:00,1,Collision with vehicle,4,Thursday,130,REAR END(VEHICLES IN SAME LANE),1,343301,Not at intersection,2,100,Freeway,MORNINGTON PENINSULA,KINGSTON,-38.03452,145.13808,2019,3,March,8,Morning Peak,Weekday
T20190004878,2019-03-14,16:55:00,1,Collision with vehicle,4,Thursday,113,RIGHT NEAR (INTERSECTIONS ONLY),1,56741,Cross intersection,2,80,Local Road,CENTRAL,CASEY,-38.09461,145.25533,2019,3,March,16,Afternoon Peak,Weekday
T20190004882,2019-03-14,17:52:00,1,Collision with vehicle,4,Thursday,111,RIGHT FAR (INTERSECTIONS ONLY),1,36427,T intersection,2,80,Arterial Highway,WARBURTON,YARRA RANGES,-37.77624,145.57648,2019,3,March,17,Afternoon Peak,Weekday
T20190005350,2019-03-14,15:10:00,1,Collision with vehicle,4,Thursday,130,REAR END(VEHICLES IN SAME LANE),1,29524,Cross intersection,3,60,Arterial Other,BALLARAT,MARIBYRNONG,-37.79269,144.89445,2019,3,March,15,Afternoon Peak,Weekday
T20190004848,2019-03-14,11:40:00,1,Collision with vehicle,4,Thursday,130,REAR END(VEHICLES IN SAME LANE),1,344576,Not at intersection,3,80,Arterial Other,PORTARLINGTON,GEELONG,-38.174202,144.45753,2019,3,March,11,Midday,Weekday
T20190004901,2019-03-14,17:45:00,1,Collision with vehicle,4,Thursday,113,RIGHT NEAR (INTERSECTIONS ONLY),1,278701,T intersection,3,60,Local Road,LINSELL,CASEY,-38.103367,145.32553,2019,3,March,17,Afternoon Peak,Weekday
T20190005399,2019-03-14,16:30:00,1,Collision with vehicle,4,Thursday,121,RIGHT THROUGH,1,36768,T intersection,3,60,Arterial Other,COOPER,HUME,-37.644398,144.95755,2019,3,March,16,Afternoon Peak,Weekday
T20190004899,2019-03-14,08:00:00,1,Collision with vehicle,4,Thursday,133,LANE SIDE SWIPE (VEHICLES IN PARALLEL LANES),1,343910,T intersection,3,80,Local Road,LIMESTONE,MORNINGTON PENINSULA,-38.412445,144.88069,2019,3,March,8,Morning Peak,Weekday
T20190004894,2019-03-14,15:45:00,1,Collision with vehicle,4,Thursday,140,U TURN,1,347405,Not at intersection,3,50,Local Road,HOWARD,BENDIGO,-36.705547,144.31932,2019,3,March,15,Afternoon Peak,Weekday
T20190004846,2019-03-14,08:29:00,1,Collision with vehicle,4,Thursday,147,VEHICLE STRIKES ANOTHER VEH WHILE EMERGING FROM DRIVEWAY,1,343276,Not at intersection,3,50,Local Road,ALBENCA,KINGSTON,-37.97757,145.07457,2019,3,March,8,Morning Peak,Weekday
T20190004886,2019-03-14,16:50:00,1,Collision with vehicle,4,Thursday,113,RIGHT NEAR (INTERSECTIONS ONLY),1,343296,T intersection,2,50,Local Road,CARBERY,GEELONG,-38.198864,144.3394,2019,3,March,16,Afternoon Peak,Weekday
T20190004843,2019-03-14,10:20:00,1,Collision with vehicle,4,Thursday,130,REAR END(VEHICLES IN SAME LANE),1,54465,T intersection,2,70,Arterial Highway,BELLARINE,GEELONG,-38.190315,144.46883,2019,3,March,10,Midday,Weekday
T20190004841,2019-03-14,11:10:00,1,Collision with vehicle,4,Thursday,134,LANE CHANGE RIGHT (NOT OVERTAKING),1,36332,T intersection,3,60,Local Road,LYGON,MELBOURNE,-37.793743,144.96814,2019,3,March,11,Midday,Weekday
T20190005577,2019-03-14,20:30:00,1,Collision with vehicle,4,Thursday,131,LEFT REAR,3,343613,Not at intersection,3,80,Arterial Highway,FRANKSTON-DANDENONG,FRANKSTON,-38.098312,145.17343,2019,3,March,20,Night,Weekday
T20190004887,2019-03-14,19:30:00,1,Collision with vehicle,4,Thursday,142,LEAVING PARKING,1,360207,Not at intersection,2,50,Local Road,BLYTH,MORELAND,-37.765617,144.96362,2019,3,March,19,Night,Weekday
T20190004889,2019-03-14,15:25:00,1,Collision with vehicle,4,Thursday,130,REAR END(VEHICLES IN SAME LANE),1,343678,Not at intersection,2,60,Arterial Other,EPPING,WHITTLESEA,-37.62992,145.02762,2019,3,March,15,Afternoon Peak,Weekday
T20190004909,2019-03-14,11:45:00,1,Collision with vehicle,4,Thursday,113,RIGHT NEAR (INTERSECTIONS ONLY),1,42852,T intersection,2,80,Arterial Other,BOUNDARY,KINGSTON,-37.992737,145.10677,2019,3,March,11,Midday,Weekday
T20190004910,2019-03-14,21:47:00,1,Collision with vehicle,4,Thursday,130,REAR END(VEHICLES IN SAME LANE),5,240743,T intersection,2,100,Arterial Highway,PRINCES,SURF COAST,-38.21233,144.20378,2019,3,March,21,Night,Weekday
T20190004975,2019-03-14,16:22:00,1,Collision with vehicle,4,Thursday,140,U TURN,1,344424,Cross intersection,3,40,Local Road,RUSSELL,MELBOURNE,-37.8148,144.96901,2019,3,March,16,Afternoon Peak,Weekday
T20190004941,2019-03-15,12:30:00,1,Collision with vehicle,5,Friday,111,RIGHT FAR (INTERSECTIONS ONLY),1,39260,Cross intersection,2,60,Arterial Other,CANTERBURY,WHITEHORSE,-37.827465,145.11066,2019,3,March,12,Midday,Weekday
T20190007659,2019-03-15,17:45:00,1,Collision with vehicle,5,Friday,147,VEHICLE STRIKES ANOTHER VEH WHILE EMERGING FROM DRIVEWAY,1,350284,Not at intersection,3,50,Local Road,LA TROBE,MELBOURNE,-37.809887,144.96283,2019,3,March,17,Afternoon Peak,Weekday
T20190004939,2019-03-15,11:00:00,1,Collision with vehicle,5,Friday,130,REAR END(VEHICLES IN SAME LANE),1,35953,Cross intersection,3,60,Arterial Highway,BENALLA ROAD -MIDLAND,SHEPPARTON,-36.388332,145.43182,2019,3,March,11,Midday,Weekday
T20190004937,2019-03-15,09:25:00,1,Collision with vehicle,5,Friday,110,CROSS TRAFFIC(INTERSECTIONS ONLY),1,45348,Cross intersection,2,100,Arterial Other,KOO WEE RUP-LONGWARRY,CARDINIA,-38.188248,145.64258,2019,3,March,9,Morning Peak,Weekday
T20190004935,2019-03-15,08:35:00,1,Collision with vehicle,5,Friday,118,TWO LEFT TURNING (INTERSECTIONS ONLY),1,57453,T intersection,3,40,Arterial Other,VICTORIA,YARRA,-37.80895,144.98479,2019,3,March,8,Morning Peak,Weekday
T20190004932,2019-03-15,10:15:00,4,Collision with a fixed object,5,Friday,171,LEFT OFF CARRIAGEWAY INTO OBJECT/PARKED VEHICLE,1,360206,Not at intersection,2,50,Local Road,GARNETT,MONASH,-37.911037,145.19574,2019,3,March,10,Midday,Weekday
T20190004931,2019-03-15,09:35:00,2,Struck Pedestrian,5,Friday,101,PED EMERGES FROM IN FRONT OF PARKED OR STATIONARY VEHICLE,1,344213,Multiple intersection,2,50,Local Road,PROSPECT HILL,BOROONDARA,-37.82821,145.05771,2019,3,March,9,Morning Peak,Weekday
T20190004929,2019-03-15,08:27:00,1,Collision with vehicle,5,Friday,130,REAR END(VEHICLES IN SAME LANE),1,344563,Not at intersection,3,100,Local Road,TWENTIETH,MILDURA,-34.28694,142.12386,2019,3,March,8,Morning Peak,Weekday
T20190004922,2019-03-15,09:10:00,1,Collision with vehicle,5,Friday,130,REAR END(VEHICLES IN SAME LANE),1,343376,Not at intersection,2,70,Arterial Other,SYDNEY,MORELAND,-37.7158,144.96216,2019,3,March,9,Morning Peak,Weekday
T20190004921,2019-03-15,08:10:00,1,Collision with vehicle,5,Friday,121,RIGHT THROUGH,1,42680,T intersection,3,80,Arterial Other,WELLINGTON,YARRA RANGES,-37.961178,145.36115,2019,3,March,8,Morning Peak,Weekday
T20190005041,2019-03-15,17:00:00,1,Collision with vehicle,5,Friday,147,VEHICLE STRIKES ANOTHER VEH WHILE EMERGING FROM DRIVEWAY,1,359196,Not at intersection,3,60,Local Road,WITHERS,BRIMBANK,-37.785522,144.83397,2019,3,March,17,Afternoon Peak,Weekday
T20190005039,2019-03-15,15:40:00,2,Struck Pedestrian,5,Friday,100,PED NEAR SIDE. PED HIT BY VEHICLE FROM THE RIGHT.,1,40096,Cross intersection,2,40,Arterial Other,FITZROY,PORT PHILLIP,-37.857983,144.9804,2019,3,March,15,Afternoon Peak,Weekday
T20190005030,2019-03-15,12:50:00,1,Collision with vehicle,5,Friday,130,REAR END(VEHICLES IN SAME LANE),1,195127,Not at intersection,3,60,Arterial Other,WILLIAMS,STONNINGTON,-37.85722,145.00168,2019,3,March,12,Midday,Weekday
T20190005019,2019-03-15,17:30:00,1,Collision with vehicle,5,Friday,111,RIGHT FAR (INTERSECTIONS ONLY),1,29643,Cross intersection,3,50,Arterial Other,BOORAN ROAD -GLEN EIRA,GLEN EIRA,-37.881428,145.03459,2019,3,March,17,Afternoon Peak,Weekday
T20190004913,2019-03-15,05:15:00,1,Collision with vehicle,5,Friday,130,REAR END(VEHICLES IN SAME LANE),4,360313,T intersection,3,80,Arterial Highway,NEPEAN,KINGSTON,-37.939163,145.03903,2019,3,March,5,Morning Peak,Weekday
T20190005014,2019-03-15,11:31:00,7,Fall from or in moving vehicle,5,Friday,179,OTHER ACCIDENTS-OFF STRAIGHT NOT INCLUDED IN DCAs 170-175,1,343531,Cross intersection,3,60,Local Road,BRIDGE,MELTON,-37.715393,144.5904,2019,3,March,11,Midday,Weekday
T20190010120,2019-03-15,08:35:00,1,Collision with vehicle,5,Friday,150,HEAD ON(OVERTAKING),1,38888,T intersection,3,60,Arterial Other,BARKERS,BOROONDARA,-37.813534,145.02687,2019,3,March,8,Morning Peak,Weekday
T20190005215,2019-03-15,09:00:00,8,No collision and no object struck,5,Friday,174,OUT OF CONTROL ON CARRIAGEWAY (ON STRAIGHT),1,73129,Cross intersection,2,50,Local Road,HELENA,MORNINGTON PENINSULA,-38.258205,145.0259,2019,3,March,9,Morning Peak,Weekday
T20190005117,2019-03-15,21:00:00,1,Collision with vehicle,5,Friday,110,CROSS TRAFFIC(INTERSECTIONS ONLY),5,60924,Cross intersection,3,60,Local Road,SEBASTOPOL,BALLARAT,-37.571083,143.84407,2019,3,March,21,Night,Weekday
T20190004999,2019-03-15,17:00:00,1,Collision with vehicle,5,Friday,130,REAR END(VEHICLES IN SAME LANE),1,343447,Not at intersection,2,80,Freeway,CITYLINK,YARRA,-37.82987,144.98882,2019,3,March,17,Afternoon Peak,Weekday
T20190004994,2019-03-15,20:25:00,1,Collision with vehicle,5,Friday,110,CROSS TRAFFIC(INTERSECTIONS ONLY),3,36127,Cross intersection,2,60,Arterial Other,KING,MELBOURNE,-37.80629,144.94981,2019,3,March,20,Night,Weekday
T20190004993,2019-03-15,16:35:00,5,collision with some other object,5,Friday,171,LEFT OFF CARRIAGEWAY INTO OBJECT/PARKED VEHICLE,1,773445,Not at intersection,2,50,Local Road,CREEKWOOD,HUME,-37.587215,144.93388,2019,3,March,16,Afternoon Peak,Weekday
T20190004992,2019-03-15,16:35:00,1,Collision with vehicle,5,Friday,113,RIGHT NEAR (INTERSECTIONS ONLY),1,43656,T intersection,2,80,Arterial Other,RIDDELL,HUME,-37.546497,144.6901,2019,3,March,16,Afternoon Peak,Weekday
T20190004991,2019-03-15,05:45:00,1,Collision with vehicle,5,Friday,133,LANE SIDE SWIPE (VEHICLES IN PARALLEL LANES),2,359190,Not at intersection,3,80,Freeway,CITYLINK,MELBOURNE,-37.81017,144.93373,2019,3,March,5,Morning Peak,Weekday
T20190004987,2019-03-15,21:08:00,1,Collision with vehicle,5,Friday,113,RIGHT NEAR (INTERSECTIONS ONLY),3,52981,T intersection,3,60,Local Road,HUMFFRAY,BALLARAT,-37.580193,143.84966,2019,3,March,21,Night,Weekday
T20190004985,2019-03-15,17:45:00,8,No collision and no object struck,5,Friday,102,FAR SIDE. PED HIT BY VEHICLE FROM THE LEFT,1,344112,T intersection,3,50,Local Road,NAPIER,YARRA,-37.803772,144.97983,2019,3,March,17,Afternoon Peak,Weekday
T20190004978,2019-03-15,16:30:00,1,Collision with vehicle,5,Friday,130,REAR END(VEHICLES IN SAME LANE),1,579198,Not at intersection,2,70,Arterial Other,SYDNEY,MORELAND,-37.70669,144.96072,2019,3,March,16,Afternoon Peak,Weekday
T20190004977,2019-03-15,16:10:00,4,Collision with a fixed object,5,Friday,183,OFF LEFT BEND INTO OBJECT/PARKED VEHICLE,1,359193,Not at intersection,3,100,Local Road,KANGAROO GULLY,BENDIGO,-36.81929,144.257,2019,3,March,16,Afternoon Peak,Weekday
T20190004973,2019-03-15,16:50:00,1,Collision with vehicle,5,Friday,163,VEHICLE STRIKES DOOR OF PARKED/STATIONARY VEHICLE,1,343307,Not at intersection,3,50,Local Road,KENT,MOONEE VALLEY,-37.78087,144.93188,2019,3,March,16,Afternoon Peak,Weekday
T20190004972,2019-03-15,15:45:00,1,Collision with vehicle,5,Friday,121,RIGHT THROUGH,1,343346,Not at intersection,3,60,Arterial Other,FLETCHER,FRANKSTON,-38.14348,145.12671,2019,3,March,15,Afternoon Peak,Weekday
T20190004969,2019-03-15,15:56:00,1,Collision with vehicle,5,Friday,120,HEAD ON (NOT OVERTAKING),1,345415,Not at intersection,1,60,Arterial Other,OLINDA-MONBULK,YARRA RANGES,-37.872772,145.38322,2019,3,March,15,Afternoon Peak,Weekday
T20190004968,2019-03-15,17:05:00,1,Collision with vehicle,5,Friday,120,HEAD ON (NOT OVERTAKING),1,321612,Cross intersection,2,60,Arterial Other,TRAM,MANNINGHAM,-37.787453,145.12474,2019,3,March,17,Afternoon Peak,Weekday
T20190004967,2019-03-15,08:40:00,1,Collision with vehicle,5,Friday,121,RIGHT THROUGH,1,65839,T intersection,2,50,Local Road,CLARENDON,MELBOURNE,-37.812717,144.98315,2019,3,March,8,Morning Peak,Weekday
T20190004963,2019-03-15,16:50:00,1,Collision with vehicle,5,Friday,171,LEFT OFF CARRIAGEWAY INTO OBJECT/PARKED VEHICLE,1,359195,Not at intersection,2,50,Local Road,STOTT,DAREBIN,-37.76157,144.99786,2019,3,March,16,Afternoon Peak,Weekday
T20190004962,2019-03-15,15:15:00,1,Collision with vehicle,5,Friday,130,REAR END(VEHICLES IN SAME LANE),1,343305,Not at intersection,3,60,Local Road,AUBURN,BOROONDARA,-37.8311,145.04343,2019,3,March,15,Afternoon Peak,Weekday
T20190004960,2019-03-15,16:40:00,2,Struck Pedestrian,5,Friday,102,FAR SIDE. PED HIT BY VEHICLE FROM THE LEFT,1,343434,Not at intersection,3,60,Arterial Other,BURWOOD,BOROONDARA,-37.82126,145.0237,2019,3,March,16,Afternoon Peak,Weekday
T20190005447,2019-03-15,14:00:00,1,Collision with vehicle,5,Friday,110,CROSS TRAFFIC(INTERSECTIONS ONLY),9,55021,Cross intersection,3,50,Local Road,DELTA,BANYULE,-37.70883,145.09618,2019,3,March,14,Midday,Weekday
T20190005029,2019-03-15,15:45:00,1,Collision with vehicle,5,Friday,110,CROSS TRAFFIC(INTERSECTIONS ONLY),1,15425,Cross intersection,2,60,Local Road,ELLIOT,GEELONG,-38.173126,144.39093,2019,3,March,15,Afternoon Peak,Weekday
T20190007168,2019-03-15,16:00:00,4,Collision with a fixed object,5,Friday,183,OFF LEFT BEND INTO OBJECT/PARKED VEHICLE,1,344395,Not at intersection,2,100,Local Road,BOGONG HIGH PLAINS,EAST GIPPSLAND,-36.94419,147.42264,2019,3,March,16,Afternoon Peak,Weekday
T20190004905,2019-03-15,01:32:00,4,Collision with a fixed object,5,Friday,173,RIGHT OFF CARRIAGEWAY INTO OBJECT/PARKED VEHICLE,3,360312,Not at intersection,2,60,Arterial Other,HIGH,BOROONDARA,-37.796284,145.0576,2019,3,March,1,Late Night,Weekday
T20190004950,2019-03-15,13:45:00,1,Collision with vehicle,5,Friday,130,REAR END(VEHICLES IN SAME LANE),1,360208,Not at intersection,2,70,Arterial Other,SYDNEY,MORELAND,-37.70158,144.9602,2019,3,March,13,Midday,Weekday
T20190005119,2019-03-15,17:00:00,1,Collision with vehicle,5,Friday,110,CROSS TRAFFIC(INTERSECTIONS ONLY),1,65772,Cross intersection,3,40,Local Road,LA TROBE,MELBOURNE,-37.81104,144.9589,2019,3,March,17,Afternoon Peak,Weekday
T20190004946,2019-03-15,12:00:00,1,Collision with vehicle,5,Friday,142,LEAVING PARKING,1,360209,Not at intersection,3,50,Local Road,NORTH,SHEPPARTON,-36.38034,145.40616,2019,3,March,12,Midday,Weekday
T20190004944,2019-03-15,11:35:00,4,Collision with a fixed object,5,Friday,171,LEFT OFF CARRIAGEWAY INTO OBJECT/PARKED VEHICLE,1,593687,Not at intersection,2,100,Local Road,LEMNOS NORTH,SHEPPARTON,-36.33067,145.46198,2019,3,March,11,Midday,Weekday
T20190004943,2019-03-15,13:00:00,1,Collision with vehicle,5,Friday,121,RIGHT THROUGH,1,39155,Cross intersection,3,60,Arterial Other,BALWYN,BOROONDARA,-37.812843,145.08134,2019,3,March,13,Midday,Weekday
T20190005038,2019-03-16,15:40:00,2,Struck Pedestrian,6,Saturday,103,PED PLAYING/LYING/WORKING/STANDING ON CARRIAGEWAY.,1,40096,Cross intersection,3,40,Arterial Other,FITZROY,PORT PHILLIP,-37.857983,144.9804,2019,3,March,15,Afternoon Peak,Weekend
T20190005055,2019-03-16,20:41:00,1,Collision with vehicle,6,Saturday,113,RIGHT NEAR (INTERSECTIONS ONLY),3,44363,T intersection,3,60,Arterial Other,DUNCANS,WYNDHAM,-37.90841,144.67482,2019,3,March,20,Night,Weekend
T20190005032,2019-03-16,14:15:00,7,Fall from or in moving vehicle,6,Saturday,179,OTHER ACCIDENTS-OFF STRAIGHT NOT INCLUDED IN DCAs 170-175,1,343349,Not at intersection,3,70,Arterial Other,MT DANDENONG,MAROONDAH,-37.800163,145.29424,2019,3,March,14,Midday,Weekend
T20190005059,2019-03-16,23:33:00,1,Collision with vehicle,6,Saturday,130,REAR END(VEHICLES IN SAME LANE),3,42792,T intersection,2,60,Arterial Highway,WARRIGAL,KINGSTON,-37.980225,145.07173,2019,3,March,23,Night,Weekend
T20190005034,2019-03-16,17:20:00,2,Struck Pedestrian,6,Saturday,100,PED NEAR SIDE. PED HIT BY VEHICLE FROM THE RIGHT.,1,29767,Cross intersection,3,60,Arterial Highway,SOUTH GIPPSLAND,CASEY,-38.107998,145.28337,2019,3,March,17,Afternoon Peak,Weekend
T20190007593,2019-03-16,13:50:00,1,Collision with vehicle,6,Saturday,110,CROSS TRAFFIC(INTERSECTIONS ONLY),1,51450,Cross intersection,3,60,Arterial Other,EDIS,CAMPASPE,-36.308094,145.0496,2019,3,March,13,Midday,Weekend
T20190005060,2019-03-16,13:25:00,1,Collision with vehicle,6,Saturday,147,VEHICLE STRIKES ANOTHER VEH WHILE EMERGING FROM DRIVEWAY,1,343771,Not at intersection,2,70,Arterial Highway,BULLEEN,MANNINGHAM,-37.776066,145.07881,2019,3,March,13,Midday,Weekend
T20190005008,2019-03-16,10:57:00,1,Collision with vehicle,6,Saturday,111,RIGHT FAR (INTERSECTIONS ONLY),1,49662,Cross intersection,2,60,Arterial Other,BACCHUS MARSH,GEELONG,-38.074158,144.35864,2019,3,March,10,Midday,Weekend
T20190005022,2019-03-16,08:05:00,4,Collision with a fixed object,6,Saturday,173,RIGHT OFF CARRIAGEWAY INTO OBJECT/PARKED VEHICLE,1,343393,Not at intersection,2,60,Arterial Other,RIVERSDALE,BOROONDARA,-37.834805,145.08801,2019,3,March,8,Morning Peak,Weekend
T20190005090,2019-03-16,12:45:00,6,Vehicle overturned (no collision),6,Saturday,174,OUT OF CONTROL ON CARRIAGEWAY (ON STRAIGHT),1,343443,Not at intersection,3,50,Local Road,STATION,YARRA RANGES,-37.75433,145.6877,2019,3,March,12,Midday,Weekend
T20190005044,2019-03-16,18:20:00,1,Collision with vehicle,6,Saturday,169,OTHER ON PATH,1,343353,Not at intersection,2,50,Local Road,GILLIES,CENTRAL GOLDFIELDS,-37.054367,143.74464,2019,3,March,18,Afternoon Peak,Weekend
T20190005045,2019-03-16,17:27:00,1,Collision with vehicle,6,Saturday,160,VEHICLE COLLIDES WITH VEHICLE PARKED ON LEFT OF ROAD,1,345289,Not at intersection,3,60,Local Road,WATTON,WYNDHAM,-37.90312,144.65811,2019,3,March,17,Afternoon Peak,Weekend
T20190005077,2019-03-16,14:10:00,1,Collision with vehicle,6,Saturday,135,LANE CHANGE LEFT (NOT OVERTAKING),1,343345,Not at intersection,3,40,Arterial Other,BRIDGE,YARRA,-37.819294,145.00626,2019,3,March,14,Midday,Weekend
T20190005011,2019-03-16,08:39:00,1,Collision with vehicle,6,Saturday,113,RIGHT NEAR (INTERSECTIONS ONLY),1,37447,Cross intersection,2,60,Arterial Other,CROCKFORD,PORT PHILLIP,-37.83453,144.9476,2019,3,March,8,Morning Peak,Weekend
T20190005006,2019-03-16,07:55:00,1,Collision with vehicle,6,Saturday,171,LEFT OFF CARRIAGEWAY INTO OBJECT/PARKED VEHICLE,1,344148,Not at intersection,2,50,Local Road,REGENT,GEELONG,-38.173542,144.3449,2019,3,March,7,Morning Peak,Weekend
T20190005023,2019-03-16,12:01:00,4,Collision with a fixed object,6,Saturday,171,LEFT OFF CARRIAGEWAY INTO OBJECT/PARKED VEHICLE,1,29738,Cross intersection,2,60,Arterial Other,MURRAY,MORELAND,-37.735954,144.98291,2019,3,March,12,Midday,Weekend
T20190005049,2019-03-16,18:00:00,1,Collision with vehicle,6,Saturday,113,RIGHT NEAR (INTERSECTIONS ONLY),2,45057,T intersection,3,60,Arterial Other,BARRY,HUME,-37.665802,144.93985,2019,3,March,18,Afternoon Peak,Weekend
T20190005020,2019-03-16,09:30:00,1,Collision with vehicle,6,Saturday,132,RIGHT REAR.,1,50294,Cross intersection,3,50,Arterial Other,THE PARADE,GEELONG,-38.267033,144.52747,2019,3,March,9,Morning Peak,Weekend
T20190005012,2019-03-16,12:55:00,2,Struck Pedestrian,6,Saturday,100,PED NEAR SIDE. PED HIT BY VEHICLE FROM THE RIGHT.,1,343462,Cross intersection,3,40,Local Road,PATERNOSTER,CASEY,-38.030495,145.34624,2019,3,March,12,Midday,Weekend
T20190005050,2019-03-16,17:56:00,4,Collision with a fixed object,6,Saturday,181,OFF RIGHT BEND INTO OBJECT/PARKED VEHICLE,1,345647,Not at intersection,1,100,Arterial Other,ROCHFORD,MACEDON RANGES,-37.290703,144.70268,2019,3,March,17,Afternoon Peak,Weekend
T20190008896,2019-03-16,20:30:00,2,Struck Pedestrian,6,Saturday,100,PED NEAR SIDE. PED HIT BY VEHICLE FROM THE RIGHT.,3,37316,Cross intersection,3,60,Arterial Other,BURNLEY,YARRA,-37.811447,145.00977,2019,3,March,20,Night,Weekend
T20190005000,2019-03-16,05:30:00,4,Collision with a fixed object,6,Saturday,171,LEFT OFF CARRIAGEWAY INTO OBJECT/PARKED VEHICLE,5,344440,Not at intersection,2,100,Local Road,NUMURKAH,MOIRA,-36.0084,145.46036,2019,3,March,5,Morning Peak,Weekend
T20190005002,2019-03-16,06:05:00,1,Collision with vehicle,6,Saturday,120,HEAD ON (NOT OVERTAKING),5,345805,Not at intersection,2,100,Arterial Highway,MIDLAND,GOLDEN PLAINS,-38.05727,144.21014,2019,3,March,6,Morning Peak,Weekend
T20190005003,2019-03-16,06:55:00,2,Struck Pedestrian,6,Saturday,104,PED WALKING WITH TRAFFIC,2,344000,Not at intersection,2,50,Arterial Other,HIGH STREET SERVICE,STRATHBOGIE,-36.79296,145.15205,2019,3,March,6,Morning Peak,Weekend
T20190005013,2019-03-16,07:20:00,4,Collision with a fixed object,6,Saturday,173,RIGHT OFF CARRIAGEWAY INTO OBJECT/PARKED VEHICLE,1,344762,Not at intersection,2,100,Local Road,LANDSBOROUGH,NORTHERN GRAMPIANS,-37.055103,142.88724,2019,3,March,7,Morning Peak,Weekend
T20190005015,2019-03-16,10:50:00,2,Struck Pedestrian,6,Saturday,100,PED NEAR SIDE. PED HIT BY VEHICLE FROM THE RIGHT.,1,67277,T intersection,3,60,Arterial Other,MELBOURNE,HOBSONS BAY,-37.851974,144.88956,2019,3,March,10,Midday,Weekend
T20190005016,2019-03-16,07:49:00,4,Collision with a fixed object,6,Saturday,171,LEFT OFF CARRIAGEWAY INTO OBJECT/PARKED VEHICLE,1,345648,Not at intersection,3,60,Arterial Other,PLUMMER,PORT PHILLIP,-37.831997,144.92863,2019,3,March,7,Morning Peak,Weekend
T20190005108,2019-03-17,19:32:00,1,Collision with vehicle,7,Sunday,120,HEAD ON (NOT OVERTAKING),5,343514,Not at intersection,2,100,Arterial Other,MOUNT BUFFALO,ALPINE,-36.695057,146.90092,2019,3,March,19,Night,Weekend
T20190005317,2019-03-17,17:25:00,1,Collision with vehicle,7,Sunday,121,RIGHT THROUGH,1,345579,Cross intersection,2,70,Arterial Other,BLUFF ROAD -CUMMINS,BAYSIDE,-37.93187,145.02573,2019,3,March,17,Afternoon Peak,Weekend
T20190005075,2019-03-17,10:50:00,1,Collision with vehicle,7,Sunday,135,LANE CHANGE LEFT (NOT OVERTAKING),1,344142,Not at intersection,3,100,Freeway,EASTLINK,KNOX,-37.92278,145.21437,2019,3,March,10,Midday,Weekend
T20190005289,2019-03-17,17:00:00,4,Collision with a fixed object,7,Sunday,173,RIGHT OFF CARRIAGEWAY INTO OBJECT/PARKED VEHICLE,1,640144,Not at intersection,3,100,Local Road,BARRY,WELLINGTON,-38.644352,146.72633,2019,3,March,17,Afternoon Peak,Weekend
T20190005105,2019-03-17,15:50:00,1,Collision with vehicle,7,Sunday,130,REAR END(VEHICLES IN SAME LANE),1,53348,Y intersection,2,60,Arterial Other,PASCOE VALE,MOONEE VALLEY,-37.76649,144.92497,2019,3,March,15,Afternoon Peak,Weekend
T20190005113,2019-03-17,23:15:00,1,Collision with vehicle,7,Sunday,121,RIGHT THROUGH,3,343450,T intersection,2,40,Local Road,TARNEIT,WYNDHAM,-37.857464,144.6676,2019,3,March,23,Night,Weekend
T20190005074,2019-03-17,10:55:00,1,Collision with vehicle,7,Sunday,115,RIGHT/LEFT FAR (INTERSECTIONS ONLY),1,44831,T intersection,2,80,Arterial Highway,WARBURTON,YARRA RANGES,-37.775642,145.58499,2019,3,March,10,Midday,Weekend
T20190005188,2019-03-17,17:00:00,1,Collision with vehicle,7,Sunday,130,REAR END(VEHICLES IN SAME LANE),1,39825,T intersection,2,70,Arterial Other,MT DANDENONG,YARRA RANGES,-37.802597,145.31464,2019,3,March,17,Afternoon Peak,Weekend
T20190005085,2019-03-17,13:10:00,1,Collision with vehicle,7,Sunday,130,REAR END(VEHICLES IN SAME LANE),1,53894,T intersection,2,70,Arterial Highway,LATROBE,GEELONG,-38.156513,144.35089,2019,3,March,13,Midday,Weekend
T20190005072,2019-03-17,10:50:00,1,Collision with vehicle,7,Sunday,163,VEHICLE STRIKES DOOR OF PARKED/STATIONARY VEHICLE,1,344289,Not at intersection,2,50,Local Road,OAKOVER,DAREBIN,-37.749847,145.00047,2019,3,March,10,Midday,Weekend
T20190005071,2019-03-17,12:05:00,1,Collision with vehicle,7,Sunday,130,REAR END(VEHICLES IN SAME LANE),1,37362,Cross intersection,3,80,Arterial Other,MELTON,BRIMBANK,-37.696003,144.77463,2019,3,March,12,Midday,Weekend