ACCIDENT_NO,ACCIDENT_DATE,ACCIDENT_TIME,ACCIDENT_TYPE,ACCIDENT_TYPE_DESC,DAY_OF_WEEK,DAY_WEEK_DESC,DCA_CODE,DCA_DESC,LIGHT_CONDITION,NODE_ID,ROAD_GEOMETRY_DESC,SEVERITY,SPEED_ZONE,RMA,ROAD_NAME,LGA_NAME,LATITUDE,LONGITUDE,YEAR,MONTH,MONTH_NAME,HOUR,TIME_PERIOD,DAY_TYPE
T20190005051,2019-03-17,00:00:00,1,Collision with vehicle,7,Sunday,130,REAR END(VEHICLES IN SAME LANE),3,50470,Cross intersection,3,60,Arterial Other,PRINCES,LATROBE,-38.23846,146.40475,2019,3,March,0,Late Night,Weekend
T20190005788,2019-03-17,13:30:00,4,Collision with a fixed object,7,Sunday,181,OFF RIGHT BEND INTO OBJECT/PARKED VEHICLE,1,343681,Not at intersection,3,80,Arterial Other,LANG LANG-POOWONG,SOUTH GIPPSLAND,-38.33335,145.7264,2019,3,March,13,Midday,Weekend
T20190005100,2019-03-17,18:08:00,1,Collision with vehicle,7,Sunday,111,RIGHT FAR (INTERSECTIONS ONLY),1,44575,T intersection,3,50,Local Road,FREDA,HUME,-37.690353,144.92598,2019,3,March,18,Afternoon Peak,Weekend
T20190005099,2019-03-17,13:15:00,1,Collision with vehicle,7,Sunday,140,U TURN,1,343337,Not at intersection,1,100,Arterial Highway,MIDLAND,GOLDEN PLAINS,-37.90627,144.09085,2019,3,March,13,Midday,Weekend
T20190006141,2019-03-17,11:40:00,1,Collision with vehicle,7,Sunday,130,REAR END(VEHICLES IN SAME LANE),9,33759,Cross intersection,3,80,Arterial Highway,DANDENONG,GLEN EIRA,-37.884743,145.06744,2019,3,March,11,Midday,Weekend
T20190005095,2019-03-17,16:49:00,1,Collision with vehicle,7,Sunday,113,RIGHT NEAR (INTERSECTIONS ONLY),1,38394,T intersection,2,70,Local Road,REYNOLDS,MANNINGHAM,-37.7671,145.19933,2019,3,March,16,Afternoon Peak,Weekend
T20190005098,2019-03-17,17:27:00,1,Collision with vehicle,7,Sunday,130,REAR END(VEHICLES IN SAME LANE),1,343690,Not at intersection,3,40,Arterial Other,TOORAK,STONNINGTON,-37.843628,145.03012,2019,3,March,17,Afternoon Peak,Weekend
T20190005103,2019-03-17,18:15:00,1,Collision with vehicle,7,Sunday,163,VEHICLE STRIKES DOOR OF PARKED/STATIONARY VEHICLE,1,343363,Not at intersection,3,40,Local Road,LA TROBE,MELBOURNE,-37.81039,144.9611,2019,3,March,18,Afternoon Peak,Weekend
T20190005158,2019-03-17,21:59:00,1,Collision with vehicle,7,Sunday,121,RIGHT THROUGH,3,43624,Cross intersection,2,80,Arterial Highway,PRINCES,CASEY,-38.02005,145.2982,2019,3,March,21,Night,Weekend
T20190005091,2019-03-17,13:25:00,1,Collision with vehicle,7,Sunday,137,LEFT TURN SIDESWIPE,1,57501,T intersection,3,50,Arterial Other,ROY,PORT PHILLIP,-37.84602,144.9789,2019,3,March,13,Midday,Weekend
T20190005088,2019-03-17,11:33:00,4,Collision with a fixed object,7,Sunday,173,RIGHT OFF CARRIAGEWAY INTO OBJECT/PARKED VEHICLE,1,343595,T intersection,2,100,Arterial Highway,HEALESVILLE-YARRA GLEN ROAD -YARRA GLEN,YARRA RANGES,-37.657887,145.39401,2019,3,March,11,Midday,Weekend
T20190005078,2019-03-17,11:40:00,1,Collision with vehicle,7,Sunday,113,RIGHT NEAR (INTERSECTIONS ONLY),1,42593,T intersection,2,60,Arterial Other,JACKSONS,DANDENONG,-37.941063,145.19257,2019,3,March,11,Midday,Weekend
T20190005097,2019-03-17,18:07:00,1,Collision with vehicle,7,Sunday,110,CROSS TRAFFIC(INTERSECTIONS ONLY),1,49662,Cross intersection,2,60,Arterial Other,BACCHUS MARSH,GEELONG,-38.074158,144.35864,2019,3,March,18,Afternoon Peak,Weekend
T20190005101,2019-03-17,20:09:00,1,Collision with vehicle,7,Sunday,119,OTHER ADJACENT (INTERSECTIONS ONLY),1,72152,T intersection,2,50,Local Road,GULWA,FRANKSTON,-38.157227,145.14853,2019,3,March,20,Night,Weekend
T20190005084,2019-03-17,11:30:00,6,Vehicle overturned (no collision),7,Sunday,180,OFF CARRIAGEWAY ON RIGHT BEND,1,344707,Not at intersection,2,60,Local Road,RENNIE,GEELONG,-38.055096,144.3907,2019,3,March,11,Midday,Weekend
T20190005207,2019-03-17,05:15:00,1,Collision with vehicle,7,Sunday,130,REAR END(VEHICLES IN SAME LANE),3,35374,T intersection,3,70,Arterial Highway,PUNT,MELBOURNE,-37.82312,144.98909,2019,3,March,5,Morning Peak,Weekend
T20190005212,2019-03-17,11:37:00,1,Collision with vehicle,7,Sunday,110,CROSS TRAFFIC(INTERSECTIONS ONLY),1,281588,Cross intersection,3,80,Arterial Highway,DANDENONG,DANDENONG,-37.999054,145.17442,2019,3,March,11,Midday,Weekend
T20190005111,2019-03-17,22:25:00,1,Collision with vehicle,7,Sunday,135,LANE CHANGE LEFT (NOT OVERTAKING),3,44209,T intersection,2,80,Arterial Other,MICKLEHAM,HUME,-37.639946,144.8807,2019,3,March,22,Night,Weekend
T20190005147,2019-03-17,15:05:00,4,Collision with a fixed object,7,Sunday,175,OFF END OF ROAD/T-INTERSECTION.,1,298824,T intersection,2,70,Local Road,BANNONS,NILLUMBIK,-37.61082,145.17476,2019,3,March,15,Afternoon Peak,Weekend
T20190005515,2019-03-17,09:15:00,8,No collision and no object struck,7,Sunday,174,OUT OF CONTROL ON CARRIAGEWAY (ON STRAIGHT),1,343583,Not at intersection,3,60,Local Road,FITZGERALD,MACEDON RANGES,-37.47635,144.47694,2019,3,March,9,Morning Peak,Weekend
T20190005083,2019-03-17,14:00:00,1,Collision with vehicle,7,Sunday,130,REAR END(VEHICLES IN SAME LANE),1,343707,Not at intersection,3,80,Arterial Other,COOPER,WHITTLESEA,-37.650284,145.00757,2019,3,March,14,Midday,Weekend
T20190005082,2019-03-17,14:22:00,1,Collision with vehicle,7,Sunday,130,REAR END(VEHICLES IN SAME LANE),1,343915,Not at intersection,2,80,Freeway,TULLAMARINE,MOONEE VALLEY,-37.712685,144.89214,2019,3,March,14,Midday,Weekend
T20190005079,2019-03-17,10:40:00,1,Collision with vehicle,7,Sunday,120,HEAD ON (NOT OVERTAKING),1,343336,T intersection,1,100,Arterial Other,BALLARAT-MARYBOROUGH,CENTRAL GOLDFIELDS,-37.10457,143.72314,2019,3,March,10,Midday,Weekend
T20190005123,2019-03-18,07:56:00,1,Collision with vehicle,1,Monday,121,RIGHT THROUGH,1,343448,Not at intersection,3,40,Arterial Other,MURRAY,DAREBIN,-37.73777,145.00197,2019,3,March,7,Morning Peak,Weekday
T20190005134,2019-03-18,12:09:00,1,Collision with vehicle,1,Monday,132,RIGHT REAR.,1,258203,T intersection,2,60,Local Road,GLENEAGLES,MELTON,-37.685925,144.54387,2019,3,March,12,Midday,Weekday
T20190005170,2019-03-18,11:32:00,4,Collision with a fixed object,1,Monday,171,LEFT OFF CARRIAGEWAY INTO OBJECT/PARKED VEHICLE,1,346389,Not at intersection,1,100,Arterial Highway,MURRAY VALLEY,GANNAWARRA,-35.79401,144.08737,2019,3,March,11,Midday,Weekday
T20190005169,2019-03-18,18:20:00,1,Collision with vehicle,1,Monday,130,REAR END(VEHICLES IN SAME LANE),1,639845,Not at intersection,3,80,Freeway,WEST GATE,HOBSONS BAY,-37.82469,144.84956,2019,3,March,18,Afternoon Peak,Weekday
T20190005168,2019-03-18,18:26:00,4,Collision with a fixed object,1,Monday,171,LEFT OFF CARRIAGEWAY INTO OBJECT/PARKED VEHICLE,1,343676,Not at intersection,2,100,Freeway,PRINCES,WYNDHAM,-37.875996,144.7262,2019,3,March,18,Afternoon Peak,Weekday
T20190005167,2019-03-18,08:30:00,1,Collision with vehicle,1,Monday,135,LANE CHANGE LEFT (NOT OVERTAKING),1,343607,Not at intersection,3,100,Freeway,WESTERN RING,WYNDHAM,-37.82175,144.81035,2019,3,March,8,Morning Peak,Weekday
T20190005165,2019-03-18,20:30:00,2,Struck Pedestrian,1,Monday,102,FAR SIDE. PED HIT BY VEHICLE FROM THE LEFT,4,343435,Not at intersection,3,60,Arterial Highway,BURWOOD,WHITEHORSE,-37.851425,145.13889,2019,3,March,20,Night,Weekday
T20190005144,2019-03-18,15:30:00,1,Collision with vehicle,1,Monday,121,RIGHT THROUGH,1,35938,T intersection,3,40,Arterial Other,SYDNEY,MORELAND,-37.75627,144.96397,2019,3,March,15,Afternoon Peak,Weekday
T20190005164,2019-03-18,15:00:00,1,Collision with vehicle,1,Monday,120,HEAD ON (NOT OVERTAKING),1,343510,Not at intersection,3,70,Local Road,BRIDGE INN,WHITTLESEA,-37.596348,145.0557,2019,3,March,15,Afternoon Peak,Weekday
T20190005156,2019-03-18,10:40:00,1,Collision with vehicle,1,Monday,130,REAR END(VEHICLES IN SAME LANE),1,343438,Not at intersection,3,50,Arterial Other,BRIDGE,YARRA,-37.81893,145.00273,2019,3,March,10,Midday,Weekday
T20190005155,2019-03-18,18:40:00,4,Collision with a fixed object,1,Monday,171,LEFT OFF CARRIAGEWAY INTO OBJECT/PARKED VEHICLE,1,343645,Not at intersection,3,70,Arterial Other,POUND,CASEY,-38.049347,145.29776,2019,3,March,18,Afternoon Peak,Weekday
T20190005154,2019-03-18,15:35:00,1,Collision with vehicle,1,Monday,130,REAR END(VEHICLES IN SAME LANE),1,292841,Cross intersection,3,80,Freeway,BELGRAVE-HALLAM-MONASH IN,CASEY,-37.998283,145.27507,2019,3,March,15,Afternoon Peak,Weekday
T20190005304,2019-03-18,14:39:00,1,Collision with vehicle,1,Monday,121,RIGHT THROUGH,1,36929,Cross intersection,3,50,Local Road,FRESHWATER,MELBOURNE,-37.82167,144.963,2019,3,March,14,Midday,Weekday
T20190005115,2019-03-18,01:50:00,4,Collision with a fixed object,1,Monday,173,RIGHT OFF CARRIAGEWAY INTO OBJECT/PARKED VEHICLE,3,36285,T intersection,2,60,Arterial Other,HIGH,WHITTLESEA,-37.682747,145.01341,2019,3,March,1,Late Night,Weekday
T20190005174,2019-03-18,15:55:00,2,Struck Pedestrian,1,Monday,103,PED PLAYING/LYING/WORKING/STANDING ON CARRIAGEWAY.,1,37860,T intersection,3,60,Arterial Other,SETTLEMENT,WHITTLESEA,-37.688637,145.01967,2019,3,March,15,Afternoon Peak,Weekday
T20190005142,2019-03-18,15:50:00,6,Vehicle overturned (no collision),1,Monday,179,OTHER ACCIDENTS-OFF STRAIGHT NOT INCLUDED IN DCAs 170-175,1,37295,T intersection,2,40,Arterial Other,VICTORIA,YARRA,-37.811207,145.0071,2019,3,March,15,Afternoon Peak,Weekday
T20190005143,2019-03-18,03:00:00,4,Collision with a fixed object,1,Monday,173,RIGHT OFF CARRIAGEWAY INTO OBJECT/PARKED VEHICLE,5,582691,Not at intersection,1,100,Arterial Highway,HENTY,SOUTHERN GRAMPIANS,-37.840034,141.83685,2019,3,March,3,Late Night,Weekday
T20190005118,2019-03-18,05:40:00,4,Collision with a fixed object,1,Monday,181,OFF RIGHT BEND INTO OBJECT/PARKED VEHICLE,5,343373,Not at intersection,2,100,Local Road,SIMS,BENDIGO,-36.894253,144.39801,2019,3,March,5,Morning Peak,Weekday
T20190005140,2019-03-18,13:05:00,5,collision with some other object,1,Monday,173,RIGHT OFF CARRIAGEWAY INTO OBJECT/PARKED VEHICLE,1,347055,T intersection,3,60,Arterial Highway,CHELTENHAM,DANDENONG,-37.990524,145.20015,2019,3,March,13,Midday,Weekday
T20190005190,2019-03-18,07:58:00,4,Collision with a fixed object,1,Monday,181,OFF RIGHT BEND INTO OBJECT/PARKED VEHICLE,1,343398,Not at intersection,2,100,Arterial Other,MAFFRA-BRIAGOLONG,WELLINGTON,-37.92527,146.99583,2019,3,March,7,Morning Peak,Weekday
T20190005145,2019-03-18,15:00:00,4,Collision with a fixed object,1,Monday,181,OFF RIGHT BEND INTO OBJECT/PARKED VEHICLE,1,346443,Not at intersection,2,60,Arterial Other,MAIN NEERIM,BAW BAW,-37.91453,145.96382,2019,3,March,15,Afternoon Peak,Weekday
T20190005166,2019-03-18,08:35:00,1,Collision with vehicle,1,Monday,131,LEFT REAR,1,35407,T intersection,3,60,Arterial Other,ST KILDA,MELBOURNE,-37.845974,144.9791,2019,3,March,8,Morning Peak,Weekday
T20190005779,2019-03-18,08:40:00,1,Collision with vehicle,1,Monday,130,REAR END(VEHICLES IN SAME LANE),1,343724,T intersection,3,70,Arterial Highway,MURRAY,MORNINGTON PENINSULA,-38.363724,144.7912,2019,3,March,8,Morning Peak,Weekday
T20190005128,2019-03-18,08:00:00,1,Collision with vehicle,1,Monday,130,REAR END(VEHICLES IN SAME LANE),1,343401,Not at intersection,2,80,Local Road,DOHERTYS,WYNDHAM,-37.82385,144.73524,2019,3,March,8,Morning Peak,Weekday
T20190005122,2019-03-18,08:50:00,1,Collision with vehicle,1,Monday,121,RIGHT THROUGH,1,43718,Cross intersection,2,50,Local Road,CRAMER,DAREBIN,-37.739025,144.98991,2019,3,March,8,Morning Peak,Weekday
T20190005172,2019-03-18,21:20:00,1,Collision with vehicle,1,Monday,110,CROSS TRAFFIC(INTERSECTIONS ONLY),3,353204,Cross intersection,2,60,Arterial Other,DAVEY,FRANKSTON,-38.146336,145.12238,2019,3,March,21,Night,Weekday
T20190005171,2019-03-18,18:20:00,1,Collision with vehicle,1,Monday,130,REAR END(VEHICLES IN SAME LANE),1,360211,Not at intersection,2,80,Freeway,WEST GATE,HOBSONS BAY,-37.82492,144.8496,2019,3,March,18,Afternoon Peak,Weekday
T20190005178,2019-03-19,00:50:00,4,Collision with a fixed object,2,Tuesday,171,LEFT OFF CARRIAGEWAY INTO OBJECT/PARKED VEHICLE,3,343395,Not at intersection,3,70,Local Road,COLCHESTER,MAROONDAH,-37.83306,145.30215,2019,3,March,0,Late Night,Weekday
T20190006673,2019-03-19,09:10:00,1,Collision with vehicle,2,Tuesday,116,LEFT NEAR (INTERSECTIONS ONLY),1,359206,Y intersection,3,50,Local Road,ELIZABETH,HUME,-37.5851,144.70798,2019,3,March,9,Morning Peak,Weekday
T20190005262,2019-03-19,16:35:00,1,Collision with vehicle,2,Tuesday,120,HEAD ON (NOT OVERTAKING),1,343603,Not at intersection,3,60,Local Road,JUMPING CREEK,MANNINGHAM,-37.73687,145.24715,2019,3,March,16,Afternoon Peak,Weekday
T20190005263,2019-03-19,17:48:00,1,Collision with vehicle,2,Tuesday,121,RIGHT THROUGH,1,37525,T intersection,3,60,Arterial Other,BEACONSFIELD,PORT PHILLIP,-37.85157,144.95639,2019,3,March,17,Afternoon Peak,Weekday
T20190005264,2019-03-19,17:46:00,4,Collision with a fixed object,2,Tuesday,173,RIGHT OFF CARRIAGEWAY INTO OBJECT/PARKED VEHICLE,1,344462,Not at intersection,3,100,Arterial Highway,MURRAY VALLEY,SWAN HILL,-34.71946,142.96526,2019,3,March,17,Afternoon Peak,Weekday
T20190005266,2019-03-19,21:00:00,1,Collision with vehicle,2,Tuesday,121,RIGHT THROUGH,3,478,Multiple intersection,2,60,Arterial Other,HIGH STREET -HIGH,BOROONDARA,-37.80748,145.02888,2019,3,March,21,Night,Weekday
T20190005269,2019-03-19,15:30:00,2,Struck Pedestrian,2,Tuesday,102,FAR SIDE. PED HIT BY VEHICLE FROM THE LEFT,1,657559,T intersection,2,80,Arterial Other,ARENA,CARDINIA,-38.06821,145.43614,2019,3,March,15,Afternoon Peak,Weekday
T20190005273,2019-03-19,23:10:00,1,Collision with vehicle,2,Tuesday,116,LEFT NEAR (INTERSECTIONS ONLY),3,35476,T intersection,3,60,Arterial Other,WARRANDYTE,MAROONDAH,-37.80765,145.23048,2019,3,March,23,Night,Weekday
T20190005311,2019-03-19,21:15:00,2,Struck Pedestrian,2,Tuesday,100,PED NEAR SIDE. PED HIT BY VEHICLE FROM THE RIGHT.,3,36355,Cross intersection,3,60,Local Road,DRUMMOND,MELBOURNE,-37.805065,144.9677,2019,3,March,21,Night,Weekday
T20190005318,2019-03-19,16:15:00,1,Collision with vehicle,2,Tuesday,121,RIGHT THROUGH,1,321002,T intersection,3,60,Arterial Other,EAST BOUNDARY,GLEN EIRA,-37.930515,145.05731,2019,3,March,16,Afternoon Peak,Weekday
T20190005187,2019-03-19,07:23:00,1,Collision with vehicle,2,Tuesday,130,REAR END(VEHICLES IN SAME LANE),1,343392,Not at intersection,2,40,Local Road,WRIXON,BOROONDARA,-37.81552,145.04652,2019,3,March,7,Morning Peak,Weekday
T20190005843,2019-03-19,08:27:00,1,Collision with vehicle,2,Tuesday,121,RIGHT THROUGH,1,344553,T intersection,3,60,Local Road,MCCLELLAND,GEELONG,-38.02485,144.41519,2019,3,March,8,Morning Peak,Weekday
T20190005220,2019-03-19,12:10:00,1,Collision with vehicle,2,Tuesday,131,LEFT REAR,1,40806,Cross intersection,3,50,Arterial Highway,SPRINGVALE,WHITEHORSE,-37.84856,145.17044,2019,3,March,12,Midday,Weekday
T20190005213,2019-03-19,11:50:00,1,Collision with vehicle,2,Tuesday,135,LANE CHANGE LEFT (NOT OVERTAKING),1,343785,Not at intersection,3,50,Local Road,ORIEL,BANYULE,-37.74094,145.04295,2019,3,March,11,Midday,Weekday
T20190005221,2019-03-19,11:50:00,1,Collision with vehicle,2,Tuesday,130,REAR END(VEHICLES IN SAME LANE),1,344543,Not at intersection,3,100,Arterial Highway,MURRAY VALLEY,GANNAWARRA,-35.51655,143.72853,2019,3,March,11,Midday,Weekday
T20190005208,2019-03-19,10:30:00,1,Collision with vehicle,2,Tuesday,110,CROSS TRAFFIC(INTERSECTIONS ONLY),1,38799,Cross intersection,2,50,Local Road,COWPER,MARIBYRNONG,-37.806698,144.90193,2019,3,March,10,Midday,Weekday
T20190005818,2019-03-19,16:30:00,1,Collision with vehicle,2,Tuesday,140,U TURN,2,344999,Not at intersection,3,50,Arterial Other,MORELAND,MORELAND,-37.75295,144.94298,2019,3,March,16,Afternoon Peak,Weekday
T20190005196,2019-03-19,08:20:00,1,Collision with vehicle,2,Tuesday,130,REAR END(VEHICLES IN SAME LANE),1,343830,Not at intersection,2,100,Local Road,GEODETIC,MOIRA,-36.09928,146.12177,2019,3,March,8,Morning Peak,Weekday
T20190005226,2019-03-19,14:25:00,1,Collision with vehicle,2,Tuesday,134,LANE CHANGE RIGHT (NOT OVERTAKING),1,343511,Not at intersection,3,80,Freeway,METROPOLITAN RING,NILLUMBIK,-37.686687,145.07101,2019,3,March,14,Midday,Weekday
T20190005230,2019-03-19,15:10:00,1,Collision with vehicle,2,Tuesday,160,VEHICLE COLLIDES WITH VEHICLE PARKED ON LEFT OF ROAD,1,344501,Not at intersection,3,60,Arterial Other,MCDONALDS,WHITTLESEA,-37.645145,145.03246,2019,3,March,15,Afternoon Peak,Weekday
T20190005186,2019-03-19,07:34:00,1,Collision with vehicle,2,Tuesday,130,REAR END(VEHICLES IN SAME LANE),1,343400,T intersection,2,60,Arterial Other,CENTRE,KINGSTON,-37.930065,145.13124,2019,3,March,7,Morning Peak,Weekday
T20190005233,2019-03-19,14:15:00,1,Collision with vehicle,2,Tuesday,120,HEAD ON (NOT OVERTAKING),1,344264,Not at intersection,2,80,Local Road,BANNONS,NILLUMBIK,-37.627853,145.14832,2019,3,March,14,Midday,Weekday
T20190005180,2019-03-19,01:57:00,1,Collision with vehicle,2,Tuesday,169,OTHER ON PATH,6,343579,Not at intersection,3,50,Local Road,LLOYD,BENDIGO,-36.75406,144.29926,2019,3,March,1,Late Night,Weekday
T20190005234,2019-03-19,15:35:00,4,Collision with a fixed object,2,Tuesday,171,LEFT OFF CARRIAGEWAY INTO OBJECT/PARKED VEHICLE,1,344688,Not at intersection,2,80,Local Road,TROUPS,MELTON,-37.76076,144.66551,2019,3,March,15,Afternoon Peak,Weekday
T20190005235,2019-03-19,11:00:00,1,Collision with vehicle,2,Tuesday,111,RIGHT FAR (INTERSECTIONS ONLY),1,41839,T intersection,2,50,Local Road,LUM,MONASH,-37.90041,145.18074,2019,3,March,11,Midday,Weekday
T20190005238,2019-03-19,17:35:00,1,Collision with vehicle,2,Tuesday,121,RIGHT THROUGH,1,49235,Cross intersection,2,60,Arterial Highway,MCPHERSON,HORSHAM,-36.71781,142.20494,2019,3,March,17,Afternoon Peak,Weekday
T20190005239,2019-03-19,18:00:00,1,Collision with vehicle,2,Tuesday,121,RIGHT THROUGH,1,40343,Cross intersection,2,60,Arterial Other,MALVERN,STONNINGTON,-37.853073,145.041,2019,3,March,18,Afternoon Peak,Weekday
T20190005240,2019-03-19,15:40:00,1,Collision with vehicle,2,Tuesday,120,HEAD ON (NOT OVERTAKING),1,343487,Not at intersection,2,60,Arterial Other,BEACH,KINGSTON,-37.98937,145.06107,2019,3,March,15,Afternoon Peak,Weekday
T20190005219,2019-03-19,12:17:00,1,Collision with vehicle,2,Tuesday,160,VEHICLE COLLIDES WITH VEHICLE PARKED ON LEFT OF ROAD,1,343626,Not at intersection,2,40,Arterial Other,BURKE,BOROONDARA,-37.846172,145.05388,2019,3,March,12,Midday,Weekday
T20190005193,2019-03-19,07:10:00,3,Struck animal,2,Tuesday,167,STRUCK ANIMAL,2,343389,Not at intersection,2,90,Arterial Highway,MCIVOR,BENDIGO,-36.76945,144.34216,2019,3,March,7,Morning Peak,Weekday
T20190005244,2019-03-19,17:49:00,1,Collision with vehicle,2,Tuesday,130,REAR END(VEHICLES IN SAME LANE),1,343902,Not at intersection,3,100,Freeway,EASTERN IN-BULLEEN,BOROONDARA,-37.779987,145.08246,2019,3,March,17,Afternoon Peak,Weekday
T20190005355,2019-03-19,14:05:00,1,Collision with vehicle,2,Tuesday,121,RIGHT THROUGH,1,221997,T intersection,3,60,Freeway,ELGAR,WHITEHORSE,-37.796593,145.1184,2019,3,March,14,Midday,Weekday
T20190005246,2019-03-19,17:10:00,1,Collision with vehicle,2,Tuesday,130,REAR END(VEHICLES IN SAME LANE),1,343594,Not at intersection,3,100,Freeway,SOUTH GIPPSLAND,CASEY,-38.00123,145.2524,2019,3,March,17,Afternoon Peak,Weekday
T20190005249,2019-03-19,13:12:00,4,Collision with a fixed object,2,Tuesday,183,OFF LEFT BEND INTO OBJECT/PARKED VEHICLE,1,344403,Not at intersection,2,100,Local Road,BINDI,EAST GIPPSLAND,-37.16945,147.75285,2019,3,March,13,Midday,Weekday
T20190005250,2019-03-19,17:55:00,1,Collision with vehicle,2,Tuesday,112,LEFT FAR (INTERSECTIONS ONLY),1,310176,T intersection,2,60,Arterial Other,THOMPSONS,CASEY,-38.07862,145.2483,2019,3,March,17,Afternoon Peak,Weekday
T20190005251,2019-03-19,17:25:00,4,Collision with a fixed object,2,Tuesday,171,LEFT OFF CARRIAGEWAY INTO OBJECT/PARKED VEHICLE,1,344723,Not at intersection,2,100,Arterial Highway,PRINCES,EAST GIPPSLAND,-37.70641,148.57504,2019,3,March,17,Afternoon Peak,Weekday
T20190005253,2019-03-19,16:56:00,1,Collision with vehicle,2,Tuesday,143,ENTERING PARKING,1,343468,Not at intersection,3,60,Local Road,GLENLYON,MORELAND,-37.771973,144.96513,2019,3,March,16,Afternoon Peak,Weekday
T20190005254,2019-03-19,20:45:00,1,Collision with vehicle,2,Tuesday,121,RIGHT THROUGH,5,343497,T intersection,3,60,Arterial Other,PRINCES,BAW BAW,-38.13015,145.8497,2019,3,March,20,Night,Weekday
T20190005255,2019-03-19,14:35:00,2,Struck Pedestrian,2,Tuesday,103,PED PLAYING/LYING/WORKING/STANDING ON CARRIAGEWAY.,1,343405,Not at intersection,2,60,Arterial Other,VICTORIA,MELBOURNE,-37.80734,144.96925,2019,3,March,14,Midday,Weekday
T20190005561,2019-03-19,22:03:00,1,Collision with vehicle,2,Tuesday,110,CROSS TRAFFIC(INTERSECTIONS ONLY),3,29708,Cross intersection,2,60,Local Road,BENNET,DANDENONG,-37.983894,145.2004,2019,3,March,22,Night,Weekday
T20190005206,2019-03-19,11:19:00,4,Collision with a fixed object,2,Tuesday,171,LEFT OFF CARRIAGEWAY INTO OBJECT/PARKED VEHICLE,1,343404,Not at intersection,2,70,Arterial Other,SYDNEY,HUME,-37.68226,144.95699,2019,3,March,11,Midday,Weekday
T20190005197,2019-03-19,10:05:00,1,Collision with vehicle,2,Tuesday,113,RIGHT NEAR (INTERSECTIONS ONLY),1,42147,T intersection,2,60,Arterial Other,BAY,BAYSIDE,-37.954823,145.0296,2019,3,March,10,Midday,Weekday
T20190005472,2019-03-19,12:15:00,1,Collision with vehicle,2,Tuesday,142,LEAVING PARKING,1,343601,Not at intersection,2,60,Arterial Other,MAIN,GOLDEN PLAINS,-38.02865,144.0523,2019,3,March,12,Midday,Weekday
T20190005247,2019-03-19,17:55:00,1,Collision with vehicle,2,Tuesday,134,LANE CHANGE RIGHT (NOT OVERTAKING),1,343408,Not at intersection,3,60,Local Road,GARDEN,GEELONG,-38.15162,144.37286,2019,3,March,17,Afternoon Peak,Weekday
T20190005257,2019-03-19,19:30:00,3,Struck animal,2,Tuesday,167,STRUCK ANIMAL,3,343439,Not at intersection,3,80,Arterial Highway,GREENSBOROUGH,BANYULE,-37.69727,145.09184,2019,3,March,19,Night,Weekday
T20190005258,2019-03-19,18:05:00,1,Collision with vehicle,2,Tuesday,140,U TURN,1,343524,Not at intersection,3,50,Local Road,PARK,PORT PHILLIP,-37.858772,144.9723,2019,3,March,18,Afternoon Peak,Weekday
T20190005241,2019-03-19,17:48:00,1,Collision with vehicle,2,Tuesday,130,REAR END(VEHICLES IN SAME LANE),1,344204,Not at intersection,2,100,Freeway,METROPOLITAN RING,WHITTLESEA,-37.686928,145.04797,2019,3,March,17,Afternoon Peak,Weekday
T20190005368,2019-03-20,21:50:00,1,Collision with vehicle,3,Wednesday,171,LEFT OFF CARRIAGEWAY INTO OBJECT/PARKED VEHICLE,3,343592,Not at intersection,3,60,Arterial Highway,BALLARAT,SOUTHERN GRAMPIANS,-37.742237,142.03624,2019,3,March,21,Night,Weekday
T20220016159,2019-03-20,16:49:00,1,Collision with vehicle,3,Wednesday,130,REAR END(VEHICLES IN SAME LANE),9,726928,Cross intersection,3,60,Local Road,YARRA,MAROONDAH,-37.77441,145.27556,2019,3,March,16,Afternoon Peak,Weekday
T20190005405,2019-03-20,17:30:00,1,Collision with vehicle,3,Wednesday,130,REAR END(VEHICLES IN SAME LANE),1,343494,Not at intersection,2,80,Arterial Other,NARRE WARREN NORTH,CASEY,-38.022987,145.30782,2019,3,March,17,Afternoon Peak,Weekday
T20190006128,2019-03-20,13:45:00,7,Fall from or in moving vehicle,3,Wednesday,179,OTHER ACCIDENTS-OFF STRAIGHT NOT INCLUDED IN DCAs 170-175,1,37052,Cross intersection,3,70,Arterial Highway,HODDLE,YARRA,-37.809612,144.99138,2019,3,March,13,Midday,Weekday
T20190005276,2019-03-20,06:00:00,1,Collision with vehicle,3,Wednesday,135,LANE CHANGE LEFT (NOT OVERTAKING),5,343896,Not at intersection,3,100,Freeway,MONASH,DANDENONG,-37.965,145.23238,2019,3,March,6,Morning Peak,Weekday
T20190005278,2019-03-20,08:30:00,1,Collision with vehicle,3,Wednesday,148,VEHICLE OFF FOOTPATH STRIKES VEH ON CARRIAGEWAY,1,42155,T intersection,3,80,Arterial Highway,NEPEAN,KINGSTON,-37.9351,145.03616,2019,3,March,8,Morning Peak,Weekday
T20190005279,2019-03-20,07:48:00,6,Vehicle overturned (no collision),3,Wednesday,174,OUT OF CONTROL ON CARRIAGEWAY (ON STRAIGHT),1,347422,Cross intersection,3,50,Local Road,ALEXANDER,MARIBYRNONG,-37.80364,144.88773,2019,3,March,7,Morning Peak,Weekday
T20190005280,2019-03-20,07:52:00,1,Collision with vehicle,3,Wednesday,179,OTHER ACCIDENTS-OFF STRAIGHT NOT INCLUDED IN DCAs 170-175,2,343839,Not at intersection,2,80,Local Road,WANGANUI,SHEPPARTON,-36.34756,145.39282,2019,3,March,7,Morning Peak,Weekday