ACCIDENT_NO,ACCIDENT_DATE,ACCIDENT_TIME,ACCIDENT_TYPE,ACCIDENT_TYPE_DESC,DAY_OF_WEEK,DAY_WEEK_DESC,DCA_CODE,DCA_DESC,LIGHT_CONDITION,NODE_ID,ROAD_GEOMETRY_DESC,SEVERITY,SPEED_ZONE,RMA,ROAD_NAME,LGA_NAME,LATITUDE,LONGITUDE,YEAR,MONTH,MONTH_NAME,HOUR,TIME_PERIOD,DAY_TYPE
T20190005282,2019-03-20,04:45:00,1,Collision with vehicle,3,Wednesday,132,RIGHT REAR.,6,29610,Cross intersection,3,60,Arterial Highway,TOORAK,BOROONDARA,-37.845703,145.05399,2019,3,March,4,Late Night,Weekday
T20190005287,2019-03-20,07:20:00,4,Collision with a fixed object,3,Wednesday,181,OFF RIGHT BEND INTO OBJECT/PARKED VEHICLE,1,344469,Not at intersection,3,100,Arterial Other,EUROA-SHEPPARTON,STRATHBOGIE,-36.62771,145.47148,2019,3,March,7,Morning Peak,Weekday
T20190005291,2019-03-20,12:06:00,2,Struck Pedestrian,3,Wednesday,101,PED EMERGES FROM IN FRONT OF PARKED OR STATIONARY VEHICLE,1,343721,Not at intersection,2,40,Local Road,RATHDOWNE,YARRA,-37.78836,144.97208,2019,3,March,12,Midday,Weekday
T20190005292,2019-03-20,07:50:00,1,Collision with vehicle,3,Wednesday,130,REAR END(VEHICLES IN SAME LANE),1,345061,Not at intersection,3,100,Freeway,EASTLINK,DANDENONG,-37.94486,145.20561,2019,3,March,7,Morning Peak,Weekday
T20190005293,2019-03-20,08:55:00,4,Collision with a fixed object,3,Wednesday,173,RIGHT OFF CARRIAGEWAY INTO OBJECT/PARKED VEHICLE,1,590232,Not at intersection,3,100,Freeway,MONASH,CASEY,-38.021477,145.31348,2019,3,March,8,Morning Peak,Weekday
T20190005296,2019-03-20,08:58:00,4,Collision with a fixed object,3,Wednesday,181,OFF RIGHT BEND INTO OBJECT/PARKED VEHICLE,1,343492,Not at intersection,3,60,Arterial Other,HEIDELBERG-KINGLAKE,NILLUMBIK,-37.540512,145.339,2019,3,March,8,Morning Peak,Weekday
T20190005298,2019-03-20,12:03:00,4,Collision with a fixed object,3,Wednesday,171,LEFT OFF CARRIAGEWAY INTO OBJECT/PARKED VEHICLE,1,343467,Not at intersection,2,100,Local Road,PLUMPTON,MELTON,-37.66484,144.70158,2019,3,March,12,Midday,Weekday
T20190005299,2019-03-20,09:20:00,1,Collision with vehicle,3,Wednesday,147,VEHICLE STRIKES ANOTHER VEH WHILE EMERGING FROM DRIVEWAY,1,344293,Not at intersection,2,100,Arterial Other,COLAC-LAVERS HILL,COLAC OTWAY,-38.636818,143.49739,2019,3,March,9,Morning Peak,Weekday
T20190005323,2019-03-20,19:15:00,1,Collision with vehicle,3,Wednesday,130,REAR END(VEHICLES IN SAME LANE),2,43857,Cross intersection,3,80,Arterial Highway,SOUTH GIPPSLAND,CASEY,-38.08229,145.2766,2019,3,March,19,Night,Weekday
T20190005325,2019-03-20,19:05:00,1,Collision with vehicle,3,Wednesday,121,RIGHT THROUGH,2,29400,Cross intersection,2,60,Arterial Highway,ALEXANDRA,MELBOURNE,-37.793045,144.97572,2019,3,March,19,Night,Weekday
T20190005326,2019-03-20,18:06:00,2,Struck Pedestrian,3,Wednesday,100,PED NEAR SIDE. PED HIT BY VEHICLE FROM THE RIGHT.,1,344805,Not at intersection,2,60,Local Road,KAMBROOK,GLEN EIRA,-37.87809,145.03522,2019,3,March,18,Afternoon Peak,Weekday
T20190005328,2019-03-20,17:50:00,1,Collision with vehicle,3,Wednesday,151,OUT OF CONTROL (OVERTAKING),1,345154,T intersection,3,80,Freeway,PENINSULA LINK OUT-OLD MOOROODUC,MORNINGTON PENINSULA,-38.271282,145.07106,2019,3,March,17,Afternoon Peak,Weekday
T20190005334,2019-03-20,21:01:00,1,Collision with vehicle,3,Wednesday,110,CROSS TRAFFIC(INTERSECTIONS ONLY),3,43662,Cross intersection,3,60,Arterial Other,GAP,HUME,-37.578457,144.71011,2019,3,March,21,Night,Weekday
T20190005300,2019-03-20,07:00:00,1,Collision with vehicle,3,Wednesday,111,RIGHT FAR (INTERSECTIONS ONLY),2,343465,T intersection,2,70,Arterial Other,MAIN,MACEDON RANGES,-37.457443,144.68344,2019,3,March,7,Morning Peak,Weekday
T20190005308,2019-03-20,09:18:00,1,Collision with vehicle,3,Wednesday,135,LANE CHANGE LEFT (NOT OVERTAKING),1,343444,Not at intersection,3,50,Local Road,VICTORIA,DAREBIN,-37.778393,145.01035,2019,3,March,9,Morning Peak,Weekday
T20190005313,2019-03-20,16:51:00,1,Collision with vehicle,3,Wednesday,113,RIGHT NEAR (INTERSECTIONS ONLY),1,39126,Cross intersection,2,60,Arterial Other,BULLEEN,BOROONDARA,-37.789154,145.07367,2019,3,March,16,Afternoon Peak,Weekday
T20190005314,2019-03-20,15:26:00,1,Collision with vehicle,3,Wednesday,130,REAR END(VEHICLES IN SAME LANE),1,343460,Not at intersection,3,60,Arterial Other,EPPING,WHITTLESEA,-37.62772,145.028,2019,3,March,15,Afternoon Peak,Weekday
T20190005320,2019-03-20,17:45:00,1,Collision with vehicle,3,Wednesday,130,REAR END(VEHICLES IN SAME LANE),1,343703,Not at intersection,3,60,Arterial Other,RIVERSDALE,WHITEHORSE,-37.83727,145.10759,2019,3,March,17,Afternoon Peak,Weekday
T20190005321,2019-03-20,16:40:00,4,Collision with a fixed object,3,Wednesday,183,OFF LEFT BEND INTO OBJECT/PARKED VEHICLE,1,274709,Not at intersection,2,100,Local Road,HIGHLANDS,MURRINDINDI,-37.09355,145.41475,2019,3,March,16,Afternoon Peak,Weekday
T20190005337,2019-03-20,21:02:00,2,Struck Pedestrian,3,Wednesday,100,PED NEAR SIDE. PED HIT BY VEHICLE FROM THE RIGHT.,3,36888,Cross intersection,3,40,Local Road,LITTLE COLLINS,MELBOURNE,-37.815945,144.96114,2019,3,March,21,Night,Weekday
T20190005338,2019-03-20,21:40:00,2,Struck Pedestrian,3,Wednesday,102,FAR SIDE. PED HIT BY VEHICLE FROM THE LEFT,3,39125,T intersection,2,50,Arterial Other,KINGS,BRIMBANK,-37.73642,144.78033,2019,3,March,21,Night,Weekday
T20190005408,2019-03-21,20:30:00,1,Collision with vehicle,4,Thursday,110,CROSS TRAFFIC(INTERSECTIONS ONLY),3,53112,Cross intersection,2,60,Local Road,BRITTAIN,BALLARAT,-37.58248,143.86082,2019,3,March,20,Night,Weekday
T20190005403,2019-03-21,15:05:00,1,Collision with vehicle,4,Thursday,133,LANE SIDE SWIPE (VEHICLES IN PARALLEL LANES),1,344782,Not at intersection,2,80,Freeway,CITYLINK,MELBOURNE,-37.828117,144.98723,2019,3,March,15,Afternoon Peak,Weekday
T20190005402,2019-03-21,18:59:00,4,Collision with a fixed object,4,Thursday,171,LEFT OFF CARRIAGEWAY INTO OBJECT/PARKED VEHICLE,2,343495,Not at intersection,2,80,Freeway,FRANKSTON-DANDENONG-FRANKSTON IN,FRANKSTON,-38.12612,145.13364,2019,3,March,18,Afternoon Peak,Weekday
T20190005626,2019-03-21,18:30:00,1,Collision with vehicle,4,Thursday,110,CROSS TRAFFIC(INTERSECTIONS ONLY),1,38727,Cross intersection,2,50,Local Road,HAMILTON,MARIBYRNONG,-37.809902,144.88707,2019,3,March,18,Afternoon Peak,Weekday
T20190006563,2019-03-21,11:35:00,1,Collision with vehicle,4,Thursday,130,REAR END(VEHICLES IN SAME LANE),1,344003,T intersection,3,60,Arterial Other,MCLEOD,KINGSTON,-38.076298,145.12337,2019,3,March,11,Midday,Weekday
T20190005401,2019-03-21,18:50:00,2,Struck Pedestrian,4,Thursday,103,PED PLAYING/LYING/WORKING/STANDING ON CARRIAGEWAY.,1,343650,Not at intersection,2,50,Local Road,WINDLE,MOORABOOL,-37.60149,144.23337,2019,3,March,18,Afternoon Peak,Weekday
T20190005398,2019-03-21,15:15:00,1,Collision with vehicle,4,Thursday,147,VEHICLE STRIKES ANOTHER VEH WHILE EMERGING FROM DRIVEWAY,1,343786,Not at intersection,2,50,Local Road,ELIZABETH,YARRA,-37.811367,144.99548,2019,3,March,15,Afternoon Peak,Weekday
T20190005396,2019-03-21,16:40:00,2,Struck Pedestrian,4,Thursday,102,FAR SIDE. PED HIT BY VEHICLE FROM THE LEFT,1,37590,Not at intersection,2,60,Arterial Other,ST KILDA,MELBOURNE,-37.83908,144.97658,2019,3,March,16,Afternoon Peak,Weekday
T20190005349,2019-03-21,06:45:00,1,Collision with vehicle,4,Thursday,140,U TURN,3,343784,Not at intersection,3,60,Arterial Other,HEIDELBERG,YARRA,-37.78406,145.01318,2019,3,March,6,Morning Peak,Weekday
T20190018390,2019-03-21,15:45:00,1,Collision with vehicle,4,Thursday,111,RIGHT FAR (INTERSECTIONS ONLY),9,588719,Y intersection,3,50,Local Road,VALLEY,BOROONDARA,-37.8524,145.05873,2019,3,March,15,Afternoon Peak,Weekday
T20190005410,2019-03-21,20:58:00,1,Collision with vehicle,4,Thursday,130,REAR END(VEHICLES IN SAME LANE),3,35331,Cross intersection,3,60,Arterial Highway,GREENSBOROUGH,BANYULE,-37.70317,145.08983,2019,3,March,20,Night,Weekday
T20190005375,2019-03-21,13:45:00,1,Collision with vehicle,4,Thursday,121,RIGHT THROUGH,1,343753,Not at intersection,3,80,Arterial Other,BALLARAT-CARNGHAM,BALLARAT,-37.56715,143.78697,2019,3,March,13,Midday,Weekday
T20190005371,2019-03-21,11:06:00,1,Collision with vehicle,4,Thursday,142,LEAVING PARKING,1,150378,Not at intersection,3,60,Arterial Other,SHANNON,GEELONG,-38.13629,144.33722,2019,3,March,11,Midday,Weekday
T20190005386,2019-03-21,14:34:00,7,Fall from or in moving vehicle,4,Thursday,179,OTHER ACCIDENTS-OFF STRAIGHT NOT INCLUDED IN DCAs 170-175,1,304000,Not at intersection,2,60,Arterial Highway,KINGS,PORT PHILLIP,-37.82931,144.96356,2019,3,March,14,Midday,Weekday
T20190005394,2019-03-21,17:15:00,1,Collision with vehicle,4,Thursday,110,CROSS TRAFFIC(INTERSECTIONS ONLY),1,51389,Cross intersection,3,50,Local Road,ANSTRUTHER,CAMPASPE,-36.126427,144.74916,2019,3,March,17,Afternoon Peak,Weekday
T20190005496,2019-03-21,16:30:00,2,Struck Pedestrian,4,Thursday,106,VEH STRIKES PED ON FOOTPATH/MEDIAN/TRAFFIC ISLAND.,1,51776,Cross intersection,3,50,Local Road,OAK,MITCHELL,-37.02436,145.14517,2019,3,March,16,Afternoon Peak,Weekday
T20190005388,2019-03-21,15:20:00,1,Collision with vehicle,4,Thursday,130,REAR END(VEHICLES IN SAME LANE),1,42451,T intersection,3,80,Arterial Highway,DANDENONG,MONASH,-37.92176,145.13911,2019,3,March,15,Afternoon Peak,Weekday
T20190005379,2019-03-21,15:17:00,2,Struck Pedestrian,4,Thursday,100,PED NEAR SIDE. PED HIT BY VEHICLE FROM THE RIGHT.,1,325897,Cross intersection,2,60,Arterial Highway,NEPEAN,FRANKSTON,-38.145245,145.11992,2019,3,March,15,Afternoon Peak,Weekday
T20190005370,2019-03-21,13:40:00,1,Collision with vehicle,4,Thursday,120,HEAD ON (NOT OVERTAKING),1,344154,Not at intersection,3,100,Arterial Highway,GREAT OCEAN,COLAC OTWAY,-38.778774,143.61957,2019,3,March,13,Midday,Weekday
T20190005450,2019-03-21,15:25:00,2,Struck Pedestrian,4,Thursday,102,FAR SIDE. PED HIT BY VEHICLE FROM THE LEFT,1,331667,Cross intersection,2,60,Arterial Highway,NEPEAN,FRANKSTON,-38.140194,145.12231,2019,3,March,15,Afternoon Peak,Weekday
T20190006712,2019-03-21,15:00:00,1,Collision with vehicle,4,Thursday,121,RIGHT THROUGH,1,38104,Cross intersection,3,60,Arterial Other,HEIDELBERG,YARRA,-37.780556,145.03227,2019,3,March,15,Afternoon Peak,Weekday
T20190005461,2019-03-21,16:01:00,1,Collision with vehicle,4,Thursday,135,LANE CHANGE LEFT (NOT OVERTAKING),1,343518,T intersection,3,70,Arterial Highway,HODDLE STREET SERVICE,YARRA,-37.799355,144.99301,2019,3,March,16,Afternoon Peak,Weekday
T20190005385,2019-03-21,14:40:00,1,Collision with vehicle,4,Thursday,120,HEAD ON (NOT OVERTAKING),1,343616,Not at intersection,2,100,Local Road,YABBA,TOWONG,-36.233788,147.26022,2019,3,March,14,Midday,Weekday
T20190005805,2019-03-21,13:00:00,1,Collision with vehicle,4,Thursday,130,REAR END(VEHICLES IN SAME LANE),1,36715,Cross intersection,2,60,Local Road,GIPPS,YARRA,-37.805435,144.9967,2019,3,March,13,Midday,Weekday
T20190005393,2019-03-21,15:28:00,2,Struck Pedestrian,4,Thursday,102,FAR SIDE. PED HIT BY VEHICLE FROM THE LEFT,1,53113,Cross intersection,2,50,Arterial Highway,ALBERT STREET -SKIPTON,BALLARAT,-37.58226,143.84088,2019,3,March,15,Afternoon Peak,Weekday
T20190005340,2019-03-21,01:15:00,4,Collision with a fixed object,4,Thursday,171,LEFT OFF CARRIAGEWAY INTO OBJECT/PARKED VEHICLE,3,344871,Not at intersection,2,60,Arterial Other,CANTERBURY,WHITEHORSE,-37.830944,145.1407,2019,3,March,1,Late Night,Weekday
T20190005344,2019-03-21,07:30:00,1,Collision with vehicle,4,Thursday,130,REAR END(VEHICLES IN SAME LANE),1,264026,T intersection,3,80,Arterial Other,HUME,HUME,-37.61254,144.94632,2019,3,March,7,Morning Peak,Weekday
T20190009139,2019-03-21,06:00:00,1,Collision with vehicle,4,Thursday,130,REAR END(VEHICLES IN SAME LANE),3,345676,Not at intersection,3,50,Local Road,RICHARDS,MORELAND,-37.74387,144.97145,2019,3,March,6,Morning Peak,Weekday
T20190005345,2019-03-21,08:30:00,1,Collision with vehicle,4,Thursday,121,RIGHT THROUGH,1,42529,T intersection,2,80,Arterial Highway,SPRINGVALE,DANDENONG,-37.944775,145.15361,2019,3,March,8,Morning Peak,Weekday
T20190005346,2019-03-21,08:13:00,1,Collision with vehicle,4,Thursday,135,LANE CHANGE LEFT (NOT OVERTAKING),1,343683,Not at intersection,3,80,Arterial Other,WELLINGTON,KNOX,-37.927696,145.25525,2019,3,March,8,Morning Peak,Weekday
T20190005351,2019-03-21,07:15:00,1,Collision with vehicle,4,Thursday,130,REAR END(VEHICLES IN SAME LANE),1,43136,Cross intersection,2,80,Arterial Other,BARRY,HUME,-37.663754,144.92218,2019,3,March,7,Morning Peak,Weekday
T20190005432,2019-03-21,18:48:00,2,Struck Pedestrian,4,Thursday,106,VEH STRIKES PED ON FOOTPATH/MEDIAN/TRAFFIC ISLAND.,1,343515,Not at intersection,2,60,Arterial Other,LOWER PLENTY,BANYULE,-37.743553,145.06387,2019,3,March,18,Afternoon Peak,Weekday
T20190005352,2019-03-21,09:40:00,1,Collision with vehicle,4,Thursday,130,REAR END(VEHICLES IN SAME LANE),1,360214,Not at intersection,3,80,Arterial Other,BERWICK-CRANBOURNE,CASEY,-38.0809,145.33441,2019,3,March,9,Morning Peak,Weekday
T20190005354,2019-03-21,09:15:00,1,Collision with vehicle,4,Thursday,130,REAR END(VEHICLES IN SAME LANE),1,344584,Not at intersection,2,80,Arterial Other,MICKLEHAM,HUME,-37.60674,144.88379,2019,3,March,9,Morning Peak,Weekday
T20190005357,2019-03-21,11:00:00,1,Collision with vehicle,4,Thursday,132,RIGHT REAR.,1,345017,T intersection,3,50,Local Road,MARSHALL,GEELONG,-38.15887,144.3471,2019,3,March,11,Midday,Weekday
T20190005358,2019-03-21,08:10:00,1,Collision with vehicle,4,Thursday,113,RIGHT NEAR (INTERSECTIONS ONLY),1,57443,T intersection,1,50,Local Road,CARCOOLA,MAROONDAH,-37.798645,145.25476,2019,3,March,8,Morning Peak,Weekday
T20190005362,2019-03-21,08:11:00,1,Collision with vehicle,4,Thursday,133,LANE SIDE SWIPE (VEHICLES IN PARALLEL LANES),1,45640,Cross intersection,2,40,Arterial Other,SYDNEY,MORELAND,-37.776115,144.9606,2019,3,March,8,Morning Peak,Weekday
T20190005363,2019-03-21,11:30:00,1,Collision with vehicle,4,Thursday,121,RIGHT THROUGH,1,589978,Cross intersection,3,80,Arterial Highway,PROGRESS,DANDENONG,-38.0019,145.23676,2019,3,March,11,Midday,Weekday
T20190005383,2019-03-21,16:00:00,1,Collision with vehicle,4,Thursday,113,RIGHT NEAR (INTERSECTIONS ONLY),1,343481,T intersection,3,60,Local Road,FULHAM,KNOX,-37.91866,145.23863,2019,3,March,16,Afternoon Peak,Weekday
T20190005364,2019-03-21,08:50:00,1,Collision with vehicle,4,Thursday,130,REAR END(VEHICLES IN SAME LANE),1,343675,Not at intersection,3,80,Arterial Other,SOMERTON ROAD SERVICE,HUME,-37.642403,144.94568,2019,3,March,8,Morning Peak,Weekday
T20190005366,2019-03-21,12:37:00,4,Collision with a fixed object,4,Thursday,181,OFF RIGHT BEND INTO OBJECT/PARKED VEHICLE,1,360213,Not at intersection,2,100,Local Road,BRIDGE,SHEPPARTON,-36.498802,145.34601,2019,3,March,12,Midday,Weekday
T20190005433,2019-03-21,17:15:00,6,Vehicle overturned (no collision),4,Thursday,172,OFF CARRIAGEWAY TO RIGHT,1,343776,Not at intersection,2,80,Freeway,HUME OUT-CRAIGIEBURN,WHITTLESEA,-37.602043,144.9598,2019,3,March,17,Afternoon Peak,Weekday
T20190005431,2019-03-21,21:32:00,4,Collision with a fixed object,4,Thursday,183,OFF LEFT BEND INTO OBJECT/PARKED VEHICLE,5,632977,Not at intersection,2,60,Arterial Other,BACCHUS MARSH,GEELONG,-37.90188,144.37091,2019,3,March,21,Night,Weekday
T20190005382,2019-03-21,14:00:00,2,Struck Pedestrian,4,Thursday,100,PED NEAR SIDE. PED HIT BY VEHICLE FROM THE RIGHT.,1,344250,Not at intersection,2,60,Arterial Other,RANFURLY,MILDURA,-34.18921,142.15698,2019,3,March,14,Midday,Weekday
T20190005421,2019-03-21,14:00:00,2,Struck Pedestrian,4,Thursday,100,PED NEAR SIDE. PED HIT BY VEHICLE FROM THE RIGHT.,1,343512,Not at intersection,2,60,Arterial Other,STATION,WHITEHORSE,-37.83281,145.1211,2019,3,March,14,Midday,Weekday
T20190005419,2019-03-21,07:50:00,1,Collision with vehicle,4,Thursday,113,RIGHT NEAR (INTERSECTIONS ONLY),1,45633,T intersection,2,40,Arterial Other,SYDNEY,MORELAND,-37.77383,144.96098,2019,3,March,7,Morning Peak,Weekday
T20190005415,2019-03-21,05:50:00,6,Vehicle overturned (no collision),4,Thursday,172,OFF CARRIAGEWAY TO RIGHT,5,343505,Not at intersection,2,80,Local Road,LONG FOREST,MOORABOOL,-37.63826,144.51009,2019,3,March,5,Morning Peak,Weekday
T20190005414,2019-03-21,20:00:00,4,Collision with a fixed object,4,Thursday,173,RIGHT OFF CARRIAGEWAY INTO OBJECT/PARKED VEHICLE,5,343738,Not at intersection,3,80,Arterial Highway,PRINCES,COLAC OTWAY,-38.301662,143.77242,2019,3,March,20,Night,Weekday
T20190005502,2019-03-22,05:25:00,1,Collision with vehicle,5,Friday,133,LANE SIDE SWIPE (VEHICLES IN PARALLEL LANES),3,344164,Not at intersection,2,100,Freeway,WESTERN RING,BRIMBANK,-37.800224,144.79588,2019,3,March,5,Morning Peak,Weekday
T20190005442,2019-03-22,07:12:00,2,Struck Pedestrian,5,Friday,100,PED NEAR SIDE. PED HIT BY VEHICLE FROM THE RIGHT.,2,29831,T intersection,2,40,Arterial Other,MT ALEXANDER,MOONEE VALLEY,-37.77047,144.92607,2019,3,March,7,Morning Peak,Weekday
T20190005439,2019-03-22,09:00:00,1,Collision with vehicle,5,Friday,130,REAR END(VEHICLES IN SAME LANE),1,347225,Not at intersection,3,60,Arterial Other,CLEGG,YARRA RANGES,-37.782597,145.40965,2019,3,March,9,Morning Peak,Weekday
T20190005438,2019-03-22,06:30:00,7,Fall from or in moving vehicle,5,Friday,190,FELL IN/FROM VEHICLE,9,42520,Cross intersection,3,60,Arterial Other,GAFFNEY,MORELAND,-37.732513,144.94955,2019,3,March,6,Morning Peak,Weekday
T20190008008,2019-03-22,14:00:00,6,Vehicle overturned (no collision),5,Friday,170,OFF CARRIAGEWAY TO LEFT,1,34725,Cross intersection,3,80,Arterial Highway,SPRINGVALE,WHITEHORSE,-37.85474,145.16928,2019,3,March,14,Midday,Weekday
T20190005487,2019-03-22,17:30:00,1,Collision with vehicle,5,Friday,132,RIGHT REAR.,1,1030,Cross intersection,2,60,Arterial Other,WESTERN PORT,MORNINGTON PENINSULA,-38.285446,145.18843,2019,3,March,17,Afternoon Peak,Weekday
T20190005864,2019-03-22,11:55:00,1,Collision with vehicle,5,Friday,130,REAR END(VEHICLES IN SAME LANE),9,344357,Not at intersection,3,80,Freeway,SUNSHINE-WESTERN RING OUT,BRIMBANK,-37.74961,144.8329,2019,3,March,11,Midday,Weekday
T20190005483,2019-03-22,16:30:00,1,Collision with vehicle,5,Friday,135,LANE CHANGE LEFT (NOT OVERTAKING),1,36627,Cross intersection,3,60,Local Road,SACKVILLE,YARRA,-37.798573,144.98746,2019,3,March,16,Afternoon Peak,Weekday
T20190005476,2019-03-22,15:50:00,4,Collision with a fixed object,5,Friday,173,RIGHT OFF CARRIAGEWAY INTO OBJECT/PARKED VEHICLE,1,44526,Cross intersection,3,60,Arterial Other,MACMEIKAN STREET -PLENTY,WHITTLESEA,-37.514133,145.11485,2019,3,March,15,Afternoon Peak,Weekday
T20190005473,2019-03-22,14:18:00,1,Collision with vehicle,5,Friday,113,RIGHT NEAR (INTERSECTIONS ONLY),1,34518,Multiple intersection,3,60,Arterial Other,LINCOLN,MOONEE VALLEY,-37.74463,144.91008,2019,3,March,14,Midday,Weekday
T20190005470,2019-03-22,14:59:00,1,Collision with vehicle,5,Friday,130,REAR END(VEHICLES IN SAME LANE),1,360215,Not at intersection,3,80,Arterial Highway,STUD,DANDENONG,-37.952923,145.22687,2019,3,March,14,Midday,Weekday
T20190006286,2019-03-22,15:50:00,1,Collision with vehicle,5,Friday,133,LANE SIDE SWIPE (VEHICLES IN PARALLEL LANES),1,196049,Not at intersection,3,40,Arterial Other,BEACH,BAYSIDE,-37.96537,145.01224,2019,3,March,15,Afternoon Peak,Weekday
T20190022078,2019-03-22,11:00:00,1,Collision with vehicle,5,Friday,130,REAR END(VEHICLES IN SAME LANE),1,29786,Cross intersection,3,50,Local Road,COULSTOCK,WHITTLESEA,-37.650124,145.02979,2019,3,March,11,Midday,Weekday
T20190005429,2019-03-22,07:45:00,1,Collision with vehicle,5,Friday,130,REAR END(VEHICLES IN SAME LANE),1,344055,Not at intersection,2,80,Freeway,WEST GATE,MELBOURNE,-37.826435,144.9305,2019,3,March,7,Morning Peak,Weekday
T20190005468,2019-03-22,06:20:00,2,Struck Pedestrian,5,Friday,100,PED NEAR SIDE. PED HIT BY VEHICLE FROM THE RIGHT.,2,29494,T intersection,3,50,Arterial Highway,BELL,DAREBIN,-37.745815,145.01015,2019,3,March,6,Morning Peak,Weekday
T20190005717,2019-03-22,17:00:00,4,Collision with a fixed object,5,Friday,183,OFF LEFT BEND INTO OBJECT/PARKED VEHICLE,1,345448,Not at intersection,3,60,Arterial Other,BROADFORD-FLOWERDALE,MURRINDINDI,-37.24765,145.17052,2019,3,March,17,Afternoon Peak,Weekday
T20190005498,2019-03-22,22:29:00,1,Collision with vehicle,5,Friday,121,RIGHT THROUGH,3,35429,Cross intersection,2,70,Arterial Other,REYNOLDS,MANNINGHAM,-37.763424,145.16658,2019,3,March,22,Night,Weekday
T20190005497,2019-03-22,18:28:00,1,Collision with vehicle,5,Friday,137,LEFT TURN SIDESWIPE,1,40120,T intersection,2,60,Arterial Highway,ST KILDA,PORT PHILLIP,-37.862495,144.98514,2019,3,March,18,Afternoon Peak,Weekday
T20190005555,2019-03-22,17:35:00,1,Collision with vehicle,5,Friday,111,RIGHT FAR (INTERSECTIONS ONLY),1,29809,T intersection,3,60,Arterial Other,THE CIRCUIT,BANYULE,-37.701294,145.10268,2019,3,March,17,Afternoon Peak,Weekday
T20190005467,2019-03-22,10:34:00,1,Collision with vehicle,5,Friday,113,RIGHT NEAR (INTERSECTIONS ONLY),1,45420,T intersection,2,60,Arterial Other,MT ALEXANDER,MOONEE VALLEY,-37.765263,144.92372,2019,3,March,10,Midday,Weekday
T20190005460,2019-03-22,11:55:00,6,Vehicle overturned (no collision),5,Friday,170,OFF CARRIAGEWAY TO LEFT,1,343654,Not at intersection,2,50,Local Road,HOLLAND,MELTON,-37.72918,144.73717,2019,3,March,11,Midday,Weekday
T20190005459,2019-03-22,12:10:00,8,No collision and no object struck,5,Friday,180,OFF CARRIAGEWAY ON RIGHT BEND,1,343501,Not at intersection,2,100,Arterial Other,WILLOW GROVE,BAW BAW,-37.89016,146.08624,2019,3,March,12,Midday,Weekday
T20190005454,2019-03-22,14:00:00,1,Collision with vehicle,5,Friday,130,REAR END(VEHICLES IN SAME LANE),1,343933,Not at intersection,2,80,Arterial Other,CRANBOURNE,FRANKSTON,-38.145977,145.12985,2019,3,March,14,Midday,Weekday
T20190005452,2019-03-22,13:50:00,1,Collision with vehicle,5,Friday,130,REAR END(VEHICLES IN SAME LANE),1,345631,Not at intersection,2,40,Arterial Highway,MIDLAND,HEPBURN,-37.458485,143.8608,2019,3,March,13,Midday,Weekday
T20190005451,2019-03-22,12:03:00,1,Collision with vehicle,5,Friday,130,REAR END(VEHICLES IN SAME LANE),1,347138,Not at intersection,2,80,Local Road,FOURTEENTH,MILDURA,-34.242065,142.19942,2019,3,March,12,Midday,Weekday
T20190005494,2019-03-22,17:30:00,1,Collision with vehicle,5,Friday,137,LEFT TURN SIDESWIPE,1,40120,T intersection,2,60,Arterial Highway,ST KILDA,PORT PHILLIP,-37.862495,144.98514,2019,3,March,17,Afternoon Peak,Weekday
T20190005513,2019-03-22,15:35:00,1,Collision with vehicle,5,Friday,121,RIGHT THROUGH,1,50343,T intersection,2,100,Arterial Highway,BELLS,SURF COAST,-38.338634,144.28642,2019,3,March,15,Afternoon Peak,Weekday
T20190005501,2019-03-22,20:54:00,4,Collision with a fixed object,5,Friday,181,OFF RIGHT BEND INTO OBJECT/PARKED VEHICLE,3,345001,Not at intersection,2,60,Local Road,STATION,KINGSTON,-38.01193,145.09135,2019,3,March,20,Night,Weekday
T20190005500,2019-03-22,04:45:00,4,Collision with a fixed object,5,Friday,183,OFF LEFT BEND INTO OBJECT/PARKED VEHICLE,3,360216,Not at intersection,3,100,Arterial Highway,BASS,BASS COAST,-38.50202,145.46037,2019,3,March,4,Late Night,Weekday
T20190005446,2019-03-22,06:20:00,1,Collision with vehicle,5,Friday,121,RIGHT THROUGH,1,37855,Cross intersection,3,50,Arterial Highway,BELL,DAREBIN,-37.743732,144.98918,2019,3,March,6,Morning Peak,Weekday
T20190005443,2019-03-22,07:55:00,1,Collision with vehicle,5,Friday,110,CROSS TRAFFIC(INTERSECTIONS ONLY),1,59883,Cross intersection,2,100,Local Road,MCDONALDS,STRATHBOGIE,-36.817444,145.19472,2019,3,March,7,Morning Peak,Weekday
T20190005499,2019-03-22,20:30:00,1,Collision with vehicle,5,Friday,134,LANE CHANGE RIGHT (NOT OVERTAKING),3,360315,Not at intersection,2,80,Arterial Highway,NEPEAN,KINGSTON,-37.98885,145.0804,2019,3,March,20,Night,Weekday
T20190005430,2019-03-22,07:42:00,3,Struck animal,5,Friday,167,STRUCK ANIMAL,2,343620,Not at intersection,3,80,Local Road,ARTHURS CREEK,NILLUMBIK,-37.574722,145.19139,2019,3,March,7,Morning Peak,Weekday
T20190005478,2019-03-22,08:48:00,1,Collision with vehicle,5,Friday,130,REAR END(VEHICLES IN SAME LANE),1,360314,T intersection,2,80,Freeway,MONASH OUT-HEATHERTON,CASEY,-37.972492,145.2387,2019,3,March,8,Morning Peak,Weekday
T20190005425,2019-03-22,05:14:00,4,Collision with a fixed object,5,Friday,183,OFF LEFT BEND INTO OBJECT/PARKED VEHICLE,3,344897,Not at intersection,2,40,Local Road,RAWDON HILL,DANDENONG,-37.94889,145.2058,2019,3,March,5,Morning Peak,Weekday