ACCIDENT_NO,ACCIDENT_DATE,ACCIDENT_TIME,ACCIDENT_TYPE,ACCIDENT_TYPE_DESC,DAY_OF_WEEK,DAY_WEEK_DESC,DCA_CODE,DCA_DESC,LIGHT_CONDITION,NODE_ID,ROAD_GEOMETRY_DESC,SEVERITY,SPEED_ZONE,RMA,ROAD_NAME,LGA_NAME,LATITUDE,LONGITUDE,YEAR,MONTH,MONTH_NAME,HOUR,TIME_PERIOD,DAY_TYPE
T20190005424,2019-03-22,07:24:00,1,Collision with vehicle,5,Friday,147,VEHICLE STRIKES ANOTHER VEH WHILE EMERGING FROM DRIVEWAY,1,343490,Cross intersection,2,50,Local Road,LIARDET,PORT PHILLIP,-37.840782,144.94614,2019,3,March,7,Morning Peak,Weekday
T20190005490,2019-03-22,19:20:00,6,Vehicle overturned (no collision),5,Friday,184,OUT OF CONTROL ON CARRIAGEWAY (ON BEND),2,343522,Not at intersection,3,100,Arterial Highway,MELBA,YARRA RANGES,-37.63364,145.4019,2019,3,March,19,Night,Weekday
T20190005580,2019-03-22,14:15:00,1,Collision with vehicle,5,Friday,147,VEHICLE STRIKES ANOTHER VEH WHILE EMERGING FROM DRIVEWAY,1,343627,Not at intersection,2,80,Arterial Other,HIGH STREET,KNOX,-37.876747,145.20311,2019,3,March,14,Midday,Weekday
T20190005416,2019-03-22,00:45:00,1,Collision with vehicle,5,Friday,130,REAR END(VEHICLES IN SAME LANE),3,346668,Not at intersection,2,60,Local Road,GEORGE,MANNINGHAM,-37.778214,145.1289,2019,3,March,0,Late Night,Weekday
T20230030089,2019-03-22,12:00:00,1,Collision with vehicle,5,Friday,121,RIGHT THROUGH,1,29785,Cross intersection,3,60,Arterial Other,HIGH,WHITTLESEA,-37.651882,145.02371,2019,3,March,12,Midday,Weekday
T20190005956,2019-03-22,16:30:00,1,Collision with vehicle,5,Friday,121,RIGHT THROUGH,1,29766,Cross intersection,2,60,Arterial Highway,SOUTH GIPPSLAND,CASEY,-38.113033,145.28279,2019,3,March,16,Afternoon Peak,Weekday
T20190006734,2019-03-22,22:10:00,8,No collision and no object struck,5,Friday,174,OUT OF CONTROL ON CARRIAGEWAY (ON STRAIGHT),3,345846,Not at intersection,2,80,Arterial Highway,DANDENONG,MONASH,-37.91555,145.12915,2019,3,March,22,Night,Weekday
T20190005506,2019-03-23,03:00:00,1,Collision with vehicle,6,Saturday,134,LANE CHANGE RIGHT (NOT OVERTAKING),3,207350,Not at intersection,3,40,Local Road,CHAPEL,STONNINGTON,-37.84937,144.99373,2019,3,March,3,Late Night,Weekend
T20190005510,2019-03-23,03:10:00,4,Collision with a fixed object,6,Saturday,183,OFF LEFT BEND INTO OBJECT/PARKED VEHICLE,5,345532,Not at intersection,2,80,Arterial Highway,NEPEAN,MORNINGTON PENINSULA,-38.18394,145.09683,2019,3,March,3,Late Night,Weekend
T20190005517,2019-03-23,09:40:00,1,Collision with vehicle,6,Saturday,130,REAR END(VEHICLES IN SAME LANE),1,258477,T intersection,3,60,Arterial Other,WARRIGAL,WHITEHORSE,-37.844257,145.09671,2019,3,March,9,Morning Peak,Weekend
T20190005544,2019-03-23,15:05:00,2,Struck Pedestrian,6,Saturday,103,PED PLAYING/LYING/WORKING/STANDING ON CARRIAGEWAY.,1,70031,Cross intersection,2,50,Local Road,BALMORAL,DANDENONG,-37.949535,145.15144,2019,3,March,15,Afternoon Peak,Weekend
T20190005742,2019-03-23,22:22:00,6,Vehicle overturned (no collision),6,Saturday,182,OFF CARRIAGEWAY ON LEFT BEND,3,347215,T intersection,3,80,Arterial Highway,MALLEE,SWAN HILL,-35.052242,143.3264,2019,3,March,22,Night,Weekend
T20190005545,2019-03-23,16:00:00,1,Collision with vehicle,6,Saturday,110,CROSS TRAFFIC(INTERSECTIONS ONLY),1,36127,Cross intersection,2,60,Arterial Other,KING,MELBOURNE,-37.80629,144.94981,2019,3,March,16,Afternoon Peak,Weekend
T20190005546,2019-03-23,12:45:00,1,Collision with vehicle,6,Saturday,130,REAR END(VEHICLES IN SAME LANE),1,346750,T intersection,3,50,Arterial Other,SILVERMINES,NORTHERN GRAMPIANS,-36.609398,143.25319,2019,3,March,12,Midday,Weekend
T20190005552,2019-03-23,15:50:00,4,Collision with a fixed object,6,Saturday,171,LEFT OFF CARRIAGEWAY INTO OBJECT/PARKED VEHICLE,1,343831,Not at intersection,3,100,Freeway,PRINCES,EAST GIPPSLAND,-37.70317,148.47636,2019,3,March,15,Afternoon Peak,Weekend
T20190005525,2019-03-23,09:28:00,4,Collision with a fixed object,6,Saturday,181,OFF RIGHT BEND INTO OBJECT/PARKED VEHICLE,1,344108,Not at intersection,2,60,Arterial Other,MOUNT DANDENONG TOURIST,YARRA RANGES,-37.811413,145.3753,2019,3,March,9,Morning Peak,Weekend
T20190020550,2019-03-23,13:55:00,1,Collision with vehicle,6,Saturday,110,CROSS TRAFFIC(INTERSECTIONS ONLY),1,54280,Cross intersection,3,50,Arterial Highway,POWER,MELBOURNE,-37.824665,144.96365,2019,3,March,13,Midday,Weekend
T20190005553,2019-03-23,12:45:00,4,Collision with a fixed object,6,Saturday,183,OFF LEFT BEND INTO OBJECT/PARKED VEHICLE,1,360656,Not at intersection,2,60,Arterial Other,DROUIN-KORUMBURRA,BAW BAW,-38.138412,145.85527,2019,3,March,12,Midday,Weekend
T20210008589,2019-03-23,10:21:00,1,Collision with vehicle,6,Saturday,110,CROSS TRAFFIC(INTERSECTIONS ONLY),1,39501,Cross intersection,3,50,Local Road,NICHOLSON,WHITEHORSE,-37.81572,145.1788,2019,3,March,10,Midday,Weekend
T20190005558,2019-03-23,21:50:00,4,Collision with a fixed object,6,Saturday,173,RIGHT OFF CARRIAGEWAY INTO OBJECT/PARKED VEHICLE,5,584518,Not at intersection,2,100,Local Road,BENETOOK,MILDURA,-34.183952,142.1938,2019,3,March,21,Night,Weekend
T20190005644,2019-03-23,10:35:00,1,Collision with vehicle,6,Saturday,147,VEHICLE STRIKES ANOTHER VEH WHILE EMERGING FROM DRIVEWAY,1,343770,Not at intersection,3,80,Arterial Highway,DANDENONG,MONASH,-37.893314,145.09239,2019,3,March,10,Midday,Weekend
T20190005571,2019-03-23,13:20:00,1,Collision with vehicle,6,Saturday,110,CROSS TRAFFIC(INTERSECTIONS ONLY),1,42231,Cross intersection,3,60,Local Road,KAREN,KINGSTON,-37.957474,145.05392,2019,3,March,13,Midday,Weekend
T20190005572,2019-03-23,18:15:00,4,Collision with a fixed object,6,Saturday,173,RIGHT OFF CARRIAGEWAY INTO OBJECT/PARKED VEHICLE,1,346204,T intersection,3,50,Local Road,AILEEN,YARRA RANGES,-37.81502,145.34221,2019,3,March,18,Afternoon Peak,Weekend
T20190005581,2019-03-23,16:30:00,1,Collision with vehicle,6,Saturday,150,HEAD ON(OVERTAKING),1,343797,Not at intersection,3,60,Arterial Other,WARRIGAL,WHITEHORSE,-37.83759,145.09792,2019,3,March,16,Afternoon Peak,Weekend
T20190005527,2019-03-23,11:20:00,1,Collision with vehicle,6,Saturday,113,RIGHT NEAR (INTERSECTIONS ONLY),1,40448,Cross intersection,2,60,Arterial Other,MALVERN,STONNINGTON,-37.86738,145.05911,2019,3,March,11,Midday,Weekend
T20190005521,2019-03-23,10:48:00,1,Collision with vehicle,6,Saturday,151,OUT OF CONTROL (OVERTAKING),1,293330,Cross intersection,3,80,Arterial Other,DIAMOND CREEK ROAD -GREENSBOROUGH,NILLUMBIK,-37.6895,145.11346,2019,3,March,10,Midday,Weekend
T20190005519,2019-03-23,09:50:00,6,Vehicle overturned (no collision),6,Saturday,182,OFF CARRIAGEWAY ON LEFT BEND,1,343778,Not at intersection,2,100,Arterial Other,MERRIANG,WHITTLESEA,-37.48485,145.02318,2019,3,March,9,Morning Peak,Weekend
T20190005835,2019-03-23,17:00:00,1,Collision with vehicle,6,Saturday,137,LEFT TURN SIDESWIPE,1,343688,Not at intersection,2,40,Arterial Other,CHURCH,YARRA,-37.819492,144.99901,2019,3,March,17,Afternoon Peak,Weekend
T20190005602,2019-03-23,21:30:00,4,Collision with a fixed object,6,Saturday,173,RIGHT OFF CARRIAGEWAY INTO OBJECT/PARKED VEHICLE,3,50296,T intersection,2,50,Arterial Highway,HESSE,QUEENSCLIFFE,-38.269043,144.66028,2019,3,March,21,Night,Weekend
T20190005533,2019-03-23,10:30:00,1,Collision with vehicle,6,Saturday,130,REAR END(VEHICLES IN SAME LANE),1,64406,T intersection,3,60,Local Road,GEORGE,MANNINGHAM,-37.780617,145.14684,2019,3,March,10,Midday,Weekend
T20190005537,2019-03-23,13:24:00,4,Collision with a fixed object,6,Saturday,181,OFF RIGHT BEND INTO OBJECT/PARKED VEHICLE,1,360218,Not at intersection,3,60,Local Road,KERRS,GLENELG,-38.34764,141.57391,2019,3,March,13,Midday,Weekend
T20190005522,2019-03-23,12:08:00,6,Vehicle overturned (no collision),6,Saturday,170,OFF CARRIAGEWAY TO LEFT,1,359197,Not at intersection,3,60,Arterial Other,ELTHAM-YARRA GLEN,NILLUMBIK,-37.66877,145.25932,2019,3,March,12,Midday,Weekend
T20190005526,2019-03-23,12:06:00,1,Collision with vehicle,6,Saturday,133,LANE SIDE SWIPE (VEHICLES IN PARALLEL LANES),1,360217,Not at intersection,3,80,Arterial Highway,BURWOOD,WHITEHORSE,-37.8561,145.1785,2019,3,March,12,Midday,Weekend
T20190018312,2019-03-23,11:30:00,1,Collision with vehicle,6,Saturday,132,RIGHT REAR.,1,297768,Multiple intersection,3,60,Arterial Other,HIGH,DAREBIN,-37.71563,145.008,2019,3,March,11,Midday,Weekend
T20190005618,2019-03-23,12:00:00,1,Collision with vehicle,6,Saturday,148,VEHICLE OFF FOOTPATH STRIKES VEH ON CARRIAGEWAY,1,667,Cross intersection,2,60,Arterial Highway,BRIGHTON ROAD -NEPEAN,BAYSIDE,-37.883804,144.99686,2019,3,March,12,Midday,Weekend
T20190005540,2019-03-23,09:25:00,1,Collision with vehicle,6,Saturday,130,REAR END(VEHICLES IN SAME LANE),1,344859,Not at intersection,3,50,Arterial Highway,MYRTLE,ALPINE,-36.565857,146.72955,2019,3,March,9,Morning Peak,Weekend
T20190005543,2019-03-23,15:00:00,1,Collision with vehicle,6,Saturday,113,RIGHT NEAR (INTERSECTIONS ONLY),1,36891,T intersection,2,60,Arterial Other,PLYMOUTH,MAROONDAH,-37.782936,145.26855,2019,3,March,15,Afternoon Peak,Weekend
T20190005604,2019-03-24,14:15:00,4,Collision with a fixed object,7,Sunday,183,OFF LEFT BEND INTO OBJECT/PARKED VEHICLE,1,360220,Not at intersection,2,100,Freeway,PENINSULA LINK IN-EASTLINK,FRANKSTON,-38.09667,145.15393,2019,3,March,14,Midday,Weekend
T20190005631,2019-03-24,13:40:00,1,Collision with vehicle,7,Sunday,110,CROSS TRAFFIC(INTERSECTIONS ONLY),1,242432,Cross intersection,3,60,Arterial Other,RINGWOOD-WARRANDYTE,MANNINGHAM,-37.760513,145.23416,2019,3,March,13,Midday,Weekend
T20190005595,2019-03-24,12:55:00,1,Collision with vehicle,7,Sunday,110,CROSS TRAFFIC(INTERSECTIONS ONLY),1,41720,Cross intersection,3,60,Arterial Other,FORSTER,MONASH,-37.89492,145.13004,2019,3,March,12,Midday,Weekend
T20190005596,2019-03-24,15:45:00,1,Collision with vehicle,7,Sunday,134,LANE CHANGE RIGHT (NOT OVERTAKING),1,591737,Not at intersection,3,60,Arterial Other,STATION,WHITEHORSE,-37.821537,145.12317,2019,3,March,15,Afternoon Peak,Weekend
T20190005579,2019-03-24,09:05:00,1,Collision with vehicle,7,Sunday,110,CROSS TRAFFIC(INTERSECTIONS ONLY),1,45578,Cross intersection,3,50,Local Road,HOPE,MORELAND,-37.762768,144.94974,2019,3,March,9,Morning Peak,Weekend
T20190005599,2019-03-24,17:40:00,4,Collision with a fixed object,7,Sunday,171,LEFT OFF CARRIAGEWAY INTO OBJECT/PARKED VEHICLE,1,343631,Not at intersection,2,50,Local Road,WINDROCK,HUME,-37.57459,144.93286,2019,3,March,17,Afternoon Peak,Weekend
T20190005590,2019-03-24,09:49:00,1,Collision with vehicle,7,Sunday,113,RIGHT NEAR (INTERSECTIONS ONLY),1,342077,Cross intersection,2,70,Arterial Other,OLD PRINCES,CARDINIA,-38.051502,145.37468,2019,3,March,9,Morning Peak,Weekend
T20190005576,2019-03-24,05:16:00,4,Collision with a fixed object,7,Sunday,164,PERMANENT OBSTRUCTION ON CARRIAGEWAY,3,693644,Not at intersection,2,50,Arterial Highway,POINT NEPEAN,MORNINGTON PENINSULA,-38.363346,144.87743,2019,3,March,5,Morning Peak,Weekend
T20190005592,2019-03-24,10:30:00,4,Collision with a fixed object,7,Sunday,181,OFF RIGHT BEND INTO OBJECT/PARKED VEHICLE,1,345758,Not at intersection,2,100,Local Road,MAIN,PYRENEES,-37.10697,143.35057,2019,3,March,10,Midday,Weekend
T20190005603,2019-03-24,18:45:00,2,Struck Pedestrian,7,Sunday,100,PED NEAR SIDE. PED HIT BY VEHICLE FROM THE RIGHT.,2,43090,Cross intersection,2,60,Arterial Highway,STUD,DANDENONG,-37.9856,145.22066,2019,3,March,18,Afternoon Peak,Weekend
T20190005908,2019-03-24,17:06:00,4,Collision with a fixed object,7,Sunday,183,OFF LEFT BEND INTO OBJECT/PARKED VEHICLE,5,344008,Not at intersection,2,60,Freeway,PRINCES OUT-NEWLAND,HOBSONS BAY,-37.86639,144.77531,2019,3,March,17,Afternoon Peak,Weekend
T20190005593,2019-03-24,14:30:00,7,Fall from or in moving vehicle,7,Sunday,184,OUT OF CONTROL ON CARRIAGEWAY (ON BEND),1,343622,Not at intersection,2,100,Arterial Other,GEMBROOK-LAUNCHING PLACE,CARDINIA,-37.90822,145.591,2019,3,March,14,Midday,Weekend
T20190005598,2019-03-24,15:00:00,4,Collision with a fixed object,7,Sunday,171,LEFT OFF CARRIAGEWAY INTO OBJECT/PARKED VEHICLE,1,360316,Not at intersection,2,100,Local Road,YANDOIT CREEK,HEPBURN,-37.20628,144.08743,2019,3,March,15,Afternoon Peak,Weekend
T20190005594,2019-03-24,09:00:00,4,Collision with a fixed object,7,Sunday,183,OFF LEFT BEND INTO OBJECT/PARKED VEHICLE,9,343525,Not at intersection,1,100,Local Road,GUMLEY,GOLDEN PLAINS,-37.906708,143.83589,2019,3,March,9,Morning Peak,Weekend
T20190005588,2019-03-24,13:09:00,1,Collision with vehicle,7,Sunday,130,REAR END(VEHICLES IN SAME LANE),1,66548,T intersection,3,60,Arterial Other,BARKLY,YARRA,-37.830574,145.00883,2019,3,March,13,Midday,Weekend
T20190005607,2019-03-24,15:00:00,1,Collision with vehicle,7,Sunday,130,REAR END(VEHICLES IN SAME LANE),1,344804,Not at intersection,2,80,Arterial Highway,DANDENONG,DANDENONG,-38.001633,145.19365,2019,3,March,15,Afternoon Peak,Weekend
T20190005586,2019-03-24,11:40:00,1,Collision with vehicle,7,Sunday,120,HEAD ON (NOT OVERTAKING),1,343614,Not at intersection,2,80,Arterial Other,HEALESVILLE-KINGLAKE,YARRA RANGES,-37.57992,145.48865,2019,3,March,11,Midday,Weekend
T20190005608,2019-03-24,15:00:00,1,Collision with vehicle,7,Sunday,130,REAR END(VEHICLES IN SAME LANE),1,343526,Not at intersection,1,100,Arterial Other,CRESWICK,HEPBURN,-37.34197,143.84035,2019,3,March,15,Afternoon Peak,Weekend
T20190005610,2019-03-24,18:35:00,1,Collision with vehicle,7,Sunday,121,RIGHT THROUGH,2,29646,Cross intersection,3,60,Arterial Other,NEERIM,GLEN EIRA,-37.88727,145.04613,2019,3,March,18,Afternoon Peak,Weekend
T20190005575,2019-03-24,08:30:00,4,Collision with a fixed object,7,Sunday,183,OFF LEFT BEND INTO OBJECT/PARKED VEHICLE,1,359200,Not at intersection,2,50,Local Road,TELETA,GEELONG,-38.07236,144.36256,2019,3,March,8,Morning Peak,Weekend
T20190005749,2019-03-24,15:50:00,6,Vehicle overturned (no collision),7,Sunday,174,OUT OF CONTROL ON CARRIAGEWAY (ON STRAIGHT),1,345408,Not at intersection,3,50,Local Road,DIAMOND GULLY,MOUNT ALEXANDER,-37.08597,144.19818,2019,3,March,15,Afternoon Peak,Weekend
T20190005600,2019-03-24,17:39:00,4,Collision with a fixed object,7,Sunday,181,OFF RIGHT BEND INTO OBJECT/PARKED VEHICLE,1,344262,Not at intersection,2,100,Arterial Other,EUROA-MANSFIELD,STRATHBOGIE,-36.927402,145.65524,2019,3,March,17,Afternoon Peak,Weekend
T20190005693,2019-03-24,03:00:00,4,Collision with a fixed object,7,Sunday,171,LEFT OFF CARRIAGEWAY INTO OBJECT/PARKED VEHICLE,3,35817,Cross intersection,3,60,Arterial Highway,HIGH,BENDIGO,-36.77115,144.26147,2019,3,March,3,Late Night,Weekend
T20190007917,2019-03-24,19:22:00,4,Collision with a fixed object,7,Sunday,171,LEFT OFF CARRIAGEWAY INTO OBJECT/PARKED VEHICLE,6,344796,Not at intersection,2,50,Local Road,TRENT,BOROONDARA,-37.851288,145.08061,2019,3,March,19,Night,Weekend
T20190005646,2019-03-25,12:40:00,1,Collision with vehicle,1,Monday,113,RIGHT NEAR (INTERSECTIONS ONLY),1,49703,Cross intersection,2,60,Arterial Other,ST GEORGES,GEELONG,-38.08609,144.37442,2019,3,March,12,Midday,Weekday
T20190005672,2019-03-25,15:32:00,1,Collision with vehicle,1,Monday,140,U TURN,1,343604,Not at intersection,2,40,Arterial Other,WHITEHORSE,BOROONDARA,-37.813362,145.08565,2019,3,March,15,Afternoon Peak,Weekday
T20190005670,2019-03-25,14:55:00,4,Collision with a fixed object,1,Monday,171,LEFT OFF CARRIAGEWAY INTO OBJECT/PARKED VEHICLE,1,343656,Not at intersection,2,100,Freeway,GEELONG RING,GEELONG,-38.12192,144.31784,2019,3,March,14,Midday,Weekday
T20190005682,2019-03-25,17:40:00,1,Collision with vehicle,1,Monday,130,REAR END(VEHICLES IN SAME LANE),1,187803,Not at intersection,3,80,Arterial Other,BALLARAT,BRIMBANK,-37.771057,144.7803,2019,3,March,17,Afternoon Peak,Weekday
T20190005697,2019-03-25,13:00:00,1,Collision with vehicle,1,Monday,110,CROSS TRAFFIC(INTERSECTIONS ONLY),1,38868,Cross intersection,3,60,Arterial Other,BARKERS,BOROONDARA,-37.812737,145.02026,2019,3,March,13,Midday,Weekday
T20190005645,2019-03-25,11:40:00,1,Collision with vehicle,1,Monday,121,RIGHT THROUGH,1,278539,T intersection,3,80,Arterial Highway,HEATHERTON LINK,DANDENONG,-37.96882,145.19669,2019,3,March,11,Midday,Weekday
T20190005635,2019-03-25,09:52:00,1,Collision with vehicle,1,Monday,130,REAR END(VEHICLES IN SAME LANE),1,343789,Not at intersection,3,40,Local Road,COLLINS,MELBOURNE,-37.81683,144.96193,2019,3,March,9,Morning Peak,Weekday
T20190005636,2019-03-25,10:54:00,1,Collision with vehicle,1,Monday,121,RIGHT THROUGH,1,50673,T intersection,3,60,Local Road,GIFFEN,WARRNAMBOOL,-38.37343,142.46255,2019,3,March,10,Midday,Weekday
T20190005664,2019-03-25,07:15:00,1,Collision with vehicle,1,Monday,137,LEFT TURN SIDESWIPE,2,344207,Not at intersection,3,80,Arterial Other,CANTERBURY,MAROONDAH,-37.82494,145.29163,2019,3,March,7,Morning Peak,Weekday
T20190005689,2019-03-25,22:20:00,1,Collision with vehicle,1,Monday,130,REAR END(VEHICLES IN SAME LANE),3,343637,Not at intersection,3,60,Arterial Other,MAIN WHITTLESEA,WHITTLESEA,-37.685577,145.06801,2019,3,March,22,Night,Weekday
T20190005802,2019-03-25,07:00:00,1,Collision with vehicle,1,Monday,119,OTHER ADJACENT (INTERSECTIONS ONLY),2,40972,T intersection,2,60,Arterial Other,SCORESBY,KNOX,-37.848648,145.26933,2019,3,March,7,Morning Peak,Weekday
T20190005685,2019-03-25,17:40:00,4,Collision with a fixed object,1,Monday,171,LEFT OFF CARRIAGEWAY INTO OBJECT/PARKED VEHICLE,1,69950,T intersection,3,70,Arterial Other,BEACONSFIELD-EMERALD,CARDINIA,-37.94309,145.45926,2019,3,March,17,Afternoon Peak,Weekday
T20190005681,2019-03-25,17:20:00,1,Collision with vehicle,1,Monday,121,RIGHT THROUGH,1,55242,Multiple intersection,3,60,Arterial Other,VICTORIA,MELBOURNE,-37.80615,144.95845,2019,3,March,17,Afternoon Peak,Weekday
T20190005680,2019-03-25,17:51:00,1,Collision with vehicle,1,Monday,121,RIGHT THROUGH,1,37698,Cross intersection,2,40,Local Road,CARLTON,STONNINGTON,-37.84777,144.99399,2019,3,March,17,Afternoon Peak,Weekday
T20190005679,2019-03-25,17:00:00,1,Collision with vehicle,1,Monday,121,RIGHT THROUGH,1,58068,T intersection,3,60,Arterial Other,DERRIMUT,WYNDHAM,-37.880695,144.68228,2019,3,March,17,Afternoon Peak,Weekday
T20190005677,2019-03-25,15:05:00,1,Collision with vehicle,1,Monday,130,REAR END(VEHICLES IN SAME LANE),1,343867,Not at intersection,3,80,Arterial Other,WILLIAMSONS,MANNINGHAM,-37.769268,145.12993,2019,3,March,15,Afternoon Peak,Weekday
T20190005614,2019-03-25,00:13:00,4,Collision with a fixed object,1,Monday,171,LEFT OFF CARRIAGEWAY INTO OBJECT/PARKED VEHICLE,5,346234,Not at intersection,2,100,Arterial Highway,DANDENONG-HASTINGS,FRANKSTON,-38.104168,145.23405,2019,3,March,0,Late Night,Weekday
T20190005619,2019-03-25,04:40:00,1,Collision with vehicle,1,Monday,173,RIGHT OFF CARRIAGEWAY INTO OBJECT/PARKED VEHICLE,3,344162,Not at intersection,2,50,Local Road,WATERFALL GULLY,MORNINGTON PENINSULA,-38.37727,144.91309,2019,3,March,4,Late Night,Weekday
T20190005674,2019-03-25,13:10:00,4,Collision with a fixed object,1,Monday,173,RIGHT OFF CARRIAGEWAY INTO OBJECT/PARKED VEHICLE,1,343735,Not at intersection,2,100,Local Road,BALLAN-GREENDALE,MOORABOOL,-37.56386,144.26534,2019,3,March,13,Midday,Weekday
T20190005648,2019-03-25,11:41:00,1,Collision with vehicle,1,Monday,133,LANE SIDE SWIPE (VEHICLES IN PARALLEL LANES),1,29415,T intersection,3,60,Arterial Other,SPENCER,MELBOURNE,-37.817093,144.95325,2019,3,March,11,Midday,Weekday
T20190005668,2019-03-25,06:35:00,1,Collision with vehicle,1,Monday,120,HEAD ON (NOT OVERTAKING),5,343576,Not at intersection,1,100,Arterial Other,GEELONG-BACCHUS MARSH,MOORABOOL,-37.71976,144.45059,2019,3,March,6,Morning Peak,Weekday
T20190005673,2019-03-25,15:20:00,1,Collision with vehicle,1,Monday,113,RIGHT NEAR (INTERSECTIONS ONLY),1,44808,T intersection,3,60,Arterial Other,SHERBOURNE,NILLUMBIK,-37.71699,145.13724,2019,3,March,15,Afternoon Peak,Weekday
T20190005758,2019-03-25,14:45:00,1,Collision with vehicle,1,Monday,130,REAR END(VEHICLES IN SAME LANE),1,360457,Not at intersection,3,80,Arterial Other,SYDNEY,HUME,-37.64727,144.95209,2019,3,March,14,Midday,Weekday
T20190005695,2019-03-25,13:00:00,4,Collision with a fixed object,1,Monday,171,LEFT OFF CARRIAGEWAY INTO OBJECT/PARKED VEHICLE,1,343962,Not at intersection,3,70,Arterial Other,EDGARS,WHITTLESEA,-37.68439,145.00146,2019,3,March,13,Midday,Weekday
T20190005924,2019-03-25,09:10:00,3,Struck animal,1,Monday,167,STRUCK ANIMAL,1,343755,Not at intersection,3,80,Local Road,TIPPETTS,GOLDEN PLAINS,-37.81125,143.80699,2019,3,March,9,Morning Peak,Weekday
T20190005667,2019-03-25,12:00:00,1,Collision with vehicle,1,Monday,130,REAR END(VEHICLES IN SAME LANE),1,343651,Not at intersection,3,80,Arterial Other,MELTON,BRIMBANK,-37.694286,144.76411,2019,3,March,12,Midday,Weekday
T20190005628,2019-03-25,09:20:00,2,Struck Pedestrian,1,Monday,100,PED NEAR SIDE. PED HIT BY VEHICLE FROM THE RIGHT.,1,57391,Cross intersection,1,60,Arterial Other,SYDNEY,MORELAND,-37.73399,144.96535,2019,3,March,9,Morning Peak,Weekday
T20190006086,2019-03-25,15:29:00,1,Collision with vehicle,1,Monday,130,REAR END(VEHICLES IN SAME LANE),1,343891,Not at intersection,3,80,Freeway,CITYLINK,YARRA,-37.82939,144.98833,2019,3,March,15,Afternoon Peak,Weekday
T20190005653,2019-03-25,10:47:00,1,Collision with vehicle,1,Monday,110,CROSS TRAFFIC(INTERSECTIONS ONLY),1,36948,Cross intersection,2,70,Arterial Other,EDGARS,WHITTLESEA,-37.664314,145.00526,2019,3,March,10,Midday,Weekday
T20190005739,2019-03-25,16:00:00,1,Collision with vehicle,1,Monday,111,RIGHT FAR (INTERSECTIONS ONLY),1,69232,T intersection,3,60,Arterial Highway,NORTH,MONASH,-37.90961,145.0861,2019,3,March,16,Afternoon Peak,Weekday
T20190005737,2019-03-25,17:08:00,1,Collision with vehicle,1,Monday,140,U TURN,1,343677,Not at intersection,2,60,Arterial Other,CENTRE,KINGSTON,-37.929802,145.12917,2019,3,March,17,Afternoon Peak,Weekday
T20190005642,2019-03-25,10:33:00,4,Collision with a fixed object,1,Monday,171,LEFT OFF CARRIAGEWAY INTO OBJECT/PARKED VEHICLE,1,360219,Not at intersection,3,40,Local Road,PUNCH,MELBOURNE,-37.81059,144.97104,2019,3,March,10,Midday,Weekday
T20190005639,2019-03-25,10:50:00,1,Collision with vehicle,1,Monday,110,CROSS TRAFFIC(INTERSECTIONS ONLY),1,343736,Cross intersection,2,80,Local Road,TOOTAL,KINGSTON,-37.96249,145.12897,2019,3,March,10,Midday,Weekday
T20190005650,2019-03-25,12:45:00,6,Vehicle overturned (no collision),1,Monday,172,OFF CARRIAGEWAY TO RIGHT,1,343630,Not at intersection,3,100,Local Road,BENA-KONGWAK,SOUTH GIPPSLAND,-38.42509,145.7453,2019,3,March,12,Midday,Weekday
T20190005624,2019-03-25,06:45:00,1,Collision with vehicle,1,Monday,160,VEHICLE COLLIDES WITH VEHICLE PARKED ON LEFT OF ROAD,3,343605,Not at intersection,3,50,Local Road,DAVISSON,WHITTLESEA,-37.64803,145.03014,2019,3,March,6,Morning Peak,Weekday
T20190013720,2019-03-26,07:05:00,1,Collision with vehicle,2,Tuesday,113,RIGHT NEAR (INTERSECTIONS ONLY),2,41025,T intersection,3,40,Arterial Other,DORSET,KNOX,-37.857082,145.28593,2019,3,March,7,Morning Peak,Weekday
T20190005897,2019-03-26,13:50:00,1,Collision with vehicle,2,Tuesday,133,LANE SIDE SWIPE (VEHICLES IN PARALLEL LANES),9,65772,Cross intersection,3,40,Local Road,LA TROBE,MELBOURNE,-37.81104,144.9589,2019,3,March,13,Midday,Weekday
T20190005869,2019-03-26,16:00:00,1,Collision with vehicle,2,Tuesday,152,PULLING OUT (OVERTAKING),1,343715,Not at intersection,3,100,Arterial Other,MARYBOROUGH-ST ARNAUD,CENTRAL GOLDFIELDS,-37.04007,143.69987,2019,3,March,16,Afternoon Peak,Weekday
T20190005703,2019-03-26,08:20:00,1,Collision with vehicle,2,Tuesday,113,RIGHT NEAR (INTERSECTIONS ONLY),1,1339,T intersection,3,80,Arterial Other,HEALESVILLE-KINGLAKE,YARRA RANGES,-37.633057,145.49907,2019,3,March,8,Morning Peak,Weekday
T20190005706,2019-03-26,08:27:00,1,Collision with vehicle,2,Tuesday,121,RIGHT THROUGH,1,33233,Cross intersection,2,70,Arterial Other,NARRE WARREN,CASEY,-38.09299,145.29378,2019,3,March,8,Morning Peak,Weekday
T20190005769,2019-03-26,23:45:00,1,Collision with vehicle,2,Tuesday,110,CROSS TRAFFIC(INTERSECTIONS ONLY),3,278491,Cross intersection,3,70,Local Road,BOARDWALK,WYNDHAM,-37.897346,144.72806,2019,3,March,23,Night,Weekday
T20190005768,2019-03-26,21:50:00,1,Collision with vehicle,2,Tuesday,140,U TURN,3,41475,T intersection,2,60,Arterial Other,MURRUMBEENA,GLEN EIRA,-37.900578,145.06448,2019,3,March,21,Night,Weekday