ACCIDENT_NO,ACCIDENT_DATE,ACCIDENT_TIME,ACCIDENT_TYPE,ACCIDENT_TYPE_DESC,DAY_OF_WEEK,DAY_WEEK_DESC,DCA_CODE,DCA_DESC,LIGHT_CONDITION,NODE_ID,ROAD_GEOMETRY_DESC,SEVERITY,SPEED_ZONE,RMA,ROAD_NAME,LGA_NAME,LATITUDE,LONGITUDE,YEAR,MONTH,MONTH_NAME,HOUR,TIME_PERIOD,DAY_TYPE
T20190005765,2019-03-26,19:35:00,1,Collision with vehicle,2,Tuesday,113,RIGHT NEAR (INTERSECTIONS ONLY),3,282822,Cross intersection,2,80,Freeway,WARRIGAL,STONNINGTON,-37.8824,145.09036,2019,3,March,19,Night,Weekday
T20190005763,2019-03-26,21:15:00,2,Struck Pedestrian,2,Tuesday,109,ANY MANOEUVRE INVOLVING PED NOT INCLUDED IN DCAs 100-108.,3,343657,Not at intersection,3,60,Arterial Other,COLLEGE,MELBOURNE,-37.791985,144.96251,2019,3,March,21,Night,Weekday
T20190005733,2019-03-26,12:30:00,1,Collision with vehicle,2,Tuesday,130,REAR END(VEHICLES IN SAME LANE),1,343939,Not at intersection,3,60,Arterial Other,MAIN,NORTHERN GRAMPIANS,-37.057587,142.7747,2019,3,March,12,Midday,Weekday
T20190006732,2019-03-26,14:20:00,1,Collision with vehicle,2,Tuesday,135,LANE CHANGE LEFT (NOT OVERTAKING),1,344137,Not at intersection,3,40,Arterial Other,MT ALEXANDER,MOONEE VALLEY,-37.77334,144.92722,2019,3,March,14,Midday,Weekday
T20190005725,2019-03-26,11:30:00,6,Vehicle overturned (no collision),2,Tuesday,174,OUT OF CONTROL ON CARRIAGEWAY (ON STRAIGHT),1,50420,Cross intersection,3,60,Arterial Highway,PHILLIP ISLAND,BASS COAST,-38.51466,145.35347,2019,3,March,11,Midday,Weekday
T20190005699,2019-03-26,08:15:00,1,Collision with vehicle,2,Tuesday,110,CROSS TRAFFIC(INTERSECTIONS ONLY),1,230894,Cross intersection,3,50,Local Road,MCKEAN,YARRA,-37.787457,144.99016,2019,3,March,8,Morning Peak,Weekday
T20190005707,2019-03-26,09:18:00,1,Collision with vehicle,2,Tuesday,114,TWO RIGHT TURNING (INTERSECTIONS ONLY),1,360222,T intersection,3,70,Arterial Highway,FURNESS,BENDIGO,-36.818687,144.23827,2019,3,March,9,Morning Peak,Weekday
T20190005708,2019-03-26,09:02:00,1,Collision with vehicle,2,Tuesday,130,REAR END(VEHICLES IN SAME LANE),1,343816,Not at intersection,2,60,Local Road,KILLARA,YARRA RANGES,-37.72439,145.38426,2019,3,March,9,Morning Peak,Weekday
T20190005709,2019-03-26,08:30:00,1,Collision with vehicle,2,Tuesday,111,RIGHT FAR (INTERSECTIONS ONLY),1,55739,Cross intersection,2,50,Local Road,FRASER,SHEPPARTON,-36.442432,145.22523,2019,3,March,8,Morning Peak,Weekday
T20190005761,2019-03-26,18:02:00,1,Collision with vehicle,2,Tuesday,132,RIGHT REAR.,1,69490,T intersection,2,80,Arterial Other,PRINCES,WYNDHAM,-37.920265,144.63522,2019,3,March,18,Afternoon Peak,Weekday
T20190005726,2019-03-26,11:25:00,1,Collision with vehicle,2,Tuesday,121,RIGHT THROUGH,1,51412,Cross intersection,3,70,Arterial Highway,HIGH,CAMPASPE,-36.138924,144.7508,2019,3,March,11,Midday,Weekday
T20190005760,2019-03-26,15:54:00,1,Collision with vehicle,2,Tuesday,130,REAR END(VEHICLES IN SAME LANE),1,344086,Not at intersection,2,100,Freeway,HUME,WHITTLESEA,-37.63407,144.99333,2019,3,March,15,Afternoon Peak,Weekday
T20190006399,2019-03-26,12:15:00,1,Collision with vehicle,2,Tuesday,111,RIGHT FAR (INTERSECTIONS ONLY),1,237316,T intersection,3,70,Arterial Other,COOPER,WHITTLESEA,-37.648514,144.9947,2019,3,March,12,Midday,Weekday
T20190005757,2019-03-26,17:30:00,1,Collision with vehicle,2,Tuesday,134,LANE CHANGE RIGHT (NOT OVERTAKING),1,240603,Not at intersection,3,100,Freeway,MONASH,CASEY,-37.99665,145.26952,2019,3,March,17,Afternoon Peak,Weekday
T20190005756,2019-03-26,16:45:00,1,Collision with vehicle,2,Tuesday,132,RIGHT REAR.,1,346669,Cross intersection,3,60,Arterial Other,STATION,WHITEHORSE,-37.82568,145.1224,2019,3,March,16,Afternoon Peak,Weekday
T20190005755,2019-03-26,16:10:00,2,Struck Pedestrian,2,Tuesday,102,FAR SIDE. PED HIT BY VEHICLE FROM THE LEFT,1,57290,Cross intersection,3,60,Arterial Highway,WYNDHAM,SHEPPARTON,-36.396885,145.39589,2019,3,March,16,Afternoon Peak,Weekday
T20190005752,2019-03-26,18:35:00,1,Collision with vehicle,2,Tuesday,121,RIGHT THROUGH,1,36338,Cross intersection,3,50,Local Road,DRUMMOND,MELBOURNE,-37.79732,144.96902,2019,3,March,18,Afternoon Peak,Weekday
T20190005701,2019-03-26,07:00:00,1,Collision with vehicle,2,Tuesday,130,REAR END(VEHICLES IN SAME LANE),3,343621,Not at intersection,3,60,Arterial Other,DIAMOND CREEK,NILLUMBIK,-37.682198,145.1203,2019,3,March,7,Morning Peak,Weekday
T20190005750,2019-03-26,17:40:00,1,Collision with vehicle,2,Tuesday,130,REAR END(VEHICLES IN SAME LANE),1,343636,Not at intersection,3,60,Local Road,MALOP,GEELONG,-38.14949,144.36852,2019,3,March,17,Afternoon Peak,Weekday
T20190005700,2019-03-26,06:20:00,1,Collision with vehicle,2,Tuesday,113,RIGHT NEAR (INTERSECTIONS ONLY),3,43234,T intersection,2,60,Arterial Other,EDITHVALE,KINGSTON,-38.035816,145.11716,2019,3,March,6,Morning Peak,Weekday
T20190005732,2019-03-26,13:40:00,1,Collision with vehicle,2,Tuesday,130,REAR END(VEHICLES IN SAME LANE),1,343972,Not at intersection,3,60,Arterial Highway,RAGLAN,WARRNAMBOOL,-38.381054,142.48618,2019,3,March,13,Midday,Weekday
T20190005716,2019-03-26,08:15:00,1,Collision with vehicle,2,Tuesday,111,RIGHT FAR (INTERSECTIONS ONLY),1,45639,T intersection,3,50,Local Road,BOWEN,MELBOURNE,-37.778194,144.96147,2019,3,March,8,Morning Peak,Weekday
T20190005746,2019-03-26,14:30:00,1,Collision with vehicle,2,Tuesday,136,RIGHT TURN SIDESWIPE,1,343726,Not at intersection,2,70,Arterial Highway,NORTH,GLEN EIRA,-37.90661,145.06267,2019,3,March,14,Midday,Weekday
T20190005728,2019-03-26,08:48:00,1,Collision with vehicle,2,Tuesday,113,RIGHT NEAR (INTERSECTIONS ONLY),1,43389,T intersection,2,60,Arterial Other,MURRAY,MORELAND,-37.735428,144.97769,2019,3,March,8,Morning Peak,Weekday
T20190005729,2019-03-26,10:40:00,1,Collision with vehicle,2,Tuesday,110,CROSS TRAFFIC(INTERSECTIONS ONLY),1,44427,Cross intersection,2,60,Arterial Other,SEPARATION,GEELONG,-38.109768,144.3347,2019,3,March,10,Midday,Weekday
T20190005719,2019-03-26,06:30:00,4,Collision with a fixed object,2,Tuesday,181,OFF RIGHT BEND INTO OBJECT/PARKED VEHICLE,2,345956,Not at intersection,3,100,Local Road,KALENO,GOLDEN PLAINS,-37.83576,143.607,2019,3,March,6,Morning Peak,Weekday
T20190005720,2019-03-26,10:56:00,1,Collision with vehicle,2,Tuesday,110,CROSS TRAFFIC(INTERSECTIONS ONLY),1,50810,Cross intersection,3,100,Local Road,CAMPBELL,MOIRA,-35.940678,145.65977,2019,3,March,10,Midday,Weekday
T20190005722,2019-03-26,09:30:00,1,Collision with vehicle,2,Tuesday,147,VEHICLE STRIKES ANOTHER VEH WHILE EMERGING FROM DRIVEWAY,1,40914,Cross intersection,2,80,Arterial Highway,BURWOOD,KNOX,-37.869812,145.23761,2019,3,March,9,Morning Peak,Weekday
T20190005713,2019-03-26,08:15:00,1,Collision with vehicle,2,Tuesday,122,LEFT THROUGH,1,343625,Not at intersection,3,60,Local Road,DOLE,DAREBIN,-37.70051,145.01952,2019,3,March,8,Morning Peak,Weekday
T20190005799,2019-03-26,07:15:00,2,Struck Pedestrian,2,Tuesday,100,PED NEAR SIDE. PED HIT BY VEHICLE FROM THE RIGHT.,2,49937,Cross intersection,3,50,Local Road,BELLERINE,GEELONG,-38.147648,144.36624,2019,3,March,7,Morning Peak,Weekday
T20190005846,2019-03-26,17:30:00,1,Collision with vehicle,2,Tuesday,130,REAR END(VEHICLES IN SAME LANE),1,343693,T intersection,3,50,Arterial Other,PEEL,CASEY,-38.035957,145.35468,2019,3,March,17,Afternoon Peak,Weekday
T20190005801,2019-03-27,16:18:00,1,Collision with vehicle,3,Wednesday,110,CROSS TRAFFIC(INTERSECTIONS ONLY),1,36107,Cross intersection,3,60,Arterial Other,SPENCER,MELBOURNE,-37.808464,144.9487,2019,3,March,16,Afternoon Peak,Weekday
T20190005800,2019-03-27,14:25:00,1,Collision with vehicle,3,Wednesday,111,RIGHT FAR (INTERSECTIONS ONLY),1,344220,Cross intersection,2,70,Arterial Other,MELTON,BRIMBANK,-37.69727,144.7814,2019,3,March,14,Midday,Weekday
T20190005792,2019-03-27,12:20:00,1,Collision with vehicle,3,Wednesday,120,HEAD ON (NOT OVERTAKING),1,344760,Not at intersection,2,100,Arterial Highway,CALDER,BULOKE,-36.163033,143.30302,2019,3,March,12,Midday,Weekday
T20190005791,2019-03-27,11:26:00,1,Collision with vehicle,3,Wednesday,130,REAR END(VEHICLES IN SAME LANE),1,44685,T intersection,3,60,Arterial Highway,GREENSBOROUGH,BANYULE,-37.725597,145.08017,2019,3,March,11,Midday,Weekday
T20190005785,2019-03-27,12:43:00,1,Collision with vehicle,3,Wednesday,121,RIGHT THROUGH,1,42329,Cross intersection,2,80,Arterial Highway,WARRIGAL,GLEN EIRA,-37.93858,145.0797,2019,3,March,12,Midday,Weekday
T20190005784,2019-03-27,06:10:00,1,Collision with vehicle,3,Wednesday,148,VEHICLE OFF FOOTPATH STRIKES VEH ON CARRIAGEWAY,2,344565,Not at intersection,3,60,Arterial Other,OLYMPIC,MELBOURNE,-37.824207,144.98505,2019,3,March,6,Morning Peak,Weekday
T20190005782,2019-03-27,06:50:00,1,Collision with vehicle,3,Wednesday,110,CROSS TRAFFIC(INTERSECTIONS ONLY),6,29932,Cross intersection,2,80,Freeway,HUME OUT-EPPING-KILMORE,MITCHELL,-37.350643,145.02135,2019,3,March,6,Morning Peak,Weekday
T20190005827,2019-03-27,18:50:00,1,Collision with vehicle,3,Wednesday,120,HEAD ON (NOT OVERTAKING),1,345659,Not at intersection,2,100,Local Road,LAKE,HORSHAM,-36.72153,141.95119,2019,3,March,18,Afternoon Peak,Weekday
T20190006330,2019-03-27,18:10:00,4,Collision with a fixed object,3,Wednesday,171,LEFT OFF CARRIAGEWAY INTO OBJECT/PARKED VEHICLE,1,344202,Not at intersection,2,100,Freeway,EASTLINK OUT-MONASH IN,DANDENONG,-37.93923,145.2073,2019,3,March,18,Afternoon Peak,Weekday
T20190005906,2019-03-27,00:13:00,1,Collision with vehicle,3,Wednesday,140,U TURN,3,824,T intersection,2,60,Arterial Other,SYDNEY,MORELAND,-37.710716,144.96138,2019,3,March,0,Late Night,Weekday
T20190005943,2019-03-27,18:00:00,1,Collision with vehicle,3,Wednesday,130,REAR END(VEHICLES IN SAME LANE),1,241754,T intersection,3,60,Local Road,MCKENZIE,HUME,-37.624992,144.92374,2019,3,March,18,Afternoon Peak,Weekday
T20190005822,2019-03-27,19:00:00,1,Collision with vehicle,3,Wednesday,160,VEHICLE COLLIDES WITH VEHICLE PARKED ON LEFT OF ROAD,2,343728,Not at intersection,3,50,Local Road,FOREST,FRANKSTON,-38.124184,145.15056,2019,3,March,19,Night,Weekday
T20190005959,2019-03-27,12:00:00,1,Collision with vehicle,3,Wednesday,160,VEHICLE COLLIDES WITH VEHICLE PARKED ON LEFT OF ROAD,1,343716,Not at intersection,2,60,Local Road,ASTERIA,CASEY,-38.10771,145.23676,2019,3,March,12,Midday,Weekday
T20190006232,2019-03-27,12:30:00,3,Struck animal,3,Wednesday,167,STRUCK ANIMAL,1,343880,Not at intersection,2,100,Local Road,BLACKGATE,SURF COAST,-38.290092,144.3572,2019,3,March,12,Midday,Weekday
T20190006098,2019-03-27,15:20:00,2,Struck Pedestrian,3,Wednesday,100,PED NEAR SIDE. PED HIT BY VEHICLE FROM THE RIGHT.,1,343916,Cross intersection,3,60,Local Road,TARNEIT,WYNDHAM,-37.8758,144.66438,2019,3,March,15,Afternoon Peak,Weekday
T20190005821,2019-03-27,20:30:00,1,Collision with vehicle,3,Wednesday,124,RIGHT/RIGHT BOTH VEHs FROM OPPOSITE DIRECTIONS TURNING RIGHT,3,331706,Cross intersection,3,60,Arterial Other,RIVERSIDE,WHITTLESEA,-37.652077,145.09612,2019,3,March,20,Night,Weekday
T20190005776,2019-03-27,08:00:00,1,Collision with vehicle,3,Wednesday,111,RIGHT FAR (INTERSECTIONS ONLY),1,233670,T intersection,2,70,Arterial Other,MT DANDENONG,MAROONDAH,-37.806026,145.25407,2019,3,March,8,Morning Peak,Weekday
T20190005888,2019-03-27,08:15:00,1,Collision with vehicle,3,Wednesday,130,REAR END(VEHICLES IN SAME LANE),1,336467,Not at intersection,2,60,Arterial Other,SUNBURY,HUME,-37.644417,144.8338,2019,3,March,8,Morning Peak,Weekday
T20190005820,2019-03-27,18:10:00,1,Collision with vehicle,3,Wednesday,130,REAR END(VEHICLES IN SAME LANE),1,344562,Not at intersection,3,60,Local Road,FOURTEENTH,MILDURA,-34.203014,142.15273,2019,3,March,18,Afternoon Peak,Weekday
T20190005816,2019-03-27,18:20:00,1,Collision with vehicle,3,Wednesday,121,RIGHT THROUGH,1,37933,T intersection,3,40,Local Road,BENJAMIN,DAREBIN,-37.75323,145.0015,2019,3,March,18,Afternoon Peak,Weekday
T20190005813,2019-03-27,18:15:00,1,Collision with vehicle,3,Wednesday,112,LEFT FAR (INTERSECTIONS ONLY),1,343829,Cross intersection,2,50,Local Road,SKENE,GEELONG,-38.14723,144.34111,2019,3,March,18,Afternoon Peak,Weekday
T20190005812,2019-03-27,16:05:00,1,Collision with vehicle,3,Wednesday,130,REAR END(VEHICLES IN SAME LANE),1,344574,Not at intersection,3,70,Arterial Other,SYDNEY,HUME,-37.681313,144.95709,2019,3,March,16,Afternoon Peak,Weekday
T20190005808,2019-03-27,17:10:00,1,Collision with vehicle,3,Wednesday,114,TWO RIGHT TURNING (INTERSECTIONS ONLY),1,22432,T intersection,3,50,Arterial Other,KALKEE,HORSHAM,-36.706627,142.20145,2019,3,March,17,Afternoon Peak,Weekday
T20190005807,2019-03-27,17:00:00,1,Collision with vehicle,3,Wednesday,132,RIGHT REAR.,1,66724,T intersection,3,60,Arterial Other,WANTIRNA,MAROONDAH,-37.835876,145.22737,2019,3,March,17,Afternoon Peak,Weekday
T20190005804,2019-03-27,15:50:00,1,Collision with vehicle,3,Wednesday,120,HEAD ON (NOT OVERTAKING),1,343714,T intersection,3,50,Local Road,THE PARADE,WHITTLESEA,-37.618023,145.01784,2019,3,March,15,Afternoon Peak,Weekday
T20190005803,2019-03-27,15:38:00,1,Collision with vehicle,3,Wednesday,121,RIGHT THROUGH,1,40700,Cross intersection,3,60,Arterial Other,HIGH STREET,MONASH,-37.87009,145.13007,2019,3,March,15,Afternoon Peak,Weekday
T20190005825,2019-03-27,23:02:00,2,Struck Pedestrian,3,Wednesday,106,VEH STRIKES PED ON FOOTPATH/MEDIAN/TRAFFIC ISLAND.,3,343968,T intersection,2,50,Local Road,AUSTRALIS,BRIMBANK,-37.80446,144.7618,2019,3,March,23,Night,Weekday
T20190005824,2019-03-27,22:20:00,1,Collision with vehicle,3,Wednesday,113,RIGHT NEAR (INTERSECTIONS ONLY),3,46515,T intersection,3,60,Arterial Other,WAVERLEY,MONASH,-37.887794,145.15427,2019,3,March,22,Night,Weekday
T20190005848,2019-03-27,07:10:00,1,Collision with vehicle,3,Wednesday,110,CROSS TRAFFIC(INTERSECTIONS ONLY),1,471,Cross intersection,3,60,Arterial Other,RACECOURSE,MELBOURNE,-37.78746,144.92131,2019,3,March,7,Morning Peak,Weekday
T20190005885,2019-03-28,17:30:00,1,Collision with vehicle,4,Thursday,130,REAR END(VEHICLES IN SAME LANE),1,40849,T intersection,3,60,Arterial Other,CANTERBURY,WHITEHORSE,-37.836567,145.18828,2019,3,March,17,Afternoon Peak,Weekday
T20190005927,2019-03-28,16:45:00,1,Collision with vehicle,4,Thursday,133,LANE SIDE SWIPE (VEHICLES IN PARALLEL LANES),1,343708,Not at intersection,3,100,Arterial Highway,PRINCES,MOYNE,-38.34007,142.41492,2019,3,March,16,Afternoon Peak,Weekday
T20190007158,2019-03-28,16:10:00,1,Collision with vehicle,4,Thursday,145,REVERSING IN STREAM OF TRAFFIC,1,344252,Not at intersection,3,50,Local Road,HORNE,HUME,-37.68051,144.9644,2019,3,March,16,Afternoon Peak,Weekday
T20190005839,2019-03-28,05:42:00,1,Collision with vehicle,4,Thursday,130,REAR END(VEHICLES IN SAME LANE),3,893,T intersection,1,60,Arterial Highway,NEPEAN,KINGSTON,-38.051716,145.11566,2019,3,March,5,Morning Peak,Weekday
T20190005842,2019-03-28,09:55:00,2,Struck Pedestrian,4,Thursday,100,PED NEAR SIDE. PED HIT BY VEHICLE FROM THE RIGHT.,1,344121,Not at intersection,2,50,Local Road,CHANDLER,KNOX,-37.85995,145.2867,2019,3,March,9,Morning Peak,Weekday
T20190005844,2019-03-28,07:10:00,1,Collision with vehicle,4,Thursday,121,RIGHT THROUGH,1,323062,T intersection,2,60,Freeway,POLICE,DANDENONG,-37.93875,145.20619,2019,3,March,7,Morning Peak,Weekday
T20190006060,2019-03-28,13:50:00,1,Collision with vehicle,4,Thursday,135,LANE CHANGE LEFT (NOT OVERTAKING),1,41872,T intersection,3,80,Arterial Highway,STUD,KNOX,-37.885887,145.2329,2019,3,March,13,Midday,Weekday
T20190005957,2019-03-28,07:10:00,4,Collision with a fixed object,4,Thursday,179,OTHER ACCIDENTS-OFF STRAIGHT NOT INCLUDED IN DCAs 170-175,1,344668,Not at intersection,2,50,Arterial Highway,RACECOURSE,MELBOURNE,-37.78812,144.92912,2019,3,March,7,Morning Peak,Weekday
T20190005853,2019-03-28,11:45:00,2,Struck Pedestrian,4,Thursday,101,PED EMERGES FROM IN FRONT OF PARKED OR STATIONARY VEHICLE,1,343900,Not at intersection,3,50,Local Road,SHEALES,DANDENONG,-37.9732,145.21529,2019,3,March,11,Midday,Weekday
T20190005898,2019-03-28,17:50:00,1,Collision with vehicle,4,Thursday,136,RIGHT TURN SIDESWIPE,1,36221,Cross intersection,2,60,Arterial Other,ROYAL,MELBOURNE,-37.792553,144.95845,2019,3,March,17,Afternoon Peak,Weekday
T20190005900,2019-03-28,19:55:00,4,Collision with a fixed object,4,Thursday,181,OFF RIGHT BEND INTO OBJECT/PARKED VEHICLE,5,343672,Not at intersection,1,100,Local Road,SHARPS,MOIRA,-35.88463,145.35512,2019,3,March,19,Night,Weekday
T20190005895,2019-03-28,15:44:00,6,Vehicle overturned (no collision),4,Thursday,172,OFF CARRIAGEWAY TO RIGHT,1,343885,Not at intersection,2,80,Arterial Other,COLAC-BALLARAT,GOLDEN PLAINS,-37.62591,143.83202,2019,3,March,15,Afternoon Peak,Weekday
T20190005911,2019-03-28,11:10:00,5,collision with some other object,4,Thursday,166,STRUCK OBJECT ON CARRIAGEWAY,1,343787,Not at intersection,3,60,Local Road,DONNELLYS WEIR,YARRA RANGES,-37.64076,145.5337,2019,3,March,11,Midday,Weekday
T20190005877,2019-03-28,08:00:00,1,Collision with vehicle,4,Thursday,148,VEHICLE OFF FOOTPATH STRIKES VEH ON CARRIAGEWAY,1,259379,T intersection,3,60,Local Road,MALCOLM,KINGSTON,-38.000877,145.11014,2019,3,March,8,Morning Peak,Weekday
T20190005901,2019-03-28,20:24:00,1,Collision with vehicle,4,Thursday,130,REAR END(VEHICLES IN SAME LANE),5,344709,Not at intersection,2,80,Local Road,SOMERTON,HUME,-37.628212,144.82365,2019,3,March,20,Night,Weekday
T20190005902,2019-03-28,23:42:00,1,Collision with vehicle,4,Thursday,123,RIGHT/LEFT. ONE VEH TURNING RIGHT THE OTHER LEFT.,3,355219,Cross intersection,3,80,Arterial Highway,SPRINGVALE,WHITEHORSE,-37.834854,145.17271,2019,3,March,23,Night,Weekday
T20190006175,2019-03-28,20:10:00,1,Collision with vehicle,4,Thursday,130,REAR END(VEHICLES IN SAME LANE),3,52875,Cross intersection,3,60,Arterial Highway,DOVETON,BALLARAT,-37.561764,143.8548,2019,3,March,20,Night,Weekday
T20190007349,2019-03-28,15:00:00,1,Collision with vehicle,4,Thursday,130,REAR END(VEHICLES IN SAME LANE),1,584792,Not at intersection,3,100,Arterial Highway,DANDENONG-HASTINGS,FRANKSTON,-38.095177,145.23592,2019,3,March,15,Afternoon Peak,Weekday
T20190016116,2019-03-28,21:30:00,1,Collision with vehicle,4,Thursday,130,REAR END(VEHICLES IN SAME LANE),9,606496,Multiple intersection,3,60,Local Road,ST KILDA,MELBOURNE,-37.8209,144.9689,2019,3,March,21,Night,Weekday
T20190005878,2019-03-28,15:30:00,2,Struck Pedestrian,4,Thursday,100,PED NEAR SIDE. PED HIT BY VEHICLE FROM THE RIGHT.,1,51458,Cross intersection,2,60,Local Road,ALLAN,CAMPASPE,-36.313526,145.04074,2019,3,March,15,Afternoon Peak,Weekday
T20190005932,2019-03-28,18:35:00,1,Collision with vehicle,4,Thursday,116,LEFT NEAR (INTERSECTIONS ONLY),1,22509,T intersection,3,60,Arterial Other,LEARMONTH,BALLARAT,-37.533867,143.81757,2019,3,March,18,Afternoon Peak,Weekday
T20190005880,2019-03-28,17:30:00,1,Collision with vehicle,4,Thursday,130,REAR END(VEHICLES IN SAME LANE),1,343697,Not at intersection,2,80,Arterial Highway,SURFCOAST,GEELONG,-38.225777,144.33656,2019,3,March,17,Afternoon Peak,Weekday
T20190005854,2019-03-28,06:40:00,1,Collision with vehicle,4,Thursday,110,CROSS TRAFFIC(INTERSECTIONS ONLY),1,50262,Cross intersection,2,60,Local Road,BOUNDARY,GEELONG,-38.22167,144.35638,2019,3,March,6,Morning Peak,Weekday
T20190005881,2019-03-28,14:14:00,1,Collision with vehicle,4,Thursday,116,LEFT NEAR (INTERSECTIONS ONLY),1,42523,Cross intersection,3,70,Arterial Highway,SPRINGVALE,DANDENONG,-37.93672,145.1552,2019,3,March,14,Midday,Weekday
T20190005884,2019-03-28,18:10:00,1,Collision with vehicle,4,Thursday,121,RIGHT THROUGH,1,36798,Cross intersection,2,60,Arterial Other,NORMANBY,PORT PHILLIP,-37.830566,144.9457,2019,3,March,18,Afternoon Peak,Weekday
T20190006164,2019-03-28,07:23:00,1,Collision with vehicle,4,Thursday,121,RIGHT THROUGH,1,44713,Cross intersection,3,60,Arterial Other,GRIMSHAW,BANYULE,-37.703682,145.09454,2019,3,March,7,Morning Peak,Weekday
T20190005855,2019-03-28,11:37:00,2,Struck Pedestrian,4,Thursday,100,PED NEAR SIDE. PED HIT BY VEHICLE FROM THE RIGHT.,1,35504,Cross intersection,2,50,Local Road,ALMA,PORT PHILLIP,-37.863747,145.00987,2019,3,March,11,Midday,Weekday
T20190005857,2019-03-28,08:45:00,2,Struck Pedestrian,4,Thursday,100,PED NEAR SIDE. PED HIT BY VEHICLE FROM THE RIGHT.,1,45417,T intersection,2,60,Arterial Other,PASCOE VALE,MOONEE VALLEY,-37.76261,144.92569,2019,3,March,8,Morning Peak,Weekday
T20190005909,2019-03-28,11:55:00,1,Collision with vehicle,4,Thursday,110,CROSS TRAFFIC(INTERSECTIONS ONLY),1,37452,Cross intersection,3,50,Local Road,BRIDGE,PORT PHILLIP,-37.838978,144.94748,2019,3,March,11,Midday,Weekday
T20190006634,2019-03-28,14:20:00,2,Struck Pedestrian,4,Thursday,108,PED STRUCK WALKING TO/FROM OR BOARDING/ALIGHTING VEHICLE.,1,344353,Not at intersection,2,50,Local Road,WORLAND,WARRNAMBOOL,-38.380478,142.47409,2019,3,March,14,Midday,Weekday
T20190005860,2019-03-28,12:20:00,1,Collision with vehicle,4,Thursday,130,REAR END(VEHICLES IN SAME LANE),1,70726,Cross intersection,3,30,Arterial Highway,CHELTENHAM ROAD -LOWER DANDENONG,DANDENONG,-37.990784,145.14471,2019,3,March,12,Midday,Weekday
T20190005834,2019-03-28,06:15:00,1,Collision with vehicle,4,Thursday,121,RIGHT THROUGH,3,43935,T intersection,3,80,Arterial Highway,SOUTH GIPPSLAND,CASEY,-38.159912,145.31857,2019,3,March,6,Morning Peak,Weekday
T20190005862,2019-03-28,06:20:00,1,Collision with vehicle,4,Thursday,110,CROSS TRAFFIC(INTERSECTIONS ONLY),5,35827,Cross intersection,3,80,Arterial Highway,SEVENTEENTH,MILDURA,-34.219826,142.11047,2019,3,March,6,Morning Peak,Weekday
T20190005866,2019-03-28,09:13:00,1,Collision with vehicle,4,Thursday,121,RIGHT THROUGH,1,35365,Cross intersection,2,40,Local Road,EXHIBITION,MELBOURNE,-37.809135,144.9692,2019,3,March,9,Morning Peak,Weekday
T20190005867,2019-03-28,14:20:00,1,Collision with vehicle,4,Thursday,116,LEFT NEAR (INTERSECTIONS ONLY),1,359204,Cross intersection,3,80,Arterial Other,THOMPSONS,CASEY,-38.08328,145.28317,2019,3,March,14,Midday,Weekday
T20190006773,2019-03-28,18:25:00,1,Collision with vehicle,4,Thursday,130,REAR END(VEHICLES IN SAME LANE),1,29684,Cross intersection,3,60,Arterial Other,CLAYTON,MONASH,-37.919056,145.1209,2019,3,March,18,Afternoon Peak,Weekday
T20190005837,2019-03-28,08:30:00,1,Collision with vehicle,4,Thursday,130,REAR END(VEHICLES IN SAME LANE),1,343780,Not at intersection,3,60,Arterial Other,NARRACAN,LATROBE,-38.18588,146.28134,2019,3,March,8,Morning Peak,Weekday
T20190005889,2019-03-28,19:13:00,4,Collision with a fixed object,4,Thursday,173,RIGHT OFF CARRIAGEWAY INTO OBJECT/PARKED VEHICLE,2,343883,Not at intersection,2,100,Arterial Other,BALLARTO,CASEY,-38.136097,145.34532,2019,3,March,19,Night,Weekday
T20190005891,2019-03-28,18:00:00,1,Collision with vehicle,4,Thursday,135,LANE CHANGE LEFT (NOT OVERTAKING),1,343905,Not at intersection,2,100,Freeway,WESTERN,MELTON,-37.72585,144.65521,2019,3,March,18,Afternoon Peak,Weekday
T20190005938,2019-03-28,15:44:00,1,Collision with vehicle,4,Thursday,137,LEFT TURN SIDESWIPE,1,238583,T intersection,3,60,Arterial Other,VICTORIA,MELBOURNE,-37.80843,144.97583,2019,3,March,15,Afternoon Peak,Weekday
T20190005887,2019-03-28,17:20:00,1,Collision with vehicle,4,Thursday,113,RIGHT NEAR (INTERSECTIONS ONLY),1,42577,T intersection,3,80,Arterial Highway,WELLINGTON,MONASH,-37.92123,145.18103,2019,3,March,17,Afternoon Peak,Weekday
T20190005894,2019-03-28,14:20:00,1,Collision with vehicle,4,Thursday,110,CROSS TRAFFIC(INTERSECTIONS ONLY),1,41294,Cross intersection,2,60,Arterial Other,CENTRE,BAYSIDE,-37.91659,145.02324,2019,3,March,14,Midday,Weekday
T20190005980,2019-03-29,07:45:00,2,Struck Pedestrian,5,Friday,102,FAR SIDE. PED HIT BY VEHICLE FROM THE LEFT,1,73086,T intersection,2,50,Arterial Highway,CHURCH,CORANGAMITE,-38.232136,143.14674,2019,3,March,7,Morning Peak,Weekday
T20190005961,2019-03-29,14:29:00,4,Collision with a fixed object,5,Friday,181,OFF RIGHT BEND INTO OBJECT/PARKED VEHICLE,1,584790,Not at intersection,3,100,Arterial Other,MURRAY RIVER,TOWONG,-36.049572,147.34799,2019,3,March,14,Midday,Weekday
T20190005955,2019-03-29,15:57:00,1,Collision with vehicle,5,Friday,130,REAR END(VEHICLES IN SAME LANE),1,343906,Not at intersection,2,60,Arterial Other,COBURNS,MELTON,-37.68508,144.56804,2019,3,March,15,Afternoon Peak,Weekday