ACCIDENT_NO,ACCIDENT_DATE,ACCIDENT_TIME,ACCIDENT_TYPE,ACCIDENT_TYPE_DESC,DAY_OF_WEEK,DAY_WEEK_DESC,DCA_CODE,DCA_DESC,LIGHT_CONDITION,NODE_ID,ROAD_GEOMETRY_DESC,SEVERITY,SPEED_ZONE,RMA,ROAD_NAME,LGA_NAME,LATITUDE,LONGITUDE,YEAR,MONTH,MONTH_NAME,HOUR,TIME_PERIOD,DAY_TYPE
T20190005954,2019-03-29,14:05:00,1,Collision with vehicle,5,Friday,137,LEFT TURN SIDESWIPE,1,33747,Cross intersection,2,40,Arterial Highway,ALEXANDRA,YARRA,-37.79408,144.9851,2019,3,March,14,Midday,Weekday
T20190005953,2019-03-29,15:30:00,1,Collision with vehicle,5,Friday,121,RIGHT THROUGH,1,50051,Cross intersection,3,70,Arterial Highway,LATROBE TERRACE -SETTLEMENT,GEELONG,-38.160397,144.35019,2019,3,March,15,Afternoon Peak,Weekday
T20190005950,2019-03-29,08:15:00,1,Collision with vehicle,5,Friday,130,REAR END(VEHICLES IN SAME LANE),1,345679,Not at intersection,2,100,Arterial Highway,PRINCES,MOYNE,-38.337307,142.71355,2019,3,March,8,Morning Peak,Weekday
T20190005940,2019-03-29,13:00:00,1,Collision with vehicle,5,Friday,120,HEAD ON (NOT OVERTAKING),1,40747,T intersection,2,60,Arterial Other,CANTERBURY,WHITEHORSE,-37.831604,145.14622,2019,3,March,13,Midday,Weekday
T20190025919,2019-03-29,14:35:00,1,Collision with vehicle,5,Friday,131,LEFT REAR,1,43086,T intersection,3,60,Arterial Highway,STUD,DANDENONG,-37.9777,145.22215,2019,3,March,14,Midday,Weekday
T20190005936,2019-03-29,12:10:00,1,Collision with vehicle,5,Friday,110,CROSS TRAFFIC(INTERSECTIONS ONLY),1,50613,Cross intersection,3,50,Local Road,GELLIBRAND,COLAC OTWAY,-38.342087,143.58656,2019,3,March,12,Midday,Weekday
T20190006272,2019-03-29,15:10:00,1,Collision with vehicle,5,Friday,119,OTHER ADJACENT (INTERSECTIONS ONLY),1,70759,T intersection,3,80,Arterial Highway,CHELTENHAM,DANDENONG,-37.99236,145.15819,2019,3,March,15,Afternoon Peak,Weekday
T20190005974,2019-03-29,19:55:00,1,Collision with vehicle,5,Friday,120,HEAD ON (NOT OVERTAKING),5,343734,Not at intersection,3,60,Arterial Other,ARTHURS SEAT,MORNINGTON PENINSULA,-38.35191,144.94914,2019,3,March,19,Night,Weekday
T20190006077,2019-03-29,11:40:00,5,collision with some other object,5,Friday,183,OFF LEFT BEND INTO OBJECT/PARKED VEHICLE,1,344152,Not at intersection,2,100,Arterial Other,OMEO,EAST GIPPSLAND,-36.958565,147.48038,2019,3,March,11,Midday,Weekday
T20190005998,2019-03-29,20:49:00,1,Collision with vehicle,5,Friday,121,RIGHT THROUGH,3,41967,Cross intersection,2,60,Arterial Other,NAPOLEON,KNOX,-37.900494,145.29459,2019,3,March,20,Night,Weekday
T20190005928,2019-03-29,08:58:00,1,Collision with vehicle,5,Friday,130,REAR END(VEHICLES IN SAME LANE),1,343971,Not at intersection,2,100,Freeway,MONASH,MONASH,-37.89267,145.12778,2019,3,March,8,Morning Peak,Weekday
T20190006107,2019-03-29,15:47:00,2,Struck Pedestrian,5,Friday,100,PED NEAR SIDE. PED HIT BY VEHICLE FROM THE RIGHT.,1,343944,Not at intersection,2,40,Local Road,SEPARATION,DAREBIN,-37.77008,145.00517,2019,3,March,15,Afternoon Peak,Weekday
T20190005912,2019-03-29,08:06:00,1,Collision with vehicle,5,Friday,110,CROSS TRAFFIC(INTERSECTIONS ONLY),1,40857,Cross intersection,3,60,Arterial Other,BULLA,MOONEE VALLEY,-37.737614,144.90579,2019,3,March,8,Morning Peak,Weekday
T20190005926,2019-03-29,11:00:00,1,Collision with vehicle,5,Friday,110,CROSS TRAFFIC(INTERSECTIONS ONLY),1,343782,Cross intersection,2,100,Arterial Other,TOOLAMBA,SHEPPARTON,-36.498947,145.31213,2019,3,March,11,Midday,Weekday
T20190005925,2019-03-29,08:45:00,1,Collision with vehicle,5,Friday,130,REAR END(VEHICLES IN SAME LANE),1,57922,Cross intersection,3,80,Arterial Highway,NEPEAN,BAYSIDE,-37.920193,145.02182,2019,3,March,8,Morning Peak,Weekday
T20190005923,2019-03-29,09:36:00,1,Collision with vehicle,5,Friday,130,REAR END(VEHICLES IN SAME LANE),1,47901,T intersection,2,60,Arterial Other,BARKLY,PORT PHILLIP,-37.88002,144.97873,2019,3,March,9,Morning Peak,Weekday
T20190005919,2019-03-29,07:10:00,4,Collision with a fixed object,5,Friday,181,OFF RIGHT BEND INTO OBJECT/PARKED VEHICLE,2,343868,Not at intersection,3,100,Local Road,MEREDITH-SHELFORD,GOLDEN PLAINS,-37.916943,144.0413,2019,3,March,7,Morning Peak,Weekday
T20190005979,2019-03-29,22:30:00,4,Collision with a fixed object,5,Friday,183,OFF LEFT BEND INTO OBJECT/PARKED VEHICLE,5,344978,Not at intersection,3,60,Local Road,DAVID HILL,YARRA RANGES,-37.88353,145.42926,2019,3,March,22,Night,Weekday
T20190005978,2019-03-29,19:49:00,1,Collision with vehicle,5,Friday,134,LANE CHANGE RIGHT (NOT OVERTAKING),3,360331,Not at intersection,3,60,Arterial Highway,NORTH,MONASH,-37.909534,145.0855,2019,3,March,19,Night,Weekday
T20190005922,2019-03-29,09:45:00,1,Collision with vehicle,5,Friday,121,RIGHT THROUGH,1,29373,Cross intersection,3,60,Arterial Other,DRYBURGH,MELBOURNE,-37.8003,144.94398,2019,3,March,9,Morning Peak,Weekday
T20190005918,2019-03-29,06:50:00,1,Collision with vehicle,5,Friday,150,HEAD ON(OVERTAKING),2,343942,Not at intersection,2,60,Arterial Other,THOMPSONS,CASEY,-38.08801,145.32225,2019,3,March,6,Morning Peak,Weekday
T20190005916,2019-03-29,08:16:00,2,Struck Pedestrian,5,Friday,102,FAR SIDE. PED HIT BY VEHICLE FROM THE LEFT,1,142040,Not at intersection,3,100,Arterial Highway,DANDENONG,MONASH,-37.911144,145.12216,2019,3,March,8,Morning Peak,Weekday
T20190007587,2019-03-29,14:19:00,7,Fall from or in moving vehicle,5,Friday,190,FELL IN/FROM VEHICLE,1,41840,Not at intersection,3,60,Arterial Other,PASCOE,MORELAND,-37.716515,144.93665,2019,3,March,14,Midday,Weekday
T20190005937,2019-03-29,11:23:00,1,Collision with vehicle,5,Friday,121,RIGHT THROUGH,1,35571,T intersection,2,60,Arterial Other,HAMPTON,BAYSIDE,-37.94435,145.00125,2019,3,March,11,Midday,Weekday
T20190006108,2019-03-29,08:53:00,1,Collision with vehicle,5,Friday,113,RIGHT NEAR (INTERSECTIONS ONLY),1,36997,T intersection,2,50,Local Road,MACARTHUR,MELBOURNE,-37.81179,144.97484,2019,3,March,8,Morning Peak,Weekday
T20190007228,2019-03-29,20:45:00,7,Fall from or in moving vehicle,5,Friday,179,OTHER ACCIDENTS-OFF STRAIGHT NOT INCLUDED IN DCAs 170-175,6,29594,Cross intersection,3,60,Local Road,ALMA,PORT PHILLIP,-37.86146,144.99161,2019,3,March,20,Night,Weekday
T20190005930,2019-03-29,11:15:00,6,Vehicle overturned (no collision),5,Friday,180,OFF CARRIAGEWAY ON RIGHT BEND,1,345581,Not at intersection,3,100,Local Road,PENTLAND HILLS,MOORABOOL,-37.64203,144.36523,2019,3,March,11,Midday,Weekday
T20190005929,2019-03-29,09:45:00,7,Fall from or in moving vehicle,5,Friday,179,OTHER ACCIDENTS-OFF STRAIGHT NOT INCLUDED IN DCAs 170-175,1,1256,T intersection,2,60,Arterial Other,MCINTYRE,BRIMBANK,-37.752792,144.83302,2019,3,March,9,Morning Peak,Weekday
T20190005905,2019-03-29,00:58:00,1,Collision with vehicle,5,Friday,121,RIGHT THROUGH,3,48981,Cross intersection,3,60,Freeway,CITYLINK IN-DYNON,MELBOURNE,-37.805305,144.93733,2019,3,March,0,Late Night,Weekday
T20190006052,2019-03-29,19:49:00,1,Collision with vehicle,5,Friday,113,RIGHT NEAR (INTERSECTIONS ONLY),3,40969,T intersection,3,60,Arterial Other,SCORESBY,KNOX,-37.84528,145.26997,2019,3,March,19,Night,Weekday
T20190006056,2019-03-29,15:10:00,1,Collision with vehicle,5,Friday,134,LANE CHANGE RIGHT (NOT OVERTAKING),9,343923,Not at intersection,3,80,Arterial Highway,WELLINGTON,KNOX,-37.927883,145.23198,2019,3,March,15,Afternoon Peak,Weekday
T20190005977,2019-03-29,21:45:00,1,Collision with vehicle,5,Friday,148,VEHICLE OFF FOOTPATH STRIKES VEH ON CARRIAGEWAY,3,580238,T intersection,2,80,Arterial Highway,MAROONDAH,MAROONDAH,-37.786686,145.27536,2019,3,March,21,Night,Weekday
T20190005976,2019-03-29,15:10:00,1,Collision with vehicle,5,Friday,141,U TURN INTO FIXED OBJECT/PARKED VEHICLE,1,343725,Not at intersection,3,60,Local Road,GLEN HUNTLY,GLEN EIRA,-37.88683,145.0214,2019,3,March,15,Afternoon Peak,Weekday
T20190005975,2019-03-29,21:55:00,6,Vehicle overturned (no collision),5,Friday,184,OUT OF CONTROL ON CARRIAGEWAY (ON BEND),3,343773,Not at intersection,2,60,Local Road,ALEXANDRA,STONNINGTON,-37.83274,145.00464,2019,3,March,21,Night,Weekday
T20190005960,2019-03-29,15:24:00,1,Collision with vehicle,5,Friday,163,VEHICLE STRIKES DOOR OF PARKED/STATIONARY VEHICLE,1,344717,Not at intersection,3,40,Arterial Other,BAY,PORT PHILLIP,-37.838142,144.94275,2019,3,March,15,Afternoon Peak,Weekday
T20190006664,2019-03-29,16:38:00,1,Collision with vehicle,5,Friday,131,LEFT REAR,1,38277,T intersection,3,60,Arterial Other,THOMPSONS,MANNINGHAM,-37.76951,145.1004,2019,3,March,16,Afternoon Peak,Weekday
T20190012682,2019-03-29,13:50:00,1,Collision with vehicle,5,Friday,139,OTHER SAME DIRECTION-MANOUEVRES NOT INCLUDED IN DCAs 130-137,1,593016,Not at intersection,2,80,Arterial Highway,NEPEAN,GLEN EIRA,-37.886433,144.99944,2019,3,March,13,Midday,Weekday
T20190006188,2019-03-29,15:30:00,1,Collision with vehicle,5,Friday,130,REAR END(VEHICLES IN SAME LANE),1,358431,T intersection,3,60,Arterial Other,BACCHUS MARSH,MOORABOOL,-37.686104,144.48,2019,3,March,15,Afternoon Peak,Weekday
T20190006191,2019-03-29,11:30:00,1,Collision with vehicle,5,Friday,116,LEFT NEAR (INTERSECTIONS ONLY),1,41127,T intersection,3,50,Arterial Other,ST KILDA,BAYSIDE,-37.886192,144.99171,2019,3,March,11,Midday,Weekday
T20190006193,2019-03-29,22:00:00,1,Collision with vehicle,5,Friday,121,RIGHT THROUGH,3,39063,Cross intersection,3,60,Arterial Other,BURKE,BOROONDARA,-37.81037,145.06068,2019,3,March,22,Night,Weekday
T20190005971,2019-03-29,07:30:00,1,Collision with vehicle,5,Friday,130,REAR END(VEHICLES IN SAME LANE),2,343731,Not at intersection,3,60,Arterial Other,MOORE,MARIBYRNONG,-37.79715,144.9039,2019,3,March,7,Morning Peak,Weekday
T20190005970,2019-03-29,19:55:00,1,Collision with vehicle,5,Friday,130,REAR END(VEHICLES IN SAME LANE),3,47081,T intersection,2,60,Arterial Other,CENTRE,KINGSTON,-37.92775,145.11249,2019,3,March,19,Night,Weekday
T20190005968,2019-03-29,16:45:00,1,Collision with vehicle,5,Friday,121,RIGHT THROUGH,1,346572,T intersection,2,50,Local Road,BIRCHWOOD,WYNDHAM,-37.86204,144.71143,2019,3,March,16,Afternoon Peak,Weekday
T20190005967,2019-03-29,15:20:00,1,Collision with vehicle,5,Friday,160,VEHICLE COLLIDES WITH VEHICLE PARKED ON LEFT OF ROAD,1,360318,Not at intersection,2,50,Local Road,MERCER,GEELONG,-38.14237,144.35599,2019,3,March,15,Afternoon Peak,Weekday
T20190005966,2019-03-29,16:07:00,1,Collision with vehicle,5,Friday,121,RIGHT THROUGH,1,343912,Not at intersection,2,60,Arterial Other,HORNE,HUME,-37.57731,144.72757,2019,3,March,16,Afternoon Peak,Weekday
T20190005965,2019-03-29,16:46:00,1,Collision with vehicle,5,Friday,130,REAR END(VEHICLES IN SAME LANE),1,343729,Not at intersection,3,80,Arterial Highway,SOUTH GIPPSLAND,CASEY,-38.04345,145.25287,2019,3,March,16,Afternoon Peak,Weekday
T20190005964,2019-03-29,15:30:00,2,Struck Pedestrian,5,Friday,100,PED NEAR SIDE. PED HIT BY VEHICLE FROM THE RIGHT.,1,73552,Cross intersection,2,40,Local Road,QUEEN,COLAC OTWAY,-38.345478,143.59187,2019,3,March,15,Afternoon Peak,Weekday
T20190005982,2019-03-30,00:34:00,4,Collision with a fixed object,6,Saturday,171,LEFT OFF CARRIAGEWAY INTO OBJECT/PARKED VEHICLE,3,344544,Not at intersection,2,40,Local Road,DANE,KINGSTON,-37.94101,145.03952,2019,3,March,0,Late Night,Weekend
T20190006016,2019-03-30,14:19:00,1,Collision with vehicle,6,Saturday,130,REAR END(VEHICLES IN SAME LANE),1,583089,Not at intersection,2,100,Freeway,MONASH,MONASH,-37.886055,145.10341,2019,3,March,14,Midday,Weekend
T20190006028,2019-03-30,18:58:00,1,Collision with vehicle,6,Saturday,110,CROSS TRAFFIC(INTERSECTIONS ONLY),1,44891,Cross intersection,3,50,Arterial Highway,STANDISH,ALPINE,-36.560852,146.72397,2019,3,March,18,Afternoon Peak,Weekend
T20190006079,2019-03-30,06:30:00,4,Collision with a fixed object,6,Saturday,171,LEFT OFF CARRIAGEWAY INTO OBJECT/PARKED VEHICLE,5,343870,Not at intersection,2,100,Local Road,FOREST,MOIRA,-36.221107,146.13135,2019,3,March,6,Morning Peak,Weekend
T20190005985,2019-03-30,02:15:00,4,Collision with a fixed object,6,Saturday,181,OFF RIGHT BEND INTO OBJECT/PARKED VEHICLE,5,345114,Not at intersection,2,60,Arterial Other,ARTHURS SEAT,MORNINGTON PENINSULA,-38.353867,144.94768,2019,3,March,2,Late Night,Weekend
T20190006014,2019-03-30,18:00:00,1,Collision with vehicle,6,Saturday,112,LEFT FAR (INTERSECTIONS ONLY),1,29640,Cross intersection,3,60,Arterial Highway,NORTH,GLEN EIRA,-37.902107,145.026,2019,3,March,18,Afternoon Peak,Weekend
T20190006019,2019-03-30,14:00:00,7,Fall from or in moving vehicle,6,Saturday,179,OTHER ACCIDENTS-OFF STRAIGHT NOT INCLUDED IN DCAs 170-175,1,344046,T intersection,3,100,Arterial Other,KIEWA VALLEY,ALPINE,-36.456783,146.99808,2019,3,March,14,Midday,Weekend
T20190006061,2019-03-30,15:00:00,1,Collision with vehicle,6,Saturday,130,REAR END(VEHICLES IN SAME LANE),9,267253,Cross intersection,3,80,Arterial Highway,DANDENONG,MONASH,-37.895325,145.09615,2019,3,March,15,Afternoon Peak,Weekend
T20190006037,2019-03-30,23:12:00,7,Fall from or in moving vehicle,6,Saturday,179,OTHER ACCIDENTS-OFF STRAIGHT NOT INCLUDED IN DCAs 170-175,3,343779,Not at intersection,3,40,Local Road,LYGON,MORELAND,-37.77313,144.97142,2019,3,March,23,Night,Weekend
T20190006274,2019-03-30,14:57:00,4,Collision with a fixed object,6,Saturday,173,RIGHT OFF CARRIAGEWAY INTO OBJECT/PARKED VEHICLE,1,344122,Not at intersection,3,80,Arterial Highway,BURWOOD,KNOX,-37.859913,145.20673,2019,3,March,14,Midday,Weekend
T20190006032,2019-03-30,22:45:00,8,No collision and no object struck,6,Saturday,174,OUT OF CONTROL ON CARRIAGEWAY (ON STRAIGHT),3,344325,Cross intersection,2,60,Arterial Other,GLENFERRIE,BOROONDARA,-37.83326,145.0334,2019,3,March,22,Night,Weekend
T20200003222,2019-03-30,12:55:00,1,Collision with vehicle,6,Saturday,130,REAR END(VEHICLES IN SAME LANE),1,636126,Not at intersection,3,60,Arterial Other,SCORESBY,KNOX,-37.872795,145.2595,2019,3,March,12,Midday,Weekend
T20190006000,2019-03-30,09:47:00,2,Struck Pedestrian,6,Saturday,102,FAR SIDE. PED HIT BY VEHICLE FROM THE LEFT,1,343781,Not at intersection,2,40,Local Road,SWALLOW,PORT PHILLIP,-37.83764,144.93614,2019,3,March,9,Morning Peak,Weekend
T20190006039,2019-03-30,23:30:00,7,Fall from or in moving vehicle,6,Saturday,190,FELL IN/FROM VEHICLE,3,579179,Not at intersection,2,50,Local Road,MONTCLAIR,WODONGA,-36.12209,146.83792,2019,3,March,23,Night,Weekend
T20190008138,2019-03-30,23:30:00,7,Fall from or in moving vehicle,6,Saturday,179,OTHER ACCIDENTS-OFF STRAIGHT NOT INCLUDED IN DCAs 170-175,3,344684,T intersection,2,50,Local Road,TURNER,KINGSTON,-37.951633,145.05293,2019,3,March,23,Night,Weekend
T20190006860,2019-03-30,09:00:00,1,Collision with vehicle,6,Saturday,130,REAR END(VEHICLES IN SAME LANE),1,45614,Not at intersection,3,60,Arterial Other,MORELAND,MORELAND,-37.75474,144.95822,2019,3,March,9,Morning Peak,Weekend
T20190007809,2019-03-30,16:04:00,4,Collision with a fixed object,6,Saturday,171,LEFT OFF CARRIAGEWAY INTO OBJECT/PARKED VEHICLE,1,344827,Not at intersection,3,60,Arterial Highway,RACECOURSE,MOONEE VALLEY,-37.78896,144.938,2019,3,March,16,Afternoon Peak,Weekend
T20190005993,2019-03-30,09:10:00,1,Collision with vehicle,6,Saturday,113,RIGHT NEAR (INTERSECTIONS ONLY),1,1178,T intersection,3,80,Arterial Other,PRINCES,CARDINIA,-38.07081,145.49286,2019,3,March,9,Morning Peak,Weekend
T20190006017,2019-03-30,17:42:00,1,Collision with vehicle,6,Saturday,120,HEAD ON (NOT OVERTAKING),1,345383,Not at intersection,3,80,Arterial Other,MONBULK,YARRA RANGES,-37.80634,145.40321,2019,3,March,17,Afternoon Peak,Weekend
T20190005984,2019-03-30,00:33:00,8,No collision and no object struck,6,Saturday,182,OFF CARRIAGEWAY ON LEFT BEND,3,693645,T intersection,2,60,Arterial Other,BOLDREWOOD,DAREBIN,-37.720818,145.0212,2019,3,March,0,Late Night,Weekend
T20190007164,2019-03-30,13:10:00,1,Collision with vehicle,6,Saturday,130,REAR END(VEHICLES IN SAME LANE),1,344214,Not at intersection,3,50,Local Road,VICTORIA,DAREBIN,-37.77449,145.01106,2019,3,March,13,Midday,Weekend
T20190006038,2019-03-31,01:03:00,1,Collision with vehicle,7,Sunday,120,HEAD ON (NOT OVERTAKING),3,83707,Not at intersection,2,60,Arterial Other,RINGWOOD-WARRANDYTE,MANNINGHAM,-37.76587,145.23032,2019,3,March,1,Late Night,Weekend
T20190006082,2019-03-31,16:27:00,4,Collision with a fixed object,7,Sunday,173,RIGHT OFF CARRIAGEWAY INTO OBJECT/PARKED VEHICLE,1,344678,Not at intersection,3,40,Local Road,YARROWEE,BALLARAT,-37.59581,143.84303,2019,3,March,16,Afternoon Peak,Weekend
T20190023692,2019-03-31,20:30:00,1,Collision with vehicle,7,Sunday,130,REAR END(VEHICLES IN SAME LANE),3,779493,Not at intersection,3,60,Arterial Other,BELGRAVE-HALLAM,CASEY,-37.996662,145.27538,2019,3,March,20,Night,Weekend
T20190006046,2019-03-31,03:51:00,2,Struck Pedestrian,7,Sunday,104,PED WALKING WITH TRAFFIC,3,346712,Not at intersection,2,60,Arterial Other,MAIR,BALLARAT,-37.560055,143.86063,2019,3,March,3,Late Night,Weekend
T20190006042,2019-03-31,00:10:00,4,Collision with a fixed object,7,Sunday,171,LEFT OFF CARRIAGEWAY INTO OBJECT/PARKED VEHICLE,5,345229,Not at intersection,2,80,Local Road,FULTONS,MORNINGTON PENINSULA,-38.19538,145.16093,2019,3,March,0,Late Night,Weekend
T20190006041,2019-03-31,03:15:00,2,Struck Pedestrian,7,Sunday,102,FAR SIDE. PED HIT BY VEHICLE FROM THE LEFT,3,37692,Cross intersection,2,40,Arterial Other,COMMERCIAL,STONNINGTON,-37.846863,144.99413,2019,3,March,3,Late Night,Weekend
T20190006047,2019-03-31,02:59:00,4,Collision with a fixed object,7,Sunday,171,LEFT OFF CARRIAGEWAY INTO OBJECT/PARKED VEHICLE,3,345121,Not at intersection,2,80,Freeway,WEST GATE OUT-MELBOURNE,HOBSONS BAY,-37.82543,144.88637,2019,3,March,2,Late Night,Weekend
T20190015712,2019-03-31,10:55:00,4,Collision with a fixed object,7,Sunday,181,OFF RIGHT BEND INTO OBJECT/PARKED VEHICLE,1,586453,Not at intersection,3,100,Arterial Other,PAKENHAM,CARDINIA,-38.031017,145.4902,2019,3,March,10,Midday,Weekend
T20190006057,2019-03-31,11:00:00,4,Collision with a fixed object,7,Sunday,171,LEFT OFF CARRIAGEWAY INTO OBJECT/PARKED VEHICLE,1,343758,Not at intersection,2,60,Arterial Other,BELGRAVE-HALLAM,YARRA RANGES,-37.92493,145.35887,2019,3,March,11,Midday,Weekend
T20190006220,2019-03-31,12:25:00,4,Collision with a fixed object,7,Sunday,181,OFF RIGHT BEND INTO OBJECT/PARKED VEHICLE,1,43843,T intersection,3,60,Arterial Other,BELGRAVE-GEMBROOK,CARDINIA,-37.92579,145.44994,2019,3,March,12,Midday,Weekend
T20190006078,2019-03-31,17:57:00,4,Collision with a fixed object,7,Sunday,171,LEFT OFF CARRIAGEWAY INTO OBJECT/PARKED VEHICLE,1,343793,Not at intersection,3,80,Arterial Other,WHITTLESEA-YEA,WHITTLESEA,-37.485584,145.18842,2019,3,March,17,Afternoon Peak,Weekend
T20190006073,2019-03-31,14:40:00,8,No collision and no object struck,7,Sunday,151,OUT OF CONTROL (OVERTAKING),1,345116,T intersection,2,60,Arterial Other,HIGH,BOROONDARA,-37.79989,145.04935,2019,3,March,14,Midday,Weekend
T20190006072,2019-03-31,13:00:00,3,Struck animal,7,Sunday,167,STRUCK ANIMAL,1,343752,Not at intersection,2,100,Local Road,RAGLAN-ELMHURST,PYRENEES,-37.26973,143.3012,2019,3,March,13,Midday,Weekend
T20190006058,2019-03-31,10:45:00,6,Vehicle overturned (no collision),7,Sunday,184,OUT OF CONTROL ON CARRIAGEWAY (ON BEND),1,343838,Not at intersection,3,100,Arterial Other,GENOA-MALLACOOTA,EAST GIPPSLAND,-37.495564,149.66553,2019,3,March,10,Midday,Weekend
T20190006033,2019-03-31,00:30:00,2,Struck Pedestrian,7,Sunday,100,PED NEAR SIDE. PED HIT BY VEHICLE FROM THE RIGHT.,3,345262,Not at intersection,3,60,Arterial Highway,WYNDHAM,SHEPPARTON,-36.37207,145.40118,2019,3,March,0,Late Night,Weekend
T20190006085,2019-03-31,21:00:00,1,Collision with vehicle,7,Sunday,160,VEHICLE COLLIDES WITH VEHICLE PARKED ON LEFT OF ROAD,3,343791,Not at intersection,3,50,Local Road,NEWCASTLE,DAREBIN,-37.74804,145.01178,2019,3,March,21,Night,Weekend
T20190006063,2019-03-31,11:30:00,1,Collision with vehicle,7,Sunday,110,CROSS TRAFFIC(INTERSECTIONS ONLY),1,343894,Cross intersection,2,60,Arterial Highway,PRINCES,SURF COAST,-38.23529,144.00343,2019,3,March,11,Midday,Weekend
T20190006050,2019-03-31,05:10:00,4,Collision with a fixed object,7,Sunday,173,RIGHT OFF CARRIAGEWAY INTO OBJECT/PARKED VEHICLE,3,40671,T intersection,3,60,Arterial Other,STATION,WHITEHORSE,-37.83609,145.1205,2019,3,March,5,Morning Peak,Weekend
T20190006066,2019-03-31,13:50:00,4,Collision with a fixed object,7,Sunday,173,RIGHT OFF CARRIAGEWAY INTO OBJECT/PARKED VEHICLE,1,43136,Cross intersection,3,60,Arterial Other,BARRY,HUME,-37.663754,144.92218,2019,3,March,13,Midday,Weekend
T20190006049,2019-03-31,02:40:00,4,Collision with a fixed object,7,Sunday,151,OUT OF CONTROL (OVERTAKING),6,344635,Not at intersection,2,60,Arterial Other,EPPING,WHITTLESEA,-37.62614,145.02826,2019,3,March,2,Late Night,Weekend
T20190006048,2019-03-31,01:00:00,1,Collision with vehicle,7,Sunday,110,CROSS TRAFFIC(INTERSECTIONS ONLY),3,11180,Cross intersection,2,60,Arterial Highway,SOUTH GIPPSLAND,CASEY,-38.050434,145.2576,2019,3,March,1,Late Night,Weekend
T20190006083,2019-03-31,13:35:00,1,Collision with vehicle,7,Sunday,110,CROSS TRAFFIC(INTERSECTIONS ONLY),1,36507,Cross intersection,3,40,Local Road,MOOR,YARRA,-37.80183,144.98015,2019,3,March,13,Midday,Weekend
T20190006114,2019-04-01,07:20:00,1,Collision with vehicle,1,Monday,135,LANE CHANGE LEFT (NOT OVERTAKING),1,343929,Not at intersection,2,80,Arterial Other,HIGH STREET,MONASH,-37.87622,145.18275,2019,4,April,7,Morning Peak,Weekday
T20190006112,2019-04-01,11:15:00,1,Collision with vehicle,1,Monday,137,LEFT TURN SIDESWIPE,1,51054,Cross intersection,3,50,Arterial Highway,HIGH,SHEPPARTON,-36.38109,145.3993,2019,4,April,11,Midday,Weekday
T20190006111,2019-04-01,08:15:00,1,Collision with vehicle,1,Monday,110,CROSS TRAFFIC(INTERSECTIONS ONLY),1,53586,Cross intersection,2,50,Arterial Highway,MCLENNAN,SHEPPARTON,-36.395313,145.35577,2019,4,April,8,Morning Peak,Weekday
T20190006109,2019-04-01,09:00:00,1,Collision with vehicle,1,Monday,130,REAR END(VEHICLES IN SAME LANE),1,67663,T intersection,3,60,Arterial Other,FOREST,KNOX,-37.86126,145.30847,2019,4,April,9,Morning Peak,Weekday
T20190006130,2019-04-01,15:20:00,5,collision with some other object,1,Monday,165,TEMPORARY ROADWORKS,1,346408,Not at intersection,3,60,Local Road,TAYLORS,MELTON,-37.719955,144.7208,2019,4,April,15,Afternoon Peak,Weekday
T20190006152,2019-04-01,19:40:00,1,Collision with vehicle,1,Monday,113,RIGHT NEAR (INTERSECTIONS ONLY),3,29373,Cross intersection,3,80,Arterial Other,DRYBURGH,MELBOURNE,-37.8003,144.94398,2019,4,April,19,Night,Weekday
T20190006153,2019-04-01,21:20:00,1,Collision with vehicle,1,Monday,110,CROSS TRAFFIC(INTERSECTIONS ONLY),5,44300,Cross intersection,3,70,Local Road,HOGANS,WYNDHAM,-37.860874,144.66702,2019,4,April,21,Night,Weekday
T20190006154,2019-04-01,20:05:00,2,Struck Pedestrian,1,Monday,101,PED EMERGES FROM IN FRONT OF PARKED OR STATIONARY VEHICLE,3,44852,Cross intersection,2,40,Arterial Other,HIGH STREET -TUAGGRA,CENTRAL GOLDFIELDS,-37.045837,143.73907,2019,4,April,20,Night,Weekday
T20190006155,2019-04-01,20:40:00,1,Collision with vehicle,1,Monday,140,U TURN,3,42225,T intersection,2,70,Arterial Other,SOUTH,GLEN EIRA,-37.935116,145.05235,2019,4,April,20,Night,Weekday
T20190006157,2019-04-01,20:48:00,4,Collision with a fixed object,1,Monday,173,RIGHT OFF CARRIAGEWAY INTO OBJECT/PARKED VEHICLE,5,344100,Not at intersection,2,100,Local Road,SUTTON GRANGE,BENDIGO,-36.91587,144.33423,2019,4,April,20,Night,Weekday
T20190006161,2019-04-01,23:00:00,4,Collision with a fixed object,1,Monday,171,LEFT OFF CARRIAGEWAY INTO OBJECT/PARKED VEHICLE,5,345296,Not at intersection,2,100,Arterial Highway,PYRENEES,CENTRAL GOLDFIELDS,-37.056335,143.855,2019,4,April,23,Night,Weekday
T20190006587,2019-04-01,19:30:00,1,Collision with vehicle,1,Monday,120,HEAD ON (NOT OVERTAKING),3,60698,T intersection,3,60,Local Road,NORMAN,BALLARAT,-37.53212,143.82101,2019,4,April,19,Night,Weekday
T20190006165,2019-04-01,10:00:00,1,Collision with vehicle,1,Monday,173,RIGHT OFF CARRIAGEWAY INTO OBJECT/PARKED VEHICLE,1,344219,Not at intersection,3,50,Local Road,WEIR,MORNINGTON PENINSULA,-38.37403,144.82742,2019,4,April,10,Midday,Weekday
T20190006134,2019-04-01,17:29:00,1,Collision with vehicle,1,Monday,140,U TURN,1,344283,T intersection,2,60,Non Arterial,LEAKES,MELTON,-37.727463,144.65213,2019,4,April,17,Afternoon Peak,Weekday