ACCIDENT_NO,ACCIDENT_DATE,ACCIDENT_TIME,ACCIDENT_TYPE,ACCIDENT_TYPE_DESC,DAY_OF_WEEK,DAY_WEEK_DESC,DCA_CODE,DCA_DESC,LIGHT_CONDITION,NODE_ID,ROAD_GEOMETRY_DESC,SEVERITY,SPEED_ZONE,RMA,ROAD_NAME,LGA_NAME,LATITUDE,LONGITUDE,YEAR,MONTH,MONTH_NAME,HOUR,TIME_PERIOD,DAY_TYPE
T20190006170,2019-04-01,15:30:00,1,Collision with vehicle,1,Monday,120,HEAD ON (NOT OVERTAKING),1,360319,Not at intersection,3,80,Arterial Highway,SOUTH GIPPSLAND,CASEY,-38.09756,145.28314,2019,4,April,15,Afternoon Peak,Weekday
T20190006173,2019-04-01,18:50:00,2,Struck Pedestrian,1,Monday,101,PED EMERGES FROM IN FRONT OF PARKED OR STATIONARY VEHICLE,1,343836,Not at intersection,3,60,Arterial Highway,BELL,MORELAND,-37.741245,144.96567,2019,4,April,18,Afternoon Peak,Weekday
T20190006183,2019-04-01,14:00:00,4,Collision with a fixed object,1,Monday,181,OFF RIGHT BEND INTO OBJECT/PARKED VEHICLE,1,344758,Not at intersection,3,100,Arterial Highway,PRINCES,EAST GIPPSLAND,-37.56128,149.35304,2019,4,April,14,Midday,Weekday
T20190006151,2019-04-01,16:00:00,2,Struck Pedestrian,1,Monday,102,FAR SIDE. PED HIT BY VEHICLE FROM THE LEFT,1,344900,Not at intersection,3,60,Local Road,MAJOR,MORELAND,-37.707638,144.97046,2019,4,April,16,Afternoon Peak,Weekday
T20190006203,2019-04-01,12:58:00,2,Struck Pedestrian,1,Monday,102,FAR SIDE. PED HIT BY VEHICLE FROM THE LEFT,1,343979,Not at intersection,2,40,Local Road,FOSTER,DANDENONG,-37.989445,145.21039,2019,4,April,12,Midday,Weekday
T20190006150,2019-04-01,19:55:00,1,Collision with vehicle,1,Monday,171,LEFT OFF CARRIAGEWAY INTO OBJECT/PARKED VEHICLE,3,346241,T intersection,2,60,Local Road,LUDSTONE,BAYSIDE,-37.93448,145.01544,2019,4,April,19,Night,Weekday
T20190006149,2019-04-01,20:00:00,1,Collision with vehicle,1,Monday,163,VEHICLE STRIKES DOOR OF PARKED/STATIONARY VEHICLE,3,343821,Not at intersection,3,60,Arterial Other,HARKER,MELBOURNE,-37.79735,144.95029,2019,4,April,20,Night,Weekday
T20190006146,2019-04-01,18:09:00,6,Vehicle overturned (no collision),1,Monday,180,OFF CARRIAGEWAY ON RIGHT BEND,1,638938,Not at intersection,3,60,Arterial Other,MONBULK,YARRA RANGES,-37.86191,145.41458,2019,4,April,18,Afternoon Peak,Weekday
T20190006096,2019-04-01,02:00:00,4,Collision with a fixed object,1,Monday,171,LEFT OFF CARRIAGEWAY INTO OBJECT/PARKED VEHICLE,3,345120,Not at intersection,2,50,Local Road,GLASSCOCKS,CASEY,-38.07186,145.31445,2019,4,April,2,Late Night,Weekday
T20190006097,2019-04-01,06:50:00,1,Collision with vehicle,1,Monday,110,CROSS TRAFFIC(INTERSECTIONS ONLY),2,36192,Cross intersection,2,50,Local Road,CAPEL,MELBOURNE,-37.803707,144.95552,2019,4,April,6,Morning Peak,Weekday
T20190006099,2019-04-01,07:15:00,5,collision with some other object,1,Monday,191,LOAD OR MISSILE STRUCK VEHICLE,2,344772,Not at intersection,2,100,Freeway,EASTLINK,MAROONDAH,-37.8329,145.21773,2019,4,April,7,Morning Peak,Weekday
T20190006100,2019-04-01,05:07:00,2,Struck Pedestrian,1,Monday,105,PED WALKING AGAINST TRAFFIC.,5,343768,Not at intersection,1,80,Arterial Highway,SOUTH GIPPSLAND,CASEY,-38.153282,145.31676,2019,4,April,5,Morning Peak,Weekday
T20190006101,2019-04-01,08:10:00,1,Collision with vehicle,1,Monday,130,REAR END(VEHICLES IN SAME LANE),1,343822,Not at intersection,3,80,Freeway,METROPOLITAN RING,NILLUMBIK,-37.69026,145.08679,2019,4,April,8,Morning Peak,Weekday
T20190006103,2019-04-01,06:50:00,3,Struck animal,1,Monday,167,STRUCK ANIMAL,6,343794,Not at intersection,2,60,Arterial Highway,PHILLIP ISLAND,BASS COAST,-38.514935,145.34703,2019,4,April,6,Morning Peak,Weekday
T20190006105,2019-04-01,08:50:00,1,Collision with vehicle,1,Monday,130,REAR END(VEHICLES IN SAME LANE),1,344669,Not at intersection,3,40,Local Road,LAWRENCE,WODONGA,-36.122505,146.87347,2019,4,April,8,Morning Peak,Weekday
T20190006145,2019-04-01,16:20:00,1,Collision with vehicle,1,Monday,113,RIGHT NEAR (INTERSECTIONS ONLY),1,344504,T intersection,2,50,Local Road,WATERVIEW,WHITTLESEA,-37.611897,145.08836,2019,4,April,16,Afternoon Peak,Weekday
T20190006142,2019-04-01,17:04:00,1,Collision with vehicle,1,Monday,147,VEHICLE STRIKES ANOTHER VEH WHILE EMERGING FROM DRIVEWAY,1,113270,Not at intersection,3,60,Local Road,BROOKLYN,MELTON,-37.702785,144.5733,2019,4,April,17,Afternoon Peak,Weekday
T20190006140,2019-04-01,16:30:00,2,Struck Pedestrian,1,Monday,101,PED EMERGES FROM IN FRONT OF PARKED OR STATIONARY VEHICLE,1,344498,Not at intersection,2,60,Arterial Other,CONNESS,INDIGO,-36.15127,146.6073,2019,4,April,16,Afternoon Peak,Weekday
T20190006139,2019-04-01,19:15:00,1,Collision with vehicle,1,Monday,121,RIGHT THROUGH,2,37887,Cross intersection,3,50,Local Road,MICHAEL,YARRA,-37.78593,144.98915,2019,4,April,19,Night,Weekday
T20190006138,2019-04-01,18:23:00,1,Collision with vehicle,1,Monday,110,CROSS TRAFFIC(INTERSECTIONS ONLY),2,339501,Cross intersection,2,80,Arterial Highway,NEPEAN,KINGSTON,-37.959026,145.05307,2019,4,April,18,Afternoon Peak,Weekday
T20190006136,2019-04-01,18:55:00,1,Collision with vehicle,1,Monday,130,REAR END(VEHICLES IN SAME LANE),2,360224,Not at intersection,3,60,Arterial Other,KINGS,BRIMBANK,-37.730343,144.78156,2019,4,April,18,Afternoon Peak,Weekday
T20190006132,2019-04-01,14:17:00,1,Collision with vehicle,1,Monday,121,RIGHT THROUGH,1,899,Cross intersection,2,80,Arterial Highway,FRANKSTON-DANDENONG,FRANKSTON,-38.08594,145.1834,2019,4,April,14,Midday,Weekday
T20190006125,2019-04-01,10:43:00,1,Collision with vehicle,1,Monday,121,RIGHT THROUGH,1,49211,T intersection,2,80,Arterial Other,PRINCES,LATROBE,-38.23601,146.42656,2019,4,April,10,Midday,Weekday
T20190006124,2019-04-01,15:03:00,8,No collision and no object struck,1,Monday,172,OFF CARRIAGEWAY TO RIGHT,1,166747,Not at intersection,2,60,Local Road,MOOREFIELD PARK,WODONGA,-36.113113,146.85605,2019,4,April,15,Afternoon Peak,Weekday
T20190006121,2019-04-01,10:00:00,1,Collision with vehicle,1,Monday,110,CROSS TRAFFIC(INTERSECTIONS ONLY),1,49976,Cross intersection,3,60,Arterial Other,SHANNON,GEELONG,-38.152603,144.33412,2019,4,April,10,Midday,Weekday
T20190006342,2019-04-01,13:35:00,1,Collision with vehicle,1,Monday,110,CROSS TRAFFIC(INTERSECTIONS ONLY),1,222064,Cross intersection,3,60,Arterial Other,CRAIGIEBURN,HUME,-37.592976,144.90526,2019,4,April,13,Midday,Weekday
T20190006116,2019-04-01,11:30:00,8,No collision and no object struck,1,Monday,172,OFF CARRIAGEWAY TO RIGHT,1,344276,Not at intersection,3,100,Arterial Other,PRINCETOWN,CORANGAMITE,-38.59549,143.20308,2019,4,April,11,Midday,Weekday
T20190006177,2019-04-02,09:10:00,1,Collision with vehicle,2,Tuesday,130,REAR END(VEHICLES IN SAME LANE),1,62094,T intersection,2,60,Arterial Other,MAIN,NILLUMBIK,-37.70451,145.15788,2019,4,April,9,Morning Peak,Weekday
T20190006343,2019-04-02,15:40:00,1,Collision with vehicle,2,Tuesday,132,RIGHT REAR.,1,347208,T intersection,3,100,Arterial Highway,WENTWORTH,MILDURA,-34.129673,142.01442,2019,4,April,15,Afternoon Peak,Weekday
T20190006171,2019-04-02,06:05:00,1,Collision with vehicle,2,Tuesday,152,PULLING OUT (OVERTAKING),3,71357,T intersection,3,60,Arterial Other,NAR NAR GOON-LONGWARRY,CARDINIA,-38.084965,145.62354,2019,4,April,6,Morning Peak,Weekday
T20190006187,2019-04-02,10:40:00,1,Collision with vehicle,2,Tuesday,110,CROSS TRAFFIC(INTERSECTIONS ONLY),1,279270,Cross intersection,3,80,Freeway,CALDER,MOUNT ALEXANDER,-36.95593,144.23605,2019,4,April,10,Midday,Weekday
T20190006215,2019-04-02,07:30:00,2,Struck Pedestrian,2,Tuesday,100,PED NEAR SIDE. PED HIT BY VEHICLE FROM THE RIGHT.,1,44393,Cross intersection,3,50,Arterial Other,PLENTY,DAREBIN,-37.731155,145.01445,2019,4,April,7,Morning Peak,Weekday
T20190006216,2019-04-02,15:00:00,4,Collision with a fixed object,2,Tuesday,181,OFF RIGHT BEND INTO OBJECT/PARKED VEHICLE,1,343871,Not at intersection,3,70,Arterial Other,HEALESVILLE-YARRA GLEN,YARRA RANGES,-37.65512,145.4872,2019,4,April,15,Afternoon Peak,Weekday
T20190006221,2019-04-02,15:00:00,1,Collision with vehicle,2,Tuesday,130,REAR END(VEHICLES IN SAME LANE),1,36660,T intersection,3,60,Arterial Other,QUEENS,YARRA,-37.78817,144.9921,2019,4,April,15,Afternoon Peak,Weekday
T20190006222,2019-04-02,15:20:00,1,Collision with vehicle,2,Tuesday,110,CROSS TRAFFIC(INTERSECTIONS ONLY),1,64315,Cross intersection,3,50,Local Road,BARKLY,YARRA,-37.77835,144.98099,2019,4,April,15,Afternoon Peak,Weekday
T20190006224,2019-04-02,16:50:00,1,Collision with vehicle,2,Tuesday,130,REAR END(VEHICLES IN SAME LANE),1,360321,Not at intersection,3,60,Arterial Other,HUNTINGDALE,MONASH,-37.86025,145.11314,2019,4,April,16,Afternoon Peak,Weekday
T20190006228,2019-04-02,18:50:00,1,Collision with vehicle,2,Tuesday,121,RIGHT THROUGH,2,39625,T intersection,3,60,Arterial Other,WANTIRNA,MAROONDAH,-37.816856,145.22726,2019,4,April,18,Afternoon Peak,Weekday
T20190006229,2019-04-02,16:00:00,1,Collision with vehicle,2,Tuesday,111,RIGHT FAR (INTERSECTIONS ONLY),1,64330,T intersection,2,60,Arterial Other,BRUNSWICK,MORELAND,-37.778843,144.97606,2019,4,April,16,Afternoon Peak,Weekday
T20190006252,2019-04-02,16:50:00,4,Collision with a fixed object,2,Tuesday,173,RIGHT OFF CARRIAGEWAY INTO OBJECT/PARKED VEHICLE,1,345591,Not at intersection,2,100,Arterial Highway,PRINCES,MOYNE,-38.309837,142.77348,2019,4,April,16,Afternoon Peak,Weekday
T20190006249,2019-04-02,17:20:00,1,Collision with vehicle,2,Tuesday,163,VEHICLE STRIKES DOOR OF PARKED/STATIONARY VEHICLE,1,343866,Not at intersection,2,40,Local Road,CHAPEL,STONNINGTON,-37.85352,144.99306,2019,4,April,17,Afternoon Peak,Weekday
T20190006230,2019-04-02,14:45:00,3,Struck animal,2,Tuesday,167,STRUCK ANIMAL,1,343837,Not at intersection,3,100,Local Road,STAFFORDSHIRE REEF,GOLDEN PLAINS,-37.709625,143.68976,2019,4,April,14,Midday,Weekday
T20190006166,2019-04-02,06:15:00,7,Fall from or in moving vehicle,2,Tuesday,179,OTHER ACCIDENTS-OFF STRAIGHT NOT INCLUDED IN DCAs 170-175,3,19424,Cross intersection,3,60,Arterial Other,HOLMES,BENDIGO,-36.74357,144.27423,2019,4,April,6,Morning Peak,Weekday
T20190006231,2019-04-02,16:30:00,4,Collision with a fixed object,2,Tuesday,173,RIGHT OFF CARRIAGEWAY INTO OBJECT/PARKED VEHICLE,1,343881,Not at intersection,2,50,Local Road,KENILWORTH,CARDINIA,-38.052864,145.37051,2019,4,April,16,Afternoon Peak,Weekday
T20210020248,2019-04-02,12:15:00,8,No collision and no object struck,2,Tuesday,149,OTHER MANOEUVRING NOT INCLUDED IN DCAs 140-148,1,694039,Not at intersection,3,50,Arterial Other,ROYAL,MELBOURNE,-37.79832,144.95773,2019,4,April,12,Midday,Weekday
T20190007084,2019-04-02,10:40:00,1,Collision with vehicle,2,Tuesday,130,REAR END(VEHICLES IN SAME LANE),1,592005,T intersection,3,50,Local Road,MELVILLE,GEELONG,-38.1495,144.3285,2019,4,April,10,Midday,Weekday
T20190006234,2019-04-02,16:58:00,1,Collision with vehicle,2,Tuesday,120,HEAD ON (NOT OVERTAKING),1,345405,Not at intersection,2,80,Arterial Other,BALLARTO,FRANKSTON,-38.12054,145.2211,2019,4,April,16,Afternoon Peak,Weekday
T20190006356,2019-04-02,14:50:00,4,Collision with a fixed object,2,Tuesday,173,RIGHT OFF CARRIAGEWAY INTO OBJECT/PARKED VEHICLE,1,360227,Not at intersection,3,100,Freeway,PRINCES,GEELONG,-38.01717,144.45976,2019,4,April,14,Midday,Weekday
T20190006190,2019-04-02,10:30:00,1,Collision with vehicle,2,Tuesday,135,LANE CHANGE LEFT (NOT OVERTAKING),1,345101,Not at intersection,3,100,Freeway,MONASH,STONNINGTON,-37.87367,145.06589,2019,4,April,10,Midday,Weekday
T20190006233,2019-04-02,18:27:00,1,Collision with vehicle,2,Tuesday,113,RIGHT NEAR (INTERSECTIONS ONLY),2,280243,Multiple intersection,2,80,Freeway,PENINSULA LINK IN-FRANKSTON-DANDENONG,FRANKSTON,-38.10943,145.1613,2019,4,April,18,Afternoon Peak,Weekday
T20190006192,2019-04-02,07:05:00,1,Collision with vehicle,2,Tuesday,121,RIGHT THROUGH,2,344123,Not at intersection,2,80,Arterial Highway,STUD,KNOX,-37.90088,145.23395,2019,4,April,7,Morning Peak,Weekday
T20190006235,2019-04-02,16:49:00,2,Struck Pedestrian,2,Tuesday,100,PED NEAR SIDE. PED HIT BY VEHICLE FROM THE RIGHT.,1,921,Cross intersection,2,80,Arterial Highway,FRANKSTON-DANDENONG,FRANKSTON,-38.112686,145.1575,2019,4,April,16,Afternoon Peak,Weekday
T20190006195,2019-04-02,09:05:00,1,Collision with vehicle,2,Tuesday,130,REAR END(VEHICLES IN SAME LANE),1,360225,Not at intersection,3,50,Arterial Other,BALCOMBE,KINGSTON,-37.98068,145.06,2019,4,April,9,Morning Peak,Weekday
T20190006197,2019-04-02,07:55:00,1,Collision with vehicle,2,Tuesday,132,RIGHT REAR.,1,61931,T intersection,2,100,Local Road,LEAKES,MELTON,-37.697617,144.65843,2019,4,April,7,Morning Peak,Weekday
T20190006198,2019-04-02,12:00:00,2,Struck Pedestrian,2,Tuesday,102,FAR SIDE. PED HIT BY VEHICLE FROM THE LEFT,1,344963,T intersection,2,60,Arterial Highway,SPRINGVALE,DANDENONG,-37.95434,145.15189,2019,4,April,12,Midday,Weekday
T20190006236,2019-04-02,16:30:00,1,Collision with vehicle,2,Tuesday,110,CROSS TRAFFIC(INTERSECTIONS ONLY),1,45583,Cross intersection,3,60,Arterial Other,GRANTHAM,MORELAND,-37.772835,144.94933,2019,4,April,16,Afternoon Peak,Weekday
T20190006237,2019-04-02,18:25:00,2,Struck Pedestrian,2,Tuesday,102,FAR SIDE. PED HIT BY VEHICLE FROM THE LEFT,1,848,T intersection,3,40,Arterial Other,SYDNEY,MORELAND,-37.72229,144.96344,2019,4,April,18,Afternoon Peak,Weekday
T20190006239,2019-04-02,14:31:00,1,Collision with vehicle,2,Tuesday,133,LANE SIDE SWIPE (VEHICLES IN PARALLEL LANES),1,46751,T intersection,2,60,Arterial Other,ANDERSON,BRIMBANK,-37.786064,144.82722,2019,4,April,14,Midday,Weekday
T20190006269,2019-04-02,13:15:00,1,Collision with vehicle,2,Tuesday,121,RIGHT THROUGH,1,232202,T intersection,2,60,Local Road,ORRONG,GLEN EIRA,-37.87623,145.00752,2019,4,April,13,Midday,Weekday
T20190006244,2019-04-02,18:15:00,8,No collision and no object struck,2,Tuesday,182,OFF CARRIAGEWAY ON LEFT BEND,1,360437,Not at intersection,2,100,Local Road,MT BRIDE,YARRA RANGES,-37.82364,145.73857,2019,4,April,18,Afternoon Peak,Weekday
T20190006246,2019-04-02,15:38:00,2,Struck Pedestrian,2,Tuesday,100,PED NEAR SIDE. PED HIT BY VEHICLE FROM THE RIGHT.,1,38165,Cross intersection,3,50,Arterial Other,LOWER HEIDELBERG,BANYULE,-37.771793,145.04674,2019,4,April,15,Afternoon Peak,Weekday
T20190006893,2019-04-02,07:45:00,1,Collision with vehicle,2,Tuesday,133,LANE SIDE SWIPE (VEHICLES IN PARALLEL LANES),1,359207,Not at intersection,3,100,Freeway,EASTLINK IN-MONASH IN,DANDENONG,-37.94396,145.20215,2019,4,April,7,Morning Peak,Weekday
T20190006202,2019-04-02,06:20:00,1,Collision with vehicle,2,Tuesday,130,REAR END(VEHICLES IN SAME LANE),5,360226,Not at intersection,2,80,Arterial Highway,SOUTH GIPPSLAND,DANDENONG,-38.00627,145.2281,2019,4,April,6,Morning Peak,Weekday
T20190006214,2019-04-02,15:25:00,1,Collision with vehicle,2,Tuesday,160,VEHICLE COLLIDES WITH VEHICLE PARKED ON LEFT OF ROAD,1,344042,Not at intersection,3,50,Local Road,INGLIS,WELLINGTON,-38.10907,147.09076,2019,4,April,15,Afternoon Peak,Weekday
T20190006206,2019-04-02,12:09:00,1,Collision with vehicle,2,Tuesday,137,LEFT TURN SIDESWIPE,1,12930,Cross intersection,3,60,Arterial Highway,GLEN EIRA,PORT PHILLIP,-37.87625,144.99237,2019,4,April,12,Midday,Weekday
T20190006174,2019-04-02,07:20:00,1,Collision with vehicle,2,Tuesday,130,REAR END(VEHICLES IN SAME LANE),2,343913,Not at intersection,3,80,Arterial Highway,DANDENONG,DANDENONG,-37.995773,145.15858,2019,4,April,7,Morning Peak,Weekday
T20190006287,2019-04-02,18:11:00,1,Collision with vehicle,2,Tuesday,147,VEHICLE STRIKES ANOTHER VEH WHILE EMERGING FROM DRIVEWAY,2,343886,Not at intersection,2,80,Arterial Other,NEW DOOKIE,SHEPPARTON,-36.364708,145.44934,2019,4,April,18,Afternoon Peak,Weekday
T20190006179,2019-04-02,07:04:00,1,Collision with vehicle,2,Tuesday,116,LEFT NEAR (INTERSECTIONS ONLY),3,37740,T intersection,2,60,Arterial Other,ALEXANDRA,STONNINGTON,-37.83532,145.00574,2019,4,April,7,Morning Peak,Weekday
T20190006264,2019-04-03,06:55:00,1,Collision with vehicle,3,Wednesday,121,RIGHT THROUGH,2,40894,Cross intersection,2,80,Arterial Other,MOUNTAIN,KNOX,-37.84803,145.22874,2019,4,April,6,Morning Peak,Weekday
T20190006266,2019-04-03,08:25:00,1,Collision with vehicle,3,Wednesday,121,RIGHT THROUGH,1,35321,Cross intersection,2,50,Local Road,DRUMMOND,MELBOURNE,-37.798836,144.96877,2019,4,April,8,Morning Peak,Weekday
T20190006270,2019-04-03,07:00:00,1,Collision with vehicle,3,Wednesday,110,CROSS TRAFFIC(INTERSECTIONS ONLY),2,51546,Cross intersection,3,60,Local Road,BOBS,BENDIGO,-36.740215,144.29985,2019,4,April,7,Morning Peak,Weekday
T20190006271,2019-04-03,07:10:00,3,Struck animal,3,Wednesday,167,STRUCK ANIMAL,1,343898,Not at intersection,2,80,Local Road,SPLIT ROCK,CARDINIA,-38.001793,145.43607,2019,4,April,7,Morning Peak,Weekday
T20190006273,2019-04-03,08:40:00,1,Collision with vehicle,3,Wednesday,114,TWO RIGHT TURNING (INTERSECTIONS ONLY),1,36108,Multiple intersection,2,40,Local Road,COURTNEY,MELBOURNE,-37.798916,144.95036,2019,4,April,8,Morning Peak,Weekday
T20190006277,2019-04-03,08:45:00,1,Collision with vehicle,3,Wednesday,130,REAR END(VEHICLES IN SAME LANE),1,343892,Not at intersection,2,60,Arterial Other,THOMPSONS,CASEY,-38.085384,145.30223,2019,4,April,8,Morning Peak,Weekday
T20190006290,2019-04-03,12:00:00,1,Collision with vehicle,3,Wednesday,130,REAR END(VEHICLES IN SAME LANE),1,343884,Not at intersection,3,100,Freeway,WESTERN,MELTON,-37.75905,144.73732,2019,4,April,12,Midday,Weekday
T20190006295,2019-04-03,13:00:00,1,Collision with vehicle,3,Wednesday,130,REAR END(VEHICLES IN SAME LANE),1,343882,Not at intersection,3,50,Local Road,MAIN,CARDINIA,-38.07682,145.48091,2019,4,April,13,Midday,Weekday
T20190006320,2019-04-03,16:40:00,4,Collision with a fixed object,3,Wednesday,171,LEFT OFF CARRIAGEWAY INTO OBJECT/PARKED VEHICLE,1,38161,Cross intersection,3,50,Local Road,LOCKSLEY,BANYULE,-37.768852,145.04868,2019,4,April,16,Afternoon Peak,Weekday
T20190006319,2019-04-03,17:10:00,8,No collision and no object struck,3,Wednesday,172,OFF CARRIAGEWAY TO RIGHT,1,345623,Not at intersection,2,50,Local Road,MOSSGIEL PARK,CASEY,-37.97383,145.25864,2019,4,April,17,Afternoon Peak,Weekday
T20190006296,2019-04-03,13:46:00,1,Collision with vehicle,3,Wednesday,140,U TURN,1,35761,Cross intersection,2,60,Arterial Highway,ALBERT,DAREBIN,-37.72549,145.02321,2019,4,April,13,Midday,Weekday
T20190006297,2019-04-03,06:50:00,8,No collision and no object struck,3,Wednesday,174,OUT OF CONTROL ON CARRIAGEWAY (ON STRAIGHT),2,344470,Not at intersection,2,40,Arterial Other,SWAN,YARRA,-37.825665,144.99773,2019,4,April,6,Morning Peak,Weekday
T20190006298,2019-04-03,13:00:00,1,Collision with vehicle,3,Wednesday,135,LANE CHANGE LEFT (NOT OVERTAKING),1,343914,Not at intersection,3,100,Arterial Highway,GOULBURN VALLEY,MITCHELL,-36.99617,145.14388,2019,4,April,13,Midday,Weekday
T20190006299,2019-04-03,13:40:00,4,Collision with a fixed object,3,Wednesday,171,LEFT OFF CARRIAGEWAY INTO OBJECT/PARKED VEHICLE,1,42288,T intersection,2,60,Arterial Other,CENTRE,GLEN EIRA,-37.922916,145.07309,2019,4,April,13,Midday,Weekday
T20190006300,2019-04-03,13:00:00,6,Vehicle overturned (no collision),3,Wednesday,180,OFF CARRIAGEWAY ON RIGHT BEND,1,343940,Not at intersection,3,60,Arterial Other,CORIO QUAY,GEELONG,-38.10393,144.36288,2019,4,April,13,Midday,Weekday
T20190006303,2019-04-03,14:00:00,1,Collision with vehicle,3,Wednesday,132,RIGHT REAR.,1,344194,Not at intersection,2,80,Arterial Highway,WARBURTON,YARRA RANGES,-37.786793,145.54707,2019,4,April,14,Midday,Weekday
T20190006304,2019-04-03,15:10:00,1,Collision with vehicle,3,Wednesday,121,RIGHT THROUGH,1,49177,Cross intersection,3,60,Local Road,MACALISTER,WELLINGTON,-38.10956,147.06117,2019,4,April,15,Afternoon Peak,Weekday
T20190006306,2019-04-03,15:00:00,1,Collision with vehicle,3,Wednesday,130,REAR END(VEHICLES IN SAME LANE),1,360332,Not at intersection,3,90,Freeway,WESTERN,MELTON,-37.72915,144.66081,2019,4,April,15,Afternoon Peak,Weekday
T20190006307,2019-04-03,15:01:00,1,Collision with vehicle,3,Wednesday,110,CROSS TRAFFIC(INTERSECTIONS ONLY),1,45524,Cross intersection,2,80,Arterial Other,DERRIMUT ROAD -HOPKINS,MELTON,-37.80502,144.69594,2019,4,April,15,Afternoon Peak,Weekday
T20190006308,2019-04-03,14:15:00,4,Collision with a fixed object,3,Wednesday,173,RIGHT OFF CARRIAGEWAY INTO OBJECT/PARKED VEHICLE,1,343989,Cross intersection,3,60,Freeway,PRINCES-GEELONG RING OUT,GEELONG,-38.20404,144.3024,2019,4,April,14,Midday,Weekday
T20190006309,2019-04-03,17:00:00,1,Collision with vehicle,3,Wednesday,140,U TURN,1,660096,Not at intersection,2,50,Local Road,EAST INDIA,WHITEHORSE,-37.82435,145.17593,2019,4,April,17,Afternoon Peak,Weekday
T20190006312,2019-04-03,16:00:00,7,Fall from or in moving vehicle,3,Wednesday,190,FELL IN/FROM VEHICLE,1,48012,T intersection,3,60,Local Road,LYGON,MELBOURNE,-37.78572,144.9695,2019,4,April,16,Afternoon Peak,Weekday
T20190006313,2019-04-03,17:30:00,1,Collision with vehicle,3,Wednesday,116,LEFT NEAR (INTERSECTIONS ONLY),2,40477,Cross intersection,3,50,Local Road,ALBION,BOROONDARA,-37.866325,145.06786,2019,4,April,17,Afternoon Peak,Weekday
T20190006317,2019-04-03,17:35:00,1,Collision with vehicle,3,Wednesday,130,REAR END(VEHICLES IN SAME LANE),1,228456,Cross intersection,2,60,Arterial Highway,FOOTSCRAY,MELBOURNE,-37.80747,144.91637,2019,4,April,17,Afternoon Peak,Weekday
T20190006314,2019-04-03,16:00:00,1,Collision with vehicle,3,Wednesday,136,RIGHT TURN SIDESWIPE,1,46146,T intersection,2,70,Arterial Other,AMBERLY PARK,CASEY,-38.04576,145.29478,2019,4,April,16,Afternoon Peak,Weekday
T20210022039,2019-04-03,20:15:00,1,Collision with vehicle,3,Wednesday,110,CROSS TRAFFIC(INTERSECTIONS ONLY),3,72036,Cross intersection,3,50,Local Road,HEARNE,GEELONG,-38.147984,144.37454,2019,4,April,20,Night,Weekday
T20190006840,2019-04-03,07:10:00,1,Collision with vehicle,3,Wednesday,137,LEFT TURN SIDESWIPE,1,346199,Not at intersection,3,70,Arterial Highway,SPRINGVALE,WHITEHORSE,-37.81874,145.17601,2019,4,April,7,Morning Peak,Weekday
T20200014823,2019-04-03,17:30:00,1,Collision with vehicle,3,Wednesday,130,REAR END(VEHICLES IN SAME LANE),9,72024,T intersection,3,50,Local Road,CLARE,GEELONG,-38.146893,144.3595,2019,4,April,17,Afternoon Peak,Weekday
T20190006691,2019-04-03,18:15:00,1,Collision with vehicle,3,Wednesday,136,RIGHT TURN SIDESWIPE,1,345159,Not at intersection,3,50,Local Road,LAKEWOOD,FRANKSTON,-38.093678,145.15663,2019,4,April,18,Afternoon Peak,Weekday
T20190006665,2019-04-03,15:35:00,1,Collision with vehicle,3,Wednesday,148,VEHICLE OFF FOOTPATH STRIKES VEH ON CARRIAGEWAY,1,36428,T intersection,2,60,Arterial Other,NICHOLSON,MELBOURNE,-37.796368,144.97514,2019,4,April,15,Afternoon Peak,Weekday
T20190006332,2019-04-03,21:30:00,4,Collision with a fixed object,3,Wednesday,183,OFF LEFT BEND INTO OBJECT/PARKED VEHICLE,5,345271,Not at intersection,2,100,Local Road,ANDERSONS,SOUTH GIPPSLAND,-38.48235,145.87936,2019,4,April,21,Night,Weekday
T20190006327,2019-04-03,15:30:00,2,Struck Pedestrian,3,Wednesday,100,PED NEAR SIDE. PED HIT BY VEHICLE FROM THE RIGHT.,1,19413,Cross intersection,3,60,Arterial Other,HOLDSWORTH,BENDIGO,-36.731365,144.29189,2019,4,April,15,Afternoon Peak,Weekday
T20190006326,2019-04-03,16:08:00,1,Collision with vehicle,3,Wednesday,110,CROSS TRAFFIC(INTERSECTIONS ONLY),1,38885,Cross intersection,3,60,Arterial Other,DENMARK STREET -POWER,BOROONDARA,-37.81365,145.02788,2019,4,April,16,Afternoon Peak,Weekday
T20190006324,2019-04-03,17:51:00,1,Collision with vehicle,3,Wednesday,113,RIGHT NEAR (INTERSECTIONS ONLY),1,343864,T intersection,1,60,Local Road,MONT ALBERT,BOROONDARA,-37.820736,145.10059,2019,4,April,17,Afternoon Peak,Weekday
T20190006323,2019-04-03,17:10:00,1,Collision with vehicle,3,Wednesday,113,RIGHT NEAR (INTERSECTIONS ONLY),1,344151,T intersection,2,60,Local Road,FURLONG,BRIMBANK,-37.762245,144.82779,2019,4,April,17,Afternoon Peak,Weekday
T20190006322,2019-04-03,19:42:00,1,Collision with vehicle,3,Wednesday,116,LEFT NEAR (INTERSECTIONS ONLY),3,63451,T intersection,3,60,Arterial Other,BUCKLEY,MOONEE VALLEY,-37.75356,144.88612,2019,4,April,19,Night,Weekday
T20190006263,2019-04-03,06:00:00,3,Struck animal,3,Wednesday,167,STRUCK ANIMAL,5,343946,Not at intersection,2,100,Arterial Other,MAIN,MACEDON RANGES,-37.46703,144.66113,2019,4,April,6,Morning Peak,Weekday
T20190007386,2019-04-04,20:55:00,1,Collision with vehicle,4,Thursday,147,VEHICLE STRIKES ANOTHER VEH WHILE EMERGING FROM DRIVEWAY,3,360346,Not at intersection,3,60,Local Road,ST ALBANS,BRIMBANK,-37.74454,144.8019,2019,4,April,20,Night,Weekday