ACCIDENT_NO,ACCIDENT_DATE,ACCIDENT_TIME,ACCIDENT_TYPE,ACCIDENT_TYPE_DESC,DAY_OF_WEEK,DAY_WEEK_DESC,DCA_CODE,DCA_DESC,LIGHT_CONDITION,NODE_ID,ROAD_GEOMETRY_DESC,SEVERITY,SPEED_ZONE,RMA,ROAD_NAME,LGA_NAME,LATITUDE,LONGITUDE,YEAR,MONTH,MONTH_NAME,HOUR,TIME_PERIOD,DAY_TYPE
T20190006381,2019-04-04,15:40:00,6,Vehicle overturned (no collision),4,Thursday,180,OFF CARRIAGEWAY ON RIGHT BEND,1,343934,Not at intersection,2,100,Arterial Highway,GREAT ALPINE,WANGARATTA,-36.48719,146.65862,2019,4,April,15,Afternoon Peak,Weekday
T20190006420,2019-04-04,18:14:00,1,Collision with vehicle,4,Thursday,113,RIGHT NEAR (INTERSECTIONS ONLY),1,344553,T intersection,2,80,Local Road,MCCLELLAND,GEELONG,-38.02485,144.41519,2019,4,April,18,Afternoon Peak,Weekday
T20190006377,2019-04-04,16:15:00,1,Collision with vehicle,4,Thursday,120,HEAD ON (NOT OVERTAKING),1,360345,Not at intersection,2,60,Arterial Highway,QUEENS,PORT PHILLIP,-37.84114,144.97495,2019,4,April,16,Afternoon Peak,Weekday
T20190020675,2019-04-04,17:20:00,1,Collision with vehicle,4,Thursday,163,VEHICLE STRIKES DOOR OF PARKED/STATIONARY VEHICLE,1,45419,T intersection,2,60,Arterial Other,PASCOE VALE,MOONEE VALLEY,-37.763542,144.92554,2019,4,April,17,Afternoon Peak,Weekday
T20190006409,2019-04-04,11:12:00,1,Collision with vehicle,4,Thursday,113,RIGHT NEAR (INTERSECTIONS ONLY),1,49822,Cross intersection,2,60,Local Road,BACKWELL,GEELONG,-38.124317,144.3505,2019,4,April,11,Midday,Weekday
T20190006376,2019-04-04,14:23:00,1,Collision with vehicle,4,Thursday,116,LEFT NEAR (INTERSECTIONS ONLY),1,344268,Cross intersection,2,60,Freeway,GRANGE,YARRA,-37.82999,145.01276,2019,4,April,14,Midday,Weekday
T20190007097,2019-04-04,10:40:00,1,Collision with vehicle,4,Thursday,130,REAR END(VEHICLES IN SAME LANE),1,592249,T intersection,3,50,Arterial Other,SHANNON,GEELONG,-38.143562,144.33578,2019,4,April,10,Midday,Weekday
T20190006371,2019-04-04,16:35:00,1,Collision with vehicle,4,Thursday,131,LEFT REAR,1,37892,T intersection,3,60,Arterial Highway,BELL,DAREBIN,-37.744434,144.99625,2019,4,April,16,Afternoon Peak,Weekday
T20190006370,2019-04-04,15:00:00,1,Collision with vehicle,4,Thursday,121,RIGHT THROUGH,1,83,Cross intersection,2,50,Arterial Other,ELIZABETH,MELBOURNE,-37.80404,144.95847,2019,4,April,15,Afternoon Peak,Weekday
T20190006390,2019-04-04,18:35:00,1,Collision with vehicle,4,Thursday,130,REAR END(VEHICLES IN SAME LANE),1,38848,T intersection,2,60,Local Road,PALINGA,BANYULE,-37.69541,145.1271,2019,4,April,18,Afternoon Peak,Weekday
T20190006389,2019-04-04,16:05:00,1,Collision with vehicle,4,Thursday,130,REAR END(VEHICLES IN SAME LANE),1,343928,Not at intersection,2,80,Arterial Highway,WELLINGTON,MONASH,-37.923447,145.19806,2019,4,April,16,Afternoon Peak,Weekday
T20190006384,2019-04-04,17:40:00,1,Collision with vehicle,4,Thursday,130,REAR END(VEHICLES IN SAME LANE),1,360344,Not at intersection,2,80,Arterial Highway,BELLARINE,GEELONG,-38.17906,144.42288,2019,4,April,17,Afternoon Peak,Weekday
T20190006344,2019-04-04,07:00:00,1,Collision with vehicle,4,Thursday,130,REAR END(VEHICLES IN SAME LANE),3,344175,Not at intersection,3,100,Freeway,CALDER,BRIMBANK,-37.69704,144.80466,2019,4,April,7,Morning Peak,Weekday
T20190006934,2019-04-04,16:20:00,1,Collision with vehicle,4,Thursday,130,REAR END(VEHICLES IN SAME LANE),1,344344,Not at intersection,3,50,Arterial Other,GLENFERN,KNOX,-37.89611,145.29391,2019,4,April,16,Afternoon Peak,Weekday
T20190006383,2019-04-04,08:15:00,1,Collision with vehicle,4,Thursday,133,LANE SIDE SWIPE (VEHICLES IN PARALLEL LANES),1,36500,Cross intersection,3,40,Arterial Other,JOHNSTON,YARRA,-37.79834,144.97847,2019,4,April,8,Morning Peak,Weekday
T20190006363,2019-04-04,09:01:00,2,Struck Pedestrian,4,Thursday,102,FAR SIDE. PED HIT BY VEHICLE FROM THE LEFT,1,344656,T intersection,3,50,Local Road,GROOM,YARRA,-37.793457,144.99815,2019,4,April,9,Morning Peak,Weekday
T20190006382,2019-04-04,15:05:00,1,Collision with vehicle,4,Thursday,113,RIGHT NEAR (INTERSECTIONS ONLY),1,360343,T intersection,3,60,Local Road,BRUSHY PARK,MANNINGHAM,-37.761005,145.28987,2019,4,April,15,Afternoon Peak,Weekday
T20190006339,2019-04-04,09:20:00,1,Collision with vehicle,4,Thursday,110,CROSS TRAFFIC(INTERSECTIONS ONLY),1,36267,Cross intersection,3,40,Local Road,ELIZABETH,MELBOURNE,-37.80818,144.96037,2019,4,April,9,Morning Peak,Weekday
T20190006401,2019-04-04,23:40:00,6,Vehicle overturned (no collision),4,Thursday,170,OFF CARRIAGEWAY TO LEFT,5,610716,Not at intersection,2,60,Local Road,DUFFIELDS,SURF COAST,-38.3325,144.30339,2019,4,April,23,Night,Weekday
T20190006336,2019-04-04,08:35:00,1,Collision with vehicle,4,Thursday,130,REAR END(VEHICLES IN SAME LANE),1,344261,Not at intersection,3,70,Arterial Other,YAN YEAN,NILLUMBIK,-37.63637,145.13281,2019,4,April,8,Morning Peak,Weekday
T20190006398,2019-04-04,20:30:00,4,Collision with a fixed object,4,Thursday,171,LEFT OFF CARRIAGEWAY INTO OBJECT/PARKED VEHICLE,5,343924,Not at intersection,2,40,Arterial Other,CRAIGIEBURN,WHITTLESEA,-37.605896,145.00438,2019,4,April,20,Night,Weekday
T20190006361,2019-04-04,14:25:00,1,Collision with vehicle,4,Thursday,135,LANE CHANGE LEFT (NOT OVERTAKING),1,40594,T intersection,3,60,Arterial Other,KEILOR,MOONEE VALLEY,-37.736027,144.88907,2019,4,April,14,Midday,Weekday
T20190006397,2019-04-04,20:50:00,2,Struck Pedestrian,4,Thursday,102,FAR SIDE. PED HIT BY VEHICLE FROM THE LEFT,1,345451,Not at intersection,2,80,Arterial Other,PASCOE VALE,HUME,-37.66059,144.92502,2019,4,April,20,Night,Weekday
T20190006394,2019-04-04,15:27:00,2,Struck Pedestrian,4,Thursday,100,PED NEAR SIDE. PED HIT BY VEHICLE FROM THE RIGHT.,1,36628,T intersection,2,40,Local Road,OTTER,YARRA,-37.80102,144.98703,2019,4,April,15,Afternoon Peak,Weekday
T20190006391,2019-04-04,16:15:00,1,Collision with vehicle,4,Thursday,148,VEHICLE OFF FOOTPATH STRIKES VEH ON CARRIAGEWAY,1,343974,Cross intersection,3,60,Local Road,MCGRATH,WYNDHAM,-37.8856,144.6318,2019,4,April,16,Afternoon Peak,Weekday
T20190006443,2019-04-04,18:30:00,1,Collision with vehicle,4,Thursday,110,CROSS TRAFFIC(INTERSECTIONS ONLY),1,36071,Cross intersection,2,100,Arterial Other,DONNYBROOK,WHITTLESEA,-37.549088,145.03061,2019,4,April,18,Afternoon Peak,Weekday
T20190007022,2019-04-04,18:40:00,3,Struck animal,4,Thursday,167,STRUCK ANIMAL,2,344166,Not at intersection,3,80,Local Road,CAHILLS,BENDIGO,-36.84202,144.27977,2019,4,April,18,Afternoon Peak,Weekday
T20190006358,2019-04-04,13:38:00,1,Collision with vehicle,4,Thursday,121,RIGHT THROUGH,1,343963,Not at intersection,2,50,Local Road,TURNER,MELBOURNE,-37.824036,144.93288,2019,4,April,13,Midday,Weekday
T20190006357,2019-04-04,12:05:00,4,Collision with a fixed object,4,Thursday,181,OFF RIGHT BEND INTO OBJECT/PARKED VEHICLE,1,345790,Not at intersection,2,80,Arterial Other,SKENES CREEK,COLAC OTWAY,-38.7016,143.71083,2019,4,April,12,Midday,Weekday
T20190006354,2019-04-04,08:50:00,1,Collision with vehicle,4,Thursday,130,REAR END(VEHICLES IN SAME LANE),1,39932,Cross intersection,3,60,Arterial Other,KOROROIT CREEK,HOBSONS BAY,-37.85008,144.84505,2019,4,April,8,Morning Peak,Weekday
T20190006349,2019-04-04,12:56:00,1,Collision with vehicle,4,Thursday,130,REAR END(VEHICLES IN SAME LANE),1,53011,Cross intersection,3,60,Arterial Highway,ALBERT,BALLARAT,-37.598743,143.84117,2019,4,April,12,Midday,Weekday
T20190006348,2019-04-04,08:44:00,1,Collision with vehicle,4,Thursday,120,HEAD ON (NOT OVERTAKING),1,35515,Multiple intersection,2,60,Freeway,CALDER OUT-KEILOR,MOONEE VALLEY,-37.733955,144.88316,2019,4,April,8,Morning Peak,Weekday
T20190006347,2019-04-04,10:40:00,2,Struck Pedestrian,4,Thursday,100,PED NEAR SIDE. PED HIT BY VEHICLE FROM THE RIGHT.,1,343922,Not at intersection,3,40,Local Road,ALFRIEDA,BRIMBANK,-37.74314,144.80074,2019,4,April,10,Midday,Weekday
T20190006346,2019-04-04,08:15:00,3,Struck animal,4,Thursday,167,STRUCK ANIMAL,1,343908,Not at intersection,2,100,Local Road,BARINGHUP,MOUNT ALEXANDER,-36.980366,143.98254,2019,4,April,8,Morning Peak,Weekday
T20190006345,2019-04-04,10:11:00,2,Struck Pedestrian,4,Thursday,102,FAR SIDE. PED HIT BY VEHICLE FROM THE LEFT,1,35942,Cross intersection,2,50,Arterial Other,MORELAND,MORELAND,-37.75568,144.96599,2019,4,April,10,Midday,Weekday
T20190006365,2019-04-04,11:45:00,1,Collision with vehicle,4,Thursday,160,VEHICLE COLLIDES WITH VEHICLE PARKED ON LEFT OF ROAD,1,593536,Not at intersection,2,60,Local Road,RUBICON,BALLARAT,-37.58104,143.83012,2019,4,April,11,Midday,Weekday
T20190006333,2019-04-04,05:22:00,1,Collision with vehicle,4,Thursday,120,HEAD ON (NOT OVERTAKING),3,343889,Not at intersection,1,90,Arterial Highway,WARBURTON,YARRA RANGES,-37.77546,145.49303,2019,4,April,5,Morning Peak,Weekday
T20190006434,2019-04-05,10:51:00,4,Collision with a fixed object,5,Friday,171,LEFT OFF CARRIAGEWAY INTO OBJECT/PARKED VEHICLE,1,344617,Not at intersection,2,100,Local Road,POLLOCKSFORD,SURF COAST,-38.16438,144.16135,2019,4,April,10,Midday,Weekday
T20190006486,2019-04-05,20:35:00,1,Collision with vehicle,5,Friday,135,LANE CHANGE LEFT (NOT OVERTAKING),3,29373,Cross intersection,3,60,Arterial Other,DRYBURGH,MELBOURNE,-37.8003,144.94398,2019,4,April,20,Night,Weekday
T20190006423,2019-04-05,08:50:00,4,Collision with a fixed object,5,Friday,183,OFF LEFT BEND INTO OBJECT/PARKED VEHICLE,1,360371,Not at intersection,2,80,Arterial Other,GEMBROOK,CARDINIA,-37.971,145.54701,2019,4,April,8,Morning Peak,Weekday
T20190007660,2019-04-05,00:15:00,4,Collision with a fixed object,5,Friday,175,OFF END OF ROAD/T-INTERSECTION.,5,659033,T intersection,2,80,Arterial Other,BARKLY,INDIGO,-36.043713,146.44534,2019,4,April,0,Late Night,Weekday
T20190006436,2019-04-05,10:10:00,1,Collision with vehicle,5,Friday,121,RIGHT THROUGH,1,49096,Cross intersection,2,60,Arterial Other,HEIDELBERG-WARRANDYTE,MANNINGHAM,-37.746613,145.20656,2019,4,April,10,Midday,Weekday
T20190006765,2019-04-05,16:45:00,1,Collision with vehicle,5,Friday,121,RIGHT THROUGH,1,135515,Not at intersection,3,60,Arterial Other,HUNTINGDALE,MONASH,-37.85754,145.11365,2019,4,April,16,Afternoon Peak,Weekday
T20190011453,2019-04-05,10:30:00,1,Collision with vehicle,5,Friday,130,REAR END(VEHICLES IN SAME LANE),1,231516,T intersection,2,80,Arterial Highway,LOWER DANDENONG,KINGSTON,-37.982594,145.07411,2019,4,April,10,Midday,Weekday
T20190006518,2019-04-05,17:54:00,4,Collision with a fixed object,5,Friday,171,LEFT OFF CARRIAGEWAY INTO OBJECT/PARKED VEHICLE,1,344156,Not at intersection,3,60,Local Road,STOCKTON,HORSHAM,-36.7259,142.21729,2019,4,April,17,Afternoon Peak,Weekday
T20190006503,2019-04-05,16:45:00,7,Fall from or in moving vehicle,5,Friday,190,FELL IN/FROM VEHICLE,1,660634,Not at intersection,3,100,Local Road,LAZARINI SPUR,MANSFIELD,-37.467052,146.25453,2019,4,April,16,Afternoon Peak,Weekday
T20190006487,2019-04-05,22:35:00,1,Collision with vehicle,5,Friday,120,HEAD ON (NOT OVERTAKING),5,344754,Not at intersection,2,100,Arterial Other,NAR NAR GOON-LONGWARRY,CARDINIA,-38.0892,145.66504,2019,4,April,22,Night,Weekday
T20190006429,2019-04-05,09:10:00,1,Collision with vehicle,5,Friday,179,OTHER ACCIDENTS-OFF STRAIGHT NOT INCLUDED IN DCAs 170-175,1,343953,Not at intersection,3,50,Local Road,SEXTON,MOONEE VALLEY,-37.71519,144.8821,2019,4,April,9,Morning Peak,Weekday
T20190006427,2019-04-05,08:47:00,1,Collision with vehicle,5,Friday,162,ACCIDENT OR BROKEN DOWN,1,343991,Not at intersection,2,100,Freeway,METROPOLITAN RING,WHITTLESEA,-37.686157,145.06277,2019,4,April,8,Morning Peak,Weekday
T20190006426,2019-04-05,09:50:00,5,collision with some other object,5,Friday,181,OFF RIGHT BEND INTO OBJECT/PARKED VEHICLE,1,346214,Not at intersection,2,50,Local Road,WOODSIDE,KNOX,-37.923588,145.26189,2019,4,April,9,Morning Peak,Weekday
T20190006439,2019-04-05,12:44:00,4,Collision with a fixed object,5,Friday,173,RIGHT OFF CARRIAGEWAY INTO OBJECT/PARKED VEHICLE,1,344216,T intersection,2,80,Arterial Other,MAHONEYS,WHITTLESEA,-37.691807,144.9817,2019,4,April,12,Midday,Weekday
T20190006440,2019-04-05,10:19:00,1,Collision with vehicle,5,Friday,130,REAR END(VEHICLES IN SAME LANE),1,357692,Not at intersection,2,100,Freeway,PRINCES,WYNDHAM,-37.97274,144.5511,2019,4,April,10,Midday,Weekday
T20190006442,2019-04-05,10:30:00,1,Collision with vehicle,5,Friday,163,VEHICLE STRIKES DOOR OF PARKED/STATIONARY VEHICLE,1,344466,Not at intersection,3,40,Local Road,COLLINS,MELBOURNE,-37.817574,144.95937,2019,4,April,10,Midday,Weekday
T20190006445,2019-04-05,09:30:00,1,Collision with vehicle,5,Friday,130,REAR END(VEHICLES IN SAME LANE),1,360372,Not at intersection,2,80,Freeway,PASCOE VALE-WESTERN RING IN,MORELAND,-37.69424,144.91249,2019,4,April,9,Morning Peak,Weekday
T20190006458,2019-04-05,14:50:00,1,Collision with vehicle,5,Friday,130,REAR END(VEHICLES IN SAME LANE),1,344908,Not at intersection,3,80,Arterial Highway,PRINCES,GEELONG,-38.066826,144.37918,2019,4,April,14,Midday,Weekday
T20190006465,2019-04-05,16:48:00,1,Collision with vehicle,5,Friday,120,HEAD ON (NOT OVERTAKING),1,344172,Not at intersection,2,50,Local Road,ALISON,MONASH,-37.887493,145.12373,2019,4,April,16,Afternoon Peak,Weekday
T20190006411,2019-04-05,06:23:00,1,Collision with vehicle,5,Friday,113,RIGHT NEAR (INTERSECTIONS ONLY),5,29783,T intersection,3,50,Arterial Other,HIGH,DAREBIN,-37.70884,145.00894,2019,4,April,6,Morning Peak,Weekday
T20190006404,2019-04-05,04:27:00,4,Collision with a fixed object,5,Friday,171,LEFT OFF CARRIAGEWAY INTO OBJECT/PARKED VEHICLE,3,343937,Not at intersection,3,80,Arterial Other,SOMERTON,HUME,-37.633896,144.87415,2019,4,April,4,Late Night,Weekday
T20200017710,2019-04-05,08:55:00,1,Collision with vehicle,5,Friday,130,REAR END(VEHICLES IN SAME LANE),1,41890,Cross intersection,3,60,Arterial Other,FERNTREE GULLY,KNOX,-37.896442,145.24712,2019,4,April,8,Morning Peak,Weekday
T20190006466,2019-04-05,15:12:00,1,Collision with vehicle,5,Friday,130,REAR END(VEHICLES IN SAME LANE),1,343965,Not at intersection,2,80,Freeway,WEST GATE,HOBSONS BAY,-37.825375,144.838,2019,4,April,15,Afternoon Peak,Weekday
T20190006467,2019-04-05,18:00:00,2,Struck Pedestrian,5,Friday,100,PED NEAR SIDE. PED HIT BY VEHICLE FROM THE RIGHT.,1,225391,Cross intersection,2,50,Local Road,FELLOWS,QUEENSCLIFFE,-38.272488,144.6137,2019,4,April,18,Afternoon Peak,Weekday
T20190006485,2019-04-05,21:40:00,1,Collision with vehicle,5,Friday,130,REAR END(VEHICLES IN SAME LANE),3,44507,Cross intersection,2,60,Arterial Other,COLLINS STREET -HIGH,GEELONG,-38.172855,144.57106,2019,4,April,21,Night,Weekday
T20190006484,2019-04-05,22:25:00,2,Struck Pedestrian,5,Friday,102,FAR SIDE. PED HIT BY VEHICLE FROM THE LEFT,3,37636,Cross intersection,2,60,Arterial Other,HIGH,WHITTLESEA,-37.680244,145.01384,2019,4,April,22,Night,Weekday
T20190006701,2019-04-05,14:00:00,1,Collision with vehicle,5,Friday,111,RIGHT FAR (INTERSECTIONS ONLY),1,44534,T intersection,2,60,Arterial Other,HEALESVILLE-KINGLAKE,YARRA RANGES,-37.654823,145.50514,2019,4,April,14,Midday,Weekday
T20190006479,2019-04-05,15:30:00,1,Collision with vehicle,5,Friday,116,LEFT NEAR (INTERSECTIONS ONLY),1,53156,T intersection,3,100,Arterial Other,TYLDEN-WOODEND,MACEDON RANGES,-37.334526,144.42406,2019,4,April,15,Afternoon Peak,Weekday
T20190006482,2019-04-05,20:15:00,1,Collision with vehicle,5,Friday,120,HEAD ON (NOT OVERTAKING),3,344115,Not at intersection,2,60,Arterial Other,NARRE WARREN-CRANBOURNE,CASEY,-38.1061,145.29124,2019,4,April,20,Night,Weekday
T20190006477,2019-04-05,18:15:00,1,Collision with vehicle,5,Friday,113,RIGHT NEAR (INTERSECTIONS ONLY),1,307507,T intersection,2,80,Arterial Other,BERWICK-CRANBOURNE,CASEY,-38.11729,145.31567,2019,4,April,18,Afternoon Peak,Weekday
T20190006475,2019-04-05,18:37:00,4,Collision with a fixed object,5,Friday,171,LEFT OFF CARRIAGEWAY INTO OBJECT/PARKED VEHICLE,2,42865,T intersection,2,60,Arterial Other,CENTRE DANDENONG,KINGSTON,-37.97978,145.12683,2019,4,April,18,Afternoon Peak,Weekday
T20190006471,2019-04-05,18:00:00,1,Collision with vehicle,5,Friday,163,VEHICLE STRIKES DOOR OF PARKED/STATIONARY VEHICLE,1,344035,Not at intersection,3,40,Arterial Other,CLARENDON,PORT PHILLIP,-37.83066,144.95949,2019,4,April,18,Afternoon Peak,Weekday
T20190006470,2019-04-05,17:30:00,1,Collision with vehicle,5,Friday,110,CROSS TRAFFIC(INTERSECTIONS ONLY),1,51953,Cross intersection,3,60,Arterial Highway,MAIN,EAST GIPPSLAND,-37.826775,147.62682,2019,4,April,17,Afternoon Peak,Weekday
T20190006424,2019-04-05,11:20:00,1,Collision with vehicle,5,Friday,113,RIGHT NEAR (INTERSECTIONS ONLY),1,45697,Cross intersection,2,60,Freeway,WESTERN RING OUT-SUNSHINE,BRIMBANK,-37.749912,144.83171,2019,4,April,11,Midday,Weekday
T20190006468,2019-04-05,12:20:00,1,Collision with vehicle,5,Friday,120,HEAD ON (NOT OVERTAKING),1,344173,Not at intersection,3,100,Local Road,SCRIVENERS,EAST GIPPSLAND,-37.83881,147.95073,2019,4,April,12,Midday,Weekday
T20190006708,2019-04-05,20:00:00,2,Struck Pedestrian,5,Friday,100,PED NEAR SIDE. PED HIT BY VEHICLE FROM THE RIGHT.,3,345744,T intersection,3,40,Arterial Other,JOHNSTON,YARRA,-37.798725,144.98209,2019,4,April,20,Night,Weekday
T20190006646,2019-04-05,17:30:00,1,Collision with vehicle,5,Friday,130,REAR END(VEHICLES IN SAME LANE),1,343990,Not at intersection,2,100,Freeway,EASTLINK,DANDENONG,-38.05313,145.18527,2019,4,April,17,Afternoon Peak,Weekday
T20190006417,2019-04-05,09:10:00,2,Struck Pedestrian,5,Friday,100,PED NEAR SIDE. PED HIT BY VEHICLE FROM THE RIGHT.,1,60725,T intersection,3,50,Arterial Other,GILLIES,BALLARAT,-37.540928,143.82188,2019,4,April,9,Morning Peak,Weekday
T20190006617,2019-04-06,22:00:00,1,Collision with vehicle,6,Saturday,135,LANE CHANGE LEFT (NOT OVERTAKING),3,40500,T intersection,3,60,Arterial Highway,TOORAK,BOROONDARA,-37.848133,145.0758,2019,4,April,22,Night,Weekend
T20190006545,2019-04-06,19:45:00,3,Struck animal,6,Saturday,167,STRUCK ANIMAL,5,344001,Not at intersection,2,100,Arterial Other,SALE-HEYFIELD,WELLINGTON,-38.066917,146.97676,2019,4,April,19,Night,Weekend
T20190006498,2019-04-06,01:48:00,1,Collision with vehicle,6,Saturday,121,RIGHT THROUGH,3,343995,Cross intersection,2,80,Arterial Other,CRANBOURNE,CASEY,-38.06525,145.2989,2019,4,April,1,Late Night,Weekend
T20190006511,2019-04-06,13:22:00,6,Vehicle overturned (no collision),6,Saturday,174,OUT OF CONTROL ON CARRIAGEWAY (ON STRAIGHT),1,45517,Cross intersection,3,80,Arterial Other,MELTON,MELTON,-37.68716,144.69717,2019,4,April,13,Midday,Weekend
T20190006543,2019-04-06,15:45:00,1,Collision with vehicle,6,Saturday,133,LANE SIDE SWIPE (VEHICLES IN PARALLEL LANES),1,37703,T intersection,2,40,Local Road,CHAPEL,STONNINGTON,-37.849033,144.99379,2019,4,April,15,Afternoon Peak,Weekend
T20190006542,2019-04-06,13:43:00,1,Collision with vehicle,6,Saturday,130,REAR END(VEHICLES IN SAME LANE),1,24017,Y intersection,2,80,Arterial Highway,SPRINGVALE,DANDENONG,-38.01613,145.13982,2019,4,April,13,Midday,Weekend
T20190006508,2019-04-06,11:22:00,1,Collision with vehicle,6,Saturday,147,VEHICLE STRIKES ANOTHER VEH WHILE EMERGING FROM DRIVEWAY,1,344101,Not at intersection,2,60,Arterial Other,BELGRAVE-GEMBROOK,CARDINIA,-37.932114,145.43935,2019,4,April,11,Midday,Weekend
T20190006541,2019-04-06,18:55:00,1,Collision with vehicle,6,Saturday,110,CROSS TRAFFIC(INTERSECTIONS ONLY),2,40006,Cross intersection,3,60,Arterial Other,MELBOURNE,HOBSONS BAY,-37.858448,144.89394,2019,4,April,18,Afternoon Peak,Weekend
T20190006540,2019-04-06,18:16:00,1,Collision with vehicle,6,Saturday,135,LANE CHANGE LEFT (NOT OVERTAKING),1,344447,Not at intersection,2,100,Freeway,MONASH,MONASH,-37.889412,145.11562,2019,4,April,18,Afternoon Peak,Weekend
T20190006539,2019-04-06,17:30:00,4,Collision with a fixed object,6,Saturday,151,OUT OF CONTROL (OVERTAKING),1,345197,Not at intersection,3,100,Local Road,TALLAROOK-PYALONG,MITCHELL,-37.093613,145.07481,2019,4,April,17,Afternoon Peak,Weekend
T20190006535,2019-04-06,17:21:00,1,Collision with vehicle,6,Saturday,150,HEAD ON(OVERTAKING),1,586432,Not at intersection,3,60,Arterial Other,BARRY,HUME,-37.66721,144.95427,2019,4,April,17,Afternoon Peak,Weekend
T20190006533,2019-04-06,14:50:00,4,Collision with a fixed object,6,Saturday,149,OTHER MANOEUVRING NOT INCLUDED IN DCAs 140-148,1,360398,Not at intersection,2,50,Local Road,FREEMAN,GLEN EIRA,-37.88662,145.03024,2019,4,April,14,Midday,Weekend
T20190006532,2019-04-06,13:06:00,1,Collision with vehicle,6,Saturday,116,LEFT NEAR (INTERSECTIONS ONLY),1,344163,T intersection,3,50,Local Road,HERTFORD,BRIMBANK,-37.782566,144.84444,2019,4,April,13,Midday,Weekend
T20190006529,2019-04-06,14:41:00,4,Collision with a fixed object,6,Saturday,173,RIGHT OFF CARRIAGEWAY INTO OBJECT/PARKED VEHICLE,1,344136,Not at intersection,2,80,Local Road,SANDY CREEK,GEELONG,-37.897457,144.40085,2019,4,April,14,Midday,Weekend
T20190006697,2019-04-06,17:15:00,1,Collision with vehicle,6,Saturday,113,RIGHT NEAR (INTERSECTIONS ONLY),1,35599,T intersection,2,60,Arterial Highway,WALLINGFORD,KINGSTON,-37.970554,145.062,2019,4,April,17,Afternoon Peak,Weekend
T20190006528,2019-04-06,12:40:00,4,Collision with a fixed object,6,Saturday,181,OFF RIGHT BEND INTO OBJECT/PARKED VEHICLE,1,49524,T intersection,2,80,Arterial Other,HEALESVILLE-KINGLAKE,MURRINDINDI,-37.539883,145.38965,2019,4,April,12,Midday,Weekend
T20190006513,2019-04-06,07:39:00,4,Collision with a fixed object,6,Saturday,173,RIGHT OFF CARRIAGEWAY INTO OBJECT/PARKED VEHICLE,1,344259,Multiple intersection,3,50,Local Road,EDWARD,MOONEE VALLEY,-37.754093,144.9132,2019,4,April,7,Morning Peak,Weekend
T20190007637,2019-04-06,10:00:00,1,Collision with vehicle,6,Saturday,111,RIGHT FAR (INTERSECTIONS ONLY),1,623221,T intersection,3,50,Local Road,LINSELL,CASEY,-38.102623,145.32227,2019,4,April,10,Midday,Weekend
T20190016388,2019-04-06,23:30:00,4,Collision with a fixed object,6,Saturday,181,OFF RIGHT BEND INTO OBJECT/PARKED VEHICLE,5,581128,Not at intersection,3,80,Arterial Other,HEALESVILLE-KINGLAKE,YARRA RANGES,-37.55593,145.4781,2019,4,April,23,Night,Weekend
T20190006502,2019-04-06,09:02:00,2,Struck Pedestrian,6,Saturday,102,FAR SIDE. PED HIT BY VEHICLE FROM THE LEFT,1,45250,Cross intersection,2,60,Arterial Other,BUCKLEY,MOONEE VALLEY,-37.754707,144.89659,2019,4,April,9,Morning Peak,Weekend
T20190006585,2019-04-06,19:10:00,6,Vehicle overturned (no collision),6,Saturday,179,OTHER ACCIDENTS-OFF STRAIGHT NOT INCLUDED IN DCAs 170-175,2,343975,Not at intersection,2,80,Local Road,POTTS,MACEDON RANGES,-37.34453,144.63326,2019,4,April,19,Night,Weekend
T20190006577,2019-04-06,20:05:00,1,Collision with vehicle,6,Saturday,110,CROSS TRAFFIC(INTERSECTIONS ONLY),3,14474,Cross intersection,3,80,Freeway,MONASH IN-NARRE WARREN NORTH,CASEY,-38.018215,145.30853,2019,4,April,20,Night,Weekend
T20190006566,2019-04-06,10:45:00,4,Collision with a fixed object,6,Saturday,173,RIGHT OFF CARRIAGEWAY INTO OBJECT/PARKED VEHICLE,1,344510,Not at intersection,3,100,Local Road,SAGES AND LOGANS,SOUTH GIPPSLAND,-38.45024,145.90309,2019,4,April,10,Midday,Weekend
T20190006560,2019-04-06,23:12:00,1,Collision with vehicle,6,Saturday,111,RIGHT FAR (INTERSECTIONS ONLY),3,34021,T intersection,2,80,Arterial Highway,BURWOOD,KNOX,-37.870857,145.24144,2019,4,April,23,Night,Weekend
T20190006555,2019-04-06,21:40:00,4,Collision with a fixed object,6,Saturday,171,LEFT OFF CARRIAGEWAY INTO OBJECT/PARKED VEHICLE,5,352655,Not at intersection,2,100,Local Road,CHARLBER,NILLUMBIK,-37.6031,145.25017,2019,4,April,21,Night,Weekend
T20190006554,2019-04-06,23:45:00,1,Collision with vehicle,6,Saturday,163,VEHICLE STRIKES DOOR OF PARKED/STATIONARY VEHICLE,3,344105,Not at intersection,2,40,Local Road,LITTLE BOURKE,MELBOURNE,-37.812386,144.96573,2019,4,April,23,Night,Weekend
T20190006552,2019-04-06,15:20:00,8,No collision and no object struck,6,Saturday,182,OFF CARRIAGEWAY ON LEFT BEND,1,346462,Not at intersection,1,100,Local Road,SANDY CREEK,INDIGO,-36.278877,147.10893,2019,4,April,15,Afternoon Peak,Weekend
T20190006550,2019-04-06,21:58:00,4,Collision with a fixed object,6,Saturday,183,OFF LEFT BEND INTO OBJECT/PARKED VEHICLE,6,620724,T intersection,3,50,Local Road,DELACOMBE,WHITTLESEA,-37.659714,145.08678,2019,4,April,21,Night,Weekend