ACCIDENT_NO,ACCIDENT_DATE,ACCIDENT_TIME,ACCIDENT_TYPE,ACCIDENT_TYPE_DESC,DAY_OF_WEEK,DAY_WEEK_DESC,DCA_CODE,DCA_DESC,LIGHT_CONDITION,NODE_ID,ROAD_GEOMETRY_DESC,SEVERITY,SPEED_ZONE,RMA,ROAD_NAME,LGA_NAME,LATITUDE,LONGITUDE,YEAR,MONTH,MONTH_NAME,HOUR,TIME_PERIOD,DAY_TYPE
T20190006549,2019-04-06,21:05:00,5,collision with some other object,6,Saturday,191,LOAD OR MISSILE STRUCK VEHICLE,5,343992,Not at intersection,2,80,Arterial Other,KANGAROO GROUND-WARRANDYTE,NILLUMBIK,-37.69739,145.22333,2019,4,April,21,Night,Weekend
T20190006548,2019-04-06,22:30:00,4,Collision with a fixed object,6,Saturday,173,RIGHT OFF CARRIAGEWAY INTO OBJECT/PARKED VEHICLE,5,346422,Not at intersection,3,100,Local Road,CHINTIN,MACEDON RANGES,-37.404396,144.761,2019,4,April,22,Night,Weekend
T20190006505,2019-04-06,11:05:00,1,Collision with vehicle,6,Saturday,137,LEFT TURN SIDESWIPE,1,343986,T intersection,2,80,Arterial Highway,NEPEAN,MORNINGTON PENINSULA,-38.197735,145.08655,2019,4,April,11,Midday,Weekend
T20190006523,2019-04-06,14:29:00,1,Collision with vehicle,6,Saturday,113,RIGHT NEAR (INTERSECTIONS ONLY),1,44669,Cross intersection,2,60,Arterial Highway,ROSANNA,BANYULE,-37.741318,145.07344,2019,4,April,14,Midday,Weekend
T20190006521,2019-04-06,14:30:00,1,Collision with vehicle,6,Saturday,130,REAR END(VEHICLES IN SAME LANE),1,360397,Not at intersection,3,40,Arterial Other,CRAIGIEBURN,WHITTLESEA,-37.60485,144.9916,2019,4,April,14,Midday,Weekend
T20190006517,2019-04-06,13:00:00,1,Collision with vehicle,6,Saturday,116,LEFT NEAR (INTERSECTIONS ONLY),1,344161,T intersection,2,80,Arterial Other,THOR,BRIMBANK,-37.730183,144.85112,2019,4,April,13,Midday,Weekend
T20190006516,2019-04-06,13:47:00,4,Collision with a fixed object,6,Saturday,173,RIGHT OFF CARRIAGEWAY INTO OBJECT/PARKED VEHICLE,1,39482,T intersection,2,50,Local Road,EVANDALE,WHITEHORSE,-37.81268,145.17233,2019,4,April,13,Midday,Weekend
T20190006546,2019-04-06,18:31:00,4,Collision with a fixed object,6,Saturday,171,LEFT OFF CARRIAGEWAY INTO OBJECT/PARKED VEHICLE,1,344664,Not at intersection,2,100,Local Road,DAVIES,SHEPPARTON,-36.2657,145.16846,2019,4,April,18,Afternoon Peak,Weekend
T20190006507,2019-04-06,10:15:00,1,Collision with vehicle,6,Saturday,110,CROSS TRAFFIC(INTERSECTIONS ONLY),1,29575,Cross intersection,3,50,Local Road,KNAITH,MAROONDAH,-37.81463,145.24963,2019,4,April,10,Midday,Weekend
T20190006589,2019-04-07,12:00:00,1,Collision with vehicle,7,Sunday,113,RIGHT NEAR (INTERSECTIONS ONLY),1,42595,T intersection,2,60,Arterial Other,JACKSONS,DANDENONG,-37.945377,145.19177,2019,4,April,12,Midday,Weekend
T20190006597,2019-04-07,15:30:00,2,Struck Pedestrian,7,Sunday,101,PED EMERGES FROM IN FRONT OF PARKED OR STATIONARY VEHICLE,1,343967,Not at intersection,3,60,Arterial Highway,HIGH,BENDIGO,-36.9199,144.70663,2019,4,April,15,Afternoon Peak,Weekend
T20190006618,2019-04-07,18:00:00,4,Collision with a fixed object,7,Sunday,173,RIGHT OFF CARRIAGEWAY INTO OBJECT/PARKED VEHICLE,2,301937,Cross intersection,3,70,Arterial Other,BROADMEADOWS,HUME,-37.699642,144.8802,2019,4,April,18,Afternoon Peak,Weekend
T20190006591,2019-04-07,12:20:00,1,Collision with vehicle,7,Sunday,130,REAR END(VEHICLES IN SAME LANE),1,344249,Not at intersection,2,80,Arterial Other,HUME,HUME,-37.60532,144.94553,2019,4,April,12,Midday,Weekend
T20190006581,2019-04-07,13:35:00,1,Collision with vehicle,7,Sunday,111,RIGHT FAR (INTERSECTIONS ONLY),1,44194,Cross intersection,3,60,Arterial Other,HEALESVILLE-YARRA GLEN,YARRA RANGES,-37.658497,145.37947,2019,4,April,13,Midday,Weekend
T20190006572,2019-04-07,10:30:00,6,Vehicle overturned (no collision),7,Sunday,182,OFF CARRIAGEWAY ON LEFT BEND,1,344811,Not at intersection,3,100,Local Road,BUTTERCUP JEEP,MANSFIELD,-37.053707,146.296,2019,4,April,10,Midday,Weekend
T20190006574,2019-04-07,06:40:00,1,Collision with vehicle,7,Sunday,113,RIGHT NEAR (INTERSECTIONS ONLY),1,44463,T intersection,3,70,Arterial Highway,LATROBE,GEELONG,-38.151726,144.35197,2019,4,April,6,Morning Peak,Weekend
T20190006802,2019-04-07,14:00:00,1,Collision with vehicle,7,Sunday,163,VEHICLE STRIKES DOOR OF PARKED/STATIONARY VEHICLE,1,344155,Not at intersection,3,40,Arterial Other,CHAPEL,STONNINGTON,-37.835407,144.99644,2019,4,April,14,Midday,Weekend
T20190006580,2019-04-07,12:35:00,1,Collision with vehicle,7,Sunday,130,REAR END(VEHICLES IN SAME LANE),1,100939,Not at intersection,3,80,Arterial Highway,NEPEAN,KINGSTON,-37.96527,145.05751,2019,4,April,12,Midday,Weekend
T20190006598,2019-04-07,11:50:00,6,Vehicle overturned (no collision),7,Sunday,174,OUT OF CONTROL ON CARRIAGEWAY (ON STRAIGHT),1,345406,Not at intersection,2,100,Freeway,PENINSULA LINK,FRANKSTON,-38.14024,145.17299,2019,4,April,11,Midday,Weekend
T20190006586,2019-04-07,12:14:00,1,Collision with vehicle,7,Sunday,121,RIGHT THROUGH,1,45008,T intersection,3,60,Arterial Other,MAIN,BRIMBANK,-37.74672,144.8207,2019,4,April,12,Midday,Weekend
T20190006623,2019-04-07,14:00:00,1,Collision with vehicle,7,Sunday,121,RIGHT THROUGH,1,150,T intersection,3,60,Local Road,SINGLETON,YARRA,-37.803707,144.98657,2019,4,April,14,Midday,Weekend
T20190006778,2019-04-07,18:55:00,7,Fall from or in moving vehicle,7,Sunday,179,OTHER ACCIDENTS-OFF STRAIGHT NOT INCLUDED IN DCAs 170-175,2,35310,Cross intersection,3,40,Local Road,ELIZABETH,MELBOURNE,-37.807114,144.95988,2019,4,April,18,Afternoon Peak,Weekend
T20190006660,2019-04-07,10:15:00,4,Collision with a fixed object,7,Sunday,181,OFF RIGHT BEND INTO OBJECT/PARKED VEHICLE,1,344052,T intersection,3,60,Local Road,STARBOARD,WYNDHAM,-37.96469,144.70718,2019,4,April,10,Midday,Weekend
T20190006600,2019-04-07,15:43:00,4,Collision with a fixed object,7,Sunday,183,OFF LEFT BEND INTO OBJECT/PARKED VEHICLE,1,345042,Not at intersection,3,100,Local Road,EDWARDS,BENDIGO,-36.80475,144.30219,2019,4,April,15,Afternoon Peak,Weekend
T20190006602,2019-04-07,13:00:00,2,Struck Pedestrian,7,Sunday,103,PED PLAYING/LYING/WORKING/STANDING ON CARRIAGEWAY.,1,346987,Not at intersection,1,60,Arterial Other,HEATHERTON,DANDENONG,-37.970894,145.22205,2019,4,April,13,Midday,Weekend
T20190006613,2019-04-07,17:15:00,1,Collision with vehicle,7,Sunday,119,OTHER ADJACENT (INTERSECTIONS ONLY),1,45338,T intersection,2,100,Arterial Other,BALLARTO,CARDINIA,-38.15366,145.4855,2019,4,April,17,Afternoon Peak,Weekend
T20190006611,2019-04-07,14:35:00,1,Collision with vehicle,7,Sunday,132,RIGHT REAR.,1,344037,Not at intersection,3,60,Arterial Other,FRANKSTON-FLINDERS,MORNINGTON PENINSULA,-38.229137,145.18062,2019,4,April,14,Midday,Weekend
T20190006616,2019-04-07,17:00:00,1,Collision with vehicle,7,Sunday,110,CROSS TRAFFIC(INTERSECTIONS ONLY),1,36816,Cross intersection,2,80,Arterial Other,PASCOE VALE,HUME,-37.643826,144.9289,2019,4,April,17,Afternoon Peak,Weekend
T20190006615,2019-04-07,16:30:00,1,Collision with vehicle,7,Sunday,120,HEAD ON (NOT OVERTAKING),1,344118,Not at intersection,3,70,Arterial Other,MOUNT DANDENONG TOURIST,YARRA RANGES,-37.88962,145.32127,2019,4,April,16,Afternoon Peak,Weekend
T20190006606,2019-04-07,16:00:00,1,Collision with vehicle,7,Sunday,113,RIGHT NEAR (INTERSECTIONS ONLY),1,344088,T intersection,3,60,Arterial Other,MALVERN,STONNINGTON,-37.849083,145.01077,2019,4,April,16,Afternoon Peak,Weekend
T20190006578,2019-04-07,11:50:00,7,Fall from or in moving vehicle,7,Sunday,184,OUT OF CONTROL ON CARRIAGEWAY (ON BEND),1,343988,Not at intersection,2,80,Arterial Other,HEALESVILLE-KINGLAKE,MURRINDINDI,-37.528786,145.43672,2019,4,April,11,Midday,Weekend
T20190006603,2019-04-07,15:50:00,1,Collision with vehicle,7,Sunday,130,REAR END(VEHICLES IN SAME LANE),1,579932,Not at intersection,3,80,Arterial Highway,PRINCES,LATROBE,-38.208538,146.49666,2019,4,April,15,Afternoon Peak,Weekend
T20190006607,2019-04-07,15:26:00,1,Collision with vehicle,7,Sunday,113,RIGHT NEAR (INTERSECTIONS ONLY),1,57454,T intersection,3,60,Arterial Other,MITCHAM,WHITEHORSE,-37.808937,145.19287,2019,4,April,15,Afternoon Peak,Weekend
T20190006609,2019-04-07,18:00:00,2,Struck Pedestrian,7,Sunday,102,FAR SIDE. PED HIT BY VEHICLE FROM THE LEFT,2,41427,Cross intersection,2,60,Arterial Other,WAVERLEY,STONNINGTON,-37.877323,145.0593,2019,4,April,18,Afternoon Peak,Weekend
T20190006630,2019-04-07,11:44:00,1,Collision with vehicle,7,Sunday,120,HEAD ON (NOT OVERTAKING),1,599010,Not at intersection,2,80,Arterial Highway,STAWELL-WARRACKNABEAL,YARRIAMBIACK,-36.454376,142.57454,2019,4,April,11,Midday,Weekend
T20190006579,2019-04-07,11:57:00,1,Collision with vehicle,7,Sunday,160,VEHICLE COLLIDES WITH VEHICLE PARKED ON LEFT OF ROAD,1,345573,Not at intersection,2,50,Local Road,WOOD,DAREBIN,-37.734165,145.01164,2019,4,April,11,Midday,Weekend
T20190006620,2019-04-07,15:20:00,1,Collision with vehicle,7,Sunday,132,RIGHT REAR.,1,345020,Not at intersection,3,60,Arterial Other,CORDITE,MARIBYRNONG,-37.769226,144.88,2019,4,April,15,Afternoon Peak,Weekend
T20190006557,2019-04-07,02:30:00,2,Struck Pedestrian,7,Sunday,100,PED NEAR SIDE. PED HIT BY VEHICLE FROM THE RIGHT.,6,53268,Cross intersection,3,60,Arterial Highway,DEAKIN,MILDURA,-34.198025,142.14674,2019,4,April,2,Late Night,Weekend
T20190006567,2019-04-07,07:10:00,1,Collision with vehicle,7,Sunday,171,LEFT OFF CARRIAGEWAY INTO OBJECT/PARKED VEHICLE,1,345043,Not at intersection,3,80,Arterial Highway,NEPEAN,GLEN EIRA,-37.92182,145.02379,2019,4,April,7,Morning Peak,Weekend
T20190006612,2019-04-07,16:53:00,1,Collision with vehicle,7,Sunday,120,HEAD ON (NOT OVERTAKING),1,344619,Not at intersection,1,100,Arterial Highway,MURRAY VALLEY,SWAN HILL,-34.61475,142.79922,2019,4,April,16,Afternoon Peak,Weekend
T20190006610,2019-04-07,16:37:00,1,Collision with vehicle,7,Sunday,130,REAR END(VEHICLES IN SAME LANE),1,344755,Not at intersection,2,100,Freeway,PRINCES,CARDINIA,-38.091785,145.48404,2019,4,April,16,Afternoon Peak,Weekend
T20190006596,2019-04-07,13:53:00,1,Collision with vehicle,7,Sunday,120,HEAD ON (NOT OVERTAKING),1,591738,Not at intersection,3,60,Arterial Highway,NORTH,GLEN EIRA,-37.90822,145.07481,2019,4,April,13,Midday,Weekend
T20190006792,2019-04-08,16:30:00,1,Collision with vehicle,1,Monday,130,REAR END(VEHICLES IN SAME LANE),1,46060,T intersection,2,80,Arterial Highway,STUD,KNOX,-37.8731,145.23286,2019,4,April,16,Afternoon Peak,Weekday
T20190006685,2019-04-08,19:00:00,1,Collision with vehicle,1,Monday,130,REAR END(VEHICLES IN SAME LANE),3,345019,T intersection,3,60,Arterial Other,BUCKLEY,MARIBYRNONG,-37.803688,144.89514,2019,4,April,19,Night,Weekday
T20190006686,2019-04-08,18:10:00,2,Struck Pedestrian,1,Monday,106,VEH STRIKES PED ON FOOTPATH/MEDIAN/TRAFFIC ISLAND.,3,46536,Not at intersection,3,70,Arterial Highway,DANDENONG,GLEN EIRA,-37.876125,145.04494,2019,4,April,18,Afternoon Peak,Weekday
T20190006690,2019-04-08,19:10:00,6,Vehicle overturned (no collision),1,Monday,170,OFF CARRIAGEWAY TO LEFT,3,343984,Not at intersection,1,60,Local Road,DARRAWEIT,MITCHELL,-37.40573,144.97191,2019,4,April,19,Night,Weekday
T20190006693,2019-04-08,16:30:00,1,Collision with vehicle,1,Monday,110,CROSS TRAFFIC(INTERSECTIONS ONLY),1,55692,Cross intersection,3,50,Local Road,HAVLIN,BENDIGO,-36.77659,144.28677,2019,4,April,16,Afternoon Peak,Weekday
T20190006672,2019-04-08,16:15:00,1,Collision with vehicle,1,Monday,134,LANE CHANGE RIGHT (NOT OVERTAKING),1,124463,Not at intersection,2,80,Arterial Other,PLENTY,WHITTLESEA,-37.68202,145.06909,2019,4,April,16,Afternoon Peak,Weekday
T20190006737,2019-04-08,18:15:00,1,Collision with vehicle,1,Monday,111,RIGHT FAR (INTERSECTIONS ONLY),2,43510,T intersection,3,80,Arterial Other,CRANBOURNE,FRANKSTON,-38.148567,145.14597,2019,4,April,18,Afternoon Peak,Weekday
T20190006704,2019-04-08,15:20:00,1,Collision with vehicle,1,Monday,110,CROSS TRAFFIC(INTERSECTIONS ONLY),1,29793,Cross intersection,3,50,Arterial Other,QUEEN,HOBSONS BAY,-37.87463,144.79128,2019,4,April,15,Afternoon Peak,Weekday
T20190006719,2019-04-08,21:53:00,1,Collision with vehicle,1,Monday,113,RIGHT NEAR (INTERSECTIONS ONLY),3,42750,T intersection,3,80,Arterial Highway,NEPEAN,KINGSTON,-37.96742,145.05919,2019,4,April,21,Night,Weekday
T20190006633,2019-04-08,05:52:00,4,Collision with a fixed object,1,Monday,171,LEFT OFF CARRIAGEWAY INTO OBJECT/PARKED VEHICLE,3,36276,Cross intersection,1,60,Arterial Highway,VENTNOR,BASS COAST,-38.463642,145.23898,2019,4,April,5,Morning Peak,Weekday
T20190006631,2019-04-08,07:30:00,1,Collision with vehicle,1,Monday,136,RIGHT TURN SIDESWIPE,1,343987,Not at intersection,2,60,Arterial Other,HEIDELBERG-KINGLAKE,MURRINDINDI,-37.53407,145.3407,2019,4,April,7,Morning Peak,Weekday
T20190006639,2019-04-08,09:30:00,1,Collision with vehicle,1,Monday,113,RIGHT NEAR (INTERSECTIONS ONLY),1,321313,T intersection,3,80,Arterial Other,SANDFORD,WANGARATTA,-36.37144,146.28973,2019,4,April,9,Morning Peak,Weekday
T20190006635,2019-04-08,06:20:00,6,Vehicle overturned (no collision),1,Monday,172,OFF CARRIAGEWAY TO RIGHT,5,360452,Not at intersection,2,100,Arterial Other,BOLDINGS,LATROBE,-38.293606,146.44955,2019,4,April,6,Morning Peak,Weekday
T20190006655,2019-04-08,11:10:00,2,Struck Pedestrian,1,Monday,102,FAR SIDE. PED HIT BY VEHICLE FROM THE LEFT,1,43444,Cross intersection,1,60,Arterial Highway,NEPEAN,FRANKSTON,-38.14428,145.1208,2019,4,April,11,Midday,Weekday
T20190006681,2019-04-08,17:38:00,4,Collision with a fixed object,1,Monday,171,LEFT OFF CARRIAGEWAY INTO OBJECT/PARKED VEHICLE,1,49776,Cross intersection,2,60,Arterial Other,THOMPSON,GEELONG,-38.110817,144.3434,2019,4,April,17,Afternoon Peak,Weekday
T20190006679,2019-04-08,17:45:00,2,Struck Pedestrian,1,Monday,100,PED NEAR SIDE. PED HIT BY VEHICLE FROM THE RIGHT.,2,344217,Not at intersection,3,50,Local Road,BROOKLYN,MELTON,-37.7023,144.56929,2019,4,April,17,Afternoon Peak,Weekday
T20190006638,2019-04-08,07:16:00,1,Collision with vehicle,1,Monday,121,RIGHT THROUGH,1,221997,Multiple intersection,2,60,Freeway,ELGAR,WHITEHORSE,-37.796593,145.1184,2019,4,April,7,Morning Peak,Weekday
T20190006710,2019-04-08,17:30:00,1,Collision with vehicle,1,Monday,163,VEHICLE STRIKES DOOR OF PARKED/STATIONARY VEHICLE,1,344043,Not at intersection,3,40,Local Road,LITTLE LONSDALE,MELBOURNE,-37.8085,144.97137,2019,4,April,17,Afternoon Peak,Weekday
T20190006877,2019-04-08,07:25:00,1,Collision with vehicle,1,Monday,130,REAR END(VEHICLES IN SAME LANE),2,580240,Not at intersection,2,80,Arterial Highway,DANDENONG VALLEY,FRANKSTON,-38.07425,145.1929,2019,4,April,7,Morning Peak,Weekday
T20190006642,2019-04-08,09:45:00,1,Collision with vehicle,1,Monday,113,RIGHT NEAR (INTERSECTIONS ONLY),1,341522,T intersection,3,60,Arterial Other,FLEMINGTON ROAD SERVICE,MELBOURNE,-37.79232,144.9456,2019,4,April,9,Morning Peak,Weekday
T20190006643,2019-04-08,09:05:00,4,Collision with a fixed object,1,Monday,183,OFF LEFT BEND INTO OBJECT/PARKED VEHICLE,1,344402,Not at intersection,3,80,Arterial Highway,GREAT OCEAN,COLAC OTWAY,-38.75598,143.5539,2019,4,April,9,Morning Peak,Weekday
T20190006648,2019-04-08,12:05:00,1,Collision with vehicle,1,Monday,110,CROSS TRAFFIC(INTERSECTIONS ONLY),1,269900,Cross intersection,3,50,Local Road,CLARKSON,BALLARAT,-37.583813,143.83861,2019,4,April,12,Midday,Weekday
T20190006649,2019-04-08,12:15:00,1,Collision with vehicle,1,Monday,169,OTHER ON PATH,1,344716,Not at intersection,3,50,Local Road,PALMERSTON,CENTRAL GOLDFIELDS,-37.04758,143.73145,2019,4,April,12,Midday,Weekday
T20190006651,2019-04-08,11:12:00,1,Collision with vehicle,1,Monday,116,LEFT NEAR (INTERSECTIONS ONLY),1,229572,T intersection,3,50,Arterial Other,WATTLETREE,STONNINGTON,-37.861767,145.02365,2019,4,April,11,Midday,Weekday
T20190006663,2019-04-08,14:32:00,1,Collision with vehicle,1,Monday,130,REAR END(VEHICLES IN SAME LANE),1,77797,Cross intersection,3,80,Arterial Other,WESTERN,MELTON,-37.758987,144.74724,2019,4,April,14,Midday,Weekday
T20190006662,2019-04-08,15:00:00,1,Collision with vehicle,1,Monday,133,LANE SIDE SWIPE (VEHICLES IN PARALLEL LANES),1,344034,Not at intersection,2,50,Local Road,NORTHUMBERLAND,SHEPPARTON,-36.404346,145.41144,2019,4,April,15,Afternoon Peak,Weekday
T20190006640,2019-04-08,11:10:00,1,Collision with vehicle,1,Monday,130,REAR END(VEHICLES IN SAME LANE),1,344158,Not at intersection,3,100,Freeway,WESTERN RING,HUME,-37.692066,144.95251,2019,4,April,11,Midday,Weekday
T20190006777,2019-04-09,08:25:00,1,Collision with vehicle,2,Tuesday,163,VEHICLE STRIKES DOOR OF PARKED/STATIONARY VEHICLE,1,344323,Not at intersection,3,40,Local Road,COLLINS,MELBOURNE,-37.82034,144.94974,2019,4,April,8,Morning Peak,Weekday
T20190006711,2019-04-09,11:35:00,1,Collision with vehicle,2,Tuesday,130,REAR END(VEHICLES IN SAME LANE),9,344054,Not at intersection,2,60,Local Road,JONES,MORNINGTON PENINSULA,-38.23031,145.17426,2019,4,April,11,Midday,Weekday
T20190016988,2019-04-09,18:30:00,4,Collision with a fixed object,2,Tuesday,171,LEFT OFF CARRIAGEWAY INTO OBJECT/PARKED VEHICLE,9,582582,Not at intersection,3,60,Arterial Other,CHILDS,WHITTLESEA,-37.6624,145.04813,2019,4,April,18,Afternoon Peak,Weekday
T20190006700,2019-04-09,06:15:00,4,Collision with a fixed object,2,Tuesday,173,RIGHT OFF CARRIAGEWAY INTO OBJECT/PARKED VEHICLE,2,346356,Not at intersection,2,100,Arterial Highway,WIMMERA,LODDON,-36.711338,143.60316,2019,4,April,6,Morning Peak,Weekday
T20190006758,2019-04-09,19:45:00,1,Collision with vehicle,2,Tuesday,163,VEHICLE STRIKES DOOR OF PARKED/STATIONARY VEHICLE,9,344681,Not at intersection,3,40,Arterial Other,CHAPEL,STONNINGTON,-37.83594,144.99634,2019,4,April,19,Night,Weekday
T20190020477,2019-04-09,17:30:00,1,Collision with vehicle,2,Tuesday,130,REAR END(VEHICLES IN SAME LANE),6,594566,Not at intersection,3,80,Freeway,CALDER,BRIMBANK,-37.71243,144.831,2019,4,April,17,Afternoon Peak,Weekday
T20190006720,2019-04-09,09:20:00,4,Collision with a fixed object,2,Tuesday,173,RIGHT OFF CARRIAGEWAY INTO OBJECT/PARKED VEHICLE,1,344092,Not at intersection,3,100,Freeway,GEELONG RING,GEELONG,-38.214104,144.29247,2019,4,April,9,Morning Peak,Weekday
T20190006717,2019-04-09,13:20:00,1,Collision with vehicle,2,Tuesday,121,RIGHT THROUGH,1,37770,Not at intersection,3,40,Arterial Other,TOORAK,STONNINGTON,-37.841213,145.00998,2019,4,April,13,Midday,Weekday
T20190006750,2019-04-09,15:40:00,1,Collision with vehicle,2,Tuesday,121,RIGHT THROUGH,1,344091,T intersection,2,80,Arterial Other,COOPER,WHITTLESEA,-37.64692,144.97707,2019,4,April,15,Afternoon Peak,Weekday
T20190006749,2019-04-09,17:30:00,1,Collision with vehicle,2,Tuesday,140,U TURN,1,91,T intersection,3,40,Local Road,LINCOLN,MELBOURNE,-37.80178,144.96375,2019,4,April,17,Afternoon Peak,Weekday
T20190006713,2019-04-09,11:10:00,1,Collision with vehicle,2,Tuesday,160,VEHICLE COLLIDES WITH VEHICLE PARKED ON LEFT OF ROAD,1,357674,Not at intersection,3,40,Local Road,BRIDGEWATER,CASEY,-38.066196,145.34775,2019,4,April,11,Midday,Weekday
T20190006747,2019-04-09,17:49:00,1,Collision with vehicle,2,Tuesday,123,RIGHT/LEFT. ONE VEH TURNING RIGHT THE OTHER LEFT.,2,41763,T intersection,2,50,Local Road,COLEMAN,MONASH,-37.87671,145.14949,2019,4,April,17,Afternoon Peak,Weekday
T20190006744,2019-04-09,18:20:00,1,Collision with vehicle,2,Tuesday,121,RIGHT THROUGH,3,344114,Cross intersection,3,60,Arterial Other,WANTIRNA,MAROONDAH,-37.832302,145.2273,2019,4,April,18,Afternoon Peak,Weekday
T20190006743,2019-04-09,16:46:00,1,Collision with vehicle,2,Tuesday,121,RIGHT THROUGH,1,38868,Cross intersection,3,60,Arterial Other,BARKERS,BOROONDARA,-37.812737,145.02026,2019,4,April,16,Afternoon Peak,Weekday
T20190006752,2019-04-09,18:55:00,1,Collision with vehicle,2,Tuesday,116,LEFT NEAR (INTERSECTIONS ONLY),3,42979,Cross intersection,3,60,Arterial Other,HEATHERTON,DANDENONG,-37.966927,145.18945,2019,4,April,18,Afternoon Peak,Weekday
T20190006741,2019-04-09,17:45:00,4,Collision with a fixed object,2,Tuesday,171,LEFT OFF CARRIAGEWAY INTO OBJECT/PARKED VEHICLE,2,344090,Not at intersection,2,60,Arterial Other,TOORAK,STONNINGTON,-37.84341,145.0282,2019,4,April,17,Afternoon Peak,Weekday
T20190006739,2019-04-09,15:10:00,1,Collision with vehicle,2,Tuesday,120,HEAD ON (NOT OVERTAKING),1,52919,Cross intersection,3,50,Arterial Other,GRANT,BALLARAT,-37.567146,143.85826,2019,4,April,15,Afternoon Peak,Weekday
T20190006724,2019-04-09,08:10:00,1,Collision with vehicle,2,Tuesday,134,LANE CHANGE RIGHT (NOT OVERTAKING),1,29417,Cross intersection,2,40,Arterial Other,KING,MELBOURNE,-37.816383,144.95573,2019,4,April,8,Morning Peak,Weekday
T20190006709,2019-04-09,09:00:00,1,Collision with vehicle,2,Tuesday,113,RIGHT NEAR (INTERSECTIONS ONLY),1,49689,T intersection,2,60,Arterial Other,COX,GEELONG,-38.0826,144.34654,2019,4,April,9,Morning Peak,Weekday
T20190013373,2019-04-09,13:00:00,1,Collision with vehicle,2,Tuesday,130,REAR END(VEHICLES IN SAME LANE),1,345453,Cross intersection,3,80,Arterial Other,CANTERBURY,MAROONDAH,-37.83237,145.26941,2019,4,April,13,Midday,Weekday
T20190007810,2019-04-09,15:12:00,1,Collision with vehicle,2,Tuesday,113,RIGHT NEAR (INTERSECTIONS ONLY),1,38440,T intersection,3,60,Local Road,MANCHESTER,YARRA RANGES,-37.7834,145.31134,2019,4,April,15,Afternoon Peak,Weekday
T20190006698,2019-04-09,07:30:00,3,Struck animal,2,Tuesday,167,STRUCK ANIMAL,2,344050,Not at intersection,3,100,Local Road,JANCOURT FOREST,CORANGAMITE,-38.404697,143.21518,2019,4,April,7,Morning Peak,Weekday
T20190006707,2019-04-09,09:11:00,1,Collision with vehicle,2,Tuesday,135,LANE CHANGE LEFT (NOT OVERTAKING),1,344085,Not at intersection,2,100,Freeway,MONASH,MONASH,-37.8982,145.1493,2019,4,April,9,Morning Peak,Weekday
T20190007010,2019-04-09,11:00:00,1,Collision with vehicle,2,Tuesday,113,RIGHT NEAR (INTERSECTIONS ONLY),1,344281,T intersection,3,50,Local Road,ST ALBANS,GEELONG,-38.175385,144.37946,2019,4,April,11,Midday,Weekday
T20190006725,2019-04-09,12:40:00,1,Collision with vehicle,2,Tuesday,111,RIGHT FAR (INTERSECTIONS ONLY),1,56299,T intersection,2,50,Local Road,IRVINE,MORELAND,-37.73518,144.9416,2019,4,April,12,Midday,Weekday
T20190006726,2019-04-09,15:03:00,1,Collision with vehicle,2,Tuesday,130,REAR END(VEHICLES IN SAME LANE),1,344095,Not at intersection,2,60,Arterial Other,PASCOE VALE,MORELAND,-37.70087,144.9151,2019,4,April,15,Afternoon Peak,Weekday
T20190006736,2019-04-09,17:20:00,1,Collision with vehicle,2,Tuesday,121,RIGHT THROUGH,1,344051,T intersection,3,50,Arterial Other,GRIEVE,HOBSONS BAY,-37.82417,144.82968,2019,4,April,17,Afternoon Peak,Weekday
T20190006761,2019-04-09,20:30:00,4,Collision with a fixed object,2,Tuesday,171,LEFT OFF CARRIAGEWAY INTO OBJECT/PARKED VEHICLE,5,345835,Not at intersection,3,100,Arterial Highway,WENTWORTH,MILDURA,-34.126667,142.00334,2019,4,April,20,Night,Weekday
T20190006753,2019-04-09,19:19:00,1,Collision with vehicle,2,Tuesday,121,RIGHT THROUGH,3,42608,T intersection,3,80,Arterial Highway,WELLINGTON,MONASH,-37.923126,145.19548,2019,4,April,19,Night,Weekday
T20190006705,2019-04-09,09:45:00,1,Collision with vehicle,2,Tuesday,113,RIGHT NEAR (INTERSECTIONS ONLY),1,25256,Cross intersection,3,80,Arterial Other,PRINCES,CARDINIA,-38.061775,145.45534,2019,4,April,9,Morning Peak,Weekday
T20190006754,2019-04-09,17:30:00,1,Collision with vehicle,2,Tuesday,133,LANE SIDE SWIPE (VEHICLES IN PARALLEL LANES),1,583090,Not at intersection,3,100,Freeway,WESTERN RING,WYNDHAM,-37.819225,144.80928,2019,4,April,17,Afternoon Peak,Weekday
T20190006762,2019-04-09,18:00:00,1,Collision with vehicle,2,Tuesday,130,REAR END(VEHICLES IN SAME LANE),1,344096,Not at intersection,3,60,Arterial Other,MURRAY,DAREBIN,-37.736664,144.99089,2019,4,April,18,Afternoon Peak,Weekday
T20190006763,2019-04-09,22:00:00,2,Struck Pedestrian,2,Tuesday,109,ANY MANOEUVRE INVOLVING PED NOT INCLUDED IN DCAs 100-108.,3,37150,Cross intersection,2,40,Arterial Other,VICTORIA,YARRA,-37.810093,144.99603,2019,4,April,22,Night,Weekday
T20190006755,2019-04-09,19:06:00,2,Struck Pedestrian,2,Tuesday,100,PED NEAR SIDE. PED HIT BY VEHICLE FROM THE RIGHT.,3,660851,Cross intersection,2,60,Arterial Other,OLYMPIC,MELBOURNE,-37.82454,144.98874,2019,4,April,19,Night,Weekday
T20190006757,2019-04-09,16:10:00,4,Collision with a fixed object,2,Tuesday,171,LEFT OFF CARRIAGEWAY INTO OBJECT/PARKED VEHICLE,1,360470,Not at intersection,2,50,Local Road,CROMWELL,YARRA,-37.8073,144.98984,2019,4,April,16,Afternoon Peak,Weekday