ACCIDENT_NO,ACCIDENT_DATE,ACCIDENT_TIME,ACCIDENT_TYPE,ACCIDENT_TYPE_DESC,DAY_OF_WEEK,DAY_WEEK_DESC,DCA_CODE,DCA_DESC,LIGHT_CONDITION,NODE_ID,ROAD_GEOMETRY_DESC,SEVERITY,SPEED_ZONE,RMA,ROAD_NAME,LGA_NAME,LATITUDE,LONGITUDE,YEAR,MONTH,MONTH_NAME,HOUR,TIME_PERIOD,DAY_TYPE
T20190006764,2019-04-09,23:40:00,1,Collision with vehicle,2,Tuesday,120,HEAD ON (NOT OVERTAKING),5,602623,Not at intersection,2,100,Arterial Highway,PRINCES,MOYNE,-38.33878,142.71956,2019,4,April,23,Night,Weekday
T20190006760,2019-04-09,18:51:00,1,Collision with vehicle,2,Tuesday,121,RIGHT THROUGH,3,304636,Not at intersection,3,60,Local Road,AITKEN,HUME,-37.616432,144.91342,2019,4,April,18,Afternoon Peak,Weekday
T20190006781,2019-04-09,22:40:00,1,Collision with vehicle,2,Tuesday,110,CROSS TRAFFIC(INTERSECTIONS ONLY),6,43168,Cross intersection,3,80,Arterial Other,HALLAM NORTH,CASEY,-37.97744,145.27876,2019,4,April,22,Night,Weekday
T20190006706,2019-04-09,08:50:00,4,Collision with a fixed object,2,Tuesday,183,OFF LEFT BEND INTO OBJECT/PARKED VEHICLE,1,346378,T intersection,2,60,Arterial Other,BELGRAVE-HALLAM,YARRA RANGES,-37.924038,145.35757,2019,4,April,8,Morning Peak,Weekday
T20190006800,2019-04-10,15:10:00,1,Collision with vehicle,3,Wednesday,120,HEAD ON (NOT OVERTAKING),1,344849,Not at intersection,2,70,Arterial Highway,MELBA,YARRA RANGES,-37.7185,145.37971,2019,4,April,15,Afternoon Peak,Weekday
T20190006799,2019-04-10,15:46:00,1,Collision with vehicle,3,Wednesday,160,VEHICLE COLLIDES WITH VEHICLE PARKED ON LEFT OF ROAD,1,345049,Not at intersection,2,60,Arterial Other,HOWITT,BALLARAT,-37.542175,143.84708,2019,4,April,15,Afternoon Peak,Weekday
T20190006767,2019-04-10,05:30:00,4,Collision with a fixed object,3,Wednesday,171,LEFT OFF CARRIAGEWAY INTO OBJECT/PARKED VEHICLE,3,344461,T intersection,2,70,Arterial Other,FITZSIMONS,BANYULE,-37.73325,145.13683,2019,4,April,5,Morning Peak,Weekday
T20190006795,2019-04-10,09:30:00,2,Struck Pedestrian,3,Wednesday,194,PARKED CAR RUN AWAY,1,346484,Not at intersection,1,100,Local Road,WHITTINGHAM,SOUTH GIPPSLAND,-38.57007,145.9115,2019,4,April,9,Morning Peak,Weekday
T20190006768,2019-04-10,07:05:00,1,Collision with vehicle,3,Wednesday,121,RIGHT THROUGH,1,44727,T intersection,3,60,Arterial Other,GRIMSHAW,BANYULE,-37.703945,145.09697,2019,4,April,7,Morning Peak,Weekday
T20190006793,2019-04-10,14:20:00,2,Struck Pedestrian,3,Wednesday,102,FAR SIDE. PED HIT BY VEHICLE FROM THE LEFT,1,344178,T intersection,2,40,Local Road,FLINDERS,MELBOURNE,-37.817833,144.96613,2019,4,April,14,Midday,Weekday
T20190007335,2019-04-10,13:30:00,1,Collision with vehicle,3,Wednesday,130,REAR END(VEHICLES IN SAME LANE),1,344500,Not at intersection,3,100,Arterial Other,BEECHWORTH-WODONGA,WODONGA,-36.24626,146.82376,2019,4,April,13,Midday,Weekday
T20190006770,2019-04-10,07:09:00,1,Collision with vehicle,3,Wednesday,121,RIGHT THROUGH,1,38155,Cross intersection,3,60,Arterial Highway,BELL,BANYULE,-37.752693,145.05022,2019,4,April,7,Morning Peak,Weekday
T20190006772,2019-04-10,06:30:00,1,Collision with vehicle,3,Wednesday,116,LEFT NEAR (INTERSECTIONS ONLY),2,35815,Multiple intersection,2,60,Arterial Other,MILLER STREET -TOWNSEND,BENDIGO,-36.769127,144.2921,2019,4,April,6,Morning Peak,Weekday
T20190006786,2019-04-10,13:15:00,4,Collision with a fixed object,3,Wednesday,173,RIGHT OFF CARRIAGEWAY INTO OBJECT/PARKED VEHICLE,1,618441,Not at intersection,3,50,Local Road,REED,MILDURA,-35.26556,141.18185,2019,4,April,13,Midday,Weekday
T20190006785,2019-04-10,12:00:00,1,Collision with vehicle,3,Wednesday,121,RIGHT THROUGH,1,360485,T intersection,3,50,Local Road,ALTONA,BANYULE,-37.747147,145.05319,2019,4,April,12,Midday,Weekday
T20190006782,2019-04-10,10:30:00,1,Collision with vehicle,3,Wednesday,130,REAR END(VEHICLES IN SAME LANE),1,346671,Not at intersection,3,100,Arterial Highway,MURRAY VALLEY,TOWONG,-36.21145,147.24693,2019,4,April,10,Midday,Weekday
T20190006827,2019-04-10,05:52:00,4,Collision with a fixed object,3,Wednesday,183,OFF LEFT BEND INTO OBJECT/PARKED VEHICLE,5,344124,Not at intersection,2,80,Arterial Other,KANGAROO GROUND-WATTLE GLEN,NILLUMBIK,-37.67561,145.20474,2019,4,April,5,Morning Peak,Weekday
T20190006822,2019-04-10,18:00:00,1,Collision with vehicle,3,Wednesday,121,RIGHT THROUGH,3,52773,Cross intersection,3,50,Arterial Other,HOWITT,BALLARAT,-37.540283,143.83128,2019,4,April,18,Afternoon Peak,Weekday
T20190006821,2019-04-10,19:26:00,4,Collision with a fixed object,3,Wednesday,171,LEFT OFF CARRIAGEWAY INTO OBJECT/PARKED VEHICLE,3,346670,T intersection,2,80,Arterial Highway,SPRINGVALE,WHITEHORSE,-37.82818,145.17407,2019,4,April,19,Night,Weekday
T20190006820,2019-04-10,18:00:00,2,Struck Pedestrian,3,Wednesday,101,PED EMERGES FROM IN FRONT OF PARKED OR STATIONARY VEHICLE,1,713,Cross intersection,3,80,Arterial Highway,DANDENONG,MONASH,-37.91125,145.12233,2019,4,April,18,Afternoon Peak,Weekday
T20190006819,2019-04-10,19:30:00,2,Struck Pedestrian,3,Wednesday,101,PED EMERGES FROM IN FRONT OF PARKED OR STATIONARY VEHICLE,3,29515,T intersection,2,60,Arterial Other,WRIGHT,BRIMBANK,-37.796516,144.83557,2019,4,April,19,Night,Weekday
T20190006817,2019-04-10,19:05:00,1,Collision with vehicle,3,Wednesday,121,RIGHT THROUGH,3,49936,Cross intersection,2,60,Local Road,GHERINGHAP,GEELONG,-38.147575,144.35776,2019,4,April,19,Night,Weekday
T20190006815,2019-04-10,14:30:00,1,Collision with vehicle,3,Wednesday,179,OTHER ACCIDENTS-OFF STRAIGHT NOT INCLUDED IN DCAs 170-175,1,344338,Not at intersection,2,80,Arterial Other,BELGRAVE-HALLAM,CASEY,-37.99733,145.27527,2019,4,April,14,Midday,Weekday
T20190006813,2019-04-10,18:52:00,2,Struck Pedestrian,3,Wednesday,100,PED NEAR SIDE. PED HIT BY VEHICLE FROM THE RIGHT.,5,344109,Not at intersection,2,50,Local Road,BRIDGE,PORT PHILLIP,-37.8327,144.93892,2019,4,April,18,Afternoon Peak,Weekday
T20190007172,2019-04-10,13:30:00,1,Collision with vehicle,3,Wednesday,133,LANE SIDE SWIPE (VEHICLES IN PARALLEL LANES),1,360484,Not at intersection,2,40,Local Road,ALEXANDRA,MELBOURNE,-37.82502,144.97794,2019,4,April,13,Midday,Weekday
T20190006812,2019-04-10,18:35:00,1,Collision with vehicle,3,Wednesday,121,RIGHT THROUGH,3,221997,Multiple intersection,2,60,Freeway,ELGAR,WHITEHORSE,-37.796593,145.1184,2019,4,April,18,Afternoon Peak,Weekday
T20190006790,2019-04-10,11:35:00,1,Collision with vehicle,3,Wednesday,130,REAR END(VEHICLES IN SAME LANE),1,38863,Cross intersection,2,70,Arterial Other,HEIDELBERG-KINGLAKE,NILLUMBIK,-37.662613,145.183,2019,4,April,11,Midday,Weekday
T20190007099,2019-04-10,14:50:00,1,Collision with vehicle,3,Wednesday,130,REAR END(VEHICLES IN SAME LANE),1,344918,T intersection,3,60,Arterial Other,PALMERS,WYNDHAM,-37.87254,144.74884,2019,4,April,14,Midday,Weekday
T20190007013,2019-04-10,16:00:00,1,Collision with vehicle,3,Wednesday,130,REAR END(VEHICLES IN SAME LANE),1,638617,T intersection,3,60,Arterial Other,ROSSITER,CARDINIA,-38.210903,145.46907,2019,4,April,16,Afternoon Peak,Weekday
T20190006843,2019-04-10,19:48:00,8,No collision and no object struck,3,Wednesday,174,OUT OF CONTROL ON CARRIAGEWAY (ON STRAIGHT),5,344147,Not at intersection,3,100,Arterial Highway,GREAT OCEAN,SURF COAST,-38.376312,144.21777,2019,4,April,19,Night,Weekday
T20190006842,2019-04-10,20:40:00,1,Collision with vehicle,3,Wednesday,130,REAR END(VEHICLES IN SAME LANE),3,344113,Not at intersection,3,60,Arterial Other,NICHOLSON,MORELAND,-37.74472,144.97775,2019,4,April,20,Night,Weekday
T20190006916,2019-04-10,22:15:00,1,Collision with vehicle,3,Wednesday,161,DOUBLE PARKED,3,35618,Cross intersection,2,60,Local Road,HAMMOND,DANDENONG,-37.998756,145.20877,2019,4,April,22,Night,Weekday
T20190006834,2019-04-10,23:10:00,1,Collision with vehicle,3,Wednesday,110,CROSS TRAFFIC(INTERSECTIONS ONLY),3,30373,Cross intersection,3,50,Local Road,SMILEY,HUME,-37.689945,144.93262,2019,4,April,23,Night,Weekday
T20190006832,2019-04-10,23:55:00,4,Collision with a fixed object,3,Wednesday,173,RIGHT OFF CARRIAGEWAY INTO OBJECT/PARKED VEHICLE,3,345026,Not at intersection,2,70,Arterial Highway,BALLARAT,GEELONG,-38.12555,144.33809,2019,4,April,23,Night,Weekday
T20190006779,2019-04-10,12:04:00,1,Collision with vehicle,3,Wednesday,110,CROSS TRAFFIC(INTERSECTIONS ONLY),1,49960,Cross intersection,2,60,Local Road,APHRASIA,GEELONG,-38.15049,144.34056,2019,4,April,12,Midday,Weekday
T20190006811,2019-04-10,18:00:00,1,Collision with vehicle,3,Wednesday,121,RIGHT THROUGH,2,42038,Cross intersection,2,60,Arterial Other,HAMPTON,BAYSIDE,-37.92083,145.00569,2019,4,April,18,Afternoon Peak,Weekday
T20190006806,2019-04-10,17:05:00,2,Struck Pedestrian,3,Wednesday,108,PED STRUCK WALKING TO/FROM OR BOARDING/ALIGHTING VEHICLE.,2,344120,Not at intersection,2,50,Local Road,SCHOLAR,WHITTLESEA,-37.6841,145.07288,2019,4,April,17,Afternoon Peak,Weekday
T20190006804,2019-04-10,16:30:00,1,Collision with vehicle,3,Wednesday,121,RIGHT THROUGH,1,29397,Cross intersection,2,60,Arterial Other,VICTORIA,MELBOURNE,-37.807293,144.96884,2019,4,April,16,Afternoon Peak,Weekday
T20190006903,2019-04-11,18:30:00,1,Collision with vehicle,4,Thursday,130,REAR END(VEHICLES IN SAME LANE),3,345115,Not at intersection,3,100,Freeway,MONASH,MONASH,-37.91646,145.16942,2019,4,April,18,Afternoon Peak,Weekday
T20190006883,2019-04-11,07:45:00,1,Collision with vehicle,4,Thursday,130,REAR END(VEHICLES IN SAME LANE),9,344150,Not at intersection,3,80,Arterial Highway,GREENSBOROUGH,BANYULE,-37.69843,145.09134,2019,4,April,7,Morning Peak,Weekday
T20190007152,2019-04-11,16:15:00,1,Collision with vehicle,4,Thursday,130,REAR END(VEHICLES IN SAME LANE),1,29836,Cross intersection,2,80,Arterial Other,BOUNDARY,WYNDHAM,-37.810608,144.75085,2019,4,April,16,Afternoon Peak,Weekday
T20190007473,2019-04-11,16:45:00,1,Collision with vehicle,4,Thursday,130,REAR END(VEHICLES IN SAME LANE),1,344352,Not at intersection,3,60,Arterial Other,GRIMSHAW,BANYULE,-37.704105,145.09837,2019,4,April,16,Afternoon Peak,Weekday
T20190006887,2019-04-11,15:30:00,1,Collision with vehicle,4,Thursday,130,REAR END(VEHICLES IN SAME LANE),1,57958,T intersection,3,60,Freeway,JETTY ROAD -PENINSULA LINK,MORNINGTON PENINSULA,-38.369255,144.90869,2019,4,April,15,Afternoon Peak,Weekday
T20190006838,2019-04-11,06:50:00,1,Collision with vehicle,4,Thursday,133,LANE SIDE SWIPE (VEHICLES IN PARALLEL LANES),1,36992,Cross intersection,3,40,Freeway,BATMAN,MELBOURNE,-37.81601,144.97238,2019,4,April,6,Morning Peak,Weekday
T20190006846,2019-04-11,09:45:00,2,Struck Pedestrian,4,Thursday,100,PED NEAR SIDE. PED HIT BY VEHICLE FROM THE RIGHT.,1,104587,Not at intersection,2,60,Arterial Other,CRANBOURNE,FRANKSTON,-38.154934,145.16484,2019,4,April,9,Morning Peak,Weekday
T20190010146,2019-04-11,08:30:00,1,Collision with vehicle,4,Thursday,130,REAR END(VEHICLES IN SAME LANE),1,37411,Multiple intersection,3,60,Arterial Other,WILLIAMSTOWN,PORT PHILLIP,-37.831264,144.94444,2019,4,April,8,Morning Peak,Weekday
T20190006845,2019-04-11,08:10:00,1,Collision with vehicle,4,Thursday,121,RIGHT THROUGH,1,60231,Cross intersection,3,50,Local Road,FERGUSON,MITCHELL,-37.206547,145.04631,2019,4,April,8,Morning Peak,Weekday
T20190006854,2019-04-11,07:35:00,1,Collision with vehicle,4,Thursday,114,TWO RIGHT TURNING (INTERSECTIONS ONLY),1,48296,T intersection,3,100,Local Road,BALD HILL,CARDINIA,-38.099277,145.5664,2019,4,April,7,Morning Peak,Weekday
T20190006892,2019-04-11,17:30:00,1,Collision with vehicle,4,Thursday,121,RIGHT THROUGH,2,37914,Cross intersection,3,60,Arterial Other,WESTGARTH,DAREBIN,-37.780743,144.99396,2019,4,April,17,Afternoon Peak,Weekday
T20190006857,2019-04-11,13:05:00,1,Collision with vehicle,4,Thursday,113,RIGHT NEAR (INTERSECTIONS ONLY),1,53376,T intersection,3,70,Arterial Highway,NORTHERN,CAMPASPE,-36.155174,144.73119,2019,4,April,13,Midday,Weekday
T20190006895,2019-04-11,14:49:00,1,Collision with vehicle,4,Thursday,130,REAR END(VEHICLES IN SAME LANE),1,360519,Not at intersection,3,80,Arterial Highway,PRINCES,CASEY,-38.00316,145.2488,2019,4,April,14,Midday,Weekday
T20190006901,2019-04-11,15:06:00,1,Collision with vehicle,4,Thursday,130,REAR END(VEHICLES IN SAME LANE),1,54219,T intersection,2,60,Local Road,HOPETOUN,BOROONDARA,-37.817978,145.0774,2019,4,April,15,Afternoon Peak,Weekday
T20190006902,2019-04-11,19:35:00,4,Collision with a fixed object,4,Thursday,171,LEFT OFF CARRIAGEWAY INTO OBJECT/PARKED VEHICLE,3,345023,Not at intersection,3,60,Arterial Other,GEELONG,MARIBYRNONG,-37.804405,144.88359,2019,4,April,19,Night,Weekday
T20190006886,2019-04-11,18:05:00,6,Vehicle overturned (no collision),4,Thursday,174,OUT OF CONTROL ON CARRIAGEWAY (ON STRAIGHT),3,344275,Not at intersection,3,50,Local Road,WADE,BAW BAW,-38.142418,145.8515,2019,4,April,18,Afternoon Peak,Weekday
T20190006905,2019-04-11,18:42:00,8,No collision and no object struck,4,Thursday,179,OTHER ACCIDENTS-OFF STRAIGHT NOT INCLUDED IN DCAs 170-175,3,63801,Cross intersection,2,50,Local Road,MCPHERSON,MOONEE VALLEY,-37.7638,144.92781,2019,4,April,18,Afternoon Peak,Weekday
T20190006879,2019-04-11,16:30:00,1,Collision with vehicle,4,Thursday,132,RIGHT REAR.,1,52772,T intersection,3,60,Local Road,DOVETON,BALLARAT,-37.540558,143.85898,2019,4,April,16,Afternoon Peak,Weekday
T20190017372,2019-04-11,22:00:00,1,Collision with vehicle,4,Thursday,110,CROSS TRAFFIC(INTERSECTIONS ONLY),3,304636,Cross intersection,3,60,Local Road,AITKEN,HUME,-37.616432,144.91342,2019,4,April,22,Night,Weekday
T20190010006,2019-04-11,13:02:00,1,Collision with vehicle,4,Thursday,160,VEHICLE COLLIDES WITH VEHICLE PARKED ON LEFT OF ROAD,1,360524,T intersection,3,50,Local Road,FOOTE,BAYSIDE,-37.892986,144.99394,2019,4,April,13,Midday,Weekday
T20190006866,2019-04-11,10:00:00,1,Collision with vehicle,4,Thursday,153,CUTTING IN (OVERTAKING),1,40552,T intersection,3,50,Local Road,FRASER,MOONEE VALLEY,-37.724766,144.8909,2019,4,April,10,Midday,Weekday
T20190006865,2019-04-11,13:05:00,1,Collision with vehicle,4,Thursday,130,REAR END(VEHICLES IN SAME LANE),1,40714,T intersection,3,60,Arterial Other,MIDDLEBOROUGH,WHITEHORSE,-37.84903,145.1329,2019,4,April,13,Midday,Weekday
T20190006864,2019-04-11,11:15:00,6,Vehicle overturned (no collision),4,Thursday,184,OUT OF CONTROL ON CARRIAGEWAY (ON BEND),1,344212,Not at intersection,2,100,Local Road,WEIR,WELLINGTON,-37.90031,146.80571,2019,4,April,11,Midday,Weekday
T20190006858,2019-04-11,12:15:00,1,Collision with vehicle,4,Thursday,121,RIGHT THROUGH,1,49974,Cross intersection,2,50,Arterial Other,RYRIE,GEELONG,-38.15276,144.37224,2019,4,April,12,Midday,Weekday
T20190006915,2019-04-11,21:45:00,1,Collision with vehicle,4,Thursday,140,U TURN,3,344797,Not at intersection,2,60,Arterial Highway,PLENTY,DAREBIN,-37.7018,145.05753,2019,4,April,21,Night,Weekday
T20190006859,2019-04-11,12:35:00,1,Collision with vehicle,4,Thursday,121,RIGHT THROUGH,1,345332,T intersection,3,60,Arterial Highway,BELL,DAREBIN,-37.744946,145.00151,2019,4,April,12,Midday,Weekday
T20190006912,2019-04-11,19:53:00,1,Collision with vehicle,4,Thursday,121,RIGHT THROUGH,3,221997,T intersection,3,60,Freeway,ELGAR,WHITEHORSE,-37.796593,145.1184,2019,4,April,19,Night,Weekday
T20190006911,2019-04-11,22:30:00,1,Collision with vehicle,4,Thursday,115,RIGHT/LEFT FAR (INTERSECTIONS ONLY),3,350792,Cross intersection,3,60,Arterial Highway,BALLARAT,GEELONG,-38.126865,144.33936,2019,4,April,22,Night,Weekday
T20190006863,2019-04-11,08:47:00,1,Collision with vehicle,4,Thursday,110,CROSS TRAFFIC(INTERSECTIONS ONLY),1,45041,Cross intersection,3,80,Arterial Other,SHAKESPEARE STREET -TRARALGON CREEK,LATROBE,-38.201504,146.54456,2019,4,April,8,Morning Peak,Weekday
T20190006872,2019-04-11,10:00:00,2,Struck Pedestrian,4,Thursday,100,PED NEAR SIDE. PED HIT BY VEHICLE FROM THE RIGHT.,1,344127,T intersection,2,50,Local Road,BULONG,DANDENONG,-37.98293,145.20377,2019,4,April,10,Midday,Weekday
T20190006884,2019-04-11,10:20:00,1,Collision with vehicle,4,Thursday,131,LEFT REAR,1,332723,T intersection,2,50,Arterial Other,PLENTY,WHITTLESEA,-37.592636,145.10196,2019,4,April,10,Midday,Weekday
T20190006949,2019-04-11,16:00:00,1,Collision with vehicle,4,Thursday,134,LANE CHANGE RIGHT (NOT OVERTAKING),1,344572,Not at intersection,2,50,Arterial Other,NICHOLSON,MORELAND,-37.7727,144.97934,2019,4,April,16,Afternoon Peak,Weekday
T20190006871,2019-04-11,14:20:00,1,Collision with vehicle,4,Thursday,147,VEHICLE STRIKES ANOTHER VEH WHILE EMERGING FROM DRIVEWAY,1,344141,Not at intersection,3,80,Arterial Other,STUD,KNOX,-37.86701,145.2361,2019,4,April,14,Midday,Weekday
T20190006869,2019-04-11,13:00:00,1,Collision with vehicle,4,Thursday,115,RIGHT/LEFT FAR (INTERSECTIONS ONLY),1,344657,T intersection,3,100,Local Road,BROWNS-SCARSDALE,GOLDEN PLAINS,-37.665283,143.68123,2019,4,April,13,Midday,Weekday
T20190006849,2019-04-11,10:00:00,1,Collision with vehicle,4,Thursday,113,RIGHT NEAR (INTERSECTIONS ONLY),1,344578,T intersection,2,60,Arterial Other,POLICE,MONASH,-37.935936,145.1788,2019,4,April,10,Midday,Weekday
T20190006861,2019-04-11,11:40:00,1,Collision with vehicle,4,Thursday,133,LANE SIDE SWIPE (VEHICLES IN PARALLEL LANES),1,344160,Not at intersection,2,100,Freeway,WESTERN RING,BRIMBANK,-37.744522,144.84273,2019,4,April,11,Midday,Weekday
T20190007266,2019-04-11,12:50:00,1,Collision with vehicle,4,Thursday,121,RIGHT THROUGH,1,276044,Multiple intersection,2,60,Local Road,INGLEWOOD,MELTON,-37.730373,144.74962,2019,4,April,12,Midday,Weekday
T20190006853,2019-04-11,07:08:00,1,Collision with vehicle,4,Thursday,140,U TURN,1,344139,Not at intersection,2,80,Arterial Highway,WELLINGTON,MONASH,-37.916862,145.14569,2019,4,April,7,Morning Peak,Weekday
T20190006841,2019-04-11,07:50:00,1,Collision with vehicle,4,Thursday,137,LEFT TURN SIDESWIPE,1,29529,Cross intersection,2,40,Arterial Highway,RACECOURSE,MELBOURNE,-37.78816,144.92947,2019,4,April,7,Morning Peak,Weekday
T20190006850,2019-04-11,06:45:00,1,Collision with vehicle,4,Thursday,163,VEHICLE STRIKES DOOR OF PARKED/STATIONARY VEHICLE,2,344117,Not at intersection,3,70,Arterial Other,SOUTH,BAYSIDE,-37.92946,145.00583,2019,4,April,6,Morning Peak,Weekday
T20190006867,2019-04-11,13:21:00,1,Collision with vehicle,4,Thursday,130,REAR END(VEHICLES IN SAME LANE),1,651786,Not at intersection,3,60,Local Road,SNEYDES,WYNDHAM,-37.898754,144.69315,2019,4,April,13,Midday,Weekday
T20190006852,2019-04-11,07:40:00,6,Vehicle overturned (no collision),4,Thursday,170,OFF CARRIAGEWAY TO LEFT,1,346424,Not at intersection,3,100,Local Road,EURAMBEEN-SETTLEMENT,PYRENEES,-37.4608,143.24245,2019,4,April,7,Morning Peak,Weekday
T20190006882,2019-04-11,15:40:00,1,Collision with vehicle,4,Thursday,160,VEHICLE COLLIDES WITH VEHICLE PARKED ON LEFT OF ROAD,1,360517,Not at intersection,3,60,Local Road,HERALD,KINGSTON,-37.95567,145.0729,2019,4,April,15,Afternoon Peak,Weekday
T20190006880,2019-04-11,16:45:00,1,Collision with vehicle,4,Thursday,136,RIGHT TURN SIDESWIPE,1,248719,Cross intersection,3,60,Arterial Highway,PLENTY,BANYULE,-37.697884,145.05907,2019,4,April,16,Afternoon Peak,Weekday
T20190007114,2019-04-11,18:00:00,1,Collision with vehicle,4,Thursday,110,CROSS TRAFFIC(INTERSECTIONS ONLY),9,35942,Cross intersection,3,60,Arterial Other,MORELAND,MORELAND,-37.75568,144.96599,2019,4,April,18,Afternoon Peak,Weekday
T20190007979,2019-04-11,07:15:00,1,Collision with vehicle,4,Thursday,160,VEHICLE COLLIDES WITH VEHICLE PARKED ON LEFT OF ROAD,2,344715,Not at intersection,3,50,Local Road,OLD BELGRAVE,KNOX,-37.89594,145.3165,2019,4,April,7,Morning Peak,Weekday
T20190006945,2019-04-11,17:30:00,1,Collision with vehicle,4,Thursday,140,U TURN,1,345700,Not at intersection,2,60,Arterial Other,THOMPSON,GEELONG,-38.10244,144.345,2019,4,April,17,Afternoon Peak,Weekday
T20190009008,2019-04-11,14:00:00,1,Collision with vehicle,4,Thursday,120,HEAD ON (NOT OVERTAKING),1,345144,Not at intersection,3,50,Local Road,EDWARD,MORELAND,-37.774765,144.96939,2019,4,April,14,Midday,Weekday
T20190006922,2019-04-11,22:10:00,6,Vehicle overturned (no collision),4,Thursday,174,OUT OF CONTROL ON CARRIAGEWAY (ON STRAIGHT),3,344140,Not at intersection,3,70,Arterial Highway,BURWOOD,WHITEHORSE,-37.851105,145.12349,2019,4,April,22,Night,Weekday
T20190007066,2019-04-12,19:20:00,1,Collision with vehicle,5,Friday,121,RIGHT THROUGH,3,57165,Cross intersection,3,60,Local Road,CAIRNLEA,BRIMBANK,-37.76317,144.78975,2019,4,April,19,Night,Weekday
T20190006914,2019-04-12,02:00:00,6,Vehicle overturned (no collision),5,Friday,182,OFF CARRIAGEWAY ON LEFT BEND,6,344286,Not at intersection,2,100,Local Road,RENNIE,GEELONG,-38.05144,144.39719,2019,4,April,2,Late Night,Weekday
T20190006938,2019-04-12,07:55:00,1,Collision with vehicle,5,Friday,121,RIGHT THROUGH,1,52740,T intersection,2,60,Freeway,CRESWICK,BALLARAT,-37.52275,143.8447,2019,4,April,7,Morning Peak,Weekday
T20190006982,2019-04-12,20:25:00,1,Collision with vehicle,5,Friday,121,RIGHT THROUGH,3,44131,Cross intersection,2,40,Local Road,BRUCE,DAREBIN,-37.7426,145.0033,2019,4,April,20,Night,Weekday
T20190006984,2019-04-12,19:30:00,1,Collision with vehicle,5,Friday,121,RIGHT THROUGH,3,345579,Cross intersection,2,70,Arterial Other,BLUFF ROAD -CUMMINS,BAYSIDE,-37.93187,145.02573,2019,4,April,19,Night,Weekday
T20190006986,2019-04-12,20:40:00,1,Collision with vehicle,5,Friday,134,LANE CHANGE RIGHT (NOT OVERTAKING),3,929,Cross intersection,3,80,Arterial Highway,FRANKSTON-DANDENONG,FRANKSTON,-38.105297,145.16763,2019,4,April,20,Night,Weekday
T20190008163,2019-04-12,07:10:00,1,Collision with vehicle,5,Friday,130,REAR END(VEHICLES IN SAME LANE),1,38426,T intersection,3,60,Local Road,BLACK SPRINGS,YARRA RANGES,-37.755196,145.29073,2019,4,April,7,Morning Peak,Weekday
T20190007156,2019-04-12,15:31:00,1,Collision with vehicle,5,Friday,121,RIGHT THROUGH,1,20923,T intersection,3,60,Freeway,OLD GIPPSTOWN,LATROBE,-38.183887,146.23848,2019,4,April,15,Afternoon Peak,Weekday
T20190006941,2019-04-12,10:53:00,1,Collision with vehicle,5,Friday,110,CROSS TRAFFIC(INTERSECTIONS ONLY),1,35355,Cross intersection,3,40,Local Road,ELIZABETH,MELBOURNE,-37.812283,144.96227,2019,4,April,10,Midday,Weekday
T20190007004,2019-04-12,11:08:00,1,Collision with vehicle,5,Friday,110,CROSS TRAFFIC(INTERSECTIONS ONLY),1,50618,Cross intersection,2,50,Local Road,HART,COLAC OTWAY,-38.344166,143.58046,2019,4,April,11,Midday,Weekday
T20190007330,2019-04-12,19:00:00,1,Collision with vehicle,5,Friday,135,LANE CHANGE LEFT (NOT OVERTAKING),2,37960,T intersection,3,60,Arterial Other,HEIDELBERG,YARRA,-37.785023,145.00174,2019,4,April,19,Night,Weekday
T20190011012,2019-04-12,07:50:00,1,Collision with vehicle,5,Friday,130,REAR END(VEHICLES IN SAME LANE),9,114185,Not at intersection,3,60,Arterial Other,MORELAND,MORELAND,-37.754715,144.95796,2019,4,April,7,Morning Peak,Weekday
T20190006958,2019-04-12,16:15:00,1,Collision with vehicle,5,Friday,130,REAR END(VEHICLES IN SAME LANE),1,638609,Not at intersection,3,40,Arterial Other,SUNSHINE,BRIMBANK,-37.749554,144.83173,2019,4,April,16,Afternoon Peak,Weekday
T20190007385,2019-04-12,19:30:00,1,Collision with vehicle,5,Friday,130,REAR END(VEHICLES IN SAME LANE),9,11447,Not at intersection,3,60,Freeway,BLACKBURN,MONASH,-37.8952,145.14404,2019,4,April,19,Night,Weekday
T20190006981,2019-04-12,20:00:00,1,Collision with vehicle,5,Friday,130,REAR END(VEHICLES IN SAME LANE),3,360570,Not at intersection,3,60,Arterial Other,MELTON-WERRIBEE,WYNDHAM,-37.88331,144.68199,2019,4,April,20,Night,Weekday
T20190006980,2019-04-12,17:00:00,1,Collision with vehicle,5,Friday,111,RIGHT FAR (INTERSECTIONS ONLY),1,344404,T intersection,3,50,Local Road,HUMMINGBIRD,WYNDHAM,-37.83555,144.66116,2019,4,April,17,Afternoon Peak,Weekday
T20190006975,2019-04-12,17:05:00,1,Collision with vehicle,5,Friday,120,HEAD ON (NOT OVERTAKING),1,623220,Not at intersection,3,60,Arterial Other,MONBULK,YARRA RANGES,-37.879047,145.3763,2019,4,April,17,Afternoon Peak,Weekday
T20190006956,2019-04-12,16:40:00,1,Collision with vehicle,5,Friday,121,RIGHT THROUGH,1,360569,Not at intersection,2,70,Arterial Other,BALLARTO,FRANKSTON,-38.116978,145.19247,2019,4,April,16,Afternoon Peak,Weekday
T20190006974,2019-04-12,17:56:00,1,Collision with vehicle,5,Friday,133,LANE SIDE SWIPE (VEHICLES IN PARALLEL LANES),2,347177,Not at intersection,2,100,Freeway,WESTERN RING,MORELAND,-37.698666,144.89734,2019,4,April,17,Afternoon Peak,Weekday