ACCIDENT_NO,ACCIDENT_DATE,ACCIDENT_TIME,ACCIDENT_TYPE,ACCIDENT_TYPE_DESC,DAY_OF_WEEK,DAY_WEEK_DESC,DCA_CODE,DCA_DESC,LIGHT_CONDITION,NODE_ID,ROAD_GEOMETRY_DESC,SEVERITY,SPEED_ZONE,RMA,ROAD_NAME,LGA_NAME,LATITUDE,LONGITUDE,YEAR,MONTH,MONTH_NAME,HOUR,TIME_PERIOD,DAY_TYPE
T20190006973,2019-04-12,15:34:00,1,Collision with vehicle,5,Friday,130,REAR END(VEHICLES IN SAME LANE),1,344171,Not at intersection,2,80,Arterial Highway,GREAT ALPINE,EAST GIPPSLAND,-37.39355,147.8349,2019,4,April,15,Afternoon Peak,Weekday
T20190007149,2019-04-12,16:50:00,1,Collision with vehicle,5,Friday,110,CROSS TRAFFIC(INTERSECTIONS ONLY),1,54011,Cross intersection,3,50,Local Road,BUCKINGHAM,YARRA,-37.814285,145.00615,2019,4,April,16,Afternoon Peak,Weekday
T20190006970,2019-04-12,16:50:00,1,Collision with vehicle,5,Friday,130,REAR END(VEHICLES IN SAME LANE),1,344169,Not at intersection,3,80,Freeway,CALDER,BRIMBANK,-37.71083,144.82704,2019,4,April,16,Afternoon Peak,Weekday
T20190006968,2019-04-12,16:48:00,1,Collision with vehicle,5,Friday,130,REAR END(VEHICLES IN SAME LANE),1,344297,Not at intersection,3,80,Arterial Highway,PRINCES HIGHWAY,BRIMBANK,-37.81632,144.85063,2019,4,April,16,Afternoon Peak,Weekday
T20190006967,2019-04-12,19:00:00,1,Collision with vehicle,5,Friday,113,RIGHT NEAR (INTERSECTIONS ONLY),3,57692,T intersection,2,70,Arterial Highway,POINT NEPEAN,MORNINGTON PENINSULA,-38.36244,144.78625,2019,4,April,19,Night,Weekday
T20190006966,2019-04-12,18:30:00,1,Collision with vehicle,5,Friday,121,RIGHT THROUGH,3,49935,Cross intersection,3,60,Arterial Highway,LATROBE,GEELONG,-38.147438,144.35275,2019,4,April,18,Afternoon Peak,Weekday
T20190006964,2019-04-12,16:14:00,2,Struck Pedestrian,5,Friday,100,PED NEAR SIDE. PED HIT BY VEHICLE FROM THE RIGHT.,1,46134,T intersection,2,60,Arterial Other,CLYDE,CASEY,-38.03295,145.34334,2019,4,April,16,Afternoon Peak,Weekday
T20190006962,2019-04-12,17:01:00,1,Collision with vehicle,5,Friday,121,RIGHT THROUGH,1,44781,T intersection,3,60,Arterial Other,KARINGAL DRIVE -ST HELENA,BANYULE,-37.701,145.12192,2019,4,April,17,Afternoon Peak,Weekday
T20190006923,2019-04-12,07:40:00,2,Struck Pedestrian,5,Friday,107,PED ON FOOTHPATH STRUCK BY VEHENTERING/LEAVING DRIVEWAY.,1,344184,Not at intersection,2,60,Arterial Other,PRINCES,BAW BAW,-38.12704,145.84673,2019,4,April,7,Morning Peak,Weekday
T20190006951,2019-04-12,13:55:00,1,Collision with vehicle,5,Friday,121,RIGHT THROUGH,1,29627,T intersection,3,60,Arterial Other,MOUNTAIN,KNOX,-37.841595,145.2633,2019,4,April,13,Midday,Weekday
T20190007030,2019-04-12,07:30:00,1,Collision with vehicle,5,Friday,113,RIGHT NEAR (INTERSECTIONS ONLY),2,44150,T intersection,3,60,Arterial Other,EASTBOURNE,MORNINGTON PENINSULA,-38.367126,144.87607,2019,4,April,7,Morning Peak,Weekday
T20190006948,2019-04-12,13:40:00,1,Collision with vehicle,5,Friday,111,RIGHT FAR (INTERSECTIONS ONLY),1,344201,Cross intersection,3,60,Arterial Highway,FRANKSTON-DANDENONG ROAD -THOMPSON,DANDENONG,-38.071587,145.19478,2019,4,April,13,Midday,Weekday
T20190007026,2019-04-12,20:00:00,1,Collision with vehicle,5,Friday,121,RIGHT THROUGH,3,37711,T intersection,3,40,Arterial Other,CHURCH,YARRA,-37.83191,144.99681,2019,4,April,20,Night,Weekday
T20190006940,2019-04-12,11:00:00,1,Collision with vehicle,5,Friday,130,REAR END(VEHICLES IN SAME LANE),1,39906,T intersection,3,70,Arterial Other,GRIEVE,HOBSONS BAY,-37.838806,144.82562,2019,4,April,11,Midday,Weekday
T20190009654,2019-04-12,16:48:00,2,Struck Pedestrian,5,Friday,100,PED NEAR SIDE. PED HIT BY VEHICLE FROM THE RIGHT.,1,66110,Cross intersection,3,50,Arterial Other,GLENFERRIE,BOROONDARA,-37.818825,145.03606,2019,4,April,16,Afternoon Peak,Weekday
T20190006947,2019-04-12,14:25:00,1,Collision with vehicle,5,Friday,116,LEFT NEAR (INTERSECTIONS ONLY),1,44419,Cross intersection,3,50,Arterial Other,STATION,GEELONG,-38.085228,144.3674,2019,4,April,14,Midday,Weekday
T20190006924,2019-04-12,06:40:00,8,No collision and no object struck,5,Friday,151,OUT OF CONTROL (OVERTAKING),1,344577,Not at intersection,2,100,Freeway,MONASH,DANDENONG,-37.95739,145.22156,2019,4,April,6,Morning Peak,Weekday
T20190006942,2019-04-12,08:30:00,1,Collision with vehicle,5,Friday,130,REAR END(VEHICLES IN SAME LANE),1,344210,Not at intersection,3,60,Arterial Other,CANTERBURY,BOROONDARA,-37.825153,145.09064,2019,4,April,8,Morning Peak,Weekday
T20190006944,2019-04-12,06:20:00,1,Collision with vehicle,5,Friday,137,LEFT TURN SIDESWIPE,1,40981,T intersection,1,60,Arterial Other,PASCOE VALE,MORELAND,-37.703358,144.91547,2019,4,April,6,Morning Peak,Weekday
T20190006950,2019-04-12,11:40:00,1,Collision with vehicle,5,Friday,147,VEHICLE STRIKES ANOTHER VEH WHILE EMERGING FROM DRIVEWAY,1,344982,Not at intersection,2,60,Arterial Other,THOMPSON,GEELONG,-38.101562,144.34517,2019,4,April,11,Midday,Weekday
T20190006921,2019-04-12,01:15:00,4,Collision with a fixed object,5,Friday,171,LEFT OFF CARRIAGEWAY INTO OBJECT/PARKED VEHICLE,3,45973,Cross intersection,1,50,Local Road,FIELD,MORNINGTON PENINSULA,-38.376762,144.84169,2019,4,April,1,Late Night,Weekday
T20190006929,2019-04-12,06:45:00,5,collision with some other object,5,Friday,166,STRUCK OBJECT ON CARRIAGEWAY,5,344667,Not at intersection,3,60,Arterial Other,RINGWOOD-WARRANDYTE,MANNINGHAM,-37.77984,145.23328,2019,4,April,6,Morning Peak,Weekday
T20190007002,2019-04-13,07:30:00,1,Collision with vehicle,6,Saturday,147,VEHICLE STRIKES ANOTHER VEH WHILE EMERGING FROM DRIVEWAY,2,345266,Not at intersection,2,80,Arterial Highway,NEPEAN,MORNINGTON PENINSULA,-38.25138,145.03648,2019,4,April,7,Morning Peak,Weekend
T20190007034,2019-04-13,15:03:00,1,Collision with vehicle,6,Saturday,147,VEHICLE STRIKES ANOTHER VEH WHILE EMERGING FROM DRIVEWAY,1,344282,Not at intersection,2,50,Local Road,COMMERCIAL,MELTON,-37.729492,144.74274,2019,4,April,15,Afternoon Peak,Weekend
T20190006997,2019-04-13,00:30:00,1,Collision with vehicle,6,Saturday,140,U TURN,3,344378,Not at intersection,2,40,Arterial Other,SWAN,YARRA,-37.826862,145.00868,2019,4,April,0,Late Night,Weekend
T20190007006,2019-04-13,06:30:00,4,Collision with a fixed object,6,Saturday,173,RIGHT OFF CARRIAGEWAY INTO OBJECT/PARKED VEHICLE,2,345505,Not at intersection,2,100,Local Road,INGLEWOOD-RHEOLA,LODDON,-36.61693,143.73103,2019,4,April,6,Morning Peak,Weekend
T20190007044,2019-04-13,17:30:00,4,Collision with a fixed object,6,Saturday,181,OFF RIGHT BEND INTO OBJECT/PARKED VEHICLE,5,344787,Not at intersection,2,100,Local Road,AXEDALE-TOOLLEEN,BENDIGO,-36.749756,144.60976,2019,4,April,17,Afternoon Peak,Weekend
T20190007047,2019-04-13,17:44:00,2,Struck Pedestrian,6,Saturday,102,FAR SIDE. PED HIT BY VEHICLE FROM THE LEFT,2,344545,Not at intersection,3,40,Local Road,GATEHOUSE,MELBOURNE,-37.79585,144.95212,2019,4,April,17,Afternoon Peak,Weekend
T20190007054,2019-04-13,23:55:00,1,Collision with vehicle,6,Saturday,160,VEHICLE COLLIDES WITH VEHICLE PARKED ON LEFT OF ROAD,3,344902,Not at intersection,3,60,Local Road,ORMOND,CASEY,-38.05562,145.28873,2019,4,April,23,Night,Weekend
T20190007052,2019-04-13,22:27:00,6,Vehicle overturned (no collision),6,Saturday,170,OFF CARRIAGEWAY TO LEFT,3,64568,T intersection,2,60,Local Road,ENFIELD,MANNINGHAM,-37.784576,145.20769,2019,4,April,22,Night,Weekend
T20190007051,2019-04-13,15:53:00,1,Collision with vehicle,6,Saturday,140,U TURN,1,360414,T intersection,2,80,Arterial Other,MAHONEYS,HUME,-37.690285,144.96437,2019,4,April,15,Afternoon Peak,Weekend
T20190007041,2019-04-13,14:15:00,1,Collision with vehicle,6,Saturday,130,REAR END(VEHICLES IN SAME LANE),1,32382,T intersection,3,80,Arterial Highway,BURWOOD,KNOX,-37.86961,145.23772,2019,4,April,14,Midday,Weekend
T20190007008,2019-04-13,10:22:00,1,Collision with vehicle,6,Saturday,116,LEFT NEAR (INTERSECTIONS ONLY),1,344355,T intersection,3,60,Arterial Other,HIGH STREET SERVICE,MELTON,-37.683784,144.57555,2019,4,April,10,Midday,Weekend
T20190007078,2019-04-13,18:22:00,1,Collision with vehicle,6,Saturday,147,VEHICLE STRIKES ANOTHER VEH WHILE EMERGING FROM DRIVEWAY,3,344493,Not at intersection,3,60,Arterial Other,HALLAM SOUTH,CASEY,-38.018368,145.27081,2019,4,April,18,Afternoon Peak,Weekend
T20190007714,2019-04-13,20:10:00,1,Collision with vehicle,6,Saturday,130,REAR END(VEHICLES IN SAME LANE),2,344507,Not at intersection,3,60,Arterial Other,SLADEN,CASEY,-38.11311,145.28339,2019,4,April,20,Night,Weekend
T20190007067,2019-04-13,15:50:00,1,Collision with vehicle,6,Saturday,130,REAR END(VEHICLES IN SAME LANE),1,360415,Not at intersection,3,80,Arterial Highway,BASS,BASS COAST,-38.407307,145.53056,2019,4,April,15,Afternoon Peak,Weekend
T20190007009,2019-04-13,10:20:00,1,Collision with vehicle,6,Saturday,130,REAR END(VEHICLES IN SAME LANE),1,344181,T intersection,2,70,Arterial Highway,NORTH,MONASH,-37.9096,145.08603,2019,4,April,10,Midday,Weekend
T20190007092,2019-04-13,17:15:00,1,Collision with vehicle,6,Saturday,110,CROSS TRAFFIC(INTERSECTIONS ONLY),1,49611,Cross intersection,2,60,Local Road,CURLETTS,GEELONG,-38.018135,144.40462,2019,4,April,17,Afternoon Peak,Weekend
T20190007351,2019-04-13,17:15:00,1,Collision with vehicle,6,Saturday,130,REAR END(VEHICLES IN SAME LANE),1,39708,T intersection,3,50,Arterial Other,MT DANDENONG,MAROONDAH,-37.80152,145.25797,2019,4,April,17,Afternoon Peak,Weekend
T20190007014,2019-04-13,11:20:00,1,Collision with vehicle,6,Saturday,110,CROSS TRAFFIC(INTERSECTIONS ONLY),1,45208,Cross intersection,2,100,Arterial Other,GEELONG-BACCHUS MARSH,MOORABOOL,-37.753193,144.44313,2019,4,April,11,Midday,Weekend
T20190007023,2019-04-13,08:00:00,4,Collision with a fixed object,6,Saturday,173,RIGHT OFF CARRIAGEWAY INTO OBJECT/PARKED VEHICLE,1,344324,Not at intersection,3,100,Arterial Other,DONALD-SWAN HILL,BULOKE,-36.25979,143.03195,2019,4,April,8,Morning Peak,Weekend
T20190007063,2019-04-13,14:30:00,1,Collision with vehicle,6,Saturday,152,PULLING OUT (OVERTAKING),1,660361,Cross intersection,2,100,Local Road,PITT,CARDINIA,-38.15523,145.67575,2019,4,April,14,Midday,Weekend
T20190007025,2019-04-13,12:19:00,1,Collision with vehicle,6,Saturday,162,ACCIDENT OR BROKEN DOWN,1,360413,Not at intersection,2,100,Freeway,WESTERN IN-ROBINSONS,MELTON,-37.793373,144.7511,2019,4,April,12,Midday,Weekend
T20190007027,2019-04-13,14:47:00,1,Collision with vehicle,6,Saturday,130,REAR END(VEHICLES IN SAME LANE),1,344274,Not at intersection,2,50,Local Road,CLONMORE,BAYSIDE,-37.979115,145.0353,2019,4,April,14,Midday,Weekend
T20190007033,2019-04-13,14:22:00,1,Collision with vehicle,6,Saturday,135,LANE CHANGE LEFT (NOT OVERTAKING),1,344298,Not at intersection,3,100,Freeway,METROPOLITAN RING,WHITTLESEA,-37.686188,145.05598,2019,4,April,14,Midday,Weekend
T20190007132,2019-04-13,10:30:00,4,Collision with a fixed object,6,Saturday,173,RIGHT OFF CARRIAGEWAY INTO OBJECT/PARKED VEHICLE,1,84101,Not at intersection,2,50,Local Road,JOHN,YARRA RANGES,-37.757984,145.34605,2019,4,April,10,Midday,Weekend
T20190007583,2019-04-14,15:00:00,1,Collision with vehicle,7,Sunday,121,RIGHT THROUGH,1,37788,Cross intersection,3,60,Arterial Other,ORRONG,STONNINGTON,-37.841675,145.01384,2019,4,April,15,Afternoon Peak,Weekend
T20190007102,2019-04-14,16:10:00,6,Vehicle overturned (no collision),7,Sunday,170,OFF CARRIAGEWAY TO LEFT,1,345000,Not at intersection,2,100,Local Road,GUNDOWRING,INDIGO,-36.26053,147.07626,2019,4,April,16,Afternoon Peak,Weekend
T20190007101,2019-04-14,15:00:00,1,Collision with vehicle,7,Sunday,135,LANE CHANGE LEFT (NOT OVERTAKING),1,344826,Dead end,2,80,Arterial Highway,PRINCES,CASEY,-38.00251,145.24332,2019,4,April,15,Afternoon Peak,Weekend
T20190007070,2019-04-14,09:21:00,1,Collision with vehicle,7,Sunday,110,CROSS TRAFFIC(INTERSECTIONS ONLY),1,51458,Cross intersection,2,60,Local Road,ALLAN,CAMPASPE,-36.313526,145.04074,2019,4,April,9,Morning Peak,Weekend
T20190007098,2019-04-14,11:00:00,1,Collision with vehicle,7,Sunday,130,REAR END(VEHICLES IN SAME LANE),1,344301,T intersection,3,80,Freeway,BULLEEN,BOROONDARA,-37.78085,145.0787,2019,4,April,11,Midday,Weekend
T20190007096,2019-04-14,14:00:00,1,Collision with vehicle,7,Sunday,121,RIGHT THROUGH,1,38923,Not at intersection,3,60,Arterial Other,COTHAM,BOROONDARA,-37.807156,145.03331,2019,4,April,14,Midday,Weekend
T20190007094,2019-04-14,13:59:00,4,Collision with a fixed object,7,Sunday,173,RIGHT OFF CARRIAGEWAY INTO OBJECT/PARKED VEHICLE,1,344660,Not at intersection,2,70,Arterial Other,CHANDLER,BOROONDARA,-37.786777,145.02547,2019,4,April,13,Midday,Weekend
T20190007090,2019-04-14,12:29:00,1,Collision with vehicle,7,Sunday,160,VEHICLE COLLIDES WITH VEHICLE PARKED ON LEFT OF ROAD,1,344253,Not at intersection,3,50,Local Road,FISHER,STONNINGTON,-37.87874,145.05768,2019,4,April,12,Midday,Weekend
T20190007196,2019-04-14,14:00:00,1,Collision with vehicle,7,Sunday,163,VEHICLE STRIKES DOOR OF PARKED/STATIONARY VEHICLE,1,345267,Not at intersection,3,40,Arterial Other,COMMERCIAL,STONNINGTON,-37.84667,144.9926,2019,4,April,14,Midday,Weekend
T20190007144,2019-04-14,19:20:00,1,Collision with vehicle,7,Sunday,121,RIGHT THROUGH,3,344339,T intersection,2,60,Arterial Highway,TELFORD,MOIRA,-36.0157,146.01129,2019,4,April,19,Night,Weekend
T20190007124,2019-04-14,22:20:00,1,Collision with vehicle,7,Sunday,121,RIGHT THROUGH,4,44275,T intersection,2,80,Arterial Other,PASCOE VALE,HUME,-37.657604,144.92679,2019,4,April,22,Night,Weekend
T20190007118,2019-04-14,19:30:00,1,Collision with vehicle,7,Sunday,120,HEAD ON (NOT OVERTAKING),5,345482,Not at intersection,2,40,Local Road,DAVIS,WYNDHAM,-37.827187,144.65514,2019,4,April,19,Night,Weekend
T20190007116,2019-04-14,20:03:00,1,Collision with vehicle,7,Sunday,147,VEHICLE STRIKES ANOTHER VEH WHILE EMERGING FROM DRIVEWAY,3,593161,Not at intersection,2,40,Local Road,MARKET,PORT PHILLIP,-37.830143,144.95743,2019,4,April,20,Night,Weekend
T20190007112,2019-04-14,16:30:00,7,Fall from or in moving vehicle,7,Sunday,179,OTHER ACCIDENTS-OFF STRAIGHT NOT INCLUDED IN DCAs 170-175,1,344615,T intersection,2,60,Local Road,AVONLEA,GEELONG,-38.091038,144.32391,2019,4,April,16,Afternoon Peak,Weekend
T20190007110,2019-04-14,16:50:00,1,Collision with vehicle,7,Sunday,140,U TURN,1,70284,Cross intersection,3,80,Freeway,PRINCES,DANDENONG,-37.966667,145.19429,2019,4,April,16,Afternoon Peak,Weekend
T20190007106,2019-04-14,13:49:00,1,Collision with vehicle,7,Sunday,130,REAR END(VEHICLES IN SAME LANE),1,344278,Not at intersection,3,60,Local Road,MONASH,LATROBE,-38.18396,146.29285,2019,4,April,13,Midday,Weekend
T20190007088,2019-04-14,11:30:00,1,Collision with vehicle,7,Sunday,130,REAR END(VEHICLES IN SAME LANE),1,40223,Cross intersection,2,70,Arterial Highway,DANDENONG,GLEN EIRA,-37.86288,145.01944,2019,4,April,11,Midday,Weekend
T20190007087,2019-04-14,11:10:00,1,Collision with vehicle,7,Sunday,130,REAR END(VEHICLES IN SAME LANE),1,344397,Not at intersection,2,80,Arterial Other,BOUNDARY,KINGSTON,-37.98139,145.11014,2019,4,April,11,Midday,Weekend
T20190007079,2019-04-14,10:45:00,1,Collision with vehicle,7,Sunday,113,RIGHT NEAR (INTERSECTIONS ONLY),1,44197,Cross intersection,2,60,Arterial Other,BULLA-DIGGERS REST ROAD -SUNBURY,HUME,-37.62879,144.79411,2019,4,April,10,Midday,Weekend
T20190021333,2019-04-14,23:45:00,4,Collision with a fixed object,7,Sunday,171,LEFT OFF CARRIAGEWAY INTO OBJECT/PARKED VEHICLE,5,596610,Not at intersection,3,40,Arterial Other,BERWICK-CRANBOURNE,CASEY,-38.10317,145.33026,2019,4,April,23,Night,Weekend
T20190007077,2019-04-14,10:56:00,2,Struck Pedestrian,7,Sunday,100,PED NEAR SIDE. PED HIT BY VEHICLE FROM THE RIGHT.,1,36098,Cross intersection,2,50,Local Road,ABBOTSFORD,MELBOURNE,-37.802597,144.94553,2019,4,April,10,Midday,Weekend
T20190007076,2019-04-14,09:30:00,1,Collision with vehicle,7,Sunday,121,RIGHT THROUGH,1,31040,T intersection,3,60,Arterial Other,JOHNSTON,YARRA,-37.800743,145.00217,2019,4,April,9,Morning Peak,Weekend
T20190007075,2019-04-14,07:26:00,1,Collision with vehicle,7,Sunday,111,RIGHT FAR (INTERSECTIONS ONLY),2,52080,T intersection,2,100,Arterial Highway,PRINCES,WELLINGTON,-38.11931,146.86023,2019,4,April,7,Morning Peak,Weekend
T20190007074,2019-04-14,10:05:00,1,Collision with vehicle,7,Sunday,130,REAR END(VEHICLES IN SAME LANE),1,346770,T intersection,3,60,Arterial Other,VICTORIA,YARRA,-37.809032,144.98558,2019,4,April,10,Midday,Weekend
T20190007072,2019-04-14,10:50:00,1,Collision with vehicle,7,Sunday,121,RIGHT THROUGH,1,29430,Cross intersection,3,40,Local Road,ALBERT,MELBOURNE,-37.809536,144.97565,2019,4,April,10,Midday,Weekend
T20190007071,2019-04-14,09:50:00,2,Struck Pedestrian,7,Sunday,102,FAR SIDE. PED HIT BY VEHICLE FROM THE LEFT,1,36469,Cross intersection,2,40,Local Road,BRUNSWICK,YARRA,-37.80575,144.9772,2019,4,April,9,Morning Peak,Weekend
T20190007113,2019-04-14,13:10:00,1,Collision with vehicle,7,Sunday,120,HEAD ON (NOT OVERTAKING),1,344200,Not at intersection,1,100,Arterial Highway,LODDON VALLEY,LODDON,-36.22472,143.95563,2019,4,April,13,Midday,Weekend
T20190007091,2019-04-14,12:18:00,1,Collision with vehicle,7,Sunday,160,VEHICLE COLLIDES WITH VEHICLE PARKED ON LEFT OF ROAD,1,345426,Not at intersection,2,50,Arterial Highway,MURRAY,COLAC OTWAY,-38.337498,143.57239,2019,4,April,12,Midday,Weekend
T20190007210,2019-04-14,20:56:00,1,Collision with vehicle,7,Sunday,160,VEHICLE COLLIDES WITH VEHICLE PARKED ON LEFT OF ROAD,3,346885,Not at intersection,3,50,Local Road,FRASER,BRIMBANK,-37.78503,144.81921,2019,4,April,20,Night,Weekend
T20190020513,2019-04-14,11:30:00,4,Collision with a fixed object,7,Sunday,171,LEFT OFF CARRIAGEWAY INTO OBJECT/PARKED VEHICLE,1,638607,Not at intersection,3,50,Local Road,GERTRUDE,BRIMBANK,-37.787327,144.83937,2019,4,April,11,Midday,Weekend
T20190007059,2019-04-14,02:15:00,1,Collision with vehicle,7,Sunday,139,OTHER SAME DIRECTION-MANOUEVRES NOT INCLUDED IN DCAs 130-137,3,346830,Not at intersection,3,60,Local Road,PERTOBE,WARRNAMBOOL,-38.39597,142.47322,2019,4,April,2,Late Night,Weekend
T20190007057,2019-04-14,02:30:00,4,Collision with a fixed object,7,Sunday,181,OFF RIGHT BEND INTO OBJECT/PARKED VEHICLE,3,347042,Not at intersection,2,60,Local Road,BRYSONS,MANNINGHAM,-37.74941,145.26846,2019,4,April,2,Late Night,Weekend
T20190007062,2019-04-14,02:30:00,2,Struck Pedestrian,7,Sunday,100,PED NEAR SIDE. PED HIT BY VEHICLE FROM THE RIGHT.,3,344177,Not at intersection,2,50,Local Road,KAY,LATROBE,-38.19438,146.53735,2019,4,April,2,Late Night,Weekend
T20190007218,2019-04-14,16:45:00,1,Collision with vehicle,7,Sunday,130,REAR END(VEHICLES IN SAME LANE),9,360325,Not at intersection,3,70,Arterial Other,SPRINGVALE,KINGSTON,-38.02678,145.13223,2019,4,April,16,Afternoon Peak,Weekend
T20190007169,2019-04-15,15:35:00,1,Collision with vehicle,1,Monday,136,RIGHT TURN SIDESWIPE,1,344273,Not at intersection,3,80,Arterial Other,LONGWARRY-DROUIN,BAW BAW,-38.10732,145.78534,2019,4,April,15,Afternoon Peak,Weekday
T20190007216,2019-04-15,21:03:00,4,Collision with a fixed object,1,Monday,173,RIGHT OFF CARRIAGEWAY INTO OBJECT/PARKED VEHICLE,3,72723,Multiple intersection,2,50,Local Road,ELIZA,MORNINGTON PENINSULA,-38.204266,145.09964,2019,4,April,21,Night,Weekday
T20190007129,2019-04-15,06:27:00,1,Collision with vehicle,1,Monday,121,RIGHT THROUGH,2,675,Cross intersection,2,60,Arterial Other,GLEN EIRA,GLEN EIRA,-37.87805,145.00717,2019,4,April,6,Morning Peak,Weekday
T20190007190,2019-04-15,06:16:00,1,Collision with vehicle,1,Monday,130,REAR END(VEHICLES IN SAME LANE),1,345517,Not at intersection,3,80,Arterial Highway,FRANKSTON-DANDENONG,FRANKSTON,-38.072487,145.19444,2019,4,April,6,Morning Peak,Weekday
T20190009932,2019-04-15,13:00:00,1,Collision with vehicle,1,Monday,135,LANE CHANGE LEFT (NOT OVERTAKING),1,40524,T intersection,3,40,Arterial Other,HIGH,BOROONDARA,-37.863243,145.07819,2019,4,April,13,Midday,Weekday
T20190007256,2019-04-15,08:00:00,1,Collision with vehicle,1,Monday,147,VEHICLE STRIKES ANOTHER VEH WHILE EMERGING FROM DRIVEWAY,1,345240,Not at intersection,3,60,Local Road,GORDONS,WHITTLESEA,-37.63624,145.0843,2019,4,April,8,Morning Peak,Weekday
T20190007135,2019-04-15,08:00:00,4,Collision with a fixed object,1,Monday,179,OTHER ACCIDENTS-OFF STRAIGHT NOT INCLUDED IN DCAs 170-175,1,346125,Cross intersection,2,50,Local Road,DALGETTY,BAYSIDE,-37.993095,145.03639,2019,4,April,8,Morning Peak,Weekday
T20190007136,2019-04-15,08:50:00,1,Collision with vehicle,1,Monday,139,OTHER SAME DIRECTION-MANOUEVRES NOT INCLUDED IN DCAs 130-137,1,345643,Not at intersection,2,60,Arterial Highway,ORMOND,GEELONG,-38.15909,144.37535,2019,4,April,8,Morning Peak,Weekday
T20190007137,2019-04-15,10:35:00,1,Collision with vehicle,1,Monday,131,LEFT REAR,1,345500,T intersection,3,60,Local Road,SALMON,MORNINGTON PENINSULA,-38.31163,145.19354,2019,4,April,10,Midday,Weekday
T20190007138,2019-04-15,09:47:00,1,Collision with vehicle,1,Monday,120,HEAD ON (NOT OVERTAKING),1,345651,Not at intersection,2,100,Arterial Other,BURTON,MACEDON RANGES,-37.236732,144.4195,2019,4,April,9,Morning Peak,Weekday
T20190007147,2019-04-15,12:20:00,1,Collision with vehicle,1,Monday,130,REAR END(VEHICLES IN SAME LANE),1,344396,Not at intersection,3,70,Arterial Highway,NORTHERN,CAMPASPE,-36.14127,144.72974,2019,4,April,12,Midday,Weekday
T20190007148,2019-04-15,11:05:00,4,Collision with a fixed object,1,Monday,171,LEFT OFF CARRIAGEWAY INTO OBJECT/PARKED VEHICLE,1,15304,T intersection,3,70,Arterial Other,RIDDELL,MACEDON RANGES,-37.465557,144.67218,2019,4,April,11,Midday,Weekday
T20190007154,2019-04-15,11:10:00,4,Collision with a fixed object,1,Monday,183,OFF LEFT BEND INTO OBJECT/PARKED VEHICLE,1,578700,Not at intersection,2,100,Arterial Other,LONGFORD-LOCH SPORT,WELLINGTON,-38.196785,147.30074,2019,4,April,11,Midday,Weekday
T20190007206,2019-04-15,19:20:00,1,Collision with vehicle,1,Monday,160,VEHICLE COLLIDES WITH VEHICLE PARKED ON LEFT OF ROAD,3,346519,Not at intersection,2,50,Local Road,KEITH,KINGSTON,-38.035248,145.1126,2019,4,April,19,Night,Weekday
T20190007346,2019-04-15,09:00:00,1,Collision with vehicle,1,Monday,137,LEFT TURN SIDESWIPE,1,30939,Cross intersection,3,60,Arterial Highway,ALEXANDRA,YARRA,-37.79312,144.97934,2019,4,April,9,Morning Peak,Weekday
T20190007588,2019-04-15,12:15:00,1,Collision with vehicle,1,Monday,130,REAR END(VEHICLES IN SAME LANE),1,349834,Not at intersection,3,60,Arterial Other,HALLAM SOUTH,CASEY,-38.017887,145.27089,2019,4,April,12,Midday,Weekday
T20210018758,2019-04-15,12:05:00,1,Collision with vehicle,1,Monday,113,RIGHT NEAR (INTERSECTIONS ONLY),1,44915,Cross intersection,3,70,Arterial Other,STATION,BRIMBANK,-37.752586,144.7777,2019,4,April,12,Midday,Weekday
T20190007159,2019-04-15,14:15:00,1,Collision with vehicle,1,Monday,110,CROSS TRAFFIC(INTERSECTIONS ONLY),1,53112,Cross intersection,3,60,Local Road,BRITTAIN,BALLARAT,-37.58248,143.86082,2019,4,April,14,Midday,Weekday
T20190007194,2019-04-15,02:54:00,1,Collision with vehicle,1,Monday,160,VEHICLE COLLIDES WITH VEHICLE PARKED ON LEFT OF ROAD,3,346527,Not at intersection,2,60,Local Road,PLANTATION,GEELONG,-38.066784,144.3599,2019,4,April,2,Late Night,Weekday
T20190007191,2019-04-15,20:11:00,1,Collision with vehicle,1,Monday,121,RIGHT THROUGH,3,35342,Cross intersection,1,60,Arterial Other,HODDLE,YARRA,-37.792397,144.99442,2019,4,April,20,Night,Weekday
T20190007185,2019-04-15,15:35:00,1,Collision with vehicle,1,Monday,113,RIGHT NEAR (INTERSECTIONS ONLY),1,122018,Cross intersection,3,60,Freeway,MIDDLEBOROUGH,WHITEHORSE,-37.79884,145.14218,2019,4,April,15,Afternoon Peak,Weekday
T20190007180,2019-04-15,16:15:00,8,No collision and no object struck,1,Monday,180,OFF CARRIAGEWAY ON RIGHT BEND,1,356765,Not at intersection,2,100,Local Road,OLD TELEGRAPH,BAW BAW,-38.07241,145.94902,2019,4,April,16,Afternoon Peak,Weekday
T20190007179,2019-04-15,15:05:00,4,Collision with a fixed object,1,Monday,171,LEFT OFF CARRIAGEWAY INTO OBJECT/PARKED VEHICLE,1,346054,Not at intersection,3,60,Arterial Other,CANTERBURY,WHITEHORSE,-37.826836,145.1051,2019,4,April,15,Afternoon Peak,Weekday
T20190007176,2019-04-15,17:06:00,2,Struck Pedestrian,1,Monday,102,FAR SIDE. PED HIT BY VEHICLE FROM THE LEFT,1,38764,Cross intersection,2,60,Arterial Highway,GEELONG,MARIBYRNONG,-37.796494,144.89694,2019,4,April,17,Afternoon Peak,Weekday
T20190007173,2019-04-15,16:45:00,1,Collision with vehicle,1,Monday,121,RIGHT THROUGH,1,254597,Not at intersection,2,60,Arterial Other,COOPER,WHITTLESEA,-37.65175,145.02144,2019,4,April,16,Afternoon Peak,Weekday