ACCIDENT_NO,ACCIDENT_DATE,ACCIDENT_TIME,ACCIDENT_TYPE,ACCIDENT_TYPE_DESC,DAY_OF_WEEK,DAY_WEEK_DESC,DCA_CODE,DCA_DESC,LIGHT_CONDITION,NODE_ID,ROAD_GEOMETRY_DESC,SEVERITY,SPEED_ZONE,RMA,ROAD_NAME,LGA_NAME,LATITUDE,LONGITUDE,YEAR,MONTH,MONTH_NAME,HOUR,TIME_PERIOD,DAY_TYPE
T20190007165,2019-04-15,13:59:00,1,Collision with vehicle,1,Monday,121,RIGHT THROUGH,1,282647,T intersection,2,60,Local Road,BANGHOLME,DANDENONG,-38.034992,145.18678,2019,4,April,13,Midday,Weekday
T20190007171,2019-04-15,16:10:00,1,Collision with vehicle,1,Monday,110,CROSS TRAFFIC(INTERSECTIONS ONLY),1,50403,Cross intersection,2,100,Arterial Highway,BASS,BASS COAST,-38.472202,145.47481,2019,4,April,16,Afternoon Peak,Weekday
T20190007232,2019-04-15,18:45:00,4,Collision with a fixed object,1,Monday,181,OFF RIGHT BEND INTO OBJECT/PARKED VEHICLE,5,346345,Cross intersection,2,100,Local Road,LLOWALONG,WELLINGTON,-37.952763,147.06973,2019,4,April,18,Afternoon Peak,Weekday
T20190007170,2019-04-15,16:10:00,1,Collision with vehicle,1,Monday,130,REAR END(VEHICLES IN SAME LANE),1,344343,Not at intersection,3,80,Arterial Highway,BURWOOD,KNOX,-37.885662,145.28404,2019,4,April,16,Afternoon Peak,Weekday
T20190007209,2019-04-16,09:15:00,6,Vehicle overturned (no collision),2,Tuesday,174,OUT OF CONTROL ON CARRIAGEWAY (ON STRAIGHT),1,344377,T intersection,3,50,Local Road,ROSEMARY,FRANKSTON,-38.125217,145.16054,2019,4,April,9,Morning Peak,Weekday
T20190007241,2019-04-16,15:00:00,4,Collision with a fixed object,2,Tuesday,173,RIGHT OFF CARRIAGEWAY INTO OBJECT/PARKED VEHICLE,1,344446,Not at intersection,2,70,Arterial Other,CANTERBURY,WHITEHORSE,-37.834404,145.16837,2019,4,April,15,Afternoon Peak,Weekday
T20190007250,2019-04-16,17:20:00,1,Collision with vehicle,2,Tuesday,154,PULLING OUT -REAR END,1,344291,Not at intersection,3,60,Arterial Other,WATTLETREE,STONNINGTON,-37.863865,145.03978,2019,4,April,17,Afternoon Peak,Weekday
T20190007251,2019-04-16,16:33:00,1,Collision with vehicle,2,Tuesday,122,LEFT THROUGH,1,44911,T intersection,3,60,Arterial Other,STATION,BRIMBANK,-37.773987,144.77426,2019,4,April,16,Afternoon Peak,Weekday
T20190007205,2019-04-16,07:40:00,1,Collision with vehicle,2,Tuesday,119,OTHER ADJACENT (INTERSECTIONS ONLY),1,58039,T intersection,3,40,Arterial Other,PLENTY,WHITTLESEA,-37.613087,145.093,2019,4,April,7,Morning Peak,Weekday
T20190007203,2019-04-16,08:50:00,1,Collision with vehicle,2,Tuesday,113,RIGHT NEAR (INTERSECTIONS ONLY),1,49779,T intersection,3,60,Arterial Other,SEPARATION,GEELONG,-38.11156,144.34981,2019,4,April,8,Morning Peak,Weekday
T20190007195,2019-04-16,01:30:00,1,Collision with vehicle,2,Tuesday,110,CROSS TRAFFIC(INTERSECTIONS ONLY),3,46085,Cross intersection,2,80,Arterial Highway,SPRINGVALE,DANDENONG,-37.933144,145.156,2019,4,April,1,Late Night,Weekday
T20190007253,2019-04-16,19:50:00,1,Collision with vehicle,2,Tuesday,147,VEHICLE STRIKES ANOTHER VEH WHILE EMERGING FROM DRIVEWAY,3,344409,Not at intersection,3,50,Local Road,ALBERT,GEELONG,-38.139603,144.33835,2019,4,April,19,Night,Weekday
T20190007254,2019-04-16,14:50:00,1,Collision with vehicle,2,Tuesday,130,REAR END(VEHICLES IN SAME LANE),1,344638,Not at intersection,3,60,Arterial Other,TOORONGA,STONNINGTON,-37.84878,145.04369,2019,4,April,14,Midday,Weekday
T20190007231,2019-04-16,10:50:00,1,Collision with vehicle,2,Tuesday,134,LANE CHANGE RIGHT (NOT OVERTAKING),1,346613,Not at intersection,3,70,Arterial Other,SOMERTON,HUME,-37.639694,144.92165,2019,4,April,10,Midday,Weekday
T20190007258,2019-04-16,15:31:00,1,Collision with vehicle,2,Tuesday,150,HEAD ON(OVERTAKING),1,347449,Not at intersection,2,80,Local Road,WORSLEY,DANDENONG,-38.06558,145.18187,2019,4,April,15,Afternoon Peak,Weekday
T20190007259,2019-04-16,17:30:00,1,Collision with vehicle,2,Tuesday,119,OTHER ADJACENT (INTERSECTIONS ONLY),1,344691,T intersection,2,80,Freeway,NEPEAN,MORNINGTON PENINSULA,-38.330166,144.99113,2019,4,April,17,Afternoon Peak,Weekday
T20190007260,2019-04-16,16:30:00,4,Collision with a fixed object,2,Tuesday,181,OFF RIGHT BEND INTO OBJECT/PARKED VEHICLE,1,345664,Not at intersection,1,90,Local Road,BROWNS,MORNINGTON PENINSULA,-38.39627,144.82779,2019,4,April,16,Afternoon Peak,Weekday
T20190007261,2019-04-16,18:26:00,7,Fall from or in moving vehicle,2,Tuesday,179,OTHER ACCIDENTS-OFF STRAIGHT NOT INCLUDED IN DCAs 170-175,3,344290,Not at intersection,2,60,Arterial Other,TOORONGA,STONNINGTON,-37.85242,145.04231,2019,4,April,18,Afternoon Peak,Weekday
T20190007325,2019-04-16,13:15:00,6,Vehicle overturned (no collision),2,Tuesday,149,OTHER MANOEUVRING NOT INCLUDED IN DCAs 140-148,1,344302,Not at intersection,3,50,Local Road,EDWARD,MORELAND,-37.774605,144.96793,2019,4,April,13,Midday,Weekday
T20190007440,2019-04-16,08:55:00,1,Collision with vehicle,2,Tuesday,163,VEHICLE STRIKES DOOR OF PARKED/STATIONARY VEHICLE,1,345658,Not at intersection,3,40,Local Road,BRUNSWICK,YARRA,-37.80616,144.97714,2019,4,April,8,Morning Peak,Weekday
T20190007282,2019-04-16,21:45:00,1,Collision with vehicle,2,Tuesday,121,RIGHT THROUGH,3,578942,Not at intersection,2,80,Freeway,FRANKSTON-DANDENONG,FRANKSTON,-38.109154,145.16173,2019,4,April,21,Night,Weekday
T20190007661,2019-04-16,23:00:00,1,Collision with vehicle,2,Tuesday,131,LEFT REAR,3,345443,Cross intersection,2,100,Arterial Highway,DANDENONG-HASTINGS,CASEY,-38.133816,145.22838,2019,4,April,23,Night,Weekday
T20190007432,2019-04-16,20:30:00,2,Struck Pedestrian,2,Tuesday,103,PED PLAYING/LYING/WORKING/STANDING ON CARRIAGEWAY.,3,344583,Not at intersection,3,40,Local Road,CAMDEN,PORT PHILLIP,-37.86798,144.99161,2019,4,April,20,Night,Weekday
T20190007248,2019-04-16,18:45:00,1,Collision with vehicle,2,Tuesday,121,RIGHT THROUGH,3,44725,T intersection,3,60,Arterial Other,GRIMSHAW,BANYULE,-37.70418,145.09906,2019,4,April,18,Afternoon Peak,Weekday
T20190007217,2019-04-16,10:39:00,1,Collision with vehicle,2,Tuesday,134,LANE CHANGE RIGHT (NOT OVERTAKING),1,345523,Dead end,2,80,Freeway,WEST GATE,MELBOURNE,-37.829746,144.89839,2019,4,April,10,Midday,Weekday
T20190007278,2019-04-16,14:14:00,1,Collision with vehicle,2,Tuesday,147,VEHICLE STRIKES ANOTHER VEH WHILE EMERGING FROM DRIVEWAY,1,344732,Not at intersection,2,60,Local Road,WILLIAM ANGLISS,WYNDHAM,-37.81875,144.77232,2019,4,April,14,Midday,Weekday
T20190007710,2019-04-16,09:50:00,4,Collision with a fixed object,2,Tuesday,171,LEFT OFF CARRIAGEWAY INTO OBJECT/PARKED VEHICLE,1,344497,Not at intersection,3,40,Local Road,CECIL,PORT PHILLIP,-37.83235,144.95747,2019,4,April,9,Morning Peak,Weekday
T20190007224,2019-04-16,13:10:00,1,Collision with vehicle,2,Tuesday,130,REAR END(VEHICLES IN SAME LANE),1,344444,Not at intersection,3,80,Local Road,NORTH,CASEY,-38.17446,145.26868,2019,4,April,13,Midday,Weekday
T20190007222,2019-04-16,13:00:00,1,Collision with vehicle,2,Tuesday,160,VEHICLE COLLIDES WITH VEHICLE PARKED ON LEFT OF ROAD,1,347241,Not at intersection,3,60,Arterial Other,THOMPSON,GEELONG,-38.11132,144.34329,2019,4,April,13,Midday,Weekday
T20190007207,2019-04-16,07:40:00,1,Collision with vehicle,2,Tuesday,133,LANE SIDE SWIPE (VEHICLES IN PARALLEL LANES),1,36875,Cross intersection,2,60,Arterial Other,CLARENDON,MELBOURNE,-37.827644,144.9581,2019,4,April,7,Morning Peak,Weekday
T20190007219,2019-04-16,09:10:00,7,Fall from or in moving vehicle,2,Tuesday,179,OTHER ACCIDENTS-OFF STRAIGHT NOT INCLUDED IN DCAs 170-175,1,65743,Cross intersection,3,40,Local Road,ELIZABETH,MELBOURNE,-37.810318,144.96136,2019,4,April,9,Morning Peak,Weekday
T20190007221,2019-04-16,11:45:00,7,Fall from or in moving vehicle,2,Tuesday,190,FELL IN/FROM VEHICLE,1,37715,Not at intersection,3,60,Arterial Other,CHURCH,YARRA,-37.832848,144.9967,2019,4,April,11,Midday,Weekday
T20190007233,2019-04-16,13:42:00,1,Collision with vehicle,2,Tuesday,130,REAR END(VEHICLES IN SAME LANE),1,344398,Not at intersection,3,60,Arterial Other,PASCOE VALE,MOONEE VALLEY,-37.76415,144.92542,2019,4,April,13,Midday,Weekday
T20190007234,2019-04-16,14:55:00,4,Collision with a fixed object,2,Tuesday,173,RIGHT OFF CARRIAGEWAY INTO OBJECT/PARKED VEHICLE,1,30101,Cross intersection,3,100,Arterial Highway,MURRAY VALLEY,MOIRA,-35.967625,145.71387,2019,4,April,14,Midday,Weekday
T20190007239,2019-04-16,08:51:00,1,Collision with vehicle,2,Tuesday,110,CROSS TRAFFIC(INTERSECTIONS ONLY),1,29413,Cross intersection,3,60,Arterial Other,DUDLEY,MELBOURNE,-37.810135,144.94998,2019,4,April,8,Morning Peak,Weekday
T20190007305,2019-04-17,15:10:00,1,Collision with vehicle,3,Wednesday,160,VEHICLE COLLIDES WITH VEHICLE PARKED ON LEFT OF ROAD,1,344588,Not at intersection,2,50,Local Road,BAKER,BOROONDARA,-37.86059,145.08675,2019,4,April,15,Afternoon Peak,Weekday
T20190007302,2019-04-17,15:45:00,1,Collision with vehicle,3,Wednesday,130,REAR END(VEHICLES IN SAME LANE),1,43386,T intersection,3,60,Arterial Other,MURRAY,MORELAND,-37.735405,144.97746,2019,4,April,15,Afternoon Peak,Weekday
T20190007299,2019-04-17,13:24:00,1,Collision with vehicle,3,Wednesday,110,CROSS TRAFFIC(INTERSECTIONS ONLY),1,49890,Cross intersection,3,50,Local Road,COQUETTE,GEELONG,-38.141785,144.34505,2019,4,April,13,Midday,Weekday
T20190007298,2019-04-17,14:00:00,1,Collision with vehicle,3,Wednesday,110,CROSS TRAFFIC(INTERSECTIONS ONLY),1,39501,Cross intersection,3,50,Local Road,NICHOLSON,WHITEHORSE,-37.81572,145.1788,2019,4,April,14,Midday,Weekday
T20190007297,2019-04-17,11:45:00,4,Collision with a fixed object,3,Wednesday,171,LEFT OFF CARRIAGEWAY INTO OBJECT/PARKED VEHICLE,1,345788,Not at intersection,3,80,Arterial Highway,DANDENONG ROAD SERVICE,DANDENONG,-37.931103,145.15338,2019,4,April,11,Midday,Weekday
T20190007296,2019-04-17,11:50:00,4,Collision with a fixed object,3,Wednesday,164,PERMANENT OBSTRUCTION ON CARRIAGEWAY,1,579669,Not at intersection,3,80,Arterial Other,CHISHOLM,MELTON,-37.75933,144.74838,2019,4,April,11,Midday,Weekday
T20190007295,2019-04-17,13:37:00,1,Collision with vehicle,3,Wednesday,134,LANE CHANGE RIGHT (NOT OVERTAKING),1,44587,Cross intersection,2,60,Arterial Other,STURT,BALLARAT,-37.560925,143.84744,2019,4,April,13,Midday,Weekday
T20190007294,2019-04-17,13:19:00,1,Collision with vehicle,3,Wednesday,110,CROSS TRAFFIC(INTERSECTIONS ONLY),1,58193,Cross intersection,3,80,Local Road,DAIRTNUNK,MILDURA,-34.262005,142.14104,2019,4,April,13,Midday,Weekday
T20190007311,2019-04-17,16:44:00,2,Struck Pedestrian,3,Wednesday,108,PED STRUCK WALKING TO/FROM OR BOARDING/ALIGHTING VEHICLE.,1,344906,Not at intersection,2,60,Arterial Other,MALVERN,STONNINGTON,-37.851597,145.02982,2019,4,April,16,Afternoon Peak,Weekday
T20190007292,2019-04-17,12:17:00,5,collision with some other object,3,Wednesday,166,STRUCK OBJECT ON CARRIAGEWAY,1,344399,Not at intersection,2,100,Arterial Other,GEMBROOK-LAUNCHING PLACE,CARDINIA,-37.90994,145.5824,2019,4,April,12,Midday,Weekday
T20190007290,2019-04-17,13:05:00,4,Collision with a fixed object,3,Wednesday,171,LEFT OFF CARRIAGEWAY INTO OBJECT/PARKED VEHICLE,1,44900,Cross intersection,3,50,Local Road,MELVILLE,MOIRA,-36.088387,145.44234,2019,4,April,13,Midday,Weekday
T20190007339,2019-04-17,16:45:00,4,Collision with a fixed object,3,Wednesday,183,OFF LEFT BEND INTO OBJECT/PARKED VEHICLE,1,344372,Not at intersection,3,100,Arterial Other,NATIMUK-HAMILTON,SOUTHERN GRAMPIANS,-37.305836,141.86444,2019,4,April,16,Afternoon Peak,Weekday
T20190007279,2019-04-17,08:19:00,1,Collision with vehicle,3,Wednesday,135,LANE CHANGE LEFT (NOT OVERTAKING),1,579667,Not at intersection,2,100,Freeway,EASTLINK,KNOX,-37.932636,145.20956,2019,4,April,8,Morning Peak,Weekday
T20190007358,2019-04-17,09:22:00,1,Collision with vehicle,3,Wednesday,110,CROSS TRAFFIC(INTERSECTIONS ONLY),1,41810,Cross intersection,2,70,Arterial Other,FERNTREE GULLY,MONASH,-37.90414,145.16766,2019,4,April,9,Morning Peak,Weekday
T20190007338,2019-04-17,20:43:00,1,Collision with vehicle,3,Wednesday,121,RIGHT THROUGH,3,41967,Cross intersection,2,60,Arterial Other,NAPOLEON,KNOX,-37.900494,145.29459,2019,4,April,20,Night,Weekday
T20190007272,2019-04-17,07:02:00,4,Collision with a fixed object,3,Wednesday,171,LEFT OFF CARRIAGEWAY INTO OBJECT/PARKED VEHICLE,1,579666,T intersection,2,80,Arterial Other,FERNTREE GULLY,MONASH,-37.908504,145.20308,2019,4,April,7,Morning Peak,Weekday
T20190007271,2019-04-17,07:20:00,1,Collision with vehicle,3,Wednesday,150,HEAD ON(OVERTAKING),1,344285,Not at intersection,3,50,Local Road,SOUTH,DAREBIN,-37.779034,145.00816,2019,4,April,7,Morning Peak,Weekday
T20190007332,2019-04-17,18:26:00,2,Struck Pedestrian,3,Wednesday,102,FAR SIDE. PED HIT BY VEHICLE FROM THE LEFT,3,295214,Not at intersection,2,50,Local Road,COLERAINE,HUME,-37.677708,144.92052,2019,4,April,18,Afternoon Peak,Weekday
T20190007712,2019-04-17,14:00:00,2,Struck Pedestrian,3,Wednesday,100,PED NEAR SIDE. PED HIT BY VEHICLE FROM THE RIGHT.,9,344793,Not at intersection,2,50,Local Road,SIR JOHN MONASH,GLEN EIRA,-37.877888,145.04506,2019,4,April,14,Midday,Weekday
T20190007267,2019-04-17,03:49:00,1,Collision with vehicle,3,Wednesday,110,CROSS TRAFFIC(INTERSECTIONS ONLY),3,29648,Cross intersection,2,60,Arterial Other,WAVERLEY,STONNINGTON,-37.875977,145.04817,2019,4,April,3,Late Night,Weekday
T20190007288,2019-04-17,10:20:00,1,Collision with vehicle,3,Wednesday,130,REAR END(VEHICLES IN SAME LANE),1,344779,Not at intersection,2,100,Arterial Highway,GOULBURN VALLEY,MURRINDINDI,-37.201168,145.35216,2019,4,April,10,Midday,Weekday
T20190007331,2019-04-17,18:14:00,1,Collision with vehicle,3,Wednesday,135,LANE CHANGE LEFT (NOT OVERTAKING),3,579670,Not at intersection,2,80,Freeway,MONASH,STONNINGTON,-37.85812,145.0587,2019,4,April,18,Afternoon Peak,Weekday
T20190007343,2019-04-17,23:40:00,1,Collision with vehicle,3,Wednesday,130,REAR END(VEHICLES IN SAME LANE),5,350282,Not at intersection,2,100,Freeway,MONASH,CASEY,-37.985798,145.24927,2019,4,April,23,Night,Weekday
T20190007280,2019-04-17,08:10:00,1,Collision with vehicle,3,Wednesday,110,CROSS TRAFFIC(INTERSECTIONS ONLY),1,34725,Cross intersection,2,80,Arterial Highway,SPRINGVALE,WHITEHORSE,-37.85474,145.16928,2019,4,April,8,Morning Peak,Weekday
T20190007312,2019-04-17,15:20:00,1,Collision with vehicle,3,Wednesday,113,RIGHT NEAR (INTERSECTIONS ONLY),1,36529,T intersection,2,50,Arterial Other,BOUNDARY,KINGSTON,-37.980095,145.11035,2019,4,April,15,Afternoon Peak,Weekday
T20190007364,2019-04-17,12:08:00,1,Collision with vehicle,3,Wednesday,130,REAR END(VEHICLES IN SAME LANE),1,344957,Not at intersection,2,100,Freeway,MONASH,MONASH,-37.886013,145.1031,2019,4,April,12,Midday,Weekday
T20190007286,2019-04-17,12:05:00,1,Collision with vehicle,3,Wednesday,160,VEHICLE COLLIDES WITH VEHICLE PARKED ON LEFT OF ROAD,1,344288,Not at intersection,2,40,Arterial Other,VINES,GEELONG,-38.12178,144.32808,2019,4,April,12,Midday,Weekday
T20190007353,2019-04-17,18:35:00,1,Collision with vehicle,3,Wednesday,130,REAR END(VEHICLES IN SAME LANE),2,344632,Not at intersection,3,80,Freeway,WESTERN RING,BRIMBANK,-37.71653,144.87425,2019,4,April,18,Afternoon Peak,Weekday
T20190007316,2019-04-17,17:05:00,1,Collision with vehicle,3,Wednesday,113,RIGHT NEAR (INTERSECTIONS ONLY),1,45062,T intersection,2,60,Arterial Other,PARFITT,WANGARATTA,-36.352493,146.3313,2019,4,April,17,Afternoon Peak,Weekday
T20190007326,2019-04-17,16:15:00,1,Collision with vehicle,3,Wednesday,152,PULLING OUT (OVERTAKING),1,40120,T intersection,3,60,Arterial Highway,ST KILDA,PORT PHILLIP,-37.862495,144.98514,2019,4,April,16,Afternoon Peak,Weekday
T20190015053,2019-04-17,10:00:00,1,Collision with vehicle,3,Wednesday,130,REAR END(VEHICLES IN SAME LANE),1,118742,Not at intersection,3,60,Arterial Other,DUNCANS,WYNDHAM,-37.907078,144.67229,2019,4,April,10,Midday,Weekday
T20190007377,2019-04-17,16:00:00,4,Collision with a fixed object,3,Wednesday,173,RIGHT OFF CARRIAGEWAY INTO OBJECT/PARKED VEHICLE,1,344801,Not at intersection,3,100,Arterial Other,SPENCER,MOYNE,-38.279343,142.2574,2019,4,April,16,Afternoon Peak,Weekday
T20190007285,2019-04-17,11:28:00,1,Collision with vehicle,3,Wednesday,131,LEFT REAR,1,344406,T intersection,3,60,Local Road,TUCKER,GLEN EIRA,-37.933537,145.04851,2019,4,April,11,Midday,Weekday
T20190007273,2019-04-17,08:30:00,1,Collision with vehicle,3,Wednesday,113,RIGHT NEAR (INTERSECTIONS ONLY),1,344280,T intersection,2,60,Arterial Other,ARTHURS SEAT,MORNINGTON PENINSULA,-38.342113,144.95607,2019,4,April,8,Morning Peak,Weekday
T20190007340,2019-04-17,20:55:00,1,Collision with vehicle,3,Wednesday,121,RIGHT THROUGH,3,36796,Cross intersection,2,80,Arterial Other,NARRE WARREN NORTH,CASEY,-38.013874,145.3092,2019,4,April,20,Night,Weekday
T20190007341,2019-04-17,23:19:00,1,Collision with vehicle,3,Wednesday,121,RIGHT THROUGH,3,617,Cross intersection,3,60,Arterial Other,BLACKBURN,MONASH,-37.872204,145.14839,2019,4,April,23,Night,Weekday
T20190007381,2019-04-18,13:00:00,8,No collision and no object struck,4,Thursday,184,OUT OF CONTROL ON CARRIAGEWAY (ON BEND),1,46621,T intersection,3,60,Arterial Highway,WURUNDJERI,MELBOURNE,-37.821846,144.9522,2019,4,April,13,Midday,Weekday
T20190007383,2019-04-18,08:45:00,2,Struck Pedestrian,4,Thursday,102,FAR SIDE. PED HIT BY VEHICLE FROM THE LEFT,1,43056,Cross intersection,3,50,Local Road,THOMAS,DANDENONG,-37.988213,145.21277,2019,4,April,8,Morning Peak,Weekday
T20190007388,2019-04-18,14:00:00,1,Collision with vehicle,4,Thursday,111,RIGHT FAR (INTERSECTIONS ONLY),1,53268,Cross intersection,3,60,Arterial Highway,DEAKIN,MILDURA,-34.198025,142.14674,2019,4,April,14,Midday,Weekday
T20190007389,2019-04-18,12:20:00,1,Collision with vehicle,4,Thursday,113,RIGHT NEAR (INTERSECTIONS ONLY),1,345340,T intersection,3,50,Local Road,THE BOULEVARD,BANYULE,-37.776047,145.05376,2019,4,April,12,Midday,Weekday
T20190007393,2019-04-18,15:25:00,1,Collision with vehicle,4,Thursday,169,OTHER ON PATH,1,580241,Not at intersection,2,60,Local Road,EUREKA,BALLARAT,-37.567852,143.8968,2019,4,April,15,Afternoon Peak,Weekday
T20190007396,2019-04-18,15:50:00,4,Collision with a fixed object,4,Thursday,173,RIGHT OFF CARRIAGEWAY INTO OBJECT/PARKED VEHICLE,1,345508,Not at intersection,2,100,Local Road,HESSELL,CASEY,-38.00518,145.3364,2019,4,April,15,Afternoon Peak,Weekday
T20190007399,2019-04-18,16:30:00,1,Collision with vehicle,4,Thursday,113,RIGHT NEAR (INTERSECTIONS ONLY),1,263474,T intersection,2,60,Local Road,HIGH,MELTON,-37.684647,144.56345,2019,4,April,16,Afternoon Peak,Weekday
T20190007400,2019-04-18,13:30:00,2,Struck Pedestrian,4,Thursday,103,PED PLAYING/LYING/WORKING/STANDING ON CARRIAGEWAY.,1,345890,Not at intersection,2,40,Local Road,UNNAMED,WHITTLESEA,-37.652428,145.01855,2019,4,April,13,Midday,Weekday
T20190007401,2019-04-18,18:35:00,1,Collision with vehicle,4,Thursday,130,REAR END(VEHICLES IN SAME LANE),3,39644,T intersection,2,60,Arterial Other,WARRANDYTE,MAROONDAH,-37.80249,145.23245,2019,4,April,18,Afternoon Peak,Weekday
T20190007402,2019-04-18,16:06:00,1,Collision with vehicle,4,Thursday,113,RIGHT NEAR (INTERSECTIONS ONLY),1,29653,T intersection,3,60,Arterial Highway,WARRIGAL,MONASH,-37.903133,145.08629,2019,4,April,16,Afternoon Peak,Weekday
T20190007407,2019-04-18,17:56:00,1,Collision with vehicle,4,Thursday,130,REAR END(VEHICLES IN SAME LANE),3,579672,Not at intersection,3,100,Freeway,EASTERN,BOROONDARA,-37.79034,145.04047,2019,4,April,17,Afternoon Peak,Weekday
T20190007373,2019-04-18,10:20:00,4,Collision with a fixed object,4,Thursday,181,OFF RIGHT BEND INTO OBJECT/PARKED VEHICLE,1,344490,T intersection,2,100,Local Road,OLD BRIDGEWATER,BENDIGO,-36.713802,144.13266,2019,4,April,10,Midday,Weekday
T20190007380,2019-04-18,10:00:00,6,Vehicle overturned (no collision),4,Thursday,172,OFF CARRIAGEWAY TO RIGHT,1,346400,Not at intersection,2,100,Local Road,LEITCHVILLE-KERANG,GANNAWARRA,-35.867676,144.17986,2019,4,April,10,Midday,Weekday
T20190012200,2019-04-18,18:00:00,2,Struck Pedestrian,4,Thursday,103,PED PLAYING/LYING/WORKING/STANDING ON CARRIAGEWAY.,9,15397,Multiple intersection,3,50,Local Road,MADDEN,GEELONG,-38.139557,144.35368,2019,4,April,18,Afternoon Peak,Weekday
T20190007428,2019-04-18,23:30:00,4,Collision with a fixed object,4,Thursday,173,RIGHT OFF CARRIAGEWAY INTO OBJECT/PARKED VEHICLE,5,347211,Not at intersection,2,100,Arterial Other,STEIGLITZ,GOLDEN PLAINS,-38.012077,144.22542,2019,4,April,23,Night,Weekday
T20190016259,2019-04-18,09:35:00,1,Collision with vehicle,4,Thursday,110,CROSS TRAFFIC(INTERSECTIONS ONLY),1,35884,Cross intersection,3,50,Local Road,ALFRED,BANYULE,-37.749435,145.05304,2019,4,April,9,Morning Peak,Weekday
T20190007423,2019-04-18,07:55:00,1,Collision with vehicle,4,Thursday,130,REAR END(VEHICLES IN SAME LANE),1,326901,Not at intersection,3,40,Local Road,LONSDALE,MELBOURNE,-37.81067,144.9678,2019,4,April,7,Morning Peak,Weekday
T20190007356,2019-04-18,08:55:00,1,Collision with vehicle,4,Thursday,113,RIGHT NEAR (INTERSECTIONS ONLY),1,344331,T intersection,3,60,Arterial Other,DAWSON,MORELAND,-37.769894,144.94771,2019,4,April,8,Morning Peak,Weekday
T20190007591,2019-04-18,11:10:00,1,Collision with vehicle,4,Thursday,160,VEHICLE COLLIDES WITH VEHICLE PARKED ON LEFT OF ROAD,1,64901,T intersection,3,50,Local Road,SMITH,MELBOURNE,-37.791702,144.93475,2019,4,April,11,Midday,Weekday
T20190007421,2019-04-18,23:40:00,1,Collision with vehicle,4,Thursday,160,VEHICLE COLLIDES WITH VEHICLE PARKED ON LEFT OF ROAD,3,345343,Not at intersection,2,50,Arterial Other,PLENTY,DAREBIN,-37.73371,145.01395,2019,4,April,23,Night,Weekday
T20190007418,2019-04-18,23:35:00,1,Collision with vehicle,4,Thursday,120,HEAD ON (NOT OVERTAKING),3,579673,T intersection,3,60,Arterial Other,BURKE,BOROONDARA,-37.837975,145.05545,2019,4,April,23,Night,Weekday
T20190007417,2019-04-18,18:21:00,1,Collision with vehicle,4,Thursday,122,LEFT THROUGH,3,504,Cross intersection,3,80,Arterial Highway,SPRINGVALE,WHITEHORSE,-37.818386,145.17604,2019,4,April,18,Afternoon Peak,Weekday
T20190007416,2019-04-18,22:18:00,1,Collision with vehicle,4,Thursday,133,LANE SIDE SWIPE (VEHICLES IN PARALLEL LANES),3,344659,Not at intersection,3,40,Local Road,LYGON,MELBOURNE,-37.80245,144.96663,2019,4,April,22,Night,Weekday
T20190007414,2019-04-18,20:50:00,1,Collision with vehicle,4,Thursday,121,RIGHT THROUGH,3,278628,Cross intersection,3,60,Arterial Highway,DANDENONG,DANDENONG,-37.997375,145.16226,2019,4,April,20,Night,Weekday
T20190007413,2019-04-18,00:30:00,4,Collision with a fixed object,4,Thursday,175,OFF END OF ROAD/T-INTERSECTION.,5,344348,T intersection,3,100,Arterial Other,BLUE RIBBON,HORSHAM,-36.510845,142.21666,2019,4,April,0,Late Night,Weekday
T20190007412,2019-04-18,18:00:00,1,Collision with vehicle,4,Thursday,121,RIGHT THROUGH,5,45524,Cross intersection,3,80,Arterial Other,DERRIMUT ROAD -HOPKINS,MELTON,-37.80502,144.69594,2019,4,April,18,Afternoon Peak,Weekday
T20190008234,2019-04-18,14:40:00,1,Collision with vehicle,4,Thursday,130,REAR END(VEHICLES IN SAME LANE),1,39774,Cross intersection,3,80,Arterial Other,MT DANDENONG,MAROONDAH,-37.799644,145.28981,2019,4,April,14,Midday,Weekday
T20190007411,2019-04-18,18:35:00,1,Collision with vehicle,4,Thursday,110,CROSS TRAFFIC(INTERSECTIONS ONLY),3,50826,Multiple intersection,3,50,Local Road,DUNLOP,MOIRA,-36.018494,146.00546,2019,4,April,18,Afternoon Peak,Weekday
T20190007361,2019-04-18,07:00:00,1,Collision with vehicle,4,Thursday,153,CUTTING IN (OVERTAKING),2,345450,Not at intersection,3,80,Local Road,KARADOC,MILDURA,-34.245865,142.14835,2019,4,April,7,Morning Peak,Weekday
T20190007363,2019-04-18,11:15:00,2,Struck Pedestrian,4,Thursday,100,PED NEAR SIDE. PED HIT BY VEHICLE FROM THE RIGHT.,1,345241,Not at intersection,2,60,Local Road,HIGHETT,KINGSTON,-37.94899,145.04396,2019,4,April,11,Midday,Weekday
T20190007409,2019-04-18,20:25:00,1,Collision with vehicle,4,Thursday,130,REAR END(VEHICLES IN SAME LANE),3,344370,Not at intersection,3,50,Arterial Other,HIGH,WHITTLESEA,-37.6791,145.01405,2019,4,April,20,Night,Weekday
T20190007469,2019-04-19,15:30:00,1,Collision with vehicle,5,Friday,134,LANE CHANGE RIGHT (NOT OVERTAKING),1,344350,Not at intersection,2,80,Freeway,WEST GATE OUT-WESTERN RING OUT,HOBSONS BAY,-37.825954,144.82372,2019,4,April,15,Afternoon Peak,Weekday