ACCIDENT_NO,ACCIDENT_DATE,ACCIDENT_TIME,ACCIDENT_TYPE,ACCIDENT_TYPE_DESC,DAY_OF_WEEK,DAY_WEEK_DESC,DCA_CODE,DCA_DESC,LIGHT_CONDITION,NODE_ID,ROAD_GEOMETRY_DESC,SEVERITY,SPEED_ZONE,RMA,ROAD_NAME,LGA_NAME,LATITUDE,LONGITUDE,YEAR,MONTH,MONTH_NAME,HOUR,TIME_PERIOD,DAY_TYPE
T20190007468,2019-04-19,18:23:00,1,Collision with vehicle,5,Friday,121,RIGHT THROUGH,3,264214,Not at intersection,2,60,Arterial Other,ASHLEY,MARIBYRNONG,-37.79419,144.86298,2019,4,April,18,Afternoon Peak,Weekday
T20190007466,2019-04-19,16:00:00,1,Collision with vehicle,5,Friday,110,CROSS TRAFFIC(INTERSECTIONS ONLY),1,38201,Cross intersection,3,40,Local Road,DAREBIN,BANYULE,-37.753757,145.06248,2019,4,April,16,Afternoon Peak,Weekday
T20190007464,2019-04-19,15:15:00,1,Collision with vehicle,5,Friday,110,CROSS TRAFFIC(INTERSECTIONS ONLY),1,22578,Cross intersection,3,60,Local Road,ALBERT,PYRENEES,-37.427494,143.37965,2019,4,April,15,Afternoon Peak,Weekday
T20190007463,2019-04-19,18:20:00,4,Collision with a fixed object,5,Friday,173,RIGHT OFF CARRIAGEWAY INTO OBJECT/PARKED VEHICLE,5,589979,Not at intersection,2,80,Arterial Other,NARRE WARREN,CASEY,-38.072548,145.29764,2019,4,April,18,Afternoon Peak,Weekday
T20190007462,2019-04-19,11:50:00,1,Collision with vehicle,5,Friday,130,REAR END(VEHICLES IN SAME LANE),1,345797,Not at intersection,2,100,Arterial Highway,WESTERN,ARARAT,-37.300888,142.98064,2019,4,April,11,Midday,Weekday
T20190007461,2019-04-19,11:54:00,1,Collision with vehicle,5,Friday,130,REAR END(VEHICLES IN SAME LANE),1,345150,Not at intersection,2,100,Arterial Other,BRUTHEN-NOWA NOWA,EAST GIPPSLAND,-37.703278,148.05344,2019,4,April,11,Midday,Weekday
T20190007460,2019-04-19,16:10:00,1,Collision with vehicle,5,Friday,121,RIGHT THROUGH,1,39181,T intersection,2,60,Arterial Other,WHITEHORSE,BOROONDARA,-37.813732,145.08871,2019,4,April,16,Afternoon Peak,Weekday
T20190007454,2019-04-19,15:50:00,1,Collision with vehicle,5,Friday,110,CROSS TRAFFIC(INTERSECTIONS ONLY),1,48889,Cross intersection,3,60,Arterial Highway,VINCENT,ARARAT,-37.284973,142.93103,2019,4,April,15,Afternoon Peak,Weekday
T20190007451,2019-04-19,10:00:00,4,Collision with a fixed object,5,Friday,181,OFF RIGHT BEND INTO OBJECT/PARKED VEHICLE,1,340745,T intersection,2,100,Arterial Other,LOWER DARLINGTON,CORANGAMITE,-38.027023,143.50282,2019,4,April,10,Midday,Weekday
T20190007450,2019-04-19,12:35:00,8,No collision and no object struck,5,Friday,170,OFF CARRIAGEWAY TO LEFT,1,50290,T intersection,2,80,Arterial Other,BARWON HEADS,GEELONG,-38.26544,144.44542,2019,4,April,12,Midday,Weekday
T20190007449,2019-04-19,13:30:00,4,Collision with a fixed object,5,Friday,171,LEFT OFF CARRIAGEWAY INTO OBJECT/PARKED VEHICLE,1,345725,Not at intersection,3,100,Local Road,WARRAYATKIN,ARARAT,-37.26877,142.99207,2019,4,April,13,Midday,Weekday
T20190007448,2019-04-19,13:30:00,1,Collision with vehicle,5,Friday,130,REAR END(VEHICLES IN SAME LANE),1,50328,Cross intersection,3,60,Arterial Highway,GEELONG,SURF COAST,-38.325985,144.31758,2019,4,April,13,Midday,Weekday
T20190007445,2019-04-19,11:50:00,1,Collision with vehicle,5,Friday,110,CROSS TRAFFIC(INTERSECTIONS ONLY),1,44398,Cross intersection,3,60,Arterial Other,PLENTY,DAREBIN,-37.734398,145.01369,2019,4,April,11,Midday,Weekday
T20190007444,2019-04-19,06:45:00,4,Collision with a fixed object,5,Friday,173,RIGHT OFF CARRIAGEWAY INTO OBJECT/PARKED VEHICLE,1,344752,Not at intersection,1,100,Arterial Highway,WESTERN,ARARAT,-37.23198,142.89903,2019,4,April,6,Morning Peak,Weekday
T20190007442,2019-04-19,10:17:00,1,Collision with vehicle,5,Friday,110,CROSS TRAFFIC(INTERSECTIONS ONLY),1,50322,Cross intersection,2,100,Arterial Other,WINCHELSEA-DEANS MARSH,SURF COAST,-38.299526,143.98071,2019,4,April,10,Midday,Weekday
T20190007438,2019-04-19,11:15:00,1,Collision with vehicle,5,Friday,121,RIGHT THROUGH,1,47929,T intersection,3,60,Arterial Other,LOWER PLENTY,BANYULE,-37.74289,145.06503,2019,4,April,11,Midday,Weekday
T20190007435,2019-04-19,10:20:00,4,Collision with a fixed object,5,Friday,171,LEFT OFF CARRIAGEWAY INTO OBJECT/PARKED VEHICLE,1,344453,Not at intersection,3,100,Local Road,SOLDIERS,BASS COAST,-38.469334,145.45193,2019,4,April,10,Midday,Weekday
T20190007999,2019-04-19,08:30:00,3,Struck animal,5,Friday,167,STRUCK ANIMAL,9,344628,Not at intersection,3,50,Local Road,GLENALBYN-MT KORONG,LODDON,-36.48647,143.7438,2019,4,April,8,Morning Peak,Weekday
T20190007434,2019-04-19,11:15:00,1,Collision with vehicle,5,Friday,130,REAR END(VEHICLES IN SAME LANE),1,344346,Not at intersection,3,60,Arterial Highway,BULLEEN,BOROONDARA,-37.77815,145.07872,2019,4,April,11,Midday,Weekday
T20190007477,2019-04-19,00:15:00,1,Collision with vehicle,5,Friday,121,RIGHT THROUGH,3,36335,Cross intersection,3,60,Arterial Other,CEMETERY,MELBOURNE,-37.79226,144.96838,2019,4,April,0,Late Night,Weekday
T20190007474,2019-04-19,17:00:00,1,Collision with vehicle,5,Friday,130,REAR END(VEHICLES IN SAME LANE),1,43735,Not at intersection,3,60,Local Road,RICHARD,MELTON,-37.695675,144.57645,2019,4,April,17,Afternoon Peak,Weekday
T20190007437,2019-04-19,11:06:00,1,Collision with vehicle,5,Friday,121,RIGHT THROUGH,1,29377,Cross intersection,3,60,Arterial Other,KING,MELBOURNE,-37.805504,144.94865,2019,4,April,11,Midday,Weekday
T20190007479,2019-04-19,19:15:00,2,Struck Pedestrian,5,Friday,102,FAR SIDE. PED HIT BY VEHICLE FROM THE LEFT,1,344368,Not at intersection,1,80,Arterial Other,BALLARAT,BRIMBANK,-37.771526,144.78706,2019,4,April,19,Night,Weekday
T20190010615,2019-04-19,10:30:00,1,Collision with vehicle,5,Friday,110,CROSS TRAFFIC(INTERSECTIONS ONLY),1,52682,Cross intersection,3,50,Arterial Highway,LONGFIELD,NORTHERN GRAMPIANS,-37.064175,142.76505,2019,4,April,10,Midday,Weekday
T20190007502,2019-04-19,16:32:00,1,Collision with vehicle,5,Friday,135,LANE CHANGE LEFT (NOT OVERTAKING),1,344356,Not at intersection,3,40,Arterial Other,TOORAK,STONNINGTON,-37.84354,145.02934,2019,4,April,16,Afternoon Peak,Weekday
T20190012776,2019-04-19,17:00:00,8,No collision and no object struck,5,Friday,174,OUT OF CONTROL ON CARRIAGEWAY (ON STRAIGHT),2,347115,Not at intersection,3,30,Local Road,ARMY NORTH,WELLINGTON,-37.75401,146.50084,2019,4,April,17,Afternoon Peak,Weekday
T20190007424,2019-04-19,02:40:00,7,Fall from or in moving vehicle,5,Friday,190,FELL IN/FROM VEHICLE,3,346552,Not at intersection,1,50,Local Road,HEATHERHILL,FRANKSTON,-38.16637,145.1608,2019,4,April,2,Late Night,Weekday
T20190007419,2019-04-19,00:32:00,1,Collision with vehicle,5,Friday,120,HEAD ON (NOT OVERTAKING),5,345095,Not at intersection,2,80,Arterial Other,MICKLEHAM,HUME,-37.60131,144.88257,2019,4,April,0,Late Night,Weekday
T20200006217,2019-04-19,05:40:00,1,Collision with vehicle,5,Friday,130,REAR END(VEHICLES IN SAME LANE),3,651784,Not at intersection,3,100,Freeway,SOUTH GIPPSLAND,DANDENONG,-38.013535,145.24977,2019,4,April,5,Morning Peak,Weekday
T20190007512,2019-04-20,14:00:00,6,Vehicle overturned (no collision),6,Saturday,174,OUT OF CONTROL ON CARRIAGEWAY (ON STRAIGHT),1,344786,Not at intersection,2,100,Local Road,WET GULLY,ALPINE,-36.754444,147.00179,2019,4,April,14,Midday,Weekend
T20190007506,2019-04-20,13:10:00,1,Collision with vehicle,6,Saturday,159,OTHER OVERTAKING MANOEUVRES NOT INCLUDED IN DCAs 150-154,1,580970,Not at intersection,2,100,Arterial Other,GRAMPIANS,ARARAT,-37.478252,142.43332,2019,4,April,13,Midday,Weekend
T20190007581,2019-04-20,16:50:00,1,Collision with vehicle,6,Saturday,179,OTHER ACCIDENTS-OFF STRAIGHT NOT INCLUDED IN DCAs 170-175,1,344549,Not at intersection,3,100,Freeway,METROPOLITAN RING,WHITTLESEA,-37.685787,145.0149,2019,4,April,16,Afternoon Peak,Weekend
T20190007505,2019-04-20,14:15:00,1,Collision with vehicle,6,Saturday,120,HEAD ON (NOT OVERTAKING),1,346432,Not at intersection,2,100,Arterial Other,DARTMOUTH,TOWONG,-36.554302,147.522,2019,4,April,14,Midday,Weekend
T20190007599,2019-04-20,14:30:00,1,Collision with vehicle,6,Saturday,130,REAR END(VEHICLES IN SAME LANE),1,347421,Not at intersection,3,50,Local Road,COBBLESTONE,MELTON,-37.743496,144.74306,2019,4,April,14,Midday,Weekend
T20190007531,2019-04-20,15:40:00,1,Collision with vehicle,6,Saturday,130,REAR END(VEHICLES IN SAME LANE),1,345576,Not at intersection,3,60,Arterial Other,HIGH,DAREBIN,-37.70015,145.01051,2019,4,April,15,Afternoon Peak,Weekend
T20190007511,2019-04-20,12:00:00,7,Fall from or in moving vehicle,6,Saturday,179,OTHER ACCIDENTS-OFF STRAIGHT NOT INCLUDED IN DCAs 170-175,1,344458,Not at intersection,2,100,Freeway,PRINCES,HOBSONS BAY,-37.86954,144.75508,2019,4,April,12,Midday,Weekend
T20190007529,2019-04-20,16:45:00,5,collision with some other object,6,Saturday,151,OUT OF CONTROL (OVERTAKING),1,346518,Not at intersection,3,80,Arterial Other,MORNINGTON-TYABB,MORNINGTON PENINSULA,-38.24988,145.11171,2019,4,April,16,Afternoon Peak,Weekend
T20190007503,2019-04-20,00:30:00,3,Struck animal,6,Saturday,167,STRUCK ANIMAL,5,344359,Not at intersection,3,70,Local Road,RACECOURSE,BENDIGO,-36.72221,144.32416,2019,4,April,0,Late Night,Weekend
T20190018401,2019-04-20,16:00:00,1,Collision with vehicle,6,Saturday,131,LEFT REAR,2,248089,T intersection,3,40,Arterial Highway,RAGLAN,WARRNAMBOOL,-38.38332,142.51935,2019,4,April,16,Afternoon Peak,Weekend
T20190007521,2019-04-20,15:55:00,1,Collision with vehicle,6,Saturday,130,REAR END(VEHICLES IN SAME LANE),1,345352,Not at intersection,3,50,Local Road,WATTLE VALLEY,BOROONDARA,-37.83532,145.08119,2019,4,April,15,Afternoon Peak,Weekend
T20190007522,2019-04-20,14:49:00,6,Vehicle overturned (no collision),6,Saturday,170,OFF CARRIAGEWAY TO LEFT,1,344813,Not at intersection,2,100,Local Road,SPECULATION,MANSFIELD,-37.11279,146.55838,2019,4,April,14,Midday,Weekend
T20190007541,2019-04-20,22:41:00,4,Collision with a fixed object,6,Saturday,183,OFF LEFT BEND INTO OBJECT/PARKED VEHICLE,5,580807,Not at intersection,2,60,Arterial Other,MIRBOO NORTH-TRAFALGAR,BAW BAW,-38.270332,146.18176,2019,4,April,22,Night,Weekend
T20190007525,2019-04-20,16:30:00,1,Collision with vehicle,6,Saturday,130,REAR END(VEHICLES IN SAME LANE),1,47804,T intersection,2,80,Arterial Other,PLENTY,WHITTLESEA,-37.640816,145.09624,2019,4,April,16,Afternoon Peak,Weekend
T20190007526,2019-04-20,19:20:00,1,Collision with vehicle,6,Saturday,121,RIGHT THROUGH,3,344445,Not at intersection,2,60,Local Road,MOOREFIELD PARK,WODONGA,-36.113255,146.85529,2019,4,April,19,Night,Weekend
T20190007562,2019-04-20,16:10:00,1,Collision with vehicle,6,Saturday,116,LEFT NEAR (INTERSECTIONS ONLY),1,52871,Cross intersection,3,60,Arterial Other,VICTORIA,BALLARAT,-37.561546,143.87294,2019,4,April,16,Afternoon Peak,Weekend
T20200012536,2019-04-20,19:30:00,1,Collision with vehicle,6,Saturday,130,REAR END(VEHICLES IN SAME LANE),9,1137,Cross intersection,2,80,Arterial Other,HUME HIGHWAY -SYDNEY,HUME,-37.643326,144.95116,2019,4,April,19,Night,Weekend
T20190007537,2019-04-20,21:25:00,1,Collision with vehicle,6,Saturday,110,CROSS TRAFFIC(INTERSECTIONS ONLY),3,278680,Cross intersection,3,60,Local Road,AITKEN,HUME,-37.59014,144.91069,2019,4,April,21,Night,Weekend
T20190007509,2019-04-20,16:54:00,1,Collision with vehicle,6,Saturday,113,RIGHT NEAR (INTERSECTIONS ONLY),2,22,Cross intersection,3,60,Arterial Other,HARKER,MELBOURNE,-37.796597,144.9512,2019,4,April,16,Afternoon Peak,Weekend
T20190007608,2019-04-20,09:45:00,1,Collision with vehicle,6,Saturday,137,LEFT TURN SIDESWIPE,1,39989,T intersection,3,60,Local Road,DURKIN,HOBSONS BAY,-37.842262,144.881,2019,4,April,9,Morning Peak,Weekend
T20190007482,2019-04-20,06:45:00,1,Collision with vehicle,6,Saturday,110,CROSS TRAFFIC(INTERSECTIONS ONLY),2,244234,Cross intersection,2,80,Arterial Highway,CALDER,BENDIGO,-36.742226,144.20416,2019,4,April,6,Morning Peak,Weekend
T20190007489,2019-04-20,11:05:00,5,collision with some other object,6,Saturday,173,RIGHT OFF CARRIAGEWAY INTO OBJECT/PARKED VEHICLE,1,344467,Not at intersection,2,30,Local Road,THE STRAND,HOBSONS BAY,-37.85483,144.90176,2019,4,April,11,Midday,Weekend
T20190007493,2019-04-20,12:15:00,1,Collision with vehicle,6,Saturday,130,REAR END(VEHICLES IN SAME LANE),1,345522,Not at intersection,2,60,Arterial Other,HIGH,WHITTLESEA,-37.640053,145.02654,2019,4,April,12,Midday,Weekend
T20190007494,2019-04-20,11:30:00,1,Collision with vehicle,6,Saturday,132,RIGHT REAR.,1,265067,T intersection,2,60,Arterial Highway,LOWER DANDENONG,KINGSTON,-37.983055,145.07993,2019,4,April,11,Midday,Weekend
T20190007496,2019-04-20,11:45:00,1,Collision with vehicle,6,Saturday,130,REAR END(VEHICLES IN SAME LANE),1,344759,Not at intersection,2,80,Freeway,TULLAMARINE,MOONEE VALLEY,-37.72884,144.89067,2019,4,April,11,Midday,Weekend
T20190007497,2019-04-20,13:00:00,1,Collision with vehicle,6,Saturday,136,RIGHT TURN SIDESWIPE,1,344405,T intersection,3,50,Local Road,GARDEN GROVE,WHITTLESEA,-37.67681,145.05426,2019,4,April,13,Midday,Weekend
T20190007499,2019-04-20,11:40:00,1,Collision with vehicle,6,Saturday,120,HEAD ON (NOT OVERTAKING),1,345123,Not at intersection,3,100,Arterial Other,MOE-RAWSON,BAW BAW,-38.06158,146.33508,2019,4,April,11,Midday,Weekend
T20190007530,2019-04-20,20:45:00,3,Struck animal,6,Saturday,167,STRUCK ANIMAL,5,579934,Not at intersection,3,100,Arterial Highway,MURRAY VALLEY,TOWONG,-36.22457,147.14969,2019,4,April,20,Night,Weekend
T20190007568,2019-04-21,12:38:00,1,Collision with vehicle,7,Sunday,120,HEAD ON (NOT OVERTAKING),1,344495,Not at intersection,3,100,Local Road,MCKENZIES,WELLINGTON,-38.42335,146.76253,2019,4,April,12,Midday,Weekend
T20190007545,2019-04-21,06:20:00,1,Collision with vehicle,7,Sunday,120,HEAD ON (NOT OVERTAKING),2,344866,Not at intersection,3,60,Local Road,WESTWOOD,MELTON,-37.74635,144.74904,2019,4,April,6,Morning Peak,Weekend
T20190007575,2019-04-21,19:10:00,1,Collision with vehicle,7,Sunday,121,RIGHT THROUGH,3,40450,Cross intersection,2,60,Arterial Other,RIVERSDALE,BOROONDARA,-37.832157,145.06369,2019,4,April,19,Night,Weekend
T20190007549,2019-04-21,10:10:00,1,Collision with vehicle,7,Sunday,110,CROSS TRAFFIC(INTERSECTIONS ONLY),1,49504,Cross intersection,2,50,Arterial Other,AITKEN,MACEDON RANGES,-37.49,144.59079,2019,4,April,10,Midday,Weekend
T20190007584,2019-04-21,11:30:00,6,Vehicle overturned (no collision),7,Sunday,174,OUT OF CONTROL ON CARRIAGEWAY (ON STRAIGHT),1,345519,Not at intersection,3,100,Arterial Other,SNOWY RIVER,EAST GIPPSLAND,-37.09721,148.253,2019,4,April,11,Midday,Weekend
T20190007546,2019-04-21,04:15:00,1,Collision with vehicle,7,Sunday,120,HEAD ON (NOT OVERTAKING),3,660982,Cross intersection,2,60,Arterial Other,ANDERSON,BRIMBANK,-37.777412,144.82866,2019,4,April,4,Late Night,Weekend
T20190007553,2019-04-21,10:30:00,6,Vehicle overturned (no collision),7,Sunday,174,OUT OF CONTROL ON CARRIAGEWAY (ON STRAIGHT),1,344614,Not at intersection,2,100,Local Road,GOLDIE SPUR,ALPINE,-36.80203,146.78905,2019,4,April,10,Midday,Weekend
T20210008298,2019-04-21,23:50:00,2,Struck Pedestrian,7,Sunday,102,FAR SIDE. PED HIT BY VEHICLE FROM THE LEFT,3,765639,T intersection,2,60,Arterial Other,MAIN,BRIMBANK,-37.74332,144.79181,2019,4,April,23,Night,Weekend
T20190007559,2019-04-21,12:43:00,1,Collision with vehicle,7,Sunday,110,CROSS TRAFFIC(INTERSECTIONS ONLY),1,344394,Cross intersection,2,70,Arterial Other,MCEWEN,CAMPASPE,-36.31175,145.03207,2019,4,April,12,Midday,Weekend
T20190007556,2019-04-21,12:10:00,1,Collision with vehicle,7,Sunday,136,RIGHT TURN SIDESWIPE,1,344374,T intersection,2,100,Arterial Highway,NORTHERN,MITCHELL,-37.03129,144.79437,2019,4,April,12,Midday,Weekend
T20190007713,2019-04-21,13:00:00,1,Collision with vehicle,7,Sunday,130,REAR END(VEHICLES IN SAME LANE),1,36005,T intersection,3,50,Arterial Highway,WARBURTON,YARRA RANGES,-37.76629,145.64476,2019,4,April,13,Midday,Weekend
T20190007571,2019-04-21,16:30:00,2,Struck Pedestrian,7,Sunday,108,PED STRUCK WALKING TO/FROM OR BOARDING/ALIGHTING VEHICLE.,1,45556,T intersection,3,60,Arterial Other,BRUNSWICK,MORELAND,-37.775692,144.94879,2019,4,April,16,Afternoon Peak,Weekend
T20190007569,2019-04-21,12:50:00,1,Collision with vehicle,7,Sunday,121,RIGHT THROUGH,1,43172,T intersection,3,60,Arterial Highway,NEPEAN,KINGSTON,-38.010483,145.08887,2019,4,April,12,Midday,Weekend
T20190007585,2019-04-22,09:44:00,1,Collision with vehicle,1,Monday,113,RIGHT NEAR (INTERSECTIONS ONLY),1,322627,T intersection,3,70,Arterial Highway,BRIDGE,MANNINGHAM,-37.76028,145.08122,2019,4,April,9,Morning Peak,Weekday
T20190007628,2019-04-22,05:50:00,4,Collision with a fixed object,1,Monday,141,U TURN INTO FIXED OBJECT/PARKED VEHICLE,2,344569,Not at intersection,2,60,Arterial Other,BARKERS,BOROONDARA,-37.81386,145.0297,2019,4,April,5,Morning Peak,Weekday
T20190007640,2019-04-22,02:25:00,1,Collision with vehicle,1,Monday,173,RIGHT OFF CARRIAGEWAY INTO OBJECT/PARKED VEHICLE,5,632143,Not at intersection,2,60,Local Road,KINGS,MURRINDINDI,-37.51512,145.74803,2019,4,April,2,Late Night,Weekday
T20190007621,2019-04-22,21:30:00,4,Collision with a fixed object,1,Monday,171,LEFT OFF CARRIAGEWAY INTO OBJECT/PARKED VEHICLE,5,580242,Not at intersection,3,100,Arterial Other,BENDIGO-MALDON,BENDIGO,-36.855526,144.15407,2019,4,April,21,Night,Weekday
T20190007615,2019-04-22,18:05:00,4,Collision with a fixed object,1,Monday,181,OFF RIGHT BEND INTO OBJECT/PARKED VEHICLE,5,346065,T intersection,2,100,Arterial Other,LAVERS HILL-COBDEN,CORANGAMITE,-38.420567,143.17084,2019,4,April,18,Afternoon Peak,Weekday
T20190007613,2019-04-22,18:00:00,1,Collision with vehicle,1,Monday,121,RIGHT THROUGH,2,49846,Cross intersection,2,50,Arterial Highway,CHURCH,GEELONG,-38.1321,144.34993,2019,4,April,18,Afternoon Peak,Weekday
T20190007617,2019-04-22,18:50:00,1,Collision with vehicle,1,Monday,169,OTHER ON PATH,3,345504,Not at intersection,3,50,Local Road,CHALCOT,CASEY,-37.972515,145.2447,2019,4,April,18,Afternoon Peak,Weekday
T20190007655,2019-04-22,20:30:00,1,Collision with vehicle,1,Monday,113,RIGHT NEAR (INTERSECTIONS ONLY),3,278839,Cross intersection,2,70,Local Road,GLASSCOCKS,CASEY,-38.07202,145.31573,2019,4,April,20,Night,Weekday
T20190007579,2019-04-22,06:18:00,4,Collision with a fixed object,1,Monday,171,LEFT OFF CARRIAGEWAY INTO OBJECT/PARKED VEHICLE,3,304636,Cross intersection,2,60,Local Road,AITKEN,HUME,-37.616432,144.91342,2019,4,April,6,Morning Peak,Weekday
T20190007619,2019-04-22,20:50:00,1,Collision with vehicle,1,Monday,130,REAR END(VEHICLES IN SAME LANE),3,36189,Cross intersection,3,70,Arterial Other,MICKLEHAM,HUME,-37.684402,144.88292,2019,4,April,20,Night,Weekday
T20190007624,2019-04-22,21:15:00,1,Collision with vehicle,1,Monday,142,LEAVING PARKING,3,344673,T intersection,3,60,Arterial Other,CHURCH,YARRA,-37.82105,144.99875,2019,4,April,21,Night,Weekday
T20190007813,2019-04-22,18:10:00,2,Struck Pedestrian,1,Monday,102,FAR SIDE. PED HIT BY VEHICLE FROM THE LEFT,3,345919,Not at intersection,3,50,Local Road,SOMERSET,HUME,-37.678596,144.95692,2019,4,April,18,Afternoon Peak,Weekday
T20190007592,2019-04-22,06:34:00,1,Collision with vehicle,1,Monday,113,RIGHT NEAR (INTERSECTIONS ONLY),2,243534,T intersection,2,60,Arterial Other,ROHS ROAD -STRICKLAND,BENDIGO,-36.74709,144.31102,2019,4,April,6,Morning Peak,Weekday
T20190007802,2019-04-22,10:43:00,4,Collision with a fixed object,1,Monday,183,OFF LEFT BEND INTO OBJECT/PARKED VEHICLE,1,346267,Not at intersection,3,60,Local Road,NAYOOK-POWELLTOWN,BAW BAW,-37.919857,145.94511,2019,4,April,10,Midday,Weekday
T20190007589,2019-04-22,10:10:00,4,Collision with a fixed object,1,Monday,181,OFF RIGHT BEND INTO OBJECT/PARKED VEHICLE,1,344401,Not at intersection,2,80,Arterial Highway,GREAT OCEAN,COLAC OTWAY,-38.774143,143.50955,2019,4,April,10,Midday,Weekday
T20190007596,2019-04-22,12:05:00,1,Collision with vehicle,1,Monday,116,LEFT NEAR (INTERSECTIONS ONLY),1,446,T intersection,3,70,Freeway,GEELONG ROAD -PRINCES,HOBSONS BAY,-37.824047,144.82405,2019,4,April,12,Midday,Weekday
T20190007598,2019-04-22,11:55:00,4,Collision with a fixed object,1,Monday,171,LEFT OFF CARRIAGEWAY INTO OBJECT/PARKED VEHICLE,1,344463,Not at intersection,3,80,Local Road,LOEMANS,HUME,-37.63136,144.79239,2019,4,April,11,Midday,Weekday
T20190008375,2019-04-22,21:00:00,1,Collision with vehicle,1,Monday,137,LEFT TURN SIDESWIPE,3,36166,Cross intersection,3,40,Local Road,CHAPEL,STONNINGTON,-37.854706,144.99283,2019,4,April,21,Night,Weekday
T20190007603,2019-04-22,14:15:00,1,Collision with vehicle,1,Monday,121,RIGHT THROUGH,1,344489,T intersection,3,60,Local Road,DARRAWEIT,MITCHELL,-37.406006,144.97426,2019,4,April,14,Midday,Weekday
T20190007604,2019-04-22,07:35:00,1,Collision with vehicle,1,Monday,110,CROSS TRAFFIC(INTERSECTIONS ONLY),1,353751,Cross intersection,2,60,Arterial Highway,BELL,DAREBIN,-37.743893,144.98915,2019,4,April,7,Morning Peak,Weekday
T20190007606,2019-04-22,14:55:00,1,Collision with vehicle,1,Monday,110,CROSS TRAFFIC(INTERSECTIONS ONLY),1,345579,Cross intersection,3,70,Arterial Other,BLUFF ROAD -CUMMINS,BAYSIDE,-37.93187,145.02573,2019,4,April,14,Midday,Weekday
T20190007687,2019-04-23,13:55:00,1,Collision with vehicle,2,Tuesday,130,REAR END(VEHICLES IN SAME LANE),1,346882,Not at intersection,2,60,Arterial Highway,EASTERN,YARRA,-37.79373,144.9819,2019,4,April,13,Midday,Weekday
T20190007664,2019-04-23,12:10:00,1,Collision with vehicle,2,Tuesday,121,RIGHT THROUGH,1,45697,Multiple intersection,3,60,Freeway,WESTERN RING OUT-SUNSHINE,BRIMBANK,-37.749912,144.83171,2019,4,April,12,Midday,Weekday
T20190007662,2019-04-23,13:16:00,2,Struck Pedestrian,2,Tuesday,103,PED PLAYING/LYING/WORKING/STANDING ON CARRIAGEWAY.,1,346754,Dead end,2,50,Local Road,VINCENT,MORELAND,-37.716522,144.90726,2019,4,April,13,Midday,Weekday
T20190007688,2019-04-23,16:30:00,1,Collision with vehicle,2,Tuesday,132,RIGHT REAR.,2,55224,T intersection,3,80,Arterial Other,METUNG,EAST GIPPSLAND,-37.874435,147.84883,2019,4,April,16,Afternoon Peak,Weekday
T20190007658,2019-04-23,09:30:00,2,Struck Pedestrian,2,Tuesday,103,PED PLAYING/LYING/WORKING/STANDING ON CARRIAGEWAY.,1,52741,T intersection,2,50,Arterial Other,REGINA,BALLARAT,-37.522644,143.80815,2019,4,April,9,Morning Peak,Weekday
T20190007627,2019-04-23,00:43:00,4,Collision with a fixed object,2,Tuesday,171,LEFT OFF CARRIAGEWAY INTO OBJECT/PARKED VEHICLE,5,344674,Not at intersection,3,80,Arterial Other,PHELAN,CENTRAL GOLDFIELDS,-37.049282,143.71648,2019,4,April,0,Late Night,Weekday
T20190007725,2019-04-23,17:30:00,1,Collision with vehicle,2,Tuesday,130,REAR END(VEHICLES IN SAME LANE),2,275940,Not at intersection,2,80,Arterial Other,COOPER,WHITTLESEA,-37.650543,145.0109,2019,4,April,17,Afternoon Peak,Weekday
T20190007695,2019-04-23,18:00:00,6,Vehicle overturned (no collision),2,Tuesday,174,OUT OF CONTROL ON CARRIAGEWAY (ON STRAIGHT),2,345228,Not at intersection,2,100,Arterial Highway,MIDLAND,BENALLA,-36.739597,145.99895,2019,4,April,18,Afternoon Peak,Weekday
T20190007973,2019-04-23,11:30:00,1,Collision with vehicle,2,Tuesday,130,REAR END(VEHICLES IN SAME LANE),1,580249,Not at intersection,3,60,Arterial Other,DORSET,MAROONDAH,-37.78178,145.2933,2019,4,April,11,Midday,Weekday
T20190007642,2019-04-23,08:28:00,1,Collision with vehicle,2,Tuesday,135,LANE CHANGE LEFT (NOT OVERTAKING),1,344499,Not at intersection,2,80,Freeway,CITYLINK,MORELAND,-37.73703,144.92966,2019,4,April,8,Morning Peak,Weekday
T20190007650,2019-04-23,08:30:00,1,Collision with vehicle,2,Tuesday,179,OTHER ACCIDENTS-OFF STRAIGHT NOT INCLUDED IN DCAs 170-175,1,344513,Not at intersection,3,60,Local Road,SHAWS,WYNDHAM,-37.889942,144.66112,2019,4,April,8,Morning Peak,Weekday
T20190007654,2019-04-23,11:30:00,1,Collision with vehicle,2,Tuesday,173,RIGHT OFF CARRIAGEWAY INTO OBJECT/PARKED VEHICLE,1,344853,Not at intersection,2,60,Arterial Other,PARKER,MANNINGHAM,-37.756554,145.11716,2019,4,April,11,Midday,Weekday
T20190007656,2019-04-23,08:20:00,4,Collision with a fixed object,2,Tuesday,171,LEFT OFF CARRIAGEWAY INTO OBJECT/PARKED VEHICLE,1,344595,Not at intersection,2,100,Arterial Highway,HENTY,SOUTHERN GRAMPIANS,-37.818283,141.89365,2019,4,April,8,Morning Peak,Weekday
T20190007657,2019-04-23,10:20:00,4,Collision with a fixed object,2,Tuesday,181,OFF RIGHT BEND INTO OBJECT/PARKED VEHICLE,1,346900,Not at intersection,1,100,Local Road,NAVIGATORS,MOORABOOL,-37.60037,143.93181,2019,4,April,10,Midday,Weekday