ACCIDENT_NO,ACCIDENT_DATE,ACCIDENT_TIME,ACCIDENT_TYPE,ACCIDENT_TYPE_DESC,DAY_OF_WEEK,DAY_WEEK_DESC,DCA_CODE,DCA_DESC,LIGHT_CONDITION,NODE_ID,ROAD_GEOMETRY_DESC,SEVERITY,SPEED_ZONE,RMA,ROAD_NAME,LGA_NAME,LATITUDE,LONGITUDE,YEAR,MONTH,MONTH_NAME,HOUR,TIME_PERIOD,DAY_TYPE
T20190007694,2019-04-23,18:15:00,4,Collision with a fixed object,2,Tuesday,173,RIGHT OFF CARRIAGEWAY INTO OBJECT/PARKED VEHICLE,5,344496,Not at intersection,3,100,Arterial Other,SEYMOUR-TOOBORAC,MITCHELL,-37.015484,145.04341,2019,4,April,18,Afternoon Peak,Weekday
T20190007700,2019-04-23,18:35:00,4,Collision with a fixed object,2,Tuesday,171,LEFT OFF CARRIAGEWAY INTO OBJECT/PARKED VEHICLE,2,345628,Not at intersection,2,100,Arterial Highway,GOULBURN VALLEY,MOIRA,-35.86458,145.56851,2019,4,April,18,Afternoon Peak,Weekday
T20190007649,2019-04-23,08:45:00,4,Collision with a fixed object,2,Tuesday,171,LEFT OFF CARRIAGEWAY INTO OBJECT/PARKED VEHICLE,1,360391,Not at intersection,3,100,Arterial Highway,GLENELG,SOUTHERN GRAMPIANS,-37.629818,141.7814,2019,4,April,8,Morning Peak,Weekday
T20190007703,2019-04-23,22:30:00,4,Collision with a fixed object,2,Tuesday,171,LEFT OFF CARRIAGEWAY INTO OBJECT/PARKED VEHICLE,5,586136,Not at intersection,2,100,Local Road,PALMERSTON,BENALLA,-36.597584,145.86658,2019,4,April,22,Night,Weekday
T20190007682,2019-04-23,15:30:00,2,Struck Pedestrian,2,Tuesday,101,PED EMERGES FROM IN FRONT OF PARKED OR STATIONARY VEHICLE,1,345013,T intersection,2,50,Local Road,BOURCHIER,SHEPPARTON,-36.36576,145.4126,2019,4,April,15,Afternoon Peak,Weekday
T20190007681,2019-04-23,14:30:00,4,Collision with a fixed object,2,Tuesday,171,LEFT OFF CARRIAGEWAY INTO OBJECT/PARKED VEHICLE,1,344706,Not at intersection,3,60,Arterial Other,THOMPSON,GEELONG,-38.101078,144.34526,2019,4,April,14,Midday,Weekday
T20190007673,2019-04-23,14:16:00,1,Collision with vehicle,2,Tuesday,169,OTHER ON PATH,1,593264,Not at intersection,2,50,Local Road,BARRINGTON,MONASH,-37.86323,145.09984,2019,4,April,14,Midday,Weekday
T20190007689,2019-04-23,15:30:00,1,Collision with vehicle,2,Tuesday,113,RIGHT NEAR (INTERSECTIONS ONLY),1,241458,T intersection,2,60,Local Road,BALD HILL,CARDINIA,-38.082146,145.48813,2019,4,April,15,Afternoon Peak,Weekday
T20190007692,2019-04-23,19:05:00,4,Collision with a fixed object,2,Tuesday,171,LEFT OFF CARRIAGEWAY INTO OBJECT/PARKED VEHICLE,5,344624,Not at intersection,3,100,Arterial Highway,WESTERN,HORSHAM,-36.75908,142.24603,2019,4,April,19,Night,Weekday
T20190007672,2019-04-23,16:04:00,2,Struck Pedestrian,2,Tuesday,102,FAR SIDE. PED HIT BY VEHICLE FROM THE LEFT,1,586434,Not at intersection,2,50,Local Road,HILLVIEW,MONASH,-37.876926,145.1112,2019,4,April,16,Afternoon Peak,Weekday
T20190007666,2019-04-23,12:04:00,5,collision with some other object,2,Tuesday,165,TEMPORARY ROADWORKS,1,344492,Not at intersection,2,40,Arterial Other,MAIN WHITTLESEA,WHITTLESEA,-37.6767,145.07005,2019,4,April,12,Midday,Weekday
T20190007758,2019-04-23,17:00:00,1,Collision with vehicle,2,Tuesday,130,REAR END(VEHICLES IN SAME LANE),1,224568,Cross intersection,3,60,Arterial Highway,BURWOOD,KNOX,-37.888744,145.29471,2019,4,April,17,Afternoon Peak,Weekday
T20190007644,2019-04-23,08:30:00,4,Collision with a fixed object,2,Tuesday,173,RIGHT OFF CARRIAGEWAY INTO OBJECT/PARKED VEHICLE,1,344825,Not at intersection,2,60,Arterial Highway,WILLIS,SURF COAST,-38.23656,143.99773,2019,4,April,8,Morning Peak,Weekday
T20190007749,2019-04-23,18:15:00,1,Collision with vehicle,2,Tuesday,134,LANE CHANGE RIGHT (NOT OVERTAKING),3,580246,Not at intersection,3,80,Arterial Highway,DANDENONG VALLEY,KNOX,-37.92061,145.23459,2019,4,April,18,Afternoon Peak,Weekday
T20190007696,2019-04-23,18:24:00,1,Collision with vehicle,2,Tuesday,111,RIGHT FAR (INTERSECTIONS ONLY),2,42133,Cross intersection,2,50,Local Road,MORELL,MORELAND,-37.70219,144.94872,2019,4,April,18,Afternoon Peak,Weekday
T20190008077,2019-04-23,00:30:00,1,Collision with vehicle,2,Tuesday,130,REAR END(VEHICLES IN SAME LANE),3,49935,Cross intersection,3,70,Arterial Highway,LATROBE,GEELONG,-38.147438,144.35275,2019,4,April,0,Late Night,Weekday
T20190007629,2019-04-23,00:30:00,4,Collision with a fixed object,2,Tuesday,171,LEFT OFF CARRIAGEWAY INTO OBJECT/PARKED VEHICLE,5,344452,Not at intersection,2,80,Local Road,BRIDGE INN,WHITTLESEA,-37.594963,145.04514,2019,4,April,0,Late Night,Weekday
T20190007693,2019-04-23,19:19:00,8,No collision and no object struck,2,Tuesday,182,OFF CARRIAGEWAY ON LEFT BEND,5,351753,Not at intersection,2,100,Arterial Other,MIDLAND,MANSFIELD,-36.986675,146.03154,2019,4,April,19,Night,Weekday
T20190007808,2019-04-23,21:00:00,1,Collision with vehicle,2,Tuesday,132,RIGHT REAR.,2,35298,Cross intersection,3,60,Arterial Other,BRUNSWICK,MORELAND,-37.778294,144.97069,2019,4,April,21,Night,Weekday
T20190007639,2019-04-23,06:49:00,1,Collision with vehicle,2,Tuesday,121,RIGHT THROUGH,2,246030,T intersection,2,60,Arterial Other,MT ALEXANDER,MOONEE VALLEY,-37.76147,144.92183,2019,4,April,6,Morning Peak,Weekday
T20190007626,2019-04-23,00:07:00,4,Collision with a fixed object,2,Tuesday,181,OFF RIGHT BEND INTO OBJECT/PARKED VEHICLE,3,580243,Not at intersection,3,50,Local Road,WANSTEAD,WARRNAMBOOL,-38.383575,142.50894,2019,4,April,0,Late Night,Weekday
T20190009124,2019-04-23,08:15:00,1,Collision with vehicle,2,Tuesday,137,LEFT TURN SIDESWIPE,1,50195,T intersection,3,60,Arterial Other,BARWON HEADS,GEELONG,-38.18281,144.35417,2019,4,April,8,Morning Peak,Weekday
T20190007698,2019-04-23,20:05:00,4,Collision with a fixed object,2,Tuesday,173,RIGHT OFF CARRIAGEWAY INTO OBJECT/PARKED VEHICLE,3,583963,Not at intersection,3,50,Local Road,SOMERSET,KNOX,-37.861153,145.24701,2019,4,April,20,Night,Weekday
T20190007704,2019-04-23,23:38:00,4,Collision with a fixed object,2,Tuesday,146,REVERSING INTO FIXED OBJECT/PARKED VEHICLE,3,344538,Not at intersection,3,60,Arterial Other,HODDLE,YARRA,-37.78741,144.99521,2019,4,April,23,Night,Weekday
T20190007711,2019-04-23,14:14:00,1,Collision with vehicle,2,Tuesday,162,ACCIDENT OR BROKEN DOWN,1,136655,Not at intersection,3,80,Freeway,TULLAMARINE,MOONEE VALLEY,-37.73487,144.89626,2019,4,April,14,Midday,Weekday
T20190007718,2019-04-23,15:15:00,1,Collision with vehicle,2,Tuesday,139,OTHER SAME DIRECTION-MANOUEVRES NOT INCLUDED IN DCAs 130-137,1,122536,Not at intersection,2,60,Arterial Other,QUEENS,YARRA,-37.79102,144.98517,2019,4,April,15,Afternoon Peak,Weekday
T20190008761,2019-04-23,17:10:00,1,Collision with vehicle,2,Tuesday,113,RIGHT NEAR (INTERSECTIONS ONLY),2,52140,T intersection,3,60,Local Road,NORTHERN,LATROBE,-38.173542,146.28645,2019,4,April,17,Afternoon Peak,Weekday
T20190007683,2019-04-23,17:30:00,1,Collision with vehicle,2,Tuesday,111,RIGHT FAR (INTERSECTIONS ONLY),1,71333,Cross intersection,2,50,Local Road,CAREY,CASEY,-38.08247,145.29239,2019,4,April,17,Afternoon Peak,Weekday
T20190007699,2019-04-23,18:30:00,2,Struck Pedestrian,2,Tuesday,107,PED ON FOOTHPATH STRUCK BY VEHENTERING/LEAVING DRIVEWAY.,3,344627,Not at intersection,2,50,Local Road,CATO,SWAN HILL,-35.34234,143.54288,2019,4,April,18,Afternoon Peak,Weekday
T20190007746,2019-04-24,14:30:00,1,Collision with vehicle,3,Wednesday,147,VEHICLE STRIKES ANOTHER VEH WHILE EMERGING FROM DRIVEWAY,1,344506,Not at intersection,3,40,Arterial Other,TOORAK,STONNINGTON,-37.839775,144.9979,2019,4,April,14,Midday,Weekday
T20190007850,2019-04-24,15:00:00,2,Struck Pedestrian,3,Wednesday,107,PED ON FOOTHPATH STRUCK BY VEHENTERING/LEAVING DRIVEWAY.,1,344570,Not at intersection,3,50,Local Road,WHITE,MAROONDAH,-37.83386,145.27623,2019,4,April,15,Afternoon Peak,Weekday
T20190007739,2019-04-24,11:49:00,6,Vehicle overturned (no collision),3,Wednesday,180,OFF CARRIAGEWAY ON RIGHT BEND,1,346329,Not at intersection,2,100,Local Road,NYORA-ST HELIER,BASS COAST,-38.372917,145.6283,2019,4,April,11,Midday,Weekday
T20190011287,2019-04-24,19:00:00,4,Collision with a fixed object,3,Wednesday,173,RIGHT OFF CARRIAGEWAY INTO OBJECT/PARKED VEHICLE,5,346372,Not at intersection,3,100,Arterial Highway,PRINCES,EAST GIPPSLAND,-37.82662,147.89427,2019,4,April,19,Night,Weekday
T20190007787,2019-04-24,16:40:00,4,Collision with a fixed object,3,Wednesday,171,LEFT OFF CARRIAGEWAY INTO OBJECT/PARKED VEHICLE,1,344677,Not at intersection,2,80,Arterial Highway,DANDENONG,DANDENONG,-37.998146,145.16699,2019,4,April,16,Afternoon Peak,Weekday
T20190022701,2019-04-24,17:25:00,1,Collision with vehicle,3,Wednesday,130,REAR END(VEHICLES IN SAME LANE),9,602467,Not at intersection,3,50,Local Road,FOSTER,DANDENONG,-37.989433,145.21027,2019,4,April,17,Afternoon Peak,Weekday
T20190007740,2019-04-24,14:00:00,1,Collision with vehicle,3,Wednesday,130,REAR END(VEHICLES IN SAME LANE),1,1303,Cross intersection,2,80,Arterial Other,BARRY,HUME,-37.66725,144.95479,2019,4,April,14,Midday,Weekday
T20190007737,2019-04-24,07:20:00,4,Collision with a fixed object,3,Wednesday,183,OFF LEFT BEND INTO OBJECT/PARKED VEHICLE,1,345287,Not at intersection,2,100,Arterial Other,WILLOW GROVE,BAW BAW,-38.12217,146.14767,2019,4,April,7,Morning Peak,Weekday
T20190007741,2019-04-24,13:49:00,1,Collision with vehicle,3,Wednesday,110,CROSS TRAFFIC(INTERSECTIONS ONLY),1,39623,Cross intersection,3,50,Local Road,MARKET,MAROONDAH,-37.81584,145.22423,2019,4,April,13,Midday,Weekday
T20190007736,2019-04-24,12:10:00,1,Collision with vehicle,3,Wednesday,130,REAR END(VEHICLES IN SAME LANE),1,356771,Not at intersection,2,70,Arterial Other,BALLARAT,BRIMBANK,-37.7769,144.82808,2019,4,April,12,Midday,Weekday
T20190007716,2019-04-24,09:00:00,1,Collision with vehicle,3,Wednesday,154,PULLING OUT -REAR END,1,62432,T intersection,2,50,Local Road,MASCOMA,MOONEE VALLEY,-37.719185,144.90651,2019,4,April,9,Morning Peak,Weekday
T20190007715,2019-04-24,08:20:00,1,Collision with vehicle,3,Wednesday,120,HEAD ON (NOT OVERTAKING),1,580244,Not at intersection,2,100,Arterial Highway,BASS,BASS COAST,-38.52505,145.44695,2019,4,April,8,Morning Peak,Weekday
T20190009127,2019-04-24,08:00:00,1,Collision with vehicle,3,Wednesday,130,REAR END(VEHICLES IN SAME LANE),1,637956,Not at intersection,3,80,Arterial Other,MICKLEHAM,HUME,-37.63907,144.88106,2019,4,April,8,Morning Peak,Weekday
T20190007780,2019-04-24,23:28:00,4,Collision with a fixed object,3,Wednesday,181,OFF RIGHT BEND INTO OBJECT/PARKED VEHICLE,3,344850,Not at intersection,3,60,Arterial Other,WOODLAND,MOONEE VALLEY,-37.743355,144.92686,2019,4,April,23,Night,Weekday
T20190007728,2019-04-24,11:45:00,1,Collision with vehicle,3,Wednesday,163,VEHICLE STRIKES DOOR OF PARKED/STATIONARY VEHICLE,1,344581,T intersection,3,60,Local Road,GILBERT,DAREBIN,-37.72412,144.99245,2019,4,April,11,Midday,Weekday
T20190007751,2019-04-24,15:20:00,3,Struck animal,3,Wednesday,167,STRUCK ANIMAL,1,344573,Not at intersection,2,100,Local Road,BERRYS,WELLINGTON,-37.85584,147.17484,2019,4,April,15,Afternoon Peak,Weekday
T20190007747,2019-04-24,14:00:00,1,Collision with vehicle,3,Wednesday,110,CROSS TRAFFIC(INTERSECTIONS ONLY),1,58384,Cross intersection,3,60,Local Road,BANK,MOIRA,-35.919876,145.6508,2019,4,April,14,Midday,Weekday
T20190007754,2019-04-24,17:50:00,1,Collision with vehicle,3,Wednesday,133,LANE SIDE SWIPE (VEHICLES IN PARALLEL LANES),2,344567,Not at intersection,3,40,Arterial Other,MAIN,NILLUMBIK,-37.714123,145.1485,2019,4,April,17,Afternoon Peak,Weekday
T20190007735,2019-04-24,09:00:00,1,Collision with vehicle,3,Wednesday,130,REAR END(VEHICLES IN SAME LANE),1,344875,Not at intersection,3,60,Arterial Other,STATION,WHITEHORSE,-37.798637,145.12723,2019,4,April,9,Morning Peak,Weekday
T20190007755,2019-04-24,15:17:00,1,Collision with vehicle,3,Wednesday,113,RIGHT NEAR (INTERSECTIONS ONLY),1,48995,T intersection,3,80,Arterial Other,FRANKSTON-FLINDERS,MORNINGTON PENINSULA,-38.389355,145.09135,2019,4,April,15,Afternoon Peak,Weekday
T20190007756,2019-04-24,18:25:00,1,Collision with vehicle,3,Wednesday,110,CROSS TRAFFIC(INTERSECTIONS ONLY),3,345143,Cross intersection,3,50,Local Road,HENRY,LATROBE,-38.197002,146.52037,2019,4,April,18,Afternoon Peak,Weekday
T20190007757,2019-04-24,17:00:00,1,Collision with vehicle,3,Wednesday,110,CROSS TRAFFIC(INTERSECTIONS ONLY),1,56145,Cross intersection,3,40,Local Road,BIMBLE,MORNINGTON PENINSULA,-38.373417,144.829,2019,4,April,17,Afternoon Peak,Weekday
T20190007769,2019-04-24,16:00:00,1,Collision with vehicle,3,Wednesday,132,RIGHT REAR.,1,55053,T intersection,3,60,Arterial Other,ECHUCA,SHEPPARTON,-36.37135,145.34492,2019,4,April,16,Afternoon Peak,Weekday
T20190007773,2019-04-24,16:25:00,1,Collision with vehicle,3,Wednesday,120,HEAD ON (NOT OVERTAKING),1,344856,Not at intersection,2,50,Local Road,JAMES COOK,CASEY,-37.98478,145.24947,2019,4,April,16,Afternoon Peak,Weekday
T20190007774,2019-04-24,19:20:00,4,Collision with a fixed object,3,Wednesday,181,OFF RIGHT BEND INTO OBJECT/PARKED VEHICLE,5,51249,T intersection,2,100,Arterial Highway,MURRAY VALLEY,MOIRA,-35.99534,145.93118,2019,4,April,19,Night,Weekday
T20190007825,2019-04-24,09:00:00,4,Collision with a fixed object,3,Wednesday,181,OFF RIGHT BEND INTO OBJECT/PARKED VEHICLE,1,579937,Not at intersection,3,100,Arterial Other,WESTERNPORT,BAW BAW,-38.209324,145.7527,2019,4,April,9,Morning Peak,Weekday
T20190007759,2019-04-24,16:19:00,2,Struck Pedestrian,3,Wednesday,100,PED NEAR SIDE. PED HIT BY VEHICLE FROM THE RIGHT.,1,39206,Cross intersection,3,60,Arterial Other,DONCASTER,BOROONDARA,-37.78989,145.0997,2019,4,April,16,Afternoon Peak,Weekday
T20190007762,2019-04-24,18:35:00,1,Collision with vehicle,3,Wednesday,121,RIGHT THROUGH,3,29542,Cross intersection,2,60,Arterial Other,GLENFERRIE,BOROONDARA,-37.814693,145.03682,2019,4,April,18,Afternoon Peak,Weekday
T20190007738,2019-04-24,14:12:00,4,Collision with a fixed object,3,Wednesday,173,RIGHT OFF CARRIAGEWAY INTO OBJECT/PARKED VEHICLE,1,591740,Not at intersection,2,60,Arterial Highway,PRINCES,CASEY,-38.026863,145.31071,2019,4,April,14,Midday,Weekday
T20190007763,2019-04-24,17:35:00,1,Collision with vehicle,3,Wednesday,130,REAR END(VEHICLES IN SAME LANE),1,580247,Not at intersection,3,70,Arterial Highway,OGILVIE,CAMPASPE,-36.140545,144.74136,2019,4,April,17,Afternoon Peak,Weekday
T20190007766,2019-04-24,16:43:00,1,Collision with vehicle,3,Wednesday,121,RIGHT THROUGH,1,1140,Cross intersection,3,60,Arterial Other,COOPER,WHITTLESEA,-37.651485,145.01932,2019,4,April,16,Afternoon Peak,Weekday
T20190015764,2019-04-24,21:30:00,6,Vehicle overturned (no collision),3,Wednesday,170,OFF CARRIAGEWAY TO LEFT,5,579996,Not at intersection,3,50,Local Road,GORDON,MURRINDINDI,-37.184643,145.72232,2019,4,April,21,Night,Weekday
T20190007745,2019-04-24,14:00:00,1,Collision with vehicle,3,Wednesday,150,HEAD ON(OVERTAKING),1,580245,Not at intersection,2,60,Local Road,BRIDGE INN,WHITTLESEA,-37.59641,145.0584,2019,4,April,14,Midday,Weekday
T20190007795,2019-04-25,09:50:00,4,Collision with a fixed object,4,Thursday,183,OFF LEFT BEND INTO OBJECT/PARKED VEHICLE,1,344778,Not at intersection,2,100,Arterial Other,BROADFORD-FLOWERDALE,MURRINDINDI,-37.245117,145.17464,2019,4,April,9,Morning Peak,Weekday
T20190007791,2019-04-25,08:00:00,1,Collision with vehicle,4,Thursday,160,VEHICLE COLLIDES WITH VEHICLE PARKED ON LEFT OF ROAD,1,299325,Not at intersection,3,40,Local Road,DOMAIN,MELBOURNE,-37.83411,144.98225,2019,4,April,8,Morning Peak,Weekday
T20190007788,2019-04-25,08:05:00,1,Collision with vehicle,4,Thursday,110,CROSS TRAFFIC(INTERSECTIONS ONLY),1,37871,Cross intersection,3,70,Arterial Highway,ST GEORGES,DAREBIN,-37.768387,144.99121,2019,4,April,8,Morning Peak,Weekday
T20190007785,2019-04-25,05:45:00,4,Collision with a fixed object,4,Thursday,171,LEFT OFF CARRIAGEWAY INTO OBJECT/PARKED VEHICLE,5,344622,Not at intersection,3,100,Local Road,ECHUCA-NANNEELLA,CAMPASPE,-36.27945,144.77747,2019,4,April,5,Morning Peak,Weekday
T20190007822,2019-04-25,18:06:00,1,Collision with vehicle,4,Thursday,130,REAR END(VEHICLES IN SAME LANE),3,39491,Cross intersection,2,60,Arterial Other,MITCHAM,MANNINGHAM,-37.796482,145.17915,2019,4,April,18,Afternoon Peak,Weekday
T20190008812,2019-04-25,17:00:00,1,Collision with vehicle,4,Thursday,163,VEHICLE STRIKES DOOR OF PARKED/STATIONARY VEHICLE,9,233,Not at intersection,3,40,Local Road,ELIZABETH,MELBOURNE,-37.81817,144.96497,2019,4,April,17,Afternoon Peak,Weekday
T20190008379,2019-04-25,16:30:00,1,Collision with vehicle,4,Thursday,137,LEFT TURN SIDESWIPE,1,36135,T intersection,3,40,Local Road,SMITH,YARRA,-37.79736,144.98454,2019,4,April,16,Afternoon Peak,Weekday
T20190007856,2019-04-25,22:30:00,4,Collision with a fixed object,4,Thursday,175,OFF END OF ROAD/T-INTERSECTION.,3,47156,T intersection,3,60,Arterial Other,DUNCANS,WYNDHAM,-37.92709,144.70406,2019,4,April,22,Night,Weekday
T20190007844,2019-04-25,11:04:00,1,Collision with vehicle,4,Thursday,130,REAR END(VEHICLES IN SAME LANE),1,344568,Not at intersection,2,60,Arterial Other,CAMERON,MACEDON RANGES,-37.37859,144.57823,2019,4,April,11,Midday,Weekday
T20190007838,2019-04-25,15:15:00,6,Vehicle overturned (no collision),4,Thursday,170,OFF CARRIAGEWAY TO LEFT,1,637955,Not at intersection,3,100,Local Road,WILSONS,BASS COAST,-38.65585,145.59998,2019,4,April,15,Afternoon Peak,Weekday
T20190007829,2019-04-25,02:30:00,6,Vehicle overturned (no collision),4,Thursday,180,OFF CARRIAGEWAY ON RIGHT BEND,5,344728,Not at intersection,2,60,Local Road,MT DUNEED,SURF COAST,-38.23354,144.20583,2019,4,April,2,Late Night,Weekday
T20190007790,2019-04-25,07:10:00,2,Struck Pedestrian,4,Thursday,109,ANY MANOEUVRE INVOLVING PED NOT INCLUDED IN DCAs 100-108.,1,345575,Not at intersection,2,50,Local Road,MCCALLUM,GOLDEN PLAINS,-38.108063,144.03745,2019,4,April,7,Morning Peak,Weekday
T20190008321,2019-04-25,11:10:00,1,Collision with vehicle,4,Thursday,110,CROSS TRAFFIC(INTERSECTIONS ONLY),1,52686,Cross intersection,3,80,Arterial Highway,SUNRAYSIA,PYRENEES,-37.27504,143.51505,2019,4,April,11,Midday,Weekday
T20190008328,2019-04-25,08:30:00,1,Collision with vehicle,4,Thursday,110,CROSS TRAFFIC(INTERSECTIONS ONLY),1,345914,Cross intersection,3,50,Arterial Highway,BLAKE,MOIRA,-36.05769,145.20367,2019,4,April,8,Morning Peak,Weekday
T20190007779,2019-04-25,03:33:00,6,Vehicle overturned (no collision),4,Thursday,174,OUT OF CONTROL ON CARRIAGEWAY (ON STRAIGHT),3,344571,Not at intersection,3,60,Arterial Other,MOORE,MARIBYRNONG,-37.798,144.90375,2019,4,April,3,Late Night,Weekday
T20190007823,2019-04-25,13:10:00,1,Collision with vehicle,4,Thursday,130,REAR END(VEHICLES IN SAME LANE),1,580248,Not at intersection,3,80,Arterial Other,BORONIA,KNOX,-37.855797,145.25287,2019,4,April,13,Midday,Weekday
T20190007828,2019-04-25,21:25:00,1,Collision with vehicle,4,Thursday,160,VEHICLE COLLIDES WITH VEHICLE PARKED ON LEFT OF ROAD,6,344798,Not at intersection,2,50,Local Road,CORELLA,BRIMBANK,-37.79299,144.80272,2019,4,April,21,Night,Weekday
T20190008218,2019-04-25,13:30:00,1,Collision with vehicle,4,Thursday,130,REAR END(VEHICLES IN SAME LANE),1,344791,Not at intersection,2,60,Arterial Other,PLENTY,WHITTLESEA,-37.60113,145.09526,2019,4,April,13,Midday,Weekday
T20190007777,2019-04-25,00:00:00,4,Collision with a fixed object,4,Thursday,171,LEFT OFF CARRIAGEWAY INTO OBJECT/PARKED VEHICLE,3,46448,Cross intersection,3,60,Local Road,OLSEN,HUME,-37.689613,144.92615,2019,4,April,0,Late Night,Weekday
T20190007821,2019-04-25,18:11:00,1,Collision with vehicle,4,Thursday,113,RIGHT NEAR (INTERSECTIONS ONLY),3,48027,T intersection,3,60,Local Road,GOLF LINKS,FRANKSTON,-38.198647,145.1819,2019,4,April,18,Afternoon Peak,Weekday
T20190007820,2019-04-25,18:00:00,2,Struck Pedestrian,4,Thursday,100,PED NEAR SIDE. PED HIT BY VEHICLE FROM THE RIGHT.,5,344666,Not at intersection,2,50,Local Road,ANDERSON,SURF COAST,-38.333218,144.3181,2019,4,April,18,Afternoon Peak,Weekday
T20190007819,2019-04-25,17:00:00,4,Collision with a fixed object,4,Thursday,171,LEFT OFF CARRIAGEWAY INTO OBJECT/PARKED VEHICLE,1,356022,T intersection,2,50,Local Road,RIVER,CAMPASPE,-36.132126,144.74509,2019,4,April,17,Afternoon Peak,Weekday
T20190007812,2019-04-25,12:30:00,1,Collision with vehicle,4,Thursday,120,HEAD ON (NOT OVERTAKING),1,123741,Not at intersection,1,60,Arterial Other,BLACKBURN,MONASH,-37.87968,145.14697,2019,4,April,12,Midday,Weekday
T20190007811,2019-04-25,13:10:00,6,Vehicle overturned (no collision),4,Thursday,170,OFF CARRIAGEWAY TO LEFT,1,344536,Not at intersection,1,100,Arterial Other,PRAIRIE-ROCHESTER,CAMPASPE,-36.298885,144.67587,2019,4,April,13,Midday,Weekday
T20190007801,2019-04-25,12:43:00,7,Fall from or in moving vehicle,4,Thursday,172,OFF CARRIAGEWAY TO RIGHT,1,345705,Not at intersection,3,80,Arterial Other,SKENES CREEK,COLAC OTWAY,-38.71714,143.71243,2019,4,April,12,Midday,Weekday
T20190007799,2019-04-25,11:50:00,1,Collision with vehicle,4,Thursday,160,VEHICLE COLLIDES WITH VEHICLE PARKED ON LEFT OF ROAD,1,344547,Not at intersection,2,60,Arterial Other,ELIZABETH STREET SERVICE,MELBOURNE,-37.80291,144.95816,2019,4,April,11,Midday,Weekday
T20190007796,2019-04-25,08:59:00,4,Collision with a fixed object,4,Thursday,171,LEFT OFF CARRIAGEWAY INTO OBJECT/PARKED VEHICLE,1,348808,Not at intersection,2,60,Local Road,DARRAWEIT,MITCHELL,-37.404697,144.96362,2019,4,April,8,Morning Peak,Weekday
T20190007843,2019-04-26,06:55:00,1,Collision with vehicle,5,Friday,121,RIGHT THROUGH,2,42747,Cross intersection,2,50,Local Road,CHARMAN,KINGSTON,-37.965412,145.0557,2019,4,April,6,Morning Peak,Weekday
T20190007839,2019-04-26,06:12:00,1,Collision with vehicle,5,Friday,120,HEAD ON (NOT OVERTAKING),5,344683,Not at intersection,3,100,Local Road,BALD HILL,CARDINIA,-38.098743,145.56238,2019,4,April,6,Morning Peak,Weekday
T20190007874,2019-04-26,18:15:00,1,Collision with vehicle,5,Friday,147,VEHICLE STRIKES ANOTHER VEH WHILE EMERGING FROM DRIVEWAY,2,580554,Not at intersection,2,80,Arterial Other,PRINCES,CARDINIA,-38.071384,145.47919,2019,4,April,18,Afternoon Peak,Weekday
T20190007876,2019-04-26,14:00:00,4,Collision with a fixed object,5,Friday,183,OFF LEFT BEND INTO OBJECT/PARKED VEHICLE,1,579938,Not at intersection,2,100,Arterial Highway,WESTERN,HINDMARSH,-36.38203,141.54283,2019,4,April,14,Midday,Weekday
T20190007878,2019-04-26,14:42:00,1,Collision with vehicle,5,Friday,120,HEAD ON (NOT OVERTAKING),1,171904,Not at intersection,2,100,Arterial Other,BENDIGO-MARYBOROUGH,LODDON,-36.842953,143.99425,2019,4,April,14,Midday,Weekday
T20190009102,2019-04-26,23:00:00,1,Collision with vehicle,5,Friday,113,RIGHT NEAR (INTERSECTIONS ONLY),3,36335,Cross intersection,2,60,Arterial Other,CEMETERY,MELBOURNE,-37.79226,144.96838,2019,4,April,23,Night,Weekday
T20190007995,2019-04-26,23:30:00,4,Collision with a fixed object,5,Friday,181,OFF RIGHT BEND INTO OBJECT/PARKED VEHICLE,5,346719,Not at intersection,2,50,Local Road,KOONDROOK-MURRABIT,GANNAWARRA,-35.62366,144.11679,2019,4,April,23,Night,Weekday
T20190007834,2019-04-26,06:05:00,1,Collision with vehicle,5,Friday,148,VEHICLE OFF FOOTPATH STRIKES VEH ON CARRIAGEWAY,3,392,T intersection,2,60,Arterial Other,HIGH,WHITTLESEA,-37.666252,145.01645,2019,4,April,6,Morning Peak,Weekday
T20190007920,2019-04-26,07:00:00,1,Collision with vehicle,5,Friday,130,REAR END(VEHICLES IN SAME LANE),1,580808,Not at intersection,2,100,Freeway,PRINCES,CASEY,-38.049267,145.35225,2019,4,April,7,Morning Peak,Weekday
T20190007833,2019-04-26,03:34:00,4,Collision with a fixed object,5,Friday,171,LEFT OFF CARRIAGEWAY INTO OBJECT/PARKED VEHICLE,5,346980,Not at intersection,3,100,Arterial Highway,PYRENEES,PYRENEES,-37.191772,143.37659,2019,4,April,3,Late Night,Weekday
T20190008395,2019-04-26,18:00:00,1,Collision with vehicle,5,Friday,130,REAR END(VEHICLES IN SAME LANE),2,43723,Cross intersection,3,60,Arterial Other,COBURNS,MELTON,-37.687576,144.56755,2019,4,April,18,Afternoon Peak,Weekday
T20190007881,2019-04-26,19:00:00,1,Collision with vehicle,5,Friday,121,RIGHT THROUGH,5,344585,T intersection,2,60,Local Road,BURDOO,GEELONG,-38.196712,144.33311,2019,4,April,19,Night,Weekday
T20190008003,2019-04-26,19:10:00,1,Collision with vehicle,5,Friday,110,CROSS TRAFFIC(INTERSECTIONS ONLY),3,344618,Cross intersection,3,60,Local Road,WALLIS,MITCHELL,-37.02385,145.13475,2019,4,April,19,Night,Weekday
T20190007884,2019-04-26,19:22:00,1,Collision with vehicle,5,Friday,130,REAR END(VEHICLES IN SAME LANE),5,345625,Not at intersection,2,100,Freeway,PRINCES,CASEY,-38.04032,145.33286,2019,4,April,19,Night,Weekday