ACCIDENT_NO,ACCIDENT_DATE,ACCIDENT_TIME,ACCIDENT_TYPE,ACCIDENT_TYPE_DESC,DAY_OF_WEEK,DAY_WEEK_DESC,DCA_CODE,DCA_DESC,LIGHT_CONDITION,NODE_ID,ROAD_GEOMETRY_DESC,SEVERITY,SPEED_ZONE,RMA,ROAD_NAME,LGA_NAME,LATITUDE,LONGITUDE,YEAR,MONTH,MONTH_NAME,HOUR,TIME_PERIOD,DAY_TYPE
T20190007861,2019-04-26,13:00:00,4,Collision with a fixed object,5,Friday,171,LEFT OFF CARRIAGEWAY INTO OBJECT/PARKED VEHICLE,1,345641,Not at intersection,3,100,Arterial Highway,PRINCES,GLENELG,-37.926018,141.18423,2019,4,April,13,Midday,Weekday
T20190008327,2019-04-26,11:20:00,1,Collision with vehicle,5,Friday,130,REAR END(VEHICLES IN SAME LANE),1,50051,Cross intersection,3,60,Arterial Highway,LATROBE TERRACE -SETTLEMENT,GEELONG,-38.160397,144.35019,2019,4,April,11,Midday,Weekday
T20190007862,2019-04-26,11:15:00,4,Collision with a fixed object,5,Friday,173,RIGHT OFF CARRIAGEWAY INTO OBJECT/PARKED VEHICLE,1,344556,Not at intersection,1,100,Arterial Highway,PYRENEES,ARARAT,-37.19887,143.03242,2019,4,April,11,Midday,Weekday
T20190007888,2019-04-26,18:45:00,1,Collision with vehicle,5,Friday,113,RIGHT NEAR (INTERSECTIONS ONLY),3,250572,T intersection,2,60,Local Road,INKERMAN,GLEN EIRA,-37.868095,145.0131,2019,4,April,18,Afternoon Peak,Weekday
T20190007889,2019-04-26,19:52:00,1,Collision with vehicle,5,Friday,140,U TURN,5,344575,Not at intersection,3,80,Local Road,HARKAWAY,CASEY,-38.00856,145.34398,2019,4,April,19,Night,Weekday
T20190008298,2019-04-26,19:30:00,4,Collision with a fixed object,5,Friday,181,OFF RIGHT BEND INTO OBJECT/PARKED VEHICLE,5,346005,Not at intersection,2,50,Local Road,COOMBS,WHITTLESEA,-37.49737,145.22635,2019,4,April,19,Night,Weekday
T20190007893,2019-04-26,21:50:00,1,Collision with vehicle,5,Friday,140,U TURN,5,344629,Not at intersection,3,50,Local Road,ANDERSON,YARRA RANGES,-37.75648,145.3551,2019,4,April,21,Night,Weekday
T20190007905,2019-04-26,17:30:00,1,Collision with vehicle,5,Friday,110,CROSS TRAFFIC(INTERSECTIONS ONLY),3,244285,Cross intersection,3,50,Local Road,ODENWALD,BANYULE,-37.76136,145.0583,2019,4,April,17,Afternoon Peak,Weekday
T20190007841,2019-04-26,08:10:00,1,Collision with vehicle,5,Friday,110,CROSS TRAFFIC(INTERSECTIONS ONLY),1,58258,Cross intersection,3,50,Local Road,CAMPBELL,SWAN HILL,-35.334976,143.55841,2019,4,April,8,Morning Peak,Weekday
T20190007853,2019-04-26,11:04:00,4,Collision with a fixed object,5,Friday,173,RIGHT OFF CARRIAGEWAY INTO OBJECT/PARKED VEHICLE,1,344712,Not at intersection,3,80,Arterial Highway,PRINCES HIGHWAY,LATROBE,-38.188477,146.57541,2019,4,April,11,Midday,Weekday
T20190007852,2019-04-26,08:30:00,1,Collision with vehicle,5,Friday,136,RIGHT TURN SIDESWIPE,1,278653,T intersection,3,60,Local Road,JOBS GULLY,BENDIGO,-36.70951,144.27916,2019,4,April,8,Morning Peak,Weekday
T20190015460,2019-04-26,08:30:00,1,Collision with vehicle,5,Friday,151,OUT OF CONTROL (OVERTAKING),1,582557,Not at intersection,3,100,Freeway,WESTERN RING,HUME,-37.694317,144.91576,2019,4,April,8,Morning Peak,Weekday
T20190007847,2019-04-26,09:55:00,1,Collision with vehicle,5,Friday,130,REAR END(VEHICLES IN SAME LANE),1,344566,Not at intersection,2,70,Arterial Highway,NORTH,GLEN EIRA,-37.903324,145.03558,2019,4,April,9,Morning Peak,Weekday
T20190007868,2019-04-26,16:00:00,2,Struck Pedestrian,5,Friday,108,PED STRUCK WALKING TO/FROM OR BOARDING/ALIGHTING VEHICLE.,1,344613,Not at intersection,3,50,Local Road,VIGOR,HUME,-37.59664,144.90004,2019,4,April,16,Afternoon Peak,Weekday
T20190007863,2019-04-26,13:07:00,1,Collision with vehicle,5,Friday,130,REAR END(VEHICLES IN SAME LANE),1,346601,Not at intersection,2,60,Arterial Highway,NEPEAN,KINGSTON,-38.0073,145.08696,2019,4,April,13,Midday,Weekday
T20190007873,2019-04-26,15:30:00,1,Collision with vehicle,5,Friday,121,RIGHT THROUGH,1,344680,Cross intersection,3,80,Local Road,HEATHERDALE,MAROONDAH,-37.83253,145.21335,2019,4,April,15,Afternoon Peak,Weekday
T20190007867,2019-04-26,07:31:00,1,Collision with vehicle,5,Friday,130,REAR END(VEHICLES IN SAME LANE),1,345272,Cross intersection,2,70,Arterial Other,FOOTE,MANNINGHAM,-37.759083,145.1298,2019,4,April,7,Morning Peak,Weekday
T20190007866,2019-04-26,14:50:00,1,Collision with vehicle,5,Friday,130,REAR END(VEHICLES IN SAME LANE),1,986,Cross intersection,3,60,Arterial Other,HIGH,CASEY,-38.03961,145.36034,2019,4,April,14,Midday,Weekday
T20190007864,2019-04-26,13:10:00,1,Collision with vehicle,5,Friday,120,HEAD ON (NOT OVERTAKING),1,228996,Not at intersection,2,80,Arterial Highway,PHILLIP ISLAND,BASS COAST,-38.520283,145.33884,2019,4,April,13,Midday,Weekday
T20190008067,2019-04-26,16:30:00,1,Collision with vehicle,5,Friday,130,REAR END(VEHICLES IN SAME LANE),1,593537,Cross intersection,3,60,Local Road,LEITH,BALLARAT,-37.579887,143.8428,2019,4,April,16,Afternoon Peak,Weekday
T20190008279,2019-04-26,16:45:00,1,Collision with vehicle,5,Friday,130,REAR END(VEHICLES IN SAME LANE),1,346561,Not at intersection,3,60,Local Road,OLD GEELONG,WYNDHAM,-37.88331,144.70036,2019,4,April,16,Afternoon Peak,Weekday
T20190007859,2019-04-26,12:40:00,1,Collision with vehicle,5,Friday,116,LEFT NEAR (INTERSECTIONS ONLY),1,63744,Cross intersection,3,70,Arterial Other,REYNOLDS,MANNINGHAM,-37.761826,145.15308,2019,4,April,12,Midday,Weekday
T20190007858,2019-04-26,11:25:00,1,Collision with vehicle,5,Friday,121,RIGHT THROUGH,1,62898,T intersection,2,60,Arterial Other,PLENTY,DAREBIN,-37.735195,145.01329,2019,4,April,11,Midday,Weekday
T20190019536,2019-04-26,08:00:00,8,No collision and no object struck,5,Friday,172,OFF CARRIAGEWAY TO RIGHT,1,593561,Not at intersection,3,60,Arterial Other,MONBULK,YARRA RANGES,-37.883293,145.38615,2019,4,April,8,Morning Peak,Weekday
T20190007932,2019-04-27,21:20:00,4,Collision with a fixed object,6,Saturday,171,LEFT OFF CARRIAGEWAY INTO OBJECT/PARKED VEHICLE,5,344672,Not at intersection,2,70,Arterial Other,BALLARAT-BURRUMBEET,BALLARAT,-37.54415,143.79158,2019,4,April,21,Night,Weekend
T20190007931,2019-04-27,17:57:00,6,Vehicle overturned (no collision),6,Saturday,182,OFF CARRIAGEWAY ON LEFT BEND,5,344586,Not at intersection,3,60,Local Road,BADEN POWELL,MORNINGTON PENINSULA,-38.17768,145.09808,2019,4,April,17,Afternoon Peak,Weekend
T20190007914,2019-04-27,13:00:00,1,Collision with vehicle,6,Saturday,130,REAR END(VEHICLES IN SAME LANE),1,344873,Not at intersection,3,80,Local Road,SINCLAIRS,MELTON,-37.74068,144.70642,2019,4,April,13,Midday,Weekend
T20190007928,2019-04-27,14:15:00,1,Collision with vehicle,6,Saturday,134,LANE CHANGE RIGHT (NOT OVERTAKING),1,345483,Not at intersection,2,60,Arterial Other,HAWTHORN,GLEN EIRA,-37.88664,145.02202,2019,4,April,14,Midday,Weekend
T20190007926,2019-04-27,18:05:00,1,Collision with vehicle,6,Saturday,110,CROSS TRAFFIC(INTERSECTIONS ONLY),5,49582,Cross intersection,2,100,Arterial Other,GEELONG-BACCHUS MARSH,MOORABOOL,-37.705482,144.45789,2019,4,April,18,Afternoon Peak,Weekend
T20190007925,2019-04-27,17:50:00,4,Collision with a fixed object,6,Saturday,183,OFF LEFT BEND INTO OBJECT/PARKED VEHICLE,3,344589,Not at intersection,2,80,Freeway,CITYLINK IN-WEST GATE IN,MELBOURNE,-37.82526,144.93088,2019,4,April,17,Afternoon Peak,Weekend
T20190007923,2019-04-27,16:30:00,1,Collision with vehicle,6,Saturday,113,RIGHT NEAR (INTERSECTIONS ONLY),2,52112,T intersection,2,60,Arterial Other,PRINCES,BAW BAW,-38.15952,145.92265,2019,4,April,16,Afternoon Peak,Weekend
T20190007939,2019-04-27,21:50:00,6,Vehicle overturned (no collision),6,Saturday,182,OFF CARRIAGEWAY ON LEFT BEND,5,346534,Not at intersection,3,100,Local Road,KORUMBURRA-BENA,SOUTH GIPPSLAND,-38.415318,145.80115,2019,4,April,21,Night,Weekend
T20190007919,2019-04-27,14:20:00,1,Collision with vehicle,6,Saturday,137,LEFT TURN SIDESWIPE,1,45465,T intersection,3,40,Arterial Other,MT ALEXANDER,MOONEE VALLEY,-37.77647,144.92905,2019,4,April,14,Midday,Weekend
T20190007915,2019-04-27,10:10:00,4,Collision with a fixed object,6,Saturday,173,RIGHT OFF CARRIAGEWAY INTO OBJECT/PARKED VEHICLE,1,344790,Not at intersection,2,100,Arterial Highway,HAMILTON,COLAC OTWAY,-38.06639,143.76529,2019,4,April,10,Midday,Weekend
T20190007903,2019-04-27,06:40:00,1,Collision with vehicle,6,Saturday,130,REAR END(VEHICLES IN SAME LANE),1,29440,T intersection,2,40,Arterial Other,SWAN,YARRA,-37.82549,144.99617,2019,4,April,6,Morning Peak,Weekend
T20190007896,2019-04-27,01:03:00,4,Collision with a fixed object,6,Saturday,173,RIGHT OFF CARRIAGEWAY INTO OBJECT/PARKED VEHICLE,3,344609,T intersection,3,50,Local Road,ANCHORAGE,HOBSONS BAY,-37.86587,144.89449,2019,4,April,1,Late Night,Weekend
T20190008173,2019-04-27,12:00:00,8,No collision and no object struck,6,Saturday,182,OFF CARRIAGEWAY ON LEFT BEND,1,344784,Not at intersection,3,100,Local Road,OLD COACH,INDIGO,-36.26387,146.62888,2019,4,April,12,Midday,Weekend
T20190007913,2019-04-27,09:07:00,4,Collision with a fixed object,6,Saturday,151,OUT OF CONTROL (OVERTAKING),1,345274,Not at intersection,3,90,Arterial Other,WALLAN-WHITTLESEA,MITCHELL,-37.433456,145.0593,2019,4,April,9,Morning Peak,Weekend
T20190018011,2019-04-27,11:33:00,1,Collision with vehicle,6,Saturday,140,U TURN,1,600464,Not at intersection,3,100,Arterial Highway,MIDLAND,BENALLA,-36.527733,145.97768,2019,4,April,11,Midday,Weekend
T20190008014,2019-04-27,16:44:00,1,Collision with vehicle,6,Saturday,130,REAR END(VEHICLES IN SAME LANE),1,344721,Not at intersection,3,80,Arterial Highway,PRINCES,CASEY,-38.00146,145.23465,2019,4,April,16,Afternoon Peak,Weekend
T20190007996,2019-04-27,12:00:00,1,Collision with vehicle,6,Saturday,120,HEAD ON (NOT OVERTAKING),1,357682,Not at intersection,2,100,Local Road,TWO TEES,MITCHELL,-37.31809,145.16866,2019,4,April,12,Midday,Weekend
T20190009860,2019-04-27,10:10:00,1,Collision with vehicle,6,Saturday,147,VEHICLE STRIKES ANOTHER VEH WHILE EMERGING FROM DRIVEWAY,1,350290,Not at intersection,3,50,Local Road,COSTAS,WYNDHAM,-37.87457,144.7179,2019,4,April,10,Midday,Weekend
T20190007929,2019-04-27,14:50:00,7,Fall from or in moving vehicle,6,Saturday,179,OTHER ACCIDENTS-OFF STRAIGHT NOT INCLUDED IN DCAs 170-175,1,344587,Not at intersection,2,60,Local Road,ROCKY NED LINK,BENALLA,-36.81931,145.90906,2019,4,April,14,Midday,Weekend
T20190008082,2019-04-27,15:20:00,1,Collision with vehicle,6,Saturday,130,REAR END(VEHICLES IN SAME LANE),1,306534,T intersection,3,40,Local Road,BRIDGE,CARDINIA,-38.07461,145.43367,2019,4,April,15,Afternoon Peak,Weekend
T20190007933,2019-04-27,20:30:00,4,Collision with a fixed object,6,Saturday,181,OFF RIGHT BEND INTO OBJECT/PARKED VEHICLE,5,580809,Not at intersection,2,100,Local Road,NEERIM EAST,BAW BAW,-38.012135,145.9654,2019,4,April,20,Night,Weekend
T20190025593,2019-04-27,15:30:00,1,Collision with vehicle,6,Saturday,113,RIGHT NEAR (INTERSECTIONS ONLY),1,41396,T intersection,3,60,Arterial Other,GRANGE,GLEN EIRA,-37.884567,145.04765,2019,4,April,15,Afternoon Peak,Weekend
T20190009727,2019-04-27,17:47:00,1,Collision with vehicle,6,Saturday,130,REAR END(VEHICLES IN SAME LANE),9,53464,Cross intersection,3,80,Arterial Highway,SPRINGVALE,DANDENONG,-37.982437,145.14616,2019,4,April,17,Afternoon Peak,Weekend
T20190007961,2019-04-28,11:55:00,4,Collision with a fixed object,7,Sunday,181,OFF RIGHT BEND INTO OBJECT/PARKED VEHICLE,1,344910,Not at intersection,3,60,Local Road,HALEYS GULLY,NILLUMBIK,-37.632504,145.18297,2019,4,April,11,Midday,Weekend
T20190008125,2019-04-28,00:55:00,1,Collision with vehicle,7,Sunday,110,CROSS TRAFFIC(INTERSECTIONS ONLY),3,35400,Cross intersection,3,60,Arterial Other,ALBERT,PORT PHILLIP,-37.83912,144.9634,2019,4,April,0,Late Night,Weekend
T20190007963,2019-04-28,13:15:00,1,Collision with vehicle,7,Sunday,121,RIGHT THROUGH,1,39391,Cross intersection,3,60,Arterial Other,MIDDLEBOROUGH,WHITEHORSE,-37.809143,145.14056,2019,4,April,13,Midday,Weekend
T20190007942,2019-04-28,01:22:00,4,Collision with a fixed object,7,Sunday,183,OFF LEFT BEND INTO OBJECT/PARKED VEHICLE,3,344970,Not at intersection,2,60,Local Road,ELIZABETH,HUME,-37.568653,144.72423,2019,4,April,1,Late Night,Weekend
T20190008005,2019-04-28,19:15:00,4,Collision with a fixed object,7,Sunday,141,U TURN INTO FIXED OBJECT/PARKED VEHICLE,3,344771,Not at intersection,3,50,Local Road,TYNDALL,EAST GIPPSLAND,-37.70686,148.46335,2019,4,April,19,Night,Weekend
T20190007966,2019-04-28,12:50:00,1,Collision with vehicle,7,Sunday,120,HEAD ON (NOT OVERTAKING),1,348485,Not at intersection,2,100,Arterial Other,WESTERNPORT,BAW BAW,-38.21413,145.75372,2019,4,April,12,Midday,Weekend
T20190007972,2019-04-28,15:40:00,4,Collision with a fixed object,7,Sunday,181,OFF RIGHT BEND INTO OBJECT/PARKED VEHICLE,1,344812,Not at intersection,2,100,Local Road,MILLERS,BAW BAW,-38.157948,146.24481,2019,4,April,15,Afternoon Peak,Weekend
T20190007976,2019-04-28,16:05:00,4,Collision with a fixed object,7,Sunday,173,RIGHT OFF CARRIAGEWAY INTO OBJECT/PARKED VEHICLE,1,345064,Not at intersection,3,100,Arterial Highway,HENTY,HORSHAM,-36.79128,142.17403,2019,4,April,16,Afternoon Peak,Weekend
T20190007988,2019-04-28,19:36:00,2,Struck Pedestrian,7,Sunday,102,FAR SIDE. PED HIT BY VEHICLE FROM THE LEFT,3,37855,Cross intersection,2,50,Arterial Highway,BELL,DAREBIN,-37.743732,144.98918,2019,4,April,19,Night,Weekend
T20190007977,2019-04-28,17:20:00,2,Struck Pedestrian,7,Sunday,100,PED NEAR SIDE. PED HIT BY VEHICLE FROM THE RIGHT.,1,40137,T intersection,3,50,Local Road,CAMDEN,PORT PHILLIP,-37.865463,144.99208,2019,4,April,17,Afternoon Peak,Weekend
T20190007987,2019-04-28,19:10:00,1,Collision with vehicle,7,Sunday,160,VEHICLE COLLIDES WITH VEHICLE PARKED ON LEFT OF ROAD,3,344795,Not at intersection,2,60,Arterial Other,HEATHERTON,DANDENONG,-37.961224,145.1426,2019,4,April,19,Night,Weekend
T20190007978,2019-04-28,17:00:00,4,Collision with a fixed object,7,Sunday,151,OUT OF CONTROL (OVERTAKING),2,344610,Not at intersection,3,100,Arterial Highway,BASS,BASS COAST,-38.563644,145.54866,2019,4,April,17,Afternoon Peak,Weekend
T20190007984,2019-04-28,19:40:00,1,Collision with vehicle,7,Sunday,110,CROSS TRAFFIC(INTERSECTIONS ONLY),3,232961,Cross intersection,3,50,Local Road,CHURCH,WODONGA,-36.114452,146.89067,2019,4,April,19,Night,Weekend
T20190007981,2019-04-28,17:30:00,1,Collision with vehicle,7,Sunday,140,U TURN,2,344922,Not at intersection,3,60,Arterial Highway,WHITEHORSE ROAD SERVICE,WHITEHORSE,-37.818,145.16643,2019,4,April,17,Afternoon Peak,Weekend
T20190007958,2019-04-28,11:00:00,8,No collision and no object struck,7,Sunday,179,OTHER ACCIDENTS-OFF STRAIGHT NOT INCLUDED IN DCAs 170-175,1,345840,Not at intersection,2,60,Arterial Other,HIGH,BOROONDARA,-37.794117,145.06253,2019,4,April,11,Midday,Weekend
T20190007947,2019-04-28,03:12:00,4,Collision with a fixed object,7,Sunday,173,RIGHT OFF CARRIAGEWAY INTO OBJECT/PARKED VEHICLE,3,358993,Cross intersection,2,80,Arterial Highway,BURWOOD,KNOX,-37.87315,145.24849,2019,4,April,3,Late Night,Weekend
T20190008590,2019-04-28,13:20:00,5,collision with some other object,7,Sunday,183,OFF LEFT BEND INTO OBJECT/PARKED VEHICLE,1,344946,Not at intersection,2,60,Arterial Other,KANGAROO GROUND-ST ANDREWS,NILLUMBIK,-37.643448,145.23573,2019,4,April,13,Midday,Weekend
T20190008018,2019-04-29,13:10:00,8,No collision and no object struck,1,Monday,182,OFF CARRIAGEWAY ON LEFT BEND,1,344710,Not at intersection,3,80,Arterial Highway,GREAT OCEAN,SURF COAST,-38.49125,144.01642,2019,4,April,13,Midday,Weekday
T20190008017,2019-04-29,08:50:00,2,Struck Pedestrian,1,Monday,100,PED NEAR SIDE. PED HIT BY VEHICLE FROM THE RIGHT.,1,41442,T intersection,3,40,Local Road,COORIGIL,GLEN EIRA,-37.895107,145.05594,2019,4,April,8,Morning Peak,Weekday
T20190008012,2019-04-29,08:52:00,1,Collision with vehicle,1,Monday,119,OTHER ADJACENT (INTERSECTIONS ONLY),1,312311,T intersection,3,60,Arterial Other,BALACLAVA,SHEPPARTON,-36.367783,145.4105,2019,4,April,8,Morning Peak,Weekday
T20190008002,2019-04-29,07:09:00,1,Collision with vehicle,1,Monday,130,REAR END(VEHICLES IN SAME LANE),1,332681,Cross intersection,3,80,Arterial Highway,DINGLEY,KINGSTON,-37.959618,145.11264,2019,4,April,7,Morning Peak,Weekday
T20190008004,2019-04-29,06:15:00,1,Collision with vehicle,1,Monday,136,RIGHT TURN SIDESWIPE,2,38734,T intersection,2,50,Arterial Highway,FRANCIS,MARIBYRNONG,-37.820904,144.88786,2019,4,April,6,Morning Peak,Weekday
T20190008065,2019-04-29,19:20:00,4,Collision with a fixed object,1,Monday,171,LEFT OFF CARRIAGEWAY INTO OBJECT/PARKED VEHICLE,3,344767,Not at intersection,3,60,Local Road,MOORE,BAW BAW,-37.975723,146.37593,2019,4,April,19,Night,Weekday
T20190008191,2019-04-29,15:30:00,1,Collision with vehicle,1,Monday,130,REAR END(VEHICLES IN SAME LANE),1,297454,Not at intersection,3,60,Arterial Other,BEACH,BAYSIDE,-37.974377,145.01517,2019,4,April,15,Afternoon Peak,Weekday
T20190008239,2019-04-29,13:00:00,8,No collision and no object struck,1,Monday,174,OUT OF CONTROL ON CARRIAGEWAY (ON STRAIGHT),1,346317,Not at intersection,3,100,Local Road,BROCKS,MANSFIELD,-37.19117,146.34839,2019,4,April,13,Midday,Weekday
T20190008011,2019-04-29,11:54:00,1,Collision with vehicle,1,Monday,110,CROSS TRAFFIC(INTERSECTIONS ONLY),1,43627,Cross intersection,3,50,Local Road,REBOUND,CASEY,-38.026363,145.30376,2019,4,April,11,Midday,Weekday
T20190008009,2019-04-29,10:00:00,1,Collision with vehicle,1,Monday,113,RIGHT NEAR (INTERSECTIONS ONLY),1,35388,Cross intersection,2,80,Arterial Other,WESTALL,KINGSTON,-37.979908,145.14267,2019,4,April,10,Midday,Weekday
T20190008097,2019-04-29,14:55:00,4,Collision with a fixed object,1,Monday,171,LEFT OFF CARRIAGEWAY INTO OBJECT/PARKED VEHICLE,1,776879,Not at intersection,2,60,Local Road,VARY,LATROBE,-38.225403,146.42429,2019,4,April,14,Midday,Weekday
T20190010133,2019-04-29,13:00:00,4,Collision with a fixed object,1,Monday,175,OFF END OF ROAD/T-INTERSECTION.,1,346947,Dead end,3,50,Local Road,MCGRATH,WYNDHAM,-37.87277,144.63525,2019,4,April,13,Midday,Weekday
T20200015786,2019-04-29,15:30:00,1,Collision with vehicle,1,Monday,130,REAR END(VEHICLES IN SAME LANE),1,729381,Not at intersection,3,80,Arterial Highway,SOUTH GIPPSLAND,DANDENONG,-38.017567,145.23418,2019,4,April,15,Afternoon Peak,Weekday
T20190008043,2019-04-29,17:30:00,4,Collision with a fixed object,1,Monday,173,RIGHT OFF CARRIAGEWAY INTO OBJECT/PARKED VEHICLE,1,345666,Not at intersection,2,50,Local Road,WHITTON,MORELAND,-37.733418,144.97856,2019,4,April,17,Afternoon Peak,Weekday
T20190008042,2019-04-29,18:29:00,1,Collision with vehicle,1,Monday,130,REAR END(VEHICLES IN SAME LANE),3,346019,Not at intersection,2,70,Arterial Other,STATION,BRIMBANK,-37.76614,144.77565,2019,4,April,18,Afternoon Peak,Weekday
T20190008439,2019-04-29,08:20:00,1,Collision with vehicle,1,Monday,130,REAR END(VEHICLES IN SAME LANE),1,344857,Not at intersection,3,40,Local Road,LYGON,MORELAND,-37.77789,144.97075,2019,4,April,8,Morning Peak,Weekday
T20190008037,2019-04-29,16:50:00,1,Collision with vehicle,1,Monday,136,RIGHT TURN SIDESWIPE,1,36967,Cross intersection,3,40,Local Road,BOURKE,MELBOURNE,-37.812088,144.97057,2019,4,April,16,Afternoon Peak,Weekday
T20190008036,2019-04-29,15:00:00,1,Collision with vehicle,1,Monday,120,HEAD ON (NOT OVERTAKING),1,344714,Not at intersection,2,60,Arterial Other,ELGAR,WHITEHORSE,-37.81037,145.11621,2019,4,April,15,Afternoon Peak,Weekday
T20190008035,2019-04-29,19:00:00,1,Collision with vehicle,1,Monday,121,RIGHT THROUGH,6,44822,Cross intersection,3,60,Arterial Other,BRIDGE,NILLUMBIK,-37.718468,145.14168,2019,4,April,19,Night,Weekday
T20190008057,2019-04-29,12:25:00,6,Vehicle overturned (no collision),1,Monday,172,OFF CARRIAGEWAY TO RIGHT,1,632144,Not at intersection,2,100,Arterial Other,BEECHWORTH-WANGARATTA,WANGARATTA,-36.384052,146.49397,2019,4,April,12,Midday,Weekday
T20190008034,2019-04-29,16:00:00,4,Collision with a fixed object,1,Monday,141,U TURN INTO FIXED OBJECT/PARKED VEHICLE,2,37899,Cross intersection,3,60,Arterial Highway,ST GEORGES,DAREBIN,-37.75526,144.99387,2019,4,April,16,Afternoon Peak,Weekday
T20190008031,2019-04-29,13:00:00,4,Collision with a fixed object,1,Monday,181,OFF RIGHT BEND INTO OBJECT/PARKED VEHICLE,1,344608,Not at intersection,1,100,Arterial Highway,CALDER ALTERNATIVE,BENDIGO,-36.8755,144.20203,2019,4,April,13,Midday,Weekday
T20190007992,2019-04-29,00:00:00,4,Collision with a fixed object,1,Monday,151,OUT OF CONTROL (OVERTAKING),3,225644,Cross intersection,2,70,Arterial Highway,PLENTY,DAREBIN,-37.71698,145.04315,2019,4,April,0,Late Night,Weekday
T20190008029,2019-04-29,15:14:00,1,Collision with vehicle,1,Monday,113,RIGHT NEAR (INTERSECTIONS ONLY),1,344860,T intersection,2,60,Arterial Other,SALEYARDS,MACEDON RANGES,-37.237263,144.45789,2019,4,April,15,Afternoon Peak,Weekday
T20190008028,2019-04-29,16:00:00,1,Collision with vehicle,1,Monday,130,REAR END(VEHICLES IN SAME LANE),1,581374,Cross intersection,3,60,Local Road,SUTTON,BAW BAW,-38.15148,145.92888,2019,4,April,16,Afternoon Peak,Weekday
T20190007994,2019-04-29,07:12:00,6,Vehicle overturned (no collision),1,Monday,172,OFF CARRIAGEWAY TO RIGHT,1,344761,Not at intersection,3,100,Local Road,WOOLSHED,MANSFIELD,-37.033092,145.80226,2019,4,April,7,Morning Peak,Weekday
T20190011861,2019-04-29,08:50:00,2,Struck Pedestrian,1,Monday,100,PED NEAR SIDE. PED HIT BY VEHICLE FROM THE RIGHT.,1,346604,T intersection,3,50,Local Road,AJAX,BALLARAT,-37.561176,143.83698,2019,4,April,8,Morning Peak,Weekday
T20190008027,2019-04-29,09:50:00,8,No collision and no object struck,1,Monday,174,OUT OF CONTROL ON CARRIAGEWAY (ON STRAIGHT),1,47097,T intersection,2,50,Local Road,CLARENDON,MELBOURNE,-37.813835,144.98297,2019,4,April,9,Morning Peak,Weekday
T20190008030,2019-04-29,16:25:00,1,Collision with vehicle,1,Monday,134,LANE CHANGE RIGHT (NOT OVERTAKING),1,344757,Not at intersection,3,100,Freeway,PRINCES,HOBSONS BAY,-37.836693,144.80243,2019,4,April,16,Afternoon Peak,Weekday
T20190008025,2019-04-29,14:45:00,1,Collision with vehicle,1,Monday,130,REAR END(VEHICLES IN SAME LANE),1,637953,Not at intersection,3,100,Freeway,WESTERN RING,WYNDHAM,-37.81911,144.80923,2019,4,April,14,Midday,Weekday
T20190008024,2019-04-29,12:31:00,1,Collision with vehicle,1,Monday,130,REAR END(VEHICLES IN SAME LANE),1,344658,Not at intersection,2,50,Local Road,DALEY,MORELAND,-37.69741,144.93091,2019,4,April,12,Midday,Weekday
T20190008054,2019-04-29,22:00:00,1,Collision with vehicle,1,Monday,122,LEFT THROUGH,3,346059,T intersection,2,60,Arterial Other,RYRIE,GEELONG,-38.155743,144.38226,2019,4,April,22,Night,Weekday
T20190008051,2019-04-29,22:43:00,4,Collision with a fixed object,1,Monday,183,OFF LEFT BEND INTO OBJECT/PARKED VEHICLE,5,345449,Not at intersection,2,80,Arterial Other,HEIDELBERG-KINGLAKE,NILLUMBIK,-37.65406,145.18924,2019,4,April,22,Night,Weekday
T20190008049,2019-04-29,18:21:00,1,Collision with vehicle,1,Monday,130,REAR END(VEHICLES IN SAME LANE),5,590714,Not at intersection,2,80,Arterial Other,HUME,HUME,-37.59863,144.94348,2019,4,April,18,Afternoon Peak,Weekday
T20190008023,2019-04-29,13:45:00,1,Collision with vehicle,1,Monday,113,RIGHT NEAR (INTERSECTIONS ONLY),1,344630,T intersection,2,50,Local Road,LYNBROOK,CASEY,-38.051743,145.25507,2019,4,April,13,Midday,Weekday
T20190008022,2019-04-29,12:22:00,1,Collision with vehicle,1,Monday,130,REAR END(VEHICLES IN SAME LANE),1,57922,Cross intersection,2,80,Arterial Highway,NEPEAN,BAYSIDE,-37.920193,145.02182,2019,4,April,12,Midday,Weekday
T20190008001,2019-04-29,08:20:00,1,Collision with vehicle,1,Monday,130,REAR END(VEHICLES IN SAME LANE),1,344636,Not at intersection,3,80,Freeway,WEST GATE,MARIBYRNONG,-37.824207,144.8659,2019,4,April,8,Morning Peak,Weekday
T20190008046,2019-04-29,20:50:00,1,Collision with vehicle,1,Monday,120,HEAD ON (NOT OVERTAKING),3,344671,Not at intersection,2,60,Arterial Other,HAWTHORN,GLEN EIRA,-37.90079,145.01932,2019,4,April,20,Night,Weekday
T20190008020,2019-04-29,07:41:00,7,Fall from or in moving vehicle,1,Monday,184,OUT OF CONTROL ON CARRIAGEWAY (ON BEND),1,581372,Not at intersection,3,50,Local Road,PETERS,MONASH,-37.92145,145.1521,2019,4,April,7,Morning Peak,Weekday
T20190008106,2019-04-30,16:12:00,1,Collision with vehicle,2,Tuesday,130,REAR END(VEHICLES IN SAME LANE),1,345848,Not at intersection,3,80,Arterial Highway,BURWOOD,KNOX,-37.874928,145.2533,2019,4,April,16,Afternoon Peak,Weekday