ACCIDENT_NO,ACCIDENT_DATE,ACCIDENT_TIME,ACCIDENT_TYPE,ACCIDENT_TYPE_DESC,DAY_OF_WEEK,DAY_WEEK_DESC,DCA_CODE,DCA_DESC,LIGHT_CONDITION,NODE_ID,ROAD_GEOMETRY_DESC,SEVERITY,SPEED_ZONE,RMA,ROAD_NAME,LGA_NAME,LATITUDE,LONGITUDE,YEAR,MONTH,MONTH_NAME,HOUR,TIME_PERIOD,DAY_TYPE
T20190008107,2019-04-30,16:00:00,1,Collision with vehicle,2,Tuesday,130,REAR END(VEHICLES IN SAME LANE),1,43970,T intersection,3,60,Local Road,ADELAIDE,MORNINGTON PENINSULA,-38.228447,145.03645,2019,4,April,16,Afternoon Peak,Weekday
T20190008108,2019-04-30,16:15:00,1,Collision with vehicle,2,Tuesday,116,LEFT NEAR (INTERSECTIONS ONLY),1,57446,T intersection,2,60,Arterial Other,BELMORE,BOROONDARA,-37.801556,145.06836,2019,4,April,16,Afternoon Peak,Weekday
T20190008112,2019-04-30,15:30:00,2,Struck Pedestrian,2,Tuesday,100,PED NEAR SIDE. PED HIT BY VEHICLE FROM THE RIGHT.,1,344676,Not at intersection,3,60,Local Road,HUME,MELTON,-37.71015,144.7411,2019,4,April,15,Afternoon Peak,Weekday
T20190008114,2019-04-30,17:24:00,1,Collision with vehicle,2,Tuesday,120,HEAD ON (NOT OVERTAKING),1,49284,Cross intersection,2,50,Arterial Other,MAIR,BALLARAT,-37.560482,143.86423,2019,4,April,17,Afternoon Peak,Weekday
T20190008122,2019-04-30,20:43:00,1,Collision with vehicle,2,Tuesday,121,RIGHT THROUGH,3,40905,T intersection,3,70,Arterial Other,CANTERBURY,MAROONDAH,-37.83228,145.23734,2019,4,April,20,Night,Weekday
T20190008515,2019-04-30,19:00:00,1,Collision with vehicle,2,Tuesday,160,VEHICLE COLLIDES WITH VEHICLE PARKED ON LEFT OF ROAD,3,344954,Not at intersection,3,60,Arterial Other,YARRA,YARRA,-37.833637,145.02318,2019,4,April,19,Night,Weekday
T20190010993,2019-04-30,16:15:00,1,Collision with vehicle,2,Tuesday,130,REAR END(VEHICLES IN SAME LANE),1,346121,Not at intersection,2,60,Arterial Highway,BANKSIA,BANYULE,-37.75979,145.06992,2019,4,April,16,Afternoon Peak,Weekday
T20190008953,2019-04-30,14:30:00,6,Vehicle overturned (no collision),2,Tuesday,174,OUT OF CONTROL ON CARRIAGEWAY (ON STRAIGHT),1,345103,Not at intersection,2,40,Arterial Other,BRIDGE,YARRA,-37.81797,144.99374,2019,4,April,14,Midday,Weekday
T20190008601,2019-04-30,17:20:00,1,Collision with vehicle,2,Tuesday,121,RIGHT THROUGH,1,50049,T intersection,3,60,Arterial Other,WEST FYANS,GEELONG,-38.16012,144.34938,2019,4,April,17,Afternoon Peak,Weekday
T20190008130,2019-04-30,17:23:00,6,Vehicle overturned (no collision),2,Tuesday,174,OUT OF CONTROL ON CARRIAGEWAY (ON STRAIGHT),1,360341,Not at intersection,3,100,Arterial Other,LAVERS HILL-COBDEN,CORANGAMITE,-38.37222,143.1183,2019,4,April,17,Afternoon Peak,Weekday
T20190008131,2019-04-30,18:00:00,2,Struck Pedestrian,2,Tuesday,100,PED NEAR SIDE. PED HIT BY VEHICLE FROM THE RIGHT.,1,345140,Not at intersection,2,80,Arterial Highway,WHITEHORSE,WHITEHORSE,-37.818302,145.17207,2019,4,April,18,Afternoon Peak,Weekday
T20190008134,2019-04-30,21:37:00,1,Collision with vehicle,2,Tuesday,121,RIGHT THROUGH,3,44941,Cross intersection,3,60,Arterial Other,MAIN,BRIMBANK,-37.744106,144.79889,2019,4,April,21,Night,Weekday
T20190008139,2019-04-30,22:15:00,1,Collision with vehicle,2,Tuesday,110,CROSS TRAFFIC(INTERSECTIONS ONLY),3,581883,Cross intersection,2,80,Arterial Other,MELTON HIGHWAY -SUNSHINE,BRIMBANK,-37.70198,144.80165,2019,4,April,22,Night,Weekday
T20190008144,2019-04-30,23:45:00,4,Collision with a fixed object,2,Tuesday,171,LEFT OFF CARRIAGEWAY INTO OBJECT/PARKED VEHICLE,6,346391,Not at intersection,3,80,Arterial Other,MICKLEHAM,HUME,-37.557278,144.87756,2019,4,April,23,Night,Weekday
T20190008153,2019-04-30,16:10:00,1,Collision with vehicle,2,Tuesday,113,RIGHT NEAR (INTERSECTIONS ONLY),1,42287,T intersection,3,60,Arterial Other,CENTRE,GLEN EIRA,-37.922737,145.07158,2019,4,April,16,Afternoon Peak,Weekday
T20190008060,2019-04-30,08:20:00,1,Collision with vehicle,2,Tuesday,110,CROSS TRAFFIC(INTERSECTIONS ONLY),1,51641,Cross intersection,2,40,Local Road,MCLAREN,BENDIGO,-36.763172,144.28535,2019,4,April,8,Morning Peak,Weekday
T20190008059,2019-04-30,07:50:00,1,Collision with vehicle,2,Tuesday,140,U TURN,1,241481,Not at intersection,3,70,Arterial Other,SOUTH,GLEN EIRA,-37.93486,145.05032,2019,4,April,7,Morning Peak,Weekday
T20190008066,2019-04-30,08:30:00,4,Collision with a fixed object,2,Tuesday,171,LEFT OFF CARRIAGEWAY INTO OBJECT/PARKED VEHICLE,1,345393,Not at intersection,3,100,Local Road,DULLARD,CAMPASPE,-36.27745,144.48163,2019,4,April,8,Morning Peak,Weekday
T20190008068,2019-04-30,09:32:00,1,Collision with vehicle,2,Tuesday,121,RIGHT THROUGH,1,42033,T intersection,2,60,Arterial Other,BEACH,BAYSIDE,-37.947025,145.00076,2019,4,April,9,Morning Peak,Weekday
T20190008072,2019-04-30,10:00:00,1,Collision with vehicle,2,Tuesday,163,VEHICLE STRIKES DOOR OF PARKED/STATIONARY VEHICLE,1,360494,Not at intersection,3,40,Local Road,COLLINS,MELBOURNE,-37.81361,144.97296,2019,4,April,10,Midday,Weekday
T20190008073,2019-04-30,10:20:00,1,Collision with vehicle,2,Tuesday,130,REAR END(VEHICLES IN SAME LANE),1,344682,Not at intersection,3,80,Arterial Other,BACCHUS MARSH,GEELONG,-38.03326,144.35509,2019,4,April,10,Midday,Weekday
T20190008079,2019-04-30,11:50:00,1,Collision with vehicle,2,Tuesday,130,REAR END(VEHICLES IN SAME LANE),1,43874,Cross intersection,3,80,Arterial Highway,DANDENONG-HASTINGS,FRANKSTON,-38.107105,145.23355,2019,4,April,11,Midday,Weekday
T20190008081,2019-04-30,10:06:00,1,Collision with vehicle,2,Tuesday,134,LANE CHANGE RIGHT (NOT OVERTAKING),1,345690,Not at intersection,2,50,Arterial Highway,CHELTENHAM,DANDENONG,-37.99035,145.2126,2019,4,April,10,Midday,Weekday
T20190008086,2019-04-30,12:45:00,1,Collision with vehicle,2,Tuesday,110,CROSS TRAFFIC(INTERSECTIONS ONLY),1,45407,Cross intersection,3,60,Arterial Other,PASCOE VALE,MOONEE VALLEY,-37.753784,144.92574,2019,4,April,12,Midday,Weekday
T20190008090,2019-04-30,13:37:00,1,Collision with vehicle,2,Tuesday,130,REAR END(VEHICLES IN SAME LANE),1,344949,Not at intersection,3,60,Local Road,MOORABOOL,GEELONG,-38.16208,144.35394,2019,4,April,13,Midday,Weekday
T20190008095,2019-04-30,15:00:00,4,Collision with a fixed object,2,Tuesday,173,RIGHT OFF CARRIAGEWAY INTO OBJECT/PARKED VEHICLE,1,29714,T intersection,2,60,Arterial Other,HEATHERTON,DANDENONG,-37.970325,145.2173,2019,4,April,15,Afternoon Peak,Weekday
T20190008098,2019-04-30,09:00:00,1,Collision with vehicle,2,Tuesday,110,CROSS TRAFFIC(INTERSECTIONS ONLY),1,36046,Cross intersection,3,40,Local Road,RATHDOWNE,YARRA,-37.784657,144.97269,2019,4,April,9,Morning Peak,Weekday
T20190008102,2019-04-30,14:00:00,2,Struck Pedestrian,2,Tuesday,100,PED NEAR SIDE. PED HIT BY VEHICLE FROM THE RIGHT.,1,44639,T intersection,2,40,Arterial Other,MITCHELL,BENDIGO,-36.762947,144.28232,2019,4,April,14,Midday,Weekday
T20190008104,2019-04-30,15:30:00,1,Collision with vehicle,2,Tuesday,110,CROSS TRAFFIC(INTERSECTIONS ONLY),1,345717,Cross intersection,3,50,Local Road,TYNDALL,EAST GIPPSLAND,-37.69882,148.46523,2019,4,April,15,Afternoon Peak,Weekday
T20190008105,2019-04-30,16:15:00,1,Collision with vehicle,2,Tuesday,113,RIGHT NEAR (INTERSECTIONS ONLY),1,39718,T intersection,2,70,Arterial Other,MT DANDENONG,MAROONDAH,-37.800556,145.26346,2019,4,April,16,Afternoon Peak,Weekday
T20190008194,2019-05-01,18:30:00,1,Collision with vehicle,3,Wednesday,130,REAR END(VEHICLES IN SAME LANE),3,345706,Not at intersection,2,60,Local Road,CAMMS,CASEY,-38.097458,145.278,2019,5,May,18,Afternoon Peak,Weekday
T20190008199,2019-05-01,17:04:00,1,Collision with vehicle,3,Wednesday,130,REAR END(VEHICLES IN SAME LANE),3,582250,Not at intersection,2,60,Arterial Other,HEATHERTON,DANDENONG,-37.96126,145.1429,2019,5,May,17,Afternoon Peak,Weekday
T20190008216,2019-05-01,06:55:00,1,Collision with vehicle,3,Wednesday,130,REAR END(VEHICLES IN SAME LANE),2,335413,Not at intersection,2,70,Arterial Highway,MELBOURNE,GEELONG,-38.11516,144.35445,2019,5,May,6,Morning Peak,Weekday
T20190008198,2019-05-01,15:50:00,1,Collision with vehicle,3,Wednesday,119,OTHER ADJACENT (INTERSECTIONS ONLY),1,344777,T intersection,3,50,Local Road,BRAMWELL,GEELONG,-38.261646,144.53102,2019,5,May,15,Afternoon Peak,Weekday
T20190008396,2019-05-01,20:30:00,1,Collision with vehicle,3,Wednesday,151,OUT OF CONTROL (OVERTAKING),3,582107,T intersection,3,50,Arterial Other,CAMERON,CASEY,-38.108833,145.29073,2019,5,May,20,Night,Weekday
T20190008195,2019-05-01,16:11:00,4,Collision with a fixed object,3,Wednesday,181,OFF RIGHT BEND INTO OBJECT/PARKED VEHICLE,1,579675,Not at intersection,2,60,Arterial Other,MT BULLER,(MOUNT BULLER),-37.137135,146.45975,2019,5,May,16,Afternoon Peak,Weekday
T20190008158,2019-05-01,10:59:00,1,Collision with vehicle,3,Wednesday,113,RIGHT NEAR (INTERSECTIONS ONLY),1,47904,T intersection,2,60,Local Road,BROMPTON,MAROONDAH,-37.80527,145.30734,2019,5,May,10,Midday,Weekday
T20190008297,2019-05-01,16:35:00,1,Collision with vehicle,3,Wednesday,132,RIGHT REAR.,1,346398,Cross intersection,3,90,Arterial Other,WALLAN-WHITTLESEA,MITCHELL,-37.426212,145.05713,2019,5,May,16,Afternoon Peak,Weekday
T20190008174,2019-05-01,15:55:00,1,Collision with vehicle,3,Wednesday,110,CROSS TRAFFIC(INTERSECTIONS ONLY),1,50878,Cross intersection,3,50,Local Road,SMYTHE,WODONGA,-36.12186,146.88345,2019,5,May,15,Afternoon Peak,Weekday
T20190008176,2019-05-01,17:00:00,2,Struck Pedestrian,3,Wednesday,102,FAR SIDE. PED HIT BY VEHICLE FROM THE LEFT,1,238675,Cross intersection,3,60,Local Road,MILLER,WHITTLESEA,-37.636963,145.02185,2019,5,May,17,Afternoon Peak,Weekday
T20190008255,2019-05-01,08:52:00,1,Collision with vehicle,3,Wednesday,113,RIGHT NEAR (INTERSECTIONS ONLY),1,38132,T intersection,2,60,Local Road,ALTONA,BANYULE,-37.74579,145.04207,2019,5,May,8,Morning Peak,Weekday
T20190008193,2019-05-01,17:05:00,2,Struck Pedestrian,3,Wednesday,102,FAR SIDE. PED HIT BY VEHICLE FROM THE LEFT,1,344785,Not at intersection,2,60,Arterial Other,WILLIAMSTOWN,PORT PHILLIP,-37.832394,144.93842,2019,5,May,17,Afternoon Peak,Weekday
T20200009421,2019-05-01,08:00:00,3,Struck animal,3,Wednesday,167,STRUCK ANIMAL,2,652648,Not at intersection,3,100,Arterial Other,EPPING-KILMORE,MITCHELL,-37.42659,145.0217,2019,5,May,8,Morning Peak,Weekday
T20190008156,2019-05-01,11:10:00,6,Vehicle overturned (no collision),3,Wednesday,179,OTHER ACCIDENTS-OFF STRAIGHT NOT INCLUDED IN DCAs 170-175,1,344862,Not at intersection,2,40,Local Road,COLLINS,MELBOURNE,-37.816505,144.96307,2019,5,May,11,Midday,Weekday
T20190009430,2019-05-01,15:00:00,1,Collision with vehicle,3,Wednesday,130,REAR END(VEHICLES IN SAME LANE),1,345347,Not at intersection,3,70,Arterial Other,DERRIMUT,WYNDHAM,-37.82898,144.69199,2019,5,May,15,Afternoon Peak,Weekday
T20190008159,2019-05-01,11:30:00,2,Struck Pedestrian,3,Wednesday,102,FAR SIDE. PED HIT BY VEHICLE FROM THE LEFT,1,44549,Cross intersection,2,60,Arterial Other,SOUTHERN,BANYULE,-37.740997,145.0368,2019,5,May,11,Midday,Weekday
T20190008181,2019-05-01,15:56:00,1,Collision with vehicle,3,Wednesday,130,REAR END(VEHICLES IN SAME LANE),1,344852,Not at intersection,3,100,Arterial Highway,DANDENONG-HASTINGS,CASEY,-38.18,145.21965,2019,5,May,15,Afternoon Peak,Weekday
T20190008904,2019-05-01,08:40:00,1,Collision with vehicle,3,Wednesday,135,LANE CHANGE LEFT (NOT OVERTAKING),1,345354,Not at intersection,3,60,Local Road,GILBERT,DAREBIN,-37.73674,144.99028,2019,5,May,8,Morning Peak,Weekday
T20190008185,2019-05-01,18:40:00,2,Struck Pedestrian,3,Wednesday,100,PED NEAR SIDE. PED HIT BY VEHICLE FROM THE RIGHT.,3,49962,Cross intersection,3,40,Arterial Other,RYRIE,GEELONG,-38.150745,144.3648,2019,5,May,18,Afternoon Peak,Weekday
T20190008154,2019-05-01,10:45:00,1,Collision with vehicle,3,Wednesday,132,RIGHT REAR.,1,345055,Not at intersection,3,60,Local Road,ORDISH,DANDENONG,-38.02272,145.1926,2019,5,May,10,Midday,Weekday
T20190008143,2019-05-01,01:15:00,6,Vehicle overturned (no collision),3,Wednesday,172,OFF CARRIAGEWAY TO RIGHT,5,136810,Not at intersection,1,100,Freeway,CALDER,HUME,-37.659492,144.74312,2019,5,May,1,Late Night,Weekday
T20190008142,2019-05-01,02:30:00,1,Collision with vehicle,3,Wednesday,119,OTHER ADJACENT (INTERSECTIONS ONLY),3,56552,Cross intersection,3,60,Local Road,CALDER PARK,MELTON,-37.710667,144.75522,2019,5,May,2,Late Night,Weekday
T20190008165,2019-05-01,12:15:00,6,Vehicle overturned (no collision),3,Wednesday,149,OTHER MANOEUVRING NOT INCLUDED IN DCAs 140-148,1,345799,Not at intersection,2,70,Local Road,COBDEN,BALLARAT,-37.608448,143.82172,2019,5,May,12,Midday,Weekday
T20190008203,2019-05-01,23:30:00,1,Collision with vehicle,3,Wednesday,130,REAR END(VEHICLES IN SAME LANE),3,327940,T intersection,2,60,Arterial Other,HALLAM,CASEY,-38.031315,145.2683,2019,5,May,23,Night,Weekday
T20190008184,2019-05-01,18:00:00,1,Collision with vehicle,3,Wednesday,121,RIGHT THROUGH,3,344789,Not at intersection,2,80,Arterial Highway,STUD,KNOX,-37.9009,145.23396,2019,5,May,18,Afternoon Peak,Weekday
T20190008201,2019-05-01,16:09:00,1,Collision with vehicle,3,Wednesday,130,REAR END(VEHICLES IN SAME LANE),1,346930,Not at intersection,3,80,Freeway,MULLUM MULLUM,MANNINGHAM,-37.807037,145.21039,2019,5,May,16,Afternoon Peak,Weekday
T20190008140,2019-05-01,02:23:00,1,Collision with vehicle,3,Wednesday,110,CROSS TRAFFIC(INTERSECTIONS ONLY),3,726,Cross intersection,3,80,Arterial Highway,STUD,KNOX,-37.876904,145.23285,2019,5,May,2,Late Night,Weekday
T20190008233,2019-05-02,13:15:00,1,Collision with vehicle,4,Thursday,160,VEHICLE COLLIDES WITH VEHICLE PARKED ON LEFT OF ROAD,1,344775,Not at intersection,2,50,Arterial Other,LLOYD,LATROBE,-38.177242,146.26343,2019,5,May,13,Midday,Weekday
T20190008254,2019-05-02,17:10:00,4,Collision with a fixed object,4,Thursday,173,RIGHT OFF CARRIAGEWAY INTO OBJECT/PARKED VEHICLE,2,345056,Not at intersection,3,80,Arterial Highway,STUD,DANDENONG,-37.95871,145.22559,2019,5,May,17,Afternoon Peak,Weekday
T20190008259,2019-05-02,18:05:00,1,Collision with vehicle,4,Thursday,121,RIGHT THROUGH,3,41364,T intersection,2,70,Arterial Highway,NORTH,GLEN EIRA,-37.90403,145.04114,2019,5,May,18,Afternoon Peak,Weekday
T20190008251,2019-05-02,11:36:00,2,Struck Pedestrian,4,Thursday,100,PED NEAR SIDE. PED HIT BY VEHICLE FROM THE RIGHT.,1,40452,Cross intersection,2,60,Arterial Other,CAMBERWELL,BOROONDARA,-37.836006,145.06216,2019,5,May,11,Midday,Weekday
T20190008235,2019-05-02,13:10:00,2,Struck Pedestrian,4,Thursday,102,FAR SIDE. PED HIT BY VEHICLE FROM THE LEFT,1,41249,Cross intersection,2,60,Arterial Other,GLEN EIRA,GLEN EIRA,-37.879154,145.01631,2019,5,May,13,Midday,Weekday
T20190008247,2019-05-02,11:50:00,1,Collision with vehicle,4,Thursday,120,HEAD ON (NOT OVERTAKING),1,582253,Not at intersection,3,60,Local Road,AURA-SELBY,YARRA RANGES,-37.919987,145.38655,2019,5,May,11,Midday,Weekday
T20190008246,2019-05-02,14:20:00,1,Collision with vehicle,4,Thursday,147,VEHICLE STRIKES ANOTHER VEH WHILE EMERGING FROM DRIVEWAY,1,344781,Not at intersection,3,40,Local Road,WASHINGTON,STONNINGTON,-37.83827,145.00995,2019,5,May,14,Midday,Weekday
T20190008244,2019-05-02,14:40:00,1,Collision with vehicle,4,Thursday,130,REAR END(VEHICLES IN SAME LANE),1,344774,Not at intersection,3,100,Freeway,WESTERN RING,MORELAND,-37.69431,144.91425,2019,5,May,14,Midday,Weekday
T20190008236,2019-05-02,10:50:00,1,Collision with vehicle,4,Thursday,130,REAR END(VEHICLES IN SAME LANE),1,1192,Cross intersection,3,40,Arterial Other,RYRIE,GEELONG,-38.149323,144.3598,2019,5,May,10,Midday,Weekday
T20190008992,2019-05-02,06:10:00,1,Collision with vehicle,4,Thursday,130,REAR END(VEHICLES IN SAME LANE),3,345268,Not at intersection,3,80,Freeway,PRINCES,WYNDHAM,-37.82779,144.81693,2019,5,May,6,Morning Peak,Weekday
T20190008262,2019-05-02,17:00:00,1,Collision with vehicle,4,Thursday,140,U TURN,3,66815,Cross intersection,2,40,Local Road,KYME,PORT PHILLIP,-37.83884,144.9428,2019,5,May,17,Afternoon Peak,Weekday
T20190008240,2019-05-02,13:30:00,1,Collision with vehicle,4,Thursday,171,LEFT OFF CARRIAGEWAY INTO OBJECT/PARKED VEHICLE,1,345142,Not at intersection,2,50,Local Road,MONTGOMERY,WELLINGTON,-38.116085,147.08484,2019,5,May,13,Midday,Weekday
T20190008507,2019-05-02,17:00:00,1,Collision with vehicle,4,Thursday,130,REAR END(VEHICLES IN SAME LANE),1,581098,T intersection,3,60,Local Road,LINSELL,CASEY,-38.102108,145.3181,2019,5,May,17,Afternoon Peak,Weekday
T20190008243,2019-05-02,09:45:00,4,Collision with a fixed object,4,Thursday,175,OFF END OF ROAD/T-INTERSECTION.,1,49365,Cross intersection,2,50,Arterial Other,BALACLAVA ROAD -NEW DOOKIE,SHEPPARTON,-36.368393,145.4158,2019,5,May,9,Morning Peak,Weekday
T20190009313,2019-05-02,15:30:00,1,Collision with vehicle,4,Thursday,130,REAR END(VEHICLES IN SAME LANE),9,346185,Not at intersection,3,50,Local Road,CENTRE,HUME,-37.67327,144.85199,2019,5,May,15,Afternoon Peak,Weekday
T20190008440,2019-05-02,18:30:00,1,Collision with vehicle,4,Thursday,121,RIGHT THROUGH,3,29948,Cross intersection,2,60,Arterial Highway,MCKILLOP,GEELONG,-38.153427,144.35791,2019,5,May,18,Afternoon Peak,Weekday
T20190010597,2019-05-02,15:00:00,1,Collision with vehicle,4,Thursday,130,REAR END(VEHICLES IN SAME LANE),1,345909,Not at intersection,3,60,Arterial Other,SPRING,DAREBIN,-37.715202,145.00787,2019,5,May,15,Afternoon Peak,Weekday
T20190008454,2019-05-02,10:00:00,4,Collision with a fixed object,4,Thursday,183,OFF LEFT BEND INTO OBJECT/PARKED VEHICLE,1,345438,Not at intersection,3,100,Arterial Other,WALLAN-WHITTLESEA,MITCHELL,-37.41827,145.04541,2019,5,May,10,Midday,Weekday
T20190008506,2019-05-02,17:45:00,2,Struck Pedestrian,4,Thursday,100,PED NEAR SIDE. PED HIT BY VEHICLE FROM THE RIGHT.,3,41832,Cross intersection,2,80,Arterial Other,FERNTREE GULLY,MONASH,-37.905575,145.17975,2019,5,May,17,Afternoon Peak,Weekday
T20190008651,2019-05-02,20:00:00,6,Vehicle overturned (no collision),4,Thursday,179,OTHER ACCIDENTS-OFF STRAIGHT NOT INCLUDED IN DCAs 170-175,3,601311,Not at intersection,2,50,Local Road,FLORA,BRIMBANK,-37.7221,144.83678,2019,5,May,20,Night,Weekday
T20190008265,2019-05-02,16:45:00,1,Collision with vehicle,4,Thursday,130,REAR END(VEHICLES IN SAME LANE),2,358994,Not at intersection,2,80,Arterial Highway,FRANKSTON-DANDENONG,FRANKSTON,-38.100815,145.17137,2019,5,May,16,Afternoon Peak,Weekday
T20190008266,2019-05-02,17:50:00,1,Collision with vehicle,4,Thursday,130,REAR END(VEHICLES IN SAME LANE),3,344799,Not at intersection,3,70,Arterial Other,OLD GEELONG,WYNDHAM,-37.87337,144.72224,2019,5,May,17,Afternoon Peak,Weekday
T20190008267,2019-05-02,15:20:00,1,Collision with vehicle,4,Thursday,130,REAR END(VEHICLES IN SAME LANE),1,346071,Not at intersection,3,100,Arterial Highway,FRANKSTON-DANDENONG,DANDENONG,-38.06829,145.19789,2019,5,May,15,Afternoon Peak,Weekday
T20190008268,2019-05-02,05:38:00,6,Vehicle overturned (no collision),4,Thursday,180,OFF CARRIAGEWAY ON RIGHT BEND,5,598178,Not at intersection,3,100,Arterial Other,MURCHISON-TATURA,SHEPPARTON,-36.584652,145.22363,2019,5,May,5,Morning Peak,Weekday
T20190008269,2019-05-02,21:35:00,1,Collision with vehicle,4,Thursday,110,CROSS TRAFFIC(INTERSECTIONS ONLY),3,650979,Multiple intersection,3,60,Arterial Highway,CLOW,DANDENONG,-37.98481,145.21394,2019,5,May,21,Night,Weekday
T20190008277,2019-05-02,18:15:00,1,Collision with vehicle,4,Thursday,110,CROSS TRAFFIC(INTERSECTIONS ONLY),3,45720,Cross intersection,2,50,Local Road,DRUMMOND,YARRA RANGES,-37.776535,145.45651,2019,5,May,18,Afternoon Peak,Weekday
T20190008278,2019-05-02,16:30:00,2,Struck Pedestrian,4,Thursday,109,ANY MANOEUVRE INVOLVING PED NOT INCLUDED IN DCAs 100-108.,1,22736,Cross intersection,3,50,Arterial Other,INGLIS,MOORABOOL,-37.60016,144.22546,2019,5,May,16,Afternoon Peak,Weekday
T20190008215,2019-05-02,06:45:00,1,Collision with vehicle,4,Thursday,120,HEAD ON (NOT OVERTAKING),5,344913,Not at intersection,3,80,Arterial Other,SAND,BAW BAW,-38.10022,145.77193,2019,5,May,6,Morning Peak,Weekday
T20190008213,2019-05-02,06:50:00,6,Vehicle overturned (no collision),4,Thursday,172,OFF CARRIAGEWAY TO RIGHT,1,344753,T intersection,3,50,Local Road,THAMES,WHITEHORSE,-37.812775,145.11697,2019,5,May,6,Morning Peak,Weekday
T20190008746,2019-05-02,13:30:00,1,Collision with vehicle,4,Thursday,147,VEHICLE STRIKES ANOTHER VEH WHILE EMERGING FROM DRIVEWAY,1,258771,T intersection,3,60,Local Road,SHOREHAM,MORNINGTON PENINSULA,-38.38188,145.02336,2019,5,May,13,Midday,Weekday
T20190008898,2019-05-02,16:57:00,1,Collision with vehicle,4,Thursday,130,REAR END(VEHICLES IN SAME LANE),2,42815,Not at intersection,3,80,Arterial Highway,NEPEAN,KINGSTON,-37.990707,145.08134,2019,5,May,16,Afternoon Peak,Weekday
T20190008711,2019-05-02,19:00:00,1,Collision with vehicle,4,Thursday,130,REAR END(VEHICLES IN SAME LANE),3,345313,Cross intersection,3,100,Arterial Highway,BENTONS ROAD -MOOROODUC,MORNINGTON PENINSULA,-38.254612,145.07918,2019,5,May,19,Night,Weekday
T20190008209,2019-05-02,07:05:00,1,Collision with vehicle,4,Thursday,120,HEAD ON (NOT OVERTAKING),1,344776,Not at intersection,3,60,Arterial Other,BEACH,BAYSIDE,-37.940998,144.99997,2019,5,May,7,Morning Peak,Weekday
T20190008207,2019-05-02,05:50:00,1,Collision with vehicle,4,Thursday,113,RIGHT NEAR (INTERSECTIONS ONLY),3,43068,T intersection,3,60,Arterial Other,HEATHERTON,DANDENONG,-37.9702,145.21623,2019,5,May,5,Morning Peak,Weekday
T20190008202,2019-05-02,00:10:00,1,Collision with vehicle,4,Thursday,130,REAR END(VEHICLES IN SAME LANE),3,582251,Not at intersection,2,60,Freeway,CITYLINK,STONNINGTON,-37.837612,145.03172,2019,5,May,0,Late Night,Weekday
T20190008222,2019-05-02,09:45:00,4,Collision with a fixed object,4,Thursday,183,OFF LEFT BEND INTO OBJECT/PARKED VEHICLE,1,345528,Not at intersection,2,100,Freeway,PRINCES IN-HIGH,HOBSONS BAY,-37.866558,144.77357,2019,5,May,9,Morning Peak,Weekday
T20190009182,2019-05-02,21:00:00,1,Collision with vehicle,4,Thursday,130,REAR END(VEHICLES IN SAME LANE),9,35497,Cross intersection,3,60,Arterial Highway,ST KILDA,PORT PHILLIP,-37.86045,144.9841,2019,5,May,21,Night,Weekday
T20190008576,2019-05-02,16:43:00,4,Collision with a fixed object,4,Thursday,181,OFF RIGHT BEND INTO OBJECT/PARKED VEHICLE,1,344956,Not at intersection,3,80,Arterial Other,KANGAROO GROUND-WARRANDYTE,NILLUMBIK,-37.701202,145.22556,2019,5,May,16,Afternoon Peak,Weekday
T20190008514,2019-05-02,16:35:00,1,Collision with vehicle,4,Thursday,147,VEHICLE STRIKES ANOTHER VEH WHILE EMERGING FROM DRIVEWAY,1,234746,Not at intersection,3,60,Arterial Other,EPPING,WHITTLESEA,-37.65311,145.02284,2019,5,May,16,Afternoon Peak,Weekday
T20190008257,2019-05-02,17:55:00,1,Collision with vehicle,4,Thursday,130,REAR END(VEHICLES IN SAME LANE),3,53356,T intersection,3,60,Arterial Highway,MAROONDAH,YARRA RANGES,-37.655853,145.5118,2019,5,May,17,Afternoon Peak,Weekday
T20190008258,2019-05-02,15:20:00,1,Collision with vehicle,4,Thursday,130,REAR END(VEHICLES IN SAME LANE),1,347970,Not at intersection,3,50,Local Road,MORACK,WHITEHORSE,-37.847443,145.19778,2019,5,May,15,Afternoon Peak,Weekday
T20190008227,2019-05-02,07:48:00,1,Collision with vehicle,4,Thursday,120,HEAD ON (NOT OVERTAKING),1,582252,Not at intersection,2,100,Local Road,KONAGADERRA,MACEDON RANGES,-37.501835,144.7701,2019,5,May,7,Morning Peak,Weekday
T20190008228,2019-05-02,09:45:00,1,Collision with vehicle,4,Thursday,113,RIGHT NEAR (INTERSECTIONS ONLY),1,74145,T intersection,3,50,Arterial Other,KORUMBURRA,BASS COAST,-38.601395,145.60095,2019,5,May,9,Morning Peak,Weekday
T20190008229,2019-05-02,09:05:00,4,Collision with a fixed object,4,Thursday,171,LEFT OFF CARRIAGEWAY INTO OBJECT/PARKED VEHICLE,1,344817,Not at intersection,3,50,Local Road,NORFOLK,CASEY,-38.035664,145.30943,2019,5,May,9,Morning Peak,Weekday
T20190008307,2019-05-02,10:40:00,4,Collision with a fixed object,4,Thursday,183,OFF LEFT BEND INTO OBJECT/PARKED VEHICLE,1,344854,Not at intersection,2,60,Local Road,TROTTING,BENDIGO,-36.77243,144.3374,2019,5,May,10,Midday,Weekday
T20190008231,2019-05-02,12:53:00,4,Collision with a fixed object,4,Thursday,171,LEFT OFF CARRIAGEWAY INTO OBJECT/PARKED VEHICLE,1,581375,Not at intersection,2,50,Local Road,RODGERSON,WHITEHORSE,-37.813427,145.11684,2019,5,May,12,Midday,Weekday
T20190008288,2019-05-03,08:10:00,1,Collision with vehicle,5,Friday,135,LANE CHANGE LEFT (NOT OVERTAKING),1,294885,Not at intersection,3,60,Arterial Other,BURWOOD,BOROONDARA,-37.82117,145.02293,2019,5,May,8,Morning Peak,Weekday