ACCIDENT_NO,ACCIDENT_DATE,ACCIDENT_TIME,ACCIDENT_TYPE,ACCIDENT_TYPE_DESC,DAY_OF_WEEK,DAY_WEEK_DESC,DCA_CODE,DCA_DESC,LIGHT_CONDITION,NODE_ID,ROAD_GEOMETRY_DESC,SEVERITY,SPEED_ZONE,RMA,ROAD_NAME,LGA_NAME,LATITUDE,LONGITUDE,YEAR,MONTH,MONTH_NAME,HOUR,TIME_PERIOD,DAY_TYPE
T20190008333,2019-05-03,17:35:00,1,Collision with vehicle,5,Friday,121,RIGHT THROUGH,2,42073,T intersection,2,60,Arterial Other,BEACH,BAYSIDE,-37.95875,145.0097,2019,5,May,17,Afternoon Peak,Weekday
T20190008289,2019-05-03,10:30:00,1,Collision with vehicle,5,Friday,110,CROSS TRAFFIC(INTERSECTIONS ONLY),1,278624,Cross intersection,3,50,Local Road,EDGARS,WHITTLESEA,-37.620754,145.00523,2019,5,May,10,Midday,Weekday
T20190008358,2019-05-03,22:20:00,2,Struck Pedestrian,5,Friday,100,PED NEAR SIDE. PED HIT BY VEHICLE FROM THE RIGHT.,3,70726,Cross intersection,2,80,Arterial Highway,CHELTENHAM ROAD -LOWER DANDENONG,DANDENONG,-37.990784,145.14471,2019,5,May,22,Night,Weekday
T20190008359,2019-05-03,20:30:00,1,Collision with vehicle,5,Friday,160,VEHICLE COLLIDES WITH VEHICLE PARKED ON LEFT OF ROAD,4,346448,Not at intersection,3,50,Local Road,DALEY,MORELAND,-37.69729,144.92987,2019,5,May,20,Night,Weekday
T20190008397,2019-05-03,17:06:00,1,Collision with vehicle,5,Friday,121,RIGHT THROUGH,1,37525,T intersection,3,60,Arterial Other,BEACONSFIELD,PORT PHILLIP,-37.85157,144.95639,2019,5,May,17,Afternoon Peak,Weekday
T20190016516,2019-05-03,15:00:00,1,Collision with vehicle,5,Friday,130,REAR END(VEHICLES IN SAME LANE),1,614111,Not at intersection,3,80,Arterial Highway,STUD,DANDENONG,-37.956776,145.22618,2019,5,May,15,Afternoon Peak,Weekday
T20190008412,2019-05-03,17:55:00,1,Collision with vehicle,5,Friday,132,RIGHT REAR.,3,41491,T intersection,3,60,Arterial Highway,NORTH,GLEN EIRA,-37.907852,145.07178,2019,5,May,17,Afternoon Peak,Weekday
T20190008313,2019-05-03,06:00:00,2,Struck Pedestrian,5,Friday,102,FAR SIDE. PED HIT BY VEHICLE FROM THE LEFT,3,345015,T intersection,3,60,Arterial Other,TAYLORS,BRIMBANK,-37.728054,144.7974,2019,5,May,6,Morning Peak,Weekday
T20190008334,2019-05-03,15:35:00,1,Collision with vehicle,5,Friday,163,VEHICLE STRIKES DOOR OF PARKED/STATIONARY VEHICLE,1,344898,Not at intersection,3,60,Arterial Other,SWAN,YARRA,-37.826523,145.00557,2019,5,May,15,Afternoon Peak,Weekday
T20190008360,2019-05-03,22:40:00,1,Collision with vehicle,5,Friday,130,REAR END(VEHICLES IN SAME LANE),3,202369,Not at intersection,3,50,Local Road,LYGON,MELBOURNE,-37.79729,144.96753,2019,5,May,22,Night,Weekday
T20190008362,2019-05-03,22:46:00,1,Collision with vehicle,5,Friday,110,CROSS TRAFFIC(INTERSECTIONS ONLY),3,36095,Cross intersection,3,50,Local Road,ABBOTSFORD,MELBOURNE,-37.80053,144.9459,2019,5,May,22,Night,Weekday
T20190008364,2019-05-03,19:56:00,1,Collision with vehicle,5,Friday,130,REAR END(VEHICLES IN SAME LANE),3,314885,Not at intersection,3,100,Freeway,SOUTH GIPPSLAND,CASEY,-37.985535,145.24898,2019,5,May,19,Night,Weekday
T20190008366,2019-05-03,19:30:00,1,Collision with vehicle,5,Friday,160,VEHICLE COLLIDES WITH VEHICLE PARKED ON LEFT OF ROAD,3,346974,Not at intersection,3,50,Local Road,WOODLAND,MOONEE VALLEY,-37.743896,144.93198,2019,5,May,19,Night,Weekday
T20190008368,2019-05-03,23:45:00,4,Collision with a fixed object,5,Friday,171,LEFT OFF CARRIAGEWAY INTO OBJECT/PARKED VEHICLE,5,583415,Not at intersection,2,100,Local Road,BIRRELLS,EAST GIPPSLAND,-37.930927,147.68518,2019,5,May,23,Night,Weekday
T20190008371,2019-05-03,13:20:00,1,Collision with vehicle,5,Friday,130,REAR END(VEHICLES IN SAME LANE),1,346011,Not at intersection,2,60,Arterial Highway,LONSDALE,DANDENONG,-37.992283,145.21587,2019,5,May,13,Midday,Weekday
T20190008343,2019-05-03,20:50:00,1,Collision with vehicle,5,Friday,121,RIGHT THROUGH,3,48277,T intersection,2,60,Arterial Other,WATTLETREE,STONNINGTON,-37.86364,145.03804,2019,5,May,20,Night,Weekday
T20190008342,2019-05-03,18:00:00,1,Collision with vehicle,5,Friday,130,REAR END(VEHICLES IN SAME LANE),3,344851,Not at intersection,2,100,Freeway,MONASH OUT-HEATHERTON,CASEY,-37.96865,145.23624,2019,5,May,18,Afternoon Peak,Weekday
T20190008317,2019-05-03,14:40:00,1,Collision with vehicle,5,Friday,130,REAR END(VEHICLES IN SAME LANE),1,346129,Not at intersection,2,50,Arterial Other,SPRING,DAREBIN,-37.73394,144.99991,2019,5,May,14,Midday,Weekday
T20190008316,2019-05-03,08:15:00,2,Struck Pedestrian,5,Friday,102,FAR SIDE. PED HIT BY VEHICLE FROM THE LEFT,1,345378,Not at intersection,3,60,Arterial Other,CITY,PORT PHILLIP,-37.83166,144.95338,2019,5,May,8,Morning Peak,Weekday
T20200002604,2019-05-03,20:30:00,1,Collision with vehicle,5,Friday,130,REAR END(VEHICLES IN SAME LANE),5,729127,T intersection,3,50,Local Road,GUTHRIDGE,WELLINGTON,-38.11104,147.0812,2019,5,May,20,Night,Weekday
T20190008315,2019-05-03,12:50:00,6,Vehicle overturned (no collision),5,Friday,170,OFF CARRIAGEWAY TO LEFT,1,595275,Not at intersection,3,80,Arterial Highway,HAMILTON,CORANGAMITE,-37.947376,143.23436,2019,5,May,12,Midday,Weekday
T20190015110,2019-05-03,20:52:00,1,Collision with vehicle,5,Friday,121,RIGHT THROUGH,3,340540,Multiple intersection,3,60,Arterial Other,BALLARAT,BRIMBANK,-37.776966,144.82874,2019,5,May,20,Night,Weekday
T20190008329,2019-05-03,17:48:00,1,Collision with vehicle,5,Friday,136,RIGHT TURN SIDESWIPE,2,345752,Cross intersection,3,100,Arterial Other,CRESWICK-NEWSTEAD,HEPBURN,-37.28468,143.95685,2019,5,May,17,Afternoon Peak,Weekday
T20190008325,2019-05-03,17:40:00,1,Collision with vehicle,5,Friday,116,LEFT NEAR (INTERSECTIONS ONLY),2,344867,T intersection,3,70,Arterial Other,DORSET,MAROONDAH,-37.80628,145.28856,2019,5,May,17,Afternoon Peak,Weekday
T20190008323,2019-05-03,16:30:00,1,Collision with vehicle,5,Friday,130,REAR END(VEHICLES IN SAME LANE),2,344992,Not at intersection,3,80,Local Road,BULLA-DIGGERS REST,HUME,-37.63507,144.76813,2019,5,May,16,Afternoon Peak,Weekday
T20190008311,2019-05-03,12:40:00,1,Collision with vehicle,5,Friday,153,CUTTING IN (OVERTAKING),1,344904,Not at intersection,3,80,Arterial Other,HALLAM NORTH,CASEY,-37.98148,145.27809,2019,5,May,12,Midday,Weekday
T20190008436,2019-05-03,09:50:00,1,Collision with vehicle,5,Friday,135,LANE CHANGE LEFT (NOT OVERTAKING),1,238,Cross intersection,2,40,Local Road,FLINDERS,MELBOURNE,-37.81745,144.96744,2019,5,May,9,Morning Peak,Weekday
T20190008642,2019-05-03,16:15:00,1,Collision with vehicle,5,Friday,113,RIGHT NEAR (INTERSECTIONS ONLY),1,40769,T intersection,3,60,Arterial Other,BLACKBURN,MONASH,-37.864937,145.14978,2019,5,May,16,Afternoon Peak,Weekday
T20190008310,2019-05-03,12:40:00,6,Vehicle overturned (no collision),5,Friday,184,OUT OF CONTROL ON CARRIAGEWAY (ON BEND),1,345057,Not at intersection,3,60,Arterial Highway,GREAT ALPINE,(MOUNT HOTHAM),-36.976116,147.1215,2019,5,May,12,Midday,Weekday
T20190008308,2019-05-03,08:46:00,1,Collision with vehicle,5,Friday,113,RIGHT NEAR (INTERSECTIONS ONLY),1,45516,T intersection,2,80,Arterial Other,MELTON,MELTON,-37.683125,144.66124,2019,5,May,8,Morning Peak,Weekday
T20190008322,2019-05-03,15:50:00,4,Collision with a fixed object,5,Friday,181,OFF RIGHT BEND INTO OBJECT/PARKED VEHICLE,1,345098,Not at intersection,3,100,Arterial Other,KOO WEE RUP-LONGWARRY,CARDINIA,-38.19283,145.5158,2019,5,May,15,Afternoon Peak,Weekday
T20190008320,2019-05-03,16:00:00,1,Collision with vehicle,5,Friday,110,CROSS TRAFFIC(INTERSECTIONS ONLY),1,45167,Cross intersection,2,50,Local Road,CRANWELL,MARIBYRNONG,-37.778854,144.86313,2019,5,May,16,Afternoon Peak,Weekday
T20190008988,2019-05-03,06:26:00,1,Collision with vehicle,5,Friday,130,REAR END(VEHICLES IN SAME LANE),2,347093,Not at intersection,3,60,Arterial Other,LOWER HEIDELBERG,BANYULE,-37.769516,145.06473,2019,5,May,6,Morning Peak,Weekday
T20190008580,2019-05-03,16:00:00,1,Collision with vehicle,5,Friday,121,RIGHT THROUGH,1,36630,T intersection,3,50,Local Road,CEMETERY,WYNDHAM,-37.891342,144.674,2019,5,May,16,Afternoon Peak,Weekday
T20190008272,2019-05-03,00:34:00,1,Collision with vehicle,5,Friday,130,REAR END(VEHICLES IN SAME LANE),3,102,Cross intersection,3,50,Local Road,GRATTAN,MELBOURNE,-37.800743,144.96692,2019,5,May,0,Late Night,Weekday
T20190008293,2019-05-03,13:30:00,1,Collision with vehicle,5,Friday,110,CROSS TRAFFIC(INTERSECTIONS ONLY),1,64689,Cross intersection,3,50,Local Road,BERNARD,BOROONDARA,-37.787148,145.08195,2019,5,May,13,Midday,Weekday
T20190008292,2019-05-03,10:40:00,1,Collision with vehicle,5,Friday,110,CROSS TRAFFIC(INTERSECTIONS ONLY),1,39414,Cross intersection,2,60,Arterial Other,BLACKBURN,WHITEHORSE,-37.82308,145.15242,2019,5,May,10,Midday,Weekday
T20190008281,2019-05-03,08:15:00,1,Collision with vehicle,5,Friday,130,REAR END(VEHICLES IN SAME LANE),1,346119,Cross intersection,3,80,Arterial Other,FRANKSTON-FLINDERS,MORNINGTON PENINSULA,-38.432194,145.04199,2019,5,May,8,Morning Peak,Weekday
T20190008283,2019-05-03,08:40:00,8,No collision and no object struck,5,Friday,174,OUT OF CONTROL ON CARRIAGEWAY (ON STRAIGHT),1,344953,T intersection,3,50,Local Road,BRONTE,WHITEHORSE,-37.84788,145.1241,2019,5,May,8,Morning Peak,Weekday
T20190008284,2019-05-03,07:38:00,1,Collision with vehicle,5,Friday,116,LEFT NEAR (INTERSECTIONS ONLY),1,38391,T intersection,2,70,Arterial Other,SPRINGVALE,MANNINGHAM,-37.78375,145.18161,2019,5,May,7,Morning Peak,Weekday
T20190008290,2019-05-03,12:24:00,2,Struck Pedestrian,5,Friday,102,FAR SIDE. PED HIT BY VEHICLE FROM THE LEFT,1,40099,Not at intersection,3,60,Arterial Other,BARKLY,PORT PHILLIP,-37.860218,144.98248,2019,5,May,12,Midday,Weekday
T20190008285,2019-05-03,06:35:00,1,Collision with vehicle,5,Friday,147,VEHICLE STRIKES ANOTHER VEH WHILE EMERGING FROM DRIVEWAY,2,344984,Not at intersection,2,60,Arterial Other,POWER,BOROONDARA,-37.82568,145.02563,2019,5,May,6,Morning Peak,Weekday
T20190008286,2019-05-03,09:11:00,1,Collision with vehicle,5,Friday,140,U TURN,1,346069,Not at intersection,2,60,Local Road,FRANKSTON GARDENS,FRANKSTON,-38.10362,145.16031,2019,5,May,9,Morning Peak,Weekday
T20190008345,2019-05-03,05:33:00,1,Collision with vehicle,5,Friday,121,RIGHT THROUGH,3,282480,Cross intersection,2,80,Arterial Highway,PRINCES,DANDENONG,-37.975204,145.2037,2019,5,May,5,Morning Peak,Weekday
T20190008352,2019-05-03,21:04:00,7,Fall from or in moving vehicle,5,Friday,179,OTHER ACCIDENTS-OFF STRAIGHT NOT INCLUDED IN DCAs 170-175,6,44393,Cross intersection,3,60,Arterial Other,PLENTY,DAREBIN,-37.731155,145.01445,2019,5,May,21,Night,Weekday
T20190008353,2019-05-03,16:30:00,1,Collision with vehicle,5,Friday,160,VEHICLE COLLIDES WITH VEHICLE PARKED ON LEFT OF ROAD,1,344868,Not at intersection,3,50,Local Road,TUNALEY,DAREBIN,-37.69741,145.02898,2019,5,May,16,Afternoon Peak,Weekday
T20190008356,2019-05-03,21:21:00,7,Fall from or in moving vehicle,5,Friday,179,OTHER ACCIDENTS-OFF STRAIGHT NOT INCLUDED IN DCAs 170-175,3,138803,T intersection,2,60,Arterial Highway,LOWER PLENTY,BANYULE,-37.734943,145.0789,2019,5,May,21,Night,Weekday
T20190014392,2019-05-03,07:00:00,1,Collision with vehicle,5,Friday,130,REAR END(VEHICLES IN SAME LANE),2,42143,Cross intersection,3,50,Local Road,SPRING,BAYSIDE,-37.94396,145.03279,2019,5,May,7,Morning Peak,Weekday
T20190008338,2019-05-03,18:30:00,1,Collision with vehicle,5,Friday,120,HEAD ON (NOT OVERTAKING),5,579181,Not at intersection,2,80,Arterial Other,BELGRAVE-HALLAM,CASEY,-37.974274,145.31538,2019,5,May,18,Afternoon Peak,Weekday
T20190008339,2019-05-03,19:12:00,4,Collision with a fixed object,5,Friday,175,OFF END OF ROAD/T-INTERSECTION.,5,582534,T intersection,2,100,Local Road,KIRKS BRIDGE,WYNDHAM,-37.902744,144.51126,2019,5,May,19,Night,Weekday
T20190008714,2019-05-03,16:15:00,1,Collision with vehicle,5,Friday,111,RIGHT FAR (INTERSECTIONS ONLY),1,44383,T intersection,3,50,Arterial Other,HEATHS,WYNDHAM,-37.879887,144.7051,2019,5,May,16,Afternoon Peak,Weekday
T20190008319,2019-05-03,15:25:00,8,No collision and no object struck,5,Friday,170,OFF CARRIAGEWAY TO LEFT,1,55372,T intersection,3,60,Arterial Other,NEW DOOKIE,SHEPPARTON,-36.367542,145.41963,2019,5,May,15,Afternoon Peak,Weekday
T20190008381,2019-05-04,08:30:00,1,Collision with vehicle,6,Saturday,120,HEAD ON (NOT OVERTAKING),1,345792,Not at intersection,2,70,Arterial Other,DIAMOND CREEK,NILLUMBIK,-37.674698,145.14467,2019,5,May,8,Morning Peak,Weekend
T20190008420,2019-05-04,12:30:00,4,Collision with a fixed object,6,Saturday,181,OFF RIGHT BEND INTO OBJECT/PARKED VEHICLE,1,344996,Not at intersection,1,80,Arterial Other,SHELLEY,TOWONG,-35.992577,147.71758,2019,5,May,12,Midday,Weekend
T20190008421,2019-05-04,19:00:00,1,Collision with vehicle,6,Saturday,140,U TURN,3,129748,Not at intersection,3,50,Local Road,MACAULAY,MELBOURNE,-37.79445,144.93024,2019,5,May,19,Night,Weekend
T20190008413,2019-05-04,17:30:00,4,Collision with a fixed object,6,Saturday,183,OFF LEFT BEND INTO OBJECT/PARKED VEHICLE,2,344911,Not at intersection,3,80,Arterial Other,KANGAROO GROUND-WARRANDYTE,NILLUMBIK,-37.701435,145.22594,2019,5,May,17,Afternoon Peak,Weekend
T20190008423,2019-05-04,20:04:00,1,Collision with vehicle,6,Saturday,173,RIGHT OFF CARRIAGEWAY INTO OBJECT/PARKED VEHICLE,5,346132,Not at intersection,2,60,Freeway,PRINCES,WYNDHAM,-37.909946,144.68738,2019,5,May,20,Night,Weekend
T20190008424,2019-05-04,14:24:00,4,Collision with a fixed object,6,Saturday,173,RIGHT OFF CARRIAGEWAY INTO OBJECT/PARKED VEHICLE,1,346365,Not at intersection,3,50,Local Road,MAY,CARDINIA,-38.0504,145.38461,2019,5,May,14,Midday,Weekend
T20190008426,2019-05-04,17:50:00,1,Collision with vehicle,6,Saturday,130,REAR END(VEHICLES IN SAME LANE),3,105227,Not at intersection,3,60,Arterial Other,ST GEORGES,DAREBIN,-37.739727,144.99915,2019,5,May,17,Afternoon Peak,Weekend
T20190008427,2019-05-04,20:50:00,4,Collision with a fixed object,6,Saturday,173,RIGHT OFF CARRIAGEWAY INTO OBJECT/PARKED VEHICLE,5,345404,Dead end,3,40,Local Road,MARY,DAREBIN,-37.74429,145.00163,2019,5,May,20,Night,Weekend
T20190008429,2019-05-04,18:00:00,2,Struck Pedestrian,6,Saturday,100,PED NEAR SIDE. PED HIT BY VEHICLE FROM THE RIGHT.,1,36856,Cross intersection,3,50,Arterial Highway,KINGS,MELBOURNE,-37.820366,144.95755,2019,5,May,18,Afternoon Peak,Weekend
T20190008434,2019-05-04,21:55:00,4,Collision with a fixed object,6,Saturday,173,RIGHT OFF CARRIAGEWAY INTO OBJECT/PARKED VEHICLE,3,346984,Not at intersection,2,80,Arterial Highway,FRANKSTON-DANDENONG,DANDENONG,-38.05023,145.2083,2019,5,May,21,Night,Weekend
T20190008408,2019-05-04,15:40:00,1,Collision with vehicle,6,Saturday,140,U TURN,1,42595,Not at intersection,2,50,Arterial Other,JACKSONS,DANDENONG,-37.945377,145.19177,2019,5,May,15,Afternoon Peak,Weekend
T20190008406,2019-05-04,15:20:00,1,Collision with vehicle,6,Saturday,110,CROSS TRAFFIC(INTERSECTIONS ONLY),1,29717,Cross intersection,3,60,Arterial Highway,STUD,DANDENONG,-37.98362,145.22102,2019,5,May,15,Afternoon Peak,Weekend
T20190008405,2019-05-04,13:45:00,1,Collision with vehicle,6,Saturday,120,HEAD ON (NOT OVERTAKING),1,344864,Not at intersection,2,100,Arterial Highway,WESTERN,PYRENEES,-37.42785,143.36118,2019,5,May,13,Midday,Weekend
T20190008414,2019-05-04,17:10:00,1,Collision with vehicle,6,Saturday,110,CROSS TRAFFIC(INTERSECTIONS ONLY),1,50889,Cross intersection,3,50,Local Road,WILLIAM,WODONGA,-36.12597,146.88382,2019,5,May,17,Afternoon Peak,Weekend
T20190008404,2019-05-04,13:00:00,1,Collision with vehicle,6,Saturday,113,RIGHT NEAR (INTERSECTIONS ONLY),1,40710,T intersection,2,60,Arterial Other,MIDDLEBOROUGH,WHITEHORSE,-37.841507,145.13428,2019,5,May,13,Midday,Weekend
T20190008403,2019-05-04,07:50:00,1,Collision with vehicle,6,Saturday,173,RIGHT OFF CARRIAGEWAY INTO OBJECT/PARKED VEHICLE,3,582819,Not at intersection,3,60,Local Road,FENTON,MONASH,-37.910603,145.10988,2019,5,May,7,Morning Peak,Weekend
T20190008402,2019-05-04,13:00:00,5,collision with some other object,6,Saturday,166,STRUCK OBJECT ON CARRIAGEWAY,1,345060,Not at intersection,2,60,Local Road,ANNANDALE,HUME,-37.700077,144.84549,2019,5,May,13,Midday,Weekend
T20190008384,2019-05-04,11:19:00,1,Collision with vehicle,6,Saturday,130,REAR END(VEHICLES IN SAME LANE),1,345275,Not at intersection,2,60,Arterial Other,MOUNT ALEXANDER,MOONEE VALLEY,-37.763332,144.92299,2019,5,May,11,Midday,Weekend
T20190008385,2019-05-04,09:40:00,2,Struck Pedestrian,6,Saturday,107,PED ON FOOTHPATH STRUCK BY VEHENTERING/LEAVING DRIVEWAY.,1,588668,T intersection,2,50,Local Road,GENEVIEVE,CAMPASPE,-36.149445,144.75465,2019,5,May,9,Morning Peak,Weekend
T20190008388,2019-05-04,07:38:00,1,Collision with vehicle,6,Saturday,120,HEAD ON (NOT OVERTAKING),1,345748,Not at intersection,1,100,Arterial Highway,BASS,BASS COAST,-38.52542,145.44687,2019,5,May,7,Morning Peak,Weekend
T20190008418,2019-05-04,18:15:00,1,Collision with vehicle,6,Saturday,119,OTHER ADJACENT (INTERSECTIONS ONLY),3,17841,T intersection,2,50,Local Road,COBDEN,ALPINE,-36.730907,146.96411,2019,5,May,18,Afternoon Peak,Weekend
T20190008398,2019-05-04,12:08:00,1,Collision with vehicle,6,Saturday,113,RIGHT NEAR (INTERSECTIONS ONLY),1,40438,T intersection,2,60,Arterial Highway,TOORAK,BOROONDARA,-37.846016,145.05676,2019,5,May,12,Midday,Weekend
T20190008386,2019-05-04,11:35:00,1,Collision with vehicle,6,Saturday,130,REAR END(VEHICLES IN SAME LANE),1,344819,Not at intersection,3,60,Local Road,TOWNSEND,GEELONG,-38.181347,144.39113,2019,5,May,11,Midday,Weekend
T20190008453,2019-05-04,12:30:00,1,Collision with vehicle,6,Saturday,130,REAR END(VEHICLES IN SAME LANE),9,68635,T intersection,3,60,Arterial Other,WAVERLEY,MONASH,-37.889706,145.17162,2019,5,May,12,Midday,Weekend
T20190008461,2019-05-04,19:13:00,1,Collision with vehicle,6,Saturday,120,HEAD ON (NOT OVERTAKING),5,345967,Not at intersection,3,80,Arterial Other,MAIN NEERIM,BAW BAW,-38.034958,145.95047,2019,5,May,19,Night,Weekend
T20190015731,2019-05-04,18:50:00,1,Collision with vehicle,6,Saturday,140,U TURN,9,580288,T intersection,2,60,Arterial Other,DORSET,MAROONDAH,-37.79057,145.29163,2019,5,May,18,Afternoon Peak,Weekend
T20190008489,2019-05-04,22:40:00,4,Collision with a fixed object,6,Saturday,183,OFF LEFT BEND INTO OBJECT/PARKED VEHICLE,5,635933,Not at intersection,3,100,Arterial Other,SAND,BAW BAW,-38.097363,145.77454,2019,5,May,22,Night,Weekend
T20190008390,2019-05-04,07:08:00,1,Collision with vehicle,6,Saturday,120,HEAD ON (NOT OVERTAKING),2,39389,Not at intersection,2,60,Arterial Other,MIDDLEBOROUGH,WHITEHORSE,-37.807564,145.14084,2019,5,May,7,Morning Peak,Weekend
T20190009376,2019-05-04,15:45:00,8,No collision and no object struck,6,Saturday,189,OTHER ACCIDENTS ON CURVE NOT INCLUDED IN DCAs 180-184,1,345569,Not at intersection,3,80,Local Road,MOUNT POREPUNKAH,ALPINE,-36.66955,146.99725,2019,5,May,15,Afternoon Peak,Weekend
T20190008742,2019-05-04,11:30:00,1,Collision with vehicle,6,Saturday,132,RIGHT REAR.,1,70084,T intersection,3,50,Local Road,BERNARD,KINGSTON,-37.95447,145.07153,2019,5,May,11,Midday,Weekend
T20190008373,2019-05-04,04:06:00,4,Collision with a fixed object,6,Saturday,173,RIGHT OFF CARRIAGEWAY INTO OBJECT/PARKED VEHICLE,3,345759,Not at intersection,3,50,Local Road,CHERRYHILLS,CASEY,-38.11161,145.26497,2019,5,May,4,Late Night,Weekend
T20190008391,2019-05-04,12:10:00,1,Collision with vehicle,6,Saturday,110,CROSS TRAFFIC(INTERSECTIONS ONLY),1,340350,Cross intersection,3,60,Arterial Highway,NEPEAN,FRANKSTON,-38.1429,145.12105,2019,5,May,12,Midday,Weekend
T20190008392,2019-05-04,06:15:00,4,Collision with a fixed object,6,Saturday,151,OUT OF CONTROL (OVERTAKING),3,346571,Not at intersection,2,80,Arterial Highway,GEELONG,HOBSONS BAY,-37.81931,144.84,2019,5,May,6,Morning Peak,Weekend
T20190008400,2019-05-04,13:53:00,1,Collision with vehicle,6,Saturday,120,HEAD ON (NOT OVERTAKING),1,346751,Not at intersection,3,100,Local Road,MINE,NILLUMBIK,-37.599995,145.20638,2019,5,May,13,Midday,Weekend
T20190008376,2019-05-04,00:15:00,1,Collision with vehicle,6,Saturday,120,HEAD ON (NOT OVERTAKING),5,344806,Not at intersection,1,100,Local Road,COACH,SHEPPARTON,-36.41058,145.49817,2019,5,May,0,Late Night,Weekend
T20190008567,2019-05-04,14:15:00,4,Collision with a fixed object,6,Saturday,171,LEFT OFF CARRIAGEWAY INTO OBJECT/PARKED VEHICLE,1,344977,Not at intersection,3,80,Local Road,WANDIN EAST,YARRA RANGES,-37.81083,145.44608,2019,5,May,14,Midday,Weekend
T20190008377,2019-05-04,08:14:00,4,Collision with a fixed object,6,Saturday,173,RIGHT OFF CARRIAGEWAY INTO OBJECT/PARKED VEHICLE,1,344964,T intersection,3,80,Local Road,WALLINGTON,GEELONG,-38.209232,144.5098,2019,5,May,8,Morning Peak,Weekend
T20190008380,2019-05-04,07:17:00,6,Vehicle overturned (no collision),6,Saturday,174,OUT OF CONTROL ON CARRIAGEWAY (ON STRAIGHT),1,582818,T intersection,2,100,Arterial Other,COBDEN-STONYFORD,CORANGAMITE,-38.329266,143.30531,2019,5,May,7,Morning Peak,Weekend
T20190008417,2019-05-04,14:43:00,2,Struck Pedestrian,6,Saturday,105,PED WALKING AGAINST TRAFFIC.,1,50037,T intersection,2,70,Arterial Highway,LATROBE,GEELONG,-38.159252,144.35039,2019,5,May,14,Midday,Weekend
T20190010825,2019-05-04,18:45:00,1,Collision with vehicle,6,Saturday,130,REAR END(VEHICLES IN SAME LANE),6,346008,Not at intersection,3,80,Arterial Highway,NEPEAN,KINGSTON,-37.99021,145.0811,2019,5,May,18,Afternoon Peak,Weekend
T20190008519,2019-05-04,14:00:00,1,Collision with vehicle,6,Saturday,130,REAR END(VEHICLES IN SAME LANE),1,344960,Not at intersection,3,70,Arterial Highway,COLAC,GEELONG,-38.198303,144.31635,2019,5,May,14,Midday,Weekend
T20190008479,2019-05-05,18:30:00,1,Collision with vehicle,7,Sunday,171,LEFT OFF CARRIAGEWAY INTO OBJECT/PARKED VEHICLE,3,299035,Not at intersection,2,50,Local Road,MEADOWVALE,GEELONG,-38.203117,144.31956,2019,5,May,18,Afternoon Peak,Weekend
T20190008478,2019-05-05,17:00:00,1,Collision with vehicle,7,Sunday,110,CROSS TRAFFIC(INTERSECTIONS ONLY),2,344820,Cross intersection,1,100,Arterial Highway,GLENELG,PYRENEES,-37.697506,143.1614,2019,5,May,17,Afternoon Peak,Weekend
T20190008452,2019-05-05,10:15:00,1,Collision with vehicle,7,Sunday,130,REAR END(VEHICLES IN SAME LANE),1,37235,Cross intersection,2,60,Arterial Other,WESTERN,MELTON,-37.762184,144.7542,2019,5,May,10,Midday,Weekend
T20190008451,2019-05-05,12:30:00,1,Collision with vehicle,7,Sunday,130,REAR END(VEHICLES IN SAME LANE),1,287118,T intersection,3,80,Arterial Highway,GREAT ALPINE,ALPINE,-36.59157,146.76463,2019,5,May,12,Midday,Weekend
T20190008472,2019-05-05,18:45:00,4,Collision with a fixed object,7,Sunday,183,OFF LEFT BEND INTO OBJECT/PARKED VEHICLE,5,345704,Not at intersection,3,80,Arterial Highway,GREAT OCEAN,COLAC OTWAY,-38.58715,143.93387,2019,5,May,18,Afternoon Peak,Weekend
T20190008471,2019-05-05,17:30:00,4,Collision with a fixed object,7,Sunday,173,RIGHT OFF CARRIAGEWAY INTO OBJECT/PARKED VEHICLE,5,346660,Not at intersection,2,100,Arterial Highway,PRINCES,LATROBE,-38.168743,146.69182,2019,5,May,17,Afternoon Peak,Weekend
T20200005717,2019-05-05,06:25:00,1,Collision with vehicle,7,Sunday,130,REAR END(VEHICLES IN SAME LANE),1,291065,Cross intersection,3,80,Freeway,MONASH OUT-STUD,DANDENONG,-37.957676,145.2258,2019,5,May,6,Morning Peak,Weekend
T20190008449,2019-05-05,12:34:00,4,Collision with a fixed object,7,Sunday,171,LEFT OFF CARRIAGEWAY INTO OBJECT/PARKED VEHICLE,1,55465,Cross intersection,3,100,Local Road,BANGERANG,CAMPASPE,-36.12264,144.81364,2019,5,May,12,Midday,Weekend
T20190008470,2019-05-05,16:45:00,1,Collision with vehicle,7,Sunday,110,CROSS TRAFFIC(INTERSECTIONS ONLY),1,346936,Cross intersection,2,50,Local Road,BROOKLAND GREENS,CASEY,-38.11904,145.2533,2019,5,May,16,Afternoon Peak,Weekend
T20190008467,2019-05-05,19:05:00,4,Collision with a fixed object,7,Sunday,171,LEFT OFF CARRIAGEWAY INTO OBJECT/PARKED VEHICLE,5,345650,Not at intersection,2,100,Freeway,PRINCES,CARDINIA,-38.070217,145.57947,2019,5,May,19,Night,Weekend
T20190008466,2019-05-05,17:52:00,4,Collision with a fixed object,7,Sunday,173,RIGHT OFF CARRIAGEWAY INTO OBJECT/PARKED VEHICLE,2,360402,Not at intersection,3,50,Local Road,RYANS,YARRA RANGES,-37.94785,145.32841,2019,5,May,17,Afternoon Peak,Weekend
T20190008441,2019-05-05,06:06:00,4,Collision with a fixed object,7,Sunday,171,LEFT OFF CARRIAGEWAY INTO OBJECT/PARKED VEHICLE,3,37362,Cross intersection,2,80,Arterial Other,MELTON,BRIMBANK,-37.696003,144.77463,2019,5,May,6,Morning Peak,Weekend