ACCIDENT_NO,ACCIDENT_DATE,ACCIDENT_TIME,ACCIDENT_TYPE,ACCIDENT_TYPE_DESC,DAY_OF_WEEK,DAY_WEEK_DESC,DCA_CODE,DCA_DESC,LIGHT_CONDITION,NODE_ID,ROAD_GEOMETRY_DESC,SEVERITY,SPEED_ZONE,RMA,ROAD_NAME,LGA_NAME,LATITUDE,LONGITUDE,YEAR,MONTH,MONTH_NAME,HOUR,TIME_PERIOD,DAY_TYPE
T20190008460,2019-05-05,15:25:00,4,Collision with a fixed object,7,Sunday,171,LEFT OFF CARRIAGEWAY INTO OBJECT/PARKED VEHICLE,1,583093,Not at intersection,2,60,Arterial Other,CANTERBURY,MAROONDAH,-37.825493,145.24918,2019,5,May,15,Afternoon Peak,Weekend
T20190008455,2019-05-05,12:42:00,4,Collision with a fixed object,7,Sunday,171,LEFT OFF CARRIAGEWAY INTO OBJECT/PARKED VEHICLE,1,592903,Not at intersection,2,60,Arterial Other,MELBOURNE,HOBSONS BAY,-37.83231,144.88176,2019,5,May,12,Midday,Weekend
T20190008532,2019-05-05,09:45:00,1,Collision with vehicle,7,Sunday,143,ENTERING PARKING,1,303001,Not at intersection,3,60,Arterial Other,HIGH,WHITTLESEA,-37.67797,145.01427,2019,5,May,9,Morning Peak,Weekend
T20190008438,2019-05-05,05:45:00,2,Struck Pedestrian,7,Sunday,100,PED NEAR SIDE. PED HIT BY VEHICLE FROM THE RIGHT.,6,38806,Cross intersection,2,60,Arterial Highway,WHITEHALL,MARIBYRNONG,-37.809795,144.9021,2019,5,May,5,Morning Peak,Weekend
T20190016585,2019-05-05,12:00:00,7,Fall from or in moving vehicle,7,Sunday,190,FELL IN/FROM VEHICLE,9,582282,T intersection,3,80,Local Road,GEMBROOK-TONIMBUK,CARDINIA,-37.983456,145.64244,2019,5,May,12,Midday,Weekend
T20190017525,2019-05-05,14:45:00,1,Collision with vehicle,7,Sunday,111,RIGHT FAR (INTERSECTIONS ONLY),1,43906,T intersection,3,70,Arterial Other,CAMERON,CASEY,-38.108887,145.29071,2019,5,May,14,Midday,Weekend
T20190008464,2019-05-05,18:25:00,1,Collision with vehicle,7,Sunday,121,RIGHT THROUGH,3,319930,T intersection,2,60,Arterial Other,TRUGANINA-SEABROOK,WYNDHAM,-37.877735,144.74849,2019,5,May,18,Afternoon Peak,Weekend
T20190008493,2019-05-05,19:00:00,2,Struck Pedestrian,7,Sunday,102,FAR SIDE. PED HIT BY VEHICLE FROM THE LEFT,3,345239,Not at intersection,3,60,Arterial Other,ST GEORGES,YARRA,-37.78429,144.983,2019,5,May,19,Night,Weekend
T20190008444,2019-05-05,07:00:00,1,Collision with vehicle,7,Sunday,130,REAR END(VEHICLES IN SAME LANE),2,345024,Not at intersection,3,60,Arterial Other,HEATHS,WYNDHAM,-37.877274,144.67964,2019,5,May,7,Morning Peak,Weekend
T20190008858,2019-05-05,14:30:00,6,Vehicle overturned (no collision),7,Sunday,182,OFF CARRIAGEWAY ON LEFT BEND,1,345021,Not at intersection,3,50,Local Road,HOBIN GAP,MURRINDINDI,-37.3699,145.90742,2019,5,May,14,Midday,Weekend
T20190008483,2019-05-05,20:02:00,1,Collision with vehicle,7,Sunday,160,VEHICLE COLLIDES WITH VEHICLE PARKED ON LEFT OF ROAD,3,346579,Not at intersection,2,50,Local Road,DUNEDIN,MARIBYRNONG,-37.780807,144.86938,2019,5,May,20,Night,Weekend
T20190008481,2019-05-05,19:50:00,1,Collision with vehicle,7,Sunday,160,VEHICLE COLLIDES WITH VEHICLE PARKED ON LEFT OF ROAD,3,222856,T intersection,2,60,Arterial Other,ANAKIE,GEELONG,-38.10793,144.33208,2019,5,May,19,Night,Weekend
T20190008480,2019-05-05,20:35:00,2,Struck Pedestrian,7,Sunday,104,PED WALKING WITH TRAFFIC,5,345230,Not at intersection,2,60,Local Road,RAILWAY,GEELONG,-38.178963,144.55417,2019,5,May,20,Night,Weekend
T20190008510,2019-05-06,06:50:00,1,Collision with vehicle,1,Monday,110,CROSS TRAFFIC(INTERSECTIONS ONLY),1,42719,Cross intersection,3,40,Local Road,GIBBS,BAYSIDE,-37.986958,145.03874,2019,5,May,6,Morning Peak,Weekday
T20190008499,2019-05-06,08:22:00,2,Struck Pedestrian,1,Monday,109,ANY MANOEUVRE INVOLVING PED NOT INCLUDED IN DCAs 100-108.,1,345351,Not at intersection,2,100,Freeway,MONASH,MONASH,-37.90566,145.15648,2019,5,May,8,Morning Peak,Weekday
T20190008557,2019-05-06,14:10:00,1,Collision with vehicle,1,Monday,110,CROSS TRAFFIC(INTERSECTIONS ONLY),1,36216,Multiple intersection,2,50,Local Road,COBDEN,MELBOURNE,-37.803925,144.95746,2019,5,May,14,Midday,Weekday
T20190009612,2019-05-06,08:30:00,1,Collision with vehicle,1,Monday,145,REVERSING IN STREAM OF TRAFFIC,1,345902,T intersection,3,50,Local Road,MACAULAY,MELBOURNE,-37.79464,144.9319,2019,5,May,8,Morning Peak,Weekday
T20190008516,2019-05-06,07:41:00,1,Collision with vehicle,1,Monday,113,RIGHT NEAR (INTERSECTIONS ONLY),1,35373,T intersection,2,40,Arterial Other,EPSOM,MELBOURNE,-37.78188,144.91597,2019,5,May,7,Morning Peak,Weekday
T20190008539,2019-05-06,21:00:00,2,Struck Pedestrian,1,Monday,101,PED EMERGES FROM IN FRONT OF PARKED OR STATIONARY VEHICLE,3,346376,Not at intersection,3,40,Local Road,SMITH,YARRA,-37.80191,144.98376,2019,5,May,21,Night,Weekday
T20190008517,2019-05-06,14:30:00,4,Collision with a fixed object,1,Monday,173,RIGHT OFF CARRIAGEWAY INTO OBJECT/PARKED VEHICLE,1,346565,Not at intersection,2,80,Arterial Other,MOUNTAIN,KNOX,-37.85003,145.2254,2019,5,May,14,Midday,Weekday
T20190008525,2019-05-06,15:55:00,1,Collision with vehicle,1,Monday,142,LEAVING PARKING,1,345645,T intersection,2,50,Local Road,WILLIAM,PORT PHILLIP,-37.86931,144.99431,2019,5,May,15,Afternoon Peak,Weekday
T20190008527,2019-05-06,15:16:00,1,Collision with vehicle,1,Monday,130,REAR END(VEHICLES IN SAME LANE),1,345339,Not at intersection,3,60,Arterial Other,DALTON,WHITTLESEA,-37.67306,145.03105,2019,5,May,15,Afternoon Peak,Weekday
T20190008528,2019-05-06,13:35:00,4,Collision with a fixed object,1,Monday,171,LEFT OFF CARRIAGEWAY INTO OBJECT/PARKED VEHICLE,1,344983,Not at intersection,2,100,Arterial Other,CHARLTON-ST ARNAUD,NORTHERN GRAMPIANS,-36.50292,143.31143,2019,5,May,13,Midday,Weekday
T20190008505,2019-05-06,09:09:00,1,Collision with vehicle,1,Monday,121,RIGHT THROUGH,1,345308,T intersection,2,60,Arterial Other,TOORONGA,BOROONDARA,-37.84707,145.0447,2019,5,May,9,Morning Peak,Weekday
T20190008533,2019-05-06,19:00:00,2,Struck Pedestrian,1,Monday,100,PED NEAR SIDE. PED HIT BY VEHICLE FROM THE RIGHT.,3,35525,Cross intersection,2,60,Arterial Other,HIGHBURY,MONASH,-37.857563,145.13144,2019,5,May,19,Night,Weekday
T20190008594,2019-05-06,08:45:00,2,Struck Pedestrian,1,Monday,100,PED NEAR SIDE. PED HIT BY VEHICLE FROM THE RIGHT.,1,465,Cross intersection,3,40,Local Road,BARKLY,MARIBYRNONG,-37.799007,144.89314,2019,5,May,8,Morning Peak,Weekday
T20190008536,2019-05-06,20:30:00,4,Collision with a fixed object,1,Monday,171,LEFT OFF CARRIAGEWAY INTO OBJECT/PARKED VEHICLE,5,583416,Not at intersection,2,100,Local Road,YOU YANGS,GEELONG,-37.95834,144.4743,2019,5,May,20,Night,Weekday
T20190008583,2019-05-06,15:30:00,2,Struck Pedestrian,1,Monday,100,PED NEAR SIDE. PED HIT BY VEHICLE FROM THE RIGHT.,1,344989,Not at intersection,3,60,Arterial Other,CENTRE,KINGSTON,-37.925743,145.09647,2019,5,May,15,Afternoon Peak,Weekday
T20190008535,2019-05-06,17:40:00,1,Collision with vehicle,1,Monday,130,REAR END(VEHICLES IN SAME LANE),1,344919,Not at intersection,2,70,Arterial Highway,WURUNDJERI,MELBOURNE,-37.814472,144.94781,2019,5,May,17,Afternoon Peak,Weekday
T20190008540,2019-05-06,20:26:00,1,Collision with vehicle,1,Monday,160,VEHICLE COLLIDES WITH VEHICLE PARKED ON LEFT OF ROAD,3,346894,Not at intersection,3,60,Local Road,KOOYONG,STONNINGTON,-37.8547,145.0208,2019,5,May,20,Night,Weekday
T20190008541,2019-05-06,14:50:00,6,Vehicle overturned (no collision),1,Monday,180,OFF CARRIAGEWAY ON RIGHT BEND,1,345309,Not at intersection,2,100,Arterial Other,BENDIGO-PYRAMID,BENDIGO,-36.650997,144.20557,2019,5,May,14,Midday,Weekday
T20190008504,2019-05-06,12:00:00,5,collision with some other object,1,Monday,191,LOAD OR MISSILE STRUCK VEHICLE,1,345100,Not at intersection,3,100,Freeway,HUME,WHITTLESEA,-37.685947,144.9857,2019,5,May,12,Midday,Weekday
T20190009032,2019-05-06,11:55:00,1,Collision with vehicle,1,Monday,113,RIGHT NEAR (INTERSECTIONS ONLY),1,345200,T intersection,3,50,Local Road,RAILWAY,BENDIGO,-36.803635,144.24599,2019,5,May,11,Midday,Weekday
T20190008501,2019-05-06,09:35:00,6,Vehicle overturned (no collision),1,Monday,180,OFF CARRIAGEWAY ON RIGHT BEND,1,604050,Not at intersection,2,100,Local Road,STEWART,MILDURA,-34.316566,142.21442,2019,5,May,9,Morning Peak,Weekday
T20220010007,2019-05-06,16:02:00,2,Struck Pedestrian,1,Monday,106,VEH STRIKES PED ON FOOTPATH/MEDIAN/TRAFFIC ISLAND.,1,779755,T intersection,3,50,Local Road,DELAMARE,BRIMBANK,-37.743904,144.76326,2019,5,May,16,Afternoon Peak,Weekday
T20190008495,2019-05-06,08:50:00,1,Collision with vehicle,1,Monday,113,RIGHT NEAR (INTERSECTIONS ONLY),1,37643,T intersection,2,60,Arterial Other,ALEXANDRA,STONNINGTON,-37.833485,144.99113,2019,5,May,8,Morning Peak,Weekday
T20190008494,2019-05-06,07:49:00,2,Struck Pedestrian,1,Monday,102,FAR SIDE. PED HIT BY VEHICLE FROM THE LEFT,1,49935,Cross intersection,2,60,Arterial Highway,LATROBE,GEELONG,-38.147438,144.35275,2019,5,May,7,Morning Peak,Weekday
T20190008826,2019-05-06,09:20:00,2,Struck Pedestrian,1,Monday,109,ANY MANOEUVRE INVOLVING PED NOT INCLUDED IN DCAs 100-108.,1,39322,T intersection,3,40,Arterial Other,STATION,WHITEHORSE,-37.820934,145.12328,2019,5,May,9,Morning Peak,Weekday
T20190008816,2019-05-06,22:31:00,1,Collision with vehicle,1,Monday,134,LANE CHANGE RIGHT (NOT OVERTAKING),6,345063,Not at intersection,3,40,Freeway,PRINCES,WYNDHAM,-37.86935,144.7548,2019,5,May,22,Night,Weekday
T20190008719,2019-05-06,09:24:00,1,Collision with vehicle,1,Monday,130,REAR END(VEHICLES IN SAME LANE),1,45336,Cross intersection,3,60,Local Road,MANKS,CASEY,-38.17196,145.39323,2019,5,May,9,Morning Peak,Weekday
T20190008490,2019-05-06,07:20:00,7,Fall from or in moving vehicle,1,Monday,179,OTHER ACCIDENTS-OFF STRAIGHT NOT INCLUDED IN DCAs 170-175,1,37192,Cross intersection,3,40,Arterial Other,CHURCH,YARRA,-37.815895,144.99966,2019,5,May,7,Morning Peak,Weekday
T20190008551,2019-05-06,21:50:00,1,Collision with vehicle,1,Monday,110,CROSS TRAFFIC(INTERSECTIONS ONLY),3,40483,Cross intersection,3,60,Arterial Other,CAMBERWELL,BOROONDARA,-37.844193,145.07135,2019,5,May,21,Night,Weekday
T20190008654,2019-05-06,06:25:00,1,Collision with vehicle,1,Monday,130,REAR END(VEHICLES IN SAME LANE),1,37616,T intersection,3,60,Arterial Highway,PUNT,STONNINGTON,-37.842987,144.98558,2019,5,May,6,Morning Peak,Weekday
T20190008610,2019-05-07,11:00:00,1,Collision with vehicle,2,Tuesday,130,REAR END(VEHICLES IN SAME LANE),1,44365,Cross intersection,3,60,Arterial Other,DERRIMUT,WYNDHAM,-37.87764,144.68279,2019,5,May,11,Midday,Weekday
T20190008611,2019-05-07,17:39:00,1,Collision with vehicle,2,Tuesday,140,U TURN,2,344951,T intersection,2,80,Arterial Highway,NEPEAN,GLEN EIRA,-37.89407,145.00385,2019,5,May,17,Afternoon Peak,Weekday
T20190008612,2019-05-07,17:30:00,1,Collision with vehicle,2,Tuesday,121,RIGHT THROUGH,3,10592,Cross intersection,2,60,Arterial Highway,PRINCES,DANDENONG,-37.933174,145.15694,2019,5,May,17,Afternoon Peak,Weekday
T20190008617,2019-05-07,18:30:00,1,Collision with vehicle,2,Tuesday,113,RIGHT NEAR (INTERSECTIONS ONLY),3,68182,T intersection,3,50,Local Road,COLEMAN,MONASH,-37.877,145.15172,2019,5,May,18,Afternoon Peak,Weekday
T20190009365,2019-05-07,18:25:00,1,Collision with vehicle,2,Tuesday,130,REAR END(VEHICLES IN SAME LANE),3,65884,T intersection,3,60,Arterial Other,BAYSWATER,MAROONDAH,-37.813526,145.2694,2019,5,May,18,Afternoon Peak,Weekday
T20190008579,2019-05-07,08:31:00,1,Collision with vehicle,2,Tuesday,119,OTHER ADJACENT (INTERSECTIONS ONLY),1,17628,Cross intersection,3,50,Local Road,FRYERS,SHEPPARTON,-36.380325,145.40923,2019,5,May,8,Morning Peak,Weekday
T20190008671,2019-05-07,16:05:00,2,Struck Pedestrian,2,Tuesday,100,PED NEAR SIDE. PED HIT BY VEHICLE FROM THE RIGHT.,1,45083,Cross intersection,3,60,Local Road,DEVONSHIRE,BRIMBANK,-37.78523,144.8352,2019,5,May,16,Afternoon Peak,Weekday
T20190008619,2019-05-07,18:20:00,1,Collision with vehicle,2,Tuesday,130,REAR END(VEHICLES IN SAME LANE),3,581099,Not at intersection,3,80,Arterial Highway,DANDENONG,STONNINGTON,-37.89259,145.08601,2019,5,May,18,Afternoon Peak,Weekday
T20190008555,2019-05-07,05:57:00,4,Collision with a fixed object,2,Tuesday,181,OFF RIGHT BEND INTO OBJECT/PARKED VEHICLE,3,345204,Not at intersection,2,50,Local Road,COUNTRY CLUB,YARRA RANGES,-37.75722,145.32701,2019,5,May,5,Morning Peak,Weekday
T20190008602,2019-05-07,15:45:00,1,Collision with vehicle,2,Tuesday,110,CROSS TRAFFIC(INTERSECTIONS ONLY),1,72843,Cross intersection,3,50,Local Road,CONTINGENT,BAW BAW,-38.209602,146.155,2019,5,May,15,Afternoon Peak,Weekday
T20190008573,2019-05-07,11:49:00,4,Collision with a fixed object,2,Tuesday,171,LEFT OFF CARRIAGEWAY INTO OBJECT/PARKED VEHICLE,1,583418,Not at intersection,3,80,Arterial Other,PROVIDENCE,HUME,-37.64914,144.87971,2019,5,May,11,Midday,Weekday
T20190008622,2019-05-07,17:42:00,1,Collision with vehicle,2,Tuesday,130,REAR END(VEHICLES IN SAME LANE),1,345158,Not at intersection,3,80,Arterial Highway,STUD,KNOX,-37.91236,145.236,2019,5,May,17,Afternoon Peak,Weekday
T20190008597,2019-05-07,14:00:00,2,Struck Pedestrian,2,Tuesday,100,PED NEAR SIDE. PED HIT BY VEHICLE FROM THE RIGHT.,1,345310,T intersection,3,50,Local Road,MCIVOR,BRIMBANK,-37.74187,144.80109,2019,5,May,14,Midday,Weekday
T20190008623,2019-05-07,16:00:00,4,Collision with a fixed object,2,Tuesday,149,OTHER MANOEUVRING NOT INCLUDED IN DCAs 140-148,1,345231,Not at intersection,2,50,Local Road,SIBLEY,BENDIGO,-36.763187,144.31233,2019,5,May,16,Afternoon Peak,Weekday
T20190008595,2019-05-07,08:15:00,1,Collision with vehicle,2,Tuesday,110,CROSS TRAFFIC(INTERSECTIONS ONLY),1,46528,Cross intersection,2,60,Local Road,MITCHELL,MARIBYRNONG,-37.782948,144.8841,2019,5,May,8,Morning Peak,Weekday
T20190008572,2019-05-07,08:10:00,2,Struck Pedestrian,2,Tuesday,100,PED NEAR SIDE. PED HIT BY VEHICLE FROM THE RIGHT.,1,344921,Not at intersection,2,50,Arterial Other,BALLAN,WYNDHAM,-37.90285,144.65085,2019,5,May,8,Morning Peak,Weekday
T20190008624,2019-05-07,18:30:00,4,Collision with a fixed object,2,Tuesday,181,OFF RIGHT BEND INTO OBJECT/PARKED VEHICLE,5,345273,Cross intersection,2,100,Local Road,AXEDALE-GOORNONG,BENDIGO,-36.63769,144.52519,2019,5,May,18,Afternoon Peak,Weekday
T20190008603,2019-05-07,15:40:00,1,Collision with vehicle,2,Tuesday,148,VEHICLE OFF FOOTPATH STRIKES VEH ON CARRIAGEWAY,1,588956,Not at intersection,3,50,Arterial Highway,PRINCES HIGHWAY SERVICE,CASEY,-38.014343,145.28928,2019,5,May,15,Afternoon Peak,Weekday
T20190008593,2019-05-07,10:25:00,1,Collision with vehicle,2,Tuesday,110,CROSS TRAFFIC(INTERSECTIONS ONLY),1,59575,Cross intersection,2,80,Arterial Highway,CALDER,BENDIGO,-36.742058,144.1994,2019,5,May,10,Midday,Weekday
T20190008592,2019-05-07,07:00:00,1,Collision with vehicle,2,Tuesday,113,RIGHT NEAR (INTERSECTIONS ONLY),1,331009,T intersection,2,70,Local Road,GLASSCOCKS,CASEY,-38.073128,145.32455,2019,5,May,7,Morning Peak,Weekday
T20190019984,2019-05-07,18:00:00,6,Vehicle overturned (no collision),2,Tuesday,151,OUT OF CONTROL (OVERTAKING),6,592522,Not at intersection,3,60,Arterial Other,DORSET,KNOX,-37.868557,145.28528,2019,5,May,18,Afternoon Peak,Weekday
T20190008569,2019-05-07,10:45:00,2,Struck Pedestrian,2,Tuesday,100,PED NEAR SIDE. PED HIT BY VEHICLE FROM THE RIGHT.,1,340944,Not at intersection,3,60,Arterial Other,MAIN HURSTBRIDGE,NILLUMBIK,-37.674236,145.15906,2019,5,May,10,Midday,Weekday
T20190008589,2019-05-07,10:35:00,2,Struck Pedestrian,2,Tuesday,100,PED NEAR SIDE. PED HIT BY VEHICLE FROM THE RIGHT.,1,42790,Cross intersection,1,50,Arterial Highway,WARRIGAL,KINGSTON,-37.974846,145.07275,2019,5,May,10,Midday,Weekday
T20190008566,2019-05-07,07:45:00,1,Collision with vehicle,2,Tuesday,110,CROSS TRAFFIC(INTERSECTIONS ONLY),1,45523,Cross intersection,2,60,Local Road,BOUNDARY,WYNDHAM,-37.800945,144.65945,2019,5,May,7,Morning Peak,Weekday
T20190008565,2019-05-07,09:45:00,1,Collision with vehicle,2,Tuesday,113,RIGHT NEAR (INTERSECTIONS ONLY),1,41466,T intersection,3,60,Arterial Other,MURRUMBEENA,GLEN EIRA,-37.88649,145.06711,2019,5,May,9,Morning Peak,Weekday
T20190008563,2019-05-07,06:52:00,1,Collision with vehicle,2,Tuesday,152,PULLING OUT (OVERTAKING),3,583417,Not at intersection,3,80,Arterial Highway,SPRINGVALE,WHITEHORSE,-37.838795,145.1718,2019,5,May,6,Morning Peak,Weekday
T20190008562,2019-05-07,08:19:00,1,Collision with vehicle,2,Tuesday,133,LANE SIDE SWIPE (VEHICLES IN PARALLEL LANES),1,344948,T intersection,3,60,Arterial Highway,BELL,MORELAND,-37.74209,144.97401,2019,5,May,8,Morning Peak,Weekday
T20190008586,2019-05-07,13:02:00,2,Struck Pedestrian,2,Tuesday,102,FAR SIDE. PED HIT BY VEHICLE FROM THE LEFT,1,52889,Cross intersection,2,60,Local Road,ARMSTRONG,BALLARAT,-37.564003,143.85588,2019,5,May,13,Midday,Weekday
T20190008585,2019-05-07,07:37:00,1,Collision with vehicle,2,Tuesday,133,LANE SIDE SWIPE (VEHICLES IN PARALLEL LANES),1,584794,Not at intersection,2,80,Freeway,CITYLINK,MELBOURNE,-37.819897,144.93216,2019,5,May,7,Morning Peak,Weekday
T20190008559,2019-05-07,06:45:00,1,Collision with vehicle,2,Tuesday,113,RIGHT NEAR (INTERSECTIONS ONLY),1,232994,T intersection,2,60,Arterial Other,BEACH,KINGSTON,-37.99212,145.06572,2019,5,May,6,Morning Peak,Weekday
T20190008584,2019-05-07,10:30:00,1,Collision with vehicle,2,Tuesday,121,RIGHT THROUGH,1,38599,T intersection,2,60,Arterial Other,ASHLEY,MARIBYRNONG,-37.794674,144.86288,2019,5,May,10,Midday,Weekday
T20190008626,2019-05-07,18:30:00,1,Collision with vehicle,2,Tuesday,130,REAR END(VEHICLES IN SAME LANE),3,345644,Not at intersection,3,60,Arterial Other,DAWSON,MORELAND,-37.76976,144.94655,2019,5,May,18,Afternoon Peak,Weekday
T20190008628,2019-05-07,06:03:00,1,Collision with vehicle,2,Tuesday,130,REAR END(VEHICLES IN SAME LANE),2,344986,Not at intersection,2,80,Arterial Other,DIAMOND CREEK,NILLUMBIK,-37.6881,145.11449,2019,5,May,6,Morning Peak,Weekday
T20190008630,2019-05-07,19:16:00,4,Collision with a fixed object,2,Tuesday,173,RIGHT OFF CARRIAGEWAY INTO OBJECT/PARKED VEHICLE,2,346921,Not at intersection,2,70,Arterial Highway,QUEENS,PORT PHILLIP,-37.855923,144.9846,2019,5,May,19,Night,Weekday
T20190008632,2019-05-07,15:55:00,1,Collision with vehicle,2,Tuesday,136,RIGHT TURN SIDESWIPE,1,57781,T intersection,2,50,Local Road,CLYNDEN,STONNINGTON,-37.869118,145.06247,2019,5,May,15,Afternoon Peak,Weekday
T20190008637,2019-05-07,21:38:00,6,Vehicle overturned (no collision),2,Tuesday,179,OTHER ACCIDENTS-OFF STRAIGHT NOT INCLUDED IN DCAs 170-175,3,345760,Not at intersection,3,40,Arterial Other,SYDNEY,MORELAND,-37.75078,144.96495,2019,5,May,21,Night,Weekday
T20190008638,2019-05-07,22:40:00,1,Collision with vehicle,2,Tuesday,110,CROSS TRAFFIC(INTERSECTIONS ONLY),3,53014,Cross intersection,3,60,Arterial Other,BRIDGE,BALLARAT,-37.59902,143.84277,2019,5,May,22,Night,Weekday
T20190008561,2019-05-07,08:30:00,1,Collision with vehicle,2,Tuesday,112,LEFT FAR (INTERSECTIONS ONLY),1,258577,T intersection,3,80,Arterial Highway,GOULBURN VALLEY,SHEPPARTON,-36.303734,145.43103,2019,5,May,8,Morning Peak,Weekday
T20190008973,2019-05-07,16:13:00,2,Struck Pedestrian,2,Tuesday,100,PED NEAR SIDE. PED HIT BY VEHICLE FROM THE RIGHT.,1,39160,T intersection,2,60,Arterial Other,CANTERBURY,BOROONDARA,-37.824047,145.08134,2019,5,May,16,Afternoon Peak,Weekday
T20190008582,2019-05-07,08:25:00,2,Struck Pedestrian,2,Tuesday,100,PED NEAR SIDE. PED HIT BY VEHICLE FROM THE RIGHT.,1,52842,Cross intersection,2,50,Local Road,MAIR,BALLARAT,-37.557873,143.842,2019,5,May,8,Morning Peak,Weekday
T20190008689,2019-05-07,15:32:00,1,Collision with vehicle,2,Tuesday,130,REAR END(VEHICLES IN SAME LANE),1,346983,Not at intersection,3,80,Arterial Highway,DANDENONG,DANDENONG,-38.00016,145.18365,2019,5,May,15,Afternoon Peak,Weekday
T20190008581,2019-05-07,12:06:00,1,Collision with vehicle,2,Tuesday,121,RIGHT THROUGH,1,30031,Cross intersection,3,60,Arterial Highway,MCIVOR,BENDIGO,-36.757374,144.29193,2019,5,May,12,Midday,Weekday
T20190008684,2019-05-07,11:49:00,1,Collision with vehicle,2,Tuesday,113,RIGHT NEAR (INTERSECTIONS ONLY),1,71935,Cross intersection,3,40,Arterial Highway,HAMILTON,GEELONG,-38.142475,144.30766,2019,5,May,11,Midday,Weekday
T20190008558,2019-05-07,06:15:00,1,Collision with vehicle,2,Tuesday,135,LANE CHANGE LEFT (NOT OVERTAKING),3,345349,Not at intersection,3,60,Arterial Other,DUNNINGS,WYNDHAM,-37.886314,144.74814,2019,5,May,6,Morning Peak,Weekday
T20190008607,2019-05-07,13:36:00,2,Struck Pedestrian,2,Tuesday,100,PED NEAR SIDE. PED HIT BY VEHICLE FROM THE RIGHT.,1,327712,T intersection,2,60,Arterial Highway,NEPEAN,MORNINGTON PENINSULA,-38.244637,145.03737,2019,5,May,13,Midday,Weekday
T20190008639,2019-05-07,20:45:00,4,Collision with a fixed object,2,Tuesday,183,OFF LEFT BEND INTO OBJECT/PARKED VEHICLE,5,583421,Not at intersection,2,100,Arterial Highway,WESTERN,NORTHERN GRAMPIANS,-37.105263,142.80305,2019,5,May,20,Night,Weekday
T20190010159,2019-05-08,18:45:00,1,Collision with vehicle,3,Wednesday,130,REAR END(VEHICLES IN SAME LANE),2,36213,Cross intersection,3,60,Arterial Other,FLEMINGTON,MELBOURNE,-37.800934,144.95665,2019,5,May,18,Afternoon Peak,Weekday
T20190008670,2019-05-08,10:00:00,1,Collision with vehicle,3,Wednesday,121,RIGHT THROUGH,1,73416,Cross intersection,3,60,Arterial Highway,GEELONG,SURF COAST,-38.330875,144.31682,2019,5,May,10,Midday,Weekday
T20190008668,2019-05-08,11:00:00,1,Collision with vehicle,3,Wednesday,130,REAR END(VEHICLES IN SAME LANE),1,583689,Not at intersection,3,80,Arterial Highway,FIFTEENTH,MILDURA,-34.22017,142.15245,2019,5,May,11,Midday,Weekday
T20190008667,2019-05-08,07:30:00,1,Collision with vehicle,3,Wednesday,160,VEHICLE COLLIDES WITH VEHICLE PARKED ON LEFT OF ROAD,1,346929,Not at intersection,3,50,Local Road,MCLOCHLAN,MONASH,-37.879295,145.11282,2019,5,May,7,Morning Peak,Weekday
T20190008656,2019-05-08,06:15:00,1,Collision with vehicle,3,Wednesday,113,RIGHT NEAR (INTERSECTIONS ONLY),3,42852,T intersection,3,80,Arterial Other,BOUNDARY,KINGSTON,-37.992737,145.10677,2019,5,May,6,Morning Peak,Weekday
T20190008655,2019-05-08,08:10:00,1,Collision with vehicle,3,Wednesday,130,REAR END(VEHICLES IN SAME LANE),1,345018,Not at intersection,3,80,Local Road,HALL,FRANKSTON,-38.10538,145.22063,2019,5,May,8,Morning Peak,Weekday
T20190008645,2019-05-08,05:40:00,1,Collision with vehicle,3,Wednesday,130,REAR END(VEHICLES IN SAME LANE),3,345685,Cross intersection,2,60,Arterial Highway,ST KILDA,PORT PHILLIP,-37.86483,144.98593,2019,5,May,5,Morning Peak,Weekday
T20190008729,2019-05-08,18:30:00,1,Collision with vehicle,3,Wednesday,130,REAR END(VEHICLES IN SAME LANE),3,347071,Not at intersection,2,50,Local Road,MERTON,HOBSONS BAY,-37.86292,144.77872,2019,5,May,18,Afternoon Peak,Weekday
T20190009117,2019-05-08,08:15:00,1,Collision with vehicle,3,Wednesday,130,REAR END(VEHICLES IN SAME LANE),1,345203,Not at intersection,3,60,Arterial Other,MACEDON,HUME,-37.57691,144.73154,2019,5,May,8,Morning Peak,Weekday
T20190008700,2019-05-08,14:45:00,1,Collision with vehicle,3,Wednesday,120,HEAD ON (NOT OVERTAKING),1,347133,T intersection,3,40,Local Road,QUEEN,MELBOURNE,-37.80775,144.95798,2019,5,May,14,Midday,Weekday
T20190008710,2019-05-08,14:35:00,5,collision with some other object,3,Wednesday,165,TEMPORARY ROADWORKS,1,344988,T intersection,3,40,Local Road,WELLINGTON,YARRA,-37.80703,144.98601,2019,5,May,14,Midday,Weekday
T20190008709,2019-05-08,20:55:00,2,Struck Pedestrian,3,Wednesday,104,PED WALKING WITH TRAFFIC,3,344944,Not at intersection,1,60,Arterial Other,MAIN,BRIMBANK,-37.744637,144.80327,2019,5,May,20,Night,Weekday
T20190008708,2019-05-08,21:10:00,1,Collision with vehicle,3,Wednesday,113,RIGHT NEAR (INTERSECTIONS ONLY),3,42387,T intersection,3,60,Arterial Other,CENTRE,KINGSTON,-37.927906,145.11375,2019,5,May,21,Night,Weekday
T20190008701,2019-05-08,17:48:00,4,Collision with a fixed object,3,Wednesday,181,OFF RIGHT BEND INTO OBJECT/PARKED VEHICLE,3,347460,Not at intersection,3,60,Arterial Other,COMMERCIAL,MILDURA,-34.168037,142.06783,2019,5,May,17,Afternoon Peak,Weekday
T20190008698,2019-05-08,17:31:00,1,Collision with vehicle,3,Wednesday,113,RIGHT NEAR (INTERSECTIONS ONLY),3,71028,T intersection,2,60,Local Road,HARKAWAY,CASEY,-38.02515,145.34694,2019,5,May,17,Afternoon Peak,Weekday
T20190008693,2019-05-08,17:40:00,1,Collision with vehicle,3,Wednesday,134,LANE CHANGE RIGHT (NOT OVERTAKING),2,29416,Cross intersection,2,40,Arterial Other,SPENCER,MELBOURNE,-37.81907,144.95415,2019,5,May,17,Afternoon Peak,Weekday