ACCIDENT_NO,ACCIDENT_DATE,ACCIDENT_TIME,ACCIDENT_TYPE,ACCIDENT_TYPE_DESC,DAY_OF_WEEK,DAY_WEEK_DESC,DCA_CODE,DCA_DESC,LIGHT_CONDITION,NODE_ID,ROAD_GEOMETRY_DESC,SEVERITY,SPEED_ZONE,RMA,ROAD_NAME,LGA_NAME,LATITUDE,LONGITUDE,YEAR,MONTH,MONTH_NAME,HOUR,TIME_PERIOD,DAY_TYPE
T20190010055,2019-05-08,15:45:00,1,Collision with vehicle,3,Wednesday,130,REAR END(VEHICLES IN SAME LANE),1,345850,Not at intersection,3,100,Arterial Other,PORTARLINGTON,GEELONG,-38.177727,144.48766,2019,5,May,15,Afternoon Peak,Weekday
T20190008692,2019-05-08,14:05:00,1,Collision with vehicle,3,Wednesday,121,RIGHT THROUGH,1,50001,Cross intersection,2,60,Arterial Highway,MCKILLOP,GEELONG,-38.155567,144.36542,2019,5,May,14,Midday,Weekday
T20190008691,2019-05-08,17:20:00,1,Collision with vehicle,3,Wednesday,121,RIGHT THROUGH,2,55417,T intersection,3,80,Arterial Highway,PRINCES,LATROBE,-38.20542,146.51027,2019,5,May,17,Afternoon Peak,Weekday
T20190008685,2019-05-08,10:50:00,1,Collision with vehicle,3,Wednesday,137,LEFT TURN SIDESWIPE,1,46509,T intersection,3,40,Local Road,DAWSON,MORELAND,-37.77068,144.95415,2019,5,May,10,Midday,Weekday
T20190008682,2019-05-08,08:05:00,4,Collision with a fixed object,3,Wednesday,151,OUT OF CONTROL (OVERTAKING),1,345663,Not at intersection,2,80,Arterial Other,DUNCANS,WYNDHAM,-37.94363,144.70844,2019,5,May,8,Morning Peak,Weekday
T20190008679,2019-05-08,12:55:00,8,No collision and no object struck,3,Wednesday,170,OFF CARRIAGEWAY TO LEFT,1,345395,Not at intersection,3,50,Local Road,SUTTON,CAMPASPE,-36.12767,144.75963,2019,5,May,12,Midday,Weekday
T20190008676,2019-05-08,10:40:00,4,Collision with a fixed object,3,Wednesday,181,OFF RIGHT BEND INTO OBJECT/PARKED VEHICLE,1,583690,Not at intersection,3,100,Local Road,NEERIM EAST,BAW BAW,-37.99179,145.9875,2019,5,May,10,Midday,Weekday
T20190009040,2019-05-08,09:15:00,1,Collision with vehicle,3,Wednesday,131,LEFT REAR,1,345425,Not at intersection,3,60,Arterial Highway,GREENSBOROUGH,BANYULE,-37.71826,145.08139,2019,5,May,9,Morning Peak,Weekday
T20190008790,2019-05-08,15:45:00,1,Collision with vehicle,3,Wednesday,133,LANE SIDE SWIPE (VEHICLES IN PARALLEL LANES),1,35383,Cross intersection,3,40,Arterial Other,SWAN,YARRA,-37.825684,144.99792,2019,5,May,15,Afternoon Peak,Weekday
T20190008785,2019-05-08,08:50:00,1,Collision with vehicle,3,Wednesday,110,CROSS TRAFFIC(INTERSECTIONS ONLY),9,35795,Cross intersection,3,60,Arterial Highway,RAGLAN,WARRNAMBOOL,-38.386776,142.50334,2019,5,May,8,Morning Peak,Weekday
T20190008660,2019-05-08,06:52:00,1,Collision with vehicle,3,Wednesday,121,RIGHT THROUGH,1,617,Cross intersection,3,60,Arterial Other,BLACKBURN,MONASH,-37.872204,145.14839,2019,5,May,6,Morning Peak,Weekday
T20190009191,2019-05-08,14:00:00,1,Collision with vehicle,3,Wednesday,130,REAR END(VEHICLES IN SAME LANE),1,346525,Not at intersection,3,60,Local Road,BRIDGEWATER,HUME,-37.5979,144.93025,2019,5,May,14,Midday,Weekday
T20190009189,2019-05-08,19:00:00,8,No collision and no object struck,3,Wednesday,174,OUT OF CONTROL ON CARRIAGEWAY (ON STRAIGHT),3,345446,T intersection,3,40,Arterial Other,SWAN,YARRA,-37.825096,144.99274,2019,5,May,19,Night,Weekday
T20190008718,2019-05-08,21:10:00,1,Collision with vehicle,3,Wednesday,130,REAR END(VEHICLES IN SAME LANE),3,346212,Not at intersection,3,60,Arterial Other,BARRY,HUME,-37.663982,144.92378,2019,5,May,21,Night,Weekday
T20230010770,2019-05-08,12:25:00,1,Collision with vehicle,3,Wednesday,130,REAR END(VEHICLES IN SAME LANE),1,756933,Cross intersection,3,80,Arterial Highway,ASSEMBLY,DANDENONG,-38.00313,145.24706,2019,5,May,12,Midday,Weekday
T20190008717,2019-05-09,08:20:00,1,Collision with vehicle,4,Thursday,110,CROSS TRAFFIC(INTERSECTIONS ONLY),1,52938,Cross intersection,3,60,Arterial Other,BALLARAT-CARNGHAM ROAD -LA TROBE,BALLARAT,-37.569836,143.81046,2019,5,May,8,Morning Peak,Weekday
T20190008745,2019-05-09,15:55:00,1,Collision with vehicle,4,Thursday,135,LANE CHANGE LEFT (NOT OVERTAKING),1,602309,Not at intersection,2,80,Freeway,CITYLINK,YARRA,-37.833187,144.9939,2019,5,May,15,Afternoon Peak,Weekday
T20190009988,2019-05-09,18:24:00,1,Collision with vehicle,4,Thursday,111,RIGHT FAR (INTERSECTIONS ONLY),3,801,T intersection,3,80,Arterial Highway,PRINCES,DANDENONG,-37.95357,145.17955,2019,5,May,18,Afternoon Peak,Weekday
T20190009206,2019-05-09,17:58:00,1,Collision with vehicle,4,Thursday,130,REAR END(VEHICLES IN SAME LANE),3,345587,Not at intersection,3,100,Freeway,EASTERN,BOROONDARA,-37.78696,145.05693,2019,5,May,17,Afternoon Peak,Weekday
T20190008802,2019-05-09,13:00:00,1,Collision with vehicle,4,Thursday,130,REAR END(VEHICLES IN SAME LANE),1,345849,T intersection,3,60,Arterial Other,KELLETTS,KNOX,-37.91127,145.24118,2019,5,May,13,Midday,Weekday
T20190008744,2019-05-09,14:45:00,1,Collision with vehicle,4,Thursday,132,RIGHT REAR.,1,345010,Not at intersection,2,60,Local Road,CORRIGAN,DANDENONG,-37.96386,145.16867,2019,5,May,14,Midday,Weekday
T20190008740,2019-05-09,14:45:00,8,No collision and no object struck,4,Thursday,174,OUT OF CONTROL ON CARRIAGEWAY (ON STRAIGHT),1,344994,Not at intersection,3,60,Arterial Other,BURKE,BOROONDARA,-37.822083,145.05847,2019,5,May,14,Midday,Weekday
T20190008862,2019-05-09,09:20:00,1,Collision with vehicle,4,Thursday,163,VEHICLE STRIKES DOOR OF PARKED/STATIONARY VEHICLE,1,581376,Unknown,3,40,Local Road,LA TROBE,MELBOURNE,-37.8086,144.96722,2019,5,May,9,Morning Peak,Weekday
T20190008739,2019-05-09,08:45:00,1,Collision with vehicle,4,Thursday,133,LANE SIDE SWIPE (VEHICLES IN PARALLEL LANES),1,345314,Not at intersection,3,60,Arterial Other,PRINCES,BAW BAW,-38.12414,145.84573,2019,5,May,8,Morning Peak,Weekday
T20190008733,2019-05-09,10:34:00,1,Collision with vehicle,4,Thursday,130,REAR END(VEHICLES IN SAME LANE),1,308562,Cross intersection,3,50,Arterial Other,FULLARD,CASEY,-38.031284,145.30594,2019,5,May,10,Midday,Weekday
T20190008723,2019-05-09,06:45:00,1,Collision with vehicle,4,Thursday,110,CROSS TRAFFIC(INTERSECTIONS ONLY),2,45523,Cross intersection,2,80,Local Road,BOUNDARY,WYNDHAM,-37.800945,144.65945,2019,5,May,6,Morning Peak,Weekday
T20190008726,2019-05-09,08:00:00,4,Collision with a fixed object,4,Thursday,183,OFF LEFT BEND INTO OBJECT/PARKED VEHICLE,1,583966,Not at intersection,3,100,Local Road,OLD BARNAWARTHA,WODONGA,-36.07804,146.76964,2019,5,May,8,Morning Peak,Weekday
T20190008725,2019-05-09,08:05:00,1,Collision with vehicle,4,Thursday,121,RIGHT THROUGH,1,41458,T intersection,1,70,Arterial Other,EAST BOUNDARY,GLEN EIRA,-37.9139,145.06038,2019,5,May,8,Morning Peak,Weekday
T20190008767,2019-05-09,20:15:00,1,Collision with vehicle,4,Thursday,121,RIGHT THROUGH,3,69613,T intersection,2,50,Local Road,CARINISH,MONASH,-37.927345,145.12459,2019,5,May,20,Night,Weekday
T20190008773,2019-05-09,15:24:00,1,Collision with vehicle,4,Thursday,130,REAR END(VEHICLES IN SAME LANE),1,117158,T intersection,3,70,Arterial Other,MAHONEYS,WHITTLESEA,-37.69265,144.99017,2019,5,May,15,Afternoon Peak,Weekday
T20190008771,2019-05-09,18:21:00,4,Collision with a fixed object,4,Thursday,173,RIGHT OFF CARRIAGEWAY INTO OBJECT/PARKED VEHICLE,3,345584,Not at intersection,2,60,Arterial Other,POINT COOK,WYNDHAM,-37.902332,144.75317,2019,5,May,18,Afternoon Peak,Weekday
T20190010010,2019-05-09,09:10:00,1,Collision with vehicle,4,Thursday,121,RIGHT THROUGH,1,347041,Not at intersection,3,60,Arterial Other,BUCKLEY,MARIBYRNONG,-37.80385,144.89636,2019,5,May,9,Morning Peak,Weekday
T20190008781,2019-05-09,22:10:00,1,Collision with vehicle,4,Thursday,132,RIGHT REAR.,3,45204,T intersection,3,60,Arterial Other,BALLARAT,MARIBYRNONG,-37.78482,144.87376,2019,5,May,22,Night,Weekday
T20190008713,2019-05-09,06:45:00,1,Collision with vehicle,4,Thursday,160,VEHICLE COLLIDES WITH VEHICLE PARKED ON LEFT OF ROAD,3,90087,Not at intersection,2,70,Arterial Other,KOROROIT CREEK,HOBSONS BAY,-37.856186,144.87282,2019,5,May,6,Morning Peak,Weekday
T20190008778,2019-05-09,21:56:00,1,Collision with vehicle,4,Thursday,130,REAR END(VEHICLES IN SAME LANE),3,11180,Cross intersection,2,80,Arterial Highway,SOUTH GIPPSLAND,CASEY,-38.050434,145.2576,2019,5,May,21,Night,Weekday
T20190008786,2019-05-09,19:20:00,1,Collision with vehicle,4,Thursday,113,RIGHT NEAR (INTERSECTIONS ONLY),3,44308,T intersection,3,60,Local Road,MORRIS,WYNDHAM,-37.868134,144.70325,2019,5,May,19,Night,Weekday
T20190008755,2019-05-09,17:20:00,1,Collision with vehicle,4,Thursday,121,RIGHT THROUGH,2,65471,Cross intersection,2,50,Local Road,LEICESTER,MELBOURNE,-37.80423,144.9603,2019,5,May,17,Afternoon Peak,Weekday
T20190008748,2019-05-09,16:45:00,1,Collision with vehicle,4,Thursday,140,U TURN,1,593266,Not at intersection,2,100,Freeway,HUME OUT-NORTHERN,MITCHELL,-37.444893,144.97922,2019,5,May,16,Afternoon Peak,Weekday
T20190008724,2019-05-09,08:27:00,1,Collision with vehicle,4,Thursday,175,OFF END OF ROAD/T-INTERSECTION.,1,61760,T intersection,3,50,Local Road,BARRIES,MELTON,-37.68941,144.58313,2019,5,May,8,Morning Peak,Weekday
T20190008768,2019-05-09,15:40:00,1,Collision with vehicle,4,Thursday,130,REAR END(VEHICLES IN SAME LANE),1,345125,Multiple intersection,3,60,Freeway,WESTERN RING IN-WESTERN,BRIMBANK,-37.79343,144.78851,2019,5,May,15,Afternoon Peak,Weekday
T20190008722,2019-05-09,08:31:00,1,Collision with vehicle,4,Thursday,111,RIGHT FAR (INTERSECTIONS ONLY),1,583965,T intersection,3,40,Arterial Other,DOHERTYS,WYNDHAM,-37.82902,144.79666,2019,5,May,8,Morning Peak,Weekday
T20190008776,2019-05-09,00:30:00,1,Collision with vehicle,4,Thursday,110,CROSS TRAFFIC(INTERSECTIONS ONLY),3,23933,Cross intersection,2,60,Local Road,BOARDWALK,WYNDHAM,-37.88459,144.73285,2019,5,May,0,Late Night,Weekday
T20190008770,2019-05-09,18:36:00,4,Collision with a fixed object,4,Thursday,171,LEFT OFF CARRIAGEWAY INTO OBJECT/PARKED VEHICLE,3,582535,Not at intersection,3,80,Freeway,WEST GATE,MELBOURNE,-37.828094,144.9235,2019,5,May,18,Afternoon Peak,Weekday
T20190008774,2019-05-09,21:40:00,1,Collision with vehicle,4,Thursday,121,RIGHT THROUGH,3,583967,T intersection,3,50,Local Road,OAK,MELBOURNE,-37.77949,144.94238,2019,5,May,21,Night,Weekday
T20190008815,2019-05-09,16:05:00,1,Collision with vehicle,4,Thursday,130,REAR END(VEHICLES IN SAME LANE),1,330173,Cross intersection,2,50,Arterial Other,MT ALEXANDER,MOONEE VALLEY,-37.77263,144.92688,2019,5,May,16,Afternoon Peak,Weekday
T20190021470,2019-05-09,17:20:00,1,Collision with vehicle,4,Thursday,130,REAR END(VEHICLES IN SAME LANE),2,1312,Cross intersection,3,60,Arterial Other,WAVERLEY,MOONEE VALLEY,-37.765118,144.90575,2019,5,May,17,Afternoon Peak,Weekday
T20190008759,2019-05-09,17:40:00,2,Struck Pedestrian,4,Thursday,104,PED WALKING WITH TRAFFIC,1,43878,Cross intersection,2,60,Local Road,CAMMS,CASEY,-38.096287,145.26791,2019,5,May,17,Afternoon Peak,Weekday
T20190008762,2019-05-09,19:35:00,1,Collision with vehicle,4,Thursday,147,VEHICLE STRIKES ANOTHER VEH WHILE EMERGING FROM DRIVEWAY,3,272870,Not at intersection,2,80,Arterial Highway,MAROONDAH,MAROONDAH,-37.797947,145.25377,2019,5,May,19,Night,Weekday
T20190008765,2019-05-09,15:10:00,1,Collision with vehicle,4,Thursday,116,LEFT NEAR (INTERSECTIONS ONLY),1,39340,T intersection,2,60,Local Road,EAST ESPLANADE,BRIMBANK,-37.73399,144.79561,2019,5,May,15,Afternoon Peak,Weekday
T20190008766,2019-05-09,19:20:00,1,Collision with vehicle,4,Thursday,121,RIGHT THROUGH,3,346027,T intersection,2,70,Arterial Other,MT DANDENONG,MAROONDAH,-37.80129,145.26016,2019,5,May,19,Night,Weekday
T20190008757,2019-05-09,18:19:00,1,Collision with vehicle,4,Thursday,130,REAR END(VEHICLES IN SAME LANE),3,344987,Not at intersection,3,60,Arterial Other,MACARTHUR,MELBOURNE,-37.787872,144.95267,2019,5,May,18,Afternoon Peak,Weekday
T20190008804,2019-05-09,18:30:00,1,Collision with vehicle,4,Thursday,163,VEHICLE STRIKES DOOR OF PARKED/STATIONARY VEHICLE,6,345344,Not at intersection,2,40,Arterial Other,SYDNEY,MORELAND,-37.76935,144.96173,2019,5,May,18,Afternoon Peak,Weekday
T20190008803,2019-05-09,17:00:00,1,Collision with vehicle,4,Thursday,116,LEFT NEAR (INTERSECTIONS ONLY),1,49262,T intersection,3,50,Local Road,BAILLIE,HORSHAM,-36.711685,142.21043,2019,5,May,17,Afternoon Peak,Weekday
T20190008752,2019-05-09,18:20:00,1,Collision with vehicle,4,Thursday,130,REAR END(VEHICLES IN SAME LANE),3,344991,Not at intersection,2,60,Local Road,SUTTON,BALLARAT,-37.57866,143.82765,2019,5,May,18,Afternoon Peak,Weekday
T20190008843,2019-05-10,18:55:00,1,Collision with vehicle,5,Friday,130,REAR END(VEHICLES IN SAME LANE),5,72756,T intersection,3,80,Local Road,COONOC,LATROBE,-38.197895,146.49905,2019,5,May,18,Afternoon Peak,Weekday
T20190008842,2019-05-10,20:00:00,4,Collision with a fixed object,5,Friday,181,OFF RIGHT BEND INTO OBJECT/PARKED VEHICLE,3,346667,Not at intersection,2,50,Arterial Other,YARRA,BOROONDARA,-37.800182,145.02037,2019,5,May,20,Night,Weekday
T20190008837,2019-05-10,18:30:00,2,Struck Pedestrian,5,Friday,100,PED NEAR SIDE. PED HIT BY VEHICLE FROM THE RIGHT.,5,345041,Not at intersection,1,80,Arterial Other,MONBULK,YARRA RANGES,-37.80831,145.4052,2019,5,May,18,Afternoon Peak,Weekday
T20190008780,2019-05-10,00:50:00,4,Collision with a fixed object,5,Friday,171,LEFT OFF CARRIAGEWAY INTO OBJECT/PARKED VEHICLE,3,46108,T intersection,3,50,Local Road,BELVEDERE,FRANKSTON,-38.109764,145.14908,2019,5,May,0,Late Night,Weekday
T20190008784,2019-05-10,06:25:00,1,Collision with vehicle,5,Friday,130,REAR END(VEHICLES IN SAME LANE),2,42572,Cross intersection,2,80,Arterial Highway,PRINCES,DANDENONG,-37.94749,145.17273,2019,5,May,6,Morning Peak,Weekday
T20190008909,2019-05-10,13:40:00,5,collision with some other object,5,Friday,166,STRUCK OBJECT ON CARRIAGEWAY,1,584239,Not at intersection,3,80,Arterial Highway,SUNRAYSIA,PYRENEES,-37.28364,143.52162,2019,5,May,13,Midday,Weekday
T20190008916,2019-05-10,16:30:00,1,Collision with vehicle,5,Friday,130,REAR END(VEHICLES IN SAME LANE),1,635888,Not at intersection,3,60,Arterial Other,MT ALEXANDER,MOONEE VALLEY,-37.745495,144.91098,2019,5,May,16,Afternoon Peak,Weekday
T20190008788,2019-05-10,08:39:00,1,Collision with vehicle,5,Friday,121,RIGHT THROUGH,1,98695,Not at intersection,3,70,Arterial Other,EAST BOUNDARY,GLEN EIRA,-37.921852,145.05882,2019,5,May,8,Morning Peak,Weekday
T20190008789,2019-05-10,08:41:00,2,Struck Pedestrian,5,Friday,100,PED NEAR SIDE. PED HIT BY VEHICLE FROM THE RIGHT.,1,345007,Not at intersection,2,60,Arterial Other,EPSOM,MOONEE VALLEY,-37.77166,144.90625,2019,5,May,8,Morning Peak,Weekday
T20190009043,2019-05-10,08:20:00,1,Collision with vehicle,5,Friday,133,LANE SIDE SWIPE (VEHICLES IN PARALLEL LANES),1,345209,Not at intersection,2,100,Freeway,PRINCES,WYNDHAM,-37.973392,144.54947,2019,5,May,8,Morning Peak,Weekday
T20190008851,2019-05-10,22:10:00,1,Collision with vehicle,5,Friday,140,U TURN,3,347249,Not at intersection,2,60,Arterial Other,TOORAK,STONNINGTON,-37.842304,145.0192,2019,5,May,22,Night,Weekday
T20190009044,2019-05-10,19:00:00,4,Collision with a fixed object,5,Friday,171,LEFT OFF CARRIAGEWAY INTO OBJECT/PARKED VEHICLE,5,661048,Not at intersection,2,100,Arterial Other,STAWELL-AVOCA,PYRENEES,-36.941624,143.1537,2019,5,May,19,Night,Weekday
T20190008974,2019-05-10,11:00:00,1,Collision with vehicle,5,Friday,130,REAR END(VEHICLES IN SAME LANE),9,346514,T intersection,2,50,Local Road,FUSSELL,BALLARAT,-37.55983,143.89188,2019,5,May,11,Midday,Weekday
T20190008848,2019-05-10,20:30:00,1,Collision with vehicle,5,Friday,130,REAR END(VEHICLES IN SAME LANE),5,360353,Not at intersection,2,100,Arterial Other,KATAMATITE-NATHALIA,MOIRA,-36.074104,145.3169,2019,5,May,20,Night,Weekday
T20190008847,2019-05-10,23:55:00,4,Collision with a fixed object,5,Friday,171,LEFT OFF CARRIAGEWAY INTO OBJECT/PARKED VEHICLE,3,359008,Not at intersection,2,60,Arterial Other,ELGAR,WHITEHORSE,-37.79876,145.11836,2019,5,May,23,Night,Weekday
T20190008838,2019-05-10,15:22:00,2,Struck Pedestrian,5,Friday,102,FAR SIDE. PED HIT BY VEHICLE FROM THE LEFT,1,346061,Not at intersection,3,40,Local Road,GREY,LATROBE,-38.19146,146.518,2019,5,May,15,Afternoon Peak,Weekday
T20190008794,2019-05-10,07:30:00,6,Vehicle overturned (no collision),5,Friday,179,OTHER ACCIDENTS-OFF STRAIGHT NOT INCLUDED IN DCAs 170-175,1,44931,T intersection,3,60,Arterial Other,MAIN,BRIMBANK,-37.743828,144.79639,2019,5,May,7,Morning Peak,Weekday
T20190008798,2019-05-10,11:45:00,1,Collision with vehicle,5,Friday,130,REAR END(VEHICLES IN SAME LANE),1,345004,Not at intersection,3,60,Arterial Other,CANTERBURY,BOROONDARA,-37.822212,145.0653,2019,5,May,11,Midday,Weekday
T20190017429,2019-05-10,12:00:00,6,Vehicle overturned (no collision),5,Friday,174,OUT OF CONTROL ON CARRIAGEWAY (ON STRAIGHT),1,591760,Not at intersection,3,50,Arterial Other,MARIBYRNONG,MOONEE VALLEY,-37.772186,144.92036,2019,5,May,12,Midday,Weekday
T20190008807,2019-05-10,08:20:00,1,Collision with vehicle,5,Friday,130,REAR END(VEHICLES IN SAME LANE),1,35345,Cross intersection,3,80,Arterial Highway,PRINCES,CASEY,-38.008686,145.2786,2019,5,May,8,Morning Peak,Weekday
T20190008813,2019-05-10,10:00:00,1,Collision with vehicle,5,Friday,110,CROSS TRAFFIC(INTERSECTIONS ONLY),1,52913,Cross intersection,2,60,Local Road,RIPON,BALLARAT,-37.566418,143.84024,2019,5,May,10,Midday,Weekday
T20190008819,2019-05-10,09:30:00,1,Collision with vehicle,5,Friday,110,CROSS TRAFFIC(INTERSECTIONS ONLY),1,346222,Cross intersection,3,50,Local Road,CRISPE,DAREBIN,-37.725437,144.99483,2019,5,May,9,Morning Peak,Weekday
T20190008823,2019-05-10,13:31:00,1,Collision with vehicle,5,Friday,121,RIGHT THROUGH,1,29377,Cross intersection,3,50,Arterial Other,KING,MELBOURNE,-37.805504,144.94865,2019,5,May,13,Midday,Weekday
T20190008824,2019-05-10,13:40:00,2,Struck Pedestrian,5,Friday,102,FAR SIDE. PED HIT BY VEHICLE FROM THE LEFT,1,345094,Not at intersection,3,50,Arterial Other,WICKLOW,MAROONDAH,-37.795048,145.28017,2019,5,May,13,Midday,Weekday
T20190008825,2019-05-10,16:50:00,1,Collision with vehicle,5,Friday,130,REAR END(VEHICLES IN SAME LANE),2,345093,T intersection,3,80,Arterial Other,FERNTREE GULLY,KNOX,-37.906082,145.20987,2019,5,May,16,Afternoon Peak,Weekday
T20190008827,2019-05-10,13:50:00,1,Collision with vehicle,5,Friday,130,REAR END(VEHICLES IN SAME LANE),1,40291,Cross intersection,3,40,Arterial Other,GLENFERRIE,STONNINGTON,-37.84379,145.03154,2019,5,May,13,Midday,Weekday
T20190008830,2019-05-10,18:00:00,1,Collision with vehicle,5,Friday,130,REAR END(VEHICLES IN SAME LANE),6,584238,Not at intersection,3,100,Freeway,MONASH,MONASH,-37.888096,145.11267,2019,5,May,18,Afternoon Peak,Weekday
T20190008874,2019-05-10,15:30:00,1,Collision with vehicle,5,Friday,140,U TURN,1,345206,Not at intersection,3,60,Arterial Highway,HANSON,TOWONG,-36.198833,147.89665,2019,5,May,15,Afternoon Peak,Weekday
T20190009246,2019-05-10,19:35:00,1,Collision with vehicle,5,Friday,110,CROSS TRAFFIC(INTERSECTIONS ONLY),4,45592,Cross intersection,3,50,Local Road,REYNARD,MORELAND,-37.74767,144.95526,2019,5,May,19,Night,Weekday
T20190008831,2019-05-10,17:00:00,1,Collision with vehicle,5,Friday,119,OTHER ADJACENT (INTERSECTIONS ONLY),2,43481,Cross intersection,3,50,Local Road,FOOT,FRANKSTON,-38.161358,145.12903,2019,5,May,17,Afternoon Peak,Weekday
T20190008855,2019-05-10,14:25:00,4,Collision with a fixed object,5,Friday,171,LEFT OFF CARRIAGEWAY INTO OBJECT/PARKED VEHICLE,1,345429,Not at intersection,3,60,Local Road,KARINGAL,FRANKSTON,-38.141335,145.15703,2019,5,May,14,Midday,Weekday
T20190008832,2019-05-10,18:00:00,6,Vehicle overturned (no collision),5,Friday,172,OFF CARRIAGEWAY TO RIGHT,5,345342,Y intersection,2,100,Local Road,MIDDLE CREEK,LATROBE,-38.34303,146.36313,2019,5,May,18,Afternoon Peak,Weekday
T20190008833,2019-05-10,16:07:00,4,Collision with a fixed object,5,Friday,171,LEFT OFF CARRIAGEWAY INTO OBJECT/PARKED VEHICLE,1,592007,Not at intersection,2,60,Arterial Other,CROCKFORD,PORT PHILLIP,-37.834118,144.94923,2019,5,May,16,Afternoon Peak,Weekday
T20190009546,2019-05-10,08:56:00,4,Collision with a fixed object,5,Friday,181,OFF RIGHT BEND INTO OBJECT/PARKED VEHICLE,1,584241,Not at intersection,3,80,Arterial Other,MONBULK,YARRA RANGES,-37.807014,145.40459,2019,5,May,8,Morning Peak,Weekday
T20190017258,2019-05-10,12:00:00,1,Collision with vehicle,5,Friday,130,REAR END(VEHICLES IN SAME LANE),9,39233,T intersection,2,60,Arterial Other,CANTERBURY,WHITEHORSE,-37.826725,145.10411,2019,5,May,12,Midday,Weekday
T20190010388,2019-05-10,14:40:00,1,Collision with vehicle,5,Friday,130,REAR END(VEHICLES IN SAME LANE),1,345901,Not at intersection,3,40,Arterial Other,HIGH,BOROONDARA,-37.86364,145.08147,2019,5,May,14,Midday,Weekday
T20190011943,2019-05-11,15:00:00,1,Collision with vehicle,6,Saturday,132,RIGHT REAR.,1,346826,Not at intersection,3,60,Arterial Other,QUEEN,HOBSONS BAY,-37.87463,144.81203,2019,5,May,15,Afternoon Peak,Weekend
T20190008915,2019-05-11,18:30:00,1,Collision with vehicle,6,Saturday,110,CROSS TRAFFIC(INTERSECTIONS ONLY),3,62640,Cross intersection,3,50,Local Road,HOME,DAREBIN,-37.72695,145.01877,2019,5,May,18,Afternoon Peak,Weekend
T20190009090,2019-05-11,11:00:00,1,Collision with vehicle,6,Saturday,130,REAR END(VEHICLES IN SAME LANE),1,345544,Cross intersection,3,60,Arterial Other,HOWITT STREET -LEARMONTH,BALLARAT,-37.53888,143.82227,2019,5,May,11,Midday,Weekend
T20190008846,2019-05-11,01:15:00,1,Collision with vehicle,6,Saturday,160,VEHICLE COLLIDES WITH VEHICLE PARKED ON LEFT OF ROAD,3,360357,Not at intersection,3,50,Local Road,EALING,BALLARAT,-37.51916,143.83047,2019,5,May,1,Late Night,Weekend
T20190008900,2019-05-11,22:13:00,1,Collision with vehicle,6,Saturday,130,REAR END(VEHICLES IN SAME LANE),3,347069,Not at intersection,2,50,Local Road,RESERVOIR,HUME,-37.57116,144.70192,2019,5,May,22,Night,Weekend
T20190008897,2019-05-11,20:05:00,1,Collision with vehicle,6,Saturday,121,RIGHT THROUGH,3,29523,T intersection,1,60,Arterial Other,BALLARAT,MARIBYRNONG,-37.792385,144.89348,2019,5,May,20,Night,Weekend
T20190008888,2019-05-11,15:34:00,1,Collision with vehicle,6,Saturday,120,HEAD ON (NOT OVERTAKING),1,345111,Not at intersection,1,60,Arterial Other,THOMPSON,GEELONG,-38.10601,144.34433,2019,5,May,15,Afternoon Peak,Weekend
T20190008926,2019-05-11,10:00:00,6,Vehicle overturned (no collision),6,Saturday,184,OUT OF CONTROL ON CARRIAGEWAY (ON BEND),1,345671,Not at intersection,3,100,Local Road,BIG RIVER,YARRA RANGES,-37.539738,145.9334,2019,5,May,10,Midday,Weekend
T20190008922,2019-05-11,23:07:00,1,Collision with vehicle,6,Saturday,121,RIGHT THROUGH,3,345104,T intersection,2,70,Arterial Highway,TORQUAY,GEELONG,-38.212353,144.33919,2019,5,May,23,Night,Weekend
T20190008863,2019-05-11,07:39:00,4,Collision with a fixed object,6,Saturday,181,OFF RIGHT BEND INTO OBJECT/PARKED VEHICLE,1,608090,Not at intersection,2,70,Local Road,BEAUTY GULLY,MANNINGHAM,-37.758812,145.20987,2019,5,May,7,Morning Peak,Weekend
T20190008880,2019-05-11,13:35:00,4,Collision with a fixed object,6,Saturday,183,OFF LEFT BEND INTO OBJECT/PARKED VEHICLE,1,359534,Not at intersection,2,80,Arterial Other,FORREST-APOLLO BAY,COLAC OTWAY,-38.59808,143.71162,2019,5,May,13,Midday,Weekend
T20190008868,2019-05-11,12:35:00,1,Collision with vehicle,6,Saturday,163,VEHICLE STRIKES DOOR OF PARKED/STATIONARY VEHICLE,1,345022,T intersection,3,60,Arterial Other,ST KILDA ROAD SERVICE,MELBOURNE,-37.82621,144.9711,2019,5,May,12,Midday,Weekend
T20190009041,2019-05-11,16:00:00,8,No collision and no object struck,6,Saturday,184,OUT OF CONTROL ON CARRIAGEWAY (ON BEND),1,346288,Not at intersection,2,100,Local Road,BEACH,EAST GIPPSLAND,-37.765553,148.32831,2019,5,May,16,Afternoon Peak,Weekend
T20190019519,2019-05-11,01:12:00,4,Collision with a fixed object,6,Saturday,171,LEFT OFF CARRIAGEWAY INTO OBJECT/PARKED VEHICLE,3,635857,Not at intersection,3,50,Local Road,HOSKIN,SHEPPARTON,-36.383263,145.40527,2019,5,May,1,Late Night,Weekend
T20190008884,2019-05-11,15:44:00,1,Collision with vehicle,6,Saturday,111,RIGHT FAR (INTERSECTIONS ONLY),1,345893,T intersection,2,60,Arterial Other,MCLEOD,KINGSTON,-38.071297,145.13634,2019,5,May,15,Afternoon Peak,Weekend
T20190008871,2019-05-11,14:00:00,2,Struck Pedestrian,6,Saturday,109,ANY MANOEUVRE INVOLVING PED NOT INCLUDED IN DCAs 100-108.,1,345297,Not at intersection,2,50,Local Road,KALIMNA,KINGSTON,-38.08088,145.1256,2019,5,May,14,Midday,Weekend