ACCIDENT_NO,ACCIDENT_DATE,ACCIDENT_TIME,ACCIDENT_TYPE,ACCIDENT_TYPE_DESC,DAY_OF_WEEK,DAY_WEEK_DESC,DCA_CODE,DCA_DESC,LIGHT_CONDITION,NODE_ID,ROAD_GEOMETRY_DESC,SEVERITY,SPEED_ZONE,RMA,ROAD_NAME,LGA_NAME,LATITUDE,LONGITUDE,YEAR,MONTH,MONTH_NAME,HOUR,TIME_PERIOD,DAY_TYPE
T20190008892,2019-05-11,20:50:00,4,Collision with a fixed object,6,Saturday,171,LEFT OFF CARRIAGEWAY INTO OBJECT/PARKED VEHICLE,3,579940,Not at intersection,2,60,Local Road,STATION,KINGSTON,-38.04444,145.11249,2019,5,May,20,Night,Weekend
T20190008879,2019-05-11,16:34:00,4,Collision with a fixed object,6,Saturday,181,OFF RIGHT BEND INTO OBJECT/PARKED VEHICLE,1,345027,T intersection,3,50,Local Road,BOTANICA,WHITTLESEA,-37.679096,145.05347,2019,5,May,16,Afternoon Peak,Weekend
T20190008872,2019-05-11,14:15:00,1,Collision with vehicle,6,Saturday,130,REAR END(VEHICLES IN SAME LANE),1,20837,Cross intersection,2,50,Local Road,HOURIGAN,LATROBE,-38.22835,146.41463,2019,5,May,14,Midday,Weekend
T20190008854,2019-05-11,05:00:00,4,Collision with a fixed object,6,Saturday,175,OFF END OF ROAD/T-INTERSECTION.,3,55477,T intersection,3,50,Local Road,GRAY,SWAN HILL,-35.347904,143.55777,2019,5,May,5,Morning Peak,Weekend
T20190008885,2019-05-11,17:40:00,3,Struck animal,6,Saturday,167,STRUCK ANIMAL,5,579939,Not at intersection,3,100,Local Road,CONDAH-HOTSPUR UPPER,GLENELG,-37.917515,141.65363,2019,5,May,17,Afternoon Peak,Weekend
T20190008861,2019-05-11,09:00:00,1,Collision with vehicle,6,Saturday,160,VEHICLE COLLIDES WITH VEHICLE PARKED ON LEFT OF ROAD,1,345090,Not at intersection,2,60,Local Road,KNIGHT,SHEPPARTON,-36.375553,145.41212,2019,5,May,9,Morning Peak,Weekend
T20190008873,2019-05-11,14:00:00,1,Collision with vehicle,6,Saturday,110,CROSS TRAFFIC(INTERSECTIONS ONLY),1,345046,Cross intersection,3,50,Local Road,ABBOTT,BASS COAST,-38.63562,145.71895,2019,5,May,14,Midday,Weekend
T20190008886,2019-05-11,20:30:00,1,Collision with vehicle,6,Saturday,130,REAR END(VEHICLES IN SAME LANE),3,345091,Not at intersection,3,60,Arterial Other,PARA,BANYULE,-37.704853,145.10843,2019,5,May,20,Night,Weekend
T20190008887,2019-05-11,17:08:00,2,Struck Pedestrian,6,Saturday,101,PED EMERGES FROM IN FRONT OF PARKED OR STATIONARY VEHICLE,1,345048,Not at intersection,3,50,Local Road,CRESWELL,MOONEE VALLEY,-37.73152,144.88731,2019,5,May,17,Afternoon Peak,Weekend
T20190008876,2019-05-11,09:25:00,1,Collision with vehicle,6,Saturday,150,HEAD ON(OVERTAKING),1,345293,Not at intersection,2,100,Local Road,YANKEE FLAT,MOORABOOL,-37.59028,143.91483,2019,5,May,9,Morning Peak,Weekend
T20190008859,2019-05-11,11:10:00,1,Collision with vehicle,6,Saturday,113,RIGHT NEAR (INTERSECTIONS ONLY),1,72790,T intersection,2,80,Arterial Other,WAURN PONDS,GEELONG,-38.207478,144.28421,2019,5,May,11,Midday,Weekend
T20190009066,2019-05-11,06:41:00,1,Collision with vehicle,6,Saturday,130,REAR END(VEHICLES IN SAME LANE),2,582255,T intersection,3,80,Arterial Highway,CHELTENHAM,DANDENONG,-37.99254,145.15819,2019,5,May,6,Morning Peak,Weekend
T20190008860,2019-05-11,08:15:00,4,Collision with a fixed object,6,Saturday,171,LEFT OFF CARRIAGEWAY INTO OBJECT/PARKED VEHICLE,1,346146,Not at intersection,3,100,Local Road,BALDWIN,WANGARATTA,-36.494125,146.309,2019,5,May,8,Morning Peak,Weekend
T20190015233,2019-05-11,12:00:00,1,Collision with vehicle,6,Saturday,111,RIGHT FAR (INTERSECTIONS ONLY),1,591248,T intersection,3,50,Local Road,ULM,MORELAND,-37.725,144.95679,2019,5,May,12,Midday,Weekend
T20190008893,2019-05-11,18:11:00,1,Collision with vehicle,6,Saturday,116,LEFT NEAR (INTERSECTIONS ONLY),3,38811,Cross intersection,2,60,Arterial Highway,FOOTSCRAY ROAD -NAPIER,MARIBYRNONG,-37.805553,144.90562,2019,5,May,18,Afternoon Peak,Weekend
T20190010653,2019-05-11,20:30:00,2,Struck Pedestrian,6,Saturday,106,VEH STRIKES PED ON FOOTPATH/MEDIAN/TRAFFIC ISLAND.,3,346003,Not at intersection,3,50,Local Road,WILDWOOD,MONASH,-37.936295,145.19872,2019,5,May,20,Night,Weekend
T20190008927,2019-05-12,10:30:00,1,Collision with vehicle,7,Sunday,121,RIGHT THROUGH,1,38935,Cross intersection,2,40,Arterial Other,GLENFERRIE,BOROONDARA,-37.819874,145.03586,2019,5,May,10,Midday,Weekend
T20190008923,2019-05-12,09:30:00,1,Collision with vehicle,7,Sunday,163,VEHICLE STRIKES DOOR OF PARKED/STATIONARY VEHICLE,9,345052,Not at intersection,3,40,Arterial Other,SYDNEY,MORELAND,-37.7625,144.9629,2019,5,May,9,Morning Peak,Weekend
T20190008986,2019-05-12,12:40:00,8,No collision and no object struck,7,Sunday,179,OTHER ACCIDENTS-OFF STRAIGHT NOT INCLUDED IN DCAs 170-175,1,71212,Cross intersection,3,60,Local Road,ARMY,CARDINIA,-38.06048,145.49702,2019,5,May,12,Midday,Weekend
T20190009029,2019-05-12,08:22:00,1,Collision with vehicle,7,Sunday,160,VEHICLE COLLIDES WITH VEHICLE PARKED ON LEFT OF ROAD,1,651783,Not at intersection,2,50,Local Road,NANGATHAN,MAROONDAH,-37.76804,145.27971,2019,5,May,8,Morning Peak,Weekend
T20190008966,2019-05-12,09:20:00,2,Struck Pedestrian,7,Sunday,102,FAR SIDE. PED HIT BY VEHICLE FROM THE LEFT,1,585054,Not at intersection,3,40,Arterial Other,SPENCER,MELBOURNE,-37.820606,144.95485,2019,5,May,9,Morning Peak,Weekend
T20190008944,2019-05-12,22:00:00,6,Vehicle overturned (no collision),7,Sunday,170,OFF CARRIAGEWAY TO LEFT,5,347046,Not at intersection,2,100,Arterial Other,NHILL-JEPARIT,HINDMARSH,-36.19929,141.88757,2019,5,May,22,Night,Weekend
T20190009402,2019-05-12,09:45:00,1,Collision with vehicle,7,Sunday,147,VEHICLE STRIKES ANOTHER VEH WHILE EMERGING FROM DRIVEWAY,1,345452,Not at intersection,3,60,Arterial Other,BALLARTO,FRANKSTON,-38.11702,145.19283,2019,5,May,9,Morning Peak,Weekend
T20190020814,2019-05-12,20:30:00,1,Collision with vehicle,7,Sunday,110,CROSS TRAFFIC(INTERSECTIONS ONLY),3,598208,Cross intersection,3,60,Local Road,BARATTA,WYNDHAM,-37.836117,144.67232,2019,5,May,20,Night,Weekend
T20190008905,2019-05-12,06:01:00,1,Collision with vehicle,7,Sunday,121,RIGHT THROUGH,3,339440,Multiple intersection,2,60,Freeway,SNEYDES,WYNDHAM,-37.897804,144.70445,2019,5,May,6,Morning Peak,Weekend
T20190008911,2019-05-12,07:45:00,4,Collision with a fixed object,7,Sunday,183,OFF LEFT BEND INTO OBJECT/PARKED VEHICLE,1,350285,Not at intersection,2,100,Freeway,2550R 5500B,HUME,-37.56902,144.94156,2019,5,May,7,Morning Peak,Weekend
T20190008919,2019-05-12,10:24:00,1,Collision with vehicle,7,Sunday,130,REAR END(VEHICLES IN SAME LANE),1,35855,Cross intersection,2,60,Local Road,CAIRNLEA,BRIMBANK,-37.757862,144.79134,2019,5,May,10,Midday,Weekend
T20210023592,2019-05-12,01:00:00,4,Collision with a fixed object,7,Sunday,179,OTHER ACCIDENTS-OFF STRAIGHT NOT INCLUDED IN DCAs 170-175,5,697510,Not at intersection,3,100,Arterial Other,EDGECOMBE,MACEDON RANGES,-37.199657,144.47202,2019,5,May,1,Late Night,Weekend
T20190008940,2019-05-12,16:45:00,4,Collision with a fixed object,7,Sunday,181,OFF RIGHT BEND INTO OBJECT/PARKED VEHICLE,1,353562,Not at intersection,3,50,Local Road,LAWLESS,CASEY,-38.07273,145.27252,2019,5,May,16,Afternoon Peak,Weekend
T20190010189,2019-05-12,14:00:00,4,Collision with a fixed object,7,Sunday,179,OTHER ACCIDENTS-OFF STRAIGHT NOT INCLUDED IN DCAs 170-175,1,346901,Not at intersection,3,100,Local Road,TWINS JEEP,ALPINE,-37.04223,146.96309,2019,5,May,14,Midday,Weekend
T20190008939,2019-05-12,22:15:00,1,Collision with vehicle,7,Sunday,121,RIGHT THROUGH,3,120381,T intersection,3,60,Arterial Other,SUNSHINE,MARIBYRNONG,-37.80216,144.88148,2019,5,May,22,Night,Weekend
T20190008935,2019-05-12,16:50:00,1,Collision with vehicle,7,Sunday,120,HEAD ON (NOT OVERTAKING),1,346818,Not at intersection,2,100,Arterial Other,MICKLEHAM,HUME,-37.53878,144.88257,2019,5,May,16,Afternoon Peak,Weekend
T20190008934,2019-05-12,17:45:00,2,Struck Pedestrian,7,Sunday,102,FAR SIDE. PED HIT BY VEHICLE FROM THE LEFT,5,49845,Cross intersection,1,60,Arterial Other,SHANNON,GEELONG,-38.131935,144.33806,2019,5,May,17,Afternoon Peak,Weekend
T20190008930,2019-05-12,17:20:00,1,Collision with vehicle,7,Sunday,121,RIGHT THROUGH,2,278622,T intersection,3,60,Local Road,OHERNS,WHITTLESEA,-37.63635,145.0148,2019,5,May,17,Afternoon Peak,Weekend
T20190009039,2019-05-13,22:30:00,1,Collision with vehicle,1,Monday,132,RIGHT REAR.,3,345124,Not at intersection,2,60,Arterial Other,HIGHBURY,MONASH,-37.855404,145.11304,2019,5,May,22,Night,Weekday
T20190009000,2019-05-13,13:30:00,1,Collision with vehicle,1,Monday,110,CROSS TRAFFIC(INTERSECTIONS ONLY),1,44092,Cross intersection,1,80,Arterial Other,COOLART,MORNINGTON PENINSULA,-38.338818,145.1456,2019,5,May,13,Midday,Weekday
T20190008985,2019-05-13,14:03:00,1,Collision with vehicle,1,Monday,110,CROSS TRAFFIC(INTERSECTIONS ONLY),1,35942,Cross intersection,2,60,Arterial Other,MORELAND,MORELAND,-37.75568,144.96599,2019,5,May,14,Midday,Weekday
T20190009185,2019-05-13,14:00:00,1,Collision with vehicle,1,Monday,130,REAR END(VEHICLES IN SAME LANE),1,345414,Not at intersection,3,100,Freeway,WESTERN,MELTON,-37.74491,144.69891,2019,5,May,14,Midday,Weekday
T20190009086,2019-05-13,02:08:00,1,Collision with vehicle,1,Monday,110,CROSS TRAFFIC(INTERSECTIONS ONLY),3,40424,Cross intersection,2,60,Arterial Other,HIGH,STONNINGTON,-37.85939,145.05133,2019,5,May,2,Late Night,Weekday
T20190008994,2019-05-13,10:44:00,1,Collision with vehicle,1,Monday,121,RIGHT THROUGH,1,345107,T intersection,3,70,Arterial Other,TAYLORS,BRIMBANK,-37.7277,144.79367,2019,5,May,10,Midday,Weekday
T20190009019,2019-05-13,22:45:00,4,Collision with a fixed object,1,Monday,171,LEFT OFF CARRIAGEWAY INTO OBJECT/PARKED VEHICLE,3,72426,T intersection,3,60,Arterial Other,BOUNDARY,GEELONG,-38.175396,144.38324,2019,5,May,22,Night,Weekday
T20190008956,2019-05-13,08:00:00,2,Struck Pedestrian,1,Monday,109,ANY MANOEUVRE INVOLVING PED NOT INCLUDED IN DCAs 100-108.,1,608413,Not at intersection,3,40,Local Road,COLLINS,MELBOURNE,-37.81856,144.95592,2019,5,May,8,Morning Peak,Weekday
T20190008965,2019-05-13,07:14:00,1,Collision with vehicle,1,Monday,110,CROSS TRAFFIC(INTERSECTIONS ONLY),1,38289,Cross intersection,3,60,Arterial Other,FOOTE,MANNINGHAM,-37.75717,145.11336,2019,5,May,7,Morning Peak,Weekday
T20190008949,2019-05-13,04:20:00,4,Collision with a fixed object,1,Monday,173,RIGHT OFF CARRIAGEWAY INTO OBJECT/PARKED VEHICLE,5,345109,Not at intersection,2,100,Arterial Highway,PRINCES,WELLINGTON,-37.950134,147.11327,2019,5,May,4,Late Night,Weekday
T20190008961,2019-05-13,10:24:00,1,Collision with vehicle,1,Monday,130,REAR END(VEHICLES IN SAME LANE),1,585053,Not at intersection,3,60,Arterial Other,PRINCESS,BOROONDARA,-37.797695,145.0305,2019,5,May,10,Midday,Weekday
T20190008960,2019-05-13,09:52:00,1,Collision with vehicle,1,Monday,110,CROSS TRAFFIC(INTERSECTIONS ONLY),1,345789,Cross intersection,2,50,Local Road,PARKER,MANNINGHAM,-37.757774,145.12758,2019,5,May,9,Morning Peak,Weekday
T20190008959,2019-05-13,09:35:00,4,Collision with a fixed object,1,Monday,171,LEFT OFF CARRIAGEWAY INTO OBJECT/PARKED VEHICLE,1,46898,T intersection,2,60,Arterial Other,DERRIMUT,WYNDHAM,-37.89384,144.68048,2019,5,May,9,Morning Peak,Weekday
T20190009092,2019-05-13,09:25:00,6,Vehicle overturned (no collision),1,Monday,174,OUT OF CONTROL ON CARRIAGEWAY (ON STRAIGHT),1,345155,T intersection,3,40,Arterial Other,SWAN,YARRA,-37.825108,144.9928,2019,5,May,9,Morning Peak,Weekday
T20190014697,2019-05-13,09:45:00,1,Collision with vehicle,1,Monday,130,REAR END(VEHICLES IN SAME LANE),1,360733,Cross intersection,3,60,Arterial Other,BORONIA,KNOX,-37.861874,145.27815,2019,5,May,9,Morning Peak,Weekday
T20190008984,2019-05-13,12:10:00,1,Collision with vehicle,1,Monday,120,HEAD ON (NOT OVERTAKING),1,345284,Not at intersection,2,100,Arterial Other,PLENTY,WHITTLESEA,-37.53658,145.1112,2019,5,May,12,Midday,Weekday
T20190009003,2019-05-13,16:10:00,1,Collision with vehicle,1,Monday,130,REAR END(VEHICLES IN SAME LANE),1,345959,Not at intersection,2,100,Freeway,WESTERN RING,WYNDHAM,-37.82039,144.80977,2019,5,May,16,Afternoon Peak,Weekday
T20190008947,2019-05-13,06:55:00,1,Collision with vehicle,1,Monday,111,RIGHT FAR (INTERSECTIONS ONLY),1,36094,Cross intersection,2,50,Local Road,ABBOTSFORD,MELBOURNE,-37.79845,144.94627,2019,5,May,6,Morning Peak,Weekday
T20190009162,2019-05-13,16:55:00,1,Collision with vehicle,1,Monday,134,LANE CHANGE RIGHT (NOT OVERTAKING),1,347066,Not at intersection,3,60,Arterial Other,HOWITT,BALLARAT,-37.54006,143.83044,2019,5,May,16,Afternoon Peak,Weekday
T20190008996,2019-05-13,14:15:00,1,Collision with vehicle,1,Monday,113,RIGHT NEAR (INTERSECTIONS ONLY),1,49978,Multiple intersection,2,60,Local Road,FITZROY,GEELONG,-38.15317,144.3694,2019,5,May,14,Midday,Weekday
T20190008999,2019-05-13,14:40:00,8,No collision and no object struck,1,Monday,172,OFF CARRIAGEWAY TO RIGHT,1,36252,T intersection,3,50,Local Road,MOSSGIEL PARK,CASEY,-37.97247,145.26056,2019,5,May,14,Midday,Weekday
T20190009004,2019-05-13,15:10:00,1,Collision with vehicle,1,Monday,171,LEFT OFF CARRIAGEWAY INTO OBJECT/PARKED VEHICLE,1,35502,Cross intersection,2,40,Arterial Other,CARLISLE,PORT PHILLIP,-37.86888,144.99438,2019,5,May,15,Afternoon Peak,Weekday
T20190009018,2019-05-13,00:07:00,3,Struck animal,1,Monday,167,STRUCK ANIMAL,5,345152,Not at intersection,2,100,Arterial Other,TRARALGON-MAFFRA,LATROBE,-38.1078,146.59065,2019,5,May,0,Late Night,Weekday
T20190008987,2019-05-13,12:25:00,1,Collision with vehicle,1,Monday,140,U TURN,1,585056,Not at intersection,3,50,Arterial Other,LANSDOWNE,MELBOURNE,-37.814686,144.97751,2019,5,May,12,Midday,Weekday
T20190009011,2019-05-13,15:15:00,4,Collision with a fixed object,1,Monday,171,LEFT OFF CARRIAGEWAY INTO OBJECT/PARKED VEHICLE,1,349653,Cross intersection,2,50,Local Road,KIDDS,CASEY,-37.987694,145.23936,2019,5,May,15,Afternoon Peak,Weekday
T20190009005,2019-05-13,15:22:00,4,Collision with a fixed object,1,Monday,173,RIGHT OFF CARRIAGEWAY INTO OBJECT/PARKED VEHICLE,1,585058,Not at intersection,2,100,Freeway,MONASH,CASEY,-37.99951,145.28699,2019,5,May,15,Afternoon Peak,Weekday
T20190009016,2019-05-13,18:34:00,1,Collision with vehicle,1,Monday,120,HEAD ON (NOT OVERTAKING),5,579941,Not at intersection,2,80,Local Road,LIVERPOOL,KNOX,-37.846413,145.31499,2019,5,May,18,Afternoon Peak,Weekday
T20190009017,2019-05-13,20:40:00,1,Collision with vehicle,1,Monday,121,RIGHT THROUGH,3,32692,Cross intersection,2,80,Arterial Highway,WELLINGTON,MONASH,-37.91869,145.15866,2019,5,May,20,Night,Weekday
T20190009015,2019-05-13,15:30:00,1,Collision with vehicle,1,Monday,110,CROSS TRAFFIC(INTERSECTIONS ONLY),1,63356,Cross intersection,3,50,Local Road,RAGLAN,DAREBIN,-37.750477,145.01622,2019,5,May,15,Afternoon Peak,Weekday
T20200004126,2019-05-13,20:34:00,1,Collision with vehicle,1,Monday,130,REAR END(VEHICLES IN SAME LANE),3,635698,Not at intersection,3,60,Arterial Other,EPPING,WHITTLESEA,-37.62871,145.02783,2019,5,May,20,Night,Weekday
T20190008967,2019-05-13,12:15:00,1,Collision with vehicle,1,Monday,121,RIGHT THROUGH,1,345337,Not at intersection,2,60,Arterial Highway,GREAT OCEAN,SURF COAST,-38.338425,144.31398,2019,5,May,12,Midday,Weekday
T20190009023,2019-05-13,12:45:00,1,Collision with vehicle,1,Monday,113,RIGHT NEAR (INTERSECTIONS ONLY),1,44426,T intersection,3,60,Arterial Other,ANAKIE,GEELONG,-38.096718,144.33424,2019,5,May,12,Midday,Weekday
T20190008981,2019-05-13,08:09:00,1,Collision with vehicle,1,Monday,110,CROSS TRAFFIC(INTERSECTIONS ONLY),1,45520,Cross intersection,3,60,Local Road,CAROLINE SPRINGS,MELTON,-37.72245,144.73837,2019,5,May,8,Morning Peak,Weekday
T20190008980,2019-05-13,09:40:00,1,Collision with vehicle,1,Monday,120,HEAD ON (NOT OVERTAKING),1,345210,Not at intersection,2,50,Local Road,TORRENS,WYNDHAM,-37.88646,144.6571,2019,5,May,9,Morning Peak,Weekday
T20190008979,2019-05-13,07:44:00,2,Struck Pedestrian,1,Monday,100,PED NEAR SIDE. PED HIT BY VEHICLE FROM THE RIGHT.,1,41261,Cross intersection,2,70,Arterial Highway,NORTH,GLEN EIRA,-37.901302,145.0192,2019,5,May,7,Morning Peak,Weekday
T20190008975,2019-05-13,12:20:00,1,Collision with vehicle,1,Monday,120,HEAD ON (NOT OVERTAKING),1,345235,Not at intersection,2,60,Arterial Other,BALLARAT,MARIBYRNONG,-37.791985,144.89215,2019,5,May,12,Midday,Weekday
T20190008972,2019-05-13,07:25:00,4,Collision with a fixed object,1,Monday,171,LEFT OFF CARRIAGEWAY INTO OBJECT/PARKED VEHICLE,1,585055,Cross intersection,2,50,Local Road,WIGG,WODONGA,-36.120785,146.8987,2019,5,May,7,Morning Peak,Weekday
T20190009034,2019-05-14,07:08:00,1,Collision with vehicle,2,Tuesday,113,RIGHT NEAR (INTERSECTIONS ONLY),1,42529,T intersection,1,80,Arterial Highway,SPRINGVALE,DANDENONG,-37.944775,145.15361,2019,5,May,7,Morning Peak,Weekday
T20190009160,2019-05-14,15:00:00,1,Collision with vehicle,2,Tuesday,160,VEHICLE COLLIDES WITH VEHICLE PARKED ON LEFT OF ROAD,1,580250,Not at intersection,3,50,Local Road,COMANS,LATROBE,-38.23754,146.41315,2019,5,May,15,Afternoon Peak,Weekday
T20190009070,2019-05-14,09:34:00,4,Collision with a fixed object,2,Tuesday,173,RIGHT OFF CARRIAGEWAY INTO OBJECT/PARKED VEHICLE,1,618443,Not at intersection,2,100,Arterial Highway,CALDER,LODDON,-36.464077,143.68184,2019,5,May,9,Morning Peak,Weekday
T20190009078,2019-05-14,18:37:00,1,Collision with vehicle,2,Tuesday,130,REAR END(VEHICLES IN SAME LANE),3,345202,Not at intersection,2,80,Arterial Other,PLENTY,WHITTLESEA,-37.6822,145.06879,2019,5,May,18,Afternoon Peak,Weekday
T20190009071,2019-05-14,16:35:00,1,Collision with vehicle,2,Tuesday,121,RIGHT THROUGH,1,67884,T intersection,2,60,Arterial Other,HOTHAM,GLEN EIRA,-37.867504,144.99983,2019,5,May,16,Afternoon Peak,Weekday
T20190009037,2019-05-14,12:00:00,1,Collision with vehicle,2,Tuesday,110,CROSS TRAFFIC(INTERSECTIONS ONLY),1,52671,Cross intersection,3,60,Local Road,BARNES,NORTHERN GRAMPIANS,-37.056576,142.77254,2019,5,May,12,Midday,Weekday
T20200000721,2019-05-14,13:30:00,1,Collision with vehicle,2,Tuesday,147,VEHICLE STRIKES ANOTHER VEH WHILE EMERGING FROM DRIVEWAY,9,639681,Not at intersection,3,60,Local Road,TAYLORS,BRIMBANK,-37.727196,144.7786,2019,5,May,13,Midday,Weekday
T20190009087,2019-05-14,23:15:00,4,Collision with a fixed object,2,Tuesday,181,OFF RIGHT BEND INTO OBJECT/PARKED VEHICLE,3,345358,Not at intersection,3,50,Local Road,RALPH,CASEY,-38.039864,145.28104,2019,5,May,23,Night,Weekday
T20190009042,2019-05-14,13:10:00,1,Collision with vehicle,2,Tuesday,130,REAR END(VEHICLES IN SAME LANE),1,585315,Not at intersection,2,40,Arterial Other,ALEXANDRA,STONNINGTON,-37.83178,144.98898,2019,5,May,13,Midday,Weekday
T20190010298,2019-05-14,17:50:00,1,Collision with vehicle,2,Tuesday,131,LEFT REAR,2,336143,T intersection,3,60,Local Road,JEFFREY,HUME,-37.68961,144.96066,2019,5,May,17,Afternoon Peak,Weekday
T20190009064,2019-05-14,11:50:00,4,Collision with a fixed object,2,Tuesday,173,RIGHT OFF CARRIAGEWAY INTO OBJECT/PARKED VEHICLE,1,585316,Not at intersection,3,100,Arterial Other,PORTARLINGTON,GEELONG,-38.178726,144.49446,2019,5,May,11,Midday,Weekday
T20190009060,2019-05-14,10:00:00,8,No collision and no object struck,2,Tuesday,184,OUT OF CONTROL ON CARRIAGEWAY (ON BEND),1,659027,Not at intersection,2,60,Local Road,LYONS,BENDIGO,-36.742115,144.31516,2019,5,May,10,Midday,Weekday
T20190009093,2019-05-14,20:15:00,4,Collision with a fixed object,2,Tuesday,171,LEFT OFF CARRIAGEWAY INTO OBJECT/PARKED VEHICLE,5,345190,Not at intersection,2,100,Local Road,RODBOROUGH,MOUNT ALEXANDER,-37.09907,144.00961,2019,5,May,20,Night,Weekday
T20190009056,2019-05-14,09:25:00,6,Vehicle overturned (no collision),2,Tuesday,170,OFF CARRIAGEWAY TO LEFT,1,345223,Not at intersection,2,100,Arterial Other,BORUNG,YARRIAMBIACK,-36.34799,142.21274,2019,5,May,9,Morning Peak,Weekday
T20190009111,2019-05-14,23:15:00,5,collision with some other object,2,Tuesday,171,LEFT OFF CARRIAGEWAY INTO OBJECT/PARKED VEHICLE,5,346056,Not at intersection,3,100,Arterial Highway,LODDON VALLEY,LODDON,-35.99174,143.94664,2019,5,May,23,Night,Weekday
T20190009048,2019-05-14,12:30:00,1,Collision with vehicle,2,Tuesday,132,RIGHT REAR.,1,57542,Cross intersection,3,80,Arterial Highway,NEPEAN,GLEN EIRA,-37.88616,144.9992,2019,5,May,12,Midday,Weekday
T20190009045,2019-05-14,08:33:00,2,Struck Pedestrian,2,Tuesday,107,PED ON FOOTHPATH STRUCK BY VEHENTERING/LEAVING DRIVEWAY.,1,595562,Not at intersection,2,50,Local Road,CHIFLEY,WODONGA,-36.136536,146.85966,2019,5,May,8,Morning Peak,Weekday
T20190009036,2019-05-14,11:13:00,4,Collision with a fixed object,2,Tuesday,171,LEFT OFF CARRIAGEWAY INTO OBJECT/PARKED VEHICLE,1,351746,Not at intersection,2,80,Arterial Other,CLYDE-FIVE WAYS,CASEY,-38.14427,145.32207,2019,5,May,11,Midday,Weekday
T20190009075,2019-05-14,14:40:00,1,Collision with vehicle,2,Tuesday,130,REAR END(VEHICLES IN SAME LANE),1,320474,Cross intersection,3,80,Arterial Other,GREENS ROAD -HUTTON,DANDENONG,-38.011658,145.1717,2019,5,May,14,Midday,Weekday
T20190013793,2019-05-14,14:30:00,1,Collision with vehicle,2,Tuesday,130,REAR END(VEHICLES IN SAME LANE),1,84788,Not at intersection,3,60,Arterial Other,ASHLEY,MARIBYRNONG,-37.79621,144.86264,2019,5,May,14,Midday,Weekday
T20190009028,2019-05-14,08:30:00,1,Collision with vehicle,2,Tuesday,139,OTHER SAME DIRECTION-MANOUEVRES NOT INCLUDED IN DCAs 130-137,1,345306,Not at intersection,2,100,Freeway,MONASH,STONNINGTON,-37.879707,145.08516,2019,5,May,8,Morning Peak,Weekday
T20190009081,2019-05-14,17:45:00,1,Collision with vehicle,2,Tuesday,163,VEHICLE STRIKES DOOR OF PARKED/STATIONARY VEHICLE,3,346281,Not at intersection,2,50,Arterial Other,WESTGARTH,DAREBIN,-37.78086,144.99509,2019,5,May,17,Afternoon Peak,Weekday
T20190009024,2019-05-14,06:34:00,1,Collision with vehicle,2,Tuesday,116,LEFT NEAR (INTERSECTIONS ONLY),1,345356,T intersection,3,100,Arterial Highway,PRINCES,EAST GIPPSLAND,-37.908432,147.32129,2019,5,May,6,Morning Peak,Weekday
T20190009035,2019-05-14,10:35:00,2,Struck Pedestrian,2,Tuesday,100,PED NEAR SIDE. PED HIT BY VEHICLE FROM THE RIGHT.,1,29529,Cross intersection,2,40,Arterial Highway,RACECOURSE,MELBOURNE,-37.78816,144.92947,2019,5,May,10,Midday,Weekday
T20190009033,2019-05-14,11:05:00,1,Collision with vehicle,2,Tuesday,160,VEHICLE COLLIDES WITH VEHICLE PARKED ON LEFT OF ROAD,1,345841,Not at intersection,3,60,Arterial Other,PARK,CENTRAL GOLDFIELDS,-37.028263,143.74786,2019,5,May,11,Midday,Weekday
T20190009054,2019-05-14,14:15:00,1,Collision with vehicle,2,Tuesday,110,CROSS TRAFFIC(INTERSECTIONS ONLY),1,52507,Cross intersection,3,60,Arterial Other,ELEVENTH,MILDURA,-34.19367,142.16231,2019,5,May,14,Midday,Weekday
T20190009027,2019-05-14,08:40:00,1,Collision with vehicle,2,Tuesday,140,U TURN,1,345157,T intersection,3,60,Arterial Other,ROYAL,MELBOURNE,-37.78764,144.95905,2019,5,May,8,Morning Peak,Weekday
T20190010049,2019-05-14,11:10:00,1,Collision with vehicle,2,Tuesday,121,RIGHT THROUGH,1,30625,Cross intersection,3,60,Arterial Highway,LOWER HEIDELBERG ROAD -ROSANNA,BANYULE,-37.756638,145.06961,2019,5,May,11,Midday,Weekday
T20190009076,2019-05-14,19:05:00,1,Collision with vehicle,2,Tuesday,131,LEFT REAR,3,278821,Cross intersection,3,50,Local Road,AITKEN,HUME,-37.57533,144.92088,2019,5,May,19,Night,Weekday
T20190009065,2019-05-14,14:57:00,1,Collision with vehicle,2,Tuesday,120,HEAD ON (NOT OVERTAKING),1,345222,Not at intersection,2,80,Arterial Other,MELBOURNE-LANCEFIELD,HUME,-37.59939,144.76099,2019,5,May,14,Midday,Weekday
T20190009080,2019-05-14,19:50:00,8,No collision and no object struck,2,Tuesday,174,OUT OF CONTROL ON CARRIAGEWAY (ON STRAIGHT),3,345357,Not at intersection,3,70,Arterial Highway,BELLARINE,GEELONG,-38.17072,144.3923,2019,5,May,19,Night,Weekday
T20190009052,2019-05-14,10:19:00,1,Collision with vehicle,2,Tuesday,130,REAR END(VEHICLES IN SAME LANE),1,345139,Not at intersection,2,80,Freeway,CITYLINK,YARRA,-37.829758,144.98856,2019,5,May,10,Midday,Weekday
T20190009520,2019-05-14,17:20:00,1,Collision with vehicle,2,Tuesday,159,OTHER OVERTAKING MANOEUVRES NOT INCLUDED IN DCAs 150-154,2,581,T intersection,2,30,Arterial Other,CARLISLE,PORT PHILLIP,-37.868515,144.9915,2019,5,May,17,Afternoon Peak,Weekday
T20190009089,2019-05-15,05:35:00,1,Collision with vehicle,3,Wednesday,113,RIGHT NEAR (INTERSECTIONS ONLY),3,345969,T intersection,2,80,Arterial Highway,SOUTH GIPPSLAND,CASEY,-38.13268,145.29549,2019,5,May,5,Morning Peak,Weekday