ACCIDENT_NO,ACCIDENT_DATE,ACCIDENT_TIME,ACCIDENT_TYPE,ACCIDENT_TYPE_DESC,DAY_OF_WEEK,DAY_WEEK_DESC,DCA_CODE,DCA_DESC,LIGHT_CONDITION,NODE_ID,ROAD_GEOMETRY_DESC,SEVERITY,SPEED_ZONE,RMA,ROAD_NAME,LGA_NAME,LATITUDE,LONGITUDE,YEAR,MONTH,MONTH_NAME,HOUR,TIME_PERIOD,DAY_TYPE
T20190009199,2019-05-15,18:15:00,1,Collision with vehicle,3,Wednesday,121,RIGHT THROUGH,3,42707,T intersection,2,60,Local Road,RESERVE,BAYSIDE,-37.96425,145.03716,2019,5,May,18,Afternoon Peak,Weekday
T20190009120,2019-05-15,15:47:00,1,Collision with vehicle,3,Wednesday,140,U TURN,1,345290,Not at intersection,2,50,Local Road,BOATHOUSE,MELBOURNE,-37.819714,144.97221,2019,5,May,15,Afternoon Peak,Weekday
T20190009119,2019-05-15,14:00:00,1,Collision with vehicle,3,Wednesday,142,LEAVING PARKING,1,345898,Not at intersection,3,40,Local Road,SMITH,YARRA,-37.8044,144.98334,2019,5,May,14,Midday,Weekday
T20190009341,2019-05-15,20:17:00,1,Collision with vehicle,3,Wednesday,110,CROSS TRAFFIC(INTERSECTIONS ONLY),3,40203,Cross intersection,3,60,Local Road,INKERMAN,PORT PHILLIP,-37.867596,145.00917,2019,5,May,20,Night,Weekday
T20190009137,2019-05-15,17:50:00,1,Collision with vehicle,3,Wednesday,130,REAR END(VEHICLES IN SAME LANE),2,345214,Not at intersection,3,100,Freeway,MONASH OUT-SOUTH GIPPSLAND OUT,CASEY,-37.989338,145.25404,2019,5,May,17,Afternoon Peak,Weekday
T20190009134,2019-05-15,14:40:00,1,Collision with vehicle,3,Wednesday,143,ENTERING PARKING,1,346074,T intersection,2,50,Local Road,FERGUSON,HOBSONS BAY,-37.859173,144.90001,2019,5,May,14,Midday,Weekday
T20190009133,2019-05-15,18:00:00,1,Collision with vehicle,3,Wednesday,116,LEFT NEAR (INTERSECTIONS ONLY),3,51735,T intersection,2,60,Arterial Highway,HIGH,BENDIGO,-36.80264,144.24232,2019,5,May,18,Afternoon Peak,Weekday
T20190009132,2019-05-15,17:23:00,1,Collision with vehicle,3,Wednesday,110,CROSS TRAFFIC(INTERSECTIONS ONLY),1,44005,Cross intersection,2,80,Arterial Highway,DANDENONG-HASTINGS,MORNINGTON PENINSULA,-38.23865,145.21492,2019,5,May,17,Afternoon Peak,Weekday
T20190009131,2019-05-15,16:55:00,1,Collision with vehicle,3,Wednesday,130,REAR END(VEHICLES IN SAME LANE),1,346928,Not at intersection,3,100,Freeway,EASTLINK,MAROONDAH,-37.83192,145.21735,2019,5,May,16,Afternoon Peak,Weekday
T20190009130,2019-05-15,15:44:00,1,Collision with vehicle,3,Wednesday,130,REAR END(VEHICLES IN SAME LANE),1,36737,T intersection,2,80,Arterial Highway,PRINCES,DANDENONG,-37.941467,145.16606,2019,5,May,15,Afternoon Peak,Weekday
T20190009128,2019-05-15,14:32:00,1,Collision with vehicle,3,Wednesday,120,HEAD ON (NOT OVERTAKING),1,585577,Cross intersection,2,60,Local Road,OSBORNE,MORNINGTON PENINSULA,-38.25486,145.03122,2019,5,May,14,Midday,Weekday
T20190009155,2019-05-15,22:45:00,2,Struck Pedestrian,3,Wednesday,102,FAR SIDE. PED HIT BY VEHICLE FROM THE LEFT,3,36666,Cross intersection,3,60,Arterial Highway,HODDLE,YARRA,-37.799847,144.99298,2019,5,May,22,Night,Weekday
T20190009153,2019-05-15,16:50:00,1,Collision with vehicle,3,Wednesday,121,RIGHT THROUGH,1,29938,Cross intersection,2,60,Arterial Highway,PRINCES,GEELONG,-38.091434,144.35637,2019,5,May,16,Afternoon Peak,Weekday
T20190009188,2019-05-15,19:16:00,1,Collision with vehicle,3,Wednesday,130,REAR END(VEHICLES IN SAME LANE),3,53300,Cross intersection,3,60,Arterial Highway,DOVETON STREET N-DOVETON,BALLARAT,-37.561447,143.85484,2019,5,May,19,Night,Weekday
T20190009190,2019-05-15,18:55:00,1,Collision with vehicle,3,Wednesday,130,REAR END(VEHICLES IN SAME LANE),3,346274,Not at intersection,3,60,Local Road,SALMON,MELBOURNE,-37.82737,144.9226,2019,5,May,18,Afternoon Peak,Weekday
T20190009195,2019-05-15,15:30:00,2,Struck Pedestrian,3,Wednesday,109,ANY MANOEUVRE INVOLVING PED NOT INCLUDED IN DCAs 100-108.,1,40024,Cross intersection,3,40,Local Road,AITKEN,HOBSONS BAY,-37.863037,144.9017,2019,5,May,15,Afternoon Peak,Weekday
T20190009148,2019-05-15,00:23:00,6,Vehicle overturned (no collision),3,Wednesday,174,OUT OF CONTROL ON CARRIAGEWAY (ON STRAIGHT),5,347173,Not at intersection,3,80,Local Road,GREIGS,MELTON,-37.74771,144.576,2019,5,May,0,Late Night,Weekday
T20190009145,2019-05-15,14:30:00,1,Collision with vehicle,3,Wednesday,143,ENTERING PARKING,1,345208,Not at intersection,3,40,Local Road,LONSDALE,MELBOURNE,-37.809498,144.97182,2019,5,May,14,Midday,Weekday
T20190009143,2019-05-15,17:30:00,1,Collision with vehicle,3,Wednesday,110,CROSS TRAFFIC(INTERSECTIONS ONLY),2,48301,Cross intersection,3,40,Local Road,NIMMO,PORT PHILLIP,-37.850937,144.96158,2019,5,May,17,Afternoon Peak,Weekday
T20190009142,2019-05-15,17:58:00,1,Collision with vehicle,3,Wednesday,130,REAR END(VEHICLES IN SAME LANE),3,345583,Not at intersection,2,40,Arterial Other,PRINCES,WYNDHAM,-37.88359,144.70279,2019,5,May,17,Afternoon Peak,Weekday
T20190014247,2019-05-15,15:00:00,7,Fall from or in moving vehicle,3,Wednesday,190,FELL IN/FROM VEHICLE,1,360324,Not at intersection,2,50,Local Road,MITCHELL,LATROBE,-38.182484,146.25404,2019,5,May,15,Afternoon Peak,Weekday
T20190009156,2019-05-15,20:30:00,4,Collision with a fixed object,3,Wednesday,171,LEFT OFF CARRIAGEWAY INTO OBJECT/PARKED VEHICLE,3,618444,Not at intersection,3,60,Local Road,BRIDGEWATER,HUME,-37.603664,144.92915,2019,5,May,20,Night,Weekday
T20190009141,2019-05-15,17:11:00,1,Collision with vehicle,3,Wednesday,130,REAR END(VEHICLES IN SAME LANE),1,46102,T intersection,3,40,Arterial Other,MAIN,NILLUMBIK,-37.711567,145.14914,2019,5,May,17,Afternoon Peak,Weekday
T20190009157,2019-05-15,23:40:00,1,Collision with vehicle,3,Wednesday,120,HEAD ON (NOT OVERTAKING),5,345300,Not at intersection,2,100,Arterial Other,GISBORNE-MELTON,MELTON,-37.64534,144.60188,2019,5,May,23,Night,Weekday
T20190009126,2019-05-15,16:30:00,1,Collision with vehicle,3,Wednesday,134,LANE CHANGE RIGHT (NOT OVERTAKING),2,345219,Not at intersection,2,80,Freeway,WEST GATE,HOBSONS BAY,-37.825684,144.83682,2019,5,May,16,Afternoon Peak,Weekday
T20190009285,2019-05-15,19:30:00,1,Collision with vehicle,3,Wednesday,130,REAR END(VEHICLES IN SAME LANE),1,604763,Not at intersection,2,40,Local Road,LONSDALE,MELBOURNE,-37.813797,144.95703,2019,5,May,19,Night,Weekday
T20190009109,2019-05-15,10:53:00,1,Collision with vehicle,3,Wednesday,130,REAR END(VEHICLES IN SAME LANE),1,345213,Not at intersection,3,60,Arterial Other,PLENTY,WHITTLESEA,-37.68605,145.0682,2019,5,May,10,Midday,Weekday
T20190009108,2019-05-15,09:00:00,1,Collision with vehicle,3,Wednesday,140,U TURN,1,350013,Not at intersection,2,50,Local Road,HOTHAM,LATROBE,-38.19728,146.53644,2019,5,May,9,Morning Peak,Weekday
T20190009174,2019-05-15,21:50:00,6,Vehicle overturned (no collision),3,Wednesday,174,OUT OF CONTROL ON CARRIAGEWAY (ON STRAIGHT),6,345585,Not at intersection,3,60,Local Road,HYDE,MARIBYRNONG,-37.81189,144.89796,2019,5,May,21,Night,Weekday
T20190009168,2019-05-15,18:15:00,1,Collision with vehicle,3,Wednesday,134,LANE CHANGE RIGHT (NOT OVERTAKING),9,345513,Not at intersection,3,60,Arterial Highway,PUNT,STONNINGTON,-37.8301,144.98782,2019,5,May,18,Afternoon Peak,Weekday
T20190009167,2019-05-15,22:30:00,1,Collision with vehicle,3,Wednesday,110,CROSS TRAFFIC(INTERSECTIONS ONLY),3,35942,Cross intersection,3,60,Arterial Other,MORELAND,MORELAND,-37.75568,144.96599,2019,5,May,22,Night,Weekday
T20190009103,2019-05-15,08:00:00,1,Collision with vehicle,3,Wednesday,148,VEHICLE OFF FOOTPATH STRIKES VEH ON CARRIAGEWAY,1,10752,Multiple intersection,3,60,Freeway,RACECOURSE,MOONEE VALLEY,-37.788857,144.93704,2019,5,May,8,Morning Peak,Weekday
T20190009472,2019-05-15,06:30:00,6,Vehicle overturned (no collision),3,Wednesday,174,OUT OF CONTROL ON CARRIAGEWAY (ON STRAIGHT),2,37651,Not at intersection,3,50,Local Road,ARGO,STONNINGTON,-37.844345,144.99048,2019,5,May,6,Morning Peak,Weekday
T20190009164,2019-05-15,19:36:00,1,Collision with vehicle,3,Wednesday,160,VEHICLE COLLIDES WITH VEHICLE PARKED ON LEFT OF ROAD,3,345694,Not at intersection,3,60,Local Road,PARR,SOUTH GIPPSLAND,-38.486046,145.9556,2019,5,May,19,Night,Weekday
T20190009101,2019-05-15,09:35:00,1,Collision with vehicle,3,Wednesday,134,LANE CHANGE RIGHT (NOT OVERTAKING),1,74804,Not at intersection,2,80,Freeway,BURNLEY,MELBOURNE,-37.82478,144.97145,2019,5,May,9,Morning Peak,Weekday
T20190009097,2019-05-15,06:32:00,1,Collision with vehicle,3,Wednesday,130,REAR END(VEHICLES IN SAME LANE),3,585575,Not at intersection,3,80,Freeway,EASTLINK,MANNINGHAM,-37.80166,145.18655,2019,5,May,6,Morning Peak,Weekday
T20190009121,2019-05-15,13:40:00,1,Collision with vehicle,3,Wednesday,134,LANE CHANGE RIGHT (NOT OVERTAKING),1,2611,Not at intersection,3,60,Arterial Other,MOUNTAIN,KNOX,-37.841267,145.26505,2019,5,May,13,Midday,Weekday
T20190009512,2019-05-15,07:20:00,1,Collision with vehicle,3,Wednesday,130,REAR END(VEHICLES IN SAME LANE),1,345537,Cross intersection,3,70,Arterial Other,DIAMOND CREEK,NILLUMBIK,-37.68856,145.11372,2019,5,May,7,Morning Peak,Weekday
T20190009226,2019-05-16,20:20:00,1,Collision with vehicle,4,Thursday,160,VEHICLE COLLIDES WITH VEHICLE PARKED ON LEFT OF ROAD,3,346730,Not at intersection,2,50,Local Road,OUTLOOK,DANDENONG,-37.95198,145.22247,2019,5,May,20,Night,Weekday
T20190009692,2019-05-16,16:30:00,1,Collision with vehicle,4,Thursday,147,VEHICLE STRIKES ANOTHER VEH WHILE EMERGING FROM DRIVEWAY,9,347132,Not at intersection,3,60,Arterial Other,QUEEN,HOBSONS BAY,-37.87348,144.78625,2019,5,May,16,Afternoon Peak,Weekday
T20190009238,2019-05-16,17:00:00,1,Collision with vehicle,4,Thursday,121,RIGHT THROUGH,1,43798,T intersection,3,60,Arterial Other,YORK,YARRA RANGES,-37.788246,145.37654,2019,5,May,17,Afternoon Peak,Weekday
T20190009224,2019-05-16,18:22:00,4,Collision with a fixed object,4,Thursday,173,RIGHT OFF CARRIAGEWAY INTO OBJECT/PARKED VEHICLE,5,345588,Not at intersection,3,100,Local Road,EDGARS,WYNDHAM,-37.920918,144.5076,2019,5,May,18,Afternoon Peak,Weekday
T20190012210,2019-05-16,08:50:00,1,Collision with vehicle,4,Thursday,121,RIGHT THROUGH,1,43809,T intersection,3,50,Arterial Other,MURRAY,DAREBIN,-37.736996,144.99417,2019,5,May,8,Morning Peak,Weekday
T20190009223,2019-05-16,14:30:00,1,Collision with vehicle,4,Thursday,160,VEHICLE COLLIDES WITH VEHICLE PARKED ON LEFT OF ROAD,1,346013,Not at intersection,3,60,Local Road,ROSAMOND,MARIBYRNONG,-37.781757,144.88432,2019,5,May,14,Midday,Weekday
T20190009222,2019-05-16,16:50:00,1,Collision with vehicle,4,Thursday,130,REAR END(VEHICLES IN SAME LANE),1,345218,Not at intersection,3,80,Arterial Highway,PRINCES HIGHWAY,MONASH,-37.88965,145.08214,2019,5,May,16,Afternoon Peak,Weekday
T20190009215,2019-05-16,16:12:00,1,Collision with vehicle,4,Thursday,140,U TURN,1,349809,Not at intersection,3,60,Arterial Other,CRAIGIEBURN,HUME,-37.60403,144.9465,2019,5,May,16,Afternoon Peak,Weekday
T20190009214,2019-05-16,18:15:00,1,Collision with vehicle,4,Thursday,130,REAR END(VEHICLES IN SAME LANE),3,585865,Not at intersection,2,80,Arterial Highway,SPRINGVALE,MONASH,-37.92032,145.1583,2019,5,May,18,Afternoon Peak,Weekday
T20190009212,2019-05-16,16:00:00,1,Collision with vehicle,4,Thursday,130,REAR END(VEHICLES IN SAME LANE),1,585864,Not at intersection,3,60,Local Road,GOLF LINKS,FRANKSTON,-38.17312,145.1485,2019,5,May,16,Afternoon Peak,Weekday
T20190009207,2019-05-16,14:40:00,1,Collision with vehicle,4,Thursday,120,HEAD ON (NOT OVERTAKING),1,345224,Not at intersection,2,60,Arterial Other,MT DERRIMUT,BRIMBANK,-37.78123,144.7731,2019,5,May,14,Midday,Weekday
T20190009205,2019-05-16,15:30:00,1,Collision with vehicle,4,Thursday,113,RIGHT NEAR (INTERSECTIONS ONLY),1,42862,Cross intersection,2,60,Arterial Other,CENTRE DANDENONG,KINGSTON,-37.975807,145.12256,2019,5,May,15,Afternoon Peak,Weekday
T20190009229,2019-05-16,22:03:00,1,Collision with vehicle,4,Thursday,120,HEAD ON (NOT OVERTAKING),3,345211,Cross intersection,2,60,Arterial Highway,PUNT,STONNINGTON,-37.85204,144.98396,2019,5,May,22,Night,Weekday
T20190009230,2019-05-16,18:15:00,1,Collision with vehicle,4,Thursday,130,REAR END(VEHICLES IN SAME LANE),3,345263,Not at intersection,3,50,Arterial Other,DUDLEY,MELBOURNE,-37.809162,144.95267,2019,5,May,18,Afternoon Peak,Weekday
T20190009263,2019-05-16,18:00:00,1,Collision with vehicle,4,Thursday,130,REAR END(VEHICLES IN SAME LANE),5,347230,Not at intersection,2,70,Local Road,FALCONER,MANNINGHAM,-37.77119,145.21954,2019,5,May,18,Afternoon Peak,Weekday
T20190009161,2019-05-16,04:02:00,1,Collision with vehicle,4,Thursday,121,RIGHT THROUGH,3,46908,Not at intersection,2,80,Arterial Other,BALLARAT,BRIMBANK,-37.77733,144.83069,2019,5,May,4,Late Night,Weekday
T20190009204,2019-05-16,14:12:00,1,Collision with vehicle,4,Thursday,121,RIGHT THROUGH,1,345237,T intersection,2,60,Arterial Other,CENTRE DANDENONG,KINGSTON,-37.98398,145.1332,2019,5,May,14,Midday,Weekday
T20190009203,2019-05-16,15:51:00,1,Collision with vehicle,4,Thursday,110,CROSS TRAFFIC(INTERSECTIONS ONLY),1,14682,Cross intersection,3,60,Arterial Other,PRINCES,CARDINIA,-38.068855,145.47113,2019,5,May,15,Afternoon Peak,Weekday
T20190009159,2019-05-16,05:40:00,1,Collision with vehicle,4,Thursday,121,RIGHT THROUGH,2,43935,T intersection,3,80,Arterial Highway,SOUTH GIPPSLAND,CASEY,-38.159912,145.31857,2019,5,May,5,Morning Peak,Weekday
T20190009154,2019-05-16,00:28:00,4,Collision with a fixed object,4,Thursday,173,RIGHT OFF CARRIAGEWAY INTO OBJECT/PARKED VEHICLE,3,67677,T intersection,2,80,Arterial Other,BORONIA,KNOX,-37.86161,145.27698,2019,5,May,0,Late Night,Weekday
T20190009202,2019-05-16,14:40:00,1,Collision with vehicle,4,Thursday,147,VEHICLE STRIKES ANOTHER VEH WHILE EMERGING FROM DRIVEWAY,1,345226,Not at intersection,2,80,Arterial Other,CRANBOURNE-FRANKSTON,FRANKSTON,-38.142902,145.20905,2019,5,May,14,Midday,Weekday
T20190009201,2019-05-16,14:00:00,4,Collision with a fixed object,4,Thursday,175,OFF END OF ROAD/T-INTERSECTION.,1,345586,T intersection,2,60,Local Road,BURKES,WARRNAMBOOL,-38.4148,142.59015,2019,5,May,14,Midday,Weekday
T20190009227,2019-05-16,22:15:00,4,Collision with a fixed object,4,Thursday,175,OFF END OF ROAD/T-INTERSECTION.,5,300503,T intersection,2,80,Arterial Other,CLUNES-CRESWICK,BALLARAT,-37.373554,143.85506,2019,5,May,22,Night,Weekday
T20190009198,2019-05-16,12:40:00,1,Collision with vehicle,4,Thursday,135,LANE CHANGE LEFT (NOT OVERTAKING),1,345292,Not at intersection,2,70,Arterial Other,MAHONEYS,WHITTLESEA,-37.693012,144.99376,2019,5,May,12,Midday,Weekday
T20190009196,2019-05-16,14:10:00,4,Collision with a fixed object,4,Thursday,171,LEFT OFF CARRIAGEWAY INTO OBJECT/PARKED VEHICLE,1,346731,Not at intersection,2,50,Local Road,WILLIS,BAYSIDE,-37.937313,145.00955,2019,5,May,14,Midday,Weekday
T20190009178,2019-05-16,05:50:00,1,Collision with vehicle,4,Thursday,135,LANE CHANGE LEFT (NOT OVERTAKING),5,345387,Not at intersection,3,80,Freeway,MONASH,STONNINGTON,-37.851364,145.05081,2019,5,May,5,Morning Peak,Weekday
T20190020916,2019-05-16,14:00:00,1,Collision with vehicle,4,Thursday,130,REAR END(VEHICLES IN SAME LANE),9,600479,Not at intersection,3,60,Arterial Other,BARRY,HUME,-37.66502,144.93297,2019,5,May,14,Midday,Weekday
T20190009173,2019-05-16,07:50:00,1,Collision with vehicle,4,Thursday,110,CROSS TRAFFIC(INTERSECTIONS ONLY),1,585862,Cross intersection,3,60,Arterial Highway,CAMPBELL,ARARAT,-37.278904,142.9376,2019,5,May,7,Morning Peak,Weekday
T20190009172,2019-05-16,10:51:00,1,Collision with vehicle,4,Thursday,131,LEFT REAR,1,651256,T intersection,2,60,Local Road,HIGH,MOYNE,-38.30037,142.37207,2019,5,May,10,Midday,Weekday
T20190009169,2019-05-16,07:17:00,1,Collision with vehicle,4,Thursday,131,LEFT REAR,1,358433,T intersection,3,60,Arterial Other,PASCOE VALE,MOONEE VALLEY,-37.759857,144.92616,2019,5,May,7,Morning Peak,Weekday
T20190009186,2019-05-16,08:15:00,2,Struck Pedestrian,4,Thursday,109,ANY MANOEUVRE INVOLVING PED NOT INCLUDED IN DCAs 100-108.,1,349666,Not at intersection,2,40,Arterial Highway,HAMILTON,SOUTHERN GRAMPIANS,-37.765938,142.09439,2019,5,May,8,Morning Peak,Weekday
T20190021723,2019-05-16,08:20:00,1,Collision with vehicle,4,Thursday,121,RIGHT THROUGH,1,602457,Cross intersection,3,60,Local Road,JACKSON,BENDIGO,-36.741615,144.2572,2019,5,May,8,Morning Peak,Weekday
T20190009559,2019-05-16,13:20:00,1,Collision with vehicle,4,Thursday,147,VEHICLE STRIKES ANOTHER VEH WHILE EMERGING FROM DRIVEWAY,1,346707,Not at intersection,3,60,Arterial Other,MIDDLEBOROUGH,WHITEHORSE,-37.81168,145.1401,2019,5,May,13,Midday,Weekday
T20190009737,2019-05-16,17:40:00,1,Collision with vehicle,4,Thursday,132,RIGHT REAR.,2,39078,Cross intersection,3,60,Arterial Other,STANHOPE,BOROONDARA,-37.829006,145.0644,2019,5,May,17,Afternoon Peak,Weekday
T20190009165,2019-05-16,08:16:00,1,Collision with vehicle,4,Thursday,135,LANE CHANGE LEFT (NOT OVERTAKING),1,585861,Not at intersection,3,100,Freeway,PRINCES,WYNDHAM,-37.842937,144.78838,2019,5,May,8,Morning Peak,Weekday
T20190009192,2019-05-16,13:45:00,4,Collision with a fixed object,4,Thursday,181,OFF RIGHT BEND INTO OBJECT/PARKED VEHICLE,1,345227,Not at intersection,2,80,Arterial Other,DON,YARRA RANGES,-37.691303,145.54716,2019,5,May,13,Midday,Weekday
T20190009183,2019-05-16,09:00:00,4,Collision with a fixed object,4,Thursday,173,RIGHT OFF CARRIAGEWAY INTO OBJECT/PARKED VEHICLE,1,585863,Not at intersection,2,60,Arterial Other,CRAIGIEBURN,HUME,-37.598717,144.93909,2019,5,May,9,Morning Peak,Weekday
T20190009180,2019-05-16,07:45:00,1,Collision with vehicle,4,Thursday,132,RIGHT REAR.,1,347239,Not at intersection,3,80,Arterial Other,HEALESVILLE-YARRA GLEN,YARRA RANGES,-37.659363,145.46217,2019,5,May,7,Morning Peak,Weekday
T20190010818,2019-05-16,12:00:00,2,Struck Pedestrian,4,Thursday,100,PED NEAR SIDE. PED HIT BY VEHICLE FROM THE RIGHT.,1,346100,Not at intersection,3,50,Arterial Other,CRAIGIEBURN,HUME,-37.603058,144.9438,2019,5,May,12,Midday,Weekday
T20190009267,2019-05-16,15:40:00,1,Collision with vehicle,4,Thursday,113,RIGHT NEAR (INTERSECTIONS ONLY),1,14015,T intersection,3,50,Arterial Other,WAVERLEY,MONASH,-37.890945,145.18246,2019,5,May,15,Afternoon Peak,Weekday
T20190009269,2019-05-16,17:00:00,1,Collision with vehicle,4,Thursday,130,REAR END(VEHICLES IN SAME LANE),1,345348,Dead end,3,50,Arterial Other,BOLTON,BANYULE,-37.73108,145.13506,2019,5,May,17,Afternoon Peak,Weekday
T20190009235,2019-05-16,13:50:00,1,Collision with vehicle,4,Thursday,111,RIGHT FAR (INTERSECTIONS ONLY),1,44285,T intersection,3,60,Arterial Other,PLENTY,DAREBIN,-37.739586,145.01093,2019,5,May,13,Midday,Weekday
T20190009281,2019-05-17,16:20:00,1,Collision with vehicle,5,Friday,110,CROSS TRAFFIC(INTERSECTIONS ONLY),1,73552,Cross intersection,2,50,Local Road,QUEEN,COLAC OTWAY,-38.345478,143.59187,2019,5,May,16,Afternoon Peak,Weekday
T20190009277,2019-05-17,14:01:00,1,Collision with vehicle,5,Friday,121,RIGHT THROUGH,1,29813,Cross intersection,2,60,Arterial Other,BALLARAT,BRIMBANK,-37.769783,144.77133,2019,5,May,14,Midday,Weekday
T20190009271,2019-05-17,16:05:00,1,Collision with vehicle,5,Friday,121,RIGHT THROUGH,1,224606,T intersection,3,80,Arterial Highway,NEPEAN,GLEN EIRA,-37.92474,145.02655,2019,5,May,16,Afternoon Peak,Weekday
T20190009270,2019-05-17,12:40:00,1,Collision with vehicle,5,Friday,120,HEAD ON (NOT OVERTAKING),1,581377,Not at intersection,2,60,Local Road,OLD HEALESVILLE,YARRA RANGES,-37.648586,145.46442,2019,5,May,12,Midday,Weekday
T20190009259,2019-05-17,11:50:00,1,Collision with vehicle,5,Friday,113,RIGHT NEAR (INTERSECTIONS ONLY),1,43690,T intersection,3,40,Arterial Other,GAP,HUME,-37.580204,144.72372,2019,5,May,11,Midday,Weekday
T20190009366,2019-05-17,23:30:00,1,Collision with vehicle,5,Friday,134,LANE CHANGE RIGHT (NOT OVERTAKING),3,125594,Not at intersection,3,40,Local Road,LONSDALE,MELBOURNE,-37.81233,144.9621,2019,5,May,23,Night,Weekday
T20190009255,2019-05-17,08:25:00,1,Collision with vehicle,5,Friday,130,REAR END(VEHICLES IN SAME LANE),1,586138,Not at intersection,2,80,Arterial Highway,PRINCES,CASEY,-38.00857,145.27835,2019,5,May,8,Morning Peak,Weekday
T20190009253,2019-05-17,09:30:00,1,Collision with vehicle,5,Friday,130,REAR END(VEHICLES IN SAME LANE),1,346278,Not at intersection,3,60,Arterial Other,BOUNDARY,MORELAND,-37.71864,144.95715,2019,5,May,9,Morning Peak,Weekday
T20190009251,2019-05-17,10:15:00,1,Collision with vehicle,5,Friday,135,LANE CHANGE LEFT (NOT OVERTAKING),1,345437,Not at intersection,3,80,Freeway,TULLAMARINE,MOONEE VALLEY,-37.72024,144.89207,2019,5,May,10,Midday,Weekday
T20190009249,2019-05-17,12:20:00,1,Collision with vehicle,5,Friday,123,RIGHT/LEFT. ONE VEH TURNING RIGHT THE OTHER LEFT.,1,345590,T intersection,3,60,Local Road,SANCTUARY LAKES SOUTH,WYNDHAM,-37.896954,144.75783,2019,5,May,12,Midday,Weekday
T20190009248,2019-05-17,08:35:00,1,Collision with vehicle,5,Friday,130,REAR END(VEHICLES IN SAME LANE),1,345589,Multiple intersection,2,100,Freeway,PRINCES,HOBSONS BAY,-37.86382,144.77666,2019,5,May,8,Morning Peak,Weekday
T20190009312,2019-05-17,22:00:00,2,Struck Pedestrian,5,Friday,102,FAR SIDE. PED HIT BY VEHICLE FROM THE LEFT,5,345428,Not at intersection,3,100,Arterial Highway,HENTY,GLENELG,-38.304028,141.59854,2019,5,May,22,Night,Weekday
T20190009321,2019-05-17,18:00:00,1,Collision with vehicle,5,Friday,163,VEHICLE STRIKES DOOR OF PARKED/STATIONARY VEHICLE,9,345796,Not at intersection,3,40,Local Road,BRUNSWICK,YARRA,-37.79582,144.9789,2019,5,May,18,Afternoon Peak,Weekday
T20190009328,2019-05-17,17:10:00,1,Collision with vehicle,5,Friday,113,RIGHT NEAR (INTERSECTIONS ONLY),1,51839,Cross intersection,2,60,Arterial Other,BOURKE,MACEDON RANGES,-37.256332,144.46877,2019,5,May,17,Afternoon Peak,Weekday
T20190009331,2019-05-17,08:43:00,1,Collision with vehicle,5,Friday,160,VEHICLE COLLIDES WITH VEHICLE PARKED ON LEFT OF ROAD,1,345521,Not at intersection,3,50,Local Road,LONSDALE,SOUTHERN GRAMPIANS,-37.74475,142.01675,2019,5,May,8,Morning Peak,Weekday
T20190009338,2019-05-17,16:13:00,1,Collision with vehicle,5,Friday,130,REAR END(VEHICLES IN SAME LANE),1,41289,Cross intersection,3,80,Arterial Highway,NORTH,GLEN EIRA,-37.9018,145.02347,2019,5,May,16,Afternoon Peak,Weekday
T20210009491,2019-05-17,15:30:00,1,Collision with vehicle,5,Friday,134,LANE CHANGE RIGHT (NOT OVERTAKING),1,683489,Not at intersection,3,50,Arterial Highway,FRANKSTON-DANDENONG ROAD -THOMPSON,DANDENONG,-38.0716,145.19475,2019,5,May,15,Afternoon Peak,Weekday
T20190015668,2019-05-17,11:00:00,2,Struck Pedestrian,5,Friday,102,FAR SIDE. PED HIT BY VEHICLE FROM THE LEFT,1,580284,Not at intersection,3,60,Arterial Other,JASPER,GLEN EIRA,-37.91918,145.04161,2019,5,May,11,Midday,Weekday
T20190009343,2019-05-17,14:50:00,6,Vehicle overturned (no collision),5,Friday,180,OFF CARRIAGEWAY ON RIGHT BEND,1,345334,Not at intersection,3,60,Local Road,WOORNDOO-STREATHAM,MOYNE,-37.870735,142.83057,2019,5,May,14,Midday,Weekday
T20190009256,2019-05-17,13:00:00,1,Collision with vehicle,5,Friday,114,TWO RIGHT TURNING (INTERSECTIONS ONLY),1,29533,T intersection,2,60,Arterial Other,POWER,BOROONDARA,-37.817207,145.0272,2019,5,May,13,Midday,Weekday
T20190009247,2019-05-17,10:43:00,2,Struck Pedestrian,5,Friday,100,PED NEAR SIDE. PED HIT BY VEHICLE FROM THE RIGHT.,1,38593,T intersection,3,60,Arterial Other,ASHLEY,MARIBYRNONG,-37.78989,144.86383,2019,5,May,10,Midday,Weekday
T20190009244,2019-05-17,06:59:00,2,Struck Pedestrian,5,Friday,102,FAR SIDE. PED HIT BY VEHICLE FROM THE LEFT,2,44642,Multiple intersection,3,40,Local Road,LYTTLETON,BENDIGO,-36.760162,144.28197,2019,5,May,6,Morning Peak,Weekday
T20190009242,2019-05-17,08:14:00,1,Collision with vehicle,5,Friday,121,RIGHT THROUGH,1,226405,T intersection,3,80,Arterial Highway,PRINCES,COLAC OTWAY,-38.33481,143.53482,2019,5,May,8,Morning Peak,Weekday
T20190009240,2019-05-17,08:50:00,1,Collision with vehicle,5,Friday,130,REAR END(VEHICLES IN SAME LANE),1,345335,Not at intersection,3,60,Arterial Other,MCLEOD,KINGSTON,-38.071514,145.13577,2019,5,May,8,Morning Peak,Weekday
T20190009239,2019-05-17,06:55:00,1,Collision with vehicle,5,Friday,120,HEAD ON (NOT OVERTAKING),1,589205,Not at intersection,2,60,Arterial Other,BROADFORD-FLOWERDALE,MURRINDINDI,-37.236176,145.22308,2019,5,May,6,Morning Peak,Weekday
T20190009234,2019-05-17,06:10:00,8,No collision and no object struck,5,Friday,180,OFF CARRIAGEWAY ON RIGHT BEND,5,345212,T intersection,2,100,Local Road,WANGARATTA-KILFEERA,WANGARATTA,-36.50425,146.28075,2019,5,May,6,Morning Peak,Weekday