ACCIDENT_NO,ACCIDENT_DATE,ACCIDENT_TIME,ACCIDENT_TYPE,ACCIDENT_TYPE_DESC,DAY_OF_WEEK,DAY_WEEK_DESC,DCA_CODE,DCA_DESC,LIGHT_CONDITION,NODE_ID,ROAD_GEOMETRY_DESC,SEVERITY,SPEED_ZONE,RMA,ROAD_NAME,LGA_NAME,LATITUDE,LONGITUDE,YEAR,MONTH,MONTH_NAME,HOUR,TIME_PERIOD,DAY_TYPE
T20190009232,2019-05-17,04:30:00,8,No collision and no object struck,5,Friday,175,OFF END OF ROAD/T-INTERSECTION.,5,71364,T intersection,2,100,Arterial Other,BENGWORDEN,WELLINGTON,-38.06922,147.08354,2019,5,May,4,Late Night,Weekday
T20190009604,2019-05-17,17:12:00,2,Struck Pedestrian,5,Friday,100,PED NEAR SIDE. PED HIT BY VEHICLE FROM THE RIGHT.,2,35491,T intersection,3,60,Arterial Other,CANTERBURY,PORT PHILLIP,-37.855286,144.97234,2019,5,May,17,Afternoon Peak,Weekday
T20190013413,2019-05-17,18:00:00,1,Collision with vehicle,5,Friday,163,VEHICLE STRIKES DOOR OF PARKED/STATIONARY VEHICLE,1,352662,Not at intersection,3,40,Arterial Other,BRIDGE,YARRA,-37.81854,144.9986,2019,5,May,18,Afternoon Peak,Weekday
T20190009450,2019-05-17,18:11:00,1,Collision with vehicle,5,Friday,130,REAR END(VEHICLES IN SAME LANE),3,345329,Not at intersection,2,80,Freeway,WESTERN RING IN-CALDER OUT,BRIMBANK,-37.7274,144.86224,2019,5,May,18,Afternoon Peak,Weekday
T20190009441,2019-05-17,11:00:00,3,Struck animal,5,Friday,167,STRUCK ANIMAL,1,345388,Not at intersection,2,80,Arterial Other,COOPER,HUME,-37.645096,144.96307,2019,5,May,11,Midday,Weekday
T20190010336,2019-05-17,19:00:00,1,Collision with vehicle,5,Friday,111,RIGHT FAR (INTERSECTIONS ONLY),1,48501,T intersection,3,60,Arterial Other,MURRUMBEENA,GLEN EIRA,-37.88745,145.06694,2019,5,May,19,Night,Weekday
T20190009295,2019-05-17,18:15:00,2,Struck Pedestrian,5,Friday,100,PED NEAR SIDE. PED HIT BY VEHICLE FROM THE RIGHT.,3,39503,T intersection,2,50,Arterial Highway,SPRINGVALE,WHITEHORSE,-37.816216,145.17636,2019,5,May,18,Afternoon Peak,Weekday
T20190009294,2019-05-17,22:52:00,3,Struck animal,5,Friday,167,STRUCK ANIMAL,3,345594,T intersection,3,60,Arterial Other,HEIDELBERG-KINGLAKE,NILLUMBIK,-37.64748,145.18991,2019,5,May,22,Night,Weekday
T20190009292,2019-05-17,21:00:00,1,Collision with vehicle,5,Friday,130,REAR END(VEHICLES IN SAME LANE),3,345304,Not at intersection,3,60,Arterial Other,COBURNS,MELTON,-37.68666,144.56773,2019,5,May,21,Night,Weekday
T20190009290,2019-05-17,15:10:00,1,Collision with vehicle,5,Friday,120,HEAD ON (NOT OVERTAKING),1,346575,Not at intersection,1,100,Arterial Highway,HAMILTON,CORANGAMITE,-38.026924,143.6104,2019,5,May,15,Afternoon Peak,Weekday
T20190009289,2019-05-17,15:00:00,1,Collision with vehicle,5,Friday,121,RIGHT THROUGH,1,43767,T intersection,2,40,Local Road,EXFORD,MELTON,-37.709244,144.57388,2019,5,May,15,Afternoon Peak,Weekday
T20190009288,2019-05-17,21:13:00,1,Collision with vehicle,5,Friday,142,LEAVING PARKING,3,346231,Not at intersection,2,60,Arterial Other,BURWOOD,BOROONDARA,-37.82228,145.03253,2019,5,May,21,Night,Weekday
T20190009287,2019-05-17,15:17:00,2,Struck Pedestrian,5,Friday,102,FAR SIDE. PED HIT BY VEHICLE FROM THE LEFT,1,345242,Not at intersection,3,40,Local Road,CLEARWOOD,WYNDHAM,-37.84147,144.71892,2019,5,May,15,Afternoon Peak,Weekday
T20190009326,2019-05-18,14:04:00,1,Collision with vehicle,6,Saturday,121,RIGHT THROUGH,1,44693,Cross intersection,3,50,Arterial Highway,MURRAY STREET -MURRAY,COLAC OTWAY,-38.339478,143.59236,2019,5,May,14,Midday,Weekend
T20190009308,2019-05-18,07:50:00,1,Collision with vehicle,6,Saturday,173,RIGHT OFF CARRIAGEWAY INTO OBJECT/PARKED VEHICLE,1,586438,Not at intersection,2,40,Local Road,CHURCH,BAYSIDE,-37.915234,144.99586,2019,5,May,7,Morning Peak,Weekend
T20190009351,2019-05-18,15:45:00,6,Vehicle overturned (no collision),6,Saturday,184,OUT OF CONTROL ON CARRIAGEWAY (ON BEND),1,345256,Not at intersection,1,60,Local Road,RYANS,YARRA RANGES,-37.646946,145.50993,2019,5,May,15,Afternoon Peak,Weekend
T20190009350,2019-05-18,15:15:00,4,Collision with a fixed object,6,Saturday,171,LEFT OFF CARRIAGEWAY INTO OBJECT/PARKED VEHICLE,1,345410,T intersection,2,60,Local Road,LOWER HOMESTEAD,YARRA RANGES,-37.73321,145.28316,2019,5,May,15,Afternoon Peak,Weekend
T20190009304,2019-05-18,02:20:00,1,Collision with vehicle,6,Saturday,162,ACCIDENT OR BROKEN DOWN,3,345520,Not at intersection,2,60,Arterial Other,CLAYTON,MONASH,-37.91702,145.12129,2019,5,May,2,Late Night,Weekend
T20190009347,2019-05-18,16:45:00,1,Collision with vehicle,6,Saturday,137,LEFT TURN SIDESWIPE,1,346210,Not at intersection,2,60,Local Road,COLCHESTER,MAROONDAH,-37.83037,145.30263,2019,5,May,16,Afternoon Peak,Weekend
T20190011052,2019-05-18,05:30:00,1,Collision with vehicle,6,Saturday,120,HEAD ON (NOT OVERTAKING),3,586439,Not at intersection,2,60,Local Road,DIGGERS,WYNDHAM,-37.922005,144.69368,2019,5,May,5,Morning Peak,Weekend
T20190009339,2019-05-18,14:51:00,1,Collision with vehicle,6,Saturday,121,RIGHT THROUGH,1,223351,T intersection,2,80,Arterial Highway,FRANKSTON-DANDENONG,FRANKSTON,-38.10538,145.16788,2019,5,May,14,Midday,Weekend
T20190009329,2019-05-18,13:55:00,1,Collision with vehicle,6,Saturday,110,CROSS TRAFFIC(INTERSECTIONS ONLY),1,15443,Cross intersection,3,70,Arterial Highway,SURF COAST,GEELONG,-38.21961,144.33792,2019,5,May,13,Midday,Weekend
T20190009368,2019-05-18,23:30:00,1,Collision with vehicle,6,Saturday,121,RIGHT THROUGH,3,44939,Cross intersection,3,60,Arterial Other,MAIN ROAD E-MAIN,BRIMBANK,-37.744232,144.79994,2019,5,May,23,Night,Weekend
T20190009323,2019-05-18,13:05:00,1,Collision with vehicle,6,Saturday,110,CROSS TRAFFIC(INTERSECTIONS ONLY),1,51118,Cross intersection,2,100,Arterial Highway,MIDLAND,SHEPPARTON,-36.396717,145.46193,2019,5,May,13,Midday,Weekend
T20190009322,2019-05-18,14:01:00,1,Collision with vehicle,6,Saturday,121,RIGHT THROUGH,1,691271,Not at intersection,2,50,Local Road,PLENTY,DAREBIN,-37.75148,145.00224,2019,5,May,14,Midday,Weekend
T20190009356,2019-05-18,21:16:00,1,Collision with vehicle,6,Saturday,121,RIGHT THROUGH,3,38405,T intersection,2,60,Arterial Other,RINGWOOD-WARRANDYTE,MANNINGHAM,-37.76946,145.23038,2019,5,May,21,Night,Weekend
T20190009358,2019-05-18,22:00:00,1,Collision with vehicle,6,Saturday,110,CROSS TRAFFIC(INTERSECTIONS ONLY),3,1015,Cross intersection,3,80,Arterial Other,CLYDE,CASEY,-38.05993,145.33846,2019,5,May,22,Night,Weekend
T20190009363,2019-05-18,21:10:00,4,Collision with a fixed object,6,Saturday,173,RIGHT OFF CARRIAGEWAY INTO OBJECT/PARKED VEHICLE,3,42052,T intersection,3,50,Arterial Other,HAMPTON,BAYSIDE,-37.938335,145.00235,2019,5,May,21,Night,Weekend
T20190009319,2019-05-18,11:30:00,1,Collision with vehicle,6,Saturday,132,RIGHT REAR.,1,346051,Not at intersection,2,60,Arterial Other,CLAYTON,KINGSTON,-37.95448,145.11404,2019,5,May,11,Midday,Weekend
T20190009354,2019-05-18,17:00:00,1,Collision with vehicle,6,Saturday,121,RIGHT THROUGH,1,10608,Multiple intersection,3,70,Freeway,EDGARS,WHITTLESEA,-37.686283,145.00233,2019,5,May,17,Afternoon Peak,Weekend
T20190009927,2019-05-18,15:15:00,1,Collision with vehicle,6,Saturday,130,REAR END(VEHICLES IN SAME LANE),1,345574,Not at intersection,3,100,Arterial Other,LANCEFIELD,HUME,-37.5182,144.76166,2019,5,May,15,Afternoon Peak,Weekend
T20190009352,2019-05-18,17:55:00,1,Collision with vehicle,6,Saturday,140,U TURN,3,598453,Not at intersection,3,60,Arterial Highway,BRIGHTON ROAD SERVICE,PORT PHILLIP,-37.875412,144.9916,2019,5,May,17,Afternoon Peak,Weekend
T20190009342,2019-05-18,15:50:00,1,Collision with vehicle,6,Saturday,130,REAR END(VEHICLES IN SAME LANE),1,348495,Not at intersection,3,60,Arterial Highway,ALBERT,DAREBIN,-37.7458,145.022,2019,5,May,15,Afternoon Peak,Weekend
T20190009305,2019-05-18,02:00:00,1,Collision with vehicle,6,Saturday,130,REAR END(VEHICLES IN SAME LANE),3,345456,Not at intersection,3,100,Freeway,WESTERN,BRIMBANK,-37.79758,144.75931,2019,5,May,2,Late Night,Weekend
T20190009316,2019-05-18,11:58:00,1,Collision with vehicle,6,Saturday,121,RIGHT THROUGH,1,53325,T intersection,3,60,Arterial Highway,ARGYLE,LATROBE,-38.195156,146.54138,2019,5,May,11,Midday,Weekend
T20190009315,2019-05-18,08:48:00,1,Collision with vehicle,6,Saturday,160,VEHICLE COLLIDES WITH VEHICLE PARKED ON LEFT OF ROAD,1,345283,Not at intersection,2,50,Local Road,DUMBARTON,DAREBIN,-37.701946,145.02798,2019,5,May,8,Morning Peak,Weekend
T20190009314,2019-05-18,09:32:00,2,Struck Pedestrian,6,Saturday,100,PED NEAR SIDE. PED HIT BY VEHICLE FROM THE RIGHT.,1,29529,Cross intersection,2,40,Arterial Highway,RACECOURSE,MELBOURNE,-37.78816,144.92947,2019,5,May,9,Morning Peak,Weekend
T20190009353,2019-05-18,15:45:00,1,Collision with vehicle,6,Saturday,110,CROSS TRAFFIC(INTERSECTIONS ONLY),1,45174,Cross intersection,2,50,Local Road,HARGREAVES,MARIBYRNONG,-37.785294,144.86119,2019,5,May,15,Afternoon Peak,Weekend
T20190013417,2019-05-18,11:08:00,1,Collision with vehicle,6,Saturday,121,RIGHT THROUGH,1,42349,T intersection,2,60,Arterial Other,CENTRE,KINGSTON,-37.9257,145.09612,2019,5,May,11,Midday,Weekend
T20190009310,2019-05-18,09:05:00,1,Collision with vehicle,6,Saturday,130,REAR END(VEHICLES IN SAME LANE),1,345571,Not at intersection,3,60,Arterial Other,ELTHAM-YARRA GLEN,NILLUMBIK,-37.6906,145.21574,2019,5,May,9,Morning Peak,Weekend
T20190009340,2019-05-18,16:00:00,8,No collision and no object struck,6,Saturday,172,OFF CARRIAGEWAY TO RIGHT,1,345432,Not at intersection,2,80,Arterial Other,WOORI YALLOCK,CARDINIA,-37.91615,145.50066,2019,5,May,16,Afternoon Peak,Weekend
T20190009389,2019-05-18,20:15:00,1,Collision with vehicle,6,Saturday,110,CROSS TRAFFIC(INTERSECTIONS ONLY),3,50318,Cross intersection,2,100,Local Road,BLACKGATE,SURF COAST,-38.28844,144.34355,2019,5,May,20,Night,Weekend
T20190009355,2019-05-18,17:51:00,1,Collision with vehicle,6,Saturday,113,RIGHT NEAR (INTERSECTIONS ONLY),3,36797,T intersection,3,60,Arterial Other,SOMERTON,HUME,-37.63586,144.889,2019,5,May,17,Afternoon Peak,Weekend
T20190009299,2019-05-18,02:25:00,2,Struck Pedestrian,6,Saturday,100,PED NEAR SIDE. PED HIT BY VEHICLE FROM THE RIGHT.,3,585867,Not at intersection,3,40,Local Road,ELIZABETH,MELBOURNE,-37.81162,144.96196,2019,5,May,2,Late Night,Weekend
T20190013335,2019-05-18,03:00:00,4,Collision with a fixed object,6,Saturday,173,RIGHT OFF CARRIAGEWAY INTO OBJECT/PARKED VEHICLE,5,360741,Not at intersection,2,50,Local Road,MASONS,WHITTLESEA,-37.58227,145.06323,2019,5,May,3,Late Night,Weekend
T20190009495,2019-05-18,14:35:00,4,Collision with a fixed object,6,Saturday,171,LEFT OFF CARRIAGEWAY INTO OBJECT/PARKED VEHICLE,1,345399,Not at intersection,3,50,Local Road,WARATAH,MORNINGTON PENINSULA,-38.21039,145.05305,2019,5,May,14,Midday,Weekend
T20190011832,2019-05-18,00:15:00,8,No collision and no object struck,6,Saturday,174,OUT OF CONTROL ON CARRIAGEWAY (ON STRAIGHT),3,29590,Cross intersection,2,60,Arterial Other,CARLISLE,PORT PHILLIP,-37.86717,144.98123,2019,5,May,0,Late Night,Weekend
T20190009336,2019-05-18,08:45:00,1,Collision with vehicle,6,Saturday,116,LEFT NEAR (INTERSECTIONS ONLY),1,37188,T intersection,3,50,Arterial Other,CHURCH,YARRA,-37.829052,144.99733,2019,5,May,8,Morning Peak,Weekend
T20190009349,2019-05-18,14:47:00,1,Collision with vehicle,6,Saturday,135,LANE CHANGE LEFT (NOT OVERTAKING),1,42897,T intersection,3,60,Local Road,CORRIGAN,DANDENONG,-37.976185,145.16621,2019,5,May,14,Midday,Weekend
T20190009439,2019-05-18,19:20:00,1,Collision with vehicle,6,Saturday,160,VEHICLE COLLIDES WITH VEHICLE PARKED ON LEFT OF ROAD,3,346338,Not at intersection,3,60,Local Road,LYONS,MAROONDAH,-37.76843,145.28891,2019,5,May,19,Night,Weekend
T20190009300,2019-05-18,02:05:00,1,Collision with vehicle,6,Saturday,145,REVERSING IN STREAM OF TRAFFIC,4,43517,T intersection,3,80,Arterial Other,CRANBOURNE,FRANKSTON,-38.150913,145.15123,2019,5,May,2,Late Night,Weekend
T20190009391,2019-05-19,12:26:00,1,Collision with vehicle,7,Sunday,113,RIGHT NEAR (INTERSECTIONS ONLY),1,44997,T intersection,2,80,Arterial Other,BALLARAT,BRIMBANK,-37.775574,144.81541,2019,5,May,12,Midday,Weekend
T20190010086,2019-05-19,17:45:00,1,Collision with vehicle,7,Sunday,111,RIGHT FAR (INTERSECTIONS ONLY),9,274317,Cross intersection,3,60,Local Road,BREWSTER,MOONEE VALLEY,-37.75134,144.92374,2019,5,May,17,Afternoon Peak,Weekend
T20190009409,2019-05-19,15:32:00,5,collision with some other object,7,Sunday,191,LOAD OR MISSILE STRUCK VEHICLE,1,346771,Not at intersection,2,100,Arterial Other,MONASH,LATROBE,-38.35492,146.31853,2019,5,May,15,Afternoon Peak,Weekend
T20190009403,2019-05-19,16:35:00,2,Struck Pedestrian,7,Sunday,100,PED NEAR SIDE. PED HIT BY VEHICLE FROM THE RIGHT.,2,54480,Cross intersection,2,60,Local Road,CAROLINE SPRINGS,MELTON,-37.733738,144.74104,2019,5,May,16,Afternoon Peak,Weekend
T20190009410,2019-05-19,16:40:00,4,Collision with a fixed object,7,Sunday,171,LEFT OFF CARRIAGEWAY INTO OBJECT/PARKED VEHICLE,1,345682,Not at intersection,2,100,Freeway,SOUTH GIPPSLAND,CASEY,-38.02046,145.24837,2019,5,May,16,Afternoon Peak,Weekend
T20190009379,2019-05-19,02:30:00,4,Collision with a fixed object,7,Sunday,183,OFF LEFT BEND INTO OBJECT/PARKED VEHICLE,5,345259,Not at intersection,1,100,Local Road,KULKYNE,MILDURA,-34.56213,142.4064,2019,5,May,2,Late Night,Weekend
T20190009381,2019-05-19,11:40:00,1,Collision with vehicle,7,Sunday,130,REAR END(VEHICLES IN SAME LANE),1,38572,Cross intersection,3,60,Arterial Highway,PLENTY,WHITTLESEA,-37.697838,145.05884,2019,5,May,11,Midday,Weekend
T20190009416,2019-05-19,15:30:00,1,Collision with vehicle,7,Sunday,163,VEHICLE STRIKES DOOR OF PARKED/STATIONARY VEHICLE,1,345440,Not at intersection,3,40,Local Road,NICHOLSON,EAST GIPPSLAND,-37.824955,147.62968,2019,5,May,15,Afternoon Peak,Weekend
T20190009395,2019-05-19,13:07:00,2,Struck Pedestrian,7,Sunday,101,PED EMERGES FROM IN FRONT OF PARKED OR STATIONARY VEHICLE,1,345401,Not at intersection,3,40,Local Road,LARNE,DAREBIN,-37.75076,145.0057,2019,5,May,13,Midday,Weekend
T20190009420,2019-05-19,17:50:00,8,No collision and no object struck,7,Sunday,151,OUT OF CONTROL (OVERTAKING),2,603606,Not at intersection,2,50,Local Road,ST ANDREWS,YARRA RANGES,-37.756374,145.33098,2019,5,May,17,Afternoon Peak,Weekend
T20190009399,2019-05-19,14:50:00,1,Collision with vehicle,7,Sunday,110,CROSS TRAFFIC(INTERSECTIONS ONLY),1,974,Cross intersection,3,60,Local Road,MEMORIAL,CASEY,-37.982174,145.31506,2019,5,May,14,Midday,Weekend
T20190009421,2019-05-19,16:54:00,4,Collision with a fixed object,7,Sunday,171,LEFT OFF CARRIAGEWAY INTO OBJECT/PARKED VEHICLE,1,346393,Not at intersection,2,100,Freeway,MONASH,CASEY,-37.999233,145.28497,2019,5,May,16,Afternoon Peak,Weekend
T20190009424,2019-05-19,19:22:00,1,Collision with vehicle,7,Sunday,160,VEHICLE COLLIDES WITH VEHICLE PARKED ON LEFT OF ROAD,3,345499,Not at intersection,2,50,Local Road,ALBERT,KNOX,-37.897373,145.31047,2019,5,May,19,Night,Weekend
T20190009401,2019-05-19,06:30:00,9,Other accident,7,Sunday,179,OTHER ACCIDENTS-OFF STRAIGHT NOT INCLUDED IN DCAs 170-175,9,779764,Not at intersection,3,100,Local Road,WATSON,CAMPASPE,-36.26872,144.93198,2019,5,May,6,Morning Peak,Weekend
T20190009394,2019-05-19,12:30:00,1,Collision with vehicle,7,Sunday,149,OTHER MANOEUVRING NOT INCLUDED IN DCAs 140-148,1,346017,T intersection,3,60,Arterial Other,JOHNSTON,YARRA,-37.798084,144.97612,2019,5,May,12,Midday,Weekend
T20190009382,2019-05-19,11:00:00,1,Collision with vehicle,7,Sunday,148,VEHICLE OFF FOOTPATH STRIKES VEH ON CARRIAGEWAY,1,269016,Not at intersection,3,60,Arterial Other,KEILOR,MOONEE VALLEY,-37.74154,144.90279,2019,5,May,11,Midday,Weekend
T20190009383,2019-05-19,10:30:00,1,Collision with vehicle,7,Sunday,114,TWO RIGHT TURNING (INTERSECTIONS ONLY),1,56265,T intersection,2,50,Local Road,DOYSAL,KNOX,-37.87657,145.2929,2019,5,May,10,Midday,Weekend
T20190009452,2019-05-19,08:34:00,1,Collision with vehicle,7,Sunday,110,CROSS TRAFFIC(INTERSECTIONS ONLY),1,58045,Cross intersection,3,60,Local Road,MILLIGAN,BRIMBANK,-37.696915,144.76587,2019,5,May,8,Morning Peak,Weekend
T20190009398,2019-05-19,14:20:00,1,Collision with vehicle,7,Sunday,121,RIGHT THROUGH,1,47227,Cross intersection,2,60,Freeway,FORSTER,MONASH,-37.89354,145.13033,2019,5,May,14,Midday,Weekend
T20190009392,2019-05-19,12:45:00,1,Collision with vehicle,7,Sunday,113,RIGHT NEAR (INTERSECTIONS ONLY),1,43239,Unknown,3,60,Arterial Highway,NEPEAN,KINGSTON,-38.047592,145.1137,2019,5,May,12,Midday,Weekend
T20190009663,2019-05-19,15:19:00,1,Collision with vehicle,7,Sunday,113,RIGHT NEAR (INTERSECTIONS ONLY),1,658284,Cross intersection,2,60,Arterial Other,SLADEN,CASEY,-38.11258,145.27966,2019,5,May,15,Afternoon Peak,Weekend
T20190009662,2019-05-19,17:50:00,6,Vehicle overturned (no collision),7,Sunday,170,OFF CARRIAGEWAY TO LEFT,5,345624,Not at intersection,3,100,Arterial Highway,GREAT OCEAN,MOYNE,-38.44373,142.72311,2019,5,May,17,Afternoon Peak,Weekend
T20190009386,2019-05-19,10:27:00,1,Collision with vehicle,7,Sunday,130,REAR END(VEHICLES IN SAME LANE),1,345531,Not at intersection,3,60,Arterial Other,ROYAL PARADE SERVICE,MELBOURNE,-37.78508,144.95953,2019,5,May,10,Midday,Weekend
T20190010256,2019-05-19,11:45:00,4,Collision with a fixed object,7,Sunday,173,RIGHT OFF CARRIAGEWAY INTO OBJECT/PARKED VEHICLE,1,580428,Not at intersection,2,60,Local Road,RICHARDSON,CORANGAMITE,-37.953068,143.33136,2019,5,May,11,Midday,Weekend
T20190009387,2019-05-19,12:33:00,1,Collision with vehicle,7,Sunday,132,RIGHT REAR.,1,588119,Not at intersection,2,60,Local Road,SWITCHBACK,YARRA RANGES,-37.744617,145.32782,2019,5,May,12,Midday,Weekend
T20190009413,2019-05-19,16:05:00,6,Vehicle overturned (no collision),7,Sunday,180,OFF CARRIAGEWAY ON RIGHT BEND,1,345258,Not at intersection,1,100,Arterial Other,NHILL-HARROW,WEST WIMMERA,-36.68909,141.63753,2019,5,May,16,Afternoon Peak,Weekend
T20190009529,2019-05-19,13:57:00,1,Collision with vehicle,7,Sunday,130,REAR END(VEHICLES IN SAME LANE),1,345687,Not at intersection,3,50,Local Road,SANDELLS,YARRA RANGES,-37.902508,145.34544,2019,5,May,13,Midday,Weekend
T20190009412,2019-05-19,17:05:00,1,Collision with vehicle,7,Sunday,130,REAR END(VEHICLES IN SAME LANE),2,345301,Not at intersection,3,100,Freeway,PRINCES,CARDINIA,-38.07331,145.667,2019,5,May,17,Afternoon Peak,Weekend
T20190009411,2019-05-19,14:10:00,4,Collision with a fixed object,7,Sunday,171,LEFT OFF CARRIAGEWAY INTO OBJECT/PARKED VEHICLE,1,634135,Not at intersection,3,60,Arterial Other,BARWON HEADS,GEELONG,-38.18884,144.35678,2019,5,May,14,Midday,Weekend
T20190009397,2019-05-19,14:15:00,1,Collision with vehicle,7,Sunday,110,CROSS TRAFFIC(INTERSECTIONS ONLY),1,44611,Cross intersection,3,60,Arterial Other,WAIORA,BANYULE,-37.74033,145.05907,2019,5,May,14,Midday,Weekend
T20190009743,2019-05-19,12:45:00,8,No collision and no object struck,7,Sunday,174,OUT OF CONTROL ON CARRIAGEWAY (ON STRAIGHT),1,59242,T intersection,2,40,Local Road,HOGAN,SHEPPARTON,-36.440113,145.22919,2019,5,May,12,Midday,Weekend
T20190009978,2019-05-20,14:40:00,1,Collision with vehicle,1,Monday,130,REAR END(VEHICLES IN SAME LANE),1,345798,Not at intersection,3,80,Freeway,WESTERN RING,BRIMBANK,-37.747772,144.83699,2019,5,May,14,Midday,Weekday
T20190009964,2019-05-20,08:55:00,1,Collision with vehicle,1,Monday,163,VEHICLE STRIKES DOOR OF PARKED/STATIONARY VEHICLE,1,346574,Not at intersection,3,40,Arterial Other,CHURCH,YARRA,-37.82183,144.99861,2019,5,May,8,Morning Peak,Weekday
T20190009446,2019-05-20,08:45:00,1,Collision with vehicle,1,Monday,130,REAR END(VEHICLES IN SAME LANE),1,67480,T intersection,3,60,Arterial Other,BLACKBURN,WHITEHORSE,-37.857525,145.15111,2019,5,May,8,Morning Peak,Weekday
T20200004396,2019-05-20,07:00:00,1,Collision with vehicle,1,Monday,130,REAR END(VEHICLES IN SAME LANE),1,650873,Not at intersection,2,100,Local Road,BUNGOWER,MORNINGTON PENINSULA,-38.230907,145.09398,2019,5,May,7,Morning Peak,Weekday
T20190009427,2019-05-20,00:30:00,4,Collision with a fixed object,1,Monday,181,OFF RIGHT BEND INTO OBJECT/PARKED VEHICLE,5,360408,Not at intersection,2,100,Arterial Other,LONGFORD-LOCH SPORT,WELLINGTON,-38.16515,147.09962,2019,5,May,0,Late Night,Weekday
T20190009454,2019-05-20,11:08:00,1,Collision with vehicle,1,Monday,136,RIGHT TURN SIDESWIPE,1,346801,Cross intersection,2,100,Local Road,CAPE OTWAY,SURF COAST,-38.28839,144.05966,2019,5,May,11,Midday,Weekday
T20190009462,2019-05-20,14:37:00,1,Collision with vehicle,1,Monday,133,LANE SIDE SWIPE (VEHICLES IN PARALLEL LANES),1,345656,Not at intersection,2,60,Arterial Other,ST ALBANS,BRIMBANK,-37.77677,144.8278,2019,5,May,14,Midday,Weekday
T20190009464,2019-05-20,14:27:00,4,Collision with a fixed object,1,Monday,171,LEFT OFF CARRIAGEWAY INTO OBJECT/PARKED VEHICLE,1,349062,Not at intersection,1,60,Local Road,BAY,EAST GIPPSLAND,-37.900303,147.69699,2019,5,May,14,Midday,Weekday
T20190009466,2019-05-20,13:48:00,1,Collision with vehicle,1,Monday,133,LANE SIDE SWIPE (VEHICLES IN PARALLEL LANES),1,588120,Not at intersection,3,80,Arterial Other,CLEGG,YARRA RANGES,-37.782764,145.41063,2019,5,May,13,Midday,Weekday
T20190009470,2019-05-20,18:10:00,1,Collision with vehicle,1,Monday,143,ENTERING PARKING,3,345305,Not at intersection,3,40,Local Road,QUEEN,MELBOURNE,-37.818104,144.96211,2019,5,May,18,Afternoon Peak,Weekday
T20190009471,2019-05-20,17:44:00,2,Struck Pedestrian,1,Monday,100,PED NEAR SIDE. PED HIT BY VEHICLE FROM THE RIGHT.,2,345457,T intersection,2,60,Local Road,KIANDRA,MORNINGTON PENINSULA,-38.24321,145.046,2019,5,May,17,Afternoon Peak,Weekday
T20190009432,2019-05-20,05:58:00,1,Collision with vehicle,1,Monday,152,PULLING OUT (OVERTAKING),3,579942,Not at intersection,2,80,Arterial Highway,WELLINGTON,MONASH,-37.921543,145.18175,2019,5,May,5,Morning Peak,Weekday
T20190009473,2019-05-20,17:21:00,1,Collision with vehicle,1,Monday,130,REAR END(VEHICLES IN SAME LANE),2,345427,Not at intersection,3,70,Arterial Highway,HAMILTON,GEELONG,-38.141823,144.29895,2019,5,May,17,Afternoon Peak,Weekday
T20190009438,2019-05-20,08:30:00,8,No collision and no object struck,1,Monday,174,OUT OF CONTROL ON CARRIAGEWAY (ON STRAIGHT),1,45631,T intersection,3,50,Local Road,ALBERT,MORELAND,-37.768795,144.9613,2019,5,May,8,Morning Peak,Weekday
T20190009476,2019-05-20,18:00:00,1,Collision with vehicle,1,Monday,121,RIGHT THROUGH,3,345331,T intersection,3,70,Local Road,MOUNT PLEASANT,WHITEHORSE,-37.83548,145.17957,2019,5,May,18,Afternoon Peak,Weekday
T20190009478,2019-05-20,19:50:00,4,Collision with a fixed object,1,Monday,175,OFF END OF ROAD/T-INTERSECTION.,3,779808,T intersection,3,50,Local Road,MELROSE,YARRA RANGES,-37.75192,145.33047,2019,5,May,19,Night,Weekday
T20190009479,2019-05-20,15:45:00,1,Collision with vehicle,1,Monday,130,REAR END(VEHICLES IN SAME LANE),1,347050,Not at intersection,3,80,Arterial Other,WELLINGTON,YARRA RANGES,-37.951298,145.33907,2019,5,May,15,Afternoon Peak,Weekday
T20190009481,2019-05-20,18:00:00,4,Collision with a fixed object,1,Monday,171,LEFT OFF CARRIAGEWAY INTO OBJECT/PARKED VEHICLE,3,29404,Cross intersection,3,80,Arterial Other,PRINCES,CASEY,-38.028954,145.32799,2019,5,May,18,Afternoon Peak,Weekday
T20190009486,2019-05-20,15:23:00,2,Struck Pedestrian,1,Monday,103,PED PLAYING/LYING/WORKING/STANDING ON CARRIAGEWAY.,1,346361,Not at intersection,2,50,Local Road,BANCELL,HUME,-37.68256,144.96417,2019,5,May,15,Afternoon Peak,Weekday
T20190009440,2019-05-20,08:05:00,1,Collision with vehicle,1,Monday,121,RIGHT THROUGH,1,345328,Not at intersection,2,60,Arterial Other,QUEENS,YARRA,-37.791027,144.98515,2019,5,May,8,Morning Peak,Weekday
T20190009445,2019-05-20,07:00:00,2,Struck Pedestrian,1,Monday,100,PED NEAR SIDE. PED HIT BY VEHICLE FROM THE RIGHT.,2,400,Cross intersection,2,40,Arterial Other,ST GEORGES,YARRA,-37.77999,144.98668,2019,5,May,7,Morning Peak,Weekday
T20190009448,2019-05-20,08:45:00,1,Collision with vehicle,1,Monday,121,RIGHT THROUGH,1,70603,T intersection,3,60,Arterial Highway,LOWER DANDENONG,KINGSTON,-37.984783,145.09427,2019,5,May,8,Morning Peak,Weekday
T20190009451,2019-05-20,08:50:00,1,Collision with vehicle,1,Monday,121,RIGHT THROUGH,1,304636,Cross intersection,2,60,Local Road,AITKEN,HUME,-37.616432,144.91342,2019,5,May,8,Morning Peak,Weekday
T20190009526,2019-05-20,18:25:00,1,Collision with vehicle,1,Monday,135,LANE CHANGE LEFT (NOT OVERTAKING),3,345747,Not at intersection,3,60,Arterial Other,HIGH STREET,MONASH,-37.871532,145.14267,2019,5,May,18,Afternoon Peak,Weekday