ACCIDENT_NO,ACCIDENT_DATE,ACCIDENT_TIME,ACCIDENT_TYPE,ACCIDENT_TYPE_DESC,DAY_OF_WEEK,DAY_WEEK_DESC,DCA_CODE,DCA_DESC,LIGHT_CONDITION,NODE_ID,ROAD_GEOMETRY_DESC,SEVERITY,SPEED_ZONE,RMA,ROAD_NAME,LGA_NAME,LATITUDE,LONGITUDE,YEAR,MONTH,MONTH_NAME,HOUR,TIME_PERIOD,DAY_TYPE
T20190009521,2019-05-20,18:25:00,1,Collision with vehicle,1,Monday,130,REAR END(VEHICLES IN SAME LANE),3,352664,Not at intersection,2,100,Freeway,MONASH,MONASH,-37.89804,145.14917,2019,5,May,18,Afternoon Peak,Weekday
T20190009516,2019-05-20,14:30:00,2,Struck Pedestrian,1,Monday,102,FAR SIDE. PED HIT BY VEHICLE FROM THE LEFT,9,145601,T intersection,3,40,Arterial Other,BRIDGE,YARRA,-37.819332,145.0066,2019,5,May,14,Midday,Weekday
T20190009509,2019-05-20,16:00:00,2,Struck Pedestrian,1,Monday,102,FAR SIDE. PED HIT BY VEHICLE FROM THE LEFT,1,345341,Not at intersection,2,100,Arterial Other,KIEWA VALLEY,ALPINE,-36.50065,147.04495,2019,5,May,16,Afternoon Peak,Weekday
T20190009502,2019-05-20,09:10:00,1,Collision with vehicle,1,Monday,137,LEFT TURN SIDESWIPE,1,119,Multiple intersection,3,60,Arterial Other,TOORAK,MELBOURNE,-37.83622,144.97554,2019,5,May,9,Morning Peak,Weekday
T20190009528,2019-05-21,09:23:00,7,Fall from or in moving vehicle,2,Tuesday,190,FELL IN/FROM VEHICLE,1,581378,T intersection,3,40,Local Road,MERCER,GEELONG,-38.14461,144.35687,2019,5,May,9,Morning Peak,Weekday
T20190009579,2019-05-21,17:30:00,1,Collision with vehicle,2,Tuesday,121,RIGHT THROUGH,6,37914,Cross intersection,3,50,Arterial Other,WESTGARTH,DAREBIN,-37.780743,144.99396,2019,5,May,17,Afternoon Peak,Weekday
T20190009576,2019-05-21,19:00:00,1,Collision with vehicle,2,Tuesday,130,REAR END(VEHICLES IN SAME LANE),3,345391,T intersection,2,70,Arterial Other,SUNSHINE,BRIMBANK,-37.74059,144.82433,2019,5,May,19,Night,Weekday
T20190009587,2019-05-21,17:43:00,1,Collision with vehicle,2,Tuesday,130,REAR END(VEHICLES IN SAME LANE),2,50127,T intersection,2,80,Arterial Other,PORTARLINGTON,GEELONG,-38.17427,144.4581,2019,5,May,17,Afternoon Peak,Weekday
T20190009672,2019-05-21,08:30:00,1,Collision with vehicle,2,Tuesday,152,PULLING OUT (OVERTAKING),1,52439,T intersection,2,100,Local Road,HARRAPS,WELLINGTON,-38.582497,146.48257,2019,5,May,8,Morning Peak,Weekday
T20190009590,2019-05-21,19:32:00,6,Vehicle overturned (no collision),2,Tuesday,180,OFF CARRIAGEWAY ON RIGHT BEND,5,354391,Not at intersection,2,100,Arterial Other,BENDIGO-TENNYSON,CAMPASPE,-36.371445,144.38065,2019,5,May,19,Night,Weekday
T20190009555,2019-05-21,22:24:00,1,Collision with vehicle,2,Tuesday,130,REAR END(VEHICLES IN SAME LANE),3,38699,Cross intersection,3,60,Arterial Other,WILLIAMSTOWN,MARIBYRNONG,-37.81579,144.8829,2019,5,May,22,Night,Weekday
T20190009554,2019-05-21,22:38:00,4,Collision with a fixed object,2,Tuesday,183,OFF LEFT BEND INTO OBJECT/PARKED VEHICLE,3,345723,Not at intersection,3,80,Freeway,WESTERN RING IN-MELROSE,BRIMBANK,-37.708656,144.88567,2019,5,May,22,Night,Weekday
T20190009551,2019-05-21,19:38:00,2,Struck Pedestrian,2,Tuesday,107,PED ON FOOTHPATH STRUCK BY VEHENTERING/LEAVING DRIVEWAY.,3,345764,Not at intersection,3,60,Local Road,MAFFRA,HUME,-37.66578,144.94244,2019,5,May,19,Night,Weekday
T20190009550,2019-05-21,20:40:00,4,Collision with a fixed object,2,Tuesday,171,LEFT OFF CARRIAGEWAY INTO OBJECT/PARKED VEHICLE,5,608902,T intersection,2,80,Local Road,GRAYDENS,MORNINGTON PENINSULA,-38.2803,145.113,2019,5,May,20,Night,Weekday
T20190009549,2019-05-21,18:50:00,1,Collision with vehicle,2,Tuesday,129,OTHER OPPOSING MANOEUVRES NOT INCLUDED IN DCAs 120-125.,3,345804,T intersection,3,60,Local Road,MACARTHUR,WELLINGTON,-38.1047,147.08243,2019,5,May,18,Afternoon Peak,Weekday
T20190009983,2019-05-21,14:20:00,8,No collision and no object struck,2,Tuesday,170,OFF CARRIAGEWAY TO LEFT,1,345619,Not at intersection,2,60,Arterial Other,THOMPSON,GEELONG,-38.10562,144.34439,2019,5,May,14,Midday,Weekday
T20190009545,2019-05-21,18:11:00,1,Collision with vehicle,2,Tuesday,130,REAR END(VEHICLES IN SAME LANE),3,345653,Not at intersection,3,80,Freeway,CALDER,MOONEE VALLEY,-37.733505,144.8838,2019,5,May,18,Afternoon Peak,Weekday
T20190009544,2019-05-21,18:00:00,1,Collision with vehicle,2,Tuesday,121,RIGHT THROUGH,3,345382,T intersection,3,60,Local Road,DONALD CAMERON,HUME,-37.63222,144.92203,2019,5,May,18,Afternoon Peak,Weekday
T20190009679,2019-05-21,16:45:00,1,Collision with vehicle,2,Tuesday,133,LANE SIDE SWIPE (VEHICLES IN PARALLEL LANES),1,345453,Cross intersection,3,70,Arterial Other,CANTERBURY,MAROONDAH,-37.83237,145.26941,2019,5,May,16,Afternoon Peak,Weekday
T20190009489,2019-05-21,00:30:00,4,Collision with a fixed object,2,Tuesday,173,RIGHT OFF CARRIAGEWAY INTO OBJECT/PARKED VEHICLE,3,346569,Not at intersection,3,60,Local Road,GREENS,WYNDHAM,-37.88927,144.62212,2019,5,May,0,Late Night,Weekday
T20190009537,2019-05-21,13:30:00,4,Collision with a fixed object,2,Tuesday,173,RIGHT OFF CARRIAGEWAY INTO OBJECT/PARKED VEHICLE,1,345385,T intersection,2,50,Local Road,DUNDUNDRA,GEELONG,-38.154057,144.57895,2019,5,May,13,Midday,Weekday
T20190009535,2019-05-21,16:10:00,1,Collision with vehicle,2,Tuesday,147,VEHICLE STRIKES ANOTHER VEH WHILE EMERGING FROM DRIVEWAY,1,345397,Not at intersection,2,50,Local Road,INLET,KINGSTON,-38.019188,145.10023,2019,5,May,16,Afternoon Peak,Weekday
T20190009531,2019-05-21,13:00:00,1,Collision with vehicle,2,Tuesday,130,REAR END(VEHICLES IN SAME LANE),1,24045,Not at intersection,2,80,Arterial Other,WESTALL,DANDENONG,-37.936768,145.1406,2019,5,May,13,Midday,Weekday
T20190009524,2019-05-21,10:13:00,1,Collision with vehicle,2,Tuesday,121,RIGHT THROUGH,1,57564,T intersection,3,60,Arterial Other,SYNNOT STREET -WERRIBEE,WYNDHAM,-37.905293,144.65656,2019,5,May,10,Midday,Weekday
T20190009518,2019-05-21,12:10:00,1,Collision with vehicle,2,Tuesday,113,RIGHT NEAR (INTERSECTIONS ONLY),1,345350,Cross intersection,2,70,Arterial Other,CHEEL,MONASH,-37.896717,145.10316,2019,5,May,12,Midday,Weekday
T20190009510,2019-05-21,10:30:00,1,Collision with vehicle,2,Tuesday,110,CROSS TRAFFIC(INTERSECTIONS ONLY),1,42591,Cross intersection,2,60,Arterial Other,JACKSONS,DANDENONG,-37.9376,145.19249,2019,5,May,10,Midday,Weekday
T20190009508,2019-05-21,09:28:00,1,Collision with vehicle,2,Tuesday,113,RIGHT NEAR (INTERSECTIONS ONLY),1,44976,T intersection,3,60,Arterial Other,ST ALBANS,BRIMBANK,-37.756393,144.80908,2019,5,May,9,Morning Peak,Weekday
T20190009501,2019-05-21,09:00:00,1,Collision with vehicle,2,Tuesday,121,RIGHT THROUGH,1,234963,Cross intersection,3,60,Arterial Other,THOMPSONS,CASEY,-38.08313,145.2832,2019,5,May,9,Morning Peak,Weekday
T20190009504,2019-05-21,06:20:00,1,Collision with vehicle,2,Tuesday,134,LANE CHANGE RIGHT (NOT OVERTAKING),3,345409,Not at intersection,3,80,Freeway,MELBA,MANNINGHAM,-37.80412,145.2022,2019,5,May,6,Morning Peak,Weekday
T20190009507,2019-05-21,11:00:00,1,Collision with vehicle,2,Tuesday,140,U TURN,1,345881,Not at intersection,3,80,Local Road,TUBBARUBBA,MORNINGTON PENINSULA,-38.31356,145.08478,2019,5,May,11,Midday,Weekday
T20190016848,2019-05-22,08:20:00,1,Collision with vehicle,3,Wednesday,111,RIGHT FAR (INTERSECTIONS ONLY),1,68445,T intersection,3,70,Local Road,PURCHAS,WYNDHAM,-37.882607,144.66325,2019,5,May,8,Morning Peak,Weekday
T20190009606,2019-05-22,10:55:00,1,Collision with vehicle,3,Wednesday,130,REAR END(VEHICLES IN SAME LANE),1,42707,T intersection,3,60,Local Road,RESERVE,BAYSIDE,-37.96425,145.03716,2019,5,May,10,Midday,Weekday
T20190009605,2019-05-22,13:45:00,2,Struck Pedestrian,3,Wednesday,101,PED EMERGES FROM IN FRONT OF PARKED OR STATIONARY VEHICLE,1,588403,Not at intersection,3,50,Local Road,SCOTT,DANDENONG,-37.985847,145.20683,2019,5,May,13,Midday,Weekday
T20190014380,2019-05-22,19:27:00,1,Collision with vehicle,3,Wednesday,135,LANE CHANGE LEFT (NOT OVERTAKING),3,582546,Not at intersection,3,60,Arterial Other,POLICE,DANDENONG,-37.93347,145.15926,2019,5,May,19,Night,Weekday
T20190009600,2019-05-22,15:40:00,8,No collision and no object struck,3,Wednesday,172,OFF CARRIAGEWAY TO RIGHT,1,345524,Cross intersection,3,50,Local Road,CHARLES,LATROBE,-38.206024,146.52972,2019,5,May,15,Afternoon Peak,Weekday
T20190009597,2019-05-22,14:20:00,4,Collision with a fixed object,3,Wednesday,173,RIGHT OFF CARRIAGEWAY INTO OBJECT/PARKED VEHICLE,1,588402,Not at intersection,2,80,Arterial Highway,PRINCES,COLAC OTWAY,-38.311104,143.66316,2019,5,May,14,Midday,Weekday
T20190009594,2019-05-22,11:20:00,1,Collision with vehicle,3,Wednesday,110,CROSS TRAFFIC(INTERSECTIONS ONLY),1,40223,Cross intersection,2,70,Arterial Highway,DANDENONG,GLEN EIRA,-37.86288,145.01944,2019,5,May,11,Midday,Weekday
T20190009563,2019-05-22,07:01:00,1,Collision with vehicle,3,Wednesday,148,VEHICLE OFF FOOTPATH STRIKES VEH ON CARRIAGEWAY,1,345649,Not at intersection,2,60,Local Road,ARMY,CARDINIA,-38.06066,145.49698,2019,5,May,7,Morning Peak,Weekday
T20190009575,2019-05-22,06:39:00,1,Collision with vehicle,3,Wednesday,130,REAR END(VEHICLES IN SAME LANE),3,345498,Not at intersection,3,100,Freeway,EASTERN,WHITEHORSE,-37.79789,145.13593,2019,5,May,6,Morning Peak,Weekday
T20190009557,2019-05-22,01:00:00,4,Collision with a fixed object,3,Wednesday,164,PERMANENT OBSTRUCTION ON CARRIAGEWAY,3,345662,Not at intersection,2,60,Local Road,LLOYD,MELBOURNE,-37.801872,144.93091,2019,5,May,1,Late Night,Weekday
T20190009610,2019-05-22,14:55:00,4,Collision with a fixed object,3,Wednesday,171,LEFT OFF CARRIAGEWAY INTO OBJECT/PARKED VEHICLE,1,620706,Not at intersection,2,100,Arterial Highway,SOUTH GIPPSLAND,SOUTH GIPPSLAND,-38.664375,146.36145,2019,5,May,14,Midday,Weekday
T20190010531,2019-05-22,20:00:00,8,No collision and no object struck,3,Wednesday,174,OUT OF CONTROL ON CARRIAGEWAY (ON STRAIGHT),3,19416,Cross intersection,2,60,Arterial Other,HOLDSWORTH,BENDIGO,-36.733948,144.27844,2019,5,May,20,Night,Weekday
T20190009577,2019-05-22,09:45:00,1,Collision with vehicle,3,Wednesday,120,HEAD ON (NOT OVERTAKING),1,345745,Not at intersection,3,80,Arterial Other,HOPKINS,MELTON,-37.78726,144.69867,2019,5,May,9,Morning Peak,Weekday
T20190009578,2019-05-22,08:00:00,1,Collision with vehicle,3,Wednesday,120,HEAD ON (NOT OVERTAKING),1,606154,Cross intersection,2,100,Arterial Highway,MURRAY VALLEY,INDIGO,-36.081226,146.30785,2019,5,May,8,Morning Peak,Weekday
T20190009586,2019-05-22,08:50:00,2,Struck Pedestrian,3,Wednesday,100,PED NEAR SIDE. PED HIT BY VEHICLE FROM THE RIGHT.,9,606805,Not at intersection,3,60,Arterial Highway,BRIGHTON ROAD SERVICE,PORT PHILLIP,-37.872116,144.98952,2019,5,May,8,Morning Peak,Weekday
T20190009583,2019-05-22,11:39:00,4,Collision with a fixed object,3,Wednesday,146,REVERSING INTO FIXED OBJECT/PARKED VEHICLE,1,591669,Not at intersection,2,40,Local Road,CLIFTON,GLEN EIRA,-37.931797,145.07846,2019,5,May,11,Midday,Weekday
T20190009666,2019-05-22,18:00:00,3,Struck animal,3,Wednesday,167,STRUCK ANIMAL,5,346004,Not at intersection,2,80,Arterial Other,HEALESVILLE-KINGLAKE,MURRINDINDI,-37.541355,145.36768,2019,5,May,18,Afternoon Peak,Weekday
T20190009558,2019-05-22,01:39:00,1,Collision with vehicle,3,Wednesday,140,U TURN,3,43150,T intersection,2,80,Arterial Other,PASCOE VALE,HUME,-37.662468,144.92244,2019,5,May,1,Late Night,Weekday
T20190009636,2019-05-22,12:45:00,1,Collision with vehicle,3,Wednesday,160,VEHICLE COLLIDES WITH VEHICLE PARKED ON LEFT OF ROAD,1,347462,Not at intersection,2,50,Local Road,FELLOWS,GEELONG,-38.27892,144.60832,2019,5,May,12,Midday,Weekday
T20190009593,2019-05-22,13:12:00,2,Struck Pedestrian,3,Wednesday,100,PED NEAR SIDE. PED HIT BY VEHICLE FROM THE RIGHT.,1,346483,Not at intersection,2,40,Arterial Other,PASCOE VALE,MORELAND,-37.706123,144.9161,2019,5,May,13,Midday,Weekday
T20190009782,2019-05-22,09:45:00,1,Collision with vehicle,3,Wednesday,110,CROSS TRAFFIC(INTERSECTIONS ONLY),1,35320,Cross intersection,3,80,Arterial Highway,MOOROODUC,FRANKSTON,-38.146645,145.1358,2019,5,May,9,Morning Peak,Weekday
T20190009560,2019-05-22,05:00:00,4,Collision with a fixed object,3,Wednesday,171,LEFT OFF CARRIAGEWAY INTO OBJECT/PARKED VEHICLE,3,346347,Not at intersection,3,60,Arterial Other,SPRING,DAREBIN,-37.724663,145.00151,2019,5,May,5,Morning Peak,Weekday
T20190009561,2019-05-22,06:55:00,1,Collision with vehicle,3,Wednesday,113,RIGHT NEAR (INTERSECTIONS ONLY),2,42852,T intersection,2,80,Arterial Other,BOUNDARY,KINGSTON,-37.992737,145.10677,2019,5,May,6,Morning Peak,Weekday
T20190009565,2019-05-22,06:45:00,1,Collision with vehicle,3,Wednesday,130,REAR END(VEHICLES IN SAME LANE),1,588401,Not at intersection,3,60,Arterial Other,FITZGERALD,BRIMBANK,-37.81123,144.78773,2019,5,May,6,Morning Peak,Weekday
T20190009566,2019-05-22,07:45:00,1,Collision with vehicle,3,Wednesday,110,CROSS TRAFFIC(INTERSECTIONS ONLY),1,48060,Cross intersection,3,50,Local Road,NEWSOM,MOONEE VALLEY,-37.77304,144.9061,2019,5,May,7,Morning Peak,Weekday
T20190009568,2019-05-22,06:25:00,2,Struck Pedestrian,3,Wednesday,102,FAR SIDE. PED HIT BY VEHICLE FROM THE LEFT,5,345434,Cross intersection,2,40,Arterial Other,HIGH,BOROONDARA,-37.86233,145.07054,2019,5,May,6,Morning Peak,Weekday
T20190009570,2019-05-22,08:13:00,1,Collision with vehicle,3,Wednesday,152,PULLING OUT (OVERTAKING),1,345716,Not at intersection,2,40,Arterial Other,HIGH,STONNINGTON,-37.859257,145.05019,2019,5,May,8,Morning Peak,Weekday
T20190009629,2019-05-22,20:45:00,1,Collision with vehicle,3,Wednesday,137,LEFT TURN SIDESWIPE,3,345507,Not at intersection,3,60,Arterial Other,THOMPSONS,CASEY,-38.078747,145.24944,2019,5,May,20,Night,Weekday
T20190009627,2019-05-22,17:30:00,1,Collision with vehicle,3,Wednesday,113,RIGHT NEAR (INTERSECTIONS ONLY),2,42287,T intersection,3,60,Arterial Other,CENTRE,GLEN EIRA,-37.922737,145.07158,2019,5,May,17,Afternoon Peak,Weekday
T20190009626,2019-05-22,21:30:00,1,Collision with vehicle,3,Wednesday,131,LEFT REAR,3,347254,Not at intersection,2,70,Arterial Other,MAHONEYS,WHITTLESEA,-37.69405,145.00407,2019,5,May,21,Night,Weekday
T20190009625,2019-05-22,18:14:00,2,Struck Pedestrian,3,Wednesday,101,PED EMERGES FROM IN FRONT OF PARKED OR STATIONARY VEHICLE,3,345506,Not at intersection,3,60,Arterial Other,KEILOR,MOONEE VALLEY,-37.738068,144.89427,2019,5,May,18,Afternoon Peak,Weekday
T20190009623,2019-05-22,16:00:00,1,Collision with vehicle,3,Wednesday,136,RIGHT TURN SIDESWIPE,2,345845,T intersection,3,50,Local Road,MIRLS,HOBSONS BAY,-37.84445,144.87949,2019,5,May,16,Afternoon Peak,Weekday
T20190009608,2019-05-22,16:17:00,2,Struck Pedestrian,3,Wednesday,102,FAR SIDE. PED HIT BY VEHICLE FROM THE LEFT,1,36837,T intersection,2,50,Arterial Other,SPENCER,MELBOURNE,-37.81808,144.95369,2019,5,May,16,Afternoon Peak,Weekday
T20190009620,2019-05-22,16:20:00,1,Collision with vehicle,3,Wednesday,130,REAR END(VEHICLES IN SAME LANE),1,345657,Not at intersection,3,100,Freeway,WESTERN,MELTON,-37.76236,144.73984,2019,5,May,16,Afternoon Peak,Weekday
T20190009619,2019-05-22,18:00:00,1,Collision with vehicle,3,Wednesday,130,REAR END(VEHICLES IN SAME LANE),3,348487,Not at intersection,2,100,Freeway,WESTERN RING,BRIMBANK,-37.722458,144.86688,2019,5,May,18,Afternoon Peak,Weekday
T20190009618,2019-05-22,17:30:00,1,Collision with vehicle,3,Wednesday,130,REAR END(VEHICLES IN SAME LANE),2,345454,Not at intersection,3,100,Freeway,CALDER,BRIMBANK,-37.674183,144.76816,2019,5,May,17,Afternoon Peak,Weekday
T20190009865,2019-05-22,07:00:00,2,Struck Pedestrian,3,Wednesday,102,FAR SIDE. PED HIT BY VEHICLE FROM THE LEFT,2,49839,Cross intersection,3,60,Arterial Other,SHANNON,GEELONG,-38.13066,144.3383,2019,5,May,7,Morning Peak,Weekday
T20190009615,2019-05-22,16:45:00,1,Collision with vehicle,3,Wednesday,113,RIGHT NEAR (INTERSECTIONS ONLY),2,35668,T intersection,2,80,Arterial Other,OLD PRINCES,CARDINIA,-38.053772,145.379,2019,5,May,16,Afternoon Peak,Weekday
T20190009613,2019-05-22,17:55:00,1,Collision with vehicle,3,Wednesday,121,RIGHT THROUGH,3,40098,T intersection,2,60,Local Road,PATTISON,PORT PHILLIP,-37.858425,144.98083,2019,5,May,17,Afternoon Peak,Weekday
T20190009574,2019-05-22,06:43:00,1,Collision with vehicle,3,Wednesday,134,LANE CHANGE RIGHT (NOT OVERTAKING),3,691270,Not at intersection,2,100,Freeway,WESTERN RING IN-BOUNDARY,BRIMBANK,-37.8115,144.80812,2019,5,May,6,Morning Peak,Weekday
T20190009611,2019-05-22,18:00:00,1,Collision with vehicle,3,Wednesday,133,LANE SIDE SWIPE (VEHICLES IN PARALLEL LANES),3,40431,T intersection,2,40,Arterial Other,BURKE,BOROONDARA,-37.832798,145.05643,2019,5,May,18,Afternoon Peak,Weekday
T20190009736,2019-05-23,16:30:00,1,Collision with vehicle,4,Thursday,110,CROSS TRAFFIC(INTERSECTIONS ONLY),1,50594,Cross intersection,2,50,Local Road,POLLACK,COLAC OTWAY,-38.33599,143.59221,2019,5,May,16,Afternoon Peak,Weekday
T20190009657,2019-05-23,09:00:00,1,Collision with vehicle,4,Thursday,135,LANE CHANGE LEFT (NOT OVERTAKING),1,360368,Not at intersection,3,100,Arterial Highway,HENTY,GLENELG,-38.306263,141.59613,2019,5,May,9,Morning Peak,Weekday
T20190009669,2019-05-23,14:34:00,1,Collision with vehicle,4,Thursday,111,RIGHT FAR (INTERSECTIONS ONLY),1,588405,Multiple intersection,3,60,Arterial Other,HOWITT,BAW BAW,-38.169903,145.93196,2019,5,May,14,Midday,Weekday
T20190009670,2019-05-23,09:20:00,1,Collision with vehicle,4,Thursday,120,HEAD ON (NOT OVERTAKING),1,579944,Not at intersection,2,60,Arterial Other,HULL,MAROONDAH,-37.796696,145.29271,2019,5,May,9,Morning Peak,Weekday
T20190009709,2019-05-23,14:00:00,4,Collision with a fixed object,4,Thursday,171,LEFT OFF CARRIAGEWAY INTO OBJECT/PARKED VEHICLE,1,606482,Cross intersection,3,60,Arterial Other,JELLS,MONASH,-37.921787,145.18631,2019,5,May,14,Midday,Weekday
T20190009708,2019-05-23,09:50:00,1,Collision with vehicle,4,Thursday,110,CROSS TRAFFIC(INTERSECTIONS ONLY),1,64707,Cross intersection,3,50,Local Road,DICKSON,BRIMBANK,-37.787464,144.83789,2019,5,May,9,Morning Peak,Weekday
T20190009665,2019-05-23,09:30:00,1,Collision with vehicle,4,Thursday,119,OTHER ADJACENT (INTERSECTIONS ONLY),1,345459,T intersection,2,60,Arterial Other,HOLDSWORTH,BENDIGO,-36.73191,144.2865,2019,5,May,9,Morning Peak,Weekday
T20190009994,2019-05-23,08:00:00,1,Collision with vehicle,4,Thursday,121,RIGHT THROUGH,1,38744,Cross intersection,3,60,Arterial Other,BUCKLEY,MARIBYRNONG,-37.803257,144.8924,2019,5,May,8,Morning Peak,Weekday
T20190009635,2019-05-23,01:45:00,4,Collision with a fixed object,4,Thursday,181,OFF RIGHT BEND INTO OBJECT/PARKED VEHICLE,5,346580,Not at intersection,2,100,Arterial Other,UPPER GOULBURN,MITCHELL,-37.095547,145.14041,2019,5,May,1,Late Night,Weekday
T20190009650,2019-05-23,09:50:00,1,Collision with vehicle,4,Thursday,140,U TURN,1,345441,T intersection,3,60,Arterial Highway,SOUTHGATE,MELBOURNE,-37.821777,144.96579,2019,5,May,9,Morning Peak,Weekday
T20190009651,2019-05-23,06:20:00,1,Collision with vehicle,4,Thursday,134,LANE CHANGE RIGHT (NOT OVERTAKING),6,222517,Not at intersection,3,60,Arterial Other,BRUNSWICK,MORELAND,-37.775475,144.94698,2019,5,May,6,Morning Peak,Weekday
T20190009678,2019-05-23,15:45:00,1,Collision with vehicle,4,Thursday,130,REAR END(VEHICLES IN SAME LANE),1,353561,Not at intersection,2,60,Arterial Highway,CHELTENHAM,DANDENONG,-37.991215,145.20863,2019,5,May,15,Afternoon Peak,Weekday
T20190009691,2019-05-23,17:00:00,4,Collision with a fixed object,4,Thursday,171,LEFT OFF CARRIAGEWAY INTO OBJECT/PARKED VEHICLE,5,345966,Not at intersection,2,100,Arterial Highway,GREAT ALPINE,ALPINE,-36.552387,146.70586,2019,5,May,17,Afternoon Peak,Weekday
T20190009675,2019-05-23,15:35:00,2,Struck Pedestrian,4,Thursday,101,PED EMERGES FROM IN FRONT OF PARKED OR STATIONARY VEHICLE,1,345660,Not at intersection,2,50,Local Road,ALISON,WYNDHAM,-37.85333,144.72676,2019,5,May,15,Afternoon Peak,Weekday
T20190009698,2019-05-23,20:40:00,1,Collision with vehicle,4,Thursday,110,CROSS TRAFFIC(INTERSECTIONS ONLY),3,29999,Cross intersection,2,60,Arterial Highway,CRESWICK,BALLARAT,-37.542526,143.84996,2019,5,May,20,Night,Weekday
T20190009674,2019-05-23,12:25:00,1,Collision with vehicle,4,Thursday,135,LANE CHANGE LEFT (NOT OVERTAKING),9,588406,Not at intersection,3,60,Arterial Highway,WARRIGAL,BOROONDARA,-37.861996,145.09354,2019,5,May,12,Midday,Weekday
T20190011857,2019-05-23,17:15:00,1,Collision with vehicle,4,Thursday,130,REAR END(VEHICLES IN SAME LANE),2,340001,T intersection,3,50,Local Road,GARDEN,GEELONG,-38.153053,144.37212,2019,5,May,17,Afternoon Peak,Weekday
T20190009652,2019-05-23,10:00:00,2,Struck Pedestrian,4,Thursday,100,PED NEAR SIDE. PED HIT BY VEHICLE FROM THE RIGHT.,1,66347,T intersection,2,50,Arterial Other,CANTERBURY,BOROONDARA,-37.82556,145.09404,2019,5,May,10,Midday,Weekday
T20190009664,2019-05-23,11:45:00,1,Collision with vehicle,4,Thursday,110,CROSS TRAFFIC(INTERSECTIONS ONLY),1,64745,Cross intersection,3,50,Local Road,COLLENSO,BRIMBANK,-37.78834,144.8095,2019,5,May,11,Midday,Weekday
T20190010116,2019-05-23,11:00:00,8,No collision and no object struck,4,Thursday,174,OUT OF CONTROL ON CARRIAGEWAY (ON STRAIGHT),1,345677,Not at intersection,3,50,Local Road,SIMMS,BANYULE,-37.712223,145.11171,2019,5,May,11,Midday,Weekday
T20190009699,2019-05-23,15:36:00,1,Collision with vehicle,4,Thursday,130,REAR END(VEHICLES IN SAME LANE),1,227963,T intersection,2,80,Arterial Highway,BURWOOD,WHITEHORSE,-37.85403,145.16298,2019,5,May,15,Afternoon Peak,Weekday
T20190009681,2019-05-23,14:05:00,1,Collision with vehicle,4,Thursday,160,VEHICLE COLLIDES WITH VEHICLE PARKED ON LEFT OF ROAD,1,346142,Not at intersection,3,50,Local Road,WARRAWEE,FRANKSTON,-38.13552,145.16309,2019,5,May,14,Midday,Weekday
T20190009683,2019-05-23,14:00:00,8,No collision and no object struck,4,Thursday,174,OUT OF CONTROL ON CARRIAGEWAY (ON STRAIGHT),1,44729,Not at intersection,3,60,Local Road,BELFAST,HUME,-37.678555,144.92867,2019,5,May,14,Midday,Weekday
T20190009684,2019-05-23,15:45:00,1,Collision with vehicle,4,Thursday,121,RIGHT THROUGH,1,361,T intersection,3,60,Arterial Other,HIGH,DAREBIN,-37.696342,145.01118,2019,5,May,15,Afternoon Peak,Weekday
T20190009685,2019-05-23,15:48:00,2,Struck Pedestrian,4,Thursday,102,FAR SIDE. PED HIT BY VEHICLE FROM THE LEFT,1,634130,Not at intersection,3,40,Local Road,GREVILLEA,HUME,-37.581833,144.90607,2019,5,May,15,Afternoon Peak,Weekday
T20190009702,2019-05-23,15:30:00,1,Collision with vehicle,4,Thursday,111,RIGHT FAR (INTERSECTIONS ONLY),1,65039,T intersection,3,40,Local Road,KAY,MELBOURNE,-37.79496,144.97095,2019,5,May,15,Afternoon Peak,Weekday
T20190009687,2019-05-23,14:50:00,1,Collision with vehicle,4,Thursday,130,REAR END(VEHICLES IN SAME LANE),1,345536,Not at intersection,3,80,Arterial Highway,LOWER DANDENONG,KINGSTON,-37.99073,145.14421,2019,5,May,14,Midday,Weekday
T20190009701,2019-05-23,21:00:00,1,Collision with vehicle,4,Thursday,160,VEHICLE COLLIDES WITH VEHICLE PARKED ON LEFT OF ROAD,3,345916,Not at intersection,2,60,Arterial Other,LOCKWOOD,BENDIGO,-36.796513,144.2358,2019,5,May,21,Night,Weekday
T20190009677,2019-05-23,14:35:00,4,Collision with a fixed object,4,Thursday,171,LEFT OFF CARRIAGEWAY INTO OBJECT/PARKED VEHICLE,1,345621,T intersection,3,50,Local Road,HUTCHINSON,CASEY,-38.053925,145.25667,2019,5,May,14,Midday,Weekday
T20190010065,2019-05-23,19:00:00,4,Collision with a fixed object,4,Thursday,183,OFF LEFT BEND INTO OBJECT/PARKED VEHICLE,2,634119,Not at intersection,3,80,Local Road,OLD TELEGRAPH,BAW BAW,-38.076588,145.945,2019,5,May,19,Night,Weekday
T20190011450,2019-05-23,12:40:00,1,Collision with vehicle,4,Thursday,135,LANE CHANGE LEFT (NOT OVERTAKING),1,346335,Not at intersection,3,70,Arterial Highway,WARRIGAL,KINGSTON,-37.94925,145.07759,2019,5,May,12,Midday,Weekday
T20190009688,2019-05-23,17:22:00,1,Collision with vehicle,4,Thursday,134,LANE CHANGE RIGHT (NOT OVERTAKING),1,578944,Not at intersection,2,80,Freeway,CALDER,BRIMBANK,-37.720097,144.8399,2019,5,May,17,Afternoon Peak,Weekday
T20190009653,2019-05-23,10:47:00,1,Collision with vehicle,4,Thursday,132,RIGHT REAR.,1,44910,T intersection,3,60,Arterial Other,STATION,BRIMBANK,-37.77212,144.77449,2019,5,May,10,Midday,Weekday
T20190009646,2019-05-23,09:45:00,1,Collision with vehicle,4,Thursday,110,CROSS TRAFFIC(INTERSECTIONS ONLY),1,73618,Cross intersection,2,60,Arterial Other,IRREWILLIPE,COLAC OTWAY,-38.359413,143.57272,2019,5,May,9,Morning Peak,Weekday