ACCIDENT_NO,ACCIDENT_DATE,ACCIDENT_TIME,ACCIDENT_TYPE,ACCIDENT_TYPE_DESC,DAY_OF_WEEK,DAY_WEEK_DESC,DCA_CODE,DCA_DESC,LIGHT_CONDITION,NODE_ID,ROAD_GEOMETRY_DESC,SEVERITY,SPEED_ZONE,RMA,ROAD_NAME,LGA_NAME,LATITUDE,LONGITUDE,YEAR,MONTH,MONTH_NAME,HOUR,TIME_PERIOD,DAY_TYPE
T20190009642,2019-05-23,07:51:00,1,Collision with vehicle,4,Thursday,113,RIGHT NEAR (INTERSECTIONS ONLY),1,36231,T intersection,3,60,Local Road,BEARDSWORTH,KINGSTON,-38.048286,145.12251,2019,5,May,7,Morning Peak,Weekday
T20190009639,2019-05-23,07:30:00,2,Struck Pedestrian,4,Thursday,101,PED EMERGES FROM IN FRONT OF PARKED OR STATIONARY VEHICLE,1,345439,Not at intersection,2,60,Arterial Other,EPSOM,MELBOURNE,-37.78173,144.91583,2019,5,May,7,Morning Peak,Weekday
T20190009638,2019-05-23,06:50:00,1,Collision with vehicle,4,Thursday,120,HEAD ON (NOT OVERTAKING),2,588404,Not at intersection,3,60,Local Road,SKYE,FRANKSTON,-38.13135,145.1362,2019,5,May,6,Morning Peak,Weekday
T20190009742,2019-05-23,11:55:00,1,Collision with vehicle,4,Thursday,110,CROSS TRAFFIC(INTERSECTIONS ONLY),1,350146,Cross intersection,3,60,Arterial Other,ROYAL PARADE SERVICE,MELBOURNE,-37.789593,144.959,2019,5,May,11,Midday,Weekday
T20190009750,2019-05-24,17:50:00,1,Collision with vehicle,5,Friday,133,LANE SIDE SWIPE (VEHICLES IN PARALLEL LANES),3,347160,Not at intersection,2,60,Arterial Other,POWER,BOROONDARA,-37.8217,145.02635,2019,5,May,17,Afternoon Peak,Weekday
T20190009748,2019-05-24,16:28:00,2,Struck Pedestrian,5,Friday,102,FAR SIDE. PED HIT BY VEHICLE FROM THE LEFT,1,45058,Cross intersection,2,60,Arterial Other,MCINTYRE,BRIMBANK,-37.7689,144.83023,2019,5,May,16,Afternoon Peak,Weekday
T20190009747,2019-05-24,18:33:00,1,Collision with vehicle,5,Friday,116,LEFT NEAR (INTERSECTIONS ONLY),3,345933,T intersection,2,50,Local Road,WATERWAY,WHITTLESEA,-37.587723,145.1254,2019,5,May,18,Afternoon Peak,Weekday
T20190009746,2019-05-24,13:15:00,1,Collision with vehicle,5,Friday,110,CROSS TRAFFIC(INTERSECTIONS ONLY),1,37572,Multiple intersection,3,60,Local Road,HEATHER,PORT PHILLIP,-37.834312,144.96472,2019,5,May,13,Midday,Weekday
T20190017882,2019-05-24,08:30:00,1,Collision with vehicle,5,Friday,111,RIGHT FAR (INTERSECTIONS ONLY),1,278710,T intersection,3,50,Local Road,BOLAND,CASEY,-38.0753,145.25577,2019,5,May,8,Morning Peak,Weekday
T20190009840,2019-05-24,16:30:00,4,Collision with a fixed object,5,Friday,171,LEFT OFF CARRIAGEWAY INTO OBJECT/PARKED VEHICLE,1,345670,Not at intersection,2,100,Arterial Other,KOO WEE RUP-LONGWARRY,CARDINIA,-38.18193,145.59251,2019,5,May,16,Afternoon Peak,Weekday
T20190011376,2019-05-24,19:15:00,1,Collision with vehicle,5,Friday,121,RIGHT THROUGH,3,659112,Not at intersection,2,60,Arterial Other,MURRAY,DAREBIN,-37.740974,145.03238,2019,5,May,19,Night,Weekday
T20190010035,2019-05-24,20:56:00,4,Collision with a fixed object,5,Friday,171,LEFT OFF CARRIAGEWAY INTO OBJECT/PARKED VEHICLE,3,263579,Cross intersection,2,60,Arterial Other,GATEHOUSE,MELBOURNE,-37.79255,144.95828,2019,5,May,20,Night,Weekday
T20190013900,2019-05-24,15:15:00,1,Collision with vehicle,5,Friday,110,CROSS TRAFFIC(INTERSECTIONS ONLY),1,53781,Cross intersection,2,80,Local Road,BATTERS,MACEDON RANGES,-37.24571,144.48167,2019,5,May,15,Afternoon Peak,Weekday
T20190009739,2019-05-24,14:40:00,4,Collision with a fixed object,5,Friday,181,OFF RIGHT BEND INTO OBJECT/PARKED VEHICLE,1,345518,Not at intersection,3,100,Local Road,HOGGS,EAST GIPPSLAND,-37.836594,148.00302,2019,5,May,14,Midday,Weekday
T20190009738,2019-05-24,15:23:00,2,Struck Pedestrian,5,Friday,100,PED NEAR SIDE. PED HIT BY VEHICLE FROM THE RIGHT.,1,345488,Not at intersection,2,50,Local Road,BETULA,WHITTLESEA,-37.66858,145.06027,2019,5,May,15,Afternoon Peak,Weekday
T20190009735,2019-05-24,14:35:00,1,Collision with vehicle,5,Friday,121,RIGHT THROUGH,1,57518,Cross intersection,2,70,Arterial Highway,DANDENONG,PORT PHILLIP,-37.859177,145.00133,2019,5,May,14,Midday,Weekday
T20190009733,2019-05-24,13:50:00,1,Collision with vehicle,5,Friday,113,RIGHT NEAR (INTERSECTIONS ONLY),1,68131,T intersection,3,60,Arterial Other,BLACKBURN,MONASH,-37.875565,145.14775,2019,5,May,13,Midday,Weekday
T20190009732,2019-05-24,12:55:00,1,Collision with vehicle,5,Friday,130,REAR END(VEHICLES IN SAME LANE),1,73507,Cross intersection,2,50,Arterial Highway,MURRAY,COLAC OTWAY,-38.339634,143.58972,2019,5,May,12,Midday,Weekday
T20190009731,2019-05-24,10:20:00,2,Struck Pedestrian,5,Friday,108,PED STRUCK WALKING TO/FROM OR BOARDING/ALIGHTING VEHICLE.,1,346825,Not at intersection,3,50,Local Road,BLYTH,HOBSONS BAY,-37.869064,144.8373,2019,5,May,10,Midday,Weekday
T20190009728,2019-05-24,09:30:00,2,Struck Pedestrian,5,Friday,101,PED EMERGES FROM IN FRONT OF PARKED OR STATIONARY VEHICLE,1,37295,T intersection,3,40,Arterial Other,VICTORIA,YARRA,-37.811207,145.0071,2019,5,May,9,Morning Peak,Weekday
T20190009992,2019-05-24,17:00:00,1,Collision with vehicle,5,Friday,130,REAR END(VEHICLES IN SAME LANE),2,661088,Not at intersection,3,60,Arterial Other,MCINTYRE,BRIMBANK,-37.770035,144.83003,2019,5,May,17,Afternoon Peak,Weekday
T20190009723,2019-05-24,10:56:00,1,Collision with vehicle,5,Friday,110,CROSS TRAFFIC(INTERSECTIONS ONLY),1,49225,Cross intersection,2,50,Local Road,ORANGE,MILDURA,-34.189796,142.16122,2019,5,May,10,Midday,Weekday
T20190009718,2019-05-24,10:10:00,1,Collision with vehicle,5,Friday,111,RIGHT FAR (INTERSECTIONS ONLY),1,40350,T intersection,3,60,Arterial Other,TOORONGA,STONNINGTON,-37.859573,145.04094,2019,5,May,10,Midday,Weekday
T20190009716,2019-05-24,09:08:00,1,Collision with vehicle,5,Friday,160,VEHICLE COLLIDES WITH VEHICLE PARKED ON LEFT OF ROAD,1,588671,Not at intersection,2,80,Arterial Other,LOWER DUNEED,SURF COAST,-38.249817,144.34375,2019,5,May,9,Morning Peak,Weekday
T20190009909,2019-05-24,10:15:00,2,Struck Pedestrian,5,Friday,107,PED ON FOOTHPATH STRUCK BY VEHENTERING/LEAVING DRIVEWAY.,1,345541,Not at intersection,2,60,Arterial Other,ASHBY,BAW BAW,-38.210728,146.15205,2019,5,May,10,Midday,Weekday
T20190009714,2019-05-24,07:20:00,1,Collision with vehicle,5,Friday,130,REAR END(VEHICLES IN SAME LANE),2,588670,Not at intersection,3,60,Arterial Highway,WELLINGTON,MONASH,-37.91562,145.13405,2019,5,May,7,Morning Peak,Weekday
T20190009713,2019-05-24,07:05:00,1,Collision with vehicle,5,Friday,130,REAR END(VEHICLES IN SAME LANE),3,37686,T intersection,2,40,Local Road,CHAPEL,STONNINGTON,-37.841633,144.9952,2019,5,May,7,Morning Peak,Weekday
T20190013425,2019-05-24,15:53:00,1,Collision with vehicle,5,Friday,121,RIGHT THROUGH,1,49748,T intersection,3,60,Arterial Other,THE BOULEVARD,GEELONG,-38.098717,144.35411,2019,5,May,15,Afternoon Peak,Weekday
T20190009806,2019-05-24,13:31:00,1,Collision with vehicle,5,Friday,131,LEFT REAR,1,580555,Not at intersection,3,60,Arterial Other,BAYSWATER,MAROONDAH,-37.83157,145.26926,2019,5,May,13,Midday,Weekday
T20190009711,2019-05-24,06:00:00,1,Collision with vehicle,5,Friday,121,RIGHT THROUGH,3,588669,T intersection,2,60,Arterial Other,SHARPS,BRIMBANK,-37.707245,144.8859,2019,5,May,6,Morning Peak,Weekday
T20190009706,2019-05-24,00:01:00,4,Collision with a fixed object,5,Friday,173,RIGHT OFF CARRIAGEWAY INTO OBJECT/PARKED VEHICLE,3,345445,Not at intersection,1,80,Arterial Other,SYBELLA,CARDINIA,-38.20604,145.49165,2019,5,May,0,Late Night,Weekday
T20190015314,2019-05-24,11:45:00,1,Collision with vehicle,5,Friday,134,LANE CHANGE RIGHT (NOT OVERTAKING),1,588691,Not at intersection,3,70,Arterial Other,MT DANDENONG,MAROONDAH,-37.799084,145.28427,2019,5,May,11,Midday,Weekday
T20190009773,2019-05-24,22:15:00,4,Collision with a fixed object,5,Friday,171,LEFT OFF CARRIAGEWAY INTO OBJECT/PARKED VEHICLE,3,49846,Cross intersection,3,60,Arterial Highway,CHURCH,GEELONG,-38.1321,144.34993,2019,5,May,22,Night,Weekday
T20190009771,2019-05-24,21:40:00,1,Collision with vehicle,5,Friday,121,RIGHT THROUGH,3,44466,Cross intersection,2,40,Arterial Other,RYRIE,GEELONG,-38.148613,144.3573,2019,5,May,21,Night,Weekday
T20190009768,2019-05-24,21:40:00,4,Collision with a fixed object,5,Friday,151,OUT OF CONTROL (OVERTAKING),3,345533,Not at intersection,3,80,Arterial Highway,BURWOOD,KNOX,-37.893295,145.30759,2019,5,May,21,Night,Weekday
T20190009761,2019-05-24,19:05:00,1,Collision with vehicle,5,Friday,110,CROSS TRAFFIC(INTERSECTIONS ONLY),3,69879,Cross intersection,2,50,Local Road,LEWIS,DANDENONG,-37.940247,145.14964,2019,5,May,19,Night,Weekday
T20190009759,2019-05-24,20:21:00,2,Struck Pedestrian,5,Friday,109,ANY MANOEUVRE INVOLVING PED NOT INCLUDED IN DCAs 100-108.,3,37502,Cross intersection,2,50,Local Road,KERFERD,PORT PHILLIP,-37.845936,144.95496,2019,5,May,20,Night,Weekday
T20190009758,2019-05-24,20:03:00,4,Collision with a fixed object,5,Friday,164,PERMANENT OBSTRUCTION ON CARRIAGEWAY,5,346360,Not at intersection,3,40,Arterial Other,CRAIGIEBURN,WHITTLESEA,-37.607845,145.02473,2019,5,May,20,Night,Weekday
T20190009754,2019-05-24,19:24:00,1,Collision with vehicle,5,Friday,110,CROSS TRAFFIC(INTERSECTIONS ONLY),3,44447,Cross intersection,3,60,Arterial Other,BOLDREWOOD,DAREBIN,-37.719357,145.02127,2019,5,May,19,Night,Weekday
T20190009745,2019-05-24,10:40:00,6,Vehicle overturned (no collision),5,Friday,151,OUT OF CONTROL (OVERTAKING),1,588557,Not at intersection,3,100,Arterial Other,WALLAN,WHITTLESEA,-37.456932,145.07434,2019,5,May,10,Midday,Weekday
T20190009744,2019-05-24,09:06:00,1,Collision with vehicle,5,Friday,111,RIGHT FAR (INTERSECTIONS ONLY),1,345511,T intersection,3,70,Arterial Other,PASCOE VALE,HUME,-37.661716,144.92328,2019,5,May,9,Morning Peak,Weekday
T20190009753,2019-05-24,17:48:00,1,Collision with vehicle,5,Friday,130,REAR END(VEHICLES IN SAME LANE),3,346985,Not at intersection,2,70,Arterial Other,SYDNEY,MORELAND,-37.71105,144.96175,2019,5,May,17,Afternoon Peak,Weekday
T20190009808,2019-05-25,15:19:00,1,Collision with vehicle,6,Saturday,110,CROSS TRAFFIC(INTERSECTIONS ONLY),1,271545,Cross intersection,2,100,Arterial Highway,SURF COAST,SURF COAST,-38.300648,144.32242,2019,5,May,15,Afternoon Peak,Weekend
T20190009776,2019-05-25,07:00:00,1,Collision with vehicle,6,Saturday,121,RIGHT THROUGH,2,68486,T intersection,2,60,Arterial Other,WAVERLEY,MONASH,-37.884403,145.12479,2019,5,May,7,Morning Peak,Weekend
T20190009817,2019-05-25,18:50:00,2,Struck Pedestrian,6,Saturday,102,FAR SIDE. PED HIT BY VEHICLE FROM THE LEFT,3,39391,Cross intersection,2,60,Arterial Other,MIDDLEBOROUGH,WHITEHORSE,-37.809143,145.14056,2019,5,May,18,Afternoon Peak,Weekend
T20190009819,2019-05-25,18:15:00,2,Struck Pedestrian,6,Saturday,102,FAR SIDE. PED HIT BY VEHICLE FROM THE LEFT,3,345626,T intersection,3,60,Arterial Other,ELGAR,MANNINGHAM,-37.788597,145.12361,2019,5,May,18,Afternoon Peak,Weekend
T20190009821,2019-05-25,19:00:00,1,Collision with vehicle,6,Saturday,132,RIGHT REAR.,3,346126,Cross intersection,3,60,Arterial Other,ASHLEY,MARIBYRNONG,-37.78685,144.86433,2019,5,May,19,Night,Weekend
T20190009822,2019-05-25,19:25:00,4,Collision with a fixed object,6,Saturday,173,RIGHT OFF CARRIAGEWAY INTO OBJECT/PARKED VEHICLE,3,49690,T intersection,2,60,Arterial Other,COX ROAD -THOMPSON,GEELONG,-38.082882,144.3488,2019,5,May,19,Night,Weekend
T20190009823,2019-05-25,21:15:00,2,Struck Pedestrian,6,Saturday,100,PED NEAR SIDE. PED HIT BY VEHICLE FROM THE RIGHT.,3,29397,Cross intersection,3,60,Arterial Other,VICTORIA,MELBOURNE,-37.807293,144.96884,2019,5,May,21,Night,Weekend
T20190009824,2019-05-25,13:45:00,1,Collision with vehicle,6,Saturday,140,U TURN,1,346734,Not at intersection,3,40,Arterial Other,SYDNEY,MORELAND,-37.76919,144.96176,2019,5,May,13,Midday,Weekend
T20190009802,2019-05-25,10:00:00,4,Collision with a fixed object,6,Saturday,171,LEFT OFF CARRIAGEWAY INTO OBJECT/PARKED VEHICLE,1,588673,Not at intersection,3,50,Local Road,LAUREL,DAREBIN,-37.733162,145.02866,2019,5,May,10,Midday,Weekend
T20190009772,2019-05-25,00:40:00,1,Collision with vehicle,6,Saturday,120,HEAD ON (NOT OVERTAKING),5,604064,Not at intersection,2,100,Arterial Other,DONNYBROOK,WHITTLESEA,-37.54923,145.03195,2019,5,May,0,Late Night,Weekend
T20190009803,2019-05-25,13:50:00,1,Collision with vehicle,6,Saturday,110,CROSS TRAFFIC(INTERSECTIONS ONLY),1,43917,Cross intersection,2,80,Arterial Other,CLYDE-FIVE WAYS,CASEY,-38.1335,145.32426,2019,5,May,13,Midday,Weekend
T20190009770,2019-05-25,02:15:00,1,Collision with vehicle,6,Saturday,163,VEHICLE STRIKES DOOR OF PARKED/STATIONARY VEHICLE,3,345503,Cross intersection,3,60,Arterial Highway,ANZAC,WODONGA,-36.13664,146.90857,2019,5,May,2,Late Night,Weekend
T20190011779,2019-05-25,19:00:00,1,Collision with vehicle,6,Saturday,154,PULLING OUT -REAR END,3,776858,T intersection,3,60,Local Road,TINDALS,MANNINGHAM,-37.77154,145.19948,2019,5,May,19,Night,Weekend
T20190009798,2019-05-25,13:57:00,1,Collision with vehicle,6,Saturday,113,RIGHT NEAR (INTERSECTIONS ONLY),1,42779,T intersection,2,60,Arterial Other,BEACH,KINGSTON,-37.99423,145.06908,2019,5,May,13,Midday,Weekend
T20190009805,2019-05-25,15:30:00,4,Collision with a fixed object,6,Saturday,171,LEFT OFF CARRIAGEWAY INTO OBJECT/PARKED VEHICLE,1,44297,Cross intersection,2,80,Local Road,OCONNORS,WYNDHAM,-37.953087,144.69714,2019,5,May,15,Afternoon Peak,Weekend
T20190009794,2019-05-25,09:20:00,1,Collision with vehicle,6,Saturday,113,RIGHT NEAR (INTERSECTIONS ONLY),1,50316,Cross intersection,2,100,Arterial Highway,SURF COAST,SURF COAST,-38.28628,144.3252,2019,5,May,9,Morning Peak,Weekend
T20190011601,2019-05-25,11:00:00,1,Collision with vehicle,6,Saturday,132,RIGHT REAR.,1,346403,T intersection,3,50,Local Road,WATSON,MITCHELL,-37.416332,144.97882,2019,5,May,11,Midday,Weekend
T20200003866,2019-05-25,10:30:00,5,collision with some other object,6,Saturday,166,STRUCK OBJECT ON CARRIAGEWAY,1,773337,Not at intersection,3,100,Local Road,TUNNEL,ARARAT,-37.182705,142.58858,2019,5,May,10,Midday,Weekend
T20190018914,2019-05-25,08:00:00,1,Collision with vehicle,6,Saturday,130,REAR END(VEHICLES IN SAME LANE),1,39255,Not at intersection,3,70,Arterial Other,TAYLORS,BRIMBANK,-37.727634,144.78987,2019,5,May,8,Morning Peak,Weekend
T20190009851,2019-05-25,19:20:00,2,Struck Pedestrian,6,Saturday,100,PED NEAR SIDE. PED HIT BY VEHICLE FROM THE RIGHT.,3,29840,Cross intersection,3,40,Arterial Other,SYDNEY,MORELAND,-37.768856,144.96182,2019,5,May,19,Night,Weekend
T20190010134,2019-05-25,22:00:00,1,Collision with vehicle,6,Saturday,130,REAR END(VEHICLES IN SAME LANE),3,351744,Not at intersection,3,70,Arterial Highway,TORQUAY,GEELONG,-38.21088,144.33958,2019,5,May,22,Night,Weekend
T20190013748,2019-05-25,13:00:00,1,Collision with vehicle,6,Saturday,132,RIGHT REAR.,1,360467,Not at intersection,3,60,Arterial Other,RALEIGH,MARIBYRNONG,-37.768677,144.88951,2019,5,May,13,Midday,Weekend
T20190009789,2019-05-25,11:30:00,2,Struck Pedestrian,6,Saturday,102,FAR SIDE. PED HIT BY VEHICLE FROM THE LEFT,1,41659,Cross intersection,2,60,Arterial Other,WAVERLEY,MONASH,-37.882515,145.109,2019,5,May,11,Midday,Weekend
T20190009787,2019-05-25,09:00:00,4,Collision with a fixed object,6,Saturday,173,RIGHT OFF CARRIAGEWAY INTO OBJECT/PARKED VEHICLE,1,345736,Not at intersection,1,50,Local Road,RIVIERA,KINGSTON,-37.97607,145.07368,2019,5,May,9,Morning Peak,Weekend
T20190009785,2019-05-25,09:40:00,2,Struck Pedestrian,6,Saturday,100,PED NEAR SIDE. PED HIT BY VEHICLE FROM THE RIGHT.,1,345654,Not at intersection,2,40,Arterial Other,CLAYTON,MONASH,-37.926216,145.1195,2019,5,May,9,Morning Peak,Weekend
T20190009952,2019-05-26,23:45:00,1,Collision with vehicle,7,Sunday,110,CROSS TRAFFIC(INTERSECTIONS ONLY),3,29504,Cross intersection,3,60,Arterial Other,MANNINGHAM,MANNINGHAM,-37.77041,145.09926,2019,5,May,23,Night,Weekend
T20190009834,2019-05-26,04:00:00,4,Collision with a fixed object,7,Sunday,171,LEFT OFF CARRIAGEWAY INTO OBJECT/PARKED VEHICLE,5,346724,Not at intersection,3,80,Local Road,CORIYULE,GEELONG,-38.17254,144.53557,2019,5,May,4,Late Night,Weekend
T20190009836,2019-05-26,04:00:00,4,Collision with a fixed object,7,Sunday,171,LEFT OFF CARRIAGEWAY INTO OBJECT/PARKED VEHICLE,5,345617,Not at intersection,3,100,Arterial Other,MT VICTORY,NORTHERN GRAMPIANS,-37.14782,142.47122,2019,5,May,4,Late Night,Weekend
T20190009841,2019-05-26,09:45:00,1,Collision with vehicle,7,Sunday,142,LEAVING PARKING,1,345514,Not at intersection,2,40,Arterial Other,HAMPTON,BAYSIDE,-37.94046,145.00195,2019,5,May,9,Morning Peak,Weekend
T20190009848,2019-05-26,12:00:00,1,Collision with vehicle,7,Sunday,121,RIGHT THROUGH,1,54294,T intersection,2,80,Arterial Highway,DANDENONG-HASTINGS,CASEY,-38.05644,145.24373,2019,5,May,12,Midday,Weekend
T20190009884,2019-05-26,22:01:00,1,Collision with vehicle,7,Sunday,142,LEAVING PARKING,3,345530,Not at intersection,2,40,Local Road,CHAPEL,STONNINGTON,-37.84466,144.99458,2019,5,May,22,Night,Weekend
T20190009882,2019-05-26,17:38:00,2,Struck Pedestrian,7,Sunday,100,PED NEAR SIDE. PED HIT BY VEHICLE FROM THE RIGHT.,2,589715,Not at intersection,2,80,Arterial Other,BALLARAT,BRIMBANK,-37.773983,144.80362,2019,5,May,17,Afternoon Peak,Weekend
T20190009880,2019-05-26,21:17:00,2,Struck Pedestrian,7,Sunday,102,FAR SIDE. PED HIT BY VEHICLE FROM THE LEFT,3,345843,Not at intersection,3,40,Arterial Other,CLAYTON,MONASH,-37.92682,145.1194,2019,5,May,21,Night,Weekend
T20190009877,2019-05-26,13:15:00,4,Collision with a fixed object,7,Sunday,181,OFF RIGHT BEND INTO OBJECT/PARKED VEHICLE,1,345726,Cross intersection,2,100,Local Road,KANGAROO GULLY,BENDIGO,-36.820625,144.2589,2019,5,May,13,Midday,Weekend
T20190009876,2019-05-26,20:00:00,1,Collision with vehicle,7,Sunday,121,RIGHT THROUGH,3,57342,Cross intersection,3,80,Arterial Other,SOMERTON,HUME,-37.64288,144.94672,2019,5,May,20,Night,Weekend
T20190009866,2019-05-26,16:15:00,1,Collision with vehicle,7,Sunday,120,HEAD ON (NOT OVERTAKING),1,73946,Cross intersection,3,100,Arterial Other,IRREWILLIPE ROAD -TIMBOON-COLAC,COLAC OTWAY,-38.410847,143.44391,2019,5,May,16,Afternoon Peak,Weekend
T20190009871,2019-05-26,16:30:00,8,No collision and no object struck,7,Sunday,174,OUT OF CONTROL ON CARRIAGEWAY (ON STRAIGHT),1,55686,Not at intersection,3,50,Local Road,WESTERN,HUME,-37.679977,144.87177,2019,5,May,16,Afternoon Peak,Weekend
T20190009874,2019-05-26,18:45:00,4,Collision with a fixed object,7,Sunday,181,OFF RIGHT BEND INTO OBJECT/PARKED VEHICLE,5,345577,Not at intersection,3,100,Local Road,MEREDITH-MT MERCER,GOLDEN PLAINS,-37.80604,143.91609,2019,5,May,18,Afternoon Peak,Weekend
T20190009870,2019-05-26,17:53:00,1,Collision with vehicle,7,Sunday,130,REAR END(VEHICLES IN SAME LANE),3,588674,Not at intersection,2,60,Local Road,MCCLELLAND,GEELONG,-38.02306,144.41246,2019,5,May,17,Afternoon Peak,Weekend
T20190009867,2019-05-26,16:54:00,1,Collision with vehicle,7,Sunday,130,REAR END(VEHICLES IN SAME LANE),1,345640,Not at intersection,3,60,Local Road,BOX FOREST,MORELAND,-37.70408,144.95622,2019,5,May,16,Afternoon Peak,Weekend
T20190009863,2019-05-26,08:00:00,1,Collision with vehicle,7,Sunday,110,CROSS TRAFFIC(INTERSECTIONS ONLY),1,45088,Cross intersection,3,50,Local Road,HENNA,WARRNAMBOOL,-38.380554,142.4768,2019,5,May,8,Morning Peak,Weekend
T20190009878,2019-05-26,16:40:00,1,Collision with vehicle,7,Sunday,121,RIGHT THROUGH,1,35723,Cross intersection,2,60,Freeway,EASTERN OUT-DONCASTER,MANNINGHAM,-37.788414,145.10425,2019,5,May,16,Afternoon Peak,Weekend
T20190009853,2019-05-26,09:32:00,1,Collision with vehicle,7,Sunday,152,PULLING OUT (OVERTAKING),1,271451,T intersection,2,50,Local Road,FERNDALE,BOROONDARA,-37.855686,145.0759,2019,5,May,9,Morning Peak,Weekend
T20190009859,2019-05-26,14:15:00,2,Struck Pedestrian,7,Sunday,103,PED PLAYING/LYING/WORKING/STANDING ON CARRIAGEWAY.,1,590716,Not at intersection,3,40,Arterial Other,MORNINGTON-TYABB,MORNINGTON PENINSULA,-38.24762,145.10574,2019,5,May,14,Midday,Weekend
T20190009852,2019-05-26,11:20:00,1,Collision with vehicle,7,Sunday,160,VEHICLE COLLIDES WITH VEHICLE PARKED ON LEFT OF ROAD,1,345707,Not at intersection,2,60,Arterial Other,WAVERLEY,STONNINGTON,-37.875683,145.04579,2019,5,May,11,Midday,Weekend
T20190009862,2019-05-26,14:00:00,4,Collision with a fixed object,7,Sunday,181,OFF RIGHT BEND INTO OBJECT/PARKED VEHICLE,1,345701,Not at intersection,3,80,Arterial Other,GRANYA,TOWONG,-36.17635,147.3387,2019,5,May,14,Midday,Weekend
T20190009861,2019-05-26,07:00:00,4,Collision with a fixed object,7,Sunday,183,OFF LEFT BEND INTO OBJECT/PARKED VEHICLE,3,586139,Not at intersection,3,80,Freeway,MONASH IN-STUD,DANDENONG,-37.961994,145.22662,2019,5,May,7,Morning Peak,Weekend
T20190009855,2019-05-26,13:49:00,1,Collision with vehicle,7,Sunday,130,REAR END(VEHICLES IN SAME LANE),1,582821,Cross intersection,2,60,Freeway,PRINCES OUT-CLYDE,CASEY,-38.0426,145.33649,2019,5,May,13,Midday,Weekend
T20190017998,2019-05-26,21:00:00,1,Collision with vehicle,7,Sunday,113,RIGHT NEAR (INTERSECTIONS ONLY),3,35388,T intersection,3,80,Arterial Other,WESTALL,KINGSTON,-37.979908,145.14267,2019,5,May,21,Night,Weekend
T20190009908,2019-05-27,10:24:00,1,Collision with vehicle,1,Monday,113,RIGHT NEAR (INTERSECTIONS ONLY),1,31040,T intersection,2,60,Arterial Other,JOHNSTON,YARRA,-37.800743,145.00217,2019,5,May,10,Midday,Weekday
T20190009916,2019-05-27,11:45:00,1,Collision with vehicle,1,Monday,110,CROSS TRAFFIC(INTERSECTIONS ONLY),1,29804,Cross intersection,2,60,Arterial Highway,ALBERT,DAREBIN,-37.72906,145.02557,2019,5,May,11,Midday,Weekday
T20190009922,2019-05-27,12:40:00,8,No collision and no object struck,1,Monday,170,OFF CARRIAGEWAY TO LEFT,1,346815,Not at intersection,3,80,Arterial Other,CLYDE-FIVE WAYS,CASEY,-38.127052,145.32553,2019,5,May,12,Midday,Weekday
T20190009928,2019-05-27,09:30:00,4,Collision with a fixed object,1,Monday,181,OFF RIGHT BEND INTO OBJECT/PARKED VEHICLE,1,350927,Not at intersection,2,100,Arterial Highway,BASS,BASS COAST,-38.53358,145.45337,2019,5,May,9,Morning Peak,Weekday
T20190009931,2019-05-27,13:30:00,2,Struck Pedestrian,1,Monday,103,PED PLAYING/LYING/WORKING/STANDING ON CARRIAGEWAY.,1,43816,Cross intersection,3,60,Arterial Other,OLD BAKER,YARRA RANGES,-37.81626,145.4584,2019,5,May,13,Midday,Weekday
T20190009933,2019-05-27,15:05:00,4,Collision with a fixed object,1,Monday,181,OFF RIGHT BEND INTO OBJECT/PARKED VEHICLE,1,69454,Not at intersection,3,60,Local Road,FERNDALE,YARRA RANGES,-37.91864,145.33145,2019,5,May,15,Afternoon Peak,Weekday
T20190009934,2019-05-27,13:17:00,1,Collision with vehicle,1,Monday,130,REAR END(VEHICLES IN SAME LANE),1,345642,Not at intersection,3,40,Arterial Other,WESTERN,MELTON,-37.763126,144.75623,2019,5,May,13,Midday,Weekday
T20190009935,2019-05-27,13:07:00,1,Collision with vehicle,1,Monday,130,REAR END(VEHICLES IN SAME LANE),1,346873,Not at intersection,2,50,Local Road,WILLOW,BRIMBANK,-37.752884,144.81339,2019,5,May,13,Midday,Weekday
T20190009938,2019-05-27,17:40:00,1,Collision with vehicle,1,Monday,110,CROSS TRAFFIC(INTERSECTIONS ONLY),2,44859,Cross intersection,3,40,Local Road,LIME,MILDURA,-34.184784,142.15877,2019,5,May,17,Afternoon Peak,Weekday
T20190009939,2019-05-27,16:55:00,1,Collision with vehicle,1,Monday,116,LEFT NEAR (INTERSECTIONS ONLY),1,291913,Cross intersection,2,100,Arterial Other,MAIN ROAD -MELBOURNE-LANCEFIELD,MACEDON RANGES,-37.28534,144.7368,2019,5,May,16,Afternoon Peak,Weekday
T20190009940,2019-05-27,17:00:00,1,Collision with vehicle,1,Monday,110,CROSS TRAFFIC(INTERSECTIONS ONLY),2,45317,Cross intersection,3,60,Arterial Other,LINCOLN,MOONEE VALLEY,-37.74687,144.9097,2019,5,May,17,Afternoon Peak,Weekday
T20190009941,2019-05-27,17:15:00,1,Collision with vehicle,1,Monday,135,LANE CHANGE LEFT (NOT OVERTAKING),3,360563,Not at intersection,3,100,Freeway,MONASH,CASEY,-37.98495,145.24837,2019,5,May,17,Afternoon Peak,Weekday
T20190009942,2019-05-27,15:15:00,1,Collision with vehicle,1,Monday,134,LANE CHANGE RIGHT (NOT OVERTAKING),1,350291,Not at intersection,3,80,Freeway,TULLAMARINE,MOONEE VALLEY,-37.727287,144.8909,2019,5,May,15,Afternoon Peak,Weekday
T20190009943,2019-05-27,13:40:00,1,Collision with vehicle,1,Monday,130,REAR END(VEHICLES IN SAME LANE),1,588676,T intersection,3,60,Arterial Other,JACKSONS,MONASH,-37.936626,145.19272,2019,5,May,13,Midday,Weekday
T20190009944,2019-05-27,17:30:00,2,Struck Pedestrian,1,Monday,100,PED NEAR SIDE. PED HIT BY VEHICLE FROM THE RIGHT.,3,346007,Cross intersection,2,60,Arterial Other,ASCOT VALE,MOONEE VALLEY,-37.782658,144.92221,2019,5,May,17,Afternoon Peak,Weekday