ACCIDENT_NO,ACCIDENT_DATE,ACCIDENT_TIME,ACCIDENT_TYPE,ACCIDENT_TYPE_DESC,DAY_OF_WEEK,DAY_WEEK_DESC,DCA_CODE,DCA_DESC,LIGHT_CONDITION,NODE_ID,ROAD_GEOMETRY_DESC,SEVERITY,SPEED_ZONE,RMA,ROAD_NAME,LGA_NAME,LATITUDE,LONGITUDE,YEAR,MONTH,MONTH_NAME,HOUR,TIME_PERIOD,DAY_TYPE
T20190009947,2019-05-27,19:15:00,1,Collision with vehicle,1,Monday,160,VEHICLE COLLIDES WITH VEHICLE PARKED ON LEFT OF ROAD,3,347229,Not at intersection,2,70,Arterial Highway,OGILVIE,CAMPASPE,-36.14045,144.7322,2019,5,May,19,Night,Weekday
T20190009950,2019-05-27,13:20:00,8,No collision and no object struck,1,Monday,184,OUT OF CONTROL ON CARRIAGEWAY (ON BEND),1,345618,Cross intersection,3,40,Local Road,MASCOMA,MOONEE VALLEY,-37.710915,144.8892,2019,5,May,13,Midday,Weekday
T20190009951,2019-05-27,17:30:00,2,Struck Pedestrian,1,Monday,100,PED NEAR SIDE. PED HIT BY VEHICLE FROM THE RIGHT.,6,345727,Cross intersection,2,50,Arterial Other,MITCHELL,BENDIGO,-36.763332,144.28278,2019,5,May,17,Afternoon Peak,Weekday
T20190009954,2019-05-27,22:43:00,1,Collision with vehicle,1,Monday,121,RIGHT THROUGH,3,221849,Multiple intersection,2,60,Freeway,THOMPSONS,MANNINGHAM,-37.779137,145.08209,2019,5,May,22,Night,Weekday
T20190009955,2019-05-27,22:45:00,4,Collision with a fixed object,1,Monday,173,RIGHT OFF CARRIAGEWAY INTO OBJECT/PARKED VEHICLE,3,658508,T intersection,2,50,Local Road,ANDERSON,MORELAND,-37.696053,144.97089,2019,5,May,22,Night,Weekday
T20190009957,2019-05-27,21:45:00,4,Collision with a fixed object,1,Monday,173,RIGHT OFF CARRIAGEWAY INTO OBJECT/PARKED VEHICLE,3,347125,Not at intersection,2,60,Arterial Other,HIGH,WHITTLESEA,-37.6677,145.01619,2019,5,May,21,Night,Weekday
T20190009959,2019-05-27,21:15:00,1,Collision with vehicle,1,Monday,113,RIGHT NEAR (INTERSECTIONS ONLY),3,34705,T intersection,3,60,Local Road,ROSAMOND,MARIBYRNONG,-37.775734,144.88556,2019,5,May,21,Night,Weekday
T20190009967,2019-05-27,23:15:00,1,Collision with vehicle,1,Monday,120,HEAD ON (NOT OVERTAKING),3,288245,T intersection,1,80,Arterial Highway,MOUNT ELIZA,MORNINGTON PENINSULA,-38.179165,145.09624,2019,5,May,23,Night,Weekday
T20190009970,2019-05-27,19:35:00,2,Struck Pedestrian,1,Monday,100,PED NEAR SIDE. PED HIT BY VEHICLE FROM THE RIGHT.,2,345675,Not at intersection,1,80,Arterial Other,BALLARAT,BRIMBANK,-37.77381,144.80319,2019,5,May,19,Night,Weekday
T20190009974,2019-05-27,13:55:00,1,Collision with vehicle,1,Monday,121,RIGHT THROUGH,1,17632,T intersection,3,60,Arterial Highway,HIGH,SHEPPARTON,-36.386135,145.42438,2019,5,May,13,Midday,Weekday
T20190010034,2019-05-27,15:55:00,1,Collision with vehicle,1,Monday,121,RIGHT THROUGH,1,46097,T intersection,3,60,Freeway,KOROROIT CREEK,HOBSONS BAY,-37.844357,144.78346,2019,5,May,15,Afternoon Peak,Weekday
T20190010108,2019-05-27,18:00:00,1,Collision with vehicle,1,Monday,130,REAR END(VEHICLES IN SAME LANE),5,345785,Not at intersection,3,100,Arterial Other,KOO WEE RUP-LONGWARRY,BAW BAW,-38.1216,145.76219,2019,5,May,18,Afternoon Peak,Weekday
T20190012956,2019-05-27,06:30:00,1,Collision with vehicle,1,Monday,113,RIGHT NEAR (INTERSECTIONS ONLY),3,48286,T intersection,2,50,Arterial Other,HEATHS,WYNDHAM,-37.876377,144.6586,2019,5,May,6,Morning Peak,Weekday
T20190010480,2019-05-27,15:15:00,1,Collision with vehicle,1,Monday,135,LANE CHANGE LEFT (NOT OVERTAKING),9,346009,Not at intersection,3,60,Arterial Other,CANTERBURY,BOROONDARA,-37.825172,145.09077,2019,5,May,15,Afternoon Peak,Weekday
T20190013511,2019-05-27,10:30:00,1,Collision with vehicle,1,Monday,135,LANE CHANGE LEFT (NOT OVERTAKING),1,352656,Not at intersection,2,60,Arterial Highway,NAPIER,BENDIGO,-36.75089,144.2899,2019,5,May,10,Midday,Weekday
T20190009966,2019-05-27,20:40:00,4,Collision with a fixed object,1,Monday,171,LEFT OFF CARRIAGEWAY INTO OBJECT/PARKED VEHICLE,3,350327,Not at intersection,1,60,Local Road,INDI,MILDURA,-34.305977,142.19588,2019,5,May,20,Night,Weekday
T20190011345,2019-05-27,14:00:00,1,Collision with vehicle,1,Monday,133,LANE SIDE SWIPE (VEHICLES IN PARALLEL LANES),1,583555,T intersection,2,80,Arterial Highway,PRINCES HIGHWAY -ROCLA,LATROBE,-38.18979,146.5659,2019,5,May,14,Midday,Weekday
T20190009891,2019-05-27,04:30:00,4,Collision with a fixed object,1,Monday,171,LEFT OFF CARRIAGEWAY INTO OBJECT/PARKED VEHICLE,5,346878,Not at intersection,3,100,Local Road,NILMA-BONA VISTA,BAW BAW,-38.206306,145.97025,2019,5,May,4,Late Night,Weekday
T20190009893,2019-05-27,07:20:00,2,Struck Pedestrian,1,Monday,102,FAR SIDE. PED HIT BY VEHICLE FROM THE LEFT,2,69466,T intersection,3,50,Arterial Highway,WELLINGTON,MONASH,-37.91946,145.16484,2019,5,May,7,Morning Peak,Weekday
T20190009895,2019-05-27,05:50:00,1,Collision with vehicle,1,Monday,120,HEAD ON (NOT OVERTAKING),5,346639,Not at intersection,2,100,Arterial Highway,HOPKINS,MOYNE,-38.256836,142.64845,2019,5,May,5,Morning Peak,Weekday
T20190009897,2019-05-27,08:00:00,1,Collision with vehicle,1,Monday,147,VEHICLE STRIKES ANOTHER VEH WHILE EMERGING FROM DRIVEWAY,1,45830,Not at intersection,3,50,Arterial Highway,LATROBE,GEELONG,-38.14442,144.35318,2019,5,May,8,Morning Peak,Weekday
T20190009901,2019-05-27,08:40:00,6,Vehicle overturned (no collision),1,Monday,174,OUT OF CONTROL ON CARRIAGEWAY (ON STRAIGHT),1,345535,Not at intersection,2,40,Arterial Other,MALVERN,STONNINGTON,-37.847164,144.99632,2019,5,May,8,Morning Peak,Weekday
T20190009904,2019-05-27,10:05:00,1,Collision with vehicle,1,Monday,120,HEAD ON (NOT OVERTAKING),1,37244,T intersection,2,50,Local Road,BETULA,WHITTLESEA,-37.673573,145.0588,2019,5,May,10,Midday,Weekday
T20190009905,2019-05-27,09:55:00,6,Vehicle overturned (no collision),1,Monday,174,OUT OF CONTROL ON CARRIAGEWAY (ON STRAIGHT),1,345629,T intersection,3,60,Arterial Other,LANSDOWNE,MELBOURNE,-37.81517,144.97742,2019,5,May,9,Morning Peak,Weekday
T20190010011,2019-05-28,15:28:00,1,Collision with vehicle,2,Tuesday,110,CROSS TRAFFIC(INTERSECTIONS ONLY),1,52605,Cross intersection,3,60,Arterial Highway,DIMBOOLA,HORSHAM,-36.710403,142.19626,2019,5,May,15,Afternoon Peak,Weekday
T20190010016,2019-05-28,16:05:00,8,No collision and no object struck,2,Tuesday,175,OFF END OF ROAD/T-INTERSECTION.,1,43610,T intersection,2,60,Arterial Other,BELGRAVE-HALLAM,CASEY,-37.967842,145.317,2019,5,May,16,Afternoon Peak,Weekday
T20190010019,2019-05-28,17:40:00,1,Collision with vehicle,2,Tuesday,147,VEHICLE STRIKES ANOTHER VEH WHILE EMERGING FROM DRIVEWAY,3,345698,Not at intersection,3,50,Local Road,SPRINGHILL,CASEY,-38.086952,145.28703,2019,5,May,17,Afternoon Peak,Weekday
T20190010020,2019-05-28,17:30:00,1,Collision with vehicle,2,Tuesday,130,REAR END(VEHICLES IN SAME LANE),3,42623,T intersection,2,50,Local Road,ABERDEEN,DANDENONG,-37.955498,145.19865,2019,5,May,17,Afternoon Peak,Weekday
T20190010025,2019-05-28,20:09:00,1,Collision with vehicle,2,Tuesday,147,VEHICLE STRIKES ANOTHER VEH WHILE EMERGING FROM DRIVEWAY,3,345750,Not at intersection,2,80,Arterial Highway,PRINCES HIGHWAY,MONASH,-37.913048,145.12515,2019,5,May,20,Night,Weekday
T20190010023,2019-05-28,19:00:00,1,Collision with vehicle,2,Tuesday,152,PULLING OUT (OVERTAKING),3,588959,Cross intersection,3,80,Arterial Other,FITZSIMONS,BANYULE,-37.737667,145.13426,2019,5,May,19,Night,Weekday
T20190010024,2019-05-28,18:55:00,4,Collision with a fixed object,2,Tuesday,183,OFF LEFT BEND INTO OBJECT/PARKED VEHICLE,5,352658,Not at intersection,3,100,Arterial Other,COLAC-BALLARAT,GOLDEN PLAINS,-37.80405,143.762,2019,5,May,18,Afternoon Peak,Weekday
T20190010028,2019-05-28,17:49:00,1,Collision with vehicle,2,Tuesday,130,REAR END(VEHICLES IN SAME LANE),5,53838,T intersection,3,40,Arterial Highway,BASS,SOUTH GIPPSLAND,-38.491417,145.92987,2019,5,May,17,Afternoon Peak,Weekday
T20200011455,2019-05-28,19:35:00,1,Collision with vehicle,2,Tuesday,110,CROSS TRAFFIC(INTERSECTIONS ONLY),3,45283,Cross intersection,3,60,Arterial Other,ORFORD,MOONEE VALLEY,-37.770397,144.90408,2019,5,May,19,Night,Weekday
T20190012083,2019-05-28,16:50:00,8,No collision and no object struck,2,Tuesday,174,OUT OF CONTROL ON CARRIAGEWAY (ON STRAIGHT),1,32859,Cross intersection,3,60,Arterial Highway,CHELTENHAM,DANDENONG,-37.991413,145.2102,2019,5,May,16,Afternoon Peak,Weekday
T20190010131,2019-05-28,12:30:00,2,Struck Pedestrian,2,Tuesday,100,PED NEAR SIDE. PED HIT BY VEHICLE FROM THE RIGHT.,1,633849,Not at intersection,3,50,Local Road,TENNYSON,KINGSTON,-37.957314,145.05649,2019,5,May,12,Midday,Weekday
T20190010031,2019-05-28,13:55:00,2,Struck Pedestrian,2,Tuesday,108,PED STRUCK WALKING TO/FROM OR BOARDING/ALIGHTING VEHICLE.,1,360740,Not at intersection,3,50,Local Road,DONCASTER EAST,WHITEHORSE,-37.8115,145.19452,2019,5,May,13,Midday,Weekday
T20190010033,2019-05-28,22:52:00,1,Collision with vehicle,2,Tuesday,110,CROSS TRAFFIC(INTERSECTIONS ONLY),3,588960,Cross intersection,3,50,Local Road,THIRTEENTH,MILDURA,-34.19259,142.15395,2019,5,May,22,Night,Weekday
T20190010119,2019-05-28,16:40:00,1,Collision with vehicle,2,Tuesday,130,REAR END(VEHICLES IN SAME LANE),1,345673,Not at intersection,2,60,Arterial Other,DORSET,MAROONDAH,-37.82564,145.2876,2019,5,May,16,Afternoon Peak,Weekday
T20190010029,2019-05-28,20:25:00,1,Collision with vehicle,2,Tuesday,130,REAR END(VEHICLES IN SAME LANE),3,345802,Not at intersection,2,100,Freeway,METROPOLITAN RING,WHITTLESEA,-37.69012,144.97781,2019,5,May,20,Night,Weekday
T20190010117,2019-05-28,18:51:00,6,Vehicle overturned (no collision),2,Tuesday,174,OUT OF CONTROL ON CARRIAGEWAY (ON STRAIGHT),3,345703,Not at intersection,2,40,Local Road,BRUNSWICK,YARRA,-37.80678,144.97704,2019,5,May,18,Afternoon Peak,Weekday
T20190010032,2019-05-28,22:30:00,1,Collision with vehicle,2,Tuesday,121,RIGHT THROUGH,6,799,Cross intersection,2,60,Local Road,CORRIGAN,DANDENONG,-37.961704,145.1691,2019,5,May,22,Night,Weekday
T20190010036,2019-05-28,18:05:00,1,Collision with vehicle,2,Tuesday,130,REAR END(VEHICLES IN SAME LANE),3,345667,Not at intersection,2,80,Freeway,WESTERN RING OUT-PASCOE VALE,HUME,-37.693794,144.91296,2019,5,May,18,Afternoon Peak,Weekday
T20190009985,2019-05-28,08:25:00,8,No collision and no object struck,2,Tuesday,170,OFF CARRIAGEWAY TO LEFT,1,345572,Not at intersection,3,100,Local Road,TIMBOON-PETERBOROUGH,CORANGAMITE,-38.59262,142.91594,2019,5,May,8,Morning Peak,Weekday
T20190009986,2019-05-28,06:37:00,1,Collision with vehicle,2,Tuesday,113,RIGHT NEAR (INTERSECTIONS ONLY),3,25,T intersection,2,80,Arterial Highway,FRANKSTON-DANDENONG,DANDENONG,-38.028713,145.21254,2019,5,May,6,Morning Peak,Weekday
T20190009987,2019-05-28,08:57:00,7,Fall from or in moving vehicle,2,Tuesday,170,OFF CARRIAGEWAY TO LEFT,1,345579,Cross intersection,3,60,Arterial Other,BLUFF ROAD -CUMMINS,BAYSIDE,-37.93187,145.02573,2019,5,May,8,Morning Peak,Weekday
T20190009989,2019-05-28,11:27:00,4,Collision with a fixed object,2,Tuesday,171,LEFT OFF CARRIAGEWAY INTO OBJECT/PARKED VEHICLE,1,346631,Not at intersection,3,100,Arterial Highway,MURRAY VALLEY,CAMPASPE,-36.198006,144.92805,2019,5,May,11,Midday,Weekday
T20190009997,2019-05-28,12:55:00,4,Collision with a fixed object,2,Tuesday,173,RIGHT OFF CARRIAGEWAY INTO OBJECT/PARKED VEHICLE,1,35065,Not at intersection,2,60,Arterial Other,ECHUCA,SHEPPARTON,-36.384274,145.35446,2019,5,May,12,Midday,Weekday
T20190009999,2019-05-28,12:11:00,6,Vehicle overturned (no collision),2,Tuesday,174,OUT OF CONTROL ON CARRIAGEWAY (ON STRAIGHT),1,36715,Cross intersection,3,40,Local Road,GIPPS,YARRA,-37.805435,144.9967,2019,5,May,12,Midday,Weekday
T20190010002,2019-05-28,13:25:00,1,Collision with vehicle,2,Tuesday,130,REAR END(VEHICLES IN SAME LANE),1,346541,Not at intersection,2,100,Freeway,PRINCES,WYNDHAM,-37.827618,144.81712,2019,5,May,13,Midday,Weekday
T20190010008,2019-05-28,15:30:00,2,Struck Pedestrian,2,Tuesday,101,PED EMERGES FROM IN FRONT OF PARKED OR STATIONARY VEHICLE,1,346277,Not at intersection,2,40,Local Road,YARROWEE,BALLARAT,-37.59294,143.84297,2019,5,May,15,Afternoon Peak,Weekday
T20190010009,2019-05-28,14:15:00,1,Collision with vehicle,2,Tuesday,130,REAR END(VEHICLES IN SAME LANE),1,588958,Not at intersection,2,80,Arterial Highway,WELLINGTON,MONASH,-37.914795,145.12823,2019,5,May,14,Midday,Weekday
T20190010015,2019-05-28,17:35:00,8,No collision and no object struck,2,Tuesday,174,OUT OF CONTROL ON CARRIAGEWAY (ON STRAIGHT),3,345911,Cross intersection,2,40,Local Road,LOEMAN,MOONEE VALLEY,-37.7348,144.92401,2019,5,May,17,Afternoon Peak,Weekday
T20190010095,2019-05-29,16:42:00,4,Collision with a fixed object,3,Wednesday,173,RIGHT OFF CARRIAGEWAY INTO OBJECT/PARKED VEHICLE,2,346517,Not at intersection,3,40,Arterial Other,YAN YEAN,WHITTLESEA,-37.61355,145.13687,2019,5,May,16,Afternoon Peak,Weekday
T20190010093,2019-05-29,16:09:00,1,Collision with vehicle,3,Wednesday,132,RIGHT REAR.,1,350917,T intersection,3,60,Arterial Other,YARRALUMLA,WODONGA,-36.14495,146.86693,2019,5,May,16,Afternoon Peak,Weekday
T20200017873,2019-05-29,18:30:00,1,Collision with vehicle,3,Wednesday,111,RIGHT FAR (INTERSECTIONS ONLY),2,39324,T intersection,3,60,Arterial Other,STATION,WHITEHORSE,-37.821968,145.1231,2019,5,May,18,Afternoon Peak,Weekday
T20190010061,2019-05-29,12:30:00,1,Collision with vehicle,3,Wednesday,111,RIGHT FAR (INTERSECTIONS ONLY),1,41229,Cross intersection,2,60,Local Road,KOOYONG,GLEN EIRA,-37.884975,145.01515,2019,5,May,12,Midday,Weekday
T20190010611,2019-05-29,10:15:00,6,Vehicle overturned (no collision),3,Wednesday,174,OUT OF CONTROL ON CARRIAGEWAY (ON STRAIGHT),1,345900,Not at intersection,3,60,Arterial Other,MILLERS,HOBSONS BAY,-37.81851,144.84969,2019,5,May,10,Midday,Weekday
T20190010059,2019-05-29,07:10:00,4,Collision with a fixed object,3,Wednesday,183,OFF LEFT BEND INTO OBJECT/PARKED VEHICLE,2,345680,Not at intersection,2,70,Arterial Other,HEATHCOTE-REDESDALE,BENDIGO,-37.01522,144.54202,2019,5,May,7,Morning Peak,Weekday
T20190022472,2019-05-29,18:45:00,6,Vehicle overturned (no collision),3,Wednesday,174,OUT OF CONTROL ON CARRIAGEWAY (ON STRAIGHT),9,34104,T intersection,3,70,Arterial Highway,PRINCES HIGHWAY,STONNINGTON,-37.889027,145.08192,2019,5,May,18,Afternoon Peak,Weekday
T20190010058,2019-05-29,11:00:00,1,Collision with vehicle,3,Wednesday,130,REAR END(VEHICLES IN SAME LANE),1,36808,Cross intersection,3,60,Arterial Other,DUDLEY,MELBOURNE,-37.810955,144.94783,2019,5,May,11,Midday,Weekday
T20190010051,2019-05-29,07:51:00,1,Collision with vehicle,3,Wednesday,147,VEHICLE STRIKES ANOTHER VEH WHILE EMERGING FROM DRIVEWAY,1,346010,Not at intersection,2,60,Local Road,BROWNS,DANDENONG,-37.93814,145.18936,2019,5,May,7,Morning Peak,Weekday
T20190010046,2019-05-29,07:48:00,1,Collision with vehicle,3,Wednesday,110,CROSS TRAFFIC(INTERSECTIONS ONLY),1,40086,Cross intersection,2,60,Arterial Other,BARKLY,PORT PHILLIP,-37.874176,144.97987,2019,5,May,7,Morning Peak,Weekday
T20190010045,2019-05-29,06:05:00,1,Collision with vehicle,3,Wednesday,121,RIGHT THROUGH,3,224077,Cross intersection,2,80,Local Road,ABBOTTS,DANDENONG,-38.034477,145.23463,2019,5,May,6,Morning Peak,Weekday
T20190010044,2019-05-29,06:15:00,1,Collision with vehicle,3,Wednesday,134,LANE CHANGE RIGHT (NOT OVERTAKING),3,345754,Not at intersection,3,100,Freeway,PENINSULA LINK IN-EASTLINK,FRANKSTON,-38.09703,145.1543,2019,5,May,6,Morning Peak,Weekday
T20190010043,2019-05-29,08:30:00,1,Collision with vehicle,3,Wednesday,113,RIGHT NEAR (INTERSECTIONS ONLY),1,36051,T intersection,2,50,Local Road,BARNETT,MELBOURNE,-37.794632,144.93184,2019,5,May,8,Morning Peak,Weekday
T20190010041,2019-05-29,04:40:00,1,Collision with vehicle,3,Wednesday,160,VEHICLE COLLIDES WITH VEHICLE PARKED ON LEFT OF ROAD,3,360529,Not at intersection,3,60,Local Road,DEAN,MOONEE VALLEY,-37.76784,144.92966,2019,5,May,4,Late Night,Weekday
T20190010091,2019-05-29,16:46:00,1,Collision with vehicle,3,Wednesday,121,RIGHT THROUGH,1,589207,Not at intersection,3,100,Arterial Other,DOOKIE NALINGA,SHEPPARTON,-36.331226,145.71756,2019,5,May,16,Afternoon Peak,Weekday
T20190017415,2019-05-29,06:20:00,2,Struck Pedestrian,3,Wednesday,108,PED STRUCK WALKING TO/FROM OR BOARDING/ALIGHTING VEHICLE.,9,40151,Cross intersection,3,40,Arterial Other,CARLISLE,PORT PHILLIP,-37.86916,144.9966,2019,5,May,6,Morning Peak,Weekday
T20190010466,2019-05-29,09:45:00,1,Collision with vehicle,3,Wednesday,110,CROSS TRAFFIC(INTERSECTIONS ONLY),1,345960,Cross intersection,3,100,Local Road,CREIGHTONS CREEK,STRATHBOGIE,-36.85711,145.52885,2019,5,May,9,Morning Peak,Weekday
T20190010417,2019-05-29,17:57:00,1,Collision with vehicle,3,Wednesday,116,LEFT NEAR (INTERSECTIONS ONLY),3,579947,T intersection,3,70,Arterial Other,STATION,BRIMBANK,-37.7443,144.77914,2019,5,May,17,Afternoon Peak,Weekday
T20190010283,2019-05-29,05:40:00,1,Collision with vehicle,3,Wednesday,130,REAR END(VEHICLES IN SAME LANE),5,345930,Not at intersection,2,100,Freeway,WESTERN RING,BRIMBANK,-37.800537,144.79903,2019,5,May,5,Morning Peak,Weekday
T20190010090,2019-05-29,17:45:00,1,Collision with vehicle,3,Wednesday,113,RIGHT NEAR (INTERSECTIONS ONLY),3,234971,T intersection,3,60,Arterial Other,BRIDGE INN,WHITTLESEA,-37.601944,145.10725,2019,5,May,17,Afternoon Peak,Weekday
T20190013073,2019-05-29,19:00:00,4,Collision with a fixed object,3,Wednesday,173,RIGHT OFF CARRIAGEWAY INTO OBJECT/PARKED VEHICLE,3,589211,T intersection,3,50,Local Road,ROSSACK,GEELONG,-38.205856,144.31233,2019,5,May,19,Night,Weekday
T20190010089,2019-05-29,18:00:00,1,Collision with vehicle,3,Wednesday,120,HEAD ON (NOT OVERTAKING),5,345691,Not at intersection,2,40,Local Road,BACCHUS MARSH-BALLIANG,MOORABOOL,-37.69065,144.41226,2019,5,May,18,Afternoon Peak,Weekday
T20190010088,2019-05-29,17:24:00,1,Collision with vehicle,3,Wednesday,113,RIGHT NEAR (INTERSECTIONS ONLY),3,345851,T intersection,2,60,Arterial Other,INGLIS,BENDIGO,-36.75733,144.24808,2019,5,May,17,Afternoon Peak,Weekday
T20190010084,2019-05-29,15:45:00,1,Collision with vehicle,3,Wednesday,113,RIGHT NEAR (INTERSECTIONS ONLY),1,37779,T intersection,2,50,Local Road,BRUCE,STONNINGTON,-37.83752,145.01141,2019,5,May,15,Afternoon Peak,Weekday
T20190010081,2019-05-29,15:00:00,1,Collision with vehicle,3,Wednesday,130,REAR END(VEHICLES IN SAME LANE),1,346602,Cross intersection,3,60,Arterial Other,SETTLEMENT,WHITTLESEA,-37.697525,145.05595,2019,5,May,15,Afternoon Peak,Weekday
T20190010158,2019-05-29,19:20:00,6,Vehicle overturned (no collision),3,Wednesday,174,OUT OF CONTROL ON CARRIAGEWAY (ON STRAIGHT),4,345684,Multiple intersection,2,60,Arterial Other,MIDDLEBOROUGH,WHITEHORSE,-37.798878,145.14218,2019,5,May,19,Night,Weekday
T20190010079,2019-05-29,10:59:00,1,Collision with vehicle,3,Wednesday,130,REAR END(VEHICLES IN SAME LANE),1,589206,Not at intersection,3,60,Arterial Other,BARRY,HUME,-37.667118,144.95322,2019,5,May,10,Midday,Weekday
T20190010074,2019-05-29,13:45:00,1,Collision with vehicle,3,Wednesday,123,RIGHT/LEFT. ONE VEH TURNING RIGHT THE OTHER LEFT.,1,40424,Cross intersection,2,60,Arterial Other,HIGH,STONNINGTON,-37.85939,145.05133,2019,5,May,13,Midday,Weekday
T20190010145,2019-05-29,12:21:00,1,Collision with vehicle,3,Wednesday,111,RIGHT FAR (INTERSECTIONS ONLY),1,889,T intersection,2,80,Arterial Highway,FRANKSTON-DANDENONG,DANDENONG,-38.03921,145.21045,2019,5,May,12,Midday,Weekday
T20190010072,2019-05-29,16:15:00,1,Collision with vehicle,3,Wednesday,160,VEHICLE COLLIDES WITH VEHICLE PARKED ON LEFT OF ROAD,1,346806,Not at intersection,3,50,Local Road,BANBURY,HUME,-37.59261,144.92485,2019,5,May,16,Afternoon Peak,Weekday
T20190010139,2019-05-29,14:30:00,1,Collision with vehicle,3,Wednesday,113,RIGHT NEAR (INTERSECTIONS ONLY),1,69390,T intersection,3,60,Local Road,MACKIE,GLEN EIRA,-37.915928,145.07466,2019,5,May,14,Midday,Weekday
T20190010071,2019-05-29,12:15:00,1,Collision with vehicle,3,Wednesday,110,CROSS TRAFFIC(INTERSECTIONS ONLY),1,44277,Cross intersection,2,80,Local Road,MERRICKS,MORNINGTON PENINSULA,-38.373993,145.07867,2019,5,May,12,Midday,Weekday
T20190010070,2019-05-29,11:20:00,4,Collision with a fixed object,3,Wednesday,171,LEFT OFF CARRIAGEWAY INTO OBJECT/PARKED VEHICLE,1,345724,Not at intersection,3,80,Local Road,BENA-KONGWAK,SOUTH GIPPSLAND,-38.42523,145.74493,2019,5,May,11,Midday,Weekday
T20190010069,2019-05-29,12:48:00,1,Collision with vehicle,3,Wednesday,132,RIGHT REAR.,1,46836,Y intersection,3,60,Arterial Other,BELGRAVE-GEMBROOK,CARDINIA,-37.92934,145.42749,2019,5,May,12,Midday,Weekday
T20190010068,2019-05-29,11:34:00,1,Collision with vehicle,3,Wednesday,147,VEHICLE STRIKES ANOTHER VEH WHILE EMERGING FROM DRIVEWAY,1,346060,Not at intersection,2,80,Arterial Other,CRANBOURNE,FRANKSTON,-38.155296,145.16617,2019,5,May,11,Midday,Weekday
T20190010118,2019-05-29,15:50:00,1,Collision with vehicle,3,Wednesday,121,RIGHT THROUGH,1,206,Cross intersection,2,40,Arterial Other,KING,MELBOURNE,-37.818356,144.95663,2019,5,May,15,Afternoon Peak,Weekday
T20190010115,2019-05-29,14:33:00,4,Collision with a fixed object,3,Wednesday,183,OFF LEFT BEND INTO OBJECT/PARKED VEHICLE,1,346016,Not at intersection,2,100,Arterial Other,SKIPTON,PYRENEES,-37.545258,143.36935,2019,5,May,14,Midday,Weekday
T20190010066,2019-05-29,11:45:00,1,Collision with vehicle,3,Wednesday,121,RIGHT THROUGH,1,242054,T intersection,2,100,Arterial Other,BONEO,MORNINGTON PENINSULA,-38.412636,144.88745,2019,5,May,11,Midday,Weekday
T20190010110,2019-05-29,23:17:00,1,Collision with vehicle,3,Wednesday,110,CROSS TRAFFIC(INTERSECTIONS ONLY),3,298145,Cross intersection,2,80,Arterial Other,CRAIGIEBURN,HUME,-37.59721,144.94293,2019,5,May,23,Night,Weekday
T20190010106,2019-05-29,18:00:00,4,Collision with a fixed object,3,Wednesday,171,LEFT OFF CARRIAGEWAY INTO OBJECT/PARKED VEHICLE,3,39680,T intersection,3,40,Local Road,MULLUM MULLUM,MAROONDAH,-37.79532,145.24696,2019,5,May,18,Afternoon Peak,Weekday
T20190010105,2019-05-29,19:23:00,1,Collision with vehicle,3,Wednesday,120,HEAD ON (NOT OVERTAKING),3,345668,Not at intersection,2,50,Local Road,ALEXANDER,WHITTLESEA,-37.681633,145.02621,2019,5,May,19,Night,Weekday
T20190010104,2019-05-29,14:55:00,2,Struck Pedestrian,3,Wednesday,102,FAR SIDE. PED HIT BY VEHICLE FROM THE LEFT,1,38778,Cross intersection,3,60,Local Road,HYDE,MARIBYRNONG,-37.814377,144.89717,2019,5,May,14,Midday,Weekday
T20190010103,2019-05-29,16:38:00,4,Collision with a fixed object,3,Wednesday,171,LEFT OFF CARRIAGEWAY INTO OBJECT/PARKED VEHICLE,1,96379,Not at intersection,1,70,Arterial Highway,DANDENONG,MONASH,-37.905174,145.11267,2019,5,May,16,Afternoon Peak,Weekday
T20190010096,2019-05-29,19:15:00,1,Collision with vehicle,3,Wednesday,118,TWO LEFT TURNING (INTERSECTIONS ONLY),3,589208,T intersection,3,50,Local Road,HAVILAH,BENDIGO,-36.74837,144.25969,2019,5,May,19,Night,Weekday
T20190010150,2019-05-30,17:23:00,4,Collision with a fixed object,4,Thursday,173,RIGHT OFF CARRIAGEWAY INTO OBJECT/PARKED VEHICLE,5,345936,Not at intersection,3,100,Freeway,MORNINGTON PENINSULA,MORNINGTON PENINSULA,-38.341858,144.95511,2019,5,May,17,Afternoon Peak,Weekday
T20190010147,2019-05-30,15:44:00,1,Collision with vehicle,4,Thursday,121,RIGHT THROUGH,1,345852,Cross intersection,3,60,Arterial Other,CRANBOURNE,CASEY,-38.031326,145.3062,2019,5,May,15,Afternoon Peak,Weekday
T20190010144,2019-05-30,14:20:00,1,Collision with vehicle,4,Thursday,132,RIGHT REAR.,1,41354,T intersection,3,60,Arterial Other,NEERIM,GLEN EIRA,-37.886646,145.0411,2019,5,May,14,Midday,Weekday
T20190010137,2019-05-30,07:45:00,1,Collision with vehicle,4,Thursday,116,LEFT NEAR (INTERSECTIONS ONLY),1,42329,Cross intersection,2,80,Arterial Highway,WARRIGAL,GLEN EIRA,-37.93858,145.0797,2019,5,May,7,Morning Peak,Weekday
T20190010135,2019-05-30,09:00:00,1,Collision with vehicle,4,Thursday,110,CROSS TRAFFIC(INTERSECTIONS ONLY),1,58312,Cross intersection,3,60,Arterial Highway,HORACE,BULOKE,-35.50419,142.84956,2019,5,May,9,Morning Peak,Weekday
T20190010129,2019-05-30,12:30:00,1,Collision with vehicle,4,Thursday,115,RIGHT/LEFT FAR (INTERSECTIONS ONLY),1,589454,T intersection,2,80,Arterial Highway,NEPEAN,MORNINGTON PENINSULA,-38.228397,145.04611,2019,5,May,12,Midday,Weekday
T20190010123,2019-05-30,09:00:00,1,Collision with vehicle,4,Thursday,110,CROSS TRAFFIC(INTERSECTIONS ONLY),1,40062,Cross intersection,3,50,Local Road,MARY,PORT PHILLIP,-37.85963,144.97311,2019,5,May,9,Morning Peak,Weekday