ACCIDENT_NO,ACCIDENT_DATE,ACCIDENT_TIME,ACCIDENT_TYPE,ACCIDENT_TYPE_DESC,DAY_OF_WEEK,DAY_WEEK_DESC,DCA_CODE,DCA_DESC,LIGHT_CONDITION,NODE_ID,ROAD_GEOMETRY_DESC,SEVERITY,SPEED_ZONE,RMA,ROAD_NAME,LGA_NAME,LATITUDE,LONGITUDE,YEAR,MONTH,MONTH_NAME,HOUR,TIME_PERIOD,DAY_TYPE
T20190010871,2019-05-30,10:30:00,2,Struck Pedestrian,4,Thursday,100,PED NEAR SIDE. PED HIT BY VEHICLE FROM THE RIGHT.,1,346073,Not at intersection,3,40,Local Road,HIGH,CENTRAL GOLDFIELDS,-37.046112,143.73875,2019,5,May,10,Midday,Weekday
T20190010113,2019-05-30,06:10:00,1,Collision with vehicle,4,Thursday,130,REAR END(VEHICLES IN SAME LANE),3,69535,Cross intersection,3,80,Arterial Other,KELLETTS,KNOX,-37.922573,145.28215,2019,5,May,6,Morning Peak,Weekday
T20190010155,2019-05-30,15:30:00,1,Collision with vehicle,4,Thursday,160,VEHICLE COLLIDES WITH VEHICLE PARKED ON LEFT OF ROAD,1,354387,Not at intersection,3,60,Local Road,MANCHESTER,YARRA RANGES,-37.78782,145.31052,2019,5,May,15,Afternoon Peak,Weekday
T20190010160,2019-05-30,16:14:00,1,Collision with vehicle,4,Thursday,120,HEAD ON (NOT OVERTAKING),1,345738,Not at intersection,2,80,Arterial Highway,HAMILTON,GOLDEN PLAINS,-38.023884,143.63383,2019,5,May,16,Afternoon Peak,Weekday
T20190010670,2019-05-30,04:45:00,1,Collision with vehicle,4,Thursday,111,RIGHT FAR (INTERSECTIONS ONLY),6,342203,T intersection,3,100,Arterial Other,TRENTHAM,MACEDON RANGES,-37.28627,144.44635,2019,5,May,4,Late Night,Weekday
T20190010744,2019-05-30,23:20:00,2,Struck Pedestrian,4,Thursday,100,PED NEAR SIDE. PED HIT BY VEHICLE FROM THE RIGHT.,3,589460,Cross intersection,3,40,Local Road,GLENLYON,MORELAND,-37.77157,144.96144,2019,5,May,23,Night,Weekday
T20190010161,2019-05-30,18:30:00,2,Struck Pedestrian,4,Thursday,102,FAR SIDE. PED HIT BY VEHICLE FROM THE LEFT,3,346758,Cross intersection,3,70,Arterial Other,FERNTREE GULLY,MONASH,-37.903885,145.16374,2019,5,May,18,Afternoon Peak,Weekday
T20190010166,2019-05-30,22:00:00,4,Collision with a fixed object,4,Thursday,171,LEFT OFF CARRIAGEWAY INTO OBJECT/PARKED VEHICLE,3,579182,Not at intersection,3,80,Arterial Highway,WELLINGTON,MONASH,-37.918198,145.15486,2019,5,May,22,Night,Weekday
T20190010175,2019-05-30,07:00:00,1,Collision with vehicle,4,Thursday,120,HEAD ON (NOT OVERTAKING),1,345674,Y intersection,3,60,Arterial Other,BURTON,MACEDON RANGES,-37.242474,144.43845,2019,5,May,7,Morning Peak,Weekday
T20190010218,2019-05-30,17:00:00,2,Struck Pedestrian,4,Thursday,100,PED NEAR SIDE. PED HIT BY VEHICLE FROM THE RIGHT.,2,345686,Not at intersection,3,40,Local Road,LITTLE GRATTAN,MELBOURNE,-37.80053,144.9635,2019,5,May,17,Afternoon Peak,Weekday
T20190010149,2019-05-30,17:01:00,1,Collision with vehicle,4,Thursday,113,RIGHT NEAR (INTERSECTIONS ONLY),1,42515,T intersection,2,80,Arterial Highway,SPRINGVALE,MONASH,-37.925453,145.15723,2019,5,May,17,Afternoon Peak,Weekday
T20190010205,2019-05-30,16:28:00,1,Collision with vehicle,4,Thursday,121,RIGHT THROUGH,2,345762,Not at intersection,2,80,Arterial Highway,NEPEAN,GLEN EIRA,-37.89397,145.0038,2019,5,May,16,Afternoon Peak,Weekday
T20190010152,2019-05-30,17:35:00,1,Collision with vehicle,4,Thursday,113,RIGHT NEAR (INTERSECTIONS ONLY),3,270742,T intersection,2,50,Local Road,MEADENHALL,GEELONG,-38.183308,144.38907,2019,5,May,17,Afternoon Peak,Weekday
T20190010374,2019-05-31,13:13:00,1,Collision with vehicle,5,Friday,110,CROSS TRAFFIC(INTERSECTIONS ONLY),1,41018,Cross intersection,3,70,Arterial Other,DORSET,KNOX,-37.84836,145.28644,2019,5,May,13,Midday,Weekday
T20190010214,2019-05-31,07:45:00,1,Collision with vehicle,5,Friday,110,CROSS TRAFFIC(INTERSECTIONS ONLY),1,35989,Cross intersection,2,40,Local Road,BARKLY,MORELAND,-37.77724,144.97086,2019,5,May,7,Morning Peak,Weekday
T20190010219,2019-05-31,15:15:00,1,Collision with vehicle,5,Friday,112,LEFT FAR (INTERSECTIONS ONLY),1,29981,Cross intersection,2,50,Arterial Highway,HIGH,BENDIGO,-36.760883,144.27547,2019,5,May,15,Afternoon Peak,Weekday
T20190010854,2019-05-31,17:58:00,1,Collision with vehicle,5,Friday,143,ENTERING PARKING,2,360594,Not at intersection,3,40,Local Road,QUEEN,MELBOURNE,-37.81448,144.96046,2019,5,May,17,Afternoon Peak,Weekday
T20190010510,2019-05-31,19:00:00,8,No collision and no object struck,5,Friday,174,OUT OF CONTROL ON CARRIAGEWAY (ON STRAIGHT),3,345837,Not at intersection,3,60,Arterial Other,MALVERN,STONNINGTON,-37.84829,145.00462,2019,5,May,19,Night,Weekday
T20190011972,2019-05-31,15:00:00,1,Collision with vehicle,5,Friday,135,LANE CHANGE LEFT (NOT OVERTAKING),1,659110,Not at intersection,2,60,Arterial Highway,BELL,MORELAND,-37.741837,144.97083,2019,5,May,15,Afternoon Peak,Weekday
T20190010564,2019-05-31,07:30:00,1,Collision with vehicle,5,Friday,120,HEAD ON (NOT OVERTAKING),2,346123,T intersection,3,60,Arterial Other,WATTLETREE,NILLUMBIK,-37.69872,145.15123,2019,5,May,7,Morning Peak,Weekday
T20190010381,2019-05-31,09:30:00,1,Collision with vehicle,5,Friday,130,REAR END(VEHICLES IN SAME LANE),1,39225,Cross intersection,3,50,Arterial Other,BELMORE,BOROONDARA,-37.804245,145.10132,2019,5,May,9,Morning Peak,Weekday
T20190010666,2019-05-31,18:00:00,1,Collision with vehicle,5,Friday,130,REAR END(VEHICLES IN SAME LANE),1,346120,Not at intersection,3,100,Freeway,STUD-MONASH OUT,DANDENONG,-37.96084,145.22725,2019,5,May,18,Afternoon Peak,Weekday
T20190010223,2019-05-31,16:30:00,1,Collision with vehicle,5,Friday,110,CROSS TRAFFIC(INTERSECTIONS ONLY),1,45174,Cross intersection,2,50,Local Road,HARGREAVES,MARIBYRNONG,-37.785294,144.86119,2019,5,May,16,Afternoon Peak,Weekday
T20190010227,2019-05-31,15:40:00,4,Collision with a fixed object,5,Friday,171,LEFT OFF CARRIAGEWAY INTO OBJECT/PARKED VEHICLE,1,346841,Not at intersection,2,50,Local Road,CANDYTUFT,CASEY,-38.080822,145.27841,2019,5,May,15,Afternoon Peak,Weekday
T20190010228,2019-05-31,19:27:00,4,Collision with a fixed object,5,Friday,173,RIGHT OFF CARRIAGEWAY INTO OBJECT/PARKED VEHICLE,3,22618,T intersection,3,50,Arterial Other,MAIR STREET -MAIR,BALLARAT,-37.560116,143.86111,2019,5,May,19,Night,Weekday
T20190010230,2019-05-31,19:30:00,2,Struck Pedestrian,5,Friday,100,PED NEAR SIDE. PED HIT BY VEHICLE FROM THE RIGHT.,3,36872,Unknown,3,40,Arterial Other,CITY,MELBOURNE,-37.826782,144.9591,2019,5,May,19,Night,Weekday
T20190010231,2019-05-31,20:00:00,4,Collision with a fixed object,5,Friday,171,LEFT OFF CARRIAGEWAY INTO OBJECT/PARKED VEHICLE,3,44513,T intersection,2,60,Arterial Other,CRAIGIEBURN,HUME,-37.59788,144.93146,2019,5,May,20,Night,Weekday
T20190010179,2019-05-31,09:00:00,1,Collision with vehicle,5,Friday,116,LEFT NEAR (INTERSECTIONS ONLY),1,346903,Cross intersection,3,60,Arterial Other,NARRACAN,LATROBE,-38.1871,146.28455,2019,5,May,9,Morning Peak,Weekday
T20190010233,2019-05-31,17:20:00,2,Struck Pedestrian,5,Friday,102,FAR SIDE. PED HIT BY VEHICLE FROM THE LEFT,2,579945,T intersection,3,60,Arterial Other,NICHOLSON,MELBOURNE,-37.795277,144.97534,2019,5,May,17,Afternoon Peak,Weekday
T20190010176,2019-05-31,08:55:00,4,Collision with a fixed object,5,Friday,173,RIGHT OFF CARRIAGEWAY INTO OBJECT/PARKED VEHICLE,1,346904,Not at intersection,2,100,Freeway,EASTERN,MANNINGHAM,-37.796223,145.1189,2019,5,May,8,Morning Peak,Weekday
T20190010235,2019-05-31,18:28:00,1,Collision with vehicle,5,Friday,120,HEAD ON (NOT OVERTAKING),3,589458,T intersection,3,60,Local Road,BLACK FOREST,WYNDHAM,-37.89987,144.61285,2019,5,May,18,Afternoon Peak,Weekday
T20190010180,2019-05-31,08:00:00,4,Collision with a fixed object,5,Friday,175,OFF END OF ROAD/T-INTERSECTION.,1,36486,T intersection,2,60,Arterial Other,WAIORA,BANYULE,-37.735565,145.05986,2019,5,May,8,Morning Peak,Weekday
T20190010181,2019-05-31,09:00:00,5,collision with some other object,5,Friday,166,STRUCK OBJECT ON CARRIAGEWAY,1,345672,Not at intersection,3,100,Arterial Highway,HUME,HUME,-37.52926,144.94746,2019,5,May,9,Morning Peak,Weekday
T20190010182,2019-05-31,08:15:00,1,Collision with vehicle,5,Friday,111,RIGHT FAR (INTERSECTIONS ONLY),1,40906,Cross intersection,3,80,Arterial Other,BORONIA,KNOX,-37.8515,145.23988,2019,5,May,8,Morning Peak,Weekday
T20190010185,2019-05-31,09:40:00,1,Collision with vehicle,5,Friday,132,RIGHT REAR.,1,229226,Cross intersection,2,60,Arterial Highway,WHITELAW,SOUTH GIPPSLAND,-38.576874,146.0198,2019,5,May,9,Morning Peak,Weekday
T20190010190,2019-05-31,09:00:00,2,Struck Pedestrian,5,Friday,100,PED NEAR SIDE. PED HIT BY VEHICLE FROM THE RIGHT.,1,589456,Cross intersection,3,50,Local Road,COONANS,MORELAND,-37.74586,144.93846,2019,5,May,9,Morning Peak,Weekday
T20190010209,2019-05-31,13:51:00,1,Collision with vehicle,5,Friday,113,RIGHT NEAR (INTERSECTIONS ONLY),1,43096,Cross intersection,2,80,Arterial Highway,STUD,DANDENONG,-37.962963,145.22478,2019,5,May,13,Midday,Weekday
T20190010242,2019-05-31,21:59:00,4,Collision with a fixed object,5,Friday,179,OTHER ACCIDENTS-OFF STRAIGHT NOT INCLUDED IN DCAs 170-175,3,48746,T intersection,1,50,Local Road,FAIRBAIRN,GEELONG,-38.06204,144.37082,2019,5,May,21,Night,Weekday
T20190010251,2019-05-31,22:10:00,5,collision with some other object,5,Friday,166,STRUCK OBJECT ON CARRIAGEWAY,5,345923,Not at intersection,3,100,Arterial Other,DEDERANG,ALPINE,-36.43106,146.91687,2019,5,May,22,Night,Weekday
T20190010208,2019-05-31,14:20:00,6,Vehicle overturned (no collision),5,Friday,184,OUT OF CONTROL ON CARRIAGEWAY (ON BEND),1,346764,T intersection,2,50,Arterial Other,KEILOR,MOONEE VALLEY,-37.7398,144.89859,2019,5,May,14,Midday,Weekday
T20190010202,2019-05-31,11:35:00,8,No collision and no object struck,5,Friday,172,OFF CARRIAGEWAY TO RIGHT,1,346899,Not at intersection,2,50,Local Road,BEAUFORT,MAROONDAH,-37.79645,145.25735,2019,5,May,11,Midday,Weekday
T20190010188,2019-05-31,07:30:00,1,Collision with vehicle,5,Friday,110,CROSS TRAFFIC(INTERSECTIONS ONLY),1,57419,Cross intersection,2,50,Local Road,GLENLYON,MORELAND,-37.773224,144.97668,2019,5,May,7,Morning Peak,Weekday
T20190010186,2019-05-31,10:45:00,1,Collision with vehicle,5,Friday,113,RIGHT NEAR (INTERSECTIONS ONLY),1,62793,T intersection,3,60,Arterial Other,SYDNEY,MORELAND,-37.732388,144.96466,2019,5,May,10,Midday,Weekday
T20190010412,2019-05-31,17:45:00,3,Struck animal,5,Friday,167,STRUCK ANIMAL,5,345791,T intersection,3,60,Local Road,ARMY,CARDINIA,-38.041065,145.50452,2019,5,May,17,Afternoon Peak,Weekday
T20190010201,2019-05-31,08:36:00,1,Collision with vehicle,5,Friday,120,HEAD ON (NOT OVERTAKING),1,625103,Not at intersection,2,90,Arterial Other,FRANKSTON-FLINDERS,MORNINGTON PENINSULA,-38.354836,145.15344,2019,5,May,8,Morning Peak,Weekday
T20190010197,2019-05-31,10:09:00,1,Collision with vehicle,5,Friday,130,REAR END(VEHICLES IN SAME LANE),1,345844,Not at intersection,3,100,Freeway,EASTERN OUT-ELGAR,MANNINGHAM,-37.79498,145.11398,2019,5,May,10,Midday,Weekday
T20190010294,2019-05-31,14:53:00,1,Collision with vehicle,5,Friday,121,RIGHT THROUGH,1,43061,T intersection,3,60,Arterial Highway,LONSDALE,DANDENONG,-37.991848,145.21562,2019,5,May,14,Midday,Weekday
T20190010334,2019-05-31,19:26:00,1,Collision with vehicle,5,Friday,130,REAR END(VEHICLES IN SAME LANE),3,589459,Not at intersection,3,80,Freeway,WEST GATE,MELBOURNE,-37.828068,144.95619,2019,5,May,19,Night,Weekday
T20190010241,2019-05-31,17:49:00,1,Collision with vehicle,5,Friday,148,VEHICLE OFF FOOTPATH STRIKES VEH ON CARRIAGEWAY,1,301553,Cross intersection,3,60,Local Road,GADD,DAREBIN,-37.7628,144.99255,2019,5,May,17,Afternoon Peak,Weekday
T20190010210,2019-05-31,13:35:00,4,Collision with a fixed object,5,Friday,181,OFF RIGHT BEND INTO OBJECT/PARKED VEHICLE,1,345801,Not at intersection,3,60,Arterial Other,ELTHAM-YARRA GLEN,YARRA RANGES,-37.647785,145.35162,2019,5,May,13,Midday,Weekday
T20190010339,2019-05-31,18:40:00,1,Collision with vehicle,5,Friday,140,U TURN,3,345720,T intersection,3,50,Local Road,SMALL,BAYSIDE,-37.939384,145.0011,2019,5,May,18,Afternoon Peak,Weekday
T20190010212,2019-05-31,12:43:00,4,Collision with a fixed object,5,Friday,181,OFF RIGHT BEND INTO OBJECT/PARKED VEHICLE,1,360461,Not at intersection,2,80,Arterial Other,HEALESVILLE-KOO WEE RUP,YARRA RANGES,-37.84524,145.52449,2019,5,May,12,Midday,Weekday
T20190010193,2019-05-31,10:30:00,1,Collision with vehicle,5,Friday,130,REAR END(VEHICLES IN SAME LANE),1,29763,T intersection,2,80,Arterial Other,CRANBOURNE,CASEY,-38.0537,145.30151,2019,5,May,10,Midday,Weekday
T20190010191,2019-05-31,09:15:00,2,Struck Pedestrian,5,Friday,101,PED EMERGES FROM IN FRONT OF PARKED OR STATIONARY VEHICLE,1,345697,Not at intersection,2,60,Arterial Other,HARP,BOROONDARA,-37.799652,145.05333,2019,5,May,9,Morning Peak,Weekday
T20190010213,2019-05-31,13:30:00,1,Collision with vehicle,5,Friday,140,U TURN,1,594793,Not at intersection,2,100,Arterial Highway,MAIN,MILDURA,-34.181904,142.05856,2019,5,May,13,Midday,Weekday
T20190010268,2019-06-01,12:49:00,1,Collision with vehicle,6,Saturday,110,CROSS TRAFFIC(INTERSECTIONS ONLY),1,48054,Cross intersection,2,50,Local Road,LOCH,PORT PHILLIP,-37.858932,144.9743,2019,6,June,12,Midday,Weekend
T20190010282,2019-06-01,17:10:00,1,Collision with vehicle,6,Saturday,110,CROSS TRAFFIC(INTERSECTIONS ONLY),2,50330,Cross intersection,3,50,Local Road,FISCHER,SURF COAST,-38.33048,144.32297,2019,6,June,17,Afternoon Peak,Weekend
T20190010246,2019-06-01,02:14:00,2,Struck Pedestrian,6,Saturday,104,PED WALKING WITH TRAFFIC,3,347054,Not at intersection,2,60,Local Road,CLOW,DANDENONG,-37.98552,145.21996,2019,6,June,2,Late Night,Weekend
T20190010248,2019-06-01,05:49:00,2,Struck Pedestrian,6,Saturday,102,FAR SIDE. PED HIT BY VEHICLE FROM THE LEFT,3,346063,Not at intersection,2,60,Arterial Other,BUCKLEY,MOONEE VALLEY,-37.75601,144.90755,2019,6,June,5,Morning Peak,Weekend
T20190010305,2019-06-01,18:40:00,3,Struck animal,6,Saturday,167,STRUCK ANIMAL,5,345970,Not at intersection,3,80,Arterial Other,WHITTLESEA-YEA,WHITTLESEA,-37.48588,145.22577,2019,6,June,18,Afternoon Peak,Weekend
T20190010286,2019-06-01,16:35:00,1,Collision with vehicle,6,Saturday,113,RIGHT NEAR (INTERSECTIONS ONLY),1,264203,T intersection,2,60,Local Road,HIGH,MELTON,-37.684418,144.56665,2019,6,June,16,Afternoon Peak,Weekend
T20190010288,2019-06-01,17:45:00,1,Collision with vehicle,6,Saturday,130,REAR END(VEHICLES IN SAME LANE),3,589718,Not at intersection,2,100,Freeway,EASTERN,WHITEHORSE,-37.80031,145.15173,2019,6,June,17,Afternoon Peak,Weekend
T20190010300,2019-06-01,19:03:00,4,Collision with a fixed object,6,Saturday,181,OFF RIGHT BEND INTO OBJECT/PARKED VEHICLE,5,589719,Not at intersection,3,80,Arterial Highway,MAROONDAH,YARRA RANGES,-37.604088,145.62802,2019,6,June,19,Night,Weekend
T20190010290,2019-06-01,17:05:00,1,Collision with vehicle,6,Saturday,130,REAR END(VEHICLES IN SAME LANE),1,345728,Not at intersection,2,100,Arterial Other,ROKEWOOD-SHELFORD,GOLDEN PLAINS,-37.93008,143.81343,2019,6,June,17,Afternoon Peak,Weekend
T20190010299,2019-06-01,21:00:00,4,Collision with a fixed object,6,Saturday,181,OFF RIGHT BEND INTO OBJECT/PARKED VEHICLE,5,345751,Not at intersection,3,60,Local Road,ALBERT,YARRA RANGES,-37.676754,145.5244,2019,6,June,21,Night,Weekend
T20190010250,2019-06-01,08:30:00,1,Collision with vehicle,6,Saturday,113,RIGHT NEAR (INTERSECTIONS ONLY),1,58720,T intersection,3,60,Local Road,HARTWIG,WODONGA,-36.13781,146.8712,2019,6,June,8,Morning Peak,Weekend
T20190010255,2019-06-01,09:15:00,1,Collision with vehicle,6,Saturday,113,RIGHT NEAR (INTERSECTIONS ONLY),1,50232,Cross intersection,2,60,Arterial Other,SOUTH VALLEY,GEELONG,-38.19274,144.31497,2019,6,June,9,Morning Peak,Weekend
T20190010243,2019-06-01,00:10:00,4,Collision with a fixed object,6,Saturday,173,RIGHT OFF CARRIAGEWAY INTO OBJECT/PARKED VEHICLE,5,591379,Not at intersection,2,80,Local Road,RESERVE,GEELONG,-38.206963,144.35858,2019,6,June,0,Late Night,Weekend
T20190010267,2019-06-01,12:45:00,1,Collision with vehicle,6,Saturday,130,REAR END(VEHICLES IN SAME LANE),1,346404,Not at intersection,2,70,Arterial Other,LOWER PLENTY,BANYULE,-37.72913,145.1003,2019,6,June,12,Midday,Weekend
T20190012399,2019-06-01,14:40:00,1,Collision with vehicle,6,Saturday,113,RIGHT NEAR (INTERSECTIONS ONLY),9,42488,T intersection,3,80,Arterial Other,HEATHERTON,DANDENONG,-37.96176,145.14705,2019,6,June,14,Midday,Weekend
T20190010338,2019-06-01,18:43:00,1,Collision with vehicle,6,Saturday,130,REAR END(VEHICLES IN SAME LANE),3,589720,Cross intersection,3,60,Arterial Highway,SEVENTH,MILDURA,-34.186913,142.1684,2019,6,June,18,Afternoon Peak,Weekend
T20190010258,2019-06-01,09:20:00,4,Collision with a fixed object,6,Saturday,171,LEFT OFF CARRIAGEWAY INTO OBJECT/PARKED VEHICLE,1,360493,Not at intersection,2,60,Arterial Other,HEIDELBERG-KINGLAKE,NILLUMBIK,-37.593143,145.28079,2019,6,June,9,Morning Peak,Weekend
T20190010331,2019-06-01,20:25:00,1,Collision with vehicle,6,Saturday,110,CROSS TRAFFIC(INTERSECTIONS ONLY),3,42429,Cross intersection,3,50,Local Road,BEVAN,KINGSTON,-37.935173,145.12865,2019,6,June,20,Night,Weekend
T20190010313,2019-06-01,10:40:00,2,Struck Pedestrian,6,Saturday,100,PED NEAR SIDE. PED HIT BY VEHICLE FROM THE RIGHT.,1,37543,Cross intersection,3,40,Arterial Other,CLARENDON,PORT PHILLIP,-37.833008,144.96057,2019,6,June,10,Midday,Weekend
T20190010269,2019-06-01,13:50:00,1,Collision with vehicle,6,Saturday,160,VEHICLE COLLIDES WITH VEHICLE PARKED ON LEFT OF ROAD,1,589717,Not at intersection,2,50,Local Road,CARPENTER,WELLINGTON,-37.967934,146.98607,2019,6,June,13,Midday,Weekend
T20190010312,2019-06-01,14:00:00,1,Collision with vehicle,6,Saturday,132,RIGHT REAR.,1,39018,T intersection,2,60,Arterial Other,HARP,BOROONDARA,-37.799862,145.05501,2019,6,June,14,Midday,Weekend
T20190010270,2019-06-01,13:22:00,1,Collision with vehicle,6,Saturday,140,U TURN,1,346128,Not at intersection,2,60,Arterial Highway,CRESWICK,BALLARAT,-37.53359,143.84937,2019,6,June,13,Midday,Weekend
T20190010271,2019-06-01,14:00:00,1,Collision with vehicle,6,Saturday,130,REAR END(VEHICLES IN SAME LANE),1,345715,Not at intersection,3,40,Local Road,WILLIAM,MELBOURNE,-37.815357,144.95807,2019,6,June,14,Midday,Weekend
T20190010274,2019-06-01,11:17:00,1,Collision with vehicle,6,Saturday,113,RIGHT NEAR (INTERSECTIONS ONLY),1,69961,T intersection,2,60,Arterial Other,JACKSONS,DANDENONG,-37.94436,145.19196,2019,6,June,11,Midday,Weekend
T20190010309,2019-06-01,23:06:00,4,Collision with a fixed object,6,Saturday,171,LEFT OFF CARRIAGEWAY INTO OBJECT/PARKED VEHICLE,3,588407,Not at intersection,2,60,Arterial Highway,BARKER,MOUNT ALEXANDER,-37.059307,144.2179,2019,6,June,23,Night,Weekend
T20190010276,2019-06-01,12:45:00,1,Collision with vehicle,6,Saturday,169,OTHER ON PATH,1,346887,Not at intersection,3,60,Arterial Other,ASCOT VALE,MOONEE VALLEY,-37.78184,144.92235,2019,6,June,12,Midday,Weekend
T20190010277,2019-06-01,09:13:00,1,Collision with vehicle,6,Saturday,123,RIGHT/LEFT. ONE VEH TURNING RIGHT THE OTHER LEFT.,1,44177,Cross intersection,3,60,Local Road,BAYVIEW,MORNINGTON PENINSULA,-38.37347,144.90848,2019,6,June,9,Morning Peak,Weekend
T20190010308,2019-06-01,19:30:00,2,Struck Pedestrian,6,Saturday,109,ANY MANOEUVRE INVOLVING PED NOT INCLUDED IN DCAs 100-108.,3,345713,Not at intersection,1,70,Arterial Other,FERNTREE GULLY,MONASH,-37.899654,145.1296,2019,6,June,19,Night,Weekend
T20190010354,2019-06-02,15:00:00,2,Struck Pedestrian,7,Sunday,101,PED EMERGES FROM IN FRONT OF PARKED OR STATIONARY VEHICLE,1,345721,Not at intersection,2,60,Arterial Other,ALEXANDRA,STONNINGTON,-37.83471,144.99615,2019,6,June,15,Afternoon Peak,Weekend
T20190010382,2019-06-02,00:23:00,1,Collision with vehicle,7,Sunday,120,HEAD ON (NOT OVERTAKING),3,356762,T intersection,2,60,Arterial Highway,QUEENS,PORT PHILLIP,-37.84465,144.97621,2019,6,June,0,Late Night,Weekend
T20190010355,2019-06-02,01:20:00,1,Collision with vehicle,7,Sunday,163,VEHICLE STRIKES DOOR OF PARKED/STATIONARY VEHICLE,6,346738,Not at intersection,3,40,Local Road,ELIZABETH,MELBOURNE,-37.811832,144.96205,2019,6,June,1,Late Night,Weekend
T20190010356,2019-06-02,19:40:00,1,Collision with vehicle,7,Sunday,121,RIGHT THROUGH,3,589982,Cross intersection,3,80,Arterial Highway,PRINCES,CASEY,-38.003456,145.25122,2019,6,June,19,Night,Weekend
T20190010357,2019-06-02,19:35:00,4,Collision with a fixed object,7,Sunday,171,LEFT OFF CARRIAGEWAY INTO OBJECT/PARKED VEHICLE,5,345739,Not at intersection,2,80,Local Road,TUCKETTS,MACEDON RANGES,-37.41442,144.61043,2019,6,June,19,Night,Weekend
T20190010539,2019-06-02,14:55:00,4,Collision with a fixed object,7,Sunday,171,LEFT OFF CARRIAGEWAY INTO OBJECT/PARKED VEHICLE,1,658512,Not at intersection,3,100,Local Road,OREILLYS,GANNAWARRA,-35.8791,144.3319,2019,6,June,14,Midday,Weekend
T20190010443,2019-06-02,01:15:00,1,Collision with vehicle,7,Sunday,160,VEHICLE COLLIDES WITH VEHICLE PARKED ON LEFT OF ROAD,3,580810,Not at intersection,3,50,Local Road,GLADSTONE,BAYSIDE,-37.954243,145.01266,2019,6,June,1,Late Night,Weekend
T20190010359,2019-06-02,17:00:00,1,Collision with vehicle,7,Sunday,120,HEAD ON (NOT OVERTAKING),5,346363,Not at intersection,3,60,Arterial Other,RESEARCH-WARRANDYTE,NILLUMBIK,-37.7155,145.20508,2019,6,June,17,Afternoon Peak,Weekend
T20190010372,2019-06-02,03:19:00,1,Collision with vehicle,7,Sunday,121,RIGHT THROUGH,3,308692,Cross intersection,2,80,Arterial Highway,FRANKSTON-DANDENONG,DANDENONG,-38.00404,145.21745,2019,6,June,3,Late Night,Weekend
T20190010378,2019-06-02,12:42:00,1,Collision with vehicle,7,Sunday,130,REAR END(VEHICLES IN SAME LANE),1,345793,Not at intersection,3,60,Arterial Other,STATION,WHITEHORSE,-37.82184,145.12311,2019,6,June,12,Midday,Weekend
T20190010362,2019-06-02,22:00:00,4,Collision with a fixed object,7,Sunday,171,LEFT OFF CARRIAGEWAY INTO OBJECT/PARKED VEHICLE,5,644591,Not at intersection,3,100,Local Road,WAAIA-BEARII,MOIRA,-36.059353,145.33176,2019,6,June,22,Night,Weekend
T20190010365,2019-06-02,23:45:00,1,Collision with vehicle,7,Sunday,130,REAR END(VEHICLES IN SAME LANE),5,345743,Not at intersection,2,60,Freeway,PRINCES,WYNDHAM,-37.913517,144.67618,2019,6,June,23,Night,Weekend
T20190010371,2019-06-02,15:00:00,6,Vehicle overturned (no collision),7,Sunday,174,OUT OF CONTROL ON CARRIAGEWAY (ON STRAIGHT),1,579677,T intersection,2,50,Local Road,COUCH,BRIMBANK,-37.795475,144.83377,2019,6,June,15,Afternoon Peak,Weekend
T20190010353,2019-06-02,16:15:00,4,Collision with a fixed object,7,Sunday,171,LEFT OFF CARRIAGEWAY INTO OBJECT/PARKED VEHICLE,1,349890,Cross intersection,3,80,Local Road,FORGE CREEK,EAST GIPPSLAND,-37.898243,147.65994,2019,6,June,16,Afternoon Peak,Weekend
T20190010318,2019-06-02,10:00:00,1,Collision with vehicle,7,Sunday,135,LANE CHANGE LEFT (NOT OVERTAKING),1,345887,Not at intersection,3,100,Freeway,SOUTH GIPPSLAND,CASEY,-38.01323,145.25012,2019,6,June,10,Midday,Weekend
T20190010322,2019-06-02,11:15:00,1,Collision with vehicle,7,Sunday,121,RIGHT THROUGH,1,496,T intersection,2,60,Arterial Other,ELGAR,WHITEHORSE,-37.81944,145.11455,2019,6,June,11,Midday,Weekend
T20190010323,2019-06-02,10:00:00,1,Collision with vehicle,7,Sunday,160,VEHICLE COLLIDES WITH VEHICLE PARKED ON LEFT OF ROAD,1,345787,Not at intersection,3,60,Arterial Highway,WARRIGAL,MONASH,-37.85503,145.0948,2019,6,June,10,Midday,Weekend
T20190010324,2019-06-02,10:30:00,6,Vehicle overturned (no collision),7,Sunday,184,OUT OF CONTROL ON CARRIAGEWAY (ON BEND),1,345742,Not at intersection,2,100,Local Road,BUTTERMANS,NILLUMBIK,-37.630306,145.33607,2019,6,June,10,Midday,Weekend
T20190010325,2019-06-02,06:40:00,2,Struck Pedestrian,7,Sunday,102,FAR SIDE. PED HIT BY VEHICLE FROM THE LEFT,5,347053,T intersection,1,100,Arterial Highway,CALDER,LODDON,-36.42875,143.63063,2019,6,June,6,Morning Peak,Weekend
T20190010327,2019-06-02,13:00:00,1,Collision with vehicle,7,Sunday,130,REAR END(VEHICLES IN SAME LANE),1,350011,Not at intersection,3,40,Local Road,DOCKLANDS,MELBOURNE,-37.81344,144.94131,2019,6,June,13,Midday,Weekend
T20190010333,2019-06-02,10:30:00,9,Other accident,7,Sunday,198,OTHER ACCIDENTS NOT CLASSIFIABLE ELSEWHERE,1,345749,Not at intersection,2,80,Arterial Highway,MAROONDAH,YARRA RANGES,-37.61938,145.60059,2019,6,June,10,Midday,Weekend
T20190010340,2019-06-02,15:22:00,2,Struck Pedestrian,7,Sunday,101,PED EMERGES FROM IN FRONT OF PARKED OR STATIONARY VEHICLE,1,345729,Not at intersection,2,50,Local Road,HANSEN,HOBSONS BAY,-37.83826,144.86476,2019,6,June,15,Afternoon Peak,Weekend