ACCIDENT_NO,ACCIDENT_DATE,ACCIDENT_TIME,ACCIDENT_TYPE,ACCIDENT_TYPE_DESC,DAY_OF_WEEK,DAY_WEEK_DESC,DCA_CODE,DCA_DESC,LIGHT_CONDITION,NODE_ID,ROAD_GEOMETRY_DESC,SEVERITY,SPEED_ZONE,RMA,ROAD_NAME,LGA_NAME,LATITUDE,LONGITUDE,YEAR,MONTH,MONTH_NAME,HOUR,TIME_PERIOD,DAY_TYPE
T20190010347,2019-06-02,16:55:00,1,Collision with vehicle,7,Sunday,121,RIGHT THROUGH,2,241,Cross intersection,2,60,Local Road,ALBERT,MELBOURNE,-37.809246,144.97298,2019,6,June,16,Afternoon Peak,Weekend
T20190010348,2019-06-02,17:50:00,1,Collision with vehicle,7,Sunday,130,REAR END(VEHICLES IN SAME LANE),2,345756,Not at intersection,3,80,Freeway,EASTERN,MANNINGHAM,-37.793217,145.10835,2019,6,June,17,Afternoon Peak,Weekend
T20190010350,2019-06-02,17:00:00,1,Collision with vehicle,7,Sunday,110,CROSS TRAFFIC(INTERSECTIONS ONLY),3,38023,Cross intersection,2,60,Local Road,SPEIGHT,DAREBIN,-37.762657,145.0126,2019,6,June,17,Afternoon Peak,Weekend
T20190010351,2019-06-02,17:30:00,1,Collision with vehicle,7,Sunday,160,VEHICLE COLLIDES WITH VEHICLE PARKED ON LEFT OF ROAD,3,324039,Cross intersection,3,50,Local Road,WINDSOR,BRIMBANK,-37.789326,144.76024,2019,6,June,17,Afternoon Peak,Weekend
T20190010352,2019-06-02,18:20:00,1,Collision with vehicle,7,Sunday,121,RIGHT THROUGH,3,35449,Cross intersection,2,60,Arterial Highway,FOOTSCRAY,MELBOURNE,-37.807697,144.91617,2019,6,June,18,Afternoon Peak,Weekend
T20190010380,2019-06-03,08:05:00,1,Collision with vehicle,1,Monday,110,CROSS TRAFFIC(INTERSECTIONS ONLY),1,36796,Cross intersection,2,80,Arterial Other,NARRE WARREN NORTH,CASEY,-38.013874,145.3092,2019,6,June,8,Morning Peak,Weekday
T20190010550,2019-06-03,18:20:00,1,Collision with vehicle,1,Monday,135,LANE CHANGE LEFT (NOT OVERTAKING),3,884,Cross intersection,3,60,Arterial Other,EDITHVALE,KINGSTON,-38.038555,145.10902,2019,6,June,18,Afternoon Peak,Weekday
T20190010542,2019-06-03,11:19:00,1,Collision with vehicle,1,Monday,135,LANE CHANGE LEFT (NOT OVERTAKING),1,591743,Not at intersection,3,100,Freeway,WESTERN RING,BRIMBANK,-37.74075,144.84909,2019,6,June,11,Midday,Weekday
T20190010440,2019-06-03,23:38:00,4,Collision with a fixed object,1,Monday,171,LEFT OFF CARRIAGEWAY INTO OBJECT/PARKED VEHICLE,5,349835,Not at intersection,2,60,Local Road,CHURCHILL PARK,CASEY,-37.958298,145.26144,2019,6,June,23,Night,Weekday
T20200004845,2019-06-03,15:30:00,1,Collision with vehicle,1,Monday,130,REAR END(VEHICLES IN SAME LANE),1,44101,T intersection,3,60,Arterial Other,FRANKSTON-FLINDERS,MORNINGTON PENINSULA,-38.316025,145.1835,2019,6,June,15,Afternoon Peak,Weekday
T20190010427,2019-06-03,20:30:00,1,Collision with vehicle,1,Monday,113,RIGHT NEAR (INTERSECTIONS ONLY),3,43136,Cross intersection,2,70,Arterial Other,BARRY,HUME,-37.663754,144.92218,2019,6,June,20,Night,Weekday
T20190010401,2019-06-03,11:00:00,1,Collision with vehicle,1,Monday,113,RIGHT NEAR (INTERSECTIONS ONLY),1,588185,T intersection,3,70,Arterial Other,BALLARAT,BRIMBANK,-37.77827,144.84048,2019,6,June,11,Midday,Weekday
T20190010387,2019-06-03,10:59:00,1,Collision with vehicle,1,Monday,130,REAR END(VEHICLES IN SAME LANE),1,345808,Cross intersection,2,60,Arterial Other,PRINCES,LATROBE,-38.239914,146.41916,2019,6,June,10,Midday,Weekday
T20190010436,2019-06-03,23:58:00,4,Collision with a fixed object,1,Monday,171,LEFT OFF CARRIAGEWAY INTO OBJECT/PARKED VEHICLE,6,646990,Not at intersection,2,60,Arterial Other,DAVIS,SOUTH GIPPSLAND,-38.337982,145.6716,2019,6,June,23,Night,Weekday
T20190010386,2019-06-03,10:30:00,1,Collision with vehicle,1,Monday,110,CROSS TRAFFIC(INTERSECTIONS ONLY),1,39122,Cross intersection,3,60,Local Road,PROSPECT HILL,BOROONDARA,-37.829758,145.07086,2019,6,June,10,Midday,Weekday
T20190010393,2019-06-03,09:10:00,1,Collision with vehicle,1,Monday,118,TWO LEFT TURNING (INTERSECTIONS ONLY),1,42531,T intersection,2,60,Arterial Highway,SPRINGVALE,DANDENONG,-37.94524,145.15352,2019,6,June,9,Morning Peak,Weekday
T20190010424,2019-06-03,17:30:00,1,Collision with vehicle,1,Monday,132,RIGHT REAR.,2,345763,Not at intersection,3,60,Arterial Other,WANTIRNA,MAROONDAH,-37.82359,145.22731,2019,6,June,17,Afternoon Peak,Weekday
T20190010414,2019-06-03,18:23:00,2,Struck Pedestrian,1,Monday,100,PED NEAR SIDE. PED HIT BY VEHICLE FROM THE RIGHT.,3,345899,Not at intersection,3,80,Arterial Highway,SPRINGVALE,MONASH,-37.90569,145.16101,2019,6,June,18,Afternoon Peak,Weekday
T20190010421,2019-06-03,17:28:00,1,Collision with vehicle,1,Monday,136,RIGHT TURN SIDESWIPE,2,233434,Cross intersection,3,70,Arterial Highway,ST GEORGES,DAREBIN,-37.762775,144.99234,2019,6,June,17,Afternoon Peak,Weekday
T20190010422,2019-06-03,20:00:00,1,Collision with vehicle,1,Monday,130,REAR END(VEHICLES IN SAME LANE),3,29716,T intersection,3,80,Arterial Highway,LONSDALE,DANDENONG,-37.99277,145.21616,2019,6,June,20,Night,Weekday
T20190010432,2019-06-03,06:07:00,1,Collision with vehicle,1,Monday,121,RIGHT THROUGH,3,40034,Cross intersection,2,60,Arterial Other,PLUMMER,PORT PHILLIP,-37.832794,144.9243,2019,6,June,6,Morning Peak,Weekday
T20190010429,2019-06-03,20:58:00,4,Collision with a fixed object,1,Monday,171,LEFT OFF CARRIAGEWAY INTO OBJECT/PARKED VEHICLE,5,345809,Not at intersection,3,80,Arterial Other,PORTARLINGTON,GEELONG,-38.158268,144.39127,2019,6,June,20,Night,Weekday
T20190010413,2019-06-03,18:34:00,1,Collision with vehicle,1,Monday,113,RIGHT NEAR (INTERSECTIONS ONLY),3,39664,T intersection,3,60,Local Road,DICKSON,MAROONDAH,-37.794044,145.23738,2019,6,June,18,Afternoon Peak,Weekday
T20190010415,2019-06-03,16:41:00,1,Collision with vehicle,1,Monday,120,HEAD ON (NOT OVERTAKING),2,352666,Not at intersection,2,60,Local Road,FLINDERS,GEELONG,-38.020096,144.4013,2019,6,June,16,Afternoon Peak,Weekday
T20190010391,2019-06-03,11:28:00,1,Collision with vehicle,1,Monday,160,VEHICLE COLLIDES WITH VEHICLE PARKED ON LEFT OF ROAD,1,112490,Not at intersection,3,60,Arterial Other,MARIBYRNONG,MOONEE VALLEY,-37.772076,144.91934,2019,6,June,11,Midday,Weekday
T20190010397,2019-06-03,08:31:00,1,Collision with vehicle,1,Monday,130,REAR END(VEHICLES IN SAME LANE),1,597945,Not at intersection,2,60,Arterial Other,CHESTERVILLE,KINGSTON,-37.953453,145.0579,2019,6,June,8,Morning Peak,Weekday
T20190010408,2019-06-03,16:55:00,2,Struck Pedestrian,1,Monday,107,PED ON FOOTHPATH STRUCK BY VEHENTERING/LEAVING DRIVEWAY.,2,346406,Not at intersection,2,50,Arterial Other,COSTER,BENALLA,-36.556,145.99438,2019,6,June,16,Afternoon Peak,Weekday
T20190010416,2019-06-03,18:27:00,1,Collision with vehicle,1,Monday,130,REAR END(VEHICLES IN SAME LANE),3,590237,T intersection,3,60,Arterial Other,STEPHENSONS,MONASH,-37.866,145.13084,2019,6,June,18,Afternoon Peak,Weekday
T20190010405,2019-06-03,11:00:00,1,Collision with vehicle,1,Monday,121,RIGHT THROUGH,1,52994,T intersection,3,60,Arterial Highway,HERTFORD,BALLARAT,-37.58532,143.8396,2019,6,June,11,Midday,Weekday
T20190010431,2019-06-03,16:00:00,4,Collision with a fixed object,1,Monday,183,OFF LEFT BEND INTO OBJECT/PARKED VEHICLE,1,350283,Not at intersection,2,100,Arterial Other,STEIGLITZ,GOLDEN PLAINS,-38.0307,144.24242,2019,6,June,16,Afternoon Peak,Weekday
T20190010396,2019-06-03,08:59:00,1,Collision with vehicle,1,Monday,130,REAR END(VEHICLES IN SAME LANE),1,345842,Not at intersection,2,100,Freeway,MONASH IN-SPRINGVALE,MONASH,-37.91094,145.16315,2019,6,June,8,Morning Peak,Weekday
T20190010502,2019-06-04,20:43:00,1,Collision with vehicle,2,Tuesday,111,RIGHT FAR (INTERSECTIONS ONLY),3,219,T intersection,3,80,Arterial Other,SYDNEY,HUME,-37.658318,144.9535,2019,6,June,20,Night,Weekday
T20190010903,2019-06-04,10:45:00,8,No collision and no object struck,2,Tuesday,174,OUT OF CONTROL ON CARRIAGEWAY (ON STRAIGHT),1,346022,Not at intersection,3,40,Local Road,MT ROBERTSON,MURRINDINDI,-37.44178,145.31801,2019,6,June,10,Midday,Weekday
T20190010513,2019-06-04,15:30:00,4,Collision with a fixed object,2,Tuesday,173,RIGHT OFF CARRIAGEWAY INTO OBJECT/PARKED VEHICLE,1,346124,Not at intersection,2,100,Local Road,EURAMBEEN-STREATHAM,PYRENEES,-37.49349,143.23338,2019,6,June,15,Afternoon Peak,Weekday
T20190011121,2019-06-04,17:15:00,2,Struck Pedestrian,2,Tuesday,104,PED WALKING WITH TRAFFIC,2,346172,Not at intersection,2,50,Local Road,ANGUS,MAROONDAH,-37.80763,145.2595,2019,6,June,17,Afternoon Peak,Weekday
T20190012382,2019-06-04,15:30:00,2,Struck Pedestrian,2,Tuesday,103,PED PLAYING/LYING/WORKING/STANDING ON CARRIAGEWAY.,1,51040,Cross intersection,2,50,Arterial Highway,WYNDHAM,SHEPPARTON,-36.379063,145.39973,2019,6,June,15,Afternoon Peak,Weekday
T20190011019,2019-06-04,16:40:00,6,Vehicle overturned (no collision),2,Tuesday,184,OUT OF CONTROL ON CARRIAGEWAY (ON BEND),1,51595,Not at intersection,3,60,Arterial Highway,EAGLEHAWK ROAD -MARONG,BENDIGO,-36.755657,144.26366,2019,6,June,16,Afternoon Peak,Weekday
T20190012337,2019-06-04,10:30:00,1,Collision with vehicle,2,Tuesday,113,RIGHT NEAR (INTERSECTIONS ONLY),1,346816,Cross intersection,3,50,Local Road,HAYDENS,BAYSIDE,-37.986202,145.02824,2019,6,June,10,Midday,Weekday
T20190010458,2019-06-04,12:30:00,8,No collision and no object struck,2,Tuesday,184,OUT OF CONTROL ON CARRIAGEWAY (ON BEND),1,346735,Not at intersection,3,50,Local Road,THE BOULEVARDE,CORANGAMITE,-38.66586,143.23314,2019,6,June,12,Midday,Weekday
T20190010438,2019-06-04,01:58:00,6,Vehicle overturned (no collision),2,Tuesday,180,OFF CARRIAGEWAY ON RIGHT BEND,5,579948,Not at intersection,3,100,Local Road,LOWER COLERAINE,SOUTHERN GRAMPIANS,-37.597492,141.53369,2019,6,June,1,Late Night,Weekday
T20190010481,2019-06-04,15:15:00,1,Collision with vehicle,2,Tuesday,159,OTHER OVERTAKING MANOEUVRES NOT INCLUDED IN DCAs 150-154,1,346268,Not at intersection,2,100,Arterial Other,DROUIN-KORUMBURRA,SOUTH GIPPSLAND,-38.27226,145.7832,2019,6,June,15,Afternoon Peak,Weekday
T20190010446,2019-06-04,06:40:00,2,Struck Pedestrian,2,Tuesday,100,PED NEAR SIDE. PED HIT BY VEHICLE FROM THE RIGHT.,3,29714,T intersection,2,60,Arterial Other,HEATHERTON,DANDENONG,-37.970325,145.2173,2019,6,June,6,Morning Peak,Weekday
T20190010448,2019-06-04,06:15:00,5,collision with some other object,2,Tuesday,166,STRUCK OBJECT ON CARRIAGEWAY,5,346140,Not at intersection,3,100,Arterial Other,BRUTHEN-BUCHAN,EAST GIPPSLAND,-37.64505,148.1085,2019,6,June,6,Morning Peak,Weekday
T20190010452,2019-06-04,09:32:00,1,Collision with vehicle,2,Tuesday,113,RIGHT NEAR (INTERSECTIONS ONLY),1,41762,T intersection,2,80,Arterial Highway,WELLINGTON,MONASH,-37.91727,145.1471,2019,6,June,9,Morning Peak,Weekday
T20190010454,2019-06-04,11:11:00,8,No collision and no object struck,2,Tuesday,182,OFF CARRIAGEWAY ON LEFT BEND,1,345854,Not at intersection,2,50,Local Road,KYABRAM,HUME,-37.66411,144.93806,2019,6,June,11,Midday,Weekday
T20190010463,2019-06-04,09:05:00,1,Collision with vehicle,2,Tuesday,134,LANE CHANGE RIGHT (NOT OVERTAKING),1,619032,Not at intersection,2,100,Freeway,SOUTH GIPPSLAND IN-MONASH IN,CASEY,-37.987606,145.25058,2019,6,June,9,Morning Peak,Weekday
T20190010464,2019-06-04,09:30:00,1,Collision with vehicle,2,Tuesday,133,LANE SIDE SWIPE (VEHICLES IN PARALLEL LANES),1,590718,Not at intersection,2,50,Local Road,BARRABOOL,GEELONG,-38.166576,144.34036,2019,6,June,9,Morning Peak,Weekday
T20190010469,2019-06-04,08:00:00,1,Collision with vehicle,2,Tuesday,116,LEFT NEAR (INTERSECTIONS ONLY),1,45524,Cross intersection,3,60,Arterial Other,DERRIMUT ROAD -HOPKINS,MELTON,-37.80502,144.69594,2019,6,June,8,Morning Peak,Weekday
T20190010475,2019-06-04,16:25:00,1,Collision with vehicle,2,Tuesday,135,LANE CHANGE LEFT (NOT OVERTAKING),1,590719,Multiple intersection,2,60,Arterial Other,ROYAL PARADE SERVICE,MELBOURNE,-37.778206,144.96016,2019,6,June,16,Afternoon Peak,Weekday
T20190010476,2019-06-04,16:30:00,2,Struck Pedestrian,2,Tuesday,101,PED EMERGES FROM IN FRONT OF PARKED OR STATIONARY VEHICLE,1,345855,Not at intersection,3,50,Local Road,PARINGA,HUME,-37.649548,144.92178,2019,6,June,16,Afternoon Peak,Weekday
T20190010478,2019-06-04,17:03:00,6,Vehicle overturned (no collision),2,Tuesday,174,OUT OF CONTROL ON CARRIAGEWAY (ON STRAIGHT),2,43779,T intersection,2,60,Arterial Other,YORK,YARRA RANGES,-37.785965,145.38193,2019,6,June,17,Afternoon Peak,Weekday
T20190010483,2019-06-04,16:30:00,1,Collision with vehicle,2,Tuesday,130,REAR END(VEHICLES IN SAME LANE),2,345853,Not at intersection,3,40,Arterial Other,MURRUMBEENA,GLEN EIRA,-37.89401,145.06572,2019,6,June,16,Afternoon Peak,Weekday
T20190010486,2019-06-04,18:00:00,1,Collision with vehicle,2,Tuesday,130,REAR END(VEHICLES IN SAME LANE),3,661116,Not at intersection,3,100,Freeway,WESTERN RING,BRIMBANK,-37.74772,144.83708,2019,6,June,18,Afternoon Peak,Weekday
T20190010488,2019-06-04,08:25:00,1,Collision with vehicle,2,Tuesday,132,RIGHT REAR.,1,22724,T intersection,3,80,Arterial Other,BALLARAT-CARNGHAM,BALLARAT,-37.566666,143.78282,2019,6,June,8,Morning Peak,Weekday
T20190010489,2019-06-04,18:00:00,2,Struck Pedestrian,2,Tuesday,102,FAR SIDE. PED HIT BY VEHICLE FROM THE LEFT,3,43618,Cross intersection,2,50,Local Road,BANBURY,DAREBIN,-37.707214,144.99013,2019,6,June,18,Afternoon Peak,Weekday
T20190010490,2019-06-04,15:30:00,1,Collision with vehicle,2,Tuesday,135,LANE CHANGE LEFT (NOT OVERTAKING),1,345964,Not at intersection,3,60,Arterial Highway,WARRIGAL,MONASH,-37.89561,145.0877,2019,6,June,15,Afternoon Peak,Weekday
T20190010496,2019-06-04,17:32:00,1,Collision with vehicle,2,Tuesday,113,RIGHT NEAR (INTERSECTIONS ONLY),2,40663,T intersection,2,60,Arterial Other,HUNTINGDALE,MONASH,-37.85744,145.11366,2019,6,June,17,Afternoon Peak,Weekday
T20190010497,2019-06-04,15:35:00,1,Collision with vehicle,2,Tuesday,121,RIGHT THROUGH,1,313799,T intersection,3,70,Local Road,SAYERS,WYNDHAM,-37.847927,144.68329,2019,6,June,15,Afternoon Peak,Weekday
T20190010498,2019-06-04,21:00:00,4,Collision with a fixed object,2,Tuesday,173,RIGHT OFF CARRIAGEWAY INTO OBJECT/PARKED VEHICLE,3,606686,Not at intersection,3,60,Arterial Other,THOMPSON,GEELONG,-38.12677,144.33958,2019,6,June,21,Night,Weekday
T20190010499,2019-06-04,19:25:00,1,Collision with vehicle,2,Tuesday,120,HEAD ON (NOT OVERTAKING),4,590721,Not at intersection,3,60,Arterial Other,SCENIC,GEELONG,-38.15761,144.31187,2019,6,June,19,Night,Weekday
T20190010501,2019-06-04,18:04:00,1,Collision with vehicle,2,Tuesday,130,REAR END(VEHICLES IN SAME LANE),3,346343,Not at intersection,2,60,Arterial Other,CRAIGIEBURN,HUME,-37.59688,144.92224,2019,6,June,18,Afternoon Peak,Weekday
T20190010533,2019-06-05,07:15:00,4,Collision with a fixed object,3,Wednesday,171,LEFT OFF CARRIAGEWAY INTO OBJECT/PARKED VEHICLE,1,346772,T intersection,2,40,Local Road,RESERVOIR,MITCHELL,-37.21208,145.04156,2019,6,June,7,Morning Peak,Weekday
T20190010526,2019-06-05,08:45:00,1,Collision with vehicle,3,Wednesday,135,LANE CHANGE LEFT (NOT OVERTAKING),1,345929,Not at intersection,3,100,Freeway,MONASH,STONNINGTON,-37.86027,145.0595,2019,6,June,8,Morning Peak,Weekday
T20190010505,2019-06-05,00:10:00,4,Collision with a fixed object,3,Wednesday,181,OFF RIGHT BEND INTO OBJECT/PARKED VEHICLE,3,351748,Not at intersection,2,60,Local Road,JETTY,MORNINGTON PENINSULA,-38.37761,144.90834,2019,6,June,0,Late Night,Weekday
T20190010541,2019-06-05,14:15:00,4,Collision with a fixed object,3,Wednesday,173,RIGHT OFF CARRIAGEWAY INTO OBJECT/PARKED VEHICLE,1,297439,Multiple intersection,2,60,Freeway,BRUNSWICK,MORELAND,-37.774033,144.93727,2019,6,June,14,Midday,Weekday
T20190010572,2019-06-05,21:00:00,1,Collision with vehicle,3,Wednesday,160,VEHICLE COLLIDES WITH VEHICLE PARKED ON LEFT OF ROAD,3,351749,T intersection,3,60,Arterial Other,MILLERS,HOBSONS BAY,-37.81887,144.8496,2019,6,June,21,Night,Weekday
T20190010535,2019-06-05,13:30:00,1,Collision with vehicle,3,Wednesday,140,U TURN,1,346394,Not at intersection,2,60,Local Road,ST GEORGES,SHEPPARTON,-36.38367,145.40778,2019,6,June,13,Midday,Weekday
T20220010600,2019-06-05,12:00:00,1,Collision with vehicle,3,Wednesday,110,CROSS TRAFFIC(INTERSECTIONS ONLY),1,46621,Cross intersection,3,40,Arterial Highway,WURUNDJERI,MELBOURNE,-37.821846,144.9522,2019,6,June,12,Midday,Weekday
T20190010552,2019-06-05,16:55:00,2,Struck Pedestrian,3,Wednesday,100,PED NEAR SIDE. PED HIT BY VEHICLE FROM THE RIGHT.,2,63159,T intersection,2,50,Arterial Highway,ROSANNA,BANYULE,-37.744263,145.07191,2019,6,June,16,Afternoon Peak,Weekday
T20190010536,2019-06-05,11:05:00,1,Collision with vehicle,3,Wednesday,120,HEAD ON (NOT OVERTAKING),1,38552,T intersection,2,60,Arterial Other,WRIGHT,BRIMBANK,-37.795914,144.83029,2019,6,June,11,Midday,Weekday
T20190010558,2019-06-05,17:37:00,1,Collision with vehicle,3,Wednesday,121,RIGHT THROUGH,3,44738,Cross intersection,3,60,Arterial Other,THE CIRCUIT,BANYULE,-37.702854,145.10086,2019,6,June,17,Afternoon Peak,Weekday
T20190010562,2019-06-05,18:35:00,4,Collision with a fixed object,3,Wednesday,171,LEFT OFF CARRIAGEWAY INTO OBJECT/PARKED VEHICLE,5,346108,Not at intersection,2,100,Local Road,BENNETT,MACEDON RANGES,-37.509842,144.61671,2019,6,June,18,Afternoon Peak,Weekday
T20190010530,2019-06-05,08:27:00,1,Collision with vehicle,3,Wednesday,130,REAR END(VEHICLES IN SAME LANE),1,275373,Unknown,3,80,Freeway,MONTAGUE,PORT PHILLIP,-37.826687,144.94725,2019,6,June,8,Morning Peak,Weekday
T20190010731,2019-06-05,07:45:00,1,Collision with vehicle,3,Wednesday,113,RIGHT NEAR (INTERSECTIONS ONLY),1,309618,T intersection,3,50,Local Road,CHAMPIONS,WHITTLESEA,-37.620464,145.0236,2019,6,June,7,Morning Peak,Weekday
T20190010509,2019-06-05,06:45:00,1,Collision with vehicle,3,Wednesday,130,REAR END(VEHICLES IN SAME LANE),3,347004,Not at intersection,2,100,Freeway,MONASH,DANDENONG,-37.959557,145.22462,2019,6,June,6,Morning Peak,Weekday
T20190010543,2019-06-05,14:30:00,2,Struck Pedestrian,3,Wednesday,102,FAR SIDE. PED HIT BY VEHICLE FROM THE LEFT,1,66214,T intersection,3,40,Local Road,COOK,MELBOURNE,-37.82144,144.96382,2019,6,June,14,Midday,Weekday
T20190010503,2019-06-05,00:50:00,4,Collision with a fixed object,3,Wednesday,173,RIGHT OFF CARRIAGEWAY INTO OBJECT/PARKED VEHICLE,3,346803,Not at intersection,3,100,Arterial Other,PRINCES,CARDINIA,-38.06321,145.4345,2019,6,June,0,Late Night,Weekday
T20190010551,2019-06-05,15:50:00,1,Collision with vehicle,3,Wednesday,121,RIGHT THROUGH,1,346568,Not at intersection,2,50,Local Road,ROSELLA,WYNDHAM,-37.87697,144.67267,2019,6,June,15,Afternoon Peak,Weekday
T20190011368,2019-06-05,13:50:00,1,Collision with vehicle,3,Wednesday,142,LEAVING PARKING,1,346643,Not at intersection,3,50,Local Road,KOROIT,WARRNAMBOOL,-38.381844,142.47969,2019,6,June,13,Midday,Weekday
T20190015189,2019-06-05,17:12:00,1,Collision with vehicle,3,Wednesday,135,LANE CHANGE LEFT (NOT OVERTAKING),1,609846,Not at intersection,3,50,Local Road,BRUNSWICK,YARRA,-37.801933,144.97784,2019,6,June,17,Afternoon Peak,Weekday
T20190010575,2019-06-05,21:50:00,1,Collision with vehicle,3,Wednesday,160,VEHICLE COLLIDES WITH VEHICLE PARKED ON LEFT OF ROAD,3,360347,Not at intersection,3,50,Local Road,CHABLIS,GEELONG,-38.20848,144.29933,2019,6,June,21,Night,Weekday
T20190010520,2019-06-05,09:37:00,1,Collision with vehicle,3,Wednesday,110,CROSS TRAFFIC(INTERSECTIONS ONLY),1,42013,Cross intersection,3,50,Arterial Other,MONBULK,YARRA RANGES,-37.884888,145.36925,2019,6,June,9,Morning Peak,Weekday
T20190010837,2019-06-05,08:10:00,1,Collision with vehicle,3,Wednesday,130,REAR END(VEHICLES IN SAME LANE),1,51418,T intersection,3,70,Arterial Highway,OGILVIE,CAMPASPE,-36.140522,144.76118,2019,6,June,8,Morning Peak,Weekday
T20190010574,2019-06-05,15:33:00,1,Collision with vehicle,3,Wednesday,148,VEHICLE OFF FOOTPATH STRIKES VEH ON CARRIAGEWAY,1,350534,Multiple intersection,3,60,Freeway,DYNON-CITYLINK OUT,MELBOURNE,-37.804714,144.9353,2019,6,June,15,Afternoon Peak,Weekday
T20190010523,2019-06-05,12:00:00,2,Struck Pedestrian,3,Wednesday,100,PED NEAR SIDE. PED HIT BY VEHICLE FROM THE RIGHT.,1,345897,T intersection,2,50,Local Road,WHITE,WANGARATTA,-36.37119,146.31485,2019,6,June,12,Midday,Weekday
T20200010701,2019-06-06,08:40:00,1,Collision with vehicle,4,Thursday,133,LANE SIDE SWIPE (VEHICLES IN PARALLEL LANES),1,654380,Not at intersection,3,60,Arterial Other,MT ALEXANDER,MOONEE VALLEY,-37.7726,144.92686,2019,6,June,8,Morning Peak,Weekday
T20190010883,2019-06-06,01:00:00,1,Collision with vehicle,4,Thursday,110,CROSS TRAFFIC(INTERSECTIONS ONLY),3,45294,Cross intersection,3,60,Arterial Other,WAVERLEY,MOONEE VALLEY,-37.757973,144.90692,2019,6,June,1,Late Night,Weekday
T20190010593,2019-06-06,07:55:00,1,Collision with vehicle,4,Thursday,121,RIGHT THROUGH,1,278920,Cross intersection,3,60,Local Road,PEARL RIVER,MELBOURNE,-37.80978,144.9359,2019,6,June,7,Morning Peak,Weekday
T20190010714,2019-06-06,08:45:00,1,Collision with vehicle,4,Thursday,121,RIGHT THROUGH,1,35352,Cross intersection,2,60,Arterial Other,CLARENDON,MELBOURNE,-37.826637,144.95764,2019,6,June,8,Morning Peak,Weekday
T20190016287,2019-06-06,09:51:00,1,Collision with vehicle,4,Thursday,110,CROSS TRAFFIC(INTERSECTIONS ONLY),1,15316,Cross intersection,3,50,Arterial Other,AITKEN STREET -MELTON,MACEDON RANGES,-37.49201,144.59042,2019,6,June,9,Morning Peak,Weekday
T20190010596,2019-06-06,09:20:00,1,Collision with vehicle,4,Thursday,121,RIGHT THROUGH,1,350008,Not at intersection,3,40,Local Road,WELLINGTON,YARRA,-37.79908,144.98738,2019,6,June,9,Morning Peak,Weekday
T20190010602,2019-06-06,09:27:00,1,Collision with vehicle,4,Thursday,113,RIGHT NEAR (INTERSECTIONS ONLY),1,64410,T intersection,3,60,Local Road,HOLTOM,YARRA,-37.78074,144.9703,2019,6,June,9,Morning Peak,Weekday
T20190010889,2019-06-06,15:55:00,2,Struck Pedestrian,4,Thursday,103,PED PLAYING/LYING/WORKING/STANDING ON CARRIAGEWAY.,1,246958,Not at intersection,3,60,Local Road,LUCERNE,KINGSTON,-37.988464,145.06877,2019,6,June,15,Afternoon Peak,Weekday
T20190010591,2019-06-06,09:40:00,1,Collision with vehicle,4,Thursday,147,VEHICLE STRIKES ANOTHER VEH WHILE EMERGING FROM DRIVEWAY,1,345905,Not at intersection,3,60,Local Road,RINGWOOD,MAROONDAH,-37.80869,145.22731,2019,6,June,9,Morning Peak,Weekday
T20190010953,2019-06-06,15:25:00,2,Struck Pedestrian,4,Thursday,100,PED NEAR SIDE. PED HIT BY VEHICLE FROM THE RIGHT.,1,37131,Cross intersection,2,80,Arterial Other,THOMPSONS,CASEY,-38.08249,145.27904,2019,6,June,15,Afternoon Peak,Weekday
T20190010590,2019-06-06,08:20:00,1,Collision with vehicle,4,Thursday,111,RIGHT FAR (INTERSECTIONS ONLY),1,59114,Cross intersection,3,60,Arterial Other,GRETA,WANGARATTA,-36.37663,146.30779,2019,6,June,8,Morning Peak,Weekday
T20190010584,2019-06-06,05:15:00,1,Collision with vehicle,4,Thursday,113,RIGHT NEAR (INTERSECTIONS ONLY),3,947,Cross intersection,2,80,Arterial Highway,MOOROODUC,FRANKSTON,-38.157513,145.13496,2019,6,June,5,Morning Peak,Weekday
T20190010607,2019-06-06,12:25:00,1,Collision with vehicle,4,Thursday,121,RIGHT THROUGH,1,347414,T intersection,3,60,Arterial Other,PLYMOUTH,MAROONDAH,-37.78294,145.26855,2019,6,June,12,Midday,Weekday
T20190010608,2019-06-06,13:57:00,2,Struck Pedestrian,4,Thursday,100,PED NEAR SIDE. PED HIT BY VEHICLE FROM THE RIGHT.,1,44397,Cross intersection,2,40,Local Road,JOHN,CARDINIA,-38.07769,145.48183,2019,6,June,13,Midday,Weekday
T20190010609,2019-06-06,14:45:00,4,Collision with a fixed object,4,Thursday,183,OFF LEFT BEND INTO OBJECT/PARKED VEHICLE,1,347058,Not at intersection,2,100,Local Road,BANGERANG,CAMPASPE,-36.10685,144.8591,2019,6,June,14,Midday,Weekday
T20190010641,2019-06-06,02:40:00,1,Collision with vehicle,4,Thursday,160,VEHICLE COLLIDES WITH VEHICLE PARKED ON LEFT OF ROAD,3,350535,Not at intersection,2,70,Arterial Other,MAHONEYS,DAREBIN,-37.69475,145.00946,2019,6,June,2,Late Night,Weekday
T20190010614,2019-06-06,16:17:00,1,Collision with vehicle,4,Thursday,110,CROSS TRAFFIC(INTERSECTIONS ONLY),1,50478,Cross intersection,3,60,Arterial Other,STURT,BALLARAT,-37.561256,143.85039,2019,6,June,16,Afternoon Peak,Weekday
T20190010647,2019-06-06,16:55:00,1,Collision with vehicle,4,Thursday,121,RIGHT THROUGH,2,46502,T intersection,2,70,Arterial Other,BAYSWATER,MAROONDAH,-37.818882,145.26909,2019,6,June,16,Afternoon Peak,Weekday
T20190010617,2019-06-06,14:15:00,1,Collision with vehicle,4,Thursday,146,REVERSING INTO FIXED OBJECT/PARKED VEHICLE,1,347430,Not at intersection,2,50,Local Road,JAMES,HORSHAM,-36.71149,142.18954,2019,6,June,14,Midday,Weekday