ACCIDENT_NO,ACCIDENT_DATE,ACCIDENT_TIME,ACCIDENT_TYPE,ACCIDENT_TYPE_DESC,DAY_OF_WEEK,DAY_WEEK_DESC,DCA_CODE,DCA_DESC,LIGHT_CONDITION,NODE_ID,ROAD_GEOMETRY_DESC,SEVERITY,SPEED_ZONE,RMA,ROAD_NAME,LGA_NAME,LATITUDE,LONGITUDE,YEAR,MONTH,MONTH_NAME,HOUR,TIME_PERIOD,DAY_TYPE
T20190010620,2019-06-06,18:25:00,1,Collision with vehicle,4,Thursday,121,RIGHT THROUGH,3,125189,Not at intersection,2,50,Arterial Other,CITY,MELBOURNE,-37.827972,144.9577,2019,6,June,18,Afternoon Peak,Weekday
T20190010624,2019-06-06,14:34:00,1,Collision with vehicle,4,Thursday,136,RIGHT TURN SIDESWIPE,1,44948,T intersection,3,60,Arterial Other,MAIN,BRIMBANK,-37.744953,144.80591,2019,6,June,14,Midday,Weekday
T20190010627,2019-06-06,17:58:00,2,Struck Pedestrian,4,Thursday,100,PED NEAR SIDE. PED HIT BY VEHICLE FROM THE RIGHT.,5,63034,Cross intersection,2,50,Local Road,ROSS,MORELAND,-37.739403,144.96588,2019,6,June,17,Afternoon Peak,Weekday
T20200023346,2019-06-06,15:00:00,8,No collision and no object struck,4,Thursday,184,OUT OF CONTROL ON CARRIAGEWAY (ON BEND),1,673893,Not at intersection,3,80,Local Road,BENWERRIN-MT SABINE,SURF COAST,-38.493362,143.88892,2019,6,June,15,Afternoon Peak,Weekday
T20190010631,2019-06-06,19:55:00,4,Collision with a fixed object,4,Thursday,171,LEFT OFF CARRIAGEWAY INTO OBJECT/PARKED VEHICLE,5,352657,Not at intersection,3,80,Local Road,CRADDOCKS,GOLDEN PLAINS,-37.62187,143.67577,2019,6,June,19,Night,Weekday
T20190010633,2019-06-06,17:30:00,1,Collision with vehicle,4,Thursday,121,RIGHT THROUGH,3,590978,T intersection,3,60,Local Road,ALFRED,BANYULE,-37.753418,145.05228,2019,6,June,17,Afternoon Peak,Weekday
T20190011031,2019-06-06,18:15:00,8,No collision and no object struck,4,Thursday,174,OUT OF CONTROL ON CARRIAGEWAY (ON STRAIGHT),3,223466,Not at intersection,3,50,Arterial Other,ST GEORGES,YARRA,-37.782272,144.98474,2019,6,June,18,Afternoon Peak,Weekday
T20190010595,2019-06-06,10:08:00,1,Collision with vehicle,4,Thursday,116,LEFT NEAR (INTERSECTIONS ONLY),1,51060,T intersection,2,60,Arterial Highway,HIGH,SHEPPARTON,-36.38258,145.4106,2019,6,June,10,Midday,Weekday
T20190010649,2019-06-06,07:00:00,1,Collision with vehicle,4,Thursday,113,RIGHT NEAR (INTERSECTIONS ONLY),2,307532,T intersection,3,60,Arterial Other,WANGARATTA-YARRAWONGA,WANGARATTA,-36.33617,146.2961,2019,6,June,7,Morning Peak,Weekday
T20190010634,2019-06-06,19:00:00,1,Collision with vehicle,4,Thursday,130,REAR END(VEHICLES IN SAME LANE),3,346006,Not at intersection,3,80,Freeway,METROPOLITAN RING OUT-EDGARS,WHITTLESEA,-37.686493,145.00177,2019,6,June,19,Night,Weekday
T20190010635,2019-06-06,16:45:00,1,Collision with vehicle,4,Thursday,152,PULLING OUT (OVERTAKING),2,345953,Not at intersection,1,60,Arterial Other,HALLAM SOUTH,CASEY,-38.021877,145.2701,2019,6,June,16,Afternoon Peak,Weekday
T20190010779,2019-06-06,15:38:00,1,Collision with vehicle,4,Thursday,130,REAR END(VEHICLES IN SAME LANE),1,586140,Not at intersection,3,40,Arterial Other,KOO WEE RUP,CARDINIA,-38.182903,145.47922,2019,6,June,15,Afternoon Peak,Weekday
T20190010651,2019-06-06,21:39:00,1,Collision with vehicle,4,Thursday,121,RIGHT THROUGH,3,40452,Cross intersection,3,60,Arterial Other,CAMBERWELL,BOROONDARA,-37.836006,145.06216,2019,6,June,21,Night,Weekday
T20190010655,2019-06-06,17:50:00,1,Collision with vehicle,4,Thursday,130,REAR END(VEHICLES IN SAME LANE),3,590979,Not at intersection,2,100,Freeway,EASTLINK,DANDENONG,-38.03637,145.18864,2019,6,June,17,Afternoon Peak,Weekday
T20190010639,2019-06-06,18:00:00,1,Collision with vehicle,4,Thursday,121,RIGHT THROUGH,3,315418,Cross intersection,3,80,Arterial Other,HEATHERTON,CASEY,-37.9727,145.23831,2019,6,June,18,Afternoon Peak,Weekday
T20190010640,2019-06-06,22:10:00,1,Collision with vehicle,4,Thursday,121,RIGHT THROUGH,3,29766,Cross intersection,2,60,Arterial Highway,SOUTH GIPPSLAND,CASEY,-38.113033,145.28279,2019,6,June,22,Night,Weekday
T20190013790,2019-06-07,13:00:00,1,Collision with vehicle,5,Friday,154,PULLING OUT -REAR END,1,360562,Not at intersection,3,70,Arterial Other,HEATHERTON,DANDENONG,-37.969845,145.21326,2019,6,June,13,Midday,Weekday
T20190011261,2019-06-07,10:00:00,1,Collision with vehicle,5,Friday,160,VEHICLE COLLIDES WITH VEHICLE PARKED ON LEFT OF ROAD,1,346228,T intersection,3,50,Local Road,MURRAY,MORNINGTON PENINSULA,-38.369087,144.79016,2019,6,June,10,Midday,Weekday
T20190010681,2019-06-07,15:40:00,4,Collision with a fixed object,5,Friday,173,RIGHT OFF CARRIAGEWAY INTO OBJECT/PARKED VEHICLE,1,347420,Not at intersection,2,100,Freeway,MONASH OUT-EASTLINK OUT,DANDENONG,-37.94272,145.20316,2019,6,June,15,Afternoon Peak,Weekday
T20190010679,2019-06-07,15:22:00,1,Collision with vehicle,5,Friday,130,REAR END(VEHICLES IN SAME LANE),1,345927,Not at intersection,2,80,Arterial Other,HUME,HUME,-37.59394,144.94254,2019,6,June,15,Afternoon Peak,Weekday
T20190010677,2019-06-07,12:11:00,1,Collision with vehicle,5,Friday,110,CROSS TRAFFIC(INTERSECTIONS ONLY),1,51705,Cross intersection,1,60,Arterial Other,HATTAM,BENDIGO,-36.78261,144.26526,2019,6,June,12,Midday,Weekday
T20190010676,2019-06-07,15:35:00,1,Collision with vehicle,5,Friday,121,RIGHT THROUGH,1,35320,Cross intersection,2,70,Arterial Highway,MOOROODUC,FRANKSTON,-38.146645,145.1358,2019,6,June,15,Afternoon Peak,Weekday
T20190011070,2019-06-07,13:00:00,4,Collision with a fixed object,5,Friday,171,LEFT OFF CARRIAGEWAY INTO OBJECT/PARKED VEHICLE,1,596728,Not at intersection,2,50,Local Road,GREEN GULLY,HEPBURN,-37.285355,144.22864,2019,6,June,13,Midday,Weekday
T20190010652,2019-06-07,08:07:00,1,Collision with vehicle,5,Friday,116,LEFT NEAR (INTERSECTIONS ONLY),1,42200,T intersection,3,60,Arterial Other,BAY,BAYSIDE,-37.956787,145.04652,2019,6,June,8,Morning Peak,Weekday
T20190010669,2019-06-07,12:45:00,1,Collision with vehicle,5,Friday,110,CROSS TRAFFIC(INTERSECTIONS ONLY),1,55384,Cross intersection,2,80,Local Road,ALLIES,BENDIGO,-36.708916,144.21552,2019,6,June,12,Midday,Weekday
T20190010664,2019-06-07,11:07:00,1,Collision with vehicle,5,Friday,121,RIGHT THROUGH,1,35371,Cross intersection,2,60,Arterial Other,JOLIMONT,MELBOURNE,-37.816467,144.97905,2019,6,June,11,Midday,Weekday
T20190010663,2019-06-07,11:15:00,2,Struck Pedestrian,5,Friday,100,PED NEAR SIDE. PED HIT BY VEHICLE FROM THE RIGHT.,1,299903,Cross intersection,3,60,Local Road,BRIDGE INN,WHITTLESEA,-37.598965,145.08197,2019,6,June,11,Midday,Weekday
T20190010662,2019-06-07,08:20:00,4,Collision with a fixed object,5,Friday,171,LEFT OFF CARRIAGEWAY INTO OBJECT/PARKED VEHICLE,1,773210,Not at intersection,2,100,Local Road,SEBASTIAN,LODDON,-36.6036,144.04366,2019,6,June,8,Morning Peak,Weekday
T20190010661,2019-06-07,10:45:00,1,Collision with vehicle,5,Friday,120,HEAD ON (NOT OVERTAKING),1,360378,Not at intersection,2,50,Arterial Other,COMMERCIAL,MILDURA,-34.167927,142.06232,2019,6,June,10,Midday,Weekday
T20190010660,2019-06-07,06:40:00,1,Collision with vehicle,5,Friday,133,LANE SIDE SWIPE (VEHICLES IN PARALLEL LANES),5,347044,Not at intersection,2,100,Freeway,MONASH,MONASH,-37.935654,145.19258,2019,6,June,6,Morning Peak,Weekday
T20190013522,2019-06-07,10:25:00,1,Collision with vehicle,5,Friday,131,LEFT REAR,9,360586,T intersection,3,70,Arterial Other,FERNTREE GULLY,MONASH,-37.89634,145.09879,2019,6,June,10,Midday,Weekday
T20190010698,2019-06-07,15:00:00,1,Collision with vehicle,5,Friday,110,CROSS TRAFFIC(INTERSECTIONS ONLY),1,226243,Cross intersection,2,60,Local Road,KENNEWELL,BENDIGO,-36.72079,144.30426,2019,6,June,15,Afternoon Peak,Weekday
T20190010648,2019-06-07,06:55:00,6,Vehicle overturned (no collision),5,Friday,174,OUT OF CONTROL ON CARRIAGEWAY (ON STRAIGHT),2,35815,Multiple intersection,2,60,Arterial Other,MILLER STREET -TOWNSEND,BENDIGO,-36.769127,144.2921,2019,6,June,6,Morning Peak,Weekday
T20190010644,2019-06-07,03:15:00,1,Collision with vehicle,5,Friday,139,OTHER SAME DIRECTION-MANOUEVRES NOT INCLUDED IN DCAs 130-137,3,351775,Not at intersection,3,60,Arterial Other,MT ALEXANDER,MOONEE VALLEY,-37.785507,144.93874,2019,6,June,3,Late Night,Weekday
T20190022505,2019-06-07,05:30:00,1,Collision with vehicle,5,Friday,113,RIGHT NEAR (INTERSECTIONS ONLY),2,45524,Cross intersection,2,60,Arterial Other,DERRIMUT ROAD -HOPKINS,MELTON,-37.80502,144.69594,2019,6,June,5,Morning Peak,Weekday
T20190012279,2019-06-07,16:30:00,1,Collision with vehicle,5,Friday,110,CROSS TRAFFIC(INTERSECTIONS ONLY),1,36018,Cross intersection,3,60,Arterial Other,NICHOLSON,MORELAND,-37.75489,144.97552,2019,6,June,16,Afternoon Peak,Weekday
T20190010770,2019-06-07,15:10:00,1,Collision with vehicle,5,Friday,135,LANE CHANGE LEFT (NOT OVERTAKING),1,346014,Not at intersection,3,70,Local Road,ABBOTTS,DANDENONG,-38.035145,145.24014,2019,6,June,15,Afternoon Peak,Weekday
T20190010732,2019-06-07,20:30:00,1,Collision with vehicle,5,Friday,169,OTHER ON PATH,3,346542,Not at intersection,3,50,Local Road,EMMA,WYNDHAM,-37.842102,144.65794,2019,6,June,20,Night,Weekday
T20190010674,2019-06-07,12:45:00,1,Collision with vehicle,5,Friday,130,REAR END(VEHICLES IN SAME LANE),1,278666,T intersection,3,30,Local Road,LINK,CASEY,-38.0191,145.30777,2019,6,June,12,Midday,Weekday
T20190010729,2019-06-07,12:30:00,4,Collision with a fixed object,5,Friday,171,LEFT OFF CARRIAGEWAY INTO OBJECT/PARKED VEHICLE,1,591238,Not at intersection,2,100,Arterial Other,MAFFRA-BRIAGOLONG,WELLINGTON,-37.92611,146.9941,2019,6,June,12,Midday,Weekday
T20190010720,2019-06-07,11:40:00,1,Collision with vehicle,5,Friday,132,RIGHT REAR.,1,591237,Not at intersection,3,60,Local Road,HAWTHORY,YARRA RANGES,-37.7952,145.31366,2019,6,June,11,Midday,Weekday
T20190010715,2019-06-07,22:38:00,1,Collision with vehicle,5,Friday,130,REAR END(VEHICLES IN SAME LANE),3,580556,Not at intersection,2,60,Arterial Highway,MAROONDAH,MAROONDAH,-37.813335,145.23396,2019,6,June,22,Night,Weekday
T20190010711,2019-06-07,16:52:00,2,Struck Pedestrian,5,Friday,100,PED NEAR SIDE. PED HIT BY VEHICLE FROM THE RIGHT.,2,41900,Cross intersection,2,60,Arterial Other,GAFFNEY,MORELAND,-37.73151,144.93849,2019,6,June,16,Afternoon Peak,Weekday
T20190010705,2019-06-07,21:45:00,4,Collision with a fixed object,5,Friday,171,LEFT OFF CARRIAGEWAY INTO OBJECT/PARKED VEHICLE,5,346642,Not at intersection,2,50,Local Road,NEW,BENDIGO,-36.73109,144.2688,2019,6,June,21,Night,Weekday
T20190010703,2019-06-07,16:20:00,1,Collision with vehicle,5,Friday,113,RIGHT NEAR (INTERSECTIONS ONLY),1,493,T intersection,3,60,Arterial Other,CANTERBURY,BOROONDARA,-37.824272,145.08327,2019,6,June,16,Afternoon Peak,Weekday
T20190010702,2019-06-07,17:48:00,1,Collision with vehicle,5,Friday,120,HEAD ON (NOT OVERTAKING),5,589209,Not at intersection,3,100,Arterial Highway,STRZELECKI,LATROBE,-38.31673,146.26259,2019,6,June,17,Afternoon Peak,Weekday
T20190010701,2019-06-07,15:30:00,1,Collision with vehicle,5,Friday,123,RIGHT/LEFT. ONE VEH TURNING RIGHT THE OTHER LEFT.,1,46750,T intersection,3,60,Arterial Other,DALTON,WHITTLESEA,-37.680214,145.02986,2019,6,June,15,Afternoon Peak,Weekday
T20190010700,2019-06-07,20:15:00,1,Collision with vehicle,5,Friday,111,RIGHT FAR (INTERSECTIONS ONLY),3,72671,Cross intersection,3,60,Local Road,BARWARRE,GEELONG,-38.19679,144.35255,2019,6,June,20,Night,Weekday
T20190010699,2019-06-07,15:45:00,1,Collision with vehicle,5,Friday,121,RIGHT THROUGH,1,31,Cross intersection,2,60,Arterial Highway,KINGS,PORT PHILLIP,-37.833385,144.96794,2019,6,June,15,Afternoon Peak,Weekday
T20190010695,2019-06-07,15:30:00,2,Struck Pedestrian,5,Friday,102,FAR SIDE. PED HIT BY VEHICLE FROM THE LEFT,1,346020,T intersection,3,40,Local Road,WOOD,DAREBIN,-37.736088,145.02824,2019,6,June,15,Afternoon Peak,Weekday
T20190010691,2019-06-07,06:30:00,2,Struck Pedestrian,5,Friday,102,FAR SIDE. PED HIT BY VEHICLE FROM THE LEFT,3,36826,Cross intersection,3,40,Arterial Other,DUDLEY,MELBOURNE,-37.80924,144.95236,2019,6,June,6,Morning Peak,Weekday
T20190010690,2019-06-07,16:30:00,2,Struck Pedestrian,5,Friday,103,PED PLAYING/LYING/WORKING/STANDING ON CARRIAGEWAY.,1,360385,Not at intersection,2,50,Local Road,MAIN,MOIRA,-35.921005,145.64714,2019,6,June,16,Afternoon Peak,Weekday
T20190010689,2019-06-07,17:55:00,1,Collision with vehicle,5,Friday,130,REAR END(VEHICLES IN SAME LANE),5,345932,Not at intersection,3,80,Arterial Other,STRATHFIELDSAYE,BENDIGO,-36.78941,144.3345,2019,6,June,17,Afternoon Peak,Weekday
T20190010687,2019-06-07,16:15:00,1,Collision with vehicle,5,Friday,130,REAR END(VEHICLES IN SAME LANE),1,345934,Not at intersection,3,60,Local Road,STATION,KINGSTON,-38.0377,145.10852,2019,6,June,16,Afternoon Peak,Weekday
T20190010686,2019-06-07,18:00:00,1,Collision with vehicle,5,Friday,148,VEHICLE OFF FOOTPATH STRIKES VEH ON CARRIAGEWAY,3,49705,T intersection,2,60,Local Road,DONNYBROOK,GEELONG,-38.086243,144.34384,2019,6,June,18,Afternoon Peak,Weekday
T20190010756,2019-06-08,15:40:00,2,Struck Pedestrian,6,Saturday,100,PED NEAR SIDE. PED HIT BY VEHICLE FROM THE RIGHT.,1,43444,Cross intersection,3,50,Arterial Highway,NEPEAN,FRANKSTON,-38.14428,145.1208,2019,6,June,15,Afternoon Peak,Weekend
T20190010775,2019-06-08,16:45:00,6,Vehicle overturned (no collision),6,Saturday,184,OUT OF CONTROL ON CARRIAGEWAY (ON BEND),1,347244,Not at intersection,3,60,Arterial Other,POTTER,HUME,-37.60202,144.94362,2019,6,June,16,Afternoon Peak,Weekend
T20190010726,2019-06-08,12:10:00,1,Collision with vehicle,6,Saturday,121,RIGHT THROUGH,1,41659,Cross intersection,2,60,Arterial Other,WAVERLEY,MONASH,-37.882515,145.109,2019,6,June,12,Midday,Weekend
T20190012411,2019-06-08,08:05:00,1,Collision with vehicle,6,Saturday,110,CROSS TRAFFIC(INTERSECTIONS ONLY),1,73235,Cross intersection,3,50,Arterial Other,BRIDGE,GEELONG,-38.282345,144.49153,2019,6,June,8,Morning Peak,Weekend
T20190010754,2019-06-08,17:42:00,1,Collision with vehicle,6,Saturday,121,RIGHT THROUGH,3,290773,T intersection,2,80,Arterial Other,OLD WESTERN,MOORABOOL,-37.68147,144.50638,2019,6,June,17,Afternoon Peak,Weekend
T20190010755,2019-06-08,18:31:00,1,Collision with vehicle,6,Saturday,163,VEHICLE STRIKES DOOR OF PARKED/STATIONARY VEHICLE,3,346052,Not at intersection,3,60,Arterial Other,HOLMES,MORELAND,-37.75991,144.97432,2019,6,June,18,Afternoon Peak,Weekend
T20190010753,2019-06-08,13:55:00,1,Collision with vehicle,6,Saturday,132,RIGHT REAR.,1,347060,Not at intersection,2,100,Local Road,HARMONY,MOUNT ALEXANDER,-37.01703,144.27124,2019,6,June,13,Midday,Weekend
T20190010760,2019-06-08,22:30:00,2,Struck Pedestrian,6,Saturday,101,PED EMERGES FROM IN FRONT OF PARKED OR STATIONARY VEHICLE,3,600025,Not at intersection,3,60,Arterial Other,COMMERCIAL,STONNINGTON,-37.84673,144.9931,2019,6,June,22,Night,Weekend
T20190010762,2019-06-08,16:25:00,1,Collision with vehicle,6,Saturday,110,CROSS TRAFFIC(INTERSECTIONS ONLY),1,49783,Cross intersection,2,50,Local Road,HUGHES,GEELONG,-38.11236,144.3342,2019,6,June,16,Afternoon Peak,Weekend
T20190010763,2019-06-08,21:35:00,7,Fall from or in moving vehicle,6,Saturday,190,FELL IN/FROM VEHICLE,5,346284,Not at intersection,2,50,Local Road,LAKES,CASEY,-38.17387,145.26102,2019,6,June,21,Night,Weekend
T20190010764,2019-06-08,19:35:00,8,No collision and no object struck,6,Saturday,170,OFF CARRIAGEWAY TO LEFT,5,582257,Not at intersection,1,100,Local Road,JETTY,BASS COAST,-38.307632,145.52892,2019,6,June,19,Night,Weekend
T20190010752,2019-06-08,13:55:00,1,Collision with vehicle,6,Saturday,110,CROSS TRAFFIC(INTERSECTIONS ONLY),1,40992,Cross intersection,3,50,Local Road,MARYBOROUGH,KNOX,-37.8662,145.27612,2019,6,June,13,Midday,Weekend
T20190011154,2019-06-08,17:29:00,1,Collision with vehicle,6,Saturday,121,RIGHT THROUGH,3,340944,Cross intersection,3,50,Arterial Other,MAIN HURSTBRIDGE,NILLUMBIK,-37.674236,145.15906,2019,6,June,17,Afternoon Peak,Weekend
T20190010822,2019-06-08,13:40:00,1,Collision with vehicle,6,Saturday,140,U TURN,1,346208,Not at intersection,2,60,Local Road,OBAN,MAROONDAH,-37.797558,145.25352,2019,6,June,13,Midday,Weekend
T20190010719,2019-06-08,04:30:00,4,Collision with a fixed object,6,Saturday,171,LEFT OFF CARRIAGEWAY INTO OBJECT/PARKED VEHICLE,3,40863,Cross intersection,2,60,Arterial Other,CANTERBURY,WHITEHORSE,-37.836002,145.19539,2019,6,June,4,Late Night,Weekend
T20190010725,2019-06-08,11:00:00,1,Collision with vehicle,6,Saturday,110,CROSS TRAFFIC(INTERSECTIONS ONLY),1,24034,Cross intersection,3,60,Arterial Highway,MAIN,EAST GIPPSLAND,-37.828777,147.6194,2019,6,June,11,Midday,Weekend
T20190010891,2019-06-08,18:00:00,6,Vehicle overturned (no collision),6,Saturday,174,OUT OF CONTROL ON CARRIAGEWAY (ON STRAIGHT),3,349891,Not at intersection,3,50,Local Road,GEELONG,SURF COAST,-38.329067,144.31677,2019,6,June,18,Afternoon Peak,Weekend
T20190010741,2019-06-08,14:00:00,6,Vehicle overturned (no collision),6,Saturday,180,OFF CARRIAGEWAY ON RIGHT BEND,1,594040,Not at intersection,2,100,Local Road,SHEPPARTON-VIOLET TOWN,SHEPPARTON,-36.487118,145.53181,2019,6,June,14,Midday,Weekend
T20190010745,2019-06-08,15:55:00,4,Collision with a fixed object,6,Saturday,173,RIGHT OFF CARRIAGEWAY INTO OBJECT/PARKED VEHICLE,1,346113,T intersection,2,80,Arterial Other,MELBOURNE-LANCEFIELD,HUME,-37.59691,144.75877,2019,6,June,15,Afternoon Peak,Weekend
T20190010746,2019-06-08,14:45:00,2,Struck Pedestrian,6,Saturday,102,FAR SIDE. PED HIT BY VEHICLE FROM THE LEFT,1,345935,Not at intersection,3,50,Arterial Highway,MOUNTJOY,SURF COAST,-38.53836,143.97523,2019,6,June,14,Midday,Weekend
T20190010708,2019-06-08,00:09:00,1,Collision with vehicle,6,Saturday,160,VEHICLE COLLIDES WITH VEHICLE PARKED ON LEFT OF ROAD,3,346269,Not at intersection,2,50,Local Road,ROKEWOOD,HUME,-37.65394,144.91576,2019,6,June,0,Late Night,Weekend
T20190010747,2019-06-08,15:25:00,1,Collision with vehicle,6,Saturday,130,REAR END(VEHICLES IN SAME LANE),1,661496,Not at intersection,3,70,Local Road,TARNEIT,WYNDHAM,-37.88428,144.66275,2019,6,June,15,Afternoon Peak,Weekend
T20190010751,2019-06-08,19:05:00,2,Struck Pedestrian,6,Saturday,102,FAR SIDE. PED HIT BY VEHICLE FROM THE LEFT,6,582108,Not at intersection,3,50,Local Road,KEILOR,DAREBIN,-37.718887,145.02759,2019,6,June,19,Night,Weekend
T20190010748,2019-06-08,15:47:00,1,Collision with vehicle,6,Saturday,110,CROSS TRAFFIC(INTERSECTIONS ONLY),1,602726,Multiple intersection,3,60,Arterial Other,BROADWAY  -STRATHMERTON,DAREBIN,-37.71821,145.02115,2019,6,June,15,Afternoon Peak,Weekend
T20190010730,2019-06-08,09:30:00,1,Collision with vehicle,6,Saturday,173,RIGHT OFF CARRIAGEWAY INTO OBJECT/PARKED VEHICLE,1,600031,Not at intersection,2,60,Local Road,SUSSEX,MORELAND,-37.721832,144.9511,2019,6,June,9,Morning Peak,Weekend
T20190010768,2019-06-08,23:20:00,2,Struck Pedestrian,6,Saturday,103,PED PLAYING/LYING/WORKING/STANDING ON CARRIAGEWAY.,5,346287,Not at intersection,1,100,Arterial Other,MYRTLEFORD-YACKANDANDAH,ALPINE,-36.49388,146.82812,2019,6,June,23,Night,Weekend
T20190024169,2019-06-09,17:10:00,1,Collision with vehicle,7,Sunday,121,RIGHT THROUGH,9,322502,Cross intersection,3,80,Arterial Other,HEATHERTON,CASEY,-37.976505,145.27058,2019,6,June,17,Afternoon Peak,Weekend
T20190010817,2019-06-09,23:50:00,2,Struck Pedestrian,7,Sunday,102,FAR SIDE. PED HIT BY VEHICLE FROM THE LEFT,3,36495,Cross intersection,2,50,Local Road,BRUNSWICK,YARRA,-37.796745,144.97873,2019,6,June,23,Night,Weekend
T20190010813,2019-06-09,19:50:00,1,Collision with vehicle,7,Sunday,130,REAR END(VEHICLES IN SAME LANE),3,636807,Not at intersection,3,70,Arterial Other,STATION,BRIMBANK,-37.745045,144.77902,2019,6,June,19,Night,Weekend
T20190010812,2019-06-09,16:15:00,4,Collision with a fixed object,7,Sunday,179,OTHER ACCIDENTS-OFF STRAIGHT NOT INCLUDED IN DCAs 170-175,1,661117,Not at intersection,3,50,Local Road,PARKHAVEN,KNOX,-37.876324,145.25229,2019,6,June,16,Afternoon Peak,Weekend
T20190010808,2019-06-09,17:15:00,1,Collision with vehicle,7,Sunday,120,HEAD ON (NOT OVERTAKING),2,346737,Not at intersection,2,100,Local Road,MIRBOO-YARRAGON,BAW BAW,-38.304977,146.04735,2019,6,June,17,Afternoon Peak,Weekend
T20190011068,2019-06-09,10:11:00,5,collision with some other object,7,Sunday,165,TEMPORARY ROADWORKS,1,346192,Not at intersection,2,60,Arterial Other,PAKENHAM,CARDINIA,-38.00749,145.51395,2019,6,June,10,Midday,Weekend
T20190010780,2019-06-09,09:30:00,1,Collision with vehicle,7,Sunday,110,CROSS TRAFFIC(INTERSECTIONS ONLY),1,591744,Cross intersection,3,80,Arterial Highway,CRANBOURNE-FRANKSTON ROAD -DANDENONG-HASTINGS,CASEY,-38.13383,145.2284,2019,6,June,9,Morning Peak,Weekend
T20190010785,2019-06-09,12:20:00,6,Vehicle overturned (no collision),7,Sunday,180,OFF CARRIAGEWAY ON RIGHT BEND,1,346001,Not at intersection,2,80,Local Road,ASHBOURNE,MACEDON RANGES,-37.383617,144.49529,2019,6,June,12,Midday,Weekend
T20190010790,2019-06-09,12:56:00,2,Struck Pedestrian,7,Sunday,100,PED NEAR SIDE. PED HIT BY VEHICLE FROM THE RIGHT.,1,29726,Cross intersection,2,80,Arterial Highway,PRINCES,CASEY,-38.006256,145.27335,2019,6,June,12,Midday,Weekend
T20190010836,2019-06-09,21:30:00,4,Collision with a fixed object,7,Sunday,171,LEFT OFF CARRIAGEWAY INTO OBJECT/PARKED VEHICLE,5,346769,Not at intersection,3,100,Arterial Other,COBDEN-WARRNAMBOOL,MOYNE,-38.3916,142.80418,2019,6,June,21,Night,Weekend
T20190010802,2019-06-09,14:29:00,4,Collision with a fixed object,7,Sunday,171,LEFT OFF CARRIAGEWAY INTO OBJECT/PARKED VEHICLE,1,56386,T intersection,2,80,Arterial Other,KANGAROO GROUND-WARRANDYTE,NILLUMBIK,-37.707287,145.22469,2019,6,June,14,Midday,Weekend
T20190010796,2019-06-09,14:33:00,1,Collision with vehicle,7,Sunday,121,RIGHT THROUGH,1,346585,Cross intersection,2,80,Arterial Highway,STUD,DANDENONG,-37.96273,145.22482,2019,6,June,14,Midday,Weekend
T20190010864,2019-06-09,20:47:00,2,Struck Pedestrian,7,Sunday,102,FAR SIDE. PED HIT BY VEHICLE FROM THE LEFT,3,346002,Not at intersection,3,40,Local Road,HIGH,DAREBIN,-37.74306,145.00322,2019,6,June,20,Night,Weekend
T20190010794,2019-06-09,11:30:00,4,Collision with a fixed object,7,Sunday,183,OFF LEFT BEND INTO OBJECT/PARKED VEHICLE,1,346736,Not at intersection,2,100,Local Road,TARRONE NORTH,MOYNE,-38.21761,142.19283,2019,6,June,11,Midday,Weekend
T20190012344,2019-06-09,21:40:00,2,Struck Pedestrian,7,Sunday,100,PED NEAR SIDE. PED HIT BY VEHICLE FROM THE RIGHT.,3,36990,Cross intersection,3,40,Local Road,COLLINS,MELBOURNE,-37.81405,144.97147,2019,6,June,21,Night,Weekend
T20190010793,2019-06-09,14:55:00,8,No collision and no object struck,7,Sunday,174,OUT OF CONTROL ON CARRIAGEWAY (ON STRAIGHT),1,345957,Not at intersection,3,40,Local Road,GERTRUDE,YARRA,-37.806133,144.98083,2019,6,June,14,Midday,Weekend
T20190010826,2019-06-09,21:35:00,4,Collision with a fixed object,7,Sunday,179,OTHER ACCIDENTS-OFF STRAIGHT NOT INCLUDED IN DCAs 170-175,5,623535,T intersection,2,80,Arterial Other,WHITTLESEA-YEA,MURRINDINDI,-37.374084,145.2801,2019,6,June,21,Night,Weekend
T20190010776,2019-06-09,08:49:00,1,Collision with vehicle,7,Sunday,130,REAR END(VEHICLES IN SAME LANE),1,347226,Not at intersection,2,70,Arterial Highway,WARBURTON,YARRA RANGES,-37.77531,145.46335,2019,6,June,8,Morning Peak,Weekend
T20190010806,2019-06-09,16:40:00,1,Collision with vehicle,7,Sunday,120,HEAD ON (NOT OVERTAKING),1,332723,T intersection,2,80,Arterial Other,PLENTY,WHITTLESEA,-37.592636,145.10196,2019,6,June,16,Afternoon Peak,Weekend
T20190010805,2019-06-09,17:23:00,1,Collision with vehicle,7,Sunday,130,REAR END(VEHICLES IN SAME LANE),3,39341,T intersection,2,60,Arterial Other,CANTERBURY,WHITEHORSE,-37.8295,145.12851,2019,6,June,17,Afternoon Peak,Weekend
T20190010778,2019-06-09,06:40:00,8,No collision and no object struck,7,Sunday,172,OFF CARRIAGEWAY TO RIGHT,5,356036,Not at intersection,2,100,Local Road,SEBASTOPOL-SMYTHESDALE,GOLDEN PLAINS,-37.62246,143.79404,2019,6,June,6,Morning Peak,Weekend
T20190010769,2019-06-09,03:50:00,3,Struck animal,7,Sunday,167,STRUCK ANIMAL,5,72375,T intersection,3,100,Arterial Highway,PRINCES,WELLINGTON,-38.158955,146.73138,2019,6,June,3,Late Night,Weekend
T20190010823,2019-06-09,13:40:00,4,Collision with a fixed object,7,Sunday,171,LEFT OFF CARRIAGEWAY INTO OBJECT/PARKED VEHICLE,1,11180,Cross intersection,3,80,Arterial Highway,SOUTH GIPPSLAND,CASEY,-38.050434,145.2576,2019,6,June,13,Midday,Weekend