ACCIDENT_NO,ACCIDENT_DATE,ACCIDENT_TIME,ACCIDENT_TYPE,ACCIDENT_TYPE_DESC,DAY_OF_WEEK,DAY_WEEK_DESC,DCA_CODE,DCA_DESC,LIGHT_CONDITION,NODE_ID,ROAD_GEOMETRY_DESC,SEVERITY,SPEED_ZONE,RMA,ROAD_NAME,LGA_NAME,LATITUDE,LONGITUDE,YEAR,MONTH,MONTH_NAME,HOUR,TIME_PERIOD,DAY_TYPE
T20190010821,2019-06-09,12:50:00,4,Collision with a fixed object,7,Sunday,181,OFF RIGHT BEND INTO OBJECT/PARKED VEHICLE,1,346104,Not at intersection,2,100,Arterial Other,BROADFORD-FLOWERDALE,MURRINDINDI,-37.24747,145.17915,2019,6,June,12,Midday,Weekend
T20190010998,2019-06-09,11:00:00,1,Collision with vehicle,7,Sunday,131,LEFT REAR,1,346105,Not at intersection,3,60,Arterial Other,ALEXANDRA,STONNINGTON,-37.834747,144.9963,2019,6,June,11,Midday,Weekend
T20190010820,2019-06-09,14:55:00,6,Vehicle overturned (no collision),7,Sunday,174,OUT OF CONTROL ON CARRIAGEWAY (ON STRAIGHT),1,346630,Not at intersection,3,100,Local Road,RIVER,CAMPASPE,-35.971638,144.5029,2019,6,June,14,Midday,Weekend
T20190010949,2019-06-09,10:35:00,1,Collision with vehicle,7,Sunday,130,REAR END(VEHICLES IN SAME LANE),1,360412,Not at intersection,3,80,Arterial Highway,BURWOOD,KNOX,-37.8691,145.23526,2019,6,June,10,Midday,Weekend
T20190010832,2019-06-10,01:00:00,4,Collision with a fixed object,1,Monday,173,RIGHT OFF CARRIAGEWAY INTO OBJECT/PARKED VEHICLE,3,35841,Cross intersection,2,60,Arterial Highway,CRESWICK,BALLARAT,-37.550045,143.85014,2019,6,June,1,Late Night,Weekday
T20190011532,2019-06-10,01:30:00,2,Struck Pedestrian,1,Monday,103,PED PLAYING/LYING/WORKING/STANDING ON CARRIAGEWAY.,3,36604,Cross intersection,3,40,Local Road,GLASSHOUSE,YARRA,-37.805283,144.9863,2019,6,June,1,Late Night,Weekday
T20190010868,2019-06-10,16:41:00,1,Collision with vehicle,1,Monday,140,U TURN,2,72946,T intersection,3,80,Arterial Highway,PRINCES,LATROBE,-38.220715,146.47163,2019,6,June,16,Afternoon Peak,Weekday
T20190010843,2019-06-10,12:13:00,1,Collision with vehicle,1,Monday,130,REAR END(VEHICLES IN SAME LANE),1,596731,Not at intersection,3,100,Freeway,MONASH,MONASH,-37.885307,145.09875,2019,6,June,12,Midday,Weekday
T20190010846,2019-06-10,12:00:00,1,Collision with vehicle,1,Monday,122,LEFT THROUGH,1,47175,T intersection,3,100,Arterial Other,GEMBROOK,CARDINIA,-37.97145,145.54684,2019,6,June,12,Midday,Weekday
T20190010849,2019-06-10,10:40:00,2,Struck Pedestrian,1,Monday,100,PED NEAR SIDE. PED HIT BY VEHICLE FROM THE RIGHT.,1,239993,T intersection,2,60,Local Road,THE RIDGE,MORNINGTON PENINSULA,-38.198936,145.09396,2019,6,June,10,Midday,Weekday
T20190010850,2019-06-10,12:50:00,1,Collision with vehicle,1,Monday,160,VEHICLE COLLIDES WITH VEHICLE PARKED ON LEFT OF ROAD,1,346225,Not at intersection,3,60,Arterial Other,WAVERLEY,MONASH,-37.886875,145.14674,2019,6,June,12,Midday,Weekday
T20190010867,2019-06-10,17:00:00,1,Collision with vehicle,1,Monday,121,RIGHT THROUGH,1,437,Cross intersection,3,80,Arterial Highway,MAROONDAH,YARRA RANGES,-37.760338,145.32825,2019,6,June,17,Afternoon Peak,Weekday
T20190010855,2019-06-10,13:21:00,6,Vehicle overturned (no collision),1,Monday,170,OFF CARRIAGEWAY TO LEFT,1,658581,Not at intersection,3,100,Arterial Other,WANGARATTA-WHITFIELD,WANGARATTA,-36.441376,146.36142,2019,6,June,13,Midday,Weekday
T20190010856,2019-06-10,12:30:00,1,Collision with vehicle,1,Monday,120,HEAD ON (NOT OVERTAKING),1,600741,Not at intersection,2,80,Arterial Other,YARRA JUNCTION-NOOJEE,BAW BAW,-37.87522,145.79243,2019,6,June,12,Midday,Weekday
T20190010859,2019-06-10,14:15:00,1,Collision with vehicle,1,Monday,121,RIGHT THROUGH,1,267918,Not at intersection,3,60,Arterial Highway,GREAT OCEAN,SURF COAST,-38.43288,144.13399,2019,6,June,14,Midday,Weekday
T20190010860,2019-06-10,15:16:00,1,Collision with vehicle,1,Monday,131,LEFT REAR,1,347163,Not at intersection,2,80,Local Road,FOREST,SURF COAST,-38.3673,144.20293,2019,6,June,15,Afternoon Peak,Weekday
T20190010861,2019-06-10,16:58:00,1,Collision with vehicle,1,Monday,116,LEFT NEAR (INTERSECTIONS ONLY),1,346758,Cross intersection,2,80,Arterial Other,FERNTREE GULLY,MONASH,-37.903885,145.16374,2019,6,June,16,Afternoon Peak,Weekday
T20190010863,2019-06-10,15:33:00,1,Collision with vehicle,1,Monday,120,HEAD ON (NOT OVERTAKING),1,346139,Not at intersection,2,60,Arterial Other,EPPING,WHITTLESEA,-37.59564,145.03342,2019,6,June,15,Afternoon Peak,Weekday
T20190010842,2019-06-10,12:05:00,1,Collision with vehicle,1,Monday,121,RIGHT THROUGH,1,277792,Cross intersection,2,80,Local Road,HAMMOND,DANDENONG,-38.00316,145.20793,2019,6,June,12,Midday,Weekday
T20190010816,2019-06-10,00:59:00,4,Collision with a fixed object,1,Monday,171,LEFT OFF CARRIAGEWAY INTO OBJECT/PARKED VEHICLE,3,318223,Not at intersection,3,60,Arterial Other,DORSET,KNOX,-37.8792,145.28467,2019,6,June,0,Late Night,Weekday
T20190010829,2019-06-10,07:45:00,4,Collision with a fixed object,1,Monday,183,OFF LEFT BEND INTO OBJECT/PARKED VEHICLE,2,345965,T intersection,3,80,Local Road,HILDEBRAND,NILLUMBIK,-37.5856,145.25687,2019,6,June,7,Morning Peak,Weekday
T20190010907,2019-06-11,15:47:00,1,Collision with vehicle,2,Tuesday,160,VEHICLE COLLIDES WITH VEHICLE PARKED ON LEFT OF ROAD,1,350545,Not at intersection,3,60,Arterial Highway,ANZAC,MITCHELL,-37.031235,145.14738,2019,6,June,15,Afternoon Peak,Weekday
T20190010902,2019-06-11,15:45:00,1,Collision with vehicle,2,Tuesday,121,RIGHT THROUGH,1,597,T intersection,3,60,Local Road,NORMANBY,GLEN EIRA,-37.871662,145.03505,2019,6,June,15,Afternoon Peak,Weekday
T20190010908,2019-06-11,16:10:00,2,Struck Pedestrian,2,Tuesday,100,PED NEAR SIDE. PED HIT BY VEHICLE FROM THE RIGHT.,1,346373,Not at intersection,2,40,Local Road,ORIEL,BANYULE,-37.748528,145.04155,2019,6,June,16,Afternoon Peak,Weekday
T20190011831,2019-06-11,09:30:00,1,Collision with vehicle,2,Tuesday,130,REAR END(VEHICLES IN SAME LANE),1,592256,Cross intersection,2,80,Arterial Other,CRANBOURNE-FRANKSTON,FRANKSTON,-38.150684,145.19495,2019,6,June,9,Morning Peak,Weekday
T20190011049,2019-06-11,11:45:00,1,Collision with vehicle,2,Tuesday,163,VEHICLE STRIKES DOOR OF PARKED/STATIONARY VEHICLE,1,592255,Not at intersection,3,60,Arterial Other,CANTERBURY,PORT PHILLIP,-37.84506,144.96098,2019,6,June,11,Midday,Weekday
T20190010869,2019-06-11,00:48:00,4,Collision with a fixed object,2,Tuesday,173,RIGHT OFF CARRIAGEWAY INTO OBJECT/PARKED VEHICLE,3,360445,Not at intersection,2,50,Local Road,BELL,GEELONG,-38.190517,144.71086,2019,6,June,0,Late Night,Weekday
T20190010870,2019-06-11,00:10:00,4,Collision with a fixed object,2,Tuesday,173,RIGHT OFF CARRIAGEWAY INTO OBJECT/PARKED VEHICLE,5,592687,Not at intersection,2,100,Freeway,MONASH,MONASH,-37.914726,145.1681,2019,6,June,0,Late Night,Weekday
T20190010872,2019-06-11,05:30:00,1,Collision with vehicle,2,Tuesday,160,VEHICLE COLLIDES WITH VEHICLE PARKED ON LEFT OF ROAD,3,346439,Not at intersection,3,50,Local Road,PROSPECT,MORELAND,-37.709507,144.91335,2019,6,June,5,Morning Peak,Weekday
T20190010874,2019-06-11,08:35:00,1,Collision with vehicle,2,Tuesday,130,REAR END(VEHICLES IN SAME LANE),1,661118,T intersection,3,80,Arterial Highway,MAROONDAH,MAROONDAH,-37.795574,145.25735,2019,6,June,8,Morning Peak,Weekday
T20190010877,2019-06-11,07:35:00,2,Struck Pedestrian,2,Tuesday,107,PED ON FOOTHPATH STRUCK BY VEHENTERING/LEAVING DRIVEWAY.,1,346026,Not at intersection,2,50,Local Road,CHESTNUT,CASEY,-37.994698,145.23303,2019,6,June,7,Morning Peak,Weekday
T20190010904,2019-06-11,15:56:00,6,Vehicle overturned (no collision),2,Tuesday,170,OFF CARRIAGEWAY TO LEFT,1,346103,Not at intersection,2,60,Local Road,HUNTS,MITCHELL,-37.2944,144.9652,2019,6,June,15,Afternoon Peak,Weekday
T20190010879,2019-06-11,08:06:00,1,Collision with vehicle,2,Tuesday,130,REAR END(VEHICLES IN SAME LANE),1,346018,Not at intersection,2,80,Arterial Highway,GREENSBOROUGH,NILLUMBIK,-37.68976,145.11238,2019,6,June,8,Morning Peak,Weekday
T20190010881,2019-06-11,08:55:00,2,Struck Pedestrian,2,Tuesday,102,FAR SIDE. PED HIT BY VEHICLE FROM THE LEFT,1,346768,T intersection,2,50,Local Road,POATH,GLEN EIRA,-37.89386,145.07689,2019,6,June,8,Morning Peak,Weekday
T20190010885,2019-06-11,08:40:00,1,Collision with vehicle,2,Tuesday,153,CUTTING IN (OVERTAKING),9,599581,Not at intersection,2,60,Arterial Other,SOMERTON,HUME,-37.639164,144.91733,2019,6,June,8,Morning Peak,Weekday
T20190010888,2019-06-11,12:30:00,1,Collision with vehicle,2,Tuesday,113,RIGHT NEAR (INTERSECTIONS ONLY),1,44861,T intersection,3,60,Arterial Other,ELEVENTH,MILDURA,-34.187714,142.15521,2019,6,June,12,Midday,Weekday
T20190010890,2019-06-11,08:25:00,1,Collision with vehicle,2,Tuesday,124,RIGHT/RIGHT BOTH VEHs FROM OPPOSITE DIRECTIONS TURNING RIGHT,1,592253,Cross intersection,2,80,Local Road,COOPER,HUME,-37.644485,144.95749,2019,6,June,8,Morning Peak,Weekday
T20190010892,2019-06-11,11:00:00,1,Collision with vehicle,2,Tuesday,171,LEFT OFF CARRIAGEWAY INTO OBJECT/PARKED VEHICLE,1,350544,T intersection,3,50,Local Road,NULLAWIL,DANDENONG,-37.93397,145.16328,2019,6,June,11,Midday,Weekday
T20190011293,2019-06-11,07:45:00,1,Collision with vehicle,2,Tuesday,160,VEHICLE COLLIDES WITH VEHICLE PARKED ON LEFT OF ROAD,1,346283,Not at intersection,3,50,Local Road,CALLISTEMON,EAST GIPPSLAND,-37.912952,147.71198,2019,6,June,7,Morning Peak,Weekday
T20190010895,2019-06-11,12:12:00,1,Collision with vehicle,2,Tuesday,132,RIGHT REAR.,1,226951,T intersection,2,100,Arterial Highway,MAROONDAH,MANSFIELD,-37.02799,145.93135,2019,6,June,12,Midday,Weekday
T20190010912,2019-06-11,16:10:00,1,Collision with vehicle,2,Tuesday,130,REAR END(VEHICLES IN SAME LANE),1,592254,Not at intersection,3,100,Freeway,PRINCES,CASEY,-38.037502,145.32993,2019,6,June,16,Afternoon Peak,Weekday
T20190010913,2019-06-11,18:30:00,1,Collision with vehicle,2,Tuesday,130,REAR END(VEHICLES IN SAME LANE),5,346024,Not at intersection,3,60,Arterial Other,BARWON HEADS,GEELONG,-38.192802,144.35924,2019,6,June,18,Afternoon Peak,Weekday
T20190010916,2019-06-11,19:20:00,4,Collision with a fixed object,2,Tuesday,171,LEFT OFF CARRIAGEWAY INTO OBJECT/PARKED VEHICLE,5,346969,Not at intersection,2,100,Local Road,NELSON,BENALLA,-36.51686,146.03287,2019,6,June,19,Night,Weekday
T20190010917,2019-06-11,19:40:00,1,Collision with vehicle,2,Tuesday,130,REAR END(VEHICLES IN SAME LANE),3,346137,Not at intersection,2,60,Arterial Highway,CITY,MELBOURNE,-37.821217,144.96709,2019,6,June,19,Night,Weekday
T20190010920,2019-06-11,12:00:00,1,Collision with vehicle,2,Tuesday,130,REAR END(VEHICLES IN SAME LANE),1,651056,Cross intersection,3,60,Arterial Other,BALLARAT,MARIBYRNONG,-37.791214,144.8896,2019,6,June,12,Midday,Weekday
T20190010922,2019-06-11,21:03:00,1,Collision with vehicle,2,Tuesday,160,VEHICLE COLLIDES WITH VEHICLE PARKED ON LEFT OF ROAD,3,729070,Not at intersection,2,50,Local Road,PARRAKOOLA,GEELONG,-38.163063,144.56476,2019,6,June,21,Night,Weekday
T20190010923,2019-06-11,04:19:00,4,Collision with a fixed object,2,Tuesday,171,LEFT OFF CARRIAGEWAY INTO OBJECT/PARKED VEHICLE,5,346332,Not at intersection,2,100,Arterial Other,DOOKIE-DEVENISH,SHEPPARTON,-36.35073,145.77989,2019,6,June,4,Late Night,Weekday
T20190010930,2019-06-11,13:50:00,1,Collision with vehicle,2,Tuesday,121,RIGHT THROUGH,1,35309,T intersection,2,60,Arterial Highway,WARBURTON,YARRA RANGES,-37.780003,145.53035,2019,6,June,13,Midday,Weekday
T20190013653,2019-06-11,15:18:00,1,Collision with vehicle,2,Tuesday,130,REAR END(VEHICLES IN SAME LANE),9,352673,Not at intersection,3,60,Arterial Other,MILLEARA,MOONEE VALLEY,-37.75005,144.86206,2019,6,June,15,Afternoon Peak,Weekday
T20190010964,2019-06-11,01:20:00,8,No collision and no object struck,2,Tuesday,170,OFF CARRIAGEWAY TO LEFT,5,350329,Not at intersection,3,100,Arterial Other,HAMILTON-PORT FAIRY,MOYNE,-38.045914,142.01149,2019,6,June,1,Late Night,Weekday
T20190010898,2019-06-11,13:20:00,1,Collision with vehicle,2,Tuesday,130,REAR END(VEHICLES IN SAME LANE),1,44052,T intersection,2,60,Arterial Other,SPRING,DAREBIN,-37.72129,145.0031,2019,6,June,13,Midday,Weekday
T20190010909,2019-06-11,16:25:00,4,Collision with a fixed object,2,Tuesday,173,RIGHT OFF CARRIAGEWAY INTO OBJECT/PARKED VEHICLE,1,592725,Not at intersection,2,100,Freeway,EASTERN,BOROONDARA,-37.790413,145.04268,2019,6,June,16,Afternoon Peak,Weekday
T20190010960,2019-06-12,14:35:00,1,Collision with vehicle,3,Wednesday,113,RIGHT NEAR (INTERSECTIONS ONLY),1,20870,Cross intersection,3,60,Arterial Highway,ROUGHEAD,SOUTH GIPPSLAND,-38.475304,145.94774,2019,6,June,14,Midday,Weekday
T20190011090,2019-06-12,19:11:00,2,Struck Pedestrian,3,Wednesday,100,PED NEAR SIDE. PED HIT BY VEHICLE FROM THE RIGHT.,3,35262,Cross intersection,2,70,Arterial Highway,LATROBE,GEELONG,-38.15461,144.35143,2019,6,June,19,Night,Weekday
T20190010961,2019-06-12,15:00:00,1,Collision with vehicle,3,Wednesday,130,REAR END(VEHICLES IN SAME LANE),1,282954,T intersection,2,80,Arterial Highway,SOUTH GIPPSLAND,DANDENONG,-38.005856,145.2279,2019,6,June,15,Afternoon Peak,Weekday
T20190010966,2019-06-12,17:24:00,1,Collision with vehicle,3,Wednesday,113,RIGHT NEAR (INTERSECTIONS ONLY),3,346068,T intersection,2,80,Arterial Other,MELTON,BRIMBANK,-37.700527,144.79636,2019,6,June,17,Afternoon Peak,Weekday
T20190010969,2019-06-12,17:50:00,1,Collision with vehicle,3,Wednesday,121,RIGHT THROUGH,3,278823,Cross intersection,3,50,Arterial Other,MCDONALDS,WHITTLESEA,-37.650497,145.08107,2019,6,June,17,Afternoon Peak,Weekday
T20190010973,2019-06-12,17:19:00,1,Collision with vehicle,3,Wednesday,110,CROSS TRAFFIC(INTERSECTIONS ONLY),3,360426,Cross intersection,2,50,Arterial Highway,SOUTH GIPPSLAND,CASEY,-38.10797,145.28314,2019,6,June,17,Afternoon Peak,Weekday
T20190010975,2019-06-12,20:27:00,2,Struck Pedestrian,3,Wednesday,103,PED PLAYING/LYING/WORKING/STANDING ON CARRIAGEWAY.,3,346884,Not at intersection,3,60,Arterial Other,WELLS,FRANKSTON,-38.121246,145.13525,2019,6,June,20,Night,Weekday
T20190010978,2019-06-12,19:30:00,1,Collision with vehicle,3,Wednesday,113,RIGHT NEAR (INTERSECTIONS ONLY),5,346348,T intersection,2,60,Local Road,ROCKBANK MIDDLE,MELTON,-37.74313,144.7342,2019,6,June,19,Night,Weekday
T20190010979,2019-06-12,19:37:00,1,Collision with vehicle,3,Wednesday,160,VEHICLE COLLIDES WITH VEHICLE PARKED ON LEFT OF ROAD,3,346522,Not at intersection,3,50,Local Road,ELIZABETH,YARRA,-37.811165,144.99342,2019,6,June,19,Night,Weekday
T20190010980,2019-06-12,19:29:00,1,Collision with vehicle,3,Wednesday,110,CROSS TRAFFIC(INTERSECTIONS ONLY),3,346666,Cross intersection,2,60,Arterial Other,HUNTINGDALE,MONASH,-37.87621,145.11018,2019,6,June,19,Night,Weekday
T20190010981,2019-06-12,21:20:00,8,No collision and no object struck,3,Wednesday,174,OUT OF CONTROL ON CARRIAGEWAY (ON STRAIGHT),3,38990,T intersection,3,60,Arterial Other,RIVERSDALE,BOROONDARA,-37.830193,145.04657,2019,6,June,21,Night,Weekday
T20190010982,2019-06-12,18:26:00,1,Collision with vehicle,3,Wednesday,140,U TURN,3,221419,T intersection,2,70,Arterial Other,SYDNEY,HUME,-37.67071,144.95552,2019,6,June,18,Afternoon Peak,Weekday
T20190010984,2019-06-12,15:00:00,6,Vehicle overturned (no collision),3,Wednesday,174,OUT OF CONTROL ON CARRIAGEWAY (ON STRAIGHT),1,626,Cross intersection,3,70,Arterial Highway,SPRINGVALE,MONASH,-37.874386,145.16681,2019,6,June,15,Afternoon Peak,Weekday
T20190010985,2019-06-12,22:15:00,4,Collision with a fixed object,3,Wednesday,171,LEFT OFF CARRIAGEWAY INTO OBJECT/PARKED VEHICLE,3,589721,Not at intersection,2,50,Local Road,TURNBULL,MORNINGTON PENINSULA,-38.22567,145.03801,2019,6,June,22,Night,Weekday
T20190010986,2019-06-12,06:15:00,1,Collision with vehicle,3,Wednesday,113,RIGHT NEAR (INTERSECTIONS ONLY),2,38607,T intersection,2,80,Arterial Highway,GEELONG,MARIBYRNONG,-37.81335,144.86148,2019,6,June,6,Morning Peak,Weekday
T20190010988,2019-06-12,23:00:00,1,Collision with vehicle,3,Wednesday,163,VEHICLE STRIKES DOOR OF PARKED/STATIONARY VEHICLE,3,74881,Not at intersection,3,40,Local Road,SWANSTON,MELBOURNE,-37.815998,144.96677,2019,6,June,23,Night,Weekday
T20190010992,2019-06-12,22:31:00,5,collision with some other object,3,Wednesday,171,LEFT OFF CARRIAGEWAY INTO OBJECT/PARKED VEHICLE,5,346122,Not at intersection,2,100,Arterial Other,TOOLAMBA,SHEPPARTON,-36.44447,145.32988,2019,6,June,22,Night,Weekday
T20190011000,2019-06-12,15:15:00,2,Struck Pedestrian,3,Wednesday,101,PED EMERGES FROM IN FRONT OF PARKED OR STATIONARY VEHICLE,1,346111,Not at intersection,3,50,Local Road,FRANKLIN,MOORABOOL,-37.68554,144.43039,2019,6,June,15,Afternoon Peak,Weekday
T20190011003,2019-06-12,14:30:00,1,Collision with vehicle,3,Wednesday,120,HEAD ON (NOT OVERTAKING),1,583691,Not at intersection,3,100,Local Road,UNNAMED,WODONGA,-36.05116,146.74335,2019,6,June,14,Midday,Weekday
T20190011014,2019-06-12,14:15:00,1,Collision with vehicle,3,Wednesday,175,OFF END OF ROAD/T-INTERSECTION.,1,49213,T intersection,2,60,Arterial Other,MARY,WELLINGTON,-37.979286,146.79059,2019,6,June,14,Midday,Weekday
T20190017137,2019-06-12,09:15:00,1,Collision with vehicle,3,Wednesday,121,RIGHT THROUGH,1,585606,Y intersection,3,60,Arterial Other,KOO WEE RUP-LONGWARRY,CARDINIA,-38.17777,145.5705,2019,6,June,9,Morning Peak,Weekday
T20190011081,2019-06-12,09:20:00,1,Collision with vehicle,3,Wednesday,137,LEFT TURN SIDESWIPE,1,346644,Cross intersection,3,80,Arterial Highway,WARRIGAL,KINGSTON,-37.936817,145.08003,2019,6,June,9,Morning Peak,Weekday
T20190011080,2019-06-12,17:00:00,4,Collision with a fixed object,3,Wednesday,171,LEFT OFF CARRIAGEWAY INTO OBJECT/PARKED VEHICLE,2,347454,Not at intersection,2,60,Local Road,WHEELER,SHEPPARTON,-36.37292,145.41966,2019,6,June,17,Afternoon Peak,Weekday
T20190011256,2019-06-12,14:30:00,8,No collision and no object struck,3,Wednesday,174,OUT OF CONTROL ON CARRIAGEWAY (ON STRAIGHT),1,346233,Not at intersection,3,100,Arterial Highway,PRINCES,SURF COAST,-38.21257,144.21284,2019,6,June,14,Midday,Weekday
T20190011310,2019-06-12,00:30:00,1,Collision with vehicle,3,Wednesday,173,RIGHT OFF CARRIAGEWAY INTO OBJECT/PARKED VEHICLE,3,350918,Not at intersection,2,80,Arterial Other,BALLARAT,BRIMBANK,-37.771572,144.7863,2019,6,June,0,Late Night,Weekday
T20190018435,2019-06-12,20:30:00,8,No collision and no object struck,3,Wednesday,174,OUT OF CONTROL ON CARRIAGEWAY (ON STRAIGHT),3,36992,Cross intersection,3,40,Freeway,BATMAN,MELBOURNE,-37.81601,144.97238,2019,6,June,20,Night,Weekday
T20190011611,2019-06-12,15:22:00,2,Struck Pedestrian,3,Wednesday,100,PED NEAR SIDE. PED HIT BY VEHICLE FROM THE RIGHT.,1,582536,T intersection,3,60,Local Road,COLCHESTER,MAROONDAH,-37.82278,145.30405,2019,6,June,15,Afternoon Peak,Weekday
T20190012190,2019-06-12,17:30:00,1,Collision with vehicle,3,Wednesday,130,REAR END(VEHICLES IN SAME LANE),2,221383,Cross intersection,3,100,Arterial Other,HUME HIGHWAY -SYDNEY,HUME,-37.643353,144.95146,2019,6,June,17,Afternoon Peak,Weekday
T20190010924,2019-06-12,03:20:00,8,No collision and no object struck,3,Wednesday,174,OUT OF CONTROL ON CARRIAGEWAY (ON STRAIGHT),3,47296,Cross intersection,3,60,Local Road,DAVID MUNROE,HUME,-37.63679,144.93259,2019,6,June,3,Late Night,Weekday
T20190010925,2019-06-12,04:29:00,1,Collision with vehicle,3,Wednesday,148,VEHICLE OFF FOOTPATH STRIKES VEH ON CARRIAGEWAY,3,29423,Cross intersection,3,40,Local Road,ELIZABETH,MELBOURNE,-37.813267,144.9627,2019,6,June,4,Late Night,Weekday
T20190010933,2019-06-12,07:20:00,4,Collision with a fixed object,3,Wednesday,171,LEFT OFF CARRIAGEWAY INTO OBJECT/PARKED VEHICLE,1,346321,Not at intersection,3,60,Local Road,STINTONS,MANNINGHAM,-37.77249,145.20209,2019,6,June,7,Morning Peak,Weekday
T20190010934,2019-06-12,07:52:00,1,Collision with vehicle,3,Wednesday,133,LANE SIDE SWIPE (VEHICLES IN PARALLEL LANES),1,285957,Not at intersection,3,80,Freeway,BOUNDARY,BRIMBANK,-37.8152,144.80806,2019,6,June,7,Morning Peak,Weekday
T20190010941,2019-06-12,08:55:00,1,Collision with vehicle,3,Wednesday,121,RIGHT THROUGH,1,10093,Cross intersection,3,60,Freeway,MORELAND,MORELAND,-37.752144,144.93607,2019,6,June,8,Morning Peak,Weekday
T20190010942,2019-06-12,08:43:00,1,Collision with vehicle,3,Wednesday,110,CROSS TRAFFIC(INTERSECTIONS ONLY),1,45873,Cross intersection,2,40,Arterial Other,ST GEORGES,YARRA,-37.785667,144.98181,2019,6,June,8,Morning Peak,Weekday
T20190010943,2019-06-12,09:48:00,1,Collision with vehicle,3,Wednesday,121,RIGHT THROUGH,1,40822,T intersection,2,80,Arterial Highway,SPRINGVALE,WHITEHORSE,-37.842903,145.17117,2019,6,June,9,Morning Peak,Weekday
T20190010945,2019-06-12,09:26:00,1,Collision with vehicle,3,Wednesday,130,REAR END(VEHICLES IN SAME LANE),1,620498,Not at intersection,3,60,Arterial Other,HOTHAM,PORT PHILLIP,-37.859306,145.00131,2019,6,June,9,Morning Peak,Weekday
T20190010946,2019-06-12,07:35:00,1,Collision with vehicle,3,Wednesday,130,REAR END(VEHICLES IN SAME LANE),1,346112,Not at intersection,3,100,Freeway,HUME,WHITTLESEA,-37.67308,144.98282,2019,6,June,7,Morning Peak,Weekday
T20190010952,2019-06-12,09:01:00,1,Collision with vehicle,3,Wednesday,130,REAR END(VEHICLES IN SAME LANE),1,579949,Not at intersection,2,90,Arterial Highway,WARBURTON,YARRA RANGES,-37.776188,145.4834,2019,6,June,9,Morning Peak,Weekday
T20190010954,2019-06-12,12:30:00,1,Collision with vehicle,3,Wednesday,121,RIGHT THROUGH,1,40800,Cross intersection,3,80,Arterial Highway,BURWOOD,WHITEHORSE,-37.854237,145.16295,2019,6,June,12,Midday,Weekday
T20190010955,2019-06-12,06:15:00,2,Struck Pedestrian,3,Wednesday,105,PED WALKING AGAINST TRAFFIC.,5,653539,Not at intersection,2,100,Arterial Other,MAFFRA-BRIAGOLONG,WELLINGTON,-37.949394,146.9883,2019,6,June,6,Morning Peak,Weekday
T20190010958,2019-06-12,14:20:00,1,Collision with vehicle,3,Wednesday,132,RIGHT REAR.,1,44670,T intersection,2,60,Arterial Highway,ROSANNA,BANYULE,-37.740517,145.07393,2019,6,June,14,Midday,Weekday
T20190010959,2019-06-12,10:45:00,1,Collision with vehicle,3,Wednesday,113,RIGHT NEAR (INTERSECTIONS ONLY),1,49666,T intersection,2,60,Local Road,HENDY,GEELONG,-38.07503,144.36592,2019,6,June,10,Midday,Weekday
T20190010996,2019-06-13,06:50:00,1,Collision with vehicle,4,Thursday,113,RIGHT NEAR (INTERSECTIONS ONLY),3,346318,T intersection,2,50,Local Road,ATKINSON,MONASH,-37.888992,145.09436,2019,6,June,6,Morning Peak,Weekday
T20190011061,2019-06-13,22:30:00,2,Struck Pedestrian,4,Thursday,100,PED NEAR SIDE. PED HIT BY VEHICLE FROM THE RIGHT.,3,346127,Cross intersection,2,60,Arterial Highway,WARRIGAL,BOROONDARA,-37.86601,145.09277,2019,6,June,22,Night,Weekday
T20190011040,2019-06-13,15:30:00,1,Collision with vehicle,4,Thursday,147,VEHICLE STRIKES ANOTHER VEH WHILE EMERGING FROM DRIVEWAY,1,346181,Not at intersection,2,60,Local Road,SWIFT,DANDENONG,-38.03457,145.2108,2019,6,June,15,Afternoon Peak,Weekday
T20190011058,2019-06-13,19:05:00,2,Struck Pedestrian,4,Thursday,102,FAR SIDE. PED HIT BY VEHICLE FROM THE LEFT,3,42084,Cross intersection,2,60,Local Road,EARLSFIELD,BAYSIDE,-37.934612,145.01657,2019,6,June,19,Night,Weekday
T20190011054,2019-06-13,12:35:00,1,Collision with vehicle,4,Thursday,110,CROSS TRAFFIC(INTERSECTIONS ONLY),1,540,Cross intersection,3,60,Arterial Other,MOUNT DANDENONG TOURIST,YARRA RANGES,-37.814304,145.35237,2019,6,June,12,Midday,Weekday
T20190011045,2019-06-13,17:41:00,1,Collision with vehicle,4,Thursday,113,RIGHT NEAR (INTERSECTIONS ONLY),6,50035,T intersection,3,60,Arterial Other,WEST FYANS,GEELONG,-38.15903,144.33997,2019,6,June,17,Afternoon Peak,Weekday
T20190011046,2019-06-13,17:30:00,1,Collision with vehicle,4,Thursday,130,REAR END(VEHICLES IN SAME LANE),3,346143,Not at intersection,3,60,Arterial Other,HASTINGS,FRANKSTON,-38.15326,145.13281,2019,6,June,17,Afternoon Peak,Weekday
T20190011016,2019-06-13,10:45:00,8,No collision and no object struck,4,Thursday,170,OFF CARRIAGEWAY TO LEFT,1,350546,T intersection,3,50,Local Road,TYNTYNDER,FRANKSTON,-38.109745,145.18883,2019,6,June,10,Midday,Weekday
T20190011047,2019-06-13,18:00:00,1,Collision with vehicle,4,Thursday,130,REAR END(VEHICLES IN SAME LANE),3,346235,Cross intersection,2,60,Arterial Highway,HERTFORD,BALLARAT,-37.586178,143.83376,2019,6,June,18,Afternoon Peak,Weekday
T20190011010,2019-06-13,10:15:00,1,Collision with vehicle,4,Thursday,113,RIGHT NEAR (INTERSECTIONS ONLY),1,346627,T intersection,2,60,Arterial Other,MITCHELL,CAMPASPE,-36.590305,144.79976,2019,6,June,10,Midday,Weekday