ACCIDENT_NO,ACCIDENT_DATE,ACCIDENT_TIME,ACCIDENT_TYPE,ACCIDENT_TYPE_DESC,DAY_OF_WEEK,DAY_WEEK_DESC,DCA_CODE,DCA_DESC,LIGHT_CONDITION,NODE_ID,ROAD_GEOMETRY_DESC,SEVERITY,SPEED_ZONE,RMA,ROAD_NAME,LGA_NAME,LATITUDE,LONGITUDE,YEAR,MONTH,MONTH_NAME,HOUR,TIME_PERIOD,DAY_TYPE
T20190011009,2019-06-13,09:35:00,1,Collision with vehicle,4,Thursday,130,REAR END(VEHICLES IN SAME LANE),1,600392,Not at intersection,3,100,Freeway,WESTERN RING IN-BOUNDARY,BRIMBANK,-37.81267,144.80832,2019,6,June,9,Morning Peak,Weekday
T20190011039,2019-06-13,16:49:00,1,Collision with vehicle,4,Thursday,130,REAR END(VEHICLES IN SAME LANE),2,346616,Cross intersection,2,80,Freeway,PRINCES,CASEY,-38.02835,145.32202,2019,6,June,16,Afternoon Peak,Weekday
T20190011048,2019-06-13,17:40:00,1,Collision with vehicle,4,Thursday,121,RIGHT THROUGH,3,606687,T intersection,3,60,Local Road,ROSAMOND,MARIBYRNONG,-37.770473,144.88646,2019,6,June,17,Afternoon Peak,Weekday
T20190011007,2019-06-13,09:30:00,4,Collision with a fixed object,4,Thursday,171,LEFT OFF CARRIAGEWAY INTO OBJECT/PARKED VEHICLE,1,594181,Not at intersection,2,60,Arterial Highway,BRIDGE,BENALLA,-36.556053,145.97043,2019,6,June,9,Morning Peak,Weekday
T20190011029,2019-06-13,12:10:00,1,Collision with vehicle,4,Thursday,132,RIGHT REAR.,1,43864,T intersection,3,60,Local Road,OSHEA,CASEY,-38.062313,145.3568,2019,6,June,12,Midday,Weekday
T20190011027,2019-06-13,13:51:00,1,Collision with vehicle,4,Thursday,160,VEHICLE COLLIDES WITH VEHICLE PARKED ON LEFT OF ROAD,1,345845,T intersection,3,50,Local Road,MIRLS,HOBSONS BAY,-37.84445,144.87949,2019,6,June,13,Midday,Weekday
T20190011050,2019-06-13,18:13:00,1,Collision with vehicle,4,Thursday,130,REAR END(VEHICLES IN SAME LANE),3,275622,T intersection,3,60,Arterial Other,MURRAY,DAREBIN,-37.73643,144.98901,2019,6,June,18,Afternoon Peak,Weekday
T20190011025,2019-06-13,08:30:00,4,Collision with a fixed object,4,Thursday,183,OFF LEFT BEND INTO OBJECT/PARKED VEHICLE,1,360556,Cross intersection,2,100,Local Road,OLD WHROO,SHEPPARTON,-36.6267,145.16832,2019,6,June,8,Morning Peak,Weekday
T20190011308,2019-06-13,16:12:00,1,Collision with vehicle,4,Thursday,130,REAR END(VEHICLES IN SAME LANE),1,582109,Cross intersection,3,50,Local Road,WICKFORD,WYNDHAM,-37.839584,144.67575,2019,6,June,16,Afternoon Peak,Weekday
T20190011051,2019-06-13,18:11:00,1,Collision with vehicle,4,Thursday,116,LEFT NEAR (INTERSECTIONS ONLY),3,29671,T intersection,3,60,Arterial Other,JELLS,MONASH,-37.91363,145.18784,2019,6,June,18,Afternoon Peak,Weekday
T20190011179,2019-06-13,20:30:00,2,Struck Pedestrian,4,Thursday,102,FAR SIDE. PED HIT BY VEHICLE FROM THE LEFT,3,40202,Cross intersection,3,60,Arterial Other,BALACLAVA,GLEN EIRA,-37.87066,145.0086,2019,6,June,20,Night,Weekday
T20190012764,2019-06-13,18:30:00,1,Collision with vehicle,4,Thursday,130,REAR END(VEHICLES IN SAME LANE),3,42706,T intersection,3,60,Local Road,PARK,BAYSIDE,-37.963165,145.03738,2019,6,June,18,Afternoon Peak,Weekday
T20190011064,2019-06-13,20:00:00,1,Collision with vehicle,4,Thursday,121,RIGHT THROUGH,1,56625,Cross intersection,3,60,Local Road,LEAKES,WYNDHAM,-37.83203,144.67287,2019,6,June,20,Night,Weekday
T20190011043,2019-06-13,17:35:00,1,Collision with vehicle,4,Thursday,132,RIGHT REAR.,5,244234,Cross intersection,3,80,Arterial Highway,CALDER,BENDIGO,-36.742226,144.20416,2019,6,June,17,Afternoon Peak,Weekday
T20190011297,2019-06-13,10:00:00,2,Struck Pedestrian,4,Thursday,102,FAR SIDE. PED HIT BY VEHICLE FROM THE LEFT,1,346333,Not at intersection,3,40,Local Road,FRYERS,SHEPPARTON,-36.379406,145.40244,2019,6,June,10,Midday,Weekday
T20190011063,2019-06-13,19:05:00,2,Struck Pedestrian,4,Thursday,101,PED EMERGES FROM IN FRONT OF PARKED OR STATIONARY VEHICLE,3,347476,Not at intersection,3,40,Local Road,FARADAY,MELBOURNE,-37.798733,144.9678,2019,6,June,19,Night,Weekday
T20190010995,2019-06-13,07:33:00,1,Collision with vehicle,4,Thursday,110,CROSS TRAFFIC(INTERSECTIONS ONLY),1,42520,Cross intersection,2,60,Arterial Other,GAFFNEY,MORELAND,-37.732513,144.94955,2019,6,June,7,Morning Peak,Weekday
T20190010994,2019-06-13,07:15:00,3,Struck animal,4,Thursday,167,STRUCK ANIMAL,2,346326,Not at intersection,2,100,Arterial Other,SEYMOUR-TOOBORAC,MITCHELL,-37.029495,145.07549,2019,6,June,7,Morning Peak,Weekday
T20190011042,2019-06-13,17:15:00,8,No collision and no object struck,4,Thursday,121,RIGHT THROUGH,3,987,T intersection,2,70,Arterial Other,HIGH,CASEY,-38.04083,145.36223,2019,6,June,17,Afternoon Peak,Weekday
T20190011062,2019-06-13,13:30:00,4,Collision with a fixed object,4,Thursday,173,RIGHT OFF CARRIAGEWAY INTO OBJECT/PARKED VEHICLE,1,346096,Not at intersection,1,100,Arterial Other,BENDIGO-MURCHISON,CAMPASPE,-36.596756,144.83339,2019,6,June,13,Midday,Weekday
T20190011093,2019-06-14,14:30:00,1,Collision with vehicle,5,Friday,113,RIGHT NEAR (INTERSECTIONS ONLY),1,65676,T intersection,3,50,Local Road,GORDON,BOROONDARA,-37.80906,145.07959,2019,6,June,14,Midday,Weekday
T20190011100,2019-06-14,14:38:00,1,Collision with vehicle,5,Friday,140,U TURN,1,56015,T intersection,2,50,Arterial Highway,SOUTH GIPPSLAND,CASEY,-38.05483,145.2606,2019,6,June,14,Midday,Weekday
T20190011102,2019-06-14,15:50:00,6,Vehicle overturned (no collision),5,Friday,174,OUT OF CONTROL ON CARRIAGEWAY (ON STRAIGHT),1,49316,Cross intersection,2,60,Arterial Other,BRIDGE,BENDIGO,-36.752598,144.28369,2019,6,June,15,Afternoon Peak,Weekday
T20190011104,2019-06-14,15:00:00,4,Collision with a fixed object,5,Friday,171,LEFT OFF CARRIAGEWAY INTO OBJECT/PARKED VEHICLE,1,596613,Not at intersection,2,50,Local Road,ELIZABETH,SHEPPARTON,-36.388714,145.3597,2019,6,June,15,Afternoon Peak,Weekday
T20190011106,2019-06-14,17:52:00,1,Collision with vehicle,5,Friday,122,LEFT THROUGH,3,593268,Cross intersection,3,60,Local Road,HIGH,BOROONDARA,-37.79938,145.05061,2019,6,June,17,Afternoon Peak,Weekday
T20190011108,2019-06-14,16:00:00,8,No collision and no object struck,5,Friday,180,OFF CARRIAGEWAY ON RIGHT BEND,1,346213,Not at intersection,2,100,Local Road,SOUTH BOUNDARY,WELLINGTON,-38.24411,146.8362,2019,6,June,16,Afternoon Peak,Weekday
T20190011111,2019-06-14,16:29:00,1,Collision with vehicle,5,Friday,113,RIGHT NEAR (INTERSECTIONS ONLY),2,347433,T intersection,3,80,Arterial Highway,GREAT OCEAN,CORANGAMITE,-38.615223,142.91756,2019,6,June,16,Afternoon Peak,Weekday
T20190011112,2019-06-14,17:05:00,1,Collision with vehicle,5,Friday,133,LANE SIDE SWIPE (VEHICLES IN PARALLEL LANES),2,346174,Not at intersection,3,100,Arterial Highway,DANDENONG-HASTINGS,FRANKSTON,-38.09863,145.23521,2019,6,June,17,Afternoon Peak,Weekday
T20190011117,2019-06-14,18:20:00,2,Struck Pedestrian,5,Friday,102,FAR SIDE. PED HIT BY VEHICLE FROM THE LEFT,3,346198,Not at intersection,2,60,Arterial Other,HIGH,BOROONDARA,-37.86445,145.08817,2019,6,June,18,Afternoon Peak,Weekday
T20190011118,2019-06-14,17:35:00,2,Struck Pedestrian,5,Friday,100,PED NEAR SIDE. PED HIT BY VEHICLE FROM THE RIGHT.,3,41804,T intersection,3,80,Arterial Other,FERNTREE GULLY,MONASH,-37.90373,145.1638,2019,6,June,17,Afternoon Peak,Weekday
T20190011120,2019-06-14,16:45:00,1,Collision with vehicle,5,Friday,113,RIGHT NEAR (INTERSECTIONS ONLY),2,60553,T intersection,2,100,Arterial Other,MELBOURNE-LANCEFIELD,MACEDON RANGES,-37.433407,144.74652,2019,6,June,16,Afternoon Peak,Weekday
T20190011122,2019-06-14,17:35:00,1,Collision with vehicle,5,Friday,130,REAR END(VEHICLES IN SAME LANE),2,346582,Not at intersection,3,60,Arterial Other,CIVIC,HOBSONS BAY,-37.862988,144.81699,2019,6,June,17,Afternoon Peak,Weekday
T20190011129,2019-06-14,18:05:00,1,Collision with vehicle,5,Friday,121,RIGHT THROUGH,3,42243,T intersection,2,60,Arterial Other,WICKHAM,KINGSTON,-37.947247,145.0591,2019,6,June,18,Afternoon Peak,Weekday
T20190011131,2019-06-14,19:00:00,1,Collision with vehicle,5,Friday,160,VEHICLE COLLIDES WITH VEHICLE PARKED ON LEFT OF ROAD,3,659111,Not at intersection,2,60,Arterial Other,HUNTINGDALE,MONASH,-37.924847,145.10098,2019,6,June,19,Night,Weekday
T20190011191,2019-06-14,16:10:00,1,Collision with vehicle,5,Friday,132,RIGHT REAR.,1,57435,T intersection,3,60,Local Road,ABRAHAM,MAROONDAH,-37.78854,145.30144,2019,6,June,16,Afternoon Peak,Weekday
T20190011795,2019-06-14,19:00:00,6,Vehicle overturned (no collision),5,Friday,174,OUT OF CONTROL ON CARRIAGEWAY (ON STRAIGHT),3,346532,Not at intersection,3,60,Arterial Other,MALVERN,STONNINGTON,-37.85297,145.04019,2019,6,June,19,Night,Weekday
T20190011157,2019-06-14,17:07:00,2,Struck Pedestrian,5,Friday,102,FAR SIDE. PED HIT BY VEHICLE FROM THE LEFT,3,934,Cross intersection,3,60,Arterial Highway,NEPEAN,FRANKSTON,-38.142956,145.12123,2019,6,June,17,Afternoon Peak,Weekday
T20190019809,2019-06-14,17:50:00,1,Collision with vehicle,5,Friday,130,REAR END(VEHICLES IN SAME LANE),3,600472,Not at intersection,3,70,Arterial Other,HIGH STREET,MONASH,-37.876442,145.18571,2019,6,June,17,Afternoon Peak,Weekday
T20190011128,2019-06-14,17:30:00,1,Collision with vehicle,5,Friday,120,HEAD ON (NOT OVERTAKING),5,581630,Not at intersection,2,100,Arterial Highway,BELLARINE,GEELONG,-38.257427,144.60213,2019,6,June,17,Afternoon Peak,Weekday
T20190011203,2019-06-14,17:30:00,8,No collision and no object struck,5,Friday,174,OUT OF CONTROL ON CARRIAGEWAY (ON STRAIGHT),3,346211,Not at intersection,3,40,Local Road,DOMAIN,MELBOURNE,-37.834007,144.98145,2019,6,June,17,Afternoon Peak,Weekday
T20190011936,2019-06-14,08:00:00,3,Struck animal,5,Friday,167,STRUCK ANIMAL,9,346705,Not at intersection,3,100,Arterial Other,BENDIGO-PYRAMID,BENDIGO,-36.686703,144.22572,2019,6,June,8,Morning Peak,Weekday
T20190011083,2019-06-14,09:45:00,8,No collision and no object struck,5,Friday,174,OUT OF CONTROL ON CARRIAGEWAY (ON STRAIGHT),1,51833,Cross intersection,3,50,Local Road,EBDEN,MACEDON RANGES,-37.24556,144.45135,2019,6,June,9,Morning Peak,Weekday
T20190011510,2019-06-14,17:20:00,1,Collision with vehicle,5,Friday,110,CROSS TRAFFIC(INTERSECTIONS ONLY),3,39385,Cross intersection,3,60,Arterial Other,MIDDLEBOROUGH,WHITEHORSE,-37.803226,145.14163,2019,6,June,17,Afternoon Peak,Weekday
T20190015546,2019-06-14,12:20:00,1,Collision with vehicle,5,Friday,134,LANE CHANGE RIGHT (NOT OVERTAKING),9,593278,Not at intersection,3,60,Arterial Highway,WARRIGAL,MONASH,-37.880787,145.09067,2019,6,June,12,Midday,Weekday
T20190011066,2019-06-14,02:00:00,4,Collision with a fixed object,5,Friday,173,RIGHT OFF CARRIAGEWAY INTO OBJECT/PARKED VEHICLE,3,655271,T intersection,2,100,Arterial Other,PRINCES,CARDINIA,-38.067665,145.55922,2019,6,June,2,Late Night,Weekday
T20190011073,2019-06-14,04:30:00,4,Collision with a fixed object,5,Friday,171,LEFT OFF CARRIAGEWAY INTO OBJECT/PARKED VEHICLE,5,596352,Not at intersection,2,80,Arterial Other,LOWTHER,MOUNT ALEXANDER,-36.986412,144.06946,2019,6,June,4,Late Night,Weekday
T20190011078,2019-06-14,09:15:00,2,Struck Pedestrian,5,Friday,100,PED NEAR SIDE. PED HIT BY VEHICLE FROM THE RIGHT.,1,29600,Cross intersection,3,60,Arterial Other,HIGH,STONNINGTON,-37.853092,145.00244,2019,6,June,9,Morning Peak,Weekday
T20190011180,2019-06-14,17:40:00,2,Struck Pedestrian,5,Friday,100,PED NEAR SIDE. PED HIT BY VEHICLE FROM THE RIGHT.,3,593270,Cross intersection,2,60,Arterial Other,BALACLAVA,GLEN EIRA,-37.872646,145.02457,2019,6,June,17,Afternoon Peak,Weekday
T20190011136,2019-06-15,01:15:00,4,Collision with a fixed object,6,Saturday,175,OFF END OF ROAD/T-INTERSECTION.,3,360351,T intersection,3,90,Arterial Other,BALDRYS,MORNINGTON PENINSULA,-38.43132,144.97258,2019,6,June,1,Late Night,Weekend
T20190011141,2019-06-15,08:00:00,1,Collision with vehicle,6,Saturday,121,RIGHT THROUGH,1,35331,Cross intersection,3,50,Arterial Highway,GREENSBOROUGH,BANYULE,-37.70317,145.08983,2019,6,June,8,Morning Peak,Weekend
T20190011146,2019-06-15,09:33:00,1,Collision with vehicle,6,Saturday,130,REAR END(VEHICLES IN SAME LANE),1,360532,Not at intersection,2,80,Arterial Highway,FRANKSTON-DANDENONG,FRANKSTON,-38.104733,145.16846,2019,6,June,9,Morning Peak,Weekend
T20190011148,2019-06-15,08:05:00,1,Collision with vehicle,6,Saturday,160,VEHICLE COLLIDES WITH VEHICLE PARKED ON LEFT OF ROAD,1,346144,Not at intersection,2,50,Arterial Highway,COLLINGWOOD,COLAC OTWAY,-38.75555,143.66919,2019,6,June,8,Morning Peak,Weekend
T20190011161,2019-06-15,08:57:00,1,Collision with vehicle,6,Saturday,160,VEHICLE COLLIDES WITH VEHICLE PARKED ON LEFT OF ROAD,1,346819,Not at intersection,3,50,Local Road,MALCOLM,HUME,-37.672035,144.96883,2019,6,June,8,Morning Peak,Weekend
T20190011188,2019-06-15,08:30:00,4,Collision with a fixed object,6,Saturday,173,RIGHT OFF CARRIAGEWAY INTO OBJECT/PARKED VEHICLE,1,50109,Cross intersection,3,60,Arterial Other,BARRABOOL,GEELONG,-38.170933,144.31903,2019,6,June,8,Morning Peak,Weekend
T20190011201,2019-06-15,23:57:00,4,Collision with a fixed object,6,Saturday,173,RIGHT OFF CARRIAGEWAY INTO OBJECT/PARKED VEHICLE,5,598778,Not at intersection,2,100,Arterial Other,MARLO,EAST GIPPSLAND,-37.72135,148.48373,2019,6,June,23,Night,Weekend
T20190011186,2019-06-15,07:26:00,1,Collision with vehicle,6,Saturday,130,REAR END(VEHICLES IN SAME LANE),2,346447,Not at intersection,3,40,Arterial Other,SYDNEY,MORELAND,-37.75565,144.96408,2019,6,June,7,Morning Peak,Weekend
T20190011153,2019-06-15,12:44:00,1,Collision with vehicle,6,Saturday,148,VEHICLE OFF FOOTPATH STRIKES VEH ON CARRIAGEWAY,1,66527,T intersection,3,70,Arterial Other,BAYSWATER,MAROONDAH,-37.82977,145.26894,2019,6,June,12,Midday,Weekend
T20190011174,2019-06-15,15:39:00,2,Struck Pedestrian,6,Saturday,100,PED NEAR SIDE. PED HIT BY VEHICLE FROM THE RIGHT.,1,578946,Not at intersection,2,40,Local Road,COOKE,MONASH,-37.927757,145.11787,2019,6,June,15,Afternoon Peak,Weekend
T20190011170,2019-06-15,17:40:00,2,Struck Pedestrian,6,Saturday,100,PED NEAR SIDE. PED HIT BY VEHICLE FROM THE RIGHT.,3,615,Unknown,3,50,Arterial Other,CANTERBURY,WHITEHORSE,-37.83188,145.14839,2019,6,June,17,Afternoon Peak,Weekend
T20190011149,2019-06-15,09:25:00,4,Collision with a fixed object,6,Saturday,171,LEFT OFF CARRIAGEWAY INTO OBJECT/PARKED VEHICLE,1,291019,T intersection,3,80,Arterial Highway,DECOR,CASEY,-38.005005,145.26407,2019,6,June,9,Morning Peak,Weekend
T20190011168,2019-06-15,16:40:00,1,Collision with vehicle,6,Saturday,130,REAR END(VEHICLES IN SAME LANE),1,346197,Not at intersection,3,80,Arterial Highway,BURWOOD,WHITEHORSE,-37.85277,145.15213,2019,6,June,16,Afternoon Peak,Weekend
T20190011167,2019-06-15,15:30:00,1,Collision with vehicle,6,Saturday,130,REAR END(VEHICLES IN SAME LANE),1,238627,Multiple intersection,3,100,Freeway,EASTERN,WHITEHORSE,-37.800686,145.15477,2019,6,June,15,Afternoon Peak,Weekend
T20190011757,2019-06-15,13:00:00,1,Collision with vehicle,6,Saturday,113,RIGHT NEAR (INTERSECTIONS ONLY),1,52261,T intersection,3,60,Local Road,CHESTNUT,LATROBE,-38.23124,146.43199,2019,6,June,13,Midday,Weekend
T20190011155,2019-06-15,13:50:00,2,Struck Pedestrian,6,Saturday,101,PED EMERGES FROM IN FRONT OF PARKED OR STATIONARY VEHICLE,1,346279,T intersection,2,60,Arterial Other,DALTON,WHITTLESEA,-37.67426,145.03104,2019,6,June,13,Midday,Weekend
T20190011159,2019-06-15,11:50:00,4,Collision with a fixed object,6,Saturday,189,OTHER ACCIDENTS ON CURVE NOT INCLUDED IN DCAs 180-184,1,61526,Cross intersection,3,50,Local Road,GARDEN GROVE,WHITTLESEA,-37.674805,145.0544,2019,6,June,11,Midday,Weekend
T20190011403,2019-06-15,13:40:00,8,No collision and no object struck,6,Saturday,170,OFF CARRIAGEWAY TO LEFT,1,358991,Not at intersection,2,100,Local Road,WOOLSTHORPE-BALLANGEICH,MOYNE,-38.17212,142.52063,2019,6,June,13,Midday,Weekend
T20190011158,2019-06-15,14:11:00,1,Collision with vehicle,6,Saturday,113,RIGHT NEAR (INTERSECTIONS ONLY),1,56097,Cross intersection,2,60,Local Road,CRAIGIE,MORNINGTON PENINSULA,-38.255024,145.03114,2019,6,June,14,Midday,Weekend
T20190012751,2019-06-15,10:45:00,7,Fall from or in moving vehicle,6,Saturday,190,FELL IN/FROM VEHICLE,9,347032,Not at intersection,1,50,Local Road,BAILLIE,HORSHAM,-36.711693,142.2089,2019,6,June,10,Midday,Weekend
T20190011226,2019-06-16,21:47:00,1,Collision with vehicle,7,Sunday,160,VEHICLE COLLIDES WITH VEHICLE PARKED ON LEFT OF ROAD,3,346929,Not at intersection,2,50,Local Road,MCLOCHLAN,MONASH,-37.879295,145.11282,2019,6,June,21,Night,Weekend
T20190011232,2019-06-16,21:16:00,1,Collision with vehicle,7,Sunday,130,REAR END(VEHICLES IN SAME LANE),3,44312,Cross intersection,2,60,Arterial Other,LEAKES,WYNDHAM,-37.83944,144.74709,2019,6,June,21,Night,Weekend
T20190011224,2019-06-16,21:45:00,1,Collision with vehicle,7,Sunday,111,RIGHT FAR (INTERSECTIONS ONLY),3,223360,T intersection,2,60,Local Road,DIANNE,HUME,-37.596535,144.93768,2019,6,June,21,Night,Weekend
T20190011213,2019-06-16,13:38:00,4,Collision with a fixed object,7,Sunday,173,RIGHT OFF CARRIAGEWAY INTO OBJECT/PARKED VEHICLE,1,591380,Not at intersection,2,100,Arterial Other,ECHUCA-MITIAMO,CAMPASPE,-36.199047,144.45229,2019,6,June,13,Midday,Weekend
T20190011223,2019-06-16,16:22:00,1,Collision with vehicle,7,Sunday,110,CROSS TRAFFIC(INTERSECTIONS ONLY),1,45523,Cross intersection,1,80,Local Road,BOUNDARY,WYNDHAM,-37.800945,144.65945,2019,6,June,16,Afternoon Peak,Weekend
T20190011221,2019-06-16,17:42:00,1,Collision with vehicle,7,Sunday,169,OTHER ON PATH,3,585578,Not at intersection,3,50,Local Road,STEPHENSON,HOBSONS BAY,-37.832516,144.87439,2019,6,June,17,Afternoon Peak,Weekend
T20190011220,2019-06-16,17:37:00,4,Collision with a fixed object,7,Sunday,171,LEFT OFF CARRIAGEWAY INTO OBJECT/PARKED VEHICLE,2,348494,Not at intersection,2,50,Local Road,TAYLORS,KNOX,-37.90853,145.24767,2019,6,June,17,Afternoon Peak,Weekend
T20190011217,2019-06-16,16:30:00,8,No collision and no object struck,7,Sunday,172,OFF CARRIAGEWAY TO RIGHT,1,1015,Cross intersection,2,80,Arterial Other,CLYDE,CASEY,-38.05993,145.33846,2019,6,June,16,Afternoon Peak,Weekend
T20190011216,2019-06-16,17:40:00,1,Collision with vehicle,7,Sunday,160,VEHICLE COLLIDES WITH VEHICLE PARKED ON LEFT OF ROAD,3,346351,Not at intersection,2,60,Arterial Other,BLACKBURN,WHITEHORSE,-37.8428,145.15501,2019,6,June,17,Afternoon Peak,Weekend
T20190011209,2019-06-16,14:42:00,1,Collision with vehicle,7,Sunday,130,REAR END(VEHICLES IN SAME LANE),1,346203,Not at intersection,3,80,Freeway,TULLAMARINE,MOONEE VALLEY,-37.72741,144.89099,2019,6,June,14,Midday,Weekend
T20190011215,2019-06-16,15:55:00,6,Vehicle overturned (no collision),7,Sunday,174,OUT OF CONTROL ON CARRIAGEWAY (ON STRAIGHT),1,66958,T intersection,2,60,Arterial Other,TOORAK,STONNINGTON,-37.842514,145.02094,2019,6,June,15,Afternoon Peak,Weekend
T20190011192,2019-06-16,07:30:00,4,Collision with a fixed object,7,Sunday,181,OFF RIGHT BEND INTO OBJECT/PARKED VEHICLE,1,346766,Not at intersection,3,100,Arterial Other,WILLOW GROVE,BAW BAW,-38.09106,146.15717,2019,6,June,7,Morning Peak,Weekend
T20190011187,2019-06-16,06:15:00,2,Struck Pedestrian,7,Sunday,194,PARKED CAR RUN AWAY,2,346230,Not at intersection,2,50,Local Road,FRASER,KNOX,-37.877728,145.22841,2019,6,June,6,Morning Peak,Weekend
T20190011195,2019-06-16,11:10:00,1,Collision with vehicle,7,Sunday,113,RIGHT NEAR (INTERSECTIONS ONLY),1,346369,Cross intersection,3,50,Local Road,ST AIDANS,BENDIGO,-36.76496,144.30296,2019,6,June,11,Midday,Weekend
T20190011185,2019-06-16,00:00:00,2,Struck Pedestrian,7,Sunday,109,ANY MANOEUVRE INVOLVING PED NOT INCLUDED IN DCAs 100-108.,3,346168,Not at intersection,1,50,Local Road,HALL,MURRINDINDI,-37.19439,145.70111,2019,6,June,0,Late Night,Weekend
T20190011233,2019-06-16,20:00:00,1,Collision with vehicle,7,Sunday,121,RIGHT THROUGH,3,38744,Cross intersection,2,60,Arterial Other,BUCKLEY,MARIBYRNONG,-37.803257,144.8924,2019,6,June,20,Night,Weekend
T20190011210,2019-06-16,14:00:00,1,Collision with vehicle,7,Sunday,131,LEFT REAR,1,54453,Cross intersection,3,60,Arterial Other,CLARENDON,MELBOURNE,-37.825188,144.95697,2019,6,June,14,Midday,Weekend
T20190011272,2019-06-16,15:00:00,1,Collision with vehicle,7,Sunday,130,REAR END(VEHICLES IN SAME LANE),1,346272,Not at intersection,3,60,Arterial Highway,WARRIGAL,MONASH,-37.912,145.08481,2019,6,June,15,Afternoon Peak,Weekend
T20190011202,2019-06-16,10:22:00,4,Collision with a fixed object,7,Sunday,141,U TURN INTO FIXED OBJECT/PARKED VEHICLE,1,593540,Not at intersection,3,50,Local Road,FYANS,COLAC OTWAY,-38.333645,143.59114,2019,6,June,10,Midday,Weekend
T20190011309,2019-06-16,11:35:00,1,Collision with vehicle,7,Sunday,137,LEFT TURN SIDESWIPE,1,661122,Not at intersection,3,40,Arterial Other,MALVERN,STONNINGTON,-37.84924,145.01198,2019,6,June,11,Midday,Weekend
T20190011205,2019-06-16,11:10:00,1,Collision with vehicle,7,Sunday,121,RIGHT THROUGH,1,43078,Cross intersection,3,60,Arterial Highway,FOSTER,DANDENONG,-37.98862,145.21805,2019,6,June,11,Midday,Weekend
T20190011254,2019-06-17,13:06:00,1,Collision with vehicle,1,Monday,171,LEFT OFF CARRIAGEWAY INTO OBJECT/PARKED VEHICLE,1,596733,Not at intersection,3,80,Arterial Other,WILTSHIRE,BALLARAT,-37.570606,143.81017,2019,6,June,13,Midday,Weekday
T20190011255,2019-06-17,10:20:00,1,Collision with vehicle,1,Monday,121,RIGHT THROUGH,1,298053,Cross intersection,2,100,Arterial Other,CAPE OTWAY,SURF COAST,-38.23303,144.20502,2019,6,June,10,Midday,Weekday
T20190011258,2019-06-17,10:49:00,1,Collision with vehicle,1,Monday,140,U TURN,1,346232,Not at intersection,3,60,Local Road,BOND,MAROONDAH,-37.813988,145.22183,2019,6,June,10,Midday,Weekday
T20190011259,2019-06-17,08:30:00,1,Collision with vehicle,1,Monday,110,CROSS TRAFFIC(INTERSECTIONS ONLY),1,346221,Cross intersection,2,50,Local Road,BLACK,DAREBIN,-37.711155,145.01991,2019,6,June,8,Morning Peak,Weekday
T20190011263,2019-06-17,11:20:00,1,Collision with vehicle,1,Monday,135,LANE CHANGE LEFT (NOT OVERTAKING),1,146332,Not at intersection,3,60,Arterial Other,COOPER,WHITTLESEA,-37.65145,145.01892,2019,6,June,11,Midday,Weekday
T20190011265,2019-06-17,08:33:00,1,Collision with vehicle,1,Monday,135,LANE CHANGE LEFT (NOT OVERTAKING),1,347222,Not at intersection,3,60,Freeway,BURNLEY,MELBOURNE,-37.82717,144.96306,2019,6,June,8,Morning Peak,Weekday
T20190011238,2019-06-17,06:03:00,1,Collision with vehicle,1,Monday,113,RIGHT NEAR (INTERSECTIONS ONLY),2,583422,Cross intersection,2,80,Arterial Other,MASCOMA,MOONEE VALLEY,-37.711113,144.88878,2019,6,June,6,Morning Peak,Weekday
T20190011240,2019-06-17,07:09:00,1,Collision with vehicle,1,Monday,121,RIGHT THROUGH,3,262554,Cross intersection,2,80,Arterial Highway,BELLARINE,GEELONG,-38.24187,144.5726,2019,6,June,7,Morning Peak,Weekday
T20190011243,2019-06-17,07:55:00,1,Collision with vehicle,1,Monday,130,REAR END(VEHICLES IN SAME LANE),1,596732,Not at intersection,3,80,Arterial Highway,MIDLAND,MOUNT ALEXANDER,-37.010777,144.24544,2019,6,June,7,Morning Peak,Weekday
T20190011248,2019-06-17,12:15:00,2,Struck Pedestrian,1,Monday,102,FAR SIDE. PED HIT BY VEHICLE FROM THE LEFT,1,346526,Not at intersection,3,50,Local Road,HIGH,CENTRAL GOLDFIELDS,-37.04774,143.73639,2019,6,June,12,Midday,Weekday
T20190011252,2019-06-17,08:50:00,1,Collision with vehicle,1,Monday,121,RIGHT THROUGH,1,52583,Cross intersection,2,50,Arterial Highway,INKERMAN,NORTHERN GRAMPIANS,-36.61672,143.25829,2019,6,June,8,Morning Peak,Weekday
T20190015048,2019-06-17,13:00:00,1,Collision with vehicle,1,Monday,123,RIGHT/LEFT. ONE VEH TURNING RIGHT THE OTHER LEFT.,1,360585,Not at intersection,3,80,Arterial Other,SPRINGVALE,MANNINGHAM,-37.80304,145.17804,2019,6,June,13,Midday,Weekday
T20190017138,2019-06-17,11:00:00,1,Collision with vehicle,1,Monday,130,REAR END(VEHICLES IN SAME LANE),1,611297,Not at intersection,3,60,Arterial Other,HEATHS,WYNDHAM,-37.879517,144.7014,2019,6,June,11,Midday,Weekday
T20190011271,2019-06-17,15:12:00,2,Struck Pedestrian,1,Monday,102,FAR SIDE. PED HIT BY VEHICLE FROM THE LEFT,1,57789,T intersection,2,60,Arterial Other,CHANDLER,DANDENONG,-37.97417,145.18573,2019,6,June,15,Afternoon Peak,Weekday
T20190011278,2019-06-17,18:26:00,1,Collision with vehicle,1,Monday,120,HEAD ON (NOT OVERTAKING),5,589983,Not at intersection,2,100,Arterial Highway,DANDENONG-HASTINGS,FRANKSTON,-38.174072,145.22076,2019,6,June,18,Afternoon Peak,Weekday
T20190011267,2019-06-17,14:15:00,4,Collision with a fixed object,1,Monday,181,OFF RIGHT BEND INTO OBJECT/PARKED VEHICLE,1,346327,Not at intersection,2,80,Arterial Highway,SOUTH GIPPSLAND,SOUTH GIPPSLAND,-38.558666,145.95001,2019,6,June,14,Midday,Weekday