ACCIDENT_NO,ACCIDENT_DATE,ACCIDENT_TIME,ACCIDENT_TYPE,ACCIDENT_TYPE_DESC,DAY_OF_WEEK,DAY_WEEK_DESC,DCA_CODE,DCA_DESC,LIGHT_CONDITION,NODE_ID,ROAD_GEOMETRY_DESC,SEVERITY,SPEED_ZONE,RMA,ROAD_NAME,LGA_NAME,LATITUDE,LONGITUDE,YEAR,MONTH,MONTH_NAME,HOUR,TIME_PERIOD,DAY_TYPE
T20190011253,2019-06-17,08:54:00,4,Collision with a fixed object,1,Monday,171,LEFT OFF CARRIAGEWAY INTO OBJECT/PARKED VEHICLE,1,346224,Not at intersection,2,80,Local Road,TARLETONS,MELTON,-37.70079,144.68631,2019,6,June,8,Morning Peak,Weekday
T20190011281,2019-06-17,17:30:00,1,Collision with vehicle,1,Monday,130,REAR END(VEHICLES IN SAME LANE),2,346457,Not at intersection,3,60,Arterial Other,CRAIGIEBURN,HUME,-37.598225,144.93468,2019,6,June,17,Afternoon Peak,Weekday
T20190011274,2019-06-17,16:06:00,2,Struck Pedestrian,1,Monday,100,PED NEAR SIDE. PED HIT BY VEHICLE FROM THE RIGHT.,1,346219,T intersection,2,50,Local Road,ANZAC,SHEPPARTON,-36.372414,145.40913,2019,6,June,16,Afternoon Peak,Weekday
T20190011283,2019-06-17,18:50:00,1,Collision with vehicle,1,Monday,110,CROSS TRAFFIC(INTERSECTIONS ONLY),3,44822,Cross intersection,3,60,Arterial Other,BRIDGE,NILLUMBIK,-37.718468,145.14168,2019,6,June,18,Afternoon Peak,Weekday
T20190011284,2019-06-17,16:26:00,1,Collision with vehicle,1,Monday,130,REAR END(VEHICLES IN SAME LANE),1,583692,Not at intersection,3,80,Local Road,OLD SALE,BAW BAW,-38.099792,145.91167,2019,6,June,16,Afternoon Peak,Weekday
T20190011286,2019-06-17,15:15:00,4,Collision with a fixed object,1,Monday,173,RIGHT OFF CARRIAGEWAY INTO OBJECT/PARKED VEHICLE,1,359006,Not at intersection,2,100,Arterial Highway,MIDLAND,BENALLA,-36.83154,146.00838,2019,6,June,15,Afternoon Peak,Weekday
T20190011317,2019-06-17,08:58:00,1,Collision with vehicle,1,Monday,111,RIGHT FAR (INTERSECTIONS ONLY),1,64893,T intersection,2,60,Local Road,ARMSTRONG,BRIMBANK,-37.791317,144.81836,2019,6,June,8,Morning Peak,Weekday
T20190011273,2019-06-17,15:31:00,4,Collision with a fixed object,1,Monday,146,REVERSING INTO FIXED OBJECT/PARKED VEHICLE,1,346349,Not at intersection,1,50,Local Road,FERNTREE GULLY,MONASH,-37.902332,145.14964,2019,6,June,15,Afternoon Peak,Weekday
T20190011315,2019-06-17,13:50:00,1,Collision with vehicle,1,Monday,130,REAR END(VEHICLES IN SAME LANE),1,57878,T intersection,3,80,Freeway,METROPOLITAN RING,NILLUMBIK,-37.69388,145.09329,2019,6,June,13,Midday,Weekday
T20190011289,2019-06-17,18:19:00,1,Collision with vehicle,1,Monday,130,REAR END(VEHICLES IN SAME LANE),3,593792,Not at intersection,3,100,Freeway,BELL-CITYLINK OUT,MOONEE VALLEY,-37.734787,144.92647,2019,6,June,18,Afternoon Peak,Weekday
T20190011290,2019-06-17,21:00:00,4,Collision with a fixed object,1,Monday,171,LEFT OFF CARRIAGEWAY INTO OBJECT/PARKED VEHICLE,5,661497,Not at intersection,2,80,Local Road,PITSONS,BENDIGO,-36.63128,144.40825,2019,6,June,21,Night,Weekday
T20190011291,2019-06-17,17:38:00,1,Collision with vehicle,1,Monday,130,REAR END(VEHICLES IN SAME LANE),3,661498,Not at intersection,3,60,Arterial Other,CANTERBURY,WHITEHORSE,-37.83271,145.15556,2019,6,June,17,Afternoon Peak,Weekday
T20190011292,2019-06-17,19:40:00,1,Collision with vehicle,1,Monday,162,ACCIDENT OR BROKEN DOWN,5,346193,Not at intersection,1,40,Freeway,MONASH,MONASH,-37.904873,145.15541,2019,6,June,19,Night,Weekday
T20190013302,2019-06-17,17:15:00,1,Collision with vehicle,1,Monday,113,RIGHT NEAR (INTERSECTIONS ONLY),2,599312,T intersection,2,50,Local Road,MARGATE,FRANKSTON,-38.16063,145.13908,2019,6,June,17,Afternoon Peak,Weekday
T20190011613,2019-06-17,10:00:00,1,Collision with vehicle,1,Monday,130,REAR END(VEHICLES IN SAME LANE),1,346441,Not at intersection,3,80,Arterial Other,KEILOR PARK,BRIMBANK,-37.72664,144.84966,2019,6,June,10,Midday,Weekday
T20190011915,2019-06-17,19:15:00,1,Collision with vehicle,1,Monday,163,VEHICLE STRIKES DOOR OF PARKED/STATIONARY VEHICLE,3,658585,Not at intersection,3,40,Local Road,EXHIBITION,MELBOURNE,-37.809444,144.96935,2019,6,June,19,Night,Weekday
T20190011245,2019-06-17,11:00:00,1,Collision with vehicle,1,Monday,130,REAR END(VEHICLES IN SAME LANE),1,773328,Not at intersection,2,60,Arterial Highway,TOORAK,BOROONDARA,-37.850254,145.09418,2019,6,June,11,Midday,Weekday
T20190011358,2019-06-18,13:59:00,1,Collision with vehicle,2,Tuesday,110,CROSS TRAFFIC(INTERSECTIONS ONLY),1,233917,Cross intersection,3,80,Local Road,DAVIS,WYNDHAM,-37.815388,144.65686,2019,6,June,13,Midday,Weekday
T20190011372,2019-06-18,23:15:00,4,Collision with a fixed object,2,Tuesday,171,LEFT OFF CARRIAGEWAY INTO OBJECT/PARKED VEHICLE,5,594042,Not at intersection,2,100,Local Road,GLENROWAN,WANGARATTA,-36.418743,146.2629,2019,6,June,23,Night,Weekday
T20190011337,2019-06-18,17:45:00,1,Collision with vehicle,2,Tuesday,130,REAR END(VEHICLES IN SAME LANE),5,347134,Not at intersection,3,60,Local Road,CLOW,DANDENONG,-37.986294,145.2268,2019,6,June,17,Afternoon Peak,Weekday
T20190011344,2019-06-18,17:04:00,1,Collision with vehicle,2,Tuesday,162,ACCIDENT OR BROKEN DOWN,3,349069,Not at intersection,2,70,Arterial Highway,QUEENS,STONNINGTON,-37.85572,144.9847,2019,6,June,17,Afternoon Peak,Weekday
T20190011322,2019-06-18,09:01:00,1,Collision with vehicle,2,Tuesday,110,CROSS TRAFFIC(INTERSECTIONS ONLY),1,50612,Cross intersection,2,50,Local Road,HART,COLAC OTWAY,-38.34147,143.58109,2019,6,June,9,Morning Peak,Weekday
T20190011321,2019-06-18,12:29:00,1,Collision with vehicle,2,Tuesday,147,VEHICLE STRIKES ANOTHER VEH WHILE EMERGING FROM DRIVEWAY,1,594041,Not at intersection,3,50,Local Road,ABBOTT,CASEY,-38.008102,145.26031,2019,6,June,12,Midday,Weekday
T20190011546,2019-06-18,14:00:00,4,Collision with a fixed object,2,Tuesday,164,PERMANENT OBSTRUCTION ON CARRIAGEWAY,1,594043,Not at intersection,2,60,Arterial Other,GRUBB,GEELONG,-38.236973,144.5397,2019,6,June,14,Midday,Weekday
T20190011313,2019-06-18,11:00:00,1,Collision with vehicle,2,Tuesday,130,REAR END(VEHICLES IN SAME LANE),1,41636,T intersection,3,60,Arterial Other,HUNTINGDALE,MONASH,-37.893154,145.10695,2019,6,June,11,Midday,Weekday
T20190011370,2019-06-18,21:00:00,4,Collision with a fixed object,2,Tuesday,171,LEFT OFF CARRIAGEWAY INTO OBJECT/PARKED VEHICLE,5,586719,Not at intersection,2,60,Arterial Other,BELGRAVE-HALLAM,YARRA RANGES,-37.920666,145.3554,2019,6,June,21,Night,Weekday
T20190011360,2019-06-18,18:10:00,1,Collision with vehicle,2,Tuesday,160,VEHICLE COLLIDES WITH VEHICLE PARKED ON LEFT OF ROAD,3,609003,Not at intersection,2,60,Local Road,JAMES,WYNDHAM,-37.83475,144.79735,2019,6,June,18,Afternoon Peak,Weekday
T20190011359,2019-06-18,18:25:00,1,Collision with vehicle,2,Tuesday,140,U TURN,3,346236,Not at intersection,2,50,Local Road,PAISLEY,MARIBYRNONG,-37.80023,144.89389,2019,6,June,18,Afternoon Peak,Weekday
T20190011342,2019-06-18,17:50:00,4,Collision with a fixed object,2,Tuesday,173,RIGHT OFF CARRIAGEWAY INTO OBJECT/PARKED VEHICLE,3,346823,Not at intersection,2,80,Arterial Highway,STUD,KNOX,-37.94646,145.2291,2019,6,June,17,Afternoon Peak,Weekday
T20190011302,2019-06-18,06:50:00,1,Collision with vehicle,2,Tuesday,148,VEHICLE OFF FOOTPATH STRIKES VEH ON CARRIAGEWAY,2,35449,Cross intersection,2,70,Arterial Highway,FOOTSCRAY,MELBOURNE,-37.807697,144.91617,2019,6,June,6,Morning Peak,Weekday
T20190011521,2019-06-18,13:04:00,2,Struck Pedestrian,2,Tuesday,108,PED STRUCK WALKING TO/FROM OR BOARDING/ALIGHTING VEHICLE.,1,658592,Y intersection,2,40,Local Road,ROSEBANK,KINGSTON,-37.94104,145.13994,2019,6,June,13,Midday,Weekday
T20190011332,2019-06-18,01:05:00,1,Collision with vehicle,2,Tuesday,130,REAR END(VEHICLES IN SAME LANE),3,346924,Not at intersection,3,60,Arterial Highway,QUEENS,PORT PHILLIP,-37.840637,144.97476,2019,6,June,1,Late Night,Weekday
T20190011331,2019-06-18,16:15:00,1,Collision with vehicle,2,Tuesday,110,CROSS TRAFFIC(INTERSECTIONS ONLY),1,49370,Cross intersection,2,60,Local Road,SOBRAON,SHEPPARTON,-36.3864,145.40723,2019,6,June,16,Afternoon Peak,Weekday
T20190011353,2019-06-18,17:30:00,1,Collision with vehicle,2,Tuesday,139,OTHER SAME DIRECTION-MANOUEVRES NOT INCLUDED IN DCAs 130-137,3,594258,Not at intersection,2,40,Local Road,BEACH,GEELONG,-38.016937,144.47238,2019,6,June,17,Afternoon Peak,Weekday
T20190011350,2019-06-18,18:15:00,6,Vehicle overturned (no collision),2,Tuesday,151,OUT OF CONTROL (OVERTAKING),5,584521,Not at intersection,2,100,Arterial Other,BELGRAVE-GEMBROOK,CARDINIA,-37.94645,145.52728,2019,6,June,18,Afternoon Peak,Weekday
T20190011405,2019-06-18,06:48:00,1,Collision with vehicle,2,Tuesday,130,REAR END(VEHICLES IN SAME LANE),6,347064,Not at intersection,3,100,Freeway,PRINCES,HOBSONS BAY,-37.8398,144.79578,2019,6,June,6,Morning Peak,Weekday
T20190011330,2019-06-18,14:28:00,1,Collision with vehicle,2,Tuesday,111,RIGHT FAR (INTERSECTIONS ONLY),1,346276,Cross intersection,3,50,Local Road,ARNDT,MORELAND,-37.720596,144.93062,2019,6,June,14,Midday,Weekday
T20190011348,2019-06-18,18:08:00,3,Struck animal,2,Tuesday,167,STRUCK ANIMAL,3,346237,Not at intersection,3,60,Arterial Other,SPRING,DAREBIN,-37.72317,145.00175,2019,6,June,18,Afternoon Peak,Weekday
T20190015801,2019-06-18,07:00:00,7,Fall from or in moving vehicle,2,Tuesday,179,OTHER ACCIDENTS-OFF STRAIGHT NOT INCLUDED IN DCAs 170-175,1,588421,Not at intersection,3,80,Arterial Other,MOUNT BUFFALO,ALPINE,-36.70347,146.83406,2019,6,June,7,Morning Peak,Weekday
T20190011306,2019-06-18,09:25:00,1,Collision with vehicle,2,Tuesday,130,REAR END(VEHICLES IN SAME LANE),1,346350,Not at intersection,2,80,Arterial Highway,SPRINGVALE,MONASH,-37.91049,145.16013,2019,6,June,9,Morning Peak,Weekday
T20190011326,2019-06-18,12:45:00,1,Collision with vehicle,2,Tuesday,130,REAR END(VEHICLES IN SAME LANE),1,347217,Not at intersection,3,60,Local Road,PLANTATION,GEELONG,-38.06782,144.36879,2019,6,June,12,Midday,Weekday
T20190016679,2019-06-18,08:15:00,1,Collision with vehicle,2,Tuesday,130,REAR END(VEHICLES IN SAME LANE),1,95973,Not at intersection,2,80,Arterial Highway,DANDENONG,STONNINGTON,-37.892742,145.08711,2019,6,June,8,Morning Peak,Weekday
T20190011325,2019-06-18,13:25:00,1,Collision with vehicle,2,Tuesday,113,RIGHT NEAR (INTERSECTIONS ONLY),1,43974,T intersection,3,70,Arterial Highway,NEPEAN,MORNINGTON PENINSULA,-38.24053,145.03653,2019,6,June,13,Midday,Weekday
T20190011324,2019-06-18,09:00:00,1,Collision with vehicle,2,Tuesday,130,REAR END(VEHICLES IN SAME LANE),1,356766,Not at intersection,2,100,Freeway,MONASH,CASEY,-37.98161,145.24487,2019,6,June,9,Morning Peak,Weekday
T20190011323,2019-06-18,12:50:00,5,collision with some other object,2,Tuesday,171,LEFT OFF CARRIAGEWAY INTO OBJECT/PARKED VEHICLE,1,360366,Not at intersection,3,50,Local Road,RIVERSTONE,CASEY,-38.078503,145.34454,2019,6,June,12,Midday,Weekday
T20190011341,2019-06-18,16:45:00,4,Collision with a fixed object,2,Tuesday,171,LEFT OFF CARRIAGEWAY INTO OBJECT/PARKED VEHICLE,1,583557,Not at intersection,2,100,Arterial Highway,WESTERN,HORSHAM,-36.624313,142.1319,2019,6,June,16,Afternoon Peak,Weekday
T20190011346,2019-06-18,14:30:00,1,Collision with vehicle,2,Tuesday,148,VEHICLE OFF FOOTPATH STRIKES VEH ON CARRIAGEWAY,1,346425,T intersection,2,60,Arterial Highway,BRIGHTON,PORT PHILLIP,-37.88343,144.9967,2019,6,June,14,Midday,Weekday
T20190011319,2019-06-18,11:50:00,1,Collision with vehicle,2,Tuesday,116,LEFT NEAR (INTERSECTIONS ONLY),1,34977,T intersection,2,100,Arterial Highway,BASS,BASS COAST,-38.478825,145.47015,2019,6,June,11,Midday,Weekday
T20190011386,2019-06-18,13:10:00,1,Collision with vehicle,2,Tuesday,113,RIGHT NEAR (INTERSECTIONS ONLY),1,53640,T intersection,2,100,Arterial Other,TRARALGON-MAFFRA,LATROBE,-38.119255,146.57559,2019,6,June,13,Midday,Weekday
T20190012947,2019-06-18,15:40:00,1,Collision with vehicle,2,Tuesday,130,REAR END(VEHICLES IN SAME LANE),1,60284,Cross intersection,3,50,Arterial Other,HIGH STREET -MOLLISON,MACEDON RANGES,-37.249092,144.45328,2019,6,June,15,Afternoon Peak,Weekday
T20190011355,2019-06-18,19:14:00,1,Collision with vehicle,2,Tuesday,121,RIGHT THROUGH,3,43305,T intersection,2,60,Local Road,GOLDEN,KINGSTON,-38.05847,145.1189,2019,6,June,19,Night,Weekday
T20190013674,2019-06-19,11:35:00,1,Collision with vehicle,3,Wednesday,130,REAR END(VEHICLES IN SAME LANE),1,44520,Cross intersection,3,60,Arterial Other,PLENTY,WHITTLESEA,-37.586998,145.10326,2019,6,June,11,Midday,Weekday
T20190011380,2019-06-19,07:35:00,4,Collision with a fixed object,3,Wednesday,175,OFF END OF ROAD/T-INTERSECTION.,1,346342,T intersection,2,50,Local Road,QUEENSCLIFF,WHITTLESEA,-37.67386,144.99495,2019,6,June,7,Morning Peak,Weekday
T20190011379,2019-06-19,06:15:00,2,Struck Pedestrian,3,Wednesday,102,FAR SIDE. PED HIT BY VEHICLE FROM THE LEFT,3,346315,Cross intersection,3,50,Local Road,MILLER,BAYSIDE,-37.947384,145.03043,2019,6,June,6,Morning Peak,Weekday
T20190011375,2019-06-19,05:05:00,4,Collision with a fixed object,3,Wednesday,173,RIGHT OFF CARRIAGEWAY INTO OBJECT/PARKED VEHICLE,3,581631,Not at intersection,2,60,Arterial Other,WAVERLEY,MONASH,-37.890366,145.17726,2019,6,June,5,Morning Peak,Weekday
T20190011407,2019-06-19,14:30:00,1,Collision with vehicle,3,Wednesday,110,CROSS TRAFFIC(INTERSECTIONS ONLY),1,16746,Cross intersection,2,100,Arterial Other,ROKEWOOD-SKIPTON,GOLDEN PLAINS,-37.76338,143.50461,2019,6,June,14,Midday,Weekday
T20190011505,2019-06-19,18:00:00,1,Collision with vehicle,3,Wednesday,160,VEHICLE COLLIDES WITH VEHICLE PARKED ON LEFT OF ROAD,3,644592,Not at intersection,3,50,Local Road,GAMBLE,FRANKSTON,-38.113026,145.19223,2019,6,June,18,Afternoon Peak,Weekday
T20190013208,2019-06-19,11:15:00,1,Collision with vehicle,3,Wednesday,134,LANE CHANGE RIGHT (NOT OVERTAKING),1,57349,Cross intersection,3,50,Arterial Other,PLENTY,WHITTLESEA,-37.65635,145.08011,2019,6,June,11,Midday,Weekday
T20200011195,2019-06-19,07:34:00,1,Collision with vehicle,3,Wednesday,113,RIGHT NEAR (INTERSECTIONS ONLY),9,29907,T intersection,3,50,Local Road,DEVON,MORELAND,-37.72142,144.92317,2019,6,June,7,Morning Peak,Weekday
T20190018439,2019-06-19,10:57:00,1,Collision with vehicle,3,Wednesday,130,REAR END(VEHICLES IN SAME LANE),1,593810,Not at intersection,3,70,Arterial Other,BALLARAT,BRIMBANK,-37.777958,144.83765,2019,6,June,10,Midday,Weekday
T20190011489,2019-06-19,18:30:00,2,Struck Pedestrian,3,Wednesday,100,PED NEAR SIDE. PED HIT BY VEHICLE FROM THE RIGHT.,3,43741,Cross intersection,3,50,Arterial Other,HIGH,MELTON,-37.6832,144.58315,2019,6,June,18,Afternoon Peak,Weekday
T20190011458,2019-06-19,17:56:00,2,Struck Pedestrian,3,Wednesday,100,PED NEAR SIDE. PED HIT BY VEHICLE FROM THE RIGHT.,3,579951,Cross intersection,2,60,Arterial Highway,NEPEAN,FRANKSTON,-38.144207,145.12064,2019,6,June,17,Afternoon Peak,Weekday
T20190011446,2019-06-19,15:50:00,1,Collision with vehicle,3,Wednesday,130,REAR END(VEHICLES IN SAME LANE),1,596734,Not at intersection,3,80,Arterial Other,CRANBOURNE,FRANKSTON,-38.15443,145.163,2019,6,June,15,Afternoon Peak,Weekday
T20190013271,2019-06-19,09:26:00,4,Collision with a fixed object,3,Wednesday,171,LEFT OFF CARRIAGEWAY INTO OBJECT/PARKED VEHICLE,1,583971,Not at intersection,3,100,Arterial Highway,MELBA,YARRA RANGES,-37.636784,145.40053,2019,6,June,9,Morning Peak,Weekday
T20190011439,2019-06-19,13:52:00,1,Collision with vehicle,3,Wednesday,130,REAR END(VEHICLES IN SAME LANE),1,346331,Not at intersection,3,60,Arterial Highway,CHURCH,GEELONG,-38.132076,144.34969,2019,6,June,13,Midday,Weekday
T20190011425,2019-06-19,20:42:00,2,Struck Pedestrian,3,Wednesday,102,FAR SIDE. PED HIT BY VEHICLE FROM THE LEFT,3,44511,Cross intersection,2,60,Arterial Other,MURRAY,DAREBIN,-37.741005,145.03085,2019,6,June,20,Night,Weekday
T20190011423,2019-06-19,20:00:00,4,Collision with a fixed object,3,Wednesday,181,OFF RIGHT BEND INTO OBJECT/PARKED VEHICLE,5,346320,Not at intersection,3,60,Local Road,SCRUBBY,LATROBE,-38.18575,146.4939,2019,6,June,20,Night,Weekday
T20190011422,2019-06-19,15:00:00,6,Vehicle overturned (no collision),3,Wednesday,180,OFF CARRIAGEWAY ON RIGHT BEND,1,346625,Not at intersection,2,100,Local Road,WALKERVILLE SOUTH,SOUTH GIPPSLAND,-38.85985,145.98763,2019,6,June,15,Afternoon Peak,Weekday
T20190011421,2019-06-19,17:40:00,2,Struck Pedestrian,3,Wednesday,100,PED NEAR SIDE. PED HIT BY VEHICLE FROM THE RIGHT.,3,254026,Cross intersection,2,60,Local Road,BOARDWALK,WYNDHAM,-37.89344,144.72878,2019,6,June,17,Afternoon Peak,Weekday
T20190011418,2019-06-19,19:45:00,2,Struck Pedestrian,3,Wednesday,104,PED WALKING WITH TRAFFIC,3,592748,Not at intersection,2,60,Arterial Highway,RACECOURSE,MOONEE VALLEY,-37.788918,144.9376,2019,6,June,19,Night,Weekday
T20200010632,2019-06-19,15:00:00,1,Collision with vehicle,3,Wednesday,132,RIGHT REAR.,9,298352,Cross intersection,3,80,Arterial Other,PERRY,DANDENONG,-38.01147,145.17162,2019,6,June,15,Afternoon Peak,Weekday
T20190011417,2019-06-19,18:04:00,1,Collision with vehicle,3,Wednesday,130,REAR END(VEHICLES IN SAME LANE),3,346364,Not at intersection,2,80,Arterial Highway,NEPEAN,BAYSIDE,-37.88878,145.00084,2019,6,June,18,Afternoon Peak,Weekday
T20190011412,2019-06-19,16:54:00,1,Collision with vehicle,3,Wednesday,121,RIGHT THROUGH,1,36155,T intersection,2,60,Arterial Other,MCINTYRE,BRIMBANK,-37.775223,144.82906,2019,6,June,16,Afternoon Peak,Weekday
T20190011410,2019-06-19,15:55:00,1,Collision with vehicle,3,Wednesday,121,RIGHT THROUGH,1,594284,Not at intersection,2,60,Local Road,MCCORMICKS,FRANKSTON,-38.109776,145.19543,2019,6,June,15,Afternoon Peak,Weekday
T20190011409,2019-06-19,16:30:00,1,Collision with vehicle,3,Wednesday,136,RIGHT TURN SIDESWIPE,2,346390,Not at intersection,3,60,Arterial Other,PASCOE VALE,MOONEE VALLEY,-37.76476,144.92531,2019,6,June,16,Afternoon Peak,Weekday
T20190011404,2019-06-19,12:50:00,1,Collision with vehicle,3,Wednesday,153,CUTTING IN (OVERTAKING),1,36675,T intersection,3,80,Arterial Other,PASCOE VALE,HUME,-37.6518,144.93039,2019,6,June,12,Midday,Weekday
T20190011402,2019-06-19,13:00:00,4,Collision with a fixed object,3,Wednesday,173,RIGHT OFF CARRIAGEWAY INTO OBJECT/PARKED VEHICLE,1,346715,Not at intersection,2,100,Arterial Other,BRIDGEWATER,GLENELG,-38.34905,141.50246,2019,6,June,13,Midday,Weekday
T20190011398,2019-06-19,10:25:00,1,Collision with vehicle,3,Wednesday,135,LANE CHANGE LEFT (NOT OVERTAKING),1,358416,Not at intersection,3,80,Freeway,CALDER,MOONEE VALLEY,-37.733746,144.88498,2019,6,June,10,Midday,Weekday
T20190011395,2019-06-19,07:30:00,1,Collision with vehicle,3,Wednesday,121,RIGHT THROUGH,2,321653,Cross intersection,3,80,Arterial Other,CLYDE,CASEY,-38.059914,145.33823,2019,6,June,7,Morning Peak,Weekday
T20190011394,2019-06-19,09:35:00,1,Collision with vehicle,3,Wednesday,113,RIGHT NEAR (INTERSECTIONS ONLY),1,222019,T intersection,2,80,Arterial Other,CENTRAL KIALLA,SHEPPARTON,-36.439796,145.42897,2019,6,June,9,Morning Peak,Weekday
T20190011385,2019-06-19,06:55:00,1,Collision with vehicle,3,Wednesday,135,LANE CHANGE LEFT (NOT OVERTAKING),2,346725,Not at intersection,3,80,Arterial Highway,DANDENONG ROAD SERVICE,MONASH,-37.924377,145.14285,2019,6,June,6,Morning Peak,Weekday
T20190012950,2019-06-19,08:25:00,1,Collision with vehicle,3,Wednesday,130,REAR END(VEHICLES IN SAME LANE),1,594287,Cross intersection,3,70,Arterial Highway,ORMOND,GEELONG,-38.162155,144.37827,2019,6,June,8,Morning Peak,Weekday
T20190011382,2019-06-19,06:37:00,1,Collision with vehicle,3,Wednesday,120,HEAD ON (NOT OVERTAKING),5,360535,Not at intersection,2,60,Arterial Other,BEACONSFIELD-EMERALD,CARDINIA,-38.00652,145.40588,2019,6,June,6,Morning Peak,Weekday
T20190011815,2019-06-20,18:00:00,8,No collision and no object struck,4,Thursday,174,OUT OF CONTROL ON CARRIAGEWAY (ON STRAIGHT),2,593157,Not at intersection,2,100,Freeway,PRINCES,HOBSONS BAY,-37.83408,144.80803,2019,6,June,18,Afternoon Peak,Weekday
T20190013051,2019-06-20,16:30:00,1,Collision with vehicle,4,Thursday,130,REAR END(VEHICLES IN SAME LANE),1,360348,T intersection,3,50,Local Road,COURTNEY,MELBOURNE,-37.80214,144.95418,2019,6,June,16,Afternoon Peak,Weekday
T20190011442,2019-06-20,07:40:00,1,Collision with vehicle,4,Thursday,130,REAR END(VEHICLES IN SAME LANE),1,659591,Cross intersection,2,60,Arterial Highway,DANDENONG-HASTINGS ROAD -THOMPSONS,DANDENONG,-38.077637,145.2392,2019,6,June,7,Morning Peak,Weekday
T20190015104,2019-06-20,20:22:00,1,Collision with vehicle,4,Thursday,111,RIGHT FAR (INTERSECTIONS ONLY),3,360577,Cross intersection,3,60,Local Road,BRIDGE,CARDINIA,-38.069427,145.41153,2019,6,June,20,Night,Weekday
T20190011444,2019-06-20,09:10:00,1,Collision with vehicle,4,Thursday,140,U TURN,1,13257,Not at intersection,2,60,Arterial Other,DYNON,MELBOURNE,-37.80431,144.93414,2019,6,June,9,Morning Peak,Weekday
T20190011455,2019-06-20,08:55:00,6,Vehicle overturned (no collision),4,Thursday,172,OFF CARRIAGEWAY TO RIGHT,1,347245,Not at intersection,2,100,Local Road,LABUAN,MOIRA,-35.94019,145.53162,2019,6,June,8,Morning Peak,Weekday
T20190011463,2019-06-20,11:54:00,1,Collision with vehicle,4,Thursday,110,CROSS TRAFFIC(INTERSECTIONS ONLY),1,42119,Cross intersection,3,50,Local Road,CLEMENTS,BAYSIDE,-37.952404,145.02448,2019,6,June,11,Midday,Weekday
T20190011465,2019-06-20,09:00:00,2,Struck Pedestrian,4,Thursday,100,PED NEAR SIDE. PED HIT BY VEHICLE FROM THE RIGHT.,1,603017,Not at intersection,2,40,Local Road,AMALFI,CASEY,-37.97927,145.24529,2019,6,June,9,Morning Peak,Weekday
T20190011466,2019-06-20,07:30:00,2,Struck Pedestrian,4,Thursday,102,FAR SIDE. PED HIT BY VEHICLE FROM THE LEFT,1,37733,Cross intersection,2,40,Arterial Other,MALVERN,STONNINGTON,-37.84738,144.99792,2019,6,June,7,Morning Peak,Weekday
T20190011469,2019-06-20,12:00:00,4,Collision with a fixed object,4,Thursday,183,OFF LEFT BEND INTO OBJECT/PARKED VEHICLE,1,346971,Not at intersection,2,100,Local Road,NATHALIA-WAAIA,MOIRA,-36.05379,145.24492,2019,6,June,12,Midday,Weekday
T20190011783,2019-06-20,18:10:00,1,Collision with vehicle,4,Thursday,136,RIGHT TURN SIDESWIPE,6,756136,Cross intersection,3,80,Arterial Highway,FERNTREE GULLY,KNOX,-37.899048,145.23318,2019,6,June,18,Afternoon Peak,Weekday
T20190011471,2019-06-20,13:30:00,1,Collision with vehicle,4,Thursday,120,HEAD ON (NOT OVERTAKING),1,595046,Not at intersection,2,80,Arterial Other,BALLARAT-BURRUMBEET,BALLARAT,-37.53412,143.7678,2019,6,June,13,Midday,Weekday
T20190011473,2019-06-20,17:00:00,1,Collision with vehicle,4,Thursday,130,REAR END(VEHICLES IN SAME LANE),1,594539,Cross intersection,3,70,Arterial Highway,SETTLEMENT,GEELONG,-38.181934,144.34767,2019,6,June,17,Afternoon Peak,Weekday
T20190011474,2019-06-20,16:10:00,1,Collision with vehicle,4,Thursday,130,REAR END(VEHICLES IN SAME LANE),1,594540,Not at intersection,3,80,Arterial Highway,FRANKSTON-DANDENONG,FRANKSTON,-38.106247,145.16634,2019,6,June,16,Afternoon Peak,Weekday
T20190011480,2019-06-20,15:30:00,1,Collision with vehicle,4,Thursday,130,REAR END(VEHICLES IN SAME LANE),1,346513,Not at intersection,3,40,Local Road,CLEELAND,DANDENONG,-37.9774,145.21596,2019,6,June,15,Afternoon Peak,Weekday
T20190011482,2019-06-20,17:51:00,1,Collision with vehicle,4,Thursday,130,REAR END(VEHICLES IN SAME LANE),3,346344,Not at intersection,2,60,Local Road,AITKEN,HUME,-37.59451,144.90996,2019,6,June,17,Afternoon Peak,Weekday
T20190011483,2019-06-20,18:00:00,1,Collision with vehicle,4,Thursday,116,LEFT NEAR (INTERSECTIONS ONLY),3,46952,T intersection,2,60,Arterial Other,STATION,WHITEHORSE,-37.80103,145.127,2019,6,June,18,Afternoon Peak,Weekday
T20190011485,2019-06-20,19:45:00,4,Collision with a fixed object,4,Thursday,183,OFF LEFT BEND INTO OBJECT/PARKED VEHICLE,3,42607,T intersection,3,60,Arterial Other,ELONERA,DANDENONG,-37.959843,145.19106,2019,6,June,19,Night,Weekday
T20190011487,2019-06-20,20:04:00,2,Struck Pedestrian,4,Thursday,100,PED NEAR SIDE. PED HIT BY VEHICLE FROM THE RIGHT.,3,776877,T intersection,2,50,Arterial Highway,YARDLEY,MONASH,-37.921307,145.18336,2019,6,June,20,Night,Weekday
T20190011493,2019-06-20,15:00:00,1,Collision with vehicle,4,Thursday,110,CROSS TRAFFIC(INTERSECTIONS ONLY),1,346221,Cross intersection,2,50,Local Road,BLACK,DAREBIN,-37.711155,145.01991,2019,6,June,15,Afternoon Peak,Weekday
T20190011494,2019-06-20,17:10:00,2,Struck Pedestrian,4,Thursday,100,PED NEAR SIDE. PED HIT BY VEHICLE FROM THE RIGHT.,2,346362,T intersection,2,40,Local Road,FLINDERS,MELBOURNE,-37.81921,144.9614,2019,6,June,17,Afternoon Peak,Weekday