ACCIDENT_NO,ACCIDENT_DATE,ACCIDENT_TIME,ACCIDENT_TYPE,ACCIDENT_TYPE_DESC,DAY_OF_WEEK,DAY_WEEK_DESC,DCA_CODE,DCA_DESC,LIGHT_CONDITION,NODE_ID,ROAD_GEOMETRY_DESC,SEVERITY,SPEED_ZONE,RMA,ROAD_NAME,LGA_NAME,LATITUDE,LONGITUDE,YEAR,MONTH,MONTH_NAME,HOUR,TIME_PERIOD,DAY_TYPE
T20190011497,2019-06-20,20:55:00,1,Collision with vehicle,4,Thursday,133,LANE SIDE SWIPE (VEHICLES IN PARALLEL LANES),3,594541,Not at intersection,2,80,Freeway,WESTERN RING,BRIMBANK,-37.80062,144.79979,2019,6,June,20,Night,Weekday
T20190011502,2019-06-20,14:22:00,1,Collision with vehicle,4,Thursday,140,U TURN,1,346396,Not at intersection,2,80,Arterial Other,GEELONG-BACCHUS MARSH,MOORABOOL,-37.6994,144.45135,2019,6,June,14,Midday,Weekday
T20190011436,2019-06-20,06:50:00,2,Struck Pedestrian,4,Thursday,100,PED NEAR SIDE. PED HIT BY VEHICLE FROM THE RIGHT.,6,64081,T intersection,2,60,Local Road,HIGH,MANNINGHAM,-37.77188,145.11565,2019,6,June,6,Morning Peak,Weekday
T20200019715,2019-06-20,18:45:00,1,Collision with vehicle,4,Thursday,136,RIGHT TURN SIDESWIPE,3,50178,Cross intersection,3,60,Arterial Other,BARWON HEADS,GEELONG,-38.1808,144.35396,2019,6,June,18,Afternoon Peak,Weekday
T20190011644,2019-06-20,16:15:00,1,Collision with vehicle,4,Thursday,132,RIGHT REAR.,1,288590,T intersection,3,80,Arterial Highway,SOUTH GIPPSLAND,DANDENONG,-38.01652,145.23315,2019,6,June,16,Afternoon Peak,Weekday
T20200012725,2019-06-20,16:00:00,1,Collision with vehicle,4,Thursday,132,RIGHT REAR.,9,39058,T intersection,3,60,Arterial Other,BURKE,BOROONDARA,-37.804634,145.06178,2019,6,June,16,Afternoon Peak,Weekday
T20190011451,2019-06-20,07:35:00,1,Collision with vehicle,4,Thursday,135,LANE CHANGE LEFT (NOT OVERTAKING),2,346471,Not at intersection,2,80,Freeway,CALDER,BRIMBANK,-37.72578,144.84998,2019,6,June,7,Morning Peak,Weekday
T20190011871,2019-06-20,15:25:00,1,Collision with vehicle,4,Thursday,116,LEFT NEAR (INTERSECTIONS ONLY),1,42467,Cross intersection,3,80,Arterial Other,WESTALL,DANDENONG,-37.9314,145.14183,2019,6,June,15,Afternoon Peak,Weekday
T20190011504,2019-06-20,14:10:00,1,Collision with vehicle,4,Thursday,110,CROSS TRAFFIC(INTERSECTIONS ONLY),1,41182,Cross intersection,2,60,Arterial Other,PLUMPTON,MORELAND,-37.707542,144.92162,2019,6,June,14,Midday,Weekday
T20190011579,2019-06-20,19:05:00,4,Collision with a fixed object,4,Thursday,171,LEFT OFF CARRIAGEWAY INTO OBJECT/PARKED VEHICLE,3,583094,T intersection,2,70,Local Road,WATT,MORNINGTON PENINSULA,-38.23457,145.06566,2019,6,June,19,Night,Weekday
T20190011664,2019-06-20,09:45:00,1,Collision with vehicle,4,Thursday,121,RIGHT THROUGH,1,41071,Cross intersection,2,80,Arterial Other,MOUNTAIN,KNOX,-37.855312,145.31552,2019,6,June,9,Morning Peak,Weekday
T20190019329,2019-06-20,18:30:00,1,Collision with vehicle,4,Thursday,130,REAR END(VEHICLES IN SAME LANE),3,590747,Not at intersection,3,60,Arterial Highway,PRINCES HIGHWAY,PORT PHILLIP,-37.82932,144.96356,2019,6,June,18,Afternoon Peak,Weekday
T20190011516,2019-06-20,22:10:00,4,Collision with a fixed object,4,Thursday,173,RIGHT OFF CARRIAGEWAY INTO OBJECT/PARKED VEHICLE,5,358287,T intersection,2,100,Arterial Highway,MURRAY VALLEY,MOIRA,-36.066364,146.17747,2019,6,June,22,Night,Weekday
T20190011440,2019-06-20,08:25:00,2,Struck Pedestrian,4,Thursday,101,PED EMERGES FROM IN FRONT OF PARKED OR STATIONARY VEHICLE,1,346289,Not at intersection,2,60,Arterial Other,STATION,WHITEHORSE,-37.82829,145.12192,2019,6,June,8,Morning Peak,Weekday
T20190011492,2019-06-20,20:45:00,2,Struck Pedestrian,4,Thursday,102,FAR SIDE. PED HIT BY VEHICLE FROM THE LEFT,3,48299,T intersection,3,50,Local Road,MARKET,WYNDHAM,-37.89453,144.65753,2019,6,June,20,Night,Weekday
T20190011432,2019-06-20,06:50:00,2,Struck Pedestrian,4,Thursday,100,PED NEAR SIDE. PED HIT BY VEHICLE FROM THE RIGHT.,6,30022,Cross intersection,2,50,Arterial Other,PRINCES,BALLARAT,-37.561974,143.87033,2019,6,June,6,Morning Peak,Weekday
T20190017703,2019-06-20,18:10:00,1,Collision with vehicle,4,Thursday,130,REAR END(VEHICLES IN SAME LANE),3,585616,Not at intersection,2,70,Arterial Other,OLD PRINCES,CARDINIA,-38.054092,145.37973,2019,6,June,18,Afternoon Peak,Weekday
T20190014419,2019-06-20,17:45:00,1,Collision with vehicle,4,Thursday,116,LEFT NEAR (INTERSECTIONS ONLY),3,45358,T intersection,3,50,Local Road,CLARKE,HUME,-37.678455,144.95978,2019,6,June,17,Afternoon Peak,Weekday
T20190011433,2019-06-20,06:00:00,1,Collision with vehicle,4,Thursday,136,RIGHT TURN SIDESWIPE,3,594537,T intersection,3,60,Arterial Highway,BALLARAT,MARIBYRNONG,-37.794785,144.90434,2019,6,June,6,Morning Peak,Weekday
T20190011964,2019-06-21,20:00:00,1,Collision with vehicle,5,Friday,111,RIGHT FAR (INTERSECTIONS ONLY),3,221483,T intersection,2,70,Arterial Other,SYDNEY,MORELAND,-37.71075,144.9617,2019,6,June,20,Night,Weekday
T20190011509,2019-06-21,08:17:00,1,Collision with vehicle,5,Friday,135,LANE CHANGE LEFT (NOT OVERTAKING),2,346560,Not at intersection,3,80,Arterial Highway,GREENSBOROUGH,BANYULE,-37.69988,145.09091,2019,6,June,8,Morning Peak,Weekday
T20190013714,2019-06-21,10:15:00,1,Collision with vehicle,5,Friday,140,U TURN,1,579964,Not at intersection,3,40,Local Road,CLOVER,GEELONG,-38.021816,144.41853,2019,6,June,10,Midday,Weekday
T20190011542,2019-06-21,06:10:00,4,Collision with a fixed object,5,Friday,183,OFF LEFT BEND INTO OBJECT/PARKED VEHICLE,5,585447,Not at intersection,2,100,Arterial Other,PORTLAND-CASTERTON,GLENELG,-37.63153,141.4584,2019,6,June,6,Morning Peak,Weekday
T20190011512,2019-06-21,08:30:00,5,collision with some other object,5,Friday,171,LEFT OFF CARRIAGEWAY INTO OBJECT/PARKED VEHICLE,1,613067,Not at intersection,2,100,Local Road,LOGAN-KINGOWER,LODDON,-36.608482,143.58919,2019,6,June,8,Morning Peak,Weekday
T20190011514,2019-06-21,09:55:00,2,Struck Pedestrian,5,Friday,109,ANY MANOEUVRE INVOLVING PED NOT INCLUDED IN DCAs 100-108.,1,346895,Not at intersection,3,50,Arterial Other,BELMORE,MOIRA,-36.01175,146.00458,2019,6,June,9,Morning Peak,Weekday
T20190011515,2019-06-21,07:30:00,1,Collision with vehicle,5,Friday,130,REAR END(VEHICLES IN SAME LANE),1,346359,Not at intersection,3,60,Local Road,BULGANA,NORTHERN GRAMPIANS,-37.10685,142.99382,2019,6,June,7,Morning Peak,Weekday
T20190012276,2019-06-21,08:25:00,1,Collision with vehicle,5,Friday,130,REAR END(VEHICLES IN SAME LANE),1,594795,Not at intersection,3,60,Local Road,DRUMMOND,MELBOURNE,-37.79278,144.9698,2019,6,June,8,Morning Peak,Weekday
T20190011549,2019-06-21,16:35:00,1,Collision with vehicle,5,Friday,120,HEAD ON (NOT OVERTAKING),1,346395,Not at intersection,3,80,Local Road,HORSESHOE BEND,SURF COAST,-38.30271,144.34093,2019,6,June,16,Afternoon Peak,Weekday
T20190011938,2019-06-21,15:30:00,2,Struck Pedestrian,5,Friday,102,FAR SIDE. PED HIT BY VEHICLE FROM THE LEFT,9,347426,Not at intersection,3,40,Local Road,TANDERRUM,HUME,-37.681393,144.91751,2019,6,June,15,Afternoon Peak,Weekday
T20190011518,2019-06-21,11:40:00,2,Struck Pedestrian,5,Friday,100,PED NEAR SIDE. PED HIT BY VEHICLE FROM THE RIGHT.,1,357680,T intersection,2,80,Arterial Highway,SPRINGVALE,MONASH,-37.89854,145.16249,2019,6,June,11,Midday,Weekday
T20190011520,2019-06-21,12:13:00,1,Collision with vehicle,5,Friday,163,VEHICLE STRIKES DOOR OF PARKED/STATIONARY VEHICLE,1,346808,Not at intersection,3,40,Arterial Other,CHURCH,YARRA,-37.82602,144.99786,2019,6,June,12,Midday,Weekday
T20190011522,2019-06-21,11:32:00,1,Collision with vehicle,5,Friday,110,CROSS TRAFFIC(INTERSECTIONS ONLY),1,412,Cross intersection,3,50,Local Road,PERRY,DAREBIN,-37.77228,145.02452,2019,6,June,11,Midday,Weekday
T20190011523,2019-06-21,11:30:00,1,Collision with vehicle,5,Friday,121,RIGHT THROUGH,1,246201,T intersection,2,50,Arterial Highway,POINT NEPEAN,MORNINGTON PENINSULA,-38.353275,144.9141,2019,6,June,11,Midday,Weekday
T20190011525,2019-06-21,10:45:00,1,Collision with vehicle,5,Friday,110,CROSS TRAFFIC(INTERSECTIONS ONLY),1,46085,Cross intersection,3,80,Arterial Highway,SPRINGVALE,DANDENONG,-37.933144,145.156,2019,6,June,10,Midday,Weekday
T20190012508,2019-06-21,11:30:00,1,Collision with vehicle,5,Friday,113,RIGHT NEAR (INTERSECTIONS ONLY),1,347416,T intersection,3,50,Local Road,ARNOLD,DANDENONG,-37.975796,145.18402,2019,6,June,11,Midday,Weekday
T20190011531,2019-06-21,09:05:00,2,Struck Pedestrian,5,Friday,102,FAR SIDE. PED HIT BY VEHICLE FROM THE LEFT,1,37539,Cross intersection,3,40,Arterial Other,FERRARS,PORT PHILLIP,-37.83998,144.95818,2019,6,June,9,Morning Peak,Weekday
T20190011529,2019-06-21,07:30:00,4,Collision with a fixed object,5,Friday,164,PERMANENT OBSTRUCTION ON CARRIAGEWAY,2,676422,Not at intersection,3,100,Local Road,WOODSTOCK,LODDON,-36.83021,143.96944,2019,6,June,7,Morning Peak,Weekday
T20190011528,2019-06-21,12:40:00,1,Collision with vehicle,5,Friday,160,VEHICLE COLLIDES WITH VEHICLE PARKED ON LEFT OF ROAD,1,358992,Not at intersection,3,60,Local Road,ELLERSLIE-PANMURE,MOYNE,-38.15103,142.68642,2019,6,June,12,Midday,Weekday
T20190011725,2019-06-21,09:05:00,1,Collision with vehicle,5,Friday,130,REAR END(VEHICLES IN SAME LANE),1,581101,Not at intersection,2,80,Arterial Other,BERWICK-CRANBOURNE,CASEY,-38.0791,145.33455,2019,6,June,9,Morning Peak,Weekday
T20190011717,2019-06-21,14:50:00,1,Collision with vehicle,5,Friday,147,VEHICLE STRIKES ANOTHER VEH WHILE EMERGING FROM DRIVEWAY,1,594794,Not at intersection,3,60,Local Road,LOGIS,DANDENONG,-38.005867,145.20601,2019,6,June,14,Midday,Weekday
T20190011578,2019-06-21,22:00:00,1,Collision with vehicle,5,Friday,147,VEHICLE STRIKES ANOTHER VEH WHILE EMERGING FROM DRIVEWAY,3,360547,Not at intersection,3,70,Arterial Other,DORSET,MAROONDAH,-37.80294,145.28922,2019,6,June,22,Night,Weekday
T20190011703,2019-06-21,12:15:00,4,Collision with a fixed object,5,Friday,171,LEFT OFF CARRIAGEWAY INTO OBJECT/PARKED VEHICLE,1,346943,Not at intersection,3,100,Arterial Other,KATAMATITE-SHEPPARTON,MOIRA,-36.15031,145.58853,2019,6,June,12,Midday,Weekday
T20190011603,2019-06-21,16:10:00,1,Collision with vehicle,5,Friday,110,CROSS TRAFFIC(INTERSECTIONS ONLY),1,37567,Cross intersection,2,40,Local Road,NIMMO,PORT PHILLIP,-37.84987,144.96246,2019,6,June,16,Afternoon Peak,Weekday
T20190011591,2019-06-21,05:40:00,1,Collision with vehicle,5,Friday,113,RIGHT NEAR (INTERSECTIONS ONLY),3,42855,Cross intersection,2,80,Arterial Other,BOUNDARY,KINGSTON,-38.00083,145.1052,2019,6,June,5,Morning Peak,Weekday
T20190011540,2019-06-21,07:25:00,1,Collision with vehicle,5,Friday,140,U TURN,2,346563,Not at intersection,2,80,Arterial Other,WESTALL,DANDENONG,-37.95457,145.13757,2019,6,June,7,Morning Peak,Weekday
T20190011572,2019-06-21,18:39:00,1,Collision with vehicle,5,Friday,163,VEHICLE STRIKES DOOR OF PARKED/STATIONARY VEHICLE,3,65578,Not at intersection,3,40,Local Road,DERBY,YARRA,-37.80677,144.98293,2019,6,June,18,Afternoon Peak,Weekday
T20190011507,2019-06-21,06:50:00,2,Struck Pedestrian,5,Friday,102,FAR SIDE. PED HIT BY VEHICLE FROM THE LEFT,3,29550,Cross intersection,3,60,Arterial Other,RIVERSDALE,BOROONDARA,-37.829857,145.04366,2019,6,June,6,Morning Peak,Weekday
T20190011570,2019-06-21,18:13:00,1,Collision with vehicle,5,Friday,121,RIGHT THROUGH,3,37365,T intersection,2,60,Arterial Other,SWAN,YARRA,-37.827236,145.01718,2019,6,June,18,Afternoon Peak,Weekday
T20190011567,2019-06-21,17:20:00,1,Collision with vehicle,5,Friday,110,CROSS TRAFFIC(INTERSECTIONS ONLY),2,995,Cross intersection,3,50,Local Road,EVANS,HUME,-37.582016,144.72768,2019,6,June,17,Afternoon Peak,Weekday
T20190011566,2019-06-21,18:20:00,1,Collision with vehicle,5,Friday,140,U TURN,3,346374,Not at intersection,2,60,Arterial Other,BEACH,BAYSIDE,-37.962547,145.01176,2019,6,June,18,Afternoon Peak,Weekday
T20190011561,2019-06-21,17:40:00,1,Collision with vehicle,5,Friday,130,REAR END(VEHICLES IN SAME LANE),3,346377,Not at intersection,3,60,Arterial Other,CRAIGIEBURN,HUME,-37.597546,144.92818,2019,6,June,17,Afternoon Peak,Weekday
T20190011559,2019-06-21,16:00:00,1,Collision with vehicle,5,Friday,130,REAR END(VEHICLES IN SAME LANE),1,585579,Cross intersection,3,50,Local Road,BENTINCK,GLENELG,-38.35082,141.60616,2019,6,June,16,Afternoon Peak,Weekday
T20190011558,2019-06-21,17:15:00,1,Collision with vehicle,5,Friday,147,VEHICLE STRIKES ANOTHER VEH WHILE EMERGING FROM DRIVEWAY,3,71732,T intersection,2,60,Local Road,GIDDINGS,GEELONG,-38.12218,144.34468,2019,6,June,17,Afternoon Peak,Weekday
T20190011556,2019-06-21,15:31:00,2,Struck Pedestrian,5,Friday,100,PED NEAR SIDE. PED HIT BY VEHICLE FROM THE RIGHT.,1,346833,T intersection,2,60,Arterial Other,CENTRE,KINGSTON,-37.92673,145.10435,2019,6,June,15,Afternoon Peak,Weekday
T20190011527,2019-06-21,11:58:00,1,Collision with vehicle,5,Friday,113,RIGHT NEAR (INTERSECTIONS ONLY),1,340056,T intersection,2,60,Arterial Other,MILLEARA,MOONEE VALLEY,-37.739838,144.86386,2019,6,June,11,Midday,Weekday
T20190011552,2019-06-21,15:47:00,6,Vehicle overturned (no collision),5,Friday,170,OFF CARRIAGEWAY TO LEFT,1,346453,Not at intersection,2,60,Arterial Highway,ALBERT,DAREBIN,-37.73376,145.02446,2019,6,June,15,Afternoon Peak,Weekday
T20190011551,2019-06-21,16:50:00,1,Collision with vehicle,5,Friday,121,RIGHT THROUGH,1,346371,Not at intersection,3,80,Arterial Highway,SOUTH GIPPSLAND,CASEY,-38.08406,145.27744,2019,6,June,16,Afternoon Peak,Weekday
T20190011539,2019-06-21,09:20:00,6,Vehicle overturned (no collision),5,Friday,170,OFF CARRIAGEWAY TO LEFT,1,659107,Not at intersection,2,100,Local Road,KING PARROT CREEK,MURRINDINDI,-37.212303,145.22792,2019,6,June,9,Morning Peak,Weekday
T20190011582,2019-06-21,22:15:00,1,Collision with vehicle,5,Friday,133,LANE SIDE SWIPE (VEHICLES IN PARALLEL LANES),3,346392,Not at intersection,2,100,Freeway,METROPOLITAN RING,WHITTLESEA,-37.68731,145.03712,2019,6,June,22,Night,Weekday
T20190011595,2019-06-21,12:20:00,6,Vehicle overturned (no collision),5,Friday,174,OUT OF CONTROL ON CARRIAGEWAY (ON STRAIGHT),1,78995,Not at intersection,2,40,Arterial Other,SWAN,YARRA,-37.826927,145.00923,2019,6,June,12,Midday,Weekday
T20190011503,2019-06-21,06:12:00,1,Collision with vehicle,5,Friday,130,REAR END(VEHICLES IN SAME LANE),3,346817,Not at intersection,2,60,Arterial Other,MIDDLEBOROUGH,WHITEHORSE,-37.84797,145.13309,2019,6,June,6,Morning Peak,Weekday
T20190011535,2019-06-21,12:00:00,1,Collision with vehicle,5,Friday,121,RIGHT THROUGH,1,61203,Cross intersection,3,60,Arterial Other,HIGH,WHITTLESEA,-37.647366,145.02611,2019,6,June,12,Midday,Weekday
T20190011819,2019-06-21,17:56:00,1,Collision with vehicle,5,Friday,135,LANE CHANGE LEFT (NOT OVERTAKING),3,346664,Not at intersection,3,100,Freeway,MONASH,MONASH,-37.924408,145.17897,2019,6,June,17,Afternoon Peak,Weekday
T20190011508,2019-06-21,07:00:00,1,Collision with vehicle,5,Friday,113,RIGHT NEAR (INTERSECTIONS ONLY),3,37512,T intersection,2,70,Arterial Other,MOUNTAIN,KNOX,-37.837772,145.28358,2019,6,June,7,Morning Peak,Weekday
T20190011533,2019-06-21,07:40:00,1,Collision with vehicle,5,Friday,135,LANE CHANGE LEFT (NOT OVERTAKING),1,351402,Not at intersection,3,100,Freeway,HUME,HUME,-37.54056,144.94536,2019,6,June,7,Morning Peak,Weekday
T20190011554,2019-06-21,17:40:00,1,Collision with vehicle,5,Friday,121,RIGHT THROUGH,3,235831,T intersection,3,60,Arterial Other,GEELONG,BALLARAT,-37.609657,143.86975,2019,6,June,17,Afternoon Peak,Weekday
T20190011600,2019-06-22,11:00:00,2,Struck Pedestrian,6,Saturday,103,PED PLAYING/LYING/WORKING/STANDING ON CARRIAGEWAY.,1,665248,T intersection,3,50,Local Road,MARRUBAK,BALLARAT,-37.603245,143.81902,2019,6,June,11,Midday,Weekend
T20190011602,2019-06-22,09:02:00,8,No collision and no object struck,6,Saturday,174,OUT OF CONTROL ON CARRIAGEWAY (ON STRAIGHT),1,346524,Not at intersection,3,50,Local Road,RESERVOIR,HUME,-37.570805,144.69856,2019,6,June,9,Morning Peak,Weekend
T20190019561,2019-06-22,16:58:00,1,Collision with vehicle,6,Saturday,130,REAR END(VEHICLES IN SAME LANE),1,593301,Not at intersection,3,60,Arterial Other,CHILDS,WHITTLESEA,-37.659733,145.01955,2019,6,June,16,Afternoon Peak,Weekend
T20190011604,2019-06-22,11:00:00,1,Collision with vehicle,6,Saturday,132,RIGHT REAR.,1,595277,T intersection,3,80,Arterial Other,WESTERN,MELTON,-37.758793,144.74727,2019,6,June,11,Midday,Weekend
T20190011605,2019-06-22,12:45:00,6,Vehicle overturned (no collision),6,Saturday,184,OUT OF CONTROL ON CARRIAGEWAY (ON BEND),1,353556,Not at intersection,2,60,Arterial Other,MEREDITH-STEIGLITZ,GOLDEN PLAINS,-37.87822,144.17847,2019,6,June,12,Midday,Weekend
T20190011606,2019-06-22,12:09:00,8,No collision and no object struck,6,Saturday,170,OFF CARRIAGEWAY TO LEFT,1,346603,Not at intersection,2,60,Local Road,PEARCEDALE,CASEY,-38.12894,145.24913,2019,6,June,12,Midday,Weekend
T20190011608,2019-06-22,13:15:00,1,Collision with vehicle,6,Saturday,130,REAR END(VEHICLES IN SAME LANE),1,347238,Not at intersection,2,70,Arterial Highway,NORTH,GLEN EIRA,-37.902176,145.0265,2019,6,June,13,Midday,Weekend
T20190011852,2019-06-22,14:30:00,1,Collision with vehicle,6,Saturday,111,RIGHT FAR (INTERSECTIONS ONLY),1,73037,T intersection,2,60,Arterial Other,ESPLANADE,MORNINGTON PENINSULA,-38.243282,145.02994,2019,6,June,14,Midday,Weekend
T20190011859,2019-06-22,13:40:00,1,Collision with vehicle,6,Saturday,121,RIGHT THROUGH,1,348486,T intersection,2,50,Local Road,BEACH,SURF COAST,-38.325775,144.31558,2019,6,June,13,Midday,Weekend
T20190018027,2019-06-22,17:30:00,1,Collision with vehicle,6,Saturday,130,REAR END(VEHICLES IN SAME LANE),1,39860,T intersection,3,60,Arterial Other,POINT COOK,HOBSONS BAY,-37.87355,144.7592,2019,6,June,17,Afternoon Peak,Weekend
T20190011621,2019-06-22,16:35:00,1,Collision with vehicle,6,Saturday,113,RIGHT NEAR (INTERSECTIONS ONLY),1,68472,T intersection,2,60,Arterial Other,WAVERLEY,MONASH,-37.884026,145.12157,2019,6,June,16,Afternoon Peak,Weekend
T20190011622,2019-06-22,17:42:00,1,Collision with vehicle,6,Saturday,130,REAR END(VEHICLES IN SAME LANE),3,595278,Not at intersection,3,80,Arterial Other,PLENTY,WHITTLESEA,-37.682854,145.06894,2019,6,June,17,Afternoon Peak,Weekend
T20190011623,2019-06-22,15:30:00,1,Collision with vehicle,6,Saturday,121,RIGHT THROUGH,1,595279,Cross intersection,3,60,Local Road,ADELINE,BANYULE,-37.70375,145.09451,2019,6,June,15,Afternoon Peak,Weekend
T20190011626,2019-06-22,15:30:00,4,Collision with a fixed object,6,Saturday,171,LEFT OFF CARRIAGEWAY INTO OBJECT/PARKED VEHICLE,1,346567,Not at intersection,2,80,Arterial Other,DUNCANS,WYNDHAM,-37.91686,144.69049,2019,6,June,15,Afternoon Peak,Weekend
T20190011628,2019-06-22,20:00:00,1,Collision with vehicle,6,Saturday,152,PULLING OUT (OVERTAKING),3,308661,T intersection,3,80,Local Road,EXFORD,MELTON,-37.732224,144.57635,2019,6,June,20,Night,Weekend
T20190011629,2019-06-22,19:20:00,1,Collision with vehicle,6,Saturday,121,RIGHT THROUGH,3,360511,Not at intersection,3,60,Arterial Other,CRAIGIEBURN,HUME,-37.598694,144.9389,2019,6,June,19,Night,Weekend
T20190011633,2019-06-22,23:44:00,1,Collision with vehicle,6,Saturday,110,CROSS TRAFFIC(INTERSECTIONS ONLY),3,36214,Cross intersection,3,60,Arterial Other,PEEL,MELBOURNE,-37.803783,144.95625,2019,6,June,23,Night,Weekend
T20190011637,2019-06-22,23:38:00,1,Collision with vehicle,6,Saturday,110,CROSS TRAFFIC(INTERSECTIONS ONLY),3,590,Cross intersection,3,60,Arterial Other,GLENFERRIE,STONNINGTON,-37.85662,145.02928,2019,6,June,23,Night,Weekend
T20190011675,2019-06-22,16:30:00,1,Collision with vehicle,6,Saturday,110,CROSS TRAFFIC(INTERSECTIONS ONLY),1,45578,Cross intersection,3,40,Local Road,HOPE,MORELAND,-37.762768,144.94974,2019,6,June,16,Afternoon Peak,Weekend
T20190013039,2019-06-22,18:20:00,8,No collision and no object struck,6,Saturday,100,PED NEAR SIDE. PED HIT BY VEHICLE FROM THE RIGHT.,6,595049,Cross intersection,3,60,Local Road,MCKINNON,GLEN EIRA,-37.911674,145.04295,2019,6,June,18,Afternoon Peak,Weekend
T20190011636,2019-06-22,23:40:00,3,Struck animal,6,Saturday,167,STRUCK ANIMAL,5,346476,Not at intersection,2,80,Local Road,BREW,CARDINIA,-38.069183,145.65372,2019,6,June,23,Night,Weekend
T20190011677,2019-06-22,23:42:00,4,Collision with a fixed object,6,Saturday,171,LEFT OFF CARRIAGEWAY INTO OBJECT/PARKED VEHICLE,5,346405,Not at intersection,3,60,Local Road,BROAD GULLY,NILLUMBIK,-37.63557,145.16655,2019,6,June,23,Night,Weekend
T20190016228,2019-06-22,11:30:00,3,Struck animal,6,Saturday,167,STRUCK ANIMAL,1,593281,Not at intersection,3,100,Local Road,MOUNT COLE,ARARAT,-37.254864,143.22096,2019,6,June,11,Midday,Weekend
T20190011592,2019-06-22,04:55:00,4,Collision with a fixed object,6,Saturday,175,OFF END OF ROAD/T-INTERSECTION.,3,40679,T intersection,3,60,Arterial Other,HOFFMANS,MOONEE VALLEY,-37.737328,144.89233,2019,6,June,4,Late Night,Weekend
T20190011594,2019-06-22,07:30:00,1,Collision with vehicle,6,Saturday,110,CROSS TRAFFIC(INTERSECTIONS ONLY),1,329703,Cross intersection,3,60,Local Road,MORRIS,WYNDHAM,-37.87936,144.7013,2019,6,June,7,Morning Peak,Weekend
T20190011599,2019-06-22,10:00:00,1,Collision with vehicle,6,Saturday,160,VEHICLE COLLIDES WITH VEHICLE PARKED ON LEFT OF ROAD,1,595047,T intersection,2,50,Local Road,WILLESDEN,MONASH,-37.896194,145.08212,2019,6,June,10,Midday,Weekend
T20190011674,2019-06-23,18:02:00,1,Collision with vehicle,7,Sunday,121,RIGHT THROUGH,3,392,T intersection,3,60,Arterial Other,HIGH,WHITTLESEA,-37.666252,145.01645,2019,6,June,18,Afternoon Peak,Weekend
T20190011678,2019-06-23,16:35:00,1,Collision with vehicle,7,Sunday,130,REAR END(VEHICLES IN SAME LANE),1,352661,T intersection,2,80,Arterial Highway,LONSDALE,DANDENONG,-37.999992,145.22412,2019,6,June,16,Afternoon Peak,Weekend
T20190011655,2019-06-23,11:40:00,1,Collision with vehicle,7,Sunday,130,REAR END(VEHICLES IN SAME LANE),1,351741,Not at intersection,3,60,Local Road,OLD GEELONG,WYNDHAM,-37.88298,144.7004,2019,6,June,11,Midday,Weekend
T20190011669,2019-06-23,15:28:00,1,Collision with vehicle,7,Sunday,160,VEHICLE COLLIDES WITH VEHICLE PARKED ON LEFT OF ROAD,1,346442,Not at intersection,3,60,Local Road,SOLDIERS,CASEY,-38.07696,145.36264,2019,6,June,15,Afternoon Peak,Weekend
T20190011656,2019-06-23,12:17:00,1,Collision with vehicle,7,Sunday,113,RIGHT NEAR (INTERSECTIONS ONLY),1,35352,Cross intersection,2,60,Arterial Other,CLARENDON,MELBOURNE,-37.826637,144.95764,2019,6,June,12,Midday,Weekend
T20190011668,2019-06-23,13:56:00,1,Collision with vehicle,7,Sunday,110,CROSS TRAFFIC(INTERSECTIONS ONLY),1,231578,Cross intersection,3,80,Arterial Other,PRINCES,CARDINIA,-38.07092,145.4752,2019,6,June,13,Midday,Weekend
T20190014081,2019-06-23,14:00:00,5,collision with some other object,7,Sunday,166,STRUCK OBJECT ON CARRIAGEWAY,1,580266,Not at intersection,3,100,Local Road,GOLDSWORTHYS,MANSFIELD,-36.918995,145.8615,2019,6,June,14,Midday,Weekend
T20190011690,2019-06-23,01:00:00,4,Collision with a fixed object,7,Sunday,183,OFF LEFT BEND INTO OBJECT/PARKED VEHICLE,3,195459,Not at intersection,2,60,Freeway,PRINCES OUT-CENTRAL,HOBSONS BAY,-37.869415,144.76088,2019,6,June,1,Late Night,Weekend
T20190011657,2019-06-23,12:45:00,4,Collision with a fixed object,7,Sunday,173,RIGHT OFF CARRIAGEWAY INTO OBJECT/PARKED VEHICLE,1,664997,Not at intersection,3,80,Arterial Other,HUME,HUME,-37.634094,144.94995,2019,6,June,12,Midday,Weekend
T20190011658,2019-06-23,11:45:00,8,No collision and no object struck,7,Sunday,174,OUT OF CONTROL ON CARRIAGEWAY (ON STRAIGHT),1,346454,Not at intersection,3,100,Local Road,SOUTH MOUNTAIN,MITCHELL,-37.37791,145.08029,2019,6,June,11,Midday,Weekend
T20190011666,2019-06-23,15:00:00,1,Collision with vehicle,7,Sunday,140,U TURN,1,230976,Not at intersection,2,80,Arterial Highway,WHITEHORSE,WHITEHORSE,-37.818424,145.17798,2019,6,June,15,Afternoon Peak,Weekend
T20190011692,2019-06-23,19:35:00,1,Collision with vehicle,7,Sunday,160,VEHICLE COLLIDES WITH VEHICLE PARKED ON LEFT OF ROAD,5,596735,Not at intersection,3,100,Arterial Other,CORINELLA,BASS COAST,-38.42388,145.44263,2019,6,June,19,Night,Weekend
T20190011698,2019-06-23,23:45:00,1,Collision with vehicle,7,Sunday,160,VEHICLE COLLIDES WITH VEHICLE PARKED ON LEFT OF ROAD,3,349837,Not at intersection,2,50,Local Road,NORFOLK,CASEY,-38.036304,145.31213,2019,6,June,23,Night,Weekend