ACCIDENT_NO,ACCIDENT_DATE,ACCIDENT_TIME,ACCIDENT_TYPE,ACCIDENT_TYPE_DESC,DAY_OF_WEEK,DAY_WEEK_DESC,DCA_CODE,DCA_DESC,LIGHT_CONDITION,NODE_ID,ROAD_GEOMETRY_DESC,SEVERITY,SPEED_ZONE,RMA,ROAD_NAME,LGA_NAME,LATITUDE,LONGITUDE,YEAR,MONTH,MONTH_NAME,HOUR,TIME_PERIOD,DAY_TYPE
T20190011662,2019-06-23,14:44:00,1,Collision with vehicle,7,Sunday,130,REAR END(VEHICLES IN SAME LANE),1,42320,T intersection,2,60,Arterial Highway,WARRIGAL,KINGSTON,-37.928856,145.08148,2019,6,June,14,Midday,Weekend
T20190011679,2019-06-23,15:48:00,6,Vehicle overturned (no collision),7,Sunday,174,OUT OF CONTROL ON CARRIAGEWAY (ON STRAIGHT),1,359544,Not at intersection,3,50,Local Road,STOCKADE,MORELAND,-37.73583,144.97061,2019,6,June,15,Afternoon Peak,Weekend
T20190011689,2019-06-23,19:53:00,1,Collision with vehicle,7,Sunday,113,RIGHT NEAR (INTERSECTIONS ONLY),3,36593,Cross intersection,3,80,Arterial Highway,MAROONDAH,YARRA RANGES,-37.75313,145.3655,2019,6,June,19,Night,Weekend
T20190011688,2019-06-23,18:30:00,4,Collision with a fixed object,7,Sunday,171,LEFT OFF CARRIAGEWAY INTO OBJECT/PARKED VEHICLE,3,189,Not at intersection,3,50,Local Road,CLANCYS,YARRA RANGES,-37.788635,145.3908,2019,6,June,18,Afternoon Peak,Weekend
T20190011687,2019-06-23,17:01:00,1,Collision with vehicle,7,Sunday,130,REAR END(VEHICLES IN SAME LANE),3,582259,Not at intersection,2,100,Freeway,PRINCES,WYNDHAM,-37.924843,144.64352,2019,6,June,17,Afternoon Peak,Weekend
T20190011665,2019-06-23,13:40:00,1,Collision with vehicle,7,Sunday,135,LANE CHANGE LEFT (NOT OVERTAKING),1,346510,Not at intersection,3,80,Freeway,WEST GATE IN-KINGS,MELBOURNE,-37.825443,144.94064,2019,6,June,13,Midday,Weekend
T20190011682,2019-06-23,17:19:00,1,Collision with vehicle,7,Sunday,111,RIGHT FAR (INTERSECTIONS ONLY),5,47156,T intersection,2,80,Arterial Other,DUNCANS,WYNDHAM,-37.92709,144.70406,2019,6,June,17,Afternoon Peak,Weekend
T20190011659,2019-06-23,11:30:00,1,Collision with vehicle,7,Sunday,140,U TURN,1,605612,Not at intersection,2,60,Arterial Other,DAREBIN,DAREBIN,-37.765766,145.02307,2019,6,June,11,Midday,Weekend
T20190011685,2019-06-23,19:50:00,1,Collision with vehicle,7,Sunday,121,RIGHT THROUGH,5,57581,T intersection,2,60,Arterial Other,WELLINGTON,CARDINIA,-37.930775,145.42122,2019,6,June,19,Night,Weekend
T20190019684,2019-06-23,20:30:00,1,Collision with vehicle,7,Sunday,131,LEFT REAR,3,348200,Cross intersection,3,60,Arterial Highway,BULLEEN,BOROONDARA,-37.779644,145.07869,2019,6,June,20,Night,Weekend
T20190011649,2019-06-23,07:58:00,1,Collision with vehicle,7,Sunday,121,RIGHT THROUGH,1,57783,T intersection,2,70,Arterial Highway,SURF COAST,GEELONG,-38.20121,144.34135,2019,6,June,7,Morning Peak,Weekend
T20190011648,2019-06-23,09:05:00,1,Collision with vehicle,7,Sunday,147,VEHICLE STRIKES ANOTHER VEH WHILE EMERGING FROM DRIVEWAY,1,346437,Not at intersection,2,80,Arterial Highway,NEPEAN,BAYSIDE,-37.90015,145.00655,2019,6,June,9,Morning Peak,Weekend
T20190011635,2019-06-23,00:13:00,4,Collision with a fixed object,7,Sunday,173,RIGHT OFF CARRIAGEWAY INTO OBJECT/PARKED VEHICLE,3,586480,T intersection,2,60,Local Road,CENTENARY,MELTON,-37.673965,144.57825,2019,6,June,0,Late Night,Weekend
T20190019055,2019-06-23,12:30:00,1,Collision with vehicle,7,Sunday,137,LEFT TURN SIDESWIPE,1,53302,T intersection,3,80,Arterial Highway,NORTH,MONASH,-37.91429,145.12431,2019,6,June,12,Midday,Weekend
T20190013322,2019-06-23,16:00:00,4,Collision with a fixed object,7,Sunday,189,OTHER ACCIDENTS ON CURVE NOT INCLUDED IN DCAs 180-184,1,347472,Not at intersection,3,50,Local Road,GEORGINA,BOROONDARA,-37.84314,145.07474,2019,6,June,16,Afternoon Peak,Weekend
T20190011729,2019-06-24,15:15:00,2,Struck Pedestrian,1,Monday,104,PED WALKING WITH TRAFFIC,1,346709,Not at intersection,2,80,Arterial Other,PLENTY,WHITTLESEA,-37.62404,145.09697,2019,6,June,15,Afternoon Peak,Weekday
T20190011733,2019-06-24,07:00:00,1,Collision with vehicle,1,Monday,130,REAR END(VEHICLES IN SAME LANE),2,346511,Not at intersection,3,50,Arterial Other,WILLIAMSONS,MANNINGHAM,-37.75338,145.13484,2019,6,June,7,Morning Peak,Weekday
T20190011734,2019-06-24,16:45:00,1,Collision with vehicle,1,Monday,110,CROSS TRAFFIC(INTERSECTIONS ONLY),1,36362,Cross intersection,3,50,Local Road,DRUMMOND,YARRA,-37.7896,144.97035,2019,6,June,16,Afternoon Peak,Weekday
T20190011747,2019-06-24,18:00:00,1,Collision with vehicle,1,Monday,110,CROSS TRAFFIC(INTERSECTIONS ONLY),3,30048,Cross intersection,3,60,Local Road,TENTH,MILDURA,-34.18384,142.15408,2019,6,June,18,Afternoon Peak,Weekday
T20190011736,2019-06-24,17:55:00,1,Collision with vehicle,1,Monday,110,CROSS TRAFFIC(INTERSECTIONS ONLY),3,38868,Cross intersection,2,60,Arterial Other,BARKERS,BOROONDARA,-37.812737,145.02026,2019,6,June,17,Afternoon Peak,Weekday
T20190011737,2019-06-24,15:15:00,1,Collision with vehicle,1,Monday,113,RIGHT NEAR (INTERSECTIONS ONLY),1,42375,T intersection,3,60,Arterial Other,CENTRE,KINGSTON,-37.927338,145.10918,2019,6,June,15,Afternoon Peak,Weekday
T20190011738,2019-06-24,18:15:00,2,Struck Pedestrian,1,Monday,102,FAR SIDE. PED HIT BY VEHICLE FROM THE LEFT,3,346456,Not at intersection,2,60,Arterial Other,KOROROIT CREEK,HOBSONS BAY,-37.85728,144.88326,2019,6,June,18,Afternoon Peak,Weekday
T20190011739,2019-06-24,17:50:00,1,Collision with vehicle,1,Monday,130,REAR END(VEHICLES IN SAME LANE),5,346521,Not at intersection,3,60,Arterial Other,CENTRE DANDENONG,KINGSTON,-37.96972,145.09087,2019,6,June,17,Afternoon Peak,Weekday
T20190011740,2019-06-24,16:30:00,1,Collision with vehicle,1,Monday,121,RIGHT THROUGH,1,38924,Cross intersection,3,60,Arterial Other,COTHAM,BOROONDARA,-37.807552,145.03674,2019,6,June,16,Afternoon Peak,Weekday
T20190011744,2019-06-24,18:00:00,1,Collision with vehicle,1,Monday,130,REAR END(VEHICLES IN SAME LANE),3,133034,Not at intersection,3,100,Freeway,EASTERN,WHITEHORSE,-37.79725,145.13033,2019,6,June,18,Afternoon Peak,Weekday
T20190011745,2019-06-24,08:15:00,2,Struck Pedestrian,1,Monday,109,ANY MANOEUVRE INVOLVING PED NOT INCLUDED IN DCAs 100-108.,9,592787,Not at intersection,3,50,Arterial Highway,STAWELL,HORSHAM,-36.728058,142.2053,2019,6,June,8,Morning Peak,Weekday
T20190011746,2019-06-24,20:15:00,1,Collision with vehicle,1,Monday,120,HEAD ON (NOT OVERTAKING),5,580812,Not at intersection,3,100,Arterial Highway,MIDLAND,MOORABOOL,-37.764767,144.01295,2019,6,June,20,Night,Weekday
T20190011702,2019-06-24,06:50:00,1,Collision with vehicle,1,Monday,130,REAR END(VEHICLES IN SAME LANE),2,346612,Not at intersection,3,80,Arterial Other,HUME,HUME,-37.60775,144.94597,2019,6,June,6,Morning Peak,Weekday
T20190011764,2019-06-24,08:50:00,1,Collision with vehicle,1,Monday,147,VEHICLE STRIKES ANOTHER VEH WHILE EMERGING FROM DRIVEWAY,1,346710,Not at intersection,2,80,Local Road,HALL,FRANKSTON,-38.10436,145.21202,2019,6,June,8,Morning Peak,Weekday
T20190011704,2019-06-24,08:15:00,2,Struck Pedestrian,1,Monday,102,FAR SIDE. PED HIT BY VEHICLE FROM THE LEFT,1,89,Cross intersection,3,40,Local Road,FITZROY,PORT PHILLIP,-37.86201,144.9736,2019,6,June,8,Morning Peak,Weekday
T20190011705,2019-06-24,09:05:00,1,Collision with vehicle,1,Monday,110,CROSS TRAFFIC(INTERSECTIONS ONLY),1,43876,Cross intersection,2,80,Arterial Other,EVANS,CASEY,-38.10937,145.2524,2019,6,June,9,Morning Peak,Weekday
T20190011788,2019-06-24,17:30:00,8,No collision and no object struck,1,Monday,180,OFF CARRIAGEWAY ON RIGHT BEND,2,584242,Not at intersection,2,80,Freeway,BEACONSFIELD-NAR NAR GOON,CASEY,-38.062786,145.3671,2019,6,June,17,Afternoon Peak,Weekday
T20190011706,2019-06-24,08:45:00,1,Collision with vehicle,1,Monday,130,REAR END(VEHICLES IN SAME LANE),1,346581,Not at intersection,3,60,Arterial Other,GRETA,WANGARATTA,-36.36662,146.31444,2019,6,June,8,Morning Peak,Weekday
T20190011723,2019-06-24,15:03:00,1,Collision with vehicle,1,Monday,132,RIGHT REAR.,1,43791,Cross intersection,2,60,Arterial Highway,WARBURTON,YARRA RANGES,-37.78032,145.4283,2019,6,June,15,Afternoon Peak,Weekday
T20190011716,2019-06-24,12:15:00,1,Collision with vehicle,1,Monday,121,RIGHT THROUGH,1,36826,Cross intersection,2,40,Arterial Other,DUDLEY,MELBOURNE,-37.80924,144.95236,2019,6,June,12,Midday,Weekday
T20190011718,2019-06-24,11:00:00,4,Collision with a fixed object,1,Monday,171,LEFT OFF CARRIAGEWAY INTO OBJECT/PARKED VEHICLE,1,346937,Not at intersection,2,100,Arterial Other,DOOKIE-DEVENISH,SHEPPARTON,-36.33891,145.76732,2019,6,June,11,Midday,Weekday
T20190011721,2019-06-24,11:15:00,1,Collision with vehicle,1,Monday,110,CROSS TRAFFIC(INTERSECTIONS ONLY),1,50494,Cross intersection,3,60,Arterial Highway,BROOKE,GOLDEN PLAINS,-37.643528,143.68547,2019,6,June,11,Midday,Weekday
T20190011724,2019-06-24,14:58:00,1,Collision with vehicle,1,Monday,143,ENTERING PARKING,1,249203,Not at intersection,3,40,Arterial Other,SYDNEY,MORELAND,-37.76949,144.9617,2019,6,June,14,Midday,Weekday
T20190011711,2019-06-24,06:40:00,2,Struck Pedestrian,1,Monday,102,FAR SIDE. PED HIT BY VEHICLE FROM THE LEFT,3,884,Cross intersection,3,60,Arterial Other,EDITHVALE,KINGSTON,-38.038555,145.10902,2019,6,June,6,Morning Peak,Weekday
T20190018697,2019-06-24,06:45:00,4,Collision with a fixed object,1,Monday,171,LEFT OFF CARRIAGEWAY INTO OBJECT/PARKED VEHICLE,2,588730,Not at intersection,3,100,Arterial Other,MIRBOO NORTH-TRAFALGAR,BAW BAW,-38.316216,146.17168,2019,6,June,6,Morning Peak,Weekday
T20190012076,2019-06-24,16:10:00,1,Collision with vehicle,1,Monday,121,RIGHT THROUGH,1,590,Cross intersection,2,40,Arterial Other,GLENFERRIE,STONNINGTON,-37.85662,145.02928,2019,6,June,16,Afternoon Peak,Weekday
T20190011869,2019-06-24,20:30:00,1,Collision with vehicle,1,Monday,111,RIGHT FAR (INTERSECTIONS ONLY),9,56731,T intersection,3,40,Local Road,BANK,PORT PHILLIP,-37.831593,144.96977,2019,6,June,20,Night,Weekday
T20190011761,2019-06-24,16:13:00,1,Collision with vehicle,1,Monday,110,CROSS TRAFFIC(INTERSECTIONS ONLY),1,49430,Cross intersection,3,100,Arterial Other,CHAUNCEY STREET -ROCHFORD,MACEDON RANGES,-37.27973,144.71313,2019,6,June,16,Afternoon Peak,Weekday
T20190015799,2019-06-24,13:42:00,1,Collision with vehicle,1,Monday,130,REAR END(VEHICLES IN SAME LANE),1,627029,Not at intersection,3,80,Arterial Highway,DANDENONG,DANDENONG,-37.927265,145.1475,2019,6,June,13,Midday,Weekday
T20190012461,2019-06-24,17:00:00,2,Struck Pedestrian,1,Monday,102,FAR SIDE. PED HIT BY VEHICLE FROM THE LEFT,9,346922,Not at intersection,3,50,Local Road,DUFF,CASEY,-38.10236,145.26564,2019,6,June,17,Afternoon Peak,Weekday
T20190012580,2019-06-24,15:00:00,1,Collision with vehicle,1,Monday,113,RIGHT NEAR (INTERSECTIONS ONLY),1,347235,T intersection,3,60,Freeway,MONASH IN-TOORAK,STONNINGTON,-37.844837,145.0392,2019,6,June,15,Afternoon Peak,Weekday
T20190011735,2019-06-24,15:23:00,2,Struck Pedestrian,1,Monday,102,FAR SIDE. PED HIT BY VEHICLE FROM THE LEFT,1,346615,Not at intersection,2,80,Arterial Highway,CHELTENHAM,DANDENONG,-37.992115,145.1561,2019,6,June,15,Afternoon Peak,Weekday
T20190019637,2019-06-24,20:35:00,1,Collision with vehicle,1,Monday,130,REAR END(VEHICLES IN SAME LANE),3,1110,T intersection,2,60,Arterial Highway,POINT NEPEAN,MORNINGTON PENINSULA,-38.371063,144.83086,2019,6,June,20,Night,Weekday
T20190011799,2019-06-24,17:30:00,1,Collision with vehicle,1,Monday,116,LEFT NEAR (INTERSECTIONS ONLY),2,41762,T intersection,2,80,Arterial Highway,WELLINGTON,MONASH,-37.91727,145.1471,2019,6,June,17,Afternoon Peak,Weekday
T20190011758,2019-06-25,02:17:00,4,Collision with a fixed object,2,Tuesday,151,OUT OF CONTROL (OVERTAKING),3,618445,T intersection,2,60,Arterial Other,CANTERBURY,WHITEHORSE,-37.82718,145.10812,2019,6,June,2,Late Night,Weekday
T20190011784,2019-06-25,13:07:00,2,Struck Pedestrian,2,Tuesday,101,PED EMERGES FROM IN FRONT OF PARKED OR STATIONARY VEHICLE,1,346523,Not at intersection,3,60,Local Road,PLANTATION,GEELONG,-38.06692,144.36072,2019,6,June,13,Midday,Weekday
T20190011778,2019-06-25,09:10:00,1,Collision with vehicle,2,Tuesday,137,LEFT TURN SIDESWIPE,1,64917,Cross intersection,3,40,Local Road,GOLD,YARRA,-37.791977,144.99034,2019,6,June,9,Morning Peak,Weekday
T20190012885,2019-06-25,22:00:00,1,Collision with vehicle,2,Tuesday,130,REAR END(VEHICLES IN SAME LANE),3,600447,T intersection,3,60,Freeway,EASTERN OUT-ELGAR,MANNINGHAM,-37.795704,145.11874,2019,6,June,22,Night,Weekday
T20190011776,2019-06-25,10:30:00,1,Collision with vehicle,2,Tuesday,130,REAR END(VEHICLES IN SAME LANE),1,299726,Multiple intersection,2,80,Freeway,WELLINGTON,KNOX,-37.925407,145.21242,2019,6,June,10,Midday,Weekday
T20190011767,2019-06-25,08:25:00,1,Collision with vehicle,2,Tuesday,163,VEHICLE STRIKES DOOR OF PARKED/STATIONARY VEHICLE,1,346512,Not at intersection,3,60,Arterial Other,HAWTHORN,GLEN EIRA,-37.882088,145.0229,2019,6,June,8,Morning Peak,Weekday
T20190011780,2019-06-25,11:04:00,1,Collision with vehicle,2,Tuesday,111,RIGHT FAR (INTERSECTIONS ONLY),1,595826,T intersection,2,70,Arterial Other,SOUTHERN,BANYULE,-37.741394,145.04053,2019,6,June,11,Midday,Weekday
T20190011765,2019-06-25,07:18:00,1,Collision with vehicle,2,Tuesday,134,LANE CHANGE RIGHT (NOT OVERTAKING),1,346537,Not at intersection,2,100,Freeway,WESTERN RING OUT-HUME,HUME,-37.69203,144.95215,2019,6,June,7,Morning Peak,Weekday
T20190017006,2019-06-25,09:50:00,1,Collision with vehicle,2,Tuesday,130,REAR END(VEHICLES IN SAME LANE),9,582846,Not at intersection,3,100,Freeway,EASTLINK,KNOX,-37.8981,145.21494,2019,6,June,9,Morning Peak,Weekday
T20190012717,2019-06-25,15:00:00,1,Collision with vehicle,2,Tuesday,147,VEHICLE STRIKES ANOTHER VEH WHILE EMERGING FROM DRIVEWAY,1,347040,Not at intersection,3,60,Local Road,PEARSON,MORELAND,-37.7677,144.94894,2019,6,June,15,Afternoon Peak,Weekday
T20190011790,2019-06-25,10:20:00,1,Collision with vehicle,2,Tuesday,132,RIGHT REAR.,1,43465,T intersection,2,60,Arterial Other,MURRAY,MORELAND,-37.73568,144.98016,2019,6,June,10,Midday,Weekday
T20190011791,2019-06-25,09:17:00,1,Collision with vehicle,2,Tuesday,130,REAR END(VEHICLES IN SAME LANE),1,360449,Not at intersection,2,70,Arterial Other,SYDNEY,MORELAND,-37.69509,144.95915,2019,6,June,9,Morning Peak,Weekday
T20190011792,2019-06-25,11:18:00,1,Collision with vehicle,2,Tuesday,130,REAR END(VEHICLES IN SAME LANE),1,347979,Not at intersection,2,80,Arterial Highway,NEPEAN,MORNINGTON PENINSULA,-38.2126,145.06671,2019,6,June,11,Midday,Weekday
T20190013432,2019-06-25,16:25:00,1,Collision with vehicle,2,Tuesday,130,REAR END(VEHICLES IN SAME LANE),9,41050,T intersection,3,60,Arterial Other,PASCOE VALE,MORELAND,-37.711964,144.9171,2019,6,June,16,Afternoon Peak,Weekday
T20190011797,2019-06-25,10:00:00,1,Collision with vehicle,2,Tuesday,111,RIGHT FAR (INTERSECTIONS ONLY),1,47706,Cross intersection,2,40,Local Road,FIFTH,HOBSONS BAY,-37.83881,144.85007,2019,6,June,10,Midday,Weekday
T20190011991,2019-06-25,06:27:00,1,Collision with vehicle,2,Tuesday,130,REAR END(VEHICLES IN SAME LANE),2,90695,Not at intersection,3,60,Arterial Highway,ST KILDA,PORT PHILLIP,-37.86121,144.98434,2019,6,June,6,Morning Peak,Weekday
T20190011800,2019-06-25,15:00:00,1,Collision with vehicle,2,Tuesday,116,LEFT NEAR (INTERSECTIONS ONLY),1,43078,Cross intersection,2,60,Arterial Highway,FOSTER,DANDENONG,-37.98862,145.21805,2019,6,June,15,Afternoon Peak,Weekday
T20190011801,2019-06-25,15:15:00,4,Collision with a fixed object,2,Tuesday,183,OFF LEFT BEND INTO OBJECT/PARKED VEHICLE,1,638333,Not at intersection,2,100,Arterial Other,LEXTON-TALBOT,PYRENEES,-37.267162,143.52237,2019,6,June,15,Afternoon Peak,Weekday
T20190011804,2019-06-25,16:02:00,1,Collision with vehicle,2,Tuesday,120,HEAD ON (NOT OVERTAKING),1,346708,Not at intersection,2,100,Arterial Highway,MCIVOR,BENDIGO,-36.84183,144.60408,2019,6,June,16,Afternoon Peak,Weekday
T20190011808,2019-06-25,06:30:00,1,Collision with vehicle,2,Tuesday,147,VEHICLE STRIKES ANOTHER VEH WHILE EMERGING FROM DRIVEWAY,6,346802,Not at intersection,3,60,Arterial Highway,WARRIGAL,KINGSTON,-37.96828,145.07402,2019,6,June,6,Morning Peak,Weekday
T20190011809,2019-06-25,16:20:00,2,Struck Pedestrian,2,Tuesday,101,PED EMERGES FROM IN FRONT OF PARKED OR STATIONARY VEHICLE,1,346842,Not at intersection,2,60,Arterial Other,SURREY,WHITEHORSE,-37.80286,145.15932,2019,6,June,16,Afternoon Peak,Weekday
T20190011813,2019-06-25,17:10:00,1,Collision with vehicle,2,Tuesday,130,REAR END(VEHICLES IN SAME LANE),2,346584,Not at intersection,2,100,Freeway,WESTERN RING,WYNDHAM,-37.82129,144.81015,2019,6,June,17,Afternoon Peak,Weekday
T20190011816,2019-06-25,15:20:00,2,Struck Pedestrian,2,Tuesday,100,PED NEAR SIDE. PED HIT BY VEHICLE FROM THE RIGHT.,1,346578,Not at intersection,2,60,Local Road,STATION,KINGSTON,-38.02123,145.09842,2019,6,June,15,Afternoon Peak,Weekday
T20190011817,2019-06-25,19:38:00,4,Collision with a fixed object,2,Tuesday,173,RIGHT OFF CARRIAGEWAY INTO OBJECT/PARKED VEHICLE,5,596886,Not at intersection,3,80,Arterial Highway,SOUTH GIPPSLAND,CASEY,-38.078537,145.27403,2019,6,June,19,Night,Weekday
T20190011820,2019-06-25,19:20:00,1,Collision with vehicle,2,Tuesday,121,RIGHT THROUGH,3,48598,Cross intersection,2,60,Arterial Other,RYANS,NILLUMBIK,-37.68677,145.14294,2019,6,June,19,Night,Weekday
T20190011821,2019-06-25,19:30:00,1,Collision with vehicle,2,Tuesday,110,CROSS TRAFFIC(INTERSECTIONS ONLY),3,11736,Cross intersection,2,60,Arterial Other,BOUNDARY,MELBOURNE,-37.787827,144.9405,2019,6,June,19,Night,Weekday
T20190011822,2019-06-25,22:10:00,1,Collision with vehicle,2,Tuesday,130,REAR END(VEHICLES IN SAME LANE),3,774,Cross intersection,2,80,Arterial Highway,NEPEAN,KINGSTON,-37.957436,145.05193,2019,6,June,22,Night,Weekday
T20190011823,2019-06-25,18:10:00,1,Collision with vehicle,2,Tuesday,130,REAR END(VEHICLES IN SAME LANE),3,579678,Not at intersection,2,80,Freeway,CITYLINK,MORELAND,-37.75105,144.93495,2019,6,June,18,Afternoon Peak,Weekday
T20190011828,2019-06-25,21:25:00,1,Collision with vehicle,2,Tuesday,147,VEHICLE STRIKES ANOTHER VEH WHILE EMERGING FROM DRIVEWAY,3,346566,Not at intersection,3,60,Local Road,HOGANS,WYNDHAM,-37.86266,144.6834,2019,6,June,21,Night,Weekday
T20190011829,2019-06-25,23:45:00,2,Struck Pedestrian,2,Tuesday,100,PED NEAR SIDE. PED HIT BY VEHICLE FROM THE RIGHT.,3,36037,Cross intersection,3,50,Local Road,GLENLYON,MORELAND,-37.772663,144.9715,2019,6,June,23,Night,Weekday
T20190011830,2019-06-25,09:28:00,1,Collision with vehicle,2,Tuesday,140,U TURN,1,346530,Not at intersection,2,50,Local Road,HARDING,MORELAND,-37.745987,144.9749,2019,6,June,9,Morning Peak,Weekday
T20190013407,2019-06-25,18:30:00,1,Collision with vehicle,2,Tuesday,113,RIGHT NEAR (INTERSECTIONS ONLY),3,581901,T intersection,3,50,Local Road,MACKENZIE,BAYSIDE,-37.9722,145.05225,2019,6,June,18,Afternoon Peak,Weekday
T20190011854,2019-06-26,12:45:00,1,Collision with vehicle,3,Wednesday,130,REAR END(VEHICLES IN SAME LANE),1,596316,Not at intersection,3,80,Arterial Highway,PRINCES,CASEY,-38.00376,145.2538,2019,6,June,12,Midday,Weekday
T20190011853,2019-06-26,10:30:00,1,Collision with vehicle,3,Wednesday,113,RIGHT NEAR (INTERSECTIONS ONLY),1,291983,T intersection,2,60,Arterial Other,BROADWAY,DAREBIN,-37.716736,145.00774,2019,6,June,10,Midday,Weekday
T20190011849,2019-06-26,11:10:00,1,Collision with vehicle,3,Wednesday,130,REAR END(VEHICLES IN SAME LANE),1,346533,Not at intersection,2,50,Arterial Other,MAIN,MACEDON RANGES,-37.463966,144.6753,2019,6,June,11,Midday,Weekday
T20190011894,2019-06-26,17:00:00,2,Struck Pedestrian,3,Wednesday,100,PED NEAR SIDE. PED HIT BY VEHICLE FROM THE RIGHT.,2,347966,Not at intersection,2,60,Arterial Other,TEMPLESTOWE,MANNINGHAM,-37.75979,145.08401,2019,6,June,17,Afternoon Peak,Weekday
T20190011847,2019-06-26,11:15:00,1,Collision with vehicle,3,Wednesday,110,CROSS TRAFFIC(INTERSECTIONS ONLY),1,311681,Cross intersection,3,50,Local Road,KENT,BALLARAT,-37.58393,143.83241,2019,6,June,11,Midday,Weekday
T20190011844,2019-06-26,08:30:00,4,Collision with a fixed object,3,Wednesday,181,OFF RIGHT BEND INTO OBJECT/PARKED VEHICLE,1,346646,Not at intersection,3,80,Arterial Other,TAWONGA GAP,ALPINE,-36.72895,147.0619,2019,6,June,8,Morning Peak,Weekday
T20190011840,2019-06-26,09:00:00,1,Collision with vehicle,3,Wednesday,163,VEHICLE STRIKES DOOR OF PARKED/STATIONARY VEHICLE,1,346810,Not at intersection,3,70,Arterial Other,SOUTH,BAYSIDE,-37.932964,145.03333,2019,6,June,9,Morning Peak,Weekday
T20190012478,2019-06-26,15:20:00,1,Collision with vehicle,3,Wednesday,121,RIGHT THROUGH,1,663,Cross intersection,3,60,Arterial Other,ESPLANADE,BAYSIDE,-37.910786,144.98605,2019,6,June,15,Afternoon Peak,Weekday
T20190012120,2019-06-26,15:00:00,1,Collision with vehicle,3,Wednesday,140,U TURN,1,44336,Cross intersection,2,60,Arterial Other,WERRIBEE STREET -WERRIBEE,WYNDHAM,-37.90456,144.6555,2019,6,June,15,Afternoon Peak,Weekday
T20190014330,2019-06-26,17:45:00,1,Collision with vehicle,3,Wednesday,135,LANE CHANGE LEFT (NOT OVERTAKING),2,360349,Not at intersection,3,60,Arterial Other,REYNOLDS,MANNINGHAM,-37.764084,145.17189,2019,6,June,17,Afternoon Peak,Weekday
T20190013126,2019-06-26,18:10:00,1,Collision with vehicle,3,Wednesday,130,REAR END(VEHICLES IN SAME LANE),3,584798,Not at intersection,3,60,Arterial Other,STEPHENSONS,MONASH,-37.88034,145.12817,2019,6,June,18,Afternoon Peak,Weekday
T20190011989,2019-06-26,14:05:00,2,Struck Pedestrian,3,Wednesday,100,PED NEAR SIDE. PED HIT BY VEHICLE FROM THE RIGHT.,1,346658,Not at intersection,2,80,Arterial Highway,NEPEAN,MORNINGTON PENINSULA,-38.2234,145.05301,2019,6,June,14,Midday,Weekday
T20190011990,2019-06-26,15:30:00,1,Collision with vehicle,3,Wednesday,132,RIGHT REAR.,1,596570,Not at intersection,3,60,Arterial Other,DANDENONG,FRANKSTON,-38.136044,145.12886,2019,6,June,15,Afternoon Peak,Weekday
T20190012494,2019-06-26,08:35:00,1,Collision with vehicle,3,Wednesday,136,RIGHT TURN SIDESWIPE,1,47296,Cross intersection,2,50,Local Road,DAVID MUNROE,HUME,-37.63679,144.93259,2019,6,June,8,Morning Peak,Weekday
T20190012207,2019-06-26,17:15:00,3,Struck animal,3,Wednesday,167,STRUCK ANIMAL,2,348491,Not at intersection,2,100,Arterial Other,MERRIANG,WHITTLESEA,-37.44795,145.02727,2019,6,June,17,Afternoon Peak,Weekday
T20190011908,2019-06-26,10:50:00,1,Collision with vehicle,3,Wednesday,173,RIGHT OFF CARRIAGEWAY INTO OBJECT/PARKED VEHICLE,1,598455,Cross intersection,2,60,Arterial Other,DONCASTER,MANNINGHAM,-37.787395,145.1251,2019,6,June,10,Midday,Weekday
T20190012080,2019-06-26,08:30:00,2,Struck Pedestrian,3,Wednesday,103,PED PLAYING/LYING/WORKING/STANDING ON CARRIAGEWAY.,1,346729,Not at intersection,3,40,Arterial Other,EASTBOURNE,MORNINGTON PENINSULA,-38.3674,144.88702,2019,6,June,8,Morning Peak,Weekday
T20190012312,2019-06-26,18:10:00,1,Collision with vehicle,3,Wednesday,130,REAR END(VEHICLES IN SAME LANE),3,360399,Not at intersection,3,80,Arterial Highway,DANDENONG,MONASH,-37.915184,145.12819,2019,6,June,18,Afternoon Peak,Weekday
T20190015043,2019-06-26,08:10:00,1,Collision with vehicle,3,Wednesday,130,REAR END(VEHICLES IN SAME LANE),1,579691,Not at intersection,3,50,Local Road,NORELLE,BENDIGO,-36.777756,144.23982,2019,6,June,8,Morning Peak,Weekday
T20190011877,2019-06-26,16:00:00,2,Struck Pedestrian,3,Wednesday,100,PED NEAR SIDE. PED HIT BY VEHICLE FROM THE RIGHT.,1,42438,T intersection,3,60,Arterial Other,CENTRE,KINGSTON,-37.93014,145.13185,2019,6,June,16,Afternoon Peak,Weekday
T20190011879,2019-06-26,17:00:00,1,Collision with vehicle,3,Wednesday,110,CROSS TRAFFIC(INTERSECTIONS ONLY),2,43481,Cross intersection,3,60,Local Road,FOOT,FRANKSTON,-38.161358,145.12903,2019,6,June,17,Afternoon Peak,Weekday
T20190011882,2019-06-26,16:00:00,1,Collision with vehicle,3,Wednesday,169,OTHER ON PATH,1,41205,T intersection,2,50,Local Road,HALIFAX,BAYSIDE,-37.914963,145.00374,2019,6,June,16,Afternoon Peak,Weekday
T20190011884,2019-06-26,17:28:00,1,Collision with vehicle,3,Wednesday,113,RIGHT NEAR (INTERSECTIONS ONLY),2,19365,T intersection,2,70,Arterial Highway,OGILVIE,CAMPASPE,-36.140453,144.73387,2019,6,June,17,Afternoon Peak,Weekday
T20190011885,2019-06-26,14:00:00,1,Collision with vehicle,3,Wednesday,113,RIGHT NEAR (INTERSECTIONS ONLY),1,346726,T intersection,2,60,Local Road,ROSLYN,GEELONG,-38.17499,144.33908,2019,6,June,14,Midday,Weekday
T20190011887,2019-06-26,16:42:00,4,Collision with a fixed object,3,Wednesday,171,LEFT OFF CARRIAGEWAY INTO OBJECT/PARKED VEHICLE,1,596079,Not at intersection,2,50,Local Road,POWER,KNOX,-37.844482,145.27122,2019,6,June,16,Afternoon Peak,Weekday