ACCIDENT_NO,ACCIDENT_DATE,ACCIDENT_TIME,ACCIDENT_TYPE,ACCIDENT_TYPE_DESC,DAY_OF_WEEK,DAY_WEEK_DESC,DCA_CODE,DCA_DESC,LIGHT_CONDITION,NODE_ID,ROAD_GEOMETRY_DESC,SEVERITY,SPEED_ZONE,RMA,ROAD_NAME,LGA_NAME,LATITUDE,LONGITUDE,YEAR,MONTH,MONTH_NAME,HOUR,TIME_PERIOD,DAY_TYPE
T20190011889,2019-06-26,18:05:00,1,Collision with vehicle,3,Wednesday,130,REAR END(VEHICLES IN SAME LANE),3,583095,Not at intersection,2,80,Freeway,TULLAMARINE,HUME,-37.696198,144.88661,2019,6,June,18,Afternoon Peak,Weekday
T20190011875,2019-06-26,14:30:00,2,Struck Pedestrian,3,Wednesday,102,FAR SIDE. PED HIT BY VEHICLE FROM THE LEFT,1,44511,Cross intersection,2,60,Arterial Other,MURRAY,DAREBIN,-37.741005,145.03085,2019,6,June,14,Midday,Weekday
T20190011893,2019-06-26,18:08:00,1,Collision with vehicle,3,Wednesday,130,REAR END(VEHICLES IN SAME LANE),3,347458,Not at intersection,3,80,Arterial Highway,DANDENONG,DANDENONG,-38.00076,145.18658,2019,6,June,18,Afternoon Peak,Weekday
T20190011899,2019-06-26,16:20:00,1,Collision with vehicle,3,Wednesday,120,HEAD ON (NOT OVERTAKING),1,346504,Not at intersection,1,100,Arterial Other,BONEO,MORNINGTON PENINSULA,-38.473186,144.99939,2019,6,June,16,Afternoon Peak,Weekday
T20190011898,2019-06-26,18:15:00,1,Collision with vehicle,3,Wednesday,110,CROSS TRAFFIC(INTERSECTIONS ONLY),3,43242,Cross intersection,3,60,Local Road,STATION,KINGSTON,-38.04735,145.11407,2019,6,June,18,Afternoon Peak,Weekday
T20190011868,2019-06-26,11:50:00,1,Collision with vehicle,3,Wednesday,160,VEHICLE COLLIDES WITH VEHICLE PARKED ON LEFT OF ROAD,1,347111,Not at intersection,2,50,Local Road,CHURCHILL,MANNINGHAM,-37.787632,145.15945,2019,6,June,11,Midday,Weekday
T20190011904,2019-06-26,17:34:00,7,Fall from or in moving vehicle,3,Wednesday,184,OUT OF CONTROL ON CARRIAGEWAY (ON BEND),2,30412,Cross intersection,3,50,Local Road,BROADHURST,DAREBIN,-37.70839,145.00351,2019,6,June,17,Afternoon Peak,Weekday
T20190011866,2019-06-26,09:20:00,1,Collision with vehicle,3,Wednesday,110,CROSS TRAFFIC(INTERSECTIONS ONLY),1,64438,Cross intersection,3,60,Local Road,PRIDHAM,MARIBYRNONG,-37.781536,144.88785,2019,6,June,9,Morning Peak,Weekday
T20190013642,2019-06-26,07:50:00,1,Collision with vehicle,3,Wednesday,147,VEHICLE STRIKES ANOTHER VEH WHILE EMERGING FROM DRIVEWAY,9,351734,Not at intersection,3,60,Arterial Other,COLCHESTER,YARRA RANGES,-37.801838,145.30801,2019,6,June,7,Morning Peak,Weekday
T20190015648,2019-06-26,16:00:00,1,Collision with vehicle,3,Wednesday,130,REAR END(VEHICLES IN SAME LANE),1,579700,Not at intersection,3,80,Arterial Other,MELTON,MELTON,-37.68285,144.63525,2019,6,June,16,Afternoon Peak,Weekday
T20190011939,2019-06-26,12:45:00,1,Collision with vehicle,3,Wednesday,110,CROSS TRAFFIC(INTERSECTIONS ONLY),1,50963,Cross intersection,2,60,Local Road,ROWAN,WANGARATTA,-36.350456,146.31076,2019,6,June,12,Midday,Weekday
T20190011864,2019-06-26,12:42:00,1,Collision with vehicle,3,Wednesday,115,RIGHT/LEFT FAR (INTERSECTIONS ONLY),1,304784,Cross intersection,2,60,Arterial Highway,THE BOULEVARD,GEELONG,-38.0988,144.35486,2019,6,June,12,Midday,Weekday
T20190011862,2019-06-26,07:40:00,4,Collision with a fixed object,3,Wednesday,171,LEFT OFF CARRIAGEWAY INTO OBJECT/PARKED VEHICLE,1,346703,Not at intersection,3,100,Arterial Highway,GOULBURN VALLEY,MURRINDINDI,-37.150414,145.59836,2019,6,June,7,Morning Peak,Weekday
T20190011902,2019-06-26,19:47:00,2,Struck Pedestrian,3,Wednesday,104,PED WALKING WITH TRAFFIC,5,359541,Not at intersection,2,100,Local Road,RACECOURSE,BULOKE,-36.36629,142.99284,2019,6,June,19,Night,Weekday
T20190011833,2019-06-26,07:00:00,2,Struck Pedestrian,3,Wednesday,100,PED NEAR SIDE. PED HIT BY VEHICLE FROM THE RIGHT.,2,29792,Cross intersection,3,60,Arterial Other,SYNNOT,WYNDHAM,-37.903107,144.66074,2019,6,June,7,Morning Peak,Weekday
T20190011835,2019-06-26,06:23:00,1,Collision with vehicle,3,Wednesday,147,VEHICLE STRIKES ANOTHER VEH WHILE EMERGING FROM DRIVEWAY,3,344184,Not at intersection,2,60,Arterial Other,PRINCES,BAW BAW,-38.12704,145.84673,2019,6,June,6,Morning Peak,Weekday
T20190011838,2019-06-26,08:26:00,1,Collision with vehicle,3,Wednesday,110,CROSS TRAFFIC(INTERSECTIONS ONLY),1,37366,Cross intersection,3,50,Local Road,CARSON,BOROONDARA,-37.809338,145.01955,2019,6,June,8,Morning Peak,Weekday
T20190011839,2019-06-26,09:05:00,1,Collision with vehicle,3,Wednesday,130,REAR END(VEHICLES IN SAME LANE),1,346633,Cross intersection,2,60,Arterial Other,FLEMINGTON,MELBOURNE,-37.796,144.95045,2019,6,June,9,Morning Peak,Weekday
T20190011900,2019-06-26,18:30:00,1,Collision with vehicle,3,Wednesday,121,RIGHT THROUGH,3,49846,Cross intersection,3,60,Arterial Highway,CHURCH,GEELONG,-38.1321,144.34993,2019,6,June,18,Afternoon Peak,Weekday
T20190012097,2019-06-26,17:00:00,3,Struck animal,3,Wednesday,167,STRUCK ANIMAL,2,580252,Not at intersection,3,100,Arterial Other,GEMBROOK-LAUNCHING PLACE,YARRA RANGES,-37.85906,145.5874,2019,6,June,17,Afternoon Peak,Weekday
T20190011858,2019-06-26,08:35:00,1,Collision with vehicle,3,Wednesday,110,CROSS TRAFFIC(INTERSECTIONS ONLY),1,53075,Multiple intersection,3,50,Local Road,LYDIARD,BALLARAT,-37.55566,143.85893,2019,6,June,8,Morning Peak,Weekday
T20190011981,2019-06-27,23:20:00,1,Collision with vehicle,4,Thursday,154,PULLING OUT -REAR END,3,40434,Cross intersection,2,60,Arterial Other,BURKE,BOROONDARA,-37.835304,145.05595,2019,6,June,23,Night,Weekday
T20190011980,2019-06-27,18:00:00,2,Struck Pedestrian,4,Thursday,102,FAR SIDE. PED HIT BY VEHICLE FROM THE LEFT,1,44511,Cross intersection,3,60,Arterial Other,MURRAY,DAREBIN,-37.741005,145.03085,2019,6,June,18,Afternoon Peak,Weekday
T20190011977,2019-06-27,17:30:00,1,Collision with vehicle,4,Thursday,110,CROSS TRAFFIC(INTERSECTIONS ONLY),3,38020,Cross intersection,3,50,Local Road,ROSSMOYNE,DAREBIN,-37.7585,145.0133,2019,6,June,17,Afternoon Peak,Weekday
T20190011976,2019-06-27,16:08:00,4,Collision with a fixed object,4,Thursday,171,LEFT OFF CARRIAGEWAY INTO OBJECT/PARKED VEHICLE,1,612430,Not at intersection,3,50,Local Road,SPRINGRIDGE,MITCHELL,-37.396698,144.97667,2019,6,June,16,Afternoon Peak,Weekday
T20190011974,2019-06-27,19:00:00,1,Collision with vehicle,4,Thursday,110,CROSS TRAFFIC(INTERSECTIONS ONLY),3,55288,Cross intersection,3,50,Local Road,GRANDVIEW,BANYULE,-37.742844,145.06174,2019,6,June,19,Night,Weekday
T20190025625,2019-06-27,11:30:00,2,Struck Pedestrian,4,Thursday,103,PED PLAYING/LYING/WORKING/STANDING ON CARRIAGEWAY.,9,644595,Not at intersection,3,60,Local Road,KANGAN,CASEY,-38.042843,145.34544,2019,6,June,11,Midday,Weekday
T20190011971,2019-06-27,17:20:00,1,Collision with vehicle,4,Thursday,120,HEAD ON (NOT OVERTAKING),1,346872,Not at intersection,3,60,Arterial Other,KANGAROO GROUND-WATTLE GLEN,NILLUMBIK,-37.66959,145.19008,2019,6,June,17,Afternoon Peak,Weekday
T20190011969,2019-06-27,19:50:00,1,Collision with vehicle,4,Thursday,121,RIGHT THROUGH,3,771,Cross intersection,3,60,Local Road,HIGHETT,BAYSIDE,-37.948593,145.0406,2019,6,June,19,Night,Weekday
T20190011968,2019-06-27,19:45:00,1,Collision with vehicle,4,Thursday,133,LANE SIDE SWIPE (VEHICLES IN PARALLEL LANES),3,346674,Not at intersection,2,50,Local Road,FRANKLIN,MELBOURNE,-37.807827,144.96158,2019,6,June,19,Night,Weekday
T20190011965,2019-06-27,14:55:00,2,Struck Pedestrian,4,Thursday,100,PED NEAR SIDE. PED HIT BY VEHICLE FROM THE RIGHT.,1,60032,Cross intersection,1,60,Local Road,CLARENDON,CENTRAL GOLDFIELDS,-37.04791,143.73488,2019,6,June,14,Midday,Weekday
T20190014155,2019-06-27,17:00:00,1,Collision with vehicle,4,Thursday,121,RIGHT THROUGH,1,357690,T intersection,3,50,Local Road,MALE,BAYSIDE,-37.907272,145.00539,2019,6,June,17,Afternoon Peak,Weekday
T20190011963,2019-06-27,16:39:00,1,Collision with vehicle,4,Thursday,135,LANE CHANGE LEFT (NOT OVERTAKING),2,661123,Not at intersection,2,100,Freeway,MONASH,DANDENONG,-37.952465,145.21512,2019,6,June,16,Afternoon Peak,Weekday
T20190011962,2019-06-27,17:40:00,1,Collision with vehicle,4,Thursday,121,RIGHT THROUGH,3,40894,Cross intersection,2,80,Arterial Other,MOUNTAIN,KNOX,-37.84803,145.22874,2019,6,June,17,Afternoon Peak,Weekday
T20190011961,2019-06-27,14:30:00,4,Collision with a fixed object,4,Thursday,173,RIGHT OFF CARRIAGEWAY INTO OBJECT/PARKED VEHICLE,1,650720,Not at intersection,3,80,Arterial Other,WARBURTON-WOODS POINT,YARRA RANGES,-37.562065,145.90346,2019,6,June,14,Midday,Weekday
T20190012935,2019-06-27,00:00:00,1,Collision with vehicle,4,Thursday,119,OTHER ADJACENT (INTERSECTIONS ONLY),3,238167,Cross intersection,3,50,Local Road,KERRI,WHITTLESEA,-37.6969,145.05748,2019,6,June,0,Late Night,Weekday
T20190014171,2019-06-27,08:25:00,1,Collision with vehicle,4,Thursday,130,REAR END(VEHICLES IN SAME LANE),1,358996,Not at intersection,3,80,Arterial Other,FERNTREE GULLY,KNOX,-37.898746,145.23586,2019,6,June,8,Morning Peak,Weekday
T20190011959,2019-06-27,16:00:00,1,Collision with vehicle,4,Thursday,113,RIGHT NEAR (INTERSECTIONS ONLY),1,347237,Multiple intersection,2,80,Freeway,PENTLAND HILLS,MOORABOOL,-37.635914,144.3583,2019,6,June,16,Afternoon Peak,Weekday
T20190011957,2019-06-27,15:30:00,1,Collision with vehicle,4,Thursday,121,RIGHT THROUGH,1,353658,T intersection,2,80,Arterial Other,AINSDALE,KNOX,-37.848476,145.23013,2019,6,June,15,Afternoon Peak,Weekday
T20190011955,2019-06-27,12:30:00,1,Collision with vehicle,4,Thursday,121,RIGHT THROUGH,1,52021,T intersection,3,100,Arterial Other,MAFFRA-SALE,WELLINGTON,-38.0271,147.01335,2019,6,June,12,Midday,Weekday
T20190011951,2019-06-27,09:57:00,1,Collision with vehicle,4,Thursday,132,RIGHT REAR.,1,348484,Not at intersection,3,60,Arterial Other,PAYNESVILLE,EAST GIPPSLAND,-37.830658,147.64043,2019,6,June,9,Morning Peak,Weekday
T20190011947,2019-06-27,10:49:00,1,Collision with vehicle,4,Thursday,130,REAR END(VEHICLES IN SAME LANE),1,347070,Not at intersection,3,80,Arterial Highway,RINGWOOD,MAROONDAH,-37.81072,145.23103,2019,6,June,10,Midday,Weekday
T20190011946,2019-06-27,08:45:00,4,Collision with a fixed object,4,Thursday,181,OFF RIGHT BEND INTO OBJECT/PARKED VEHICLE,1,641240,Not at intersection,2,100,Local Road,BUCHAN-ORBOST,EAST GIPPSLAND,-37.72138,148.43867,2019,6,June,8,Morning Peak,Weekday
T20190011940,2019-06-27,09:30:00,4,Collision with a fixed object,4,Thursday,164,PERMANENT OBSTRUCTION ON CARRIAGEWAY,1,85575,Not at intersection,3,50,Arterial Other,DYNON,MELBOURNE,-37.801727,144.9168,2019,6,June,9,Morning Peak,Weekday
T20190011937,2019-06-27,09:48:00,1,Collision with vehicle,4,Thursday,110,CROSS TRAFFIC(INTERSECTIONS ONLY),1,44819,Cross intersection,2,40,Local Road,DALEY,MORELAND,-37.697025,144.92775,2019,6,June,9,Morning Peak,Weekday
T20190011934,2019-06-27,09:00:00,1,Collision with vehicle,4,Thursday,113,RIGHT NEAR (INTERSECTIONS ONLY),1,50423,T intersection,2,80,Arterial Highway,PHILLIP ISLAND,BASS COAST,-38.519676,145.34082,2019,6,June,9,Morning Peak,Weekday
T20200012145,2019-06-27,16:15:00,1,Collision with vehicle,4,Thursday,130,REAR END(VEHICLES IN SAME LANE),9,773495,Not at intersection,3,60,Arterial Other,BOUNDARY,KINGSTON,-38.006058,145.10422,2019,6,June,16,Afternoon Peak,Weekday
T20190011931,2019-06-27,07:08:00,1,Collision with vehicle,4,Thursday,130,REAR END(VEHICLES IN SAME LANE),1,49108,T intersection,2,100,Local Road,DANIELS,BASS COAST,-38.57436,145.70815,2019,6,June,7,Morning Peak,Weekday
T20190011926,2019-06-27,08:40:00,2,Struck Pedestrian,4,Thursday,100,PED NEAR SIDE. PED HIT BY VEHICLE FROM THE RIGHT.,1,29981,Cross intersection,2,50,Arterial Highway,HIGH,BENDIGO,-36.760883,144.27547,2019,6,June,8,Morning Peak,Weekday
T20190011925,2019-06-27,09:35:00,1,Collision with vehicle,4,Thursday,113,RIGHT NEAR (INTERSECTIONS ONLY),1,56171,T intersection,2,50,Local Road,BAROSSA,WHITEHORSE,-37.855396,145.19058,2019,6,June,9,Morning Peak,Weekday
T20190011918,2019-06-27,07:36:00,2,Struck Pedestrian,4,Thursday,102,FAR SIDE. PED HIT BY VEHICLE FROM THE LEFT,1,39448,Cross intersection,2,60,Arterial Other,SURREY,WHITEHORSE,-37.811035,145.1577,2019,6,June,7,Morning Peak,Weekday
T20190011917,2019-06-27,07:10:00,8,No collision and no object struck,4,Thursday,174,OUT OF CONTROL ON CARRIAGEWAY (ON STRAIGHT),1,46805,T intersection,2,60,Local Road,INKERMAN,PORT PHILLIP,-37.864506,144.98491,2019,6,June,7,Morning Peak,Weekday
T20190011912,2019-06-27,03:00:00,4,Collision with a fixed object,4,Thursday,171,LEFT OFF CARRIAGEWAY INTO OBJECT/PARKED VEHICLE,3,359002,Not at intersection,2,80,Arterial Highway,DANDENONG ROAD SERVICE,MONASH,-37.90164,145.10724,2019,6,June,3,Late Night,Weekday
T20190014056,2019-06-27,17:30:00,1,Collision with vehicle,4,Thursday,139,OTHER SAME DIRECTION-MANOUEVRES NOT INCLUDED IN DCAs 130-137,2,644594,Not at intersection,3,80,Arterial Highway,PRINCES,DANDENONG,-37.97502,145.2035,2019,6,June,17,Afternoon Peak,Weekday
T20190023655,2019-06-27,15:38:00,1,Collision with vehicle,4,Thursday,131,LEFT REAR,1,876,Cross intersection,3,60,Arterial Other,HEATHERTON,CASEY,-37.972965,145.24231,2019,6,June,15,Afternoon Peak,Weekday
T20190020773,2019-06-27,18:00:00,6,Vehicle overturned (no collision),4,Thursday,179,OTHER ACCIDENTS-OFF STRAIGHT NOT INCLUDED IN DCAs 170-175,1,596340,T intersection,3,60,Local Road,BULLECOURT,MORNINGTON PENINSULA,-38.3535,145.18611,2019,6,June,18,Afternoon Peak,Weekday
T20190016407,2019-06-27,22:15:00,4,Collision with a fixed object,4,Thursday,183,OFF LEFT BEND INTO OBJECT/PARKED VEHICLE,5,595576,Not at intersection,2,80,Arterial Other,CORAGULAC-BEEAC,COLAC OTWAY,-38.216576,143.57642,2019,6,June,22,Night,Weekday
T20190013756,2019-06-27,17:55:00,1,Collision with vehicle,4,Thursday,136,RIGHT TURN SIDESWIPE,9,65772,Cross intersection,3,40,Local Road,LA TROBE,MELBOURNE,-37.81104,144.9589,2019,6,June,17,Afternoon Peak,Weekday
T20190014605,2019-06-27,08:30:00,1,Collision with vehicle,4,Thursday,110,CROSS TRAFFIC(INTERSECTIONS ONLY),9,360454,Cross intersection,3,50,Local Road,EDGAR,WYNDHAM,-37.89699,144.6494,2019,6,June,8,Morning Peak,Weekday
T20190012443,2019-06-27,19:00:00,1,Collision with vehicle,4,Thursday,132,RIGHT REAR.,3,70458,T intersection,2,60,Arterial Highway,WARRIGAL,KINGSTON,-37.97843,145.07208,2019,6,June,19,Night,Weekday
T20190012275,2019-06-27,01:30:00,4,Collision with a fixed object,4,Thursday,181,OFF RIGHT BEND INTO OBJECT/PARKED VEHICLE,3,346942,Not at intersection,3,60,Local Road,SNAPSHOT,MORELAND,-37.729717,144.98087,2019,6,June,1,Late Night,Weekday
T20190012067,2019-06-27,10:30:00,1,Collision with vehicle,4,Thursday,121,RIGHT THROUGH,1,38787,Cross intersection,3,60,Arterial Other,MOORE,MARIBYRNONG,-37.795853,144.90413,2019,6,June,10,Midday,Weekday
T20190012033,2019-06-27,19:59:00,1,Collision with vehicle,4,Thursday,147,VEHICLE STRIKES ANOTHER VEH WHILE EMERGING FROM DRIVEWAY,3,346636,Not at intersection,3,40,Arterial Other,BARKLY,PORT PHILLIP,-37.86576,144.98148,2019,6,June,19,Night,Weekday
T20190012029,2019-06-27,08:15:00,2,Struck Pedestrian,4,Thursday,102,FAR SIDE. PED HIT BY VEHICLE FROM THE LEFT,1,347123,Not at intersection,2,60,Arterial Other,MOLLISON,MACEDON RANGES,-37.24348,144.45432,2019,6,June,8,Morning Peak,Weekday
T20190011984,2019-06-27,23:52:00,6,Vehicle overturned (no collision),4,Thursday,180,OFF CARRIAGEWAY ON RIGHT BEND,5,346645,Not at intersection,2,100,Arterial Other,BUFFALO RIVER,ALPINE,-36.60994,146.68259,2019,6,June,23,Night,Weekday
T20190011983,2019-06-27,23:00:00,4,Collision with a fixed object,4,Thursday,183,OFF LEFT BEND INTO OBJECT/PARKED VEHICLE,5,360367,Not at intersection,2,100,Arterial Highway,SOUTH GIPPSLAND,SOUTH GIPPSLAND,-38.577217,146.03696,2019,6,June,23,Night,Weekday
T20190012023,2019-06-28,16:05:00,1,Collision with vehicle,5,Friday,121,RIGHT THROUGH,1,236170,T intersection,3,60,Arterial Other,RIVERSDALE,WHITEHORSE,-37.837975,145.1106,2019,6,June,16,Afternoon Peak,Weekday
T20190012335,2019-06-28,17:47:00,1,Collision with vehicle,5,Friday,116,LEFT NEAR (INTERSECTIONS ONLY),3,56191,Cross intersection,3,50,Arterial Other,VICTORIA,YARRA,-37.809868,144.99387,2019,6,June,17,Afternoon Peak,Weekday
T20190012021,2019-06-28,16:20:00,8,No collision and no object struck,5,Friday,184,OUT OF CONTROL ON CARRIAGEWAY (ON BEND),1,354393,Not at intersection,2,80,Freeway,CALDER OUT-KINGS,BRIMBANK,-37.688072,144.78596,2019,6,June,16,Afternoon Peak,Weekday
T20190012001,2019-06-28,06:40:00,8,No collision and no object struck,5,Friday,174,OUT OF CONTROL ON CARRIAGEWAY (ON STRAIGHT),3,346809,Not at intersection,2,60,Arterial Other,ESPLANADE,BAYSIDE,-37.91775,144.98752,2019,6,June,6,Morning Peak,Weekday
T20190013199,2019-06-28,14:38:00,2,Struck Pedestrian,5,Friday,100,PED NEAR SIDE. PED HIT BY VEHICLE FROM THE RIGHT.,1,673,Cross intersection,2,80,Arterial Highway,NEPEAN,GLEN EIRA,-37.89761,145.00566,2019,6,June,14,Midday,Weekday
T20190012270,2019-06-28,15:50:00,1,Collision with vehicle,5,Friday,136,RIGHT TURN SIDESWIPE,1,350928,Cross intersection,3,40,Arterial Highway,SOUTH GIPPSLAND,CARDINIA,-38.2116,145.46925,2019,6,June,15,Afternoon Peak,Weekday
T20190012000,2019-06-28,11:20:00,1,Collision with vehicle,5,Friday,113,RIGHT NEAR (INTERSECTIONS ONLY),1,51215,Cross intersection,2,100,Arterial Other,ODWYER,STRATHBOGIE,-36.817436,145.1424,2019,6,June,11,Midday,Weekday
T20190012032,2019-06-28,17:47:00,1,Collision with vehicle,5,Friday,121,RIGHT THROUGH,3,40443,Cross intersection,2,60,Arterial Other,MALVERN,STONNINGTON,-37.860073,145.05707,2019,6,June,17,Afternoon Peak,Weekday
T20190014208,2019-06-28,11:45:00,1,Collision with vehicle,5,Friday,130,REAR END(VEHICLES IN SAME LANE),1,38643,T intersection,3,80,Arterial Highway,GEELONG,MARIBYRNONG,-37.80728,144.87657,2019,6,June,11,Midday,Weekday
T20190011998,2019-06-28,09:55:00,1,Collision with vehicle,5,Friday,121,RIGHT THROUGH,1,49405,Cross intersection,3,60,Arterial Highway,BALLARAT ROAD -COX,SOUTHERN GRAMPIANS,-37.743294,142.02872,2019,6,June,9,Morning Peak,Weekday
T20190011994,2019-06-28,08:59:00,1,Collision with vehicle,5,Friday,160,VEHICLE COLLIDES WITH VEHICLE PARKED ON LEFT OF ROAD,1,596571,Not at intersection,3,50,Local Road,MOSSMAN,BANYULE,-37.7649,145.06944,2019,6,June,8,Morning Peak,Weekday
T20190011988,2019-06-28,07:30:00,1,Collision with vehicle,5,Friday,121,RIGHT THROUGH,1,32860,Cross intersection,3,80,Arterial Highway,CHELTENHAM,DANDENONG,-37.992928,145.16298,2019,6,June,7,Morning Peak,Weekday
T20190011987,2019-06-28,04:55:00,1,Collision with vehicle,5,Friday,130,REAR END(VEHICLES IN SAME LANE),5,347982,Not at intersection,2,100,Freeway,CALDER,HUME,-37.65781,144.74196,2019,6,June,4,Late Night,Weekday
T20190012034,2019-06-28,17:15:00,1,Collision with vehicle,5,Friday,140,U TURN,1,346632,Not at intersection,3,60,Arterial Other,BARWON HEADS,GEELONG,-38.22438,144.37062,2019,6,June,17,Afternoon Peak,Weekday
T20190011985,2019-06-28,02:55:00,1,Collision with vehicle,5,Friday,147,VEHICLE STRIKES ANOTHER VEH WHILE EMERGING FROM DRIVEWAY,3,773211,Not at intersection,3,60,Arterial Highway,QUEENS,PORT PHILLIP,-37.85266,144.97891,2019,6,June,2,Late Night,Weekday
T20190012528,2019-06-28,12:01:00,4,Collision with a fixed object,5,Friday,171,LEFT OFF CARRIAGEWAY INTO OBJECT/PARKED VEHICLE,1,346940,Not at intersection,2,80,Freeway,CLYDE-PRINCES IN,CASEY,-38.044212,145.33875,2019,6,June,12,Midday,Weekday
T20190012025,2019-06-28,12:00:00,2,Struck Pedestrian,5,Friday,100,PED NEAR SIDE. PED HIT BY VEHICLE FROM THE RIGHT.,1,346677,Cross intersection,1,50,Arterial Other,PEEL,MELBOURNE,-37.80589,144.95612,2019,6,June,12,Midday,Weekday
T20190014581,2019-06-28,08:40:00,1,Collision with vehicle,5,Friday,121,RIGHT THROUGH,1,38869,Cross intersection,3,50,Arterial Other,CHURCH,BOROONDARA,-37.813133,145.02351,2019,6,June,8,Morning Peak,Weekday
T20190012036,2019-06-28,14:30:00,2,Struck Pedestrian,5,Friday,100,PED NEAR SIDE. PED HIT BY VEHICLE FROM THE RIGHT.,1,346611,Not at intersection,3,60,Local Road,SPRINGFIELD,WHITEHORSE,-37.810974,145.15714,2019,6,June,14,Midday,Weekday
T20190012038,2019-06-28,19:15:00,3,Struck animal,5,Friday,167,STRUCK ANIMAL,5,596572,Not at intersection,3,100,Arterial Other,KILMORE-LANCEFIELD,MITCHELL,-37.290977,144.90605,2019,6,June,19,Night,Weekday
T20190012040,2019-06-28,14:53:00,1,Collision with vehicle,5,Friday,121,RIGHT THROUGH,1,38870,T intersection,2,60,Arterial Other,CHURCH,BOROONDARA,-37.814026,145.02261,2019,6,June,14,Midday,Weekday
T20190012062,2019-06-28,15:00:00,1,Collision with vehicle,5,Friday,130,REAR END(VEHICLES IN SAME LANE),1,346722,Not at intersection,2,100,Freeway,WELLINGTON-MONASH OUT,MONASH,-37.9209,145.17477,2019,6,June,15,Afternoon Peak,Weekday
T20190012003,2019-06-28,09:45:00,1,Collision with vehicle,5,Friday,113,RIGHT NEAR (INTERSECTIONS ONLY),1,35754,Cross intersection,3,60,Arterial Other,HALLAM,CASEY,-38.04765,145.26472,2019,6,June,9,Morning Peak,Weekday
T20190012043,2019-06-28,19:20:00,1,Collision with vehicle,5,Friday,130,REAR END(VEHICLES IN SAME LANE),3,49068,T intersection,3,60,Arterial Other,TAYLORS,BRIMBANK,-37.72874,144.80774,2019,6,June,19,Night,Weekday
T20190012044,2019-06-28,15:45:00,1,Collision with vehicle,5,Friday,121,RIGHT THROUGH,1,277083,Y intersection,3,80,Arterial Other,KELLETTS,KNOX,-37.925026,145.28543,2019,6,June,15,Afternoon Peak,Weekday
T20190012047,2019-06-28,22:12:00,1,Collision with vehicle,5,Friday,160,VEHICLE COLLIDES WITH VEHICLE PARKED ON LEFT OF ROAD,4,346820,Not at intersection,3,60,Arterial Other,PRINCESS,BOROONDARA,-37.79521,145.03105,2019,6,June,22,Night,Weekday
T20190012048,2019-06-28,14:50:00,1,Collision with vehicle,5,Friday,121,RIGHT THROUGH,1,42570,Cross intersection,2,50,Arterial Other,POLICE,MONASH,-37.93499,145.17162,2019,6,June,14,Midday,Weekday
T20190011999,2019-06-28,09:43:00,1,Collision with vehicle,5,Friday,130,REAR END(VEHICLES IN SAME LANE),1,298947,T intersection,2,60,Local Road,ABBOTTS,DANDENONG,-38.03249,145.21861,2019,6,June,9,Morning Peak,Weekday
T20190012028,2019-06-28,01:45:00,7,Fall from or in moving vehicle,5,Friday,190,FELL IN/FROM VEHICLE,3,346934,Not at intersection,2,50,Local Road,CHAPEL,STONNINGTON,-37.85484,144.9928,2019,6,June,1,Late Night,Weekday
T20190012801,2019-06-28,18:21:00,1,Collision with vehicle,5,Friday,134,LANE CHANGE RIGHT (NOT OVERTAKING),3,596573,T intersection,3,80,Arterial Other,HIGH STREET,KNOX,-37.876934,145.22086,2019,6,June,18,Afternoon Peak,Weekday
T20190019803,2019-06-28,15:20:00,1,Collision with vehicle,5,Friday,130,REAR END(VEHICLES IN SAME LANE),1,592770,Not at intersection,3,100,Freeway,MONASH,MONASH,-37.888317,145.11375,2019,6,June,15,Afternoon Peak,Weekday
T20190016547,2019-06-28,16:50:00,2,Struck Pedestrian,5,Friday,100,PED NEAR SIDE. PED HIT BY VEHICLE FROM THE RIGHT.,2,588699,Not at intersection,2,40,Local Road,GALLOWAY,WHITTLESEA,-37.593685,145.09027,2019,6,June,16,Afternoon Peak,Weekday
T20190012812,2019-06-28,06:30:00,5,collision with some other object,5,Friday,191,LOAD OR MISSILE STRUCK VEHICLE,3,352667,Not at intersection,3,60,Arterial Other,WESTGARTH,DAREBIN,-37.78258,145.00922,2019,6,June,6,Morning Peak,Weekday
T20190012026,2019-06-28,08:30:00,8,No collision and no object struck,5,Friday,180,OFF CARRIAGEWAY ON RIGHT BEND,1,360553,Not at intersection,3,60,Local Road,MOUNT FRANKLIN,HEPBURN,-37.266396,144.15268,2019,6,June,8,Morning Peak,Weekday
T20190012049,2019-06-28,21:30:00,1,Collision with vehicle,5,Friday,160,VEHICLE COLLIDES WITH VEHICLE PARKED ON LEFT OF ROAD,3,346821,Not at intersection,3,50,Local Road,LAKE,WHITEHORSE,-37.82942,145.16277,2019,6,June,21,Night,Weekday
T20190012051,2019-06-28,17:09:00,1,Collision with vehicle,5,Friday,110,CROSS TRAFFIC(INTERSECTIONS ONLY),5,50264,Cross intersection,2,80,Arterial Other,BARWON HEADS,GEELONG,-38.223328,144.37018,2019,6,June,17,Afternoon Peak,Weekday
T20190012008,2019-06-28,12:30:00,1,Collision with vehicle,5,Friday,130,REAR END(VEHICLES IN SAME LANE),1,350909,Not at intersection,3,80,Freeway,CITYLINK,YARRA,-37.83024,144.98918,2019,6,June,12,Midday,Weekday
T20190012005,2019-06-28,11:50:00,4,Collision with a fixed object,5,Friday,173,RIGHT OFF CARRIAGEWAY INTO OBJECT/PARKED VEHICLE,1,39210,Cross intersection,2,60,Arterial Other,BELMORE,BOROONDARA,-37.80383,145.09706,2019,6,June,11,Midday,Weekday