ACCIDENT_NO,ACCIDENT_DATE,ACCIDENT_TIME,ACCIDENT_TYPE,ACCIDENT_TYPE_DESC,DAY_OF_WEEK,DAY_WEEK_DESC,DCA_CODE,DCA_DESC,LIGHT_CONDITION,NODE_ID,ROAD_GEOMETRY_DESC,SEVERITY,SPEED_ZONE,RMA,ROAD_NAME,LGA_NAME,LATITUDE,LONGITUDE,YEAR,MONTH,MONTH_NAME,HOUR,TIME_PERIOD,DAY_TYPE
T20190012012,2019-06-28,13:45:00,1,Collision with vehicle,5,Friday,110,CROSS TRAFFIC(INTERSECTIONS ONLY),1,44466,Cross intersection,2,40,Arterial Other,RYRIE,GEELONG,-38.148613,144.3573,2019,6,June,13,Midday,Weekday
T20190012030,2019-06-28,16:45:00,2,Struck Pedestrian,5,Friday,102,FAR SIDE. PED HIT BY VEHICLE FROM THE LEFT,1,347061,Not at intersection,3,60,Arterial Highway,BELL,DAREBIN,-37.744503,144.99706,2019,6,June,16,Afternoon Peak,Weekday
T20190012284,2019-06-28,15:40:00,1,Collision with vehicle,5,Friday,113,RIGHT NEAR (INTERSECTIONS ONLY),1,352671,T intersection,3,60,Arterial Other,BARRABOOL,GEELONG,-38.169914,144.31361,2019,6,June,15,Afternoon Peak,Weekday
T20190012316,2019-06-28,10:00:00,1,Collision with vehicle,5,Friday,160,VEHICLE COLLIDES WITH VEHICLE PARKED ON LEFT OF ROAD,1,347121,Not at intersection,2,60,Local Road,CUTTRISS,BASS COAST,-38.63011,145.74042,2019,6,June,10,Midday,Weekday
T20190012020,2019-06-28,16:00:00,1,Collision with vehicle,5,Friday,130,REAR END(VEHICLES IN SAME LANE),1,346614,Not at intersection,2,70,Arterial Highway,MELBOURNE,GEELONG,-38.111618,144.3538,2019,6,June,16,Afternoon Peak,Weekday
T20190017916,2019-06-28,11:18:00,1,Collision with vehicle,5,Friday,114,TWO RIGHT TURNING (INTERSECTIONS ONLY),1,8467,T intersection,3,60,Local Road,GLADSTONE,DANDENONG,-37.93914,145.21068,2019,6,June,11,Midday,Weekday
T20190012177,2019-06-28,17:15:00,1,Collision with vehicle,5,Friday,115,RIGHT/LEFT FAR (INTERSECTIONS ONLY),3,43634,T intersection,2,80,Arterial Other,NARRE WARREN NORTH,CASEY,-38.01139,145.30972,2019,6,June,17,Afternoon Peak,Weekday
T20190012126,2019-06-29,14:45:00,1,Collision with vehicle,6,Saturday,130,REAR END(VEHICLES IN SAME LANE),9,54011,Cross intersection,3,50,Local Road,BUCKINGHAM,YARRA,-37.814285,145.00615,2019,6,June,14,Midday,Weekend
T20190012431,2019-06-29,17:15:00,5,collision with some other object,6,Saturday,166,STRUCK OBJECT ON CARRIAGEWAY,5,346896,Not at intersection,3,100,Arterial Highway,MIDLAND,MANSFIELD,-36.94323,145.99828,2019,6,June,17,Afternoon Peak,Weekend
T20190012059,2019-06-29,06:28:00,1,Collision with vehicle,6,Saturday,121,RIGHT THROUGH,3,299997,T intersection,2,80,Arterial Highway,SOUTH GIPPSLAND,DANDENONG,-38.0061,145.22803,2019,6,June,6,Morning Peak,Weekend
T20190012057,2019-06-29,03:00:00,4,Collision with a fixed object,6,Saturday,173,RIGHT OFF CARRIAGEWAY INTO OBJECT/PARKED VEHICLE,3,355845,Not at intersection,2,60,Arterial Other,CLIFTON,STRATHBOGIE,-36.756763,145.56952,2019,6,June,3,Late Night,Weekend
T20190012055,2019-06-29,01:41:00,4,Collision with a fixed object,6,Saturday,141,U TURN INTO FIXED OBJECT/PARKED VEHICLE,3,346657,Not at intersection,2,80,Arterial Highway,DANDENONG ROAD SERVICE,MONASH,-37.90859,145.1176,2019,6,June,1,Late Night,Weekend
T20190016306,2019-06-29,17:55:00,5,collision with some other object,6,Saturday,166,STRUCK OBJECT ON CARRIAGEWAY,5,582564,Not at intersection,3,80,Local Road,COTTONS,MOIRA,-35.95347,145.67796,2019,6,June,17,Afternoon Peak,Weekend
T20190018551,2019-06-29,18:49:00,1,Collision with vehicle,6,Saturday,130,REAR END(VEHICLES IN SAME LANE),6,590129,Not at intersection,3,60,Local Road,DRUMMOND,SHEPPARTON,-36.373783,145.42299,2019,6,June,18,Afternoon Peak,Weekend
T20190012222,2019-06-29,21:00:00,1,Collision with vehicle,6,Saturday,160,VEHICLE COLLIDES WITH VEHICLE PARKED ON LEFT OF ROAD,3,661125,T intersection,3,50,Local Road,SALWEEN,HUME,-37.614716,144.93109,2019,6,June,21,Night,Weekend
T20190012150,2019-06-29,20:45:00,1,Collision with vehicle,6,Saturday,160,VEHICLE COLLIDES WITH VEHICLE PARKED ON LEFT OF ROAD,3,661124,Not at intersection,3,60,Arterial Other,HULL,MAROONDAH,-37.791286,145.30624,2019,6,June,20,Night,Weekend
T20190012141,2019-06-29,18:00:00,2,Struck Pedestrian,6,Saturday,100,PED NEAR SIDE. PED HIT BY VEHICLE FROM THE RIGHT.,3,301787,Cross intersection,3,60,Local Road,STATION,KINGSTON,-38.05594,145.11803,2019,6,June,18,Afternoon Peak,Weekend
T20190012301,2019-06-29,13:18:00,8,No collision and no object struck,6,Saturday,174,OUT OF CONTROL ON CARRIAGEWAY (ON STRAIGHT),1,347065,Not at intersection,2,30,Local Road,BOURKE,MELBOURNE,-37.812435,144.96936,2019,6,June,13,Midday,Weekend
T20190012130,2019-06-29,11:10:00,1,Collision with vehicle,6,Saturday,132,RIGHT REAR.,1,39059,Cross intersection,3,60,Arterial Other,BURKE,BOROONDARA,-37.801758,145.06233,2019,6,June,11,Midday,Weekend
T20190012118,2019-06-29,07:40:00,4,Collision with a fixed object,6,Saturday,181,OFF RIGHT BEND INTO OBJECT/PARKED VEHICLE,5,584243,Not at intersection,2,100,Arterial Highway,PYRENEES,CENTRAL GOLDFIELDS,-37.071407,143.5902,2019,6,June,7,Morning Peak,Weekend
T20190013721,2019-06-29,17:00:00,1,Collision with vehicle,6,Saturday,130,REAR END(VEHICLES IN SAME LANE),1,351751,Not at intersection,2,50,Local Road,HOWARD,WHITTLESEA,-37.65041,145.02707,2019,6,June,17,Afternoon Peak,Weekend
T20190012115,2019-06-29,22:27:00,2,Struck Pedestrian,6,Saturday,102,FAR SIDE. PED HIT BY VEHICLE FROM THE LEFT,3,57918,Multiple intersection,2,70,Arterial Highway,DANDENONG,STONNINGTON,-37.878128,145.04764,2019,6,June,22,Night,Weekend
T20190012110,2019-06-29,22:00:00,1,Collision with vehicle,6,Saturday,130,REAR END(VEHICLES IN SAME LANE),5,346727,Not at intersection,2,100,Freeway,MONASH,MONASH,-37.92898,145.18471,2019,6,June,22,Night,Weekend
T20190012109,2019-06-29,22:31:00,4,Collision with a fixed object,6,Saturday,183,OFF LEFT BEND INTO OBJECT/PARKED VEHICLE,5,360503,Not at intersection,2,80,Local Road,WALLINGTON,GEELONG,-38.24131,144.50209,2019,6,June,22,Night,Weekend
T20190012107,2019-06-29,19:22:00,8,No collision and no object struck,6,Saturday,174,OUT OF CONTROL ON CARRIAGEWAY (ON STRAIGHT),3,40259,Cross intersection,3,60,Arterial Other,TOORAK,STONNINGTON,-37.842937,145.02441,2019,6,June,19,Night,Weekend
T20190012106,2019-06-29,17:25:00,2,Struck Pedestrian,6,Saturday,101,PED EMERGES FROM IN FRONT OF PARKED OR STATIONARY VEHICLE,3,346662,Not at intersection,2,50,Arterial Highway,POINT NEPEAN,MORNINGTON PENINSULA,-38.371044,144.8319,2019,6,June,17,Afternoon Peak,Weekend
T20190012104,2019-06-29,17:17:00,4,Collision with a fixed object,6,Saturday,171,LEFT OFF CARRIAGEWAY INTO OBJECT/PARKED VEHICLE,3,346647,Not at intersection,2,50,Local Road,WINDSOR,HOBSONS BAY,-37.84676,144.85179,2019,6,June,17,Afternoon Peak,Weekend
T20190012103,2019-06-29,16:30:00,1,Collision with vehicle,6,Saturday,130,REAR END(VEHICLES IN SAME LANE),2,590643,Not at intersection,2,70,Arterial Highway,NORTH,GLEN EIRA,-37.90129,145.01909,2019,6,June,16,Afternoon Peak,Weekend
T20190012101,2019-06-29,17:00:00,4,Collision with a fixed object,6,Saturday,171,LEFT OFF CARRIAGEWAY INTO OBJECT/PARKED VEHICLE,2,346718,Not at intersection,2,100,Local Road,HUNTLY-FOSTERVILLE,BENDIGO,-36.678867,144.36955,2019,6,June,17,Afternoon Peak,Weekend
T20190012099,2019-06-29,19:00:00,2,Struck Pedestrian,6,Saturday,109,ANY MANOEUVRE INVOLVING PED NOT INCLUDED IN DCAs 100-108.,3,664999,Not at intersection,2,40,Local Road,YARRA,GEELONG,-38.152874,144.36101,2019,6,June,19,Night,Weekend
T20190012095,2019-06-29,08:18:00,1,Collision with vehicle,6,Saturday,110,CROSS TRAFFIC(INTERSECTIONS ONLY),1,72445,Cross intersection,2,50,Local Road,FRANCIS,GEELONG,-38.17617,144.3488,2019,6,June,8,Morning Peak,Weekend
T20190012092,2019-06-29,18:40:00,1,Collision with vehicle,6,Saturday,121,RIGHT THROUGH,3,53572,Cross intersection,3,60,Arterial Other,JOHN FIELD,LATROBE,-38.179905,146.29477,2019,6,June,18,Afternoon Peak,Weekend
T20190012090,2019-06-29,14:05:00,4,Collision with a fixed object,6,Saturday,181,OFF RIGHT BEND INTO OBJECT/PARKED VEHICLE,1,359535,Not at intersection,2,80,Arterial Highway,GREAT OCEAN,COLAC OTWAY,-38.77618,143.52249,2019,6,June,14,Midday,Weekend
T20190013339,2019-06-29,05:40:00,1,Collision with vehicle,6,Saturday,137,LEFT TURN SIDESWIPE,2,606484,Cross intersection,3,40,Local Road,CHAPEL,STONNINGTON,-37.84785,144.99397,2019,6,June,5,Morning Peak,Weekend
T20190012084,2019-06-29,14:40:00,4,Collision with a fixed object,6,Saturday,173,RIGHT OFF CARRIAGEWAY INTO OBJECT/PARKED VEHICLE,1,346765,Not at intersection,3,60,Local Road,HUMFFRAY,BALLARAT,-37.57614,143.85081,2019,6,June,14,Midday,Weekend
T20190012082,2019-06-29,14:00:00,1,Collision with vehicle,6,Saturday,130,REAR END(VEHICLES IN SAME LANE),1,347247,Not at intersection,3,100,Freeway,MONASH,MONASH,-37.885933,145.10262,2019,6,June,14,Midday,Weekend
T20190012072,2019-06-29,10:10:00,1,Collision with vehicle,6,Saturday,113,RIGHT NEAR (INTERSECTIONS ONLY),1,241458,T intersection,3,60,Local Road,BALD HILL,CARDINIA,-38.082146,145.48813,2019,6,June,10,Midday,Weekend
T20190022033,2019-06-29,07:00:00,1,Collision with vehicle,6,Saturday,111,RIGHT FAR (INTERSECTIONS ONLY),1,41602,T intersection,3,60,Arterial Other,WAVERLEY,MONASH,-37.881348,145.09889,2019,6,June,7,Morning Peak,Weekend
T20190012071,2019-06-29,11:30:00,4,Collision with a fixed object,6,Saturday,149,OTHER MANOEUVRING NOT INCLUDED IN DCAs 140-148,1,346938,Not at intersection,3,50,Local Road,ST ANDREW,BRIMBANK,-37.79012,144.81775,2019,6,June,11,Midday,Weekend
T20190012068,2019-06-29,07:12:00,1,Collision with vehicle,6,Saturday,110,CROSS TRAFFIC(INTERSECTIONS ONLY),2,39273,Cross intersection,3,60,Arterial Highway,WHITEHORSE,WHITEHORSE,-37.816826,145.11504,2019,6,June,7,Morning Peak,Weekend
T20190012066,2019-06-29,08:41:00,1,Collision with vehicle,6,Saturday,110,CROSS TRAFFIC(INTERSECTIONS ONLY),1,40612,Cross intersection,3,60,Arterial Highway,BURWOOD,WHITEHORSE,-37.85063,145.09921,2019,6,June,8,Morning Peak,Weekend
T20190012064,2019-06-29,11:30:00,1,Collision with vehicle,6,Saturday,148,VEHICLE OFF FOOTPATH STRIKES VEH ON CARRIAGEWAY,1,349964,Cross intersection,2,80,Arterial Highway,DANDENONG,MONASH,-37.914455,145.12741,2019,6,June,11,Midday,Weekend
T20190012175,2019-06-30,19:30:00,4,Collision with a fixed object,7,Sunday,173,RIGHT OFF CARRIAGEWAY INTO OBJECT/PARKED VEHICLE,3,347479,Not at intersection,3,80,Arterial Other,POUND,CASEY,-38.02725,145.25948,2019,6,June,19,Night,Weekend
T20190012176,2019-06-30,23:58:00,4,Collision with a fixed object,7,Sunday,173,RIGHT OFF CARRIAGEWAY INTO OBJECT/PARKED VEHICLE,3,346706,Not at intersection,2,60,Arterial Other,DALTON,WHITTLESEA,-37.678,145.03041,2019,6,June,23,Night,Weekend
T20190012134,2019-06-30,12:50:00,1,Collision with vehicle,7,Sunday,113,RIGHT NEAR (INTERSECTIONS ONLY),1,48126,T intersection,2,70,Local Road,THE GATEWAY,YARRA RANGES,-37.742756,145.33786,2019,6,June,12,Midday,Weekend
T20190012173,2019-06-30,19:40:00,3,Struck animal,7,Sunday,167,STRUCK ANIMAL,5,347407,Not at intersection,3,100,Local Road,MORRISON,BAW BAW,-38.04165,145.7656,2019,6,June,19,Night,Weekend
T20190012117,2019-06-30,04:40:00,1,Collision with vehicle,7,Sunday,130,REAR END(VEHICLES IN SAME LANE),3,597385,Cross intersection,3,60,Arterial Other,CAMP,HUME,-37.686123,144.92674,2019,6,June,4,Late Night,Weekend
T20190012146,2019-06-30,11:30:00,1,Collision with vehicle,7,Sunday,171,LEFT OFF CARRIAGEWAY INTO OBJECT/PARKED VEHICLE,1,606155,Not at intersection,3,50,Local Road,PLEASANT,WHITTLESEA,-37.6773,145.01349,2019,6,June,11,Midday,Weekend
T20190012172,2019-06-30,19:40:00,1,Collision with vehicle,7,Sunday,110,CROSS TRAFFIC(INTERSECTIONS ONLY),3,29905,Cross intersection,3,70,Local Road,ERNST WANKE,CASEY,-38.014503,145.32422,2019,6,June,19,Night,Weekend
T20190012165,2019-06-30,17:55:00,1,Collision with vehicle,7,Sunday,139,OTHER SAME DIRECTION-MANOUEVRES NOT INCLUDED IN DCAs 130-137,3,360502,Not at intersection,2,100,Freeway,WESTERN RING,BRIMBANK,-37.73576,144.85278,2019,6,June,17,Afternoon Peak,Weekend
T20190012164,2019-06-30,18:00:00,1,Collision with vehicle,7,Sunday,121,RIGHT THROUGH,3,35387,Cross intersection,3,40,Arterial Other,SWAN,YARRA,-37.826687,145.00706,2019,6,June,18,Afternoon Peak,Weekend
T20190012135,2019-06-30,12:29:00,2,Struck Pedestrian,7,Sunday,109,ANY MANOEUVRE INVOLVING PED NOT INCLUDED IN DCAs 100-108.,1,346675,Not at intersection,3,40,Local Road,LITTLE COLLINS,MELBOURNE,-37.814003,144.9678,2019,6,June,12,Midday,Weekend
T20190012157,2019-06-30,14:45:00,4,Collision with a fixed object,7,Sunday,181,OFF RIGHT BEND INTO OBJECT/PARKED VEHICLE,1,347086,Not at intersection,3,100,Local Road,THOMSON VALLEY,BAW BAW,-37.84811,146.37334,2019,6,June,14,Midday,Weekend
T20190017383,2019-06-30,15:20:00,1,Collision with vehicle,7,Sunday,113,RIGHT NEAR (INTERSECTIONS ONLY),1,46742,T intersection,3,80,Arterial Other,CLYDE-FIVE WAYS,CASEY,-38.12717,145.32552,2019,6,June,15,Afternoon Peak,Weekend
T20190012143,2019-06-30,12:42:00,1,Collision with vehicle,7,Sunday,110,CROSS TRAFFIC(INTERSECTIONS ONLY),1,356235,Cross intersection,2,100,Arterial Highway,BASS,BASS COAST,-38.433052,145.49751,2019,6,June,12,Midday,Weekend
T20190013471,2019-06-30,19:30:00,2,Struck Pedestrian,7,Sunday,102,FAR SIDE. PED HIT BY VEHICLE FROM THE LEFT,5,580261,Not at intersection,3,80,Arterial Highway,DANDENONG VALLEY,KNOX,-37.87013,145.23439,2019,6,June,19,Night,Weekend
T20190012142,2019-06-30,12:15:00,4,Collision with a fixed object,7,Sunday,173,RIGHT OFF CARRIAGEWAY INTO OBJECT/PARKED VEHICLE,1,360376,Not at intersection,3,60,Local Road,CHEDDAR,DAREBIN,-37.708813,145.01291,2019,6,June,12,Midday,Weekend
T20190012156,2019-06-30,16:15:00,1,Collision with vehicle,7,Sunday,130,REAR END(VEHICLES IN SAME LANE),1,42319,T intersection,3,60,Arterial Highway,WARRIGAL,KINGSTON,-37.927235,145.0818,2019,6,June,16,Afternoon Peak,Weekend
T20190012155,2019-06-30,15:20:00,1,Collision with vehicle,7,Sunday,119,OTHER ADJACENT (INTERSECTIONS ONLY),1,350424,T intersection,2,80,Arterial Other,WHITTLESEA-YEA,MURRINDINDI,-37.32065,145.2881,2019,6,June,15,Afternoon Peak,Weekend
T20190012136,2019-06-30,12:20:00,1,Collision with vehicle,7,Sunday,137,LEFT TURN SIDESWIPE,1,37271,Cross intersection,3,60,Arterial Other,SWAN,YARRA,-37.826183,145.00244,2019,6,June,12,Midday,Weekend
T20190012662,2019-06-30,03:20:00,2,Struck Pedestrian,7,Sunday,108,PED STRUCK WALKING TO/FROM OR BOARDING/ALIGHTING VEHICLE.,6,353555,Not at intersection,3,50,Local Road,KILLINGHOLME,MORNINGTON PENINSULA,-38.242638,145.05725,2019,6,June,3,Late Night,Weekend
T20190012122,2019-06-30,09:36:00,4,Collision with a fixed object,7,Sunday,171,LEFT OFF CARRIAGEWAY INTO OBJECT/PARKED VEHICLE,1,49503,Cross intersection,3,60,Local Road,BRANTOME,MACEDON RANGES,-37.48775,144.58957,2019,6,June,9,Morning Peak,Weekend
T20190012124,2019-06-30,05:55:00,4,Collision with a fixed object,7,Sunday,171,LEFT OFF CARRIAGEWAY INTO OBJECT/PARKED VEHICLE,3,347072,Cross intersection,1,60,Arterial Highway,MCCRAE,BENDIGO,-36.75406,144.28625,2019,6,June,5,Morning Peak,Weekend
T20190012148,2019-06-30,12:45:00,4,Collision with a fixed object,7,Sunday,181,OFF RIGHT BEND INTO OBJECT/PARKED VEHICLE,1,358425,Not at intersection,2,100,Arterial Other,COLAC-LAVERS HILL,COLAC OTWAY,-38.63963,143.47882,2019,6,June,12,Midday,Weekend
T20190012133,2019-06-30,12:47:00,2,Struck Pedestrian,7,Sunday,108,PED STRUCK WALKING TO/FROM OR BOARDING/ALIGHTING VEHICLE.,1,346663,Cross intersection,2,60,Arterial Highway,WHITEHORSE,WHITEHORSE,-37.81735,145.11942,2019,6,June,12,Midday,Weekend
T20190012225,2019-07-01,15:42:00,1,Collision with vehicle,1,Monday,110,CROSS TRAFFIC(INTERSECTIONS ONLY),1,16889,Cross intersection,2,100,Arterial Other,SOUTHERN CROSS,MOYNE,-38.3157,142.4004,2019,7,July,15,Afternoon Peak,Weekday
T20190012224,2019-07-01,15:46:00,1,Collision with vehicle,1,Monday,130,REAR END(VEHICLES IN SAME LANE),1,590980,Not at intersection,2,100,Freeway,MONASH,MONASH,-37.9231,145.17737,2019,7,July,15,Afternoon Peak,Weekday
T20190012223,2019-07-01,10:30:00,1,Collision with vehicle,1,Monday,113,RIGHT NEAR (INTERSECTIONS ONLY),1,36479,T intersection,2,60,Arterial Highway,BACK BEACH,BASS COAST,-38.498093,145.27322,2019,7,July,10,Midday,Weekday
T20190012397,2019-07-01,14:56:00,1,Collision with vehicle,1,Monday,121,RIGHT THROUGH,1,10873,Cross intersection,2,70,Freeway,EDGARS,WHITTLESEA,-37.68763,145.00235,2019,7,July,14,Midday,Weekday
T20190012219,2019-07-01,13:45:00,1,Collision with vehicle,1,Monday,130,REAR END(VEHICLES IN SAME LANE),1,350916,Not at intersection,3,80,Arterial Other,PASCOE VALE,HUME,-37.65609,144.92792,2019,7,July,13,Midday,Weekday
T20190012308,2019-07-01,15:45:00,8,No collision and no object struck,1,Monday,147,VEHICLE STRIKES ANOTHER VEH WHILE EMERGING FROM DRIVEWAY,1,351470,Not at intersection,3,50,Arterial Other,COLLEGE,MELBOURNE,-37.79223,144.96326,2019,7,July,15,Afternoon Peak,Weekday
T20190013863,2019-07-01,12:20:00,5,collision with some other object,1,Monday,191,LOAD OR MISSILE STRUCK VEHICLE,1,645219,Not at intersection,3,100,Freeway,MONASH,DANDENONG,-37.9545,145.21748,2019,7,July,12,Midday,Weekday
T20190020518,2019-07-01,13:00:00,1,Collision with vehicle,1,Monday,130,REAR END(VEHICLES IN SAME LANE),1,661277,Not at intersection,3,100,Freeway,PRINCES,CARDINIA,-38.077023,145.4194,2019,7,July,13,Midday,Weekday
T20190012217,2019-07-01,15:40:00,4,Collision with a fixed object,1,Monday,181,OFF RIGHT BEND INTO OBJECT/PARKED VEHICLE,1,351136,Not at intersection,2,50,Arterial Other,BLACKBURN,MONASH,-37.89328,145.1444,2019,7,July,15,Afternoon Peak,Weekday
T20190012215,2019-07-01,11:50:00,1,Collision with vehicle,1,Monday,135,LANE CHANGE LEFT (NOT OVERTAKING),1,597282,Not at intersection,2,60,Arterial Other,PASCOE VALE,HUME,-37.689785,144.91594,2019,7,July,11,Midday,Weekday
T20190012214,2019-07-01,14:00:00,1,Collision with vehicle,1,Monday,130,REAR END(VEHICLES IN SAME LANE),1,346760,Not at intersection,2,100,Freeway,HUME,WHITTLESEA,-37.68357,144.9852,2019,7,July,14,Midday,Weekday
T20190012212,2019-07-01,12:45:00,1,Collision with vehicle,1,Monday,130,REAR END(VEHICLES IN SAME LANE),1,346804,Not at intersection,2,80,Arterial Highway,SPRINGVALE,MONASH,-37.86861,145.16798,2019,7,July,12,Midday,Weekday
T20190012211,2019-07-01,11:44:00,1,Collision with vehicle,1,Monday,130,REAR END(VEHICLES IN SAME LANE),1,583096,Not at intersection,3,100,Freeway,METROPOLITAN RING,HUME,-37.69189,144.95903,2019,7,July,11,Midday,Weekday
T20190012209,2019-07-01,11:20:00,2,Struck Pedestrian,1,Monday,102,FAR SIDE. PED HIT BY VEHICLE FROM THE LEFT,1,1223,Cross intersection,2,50,Local Road,LAMBOURN,BANYULE,-37.71243,145.08235,2019,7,July,11,Midday,Weekday
T20190012191,2019-07-01,09:40:00,1,Collision with vehicle,1,Monday,121,RIGHT THROUGH,1,45654,Cross intersection,2,40,Arterial Other,SYDNEY,MORELAND,-37.74779,144.96547,2019,7,July,9,Morning Peak,Weekday
T20190012187,2019-07-01,08:00:00,1,Collision with vehicle,1,Monday,113,RIGHT NEAR (INTERSECTIONS ONLY),1,346717,T intersection,3,60,Arterial Other,HOLDSWORTH,BENDIGO,-36.732906,144.28365,2019,7,July,8,Morning Peak,Weekday
T20190013119,2019-07-01,20:05:00,1,Collision with vehicle,1,Monday,113,RIGHT NEAR (INTERSECTIONS ONLY),3,42590,T intersection,2,80,Arterial Highway,PRINCES,DANDENONG,-37.95823,145.18481,2019,7,July,20,Night,Weekday
T20190012463,2019-07-01,18:15:00,1,Collision with vehicle,1,Monday,163,VEHICLE STRIKES DOOR OF PARKED/STATIONARY VEHICLE,3,657820,Not at intersection,2,50,Arterial Other,CARLISLE,PORT PHILLIP,-37.869137,144.99638,2019,7,July,18,Afternoon Peak,Weekday
T20190012181,2019-07-01,05:54:00,1,Collision with vehicle,1,Monday,169,OTHER ON PATH,3,588679,Not at intersection,3,60,Local Road,ETIWANDA,MILDURA,-34.20581,142.15749,2019,7,July,5,Morning Peak,Weekday
T20190012180,2019-07-01,00:31:00,4,Collision with a fixed object,1,Monday,173,RIGHT OFF CARRIAGEWAY INTO OBJECT/PARKED VEHICLE,3,346822,Y intersection,2,60,Arterial Other,BEACH,BAYSIDE,-37.94406,145.00122,2019,7,July,0,Late Night,Weekday
T20190012240,2019-07-01,16:37:00,1,Collision with vehicle,1,Monday,131,LEFT REAR,1,347207,Not at intersection,2,60,Arterial Other,RIVERSDALE,BOROONDARA,-37.829655,145.04198,2019,7,July,16,Afternoon Peak,Weekday
T20190013760,2019-07-01,17:00:00,8,No collision and no object struck,1,Monday,184,OUT OF CONTROL ON CARRIAGEWAY (ON BEND),9,52469,Cross intersection,3,60,Local Road,CHAFFEY,MILDURA,-34.18006,142.15666,2019,7,July,17,Afternoon Peak,Weekday
T20190012182,2019-07-01,00:18:00,1,Collision with vehicle,1,Monday,120,HEAD ON (NOT OVERTAKING),5,346696,Not at intersection,1,60,Local Road,WESTWOOD,MELTON,-37.73964,144.74887,2019,7,July,0,Late Night,Weekday
T20190012213,2019-07-01,08:10:00,1,Collision with vehicle,1,Monday,130,REAR END(VEHICLES IN SAME LANE),1,347468,Not at intersection,3,100,Freeway,PRINCES,HOBSONS BAY,-37.867554,144.77184,2019,7,July,8,Morning Peak,Weekday
T20190012248,2019-07-01,21:55:00,4,Collision with a fixed object,1,Monday,171,LEFT OFF CARRIAGEWAY INTO OBJECT/PARKED VEHICLE,3,346970,Not at intersection,3,80,Arterial Other,CLYDE-FIVE WAYS,CASEY,-38.15941,145.31883,2019,7,July,21,Night,Weekday
T20190012245,2019-07-01,11:50:00,2,Struck Pedestrian,1,Monday,103,PED PLAYING/LYING/WORKING/STANDING ON CARRIAGEWAY.,1,351774,Not at intersection,3,60,Arterial Other,MT ALEXANDER,MOONEE VALLEY,-37.78353,144.93591,2019,7,July,11,Midday,Weekday
T20190012242,2019-07-01,14:45:00,1,Collision with vehicle,1,Monday,120,HEAD ON (NOT OVERTAKING),1,651903,Not at intersection,2,100,Arterial Highway,HAMILTON,GOLDEN PLAINS,-38.12576,144.24045,2019,7,July,14,Midday,Weekday
T20190012241,2019-07-01,08:45:00,1,Collision with vehicle,1,Monday,130,REAR END(VEHICLES IN SAME LANE),1,347051,Not at intersection,3,60,Arterial Highway,CRESWICK,BALLARAT,-37.535103,143.84938,2019,7,July,8,Morning Peak,Weekday
T20190012238,2019-07-01,16:30:00,4,Collision with a fixed object,1,Monday,183,OFF LEFT BEND INTO OBJECT/PARKED VEHICLE,1,586142,Not at intersection,2,60,Arterial Other,MELVILLE,MORELAND,-37.768726,144.94304,2019,7,July,16,Afternoon Peak,Weekday
T20190012235,2019-07-01,18:00:00,4,Collision with a fixed object,1,Monday,175,OFF END OF ROAD/T-INTERSECTION.,3,354398,T intersection,2,50,Local Road,HAYRICK,YARRA RANGES,-37.771366,145.32071,2019,7,July,18,Afternoon Peak,Weekday
T20190012233,2019-07-01,18:46:00,1,Collision with vehicle,1,Monday,113,RIGHT NEAR (INTERSECTIONS ONLY),3,29639,Cross intersection,2,60,Arterial Other,GLEN EIRA,GLEN EIRA,-37.880028,145.0233,2019,7,July,18,Afternoon Peak,Weekday
T20190012232,2019-07-01,14:20:00,1,Collision with vehicle,1,Monday,134,LANE CHANGE RIGHT (NOT OVERTAKING),1,346759,Not at intersection,2,80,Arterial Other,BOUNDARY,KINGSTON,-38.004997,145.10442,2019,7,July,14,Midday,Weekday
T20190012230,2019-07-01,17:38:00,1,Collision with vehicle,1,Monday,130,REAR END(VEHICLES IN SAME LANE),3,346761,Not at intersection,3,100,Freeway,TULLAMARINE,HUME,-37.68191,144.87196,2019,7,July,17,Afternoon Peak,Weekday
T20190012229,2019-07-01,17:45:00,1,Collision with vehicle,1,Monday,140,U TURN,3,360423,T intersection,2,80,Arterial Highway,PRINCES HIGHWAY,DANDENONG,-38.00241,145.24107,2019,7,July,17,Afternoon Peak,Weekday
T20190012226,2019-07-01,16:00:00,4,Collision with a fixed object,1,Monday,171,LEFT OFF CARRIAGEWAY INTO OBJECT/PARKED VEHICLE,1,346880,Multiple intersection,3,50,Local Road,ATTUNA,MORNINGTON PENINSULA,-38.37297,144.88667,2019,7,July,16,Afternoon Peak,Weekday
T20190012267,2019-07-02,13:30:00,1,Collision with vehicle,2,Tuesday,130,REAR END(VEHICLES IN SAME LANE),1,580254,Not at intersection,3,40,Local Road,ELIZABETH,MELBOURNE,-37.812458,144.96234,2019,7,July,13,Midday,Weekday
T20190012268,2019-07-02,13:20:00,1,Collision with vehicle,2,Tuesday,130,REAR END(VEHICLES IN SAME LANE),1,52021,T intersection,3,100,Arterial Other,MAFFRA-SALE,WELLINGTON,-38.0271,147.01335,2019,7,July,13,Midday,Weekday
T20190012509,2019-07-02,17:36:00,1,Collision with vehicle,2,Tuesday,130,REAR END(VEHICLES IN SAME LANE),3,346978,Not at intersection,3,70,Arterial Other,BERWICK-CRANBOURNE,CASEY,-38.11868,145.32664,2019,7,July,17,Afternoon Peak,Weekday
T20190012271,2019-07-02,14:40:00,1,Collision with vehicle,2,Tuesday,139,OTHER SAME DIRECTION-MANOUEVRES NOT INCLUDED IN DCAs 130-137,1,593158,Not at intersection,2,60,Arterial Other,STATION,DAREBIN,-37.765293,145.02042,2019,7,July,14,Midday,Weekday