ACCIDENT_NO,ACCIDENT_DATE,ACCIDENT_TIME,ACCIDENT_TYPE,ACCIDENT_TYPE_DESC,DAY_OF_WEEK,DAY_WEEK_DESC,DCA_CODE,DCA_DESC,LIGHT_CONDITION,NODE_ID,ROAD_GEOMETRY_DESC,SEVERITY,SPEED_ZONE,RMA,ROAD_NAME,LGA_NAME,LATITUDE,LONGITUDE,YEAR,MONTH,MONTH_NAME,HOUR,TIME_PERIOD,DAY_TYPE
T20190012290,2019-07-02,17:56:00,1,Collision with vehicle,2,Tuesday,130,REAR END(VEHICLES IN SAME LANE),3,346877,Not at intersection,3,80,Arterial Highway,STUD,KNOX,-37.93492,145.23167,2019,7,July,17,Afternoon Peak,Weekday
T20190012430,2019-07-02,21:30:00,1,Collision with vehicle,2,Tuesday,121,RIGHT THROUGH,3,713,Cross intersection,2,60,Arterial Highway,DANDENONG,MONASH,-37.91125,145.12233,2019,7,July,21,Night,Weekday
T20190012246,2019-07-02,07:15:00,1,Collision with vehicle,2,Tuesday,152,PULLING OUT (OVERTAKING),2,349897,Not at intersection,2,70,Arterial Highway,SPRINGVALE,MONASH,-37.926903,145.15672,2019,7,July,7,Morning Peak,Weekday
T20190012709,2019-07-02,14:10:00,1,Collision with vehicle,2,Tuesday,110,CROSS TRAFFIC(INTERSECTIONS ONLY),1,597909,Cross intersection,3,50,Local Road,ALLAN,DANDENONG,-37.992504,145.20421,2019,7,July,14,Midday,Weekday
T20190012278,2019-07-02,15:20:00,2,Struck Pedestrian,2,Tuesday,101,PED EMERGES FROM IN FRONT OF PARKED OR STATIONARY VEHICLE,1,347048,Not at intersection,3,50,Local Road,CHICQUITA,FRANKSTON,-38.10847,145.14586,2019,7,July,15,Afternoon Peak,Weekday
T20190012288,2019-07-02,13:05:00,4,Collision with a fixed object,2,Tuesday,171,LEFT OFF CARRIAGEWAY INTO OBJECT/PARKED VEHICLE,1,346799,Not at intersection,2,60,Arterial Other,WAURN PONDS,GEELONG,-38.203884,144.30067,2019,7,July,13,Midday,Weekday
T20190012273,2019-07-02,05:59:00,4,Collision with a fixed object,2,Tuesday,173,RIGHT OFF CARRIAGEWAY INTO OBJECT/PARKED VEHICLE,3,586144,Not at intersection,2,60,Arterial Other,DALTON,WHITTLESEA,-37.67879,145.0301,2019,7,July,5,Morning Peak,Weekday
T20190012283,2019-07-02,18:00:00,2,Struck Pedestrian,2,Tuesday,100,PED NEAR SIDE. PED HIT BY VEHICLE FROM THE RIGHT.,3,43423,T intersection,2,70,Arterial Other,BALLARTO,FRANKSTON,-38.117172,145.19403,2019,7,July,18,Afternoon Peak,Weekday
T20190012272,2019-07-02,11:46:00,4,Collision with a fixed object,2,Tuesday,171,LEFT OFF CARRIAGEWAY INTO OBJECT/PARKED VEHICLE,1,347059,Not at intersection,2,100,Arterial Other,TRENTHAM,MACEDON RANGES,-37.29206,144.42331,2019,7,July,11,Midday,Weekday
T20190012262,2019-07-02,09:40:00,1,Collision with vehicle,2,Tuesday,116,LEFT NEAR (INTERSECTIONS ONLY),1,72702,Cross intersection,3,80,Arterial Other,BAXTER-TOORADIN,CASEY,-38.201797,145.22556,2019,7,July,9,Morning Peak,Weekday
T20190012260,2019-07-02,12:30:00,1,Collision with vehicle,2,Tuesday,130,REAR END(VEHICLES IN SAME LANE),1,346893,Cross intersection,3,80,Arterial Other,LEITH ROAD -MOUNT DANDENONG TOURIST,YARRA RANGES,-37.81008,145.3427,2019,7,July,12,Midday,Weekday
T20190012259,2019-07-02,06:50:00,4,Collision with a fixed object,2,Tuesday,171,LEFT OFF CARRIAGEWAY INTO OBJECT/PARKED VEHICLE,2,598640,Not at intersection,2,60,Local Road,DOVETON,BALLARAT,-37.556152,143.85579,2019,7,July,6,Morning Peak,Weekday
T20190012255,2019-07-02,07:30:00,1,Collision with vehicle,2,Tuesday,110,CROSS TRAFFIC(INTERSECTIONS ONLY),1,20846,Cross intersection,3,80,Arterial Other,MONASH,LATROBE,-38.239517,146.41959,2019,7,July,7,Morning Peak,Weekday
T20190012299,2019-07-02,13:00:00,1,Collision with vehicle,2,Tuesday,113,RIGHT NEAR (INTERSECTIONS ONLY),1,38815,T intersection,3,60,Arterial Other,DYNON,MELBOURNE,-37.801514,144.91486,2019,7,July,13,Midday,Weekday
T20190012247,2019-07-02,08:36:00,1,Collision with vehicle,2,Tuesday,121,RIGHT THROUGH,1,36749,T intersection,2,60,Arterial Other,EDGARS,WHITTLESEA,-37.681286,144.99883,2019,7,July,8,Morning Peak,Weekday
T20190012295,2019-07-02,19:20:00,1,Collision with vehicle,2,Tuesday,120,HEAD ON (NOT OVERTAKING),3,346767,Cross intersection,3,60,Local Road,BLAIR,HUME,-37.68399,144.92758,2019,7,July,19,Night,Weekday
T20190012294,2019-07-02,19:30:00,2,Struck Pedestrian,2,Tuesday,100,PED NEAR SIDE. PED HIT BY VEHICLE FROM THE RIGHT.,3,146,Cross intersection,3,60,Arterial Highway,ALEXANDRA,YARRA,-37.79372,144.98517,2019,7,July,19,Night,Weekday
T20190015360,2019-07-02,17:00:00,2,Struck Pedestrian,2,Tuesday,194,PARKED CAR RUN AWAY,1,582833,Private property,3,50,Local Road,MURRAY,BAW BAW,-38.209896,146.1615,2019,7,July,17,Afternoon Peak,Weekday
T20190012264,2019-07-02,06:10:00,4,Collision with a fixed object,2,Tuesday,164,PERMANENT OBSTRUCTION ON CARRIAGEWAY,3,38668,Not at intersection,3,60,Arterial Highway,FRANCIS,MARIBYRNONG,-37.820267,144.88213,2019,7,July,6,Morning Peak,Weekday
T20190012281,2019-07-02,15:20:00,1,Collision with vehicle,2,Tuesday,110,CROSS TRAFFIC(INTERSECTIONS ONLY),1,53005,Cross intersection,2,50,Local Road,BEVERIN,BALLARAT,-37.59277,143.83966,2019,7,July,15,Afternoon Peak,Weekday
T20190012293,2019-07-02,18:18:00,1,Collision with vehicle,2,Tuesday,121,RIGHT THROUGH,3,37846,Cross intersection,3,50,Arterial Other,NORMANBY,DAREBIN,-37.758186,144.98799,2019,7,July,18,Afternoon Peak,Weekday
T20190012771,2019-07-02,15:35:00,1,Collision with vehicle,2,Tuesday,145,REVERSING IN STREAM OF TRAFFIC,9,47390,T intersection,3,40,Local Road,CUSTOM HOUSE,MELBOURNE,-37.819878,144.95912,2019,7,July,15,Afternoon Peak,Weekday
T20190012303,2019-07-02,22:04:00,4,Collision with a fixed object,2,Tuesday,171,LEFT OFF CARRIAGEWAY INTO OBJECT/PARKED VEHICLE,3,346890,Not at intersection,2,60,Arterial Other,PASCOE VALE,MOONEE VALLEY,-37.736,144.92561,2019,7,July,22,Night,Weekday
T20190012302,2019-07-02,18:35:00,1,Collision with vehicle,2,Tuesday,148,VEHICLE OFF FOOTPATH STRIKES VEH ON CARRIAGEWAY,3,584245,T intersection,3,60,Local Road,MASON,HOBSONS BAY,-37.842194,144.88033,2019,7,July,18,Afternoon Peak,Weekday
T20190015478,2019-07-02,05:55:00,1,Collision with vehicle,2,Tuesday,130,REAR END(VEHICLES IN SAME LANE),3,580276,Cross intersection,3,80,Arterial Highway,SPRINGVALE,MONASH,-37.90412,145.1613,2019,7,July,5,Morning Peak,Weekday
T20190012304,2019-07-02,17:15:00,1,Collision with vehicle,2,Tuesday,130,REAR END(VEHICLES IN SAME LANE),1,597908,Not at intersection,3,60,Arterial Other,HIGH STREET,MONASH,-37.87476,145.17084,2019,7,July,17,Afternoon Peak,Weekday
T20190012306,2019-07-02,11:15:00,4,Collision with a fixed object,2,Tuesday,183,OFF LEFT BEND INTO OBJECT/PARKED VEHICLE,9,347067,Not at intersection,3,50,Arterial Other,YARRA,BOROONDARA,-37.797672,145.02153,2019,7,July,11,Midday,Weekday
T20190012320,2019-07-02,11:00:00,1,Collision with vehicle,2,Tuesday,134,LANE CHANGE RIGHT (NOT OVERTAKING),1,91969,Not at intersection,3,40,Arterial Other,CAMBERWELL,BOROONDARA,-37.836178,145.06235,2019,7,July,11,Midday,Weekday
T20190012372,2019-07-02,19:00:00,1,Collision with vehicle,2,Tuesday,130,REAR END(VEHICLES IN SAME LANE),6,29858,Cross intersection,3,60,Freeway,WEST GATE OUT-MELBOURNE,HOBSONS BAY,-37.82599,144.88097,2019,7,July,19,Night,Weekday
T20190012282,2019-07-02,14:00:00,1,Collision with vehicle,2,Tuesday,111,RIGHT FAR (INTERSECTIONS ONLY),1,232152,T intersection,2,80,Arterial Highway,MOOROODUC,FRANKSTON,-38.1634,145.13666,2019,7,July,14,Midday,Weekday
T20190012323,2019-07-03,08:30:00,4,Collision with a fixed object,3,Wednesday,183,OFF LEFT BEND INTO OBJECT/PARKED VEHICLE,1,356026,Not at intersection,3,80,Local Road,DEVELOPMENTAL,MOORABOOL,-37.52296,144.13756,2019,7,July,8,Morning Peak,Weekday
T20190012458,2019-07-03,22:04:00,2,Struck Pedestrian,3,Wednesday,109,ANY MANOEUVRE INVOLVING PED NOT INCLUDED IN DCAs 100-108.,3,347047,Not at intersection,2,60,Local Road,LYGON,MORELAND,-37.767498,144.97243,2019,7,July,22,Night,Weekday
T20190012324,2019-07-03,07:15:00,4,Collision with a fixed object,3,Wednesday,171,LEFT OFF CARRIAGEWAY INTO OBJECT/PARKED VEHICLE,1,598902,Not at intersection,2,100,Local Road,MERRIGUM-ARDMONA,SHEPPARTON,-36.37248,145.2456,2019,7,July,7,Morning Peak,Weekday
T20190012325,2019-07-03,11:00:00,2,Struck Pedestrian,3,Wednesday,100,PED NEAR SIDE. PED HIT BY VEHICLE FROM THE RIGHT.,1,346975,Not at intersection,3,60,Local Road,ROSAMOND,MARIBYRNONG,-37.779522,144.88478,2019,7,July,11,Midday,Weekday
T20190012328,2019-07-03,06:40:00,1,Collision with vehicle,3,Wednesday,121,RIGHT THROUGH,5,45524,Cross intersection,2,80,Arterial Other,DERRIMUT ROAD -HOPKINS,MELTON,-37.80502,144.69594,2019,7,July,6,Morning Peak,Weekday
T20190012363,2019-07-03,15:50:00,1,Collision with vehicle,3,Wednesday,133,LANE SIDE SWIPE (VEHICLES IN PARALLEL LANES),1,258206,Not at intersection,2,100,Freeway,PRINCES,WYNDHAM,-37.83366,144.80807,2019,7,July,15,Afternoon Peak,Weekday
T20190012364,2019-07-03,06:45:00,1,Collision with vehicle,3,Wednesday,160,VEHICLE COLLIDES WITH VEHICLE PARKED ON LEFT OF ROAD,3,598182,Not at intersection,2,60,Arterial Other,MELBOURNE,HOBSONS BAY,-37.834312,144.88216,2019,7,July,6,Morning Peak,Weekday
T20190012367,2019-07-03,18:40:00,1,Collision with vehicle,3,Wednesday,121,RIGHT THROUGH,3,66797,T intersection,3,40,Arterial Other,CHAPEL,STONNINGTON,-37.838505,144.99582,2019,7,July,18,Afternoon Peak,Weekday
T20190012329,2019-07-03,08:50:00,4,Collision with a fixed object,3,Wednesday,173,RIGHT OFF CARRIAGEWAY INTO OBJECT/PARKED VEHICLE,1,360396,Not at intersection,3,100,Arterial Other,NHILL-HARROW,HINDMARSH,-36.41375,141.64023,2019,7,July,8,Morning Peak,Weekday
T20190012375,2019-07-03,14:25:00,4,Collision with a fixed object,3,Wednesday,173,RIGHT OFF CARRIAGEWAY INTO OBJECT/PARKED VEHICLE,1,251374,T intersection,2,60,Arterial Highway,MOOROODUC,FRANKSTON,-38.17373,145.13948,2019,7,July,14,Midday,Weekday
T20190012380,2019-07-03,16:29:00,1,Collision with vehicle,3,Wednesday,130,REAR END(VEHICLES IN SAME LANE),1,654158,Not at intersection,3,80,Arterial Other,SOMERTON,HUME,-37.642944,144.94727,2019,7,July,16,Afternoon Peak,Weekday
T20190012386,2019-07-03,04:56:00,1,Collision with vehicle,3,Wednesday,140,U TURN,3,351752,T intersection,3,60,Arterial Other,SETTLEMENT,WHITTLESEA,-37.696922,145.05043,2019,7,July,4,Late Night,Weekday
T20190012351,2019-07-03,12:11:00,1,Collision with vehicle,3,Wednesday,131,LEFT REAR,1,346967,Not at intersection,3,50,Local Road,VARY,LATROBE,-38.226757,146.4236,2019,7,July,12,Midday,Weekday
T20190012391,2019-07-03,23:59:00,2,Struck Pedestrian,3,Wednesday,102,FAR SIDE. PED HIT BY VEHICLE FROM THE LEFT,3,59620,T intersection,2,50,Arterial Other,ARNOLD,BENDIGO,-36.748627,144.28119,2019,7,July,23,Night,Weekday
T20190012331,2019-07-03,08:30:00,4,Collision with a fixed object,3,Wednesday,173,RIGHT OFF CARRIAGEWAY INTO OBJECT/PARKED VEHICLE,1,591484,Not at intersection,2,100,Local Road,GLEESONS,MOORABOOL,-37.473015,144.06136,2019,7,July,8,Morning Peak,Weekday
T20190012334,2019-07-03,12:50:00,1,Collision with vehicle,3,Wednesday,110,CROSS TRAFFIC(INTERSECTIONS ONLY),1,48303,Cross intersection,2,80,Arterial Highway,SPRINGVALE,DANDENONG,-37.983612,145.1459,2019,7,July,12,Midday,Weekday
T20190012502,2019-07-03,12:30:00,1,Collision with vehicle,3,Wednesday,110,CROSS TRAFFIC(INTERSECTIONS ONLY),1,44662,Cross intersection,2,60,Arterial Other,NAR NAR GOON-LONGWARRY,CARDINIA,-38.098927,145.71552,2019,7,July,12,Midday,Weekday
T20190012340,2019-07-03,11:30:00,1,Collision with vehicle,3,Wednesday,121,RIGHT THROUGH,1,43935,T intersection,3,80,Arterial Highway,SOUTH GIPPSLAND,CASEY,-38.159912,145.31857,2019,7,July,11,Midday,Weekday
T20190012482,2019-07-03,21:12:00,1,Collision with vehicle,3,Wednesday,110,CROSS TRAFFIC(INTERSECTIONS ONLY),3,50684,Cross intersection,3,60,Arterial Highway,RAGLAN,WARRNAMBOOL,-38.377956,142.48206,2019,7,July,21,Night,Weekday
T20190013264,2019-07-03,06:30:00,1,Collision with vehicle,3,Wednesday,130,REAR END(VEHICLES IN SAME LANE),9,235333,Cross intersection,3,60,Arterial Other,POINT COOK,WYNDHAM,-37.896713,144.75415,2019,7,July,6,Morning Peak,Weekday
T20190012342,2019-07-03,10:55:00,1,Collision with vehicle,3,Wednesday,135,LANE CHANGE LEFT (NOT OVERTAKING),1,346827,Not at intersection,3,100,Freeway,HUME,WHITTLESEA,-37.66864,144.98163,2019,7,July,10,Midday,Weekday
T20190012345,2019-07-03,11:00:00,1,Collision with vehicle,3,Wednesday,130,REAR END(VEHICLES IN SAME LANE),1,588123,Not at intersection,3,80,Arterial Highway,SOUTH GIPPSLAND,CASEY,-38.040768,145.25105,2019,7,July,11,Midday,Weekday
T20190012349,2019-07-03,07:50:00,1,Collision with vehicle,3,Wednesday,111,RIGHT FAR (INTERSECTIONS ONLY),1,347209,Cross intersection,3,80,Local Road,SEVENTEENTH,MILDURA,-34.22806,142.12033,2019,7,July,7,Morning Peak,Weekday
T20190012350,2019-07-03,15:00:00,1,Collision with vehicle,3,Wednesday,130,REAR END(VEHICLES IN SAME LANE),1,346824,Not at intersection,3,60,Arterial Other,BURKE,BOROONDARA,-37.82846,145.05725,2019,7,July,15,Afternoon Peak,Weekday
T20190013631,2019-07-03,19:00:00,8,No collision and no object struck,3,Wednesday,179,OTHER ACCIDENTS-OFF STRAIGHT NOT INCLUDED IN DCAs 170-175,3,308707,Not at intersection,3,100,Freeway,WESTERN RING,BRIMBANK,-37.716125,144.87514,2019,7,July,19,Night,Weekday
T20190012352,2019-07-03,15:25:00,1,Collision with vehicle,3,Wednesday,110,CROSS TRAFFIC(INTERSECTIONS ONLY),1,17664,Cross intersection,3,60,Arterial Highway,PRINCE,ALPINE,-36.558342,146.71982,2019,7,July,15,Afternoon Peak,Weekday
T20190012387,2019-07-03,21:30:00,1,Collision with vehicle,3,Wednesday,120,HEAD ON (NOT OVERTAKING),3,360435,Not at intersection,3,60,Arterial Highway,PUNT,STONNINGTON,-37.845352,144.98509,2019,7,July,21,Night,Weekday
T20190012858,2019-07-03,14:50:00,1,Collision with vehicle,3,Wednesday,121,RIGHT THROUGH,1,51133,T intersection,2,60,Arterial Highway,WYNDHAM,SHEPPARTON,-36.40117,145.39499,2019,7,July,14,Midday,Weekday
T20190012353,2019-07-03,15:50:00,1,Collision with vehicle,3,Wednesday,120,HEAD ON (NOT OVERTAKING),1,620500,T intersection,1,60,Local Road,VICTORIA,HEPBURN,-37.422363,143.89331,2019,7,July,15,Afternoon Peak,Weekday
T20190013377,2019-07-03,08:50:00,8,No collision and no object struck,3,Wednesday,184,OUT OF CONTROL ON CARRIAGEWAY (ON BEND),9,348492,Not at intersection,3,80,Arterial Other,YARRA JUNCTION-NOOJEE,YARRA RANGES,-37.82783,145.66405,2019,7,July,8,Morning Peak,Weekday
T20190012354,2019-07-03,09:15:00,4,Collision with a fixed object,3,Wednesday,173,RIGHT OFF CARRIAGEWAY INTO OBJECT/PARKED VEHICLE,1,658481,Not at intersection,2,80,Arterial Other,HYLAND,WELLINGTON,-38.415787,146.7476,2019,7,July,9,Morning Peak,Weekday
T20190012808,2019-07-03,17:45:00,1,Collision with vehicle,3,Wednesday,130,REAR END(VEHICLES IN SAME LANE),3,347119,Not at intersection,3,100,Freeway,WESTERN RING,BRIMBANK,-37.755367,144.82549,2019,7,July,17,Afternoon Peak,Weekday
T20190012355,2019-07-03,14:30:00,4,Collision with a fixed object,3,Wednesday,171,LEFT OFF CARRIAGEWAY INTO OBJECT/PARKED VEHICLE,1,347015,Not at intersection,2,80,Local Road,BURKES,WARRNAMBOOL,-38.414936,142.59138,2019,7,July,14,Midday,Weekday
T20190012357,2019-07-03,16:11:00,1,Collision with vehicle,3,Wednesday,130,REAR END(VEHICLES IN SAME LANE),1,360468,Not at intersection,2,60,Local Road,LINSELL,CASEY,-38.10204,145.3176,2019,7,July,16,Afternoon Peak,Weekday
T20190012358,2019-07-03,18:25:00,2,Struck Pedestrian,3,Wednesday,102,FAR SIDE. PED HIT BY VEHICLE FROM THE LEFT,3,42068,Y intersection,2,60,Arterial Other,BAY,BAYSIDE,-37.95226,145.0079,2019,7,July,18,Afternoon Peak,Weekday
T20190012361,2019-07-03,16:53:00,1,Collision with vehicle,3,Wednesday,133,LANE SIDE SWIPE (VEHICLES IN PARALLEL LANES),1,36932,Cross intersection,2,50,Arterial Highway,CITY,MELBOURNE,-37.823734,144.96255,2019,7,July,16,Afternoon Peak,Weekday
T20200013309,2019-07-03,12:00:00,1,Collision with vehicle,3,Wednesday,131,LEFT REAR,1,44748,Cross intersection,3,60,Arterial Other,PARA,BANYULE,-37.702553,145.10579,2019,7,July,12,Midday,Weekday
T20190012679,2019-07-03,21:30:00,1,Collision with vehicle,3,Wednesday,160,VEHICLE COLLIDES WITH VEHICLE PARKED ON LEFT OF ROAD,3,347112,Not at intersection,3,70,Arterial Highway,BULLEEN,MANNINGHAM,-37.76812,145.07973,2019,7,July,21,Night,Weekday
T20190012310,2019-07-03,05:50:00,2,Struck Pedestrian,3,Wednesday,103,PED PLAYING/LYING/WORKING/STANDING ON CARRIAGEWAY.,3,49812,T intersection,3,60,Local Road,VICTORIA,GEELONG,-38.122463,144.34703,2019,7,July,5,Morning Peak,Weekday
T20190017664,2019-07-03,11:45:00,1,Collision with vehicle,3,Wednesday,130,REAR END(VEHICLES IN SAME LANE),1,584553,Cross intersection,3,50,Local Road,OVERLAND,CASEY,-38.0204,145.30666,2019,7,July,11,Midday,Weekday
T20190012436,2019-07-03,18:30:00,1,Collision with vehicle,3,Wednesday,120,HEAD ON (NOT OVERTAKING),3,360356,Not at intersection,3,40,Local Road,CHURCH,NILLUMBIK,-37.64018,145.23686,2019,7,July,18,Afternoon Peak,Weekday
T20190012327,2019-07-03,10:41:00,1,Collision with vehicle,3,Wednesday,133,LANE SIDE SWIPE (VEHICLES IN PARALLEL LANES),1,598181,Not at intersection,2,80,Freeway,WEST GATE,MARIBYRNONG,-37.824406,144.8591,2019,7,July,10,Midday,Weekday
T20190012442,2019-07-04,17:45:00,4,Collision with a fixed object,4,Thursday,173,RIGHT OFF CARRIAGEWAY INTO OBJECT/PARKED VEHICLE,5,347212,Not at intersection,2,100,Arterial Highway,HAMILTON,GOLDEN PLAINS,-38.09508,144.01118,2019,7,July,17,Afternoon Peak,Weekday
T20190012445,2019-07-04,18:35:00,2,Struck Pedestrian,4,Thursday,109,ANY MANOEUVRE INVOLVING PED NOT INCLUDED IN DCAs 100-108.,3,347418,Not at intersection,2,60,Arterial Other,HIGH,MACEDON RANGES,-37.35997,144.52718,2019,7,July,18,Afternoon Peak,Weekday
T20190012446,2019-07-04,16:15:00,1,Collision with vehicle,4,Thursday,113,RIGHT NEAR (INTERSECTIONS ONLY),1,39742,T intersection,3,60,Arterial Other,BAYSWATER,MAROONDAH,-37.822975,145.26888,2019,7,July,16,Afternoon Peak,Weekday
T20190012449,2019-07-04,19:39:00,1,Collision with vehicle,4,Thursday,130,REAR END(VEHICLES IN SAME LANE),3,600028,Not at intersection,3,60,Arterial Other,BURKE,BOROONDARA,-37.82099,145.05867,2019,7,July,19,Night,Weekday
T20190012450,2019-07-04,20:09:00,2,Struck Pedestrian,4,Thursday,100,PED NEAR SIDE. PED HIT BY VEHICLE FROM THE RIGHT.,3,346982,Not at intersection,2,60,Arterial Other,GRANTHAM,MORELAND,-37.77459,144.949,2019,7,July,20,Night,Weekday
T20190012451,2019-07-04,19:12:00,1,Collision with vehicle,4,Thursday,113,RIGHT NEAR (INTERSECTIONS ONLY),3,45881,T intersection,2,70,Arterial Highway,CHURCH,GEELONG,-38.133408,144.35115,2019,7,July,19,Night,Weekday
T20190012453,2019-07-04,18:32:00,1,Collision with vehicle,4,Thursday,130,REAR END(VEHICLES IN SAME LANE),3,315851,Not at intersection,2,100,Arterial Highway,WESTERN PORT,DANDENONG,-38.04102,145.24637,2019,7,July,18,Afternoon Peak,Weekday
T20190012455,2019-07-04,16:25:00,1,Collision with vehicle,4,Thursday,110,CROSS TRAFFIC(INTERSECTIONS ONLY),1,46678,Cross intersection,3,50,Local Road,DOYLE,BRIMBANK,-37.766953,144.83858,2019,7,July,16,Afternoon Peak,Weekday
T20190012456,2019-07-04,14:37:00,1,Collision with vehicle,4,Thursday,130,REAR END(VEHICLES IN SAME LANE),1,658482,Not at intersection,2,60,Arterial Other,LINCOLN,MOONEE VALLEY,-37.747887,144.90947,2019,7,July,14,Midday,Weekday
T20190013344,2019-07-04,18:20:00,1,Collision with vehicle,4,Thursday,130,REAR END(VEHICLES IN SAME LANE),3,349947,Not at intersection,3,80,Arterial Highway,PRINCES HIGHWAY,CASEY,-38.00215,145.24033,2019,7,July,18,Afternoon Peak,Weekday
T20190012398,2019-07-04,08:10:00,1,Collision with vehicle,4,Thursday,112,LEFT FAR (INTERSECTIONS ONLY),1,55532,T intersection,3,50,Local Road,ALBERT,MARIBYRNONG,-37.80731,144.89687,2019,7,July,8,Morning Peak,Weekday
T20190018316,2019-07-04,11:45:00,3,Struck animal,4,Thursday,167,STRUCK ANIMAL,9,588437,Not at intersection,3,80,Local Road,MACCLESFIELD,YARRA RANGES,-37.81246,145.50482,2019,7,July,11,Midday,Weekday
T20190012428,2019-07-04,08:46:00,1,Collision with vehicle,4,Thursday,133,LANE SIDE SWIPE (VEHICLES IN PARALLEL LANES),1,360736,Not at intersection,3,50,Arterial Other,HOLMES,MORELAND,-37.7619,144.97397,2019,7,July,8,Morning Peak,Weekday
T20190012427,2019-07-04,15:50:00,1,Collision with vehicle,4,Thursday,120,HEAD ON (NOT OVERTAKING),1,346897,Not at intersection,3,70,Arterial Other,BACCHUS MARSH,GEELONG,-38.05455,144.35837,2019,7,July,15,Afternoon Peak,Weekday
T20190012425,2019-07-04,04:50:00,4,Collision with a fixed object,4,Thursday,173,RIGHT OFF CARRIAGEWAY INTO OBJECT/PARKED VEHICLE,5,598183,Not at intersection,2,60,Arterial Other,NYORA ROAD SERVICE,SOUTH GIPPSLAND,-38.34361,145.76065,2019,7,July,4,Late Night,Weekday
T20190012422,2019-07-04,13:25:00,2,Struck Pedestrian,4,Thursday,100,PED NEAR SIDE. PED HIT BY VEHICLE FROM THE RIGHT.,1,346886,Not at intersection,2,60,Arterial Other,BARRABOOL,GEELONG,-38.171165,144.32027,2019,7,July,13,Midday,Weekday
T20190012421,2019-07-04,06:48:00,2,Struck Pedestrian,4,Thursday,100,PED NEAR SIDE. PED HIT BY VEHICLE FROM THE RIGHT.,6,351769,Not at intersection,2,60,Arterial Other,ST ALBANS,BRIMBANK,-37.757202,144.8097,2019,7,July,6,Morning Peak,Weekday
T20190012419,2019-07-04,07:00:00,1,Collision with vehicle,4,Thursday,121,RIGHT THROUGH,2,49012,T intersection,2,70,Arterial Highway,NORTH,MONASH,-37.91192,145.106,2019,7,July,7,Morning Peak,Weekday
T20190012417,2019-07-04,12:00:00,4,Collision with a fixed object,4,Thursday,171,LEFT OFF CARRIAGEWAY INTO OBJECT/PARKED VEHICLE,1,588124,Not at intersection,2,100,Local Road,OLD EUROA,STRATHBOGIE,-36.653687,145.61493,2019,7,July,12,Midday,Weekday
T20190012393,2019-07-04,03:15:00,4,Collision with a fixed object,4,Thursday,181,OFF RIGHT BEND INTO OBJECT/PARKED VEHICLE,5,607802,Not at intersection,3,100,Arterial Highway,MAROONDAH,MURRINDINDI,-37.230648,145.68437,2019,7,July,3,Late Night,Weekday
T20190012416,2019-07-04,13:20:00,1,Collision with vehicle,4,Thursday,130,REAR END(VEHICLES IN SAME LANE),1,50990,T intersection,3,60,Local Road,BALACLAVA,SHEPPARTON,-36.366264,145.39911,2019,7,July,13,Midday,Weekday
T20190012405,2019-07-04,08:00:00,1,Collision with vehicle,4,Thursday,130,REAR END(VEHICLES IN SAME LANE),1,346881,Not at intersection,3,100,Freeway,METROPOLITAN RING,MORELAND,-37.691612,144.96523,2019,7,July,8,Morning Peak,Weekday
T20190012404,2019-07-04,11:05:00,1,Collision with vehicle,4,Thursday,113,RIGHT NEAR (INTERSECTIONS ONLY),1,15145,T intersection,2,60,Arterial Other,LEARMONTH,BALLARAT,-37.52964,143.81386,2019,7,July,11,Midday,Weekday
T20190012400,2019-07-04,06:30:00,4,Collision with a fixed object,4,Thursday,173,RIGHT OFF CARRIAGEWAY INTO OBJECT/PARKED VEHICLE,3,357679,Not at intersection,3,80,Arterial Other,HIGH STREET,KNOX,-37.87382,145.24734,2019,7,July,6,Morning Peak,Weekday
T20190012406,2019-07-04,11:35:00,1,Collision with vehicle,4,Thursday,121,RIGHT THROUGH,1,49400,T intersection,3,60,Arterial Highway,GOULBURN VALLEY,MURRINDINDI,-37.213566,145.41615,2019,7,July,11,Midday,Weekday
T20190013857,2019-07-04,07:10:00,1,Collision with vehicle,4,Thursday,147,VEHICLE STRIKES ANOTHER VEH WHILE EMERGING FROM DRIVEWAY,1,354386,Not at intersection,3,60,Arterial Other,COBURG-CRAIGIEBURN,HUME,-37.68664,144.9579,2019,7,July,7,Morning Peak,Weekday
T20190012394,2019-07-04,06:30:00,1,Collision with vehicle,4,Thursday,130,REAR END(VEHICLES IN SAME LANE),3,354769,Not at intersection,2,80,Arterial Highway,SOUTH GIPPSLAND,CASEY,-38.04465,145.25346,2019,7,July,6,Morning Peak,Weekday
T20190012395,2019-07-04,08:20:00,1,Collision with vehicle,4,Thursday,130,REAR END(VEHICLES IN SAME LANE),1,346883,Not at intersection,3,100,Freeway,WESTERN,MELTON,-37.78675,144.74855,2019,7,July,8,Morning Peak,Weekday
T20190012548,2019-07-04,21:35:00,2,Struck Pedestrian,4,Thursday,100,PED NEAR SIDE. PED HIT BY VEHICLE FROM THE RIGHT.,3,55786,T intersection,3,50,Local Road,MILTON,KINGSTON,-37.93928,145.13033,2019,7,July,21,Night,Weekday
T20190012606,2019-07-04,23:12:00,1,Collision with vehicle,4,Thursday,121,RIGHT THROUGH,3,36500,Cross intersection,3,40,Arterial Other,JOHNSTON,YARRA,-37.79834,144.97847,2019,7,July,23,Night,Weekday
T20190012429,2019-07-04,16:34:00,1,Collision with vehicle,4,Thursday,110,CROSS TRAFFIC(INTERSECTIONS ONLY),1,239081,Cross intersection,2,80,Arterial Highway,DANDENONG,MONASH,-37.893784,145.09335,2019,7,July,16,Afternoon Peak,Weekday