ACCIDENT_NO,ACCIDENT_DATE,ACCIDENT_TIME,ACCIDENT_TYPE,ACCIDENT_TYPE_DESC,DAY_OF_WEEK,DAY_WEEK_DESC,DCA_CODE,DCA_DESC,LIGHT_CONDITION,NODE_ID,ROAD_GEOMETRY_DESC,SEVERITY,SPEED_ZONE,RMA,ROAD_NAME,LGA_NAME,LATITUDE,LONGITUDE,YEAR,MONTH,MONTH_NAME,HOUR,TIME_PERIOD,DAY_TYPE
T20190012435,2019-07-04,13:30:00,4,Collision with a fixed object,4,Thursday,183,OFF LEFT BEND INTO OBJECT/PARKED VEHICLE,1,593162,Not at intersection,2,80,Local Road,WORSLEY,DANDENONG,-38.06961,145.17871,2019,7,July,13,Midday,Weekday
T20190012439,2019-07-04,17:05:00,1,Collision with vehicle,4,Thursday,132,RIGHT REAR.,1,37471,T intersection,3,60,Arterial Other,MCINTYRE,BRIMBANK,-37.757526,144.8323,2019,7,July,17,Afternoon Peak,Weekday
T20190012440,2019-07-04,11:20:00,1,Collision with vehicle,4,Thursday,132,RIGHT REAR.,1,49770,T intersection,1,60,Arterial Other,THOMPSON,GEELONG,-38.108376,144.34387,2019,7,July,11,Midday,Weekday
T20190012547,2019-07-05,23:38:00,1,Collision with vehicle,5,Friday,163,VEHICLE STRIKES DOOR OF PARKED/STATIONARY VEHICLE,5,346988,Not at intersection,2,100,Local Road,STARKIE,HUME,-37.544804,144.65068,2019,7,July,23,Night,Weekday
T20190012532,2019-07-05,20:33:00,1,Collision with vehicle,5,Friday,130,REAR END(VEHICLES IN SAME LANE),3,360427,Not at intersection,2,60,Arterial Other,BALLARAT,MARIBYRNONG,-37.78657,144.8781,2019,7,July,20,Night,Weekday
T20190018033,2019-07-05,16:30:00,1,Collision with vehicle,5,Friday,130,REAR END(VEHICLES IN SAME LANE),1,602438,Not at intersection,3,80,Arterial Other,BALLARAT,BRIMBANK,-37.770798,144.79031,2019,7,July,16,Afternoon Peak,Weekday
T20190012804,2019-07-05,17:00:00,1,Collision with vehicle,5,Friday,130,REAR END(VEHICLES IN SAME LANE),2,579680,Not at intersection,3,60,Arterial Other,PALMERS,WYNDHAM,-37.827496,144.74861,2019,7,July,17,Afternoon Peak,Weekday
T20190014956,2019-07-05,17:00:00,1,Collision with vehicle,5,Friday,110,CROSS TRAFFIC(INTERSECTIONS ONLY),2,58258,Cross intersection,3,50,Local Road,CAMPBELL,SWAN HILL,-35.334976,143.55841,2019,7,July,17,Afternoon Peak,Weekday
T20190012517,2019-07-05,16:00:00,2,Struck Pedestrian,5,Friday,100,PED NEAR SIDE. PED HIT BY VEHICLE FROM THE RIGHT.,1,347438,Not at intersection,3,60,Arterial Other,BRUNTON,MELBOURNE,-37.822983,144.988,2019,7,July,16,Afternoon Peak,Weekday
T20190013503,2019-07-05,12:00:00,8,No collision and no object struck,5,Friday,174,OUT OF CONTROL ON CARRIAGEWAY (ON STRAIGHT),1,266535,T intersection,2,60,Arterial Other,RACECOURSE,CARDINIA,-38.07352,145.49425,2019,7,July,12,Midday,Weekday
T20190012518,2019-07-05,14:00:00,1,Collision with vehicle,5,Friday,129,OTHER OPPOSING MANOEUVRES NOT INCLUDED IN DCAs 120-125.,1,591239,Cross intersection,3,60,Local Road,ATKINSON,MONASH,-37.893425,145.09341,2019,7,July,14,Midday,Weekday
T20190012519,2019-07-05,13:56:00,2,Struck Pedestrian,5,Friday,100,PED NEAR SIDE. PED HIT BY VEHICLE FROM THE RIGHT.,1,593684,T intersection,1,60,Arterial Other,RIVERSDALE,BOROONDARA,-37.835007,145.08975,2019,7,July,13,Midday,Weekday
T20190012574,2019-07-05,17:15:00,5,collision with some other object,5,Friday,166,STRUCK OBJECT ON CARRIAGEWAY,1,347660,Not at intersection,2,100,Local Road,KELLEHER,BENALLA,-36.57354,145.87285,2019,7,July,17,Afternoon Peak,Weekday
T20190012520,2019-07-05,16:15:00,1,Collision with vehicle,5,Friday,130,REAR END(VEHICLES IN SAME LANE),2,91640,T intersection,3,80,Freeway,TOORAK,STONNINGTON,-37.844803,145.04018,2019,7,July,16,Afternoon Peak,Weekday
T20190012525,2019-07-05,19:14:00,8,No collision and no object struck,5,Friday,179,OTHER ACCIDENTS-OFF STRAIGHT NOT INCLUDED IN DCAs 170-175,5,347210,Not at intersection,3,80,Local Road,TWENTIETH,MILDURA,-34.2647,142.0972,2019,7,July,19,Night,Weekday
T20190012526,2019-07-05,12:56:00,1,Collision with vehicle,5,Friday,150,HEAD ON(OVERTAKING),1,356767,Not at intersection,2,100,Arterial Other,BACCHUS MARSH,MACEDON RANGES,-37.510303,144.48056,2019,7,July,12,Midday,Weekday
T20190012785,2019-07-05,17:40:00,1,Collision with vehicle,5,Friday,130,REAR END(VEHICLES IN SAME LANE),2,649533,Not at intersection,3,100,Freeway,EASTLINK,KNOX,-37.909027,145.21594,2019,7,July,17,Afternoon Peak,Weekday
T20190012806,2019-07-05,15:00:00,2,Struck Pedestrian,5,Friday,102,FAR SIDE. PED HIT BY VEHICLE FROM THE LEFT,1,59692,Cross intersection,2,60,Arterial Highway,MCIVOR,BENDIGO,-36.758198,144.2966,2019,7,July,15,Afternoon Peak,Weekday
T20190012543,2019-07-05,22:50:00,1,Collision with vehicle,5,Friday,121,RIGHT THROUGH,3,11835,T intersection,3,60,Arterial Highway,CHELTENHAM,DANDENONG,-37.99084,145.19876,2019,7,July,22,Night,Weekday
T20190012530,2019-07-05,20:50:00,4,Collision with a fixed object,5,Friday,171,LEFT OFF CARRIAGEWAY INTO OBJECT/PARKED VEHICLE,6,350806,Not at intersection,2,60,Local Road,PRINCESS,GEELONG,-38.08205,144.34665,2019,7,July,20,Night,Weekday
T20190012639,2019-07-05,10:20:00,1,Collision with vehicle,5,Friday,130,REAR END(VEHICLES IN SAME LANE),9,251474,Cross intersection,3,60,Local Road,PEARCEDALE,HUME,-37.68094,144.91664,2019,7,July,10,Midday,Weekday
T20190012537,2019-07-05,22:19:00,1,Collision with vehicle,5,Friday,139,OTHER SAME DIRECTION-MANOUEVRES NOT INCLUDED IN DCAs 130-137,3,599582,Cross intersection,2,40,Local Road,DORCAS,PORT PHILLIP,-37.833035,144.96048,2019,7,July,22,Night,Weekday
T20190012473,2019-07-05,08:50:00,4,Collision with a fixed object,5,Friday,181,OFF RIGHT BEND INTO OBJECT/PARKED VEHICLE,1,346932,Not at intersection,3,60,Arterial Other,HULL,MAROONDAH,-37.7952,145.29495,2019,7,July,8,Morning Peak,Weekday
T20190012674,2019-07-05,09:45:00,2,Struck Pedestrian,5,Friday,100,PED NEAR SIDE. PED HIT BY VEHICLE FROM THE RIGHT.,1,59066,Cross intersection,2,50,Local Road,NIXON,SHEPPARTON,-36.376778,145.39873,2019,7,July,9,Morning Peak,Weekday
T20190012477,2019-07-05,10:00:00,1,Collision with vehicle,5,Friday,121,RIGHT THROUGH,1,42458,T intersection,3,80,Arterial Other,WESTALL,DANDENONG,-37.952843,145.13788,2019,7,July,10,Midday,Weekday
T20190015107,2019-07-05,06:00:00,1,Collision with vehicle,5,Friday,130,REAR END(VEHICLES IN SAME LANE),5,291504,Not at intersection,2,90,Arterial Other,THOMPSONS,DANDENONG,-38.072296,145.19624,2019,7,July,6,Morning Peak,Weekday
T20190012467,2019-07-05,09:50:00,2,Struck Pedestrian,5,Friday,102,FAR SIDE. PED HIT BY VEHICLE FROM THE LEFT,1,49288,Cross intersection,3,60,Arterial Other,BARKLY,BALLARAT,-37.56616,143.86632,2019,7,July,9,Morning Peak,Weekday
T20190016696,2019-07-05,19:50:00,1,Collision with vehicle,5,Friday,135,LANE CHANGE LEFT (NOT OVERTAKING),3,590492,Multiple intersection,2,100,Freeway,CALDER,MOONEE VALLEY,-37.73062,144.87529,2019,7,July,19,Night,Weekday
T20190012475,2019-07-05,10:30:00,1,Collision with vehicle,5,Friday,110,CROSS TRAFFIC(INTERSECTIONS ONLY),1,69434,Cross intersection,3,50,Local Road,CHURCH,BAYSIDE,-37.91812,144.99911,2019,7,July,10,Midday,Weekday
T20190012677,2019-07-05,14:55:00,2,Struck Pedestrian,5,Friday,102,FAR SIDE. PED HIT BY VEHICLE FROM THE LEFT,1,41297,Cross intersection,2,60,Local Road,BAMBRA,GLEN EIRA,-37.887768,145.0288,2019,7,July,14,Midday,Weekday
T20190012597,2019-07-05,15:30:00,1,Collision with vehicle,5,Friday,154,PULLING OUT -REAR END,1,660847,Not at intersection,3,80,Arterial Highway,STUD,DANDENONG,-37.956448,145.22624,2019,7,July,15,Afternoon Peak,Weekday
T20190012587,2019-07-05,17:12:00,1,Collision with vehicle,5,Friday,110,CROSS TRAFFIC(INTERSECTIONS ONLY),1,356588,Cross intersection,3,60,Arterial Highway,DUNDAS,NORTHERN GRAMPIANS,-36.62062,143.2657,2019,7,July,17,Afternoon Peak,Weekday
T20190012913,2019-07-05,18:00:00,1,Collision with vehicle,5,Friday,130,REAR END(VEHICLES IN SAME LANE),3,68632,T intersection,3,50,Arterial Other,FORSTER,MONASH,-37.889603,145.13107,2019,7,July,18,Afternoon Peak,Weekday
T20190012571,2019-07-05,15:00:00,4,Collision with a fixed object,5,Friday,173,RIGHT OFF CARRIAGEWAY INTO OBJECT/PARKED VEHICLE,1,347404,T intersection,2,70,Arterial Other,HIGH,MONASH,-37.876583,145.18585,2019,7,July,15,Afternoon Peak,Weekday
T20190012516,2019-07-05,07:00:00,1,Collision with vehicle,5,Friday,130,REAR END(VEHICLES IN SAME LANE),2,658484,T intersection,3,70,Arterial Other,MANNINGHAM,MANNINGHAM,-37.767174,145.0926,2019,7,July,7,Morning Peak,Weekday
T20190012479,2019-07-05,10:17:00,4,Collision with a fixed object,5,Friday,171,LEFT OFF CARRIAGEWAY INTO OBJECT/PARKED VEHICLE,1,580679,Not at intersection,3,40,Local Road,THOMPSONS,CASEY,-38.089523,145.3333,2019,7,July,10,Midday,Weekday
T20190012481,2019-07-05,10:25:00,1,Collision with vehicle,5,Friday,110,CROSS TRAFFIC(INTERSECTIONS ONLY),1,59874,Cross intersection,3,50,Local Road,CHURCH,BENDIGO,-36.80324,144.2438,2019,7,July,10,Midday,Weekday
T20190012515,2019-07-05,18:23:00,2,Struck Pedestrian,5,Friday,100,PED NEAR SIDE. PED HIT BY VEHICLE FROM THE RIGHT.,3,37855,Cross intersection,2,60,Arterial Highway,BELL,DAREBIN,-37.743732,144.98918,2019,7,July,18,Afternoon Peak,Weekday
T20190012513,2019-07-05,16:34:00,2,Struck Pedestrian,5,Friday,100,PED NEAR SIDE. PED HIT BY VEHICLE FROM THE RIGHT.,1,10679,T intersection,3,60,Arterial Other,BARKLY,PORT PHILLIP,-37.8582,144.98285,2019,7,July,16,Afternoon Peak,Weekday
T20190012507,2019-07-05,18:56:00,2,Struck Pedestrian,5,Friday,100,PED NEAR SIDE. PED HIT BY VEHICLE FROM THE RIGHT.,3,29532,Cross intersection,2,50,Arterial Other,MAIN,NILLUMBIK,-37.67295,145.14961,2019,7,July,18,Afternoon Peak,Weekday
T20190012501,2019-07-05,14:20:00,2,Struck Pedestrian,5,Friday,100,PED NEAR SIDE. PED HIT BY VEHICLE FROM THE RIGHT.,1,10873,Multiple intersection,2,60,Freeway,EDGARS,WHITTLESEA,-37.68763,145.00235,2019,7,July,14,Midday,Weekday
T20190013873,2019-07-05,13:45:00,1,Collision with vehicle,5,Friday,132,RIGHT REAR.,1,299841,T intersection,3,70,Arterial Highway,STAWELL,HORSHAM,-36.73347,142.20554,2019,7,July,13,Midday,Weekday
T20190014774,2019-07-05,09:30:00,1,Collision with vehicle,5,Friday,113,RIGHT NEAR (INTERSECTIONS ONLY),1,586158,T intersection,3,60,Arterial Highway,RUSSELL,MORELAND,-37.74141,144.96713,2019,7,July,9,Morning Peak,Weekday
T20190014623,2019-07-05,10:15:00,4,Collision with a fixed object,5,Friday,171,LEFT OFF CARRIAGEWAY INTO OBJECT/PARKED VEHICLE,1,600548,Not at intersection,3,100,Local Road,GURDIES-ST HELIER,BASS COAST,-38.37814,145.56721,2019,7,July,10,Midday,Weekday
T20190014412,2019-07-05,10:58:00,1,Collision with vehicle,5,Friday,147,VEHICLE STRIKES ANOTHER VEH WHILE EMERGING FROM DRIVEWAY,1,45150,T intersection,3,60,Arterial Other,MILLEARA,MOONEE VALLEY,-37.748474,144.86235,2019,7,July,10,Midday,Weekday
T20190012485,2019-07-05,10:26:00,4,Collision with a fixed object,5,Friday,181,OFF RIGHT BEND INTO OBJECT/PARKED VEHICLE,1,347092,Not at intersection,3,100,Local Road,KONAGADERRA,HUME,-37.50177,144.77026,2019,7,July,10,Midday,Weekday
T20190012488,2019-07-05,06:35:00,1,Collision with vehicle,5,Friday,110,CROSS TRAFFIC(INTERSECTIONS ONLY),3,36370,Cross intersection,3,60,Local Road,ELGIN,MELBOURNE,-37.79748,144.97049,2019,7,July,6,Morning Peak,Weekday
T20190012490,2019-07-05,12:05:00,1,Collision with vehicle,5,Friday,113,RIGHT NEAR (INTERSECTIONS ONLY),1,38336,T intersection,2,80,Arterial Other,WILLIAMSONS,MANNINGHAM,-37.764435,145.13306,2019,7,July,12,Midday,Weekday
T20190012491,2019-07-05,06:30:00,4,Collision with a fixed object,5,Friday,181,OFF RIGHT BEND INTO OBJECT/PARKED VEHICLE,2,353552,Not at intersection,3,100,Local Road,GLEN ALVIE,BASS COAST,-38.475246,145.6371,2019,7,July,6,Morning Peak,Weekday
T20190012492,2019-07-05,09:30:00,1,Collision with vehicle,5,Friday,135,LANE CHANGE LEFT (NOT OVERTAKING),1,346990,Not at intersection,3,50,Arterial Highway,SOUTH GIPPSLAND,CASEY,-38.06071,145.26389,2019,7,July,9,Morning Peak,Weekday
T20190012493,2019-07-05,09:00:00,1,Collision with vehicle,5,Friday,121,RIGHT THROUGH,1,346944,T intersection,2,80,Arterial Other,HIGH,MELTON,-37.68628,144.53088,2019,7,July,9,Morning Peak,Weekday
T20190012498,2019-07-05,04:05:00,4,Collision with a fixed object,5,Friday,171,LEFT OFF CARRIAGEWAY INTO OBJECT/PARKED VEHICLE,3,597118,Not at intersection,3,60,Arterial Highway,ALBERT,DAREBIN,-37.726597,145.02478,2019,7,July,4,Late Night,Weekday
T20190012579,2019-07-06,13:00:00,4,Collision with a fixed object,6,Saturday,183,OFF LEFT BEND INTO OBJECT/PARKED VEHICLE,1,347127,Not at intersection,2,80,Arterial Other,KANGAROO GROUND-WARRANDYTE,NILLUMBIK,-37.701897,145.22664,2019,7,July,13,Midday,Weekend
T20190024559,2019-07-06,16:00:00,1,Collision with vehicle,6,Saturday,130,REAR END(VEHICLES IN SAME LANE),1,607557,Not at intersection,3,60,Arterial Other,ELGAR,WHITEHORSE,-37.814266,145.1155,2019,7,July,16,Afternoon Peak,Weekend
T20190012583,2019-07-06,14:45:00,1,Collision with vehicle,6,Saturday,130,REAR END(VEHICLES IN SAME LANE),1,359525,Not at intersection,3,80,Arterial Highway,SOUTH GIPPSLAND,CASEY,-38.07116,145.26956,2019,7,July,14,Midday,Weekend
T20190012592,2019-07-06,16:00:00,4,Collision with a fixed object,6,Saturday,181,OFF RIGHT BEND INTO OBJECT/PARKED VEHICLE,1,349883,Not at intersection,1,60,Arterial Other,COTTRELL,WYNDHAM,-37.903,144.65132,2019,7,July,16,Afternoon Peak,Weekend
T20190012589,2019-07-06,17:15:00,1,Collision with vehicle,6,Saturday,121,RIGHT THROUGH,1,53356,T intersection,3,60,Arterial Highway,MAROONDAH,YARRA RANGES,-37.655853,145.5118,2019,7,July,17,Afternoon Peak,Weekend
T20190012626,2019-07-06,16:15:00,1,Collision with vehicle,6,Saturday,130,REAR END(VEHICLES IN SAME LANE),1,599015,Not at intersection,3,90,Arterial Other,KOO WEE RUP,CARDINIA,-38.13702,145.48848,2019,7,July,16,Afternoon Peak,Weekend
T20190012619,2019-07-06,16:30:00,4,Collision with a fixed object,6,Saturday,181,OFF RIGHT BEND INTO OBJECT/PARKED VEHICLE,1,580255,Not at intersection,3,100,Arterial Other,YARRA JUNCTION-NOOJEE,YARRA RANGES,-37.87273,145.80193,2019,7,July,16,Afternoon Peak,Weekend
T20190012632,2019-07-06,22:50:00,1,Collision with vehicle,6,Saturday,135,LANE CHANGE LEFT (NOT OVERTAKING),3,303425,T intersection,3,60,Local Road,GRAND,HUME,-37.583828,144.93785,2019,7,July,22,Night,Weekend
T20190012693,2019-07-06,10:00:00,6,Vehicle overturned (no collision),6,Saturday,170,OFF CARRIAGEWAY TO LEFT,1,347006,Not at intersection,3,50,Arterial Other,BALLARAT-MARYBOROUGH,HEPBURN,-37.294594,143.78616,2019,7,July,10,Midday,Weekend
T20200020498,2019-07-06,18:00:00,1,Collision with vehicle,6,Saturday,130,REAR END(VEHICLES IN SAME LANE),3,668070,Not at intersection,3,60,Arterial Other,POWER,BOROONDARA,-37.82225,145.02626,2019,7,July,18,Afternoon Peak,Weekend
T20190012588,2019-07-06,18:00:00,1,Collision with vehicle,6,Saturday,113,RIGHT NEAR (INTERSECTIONS ONLY),2,29384,T intersection,3,80,Arterial Highway,PRINCES,DANDENONG,-37.937996,145.16214,2019,7,July,18,Afternoon Peak,Weekend
T20190012621,2019-07-06,20:00:00,1,Collision with vehicle,6,Saturday,116,LEFT NEAR (INTERSECTIONS ONLY),3,41882,T intersection,3,70,Arterial Other,FERNTREE GULLY,KNOX,-37.897915,145.24043,2019,7,July,20,Night,Weekend
T20190012608,2019-07-06,00:50:00,4,Collision with a fixed object,6,Saturday,171,LEFT OFF CARRIAGEWAY INTO OBJECT/PARKED VEHICLE,6,599014,Not at intersection,2,100,Freeway,EASTLINK,KNOX,-37.856285,145.21365,2019,7,July,0,Late Night,Weekend
T20190013182,2019-07-06,14:30:00,1,Collision with vehicle,6,Saturday,130,REAR END(VEHICLES IN SAME LANE),1,586722,Not at intersection,3,50,Arterial Other,CHANDLER,BOROONDARA,-37.791412,145.02878,2019,7,July,14,Midday,Weekend
T20190012599,2019-07-06,16:18:00,1,Collision with vehicle,6,Saturday,133,LANE SIDE SWIPE (VEHICLES IN PARALLEL LANES),1,346979,Not at intersection,3,60,Arterial Highway,BELL,DAREBIN,-37.745594,145.00746,2019,7,July,16,Afternoon Peak,Weekend
T20190012550,2019-07-06,08:55:00,1,Collision with vehicle,6,Saturday,116,LEFT NEAR (INTERSECTIONS ONLY),1,62072,T intersection,2,50,Arterial Other,MAIN,NILLUMBIK,-37.703274,145.17642,2019,7,July,8,Morning Peak,Weekend
T20190012596,2019-07-06,18:30:00,2,Struck Pedestrian,6,Saturday,100,PED NEAR SIDE. PED HIT BY VEHICLE FROM THE RIGHT.,3,585061,Not at intersection,3,50,Local Road,WILSONS,GEELONG,-38.179707,144.38972,2019,7,July,18,Afternoon Peak,Weekend
T20190012584,2019-07-06,16:30:00,1,Collision with vehicle,6,Saturday,131,LEFT REAR,1,340540,Cross intersection,3,70,Arterial Other,BALLARAT,BRIMBANK,-37.776966,144.82874,2019,7,July,16,Afternoon Peak,Weekend
T20190012538,2019-07-06,00:03:00,1,Collision with vehicle,6,Saturday,160,VEHICLE COLLIDES WITH VEHICLE PARKED ON LEFT OF ROAD,3,639663,Not at intersection,2,60,Local Road,DYSON,BALLARAT,-37.560143,143.784,2019,7,July,0,Late Night,Weekend
T20190012585,2019-07-06,14:55:00,6,Vehicle overturned (no collision),6,Saturday,174,OUT OF CONTROL ON CARRIAGEWAY (ON STRAIGHT),1,63552,T intersection,3,50,Arterial Highway,WARBURTON,YARRA RANGES,-37.753326,145.6905,2019,7,July,14,Midday,Weekend
T20190012552,2019-07-06,07:30:00,1,Collision with vehicle,6,Saturday,121,RIGHT THROUGH,1,776864,Cross intersection,2,70,Arterial Other,KINGS ROAD -TAYLORS,BRIMBANK,-37.72773,144.78235,2019,7,July,7,Morning Peak,Weekend
T20190012554,2019-07-06,08:41:00,1,Collision with vehicle,6,Saturday,110,CROSS TRAFFIC(INTERSECTIONS ONLY),1,41159,Cross intersection,3,60,Arterial Other,NORTH,BAYSIDE,-37.898327,144.99431,2019,7,July,8,Morning Peak,Weekend
T20190019105,2019-07-06,14:49:00,1,Collision with vehicle,6,Saturday,130,REAR END(VEHICLES IN SAME LANE),1,612151,Not at intersection,3,60,Arterial Highway,WARBURTON,YARRA RANGES,-37.777107,145.52377,2019,7,July,14,Midday,Weekend
T20190012556,2019-07-06,11:14:00,4,Collision with a fixed object,6,Saturday,173,RIGHT OFF CARRIAGEWAY INTO OBJECT/PARKED VEHICLE,1,347088,Not at intersection,3,80,Arterial Highway,BURWOOD,WHITEHORSE,-37.856472,145.18146,2019,7,July,11,Midday,Weekend
T20190014671,2019-07-06,18:30:00,1,Collision with vehicle,6,Saturday,130,REAR END(VEHICLES IN SAME LANE),3,661210,Not at intersection,3,50,Arterial Other,HEATHS,WYNDHAM,-37.875656,144.66461,2019,7,July,18,Afternoon Peak,Weekend
T20190012559,2019-07-06,09:20:00,4,Collision with a fixed object,6,Saturday,183,OFF LEFT BEND INTO OBJECT/PARKED VEHICLE,1,346977,Not at intersection,2,50,Local Road,IVANHOE,MONASH,-37.89132,145.15361,2019,7,July,9,Morning Peak,Weekend
T20190012595,2019-07-06,15:00:00,7,Fall from or in moving vehicle,6,Saturday,179,OTHER ACCIDENTS-OFF STRAIGHT NOT INCLUDED IN DCAs 170-175,1,359539,Not at intersection,3,100,Local Road,ROCKET LAKE,MILDURA,-34.659,141.82857,2019,7,July,15,Afternoon Peak,Weekend
T20190012593,2019-07-06,19:30:00,1,Collision with vehicle,6,Saturday,130,REAR END(VEHICLES IN SAME LANE),3,346973,Not at intersection,2,100,Arterial Other,HUME,HUME,-37.62407,144.94814,2019,7,July,19,Night,Weekend
T20190012563,2019-07-06,07:30:00,1,Collision with vehicle,6,Saturday,169,OTHER ON PATH,3,600635,Not at intersection,2,60,Arterial Other,GRANGE,GLEN EIRA,-37.885086,145.04736,2019,7,July,7,Morning Peak,Weekend
T20190012564,2019-07-06,12:45:00,1,Collision with vehicle,6,Saturday,135,LANE CHANGE LEFT (NOT OVERTAKING),1,347113,Not at intersection,2,80,Arterial Highway,WHITEHORSE,WHITEHORSE,-37.817894,145.1824,2019,7,July,12,Midday,Weekend
T20190012565,2019-07-06,11:45:00,1,Collision with vehicle,6,Saturday,110,CROSS TRAFFIC(INTERSECTIONS ONLY),1,52034,Cross intersection,2,80,Local Road,COBAINS,WELLINGTON,-38.088215,147.086,2019,7,July,11,Midday,Weekend
T20190012569,2019-07-06,07:10:00,1,Collision with vehicle,6,Saturday,113,RIGHT NEAR (INTERSECTIONS ONLY),2,235333,Cross intersection,3,60,Arterial Other,POINT COOK,WYNDHAM,-37.896713,144.75415,2019,7,July,7,Morning Peak,Weekend
T20190012576,2019-07-06,13:30:00,2,Struck Pedestrian,6,Saturday,103,PED PLAYING/LYING/WORKING/STANDING ON CARRIAGEWAY.,1,74897,Not at intersection,3,40,Local Road,COLLINS,MELBOURNE,-37.815434,144.96675,2019,7,July,13,Midday,Weekend
T20190012642,2019-07-07,16:10:00,6,Vehicle overturned (no collision),7,Sunday,174,OUT OF CONTROL ON CARRIAGEWAY (ON STRAIGHT),1,346996,Not at intersection,3,50,Local Road,GRIFFITHS,BANYULE,-37.751434,145.04314,2019,7,July,16,Afternoon Peak,Weekend
T20190022089,2019-07-07,18:58:00,2,Struck Pedestrian,7,Sunday,108,PED STRUCK WALKING TO/FROM OR BOARDING/ALIGHTING VEHICLE.,2,602156,Not at intersection,3,40,Local Road,BREESE,MORELAND,-37.762615,144.96155,2019,7,July,18,Afternoon Peak,Weekend
T20190012640,2019-07-07,01:51:00,1,Collision with vehicle,7,Sunday,132,RIGHT REAR.,5,620501,Cross intersection,3,100,Local Road,DHURRINGILE,SHEPPARTON,-36.425507,145.24098,2019,7,July,1,Late Night,Weekend
T20190012653,2019-07-07,18:10:00,1,Collision with vehicle,7,Sunday,130,REAR END(VEHICLES IN SAME LANE),3,346986,Not at intersection,2,80,Arterial Highway,GREENSBOROUGH,BANYULE,-37.70642,145.08836,2019,7,July,18,Afternoon Peak,Weekend
T20190012625,2019-07-07,10:30:00,1,Collision with vehicle,7,Sunday,113,RIGHT NEAR (INTERSECTIONS ONLY),1,1191,T intersection,3,60,Local Road,BARWON HEADS,GEELONG,-38.17165,144.3507,2019,7,July,10,Midday,Weekend
T20190012629,2019-07-07,12:40:00,1,Collision with vehicle,7,Sunday,116,LEFT NEAR (INTERSECTIONS ONLY),1,37431,Cross intersection,2,80,Freeway,STATE (BELL/SPRINGVALE),MANNINGHAM,-37.803463,145.17802,2019,7,July,12,Midday,Weekend
T20190013321,2019-07-07,16:55:00,1,Collision with vehicle,7,Sunday,113,RIGHT NEAR (INTERSECTIONS ONLY),1,296062,T intersection,3,60,Arterial Highway,BELL,DAREBIN,-37.746193,145.01208,2019,7,July,16,Afternoon Peak,Weekend
T20190012690,2019-07-07,20:00:00,1,Collision with vehicle,7,Sunday,119,OTHER ADJACENT (INTERSECTIONS ONLY),3,42903,T intersection,3,60,Local Road,CORRIGAN,DANDENONG,-37.98196,145.1651,2019,7,July,20,Night,Weekend
T20190012755,2019-07-07,17:30:00,1,Collision with vehicle,7,Sunday,130,REAR END(VEHICLES IN SAME LANE),2,347240,Not at intersection,3,70,Arterial Highway,HODDLE,YARRA,-37.80329,144.99242,2019,7,July,17,Afternoon Peak,Weekend
T20190012675,2019-07-07,02:30:00,1,Collision with vehicle,7,Sunday,130,REAR END(VEHICLES IN SAME LANE),3,583424,Not at intersection,3,40,Local Road,CHAPEL,STONNINGTON,-37.840973,144.99532,2019,7,July,2,Late Night,Weekend
T20190012633,2019-07-07,09:20:00,1,Collision with vehicle,7,Sunday,160,VEHICLE COLLIDES WITH VEHICLE PARKED ON LEFT OF ROAD,1,351735,Not at intersection,2,60,Arterial Other,STATION,WHITEHORSE,-37.81566,145.12439,2019,7,July,9,Morning Peak,Weekend
T20190012634,2019-07-07,13:42:00,2,Struck Pedestrian,7,Sunday,107,PED ON FOOTHPATH STRUCK BY VEHENTERING/LEAVING DRIVEWAY.,1,347216,Not at intersection,2,50,Local Road,HAVEN,SURF COAST,-38.3201,144.32118,2019,7,July,13,Midday,Weekend
T20190012635,2019-07-07,13:40:00,4,Collision with a fixed object,7,Sunday,181,OFF RIGHT BEND INTO OBJECT/PARKED VEHICLE,1,41960,Cross intersection,3,50,Local Road,ALPINE,KNOX,-37.88302,145.29544,2019,7,July,13,Midday,Weekend
T20190014687,2019-07-07,16:00:00,7,Fall from or in moving vehicle,7,Sunday,179,OTHER ACCIDENTS-OFF STRAIGHT NOT INCLUDED IN DCAs 170-175,1,38936,T intersection,3,60,Arterial Other,BURWOOD,BOROONDARA,-37.82281,145.03703,2019,7,July,16,Afternoon Peak,Weekend
T20190012637,2019-07-07,14:30:00,1,Collision with vehicle,7,Sunday,110,CROSS TRAFFIC(INTERSECTIONS ONLY),1,27584,Cross intersection,2,60,Local Road,GREENS,WYNDHAM,-37.887676,144.6136,2019,7,July,14,Midday,Weekend
T20190012609,2019-07-07,02:30:00,4,Collision with a fixed object,7,Sunday,171,LEFT OFF CARRIAGEWAY INTO OBJECT/PARKED VEHICLE,3,599309,Not at intersection,3,50,Local Road,GREAT BROME,WHITTLESEA,-37.636337,145.02159,2019,7,July,2,Late Night,Weekend
T20190012779,2019-07-07,17:15:00,8,No collision and no object struck,7,Sunday,170,OFF CARRIAGEWAY TO LEFT,2,347095,Not at intersection,3,100,Freeway,PRINCES,WYNDHAM,-37.8401,144.79434,2019,7,July,17,Afternoon Peak,Weekend
T20190017789,2019-07-07,01:05:00,4,Collision with a fixed object,7,Sunday,171,LEFT OFF CARRIAGEWAY INTO OBJECT/PARKED VEHICLE,5,600463,Not at intersection,2,80,Arterial Other,BALNARRING,MORNINGTON PENINSULA,-38.297523,145.07794,2019,7,July,1,Late Night,Weekend
T20190012610,2019-07-07,00:15:00,1,Collision with vehicle,7,Sunday,181,OFF RIGHT BEND INTO OBJECT/PARKED VEHICLE,5,579954,Not at intersection,2,40,Arterial Other,GRUBB,GEELONG,-38.192425,144.54843,2019,7,July,0,Late Night,Weekend
T20190012651,2019-07-07,19:25:00,1,Collision with vehicle,7,Sunday,121,RIGHT THROUGH,3,599310,T intersection,3,80,Arterial Other,HUME,HUME,-37.616077,144.94716,2019,7,July,19,Night,Weekend