ACCIDENT_NO,ACCIDENT_DATE,ACCIDENT_TIME,ACCIDENT_TYPE,ACCIDENT_TYPE_DESC,DAY_OF_WEEK,DAY_WEEK_DESC,DCA_CODE,DCA_DESC,LIGHT_CONDITION,NODE_ID,ROAD_GEOMETRY_DESC,SEVERITY,SPEED_ZONE,RMA,ROAD_NAME,LGA_NAME,LATITUDE,LONGITUDE,YEAR,MONTH,MONTH_NAME,HOUR,TIME_PERIOD,DAY_TYPE
T20190012614,2019-07-07,02:30:00,1,Collision with vehicle,7,Sunday,147,VEHICLE STRIKES ANOTHER VEH WHILE EMERGING FROM DRIVEWAY,3,600442,Dead end,3,50,Local Road,EVERLASTING,SURF COAST,-38.32281,144.31648,2019,7,July,2,Late Night,Weekend
T20190012630,2019-07-07,13:25:00,4,Collision with a fixed object,7,Sunday,173,RIGHT OFF CARRIAGEWAY INTO OBJECT/PARKED VEHICLE,1,579955,Not at intersection,2,80,Arterial Other,SWANSEA,YARRA RANGES,-37.80613,145.35211,2019,7,July,13,Midday,Weekend
T20190024457,2019-07-07,12:48:00,1,Collision with vehicle,7,Sunday,110,CROSS TRAFFIC(INTERSECTIONS ONLY),1,46089,Cross intersection,3,50,Local Road,DEAKIN,MOONEE VALLEY,-37.74518,144.89223,2019,7,July,12,Midday,Weekend
T20190012648,2019-07-07,15:20:00,1,Collision with vehicle,7,Sunday,121,RIGHT THROUGH,1,42396,Cross intersection,3,60,Arterial Other,BOUNDARY,MORELAND,-37.718067,144.9517,2019,7,July,15,Afternoon Peak,Weekend
T20190012704,2019-07-07,22:10:00,1,Collision with vehicle,7,Sunday,169,OTHER ON PATH,3,583425,Not at intersection,2,50,Local Road,SOBRAON,SHEPPARTON,-36.38635,145.40685,2019,7,July,22,Night,Weekend
T20190012656,2019-07-07,17:20:00,4,Collision with a fixed object,7,Sunday,173,RIGHT OFF CARRIAGEWAY INTO OBJECT/PARKED VEHICLE,3,583098,Not at intersection,2,80,Arterial Other,BITTERN-DROMANA,MORNINGTON PENINSULA,-38.35256,145.06079,2019,7,July,17,Afternoon Peak,Weekend
T20190013862,2019-07-07,14:30:00,1,Collision with vehicle,7,Sunday,152,PULLING OUT (OVERTAKING),1,608092,Not at intersection,3,100,Local Road,TOONGABBIE-COWWARR,LATROBE,-38.029694,146.63335,2019,7,July,14,Midday,Weekend
T20190012624,2019-07-07,10:30:00,1,Collision with vehicle,7,Sunday,121,RIGHT THROUGH,1,227564,Cross intersection,2,60,Arterial Other,LOCKWOOD,BENDIGO,-36.796604,144.24246,2019,7,July,10,Midday,Weekend
T20190012680,2019-07-08,07:10:00,2,Struck Pedestrian,1,Monday,100,PED NEAR SIDE. PED HIT BY VEHICLE FROM THE RIGHT.,1,44888,T intersection,3,60,Local Road,BRIDLE,LATROBE,-38.23245,146.43187,2019,7,July,7,Morning Peak,Weekday
T20190012676,2019-07-08,06:58:00,1,Collision with vehicle,1,Monday,149,OTHER MANOEUVRING NOT INCLUDED IN DCAs 140-148,2,585062,T intersection,3,100,Arterial Other,WELLINGTON,YARRA RANGES,-37.95849,145.37808,2019,7,July,6,Morning Peak,Weekday
T20190012673,2019-07-08,07:00:00,4,Collision with a fixed object,1,Monday,173,RIGHT OFF CARRIAGEWAY INTO OBJECT/PARKED VEHICLE,5,351778,Not at intersection,2,100,Arterial Other,STEIGLITZ,GOLDEN PLAINS,-37.965397,144.1733,2019,7,July,7,Morning Peak,Weekday
T20190012669,2019-07-08,04:30:00,1,Collision with vehicle,1,Monday,160,VEHICLE COLLIDES WITH VEHICLE PARKED ON LEFT OF ROAD,3,597013,Not at intersection,2,60,Arterial Other,GRANGE,DAREBIN,-37.777283,145.02542,2019,7,July,4,Late Night,Weekday
T20190012713,2019-07-08,16:30:00,1,Collision with vehicle,1,Monday,134,LANE CHANGE RIGHT (NOT OVERTAKING),1,347014,Not at intersection,3,80,Arterial Highway,MAROONDAH,YARRA RANGES,-37.753212,145.36531,2019,7,July,16,Afternoon Peak,Weekday
T20190012725,2019-07-08,18:45:00,2,Struck Pedestrian,1,Monday,103,PED PLAYING/LYING/WORKING/STANDING ON CARRIAGEWAY.,5,360425,Not at intersection,3,80,Local Road,PERRY,DANDENONG,-38.01826,145.17941,2019,7,July,18,Afternoon Peak,Weekday
T20190012724,2019-07-08,18:20:00,2,Struck Pedestrian,1,Monday,100,PED NEAR SIDE. PED HIT BY VEHICLE FROM THE RIGHT.,5,347052,Not at intersection,2,60,Arterial Other,HIGH,DAREBIN,-37.78223,144.99646,2019,7,July,18,Afternoon Peak,Weekday
T20190012723,2019-07-08,17:54:00,1,Collision with vehicle,1,Monday,130,REAR END(VEHICLES IN SAME LANE),3,347161,Not at intersection,3,60,Local Road,MATTHEWS,MOONEE VALLEY,-37.72719,144.8905,2019,7,July,17,Afternoon Peak,Weekday
T20190012721,2019-07-08,18:19:00,4,Collision with a fixed object,1,Monday,171,LEFT OFF CARRIAGEWAY INTO OBJECT/PARKED VEHICLE,3,351747,Not at intersection,2,60,Local Road,TAYLORS,MELTON,-37.725254,144.76178,2019,7,July,18,Afternoon Peak,Weekday
T20190012719,2019-07-08,18:02:00,6,Vehicle overturned (no collision),1,Monday,179,OTHER ACCIDENTS-OFF STRAIGHT NOT INCLUDED IN DCAs 170-175,3,358436,Not at intersection,2,60,Local Road,HAZEL,BAW BAW,-38.16625,145.9528,2019,7,July,18,Afternoon Peak,Weekday
T20190012711,2019-07-08,13:33:00,1,Collision with vehicle,1,Monday,130,REAR END(VEHICLES IN SAME LANE),1,38224,Cross intersection,3,60,Arterial Highway,ROSANNA,BANYULE,-37.74287,145.07248,2019,7,July,13,Midday,Weekday
T20190012685,2019-07-08,08:15:00,1,Collision with vehicle,1,Monday,113,RIGHT NEAR (INTERSECTIONS ONLY),1,168,T intersection,3,80,Arterial Highway,FRANKSTON-DANDENONG,DANDENONG,-38.031662,145.21194,2019,7,July,8,Morning Peak,Weekday
T20190012710,2019-07-08,14:00:00,4,Collision with a fixed object,1,Monday,181,OFF RIGHT BEND INTO OBJECT/PARKED VEHICLE,1,348498,Not at intersection,2,60,Arterial Other,BEACH,PORT PHILLIP,-37.86217,144.97276,2019,7,July,14,Midday,Weekday
T20190012702,2019-07-08,13:31:00,1,Collision with vehicle,1,Monday,131,LEFT REAR,1,36149,T intersection,3,60,Arterial Other,HIGH,WHITTLESEA,-37.6726,145.01529,2019,7,July,13,Midday,Weekday
T20190012701,2019-07-08,11:30:00,4,Collision with a fixed object,1,Monday,173,RIGHT OFF CARRIAGEWAY INTO OBJECT/PARKED VEHICLE,1,659332,Not at intersection,3,100,Local Road,OLD BRIDGEWATER-SERPENTINE,LODDON,-36.494045,143.99908,2019,7,July,11,Midday,Weekday
T20190012698,2019-07-08,09:08:00,1,Collision with vehicle,1,Monday,120,HEAD ON (NOT OVERTAKING),1,610504,Not at intersection,2,80,Local Road,CARDINIA,CARDINIA,-38.11708,145.42604,2019,7,July,9,Morning Peak,Weekday
T20190013618,2019-07-08,20:19:00,1,Collision with vehicle,1,Monday,112,LEFT FAR (INTERSECTIONS ONLY),3,296291,T intersection,3,70,Arterial Other,BALLARTO,FRANKSTON,-38.113045,145.1604,2019,7,July,20,Night,Weekday
T20190012893,2019-07-08,17:30:00,1,Collision with vehicle,1,Monday,130,REAR END(VEHICLES IN SAME LANE),2,610720,Not at intersection,2,50,Arterial Other,FYANS,GEELONG,-38.162354,144.35646,2019,7,July,17,Afternoon Peak,Weekday
T20190012740,2019-07-08,12:14:00,1,Collision with vehicle,1,Monday,120,HEAD ON (NOT OVERTAKING),1,347090,Not at intersection,3,100,Arterial Other,SNOW,WANGARATTA,-36.53658,146.6404,2019,7,July,12,Midday,Weekday
T20190012732,2019-07-08,18:00:00,1,Collision with vehicle,1,Monday,130,REAR END(VEHICLES IN SAME LANE),3,360559,Not at intersection,3,80,Arterial Other,NARRE WARREN,CASEY,-38.08076,145.29637,2019,7,July,18,Afternoon Peak,Weekday
T20190012731,2019-07-08,14:12:00,1,Collision with vehicle,1,Monday,110,CROSS TRAFFIC(INTERSECTIONS ONLY),1,292154,Cross intersection,2,80,Arterial Other,GRICES,CASEY,-38.07453,145.33563,2019,7,July,14,Midday,Weekday
T20190012729,2019-07-08,22:30:00,1,Collision with vehicle,1,Monday,147,VEHICLE STRIKES ANOTHER VEH WHILE EMERGING FROM DRIVEWAY,3,347056,Not at intersection,2,60,Arterial Highway,SMITHFIELD,MELBOURNE,-37.792164,144.91824,2019,7,July,22,Night,Weekday
T20190012728,2019-07-08,19:58:00,1,Collision with vehicle,1,Monday,120,HEAD ON (NOT OVERTAKING),3,579956,Not at intersection,2,60,Local Road,AITKEN,HUME,-37.631413,144.9116,2019,7,July,19,Night,Weekday
T20190012727,2019-07-08,16:27:00,6,Vehicle overturned (no collision),1,Monday,189,OTHER ACCIDENTS ON CURVE NOT INCLUDED IN DCAs 180-184,1,339080,Y intersection,3,80,Arterial Other,FITZSIMONS,BANYULE,-37.73309,145.13716,2019,7,July,16,Afternoon Peak,Weekday
T20190012692,2019-07-08,12:00:00,1,Collision with vehicle,1,Monday,137,LEFT TURN SIDESWIPE,1,360581,Cross intersection,2,60,Arterial Highway,WALKER,DANDENONG,-37.988117,145.21434,2019,7,July,12,Midday,Weekday
T20190012726,2019-07-08,17:50:00,1,Collision with vehicle,1,Monday,130,REAR END(VEHICLES IN SAME LANE),9,350012,Not at intersection,3,80,Arterial Highway,STUD,KNOX,-37.91403,145.23586,2019,7,July,17,Afternoon Peak,Weekday
T20190013804,2019-07-09,15:45:00,8,No collision and no object struck,2,Tuesday,179,OTHER ACCIDENTS-OFF STRAIGHT NOT INCLUDED IN DCAs 170-175,1,312724,Not at intersection,3,60,Arterial Other,HOLMES,BENDIGO,-36.734177,144.26526,2019,7,July,15,Afternoon Peak,Weekday
T20190012739,2019-07-09,05:00:00,1,Collision with vehicle,2,Tuesday,130,REAR END(VEHICLES IN SAME LANE),3,599847,Not at intersection,2,60,Local Road,PLENTY,WHITTLESEA,-37.51797,145.11436,2019,7,July,5,Morning Peak,Weekday
T20190012816,2019-07-09,15:40:00,1,Collision with vehicle,2,Tuesday,130,REAR END(VEHICLES IN SAME LANE),1,599849,Not at intersection,3,80,Arterial Highway,SOUTH GIPPSLAND,DANDENONG,-38.03431,145.24516,2019,7,July,15,Afternoon Peak,Weekday
T20190012784,2019-07-09,18:35:00,1,Collision with vehicle,2,Tuesday,121,RIGHT THROUGH,3,39371,Cross intersection,2,60,Arterial Other,CANTERBURY,WHITEHORSE,-37.830406,145.1363,2019,7,July,18,Afternoon Peak,Weekday
T20190012790,2019-07-09,17:50:00,8,No collision and no object struck,2,Tuesday,179,OTHER ACCIDENTS-OFF STRAIGHT NOT INCLUDED IN DCAs 170-175,1,600444,Not at intersection,3,60,Arterial Other,PASCOE VALE,HUME,-37.694084,144.91534,2019,7,July,17,Afternoon Peak,Weekday
T20190013853,2019-07-09,16:48:00,1,Collision with vehicle,2,Tuesday,130,REAR END(VEHICLES IN SAME LANE),1,263758,T intersection,3,60,Arterial Other,WELLS,KINGSTON,-38.035778,145.1355,2019,7,July,16,Afternoon Peak,Weekday
T20190013528,2019-07-09,17:15:00,1,Collision with vehicle,2,Tuesday,130,REAR END(VEHICLES IN SAME LANE),2,349832,Not at intersection,3,100,Freeway,WESTERN RING,BRIMBANK,-37.76791,144.80615,2019,7,July,17,Afternoon Peak,Weekday
T20190012783,2019-07-09,17:38:00,1,Collision with vehicle,2,Tuesday,121,RIGHT THROUGH,2,29606,T intersection,3,60,Arterial Highway,TOORAK,BOROONDARA,-37.844906,145.0409,2019,7,July,17,Afternoon Peak,Weekday
T20190012782,2019-07-09,16:17:00,1,Collision with vehicle,2,Tuesday,132,RIGHT REAR.,1,599848,Cross intersection,3,60,Arterial Other,BALLARTO,CARDINIA,-38.146126,145.4246,2019,7,July,16,Afternoon Peak,Weekday
T20190012786,2019-07-09,16:38:00,1,Collision with vehicle,2,Tuesday,113,RIGHT NEAR (INTERSECTIONS ONLY),1,57288,T intersection,2,60,Arterial Highway,MIDLAND,SHEPPARTON,-36.379402,145.3958,2019,7,July,16,Afternoon Peak,Weekday
T20190012781,2019-07-09,16:00:00,1,Collision with vehicle,2,Tuesday,120,HEAD ON (NOT OVERTAKING),1,354763,Not at intersection,2,80,Arterial Other,BROWN COALMINE,LATROBE,-38.160732,146.37233,2019,7,July,16,Afternoon Peak,Weekday
T20190012780,2019-07-09,15:20:00,1,Collision with vehicle,2,Tuesday,110,CROSS TRAFFIC(INTERSECTIONS ONLY),1,37878,Cross intersection,3,70,Arterial Highway,ST GEORGES,DAREBIN,-37.772064,144.99048,2019,7,July,15,Afternoon Peak,Weekday
T20190012756,2019-07-09,10:30:00,1,Collision with vehicle,2,Tuesday,130,REAR END(VEHICLES IN SAME LANE),1,598184,Not at intersection,3,60,Arterial Highway,FIFTEENTH,MILDURA,-34.209778,142.13991,2019,7,July,10,Midday,Weekday
T20190012743,2019-07-09,06:50:00,1,Collision with vehicle,2,Tuesday,160,VEHICLE COLLIDES WITH VEHICLE PARKED ON LEFT OF ROAD,3,351830,Not at intersection,2,50,Local Road,FRENSHAM,BANYULE,-37.71896,145.08464,2019,7,July,6,Morning Peak,Weekday
T20190012795,2019-07-09,21:00:00,2,Struck Pedestrian,2,Tuesday,102,FAR SIDE. PED HIT BY VEHICLE FROM THE LEFT,3,347978,T intersection,3,50,Local Road,STANHOPE,MARIBYRNONG,-37.79471,144.86317,2019,7,July,21,Night,Weekday
T20190012772,2019-07-09,14:55:00,1,Collision with vehicle,2,Tuesday,120,HEAD ON (NOT OVERTAKING),1,360436,Not at intersection,3,80,Arterial Other,BELGRAVE-GEMBROOK,CARDINIA,-37.94491,145.51881,2019,7,July,14,Midday,Weekday
T20190012745,2019-07-09,08:34:00,1,Collision with vehicle,2,Tuesday,121,RIGHT THROUGH,1,37182,Cross intersection,3,50,Arterial Other,CHURCH,YARRA,-37.828346,144.99745,2019,7,July,8,Morning Peak,Weekday
T20190012796,2019-07-09,18:44:00,1,Collision with vehicle,2,Tuesday,110,CROSS TRAFFIC(INTERSECTIONS ONLY),5,340956,Cross intersection,2,60,Local Road,FORSYTH,WYNDHAM,-37.843407,144.73167,2019,7,July,18,Afternoon Peak,Weekday
T20190013103,2019-07-09,17:15:00,1,Collision with vehicle,2,Tuesday,114,TWO RIGHT TURNING (INTERSECTIONS ONLY),3,247856,T intersection,2,60,Arterial Other,SAYERS,WYNDHAM,-37.852566,144.72963,2019,7,July,17,Afternoon Peak,Weekday
T20190012792,2019-07-09,18:00:00,1,Collision with vehicle,2,Tuesday,142,LEAVING PARKING,5,360327,Not at intersection,3,80,Arterial Highway,MURRAY VALLEY,MOIRA,-36.013065,146.0197,2019,7,July,18,Afternoon Peak,Weekday
T20190012799,2019-07-09,23:42:00,4,Collision with a fixed object,2,Tuesday,181,OFF RIGHT BEND INTO OBJECT/PARKED VEHICLE,5,657525,Not at intersection,2,100,Local Road,KALADBRO,GLENELG,-37.68033,141.01805,2019,7,July,23,Night,Weekday
T20190013079,2019-07-09,11:40:00,1,Collision with vehicle,2,Tuesday,130,REAR END(VEHICLES IN SAME LANE),1,347445,T intersection,3,40,Arterial Highway,CITY,MELBOURNE,-37.821865,144.96588,2019,7,July,11,Midday,Weekday
T20190013069,2019-07-09,01:00:00,5,collision with some other object,2,Tuesday,166,STRUCK OBJECT ON CARRIAGEWAY,5,351771,Not at intersection,3,100,Arterial Highway,WESTERN,HORSHAM,-36.63099,142.13528,2019,7,July,1,Late Night,Weekday
T20190012747,2019-07-09,10:30:00,1,Collision with vehicle,2,Tuesday,147,VEHICLE STRIKES ANOTHER VEH WHILE EMERGING FROM DRIVEWAY,1,42310,T intersection,3,60,Arterial Highway,WARRIGAL,KINGSTON,-37.95472,145.07648,2019,7,July,10,Midday,Weekday
T20190013048,2019-07-09,19:30:00,1,Collision with vehicle,2,Tuesday,121,RIGHT THROUGH,1,45524,Cross intersection,3,80,Arterial Other,DERRIMUT ROAD -HOPKINS,MELTON,-37.80502,144.69594,2019,7,July,19,Night,Weekday
T20190012770,2019-07-09,13:50:00,1,Collision with vehicle,2,Tuesday,121,RIGHT THROUGH,1,48323,T intersection,2,70,Arterial Other,CENTRE DANDENONG,KINGSTON,-37.971703,145.10701,2019,7,July,13,Midday,Weekday
T20190012768,2019-07-09,11:50:00,4,Collision with a fixed object,2,Tuesday,171,LEFT OFF CARRIAGEWAY INTO OBJECT/PARKED VEHICLE,1,360730,Not at intersection,3,60,Local Road,MOORABOOL,GEELONG,-38.16244,144.35378,2019,7,July,11,Midday,Weekday
T20190012766,2019-07-09,12:50:00,6,Vehicle overturned (no collision),2,Tuesday,170,OFF CARRIAGEWAY TO LEFT,1,230755,Cross intersection,3,100,Local Road,SOUTH BOUNDARY,MORNINGTON PENINSULA,-38.221756,145.23938,2019,7,July,12,Midday,Weekday
T20190012765,2019-07-09,14:01:00,1,Collision with vehicle,2,Tuesday,130,REAR END(VEHICLES IN SAME LANE),1,331835,Not at intersection,2,80,Arterial Highway,GEELONG,HOBSONS BAY,-37.82219,144.82994,2019,7,July,14,Midday,Weekday
T20190012741,2019-07-09,06:00:00,2,Struck Pedestrian,2,Tuesday,100,PED NEAR SIDE. PED HIT BY VEHICLE FROM THE RIGHT.,3,357484,Not at intersection,2,60,Local Road,HIGH,MELTON,-37.684425,144.56651,2019,7,July,6,Morning Peak,Weekday
T20190012761,2019-07-09,08:40:00,1,Collision with vehicle,2,Tuesday,163,VEHICLE STRIKES DOOR OF PARKED/STATIONARY VEHICLE,1,600443,Not at intersection,3,40,Arterial Other,COMMERCIAL,STONNINGTON,-37.84668,144.9927,2019,7,July,8,Morning Peak,Weekday
T20190015600,2019-07-09,18:40:00,1,Collision with vehicle,2,Tuesday,111,RIGHT FAR (INTERSECTIONS ONLY),3,43384,T intersection,3,60,Local Road,MCMAHONS,FRANKSTON,-38.132782,145.14145,2019,7,July,18,Afternoon Peak,Weekday
T20190012859,2019-07-10,19:40:00,1,Collision with vehicle,3,Wednesday,169,OTHER ON PATH,3,580559,Not at intersection,2,50,Local Road,NICHOLSON,BRIMBANK,-37.79664,144.8085,2019,7,July,19,Night,Weekday
T20190012857,2019-07-10,17:00:00,6,Vehicle overturned (no collision),3,Wednesday,174,OUT OF CONTROL ON CARRIAGEWAY (ON STRAIGHT),2,347096,Not at intersection,3,60,Local Road,CHAPEL,STONNINGTON,-37.83992,144.99553,2019,7,July,17,Afternoon Peak,Weekday
T20190012851,2019-07-10,15:55:00,1,Collision with vehicle,3,Wednesday,130,REAR END(VEHICLES IN SAME LANE),1,360382,Not at intersection,2,50,Local Road,SAN MATEO,MILDURA,-34.19434,142.16151,2019,7,July,15,Afternoon Peak,Weekday
T20190012850,2019-07-10,18:40:00,1,Collision with vehicle,3,Wednesday,130,REAR END(VEHICLES IN SAME LANE),3,347453,Not at intersection,2,100,Freeway,EASTERN,BOROONDARA,-37.790295,145.05147,2019,7,July,18,Afternoon Peak,Weekday
T20190012849,2019-07-10,17:30:00,2,Struck Pedestrian,3,Wednesday,100,PED NEAR SIDE. PED HIT BY VEHICLE FROM THE RIGHT.,3,582541,Not at intersection,2,60,Local Road,IRVING,MARIBYRNONG,-37.80144,144.90118,2019,7,July,17,Afternoon Peak,Weekday
T20190012846,2019-07-10,14:30:00,1,Collision with vehicle,3,Wednesday,163,VEHICLE STRIKES DOOR OF PARKED/STATIONARY VEHICLE,1,347214,Dead end,3,60,Local Road,CHAPEL,STONNINGTON,-37.84791,144.99396,2019,7,July,14,Midday,Weekday
T20190012842,2019-07-10,17:40:00,2,Struck Pedestrian,3,Wednesday,102,FAR SIDE. PED HIT BY VEHICLE FROM THE LEFT,3,347118,Not at intersection,2,60,Arterial Other,BURKE,BOROONDARA,-37.84395,145.0543,2019,7,July,17,Afternoon Peak,Weekday
T20190012841,2019-07-10,13:00:00,1,Collision with vehicle,3,Wednesday,110,CROSS TRAFFIC(INTERSECTIONS ONLY),1,47575,Cross intersection,2,50,Local Road,CHEDDAR,DAREBIN,-37.705532,145.01604,2019,7,July,13,Midday,Weekday
T20190012840,2019-07-10,16:40:00,1,Collision with vehicle,3,Wednesday,120,HEAD ON (NOT OVERTAKING),1,658015,Cross intersection,3,50,Local Road,TAYLOR,EAST GIPPSLAND,-37.81828,147.60329,2019,7,July,16,Afternoon Peak,Weekday
T20190012832,2019-07-10,10:00:00,1,Collision with vehicle,3,Wednesday,132,RIGHT REAR.,1,347094,T intersection,2,60,Local Road,OLYMPIC,BENDIGO,-36.784515,144.23131,2019,7,July,10,Midday,Weekday
T20190012825,2019-07-10,13:20:00,1,Collision with vehicle,3,Wednesday,121,RIGHT THROUGH,1,657976,T intersection,3,60,Arterial Other,HEATHS,WYNDHAM,-37.87747,144.68282,2019,7,July,13,Midday,Weekday
T20190012824,2019-07-10,11:08:00,1,Collision with vehicle,3,Wednesday,121,RIGHT THROUGH,1,49776,Cross intersection,2,60,Arterial Other,THOMPSON,GEELONG,-38.110817,144.3434,2019,7,July,11,Midday,Weekday
T20190012820,2019-07-10,12:30:00,1,Collision with vehicle,3,Wednesday,116,LEFT NEAR (INTERSECTIONS ONLY),1,54265,Cross intersection,3,70,Arterial Other,MONASH,LATROBE,-38.308437,146.42047,2019,7,July,12,Midday,Weekday
T20190012818,2019-07-10,08:40:00,1,Collision with vehicle,3,Wednesday,154,PULLING OUT -REAR END,1,347091,Not at intersection,2,60,Arterial Highway,QUEENS,PORT PHILLIP,-37.83781,144.97371,2019,7,July,8,Morning Peak,Weekday
T20190012814,2019-07-10,08:50:00,1,Collision with vehicle,3,Wednesday,113,RIGHT NEAR (INTERSECTIONS ONLY),1,347122,T intersection,2,60,Arterial Other,FITZGERALD,BRIMBANK,-37.795776,144.78981,2019,7,July,8,Morning Peak,Weekday
T20190012807,2019-07-10,08:55:00,1,Collision with vehicle,3,Wednesday,110,CROSS TRAFFIC(INTERSECTIONS ONLY),1,64652,Cross intersection,2,40,Local Road,MACPHERSON,YARRA,-37.78604,144.97246,2019,7,July,8,Morning Peak,Weekday
T20190012803,2019-07-10,07:20:00,1,Collision with vehicle,3,Wednesday,110,CROSS TRAFFIC(INTERSECTIONS ONLY),1,50109,Cross intersection,2,60,Arterial Other,BARRABOOL,GEELONG,-38.170933,144.31903,2019,7,July,7,Morning Peak,Weekday
T20190012802,2019-07-10,07:00:00,2,Struck Pedestrian,3,Wednesday,102,FAR SIDE. PED HIT BY VEHICLE FROM THE LEFT,3,57123,T intersection,3,50,Local Road,CLOVER,BRIMBANK,-37.757923,144.81139,2019,7,July,7,Morning Peak,Weekday
T20190012797,2019-07-10,01:30:00,1,Collision with vehicle,3,Wednesday,121,RIGHT THROUGH,3,35353,Cross intersection,3,40,Local Road,LITTLE LONSDALE,MELBOURNE,-37.812027,144.95934,2019,7,July,1,Late Night,Weekday
T20190014726,2019-07-10,14:00:00,1,Collision with vehicle,3,Wednesday,130,REAR END(VEHICLES IN SAME LANE),1,603210,Not at intersection,3,60,Arterial Other,HAWTHORN,GLEN EIRA,-37.893127,145.02078,2019,7,July,14,Midday,Weekday
T20190013116,2019-07-10,19:18:00,4,Collision with a fixed object,3,Wednesday,171,LEFT OFF CARRIAGEWAY INTO OBJECT/PARKED VEHICLE,3,582265,Not at intersection,3,50,Local Road,LOOKER,BANYULE,-37.72271,145.12447,2019,7,July,19,Night,Weekday
T20190013836,2019-07-10,12:27:00,1,Collision with vehicle,3,Wednesday,136,RIGHT TURN SIDESWIPE,1,24378,Cross intersection,3,50,Arterial Other,PRINCES,CARDINIA,-38.061935,145.45528,2019,7,July,12,Midday,Weekday
T20190013215,2019-07-10,20:30:00,8,No collision and no object struck,3,Wednesday,184,OUT OF CONTROL ON CARRIAGEWAY (ON BEND),6,347423,Not at intersection,3,50,Local Road,FARNHAM,KNOX,-37.849247,145.27446,2019,7,July,20,Night,Weekday
T20190012876,2019-07-10,20:30:00,4,Collision with a fixed object,3,Wednesday,173,RIGHT OFF CARRIAGEWAY INTO OBJECT/PARKED VEHICLE,5,347221,Not at intersection,2,100,Local Road,HUNTLY-FOSTERVILLE,BENDIGO,-36.68743,144.42361,2019,7,July,20,Night,Weekday
T20190013637,2019-07-10,19:00:00,1,Collision with vehicle,3,Wednesday,135,LANE CHANGE LEFT (NOT OVERTAKING),3,149921,Not at intersection,3,60,Local Road,MOORABOOL,GEELONG,-38.15989,144.35495,2019,7,July,19,Night,Weekday
T20190012869,2019-07-10,22:40:00,1,Collision with vehicle,3,Wednesday,110,CROSS TRAFFIC(INTERSECTIONS ONLY),4,389,Cross intersection,2,70,Arterial Other,CHILDS,WHITTLESEA,-37.659706,145.0191,2019,7,July,22,Night,Weekday
T20190012866,2019-07-10,22:10:00,8,No collision and no object struck,3,Wednesday,174,OUT OF CONTROL ON CARRIAGEWAY (ON STRAIGHT),9,347129,Not at intersection,3,60,Non Arterial,SNEYDES,WYNDHAM,-37.898254,144.70686,2019,7,July,22,Night,Weekday
T20190012865,2019-07-10,22:10:00,1,Collision with vehicle,3,Wednesday,130,REAR END(VEHICLES IN SAME LANE),5,590240,Not at intersection,3,100,Freeway,PRINCES,WYNDHAM,-37.89267,144.70966,2019,7,July,22,Night,Weekday
T20190014960,2019-07-10,10:02:00,1,Collision with vehicle,3,Wednesday,147,VEHICLE STRIKES ANOTHER VEH WHILE EMERGING FROM DRIVEWAY,1,360462,Not at intersection,3,50,Arterial Other,BLUFF,BAYSIDE,-37.96047,145.01929,2019,7,July,10,Midday,Weekday
T20190013458,2019-07-10,15:30:00,4,Collision with a fixed object,3,Wednesday,171,LEFT OFF CARRIAGEWAY INTO OBJECT/PARKED VEHICLE,1,598457,Not at intersection,3,60,Local Road,MAIN,KINGSTON,-37.940006,145.12645,2019,7,July,15,Afternoon Peak,Weekday
T20190013192,2019-07-10,19:17:00,1,Collision with vehicle,3,Wednesday,130,REAR END(VEHICLES IN SAME LANE),3,360508,Not at intersection,3,60,Arterial Highway,KINGS,MELBOURNE,-37.82243,144.95815,2019,7,July,19,Night,Weekday
T20190013001,2019-07-10,10:58:00,1,Collision with vehicle,3,Wednesday,130,REAR END(VEHICLES IN SAME LANE),1,194040,Not at intersection,2,100,Freeway,PRINCES,HOBSONS BAY,-37.839798,144.79578,2019,7,July,10,Midday,Weekday
T20190012864,2019-07-10,17:40:00,1,Collision with vehicle,3,Wednesday,120,HEAD ON (NOT OVERTAKING),5,347250,Not at intersection,2,100,Arterial Highway,WESTERN,HINDMARSH,-36.410202,141.97154,2019,7,July,17,Afternoon Peak,Weekday
T20190012863,2019-07-10,22:30:00,2,Struck Pedestrian,3,Wednesday,100,PED NEAR SIDE. PED HIT BY VEHICLE FROM THE RIGHT.,3,36110,Cross intersection,3,60,Local Road,ARDEN,MELBOURNE,-37.80098,144.95,2019,7,July,22,Night,Weekday
T20190012862,2019-07-10,17:45:00,1,Collision with vehicle,3,Wednesday,111,RIGHT FAR (INTERSECTIONS ONLY),2,37649,T intersection,2,60,Arterial Other,HIGH,WHITTLESEA,-37.678337,145.01419,2019,7,July,17,Afternoon Peak,Weekday
T20190012861,2019-07-10,21:00:00,1,Collision with vehicle,3,Wednesday,169,OTHER ON PATH,3,347467,Not at intersection,3,50,Local Road,MODAL,HOBSONS BAY,-37.85455,144.79636,2019,7,July,21,Night,Weekday
T20190012860,2019-07-10,17:33:00,1,Collision with vehicle,3,Wednesday,120,HEAD ON (NOT OVERTAKING),2,651057,Not at intersection,3,100,Local Road,YINNAR-DRIFFIELD,LATROBE,-38.30961,146.33102,2019,7,July,17,Afternoon Peak,Weekday
T20190012905,2019-07-11,14:30:00,1,Collision with vehicle,4,Thursday,110,CROSS TRAFFIC(INTERSECTIONS ONLY),1,57087,Cross intersection,2,100,Arterial Other,BENALLA-TOCUMWAL,BENALLA,-36.424366,145.91139,2019,7,July,14,Midday,Weekday
T20190014700,2019-07-11,16:20:00,1,Collision with vehicle,4,Thursday,130,REAR END(VEHICLES IN SAME LANE),1,132435,Not at intersection,2,40,Arterial Other,BERWICK-CRANBOURNE,CASEY,-38.11429,145.32808,2019,7,July,16,Afternoon Peak,Weekday