ACCIDENT_NO,ACCIDENT_DATE,ACCIDENT_TIME,ACCIDENT_TYPE,ACCIDENT_TYPE_DESC,DAY_OF_WEEK,DAY_WEEK_DESC,DCA_CODE,DCA_DESC,LIGHT_CONDITION,NODE_ID,ROAD_GEOMETRY_DESC,SEVERITY,SPEED_ZONE,RMA,ROAD_NAME,LGA_NAME,LATITUDE,LONGITUDE,YEAR,MONTH,MONTH_NAME,HOUR,TIME_PERIOD,DAY_TYPE
T20190012902,2019-07-11,14:30:00,1,Collision with vehicle,4,Thursday,116,LEFT NEAR (INTERSECTIONS ONLY),1,347223,Cross intersection,2,80,Arterial Other,PRINCES,CASEY,-38.029106,145.32796,2019,7,July,14,Midday,Weekday
T20190012891,2019-07-11,10:45:00,4,Collision with a fixed object,4,Thursday,175,OFF END OF ROAD/T-INTERSECTION.,1,347444,T intersection,2,50,Local Road,MORNA,MANNINGHAM,-37.79215,145.15776,2019,7,July,10,Midday,Weekday
T20190012896,2019-07-11,13:30:00,1,Collision with vehicle,4,Thursday,121,RIGHT THROUGH,1,233759,Cross intersection,2,70,Arterial Highway,DANDENONG,STONNINGTON,-37.862553,145.0195,2019,7,July,13,Midday,Weekday
T20190012895,2019-07-11,11:00:00,3,Struck animal,4,Thursday,167,STRUCK ANIMAL,1,181089,Not at intersection,3,100,Arterial Highway,WESTERN,ARARAT,-37.339134,143.10686,2019,7,July,11,Midday,Weekday
T20190012966,2019-07-11,14:40:00,1,Collision with vehicle,4,Thursday,113,RIGHT NEAR (INTERSECTIONS ONLY),1,600450,T intersection,3,50,Local Road,MOOR,BAYSIDE,-37.94486,145.005,2019,7,July,14,Midday,Weekday
T20190012929,2019-07-11,22:10:00,4,Collision with a fixed object,4,Thursday,175,OFF END OF ROAD/T-INTERSECTION.,3,600448,T intersection,2,50,Local Road,HAVANA,CARDINIA,-38.058804,145.4526,2019,7,July,22,Night,Weekday
T20190012890,2019-07-11,10:15:00,1,Collision with vehicle,4,Thursday,121,RIGHT THROUGH,1,37619,Cross intersection,3,60,Arterial Other,COMMERCIAL,STONNINGTON,-37.845818,144.98604,2019,7,July,10,Midday,Weekday
T20190012931,2019-07-11,21:30:00,4,Collision with a fixed object,4,Thursday,171,LEFT OFF CARRIAGEWAY INTO OBJECT/PARKED VEHICLE,3,347232,T intersection,3,40,Local Road,SHORT,BENDIGO,-36.761898,144.276,2019,7,July,21,Night,Weekday
T20190012870,2019-07-11,00:18:00,6,Vehicle overturned (no collision),4,Thursday,170,OFF CARRIAGEWAY TO LEFT,3,610719,Not at intersection,3,40,Arterial Other,BRIDGE,YARRA,-37.818523,144.99847,2019,7,July,0,Late Night,Weekday
T20190012888,2019-07-11,08:15:00,1,Collision with vehicle,4,Thursday,120,HEAD ON (NOT OVERTAKING),1,347412,Not at intersection,2,80,Arterial Highway,NEPEAN,KINGSTON,-38.00225,145.08397,2019,7,July,8,Morning Peak,Weekday
T20190012887,2019-07-11,06:00:00,3,Struck animal,4,Thursday,167,STRUCK ANIMAL,5,592788,Not at intersection,2,100,Arterial Highway,WESTERN,HINDMARSH,-36.368275,141.58728,2019,7,July,6,Morning Peak,Weekday
T20190012934,2019-07-11,20:31:00,1,Collision with vehicle,4,Thursday,110,CROSS TRAFFIC(INTERSECTIONS ONLY),3,600449,Cross intersection,2,60,Local Road,COBURNS,MELTON,-37.672993,144.57036,2019,7,July,20,Night,Weekday
T20190012937,2019-07-11,07:00:00,1,Collision with vehicle,4,Thursday,110,CROSS TRAFFIC(INTERSECTIONS ONLY),2,230261,Cross intersection,2,40,Arterial Other,MURRAY,DAREBIN,-37.737576,145.00002,2019,7,July,7,Morning Peak,Weekday
T20190012886,2019-07-11,11:35:00,1,Collision with vehicle,4,Thursday,110,CROSS TRAFFIC(INTERSECTIONS ONLY),1,52985,Cross intersection,2,60,Local Road,RIPON,BALLARAT,-37.581882,143.83742,2019,7,July,11,Midday,Weekday
T20190012922,2019-07-11,16:30:00,1,Collision with vehicle,4,Thursday,135,LANE CHANGE LEFT (NOT OVERTAKING),1,347219,Not at intersection,3,60,Arterial Other,HUNTINGDALE,MONASH,-37.87944,145.10957,2019,7,July,16,Afternoon Peak,Weekday
T20190012884,2019-07-11,09:18:00,1,Collision with vehicle,4,Thursday,135,LANE CHANGE LEFT (NOT OVERTAKING),1,360388,Not at intersection,2,100,Arterial Other,BORUNG,BULOKE,-36.295536,142.8417,2019,7,July,9,Morning Peak,Weekday
T20190014753,2019-07-11,15:15:00,1,Collision with vehicle,4,Thursday,130,REAR END(VEHICLES IN SAME LANE),1,51627,Cross intersection,3,60,Arterial Highway,HIGH,BENDIGO,-36.7611,144.27359,2019,7,July,15,Afternoon Peak,Weekday
T20190012874,2019-07-11,02:05:00,6,Vehicle overturned (no collision),4,Thursday,174,OUT OF CONTROL ON CARRIAGEWAY (ON STRAIGHT),5,347104,Not at intersection,1,100,Arterial Highway,WESTERN,HORSHAM,-36.562508,142.11581,2019,7,July,2,Late Night,Weekday
T20190012882,2019-07-11,10:13:00,2,Struck Pedestrian,4,Thursday,106,VEH STRIKES PED ON FOOTPATH/MEDIAN/TRAFFIC ISLAND.,1,347231,Not at intersection,3,80,Arterial Highway,HIGH,BENDIGO,-36.80853,144.2408,2019,7,July,10,Midday,Weekday
T20190012880,2019-07-11,07:00:00,1,Collision with vehicle,4,Thursday,121,RIGHT THROUGH,2,347427,Not at intersection,2,80,Arterial Other,PRINCES,BAW BAW,-38.141632,145.88358,2019,7,July,7,Morning Peak,Weekday
T20190013257,2019-07-11,07:26:00,1,Collision with vehicle,4,Thursday,113,RIGHT NEAR (INTERSECTIONS ONLY),1,580260,T intersection,3,70,Arterial Highway,MILES,MONASH,-37.923977,145.15749,2019,7,July,7,Morning Peak,Weekday
T20190012879,2019-07-11,08:40:00,1,Collision with vehicle,4,Thursday,110,CROSS TRAFFIC(INTERSECTIONS ONLY),1,55277,Cross intersection,3,50,Arterial Other,STURT,BALLARAT,-37.561127,143.85191,2019,7,July,8,Morning Peak,Weekday
T20190012925,2019-07-11,16:45:00,1,Collision with vehicle,4,Thursday,121,RIGHT THROUGH,1,36101,Cross intersection,3,60,Arterial Other,CURZON,MELBOURNE,-37.800816,144.94852,2019,7,July,16,Afternoon Peak,Weekday
T20190012924,2019-07-11,20:32:00,1,Collision with vehicle,4,Thursday,133,LANE SIDE SWIPE (VEHICLES IN PARALLEL LANES),3,651023,Not at intersection,2,100,Freeway,PRINCES,HOBSONS BAY,-37.86828,144.76842,2019,7,July,20,Night,Weekday
T20190012923,2019-07-11,15:20:00,1,Collision with vehicle,4,Thursday,130,REAR END(VEHICLES IN SAME LANE),1,594286,Not at intersection,3,80,Freeway,PRINCES,HOBSONS BAY,-37.828114,144.81845,2019,7,July,15,Afternoon Peak,Weekday
T20190012954,2019-07-11,17:45:00,1,Collision with vehicle,4,Thursday,110,CROSS TRAFFIC(INTERSECTIONS ONLY),3,30373,Cross intersection,3,50,Local Road,SMILEY,HUME,-37.689945,144.93262,2019,7,July,17,Afternoon Peak,Weekday
T20190012920,2019-07-11,18:00:00,1,Collision with vehicle,4,Thursday,120,HEAD ON (NOT OVERTAKING),5,603038,Not at intersection,2,80,Local Road,TOWER HILL,GEELONG,-38.06168,144.34096,2019,7,July,18,Afternoon Peak,Weekday
T20190012917,2019-07-11,16:23:00,1,Collision with vehicle,4,Thursday,120,HEAD ON (NOT OVERTAKING),1,673912,Not at intersection,2,80,Arterial Other,MONASH,LATROBE,-38.24472,146.4255,2019,7,July,16,Afternoon Peak,Weekday
T20190012915,2019-07-11,18:15:00,8,No collision and no object struck,4,Thursday,174,OUT OF CONTROL ON CARRIAGEWAY (ON STRAIGHT),2,37855,Cross intersection,3,60,Arterial Highway,BELL,DAREBIN,-37.743732,144.98918,2019,7,July,18,Afternoon Peak,Weekday
T20190012914,2019-07-11,15:30:00,6,Vehicle overturned (no collision),4,Thursday,180,OFF CARRIAGEWAY ON RIGHT BEND,1,347227,Not at intersection,3,100,Local Road,OLD THOONA,BENALLA,-36.482536,145.96986,2019,7,July,15,Afternoon Peak,Weekday
T20190012877,2019-07-11,07:00:00,4,Collision with a fixed object,4,Thursday,173,RIGHT OFF CARRIAGEWAY INTO OBJECT/PARKED VEHICLE,2,588409,Not at intersection,2,100,Local Road,MCEWEN,CAMPASPE,-36.524696,145.03192,2019,7,July,7,Morning Peak,Weekday
T20190013106,2019-07-11,08:45:00,1,Collision with vehicle,4,Thursday,150,HEAD ON(OVERTAKING),1,38082,Cross intersection,3,50,Local Road,RAGLAN,DAREBIN,-37.751575,145.02641,2019,7,July,8,Morning Peak,Weekday
T20190012909,2019-07-11,08:20:00,1,Collision with vehicle,4,Thursday,130,REAR END(VEHICLES IN SAME LANE),1,579958,Not at intersection,3,100,Freeway,EASTERN,YARRA,-37.79565,145.0003,2019,7,July,8,Morning Peak,Weekday
T20190012928,2019-07-11,21:15:00,1,Collision with vehicle,4,Thursday,129,OTHER OPPOSING MANOEUVRES NOT INCLUDED IN DCAs 120-125.,3,35723,Multiple intersection,2,70,Freeway,EASTERN OUT-DONCASTER,MANNINGHAM,-37.788414,145.10425,2019,7,July,21,Night,Weekday
T20190012907,2019-07-11,15:40:00,1,Collision with vehicle,4,Thursday,113,RIGHT NEAR (INTERSECTIONS ONLY),1,39997,T intersection,3,60,Arterial Other,MELBOURNE,HOBSONS BAY,-37.85026,144.8884,2019,7,July,15,Afternoon Peak,Weekday
T20190012978,2019-07-12,20:00:00,1,Collision with vehicle,5,Friday,116,LEFT NEAR (INTERSECTIONS ONLY),5,280112,T intersection,2,100,Arterial Highway,SOUTH GIPPSLAND,CARDINIA,-38.246117,145.53722,2019,7,July,20,Night,Weekday
T20190012964,2019-07-12,15:00:00,1,Collision with vehicle,5,Friday,111,RIGHT FAR (INTERSECTIONS ONLY),1,360404,T intersection,3,60,Arterial Other,HORNE,HUME,-37.576252,144.72832,2019,7,July,15,Afternoon Peak,Weekday
T20190014635,2019-07-12,16:15:00,1,Collision with vehicle,5,Friday,113,RIGHT NEAR (INTERSECTIONS ONLY),1,45524,Cross intersection,3,80,Arterial Other,DERRIMUT ROAD -HOPKINS,MELTON,-37.80502,144.69594,2019,7,July,16,Afternoon Peak,Weekday
T20190012951,2019-07-12,10:55:00,6,Vehicle overturned (no collision),5,Friday,174,OUT OF CONTROL ON CARRIAGEWAY (ON STRAIGHT),1,347459,Not at intersection,2,60,Arterial Other,CANTERBURY,PORT PHILLIP,-37.85888,144.97626,2019,7,July,10,Midday,Weekday
T20190013211,2019-07-12,19:00:00,1,Collision with vehicle,5,Friday,130,REAR END(VEHICLES IN SAME LANE),3,349833,Not at intersection,3,70,Arterial Other,FERNTREE GULLY,MONASH,-37.90345,145.15985,2019,7,July,19,Night,Weekday
T20190012953,2019-07-12,11:30:00,4,Collision with a fixed object,5,Friday,173,RIGHT OFF CARRIAGEWAY INTO OBJECT/PARKED VEHICLE,1,591241,Not at intersection,3,100,Local Road,INDIGO-GOORAMADDA,INDIGO,-36.066257,146.57404,2019,7,July,11,Midday,Weekday
T20190014732,2019-07-12,13:00:00,1,Collision with vehicle,5,Friday,113,RIGHT NEAR (INTERSECTIONS ONLY),1,240345,T intersection,3,60,Local Road,BAYVIEW,MORNINGTON PENINSULA,-38.373344,144.91158,2019,7,July,13,Midday,Weekday
T20190012958,2019-07-12,13:15:00,4,Collision with a fixed object,5,Friday,171,LEFT OFF CARRIAGEWAY INTO OBJECT/PARKED VEHICLE,1,49371,T intersection,3,60,Local Road,ARCHER,SHEPPARTON,-36.389587,145.4115,2019,7,July,13,Midday,Weekday
T20190012967,2019-07-12,12:00:00,1,Collision with vehicle,5,Friday,120,HEAD ON (NOT OVERTAKING),1,352672,Not at intersection,2,100,Arterial Highway,PRINCES,CORANGAMITE,-38.217117,143.0287,2019,7,July,12,Midday,Weekday
T20190013195,2019-07-12,15:20:00,1,Collision with vehicle,5,Friday,121,RIGHT THROUGH,1,347437,T intersection,3,60,Arterial Highway,PRINCES,LATROBE,-38.19325,146.54707,2019,7,July,15,Afternoon Peak,Weekday
T20190013072,2019-07-12,12:15:00,6,Vehicle overturned (no collision),5,Friday,180,OFF CARRIAGEWAY ON RIGHT BEND,1,347228,Not at intersection,2,100,Local Road,LIMA EAST,BENALLA,-36.82077,145.95177,2019,7,July,12,Midday,Weekday
T20190015701,2019-07-12,18:45:00,1,Collision with vehicle,5,Friday,130,REAR END(VEHICLES IN SAME LANE),6,652984,Not at intersection,3,80,Arterial Other,WELLS,KINGSTON,-38.027138,145.13028,2019,7,July,18,Afternoon Peak,Weekday
T20190012987,2019-07-12,22:50:00,4,Collision with a fixed object,5,Friday,183,OFF LEFT BEND INTO OBJECT/PARKED VEHICLE,3,347442,Not at intersection,3,60,Local Road,BELGRAVE-FERNY CREEK,YARRA RANGES,-37.89319,145.34668,2019,7,July,22,Night,Weekday
T20190012985,2019-07-12,17:45:00,2,Struck Pedestrian,5,Friday,102,FAR SIDE. PED HIT BY VEHICLE FROM THE LEFT,3,579055,T intersection,1,50,Local Road,ANDROMEDA,MANNINGHAM,-37.77754,145.12299,2019,7,July,17,Afternoon Peak,Weekday
T20190014329,2019-07-12,11:40:00,1,Collision with vehicle,5,Friday,116,LEFT NEAR (INTERSECTIONS ONLY),1,29549,Cross intersection,3,60,Arterial Other,AUBURN,BOROONDARA,-37.815815,145.0463,2019,7,July,11,Midday,Weekday
T20200004593,2019-07-12,16:00:00,1,Collision with vehicle,5,Friday,131,LEFT REAR,1,72735,Cross intersection,3,60,Local Road,KAY,LATROBE,-38.19551,146.51581,2019,7,July,16,Afternoon Peak,Weekday
T20190012999,2019-07-12,08:40:00,1,Collision with vehicle,5,Friday,121,RIGHT THROUGH,1,347464,T intersection,2,60,Local Road,ROSAMOND,MARIBYRNONG,-37.772797,144.88615,2019,7,July,8,Morning Peak,Weekday
T20190014538,2019-07-12,13:50:00,1,Collision with vehicle,5,Friday,147,VEHICLE STRIKES ANOTHER VEH WHILE EMERGING FROM DRIVEWAY,1,582547,Not at intersection,3,60,Arterial Other,BARRY,HUME,-37.666107,144.94344,2019,7,July,13,Midday,Weekday
T20190012968,2019-07-12,15:00:00,1,Collision with vehicle,5,Friday,113,RIGHT NEAR (INTERSECTIONS ONLY),1,50748,T intersection,2,100,Arterial Highway,HAMILTON,CORANGAMITE,-38.014565,143.57121,2019,7,July,15,Afternoon Peak,Weekday
T20190012971,2019-07-12,16:40:00,1,Collision with vehicle,5,Friday,121,RIGHT THROUGH,1,227971,T intersection,3,40,Arterial Other,SYDNEY,MORELAND,-37.754574,144.96428,2019,7,July,16,Afternoon Peak,Weekday
T20190012979,2019-07-12,19:21:00,1,Collision with vehicle,5,Friday,130,REAR END(VEHICLES IN SAME LANE),3,359007,Cross intersection,2,70,Freeway,KOROROIT CREEK,HOBSONS BAY,-37.844734,144.78877,2019,7,July,19,Night,Weekday
T20190013258,2019-07-12,09:45:00,1,Collision with vehicle,5,Friday,133,LANE SIDE SWIPE (VEHICLES IN PARALLEL LANES),1,347425,Not at intersection,2,80,Arterial Highway,WARBURTON,YARRA RANGES,-37.78031,145.53535,2019,7,July,9,Morning Peak,Weekday
T20190012960,2019-07-12,15:20:00,1,Collision with vehicle,5,Friday,113,RIGHT NEAR (INTERSECTIONS ONLY),1,45982,T intersection,2,50,Local Road,CAMMS,CASEY,-38.09783,145.2811,2019,7,July,15,Afternoon Peak,Weekday
T20190012984,2019-07-12,17:18:00,1,Collision with vehicle,5,Friday,130,REAR END(VEHICLES IN SAME LANE),2,600743,Not at intersection,3,80,Arterial Other,STURT,BALLARAT,-37.558193,143.82526,2019,7,July,17,Afternoon Peak,Weekday
T20190012988,2019-07-12,22:45:00,4,Collision with a fixed object,5,Friday,173,RIGHT OFF CARRIAGEWAY INTO OBJECT/PARKED VEHICLE,4,52643,Cross intersection,3,50,Local Road,GILLIES,CENTRAL GOLDFIELDS,-37.042316,143.74959,2019,7,July,22,Night,Weekday
T20190013077,2019-07-12,18:15:00,1,Collision with vehicle,5,Friday,134,LANE CHANGE RIGHT (NOT OVERTAKING),3,582110,Not at intersection,3,50,Arterial Highway,HIGH,MURRINDINDI,-37.21201,145.42206,2019,7,July,18,Afternoon Peak,Weekday
T20190017244,2019-07-12,11:30:00,1,Collision with vehicle,5,Friday,121,RIGHT THROUGH,1,36851,Cross intersection,3,40,Local Road,LITTLE BOURKE,MELBOURNE,-37.814693,144.95776,2019,7,July,11,Midday,Weekday
T20190013421,2019-07-12,12:30:00,1,Collision with vehicle,5,Friday,130,REAR END(VEHICLES IN SAME LANE),1,600744,Cross intersection,3,60,Arterial Other,HIGH,MELTON,-37.68341,144.58046,2019,7,July,12,Midday,Weekday
T20190012990,2019-07-12,22:12:00,1,Collision with vehicle,5,Friday,169,OTHER ON PATH,3,589463,T intersection,2,50,Local Road,BRIGHTON,MOONEE VALLEY,-37.78381,144.93018,2019,7,July,22,Night,Weekday
T20190013022,2019-07-12,17:10:00,1,Collision with vehicle,5,Friday,124,RIGHT/RIGHT BOTH VEHs FROM OPPOSITE DIRECTIONS TURNING RIGHT,2,37007,Cross intersection,3,60,Arterial Other,LANSDOWNE,MELBOURNE,-37.80983,144.97833,2019,7,July,17,Afternoon Peak,Weekday
T20190012939,2019-07-12,06:50:00,5,collision with some other object,5,Friday,166,STRUCK OBJECT ON CARRIAGEWAY,5,347443,Not at intersection,2,80,Local Road,MERRICKS,MORNINGTON PENINSULA,-38.378498,145.08241,2019,7,July,6,Morning Peak,Weekday
T20190012940,2019-07-12,08:30:00,1,Collision with vehicle,5,Friday,137,LEFT TURN SIDESWIPE,1,347457,Cross intersection,2,40,Local Road,CARDIGAN,MELBOURNE,-37.805862,144.96454,2019,7,July,8,Morning Peak,Weekday
T20190012944,2019-07-12,09:30:00,1,Collision with vehicle,5,Friday,121,RIGHT THROUGH,1,295475,T intersection,2,80,Arterial Highway,SOUTH GIPPSLAND,CASEY,-38.03674,145.24779,2019,7,July,9,Morning Peak,Weekday
T20190012973,2019-07-12,17:05:00,1,Collision with vehicle,5,Friday,148,VEHICLE OFF FOOTPATH STRIKES VEH ON CARRIAGEWAY,2,347436,Not at intersection,2,60,Local Road,SUTTON,BALLARAT,-37.584488,143.82646,2019,7,July,17,Afternoon Peak,Weekday
T20190012972,2019-07-12,16:45:00,1,Collision with vehicle,5,Friday,110,CROSS TRAFFIC(INTERSECTIONS ONLY),1,55175,Cross intersection,3,60,Arterial Other,HIGH,MITCHELL,-37.205444,145.04541,2019,7,July,16,Afternoon Peak,Weekday
T20190013168,2019-07-12,16:20:00,1,Collision with vehicle,5,Friday,130,REAR END(VEHICLES IN SAME LANE),1,583534,Not at intersection,3,80,Arterial Other,DIAMOND CREEK,NILLUMBIK,-37.68529,145.11745,2019,7,July,16,Afternoon Peak,Weekday
T20190012948,2019-07-12,10:50:00,1,Collision with vehicle,5,Friday,130,REAR END(VEHICLES IN SAME LANE),1,628,Cross intersection,2,80,Arterial Highway,BURWOOD,WHITEHORSE,-37.858574,145.19795,2019,7,July,10,Midday,Weekday
T20190013012,2019-07-13,10:35:00,1,Collision with vehicle,6,Saturday,130,REAR END(VEHICLES IN SAME LANE),1,281658,T intersection,2,80,Arterial Other,CRANBOURNE-FRANKSTON,CASEY,-38.110188,145.25348,2019,7,July,10,Midday,Weekend
T20190012993,2019-07-13,00:30:00,1,Collision with vehicle,6,Saturday,130,REAR END(VEHICLES IN SAME LANE),3,601047,Cross intersection,3,80,Arterial Highway,NEPEAN,KINGSTON,-37.98211,145.07127,2019,7,July,0,Late Night,Weekend
T20200016927,2019-07-13,13:30:00,3,Struck animal,6,Saturday,167,STRUCK ANIMAL,1,662544,Not at intersection,3,100,Local Road,MERIDIAN,MILDURA,-34.260445,141.99701,2019,7,July,13,Midday,Weekend
T20190013061,2019-07-13,21:30:00,1,Collision with vehicle,6,Saturday,113,RIGHT NEAR (INTERSECTIONS ONLY),3,52886,Cross intersection,3,60,Local Road,DANA,BALLARAT,-37.56366,143.85294,2019,7,July,21,Night,Weekend
T20190013062,2019-07-13,22:02:00,4,Collision with a fixed object,6,Saturday,171,LEFT OFF CARRIAGEWAY INTO OBJECT/PARKED VEHICLE,3,598186,Not at intersection,3,60,Local Road,MACINTOSH,SHEPPARTON,-36.392616,145.39868,2019,7,July,22,Night,Weekend
T20190012997,2019-07-13,03:56:00,4,Collision with a fixed object,6,Saturday,171,LEFT OFF CARRIAGEWAY INTO OBJECT/PARKED VEHICLE,5,600309,Not at intersection,2,100,Arterial Highway,BELLARINE,GEELONG,-38.216835,144.52486,2019,7,July,3,Late Night,Weekend
T20190013065,2019-07-13,22:30:00,4,Collision with a fixed object,6,Saturday,171,LEFT OFF CARRIAGEWAY INTO OBJECT/PARKED VEHICLE,5,654443,T intersection,2,50,Local Road,BARONGAROOK,GEELONG,-38.15919,144.56812,2019,7,July,22,Night,Weekend
T20190013002,2019-07-13,07:35:00,1,Collision with vehicle,6,Saturday,121,RIGHT THROUGH,2,279511,Multiple intersection,2,80,Freeway,EASTERN,MANNINGHAM,-37.804016,145.17802,2019,7,July,7,Morning Peak,Weekend
T20190013004,2019-07-13,11:15:00,1,Collision with vehicle,6,Saturday,130,REAR END(VEHICLES IN SAME LANE),1,29521,T intersection,3,60,Arterial Other,WILLIAMSTOWN,MARIBYRNONG,-37.812824,144.88347,2019,7,July,11,Midday,Weekend
T20190013005,2019-07-13,08:57:00,1,Collision with vehicle,6,Saturday,110,CROSS TRAFFIC(INTERSECTIONS ONLY),1,325176,Cross intersection,3,70,Arterial Other,BALLARAT,BRIMBANK,-37.77021,144.77475,2019,7,July,8,Morning Peak,Weekend
T20190013046,2019-07-13,18:00:00,1,Collision with vehicle,6,Saturday,121,RIGHT THROUGH,3,1335,Cross intersection,3,60,Arterial Other,PASCOE VALE,MOONEE VALLEY,-37.75594,144.9261,2019,7,July,18,Afternoon Peak,Weekend
T20190013008,2019-07-13,11:12:00,1,Collision with vehicle,6,Saturday,110,CROSS TRAFFIC(INTERSECTIONS ONLY),1,50499,Cross intersection,3,60,Arterial Highway,GLENELG,GLENELG,-37.6161,141.33241,2019,7,July,11,Midday,Weekend
T20190013524,2019-07-13,15:45:00,8,No collision and no object struck,6,Saturday,174,OUT OF CONTROL ON CARRIAGEWAY (ON STRAIGHT),1,348502,Not at intersection,3,80,Arterial Other,BAXTER-TOORADIN,CASEY,-38.20361,145.24097,2019,7,July,15,Afternoon Peak,Weekend
T20190013009,2019-07-13,12:00:00,1,Collision with vehicle,6,Saturday,130,REAR END(VEHICLES IN SAME LANE),1,37242,Cross intersection,3,60,Arterial Other,SWAN,YARRA,-37.82603,145.00107,2019,7,July,12,Midday,Weekend
T20190013011,2019-07-13,08:30:00,4,Collision with a fixed object,6,Saturday,171,LEFT OFF CARRIAGEWAY INTO OBJECT/PARKED VEHICLE,1,696381,Not at intersection,3,60,Local Road,ORMOND,CASEY,-38.049145,145.2771,2019,7,July,8,Morning Peak,Weekend
T20190013013,2019-07-13,03:00:00,1,Collision with vehicle,6,Saturday,130,REAR END(VEHICLES IN SAME LANE),5,594543,Not at intersection,3,100,Freeway,MONASH,DANDENONG,-37.965336,145.23335,2019,7,July,3,Late Night,Weekend
T20190013021,2019-07-13,12:20:00,1,Collision with vehicle,6,Saturday,120,HEAD ON (NOT OVERTAKING),1,347469,Not at intersection,2,40,Arterial Other,MT BULLER,(MOUNT BULLER),-37.125896,146.45114,2019,7,July,12,Midday,Weekend
T20190013023,2019-07-13,13:47:00,2,Struck Pedestrian,6,Saturday,100,PED NEAR SIDE. PED HIT BY VEHICLE FROM THE RIGHT.,1,44937,T intersection,2,40,Arterial Other,MAIN,BRIMBANK,-37.7443,144.8005,2019,7,July,13,Midday,Weekend
T20190014051,2019-07-13,14:30:00,4,Collision with a fixed object,6,Saturday,171,LEFT OFF CARRIAGEWAY INTO OBJECT/PARKED VEHICLE,1,588683,Not at intersection,3,100,Arterial Other,FOSTER-PROMONTORY,SOUTH GIPPSLAND,-38.693455,146.18147,2019,7,July,14,Midday,Weekend
T20190013071,2019-07-13,09:55:00,2,Struck Pedestrian,6,Saturday,100,PED NEAR SIDE. PED HIT BY VEHICLE FROM THE RIGHT.,1,37785,Cross intersection,2,60,Arterial Other,ORRONG,STONNINGTON,-37.851883,145.01192,2019,7,July,9,Morning Peak,Weekend
T20190013044,2019-07-13,16:28:00,1,Collision with vehicle,6,Saturday,110,CROSS TRAFFIC(INTERSECTIONS ONLY),1,45524,Cross intersection,3,80,Arterial Other,DERRIMUT ROAD -HOPKINS,MELTON,-37.80502,144.69594,2019,7,July,16,Afternoon Peak,Weekend
T20190013040,2019-07-13,18:50:00,2,Struck Pedestrian,6,Saturday,102,FAR SIDE. PED HIT BY VEHICLE FROM THE LEFT,3,347451,Not at intersection,2,40,Arterial Other,TOORAK,STONNINGTON,-37.838627,144.98885,2019,7,July,18,Afternoon Peak,Weekend
T20190013090,2019-07-13,12:04:00,4,Collision with a fixed object,6,Saturday,171,LEFT OFF CARRIAGEWAY INTO OBJECT/PARKED VEHICLE,1,347435,Not at intersection,3,100,Arterial Highway,GLENELG,ARARAT,-37.68091,143.03845,2019,7,July,12,Midday,Weekend
T20190013033,2019-07-13,15:46:00,4,Collision with a fixed object,6,Saturday,171,LEFT OFF CARRIAGEWAY INTO OBJECT/PARKED VEHICLE,1,76735,Not at intersection,2,80,Arterial Other,WHITE HILL,MORNINGTON PENINSULA,-38.361923,145.0127,2019,7,July,15,Afternoon Peak,Weekend
T20190013032,2019-07-13,14:45:00,1,Collision with vehicle,6,Saturday,130,REAR END(VEHICLES IN SAME LANE),1,601048,Not at intersection,2,100,Freeway,MONASH,MONASH,-37.932995,145.18927,2019,7,July,14,Midday,Weekend
T20190013030,2019-07-13,13:33:00,1,Collision with vehicle,6,Saturday,130,REAR END(VEHICLES IN SAME LANE),1,347224,Not at intersection,3,100,Freeway,MONASH,MONASH,-37.885616,145.10068,2019,7,July,13,Midday,Weekend
T20190013284,2019-07-13,15:45:00,1,Collision with vehicle,6,Saturday,116,LEFT NEAR (INTERSECTIONS ONLY),1,277354,Cross intersection,3,60,Freeway,MORNINGTON PENINSULA OUT-THOMPSON,DANDENONG,-38.066944,145.1532,2019,7,July,15,Afternoon Peak,Weekend
T20190015363,2019-07-13,11:15:00,1,Collision with vehicle,6,Saturday,130,REAR END(VEHICLES IN SAME LANE),1,579980,Cross intersection,3,60,Arterial Other,DALTON ROAD -KEON,WHITTLESEA,-37.696156,145.02226,2019,7,July,11,Midday,Weekend
T20190013025,2019-07-13,15:00:00,4,Collision with a fixed object,6,Saturday,171,LEFT OFF CARRIAGEWAY INTO OBJECT/PARKED VEHICLE,1,64208,T intersection,2,50,Local Road,GARNET,BRIMBANK,-37.775444,144.83101,2019,7,July,15,Afternoon Peak,Weekend
T20190015160,2019-07-13,14:00:00,1,Collision with vehicle,6,Saturday,130,REAR END(VEHICLES IN SAME LANE),1,38709,Cross intersection,3,50,Arterial Other,BALLARAT,MARIBYRNONG,-37.791183,144.8895,2019,7,July,14,Midday,Weekend
T20190017315,2019-07-13,17:45:00,1,Collision with vehicle,6,Saturday,131,LEFT REAR,3,49181,Not at intersection,3,60,Arterial Other,ALFRED STREET -HOWITT,BAW BAW,-38.16577,145.9326,2019,7,July,17,Afternoon Peak,Weekend
T20190013060,2019-07-13,20:48:00,2,Struck Pedestrian,6,Saturday,100,PED NEAR SIDE. PED HIT BY VEHICLE FROM THE RIGHT.,3,582264,Not at intersection,2,80,Arterial Other,CRANBOURNE,FRANKSTON,-38.15376,145.161,2019,7,July,20,Night,Weekend
T20190013055,2019-07-13,17:45:00,1,Collision with vehicle,6,Saturday,130,REAR END(VEHICLES IN SAME LANE),2,582263,T intersection,3,40,Arterial Other,JOHNSTON,YARRA,-37.79803,144.9756,2019,7,July,17,Afternoon Peak,Weekend