ACCIDENT_NO,ACCIDENT_DATE,ACCIDENT_TIME,ACCIDENT_TYPE,ACCIDENT_TYPE_DESC,DAY_OF_WEEK,DAY_WEEK_DESC,DCA_CODE,DCA_DESC,LIGHT_CONDITION,NODE_ID,ROAD_GEOMETRY_DESC,SEVERITY,SPEED_ZONE,RMA,ROAD_NAME,LGA_NAME,LATITUDE,LONGITUDE,YEAR,MONTH,MONTH_NAME,HOUR,TIME_PERIOD,DAY_TYPE
T20190013105,2019-07-14,19:07:00,2,Struck Pedestrian,7,Sunday,100,PED NEAR SIDE. PED HIT BY VEHICLE FROM THE RIGHT.,3,41871,T intersection,2,80,Arterial Highway,STUD,KNOX,-37.889046,145.23288,2019,7,July,19,Night,Weekend
T20190013085,2019-07-14,13:43:00,2,Struck Pedestrian,7,Sunday,100,PED NEAR SIDE. PED HIT BY VEHICLE FROM THE RIGHT.,1,347977,Not at intersection,2,40,Local Road,WALTER,MARIBYRNONG,-37.80454,144.89233,2019,7,July,13,Midday,Weekend
T20190013074,2019-07-14,09:38:00,1,Collision with vehicle,7,Sunday,121,RIGHT THROUGH,1,347233,T intersection,2,50,Local Road,MCGHEE,WHITEHORSE,-37.819504,145.19759,2019,7,July,9,Morning Peak,Weekend
T20190013107,2019-07-14,14:30:00,2,Struck Pedestrian,7,Sunday,108,PED STRUCK WALKING TO/FROM OR BOARDING/ALIGHTING VEHICLE.,1,347465,Not at intersection,3,60,Arterial Other,GLENFERRIE,BOROONDARA,-37.80815,145.03807,2019,7,July,14,Midday,Weekend
T20190013101,2019-07-14,16:30:00,1,Collision with vehicle,7,Sunday,120,HEAD ON (NOT OVERTAKING),1,360548,Cross intersection,3,80,Arterial Other,BERWICK-CRANBOURNE ROAD -CLYDE,CASEY,-38.07445,145.33536,2019,7,July,16,Afternoon Peak,Weekend
T20190013089,2019-07-14,15:55:00,1,Collision with vehicle,7,Sunday,130,REAR END(VEHICLES IN SAME LANE),1,347401,Not at intersection,2,100,Freeway,WESTERN RING,BRIMBANK,-37.74631,144.8393,2019,7,July,15,Afternoon Peak,Weekend
T20190018040,2019-07-14,12:00:00,4,Collision with a fixed object,7,Sunday,171,LEFT OFF CARRIAGEWAY INTO OBJECT/PARKED VEHICLE,1,224413,Cross intersection,3,60,Local Road,TAYLORS,MELTON,-37.72504,144.75978,2019,7,July,12,Midday,Weekend
T20190013113,2019-07-14,14:25:00,1,Collision with vehicle,7,Sunday,113,RIGHT NEAR (INTERSECTIONS ONLY),1,44945,T intersection,2,80,Arterial Other,BALLARAT,BRIMBANK,-37.772034,144.79984,2019,7,July,14,Midday,Weekend
T20190013294,2019-07-14,14:00:00,1,Collision with vehicle,7,Sunday,113,RIGHT NEAR (INTERSECTIONS ONLY),1,45115,Cross intersection,3,50,Local Road,DEVONSHIRE,BRIMBANK,-37.78647,144.84598,2019,7,July,14,Midday,Weekend
T20190013108,2019-07-14,16:30:00,1,Collision with vehicle,7,Sunday,120,HEAD ON (NOT OVERTAKING),1,347419,Not at intersection,2,80,Arterial Other,MONBULK,YARRA RANGES,-37.83906,145.42691,2019,7,July,16,Afternoon Peak,Weekend
T20190013086,2019-07-14,13:18:00,1,Collision with vehicle,7,Sunday,113,RIGHT NEAR (INTERSECTIONS ONLY),1,15443,Cross intersection,2,80,Arterial Highway,SURF COAST,GEELONG,-38.21961,144.33792,2019,7,July,13,Midday,Weekend
T20190013140,2019-07-14,12:45:00,4,Collision with a fixed object,7,Sunday,183,OFF LEFT BEND INTO OBJECT/PARKED VEHICLE,1,350929,Not at intersection,3,100,Arterial Other,KOO-WEE-RUP BYPASS,CARDINIA,-38.20518,145.47371,2019,7,July,12,Midday,Weekend
T20190013091,2019-07-14,16:30:00,2,Struck Pedestrian,7,Sunday,102,FAR SIDE. PED HIT BY VEHICLE FROM THE LEFT,2,593795,Y intersection,3,40,Local Road,LA TROBE,MELBOURNE,-37.807526,144.97061,2019,7,July,16,Afternoon Peak,Weekend
T20190013109,2019-07-14,19:43:00,1,Collision with vehicle,7,Sunday,120,HEAD ON (NOT OVERTAKING),3,347470,Not at intersection,2,60,Arterial Other,ST ALBANS,BRIMBANK,-37.7496,144.80397,2019,7,July,19,Night,Weekend
T20190013110,2019-07-14,20:40:00,4,Collision with a fixed object,7,Sunday,173,RIGHT OFF CARRIAGEWAY INTO OBJECT/PARKED VEHICLE,5,49465,Cross intersection,3,60,Arterial Highway,HIGH STREET -NORTHERN,MITCHELL,-37.4067,144.97986,2019,7,July,20,Night,Weekend
T20190013111,2019-07-14,01:45:00,6,Vehicle overturned (no collision),7,Sunday,174,OUT OF CONTROL ON CARRIAGEWAY (ON STRAIGHT),5,601314,Not at intersection,2,100,Local Road,TAYLORS,MOIRA,-36.060345,146.16792,2019,7,July,1,Late Night,Weekend
T20190013112,2019-07-14,19:55:00,1,Collision with vehicle,7,Sunday,140,U TURN,3,29443,T intersection,3,60,Arterial Other,SWAN,YARRA,-37.826103,145.00172,2019,7,July,19,Night,Weekend
T20190013114,2019-07-14,14:20:00,2,Struck Pedestrian,7,Sunday,103,PED PLAYING/LYING/WORKING/STANDING ON CARRIAGEWAY.,1,347432,Not at intersection,3,50,Local Road,STUART,KNOX,-37.85535,145.30573,2019,7,July,14,Midday,Weekend
T20190013092,2019-07-14,15:49:00,4,Collision with a fixed object,7,Sunday,179,OTHER ACCIDENTS-OFF STRAIGHT NOT INCLUDED IN DCAs 170-175,1,350148,Not at intersection,2,50,Arterial Other,HOWITT,BALLARAT,-37.53981,143.82741,2019,7,July,15,Afternoon Peak,Weekend
T20190013118,2019-07-14,22:09:00,4,Collision with a fixed object,7,Sunday,173,RIGHT OFF CARRIAGEWAY INTO OBJECT/PARKED VEHICLE,3,582111,Not at intersection,2,70,Arterial Other,MAIN HEIDELBERG-ELTHAM,BANYULE,-37.7299,145.10623,2019,7,July,22,Night,Weekend
T20190013159,2019-07-14,08:30:00,1,Collision with vehicle,7,Sunday,120,HEAD ON (NOT OVERTAKING),1,657502,Not at intersection,3,50,Local Road,HARTLAND,CASEY,-38.075657,145.33226,2019,7,July,8,Morning Peak,Weekend
T20190013120,2019-07-14,23:42:00,4,Collision with a fixed object,7,Sunday,171,LEFT OFF CARRIAGEWAY INTO OBJECT/PARKED VEHICLE,5,347236,Not at intersection,2,100,Arterial Other,WILLOW GROVE,BAW BAW,-38.11595,146.14967,2019,7,July,23,Night,Weekend
T20190013122,2019-07-14,18:50:00,1,Collision with vehicle,7,Sunday,121,RIGHT THROUGH,3,347253,T intersection,2,80,Arterial Other,HOWE,BALLARAT,-37.4995,143.80586,2019,7,July,18,Afternoon Peak,Weekend
T20190013097,2019-07-14,13:35:00,4,Collision with a fixed object,7,Sunday,173,RIGHT OFF CARRIAGEWAY INTO OBJECT/PARKED VEHICLE,1,45253,Not at intersection,3,90,Arterial Other,KOO WEE RUP,CARDINIA,-38.128582,145.49031,2019,7,July,13,Midday,Weekend
T20190013096,2019-07-14,17:40:00,2,Struck Pedestrian,7,Sunday,100,PED NEAR SIDE. PED HIT BY VEHICLE FROM THE RIGHT.,3,350773,Not at intersection,2,40,Arterial Highway,LONSDALE,DANDENONG,-37.98706,145.21423,2019,7,July,17,Afternoon Peak,Weekend
T20190013165,2019-07-14,19:00:00,4,Collision with a fixed object,7,Sunday,171,LEFT OFF CARRIAGEWAY INTO OBJECT/PARKED VEHICLE,5,588962,Not at intersection,3,100,Arterial Other,NHILL-HARROW,WEST WIMMERA,-36.990738,141.6071,2019,7,July,19,Night,Weekend
T20190013155,2019-07-15,13:39:00,1,Collision with vehicle,1,Monday,130,REAR END(VEHICLES IN SAME LANE),1,601582,Not at intersection,3,70,Arterial Other,STURT,BALLARAT,-37.556644,143.82101,2019,7,July,13,Midday,Weekday
T20190021036,2019-07-15,17:45:00,1,Collision with vehicle,1,Monday,113,RIGHT NEAR (INTERSECTIONS ONLY),1,265899,T intersection,3,50,Arterial Other,NORTH VALLEY,GEELONG,-38.1718,144.31886,2019,7,July,17,Afternoon Peak,Weekday
T20190013233,2019-07-15,20:30:00,7,Fall from or in moving vehicle,1,Monday,190,FELL IN/FROM VEHICLE,4,347471,Not at intersection,3,50,Local Road,PHIPPS,NILLUMBIK,-37.67733,145.1649,2019,7,July,20,Night,Weekday
T20190013152,2019-07-15,13:40:00,4,Collision with a fixed object,1,Monday,171,LEFT OFF CARRIAGEWAY INTO OBJECT/PARKED VEHICLE,1,582824,Not at intersection,2,100,Freeway,FRANKSTON,FRANKSTON,-38.106968,145.13954,2019,7,July,13,Midday,Weekday
T20190015174,2019-07-15,17:10:00,1,Collision with vehicle,1,Monday,130,REAR END(VEHICLES IN SAME LANE),9,360568,Not at intersection,3,80,Arterial Other,FERNTREE GULLY,MONASH,-37.9026,145.15382,2019,7,July,17,Afternoon Peak,Weekday
T20190013178,2019-07-15,17:50:00,1,Collision with vehicle,1,Monday,132,RIGHT REAR.,3,293747,T intersection,2,80,Arterial Highway,DANDENONG-HASTINGS,FRANKSTON,-38.18258,145.21916,2019,7,July,17,Afternoon Peak,Weekday
T20190013280,2019-07-15,09:50:00,4,Collision with a fixed object,1,Monday,173,RIGHT OFF CARRIAGEWAY INTO OBJECT/PARKED VEHICLE,1,601585,Not at intersection,2,100,Freeway,MORNINGTON PENINSULA FREEWAY -PENINSULA LINK,MORNINGTON PENINSULA,-38.270775,145.07095,2019,7,July,9,Morning Peak,Weekday
T20190013183,2019-07-15,19:00:00,4,Collision with a fixed object,1,Monday,173,RIGHT OFF CARRIAGEWAY INTO OBJECT/PARKED VEHICLE,3,350915,Not at intersection,3,100,Freeway,EASTLINK,KNOX,-37.888172,145.21466,2019,7,July,19,Night,Weekday
T20190013179,2019-07-15,17:50:00,2,Struck Pedestrian,1,Monday,102,FAR SIDE. PED HIT BY VEHICLE FROM THE LEFT,3,580258,Not at intersection,2,80,Arterial Highway,FRANKSTON-DANDENONG,FRANKSTON,-38.114174,145.15529,2019,7,July,17,Afternoon Peak,Weekday
T20190014128,2019-07-15,07:20:00,1,Collision with vehicle,1,Monday,130,REAR END(VEHICLES IN SAME LANE),1,601587,Not at intersection,3,80,Arterial Highway,STUD,KNOX,-37.925255,145.23347,2019,7,July,7,Morning Peak,Weekday
T20190013184,2019-07-15,17:50:00,1,Collision with vehicle,1,Monday,121,RIGHT THROUGH,3,39178,T intersection,3,60,Arterial Other,BELMORE,BOROONDARA,-37.80448,145.09065,2019,7,July,17,Afternoon Peak,Weekday
T20190015082,2019-07-15,15:45:00,1,Collision with vehicle,1,Monday,121,RIGHT THROUGH,1,45250,Cross intersection,3,60,Arterial Other,BUCKLEY,MOONEE VALLEY,-37.754707,144.89659,2019,7,July,15,Afternoon Peak,Weekday
T20190013197,2019-07-15,08:20:00,6,Vehicle overturned (no collision),1,Monday,174,OUT OF CONTROL ON CARRIAGEWAY (ON STRAIGHT),1,29533,T intersection,2,60,Arterial Other,POWER,BOROONDARA,-37.817207,145.0272,2019,7,July,8,Morning Peak,Weekday
T20190013176,2019-07-15,18:00:00,1,Collision with vehicle,1,Monday,137,LEFT TURN SIDESWIPE,9,358426,Cross intersection,3,60,Arterial Other,HOGANS,WYNDHAM,-37.862953,144.6857,2019,7,July,18,Afternoon Peak,Weekday
T20190013196,2019-07-15,08:59:00,1,Collision with vehicle,1,Monday,130,REAR END(VEHICLES IN SAME LANE),1,580259,Not at intersection,3,60,Arterial Highway,ST KILDA,PORT PHILLIP,-37.862694,144.98486,2019,7,July,8,Morning Peak,Weekday
T20190013190,2019-07-15,19:30:00,1,Collision with vehicle,1,Monday,121,RIGHT THROUGH,3,40603,Cross intersection,2,60,Arterial Other,RIVERSDALE,WHITEHORSE,-37.835976,145.0982,2019,7,July,19,Night,Weekday
T20190013189,2019-07-15,22:00:00,1,Collision with vehicle,1,Monday,110,CROSS TRAFFIC(INTERSECTIONS ONLY),3,35466,Cross intersection,3,60,Arterial Other,STATION,WHITEHORSE,-37.82874,145.12183,2019,7,July,22,Night,Weekday
T20190013188,2019-07-15,18:42:00,1,Collision with vehicle,1,Monday,132,RIGHT REAR.,3,43239,T intersection,3,60,Arterial Highway,NEPEAN,KINGSTON,-38.047592,145.1137,2019,7,July,18,Afternoon Peak,Weekday
T20190013185,2019-07-15,19:50:00,1,Collision with vehicle,1,Monday,169,OTHER ON PATH,3,357673,T intersection,3,50,Local Road,GOULBURN,MITCHELL,-37.02961,145.1384,2019,7,July,19,Night,Weekday
T20190019022,2019-07-15,18:10:00,1,Collision with vehicle,1,Monday,130,REAR END(VEHICLES IN SAME LANE),3,589490,Not at intersection,3,60,Arterial Other,HIGH,WHITTLESEA,-37.687298,145.01265,2019,7,July,18,Afternoon Peak,Weekday
T20190013139,2019-07-15,08:12:00,1,Collision with vehicle,1,Monday,110,CROSS TRAFFIC(INTERSECTIONS ONLY),1,294138,Cross intersection,2,50,Local Road,BARKLY,CASEY,-38.10045,145.28769,2019,7,July,8,Morning Peak,Weekday
T20190013121,2019-07-15,00:58:00,1,Collision with vehicle,1,Monday,130,REAR END(VEHICLES IN SAME LANE),5,601581,Not at intersection,3,80,Local Road,OLD MELBOURNE,LATROBE,-38.20302,146.44823,2019,7,July,0,Late Night,Weekday
T20190013142,2019-07-15,05:39:00,1,Collision with vehicle,1,Monday,140,U TURN,3,71353,T intersection,3,70,Arterial Highway,NEPEAN,FRANKSTON,-38.08603,145.12466,2019,7,July,5,Morning Peak,Weekday
T20190013128,2019-07-15,07:05:00,1,Collision with vehicle,1,Monday,113,RIGHT NEAR (INTERSECTIONS ONLY),5,347251,T intersection,3,100,Arterial Highway,PRINCES,MOYNE,-38.32366,142.73547,2019,7,July,7,Morning Peak,Weekday
T20190013148,2019-07-15,11:45:00,1,Collision with vehicle,1,Monday,173,RIGHT OFF CARRIAGEWAY INTO OBJECT/PARKED VEHICLE,1,600193,Not at intersection,3,60,Arterial Highway,MIDLAND,BENDIGO,-36.49753,144.60643,2019,7,July,11,Midday,Weekday
T20190013149,2019-07-15,09:27:00,1,Collision with vehicle,1,Monday,132,RIGHT REAR.,1,347974,T intersection,3,60,Local Road,CORRIGAN,DANDENONG,-37.97206,145.167,2019,7,July,9,Morning Peak,Weekday
T20190013132,2019-07-15,09:15:00,1,Collision with vehicle,1,Monday,113,RIGHT NEAR (INTERSECTIONS ONLY),1,57482,T intersection,2,60,Arterial Other,CANTERBURY,WHITEHORSE,-37.827988,145.1152,2019,7,July,9,Morning Peak,Weekday
T20190013133,2019-07-15,07:20:00,1,Collision with vehicle,1,Monday,121,RIGHT THROUGH,2,36426,Cross intersection,3,60,Arterial Other,RIVERSDALE,BOROONDARA,-37.832664,145.06808,2019,7,July,7,Morning Peak,Weekday
T20190013171,2019-07-15,17:11:00,1,Collision with vehicle,1,Monday,121,RIGHT THROUGH,1,601583,Cross intersection,3,60,Arterial Other,FURLONG,BRIMBANK,-37.761456,144.82137,2019,7,July,17,Afternoon Peak,Weekday
T20190013134,2019-07-15,10:00:00,1,Collision with vehicle,1,Monday,113,RIGHT NEAR (INTERSECTIONS ONLY),1,35976,Cross intersection,2,60,Arterial Other,MORELAND,MORELAND,-37.756172,144.97041,2019,7,July,10,Midday,Weekday
T20190013137,2019-07-15,07:09:00,1,Collision with vehicle,1,Monday,130,REAR END(VEHICLES IN SAME LANE),2,348493,Not at intersection,3,60,Local Road,BRUNT,CARDINIA,-38.0618,145.38821,2019,7,July,7,Morning Peak,Weekday
T20190013170,2019-07-15,18:20:00,1,Collision with vehicle,1,Monday,113,RIGHT NEAR (INTERSECTIONS ONLY),3,72195,T intersection,3,60,Local Road,NORMANBY,BAW BAW,-38.156166,145.94055,2019,7,July,18,Afternoon Peak,Weekday
T20190013186,2019-07-15,20:49:00,2,Struck Pedestrian,1,Monday,100,PED NEAR SIDE. PED HIT BY VEHICLE FROM THE RIGHT.,5,41718,T intersection,2,60,Arterial Other,STEPHENSONS,MONASH,-37.8794,145.12836,2019,7,July,20,Night,Weekday
T20190013151,2019-07-15,10:00:00,1,Collision with vehicle,1,Monday,116,LEFT NEAR (INTERSECTIONS ONLY),1,36053,T intersection,3,60,Arterial Other,DYNON,MELBOURNE,-37.803715,144.93222,2019,7,July,10,Midday,Weekday
T20190013130,2019-07-15,07:15:00,1,Collision with vehicle,1,Monday,135,LANE CHANGE LEFT (NOT OVERTAKING),2,347434,Not at intersection,2,100,Freeway,EASTLINK,KNOX,-37.90826,145.21588,2019,7,July,7,Morning Peak,Weekday
T20190013218,2019-07-15,21:20:00,4,Collision with a fixed object,1,Monday,151,OUT OF CONTROL (OVERTAKING),5,356023,Not at intersection,3,100,Arterial Other,BALLARAT-MARYBOROUGH,BALLARAT,-37.36981,143.8073,2019,7,July,21,Night,Weekday
T20190013163,2019-07-15,11:30:00,2,Struck Pedestrian,1,Monday,100,PED NEAR SIDE. PED HIT BY VEHICLE FROM THE RIGHT.,1,360554,Not at intersection,2,40,Local Road,ADDISON,PORT PHILLIP,-37.87897,144.98029,2019,7,July,11,Midday,Weekday
T20190015965,2019-07-15,18:30:00,1,Collision with vehicle,1,Monday,110,CROSS TRAFFIC(INTERSECTIONS ONLY),3,65895,Cross intersection,3,50,Local Road,HOTHAM,MELBOURNE,-37.81413,144.98558,2019,7,July,18,Afternoon Peak,Weekday
T20190013153,2019-07-15,12:05:00,1,Collision with vehicle,1,Monday,134,LANE CHANGE RIGHT (NOT OVERTAKING),1,356020,Not at intersection,3,80,Arterial Highway,SOUTH GIPPSLAND,CASEY,-38.04667,145.25484,2019,7,July,12,Midday,Weekday
T20190013162,2019-07-15,15:38:00,1,Collision with vehicle,1,Monday,113,RIGHT NEAR (INTERSECTIONS ONLY),1,583,T intersection,3,60,Arterial Other,BROADMEADOWS ROAD DV-JOHNSTONE,HUME,-37.680813,144.90039,2019,7,July,15,Afternoon Peak,Weekday
T20190013161,2019-07-15,15:45:00,1,Collision with vehicle,1,Monday,130,REAR END(VEHICLES IN SAME LANE),1,352654,Not at intersection,2,100,Freeway,GEELONG RING,GEELONG,-38.18459,144.3044,2019,7,July,15,Afternoon Peak,Weekday
T20190018188,2019-07-15,07:45:00,1,Collision with vehicle,1,Monday,130,REAR END(VEHICLES IN SAME LANE),9,588164,Not at intersection,3,70,Arterial Other,DORSET,MAROONDAH,-37.797344,145.29031,2019,7,July,7,Morning Peak,Weekday
T20190013160,2019-07-15,12:45:00,6,Vehicle overturned (no collision),1,Monday,170,OFF CARRIAGEWAY TO LEFT,1,360459,Not at intersection,3,80,Arterial Highway,HUME,HUME,-37.527958,144.94765,2019,7,July,12,Midday,Weekday
T20190013174,2019-07-15,15:30:00,1,Collision with vehicle,1,Monday,130,REAR END(VEHICLES IN SAME LANE),1,601584,Not at intersection,2,60,Arterial Other,BACCHUS MARSH,GEELONG,-38.075497,144.35858,2019,7,July,15,Afternoon Peak,Weekday
T20190013238,2019-07-16,18:00:00,1,Collision with vehicle,2,Tuesday,130,REAR END(VEHICLES IN SAME LANE),3,347448,Not at intersection,2,60,Arterial Other,PASCOE VALE,HUME,-37.69077,144.91565,2019,7,July,18,Afternoon Peak,Weekday
T20190013204,2019-07-16,06:40:00,3,Struck animal,2,Tuesday,167,STRUCK ANIMAL,5,348489,Not at intersection,3,100,Arterial Other,EUROA-MANSFIELD,STRATHBOGIE,-36.84222,145.57056,2019,7,July,6,Morning Peak,Weekday
T20190013248,2019-07-16,19:48:00,4,Collision with a fixed object,2,Tuesday,173,RIGHT OFF CARRIAGEWAY INTO OBJECT/PARKED VEHICLE,3,338428,T intersection,3,60,Arterial Other,CANTERBURY,WHITEHORSE,-37.83417,145.1665,2019,7,July,19,Night,Weekday
T20190013209,2019-07-16,10:38:00,1,Collision with vehicle,2,Tuesday,137,LEFT TURN SIDESWIPE,1,12930,Cross intersection,2,60,Arterial Highway,GLEN EIRA,PORT PHILLIP,-37.87625,144.99237,2019,7,July,10,Midday,Weekday
T20190013206,2019-07-16,07:40:00,4,Collision with a fixed object,2,Tuesday,171,LEFT OFF CARRIAGEWAY INTO OBJECT/PARKED VEHICLE,1,595565,Not at intersection,2,50,Local Road,COURTENAY,CASEY,-38.082874,145.28719,2019,7,July,7,Morning Peak,Weekday
T20190013203,2019-07-16,09:30:00,1,Collision with vehicle,2,Tuesday,139,OTHER SAME DIRECTION-MANOUEVRES NOT INCLUDED IN DCAs 130-137,1,733205,Not at intersection,3,80,Arterial Highway,MAROONDAH,MAROONDAH,-37.78347,145.28275,2019,7,July,9,Morning Peak,Weekday
T20190013880,2019-07-16,17:50:00,1,Collision with vehicle,2,Tuesday,129,OTHER OPPOSING MANOEUVRES NOT INCLUDED IN DCAs 120-125.,3,661121,Not at intersection,3,50,Local Road,WOOLTON,DAREBIN,-37.760654,144.99295,2019,7,July,17,Afternoon Peak,Weekday
T20190013255,2019-07-16,18:21:00,2,Struck Pedestrian,2,Tuesday,102,FAR SIDE. PED HIT BY VEHICLE FROM THE LEFT,3,597778,Not at intersection,1,50,Local Road,RAYMOND,WELLINGTON,-38.103252,147.06537,2019,7,July,18,Afternoon Peak,Weekday
T20190013253,2019-07-16,20:58:00,1,Collision with vehicle,2,Tuesday,110,CROSS TRAFFIC(INTERSECTIONS ONLY),3,278680,Cross intersection,3,60,Local Road,AITKEN,HUME,-37.59014,144.91069,2019,7,July,20,Night,Weekday
T20190013252,2019-07-16,19:40:00,4,Collision with a fixed object,2,Tuesday,173,RIGHT OFF CARRIAGEWAY INTO OBJECT/PARKED VEHICLE,5,582112,Multiple intersection,2,100,Freeway,FRANKSTON,FRANKSTON,-38.102226,145.14095,2019,7,July,19,Night,Weekday
T20190013251,2019-07-16,18:25:00,4,Collision with a fixed object,2,Tuesday,183,OFF LEFT BEND INTO OBJECT/PARKED VEHICLE,5,347428,Not at intersection,3,80,Local Road,KILLARA,YARRA RANGES,-37.754948,145.48973,2019,7,July,18,Afternoon Peak,Weekday
T20190013343,2019-07-16,09:53:00,1,Collision with vehicle,2,Tuesday,160,VEHICLE COLLIDES WITH VEHICLE PARKED ON LEFT OF ROAD,1,579961,Not at intersection,3,60,Local Road,STOCKTON,BRIMBANK,-37.75339,144.7818,2019,7,July,9,Morning Peak,Weekday
T20190016517,2019-07-16,18:15:00,1,Collision with vehicle,2,Tuesday,120,HEAD ON (NOT OVERTAKING),2,601857,Not at intersection,3,60,Local Road,FRANKSTON GARDENS,FRANKSTON,-38.10479,145.16327,2019,7,July,18,Afternoon Peak,Weekday
T20190013370,2019-07-16,14:30:00,1,Collision with vehicle,2,Tuesday,130,REAR END(VEHICLES IN SAME LANE),1,41864,T intersection,3,80,Arterial Other,FERNTREE GULLY,KNOX,-37.899067,145.22316,2019,7,July,14,Midday,Weekday
T20190013266,2019-07-16,17:24:00,1,Collision with vehicle,2,Tuesday,113,RIGHT NEAR (INTERSECTIONS ONLY),2,46236,T intersection,2,80,Arterial Highway,NEPEAN,KINGSTON,-37.981476,145.07059,2019,7,July,17,Afternoon Peak,Weekday
T20190013375,2019-07-16,16:49:00,1,Collision with vehicle,2,Tuesday,130,REAR END(VEHICLES IN SAME LANE),1,795,Not at intersection,3,80,Arterial Highway,WELLINGTON,MONASH,-37.918484,145.1587,2019,7,July,16,Afternoon Peak,Weekday
T20190013202,2019-07-16,07:11:00,1,Collision with vehicle,2,Tuesday,130,REAR END(VEHICLES IN SAME LANE),5,643438,Not at intersection,2,80,Local Road,K,WYNDHAM,-37.93599,144.67352,2019,7,July,7,Morning Peak,Weekday
T20190013198,2019-07-16,08:20:00,1,Collision with vehicle,2,Tuesday,130,REAR END(VEHICLES IN SAME LANE),1,347411,T intersection,3,60,Arterial Other,HIGH,WHITTLESEA,-37.64199,145.02647,2019,7,July,8,Morning Peak,Weekday
T20190013898,2019-07-16,08:45:00,1,Collision with vehicle,2,Tuesday,110,CROSS TRAFFIC(INTERSECTIONS ONLY),1,52896,Cross intersection,3,60,Local Road,EUREKA,BALLARAT,-37.565304,143.87628,2019,7,July,8,Morning Peak,Weekday
T20190013216,2019-07-16,11:50:00,4,Collision with a fixed object,2,Tuesday,179,OTHER ACCIDENTS-OFF STRAIGHT NOT INCLUDED IN DCAs 170-175,1,355240,Not at intersection,2,100,Arterial Highway,WESTERN,HORSHAM,-36.81538,142.35385,2019,7,July,11,Midday,Weekday
T20190013408,2019-07-16,17:45:00,1,Collision with vehicle,2,Tuesday,130,REAR END(VEHICLES IN SAME LANE),2,347981,Not at intersection,2,100,Freeway,PRINCES,HOBSONS BAY,-37.845963,144.78235,2019,7,July,17,Afternoon Peak,Weekday
T20190013259,2019-07-16,22:16:00,2,Struck Pedestrian,2,Tuesday,103,PED PLAYING/LYING/WORKING/STANDING ON CARRIAGEWAY.,3,656791,Not at intersection,2,50,Local Road,BLANCHE,GEELONG,-38.17056,144.7169,2019,7,July,22,Night,Weekday
T20190013502,2019-07-16,14:55:00,1,Collision with vehicle,2,Tuesday,121,RIGHT THROUGH,1,45204,T intersection,3,60,Arterial Other,BALLARAT,MARIBYRNONG,-37.78482,144.87376,2019,7,July,14,Midday,Weekday
T20190013217,2019-07-16,11:57:00,1,Collision with vehicle,2,Tuesday,121,RIGHT THROUGH,1,349070,Not at intersection,3,60,Local Road,RESERVE,MELTON,-37.68536,144.5942,2019,7,July,11,Midday,Weekday
T20190013222,2019-07-16,14:15:00,1,Collision with vehicle,2,Tuesday,110,CROSS TRAFFIC(INTERSECTIONS ONLY),1,50162,Cross intersection,2,60,Arterial Other,FELLMONGERS,GEELONG,-38.17939,144.3693,2019,7,July,14,Midday,Weekday
T20190013223,2019-07-16,13:22:00,1,Collision with vehicle,2,Tuesday,140,U TURN,1,356773,Not at intersection,2,40,Local Road,GARDENVALE,GLEN EIRA,-37.89782,145.00737,2019,7,July,13,Midday,Weekday
T20190013224,2019-07-16,14:20:00,1,Collision with vehicle,2,Tuesday,116,LEFT NEAR (INTERSECTIONS ONLY),1,330604,Cross intersection,2,80,Arterial Highway,SPRINGVALE,KINGSTON,-38.01094,145.14076,2019,7,July,14,Midday,Weekday
T20190013225,2019-07-16,08:30:00,4,Collision with a fixed object,2,Tuesday,173,RIGHT OFF CARRIAGEWAY INTO OBJECT/PARKED VEHICLE,1,350624,T intersection,2,50,Local Road,BRENTWICK,HUME,-37.599895,144.9048,2019,7,July,8,Morning Peak,Weekday
T20190013210,2019-07-16,08:39:00,1,Collision with vehicle,2,Tuesday,130,REAR END(VEHICLES IN SAME LANE),1,119362,Not at intersection,3,40,Local Road,GATEHOUSE,MELBOURNE,-37.79627,144.95158,2019,7,July,8,Morning Peak,Weekday
T20190013226,2019-07-16,13:30:00,4,Collision with a fixed object,2,Tuesday,181,OFF RIGHT BEND INTO OBJECT/PARKED VEHICLE,1,579960,Not at intersection,2,100,Arterial Highway,GREAT ALPINE,ALPINE,-36.605625,146.78526,2019,7,July,13,Midday,Weekday
T20190013230,2019-07-16,14:35:00,4,Collision with a fixed object,2,Tuesday,171,LEFT OFF CARRIAGEWAY INTO OBJECT/PARKED VEHICLE,1,349065,Not at intersection,3,100,Arterial Other,WARATAH,SOUTH GIPPSLAND,-38.713486,146.08241,2019,7,July,14,Midday,Weekday
T20190013231,2019-07-16,15:40:00,1,Collision with vehicle,2,Tuesday,130,REAR END(VEHICLES IN SAME LANE),1,347461,Not at intersection,3,60,Arterial Other,WHITE,KINGSTON,-37.99904,145.08987,2019,7,July,15,Afternoon Peak,Weekday
T20190013232,2019-07-16,15:12:00,1,Collision with vehicle,2,Tuesday,130,REAR END(VEHICLES IN SAME LANE),1,350657,Not at intersection,2,80,Arterial Highway,STUD,DANDENONG,-37.95284,145.22688,2019,7,July,15,Afternoon Peak,Weekday
T20190013234,2019-07-16,06:30:00,6,Vehicle overturned (no collision),2,Tuesday,174,OUT OF CONTROL ON CARRIAGEWAY (ON STRAIGHT),5,347431,Not at intersection,2,60,Local Road,CALLAWAY,HUME,-37.55134,144.89473,2019,7,July,6,Morning Peak,Weekday
T20190013237,2019-07-16,17:35:00,1,Collision with vehicle,2,Tuesday,130,REAR END(VEHICLES IN SAME LANE),5,647299,Not at intersection,3,60,Arterial Other,LA TROBE,BALLARAT,-37.56992,143.81128,2019,7,July,17,Afternoon Peak,Weekday