ACCIDENT_NO,ACCIDENT_DATE,ACCIDENT_TIME,ACCIDENT_TYPE,ACCIDENT_TYPE_DESC,DAY_OF_WEEK,DAY_WEEK_DESC,DCA_CODE,DCA_DESC,LIGHT_CONDITION,NODE_ID,ROAD_GEOMETRY_DESC,SEVERITY,SPEED_ZONE,RMA,ROAD_NAME,LGA_NAME,LATITUDE,LONGITUDE,YEAR,MONTH,MONTH_NAME,HOUR,TIME_PERIOD,DAY_TYPE
T20190013268,2019-07-17,08:15:00,4,Collision with a fixed object,3,Wednesday,171,LEFT OFF CARRIAGEWAY INTO OBJECT/PARKED VEHICLE,1,358999,Not at intersection,2,100,Freeway,PRINCES,WYNDHAM,-37.927254,144.62967,2019,7,July,8,Morning Peak,Weekday
T20190015936,2019-07-17,20:40:00,1,Collision with vehicle,3,Wednesday,113,RIGHT NEAR (INTERSECTIONS ONLY),3,602124,Y intersection,3,60,Arterial Highway,BASS,BASS COAST,-38.488197,145.4641,2019,7,July,20,Night,Weekday
T20190014167,2019-07-17,08:40:00,1,Collision with vehicle,3,Wednesday,135,LANE CHANGE LEFT (NOT OVERTAKING),1,647633,Not at intersection,3,60,Arterial Other,MIDDLEBOROUGH,WHITEHORSE,-37.82971,145.13643,2019,7,July,8,Morning Peak,Weekday
T20190014661,2019-07-17,10:08:00,2,Struck Pedestrian,3,Wednesday,100,PED NEAR SIDE. PED HIT BY VEHICLE FROM THE RIGHT.,1,29462,T intersection,3,50,Arterial Highway,KINGS,PORT PHILLIP,-37.834354,144.96977,2019,7,July,10,Midday,Weekday
T20190013269,2019-07-17,09:11:00,1,Collision with vehicle,3,Wednesday,130,REAR END(VEHICLES IN SAME LANE),1,36353,Cross intersection,3,50,Local Road,DRUMMOND,MELBOURNE,-37.80298,144.96805,2019,7,July,9,Morning Peak,Weekday
T20190013299,2019-07-17,08:19:00,1,Collision with vehicle,3,Wednesday,110,CROSS TRAFFIC(INTERSECTIONS ONLY),1,53620,Cross intersection,2,60,Local Road,HARVEST HOME,WHITTLESEA,-37.62132,145.01184,2019,7,July,8,Morning Peak,Weekday
T20190013376,2019-07-17,17:20:00,1,Collision with vehicle,3,Wednesday,110,CROSS TRAFFIC(INTERSECTIONS ONLY),2,355402,Cross intersection,3,50,Local Road,PILMER,MOORABOOL,-37.679676,144.4358,2019,7,July,17,Afternoon Peak,Weekday
T20190013261,2019-07-17,00:45:00,6,Vehicle overturned (no collision),3,Wednesday,170,OFF CARRIAGEWAY TO LEFT,3,638369,Not at intersection,2,80,Arterial Highway,SOUTH GIPPSLAND,CASEY,-38.13225,145.29495,2019,7,July,0,Late Night,Weekday
T20190013286,2019-07-17,13:00:00,6,Vehicle overturned (no collision),3,Wednesday,180,OFF CARRIAGEWAY ON RIGHT BEND,1,57858,T intersection,3,80,Local Road,CARDINIA,CARDINIA,-38.117027,145.42593,2019,7,July,13,Midday,Weekday
T20190013267,2019-07-17,07:10:00,4,Collision with a fixed object,3,Wednesday,173,RIGHT OFF CARRIAGEWAY INTO OBJECT/PARKED VEHICLE,1,347473,Not at intersection,3,100,Arterial Highway,GLENELG,PYRENEES,-37.69635,143.30219,2019,7,July,7,Morning Peak,Weekday
T20190013285,2019-07-17,13:00:00,1,Collision with vehicle,3,Wednesday,111,RIGHT FAR (INTERSECTIONS ONLY),1,347968,Cross intersection,3,50,Local Road,CHASE,BALLARAT,-37.555443,143.78764,2019,7,July,13,Midday,Weekday
T20190013314,2019-07-17,18:00:00,1,Collision with vehicle,3,Wednesday,121,RIGHT THROUGH,3,240323,T intersection,3,60,Arterial Highway,BURWOOD,WHITEHORSE,-37.85076,145.10002,2019,7,July,18,Afternoon Peak,Weekday
T20190013277,2019-07-17,11:00:00,1,Collision with vehicle,3,Wednesday,121,RIGHT THROUGH,1,351734,Cross intersection,3,60,Arterial Other,COLCHESTER,YARRA RANGES,-37.801838,145.30801,2019,7,July,11,Midday,Weekday
T20190013270,2019-07-17,09:15:00,4,Collision with a fixed object,3,Wednesday,194,PARKED CAR RUN AWAY,1,347976,Not at intersection,3,50,Local Road,BALMORAL,CARDINIA,-38.065475,145.47581,2019,7,July,9,Morning Peak,Weekday
T20190013828,2019-07-17,15:15:00,4,Collision with a fixed object,3,Wednesday,183,OFF LEFT BEND INTO OBJECT/PARKED VEHICLE,1,352669,Not at intersection,3,60,Arterial Highway,MIDLAND,SHEPPARTON,-36.379395,145.39494,2019,7,July,15,Afternoon Peak,Weekday
T20190013510,2019-07-17,17:45:00,1,Collision with vehicle,3,Wednesday,110,CROSS TRAFFIC(INTERSECTIONS ONLY),1,44349,Cross intersection,3,60,Local Road,SHAWS,WYNDHAM,-37.890038,144.66199,2019,7,July,17,Afternoon Peak,Weekday
T20190013263,2019-07-17,05:30:00,1,Collision with vehicle,3,Wednesday,152,PULLING OUT (OVERTAKING),5,585320,Not at intersection,2,60,Local Road,BOUNDARY,WYNDHAM,-37.807346,144.71463,2019,7,July,5,Morning Peak,Weekday
T20190013318,2019-07-17,17:53:00,1,Collision with vehicle,3,Wednesday,130,REAR END(VEHICLES IN SAME LANE),3,647632,Not at intersection,2,80,Arterial Highway,STATE (BELL/SPRINGVALE),MONASH,-37.913387,145.15962,2019,7,July,17,Afternoon Peak,Weekday
T20190013372,2019-07-17,07:30:00,8,No collision and no object struck,3,Wednesday,149,OTHER MANOEUVRING NOT INCLUDED IN DCAs 140-148,1,347478,Not at intersection,2,60,Arterial Other,STATION,DAREBIN,-37.780792,145.01782,2019,7,July,7,Morning Peak,Weekday
T20190013313,2019-07-17,19:00:00,1,Collision with vehicle,3,Wednesday,116,LEFT NEAR (INTERSECTIONS ONLY),3,44414,T intersection,3,60,Local Road,GOULBURN,GEELONG,-38.073696,144.3548,2019,7,July,19,Night,Weekday
T20190013347,2019-07-17,16:30:00,1,Collision with vehicle,3,Wednesday,130,REAR END(VEHICLES IN SAME LANE),1,22525,Cross intersection,3,60,Local Road,FUSSELL,BALLARAT,-37.571026,143.89293,2019,7,July,16,Afternoon Peak,Weekday
T20190013312,2019-07-17,18:15:00,2,Struck Pedestrian,3,Wednesday,102,FAR SIDE. PED HIT BY VEHICLE FROM THE LEFT,3,37131,Cross intersection,3,70,Arterial Other,THOMPSONS,CASEY,-38.08249,145.27904,2019,7,July,18,Afternoon Peak,Weekday
T20190013349,2019-07-17,17:10:00,1,Collision with vehicle,3,Wednesday,130,REAR END(VEHICLES IN SAME LANE),2,49181,Not at intersection,3,60,Arterial Other,ALFRED STREET -HOWITT,BAW BAW,-38.16577,145.9326,2019,7,July,17,Afternoon Peak,Weekday
T20190013926,2019-07-17,05:55:00,1,Collision with vehicle,3,Wednesday,130,REAR END(VEHICLES IN SAME LANE),3,38820,Cross intersection,3,60,Arterial Highway,SMITHFIELD,MELBOURNE,-37.789185,144.92296,2019,7,July,5,Morning Peak,Weekday
T20190013334,2019-07-17,14:41:00,1,Collision with vehicle,3,Wednesday,130,REAR END(VEHICLES IN SAME LANE),1,347452,Not at intersection,2,60,Arterial Highway,ST KILDA,PORT PHILLIP,-37.85704,144.98262,2019,7,July,14,Midday,Weekday
T20190013933,2019-07-17,17:00:00,1,Collision with vehicle,3,Wednesday,130,REAR END(VEHICLES IN SAME LANE),1,353566,Not at intersection,3,60,Freeway,CITYLINK IN-BELL,MORELAND,-37.736652,144.93031,2019,7,July,17,Afternoon Peak,Weekday
T20190013311,2019-07-17,17:30:00,1,Collision with vehicle,3,Wednesday,130,REAR END(VEHICLES IN SAME LANE),5,347456,Not at intersection,3,80,Arterial Other,WELLINGTON,CARDINIA,-37.936913,145.40465,2019,7,July,17,Afternoon Peak,Weekday
T20190013310,2019-07-17,18:20:00,1,Collision with vehicle,3,Wednesday,121,RIGHT THROUGH,3,44044,T intersection,3,60,Arterial Other,SPRING,DAREBIN,-37.720436,145.004,2019,7,July,18,Afternoon Peak,Weekday
T20200005438,2019-07-17,09:00:00,1,Collision with vehicle,3,Wednesday,130,REAR END(VEHICLES IN SAME LANE),1,728949,Not at intersection,3,60,Arterial Other,HOLDSWORTH,BENDIGO,-36.738285,144.26343,2019,7,July,9,Morning Peak,Weekday
T20190013309,2019-07-17,14:45:00,1,Collision with vehicle,3,Wednesday,130,REAR END(VEHICLES IN SAME LANE),1,360464,T intersection,3,50,Local Road,VISTA,BASS COAST,-38.521763,145.33528,2019,7,July,14,Midday,Weekday
T20190013307,2019-07-17,14:30:00,1,Collision with vehicle,3,Wednesday,120,HEAD ON (NOT OVERTAKING),1,602116,Not at intersection,2,60,Arterial Other,RALEIGH,MARIBYRNONG,-37.76956,144.89716,2019,7,July,14,Midday,Weekday
T20190013305,2019-07-17,15:00:00,1,Collision with vehicle,3,Wednesday,110,CROSS TRAFFIC(INTERSECTIONS ONLY),1,51314,Cross intersection,3,100,Local Road,BREWER,SHEPPARTON,-36.404198,145.06819,2019,7,July,15,Afternoon Peak,Weekday
T20190013304,2019-07-17,09:50:00,1,Collision with vehicle,3,Wednesday,135,LANE CHANGE LEFT (NOT OVERTAKING),1,347447,Not at intersection,3,80,Arterial Highway,WARBURTON,YARRA RANGES,-37.78032,145.53592,2019,7,July,9,Morning Peak,Weekday
T20190013340,2019-07-17,15:30:00,2,Struck Pedestrian,3,Wednesday,102,FAR SIDE. PED HIT BY VEHICLE FROM THE LEFT,1,351736,Not at intersection,3,50,Local Road,EBONY,FRANKSTON,-38.1338,145.20575,2019,7,July,15,Afternoon Peak,Weekday
T20190013295,2019-07-17,13:55:00,2,Struck Pedestrian,3,Wednesday,106,VEH STRIKES PED ON FOOTPATH/MEDIAN/TRAFFIC ISLAND.,1,347475,Not at intersection,2,60,Arterial Other,MELVILLE,MORELAND,-37.74944,144.94644,2019,7,July,13,Midday,Weekday
T20190013350,2019-07-17,06:20:00,2,Struck Pedestrian,3,Wednesday,105,PED WALKING AGAINST TRAFFIC.,3,592789,Not at intersection,2,50,Arterial Highway,NORTHERN,CAMPASPE,-36.360737,144.69968,2019,7,July,6,Morning Peak,Weekday
T20190013323,2019-07-17,15:46:00,1,Collision with vehicle,3,Wednesday,110,CROSS TRAFFIC(INTERSECTIONS ONLY),1,72342,Cross intersection,2,50,Local Road,RIVERVIEW,GEELONG,-38.167477,144.34633,2019,7,July,15,Afternoon Peak,Weekday
T20190013325,2019-07-17,22:25:00,4,Collision with a fixed object,3,Wednesday,198,OTHER ACCIDENTS NOT CLASSIFIABLE ELSEWHERE,3,347962,T intersection,3,60,Local Road,LLOYD,BENDIGO,-36.753643,144.2987,2019,7,July,22,Night,Weekday
T20190013326,2019-07-17,23:52:00,1,Collision with vehicle,3,Wednesday,160,VEHICLE COLLIDES WITH VEHICLE PARKED ON LEFT OF ROAD,3,590982,Not at intersection,2,60,Arterial Other,MURRAY,MORELAND,-37.73438,144.96815,2019,7,July,23,Night,Weekday
T20190013357,2019-07-17,08:00:00,4,Collision with a fixed object,3,Wednesday,173,RIGHT OFF CARRIAGEWAY INTO OBJECT/PARKED VEHICLE,1,350908,Not at intersection,2,100,Local Road,BENDIGO-SUTTON GRANGE,MOUNT ALEXANDER,-36.99241,144.35954,2019,7,July,8,Morning Peak,Weekday
T20190013332,2019-07-17,23:54:00,1,Collision with vehicle,3,Wednesday,130,REAR END(VEHICLES IN SAME LANE),3,583972,Not at intersection,3,100,Freeway,WESTERN,MELTON,-37.783253,144.74803,2019,7,July,23,Night,Weekday
T20190013260,2019-07-17,00:40:00,4,Collision with a fixed object,3,Wednesday,173,RIGHT OFF CARRIAGEWAY INTO OBJECT/PARKED VEHICLE,5,347440,Not at intersection,3,100,Arterial Other,ROSEDALE-HEYFIELD,WELLINGTON,-38.058163,146.76888,2019,7,July,0,Late Night,Weekday
T20190013289,2019-07-17,05:14:00,2,Struck Pedestrian,3,Wednesday,103,PED PLAYING/LYING/WORKING/STANDING ON CARRIAGEWAY.,3,601586,T intersection,2,50,Local Road,DEGRAVES,MELBOURNE,-37.81739,144.96582,2019,7,July,5,Morning Peak,Weekday
T20190013287,2019-07-17,13:45:00,1,Collision with vehicle,3,Wednesday,130,REAR END(VEHICLES IN SAME LANE),1,636436,Not at intersection,3,40,Arterial Other,BERWICK-CRANBOURNE,CASEY,-38.09263,145.3321,2019,7,July,13,Midday,Weekday
T20190013374,2019-07-18,15:45:00,1,Collision with vehicle,4,Thursday,110,CROSS TRAFFIC(INTERSECTIONS ONLY),1,45420,Cross intersection,3,60,Arterial Other,MT ALEXANDER,MOONEE VALLEY,-37.765263,144.92372,2019,7,July,15,Afternoon Peak,Weekday
T20190014426,2019-07-18,10:20:00,1,Collision with vehicle,4,Thursday,131,LEFT REAR,1,602426,T intersection,3,50,Local Road,HOGAN,SHEPPARTON,-36.44012,145.23221,2019,7,July,10,Midday,Weekday
T20190013382,2019-07-18,17:30:00,1,Collision with vehicle,4,Thursday,130,REAR END(VEHICLES IN SAME LANE),3,351750,Not at intersection,3,60,Arterial Other,DERRIMUT,WYNDHAM,-37.880272,144.68234,2019,7,July,17,Afternoon Peak,Weekday
T20190013388,2019-07-18,19:28:00,4,Collision with a fixed object,4,Thursday,173,RIGHT OFF CARRIAGEWAY INTO OBJECT/PARKED VEHICLE,3,347963,Not at intersection,2,50,Local Road,FENTON,BENDIGO,-36.745083,144.27182,2019,7,July,19,Night,Weekday
T20190013409,2019-07-18,14:00:00,1,Collision with vehicle,4,Thursday,121,RIGHT THROUGH,1,285,Cross intersection,2,70,Freeway,MELROSE-WESTERN RING OUT,HUME,-37.707,144.88593,2019,7,July,14,Midday,Weekday
T20190014123,2019-07-18,12:30:00,1,Collision with vehicle,4,Thursday,111,RIGHT FAR (INTERSECTIONS ONLY),1,356758,T intersection,3,50,Arterial Other,BURWOOD,BOROONDARA,-37.823425,145.0422,2019,7,July,12,Midday,Weekday
T20190013440,2019-07-18,18:18:00,4,Collision with a fixed object,4,Thursday,173,RIGHT OFF CARRIAGEWAY INTO OBJECT/PARKED VEHICLE,6,278678,Cross intersection,2,50,Local Road,WINDROCK,HUME,-37.590664,144.91461,2019,7,July,18,Afternoon Peak,Weekday
T20190013389,2019-07-18,20:30:00,1,Collision with vehicle,4,Thursday,111,RIGHT FAR (INTERSECTIONS ONLY),3,40801,Cross intersection,3,60,Arterial Other,HIGHBURY,WHITEHORSE,-37.86111,145.1619,2019,7,July,20,Night,Weekday
T20190013436,2019-07-18,06:35:00,1,Collision with vehicle,4,Thursday,130,REAR END(VEHICLES IN SAME LANE),2,38315,T intersection,3,60,Arterial Other,DALTON,WHITTLESEA,-37.68453,145.02916,2019,7,July,6,Morning Peak,Weekday
T20190013381,2019-07-18,16:10:00,1,Collision with vehicle,4,Thursday,121,RIGHT THROUGH,1,871,Cross intersection,3,60,Arterial Highway,FRANKSTON-DANDENONG,DANDENONG,-37.99988,145.21823,2019,7,July,16,Afternoon Peak,Weekday
T20190013386,2019-07-18,15:05:00,1,Collision with vehicle,4,Thursday,110,CROSS TRAFFIC(INTERSECTIONS ONLY),1,52550,Cross intersection,3,100,Local Road,BENETOOK,MILDURA,-34.255527,142.10707,2019,7,July,15,Afternoon Peak,Weekday
T20190013428,2019-07-18,18:25:00,1,Collision with vehicle,4,Thursday,130,REAR END(VEHICLES IN SAME LANE),2,349839,Not at intersection,3,100,Freeway,MONASH,MONASH,-37.91447,145.16785,2019,7,July,18,Afternoon Peak,Weekday
T20190013380,2019-07-18,18:50:00,2,Struck Pedestrian,4,Thursday,102,FAR SIDE. PED HIT BY VEHICLE FROM THE LEFT,3,589464,Cross intersection,2,80,Arterial Other,THOMPSONS,CASEY,-38.082626,145.27888,2019,7,July,18,Afternoon Peak,Weekday
T20190014117,2019-07-18,18:00:00,1,Collision with vehicle,4,Thursday,110,CROSS TRAFFIC(INTERSECTIONS ONLY),6,38480,Cross intersection,3,60,Local Road,CASTELLA,YARRA RANGES,-37.753345,145.3544,2019,7,July,18,Afternoon Peak,Weekday
T20190013412,2019-07-18,21:20:00,1,Collision with vehicle,4,Thursday,121,RIGHT THROUGH,3,52894,Cross intersection,3,60,Local Road,EASTWOOD,BALLARAT,-37.56489,143.86342,2019,7,July,21,Night,Weekday
T20190013391,2019-07-18,20:00:00,1,Collision with vehicle,4,Thursday,160,VEHICLE COLLIDES WITH VEHICLE PARKED ON LEFT OF ROAD,5,618058,Not at intersection,3,50,Local Road,ELGIN,INDIGO,-36.355488,146.69864,2019,7,July,20,Night,Weekday
T20190013697,2019-07-18,16:45:00,1,Collision with vehicle,4,Thursday,130,REAR END(VEHICLES IN SAME LANE),1,350926,T intersection,3,70,Arterial Other,CANTERBURY,MAROONDAH,-37.830643,145.26382,2019,7,July,16,Afternoon Peak,Weekday
T20190013394,2019-07-18,14:55:00,2,Struck Pedestrian,4,Thursday,107,PED ON FOOTHPATH STRUCK BY VEHENTERING/LEAVING DRIVEWAY.,1,347980,Not at intersection,3,50,Local Road,STATION,WHITTLESEA,-37.67786,145.01514,2019,7,July,14,Midday,Weekday
T20190013702,2019-07-18,17:30:00,1,Collision with vehicle,4,Thursday,130,REAR END(VEHICLES IN SAME LANE),5,586149,Not at intersection,3,70,Arterial Other,BALLAN,WYNDHAM,-37.88073,144.62059,2019,7,July,17,Afternoon Peak,Weekday
T20190013392,2019-07-18,19:15:00,2,Struck Pedestrian,4,Thursday,101,PED EMERGES FROM IN FRONT OF PARKED OR STATIONARY VEHICLE,3,39459,Cross intersection,2,60,Arterial Other,BLACKBURN,MANNINGHAM,-37.789165,145.16196,2019,7,July,19,Night,Weekday
T20190013337,2019-07-18,04:30:00,4,Collision with a fixed object,4,Thursday,183,OFF LEFT BEND INTO OBJECT/PARKED VEHICLE,3,661043,Not at intersection,2,60,Arterial Other,STONY POINT,MORNINGTON PENINSULA,-38.361366,145.1982,2019,7,July,4,Late Night,Weekday
T20190013395,2019-07-18,05:40:00,1,Collision with vehicle,4,Thursday,113,RIGHT NEAR (INTERSECTIONS ONLY),3,36113,T intersection,2,70,Arterial Other,DYNON,MELBOURNE,-37.803085,144.92915,2019,7,July,5,Morning Peak,Weekday
T20190013341,2019-07-18,07:02:00,1,Collision with vehicle,4,Thursday,132,RIGHT REAR.,2,35776,T intersection,2,80,Arterial Other,BACCHUS MARSH,GEELONG,-38.01468,144.35147,2019,7,July,7,Morning Peak,Weekday
T20190013342,2019-07-18,07:17:00,1,Collision with vehicle,4,Thursday,130,REAR END(VEHICLES IN SAME LANE),1,602420,Not at intersection,3,60,Arterial Highway,BELL,MORELAND,-37.73853,144.94016,2019,7,July,7,Morning Peak,Weekday
T20190013525,2019-07-18,18:15:00,5,collision with some other object,4,Thursday,166,STRUCK OBJECT ON CARRIAGEWAY,3,348500,Not at intersection,2,80,Arterial Other,NARRE WARREN,CASEY,-38.08286,145.29593,2019,7,July,18,Afternoon Peak,Weekday
T20190013355,2019-07-18,11:42:00,1,Collision with vehicle,4,Thursday,130,REAR END(VEHICLES IN SAME LANE),1,351743,Not at intersection,3,80,Arterial Highway,SOUTH GIPPSLAND,DANDENONG,-38.02577,145.24323,2019,7,July,11,Midday,Weekday
T20190014031,2019-07-18,19:45:00,1,Collision with vehicle,4,Thursday,163,VEHICLE STRIKES DOOR OF PARKED/STATIONARY VEHICLE,9,656404,Not at intersection,3,40,Local Road,HIGHETT,KINGSTON,-37.94903,145.04428,2019,7,July,19,Night,Weekday
T20190013359,2019-07-18,08:00:00,1,Collision with vehicle,4,Thursday,160,VEHICLE COLLIDES WITH VEHICLE PARKED ON LEFT OF ROAD,1,579682,Not at intersection,3,50,Local Road,HUTCHINSON,CASEY,-38.054977,145.25812,2019,7,July,8,Morning Peak,Weekday
T20190013383,2019-07-18,18:11:00,1,Collision with vehicle,4,Thursday,111,RIGHT FAR (INTERSECTIONS ONLY),3,43032,Cross intersection,3,50,Local Road,PICKETT,DANDENONG,-37.98593,145.20758,2019,7,July,18,Afternoon Peak,Weekday
T20190013361,2019-07-18,13:20:00,1,Collision with vehicle,4,Thursday,140,U TURN,1,347477,Not at intersection,2,60,Local Road,LYDIARD,BALLARAT,-37.5632,143.85753,2019,7,July,13,Midday,Weekday
T20190013385,2019-07-18,19:00:00,1,Collision with vehicle,4,Thursday,110,CROSS TRAFFIC(INTERSECTIONS ONLY),3,892,Cross intersection,3,60,Arterial Other,POUND,CASEY,-38.025867,145.25034,2019,7,July,19,Night,Weekday
T20190013364,2019-07-18,07:45:00,1,Collision with vehicle,4,Thursday,130,REAR END(VEHICLES IN SAME LANE),1,38555,T intersection,2,60,Arterial Other,WRIGHT,BRIMBANK,-37.796364,144.83423,2019,7,July,7,Morning Peak,Weekday
T20190013366,2019-07-18,08:46:00,1,Collision with vehicle,4,Thursday,130,REAR END(VEHICLES IN SAME LANE),1,602422,Not at intersection,2,40,Local Road,BUNGOWER,MORNINGTON PENINSULA,-38.222633,145.06458,2019,7,July,8,Morning Peak,Weekday
T20190013369,2019-07-18,15:00:00,1,Collision with vehicle,4,Thursday,121,RIGHT THROUGH,1,277699,T intersection,3,80,Arterial Other,PRINCES,CARDINIA,-38.061806,145.44264,2019,7,July,15,Afternoon Peak,Weekday
T20190013353,2019-07-18,06:55:00,1,Collision with vehicle,4,Thursday,130,REAR END(VEHICLES IN SAME LANE),1,602421,Not at intersection,3,60,Arterial Other,MIDDLEBOROUGH,WHITEHORSE,-37.81272,145.13992,2019,7,July,6,Morning Peak,Weekday
T20190013467,2019-07-19,21:15:00,1,Collision with vehicle,5,Friday,160,VEHICLE COLLIDES WITH VEHICLE PARKED ON LEFT OF ROAD,3,580815,T intersection,2,50,Local Road,KLINE,BALLARAT,-37.571358,143.88483,2019,7,July,21,Night,Weekday
T20190013469,2019-07-19,17:55:00,1,Collision with vehicle,5,Friday,130,REAR END(VEHICLES IN SAME LANE),3,625105,Not at intersection,2,70,Arterial Other,SHRIVES,CASEY,-38.03169,145.29333,2019,7,July,17,Afternoon Peak,Weekday
T20190014673,2019-07-19,13:45:00,1,Collision with vehicle,5,Friday,121,RIGHT THROUGH,1,69644,Cross intersection,3,70,Arterial Other,CLAYTON,KINGSTON,-37.929447,145.11882,2019,7,July,13,Midday,Weekday
T20190013398,2019-07-19,00:06:00,1,Collision with vehicle,5,Friday,160,VEHICLE COLLIDES WITH VEHICLE PARKED ON LEFT OF ROAD,3,586443,T intersection,2,70,Arterial Other,DIAMOND CREEK,BANYULE,-37.692417,145.11308,2019,7,July,0,Late Night,Weekday
T20190017468,2019-07-19,16:12:00,4,Collision with a fixed object,5,Friday,179,OTHER ACCIDENTS-OFF STRAIGHT NOT INCLUDED IN DCAs 170-175,1,602741,Not at intersection,3,40,Local Road,ST GEORGES,STONNINGTON,-37.834393,145.01758,2019,7,July,16,Afternoon Peak,Weekday
T20190013478,2019-07-19,20:50:00,1,Collision with vehicle,5,Friday,159,OTHER OVERTAKING MANOEUVRES NOT INCLUDED IN DCAs 150-154,3,585871,Not at intersection,3,80,Arterial Highway,BURWOOD,WHITEHORSE,-37.858246,145.19539,2019,7,July,20,Night,Weekday
T20190013423,2019-07-19,12:08:00,8,No collision and no object struck,5,Friday,174,OUT OF CONTROL ON CARRIAGEWAY (ON STRAIGHT),1,602728,Not at intersection,2,60,Arterial Highway,PUNT,STONNINGTON,-37.851597,144.98404,2019,7,July,12,Midday,Weekday
T20190013479,2019-07-19,19:30:00,3,Struck animal,5,Friday,167,STRUCK ANIMAL,5,348488,Not at intersection,3,60,Arterial Other,HEALESVILLE-KINGLAKE,YARRA RANGES,-37.62603,145.49843,2019,7,July,19,Night,Weekday
T20190013422,2019-07-19,08:50:00,1,Collision with vehicle,5,Friday,110,CROSS TRAFFIC(INTERSECTIONS ONLY),1,39543,Cross intersection,3,50,Local Road,WALTER,BRIMBANK,-37.736313,144.80588,2019,7,July,8,Morning Peak,Weekday
T20190013481,2019-07-19,20:20:00,1,Collision with vehicle,5,Friday,113,RIGHT NEAR (INTERSECTIONS ONLY),3,42497,T intersection,2,60,Local Road,BUCKINGHAM,DANDENONG,-37.94849,145.15163,2019,7,July,20,Night,Weekday
T20190013482,2019-07-19,21:45:00,2,Struck Pedestrian,5,Friday,102,FAR SIDE. PED HIT BY VEHICLE FROM THE LEFT,3,350923,Not at intersection,2,80,Arterial Highway,PRINCES,DANDENONG,-37.93348,145.15724,2019,7,July,21,Night,Weekday
T20190013565,2019-07-19,16:15:00,1,Collision with vehicle,5,Friday,130,REAR END(VEHICLES IN SAME LANE),1,603213,Not at intersection,2,70,Arterial Other,POUND,CASEY,-38.04758,145.29628,2019,7,July,16,Afternoon Peak,Weekday
T20190013619,2019-07-19,20:07:00,1,Collision with vehicle,5,Friday,160,VEHICLE COLLIDES WITH VEHICLE PARKED ON LEFT OF ROAD,3,360362,Not at intersection,2,50,Local Road,JOYCE,WANGARATTA,-36.377327,146.31009,2019,7,July,20,Night,Weekday
T20190016487,2019-07-19,20:20:00,1,Collision with vehicle,5,Friday,113,RIGHT NEAR (INTERSECTIONS ONLY),3,323852,Cross intersection,3,80,Arterial Other,BERWICK-CRANBOURNE,CASEY,-38.116344,145.30765,2019,7,July,20,Night,Weekday
T20190013683,2019-07-19,22:35:00,1,Collision with vehicle,5,Friday,113,RIGHT NEAR (INTERSECTIONS ONLY),3,38529,T intersection,2,60,Local Road,FAIRBAIRN,BRIMBANK,-37.802082,144.81873,2019,7,July,22,Night,Weekday
T20190013419,2019-07-19,08:26:00,1,Collision with vehicle,5,Friday,121,RIGHT THROUGH,1,42801,Cross intersection,3,60,Arterial Highway,WARRIGAL,KINGSTON,-37.967663,145.07414,2019,7,July,8,Morning Peak,Weekday
T20190013446,2019-07-19,15:45:00,1,Collision with vehicle,5,Friday,130,REAR END(VEHICLES IN SAME LANE),1,350910,Not at intersection,3,40,Arterial Other,NORMAN,BALLARAT,-37.5331,143.8309,2019,7,July,15,Afternoon Peak,Weekday
T20190013418,2019-07-19,09:57:00,1,Collision with vehicle,5,Friday,113,RIGHT NEAR (INTERSECTIONS ONLY),1,293293,Cross intersection,3,70,Arterial Other,DONCASTER,MANNINGHAM,-37.788334,145.10484,2019,7,July,9,Morning Peak,Weekday
T20190013447,2019-07-19,15:34:00,1,Collision with vehicle,5,Friday,120,HEAD ON (NOT OVERTAKING),1,600451,Not at intersection,2,100,Freeway,GEELONG RING,GEELONG,-38.21357,144.26219,2019,7,July,15,Afternoon Peak,Weekday
T20190013568,2019-07-19,15:15:00,1,Collision with vehicle,5,Friday,153,CUTTING IN (OVERTAKING),1,71140,T intersection,3,40,Local Road,CORAL,CASEY,-38.043396,145.27359,2019,7,July,15,Afternoon Peak,Weekday
T20190013896,2019-07-19,13:04:00,1,Collision with vehicle,5,Friday,110,CROSS TRAFFIC(INTERSECTIONS ONLY),1,36400,Cross intersection,3,50,Local Road,CANNING,MELBOURNE,-37.79657,144.97308,2019,7,July,13,Midday,Weekday
T20190013448,2019-07-19,14:30:00,1,Collision with vehicle,5,Friday,110,CROSS TRAFFIC(INTERSECTIONS ONLY),1,38467,Cross intersection,2,50,Local Road,BLAIR,YARRA RANGES,-37.751163,145.33997,2019,7,July,14,Midday,Weekday
T20190013696,2019-07-19,21:00:00,1,Collision with vehicle,5,Friday,113,RIGHT NEAR (INTERSECTIONS ONLY),3,221405,T intersection,3,50,Arterial Other,SYDNEY,HUME,-37.663223,144.9546,2019,7,July,21,Night,Weekday
T20190013451,2019-07-19,00:11:00,1,Collision with vehicle,5,Friday,113,RIGHT NEAR (INTERSECTIONS ONLY),3,602729,T intersection,3,50,Local Road,BARKLY,MARIBYRNONG,-37.79577,144.86275,2019,7,July,0,Late Night,Weekday
T20190013452,2019-07-19,14:48:00,8,No collision and no object struck,5,Friday,170,OFF CARRIAGEWAY TO LEFT,1,109252,Not at intersection,3,60,Arterial Highway,LOWER PLENTY,BANYULE,-37.736168,145.07675,2019,7,July,14,Midday,Weekday
T20190013460,2019-07-19,16:56:00,2,Struck Pedestrian,5,Friday,100,PED NEAR SIDE. PED HIT BY VEHICLE FROM THE RIGHT.,1,241772,Cross intersection,2,60,Arterial Other,BASSETTS,WHITTLESEA,-37.60272,145.11394,2019,7,July,16,Afternoon Peak,Weekday