ACCIDENT_NO,ACCIDENT_DATE,ACCIDENT_TIME,ACCIDENT_TYPE,ACCIDENT_TYPE_DESC,DAY_OF_WEEK,DAY_WEEK_DESC,DCA_CODE,DCA_DESC,LIGHT_CONDITION,NODE_ID,ROAD_GEOMETRY_DESC,SEVERITY,SPEED_ZONE,RMA,ROAD_NAME,LGA_NAME,LATITUDE,LONGITUDE,YEAR,MONTH,MONTH_NAME,HOUR,TIME_PERIOD,DAY_TYPE
T20190013462,2019-07-19,17:05:00,1,Collision with vehicle,5,Friday,120,HEAD ON (NOT OVERTAKING),1,360421,Not at intersection,2,40,Local Road,STATION,YARRA RANGES,-37.78569,145.31226,2019,7,July,17,Afternoon Peak,Weekday
T20190013463,2019-07-19,15:50:00,1,Collision with vehicle,5,Friday,130,REAR END(VEHICLES IN SAME LANE),1,350907,Not at intersection,3,80,Arterial Highway,NORTH,GLEN EIRA,-37.90396,145.04062,2019,7,July,15,Afternoon Peak,Weekday
T20190013464,2019-07-19,18:55:00,2,Struck Pedestrian,5,Friday,103,PED PLAYING/LYING/WORKING/STANDING ON CARRIAGEWAY.,5,592790,Not at intersection,2,60,Arterial Other,BELGRAVE-GEMBROOK,YARRA RANGES,-37.916466,145.40308,2019,7,July,18,Afternoon Peak,Weekday
T20190014856,2019-07-19,16:04:00,2,Struck Pedestrian,5,Friday,102,FAR SIDE. PED HIT BY VEHICLE FROM THE LEFT,1,40594,T intersection,3,40,Arterial Other,KEILOR,MOONEE VALLEY,-37.736027,144.88907,2019,7,July,16,Afternoon Peak,Weekday
T20190013416,2019-07-19,06:30:00,1,Collision with vehicle,5,Friday,121,RIGHT THROUGH,2,356024,Cross intersection,3,60,Arterial Other,DONNYBROOK,HUME,-37.53488,144.89865,2019,7,July,6,Morning Peak,Weekday
T20190013414,2019-07-19,09:03:00,1,Collision with vehicle,5,Friday,134,LANE CHANGE RIGHT (NOT OVERTAKING),1,347975,Multiple intersection,2,50,Local Road,DUERDIN,MONASH,-37.910366,145.14558,2019,7,July,9,Morning Peak,Weekday
T20190013851,2019-07-19,16:30:00,1,Collision with vehicle,5,Friday,130,REAR END(VEHICLES IN SAME LANE),1,156525,Not at intersection,3,80,Arterial Other,PORTARLINGTON,GEELONG,-38.168766,144.42506,2019,7,July,16,Afternoon Peak,Weekday
T20190013443,2019-07-19,15:55:00,1,Collision with vehicle,5,Friday,160,VEHICLE COLLIDES WITH VEHICLE PARKED ON LEFT OF ROAD,1,357667,Not at intersection,2,70,Arterial Other,MITCHAM,MANNINGHAM,-37.79989,145.18251,2019,7,July,15,Afternoon Peak,Weekday
T20190013445,2019-07-19,16:35:00,1,Collision with vehicle,5,Friday,116,LEFT NEAR (INTERSECTIONS ONLY),1,44606,T intersection,3,60,Arterial Other,MAIN,BALLARAT,-37.564983,143.8675,2019,7,July,16,Afternoon Peak,Weekday
T20190013429,2019-07-19,12:20:00,4,Collision with a fixed object,5,Friday,171,LEFT OFF CARRIAGEWAY INTO OBJECT/PARKED VEHICLE,1,600136,Not at intersection,3,50,Local Road,MCPHERSON,MOONEE VALLEY,-37.767113,144.92723,2019,7,July,12,Midday,Weekday
T20190013426,2019-07-19,12:10:00,4,Collision with a fixed object,5,Friday,171,LEFT OFF CARRIAGEWAY INTO OBJECT/PARKED VEHICLE,1,43548,Cross intersection,2,80,Arterial Other,CRANBOURNE-FRANKSTON,FRANKSTON,-38.155277,145.18124,2019,7,July,12,Midday,Weekday
T20190013767,2019-07-19,09:00:00,1,Collision with vehicle,5,Friday,130,REAR END(VEHICLES IN SAME LANE),1,351827,Not at intersection,2,100,Freeway,WESTERN RING,BRIMBANK,-37.80904,144.80794,2019,7,July,9,Morning Peak,Weekday
T20190015343,2019-07-19,11:30:00,1,Collision with vehicle,5,Friday,145,REVERSING IN STREAM OF TRAFFIC,1,360732,Not at intersection,3,50,Local Road,RANKIN,HOBSONS BAY,-37.86879,144.81627,2019,7,July,11,Midday,Weekday
T20190019845,2019-07-19,17:42:00,1,Collision with vehicle,5,Friday,130,REAR END(VEHICLES IN SAME LANE),1,592520,Not at intersection,3,60,Local Road,TAYLORS,MELTON,-37.722385,144.7381,2019,7,July,17,Afternoon Peak,Weekday
T20190014398,2019-07-19,16:23:00,1,Collision with vehicle,5,Friday,130,REAR END(VEHICLES IN SAME LANE),1,359542,Not at intersection,3,70,Arterial Highway,ST GEORGES,DAREBIN,-37.75113,144.99515,2019,7,July,16,Afternoon Peak,Weekday
T20190013411,2019-07-19,08:10:00,1,Collision with vehicle,5,Friday,110,CROSS TRAFFIC(INTERSECTIONS ONLY),1,52950,Cross intersection,3,60,Arterial Other,LA TROBE,BALLARAT,-37.572617,143.83911,2019,7,July,8,Morning Peak,Weekday
T20190013410,2019-07-19,07:00:00,1,Collision with vehicle,5,Friday,135,LANE CHANGE LEFT (NOT OVERTAKING),2,651027,Not at intersection,2,100,Freeway,POUND-SOUTH GIPPSLAND IN,DANDENONG,-38.023487,145.24709,2019,7,July,7,Morning Peak,Weekday
T20190013402,2019-07-19,05:58:00,4,Collision with a fixed object,5,Friday,171,LEFT OFF CARRIAGEWAY INTO OBJECT/PARKED VEHICLE,3,38886,T intersection,3,60,Arterial Other,POWER,BOROONDARA,-37.815067,145.0276,2019,7,July,5,Morning Peak,Weekday
T20190020280,2019-07-19,13:45:00,1,Collision with vehicle,5,Friday,121,RIGHT THROUGH,9,593566,T intersection,3,50,Local Road,CAMERON,BASS COAST,-38.61241,145.58571,2019,7,July,13,Midday,Weekday
T20190014646,2019-07-19,18:30:00,1,Collision with vehicle,5,Friday,130,REAR END(VEHICLES IN SAME LANE),3,602732,Not at intersection,3,40,Arterial Other,DORSET,KNOX,-37.863773,145.28555,2019,7,July,18,Afternoon Peak,Weekday
T20190014083,2019-07-19,12:10:00,1,Collision with vehicle,5,Friday,132,RIGHT REAR.,1,66437,T intersection,3,60,Local Road,HEATHERDALE,MAROONDAH,-37.827755,145.21335,2019,7,July,12,Midday,Weekday
T20190013465,2019-07-19,20:03:00,4,Collision with a fixed object,5,Friday,171,LEFT OFF CARRIAGEWAY INTO OBJECT/PARKED VEHICLE,3,360361,Not at intersection,2,50,Local Road,CRIBBES,WANGARATTA,-36.37847,146.3172,2019,7,July,20,Night,Weekday
T20190020521,2019-07-20,15:11:00,1,Collision with vehicle,6,Saturday,130,REAR END(VEHICLES IN SAME LANE),1,603339,Not at intersection,3,50,Local Road,WANDA,MONASH,-37.920593,145.16463,2019,7,July,15,Afternoon Peak,Weekend
T20190014164,2019-07-20,17:30:00,1,Collision with vehicle,6,Saturday,152,PULLING OUT (OVERTAKING),3,70287,T intersection,2,50,Local Road,GLENEAGLES,CASEY,-37.967308,145.26645,2019,7,July,17,Afternoon Peak,Weekend
T20190013536,2019-07-20,17:20:00,1,Collision with vehicle,6,Saturday,121,RIGHT THROUGH,2,351745,Not at intersection,2,60,Arterial Other,WELLS,KINGSTON,-38.029728,145.13222,2019,7,July,17,Afternoon Peak,Weekend
T20190013712,2019-07-20,10:30:00,1,Collision with vehicle,6,Saturday,130,REAR END(VEHICLES IN SAME LANE),1,351737,Not at intersection,3,60,Arterial Other,GRIEVE,HOBSONS BAY,-37.82549,144.82928,2019,7,July,10,Midday,Weekend
T20190013534,2019-07-20,18:10:00,2,Struck Pedestrian,6,Saturday,102,FAR SIDE. PED HIT BY VEHICLE FROM THE LEFT,3,352670,Not at intersection,2,50,Local Road,SARGOOD,BAYSIDE,-37.94352,145.01088,2019,7,July,18,Afternoon Peak,Weekend
T20190013906,2019-07-20,13:00:00,1,Collision with vehicle,6,Saturday,130,REAR END(VEHICLES IN SAME LANE),1,38112,Cross intersection,3,60,Arterial Other,LIVINGSTONE,BANYULE,-37.766872,145.0335,2019,7,July,13,Midday,Weekend
T20190013570,2019-07-20,09:00:00,1,Collision with vehicle,6,Saturday,110,CROSS TRAFFIC(INTERSECTIONS ONLY),1,50710,Cross intersection,2,60,Arterial Highway,RAGLAN,WARRNAMBOOL,-38.384983,142.4949,2019,7,July,9,Morning Peak,Weekend
T20190013530,2019-07-20,16:36:00,1,Collision with vehicle,6,Saturday,110,CROSS TRAFFIC(INTERSECTIONS ONLY),1,304377,Cross intersection,3,70,Arterial Other,KINGS,BRIMBANK,-37.727463,144.78197,2019,7,July,16,Afternoon Peak,Weekend
T20190013533,2019-07-20,17:20:00,1,Collision with vehicle,6,Saturday,121,RIGHT THROUGH,5,603022,T intersection,2,100,Local Road,SEBASTOPOL-SMYTHESDALE,GOLDEN PLAINS,-37.612926,143.80893,2019,7,July,17,Afternoon Peak,Weekend
T20190013486,2019-07-20,00:50:00,7,Fall from or in moving vehicle,6,Saturday,190,FELL IN/FROM VEHICLE,3,603019,Not at intersection,2,100,Freeway,PENINSULA LINK,MORNINGTON PENINSULA,-38.18785,145.15652,2019,7,July,0,Late Night,Weekend
T20190013532,2019-07-20,11:45:00,1,Collision with vehicle,6,Saturday,113,RIGHT NEAR (INTERSECTIONS ONLY),1,356525,T intersection,3,70,Arterial Other,KEILOR-DERRIMUT,BRIMBANK,-37.75108,144.77794,2019,7,July,11,Midday,Weekend
T20190013550,2019-07-20,20:50:00,1,Collision with vehicle,6,Saturday,121,RIGHT THROUGH,3,234609,Cross intersection,1,70,Arterial Highway,WELLINGTON,MONASH,-37.91615,145.14015,2019,7,July,20,Night,Weekend
T20190013498,2019-07-20,09:00:00,1,Collision with vehicle,6,Saturday,121,RIGHT THROUGH,1,39063,Cross intersection,3,60,Arterial Other,BURKE,BOROONDARA,-37.81037,145.06068,2019,7,July,9,Morning Peak,Weekend
T20190013523,2019-07-20,15:35:00,1,Collision with vehicle,6,Saturday,137,LEFT TURN SIDESWIPE,1,40871,T intersection,3,50,Arterial Other,BORONIA,WHITEHORSE,-37.84068,145.20338,2019,7,July,15,Afternoon Peak,Weekend
T20190013487,2019-07-20,01:25:00,3,Struck animal,6,Saturday,167,STRUCK ANIMAL,5,603020,Not at intersection,2,100,Arterial Other,GLENROWAN,WANGARATTA,-36.390614,146.28247,2019,7,July,1,Late Night,Weekend
T20190013552,2019-07-20,22:30:00,2,Struck Pedestrian,6,Saturday,102,FAR SIDE. PED HIT BY VEHICLE FROM THE LEFT,3,38056,Cross intersection,2,60,Arterial Highway,ALBERT,DAREBIN,-37.747173,145.02182,2019,7,July,22,Night,Weekend
T20190014228,2019-07-20,12:30:00,8,No collision and no object struck,6,Saturday,174,OUT OF CONTROL ON CARRIAGEWAY (ON STRAIGHT),1,595567,Not at intersection,3,30,Local Road,FIRTH,MACEDON RANGES,-37.42323,144.39935,2019,7,July,12,Midday,Weekend
T20190013553,2019-07-20,21:40:00,1,Collision with vehicle,6,Saturday,110,CROSS TRAFFIC(INTERSECTIONS ONLY),3,53013,Cross intersection,2,60,Local Road,SPENCER,BALLARAT,-37.5989,143.83807,2019,7,July,21,Night,Weekend
T20190013593,2019-07-20,15:20:00,8,No collision and no object struck,6,Saturday,174,OUT OF CONTROL ON CARRIAGEWAY (ON STRAIGHT),1,350330,T intersection,3,60,Arterial Other,BORONIA,KNOX,-37.847546,145.22717,2019,7,July,15,Afternoon Peak,Weekend
T20190013490,2019-07-20,02:54:00,4,Collision with a fixed object,6,Saturday,171,LEFT OFF CARRIAGEWAY INTO OBJECT/PARKED VEHICLE,3,579962,Not at intersection,2,60,Local Road,KING,DANDENONG,-37.98359,145.22078,2019,7,July,2,Late Night,Weekend
T20190013485,2019-07-20,01:30:00,6,Vehicle overturned (no collision),6,Saturday,182,OFF CARRIAGEWAY ON LEFT BEND,5,661045,Not at intersection,3,100,Local Road,TINAMBA-NEWRY,WELLINGTON,-37.947205,146.88094,2019,7,July,1,Late Night,Weekend
T20190013483,2019-07-20,00:42:00,8,No collision and no object struck,6,Saturday,199,UNKNOWN-NO DETAILS ON MANOEUVRES OF ROAD-USERS IN ACCIDENT,3,590983,Unknown,2,50,Local Road,GONA,LATROBE,-38.235004,146.42273,2019,7,July,0,Late Night,Weekend
T20190013497,2019-07-20,08:40:00,4,Collision with a fixed object,6,Saturday,183,OFF LEFT BEND INTO OBJECT/PARKED VEHICLE,1,617292,Not at intersection,2,100,Arterial Other,LAVERS HILL-COBDEN,CORANGAMITE,-38.42193,143.17087,2019,7,July,8,Morning Peak,Weekend
T20190013519,2019-07-20,13:21:00,1,Collision with vehicle,6,Saturday,131,LEFT REAR,1,360386,Not at intersection,3,80,Arterial Highway,BURWOOD,KNOX,-37.886948,145.2857,2019,7,July,13,Midday,Weekend
T20190013543,2019-07-20,14:47:00,1,Collision with vehicle,6,Saturday,121,RIGHT THROUGH,1,45517,Cross intersection,3,80,Arterial Other,MELTON,MELTON,-37.68716,144.69717,2019,7,July,14,Midday,Weekend
T20190013496,2019-07-20,09:00:00,1,Collision with vehicle,6,Saturday,121,RIGHT THROUGH,1,1197,Cross intersection,2,100,Arterial Other,QUEENSCLIFF,GEELONG,-38.152607,144.6492,2019,7,July,9,Morning Peak,Weekend
T20190013544,2019-07-20,19:25:00,1,Collision with vehicle,6,Saturday,110,CROSS TRAFFIC(INTERSECTIONS ONLY),3,16781,Cross intersection,2,60,Arterial Highway,MURRAY,COLAC OTWAY,-38.33739,143.57184,2019,7,July,19,Night,Weekend
T20190013491,2019-07-20,04:30:00,1,Collision with vehicle,6,Saturday,130,REAR END(VEHICLES IN SAME LANE),3,627024,Not at intersection,3,80,Freeway,MONASH,STONNINGTON,-37.840218,145.03908,2019,7,July,4,Late Night,Weekend
T20190013766,2019-07-20,02:00:00,2,Struck Pedestrian,6,Saturday,194,PARKED CAR RUN AWAY,3,351826,Not at intersection,3,50,Local Road,DEWRANG,WHITEHORSE,-37.81722,145.1416,2019,7,July,2,Late Night,Weekend
T20190014157,2019-07-20,19:02:00,1,Collision with vehicle,6,Saturday,130,REAR END(VEHICLES IN SAME LANE),9,358423,Not at intersection,3,80,Freeway,SPRINGVALE-EASTERN IN,WHITEHORSE,-37.804375,145.1757,2019,7,July,19,Night,Weekend
T20190013504,2019-07-20,10:30:00,4,Collision with a fixed object,6,Saturday,173,RIGHT OFF CARRIAGEWAY INTO OBJECT/PARKED VEHICLE,1,348499,Not at intersection,3,50,Local Road,HARTINGTON,DAREBIN,-37.77134,144.99406,2019,7,July,10,Midday,Weekend
T20190013554,2019-07-20,02:05:00,1,Collision with vehicle,6,Saturday,110,CROSS TRAFFIC(INTERSECTIONS ONLY),3,29646,Cross intersection,3,60,Arterial Other,NEERIM,GLEN EIRA,-37.88727,145.04613,2019,7,July,2,Late Night,Weekend
T20190013527,2019-07-20,16:51:00,1,Collision with vehicle,6,Saturday,119,OTHER ADJACENT (INTERSECTIONS ONLY),1,665344,T intersection,3,60,Local Road,COSGROVE,MOORABOOL,-37.687702,144.41318,2019,7,July,16,Afternoon Peak,Weekend
T20190013549,2019-07-20,18:00:00,1,Collision with vehicle,6,Saturday,147,VEHICLE STRIKES ANOTHER VEH WHILE EMERGING FROM DRIVEWAY,3,360481,Not at intersection,2,70,Arterial Highway,SPRINGVALE,MONASH,-37.88745,145.1644,2019,7,July,18,Afternoon Peak,Weekend
T20190013558,2019-07-20,22:57:00,2,Struck Pedestrian,6,Saturday,104,PED WALKING WITH TRAFFIC,5,589465,Not at intersection,2,60,Arterial Other,MONBULK,YARRA RANGES,-37.899597,145.35686,2019,7,July,22,Night,Weekend
T20190013514,2019-07-20,12:00:00,1,Collision with vehicle,6,Saturday,121,RIGHT THROUGH,1,46060,T intersection,3,80,Arterial Highway,STUD,KNOX,-37.8731,145.23286,2019,7,July,12,Midday,Weekend
T20190014602,2019-07-20,12:45:00,1,Collision with vehicle,6,Saturday,152,PULLING OUT (OVERTAKING),1,58115,Cross intersection,3,50,Arterial Highway,MAIN,MILDURA,-34.181557,142.05856,2019,7,July,12,Midday,Weekend
T20190013517,2019-07-20,14:45:00,2,Struck Pedestrian,6,Saturday,100,PED NEAR SIDE. PED HIT BY VEHICLE FROM THE RIGHT.,1,348496,Not at intersection,2,50,Local Road,MILLS,PORT PHILLIP,-37.845688,144.95895,2019,7,July,14,Midday,Weekend
T20190013546,2019-07-20,16:41:00,1,Collision with vehicle,6,Saturday,152,PULLING OUT (OVERTAKING),1,44185,T intersection,1,80,Local Road,EDWARD,YARRA RANGES,-37.736553,145.32028,2019,7,July,16,Afternoon Peak,Weekend
T20190013626,2019-07-20,10:50:00,1,Collision with vehicle,6,Saturday,130,REAR END(VEHICLES IN SAME LANE),1,1185,Multiple intersection,3,60,Arterial Other,MT PLEASANT ROAD -ROBERTS,GEELONG,-38.168617,144.33086,2019,7,July,10,Midday,Weekend
T20190013632,2019-07-20,20:45:00,1,Collision with vehicle,6,Saturday,130,REAR END(VEHICLES IN SAME LANE),3,29947,Cross intersection,3,50,Arterial Other,RYRIE,GEELONG,-38.15294,144.37234,2019,7,July,20,Night,Weekend
T20190013541,2019-07-20,17:00:00,1,Collision with vehicle,6,Saturday,113,RIGHT NEAR (INTERSECTIONS ONLY),1,50403,T intersection,2,100,Arterial Highway,BASS,BASS COAST,-38.472202,145.47481,2019,7,July,17,Afternoon Peak,Weekend
T20190013600,2019-07-20,18:30:00,1,Collision with vehicle,6,Saturday,120,HEAD ON (NOT OVERTAKING),5,606807,Not at intersection,2,100,Arterial Other,GEMBROOK-LAUNCHING PLACE,CARDINIA,-37.920113,145.56364,2019,7,July,18,Afternoon Peak,Weekend
T20190013731,2019-07-20,07:31:00,1,Collision with vehicle,6,Saturday,135,LANE CHANGE LEFT (NOT OVERTAKING),1,37610,Cross intersection,3,40,Arterial Highway,PUNT,STONNINGTON,-37.83832,144.98653,2019,7,July,7,Morning Peak,Weekend
T20190013506,2019-07-20,10:30:00,1,Collision with vehicle,6,Saturday,130,REAR END(VEHICLES IN SAME LANE),1,350015,Not at intersection,2,60,Arterial Highway,ABERDEEN,GEELONG,-38.14648,144.3448,2019,7,July,10,Midday,Weekend
T20190013501,2019-07-20,08:49:00,1,Collision with vehicle,6,Saturday,113,RIGHT NEAR (INTERSECTIONS ONLY),1,47516,Cross intersection,2,60,Local Road,ERNST WANKE,CASEY,-37.99592,145.30682,2019,7,July,8,Morning Peak,Weekend
T20190013664,2019-07-20,08:50:00,1,Collision with vehicle,6,Saturday,131,LEFT REAR,1,36219,T intersection,3,80,Arterial Other,FRANKSTON-FLINDERS,MORNINGTON PENINSULA,-38.20554,145.16287,2019,7,July,8,Morning Peak,Weekend
T20190013508,2019-07-20,09:45:00,1,Collision with vehicle,6,Saturday,113,RIGHT NEAR (INTERSECTIONS ONLY),1,603021,T intersection,2,100,Arterial Highway,MIDLAND,SHEPPARTON,-36.41742,145.70804,2019,7,July,9,Morning Peak,Weekend
T20190013571,2019-07-21,06:40:00,3,Struck animal,7,Sunday,167,STRUCK ANIMAL,2,581635,Not at intersection,3,100,Local Road,NORDENS,WELLINGTON,-37.959324,147.00827,2019,7,July,6,Morning Peak,Weekend
T20190014834,2019-07-21,12:20:00,1,Collision with vehicle,7,Sunday,110,CROSS TRAFFIC(INTERSECTIONS ONLY),1,37842,Cross intersection,3,60,Local Road,GILBERT,DAREBIN,-37.74863,144.98837,2019,7,July,12,Midday,Weekend
T20190013607,2019-07-21,22:50:00,1,Collision with vehicle,7,Sunday,160,VEHICLE COLLIDES WITH VEHICLE PARKED ON LEFT OF ROAD,3,351739,Not at intersection,2,40,Local Road,GLADESVILLE,KINGSTON,-38.06988,145.14586,2019,7,July,22,Night,Weekend
T20190013569,2019-07-21,07:40:00,1,Collision with vehicle,7,Sunday,120,HEAD ON (NOT OVERTAKING),1,351828,Not at intersection,2,60,Arterial Other,NICHOLSON,MORELAND,-37.75369,144.97597,2019,7,July,7,Morning Peak,Weekend
T20190013928,2019-07-21,11:00:00,1,Collision with vehicle,7,Sunday,121,RIGHT THROUGH,1,37317,T intersection,3,50,Arterial Other,BURNLEY,YARRA,-37.814613,145.0092,2019,7,July,11,Midday,Weekend
T20190013860,2019-07-21,13:30:00,1,Collision with vehicle,7,Sunday,140,U TURN,1,590241,Not at intersection,3,60,Arterial Other,GRETA,WANGARATTA,-36.37616,146.30818,2019,7,July,13,Midday,Weekend
T20190013605,2019-07-21,18:00:00,1,Collision with vehicle,7,Sunday,135,LANE CHANGE LEFT (NOT OVERTAKING),3,728865,Not at intersection,3,100,Freeway,WESTERN RING,BRIMBANK,-37.711807,144.88077,2019,7,July,18,Afternoon Peak,Weekend
T20190013695,2019-07-21,11:30:00,1,Collision with vehicle,7,Sunday,130,REAR END(VEHICLES IN SAME LANE),1,603318,Cross intersection,3,80,Local Road,STUMPY GULLY,MORNINGTON PENINSULA,-38.284756,145.1272,2019,7,July,11,Midday,Weekend
T20190013561,2019-07-21,01:10:00,2,Struck Pedestrian,7,Sunday,100,PED NEAR SIDE. PED HIT BY VEHICLE FROM THE RIGHT.,3,585873,T intersection,2,40,Local Road,SMITH,YARRA,-37.8049,144.98325,2019,7,July,1,Late Night,Weekend
T20190013592,2019-07-21,16:25:00,1,Collision with vehicle,7,Sunday,121,RIGHT THROUGH,1,50375,T intersection,2,80,Arterial Other,CORINELLA,BASS COAST,-38.42468,145.44894,2019,7,July,16,Afternoon Peak,Weekend
T20190013599,2019-07-21,19:30:00,1,Collision with vehicle,7,Sunday,130,REAR END(VEHICLES IN SAME LANE),3,590724,Not at intersection,3,100,Freeway,WESTERN RING,BRIMBANK,-37.715767,144.87526,2019,7,July,19,Night,Weekend
T20190013563,2019-07-21,05:35:00,4,Collision with a fixed object,7,Sunday,171,LEFT OFF CARRIAGEWAY INTO OBJECT/PARKED VEHICLE,3,592259,T intersection,3,80,Arterial Other,FRANKSTON-FLINDERS,MORNINGTON PENINSULA,-38.32919,145.1829,2019,7,July,5,Morning Peak,Weekend
T20190013582,2019-07-21,11:40:00,4,Collision with a fixed object,7,Sunday,171,LEFT OFF CARRIAGEWAY INTO OBJECT/PARKED VEHICLE,1,598187,Not at intersection,3,100,Arterial Other,ECHUCA,SHEPPARTON,-36.271717,145.21202,2019,7,July,11,Midday,Weekend
T20190013603,2019-07-21,16:45:00,6,Vehicle overturned (no collision),7,Sunday,184,OUT OF CONTROL ON CARRIAGEWAY (ON BEND),1,350010,Not at intersection,2,60,Arterial Other,ELTHAM-YARRA GLEN,NILLUMBIK,-37.650978,145.31606,2019,7,July,16,Afternoon Peak,Weekend
T20190013604,2019-07-21,15:15:00,1,Collision with vehicle,7,Sunday,113,RIGHT NEAR (INTERSECTIONS ONLY),1,29707,T intersection,2,60,Local Road,LIEGE,DANDENONG,-37.97584,145.18895,2019,7,July,15,Afternoon Peak,Weekend
T20190013591,2019-07-21,13:45:00,1,Collision with vehicle,7,Sunday,110,CROSS TRAFFIC(INTERSECTIONS ONLY),1,50322,Cross intersection,2,80,Arterial Other,WINCHELSEA-DEANS MARSH,SURF COAST,-38.299526,143.98071,2019,7,July,13,Midday,Weekend
T20190013606,2019-07-21,03:25:00,9,Other accident,7,Sunday,174,OUT OF CONTROL ON CARRIAGEWAY (ON STRAIGHT),3,47980,Cross intersection,3,60,Local Road,BRIDGEWATER,MELTON,-37.74659,144.73555,2019,7,July,3,Late Night,Weekend
T20190016587,2019-07-21,17:51:00,1,Collision with vehicle,7,Sunday,160,VEHICLE COLLIDES WITH VEHICLE PARKED ON LEFT OF ROAD,3,649530,Not at intersection,3,70,Arterial Other,SYDNEY,MORELAND,-37.695927,144.95897,2019,7,July,17,Afternoon Peak,Weekend
T20190013586,2019-07-21,14:00:00,1,Collision with vehicle,7,Sunday,110,CROSS TRAFFIC(INTERSECTIONS ONLY),1,52293,Cross intersection,3,100,Arterial Other,HAZELWOOD,LATROBE,-38.271217,146.46991,2019,7,July,14,Midday,Weekend
T20190013566,2019-07-21,05:15:00,1,Collision with vehicle,7,Sunday,137,LEFT TURN SIDESWIPE,3,29386,Cross intersection,3,60,Arterial Other,MACARTHUR,MELBOURNE,-37.78988,144.95876,2019,7,July,5,Morning Peak,Weekend
T20190013585,2019-07-21,11:15:00,1,Collision with vehicle,7,Sunday,130,REAR END(VEHICLES IN SAME LANE),1,350925,Not at intersection,2,80,Local Road,GLENFERN,YARRA RANGES,-37.90937,145.3096,2019,7,July,11,Midday,Weekend
T20190013574,2019-07-21,10:37:00,1,Collision with vehicle,7,Sunday,132,RIGHT REAR.,1,603317,T intersection,2,60,Arterial Other,JACKSONS,MONASH,-37.92319,145.19548,2019,7,July,10,Midday,Weekend
T20190013589,2019-07-21,15:00:00,1,Collision with vehicle,7,Sunday,132,RIGHT REAR.,1,29495,Cross intersection,3,60,Arterial Other,PLENTY,DAREBIN,-37.74315,145.00812,2019,7,July,15,Afternoon Peak,Weekend
T20190013675,2019-07-21,22:57:00,1,Collision with vehicle,7,Sunday,120,HEAD ON (NOT OVERTAKING),3,661119,T intersection,2,50,Local Road,MANNINGHAM,MELBOURNE,-37.78433,144.94159,2019,7,July,22,Night,Weekend
T20190014436,2019-07-21,16:45:00,8,No collision and no object struck,7,Sunday,170,OFF CARRIAGEWAY TO LEFT,1,360340,Not at intersection,2,50,Local Road,THE PROMENADE,CASEY,-38.069027,145.31044,2019,7,July,16,Afternoon Peak,Weekend
T20190013581,2019-07-21,11:10:00,1,Collision with vehicle,7,Sunday,136,RIGHT TURN SIDESWIPE,1,589723,Not at intersection,2,100,Local Road,BANGERANG,CAMPASPE,-36.12434,144.80801,2019,7,July,11,Midday,Weekend
T20190013614,2019-07-21,16:06:00,4,Collision with a fixed object,7,Sunday,173,RIGHT OFF CARRIAGEWAY INTO OBJECT/PARKED VEHICLE,1,583553,Not at intersection,1,100,Arterial Highway,GOULBURN VALLEY,SHEPPARTON,-36.487576,145.38878,2019,7,July,16,Afternoon Peak,Weekend
T20190013636,2019-07-22,08:15:00,2,Struck Pedestrian,1,Monday,102,FAR SIDE. PED HIT BY VEHICLE FROM THE LEFT,1,588963,Not at intersection,2,50,Local Road,POWER,CASEY,-37.987553,145.23944,2019,7,July,8,Morning Peak,Weekday
T20190016393,2019-07-22,09:15:00,1,Collision with vehicle,1,Monday,151,OUT OF CONTROL (OVERTAKING),1,581396,Not at intersection,3,100,Freeway,EASTERN,BOROONDARA,-37.79087,145.04446,2019,7,July,9,Morning Peak,Weekday
T20190013641,2019-07-22,08:36:00,2,Struck Pedestrian,1,Monday,103,PED PLAYING/LYING/WORKING/STANDING ON CARRIAGEWAY.,1,602117,T intersection,3,40,Local Road,RIGGALL,HUME,-37.675594,144.92639,2019,7,July,8,Morning Peak,Weekday
T20190021326,2019-07-22,15:30:00,1,Collision with vehicle,1,Monday,130,REAR END(VEHICLES IN SAME LANE),1,298577,Not at intersection,3,60,Arterial Other,PRINCES,CARDINIA,-38.068867,145.47144,2019,7,July,15,Afternoon Peak,Weekday
T20190023907,2019-07-22,03:30:00,1,Collision with vehicle,1,Monday,110,CROSS TRAFFIC(INTERSECTIONS ONLY),6,580839,Cross intersection,2,80,Arterial Highway,THOMPSONS,CASEY,-38.082108,145.27649,2019,7,July,3,Late Night,Weekday
T20190013833,2019-07-22,05:50:00,1,Collision with vehicle,1,Monday,135,LANE CHANGE LEFT (NOT OVERTAKING),9,360355,Not at intersection,3,100,Freeway,MONASH,CASEY,-37.997124,145.27122,2019,7,July,5,Morning Peak,Weekday
T20190025653,2019-07-22,08:30:00,1,Collision with vehicle,1,Monday,130,REAR END(VEHICLES IN SAME LANE),1,611051,Not at intersection,3,60,Arterial Other,HULL,YARRA RANGES,-37.786385,145.31883,2019,7,July,8,Morning Peak,Weekday
T20200002363,2019-07-22,12:20:00,1,Collision with vehicle,1,Monday,135,LANE CHANGE LEFT (NOT OVERTAKING),1,639992,Not at intersection,3,60,Arterial Highway,PRINCES HIGHWAY,PORT PHILLIP,-37.83,144.96423,2019,7,July,12,Midday,Weekday
T20190014217,2019-07-22,18:35:00,1,Collision with vehicle,1,Monday,113,RIGHT NEAR (INTERSECTIONS ONLY),3,41700,T intersection,3,60,Arterial Other,CLAYTON,MONASH,-37.918144,145.12108,2019,7,July,18,Afternoon Peak,Weekday