ACCIDENT_NO,ACCIDENT_DATE,ACCIDENT_TIME,ACCIDENT_TYPE,ACCIDENT_TYPE_DESC,DAY_OF_WEEK,DAY_WEEK_DESC,DCA_CODE,DCA_DESC,LIGHT_CONDITION,NODE_ID,ROAD_GEOMETRY_DESC,SEVERITY,SPEED_ZONE,RMA,ROAD_NAME,LGA_NAME,LATITUDE,LONGITUDE,YEAR,MONTH,MONTH_NAME,HOUR,TIME_PERIOD,DAY_TYPE
T20190015315,2019-07-22,12:45:00,1,Collision with vehicle,1,Monday,131,LEFT REAR,1,577831,T intersection,3,40,Arterial Other,UNNAMED,MELTON,-37.68958,144.6052,2019,7,July,12,Midday,Weekday
T20190013647,2019-07-22,11:50:00,1,Collision with vehicle,1,Monday,110,CROSS TRAFFIC(INTERSECTIONS ONLY),1,40025,Cross intersection,3,50,Local Road,CECIL,HOBSONS BAY,-37.86529,144.90442,2019,7,July,11,Midday,Weekday
T20190013610,2019-07-22,01:20:00,4,Collision with a fixed object,1,Monday,183,OFF LEFT BEND INTO OBJECT/PARKED VEHICLE,3,579963,Not at intersection,2,60,Local Road,STATION,KINGSTON,-38.011948,145.0914,2019,7,July,1,Late Night,Weekday
T20190013616,2019-07-22,06:55:00,1,Collision with vehicle,1,Monday,121,RIGHT THROUGH,2,603609,T intersection,3,50,Arterial Other,WESTGARTH,DAREBIN,-37.783077,145.01314,2019,7,July,6,Morning Peak,Weekday
T20190013612,2019-07-22,05:30:00,1,Collision with vehicle,1,Monday,120,HEAD ON (NOT OVERTAKING),3,42525,T intersection,2,50,Arterial Highway,SPRINGVALE,DANDENONG,-37.940804,145.15436,2019,7,July,5,Morning Peak,Weekday
T20190017469,2019-07-22,15:30:00,1,Collision with vehicle,1,Monday,130,REAR END(VEHICLES IN SAME LANE),1,588432,Not at intersection,2,60,Arterial Highway,WARRIGAL,MONASH,-37.882206,145.09041,2019,7,July,15,Afternoon Peak,Weekday
T20190013613,2019-07-22,06:20:00,1,Collision with vehicle,1,Monday,121,RIGHT THROUGH,3,259449,Cross intersection,2,60,Local Road,HAMMOND,DANDENONG,-38.005997,145.2073,2019,7,July,6,Morning Peak,Weekday
T20190013622,2019-07-22,09:37:00,1,Collision with vehicle,1,Monday,163,VEHICLE STRIKES DOOR OF PARKED/STATIONARY VEHICLE,1,353563,Not at intersection,3,60,Local Road,GISBORNE,MELBOURNE,-37.80887,144.97577,2019,7,July,9,Morning Peak,Weekday
T20190013693,2019-07-22,16:15:00,1,Collision with vehicle,1,Monday,133,LANE SIDE SWIPE (VEHICLES IN PARALLEL LANES),1,350920,Not at intersection,3,60,Arterial Highway,BELL,DAREBIN,-37.743973,144.99,2019,7,July,16,Afternoon Peak,Weekday
T20190013625,2019-07-22,07:20:00,1,Collision with vehicle,1,Monday,110,CROSS TRAFFIC(INTERSECTIONS ONLY),1,47678,Cross intersection,2,80,Arterial Highway,NEPEAN,MORNINGTON PENINSULA,-38.235332,145.03748,2019,7,July,7,Morning Peak,Weekday
T20190013680,2019-07-22,13:55:00,1,Collision with vehicle,1,Monday,133,LANE SIDE SWIPE (VEHICLES IN PARALLEL LANES),1,352663,Not at intersection,2,60,Arterial Other,LANSDOWNE,MELBOURNE,-37.80894,144.97849,2019,7,July,13,Midday,Weekday
T20190013704,2019-07-22,16:00:00,1,Collision with vehicle,1,Monday,136,RIGHT TURN SIDESWIPE,1,586150,Not at intersection,2,50,Local Road,CASTRO,BRIMBANK,-37.791344,144.77316,2019,7,July,16,Afternoon Peak,Weekday
T20190013669,2019-07-22,21:30:00,1,Collision with vehicle,1,Monday,121,RIGHT THROUGH,3,56722,T intersection,3,70,Arterial Other,COOPER,WHITTLESEA,-37.64878,144.99466,2019,7,July,21,Night,Weekday
T20190013627,2019-07-22,08:30:00,1,Collision with vehicle,1,Monday,130,REAR END(VEHICLES IN SAME LANE),1,354395,Not at intersection,3,70,Arterial Other,GREEN GULLY,BRIMBANK,-37.718422,144.82788,2019,7,July,8,Morning Peak,Weekday
T20190013659,2019-07-22,16:30:00,1,Collision with vehicle,1,Monday,130,REAR END(VEHICLES IN SAME LANE),1,360365,Not at intersection,2,100,Freeway,WESTERN RING,WYNDHAM,-37.8219,144.81068,2019,7,July,16,Afternoon Peak,Weekday
T20190013658,2019-07-22,16:17:00,2,Struck Pedestrian,1,Monday,102,FAR SIDE. PED HIT BY VEHICLE FROM THE LEFT,1,221693,Cross intersection,1,80,Freeway,RINGWOOD,MAROONDAH,-37.810623,145.22731,2019,7,July,16,Afternoon Peak,Weekday
T20190013656,2019-07-22,15:42:00,1,Collision with vehicle,1,Monday,130,REAR END(VEHICLES IN SAME LANE),1,352277,Cross intersection,3,40,Arterial Other,BERWICK-CRANBOURNE,CASEY,-38.08899,145.33292,2019,7,July,15,Afternoon Peak,Weekday
T20190013954,2019-07-22,14:07:00,1,Collision with vehicle,1,Monday,121,RIGHT THROUGH,1,289741,Not at intersection,3,40,Arterial Other,CHURCH,YARRA,-37.82243,144.9985,2019,7,July,14,Midday,Weekday
T20190013652,2019-07-22,16:00:00,4,Collision with a fixed object,1,Monday,175,OFF END OF ROAD/T-INTERSECTION.,1,649699,T intersection,2,60,Local Road,BORONIA,MELTON,-37.702057,144.7346,2019,7,July,16,Afternoon Peak,Weekday
T20190013635,2019-07-22,11:31:00,1,Collision with vehicle,1,Monday,121,RIGHT THROUGH,1,52621,Cross intersection,3,40,Local Road,FIREBRACE,HORSHAM,-36.71784,142.19974,2019,7,July,11,Midday,Weekday
T20190013650,2019-07-22,17:00:00,1,Collision with vehicle,1,Monday,130,REAR END(VEHICLES IN SAME LANE),1,42358,T intersection,3,60,Arterial Other,CENTRE,KINGSTON,-37.926754,145.10452,2019,7,July,17,Afternoon Peak,Weekday
T20190014101,2019-07-22,08:29:00,1,Collision with vehicle,1,Monday,136,RIGHT TURN SIDESWIPE,1,36889,Cross intersection,3,40,Local Road,COLLINS,MELBOURNE,-37.816933,144.96158,2019,7,July,8,Morning Peak,Weekday
T20190013711,2019-07-23,12:28:00,1,Collision with vehicle,2,Tuesday,113,RIGHT NEAR (INTERSECTIONS ONLY),1,281176,T intersection,2,60,Freeway,CHANDLER,BOROONDARA,-37.78985,145.02643,2019,7,July,12,Midday,Weekday
T20190013715,2019-07-23,08:15:00,1,Collision with vehicle,2,Tuesday,130,REAR END(VEHICLES IN SAME LANE),1,350930,Not at intersection,3,100,Arterial Highway,DANDENONG-HASTINGS,DANDENONG,-38.06334,145.2421,2019,7,July,8,Morning Peak,Weekday
T20190013719,2019-07-23,12:41:00,7,Fall from or in moving vehicle,2,Tuesday,190,FELL IN/FROM VEHICLE,1,360407,Not at intersection,2,100,Local Road,LUCKMANS,WELLINGTON,-37.842552,146.92664,2019,7,July,12,Midday,Weekday
T20190013723,2019-07-23,14:35:00,1,Collision with vehicle,2,Tuesday,110,CROSS TRAFFIC(INTERSECTIONS ONLY),1,51433,Cross intersection,2,80,Arterial Other,HENDERSON,CAMPASPE,-36.254784,144.94818,2019,7,July,14,Midday,Weekday
T20190013727,2019-07-23,15:16:00,1,Collision with vehicle,2,Tuesday,120,HEAD ON (NOT OVERTAKING),1,579965,Not at intersection,2,80,Local Road,RACECOURSE,HUME,-37.563618,144.73294,2019,7,July,15,Afternoon Peak,Weekday
T20190013728,2019-07-23,15:45:00,1,Collision with vehicle,2,Tuesday,130,REAR END(VEHICLES IN SAME LANE),1,603888,Not at intersection,3,40,Arterial Highway,WARRIGAL,MONASH,-37.901974,145.0865,2019,7,July,15,Afternoon Peak,Weekday
T20190013795,2019-07-23,16:15:00,1,Collision with vehicle,2,Tuesday,130,REAR END(VEHICLES IN SAME LANE),9,603890,Not at intersection,3,80,Freeway,CALDER,BRIMBANK,-37.715324,144.83533,2019,7,July,16,Afternoon Peak,Weekday
T20190013729,2019-07-23,16:10:00,1,Collision with vehicle,2,Tuesday,110,CROSS TRAFFIC(INTERSECTIONS ONLY),2,59800,Cross intersection,2,100,Arterial Highway,WIMMERA,HORSHAM,-36.738983,142.04504,2019,7,July,16,Afternoon Peak,Weekday
T20190013732,2019-07-23,16:10:00,4,Collision with a fixed object,2,Tuesday,183,OFF LEFT BEND INTO OBJECT/PARKED VEHICLE,2,582542,Not at intersection,2,60,Local Road,SOBEYS,GOLDEN PLAINS,-37.657444,143.77394,2019,7,July,16,Afternoon Peak,Weekday
T20190013803,2019-07-23,16:44:00,1,Collision with vehicle,2,Tuesday,160,VEHICLE COLLIDES WITH VEHICLE PARKED ON LEFT OF ROAD,1,356034,Not at intersection,2,60,Local Road,WIDFORD,MORELAND,-37.70258,144.92365,2019,7,July,16,Afternoon Peak,Weekday
T20190013964,2019-07-23,18:17:00,1,Collision with vehicle,2,Tuesday,133,LANE SIDE SWIPE (VEHICLES IN PARALLEL LANES),3,589466,Cross intersection,3,60,Arterial Other,PASCOE VALE,MOONEE VALLEY,-37.730064,144.9239,2019,7,July,18,Afternoon Peak,Weekday
T20190013736,2019-07-23,18:45:00,2,Struck Pedestrian,2,Tuesday,102,FAR SIDE. PED HIT BY VEHICLE FROM THE LEFT,3,607497,T intersection,2,60,Local Road,COTTRELL,WYNDHAM,-37.898464,144.6584,2019,7,July,18,Afternoon Peak,Weekday
T20190013737,2019-07-23,16:20:00,2,Struck Pedestrian,2,Tuesday,102,FAR SIDE. PED HIT BY VEHICLE FROM THE LEFT,1,603889,Not at intersection,3,50,Local Road,ISABELLA,WYNDHAM,-37.83819,144.65364,2019,7,July,16,Afternoon Peak,Weekday
T20190013698,2019-07-23,10:40:00,1,Collision with vehicle,2,Tuesday,130,REAR END(VEHICLES IN SAME LANE),1,358417,Not at intersection,3,60,Arterial Other,MELVILLE,MORELAND,-37.76429,144.94386,2019,7,July,10,Midday,Weekday
T20190013734,2019-07-23,18:40:00,2,Struck Pedestrian,2,Tuesday,102,FAR SIDE. PED HIT BY VEHICLE FROM THE LEFT,3,579683,Not at intersection,2,60,Arterial Other,WATTLETREE,NILLUMBIK,-37.688988,145.14261,2019,7,July,18,Afternoon Peak,Weekday
T20190013847,2019-07-23,17:00:00,1,Collision with vehicle,2,Tuesday,130,REAR END(VEHICLES IN SAME LANE),1,359004,Not at intersection,3,80,Arterial Highway,NEPEAN,KINGSTON,-37.99622,145.08356,2019,7,July,17,Afternoon Peak,Weekday
T20190013743,2019-07-23,18:05:00,1,Collision with vehicle,2,Tuesday,110,CROSS TRAFFIC(INTERSECTIONS ONLY),5,71751,Cross intersection,2,50,Local Road,QUAMBY,GEELONG,-38.12476,144.33566,2019,7,July,18,Afternoon Peak,Weekday
T20190013744,2019-07-23,18:30:00,1,Collision with vehicle,2,Tuesday,169,OTHER ON PATH,3,584247,Not at intersection,3,50,Local Road,ARMSTRONG,HOBSONS BAY,-37.860622,144.77156,2019,7,July,18,Afternoon Peak,Weekday
T20190013746,2019-07-23,18:30:00,2,Struck Pedestrian,2,Tuesday,102,FAR SIDE. PED HIT BY VEHICLE FROM THE LEFT,3,623224,Cross intersection,2,50,Local Road,COPPIN,YARRA,-37.819145,145.00378,2019,7,July,18,Afternoon Peak,Weekday
T20190016295,2019-07-23,14:22:00,1,Collision with vehicle,2,Tuesday,121,RIGHT THROUGH,1,222100,T intersection,3,80,Freeway,GREENSBOROUGH,BANYULE,-37.695217,145.0923,2019,7,July,14,Midday,Weekday
T20190013859,2019-07-23,11:39:00,1,Collision with vehicle,2,Tuesday,130,REAR END(VEHICLES IN SAME LANE),1,353559,Cross intersection,3,80,Arterial Highway,PRINCES,DANDENONG,-38.003372,145.24911,2019,7,July,11,Midday,Weekday
T20190013691,2019-07-23,07:52:00,8,No collision and no object struck,2,Tuesday,182,OFF CARRIAGEWAY ON LEFT BEND,1,350921,Cross intersection,3,60,Local Road,WILLIAM,MELBOURNE,-37.820107,144.96053,2019,7,July,7,Morning Peak,Weekday
T20190013688,2019-07-23,08:15:00,2,Struck Pedestrian,2,Tuesday,102,FAR SIDE. PED HIT BY VEHICLE FROM THE LEFT,1,29746,Cross intersection,2,80,Arterial Highway,PRINCES,CASEY,-38.025246,145.3053,2019,7,July,8,Morning Peak,Weekday
T20190013687,2019-07-23,07:52:00,1,Collision with vehicle,2,Tuesday,153,CUTTING IN (OVERTAKING),1,581636,Not at intersection,3,60,Arterial Other,WILLIAMS,STONNINGTON,-37.840794,145.00465,2019,7,July,7,Morning Peak,Weekday
T20190013685,2019-07-23,07:11:00,4,Collision with a fixed object,2,Tuesday,171,LEFT OFF CARRIAGEWAY INTO OBJECT/PARKED VEHICLE,1,117657,Not at intersection,3,40,Arterial Other,LOWER HEIDELBERG,BANYULE,-37.77163,145.06184,2019,7,July,7,Morning Peak,Weekday
T20190014153,2019-07-23,18:00:00,1,Collision with vehicle,2,Tuesday,113,RIGHT NEAR (INTERSECTIONS ONLY),3,54013,Cross intersection,3,60,Arterial Other,HIGH,WHITTLESEA,-37.655163,145.02148,2019,7,July,18,Afternoon Peak,Weekday
T20190013681,2019-07-23,06:30:00,8,No collision and no object struck,2,Tuesday,174,OUT OF CONTROL ON CARRIAGEWAY (ON STRAIGHT),2,351773,Not at intersection,2,60,Arterial Other,MT ALEXANDER,MOONEE VALLEY,-37.783882,144.93666,2019,7,July,6,Morning Peak,Weekday
T20190014225,2019-07-23,18:30:00,6,Vehicle overturned (no collision),2,Tuesday,174,OUT OF CONTROL ON CARRIAGEWAY (ON STRAIGHT),2,38890,Cross intersection,3,60,Arterial Other,BURWOOD,BOROONDARA,-37.821564,145.02638,2019,7,July,18,Afternoon Peak,Weekday
T20190013677,2019-07-23,04:50:00,4,Collision with a fixed object,2,Tuesday,171,LEFT OFF CARRIAGEWAY INTO OBJECT/PARKED VEHICLE,3,360558,Not at intersection,2,50,Local Road,STATION,MELBOURNE,-37.79618,144.9742,2019,7,July,4,Late Night,Weekday
T20190013676,2019-07-23,04:29:00,6,Vehicle overturned (no collision),2,Tuesday,174,OUT OF CONTROL ON CARRIAGEWAY (ON STRAIGHT),3,225644,Cross intersection,3,70,Arterial Highway,PLENTY,DAREBIN,-37.71698,145.04315,2019,7,July,4,Late Night,Weekday
T20190025425,2019-07-23,06:30:00,4,Collision with a fixed object,2,Tuesday,173,RIGHT OFF CARRIAGEWAY INTO OBJECT/PARKED VEHICLE,2,649839,Not at intersection,3,100,Arterial Other,BUNGAREE-CRESWICK,MOORABOOL,-37.4844,143.95033,2019,7,July,6,Morning Peak,Weekday
T20190013672,2019-07-23,00:57:00,1,Collision with vehicle,2,Tuesday,110,CROSS TRAFFIC(INTERSECTIONS ONLY),5,50268,Cross intersection,3,80,Arterial Other,ANGLESEA,GEELONG,-38.22748,144.28053,2019,7,July,0,Late Night,Weekday
T20190013747,2019-07-23,19:39:00,1,Collision with vehicle,2,Tuesday,121,RIGHT THROUGH,3,323114,Cross intersection,2,70,Freeway,BALLARAT,BRIMBANK,-37.770313,144.79631,2019,7,July,19,Night,Weekday
T20190013750,2019-07-23,23:00:00,1,Collision with vehicle,2,Tuesday,160,VEHICLE COLLIDES WITH VEHICLE PARKED ON LEFT OF ROAD,3,651022,Not at intersection,3,60,Arterial Other,GLEN EIRA,GLEN EIRA,-37.880646,145.02814,2019,7,July,23,Night,Weekday
T20190013761,2019-07-23,09:15:00,2,Struck Pedestrian,2,Tuesday,100,PED NEAR SIDE. PED HIT BY VEHICLE FROM THE RIGHT.,1,360392,T intersection,3,50,Local Road,MCGOWAN,BENDIGO,-36.73468,144.26314,2019,7,July,9,Morning Peak,Weekday
T20190013773,2019-07-23,19:10:00,4,Collision with a fixed object,2,Tuesday,171,LEFT OFF CARRIAGEWAY INTO OBJECT/PARKED VEHICLE,5,356029,Not at intersection,3,100,Freeway,MORNINGTON PENINSULA,MORNINGTON PENINSULA,-38.36087,144.92046,2019,7,July,19,Night,Weekday
T20190013784,2019-07-23,18:20:00,6,Vehicle overturned (no collision),2,Tuesday,174,OUT OF CONTROL ON CARRIAGEWAY (ON STRAIGHT),6,62564,T intersection,3,60,Arterial Other,PASCOE VALE,MORELAND,-37.72529,144.92268,2019,7,July,18,Afternoon Peak,Weekday
T20190014475,2019-07-23,21:15:00,4,Collision with a fixed object,2,Tuesday,183,OFF LEFT BEND INTO OBJECT/PARKED VEHICLE,5,651020,Not at intersection,3,100,Local Road,DALRY,YARRA RANGES,-37.758198,145.56218,2019,7,July,21,Night,Weekday
T20190023394,2019-07-23,04:40:00,4,Collision with a fixed object,2,Tuesday,171,LEFT OFF CARRIAGEWAY INTO OBJECT/PARKED VEHICLE,3,773231,Not at intersection,3,60,Arterial Other,MCINTYRE,BRIMBANK,-37.772316,144.8296,2019,7,July,4,Late Night,Weekday
T20190013849,2019-07-23,18:50:00,2,Struck Pedestrian,2,Tuesday,100,PED NEAR SIDE. PED HIT BY VEHICLE FROM THE RIGHT.,9,41407,Cross intersection,2,60,Arterial Other,NEERIM,GLEN EIRA,-37.88807,145.0525,2019,7,July,18,Afternoon Peak,Weekday
T20190015747,2019-07-23,18:00:00,1,Collision with vehicle,2,Tuesday,124,RIGHT/RIGHT BOTH VEHs FROM OPPOSITE DIRECTIONS TURNING RIGHT,2,46818,Cross intersection,3,70,Arterial Other,CROYDON,MANNINGHAM,-37.760612,145.23418,2019,7,July,18,Afternoon Peak,Weekday
T20190022513,2019-07-23,07:20:00,4,Collision with a fixed object,2,Tuesday,171,LEFT OFF CARRIAGEWAY INTO OBJECT/PARKED VEHICLE,1,650727,Not at intersection,3,60,Arterial Highway,HIGH,BENDIGO,-36.78016,144.24997,2019,7,July,7,Morning Peak,Weekday
T20210003251,2019-07-23,09:12:00,1,Collision with vehicle,2,Tuesday,130,REAR END(VEHICLES IN SAME LANE),9,105105,Not at intersection,3,60,Local Road,REGENT,DAREBIN,-37.73024,144.99976,2019,7,July,9,Morning Peak,Weekday
T20190013706,2019-07-23,08:00:00,1,Collision with vehicle,2,Tuesday,121,RIGHT THROUGH,1,277792,Cross intersection,2,80,Local Road,HAMMOND,DANDENONG,-38.00316,145.20793,2019,7,July,8,Morning Peak,Weekday
T20190013709,2019-07-23,12:15:00,1,Collision with vehicle,2,Tuesday,121,RIGHT THROUGH,1,230199,Multiple intersection,2,70,Freeway,CANTERBURY,MAROONDAH,-37.832302,145.2182,2019,7,July,12,Midday,Weekday
T20190013779,2019-07-24,12:02:00,1,Collision with vehicle,3,Wednesday,121,RIGHT THROUGH,1,243678,Not at intersection,3,60,Arterial Other,BAY,KINGSTON,-37.95716,145.04941,2019,7,July,12,Midday,Weekday
T20190013780,2019-07-24,11:26:00,4,Collision with a fixed object,3,Wednesday,173,RIGHT OFF CARRIAGEWAY INTO OBJECT/PARKED VEHICLE,1,650728,Not at intersection,3,100,Freeway,GEELONG RING,GEELONG,-38.090313,144.32504,2019,7,July,11,Midday,Weekday
T20190013797,2019-07-24,16:05:00,1,Collision with vehicle,3,Wednesday,130,REAR END(VEHICLES IN SAME LANE),1,657368,Not at intersection,3,60,Arterial Other,PRINCES,MELBOURNE,-37.7925,144.97058,2019,7,July,16,Afternoon Peak,Weekday
T20190013785,2019-07-24,11:22:00,1,Collision with vehicle,3,Wednesday,181,OFF RIGHT BEND INTO OBJECT/PARKED VEHICLE,1,351825,Not at intersection,2,80,Freeway,MONASH IN-POLICE,DANDENONG,-37.93832,145.19543,2019,7,July,11,Midday,Weekday
T20190013786,2019-07-24,09:10:00,1,Collision with vehicle,3,Wednesday,110,CROSS TRAFFIC(INTERSECTIONS ONLY),1,51364,Cross intersection,2,50,Local Road,WYNDHAM,GANNAWARRA,-35.730877,143.92032,2019,7,July,9,Morning Peak,Weekday
T20190013787,2019-07-24,09:10:00,6,Vehicle overturned (no collision),3,Wednesday,174,OUT OF CONTROL ON CARRIAGEWAY (ON STRAIGHT),1,579966,Not at intersection,2,60,Local Road,COONOC,LATROBE,-38.201683,146.50008,2019,7,July,9,Morning Peak,Weekday
T20190013819,2019-07-24,21:42:00,4,Collision with a fixed object,3,Wednesday,171,LEFT OFF CARRIAGEWAY INTO OBJECT/PARKED VEHICLE,5,360373,Not at intersection,3,100,Arterial Other,TRAMWAY,LATROBE,-38.27098,146.4335,2019,7,July,21,Night,Weekday
T20190013816,2019-07-24,19:30:00,2,Struck Pedestrian,3,Wednesday,100,PED NEAR SIDE. PED HIT BY VEHICLE FROM THE RIGHT.,3,352650,T intersection,2,50,Local Road,POTTENGER,BRIMBANK,-37.760223,144.8042,2019,7,July,19,Night,Weekday
T20190014449,2019-07-24,18:30:00,1,Collision with vehicle,3,Wednesday,130,REAR END(VEHICLES IN SAME LANE),9,358998,Not at intersection,3,80,Arterial Other,WELLS,KINGSTON,-38.022697,145.1251,2019,7,July,18,Afternoon Peak,Weekday
T20190014236,2019-07-24,09:20:00,1,Collision with vehicle,3,Wednesday,135,LANE CHANGE LEFT (NOT OVERTAKING),1,357683,Not at intersection,3,60,Arterial Highway,WARRIGAL,MONASH,-37.89972,145.08713,2019,7,July,9,Morning Peak,Weekday
T20190013791,2019-07-24,13:50:00,4,Collision with a fixed object,3,Wednesday,181,OFF RIGHT BEND INTO OBJECT/PARKED VEHICLE,1,580816,Not at intersection,2,100,Local Road,BESSIE CREEK,CARDINIA,-38.022247,145.55716,2019,7,July,13,Midday,Weekday
T20190015759,2019-07-24,06:35:00,1,Collision with vehicle,3,Wednesday,130,REAR END(VEHICLES IN SAME LANE),2,604190,Not at intersection,3,60,Arterial Other,MCINTYRE,BRIMBANK,-37.772648,144.82954,2019,7,July,6,Morning Peak,Weekday
T20190013765,2019-07-24,06:40:00,1,Collision with vehicle,3,Wednesday,110,CROSS TRAFFIC(INTERSECTIONS ONLY),3,37362,Cross intersection,1,80,Arterial Other,MELTON,BRIMBANK,-37.696003,144.77463,2019,7,July,6,Morning Peak,Weekday
T20190013763,2019-07-24,10:20:00,1,Collision with vehicle,3,Wednesday,130,REAR END(VEHICLES IN SAME LANE),1,41552,T intersection,3,60,Arterial Highway,WARRIGAL,MONASH,-37.886997,145.08939,2019,7,July,10,Midday,Weekday
T20190022444,2019-07-24,18:36:00,1,Collision with vehicle,3,Wednesday,130,REAR END(VEHICLES IN SAME LANE),1,40653,Cross intersection,3,60,Arterial Other,HUNTINGDALE,MONASH,-37.867928,145.11171,2019,7,July,18,Afternoon Peak,Weekday
T20190013801,2019-07-24,18:20:00,1,Collision with vehicle,3,Wednesday,121,RIGHT THROUGH,2,40135,T intersection,3,40,Local Road,CHAPEL,PORT PHILLIP,-37.864254,144.9911,2019,7,July,18,Afternoon Peak,Weekday
T20190013755,2019-07-24,06:45:00,1,Collision with vehicle,3,Wednesday,140,U TURN,2,356761,Not at intersection,2,40,Local Road,COLLINS,MELBOURNE,-37.816498,144.96309,2019,7,July,6,Morning Peak,Weekday
T20190013811,2019-07-24,18:00:00,1,Collision with vehicle,3,Wednesday,132,RIGHT REAR.,3,60949,T intersection,3,50,Local Road,COBDEN,BALLARAT,-37.574257,143.85304,2019,7,July,18,Afternoon Peak,Weekday
T20190015465,2019-07-24,17:15:00,1,Collision with vehicle,3,Wednesday,130,REAR END(VEHICLES IN SAME LANE),3,47960,Not at intersection,3,100,Freeway,MONASH,DANDENONG,-37.956573,145.22095,2019,7,July,17,Afternoon Peak,Weekday
T20190014195,2019-07-24,13:32:00,1,Collision with vehicle,3,Wednesday,140,U TURN,1,357678,Not at intersection,3,80,Arterial Other,HIGH,MONASH,-37.873966,145.16353,2019,7,July,13,Midday,Weekday
T20190014601,2019-07-24,09:58:00,1,Collision with vehicle,3,Wednesday,130,REAR END(VEHICLES IN SAME LANE),1,579971,Not at intersection,2,50,Local Road,QUALITY,DANDENONG,-38.02623,145.20715,2019,7,July,9,Morning Peak,Weekday
T20190013814,2019-07-24,18:07:00,1,Collision with vehicle,3,Wednesday,130,REAR END(VEHICLES IN SAME LANE),3,582267,Not at intersection,3,80,Freeway,KINGS-CITYLINK IN,MELBOURNE,-37.82717,144.96248,2019,7,July,18,Afternoon Peak,Weekday
T20190013807,2019-07-24,18:50:00,1,Collision with vehicle,3,Wednesday,140,U TURN,3,49836,T intersection,3,60,Local Road,CHURCH,GEELONG,-38.12984,144.33194,2019,7,July,18,Afternoon Peak,Weekday
T20190013929,2019-07-24,06:40:00,3,Struck animal,3,Wednesday,167,STRUCK ANIMAL,2,604183,Not at intersection,3,100,Arterial Other,MAFFRA-SALE,WELLINGTON,-37.97771,146.988,2019,7,July,6,Morning Peak,Weekday
T20190013796,2019-07-24,14:50:00,1,Collision with vehicle,3,Wednesday,140,U TURN,1,46030,Cross intersection,3,60,Arterial Other,OLD GEELONG,WYNDHAM,-37.872032,144.72539,2019,7,July,14,Midday,Weekday
T20190013810,2019-07-24,18:55:00,1,Collision with vehicle,3,Wednesday,121,RIGHT THROUGH,3,286900,Cross intersection,3,80,Arterial Other,CAMMS,CASEY,-38.100475,145.29233,2019,7,July,18,Afternoon Peak,Weekday
T20190014854,2019-07-24,14:00:00,1,Collision with vehicle,3,Wednesday,130,REAR END(VEHICLES IN SAME LANE),1,595569,Cross intersection,3,60,Arterial Other,BLACKBURN,MONASH,-37.872272,145.14839,2019,7,July,14,Midday,Weekday
T20190025786,2019-07-24,10:30:00,1,Collision with vehicle,3,Wednesday,131,LEFT REAR,9,653542,Cross intersection,3,80,Arterial Other,BARRY,HUME,-37.667248,144.95474,2019,7,July,10,Midday,Weekday
T20190014058,2019-07-24,22:30:00,5,collision with some other object,3,Wednesday,166,STRUCK OBJECT ON CARRIAGEWAY,3,360536,Not at intersection,3,100,Arterial Other,TAWONGA GAP,ALPINE,-36.728962,147.06184,2019,7,July,22,Night,Weekday
T20190013771,2019-07-24,11:10:00,1,Collision with vehicle,3,Wednesday,147,VEHICLE STRIKES ANOTHER VEH WHILE EMERGING FROM DRIVEWAY,1,351824,Not at intersection,3,60,Local Road,HARVESTER,BRIMBANK,-37.78425,144.83003,2019,7,July,11,Midday,Weekday
T20190013772,2019-07-24,08:40:00,2,Struck Pedestrian,3,Wednesday,100,PED NEAR SIDE. PED HIT BY VEHICLE FROM THE RIGHT.,1,35460,Cross intersection,3,60,Arterial Other,DONCASTER,BOROONDARA,-37.79468,145.08488,2019,7,July,8,Morning Peak,Weekday
T20190013774,2019-07-24,12:40:00,1,Collision with vehicle,3,Wednesday,160,VEHICLE COLLIDES WITH VEHICLE PARKED ON LEFT OF ROAD,1,602730,Not at intersection,3,50,Local Road,FAIRBAIRN,GEELONG,-38.062225,144.37009,2019,7,July,12,Midday,Weekday
T20190013775,2019-07-24,11:50:00,1,Collision with vehicle,3,Wednesday,132,RIGHT REAR.,1,352652,Not at intersection,3,60,Local Road,SAVIGES,LATROBE,-38.17146,146.25262,2019,7,July,11,Midday,Weekday
T20190013776,2019-07-24,08:05:00,1,Collision with vehicle,3,Wednesday,121,RIGHT THROUGH,1,68219,Cross intersection,3,60,Arterial Other,HOTHAM,GLEN EIRA,-37.87816,144.99777,2019,7,July,8,Morning Peak,Weekday
T20190013778,2019-07-24,11:10:00,1,Collision with vehicle,3,Wednesday,130,REAR END(VEHICLES IN SAME LANE),1,352665,Not at intersection,2,60,Arterial Other,FRANKSTON-FLINDERS,MORNINGTON PENINSULA,-38.34412,145.16881,2019,7,July,11,Midday,Weekday
T20190014327,2019-07-24,07:35:00,1,Collision with vehicle,3,Wednesday,199,UNKNOWN-NO DETAILS ON MANOEUVRES OF ROAD-USERS IN ACCIDENT,9,604184,Not at intersection,3,80,Arterial Highway,BURWOOD,WHITEHORSE,-37.850853,145.12125,2019,7,July,7,Morning Peak,Weekday
T20190013792,2019-07-24,13:46:00,2,Struck Pedestrian,3,Wednesday,100,PED NEAR SIDE. PED HIT BY VEHICLE FROM THE RIGHT.,1,354761,Not at intersection,2,50,Arterial Other,MOLLISON,MACEDON RANGES,-37.24795,144.45349,2019,7,July,13,Midday,Weekday
T20190013823,2019-07-24,06:26:00,2,Struck Pedestrian,3,Wednesday,100,PED NEAR SIDE. PED HIT BY VEHICLE FROM THE RIGHT.,3,354399,Not at intersection,2,40,Local Road,RAGLAN,DAREBIN,-37.748966,145.00305,2019,7,July,6,Morning Peak,Weekday
T20190013820,2019-07-24,22:01:00,1,Collision with vehicle,3,Wednesday,120,HEAD ON (NOT OVERTAKING),3,600032,Not at intersection,2,60,Arterial Other,BROADMEADOWS,HUME,-37.68096,144.88513,2019,7,July,22,Night,Weekday