ACCIDENT_NO,ACCIDENT_DATE,ACCIDENT_TIME,ACCIDENT_TYPE,ACCIDENT_TYPE_DESC,DAY_OF_WEEK,DAY_WEEK_DESC,DCA_CODE,DCA_DESC,LIGHT_CONDITION,NODE_ID,ROAD_GEOMETRY_DESC,SEVERITY,SPEED_ZONE,RMA,ROAD_NAME,LGA_NAME,LATITUDE,LONGITUDE,YEAR,MONTH,MONTH_NAME,HOUR,TIME_PERIOD,DAY_TYPE
T20190013902,2019-07-25,16:45:00,1,Collision with vehicle,4,Thursday,130,REAR END(VEHICLES IN SAME LANE),1,590725,Not at intersection,3,80,Arterial Other,NARRE WARREN NORTH,CASEY,-38.021793,145.30806,2019,7,July,16,Afternoon Peak,Weekday
T20190014271,2019-07-25,07:05:00,1,Collision with vehicle,4,Thursday,135,LANE CHANGE LEFT (NOT OVERTAKING),1,43117,Cross intersection,3,80,Arterial Highway,PRINCES,CASEY,-38.001724,145.23679,2019,7,July,7,Morning Peak,Weekday
T20190016282,2019-07-25,09:15:00,1,Collision with vehicle,4,Thursday,147,VEHICLE STRIKES ANOTHER VEH WHILE EMERGING FROM DRIVEWAY,9,585599,Not at intersection,3,60,Arterial Highway,MAIN,YARRA RANGES,-37.757305,145.3572,2019,7,July,9,Morning Peak,Weekday
T20190015022,2019-07-25,17:00:00,1,Collision with vehicle,4,Thursday,121,RIGHT THROUGH,3,35451,Cross intersection,3,60,Arterial Other,RYANS,NILLUMBIK,-37.68677,145.14294,2019,7,July,17,Afternoon Peak,Weekday
T20190013827,2019-07-25,05:30:00,1,Collision with vehicle,4,Thursday,113,RIGHT NEAR (INTERSECTIONS ONLY),3,42022,T intersection,2,60,Arterial Other,BEACH,BAYSIDE,-37.934776,144.99571,2019,7,July,5,Morning Peak,Weekday
T20190013892,2019-07-25,22:37:00,1,Collision with vehicle,4,Thursday,121,RIGHT THROUGH,3,321653,Cross intersection,2,60,Arterial Other,CLYDE,CASEY,-38.059914,145.33823,2019,7,July,22,Night,Weekday
T20190013891,2019-07-25,22:25:00,4,Collision with a fixed object,4,Thursday,171,LEFT OFF CARRIAGEWAY INTO OBJECT/PARKED VEHICLE,5,651326,Not at intersection,3,100,Local Road,FISHERIES,CASEY,-38.18288,145.31387,2019,7,July,22,Night,Weekday
T20190013885,2019-07-25,19:10:00,1,Collision with vehicle,4,Thursday,121,RIGHT THROUGH,3,40791,T intersection,3,60,Arterial Other,HIGH STREET,MONASH,-37.87368,145.16086,2019,7,July,19,Night,Weekday
T20190017242,2019-07-25,15:00:00,1,Collision with vehicle,4,Thursday,135,LANE CHANGE LEFT (NOT OVERTAKING),1,44936,T intersection,3,60,Arterial Other,ST ALBANS,BRIMBANK,-37.745335,144.80077,2019,7,July,15,Afternoon Peak,Weekday
T20190013972,2019-07-25,18:40:00,2,Struck Pedestrian,4,Thursday,100,PED NEAR SIDE. PED HIT BY VEHICLE FROM THE RIGHT.,5,67682,T intersection,3,50,Local Road,PERRY,HOBSONS BAY,-37.862,144.89232,2019,7,July,18,Afternoon Peak,Weekday
T20190013842,2019-07-25,07:30:00,1,Collision with vehicle,4,Thursday,130,REAR END(VEHICLES IN SAME LANE),1,604473,Not at intersection,2,100,Freeway,MONASH,MONASH,-37.89268,145.1279,2019,7,July,7,Morning Peak,Weekday
T20190013839,2019-07-25,07:36:00,1,Collision with vehicle,4,Thursday,121,RIGHT THROUGH,1,41355,T intersection,3,60,Arterial Other,NEERIM,GLEN EIRA,-37.88651,145.03998,2019,7,July,7,Morning Peak,Weekday
T20190013835,2019-07-25,07:15:00,1,Collision with vehicle,4,Thursday,160,VEHICLE COLLIDES WITH VEHICLE PARKED ON LEFT OF ROAD,1,360587,Not at intersection,2,50,Local Road,CATHERINE,MELTON,-37.695393,144.75233,2019,7,July,7,Morning Peak,Weekday
T20190013830,2019-07-25,05:56:00,2,Struck Pedestrian,4,Thursday,102,FAR SIDE. PED HIT BY VEHICLE FROM THE LEFT,3,38764,Cross intersection,2,60,Arterial Highway,GEELONG,MARIBYRNONG,-37.796494,144.89694,2019,7,July,5,Morning Peak,Weekday
T20190013878,2019-07-25,17:42:00,2,Struck Pedestrian,4,Thursday,102,FAR SIDE. PED HIT BY VEHICLE FROM THE LEFT,3,354766,Not at intersection,2,80,Arterial Highway,NORTH,MONASH,-37.9145,145.12659,2019,7,July,17,Afternoon Peak,Weekday
T20190013872,2019-07-25,11:00:00,1,Collision with vehicle,4,Thursday,130,REAR END(VEHICLES IN SAME LANE),1,360746,Not at intersection,3,80,Freeway,MONASH,MONASH,-37.893753,145.13786,2019,7,July,11,Midday,Weekday
T20190013858,2019-07-25,06:20:00,1,Collision with vehicle,4,Thursday,130,REAR END(VEHICLES IN SAME LANE),3,354768,Not at intersection,3,100,Freeway,MONASH,CASEY,-37.99944,145.28648,2019,7,July,6,Morning Peak,Weekday
T20190013870,2019-07-25,14:20:00,4,Collision with a fixed object,4,Thursday,181,OFF RIGHT BEND INTO OBJECT/PARKED VEHICLE,1,606157,Not at intersection,3,100,Arterial Other,MORWELL-YALLOURN,LATROBE,-38.201828,146.32773,2019,7,July,14,Midday,Weekday
T20190013875,2019-07-25,17:46:00,1,Collision with vehicle,4,Thursday,113,RIGHT NEAR (INTERSECTIONS ONLY),3,295550,T intersection,3,80,Arterial Other,TONE,WANGARATTA,-36.373505,146.28905,2019,7,July,17,Afternoon Peak,Weekday
T20190013865,2019-07-25,07:57:00,1,Collision with vehicle,4,Thursday,130,REAR END(VEHICLES IN SAME LANE),1,358419,Not at intersection,3,100,Freeway,CALDER,MOONEE VALLEY,-37.73264,144.88065,2019,7,July,7,Morning Peak,Weekday
T20190016944,2019-07-25,20:30:00,4,Collision with a fixed object,4,Thursday,173,RIGHT OFF CARRIAGEWAY INTO OBJECT/PARKED VEHICLE,3,17651,Cross intersection,3,60,Arterial Other,SNOW,WANGARATTA,-36.449577,146.43137,2019,7,July,20,Night,Weekday
T20190013852,2019-07-25,10:25:00,1,Collision with vehicle,4,Thursday,120,HEAD ON (NOT OVERTAKING),1,116949,Not at intersection,2,60,Arterial Other,BEACONSFIELD-EMERALD,CARDINIA,-38.0101,145.40327,2019,7,July,10,Midday,Weekday
T20190016496,2019-07-25,04:48:00,1,Collision with vehicle,4,Thursday,135,LANE CHANGE LEFT (NOT OVERTAKING),6,651231,Not at intersection,3,100,Freeway,SOUTH GIPPSLAND,CASEY,-38.009895,145.25084,2019,7,July,4,Late Night,Weekday
T20190013867,2019-07-25,16:30:00,1,Collision with vehicle,4,Thursday,113,RIGHT NEAR (INTERSECTIONS ONLY),1,35414,Cross intersection,3,60,Arterial Other,ALEXANDRA,STONNINGTON,-37.834843,144.99655,2019,7,July,16,Afternoon Peak,Weekday
T20190013879,2019-07-25,18:40:00,1,Collision with vehicle,4,Thursday,194,PARKED CAR RUN AWAY,3,356760,Not at intersection,2,50,Local Road,KOORNANG,GLEN EIRA,-37.901512,145.05473,2019,7,July,18,Afternoon Peak,Weekday
T20190020980,2019-07-25,21:50:00,1,Collision with vehicle,4,Thursday,130,REAR END(VEHICLES IN SAME LANE),6,596345,Cross intersection,3,60,Arterial Highway,BELL,MORELAND,-37.74135,144.96667,2019,7,July,21,Night,Weekday
T20190013871,2019-07-25,16:02:00,4,Collision with a fixed object,4,Thursday,173,RIGHT OFF CARRIAGEWAY INTO OBJECT/PARKED VEHICLE,1,353558,Not at intersection,2,50,Local Road,AGNES,DANDENONG,-37.972527,145.17075,2019,7,July,16,Afternoon Peak,Weekday
T20190014716,2019-07-25,16:56:00,1,Collision with vehicle,4,Thursday,132,RIGHT REAR.,1,651325,Not at intersection,3,40,Local Road,FULHAM,WHITTLESEA,-37.61593,145.02725,2019,7,July,16,Afternoon Peak,Weekday
T20190013874,2019-07-25,18:08:00,1,Collision with vehicle,4,Thursday,130,REAR END(VEHICLES IN SAME LANE),3,360735,Not at intersection,2,60,Arterial Other,MICKLEHAM,HUME,-37.67885,144.88393,2019,7,July,18,Afternoon Peak,Weekday
T20190013927,2019-07-26,15:10:00,1,Collision with vehicle,5,Friday,110,CROSS TRAFFIC(INTERSECTIONS ONLY),1,52986,Cross intersection,3,60,Local Road,CLARKSON,BALLARAT,-37.58206,143.83894,2019,7,July,15,Afternoon Peak,Weekday
T20190013941,2019-07-26,18:43:00,2,Struck Pedestrian,5,Friday,102,FAR SIDE. PED HIT BY VEHICLE FROM THE LEFT,3,36709,T intersection,3,50,Arterial Other,JOHNSTON,YARRA,-37.800297,144.99759,2019,7,July,18,Afternoon Peak,Weekday
T20190013950,2019-07-26,20:10:00,2,Struck Pedestrian,5,Friday,102,FAR SIDE. PED HIT BY VEHICLE FROM THE LEFT,3,41642,T intersection,3,60,Arterial Other,HUNTINGDALE,MONASH,-37.90361,145.10495,2019,7,July,20,Night,Weekday
T20190018716,2019-07-26,13:00:00,1,Collision with vehicle,5,Friday,130,REAR END(VEHICLES IN SAME LANE),1,588733,T intersection,3,60,Arterial Other,MELVILLE,MORELAND,-37.753933,144.9458,2019,7,July,13,Midday,Weekday
T20190013940,2019-07-26,18:10:00,1,Collision with vehicle,5,Friday,130,REAR END(VEHICLES IN SAME LANE),3,604767,Not at intersection,2,80,Arterial Highway,NEPEAN,MORNINGTON PENINSULA,-38.21693,145.06126,2019,7,July,18,Afternoon Peak,Weekday
T20190013924,2019-07-26,04:16:00,4,Collision with a fixed object,5,Friday,171,LEFT OFF CARRIAGEWAY INTO OBJECT/PARKED VEHICLE,5,650731,Not at intersection,3,60,Arterial Highway,MAIN,MOUNT ALEXANDER,-37.083534,144.204,2019,7,July,4,Late Night,Weekday
T20190013923,2019-07-26,12:00:00,4,Collision with a fixed object,5,Friday,183,OFF LEFT BEND INTO OBJECT/PARKED VEHICLE,1,651580,Not at intersection,3,50,Local Road,VICTORIA,KINGSTON,-37.99168,145.08833,2019,7,July,12,Midday,Weekday
T20190013919,2019-07-26,11:50:00,1,Collision with vehicle,5,Friday,130,REAR END(VEHICLES IN SAME LANE),1,43059,T intersection,3,60,Local Road,BRYANTS,DANDENONG,-37.993275,145.21411,2019,7,July,11,Midday,Weekday
T20190013917,2019-07-26,10:50:00,1,Collision with vehicle,5,Friday,130,REAR END(VEHICLES IN SAME LANE),1,357914,T intersection,2,60,Local Road,HIGH,GEELONG,-38.176743,144.34093,2019,7,July,10,Midday,Weekday
T20190013916,2019-07-26,11:07:00,1,Collision with vehicle,5,Friday,130,REAR END(VEHICLES IN SAME LANE),1,29726,Cross intersection,2,80,Arterial Highway,PRINCES,CASEY,-38.006256,145.27335,2019,7,July,11,Midday,Weekday
T20190013914,2019-07-26,11:35:00,4,Collision with a fixed object,5,Friday,171,LEFT OFF CARRIAGEWAY INTO OBJECT/PARKED VEHICLE,1,356861,Not at intersection,2,100,Arterial Highway,PRINCES,WELLINGTON,-37.989662,147.06633,2019,7,July,11,Midday,Weekday
T20190016850,2019-07-26,18:25:00,1,Collision with vehicle,5,Friday,121,RIGHT THROUGH,2,41900,Cross intersection,3,60,Arterial Other,GAFFNEY,MORELAND,-37.73151,144.93849,2019,7,July,18,Afternoon Peak,Weekday
T20190013910,2019-07-26,09:22:00,8,No collision and no object struck,5,Friday,174,OUT OF CONTROL ON CARRIAGEWAY (ON STRAIGHT),1,604766,T intersection,3,50,Local Road,CARBERY,MAROONDAH,-37.823933,145.24132,2019,7,July,9,Morning Peak,Weekday
T20190013935,2019-07-26,14:39:00,1,Collision with vehicle,5,Friday,110,CROSS TRAFFIC(INTERSECTIONS ONLY),1,602424,Cross intersection,3,100,Arterial Highway,SEVENTEENTH,MILDURA,-34.21578,142.10564,2019,7,July,14,Midday,Weekday
T20190013970,2019-07-26,18:00:00,6,Vehicle overturned (no collision),5,Friday,170,OFF CARRIAGEWAY TO LEFT,5,660729,Not at intersection,3,100,Local Road,WALHALLA,BAW BAW,-37.60136,146.32059,2019,7,July,18,Afternoon Peak,Weekday
T20190013956,2019-07-26,16:20:00,4,Collision with a fixed object,5,Friday,171,LEFT OFF CARRIAGEWAY INTO OBJECT/PARKED VEHICLE,1,654180,Not at intersection,2,100,Arterial Highway,LODDON VALLEY,LODDON,-36.121346,143.92387,2019,7,July,16,Afternoon Peak,Weekday
T20190013931,2019-07-26,11:45:00,1,Collision with vehicle,5,Friday,131,LEFT REAR,1,288565,T intersection,3,100,Arterial Other,KILMORE,MACEDON RANGES,-37.413723,144.74905,2019,7,July,11,Midday,Weekday
T20190013909,2019-07-26,11:21:00,4,Collision with a fixed object,5,Friday,171,LEFT OFF CARRIAGEWAY INTO OBJECT/PARKED VEHICLE,1,356021,Not at intersection,2,60,Arterial Other,MILLEARA,MOONEE VALLEY,-37.74186,144.8635,2019,7,July,11,Midday,Weekday
T20190013915,2019-07-26,12:08:00,1,Collision with vehicle,5,Friday,130,REAR END(VEHICLES IN SAME LANE),1,225511,Cross intersection,2,60,Arterial Highway,PUNT,STONNINGTON,-37.853504,144.9837,2019,7,July,12,Midday,Weekday
T20190013961,2019-07-26,21:46:00,4,Collision with a fixed object,5,Friday,173,RIGHT OFF CARRIAGEWAY INTO OBJECT/PARKED VEHICLE,3,356031,Cross intersection,2,60,Arterial Other,MILLERS,HOBSONS BAY,-37.82703,144.84894,2019,7,July,21,Night,Weekday
T20190013963,2019-07-26,22:18:00,4,Collision with a fixed object,5,Friday,171,LEFT OFF CARRIAGEWAY INTO OBJECT/PARKED VEHICLE,3,651330,Not at intersection,3,80,Arterial Highway,SOUTH GIPPSLAND,CASEY,-38.14045,145.30583,2019,7,July,22,Night,Weekday
T20190017154,2019-07-26,09:50:00,1,Collision with vehicle,5,Friday,130,REAR END(VEHICLES IN SAME LANE),1,322873,Cross intersection,3,70,Arterial Highway,FERNTREE GULLY,MONASH,-37.90362,145.16139,2019,7,July,9,Morning Peak,Weekday
T20190013895,2019-07-26,04:45:00,1,Collision with vehicle,5,Friday,121,RIGHT THROUGH,3,353557,T intersection,2,60,Local Road,WESTWOOD,MELTON,-37.759407,144.75534,2019,7,July,4,Late Night,Weekday
T20190013897,2019-07-26,07:22:00,1,Collision with vehicle,5,Friday,159,OTHER OVERTAKING MANOEUVRES NOT INCLUDED IN DCAs 150-154,2,586151,Not at intersection,2,80,Arterial Other,KOROROIT CREEK,HOBSONS BAY,-37.847183,144.80821,2019,7,July,7,Morning Peak,Weekday
T20190013955,2019-07-26,19:42:00,1,Collision with vehicle,5,Friday,120,HEAD ON (NOT OVERTAKING),3,358427,Not at intersection,3,60,Local Road,LIVERPOOL,YARRA RANGES,-37.80996,145.31578,2019,7,July,19,Night,Weekday
T20190014105,2019-07-26,20:00:00,2,Struck Pedestrian,5,Friday,100,PED NEAR SIDE. PED HIT BY VEHICLE FROM THE RIGHT.,6,296094,Cross intersection,2,50,Local Road,GLOUCESTER,CASEY,-38.03145,145.3463,2019,7,July,20,Night,Weekday
T20190013957,2019-07-26,22:03:00,2,Struck Pedestrian,5,Friday,102,FAR SIDE. PED HIT BY VEHICLE FROM THE LEFT,3,358422,Cross intersection,3,50,Arterial Highway,ALBERT,DAREBIN,-37.73229,145.02509,2019,7,July,22,Night,Weekday
T20190013946,2019-07-26,18:40:00,2,Struck Pedestrian,5,Friday,100,PED NEAR SIDE. PED HIT BY VEHICLE FROM THE RIGHT.,3,604768,Cross intersection,2,60,Arterial Highway,DANDENONG,MONASH,-37.911392,145.12225,2019,7,July,18,Afternoon Peak,Weekday
T20200014016,2019-07-26,20:00:00,2,Struck Pedestrian,5,Friday,102,FAR SIDE. PED HIT BY VEHICLE FROM THE LEFT,6,36019,T intersection,3,60,Arterial Other,MORELAND,MORELAND,-37.756535,144.97366,2019,7,July,20,Night,Weekday
T20190013947,2019-07-26,18:54:00,1,Collision with vehicle,5,Friday,119,OTHER ADJACENT (INTERSECTIONS ONLY),3,44238,T intersection,2,60,Arterial Other,MCDONALDS,WHITTLESEA,-37.646023,145.04114,2019,7,July,18,Afternoon Peak,Weekday
T20190014420,2019-07-26,21:05:00,1,Collision with vehicle,5,Friday,113,RIGHT NEAR (INTERSECTIONS ONLY),3,56654,T intersection,3,60,Local Road,FINDON,WHITTLESEA,-37.63825,145.03242,2019,7,July,21,Night,Weekday
T20190013949,2019-07-26,20:15:00,2,Struck Pedestrian,5,Friday,102,FAR SIDE. PED HIT BY VEHICLE FROM THE LEFT,3,357926,Not at intersection,2,60,Arterial Other,GLENFERRIE,BOROONDARA,-37.82723,145.03448,2019,7,July,20,Night,Weekday
T20190013901,2019-07-26,09:00:00,4,Collision with a fixed object,5,Friday,173,RIGHT OFF CARRIAGEWAY INTO OBJECT/PARKED VEHICLE,1,360509,Not at intersection,3,50,Local Road,GRAY,SWAN HILL,-35.34717,143.55128,2019,7,July,9,Morning Peak,Weekday
T20190015144,2019-07-26,08:50:00,1,Collision with vehicle,5,Friday,130,REAR END(VEHICLES IN SAME LANE),1,360498,Not at intersection,3,80,Arterial Other,GILLIES,BALLARAT,-37.55845,143.81824,2019,7,July,8,Morning Peak,Weekday
T20190014396,2019-07-26,16:00:00,1,Collision with vehicle,5,Friday,130,REAR END(VEHICLES IN SAME LANE),9,48240,Cross intersection,3,60,Arterial Other,GORGE,WHITTLESEA,-37.651627,145.09183,2019,7,July,16,Afternoon Peak,Weekday
T20190013948,2019-07-26,18:50:00,1,Collision with vehicle,5,Friday,113,RIGHT NEAR (INTERSECTIONS ONLY),5,39528,T intersection,3,80,Arterial Highway,WHITEHORSE,WHITEHORSE,-37.81736,145.18617,2019,7,July,18,Afternoon Peak,Weekday
T20190016162,2019-07-26,18:00:00,1,Collision with vehicle,5,Friday,130,REAR END(VEHICLES IN SAME LANE),2,38438,T intersection,3,60,Local Road,DIANE,YARRA RANGES,-37.78254,145.31152,2019,7,July,18,Afternoon Peak,Weekday
T20190013945,2019-07-26,18:15:00,1,Collision with vehicle,5,Friday,110,CROSS TRAFFIC(INTERSECTIONS ONLY),3,45524,Cross intersection,3,80,Arterial Other,DERRIMUT ROAD -HOPKINS,MELTON,-37.80502,144.69594,2019,7,July,18,Afternoon Peak,Weekday
T20190013944,2019-07-26,20:00:00,1,Collision with vehicle,5,Friday,130,REAR END(VEHICLES IN SAME LANE),6,144,T intersection,3,60,Arterial Highway,ALEXANDRA,YARRA,-37.79382,144.98271,2019,7,July,20,Night,Weekday
T20190013943,2019-07-26,18:35:00,1,Collision with vehicle,5,Friday,110,CROSS TRAFFIC(INTERSECTIONS ONLY),3,52865,Cross intersection,2,60,Arterial Other,VICTORIA,BALLARAT,-37.56057,143.8771,2019,7,July,18,Afternoon Peak,Weekday
T20190014008,2019-07-27,17:30:00,1,Collision with vehicle,6,Saturday,121,RIGHT THROUGH,2,342238,T intersection,3,60,Arterial Other,GAFFNEY,MORELAND,-37.732674,144.95122,2019,7,July,17,Afternoon Peak,Weekend
T20190013993,2019-07-27,13:58:00,1,Collision with vehicle,6,Saturday,130,REAR END(VEHICLES IN SAME LANE),1,582825,Not at intersection,2,100,Local Road,BUNINYONG-MT MERCER,GOLDEN PLAINS,-37.74589,143.8917,2019,7,July,13,Midday,Weekend
T20190013997,2019-07-27,09:54:00,1,Collision with vehicle,6,Saturday,133,LANE SIDE SWIPE (VEHICLES IN PARALLEL LANES),1,360479,Not at intersection,2,100,Arterial Other,CLUNES-CRESWICK,BALLARAT,-37.36602,143.8555,2019,7,July,9,Morning Peak,Weekend
T20190013998,2019-07-27,16:45:00,1,Collision with vehicle,6,Saturday,120,HEAD ON (NOT OVERTAKING),1,581888,Not at intersection,2,60,Local Road,WIRRAWAY,LATROBE,-38.183678,146.25441,2019,7,July,16,Afternoon Peak,Weekend
T20190013967,2019-07-27,07:25:00,8,No collision and no object struck,6,Saturday,170,OFF CARRIAGEWAY TO LEFT,1,354396,Not at intersection,3,60,Arterial Other,NICHOLSON,YARRA,-37.79011,144.97627,2019,7,July,7,Morning Peak,Weekend
T20190014023,2019-07-27,05:50:00,1,Collision with vehicle,6,Saturday,160,VEHICLE COLLIDES WITH VEHICLE PARKED ON LEFT OF ROAD,3,605054,Not at intersection,3,50,Local Road,WORDSWORTH,KINGSTON,-37.93811,145.13177,2019,7,July,5,Morning Peak,Weekend
T20190013971,2019-07-27,10:15:00,1,Collision with vehicle,6,Saturday,113,RIGHT NEAR (INTERSECTIONS ONLY),1,605053,T intersection,3,60,Local Road,HIGH,GEELONG,-38.17907,144.33844,2019,7,July,10,Midday,Weekend
T20190013969,2019-07-27,09:25:00,1,Collision with vehicle,6,Saturday,110,CROSS TRAFFIC(INTERSECTIONS ONLY),1,38699,Cross intersection,3,60,Arterial Other,WILLIAMSTOWN,MARIBYRNONG,-37.81579,144.8829,2019,7,July,9,Morning Peak,Weekend
T20190014678,2019-07-27,18:30:00,1,Collision with vehicle,6,Saturday,130,REAR END(VEHICLES IN SAME LANE),1,29816,Cross intersection,3,80,Arterial Other,BALLARAT,BRIMBANK,-37.777145,144.8287,2019,7,July,18,Afternoon Peak,Weekend
T20190014001,2019-07-27,15:00:00,5,collision with some other object,6,Saturday,166,STRUCK OBJECT ON CARRIAGEWAY,1,618448,Not at intersection,2,100,Local Road,DELISIO,MILDURA,-35.459114,141.29552,2019,7,July,15,Afternoon Peak,Weekend
T20190013980,2019-07-27,12:20:00,6,Vehicle overturned (no collision),6,Saturday,174,OUT OF CONTROL ON CARRIAGEWAY (ON STRAIGHT),1,293293,Cross intersection,2,60,Arterial Other,DONCASTER,MANNINGHAM,-37.788334,145.10484,2019,7,July,12,Midday,Weekend
T20190014021,2019-07-27,17:00:00,1,Collision with vehicle,6,Saturday,130,REAR END(VEHICLES IN SAME LANE),1,600452,Not at intersection,3,60,Local Road,GREENS,WYNDHAM,-37.886753,144.60738,2019,7,July,17,Afternoon Peak,Weekend
T20190014600,2019-07-27,14:00:00,3,Struck animal,6,Saturday,167,STRUCK ANIMAL,1,612131,Not at intersection,3,80,Local Road,LIMA EAST,BENALLA,-36.826775,145.95033,2019,7,July,14,Midday,Weekend
T20190014015,2019-07-27,21:34:00,4,Collision with a fixed object,6,Saturday,171,LEFT OFF CARRIAGEWAY INTO OBJECT/PARKED VEHICLE,3,651683,Not at intersection,2,60,Arterial Other,SETTLEMENT,WHITTLESEA,-37.691025,145.02895,2019,7,July,21,Night,Weekend
T20190014022,2019-07-27,23:41:00,2,Struck Pedestrian,6,Saturday,102,FAR SIDE. PED HIT BY VEHICLE FROM THE LEFT,3,354308,Cross intersection,2,80,Arterial Highway,MITCHAM,WHITEHORSE,-37.816437,145.19368,2019,7,July,23,Night,Weekend
T20190014263,2019-07-27,12:00:00,1,Collision with vehicle,6,Saturday,130,REAR END(VEHICLES IN SAME LANE),1,358428,Multiple intersection,3,80,Arterial Other,SUNSHINE,BRIMBANK,-37.70203,144.8017,2019,7,July,12,Midday,Weekend
T20190014005,2019-07-27,18:29:00,1,Collision with vehicle,6,Saturday,130,REAR END(VEHICLES IN SAME LANE),3,354760,Not at intersection,3,60,Arterial Other,STATION,DAREBIN,-37.76384,145.02066,2019,7,July,18,Afternoon Peak,Weekend
T20190014035,2019-07-27,16:35:00,1,Collision with vehicle,6,Saturday,121,RIGHT THROUGH,2,72764,T intersection,3,80,Arterial Highway,PRINCES,BAW BAW,-38.203194,146.05957,2019,7,July,16,Afternoon Peak,Weekend
T20190014114,2019-07-27,16:30:00,1,Collision with vehicle,6,Saturday,130,REAR END(VEHICLES IN SAME LANE),1,58689,T intersection,3,60,Arterial Other,MELROSE,WODONGA,-36.13079,146.8654,2019,7,July,16,Afternoon Peak,Weekend
T20190013981,2019-07-27,12:41:00,1,Collision with vehicle,6,Saturday,110,CROSS TRAFFIC(INTERSECTIONS ONLY),1,58397,Cross intersection,2,80,Arterial Highway,MURRAY VALLEY,MOIRA,-35.934547,145.65988,2019,7,July,12,Midday,Weekend
T20190014014,2019-07-27,14:35:00,1,Collision with vehicle,6,Saturday,110,CROSS TRAFFIC(INTERSECTIONS ONLY),1,45523,Cross intersection,2,80,Local Road,BOUNDARY,WYNDHAM,-37.800945,144.65945,2019,7,July,14,Midday,Weekend
T20190013983,2019-07-27,10:15:00,4,Collision with a fixed object,6,Saturday,181,OFF RIGHT BEND INTO OBJECT/PARKED VEHICLE,1,360323,Not at intersection,3,100,Local Road,LAKE,TOWONG,-36.107475,147.05632,2019,7,July,10,Midday,Weekend
T20190014739,2019-07-27,11:00:00,6,Vehicle overturned (no collision),6,Saturday,180,OFF CARRIAGEWAY ON RIGHT BEND,1,360473,Not at intersection,2,100,Local Road,CHINAMAN,BENALLA,-36.867126,145.86815,2019,7,July,11,Midday,Weekend
T20190020276,2019-07-27,20:30:00,1,Collision with vehicle,6,Saturday,116,LEFT NEAR (INTERSECTIONS ONLY),3,604786,Cross intersection,3,50,Local Road,ST JAMES,DANDENONG,-37.953613,145.14557,2019,7,July,20,Night,Weekend
T20190014052,2019-07-27,16:50:00,1,Collision with vehicle,6,Saturday,140,U TURN,1,48790,T intersection,2,50,Local Road,EXCELSIOR,FRANKSTON,-38.122814,145.1625,2019,7,July,16,Afternoon Peak,Weekend
T20190013984,2019-07-27,11:45:00,1,Collision with vehicle,6,Saturday,130,REAR END(VEHICLES IN SAME LANE),1,578461,Not at intersection,3,60,Local Road,JETTY,GEELONG,-38.182953,144.55046,2019,7,July,11,Midday,Weekend
T20190013987,2019-07-27,10:30:00,1,Collision with vehicle,6,Saturday,160,VEHICLE COLLIDES WITH VEHICLE PARKED ON LEFT OF ROAD,1,354765,Not at intersection,2,50,Local Road,HUDSON,GLEN EIRA,-37.8795,145.0309,2019,7,July,10,Midday,Weekend
T20190014024,2019-07-27,23:38:00,1,Collision with vehicle,6,Saturday,130,REAR END(VEHICLES IN SAME LANE),3,356025,Not at intersection,3,60,Arterial Highway,NAPIER,BENDIGO,-36.728928,144.30684,2019,7,July,23,Night,Weekend
T20190013990,2019-07-27,10:03:00,1,Collision with vehicle,6,Saturday,120,HEAD ON (NOT OVERTAKING),1,615839,Not at intersection,2,100,Arterial Other,BALLAN-DAYLESFORD,MOORABOOL,-37.542107,144.18224,2019,7,July,10,Midday,Weekend
T20190014335,2019-07-28,17:45:00,1,Collision with vehicle,7,Sunday,140,U TURN,2,651965,Not at intersection,3,60,Arterial Highway,ABERDEEN,GEELONG,-38.146843,144.34782,2019,7,July,17,Afternoon Peak,Weekend
T20190014657,2019-07-28,13:30:00,6,Vehicle overturned (no collision),7,Sunday,180,OFF CARRIAGEWAY ON RIGHT BEND,1,360439,T intersection,3,80,Arterial Other,WOODS POINT,YARRA RANGES,-37.591915,145.90831,2019,7,July,13,Midday,Weekend
T20190014321,2019-07-28,20:30:00,1,Collision with vehicle,7,Sunday,121,RIGHT THROUGH,3,35558,Cross intersection,3,60,Arterial Highway,WARRIGAL,STONNINGTON,-37.875427,145.0916,2019,7,July,20,Night,Weekend
T20190014037,2019-07-28,08:15:00,4,Collision with a fixed object,7,Sunday,171,LEFT OFF CARRIAGEWAY INTO OBJECT/PARKED VEHICLE,1,651962,Not at intersection,2,100,Freeway,MONASH,MONASH,-37.927273,145.18256,2019,7,July,8,Morning Peak,Weekend
T20190015569,2019-07-28,13:30:00,1,Collision with vehicle,7,Sunday,110,CROSS TRAFFIC(INTERSECTIONS ONLY),1,584258,Cross intersection,3,50,Local Road,DARWINIA,WARRNAMBOOL,-38.357773,142.45091,2019,7,July,13,Midday,Weekend
T20190014025,2019-07-28,01:15:00,4,Collision with a fixed object,7,Sunday,171,LEFT OFF CARRIAGEWAY INTO OBJECT/PARKED VEHICLE,3,841,Cross intersection,2,80,Arterial Highway,LOWER DANDENONG,KINGSTON,-37.986614,145.10925,2019,7,July,1,Late Night,Weekend
T20190014050,2019-07-28,13:11:00,6,Vehicle overturned (no collision),7,Sunday,174,OUT OF CONTROL ON CARRIAGEWAY (ON STRAIGHT),1,607118,T intersection,3,50,Local Road,WINDSOR,MORELAND,-37.7242,144.9449,2019,7,July,13,Midday,Weekend