ACCIDENT_NO,ACCIDENT_DATE,ACCIDENT_TIME,ACCIDENT_TYPE,ACCIDENT_TYPE_DESC,DAY_OF_WEEK,DAY_WEEK_DESC,DCA_CODE,DCA_DESC,LIGHT_CONDITION,NODE_ID,ROAD_GEOMETRY_DESC,SEVERITY,SPEED_ZONE,RMA,ROAD_NAME,LGA_NAME,LATITUDE,LONGITUDE,YEAR,MONTH,MONTH_NAME,HOUR,TIME_PERIOD,DAY_TYPE
T20190014632,2019-07-28,16:30:00,1,Collision with vehicle,7,Sunday,130,REAR END(VEHICLES IN SAME LANE),1,215693,Not at intersection,3,60,Arterial Highway,GOULBURN VALLEY,MURRINDINDI,-37.16465,145.54395,2019,7,July,16,Afternoon Peak,Weekend
T20190014067,2019-07-28,19:50:00,4,Collision with a fixed object,7,Sunday,171,LEFT OFF CARRIAGEWAY INTO OBJECT/PARKED VEHICLE,5,624127,Not at intersection,2,100,Arterial Highway,HAMILTON,SOUTHERN GRAMPIANS,-37.794746,142.16545,2019,7,July,19,Night,Weekend
T20190014066,2019-07-28,14:58:00,2,Struck Pedestrian,7,Sunday,100,PED NEAR SIDE. PED HIT BY VEHICLE FROM THE RIGHT.,1,35359,Cross intersection,3,40,Local Road,BOURKE,MELBOURNE,-37.814247,144.96317,2019,7,July,14,Midday,Weekend
T20190014097,2019-07-28,19:20:00,4,Collision with a fixed object,7,Sunday,171,LEFT OFF CARRIAGEWAY INTO OBJECT/PARKED VEHICLE,5,655302,Not at intersection,2,100,Arterial Highway,SURF COAST,SURF COAST,-38.28602,144.32524,2019,7,July,19,Night,Weekend
T20190015197,2019-07-28,18:30:00,1,Collision with vehicle,7,Sunday,110,CROSS TRAFFIC(INTERSECTIONS ONLY),2,42143,Cross intersection,3,50,Local Road,SPRING,BAYSIDE,-37.94396,145.03279,2019,7,July,18,Afternoon Peak,Weekend
T20190014063,2019-07-28,16:32:00,1,Collision with vehicle,7,Sunday,130,REAR END(VEHICLES IN SAME LANE),1,651961,Not at intersection,2,70,Arterial Other,WARRIGAL,WHITEHORSE,-37.8501,145.09566,2019,7,July,16,Afternoon Peak,Weekend
T20190014045,2019-07-28,10:28:00,1,Collision with vehicle,7,Sunday,120,HEAD ON (NOT OVERTAKING),1,580264,Not at intersection,3,100,Arterial Other,DONNA BUANG,YARRA RANGES,-37.732384,145.7215,2019,7,July,10,Midday,Weekend
T20190014584,2019-07-28,12:39:00,1,Collision with vehicle,7,Sunday,130,REAR END(VEHICLES IN SAME LANE),1,106602,Not at intersection,2,60,Arterial Other,HIGH,DAREBIN,-37.70866,145.00897,2019,7,July,12,Midday,Weekend
T20190016751,2019-07-28,16:40:00,1,Collision with vehicle,7,Sunday,140,U TURN,1,582569,Not at intersection,2,50,Local Road,KNIGHT,BENDIGO,-36.73956,144.29729,2019,7,July,16,Afternoon Peak,Weekend
T20190014060,2019-07-28,14:00:00,1,Collision with vehicle,7,Sunday,130,REAR END(VEHICLES IN SAME LANE),1,601849,Not at intersection,3,70,Arterial Highway,BULLEEN,BOROONDARA,-37.777546,145.07874,2019,7,July,14,Midday,Weekend
T20190014034,2019-07-28,09:40:00,1,Collision with vehicle,7,Sunday,143,ENTERING PARKING,1,586153,Not at intersection,3,40,Local Road,WILLIAM,MELBOURNE,-37.811214,144.95619,2019,7,July,9,Morning Peak,Weekend
T20190020822,2019-07-28,19:23:00,1,Collision with vehicle,7,Sunday,121,RIGHT THROUGH,3,41910,Cross intersection,3,50,Arterial Other,FERNTREE GULLY,KNOX,-37.888435,145.26291,2019,7,July,19,Night,Weekend
T20190022914,2019-07-28,06:42:00,1,Collision with vehicle,7,Sunday,169,OTHER ON PATH,3,608455,Not at intersection,3,50,Local Road,BARCLAY,MAROONDAH,-37.81067,145.28926,2019,7,July,6,Morning Peak,Weekend
T20190014042,2019-07-28,11:45:00,1,Collision with vehicle,7,Sunday,160,VEHICLE COLLIDES WITH VEHICLE PARKED ON LEFT OF ROAD,1,358415,Not at intersection,3,50,Local Road,DERBY,MORELAND,-37.71954,144.9478,2019,7,July,11,Midday,Weekend
T20190014115,2019-07-28,14:00:00,1,Collision with vehicle,7,Sunday,111,RIGHT FAR (INTERSECTIONS ONLY),1,595566,Multiple intersection,2,80,Arterial Highway,CHELTENHAM,DANDENONG,-37.99258,145.19225,2019,7,July,14,Midday,Weekend
T20190014038,2019-07-28,08:30:00,1,Collision with vehicle,7,Sunday,152,PULLING OUT (OVERTAKING),1,38688,Cross intersection,2,80,Arterial Highway,GEELONG,MARIBYRNONG,-37.803978,144.8828,2019,7,July,8,Morning Peak,Weekend
T20190014124,2019-07-29,18:10:00,2,Struck Pedestrian,1,Monday,102,FAR SIDE. PED HIT BY VEHICLE FROM THE LEFT,3,356772,Cross intersection,3,80,Arterial Highway,DANDENONG,GLEN EIRA,-37.884747,145.06732,2019,7,July,18,Afternoon Peak,Weekday
T20190014125,2019-07-29,18:22:00,1,Collision with vehicle,1,Monday,121,RIGHT THROUGH,3,39334,T intersection,3,60,Arterial Other,DONCASTER,MANNINGHAM,-37.787403,145.12932,2019,7,July,18,Afternoon Peak,Weekday
T20190014126,2019-07-29,18:21:00,1,Collision with vehicle,1,Monday,147,VEHICLE STRIKES ANOTHER VEH WHILE EMERGING FROM DRIVEWAY,3,356764,T intersection,3,50,Local Road,PANAMAX,MELTON,-37.76033,144.74673,2019,7,July,18,Afternoon Peak,Weekday
T20190014127,2019-07-29,17:30:00,4,Collision with a fixed object,1,Monday,171,LEFT OFF CARRIAGEWAY INTO OBJECT/PARKED VEHICLE,1,357687,Not at intersection,2,100,Arterial Highway,MIDLAND,MOUNT ALEXANDER,-37.12042,144.17921,2019,7,July,17,Afternoon Peak,Weekday
T20190014129,2019-07-29,18:24:00,2,Struck Pedestrian,1,Monday,106,VEH STRIKES PED ON FOOTPATH/MEDIAN/TRAFFIC ISLAND.,3,605615,Not at intersection,3,40,Local Road,BARROW,MORELAND,-37.745583,144.97238,2019,7,July,18,Afternoon Peak,Weekday
T20190014134,2019-07-29,19:00:00,1,Collision with vehicle,1,Monday,134,LANE CHANGE RIGHT (NOT OVERTAKING),3,652328,Not at intersection,2,60,Arterial Other,PRINCES,WYNDHAM,-37.893196,144.68185,2019,7,July,19,Night,Weekday
T20190014137,2019-07-29,22:30:00,4,Collision with a fixed object,1,Monday,171,LEFT OFF CARRIAGEWAY INTO OBJECT/PARKED VEHICLE,3,578704,Not at intersection,2,60,Arterial Other,SAYERS,WYNDHAM,-37.85159,144.71785,2019,7,July,22,Night,Weekday
T20190014073,2019-07-29,04:06:00,1,Collision with vehicle,1,Monday,120,HEAD ON (NOT OVERTAKING),3,605614,Cross intersection,2,70,Arterial Highway,ST GEORGES,DAREBIN,-37.75884,144.99312,2019,7,July,4,Late Night,Weekday
T20190014076,2019-07-29,05:54:00,4,Collision with a fixed object,1,Monday,164,PERMANENT OBSTRUCTION ON CARRIAGEWAY,3,118199,Not at intersection,3,50,Local Road,LLOYD,MELBOURNE,-37.80198,144.93071,2019,7,July,5,Morning Peak,Weekday
T20190014077,2019-07-29,05:55:00,1,Collision with vehicle,1,Monday,121,RIGHT THROUGH,3,39802,Cross intersection,2,80,Arterial Other,CANTERBURY,MAROONDAH,-37.823624,145.29655,2019,7,July,5,Morning Peak,Weekday
T20190014078,2019-07-29,08:45:00,2,Struck Pedestrian,1,Monday,101,PED EMERGES FROM IN FRONT OF PARKED OR STATIONARY VEHICLE,1,360329,Not at intersection,2,60,Arterial Other,CANTERBURY,BOROONDARA,-37.825043,145.0897,2019,7,July,8,Morning Peak,Weekday
T20190014084,2019-07-29,06:40:00,1,Collision with vehicle,1,Monday,121,RIGHT THROUGH,3,39697,Cross intersection,3,80,Arterial Highway,MAROONDAH,MAROONDAH,-37.79783,145.25394,2019,7,July,6,Morning Peak,Weekday
T20190014085,2019-07-29,09:15:00,4,Collision with a fixed object,1,Monday,171,LEFT OFF CARRIAGEWAY INTO OBJECT/PARKED VEHICLE,1,580267,Not at intersection,3,40,Local Road,ABBOTT,YARRA,-37.797302,144.99672,2019,7,July,9,Morning Peak,Weekday
T20200013362,2019-07-29,19:00:00,8,No collision and no object struck,1,Monday,174,OUT OF CONTROL ON CARRIAGEWAY (ON STRAIGHT),9,657382,Not at intersection,3,50,Arterial Other,SYDNEY,MORELAND,-37.762585,144.96289,2019,7,July,19,Night,Weekday
T20190014139,2019-07-29,18:00:00,2,Struck Pedestrian,1,Monday,100,PED NEAR SIDE. PED HIT BY VEHICLE FROM THE RIGHT.,3,349173,Not at intersection,1,60,Local Road,MCCORMICKS,FRANKSTON,-38.115665,145.19432,2019,7,July,18,Afternoon Peak,Weekday
T20190014112,2019-07-29,16:02:00,1,Collision with vehicle,1,Monday,121,RIGHT THROUGH,1,277120,T intersection,2,80,Arterial Highway,ANZAC PARADE -KIEWA VALLEY,WODONGA,-36.147717,146.92815,2019,7,July,16,Afternoon Peak,Weekday
T20190014092,2019-07-29,11:43:00,2,Struck Pedestrian,1,Monday,101,PED EMERGES FROM IN FRONT OF PARKED OR STATIONARY VEHICLE,1,360339,Not at intersection,2,50,Local Road,DAWSON,MORELAND,-37.771526,144.96107,2019,7,July,11,Midday,Weekday
T20190014093,2019-07-29,12:15:00,1,Collision with vehicle,1,Monday,131,LEFT REAR,1,41523,T intersection,2,60,Arterial Highway,NORTH,GLEN EIRA,-37.908646,145.07832,2019,7,July,12,Midday,Weekday
T20190014691,2019-07-29,16:50:00,1,Collision with vehicle,1,Monday,140,U TURN,1,600746,Not at intersection,3,100,Arterial Other,BRIDGEWATER,GLENELG,-38.34942,141.51674,2019,7,July,16,Afternoon Peak,Weekday
T20190014141,2019-07-29,22:38:00,1,Collision with vehicle,1,Monday,160,VEHICLE COLLIDES WITH VEHICLE PARKED ON LEFT OF ROAD,3,582113,Not at intersection,2,50,Local Road,HAMPSHIRE,BRIMBANK,-37.78371,144.83228,2019,7,July,22,Night,Weekday
T20190014094,2019-07-29,12:05:00,1,Collision with vehicle,1,Monday,132,RIGHT REAR.,1,589985,T intersection,3,60,Local Road,ORDISH,DANDENONG,-38.01617,145.19418,2019,7,July,12,Midday,Weekday
T20190014146,2019-07-29,06:55:00,1,Collision with vehicle,1,Monday,116,LEFT NEAR (INTERSECTIONS ONLY),3,42879,T intersection,2,50,Arterial Highway,SPRINGVALE,DANDENONG,-37.96715,145.14929,2019,7,July,6,Morning Peak,Weekday
T20190014095,2019-07-29,09:17:00,1,Collision with vehicle,1,Monday,130,REAR END(VEHICLES IN SAME LANE),1,355219,Cross intersection,3,70,Arterial Highway,SPRINGVALE,WHITEHORSE,-37.834854,145.17271,2019,7,July,9,Morning Peak,Weekday
T20190014108,2019-07-29,13:45:00,1,Collision with vehicle,1,Monday,120,HEAD ON (NOT OVERTAKING),1,356770,Not at intersection,2,60,Local Road,OHERNS,WHITTLESEA,-37.63368,144.9892,2019,7,July,13,Midday,Weekday
T20190014109,2019-07-29,15:00:00,4,Collision with a fixed object,1,Monday,173,RIGHT OFF CARRIAGEWAY INTO OBJECT/PARKED VEHICLE,1,652316,Not at intersection,2,100,Local Road,CHILDERS COVE,MOYNE,-38.43537,142.66194,2019,7,July,15,Afternoon Peak,Weekday
T20190014543,2019-07-29,07:00:00,1,Collision with vehicle,1,Monday,130,REAR END(VEHICLES IN SAME LANE),1,627348,Not at intersection,2,100,Freeway,PENINSULA LINK,MORNINGTON PENINSULA,-38.1979,145.14764,2019,7,July,7,Morning Peak,Weekday
T20190019034,2019-07-29,18:15:00,1,Collision with vehicle,1,Monday,130,REAR END(VEHICLES IN SAME LANE),9,41155,Cross intersection,3,60,Local Road,HEAD,BAYSIDE,-37.89231,144.99545,2019,7,July,18,Afternoon Peak,Weekday
T20190014243,2019-07-29,18:15:00,1,Collision with vehicle,1,Monday,121,RIGHT THROUGH,3,39605,Cross intersection,3,60,Arterial Highway,MAROONDAH,MAROONDAH,-37.81696,145.22049,2019,7,July,18,Afternoon Peak,Weekday
T20190014593,2019-07-29,17:00:00,6,Vehicle overturned (no collision),1,Monday,174,OUT OF CONTROL ON CARRIAGEWAY (ON STRAIGHT),9,49248,Cross intersection,3,60,Local Road,CROWN,BALLARAT,-37.598522,143.83151,2019,7,July,17,Afternoon Peak,Weekday
T20190014606,2019-07-29,08:40:00,1,Collision with vehicle,1,Monday,121,RIGHT THROUGH,1,659113,Not at intersection,2,80,Arterial Highway,MIDLAND,BALLARAT,-37.639313,143.85475,2019,7,July,8,Morning Peak,Weekday
T20190014110,2019-07-29,14:02:00,1,Collision with vehicle,1,Monday,121,RIGHT THROUGH,1,41473,T intersection,2,70,Arterial Other,MURRUMBEENA,GLEN EIRA,-37.89947,145.06468,2019,7,July,14,Midday,Weekday
T20190014194,2019-07-29,07:09:00,1,Collision with vehicle,1,Monday,121,RIGHT THROUGH,2,42243,T intersection,3,60,Arterial Other,WICKHAM,KINGSTON,-37.947247,145.0591,2019,7,July,7,Morning Peak,Weekday
T20190014183,2019-07-29,08:00:00,1,Collision with vehicle,1,Monday,133,LANE SIDE SWIPE (VEHICLES IN PARALLEL LANES),1,360492,Not at intersection,3,80,Arterial Other,HUME,HUME,-37.59925,144.94383,2019,7,July,8,Morning Peak,Weekday
T20190014096,2019-07-29,12:30:00,1,Collision with vehicle,1,Monday,110,CROSS TRAFFIC(INTERSECTIONS ONLY),1,29372,Cross intersection,3,60,Arterial Highway,RACECOURSE,MELBOURNE,-37.789406,144.94217,2019,7,July,12,Midday,Weekday
T20190017418,2019-07-29,17:45:00,1,Collision with vehicle,1,Monday,134,LANE CHANGE RIGHT (NOT OVERTAKING),3,245753,Not at intersection,2,60,Arterial Other,HIGH,STONNINGTON,-37.85379,145.0076,2019,7,July,17,Afternoon Peak,Weekday
T20190014173,2019-07-29,21:10:00,1,Collision with vehicle,1,Monday,111,RIGHT FAR (INTERSECTIONS ONLY),3,661202,Cross intersection,3,60,Arterial Highway,NORTH ROAD,GLEN EIRA,-37.899746,145.00636,2019,7,July,21,Night,Weekday
T20190014158,2019-07-29,21:26:00,1,Collision with vehicle,1,Monday,160,VEHICLE COLLIDES WITH VEHICLE PARKED ON LEFT OF ROAD,3,581638,Not at intersection,2,60,Arterial Other,JASPER,GLEN EIRA,-37.923607,145.04077,2019,7,July,21,Night,Weekday
T20190014824,2019-07-29,06:30:00,1,Collision with vehicle,1,Monday,130,REAR END(VEHICLES IN SAME LANE),9,652321,Not at intersection,3,60,Arterial Other,DONNYBROOK,HUME,-37.54063,144.94727,2019,7,July,6,Morning Peak,Weekday
T20190014265,2019-07-29,08:50:00,6,Vehicle overturned (no collision),1,Monday,174,OUT OF CONTROL ON CARRIAGEWAY (ON STRAIGHT),1,36625,Cross intersection,3,30,Local Road,EASEY,YARRA,-37.79788,144.98758,2019,7,July,8,Morning Peak,Weekday
T20190016975,2019-07-29,19:10:00,4,Collision with a fixed object,1,Monday,171,LEFT OFF CARRIAGEWAY INTO OBJECT/PARKED VEHICLE,5,583116,Not at intersection,3,80,Local Road,CRAIGIEBURN,HUME,-37.587227,144.85811,2019,7,July,19,Night,Weekday
T20190014309,2019-07-29,16:30:00,1,Collision with vehicle,1,Monday,134,LANE CHANGE RIGHT (NOT OVERTAKING),1,359538,Not at intersection,3,50,Local Road,THE AVENUE,HOBSONS BAY,-37.82706,144.87958,2019,7,July,16,Afternoon Peak,Weekday
T20190015263,2019-07-29,12:40:00,4,Collision with a fixed object,1,Monday,164,PERMANENT OBSTRUCTION ON CARRIAGEWAY,1,360588,Not at intersection,3,50,Local Road,FEDRA,MORNINGTON PENINSULA,-38.25868,145.05576,2019,7,July,12,Midday,Weekday
T20190014118,2019-07-29,15:30:00,2,Struck Pedestrian,1,Monday,102,FAR SIDE. PED HIT BY VEHICLE FROM THE LEFT,1,356763,Cross intersection,3,40,Local Road,PARK,MONASH,-37.88182,145.1241,2019,7,July,15,Afternoon Peak,Weekday
T20200008547,2019-07-29,06:30:00,1,Collision with vehicle,1,Monday,130,REAR END(VEHICLES IN SAME LANE),3,29437,Cross intersection,3,60,Arterial Highway,GREENSBOROUGH,BANYULE,-37.71091,145.08499,2019,7,July,6,Morning Peak,Weekday
T20190014116,2019-07-29,16:09:00,1,Collision with vehicle,1,Monday,163,VEHICLE STRIKES DOOR OF PARKED/STATIONARY VEHICLE,1,657065,Not at intersection,3,40,Local Road,ELGIN,MELBOURNE,-37.79788,144.97418,2019,7,July,16,Afternoon Peak,Weekday
T20190014119,2019-07-29,17:30:00,7,Fall from or in moving vehicle,1,Monday,173,RIGHT OFF CARRIAGEWAY INTO OBJECT/PARKED VEHICLE,3,36808,Cross intersection,2,40,Arterial Other,DUDLEY,MELBOURNE,-37.810955,144.94783,2019,7,July,17,Afternoon Peak,Weekday
T20190014405,2019-07-29,19:45:00,1,Collision with vehicle,1,Monday,147,VEHICLE STRIKES ANOTHER VEH WHILE EMERGING FROM DRIVEWAY,3,605617,Not at intersection,3,60,Arterial Other,SUNSHINE,MARIBYRNONG,-37.802254,144.88289,2019,7,July,19,Night,Weekday
T20190018502,2019-07-30,21:30:00,1,Collision with vehicle,2,Tuesday,130,REAR END(VEHICLES IN SAME LANE),3,94958,Not at intersection,3,80,Arterial Highway,NEPEAN,BAYSIDE,-37.906612,145.00856,2019,7,July,21,Night,Weekday
T20190014196,2019-07-30,17:35:00,1,Collision with vehicle,2,Tuesday,132,RIGHT REAR.,5,246470,T intersection,2,60,Local Road,ALSOP,GEELONG,-38.169975,144.3374,2019,7,July,17,Afternoon Peak,Weekday
T20190014206,2019-07-30,21:00:00,4,Collision with a fixed object,2,Tuesday,183,OFF LEFT BEND INTO OBJECT/PARKED VEHICLE,3,360429,Not at intersection,3,40,Local Road,BRUNET,DANDENONG,-37.96953,145.21225,2019,7,July,21,Night,Weekday
T20190014156,2019-07-30,07:28:00,2,Struck Pedestrian,2,Tuesday,102,FAR SIDE. PED HIT BY VEHICLE FROM THE LEFT,1,324796,Cross intersection,3,60,Arterial Other,FERNTREE GULLY,KNOX,-37.888542,145.263,2019,7,July,7,Morning Peak,Weekday
T20190014166,2019-07-30,06:30:00,4,Collision with a fixed object,2,Tuesday,183,OFF LEFT BEND INTO OBJECT/PARKED VEHICLE,5,652481,Not at intersection,2,80,Local Road,GREENHILL,BALLARAT,-37.615913,143.88297,2019,7,July,6,Morning Peak,Weekday
T20190014199,2019-07-30,18:30:00,1,Collision with vehicle,2,Tuesday,120,HEAD ON (NOT OVERTAKING),5,605859,Not at intersection,3,80,Local Road,PAYNES,YARRA RANGES,-37.735683,145.31337,2019,7,July,18,Afternoon Peak,Weekday
T20190014200,2019-07-30,17:56:00,1,Collision with vehicle,2,Tuesday,147,VEHICLE STRIKES ANOTHER VEH WHILE EMERGING FROM DRIVEWAY,3,357685,Not at intersection,3,40,Local Road,EASTWOOD,MELBOURNE,-37.78904,144.92969,2019,7,July,17,Afternoon Peak,Weekday
T20190014160,2019-07-30,06:44:00,2,Struck Pedestrian,2,Tuesday,100,PED NEAR SIDE. PED HIT BY VEHICLE FROM THE RIGHT.,2,35408,Cross intersection,2,60,Arterial Other,HIGH,MELBOURNE,-37.85022,144.98064,2019,7,July,6,Morning Peak,Weekday
T20190014209,2019-07-30,17:39:00,1,Collision with vehicle,2,Tuesday,120,HEAD ON (NOT OVERTAKING),1,42409,T intersection,2,60,Arterial Other,CENTRE,KINGSTON,-37.9284,145.11775,2019,7,July,17,Afternoon Peak,Weekday
T20190015356,2019-07-30,08:10:00,1,Collision with vehicle,2,Tuesday,113,RIGHT NEAR (INTERSECTIONS ONLY),1,67992,T intersection,3,60,Arterial Other,HIGH STREET,MONASH,-37.87061,145.1346,2019,7,July,8,Morning Peak,Weekday
T20190014224,2019-07-30,15:30:00,1,Collision with vehicle,2,Tuesday,135,LANE CHANGE LEFT (NOT OVERTAKING),1,591242,Not at intersection,2,100,Freeway,PRINCES,CASEY,-38.04769,145.34753,2019,7,July,15,Afternoon Peak,Weekday
T20190014290,2019-07-30,18:45:00,1,Collision with vehicle,2,Tuesday,130,REAR END(VEHICLES IN SAME LANE),2,349555,Not at intersection,3,60,Arterial Highway,PUNT,STONNINGTON,-37.83859,144.98647,2019,7,July,18,Afternoon Peak,Weekday
T20190014201,2019-07-30,16:15:00,1,Collision with vehicle,2,Tuesday,130,REAR END(VEHICLES IN SAME LANE),1,585586,Not at intersection,2,70,Arterial Highway,DANDENONG,STONNINGTON,-37.8717,145.0362,2019,7,July,16,Afternoon Peak,Weekday
T20190014204,2019-07-30,18:34:00,1,Collision with vehicle,2,Tuesday,120,HEAD ON (NOT OVERTAKING),3,581106,T intersection,2,70,Arterial Other,FITZSIMONS,MANNINGHAM,-37.741993,145.13644,2019,7,July,18,Afternoon Peak,Weekday
T20190014150,2019-07-30,08:30:00,1,Collision with vehicle,2,Tuesday,130,REAR END(VEHICLES IN SAME LANE),1,59031,T intersection,3,60,Arterial Highway,WYNDHAM,SHEPPARTON,-36.370983,145.40141,2019,7,July,8,Morning Peak,Weekday
T20190014154,2019-07-30,09:50:00,2,Struck Pedestrian,2,Tuesday,107,PED ON FOOTHPATH STRUCK BY VEHENTERING/LEAVING DRIVEWAY.,1,47953,T intersection,3,50,Local Road,BALD HILL,CARDINIA,-38.086475,145.49825,2019,7,July,9,Morning Peak,Weekday
T20190014152,2019-07-30,05:20:00,1,Collision with vehicle,2,Tuesday,153,CUTTING IN (OVERTAKING),5,356769,Not at intersection,3,100,Arterial Other,KOO WEE RUP-LONGWARRY,CARDINIA,-38.190525,145.66032,2019,7,July,5,Morning Peak,Weekday
T20190014255,2019-07-30,06:30:00,1,Collision with vehicle,2,Tuesday,130,REAR END(VEHICLES IN SAME LANE),3,359533,Not at intersection,3,70,Arterial Other,WILLIAMSONS,MANNINGHAM,-37.76042,145.13368,2019,7,July,6,Morning Peak,Weekday
T20190014178,2019-07-30,14:15:00,1,Collision with vehicle,2,Tuesday,110,CROSS TRAFFIC(INTERSECTIONS ONLY),1,241957,Cross intersection,3,60,Local Road,MYRTLE,MURRINDINDI,-37.192684,145.71417,2019,7,July,14,Midday,Weekday
T20190014312,2019-07-30,12:13:00,1,Collision with vehicle,2,Tuesday,163,VEHICLE STRIKES DOOR OF PARKED/STATIONARY VEHICLE,1,652954,Not at intersection,3,40,Local Road,LYGON,MELBOURNE,-37.801273,144.96684,2019,7,July,12,Midday,Weekday
T20190015193,2019-07-30,18:24:00,2,Struck Pedestrian,2,Tuesday,100,PED NEAR SIDE. PED HIT BY VEHICLE FROM THE RIGHT.,9,278457,Cross intersection,3,50,Local Road,EVERTON,WHITTLESEA,-37.593838,145.09068,2019,7,July,18,Afternoon Peak,Weekday
T20190014319,2019-07-30,17:00:00,6,Vehicle overturned (no collision),2,Tuesday,170,OFF CARRIAGEWAY TO LEFT,2,359546,T intersection,3,70,Local Road,ELSWORTH,BALLARAT,-37.58454,143.87935,2019,7,July,17,Afternoon Peak,Weekday
T20190014917,2019-07-30,08:00:00,1,Collision with vehicle,2,Tuesday,147,VEHICLE STRIKES ANOTHER VEH WHILE EMERGING FROM DRIVEWAY,1,652513,Not at intersection,3,50,Local Road,GOULBURN,CAMPASPE,-36.128605,144.76384,2019,7,July,8,Morning Peak,Weekday
T20190017058,2019-07-30,23:00:00,4,Collision with a fixed object,2,Tuesday,171,LEFT OFF CARRIAGEWAY INTO OBJECT/PARKED VEHICLE,5,605628,Not at intersection,3,60,Local Road,SHERBROOKE,YARRA RANGES,-37.878174,145.35202,2019,7,July,23,Night,Weekday
T20190014386,2019-07-30,19:00:00,1,Collision with vehicle,2,Tuesday,110,CROSS TRAFFIC(INTERSECTIONS ONLY),3,22502,Cross intersection,3,80,Arterial Other,LEARMONTH,BALLARAT,-37.524853,143.80957,2019,7,July,19,Night,Weekday
T20190014180,2019-07-30,06:40:00,1,Collision with vehicle,2,Tuesday,135,LANE CHANGE LEFT (NOT OVERTAKING),2,65610,Y intersection,2,60,Arterial Other,VICTORIA,MELBOURNE,-37.80749,144.97069,2019,7,July,6,Morning Peak,Weekday
T20190014182,2019-07-30,14:49:00,1,Collision with vehicle,2,Tuesday,121,RIGHT THROUGH,1,44924,Cross intersection,3,60,Local Road,CAPE NELSON,GLENELG,-38.359856,141.60542,2019,7,July,14,Midday,Weekday
T20190014185,2019-07-30,12:00:00,1,Collision with vehicle,2,Tuesday,130,REAR END(VEHICLES IN SAME LANE),1,588964,Not at intersection,3,80,Arterial Other,STUD,KNOX,-37.8529,145.24368,2019,7,July,12,Midday,Weekday
T20190014174,2019-07-30,14:05:00,7,Fall from or in moving vehicle,2,Tuesday,190,FELL IN/FROM VEHICLE,1,358418,Not at intersection,3,50,Local Road,THOMAS,HOBSONS BAY,-37.851704,144.8958,2019,7,July,14,Midday,Weekday
T20190014170,2019-07-30,12:45:00,8,No collision and no object struck,2,Tuesday,174,OUT OF CONTROL ON CARRIAGEWAY (ON STRAIGHT),1,360322,Not at intersection,3,100,Arterial Highway,MURRAY VALLEY,TOWONG,-36.21739,147.2299,2019,7,July,12,Midday,Weekday
T20190014188,2019-07-30,15:18:00,1,Collision with vehicle,2,Tuesday,137,LEFT TURN SIDESWIPE,1,358434,Not at intersection,3,60,Arterial Other,GRIMSHAW,BANYULE,-37.70079,145.06667,2019,7,July,15,Afternoon Peak,Weekday
T20190014190,2019-07-30,17:08:00,1,Collision with vehicle,2,Tuesday,110,CROSS TRAFFIC(INTERSECTIONS ONLY),1,36489,Cross intersection,3,40,Local Road,BRUNSWICK,YARRA,-37.794735,144.97908,2019,7,July,17,Afternoon Peak,Weekday
T20190014192,2019-07-30,13:13:00,1,Collision with vehicle,2,Tuesday,160,VEHICLE COLLIDES WITH VEHICLE PARKED ON LEFT OF ROAD,1,605858,Not at intersection,3,40,Local Road,LONSDALE,MELBOURNE,-37.810665,144.9678,2019,7,July,13,Midday,Weekday
T20190014470,2019-07-30,12:00:00,1,Collision with vehicle,2,Tuesday,130,REAR END(VEHICLES IN SAME LANE),1,360336,Not at intersection,3,70,Arterial Highway,SPRINGVALE,WHITEHORSE,-37.81223,145.17697,2019,7,July,12,Midday,Weekday
T20190014267,2019-07-31,15:34:00,1,Collision with vehicle,3,Wednesday,151,OUT OF CONTROL (OVERTAKING),1,357688,Not at intersection,3,100,Freeway,WESTERN RING,HUME,-37.69363,144.93343,2019,7,July,15,Afternoon Peak,Weekday
T20190014256,2019-07-31,13:01:00,4,Collision with a fixed object,3,Wednesday,173,RIGHT OFF CARRIAGEWAY INTO OBJECT/PARKED VEHICLE,1,360363,Not at intersection,2,50,Local Road,SAFFRON,CASEY,-38.004845,145.28465,2019,7,July,13,Midday,Weekday
T20190014280,2019-07-31,17:37:00,2,Struck Pedestrian,3,Wednesday,100,PED NEAR SIDE. PED HIT BY VEHICLE FROM THE RIGHT.,3,39991,T intersection,2,50,Arterial Other,MELBOURNE,HOBSONS BAY,-37.842472,144.88313,2019,7,July,17,Afternoon Peak,Weekday
T20190014286,2019-07-31,18:40:00,1,Collision with vehicle,3,Wednesday,110,CROSS TRAFFIC(INTERSECTIONS ONLY),6,267586,Cross intersection,3,60,Arterial Other,DERRIMUT,WYNDHAM,-37.844692,144.6889,2019,7,July,18,Afternoon Peak,Weekday
T20190014287,2019-07-31,20:04:00,2,Struck Pedestrian,3,Wednesday,102,FAR SIDE. PED HIT BY VEHICLE FROM THE LEFT,3,29543,Cross intersection,3,50,Arterial Other,RIVERSDALE,BOROONDARA,-37.82874,145.03421,2019,7,July,20,Night,Weekday
T20200000190,2019-07-31,23:30:00,3,Struck animal,3,Wednesday,167,STRUCK ANIMAL,5,728883,Not at intersection,2,80,Arterial Other,TRARALGON CREEK,LATROBE,-38.29986,146.53838,2019,7,July,23,Night,Weekday
T20190014294,2019-07-31,15:12:00,1,Collision with vehicle,3,Wednesday,120,HEAD ON (NOT OVERTAKING),1,579968,Not at intersection,2,60,Arterial Other,BALLARAT,MARIBYRNONG,-37.786507,144.87793,2019,7,July,15,Afternoon Peak,Weekday
T20190014296,2019-07-31,21:15:00,1,Collision with vehicle,3,Wednesday,110,CROSS TRAFFIC(INTERSECTIONS ONLY),3,58179,Cross intersection,3,100,Local Road,ELEVENTH,MILDURA,-34.23052,142.20639,2019,7,July,21,Night,Weekday