ACCIDENT_NO,ACCIDENT_DATE,ACCIDENT_TIME,ACCIDENT_TYPE,ACCIDENT_TYPE_DESC,DAY_OF_WEEK,DAY_WEEK_DESC,DCA_CODE,DCA_DESC,LIGHT_CONDITION,NODE_ID,ROAD_GEOMETRY_DESC,SEVERITY,SPEED_ZONE,RMA,ROAD_NAME,LGA_NAME,LATITUDE,LONGITUDE,YEAR,MONTH,MONTH_NAME,HOUR,TIME_PERIOD,DAY_TYPE
T20190014298,2019-07-31,22:13:00,2,Struck Pedestrian,3,Wednesday,104,PED WALKING WITH TRAFFIC,3,359531,Not at intersection,2,60,Arterial Other,BLUFF,BAYSIDE,-37.94595,145.02228,2019,7,July,22,Night,Weekday
T20190014308,2019-07-31,17:00:00,1,Collision with vehicle,3,Wednesday,130,REAR END(VEHICLES IN SAME LANE),2,358424,Not at intersection,3,100,Freeway,EASTERN,BOROONDARA,-37.78687,145.05705,2019,7,July,17,Afternoon Peak,Weekday
T20190014250,2019-07-31,08:30:00,4,Collision with a fixed object,3,Wednesday,183,OFF LEFT BEND INTO OBJECT/PARKED VEHICLE,1,600921,Not at intersection,2,80,Arterial Other,KORUMBURRA-WARRAGUL,SOUTH GIPPSLAND,-38.3687,145.84407,2019,7,July,8,Morning Peak,Weekday
T20190014258,2019-07-31,14:00:00,1,Collision with vehicle,3,Wednesday,113,RIGHT NEAR (INTERSECTIONS ONLY),1,36785,T intersection,2,70,Arterial Other,SHARPS,BRIMBANK,-37.706764,144.86601,2019,7,July,14,Midday,Weekday
T20190015252,2019-07-31,16:30:00,1,Collision with vehicle,3,Wednesday,130,REAR END(VEHICLES IN SAME LANE),1,582554,Not at intersection,3,70,Arterial Other,CRANBOURNE,CASEY,-38.031223,145.3062,2019,7,July,16,Afternoon Peak,Weekday
T20190014332,2019-07-31,18:30:00,1,Collision with vehicle,3,Wednesday,130,REAR END(VEHICLES IN SAME LANE),3,581384,T intersection,3,60,Arterial Other,WILLIAMS,STONNINGTON,-37.854916,145.0021,2019,7,July,18,Afternoon Peak,Weekday
T20190014435,2019-07-31,17:30:00,1,Collision with vehicle,3,Wednesday,130,REAR END(VEHICLES IN SAME LANE),2,586155,Not at intersection,3,80,Freeway,MONASH,STONNINGTON,-37.856113,145.05823,2019,7,July,17,Afternoon Peak,Weekday
T20190017134,2019-07-31,10:49:00,2,Struck Pedestrian,3,Wednesday,100,PED NEAR SIDE. PED HIT BY VEHICLE FROM THE RIGHT.,1,589997,Not at intersection,2,70,Arterial Other,PLENTY,WHITTLESEA,-37.657913,145.07735,2019,7,July,10,Midday,Weekday
T20190014862,2019-07-31,18:15:00,1,Collision with vehicle,3,Wednesday,121,RIGHT THROUGH,3,50328,Cross intersection,3,50,Arterial Highway,GEELONG,SURF COAST,-38.325985,144.31758,2019,7,July,18,Afternoon Peak,Weekday
T20190014264,2019-07-31,14:34:00,1,Collision with vehicle,3,Wednesday,130,REAR END(VEHICLES IN SAME LANE),1,605860,Not at intersection,3,60,Arterial Other,PLENTY,WHITTLESEA,-37.67216,145.07068,2019,7,July,14,Midday,Weekday
T20190014254,2019-07-31,11:20:00,1,Collision with vehicle,3,Wednesday,120,HEAD ON (NOT OVERTAKING),1,579967,Not at intersection,2,80,Arterial Other,BALLARAT-MARYBOROUGH,HEPBURN,-37.290073,143.7685,2019,7,July,11,Midday,Weekday
T20190014227,2019-07-31,07:45:00,1,Collision with vehicle,3,Wednesday,143,ENTERING PARKING,1,358420,Not at intersection,3,50,Local Road,DERBY,GLEN EIRA,-37.8761,145.04187,2019,7,July,7,Morning Peak,Weekday
T20190015704,2019-07-31,16:08:00,1,Collision with vehicle,3,Wednesday,134,LANE CHANGE RIGHT (NOT OVERTAKING),9,595964,Not at intersection,3,80,Freeway,CITYLINK,MOONEE VALLEY,-37.73397,144.92473,2019,7,July,16,Afternoon Peak,Weekday
T20190014326,2019-07-31,20:26:00,1,Collision with vehicle,3,Wednesday,113,RIGHT NEAR (INTERSECTIONS ONLY),3,37319,T intersection,3,80,Local Road,NAPOLEON,KNOX,-37.92682,145.26653,2019,7,July,20,Night,Weekday
T20190014381,2019-07-31,07:00:00,1,Collision with vehicle,3,Wednesday,130,REAR END(VEHICLES IN SAME LANE),2,614388,Not at intersection,3,50,Local Road,WANDA,MONASH,-37.919563,145.16483,2019,7,July,7,Morning Peak,Weekday
T20190014231,2019-07-31,09:35:00,1,Collision with vehicle,3,Wednesday,110,CROSS TRAFFIC(INTERSECTIONS ONLY),1,935,Cross intersection,2,60,Arterial Other,DAVEY,FRANKSTON,-38.14625,145.12244,2019,7,July,9,Morning Peak,Weekday
T20190014261,2019-07-31,09:15:00,1,Collision with vehicle,3,Wednesday,121,RIGHT THROUGH,1,278624,Cross intersection,3,50,Local Road,EDGARS,WHITTLESEA,-37.620754,145.00523,2019,7,July,9,Morning Peak,Weekday
T20190014232,2019-07-31,10:45:00,2,Struck Pedestrian,3,Wednesday,102,FAR SIDE. PED HIT BY VEHICLE FROM THE LEFT,1,68116,T intersection,3,50,Arterial Highway,FINCH,STONNINGTON,-37.875298,145.04259,2019,7,July,10,Midday,Weekday
T20190014378,2019-07-31,12:05:00,1,Collision with vehicle,3,Wednesday,110,CROSS TRAFFIC(INTERSECTIONS ONLY),1,45578,Cross intersection,3,50,Local Road,HOPE,MORELAND,-37.762768,144.94974,2019,7,July,12,Midday,Weekday
T20190014742,2019-07-31,10:05:00,1,Collision with vehicle,3,Wednesday,121,RIGHT THROUGH,1,39271,T intersection,3,60,Arterial Other,ELGAR,WHITEHORSE,-37.813934,145.11555,2019,7,July,10,Midday,Weekday
T20190018597,2019-07-31,09:05:00,1,Collision with vehicle,3,Wednesday,110,CROSS TRAFFIC(INTERSECTIONS ONLY),1,352188,Cross intersection,3,80,Arterial Other,BLADON,KNOX,-37.864956,145.23741,2019,7,July,9,Morning Peak,Weekday
T20190015817,2019-07-31,18:20:00,1,Collision with vehicle,3,Wednesday,110,CROSS TRAFFIC(INTERSECTIONS ONLY),3,29938,Cross intersection,3,80,Arterial Highway,PRINCES,GEELONG,-38.091434,144.35637,2019,7,July,18,Afternoon Peak,Weekday
T20190014868,2019-07-31,16:23:00,4,Collision with a fixed object,3,Wednesday,171,LEFT OFF CARRIAGEWAY INTO OBJECT/PARKED VEHICLE,1,581110,Not at intersection,2,60,Arterial Other,THOMPSONS,CASEY,-38.080402,145.26155,2019,7,July,16,Afternoon Peak,Weekday
T20190014214,2019-07-31,00:15:00,4,Collision with a fixed object,3,Wednesday,171,LEFT OFF CARRIAGEWAY INTO OBJECT/PARKED VEHICLE,5,583535,Not at intersection,2,100,Arterial Other,GEELONG-BALLAN,MOORABOOL,-37.700413,144.22374,2019,7,July,0,Late Night,Weekday
T20190014276,2019-07-31,17:10:00,1,Collision with vehicle,3,Wednesday,113,RIGHT NEAR (INTERSECTIONS ONLY),1,281702,T intersection,3,50,Local Road,SANCTUARY LAKES,WYNDHAM,-37.89687,144.7576,2019,7,July,17,Afternoon Peak,Weekday
T20190014331,2019-07-31,13:55:00,7,Fall from or in moving vehicle,3,Wednesday,190,FELL IN/FROM VEHICLE,1,360333,Not at intersection,3,70,Arterial Highway,NORTH,MONASH,-37.911926,145.10619,2019,7,July,13,Midday,Weekday
T20190014895,2019-07-31,08:58:00,1,Collision with vehicle,3,Wednesday,116,LEFT NEAR (INTERSECTIONS ONLY),1,36196,T intersection,2,50,Local Road,ROSSLYN,MELBOURNE,-37.806923,144.95421,2019,7,July,8,Morning Peak,Weekday
T20190014241,2019-07-31,11:30:00,1,Collision with vehicle,3,Wednesday,142,LEAVING PARKING,1,582827,Not at intersection,2,50,Local Road,BARKLY,MARIBYRNONG,-37.799355,144.89604,2019,7,July,11,Midday,Weekday
T20190014233,2019-07-31,10:48:00,1,Collision with vehicle,3,Wednesday,130,REAR END(VEHICLES IN SAME LANE),1,360328,Not at intersection,2,80,Arterial Other,SYDNEY,HUME,-37.647232,144.95209,2019,7,July,10,Midday,Weekday
T20190014242,2019-07-31,07:40:00,2,Struck Pedestrian,3,Wednesday,106,VEH STRIKES PED ON FOOTPATH/MEDIAN/TRAFFIC ISLAND.,1,583974,T intersection,3,40,Local Road,STREETON,WHITTLESEA,-37.66893,145.06827,2019,7,July,7,Morning Peak,Weekday
T20190014282,2019-07-31,16:55:00,1,Collision with vehicle,3,Wednesday,120,HEAD ON (NOT OVERTAKING),1,580819,Not at intersection,2,60,Arterial Other,STANLEY,INDIGO,-36.40112,146.75159,2019,7,July,16,Afternoon Peak,Weekday
T20190014262,2019-07-31,15:10:00,2,Struck Pedestrian,3,Wednesday,100,PED NEAR SIDE. PED HIT BY VEHICLE FROM THE RIGHT.,1,357686,Not at intersection,3,50,Local Road,SCHOTTERS,WHITTLESEA,-37.594593,145.10286,2019,7,July,15,Afternoon Peak,Weekday
T20190014468,2019-07-31,11:50:00,2,Struck Pedestrian,3,Wednesday,100,PED NEAR SIDE. PED HIT BY VEHICLE FROM THE RIGHT.,1,360352,Not at intersection,2,50,Arterial Highway,HIGH,BENDIGO,-36.79598,144.24423,2019,7,July,11,Midday,Weekday
T20190014275,2019-07-31,17:00:00,1,Collision with vehicle,3,Wednesday,130,REAR END(VEHICLES IN SAME LANE),1,360369,Not at intersection,3,80,Arterial Highway,STUD,KNOX,-37.94849,145.22812,2019,7,July,17,Afternoon Peak,Weekday
T20190014274,2019-07-31,16:43:00,1,Collision with vehicle,3,Wednesday,121,RIGHT THROUGH,1,37890,T intersection,2,60,Arterial Highway,BELL,DAREBIN,-37.7442,144.99394,2019,7,July,16,Afternoon Peak,Weekday
T20190014221,2019-07-31,06:30:00,4,Collision with a fixed object,3,Wednesday,171,LEFT OFF CARRIAGEWAY INTO OBJECT/PARKED VEHICLE,2,628653,T intersection,2,60,Local Road,STAWELL,BALLARAT,-37.565468,143.88661,2019,7,July,6,Morning Peak,Weekday
T20190014219,2019-07-31,07:00:00,1,Collision with vehicle,3,Wednesday,140,U TURN,1,360500,Not at intersection,2,100,Arterial Highway,MIDLAND,GOLDEN PLAINS,-38.05539,144.20784,2019,7,July,7,Morning Peak,Weekday
T20190014249,2019-07-31,13:30:00,1,Collision with vehicle,3,Wednesday,135,LANE CHANGE LEFT (NOT OVERTAKING),1,359528,Not at intersection,3,70,Arterial Other,CANTERBURY,WHITEHORSE,-37.834183,145.16765,2019,7,July,13,Midday,Weekday
T20190014400,2019-07-31,22:50:00,1,Collision with vehicle,3,Wednesday,160,VEHICLE COLLIDES WITH VEHICLE PARKED ON LEFT OF ROAD,3,581108,Not at intersection,2,60,Arterial Other,CANTERBURY,WHITEHORSE,-37.83162,145.14636,2019,7,July,22,Night,Weekday
T20190014223,2019-07-31,08:20:00,1,Collision with vehicle,3,Wednesday,121,RIGHT THROUGH,1,57542,Cross intersection,2,50,Arterial Highway,NEPEAN,GLEN EIRA,-37.88616,144.9992,2019,7,July,8,Morning Peak,Weekday
T20190014360,2019-08-01,19:30:00,1,Collision with vehicle,4,Thursday,159,OTHER OVERTAKING MANOEUVRES NOT INCLUDED IN DCAs 150-154,3,606161,Not at intersection,2,50,Local Road,LIDDIARD,BOROONDARA,-37.81894,145.037,2019,8,August,19,Night,Weekday
T20190014359,2019-08-01,20:28:00,1,Collision with vehicle,4,Thursday,130,REAR END(VEHICLES IN SAME LANE),5,610722,Not at intersection,2,80,Arterial Highway,CORIO-WAURN PONDS,GEELONG,-38.080177,144.36296,2019,8,August,20,Night,Weekday
T20190014357,2019-08-01,18:25:00,3,Struck animal,4,Thursday,167,STRUCK ANIMAL,5,359530,Not at intersection,2,60,Local Road,HILDEBRAND,NILLUMBIK,-37.598614,145.22244,2019,8,August,18,Afternoon Peak,Weekday
T20190014354,2019-08-01,15:50:00,1,Collision with vehicle,4,Thursday,119,OTHER ADJACENT (INTERSECTIONS ONLY),1,39009,Cross intersection,2,60,Arterial Other,BURWOOD,BOROONDARA,-37.82418,145.04842,2019,8,August,15,Afternoon Peak,Weekday
T20190014353,2019-08-01,18:40:00,2,Struck Pedestrian,4,Thursday,102,FAR SIDE. PED HIT BY VEHICLE FROM THE LEFT,3,359189,Not at intersection,2,60,Arterial Other,HEATHERTON,DANDENONG,-37.970715,145.22057,2019,8,August,18,Afternoon Peak,Weekday
T20190014352,2019-08-01,18:47:00,1,Collision with vehicle,4,Thursday,160,VEHICLE COLLIDES WITH VEHICLE PARKED ON LEFT OF ROAD,3,360572,Not at intersection,3,60,Arterial Other,WANTIRNA,MAROONDAH,-37.83487,145.22737,2019,8,August,18,Afternoon Peak,Weekday
T20190014349,2019-08-01,17:06:00,2,Struck Pedestrian,4,Thursday,106,VEH STRIKES PED ON FOOTPATH/MEDIAN/TRAFFIC ISLAND.,1,51311,T intersection,3,50,Arterial Highway,WYNDHAM,SHEPPARTON,-36.3801,145.39952,2019,8,August,17,Afternoon Peak,Weekday
T20190014345,2019-08-01,17:45:00,1,Collision with vehicle,4,Thursday,116,LEFT NEAR (INTERSECTIONS ONLY),3,606160,Cross intersection,3,80,Arterial Other,NARRE WARREN NORTH,CASEY,-38.02068,145.30803,2019,8,August,17,Afternoon Peak,Weekday
T20190014343,2019-08-01,16:20:00,1,Collision with vehicle,4,Thursday,132,RIGHT REAR.,1,360540,Cross intersection,3,80,Arterial Other,WILTSHIRE,BALLARAT,-37.58117,143.80817,2019,8,August,16,Afternoon Peak,Weekday
T20190014341,2019-08-01,16:15:00,1,Collision with vehicle,4,Thursday,121,RIGHT THROUGH,1,591747,Cross intersection,2,80,Local Road,NURSERY,MAROONDAH,-37.78915,145.26868,2019,8,August,16,Afternoon Peak,Weekday
T20190014336,2019-08-01,08:20:00,1,Collision with vehicle,4,Thursday,135,LANE CHANGE LEFT (NOT OVERTAKING),1,606159,Not at intersection,2,60,Arterial Other,SEPARATION,GEELONG,-38.111122,144.34607,2019,8,August,8,Morning Peak,Weekday
T20190015901,2019-08-01,22:20:00,1,Collision with vehicle,4,Thursday,121,RIGHT THROUGH,3,355448,Cross intersection,3,60,Arterial Highway,MCIVOR,BENDIGO,-36.75728,144.29182,2019,8,August,22,Night,Weekday
T20190014323,2019-08-01,11:50:00,6,Vehicle overturned (no collision),4,Thursday,174,OUT OF CONTROL ON CARRIAGEWAY (ON STRAIGHT),1,611849,Cross intersection,3,60,Local Road,HEATHERDALE,MAROONDAH,-37.832253,145.21335,2019,8,August,11,Midday,Weekday
T20190014367,2019-08-01,22:00:00,2,Struck Pedestrian,4,Thursday,100,PED NEAR SIDE. PED HIT BY VEHICLE FROM THE RIGHT.,3,36155,Cross intersection,2,60,Arterial Other,MCINTYRE,BRIMBANK,-37.775223,144.82906,2019,8,August,22,Night,Weekday
T20190014317,2019-08-01,12:30:00,1,Collision with vehicle,4,Thursday,113,RIGHT NEAR (INTERSECTIONS ONLY),1,36785,T intersection,2,70,Arterial Other,SHARPS,BRIMBANK,-37.706764,144.86601,2019,8,August,12,Midday,Weekday
T20190014333,2019-08-01,11:22:00,1,Collision with vehicle,4,Thursday,130,REAR END(VEHICLES IN SAME LANE),1,15033,T intersection,2,60,Arterial Other,GILLIES,BALLARAT,-37.546658,143.8208,2019,8,August,11,Midday,Weekday
T20190014315,2019-08-01,09:00:00,1,Collision with vehicle,4,Thursday,130,REAR END(VEHICLES IN SAME LANE),1,601315,Not at intersection,3,80,Arterial Other,BORONIA,KNOX,-37.84731,145.22537,2019,8,August,9,Morning Peak,Weekday
T20190014316,2019-08-01,12:01:00,1,Collision with vehicle,4,Thursday,132,RIGHT REAR.,1,41544,T intersection,3,60,Arterial Highway,WARRIGAL,MONASH,-37.91822,145.08357,2019,8,August,12,Midday,Weekday
T20190014390,2019-08-01,18:05:00,1,Collision with vehicle,4,Thursday,121,RIGHT THROUGH,3,35723,Cross intersection,3,60,Freeway,EASTERN OUT-DONCASTER,MANNINGHAM,-37.788414,145.10425,2019,8,August,18,Afternoon Peak,Weekday
T20190020383,2019-08-01,19:52:00,1,Collision with vehicle,4,Thursday,133,LANE SIDE SWIPE (VEHICLES IN PARALLEL LANES),3,593569,Cross intersection,3,70,Arterial Highway,DANDENONG,GLEN EIRA,-37.865818,145.0261,2019,8,August,19,Night,Weekday
T20190014872,2019-08-01,15:00:00,1,Collision with vehicle,4,Thursday,110,CROSS TRAFFIC(INTERSECTIONS ONLY),1,35785,Cross intersection,3,70,Arterial Highway,ROSLYN,GEELONG,-38.176556,144.35199,2019,8,August,15,Afternoon Peak,Weekday
T20190014427,2019-08-01,23:20:00,6,Vehicle overturned (no collision),4,Thursday,170,OFF CARRIAGEWAY TO LEFT,5,360476,Not at intersection,3,100,Freeway,HUME,HUME,-37.5644,144.9414,2019,8,August,23,Night,Weekday
T20190016840,2019-08-01,13:45:00,1,Collision with vehicle,4,Thursday,160,VEHICLE COLLIDES WITH VEHICLE PARKED ON LEFT OF ROAD,1,593026,Not at intersection,3,50,Local Road,NELSON,WHITEHORSE,-37.815548,145.11966,2019,8,August,13,Midday,Weekday
T20190017510,2019-08-01,23:20:00,1,Collision with vehicle,4,Thursday,130,REAR END(VEHICLES IN SAME LANE),3,584544,Not at intersection,3,80,Arterial Highway,BURWOOD,WHITEHORSE,-37.85617,145.18071,2019,8,August,23,Night,Weekday
T20190014428,2019-08-01,08:20:00,1,Collision with vehicle,4,Thursday,132,RIGHT REAR.,1,43516,T intersection,2,80,Arterial Other,CRANBOURNE,FRANKSTON,-38.150467,145.15027,2019,8,August,8,Morning Peak,Weekday
T20190015993,2019-08-01,09:15:00,1,Collision with vehicle,4,Thursday,163,VEHICLE STRIKES DOOR OF PARKED/STATIONARY VEHICLE,1,614394,Not at intersection,3,40,Local Road,ELIZABETH,MELBOURNE,-37.806583,144.95964,2019,8,August,9,Morning Peak,Weekday
T20190017131,2019-08-01,09:45:00,1,Collision with vehicle,4,Thursday,130,REAR END(VEHICLES IN SAME LANE),1,126907,Not at intersection,3,60,Arterial Other,HIGH,WHITTLESEA,-37.68486,145.01306,2019,8,August,9,Morning Peak,Weekday
T20190015466,2019-08-01,14:15:00,1,Collision with vehicle,4,Thursday,130,REAR END(VEHICLES IN SAME LANE),1,29808,Cross intersection,3,50,Local Road,BLAIR,HUME,-37.676147,144.92915,2019,8,August,14,Midday,Weekday
T20190014567,2019-08-01,17:20:00,1,Collision with vehicle,4,Thursday,130,REAR END(VEHICLES IN SAME LANE),6,591244,Not at intersection,3,40,Local Road,LA TROBE,MELBOURNE,-37.810654,144.9602,2019,8,August,17,Afternoon Peak,Weekday
T20190014377,2019-08-01,19:21:00,1,Collision with vehicle,4,Thursday,135,LANE CHANGE LEFT (NOT OVERTAKING),3,606162,Not at intersection,3,60,Arterial Other,WILLIAMS,STONNINGTON,-37.848392,145.00314,2019,8,August,19,Night,Weekday
T20190014366,2019-08-01,22:15:00,1,Collision with vehicle,4,Thursday,110,CROSS TRAFFIC(INTERSECTIONS ONLY),3,50071,Cross intersection,2,60,Arterial Other,FYANS,GEELONG,-38.163815,144.36162,2019,8,August,22,Night,Weekday
T20190016118,2019-08-01,19:14:00,2,Struck Pedestrian,4,Thursday,100,PED NEAR SIDE. PED HIT BY VEHICLE FROM THE RIGHT.,3,40282,Cross intersection,3,60,Arterial Other,BALACLAVA,GLEN EIRA,-37.872673,145.02472,2019,8,August,19,Night,Weekday
T20190014372,2019-08-01,18:55:00,2,Struck Pedestrian,4,Thursday,102,FAR SIDE. PED HIT BY VEHICLE FROM THE LEFT,3,55818,T intersection,1,50,Local Road,DUNCAN,CARDINIA,-38.069706,145.4673,2019,8,August,18,Afternoon Peak,Weekday
T20190014369,2019-08-01,05:40:00,1,Collision with vehicle,4,Thursday,121,RIGHT THROUGH,3,277083,T intersection,2,80,Arterial Other,KELLETTS,KNOX,-37.925026,145.28543,2019,8,August,5,Morning Peak,Weekday
T20190014413,2019-08-02,11:15:00,3,Struck animal,5,Friday,167,STRUCK ANIMAL,1,359001,Not at intersection,2,50,Local Road,SPRING FLAT,BENDIGO,-36.953274,144.70807,2019,8,August,11,Midday,Weekday
T20190017005,2019-08-02,20:21:00,1,Collision with vehicle,5,Friday,121,RIGHT THROUGH,3,316634,T intersection,3,60,Arterial Highway,HOPKINS,WARRNAMBOOL,-38.36827,142.49336,2019,8,August,20,Night,Weekday
T20190014379,2019-08-02,06:07:00,2,Struck Pedestrian,5,Friday,108,PED STRUCK WALKING TO/FROM OR BOARDING/ALIGHTING VEHICLE.,3,612130,Not at intersection,2,60,Arterial Other,RALEIGH,MOONEE VALLEY,-37.770134,144.90178,2019,8,August,6,Morning Peak,Weekday
T20190014549,2019-08-02,08:20:00,1,Collision with vehicle,5,Friday,121,RIGHT THROUGH,1,67992,T intersection,3,60,Arterial Other,HIGH STREET,MONASH,-37.87061,145.1346,2019,8,August,8,Morning Peak,Weekday
T20190014776,2019-08-02,15:50:00,1,Collision with vehicle,5,Friday,113,RIGHT NEAR (INTERSECTIONS ONLY),1,17659,T intersection,3,60,Arterial Highway,NUNN,BENALLA,-36.54579,145.98123,2019,8,August,15,Afternoon Peak,Weekday
T20190014415,2019-08-02,11:40:00,4,Collision with a fixed object,5,Friday,171,LEFT OFF CARRIAGEWAY INTO OBJECT/PARKED VEHICLE,1,666018,Not at intersection,2,100,Arterial Other,BRIAGOLONG,WELLINGTON,-37.892597,147.06863,2019,8,August,11,Midday,Weekday
T20190014410,2019-08-02,12:00:00,1,Collision with vehicle,5,Friday,130,REAR END(VEHICLES IN SAME LANE),1,580563,Not at intersection,3,70,Local Road,MANCHESTER,YARRA RANGES,-37.775955,145.31273,2019,8,August,12,Midday,Weekday
T20190014430,2019-08-02,16:45:00,1,Collision with vehicle,5,Friday,121,RIGHT THROUGH,1,44226,Cross intersection,3,60,Arterial Other,HIGH,WHITTLESEA,-37.650745,145.02441,2019,8,August,16,Afternoon Peak,Weekday
T20190015413,2019-08-02,07:50:00,1,Collision with vehicle,5,Friday,130,REAR END(VEHICLES IN SAME LANE),9,1137,Cross intersection,3,70,Arterial Other,HUME HIGHWAY -SYDNEY,HUME,-37.643326,144.95116,2019,8,August,7,Morning Peak,Weekday
T20190016989,2019-08-02,07:25:00,1,Collision with vehicle,5,Friday,130,REAR END(VEHICLES IN SAME LANE),1,584265,Not at intersection,3,100,Freeway,EASTLINK,WHITEHORSE,-37.80222,145.18512,2019,8,August,7,Morning Peak,Weekday
T20190014437,2019-08-02,16:20:00,2,Struck Pedestrian,5,Friday,101,PED EMERGES FROM IN FRONT OF PARKED OR STATIONARY VEHICLE,1,38983,T intersection,2,40,Arterial Other,AUBURN,BOROONDARA,-37.822224,145.04509,2019,8,August,16,Afternoon Peak,Weekday
T20190014448,2019-08-02,16:44:00,1,Collision with vehicle,5,Friday,120,HEAD ON (NOT OVERTAKING),1,606488,Not at intersection,2,60,Arterial Highway,BELL,MORELAND,-37.740566,144.95894,2019,8,August,16,Afternoon Peak,Weekday
T20190014496,2019-08-02,23:20:00,4,Collision with a fixed object,5,Friday,171,LEFT OFF CARRIAGEWAY INTO OBJECT/PARKED VEHICLE,3,38335,Cross intersection,2,50,Arterial Other,WILLIAMSONS,MANNINGHAM,-37.76203,145.1334,2019,8,August,23,Night,Weekday
T20190014517,2019-08-02,18:52:00,1,Collision with vehicle,5,Friday,132,RIGHT REAR.,5,652600,T intersection,3,100,Arterial Highway,MORTLAKE,WARRNAMBOOL,-38.353706,142.5041,2019,8,August,18,Afternoon Peak,Weekday
T20190014488,2019-08-02,09:30:00,1,Collision with vehicle,5,Friday,139,OTHER SAME DIRECTION-MANOUEVRES NOT INCLUDED IN DCAs 130-137,1,10893,T intersection,2,80,Arterial Highway,PRINCES,GEELONG,-38.06499,144.38136,2019,8,August,9,Morning Peak,Weekday
T20190014459,2019-08-02,22:30:00,1,Collision with vehicle,5,Friday,120,HEAD ON (NOT OVERTAKING),5,606489,Not at intersection,2,60,Local Road,FINDON,WHITTLESEA,-37.639133,145.04301,2019,8,August,22,Night,Weekday
T20190014446,2019-08-02,17:05:00,2,Struck Pedestrian,5,Friday,100,PED NEAR SIDE. PED HIT BY VEHICLE FROM THE RIGHT.,2,597913,Cross intersection,2,40,Arterial Other,CHURCH,YARRA,-37.818535,144.99918,2019,8,August,17,Afternoon Peak,Weekday
T20190014455,2019-08-02,20:12:00,1,Collision with vehicle,5,Friday,120,HEAD ON (NOT OVERTAKING),3,588129,Not at intersection,2,60,Local Road,WESTWOOD,MELTON,-37.760468,144.75517,2019,8,August,20,Night,Weekday
T20190017817,2019-08-02,16:05:00,1,Collision with vehicle,5,Friday,121,RIGHT THROUGH,1,42310,T intersection,3,60,Arterial Highway,WARRIGAL,KINGSTON,-37.95472,145.07648,2019,8,August,16,Afternoon Peak,Weekday
T20190014445,2019-08-02,19:17:00,1,Collision with vehicle,5,Friday,121,RIGHT THROUGH,3,400,Cross intersection,2,60,Arterial Other,ST GEORGES,YARRA,-37.77999,144.98668,2019,8,August,19,Night,Weekday
T20190014411,2019-08-02,13:20:00,1,Collision with vehicle,5,Friday,121,RIGHT THROUGH,1,359000,Not at intersection,2,60,Arterial Other,WHITE,KINGSTON,-38.000084,145.09843,2019,8,August,13,Midday,Weekday
T20190015584,2019-08-02,14:45:00,1,Collision with vehicle,5,Friday,120,HEAD ON (NOT OVERTAKING),1,582115,Not at intersection,3,100,Arterial Highway,GOULBURN VALLEY,MURRINDINDI,-37.20497,145.39043,2019,8,August,14,Midday,Weekday
T20190014387,2019-08-02,08:40:00,1,Collision with vehicle,5,Friday,110,CROSS TRAFFIC(INTERSECTIONS ONLY),1,52062,Cross intersection,3,60,Local Road,MACARTHUR,WELLINGTON,-38.105373,147.06097,2019,8,August,8,Morning Peak,Weekday
T20190014966,2019-08-02,05:30:00,8,No collision and no object struck,5,Friday,172,OFF CARRIAGEWAY TO RIGHT,5,360453,Not at intersection,3,60,Local Road,STANLEY,MITCHELL,-37.41757,144.97607,2019,8,August,5,Morning Peak,Weekday
T20190014440,2019-08-02,11:38:00,4,Collision with a fixed object,5,Friday,151,OUT OF CONTROL (OVERTAKING),1,606487,T intersection,2,50,Local Road,VICTORIA,DAREBIN,-37.75393,145.01408,2019,8,August,11,Midday,Weekday
T20190014832,2019-08-02,10:12:00,1,Collision with vehicle,5,Friday,132,RIGHT REAR.,1,41296,T intersection,3,60,Arterial Other,GLEN EIRA,GLEN EIRA,-37.880478,145.0268,2019,8,August,10,Midday,Weekday
T20190014423,2019-08-02,13:13:00,1,Collision with vehicle,5,Friday,120,HEAD ON (NOT OVERTAKING),1,617009,Multiple intersection,2,50,Local Road,LYDIARD,BALLARAT,-37.554474,143.85915,2019,8,August,13,Midday,Weekday
T20190014422,2019-08-02,14:27:00,1,Collision with vehicle,5,Friday,132,RIGHT REAR.,1,39235,T intersection,3,60,Arterial Other,CANTERBURY,WHITEHORSE,-37.82625,145.09993,2019,8,August,14,Midday,Weekday
T20190014421,2019-08-02,15:20:00,1,Collision with vehicle,5,Friday,130,REAR END(VEHICLES IN SAME LANE),1,43797,Cross intersection,3,50,Arterial Highway,WARBURTON,YARRA RANGES,-37.778168,145.45847,2019,8,August,15,Afternoon Peak,Weekday
T20190014462,2019-08-02,23:15:00,4,Collision with a fixed object,5,Friday,164,PERMANENT OBSTRUCTION ON CARRIAGEWAY,3,307425,Cross intersection,2,60,Local Road,BARWARRE,GEELONG,-38.194824,144.35292,2019,8,August,23,Night,Weekday
T20190014438,2019-08-02,15:33:00,1,Collision with vehicle,5,Friday,110,CROSS TRAFFIC(INTERSECTIONS ONLY),1,56435,Cross intersection,2,60,Arterial Highway,MCKILLOP,GEELONG,-38.156357,144.36789,2019,8,August,15,Afternoon Peak,Weekday
T20190014417,2019-08-02,11:30:00,1,Collision with vehicle,5,Friday,116,LEFT NEAR (INTERSECTIONS ONLY),1,47639,Cross intersection,3,100,Freeway,PRINCES,CARDINIA,-38.07973,145.74539,2019,8,August,11,Midday,Weekday