ACCIDENT_NO,ACCIDENT_DATE,ACCIDENT_TIME,ACCIDENT_TYPE,ACCIDENT_TYPE_DESC,DAY_OF_WEEK,DAY_WEEK_DESC,DCA_CODE,DCA_DESC,LIGHT_CONDITION,NODE_ID,ROAD_GEOMETRY_DESC,SEVERITY,SPEED_ZONE,RMA,ROAD_NAME,LGA_NAME,LATITUDE,LONGITUDE,YEAR,MONTH,MONTH_NAME,HOUR,TIME_PERIOD,DAY_TYPE
T20190014561,2019-08-02,19:10:00,1,Collision with vehicle,5,Friday,110,CROSS TRAFFIC(INTERSECTIONS ONLY),3,337292,Cross intersection,3,100,Arterial Highway,CRANBOURNE-FRANKSTON,CASEY,-38.13388,145.22847,2019,8,August,19,Night,Weekday
T20190014416,2019-08-02,15:10:00,2,Struck Pedestrian,5,Friday,102,FAR SIDE. PED HIT BY VEHICLE FROM THE LEFT,1,360738,T intersection,3,80,Arterial Other,BORONIA,KNOX,-37.85705,145.25627,2019,8,August,15,Afternoon Peak,Weekday
T20190014399,2019-08-02,11:30:00,1,Collision with vehicle,5,Friday,142,LEAVING PARKING,1,360400,Not at intersection,3,40,Local Road,LA TROBE,MELBOURNE,-37.81302,144.95197,2019,8,August,11,Midday,Weekday
T20190014401,2019-08-02,09:40:00,1,Collision with vehicle,5,Friday,134,LANE CHANGE RIGHT (NOT OVERTAKING),1,359545,Not at intersection,3,50,Local Road,PEVERIL,MORELAND,-37.756905,144.96309,2019,8,August,9,Morning Peak,Weekday
T20190014406,2019-08-02,12:00:00,4,Collision with a fixed object,5,Friday,179,OTHER ACCIDENTS-OFF STRAIGHT NOT INCLUDED IN DCAs 170-175,1,652601,Not at intersection,3,60,Local Road,NAPIER,MOONEE VALLEY,-37.73625,144.91927,2019,8,August,12,Midday,Weekday
T20190015684,2019-08-02,00:30:00,2,Struck Pedestrian,5,Friday,102,FAR SIDE. PED HIT BY VEHICLE FROM THE LEFT,3,241432,Not at intersection,3,40,Local Road,FLINDERS,MELBOURNE,-37.817074,144.96495,2019,8,August,0,Late Night,Weekday
T20190014651,2019-08-02,16:30:00,6,Vehicle overturned (no collision),5,Friday,174,OUT OF CONTROL ON CARRIAGEWAY (ON STRAIGHT),1,29596,Cross intersection,3,50,Arterial Other,CARLISLE,PORT PHILLIP,-37.868366,144.99036,2019,8,August,16,Afternoon Peak,Weekday
T20190014487,2019-08-03,14:30:00,1,Collision with vehicle,6,Saturday,113,RIGHT NEAR (INTERSECTIONS ONLY),1,44463,T intersection,3,60,Arterial Highway,LATROBE,GEELONG,-38.151726,144.35197,2019,8,August,14,Midday,Weekend
T20190014478,2019-08-03,11:50:00,1,Collision with vehicle,6,Saturday,110,CROSS TRAFFIC(INTERSECTIONS ONLY),1,323014,Cross intersection,2,60,Local Road,KILMORE,MACEDON RANGES,-37.48376,144.60127,2019,8,August,11,Midday,Weekend
T20190014512,2019-08-03,14:40:00,1,Collision with vehicle,6,Saturday,131,LEFT REAR,1,278539,T intersection,3,80,Arterial Highway,HEATHERTON LINK,DANDENONG,-37.96882,145.19669,2019,8,August,14,Midday,Weekend
T20190014472,2019-08-03,10:00:00,1,Collision with vehicle,6,Saturday,113,RIGHT NEAR (INTERSECTIONS ONLY),1,360326,T intersection,3,50,Local Road,WARRALILY,GEELONG,-38.24085,144.36122,2019,8,August,10,Midday,Weekend
T20190014497,2019-08-03,16:50:00,1,Collision with vehicle,6,Saturday,113,RIGHT NEAR (INTERSECTIONS ONLY),1,39554,T intersection,3,60,Arterial Other,MITCHAM,WHITEHORSE,-37.81495,145.19354,2019,8,August,16,Afternoon Peak,Weekend
T20190014513,2019-08-03,18:59:00,2,Struck Pedestrian,6,Saturday,100,PED NEAR SIDE. PED HIT BY VEHICLE FROM THE RIGHT.,3,378,Cross intersection,3,50,Local Road,BIRDWOOD,MELBOURNE,-37.83415,144.98253,2019,8,August,18,Afternoon Peak,Weekend
T20190014514,2019-08-03,20:10:00,1,Collision with vehicle,6,Saturday,110,CROSS TRAFFIC(INTERSECTIONS ONLY),3,49318,Multiple intersection,3,50,Arterial Highway,CHAPEL STREET -MCIVOR,BENDIGO,-36.758373,144.28738,2019,8,August,20,Night,Weekend
T20190014515,2019-08-03,18:54:00,2,Struck Pedestrian,6,Saturday,102,FAR SIDE. PED HIT BY VEHICLE FROM THE LEFT,3,360375,Cross intersection,2,60,Arterial Highway,ALBERT,DAREBIN,-37.72987,145.02554,2019,8,August,18,Afternoon Peak,Weekend
T20190014516,2019-08-03,20:00:00,1,Collision with vehicle,6,Saturday,181,OFF RIGHT BEND INTO OBJECT/PARKED VEHICLE,3,596841,Not at intersection,2,60,Local Road,MERRIVALE,WARRNAMBOOL,-38.378994,142.45811,2019,8,August,20,Night,Weekend
T20190014932,2019-08-03,16:17:00,1,Collision with vehicle,6,Saturday,121,RIGHT THROUGH,1,360446,T intersection,3,80,Arterial Other,CLYDE-FIVE WAYS,CASEY,-38.12284,145.32637,2019,8,August,16,Afternoon Peak,Weekend
T20190014518,2019-08-03,21:30:00,1,Collision with vehicle,6,Saturday,113,RIGHT NEAR (INTERSECTIONS ONLY),3,35688,T intersection,3,50,Local Road,NEALE,BRIMBANK,-37.75161,144.76852,2019,8,August,21,Night,Weekend
T20190014519,2019-08-03,16:45:00,1,Collision with vehicle,6,Saturday,140,U TURN,1,360543,Not at intersection,3,60,Local Road,HOGAN,SHEPPARTON,-36.44011,145.23418,2019,8,August,16,Afternoon Peak,Weekend
T20190014520,2019-08-03,21:00:00,1,Collision with vehicle,6,Saturday,147,VEHICLE STRIKES ANOTHER VEH WHILE EMERGING FROM DRIVEWAY,5,585588,Not at intersection,3,100,Arterial Highway,MURRAY VALLEY,WODONGA,-36.172035,147.0348,2019,8,August,21,Night,Weekend
T20190014521,2019-08-03,19:05:00,2,Struck Pedestrian,6,Saturday,100,PED NEAR SIDE. PED HIT BY VEHICLE FROM THE RIGHT.,3,360505,T intersection,2,50,Local Road,OBERON,HUME,-37.679234,144.9667,2019,8,August,19,Night,Weekend
T20190014522,2019-08-03,20:57:00,4,Collision with a fixed object,6,Saturday,171,LEFT OFF CARRIAGEWAY INTO OBJECT/PARKED VEHICLE,3,688796,T intersection,2,80,Arterial Highway,BURWOOD,KNOX,-37.889107,145.29802,2019,8,August,20,Night,Weekend
T20190014813,2019-08-03,18:30:00,1,Collision with vehicle,6,Saturday,110,CROSS TRAFFIC(INTERSECTIONS ONLY),3,42995,Cross intersection,3,50,Local Road,HEMMINGS,DANDENONG,-37.982586,145.20085,2019,8,August,18,Afternoon Peak,Weekend
T20190014524,2019-08-03,22:30:00,1,Collision with vehicle,6,Saturday,110,CROSS TRAFFIC(INTERSECTIONS ONLY),3,52625,Cross intersection,3,50,Local Road,LILAC,HORSHAM,-36.719566,142.19154,2019,8,August,22,Night,Weekend
T20190014526,2019-08-03,21:08:00,2,Struck Pedestrian,6,Saturday,100,PED NEAR SIDE. PED HIT BY VEHICLE FROM THE RIGHT.,3,590243,Cross intersection,2,60,Arterial Other,WOODLAND,MOONEE VALLEY,-37.742577,144.91989,2019,8,August,21,Night,Weekend
T20190014535,2019-08-03,05:30:00,1,Collision with vehicle,6,Saturday,121,RIGHT THROUGH,3,222100,T intersection,2,80,Freeway,GREENSBOROUGH,BANYULE,-37.695217,145.0923,2019,8,August,5,Morning Peak,Weekend
T20190014552,2019-08-03,10:30:00,1,Collision with vehicle,6,Saturday,113,RIGHT NEAR (INTERSECTIONS ONLY),1,36121,Cross intersection,2,60,Arterial Highway,NEPEAN,MORNINGTON PENINSULA,-38.32948,144.98529,2019,8,August,10,Midday,Weekend
T20190014974,2019-08-03,10:00:00,6,Vehicle overturned (no collision),6,Saturday,174,OUT OF CONTROL ON CARRIAGEWAY (ON STRAIGHT),1,360469,T intersection,3,100,Local Road,HARD HILLS,CENTRAL GOLDFIELDS,-36.823025,143.68088,2019,8,August,10,Midday,Weekend
T20190020854,2019-08-03,22:30:00,1,Collision with vehicle,6,Saturday,130,REAR END(VEHICLES IN SAME LANE),6,595604,Cross intersection,3,60,Arterial Other,CANTERBURY,WHITEHORSE,-37.830395,145.13618,2019,8,August,22,Night,Weekend
T20190014503,2019-08-03,18:00:00,1,Collision with vehicle,6,Saturday,131,LEFT REAR,3,606809,Not at intersection,3,60,Local Road,MELALUKA,GEELONG,-38.18354,144.45619,2019,8,August,18,Afternoon Peak,Weekend
T20190014505,2019-08-03,17:45:00,1,Collision with vehicle,6,Saturday,140,U TURN,3,661207,Not at intersection,2,60,Arterial Other,BUCKLEY,MOONEE VALLEY,-37.756252,144.91003,2019,8,August,17,Afternoon Peak,Weekend
T20190014506,2019-08-03,18:16:00,1,Collision with vehicle,6,Saturday,110,CROSS TRAFFIC(INTERSECTIONS ONLY),3,40018,Multiple intersection,2,60,Local Road,ELECTRA,HOBSONS BAY,-37.863705,144.89899,2019,8,August,18,Afternoon Peak,Weekend
T20190014509,2019-08-03,19:40:00,1,Collision with vehicle,6,Saturday,110,CROSS TRAFFIC(INTERSECTIONS ONLY),3,68749,Cross intersection,2,60,Local Road,COLE,BAYSIDE,-37.89429,144.99509,2019,8,August,19,Night,Weekend
T20190014752,2019-08-03,19:00:00,1,Collision with vehicle,6,Saturday,121,RIGHT THROUGH,5,53115,T intersection,3,100,Local Road,COBBLERS,BALLARAT,-37.60983,143.81465,2019,8,August,19,Night,Weekend
T20200016932,2019-08-03,09:30:00,5,collision with some other object,6,Saturday,166,STRUCK OBJECT ON CARRIAGEWAY,9,662710,T intersection,3,60,Local Road,S E C,MURRINDINDI,-37.301586,145.6181,2019,8,August,9,Morning Peak,Weekend
T20190014498,2019-08-03,16:45:00,1,Collision with vehicle,6,Saturday,110,CROSS TRAFFIC(INTERSECTIONS ONLY),1,41900,Cross intersection,2,60,Arterial Other,GAFFNEY,MORELAND,-37.73151,144.93849,2019,8,August,16,Afternoon Peak,Weekend
T20190014500,2019-08-03,16:43:00,4,Collision with a fixed object,6,Saturday,194,PARKED CAR RUN AWAY,2,360438,Not at intersection,2,60,Local Road,UPPER CALIFORNIA GULLY,BENDIGO,-36.72866,144.24817,2019,8,August,16,Afternoon Peak,Weekend
T20190014510,2019-08-03,18:27:00,1,Collision with vehicle,6,Saturday,121,RIGHT THROUGH,2,43087,Unknown,2,60,Arterial Highway,STUD,DANDENONG,-37.981647,145.2214,2019,8,August,18,Afternoon Peak,Weekend
T20190014495,2019-08-03,16:00:00,1,Collision with vehicle,6,Saturday,130,REAR END(VEHICLES IN SAME LANE),1,29700,Cross intersection,3,80,Arterial Highway,NEPEAN,KINGSTON,-37.998302,145.0838,2019,8,August,16,Afternoon Peak,Weekend
T20190014501,2019-08-03,17:20:00,4,Collision with a fixed object,6,Saturday,171,LEFT OFF CARRIAGEWAY INTO OBJECT/PARKED VEHICLE,1,360360,Not at intersection,2,80,Arterial Highway,STATE (BELL/SPRINGVALE),MONASH,-37.91258,145.15976,2019,8,August,17,Afternoon Peak,Weekend
T20190014628,2019-08-03,14:45:00,2,Struck Pedestrian,6,Saturday,100,PED NEAR SIDE. PED HIT BY VEHICLE FROM THE RIGHT.,9,588413,Cross intersection,2,70,Arterial Highway,NORTH,GLEN EIRA,-37.904526,145.04402,2019,8,August,14,Midday,Weekend
T20190014502,2019-08-03,18:50:00,1,Collision with vehicle,6,Saturday,121,RIGHT THROUGH,3,299903,Cross intersection,3,50,Local Road,BRIDGE INN,WHITTLESEA,-37.598965,145.08197,2019,8,August,18,Afternoon Peak,Weekend
T20190014555,2019-08-04,09:20:00,1,Collision with vehicle,7,Sunday,121,RIGHT THROUGH,1,40346,Cross intersection,3,40,Arterial Other,TOORONGA,STONNINGTON,-37.85818,145.0412,2019,8,August,9,Morning Peak,Weekend
T20190014610,2019-08-04,07:00:00,1,Collision with vehicle,7,Sunday,121,RIGHT THROUGH,1,122018,Cross intersection,3,60,Freeway,MIDDLEBOROUGH,WHITEHORSE,-37.79884,145.14218,2019,8,August,7,Morning Peak,Weekend
T20190014560,2019-08-04,14:47:00,4,Collision with a fixed object,7,Sunday,141,U TURN INTO FIXED OBJECT/PARKED VEHICLE,1,579970,T intersection,3,50,Local Road,HEAD,LATROBE,-38.192444,146.55771,2019,8,August,14,Midday,Weekend
T20190014564,2019-08-04,14:11:00,4,Collision with a fixed object,7,Sunday,173,RIGHT OFF CARRIAGEWAY INTO OBJECT/PARKED VEHICLE,1,360424,Not at intersection,3,100,Arterial Highway,WESTERN,NORTHERN GRAMPIANS,-36.95869,142.588,2019,8,August,14,Midday,Weekend
T20190015154,2019-08-04,21:50:00,1,Collision with vehicle,7,Sunday,134,LANE CHANGE RIGHT (NOT OVERTAKING),3,360525,Not at intersection,3,100,Arterial Highway,DANDENONG-HASTINGS,CASEY,-38.07675,145.23973,2019,8,August,21,Night,Weekend
T20190014850,2019-08-04,12:25:00,1,Collision with vehicle,7,Sunday,134,LANE CHANGE RIGHT (NOT OVERTAKING),1,75062,Not at intersection,3,40,Local Road,RUSSELL,MELBOURNE,-37.81298,144.96819,2019,8,August,12,Midday,Weekend
T20190014798,2019-08-04,12:30:00,1,Collision with vehicle,7,Sunday,130,REAR END(VEHICLES IN SAME LANE),1,630768,T intersection,3,80,Arterial Other,SPRINGVALE,KINGSTON,-38.026424,145.13254,2019,8,August,12,Midday,Weekend
T20190014597,2019-08-04,21:17:00,4,Collision with a fixed object,7,Sunday,171,LEFT OFF CARRIAGEWAY INTO OBJECT/PARKED VEHICLE,5,360576,Not at intersection,3,100,Arterial Other,BENALLA-YARRAWONGA,BENALLA,-36.50543,146.02512,2019,8,August,21,Night,Weekend
T20190015622,2019-08-04,11:25:00,1,Collision with vehicle,7,Sunday,147,VEHICLE STRIKES ANOTHER VEH WHILE EMERGING FROM DRIVEWAY,1,581390,Not at intersection,3,60,Arterial Other,SURREY,WHITEHORSE,-37.815487,145.15672,2019,8,August,11,Midday,Weekend
T20190014690,2019-08-04,13:30:00,1,Collision with vehicle,7,Sunday,130,REAR END(VEHICLES IN SAME LANE),1,355491,Not at intersection,2,80,Arterial Other,BALLARAT,BRIMBANK,-37.770264,144.79555,2019,8,August,13,Midday,Weekend
T20190014582,2019-08-04,21:53:00,4,Collision with a fixed object,7,Sunday,171,LEFT OFF CARRIAGEWAY INTO OBJECT/PARKED VEHICLE,3,598459,Not at intersection,3,80,Arterial Highway,SPRINGVALE,WHITEHORSE,-37.815018,145.17654,2019,8,August,21,Night,Weekend
T20190014556,2019-08-04,12:20:00,8,No collision and no object struck,7,Sunday,174,OUT OF CONTROL ON CARRIAGEWAY (ON STRAIGHT),1,583697,Not at intersection,3,60,Local Road,SCOTCHMER,YARRA,-37.783356,144.98428,2019,8,August,12,Midday,Weekend
T20190014566,2019-08-04,06:30:00,2,Struck Pedestrian,7,Sunday,102,FAR SIDE. PED HIT BY VEHICLE FROM THE LEFT,3,42741,Cross intersection,3,60,Arterial Other,BALCOMBE,BAYSIDE,-37.979824,145.05304,2019,8,August,6,Morning Peak,Weekend
T20190014572,2019-08-04,18:12:00,1,Collision with vehicle,7,Sunday,130,REAR END(VEHICLES IN SAME LANE),3,607121,Unknown,3,60,Arterial Highway,WYNDHAM,SHEPPARTON,-36.40059,145.39511,2019,8,August,18,Afternoon Peak,Weekend
T20190014763,2019-08-04,14:00:00,7,Fall from or in moving vehicle,7,Sunday,190,FELL IN/FROM VEHICLE,1,360444,T intersection,3,60,Local Road,KIDMAN,GEELONG,-38.18543,144.342,2019,8,August,14,Midday,Weekend
T20190014571,2019-08-04,16:32:00,6,Vehicle overturned (no collision),7,Sunday,174,OUT OF CONTROL ON CARRIAGEWAY (ON STRAIGHT),1,360377,T intersection,3,50,Local Road,ESSEX,MONASH,-37.862732,145.11458,2019,8,August,16,Afternoon Peak,Weekend
T20190014569,2019-08-04,17:03:00,1,Collision with vehicle,7,Sunday,147,VEHICLE STRIKES ANOTHER VEH WHILE EMERGING FROM DRIVEWAY,2,607120,Not at intersection,2,60,Local Road,INKERMAN,GLEN EIRA,-37.866577,145.00104,2019,8,August,17,Afternoon Peak,Weekend
T20190014540,2019-08-04,07:40:00,4,Collision with a fixed object,7,Sunday,171,LEFT OFF CARRIAGEWAY INTO OBJECT/PARKED VEHICLE,1,360338,Cross intersection,3,60,Local Road,SAYERS,WYNDHAM,-37.852913,144.73328,2019,8,August,7,Morning Peak,Weekend
T20190014546,2019-08-04,09:30:00,1,Collision with vehicle,7,Sunday,113,RIGHT NEAR (INTERSECTIONS ONLY),1,348191,T intersection,3,60,Local Road,KNIGHT,SHEPPARTON,-36.375412,145.41107,2019,8,August,9,Morning Peak,Weekend
T20190014570,2019-08-04,14:20:00,1,Collision with vehicle,7,Sunday,110,CROSS TRAFFIC(INTERSECTIONS ONLY),1,360334,Cross intersection,3,70,Arterial Other,EDGARS,WHITTLESEA,-37.678772,144.9994,2019,8,August,14,Midday,Weekend
T20190014947,2019-08-04,14:30:00,3,Struck animal,7,Sunday,167,STRUCK ANIMAL,1,360474,Not at intersection,2,50,Local Road,MCINTYRE,HOBSONS BAY,-37.862392,144.82422,2019,8,August,14,Midday,Weekend
T20190014608,2019-08-04,13:10:00,1,Collision with vehicle,7,Sunday,110,CROSS TRAFFIC(INTERSECTIONS ONLY),1,45523,Cross intersection,2,80,Local Road,BOUNDARY,WYNDHAM,-37.800945,144.65945,2019,8,August,13,Midday,Weekend
T20190014579,2019-08-04,18:21:00,4,Collision with a fixed object,7,Sunday,175,OFF END OF ROAD/T-INTERSECTION.,5,299679,T intersection,2,100,Arterial Other,DIGGERS REST-COIMADAI,MELTON,-37.62818,144.64499,2019,8,August,18,Afternoon Peak,Weekend
T20190014746,2019-08-04,14:19:00,1,Collision with vehicle,7,Sunday,123,RIGHT/LEFT. ONE VEH TURNING RIGHT THE OTHER LEFT.,1,41804,Cross intersection,3,80,Arterial Other,FERNTREE GULLY,MONASH,-37.90373,145.1638,2019,8,August,14,Midday,Weekend
T20190014640,2019-08-05,13:46:00,2,Struck Pedestrian,1,Monday,102,FAR SIDE. PED HIT BY VEHICLE FROM THE LEFT,1,584526,Not at intersection,3,50,Local Road,ADAMS,BRIMBANK,-37.742825,144.78168,2019,8,August,13,Midday,Weekday
T20190014644,2019-08-05,16:56:00,4,Collision with a fixed object,1,Monday,173,RIGHT OFF CARRIAGEWAY INTO OBJECT/PARKED VEHICLE,1,41167,Cross intersection,2,50,Local Road,CARPENTER,BAYSIDE,-37.914917,144.99367,2019,8,August,16,Afternoon Peak,Weekday
T20190014645,2019-08-05,18:38:00,1,Collision with vehicle,1,Monday,130,REAR END(VEHICLES IN SAME LANE),3,163162,Cross intersection,2,60,Local Road,BEECHWORTH,WODONGA,-36.12871,146.88734,2019,8,August,18,Afternoon Peak,Weekday
T20190014648,2019-08-05,17:27:00,1,Collision with vehicle,1,Monday,192,STRUCK TRAIN,1,590244,Not at intersection,2,50,Local Road,HUDSONS,HOBSONS BAY,-37.829784,144.88614,2019,8,August,17,Afternoon Peak,Weekday
T20190014650,2019-08-05,18:33:00,1,Collision with vehicle,1,Monday,130,REAR END(VEHICLES IN SAME LANE),3,51358,T intersection,3,100,Arterial Highway,MURRAY VALLEY,SWAN HILL,-35.38543,143.5671,2019,8,August,18,Afternoon Peak,Weekday
T20190014775,2019-08-05,16:55:00,1,Collision with vehicle,1,Monday,152,PULLING OUT (OVERTAKING),1,607344,Not at intersection,3,50,Local Road,SCHOTTERS,WHITTLESEA,-37.600338,145.10184,2019,8,August,16,Afternoon Peak,Weekday
T20190014654,2019-08-05,02:30:00,4,Collision with a fixed object,1,Monday,175,OFF END OF ROAD/T-INTERSECTION.,3,360549,T intersection,3,60,Local Road,DUNKELD,HUME,-37.651783,144.92274,2019,8,August,2,Late Night,Weekday
T20190014658,2019-08-05,19:45:00,4,Collision with a fixed object,1,Monday,171,LEFT OFF CARRIAGEWAY INTO OBJECT/PARKED VEHICLE,3,637491,Not at intersection,2,60,Arterial Highway,MONTGOMERY,CORANGAMITE,-37.686337,143.36964,2019,8,August,19,Night,Weekday
T20190014659,2019-08-05,23:40:00,2,Struck Pedestrian,1,Monday,104,PED WALKING WITH TRAFFIC,5,776852,Not at intersection,2,60,Local Road,DOHERTYS,WYNDHAM,-37.820686,144.70085,2019,8,August,23,Night,Weekday
T20190014669,2019-08-05,15:30:00,1,Collision with vehicle,1,Monday,140,U TURN,1,360573,T intersection,2,80,Local Road,CANTERBURY,MAROONDAH,-37.81995,145.31026,2019,8,August,15,Afternoon Peak,Weekday
T20190019915,2019-08-05,14:25:00,1,Collision with vehicle,1,Monday,130,REAR END(VEHICLES IN SAME LANE),1,22731,Cross intersection,3,60,Local Road,CAMPBELLS,BALLARAT,-37.580574,143.84465,2019,8,August,14,Midday,Weekday
T20190014689,2019-08-05,10:00:00,1,Collision with vehicle,1,Monday,130,REAR END(VEHICLES IN SAME LANE),1,49790,Cross intersection,3,70,Arterial Highway,PRINCES,GEELONG,-38.11499,144.35449,2019,8,August,10,Midday,Weekday
T20190021446,2019-08-05,06:45:00,1,Collision with vehicle,1,Monday,130,REAR END(VEHICLES IN SAME LANE),2,640296,Not at intersection,3,60,Arterial Highway,MIDLAND,SHEPPARTON,-36.379475,145.39595,2019,8,August,6,Morning Peak,Weekday
T20190015396,2019-08-05,14:45:00,1,Collision with vehicle,1,Monday,130,REAR END(VEHICLES IN SAME LANE),1,582273,Not at intersection,3,60,Arterial Other,HEATHS,WYNDHAM,-37.878765,144.65225,2019,8,August,14,Midday,Weekday
T20190019529,2019-08-05,17:40:00,1,Collision with vehicle,1,Monday,160,VEHICLE COLLIDES WITH VEHICLE PARKED ON LEFT OF ROAD,2,591016,Not at intersection,3,50,Local Road,WALNUT,BOROONDARA,-37.79239,145.08997,2019,8,August,17,Afternoon Peak,Weekday
T20190019224,2019-08-05,10:20:00,2,Struck Pedestrian,1,Monday,100,PED NEAR SIDE. PED HIT BY VEHICLE FROM THE RIGHT.,1,41796,Cross intersection,3,30,Arterial Highway,SPRINGVALE,MONASH,-37.88072,145.16562,2019,8,August,10,Midday,Weekday
T20190014769,2019-08-05,19:30:00,4,Collision with a fixed object,1,Monday,171,LEFT OFF CARRIAGEWAY INTO OBJECT/PARKED VEHICLE,3,44224,Cross intersection,3,60,Arterial Other,HIGH,WHITTLESEA,-37.648518,145.02585,2019,8,August,19,Night,Weekday
T20190019563,2019-08-05,15:08:00,1,Collision with vehicle,1,Monday,130,REAR END(VEHICLES IN SAME LANE),1,295599,T intersection,3,60,Arterial Other,SCORESBY,KNOX,-37.84452,145.2701,2019,8,August,15,Afternoon Peak,Weekday
T20190014590,2019-08-05,01:40:00,1,Collision with vehicle,1,Monday,110,CROSS TRAFFIC(INTERSECTIONS ONLY),3,38056,Cross intersection,2,60,Arterial Highway,ALBERT,DAREBIN,-37.747173,145.02182,2019,8,August,1,Late Night,Weekday
T20190014596,2019-08-05,09:45:00,1,Collision with vehicle,1,Monday,121,RIGHT THROUGH,1,57285,Cross intersection,3,60,Arterial Other,RYLEY STREET -TONE,WANGARATTA,-36.359318,146.31552,2019,8,August,9,Morning Peak,Weekday
T20190014607,2019-08-05,13:05:00,2,Struck Pedestrian,1,Monday,100,PED NEAR SIDE. PED HIT BY VEHICLE FROM THE RIGHT.,1,66554,T intersection,3,50,Arterial Other,STATION,WHITEHORSE,-37.83064,145.12148,2019,8,August,13,Midday,Weekday
T20190014609,2019-08-05,12:20:00,2,Struck Pedestrian,1,Monday,100,PED NEAR SIDE. PED HIT BY VEHICLE FROM THE RIGHT.,1,331317,Not at intersection,2,60,Local Road,INKERMAN,GLEN EIRA,-37.86952,145.0245,2019,8,August,12,Midday,Weekday
T20190015554,2019-08-05,05:45:00,1,Collision with vehicle,1,Monday,133,LANE SIDE SWIPE (VEHICLES IN PARALLEL LANES),2,580828,Not at intersection,3,100,Freeway,WEST GATE,MELBOURNE,-37.829845,144.91968,2019,8,August,5,Morning Peak,Weekday
T20190014612,2019-08-05,12:05:00,1,Collision with vehicle,1,Monday,121,RIGHT THROUGH,1,50095,T intersection,3,60,Arterial Other,BARRABOOL,GEELONG,-38.16908,144.32819,2019,8,August,12,Midday,Weekday
T20190014615,2019-08-05,10:20:00,1,Collision with vehicle,1,Monday,113,RIGHT NEAR (INTERSECTIONS ONLY),1,36737,T intersection,3,80,Arterial Highway,PRINCES,DANDENONG,-37.941467,145.16606,2019,8,August,10,Midday,Weekday
T20190014901,2019-08-05,11:19:00,1,Collision with vehicle,1,Monday,133,LANE SIDE SWIPE (VEHICLES IN PARALLEL LANES),1,583273,Not at intersection,3,80,Freeway,WEST GATE,HOBSONS BAY,-37.824543,144.86206,2019,8,August,11,Midday,Weekday
T20190014616,2019-08-05,13:19:00,1,Collision with vehicle,1,Monday,152,PULLING OUT (OVERTAKING),1,360734,Not at intersection,2,60,Arterial Other,OLINDA-MONBULK,YARRA RANGES,-37.87181,145.3803,2019,8,August,13,Midday,Weekday
T20190014618,2019-08-05,11:00:00,4,Collision with a fixed object,1,Monday,183,OFF LEFT BEND INTO OBJECT/PARKED VEHICLE,1,581640,Not at intersection,3,100,Arterial Other,GENOA-MALLACOOTA,EAST GIPPSLAND,-37.50176,149.68338,2019,8,August,11,Midday,Weekday
T20190014625,2019-08-05,10:24:00,4,Collision with a fixed object,1,Monday,141,U TURN INTO FIXED OBJECT/PARKED VEHICLE,1,389,Cross intersection,2,60,Arterial Other,CHILDS,WHITTLESEA,-37.659706,145.0191,2019,8,August,10,Midday,Weekday
T20190014629,2019-08-05,14:00:00,1,Collision with vehicle,1,Monday,110,CROSS TRAFFIC(INTERSECTIONS ONLY),1,52917,Cross intersection,3,60,Arterial Other,DRUMMOND,BALLARAT,-37.567112,143.84628,2019,8,August,14,Midday,Weekday
T20190014630,2019-08-05,14:35:00,1,Collision with vehicle,1,Monday,147,VEHICLE STRIKES ANOTHER VEH WHILE EMERGING FROM DRIVEWAY,1,360358,Not at intersection,3,60,Arterial Other,HIGH STREET,MONASH,-37.872585,145.15163,2019,8,August,14,Midday,Weekday
T20190017370,2019-08-05,11:45:00,1,Collision with vehicle,1,Monday,130,REAR END(VEHICLES IN SAME LANE),9,598471,Not at intersection,3,60,Arterial Highway,PLENTY,DAREBIN,-37.71287,145.04611,2019,8,August,11,Midday,Weekday
T20190014638,2019-08-05,13:11:00,1,Collision with vehicle,1,Monday,129,OTHER OPPOSING MANOEUVRES NOT INCLUDED IN DCAs 120-125.,1,607343,Not at intersection,3,80,Local Road,RINGWOOD,MAROONDAH,-37.810345,145.22731,2019,8,August,13,Midday,Weekday
T20190014639,2019-08-05,13:00:00,4,Collision with a fixed object,1,Monday,171,LEFT OFF CARRIAGEWAY INTO OBJECT/PARKED VEHICLE,1,593686,Not at intersection,1,100,Local Road,YAPEEN-MUCKLEFORD,MOUNT ALEXANDER,-37.115566,144.13547,2019,8,August,13,Midday,Weekday
T20190014736,2019-08-06,21:55:00,2,Struck Pedestrian,2,Tuesday,100,PED NEAR SIDE. PED HIT BY VEHICLE FROM THE RIGHT.,3,360456,T intersection,3,50,Local Road,LEAWARRA,BALLARAT,-37.582478,143.82664,2019,8,August,21,Night,Weekday
T20190014711,2019-08-06,15:20:00,1,Collision with vehicle,2,Tuesday,120,HEAD ON (NOT OVERTAKING),1,605618,T intersection,3,50,Local Road,TERRARA,WHITEHORSE,-37.84217,145.19005,2019,8,August,15,Afternoon Peak,Weekday
T20190014688,2019-08-06,06:45:00,2,Struck Pedestrian,2,Tuesday,100,PED NEAR SIDE. PED HIT BY VEHICLE FROM THE RIGHT.,3,29636,Cross intersection,3,60,Arterial Other,GLEN EIRA,GLEN EIRA,-37.87692,144.998,2019,8,August,6,Morning Peak,Weekday
T20190019181,2019-08-06,17:40:00,1,Collision with vehicle,2,Tuesday,110,CROSS TRAFFIC(INTERSECTIONS ONLY),9,56784,Cross intersection,3,60,Local Road,BRIDGEWATER,HUME,-37.619022,144.92783,2019,8,August,17,Afternoon Peak,Weekday