ACCIDENT_NO,ACCIDENT_DATE,ACCIDENT_TIME,ACCIDENT_TYPE,ACCIDENT_TYPE_DESC,DAY_OF_WEEK,DAY_WEEK_DESC,DCA_CODE,DCA_DESC,LIGHT_CONDITION,NODE_ID,ROAD_GEOMETRY_DESC,SEVERITY,SPEED_ZONE,RMA,ROAD_NAME,LGA_NAME,LATITUDE,LONGITUDE,YEAR,MONTH,MONTH_NAME,HOUR,TIME_PERIOD,DAY_TYPE
T20190014876,2019-08-06,17:58:00,1,Collision with vehicle,2,Tuesday,130,REAR END(VEHICLES IN SAME LANE),2,360460,Not at intersection,2,100,Freeway,MORNINGTON PENINSULA,DANDENONG,-38.06242,145.14886,2019,8,August,17,Afternoon Peak,Weekday
T20190014718,2019-08-06,16:18:00,1,Collision with vehicle,2,Tuesday,120,HEAD ON (NOT OVERTAKING),1,651354,Not at intersection,2,80,Local Road,HIGHLANDS,MITCHELL,-37.033844,145.21805,2019,8,August,16,Afternoon Peak,Weekday
T20190014717,2019-08-06,18:30:00,1,Collision with vehicle,2,Tuesday,110,CROSS TRAFFIC(INTERSECTIONS ONLY),5,1309,Cross intersection,2,80,Arterial Other,MICKLEHAM,HUME,-37.562,144.87666,2019,8,August,18,Afternoon Peak,Weekday
T20190014712,2019-08-06,17:00:00,2,Struck Pedestrian,2,Tuesday,102,FAR SIDE. PED HIT BY VEHICLE FROM THE LEFT,1,592502,T intersection,2,50,Local Road,MARKET,WYNDHAM,-37.896893,144.65974,2019,8,August,17,Afternoon Peak,Weekday
T20190014665,2019-08-06,04:10:00,4,Collision with a fixed object,2,Tuesday,171,LEFT OFF CARRIAGEWAY INTO OBJECT/PARKED VEHICLE,3,582549,T intersection,2,60,Arterial Other,KYNETON MAIN,MACEDON RANGES,-37.254894,144.4648,2019,8,August,4,Late Night,Weekday
T20190017637,2019-08-06,17:30:00,1,Collision with vehicle,2,Tuesday,147,VEHICLE STRIKES ANOTHER VEH WHILE EMERGING FROM DRIVEWAY,9,594806,Not at intersection,3,80,Arterial Other,COOPER,WHITTLESEA,-37.647175,144.97719,2019,8,August,17,Afternoon Peak,Weekday
T20190014703,2019-08-06,15:20:00,1,Collision with vehicle,2,Tuesday,132,RIGHT REAR.,1,607499,T intersection,3,80,Arterial Other,LONDON,NORTHERN GRAMPIANS,-37.080414,142.79051,2019,8,August,15,Afternoon Peak,Weekday
T20190014677,2019-08-06,09:10:00,1,Collision with vehicle,2,Tuesday,110,CROSS TRAFFIC(INTERSECTIONS ONLY),1,36382,Cross intersection,2,40,Local Road,FENWICK,YARRA,-37.78761,144.97221,2019,8,August,9,Morning Peak,Weekday
T20190014737,2019-08-06,20:15:00,1,Collision with vehicle,2,Tuesday,110,CROSS TRAFFIC(INTERSECTIONS ONLY),3,44469,Cross intersection,3,60,Arterial Other,FYANS,GEELONG,-38.1617,144.35411,2019,8,August,20,Night,Weekday
T20190014680,2019-08-06,08:00:00,1,Collision with vehicle,2,Tuesday,113,RIGHT NEAR (INTERSECTIONS ONLY),1,354101,Cross intersection,3,60,Arterial Other,STATION,BRIMBANK,-37.767498,144.77534,2019,8,August,8,Morning Peak,Weekday
T20190014681,2019-08-06,09:11:00,1,Collision with vehicle,2,Tuesday,120,HEAD ON (NOT OVERTAKING),1,583977,Not at intersection,2,60,Local Road,GRICES,CASEY,-38.07724,145.35757,2019,8,August,9,Morning Peak,Weekday
T20190014682,2019-08-06,10:30:00,1,Collision with vehicle,2,Tuesday,113,RIGHT NEAR (INTERSECTIONS ONLY),1,36895,T intersection,3,80,Arterial Other,DORSET,MAROONDAH,-37.823612,145.28767,2019,8,August,10,Midday,Weekday
T20190014696,2019-08-06,12:29:00,1,Collision with vehicle,2,Tuesday,140,U TURN,1,19344,T intersection,3,100,Arterial Other,KERANG-KOONDROOK,GANNAWARRA,-35.74607,143.95125,2019,8,August,12,Midday,Weekday
T20190014706,2019-08-06,14:30:00,6,Vehicle overturned (no collision),2,Tuesday,180,OFF CARRIAGEWAY ON RIGHT BEND,1,320054,Cross intersection,3,80,Arterial Highway,MURRAY VALLEY,WODONGA,-36.145206,146.94348,2019,8,August,14,Midday,Weekday
T20190014692,2019-08-06,08:05:00,6,Vehicle overturned (no collision),2,Tuesday,182,OFF CARRIAGEWAY ON LEFT BEND,1,583537,Not at intersection,2,100,Arterial Highway,GREAT OCEAN,COLAC OTWAY,-38.756447,143.55382,2019,8,August,8,Morning Peak,Weekday
T20190014805,2019-08-06,15:15:00,1,Collision with vehicle,2,Tuesday,150,HEAD ON(OVERTAKING),1,360395,Not at intersection,3,60,Arterial Other,OLD CALDER,BRIMBANK,-37.72387,144.84036,2019,8,August,15,Afternoon Peak,Weekday
T20190014735,2019-08-06,16:45:00,1,Collision with vehicle,2,Tuesday,130,REAR END(VEHICLES IN SAME LANE),1,44360,T intersection,3,60,Local Road,CEMETERY,WYNDHAM,-37.893906,144.67355,2019,8,August,16,Afternoon Peak,Weekday
T20190014709,2019-08-06,17:25:00,1,Collision with vehicle,2,Tuesday,121,RIGHT THROUGH,3,38880,T intersection,3,60,Arterial Other,STUDLEY PARK,BOROONDARA,-37.807312,145.02744,2019,8,August,17,Afternoon Peak,Weekday
T20190016270,2019-08-06,08:00:00,1,Collision with vehicle,2,Tuesday,110,CROSS TRAFFIC(INTERSECTIONS ONLY),1,35995,Cross intersection,3,40,Local Road,PIGDON,YARRA,-37.781418,144.96707,2019,8,August,8,Morning Peak,Weekday
T20190014731,2019-08-06,19:30:00,1,Collision with vehicle,2,Tuesday,130,REAR END(VEHICLES IN SAME LANE),3,29457,Cross intersection,3,70,Arterial Other,HIGH,WHITTLESEA,-37.69482,145.01141,2019,8,August,19,Night,Weekday
T20190014730,2019-08-06,15:30:00,2,Struck Pedestrian,2,Tuesday,130,REAR END(VEHICLES IN SAME LANE),1,589726,Cross intersection,3,60,Local Road,HENRY,CARDINIA,-38.078613,145.48923,2019,8,August,15,Afternoon Peak,Weekday
T20190014725,2019-08-06,16:30:00,1,Collision with vehicle,2,Tuesday,110,CROSS TRAFFIC(INTERSECTIONS ONLY),1,61577,Cross intersection,3,50,Local Road,HEATH,WHITTLESEA,-37.677235,145.01962,2019,8,August,16,Afternoon Peak,Weekday
T20190014724,2019-08-06,14:00:00,4,Collision with a fixed object,2,Tuesday,141,U TURN INTO FIXED OBJECT/PARKED VEHICLE,1,71048,T intersection,2,70,Arterial Other,POUND,CASEY,-38.027157,145.26015,2019,8,August,14,Midday,Weekday
T20190014720,2019-08-06,15:40:00,4,Collision with a fixed object,2,Tuesday,171,LEFT OFF CARRIAGEWAY INTO OBJECT/PARKED VEHICLE,1,360545,Not at intersection,2,100,Local Road,SEYMOUR-PYALONG,MITCHELL,-37.030136,145.07036,2019,8,August,15,Afternoon Peak,Weekday
T20190014704,2019-08-06,15:50:00,4,Collision with a fixed object,2,Tuesday,181,OFF RIGHT BEND INTO OBJECT/PARKED VEHICLE,1,688802,Not at intersection,2,100,Arterial Highway,MELBA,YARRA RANGES,-37.67285,145.3817,2019,8,August,15,Afternoon Peak,Weekday
T20190014667,2019-08-06,05:40:00,1,Collision with vehicle,2,Tuesday,121,RIGHT THROUGH,3,774,Cross intersection,3,60,Arterial Highway,NEPEAN,KINGSTON,-37.957436,145.05193,2019,8,August,5,Morning Peak,Weekday
T20190014783,2019-08-06,09:02:00,1,Collision with vehicle,2,Tuesday,163,VEHICLE STRIKES DOOR OF PARKED/STATIONARY VEHICLE,1,35413,T intersection,3,40,Local Road,CHAPEL,STONNINGTON,-37.84977,144.99367,2019,8,August,9,Morning Peak,Weekday
T20190014831,2019-08-07,22:45:00,1,Collision with vehicle,3,Wednesday,130,REAR END(VEHICLES IN SAME LANE),5,582830,T intersection,2,80,Freeway,SOUTH GIPPSLAND OUT-SOUTH GIPPSLAND,CASEY,-38.037598,145.24878,2019,8,August,22,Night,Weekday
T20190015411,2019-08-07,18:00:00,1,Collision with vehicle,3,Wednesday,115,RIGHT/LEFT FAR (INTERSECTIONS ONLY),3,597123,Cross intersection,3,50,Local Road,MYRING,MOUNT ALEXANDER,-37.050644,144.22217,2019,8,August,18,Afternoon Peak,Weekday
T20190017733,2019-08-07,15:50:00,1,Collision with vehicle,3,Wednesday,130,REAR END(VEHICLES IN SAME LANE),9,585893,Not at intersection,3,60,Arterial Other,CANTERBURY,WHITEHORSE,-37.83155,145.1458,2019,8,August,15,Afternoon Peak,Weekday
T20190014806,2019-08-07,17:30:00,1,Collision with vehicle,3,Wednesday,110,CROSS TRAFFIC(INTERSECTIONS ONLY),2,51031,Cross intersection,2,50,Local Road,NIXON,SHEPPARTON,-36.378147,145.40894,2019,8,August,17,Afternoon Peak,Weekday
T20190014809,2019-08-07,17:54:00,4,Collision with a fixed object,3,Wednesday,171,LEFT OFF CARRIAGEWAY INTO OBJECT/PARKED VEHICLE,2,360565,Not at intersection,2,50,Local Road,URANA,GEELONG,-38.15761,144.34985,2019,8,August,17,Afternoon Peak,Weekday
T20190014811,2019-08-07,17:45:00,1,Collision with vehicle,3,Wednesday,130,REAR END(VEHICLES IN SAME LANE),3,577960,Not at intersection,2,70,Local Road,LEAKES,WYNDHAM,-37.83221,144.6742,2019,8,August,17,Afternoon Peak,Weekday
T20190014818,2019-08-07,20:15:00,1,Collision with vehicle,3,Wednesday,132,RIGHT REAR.,3,29616,Cross intersection,2,60,Arterial Highway,TOORAK,BOROONDARA,-37.849434,145.08708,2019,8,August,20,Night,Weekday
T20190014940,2019-08-07,16:45:00,1,Collision with vehicle,3,Wednesday,130,REAR END(VEHICLES IN SAME LANE),1,658780,Not at intersection,3,70,Arterial Other,SYDNEY,MORELAND,-37.714954,144.96202,2019,8,August,16,Afternoon Peak,Weekday
T20190014826,2019-08-07,19:55:00,1,Collision with vehicle,3,Wednesday,145,REVERSING IN STREAM OF TRAFFIC,3,643115,Not at intersection,3,50,Local Road,FALCON,WHITTLESEA,-37.68017,144.99332,2019,8,August,19,Night,Weekday
T20190014827,2019-08-07,22:10:00,1,Collision with vehicle,3,Wednesday,110,CROSS TRAFFIC(INTERSECTIONS ONLY),3,43092,Cross intersection,2,60,Local Road,MCCRAE,DANDENONG,-37.991833,145.22105,2019,8,August,22,Night,Weekday
T20190016941,2019-08-07,22:45:00,8,No collision and no object struck,3,Wednesday,149,OTHER MANOEUVRING NOT INCLUDED IN DCAs 140-148,3,582580,T intersection,3,80,Local Road,JENOLA,KNOX,-37.87687,145.21951,2019,8,August,22,Night,Weekday
T20190014915,2019-08-07,23:50:00,4,Collision with a fixed object,3,Wednesday,171,LEFT OFF CARRIAGEWAY INTO OBJECT/PARKED VEHICLE,3,654887,Not at intersection,2,70,Local Road,CALDER PARK,MELTON,-37.717583,144.75319,2019,8,August,23,Night,Weekday
T20190020156,2019-08-07,20:30:00,4,Collision with a fixed object,3,Wednesday,171,LEFT OFF CARRIAGEWAY INTO OBJECT/PARKED VEHICLE,3,607819,Not at intersection,3,100,Arterial Other,PLENTY,WHITTLESEA,-37.56657,145.1081,2019,8,August,20,Night,Weekday
T20190015161,2019-08-07,19:45:00,1,Collision with vehicle,3,Wednesday,132,RIGHT REAR.,6,37627,T intersection,3,60,Arterial Highway,PUNT,STONNINGTON,-37.832493,144.9877,2019,8,August,19,Night,Weekday
T20190014787,2019-08-07,13:10:00,1,Collision with vehicle,3,Wednesday,121,RIGHT THROUGH,1,278678,Cross intersection,2,50,Local Road,WINDROCK,HUME,-37.590664,144.91461,2019,8,August,13,Midday,Weekday
T20190014902,2019-08-07,08:35:00,1,Collision with vehicle,3,Wednesday,131,LEFT REAR,1,360495,Not at intersection,3,60,Arterial Other,ROYAL,MELBOURNE,-37.79423,144.95824,2019,8,August,8,Morning Peak,Weekday
T20190015723,2019-08-07,18:30:00,1,Collision with vehicle,3,Wednesday,130,REAR END(VEHICLES IN SAME LANE),2,35555,Cross intersection,3,70,Arterial Highway,NORTH,MONASH,-37.909508,145.08524,2019,8,August,18,Afternoon Peak,Weekday
T20190015341,2019-08-07,12:26:00,1,Collision with vehicle,3,Wednesday,130,REAR END(VEHICLES IN SAME LANE),1,41549,Cross intersection,3,60,Arterial Highway,WARRIGAL,STONNINGTON,-37.88028,145.09076,2019,8,August,12,Midday,Weekday
T20190014760,2019-08-07,08:15:00,1,Collision with vehicle,3,Wednesday,113,RIGHT NEAR (INTERSECTIONS ONLY),1,299679,T intersection,2,100,Arterial Other,DIGGERS REST-COIMADAI,MELTON,-37.62818,144.64499,2019,8,August,8,Morning Peak,Weekday
T20190014759,2019-08-07,09:03:00,1,Collision with vehicle,3,Wednesday,135,LANE CHANGE LEFT (NOT OVERTAKING),1,579687,Not at intersection,2,40,Local Road,HARBOUR,MELBOURNE,-37.818428,144.94643,2019,8,August,9,Morning Peak,Weekday
T20190014828,2019-08-07,22:00:00,4,Collision with a fixed object,3,Wednesday,171,LEFT OFF CARRIAGEWAY INTO OBJECT/PARKED VEHICLE,5,651875,Not at intersection,3,80,Arterial Other,WARBURTON-WOODS POINT,YARRA RANGES,-37.74777,145.71677,2019,8,August,22,Night,Weekday
T20190014741,2019-08-07,01:19:00,4,Collision with a fixed object,3,Wednesday,181,OFF RIGHT BEND INTO OBJECT/PARKED VEHICLE,3,653155,Not at intersection,3,50,Local Road,TARCOOLA,HUME,-37.64852,144.92728,2019,8,August,1,Late Night,Weekday
T20190014771,2019-08-07,11:30:00,1,Collision with vehicle,3,Wednesday,130,REAR END(VEHICLES IN SAME LANE),1,586157,Not at intersection,3,60,Arterial Other,DAREBIN,DAREBIN,-37.76642,145.0292,2019,8,August,11,Midday,Weekday
T20190014803,2019-08-07,18:15:00,1,Collision with vehicle,3,Wednesday,110,CROSS TRAFFIC(INTERSECTIONS ONLY),3,245116,Cross intersection,2,80,Arterial Highway,MOOROODUC,FRANKSTON,-38.17373,145.13925,2019,8,August,18,Afternoon Peak,Weekday
T20190014829,2019-08-07,21:20:00,4,Collision with a fixed object,3,Wednesday,181,OFF RIGHT BEND INTO OBJECT/PARKED VEHICLE,3,351137,Not at intersection,1,80,Arterial Other,PASCOE VALE,HUME,-37.66017,144.92528,2019,8,August,21,Night,Weekday
T20190015502,2019-08-07,18:30:00,1,Collision with vehicle,3,Wednesday,121,RIGHT THROUGH,3,26587,Cross intersection,3,80,Freeway,WESTERN,MELTON,-37.756332,144.73967,2019,8,August,18,Afternoon Peak,Weekday
T20190014800,2019-08-07,14:30:00,1,Collision with vehicle,3,Wednesday,121,RIGHT THROUGH,1,358701,Cross intersection,2,80,Freeway,SOUTH GIPPSLAND-SOUTH GIPPSLAND IN,DANDENONG,-38.035767,145.24625,2019,8,August,14,Midday,Weekday
T20190020758,2019-08-07,08:30:00,1,Collision with vehicle,3,Wednesday,130,REAR END(VEHICLES IN SAME LANE),1,597402,Not at intersection,3,50,Local Road,BURNETT,WHITEHORSE,-37.812332,145.19551,2019,8,August,8,Morning Peak,Weekday
T20190014786,2019-08-07,13:15:00,1,Collision with vehicle,3,Wednesday,110,CROSS TRAFFIC(INTERSECTIONS ONLY),1,581642,Cross intersection,3,60,Freeway,MONTAGUE-CITYLINK OUT,PORT PHILLIP,-37.82677,144.94647,2019,8,August,13,Midday,Weekday
T20190014785,2019-08-07,07:00:00,1,Collision with vehicle,3,Wednesday,130,REAR END(VEHICLES IN SAME LANE),1,360478,Not at intersection,3,80,Arterial Other,HIGH STREET,MONASH,-37.875854,145.18083,2019,8,August,7,Morning Peak,Weekday
T20190015123,2019-08-07,07:45:00,1,Collision with vehicle,3,Wednesday,130,REAR END(VEHICLES IN SAME LANE),1,579431,Not at intersection,3,80,Freeway,WESTERN RING,BRIMBANK,-37.738075,144.85112,2019,8,August,7,Morning Peak,Weekday
T20190015926,2019-08-07,21:30:00,1,Collision with vehicle,3,Wednesday,147,VEHICLE STRIKES ANOTHER VEH WHILE EMERGING FROM DRIVEWAY,3,582965,Not at intersection,3,40,Local Road,LA TROBE,MELBOURNE,-37.81225,144.9547,2019,8,August,21,Night,Weekday
T20190014782,2019-08-07,06:35:00,1,Collision with vehicle,3,Wednesday,132,RIGHT REAR.,3,44439,T intersection,3,60,Arterial Other,THOMPSON,GEELONG,-38.101303,144.34523,2019,8,August,6,Morning Peak,Weekday
T20190014792,2019-08-07,16:30:00,1,Collision with vehicle,3,Wednesday,110,CROSS TRAFFIC(INTERSECTIONS ONLY),1,52871,Cross intersection,2,70,Arterial Other,VICTORIA,BALLARAT,-37.561546,143.87294,2019,8,August,16,Afternoon Peak,Weekday
T20190015320,2019-08-08,12:30:00,1,Collision with vehicle,4,Thursday,132,RIGHT REAR.,9,653246,Cross intersection,3,80,Arterial Highway,MAROONDAH,MAROONDAH,-37.811035,145.23764,2019,8,August,12,Midday,Weekday
T20190015157,2019-08-08,13:00:00,4,Collision with a fixed object,4,Thursday,183,OFF LEFT BEND INTO OBJECT/PARKED VEHICLE,1,360520,Not at intersection,3,80,Arterial Highway,WELLINGTON,MONASH,-37.920376,145.17435,2019,8,August,13,Midday,Weekday
T20190014920,2019-08-08,21:45:00,2,Struck Pedestrian,4,Thursday,102,FAR SIDE. PED HIT BY VEHICLE FROM THE LEFT,3,40232,Cross intersection,3,60,Arterial Other,BALACLAVA,GLEN EIRA,-37.871803,145.01773,2019,8,August,21,Night,Weekday
T20190014936,2019-08-08,08:30:00,8,No collision and no object struck,4,Thursday,170,OFF CARRIAGEWAY TO LEFT,1,266987,T intersection,3,50,Local Road,HORSESHOE BEND,SURF COAST,-38.311127,144.33922,2019,8,August,8,Morning Peak,Weekday
T20190017326,2019-08-08,08:40:00,1,Collision with vehicle,4,Thursday,130,REAR END(VEHICLES IN SAME LANE),1,39498,Cross intersection,3,70,Arterial Highway,SPRINGVALE,WHITEHORSE,-37.813236,145.17683,2019,8,August,8,Morning Peak,Weekday
T20190014937,2019-08-08,18:10:00,1,Collision with vehicle,4,Thursday,130,REAR END(VEHICLES IN SAME LANE),2,57608,T intersection,3,50,Local Road,COCHRANE,DANDENONG,-37.993595,145.17564,2019,8,August,18,Afternoon Peak,Weekday
T20190015479,2019-08-08,13:40:00,1,Collision with vehicle,4,Thursday,130,REAR END(VEHICLES IN SAME LANE),1,74200,T intersection,3,100,Arterial Highway,SOUTH GIPPSLAND,SOUTH GIPPSLAND,-38.650066,146.21977,2019,8,August,13,Midday,Weekday
T20190014899,2019-08-08,18:35:00,1,Collision with vehicle,4,Thursday,113,RIGHT NEAR (INTERSECTIONS ONLY),3,71088,T intersection,3,50,Local Road,BRADLEY,CASEY,-38.031925,145.30865,2019,8,August,18,Afternoon Peak,Weekday
T20190015305,2019-08-08,08:40:00,1,Collision with vehicle,4,Thursday,131,LEFT REAR,1,588690,Not at intersection,3,50,Local Road,VICTORIA,BENDIGO,-36.718525,144.2538,2019,8,August,8,Morning Peak,Weekday
T20190014836,2019-08-08,06:30:00,1,Collision with vehicle,4,Thursday,120,HEAD ON (NOT OVERTAKING),3,15509,Cross intersection,2,80,Arterial Highway,WHITE,BASS COAST,-38.58882,145.58092,2019,8,August,6,Morning Peak,Weekday
T20190015036,2019-08-08,22:10:00,1,Collision with vehicle,4,Thursday,121,RIGHT THROUGH,3,40764,Cross intersection,2,60,Arterial Other,HIGHBURY,MONASH,-37.85977,145.15076,2019,8,August,22,Night,Weekday
T20190014884,2019-08-08,16:00:00,1,Collision with vehicle,4,Thursday,147,VEHICLE STRIKES ANOTHER VEH WHILE EMERGING FROM DRIVEWAY,1,360419,T intersection,3,50,Local Road,GORDONS,WHITTLESEA,-37.63568,145.07927,2019,8,August,16,Afternoon Peak,Weekday
T20190014904,2019-08-08,18:40:00,1,Collision with vehicle,4,Thursday,135,LANE CHANGE LEFT (NOT OVERTAKING),3,360458,Not at intersection,2,40,Arterial Other,MT ALEXANDER,MOONEE VALLEY,-37.7686,144.92537,2019,8,August,18,Afternoon Peak,Weekday
T20190014905,2019-08-08,19:00:00,1,Collision with vehicle,4,Thursday,132,RIGHT REAR.,3,41067,T intersection,2,60,Arterial Other,FOREST,KNOX,-37.861633,145.30457,2019,8,August,19,Night,Weekday
T20190014906,2019-08-08,17:45:00,1,Collision with vehicle,4,Thursday,130,REAR END(VEHICLES IN SAME LANE),3,360489,Not at intersection,3,60,Local Road,RAILWAY,HOBSONS BAY,-37.863365,144.77583,2019,8,August,17,Afternoon Peak,Weekday
T20190014908,2019-08-08,18:30:00,1,Collision with vehicle,4,Thursday,132,RIGHT REAR.,3,58608,T intersection,3,50,Local Road,LAWRENCE,WODONGA,-36.12329,146.87923,2019,8,August,18,Afternoon Peak,Weekday
T20190014910,2019-08-08,18:03:00,8,No collision and no object struck,4,Thursday,174,OUT OF CONTROL ON CARRIAGEWAY (ON STRAIGHT),3,593275,Not at intersection,3,60,Arterial Other,HIGH,WHITTLESEA,-37.687653,145.0126,2019,8,August,18,Afternoon Peak,Weekday
T20190014913,2019-08-08,18:05:00,4,Collision with a fixed object,4,Thursday,171,LEFT OFF CARRIAGEWAY INTO OBJECT/PARKED VEHICLE,3,360589,Not at intersection,2,50,Local Road,PROVINCE,GEELONG,-38.16129,144.29895,2019,8,August,18,Afternoon Peak,Weekday
T20190014914,2019-08-08,14:45:00,1,Collision with vehicle,4,Thursday,130,REAR END(VEHICLES IN SAME LANE),1,579188,Not at intersection,2,80,Arterial Highway,DINGLEY,KINGSTON,-37.960785,145.12257,2019,8,August,14,Midday,Weekday
T20190014916,2019-08-08,19:55:00,2,Struck Pedestrian,4,Thursday,100,PED NEAR SIDE. PED HIT BY VEHICLE FROM THE RIGHT.,3,41157,Cross intersection,3,60,Local Road,MARTIN,BAYSIDE,-37.896275,144.9947,2019,8,August,19,Night,Weekday
T20190017954,2019-08-08,09:00:00,1,Collision with vehicle,4,Thursday,113,RIGHT NEAR (INTERSECTIONS ONLY),1,43594,T intersection,3,80,Arterial Highway,MOOROODUC,FRANKSTON,-38.19403,145.1351,2019,8,August,9,Morning Peak,Weekday
T20190014844,2019-08-08,07:20:00,1,Collision with vehicle,4,Thursday,121,RIGHT THROUGH,1,48470,T intersection,2,60,Local Road,INKERMAN,GLEN EIRA,-37.868206,145.01398,2019,8,August,7,Morning Peak,Weekday
T20190019167,2019-08-08,12:00:00,6,Vehicle overturned (no collision),4,Thursday,174,OUT OF CONTROL ON CARRIAGEWAY (ON STRAIGHT),1,589762,Not at intersection,3,60,Arterial Highway,TOORAK,BOROONDARA,-37.849506,145.08768,2019,8,August,12,Midday,Weekday
T20190014918,2019-08-08,23:47:00,1,Collision with vehicle,4,Thursday,111,RIGHT FAR (INTERSECTIONS ONLY),3,578708,T intersection,3,50,Local Road,WATERVIEW,HUME,-37.595657,144.90471,2019,8,August,23,Night,Weekday
T20190014867,2019-08-08,11:30:00,1,Collision with vehicle,4,Thursday,147,VEHICLE STRIKES ANOTHER VEH WHILE EMERGING FROM DRIVEWAY,1,608094,Not at intersection,2,60,Arterial Other,MELBOURNE,HOBSONS BAY,-37.840984,144.88293,2019,8,August,11,Midday,Weekday
T20190014907,2019-08-08,12:45:00,1,Collision with vehicle,4,Thursday,130,REAR END(VEHICLES IN SAME LANE),1,360441,Not at intersection,3,60,Arterial Other,SYDNEY,MORELAND,-37.74113,144.96663,2019,8,August,12,Midday,Weekday
T20190014881,2019-08-08,16:00:00,4,Collision with a fixed object,4,Thursday,179,OTHER ACCIDENTS-OFF STRAIGHT NOT INCLUDED IN DCAs 170-175,1,688806,Not at intersection,3,50,Local Road,INVERNESS,YARRA RANGES,-37.808388,145.37517,2019,8,August,16,Afternoon Peak,Weekday
T20190014882,2019-08-08,06:50:00,1,Collision with vehicle,4,Thursday,110,CROSS TRAFFIC(INTERSECTIONS ONLY),6,37041,Cross intersection,3,60,Local Road,HOTHAM,MELBOURNE,-37.814423,144.98819,2019,8,August,6,Morning Peak,Weekday
T20190016301,2019-08-08,10:10:00,4,Collision with a fixed object,4,Thursday,179,OTHER ACCIDENTS-OFF STRAIGHT NOT INCLUDED IN DCAs 170-175,1,733289,Not at intersection,3,60,Local Road,GILBERT,DAREBIN,-37.7197,144.9932,2019,8,August,10,Midday,Weekday
T20190014890,2019-08-08,15:15:00,4,Collision with a fixed object,4,Thursday,171,LEFT OFF CARRIAGEWAY INTO OBJECT/PARKED VEHICLE,1,360466,Not at intersection,3,80,Arterial Other,NARRE WARREN NORTH,CASEY,-38.01955,145.30838,2019,8,August,15,Afternoon Peak,Weekday
T20190014847,2019-08-08,08:45:00,1,Collision with vehicle,4,Thursday,121,RIGHT THROUGH,1,29430,Cross intersection,3,50,Local Road,ALBERT,MELBOURNE,-37.809536,144.97565,2019,8,August,8,Morning Peak,Weekday
T20190014849,2019-08-08,07:55:00,1,Collision with vehicle,4,Thursday,133,LANE SIDE SWIPE (VEHICLES IN PARALLEL LANES),1,360729,Not at intersection,3,100,Freeway,PRINCES,CARDINIA,-38.068638,145.5905,2019,8,August,7,Morning Peak,Weekday
T20190014855,2019-08-08,09:50:00,1,Collision with vehicle,4,Thursday,120,HEAD ON (NOT OVERTAKING),1,360583,Not at intersection,2,100,Arterial Other,BENDIGO-MALDON,BENDIGO,-36.90237,144.1382,2019,8,August,9,Morning Peak,Weekday
T20190014863,2019-08-08,08:07:00,1,Collision with vehicle,4,Thursday,121,RIGHT THROUGH,1,38747,Cross intersection,2,60,Arterial Other,BUCKLEY,MARIBYRNONG,-37.803074,144.89157,2019,8,August,8,Morning Peak,Weekday
T20190014892,2019-08-08,17:00:00,1,Collision with vehicle,4,Thursday,121,RIGHT THROUGH,1,37914,Cross intersection,3,60,Arterial Other,WESTGARTH,DAREBIN,-37.780743,144.99396,2019,8,August,17,Afternoon Peak,Weekday
T20190014896,2019-08-08,18:15:00,1,Collision with vehicle,4,Thursday,113,RIGHT NEAR (INTERSECTIONS ONLY),3,50994,T intersection,3,50,Local Road,KING,SHEPPARTON,-36.367123,145.3989,2019,8,August,18,Afternoon Peak,Weekday
T20190014898,2019-08-08,16:05:00,1,Collision with vehicle,4,Thursday,110,CROSS TRAFFIC(INTERSECTIONS ONLY),1,51606,Cross intersection,2,60,Arterial Highway,MARONG,BENDIGO,-36.757088,144.26085,2019,8,August,16,Afternoon Peak,Weekday
T20190014919,2019-08-08,22:30:00,1,Collision with vehicle,4,Thursday,130,REAR END(VEHICLES IN SAME LANE),3,114967,Cross intersection,3,60,Arterial Other,CRAIGIEBURN,HUME,-37.593918,144.91006,2019,8,August,22,Night,Weekday
T20190014982,2019-08-09,17:36:00,1,Collision with vehicle,5,Friday,130,REAR END(VEHICLES IN SAME LANE),5,360463,T intersection,3,100,Arterial Other,MONASH,LATROBE,-38.2977,146.41756,2019,8,August,17,Afternoon Peak,Weekday
T20190015721,2019-08-09,07:40:00,1,Collision with vehicle,5,Friday,132,RIGHT REAR.,1,661368,Not at intersection,3,50,Arterial Other,BALLARAT,BRIMBANK,-37.771046,144.78023,2019,8,August,7,Morning Peak,Weekday
T20190015708,2019-08-09,08:00:00,1,Collision with vehicle,5,Friday,121,RIGHT THROUGH,1,244164,T intersection,3,80,Arterial Other,RUSHDALE,KNOX,-37.893154,145.2552,2019,8,August,8,Morning Peak,Weekday
T20190014965,2019-08-09,15:33:00,1,Collision with vehicle,5,Friday,113,RIGHT NEAR (INTERSECTIONS ONLY),1,608418,T intersection,3,60,Local Road,OSBURN,WODONGA,-36.116817,146.8906,2019,8,August,15,Afternoon Peak,Weekday
T20190014963,2019-08-09,01:00:00,5,collision with some other object,5,Friday,166,STRUCK OBJECT ON CARRIAGEWAY,5,582551,Not at intersection,2,100,Arterial Highway,MURRAY VALLEY,MOIRA,-36.075375,145.20387,2019,8,August,1,Late Night,Weekday
T20190014964,2019-08-09,11:30:00,1,Collision with vehicle,5,Friday,142,LEAVING PARKING,1,126675,Not at intersection,2,60,Arterial Other,CENTRE,GLEN EIRA,-37.916645,145.02368,2019,8,August,11,Midday,Weekday