ACCIDENT_NO,ACCIDENT_DATE,ACCIDENT_TIME,ACCIDENT_TYPE,ACCIDENT_TYPE_DESC,DAY_OF_WEEK,DAY_WEEK_DESC,DCA_CODE,DCA_DESC,LIGHT_CONDITION,NODE_ID,ROAD_GEOMETRY_DESC,SEVERITY,SPEED_ZONE,RMA,ROAD_NAME,LGA_NAME,LATITUDE,LONGITUDE,YEAR,MONTH,MONTH_NAME,HOUR,TIME_PERIOD,DAY_TYPE
T20190014994,2019-08-09,18:55:00,1,Collision with vehicle,5,Friday,110,CROSS TRAFFIC(INTERSECTIONS ONLY),3,15302,Cross intersection,2,100,Arterial Other,MELBOURNE-LANCEFIELD,MACEDON RANGES,-37.45324,144.74297,2019,8,August,18,Afternoon Peak,Weekday
T20190015171,2019-08-09,19:00:00,3,Struck animal,5,Friday,167,STRUCK ANIMAL,2,360579,Not at intersection,3,100,Arterial Other,ROSEDALE-LONGFORD,WELLINGTON,-38.161385,146.90948,2019,8,August,19,Night,Weekday
T20190015232,2019-08-09,15:58:00,8,No collision and no object struck,5,Friday,174,OUT OF CONTROL ON CARRIAGEWAY (ON STRAIGHT),1,608420,Not at intersection,3,100,Arterial Highway,WESTERN,PYRENEES,-37.425087,143.35452,2019,8,August,15,Afternoon Peak,Weekday
T20190014951,2019-08-09,11:57:00,1,Collision with vehicle,5,Friday,120,HEAD ON (NOT OVERTAKING),1,588416,Not at intersection,2,80,Arterial Other,KOO WEE RUP,CARDINIA,-38.113777,145.48563,2019,8,August,11,Midday,Weekday
T20190015029,2019-08-09,19:30:00,1,Collision with vehicle,5,Friday,130,REAR END(VEHICLES IN SAME LANE),6,102369,Not at intersection,3,50,Local Road,CLOW,DANDENONG,-37.985134,145.2166,2019,8,August,19,Night,Weekday
T20190014976,2019-08-09,15:35:00,4,Collision with a fixed object,5,Friday,183,OFF LEFT BEND INTO OBJECT/PARKED VEHICLE,1,653249,Not at intersection,2,100,Arterial Highway,PRINCES,MOYNE,-38.307365,142.0432,2019,8,August,15,Afternoon Peak,Weekday
T20190015332,2019-08-09,17:15:00,1,Collision with vehicle,5,Friday,130,REAR END(VEHICLES IN SAME LANE),2,582963,T intersection,3,80,Arterial Highway,SOUTH GIPPSLAND,DANDENONG,-38.00073,145.2256,2019,8,August,17,Afternoon Peak,Weekday
T20190015013,2019-08-09,21:30:00,4,Collision with a fixed object,5,Friday,173,RIGHT OFF CARRIAGEWAY INTO OBJECT/PARKED VEHICLE,5,594403,Not at intersection,2,50,Local Road,MARETIMO SERVICE,GLENELG,-38.311962,141.59471,2019,8,August,21,Night,Weekday
T20190014958,2019-08-09,13:50:00,2,Struck Pedestrian,5,Friday,102,FAR SIDE. PED HIT BY VEHICLE FROM THE LEFT,1,29822,Multiple intersection,2,50,Arterial Other,HAMPSTEAD ROAD -MITCHELL,MARIBYRNONG,-37.781754,144.87039,2019,8,August,13,Midday,Weekday
T20190014979,2019-08-09,17:35:00,1,Collision with vehicle,5,Friday,163,VEHICLE STRIKES DOOR OF PARKED/STATIONARY VEHICLE,3,360506,Not at intersection,2,40,Local Road,BOURKE,MELBOURNE,-37.81439,144.96266,2019,8,August,17,Afternoon Peak,Weekday
T20190015051,2019-08-09,19:40:00,4,Collision with a fixed object,5,Friday,183,OFF LEFT BEND INTO OBJECT/PARKED VEHICLE,5,360471,Not at intersection,2,80,Local Road,MEDHURST,YARRA RANGES,-37.71871,145.46027,2019,8,August,19,Night,Weekday
T20190014985,2019-08-09,06:45:00,6,Vehicle overturned (no collision),5,Friday,174,OUT OF CONTROL ON CARRIAGEWAY (ON STRAIGHT),2,50246,Cross intersection,3,60,Local Road,BURDOO,GEELONG,-38.20358,144.33107,2019,8,August,6,Morning Peak,Weekday
T20190017189,2019-08-09,08:00:00,1,Collision with vehicle,5,Friday,130,REAR END(VEHICLES IN SAME LANE),1,225466,T intersection,3,80,Freeway,MORNINGTON PENINSULA,DANDENONG,-38.024933,145.13394,2019,8,August,8,Morning Peak,Weekday
T20190014993,2019-08-09,18:36:00,1,Collision with vehicle,5,Friday,139,OTHER SAME DIRECTION-MANOUEVRES NOT INCLUDED IN DCAs 130-137,3,582552,Not at intersection,3,100,Freeway,PRINCES,HOBSONS BAY,-37.86953,144.7552,2019,8,August,18,Afternoon Peak,Weekday
T20190020548,2019-08-09,06:45:00,8,No collision and no object struck,5,Friday,170,OFF CARRIAGEWAY TO LEFT,6,608434,Not at intersection,3,80,Arterial Highway,SPRINGVALE,DANDENONG,-37.940025,145.15459,2019,8,August,6,Morning Peak,Weekday
T20190014995,2019-08-09,18:05:00,2,Struck Pedestrian,5,Friday,102,FAR SIDE. PED HIT BY VEHICLE FROM THE LEFT,3,52076,Cross intersection,2,60,Arterial Highway,FOSTER STREET -YORK,WELLINGTON,-38.111423,147.06844,2019,8,August,18,Afternoon Peak,Weekday
T20190015996,2019-08-09,11:20:00,1,Collision with vehicle,5,Friday,142,LEAVING PARKING,9,653254,Not at intersection,3,50,Local Road,MAIN,MAROONDAH,-37.79734,145.28082,2019,8,August,11,Midday,Weekday
T20190014942,2019-08-09,10:55:00,1,Collision with vehicle,5,Friday,132,RIGHT REAR.,1,29448,T intersection,3,60,Arterial Other,BALLAN,WYNDHAM,-37.89468,144.6347,2019,8,August,10,Midday,Weekday
T20190016242,2019-08-09,11:45:00,1,Collision with vehicle,5,Friday,135,LANE CHANGE LEFT (NOT OVERTAKING),1,593283,Not at intersection,3,60,Arterial Highway,STATE (BELL/SPRINGVALE),DAREBIN,-37.74788,145.02791,2019,8,August,11,Midday,Weekday
T20190014997,2019-08-09,17:15:00,1,Collision with vehicle,5,Friday,116,LEFT NEAR (INTERSECTIONS ONLY),1,50479,T intersection,3,100,Arterial Highway,CALDER,MILDURA,-34.260628,142.18031,2019,8,August,17,Afternoon Peak,Weekday
T20190015002,2019-08-09,21:08:00,1,Collision with vehicle,5,Friday,121,RIGHT THROUGH,3,360480,Not at intersection,2,80,Arterial Other,MOUNTAIN,KNOX,-37.843678,145.24733,2019,8,August,21,Night,Weekday
T20190014969,2019-08-09,15:00:00,4,Collision with a fixed object,5,Friday,171,LEFT OFF CARRIAGEWAY INTO OBJECT/PARKED VEHICLE,1,360526,Cross intersection,3,60,Arterial Other,DALTON ROAD -SETTLEMENT,WHITTLESEA,-37.689594,145.0278,2019,8,August,15,Afternoon Peak,Weekday
T20190014959,2019-08-09,08:08:00,4,Collision with a fixed object,5,Friday,173,RIGHT OFF CARRIAGEWAY INTO OBJECT/PARKED VEHICLE,1,579688,Not at intersection,2,100,Arterial Other,COLERAINE-EDENHOPE,SOUTHERN GRAMPIANS,-37.330143,141.68271,2019,8,August,8,Morning Peak,Weekday
T20190015010,2019-08-09,23:55:00,4,Collision with a fixed object,5,Friday,171,LEFT OFF CARRIAGEWAY INTO OBJECT/PARKED VEHICLE,3,581644,Not at intersection,2,70,Arterial Other,EDGARS,WHITTLESEA,-37.65011,145.00536,2019,8,August,23,Night,Weekday
T20190014981,2019-08-09,15:40:00,1,Collision with vehicle,5,Friday,121,RIGHT THROUGH,1,37452,Cross intersection,2,40,Local Road,BRIDGE,PORT PHILLIP,-37.838978,144.94748,2019,8,August,15,Afternoon Peak,Weekday
T20190015256,2019-08-09,18:15:00,1,Collision with vehicle,5,Friday,113,RIGHT NEAR (INTERSECTIONS ONLY),3,38974,Cross intersection,3,60,Arterial Other,COTHAM,BOROONDARA,-37.80836,145.0438,2019,8,August,18,Afternoon Peak,Weekday
T20190015176,2019-08-09,15:55:00,2,Struck Pedestrian,5,Friday,106,VEH STRIKES PED ON FOOTPATH/MEDIAN/TRAFFIC ISLAND.,1,586452,Not at intersection,3,60,Arterial Other,DOYLES,SHEPPARTON,-36.390854,145.43181,2019,8,August,15,Afternoon Peak,Weekday
T20190015003,2019-08-09,22:20:00,4,Collision with a fixed object,5,Friday,171,LEFT OFF CARRIAGEWAY INTO OBJECT/PARKED VEHICLE,3,578709,Not at intersection,3,70,Arterial Highway,MELBOURNE,GEELONG,-38.112366,144.35431,2019,8,August,22,Night,Weekday
T20200016995,2019-08-09,08:30:00,1,Collision with vehicle,5,Friday,137,LEFT TURN SIDESWIPE,1,662806,Not at intersection,3,80,Arterial Other,CRANBOURNE-FRANKSTON,FRANKSTON,-38.152203,145.19122,2019,8,August,8,Morning Peak,Weekday
T20190014935,2019-08-09,08:19:00,1,Collision with vehicle,5,Friday,130,REAR END(VEHICLES IN SAME LANE),1,580273,Not at intersection,3,50,Arterial Other,FLEMINGTON ROAD SERVICE,MELBOURNE,-37.798946,144.95445,2019,8,August,8,Morning Peak,Weekday
T20190016538,2019-08-09,16:15:00,1,Collision with vehicle,5,Friday,110,CROSS TRAFFIC(INTERSECTIONS ONLY),1,50747,Cross intersection,3,60,Arterial Highway,BALLARAT,SOUTHERN GRAMPIANS,-37.74197,142.03506,2019,8,August,16,Afternoon Peak,Weekday
T20190017804,2019-08-09,18:00:00,1,Collision with vehicle,5,Friday,146,REVERSING INTO FIXED OBJECT/PARKED VEHICLE,9,653251,Not at intersection,3,60,Arterial Highway,BLAKE,MOIRA,-36.05776,145.20409,2019,8,August,18,Afternoon Peak,Weekday
T20190014961,2019-08-09,14:00:00,1,Collision with vehicle,5,Friday,154,PULLING OUT -REAR END,1,579689,Not at intersection,3,100,Freeway,WESTERN RING,BRIMBANK,-37.78639,144.78891,2019,8,August,14,Midday,Weekday
T20190017529,2019-08-09,06:45:00,1,Collision with vehicle,5,Friday,130,REAR END(VEHICLES IN SAME LANE),3,584276,Not at intersection,3,80,Arterial Highway,DANDENONG,DANDENONG,-38.00088,145.18753,2019,8,August,6,Morning Peak,Weekday
T20190014962,2019-08-09,13:40:00,1,Collision with vehicle,5,Friday,147,VEHICLE STRIKES ANOTHER VEH WHILE EMERGING FROM DRIVEWAY,1,588687,Not at intersection,2,60,Local Road,WEBSTER,BALLARAT,-37.55637,143.84724,2019,8,August,13,Midday,Weekday
T20190014933,2019-08-09,09:10:00,1,Collision with vehicle,5,Friday,110,CROSS TRAFFIC(INTERSECTIONS ONLY),1,43077,Cross intersection,2,60,Arterial Highway,FOSTER,DANDENONG,-37.98933,145.21684,2019,8,August,9,Morning Peak,Weekday
T20190015828,2019-08-09,15:30:00,1,Collision with vehicle,5,Friday,121,RIGHT THROUGH,1,579999,Not at intersection,3,60,Arterial Other,EPSOM,MOONEE VALLEY,-37.770718,144.90535,2019,8,August,15,Afternoon Peak,Weekday
T20190014939,2019-08-09,09:19:00,1,Collision with vehicle,5,Friday,147,VEHICLE STRIKES ANOTHER VEH WHILE EMERGING FROM DRIVEWAY,1,360564,Not at intersection,2,30,Local Road,ARGYLE,MARIBYRNONG,-37.796143,144.87488,2019,8,August,9,Morning Peak,Weekday
T20190014928,2019-08-09,06:30:00,2,Struck Pedestrian,5,Friday,105,PED WALKING AGAINST TRAFFIC.,3,38803,Cross intersection,3,60,Arterial Highway,NAPIER STREET -WHITEHALL,MARIBYRNONG,-37.805138,144.90425,2019,8,August,6,Morning Peak,Weekday
T20190014927,2019-08-09,06:30:00,2,Struck Pedestrian,5,Friday,100,PED NEAR SIDE. PED HIT BY VEHICLE FROM THE RIGHT.,2,593544,T intersection,2,40,Local Road,LONSDALE,MELBOURNE,-37.81507,144.95256,2019,8,August,6,Morning Peak,Weekday
T20190015434,2019-08-09,08:40:00,1,Collision with vehicle,5,Friday,130,REAR END(VEHICLES IN SAME LANE),1,578467,Not at intersection,3,60,Freeway,CITYLINK,MELBOURNE,-37.82205,144.93138,2019,8,August,8,Morning Peak,Weekday
T20190014973,2019-08-09,15:32:00,1,Collision with vehicle,5,Friday,121,RIGHT THROUGH,1,41843,T intersection,2,70,Arterial Other,HIGH STREET,MONASH,-37.876457,145.18587,2019,8,August,15,Afternoon Peak,Weekday
T20190014945,2019-08-09,11:22:00,1,Collision with vehicle,5,Friday,110,CROSS TRAFFIC(INTERSECTIONS ONLY),1,37975,Cross intersection,3,60,Arterial Other,DAREBIN,DAREBIN,-37.763878,145.00539,2019,8,August,11,Midday,Weekday
T20190014926,2019-08-09,05:40:00,1,Collision with vehicle,5,Friday,160,VEHICLE COLLIDES WITH VEHICLE PARKED ON LEFT OF ROAD,3,604187,Not at intersection,3,60,Local Road,PHILLIPSON,WANGARATTA,-36.350887,146.30573,2019,8,August,5,Morning Peak,Weekday
T20190015550,2019-08-09,17:15:00,1,Collision with vehicle,5,Friday,121,RIGHT THROUGH,3,46164,Cross intersection,3,50,Arterial Other,PRINCESS,BOROONDARA,-37.802963,145.02959,2019,8,August,17,Afternoon Peak,Weekday
T20190016124,2019-08-10,11:30:00,8,No collision and no object struck,6,Saturday,170,OFF CARRIAGEWAY TO LEFT,1,580310,Not at intersection,3,60,Arterial Highway,PUNT,STONNINGTON,-37.845585,144.98505,2019,8,August,11,Midday,Weekend
T20190015308,2019-08-10,19:50:00,1,Collision with vehicle,6,Saturday,130,REAR END(VEHICLES IN SAME LANE),6,253557,Cross intersection,3,60,Local Road,ROCKBANK MIDDLE,MELTON,-37.74694,144.74895,2019,8,August,19,Night,Weekend
T20190015172,2019-08-10,12:47:00,1,Collision with vehicle,6,Saturday,110,CROSS TRAFFIC(INTERSECTIONS ONLY),1,10986,Cross intersection,3,60,Arterial Other,NARRE WARREN NORTH,CASEY,-38.02077,145.30801,2019,8,August,12,Midday,Weekend
T20190015074,2019-08-10,22:47:00,2,Struck Pedestrian,6,Saturday,102,FAR SIDE. PED HIT BY VEHICLE FROM THE LEFT,3,597281,T intersection,1,70,Arterial Other,BALLARAT,MARIBYRNONG,-37.77938,144.84932,2019,8,August,22,Night,Weekend
T20190015073,2019-08-10,15:50:00,1,Collision with vehicle,6,Saturday,110,CROSS TRAFFIC(INTERSECTIONS ONLY),1,589990,Cross intersection,2,100,Arterial Highway,WIMMERA,LODDON,-36.753067,143.77112,2019,8,August,15,Afternoon Peak,Weekend
T20190015069,2019-08-10,19:15:00,1,Collision with vehicle,6,Saturday,110,CROSS TRAFFIC(INTERSECTIONS ONLY),5,58091,Cross intersection,2,100,Arterial Highway,WENTWORTH,MILDURA,-34.13045,142.0176,2019,8,August,19,Night,Weekend
T20190015067,2019-08-10,18:10:00,1,Collision with vehicle,6,Saturday,110,CROSS TRAFFIC(INTERSECTIONS ONLY),3,34918,Cross intersection,3,50,Local Road,LEAMINGTON,DAREBIN,-37.712578,145.00287,2019,8,August,18,Afternoon Peak,Weekend
T20190015064,2019-08-10,18:15:00,1,Collision with vehicle,6,Saturday,160,VEHICLE COLLIDES WITH VEHICLE PARKED ON LEFT OF ROAD,3,63871,T intersection,3,50,Local Road,DENNIS,DAREBIN,-37.765987,145.00238,2019,8,August,18,Afternoon Peak,Weekend
T20190015061,2019-08-10,20:20:00,4,Collision with a fixed object,6,Saturday,171,LEFT OFF CARRIAGEWAY INTO OBJECT/PARKED VEHICLE,5,582692,Not at intersection,3,100,Arterial Highway,MAROONDAH,YARRA RANGES,-37.684883,145.48048,2019,8,August,20,Night,Weekend
T20190015059,2019-08-10,19:09:00,1,Collision with vehicle,6,Saturday,121,RIGHT THROUGH,3,603027,Multiple intersection,3,60,Arterial Other,COBURNS,MELTON,-37.68823,144.56743,2019,8,August,19,Night,Weekend
T20190015058,2019-08-10,18:45:00,1,Collision with vehicle,6,Saturday,137,LEFT TURN SIDESWIPE,3,360497,Not at intersection,3,80,Arterial Highway,GEELONG,MARIBYRNONG,-37.80139,144.88768,2019,8,August,18,Afternoon Peak,Weekend
T20190015057,2019-08-10,17:57:00,1,Collision with vehicle,6,Saturday,121,RIGHT THROUGH,1,40727,T intersection,3,60,Arterial Other,MIDDLEBOROUGH,WHITEHORSE,-37.83605,145.1353,2019,8,August,17,Afternoon Peak,Weekend
T20190015004,2019-08-10,00:30:00,4,Collision with a fixed object,6,Saturday,173,RIGHT OFF CARRIAGEWAY INTO OBJECT/PARKED VEHICLE,3,637492,Not at intersection,2,80,Arterial Highway,MURRAY VALLEY,MOIRA,-35.924683,145.64677,2019,8,August,0,Late Night,Weekend
T20190015007,2019-08-10,00:29:00,2,Struck Pedestrian,6,Saturday,102,FAR SIDE. PED HIT BY VEHICLE FROM THE LEFT,3,37705,Cross intersection,2,40,Arterial Other,HIGH,STONNINGTON,-37.85185,144.99338,2019,8,August,0,Late Night,Weekend
T20190015011,2019-08-10,01:30:00,1,Collision with vehicle,6,Saturday,160,VEHICLE COLLIDES WITH VEHICLE PARKED ON LEFT OF ROAD,3,608715,Not at intersection,3,40,Local Road,MOORABOOL,GEELONG,-38.148415,144.36023,2019,8,August,1,Late Night,Weekend
T20190015012,2019-08-10,03:03:00,1,Collision with vehicle,6,Saturday,110,CROSS TRAFFIC(INTERSECTIONS ONLY),3,36,Cross intersection,2,60,Arterial Other,KING,MELBOURNE,-37.808163,144.95169,2019,8,August,3,Late Night,Weekend
T20190015040,2019-08-10,12:50:00,2,Struck Pedestrian,6,Saturday,102,FAR SIDE. PED HIT BY VEHICLE FROM THE LEFT,1,651356,Not at intersection,2,40,Local Road,BELLERINE,GEELONG,-38.15154,144.36446,2019,8,August,12,Midday,Weekend
T20190015042,2019-08-10,13:30:00,1,Collision with vehicle,6,Saturday,130,REAR END(VEHICLES IN SAME LANE),1,360488,Not at intersection,2,80,Arterial Highway,DANDENONG,MONASH,-37.915783,145.12921,2019,8,August,13,Midday,Weekend
T20190015045,2019-08-10,12:57:00,1,Collision with vehicle,6,Saturday,120,HEAD ON (NOT OVERTAKING),1,599022,Not at intersection,2,100,Local Road,MCDONALDS,SOUTH GIPPSLAND,-38.308907,145.64262,2019,8,August,12,Midday,Weekend
T20190015049,2019-08-10,16:55:00,2,Struck Pedestrian,6,Saturday,109,ANY MANOEUVRE INVOLVING PED NOT INCLUDED IN DCAs 100-108.,1,653497,Not at intersection,3,50,Arterial Other,BELMORE,MOIRA,-36.01402,146.00443,2019,8,August,16,Afternoon Peak,Weekend
T20190015052,2019-08-10,15:42:00,1,Collision with vehicle,6,Saturday,135,LANE CHANGE LEFT (NOT OVERTAKING),1,41732,T intersection,3,60,Arterial Other,WAVERLEY,MONASH,-37.886013,145.1394,2019,8,August,15,Afternoon Peak,Weekend
T20190016544,2019-08-10,03:19:00,4,Collision with a fixed object,6,Saturday,173,RIGHT OFF CARRIAGEWAY INTO OBJECT/PARKED VEHICLE,3,88607,Not at intersection,3,60,Arterial Highway,MAROONDAH,MAROONDAH,-37.817043,145.22267,2019,8,August,3,Late Night,Weekend
T20190019337,2019-08-10,23:30:00,2,Struck Pedestrian,6,Saturday,109,ANY MANOEUVRE INVOLVING PED NOT INCLUDED IN DCAs 100-108.,3,637439,Not at intersection,3,40,Local Road,GRAY,SOUTHERN GRAMPIANS,-37.7434,142.02394,2019,8,August,23,Night,Weekend
T20190015056,2019-08-10,18:45:00,1,Collision with vehicle,6,Saturday,132,RIGHT REAR.,3,41638,T intersection,2,60,Arterial Other,HUNTINGDALE,MONASH,-37.900066,145.10556,2019,8,August,18,Afternoon Peak,Weekend
T20190015016,2019-08-10,05:38:00,1,Collision with vehicle,6,Saturday,121,RIGHT THROUGH,3,608716,Cross intersection,2,80,Local Road,AIRPORT,HUME,-37.692474,144.86603,2019,8,August,5,Morning Peak,Weekend
T20190015017,2019-08-10,08:30:00,1,Collision with vehicle,6,Saturday,132,RIGHT REAR.,1,608717,Cross intersection,3,60,Arterial Other,RIVERSDALE,WHITEHORSE,-37.83753,145.11147,2019,8,August,8,Morning Peak,Weekend
T20190015024,2019-08-10,08:05:00,4,Collision with a fixed object,6,Saturday,173,RIGHT OFF CARRIAGEWAY INTO OBJECT/PARKED VEHICLE,1,653502,Not at intersection,3,60,Arterial Other,PRINCES,WYNDHAM,-37.891354,144.68585,2019,8,August,8,Morning Peak,Weekend
T20190015847,2019-08-10,09:45:00,6,Vehicle overturned (no collision),6,Saturday,174,OUT OF CONTROL ON CARRIAGEWAY (ON STRAIGHT),1,580001,Not at intersection,3,50,Local Road,FOSTER,KNOX,-37.88452,145.24577,2019,8,August,9,Morning Peak,Weekend
T20190015225,2019-08-10,14:15:00,1,Collision with vehicle,6,Saturday,121,RIGHT THROUGH,1,360542,Cross intersection,2,50,Arterial Other,HIGH STREET SERVICE,MITCHELL,-37.20407,145.0474,2019,8,August,14,Midday,Weekend
T20190015027,2019-08-10,12:00:00,1,Collision with vehicle,6,Saturday,116,LEFT NEAR (INTERSECTIONS ONLY),1,44038,T intersection,2,50,Arterial Other,SPRING,DAREBIN,-37.719627,145.00482,2019,8,August,12,Midday,Weekend
T20190019382,2019-08-10,01:30:00,4,Collision with a fixed object,6,Saturday,171,LEFT OFF CARRIAGEWAY INTO OBJECT/PARKED VEHICLE,5,134425,Not at intersection,2,70,Arterial Other,BEACONSFIELD-EMERALD,CARDINIA,-38.038437,145.37006,2019,8,August,1,Late Night,Weekend
T20190015028,2019-08-10,10:00:00,4,Collision with a fixed object,6,Saturday,173,RIGHT OFF CARRIAGEWAY INTO OBJECT/PARKED VEHICLE,1,653257,Not at intersection,2,80,Local Road,CHELTENHAM,DANDENONG,-37.99127,145.14735,2019,8,August,10,Midday,Weekend
T20190015241,2019-08-10,06:00:00,4,Collision with a fixed object,6,Saturday,171,LEFT OFF CARRIAGEWAY INTO OBJECT/PARKED VEHICLE,3,582853,Not at intersection,3,60,Arterial Other,ST KILDA,MELBOURNE,-37.828255,144.97136,2019,8,August,6,Morning Peak,Weekend
T20190015112,2019-08-10,19:42:00,4,Collision with a fixed object,6,Saturday,146,REVERSING INTO FIXED OBJECT/PARKED VEHICLE,5,653498,Not at intersection,2,70,Arterial Other,BEACONSFIELD-EMERALD,CARDINIA,-38.023624,145.38269,2019,8,August,19,Night,Weekend
T20190015032,2019-08-10,12:40:00,4,Collision with a fixed object,6,Saturday,171,LEFT OFF CARRIAGEWAY INTO OBJECT/PARKED VEHICLE,1,45540,Cross intersection,2,60,Arterial Other,MELVILLE,MORELAND,-37.749687,144.9464,2019,8,August,12,Midday,Weekend
T20190015955,2019-08-10,00:30:00,1,Collision with vehicle,6,Saturday,163,VEHICLE STRIKES DOOR OF PARKED/STATIONARY VEHICLE,3,653260,Not at intersection,3,40,Local Road,QUEENS BRIDGE,MELBOURNE,-37.82245,144.96109,2019,8,August,0,Late Night,Weekend
T20190015116,2019-08-11,08:30:00,4,Collision with a fixed object,7,Sunday,183,OFF LEFT BEND INTO OBJECT/PARKED VEHICLE,1,291142,T intersection,3,100,Arterial Other,COACH ROAD -ROMSEY,MACEDON RANGES,-37.34349,144.58485,2019,8,August,8,Morning Peak,Weekend
T20190015229,2019-08-11,14:00:00,4,Collision with a fixed object,7,Sunday,171,LEFT OFF CARRIAGEWAY INTO OBJECT/PARKED VEHICLE,1,360744,Not at intersection,3,50,Local Road,NEVER NEVER,HINDMARSH,-36.40306,141.93147,2019,8,August,14,Midday,Weekend
T20190015111,2019-08-11,12:50:00,1,Collision with vehicle,7,Sunday,121,RIGHT THROUGH,1,349347,Cross intersection,3,70,Arterial Other,STRADBROKE,YARRA RANGES,-37.81078,145.34032,2019,8,August,12,Midday,Weekend
T20190015108,2019-08-11,09:00:00,4,Collision with a fixed object,7,Sunday,179,OTHER ACCIDENTS-OFF STRAIGHT NOT INCLUDED IN DCAs 170-175,1,48428,Cross intersection,3,60,Local Road,HARKAWAY,CASEY,-38.01753,145.34627,2019,8,August,9,Morning Peak,Weekend
T20190015146,2019-08-11,13:00:00,2,Struck Pedestrian,7,Sunday,101,PED EMERGES FROM IN FRONT OF PARKED OR STATIONARY VEHICLE,1,360555,Not at intersection,2,60,Local Road,BOX,CASEY,-37.996017,145.2319,2019,8,August,13,Midday,Weekend
T20190015117,2019-08-11,14:54:00,1,Collision with vehicle,7,Sunday,121,RIGHT THROUGH,1,240343,Cross intersection,2,60,Arterial Highway,MONTAGUE,MELBOURNE,-37.82523,144.94835,2019,8,August,14,Midday,Weekend
T20190018096,2019-08-11,04:30:00,5,collision with some other object,7,Sunday,165,TEMPORARY ROADWORKS,3,316028,Cross intersection,3,80,Local Road,EVANS,CASEY,-38.076897,145.25871,2019,8,August,4,Late Night,Weekend
T20190015187,2019-08-11,15:30:00,1,Collision with vehicle,7,Sunday,113,RIGHT NEAR (INTERSECTIONS ONLY),1,579976,Cross intersection,3,60,Arterial Other,GEELONG,BALLARAT,-37.59274,143.86726,2019,8,August,15,Afternoon Peak,Weekend
T20190018526,2019-08-11,10:40:00,1,Collision with vehicle,7,Sunday,130,REAR END(VEHICLES IN SAME LANE),1,588446,Not at intersection,3,60,Arterial Other,MOUNTAIN,KNOX,-37.842205,145.25836,2019,8,August,10,Midday,Weekend
T20190015136,2019-08-11,21:50:00,1,Collision with vehicle,7,Sunday,169,OTHER ON PATH,3,360486,Not at intersection,2,60,Local Road,BAILEY,GEELONG,-38.202732,144.3466,2019,8,August,21,Night,Weekend
T20190015081,2019-08-11,00:51:00,4,Collision with a fixed object,7,Sunday,173,RIGHT OFF CARRIAGEWAY INTO OBJECT/PARKED VEHICLE,5,360483,Not at intersection,3,100,Freeway,WESTERN,MOORABOOL,-37.55247,143.9831,2019,8,August,0,Late Night,Weekend
T20190016310,2019-08-11,02:30:00,8,No collision and no object struck,7,Sunday,174,OUT OF CONTROL ON CARRIAGEWAY (ON STRAIGHT),6,593285,Not at intersection,3,60,Arterial Other,MALVERN,STONNINGTON,-37.85255,145.03693,2019,8,August,2,Late Night,Weekend
T20190015254,2019-08-11,13:00:00,1,Collision with vehicle,7,Sunday,120,HEAD ON (NOT OVERTAKING),1,609011,Not at intersection,3,100,Local Road,WALHALLA,BAW BAW,-37.820133,146.40579,2019,8,August,13,Midday,Weekend
T20190016044,2019-08-11,16:00:00,1,Collision with vehicle,7,Sunday,130,REAR END(VEHICLES IN SAME LANE),9,607809,Not at intersection,2,80,Arterial Highway,GREENSBOROUGH,BANYULE,-37.70298,145.08992,2019,8,August,16,Afternoon Peak,Weekend
T20190015148,2019-08-11,21:30:00,5,collision with some other object,7,Sunday,166,STRUCK OBJECT ON CARRIAGEWAY,5,609010,Not at intersection,3,100,Arterial Other,INVERLOCH-KONGWAK,BASS COAST,-38.569202,145.7163,2019,8,August,21,Night,Weekend
T20190015101,2019-08-11,10:06:00,1,Collision with vehicle,7,Sunday,131,LEFT REAR,1,592263,Not at intersection,2,80,Arterial Highway,GREAT ALPINE,ALPINE,-36.591206,146.76427,2019,8,August,10,Midday,Weekend
T20190015702,2019-08-11,11:11:00,1,Collision with vehicle,7,Sunday,145,REVERSING IN STREAM OF TRAFFIC,1,653790,Not at intersection,2,50,Local Road,BILLSON,BASS COAST,-38.606052,145.58853,2019,8,August,11,Midday,Weekend
T20190015105,2019-08-11,05:00:00,4,Collision with a fixed object,7,Sunday,173,RIGHT OFF CARRIAGEWAY INTO OBJECT/PARKED VEHICLE,5,593546,Not at intersection,3,100,Arterial Highway,MURRAY VALLEY,TOWONG,-36.15387,147.41628,2019,8,August,5,Morning Peak,Weekend
T20190015311,2019-08-11,10:30:00,6,Vehicle overturned (no collision),7,Sunday,151,OUT OF CONTROL (OVERTAKING),1,579978,Not at intersection,2,100,Arterial Highway,GREAT OCEAN,MOYNE,-38.405094,142.63231,2019,8,August,10,Midday,Weekend
T20190016061,2019-08-11,09:00:00,8,No collision and no object struck,7,Sunday,170,OFF CARRIAGEWAY TO LEFT,1,580306,Not at intersection,2,100,Local Road,INGLEWOOD-RHEOLA,LODDON,-36.592285,143.84195,2019,8,August,9,Morning Peak,Weekend
T20190015138,2019-08-11,21:32:00,1,Collision with vehicle,7,Sunday,162,ACCIDENT OR BROKEN DOWN,3,593547,Not at intersection,2,60,Arterial Other,WAVERLEY,MOONEE VALLEY,-37.75681,144.90717,2019,8,August,21,Night,Weekend
T20190015083,2019-08-11,01:50:00,1,Collision with vehicle,7,Sunday,160,VEHICLE COLLIDES WITH VEHICLE PARKED ON LEFT OF ROAD,3,653609,Not at intersection,2,60,Local Road,PRINCESS,GEELONG,-38.081238,144.3468,2019,8,August,1,Late Night,Weekend