ACCIDENT_NO,ACCIDENT_DATE,ACCIDENT_TIME,ACCIDENT_TYPE,ACCIDENT_TYPE_DESC,DAY_OF_WEEK,DAY_WEEK_DESC,DCA_CODE,DCA_DESC,LIGHT_CONDITION,NODE_ID,ROAD_GEOMETRY_DESC,SEVERITY,SPEED_ZONE,RMA,ROAD_NAME,LGA_NAME,LATITUDE,LONGITUDE,YEAR,MONTH,MONTH_NAME,HOUR,TIME_PERIOD,DAY_TYPE
T20190015086,2019-08-11,08:50:00,1,Collision with vehicle,7,Sunday,136,RIGHT TURN SIDESWIPE,1,360487,Not at intersection,2,60,Arterial Other,SHANNON,GEELONG,-38.13299,144.33786,2019,8,August,8,Morning Peak,Weekend
T20190015099,2019-08-11,08:10:00,4,Collision with a fixed object,7,Sunday,173,RIGHT OFF CARRIAGEWAY INTO OBJECT/PARKED VEHICLE,1,653610,Not at intersection,3,80,Arterial Other,STRAWS,MACEDON RANGES,-37.33628,144.60445,2019,8,August,8,Morning Peak,Weekend
T20190015092,2019-08-11,09:15:00,1,Collision with vehicle,7,Sunday,132,RIGHT REAR.,1,64268,T intersection,2,60,Arterial Other,BRUNSWICK,MORELAND,-37.776794,144.95793,2019,8,August,9,Morning Peak,Weekend
T20190015094,2019-08-11,09:50:00,2,Struck Pedestrian,7,Sunday,100,PED NEAR SIDE. PED HIT BY VEHICLE FROM THE RIGHT.,1,588419,Not at intersection,2,50,Local Road,GERBERT,HUME,-37.687176,144.92744,2019,8,August,9,Morning Peak,Weekend
T20190015129,2019-08-11,16:15:00,1,Collision with vehicle,7,Sunday,120,HEAD ON (NOT OVERTAKING),1,106562,Cross intersection,1,80,Arterial Highway,SOUTH GIPPSLAND,CASEY,-38.09826,145.2832,2019,8,August,16,Afternoon Peak,Weekend
T20190015125,2019-08-11,19:35:00,1,Collision with vehicle,7,Sunday,136,RIGHT TURN SIDESWIPE,3,1231,T intersection,3,100,Arterial Highway,HUME,HUME,-37.525803,144.94774,2019,8,August,19,Night,Weekend
T20190015346,2019-08-12,19:45:00,3,Struck animal,1,Monday,167,STRUCK ANIMAL,5,584531,Not at intersection,2,100,Arterial Other,BIRREGURRA-FORREST,COLAC OTWAY,-38.356853,143.7974,2019,8,August,19,Night,Weekday
T20190015207,2019-08-12,19:45:00,1,Collision with vehicle,1,Monday,130,REAR END(VEHICLES IN SAME LANE),5,580825,Not at intersection,3,80,Arterial Highway,DANDENONG,DANDENONG,-38.001923,145.19588,2019,8,August,19,Night,Weekday
T20190017569,2019-08-12,15:20:00,2,Struck Pedestrian,1,Monday,103,PED PLAYING/LYING/WORKING/STANDING ON CARRIAGEWAY.,1,585612,Not at intersection,3,40,Local Road,BANYULE,BANYULE,-37.743366,145.08388,2019,8,August,15,Afternoon Peak,Weekday
T20190015181,2019-08-12,14:13:00,2,Struck Pedestrian,1,Monday,102,FAR SIDE. PED HIT BY VEHICLE FROM THE LEFT,1,653791,Not at intersection,2,40,Local Road,MAIN,HUME,-37.59306,144.91422,2019,8,August,14,Midday,Weekday
T20190015180,2019-08-12,14:10:00,1,Collision with vehicle,1,Monday,113,RIGHT NEAR (INTERSECTIONS ONLY),1,55661,T intersection,3,50,Arterial Other,BOUNDARY,MORELAND,-37.718945,144.96028,2019,8,August,14,Midday,Weekday
T20190015165,2019-08-12,08:00:00,2,Struck Pedestrian,1,Monday,100,PED NEAR SIDE. PED HIT BY VEHICLE FROM THE RIGHT.,1,66329,Cross intersection,3,50,Arterial Other,CANTERBURY,BOROONDARA,-37.824863,145.08818,2019,8,August,8,Morning Peak,Weekday
T20200003085,2019-08-12,10:10:00,1,Collision with vehicle,1,Monday,130,REAR END(VEHICLES IN SAME LANE),1,729143,Not at intersection,3,80,Arterial Highway,DANDENONG,DANDENONG,-38.00149,145.19238,2019,8,August,10,Midday,Weekday
T20190016221,2019-08-12,05:55:00,8,No collision and no object struck,1,Monday,179,OTHER ACCIDENTS-OFF STRAIGHT NOT INCLUDED IN DCAs 170-175,3,7204,Cross intersection,3,40,Local Road,COLLINS,MELBOURNE,-37.81474,144.9691,2019,8,August,5,Morning Peak,Weekday
T20190015195,2019-08-12,14:25:00,1,Collision with vehicle,1,Monday,121,RIGHT THROUGH,1,36168,Cross intersection,3,60,Arterial Other,SYNNOT,WYNDHAM,-37.901917,144.66289,2019,8,August,14,Midday,Weekday
T20190015196,2019-08-12,14:30:00,1,Collision with vehicle,1,Monday,199,UNKNOWN-NO DETAILS ON MANOEUVRES OF ROAD-USERS IN ACCIDENT,1,352354,Not at intersection,2,80,Arterial Highway,OLIVE,DANDENONG,-38.002922,145.2453,2019,8,August,14,Midday,Weekday
T20190015210,2019-08-12,19:00:00,1,Collision with vehicle,1,Monday,108,PED STRUCK WALKING TO/FROM OR BOARDING/ALIGHTING VEHICLE.,3,579977,Not at intersection,3,50,Local Road,HOWITT,GLEN EIRA,-37.875294,145.01561,2019,8,August,19,Night,Weekday
T20190015970,2019-08-12,08:54:00,1,Collision with vehicle,1,Monday,113,RIGHT NEAR (INTERSECTIONS ONLY),1,39233,T intersection,3,60,Arterial Other,CANTERBURY,WHITEHORSE,-37.826725,145.10411,2019,8,August,8,Morning Peak,Weekday
T20190018675,2019-08-12,14:20:00,1,Collision with vehicle,1,Monday,132,RIGHT REAR.,1,592760,T intersection,3,80,Local Road,GRAYLING,DANDENONG,-37.99365,145.16846,2019,8,August,14,Midday,Weekday
T20190015218,2019-08-12,13:06:00,4,Collision with a fixed object,1,Monday,171,LEFT OFF CARRIAGEWAY INTO OBJECT/PARKED VEHICLE,1,55169,T intersection,2,60,Arterial Other,MALVERN,STONNINGTON,-37.856884,145.05472,2019,8,August,13,Midday,Weekday
T20190015202,2019-08-12,19:30:00,1,Collision with vehicle,1,Monday,160,VEHICLE COLLIDES WITH VEHICLE PARKED ON LEFT OF ROAD,5,360739,Not at intersection,3,50,Local Road,FIR,WHITTLESEA,-37.509884,145.11967,2019,8,August,19,Night,Weekday
T20190015203,2019-08-12,18:25:00,1,Collision with vehicle,1,Monday,130,REAR END(VEHICLES IN SAME LANE),3,609302,T intersection,3,70,Arterial Highway,WHITEHORSE,WHITEHORSE,-37.81661,145.20764,2019,8,August,18,Afternoon Peak,Weekday
T20190015145,2019-08-12,05:30:00,6,Vehicle overturned (no collision),1,Monday,174,OUT OF CONTROL ON CARRIAGEWAY (ON STRAIGHT),5,360580,Not at intersection,3,100,Arterial Highway,PRINCES HIGHWAY,SURF COAST,-38.23246,144.02592,2019,8,August,5,Morning Peak,Weekday
T20190015149,2019-08-12,08:00:00,1,Collision with vehicle,1,Monday,130,REAR END(VEHICLES IN SAME LANE),1,39498,Cross intersection,3,80,Arterial Highway,SPRINGVALE,WHITEHORSE,-37.813236,145.17683,2019,8,August,8,Morning Peak,Weekday
T20190015151,2019-08-12,07:40:00,4,Collision with a fixed object,1,Monday,171,LEFT OFF CARRIAGEWAY INTO OBJECT/PARKED VEHICLE,1,583702,Not at intersection,3,80,Local Road,GOLF LINKS,LATROBE,-38.181686,146.32094,2019,8,August,7,Morning Peak,Weekday
T20190015152,2019-08-12,08:10:00,1,Collision with vehicle,1,Monday,111,RIGHT FAR (INTERSECTIONS ONLY),1,41574,T intersection,3,60,Arterial Highway,NORTH,MONASH,-37.909733,145.08713,2019,8,August,8,Morning Peak,Weekday
T20190015244,2019-08-12,08:20:00,8,No collision and no object struck,1,Monday,184,OUT OF CONTROL ON CARRIAGEWAY (ON BEND),1,354711,Cross intersection,2,60,Arterial Other,DORSET,MAROONDAH,-37.79979,145.28978,2019,8,August,8,Morning Peak,Weekday
T20190015246,2019-08-13,10:43:00,4,Collision with a fixed object,2,Tuesday,173,RIGHT OFF CARRIAGEWAY INTO OBJECT/PARKED VEHICLE,1,43852,Cross intersection,3,80,Arterial Highway,DANDENONG-HASTINGS,CASEY,-38.06289,145.24245,2019,8,August,10,Midday,Weekday
T20190015285,2019-08-13,18:45:00,2,Struck Pedestrian,2,Tuesday,102,FAR SIDE. PED HIT BY VEHICLE FROM THE LEFT,3,41999,Cross intersection,3,60,Arterial Other,BOUNDARY,MORELAND,-37.71695,144.94087,2019,8,August,18,Afternoon Peak,Weekday
T20190015217,2019-08-13,04:17:00,4,Collision with a fixed object,2,Tuesday,171,LEFT OFF CARRIAGEWAY INTO OBJECT/PARKED VEHICLE,3,586162,T intersection,3,70,Arterial Other,DORSET,KNOX,-37.851936,145.28616,2019,8,August,4,Late Night,Weekday
T20190015270,2019-08-13,16:36:00,1,Collision with vehicle,2,Tuesday,145,REVERSING IN STREAM OF TRAFFIC,1,653879,Not at intersection,3,30,Local Road,HENTY,DAREBIN,-37.71766,144.9845,2019,8,August,16,Afternoon Peak,Weekday
T20190015247,2019-08-13,11:30:00,4,Collision with a fixed object,2,Tuesday,173,RIGHT OFF CARRIAGEWAY INTO OBJECT/PARKED VEHICLE,1,597014,Cross intersection,2,80,Arterial Other,BEECHWORTH-WANGARATTA,WANGARATTA,-36.389713,146.45503,2019,8,August,11,Midday,Weekday
T20190015275,2019-08-13,16:00:00,4,Collision with a fixed object,2,Tuesday,179,OTHER ACCIDENTS-OFF STRAIGHT NOT INCLUDED IN DCAs 170-175,1,653881,Not at intersection,3,50,Local Road,KERR,KINGSTON,-38.023033,145.11522,2019,8,August,16,Afternoon Peak,Weekday
T20190015274,2019-08-13,13:20:00,2,Struck Pedestrian,2,Tuesday,100,PED NEAR SIDE. PED HIT BY VEHICLE FROM THE RIGHT.,1,277153,Cross intersection,3,50,Arterial Highway,CHESTER,MONASH,-37.89932,145.08752,2019,8,August,13,Midday,Weekday
T20190015729,2019-08-13,17:00:00,6,Vehicle overturned (no collision),2,Tuesday,149,OTHER MANOEUVRING NOT INCLUDED IN DCAs 140-148,1,270520,Cross intersection,2,60,Local Road,QUEENS BRIDGE,MELBOURNE,-37.82321,144.96083,2019,8,August,17,Afternoon Peak,Weekday
T20190015219,2019-08-13,00:47:00,4,Collision with a fixed object,2,Tuesday,171,LEFT OFF CARRIAGEWAY INTO OBJECT/PARKED VEHICLE,3,653878,Not at intersection,3,60,Arterial Highway,NAPIER,BENDIGO,-36.74846,144.29176,2019,8,August,0,Late Night,Weekday
T20190015262,2019-08-13,15:00:00,4,Collision with a fixed object,2,Tuesday,179,OTHER ACCIDENTS-OFF STRAIGHT NOT INCLUDED IN DCAs 170-175,1,580275,Cross intersection,3,40,Local Road,ROBERTS,MELTON,-37.70996,144.73906,2019,8,August,15,Afternoon Peak,Weekday
T20190015228,2019-08-13,06:50:00,6,Vehicle overturned (no collision),2,Tuesday,174,OUT OF CONTROL ON CARRIAGEWAY (ON STRAIGHT),1,43711,T intersection,2,50,Local Road,GILBERT,DAREBIN,-37.732353,144.99103,2019,8,August,6,Morning Peak,Weekday
T20190017157,2019-08-13,16:00:00,8,No collision and no object struck,2,Tuesday,174,OUT OF CONTROL ON CARRIAGEWAY (ON STRAIGHT),1,584812,T intersection,2,50,Local Road,SOLAR,GEELONG,-38.17737,144.39525,2019,8,August,16,Afternoon Peak,Weekday
T20190015288,2019-08-13,22:10:00,1,Collision with vehicle,2,Tuesday,121,RIGHT THROUGH,3,36325,T intersection,2,60,Arterial Other,WATERDALE,DAREBIN,-37.728653,145.05014,2019,8,August,22,Night,Weekday
T20190015299,2019-08-13,15:48:00,1,Collision with vehicle,2,Tuesday,130,REAR END(VEHICLES IN SAME LANE),1,600750,Not at intersection,2,80,Arterial Highway,NEPEAN,MORNINGTON PENINSULA,-38.20962,145.07054,2019,8,August,15,Afternoon Peak,Weekday
T20190015294,2019-08-13,09:30:00,1,Collision with vehicle,2,Tuesday,130,REAR END(VEHICLES IN SAME LANE),1,609572,Not at intersection,3,70,Arterial Other,SOUTH,KINGSTON,-37.93768,145.0715,2019,8,August,9,Morning Peak,Weekday
T20190015231,2019-08-13,09:35:00,1,Collision with vehicle,2,Tuesday,110,CROSS TRAFFIC(INTERSECTIONS ONLY),1,360552,Cross intersection,3,100,Local Road,MCPHAILS,MOIRA,-36.05229,146.1416,2019,8,August,9,Morning Peak,Weekday
T20190015276,2019-08-13,18:25:00,1,Collision with vehicle,2,Tuesday,163,VEHICLE STRIKES DOOR OF PARKED/STATIONARY VEHICLE,3,582555,Not at intersection,3,40,Local Road,SMITH,YARRA,-37.804043,144.9834,2019,8,August,18,Afternoon Peak,Weekday
T20190015234,2019-08-13,10:22:00,4,Collision with a fixed object,2,Tuesday,171,LEFT OFF CARRIAGEWAY INTO OBJECT/PARKED VEHICLE,1,653880,Not at intersection,3,50,Local Road,PEARSON,WHITTLESEA,-37.590054,145.0881,2019,8,August,10,Midday,Weekday
T20190017095,2019-08-13,12:00:00,1,Collision with vehicle,2,Tuesday,133,LANE SIDE SWIPE (VEHICLES IN PARALLEL LANES),1,609578,Not at intersection,3,80,Arterial Other,MOUNTAIN,KNOX,-37.85962,145.20737,2019,8,August,12,Midday,Weekday
T20190015236,2019-08-13,06:50:00,2,Struck Pedestrian,2,Tuesday,102,FAR SIDE. PED HIT BY VEHICLE FROM THE LEFT,3,611840,Not at intersection,2,70,Arterial Highway,SPRINGVALE,MONASH,-37.87872,145.166,2019,8,August,6,Morning Peak,Weekday
T20190015237,2019-08-13,08:40:00,1,Collision with vehicle,2,Tuesday,130,REAR END(VEHICLES IN SAME LANE),1,43078,Cross intersection,3,60,Arterial Highway,FOSTER,DANDENONG,-37.98862,145.21805,2019,8,August,8,Morning Peak,Weekday
T20190015255,2019-08-13,12:00:00,2,Struck Pedestrian,2,Tuesday,100,PED NEAR SIDE. PED HIT BY VEHICLE FROM THE RIGHT.,1,360566,T intersection,3,60,Arterial Other,WATTLETREE,STONNINGTON,-37.863503,145.03696,2019,8,August,12,Midday,Weekday
T20190015216,2019-08-13,01:07:00,1,Collision with vehicle,2,Tuesday,120,HEAD ON (NOT OVERTAKING),3,225997,Cross intersection,2,50,Local Road,LAING,WHITEHORSE,-37.813564,145.10753,2019,8,August,1,Late Night,Weekday
T20190018693,2019-08-13,10:55:00,1,Collision with vehicle,2,Tuesday,130,REAR END(VEHICLES IN SAME LANE),1,589745,Not at intersection,3,60,Arterial Other,STATION,WHITEHORSE,-37.815495,145.12442,2019,8,August,10,Midday,Weekday
T20190015286,2019-08-13,19:27:00,1,Collision with vehicle,2,Tuesday,133,LANE SIDE SWIPE (VEHICLES IN PARALLEL LANES),3,235611,Cross intersection,3,60,Local Road,BRIDGEWATER,HUME,-37.62017,144.93214,2019,8,August,19,Night,Weekday
T20190015243,2019-08-13,12:39:00,1,Collision with vehicle,2,Tuesday,120,HEAD ON (NOT OVERTAKING),1,224261,T intersection,2,100,Arterial Highway,MOOROODUC,MORNINGTON PENINSULA,-38.26508,145.0729,2019,8,August,12,Midday,Weekday
T20190015813,2019-08-13,18:50:00,1,Collision with vehicle,2,Tuesday,116,LEFT NEAR (INTERSECTIONS ONLY),3,277601,Cross intersection,3,80,Freeway,MONASH IN-HEATHERTON,CASEY,-37.972523,145.23625,2019,8,August,18,Afternoon Peak,Weekday
T20190015400,2019-08-13,17:29:00,1,Collision with vehicle,2,Tuesday,130,REAR END(VEHICLES IN SAME LANE),5,578094,Not at intersection,3,80,Arterial Highway,FRANKSTON-DANDENONG,FRANKSTON,-38.106262,145.1663,2019,8,August,17,Afternoon Peak,Weekday
T20190015403,2019-08-13,09:35:00,1,Collision with vehicle,2,Tuesday,130,REAR END(VEHICLES IN SAME LANE),1,609012,T intersection,3,60,Arterial Highway,ROSANNA,BANYULE,-37.74282,145.07251,2019,8,August,9,Morning Peak,Weekday
T20190015278,2019-08-13,14:30:00,1,Collision with vehicle,2,Tuesday,140,U TURN,1,773217,Not at intersection,3,60,Local Road,QUARRY,FRANKSTON,-38.12961,145.18228,2019,8,August,14,Midday,Weekday
T20190015259,2019-08-13,06:05:00,1,Collision with vehicle,2,Tuesday,121,RIGHT THROUGH,2,35515,T intersection,3,40,Freeway,CALDER OUT-KEILOR,MOONEE VALLEY,-37.733955,144.88316,2019,8,August,6,Morning Peak,Weekday
T20190015250,2019-08-13,12:30:00,1,Collision with vehicle,2,Tuesday,131,LEFT REAR,1,278245,T intersection,3,80,Arterial Highway,CALDER,BENDIGO,-36.755787,144.22144,2019,8,August,12,Midday,Weekday
T20190015279,2019-08-13,17:45:00,1,Collision with vehicle,2,Tuesday,121,RIGHT THROUGH,3,42680,T intersection,3,80,Arterial Other,WELLINGTON,YARRA RANGES,-37.961178,145.36115,2019,8,August,17,Afternoon Peak,Weekday
T20190015271,2019-08-13,07:20:00,1,Collision with vehicle,2,Tuesday,130,REAR END(VEHICLES IN SAME LANE),1,360574,Not at intersection,3,50,Local Road,HIGH,DAREBIN,-37.77371,144.99812,2019,8,August,7,Morning Peak,Weekday
T20190015322,2019-08-14,04:00:00,4,Collision with a fixed object,3,Wednesday,181,OFF RIGHT BEND INTO OBJECT/PARKED VEHICLE,5,580826,Not at intersection,3,100,Local Road,MERTON-STRATHBOGIE,MANSFIELD,-36.932877,145.73676,2019,8,August,4,Late Night,Weekday
T20190015324,2019-08-14,08:50:00,1,Collision with vehicle,3,Wednesday,110,CROSS TRAFFIC(INTERSECTIONS ONLY),1,36495,Cross intersection,3,40,Local Road,BRUNSWICK,YARRA,-37.796745,144.97873,2019,8,August,8,Morning Peak,Weekday
T20190015325,2019-08-14,07:10:00,1,Collision with vehicle,3,Wednesday,113,RIGHT NEAR (INTERSECTIONS ONLY),1,69228,Cross intersection,2,50,Local Road,CLIFFORD,YARRA RANGES,-37.90888,145.34409,2019,8,August,7,Morning Peak,Weekday
T20190015326,2019-08-14,13:50:00,1,Collision with vehicle,3,Wednesday,130,REAR END(VEHICLES IN SAME LANE),1,37396,Cross intersection,3,60,Arterial Other,YARRA,BOROONDARA,-37.792145,145.02084,2019,8,August,13,Midday,Weekday
T20190015333,2019-08-14,11:35:00,1,Collision with vehicle,3,Wednesday,113,RIGHT NEAR (INTERSECTIONS ONLY),1,44681,T intersection,2,50,Arterial Highway,GREENSBOROUGH,BANYULE,-37.719467,145.08119,2019,8,August,11,Midday,Weekday
T20190015334,2019-08-14,14:30:00,4,Collision with a fixed object,3,Wednesday,183,OFF LEFT BEND INTO OBJECT/PARKED VEHICLE,1,588996,Not at intersection,3,100,Local Road,NORTHWOOD,MITCHELL,-37.00942,145.1233,2019,8,August,14,Midday,Weekday
T20190015335,2019-08-14,15:10:00,1,Collision with vehicle,3,Wednesday,110,CROSS TRAFFIC(INTERSECTIONS ONLY),1,51973,Cross intersection,3,100,Arterial Highway,PRINCES,EAST GIPPSLAND,-37.870667,148.01154,2019,8,August,15,Afternoon Peak,Weekday
T20190015337,2019-08-14,15:45:00,1,Collision with vehicle,3,Wednesday,110,CROSS TRAFFIC(INTERSECTIONS ONLY),1,609847,Cross intersection,3,50,Local Road,MONTREAL,GEELONG,-38.076344,144.36246,2019,8,August,15,Afternoon Peak,Weekday
T20190015340,2019-08-14,00:26:00,2,Struck Pedestrian,3,Wednesday,100,PED NEAR SIDE. PED HIT BY VEHICLE FROM THE RIGHT.,3,207,Cross intersection,2,40,Arterial Other,KING,MELBOURNE,-37.81939,144.9571,2019,8,August,0,Late Night,Weekday
T20190015342,2019-08-14,16:54:00,1,Collision with vehicle,3,Wednesday,111,RIGHT FAR (INTERSECTIONS ONLY),1,579979,T intersection,2,60,Local Road,MINERVA,GEELONG,-38.143646,144.32925,2019,8,August,16,Afternoon Peak,Weekday
T20190015344,2019-08-14,19:45:00,4,Collision with a fixed object,3,Wednesday,173,RIGHT OFF CARRIAGEWAY INTO OBJECT/PARKED VEHICLE,3,360595,Not at intersection,3,60,Freeway,WESTERN RING IN-WEST GATE IN,WYNDHAM,-37.825676,144.8209,2019,8,August,19,Night,Weekday
T20190015345,2019-08-14,17:18:00,4,Collision with a fixed object,3,Wednesday,183,OFF LEFT BEND INTO OBJECT/PARKED VEHICLE,2,587359,Not at intersection,2,60,Local Road,TUCKS,MORNINGTON PENINSULA,-38.41876,145.02348,2019,8,August,17,Afternoon Peak,Weekday
T20190015347,2019-08-14,19:00:00,4,Collision with a fixed object,3,Wednesday,181,OFF RIGHT BEND INTO OBJECT/PARKED VEHICLE,3,360728,Not at intersection,3,50,Local Road,OAKHILL,DAREBIN,-37.724632,145.0149,2019,8,August,19,Night,Weekday
T20190015349,2019-08-14,19:55:00,1,Collision with vehicle,3,Wednesday,121,RIGHT THROUGH,3,44300,Cross intersection,3,70,Local Road,HOGANS,WYNDHAM,-37.860874,144.66702,2019,8,August,19,Night,Weekday
T20190015350,2019-08-14,19:03:00,1,Collision with vehicle,3,Wednesday,116,LEFT NEAR (INTERSECTIONS ONLY),3,1336,T intersection,2,70,Arterial Other,SYDNEY,MORELAND,-37.69873,144.95975,2019,8,August,19,Night,Weekday
T20190015351,2019-08-14,15:15:00,1,Collision with vehicle,3,Wednesday,132,RIGHT REAR.,1,49502,Cross intersection,3,50,Local Road,HAMILTON,MACEDON RANGES,-37.48756,144.58812,2019,8,August,15,Afternoon Peak,Weekday
T20190015353,2019-08-14,18:00:00,1,Collision with vehicle,3,Wednesday,121,RIGHT THROUGH,3,37890,T intersection,3,60,Arterial Highway,BELL,DAREBIN,-37.7442,144.99394,2019,8,August,18,Afternoon Peak,Weekday
T20190015358,2019-08-14,21:30:00,4,Collision with a fixed object,3,Wednesday,183,OFF LEFT BEND INTO OBJECT/PARKED VEHICLE,5,579191,Not at intersection,2,70,Arterial Other,BELGRAVE-GEMBROOK,CARDINIA,-37.93054,145.4349,2019,8,August,21,Night,Weekday
T20190015387,2019-08-14,15:05:00,1,Collision with vehicle,3,Wednesday,133,LANE SIDE SWIPE (VEHICLES IN PARALLEL LANES),1,36399,Cross intersection,3,50,Local Road,CANNING,MELBOURNE,-37.79774,144.97289,2019,8,August,15,Afternoon Peak,Weekday
T20190015393,2019-08-14,08:58:00,1,Collision with vehicle,3,Wednesday,142,LEAVING PARKING,1,579692,Not at intersection,3,50,Local Road,HOTHAM,LATROBE,-38.19748,146.53862,2019,8,August,8,Morning Peak,Weekday
T20190015306,2019-08-14,06:50:00,1,Collision with vehicle,3,Wednesday,130,REAR END(VEHICLES IN SAME LANE),2,360743,Not at intersection,3,80,Arterial Other,BERWICK-CRANBOURNE,CASEY,-38.10265,145.33034,2019,8,August,6,Morning Peak,Weekday
T20190015297,2019-08-14,04:00:00,1,Collision with vehicle,3,Wednesday,130,REAR END(VEHICLES IN SAME LANE),3,591490,Cross intersection,2,60,Arterial Highway,WARRIGAL,MONASH,-37.91072,145.08507,2019,8,August,4,Late Night,Weekday
T20190015291,2019-08-14,03:30:00,4,Collision with a fixed object,3,Wednesday,173,RIGHT OFF CARRIAGEWAY INTO OBJECT/PARKED VEHICLE,5,601727,Not at intersection,2,100,Arterial Other,MURRADOC,GEELONG,-38.18048,144.63098,2019,8,August,3,Late Night,Weekday
T20190015408,2019-08-14,15:25:00,2,Struck Pedestrian,3,Wednesday,103,PED PLAYING/LYING/WORKING/STANDING ON CARRIAGEWAY.,1,577833,Not at intersection,2,40,Local Road,WARNEET,CASEY,-38.199306,145.34634,2019,8,August,15,Afternoon Peak,Weekday
T20190015410,2019-08-14,18:14:00,4,Collision with a fixed object,3,Wednesday,171,LEFT OFF CARRIAGEWAY INTO OBJECT/PARKED VEHICLE,5,581113,Not at intersection,3,70,Local Road,CHURCHILL PARK,CASEY,-37.958195,145.26277,2019,8,August,18,Afternoon Peak,Weekday
T20190015416,2019-08-14,16:40:00,1,Collision with vehicle,3,Wednesday,147,VEHICLE STRIKES ANOTHER VEH WHILE EMERGING FROM DRIVEWAY,1,651878,Not at intersection,3,50,Local Road,TAYLORS,BRIMBANK,-37.728165,144.79811,2019,8,August,16,Afternoon Peak,Weekday
T20190015433,2019-08-14,20:43:00,1,Collision with vehicle,3,Wednesday,130,REAR END(VEHICLES IN SAME LANE),4,352248,Cross intersection,3,60,Arterial Other,THOMPSONS,CASEY,-38.078243,145.24406,2019,8,August,20,Night,Weekday
T20190015449,2019-08-14,16:30:00,1,Collision with vehicle,3,Wednesday,130,REAR END(VEHICLES IN SAME LANE),1,592505,Not at intersection,3,80,Freeway,WEST GATE,MELBOURNE,-37.833435,144.91222,2019,8,August,16,Afternoon Peak,Weekday
T20190016227,2019-08-14,19:00:00,1,Collision with vehicle,3,Wednesday,134,LANE CHANGE RIGHT (NOT OVERTAKING),2,626362,Not at intersection,3,40,Local Road,BRUNSWICK,YARRA,-37.80775,144.97688,2019,8,August,19,Night,Weekday
T20190015735,2019-08-14,15:35:00,1,Collision with vehicle,3,Wednesday,131,LEFT REAR,1,5439,Cross intersection,3,50,Arterial Other,RACECOURSE,CARDINIA,-38.079308,145.49303,2019,8,August,15,Afternoon Peak,Weekday
T20190016201,2019-08-14,05:00:00,3,Struck animal,3,Wednesday,167,STRUCK ANIMAL,5,584535,Not at intersection,3,100,Arterial Other,SALE-HEYFIELD,WELLINGTON,-38.057335,146.96695,2019,8,August,5,Morning Peak,Weekday
T20190015304,2019-08-14,06:30:00,1,Collision with vehicle,3,Wednesday,130,REAR END(VEHICLES IN SAME LANE),3,335775,Not at intersection,3,60,Local Road,HEATHMONT,MAROONDAH,-37.829884,145.2449,2019,8,August,6,Morning Peak,Weekday
T20190017536,2019-08-14,06:25:00,1,Collision with vehicle,3,Wednesday,113,RIGHT NEAR (INTERSECTIONS ONLY),3,585334,Cross intersection,3,60,Local Road,GOLF COURSE,BENDIGO,-36.71388,144.31999,2019,8,August,6,Morning Peak,Weekday
T20190015307,2019-08-14,07:27:00,1,Collision with vehicle,3,Wednesday,121,RIGHT THROUGH,1,42460,Cross intersection,2,60,Arterial Other,WESTALL ROAD -WESTALL,DANDENONG,-37.9605,145.13658,2019,8,August,7,Morning Peak,Weekday
T20190015309,2019-08-14,09:30:00,4,Collision with a fixed object,3,Wednesday,181,OFF RIGHT BEND INTO OBJECT/PARKED VEHICLE,1,360590,Not at intersection,3,70,Arterial Other,RESEARCH-WARRANDYTE,NILLUMBIK,-37.720512,145.20615,2019,8,August,9,Morning Peak,Weekday
T20190015312,2019-08-14,07:15:00,4,Collision with a fixed object,3,Wednesday,173,RIGHT OFF CARRIAGEWAY INTO OBJECT/PARKED VEHICLE,1,610121,Not at intersection,2,100,Local Road,ROBBINS,WANGARATTA,-36.231464,146.42758,2019,8,August,7,Morning Peak,Weekday
T20190015318,2019-08-14,12:29:00,2,Struck Pedestrian,3,Wednesday,102,FAR SIDE. PED HIT BY VEHICLE FROM THE LEFT,1,578711,Not at intersection,2,40,Arterial Other,SYDNEY,MORELAND,-37.742657,144.96635,2019,8,August,12,Midday,Weekday
T20190015474,2019-08-15,06:50:00,1,Collision with vehicle,4,Thursday,130,REAR END(VEHICLES IN SAME LANE),2,651155,Not at intersection,3,60,Arterial Highway,BALLARAT,MARIBYRNONG,-37.794785,144.90268,2019,8,August,6,Morning Peak,Weekday
T20190018389,2019-08-15,08:50:00,1,Collision with vehicle,4,Thursday,140,U TURN,1,589743,Not at intersection,3,100,Arterial Other,SYDNEY,BENALLA,-36.537346,146.02405,2019,8,August,8,Morning Peak,Weekday
T20190015438,2019-08-15,22:45:00,4,Collision with a fixed object,4,Thursday,171,LEFT OFF CARRIAGEWAY INTO OBJECT/PARKED VEHICLE,3,59717,T intersection,3,80,Arterial Highway,CALDER,BENDIGO,-36.760403,144.22935,2019,8,August,22,Night,Weekday
T20190015435,2019-08-15,18:38:00,2,Struck Pedestrian,4,Thursday,102,FAR SIDE. PED HIT BY VEHICLE FROM THE LEFT,3,581114,Cross intersection,2,50,Local Road,MACUMBA,CASEY,-38.077126,145.35413,2019,8,August,18,Afternoon Peak,Weekday
T20190015464,2019-08-15,16:29:00,2,Struck Pedestrian,4,Thursday,102,FAR SIDE. PED HIT BY VEHICLE FROM THE LEFT,1,661365,Not at intersection,3,50,Local Road,RAILWAY,MONASH,-37.879196,145.16267,2019,8,August,16,Afternoon Peak,Weekday