ACCIDENT_NO,ACCIDENT_DATE,ACCIDENT_TIME,ACCIDENT_TYPE,ACCIDENT_TYPE_DESC,DAY_OF_WEEK,DAY_WEEK_DESC,DCA_CODE,DCA_DESC,LIGHT_CONDITION,NODE_ID,ROAD_GEOMETRY_DESC,SEVERITY,SPEED_ZONE,RMA,ROAD_NAME,LGA_NAME,LATITUDE,LONGITUDE,YEAR,MONTH,MONTH_NAME,HOUR,TIME_PERIOD,DAY_TYPE
T20190015432,2019-08-15,15:00:00,6,Vehicle overturned (no collision),4,Thursday,174,OUT OF CONTROL ON CARRIAGEWAY (ON STRAIGHT),1,20996,T intersection,3,100,Arterial Other,MOE-WILLOW GROVE,BAW BAW,-38.086964,146.1999,2019,8,August,15,Afternoon Peak,Weekday
T20190016225,2019-08-15,20:07:00,1,Collision with vehicle,4,Thursday,116,LEFT NEAR (INTERSECTIONS ONLY),3,580839,Cross intersection,3,70,Arterial Highway,THOMPSONS,CASEY,-38.082108,145.27649,2019,8,August,20,Night,Weekday
T20190015371,2019-08-15,08:55:00,1,Collision with vehicle,4,Thursday,134,LANE CHANGE RIGHT (NOT OVERTAKING),1,588420,Not at intersection,2,70,Arterial Other,SYDNEY,MORELAND,-37.69934,144.95984,2019,8,August,8,Morning Peak,Weekday
T20190015374,2019-08-15,09:30:00,1,Collision with vehicle,4,Thursday,110,CROSS TRAFFIC(INTERSECTIONS ONLY),1,50825,Cross intersection,3,60,Arterial Highway,MURRAY VALLEY,MOIRA,-36.01756,146.04921,2019,8,August,9,Morning Peak,Weekday
T20190015868,2019-08-15,19:00:00,1,Collision with vehicle,4,Thursday,116,LEFT NEAR (INTERSECTIONS ONLY),3,597,T intersection,2,50,Local Road,NORMANBY,GLEN EIRA,-37.871662,145.03505,2019,8,August,19,Night,Weekday
T20190015452,2019-08-15,19:03:00,1,Collision with vehicle,4,Thursday,132,RIGHT REAR.,3,594800,T intersection,2,60,Arterial Highway,ALBERT,MILDURA,-34.213444,142.12804,2019,8,August,19,Night,Weekday
T20190015375,2019-08-15,08:30:00,1,Collision with vehicle,4,Thursday,130,REAR END(VEHICLES IN SAME LANE),1,153554,Not at intersection,2,80,Arterial Highway,PRINCES,GEELONG,-38.09645,144.3557,2019,8,August,8,Morning Peak,Weekday
T20190015381,2019-08-15,10:02:00,1,Collision with vehicle,4,Thursday,160,VEHICLE COLLIDES WITH VEHICLE PARKED ON LEFT OF ROAD,1,578712,Not at intersection,3,50,Local Road,MOLESWORTH,MORELAND,-37.734882,144.95915,2019,8,August,10,Midday,Weekday
T20190015385,2019-08-15,09:00:00,1,Collision with vehicle,4,Thursday,136,RIGHT TURN SIDESWIPE,1,577832,Not at intersection,3,50,Local Road,WEST,MORELAND,-37.714935,144.93692,2019,8,August,9,Morning Peak,Weekday
T20190015388,2019-08-15,12:15:00,1,Collision with vehicle,4,Thursday,130,REAR END(VEHICLES IN SAME LANE),1,610123,Cross intersection,3,80,Arterial Other,BERWICK-CRANBOURNE ROAD -CLYDE,CASEY,-38.074493,145.33534,2019,8,August,12,Midday,Weekday
T20190015389,2019-08-15,08:40:00,1,Collision with vehicle,4,Thursday,112,LEFT FAR (INTERSECTIONS ONLY),1,69327,T intersection,3,60,Local Road,HAZELVALE,YARRA RANGES,-37.912796,145.3434,2019,8,August,8,Morning Peak,Weekday
T20190015395,2019-08-15,15:00:00,1,Collision with vehicle,4,Thursday,130,REAR END(VEHICLES IN SAME LANE),1,57544,Cross intersection,3,60,Arterial Highway,DANDENONG,STONNINGTON,-37.887035,145.0782,2019,8,August,15,Afternoon Peak,Weekday
T20190015429,2019-08-15,20:35:00,4,Collision with a fixed object,4,Thursday,171,LEFT OFF CARRIAGEWAY INTO OBJECT/PARKED VEHICLE,3,654213,Not at intersection,3,50,Arterial Other,COMMERCIAL,MOYNE,-38.29187,142.36497,2019,8,August,20,Night,Weekday
T20190015397,2019-08-15,10:15:00,4,Collision with a fixed object,4,Thursday,171,LEFT OFF CARRIAGEWAY INTO OBJECT/PARKED VEHICLE,1,580827,Not at intersection,2,50,Local Road,ELY,BRIMBANK,-37.72791,144.85298,2019,8,August,10,Midday,Weekday
T20190015427,2019-08-15,21:04:00,1,Collision with vehicle,4,Thursday,110,CROSS TRAFFIC(INTERSECTIONS ONLY),3,55801,Cross intersection,2,70,Local Road,KIMBARRA,CASEY,-38.060802,145.34375,2019,8,August,21,Night,Weekday
T20190015426,2019-08-15,20:00:00,1,Collision with vehicle,4,Thursday,134,LANE CHANGE RIGHT (NOT OVERTAKING),3,610124,Not at intersection,3,80,Freeway,CITYLINK,MORELAND,-37.74863,144.9344,2019,8,August,20,Night,Weekday
T20190016586,2019-08-15,20:00:00,6,Vehicle overturned (no collision),4,Thursday,179,OTHER ACCIDENTS-OFF STRAIGHT NOT INCLUDED IN DCAs 170-175,3,585329,Not at intersection,3,50,Local Road,ELLIS,BENDIGO,-36.777348,144.30199,2019,8,August,20,Night,Weekday
T20190015423,2019-08-15,06:45:00,1,Collision with vehicle,4,Thursday,130,REAR END(VEHICLES IN SAME LANE),1,578466,Not at intersection,3,80,Arterial Other,CANTERBURY,MAROONDAH,-37.821827,145.3031,2019,8,August,6,Morning Peak,Weekday
T20190015421,2019-08-15,20:04:00,1,Collision with vehicle,4,Thursday,110,CROSS TRAFFIC(INTERSECTIONS ONLY),3,56064,Cross intersection,3,50,Local Road,ABINGER,YARRA,-37.82022,145.00052,2019,8,August,20,Night,Weekday
T20190015420,2019-08-15,02:20:00,4,Collision with a fixed object,4,Thursday,171,LEFT OFF CARRIAGEWAY INTO OBJECT/PARKED VEHICLE,5,654212,Not at intersection,3,100,Arterial Other,DONNYBROOK,WHITTLESEA,-37.553085,145.06708,2019,8,August,2,Late Night,Weekday
T20190015418,2019-08-15,19:44:00,1,Collision with vehicle,4,Thursday,130,REAR END(VEHICLES IN SAME LANE),3,579192,Not at intersection,3,100,Freeway,EASTERN,BOROONDARA,-37.78264,145.07263,2019,8,August,19,Night,Weekday
T20190016368,2019-08-15,10:10:00,1,Collision with vehicle,4,Thursday,140,U TURN,9,581395,Not at intersection,3,80,Arterial Highway,FRANKSTON-DANDENONG,DANDENONG,-38.064804,145.20076,2019,8,August,10,Midday,Weekday
T20190015415,2019-08-15,17:00:00,1,Collision with vehicle,4,Thursday,110,CROSS TRAFFIC(INTERSECTIONS ONLY),1,52885,Cross intersection,3,60,Local Road,GEORGE,BALLARAT,-37.563957,143.87828,2019,8,August,17,Afternoon Peak,Weekday
T20190016213,2019-08-15,17:13:00,1,Collision with vehicle,4,Thursday,130,REAR END(VEHICLES IN SAME LANE),1,581394,Not at intersection,3,60,Arterial Other,BARRY,HUME,-37.667217,144.95442,2019,8,August,17,Afternoon Peak,Weekday
T20190015523,2019-08-15,17:30:00,5,collision with some other object,4,Thursday,179,OTHER ACCIDENTS-OFF STRAIGHT NOT INCLUDED IN DCAs 170-175,2,579694,Not at intersection,2,60,Local Road,LILY,BENDIGO,-36.759586,144.26222,2019,8,August,17,Afternoon Peak,Weekday
T20190015362,2019-08-15,07:53:00,1,Collision with vehicle,4,Thursday,110,CROSS TRAFFIC(INTERSECTIONS ONLY),1,37041,Cross intersection,3,50,Local Road,HOTHAM,MELBOURNE,-37.814423,144.98819,2019,8,August,7,Morning Peak,Weekday
T20190015365,2019-08-15,07:05:00,4,Collision with a fixed object,4,Thursday,171,LEFT OFF CARRIAGEWAY INTO OBJECT/PARKED VEHICLE,1,652362,Not at intersection,2,100,Arterial Highway,BELLARINE,GEELONG,-38.251232,144.59036,2019,8,August,7,Morning Peak,Weekday
T20190015366,2019-08-15,06:00:00,1,Collision with vehicle,4,Thursday,130,REAR END(VEHICLES IN SAME LANE),3,610122,Not at intersection,3,100,Freeway,MONASH,MONASH,-37.932053,145.18808,2019,8,August,6,Morning Peak,Weekday
T20190015368,2019-08-15,08:55:00,1,Collision with vehicle,4,Thursday,116,LEFT NEAR (INTERSECTIONS ONLY),1,59777,T intersection,3,50,Arterial Highway,HIGH,BENDIGO,-36.77059,144.26251,2019,8,August,8,Morning Peak,Weekday
T20190015369,2019-08-15,08:30:00,1,Collision with vehicle,4,Thursday,160,VEHICLE COLLIDES WITH VEHICLE PARKED ON LEFT OF ROAD,1,578223,Not at intersection,3,50,Local Road,EMPIRE,BAW BAW,-38.12213,145.85811,2019,8,August,8,Morning Peak,Weekday
T20190015370,2019-08-15,09:00:00,2,Struck Pedestrian,4,Thursday,103,PED PLAYING/LYING/WORKING/STANDING ON CARRIAGEWAY.,1,578952,Not at intersection,3,50,Local Road,LEICESTER,MONASH,-37.887833,145.14688,2019,8,August,9,Morning Peak,Weekday
T20190015557,2019-08-15,17:40:00,1,Collision with vehicle,4,Thursday,130,REAR END(VEHICLES IN SAME LANE),1,585593,Not at intersection,3,100,Freeway,EASTERN,BOROONDARA,-37.785427,145.1004,2019,8,August,17,Afternoon Peak,Weekday
T20190015887,2019-08-15,20:00:00,8,No collision and no object struck,4,Thursday,184,OUT OF CONTROL ON CARRIAGEWAY (ON BEND),3,46672,T intersection,3,60,Arterial Highway,CHAPEL,PORT PHILLIP,-37.872032,144.98967,2019,8,August,20,Night,Weekday
T20190016966,2019-08-15,09:25:00,8,No collision and no object struck,4,Thursday,179,OTHER ACCIDENTS-OFF STRAIGHT NOT INCLUDED IN DCAs 170-175,1,582843,Not at intersection,3,50,Local Road,HIGH,MORNINGTON PENINSULA,-38.30771,145.18869,2019,8,August,9,Morning Peak,Weekday
T20190015404,2019-08-15,15:10:00,2,Struck Pedestrian,4,Thursday,102,FAR SIDE. PED HIT BY VEHICLE FROM THE LEFT,1,622011,Not at intersection,2,40,Local Road,SUMMIT,MORELAND,-37.71607,144.91374,2019,8,August,15,Afternoon Peak,Weekday
T20190016075,2019-08-16,14:30:00,1,Collision with vehicle,5,Friday,111,RIGHT FAR (INTERSECTIONS ONLY),1,8771,Cross intersection,3,50,Local Road,MARY,DAREBIN,-37.740227,145.00227,2019,8,August,14,Midday,Weekday
T20190015589,2019-08-16,08:30:00,1,Collision with vehicle,5,Friday,113,RIGHT NEAR (INTERSECTIONS ONLY),1,63945,T intersection,3,60,Local Road,ARTHURTON,DAREBIN,-37.76803,144.98845,2019,8,August,8,Morning Peak,Weekday
T20190015447,2019-08-16,07:25:00,8,No collision and no object struck,5,Friday,174,OUT OF CONTROL ON CARRIAGEWAY (ON STRAIGHT),1,577834,Not at intersection,3,80,Freeway,WEST GATE,HOBSONS BAY,-37.824467,144.86467,2019,8,August,7,Morning Peak,Weekday
T20190015446,2019-08-16,06:20:00,2,Struck Pedestrian,5,Friday,102,FAR SIDE. PED HIT BY VEHICLE FROM THE LEFT,6,55755,Cross intersection,2,60,Arterial Other,HAMPTON,BAYSIDE,-37.935513,145.00287,2019,8,August,6,Morning Peak,Weekday
T20190015445,2019-08-16,05:25:00,5,collision with some other object,5,Friday,166,STRUCK OBJECT ON CARRIAGEWAY,3,610421,Not at intersection,2,100,Freeway,WESTERN RING,BRIMBANK,-37.710712,144.88191,2019,8,August,5,Morning Peak,Weekday
T20190015443,2019-08-16,03:30:00,2,Struck Pedestrian,5,Friday,106,VEH STRIKES PED ON FOOTPATH/MEDIAN/TRAFFIC ISLAND.,3,585880,Not at intersection,2,50,Local Road,KURRAJONG,MELTON,-37.701435,144.57271,2019,8,August,3,Late Night,Weekday
T20190016578,2019-08-16,15:00:00,1,Collision with vehicle,5,Friday,130,REAR END(VEHICLES IN SAME LANE),1,57187,Not at intersection,3,80,Arterial Other,EDGARS,WHITTLESEA,-37.64975,145.00542,2019,8,August,15,Afternoon Peak,Weekday
T20190015850,2019-08-16,11:45:00,1,Collision with vehicle,5,Friday,137,LEFT TURN SIDESWIPE,1,39467,T intersection,3,70,Arterial Other,DONCASTER,MANNINGHAM,-37.7898,145.16742,2019,8,August,11,Midday,Weekday
T20190016245,2019-08-16,16:30:00,1,Collision with vehicle,5,Friday,130,REAR END(VEHICLES IN SAME LANE),1,585598,Not at intersection,3,80,Freeway,CALDER,BRIMBANK,-37.720257,144.84006,2019,8,August,16,Afternoon Peak,Weekday
T20190015715,2019-08-16,11:00:00,1,Collision with vehicle,5,Friday,131,LEFT REAR,1,82945,Cross intersection,3,50,Local Road,DORA,BANYULE,-37.759808,145.07158,2019,8,August,11,Midday,Weekday
T20190015484,2019-08-16,12:00:00,1,Collision with vehicle,5,Friday,132,RIGHT REAR.,1,661366,Not at intersection,3,80,Arterial Highway,NEPEAN,BAYSIDE,-37.91591,145.01776,2019,8,August,12,Midday,Weekday
T20190015559,2019-08-16,22:00:00,4,Collision with a fixed object,5,Friday,173,RIGHT OFF CARRIAGEWAY INTO OBJECT/PARKED VEHICLE,5,286976,Not at intersection,2,60,Arterial Other,HEIDELBERG-KINGLAKE,NILLUMBIK,-37.593323,145.28108,2019,8,August,22,Night,Weekday
T20190015504,2019-08-16,16:14:00,1,Collision with vehicle,5,Friday,120,HEAD ON (NOT OVERTAKING),1,579983,Not at intersection,2,60,Arterial Highway,PUNT,STONNINGTON,-37.836277,144.98695,2019,8,August,16,Afternoon Peak,Weekday
T20210018487,2019-08-16,10:20:00,1,Collision with vehicle,5,Friday,140,U TURN,1,691731,Not at intersection,3,60,Arterial Other,BURKE,BOROONDARA,-37.794857,145.0637,2019,8,August,10,Midday,Weekday
T20190015659,2019-08-16,17:40:00,1,Collision with vehicle,5,Friday,130,REAR END(VEHICLES IN SAME LANE),2,579988,Not at intersection,3,100,Arterial Highway,MIDLAND,MOORABOOL,-37.67198,143.93683,2019,8,August,17,Afternoon Peak,Weekday
T20190016450,2019-08-16,15:45:00,1,Collision with vehicle,5,Friday,131,LEFT REAR,1,24437,Cross intersection,3,80,Arterial Other,PRINCES,CARDINIA,-38.063007,145.4373,2019,8,August,15,Afternoon Peak,Weekday
T20190016505,2019-08-16,18:48:00,1,Collision with vehicle,5,Friday,130,REAR END(VEHICLES IN SAME LANE),3,582278,Not at intersection,3,80,Arterial Other,SOMERTON,HUME,-37.640533,144.92899,2019,8,August,18,Afternoon Peak,Weekday
T20190016049,2019-08-16,18:05:00,1,Collision with vehicle,5,Friday,130,REAR END(VEHICLES IN SAME LANE),1,580303,Not at intersection,3,80,Arterial Highway,BURWOOD,KNOX,-37.87361,145.24913,2019,8,August,18,Afternoon Peak,Weekday
T20190017347,2019-08-16,14:45:00,1,Collision with vehicle,5,Friday,135,LANE CHANGE LEFT (NOT OVERTAKING),1,303336,Cross intersection,3,80,Arterial Other,FRANKSTON-DANDENONG,DANDENONG,-38.071796,145.19522,2019,8,August,14,Midday,Weekday
T20190015810,2019-08-16,15:50:00,1,Collision with vehicle,5,Friday,111,RIGHT FAR (INTERSECTIONS ONLY),1,44958,Cross intersection,3,60,Arterial Other,CAMP,HUME,-37.68692,144.93323,2019,8,August,15,Afternoon Peak,Weekday
T20190015500,2019-08-16,09:30:00,2,Struck Pedestrian,5,Friday,108,PED STRUCK WALKING TO/FROM OR BOARDING/ALIGHTING VEHICLE.,1,34663,Not at intersection,3,50,Arterial Other,WATTLETREE,STONNINGTON,-37.86311,145.03394,2019,8,August,9,Morning Peak,Weekday
T20190015508,2019-08-16,06:50:00,1,Collision with vehicle,5,Friday,111,RIGHT FAR (INTERSECTIONS ONLY),1,581646,T intersection,3,60,Arterial Other,HAWTHORN,GLEN EIRA,-37.867306,145.02574,2019,8,August,6,Morning Peak,Weekday
T20190022766,2019-08-16,16:15:00,1,Collision with vehicle,5,Friday,130,REAR END(VEHICLES IN SAME LANE),1,602169,Not at intersection,3,100,Freeway,CALDER,BRIMBANK,-37.69009,144.79288,2019,8,August,16,Afternoon Peak,Weekday
T20190016495,2019-08-16,15:55:00,1,Collision with vehicle,5,Friday,130,REAR END(VEHICLES IN SAME LANE),1,597393,Cross intersection,2,80,Local Road,WENTWORTH,CASEY,-38.07416,145.27133,2019,8,August,15,Afternoon Peak,Weekday
T20190017410,2019-08-16,18:10:00,1,Collision with vehicle,5,Friday,130,REAR END(VEHICLES IN SAME LANE),2,352550,Cross intersection,3,70,Arterial Other,KINGS,BRIMBANK,-37.734306,144.78107,2019,8,August,18,Afternoon Peak,Weekday
T20190015509,2019-08-16,13:00:00,1,Collision with vehicle,5,Friday,120,HEAD ON (NOT OVERTAKING),1,600333,Not at intersection,1,80,Arterial Highway,BANDIANA LINK,WODONGA,-36.12824,146.91246,2019,8,August,13,Midday,Weekday
T20190015512,2019-08-16,16:36:00,1,Collision with vehicle,5,Friday,147,VEHICLE STRIKES ANOTHER VEH WHILE EMERGING FROM DRIVEWAY,1,579693,T intersection,3,60,Local Road,HOLMES,MOONEE VALLEY,-37.765896,144.913,2019,8,August,16,Afternoon Peak,Weekday
T20190015514,2019-08-16,16:20:00,1,Collision with vehicle,5,Friday,121,RIGHT THROUGH,1,157,Cross intersection,2,60,Arterial Other,FARNSWORTH,MARIBYRNONG,-37.790283,144.9008,2019,8,August,16,Afternoon Peak,Weekday
T20190015515,2019-08-16,22:54:00,1,Collision with vehicle,5,Friday,130,REAR END(VEHICLES IN SAME LANE),3,33419,Cross intersection,2,70,Arterial Highway,LATROBE TERRACE -SETTLEMENT,GEELONG,-38.160526,144.3503,2019,8,August,22,Night,Weekday
T20190015516,2019-08-16,22:15:00,1,Collision with vehicle,5,Friday,113,RIGHT NEAR (INTERSECTIONS ONLY),3,43194,T intersection,3,60,Arterial Highway,NEPEAN,KINGSTON,-38.025936,145.10106,2019,8,August,22,Night,Weekday
T20190015492,2019-08-16,13:25:00,1,Collision with vehicle,5,Friday,113,RIGHT NEAR (INTERSECTIONS ONLY),1,44427,Cross intersection,3,60,Arterial Other,SEPARATION,GEELONG,-38.109768,144.3347,2019,8,August,13,Midday,Weekday
T20190015491,2019-08-16,10:41:00,1,Collision with vehicle,5,Friday,130,REAR END(VEHICLES IN SAME LANE),1,610425,Not at intersection,3,80,Arterial Other,SOMERTON,HUME,-37.629566,144.83649,2019,8,August,10,Midday,Weekday
T20190015521,2019-08-16,23:49:00,4,Collision with a fixed object,5,Friday,171,LEFT OFF CARRIAGEWAY INTO OBJECT/PARKED VEHICLE,3,82310,Not at intersection,1,60,Arterial Other,DAREBIN,DAREBIN,-37.76572,145.0226,2019,8,August,23,Night,Weekday
T20190015488,2019-08-16,13:11:00,1,Collision with vehicle,5,Friday,132,RIGHT REAR.,1,55311,T intersection,3,60,Arterial Highway,SMYTHES,BALLARAT,-37.588043,143.82191,2019,8,August,13,Midday,Weekday
T20190015487,2019-08-16,14:50:00,2,Struck Pedestrian,5,Friday,109,ANY MANOEUVRE INVOLVING PED NOT INCLUDED IN DCAs 100-108.,1,580278,Unknown,2,50,Local Road,VICTORIA,GANNAWARRA,-35.732555,143.92032,2019,8,August,14,Midday,Weekday
T20190015483,2019-08-16,13:30:00,4,Collision with a fixed object,5,Friday,183,OFF LEFT BEND INTO OBJECT/PARKED VEHICLE,1,590729,Not at intersection,2,100,Local Road,TIMBOON-CURDIEVALE,CORANGAMITE,-38.523037,142.85974,2019,8,August,13,Midday,Weekday
T20190015482,2019-08-16,14:15:00,1,Collision with vehicle,5,Friday,113,RIGHT NEAR (INTERSECTIONS ONLY),1,344087,T intersection,3,60,Local Road,GOLF LINKS,CASEY,-38.04221,145.30595,2019,8,August,14,Midday,Weekday
T20190015481,2019-08-16,10:35:00,1,Collision with vehicle,5,Friday,130,REAR END(VEHICLES IN SAME LANE),1,580277,Not at intersection,2,80,Arterial Highway,GEELONG,MARIBYRNONG,-37.805145,144.88058,2019,8,August,10,Midday,Weekday
T20190015480,2019-08-16,13:09:00,1,Collision with vehicle,5,Friday,149,OTHER MANOEUVRING NOT INCLUDED IN DCAs 140-148,1,584257,Not at intersection,3,50,Local Road,CARLYLE,MARIBYRNONG,-37.790436,144.87703,2019,8,August,13,Midday,Weekday
T20190015472,2019-08-16,12:02:00,1,Collision with vehicle,5,Friday,130,REAR END(VEHICLES IN SAME LANE),1,610423,Not at intersection,2,60,Arterial Highway,FRANKSTON-DANDENONG,FRANKSTON,-38.1286,145.1338,2019,8,August,12,Midday,Weekday
T20190015471,2019-08-16,13:18:00,1,Collision with vehicle,5,Friday,148,VEHICLE OFF FOOTPATH STRIKES VEH ON CARRIAGEWAY,1,610422,Not at intersection,3,40,Local Road,FERGUSON,HOBSONS BAY,-37.85873,144.8963,2019,8,August,13,Midday,Weekday
T20190015468,2019-08-16,11:45:00,1,Collision with vehicle,5,Friday,136,RIGHT TURN SIDESWIPE,1,579982,Not at intersection,2,60,Arterial Other,ELIZABETH,MELBOURNE,-37.805103,144.95895,2019,8,August,11,Midday,Weekday
T20190015525,2019-08-16,22:33:00,2,Struck Pedestrian,5,Friday,100,PED NEAR SIDE. PED HIT BY VEHICLE FROM THE RIGHT.,3,41977,Cross intersection,2,80,Arterial Highway,BURWOOD,KNOX,-37.89349,145.3093,2019,8,August,22,Night,Weekday
T20190015459,2019-08-16,08:10:00,2,Struck Pedestrian,5,Friday,103,PED PLAYING/LYING/WORKING/STANDING ON CARRIAGEWAY.,1,590988,Not at intersection,3,50,Local Road,BELLERIVE,MONASH,-37.89813,145.12392,2019,8,August,8,Morning Peak,Weekday
T20190015456,2019-08-16,10:03:00,2,Struck Pedestrian,5,Friday,100,PED NEAR SIDE. PED HIT BY VEHICLE FROM THE RIGHT.,1,580567,Cross intersection,3,80,Arterial Other,FERNTREE GULLY,KNOX,-37.899254,145.23033,2019,8,August,10,Midday,Weekday
T20190015454,2019-08-16,08:20:00,2,Struck Pedestrian,5,Friday,100,PED NEAR SIDE. PED HIT BY VEHICLE FROM THE RIGHT.,1,593277,Not at intersection,2,60,Arterial Other,STATION,WHITEHORSE,-37.81093,145.12527,2019,8,August,8,Morning Peak,Weekday
T20190015453,2019-08-16,10:16:00,1,Collision with vehicle,5,Friday,121,RIGHT THROUGH,1,67655,T intersection,2,60,Arterial Other,HOTHAM,PORT PHILLIP,-37.861404,145.00093,2019,8,August,10,Midday,Weekday
T20190015451,2019-08-16,08:00:00,1,Collision with vehicle,5,Friday,160,VEHICLE COLLIDES WITH VEHICLE PARKED ON LEFT OF ROAD,1,579193,T intersection,3,50,Local Road,WALLACE,MORELAND,-37.760696,144.94649,2019,8,August,8,Morning Peak,Weekday
T20190015577,2019-08-17,19:49:00,4,Collision with a fixed object,6,Saturday,171,LEFT OFF CARRIAGEWAY INTO OBJECT/PARKED VEHICLE,3,580861,Not at intersection,2,50,Local Road,HENLEY,BRIMBANK,-37.757427,144.82483,2019,8,August,19,Night,Weekend
T20190016268,2019-08-17,16:50:00,1,Collision with vehicle,6,Saturday,111,RIGHT FAR (INTERSECTIONS ONLY),1,51878,Cross intersection,2,50,Arterial Other,BRIDGE ROAD -ELIZABETH,CAMPASPE,-36.36007,144.70302,2019,8,August,16,Afternoon Peak,Weekend
T20190015567,2019-08-17,17:30:00,5,collision with some other object,6,Saturday,191,LOAD OR MISSILE STRUCK VEHICLE,1,579195,Not at intersection,3,100,Freeway,WESTERN RING,MORELAND,-37.698742,144.89725,2019,8,August,17,Afternoon Peak,Weekend
T20190015734,2019-08-17,16:00:00,1,Collision with vehicle,6,Saturday,130,REAR END(VEHICLES IN SAME LANE),1,38437,Cross intersection,3,80,Arterial Highway,MAROONDAH,YARRA RANGES,-37.761288,145.31041,2019,8,August,16,Afternoon Peak,Weekend
T20190015549,2019-08-17,11:15:00,1,Collision with vehicle,6,Saturday,113,RIGHT NEAR (INTERSECTIONS ONLY),1,326209,T intersection,2,80,Arterial Other,CRANBOURNE-NARRE WARREN,CASEY,-38.053555,145.30138,2019,8,August,11,Midday,Weekend
T20190015566,2019-08-17,17:00:00,4,Collision with a fixed object,6,Saturday,130,REAR END(VEHICLES IN SAME LANE),1,579194,Not at intersection,2,70,Arterial Highway,MELBOURNE,GEELONG,-38.11462,144.3547,2019,8,August,17,Afternoon Peak,Weekend
T20190015553,2019-08-17,10:30:00,1,Collision with vehicle,6,Saturday,121,RIGHT THROUGH,1,316634,Cross intersection,3,60,Arterial Highway,HOPKINS,WARRNAMBOOL,-38.36827,142.49336,2019,8,August,10,Midday,Weekend
T20190015555,2019-08-17,13:32:00,1,Collision with vehicle,6,Saturday,110,CROSS TRAFFIC(INTERSECTIONS ONLY),1,63428,Cross intersection,3,50,Local Road,BARROW,MORELAND,-37.752876,144.97098,2019,8,August,13,Midday,Weekend
T20190015578,2019-08-17,18:00:00,1,Collision with vehicle,6,Saturday,120,HEAD ON (NOT OVERTAKING),5,579986,Not at intersection,2,100,Arterial Highway,GREAT OCEAN,COLAC OTWAY,-38.72853,143.40132,2019,8,August,18,Afternoon Peak,Weekend
T20190018303,2019-08-17,11:00:00,6,Vehicle overturned (no collision),6,Saturday,174,OUT OF CONTROL ON CARRIAGEWAY (ON STRAIGHT),9,654506,Not at intersection,3,80,Freeway,2530F 2590B,MOUNT ALEXANDER,-37.005314,144.24864,2019,8,August,11,Midday,Weekend
T20200003245,2019-08-17,11:30:00,1,Collision with vehicle,6,Saturday,131,LEFT REAR,1,356525,T intersection,3,60,Arterial Other,KEILOR-DERRIMUT,BRIMBANK,-37.75108,144.77794,2019,8,August,11,Midday,Weekend
T20200005141,2019-08-17,12:00:00,1,Collision with vehicle,6,Saturday,135,LANE CHANGE LEFT (NOT OVERTAKING),9,411,Cross intersection,3,60,Arterial Other,STATION,DAREBIN,-37.774384,145.01889,2019,8,August,12,Midday,Weekend
T20190015558,2019-08-17,11:00:00,2,Struck Pedestrian,6,Saturday,100,PED NEAR SIDE. PED HIT BY VEHICLE FROM THE RIGHT.,1,580861,Not at intersection,2,40,Local Road,UNNAMED,WHITTLESEA,-37.65255,145.01575,2019,8,August,11,Midday,Weekend
T20190015580,2019-08-17,20:51:00,1,Collision with vehicle,6,Saturday,160,VEHICLE COLLIDES WITH VEHICLE PARKED ON LEFT OF ROAD,3,579696,Not at intersection,3,50,Local Road,BANBURY,DAREBIN,-37.710934,144.98964,2019,8,August,20,Night,Weekend
T20190015561,2019-08-17,14:03:00,1,Collision with vehicle,6,Saturday,113,RIGHT NEAR (INTERSECTIONS ONLY),1,55999,T intersection,3,50,Local Road,BERNARD HAMILTON,KNOX,-37.923065,145.24373,2019,8,August,14,Midday,Weekend
T20190015611,2019-08-17,17:35:00,1,Collision with vehicle,6,Saturday,111,RIGHT FAR (INTERSECTIONS ONLY),3,581902,Cross intersection,2,60,Local Road,AVALON,GEELONG,-38.02824,144.4292,2019,8,August,17,Afternoon Peak,Weekend
T20190015581,2019-08-17,15:00:00,1,Collision with vehicle,6,Saturday,121,RIGHT THROUGH,1,48184,T intersection,3,60,Arterial Other,CROYDON,MAROONDAH,-37.783707,145.28398,2019,8,August,15,Afternoon Peak,Weekend
T20190015585,2019-08-17,18:10:00,1,Collision with vehicle,6,Saturday,150,HEAD ON(OVERTAKING),5,598749,Not at intersection,2,80,Arterial Other,WOODS POINT,YARRA RANGES,-37.74931,145.7197,2019,8,August,18,Afternoon Peak,Weekend
T20190015586,2019-08-17,22:20:00,1,Collision with vehicle,6,Saturday,121,RIGHT THROUGH,3,279060,Cross intersection,2,80,Arterial Highway,DANDENONG,DANDENONG,-37.997585,145.16223,2019,8,August,22,Night,Weekend
T20190015576,2019-08-17,18:20:00,2,Struck Pedestrian,6,Saturday,100,PED NEAR SIDE. PED HIT BY VEHICLE FROM THE RIGHT.,3,274549,Not at intersection,2,80,Arterial Highway,NEPEAN,KINGSTON,-37.97657,145.06656,2019,8,August,18,Afternoon Peak,Weekend
T20190016137,2019-08-17,14:00:00,1,Collision with vehicle,6,Saturday,130,REAR END(VEHICLES IN SAME LANE),1,580311,Not at intersection,3,60,Arterial Other,PLENTY,WHITTLESEA,-37.677895,145.06982,2019,8,August,14,Midday,Weekend