ACCIDENT_NO,ACCIDENT_DATE,ACCIDENT_TIME,ACCIDENT_TYPE,ACCIDENT_TYPE_DESC,DAY_OF_WEEK,DAY_WEEK_DESC,DCA_CODE,DCA_DESC,LIGHT_CONDITION,NODE_ID,ROAD_GEOMETRY_DESC,SEVERITY,SPEED_ZONE,RMA,ROAD_NAME,LGA_NAME,LATITUDE,LONGITUDE,YEAR,MONTH,MONTH_NAME,HOUR,TIME_PERIOD,DAY_TYPE
T20190015726,2019-08-17,18:30:00,1,Collision with vehicle,6,Saturday,130,REAR END(VEHICLES IN SAME LANE),9,582834,Not at intersection,2,80,Freeway,WEST GATE,MELBOURNE,-37.829506,144.91977,2019,8,August,18,Afternoon Peak,Weekend
T20190015542,2019-08-17,10:55:00,1,Collision with vehicle,6,Saturday,110,CROSS TRAFFIC(INTERSECTIONS ONLY),1,41058,Cross intersection,2,70,Arterial Other,MOUNTAIN,KNOX,-37.844074,145.30006,2019,8,August,10,Midday,Weekend
T20190015564,2019-08-17,14:47:00,4,Collision with a fixed object,6,Saturday,171,LEFT OFF CARRIAGEWAY INTO OBJECT/PARKED VEHICLE,1,582274,Not at intersection,3,100,Arterial Highway,MALLEE,MILDURA,-35.066376,142.36504,2019,8,August,14,Midday,Weekend
T20190020367,2019-08-17,13:53:00,1,Collision with vehicle,6,Saturday,130,REAR END(VEHICLES IN SAME LANE),1,610740,Not at intersection,3,70,Arterial Highway,STATE (BELL/SPRINGVALE),WHITEHORSE,-37.84191,145.17131,2019,8,August,13,Midday,Weekend
T20190016968,2019-08-17,15:40:00,1,Collision with vehicle,6,Saturday,130,REAR END(VEHICLES IN SAME LANE),9,585605,Cross intersection,3,70,Arterial Other,CRAIGIEBURN,HUME,-37.59186,144.89458,2019,8,August,15,Afternoon Peak,Weekend
T20190015538,2019-08-17,10:40:00,6,Vehicle overturned (no collision),6,Saturday,180,OFF CARRIAGEWAY ON RIGHT BEND,1,581896,Not at intersection,2,50,Local Road,BENALLA,MOIRA,-36.026367,145.99632,2019,8,August,10,Midday,Weekend
T20190015565,2019-08-17,17:00:00,1,Collision with vehicle,6,Saturday,120,HEAD ON (NOT OVERTAKING),1,594421,Not at intersection,2,100,Local Road,MT ROBERTSON,MURRINDINDI,-37.441013,145.31706,2019,8,August,17,Afternoon Peak,Weekend
T20190015537,2019-08-17,09:15:00,1,Collision with vehicle,6,Saturday,130,REAR END(VEHICLES IN SAME LANE),1,588986,Not at intersection,3,100,Arterial Other,BAIRNSDALE-DARGO,EAST GIPPSLAND,-37.826733,147.51973,2019,8,August,9,Morning Peak,Weekend
T20190015534,2019-08-17,08:30:00,2,Struck Pedestrian,6,Saturday,108,PED STRUCK WALKING TO/FROM OR BOARDING/ALIGHTING VEHICLE.,1,47792,T intersection,3,60,Arterial Other,BALACLAVA,GLEN EIRA,-37.87351,145.0314,2019,8,August,8,Morning Peak,Weekend
T20190015533,2019-08-17,06:50:00,4,Collision with a fixed object,6,Saturday,173,RIGHT OFF CARRIAGEWAY INTO OBJECT/PARKED VEHICLE,2,602430,Not at intersection,3,50,Local Road,MEADOWGATE,YARRA RANGES,-37.757538,145.32385,2019,8,August,6,Morning Peak,Weekend
T20190015529,2019-08-17,07:00:00,1,Collision with vehicle,6,Saturday,137,LEFT TURN SIDESWIPE,1,581895,T intersection,3,60,Local Road,TUCKER,GLEN EIRA,-37.91864,145.05121,2019,8,August,7,Morning Peak,Weekend
T20190015575,2019-08-17,18:10:00,1,Collision with vehicle,6,Saturday,121,RIGHT THROUGH,3,265011,T intersection,3,50,Local Road,DEVIRA,DANDENONG,-37.96405,145.21489,2019,8,August,18,Afternoon Peak,Weekend
T20190015527,2019-08-17,04:40:00,1,Collision with vehicle,6,Saturday,121,RIGHT THROUGH,3,37055,T intersection,3,60,Arterial Highway,HODDLE,MELBOURNE,-37.811256,144.99109,2019,8,August,4,Late Night,Weekend
T20190015526,2019-08-17,00:15:00,6,Vehicle overturned (no collision),6,Saturday,170,OFF CARRIAGEWAY TO LEFT,3,591750,Not at intersection,3,80,Local Road,BACK KYNETON,BENDIGO,-36.927113,144.70027,2019,8,August,0,Late Night,Weekend
T20190015593,2019-08-17,19:10:00,2,Struck Pedestrian,6,Saturday,102,FAR SIDE. PED HIT BY VEHICLE FROM THE LEFT,3,580830,T intersection,2,60,Local Road,TUCKER,GLEN EIRA,-37.916985,145.0515,2019,8,August,19,Night,Weekend
T20190015573,2019-08-17,17:20:00,2,Struck Pedestrian,6,Saturday,102,FAR SIDE. PED HIT BY VEHICLE FROM THE LEFT,1,580279,Not at intersection,2,60,Arterial Other,HOPKINS,MARIBYRNONG,-37.800243,144.90376,2019,8,August,17,Afternoon Peak,Weekend
T20190016081,2019-08-17,16:00:00,1,Collision with vehicle,6,Saturday,121,RIGHT THROUGH,1,10586,Cross intersection,3,60,Freeway,POINT COOK-PRINCES OUT,HOBSONS BAY,-37.87051,144.76007,2019,8,August,16,Afternoon Peak,Weekend
T20190015571,2019-08-17,13:50:00,1,Collision with vehicle,6,Saturday,121,RIGHT THROUGH,1,10592,Cross intersection,3,60,Arterial Highway,PRINCES,DANDENONG,-37.933174,145.15694,2019,8,August,13,Midday,Weekend
T20190015568,2019-08-17,17:19:00,1,Collision with vehicle,6,Saturday,130,REAR END(VEHICLES IN SAME LANE),2,579984,Not at intersection,3,80,Arterial Other,WELLINGTON,YARRA RANGES,-37.952972,145.3447,2019,8,August,17,Afternoon Peak,Weekend
T20190015689,2019-08-18,09:40:00,1,Collision with vehicle,7,Sunday,121,RIGHT THROUGH,1,38437,Cross intersection,3,80,Arterial Highway,MAROONDAH,YARRA RANGES,-37.761288,145.31041,2019,8,August,9,Morning Peak,Weekend
T20190015639,2019-08-18,15:40:00,1,Collision with vehicle,7,Sunday,130,REAR END(VEHICLES IN SAME LANE),1,579698,Cross intersection,3,80,Arterial Other,ANGLESEA ROAD -HENDY MAIN,SURF COAST,-38.308655,144.2649,2019,8,August,15,Afternoon Peak,Weekend
T20190015911,2019-08-18,10:45:00,5,collision with some other object,7,Sunday,166,STRUCK OBJECT ON CARRIAGEWAY,1,580294,Not at intersection,2,80,Arterial Highway,MOOROODUC,MORNINGTON PENINSULA,-38.22558,145.09825,2019,8,August,10,Midday,Weekend
T20190018012,2019-08-18,10:30:00,8,No collision and no object struck,7,Sunday,184,OUT OF CONTROL ON CARRIAGEWAY (ON BEND),1,590736,Not at intersection,3,100,Local Road,ONLEYS,WELLINGTON,-38.31255,146.66263,2019,8,August,10,Midday,Weekend
T20190015636,2019-08-18,23:45:00,1,Collision with vehicle,7,Sunday,120,HEAD ON (NOT OVERTAKING),5,611007,Not at intersection,3,100,Arterial Highway,PRINCES,MOYNE,-38.323437,142.7357,2019,8,August,23,Night,Weekend
T20190015624,2019-08-18,18:00:00,1,Collision with vehicle,7,Sunday,140,U TURN,2,579697,Not at intersection,2,50,Local Road,GALLAGHERS,MONASH,-37.878033,145.17851,2019,8,August,18,Afternoon Peak,Weekend
T20190015619,2019-08-18,18:00:00,2,Struck Pedestrian,7,Sunday,100,PED NEAR SIDE. PED HIT BY VEHICLE FROM THE RIGHT.,2,43347,Cross intersection,2,60,Arterial Highway,NEPEAN,FRANKSTON,-38.10345,145.12589,2019,8,August,18,Afternoon Peak,Weekend
T20190015587,2019-08-18,01:59:00,4,Collision with a fixed object,7,Sunday,173,RIGHT OFF CARRIAGEWAY INTO OBJECT/PARKED VEHICLE,3,579987,Not at intersection,3,60,Arterial Other,MAIN,BRIMBANK,-37.742416,144.78368,2019,8,August,1,Late Night,Weekend
T20190015605,2019-08-18,09:50:00,1,Collision with vehicle,7,Sunday,130,REAR END(VEHICLES IN SAME LANE),1,47761,Cross intersection,3,60,Freeway,ALEXANDRA PARADE -EASTERN,YARRA,-37.794548,144.98972,2019,8,August,9,Morning Peak,Weekend
T20190015588,2019-08-18,02:18:00,1,Collision with vehicle,7,Sunday,151,OUT OF CONTROL (OVERTAKING),3,773329,Not at intersection,3,60,Arterial Other,WHITEHORSE,BOROONDARA,-37.81084,145.06465,2019,8,August,2,Late Night,Weekend
T20190015623,2019-08-18,17:25:00,1,Collision with vehicle,7,Sunday,130,REAR END(VEHICLES IN SAME LANE),2,580281,Not at intersection,2,80,Arterial Highway,SPRINGVALE,WHITEHORSE,-37.836178,145.17221,2019,8,August,17,Afternoon Peak,Weekend
T20190015608,2019-08-18,12:04:00,1,Collision with vehicle,7,Sunday,130,REAR END(VEHICLES IN SAME LANE),1,589470,Not at intersection,3,80,Arterial Highway,MAROONDAH,YARRA RANGES,-37.761047,145.31087,2019,8,August,12,Midday,Weekend
T20190015620,2019-08-18,16:50:00,1,Collision with vehicle,7,Sunday,121,RIGHT THROUGH,2,322346,Cross intersection,2,60,Arterial Other,POUND,CASEY,-38.02831,145.26881,2019,8,August,16,Afternoon Peak,Weekend
T20190018780,2019-08-18,02:55:00,3,Struck animal,7,Sunday,167,STRUCK ANIMAL,5,611016,Not at intersection,2,100,Arterial Highway,WIMMERA,LODDON,-36.7276,143.62805,2019,8,August,2,Late Night,Weekend
T20190015621,2019-08-18,04:25:00,4,Collision with a fixed object,7,Sunday,181,OFF RIGHT BEND INTO OBJECT/PARKED VEHICLE,5,607503,Not at intersection,2,100,Local Road,KING PARROT CREEK,MURRINDINDI,-37.186497,145.2522,2019,8,August,4,Late Night,Weekend
T20190015628,2019-08-18,20:25:00,1,Collision with vehicle,7,Sunday,130,REAR END(VEHICLES IN SAME LANE),3,580282,Cross intersection,3,60,Arterial Other,SAYERS,WYNDHAM,-37.848473,144.68835,2019,8,August,20,Night,Weekend
T20190015625,2019-08-18,17:15:00,1,Collision with vehicle,7,Sunday,130,REAR END(VEHICLES IN SAME LANE),2,42855,Cross intersection,3,80,Arterial Other,BOUNDARY,KINGSTON,-38.00083,145.1052,2019,8,August,17,Afternoon Peak,Weekend
T20190015599,2019-08-18,07:45:00,1,Collision with vehicle,7,Sunday,110,CROSS TRAFFIC(INTERSECTIONS ONLY),1,289043,Cross intersection,3,60,Arterial Other,FLEMINGTON,MELBOURNE,-37.799652,144.95503,2019,8,August,7,Morning Peak,Weekend
T20190015808,2019-08-18,08:20:00,1,Collision with vehicle,7,Sunday,110,CROSS TRAFFIC(INTERSECTIONS ONLY),1,35560,Cross intersection,2,60,Arterial Highway,NORTH,MONASH,-37.913975,145.12187,2019,8,August,8,Morning Peak,Weekend
T20190015590,2019-08-18,00:13:00,4,Collision with a fixed object,7,Sunday,173,RIGHT OFF CARRIAGEWAY INTO OBJECT/PARKED VEHICLE,3,593021,Not at intersection,3,80,Freeway,EASTERN,WHITEHORSE,-37.804024,145.17789,2019,8,August,0,Late Night,Weekend
T20190016823,2019-08-18,13:20:00,4,Collision with a fixed object,7,Sunday,171,LEFT OFF CARRIAGEWAY INTO OBJECT/PARKED VEHICLE,1,606171,Not at intersection,3,100,Arterial Other,BIRCHIP-SEA LAKE,BULOKE,-35.71523,142.85419,2019,8,August,13,Midday,Weekend
T20190015738,2019-08-19,15:10:00,1,Collision with vehicle,1,Monday,120,HEAD ON (NOT OVERTAKING),1,611290,Not at intersection,2,60,Arterial Highway,MAROONDAH,MURRINDINDI,-37.09978,145.61832,2019,8,August,15,Afternoon Peak,Weekday
T20190015886,2019-08-19,08:38:00,1,Collision with vehicle,1,Monday,121,RIGHT THROUGH,1,43735,T intersection,3,60,Local Road,RICHARD,MELTON,-37.695675,144.57645,2019,8,August,8,Morning Peak,Weekday
T20190015682,2019-08-19,12:53:00,2,Struck Pedestrian,1,Monday,102,FAR SIDE. PED HIT BY VEHICLE FROM THE LEFT,1,584806,Not at intersection,1,40,Local Road,HIGH,DAREBIN,-37.76469,144.99957,2019,8,August,12,Midday,Weekday
T20190015696,2019-08-19,17:00:00,2,Struck Pedestrian,1,Monday,102,FAR SIDE. PED HIT BY VEHICLE FROM THE LEFT,2,650510,T intersection,2,60,Arterial Highway,SOUTH GIPPSLAND,CASEY,-38.213863,145.38156,2019,8,August,17,Afternoon Peak,Weekday
T20190015698,2019-08-19,19:15:00,1,Collision with vehicle,1,Monday,110,CROSS TRAFFIC(INTERSECTIONS ONLY),3,580287,Cross intersection,3,60,Arterial Other,HEATHS,WYNDHAM,-37.877373,144.68053,2019,8,August,19,Night,Weekday
T20190015725,2019-08-19,14:00:00,1,Collision with vehicle,1,Monday,130,REAR END(VEHICLES IN SAME LANE),1,605622,Not at intersection,3,60,Arterial Highway,GREENSBOROUGH,BANYULE,-37.719704,145.08116,2019,8,August,14,Midday,Weekday
T20190021756,2019-08-19,11:42:00,8,No collision and no object struck,1,Monday,170,OFF CARRIAGEWAY TO LEFT,9,600175,Not at intersection,3,50,Local Road,MCKENZIE,MELTON,-37.684742,144.58025,2019,8,August,11,Midday,Weekday
T20190015683,2019-08-19,14:30:00,1,Collision with vehicle,1,Monday,130,REAR END(VEHICLES IN SAME LANE),1,343727,Not at intersection,3,60,Arterial Highway,DANDENONG,MONASH,-37.93235,145.15594,2019,8,August,14,Midday,Weekday
T20190015740,2019-08-19,16:40:00,4,Collision with a fixed object,1,Monday,171,LEFT OFF CARRIAGEWAY INTO OBJECT/PARKED VEHICLE,1,579995,Not at intersection,2,50,Local Road,ROLLING HILLS,YARRA RANGES,-37.745358,145.33148,2019,8,August,16,Afternoon Peak,Weekday
T20190016901,2019-08-19,18:05:00,1,Collision with vehicle,1,Monday,130,REAR END(VEHICLES IN SAME LANE),3,584539,Not at intersection,3,60,Arterial Highway,NORTH,GLEN EIRA,-37.904083,145.04153,2019,8,August,18,Afternoon Peak,Weekday
T20190016340,2019-08-19,16:18:00,1,Collision with vehicle,1,Monday,110,CROSS TRAFFIC(INTERSECTIONS ONLY),1,43928,Cross intersection,3,80,Local Road,BROWNS,CASEY,-38.147842,145.2455,2019,8,August,16,Afternoon Peak,Weekday
T20190016867,2019-08-19,10:30:00,1,Collision with vehicle,1,Monday,130,REAR END(VEHICLES IN SAME LANE),1,36189,Cross intersection,3,70,Arterial Other,MICKLEHAM,HUME,-37.684402,144.88292,2019,8,August,10,Midday,Weekday
T20190015671,2019-08-19,12:55:00,1,Collision with vehicle,1,Monday,110,CROSS TRAFFIC(INTERSECTIONS ONLY),1,38305,Cross intersection,2,60,Arterial Other,PARKER,MANNINGHAM,-37.75674,145.11874,2019,8,August,12,Midday,Weekday
T20190016774,2019-08-19,09:30:00,1,Collision with vehicle,1,Monday,130,REAR END(VEHICLES IN SAME LANE),1,657656,Not at intersection,3,80,Arterial Highway,MAROONDAH,MURRINDINDI,-37.590103,145.6427,2019,8,August,9,Morning Peak,Weekday
T20190015751,2019-08-19,10:13:00,1,Collision with vehicle,1,Monday,130,REAR END(VEHICLES IN SAME LANE),1,54696,T intersection,3,80,Arterial Other,PRINCES,LATROBE,-38.236835,146.4231,2019,8,August,10,Midday,Weekday
T20190015676,2019-08-19,14:15:00,1,Collision with vehicle,1,Monday,160,VEHICLE COLLIDES WITH VEHICLE PARKED ON LEFT OF ROAD,1,611289,T intersection,3,40,Local Road,LYGON,MELBOURNE,-37.80206,144.9667,2019,8,August,14,Midday,Weekday
T20190015857,2019-08-19,19:00:00,1,Collision with vehicle,1,Monday,116,LEFT NEAR (INTERSECTIONS ONLY),3,37329,Cross intersection,3,60,Local Road,KILBERRY,CASEY,-38.033024,145.27971,2019,8,August,19,Night,Weekday
T20190015667,2019-08-19,11:49:00,2,Struck Pedestrian,1,Monday,100,PED NEAR SIDE. PED HIT BY VEHICLE FROM THE RIGHT.,1,579990,Not at intersection,2,60,Local Road,KOORNANG,GLEN EIRA,-37.88472,145.0579,2019,8,August,11,Midday,Weekday
T20190015678,2019-08-19,12:45:00,4,Collision with a fixed object,1,Monday,171,LEFT OFF CARRIAGEWAY INTO OBJECT/PARKED VEHICLE,1,582009,Not at intersection,2,50,Local Road,ALTO,MAROONDAH,-37.791443,145.27138,2019,8,August,12,Midday,Weekday
T20190015703,2019-08-19,14:52:00,1,Collision with vehicle,1,Monday,169,OTHER ON PATH,1,595054,Not at intersection,2,50,Local Road,DIXON,DAREBIN,-37.780544,145.0133,2019,8,August,14,Midday,Weekday
T20190015660,2019-08-19,10:36:00,1,Collision with vehicle,1,Monday,160,VEHICLE COLLIDES WITH VEHICLE PARKED ON LEFT OF ROAD,1,579989,Not at intersection,3,50,Local Road,ALLAN,DANDENONG,-37.990444,145.20451,2019,8,August,10,Midday,Weekday
T20190015675,2019-08-19,13:02:00,4,Collision with a fixed object,1,Monday,181,OFF RIGHT BEND INTO OBJECT/PARKED VEHICLE,1,584259,Multiple intersection,2,100,Arterial Highway,PYRENEES,ARARAT,-37.207584,143.02054,2019,8,August,13,Midday,Weekday
T20190015694,2019-08-19,15:34:00,1,Collision with vehicle,1,Monday,110,CROSS TRAFFIC(INTERSECTIONS ONLY),1,35388,Cross intersection,1,80,Arterial Other,WESTALL,KINGSTON,-37.979908,145.14267,2019,8,August,15,Afternoon Peak,Weekday
T20190015655,2019-08-19,08:08:00,1,Collision with vehicle,1,Monday,130,REAR END(VEHICLES IN SAME LANE),1,654507,Not at intersection,3,80,Arterial Highway,MAROONDAH,MAROONDAH,-37.776035,145.29251,2019,8,August,8,Morning Peak,Weekday
T20190015647,2019-08-19,08:05:00,1,Collision with vehicle,1,Monday,130,REAR END(VEHICLES IN SAME LANE),1,29623,Cross intersection,2,70,Arterial Highway,SPRINGVALE,WHITEHORSE,-37.862015,145.16922,2019,8,August,8,Morning Peak,Weekday
T20190015666,2019-08-19,07:54:00,1,Collision with vehicle,1,Monday,121,RIGHT THROUGH,1,986,Cross intersection,2,80,Arterial Other,HIGH,CASEY,-38.03961,145.36034,2019,8,August,7,Morning Peak,Weekday
T20190015717,2019-08-20,08:09:00,1,Collision with vehicle,2,Tuesday,130,REAR END(VEHICLES IN SAME LANE),1,585881,Not at intersection,2,80,Freeway,WEST GATE,MELBOURNE,-37.830452,144.89993,2019,8,August,8,Morning Peak,Weekday
T20190015716,2019-08-20,08:25:00,1,Collision with vehicle,2,Tuesday,110,CROSS TRAFFIC(INTERSECTIONS ONLY),1,67789,Cross intersection,3,50,Local Road,GELLIBRAND,HOBSONS BAY,-37.864986,144.88815,2019,8,August,8,Morning Peak,Weekday
T20190017931,2019-08-20,10:25:00,1,Collision with vehicle,2,Tuesday,130,REAR END(VEHICLES IN SAME LANE),1,35331,Cross intersection,3,80,Arterial Highway,GREENSBOROUGH,BANYULE,-37.70317,145.08983,2019,8,August,10,Midday,Weekday
T20190015728,2019-08-20,07:46:00,4,Collision with a fixed object,2,Tuesday,171,LEFT OFF CARRIAGEWAY INTO OBJECT/PARKED VEHICLE,1,579994,Not at intersection,3,100,Freeway,WESTERN RING,BRIMBANK,-37.800117,144.79482,2019,8,August,7,Morning Peak,Weekday
T20190015767,2019-08-20,18:29:00,1,Collision with vehicle,2,Tuesday,131,LEFT REAR,3,37926,T intersection,3,50,Local Road,HIGH,DAREBIN,-37.750004,145.00203,2019,8,August,18,Afternoon Peak,Weekday
T20190015724,2019-08-20,06:20:00,1,Collision with vehicle,2,Tuesday,121,RIGHT THROUGH,3,714,Cross intersection,3,60,Arterial Other,WAVERLEY,MONASH,-37.884705,145.12735,2019,8,August,6,Morning Peak,Weekday
T20190015834,2019-08-20,18:29:00,1,Collision with vehicle,2,Tuesday,130,REAR END(VEHICLES IN SAME LANE),3,611574,T intersection,3,70,Local Road,LEAKES,WYNDHAM,-37.83838,144.7344,2019,8,August,18,Afternoon Peak,Weekday
T20190016992,2019-08-20,09:00:00,1,Collision with vehicle,2,Tuesday,130,REAR END(VEHICLES IN SAME LANE),1,583546,Not at intersection,3,100,Freeway,PRINCES,CARDINIA,-38.074093,145.39897,2019,8,August,9,Morning Peak,Weekday
T20190016513,2019-08-20,18:30:00,1,Collision with vehicle,2,Tuesday,130,REAR END(VEHICLES IN SAME LANE),2,351927,Cross intersection,3,60,Arterial Highway,EAST BOUNDARY,GLEN EIRA,-37.906624,145.06177,2019,8,August,18,Afternoon Peak,Weekday
T20190015882,2019-08-20,08:50:00,1,Collision with vehicle,2,Tuesday,130,REAR END(VEHICLES IN SAME LANE),1,580002,Not at intersection,3,80,Arterial Highway,WELLINGTON,MONASH,-37.919006,145.16122,2019,8,August,8,Morning Peak,Weekday
T20190018065,2019-08-20,16:20:00,1,Collision with vehicle,2,Tuesday,139,OTHER SAME DIRECTION-MANOUEVRES NOT INCLUDED IN DCAs 130-137,9,602439,Not at intersection,3,40,Arterial Other,CAMBERWELL,BOROONDARA,-37.833027,145.0587,2019,8,August,16,Afternoon Peak,Weekday
T20190019856,2019-08-20,14:00:00,1,Collision with vehicle,2,Tuesday,130,REAR END(VEHICLES IN SAME LANE),1,592033,Cross intersection,3,70,Arterial Other,BALLARAT,BRIMBANK,-37.779,144.84706,2019,8,August,14,Midday,Weekday
T20190015776,2019-08-20,18:00:00,2,Struck Pedestrian,2,Tuesday,102,FAR SIDE. PED HIT BY VEHICLE FROM THE LEFT,3,69800,Cross intersection,3,50,Arterial Highway,KEILLER,BAYSIDE,-37.935184,145.03598,2019,8,August,18,Afternoon Peak,Weekday
T20190017782,2019-08-20,07:45:00,1,Collision with vehicle,2,Tuesday,136,RIGHT TURN SIDESWIPE,9,205,Cross intersection,3,40,Local Road,LONSDALE,MELBOURNE,-37.813713,144.95732,2019,8,August,7,Morning Peak,Weekday
T20190015846,2019-08-20,10:05:00,1,Collision with vehicle,2,Tuesday,110,CROSS TRAFFIC(INTERSECTIONS ONLY),1,64118,Cross intersection,3,40,Arterial Other,GRANGE,DAREBIN,-37.773235,145.02615,2019,8,August,10,Midday,Weekday
T20190015741,2019-08-20,10:15:00,1,Collision with vehicle,2,Tuesday,120,HEAD ON (NOT OVERTAKING),1,599589,T intersection,2,60,Arterial Other,PRINCESS,BOROONDARA,-37.805424,145.02911,2019,8,August,10,Midday,Weekday
T20190015743,2019-08-20,13:40:00,1,Collision with vehicle,2,Tuesday,115,RIGHT/LEFT FAR (INTERSECTIONS ONLY),1,358460,T intersection,2,80,Arterial Other,PASCOE VALE,HUME,-37.66027,144.92545,2019,8,August,13,Midday,Weekday
T20190015745,2019-08-20,07:20:00,4,Collision with a fixed object,2,Tuesday,173,RIGHT OFF CARRIAGEWAY INTO OBJECT/PARKED VEHICLE,1,616580,Not at intersection,2,60,Arterial Other,GISBORNE,MOORABOOL,-37.667423,144.4375,2019,8,August,7,Morning Peak,Weekday
T20190015794,2019-08-20,23:24:00,4,Collision with a fixed object,2,Tuesday,173,RIGHT OFF CARRIAGEWAY INTO OBJECT/PARKED VEHICLE,3,582558,Not at intersection,3,60,Local Road,AVIATION,HOBSONS BAY,-37.867764,144.76163,2019,8,August,23,Night,Weekday
T20190015784,2019-08-20,20:00:00,1,Collision with vehicle,2,Tuesday,160,VEHICLE COLLIDES WITH VEHICLE PARKED ON LEFT OF ROAD,3,612135,Not at intersection,2,60,Arterial Highway,PRINCES HIGHWAY,BAW BAW,-38.20774,146.15633,2019,8,August,20,Night,Weekday
T20190015781,2019-08-20,18:23:00,1,Collision with vehicle,2,Tuesday,122,LEFT THROUGH,3,336309,Cross intersection,2,60,Arterial Highway,ST GEORGES BIKE,DAREBIN,-37.749374,144.99576,2019,8,August,18,Afternoon Peak,Weekday
T20190015779,2019-08-20,18:45:00,2,Struck Pedestrian,2,Tuesday,102,FAR SIDE. PED HIT BY VEHICLE FROM THE LEFT,6,38090,Cross intersection,3,60,Arterial Other,GRANGE,DAREBIN,-37.77248,145.02629,2019,8,August,18,Afternoon Peak,Weekday
T20190015772,2019-08-20,20:16:00,8,No collision and no object struck,2,Tuesday,179,OTHER ACCIDENTS-OFF STRAIGHT NOT INCLUDED IN DCAs 170-175,3,611573,Not at intersection,2,70,Arterial Highway,DANDENONG,STONNINGTON,-37.86,145.00977,2019,8,August,20,Night,Weekday
T20190015771,2019-08-20,13:10:00,1,Collision with vehicle,2,Tuesday,110,CROSS TRAFFIC(INTERSECTIONS ONLY),1,56418,Cross intersection,3,40,Local Road,NIGHTINGALE,PORT PHILLIP,-37.870598,144.99179,2019,8,August,13,Midday,Weekday
T20190015770,2019-08-20,16:45:00,1,Collision with vehicle,2,Tuesday,120,HEAD ON (NOT OVERTAKING),1,579997,T intersection,3,50,Local Road,RAILWAY,HOBSONS BAY,-37.863495,144.77533,2019,8,August,16,Afternoon Peak,Weekday
T20190015768,2019-08-20,17:08:00,1,Collision with vehicle,2,Tuesday,110,CROSS TRAFFIC(INTERSECTIONS ONLY),1,49163,Cross intersection,3,50,Local Road,KENDALL,DAREBIN,-37.746822,144.9866,2019,8,August,17,Afternoon Peak,Weekday
T20190015763,2019-08-20,17:15:00,1,Collision with vehicle,2,Tuesday,130,REAR END(VEHICLES IN SAME LANE),1,580290,Not at intersection,3,100,Freeway,METROPOLITAN RING,WHITTLESEA,-37.686447,145.05229,2019,8,August,17,Afternoon Peak,Weekday
T20190015761,2019-08-20,17:40:00,1,Collision with vehicle,2,Tuesday,121,RIGHT THROUGH,2,36121,Unknown,2,60,Arterial Highway,NEPEAN,MORNINGTON PENINSULA,-38.32948,144.98529,2019,8,August,17,Afternoon Peak,Weekday
T20190015748,2019-08-20,11:50:00,1,Collision with vehicle,2,Tuesday,150,HEAD ON(OVERTAKING),1,580289,Not at intersection,3,50,Local Road,GARDEN,KINGSTON,-37.981106,145.11377,2019,8,August,11,Midday,Weekday
T20190015870,2019-08-20,17:00:00,1,Collision with vehicle,2,Tuesday,130,REAR END(VEHICLES IN SAME LANE),4,43764,Cross intersection,3,60,Local Road,BROOKLYN,MELTON,-37.702995,144.57506,2019,8,August,17,Afternoon Peak,Weekday
T20190015739,2019-08-20,09:31:00,1,Collision with vehicle,2,Tuesday,110,CROSS TRAFFIC(INTERSECTIONS ONLY),1,56829,Cross intersection,3,60,Local Road,ARCHER,SHEPPARTON,-36.38086,145.41331,2019,8,August,9,Morning Peak,Weekday
T20190015720,2019-08-20,08:55:00,5,collision with some other object,2,Tuesday,198,OTHER ACCIDENTS NOT CLASSIFIABLE ELSEWHERE,1,579992,Not at intersection,2,60,Arterial Other,BELGRAVE-GEMBROOK,YARRA RANGES,-37.908936,145.36404,2019,8,August,8,Morning Peak,Weekday
T20190015719,2019-08-20,06:15:00,2,Struck Pedestrian,2,Tuesday,194,PARKED CAR RUN AWAY,3,586165,Not at intersection,2,50,Local Road,LANDSCAPE,WYNDHAM,-37.83969,144.72507,2019,8,August,6,Morning Peak,Weekday
T20190015879,2019-08-21,23:20:00,1,Collision with vehicle,3,Wednesday,120,HEAD ON (NOT OVERTAKING),5,590989,Not at intersection,2,60,Local Road,DANS,SURF COAST,-38.262447,144.39311,2019,8,August,23,Night,Weekday
T20190015836,2019-08-21,12:05:00,1,Collision with vehicle,3,Wednesday,121,RIGHT THROUGH,1,37616,T intersection,2,60,Arterial Highway,PUNT,STONNINGTON,-37.842987,144.98558,2019,8,August,12,Midday,Weekday
T20190015807,2019-08-21,07:55:00,2,Struck Pedestrian,3,Wednesday,104,PED WALKING WITH TRAFFIC,1,579998,Cross intersection,2,50,Local Road,MARLBOROUGH,MORELAND,-37.718826,144.97258,2019,8,August,7,Morning Peak,Weekday
T20190015948,2019-08-21,20:30:00,2,Struck Pedestrian,3,Wednesday,105,PED WALKING AGAINST TRAFFIC.,3,611856,Not at intersection,2,80,Arterial Other,BALLARTO,FRANKSTON,-38.11285,145.1588,2019,8,August,20,Night,Weekday
T20190015852,2019-08-21,15:00:00,1,Collision with vehicle,3,Wednesday,131,LEFT REAR,1,66976,T intersection,2,60,Arterial Other,MILLERS,HOBSONS BAY,-37.84327,144.8462,2019,8,August,15,Afternoon Peak,Weekday
T20190015802,2019-08-21,06:10:00,1,Collision with vehicle,3,Wednesday,121,RIGHT THROUGH,2,277250,Cross intersection,3,80,Arterial Other,THOMPSON,DANDENONG,-38.069965,145.17848,2019,8,August,6,Morning Peak,Weekday