ACCIDENT_NO,ACCIDENT_DATE,ACCIDENT_TIME,ACCIDENT_TYPE,ACCIDENT_TYPE_DESC,DAY_OF_WEEK,DAY_WEEK_DESC,DCA_CODE,DCA_DESC,LIGHT_CONDITION,NODE_ID,ROAD_GEOMETRY_DESC,SEVERITY,SPEED_ZONE,RMA,ROAD_NAME,LGA_NAME,LATITUDE,LONGITUDE,YEAR,MONTH,MONTH_NAME,HOUR,TIME_PERIOD,DAY_TYPE
T20190015848,2019-08-21,16:00:00,2,Struck Pedestrian,3,Wednesday,109,ANY MANOEUVRE INVOLVING PED NOT INCLUDED IN DCAs 100-108.,1,654510,Not at intersection,3,60,Arterial Highway,DELANY,ALPINE,-36.728992,146.97212,2019,8,August,16,Afternoon Peak,Weekday
T20190015878,2019-08-21,20:33:00,1,Collision with vehicle,3,Wednesday,120,HEAD ON (NOT OVERTAKING),3,35522,Cross intersection,2,60,Arterial Highway,WARRIGAL,BOROONDARA,-37.86579,145.09279,2019,8,August,20,Night,Weekday
T20190015860,2019-08-21,17:40:00,1,Collision with vehicle,3,Wednesday,130,REAR END(VEHICLES IN SAME LANE),2,582559,Not at intersection,2,60,Arterial Other,CHANDLER,YARRA,-37.78523,145.02524,2019,8,August,17,Afternoon Peak,Weekday
T20190015842,2019-08-21,14:49:00,1,Collision with vehicle,3,Wednesday,121,RIGHT THROUGH,1,35320,Cross intersection,2,80,Arterial Highway,MOOROODUC,FRANKSTON,-38.146645,145.1358,2019,8,August,14,Midday,Weekday
T20190015841,2019-08-21,15:20:00,2,Struck Pedestrian,3,Wednesday,102,FAR SIDE. PED HIT BY VEHICLE FROM THE LEFT,1,590730,Not at intersection,3,50,Local Road,STURT,MOIRA,-35.92914,145.65408,2019,8,August,15,Afternoon Peak,Weekday
T20190015839,2019-08-21,10:30:00,1,Collision with vehicle,3,Wednesday,121,RIGHT THROUGH,1,584532,T intersection,3,60,Arterial Highway,COMMERCIAL,WELLINGTON,-38.553352,146.68034,2019,8,August,10,Midday,Weekday
T20190015838,2019-08-21,06:30:00,3,Struck animal,3,Wednesday,167,STRUCK ANIMAL,2,580291,Not at intersection,2,80,Arterial Other,TRARALGON WEST,LATROBE,-38.18669,146.45471,2019,8,August,6,Morning Peak,Weekday
T20190015816,2019-08-21,10:40:00,1,Collision with vehicle,3,Wednesday,112,LEFT FAR (INTERSECTIONS ONLY),1,591491,T intersection,3,80,Arterial Other,BELGRAVE-HALLAM,CASEY,-38.000862,145.27449,2019,8,August,10,Midday,Weekday
T20190015837,2019-08-21,13:29:00,1,Collision with vehicle,3,Wednesday,160,VEHICLE COLLIDES WITH VEHICLE PARKED ON LEFT OF ROAD,1,580000,Not at intersection,3,50,Local Road,KATUNGA,HUME,-37.675014,144.91551,2019,8,August,13,Midday,Weekday
T20190015811,2019-08-21,09:04:00,1,Collision with vehicle,3,Wednesday,130,REAR END(VEHICLES IN SAME LANE),1,611854,Not at intersection,2,100,Freeway,WESTERN,MELTON,-37.787724,144.7487,2019,8,August,9,Morning Peak,Weekday
T20190016383,2019-08-21,07:00:00,1,Collision with vehicle,3,Wednesday,110,CROSS TRAFFIC(INTERSECTIONS ONLY),2,57054,Cross intersection,3,60,Arterial Other,MURRAY,DAREBIN,-37.73768,145.00105,2019,8,August,7,Morning Peak,Weekday
T20190015897,2019-08-21,16:30:00,6,Vehicle overturned (no collision),3,Wednesday,180,OFF CARRIAGEWAY ON RIGHT BEND,1,580003,Not at intersection,2,50,Local Road,FIELDSTONE,CARDINIA,-38.04181,145.37247,2019,8,August,16,Afternoon Peak,Weekday
T20190015869,2019-08-21,18:25:00,1,Collision with vehicle,3,Wednesday,130,REAR END(VEHICLES IN SAME LANE),3,288930,T intersection,3,70,Arterial Other,BALLARAT,MARIBYRNONG,-37.780014,144.85461,2019,8,August,18,Afternoon Peak,Weekday
T20190015895,2019-08-21,11:55:00,1,Collision with vehicle,3,Wednesday,132,RIGHT REAR.,1,650983,Cross intersection,3,60,Arterial Other,MCMILLAN,WELLINGTON,-37.964924,146.97299,2019,8,August,11,Midday,Weekday
T20190015835,2019-08-21,13:50:00,1,Collision with vehicle,3,Wednesday,149,OTHER MANOEUVRING NOT INCLUDED IN DCAs 140-148,1,654508,Not at intersection,3,60,Local Road,KOORNANG,GLEN EIRA,-37.89318,145.0563,2019,8,August,13,Midday,Weekday
T20190015833,2019-08-21,12:30:00,1,Collision with vehicle,3,Wednesday,121,RIGHT THROUGH,1,279060,Cross intersection,2,80,Arterial Highway,DANDENONG,DANDENONG,-37.997585,145.16223,2019,8,August,12,Midday,Weekday
T20190016200,2019-08-21,14:05:00,1,Collision with vehicle,3,Wednesday,130,REAR END(VEHICLES IN SAME LANE),1,580573,Not at intersection,3,40,Arterial Other,SYDNEY,MORELAND,-37.74677,144.96564,2019,8,August,14,Midday,Weekday
T20190015855,2019-08-21,17:50:00,1,Collision with vehicle,3,Wednesday,121,RIGHT THROUGH,2,45187,Cross intersection,3,50,Arterial Highway,HIGH,SHEPPARTON,-36.381943,145.40582,2019,8,August,17,Afternoon Peak,Weekday
T20190016545,2019-08-21,14:45:00,1,Collision with vehicle,3,Wednesday,130,REAR END(VEHICLES IN SAME LANE),9,50088,Cross intersection,3,80,Arterial Other,PORTARLINGTON,GEELONG,-38.167202,144.42232,2019,8,August,14,Midday,Weekday
T20190017018,2019-08-21,14:00:00,1,Collision with vehicle,3,Wednesday,130,REAR END(VEHICLES IN SAME LANE),1,37813,T intersection,3,50,Local Road,DAVID,WHITTLESEA,-37.671875,145.0176,2019,8,August,14,Midday,Weekday
T20190017655,2019-08-21,08:00:00,1,Collision with vehicle,3,Wednesday,121,RIGHT THROUGH,1,600325,Not at intersection,2,40,Local Road,AUBURN,BOROONDARA,-37.840343,145.04173,2019,8,August,8,Morning Peak,Weekday
T20190016354,2019-08-21,11:15:00,1,Collision with vehicle,3,Wednesday,130,REAR END(VEHICLES IN SAME LANE),1,337457,Cross intersection,3,80,Arterial Other,FITZGERALD,WYNDHAM,-37.844143,144.78186,2019,8,August,11,Midday,Weekday
T20190015827,2019-08-21,11:40:00,2,Struck Pedestrian,3,Wednesday,100,PED NEAR SIDE. PED HIT BY VEHICLE FROM THE RIGHT.,1,29781,Cross intersection,3,40,Local Road,CRAMER,DAREBIN,-37.74037,145.00365,2019,8,August,11,Midday,Weekday
T20190015877,2019-08-21,15:20:00,1,Collision with vehicle,3,Wednesday,121,RIGHT THROUGH,1,47216,T intersection,2,40,Local Road,ROBERN,BANYULE,-37.740967,145.08727,2019,8,August,15,Afternoon Peak,Weekday
T20190015861,2019-08-21,15:33:00,4,Collision with a fixed object,3,Wednesday,183,OFF LEFT BEND INTO OBJECT/PARKED VEHICLE,1,616421,Not at intersection,3,60,Local Road,JUMPING CREEK,MANNINGHAM,-37.734257,145.26134,2019,8,August,15,Afternoon Peak,Weekday
T20190016080,2019-08-21,10:50:00,1,Collision with vehicle,3,Wednesday,110,CROSS TRAFFIC(INTERSECTIONS ONLY),1,38631,Cross intersection,2,50,Local Road,BRUNEL,HOBSONS BAY,-37.828636,144.87263,2019,8,August,10,Midday,Weekday
T20190015881,2019-08-21,06:19:00,1,Collision with vehicle,3,Wednesday,110,CROSS TRAFFIC(INTERSECTIONS ONLY),3,38487,Cross intersection,3,60,Arterial Other,SWANSEA,YARRA RANGES,-37.763737,145.35953,2019,8,August,6,Morning Peak,Weekday
T20190015858,2019-08-21,15:45:00,1,Collision with vehicle,3,Wednesday,130,REAR END(VEHICLES IN SAME LANE),1,580832,Not at intersection,2,80,Arterial Other,BERWICK-CRANBOURNE,CASEY,-38.07718,145.33488,2019,8,August,15,Afternoon Peak,Weekday
T20190021606,2019-08-22,12:15:00,1,Collision with vehicle,4,Thursday,132,RIGHT REAR.,1,651000,Not at intersection,3,60,Local Road,CLOW,DANDENONG,-37.985092,145.21622,2019,8,August,12,Midday,Weekday
T20200001072,2019-08-22,16:00:00,1,Collision with vehicle,4,Thursday,134,LANE CHANGE RIGHT (NOT OVERTAKING),1,622963,T intersection,3,60,Arterial Other,MCINTYRE,BRIMBANK,-37.75397,144.83293,2019,8,August,16,Afternoon Peak,Weekday
T20190015924,2019-08-22,15:45:00,3,Struck animal,4,Thursday,167,STRUCK ANIMAL,1,662890,Not at intersection,2,100,Arterial Other,MANSFIELD-WHITFIELD,WANGARATTA,-36.908478,146.29726,2019,8,August,15,Afternoon Peak,Weekday
T20190015899,2019-08-22,10:49:00,4,Collision with a fixed object,4,Thursday,171,LEFT OFF CARRIAGEWAY INTO OBJECT/PARKED VEHICLE,1,582560,Cross intersection,3,80,Freeway,PENINSULA LINK OUT-FRANKSTON-DANDENONG,FRANKSTON,-38.10853,145.16212,2019,8,August,10,Midday,Weekday
T20190016566,2019-08-22,16:30:00,1,Collision with vehicle,4,Thursday,163,VEHICLE STRIKES DOOR OF PARKED/STATIONARY VEHICLE,1,582279,Not at intersection,3,40,Local Road,LONSDALE,MELBOURNE,-37.81488,144.95323,2019,8,August,16,Afternoon Peak,Weekday
T20190016475,2019-08-22,09:50:00,1,Collision with vehicle,4,Thursday,130,REAR END(VEHICLES IN SAME LANE),1,293238,T intersection,3,100,Arterial Other,TRAMWAY,LATROBE,-38.263153,146.43459,2019,8,August,9,Morning Peak,Weekday
T20190016207,2019-08-22,03:30:00,1,Collision with vehicle,4,Thursday,130,REAR END(VEHICLES IN SAME LANE),3,35376,Cross intersection,3,40,Arterial Highway,HODDLE STREET -PUNT,MELBOURNE,-37.817554,144.99002,2019,8,August,3,Late Night,Weekday
T20190015892,2019-08-22,08:45:00,2,Struck Pedestrian,4,Thursday,102,FAR SIDE. PED HIT BY VEHICLE FROM THE LEFT,1,50001,Cross intersection,3,60,Arterial Highway,MCKILLOP,GEELONG,-38.155567,144.36542,2019,8,August,8,Morning Peak,Weekday
T20190015896,2019-08-22,06:50:00,1,Collision with vehicle,4,Thursday,113,RIGHT NEAR (INTERSECTIONS ONLY),1,359735,T intersection,2,80,Arterial Highway,SOUTH GIPPSLAND,DANDENONG,-38.034554,145.24507,2019,8,August,6,Morning Peak,Weekday
T20190017475,2019-08-22,00:50:00,4,Collision with a fixed object,4,Thursday,171,LEFT OFF CARRIAGEWAY INTO OBJECT/PARKED VEHICLE,6,584003,Not at intersection,3,70,Arterial Highway,LOWER DANDENONG,KINGSTON,-37.98731,145.11653,2019,8,August,0,Late Night,Weekday
T20190016424,2019-08-22,06:30:00,8,No collision and no object struck,4,Thursday,174,OUT OF CONTROL ON CARRIAGEWAY (ON STRAIGHT),3,581129,Not at intersection,3,80,Arterial Highway,DANDENONG,DANDENONG,-37.927208,145.14743,2019,8,August,6,Morning Peak,Weekday
T20190015921,2019-08-22,14:00:00,1,Collision with vehicle,4,Thursday,113,RIGHT NEAR (INTERSECTIONS ONLY),1,302089,T intersection,3,60,Local Road,MOOREFIELD PARK,WODONGA,-36.1133,146.85829,2019,8,August,14,Midday,Weekday
T20190015994,2019-08-22,10:10:00,8,No collision and no object struck,4,Thursday,172,OFF CARRIAGEWAY TO RIGHT,1,64040,T intersection,3,50,Local Road,CONNORS FLAT,YARRA RANGES,-37.76955,145.42717,2019,8,August,10,Midday,Weekday
T20190017176,2019-08-22,18:31:00,1,Collision with vehicle,4,Thursday,130,REAR END(VEHICLES IN SAME LANE),3,593807,Not at intersection,3,60,Arterial Other,BALLARAT,MARIBYRNONG,-37.793907,144.89848,2019,8,August,18,Afternoon Peak,Weekday
T20190016374,2019-08-22,09:29:00,1,Collision with vehicle,4,Thursday,113,RIGHT NEAR (INTERSECTIONS ONLY),1,52106,T intersection,3,60,Arterial Other,PRINCES,BAW BAW,-38.156628,145.91876,2019,8,August,9,Morning Peak,Weekday
T20190015905,2019-08-22,11:15:00,2,Struck Pedestrian,4,Thursday,100,PED NEAR SIDE. PED HIT BY VEHICLE FROM THE RIGHT.,1,580293,Not at intersection,2,60,Arterial Other,CLAYTON,MONASH,-37.92325,145.1201,2019,8,August,11,Midday,Weekday
T20190015909,2019-08-22,11:38:00,1,Collision with vehicle,4,Thursday,113,RIGHT NEAR (INTERSECTIONS ONLY),1,37512,T intersection,3,60,Arterial Other,MOUNTAIN,KNOX,-37.837772,145.28358,2019,8,August,11,Midday,Weekday
T20190015907,2019-08-22,08:10:00,1,Collision with vehicle,4,Thursday,120,HEAD ON (NOT OVERTAKING),1,581115,Not at intersection,3,50,Local Road,HINRICHSEN,CASEY,-38.013805,145.28275,2019,8,August,8,Morning Peak,Weekday
T20190015949,2019-08-22,16:00:00,1,Collision with vehicle,4,Thursday,132,RIGHT REAR.,1,43578,T intersection,2,60,Local Road,BETTY,MORNINGTON PENINSULA,-38.18621,145.09123,2019,8,August,16,Afternoon Peak,Weekday
T20190015952,2019-08-22,19:58:00,1,Collision with vehicle,4,Thursday,121,RIGHT THROUGH,3,324029,Cross intersection,3,80,Arterial Other,BERWICK-CRANBOURNE,CASEY,-38.117744,145.31926,2019,8,August,19,Night,Weekday
T20190015953,2019-08-22,19:26:00,2,Struck Pedestrian,4,Thursday,102,FAR SIDE. PED HIT BY VEHICLE FROM THE LEFT,5,583276,Cross intersection,2,60,Local Road,WEDGE,WHITTLESEA,-37.65074,145.02435,2019,8,August,19,Night,Weekday
T20190015956,2019-08-22,17:30:00,2,Struck Pedestrian,4,Thursday,100,PED NEAR SIDE. PED HIT BY VEHICLE FROM THE RIGHT.,2,941,Cross intersection,3,60,Arterial Other,FLETCHER,FRANKSTON,-38.141644,145.12764,2019,8,August,17,Afternoon Peak,Weekday
T20190015928,2019-08-22,10:15:00,1,Collision with vehicle,4,Thursday,131,LEFT REAR,1,627,Cross intersection,3,70,Arterial Highway,SPRINGVALE,WHITEHORSE,-37.834682,145.17274,2019,8,August,10,Midday,Weekday
T20190015958,2019-08-22,18:35:00,1,Collision with vehicle,4,Thursday,121,RIGHT THROUGH,3,340457,Cross intersection,2,70,Arterial Other,KINGS,BRIMBANK,-37.71085,144.77798,2019,8,August,18,Afternoon Peak,Weekday
T20190015959,2019-08-22,17:56:00,4,Collision with a fixed object,4,Thursday,183,OFF LEFT BEND INTO OBJECT/PARKED VEHICLE,5,603028,Not at intersection,2,100,Arterial Highway,WESTERN,ARARAT,-37.339195,143.1178,2019,8,August,17,Afternoon Peak,Weekday
T20190016025,2019-08-22,08:40:00,1,Collision with vehicle,4,Thursday,110,CROSS TRAFFIC(INTERSECTIONS ONLY),1,411,Cross intersection,3,60,Arterial Other,STATION,DAREBIN,-37.774384,145.01889,2019,8,August,8,Morning Peak,Weekday
T20190015933,2019-08-22,15:20:00,1,Collision with vehicle,4,Thursday,136,RIGHT TURN SIDESWIPE,1,581116,Not at intersection,2,50,Local Road,NEW,BAYSIDE,-37.884785,144.99696,2019,8,August,15,Afternoon Peak,Weekday
T20190017449,2019-08-22,15:15:00,1,Collision with vehicle,4,Thursday,134,LANE CHANGE RIGHT (NOT OVERTAKING),1,44621,Cross intersection,3,60,Arterial Other,KINGSBURY,DAREBIN,-37.729725,145.06085,2019,8,August,15,Afternoon Peak,Weekday
T20190015937,2019-08-22,16:25:00,1,Collision with vehicle,4,Thursday,121,RIGHT THROUGH,1,40800,Cross intersection,3,80,Arterial Highway,BURWOOD,WHITEHORSE,-37.854237,145.16295,2019,8,August,16,Afternoon Peak,Weekday
T20190015938,2019-08-22,15:54:00,1,Collision with vehicle,4,Thursday,113,RIGHT NEAR (INTERSECTIONS ONLY),1,612138,T intersection,2,80,Arterial Highway,LAKESIDE,KNOX,-37.91256,145.23618,2019,8,August,15,Afternoon Peak,Weekday
T20190015939,2019-08-22,15:10:00,1,Collision with vehicle,4,Thursday,111,RIGHT FAR (INTERSECTIONS ONLY),1,38031,Cross intersection,3,50,Local Road,BELGROVE,DAREBIN,-37.74598,145.01884,2019,8,August,15,Afternoon Peak,Weekday
T20190015961,2019-08-22,18:20:00,1,Collision with vehicle,4,Thursday,130,REAR END(VEHICLES IN SAME LANE),3,583703,Not at intersection,3,80,Arterial Other,NARRE WARREN NORTH,CASEY,-38.013706,145.30943,2019,8,August,18,Afternoon Peak,Weekday
T20190015940,2019-08-22,14:55:00,2,Struck Pedestrian,4,Thursday,101,PED EMERGES FROM IN FRONT OF PARKED OR STATIONARY VEHICLE,1,83106,Not at intersection,2,60,Arterial Other,THOMPSONS,MANNINGHAM,-37.770138,145.0996,2019,8,August,14,Midday,Weekday
T20190015942,2019-08-22,15:59:00,1,Collision with vehicle,4,Thursday,130,REAR END(VEHICLES IN SAME LANE),1,580005,Not at intersection,3,80,Freeway,WEST GATE,MELBOURNE,-37.827793,144.96097,2019,8,August,15,Afternoon Peak,Weekday
T20190015943,2019-08-22,14:10:00,1,Collision with vehicle,4,Thursday,120,HEAD ON (NOT OVERTAKING),1,590488,Not at intersection,3,80,Arterial Other,BERWICK-CRANBOURNE,CASEY,-38.117104,145.3275,2019,8,August,14,Midday,Weekday
T20190015944,2019-08-22,17:15:00,1,Collision with vehicle,4,Thursday,110,CROSS TRAFFIC(INTERSECTIONS ONLY),2,580296,Cross intersection,3,50,Local Road,CASEY FIELDS,CASEY,-38.109978,145.30972,2019,8,August,17,Afternoon Peak,Weekday
T20190015963,2019-08-22,22:10:00,1,Collision with vehicle,4,Thursday,114,TWO RIGHT TURNING (INTERSECTIONS ONLY),3,605865,Cross intersection,2,80,Arterial Highway,SPRINGVALE,DANDENONG,-37.98355,145.14592,2019,8,August,22,Night,Weekday
T20190016366,2019-08-22,10:15:00,1,Collision with vehicle,4,Thursday,142,LEAVING PARKING,1,582277,Not at intersection,3,50,Local Road,MAIN,CARDINIA,-38.07624,145.4803,2019,8,August,10,Midday,Weekday
T20190015910,2019-08-22,06:55:00,2,Struck Pedestrian,4,Thursday,100,PED NEAR SIDE. PED HIT BY VEHICLE FROM THE RIGHT.,1,40423,Cross intersection,3,60,Arterial Other,WILLS,STONNINGTON,-37.85324,145.05246,2019,8,August,6,Morning Peak,Weekday
T20190015962,2019-08-22,18:15:00,1,Collision with vehicle,4,Thursday,142,LEAVING PARKING,3,586167,Not at intersection,3,40,Local Road,LANGRIDGE,YARRA,-37.806946,144.98962,2019,8,August,18,Afternoon Peak,Weekday
T20190016795,2019-08-23,09:02:00,1,Collision with vehicle,5,Friday,130,REAR END(VEHICLES IN SAME LANE),1,729090,Not at intersection,3,80,Freeway,METROPOLITAN RING,NILLUMBIK,-37.69353,145.09302,2019,8,August,9,Morning Peak,Weekday
T20190016019,2019-08-23,16:10:00,2,Struck Pedestrian,5,Friday,100,PED NEAR SIDE. PED HIT BY VEHICLE FROM THE RIGHT.,1,595832,Not at intersection,2,60,Local Road,INGLES,PORT PHILLIP,-37.834362,144.94743,2019,8,August,16,Afternoon Peak,Weekday
T20190016007,2019-08-23,12:40:00,1,Collision with vehicle,5,Friday,160,VEHICLE COLLIDES WITH VEHICLE PARKED ON LEFT OF ROAD,1,588422,Not at intersection,3,50,Local Road,CUMBERLAND,MORELAND,-37.714897,144.94075,2019,8,August,12,Midday,Weekday
T20190016005,2019-08-23,14:20:00,1,Collision with vehicle,5,Friday,130,REAR END(VEHICLES IN SAME LANE),1,44550,Cross intersection,3,60,Arterial Other,CAMP,HUME,-37.68613,144.92683,2019,8,August,14,Midday,Weekday
T20190016001,2019-08-23,12:59:00,1,Collision with vehicle,5,Friday,140,U TURN,1,582117,T intersection,2,60,Arterial Other,COMMERCIAL,MELBOURNE,-37.844894,144.979,2019,8,August,12,Midday,Weekday
T20190017334,2019-08-23,19:40:00,1,Collision with vehicle,5,Friday,135,LANE CHANGE LEFT (NOT OVERTAKING),6,591758,Not at intersection,3,100,Freeway,WESTERN,MELTON,-37.707123,144.62808,2019,8,August,19,Night,Weekday
T20190016021,2019-08-23,17:00:00,4,Collision with a fixed object,5,Friday,171,LEFT OFF CARRIAGEWAY INTO OBJECT/PARKED VEHICLE,1,580301,Not at intersection,2,60,Arterial Other,ASHLEY,MARIBYRNONG,-37.794403,144.86293,2019,8,August,17,Afternoon Peak,Weekday
T20190016000,2019-08-23,08:10:00,1,Collision with vehicle,5,Friday,148,VEHICLE OFF FOOTPATH STRIKES VEH ON CARRIAGEWAY,1,650984,Not at intersection,3,40,Local Road,NORTHWAYS,LATROBE,-38.309387,146.4236,2019,8,August,8,Morning Peak,Weekday
T20190015997,2019-08-23,06:30:00,1,Collision with vehicle,5,Friday,130,REAR END(VEHICLES IN SAME LANE),1,612437,Not at intersection,3,100,Freeway,PRINCES,WYNDHAM,-37.870495,144.748,2019,8,August,6,Morning Peak,Weekday
T20190016060,2019-08-23,13:09:00,1,Collision with vehicle,5,Friday,130,REAR END(VEHICLES IN SAME LANE),1,585596,T intersection,3,60,Arterial Other,STUDLEY PARK,BOROONDARA,-37.807323,145.02754,2019,8,August,13,Midday,Weekday
T20190015986,2019-08-23,09:32:00,4,Collision with a fixed object,5,Friday,183,OFF LEFT BEND INTO OBJECT/PARKED VEHICLE,1,580833,Not at intersection,3,50,Local Road,PAPERBARK,CARDINIA,-38.069134,145.44595,2019,8,August,9,Morning Peak,Weekday
T20190015985,2019-08-23,08:50:00,1,Collision with vehicle,5,Friday,130,REAR END(VEHICLES IN SAME LANE),1,580297,Not at intersection,2,60,Local Road,POINT NEPEAN,MORNINGTON PENINSULA,-38.331642,144.96675,2019,8,August,8,Morning Peak,Weekday
T20190015981,2019-08-23,07:55:00,1,Collision with vehicle,5,Friday,121,RIGHT THROUGH,1,226234,T intersection,2,80,Arterial Other,HUME,HUME,-37.634563,144.95003,2019,8,August,7,Morning Peak,Weekday
T20190015979,2019-08-23,07:40:00,4,Collision with a fixed object,5,Friday,183,OFF LEFT BEND INTO OBJECT/PARKED VEHICLE,1,605866,Multiple intersection,3,100,Freeway,MONASH OUT-EASTLINK OUT,DANDENONG,-37.942722,145.20317,2019,8,August,7,Morning Peak,Weekday
T20190016196,2019-08-23,12:45:00,1,Collision with vehicle,5,Friday,131,LEFT REAR,1,91659,T intersection,3,60,Freeway,TOORAK,STONNINGTON,-37.844692,145.03905,2019,8,August,12,Midday,Weekday
T20190016006,2019-08-23,11:05:00,1,Collision with vehicle,5,Friday,121,RIGHT THROUGH,1,45303,Cross intersection,3,60,Arterial Other,EPSOM ROAD -SCOTIA,MOONEE VALLEY,-37.77052,144.90521,2019,8,August,11,Midday,Weekday
T20190016202,2019-08-23,17:30:00,1,Collision with vehicle,5,Friday,130,REAR END(VEHICLES IN SAME LANE),2,614397,Not at intersection,3,40,Local Road,ALFRED,WYNDHAM,-37.919758,144.63078,2019,8,August,17,Afternoon Peak,Weekday
T20190018018,2019-08-23,08:10:00,1,Collision with vehicle,5,Friday,121,RIGHT THROUGH,1,36644,T intersection,3,40,Arterial Other,JOHNSTON,YARRA,-37.799507,144.98962,2019,8,August,8,Morning Peak,Weekday
T20190015977,2019-08-23,07:20:00,1,Collision with vehicle,5,Friday,130,REAR END(VEHICLES IN SAME LANE),1,582561,Not at intersection,3,80,Arterial Other,EUROA-MANSFIELD,STRATHBOGIE,-36.93029,145.66502,2019,8,August,7,Morning Peak,Weekday
T20190015978,2019-08-23,08:40:00,4,Collision with a fixed object,5,Friday,181,OFF RIGHT BEND INTO OBJECT/PARKED VEHICLE,1,655094,Not at intersection,3,100,Arterial Other,GISBORNE,MOORABOOL,-37.576538,144.4564,2019,8,August,8,Morning Peak,Weekday
T20190018062,2019-08-23,09:30:00,1,Collision with vehicle,5,Friday,140,U TURN,1,275390,Not at intersection,3,60,Arterial Highway,NEPEAN,KINGSTON,-38.016884,145.0945,2019,8,August,9,Morning Peak,Weekday
T20190016880,2019-08-23,16:45:00,1,Collision with vehicle,5,Friday,130,REAR END(VEHICLES IN SAME LANE),1,590997,Not at intersection,3,80,Arterial Highway,NEPEAN,MORNINGTON PENINSULA,-38.174835,145.09671,2019,8,August,16,Afternoon Peak,Weekday
T20190016970,2019-08-23,13:00:00,1,Collision with vehicle,5,Friday,130,REAR END(VEHICLES IN SAME LANE),1,816,T intersection,3,60,Arterial Other,SYDNEY,MORELAND,-37.704514,144.96037,2019,8,August,13,Midday,Weekday
T20190016096,2019-08-23,18:00:00,2,Struck Pedestrian,5,Friday,102,FAR SIDE. PED HIT BY VEHICLE FROM THE LEFT,3,581118,Cross intersection,3,60,Arterial Other,STATION,WHITEHORSE,-37.829586,145.12166,2019,8,August,18,Afternoon Peak,Weekday
T20190015972,2019-08-23,08:40:00,2,Struck Pedestrian,5,Friday,109,ANY MANOEUVRE INVOLVING PED NOT INCLUDED IN DCAs 100-108.,1,580006,Not at intersection,2,40,Arterial Other,RYRIE,GEELONG,-38.153038,144.37315,2019,8,August,8,Morning Peak,Weekday
T20190015973,2019-08-23,08:15:00,2,Struck Pedestrian,5,Friday,100,PED NEAR SIDE. PED HIT BY VEHICLE FROM THE RIGHT.,1,49321,Cross intersection,2,50,Arterial Other,CONDON,BENDIGO,-36.773247,144.30522,2019,8,August,8,Morning Peak,Weekday
T20190015975,2019-08-23,08:35:00,1,Collision with vehicle,5,Friday,160,VEHICLE COLLIDES WITH VEHICLE PARKED ON LEFT OF ROAD,1,586730,Not at intersection,2,60,Local Road,PARK,GANNAWARRA,-35.730896,143.92618,2019,8,August,8,Morning Peak,Weekday
T20190015976,2019-08-23,09:22:00,1,Collision with vehicle,5,Friday,130,REAR END(VEHICLES IN SAME LANE),1,581897,Not at intersection,2,60,Arterial Other,SLADEN,CASEY,-38.112614,145.27994,2019,8,August,9,Morning Peak,Weekday
T20190016097,2019-08-23,08:45:00,1,Collision with vehicle,5,Friday,133,LANE SIDE SWIPE (VEHICLES IN PARALLEL LANES),1,586168,Not at intersection,3,50,Local Road,RICHARDSON,YARRA,-37.784634,144.97246,2019,8,August,8,Morning Peak,Weekday
T20190016040,2019-08-23,22:50:00,2,Struck Pedestrian,5,Friday,103,PED PLAYING/LYING/WORKING/STANDING ON CARRIAGEWAY.,4,659635,Not at intersection,1,60,Local Road,ARMSTRONG,WYNDHAM,-37.89329,144.60591,2019,8,August,22,Night,Weekday
T20190016026,2019-08-23,15:12:00,1,Collision with vehicle,5,Friday,160,VEHICLE COLLIDES WITH VEHICLE PARKED ON LEFT OF ROAD,1,655393,Not at intersection,3,50,Local Road,OUTHWAITE,BANYULE,-37.738934,145.04587,2019,8,August,15,Afternoon Peak,Weekday
T20190017313,2019-08-23,04:30:00,1,Collision with vehicle,5,Friday,140,U TURN,3,612444,Not at intersection,3,50,Local Road,ROSSACK,GEELONG,-38.212124,144.31113,2019,8,August,4,Late Night,Weekday
T20190016033,2019-08-23,18:20:00,4,Collision with a fixed object,5,Friday,173,RIGHT OFF CARRIAGEWAY INTO OBJECT/PARKED VEHICLE,3,580302,Not at intersection,3,50,Local Road,CARINISH,MONASH,-37.918247,145.11253,2019,8,August,18,Afternoon Peak,Weekday
T20190016034,2019-08-23,22:20:00,5,collision with some other object,5,Friday,166,STRUCK OBJECT ON CARRIAGEWAY,3,580569,T intersection,3,60,Local Road,KANGAROO,GLEN EIRA,-37.898148,145.07347,2019,8,August,22,Night,Weekday
T20190016240,2019-08-23,08:00:00,1,Collision with vehicle,5,Friday,131,LEFT REAR,1,589993,T intersection,2,100,Arterial Highway,WIMMERA,NORTHERN GRAMPIANS,-36.637123,143.19595,2019,8,August,8,Morning Peak,Weekday
T20190016050,2019-08-23,23:50:00,1,Collision with vehicle,5,Friday,120,HEAD ON (NOT OVERTAKING),5,655394,Not at intersection,2,100,Arterial Highway,MIDLAND,GOLDEN PLAINS,-38.002438,144.15598,2019,8,August,23,Night,Weekday
T20190016045,2019-08-23,08:04:00,1,Collision with vehicle,5,Friday,130,REAR END(VEHICLES IN SAME LANE),1,612439,Not at intersection,3,80,Arterial Highway,PRINCES,DANDENONG,-37.957024,145.1832,2019,8,August,8,Morning Peak,Weekday