ACCIDENT_NO,ACCIDENT_DATE,ACCIDENT_TIME,ACCIDENT_TYPE,ACCIDENT_TYPE_DESC,DAY_OF_WEEK,DAY_WEEK_DESC,DCA_CODE,DCA_DESC,LIGHT_CONDITION,NODE_ID,ROAD_GEOMETRY_DESC,SEVERITY,SPEED_ZONE,RMA,ROAD_NAME,LGA_NAME,LATITUDE,LONGITUDE,YEAR,MONTH,MONTH_NAME,HOUR,TIME_PERIOD,DAY_TYPE
T20190016537,2019-08-23,15:30:00,1,Collision with vehicle,5,Friday,131,LEFT REAR,1,57473,T intersection,3,60,Arterial Other,BLACKBURN,WHITEHORSE,-37.824158,145.15222,2019,8,August,15,Afternoon Peak,Weekday
T20190016008,2019-08-23,13:23:00,1,Collision with vehicle,5,Friday,121,RIGHT THROUGH,1,580299,Not at intersection,2,40,Arterial Other,CENTRE,GLEN EIRA,-37.918953,145.04243,2019,8,August,13,Midday,Weekday
T20190017921,2019-08-23,13:17:00,1,Collision with vehicle,5,Friday,130,REAR END(VEHICLES IN SAME LANE),1,612446,Not at intersection,3,60,Arterial Other,CAMP,HUME,-37.685757,144.92378,2019,8,August,13,Midday,Weekday
T20190016011,2019-08-23,15:30:00,6,Vehicle overturned (no collision),5,Friday,174,OUT OF CONTROL ON CARRIAGEWAY (ON STRAIGHT),1,655109,Not at intersection,3,60,Arterial Other,LA TROBE,BALLARAT,-37.570194,143.81375,2019,8,August,15,Afternoon Peak,Weekday
T20190016013,2019-08-23,16:55:00,2,Struck Pedestrian,5,Friday,102,FAR SIDE. PED HIT BY VEHICLE FROM THE LEFT,1,222565,Not at intersection,3,80,Local Road,TILBURN,BRIMBANK,-37.778435,144.77567,2019,8,August,16,Afternoon Peak,Weekday
T20190016016,2019-08-23,16:40:00,1,Collision with vehicle,5,Friday,110,CROSS TRAFFIC(INTERSECTIONS ONLY),1,35958,Cross intersection,2,80,Arterial Other,LOWER DUNEED,SURF COAST,-38.25055,144.35078,2019,8,August,16,Afternoon Peak,Weekday
T20190015991,2019-08-23,12:20:00,1,Collision with vehicle,5,Friday,110,CROSS TRAFFIC(INTERSECTIONS ONLY),1,54836,Cross intersection,3,50,Arterial Other,JOHNSON,WELLINGTON,-37.968178,146.97838,2019,8,August,12,Midday,Weekday
T20190016095,2019-08-24,10:35:00,1,Collision with vehicle,6,Saturday,130,REAR END(VEHICLES IN SAME LANE),1,581647,Not at intersection,2,60,Arterial Highway,WARRIGAL,KINGSTON,-37.929302,145.08139,2019,8,August,10,Midday,Weekend
T20190016093,2019-08-24,12:04:00,2,Struck Pedestrian,6,Saturday,100,PED NEAR SIDE. PED HIT BY VEHICLE FROM THE RIGHT.,1,41281,Cross intersection,1,60,Arterial Other,HAWTHORN,GLEN EIRA,-37.88986,145.02141,2019,8,August,12,Midday,Weekend
T20190016121,2019-08-24,22:02:00,4,Collision with a fixed object,6,Saturday,173,RIGHT OFF CARRIAGEWAY INTO OBJECT/PARKED VEHICLE,3,597126,Not at intersection,3,100,Freeway,HUME,WHITTLESEA,-37.635063,144.99313,2019,8,August,22,Night,Weekend
T20190016054,2019-08-24,09:43:00,2,Struck Pedestrian,6,Saturday,102,FAR SIDE. PED HIT BY VEHICLE FROM THE LEFT,1,603030,Cross intersection,2,40,Arterial Other,CHURCH,YARRA,-37.830456,144.99707,2019,8,August,9,Morning Peak,Weekend
T20190016115,2019-08-24,19:39:00,4,Collision with a fixed object,6,Saturday,171,LEFT OFF CARRIAGEWAY INTO OBJECT/PARKED VEHICLE,5,580570,Not at intersection,2,100,Arterial Other,PORTLAND-NELSON,GLENELG,-38.16364,141.2896,2019,8,August,19,Night,Weekend
T20190016052,2019-08-24,10:20:00,1,Collision with vehicle,6,Saturday,121,RIGHT THROUGH,1,590490,Cross intersection,2,70,Freeway,BACCHUS MARSH,GEELONG,-38.05952,144.3584,2019,8,August,10,Midday,Weekend
T20190016110,2019-08-24,20:30:00,5,collision with some other object,6,Saturday,166,STRUCK OBJECT ON CARRIAGEWAY,3,581392,Not at intersection,3,60,Local Road,FLINDERS,MELBOURNE,-37.82056,144.95691,2019,8,August,20,Night,Weekend
T20190016074,2019-08-24,13:00:00,6,Vehicle overturned (no collision),6,Saturday,170,OFF CARRIAGEWAY TO LEFT,1,581117,Not at intersection,3,40,Local Road,GLASSCOCKS,DANDENONG,-38.058613,145.20802,2019,8,August,13,Midday,Weekend
T20190016108,2019-08-24,18:50:00,1,Collision with vehicle,6,Saturday,111,RIGHT FAR (INTERSECTIONS ONLY),2,36469,Cross intersection,3,60,Local Road,BRUNSWICK,YARRA,-37.80575,144.9772,2019,8,August,18,Afternoon Peak,Weekend
T20190016043,2019-08-24,03:23:00,4,Collision with a fixed object,6,Saturday,173,RIGHT OFF CARRIAGEWAY INTO OBJECT/PARKED VEHICLE,6,638390,Not at intersection,2,100,Arterial Highway,PRINCES,MOYNE,-38.381817,142.18785,2019,8,August,3,Late Night,Weekend
T20190016071,2019-08-24,08:45:00,1,Collision with vehicle,6,Saturday,113,RIGHT NEAR (INTERSECTIONS ONLY),1,655396,T intersection,3,100,Local Road,DARWIN,SWAN HILL,-34.624886,142.7538,2019,8,August,8,Morning Peak,Weekend
T20190016070,2019-08-24,12:25:00,1,Collision with vehicle,6,Saturday,113,RIGHT NEAR (INTERSECTIONS ONLY),1,43620,T intersection,3,80,Arterial Highway,PRINCES,CASEY,-38.01419,145.29015,2019,8,August,12,Midday,Weekend
T20190016123,2019-08-24,18:12:00,1,Collision with vehicle,6,Saturday,121,RIGHT THROUGH,3,38006,T intersection,3,60,Arterial Other,HEIDELBERG,DAREBIN,-37.78408,145.00963,2019,8,August,18,Afternoon Peak,Weekend
T20190016068,2019-08-24,09:30:00,1,Collision with vehicle,6,Saturday,133,LANE SIDE SWIPE (VEHICLES IN PARALLEL LANES),1,612719,Not at intersection,3,100,Freeway,WESTERN RING,BRIMBANK,-37.800896,144.80217,2019,8,August,9,Morning Peak,Weekend
T20190016066,2019-08-24,09:30:00,1,Collision with vehicle,6,Saturday,162,ACCIDENT OR BROKEN DOWN,1,580307,Not at intersection,2,80,Freeway,CITYLINK,MELBOURNE,-37.78904,144.93785,2019,8,August,9,Morning Peak,Weekend
T20190017010,2019-08-24,10:45:00,7,Fall from or in moving vehicle,6,Saturday,190,FELL IN/FROM VEHICLE,1,582847,T intersection,2,60,Local Road,MULGRAVE,MONASH,-37.869602,145.1028,2019,8,August,10,Midday,Weekend
T20190016111,2019-08-24,20:35:00,1,Collision with vehicle,6,Saturday,160,VEHICLE COLLIDES WITH VEHICLE PARKED ON LEFT OF ROAD,3,583277,Not at intersection,2,50,Local Road,FLINDERS VIEW,GEELONG,-38.166985,144.56685,2019,8,August,20,Night,Weekend
T20190016296,2019-08-24,16:30:00,1,Collision with vehicle,6,Saturday,113,RIGHT NEAR (INTERSECTIONS ONLY),1,307532,T intersection,2,60,Arterial Other,WANGARATTA-YARRAWONGA,WANGARATTA,-36.33617,146.2961,2019,8,August,16,Afternoon Peak,Weekend
T20190016223,2019-08-24,11:00:00,1,Collision with vehicle,6,Saturday,130,REAR END(VEHICLES IN SAME LANE),1,863,Cross intersection,3,60,Arterial Highway,BELL,MORELAND,-37.741314,144.9666,2019,8,August,11,Midday,Weekend
T20190016091,2019-08-24,16:59:00,2,Struck Pedestrian,6,Saturday,108,PED STRUCK WALKING TO/FROM OR BOARDING/ALIGHTING VEHICLE.,2,325915,T intersection,3,60,Arterial Other,ROYAL,MELBOURNE,-37.79576,144.95804,2019,8,August,16,Afternoon Peak,Weekend
T20190016062,2019-08-24,11:26:00,1,Collision with vehicle,6,Saturday,121,RIGHT THROUGH,1,39735,Cross intersection,3,70,Arterial Other,BAYSWATER,MAROONDAH,-37.810574,145.2696,2019,8,August,11,Midday,Weekend
T20190016059,2019-08-24,09:45:00,8,No collision and no object struck,6,Saturday,174,OUT OF CONTROL ON CARRIAGEWAY (ON STRAIGHT),1,580305,Not at intersection,2,100,Local Road,FERRARIS,MANSFIELD,-36.943165,145.92278,2019,8,August,9,Morning Peak,Weekend
T20190016057,2019-08-24,09:00:00,1,Collision with vehicle,6,Saturday,113,RIGHT NEAR (INTERSECTIONS ONLY),1,43723,Cross intersection,2,60,Arterial Other,COBURNS,MELTON,-37.687576,144.56755,2019,8,August,9,Morning Peak,Weekend
T20190016106,2019-08-24,16:19:00,1,Collision with vehicle,6,Saturday,120,HEAD ON (NOT OVERTAKING),1,111442,Not at intersection,3,60,Arterial Other,HEIDELBERG-KINGLAKE,NILLUMBIK,-37.55983,145.3311,2019,8,August,16,Afternoon Peak,Weekend
T20190017056,2019-08-24,19:50:00,2,Struck Pedestrian,6,Saturday,100,PED NEAR SIDE. PED HIT BY VEHICLE FROM THE RIGHT.,3,57515,Cross intersection,2,70,Arterial Highway,QUEENS WAY -DANDENONG,PORT PHILLIP,-37.85779,144.99223,2019,8,August,19,Night,Weekend
T20190016055,2019-08-24,11:00:00,2,Struck Pedestrian,6,Saturday,100,PED NEAR SIDE. PED HIT BY VEHICLE FROM THE RIGHT.,1,42147,T intersection,2,60,Arterial Other,BAY,BAYSIDE,-37.954823,145.0296,2019,8,August,11,Midday,Weekend
T20190016090,2019-08-24,14:00:00,4,Collision with a fixed object,6,Saturday,171,LEFT OFF CARRIAGEWAY INTO OBJECT/PARKED VEHICLE,1,588693,Not at intersection,3,100,Arterial Highway,WIMMERA,BENDIGO,-36.74484,144.11118,2019,8,August,14,Midday,Weekend
T20190016230,2019-08-24,19:00:00,1,Collision with vehicle,6,Saturday,131,LEFT REAR,3,49274,Cross intersection,3,60,Arterial Other,HOWITT STREET -LEARMONTH,BALLARAT,-37.53891,143.8223,2019,8,August,19,Night,Weekend
T20190016104,2019-08-24,17:58:00,8,No collision and no object struck,6,Saturday,174,OUT OF CONTROL ON CARRIAGEWAY (ON STRAIGHT),3,581120,T intersection,3,50,Local Road,BROADHURST,DAREBIN,-37.706993,144.98744,2019,8,August,17,Afternoon Peak,Weekend
T20190016103,2019-08-24,19:42:00,1,Collision with vehicle,6,Saturday,121,RIGHT THROUGH,3,580309,T intersection,3,50,Local Road,KINGSTON TOWN,WHITTLESEA,-37.673157,145.06041,2019,8,August,19,Night,Weekend
T20190017448,2019-08-24,14:15:00,4,Collision with a fixed object,6,Saturday,146,REVERSING INTO FIXED OBJECT/PARKED VEHICLE,1,360237,Cross intersection,3,40,Local Road,HANOVER,MORELAND,-37.761517,144.95389,2019,8,August,14,Midday,Weekend
T20190016084,2019-08-24,14:00:00,3,Struck animal,6,Saturday,167,STRUCK ANIMAL,1,582275,Not at intersection,3,100,Local Road,PROJECT,MURRINDINDI,-37.487156,145.64308,2019,8,August,14,Midday,Weekend
T20190016101,2019-08-24,16:00:00,1,Collision with vehicle,6,Saturday,121,RIGHT THROUGH,1,598464,T intersection,2,70,Arterial Other,PORTER,MANNINGHAM,-37.75277,145.13705,2019,8,August,16,Afternoon Peak,Weekend
T20190016397,2019-08-24,11:00:00,1,Collision with vehicle,6,Saturday,130,REAR END(VEHICLES IN SAME LANE),1,585884,Not at intersection,2,100,Local Road,CENTRE,MOIRA,-36.04009,145.20815,2019,8,August,11,Midday,Weekend
T20190016069,2019-08-24,11:17:00,1,Collision with vehicle,6,Saturday,130,REAR END(VEHICLES IN SAME LANE),1,324648,T intersection,3,80,Arterial Other,CRANBOURNE ROAD -NARRE WARREN,CASEY,-38.07179,145.29774,2019,8,August,11,Midday,Weekend
T20190016161,2019-08-24,18:15:00,1,Collision with vehicle,6,Saturday,130,REAR END(VEHICLES IN SAME LANE),3,583430,Not at intersection,3,60,Local Road,THOMAS BRUNTON,HUME,-37.632053,144.92868,2019,8,August,18,Afternoon Peak,Weekend
T20190016100,2019-08-24,18:15:00,1,Collision with vehicle,6,Saturday,120,HEAD ON (NOT OVERTAKING),3,580308,Not at intersection,2,60,Arterial Highway,BELL,MORELAND,-37.73976,144.9509,2019,8,August,18,Afternoon Peak,Weekend
T20190016098,2019-08-24,17:23:00,4,Collision with a fixed object,6,Saturday,141,U TURN INTO FIXED OBJECT/PARKED VEHICLE,1,581119,Not at intersection,2,70,Arterial Highway,DANDENONG,GLEN EIRA,-37.88003,145.0488,2019,8,August,17,Afternoon Peak,Weekend
T20190016082,2019-08-24,13:05:00,1,Collision with vehicle,6,Saturday,130,REAR END(VEHICLES IN SAME LANE),1,239275,Cross intersection,2,60,Local Road,SHAWS,WYNDHAM,-37.88902,144.65268,2019,8,August,13,Midday,Weekend
T20190016128,2019-08-24,22:30:00,1,Collision with vehicle,6,Saturday,160,VEHICLE COLLIDES WITH VEHICLE PARKED ON LEFT OF ROAD,5,601322,Not at intersection,3,60,Local Road,BERESFORD,YARRA RANGES,-37.75025,145.34137,2019,8,August,22,Night,Weekend
T20190016139,2019-08-25,09:37:00,2,Struck Pedestrian,7,Sunday,100,PED NEAR SIDE. PED HIT BY VEHICLE FROM THE RIGHT.,1,593801,Cross intersection,2,50,Local Road,PARK,KINGSTON,-37.965427,145.05583,2019,8,August,9,Morning Peak,Weekend
T20190016138,2019-08-25,07:20:00,1,Collision with vehicle,7,Sunday,135,LANE CHANGE LEFT (NOT OVERTAKING),1,245323,Not at intersection,2,60,Arterial Other,BALLARAT,MARIBYRNONG,-37.78055,144.85907,2019,8,August,7,Morning Peak,Weekend
T20190016156,2019-08-25,07:00:00,1,Collision with vehicle,7,Sunday,111,RIGHT FAR (INTERSECTIONS ONLY),1,45826,T intersection,3,60,Arterial Other,BROADWAY,DAREBIN,-37.71708,145.01056,2019,8,August,7,Morning Peak,Weekend
T20190016158,2019-08-25,14:58:00,1,Collision with vehicle,7,Sunday,130,REAR END(VEHICLES IN SAME LANE),1,580312,Not at intersection,2,80,Arterial Other,MELTON,MELTON,-37.692177,144.74507,2019,8,August,14,Midday,Weekend
T20190016160,2019-08-25,15:10:00,6,Vehicle overturned (no collision),7,Sunday,172,OFF CARRIAGEWAY TO RIGHT,1,606167,Not at intersection,2,100,Local Road,AXEDALE-TOOLLEEN,BENDIGO,-36.73613,144.63051,2019,8,August,15,Afternoon Peak,Weekend
T20190016163,2019-08-25,16:10:00,1,Collision with vehicle,7,Sunday,110,CROSS TRAFFIC(INTERSECTIONS ONLY),1,56105,Cross intersection,2,60,Arterial Highway,RAGLAN,WARRNAMBOOL,-38.376205,142.48032,2019,8,August,16,Afternoon Peak,Weekend
T20190017071,2019-08-25,12:30:00,1,Collision with vehicle,7,Sunday,111,RIGHT FAR (INTERSECTIONS ONLY),1,262318,T intersection,3,100,Arterial Highway,STRZELECKI,LATROBE,-38.28256,146.32071,2019,8,August,12,Midday,Weekend
T20190016147,2019-08-25,11:35:00,4,Collision with a fixed object,7,Sunday,173,RIGHT OFF CARRIAGEWAY INTO OBJECT/PARKED VEHICLE,1,583981,Not at intersection,2,80,Local Road,MACCLESFIELD,YARRA RANGES,-37.841896,145.48645,2019,8,August,11,Midday,Weekend
T20190016165,2019-08-25,16:18:00,4,Collision with a fixed object,7,Sunday,183,OFF LEFT BEND INTO OBJECT/PARKED VEHICLE,1,589216,Not at intersection,2,100,Local Road,MOUNT LYALL,CARDINIA,-38.27411,145.7094,2019,8,August,16,Afternoon Peak,Weekend
T20190016136,2019-08-25,04:15:00,4,Collision with a fixed object,7,Sunday,171,LEFT OFF CARRIAGEWAY INTO OBJECT/PARKED VEHICLE,3,655312,Not at intersection,2,70,Arterial Other,STATION,BRIMBANK,-37.759422,144.7769,2019,8,August,4,Late Night,Weekend
T20190019172,2019-08-25,23:00:00,1,Collision with vehicle,7,Sunday,110,CROSS TRAFFIC(INTERSECTIONS ONLY),3,606177,Cross intersection,2,60,Arterial Other,WANTIRNA,KNOX,-37.847603,145.22714,2019,8,August,23,Night,Weekend
T20190016143,2019-08-25,08:10:00,4,Collision with a fixed object,7,Sunday,171,LEFT OFF CARRIAGEWAY INTO OBJECT/PARKED VEHICLE,1,612990,Not at intersection,3,60,Arterial Other,MAIN WHITTLESEA,WHITTLESEA,-37.661404,145.07266,2019,8,August,8,Morning Peak,Weekend
T20190016144,2019-08-25,09:30:00,1,Collision with vehicle,7,Sunday,110,CROSS TRAFFIC(INTERSECTIONS ONLY),1,70404,Cross intersection,2,50,Local Road,JUDD,KINGSTON,-37.974983,145.0739,2019,8,August,9,Morning Peak,Weekend
T20190016145,2019-08-25,09:40:00,4,Collision with a fixed object,7,Sunday,181,OFF RIGHT BEND INTO OBJECT/PARKED VEHICLE,1,583105,Not at intersection,3,80,Arterial Other,LANG LANG-POOWONG,SOUTH GIPPSLAND,-38.332233,145.72496,2019,8,August,9,Morning Peak,Weekend
T20190016168,2019-08-25,18:30:00,4,Collision with a fixed object,7,Sunday,173,RIGHT OFF CARRIAGEWAY INTO OBJECT/PARKED VEHICLE,3,655561,T intersection,3,50,Local Road,QUEEN,BRIMBANK,-37.796494,144.82907,2019,8,August,18,Afternoon Peak,Weekend
T20190016146,2019-08-25,11:00:00,1,Collision with vehicle,7,Sunday,119,OTHER ADJACENT (INTERSECTIONS ONLY),1,293330,Multiple intersection,3,60,Arterial Other,DIAMOND CREEK ROAD -GREENSBOROUGH,NILLUMBIK,-37.6895,145.11346,2019,8,August,11,Midday,Weekend
T20190016169,2019-08-25,17:37:00,1,Collision with vehicle,7,Sunday,113,RIGHT NEAR (INTERSECTIONS ONLY),2,45002,T intersection,2,80,Arterial Other,BALLARAT,BRIMBANK,-37.77616,144.82039,2019,8,August,17,Afternoon Peak,Weekend
T20190016170,2019-08-25,13:30:00,1,Collision with vehicle,7,Sunday,120,HEAD ON (NOT OVERTAKING),1,583983,Not at intersection,2,60,Arterial Other,CORDITE,MARIBYRNONG,-37.769077,144.87877,2019,8,August,13,Midday,Weekend
T20190016187,2019-08-25,15:45:00,1,Collision with vehicle,7,Sunday,120,HEAD ON (NOT OVERTAKING),1,590249,T intersection,3,50,Local Road,POWER,CASEY,-37.98273,145.24037,2019,8,August,15,Afternoon Peak,Weekend
T20190016188,2019-08-25,12:45:00,4,Collision with a fixed object,7,Sunday,141,U TURN INTO FIXED OBJECT/PARKED VEHICLE,1,636444,T intersection,2,100,Local Road,DONNELLYS CREEK,BAW BAW,-37.74914,146.44449,2019,8,August,12,Midday,Weekend
T20190016423,2019-08-25,15:50:00,1,Collision with vehicle,7,Sunday,121,RIGHT THROUGH,1,29766,Cross intersection,3,60,Arterial Highway,SOUTH GIPPSLAND,CASEY,-38.113033,145.28279,2019,8,August,15,Afternoon Peak,Weekend
T20190016141,2019-08-25,09:10:00,1,Collision with vehicle,7,Sunday,120,HEAD ON (NOT OVERTAKING),1,580571,Not at intersection,2,60,Arterial Other,SCORESBY,KNOX,-37.872135,145.25984,2019,8,August,9,Morning Peak,Weekend
T20190016148,2019-08-25,12:20:00,4,Collision with a fixed object,7,Sunday,183,OFF LEFT BEND INTO OBJECT/PARKED VEHICLE,1,584533,T intersection,3,50,Local Road,LAWFORD,WHITEHORSE,-37.800865,145.1259,2019,8,August,12,Midday,Weekend
T20190018204,2019-08-25,02:40:00,1,Collision with vehicle,7,Sunday,111,RIGHT FAR (INTERSECTIONS ONLY),3,346178,Cross intersection,3,80,Arterial Highway,PRINCES,CASEY,-38.026333,145.30685,2019,8,August,2,Late Night,Weekend
T20190016204,2019-08-25,11:15:00,1,Collision with vehicle,7,Sunday,147,VEHICLE STRIKES ANOTHER VEH WHILE EMERGING FROM DRIVEWAY,1,581240,Not at intersection,3,60,Local Road,TUCKER,GLEN EIRA,-37.920334,145.0509,2019,8,August,11,Midday,Weekend
T20190016142,2019-08-25,05:45:00,4,Collision with a fixed object,7,Sunday,173,RIGHT OFF CARRIAGEWAY INTO OBJECT/PARKED VEHICLE,3,581121,Not at intersection,3,80,Arterial Other,HEATHERTON,CASEY,-37.975952,145.2655,2019,8,August,5,Morning Peak,Weekend
T20190016612,2019-08-25,00:30:00,4,Collision with a fixed object,7,Sunday,173,RIGHT OFF CARRIAGEWAY INTO OBJECT/PARKED VEHICLE,3,581402,Cross intersection,3,60,Local Road,LORIKEET,CASEY,-38.01444,145.33199,2019,8,August,0,Late Night,Weekend
T20190016253,2019-08-25,13:00:00,1,Collision with vehicle,7,Sunday,110,CROSS TRAFFIC(INTERSECTIONS ONLY),1,46589,Cross intersection,2,50,Local Road,CHELMSFORD,HOBSONS BAY,-37.851944,144.86282,2019,8,August,13,Midday,Weekend
T20190016150,2019-08-25,11:42:00,4,Collision with a fixed object,7,Sunday,173,RIGHT OFF CARRIAGEWAY INTO OBJECT/PARKED VEHICLE,1,612991,Not at intersection,2,60,Arterial Other,WILLIAMS,STONNINGTON,-37.854404,145.0022,2019,8,August,11,Midday,Weekend
T20190016154,2019-08-25,12:15:00,2,Struck Pedestrian,7,Sunday,109,ANY MANOEUVRE INVOLVING PED NOT INCLUDED IN DCAs 100-108.,1,655562,Not at intersection,2,50,Local Road,CHESTNUT,WYNDHAM,-37.892105,144.67123,2019,8,August,12,Midday,Weekend
T20190016155,2019-08-25,10:06:00,1,Collision with vehicle,7,Sunday,120,HEAD ON (NOT OVERTAKING),1,581246,Cross intersection,2,50,Local Road,MALIBU,WYNDHAM,-37.898666,144.73897,2019,8,August,10,Midday,Weekend
T20190016210,2019-08-26,08:33:00,1,Collision with vehicle,1,Monday,151,OUT OF CONTROL (OVERTAKING),1,594689,Not at intersection,2,100,Freeway,PENINSULA LINK,MORNINGTON PENINSULA,-38.270668,145.08865,2019,8,August,8,Morning Peak,Weekday
T20190016236,2019-08-26,17:25:00,1,Collision with vehicle,1,Monday,113,RIGHT NEAR (INTERSECTIONS ONLY),1,239407,Cross intersection,3,50,Local Road,FAIRWAYS,HUME,-37.607414,144.91718,2019,8,August,17,Afternoon Peak,Weekday
T20190017707,2019-08-26,23:33:00,1,Collision with vehicle,1,Monday,113,RIGHT NEAR (INTERSECTIONS ONLY),3,37128,T intersection,3,80,Arterial Other,SOMERTON,HUME,-37.639442,144.91948,2019,8,August,23,Night,Weekday
T20190017079,2019-08-26,15:00:00,1,Collision with vehicle,1,Monday,135,LANE CHANGE LEFT (NOT OVERTAKING),1,254554,Not at intersection,3,50,Arterial Other,PASCOE VALE,MORELAND,-37.70414,144.91565,2019,8,August,15,Afternoon Peak,Weekday
T20190016214,2019-08-26,11:45:00,1,Collision with vehicle,1,Monday,130,REAR END(VEHICLES IN SAME LANE),1,36221,Cross intersection,3,60,Arterial Other,ROYAL,MELBOURNE,-37.792553,144.95845,2019,8,August,11,Midday,Weekday
T20190017368,2019-08-26,07:21:00,1,Collision with vehicle,1,Monday,121,RIGHT THROUGH,1,223351,Cross intersection,2,80,Arterial Highway,FRANKSTON-DANDENONG,FRANKSTON,-38.10538,145.16788,2019,8,August,7,Morning Peak,Weekday
T20190016183,2019-08-26,06:15:00,1,Collision with vehicle,1,Monday,121,RIGHT THROUGH,2,350186,Cross intersection,3,80,Arterial Highway,WELLINGTON,KNOX,-37.92803,145.23315,2019,8,August,6,Morning Peak,Weekday
T20190016216,2019-08-26,11:45:00,4,Collision with a fixed object,1,Monday,171,LEFT OFF CARRIAGEWAY INTO OBJECT/PARKED VEHICLE,1,655563,Not at intersection,3,100,Arterial Other,ELMORE-RAYWOOD,BENDIGO,-36.487152,144.40045,2019,8,August,11,Midday,Weekday
T20190017968,2019-08-26,14:38:00,4,Collision with a fixed object,1,Monday,171,LEFT OFF CARRIAGEWAY INTO OBJECT/PARKED VEHICLE,9,49230,Cross intersection,3,60,Local Road,ETIWANDA,MILDURA,-34.2323,142.1254,2019,8,August,14,Midday,Weekday
T20190016328,2019-08-26,16:00:00,1,Collision with vehicle,1,Monday,130,REAR END(VEHICLES IN SAME LANE),1,48533,T intersection,3,60,Arterial Highway,SOUTH GIPPSLAND,CASEY,-38.066177,145.2664,2019,8,August,16,Afternoon Peak,Weekday
T20190016209,2019-08-26,12:00:00,4,Collision with a fixed object,1,Monday,171,LEFT OFF CARRIAGEWAY INTO OBJECT/PARKED VEHICLE,1,655564,Not at intersection,2,60,Local Road,MINE,NILLUMBIK,-37.60558,145.19193,2019,8,August,12,Midday,Weekday
T20190016185,2019-08-26,07:30:00,1,Collision with vehicle,1,Monday,133,LANE SIDE SWIPE (VEHICLES IN PARALLEL LANES),1,30625,Cross intersection,3,60,Arterial Highway,LOWER HEIDELBERG ROAD -ROSANNA,BANYULE,-37.756638,145.06961,2019,8,August,7,Morning Peak,Weekday
T20190016955,2019-08-26,09:38:00,5,collision with some other object,1,Monday,166,STRUCK OBJECT ON CARRIAGEWAY,1,73446,T intersection,3,90,Local Road,MYERS,MORNINGTON PENINSULA,-38.338852,145.10611,2019,8,August,9,Morning Peak,Weekday
T20190016219,2019-08-26,10:50:00,1,Collision with vehicle,1,Monday,110,CROSS TRAFFIC(INTERSECTIONS ONLY),1,49307,Cross intersection,2,100,Local Road,FINLAY,CAMPASPE,-36.254642,145.1036,2019,8,August,10,Midday,Weekday
T20190016897,2019-08-26,15:30:00,1,Collision with vehicle,1,Monday,130,REAR END(VEHICLES IN SAME LANE),1,655660,Not at intersection,3,100,Freeway,HUME,HUME,-37.547398,144.9441,2019,8,August,15,Afternoon Peak,Weekday
T20190016247,2019-08-26,17:00:00,1,Collision with vehicle,1,Monday,110,CROSS TRAFFIC(INTERSECTIONS ONLY),1,590250,Cross intersection,2,60,Local Road,MECHANICS,EAST GIPPSLAND,-37.879425,147.98625,2019,8,August,17,Afternoon Peak,Weekday
T20190016529,2019-08-26,11:50:00,1,Collision with vehicle,1,Monday,132,RIGHT REAR.,1,594803,Multiple intersection,3,80,Freeway,PENINSULA LINK IN-CRANBOURNE,FRANKSTON,-38.155766,145.16745,2019,8,August,11,Midday,Weekday
T20190016254,2019-08-26,15:57:00,4,Collision with a fixed object,1,Monday,146,REVERSING INTO FIXED OBJECT/PARKED VEHICLE,1,580113,Not at intersection,1,50,Local Road,MILL,WHITEHORSE,-37.839127,145.16888,2019,8,August,15,Afternoon Peak,Weekday
T20190016243,2019-08-26,19:09:00,2,Struck Pedestrian,1,Monday,100,PED NEAR SIDE. PED HIT BY VEHICLE FROM THE RIGHT.,3,582836,Not at intersection,2,60,Local Road,COCHRANES,KINGSTON,-37.942432,145.06424,2019,8,August,19,Night,Weekday
T20190016224,2019-08-26,14:45:00,1,Collision with vehicle,1,Monday,113,RIGHT NEAR (INTERSECTIONS ONLY),1,126,Cross intersection,2,80,Arterial Highway,FRANKSTON-DANDENONG,FRANKSTON,-38.11836,145.14908,2019,8,August,14,Midday,Weekday
T20190016283,2019-08-26,22:00:00,4,Collision with a fixed object,1,Monday,173,RIGHT OFF CARRIAGEWAY INTO OBJECT/PARKED VEHICLE,5,586171,Not at intersection,3,100,Local Road,PANMURE-LAANG,MOYNE,-38.362507,142.76143,2019,8,August,22,Night,Weekday
T20190017298,2019-08-26,19:35:00,2,Struck Pedestrian,1,Monday,102,FAR SIDE. PED HIT BY VEHICLE FROM THE LEFT,5,70264,T intersection,3,40,Local Road,IAN,DANDENONG,-37.966675,145.17667,2019,8,August,19,Night,Weekday
T20190016238,2019-08-26,16:30:00,1,Collision with vehicle,1,Monday,130,REAR END(VEHICLES IN SAME LANE),1,580317,Not at intersection,2,100,Freeway,WESTERN RING,HUME,-37.694298,144.91562,2019,8,August,16,Afternoon Peak,Weekday
T20190016261,2019-08-26,04:45:00,1,Collision with vehicle,1,Monday,110,CROSS TRAFFIC(INTERSECTIONS ONLY),3,50001,Cross intersection,2,50,Arterial Highway,MCKILLOP,GEELONG,-38.155567,144.36542,2019,8,August,4,Late Night,Weekday
T20190016260,2019-08-26,17:20:00,1,Collision with vehicle,1,Monday,111,RIGHT FAR (INTERSECTIONS ONLY),1,54992,T intersection,2,60,Arterial Other,HIGH STREET,MONASH,-37.871967,145.14627,2019,8,August,17,Afternoon Peak,Weekday