ACCIDENT_NO,ACCIDENT_DATE,ACCIDENT_TIME,ACCIDENT_TYPE,ACCIDENT_TYPE_DESC,DAY_OF_WEEK,DAY_WEEK_DESC,DCA_CODE,DCA_DESC,LIGHT_CONDITION,NODE_ID,ROAD_GEOMETRY_DESC,SEVERITY,SPEED_ZONE,RMA,ROAD_NAME,LGA_NAME,LATITUDE,LONGITUDE,YEAR,MONTH,MONTH_NAME,HOUR,TIME_PERIOD,DAY_TYPE
T20190016232,2019-08-26,10:40:00,1,Collision with vehicle,1,Monday,110,CROSS TRAFFIC(INTERSECTIONS ONLY),1,44325,Cross intersection,3,50,Local Road,GREAVES,WYNDHAM,-37.90109,144.64978,2019,8,August,10,Midday,Weekday
T20190016203,2019-08-26,10:55:00,4,Collision with a fixed object,1,Monday,171,LEFT OFF CARRIAGEWAY INTO OBJECT/PARKED VEHICLE,1,580316,Not at intersection,3,50,Local Road,CRAWLEY,CASEY,-37.996193,145.33183,2019,8,August,10,Midday,Weekday
T20190025552,2019-08-26,22:12:00,1,Collision with vehicle,1,Monday,132,RIGHT REAR.,3,46959,T intersection,2,60,Arterial Other,GLEN EIRA,GLEN EIRA,-37.880394,145.02615,2019,8,August,22,Night,Weekday
T20190021811,2019-08-26,15:30:00,1,Collision with vehicle,1,Monday,142,LEAVING PARKING,1,602151,Not at intersection,3,50,Local Road,FORD,WANGARATTA,-36.356304,146.3243,2019,8,August,15,Afternoon Peak,Weekday
T20190016234,2019-08-26,16:10:00,1,Collision with vehicle,1,Monday,137,LEFT TURN SIDESWIPE,1,1314,T intersection,3,70,Arterial Other,SYDNEY,HUME,-37.669727,144.95511,2019,8,August,16,Afternoon Peak,Weekday
T20190016324,2019-08-27,16:10:00,1,Collision with vehicle,2,Tuesday,111,RIGHT FAR (INTERSECTIONS ONLY),1,1258,T intersection,3,40,Local Road,HAMPSHIRE,BRIMBANK,-37.781246,144.83272,2019,8,August,16,Afternoon Peak,Weekday
T20190016323,2019-08-27,08:20:00,1,Collision with vehicle,2,Tuesday,110,CROSS TRAFFIC(INTERSECTIONS ONLY),1,53007,Cross intersection,3,60,Local Road,GRANT,BALLARAT,-37.59286,143.8314,2019,8,August,8,Morning Peak,Weekday
T20190016320,2019-08-27,15:00:00,1,Collision with vehicle,2,Tuesday,111,RIGHT FAR (INTERSECTIONS ONLY),1,43093,Cross intersection,2,60,Local Road,MCCRAE,DANDENONG,-37.99344,145.22255,2019,8,August,15,Afternoon Peak,Weekday
T20190016319,2019-08-27,07:55:00,1,Collision with vehicle,2,Tuesday,110,CROSS TRAFFIC(INTERSECTIONS ONLY),1,43819,Cross intersection,2,40,Local Road,CRAMER,DAREBIN,-37.7395,144.99469,2019,8,August,7,Morning Peak,Weekday
T20190016307,2019-08-27,13:00:00,1,Collision with vehicle,2,Tuesday,110,CROSS TRAFFIC(INTERSECTIONS ONLY),1,632472,Cross intersection,3,50,Local Road,FISCHER,SURF COAST,-38.32129,144.32468,2019,8,August,13,Midday,Weekday
T20190016342,2019-08-27,18:00:00,4,Collision with a fixed object,2,Tuesday,181,OFF RIGHT BEND INTO OBJECT/PARKED VEHICLE,4,583984,Not at intersection,2,50,Local Road,DANAHER,WHITTLESEA,-37.648495,145.0836,2019,8,August,18,Afternoon Peak,Weekday
T20190016326,2019-08-27,16:30:00,1,Collision with vehicle,2,Tuesday,113,RIGHT NEAR (INTERSECTIONS ONLY),1,43769,T intersection,3,60,Local Road,BRIDGE,MELTON,-37.714333,144.5729,2019,8,August,16,Afternoon Peak,Weekday
T20190016300,2019-08-27,09:20:00,1,Collision with vehicle,2,Tuesday,121,RIGHT THROUGH,1,580841,Not at intersection,2,60,Arterial Other,WAVERLEY,STONNINGTON,-37.877216,145.08607,2019,8,August,9,Morning Peak,Weekday
T20190016299,2019-08-27,13:33:00,1,Collision with vehicle,2,Tuesday,113,RIGHT NEAR (INTERSECTIONS ONLY),1,254653,Y intersection,3,60,Local Road,NORMANBY,BAW BAW,-38.164536,145.93892,2019,8,August,13,Midday,Weekday
T20190016298,2019-08-27,06:30:00,1,Collision with vehicle,2,Tuesday,119,OTHER ADJACENT (INTERSECTIONS ONLY),1,589218,T intersection,3,50,Local Road,CURRAWONG,CARDINIA,-38.081146,145.44794,2019,8,August,6,Morning Peak,Weekday
T20190018245,2019-08-27,00:00:00,4,Collision with a fixed object,2,Tuesday,173,RIGHT OFF CARRIAGEWAY INTO OBJECT/PARKED VEHICLE,5,655568,Not at intersection,3,80,Local Road,BRIDGE INN,WHITTLESEA,-37.598225,145.07535,2019,8,August,0,Late Night,Weekday
T20190019031,2019-08-27,17:25:00,1,Collision with vehicle,2,Tuesday,147,VEHICLE STRIKES ANOTHER VEH WHILE EMERGING FROM DRIVEWAY,1,40944,Not at intersection,3,60,Arterial Other,WOODLAND,MOONEE VALLEY,-37.741425,144.90921,2019,8,August,17,Afternoon Peak,Weekday
T20190016293,2019-08-27,09:15:00,1,Collision with vehicle,2,Tuesday,130,REAR END(VEHICLES IN SAME LANE),1,580575,Not at intersection,2,60,Arterial Other,HIGH STREET,MONASH,-37.87485,145.17181,2019,8,August,9,Morning Peak,Weekday
T20190016285,2019-08-27,12:00:00,2,Struck Pedestrian,2,Tuesday,102,FAR SIDE. PED HIT BY VEHICLE FROM THE LEFT,1,582563,T intersection,2,50,Local Road,TUNSTALL,MANNINGHAM,-37.79113,145.17085,2019,8,August,12,Midday,Weekday
T20190016303,2019-08-27,06:30:00,1,Collision with vehicle,2,Tuesday,113,RIGHT NEAR (INTERSECTIONS ONLY),1,250261,Cross intersection,3,40,Local Road,SWALLOW,PORT PHILLIP,-37.838013,144.93678,2019,8,August,6,Morning Peak,Weekday
T20190016279,2019-08-27,07:40:00,2,Struck Pedestrian,2,Tuesday,102,FAR SIDE. PED HIT BY VEHICLE FROM THE LEFT,1,583280,T intersection,2,80,Arterial Highway,PLENTY,WHITTLESEA,-37.69604,145.05936,2019,8,August,7,Morning Peak,Weekday
T20190016278,2019-08-27,08:40:00,1,Collision with vehicle,2,Tuesday,130,REAR END(VEHICLES IN SAME LANE),1,580840,Not at intersection,2,100,Freeway,HUME-METROPOLITAN RING IN,WHITTLESEA,-37.686546,144.98595,2019,8,August,8,Morning Peak,Weekday
T20190016272,2019-08-27,08:40:00,1,Collision with vehicle,2,Tuesday,121,RIGHT THROUGH,1,41326,T intersection,2,60,Local Road,KAMBROOK,GLEN EIRA,-37.876858,145.03545,2019,8,August,8,Morning Peak,Weekday
T20190016456,2019-08-27,13:15:00,2,Struck Pedestrian,2,Tuesday,103,PED PLAYING/LYING/WORKING/STANDING ON CARRIAGEWAY.,1,581649,Not at intersection,3,60,Local Road,TAYLORS,MITCHELL,-37.422974,144.97752,2019,8,August,13,Midday,Weekday
T20190016264,2019-08-27,03:30:00,4,Collision with a fixed object,2,Tuesday,183,OFF LEFT BEND INTO OBJECT/PARKED VEHICLE,5,586455,T intersection,2,100,Arterial Other,KIEWA VALLEY,WODONGA,-36.190926,146.96638,2019,8,August,3,Late Night,Weekday
T20190018317,2019-08-27,08:15:00,1,Collision with vehicle,2,Tuesday,130,REAR END(VEHICLES IN SAME LANE),1,614114,T intersection,3,60,Arterial Other,PLENTY,WHITTLESEA,-37.684574,145.06833,2019,8,August,8,Morning Peak,Weekday
T20190017221,2019-08-27,09:30:00,1,Collision with vehicle,2,Tuesday,163,VEHICLE STRIKES DOOR OF PARKED/STATIONARY VEHICLE,1,583717,Not at intersection,3,40,Local Road,GERTRUDE,YARRA,-37.806152,144.98102,2019,8,August,9,Morning Peak,Weekday
T20190016329,2019-08-27,16:55:00,1,Collision with vehicle,2,Tuesday,113,RIGHT NEAR (INTERSECTIONS ONLY),1,54051,T intersection,2,80,Arterial Highway,PRINCES,LATROBE,-38.21803,146.47566,2019,8,August,16,Afternoon Peak,Weekday
T20190020106,2019-08-27,08:30:00,1,Collision with vehicle,2,Tuesday,131,LEFT REAR,1,49321,Cross intersection,3,60,Arterial Other,CONDON,BENDIGO,-36.773247,144.30522,2019,8,August,8,Morning Peak,Weekday
T20190016317,2019-08-27,10:00:00,1,Collision with vehicle,2,Tuesday,130,REAR END(VEHICLES IN SAME LANE),1,36221,Not at intersection,3,70,Arterial Other,ROYAL,MELBOURNE,-37.792553,144.95845,2019,8,August,10,Midday,Weekday
T20190016385,2019-08-27,13:14:00,1,Collision with vehicle,2,Tuesday,110,CROSS TRAFFIC(INTERSECTIONS ONLY),1,293113,Cross intersection,3,50,Local Road,HAINES,WYNDHAM,-37.88799,144.61354,2019,8,August,13,Midday,Weekday
T20190016316,2019-08-27,07:00:00,5,collision with some other object,2,Tuesday,166,STRUCK OBJECT ON CARRIAGEWAY,1,581125,Cross intersection,2,100,Freeway,WESTERN RING,BRIMBANK,-37.781578,144.79126,2019,8,August,7,Morning Peak,Weekday
T20190016339,2019-08-27,18:36:00,1,Collision with vehicle,2,Tuesday,130,REAR END(VEHICLES IN SAME LANE),3,584808,Cross intersection,2,60,Local Road,HIGH,MELTON,-37.68559,144.54985,2019,8,August,18,Afternoon Peak,Weekday
T20190016311,2019-08-27,08:46:00,1,Collision with vehicle,2,Tuesday,130,REAR END(VEHICLES IN SAME LANE),1,608721,Not at intersection,2,60,Arterial Other,SUNSHINE,MARIBYRNONG,-37.80061,144.87154,2019,8,August,8,Morning Peak,Weekday
T20190016308,2019-08-27,10:23:00,1,Collision with vehicle,2,Tuesday,130,REAR END(VEHICLES IN SAME LANE),1,584536,Not at intersection,3,100,Arterial Highway,WESTERN,PYRENEES,-37.432808,143.44159,2019,8,August,10,Midday,Weekday
T20190016828,2019-08-27,16:00:00,1,Collision with vehicle,2,Tuesday,135,LANE CHANGE LEFT (NOT OVERTAKING),1,599027,Not at intersection,3,40,Arterial Other,GLENFERRIE,BOROONDARA,-37.8159,145.0366,2019,8,August,16,Afternoon Peak,Weekday
T20190019389,2019-08-27,15:25:00,1,Collision with vehicle,2,Tuesday,130,REAR END(VEHICLES IN SAME LANE),1,591506,Not at intersection,3,40,Arterial Other,BURKE,BOROONDARA,-37.82154,145.05856,2019,8,August,15,Afternoon Peak,Weekday
T20190016502,2019-08-27,08:30:00,1,Collision with vehicle,2,Tuesday,121,RIGHT THROUGH,1,36379,T intersection,3,50,Local Road,PELHAM,MELBOURNE,-37.803146,144.96956,2019,8,August,8,Morning Peak,Weekday
T20190016556,2019-08-27,15:15:00,1,Collision with vehicle,2,Tuesday,130,REAR END(VEHICLES IN SAME LANE),1,589730,Multiple intersection,3,60,Local Road,COLLEGE,MELBOURNE,-37.79298,144.96452,2019,8,August,15,Afternoon Peak,Weekday
T20190016557,2019-08-27,15:16:00,2,Struck Pedestrian,2,Tuesday,107,PED ON FOOTHPATH STRUCK BY VEHENTERING/LEAVING DRIVEWAY.,1,591252,Not at intersection,3,60,Local Road,WILLIAMSON,MARIBYRNONG,-37.77545,144.88461,2019,8,August,15,Afternoon Peak,Weekday
T20190016327,2019-08-27,16:40:00,1,Collision with vehicle,2,Tuesday,110,CROSS TRAFFIC(INTERSECTIONS ONLY),1,40625,Cross intersection,3,60,Arterial Other,HIGH STREET,MONASH,-37.866913,145.10266,2019,8,August,16,Afternoon Peak,Weekday
T20190017129,2019-08-27,07:58:00,1,Collision with vehicle,2,Tuesday,130,REAR END(VEHICLES IN SAME LANE),1,615283,Not at intersection,3,100,Freeway,METROPOLITAN RING,HUME,-37.690918,144.9717,2019,8,August,7,Morning Peak,Weekday
T20190016335,2019-08-27,18:55:00,1,Collision with vehicle,2,Tuesday,132,RIGHT REAR.,3,588425,Not at intersection,3,60,Arterial Other,KINGSTON,KINGSTON,-37.95344,145.079,2019,8,August,18,Afternoon Peak,Weekday
T20190016344,2019-08-27,05:30:00,1,Collision with vehicle,2,Tuesday,120,HEAD ON (NOT OVERTAKING),5,593024,Not at intersection,2,70,Local Road,TINDALS,MANNINGHAM,-37.768288,145.19987,2019,8,August,5,Morning Peak,Weekday
T20190016478,2019-08-27,20:00:00,8,No collision and no object struck,2,Tuesday,184,OUT OF CONTROL ON CARRIAGEWAY (ON BEND),2,593163,Not at intersection,2,80,Local Road,MACINTYRE,YARRA RANGES,-37.69099,145.37526,2019,8,August,20,Night,Weekday
T20190018536,2019-08-27,17:00:00,1,Collision with vehicle,2,Tuesday,110,CROSS TRAFFIC(INTERSECTIONS ONLY),1,53302,Cross intersection,2,60,Arterial Highway,NORTH,MONASH,-37.91429,145.12431,2019,8,August,17,Afternoon Peak,Weekday
T20190016382,2019-08-27,16:53:00,1,Collision with vehicle,2,Tuesday,111,RIGHT FAR (INTERSECTIONS ONLY),1,53208,Cross intersection,2,70,Arterial Highway,BELLARINE,GEELONG,-38.18918,144.4643,2019,8,August,16,Afternoon Peak,Weekday
T20190016811,2019-08-28,17:45:00,4,Collision with a fixed object,3,Wednesday,171,LEFT OFF CARRIAGEWAY INTO OBJECT/PARKED VEHICLE,2,582291,Not at intersection,3,100,Local Road,HIGHLANDS,MITCHELL,-37.0661,145.34212,2019,8,August,17,Afternoon Peak,Weekday
T20190016789,2019-08-28,15:30:00,1,Collision with vehicle,3,Wednesday,160,VEHICLE COLLIDES WITH VEHICLE PARKED ON LEFT OF ROAD,1,582289,Not at intersection,2,60,Local Road,RINGWOOD,MAROONDAH,-37.80763,145.22731,2019,8,August,15,Afternoon Peak,Weekday
T20190017719,2019-08-28,13:50:00,1,Collision with vehicle,3,Wednesday,130,REAR END(VEHICLES IN SAME LANE),1,40569,T intersection,3,60,Arterial Highway,WARRIGAL,WHITEHORSE,-37.853348,145.09511,2019,8,August,13,Midday,Weekday
T20190016391,2019-08-28,05:50:00,1,Collision with vehicle,3,Wednesday,130,REAR END(VEHICLES IN SAME LANE),2,595834,Not at intersection,3,100,Freeway,WESTERN RING,BRIMBANK,-37.809372,144.80797,2019,8,August,5,Morning Peak,Weekday
T20190016581,2019-08-28,14:45:00,1,Collision with vehicle,3,Wednesday,130,REAR END(VEHICLES IN SAME LANE),1,11180,Cross intersection,3,80,Arterial Highway,SOUTH GIPPSLAND,CASEY,-38.050434,145.2576,2019,8,August,14,Midday,Weekday
T20190017825,2019-08-28,06:55:00,1,Collision with vehicle,3,Wednesday,130,REAR END(VEHICLES IN SAME LANE),2,602130,Not at intersection,3,80,Arterial Highway,MAROONDAH,YARRA RANGES,-37.761044,145.33409,2019,8,August,6,Morning Peak,Weekday
T20190017140,2019-08-28,13:19:00,1,Collision with vehicle,3,Wednesday,116,LEFT NEAR (INTERSECTIONS ONLY),1,583120,T intersection,3,50,Arterial Other,DORSET,MAROONDAH,-37.789394,145.29187,2019,8,August,13,Midday,Weekday
T20200015666,2019-08-28,13:45:00,1,Collision with vehicle,3,Wednesday,147,VEHICLE STRIKES ANOTHER VEH WHILE EMERGING FROM DRIVEWAY,1,660814,Not at intersection,3,50,Local Road,BRISTOL,SURF COAST,-38.3313,144.32036,2019,8,August,13,Midday,Weekday
T20190016416,2019-08-28,12:00:00,4,Collision with a fixed object,3,Wednesday,173,RIGHT OFF CARRIAGEWAY INTO OBJECT/PARKED VEHICLE,1,580843,Cross intersection,2,50,Local Road,CORTLAND,GEELONG,-38.18662,144.321,2019,8,August,12,Midday,Weekday
T20190016575,2019-08-28,05:25:00,5,collision with some other object,3,Wednesday,166,STRUCK OBJECT ON CARRIAGEWAY,5,581401,Not at intersection,3,90,Arterial Other,MORNINGTON-FLINDERS,MORNINGTON PENINSULA,-38.409775,144.99055,2019,8,August,5,Morning Peak,Weekday
T20190016355,2019-08-28,06:30:00,1,Collision with vehicle,3,Wednesday,119,OTHER ADJACENT (INTERSECTIONS ONLY),1,49588,T intersection,3,80,Arterial Other,GEELONG-BACCHUS MARSH,MOORABOOL,-37.77675,144.43636,2019,8,August,6,Morning Peak,Weekday
T20190016360,2019-08-28,06:15:00,4,Collision with a fixed object,3,Wednesday,171,LEFT OFF CARRIAGEWAY INTO OBJECT/PARKED VEHICLE,2,581126,Not at intersection,3,70,Arterial Other,DYNON,MELBOURNE,-37.80278,144.92639,2019,8,August,6,Morning Peak,Weekday
T20190016362,2019-08-28,07:25:00,1,Collision with vehicle,3,Wednesday,130,REAR END(VEHICLES IN SAME LANE),1,613829,Not at intersection,3,80,Freeway,CALDER,BRIMBANK,-37.71228,144.83139,2019,8,August,7,Morning Peak,Weekday
T20190016363,2019-08-28,08:15:00,1,Collision with vehicle,3,Wednesday,130,REAR END(VEHICLES IN SAME LANE),1,582837,Not at intersection,2,100,Arterial Other,CAMPERDOWN-COBDEN,CORANGAMITE,-38.29292,143.11763,2019,8,August,8,Morning Peak,Weekday
T20190016881,2019-08-28,05:15:00,1,Collision with vehicle,3,Wednesday,134,LANE CHANGE RIGHT (NOT OVERTAKING),5,582574,Not at intersection,3,100,Freeway,WESTERN RING,HUME,-37.698025,144.8978,2019,8,August,5,Morning Peak,Weekday
T20190016421,2019-08-28,17:58:00,1,Collision with vehicle,3,Wednesday,121,RIGHT THROUGH,3,64922,Cross intersection,3,60,Arterial Other,DONCASTER,BOROONDARA,-37.792095,145.0929,2019,8,August,17,Afternoon Peak,Weekday
T20190016542,2019-08-28,07:30:00,4,Collision with a fixed object,3,Wednesday,183,OFF LEFT BEND INTO OBJECT/PARKED VEHICLE,1,581399,T intersection,2,50,Local Road,MCBRIDE,CARDINIA,-37.935856,145.48901,2019,8,August,7,Morning Peak,Weekday
T20190016425,2019-08-28,18:15:00,1,Collision with vehicle,3,Wednesday,130,REAR END(VEHICLES IN SAME LANE),3,586732,Not at intersection,3,60,Arterial Other,WATTLETREE,STONNINGTON,-37.863136,145.03415,2019,8,August,18,Afternoon Peak,Weekday
T20190016428,2019-08-28,21:17:00,1,Collision with vehicle,3,Wednesday,142,LEAVING PARKING,3,581130,Not at intersection,2,60,Local Road,THOMAS,GLEN EIRA,-37.90678,145.02515,2019,8,August,21,Night,Weekday
T20190016431,2019-08-28,19:54:00,2,Struck Pedestrian,3,Wednesday,102,FAR SIDE. PED HIT BY VEHICLE FROM THE LEFT,3,221489,Cross intersection,3,60,Arterial Other,SYDNEY,MORELAND,-37.71869,144.963,2019,8,August,19,Night,Weekday
T20190016432,2019-08-28,21:23:00,1,Collision with vehicle,3,Wednesday,121,RIGHT THROUGH,3,39038,T intersection,3,60,Arterial Other,BURKE,BOROONDARA,-37.815884,145.05965,2019,8,August,21,Night,Weekday
T20190016435,2019-08-28,17:50:00,1,Collision with vehicle,3,Wednesday,110,CROSS TRAFFIC(INTERSECTIONS ONLY),2,44586,Cross intersection,3,60,Arterial Other,STURT,BALLARAT,-37.560543,143.84445,2019,8,August,17,Afternoon Peak,Weekday
T20190016436,2019-08-28,18:05:00,2,Struck Pedestrian,3,Wednesday,100,PED NEAR SIDE. PED HIT BY VEHICLE FROM THE RIGHT.,1,49229,Cross intersection,2,60,Arterial Highway,FIFTEENTH,MILDURA,-34.21099,142.14137,2019,8,August,18,Afternoon Peak,Weekday
T20190016438,2019-08-28,19:20:00,1,Collision with vehicle,3,Wednesday,116,LEFT NEAR (INTERSECTIONS ONLY),3,595835,T intersection,3,60,Local Road,MT RIDLEY,HUME,-37.563763,144.89096,2019,8,August,19,Night,Weekday
T20190016420,2019-08-28,18:15:00,4,Collision with a fixed object,3,Wednesday,171,LEFT OFF CARRIAGEWAY INTO OBJECT/PARKED VEHICLE,5,582118,Not at intersection,2,100,Local Road,WILHELMINA FALLS,MURRINDINDI,-37.380795,145.52965,2019,8,August,18,Afternoon Peak,Weekday
T20190016459,2019-08-28,14:25:00,2,Struck Pedestrian,3,Wednesday,100,PED NEAR SIDE. PED HIT BY VEHICLE FROM THE RIGHT.,1,53254,Cross intersection,2,60,Arterial Other,PRINCES,LATROBE,-38.234753,146.43155,2019,8,August,14,Midday,Weekday
T20190016367,2019-08-28,11:00:00,1,Collision with vehicle,3,Wednesday,135,LANE CHANGE LEFT (NOT OVERTAKING),1,606038,Y intersection,2,60,Arterial Other,CRANBOURNE,FRANKSTON,-38.146114,145.12538,2019,8,August,11,Midday,Weekday
T20190016370,2019-08-28,09:10:00,4,Collision with a fixed object,3,Wednesday,173,RIGHT OFF CARRIAGEWAY INTO OBJECT/PARKED VEHICLE,1,592904,Not at intersection,2,100,Arterial Highway,GOULBURN VALLEY,MITCHELL,-37.13795,145.233,2019,8,August,9,Morning Peak,Weekday
T20190016515,2019-08-28,16:48:00,1,Collision with vehicle,3,Wednesday,113,RIGHT NEAR (INTERSECTIONS ONLY),2,45287,T intersection,3,50,Arterial Other,LINCOLN,MOONEE VALLEY,-37.751476,144.90884,2019,8,August,16,Afternoon Peak,Weekday
T20190016389,2019-08-28,15:07:00,1,Collision with vehicle,3,Wednesday,130,REAR END(VEHICLES IN SAME LANE),1,44700,Cross intersection,3,50,Local Road,NELL,BANYULE,-37.707455,145.08328,2019,8,August,15,Afternoon Peak,Weekday
T20190017503,2019-08-28,10:30:00,1,Collision with vehicle,3,Wednesday,130,REAR END(VEHICLES IN SAME LANE),1,584004,Not at intersection,3,60,Freeway,EASTERN OUT-ELGAR,MANNINGHAM,-37.795494,145.11801,2019,8,August,10,Midday,Weekday
T20190016373,2019-08-28,11:21:00,1,Collision with vehicle,3,Wednesday,116,LEFT NEAR (INTERSECTIONS ONLY),1,593803,Cross intersection,2,80,Arterial Highway,BURWOOD,WHITEHORSE,-37.854755,145.16942,2019,8,August,11,Midday,Weekday
T20190016375,2019-08-28,10:00:00,6,Vehicle overturned (no collision),3,Wednesday,182,OFF CARRIAGEWAY ON LEFT BEND,1,583281,Not at intersection,2,80,Arterial Other,BONANG,EAST GIPPSLAND,-37.54392,148.53494,2019,8,August,10,Midday,Weekday
T20190016378,2019-08-28,06:30:00,1,Collision with vehicle,3,Wednesday,121,RIGHT THROUGH,1,11101,Cross intersection,3,60,Freeway,SEAFORD-FRANKSTON IN,FRANKSTON,-38.10867,145.13852,2019,8,August,6,Morning Peak,Weekday
T20190016408,2019-08-28,17:10:00,1,Collision with vehicle,3,Wednesday,121,RIGHT THROUGH,1,35514,Cross intersection,3,60,Arterial Other,MALVERN,STONNINGTON,-37.85466,145.05226,2019,8,August,17,Afternoon Peak,Weekday
T20190018683,2019-08-28,15:00:00,1,Collision with vehicle,3,Wednesday,113,RIGHT NEAR (INTERSECTIONS ONLY),1,45360,T intersection,3,40,Arterial Other,MARIBYRNONG,MOONEE VALLEY,-37.771584,144.91481,2019,8,August,15,Afternoon Peak,Weekday
T20190016387,2019-08-28,08:40:00,1,Collision with vehicle,3,Wednesday,143,ENTERING PARKING,1,582565,Not at intersection,3,40,Local Road,RATHDOWNE,YARRA,-37.78398,144.9728,2019,8,August,8,Morning Peak,Weekday
T20190016395,2019-08-28,15:20:00,2,Struck Pedestrian,3,Wednesday,101,PED EMERGES FROM IN FRONT OF PARKED OR STATIONARY VEHICLE,1,580842,Not at intersection,2,40,Local Road,FORDHOLM,CASEY,-38.034966,145.2617,2019,8,August,15,Afternoon Peak,Weekday
T20190016386,2019-08-28,12:50:00,1,Collision with vehicle,3,Wednesday,110,CROSS TRAFFIC(INTERSECTIONS ONLY),1,35412,Cross intersection,2,60,Arterial Highway,PUNT,STONNINGTON,-37.847256,144.98476,2019,8,August,12,Midday,Weekday
T20190016411,2019-08-28,18:16:00,2,Struck Pedestrian,3,Wednesday,102,FAR SIDE. PED HIT BY VEHICLE FROM THE LEFT,3,36688,Cross intersection,3,60,Arterial Other,HODDLE,YARRA,-37.790222,144.99483,2019,8,August,18,Afternoon Peak,Weekday
T20190016402,2019-08-28,12:10:00,1,Collision with vehicle,3,Wednesday,121,RIGHT THROUGH,1,588696,T intersection,3,60,Arterial Other,SURREY,WHITEHORSE,-37.801804,145.15956,2019,8,August,12,Midday,Weekday
T20190016413,2019-08-28,12:15:00,1,Collision with vehicle,3,Wednesday,130,REAR END(VEHICLES IN SAME LANE),1,659288,Not at intersection,3,70,Arterial Highway,SPRINGVALE,MONASH,-37.906338,145.1609,2019,8,August,12,Midday,Weekday
T20190016476,2019-08-28,18:30:00,1,Collision with vehicle,3,Wednesday,121,RIGHT THROUGH,3,39642,T intersection,3,60,Arterial Other,WARRANDYTE,MAROONDAH,-37.80454,145.2303,2019,8,August,18,Afternoon Peak,Weekday
T20190016477,2019-08-28,21:50:00,1,Collision with vehicle,3,Wednesday,163,VEHICLE STRIKES DOOR OF PARKED/STATIONARY VEHICLE,3,602434,Not at intersection,3,40,Local Road,LITTLE LONSDALE,MELBOURNE,-37.81002,144.96617,2019,8,August,21,Night,Weekday
T20190016650,2019-08-28,08:00:00,1,Collision with vehicle,3,Wednesday,130,REAR END(VEHICLES IN SAME LANE),1,61018,Cross intersection,3,60,Arterial Highway,HERTFORD STREET -SMYTHES,BALLARAT,-37.5874,143.82599,2019,8,August,8,Morning Peak,Weekday
T20190016847,2019-08-28,08:15:00,1,Collision with vehicle,3,Wednesday,130,REAR END(VEHICLES IN SAME LANE),1,613834,Not at intersection,3,80,Freeway,WEST GATE,HOBSONS BAY,-37.825493,144.82896,2019,8,August,8,Morning Peak,Weekday
T20190016652,2019-08-28,10:50:00,1,Collision with vehicle,3,Wednesday,130,REAR END(VEHICLES IN SAME LANE),1,581652,Not at intersection,3,70,Arterial Highway,FRANKSTON-DANDENONG,FRANKSTON,-38.095436,145.17581,2019,8,August,10,Midday,Weekday
T20190019193,2019-08-29,08:30:00,1,Collision with vehicle,4,Thursday,147,VEHICLE STRIKES ANOTHER VEH WHILE EMERGING FROM DRIVEWAY,1,655893,Not at intersection,3,40,Local Road,QUARRY,FRANKSTON,-38.14436,145.20465,2019,8,August,8,Morning Peak,Weekday
T20190016499,2019-08-29,14:06:00,1,Collision with vehicle,4,Thursday,110,CROSS TRAFFIC(INTERSECTIONS ONLY),1,30323,Cross intersection,3,60,Arterial Other,MACEDON,HUME,-37.581055,144.73676,2019,8,August,14,Midday,Weekday
T20190016494,2019-08-29,13:20:00,1,Collision with vehicle,4,Thursday,136,RIGHT TURN SIDESWIPE,1,583706,Not at intersection,2,50,Local Road,LONSDALE,MELBOURNE,-37.81352,144.958,2019,8,August,13,Midday,Weekday
T20190016510,2019-08-29,17:45:00,1,Collision with vehicle,4,Thursday,116,LEFT NEAR (INTERSECTIONS ONLY),2,52612,T intersection,3,50,Arterial Highway,MCPHERSON,HORSHAM,-36.713436,142.20491,2019,8,August,17,Afternoon Peak,Weekday
T20190016519,2019-08-29,19:35:00,1,Collision with vehicle,4,Thursday,121,RIGHT THROUGH,3,8494,Cross intersection,2,60,Arterial Highway,NEPEAN,KINGSTON,-37.982178,145.07137,2019,8,August,19,Night,Weekday
T20190016649,2019-08-29,17:12:00,1,Collision with vehicle,4,Thursday,147,VEHICLE STRIKES ANOTHER VEH WHILE EMERGING FROM DRIVEWAY,2,585886,Not at intersection,3,60,Arterial Other,CLAYTON,MONASH,-37.921837,145.12036,2019,8,August,17,Afternoon Peak,Weekday
T20190016528,2019-08-29,21:05:00,4,Collision with a fixed object,4,Thursday,181,OFF RIGHT BEND INTO OBJECT/PARKED VEHICLE,5,585885,Not at intersection,2,100,Arterial Other,BULLUMWAAL,EAST GIPPSLAND,-37.776245,147.59848,2019,8,August,21,Night,Weekday
T20190016564,2019-08-29,21:46:00,2,Struck Pedestrian,4,Thursday,102,FAR SIDE. PED HIT BY VEHICLE FROM THE LEFT,3,593287,T intersection,1,80,Arterial Highway,WELLINGTON,MONASH,-37.91568,145.13455,2019,8,August,21,Night,Weekday
T20220022831,2019-08-29,05:55:00,1,Collision with vehicle,4,Thursday,120,HEAD ON (NOT OVERTAKING),5,728819,Not at intersection,2,60,Local Road,BOUNDARY,MELTON,-37.80537,144.699,2019,8,August,5,Morning Peak,Weekday
T20190016993,2019-08-29,19:00:00,1,Collision with vehicle,4,Thursday,113,RIGHT NEAR (INTERSECTIONS ONLY),1,51903,Cross intersection,3,80,Arterial Highway,MIDLAND,BENDIGO,-36.695965,144.3179,2019,8,August,19,Night,Weekday