ACCIDENT_NO,ACCIDENT_DATE,ACCIDENT_TIME,ACCIDENT_TYPE,ACCIDENT_TYPE_DESC,DAY_OF_WEEK,DAY_WEEK_DESC,DCA_CODE,DCA_DESC,LIGHT_CONDITION,NODE_ID,ROAD_GEOMETRY_DESC,SEVERITY,SPEED_ZONE,RMA,ROAD_NAME,LGA_NAME,LATITUDE,LONGITUDE,YEAR,MONTH,MONTH_NAME,HOUR,TIME_PERIOD,DAY_TYPE
T20190016899,2019-08-29,14:00:00,1,Collision with vehicle,4,Thursday,130,REAR END(VEHICLES IN SAME LANE),1,661566,Not at intersection,3,100,Freeway,MONASH,MONASH,-37.92109,145.17487,2019,8,August,14,Midday,Weekday
T20190016474,2019-08-29,10:30:00,1,Collision with vehicle,4,Thursday,140,U TURN,1,583109,Not at intersection,2,80,Arterial Other,BAXTER-TOORADIN,FRANKSTON,-38.199375,145.19109,2019,8,August,10,Midday,Weekday
T20190017183,2019-08-29,08:05:00,1,Collision with vehicle,4,Thursday,130,REAR END(VEHICLES IN SAME LANE),1,583122,Not at intersection,3,80,Arterial Other,CANTERBURY,MAROONDAH,-37.824787,145.29272,2019,8,August,8,Morning Peak,Weekday
T20190016442,2019-08-29,00:20:00,4,Collision with a fixed object,4,Thursday,179,OTHER ACCIDENTS-OFF STRAIGHT NOT INCLUDED IN DCAs 170-175,3,607129,Not at intersection,2,60,Local Road,FAIRY,WARRNAMBOOL,-38.38361,142.47763,2019,8,August,0,Late Night,Weekday
T20190017997,2019-08-29,09:30:00,1,Collision with vehicle,4,Thursday,110,CROSS TRAFFIC(INTERSECTIONS ONLY),1,50722,Cross intersection,3,50,Local Road,KELP,WARRNAMBOOL,-38.387527,142.48697,2019,8,August,9,Morning Peak,Weekday
T20190016446,2019-08-29,00:58:00,8,No collision and no object struck,4,Thursday,172,OFF CARRIAGEWAY TO RIGHT,5,589219,Not at intersection,2,100,Freeway,SOUTH GIPPSLAND,CASEY,-37.997578,145.25264,2019,8,August,0,Late Night,Weekday
T20190016452,2019-08-29,02:06:00,4,Collision with a fixed object,4,Thursday,173,RIGHT OFF CARRIAGEWAY INTO OBJECT/PARKED VEHICLE,3,609306,Not at intersection,2,70,Local Road,REYNOLDS,MANNINGHAM,-37.765324,145.18407,2019,8,August,2,Late Night,Weekday
T20190021510,2019-08-29,08:30:00,1,Collision with vehicle,4,Thursday,130,REAR END(VEHICLES IN SAME LANE),1,604208,Not at intersection,3,60,Local Road,EXFORD,MELTON,-37.706787,144.57434,2019,8,August,8,Morning Peak,Weekday
T20190016458,2019-08-29,06:00:00,1,Collision with vehicle,4,Thursday,113,RIGHT NEAR (INTERSECTIONS ONLY),2,341923,T intersection,2,80,Local Road,KURRAJONG,CASEY,-38.00207,145.31175,2019,8,August,6,Morning Peak,Weekday
T20190016582,2019-08-29,13:22:00,1,Collision with vehicle,4,Thursday,152,PULLING OUT (OVERTAKING),1,599595,Not at intersection,3,100,Local Road,LYNNES,BASS COAST,-38.573494,145.71577,2019,8,August,13,Midday,Weekday
T20190016580,2019-08-29,21:30:00,1,Collision with vehicle,4,Thursday,130,REAR END(VEHICLES IN SAME LANE),3,590992,Not at intersection,3,60,Arterial Other,BLACKBURN,WHITEHORSE,-37.82177,145.15268,2019,8,August,21,Night,Weekday
T20190016453,2019-08-29,05:15:00,1,Collision with vehicle,4,Thursday,160,VEHICLE COLLIDES WITH VEHICLE PARKED ON LEFT OF ROAD,3,655890,Not at intersection,3,60,Arterial Highway,RAGLAN,WARRNAMBOOL,-38.38632,142.50444,2019,8,August,5,Morning Peak,Weekday
T20190016461,2019-08-29,07:55:00,1,Collision with vehicle,4,Thursday,113,RIGHT NEAR (INTERSECTIONS ONLY),1,38620,T intersection,2,80,Arterial Highway,GEELONG,MARIBYRNONG,-37.811897,144.86671,2019,8,August,7,Morning Peak,Weekday
T20190016531,2019-08-29,21:30:00,1,Collision with vehicle,4,Thursday,121,RIGHT THROUGH,3,43240,T intersection,2,60,Arterial Highway,NEPEAN,KINGSTON,-38.049194,145.11444,2019,8,August,21,Night,Weekday
T20190016469,2019-08-29,07:56:00,1,Collision with vehicle,4,Thursday,153,CUTTING IN (OVERTAKING),1,581397,Multiple intersection,2,80,Arterial Highway,SPRINGVALE,MONASH,-37.917248,145.15897,2019,8,August,7,Morning Peak,Weekday
T20190016509,2019-08-29,17:36:00,1,Collision with vehicle,4,Thursday,131,LEFT REAR,1,29790,Cross intersection,2,70,Local Road,SAYERS,WYNDHAM,-37.84638,144.66946,2019,8,August,17,Afternoon Peak,Weekday
T20190016552,2019-08-29,15:15:00,1,Collision with vehicle,4,Thursday,113,RIGHT NEAR (INTERSECTIONS ONLY),1,68803,T intersection,3,60,Arterial Other,MURRUMBEENA,GLEN EIRA,-37.896225,145.06529,2019,8,August,15,Afternoon Peak,Weekday
T20190019831,2019-08-29,18:44:00,1,Collision with vehicle,4,Thursday,130,REAR END(VEHICLES IN SAME LANE),6,53113,Cross intersection,3,60,Arterial Highway,ALBERT STREET -SKIPTON,BALLARAT,-37.58226,143.84088,2019,8,August,18,Afternoon Peak,Weekday
T20190016522,2019-08-29,19:00:00,2,Struck Pedestrian,4,Thursday,100,PED NEAR SIDE. PED HIT BY VEHICLE FROM THE RIGHT.,3,588427,T intersection,2,50,Local Road,YALE,DANDENONG,-37.999527,145.1516,2019,8,August,19,Night,Weekday
T20190016524,2019-08-29,21:15:00,1,Collision with vehicle,4,Thursday,147,VEHICLE STRIKES ANOTHER VEH WHILE EMERGING FROM DRIVEWAY,3,655891,Not at intersection,3,60,Arterial Other,HEREFORD,YARRA RANGES,-37.7836,145.38223,2019,8,August,21,Night,Weekday
T20190016525,2019-08-29,15:30:00,1,Collision with vehicle,4,Thursday,116,LEFT NEAR (INTERSECTIONS ONLY),1,43935,T intersection,3,80,Arterial Highway,SOUTH GIPPSLAND,CASEY,-38.159912,145.31857,2019,8,August,15,Afternoon Peak,Weekday
T20190016503,2019-08-29,15:50:00,6,Vehicle overturned (no collision),4,Thursday,174,OUT OF CONTROL ON CARRIAGEWAY (ON STRAIGHT),1,614109,Not at intersection,3,100,Local Road,MADDERNS,MOORABOOL,-37.49804,143.9651,2019,8,August,15,Afternoon Peak,Weekday
T20190016470,2019-08-29,08:30:00,1,Collision with vehicle,4,Thursday,120,HEAD ON (NOT OVERTAKING),1,588137,Not at intersection,2,70,Arterial Other,WATTLETREE,NILLUMBIK,-37.69086,145.14537,2019,8,August,8,Morning Peak,Weekday
T20190016501,2019-08-29,15:30:00,1,Collision with vehicle,4,Thursday,113,RIGHT NEAR (INTERSECTIONS ONLY),1,614108,T intersection,2,60,Arterial Other,HEATHERTON,DANDENONG,-37.968033,145.19815,2019,8,August,15,Afternoon Peak,Weekday
T20190016500,2019-08-29,15:23:00,1,Collision with vehicle,4,Thursday,134,LANE CHANGE RIGHT (NOT OVERTAKING),1,622016,Not at intersection,2,70,Arterial Other,MAHONEYS,DAREBIN,-37.6922,144.97037,2019,8,August,15,Afternoon Peak,Weekday
T20190016742,2019-08-29,11:30:00,1,Collision with vehicle,4,Thursday,147,VEHICLE STRIKES ANOTHER VEH WHILE EMERGING FROM DRIVEWAY,1,582287,Not at intersection,3,40,Local Road,STILT,GEELONG,-38.030224,144.37701,2019,8,August,11,Midday,Weekday
T20190017553,2019-08-29,14:18:00,1,Collision with vehicle,4,Thursday,134,LANE CHANGE RIGHT (NOT OVERTAKING),9,603330,T intersection,3,50,Local Road,WOKING,HUME,-37.60794,144.92719,2019,8,August,14,Midday,Weekday
T20190025723,2019-08-29,20:00:00,1,Collision with vehicle,4,Thursday,121,RIGHT THROUGH,3,222131,T intersection,3,60,Arterial Highway,HENTY,GLENELG,-38.356537,141.6112,2019,8,August,20,Night,Weekday
T20190016803,2019-08-29,06:05:00,1,Collision with vehicle,4,Thursday,121,RIGHT THROUGH,3,47382,Cross intersection,3,60,Freeway,WESTERN IN-COBURNS,MELTON,-37.68815,144.56744,2019,8,August,6,Morning Peak,Weekday
T20190021941,2019-08-29,11:28:00,4,Collision with a fixed object,4,Thursday,171,LEFT OFF CARRIAGEWAY INTO OBJECT/PARKED VEHICLE,1,661570,Not at intersection,3,100,Freeway,HAMILTON-GEELONG RING IN,GEELONG,-38.140034,144.29514,2019,8,August,11,Midday,Weekday
T20190016532,2019-08-29,20:20:00,1,Collision with vehicle,4,Thursday,110,CROSS TRAFFIC(INTERSECTIONS ONLY),3,245178,Cross intersection,2,60,Local Road,LAWRENCE,WODONGA,-36.123135,146.87814,2019,8,August,20,Night,Weekday
T20190016480,2019-08-29,13:00:00,1,Collision with vehicle,4,Thursday,136,RIGHT TURN SIDESWIPE,1,8477,T intersection,2,60,Arterial Other,BEACH,BAYSIDE,-37.96842,145.01213,2019,8,August,13,Midday,Weekday
T20190016514,2019-08-29,16:53:00,1,Collision with vehicle,4,Thursday,133,LANE SIDE SWIPE (VEHICLES IN PARALLEL LANES),1,581398,Not at intersection,3,100,Freeway,EASTERN,MANNINGHAM,-37.791286,145.10611,2019,8,August,16,Afternoon Peak,Weekday
T20190016481,2019-08-29,12:10:00,4,Collision with a fixed object,4,Thursday,171,LEFT OFF CARRIAGEWAY INTO OBJECT/PARKED VEHICLE,1,581134,Not at intersection,2,50,Arterial Other,SHANNON,GEELONG,-38.138916,144.3367,2019,8,August,12,Midday,Weekday
T20190016485,2019-08-29,13:05:00,1,Collision with vehicle,4,Thursday,130,REAR END(VEHICLES IN SAME LANE),1,599594,Not at intersection,3,60,Arterial Other,MITCHELL,MARIBYRNONG,-37.781654,144.86937,2019,8,August,13,Midday,Weekday
T20190016489,2019-08-29,13:09:00,1,Collision with vehicle,4,Thursday,110,CROSS TRAFFIC(INTERSECTIONS ONLY),1,50992,Cross intersection,2,60,Arterial Highway,NUMURKAH ROAD -WYNDHAM,SHEPPARTON,-36.366673,145.40224,2019,8,August,13,Midday,Weekday
T20190016490,2019-08-29,08:00:00,1,Collision with vehicle,4,Thursday,135,LANE CHANGE LEFT (NOT OVERTAKING),1,35468,T intersection,3,60,Arterial Other,MIDDLEBOROUGH,WHITEHORSE,-37.825924,145.13715,2019,8,August,8,Morning Peak,Weekday
T20190016622,2019-08-30,16:30:00,1,Collision with vehicle,5,Friday,130,REAR END(VEHICLES IN SAME LANE),1,589473,Not at intersection,3,80,Arterial Highway,PRINCES,CASEY,-38.022926,145.3021,2019,8,August,16,Afternoon Peak,Weekday
T20190016591,2019-08-30,15:26:00,4,Collision with a fixed object,5,Friday,151,OUT OF CONTROL (OVERTAKING),1,598642,Not at intersection,1,40,Arterial Other,SPENCER,MELBOURNE,-37.816998,144.9532,2019,8,August,15,Afternoon Peak,Weekday
T20190019500,2019-08-30,16:08:00,1,Collision with vehicle,5,Friday,130,REAR END(VEHICLES IN SAME LANE),1,656059,Not at intersection,3,80,Arterial Highway,BURWOOD,KNOX,-37.889114,145.29755,2019,8,August,16,Afternoon Peak,Weekday
T20190016543,2019-08-30,09:00:00,4,Collision with a fixed object,5,Friday,146,REVERSING INTO FIXED OBJECT/PARKED VEHICLE,1,581400,Not at intersection,3,50,Local Road,CLARENDON,CASEY,-38.1053,145.28062,2019,8,August,9,Morning Peak,Weekday
T20190016539,2019-08-30,08:10:00,1,Collision with vehicle,5,Friday,130,REAR END(VEHICLES IN SAME LANE),1,585075,Not at intersection,3,60,Local Road,WESTWOOD,MELTON,-37.760757,144.75508,2019,8,August,8,Morning Peak,Weekday
T20190016621,2019-08-30,17:50:00,1,Collision with vehicle,5,Friday,121,RIGHT THROUGH,2,69981,T intersection,2,60,Local Road,BANDO,DANDENONG,-37.946117,145.14153,2019,8,August,17,Afternoon Peak,Weekday
T20190016619,2019-08-30,14:00:00,1,Collision with vehicle,5,Friday,130,REAR END(VEHICLES IN SAME LANE),1,61998,T intersection,3,60,Arterial Other,GRIMSHAW,BANYULE,-37.70096,145.06837,2019,8,August,14,Midday,Weekday
T20190016618,2019-08-30,16:25:00,1,Collision with vehicle,5,Friday,148,VEHICLE OFF FOOTPATH STRIKES VEH ON CARRIAGEWAY,1,579945,Not at intersection,3,60,Arterial Other,NICHOLSON,MELBOURNE,-37.795277,144.97534,2019,8,August,16,Afternoon Peak,Weekday
T20190016615,2019-08-30,17:57:00,1,Collision with vehicle,5,Friday,160,VEHICLE COLLIDES WITH VEHICLE PARKED ON LEFT OF ROAD,2,582839,Not at intersection,2,60,Local Road,STRICKLAND,BENDIGO,-36.746716,144.30719,2019,8,August,17,Afternoon Peak,Weekday
T20190016676,2019-08-30,15:40:00,1,Collision with vehicle,5,Friday,121,RIGHT THROUGH,1,614401,Not at intersection,2,80,Arterial Highway,HIGH,BENDIGO,-36.798416,144.24355,2019,8,August,15,Afternoon Peak,Weekday
T20190016764,2019-08-30,14:00:00,1,Collision with vehicle,5,Friday,111,RIGHT FAR (INTERSECTIONS ONLY),1,358716,Cross intersection,3,80,Arterial Other,HASTINGS,FRANKSTON,-38.15318,145.13275,2019,8,August,14,Midday,Weekday
T20190016555,2019-08-30,07:50:00,1,Collision with vehicle,5,Friday,110,CROSS TRAFFIC(INTERSECTIONS ONLY),1,44652,Cross intersection,3,60,Arterial Other,MILLER,BENDIGO,-36.76929,144.28862,2019,8,August,7,Morning Peak,Weekday
T20190016554,2019-08-30,11:00:00,6,Vehicle overturned (no collision),5,Friday,182,OFF CARRIAGEWAY ON LEFT BEND,1,64590,T intersection,3,60,Arterial Other,HEREFORD,YARRA RANGES,-37.784523,145.38208,2019,8,August,11,Midday,Weekday
T20190016553,2019-08-30,11:15:00,1,Collision with vehicle,5,Friday,132,RIGHT REAR.,1,37052,Cross intersection,3,70,Arterial Highway,HODDLE,YARRA,-37.809612,144.99138,2019,8,August,11,Midday,Weekday
T20190016589,2019-08-30,16:00:00,1,Collision with vehicle,5,Friday,111,RIGHT FAR (INTERSECTIONS ONLY),1,50800,T intersection,3,80,Arterial Highway,MURRAY VALLEY,MOIRA,-35.920456,145.64038,2019,8,August,16,Afternoon Peak,Weekday
T20190016533,2019-08-30,02:30:00,4,Collision with a fixed object,5,Friday,171,LEFT OFF CARRIAGEWAY INTO OBJECT/PARKED VEHICLE,3,588698,Not at intersection,3,60,Arterial Other,GLEN HUNTLY,BAYSIDE,-37.883305,144.99252,2019,8,August,2,Late Night,Weekday
T20190016588,2019-08-30,15:40:00,1,Collision with vehicle,5,Friday,130,REAR END(VEHICLES IN SAME LANE),1,583362,Not at intersection,3,80,Arterial Other,MELTON,BRIMBANK,-37.697353,144.78078,2019,8,August,15,Afternoon Peak,Weekday
T20190016609,2019-08-30,17:25:00,1,Collision with vehicle,5,Friday,121,RIGHT THROUGH,1,37803,Cross intersection,2,60,Arterial Other,NICHOLSON,MORELAND,-37.751534,144.97655,2019,8,August,17,Afternoon Peak,Weekday
T20190017311,2019-08-30,11:30:00,1,Collision with vehicle,5,Friday,142,LEAVING PARKING,9,583992,Not at intersection,3,50,Local Road,CLEMATIS,HUME,-37.644547,144.91847,2019,8,August,11,Midday,Weekday
T20190016657,2019-08-30,18:43:00,1,Collision with vehicle,5,Friday,132,RIGHT REAR.,3,582840,Not at intersection,3,40,Local Road,KECK,BENDIGO,-36.778008,144.29633,2019,8,August,18,Afternoon Peak,Weekday
T20190016635,2019-08-30,20:44:00,1,Collision with vehicle,5,Friday,121,RIGHT THROUGH,3,225656,Cross intersection,3,80,Arterial Highway,BURWOOD,KNOX,-37.868797,145.2352,2019,8,August,20,Night,Weekday
T20190016861,2019-08-30,16:28:00,1,Collision with vehicle,5,Friday,119,OTHER ADJACENT (INTERSECTIONS ONLY),1,593028,T intersection,2,60,Local Road,BETHANY,WYNDHAM,-37.85331,144.64969,2019,8,August,16,Afternoon Peak,Weekday
T20190016629,2019-08-30,20:52:00,1,Collision with vehicle,5,Friday,134,LANE CHANGE RIGHT (NOT OVERTAKING),3,592015,Not at intersection,3,60,Arterial Highway,KINGS,PORT PHILLIP,-37.82911,144.96336,2019,8,August,20,Night,Weekday
T20190016639,2019-08-30,23:10:00,1,Collision with vehicle,5,Friday,132,RIGHT REAR.,3,308783,Cross intersection,3,80,Arterial Highway,DINGLEY,KINGSTON,-37.95942,145.11278,2019,8,August,23,Night,Weekday
T20190016651,2019-08-30,14:20:00,4,Collision with a fixed object,5,Friday,181,OFF RIGHT BEND INTO OBJECT/PARKED VEHICLE,1,594427,Not at intersection,2,100,Arterial Other,STEIGLITZ,GOLDEN PLAINS,-37.922024,144.1715,2019,8,August,14,Midday,Weekday
T20190017250,2019-08-30,22:56:00,4,Collision with a fixed object,5,Friday,171,LEFT OFF CARRIAGEWAY INTO OBJECT/PARKED VEHICLE,5,614404,Not at intersection,3,60,Arterial Other,SAND,BAW BAW,-38.098934,145.77321,2019,8,August,22,Night,Weekday
T20190016536,2019-08-30,07:25:00,1,Collision with vehicle,5,Friday,113,RIGHT NEAR (INTERSECTIONS ONLY),1,303095,T intersection,2,80,Arterial Highway,BAXTER-TOORADIN ROAD -SOUTH GIPPSLAND,CASEY,-38.193108,145.35046,2019,8,August,7,Morning Peak,Weekday
T20190016624,2019-08-30,16:20:00,1,Collision with vehicle,5,Friday,121,RIGHT THROUGH,1,260158,Not at intersection,3,60,Arterial Other,COBURNS,MELTON,-37.68635,144.56778,2019,8,August,16,Afternoon Peak,Weekday
T20190019905,2019-08-30,16:30:00,1,Collision with vehicle,5,Friday,130,REAR END(VEHICLES IN SAME LANE),2,38544,Cross intersection,3,60,Local Road,CITY,BRIMBANK,-37.78868,144.8316,2019,8,August,16,Afternoon Peak,Weekday
T20190018045,2019-08-30,18:14:00,1,Collision with vehicle,5,Friday,113,RIGHT NEAR (INTERSECTIONS ONLY),2,66426,T intersection,2,50,Local Road,GRAHAM,BOROONDARA,-37.82775,145.0546,2019,8,August,18,Afternoon Peak,Weekday
T20190016608,2019-08-30,15:15:00,1,Collision with vehicle,5,Friday,130,REAR END(VEHICLES IN SAME LANE),1,658210,Unknown,2,80,Freeway,MONASH,STONNINGTON,-37.849953,145.04906,2019,8,August,15,Afternoon Peak,Weekday
T20190016606,2019-08-30,17:12:00,1,Collision with vehicle,5,Friday,130,REAR END(VEHICLES IN SAME LANE),1,581650,T intersection,2,60,Local Road,ASHLEIGH,FRANKSTON,-38.14118,145.14774,2019,8,August,17,Afternoon Peak,Weekday
T20190016605,2019-08-30,16:30:00,1,Collision with vehicle,5,Friday,130,REAR END(VEHICLES IN SAME LANE),1,583363,T intersection,3,60,Arterial Other,MIDDLEBOROUGH,WHITEHORSE,-37.812065,145.14005,2019,8,August,16,Afternoon Peak,Weekday
T20190016603,2019-08-30,16:02:00,1,Collision with vehicle,5,Friday,130,REAR END(VEHICLES IN SAME LANE),1,589731,Not at intersection,2,60,Local Road,TAYLORS,MELTON,-37.724705,144.757,2019,8,August,16,Afternoon Peak,Weekday
T20190016602,2019-08-30,19:11:00,1,Collision with vehicle,5,Friday,130,REAR END(VEHICLES IN SAME LANE),6,650515,Not at intersection,3,80,Arterial Other,NARRE WARREN NORTH,CASEY,-37.98968,145.31427,2019,8,August,19,Night,Weekday
T20190016601,2019-08-30,17:00:00,2,Struck Pedestrian,5,Friday,100,PED NEAR SIDE. PED HIT BY VEHICLE FROM THE RIGHT.,1,614400,T intersection,2,50,Local Road,CIVIC,WYNDHAM,-37.881992,144.69983,2019,8,August,17,Afternoon Peak,Weekday
T20190016598,2019-08-30,18:10:00,1,Collision with vehicle,5,Friday,148,VEHICLE OFF FOOTPATH STRIKES VEH ON CARRIAGEWAY,2,55642,T intersection,3,60,Local Road,BRIDGEWATER,HUME,-37.6114,144.92766,2019,8,August,18,Afternoon Peak,Weekday
T20190017387,2019-08-30,16:31:00,1,Collision with vehicle,5,Friday,121,RIGHT THROUGH,1,355572,T intersection,3,60,Arterial Highway,DANDENONG,MONASH,-37.924656,145.14331,2019,8,August,16,Afternoon Peak,Weekday
T20190016594,2019-08-30,15:28:00,1,Collision with vehicle,5,Friday,113,RIGHT NEAR (INTERSECTIONS ONLY),1,589472,Cross intersection,2,80,Arterial Other,FRANKSTON-FLINDERS,FRANKSTON,-38.184017,145.14188,2019,8,August,15,Afternoon Peak,Weekday
T20190016574,2019-08-30,13:00:00,1,Collision with vehicle,5,Friday,150,HEAD ON(OVERTAKING),1,62473,T intersection,2,60,Local Road,MATTHEWS,MOONEE VALLEY,-37.72057,144.89157,2019,8,August,13,Midday,Weekday
T20190016573,2019-08-30,12:09:00,2,Struck Pedestrian,5,Friday,107,PED ON FOOTHPATH STRUCK BY VEHENTERING/LEAVING DRIVEWAY.,1,614399,Multiple intersection,2,60,Arterial Other,JELLS,MONASH,-37.909374,145.1886,2019,8,August,12,Midday,Weekday
T20190016571,2019-08-30,13:57:00,1,Collision with vehicle,5,Friday,113,RIGHT NEAR (INTERSECTIONS ONLY),1,343771,Cross intersection,3,70,Arterial Highway,BULLEEN,MANNINGHAM,-37.776066,145.07881,2019,8,August,13,Midday,Weekday
T20190016567,2019-08-30,10:30:00,6,Vehicle overturned (no collision),5,Friday,149,OTHER MANOEUVRING NOT INCLUDED IN DCAs 140-148,1,582280,T intersection,3,50,Local Road,MORTON,MONASH,-37.862362,145.09886,2019,8,August,10,Midday,Weekday
T20190016559,2019-08-30,09:40:00,1,Collision with vehicle,5,Friday,120,HEAD ON (NOT OVERTAKING),1,582567,Not at intersection,3,100,Arterial Highway,STRZELECKI,LATROBE,-38.237926,146.34598,2019,8,August,9,Morning Peak,Weekday
T20190023898,2019-08-30,19:00:00,1,Collision with vehicle,5,Friday,130,REAR END(VEHICLES IN SAME LANE),3,44198,T intersection,3,80,Local Road,BULLA-DIGGERS REST,HUME,-37.630943,144.79266,2019,8,August,19,Night,Weekday
T20190017055,2019-08-30,18:00:00,1,Collision with vehicle,5,Friday,131,LEFT REAR,2,35433,T intersection,3,40,Arterial Highway,MAROONDAH,YARRA RANGES,-37.75708,145.34134,2019,8,August,18,Afternoon Peak,Weekday
T20190016623,2019-08-30,20:45:00,1,Collision with vehicle,5,Friday,130,REAR END(VEHICLES IN SAME LANE),3,581651,Not at intersection,3,60,Arterial Other,DUDLEY,MELBOURNE,-37.80859,144.95456,2019,8,August,20,Night,Weekday
T20190016691,2019-08-31,14:50:00,1,Collision with vehicle,6,Saturday,130,REAR END(VEHICLES IN SAME LANE),1,656153,Not at intersection,2,60,Arterial Highway,WARRIGAL,STONNINGTON,-37.888954,145.08897,2019,8,August,14,Midday,Weekend
T20190016690,2019-08-31,14:10:00,4,Collision with a fixed object,6,Saturday,181,OFF RIGHT BEND INTO OBJECT/PARKED VEHICLE,1,626443,Not at intersection,2,100,Arterial Other,KIEWA VALLEY,ALPINE,-36.41327,147.03687,2019,8,August,14,Midday,Weekend
T20190016685,2019-08-31,15:20:00,1,Collision with vehicle,6,Saturday,130,REAR END(VEHICLES IN SAME LANE),1,581653,Not at intersection,2,40,Local Road,HIGH,DAREBIN,-37.76454,144.99959,2019,8,August,15,Afternoon Peak,Weekend
T20190016682,2019-08-31,13:35:00,1,Collision with vehicle,6,Saturday,130,REAR END(VEHICLES IN SAME LANE),1,582011,Not at intersection,2,70,Freeway,WESTERN,MELTON,-37.739918,144.68715,2019,8,August,13,Midday,Weekend
T20190016681,2019-08-31,14:15:00,4,Collision with a fixed object,6,Saturday,183,OFF LEFT BEND INTO OBJECT/PARKED VEHICLE,1,41853,Cross intersection,2,60,Arterial Other,JELLS,MONASH,-37.899754,145.19043,2019,8,August,14,Midday,Weekend
T20190016680,2019-08-31,14:00:00,8,No collision and no object struck,6,Saturday,174,OUT OF CONTROL ON CARRIAGEWAY (ON STRAIGHT),1,581900,Not at intersection,2,80,Arterial Highway,GREAT OCEAN,SURF COAST,-38.499504,144.00896,2019,8,August,14,Midday,Weekend
T20190016720,2019-08-31,20:07:00,1,Collision with vehicle,6,Saturday,110,CROSS TRAFFIC(INTERSECTIONS ONLY),3,23933,Cross intersection,2,70,Local Road,BOARDWALK,WYNDHAM,-37.88459,144.73285,2019,8,August,20,Night,Weekend
T20190016678,2019-08-31,14:20:00,1,Collision with vehicle,6,Saturday,113,RIGHT NEAR (INTERSECTIONS ONLY),1,38462,T intersection,2,70,Local Road,BERESFORD,YARRA RANGES,-37.749676,145.33658,2019,8,August,14,Midday,Weekend
T20190016677,2019-08-31,11:34:00,4,Collision with a fixed object,6,Saturday,171,LEFT OFF CARRIAGEWAY INTO OBJECT/PARKED VEHICLE,1,656154,Not at intersection,3,100,Local Road,FORGE CREEK,EAST GIPPSLAND,-37.901466,147.64554,2019,8,August,11,Midday,Weekend
T20190016675,2019-08-31,10:35:00,1,Collision with vehicle,6,Saturday,173,RIGHT OFF CARRIAGEWAY INTO OBJECT/PARKED VEHICLE,1,304575,Not at intersection,2,60,Local Road,DUNNE,DAREBIN,-37.713947,145.03806,2019,8,August,10,Midday,Weekend
T20190016674,2019-08-31,10:50:00,1,Collision with vehicle,6,Saturday,121,RIGHT THROUGH,1,8477,T intersection,2,60,Arterial Other,BEACH,BAYSIDE,-37.96842,145.01213,2019,8,August,10,Midday,Weekend
T20190016671,2019-08-31,11:30:00,1,Collision with vehicle,6,Saturday,130,REAR END(VEHICLES IN SAME LANE),1,581899,Not at intersection,2,60,Arterial Other,BEACONSFIELD,PORT PHILLIP,-37.848618,144.95033,2019,8,August,11,Midday,Weekend
T20190016668,2019-08-31,09:30:00,1,Collision with vehicle,6,Saturday,113,RIGHT NEAR (INTERSECTIONS ONLY),1,53270,T intersection,2,60,Arterial Other,ANDERSON,BRIMBANK,-37.77911,144.82837,2019,8,August,9,Morning Peak,Weekend
T20190016665,2019-08-31,10:35:00,1,Collision with vehicle,6,Saturday,113,RIGHT NEAR (INTERSECTIONS ONLY),1,947,Cross intersection,2,80,Arterial Highway,MOOROODUC,FRANKSTON,-38.157513,145.13496,2019,8,August,10,Midday,Weekend
T20190016740,2019-08-31,11:08:00,1,Collision with vehicle,6,Saturday,132,RIGHT REAR.,1,42865,T intersection,3,60,Arterial Other,CENTRE DANDENONG,KINGSTON,-37.97978,145.12683,2019,8,August,11,Midday,Weekend
T20190019649,2019-08-31,00:35:00,3,Struck animal,6,Saturday,167,STRUCK ANIMAL,5,614701,Not at intersection,3,50,Local Road,HAM,BENDIGO,-36.792732,144.25452,2019,8,August,0,Late Night,Weekend
T20190017041,2019-08-31,15:30:00,1,Collision with vehicle,6,Saturday,137,LEFT TURN SIDESWIPE,1,41431,T intersection,2,40,Local Road,ARAWATTA,GLEN EIRA,-37.885193,145.05782,2019,8,August,15,Afternoon Peak,Weekend
T20190016953,2019-08-31,12:05:00,1,Collision with vehicle,6,Saturday,130,REAR END(VEHICLES IN SAME LANE),1,67673,T intersection,3,60,Arterial Other,SCORESBY,KNOX,-37.861614,145.26648,2019,8,August,12,Midday,Weekend
T20190016716,2019-08-31,05:30:00,4,Collision with a fixed object,6,Saturday,173,RIGHT OFF CARRIAGEWAY INTO OBJECT/PARKED VEHICLE,3,585887,Cross intersection,2,50,Local Road,CHALLENGER,GEELONG,-38.180855,144.39445,2019,8,August,5,Morning Peak,Weekend
T20190016661,2019-08-31,08:01:00,4,Collision with a fixed object,6,Saturday,173,RIGHT OFF CARRIAGEWAY INTO OBJECT/PARKED VEHICLE,1,93193,Not at intersection,2,80,Arterial Highway,SPRINGVALE,WHITEHORSE,-37.85112,145.16995,2019,8,August,8,Morning Peak,Weekend
T20190016662,2019-08-31,05:00:00,1,Collision with vehicle,6,Saturday,130,REAR END(VEHICLES IN SAME LANE),6,582283,Cross intersection,2,80,Arterial Other,ROBINSONS,MELTON,-37.799404,144.75212,2019,8,August,5,Morning Peak,Weekend
T20190016714,2019-08-31,14:45:00,4,Collision with a fixed object,6,Saturday,173,RIGHT OFF CARRIAGEWAY INTO OBJECT/PARKED VEHICLE,1,590994,Not at intersection,3,50,Local Road,GRAEME,SHEPPARTON,-36.389378,145.35432,2019,8,August,14,Midday,Weekend