ACCIDENT_NO,ACCIDENT_DATE,ACCIDENT_TIME,ACCIDENT_TYPE,ACCIDENT_TYPE_DESC,DAY_OF_WEEK,DAY_WEEK_DESC,DCA_CODE,DCA_DESC,LIGHT_CONDITION,NODE_ID,ROAD_GEOMETRY_DESC,SEVERITY,SPEED_ZONE,RMA,ROAD_NAME,LGA_NAME,LATITUDE,LONGITUDE,YEAR,MONTH,MONTH_NAME,HOUR,TIME_PERIOD,DAY_TYPE
T20190016715,2019-08-31,18:00:00,1,Collision with vehicle,6,Saturday,162,ACCIDENT OR BROKEN DOWN,5,582286,Not at intersection,3,80,Arterial Highway,PRINCES,DANDENONG,-37.96624,145.1938,2019,8,August,18,Afternoon Peak,Weekend
T20190022442,2019-08-31,13:00:00,6,Vehicle overturned (no collision),6,Saturday,174,OUT OF CONTROL ON CARRIAGEWAY (ON STRAIGHT),9,600788,Not at intersection,3,60,Arterial Other,VICTORIA,YARRA,-37.808754,144.98285,2019,8,August,13,Midday,Weekend
T20190016653,2019-08-31,06:00:00,6,Vehicle overturned (no collision),6,Saturday,174,OUT OF CONTROL ON CARRIAGEWAY (ON STRAIGHT),5,605342,Not at intersection,2,100,Arterial Highway,WESTERN,NORTHERN GRAMPIANS,-36.976837,142.6202,2019,8,August,6,Morning Peak,Weekend
T20190016648,2019-08-31,05:50:00,4,Collision with a fixed object,6,Saturday,171,LEFT OFF CARRIAGEWAY INTO OBJECT/PARKED VEHICLE,2,614689,Not at intersection,2,60,Local Road,COALVILLE,LATROBE,-38.207848,146.27338,2019,8,August,5,Morning Peak,Weekend
T20190016646,2019-08-31,05:00:00,4,Collision with a fixed object,6,Saturday,171,LEFT OFF CARRIAGEWAY INTO OBJECT/PARKED VEHICLE,3,597128,T intersection,2,80,Local Road,EXFORD,MELTON,-37.737644,144.57655,2019,8,August,5,Morning Peak,Weekend
T20190016641,2019-08-31,00:05:00,4,Collision with a fixed object,6,Saturday,171,LEFT OFF CARRIAGEWAY INTO OBJECT/PARKED VEHICLE,5,603033,Not at intersection,2,80,Local Road,INGLIS,CASEY,-38.02806,145.3759,2019,8,August,0,Late Night,Weekend
T20190016637,2019-08-31,00:08:00,4,Collision with a fixed object,6,Saturday,175,OFF END OF ROAD/T-INTERSECTION.,5,610012,Not at intersection,2,80,Local Road,ORRS,EAST GIPPSLAND,-37.79661,147.64041,2019,8,August,0,Late Night,Weekend
T20190016660,2019-08-31,09:09:00,1,Collision with vehicle,6,Saturday,130,REAR END(VEHICLES IN SAME LANE),1,590993,Not at intersection,2,100,Arterial Other,MONASH,LATROBE,-38.2983,146.41779,2019,8,August,9,Morning Peak,Weekend
T20190016984,2019-08-31,16:15:00,1,Collision with vehicle,6,Saturday,130,REAR END(VEHICLES IN SAME LANE),1,583283,Not at intersection,2,60,Arterial Other,STONY POINT,MORNINGTON PENINSULA,-38.360104,145.19745,2019,8,August,16,Afternoon Peak,Weekend
T20190016733,2019-08-31,21:00:00,4,Collision with a fixed object,6,Saturday,164,PERMANENT OBSTRUCTION ON CARRIAGEWAY,3,639043,Not at intersection,2,70,Local Road,LEAKES,WYNDHAM,-37.83257,144.67688,2019,8,August,21,Night,Weekend
T20190016853,2019-08-31,12:20:00,1,Collision with vehicle,6,Saturday,130,REAR END(VEHICLES IN SAME LANE),1,590253,Not at intersection,3,60,Arterial Other,MORELAND,MORELAND,-37.75699,144.97755,2019,8,August,12,Midday,Weekend
T20190016900,2019-08-31,14:00:00,1,Collision with vehicle,6,Saturday,131,LEFT REAR,1,38761,T intersection,3,80,Arterial Other,PLENTY,WHITTLESEA,-37.681843,145.06912,2019,8,August,14,Midday,Weekend
T20190017158,2019-08-31,14:40:00,4,Collision with a fixed object,6,Saturday,181,OFF RIGHT BEND INTO OBJECT/PARKED VEHICLE,1,583286,Not at intersection,3,80,Arterial Other,DON,YARRA RANGES,-37.704002,145.58084,2019,8,August,14,Midday,Weekend
T20190016958,2019-08-31,13:30:00,6,Vehicle overturned (no collision),6,Saturday,182,OFF CARRIAGEWAY ON LEFT BEND,1,582581,Not at intersection,2,100,Local Road,COLQUHOUN,EAST GIPPSLAND,-37.840103,147.99374,2019,8,August,13,Midday,Weekend
T20190016719,2019-08-31,20:00:00,2,Struck Pedestrian,6,Saturday,108,PED STRUCK WALKING TO/FROM OR BOARDING/ALIGHTING VEHICLE.,9,582119,T intersection,3,50,Local Road,WILKINSON,BANYULE,-37.750813,145.0365,2019,8,August,20,Night,Weekend
T20190016842,2019-08-31,15:00:00,1,Collision with vehicle,6,Saturday,130,REAR END(VEHICLES IN SAME LANE),1,583544,Not at intersection,3,80,Freeway,MORNINGTON PENINSULA OUT-THOMPSON,DANDENONG,-38.066742,145.15315,2019,8,August,15,Afternoon Peak,Weekend
T20190018462,2019-08-31,17:31:00,6,Vehicle overturned (no collision),6,Saturday,180,OFF CARRIAGEWAY ON RIGHT BEND,1,589104,Cross intersection,2,80,Arterial Other,ELTHAM-YARRA GLEN,NILLUMBIK,-37.695377,145.2149,2019,8,August,17,Afternoon Peak,Weekend
T20190016728,2019-08-31,23:24:00,1,Collision with vehicle,6,Saturday,139,OTHER SAME DIRECTION-MANOUEVRES NOT INCLUDED IN DCAs 130-137,3,631590,Not at intersection,2,80,Arterial Other,PRINCES,CARDINIA,-38.0563,145.38864,2019,8,August,23,Night,Weekend
T20190016727,2019-08-31,23:15:00,4,Collision with a fixed object,6,Saturday,171,LEFT OFF CARRIAGEWAY INTO OBJECT/PARKED VEHICLE,3,582568,Not at intersection,3,80,Arterial Other,SUNSHINE,BRIMBANK,-37.73755,144.82178,2019,8,August,23,Night,Weekend
T20190016724,2019-08-31,16:00:00,4,Collision with a fixed object,6,Saturday,173,RIGHT OFF CARRIAGEWAY INTO OBJECT/PARKED VEHICLE,2,655818,Not at intersection,2,100,Local Road,WONNANGATTA,WELLINGTON,-37.419567,147.12177,2019,8,August,16,Afternoon Peak,Weekend
T20190016723,2019-08-31,21:09:00,1,Collision with vehicle,6,Saturday,169,OTHER ON PATH,3,588701,Not at intersection,3,50,Local Road,WILMOTH,DAREBIN,-37.759235,145.01695,2019,8,August,21,Night,Weekend
T20190023036,2019-08-31,10:00:00,4,Collision with a fixed object,6,Saturday,171,LEFT OFF CARRIAGEWAY INTO OBJECT/PARKED VEHICLE,1,606843,Not at intersection,3,80,Freeway,EASTLINK IN-BURWOOD,KNOX,-37.861855,145.21103,2019,8,August,10,Midday,Weekend
T20190016705,2019-08-31,16:25:00,1,Collision with vehicle,6,Saturday,140,U TURN,1,624787,Not at intersection,3,60,Arterial Other,MAIN NEERIM,BAW BAW,-37.92738,145.96161,2019,8,August,16,Afternoon Peak,Weekend
T20190016704,2019-08-31,17:50:00,1,Collision with vehicle,6,Saturday,130,REAR END(VEHICLES IN SAME LANE),2,614691,Not at intersection,3,80,Freeway,WEST GATE,MELBOURNE,-37.82737,144.9624,2019,8,August,17,Afternoon Peak,Weekend
T20190016702,2019-08-31,00:10:00,4,Collision with a fixed object,6,Saturday,171,LEFT OFF CARRIAGEWAY INTO OBJECT/PARKED VEHICLE,3,614690,T intersection,2,60,Arterial Other,THOMPSON,CASEY,-38.07965,145.25536,2019,8,August,0,Late Night,Weekend
T20190016697,2019-08-31,14:11:00,1,Collision with vehicle,6,Saturday,130,REAR END(VEHICLES IN SAME LANE),1,581654,Not at intersection,3,60,Arterial Other,DALTON,WHITTLESEA,-37.683495,145.02951,2019,8,August,14,Midday,Weekend
T20190016695,2019-08-31,15:45:00,4,Collision with a fixed object,6,Saturday,175,OFF END OF ROAD/T-INTERSECTION.,1,593288,T intersection,3,50,Local Road,WHITMUIR,GLEN EIRA,-37.914673,145.02885,2019,8,August,15,Afternoon Peak,Weekend
T20190016792,2019-09-01,19:25:00,1,Collision with vehicle,7,Sunday,160,VEHICLE COLLIDES WITH VEHICLE PARKED ON LEFT OF ROAD,3,607508,Not at intersection,3,60,Arterial Other,STATION,GEELONG,-38.093105,144.36589,2019,9,September,19,Night,Weekend
T20190016818,2019-09-01,09:00:00,8,No collision and no object struck,7,Sunday,174,OUT OF CONTROL ON CARRIAGEWAY (ON STRAIGHT),1,582292,Not at intersection,3,100,Local Road,FINGER POST,MACEDON RANGES,-37.474495,144.47685,2019,9,September,9,Morning Peak,Weekend
T20190017382,2019-09-01,19:00:00,1,Collision with vehicle,7,Sunday,139,OTHER SAME DIRECTION-MANOUEVRES NOT INCLUDED IN DCAs 130-137,3,729091,Cross intersection,3,70,Arterial Other,THOMPSONS,MANNINGHAM,-37.770367,145.0993,2019,9,September,19,Night,Weekend
T20190016750,2019-09-01,10:55:00,1,Collision with vehicle,7,Sunday,112,LEFT FAR (INTERSECTIONS ONLY),1,35330,T intersection,2,60,Arterial Highway,MAIN,KINGSTON,-38.00755,145.08716,2019,9,September,10,Midday,Weekend
T20190016763,2019-09-01,10:49:00,4,Collision with a fixed object,7,Sunday,183,OFF LEFT BEND INTO OBJECT/PARKED VEHICLE,1,599321,Not at intersection,2,80,Arterial Other,SKENES CREEK,COLAC OTWAY,-38.68214,143.72113,2019,9,September,10,Midday,Weekend
T20190016829,2019-09-01,16:45:00,1,Collision with vehicle,7,Sunday,110,CROSS TRAFFIC(INTERSECTIONS ONLY),1,46818,Cross intersection,3,60,Arterial Other,CROYDON,MANNINGHAM,-37.760612,145.23418,2019,9,September,16,Afternoon Peak,Weekend
T20190016761,2019-09-01,14:00:00,1,Collision with vehicle,7,Sunday,130,REAR END(VEHICLES IN SAME LANE),1,652896,Not at intersection,3,80,Arterial Highway,DANDENONG,STONNINGTON,-37.884586,145.06631,2019,9,September,14,Midday,Weekend
T20190016759,2019-09-01,13:56:00,1,Collision with vehicle,7,Sunday,113,RIGHT NEAR (INTERSECTIONS ONLY),1,581901,Cross intersection,3,60,Local Road,MACKENZIE,BAYSIDE,-37.9722,145.05225,2019,9,September,13,Midday,Weekend
T20190016757,2019-09-01,13:00:00,1,Collision with vehicle,7,Sunday,160,VEHICLE COLLIDES WITH VEHICLE PARKED ON LEFT OF ROAD,1,582570,Not at intersection,2,60,Local Road,SPRINGFIELD,WHITEHORSE,-37.81134,145.16046,2019,9,September,13,Midday,Weekend
T20190016756,2019-09-01,11:00:00,4,Collision with a fixed object,7,Sunday,173,RIGHT OFF CARRIAGEWAY INTO OBJECT/PARKED VEHICLE,1,593550,Not at intersection,3,100,Arterial Other,TRARALGON-MAFFRA,LATROBE,-38.080845,146.60799,2019,9,September,11,Midday,Weekend
T20200005135,2019-09-01,21:34:00,2,Struck Pedestrian,7,Sunday,106,VEH STRIKES PED ON FOOTPATH/MEDIAN/TRAFFIC ISLAND.,3,655819,Not at intersection,3,50,Local Road,KARINGAL,FRANKSTON,-38.14574,145.1641,2019,9,September,21,Night,Weekend
T20190016734,2019-09-01,00:30:00,4,Collision with a fixed object,7,Sunday,173,RIGHT OFF CARRIAGEWAY INTO OBJECT/PARKED VEHICLE,5,582010,Not at intersection,3,100,Local Road,BADDAGINNIE-WARRENBAYNE,BENALLA,-36.629684,145.86627,2019,9,September,0,Late Night,Weekend
T20190018399,2019-09-01,11:15:00,1,Collision with vehicle,7,Sunday,121,RIGHT THROUGH,1,43542,T intersection,3,60,Local Road,MCCLELLAND,FRANKSTON,-38.159386,145.17001,2019,9,September,11,Midday,Weekend
T20190016773,2019-09-01,15:56:00,1,Collision with vehicle,7,Sunday,121,RIGHT THROUGH,1,582121,Not at intersection,2,50,Local Road,ASHLEY,DAREBIN,-37.71766,145.00215,2019,9,September,15,Afternoon Peak,Weekend
T20190016737,2019-09-01,03:10:00,4,Collision with a fixed object,7,Sunday,171,LEFT OFF CARRIAGEWAY INTO OBJECT/PARKED VEHICLE,3,226591,Not at intersection,2,60,Arterial Other,RACECOURSE,MELBOURNE,-37.787563,144.92397,2019,9,September,3,Late Night,Weekend
T20190016772,2019-09-01,11:15:00,6,Vehicle overturned (no collision),7,Sunday,180,OFF CARRIAGEWAY ON RIGHT BEND,1,584262,Not at intersection,3,100,Local Road,MCDONALDS,CARDINIA,-38.28471,145.60957,2019,9,September,11,Midday,Weekend
T20190016769,2019-09-01,15:10:00,2,Struck Pedestrian,7,Sunday,106,VEH STRIKES PED ON FOOTPATH/MEDIAN/TRAFFIC ISLAND.,1,582572,Not at intersection,2,50,Local Road,CATHIES,KNOX,-37.87648,145.21542,2019,9,September,15,Afternoon Peak,Weekend
T20200003359,2019-09-01,13:00:00,1,Collision with vehicle,7,Sunday,130,REAR END(VEHICLES IN SAME LANE),1,640963,Not at intersection,3,80,Arterial Other,FRANKSTON-FLINDERS,MORNINGTON PENINSULA,-38.194473,145.14838,2019,9,September,13,Midday,Weekend
T20190016754,2019-09-01,09:00:00,1,Collision with vehicle,7,Sunday,130,REAR END(VEHICLES IN SAME LANE),1,583111,Not at intersection,3,30,Local Road,WELLINGTON,YARRA,-37.798447,144.98749,2019,9,September,9,Morning Peak,Weekend
T20190016766,2019-09-01,14:05:00,1,Collision with vehicle,7,Sunday,120,HEAD ON (NOT OVERTAKING),1,43351,T intersection,2,70,Arterial Highway,NEPEAN,FRANKSTON,-38.129322,145.12424,2019,9,September,14,Midday,Weekend
T20190016775,2019-09-01,16:17:00,4,Collision with a fixed object,7,Sunday,181,OFF RIGHT BEND INTO OBJECT/PARKED VEHICLE,1,591381,Not at intersection,2,80,Arterial Other,KORUMBURRA-WONTHAGGI,SOUTH GIPPSLAND,-38.481766,145.75618,2019,9,September,16,Afternoon Peak,Weekend
T20190017724,2019-09-01,14:43:00,4,Collision with a fixed object,7,Sunday,181,OFF RIGHT BEND INTO OBJECT/PARKED VEHICLE,1,586466,Not at intersection,2,80,Arterial Other,MANSFIELD-WHITFIELD,MANSFIELD,-36.933353,146.21765,2019,9,September,14,Midday,Weekend
T20190016776,2019-09-01,17:30:00,1,Collision with vehicle,7,Sunday,110,CROSS TRAFFIC(INTERSECTIONS ONLY),2,350211,Cross intersection,3,80,Arterial Highway,DANDENONG,MONASH,-37.911423,145.1223,2019,9,September,17,Afternoon Peak,Weekend
T20190016777,2019-09-01,17:10:00,4,Collision with a fixed object,7,Sunday,171,LEFT OFF CARRIAGEWAY INTO OBJECT/PARKED VEHICLE,2,583113,Not at intersection,2,100,Arterial Other,LANG LANG-POOWONG,SOUTH GIPPSLAND,-38.34388,145.74881,2019,9,September,17,Afternoon Peak,Weekend
T20190016784,2019-09-01,19:45:00,1,Collision with vehicle,7,Sunday,160,VEHICLE COLLIDES WITH VEHICLE PARKED ON LEFT OF ROAD,3,588429,Not at intersection,3,50,Local Road,HAROLD,MORELAND,-37.706776,144.92473,2019,9,September,19,Night,Weekend
T20190016785,2019-09-01,15:00:00,4,Collision with a fixed object,7,Sunday,183,OFF LEFT BEND INTO OBJECT/PARKED VEHICLE,1,597946,Not at intersection,2,80,Local Road,SADLERS,CORANGAMITE,-38.236492,143.11012,2019,9,September,15,Afternoon Peak,Weekend
T20190016863,2019-09-02,08:35:00,1,Collision with vehicle,1,Monday,143,ENTERING PARKING,1,597015,Not at intersection,3,40,Arterial Other,CENTRE,GLEN EIRA,-37.92283,145.07236,2019,9,September,8,Morning Peak,Weekday
T20190016821,2019-09-02,13:50:00,2,Struck Pedestrian,1,Monday,109,ANY MANOEUVRE INVOLVING PED NOT INCLUDED IN DCAs 100-108.,1,583365,Not at intersection,3,50,Local Road,KING EDWARD,GANNAWARRA,-35.810074,144.22095,2019,9,September,13,Midday,Weekday
T20190016865,2019-09-02,16:50:00,1,Collision with vehicle,1,Monday,140,U TURN,2,593029,Not at intersection,3,40,Local Road,QUEEN,MELBOURNE,-37.817184,144.9617,2019,9,September,16,Afternoon Peak,Weekday
T20190016892,2019-09-02,15:35:00,1,Collision with vehicle,1,Monday,131,LEFT REAR,1,583709,T intersection,3,50,Local Road,BLAMEY,MELTON,-37.71499,144.5785,2019,9,September,15,Afternoon Peak,Weekday
T20190016893,2019-09-02,19:39:00,1,Collision with vehicle,1,Monday,121,RIGHT THROUGH,3,57518,Cross intersection,3,60,Arterial Highway,DANDENONG,PORT PHILLIP,-37.859177,145.00133,2019,9,September,19,Night,Weekday
T20190016849,2019-09-02,18:30:00,2,Struck Pedestrian,1,Monday,100,PED NEAR SIDE. PED HIT BY VEHICLE FROM THE RIGHT.,3,583545,Cross intersection,3,70,Arterial Highway,HODDLE,YARRA,-37.805046,144.99213,2019,9,September,18,Afternoon Peak,Weekday
T20190016820,2019-09-02,07:50:00,1,Collision with vehicle,1,Monday,130,REAR END(VEHICLES IN SAME LANE),1,224921,T intersection,3,70,Arterial Highway,WARRIGAL,KINGSTON,-37.939102,145.07957,2019,9,September,7,Morning Peak,Weekday
T20190016816,2019-09-02,13:10:00,1,Collision with vehicle,1,Monday,110,CROSS TRAFFIC(INTERSECTIONS ONLY),1,29775,Cross intersection,2,80,Arterial Other,FRANKSTON-FLINDERS,MORNINGTON PENINSULA,-38.238575,145.18924,2019,9,September,13,Midday,Weekday
T20190016815,2019-09-02,12:29:00,1,Collision with vehicle,1,Monday,120,HEAD ON (NOT OVERTAKING),1,39193,T intersection,2,60,Arterial Other,MAIN,BRIMBANK,-37.74246,144.78404,2019,9,September,12,Midday,Weekday
T20190017197,2019-09-02,17:45:00,1,Collision with vehicle,1,Monday,130,REAR END(VEHICLES IN SAME LANE),1,596089,Not at intersection,3,80,Local Road,ERAMOSA,MORNINGTON PENINSULA,-38.214073,145.1105,2019,9,September,17,Afternoon Peak,Weekday
T20190016846,2019-09-02,19:05:00,2,Struck Pedestrian,1,Monday,100,PED NEAR SIDE. PED HIT BY VEHICLE FROM THE RIGHT.,3,37131,T intersection,3,50,Arterial Other,THOMPSONS,CASEY,-38.08249,145.27904,2019,9,September,19,Night,Weekday
T20190016813,2019-09-02,09:16:00,1,Collision with vehicle,1,Monday,120,HEAD ON (NOT OVERTAKING),1,66632,T intersection,2,60,Arterial Other,BLACKSHAWS,HOBSONS BAY,-37.83324,144.86717,2019,9,September,9,Morning Peak,Weekday
T20190018753,2019-09-02,15:15:00,1,Collision with vehicle,1,Monday,137,LEFT TURN SIDESWIPE,1,658057,Multiple intersection,3,60,Arterial Other,ANGLESEA ROAD -BAANIP,GEELONG,-38.21908,144.28769,2019,9,September,15,Afternoon Peak,Weekday
T20190016809,2019-09-02,09:50:00,1,Collision with vehicle,1,Monday,121,RIGHT THROUGH,1,257069,Multiple intersection,3,60,Arterial Highway,PRINCES,DANDENONG,-37.933174,145.15694,2019,9,September,9,Morning Peak,Weekday
T20190017485,2019-09-02,17:40:00,1,Collision with vehicle,1,Monday,130,REAR END(VEHICLES IN SAME LANE),2,588145,Cross intersection,2,60,Arterial Other,SCORESBY,KNOX,-37.89168,145.2577,2019,9,September,17,Afternoon Peak,Weekday
T20190016832,2019-09-02,15:10:00,1,Collision with vehicle,1,Monday,130,REAR END(VEHICLES IN SAME LANE),1,582293,Not at intersection,2,80,Arterial Highway,DANDENONG-HASTINGS,CASEY,-38.055237,145.24396,2019,9,September,15,Afternoon Peak,Weekday
T20190016807,2019-09-02,09:05:00,2,Struck Pedestrian,1,Monday,102,FAR SIDE. PED HIT BY VEHICLE FROM THE LEFT,1,44937,T intersection,2,50,Arterial Other,MAIN,BRIMBANK,-37.7443,144.8005,2019,9,September,9,Morning Peak,Weekday
T20190016806,2019-09-02,08:30:00,4,Collision with a fixed object,1,Monday,171,LEFT OFF CARRIAGEWAY INTO OBJECT/PARKED VEHICLE,1,582290,Multiple intersection,3,60,Freeway,WEST GATE OUT-MILLERS,HOBSONS BAY,-37.82495,144.85313,2019,9,September,8,Morning Peak,Weekday
T20190016804,2019-09-02,08:26:00,6,Vehicle overturned (no collision),1,Monday,174,OUT OF CONTROL ON CARRIAGEWAY (ON STRAIGHT),1,586458,Not at intersection,3,80,Arterial Other,FRANKSTON-FLINDERS,MORNINGTON PENINSULA,-38.32856,145.183,2019,9,September,8,Morning Peak,Weekday
T20190016838,2019-09-02,15:45:00,1,Collision with vehicle,1,Monday,130,REAR END(VEHICLES IN SAME LANE),1,656973,Not at intersection,3,100,Freeway,MONASH,MONASH,-37.886063,145.10547,2019,9,September,15,Afternoon Peak,Weekday
T20190017237,2019-09-02,13:25:00,1,Collision with vehicle,1,Monday,131,LEFT REAR,1,657797,Cross intersection,2,80,Arterial Other,BERWICK-CRANBOURNE,CASEY,-38.089592,145.33257,2019,9,September,13,Midday,Weekday
T20190016874,2019-09-02,14:14:00,1,Collision with vehicle,1,Monday,130,REAR END(VEHICLES IN SAME LANE),1,656759,Not at intersection,3,70,Arterial Other,MOUNTAIN,KNOX,-37.845974,145.23698,2019,9,September,14,Midday,Weekday
T20190017188,2019-09-02,07:45:00,1,Collision with vehicle,1,Monday,110,CROSS TRAFFIC(INTERSECTIONS ONLY),1,29361,Cross intersection,3,40,Local Road,CANNING,YARRA,-37.784916,144.97507,2019,9,September,7,Morning Peak,Weekday
T20190016877,2019-09-02,17:35:00,6,Vehicle overturned (no collision),1,Monday,182,OFF CARRIAGEWAY ON LEFT BEND,2,611296,Not at intersection,3,100,Arterial Highway,MURRAY VALLEY,TOWONG,-36.21345,147.86307,2019,9,September,17,Afternoon Peak,Weekday
T20190016833,2019-09-02,15:25:00,4,Collision with a fixed object,1,Monday,181,OFF RIGHT BEND INTO OBJECT/PARKED VEHICLE,1,656656,Not at intersection,3,80,Local Road,MOUNTAIN CREEK,ALPINE,-36.696735,147.16185,2019,9,September,15,Afternoon Peak,Weekday
T20190016827,2019-09-02,09:02:00,1,Collision with vehicle,1,Monday,133,LANE SIDE SWIPE (VEHICLES IN PARALLEL LANES),1,602436,Not at intersection,3,60,Arterial Other,ELLIOTT,MELBOURNE,-37.789505,144.94456,2019,9,September,9,Morning Peak,Weekday
T20190016800,2019-09-02,07:30:00,6,Vehicle overturned (no collision),1,Monday,182,OFF CARRIAGEWAY ON LEFT BEND,1,323886,Multiple intersection,3,80,Freeway,PLENTY,NILLUMBIK,-37.686226,145.06813,2019,9,September,7,Morning Peak,Weekday
T20190016796,2019-09-02,07:44:00,1,Collision with vehicle,1,Monday,110,CROSS TRAFFIC(INTERSECTIONS ONLY),1,352088,Cross intersection,2,50,Local Road,MUNRO,BOROONDARA,-37.866646,145.07576,2019,9,September,7,Morning Peak,Weekday
T20190016794,2019-09-02,07:45:00,1,Collision with vehicle,1,Monday,110,CROSS TRAFFIC(INTERSECTIONS ONLY),1,59326,Cross intersection,3,50,Local Road,BENALLA,BENALLA,-36.546608,145.9869,2019,9,September,7,Morning Peak,Weekday
T20190017859,2019-09-02,08:15:00,1,Collision with vehicle,1,Monday,110,CROSS TRAFFIC(INTERSECTIONS ONLY),1,55172,Cross intersection,3,50,Local Road,MILNE,MANNINGHAM,-37.755592,145.12798,2019,9,September,8,Morning Peak,Weekday
T20190016791,2019-09-02,06:45:00,1,Collision with vehicle,1,Monday,113,RIGHT NEAR (INTERSECTIONS ONLY),2,45290,T intersection,2,60,Arterial Other,BUCKLEY,MOONEE VALLEY,-37.75603,144.90804,2019,9,September,6,Morning Peak,Weekday
T20190016788,2019-09-02,06:22:00,2,Struck Pedestrian,1,Monday,100,PED NEAR SIDE. PED HIT BY VEHICLE FROM THE RIGHT.,1,582122,Cross intersection,3,60,Local Road,VICTORIA,MARIBYRNONG,-37.800076,144.89296,2019,9,September,6,Morning Peak,Weekday
T20190016843,2019-09-02,17:24:00,1,Collision with vehicle,1,Monday,130,REAR END(VEHICLES IN SAME LANE),2,583114,Not at intersection,3,60,Arterial Other,FRANKSTON-FLINDERS,MORNINGTON PENINSULA,-38.222843,145.17491,2019,9,September,17,Afternoon Peak,Weekday
T20190016824,2019-09-02,13:30:00,4,Collision with a fixed object,1,Monday,173,RIGHT OFF CARRIAGEWAY INTO OBJECT/PARKED VEHICLE,1,606818,T intersection,3,40,Local Road,LYGON,MELBOURNE,-37.800087,144.96704,2019,9,September,13,Midday,Weekday
T20190016916,2019-09-02,15:19:00,8,No collision and no object struck,1,Monday,179,OTHER ACCIDENTS-OFF STRAIGHT NOT INCLUDED IN DCAs 170-175,1,582576,Not at intersection,3,60,Arterial Other,PARK,CENTRAL GOLDFIELDS,-37.035095,143.74347,2019,9,September,15,Afternoon Peak,Weekday
T20190016822,2019-09-02,13:00:00,1,Collision with vehicle,1,Monday,110,CROSS TRAFFIC(INTERSECTIONS ONLY),1,73074,Cross intersection,3,60,Local Road,BRISBANE,LATROBE,-38.236485,146.42265,2019,9,September,13,Midday,Weekday
T20190016856,2019-09-02,15:47:00,1,Collision with vehicle,1,Monday,121,RIGHT THROUGH,1,583708,Cross intersection,2,60,Arterial Other,CRANBOURNE-FRANKSTON ROAD -SLADEN,CASEY,-38.11071,145.26505,2019,9,September,15,Afternoon Peak,Weekday
T20200006862,2019-09-02,16:00:00,6,Vehicle overturned (no collision),1,Monday,174,OUT OF CONTROL ON CARRIAGEWAY (ON STRAIGHT),1,61614,T intersection,3,60,Local Road,SOMERSET,HUME,-37.6789,144.96376,2019,9,September,16,Afternoon Peak,Weekday
T20190016986,2019-09-02,21:39:00,4,Collision with a fixed object,1,Monday,171,LEFT OFF CARRIAGEWAY INTO OBJECT/PARKED VEHICLE,5,583284,Not at intersection,2,70,Arterial Other,MELTON,MELTON,-37.682373,144.61942,2019,9,September,21,Night,Weekday
T20190016896,2019-09-03,10:45:00,1,Collision with vehicle,2,Tuesday,133,LANE SIDE SWIPE (VEHICLES IN PARALLEL LANES),1,588141,Not at intersection,2,100,Freeway,WESTERN RING,BRIMBANK,-37.722866,144.86635,2019,9,September,10,Midday,Weekday
T20190016903,2019-09-03,12:45:00,6,Vehicle overturned (no collision),2,Tuesday,180,OFF CARRIAGEWAY ON RIGHT BEND,1,585604,Not at intersection,3,80,Local Road,HOWES CREEK,MANSFIELD,-37.10189,146.01715,2019,9,September,12,Midday,Weekday
T20190016904,2019-09-03,13:25:00,2,Struck Pedestrian,2,Tuesday,100,PED NEAR SIDE. PED HIT BY VEHICLE FROM THE RIGHT.,1,299235,Not at intersection,3,40,Local Road,LONSDALE,MELBOURNE,-37.809868,144.97054,2019,9,September,13,Midday,Weekday
T20190016985,2019-09-03,16:35:00,1,Collision with vehicle,2,Tuesday,132,RIGHT REAR.,1,36104,T intersection,2,100,Arterial Other,HEALESVILLE-KOO WEE RUP,YARRA RANGES,-37.693176,145.51915,2019,9,September,16,Afternoon Peak,Weekday
T20190016995,2019-09-03,16:05:00,1,Collision with vehicle,2,Tuesday,131,LEFT REAR,1,44202,Cross intersection,3,80,Local Road,GREEN,HUME,-37.62762,144.81837,2019,9,September,16,Afternoon Peak,Weekday
T20190016908,2019-09-03,13:00:00,4,Collision with a fixed object,2,Tuesday,171,LEFT OFF CARRIAGEWAY INTO OBJECT/PARKED VEHICLE,1,583710,Not at intersection,2,100,Local Road,CLIFTON,GEELONG,-38.172234,144.45389,2019,9,September,13,Midday,Weekday
T20190016909,2019-09-03,08:10:00,4,Collision with a fixed object,2,Tuesday,173,RIGHT OFF CARRIAGEWAY INTO OBJECT/PARKED VEHICLE,1,606820,Not at intersection,2,100,Freeway,WEST GATE,HOBSONS BAY,-37.825745,144.83205,2019,9,September,8,Morning Peak,Weekday
T20190017127,2019-09-03,23:15:00,6,Vehicle overturned (no collision),2,Tuesday,174,OUT OF CONTROL ON CARRIAGEWAY (ON STRAIGHT),3,582852,Not at intersection,3,40,Arterial Other,HIGH,STONNINGTON,-37.85198,144.99431,2019,9,September,23,Night,Weekday