ACCIDENT_NO,ACCIDENT_DATE,ACCIDENT_TIME,ACCIDENT_TYPE,ACCIDENT_TYPE_DESC,DAY_OF_WEEK,DAY_WEEK_DESC,DCA_CODE,DCA_DESC,LIGHT_CONDITION,NODE_ID,ROAD_GEOMETRY_DESC,SEVERITY,SPEED_ZONE,RMA,ROAD_NAME,LGA_NAME,LATITUDE,LONGITUDE,YEAR,MONTH,MONTH_NAME,HOUR,TIME_PERIOD,DAY_TYPE
T20190017100,2019-09-03,11:58:00,1,Collision with vehicle,2,Tuesday,130,REAR END(VEHICLES IN SAME LANE),1,583549,Cross intersection,3,60,Arterial Other,TOORONGA,BOROONDARA,-37.84548,145.04497,2019,9,September,11,Midday,Weekday
T20190018026,2019-09-03,14:55:00,1,Collision with vehicle,2,Tuesday,130,REAR END(VEHICLES IN SAME LANE),1,615568,Not at intersection,3,80,Freeway,TULLAMARINE,HUME,-37.6949,144.88602,2019,9,September,14,Midday,Weekday
T20190017568,2019-09-03,16:55:00,1,Collision with vehicle,2,Tuesday,130,REAR END(VEHICLES IN SAME LANE),2,245408,Cross intersection,3,80,Arterial Other,PRINCES,CARDINIA,-38.061096,145.4151,2019,9,September,16,Afternoon Peak,Weekday
T20190017565,2019-09-03,15:00:00,1,Collision with vehicle,2,Tuesday,130,REAR END(VEHICLES IN SAME LANE),1,606502,Not at intersection,3,40,Local Road,LITTLE BRIDGE,BALLARAT,-37.56327,143.863,2019,9,September,15,Afternoon Peak,Weekday
T20190019257,2019-09-03,08:40:00,1,Collision with vehicle,2,Tuesday,110,CROSS TRAFFIC(INTERSECTIONS ONLY),1,38316,Cross intersection,3,50,Local Road,ATKINSON,MANNINGHAM,-37.75419,145.12567,2019,9,September,8,Morning Peak,Weekday
T20190018308,2019-09-03,09:00:00,1,Collision with vehicle,2,Tuesday,130,REAR END(VEHICLES IN SAME LANE),1,592019,Not at intersection,3,50,Arterial Other,RYRIE,GEELONG,-38.151203,144.36661,2019,9,September,9,Morning Peak,Weekday
T20190018340,2019-09-03,19:45:00,8,No collision and no object struck,2,Tuesday,170,OFF CARRIAGEWAY TO LEFT,6,40956,T intersection,3,60,Local Road,MYRTLE,KNOX,-37.844276,145.26683,2019,9,September,19,Night,Weekday
T20200006314,2019-09-03,13:00:00,1,Collision with vehicle,2,Tuesday,133,LANE SIDE SWIPE (VEHICLES IN PARALLEL LANES),1,637809,Not at intersection,3,80,Arterial Other,MT DANDENONG,MAROONDAH,-37.811172,145.23763,2019,9,September,13,Midday,Weekday
T20190018463,2019-09-03,08:15:00,1,Collision with vehicle,2,Tuesday,130,REAR END(VEHICLES IN SAME LANE),1,588186,Multiple intersection,3,80,Freeway,WEST GATE,MELBOURNE,-37.827343,144.96248,2019,9,September,8,Morning Peak,Weekday
T20190017507,2019-09-03,17:45:00,1,Collision with vehicle,2,Tuesday,130,REAR END(VEHICLES IN SAME LANE),3,584274,Not at intersection,3,60,Arterial Highway,SMITHFIELD,MELBOURNE,-37.791306,144.91963,2019,9,September,17,Afternoon Peak,Weekday
T20190019064,2019-09-03,11:30:00,1,Collision with vehicle,2,Tuesday,111,RIGHT FAR (INTERSECTIONS ONLY),1,622927,T intersection,3,60,Arterial Other,DALTON,WHITTLESEA,-37.68023,145.03003,2019,9,September,11,Midday,Weekday
T20190017022,2019-09-03,07:58:00,1,Collision with vehicle,2,Tuesday,121,RIGHT THROUGH,1,45640,Cross intersection,3,40,Arterial Other,SYDNEY,MORELAND,-37.776115,144.9606,2019,9,September,7,Morning Peak,Weekday
T20190017479,2019-09-03,17:15:00,1,Collision with vehicle,2,Tuesday,130,REAR END(VEHICLES IN SAME LANE),2,594052,T intersection,3,60,Arterial Other,STEPHENSONS,MONASH,-37.895477,145.125,2019,9,September,17,Afternoon Peak,Weekday
T20190017447,2019-09-03,16:00:00,3,Struck animal,2,Tuesday,167,STRUCK ANIMAL,1,267134,Not at intersection,2,100,Local Road,BUNSTONS,MANSFIELD,-36.944317,146.2804,2019,9,September,16,Afternoon Peak,Weekday
T20190017379,2019-09-03,21:00:00,2,Struck Pedestrian,2,Tuesday,106,VEH STRIKES PED ON FOOTPATH/MEDIAN/TRAFFIC ISLAND.,5,657549,Not at intersection,3,60,Arterial Highway,MAROONDAH,YARRA RANGES,-37.648876,145.52672,2019,9,September,21,Night,Weekday
T20190016860,2019-09-03,01:50:00,6,Vehicle overturned (no collision),2,Tuesday,172,OFF CARRIAGEWAY TO RIGHT,3,582123,T intersection,3,60,Local Road,HANSON,HUME,-37.58733,144.9359,2019,9,September,1,Late Night,Weekday
T20190016864,2019-09-03,08:00:00,1,Collision with vehicle,2,Tuesday,130,REAR END(VEHICLES IN SAME LANE),1,582295,Not at intersection,3,60,Local Road,GREENHALGHS,BALLARAT,-37.58443,143.80685,2019,9,September,8,Morning Peak,Weekday
T20190016866,2019-09-03,08:45:00,1,Collision with vehicle,2,Tuesday,110,CROSS TRAFFIC(INTERSECTIONS ONLY),1,591756,Cross intersection,3,60,Arterial Highway,DINGLEY,DANDENONG,-37.991425,145.19629,2019,9,September,8,Morning Peak,Weekday
T20190016870,2019-09-03,10:10:00,1,Collision with vehicle,2,Tuesday,130,REAR END(VEHICLES IN SAME LANE),1,582573,Not at intersection,3,60,Arterial Highway,FOOTSCRAY,MELBOURNE,-37.80973,144.93555,2019,9,September,10,Midday,Weekday
T20190017744,2019-09-03,08:47:00,1,Collision with vehicle,2,Tuesday,124,RIGHT/RIGHT BOTH VEHs FROM OPPOSITE DIRECTIONS TURNING RIGHT,1,39107,Cross intersection,3,60,Arterial Other,BELMORE,BOROONDARA,-37.801704,145.06949,2019,9,September,8,Morning Peak,Weekday
T20190016911,2019-09-03,10:02:00,1,Collision with vehicle,2,Tuesday,120,HEAD ON (NOT OVERTAKING),1,601860,Not at intersection,2,60,Local Road,TAYLORS,MELTON,-37.72309,144.74321,2019,9,September,10,Midday,Weekday
T20190016912,2019-09-03,15:15:00,1,Collision with vehicle,2,Tuesday,130,REAR END(VEHICLES IN SAME LANE),1,661571,Multiple intersection,3,100,Freeway,PRINCES IN-CLYDE,CASEY,-38.04733,145.34596,2019,9,September,15,Afternoon Peak,Weekday
T20190016913,2019-09-03,15:50:00,1,Collision with vehicle,2,Tuesday,110,CROSS TRAFFIC(INTERSECTIONS ONLY),1,35388,Cross intersection,2,80,Arterial Other,WESTALL,KINGSTON,-37.979908,145.14267,2019,9,September,15,Afternoon Peak,Weekday
T20190016917,2019-09-03,06:30:00,3,Struck animal,2,Tuesday,167,STRUCK ANIMAL,9,582577,Not at intersection,3,80,Arterial Other,SOMERTON,HUME,-37.63229,144.86053,2019,9,September,6,Morning Peak,Weekday
T20190016918,2019-09-03,15:30:00,1,Collision with vehicle,2,Tuesday,121,RIGHT THROUGH,1,221983,T intersection,3,80,Arterial Other,SYDNEY,HUME,-37.67399,144.95602,2019,9,September,15,Afternoon Peak,Weekday
T20190016929,2019-09-03,17:20:00,4,Collision with a fixed object,2,Tuesday,171,LEFT OFF CARRIAGEWAY INTO OBJECT/PARKED VEHICLE,1,594663,Not at intersection,2,100,Arterial Highway,PRINCES,EAST GIPPSLAND,-37.852844,147.54436,2019,9,September,17,Afternoon Peak,Weekday
T20190016930,2019-09-03,17:05:00,1,Collision with vehicle,2,Tuesday,130,REAR END(VEHICLES IN SAME LANE),1,100558,Not at intersection,3,80,Arterial Highway,STUD,KNOX,-37.92878,145.23279,2019,9,September,17,Afternoon Peak,Weekday
T20190016931,2019-09-03,08:00:00,1,Collision with vehicle,2,Tuesday,130,REAR END(VEHICLES IN SAME LANE),1,582299,Not at intersection,3,70,Arterial Highway,SPRINGVALE,MONASH,-37.888313,145.16425,2019,9,September,8,Morning Peak,Weekday
T20190016932,2019-09-03,15:40:00,1,Collision with vehicle,2,Tuesday,130,REAR END(VEHICLES IN SAME LANE),1,582579,Not at intersection,2,70,Arterial Highway,BALLARAT,GEELONG,-38.124268,144.3372,2019,9,September,15,Afternoon Peak,Weekday
T20190016935,2019-09-03,18:26:00,1,Collision with vehicle,2,Tuesday,121,RIGHT THROUGH,3,41549,Cross intersection,3,60,Arterial Highway,WARRIGAL,STONNINGTON,-37.88028,145.09076,2019,9,September,18,Afternoon Peak,Weekday
T20190016937,2019-09-03,19:20:00,4,Collision with a fixed object,2,Tuesday,171,LEFT OFF CARRIAGEWAY INTO OBJECT/PARKED VEHICLE,3,652814,Not at intersection,2,60,Arterial Highway,EAGLEHAWK,BENDIGO,-36.753513,144.26056,2019,9,September,19,Night,Weekday
T20190016939,2019-09-03,19:40:00,4,Collision with a fixed object,2,Tuesday,183,OFF LEFT BEND INTO OBJECT/PARKED VEHICLE,5,38489,T intersection,2,60,Local Road,OLD GIPPSLAND,YARRA RANGES,-37.76295,145.36523,2019,9,September,19,Night,Weekday
T20190016940,2019-09-03,17:04:00,1,Collision with vehicle,2,Tuesday,130,REAR END(VEHICLES IN SAME LANE),1,593806,Not at intersection,3,80,Freeway,TULLAMARINE,HUME,-37.677612,144.86493,2019,9,September,17,Afternoon Peak,Weekday
T20190016943,2019-09-03,00:30:00,1,Collision with vehicle,2,Tuesday,160,VEHICLE COLLIDES WITH VEHICLE PARKED ON LEFT OF ROAD,3,632775,Not at intersection,2,70,Arterial Other,CHANDLER,DANDENONG,-37.968876,145.18677,2019,9,September,0,Late Night,Weekday
T20190016945,2019-09-03,20:22:00,1,Collision with vehicle,2,Tuesday,169,OTHER ON PATH,3,657043,T intersection,3,50,Local Road,ROSSITER,HUME,-37.63738,144.92625,2019,9,September,20,Night,Weekday
T20190016952,2019-09-03,16:30:00,1,Collision with vehicle,2,Tuesday,130,REAR END(VEHICLES IN SAME LANE),1,583711,Not at intersection,3,70,Arterial Other,KING,MANNINGHAM,-37.77082,145.13443,2019,9,September,16,Afternoon Peak,Weekday
T20190016873,2019-09-03,10:10:00,1,Collision with vehicle,2,Tuesday,121,RIGHT THROUGH,1,583559,T intersection,2,80,Arterial Highway,SOUTH GIPPSLAND,CASEY,-38.084778,145.27774,2019,9,September,10,Midday,Weekday
T20190016875,2019-09-03,06:30:00,1,Collision with vehicle,2,Tuesday,130,REAR END(VEHICLES IN SAME LANE),1,615566,Multiple intersection,3,100,Freeway,WESTERN RING,WYNDHAM,-37.81536,144.80835,2019,9,September,6,Morning Peak,Weekday
T20190016878,2019-09-03,08:39:00,1,Collision with vehicle,2,Tuesday,121,RIGHT THROUGH,1,36127,Cross intersection,2,40,Arterial Other,KING,MELBOURNE,-37.80629,144.94981,2019,9,September,8,Morning Peak,Weekday
T20190016960,2019-09-03,17:30:00,1,Collision with vehicle,2,Tuesday,130,REAR END(VEHICLES IN SAME LANE),1,263,Cross intersection,3,40,Arterial Highway,PUNT,STONNINGTON,-37.83063,144.98784,2019,9,September,17,Afternoon Peak,Weekday
T20190016961,2019-09-03,17:20:00,1,Collision with vehicle,2,Tuesday,113,RIGHT NEAR (INTERSECTIONS ONLY),1,35533,Cross intersection,2,60,Arterial Other,SCORESBY,KNOX,-37.860413,145.26707,2019,9,September,17,Afternoon Peak,Weekday
T20190016882,2019-09-03,04:45:00,4,Collision with a fixed object,2,Tuesday,181,OFF RIGHT BEND INTO OBJECT/PARKED VEHICLE,5,656760,Not at intersection,3,100,Arterial Other,HEATHCOTE-REDESDALE,BENDIGO,-36.98795,144.5922,2019,9,September,4,Late Night,Weekday
T20190016884,2019-09-03,12:20:00,1,Collision with vehicle,2,Tuesday,113,RIGHT NEAR (INTERSECTIONS ONLY),1,42810,T intersection,3,60,Arterial Other,CENTRE DANDENONG,KINGSTON,-37.968266,145.07903,2019,9,September,12,Midday,Weekday
T20190016887,2019-09-03,12:15:00,1,Collision with vehicle,2,Tuesday,135,LANE CHANGE LEFT (NOT OVERTAKING),1,582297,Not at intersection,3,100,Freeway,MONASH,MONASH,-37.89341,145.13722,2019,9,September,12,Midday,Weekday
T20190017156,2019-09-03,21:30:00,1,Collision with vehicle,2,Tuesday,110,CROSS TRAFFIC(INTERSECTIONS ONLY),3,73796,Cross intersection,3,50,Local Road,JULIA,GLENELG,-38.34841,141.60362,2019,9,September,21,Night,Weekday
T20190016888,2019-09-03,07:30:00,1,Collision with vehicle,2,Tuesday,132,RIGHT REAR.,1,582298,T intersection,2,100,Arterial Highway,SOUTH GIPPSLAND,SOUTH GIPPSLAND,-38.66962,146.39072,2019,9,September,7,Morning Peak,Weekday
T20190016890,2019-09-03,10:54:00,4,Collision with a fixed object,2,Tuesday,181,OFF RIGHT BEND INTO OBJECT/PARKED VEHICLE,1,591905,Not at intersection,2,100,Arterial Other,STANLEY,INDIGO,-36.37616,146.73268,2019,9,September,10,Midday,Weekday
T20190016895,2019-09-03,11:20:00,6,Vehicle overturned (no collision),2,Tuesday,170,OFF CARRIAGEWAY TO LEFT,1,589996,Not at intersection,3,100,Arterial Other,FOXHOW,CORANGAMITE,-38.04888,143.45238,2019,9,September,11,Midday,Weekday
T20190017015,2019-09-04,17:30:00,1,Collision with vehicle,3,Wednesday,110,CROSS TRAFFIC(INTERSECTIONS ONLY),1,60641,Cross intersection,3,50,Arterial Other,MACMEIKAN,WHITTLESEA,-37.511814,145.11557,2019,9,September,17,Afternoon Peak,Weekday
T20190017016,2019-09-04,16:35:00,1,Collision with vehicle,3,Wednesday,121,RIGHT THROUGH,1,8179,T intersection,3,50,Arterial Other,BAYSWATER,MAROONDAH,-37.834713,145.27065,2019,9,September,16,Afternoon Peak,Weekday
T20190017021,2019-09-04,20:04:00,2,Struck Pedestrian,3,Wednesday,102,FAR SIDE. PED HIT BY VEHICLE FROM THE LEFT,3,381,Cross intersection,2,60,Arterial Highway,PUNT,STONNINGTON,-37.834763,144.98726,2019,9,September,20,Night,Weekday
T20190017101,2019-09-04,19:30:00,2,Struck Pedestrian,3,Wednesday,100,PED NEAR SIDE. PED HIT BY VEHICLE FROM THE RIGHT.,3,586178,Not at intersection,3,50,Local Road,SOUTHDOWNE,DANDENONG,-37.952732,145.15703,2019,9,September,19,Night,Weekday
T20190016983,2019-09-04,11:30:00,4,Collision with a fixed object,3,Wednesday,173,RIGHT OFF CARRIAGEWAY INTO OBJECT/PARKED VEHICLE,1,615851,Not at intersection,2,100,Arterial Other,BALLAN,WYNDHAM,-37.836174,144.54976,2019,9,September,11,Midday,Weekday
T20190017023,2019-09-04,17:20:00,1,Collision with vehicle,3,Wednesday,110,CROSS TRAFFIC(INTERSECTIONS ONLY),1,67813,Cross intersection,3,50,Local Road,COLE,HOBSONS BAY,-37.865536,144.90143,2019,9,September,17,Afternoon Peak,Weekday
T20190017024,2019-09-04,18:25:00,4,Collision with a fixed object,3,Wednesday,175,OFF END OF ROAD/T-INTERSECTION.,3,52043,T intersection,2,60,Arterial Other,KOO WEE RUP-LONGWARRY,BAW BAW,-38.111744,145.7679,2019,9,September,18,Afternoon Peak,Weekday
T20190017011,2019-09-04,15:13:00,4,Collision with a fixed object,3,Wednesday,173,RIGHT OFF CARRIAGEWAY INTO OBJECT/PARKED VEHICLE,1,610597,Not at intersection,2,50,Local Road,THOMPSON,HOBSONS BAY,-37.869522,144.90216,2019,9,September,15,Afternoon Peak,Weekday
T20190016950,2019-09-04,02:02:00,6,Vehicle overturned (no collision),3,Wednesday,174,OUT OF CONTROL ON CARRIAGEWAY (ON STRAIGHT),3,40679,T intersection,3,60,Arterial Other,HOFFMANS,MOONEE VALLEY,-37.737328,144.89233,2019,9,September,2,Late Night,Weekday
T20190016998,2019-09-04,15:30:00,1,Collision with vehicle,3,Wednesday,148,VEHICLE OFF FOOTPATH STRIKES VEH ON CARRIAGEWAY,1,592758,T intersection,2,80,Arterial Other,PRINCES,CARDINIA,-38.072052,145.48637,2019,9,September,15,Afternoon Peak,Weekday
T20190017008,2019-09-04,18:00:00,6,Vehicle overturned (no collision),3,Wednesday,174,OUT OF CONTROL ON CARRIAGEWAY (ON STRAIGHT),1,583285,T intersection,2,80,Arterial Highway,BURWOOD,WHITEHORSE,-37.854046,145.1631,2019,9,September,18,Afternoon Peak,Weekday
T20190017036,2019-09-04,16:05:00,1,Collision with vehicle,3,Wednesday,131,LEFT REAR,1,658058,Not at intersection,3,70,Arterial Other,PRINCES,BAW BAW,-38.141247,145.8721,2019,9,September,16,Afternoon Peak,Weekday
T20190017040,2019-09-04,18:02:00,1,Collision with vehicle,3,Wednesday,121,RIGHT THROUGH,3,350647,Cross intersection,3,70,Arterial Other,BALLARAT,BRIMBANK,-37.769604,144.77136,2019,9,September,18,Afternoon Peak,Weekday
T20190016954,2019-09-04,08:20:00,1,Collision with vehicle,3,Wednesday,111,RIGHT FAR (INTERSECTIONS ONLY),1,249830,Cross intersection,2,60,Arterial Highway,BALLARAT,SOUTHERN GRAMPIANS,-37.74264,142.03969,2019,9,September,8,Morning Peak,Weekday
T20190017043,2019-09-04,06:15:00,1,Collision with vehicle,3,Wednesday,113,RIGHT NEAR (INTERSECTIONS ONLY),3,41831,Cross intersection,3,60,Arterial Other,WAVERLEY,MONASH,-37.89026,145.17628,2019,9,September,6,Morning Peak,Weekday
T20190017044,2019-09-04,18:15:00,1,Collision with vehicle,3,Wednesday,133,LANE SIDE SWIPE (VEHICLES IN PARALLEL LANES),6,582848,Multiple intersection,3,80,Freeway,PRINCES,CASEY,-38.003826,145.25291,2019,9,September,18,Afternoon Peak,Weekday
T20190019041,2019-09-04,15:00:00,2,Struck Pedestrian,3,Wednesday,100,PED NEAR SIDE. PED HIT BY VEHICLE FROM THE RIGHT.,1,589492,Not at intersection,2,50,Local Road,BOUVERIE,MELBOURNE,-37.8062,144.96147,2019,9,September,15,Afternoon Peak,Weekday
T20190017004,2019-09-04,17:00:00,1,Collision with vehicle,3,Wednesday,130,REAR END(VEHICLES IN SAME LANE),1,339189,Cross intersection,3,60,Arterial Highway,BELL,DAREBIN,-37.747326,145.02177,2019,9,September,17,Afternoon Peak,Weekday
T20190018247,2019-09-04,14:30:00,1,Collision with vehicle,3,Wednesday,110,CROSS TRAFFIC(INTERSECTIONS ONLY),1,49235,Cross intersection,3,60,Arterial Highway,MCPHERSON,HORSHAM,-36.71781,142.20494,2019,9,September,14,Midday,Weekday
T20190017153,2019-09-04,21:30:00,1,Collision with vehicle,3,Wednesday,119,OTHER ADJACENT (INTERSECTIONS ONLY),6,37168,T intersection,3,60,Local Road,MOSSFIEL,WYNDHAM,-37.87036,144.69138,2019,9,September,21,Night,Weekday
T20190017587,2019-09-04,17:30:00,1,Collision with vehicle,3,Wednesday,121,RIGHT THROUGH,1,35425,T intersection,3,60,Arterial Highway,BELL,BANYULE,-37.75347,145.05228,2019,9,September,17,Afternoon Peak,Weekday
T20190017025,2019-09-04,19:50:00,1,Collision with vehicle,3,Wednesday,121,RIGHT THROUGH,3,638,Cross intersection,3,60,Arterial Other,BAYSWATER ROAD -SCORESBY,KNOX,-37.838627,145.27109,2019,9,September,19,Night,Weekday
T20190016981,2019-09-04,08:30:00,1,Collision with vehicle,3,Wednesday,130,REAR END(VEHICLES IN SAME LANE),1,300082,Cross intersection,3,60,Arterial Highway,BELL,DAREBIN,-37.74454,144.99747,2019,9,September,8,Morning Peak,Weekday
T20190017003,2019-09-04,15:30:00,1,Collision with vehicle,3,Wednesday,140,U TURN,1,41011,Cross intersection,3,80,Arterial Other,DORSET,MAROONDAH,-37.832096,145.28732,2019,9,September,15,Afternoon Peak,Weekday
T20190016979,2019-09-04,09:00:00,1,Collision with vehicle,3,Wednesday,160,VEHICLE COLLIDES WITH VEHICLE PARKED ON LEFT OF ROAD,1,584810,Not at intersection,2,50,Local Road,DENVER,CASEY,-38.00668,145.31706,2019,9,September,9,Morning Peak,Weekday
T20190016971,2019-09-04,10:30:00,1,Collision with vehicle,3,Wednesday,148,VEHICLE OFF FOOTPATH STRIKES VEH ON CARRIAGEWAY,1,589223,Not at intersection,3,50,Local Road,VICTORIA,MORELAND,-37.742928,144.96371,2019,9,September,10,Midday,Weekday
T20190017031,2019-09-04,17:00:00,1,Collision with vehicle,3,Wednesday,121,RIGHT THROUGH,1,40472,Cross intersection,3,60,Arterial Highway,TOORAK,BOROONDARA,-37.847336,145.06854,2019,9,September,17,Afternoon Peak,Weekday
T20190016967,2019-09-04,10:40:00,1,Collision with vehicle,3,Wednesday,113,RIGHT NEAR (INTERSECTIONS ONLY),1,353426,T intersection,2,80,Local Road,AIRFIELD,LATROBE,-38.21562,146.47601,2019,9,September,10,Midday,Weekday
T20190017070,2019-09-04,14:15:00,1,Collision with vehicle,3,Wednesday,121,RIGHT THROUGH,1,39539,T intersection,3,60,Arterial Other,MITCHAM,MANNINGHAM,-37.80405,145.18925,2019,9,September,14,Midday,Weekday
T20190018888,2019-09-04,15:30:00,1,Collision with vehicle,3,Wednesday,130,REAR END(VEHICLES IN SAME LANE),1,623550,Not at intersection,3,80,Arterial Highway,SOUTH GIPPSLAND,DANDENONG,-38.019028,145.23636,2019,9,September,15,Afternoon Peak,Weekday
T20190016997,2019-09-04,16:05:00,1,Collision with vehicle,3,Wednesday,121,RIGHT THROUGH,1,38598,Cross intersection,2,60,Arterial Other,ASHLEY,MARIBYRNONG,-37.797665,144.86238,2019,9,September,16,Afternoon Peak,Weekday
T20190018841,2019-09-04,07:30:00,1,Collision with vehicle,3,Wednesday,113,RIGHT NEAR (INTERSECTIONS ONLY),1,42882,T intersection,3,60,Arterial Other,HEATHERTON,DANDENONG,-37.962738,145.15495,2019,9,September,7,Morning Peak,Weekday
T20190017013,2019-09-04,17:35:00,1,Collision with vehicle,3,Wednesday,111,RIGHT FAR (INTERSECTIONS ONLY),1,37344,T intersection,2,60,Arterial Other,BRIDGE,YARRA,-37.820045,145.01329,2019,9,September,17,Afternoon Peak,Weekday
T20190016962,2019-09-04,06:25:00,1,Collision with vehicle,3,Wednesday,121,RIGHT THROUGH,1,38405,T intersection,2,60,Arterial Other,RINGWOOD-WARRANDYTE,MANNINGHAM,-37.76946,145.23038,2019,9,September,6,Morning Peak,Weekday
T20190018769,2019-09-04,20:30:00,1,Collision with vehicle,3,Wednesday,130,REAR END(VEHICLES IN SAME LANE),3,615854,Cross intersection,3,60,Local Road,LYNDARUM,WHITTLESEA,-37.628387,145.02785,2019,9,September,20,Night,Weekday
T20190017000,2019-09-04,16:20:00,2,Struck Pedestrian,3,Wednesday,102,FAR SIDE. PED HIT BY VEHICLE FROM THE LEFT,1,583712,Not at intersection,2,80,Arterial Other,SOMERTON,HUME,-37.642666,144.94649,2019,9,September,16,Afternoon Peak,Weekday
T20200002172,2019-09-04,08:00:00,1,Collision with vehicle,3,Wednesday,132,RIGHT REAR.,1,47768,Multiple intersection,3,80,Freeway,SOUTH GIPPSLAND,DANDENONG,-38.0037,145.25185,2019,9,September,8,Morning Peak,Weekday
T20190016994,2019-09-04,14:02:00,1,Collision with vehicle,3,Wednesday,160,VEHICLE COLLIDES WITH VEHICLE PARKED ON LEFT OF ROAD,1,607510,T intersection,3,50,Local Road,HIGHMONT,GEELONG,-38.192165,144.32785,2019,9,September,14,Midday,Weekday
T20190016957,2019-09-04,08:00:00,1,Collision with vehicle,3,Wednesday,121,RIGHT THROUGH,1,1335,Cross intersection,2,60,Arterial Other,PASCOE VALE,MOONEE VALLEY,-37.75594,144.9261,2019,9,September,8,Morning Peak,Weekday
T20190017073,2019-09-04,15:28:00,1,Collision with vehicle,3,Wednesday,120,HEAD ON (NOT OVERTAKING),1,636448,Not at intersection,3,40,Local Road,WALLARANO,DANDENONG,-37.979195,145.16858,2019,9,September,15,Afternoon Peak,Weekday
T20190017303,2019-09-04,13:56:00,1,Collision with vehicle,3,Wednesday,121,RIGHT THROUGH,1,29521,Cross intersection,3,60,Arterial Other,WILLIAMSTOWN,MARIBYRNONG,-37.812824,144.88347,2019,9,September,13,Midday,Weekday
T20190021428,2019-09-05,17:30:00,1,Collision with vehicle,4,Thursday,130,REAR END(VEHICLES IN SAME LANE),2,602452,Cross intersection,3,60,Arterial Other,STEPHENSONS,MONASH,-37.8821,145.12784,2019,9,September,17,Afternoon Peak,Weekday
T20190017052,2019-09-05,09:00:00,8,No collision and no object struck,4,Thursday,149,OTHER MANOEUVRING NOT INCLUDED IN DCAs 140-148,1,583117,T intersection,2,50,Local Road,STATION,KNOX,-37.887978,145.29196,2019,9,September,9,Morning Peak,Weekday
T20190017119,2019-09-05,18:26:00,4,Collision with a fixed object,4,Thursday,173,RIGHT OFF CARRIAGEWAY INTO OBJECT/PARKED VEHICLE,3,584540,Not at intersection,2,100,Freeway,WESTERN RING,WYNDHAM,-37.819904,144.80984,2019,9,September,18,Afternoon Peak,Weekday
T20190017054,2019-09-05,06:30:00,1,Collision with vehicle,4,Thursday,133,LANE SIDE SWIPE (VEHICLES IN PARALLEL LANES),1,661278,Not at intersection,3,50,Arterial Other,MILLERS,HOBSONS BAY,-37.85607,144.84401,2019,9,September,6,Morning Peak,Weekday
T20190017108,2019-09-05,16:35:00,1,Collision with vehicle,4,Thursday,135,LANE CHANGE LEFT (NOT OVERTAKING),1,46911,T intersection,2,60,Arterial Other,CLARENDON,MELBOURNE,-37.825497,144.9571,2019,9,September,16,Afternoon Peak,Weekday
T20190017061,2019-09-05,11:40:00,1,Collision with vehicle,4,Thursday,132,RIGHT REAR.,1,51577,Cross intersection,2,50,Arterial Other,ARNOLD STREET -BRIDGE,BENDIGO,-36.751034,144.28467,2019,9,September,11,Midday,Weekday
T20190017062,2019-09-05,09:45:00,1,Collision with vehicle,4,Thursday,121,RIGHT THROUGH,1,583119,Not at intersection,3,60,Arterial Other,MURRAY,MORELAND,-37.73588,144.98216,2019,9,September,9,Morning Peak,Weekday
T20190017934,2019-09-05,07:15:00,1,Collision with vehicle,4,Thursday,160,VEHICLE COLLIDES WITH VEHICLE PARKED ON LEFT OF ROAD,2,600757,Not at intersection,3,50,Local Road,ACADEMY,MONASH,-37.908043,145.16913,2019,9,September,7,Morning Peak,Weekday
T20190017080,2019-09-05,11:45:00,1,Collision with vehicle,4,Thursday,111,RIGHT FAR (INTERSECTIONS ONLY),1,47118,T intersection,2,60,Local Road,MATTHEWS,HUME,-37.635826,144.92302,2019,9,September,11,Midday,Weekday
T20190017110,2019-09-05,19:20:00,1,Collision with vehicle,4,Thursday,111,RIGHT FAR (INTERSECTIONS ONLY),3,323886,Multiple intersection,3,70,Freeway,PLENTY,NILLUMBIK,-37.686226,145.06813,2019,9,September,19,Night,Weekday
T20190017035,2019-09-05,06:15:00,2,Struck Pedestrian,4,Thursday,102,FAR SIDE. PED HIT BY VEHICLE FROM THE LEFT,3,35522,Cross intersection,2,60,Arterial Highway,WARRIGAL,BOROONDARA,-37.86579,145.09279,2019,9,September,6,Morning Peak,Weekday
T20190017045,2019-09-05,08:55:00,1,Collision with vehicle,4,Thursday,130,REAR END(VEHICLES IN SAME LANE),1,583547,T intersection,3,60,Arterial Other,ORMOND,PORT PHILLIP,-37.883106,144.9787,2019,9,September,8,Morning Peak,Weekday
T20190017063,2019-09-05,06:08:00,1,Collision with vehicle,4,Thursday,130,REAR END(VEHICLES IN SAME LANE),2,591757,Not at intersection,3,80,Arterial Highway,DANDENONG,DANDENONG,-38.003887,145.21593,2019,9,September,6,Morning Peak,Weekday
T20190024176,2019-09-05,14:07:00,1,Collision with vehicle,4,Thursday,147,VEHICLE STRIKES ANOTHER VEH WHILE EMERGING FROM DRIVEWAY,1,615012,Not at intersection,3,80,Arterial Other,MOUNTAIN,KNOX,-37.849144,145.22678,2019,9,September,14,Midday,Weekday
T20190017046,2019-09-05,08:05:00,4,Collision with a fixed object,4,Thursday,171,LEFT OFF CARRIAGEWAY INTO OBJECT/PARKED VEHICLE,1,582849,Not at intersection,3,60,Local Road,BULL PLAIN,WELLINGTON,-37.442986,146.52481,2019,9,September,8,Morning Peak,Weekday