ACCIDENT_NO,ACCIDENT_DATE,ACCIDENT_TIME,ACCIDENT_TYPE,ACCIDENT_TYPE_DESC,DAY_OF_WEEK,DAY_WEEK_DESC,DCA_CODE,DCA_DESC,LIGHT_CONDITION,NODE_ID,ROAD_GEOMETRY_DESC,SEVERITY,SPEED_ZONE,RMA,ROAD_NAME,LGA_NAME,LATITUDE,LONGITUDE,YEAR,MONTH,MONTH_NAME,HOUR,TIME_PERIOD,DAY_TYPE
T20190017180,2019-09-05,18:50:00,1,Collision with vehicle,4,Thursday,130,REAR END(VEHICLES IN SAME LANE),3,583288,Not at intersection,3,60,Arterial Other,BURKE,STONNINGTON,-37.856678,145.05183,2019,9,September,18,Afternoon Peak,Weekday
T20190017122,2019-09-05,16:15:00,1,Collision with vehicle,4,Thursday,130,REAR END(VEHICLES IN SAME LANE),1,584811,Not at intersection,2,70,Arterial Highway,MOOROODUC,FRANKSTON,-38.150673,145.13412,2019,9,September,16,Afternoon Peak,Weekday
T20190017390,2019-09-05,16:30:00,1,Collision with vehicle,4,Thursday,121,RIGHT THROUGH,1,660180,T intersection,2,80,Arterial Highway,SOUTH GIPPSLAND,CASEY,-38.14113,145.30682,2019,9,September,16,Afternoon Peak,Weekday
T20190017091,2019-09-05,13:10:00,1,Collision with vehicle,4,Thursday,140,U TURN,1,583548,Not at intersection,3,50,Local Road,NICHOLSON,MARIBYRNONG,-37.81043,144.89787,2019,9,September,13,Midday,Weekday
T20190017081,2019-09-05,14:00:00,1,Collision with vehicle,4,Thursday,121,RIGHT THROUGH,1,39259,Cross intersection,2,60,Arterial Other,CANTERBURY,WHITEHORSE,-37.82772,145.11288,2019,9,September,14,Midday,Weekday
T20190017083,2019-09-05,10:20:00,1,Collision with vehicle,4,Thursday,130,REAR END(VEHICLES IN SAME LANE),1,612144,Not at intersection,2,40,Arterial Other,DERRIMUT,WYNDHAM,-37.826767,144.69237,2019,9,September,10,Midday,Weekday
T20190017066,2019-09-05,10:20:00,1,Collision with vehicle,4,Thursday,110,CROSS TRAFFIC(INTERSECTIONS ONLY),1,19645,Cross intersection,3,100,Local Road,BAMAWM,CAMPASPE,-36.271107,144.61722,2019,9,September,10,Midday,Weekday
T20190017047,2019-09-05,07:35:00,5,collision with some other object,4,Thursday,166,STRUCK OBJECT ON CARRIAGEWAY,1,289707,Not at intersection,2,80,Freeway,WEST GATE,MARIBYRNONG,-37.824406,144.87354,2019,9,September,7,Morning Peak,Weekday
T20190017084,2019-09-05,13:55:00,8,No collision and no object struck,4,Thursday,174,OUT OF CONTROL ON CARRIAGEWAY (ON STRAIGHT),1,593030,Cross intersection,2,50,Local Road,ORCHID,MELTON,-37.66552,144.53801,2019,9,September,13,Midday,Weekday
T20190017086,2019-09-05,09:54:00,8,No collision and no object struck,4,Thursday,180,OFF CARRIAGEWAY ON RIGHT BEND,1,597079,Not at intersection,2,60,Arterial Other,MOUNT MACEDON,MACEDON RANGES,-37.38977,144.59589,2019,9,September,9,Morning Peak,Weekday
T20190017126,2019-09-05,18:18:00,1,Collision with vehicle,4,Thursday,120,HEAD ON (NOT OVERTAKING),5,616134,Not at intersection,2,80,Arterial Other,DONNYBROOK,HUME,-37.538303,144.92854,2019,9,September,18,Afternoon Peak,Weekday
T20190017090,2019-09-05,07:48:00,1,Collision with vehicle,4,Thursday,133,LANE SIDE SWIPE (VEHICLES IN PARALLEL LANES),1,583714,Not at intersection,2,60,Local Road,CARRICK,HUME,-37.69939,144.88713,2019,9,September,7,Morning Peak,Weekday
T20190017115,2019-09-05,18:40:00,1,Collision with vehicle,4,Thursday,199,UNKNOWN-NO DETAILS ON MANOEUVRES OF ROAD-USERS IN ACCIDENT,6,43626,Cross intersection,3,60,Arterial Other,CENTRE,CASEY,-38.029064,145.30089,2019,9,September,18,Afternoon Peak,Weekday
T20190017727,2019-09-05,08:30:00,5,collision with some other object,4,Thursday,179,OTHER ACCIDENTS-OFF STRAIGHT NOT INCLUDED IN DCAs 170-175,1,584819,Not at intersection,3,40,Local Road,ALEXANDRA,MELBOURNE,-37.826702,144.9796,2019,9,September,8,Morning Peak,Weekday
T20190017092,2019-09-05,09:30:00,1,Collision with vehicle,4,Thursday,121,RIGHT THROUGH,1,43129,Cross intersection,2,50,Local Road,BOX,CASEY,-37.995087,145.23802,2019,9,September,9,Morning Peak,Weekday
T20190017051,2019-09-05,09:20:00,4,Collision with a fixed object,4,Thursday,173,RIGHT OFF CARRIAGEWAY INTO OBJECT/PARKED VEHICLE,1,582850,Not at intersection,2,70,Arterial Other,BALLARTO,FRANKSTON,-38.119,145.20872,2019,9,September,9,Morning Peak,Weekday
T20190017099,2019-09-05,08:10:00,1,Collision with vehicle,4,Thursday,137,LEFT TURN SIDESWIPE,1,36619,Cross intersection,3,30,Local Road,MATER,YARRA,-37.795666,144.98795,2019,9,September,8,Morning Peak,Weekday
T20190017121,2019-09-05,22:04:00,1,Collision with vehicle,4,Thursday,113,RIGHT NEAR (INTERSECTIONS ONLY),3,71573,T intersection,3,50,Local Road,DAWSON,WELLINGTON,-38.09424,147.07384,2019,9,September,22,Night,Weekday
T20190017145,2019-09-05,14:18:00,6,Vehicle overturned (no collision),4,Thursday,174,OUT OF CONTROL ON CARRIAGEWAY (ON STRAIGHT),9,583988,T intersection,3,40,Local Road,NICKSON,WHITTLESEA,-37.69675,145.0561,2019,9,September,14,Midday,Weekday
T20190019708,2019-09-05,10:50:00,1,Collision with vehicle,4,Thursday,113,RIGHT NEAR (INTERSECTIONS ONLY),1,41720,Cross intersection,3,60,Arterial Other,FORSTER,MONASH,-37.89492,145.13004,2019,9,September,10,Midday,Weekday
T20190017190,2019-09-05,18:30:00,1,Collision with vehicle,4,Thursday,131,LEFT REAR,3,603328,T intersection,3,60,Arterial Highway,RACECOURSE,MELBOURNE,-37.789005,144.93843,2019,9,September,18,Afternoon Peak,Weekday
T20190017123,2019-09-05,21:50:00,2,Struck Pedestrian,4,Thursday,100,PED NEAR SIDE. PED HIT BY VEHICLE FROM THE RIGHT.,3,65993,T intersection,2,70,Arterial Highway,WHITEHORSE,WHITEHORSE,-37.81651,145.19232,2019,9,September,21,Night,Weekday
T20190017330,2019-09-05,14:20:00,1,Collision with vehicle,4,Thursday,113,RIGHT NEAR (INTERSECTIONS ONLY),1,52261,T intersection,3,60,Local Road,CHESTNUT,LATROBE,-38.23124,146.43199,2019,9,September,14,Midday,Weekday
T20190017167,2019-09-05,10:33:00,2,Struck Pedestrian,4,Thursday,102,FAR SIDE. PED HIT BY VEHICLE FROM THE LEFT,1,584266,T intersection,2,60,Arterial Other,FLEMINGTON,MELBOURNE,-37.794106,144.94807,2019,9,September,10,Midday,Weekday
T20190017170,2019-09-05,06:10:00,4,Collision with a fixed object,4,Thursday,173,RIGHT OFF CARRIAGEWAY INTO OBJECT/PARKED VEHICLE,2,583716,Not at intersection,3,100,Local Road,WINDERMERE,GEELONG,-38.003296,144.35104,2019,9,September,6,Morning Peak,Weekday
T20200005941,2019-09-05,07:30:00,1,Collision with vehicle,4,Thursday,130,REAR END(VEHICLES IN SAME LANE),1,637175,Not at intersection,3,60,Arterial Highway,RINGWOOD,MAROONDAH,-37.810707,145.23016,2019,9,September,7,Morning Peak,Weekday
T20190017106,2019-09-05,17:00:00,1,Collision with vehicle,4,Thursday,120,HEAD ON (NOT OVERTAKING),1,586179,Not at intersection,3,60,Arterial Other,DORSET,KNOX,-37.864094,145.28552,2019,9,September,17,Afternoon Peak,Weekday
T20190017107,2019-09-05,15:55:00,1,Collision with vehicle,4,Thursday,132,RIGHT REAR.,1,594551,Not at intersection,3,50,Local Road,MCMAHON,LATROBE,-38.19008,146.5582,2019,9,September,15,Afternoon Peak,Weekday
T20190017860,2019-09-06,17:49:00,1,Collision with vehicle,5,Friday,150,HEAD ON(OVERTAKING),2,46001,T intersection,2,60,Arterial Other,WARRANDYTE,MAROONDAH,-37.795563,145.23521,2019,9,September,17,Afternoon Peak,Weekday
T20190017220,2019-09-06,22:10:00,1,Collision with vehicle,5,Friday,132,RIGHT REAR.,3,583989,Not at intersection,3,60,Arterial Highway,BELL,MORELAND,-37.74198,144.97215,2019,9,September,22,Night,Weekday
T20190017215,2019-09-06,06:15:00,1,Collision with vehicle,5,Friday,133,LANE SIDE SWIPE (VEHICLES IN PARALLEL LANES),2,583123,Not at intersection,2,100,Freeway,PRINCES,HOBSONS BAY,-37.867897,144.77016,2019,9,September,6,Morning Peak,Weekday
T20190019094,2019-09-06,22:30:00,2,Struck Pedestrian,5,Friday,100,PED NEAR SIDE. PED HIT BY VEHICLE FROM THE RIGHT.,3,49713,T intersection,3,60,Arterial Other,THOMPSON,GEELONG,-38.09004,144.34743,2019,9,September,22,Night,Weekday
T20190017969,2019-09-06,18:30:00,1,Collision with vehicle,5,Friday,163,VEHICLE STRIKES DOOR OF PARKED/STATIONARY VEHICLE,6,605345,Not at intersection,3,40,Arterial Other,JOHNSTON,YARRA,-37.799915,144.99371,2019,9,September,18,Afternoon Peak,Weekday
T20190017243,2019-09-06,08:25:00,1,Collision with vehicle,5,Friday,136,RIGHT TURN SIDESWIPE,1,44469,Cross intersection,3,60,Arterial Other,FYANS,GEELONG,-38.1617,144.35411,2019,9,September,8,Morning Peak,Weekday
T20190017275,2019-09-06,20:10:00,1,Collision with vehicle,5,Friday,113,RIGHT NEAR (INTERSECTIONS ONLY),3,588144,T intersection,2,70,Freeway,GEELONG ROAD -PRINCES,WYNDHAM,-37.824074,144.82399,2019,9,September,20,Night,Weekday
T20190017830,2019-09-06,10:02:00,1,Collision with vehicle,5,Friday,130,REAR END(VEHICLES IN SAME LANE),1,586467,Not at intersection,3,60,Arterial Highway,GREENSBOROUGH,NILLUMBIK,-37.689407,145.11282,2019,9,September,10,Midday,Weekday
T20190021224,2019-09-06,16:10:00,1,Collision with vehicle,5,Friday,130,REAR END(VEHICLES IN SAME LANE),1,51570,Cross intersection,3,60,Arterial Highway,NAPIER,BENDIGO,-36.74978,144.29076,2019,9,September,16,Afternoon Peak,Weekday
T20190017193,2019-09-06,16:10:00,1,Collision with vehicle,5,Friday,121,RIGHT THROUGH,1,304410,T intersection,3,80,Arterial Highway,GLADSTONE,STONNINGTON,-37.864197,145.02321,2019,9,September,16,Afternoon Peak,Weekday
T20190017192,2019-09-06,14:55:00,1,Collision with vehicle,5,Friday,132,RIGHT REAR.,1,658584,Cross intersection,2,60,Arterial Highway,CHELTENHAM,DANDENONG,-37.991386,145.20901,2019,9,September,14,Midday,Weekday
T20190017483,2019-09-06,05:40:00,4,Collision with a fixed object,5,Friday,173,RIGHT OFF CARRIAGEWAY INTO OBJECT/PARKED VEHICLE,3,584273,Not at intersection,2,50,Local Road,LANDSCAPE,YARRA RANGES,-37.764526,145.32611,2019,9,September,5,Morning Peak,Weekday
T20190017191,2019-09-06,16:55:00,1,Collision with vehicle,5,Friday,113,RIGHT NEAR (INTERSECTIONS ONLY),1,616430,T intersection,3,60,Arterial Other,WALLAN,WHITTLESEA,-37.511852,145.11383,2019,9,September,16,Afternoon Peak,Weekday
T20190018698,2019-09-06,15:20:00,1,Collision with vehicle,5,Friday,121,RIGHT THROUGH,1,39959,Cross intersection,3,60,Arterial Other,BLACKSHAWS,HOBSONS BAY,-37.83207,144.85632,2019,9,September,15,Afternoon Peak,Weekday
T20190017147,2019-09-06,08:28:00,1,Collision with vehicle,5,Friday,113,RIGHT NEAR (INTERSECTIONS ONLY),1,324454,Cross intersection,2,100,Arterial Other,MAFFRA-ROSEDALE,WELLINGTON,-38.11924,146.86026,2019,9,September,8,Morning Peak,Weekday
T20190017150,2019-09-06,10:40:00,1,Collision with vehicle,5,Friday,136,RIGHT TURN SIDESWIPE,1,311042,Cross intersection,3,80,Arterial Highway,FRANKSTON-DANDENONG ROAD -THOMPSON,DANDENONG,-38.071754,145.19444,2019,9,September,10,Midday,Weekday
T20190018030,2019-09-06,14:55:00,1,Collision with vehicle,5,Friday,111,RIGHT FAR (INTERSECTIONS ONLY),9,39391,Cross intersection,3,60,Arterial Other,MIDDLEBOROUGH,WHITEHORSE,-37.809143,145.14056,2019,9,September,14,Midday,Weekday
T20190017230,2019-09-06,14:40:00,1,Collision with vehicle,5,Friday,163,VEHICLE STRIKES DOOR OF PARKED/STATIONARY VEHICLE,1,658587,Not at intersection,3,40,Local Road,COLLINS,MELBOURNE,-37.817875,144.9583,2019,9,September,14,Midday,Weekday
T20190017200,2019-09-06,19:50:00,1,Collision with vehicle,5,Friday,147,VEHICLE STRIKES ANOTHER VEH WHILE EMERGING FROM DRIVEWAY,3,584267,Not at intersection,3,50,Local Road,LEWIS,KNOX,-37.859386,145.2521,2019,9,September,19,Night,Weekday
T20190017184,2019-09-06,14:53:00,1,Collision with vehicle,5,Friday,130,REAR END(VEHICLES IN SAME LANE),1,98523,Not at intersection,3,80,Arterial Highway,NEPEAN,KINGSTON,-37.94712,145.04459,2019,9,September,14,Midday,Weekday
T20190017164,2019-09-06,10:30:00,1,Collision with vehicle,5,Friday,110,CROSS TRAFFIC(INTERSECTIONS ONLY),1,583554,Cross intersection,2,70,Arterial Other,BALLARAT,BRIMBANK,-37.76958,144.77129,2019,9,September,10,Midday,Weekday
T20190017175,2019-09-06,13:30:00,1,Collision with vehicle,5,Friday,110,CROSS TRAFFIC(INTERSECTIONS ONLY),1,71833,Cross intersection,2,50,Local Road,BRITANNIA,GEELONG,-38.133923,144.34111,2019,9,September,13,Midday,Weekday
T20190017177,2019-09-06,13:52:00,4,Collision with a fixed object,5,Friday,171,LEFT OFF CARRIAGEWAY INTO OBJECT/PARKED VEHICLE,1,583124,Not at intersection,1,60,Local Road,THOMAS BRUNTON,HUME,-37.633064,144.92883,2019,9,September,13,Midday,Weekday
T20190017513,2019-09-06,06:15:00,1,Collision with vehicle,5,Friday,121,RIGHT THROUGH,1,44772,T intersection,3,60,Arterial Other,PARA,BANYULE,-37.72702,145.11359,2019,9,September,6,Morning Peak,Weekday
T20190017179,2019-09-06,16:00:00,1,Collision with vehicle,5,Friday,110,CROSS TRAFFIC(INTERSECTIONS ONLY),1,286287,Cross intersection,3,60,Arterial Other,YARRALUMLA,WODONGA,-36.148605,146.87386,2019,9,September,16,Afternoon Peak,Weekday
T20190017351,2019-09-06,12:45:00,1,Collision with vehicle,5,Friday,160,VEHICLE COLLIDES WITH VEHICLE PARKED ON LEFT OF ROAD,1,583725,Not at intersection,2,60,Arterial Other,BEACH,BAYSIDE,-37.994183,145.03955,2019,9,September,12,Midday,Weekday
T20190017205,2019-09-06,17:50:00,1,Collision with vehicle,5,Friday,110,CROSS TRAFFIC(INTERSECTIONS ONLY),3,52029,Cross intersection,3,100,Arterial Highway,PRINCES,WELLINGTON,-38.068024,147.0738,2019,9,September,17,Afternoon Peak,Weekday
T20190017185,2019-09-06,08:00:00,4,Collision with a fixed object,5,Friday,183,OFF LEFT BEND INTO OBJECT/PARKED VEHICLE,1,584813,Not at intersection,2,100,Arterial Other,CASTERTON-PENOLA,GLENELG,-37.585,141.31656,2019,9,September,8,Morning Peak,Weekday
T20190017204,2019-09-06,19:20:00,2,Struck Pedestrian,5,Friday,102,FAR SIDE. PED HIT BY VEHICLE FROM THE LEFT,5,588143,Not at intersection,3,30,Local Road,LAUREL,CASEY,-37.990818,145.24358,2019,9,September,19,Night,Weekday
T20190017142,2019-09-06,07:40:00,1,Collision with vehicle,5,Friday,132,RIGHT REAR.,1,625116,Not at intersection,2,60,Arterial Other,GRIMSHAW,BANYULE,-37.701202,145.0708,2019,9,September,7,Morning Peak,Weekday
T20190017136,2019-09-06,00:00:00,1,Collision with vehicle,5,Friday,113,RIGHT NEAR (INTERSECTIONS ONLY),5,583836,T intersection,2,80,Arterial Highway,SOUTH GIPPSLAND,CASEY,-38.03676,145.24782,2019,9,September,0,Late Night,Weekday
T20190017213,2019-09-06,21:25:00,4,Collision with a fixed object,5,Friday,175,OFF END OF ROAD/T-INTERSECTION.,3,71384,T intersection,2,50,Local Road,BELLNORE,GEELONG,-38.088596,144.3379,2019,9,September,21,Night,Weekday
T20190017196,2019-09-06,14:30:00,1,Collision with vehicle,5,Friday,148,VEHICLE OFF FOOTPATH STRIKES VEH ON CARRIAGEWAY,1,584541,Cross intersection,2,50,Local Road,PERIDOT,CARDINIA,-38.07206,145.43077,2019,9,September,14,Midday,Weekday
T20190017195,2019-09-06,15:50:00,1,Collision with vehicle,5,Friday,130,REAR END(VEHICLES IN SAME LANE),1,302627,T intersection,3,80,Arterial Highway,BURWOOD,KNOX,-37.874878,145.2537,2019,9,September,15,Afternoon Peak,Weekday
T20190017146,2019-09-06,08:15:00,1,Collision with vehicle,5,Friday,120,HEAD ON (NOT OVERTAKING),1,224077,Cross intersection,2,70,Local Road,ABBOTTS,DANDENONG,-38.034477,145.23463,2019,9,September,8,Morning Peak,Weekday
T20190017151,2019-09-06,10:55:00,1,Collision with vehicle,5,Friday,147,VEHICLE STRIKES ANOTHER VEH WHILE EMERGING FROM DRIVEWAY,1,583550,Not at intersection,2,50,Local Road,STEWART,MORELAND,-37.76462,144.97348,2019,9,September,10,Midday,Weekday
T20190017210,2019-09-06,14:40:00,1,Collision with vehicle,5,Friday,120,HEAD ON (NOT OVERTAKING),1,609579,Not at intersection,1,100,Arterial Highway,GOULBURN VALLEY,MOIRA,-36.16888,145.43185,2019,9,September,14,Midday,Weekday
T20190017181,2019-09-06,14:05:00,1,Collision with vehicle,5,Friday,113,RIGHT NEAR (INTERSECTIONS ONLY),1,279062,Cross intersection,3,60,Freeway,HAMILTON,GEELONG,-38.14132,144.29451,2019,9,September,14,Midday,Weekday
T20190017531,2019-09-06,06:30:00,8,No collision and no object struck,5,Friday,174,OUT OF CONTROL ON CARRIAGEWAY (ON STRAIGHT),9,589998,Not at intersection,3,60,Arterial Other,TOORAK,STONNINGTON,-37.84183,145.01518,2019,9,September,6,Morning Peak,Weekday
T20190017280,2019-09-06,18:45:00,2,Struck Pedestrian,5,Friday,100,PED NEAR SIDE. PED HIT BY VEHICLE FROM THE RIGHT.,3,29875,Multiple intersection,2,60,Freeway,TULLAMARINE OUT-MICKLEHAM,HUME,-37.6912,144.88199,2019,9,September,18,Afternoon Peak,Weekday
T20190017862,2019-09-07,10:45:00,1,Collision with vehicle,6,Saturday,110,CROSS TRAFFIC(INTERSECTIONS ONLY),1,39104,Cross intersection,3,50,Local Road,MAUD,BOROONDARA,-37.795033,145.06998,2019,9,September,10,Midday,Weekend
T20190017251,2019-09-07,10:25:00,1,Collision with vehicle,6,Saturday,130,REAR END(VEHICLES IN SAME LANE),1,612145,Not at intersection,3,90,Arterial Highway,WARBURTON,YARRA RANGES,-37.775757,145.48868,2019,9,September,10,Midday,Weekend
T20190017271,2019-09-07,16:10:00,1,Collision with vehicle,6,Saturday,110,CROSS TRAFFIC(INTERSECTIONS ONLY),1,36355,Cross intersection,3,50,Local Road,DRUMMOND,MELBOURNE,-37.805065,144.9677,2019,9,September,16,Afternoon Peak,Weekend
T20190018393,2019-09-07,15:00:00,1,Collision with vehicle,6,Saturday,140,U TURN,1,601058,Not at intersection,3,40,Arterial Other,GLENFERRIE,STONNINGTON,-37.85116,145.03014,2019,9,September,15,Afternoon Peak,Weekend
T20190017711,2019-09-07,13:00:00,2,Struck Pedestrian,6,Saturday,100,PED NEAR SIDE. PED HIT BY VEHICLE FROM THE RIGHT.,1,35302,Cross intersection,3,40,Arterial Other,CLARENDON,PORT PHILLIP,-37.830788,144.95955,2019,9,September,13,Midday,Weekend
T20190024279,2019-09-07,23:45:00,3,Struck animal,6,Saturday,167,STRUCK ANIMAL,5,651008,Not at intersection,3,60,Local Road,LONGFORD-GOLDEN BEACH,WELLINGTON,-38.20709,147.3905,2019,9,September,23,Night,Weekend
T20190017263,2019-09-07,15:15:00,1,Collision with vehicle,6,Saturday,171,LEFT OFF CARRIAGEWAY INTO OBJECT/PARKED VEHICLE,1,583551,Not at intersection,2,40,Local Road,HIGH,DAREBIN,-37.753654,145.00142,2019,9,September,15,Afternoon Peak,Weekend
T20190017262,2019-09-07,14:50:00,4,Collision with a fixed object,6,Saturday,183,OFF LEFT BEND INTO OBJECT/PARKED VEHICLE,1,589736,Not at intersection,2,100,Local Road,GLENROWAN-BOWEYA,BENALLA,-36.364677,146.13177,2019,9,September,14,Midday,Weekend
T20190017261,2019-09-07,15:45:00,2,Struck Pedestrian,6,Saturday,106,VEH STRIKES PED ON FOOTPATH/MEDIAN/TRAFFIC ISLAND.,1,658743,Not at intersection,3,60,Arterial Other,MAIN,BRIMBANK,-37.744347,144.80087,2019,9,September,15,Afternoon Peak,Weekend
T20190017260,2019-09-07,14:47:00,8,No collision and no object struck,6,Saturday,174,OUT OF CONTROL ON CARRIAGEWAY (ON STRAIGHT),1,583718,Not at intersection,2,50,Local Road,KEMP,DANDENONG,-37.941597,145.16415,2019,9,September,14,Midday,Weekend
T20190017255,2019-09-07,13:50:00,1,Collision with vehicle,6,Saturday,132,RIGHT REAR.,1,612146,Not at intersection,3,60,Arterial Highway,MAROONDAH,YARRA RANGES,-37.663784,145.51329,2019,9,September,13,Midday,Weekend
T20190019756,2019-09-07,01:54:00,1,Collision with vehicle,6,Saturday,160,VEHICLE COLLIDES WITH VEHICLE PARKED ON LEFT OF ROAD,3,47093,T intersection,3,50,Local Road,HEATHER,WHITTLESEA,-37.68189,145.00493,2019,9,September,1,Late Night,Weekend
T20190017249,2019-09-07,13:21:00,1,Collision with vehicle,6,Saturday,140,U TURN,1,616730,Not at intersection,2,40,Local Road,FLINDERS,MELBOURNE,-37.81886,144.9626,2019,9,September,13,Midday,Weekend
T20190017247,2019-09-07,11:10:00,3,Struck animal,6,Saturday,167,STRUCK ANIMAL,1,583991,Not at intersection,3,60,Arterial Highway,GREAT OCEAN,SURF COAST,-38.33887,144.30695,2019,9,September,11,Midday,Weekend
T20190017246,2019-09-07,10:25:00,1,Collision with vehicle,6,Saturday,130,REAR END(VEHICLES IN SAME LANE),1,43141,T intersection,3,80,Arterial Highway,PRINCES,CASEY,-38.002747,145.24536,2019,9,September,10,Midday,Weekend
T20190017245,2019-09-07,12:16:00,4,Collision with a fixed object,6,Saturday,173,RIGHT OFF CARRIAGEWAY INTO OBJECT/PARKED VEHICLE,1,658747,Not at intersection,3,100,Freeway,HUME-METROPOLITAN RING IN,WHITTLESEA,-37.6903,144.97842,2019,9,September,12,Midday,Weekend
T20190017751,2019-09-07,12:00:00,1,Collision with vehicle,6,Saturday,130,REAR END(VEHICLES IN SAME LANE),1,653273,Not at intersection,3,80,Arterial Highway,SOUTH GIPPSLAND,DANDENONG,-38.001793,145.22603,2019,9,September,12,Midday,Weekend
T20190017241,2019-09-07,10:40:00,1,Collision with vehicle,6,Saturday,140,U TURN,1,583990,Not at intersection,3,60,Arterial Other,LA TROBE,BALLARAT,-37.570473,143.81581,2019,9,September,10,Midday,Weekend
T20190017240,2019-09-07,11:50:00,4,Collision with a fixed object,6,Saturday,171,LEFT OFF CARRIAGEWAY INTO OBJECT/PARKED VEHICLE,1,586461,Cross intersection,3,100,Freeway,PENINSULA LINK,MORNINGTON PENINSULA,-38.21651,145.12935,2019,9,September,11,Midday,Weekend
T20190017239,2019-09-07,01:00:00,2,Struck Pedestrian,6,Saturday,100,PED NEAR SIDE. PED HIT BY VEHICLE FROM THE RIGHT.,3,590254,Not at intersection,2,40,Arterial Other,JOHNSTON,YARRA,-37.79818,144.97697,2019,9,September,1,Late Night,Weekend
T20190017234,2019-09-07,09:17:00,1,Collision with vehicle,6,Saturday,110,CROSS TRAFFIC(INTERSECTIONS ONLY),1,41391,Cross intersection,2,60,Arterial Other,JASPER,GLEN EIRA,-37.91165,145.04286,2019,9,September,9,Morning Peak,Weekend
T20190017233,2019-09-07,09:40:00,1,Collision with vehicle,6,Saturday,120,HEAD ON (NOT OVERTAKING),1,616729,Not at intersection,3,60,Arterial Other,BELGRAVE-HALLAM,YARRA RANGES,-37.925125,145.35901,2019,9,September,9,Morning Peak,Weekend
T20190017231,2019-09-07,07:25:00,1,Collision with vehicle,6,Saturday,116,LEFT NEAR (INTERSECTIONS ONLY),1,636056,T intersection,3,60,Local Road,CENTENARY,MELTON,-37.6731,144.57253,2019,9,September,7,Morning Peak,Weekend
T20190017228,2019-09-07,07:50:00,1,Collision with vehicle,6,Saturday,160,VEHICLE COLLIDES WITH VEHICLE PARKED ON LEFT OF ROAD,1,585607,Not at intersection,3,50,Local Road,MACPHERSON,MELBOURNE,-37.785046,144.96481,2019,9,September,7,Morning Peak,Weekend
T20190017278,2019-09-07,19:29:00,1,Collision with vehicle,6,Saturday,121,RIGHT THROUGH,3,45180,Cross intersection,3,50,Arterial Highway,WYNDHAM,SHEPPARTON,-36.383156,145.39891,2019,9,September,19,Night,Weekend
T20190017272,2019-09-07,17:48:00,1,Collision with vehicle,6,Saturday,130,REAR END(VEHICLES IN SAME LANE),3,314943,Not at intersection,2,100,Freeway,MONASH,MONASH,-37.88516,145.09782,2019,9,September,17,Afternoon Peak,Weekend
T20190017270,2019-09-07,17:09:00,1,Collision with vehicle,6,Saturday,110,CROSS TRAFFIC(INTERSECTIONS ONLY),1,50810,Cross intersection,2,100,Local Road,CAMPBELL,MOIRA,-35.940678,145.65977,2019,9,September,17,Afternoon Peak,Weekend
T20190020116,2019-09-07,11:30:00,1,Collision with vehicle,6,Saturday,130,REAR END(VEHICLES IN SAME LANE),1,45547,Cross intersection,3,50,Arterial Other,MELVILLE,MORELAND,-37.75867,144.94485,2019,9,September,11,Midday,Weekend
T20190017652,2019-09-07,10:40:00,1,Collision with vehicle,6,Saturday,130,REAR END(VEHICLES IN SAME LANE),1,584552,Not at intersection,3,100,Arterial Other,PLENTY,WHITTLESEA,-37.555317,145.10951,2019,9,September,10,Midday,Weekend
T20190017314,2019-09-07,07:10:00,1,Collision with vehicle,6,Saturday,116,LEFT NEAR (INTERSECTIONS ONLY),2,12900,Multiple intersection,3,80,Freeway,PRINCES OUT-CLYDE,CASEY,-38.044,145.34146,2019,9,September,7,Morning Peak,Weekend
T20190017295,2019-09-07,18:30:00,1,Collision with vehicle,6,Saturday,133,LANE SIDE SWIPE (VEHICLES IN PARALLEL LANES),3,593553,Not at intersection,3,80,Freeway,CITYLINK,MORELAND,-37.759064,144.93814,2019,9,September,18,Afternoon Peak,Weekend
T20190017293,2019-09-07,21:34:00,1,Collision with vehicle,6,Saturday,160,VEHICLE COLLIDES WITH VEHICLE PARKED ON LEFT OF ROAD,5,583230,Not at intersection,1,50,Local Road,APOLLO,CASEY,-38.0144,145.26788,2019,9,September,21,Night,Weekend
T20190017292,2019-09-07,22:20:00,6,Vehicle overturned (no collision),6,Saturday,174,OUT OF CONTROL ON CARRIAGEWAY (ON STRAIGHT),3,601733,T intersection,2,50,Local Road,OAKDEAN,GEELONG,-38.250633,144.54996,2019,9,September,22,Night,Weekend
T20190017291,2019-09-07,04:55:00,5,collision with some other object,6,Saturday,166,STRUCK OBJECT ON CARRIAGEWAY,5,583291,Not at intersection,2,80,Arterial Other,WESTERNPORT,BAW BAW,-38.17475,145.80093,2019,9,September,4,Late Night,Weekend
T20190017471,2019-09-07,04:20:00,4,Collision with a fixed object,6,Saturday,173,RIGHT OFF CARRIAGEWAY INTO OBJECT/PARKED VEHICLE,3,304121,Y intersection,2,70,Arterial Highway,GEELONG,MARIBYRNONG,-37.794567,144.90039,2019,9,September,4,Late Night,Weekend