ACCIDENT_NO,ACCIDENT_DATE,ACCIDENT_TIME,ACCIDENT_TYPE,ACCIDENT_TYPE_DESC,DAY_OF_WEEK,DAY_WEEK_DESC,DCA_CODE,DCA_DESC,LIGHT_CONDITION,NODE_ID,ROAD_GEOMETRY_DESC,SEVERITY,SPEED_ZONE,RMA,ROAD_NAME,LGA_NAME,LATITUDE,LONGITUDE,YEAR,MONTH,MONTH_NAME,HOUR,TIME_PERIOD,DAY_TYPE
T20190017288,2019-09-07,06:30:00,1,Collision with vehicle,6,Saturday,121,RIGHT THROUGH,2,584268,Not at intersection,3,50,Arterial Other,STATION,DAREBIN,-37.775646,145.01869,2019,9,September,6,Morning Peak,Weekend
T20190017287,2019-09-07,22:10:00,1,Collision with vehicle,6,Saturday,121,RIGHT THROUGH,3,871,Cross intersection,2,60,Arterial Highway,FRANKSTON-DANDENONG,DANDENONG,-37.99988,145.21823,2019,9,September,22,Night,Weekend
T20190017285,2019-09-07,20:10:00,1,Collision with vehicle,6,Saturday,169,OTHER ON PATH,3,644707,Not at intersection,3,50,Local Road,CARBINE,MANNINGHAM,-37.780693,145.17722,2019,9,September,20,Night,Weekend
T20190017283,2019-09-07,06:20:00,1,Collision with vehicle,6,Saturday,137,LEFT TURN SIDESWIPE,2,36287,Cross intersection,2,60,Arterial Other,VICTORIA,MELBOURNE,-37.806816,144.96437,2019,9,September,6,Morning Peak,Weekend
T20190017269,2019-09-07,12:28:00,1,Collision with vehicle,6,Saturday,130,REAR END(VEHICLES IN SAME LANE),1,603036,T intersection,3,60,Arterial Other,MAIN,BANYULE,-37.727085,145.11351,2019,9,September,12,Midday,Weekend
T20190017279,2019-09-07,18:00:00,1,Collision with vehicle,6,Saturday,110,CROSS TRAFFIC(INTERSECTIONS ONLY),3,36022,Cross intersection,3,60,Arterial Other,HOLMES,MORELAND,-37.758762,144.9745,2019,9,September,18,Afternoon Peak,Weekend
T20190017364,2019-09-08,23:45:00,4,Collision with a fixed object,7,Sunday,183,OFF LEFT BEND INTO OBJECT/PARKED VEHICLE,3,598777,Not at intersection,1,50,Local Road,SKYLINE,MACEDON RANGES,-37.479305,144.57965,2019,9,September,23,Night,Weekend
T20190017332,2019-09-08,14:41:00,4,Collision with a fixed object,7,Sunday,181,OFF RIGHT BEND INTO OBJECT/PARKED VEHICLE,1,583721,Not at intersection,2,80,Arterial Other,BOGONG HIGH PLAINS,ALPINE,-36.772217,147.21393,2019,9,September,14,Midday,Weekend
T20190017413,2019-09-08,05:00:00,5,collision with some other object,7,Sunday,166,STRUCK OBJECT ON CARRIAGEWAY,5,584270,Not at intersection,2,100,Arterial Other,WESTERNPORT,CARDINIA,-38.245804,145.68977,2019,9,September,5,Morning Peak,Weekend
T20190017365,2019-09-08,08:50:00,4,Collision with a fixed object,7,Sunday,181,OFF RIGHT BEND INTO OBJECT/PARKED VEHICLE,1,583993,Not at intersection,3,100,Freeway,WESTERN,BALLARAT,-37.55895,143.91718,2019,9,September,8,Morning Peak,Weekend
T20190017325,2019-09-08,05:00:00,1,Collision with vehicle,7,Sunday,130,REAR END(VEHICLES IN SAME LANE),6,604196,T intersection,3,80,Arterial Other,WHITTLESEA-YEA,MURRINDINDI,-37.321396,145.28815,2019,9,September,5,Morning Peak,Weekend
T20190018775,2019-09-08,08:30:00,1,Collision with vehicle,7,Sunday,111,RIGHT FAR (INTERSECTIONS ONLY),1,729093,T intersection,3,70,Arterial Other,BLACKBURN,MONASH,-37.893005,145.14444,2019,9,September,8,Morning Peak,Weekend
T20190017331,2019-09-08,14:55:00,1,Collision with vehicle,7,Sunday,121,RIGHT THROUGH,1,47219,T intersection,3,60,Arterial Highway,MELBA,YARRA RANGES,-37.65253,145.37627,2019,9,September,14,Midday,Weekend
T20190017346,2019-09-08,19:40:00,1,Collision with vehicle,7,Sunday,120,HEAD ON (NOT OVERTAKING),5,583724,Not at intersection,2,100,Arterial Other,MICKLEHAM,HUME,-37.534336,144.88412,2019,9,September,19,Night,Weekend
T20190017328,2019-09-08,14:15:00,1,Collision with vehicle,7,Sunday,110,CROSS TRAFFIC(INTERSECTIONS ONLY),1,584269,Cross intersection,2,60,Arterial Other,MURRAY,DAREBIN,-37.740795,145.02911,2019,9,September,14,Midday,Weekend
T20190018034,2019-09-08,11:00:00,4,Collision with a fixed object,7,Sunday,183,OFF LEFT BEND INTO OBJECT/PARKED VEHICLE,1,621442,Not at intersection,3,80,Arterial Highway,MAROONDAH,YARRA RANGES,-37.62153,145.59874,2019,9,September,11,Midday,Weekend
T20190017338,2019-09-08,16:10:00,1,Collision with vehicle,7,Sunday,110,CROSS TRAFFIC(INTERSECTIONS ONLY),1,37819,Cross intersection,2,60,Arterial Other,NICHOLSON,MORELAND,-37.778065,144.97842,2019,9,September,16,Afternoon Peak,Weekend
T20190017327,2019-09-08,13:20:00,1,Collision with vehicle,7,Sunday,133,LANE SIDE SWIPE (VEHICLES IN PARALLEL LANES),1,46984,T intersection,3,70,Arterial Highway,HODDLE,MELBOURNE,-37.810947,144.99113,2019,9,September,13,Midday,Weekend
T20190017320,2019-09-08,09:00:00,1,Collision with vehicle,7,Sunday,121,RIGHT THROUGH,1,583552,T intersection,2,60,Arterial Other,GALLAGHERS,MONASH,-37.875748,145.17896,2019,9,September,9,Morning Peak,Weekend
T20190017319,2019-09-08,10:50:00,1,Collision with vehicle,7,Sunday,116,LEFT NEAR (INTERSECTIONS ONLY),1,658217,T intersection,2,70,Arterial Other,CRANBOURNE,FRANKSTON,-38.148224,145.14513,2019,9,September,10,Midday,Weekend
T20190017317,2019-09-08,08:00:00,4,Collision with a fixed object,7,Sunday,181,OFF RIGHT BEND INTO OBJECT/PARKED VEHICLE,1,594429,Not at intersection,2,80,Arterial Other,HEALESVILLE-KOO WEE RUP,YARRA RANGES,-37.842896,145.52344,2019,9,September,8,Morning Peak,Weekend
T20190017350,2019-09-08,19:27:00,4,Collision with a fixed object,7,Sunday,173,RIGHT OFF CARRIAGEWAY INTO OBJECT/PARKED VEHICLE,5,586462,Not at intersection,2,100,Arterial Other,WELLINGTON,CARDINIA,-37.94908,145.38411,2019,9,September,19,Night,Weekend
T20190017307,2019-09-08,07:08:00,2,Struck Pedestrian,7,Sunday,103,PED PLAYING/LYING/WORKING/STANDING ON CARRIAGEWAY.,1,604483,T intersection,3,50,Local Road,MALIBU,BRIMBANK,-37.70033,144.80333,2019,9,September,7,Morning Peak,Weekend
T20190019222,2019-09-08,21:15:00,1,Collision with vehicle,7,Sunday,153,CUTTING IN (OVERTAKING),3,590745,Not at intersection,3,80,Arterial Highway,BURWOOD,KNOX,-37.876316,145.25746,2019,9,September,21,Night,Weekend
T20190017302,2019-09-08,05:45:00,1,Collision with vehicle,7,Sunday,113,RIGHT NEAR (INTERSECTIONS ONLY),2,43692,T intersection,3,50,Arterial Other,RIDDELL,HUME,-37.575623,144.72878,2019,9,September,5,Morning Peak,Weekend
T20190017301,2019-09-08,02:03:00,8,No collision and no object struck,7,Sunday,170,OFF CARRIAGEWAY TO LEFT,5,664476,Not at intersection,2,100,Arterial Other,CASTERTON-PENOLA,GLENELG,-37.525124,141.02715,2019,9,September,2,Late Night,Weekend
T20190017299,2019-09-08,00:06:00,1,Collision with vehicle,7,Sunday,121,RIGHT THROUGH,3,38761,T intersection,2,60,Arterial Other,PLENTY,WHITTLESEA,-37.681843,145.06912,2019,9,September,0,Late Night,Weekend
T20190017348,2019-09-08,19:36:00,1,Collision with vehicle,7,Sunday,150,HEAD ON(OVERTAKING),5,620213,Not at intersection,2,100,Arterial Highway,NORTHERN,MITCHELL,-37.4364,144.97755,2019,9,September,19,Night,Weekend
T20190017352,2019-09-08,22:45:00,8,No collision and no object struck,7,Sunday,174,OUT OF CONTROL ON CARRIAGEWAY (ON STRAIGHT),9,35376,Cross intersection,3,70,Arterial Highway,HODDLE STREET -PUNT,MELBOURNE,-37.817554,144.99002,2019,9,September,22,Night,Weekend
T20190017353,2019-09-08,23:30:00,2,Struck Pedestrian,7,Sunday,109,ANY MANOEUVRE INVOLVING PED NOT INCLUDED IN DCAs 100-108.,3,783788,Not at intersection,2,40,Local Road,DEPARTURE,HUME,-37.670143,144.84929,2019,9,September,23,Night,Weekend
T20200010586,2019-09-08,08:00:00,5,collision with some other object,7,Sunday,166,STRUCK OBJECT ON CARRIAGEWAY,1,654635,Not at intersection,3,50,Local Road,NEW,BAYSIDE,-37.919098,144.993,2019,9,September,8,Morning Peak,Weekend
T20190017322,2019-09-08,10:08:00,4,Collision with a fixed object,7,Sunday,173,RIGHT OFF CARRIAGEWAY INTO OBJECT/PARKED VEHICLE,1,584542,Not at intersection,3,100,Arterial Highway,PRINCES,CORANGAMITE,-38.34009,143.3682,2019,9,September,10,Midday,Weekend
T20190017342,2019-09-08,18:50:00,2,Struck Pedestrian,7,Sunday,100,PED NEAR SIDE. PED HIT BY VEHICLE FROM THE RIGHT.,3,354308,Cross intersection,3,60,Arterial Highway,MITCHAM,WHITEHORSE,-37.816437,145.19368,2019,9,September,18,Afternoon Peak,Weekend
T20190017323,2019-09-08,13:10:00,1,Collision with vehicle,7,Sunday,120,HEAD ON (NOT OVERTAKING),1,658751,Not at intersection,3,60,Arterial Other,HALLAM SOUTH,CASEY,-38.014782,145.27159,2019,9,September,13,Midday,Weekend
T20190018230,2019-09-08,20:30:00,4,Collision with a fixed object,7,Sunday,181,OFF RIGHT BEND INTO OBJECT/PARKED VEHICLE,5,586478,Not at intersection,3,100,Arterial Other,BEECH FOREST-LAVERS HILL,COLAC OTWAY,-38.63212,143.54472,2019,9,September,20,Night,Weekend
T20190017337,2019-09-08,16:15:00,4,Collision with a fixed object,7,Sunday,171,LEFT OFF CARRIAGEWAY INTO OBJECT/PARKED VEHICLE,1,658750,Not at intersection,3,80,Local Road,DALMORE,CASEY,-38.21309,145.4147,2019,9,September,16,Afternoon Peak,Weekend
T20190017333,2019-09-08,13:50:00,5,collision with some other object,7,Sunday,166,STRUCK OBJECT ON CARRIAGEWAY,1,590998,Not at intersection,2,100,Arterial Other,HAMILTON-PORT FAIRY,MOYNE,-38.203167,142.10303,2019,9,September,13,Midday,Weekend
T20190017412,2019-09-09,19:30:00,7,Fall from or in moving vehicle,1,Monday,190,FELL IN/FROM VEHICLE,3,583727,Not at intersection,3,60,Arterial Highway,BELL,MORELAND,-37.738422,144.93925,2019,9,September,19,Night,Weekday
T20190019156,2019-09-09,04:40:00,1,Collision with vehicle,1,Monday,130,REAR END(VEHICLES IN SAME LANE),6,47788,Multiple intersection,3,100,Freeway,BALLARAT,BRIMBANK,-37.77048,144.79507,2019,9,September,4,Late Night,Weekday
T20190017949,2019-09-09,17:30:00,1,Collision with vehicle,1,Monday,130,REAR END(VEHICLES IN SAME LANE),9,29820,Cross intersection,3,60,Arterial Other,BUCKLEY,MOONEE VALLEY,-37.75086,144.86197,2019,9,September,17,Afternoon Peak,Weekday
T20190022933,2019-09-09,14:35:00,1,Collision with vehicle,1,Monday,130,REAR END(VEHICLES IN SAME LANE),1,617323,Not at intersection,3,80,Arterial Other,COOPER,HUME,-37.64517,144.9637,2019,9,September,14,Midday,Weekday
T20190018013,2019-09-09,11:20:00,2,Struck Pedestrian,1,Monday,102,FAR SIDE. PED HIT BY VEHICLE FROM THE LEFT,1,29526,Cross intersection,3,50,Arterial Other,BUCKLEY,MARIBYRNONG,-37.80398,144.89742,2019,9,September,11,Midday,Weekday
T20190018760,2019-09-09,15:55:00,1,Collision with vehicle,1,Monday,130,REAR END(VEHICLES IN SAME LANE),1,596586,Not at intersection,3,70,Arterial Other,MANNINGHAM,MANNINGHAM,-37.766506,145.09093,2019,9,September,15,Afternoon Peak,Weekday
T20190017431,2019-09-09,15:45:00,1,Collision with vehicle,1,Monday,130,REAR END(VEHICLES IN SAME LANE),1,583998,Not at intersection,3,60,Arterial Highway,RAGLAN,WARRNAMBOOL,-38.380657,142.48529,2019,9,September,15,Afternoon Peak,Weekday
T20190017385,2019-09-09,12:30:00,1,Collision with vehicle,1,Monday,130,REAR END(VEHICLES IN SAME LANE),1,591759,Cross intersection,2,60,Local Road,COLCHESTER,YARRA RANGES,-37.801884,145.308,2019,9,September,12,Midday,Weekday
T20190017563,2019-09-09,20:12:00,2,Struck Pedestrian,1,Monday,100,PED NEAR SIDE. PED HIT BY VEHICLE FROM THE RIGHT.,3,29648,Cross intersection,3,60,Arterial Other,WAVERLEY,STONNINGTON,-37.875977,145.04817,2019,9,September,20,Night,Weekday
T20190017489,2019-09-09,14:30:00,1,Collision with vehicle,1,Monday,142,LEAVING PARKING,1,588706,Not at intersection,3,40,Local Road,BEAVIS,GLEN EIRA,-37.883854,145.00769,2019,9,September,14,Midday,Weekday
T20190017451,2019-09-09,10:56:00,1,Collision with vehicle,1,Monday,130,REAR END(VEHICLES IN SAME LANE),1,585609,Not at intersection,2,100,Freeway,PRINCES,CARDINIA,-38.07391,145.39781,2019,9,September,10,Midday,Weekday
T20190017386,2019-09-09,12:30:00,2,Struck Pedestrian,1,Monday,100,PED NEAR SIDE. PED HIT BY VEHICLE FROM THE RIGHT.,1,53272,T intersection,3,40,Local Road,FRANKLIN,MELBOURNE,-37.809677,144.95547,2019,9,September,12,Midday,Weekday
T20190017388,2019-09-09,11:45:00,1,Collision with vehicle,1,Monday,169,OTHER ON PATH,1,588431,Not at intersection,2,40,Local Road,WESTMERE,HUME,-37.663464,144.93124,2019,9,September,11,Midday,Weekday
T20190022407,2019-09-09,16:30:00,3,Struck animal,1,Monday,167,STRUCK ANIMAL,1,600506,Not at intersection,3,80,Arterial Other,WHITTLESEA-YEA,WHITTLESEA,-37.49067,145.21042,2019,9,September,16,Afternoon Peak,Weekday
T20190018409,2019-09-09,08:33:00,1,Collision with vehicle,1,Monday,130,REAR END(VEHICLES IN SAME LANE),1,592759,Not at intersection,3,60,Local Road,TARNEIT,WYNDHAM,-37.831177,144.67302,2019,9,September,8,Morning Peak,Weekday
T20190017404,2019-09-09,15:35:00,1,Collision with vehicle,1,Monday,130,REAR END(VEHICLES IN SAME LANE),1,316337,Cross intersection,2,60,Arterial Highway,CALDER,BENDIGO,-36.75981,144.24515,2019,9,September,15,Afternoon Peak,Weekday
T20190017399,2019-09-09,15:43:00,1,Collision with vehicle,1,Monday,110,CROSS TRAFFIC(INTERSECTIONS ONLY),1,60375,Cross intersection,3,60,Local Road,MOORE,ARARAT,-37.28519,142.93391,2019,9,September,15,Afternoon Peak,Weekday
T20190017393,2019-09-09,13:15:00,2,Struck Pedestrian,1,Monday,100,PED NEAR SIDE. PED HIT BY VEHICLE FROM THE RIGHT.,1,596849,T intersection,2,40,Local Road,SWANSTON,MELBOURNE,-37.805096,144.96317,2019,9,September,13,Midday,Weekday
T20190017391,2019-09-09,10:20:00,1,Collision with vehicle,1,Monday,140,U TURN,1,583996,Not at intersection,3,60,Arterial Other,PRINCES,BAW BAW,-38.140526,145.86769,2019,9,September,10,Midday,Weekday
T20190017539,2019-09-09,15:00:00,1,Collision with vehicle,1,Monday,130,REAR END(VEHICLES IN SAME LANE),1,603900,T intersection,3,80,Arterial Highway,NEPEAN,KINGSTON,-37.973755,145.06425,2019,9,September,15,Afternoon Peak,Weekday
T20190017481,2019-09-09,23:00:00,2,Struck Pedestrian,1,Monday,100,PED NEAR SIDE. PED HIT BY VEHICLE FROM THE RIGHT.,5,36826,Cross intersection,3,40,Arterial Other,DUDLEY,MELBOURNE,-37.80924,144.95236,2019,9,September,23,Night,Weekday
T20190017400,2019-09-09,15:45:00,1,Collision with vehicle,1,Monday,110,CROSS TRAFFIC(INTERSECTIONS ONLY),1,60579,Cross intersection,3,50,Local Road,MAHONEYS,MACEDON RANGES,-37.459427,144.67856,2019,9,September,15,Afternoon Peak,Weekday
T20190017358,2019-09-09,02:21:00,4,Collision with a fixed object,1,Monday,171,LEFT OFF CARRIAGEWAY INTO OBJECT/PARKED VEHICLE,3,67296,T intersection,2,40,Arterial Other,HIGH,STONNINGTON,-37.8526,144.99884,2019,9,September,2,Late Night,Weekday
T20190017360,2019-09-09,01:30:00,4,Collision with a fixed object,1,Monday,173,RIGHT OFF CARRIAGEWAY INTO OBJECT/PARKED VEHICLE,3,598196,Not at intersection,2,60,Arterial Other,BURKE,BOROONDARA,-37.80946,145.06087,2019,9,September,1,Late Night,Weekday
T20190020754,2019-09-09,08:30:00,1,Collision with vehicle,1,Monday,145,REVERSING IN STREAM OF TRAFFIC,1,658825,Not at intersection,3,40,Arterial Other,MAIN,BRIMBANK,-37.745342,144.80916,2019,9,September,8,Morning Peak,Weekday
T20190017374,2019-09-09,10:40:00,2,Struck Pedestrian,1,Monday,108,PED STRUCK WALKING TO/FROM OR BOARDING/ALIGHTING VEHICLE.,1,600462,Not at intersection,2,50,Local Road,HOVELL,WODONGA,-36.123955,146.88863,2019,9,September,10,Midday,Weekday
T20190017376,2019-09-09,10:20:00,4,Collision with a fixed object,1,Monday,171,LEFT OFF CARRIAGEWAY INTO OBJECT/PARKED VEHICLE,1,658795,Not at intersection,3,50,Local Road,THE WATERWAYS,KINGSTON,-38.016144,145.13658,2019,9,September,10,Midday,Weekday
T20190017408,2019-09-09,17:15:00,1,Collision with vehicle,1,Monday,110,CROSS TRAFFIC(INTERSECTIONS ONLY),2,586180,Cross intersection,3,80,Arterial Highway,PRINCES,COLAC OTWAY,-38.311996,143.68576,2019,9,September,17,Afternoon Peak,Weekday
T20190017409,2019-09-09,18:50:00,1,Collision with vehicle,1,Monday,121,RIGHT THROUGH,3,42958,Cross intersection,2,60,Arterial Other,CHANDLER,DANDENONG,-37.98731,145.18326,2019,9,September,18,Afternoon Peak,Weekday
T20190017411,2019-09-09,07:55:00,2,Struck Pedestrian,1,Monday,100,PED NEAR SIDE. PED HIT BY VEHICLE FROM THE RIGHT.,2,61063,T intersection,2,50,Local Road,HOTHLYN,HUME,-37.60524,144.9373,2019,9,September,7,Morning Peak,Weekday
T20190017433,2019-09-10,09:07:00,1,Collision with vehicle,2,Tuesday,110,CROSS TRAFFIC(INTERSECTIONS ONLY),1,51952,Cross intersection,3,40,Local Road,GRANT,EAST GIPPSLAND,-37.826775,147.62135,2019,9,September,9,Morning Peak,Weekday
T20190017441,2019-09-10,06:40:00,1,Collision with vehicle,2,Tuesday,130,REAR END(VEHICLES IN SAME LANE),9,658828,Not at intersection,3,100,Freeway,MONASH,MONASH,-37.92409,145.17809,2019,9,September,6,Morning Peak,Weekday
T20190017458,2019-09-10,09:51:00,1,Collision with vehicle,2,Tuesday,121,RIGHT THROUGH,1,40704,T intersection,2,60,Arterial Other,STEPHENSONS,MONASH,-37.87393,145.12935,2019,9,September,9,Morning Peak,Weekday
T20190017821,2019-09-10,08:10:00,1,Collision with vehicle,2,Tuesday,143,ENTERING PARKING,1,588972,Not at intersection,3,40,Local Road,HIGHETT,YARRA,-37.81614,145.0017,2019,9,September,8,Morning Peak,Weekday
T20190017544,2019-09-10,18:10:00,1,Collision with vehicle,2,Tuesday,130,REAR END(VEHICLES IN SAME LANE),1,44726,T intersection,3,60,Arterial Other,GRIMSHAW,BANYULE,-37.70406,145.09796,2019,9,September,18,Afternoon Peak,Weekday
T20190017734,2019-09-10,12:57:00,8,No collision and no object struck,2,Tuesday,174,OUT OF CONTROL ON CARRIAGEWAY (ON STRAIGHT),1,584821,Cross intersection,2,50,Arterial Other,TERRILL,MOORABOOL,-37.472622,144.30626,2019,9,September,12,Midday,Weekday
T20190017437,2019-09-10,08:02:00,1,Collision with vehicle,2,Tuesday,121,RIGHT THROUGH,1,206,Cross intersection,2,40,Arterial Other,KING,MELBOURNE,-37.818356,144.95663,2019,9,September,8,Morning Peak,Weekday
T20190017803,2019-09-10,08:45:00,1,Collision with vehicle,2,Tuesday,130,REAR END(VEHICLES IN SAME LANE),1,42087,Cross intersection,3,50,Local Road,HIGHETT,BAYSIDE,-37.94608,145.01964,2019,9,September,8,Morning Peak,Weekday
T20190019112,2019-09-10,14:45:00,1,Collision with vehicle,2,Tuesday,130,REAR END(VEHICLES IN SAME LANE),1,259503,T intersection,3,60,Local Road,KURUNG,BRIMBANK,-37.726357,144.77116,2019,9,September,14,Midday,Weekday
T20190017514,2019-09-10,11:00:00,1,Collision with vehicle,2,Tuesday,113,RIGHT NEAR (INTERSECTIONS ONLY),1,46327,T intersection,3,60,Local Road,GLADSTONE,DANDENONG,-37.962997,145.20615,2019,9,September,11,Midday,Weekday
T20190017582,2019-09-10,16:00:00,2,Struck Pedestrian,2,Tuesday,100,PED NEAR SIDE. PED HIT BY VEHICLE FROM THE RIGHT.,1,45110,Cross intersection,2,70,Arterial Other,BALLARAT,BRIMBANK,-37.779194,144.84718,2019,9,September,16,Afternoon Peak,Weekday
T20190017454,2019-09-10,12:45:00,1,Collision with vehicle,2,Tuesday,147,VEHICLE STRIKES ANOTHER VEH WHILE EMERGING FROM DRIVEWAY,1,660104,Not at intersection,2,70,Arterial Other,CANTERBURY,MAROONDAH,-37.822334,145.30127,2019,9,September,12,Midday,Weekday
T20190018154,2019-09-10,16:00:00,1,Collision with vehicle,2,Tuesday,163,VEHICLE STRIKES DOOR OF PARKED/STATIONARY VEHICLE,1,79156,Not at intersection,2,60,Arterial Other,BRIDGE,YARRA,-37.820114,145.01373,2019,9,September,16,Afternoon Peak,Weekday
T20190017967,2019-09-10,17:00:00,1,Collision with vehicle,2,Tuesday,113,RIGHT NEAR (INTERSECTIONS ONLY),1,35986,Cross intersection,2,40,Local Road,LYGON,MORELAND,-37.775867,144.97102,2019,9,September,17,Afternoon Peak,Weekday
T20190017453,2019-09-10,10:38:00,1,Collision with vehicle,2,Tuesday,121,RIGHT THROUGH,1,292841,Cross intersection,2,80,Freeway,BELGRAVE-HALLAM-MONASH IN,CASEY,-37.998283,145.27507,2019,9,September,10,Midday,Weekday
T20190017614,2019-09-10,06:30:00,1,Collision with vehicle,2,Tuesday,130,REAR END(VEHICLES IN SAME LANE),1,585081,Not at intersection,3,80,Arterial Other,MELTON,MELTON,-37.689976,144.7245,2019,9,September,6,Morning Peak,Weekday
T20190017426,2019-09-10,06:29:00,1,Collision with vehicle,2,Tuesday,130,REAR END(VEHICLES IN SAME LANE),1,617589,Not at intersection,2,80,Arterial Highway,PRINCES,GEELONG,-38.065975,144.3805,2019,9,September,6,Morning Peak,Weekday
T20190018627,2019-09-10,08:45:00,1,Collision with vehicle,2,Tuesday,141,U TURN INTO FIXED OBJECT/PARKED VEHICLE,1,591004,Not at intersection,3,40,Local Road,HERTFORD,BRIMBANK,-37.782684,144.84547,2019,9,September,8,Morning Peak,Weekday
T20190017502,2019-09-10,14:33:00,2,Struck Pedestrian,2,Tuesday,106,VEH STRIKES PED ON FOOTPATH/MEDIAN/TRAFFIC ISLAND.,1,594552,Not at intersection,3,50,Arterial Other,HIGH STREET SERVICE,MELTON,-37.68357,144.58131,2019,9,September,14,Midday,Weekday
T20190017501,2019-09-10,14:15:00,1,Collision with vehicle,2,Tuesday,121,RIGHT THROUGH,1,53620,Cross intersection,3,60,Local Road,HARVEST HOME,WHITTLESEA,-37.62132,145.01184,2019,9,September,14,Midday,Weekday
T20190017500,2019-09-10,20:40:00,2,Struck Pedestrian,2,Tuesday,102,FAR SIDE. PED HIT BY VEHICLE FROM THE LEFT,3,585333,Cross intersection,3,60,Arterial Other,MURRAY,DAREBIN,-37.739716,145.01968,2019,9,September,20,Night,Weekday
T20190017497,2019-09-10,16:55:00,4,Collision with a fixed object,2,Tuesday,181,OFF RIGHT BEND INTO OBJECT/PARKED VEHICLE,1,585611,Not at intersection,3,60,Arterial Highway,GREAT ALPINE,ALPINE,-36.572712,146.74039,2019,9,September,16,Afternoon Peak,Weekday
T20190017496,2019-09-10,21:21:00,1,Collision with vehicle,2,Tuesday,113,RIGHT NEAR (INTERSECTIONS ONLY),3,50479,T intersection,3,100,Arterial Highway,CALDER,MILDURA,-34.260628,142.18031,2019,9,September,21,Night,Weekday
T20190017484,2019-09-10,17:00:00,1,Collision with vehicle,2,Tuesday,163,VEHICLE STRIKES DOOR OF PARKED/STATIONARY VEHICLE,1,658832,Not at intersection,3,40,Local Road,COLLINS,MELBOURNE,-37.816494,144.9631,2019,9,September,17,Afternoon Peak,Weekday
T20190017494,2019-09-10,15:05:00,1,Collision with vehicle,2,Tuesday,111,RIGHT FAR (INTERSECTIONS ONLY),1,22513,T intersection,3,50,Arterial Other,RING,BALLARAT,-37.546577,143.79678,2019,9,September,15,Afternoon Peak,Weekday
T20190017580,2019-09-10,15:30:00,1,Collision with vehicle,2,Tuesday,130,REAR END(VEHICLES IN SAME LANE),1,585079,Not at intersection,3,70,Local Road,TARNEIT,WYNDHAM,-37.853786,144.66823,2019,9,September,15,Afternoon Peak,Weekday
T20190017491,2019-09-10,16:30:00,1,Collision with vehicle,2,Tuesday,130,REAR END(VEHICLES IN SAME LANE),1,658827,Not at intersection,3,80,Freeway,METROPOLITAN RING,NILLUMBIK,-37.687576,145.07822,2019,9,September,16,Afternoon Peak,Weekday
T20190017488,2019-09-10,16:50:00,1,Collision with vehicle,2,Tuesday,120,HEAD ON (NOT OVERTAKING),1,651361,Not at intersection,2,100,Arterial Other,GEELONG-BALLAN,GOLDEN PLAINS,-37.814056,144.19415,2019,9,September,16,Afternoon Peak,Weekday
T20190017445,2019-09-10,10:45:00,4,Collision with a fixed object,2,Tuesday,175,OFF END OF ROAD/T-INTERSECTION.,1,53153,T intersection,2,100,Local Road,DINGEE,LODDON,-36.37094,144.13301,2019,9,September,10,Midday,Weekday
T20190018972,2019-09-10,15:00:00,1,Collision with vehicle,2,Tuesday,119,OTHER ADJACENT (INTERSECTIONS ONLY),1,35388,T intersection,3,80,Arterial Other,WESTALL,KINGSTON,-37.979908,145.14267,2019,9,September,15,Afternoon Peak,Weekday
T20190017584,2019-09-10,08:40:00,2,Struck Pedestrian,2,Tuesday,101,PED EMERGES FROM IN FRONT OF PARKED OR STATIONARY VEHICLE,1,597947,Not at intersection,2,40,Local Road,ENTERPRISE,MELTON,-37.713615,144.72801,2019,9,September,8,Morning Peak,Weekday
T20190017518,2019-09-10,11:00:00,2,Struck Pedestrian,2,Tuesday,100,PED NEAR SIDE. PED HIT BY VEHICLE FROM THE RIGHT.,1,584275,T intersection,3,40,Local Road,MYERS,GEELONG,-38.15105,144.35774,2019,9,September,11,Midday,Weekday
T20190017442,2019-09-10,10:20:00,1,Collision with vehicle,2,Tuesday,110,CROSS TRAFFIC(INTERSECTIONS ONLY),1,51385,Cross intersection,3,50,Arterial Highway,HEYGARTH,CAMPASPE,-36.124355,144.7486,2019,9,September,10,Midday,Weekday
T20190017577,2019-09-10,08:30:00,1,Collision with vehicle,2,Tuesday,111,RIGHT FAR (INTERSECTIONS ONLY),1,617592,Cross intersection,3,80,Arterial Highway,PRINCES,BAW BAW,-38.205894,146.16615,2019,9,September,8,Morning Peak,Weekday
T20190017461,2019-09-10,13:45:00,5,collision with some other object,2,Tuesday,166,STRUCK OBJECT ON CARRIAGEWAY,1,617591,Not at intersection,2,60,Local Road,EUREKA,BALLARAT,-37.56565,143.88647,2019,9,September,13,Midday,Weekday
T20190017725,2019-09-10,10:45:00,1,Collision with vehicle,2,Tuesday,134,LANE CHANGE RIGHT (NOT OVERTAKING),1,621131,Not at intersection,3,70,Arterial Other,CAMPBELLFIELD-GREENSBOROUGH,DAREBIN,-37.695038,145.01219,2019,9,September,10,Midday,Weekday