ACCIDENT_NO,ACCIDENT_DATE,ACCIDENT_TIME,ACCIDENT_TYPE,ACCIDENT_TYPE_DESC,DAY_OF_WEEK,DAY_WEEK_DESC,DCA_CODE,DCA_DESC,LIGHT_CONDITION,NODE_ID,ROAD_GEOMETRY_DESC,SEVERITY,SPEED_ZONE,RMA,ROAD_NAME,LGA_NAME,LATITUDE,LONGITUDE,YEAR,MONTH,MONTH_NAME,HOUR,TIME_PERIOD,DAY_TYPE
T20190017470,2019-09-10,06:10:00,4,Collision with a fixed object,2,Tuesday,179,OTHER ACCIDENTS-OFF STRAIGHT NOT INCLUDED IN DCAs 170-175,2,584002,Not at intersection,3,60,Arterial Other,HEALESVILLE-KINGLAKE,YARRA RANGES,-37.654972,145.50563,2019,9,September,6,Morning Peak,Weekday
T20190017623,2019-09-10,21:55:00,5,collision with some other object,2,Tuesday,191,LOAD OR MISSILE STRUCK VEHICLE,6,605065,T intersection,2,50,Local Road,RAMSET,YARRA RANGES,-37.769844,145.30092,2019,9,September,21,Night,Weekday
T20190017473,2019-09-10,15:05:00,1,Collision with vehicle,2,Tuesday,110,CROSS TRAFFIC(INTERSECTIONS ONLY),1,38201,Cross intersection,3,50,Local Road,DAREBIN,BANYULE,-37.753757,145.06248,2019,9,September,15,Afternoon Peak,Weekday
T20190017474,2019-09-10,16:39:00,1,Collision with vehicle,2,Tuesday,113,RIGHT NEAR (INTERSECTIONS ONLY),1,355448,Cross intersection,2,60,Arterial Highway,MCIVOR,BENDIGO,-36.75728,144.29182,2019,9,September,16,Afternoon Peak,Weekday
T20190017593,2019-09-11,18:24:00,1,Collision with vehicle,3,Wednesday,121,RIGHT THROUGH,3,45567,T intersection,2,60,Arterial Other,MORELAND,MORELAND,-37.75417,144.95334,2019,9,September,18,Afternoon Peak,Weekday
T20190017608,2019-09-11,05:50:00,1,Collision with vehicle,3,Wednesday,130,REAR END(VEHICLES IN SAME LANE),3,340495,Cross intersection,3,60,Local Road,HANSON,HUME,-37.5833,144.93501,2019,9,September,5,Morning Peak,Weekday
T20190017605,2019-09-11,17:20:00,1,Collision with vehicle,3,Wednesday,130,REAR END(VEHICLES IN SAME LANE),2,350769,Cross intersection,3,60,Arterial Other,OLD GEELONG,WYNDHAM,-37.871906,144.72531,2019,9,September,17,Afternoon Peak,Weekday
T20190017602,2019-09-11,09:00:00,1,Collision with vehicle,3,Wednesday,137,LEFT TURN SIDESWIPE,1,65851,Cross intersection,3,50,Arterial Other,SPENCER,MELBOURNE,-37.813168,144.95143,2019,9,September,9,Morning Peak,Weekday
T20190017601,2019-09-11,18:25:00,1,Collision with vehicle,3,Wednesday,160,VEHICLE COLLIDES WITH VEHICLE PARKED ON LEFT OF ROAD,3,660103,Not at intersection,2,60,Local Road,THE ESPLANADE,GEELONG,-38.13041,144.35626,2019,9,September,18,Afternoon Peak,Weekday
T20190017534,2019-09-11,08:20:00,1,Collision with vehicle,3,Wednesday,120,HEAD ON (NOT OVERTAKING),1,584545,Not at intersection,2,80,Local Road,PRATTS PARK,BENDIGO,-36.748795,144.3263,2019,9,September,8,Morning Peak,Weekday
T20190017532,2019-09-11,08:15:00,1,Collision with vehicle,3,Wednesday,111,RIGHT FAR (INTERSECTIONS ONLY),1,37907,T intersection,2,40,Local Road,HIGH,DAREBIN,-37.774338,144.99799,2019,9,September,8,Morning Peak,Weekday
T20190017530,2019-09-11,07:35:00,2,Struck Pedestrian,3,Wednesday,102,FAR SIDE. PED HIT BY VEHICLE FROM THE LEFT,1,588146,Not at intersection,2,60,Arterial Other,MELBOURNE,HOBSONS BAY,-37.827496,144.88112,2019,9,September,7,Morning Peak,Weekday
T20190020811,2019-09-11,11:00:00,1,Collision with vehicle,3,Wednesday,132,RIGHT REAR.,1,617890,Not at intersection,3,50,Local Road,OUTLOOK,BASS COAST,-38.600655,145.5886,2019,9,September,11,Midday,Weekday
T20190017597,2019-09-11,18:35:00,1,Collision with vehicle,3,Wednesday,130,REAR END(VEHICLES IN SAME LANE),1,39044,T intersection,3,60,Arterial Other,BURKE,BOROONDARA,-37.81877,145.0591,2019,9,September,18,Afternoon Peak,Weekday
T20190017528,2019-09-11,09:40:00,1,Collision with vehicle,3,Wednesday,130,REAR END(VEHICLES IN SAME LANE),1,617877,Not at intersection,3,100,Freeway,EASTLINK,MAROONDAH,-37.827656,145.21732,2019,9,September,9,Morning Peak,Weekday
T20190017523,2019-09-11,09:00:00,1,Collision with vehicle,3,Wednesday,160,VEHICLE COLLIDES WITH VEHICLE PARKED ON LEFT OF ROAD,1,660102,Not at intersection,2,40,Arterial Other,SYDNEY,MORELAND,-37.764774,144.96251,2019,9,September,9,Morning Peak,Weekday
T20190017596,2019-09-11,20:40:00,1,Collision with vehicle,3,Wednesday,133,LANE SIDE SWIPE (VEHICLES IN PARALLEL LANES),9,584549,T intersection,3,60,Arterial Other,HUNTINGDALE,MONASH,-37.88078,145.10931,2019,9,September,20,Night,Weekday
T20190017516,2019-09-11,07:55:00,1,Collision with vehicle,3,Wednesday,130,REAR END(VEHICLES IN SAME LANE),1,588707,Not at intersection,2,80,Arterial Highway,GREENSBOROUGH,BANYULE,-37.70298,145.08984,2019,9,September,7,Morning Peak,Weekday
T20190017515,2019-09-11,07:39:00,1,Collision with vehicle,3,Wednesday,132,RIGHT REAR.,1,585891,Cross intersection,2,60,Arterial Other,WAVERLEY,MONASH,-37.88087,145.09477,2019,9,September,7,Morning Peak,Weekday
T20190017591,2019-09-11,18:35:00,2,Struck Pedestrian,3,Wednesday,100,PED NEAR SIDE. PED HIT BY VEHICLE FROM THE RIGHT.,3,39928,T intersection,2,60,Arterial Other,MILLERS,HOBSONS BAY,-37.838486,144.84702,2019,9,September,18,Afternoon Peak,Weekday
T20190017509,2019-09-11,06:30:00,1,Collision with vehicle,3,Wednesday,160,VEHICLE COLLIDES WITH VEHICLE PARKED ON LEFT OF ROAD,2,617876,Not at intersection,3,50,Local Road,CENTENARY,WHITTLESEA,-37.656944,145.06444,2019,9,September,6,Morning Peak,Weekday
T20190017590,2019-09-11,18:30:00,1,Collision with vehicle,3,Wednesday,160,VEHICLE COLLIDES WITH VEHICLE PARKED ON LEFT OF ROAD,2,585080,Not at intersection,3,50,Local Road,CLOSTER,MONASH,-37.864994,145.09702,2019,9,September,18,Afternoon Peak,Weekday
T20190018120,2019-09-11,15:24:00,1,Collision with vehicle,3,Wednesday,111,RIGHT FAR (INTERSECTIONS ONLY),1,37966,Cross intersection,3,60,Local Road,PLENTY,DAREBIN,-37.74906,145.00386,2019,9,September,15,Afternoon Peak,Weekday
T20190017589,2019-09-11,17:52:00,1,Collision with vehicle,3,Wednesday,121,RIGHT THROUGH,1,36626,Cross intersection,3,40,Arterial Other,JOHNSTON,YARRA,-37.79928,144.98735,2019,9,September,17,Afternoon Peak,Weekday
T20190017505,2019-09-11,00:57:00,3,Struck animal,3,Wednesday,167,STRUCK ANIMAL,5,617875,Not at intersection,3,100,Arterial Highway,PRINCES,WELLINGTON,-38.109665,146.89069,2019,9,September,0,Late Night,Weekday
T20190017585,2019-09-11,16:09:00,1,Collision with vehicle,3,Wednesday,133,LANE SIDE SWIPE (VEHICLES IN PARALLEL LANES),1,660330,Not at intersection,2,60,Arterial Other,ESPLANADE,BAYSIDE,-37.913494,144.98625,2019,9,September,16,Afternoon Peak,Weekday
T20190017564,2019-09-11,13:10:00,1,Collision with vehicle,3,Wednesday,137,LEFT TURN SIDESWIPE,1,57416,Cross intersection,2,60,Arterial Other,GRANGE,DAREBIN,-37.768196,145.02707,2019,9,September,13,Midday,Weekday
T20190017566,2019-09-11,08:40:00,1,Collision with vehicle,3,Wednesday,130,REAR END(VEHICLES IN SAME LANE),1,584277,Not at intersection,3,100,Freeway,MONASH,MONASH,-37.89764,145.1484,2019,9,September,8,Morning Peak,Weekday
T20190017583,2019-09-11,17:10:00,2,Struck Pedestrian,3,Wednesday,101,PED EMERGES FROM IN FRONT OF PARKED OR STATIONARY VEHICLE,2,584548,Not at intersection,2,50,Local Road,CANTERBURY,WHITTLESEA,-37.630688,145.01604,2019,9,September,17,Afternoon Peak,Weekday
T20190017567,2019-09-11,12:50:00,1,Collision with vehicle,3,Wednesday,121,RIGHT THROUGH,1,57059,Cross intersection,3,60,Local Road,CAROLINE SPRINGS,MELTON,-37.730984,144.74162,2019,9,September,12,Midday,Weekday
T20190017557,2019-09-11,13:30:00,1,Collision with vehicle,3,Wednesday,130,REAR END(VEHICLES IN SAME LANE),1,584546,Not at intersection,3,70,Arterial Other,BALLAN,WYNDHAM,-37.879055,144.61899,2019,9,September,13,Midday,Weekday
T20190017556,2019-09-11,13:30:00,1,Collision with vehicle,3,Wednesday,121,RIGHT THROUGH,1,55305,Cross intersection,3,60,Local Road,GOURLAY,MELTON,-37.71011,144.74075,2019,9,September,13,Midday,Weekday
T20190022359,2019-09-11,15:50:00,1,Collision with vehicle,3,Wednesday,113,RIGHT NEAR (INTERSECTIONS ONLY),1,51122,T intersection,2,60,Local Road,COLLIVER,SHEPPARTON,-36.397575,145.40118,2019,9,September,15,Afternoon Peak,Weekday
T20190017555,2019-09-11,12:27:00,2,Struck Pedestrian,3,Wednesday,100,PED NEAR SIDE. PED HIT BY VEHICLE FROM THE RIGHT.,1,52494,Cross intersection,2,60,Arterial Highway,DEAKIN,MILDURA,-34.18939,142.1572,2019,9,September,12,Midday,Weekday
T20190017560,2019-09-11,14:00:00,1,Collision with vehicle,3,Wednesday,121,RIGHT THROUGH,1,617878,T intersection,2,50,Local Road,WADE,GLENELG,-38.333706,141.60088,2019,9,September,14,Midday,Weekday
T20190017573,2019-09-11,15:50:00,1,Collision with vehicle,3,Wednesday,132,RIGHT REAR.,1,222017,T intersection,3,90,Arterial Highway,MURRAY VALLEY,CAMPASPE,-36.151726,144.78232,2019,9,September,15,Afternoon Peak,Weekday
T20190017552,2019-09-11,10:40:00,1,Collision with vehicle,3,Wednesday,135,LANE CHANGE LEFT (NOT OVERTAKING),1,584815,Not at intersection,2,100,Freeway,WESTERN RING,BRIMBANK,-37.74245,144.84622,2019,9,September,10,Midday,Weekday
T20190017551,2019-09-11,08:00:00,1,Collision with vehicle,3,Wednesday,130,REAR END(VEHICLES IN SAME LANE),1,45471,T intersection,2,40,Local Road,MITCHELL,MORELAND,-37.74541,144.93533,2019,9,September,8,Morning Peak,Weekday
T20190017576,2019-09-11,15:42:00,1,Collision with vehicle,3,Wednesday,130,REAR END(VEHICLES IN SAME LANE),1,613271,T intersection,3,80,Arterial Other,SWANSEA,YARRA RANGES,-37.77662,145.3634,2019,9,September,15,Afternoon Peak,Weekday
T20190017682,2019-09-11,18:20:00,1,Collision with vehicle,3,Wednesday,130,REAR END(VEHICLES IN SAME LANE),3,53307,Multiple intersection,3,70,Freeway,FORSYTH-PRINCES OUT,WYNDHAM,-37.87523,144.73743,2019,9,September,18,Afternoon Peak,Weekday
T20190017578,2019-09-11,16:20:00,1,Collision with vehicle,3,Wednesday,134,LANE CHANGE RIGHT (NOT OVERTAKING),1,617879,Not at intersection,3,60,Arterial Highway,ST GEORGES,DAREBIN,-37.760967,144.99269,2019,9,September,16,Afternoon Peak,Weekday
T20190017581,2019-09-11,15:30:00,1,Collision with vehicle,3,Wednesday,130,REAR END(VEHICLES IN SAME LANE),1,584278,Not at intersection,3,60,Arterial Other,MORELAND,MORELAND,-37.75367,144.94908,2019,9,September,15,Afternoon Peak,Weekday
T20190017571,2019-09-11,13:10:00,4,Collision with a fixed object,3,Wednesday,173,RIGHT OFF CARRIAGEWAY INTO OBJECT/PARKED VEHICLE,1,584282,Not at intersection,1,100,Local Road,TERANGAVILLE,MURRINDINDI,-37.151863,145.3268,2019,9,September,13,Midday,Weekday
T20190017543,2019-09-11,10:14:00,1,Collision with vehicle,3,Wednesday,130,REAR END(VEHICLES IN SAME LANE),1,264714,Not at intersection,2,80,Freeway,WEST GATE,MELBOURNE,-37.825596,144.94235,2019,9,September,10,Midday,Weekday
T20190017661,2019-09-11,19:06:00,1,Collision with vehicle,3,Wednesday,120,HEAD ON (NOT OVERTAKING),3,41031,T intersection,3,60,Arterial Other,DORSET,KNOX,-37.865166,145.28546,2019,9,September,19,Night,Weekday
T20190017537,2019-09-11,08:48:00,1,Collision with vehicle,3,Wednesday,120,HEAD ON (NOT OVERTAKING),1,586182,Not at intersection,2,60,Arterial Other,BLACKBURN,MONASH,-37.86178,145.15039,2019,9,September,8,Morning Peak,Weekday
T20190017629,2019-09-11,12:49:00,1,Collision with vehicle,3,Wednesday,110,CROSS TRAFFIC(INTERSECTIONS ONLY),1,37784,Cross intersection,3,60,Arterial Other,ORRONG,STONNINGTON,-37.849285,145.01231,2019,9,September,12,Midday,Weekday
T20190024139,2019-09-11,08:15:00,1,Collision with vehicle,3,Wednesday,130,REAR END(VEHICLES IN SAME LANE),1,660335,Not at intersection,3,80,Freeway,CALDER OUT-SUNSHINE,BRIMBANK,-37.70203,144.80244,2019,9,September,8,Morning Peak,Weekday
T20190017562,2019-09-11,14:30:00,1,Collision with vehicle,3,Wednesday,121,RIGHT THROUGH,9,293293,Cross intersection,3,70,Arterial Other,DONCASTER,MANNINGHAM,-37.788334,145.10484,2019,9,September,14,Midday,Weekday
T20190017610,2019-09-11,17:15:00,4,Collision with a fixed object,3,Wednesday,171,LEFT OFF CARRIAGEWAY INTO OBJECT/PARKED VEHICLE,1,584550,Cross intersection,3,50,Local Road,CARRE,GLEN EIRA,-37.885746,145.00414,2019,9,September,17,Afternoon Peak,Weekday
T20190018339,2019-09-11,17:30:00,1,Collision with vehicle,3,Wednesday,124,RIGHT/RIGHT BOTH VEHs FROM OPPOSITE DIRECTIONS TURNING RIGHT,2,640,Cross intersection,3,60,Arterial Other,BORONIA,KNOX,-37.86258,145.28561,2019,9,September,17,Afternoon Peak,Weekday
T20190018472,2019-09-11,08:30:00,1,Collision with vehicle,3,Wednesday,130,REAR END(VEHICLES IN SAME LANE),1,588721,Not at intersection,3,60,Arterial Other,SPRINGVALE,KINGSTON,-38.034588,145.1208,2019,9,September,8,Morning Peak,Weekday
T20190017621,2019-09-11,23:16:00,4,Collision with a fixed object,3,Wednesday,171,LEFT OFF CARRIAGEWAY INTO OBJECT/PARKED VEHICLE,5,617881,Not at intersection,2,80,Arterial Other,MIRBOO NORTH-TRAFALGAR,BAW BAW,-38.266464,146.18123,2019,9,September,23,Night,Weekday
T20190017801,2019-09-11,15:13:00,1,Collision with vehicle,3,Wednesday,140,U TURN,1,591762,Not at intersection,3,40,Local Road,STRADBROKE,SWAN HILL,-35.335266,143.55193,2019,9,September,15,Afternoon Peak,Weekday
T20190021485,2019-09-11,20:30:00,4,Collision with a fixed object,3,Wednesday,173,RIGHT OFF CARRIAGEWAY INTO OBJECT/PARKED VEHICLE,3,612162,T intersection,3,60,Arterial Other,BADGER CREEK,YARRA RANGES,-37.668736,145.53,2019,9,September,20,Night,Weekday
T20190017619,2019-09-11,23:10:00,1,Collision with vehicle,3,Wednesday,121,RIGHT THROUGH,3,290373,Cross intersection,2,60,Arterial Other,ARNOLD,BENDIGO,-36.749996,144.28323,2019,9,September,23,Night,Weekday
T20190017700,2019-09-11,17:00:00,1,Collision with vehicle,3,Wednesday,130,REAR END(VEHICLES IN SAME LANE),2,40443,Cross intersection,3,60,Arterial Other,MALVERN,STONNINGTON,-37.860073,145.05707,2019,9,September,17,Afternoon Peak,Weekday
T20190017618,2019-09-11,22:35:00,1,Collision with vehicle,3,Wednesday,121,RIGHT THROUGH,3,56625,Cross intersection,3,70,Local Road,LEAKES,WYNDHAM,-37.83203,144.67287,2019,9,September,22,Night,Weekday
T20190017660,2019-09-12,10:15:00,1,Collision with vehicle,4,Thursday,148,VEHICLE OFF FOOTPATH STRIKES VEH ON CARRIAGEWAY,1,594808,Not at intersection,3,70,Arterial Highway,PRINCES HIGHWAY,WELLINGTON,-38.095345,147.0685,2019,9,September,10,Midday,Weekday
T20190017659,2019-09-12,11:00:00,1,Collision with vehicle,4,Thursday,121,RIGHT THROUGH,1,1250,T intersection,3,60,Arterial Other,ST ALBANS,BRIMBANK,-37.758324,144.81053,2019,9,September,11,Midday,Weekday
T20190017656,2019-09-12,12:27:00,6,Vehicle overturned (no collision),4,Thursday,172,OFF CARRIAGEWAY TO RIGHT,1,648962,Not at intersection,2,100,Local Road,DUNOLLY-TIMOR,CENTRAL GOLDFIELDS,-36.929276,143.71915,2019,9,September,12,Midday,Weekday
T20190018149,2019-09-12,18:15:00,1,Collision with vehicle,4,Thursday,152,PULLING OUT (OVERTAKING),9,647407,Cross intersection,3,50,Local Road,HENRIETTA,CARDINIA,-38.07182,145.42496,2019,9,September,18,Afternoon Peak,Weekday
T20190017653,2019-09-12,11:54:00,1,Collision with vehicle,4,Thursday,121,RIGHT THROUGH,1,50800,T intersection,2,80,Arterial Highway,MURRAY VALLEY,MOIRA,-35.920456,145.64038,2019,9,September,11,Midday,Weekday
T20190017676,2019-09-12,14:40:00,4,Collision with a fixed object,4,Thursday,183,OFF LEFT BEND INTO OBJECT/PARKED VEHICLE,1,589100,Not at intersection,2,100,Local Road,NAREEN,CORANGAMITE,-38.55859,143.1597,2019,9,September,14,Midday,Weekday
T20190017651,2019-09-12,07:23:00,1,Collision with vehicle,4,Thursday,121,RIGHT THROUGH,1,584551,T intersection,3,60,Local Road,THE BOULEVARD,BANYULE,-37.777576,145.03749,2019,9,September,7,Morning Peak,Weekday
T20190017649,2019-09-12,12:18:00,1,Collision with vehicle,4,Thursday,140,U TURN,1,585615,Not at intersection,3,50,Arterial Highway,HESSE,QUEENSCLIFFE,-38.26552,144.6622,2019,9,September,12,Midday,Weekday
T20190017647,2019-09-12,07:44:00,1,Collision with vehicle,4,Thursday,110,CROSS TRAFFIC(INTERSECTIONS ONLY),1,287762,Cross intersection,3,50,Local Road,ARUNDEL,DAREBIN,-37.696674,145.01846,2019,9,September,7,Morning Peak,Weekday
T20190017646,2019-09-12,12:30:00,1,Collision with vehicle,4,Thursday,119,OTHER ADJACENT (INTERSECTIONS ONLY),1,60725,T intersection,3,60,Arterial Other,GILLIES,BALLARAT,-37.540928,143.82188,2019,9,September,12,Midday,Weekday
T20190017644,2019-09-12,10:57:00,1,Collision with vehicle,4,Thursday,113,RIGHT NEAR (INTERSECTIONS ONLY),1,234616,T intersection,2,100,Arterial Other,LANCEFIELD,HUME,-37.565754,144.76031,2019,9,September,10,Midday,Weekday
T20190018667,2019-09-12,21:35:00,1,Collision with vehicle,4,Thursday,121,RIGHT THROUGH,9,50099,Cross intersection,3,70,Arterial Highway,BELLARINE,GEELONG,-38.17048,144.39146,2019,9,September,21,Night,Weekday
T20190017640,2019-09-12,11:00:00,4,Collision with a fixed object,4,Thursday,173,RIGHT OFF CARRIAGEWAY INTO OBJECT/PARKED VEHICLE,1,625599,Not at intersection,2,80,Freeway,BEACONSFIELD-NAR NAR GOON,CARDINIA,-38.05556,145.38022,2019,9,September,11,Midday,Weekday
T20190017635,2019-09-12,07:20:00,1,Collision with vehicle,4,Thursday,113,RIGHT NEAR (INTERSECTIONS ONLY),1,585614,T intersection,3,80,Arterial Highway,WHITEHORSE,WHITEHORSE,-37.81836,145.16844,2019,9,September,7,Morning Peak,Weekday
T20190017632,2019-09-12,09:40:00,1,Collision with vehicle,4,Thursday,121,RIGHT THROUGH,1,608716,Cross intersection,2,80,Local Road,AIRPORT,HUME,-37.692474,144.86603,2019,9,September,9,Morning Peak,Weekday
T20190017631,2019-09-12,06:40:00,3,Struck animal,4,Thursday,167,STRUCK ANIMAL,1,595838,Not at intersection,2,100,Arterial Other,WHITTLESEA-YEA,MURRINDINDI,-37.32256,145.31538,2019,9,September,6,Morning Peak,Weekday
T20190018855,2019-09-12,12:40:00,1,Collision with vehicle,4,Thursday,113,RIGHT NEAR (INTERSECTIONS ONLY),1,70972,T intersection,3,50,Local Road,APOLLO,CASEY,-38.01459,145.26942,2019,9,September,12,Midday,Weekday
T20190017687,2019-09-12,17:00:00,4,Collision with a fixed object,4,Thursday,171,LEFT OFF CARRIAGEWAY INTO OBJECT/PARKED VEHICLE,1,638066,Not at intersection,2,60,Arterial Other,MCINTYRE,BRIMBANK,-37.76552,144.83092,2019,9,September,17,Afternoon Peak,Weekday
T20190019435,2019-09-12,11:35:00,1,Collision with vehicle,4,Thursday,131,LEFT REAR,1,8494,Cross intersection,3,60,Arterial Highway,WARRIGAL,KINGSTON,-37.982075,145.07137,2019,9,September,11,Midday,Weekday
T20190017617,2019-09-12,01:30:00,1,Collision with vehicle,4,Thursday,130,REAR END(VEHICLES IN SAME LANE),3,618166,Cross intersection,3,40,Arterial Other,CROCKFORD,PORT PHILLIP,-37.83484,144.94641,2019,9,September,1,Late Night,Weekday
T20190018155,2019-09-12,14:40:00,1,Collision with vehicle,4,Thursday,130,REAR END(VEHICLES IN SAME LANE),1,588162,Not at intersection,3,60,Arterial Other,MONBULK,YARRA RANGES,-37.86746,145.40874,2019,9,September,14,Midday,Weekday
T20190017625,2019-09-12,06:30:00,1,Collision with vehicle,4,Thursday,110,CROSS TRAFFIC(INTERSECTIONS ONLY),1,226603,Cross intersection,2,60,Arterial Other,PLENTY,WHITTLESEA,-37.656113,145.07994,2019,9,September,6,Morning Peak,Weekday
T20190017762,2019-09-12,07:30:00,1,Collision with vehicle,4,Thursday,130,REAR END(VEHICLES IN SAME LANE),1,728866,Not at intersection,3,60,Arterial Highway,BELL,DAREBIN,-37.7445,144.99702,2019,9,September,7,Morning Peak,Weekday
T20190017690,2019-09-12,18:35:00,1,Collision with vehicle,4,Thursday,121,RIGHT THROUGH,3,63987,T intersection,3,60,Local Road,ALBERT,MORELAND,-37.769005,144.9632,2019,9,September,18,Afternoon Peak,Weekday
T20190017686,2019-09-12,19:15:00,1,Collision with vehicle,4,Thursday,121,RIGHT THROUGH,3,45527,Cross intersection,3,60,Arterial Other,MELVILLE,MORELAND,-37.764828,144.94377,2019,9,September,19,Night,Weekday
T20190017669,2019-09-12,15:35:00,2,Struck Pedestrian,4,Thursday,102,FAR SIDE. PED HIT BY VEHICLE FROM THE LEFT,1,584554,Not at intersection,3,40,Local Road,JAMES,DANDENONG,-37.978214,145.20847,2019,9,September,15,Afternoon Peak,Weekday
T20190017957,2019-09-12,16:50:00,1,Collision with vehicle,4,Thursday,121,RIGHT THROUGH,1,586470,T intersection,3,70,Arterial Highway,BELLARINE,GEELONG,-38.171013,144.39334,2019,9,September,16,Afternoon Peak,Weekday
T20200003279,2019-09-12,10:33:00,1,Collision with vehicle,4,Thursday,121,RIGHT THROUGH,1,280084,Multiple intersection,3,80,Freeway,BURWOOD,KNOX,-37.861015,145.2112,2019,9,September,10,Midday,Weekday
T20200003315,2019-09-12,15:00:00,1,Collision with vehicle,4,Thursday,121,RIGHT THROUGH,1,37177,Cross intersection,3,80,Arterial Highway,STUD,KNOX,-37.902264,145.23509,2019,9,September,15,Afternoon Peak,Weekday
T20190017688,2019-09-12,18:12:00,1,Collision with vehicle,4,Thursday,110,CROSS TRAFFIC(INTERSECTIONS ONLY),2,69434,Cross intersection,3,50,Local Road,CHURCH,BAYSIDE,-37.91812,144.99911,2019,9,September,18,Afternoon Peak,Weekday
T20190018222,2019-09-12,17:30:00,1,Collision with vehicle,4,Thursday,110,CROSS TRAFFIC(INTERSECTIONS ONLY),1,53926,Multiple intersection,3,60,Freeway,HIGH STREET -LINCOLN,WODONGA,-36.11031,146.89359,2019,9,September,17,Afternoon Peak,Weekday
T20190018590,2019-09-12,10:00:00,1,Collision with vehicle,4,Thursday,110,CROSS TRAFFIC(INTERSECTIONS ONLY),1,42356,Cross intersection,2,60,Arterial Other,CENTRE,KINGSTON,-37.926292,145.10071,2019,9,September,10,Midday,Weekday
T20190017668,2019-09-12,15:34:00,1,Collision with vehicle,4,Thursday,113,RIGHT NEAR (INTERSECTIONS ONLY),1,62311,T intersection,3,60,Local Road,ASSEMBLY,BRIMBANK,-37.713917,144.86223,2019,9,September,15,Afternoon Peak,Weekday
T20190017722,2019-09-12,23:00:00,2,Struck Pedestrian,4,Thursday,102,FAR SIDE. PED HIT BY VEHICLE FROM THE LEFT,3,587798,Cross intersection,3,60,Arterial Other,CLARENDON,MELBOURNE,-37.825954,144.95732,2019,9,September,23,Night,Weekday
T20190017720,2019-09-12,20:37:00,4,Collision with a fixed object,4,Thursday,171,LEFT OFF CARRIAGEWAY INTO OBJECT/PARKED VEHICLE,3,617920,Not at intersection,2,50,Local Road,FRASER,MONASH,-37.890877,145.15836,2019,9,September,20,Night,Weekday
T20190018016,2019-09-12,17:15:00,1,Collision with vehicle,4,Thursday,130,REAR END(VEHICLES IN SAME LANE),1,588157,Not at intersection,2,100,Arterial Other,WANGARATTA-WHITFIELD,WANGARATTA,-36.49766,146.37073,2019,9,September,17,Afternoon Peak,Weekday
T20190017704,2019-09-12,22:36:00,1,Collision with vehicle,4,Thursday,160,VEHICLE COLLIDES WITH VEHICLE PARKED ON LEFT OF ROAD,3,618756,Not at intersection,3,60,Local Road,REEVE,WELLINGTON,-38.102703,147.06085,2019,9,September,22,Night,Weekday
T20190017752,2019-09-12,07:59:00,1,Collision with vehicle,4,Thursday,121,RIGHT THROUGH,1,292841,Cross intersection,2,60,Freeway,BELGRAVE-HALLAM-MONASH IN,CASEY,-37.998283,145.27507,2019,9,September,7,Morning Peak,Weekday
T20190017666,2019-09-12,15:45:00,1,Collision with vehicle,4,Thursday,136,RIGHT TURN SIDESWIPE,1,29423,Cross intersection,2,40,Local Road,ELIZABETH,MELBOURNE,-37.813267,144.9627,2019,9,September,15,Afternoon Peak,Weekday
T20190017698,2019-09-12,18:00:00,1,Collision with vehicle,4,Thursday,116,LEFT NEAR (INTERSECTIONS ONLY),3,378,Cross intersection,3,50,Local Road,BIRDWOOD,MELBOURNE,-37.83415,144.98253,2019,9,September,18,Afternoon Peak,Weekday
T20190017696,2019-09-12,16:07:00,4,Collision with a fixed object,4,Thursday,183,OFF LEFT BEND INTO OBJECT/PARKED VEHICLE,1,657145,Not at intersection,2,70,Local Road,OLD THORPDALE,SOUTH GIPPSLAND,-38.383057,146.14922,2019,9,September,16,Afternoon Peak,Weekday
T20200007681,2019-09-12,12:30:00,1,Collision with vehicle,4,Thursday,130,REAR END(VEHICLES IN SAME LANE),1,619374,Cross intersection,3,60,Arterial Highway,PUNT,YARRA,-37.82455,144.98886,2019,9,September,12,Midday,Weekday
T20190017695,2019-09-12,20:00:00,2,Struck Pedestrian,4,Thursday,102,FAR SIDE. PED HIT BY VEHICLE FROM THE LEFT,5,67962,T intersection,3,50,Local Road,JULIER,WYNDHAM,-37.869473,144.69084,2019,9,September,20,Night,Weekday
T20190017776,2019-09-12,18:00:00,1,Collision with vehicle,4,Thursday,139,OTHER SAME DIRECTION-MANOUEVRES NOT INCLUDED IN DCAs 130-137,1,29868,Multiple intersection,3,80,Freeway,PLENTY-METROPOLITAN RING IN,WHITTLESEA,-37.687008,145.0673,2019,9,September,18,Afternoon Peak,Weekday
T20190017677,2019-09-12,16:23:00,1,Collision with vehicle,4,Thursday,130,REAR END(VEHICLES IN SAME LANE),1,585335,Not at intersection,2,60,Arterial Other,COX,GEELONG,-38.081867,144.33937,2019,9,September,16,Afternoon Peak,Weekday
T20190017665,2019-09-12,15:05:00,1,Collision with vehicle,4,Thursday,110,CROSS TRAFFIC(INTERSECTIONS ONLY),1,51344,Cross intersection,3,60,Arterial Highway,CURLEWIS,SWAN HILL,-35.33834,143.56087,2019,9,September,15,Afternoon Peak,Weekday