ACCIDENT_NO,ACCIDENT_DATE,ACCIDENT_TIME,ACCIDENT_TYPE,ACCIDENT_TYPE_DESC,DAY_OF_WEEK,DAY_WEEK_DESC,DCA_CODE,DCA_DESC,LIGHT_CONDITION,NODE_ID,ROAD_GEOMETRY_DESC,SEVERITY,SPEED_ZONE,RMA,ROAD_NAME,LGA_NAME,LATITUDE,LONGITUDE,YEAR,MONTH,MONTH_NAME,HOUR,TIME_PERIOD,DAY_TYPE
T20190017760,2019-09-13,15:40:00,2,Struck Pedestrian,5,Friday,101,PED EMERGES FROM IN FRONT OF PARKED OR STATIONARY VEHICLE,1,588433,Not at intersection,2,40,Local Road,FLAXMAN,WARRNAMBOOL,-38.38839,142.50018,2019,9,September,15,Afternoon Peak,Weekday
T20190017764,2019-09-13,17:00:00,1,Collision with vehicle,5,Friday,130,REAR END(VEHICLES IN SAME LANE),1,593032,Not at intersection,3,70,Arterial Other,MOOROOLBARK,YARRA RANGES,-37.77369,145.33041,2019,9,September,17,Afternoon Peak,Weekday
T20190017765,2019-09-13,17:20:00,1,Collision with vehicle,5,Friday,121,RIGHT THROUGH,2,660522,Cross intersection,2,70,Arterial Other,FOOTE,MANNINGHAM,-37.757893,145.11853,2019,9,September,17,Afternoon Peak,Weekday
T20190025636,2019-09-13,17:40:00,1,Collision with vehicle,5,Friday,130,REAR END(VEHICLES IN SAME LANE),2,354706,Cross intersection,3,60,Arterial Other,PRINCES,WYNDHAM,-37.89627,144.67523,2019,9,September,17,Afternoon Peak,Weekday
T20190018252,2019-09-13,07:00:00,1,Collision with vehicle,5,Friday,160,VEHICLE COLLIDES WITH VEHICLE PARKED ON LEFT OF ROAD,1,612996,Not at intersection,3,40,Local Road,RATHDOWNE,YARRA,-37.78781,144.97218,2019,9,September,7,Morning Peak,Weekday
T20190017758,2019-09-13,14:00:00,1,Collision with vehicle,5,Friday,121,RIGHT THROUGH,1,43051,Cross intersection,3,40,Local Road,SCOTT,DANDENONG,-37.986214,145.21251,2019,9,September,14,Midday,Weekday
T20190017766,2019-09-13,15:40:00,1,Collision with vehicle,5,Friday,110,CROSS TRAFFIC(INTERSECTIONS ONLY),1,49189,Cross intersection,3,50,Arterial Other,ASHBY,BAW BAW,-38.210087,146.15189,2019,9,September,15,Afternoon Peak,Weekday
T20190017769,2019-09-13,16:40:00,1,Collision with vehicle,5,Friday,130,REAR END(VEHICLES IN SAME LANE),1,661393,Not at intersection,3,80,Arterial Other,CLYDE,CASEY,-38.047363,145.34065,2019,9,September,16,Afternoon Peak,Weekday
T20190017772,2019-09-13,16:24:00,1,Collision with vehicle,5,Friday,110,CROSS TRAFFIC(INTERSECTIONS ONLY),1,15443,Cross intersection,3,70,Arterial Highway,SURF COAST,GEELONG,-38.21961,144.33792,2019,9,September,16,Afternoon Peak,Weekday
T20190017773,2019-09-13,20:30:00,1,Collision with vehicle,5,Friday,130,REAR END(VEHICLES IN SAME LANE),3,40198,T intersection,2,60,Local Road,ORRONG,PORT PHILLIP,-37.862835,145.01004,2019,9,September,20,Night,Weekday
T20190017907,2019-09-13,22:30:00,4,Collision with a fixed object,5,Friday,173,RIGHT OFF CARRIAGEWAY INTO OBJECT/PARKED VEHICLE,5,614694,Not at intersection,2,100,Arterial Other,TUNGAMAH MAIN,MOIRA,-36.156567,145.89032,2019,9,September,22,Night,Weekday
T20190017777,2019-09-13,21:35:00,1,Collision with vehicle,5,Friday,121,RIGHT THROUGH,3,588708,Cross intersection,2,60,Arterial Highway,BARNARD,BENDIGO,-36.758366,144.26813,2019,9,September,21,Night,Weekday
T20190018134,2019-09-13,20:00:00,1,Collision with vehicle,5,Friday,130,REAR END(VEHICLES IN SAME LANE),3,588435,Multiple intersection,3,60,Freeway,PRINCES OUT-KOO WEE RUP,CARDINIA,-38.090076,145.49016,2019,9,September,20,Night,Weekday
T20190017780,2019-09-13,21:30:00,1,Collision with vehicle,5,Friday,130,REAR END(VEHICLES IN SAME LANE),6,618462,Not at intersection,2,70,Arterial Highway,TORQUAY,GEELONG,-38.208187,144.34006,2019,9,September,21,Night,Weekday
T20190023622,2019-09-13,16:00:00,1,Collision with vehicle,5,Friday,119,OTHER ADJACENT (INTERSECTIONS ONLY),1,45675,Cross intersection,3,60,Arterial Other,HEATHS,WYNDHAM,-37.88764,144.64032,2019,9,September,16,Afternoon Peak,Weekday
T20190017798,2019-09-13,16:15:00,1,Collision with vehicle,5,Friday,130,REAR END(VEHICLES IN SAME LANE),1,612445,Not at intersection,3,80,Arterial Other,MAIN WHITTLESEA,WHITTLESEA,-37.65177,145.08711,2019,9,September,16,Afternoon Peak,Weekday
T20190017811,2019-09-13,12:30:00,1,Collision with vehicle,5,Friday,160,VEHICLE COLLIDES WITH VEHICLE PARKED ON LEFT OF ROAD,1,48168,Not at intersection,2,60,Arterial Other,BURNLEY,YARRA,-37.826214,145.0071,2019,9,September,12,Midday,Weekday
T20190017732,2019-09-13,10:42:00,1,Collision with vehicle,5,Friday,130,REAR END(VEHICLES IN SAME LANE),1,46898,T intersection,2,60,Arterial Other,DERRIMUT,WYNDHAM,-37.89384,144.68048,2019,9,September,10,Midday,Weekday
T20190017729,2019-09-13,08:19:00,1,Collision with vehicle,5,Friday,130,REAR END(VEHICLES IN SAME LANE),1,589479,Not at intersection,2,80,Freeway,MONASH,STONNINGTON,-37.850197,145.04944,2019,9,September,8,Morning Peak,Weekday
T20190017728,2019-09-13,08:52:00,1,Collision with vehicle,5,Friday,121,RIGHT THROUGH,1,584820,Not at intersection,2,40,Local Road,LONSDALE,MELBOURNE,-37.809948,144.97028,2019,9,September,8,Morning Peak,Weekday
T20190017723,2019-09-13,08:07:00,1,Collision with vehicle,5,Friday,148,VEHICLE OFF FOOTPATH STRIKES VEH ON CARRIAGEWAY,1,585617,Not at intersection,2,60,Arterial Other,HIGH STREET,MONASH,-37.865864,145.09343,2019,9,September,8,Morning Peak,Weekday
T20190017717,2019-09-13,08:17:00,1,Collision with vehicle,5,Friday,148,VEHICLE OFF FOOTPATH STRIKES VEH ON CARRIAGEWAY,1,252226,T intersection,3,50,Local Road,DOWLING,BALLARAT,-37.539536,143.84032,2019,9,September,8,Morning Peak,Weekday
T20190017715,2019-09-13,06:27:00,6,Vehicle overturned (no collision),5,Friday,174,OUT OF CONTROL ON CARRIAGEWAY (ON STRAIGHT),1,660429,Not at intersection,2,60,Arterial Other,BRUNSWICK,MORELAND,-37.77839,144.97154,2019,9,September,6,Morning Peak,Weekday
T20190017712,2019-09-13,00:30:00,4,Collision with a fixed object,5,Friday,173,RIGHT OFF CARRIAGEWAY INTO OBJECT/PARKED VEHICLE,5,597948,Not at intersection,2,100,Arterial Highway,HENTY,HORSHAM,-37.100857,142.1872,2019,9,September,0,Late Night,Weekday
T20190017709,2019-09-13,00:58:00,4,Collision with a fixed object,5,Friday,175,OFF END OF ROAD/T-INTERSECTION.,3,46355,T intersection,3,60,Freeway,BURKE,BOROONDARA,-37.78404,145.06279,2019,9,September,0,Late Night,Weekday
T20190017913,2019-09-13,08:16:00,6,Vehicle overturned (no collision),5,Friday,149,OTHER MANOEUVRING NOT INCLUDED IN DCAs 140-148,1,660430,Not at intersection,2,40,Local Road,LYGON,MELBOURNE,-37.80466,144.96625,2019,9,September,8,Morning Peak,Weekday
T20190018799,2019-09-13,18:25:00,1,Collision with vehicle,5,Friday,110,CROSS TRAFFIC(INTERSECTIONS ONLY),9,327645,Cross intersection,3,60,Local Road,WRECKYN,MELBOURNE,-37.80133,144.95316,2019,9,September,18,Afternoon Peak,Weekday
T20190018538,2019-09-13,16:15:00,1,Collision with vehicle,5,Friday,113,RIGHT NEAR (INTERSECTIONS ONLY),1,45516,T intersection,3,80,Arterial Other,MELTON,MELTON,-37.683125,144.66124,2019,9,September,16,Afternoon Peak,Weekday
T20190017756,2019-09-13,12:30:00,1,Collision with vehicle,5,Friday,133,LANE SIDE SWIPE (VEHICLES IN PARALLEL LANES),1,585082,Not at intersection,2,80,Freeway,WEST GATE,MARIBYRNONG,-37.82439,144.8596,2019,9,September,12,Midday,Weekday
T20190017753,2019-09-13,14:39:00,1,Collision with vehicle,5,Friday,120,HEAD ON (NOT OVERTAKING),1,618461,Not at intersection,3,50,Local Road,UNION,CARDINIA,-38.060726,145.48404,2019,9,September,14,Midday,Weekday
T20190017750,2019-09-13,13:30:00,2,Struck Pedestrian,5,Friday,102,FAR SIDE. PED HIT BY VEHICLE FROM THE LEFT,1,599598,Cross intersection,3,40,Local Road,LITTLE RYRIE,GEELONG,-38.149612,144.35677,2019,9,September,13,Midday,Weekday
T20190017747,2019-09-13,12:15:00,1,Collision with vehicle,5,Friday,130,REAR END(VEHICLES IN SAME LANE),1,618460,Cross intersection,3,50,Arterial Other,HOTHAM,GLEN EIRA,-37.87269,144.99883,2019,9,September,12,Midday,Weekday
T20190017745,2019-09-13,14:00:00,1,Collision with vehicle,5,Friday,121,RIGHT THROUGH,1,294710,T intersection,2,60,Arterial Other,MILLERS,HOBSONS BAY,-37.844063,144.84607,2019,9,September,14,Midday,Weekday
T20190017743,2019-09-13,08:55:00,1,Collision with vehicle,5,Friday,113,RIGHT NEAR (INTERSECTIONS ONLY),1,43122,T intersection,2,60,Local Road,POWER,CASEY,-37.984535,145.24002,2019,9,September,8,Morning Peak,Weekday
T20190017739,2019-09-13,12:44:00,1,Collision with vehicle,5,Friday,130,REAR END(VEHICLES IN SAME LANE),1,585618,Not at intersection,3,60,Arterial Highway,CRESWICK,BALLARAT,-37.532234,143.84933,2019,9,September,12,Midday,Weekday
T20190017735,2019-09-13,11:40:00,6,Vehicle overturned (no collision),5,Friday,189,OTHER ACCIDENTS ON CURVE NOT INCLUDED IN DCAs 180-184,1,594825,Not at intersection,2,100,Freeway,HUME-METROPOLITAN RING IN,WHITTLESEA,-37.689003,144.98637,2019,9,September,11,Midday,Weekday
T20190017824,2019-09-14,15:00:00,1,Collision with vehicle,6,Saturday,137,LEFT TURN SIDESWIPE,1,592018,Cross intersection,3,60,Local Road,BATMANS HILL,MELBOURNE,-37.822197,144.94997,2019,9,September,15,Afternoon Peak,Weekend
T20190018234,2019-09-14,07:15:00,4,Collision with a fixed object,6,Saturday,173,RIGHT OFF CARRIAGEWAY INTO OBJECT/PARKED VEHICLE,1,660601,Not at intersection,3,80,Freeway,WESTERN OUT-CHRISTIES,MELTON,-37.76415,144.74066,2019,9,September,7,Morning Peak,Weekend
T20190017795,2019-09-14,08:55:00,4,Collision with a fixed object,6,Saturday,171,LEFT OFF CARRIAGEWAY INTO OBJECT/PARKED VEHICLE,1,40262,T intersection,2,60,Arterial Other,TOORAK,STONNINGTON,-37.843056,145.02533,2019,9,September,8,Morning Peak,Weekend
T20190018205,2019-09-14,10:40:00,1,Collision with vehicle,6,Saturday,132,RIGHT REAR.,1,491,T intersection,3,40,Arterial Other,BURKE,BOROONDARA,-37.813084,145.06017,2019,9,September,10,Midday,Weekend
T20190017816,2019-09-14,13:43:00,1,Collision with vehicle,6,Saturday,123,RIGHT/LEFT. ONE VEH TURNING RIGHT THE OTHER LEFT.,1,42680,T intersection,2,80,Arterial Other,WELLINGTON,YARRA RANGES,-37.961178,145.36115,2019,9,September,13,Midday,Weekend
T20190017814,2019-09-14,12:18:00,1,Collision with vehicle,6,Saturday,130,REAR END(VEHICLES IN SAME LANE),1,41095,T intersection,2,60,Arterial Other,ORMOND,PORT PHILLIP,-37.88658,144.98314,2019,9,September,12,Midday,Weekend
T20190017781,2019-09-14,02:05:00,2,Struck Pedestrian,6,Saturday,100,PED NEAR SIDE. PED HIT BY VEHICLE FROM THE RIGHT.,3,15137,Cross intersection,3,60,Local Road,LYDIARD,BALLARAT,-37.562107,143.85774,2019,9,September,2,Late Night,Weekend
T20190018170,2019-09-14,17:50:00,1,Collision with vehicle,6,Saturday,130,REAR END(VEHICLES IN SAME LANE),2,610731,Multiple intersection,3,80,Arterial Other,FRANKSTON-FLINDERS,MORNINGTON PENINSULA,-38.1964,145.14957,2019,9,September,17,Afternoon Peak,Weekend
T20190017813,2019-09-14,12:10:00,5,collision with some other object,6,Saturday,171,LEFT OFF CARRIAGEWAY INTO OBJECT/PARKED VEHICLE,1,588148,Not at intersection,3,100,Arterial Other,CUDGEWA VALLEY,TOWONG,-36.13357,147.82823,2019,9,September,12,Midday,Weekend
T20190017826,2019-09-14,16:53:00,1,Collision with vehicle,6,Saturday,130,REAR END(VEHICLES IN SAME LANE),1,660594,Not at intersection,3,60,Arterial Highway,BELLARINE,GEELONG,-38.17018,144.39038,2019,9,September,16,Afternoon Peak,Weekend
T20190017808,2019-09-14,12:15:00,1,Collision with vehicle,6,Saturday,160,VEHICLE COLLIDES WITH VEHICLE PARKED ON LEFT OF ROAD,1,593033,Not at intersection,2,40,Local Road,SEVERN,WHITEHORSE,-37.812317,145.12251,2019,9,September,12,Midday,Weekend
T20190017807,2019-09-14,12:50:00,2,Struck Pedestrian,6,Saturday,100,PED NEAR SIDE. PED HIT BY VEHICLE FROM THE RIGHT.,1,585619,Not at intersection,2,80,Arterial Highway,NEPEAN,KINGSTON,-37.975212,145.06544,2019,9,September,12,Midday,Weekend
T20190017866,2019-09-14,14:52:00,4,Collision with a fixed object,6,Saturday,171,LEFT OFF CARRIAGEWAY INTO OBJECT/PARKED VEHICLE,1,660592,Not at intersection,2,50,Local Road,MULLUM MULLUM,MAROONDAH,-37.79674,145.24507,2019,9,September,14,Midday,Weekend
T20190017835,2019-09-14,17:24:00,1,Collision with vehicle,6,Saturday,110,CROSS TRAFFIC(INTERSECTIONS ONLY),1,233917,Cross intersection,2,60,Local Road,DAVIS,WYNDHAM,-37.815388,144.65686,2019,9,September,17,Afternoon Peak,Weekend
T20190018051,2019-09-14,13:20:00,1,Collision with vehicle,6,Saturday,119,OTHER ADJACENT (INTERSECTIONS ONLY),1,589454,T intersection,3,80,Arterial Highway,NEPEAN,MORNINGTON PENINSULA,-38.228397,145.04611,2019,9,September,13,Midday,Weekend
T20190018263,2019-09-14,12:20:00,1,Collision with vehicle,6,Saturday,133,LANE SIDE SWIPE (VEHICLES IN PARALLEL LANES),1,684474,Cross intersection,3,50,Arterial Other,PRINCES,MELBOURNE,-37.792267,144.96846,2019,9,September,12,Midday,Weekend
T20190017794,2019-09-14,07:30:00,1,Collision with vehicle,6,Saturday,142,LEAVING PARKING,1,132032,Not at intersection,3,40,Local Road,RUSSELL,MELBOURNE,-37.81148,144.9675,2019,9,September,7,Morning Peak,Weekend
T20190017838,2019-09-14,17:40:00,4,Collision with a fixed object,6,Saturday,181,OFF RIGHT BEND INTO OBJECT/PARKED VEHICLE,1,585340,Not at intersection,2,100,Local Road,WARROWITUE-FOREST,BENDIGO,-36.954617,144.76944,2019,9,September,17,Afternoon Peak,Weekend
T20190017867,2019-09-14,09:02:00,4,Collision with a fixed object,6,Saturday,146,REVERSING INTO FIXED OBJECT/PARKED VEHICLE,1,660597,Not at intersection,3,50,Local Road,RAEBURN,MORELAND,-37.728737,144.94534,2019,9,September,9,Morning Peak,Weekend
T20190017799,2019-09-14,11:20:00,8,No collision and no object struck,6,Saturday,180,OFF CARRIAGEWAY ON RIGHT BEND,1,1180,Cross intersection,3,60,Arterial Other,KOO WEE RUP ROAD -RACECOURSE,CARDINIA,-38.083866,145.49199,2019,9,September,11,Midday,Weekend
T20190018332,2019-09-14,11:00:00,1,Collision with vehicle,6,Saturday,130,REAR END(VEHICLES IN SAME LANE),1,36816,Cross intersection,3,60,Arterial Other,PASCOE VALE,HUME,-37.643826,144.9289,2019,9,September,11,Midday,Weekend
T20190018357,2019-09-14,15:50:00,1,Collision with vehicle,6,Saturday,120,HEAD ON (NOT OVERTAKING),1,588174,T intersection,3,60,Local Road,JONES,MORNINGTON PENINSULA,-38.23355,145.17348,2019,9,September,15,Afternoon Peak,Weekend
T20190017793,2019-09-14,09:30:00,1,Collision with vehicle,6,Saturday,136,RIGHT TURN SIDESWIPE,1,45600,Cross intersection,2,50,Local Road,AUSTRAL,MORELAND,-37.76345,144.95555,2019,9,September,9,Morning Peak,Weekend
T20190017788,2019-09-14,06:15:00,1,Collision with vehicle,6,Saturday,110,CROSS TRAFFIC(INTERSECTIONS ONLY),1,585894,Cross intersection,2,80,Arterial Other,CRANBOURNE ROAD -CRANBOURNE-FRANKSTON,FRANKSTON,-38.15626,145.17067,2019,9,September,6,Morning Peak,Weekend
T20190017986,2019-09-14,20:10:00,1,Collision with vehicle,6,Saturday,110,CROSS TRAFFIC(INTERSECTIONS ONLY),3,36129,Cross intersection,3,50,Arterial Other,HEIDELBERG-KINGLAKE,NILLUMBIK,-37.6375,145.1944,2019,9,September,20,Night,Weekend
T20190018665,2019-09-14,18:50:00,1,Collision with vehicle,6,Saturday,130,REAR END(VEHICLES IN SAME LANE),3,588728,T intersection,3,40,Local Road,HIGH,DAREBIN,-37.756367,145.00098,2019,9,September,18,Afternoon Peak,Weekend
T20190017792,2019-09-14,08:45:00,1,Collision with vehicle,6,Saturday,130,REAR END(VEHICLES IN SAME LANE),1,660524,Not at intersection,3,40,Local Road,BANYULE,BANYULE,-37.739414,145.10515,2019,9,September,8,Morning Peak,Weekend
T20190017791,2019-09-14,06:46:00,6,Vehicle overturned (no collision),6,Saturday,172,OFF CARRIAGEWAY TO RIGHT,9,585338,Not at intersection,2,60,Local Road,MELVINS,MACEDON RANGES,-37.4563,144.66353,2019,9,September,6,Morning Peak,Weekend
T20190017839,2019-09-14,20:00:00,1,Collision with vehicle,6,Saturday,120,HEAD ON (NOT OVERTAKING),5,586468,Not at intersection,3,80,Arterial Other,DROUIN,BAW BAW,-38.107117,145.78172,2019,9,September,20,Night,Weekend
T20190017975,2019-09-14,10:20:00,1,Collision with vehicle,6,Saturday,130,REAR END(VEHICLES IN SAME LANE),9,57095,T intersection,3,60,Arterial Highway,SMITHFIELD,MELBOURNE,-37.794098,144.9151,2019,9,September,10,Midday,Weekend
T20190017841,2019-09-14,21:20:00,1,Collision with vehicle,6,Saturday,148,VEHICLE OFF FOOTPATH STRIKES VEH ON CARRIAGEWAY,3,596090,T intersection,2,60,Arterial Other,VICTORIA,YARRA,-37.809113,144.98637,2019,9,September,21,Night,Weekend
T20190017790,2019-09-14,07:10:00,4,Collision with a fixed object,6,Saturday,171,LEFT OFF CARRIAGEWAY INTO OBJECT/PARKED VEHICLE,1,660600,Not at intersection,2,80,Freeway,CITYLINK IN-BATMAN,MELBOURNE,-37.826096,144.98126,2019,9,September,7,Morning Peak,Weekend
T20190019019,2019-09-14,10:30:00,1,Collision with vehicle,6,Saturday,130,REAR END(VEHICLES IN SAME LANE),1,49641,Multiple intersection,3,60,Arterial Other,BACCHUS MARSH,GEELONG,-38.05933,144.35823,2019,9,September,10,Midday,Weekend
T20190025312,2019-09-14,02:00:00,4,Collision with a fixed object,6,Saturday,181,OFF RIGHT BEND INTO OBJECT/PARKED VEHICLE,6,668590,Not at intersection,3,50,Local Road,BELLE,CASEY,-38.069347,145.35033,2019,9,September,2,Late Night,Weekend
T20190017831,2019-09-14,16:22:00,1,Collision with vehicle,6,Saturday,120,HEAD ON (NOT OVERTAKING),1,29654,T intersection,3,60,Arterial Highway,WARRIGAL,MONASH,-37.913654,145.08449,2019,9,September,16,Afternoon Peak,Weekend
T20190017832,2019-09-14,15:58:00,8,No collision and no object struck,6,Saturday,174,OUT OF CONTROL ON CARRIAGEWAY (ON STRAIGHT),1,594691,Not at intersection,2,50,Local Road,WILKES,WHITTLESEA,-37.578476,145.06314,2019,9,September,15,Afternoon Peak,Weekend
T20190017842,2019-09-14,20:00:00,2,Struck Pedestrian,6,Saturday,100,PED NEAR SIDE. PED HIT BY VEHICLE FROM THE RIGHT.,5,588150,Not at intersection,2,70,Arterial Other,POUND,CASEY,-38.02877,145.27165,2019,9,September,20,Night,Weekend
T20190017844,2019-09-14,19:30:00,1,Collision with vehicle,6,Saturday,160,VEHICLE COLLIDES WITH VEHICLE PARKED ON LEFT OF ROAD,3,588709,Not at intersection,3,50,Local Road,GRAND,HUME,-37.57118,144.9063,2019,9,September,19,Night,Weekend
T20190019108,2019-09-14,19:35:00,1,Collision with vehicle,6,Saturday,131,LEFT REAR,3,629272,Cross intersection,3,50,Local Road,GARDEN,GEELONG,-38.152752,144.37242,2019,9,September,19,Night,Weekend
T20190017846,2019-09-14,17:05:00,1,Collision with vehicle,6,Saturday,160,VEHICLE COLLIDES WITH VEHICLE PARKED ON LEFT OF ROAD,1,660603,Not at intersection,3,60,Local Road,BATESFORD,STONNINGTON,-37.8766,145.08687,2019,9,September,17,Afternoon Peak,Weekend
T20190017833,2019-09-14,18:55:00,1,Collision with vehicle,6,Saturday,130,REAR END(VEHICLES IN SAME LANE),3,585339,Not at intersection,3,60,Arterial Other,TOORONGA,STONNINGTON,-37.85155,145.04248,2019,9,September,18,Afternoon Peak,Weekend
T20190017834,2019-09-14,15:39:00,1,Collision with vehicle,6,Saturday,120,HEAD ON (NOT OVERTAKING),1,57876,T intersection,2,80,Arterial Highway,MELBA,YARRA RANGES,-37.69218,145.38364,2019,9,September,15,Afternoon Peak,Weekend
T20190017848,2019-09-14,23:47:00,1,Collision with vehicle,6,Saturday,130,REAR END(VEHICLES IN SAME LANE),3,618757,Cross intersection,3,60,Arterial Highway,BRIGHTON,PORT PHILLIP,-37.876186,144.9922,2019,9,September,23,Night,Weekend
T20190019136,2019-09-14,13:54:00,6,Vehicle overturned (no collision),6,Saturday,184,OUT OF CONTROL ON CARRIAGEWAY (ON BEND),1,660421,Not at intersection,3,80,Arterial Highway,MAROONDAH,YARRA RANGES,-37.590584,145.63947,2019,9,September,13,Midday,Weekend
T20190017911,2019-09-15,21:00:00,4,Collision with a fixed object,7,Sunday,173,RIGHT OFF CARRIAGEWAY INTO OBJECT/PARKED VEHICLE,3,619044,Cross intersection,3,70,Local Road,DUBLIN,MAROONDAH,-37.81294,145.24754,2019,9,September,21,Night,Weekend
T20190017892,2019-09-15,16:50:00,1,Collision with vehicle,7,Sunday,116,LEFT NEAR (INTERSECTIONS ONLY),1,39308,Cross intersection,2,70,Arterial Other,TAYLORS,BRIMBANK,-37.727917,144.79741,2019,9,September,16,Afternoon Peak,Weekend
T20190017910,2019-09-15,20:03:00,2,Struck Pedestrian,7,Sunday,102,FAR SIDE. PED HIT BY VEHICLE FROM THE LEFT,3,589999,Cross intersection,2,60,Arterial Highway,TOORAK,BOROONDARA,-37.848106,145.07556,2019,9,September,20,Night,Weekend
T20190017891,2019-09-15,14:45:00,6,Vehicle overturned (no collision),7,Sunday,170,OFF CARRIAGEWAY TO LEFT,1,74033,Not at intersection,2,100,Arterial Other,LAVERS HILL-COBDEN,CORANGAMITE,-38.467182,143.2179,2019,9,September,14,Midday,Weekend
T20190017909,2019-09-15,19:28:00,4,Collision with a fixed object,7,Sunday,183,OFF LEFT BEND INTO OBJECT/PARKED VEHICLE,5,688794,Not at intersection,2,80,Arterial Other,MELBOURNE LANCEFIELD,MACEDON RANGES,-37.46306,144.74171,2019,9,September,19,Night,Weekend
T20190017861,2019-09-15,06:10:00,1,Collision with vehicle,7,Sunday,130,REAR END(VEHICLES IN SAME LANE),1,39774,Cross intersection,3,60,Arterial Other,MT DANDENONG,MAROONDAH,-37.799644,145.28981,2019,9,September,6,Morning Peak,Weekend
T20190020214,2019-09-15,16:37:00,1,Collision with vehicle,7,Sunday,130,REAR END(VEHICLES IN SAME LANE),1,1110,T intersection,3,50,Arterial Highway,POINT NEPEAN,MORNINGTON PENINSULA,-38.371063,144.83086,2019,9,September,16,Afternoon Peak,Weekend
T20190017889,2019-09-15,15:12:00,2,Struck Pedestrian,7,Sunday,100,PED NEAR SIDE. PED HIT BY VEHICLE FROM THE RIGHT.,1,659548,Not at intersection,2,50,Local Road,BORDER,HUME,-37.58871,144.70187,2019,9,September,15,Afternoon Peak,Weekend
T20190017908,2019-09-15,18:45:00,2,Struck Pedestrian,7,Sunday,100,PED NEAR SIDE. PED HIT BY VEHICLE FROM THE RIGHT.,3,39391,Cross intersection,2,60,Arterial Other,MIDDLEBOROUGH,WHITEHORSE,-37.809143,145.14056,2019,9,September,18,Afternoon Peak,Weekend
T20190021150,2019-09-15,19:55:00,6,Vehicle overturned (no collision),7,Sunday,170,OFF CARRIAGEWAY TO LEFT,3,660425,Not at intersection,3,60,Arterial Highway,MAROONDAH,MAROONDAH,-37.81019,145.23845,2019,9,September,19,Night,Weekend
T20190017906,2019-09-15,19:16:00,1,Collision with vehicle,7,Sunday,121,RIGHT THROUGH,3,280263,Cross intersection,3,80,Freeway,NARRE WARREN NORTH-MONASH IN,CASEY,-38.01811,145.30835,2019,9,September,19,Night,Weekend
T20190018759,2019-09-15,10:50:00,1,Collision with vehicle,7,Sunday,121,RIGHT THROUGH,1,277083,T intersection,3,80,Arterial Other,KELLETTS,KNOX,-37.925026,145.28543,2019,9,September,10,Midday,Weekend
T20190024222,2019-09-15,18:50:00,2,Struck Pedestrian,7,Sunday,102,FAR SIDE. PED HIT BY VEHICLE FROM THE LEFT,6,369,T intersection,3,60,Arterial Other,ALBERT,PORT PHILLIP,-37.83738,144.96767,2019,9,September,18,Afternoon Peak,Weekend
T20190019052,2019-09-15,11:00:00,6,Vehicle overturned (no collision),7,Sunday,184,OUT OF CONTROL ON CARRIAGEWAY (ON BEND),1,591776,Not at intersection,3,100,Local Road,INCOLLS,GOLDEN PLAINS,-37.737972,143.75302,2019,9,September,11,Midday,Weekend
T20190019103,2019-09-15,20:30:00,1,Collision with vehicle,7,Sunday,160,VEHICLE COLLIDES WITH VEHICLE PARKED ON LEFT OF ROAD,3,660340,Not at intersection,3,60,Local Road,KEANE,WHITTLESEA,-37.662987,144.99307,2019,9,September,20,Night,Weekend
T20190017903,2019-09-15,18:03:00,1,Collision with vehicle,7,Sunday,120,HEAD ON (NOT OVERTAKING),3,585624,Not at intersection,2,60,Arterial Other,BLACKBURN,MONASH,-37.877407,145.14742,2019,9,September,18,Afternoon Peak,Weekend
T20190017902,2019-09-15,17:48:00,6,Vehicle overturned (no collision),7,Sunday,170,OFF CARRIAGEWAY TO LEFT,2,590873,Not at intersection,2,80,Arterial Highway,MALDON,MOUNT ALEXANDER,-37.068962,144.1894,2019,9,September,17,Afternoon Peak,Weekend
T20190017873,2019-09-15,12:15:00,1,Collision with vehicle,7,Sunday,169,OTHER ON PATH,1,594053,Not at intersection,3,50,Local Road,THIELE,MANNINGHAM,-37.782898,145.13597,2019,9,September,12,Midday,Weekend
T20190017900,2019-09-15,18:32:00,4,Collision with a fixed object,7,Sunday,164,PERMANENT OBSTRUCTION ON CARRIAGEWAY,3,585623,Cross intersection,3,50,Local Road,HAMEL,WHITEHORSE,-37.83889,145.11412,2019,9,September,18,Afternoon Peak,Weekend
T20200014773,2019-09-15,19:30:00,1,Collision with vehicle,7,Sunday,130,REAR END(VEHICLES IN SAME LANE),3,659347,Cross intersection,3,60,Local Road,DANA,BALLARAT,-37.564182,143.85742,2019,9,September,19,Night,Weekend
T20190017897,2019-09-15,17:06:00,1,Collision with vehicle,7,Sunday,121,RIGHT THROUGH,2,662318,T intersection,2,70,Arterial Highway,SOUTH GIPPSLAND,CASEY,-38.103645,145.28224,2019,9,September,17,Afternoon Peak,Weekend
T20190017870,2019-09-15,11:27:00,6,Vehicle overturned (no collision),7,Sunday,180,OFF CARRIAGEWAY ON RIGHT BEND,1,585620,Not at intersection,2,80,Arterial Other,WHITTLESEA-YEA,WHITTLESEA,-37.490166,145.21237,2019,9,September,11,Midday,Weekend