ACCIDENT_NO,ACCIDENT_DATE,ACCIDENT_TIME,ACCIDENT_TYPE,ACCIDENT_TYPE_DESC,DAY_OF_WEEK,DAY_WEEK_DESC,DCA_CODE,DCA_DESC,LIGHT_CONDITION,NODE_ID,ROAD_GEOMETRY_DESC,SEVERITY,SPEED_ZONE,RMA,ROAD_NAME,LGA_NAME,LATITUDE,LONGITUDE,YEAR,MONTH,MONTH_NAME,HOUR,TIME_PERIOD,DAY_TYPE
T20190017872,2019-09-15,09:00:00,2,Struck Pedestrian,7,Sunday,103,PED PLAYING/LYING/WORKING/STANDING ON CARRIAGEWAY.,1,613551,Not at intersection,3,100,Freeway,SOUTH GIPPSLAND IN-MONASH IN,CASEY,-37.98954,145.25229,2019,9,September,9,Morning Peak,Weekend
T20190017863,2019-09-15,08:20:00,1,Collision with vehicle,7,Sunday,143,ENTERING PARKING,1,588710,Not at intersection,2,50,Arterial Highway,GAVAN,ALPINE,-36.72809,146.95877,2019,9,September,8,Morning Peak,Weekend
T20190017887,2019-09-15,15:00:00,6,Vehicle overturned (no collision),7,Sunday,172,OFF CARRIAGEWAY TO RIGHT,1,585621,Not at intersection,2,80,Local Road,CUNNINGHAMS,WYNDHAM,-37.93686,144.72801,2019,9,September,15,Afternoon Peak,Weekend
T20190017847,2019-09-15,02:12:00,1,Collision with vehicle,7,Sunday,133,LANE SIDE SWIPE (VEHICLES IN PARALLEL LANES),3,591763,Cross intersection,3,70,Arterial Other,MAHONEYS,HUME,-37.68968,144.9584,2019,9,September,2,Late Night,Weekend
T20190017883,2019-09-15,10:20:00,9,Other accident,7,Sunday,198,OTHER ACCIDENTS NOT CLASSIFIABLE ELSEWHERE,1,589740,Not at intersection,2,80,Arterial Highway,MAROONDAH,YARRA RANGES,-37.598557,145.63759,2019,9,September,10,Midday,Weekend
T20190017894,2019-09-15,17:00:00,6,Vehicle overturned (no collision),7,Sunday,172,OFF CARRIAGEWAY TO RIGHT,2,589224,Not at intersection,2,100,Local Road,BRENNANS,NILLUMBIK,-37.570267,145.20337,2019,9,September,17,Afternoon Peak,Weekend
T20190017851,2019-09-15,00:26:00,1,Collision with vehicle,7,Sunday,110,CROSS TRAFFIC(INTERSECTIONS ONLY),3,44469,Cross intersection,2,60,Arterial Other,FYANS,GEELONG,-38.1617,144.35411,2019,9,September,0,Late Night,Weekend
T20190017845,2019-09-15,01:30:00,4,Collision with a fixed object,7,Sunday,173,RIGHT OFF CARRIAGEWAY INTO OBJECT/PARKED VEHICLE,3,597953,Not at intersection,2,60,Local Road,SOUTH BEACH,MORNINGTON PENINSULA,-38.341225,145.17464,2019,9,September,1,Late Night,Weekend
T20190017970,2019-09-16,15:10:00,1,Collision with vehicle,1,Monday,121,RIGHT THROUGH,1,49836,T intersection,2,60,Local Road,CHURCH,GEELONG,-38.12984,144.33194,2019,9,September,15,Afternoon Peak,Weekday
T20190020842,2019-09-16,15:18:00,1,Collision with vehicle,1,Monday,111,RIGHT FAR (INTERSECTIONS ONLY),1,617311,T intersection,3,100,Arterial Other,COBDEN-STONYFORD,CORANGAMITE,-38.334454,143.23486,2019,9,September,15,Afternoon Peak,Weekday
T20190017999,2019-09-16,22:18:00,1,Collision with vehicle,1,Monday,120,HEAD ON (NOT OVERTAKING),3,599030,Not at intersection,2,60,Arterial Other,WARRIGAL,WHITEHORSE,-37.845863,145.09642,2019,9,September,22,Night,Weekday
T20190018052,2019-09-16,22:30:00,1,Collision with vehicle,1,Monday,111,RIGHT FAR (INTERSECTIONS ONLY),4,267724,T intersection,2,60,Arterial Other,MAIN,NILLUMBIK,-37.70636,145.1512,2019,9,September,22,Night,Weekday
T20190018050,2019-09-16,17:17:00,1,Collision with vehicle,1,Monday,130,REAR END(VEHICLES IN SAME LANE),1,650989,T intersection,3,50,Local Road,ADELAIDE,BRIMBANK,-37.776245,144.82037,2019,9,September,17,Afternoon Peak,Weekday
T20190017996,2019-09-16,20:30:00,8,No collision and no object struck,1,Monday,172,OFF CARRIAGEWAY TO RIGHT,5,586736,Not at intersection,2,100,Arterial Other,MANSFIELD-WOODS POINT,MANSFIELD,-37.189392,146.14566,2019,9,September,20,Night,Weekday
T20190017995,2019-09-16,18:55:00,1,Collision with vehicle,1,Monday,110,CROSS TRAFFIC(INTERSECTIONS ONLY),3,411,Cross intersection,2,60,Arterial Other,STATION,DAREBIN,-37.774384,145.01889,2019,9,September,18,Afternoon Peak,Weekday
T20190017991,2019-09-16,17:15:00,1,Collision with vehicle,1,Monday,121,RIGHT THROUGH,1,224821,Cross intersection,3,80,Arterial Highway,HENTY,SOUTHERN GRAMPIANS,-37.72282,141.99454,2019,9,September,17,Afternoon Peak,Weekday
T20190022471,2019-09-16,07:00:00,1,Collision with vehicle,1,Monday,140,U TURN,1,48859,Cross intersection,3,60,Arterial Other,BEACONSFIELD-EMERALD,CARDINIA,-38.004837,145.40955,2019,9,September,7,Morning Peak,Weekday
T20190018333,2019-09-16,11:36:00,1,Collision with vehicle,1,Monday,130,REAR END(VEHICLES IN SAME LANE),1,588170,Not at intersection,2,60,Arterial Other,MCINTYRE,BRIMBANK,-37.773777,144.82933,2019,9,September,11,Midday,Weekday
T20190018338,2019-09-16,06:00:00,5,collision with some other object,1,Monday,166,STRUCK OBJECT ON CARRIAGEWAY,2,588718,Not at intersection,3,80,Arterial Other,MONBULK,YARRA RANGES,-37.823555,145.41666,2019,9,September,6,Morning Peak,Weekday
T20190018423,2019-09-16,15:35:00,1,Collision with vehicle,1,Monday,130,REAR END(VEHICLES IN SAME LANE),1,588181,Not at intersection,3,100,Freeway,STUD-MONASH OUT,DANDENONG,-37.958187,145.2262,2019,9,September,15,Afternoon Peak,Weekday
T20190023652,2019-09-16,14:15:00,1,Collision with vehicle,1,Monday,130,REAR END(VEHICLES IN SAME LANE),1,604524,Not at intersection,3,70,Arterial Other,BORONIA,KNOX,-37.8457,145.21355,2019,9,September,14,Midday,Weekday
T20190017979,2019-09-16,15:50:00,1,Collision with vehicle,1,Monday,113,RIGHT NEAR (INTERSECTIONS ONLY),1,51553,T intersection,3,60,Arterial Highway,CALDER,BENDIGO,-36.74275,144.2112,2019,9,September,15,Afternoon Peak,Weekday
T20190017976,2019-09-16,16:37:00,1,Collision with vehicle,1,Monday,147,VEHICLE STRIKES ANOTHER VEH WHILE EMERGING FROM DRIVEWAY,1,585627,T intersection,2,50,Arterial Highway,PRINCES HIGHWAY SERVICE,DANDENONG,-37.958183,145.18497,2019,9,September,16,Afternoon Peak,Weekday
T20190017965,2019-09-16,15:45:00,4,Collision with a fixed object,1,Monday,173,RIGHT OFF CARRIAGEWAY INTO OBJECT/PARKED VEHICLE,1,588156,T intersection,3,50,Local Road,LEATHERWOOD,WYNDHAM,-37.849663,144.69821,2019,9,September,15,Afternoon Peak,Weekday
T20190017964,2019-09-16,13:24:00,4,Collision with a fixed object,1,Monday,173,RIGHT OFF CARRIAGEWAY INTO OBJECT/PARKED VEHICLE,1,588155,T intersection,3,50,Local Road,WESTMEADOWS,WYNDHAM,-37.842594,144.72142,2019,9,September,13,Midday,Weekday
T20190017952,2019-09-16,13:20:00,1,Collision with vehicle,1,Monday,136,RIGHT TURN SIDESWIPE,1,588153,Cross intersection,2,80,Arterial Other,ANGLESEA ROAD -MT DUNEED,GEELONG,-38.24203,144.27798,2019,9,September,13,Midday,Weekday
T20190017951,2019-09-16,12:58:00,1,Collision with vehicle,1,Monday,110,CROSS TRAFFIC(INTERSECTIONS ONLY),1,61611,Cross intersection,3,60,Arterial Other,PLENTY,WHITTLESEA,-37.678818,145.06941,2019,9,September,12,Midday,Weekday
T20190017948,2019-09-16,12:35:00,1,Collision with vehicle,1,Monday,121,RIGHT THROUGH,1,323380,Cross intersection,3,80,Arterial Other,HEATHERTON,CASEY,-37.972694,145.23827,2019,9,September,12,Midday,Weekday
T20190017945,2019-09-16,09:20:00,4,Collision with a fixed object,1,Monday,171,LEFT OFF CARRIAGEWAY INTO OBJECT/PARKED VEHICLE,1,660338,Not at intersection,3,60,Arterial Highway,SMITHFIELD,MELBOURNE,-37.794865,144.9137,2019,9,September,9,Morning Peak,Weekday
T20190017943,2019-09-16,12:25:00,1,Collision with vehicle,1,Monday,121,RIGHT THROUGH,1,589741,T intersection,3,60,Arterial Other,GRETA,WANGARATTA,-36.360012,146.31586,2019,9,September,12,Midday,Weekday
T20190017942,2019-09-16,10:00:00,6,Vehicle overturned (no collision),1,Monday,174,OUT OF CONTROL ON CARRIAGEWAY (ON STRAIGHT),1,596582,Not at intersection,3,50,Local Road,FERNGULLY,YARRA RANGES,-37.743317,145.5971,2019,9,September,10,Midday,Weekday
T20190017939,2019-09-16,10:40:00,6,Vehicle overturned (no collision),1,Monday,182,OFF CARRIAGEWAY ON LEFT BEND,1,660339,Not at intersection,3,100,Local Road,KILFEERA,BENALLA,-36.61225,146.11758,2019,9,September,10,Midday,Weekday
T20190017928,2019-09-16,08:45:00,8,No collision and no object struck,1,Monday,174,OUT OF CONTROL ON CARRIAGEWAY (ON STRAIGHT),1,585895,T intersection,2,60,Arterial Highway,WHITEHORSE,WHITEHORSE,-37.815384,145.10242,2019,9,September,8,Morning Peak,Weekday
T20190017926,2019-09-16,08:30:00,4,Collision with a fixed object,1,Monday,181,OFF RIGHT BEND INTO OBJECT/PARKED VEHICLE,1,619335,Not at intersection,2,50,Local Road,JOHNS,YARRA RANGES,-37.782852,145.3681,2019,9,September,8,Morning Peak,Weekday
T20190017924,2019-09-16,08:18:00,2,Struck Pedestrian,1,Monday,108,PED STRUCK WALKING TO/FROM OR BOARDING/ALIGHTING VEHICLE.,1,585625,Not at intersection,3,40,Local Road,STATION,MOORABOOL,-37.687084,144.43677,2019,9,September,8,Morning Peak,Weekday
T20190018060,2019-09-16,09:15:00,1,Collision with vehicle,1,Monday,121,RIGHT THROUGH,1,55242,T intersection,3,50,Arterial Other,VICTORIA,MELBOURNE,-37.80615,144.95845,2019,9,September,9,Morning Peak,Weekday
T20190017932,2019-09-16,07:19:00,1,Collision with vehicle,1,Monday,130,REAR END(VEHICLES IN SAME LANE),1,585626,Not at intersection,2,100,Freeway,PRINCES,GEELONG,-38.00805,144.47958,2019,9,September,7,Morning Peak,Weekday
T20200016580,2019-09-16,14:23:00,1,Collision with vehicle,1,Monday,120,HEAD ON (NOT OVERTAKING),1,662083,Not at intersection,3,60,Arterial Other,NICHOLSON,YARRA,-37.78233,144.97772,2019,9,September,14,Midday,Weekday
T20190019611,2019-09-16,04:25:00,5,collision with some other object,1,Monday,166,STRUCK OBJECT ON CARRIAGEWAY,5,591266,Not at intersection,3,80,Arterial Other,WOORI YALLOCK,CARDINIA,-37.88482,145.53197,2019,9,September,4,Late Night,Weekday
T20190018083,2019-09-17,16:50:00,1,Collision with vehicle,2,Tuesday,110,CROSS TRAFFIC(INTERSECTIONS ONLY),1,60058,Cross intersection,3,50,Local Road,BROUGHAM,CENTRAL GOLDFIELDS,-37.05222,143.73314,2019,9,September,16,Afternoon Peak,Weekday
T20190018043,2019-09-17,11:45:00,1,Collision with vehicle,2,Tuesday,148,VEHICLE OFF FOOTPATH STRIKES VEH ON CARRIAGEWAY,1,41549,Cross intersection,2,60,Arterial Highway,WARRIGAL,STONNINGTON,-37.88028,145.09076,2019,9,September,11,Midday,Weekday
T20190018069,2019-09-17,16:27:00,2,Struck Pedestrian,2,Tuesday,101,PED EMERGES FROM IN FRONT OF PARKED OR STATIONARY VEHICLE,1,590737,Not at intersection,3,50,Local Road,PERRIVALE,SHEPPARTON,-36.39995,145.41652,2019,9,September,16,Afternoon Peak,Weekday
T20190020389,2019-09-17,18:30:00,1,Collision with vehicle,2,Tuesday,135,LANE CHANGE LEFT (NOT OVERTAKING),1,597793,Not at intersection,3,60,Arterial Other,BURKE,BOROONDARA,-37.816467,145.05952,2019,9,September,18,Afternoon Peak,Weekday
T20190018070,2019-09-17,15:20:00,1,Collision with vehicle,2,Tuesday,116,LEFT NEAR (INTERSECTIONS ONLY),1,247017,T intersection,2,50,Local Road,HENTY,DAREBIN,-37.71952,145.00378,2019,9,September,15,Afternoon Peak,Weekday
T20190018023,2019-09-17,08:48:00,1,Collision with vehicle,2,Tuesday,130,REAR END(VEHICLES IN SAME LANE),1,592510,Not at intersection,2,70,Arterial Highway,DANDENONG,PORT PHILLIP,-37.85911,145.00089,2019,9,September,8,Morning Peak,Weekday
T20190018071,2019-09-17,11:45:00,1,Collision with vehicle,2,Tuesday,140,U TURN,1,591000,Not at intersection,2,60,Arterial Highway,ROUGHEAD,SOUTH GIPPSLAND,-38.473923,145.94832,2019,9,September,11,Midday,Weekday
T20190018073,2019-09-17,16:30:00,1,Collision with vehicle,2,Tuesday,130,REAR END(VEHICLES IN SAME LANE),1,43866,T intersection,2,70,Arterial Other,OLD PRINCES,CARDINIA,-38.051407,145.37483,2019,9,September,16,Afternoon Peak,Weekday
T20190018076,2019-09-17,16:15:00,1,Collision with vehicle,2,Tuesday,130,REAR END(VEHICLES IN SAME LANE),1,65315,T intersection,3,60,Local Road,DURHAM,YARRA RANGES,-37.800922,145.3248,2019,9,September,16,Afternoon Peak,Weekday
T20190018066,2019-09-17,13:40:00,4,Collision with a fixed object,2,Tuesday,171,LEFT OFF CARRIAGEWAY INTO OBJECT/PARKED VEHICLE,1,652080,Not at intersection,3,50,Local Road,MACQUARIE,MILDURA,-34.20963,142.14748,2019,9,September,13,Midday,Weekday
T20190018036,2019-09-17,08:20:00,1,Collision with vehicle,2,Tuesday,135,LANE CHANGE LEFT (NOT OVERTAKING),1,619635,Not at intersection,2,100,Freeway,METROPOLITAN RING,HUME,-37.69087,144.97061,2019,9,September,8,Morning Peak,Weekday
T20190018022,2019-09-17,09:12:00,1,Collision with vehicle,2,Tuesday,137,LEFT TURN SIDESWIPE,1,36847,T intersection,3,40,Local Road,WILLIAM,MELBOURNE,-37.810677,144.95595,2019,9,September,9,Morning Peak,Weekday
T20190026246,2019-09-17,23:05:00,5,collision with some other object,2,Tuesday,166,STRUCK OBJECT ON CARRIAGEWAY,9,613030,T intersection,3,60,Arterial Other,BRIDGE,MANNINGHAM,-37.76031,145.08282,2019,9,September,23,Night,Weekday
T20190018922,2019-09-17,18:00:00,1,Collision with vehicle,2,Tuesday,132,RIGHT REAR.,2,38924,Cross intersection,3,60,Arterial Other,COTHAM,BOROONDARA,-37.807552,145.03674,2019,9,September,18,Afternoon Peak,Weekday
T20190018058,2019-09-17,13:45:00,1,Collision with vehicle,2,Tuesday,110,CROSS TRAFFIC(INTERSECTIONS ONLY),1,38354,Cross intersection,3,60,Arterial Other,VICTORIA,MANNINGHAM,-37.78035,145.1448,2019,9,September,13,Midday,Weekday
T20220014938,2019-09-17,14:30:00,1,Collision with vehicle,2,Tuesday,110,CROSS TRAFFIC(INTERSECTIONS ONLY),1,47045,Multiple intersection,3,70,Local Road,FITZROY,GEELONG,-38.153183,144.36919,2019,9,September,14,Midday,Weekday
T20190019171,2019-09-17,18:45:00,1,Collision with vehicle,2,Tuesday,130,REAR END(VEHICLES IN SAME LANE),3,52825,Cross intersection,3,60,Local Road,HUMFFRAY,BALLARAT,-37.55589,143.87808,2019,9,September,18,Afternoon Peak,Weekday
T20190018085,2019-09-17,17:30:00,2,Struck Pedestrian,2,Tuesday,100,PED NEAR SIDE. PED HIT BY VEHICLE FROM THE RIGHT.,1,46855,Cross intersection,3,40,Arterial Other,DORSET,KNOX,-37.859783,145.28577,2019,9,September,17,Afternoon Peak,Weekday
T20190018008,2019-09-17,02:47:00,4,Collision with a fixed object,2,Tuesday,171,LEFT OFF CARRIAGEWAY INTO OBJECT/PARKED VEHICLE,5,660336,Not at intersection,2,60,Arterial Other,THE ESPLANADE,GEELONG,-38.15061,144.71631,2019,9,September,2,Late Night,Weekday
T20190018088,2019-09-17,15:05:00,6,Vehicle overturned (no collision),2,Tuesday,174,OUT OF CONTROL ON CARRIAGEWAY (ON STRAIGHT),1,587093,Not at intersection,1,50,Local Road,SUNBURY,SHEPPARTON,-36.40079,145.41412,2019,9,September,15,Afternoon Peak,Weekday
T20190018101,2019-09-17,20:32:00,1,Collision with vehicle,2,Tuesday,120,HEAD ON (NOT OVERTAKING),5,619639,Not at intersection,3,80,Local Road,MUNDY,HUME,-37.532623,144.66698,2019,9,September,20,Night,Weekday
T20190018020,2019-09-17,09:25:00,1,Collision with vehicle,2,Tuesday,150,HEAD ON(OVERTAKING),1,585898,Not at intersection,2,60,Arterial Other,RHODES,MORELAND,-37.715828,144.93013,2019,9,September,9,Morning Peak,Weekday
T20190018017,2019-09-17,08:03:00,1,Collision with vehicle,2,Tuesday,130,REAR END(VEHICLES IN SAME LANE),1,591764,Cross intersection,3,80,Arterial Highway,BURWOOD,WHITEHORSE,-37.85452,145.16562,2019,9,September,8,Morning Peak,Weekday
T20190018067,2019-09-17,16:11:00,1,Collision with vehicle,2,Tuesday,130,REAR END(VEHICLES IN SAME LANE),1,773,Not at intersection,2,80,Arterial Highway,NEPEAN,KINGSTON,-37.952694,145.04854,2019,9,September,16,Afternoon Peak,Weekday
T20190018102,2019-09-17,21:12:00,1,Collision with vehicle,2,Tuesday,116,LEFT NEAR (INTERSECTIONS ONLY),3,50461,T intersection,3,80,Arterial Highway,BASS HIGHWAY -WONTHAGGI,BASS COAST,-38.62761,145.71724,2019,9,September,21,Night,Weekday
T20190018029,2019-09-17,06:35:00,1,Collision with vehicle,2,Tuesday,130,REAR END(VEHICLES IN SAME LANE),2,240603,Y intersection,2,100,Freeway,MONASH,CASEY,-37.99665,145.26952,2019,9,September,6,Morning Peak,Weekday
T20190018031,2019-09-17,08:14:00,2,Struck Pedestrian,2,Tuesday,102,FAR SIDE. PED HIT BY VEHICLE FROM THE LEFT,1,41626,T intersection,2,50,Arterial Highway,SHAFTON,MONASH,-37.911858,145.10648,2019,9,September,8,Morning Peak,Weekday
T20190018004,2019-09-17,01:55:00,1,Collision with vehicle,2,Tuesday,160,VEHICLE COLLIDES WITH VEHICLE PARKED ON LEFT OF ROAD,3,586184,Not at intersection,3,60,Arterial Highway,ST GEORGES,DAREBIN,-37.76989,144.9913,2019,9,September,1,Late Night,Weekday
T20190018097,2019-09-17,18:09:00,1,Collision with vehicle,2,Tuesday,120,HEAD ON (NOT OVERTAKING),3,619638,Not at intersection,2,60,Arterial Other,SHANNON,GEELONG,-38.164314,144.32938,2019,9,September,18,Afternoon Peak,Weekday
T20190018098,2019-09-17,21:09:00,1,Collision with vehicle,2,Tuesday,110,CROSS TRAFFIC(INTERSECTIONS ONLY),3,49256,Cross intersection,3,60,Arterial Highway,DEAKIN,MILDURA,-34.215263,142.12584,2019,9,September,21,Night,Weekday
T20190018015,2019-09-17,08:03:00,1,Collision with vehicle,2,Tuesday,143,ENTERING PARKING,1,588711,Not at intersection,2,50,Local Road,LEICESTER,MELBOURNE,-37.805943,144.96,2019,9,September,8,Morning Peak,Weekday
T20190018099,2019-09-17,17:30:00,1,Collision with vehicle,2,Tuesday,130,REAR END(VEHICLES IN SAME LANE),1,586186,Not at intersection,3,40,Arterial Other,NICHOLSON,MORELAND,-37.770313,144.97974,2019,9,September,17,Afternoon Peak,Weekday
T20190018107,2019-09-17,20:45:00,6,Vehicle overturned (no collision),2,Tuesday,170,OFF CARRIAGEWAY TO LEFT,5,756170,Not at intersection,3,100,Local Road,BULBAN,WYNDHAM,-37.924995,144.58089,2019,9,September,20,Night,Weekday
T20190018100,2019-09-17,15:55:00,1,Collision with vehicle,2,Tuesday,132,RIGHT REAR.,1,41054,T intersection,2,60,Arterial Other,PASCOE VALE,MORELAND,-37.710445,144.91685,2019,9,September,15,Afternoon Peak,Weekday
T20190018009,2019-09-17,06:18:00,1,Collision with vehicle,2,Tuesday,121,RIGHT THROUGH,1,41838,T intersection,2,60,Arterial Other,WAVERLEY,MONASH,-37.891125,145.18396,2019,9,September,6,Morning Peak,Weekday
T20190018602,2019-09-17,07:50:00,7,Fall from or in moving vehicle,2,Tuesday,190,FELL IN/FROM VEHICLE,1,591003,Not at intersection,3,60,Arterial Highway,GREAT OCEAN,SURF COAST,-38.425888,144.16908,2019,9,September,7,Morning Peak,Weekday
T20190018146,2019-09-17,17:00:00,1,Collision with vehicle,2,Tuesday,110,CROSS TRAFFIC(INTERSECTIONS ONLY),9,293118,Cross intersection,3,50,Local Road,CHENIES,DAREBIN,-37.71025,145.02922,2019,9,September,17,Afternoon Peak,Weekday
T20190018329,2019-09-17,10:15:00,1,Collision with vehicle,2,Tuesday,163,VEHICLE STRIKES DOOR OF PARKED/STATIONARY VEHICLE,1,588169,Not at intersection,3,40,Local Road,GERTRUDE,YARRA,-37.805588,144.97563,2019,9,September,10,Midday,Weekday
T20200001020,2019-09-17,16:20:00,1,Collision with vehicle,2,Tuesday,121,RIGHT THROUGH,9,65670,Cross intersection,3,40,Local Road,LA TROBE,MELBOURNE,-37.80888,144.96631,2019,9,September,16,Afternoon Peak,Weekday
T20190018238,2019-09-17,00:00:00,4,Collision with a fixed object,2,Tuesday,173,RIGHT OFF CARRIAGEWAY INTO OBJECT/PARKED VEHICLE,5,659867,Not at intersection,3,80,Local Road,MORSES CREEK,ALPINE,-36.80387,146.9759,2019,9,September,0,Late Night,Weekday
T20190018044,2019-09-17,10:57:00,1,Collision with vehicle,2,Tuesday,130,REAR END(VEHICLES IN SAME LANE),1,134873,Y intersection,2,60,Arterial Highway,YARRA BANK,MELBOURNE,-37.82297,144.97597,2019,9,September,10,Midday,Weekday
T20190018048,2019-09-17,11:25:00,8,No collision and no object struck,2,Tuesday,172,OFF CARRIAGEWAY TO RIGHT,1,605346,Not at intersection,2,100,Arterial Highway,MURRAY VALLEY,GANNAWARRA,-35.647926,143.83722,2019,9,September,11,Midday,Weekday
T20190018054,2019-09-17,06:30:00,4,Collision with a fixed object,2,Tuesday,181,OFF RIGHT BEND INTO OBJECT/PARKED VEHICLE,1,590999,Not at intersection,1,80,Arterial Other,AVENUE OF HONOUR,MACEDON RANGES,-37.341885,144.52957,2019,9,September,6,Morning Peak,Weekday
T20190018049,2019-09-17,11:15:00,1,Collision with vehicle,2,Tuesday,140,U TURN,1,619636,Not at intersection,2,60,Arterial Other,BALLARAT,MARIBYRNONG,-37.780964,144.86269,2019,9,September,11,Midday,Weekday
T20190025138,2019-09-17,09:45:00,1,Collision with vehicle,2,Tuesday,130,REAR END(VEHICLES IN SAME LANE),1,57752,T intersection,3,60,Arterial Highway,MAIN,EAST GIPPSLAND,-37.82935,147.61679,2019,9,September,9,Morning Peak,Weekday
T20200005261,2019-09-17,08:30:00,1,Collision with vehicle,2,Tuesday,110,CROSS TRAFFIC(INTERSECTIONS ONLY),1,57712,Cross intersection,3,50,Arterial Other,URQUHART,HORSHAM,-36.7094,142.20232,2019,9,September,8,Morning Peak,Weekday
T20190018218,2019-09-17,05:50:00,4,Collision with a fixed object,2,Tuesday,181,OFF RIGHT BEND INTO OBJECT/PARKED VEHICLE,2,599323,Multiple intersection,2,80,Arterial Other,MONBULK,YARRA RANGES,-37.855038,145.41853,2019,9,September,5,Morning Peak,Weekday
T20190018053,2019-09-17,10:24:00,1,Collision with vehicle,2,Tuesday,160,VEHICLE COLLIDES WITH VEHICLE PARKED ON LEFT OF ROAD,1,588158,Not at intersection,2,50,Local Road,HOTHAM,LATROBE,-38.19728,146.53644,2019,9,September,10,Midday,Weekday
T20190018001,2019-09-17,01:30:00,4,Collision with a fixed object,2,Tuesday,183,OFF LEFT BEND INTO OBJECT/PARKED VEHICLE,3,618463,Not at intersection,2,70,Arterial Highway,MELBOURNE,GEELONG,-38.11297,144.35474,2019,9,September,1,Late Night,Weekday
T20190018168,2019-09-17,10:00:00,2,Struck Pedestrian,2,Tuesday,102,FAR SIDE. PED HIT BY VEHICLE FROM THE LEFT,9,588163,T intersection,2,50,Local Road,SWANSTON,MELBOURNE,-37.80186,144.96373,2019,9,September,10,Midday,Weekday
T20190018140,2019-09-18,09:37:00,1,Collision with vehicle,3,Wednesday,137,LEFT TURN SIDESWIPE,1,658219,Not at intersection,2,60,Arterial Other,VICTORIA,MELBOURNE,-37.80919,144.98291,2019,9,September,9,Morning Peak,Weekday
T20190018106,2019-09-18,00:20:00,4,Collision with a fixed object,3,Wednesday,181,OFF RIGHT BEND INTO OBJECT/PARKED VEHICLE,5,590258,Not at intersection,2,100,Arterial Highway,PRINCES,EAST GIPPSLAND,-37.826954,147.89594,2019,9,September,0,Late Night,Weekday
T20190018141,2019-09-18,10:38:00,1,Collision with vehicle,3,Wednesday,121,RIGHT THROUGH,1,45237,Cross intersection,2,60,Arterial Other,GORDON,MARIBYRNONG,-37.783794,144.89091,2019,9,September,10,Midday,Weekday
T20190018197,2019-09-18,16:15:00,4,Collision with a fixed object,3,Wednesday,171,LEFT OFF CARRIAGEWAY INTO OBJECT/PARKED VEHICLE,1,619926,Not at intersection,2,60,Local Road,MOORABOOL,GEELONG,-38.154655,144.35735,2019,9,September,16,Afternoon Peak,Weekday
T20190018142,2019-09-18,09:00:00,1,Collision with vehicle,3,Wednesday,130,REAR END(VEHICLES IN SAME LANE),1,619924,Not at intersection,2,50,Local Road,BLYTH,MORELAND,-37.76735,144.98355,2019,9,September,9,Morning Peak,Weekday
T20200015950,2019-09-18,08:45:00,1,Collision with vehicle,3,Wednesday,130,REAR END(VEHICLES IN SAME LANE),1,661173,Not at intersection,3,60,Local Road,ALEXANDRA,MELBOURNE,-37.830517,144.98775,2019,9,September,8,Morning Peak,Weekday
T20190025346,2019-09-18,09:00:00,1,Collision with vehicle,3,Wednesday,110,CROSS TRAFFIC(INTERSECTIONS ONLY),1,52691,Cross intersection,3,60,Local Road,GIRDLESTONE,ARARAT,-37.279747,142.93488,2019,9,September,9,Morning Peak,Weekday
T20190018082,2019-09-18,16:00:00,1,Collision with vehicle,3,Wednesday,110,CROSS TRAFFIC(INTERSECTIONS ONLY),1,591001,Cross intersection,3,50,Local Road,ROBERT,BOROONDARA,-37.794277,145.09341,2019,9,September,16,Afternoon Peak,Weekday
T20190018147,2019-09-18,12:00:00,1,Collision with vehicle,3,Wednesday,113,RIGHT NEAR (INTERSECTIONS ONLY),1,49713,T intersection,3,60,Arterial Other,THOMPSON,GEELONG,-38.09004,144.34743,2019,9,September,12,Midday,Weekday
T20190018150,2019-09-18,11:25:00,1,Collision with vehicle,3,Wednesday,194,PARKED CAR RUN AWAY,1,619925,Not at intersection,3,50,Local Road,TEMORA,CASEY,-38.021927,145.33357,2019,9,September,11,Midday,Weekday
T20190018372,2019-09-18,16:20:00,1,Collision with vehicle,3,Wednesday,120,HEAD ON (NOT OVERTAKING),1,660175,Not at intersection,3,100,Arterial Other,KERANG-QUAMBATOOK,GANNAWARRA,-35.735443,143.84676,2019,9,September,16,Afternoon Peak,Weekday
T20190018325,2019-09-18,21:30:00,1,Collision with vehicle,3,Wednesday,121,RIGHT THROUGH,6,42680,T intersection,3,80,Arterial Other,WELLINGTON,YARRA RANGES,-37.961178,145.36115,2019,9,September,21,Night,Weekday
T20190018248,2019-09-18,16:30:00,6,Vehicle overturned (no collision),3,Wednesday,179,OTHER ACCIDENTS-OFF STRAIGHT NOT INCLUDED IN DCAs 170-175,1,586482,Not at intersection,3,60,Local Road,MERTON,HOBSONS BAY,-37.857224,144.77954,2019,9,September,16,Afternoon Peak,Weekday
T20190018240,2019-09-18,20:27:00,1,Collision with vehicle,3,Wednesday,130,REAR END(VEHICLES IN SAME LANE),3,586481,Not at intersection,3,50,Local Road,VIEW,BENDIGO,-36.750942,144.2706,2019,9,September,20,Night,Weekday