ACCIDENT_NO,ACCIDENT_DATE,ACCIDENT_TIME,ACCIDENT_TYPE,ACCIDENT_TYPE_DESC,DAY_OF_WEEK,DAY_WEEK_DESC,DCA_CODE,DCA_DESC,LIGHT_CONDITION,NODE_ID,ROAD_GEOMETRY_DESC,SEVERITY,SPEED_ZONE,RMA,ROAD_NAME,LGA_NAME,LATITUDE,LONGITUDE,YEAR,MONTH,MONTH_NAME,HOUR,TIME_PERIOD,DAY_TYPE
T20190019470,2019-09-18,17:28:00,1,Collision with vehicle,3,Wednesday,130,REAR END(VEHICLES IN SAME LANE),1,592764,Not at intersection,3,80,Arterial Other,BRAESIDE-DANDENONG,DANDENONG,-38.013,145.20012,2019,9,September,17,Afternoon Peak,Weekday
T20190018193,2019-09-18,17:30:00,8,No collision and no object struck,3,Wednesday,174,OUT OF CONTROL ON CARRIAGEWAY (ON STRAIGHT),1,593554,Not at intersection,2,100,Freeway,MONASH,CASEY,-37.98063,145.24385,2019,9,September,17,Afternoon Peak,Weekday
T20190018153,2019-09-18,06:14:00,1,Collision with vehicle,3,Wednesday,130,REAR END(VEHICLES IN SAME LANE),2,58068,T intersection,2,60,Arterial Other,DERRIMUT,WYNDHAM,-37.880695,144.68228,2019,9,September,6,Morning Peak,Weekday
T20190018939,2019-09-18,20:00:00,1,Collision with vehicle,3,Wednesday,113,RIGHT NEAR (INTERSECTIONS ONLY),3,591772,Cross intersection,3,60,Arterial Other,NARRE WARREN NORTH,CASEY,-38.018143,145.30855,2019,9,September,20,Night,Weekday
T20190023750,2019-09-18,15:00:00,1,Collision with vehicle,3,Wednesday,130,REAR END(VEHICLES IN SAME LANE),1,351927,Cross intersection,3,70,Arterial Highway,EAST BOUNDARY,GLEN EIRA,-37.906624,145.06177,2019,9,September,15,Afternoon Peak,Weekday
T20190018112,2019-09-18,03:48:00,4,Collision with a fixed object,3,Wednesday,183,OFF LEFT BEND INTO OBJECT/PARKED VEHICLE,3,624320,Not at intersection,2,80,Arterial Other,DUNCANS,WYNDHAM,-37.92292,144.70177,2019,9,September,3,Late Night,Weekday
T20190018115,2019-09-18,05:20:00,4,Collision with a fixed object,3,Wednesday,173,RIGHT OFF CARRIAGEWAY INTO OBJECT/PARKED VEHICLE,2,586473,Not at intersection,2,70,Arterial Highway,MELBOURNE,GEELONG,-38.13167,144.3508,2019,9,September,5,Morning Peak,Weekday
T20190018139,2019-09-18,10:25:00,1,Collision with vehicle,3,Wednesday,123,RIGHT/LEFT. ONE VEH TURNING RIGHT THE OTHER LEFT.,1,49500,Cross intersection,2,60,Arterial Other,ROBERTSON,MACEDON RANGES,-37.485695,144.58998,2019,9,September,10,Midday,Weekday
T20190018225,2019-09-18,11:00:00,4,Collision with a fixed object,3,Wednesday,171,LEFT OFF CARRIAGEWAY INTO OBJECT/PARKED VEHICLE,1,586477,T intersection,2,60,Local Road,LODGE,SOUTHERN GRAMPIANS,-37.755627,142.02544,2019,9,September,11,Midday,Weekday
T20190018165,2019-09-18,13:30:00,2,Struck Pedestrian,3,Wednesday,102,FAR SIDE. PED HIT BY VEHICLE FROM THE LEFT,1,586189,Not at intersection,2,50,Local Road,CLYDESDALE,MOONEE VALLEY,-37.72342,144.879,2019,9,September,13,Midday,Weekday
T20190018122,2019-09-18,06:14:00,1,Collision with vehicle,3,Wednesday,120,HEAD ON (NOT OVERTAKING),1,29755,T intersection,2,70,Arterial Other,GISBORNE-MELTON,MELTON,-37.666676,144.59944,2019,9,September,6,Morning Peak,Weekday
T20190018162,2019-09-18,05:00:00,1,Collision with vehicle,3,Wednesday,120,HEAD ON (NOT OVERTAKING),5,586010,Not at intersection,1,100,Arterial Highway,MALLEE,SWAN HILL,-35.056293,142.83163,2019,9,September,5,Morning Peak,Weekday
T20190018124,2019-09-18,06:30:00,1,Collision with vehicle,3,Wednesday,133,LANE SIDE SWIPE (VEHICLES IN PARALLEL LANES),2,588160,Not at intersection,2,100,Freeway,PRINCES,HOBSONS BAY,-37.852283,144.77927,2019,9,September,6,Morning Peak,Weekday
T20190018679,2019-09-18,09:00:00,1,Collision with vehicle,3,Wednesday,148,VEHICLE OFF FOOTPATH STRIKES VEH ON CARRIAGEWAY,1,650990,T intersection,3,60,Local Road,RAINSFORD,PORT PHILLIP,-37.87773,144.99289,2019,9,September,9,Morning Peak,Weekday
T20190018167,2019-09-18,12:35:00,1,Collision with vehicle,3,Wednesday,135,LANE CHANGE LEFT (NOT OVERTAKING),1,302384,Not at intersection,3,80,Freeway,HIGH-PRINCES IN,HOBSONS BAY,-37.86495,144.77574,2019,9,September,12,Midday,Weekday
T20190018129,2019-09-18,08:35:00,2,Struck Pedestrian,3,Wednesday,100,PED NEAR SIDE. PED HIT BY VEHICLE FROM THE RIGHT.,1,588161,Multiple intersection,2,60,Local Road,THOMAS,DANDENONG,-37.99027,145.21298,2019,9,September,8,Morning Peak,Weekday
T20190018130,2019-09-18,08:00:00,1,Collision with vehicle,3,Wednesday,137,LEFT TURN SIDESWIPE,1,586737,T intersection,2,60,Local Road,AUBURN,BOROONDARA,-37.841206,145.04156,2019,9,September,8,Morning Peak,Weekday
T20190018173,2019-09-18,15:15:00,2,Struck Pedestrian,3,Wednesday,100,PED NEAR SIDE. PED HIT BY VEHICLE FROM THE RIGHT.,1,38462,T intersection,2,60,Local Road,BERESFORD,YARRA RANGES,-37.749676,145.33658,2019,9,September,15,Afternoon Peak,Weekday
T20190018177,2019-09-18,15:30:00,4,Collision with a fixed object,3,Wednesday,171,LEFT OFF CARRIAGEWAY INTO OBJECT/PARKED VEHICLE,1,70751,Cross intersection,3,80,Arterial Highway,KEITH,KINGSTON,-37.991833,145.08218,2019,9,September,15,Afternoon Peak,Weekday
T20190018207,2019-09-18,15:30:00,1,Collision with vehicle,3,Wednesday,121,RIGHT THROUGH,1,35297,Cross intersection,3,40,Arterial Other,SYDNEY,MORELAND,-37.76084,144.9632,2019,9,September,15,Afternoon Peak,Weekday
T20190018206,2019-09-18,17:00:00,1,Collision with vehicle,3,Wednesday,147,VEHICLE STRIKES ANOTHER VEH WHILE EMERGING FROM DRIVEWAY,1,588166,Not at intersection,3,60,Arterial Other,ASHLEY,MARIBYRNONG,-37.783096,144.8651,2019,9,September,17,Afternoon Peak,Weekday
T20190018203,2019-09-18,13:45:00,1,Collision with vehicle,3,Wednesday,110,CROSS TRAFFIC(INTERSECTIONS ONLY),1,39384,Cross intersection,3,50,Local Road,ADELAIDE,BRIMBANK,-37.741383,144.79424,2019,9,September,13,Midday,Weekday
T20190018189,2019-09-18,18:50:00,2,Struck Pedestrian,3,Wednesday,100,PED NEAR SIDE. PED HIT BY VEHICLE FROM THE RIGHT.,3,42505,T intersection,3,30,Local Road,BUCKINGHAM,DANDENONG,-37.95421,145.15056,2019,9,September,18,Afternoon Peak,Weekday
T20190018201,2019-09-18,19:19:00,1,Collision with vehicle,3,Wednesday,133,LANE SIDE SWIPE (VEHICLES IN PARALLEL LANES),5,586475,Not at intersection,3,100,Freeway,HUME,HUME,-37.580555,144.94228,2019,9,September,19,Night,Weekday
T20190018190,2019-09-18,16:52:00,2,Struck Pedestrian,3,Wednesday,100,PED NEAR SIDE. PED HIT BY VEHICLE FROM THE RIGHT.,1,588713,Cross intersection,2,60,Arterial Highway,HIGH,BENDIGO,-36.796757,144.24391,2019,9,September,16,Afternoon Peak,Weekday
T20190018200,2019-09-18,20:15:00,1,Collision with vehicle,3,Wednesday,121,RIGHT THROUGH,3,332044,Cross intersection,3,60,Local Road,COLTMAN,BALLARAT,-37.54413,143.7866,2019,9,September,20,Night,Weekday
T20190018199,2019-09-18,20:30:00,1,Collision with vehicle,3,Wednesday,121,RIGHT THROUGH,1,36875,Cross intersection,3,60,Arterial Other,CLARENDON,MELBOURNE,-37.827644,144.9581,2019,9,September,20,Night,Weekday
T20190018133,2019-09-18,08:32:00,4,Collision with a fixed object,3,Wednesday,173,RIGHT OFF CARRIAGEWAY INTO OBJECT/PARKED VEHICLE,1,660147,Not at intersection,2,80,Arterial Highway,PRINCES,MOYNE,-38.357967,142.24576,2019,9,September,8,Morning Peak,Weekday
T20190018192,2019-09-18,15:42:00,1,Collision with vehicle,3,Wednesday,160,VEHICLE COLLIDES WITH VEHICLE PARKED ON LEFT OF ROAD,1,660176,Not at intersection,3,60,Local Road,SANDELLS,YARRA RANGES,-37.905396,145.34442,2019,9,September,15,Afternoon Peak,Weekday
T20190019787,2019-09-18,16:08:00,1,Collision with vehicle,3,Wednesday,121,RIGHT THROUGH,1,45230,T intersection,3,60,Arterial Other,BUCKLEY,MOONEE VALLEY,-37.75404,144.89044,2019,9,September,16,Afternoon Peak,Weekday
T20190018163,2019-09-18,08:15:00,1,Collision with vehicle,3,Wednesday,163,VEHICLE STRIKES DOOR OF PARKED/STATIONARY VEHICLE,1,589228,T intersection,3,60,Arterial Highway,EASTERN,YARRA,-37.793686,144.98146,2019,9,September,8,Morning Peak,Weekday
T20190018637,2019-09-19,09:00:00,1,Collision with vehicle,4,Thursday,121,RIGHT THROUGH,1,59951,T intersection,3,60,Arterial Other,ALLANS ROAD -BENDIGO-MALDON,MOUNT ALEXANDER,-36.989185,144.0926,2019,9,September,9,Morning Peak,Weekday
T20190018767,2019-09-19,15:46:00,1,Collision with vehicle,4,Thursday,153,CUTTING IN (OVERTAKING),1,588979,Not at intersection,3,50,Local Road,ELGIN,STONNINGTON,-37.85551,145.01247,2019,9,September,15,Afternoon Peak,Weekday
T20190018787,2019-09-19,14:00:00,1,Collision with vehicle,4,Thursday,140,U TURN,1,66873,Not at intersection,2,50,Local Road,CARMEN,HOBSONS BAY,-37.84077,144.86705,2019,9,September,14,Midday,Weekday
T20190019210,2019-09-19,19:15:00,4,Collision with a fixed object,4,Thursday,173,RIGHT OFF CARRIAGEWAY INTO OBJECT/PARKED VEHICLE,5,620221,Not at intersection,3,100,Arterial Highway,MIDLAND,BENDIGO,-36.651726,144.38127,2019,9,September,19,Night,Weekday
T20200010611,2019-09-19,13:00:00,8,No collision and no object struck,4,Thursday,199,UNKNOWN-NO DETAILS ON MANOEUVRES OF ROAD-USERS IN ACCIDENT,1,660289,Not at intersection,2,50,Local Road,SANTA MONICA,BRIMBANK,-37.699818,144.80681,2019,9,September,13,Midday,Weekday
T20190018229,2019-09-19,08:35:00,1,Collision with vehicle,4,Thursday,110,CROSS TRAFFIC(INTERSECTIONS ONLY),1,55857,Cross intersection,2,100,Local Road,GRAVEL PIT,WANGARATTA,-36.380783,146.25142,2019,9,September,8,Morning Peak,Weekday
T20190018233,2019-09-19,09:02:00,2,Struck Pedestrian,4,Thursday,100,PED NEAR SIDE. PED HIT BY VEHICLE FROM THE RIGHT.,1,591257,Cross intersection,3,60,Local Road,PARK,KINGSTON,-37.965424,145.0558,2019,9,September,9,Morning Peak,Weekday
T20190018241,2019-09-19,09:00:00,1,Collision with vehicle,4,Thursday,130,REAR END(VEHICLES IN SAME LANE),1,651524,Not at intersection,3,40,Arterial Other,SPRING,DAREBIN,-37.71676,145.0065,2019,9,September,9,Morning Peak,Weekday
T20190018242,2019-09-19,10:10:00,2,Struck Pedestrian,4,Thursday,101,PED EMERGES FROM IN FRONT OF PARKED OR STATIONARY VEHICLE,1,590259,Not at intersection,2,40,Arterial Other,FITZROY,PORT PHILLIP,-37.858696,144.97919,2019,9,September,10,Midday,Weekday
T20190018243,2019-09-19,13:23:00,1,Collision with vehicle,4,Thursday,130,REAR END(VEHICLES IN SAME LANE),1,591766,Not at intersection,2,70,Arterial Other,BALLARAT,BRIMBANK,-37.770596,144.79646,2019,9,September,13,Midday,Weekday
T20190018249,2019-09-19,12:34:00,1,Collision with vehicle,4,Thursday,110,CROSS TRAFFIC(INTERSECTIONS ONLY),1,41182,Cross intersection,3,60,Arterial Other,PLUMPTON,MORELAND,-37.707542,144.92162,2019,9,September,12,Midday,Weekday
T20190018254,2019-09-19,12:55:00,4,Collision with a fixed object,4,Thursday,171,LEFT OFF CARRIAGEWAY INTO OBJECT/PARKED VEHICLE,1,596850,Not at intersection,2,50,Local Road,WORDSWORTH,BANYULE,-37.738598,145.04964,2019,9,September,12,Midday,Weekday
T20190018258,2019-09-19,14:30:00,1,Collision with vehicle,4,Thursday,173,RIGHT OFF CARRIAGEWAY INTO OBJECT/PARKED VEHICLE,1,586483,Not at intersection,3,50,Local Road,RIPON,BALLARAT,-37.57797,143.83813,2019,9,September,14,Midday,Weekday
T20190018259,2019-09-19,14:15:00,1,Collision with vehicle,4,Thursday,130,REAR END(VEHICLES IN SAME LANE),1,329920,T intersection,3,70,Arterial Highway,SETTLEMENT,GEELONG,-38.17521,144.35222,2019,9,September,14,Midday,Weekday
T20190018262,2019-09-19,15:30:00,1,Collision with vehicle,4,Thursday,130,REAR END(VEHICLES IN SAME LANE),1,588167,Cross intersection,3,60,Arterial Other,PRINCES,CARDINIA,-38.06882,145.47108,2019,9,September,15,Afternoon Peak,Weekday
T20190018264,2019-09-19,15:44:00,1,Collision with vehicle,4,Thursday,113,RIGHT NEAR (INTERSECTIONS ONLY),1,42205,Cross intersection,3,50,Arterial Other,BOUNDARY,MORELAND,-37.717667,144.94818,2019,9,September,15,Afternoon Peak,Weekday
T20190019904,2019-09-19,10:45:00,1,Collision with vehicle,4,Thursday,130,REAR END(VEHICLES IN SAME LANE),1,39934,Cross intersection,3,60,Arterial Other,BLACKSHAWS,HOBSONS BAY,-37.831226,144.84825,2019,9,September,10,Midday,Weekday
T20190018271,2019-09-19,15:00:00,1,Collision with vehicle,4,Thursday,111,RIGHT FAR (INTERSECTIONS ONLY),1,68453,T intersection,3,60,Arterial Other,GRANGE,GLEN EIRA,-37.883404,145.04831,2019,9,September,15,Afternoon Peak,Weekday
T20190018272,2019-09-19,15:50:00,1,Collision with vehicle,4,Thursday,160,VEHICLE COLLIDES WITH VEHICLE PARKED ON LEFT OF ROAD,1,660101,Not at intersection,2,50,Local Road,ST ANDREWS,MORNINGTON PENINSULA,-38.371906,144.92868,2019,9,September,15,Afternoon Peak,Weekday
T20190018277,2019-09-19,17:55:00,4,Collision with a fixed object,4,Thursday,171,LEFT OFF CARRIAGEWAY INTO OBJECT/PARKED VEHICLE,2,588714,T intersection,2,60,Arterial Highway,MARONG,BENDIGO,-36.759403,144.24994,2019,9,September,17,Afternoon Peak,Weekday
T20190018281,2019-09-19,16:35:00,4,Collision with a fixed object,4,Thursday,183,OFF LEFT BEND INTO OBJECT/PARKED VEHICLE,1,660100,Not at intersection,3,50,Local Road,QUAMBY,FRANKSTON,-38.159782,145.16034,2019,9,September,16,Afternoon Peak,Weekday
T20190018285,2019-09-19,16:05:00,2,Struck Pedestrian,4,Thursday,100,PED NEAR SIDE. PED HIT BY VEHICLE FROM THE RIGHT.,1,620215,Not at intersection,3,60,Local Road,MCGRATH,WYNDHAM,-37.8907,144.63005,2019,9,September,16,Afternoon Peak,Weekday
T20190018287,2019-09-19,10:50:00,4,Collision with a fixed object,4,Thursday,173,RIGHT OFF CARRIAGEWAY INTO OBJECT/PARKED VEHICLE,1,662226,Not at intersection,1,70,Arterial Other,KINGS,BRIMBANK,-37.735893,144.78043,2019,9,September,10,Midday,Weekday
T20190018291,2019-09-19,19:34:00,1,Collision with vehicle,4,Thursday,120,HEAD ON (NOT OVERTAKING),5,620216,Not at intersection,2,100,Local Road,FARRARS,GEELONG,-37.973087,144.46133,2019,9,September,19,Night,Weekday
T20190018292,2019-09-19,16:40:00,1,Collision with vehicle,4,Thursday,130,REAR END(VEHICLES IN SAME LANE),1,588168,Not at intersection,2,80,Freeway,WESTERN RING,BRIMBANK,-37.71385,144.87778,2019,9,September,16,Afternoon Peak,Weekday
T20190018294,2019-09-19,20:04:00,1,Collision with vehicle,4,Thursday,110,CROSS TRAFFIC(INTERSECTIONS ONLY),3,35664,Cross intersection,2,60,Arterial Other,PLENTY,DAREBIN,-37.74107,145.00975,2019,9,September,20,Night,Weekday
T20190018295,2019-09-19,21:25:00,1,Collision with vehicle,4,Thursday,140,U TURN,3,627359,T intersection,3,60,Arterial Other,DERRIMUT,WYNDHAM,-37.88529,144.68153,2019,9,September,21,Night,Weekday
T20190018296,2019-09-19,19:40:00,1,Collision with vehicle,4,Thursday,133,LANE SIDE SWIPE (VEHICLES IN PARALLEL LANES),5,655534,Not at intersection,2,100,Freeway,MORNINGTON PENINSULA IN-THOMPSON,KINGSTON,-38.071247,145.15015,2019,9,September,19,Night,Weekday
T20190019606,2019-09-19,20:58:00,1,Collision with vehicle,4,Thursday,130,REAR END(VEHICLES IN SAME LANE),3,620223,Not at intersection,3,80,Arterial Highway,WELLINGTON,MONASH,-37.91552,145.13528,2019,9,September,20,Night,Weekday
T20190018297,2019-09-19,22:04:00,4,Collision with a fixed object,4,Thursday,173,RIGHT OFF CARRIAGEWAY INTO OBJECT/PARKED VEHICLE,3,660099,Not at intersection,3,50,Local Road,WARRAMUNGA,DAREBIN,-37.69995,145.05289,2019,9,September,22,Night,Weekday
T20190018298,2019-09-19,23:13:00,1,Collision with vehicle,4,Thursday,140,U TURN,3,590001,Not at intersection,2,40,Local Road,HIGH,DAREBIN,-37.72835,145.0057,2019,9,September,23,Night,Weekday
T20190018299,2019-09-19,22:45:00,1,Collision with vehicle,4,Thursday,130,REAR END(VEHICLES IN SAME LANE),3,602743,Not at intersection,2,80,Arterial Highway,MAROONDAH,MAROONDAH,-37.802406,145.24821,2019,9,September,22,Night,Weekday
T20190018330,2019-09-19,15:30:00,1,Collision with vehicle,4,Thursday,121,RIGHT THROUGH,1,261035,Cross intersection,3,70,Local Road,SINCLAIRS,MELTON,-37.741543,144.70628,2019,9,September,15,Afternoon Peak,Weekday
T20190018342,2019-09-19,06:50:00,2,Struck Pedestrian,4,Thursday,101,PED EMERGES FROM IN FRONT OF PARKED OR STATIONARY VEHICLE,1,660730,Not at intersection,3,40,Local Road,COMO,KINGSTON,-37.982674,145.06519,2019,9,September,6,Morning Peak,Weekday
T20190018348,2019-09-19,21:35:00,1,Collision with vehicle,4,Thursday,121,RIGHT THROUGH,3,32015,Cross intersection,3,80,Arterial Highway,BURWOOD,WHITEHORSE,-37.852516,145.15201,2019,9,September,21,Night,Weekday
T20190018354,2019-09-19,17:34:00,1,Collision with vehicle,4,Thursday,120,HEAD ON (NOT OVERTAKING),1,604781,Not at intersection,2,50,Local Road,HICKORY,WYNDHAM,-37.88978,144.65175,2019,9,September,17,Afternoon Peak,Weekday
T20190018368,2019-09-19,14:50:00,1,Collision with vehicle,4,Thursday,160,VEHICLE COLLIDES WITH VEHICLE PARKED ON LEFT OF ROAD,1,600758,Not at intersection,2,50,Local Road,DENYS,MORELAND,-37.700016,144.96544,2019,9,September,14,Midday,Weekday
T20190018574,2019-09-19,09:30:00,1,Collision with vehicle,4,Thursday,136,RIGHT TURN SIDESWIPE,1,35360,Cross intersection,3,40,Local Road,COLLINS,MELBOURNE,-37.816216,144.96407,2019,9,September,9,Morning Peak,Weekday
T20190019867,2019-09-19,14:00:00,6,Vehicle overturned (no collision),4,Thursday,179,OTHER ACCIDENTS-OFF STRAIGHT NOT INCLUDED IN DCAs 170-175,1,592034,Not at intersection,2,100,Local Road,FRASERS,LATROBE,-38.074665,146.56271,2019,9,September,14,Midday,Weekday
T20190018594,2019-09-19,07:19:00,1,Collision with vehicle,4,Thursday,121,RIGHT THROUGH,1,592511,Multiple intersection,3,60,Arterial Other,COBURNS,MELTON,-37.688282,144.56741,2019,9,September,7,Morning Peak,Weekday
T20190018402,2019-09-20,13:30:00,1,Collision with vehicle,5,Friday,142,LEAVING PARKING,1,588179,Not at intersection,3,50,Arterial Highway,NEPEAN HIGHWAY SERVICE,GLEN EIRA,-37.931118,145.03296,2019,9,September,13,Midday,Weekday
T20190018394,2019-09-20,09:47:00,2,Struck Pedestrian,5,Friday,100,PED NEAR SIDE. PED HIT BY VEHICLE FROM THE RIGHT.,1,588178,Not at intersection,2,60,Arterial Highway,WARRIGAL,MONASH,-37.856956,145.09445,2019,9,September,9,Morning Peak,Weekday
T20190018392,2019-09-20,07:15:00,4,Collision with a fixed object,5,Friday,171,LEFT OFF CARRIAGEWAY INTO OBJECT/PARKED VEHICLE,1,43950,Cross intersection,3,80,Arterial Other,BAXTER-TOORADIN,CASEY,-38.20252,145.2813,2019,9,September,7,Morning Peak,Weekday
T20190018388,2019-09-20,08:30:00,1,Collision with vehicle,5,Friday,132,RIGHT REAR.,1,588177,Not at intersection,2,60,Arterial Highway,WARRIGAL,MONASH,-37.85718,145.09442,2019,9,September,8,Morning Peak,Weekday
T20190018380,2019-09-20,23:00:00,2,Struck Pedestrian,5,Friday,100,PED NEAR SIDE. PED HIT BY VEHICLE FROM THE RIGHT.,3,588176,Not at intersection,2,60,Local Road,BOORAN,GLEN EIRA,-37.889114,145.03761,2019,9,September,23,Night,Weekday
T20190018374,2019-09-20,06:15:00,4,Collision with a fixed object,5,Friday,173,RIGHT OFF CARRIAGEWAY INTO OBJECT/PARKED VEHICLE,1,659900,Not at intersection,2,60,Arterial Other,RHODES,MORELAND,-37.715847,144.93028,2019,9,September,6,Morning Peak,Weekday
T20190018371,2019-09-20,21:07:00,1,Collision with vehicle,5,Friday,110,CROSS TRAFFIC(INTERSECTIONS ONLY),5,52525,Cross intersection,3,60,Local Road,COWRA,MILDURA,-34.205963,142.17702,2019,9,September,21,Night,Weekday
T20190018369,2019-09-20,19:40:00,1,Collision with vehicle,5,Friday,132,RIGHT REAR.,3,48987,T intersection,3,60,Arterial Other,HEREFORD,YARRA RANGES,-37.7691,145.37517,2019,9,September,19,Night,Weekday
T20190018366,2019-09-20,18:18:00,1,Collision with vehicle,5,Friday,131,LEFT REAR,2,588175,T intersection,3,50,Local Road,PERTH,LATROBE,-38.23553,146.421,2019,9,September,18,Afternoon Peak,Weekday
T20190018365,2019-09-20,17:12:00,4,Collision with a fixed object,5,Friday,173,RIGHT OFF CARRIAGEWAY INTO OBJECT/PARKED VEHICLE,1,598472,Not at intersection,3,80,Local Road,WHITES,BALLARAT,-37.538273,143.73895,2019,9,September,17,Afternoon Peak,Weekday
T20190018358,2019-09-20,14:42:00,4,Collision with a fixed object,5,Friday,181,OFF RIGHT BEND INTO OBJECT/PARKED VEHICLE,1,659907,Not at intersection,3,100,Arterial Other,WESTERNPORT,CARDINIA,-38.25401,145.60165,2019,9,September,14,Midday,Weekday
T20190019305,2019-09-20,08:50:00,1,Collision with vehicle,5,Friday,130,REAR END(VEHICLES IN SAME LANE),9,659901,Not at intersection,3,60,Arterial Other,CHANDLER,DANDENONG,-37.968693,145.1868,2019,9,September,8,Morning Peak,Weekday
T20190018345,2019-09-20,14:00:00,1,Collision with vehicle,5,Friday,132,RIGHT REAR.,1,53689,T intersection,2,60,Local Road,EXFORD,MELTON,-37.71399,144.57294,2019,9,September,14,Midday,Weekday
T20190018343,2019-09-20,08:25:00,8,No collision and no object struck,5,Friday,179,OTHER ACCIDENTS-OFF STRAIGHT NOT INCLUDED IN DCAs 170-175,1,589229,Not at intersection,3,50,Local Road,SOUTH,WHITEHORSE,-37.820553,145.15054,2019,9,September,8,Morning Peak,Weekday
T20190018350,2019-09-20,15:35:00,1,Collision with vehicle,5,Friday,130,REAR END(VEHICLES IN SAME LANE),1,660431,Not at intersection,2,60,Local Road,OVERTON,FRANKSTON,-38.129765,145.13034,2019,9,September,15,Afternoon Peak,Weekday
T20190018300,2019-09-20,01:00:00,4,Collision with a fixed object,5,Friday,181,OFF RIGHT BEND INTO OBJECT/PARKED VEHICLE,5,591002,Not at intersection,2,60,Arterial Other,RIDGE,YARRA RANGES,-37.83496,145.34969,2019,9,September,1,Late Night,Weekday
T20190018341,2019-09-20,12:06:00,1,Collision with vehicle,5,Friday,130,REAR END(VEHICLES IN SAME LANE),1,588438,Not at intersection,3,70,Arterial Other,HUME,HUME,-37.643047,144.95111,2019,9,September,12,Midday,Weekday
T20190020652,2019-09-20,16:00:00,6,Vehicle overturned (no collision),5,Friday,174,OUT OF CONTROL ON CARRIAGEWAY (ON STRAIGHT),2,662324,Not at intersection,3,60,Arterial Other,DANDENONG,FRANKSTON,-38.13093,145.13109,2019,9,September,16,Afternoon Peak,Weekday
T20190018335,2019-09-20,11:10:00,1,Collision with vehicle,5,Friday,110,CROSS TRAFFIC(INTERSECTIONS ONLY),1,41557,Cross intersection,2,80,Arterial Highway,DANDENONG,MONASH,-37.893417,145.09074,2019,9,September,11,Midday,Weekday
T20190018331,2019-09-20,11:50:00,4,Collision with a fixed object,5,Friday,183,OFF LEFT BEND INTO OBJECT/PARKED VEHICLE,1,594807,Not at intersection,2,100,Arterial Other,DAYLESFORD-MALMSBURY,HEPBURN,-37.289375,144.26852,2019,9,September,11,Midday,Weekday
T20190018328,2019-09-20,12:00:00,2,Struck Pedestrian,5,Friday,102,FAR SIDE. PED HIT BY VEHICLE FROM THE LEFT,1,588717,Not at intersection,3,50,Local Road,ANNESLEY,CAMPASPE,-36.133007,144.75246,2019,9,September,12,Midday,Weekday
T20190018324,2019-09-20,10:18:00,4,Collision with a fixed object,5,Friday,171,LEFT OFF CARRIAGEWAY INTO OBJECT/PARKED VEHICLE,1,596583,Not at intersection,2,80,Local Road,HARKAWAY,CASEY,-37.980133,145.35474,2019,9,September,10,Midday,Weekday
T20190020418,2019-09-20,07:50:00,1,Collision with vehicle,5,Friday,130,REAR END(VEHICLES IN SAME LANE),1,593823,Cross intersection,3,80,Arterial Highway,DANDENONG,MONASH,-37.911488,145.1224,2019,9,September,7,Morning Peak,Weekday
T20190018318,2019-09-20,10:33:00,1,Collision with vehicle,5,Friday,121,RIGHT THROUGH,1,1019,T intersection,2,60,Arterial Highway,SOUTH GIPPSLAND,CASEY,-38.111835,145.28311,2019,9,September,10,Midday,Weekday
T20190018315,2019-09-20,06:49:00,1,Collision with vehicle,5,Friday,110,CROSS TRAFFIC(INTERSECTIONS ONLY),1,40424,Cross intersection,3,60,Arterial Other,HIGH,STONNINGTON,-37.85939,145.05133,2019,9,September,6,Morning Peak,Weekday
T20190018492,2019-09-20,19:57:00,1,Collision with vehicle,5,Friday,110,CROSS TRAFFIC(INTERSECTIONS ONLY),3,588722,Cross intersection,3,60,Local Road,FLINDERS,GEELONG,-38.01817,144.40457,2019,9,September,19,Night,Weekday
T20190018314,2019-09-20,09:14:00,1,Collision with vehicle,5,Friday,132,RIGHT REAR.,1,639,T intersection,3,60,Arterial Other,SCORESBY,KNOX,-37.851265,145.26884,2019,9,September,9,Morning Peak,Weekday
T20190018309,2019-09-20,08:00:00,1,Collision with vehicle,5,Friday,130,REAR END(VEHICLES IN SAME LANE),1,597650,Cross intersection,2,80,Arterial Highway,NEPEAN,KINGSTON,-37.933086,145.03465,2019,9,September,8,Morning Peak,Weekday
T20190018405,2019-09-21,09:00:00,1,Collision with vehicle,6,Saturday,130,REAR END(VEHICLES IN SAME LANE),1,620836,Not at intersection,3,60,Arterial Other,MT DANDENONG,MAROONDAH,-37.801613,145.30614,2019,9,September,9,Morning Peak,Weekend
T20190018406,2019-09-21,06:54:00,1,Collision with vehicle,6,Saturday,132,RIGHT REAR.,1,41385,Cross intersection,2,60,Arterial Highway,NORTH,GLEN EIRA,-37.90439,145.04393,2019,9,September,6,Morning Peak,Weekend
T20190018424,2019-09-21,13:00:00,1,Collision with vehicle,6,Saturday,130,REAR END(VEHICLES IN SAME LANE),1,41557,Cross intersection,3,80,Arterial Highway,DANDENONG,MONASH,-37.893417,145.09074,2019,9,September,13,Midday,Weekend