ACCIDENT_NO,ACCIDENT_DATE,ACCIDENT_TIME,ACCIDENT_TYPE,ACCIDENT_TYPE_DESC,DAY_OF_WEEK,DAY_WEEK_DESC,DCA_CODE,DCA_DESC,LIGHT_CONDITION,NODE_ID,ROAD_GEOMETRY_DESC,SEVERITY,SPEED_ZONE,RMA,ROAD_NAME,LGA_NAME,LATITUDE,LONGITUDE,YEAR,MONTH,MONTH_NAME,HOUR,TIME_PERIOD,DAY_TYPE
T20190018411,2019-09-21,12:30:00,1,Collision with vehicle,6,Saturday,121,RIGHT THROUGH,1,286900,Cross intersection,3,70,Arterial Other,CAMMS,CASEY,-38.100475,145.29233,2019,9,September,12,Midday,Weekend
T20190018400,2019-09-21,11:00:00,1,Collision with vehicle,6,Saturday,130,REAR END(VEHICLES IN SAME LANE),1,286666,Not at intersection,3,70,Arterial Highway,MIDLAND,BENDIGO,-36.71412,144.31416,2019,9,September,11,Midday,Weekend
T20190018539,2019-09-21,19:43:00,6,Vehicle overturned (no collision),6,Saturday,182,OFF CARRIAGEWAY ON LEFT BEND,5,588725,Not at intersection,3,100,Arterial Other,EUROA-MANSFIELD,STRATHBOGIE,-36.87419,145.59927,2019,9,September,19,Night,Weekend
T20190018414,2019-09-21,13:20:00,1,Collision with vehicle,6,Saturday,150,HEAD ON(OVERTAKING),1,588720,T intersection,3,80,Arterial Other,KANGAROO GROUND-WATTLE GLEN,NILLUMBIK,-37.674103,145.19781,2019,9,September,13,Midday,Weekend
T20190018420,2019-09-21,11:30:00,6,Vehicle overturned (no collision),6,Saturday,174,OUT OF CONTROL ON CARRIAGEWAY (ON STRAIGHT),1,591497,Not at intersection,2,100,Local Road,EAGLE NEST,MURRINDINDI,-37.454823,145.448,2019,9,September,11,Midday,Weekend
T20190022007,2019-09-21,12:00:00,1,Collision with vehicle,6,Saturday,121,RIGHT THROUGH,1,52008,Cross intersection,3,50,Local Road,ALFRED,WELLINGTON,-37.96197,146.98431,2019,9,September,12,Midday,Weekend
T20190018429,2019-09-21,18:07:00,4,Collision with a fixed object,6,Saturday,173,RIGHT OFF CARRIAGEWAY INTO OBJECT/PARKED VEHICLE,2,659898,Not at intersection,3,60,Local Road,BLOOMFIELD,DANDENONG,-37.98026,145.17737,2019,9,September,18,Afternoon Peak,Weekend
T20190018483,2019-09-21,20:10:00,1,Collision with vehicle,6,Saturday,130,REAR END(VEHICLES IN SAME LANE),5,620838,Not at intersection,2,100,Arterial Highway,PRINCES,SURF COAST,-38.212006,144.23463,2019,9,September,20,Night,Weekend
T20190020567,2019-09-21,17:00:00,1,Collision with vehicle,6,Saturday,163,VEHICLE STRIKES DOOR OF PARKED/STATIONARY VEHICLE,1,595596,Not at intersection,3,50,Arterial Highway,BRIDGE,BENALLA,-36.551987,145.98247,2019,9,September,17,Afternoon Peak,Weekend
T20190018436,2019-09-21,18:32:00,1,Collision with vehicle,6,Saturday,121,RIGHT THROUGH,3,358422,Cross intersection,2,60,Arterial Highway,ALBERT,DAREBIN,-37.73229,145.02509,2019,9,September,18,Afternoon Peak,Weekend
T20190018432,2019-09-21,18:16:00,1,Collision with vehicle,6,Saturday,113,RIGHT NEAR (INTERSECTIONS ONLY),3,61948,Cross intersection,2,60,Arterial Highway,MIDLAND,MOORABOOL,-37.69416,143.97325,2019,9,September,18,Afternoon Peak,Weekend
T20190018426,2019-09-21,17:00:00,1,Collision with vehicle,6,Saturday,130,REAR END(VEHICLES IN SAME LANE),1,620837,Not at intersection,3,70,Arterial Highway,HODDLE,YARRA,-37.804726,144.99217,2019,9,September,17,Afternoon Peak,Weekend
T20190022781,2019-09-21,20:00:00,8,No collision and no object struck,6,Saturday,174,OUT OF CONTROL ON CARRIAGEWAY (ON STRAIGHT),6,603361,Not at intersection,2,60,Local Road,GILBERT,DAREBIN,-37.747803,144.98851,2019,9,September,20,Night,Weekend
T20190018438,2019-09-21,17:45:00,1,Collision with vehicle,6,Saturday,142,LEAVING PARKING,3,588440,T intersection,3,60,Arterial Other,SYDNEY,MORELAND,-37.72127,144.96329,2019,9,September,17,Afternoon Peak,Weekend
T20190018428,2019-09-21,17:25:00,1,Collision with vehicle,6,Saturday,129,OTHER OPPOSING MANOEUVRES NOT INCLUDED IN DCAs 120-125.,2,588183,Y intersection,3,60,Arterial Other,HIGH,BOROONDARA,-37.861584,145.06444,2019,9,September,17,Afternoon Peak,Weekend
T20190018441,2019-09-21,21:45:00,2,Struck Pedestrian,6,Saturday,109,ANY MANOEUVRE INVOLVING PED NOT INCLUDED IN DCAs 100-108.,3,659869,Not at intersection,2,50,Local Road,PHILLIS,BENDIGO,-36.82149,144.24277,2019,9,September,21,Night,Weekend
T20190018442,2019-09-21,20:45:00,4,Collision with a fixed object,6,Saturday,171,LEFT OFF CARRIAGEWAY INTO OBJECT/PARKED VEHICLE,3,222007,T intersection,3,80,Arterial Other,PRINCES,CARDINIA,-38.05532,145.38437,2019,9,September,20,Night,Weekend
T20190018443,2019-09-21,23:20:00,4,Collision with a fixed object,6,Saturday,171,LEFT OFF CARRIAGEWAY INTO OBJECT/PARKED VEHICLE,3,588184,T intersection,2,80,Arterial Highway,SPRINGVALE,MONASH,-37.884228,145.16498,2019,9,September,23,Night,Weekend
T20190018445,2019-09-21,21:55:00,4,Collision with a fixed object,6,Saturday,183,OFF LEFT BEND INTO OBJECT/PARKED VEHICLE,5,591131,Not at intersection,1,100,Local Road,QUARRY,LATROBE,-38.14896,146.37709,2019,9,September,21,Night,Weekend
T20190018447,2019-09-21,23:52:00,1,Collision with vehicle,6,Saturday,113,RIGHT NEAR (INTERSECTIONS ONLY),3,588185,T intersection,2,80,Arterial Other,BALLARAT,BRIMBANK,-37.77827,144.84048,2019,9,September,23,Night,Weekend
T20190018461,2019-09-21,13:00:00,1,Collision with vehicle,6,Saturday,111,RIGHT FAR (INTERSECTIONS ONLY),1,52869,Cross intersection,3,60,Arterial Other,STURT,BALLARAT,-37.561073,143.84894,2019,9,September,13,Midday,Weekend
T20190018465,2019-09-21,14:10:00,5,collision with some other object,6,Saturday,173,RIGHT OFF CARRIAGEWAY INTO OBJECT/PARKED VEHICLE,1,217,Cross intersection,3,40,Local Road,FLINDERS,MELBOURNE,-37.81831,144.96063,2019,9,September,14,Midday,Weekend
T20190019357,2019-09-21,19:00:00,1,Collision with vehicle,6,Saturday,130,REAR END(VEHICLES IN SAME LANE),3,604201,Not at intersection,3,80,Arterial Highway,FRANKSTON-DANDENONG,FRANKSTON,-38.105537,145.16771,2019,9,September,19,Night,Weekend
T20200002083,2019-09-21,13:20:00,1,Collision with vehicle,6,Saturday,121,RIGHT THROUGH,1,41557,T intersection,3,80,Arterial Highway,DANDENONG,MONASH,-37.893417,145.09074,2019,9,September,13,Midday,Weekend
T20190018382,2019-09-21,02:55:00,4,Collision with a fixed object,6,Saturday,171,LEFT OFF CARRIAGEWAY INTO OBJECT/PARKED VEHICLE,3,44202,T intersection,2,80,Local Road,GREEN,HUME,-37.62762,144.81837,2019,9,September,2,Late Night,Weekend
T20190018383,2019-09-21,04:12:00,4,Collision with a fixed object,6,Saturday,173,RIGHT OFF CARRIAGEWAY INTO OBJECT/PARKED VEHICLE,3,659817,Not at intersection,3,60,Arterial Other,WHITEHORSE,BOROONDARA,-37.814713,145.0969,2019,9,September,4,Late Night,Weekend
T20190018384,2019-09-21,01:19:00,4,Collision with a fixed object,6,Saturday,181,OFF RIGHT BEND INTO OBJECT/PARKED VEHICLE,5,619338,Not at intersection,3,100,Arterial Other,DONNA BUANG,YARRA RANGES,-37.72619,145.70088,2019,9,September,1,Late Night,Weekend
T20190018398,2019-09-21,10:51:00,1,Collision with vehicle,6,Saturday,130,REAR END(VEHICLES IN SAME LANE),9,603037,Multiple intersection,3,80,Arterial Highway,FRANKSTON-DANDENONG,DANDENONG,-38.071365,145.19531,2019,9,September,10,Midday,Weekend
T20190018497,2019-09-22,11:55:00,4,Collision with a fixed object,7,Sunday,171,LEFT OFF CARRIAGEWAY INTO OBJECT/PARKED VEHICLE,1,588443,Not at intersection,2,30,Local Road,LITTLE MALOP,GEELONG,-38.149185,144.36353,2019,9,September,11,Midday,Weekend
T20190018520,2019-09-22,23:25:00,1,Collision with vehicle,7,Sunday,160,VEHICLE COLLIDES WITH VEHICLE PARKED ON LEFT OF ROAD,3,45467,Not at intersection,3,60,Arterial Other,MT ALEXANDER,MOONEE VALLEY,-37.777767,144.9299,2019,9,September,23,Night,Weekend
T20190018488,2019-09-22,11:20:00,4,Collision with a fixed object,7,Sunday,171,LEFT OFF CARRIAGEWAY INTO OBJECT/PARKED VEHICLE,1,659809,Not at intersection,2,50,Local Road,MASSEY,DAREBIN,-37.69679,144.9908,2019,9,September,11,Midday,Weekend
T20190018499,2019-09-22,12:15:00,4,Collision with a fixed object,7,Sunday,173,RIGHT OFF CARRIAGEWAY INTO OBJECT/PARKED VEHICLE,1,587095,Not at intersection,1,100,Local Road,SEBASTIAN,LODDON,-36.60354,144.00183,2019,9,September,12,Midday,Weekend
T20190023039,2019-09-22,00:06:00,1,Collision with vehicle,7,Sunday,110,CROSS TRAFFIC(INTERSECTIONS ONLY),3,322346,Cross intersection,3,80,Arterial Other,POUND,CASEY,-38.02831,145.26881,2019,9,September,0,Late Night,Weekend
T20190018450,2019-09-22,02:40:00,4,Collision with a fixed object,7,Sunday,173,RIGHT OFF CARRIAGEWAY INTO OBJECT/PARKED VEHICLE,3,621133,T intersection,2,60,Local Road,PARRS,MAROONDAH,-37.80153,145.29657,2019,9,September,2,Late Night,Weekend
T20190018666,2019-09-22,16:00:00,4,Collision with a fixed object,7,Sunday,171,LEFT OFF CARRIAGEWAY INTO OBJECT/PARKED VEHICLE,1,659810,Not at intersection,3,80,Local Road,ROSS CREEK,BALLARAT,-37.604942,143.82082,2019,9,September,16,Afternoon Peak,Weekend
T20190018452,2019-09-22,04:15:00,1,Collision with vehicle,7,Sunday,120,HEAD ON (NOT OVERTAKING),3,621134,Not at intersection,2,40,Arterial Other,SYDNEY,MORELAND,-37.77252,144.9612,2019,9,September,4,Late Night,Weekend
T20190018454,2019-09-22,01:00:00,6,Vehicle overturned (no collision),7,Sunday,172,OFF CARRIAGEWAY TO RIGHT,5,606503,Not at intersection,3,100,Local Road,CONNS,COLAC OTWAY,-38.307243,143.83572,2019,9,September,1,Late Night,Weekend
T20190018473,2019-09-22,12:30:00,1,Collision with vehicle,7,Sunday,130,REAR END(VEHICLES IN SAME LANE),1,299118,T intersection,2,80,Freeway,CHELTENHAM,DANDENONG,-37.99264,145.19133,2019,9,September,12,Midday,Weekend
T20190018459,2019-09-22,03:30:00,4,Collision with a fixed object,7,Sunday,171,LEFT OFF CARRIAGEWAY INTO OBJECT/PARKED VEHICLE,3,591018,T intersection,3,40,Local Road,FLINDERS,MELBOURNE,-37.816044,144.97226,2019,9,September,3,Late Night,Weekend
T20190018500,2019-09-22,16:04:00,4,Collision with a fixed object,7,Sunday,181,OFF RIGHT BEND INTO OBJECT/PARKED VEHICLE,1,659805,T intersection,3,50,Local Road,BLOSSOM PARK,WHITTLESEA,-37.67382,145.07706,2019,9,September,16,Afternoon Peak,Weekend
T20190018495,2019-09-22,12:58:00,1,Collision with vehicle,7,Sunday,130,REAR END(VEHICLES IN SAME LANE),1,588442,Not at intersection,3,50,Local Road,EAST,MORELAND,-37.706818,144.9508,2019,9,September,12,Midday,Weekend
T20190018487,2019-09-22,14:08:00,1,Collision with vehicle,7,Sunday,110,CROSS TRAFFIC(INTERSECTIONS ONLY),1,51953,Cross intersection,3,50,Arterial Highway,MAIN,EAST GIPPSLAND,-37.826775,147.62682,2019,9,September,14,Midday,Weekend
T20190018482,2019-09-22,13:14:00,1,Collision with vehicle,7,Sunday,130,REAR END(VEHICLES IN SAME LANE),1,661568,Multiple intersection,2,80,Freeway,SUNSHINE-CALDER IN,BRIMBANK,-37.70677,144.81833,2019,9,September,13,Midday,Weekend
T20190018505,2019-09-22,16:40:00,4,Collision with a fixed object,7,Sunday,171,LEFT OFF CARRIAGEWAY INTO OBJECT/PARKED VEHICLE,1,659751,Not at intersection,2,80,Arterial Other,WOORI YALLOCK,CARDINIA,-37.901787,145.5097,2019,9,September,16,Afternoon Peak,Weekend
T20190018481,2019-09-22,11:30:00,1,Collision with vehicle,7,Sunday,130,REAR END(VEHICLES IN SAME LANE),1,621136,T intersection,3,100,Local Road,CARDINIA,CARDINIA,-38.11693,145.42595,2019,9,September,11,Midday,Weekend
T20190018476,2019-09-22,12:00:00,6,Vehicle overturned (no collision),7,Sunday,170,OFF CARRIAGEWAY TO LEFT,1,621135,T intersection,3,80,Local Road,GIBSONS,WELLINGTON,-38.0702,147.08966,2019,9,September,12,Midday,Weekend
T20190018475,2019-09-22,12:40:00,2,Struck Pedestrian,7,Sunday,100,PED NEAR SIDE. PED HIT BY VEHICLE FROM THE RIGHT.,1,588975,T intersection,3,50,Local Road,FABLE,CASEY,-38.10603,145.30914,2019,9,September,12,Midday,Weekend
T20190018509,2019-09-22,12:00:00,1,Collision with vehicle,7,Sunday,135,LANE CHANGE LEFT (NOT OVERTAKING),1,589230,Not at intersection,3,60,Arterial Other,COOPER,WHITTLESEA,-37.652287,145.02809,2019,9,September,12,Midday,Weekend
T20190018466,2019-09-22,08:15:00,1,Collision with vehicle,7,Sunday,110,CROSS TRAFFIC(INTERSECTIONS ONLY),1,45720,Cross intersection,3,50,Local Road,DRUMMOND,YARRA RANGES,-37.776535,145.45651,2019,9,September,8,Morning Peak,Weekend
T20190019255,2019-09-22,12:30:00,1,Collision with vehicle,7,Sunday,130,REAR END(VEHICLES IN SAME LANE),1,116345,Not at intersection,3,70,Arterial Other,MICKLEHAM,HUME,-37.69159,144.88168,2019,9,September,12,Midday,Weekend
T20190018550,2019-09-22,13:30:00,7,Fall from or in moving vehicle,7,Sunday,190,FELL IN/FROM VEHICLE,1,659750,Not at intersection,3,60,Local Road,ALBION,WHITEHORSE,-37.825035,145.1295,2019,9,September,13,Midday,Weekend
T20190018510,2019-09-22,20:43:00,1,Collision with vehicle,7,Sunday,130,REAR END(VEHICLES IN SAME LANE),9,606485,T intersection,3,60,Arterial Other,SPENCER,WHITTLESEA,-37.684544,145.02933,2019,9,September,20,Night,Weekend
T20190018511,2019-09-22,20:44:00,1,Collision with vehicle,7,Sunday,121,RIGHT THROUGH,3,45434,Cross intersection,3,60,Arterial Other,ASCOT VALE,MOONEE VALLEY,-37.772564,144.92392,2019,9,September,20,Night,Weekend
T20190018513,2019-09-22,15:52:00,1,Collision with vehicle,7,Sunday,113,RIGHT NEAR (INTERSECTIONS ONLY),1,588445,T intersection,3,100,Arterial Highway,PRINCES,WELLINGTON,-38.11929,146.86029,2019,9,September,15,Afternoon Peak,Weekend
T20190018519,2019-09-22,19:10:00,1,Collision with vehicle,7,Sunday,160,VEHICLE COLLIDES WITH VEHICLE PARKED ON LEFT OF ROAD,3,588724,Not at intersection,2,50,Local Road,BAILLIE,HORSHAM,-36.711773,142.1893,2019,9,September,19,Night,Weekend
T20190018516,2019-09-22,13:15:00,4,Collision with a fixed object,7,Sunday,179,OTHER ACCIDENTS-OFF STRAIGHT NOT INCLUDED IN DCAs 170-175,1,659803,Not at intersection,3,60,Local Road,CANADIAN BAY,MORNINGTON PENINSULA,-38.19402,145.09734,2019,9,September,13,Midday,Weekend
T20190018557,2019-09-22,14:30:00,8,No collision and no object struck,7,Sunday,174,OUT OF CONTROL ON CARRIAGEWAY (ON STRAIGHT),1,588449,Not at intersection,3,80,Local Road,MCCORMACKS,MOORABOOL,-37.694122,144.39998,2019,9,September,14,Midday,Weekend
T20190018494,2019-09-22,10:50:00,1,Collision with vehicle,7,Sunday,142,LEAVING PARKING,1,588187,Not at intersection,3,40,Local Road,AUGHTIE,PORT PHILLIP,-37.84666,144.9662,2019,9,September,10,Midday,Weekend
T20190018973,2019-09-23,21:00:00,4,Collision with a fixed object,1,Monday,171,LEFT OFF CARRIAGEWAY INTO OBJECT/PARKED VEHICLE,5,647096,Cross intersection,3,70,Arterial Other,BEACONSFIELD-EMERALD,CARDINIA,-38.033993,145.373,2019,9,September,21,Night,Weekday
T20190018531,2019-09-23,08:45:00,1,Collision with vehicle,1,Monday,130,REAR END(VEHICLES IN SAME LANE),1,588447,Not at intersection,2,60,Local Road,THIRTEENTH BEACH,GEELONG,-38.285236,144.46538,2019,9,September,8,Morning Peak,Weekday
T20190018562,2019-09-23,05:45:00,1,Collision with vehicle,1,Monday,130,REAR END(VEHICLES IN SAME LANE),2,688811,Not at intersection,3,40,Freeway,WESTERN,MELTON,-37.742023,144.6926,2019,9,September,5,Morning Peak,Weekday
T20190018528,2019-09-23,07:00:00,1,Collision with vehicle,1,Monday,121,RIGHT THROUGH,1,304319,Cross intersection,3,80,Freeway,PRINCES OUT-CLYDE,CASEY,-38.044,145.34146,2019,9,September,7,Morning Peak,Weekday
T20190018521,2019-09-23,01:50:00,4,Collision with a fixed object,1,Monday,173,RIGHT OFF CARRIAGEWAY INTO OBJECT/PARKED VEHICLE,3,659744,T intersection,2,60,Arterial Other,HUNTINGDALE,MONASH,-37.8876,145.108,2019,9,September,1,Late Night,Weekday
T20190018585,2019-09-23,18:40:00,1,Collision with vehicle,1,Monday,113,RIGHT NEAR (INTERSECTIONS ONLY),3,588726,T intersection,3,70,Local Road,LEMONT,MONASH,-37.892937,145.1444,2019,9,September,18,Afternoon Peak,Weekday
T20190019557,2019-09-23,17:00:00,1,Collision with vehicle,1,Monday,163,VEHICLE STRIKES DOOR OF PARKED/STATIONARY VEHICLE,1,659749,Not at intersection,2,40,Local Road,CHAPEL,STONNINGTON,-37.85349,144.99306,2019,9,September,17,Afternoon Peak,Weekday
T20190019008,2019-09-23,13:05:00,1,Collision with vehicle,1,Monday,110,CROSS TRAFFIC(INTERSECTIONS ONLY),1,60375,Cross intersection,3,50,Local Road,MOORE,ARARAT,-37.28519,142.93391,2019,9,September,13,Midday,Weekday
T20190018630,2019-09-23,13:00:00,1,Collision with vehicle,1,Monday,130,REAR END(VEHICLES IN SAME LANE),1,349917,Cross intersection,3,60,Arterial Highway,MAROONDAH,MAROONDAH,-37.80993,145.23904,2019,9,September,13,Midday,Weekday
T20190020139,2019-09-23,17:00:00,1,Collision with vehicle,1,Monday,130,REAR END(VEHICLES IN SAME LANE),1,602750,Not at intersection,3,60,Arterial Highway,PLENTY,DAREBIN,-37.702717,145.05681,2019,9,September,17,Afternoon Peak,Weekday
T20190018626,2019-09-23,13:15:00,2,Struck Pedestrian,1,Monday,103,PED PLAYING/LYING/WORKING/STANDING ON CARRIAGEWAY.,1,604077,Not at intersection,3,40,Local Road,COLLINS,MELBOURNE,-37.820297,144.94987,2019,9,September,13,Midday,Weekday
T20190018649,2019-09-23,17:30:00,1,Collision with vehicle,1,Monday,111,RIGHT FAR (INTERSECTIONS ONLY),1,35999,T intersection,3,40,Local Road,LYGON,MELBOURNE,-37.785526,144.96953,2019,9,September,17,Afternoon Peak,Weekday
T20190018591,2019-09-23,19:54:00,1,Collision with vehicle,1,Monday,140,U TURN,3,588727,Not at intersection,2,60,Arterial Other,TOORONGA,STONNINGTON,-37.869354,145.0391,2019,9,September,19,Night,Weekday
T20190019693,2019-09-23,07:55:00,1,Collision with vehicle,1,Monday,113,RIGHT NEAR (INTERSECTIONS ONLY),1,47382,Cross intersection,3,60,Freeway,WESTERN IN-COBURNS,MELTON,-37.68815,144.56744,2019,9,September,7,Morning Peak,Weekday
T20190018537,2019-09-23,10:28:00,1,Collision with vehicle,1,Monday,110,CROSS TRAFFIC(INTERSECTIONS ONLY),1,51341,Cross intersection,3,50,Local Road,PYE,SWAN HILL,-35.33549,143.5519,2019,9,September,10,Midday,Weekday
T20190020771,2019-09-23,06:45:00,1,Collision with vehicle,1,Monday,130,REAR END(VEHICLES IN SAME LANE),9,640293,Not at intersection,3,60,Arterial Other,PASCOE VALE,HUME,-37.679806,144.92166,2019,9,September,6,Morning Peak,Weekday
T20190018583,2019-09-23,17:17:00,4,Collision with a fixed object,1,Monday,181,OFF RIGHT BEND INTO OBJECT/PARKED VEHICLE,1,610612,Not at intersection,2,50,Local Road,GRANA,BALLARAT,-37.586575,143.81917,2019,9,September,17,Afternoon Peak,Weekday
T20190021654,2019-09-23,17:45:00,4,Collision with a fixed object,1,Monday,171,LEFT OFF CARRIAGEWAY INTO OBJECT/PARKED VEHICLE,2,604076,Not at intersection,3,100,Arterial Highway,SOUTH GIPPSLAND,CASEY,-38.160442,145.31876,2019,9,September,17,Afternoon Peak,Weekday
T20190019259,2019-09-23,13:20:00,1,Collision with vehicle,1,Monday,163,VEHICLE STRIKES DOOR OF PARKED/STATIONARY VEHICLE,1,302387,Not at intersection,3,40,Local Road,LYGON,MORELAND,-37.77423,144.97125,2019,9,September,13,Midday,Weekday
T20200001521,2019-09-23,07:00:00,1,Collision with vehicle,1,Monday,121,RIGHT THROUGH,2,624178,Not at intersection,3,60,Arterial Highway,PRINCES,GLENELG,-38.126987,141.63176,2019,9,September,7,Morning Peak,Weekday
T20190018580,2019-09-23,15:50:00,1,Collision with vehicle,1,Monday,121,RIGHT THROUGH,1,237719,T intersection,3,60,Arterial Other,BACCHUS MARSH,GEELONG,-38.07615,144.35854,2019,9,September,15,Afternoon Peak,Weekday
T20190020728,2019-09-23,17:00:00,1,Collision with vehicle,1,Monday,130,REAR END(VEHICLES IN SAME LANE),1,595313,Not at intersection,3,100,Freeway,WESTERN RING,BRIMBANK,-37.743336,144.84451,2019,9,September,17,Afternoon Peak,Weekday
T20190018540,2019-09-23,09:00:00,1,Collision with vehicle,1,Monday,113,RIGHT NEAR (INTERSECTIONS ONLY),1,41762,T intersection,3,80,Arterial Highway,WELLINGTON,MONASH,-37.91727,145.1471,2019,9,September,9,Morning Peak,Weekday
T20190018593,2019-09-23,21:45:00,1,Collision with vehicle,1,Monday,111,RIGHT FAR (INTERSECTIONS ONLY),3,36799,Cross intersection,3,40,Local Road,DONALD,MARIBYRNONG,-37.7978,144.89993,2019,9,September,21,Night,Weekday
T20190018543,2019-09-23,11:15:00,2,Struck Pedestrian,1,Monday,101,PED EMERGES FROM IN FRONT OF PARKED OR STATIONARY VEHICLE,1,590002,Not at intersection,3,40,Arterial Other,JOHNSTON,YARRA,-37.80007,144.9953,2019,9,September,11,Midday,Weekday
T20190018545,2019-09-23,10:35:00,1,Collision with vehicle,1,Monday,111,RIGHT FAR (INTERSECTIONS ONLY),1,588448,Cross intersection,2,60,Arterial Other,THOMPSON,KINGSTON,-38.0674,145.14722,2019,9,September,10,Midday,Weekday
T20190018547,2019-09-23,06:50:00,1,Collision with vehicle,1,Monday,121,RIGHT THROUGH,2,43675,T intersection,3,70,Arterial Other,VINEYARD,HUME,-37.58918,144.715,2019,9,September,6,Morning Peak,Weekday
T20190018579,2019-09-23,17:46:00,4,Collision with a fixed object,1,Monday,193,STRUCK RAILWAY CROSSING FURNITURE,1,589232,Not at intersection,3,60,Arterial Other,MURRAY,DAREBIN,-37.737648,145.00075,2019,9,September,17,Afternoon Peak,Weekday
T20190019707,2019-09-23,23:35:00,3,Struck animal,1,Monday,167,STRUCK ANIMAL,5,591785,Not at intersection,3,80,Arterial Other,BACCHUS MARSH,GEELONG,-38.041306,144.35666,2019,9,September,23,Night,Weekday
T20190018577,2019-09-23,17:05:00,1,Collision with vehicle,1,Monday,130,REAR END(VEHICLES IN SAME LANE),2,588451,Not at intersection,2,100,Freeway,MONASH,CASEY,-38.012627,145.30322,2019,9,September,17,Afternoon Peak,Weekday
T20190018555,2019-09-23,08:00:00,2,Struck Pedestrian,1,Monday,102,FAR SIDE. PED HIT BY VEHICLE FROM THE LEFT,1,589231,Cross intersection,2,50,Local Road,FARVIEW,MORELAND,-37.707214,144.93582,2019,9,September,8,Morning Peak,Weekday
T20190018556,2019-09-23,09:30:00,2,Struck Pedestrian,1,Monday,100,PED NEAR SIDE. PED HIT BY VEHICLE FROM THE RIGHT.,1,290,Cross intersection,2,60,Arterial Other,CHURCH,YARRA,-37.81182,145.00041,2019,9,September,9,Morning Peak,Weekday
T20190018533,2019-09-23,09:10:00,8,No collision and no object struck,1,Monday,182,OFF CARRIAGEWAY ON LEFT BEND,1,598198,Not at intersection,2,100,Freeway,5149B 2510F,CARDINIA,-38.079823,145.43658,2019,9,September,9,Morning Peak,Weekday
T20190018566,2019-09-23,15:10:00,1,Collision with vehicle,1,Monday,113,RIGHT NEAR (INTERSECTIONS ONLY),1,45057,T intersection,3,60,Arterial Other,BARRY,HUME,-37.665802,144.93985,2019,9,September,15,Afternoon Peak,Weekday
T20190018576,2019-09-23,17:26:00,4,Collision with a fixed object,1,Monday,171,LEFT OFF CARRIAGEWAY INTO OBJECT/PARKED VEHICLE,1,71553,Cross intersection,2,50,Local Road,BRUCE,GEELONG,-38.10828,144.33786,2019,9,September,17,Afternoon Peak,Weekday
T20190018575,2019-09-23,16:38:00,1,Collision with vehicle,1,Monday,130,REAR END(VEHICLES IN SAME LANE),1,640284,Not at intersection,3,60,Arterial Highway,NORTH,MONASH,-37.910305,145.09198,2019,9,September,16,Afternoon Peak,Weekday
T20190018772,2019-09-23,17:34:00,1,Collision with vehicle,1,Monday,110,CROSS TRAFFIC(INTERSECTIONS ONLY),1,295214,Cross intersection,2,50,Local Road,COLERAINE,HUME,-37.677708,144.92052,2019,9,September,17,Afternoon Peak,Weekday
T20190018569,2019-09-23,13:00:00,4,Collision with a fixed object,1,Monday,173,RIGHT OFF CARRIAGEWAY INTO OBJECT/PARKED VEHICLE,1,267343,Not at intersection,2,50,Local Road,HUGHES,DAREBIN,-37.696648,145.01025,2019,9,September,13,Midday,Weekday
T20190018564,2019-09-23,14:35:00,1,Collision with vehicle,1,Monday,140,U TURN,1,659748,Not at intersection,2,60,Arterial Other,BALWYN,BOROONDARA,-37.80916,145.08206,2019,9,September,14,Midday,Weekday
T20190018563,2019-09-23,15:14:00,1,Collision with vehicle,1,Monday,130,REAR END(VEHICLES IN SAME LANE),1,640283,Not at intersection,2,60,Arterial Highway,BELL,MORELAND,-37.741684,144.96951,2019,9,September,15,Afternoon Peak,Weekday
T20200002267,2019-09-24,07:50:00,6,Vehicle overturned (no collision),2,Tuesday,174,OUT OF CONTROL ON CARRIAGEWAY (ON STRAIGHT),1,659678,Not at intersection,3,100,Freeway,PRINCES,CARDINIA,-38.078403,145.4287,2019,9,September,7,Morning Peak,Weekday
T20190020271,2019-09-24,18:35:00,8,No collision and no object struck,2,Tuesday,174,OUT OF CONTROL ON CARRIAGEWAY (ON STRAIGHT),2,593317,Not at intersection,3,100,Freeway,MONASH,CASEY,-38.024345,145.31694,2019,9,September,18,Afternoon Peak,Weekday
T20190019235,2019-09-24,16:18:00,2,Struck Pedestrian,2,Tuesday,101,PED EMERGES FROM IN FRONT OF PARKED OR STATIONARY VEHICLE,1,590013,Not at intersection,3,70,Arterial Highway,BURWOOD,KNOX,-37.893345,145.30829,2019,9,September,16,Afternoon Peak,Weekday
T20190019644,2019-09-24,16:20:00,1,Collision with vehicle,2,Tuesday,130,REAR END(VEHICLES IN SAME LANE),1,592767,Not at intersection,3,80,Arterial Other,WELLS,KINGSTON,-38.02401,145.12666,2019,9,September,16,Afternoon Peak,Weekday