ACCIDENT_NO,ACCIDENT_DATE,ACCIDENT_TIME,ACCIDENT_TYPE,ACCIDENT_TYPE_DESC,DAY_OF_WEEK,DAY_WEEK_DESC,DCA_CODE,DCA_DESC,LIGHT_CONDITION,NODE_ID,ROAD_GEOMETRY_DESC,SEVERITY,SPEED_ZONE,RMA,ROAD_NAME,LGA_NAME,LATITUDE,LONGITUDE,YEAR,MONTH,MONTH_NAME,HOUR,TIME_PERIOD,DAY_TYPE
T20190018863,2019-09-24,13:50:00,1,Collision with vehicle,2,Tuesday,110,CROSS TRAFFIC(INTERSECTIONS ONLY),1,51546,Cross intersection,3,60,Local Road,BOBS,BENDIGO,-36.740215,144.29985,2019,9,September,13,Midday,Weekday
T20190018850,2019-09-24,05:30:00,3,Struck animal,2,Tuesday,167,STRUCK ANIMAL,5,659740,Not at intersection,3,100,Arterial Other,HEATHCOTE-NAGAMBIE,STRATHBOGIE,-36.81254,145.00926,2019,9,September,5,Morning Peak,Weekday
T20190018641,2019-09-24,08:20:00,1,Collision with vehicle,2,Tuesday,120,HEAD ON (NOT OVERTAKING),1,588455,Unknown,3,60,Arterial Other,BURWOOD,BOROONDARA,-37.823917,145.0463,2019,9,September,8,Morning Peak,Weekday
T20190019798,2019-09-24,10:00:00,1,Collision with vehicle,2,Tuesday,163,VEHICLE STRIKES DOOR OF PARKED/STATIONARY VEHICLE,1,594058,Not at intersection,3,50,Local Road,COLLINS,MELBOURNE,-37.81931,144.95332,2019,9,September,10,Midday,Weekday
T20190018773,2019-09-24,19:00:00,1,Collision with vehicle,2,Tuesday,130,REAR END(VEHICLES IN SAME LANE),2,609583,Not at intersection,3,60,Arterial Highway,BANKSIA,BANYULE,-37.75983,145.0703,2019,9,September,19,Night,Weekday
T20190018750,2019-09-24,20:30:00,1,Collision with vehicle,2,Tuesday,132,RIGHT REAR.,3,598757,Not at intersection,3,80,Local Road,STUD,KNOX,-37.919056,145.23482,2019,9,September,20,Night,Weekday
T20190018732,2019-09-24,05:40:00,1,Collision with vehicle,2,Tuesday,130,REAR END(VEHICLES IN SAME LANE),1,230804,Not at intersection,3,100,Freeway,PRINCES,HOBSONS BAY,-37.85931,144.77759,2019,9,September,5,Morning Peak,Weekday
T20190018605,2019-09-24,08:33:00,1,Collision with vehicle,2,Tuesday,116,LEFT NEAR (INTERSECTIONS ONLY),1,45516,T intersection,3,80,Arterial Other,MELTON,MELTON,-37.683125,144.66124,2019,9,September,8,Morning Peak,Weekday
T20190018616,2019-09-24,13:05:00,1,Collision with vehicle,2,Tuesday,121,RIGHT THROUGH,1,38259,T intersection,3,70,Arterial Other,THOMPSONS,MANNINGHAM,-37.775818,145.08946,2019,9,September,13,Midday,Weekday
T20190018618,2019-09-24,10:55:00,1,Collision with vehicle,2,Tuesday,137,LEFT TURN SIDESWIPE,1,599031,T intersection,2,60,Arterial Highway,ST GEORGES,DAREBIN,-37.759686,144.99295,2019,9,September,10,Midday,Weekday
T20190018659,2019-09-24,22:13:00,1,Collision with vehicle,2,Tuesday,130,REAR END(VEHICLES IN SAME LANE),3,588976,Not at intersection,3,40,Local Road,MAGID,CASEY,-38.017597,145.30008,2019,9,September,22,Night,Weekday
T20190018652,2019-09-24,19:39:00,2,Struck Pedestrian,2,Tuesday,100,PED NEAR SIDE. PED HIT BY VEHICLE FROM THE RIGHT.,3,41563,Multiple intersection,2,50,Local Road,PORTMAN,MONASH,-37.900066,145.08861,2019,9,September,19,Night,Weekday
T20190018648,2019-09-24,16:00:00,1,Collision with vehicle,2,Tuesday,169,OTHER ON PATH,1,664479,Not at intersection,3,50,Local Road,WATTLE,STONNINGTON,-37.87992,145.06099,2019,9,September,16,Afternoon Peak,Weekday
T20190019043,2019-09-24,17:30:00,8,No collision and no object struck,2,Tuesday,179,OTHER ACCIDENTS-OFF STRAIGHT NOT INCLUDED IN DCAs 170-175,1,589493,Cross intersection,3,60,Local Road,WOOD,EAST GIPPSLAND,-37.825287,147.63449,2019,9,September,17,Afternoon Peak,Weekday
T20190018622,2019-09-24,15:00:00,8,No collision and no object struck,2,Tuesday,184,OUT OF CONTROL ON CARRIAGEWAY (ON BEND),1,640595,T intersection,3,50,Local Road,WYANDRA,KNOX,-37.912357,145.2605,2019,9,September,15,Afternoon Peak,Weekday
T20190018632,2019-09-24,16:45:00,1,Collision with vehicle,2,Tuesday,121,RIGHT THROUGH,1,40053,T intersection,2,60,Arterial Other,BEACONSFIELD,PORT PHILLIP,-37.855686,144.96458,2019,9,September,16,Afternoon Peak,Weekday
T20190018633,2019-09-24,14:50:00,1,Collision with vehicle,2,Tuesday,169,OTHER ON PATH,1,591629,Not at intersection,2,40,Local Road,ELIZABETH,YARRA,-37.811363,144.99545,2019,9,September,14,Midday,Weekday
T20190018639,2019-09-24,16:30:00,1,Collision with vehicle,2,Tuesday,130,REAR END(VEHICLES IN SAME LANE),1,43129,Cross intersection,3,50,Local Road,BOX,CASEY,-37.995087,145.23802,2019,9,September,16,Afternoon Peak,Weekday
T20190019607,2019-09-24,19:30:00,1,Collision with vehicle,2,Tuesday,163,VEHICLE STRIKES DOOR OF PARKED/STATIONARY VEHICLE,3,604070,Not at intersection,3,40,Arterial Other,SYDNEY,MORELAND,-37.773994,144.96095,2019,9,September,19,Night,Weekday
T20190018647,2019-09-24,17:05:00,1,Collision with vehicle,2,Tuesday,113,RIGHT NEAR (INTERSECTIONS ONLY),1,38558,Cross intersection,3,60,Local Road,BURGESS,HOBSONS BAY,-37.8225,144.83516,2019,9,September,17,Afternoon Peak,Weekday
T20190018644,2019-09-24,19:06:00,1,Collision with vehicle,2,Tuesday,140,U TURN,3,38438,T intersection,2,60,Local Road,DIANE,YARRA RANGES,-37.78254,145.31152,2019,9,September,19,Night,Weekday
T20210010682,2019-09-24,08:30:00,1,Collision with vehicle,2,Tuesday,131,LEFT REAR,1,264468,Cross intersection,3,80,Arterial Other,PORTARLINGTON,GEELONG,-38.18099,144.51294,2019,9,September,8,Morning Peak,Weekday
T20190020605,2019-09-25,13:45:00,1,Collision with vehicle,3,Wednesday,132,RIGHT REAR.,1,39243,T intersection,3,60,Arterial Highway,WHITEHORSE,WHITEHORSE,-37.81571,145.10509,2019,9,September,13,Midday,Weekday
T20190020574,2019-09-25,17:55:00,2,Struck Pedestrian,3,Wednesday,104,PED WALKING WITH TRAFFIC,2,616440,Not at intersection,2,60,Arterial Other,NEERIM,GLEN EIRA,-37.88977,145.0619,2019,9,September,17,Afternoon Peak,Weekday
T20190018713,2019-09-25,15:55:00,1,Collision with vehicle,3,Wednesday,130,REAR END(VEHICLES IN SAME LANE),1,600467,Not at intersection,3,50,Local Road,SOUTH,WODONGA,-36.118378,146.88864,2019,9,September,15,Afternoon Peak,Weekday
T20190018930,2019-09-25,16:16:00,1,Collision with vehicle,3,Wednesday,121,RIGHT THROUGH,1,221846,T intersection,3,60,Freeway,THAMES,DANDENONG,-38.043102,145.14218,2019,9,September,16,Afternoon Peak,Weekday
T20190018725,2019-09-25,13:25:00,1,Collision with vehicle,3,Wednesday,110,CROSS TRAFFIC(INTERSECTIONS ONLY),1,224428,Cross intersection,2,80,Arterial Highway,DANDENONG-HASTINGS,MORNINGTON PENINSULA,-38.252876,145.21469,2019,9,September,13,Midday,Weekday
T20190019066,2019-09-25,12:15:00,1,Collision with vehicle,3,Wednesday,130,REAR END(VEHICLES IN SAME LANE),1,589495,Multiple intersection,3,70,Arterial Highway,BELLARINE,GEELONG,-38.171364,144.39417,2019,9,September,12,Midday,Weekday
T20190018687,2019-09-25,06:33:00,1,Collision with vehicle,3,Wednesday,130,REAR END(VEHICLES IN SAME LANE),1,640924,Cross intersection,2,80,Arterial Highway,POUND,DANDENONG,-38.026684,145.24353,2019,9,September,6,Morning Peak,Weekday
T20190018730,2019-09-25,18:40:00,1,Collision with vehicle,3,Wednesday,134,LANE CHANGE RIGHT (NOT OVERTAKING),3,659677,Not at intersection,2,60,Arterial Highway,FOOTSCRAY,MELBOURNE,-37.806232,144.90793,2019,9,September,18,Afternoon Peak,Weekday
T20190018682,2019-09-25,09:00:00,1,Collision with vehicle,3,Wednesday,130,REAR END(VEHICLES IN SAME LANE),1,588978,Not at intersection,3,80,Freeway,MONASH IN-HEATHERTON,CASEY,-37.973686,145.23715,2019,9,September,9,Morning Peak,Weekday
T20190018757,2019-09-25,14:32:00,4,Collision with a fixed object,3,Wednesday,171,LEFT OFF CARRIAGEWAY INTO OBJECT/PARKED VEHICLE,1,604067,Not at intersection,2,60,Local Road,RAILWAY,MOUNT ALEXANDER,-37.070515,144.22673,2019,9,September,14,Midday,Weekday
T20190018734,2019-09-25,19:00:00,1,Collision with vehicle,3,Wednesday,121,RIGHT THROUGH,3,729092,Cross intersection,3,70,Arterial Other,FERNTREE GULLY,MONASH,-37.898914,145.1219,2019,9,September,19,Night,Weekday
T20190018681,2019-09-25,10:03:00,1,Collision with vehicle,3,Wednesday,130,REAR END(VEHICLES IN SAME LANE),1,593293,Not at intersection,2,60,Arterial Other,MURRAY,MORELAND,-37.734894,144.96918,2019,9,September,10,Midday,Weekday
T20190019194,2019-09-25,11:20:00,1,Collision with vehicle,3,Wednesday,130,REAR END(VEHICLES IN SAME LANE),9,44823,T intersection,3,50,Arterial Other,BRIDGE,NILLUMBIK,-37.71827,145.1399,2019,9,September,11,Midday,Weekday
T20190018745,2019-09-25,22:40:00,1,Collision with vehicle,3,Wednesday,111,RIGHT FAR (INTERSECTIONS ONLY),3,777135,Cross intersection,2,60,Arterial Other,DENMARK STREET -POWER,BOROONDARA,-37.813637,145.02788,2019,9,September,22,Night,Weekday
T20190018692,2019-09-25,08:00:00,1,Collision with vehicle,3,Wednesday,130,REAR END(VEHICLES IN SAME LANE),1,632159,T intersection,3,60,Arterial Other,MURDOCH,WANGARATTA,-36.36737,146.32343,2019,9,September,8,Morning Peak,Weekday
T20190018741,2019-09-25,20:50:00,4,Collision with a fixed object,3,Wednesday,171,LEFT OFF CARRIAGEWAY INTO OBJECT/PARKED VEHICLE,5,624349,Not at intersection,2,100,Arterial Highway,GOULBURN VALLEY,SHEPPARTON,-36.50306,145.38629,2019,9,September,20,Night,Weekday
T20190018678,2019-09-25,06:50:00,1,Collision with vehicle,3,Wednesday,132,RIGHT REAR.,1,287363,Cross intersection,2,60,Arterial Other,BARWARRE,GEELONG,-38.187763,144.3556,2019,9,September,6,Morning Peak,Weekday
T20190018703,2019-09-25,13:29:00,1,Collision with vehicle,3,Wednesday,130,REAR END(VEHICLES IN SAME LANE),1,588731,Not at intersection,2,70,Arterial Highway,FRANKSTON-DANDENONG,FRANKSTON,-38.10013,145.17194,2019,9,September,13,Midday,Weekday
T20190019117,2019-09-25,07:00:00,4,Collision with a fixed object,3,Wednesday,173,RIGHT OFF CARRIAGEWAY INTO OBJECT/PARKED VEHICLE,9,604066,Not at intersection,2,100,Arterial Other,KORUMBURRA-WONTHAGGI,BASS COAST,-38.550854,145.67212,2019,9,September,7,Morning Peak,Weekday
T20190018740,2019-09-25,05:37:00,4,Collision with a fixed object,3,Wednesday,151,OUT OF CONTROL (OVERTAKING),6,588735,Not at intersection,2,100,Freeway,MONASH,CASEY,-37.999374,145.286,2019,9,September,5,Morning Peak,Weekday
T20190018677,2019-09-25,08:14:00,1,Collision with vehicle,3,Wednesday,121,RIGHT THROUGH,1,688812,Not at intersection,3,60,Arterial Highway,POINT NEPEAN,MORNINGTON PENINSULA,-38.36676,144.86366,2019,9,September,8,Morning Peak,Weekday
T20190020756,2019-09-25,13:00:00,1,Collision with vehicle,3,Wednesday,121,RIGHT THROUGH,1,35631,Cross intersection,3,80,Arterial Highway,SOUTH GIPPSLAND,DANDENONG,-38.026653,145.24374,2019,9,September,13,Midday,Weekday
T20190018668,2019-09-25,08:23:00,1,Collision with vehicle,3,Wednesday,148,VEHICLE OFF FOOTPATH STRIKES VEH ON CARRIAGEWAY,1,36514,T intersection,3,60,Arterial Other,VICTORIA,YARRA,-37.80831,144.97859,2019,9,September,8,Morning Peak,Weekday
T20190018704,2019-09-25,12:39:00,1,Collision with vehicle,3,Wednesday,120,HEAD ON (NOT OVERTAKING),1,650991,Not at intersection,3,50,Local Road,NEANGAR,BENDIGO,-36.71546,144.24953,2019,9,September,12,Midday,Weekday
T20190018673,2019-09-25,08:45:00,1,Collision with vehicle,3,Wednesday,130,REAR END(VEHICLES IN SAME LANE),1,595288,Not at intersection,3,60,Arterial Other,YORK,YARRA RANGES,-37.79713,145.36278,2019,9,September,8,Morning Peak,Weekday
T20190018736,2019-09-25,17:13:00,2,Struck Pedestrian,3,Wednesday,100,PED NEAR SIDE. PED HIT BY VEHICLE FROM THE RIGHT.,1,588734,Not at intersection,2,40,Local Road,MALCOLM,STONNINGTON,-37.83694,144.99704,2019,9,September,17,Afternoon Peak,Weekday
T20190018707,2019-09-25,12:25:00,1,Collision with vehicle,3,Wednesday,132,RIGHT REAR.,1,588732,Not at intersection,2,60,Arterial Highway,PLENTY VALLEY,BANYULE,-37.68974,145.06522,2019,9,September,12,Midday,Weekday
T20190021194,2019-09-25,18:58:00,1,Collision with vehicle,3,Wednesday,130,REAR END(VEHICLES IN SAME LANE),3,599873,Not at intersection,3,60,Arterial Other,BERWICK-CRANBOURNE,CASEY,-38.075634,145.33539,2019,9,September,18,Afternoon Peak,Weekday
T20190018684,2019-09-25,10:55:00,4,Collision with a fixed object,3,Wednesday,175,OFF END OF ROAD/T-INTERSECTION.,1,43422,T intersection,2,60,Arterial Other,BALLARTO,FRANKSTON,-38.11686,145.19151,2019,9,September,10,Midday,Weekday
T20190018686,2019-09-25,12:05:00,1,Collision with vehicle,3,Wednesday,110,CROSS TRAFFIC(INTERSECTIONS ONLY),1,30033,Cross intersection,3,70,Arterial Other,COLLEGE,CASEY,-38.05,145.29831,2019,9,September,12,Midday,Weekday
T20190018709,2019-09-25,13:00:00,4,Collision with a fixed object,3,Wednesday,171,LEFT OFF CARRIAGEWAY INTO OBJECT/PARKED VEHICLE,1,688809,Not at intersection,2,100,Arterial Other,TIMBOON-COLAC,CORANGAMITE,-38.4563,143.04001,2019,9,September,13,Midday,Weekday
T20190019860,2019-09-26,06:20:00,1,Collision with vehicle,4,Thursday,121,RIGHT THROUGH,1,229963,Cross intersection,3,60,Arterial Other,SAYERS,WYNDHAM,-37.852726,144.73128,2019,9,September,6,Morning Peak,Weekday
T20190018800,2019-09-26,15:30:00,1,Collision with vehicle,4,Thursday,136,RIGHT TURN SIDESWIPE,1,38516,Cross intersection,3,60,Arterial Other,BOUNDARY,WYNDHAM,-37.815586,144.81038,2019,9,September,15,Afternoon Peak,Weekday
T20190021900,2019-09-26,18:00:00,7,Fall from or in moving vehicle,4,Thursday,179,OTHER ACCIDENTS-OFF STRAIGHT NOT INCLUDED IN DCAs 170-175,9,603636,Cross intersection,3,60,Arterial Other,HIGH,STONNINGTON,-37.854305,145.0115,2019,9,September,18,Afternoon Peak,Weekday
T20190019409,2019-09-26,16:00:00,1,Collision with vehicle,4,Thursday,113,RIGHT NEAR (INTERSECTIONS ONLY),1,66439,T intersection,2,30,Arterial Other,LOYOLA GROVE -MADDEN,YARRA,-37.827984,145.0128,2019,9,September,16,Afternoon Peak,Weekday
T20190019646,2019-09-26,15:40:00,1,Collision with vehicle,4,Thursday,147,VEHICLE STRIKES ANOTHER VEH WHILE EMERGING FROM DRIVEWAY,1,659672,Unknown,3,70,Local Road,TAYLORS,BRIMBANK,-37.72737,144.78038,2019,9,September,15,Afternoon Peak,Weekday
T20190018817,2019-09-26,18:20:00,1,Collision with vehicle,4,Thursday,121,RIGHT THROUGH,2,598201,Not at intersection,2,40,Local Road,NAVIGATION,MELBOURNE,-37.82172,144.94644,2019,9,September,18,Afternoon Peak,Weekday
T20190018774,2019-09-26,08:45:00,1,Collision with vehicle,4,Thursday,130,REAR END(VEHICLES IN SAME LANE),1,589483,T intersection,2,70,Arterial Other,CANTERBURY,MAROONDAH,-37.827248,145.25905,2019,9,September,8,Morning Peak,Weekday
T20190018833,2019-09-26,23:25:00,2,Struck Pedestrian,4,Thursday,100,PED NEAR SIDE. PED HIT BY VEHICLE FROM THE RIGHT.,3,588982,Not at intersection,2,60,Arterial Highway,NEPEAN,KINGSTON,-38.00723,145.0869,2019,9,September,23,Night,Weekday
T20190018776,2019-09-26,08:50:00,1,Collision with vehicle,4,Thursday,110,CROSS TRAFFIC(INTERSECTIONS ONLY),1,590005,Cross intersection,3,100,Local Road,GEODETIC,CAMPASPE,-36.440884,144.93195,2019,9,September,8,Morning Peak,Weekday
T20190018830,2019-09-26,22:01:00,8,No collision and no object struck,4,Thursday,179,OTHER ACCIDENTS-OFF STRAIGHT NOT INCLUDED IN DCAs 170-175,3,589485,Not at intersection,2,60,Arterial Highway,BELL,MORELAND,-37.74243,144.97626,2019,9,September,22,Night,Weekday
T20190018815,2019-09-26,16:10:00,4,Collision with a fixed object,4,Thursday,183,OFF LEFT BEND INTO OBJECT/PARKED VEHICLE,1,659664,Not at intersection,3,60,Local Road,SUNDEW,MOORABOOL,-37.66172,144.51431,2019,9,September,16,Afternoon Peak,Weekday
T20190019083,2019-09-26,17:39:00,1,Collision with vehicle,4,Thursday,121,RIGHT THROUGH,1,641257,T intersection,3,80,Arterial Other,MCCORMICKS ROAD -THOMPSONS,FRANKSTON,-38.07325,145.20323,2019,9,September,17,Afternoon Peak,Weekday
T20190018828,2019-09-26,05:35:00,8,No collision and no object struck,4,Thursday,174,OUT OF CONTROL ON CARRIAGEWAY (ON STRAIGHT),2,186280,Not at intersection,3,40,Local Road,EXHIBITION,MELBOURNE,-37.811348,144.97021,2019,9,September,5,Morning Peak,Weekday
T20190018827,2019-09-26,06:20:00,1,Collision with vehicle,4,Thursday,110,CROSS TRAFFIC(INTERSECTIONS ONLY),1,45237,Cross intersection,2,50,Arterial Other,GORDON,MARIBYRNONG,-37.783794,144.89091,2019,9,September,6,Morning Peak,Weekday
T20190018826,2019-09-26,18:11:00,1,Collision with vehicle,4,Thursday,140,U TURN,1,593295,Not at intersection,3,70,Arterial Other,PRINCES,WYNDHAM,-37.908775,144.64429,2019,9,September,18,Afternoon Peak,Weekday
T20190018794,2019-09-26,12:30:00,1,Collision with vehicle,4,Thursday,169,OTHER ON PATH,1,659667,Not at intersection,2,60,Arterial Highway,POINT NEPEAN,MORNINGTON PENINSULA,-38.33667,144.95653,2019,9,September,12,Midday,Weekday
T20190018768,2019-09-26,07:20:00,1,Collision with vehicle,4,Thursday,130,REAR END(VEHICLES IN SAME LANE),1,45430,T intersection,2,60,Arterial Other,ASCOT VALE,MOONEE VALLEY,-37.769024,144.92453,2019,9,September,7,Morning Peak,Weekday
T20190018762,2019-09-26,08:55:00,1,Collision with vehicle,4,Thursday,110,CROSS TRAFFIC(INTERSECTIONS ONLY),1,71439,Cross intersection,3,40,Local Road,ABECKETT,CARDINIA,-38.095715,145.72041,2019,9,September,8,Morning Peak,Weekday
T20190019147,2019-09-26,17:30:00,2,Struck Pedestrian,4,Thursday,102,FAR SIDE. PED HIT BY VEHICLE FROM THE LEFT,2,591262,Cross intersection,3,50,Local Road,DONALD,MARIBYRNONG,-37.798203,144.89847,2019,9,September,17,Afternoon Peak,Weekday
T20190018842,2019-09-26,09:38:00,1,Collision with vehicle,4,Thursday,130,REAR END(VEHICLES IN SAME LANE),1,659662,T intersection,3,80,Arterial Highway,MAROONDAH,MAROONDAH,-37.790043,145.26633,2019,9,September,9,Morning Peak,Weekday
T20190018795,2019-09-26,15:30:00,1,Collision with vehicle,4,Thursday,131,LEFT REAR,1,613837,Cross intersection,3,60,Arterial Highway,MAROONDAH,MAROONDAH,-37.816956,145.2204,2019,9,September,15,Afternoon Peak,Weekday
T20190018797,2019-09-26,17:40:00,1,Collision with vehicle,4,Thursday,121,RIGHT THROUGH,1,588738,Not at intersection,3,50,Local Road,REID,WANGARATTA,-36.356243,146.32762,2019,9,September,17,Afternoon Peak,Weekday
T20190018814,2019-09-26,13:45:00,1,Collision with vehicle,4,Thursday,113,RIGHT NEAR (INTERSECTIONS ONLY),1,29413,Cross intersection,3,60,Arterial Other,DUDLEY,MELBOURNE,-37.810135,144.94998,2019,9,September,13,Midday,Weekday
T20190018777,2019-09-26,13:10:00,1,Collision with vehicle,4,Thursday,124,RIGHT/RIGHT BOTH VEHs FROM OPPOSITE DIRECTIONS TURNING RIGHT,1,70854,Cross intersection,2,50,Local Road,DOVETON,CASEY,-37.996426,145.2505,2019,9,September,13,Midday,Weekday
T20190022913,2019-09-26,10:30:00,1,Collision with vehicle,4,Thursday,130,REAR END(VEHICLES IN SAME LANE),1,184836,Not at intersection,3,80,Arterial Highway,MIDLAND,HEPBURN,-37.416267,143.90448,2019,9,September,10,Midday,Weekday
T20190018803,2019-09-26,19:00:00,1,Collision with vehicle,4,Thursday,148,VEHICLE OFF FOOTPATH STRIKES VEH ON CARRIAGEWAY,3,588739,Cross intersection,3,50,Local Road,CALDER,GEELONG,-38.14439,144.33556,2019,9,September,19,Night,Weekday
T20190018809,2019-09-26,15:22:00,2,Struck Pedestrian,4,Thursday,100,PED NEAR SIDE. PED HIT BY VEHICLE FROM THE RIGHT.,9,594824,Not at intersection,2,50,Local Road,HOPE,DANDENONG,-37.93638,145.15205,2019,9,September,15,Afternoon Peak,Weekday
T20190018801,2019-09-26,17:30:00,1,Collision with vehicle,4,Thursday,113,RIGHT NEAR (INTERSECTIONS ONLY),1,37118,T intersection,3,80,Arterial Highway,SPRINGVALE,DANDENONG,-37.987514,145.14522,2019,9,September,17,Afternoon Peak,Weekday
T20190018829,2019-09-26,23:15:00,1,Collision with vehicle,4,Thursday,136,RIGHT TURN SIDESWIPE,3,590006,Not at intersection,3,60,Arterial Other,PASCOE VALE,MOONEE VALLEY,-37.74645,144.9257,2019,9,September,23,Night,Weekday
T20190018821,2019-09-26,20:18:00,1,Collision with vehicle,4,Thursday,134,LANE CHANGE RIGHT (NOT OVERTAKING),3,341587,Not at intersection,2,60,Arterial Highway,KINGS,MELBOURNE,-37.824932,144.95935,2019,9,September,20,Night,Weekday
T20190018824,2019-09-26,19:41:00,4,Collision with a fixed object,4,Thursday,171,LEFT OFF CARRIAGEWAY INTO OBJECT/PARKED VEHICLE,3,659665,Not at intersection,2,60,Arterial Other,BULLA,MOONEE VALLEY,-37.73999,144.90726,2019,9,September,19,Night,Weekday
T20190018996,2019-09-26,15:18:00,1,Collision with vehicle,4,Thursday,130,REAR END(VEHICLES IN SAME LANE),1,616138,T intersection,2,80,Arterial Other,FITZGERALD,WYNDHAM,-37.820732,144.78659,2019,9,September,15,Afternoon Peak,Weekday
T20190018781,2019-09-26,13:47:00,1,Collision with vehicle,4,Thursday,130,REAR END(VEHICLES IN SAME LANE),1,45217,Cross intersection,3,60,Local Road,EMU,MARIBYRNONG,-37.780083,144.88467,2019,9,September,13,Midday,Weekday
T20190018823,2019-09-26,20:55:00,1,Collision with vehicle,4,Thursday,110,CROSS TRAFFIC(INTERSECTIONS ONLY),3,45524,Cross intersection,2,60,Arterial Other,DERRIMUT ROAD -HOPKINS,MELTON,-37.80502,144.69594,2019,9,September,20,Night,Weekday
T20190018783,2019-09-26,13:10:00,1,Collision with vehicle,4,Thursday,130,REAR END(VEHICLES IN SAME LANE),1,590261,Not at intersection,3,50,Local Road,BARKLY,MORELAND,-37.7762,144.96146,2019,9,September,13,Midday,Weekday
T20190018784,2019-09-26,14:40:00,1,Collision with vehicle,4,Thursday,142,LEAVING PARKING,1,588980,Not at intersection,3,40,Local Road,QUEEN,MELBOURNE,-37.810524,144.95866,2019,9,September,14,Midday,Weekday
T20190018789,2019-09-26,11:50:00,1,Collision with vehicle,4,Thursday,110,CROSS TRAFFIC(INTERSECTIONS ONLY),1,52844,Cross intersection,2,100,Arterial Other,MORTLAKE-ARARAT,ARARAT,-37.54396,142.83664,2019,9,September,11,Midday,Weekday
T20190018790,2019-09-26,14:40:00,1,Collision with vehicle,4,Thursday,110,CROSS TRAFFIC(INTERSECTIONS ONLY),1,45524,Cross intersection,3,60,Arterial Other,DERRIMUT ROAD -HOPKINS,MELTON,-37.80502,144.69594,2019,9,September,14,Midday,Weekday
T20190018792,2019-09-26,10:30:00,8,No collision and no object struck,4,Thursday,179,OTHER ACCIDENTS-OFF STRAIGHT NOT INCLUDED IN DCAs 170-175,1,330822,Cross intersection,2,60,Arterial Highway,MAIN STREET -VICTORIA,EAST GIPPSLAND,-37.830715,147.61095,2019,9,September,10,Midday,Weekday
T20190018755,2019-09-26,07:46:00,1,Collision with vehicle,4,Thursday,130,REAR END(VEHICLES IN SAME LANE),1,588737,Not at intersection,3,60,Arterial Other,DONNYBROOK,HUME,-37.540485,144.9456,2019,9,September,7,Morning Peak,Weekday
T20190018749,2019-09-26,06:10:00,8,No collision and no object struck,4,Thursday,174,OUT OF CONTROL ON CARRIAGEWAY (ON STRAIGHT),2,41394,T intersection,2,70,Arterial Highway,DANDENONG,GLEN EIRA,-37.881107,145.04959,2019,9,September,6,Morning Peak,Weekday
T20190018747,2019-09-26,01:43:00,1,Collision with vehicle,4,Thursday,130,REAR END(VEHICLES IN SAME LANE),3,589746,Not at intersection,2,50,Local Road,YARAAN,GEELONG,-38.1123,144.33372,2019,9,September,1,Late Night,Weekday
T20190018796,2019-09-26,17:20:00,1,Collision with vehicle,4,Thursday,130,REAR END(VEHICLES IN SAME LANE),1,588981,Cross intersection,3,80,Arterial Other,CRANBOURNE-FRANKSTON,FRANKSTON,-38.134026,145.22795,2019,9,September,17,Afternoon Peak,Weekday
T20190018782,2019-09-26,11:40:00,1,Collision with vehicle,4,Thursday,110,CROSS TRAFFIC(INTERSECTIONS ONLY),1,57487,Cross intersection,2,50,Local Road,CUTHBERT,MAROONDAH,-37.834156,145.23839,2019,9,September,11,Midday,Weekday
T20190018902,2019-09-27,21:08:00,1,Collision with vehicle,5,Friday,130,REAR END(VEHICLES IN SAME LANE),3,54932,Cross intersection,3,60,Arterial Highway,RAGLAN,WARRNAMBOOL,-38.378136,142.48163,2019,9,September,21,Night,Weekday
T20190018900,2019-09-27,19:58:00,4,Collision with a fixed object,5,Friday,146,REVERSING INTO FIXED OBJECT/PARKED VEHICLE,2,659639,T intersection,3,50,Local Road,BORONIA,BOROONDARA,-37.82136,145.07854,2019,9,September,19,Night,Weekday
T20190018872,2019-09-27,10:45:00,4,Collision with a fixed object,5,Friday,164,PERMANENT OBSTRUCTION ON CARRIAGEWAY,1,588742,Not at intersection,3,50,Local Road,AZALEA,WHITEHORSE,-37.834362,145.18407,2019,9,September,10,Midday,Weekday
T20190018899,2019-09-27,22:07:00,2,Struck Pedestrian,5,Friday,100,PED NEAR SIDE. PED HIT BY VEHICLE FROM THE RIGHT.,3,589750,Cross intersection,3,80,Arterial Highway,NEPEAN,KINGSTON,-37.935055,145.03613,2019,9,September,22,Night,Weekday
T20190018898,2019-09-27,19:20:00,4,Collision with a fixed object,5,Friday,183,OFF LEFT BEND INTO OBJECT/PARKED VEHICLE,5,589749,Not at intersection,2,60,Arterial Other,EMERALD-MONBULK,YARRA RANGES,-37.894035,145.43582,2019,9,September,19,Night,Weekday
T20190018896,2019-09-27,16:38:00,1,Collision with vehicle,5,Friday,120,HEAD ON (NOT OVERTAKING),1,593296,Not at intersection,2,80,Arterial Other,WELLINGTON,YARRA RANGES,-37.94972,145.3338,2019,9,September,16,Afternoon Peak,Weekday