ACCIDENT_NO,ACCIDENT_DATE,ACCIDENT_TIME,ACCIDENT_TYPE,ACCIDENT_TYPE_DESC,DAY_OF_WEEK,DAY_WEEK_DESC,DCA_CODE,DCA_DESC,LIGHT_CONDITION,NODE_ID,ROAD_GEOMETRY_DESC,SEVERITY,SPEED_ZONE,RMA,ROAD_NAME,LGA_NAME,LATITUDE,LONGITUDE,YEAR,MONTH,MONTH_NAME,HOUR,TIME_PERIOD,DAY_TYPE
T20190018846,2019-09-27,07:30:00,1,Collision with vehicle,5,Friday,132,RIGHT REAR.,1,641556,Not at intersection,3,70,Arterial Other,CANTERBURY,WHITEHORSE,-37.835964,145.19559,2019,9,September,7,Morning Peak,Weekday
T20190018893,2019-09-27,17:38:00,1,Collision with vehicle,5,Friday,120,HEAD ON (NOT OVERTAKING),1,589234,T intersection,2,60,Arterial Other,WAIORA,BANYULE,-37.74402,145.05844,2019,9,September,17,Afternoon Peak,Weekday
T20190018892,2019-09-27,19:10:00,1,Collision with vehicle,5,Friday,121,RIGHT THROUGH,3,37911,Cross intersection,3,50,Arterial Other,HIGH,DAREBIN,-37.781033,144.99669,2019,9,September,19,Night,Weekday
T20190018851,2019-09-27,09:32:00,1,Collision with vehicle,5,Friday,130,REAR END(VEHICLES IN SAME LANE),1,589486,Not at intersection,3,100,Arterial Highway,SUNRAYSIA,PYRENEES,-37.06908,143.4668,2019,9,September,9,Morning Peak,Weekday
T20190018853,2019-09-27,10:45:00,7,Fall from or in moving vehicle,5,Friday,179,OTHER ACCIDENTS-OFF STRAIGHT NOT INCLUDED IN DCAs 170-175,1,592023,Not at intersection,3,100,Local Road,ANDERSON SPUR,MURRINDINDI,-37.51416,145.606,2019,9,September,10,Midday,Weekday
T20190018871,2019-09-27,12:15:00,6,Vehicle overturned (no collision),5,Friday,180,OFF CARRIAGEWAY ON RIGHT BEND,1,595582,Not at intersection,3,100,Arterial Other,TARRA VALLEY,WELLINGTON,-38.48497,146.63432,2019,9,September,12,Midday,Weekday
T20190018858,2019-09-27,12:13:00,1,Collision with vehicle,5,Friday,130,REAR END(VEHICLES IN SAME LANE),1,659592,Not at intersection,3,60,Freeway,WEST GATE IN-MONTAGUE,MELBOURNE,-37.82598,144.94717,2019,9,September,12,Midday,Weekday
T20190018876,2019-09-27,10:00:00,2,Struck Pedestrian,5,Friday,104,PED WALKING WITH TRAFFIC,1,598024,Not at intersection,2,50,Local Road,HICKORY,MANNINGHAM,-37.770206,145.12656,2019,9,September,10,Midday,Weekday
T20190018891,2019-09-27,19:27:00,1,Collision with vehicle,5,Friday,113,RIGHT NEAR (INTERSECTIONS ONLY),3,37093,T intersection,3,50,Local Road,HUDSON,HUME,-37.652943,144.9221,2019,9,September,19,Night,Weekday
T20190018890,2019-09-27,17:46:00,4,Collision with a fixed object,5,Friday,171,LEFT OFF CARRIAGEWAY INTO OBJECT/PARKED VEHICLE,2,624355,Not at intersection,2,60,Arterial Highway,MURRAY,COLAC OTWAY,-38.33896,143.57993,2019,9,September,17,Afternoon Peak,Weekday
T20190018889,2019-09-27,18:30:00,1,Collision with vehicle,5,Friday,110,CROSS TRAFFIC(INTERSECTIONS ONLY),3,44096,Cross intersection,2,70,Local Road,HENDERSONS,MORNINGTON PENINSULA,-38.33879,145.16707,2019,9,September,18,Afternoon Peak,Weekday
T20190018886,2019-09-27,15:45:00,1,Collision with vehicle,5,Friday,130,REAR END(VEHICLES IN SAME LANE),1,588983,Not at intersection,3,80,Arterial Highway,DANDENONG,STONNINGTON,-37.86575,145.02676,2019,9,September,15,Afternoon Peak,Weekday
T20190018884,2019-09-27,16:45:00,1,Collision with vehicle,5,Friday,110,CROSS TRAFFIC(INTERSECTIONS ONLY),1,337828,Cross intersection,2,80,Arterial Other,JELLS,MONASH,-37.90689,145.18906,2019,9,September,16,Afternoon Peak,Weekday
T20190018883,2019-09-27,16:00:00,4,Collision with a fixed object,5,Friday,181,OFF RIGHT BEND INTO OBJECT/PARKED VEHICLE,1,592515,Not at intersection,3,100,Local Road,LAKE,EAST GIPPSLAND,-37.76204,148.49237,2019,9,September,16,Afternoon Peak,Weekday
T20200003203,2019-09-27,11:30:00,8,No collision and no object struck,5,Friday,172,OFF CARRIAGEWAY TO RIGHT,1,627409,Cross intersection,3,80,Arterial Highway,KILMORE ROAD -NORTHERN,BENDIGO,-36.945873,144.73116,2019,9,September,11,Midday,Weekday
T20190018875,2019-09-27,12:50:00,6,Vehicle overturned (no collision),5,Friday,170,OFF CARRIAGEWAY TO LEFT,1,661575,Not at intersection,3,100,Arterial Other,OMEO,TOWONG,-36.46642,147.27927,2019,9,September,12,Midday,Weekday
T20190018874,2019-09-27,14:05:00,8,No collision and no object struck,5,Friday,182,OFF CARRIAGEWAY ON LEFT BEND,1,659593,Not at intersection,2,100,Local Road,LLOWALONG,WELLINGTON,-37.903206,147.02441,2019,9,September,14,Midday,Weekday
T20190018862,2019-09-27,13:15:00,1,Collision with vehicle,5,Friday,121,RIGHT THROUGH,1,321653,Cross intersection,3,60,Arterial Other,CLYDE,CASEY,-38.059914,145.33823,2019,9,September,13,Midday,Weekday
T20190019035,2019-09-27,15:00:00,6,Vehicle overturned (no collision),5,Friday,184,OUT OF CONTROL ON CARRIAGEWAY (ON BEND),1,589754,Not at intersection,3,100,Local Road,WALSHS,MANSFIELD,-37.171883,145.99657,2019,9,September,15,Afternoon Peak,Weekday
T20190019012,2019-09-27,12:00:00,8,No collision and no object struck,5,Friday,180,OFF CARRIAGEWAY ON RIGHT BEND,1,589239,Not at intersection,3,80,Arterial Other,HAUNTED HILLS,LATROBE,-38.202293,146.32742,2019,9,September,12,Midday,Weekday
T20190018971,2019-09-27,20:34:00,2,Struck Pedestrian,5,Friday,109,ANY MANOEUVRE INVOLVING PED NOT INCLUDED IN DCAs 100-108.,5,688810,Not at intersection,2,50,Local Road,SOUTH GIPPSLAND,CASEY,-38.101738,145.2823,2019,9,September,20,Night,Weekday
T20190018944,2019-09-27,15:30:00,4,Collision with a fixed object,5,Friday,171,LEFT OFF CARRIAGEWAY INTO OBJECT/PARKED VEHICLE,1,592273,Multiple intersection,2,60,Local Road,CENTRE,FRANKSTON,-38.162613,145.20766,2019,9,September,15,Afternoon Peak,Weekday
T20190018931,2019-09-27,18:30:00,6,Vehicle overturned (no collision),5,Friday,184,OUT OF CONTROL ON CARRIAGEWAY (ON BEND),2,641558,Not at intersection,3,60,Local Road,COBB AND CO,MACEDON RANGES,-37.269524,144.47755,2019,9,September,18,Afternoon Peak,Weekday
T20190018831,2019-09-27,00:45:00,1,Collision with vehicle,5,Friday,160,VEHICLE COLLIDES WITH VEHICLE PARKED ON LEFT OF ROAD,3,608108,Not at intersection,3,50,Local Road,KILLARA,HUME,-37.664997,144.96445,2019,9,September,0,Late Night,Weekday
T20190018861,2019-09-27,13:24:00,1,Collision with vehicle,5,Friday,130,REAR END(VEHICLES IN SAME LANE),1,596330,Not at intersection,3,60,Arterial Other,EDITHVALE,KINGSTON,-38.02818,145.13094,2019,9,September,13,Midday,Weekday
T20190018836,2019-09-27,01:16:00,1,Collision with vehicle,5,Friday,169,OTHER ON PATH,5,588740,Not at intersection,3,40,Local Road,ASH,DAREBIN,-37.734337,145.03017,2019,9,September,1,Late Night,Weekday
T20200006878,2019-09-27,16:55:00,1,Collision with vehicle,5,Friday,120,HEAD ON (NOT OVERTAKING),2,642526,Not at intersection,3,80,Arterial Highway,SOUTH GIPPSLAND,SOUTH GIPPSLAND,-38.555016,145.95456,2019,9,September,16,Afternoon Peak,Weekday
T20190018920,2019-09-27,16:45:00,1,Collision with vehicle,5,Friday,132,RIGHT REAR.,1,589487,T intersection,2,50,Local Road,COLLINGWOOD,MORNINGTON PENINSULA,-38.37223,144.8184,2019,9,September,16,Afternoon Peak,Weekday
T20190019290,2019-09-27,19:00:00,1,Collision with vehicle,5,Friday,130,REAR END(VEHICLES IN SAME LANE),2,607675,Not at intersection,3,80,Arterial Other,SOMERTON,HUME,-37.638535,144.91252,2019,9,September,19,Night,Weekday
T20190020252,2019-09-27,17:15:00,1,Collision with vehicle,5,Friday,132,RIGHT REAR.,1,628307,T intersection,3,60,Arterial Highway,WARRIGAL,MONASH,-37.903103,145.08629,2019,9,September,17,Afternoon Peak,Weekday
T20190018921,2019-09-27,09:02:00,1,Collision with vehicle,5,Friday,110,CROSS TRAFFIC(INTERSECTIONS ONLY),1,51018,Cross intersection,3,60,Arterial Highway,WYNDHAM,SHEPPARTON,-36.374054,145.40077,2019,9,September,9,Morning Peak,Weekday
T20190018905,2019-09-27,23:58:00,1,Collision with vehicle,5,Friday,130,REAR END(VEHICLES IN SAME LANE),3,661576,Not at intersection,2,100,Freeway,WESTERN RING,HUME,-37.692997,144.93907,2019,9,September,23,Night,Weekday
T20190018949,2019-09-28,16:47:00,4,Collision with a fixed object,6,Saturday,181,OFF RIGHT BEND INTO OBJECT/PARKED VEHICLE,1,659582,Not at intersection,2,60,Arterial Other,PASCOE VALE,MOONEE VALLEY,-37.73167,144.92366,2019,9,September,16,Afternoon Peak,Weekend
T20200000513,2019-09-28,19:30:00,4,Collision with a fixed object,6,Saturday,173,RIGHT OFF CARRIAGEWAY INTO OBJECT/PARKED VEHICLE,2,659589,Not at intersection,3,100,Arterial Other,AYRESFORD,CORANGAMITE,-38.47055,142.84926,2019,9,September,19,Night,Weekend
T20190018929,2019-09-28,12:30:00,8,No collision and no object struck,6,Saturday,180,OFF CARRIAGEWAY ON RIGHT BEND,1,43341,Cross intersection,2,40,Local Road,GLADESVILLE,KINGSTON,-38.070744,145.14569,2019,9,September,12,Midday,Weekend
T20190018928,2019-09-28,11:26:00,4,Collision with a fixed object,6,Saturday,181,OFF RIGHT BEND INTO OBJECT/PARKED VEHICLE,1,598075,Not at intersection,3,100,Arterial Other,MOE-WILLOW GROVE,BAW BAW,-38.107327,146.24223,2019,9,September,11,Midday,Weekend
T20190019033,2019-09-28,12:55:00,7,Fall from or in moving vehicle,6,Saturday,190,FELL IN/FROM VEHICLE,1,589103,T intersection,1,50,Local Road,KIWI,BRIMBANK,-37.71588,144.78783,2019,9,September,12,Midday,Weekend
T20190018948,2019-09-28,15:30:00,1,Collision with vehicle,6,Saturday,110,CROSS TRAFFIC(INTERSECTIONS ONLY),1,45408,Cross intersection,2,50,Local Road,ALBION,MOONEE VALLEY,-37.75614,144.92679,2019,9,September,15,Afternoon Peak,Weekend
T20190018947,2019-09-28,02:20:00,4,Collision with a fixed object,6,Saturday,171,LEFT OFF CARRIAGEWAY INTO OBJECT/PARKED VEHICLE,3,641853,Not at intersection,3,80,Arterial Other,PRINCES,WYNDHAM,-37.88528,144.69928,2019,9,September,2,Late Night,Weekend
T20190018924,2019-09-28,11:01:00,1,Collision with vehicle,6,Saturday,121,RIGHT THROUGH,1,222039,Cross intersection,3,60,Arterial Other,VICTORIA,YARRA,-37.807724,144.97322,2019,9,September,11,Midday,Weekend
T20200013493,2019-09-28,16:50:00,1,Collision with vehicle,6,Saturday,130,REAR END(VEHICLES IN SAME LANE),1,36813,Cross intersection,3,60,Arterial Other,NORMANBY,PORT PHILLIP,-37.828957,144.94844,2019,9,September,16,Afternoon Peak,Weekend
T20190018942,2019-09-28,16:50:00,1,Collision with vehicle,6,Saturday,145,REVERSING IN STREAM OF TRAFFIC,1,591773,Not at intersection,3,50,Local Road,MONASH,SWAN HILL,-35.338497,143.56242,2019,9,September,16,Afternoon Peak,Weekend
T20190018941,2019-09-28,14:05:00,1,Collision with vehicle,6,Saturday,162,ACCIDENT OR BROKEN DOWN,1,592272,Not at intersection,2,80,Freeway,WEST GATE,HOBSONS BAY,-37.827477,144.89485,2019,9,September,14,Midday,Weekend
T20190018938,2019-09-28,09:56:00,5,collision with some other object,6,Saturday,166,STRUCK OBJECT ON CARRIAGEWAY,1,591630,Not at intersection,2,60,Local Road,FERRARIS,MANSFIELD,-36.950455,145.92863,2019,9,September,9,Morning Peak,Weekend
T20190018983,2019-09-28,20:20:00,2,Struck Pedestrian,6,Saturday,102,FAR SIDE. PED HIT BY VEHICLE FROM THE LEFT,3,36882,Cross intersection,3,40,Local Road,ABECKETT,MELBOURNE,-37.80925,144.96086,2019,9,September,20,Night,Weekend
T20190018919,2019-09-28,09:30:00,4,Collision with a fixed object,6,Saturday,173,RIGHT OFF CARRIAGEWAY INTO OBJECT/PARKED VEHICLE,1,48952,T intersection,3,60,Local Road,MT RIDLEY,HUME,-37.56925,144.93707,2019,9,September,9,Morning Peak,Weekend
T20190018934,2019-09-28,08:43:00,4,Collision with a fixed object,6,Saturday,173,RIGHT OFF CARRIAGEWAY INTO OBJECT/PARKED VEHICLE,1,599034,Not at intersection,2,100,Local Road,MURRAY,NORTHERN GRAMPIANS,-36.716373,143.30754,2019,9,September,8,Morning Peak,Weekend
T20190018917,2019-09-28,09:00:00,1,Collision with vehicle,6,Saturday,140,U TURN,1,591006,Unknown,3,50,Local Road,THE ESPLANADE,SURF COAST,-38.32054,144.33522,2019,9,September,9,Morning Peak,Weekend
T20190018912,2019-09-28,06:05:00,4,Collision with a fixed object,6,Saturday,181,OFF RIGHT BEND INTO OBJECT/PARKED VEHICLE,1,588743,Not at intersection,3,60,Arterial Other,CEMETERY,MELBOURNE,-37.793205,144.96637,2019,9,September,6,Morning Peak,Weekend
T20190018927,2019-09-28,13:51:00,1,Collision with vehicle,6,Saturday,116,LEFT NEAR (INTERSECTIONS ONLY),1,62036,T intersection,3,50,Local Road,MACORNA,BANYULE,-37.70156,145.08435,2019,9,September,13,Midday,Weekend
T20190018937,2019-09-28,10:55:00,1,Collision with vehicle,6,Saturday,116,LEFT NEAR (INTERSECTIONS ONLY),1,65039,T intersection,3,40,Local Road,KAY,MELBOURNE,-37.79496,144.97095,2019,9,September,10,Midday,Weekend
T20190019574,2019-09-28,12:23:00,6,Vehicle overturned (no collision),6,Saturday,180,OFF CARRIAGEWAY ON RIGHT BEND,1,656749,Not at intersection,3,100,Arterial Highway,SUNRAYSIA,BULOKE,-36.05633,142.89499,2019,9,September,12,Midday,Weekend
T20190020125,2019-09-28,04:30:00,3,Struck animal,6,Saturday,167,STRUCK ANIMAL,9,608431,Not at intersection,2,100,Arterial Other,MADEIRA PACKET,GLENELG,-38.37148,141.598,2019,9,September,4,Late Night,Weekend
T20190019111,2019-09-28,18:30:00,2,Struck Pedestrian,6,Saturday,103,PED PLAYING/LYING/WORKING/STANDING ON CARRIAGEWAY.,2,597654,Not at intersection,3,100,Local Road,MCLEAN,SWAN HILL,-34.848194,142.7877,2019,9,September,18,Afternoon Peak,Weekend
T20190018952,2019-09-28,20:30:00,4,Collision with a fixed object,6,Saturday,175,OFF END OF ROAD/T-INTERSECTION.,3,45515,T intersection,2,100,Arterial Other,DIGGERS REST-COIMADAI,MELTON,-37.61198,144.56818,2019,9,September,20,Night,Weekend
T20190018951,2019-09-28,22:07:00,1,Collision with vehicle,6,Saturday,133,LANE SIDE SWIPE (VEHICLES IN PARALLEL LANES),3,607513,Not at intersection,2,70,Arterial Highway,LATROBE,GEELONG,-38.144276,144.35338,2019,9,September,22,Night,Weekend
T20200017055,2019-09-28,19:00:00,4,Collision with a fixed object,6,Saturday,181,OFF RIGHT BEND INTO OBJECT/PARKED VEHICLE,5,662810,Not at intersection,2,50,Local Road,BUDGEREE,LATROBE,-38.425533,146.36214,2019,9,September,19,Night,Weekend
T20190019006,2019-09-29,22:20:00,1,Collision with vehicle,7,Sunday,135,LANE CHANGE LEFT (NOT OVERTAKING),3,143323,Not at intersection,3,40,Arterial Other,CLARENDON,MELBOURNE,-37.82434,144.95657,2019,9,September,22,Night,Weekend
T20190019003,2019-09-29,19:48:00,1,Collision with vehicle,7,Sunday,113,RIGHT NEAR (INTERSECTIONS ONLY),3,588856,Cross intersection,1,80,Arterial Other,FERNTREE GULLY,MONASH,-37.897842,145.1136,2019,9,September,19,Night,Weekend
T20190019001,2019-09-29,18:24:00,1,Collision with vehicle,7,Sunday,130,REAR END(VEHICLES IN SAME LANE),2,589753,Not at intersection,3,80,Arterial Other,FERNTREE GULLY,KNOX,-37.89795,145.24109,2019,9,September,18,Afternoon Peak,Weekend
T20190018998,2019-09-29,21:20:00,1,Collision with vehicle,7,Sunday,130,REAR END(VEHICLES IN SAME LANE),3,604011,Not at intersection,3,40,Arterial Other,SPENCER,MELBOURNE,-37.810417,144.95013,2019,9,September,21,Night,Weekend
T20190018991,2019-09-29,18:50:00,1,Collision with vehicle,7,Sunday,121,RIGHT THROUGH,3,44470,Cross intersection,2,60,Local Road,BALLIANG,GEELONG,-38.16066,144.35458,2019,9,September,18,Afternoon Peak,Weekend
T20190018988,2019-09-29,15:50:00,4,Collision with a fixed object,7,Sunday,171,LEFT OFF CARRIAGEWAY INTO OBJECT/PARKED VEHICLE,1,38324,T intersection,3,60,Arterial Other,CHILDS,WHITTLESEA,-37.66129,145.03505,2019,9,September,15,Afternoon Peak,Weekend
T20190018987,2019-09-29,14:55:00,1,Collision with vehicle,7,Sunday,147,VEHICLE STRIKES ANOTHER VEH WHILE EMERGING FROM DRIVEWAY,1,650992,Not at intersection,3,50,Local Road,OAKMONT,WODONGA,-36.11595,146.84059,2019,9,September,14,Midday,Weekend
T20190018982,2019-09-29,14:30:00,4,Collision with a fixed object,7,Sunday,173,RIGHT OFF CARRIAGEWAY INTO OBJECT/PARKED VEHICLE,1,629270,Not at intersection,2,80,Local Road,WANGOOM-WARRUMYEA,MOYNE,-38.30899,142.63965,2019,9,September,14,Midday,Weekend
T20190018981,2019-09-29,13:51:00,4,Collision with a fixed object,7,Sunday,173,RIGHT OFF CARRIAGEWAY INTO OBJECT/PARKED VEHICLE,1,589237,Not at intersection,3,100,Freeway,MONASH,MONASH,-37.92504,145.17926,2019,9,September,13,Midday,Weekend
T20190018980,2019-09-29,11:37:00,1,Collision with vehicle,7,Sunday,120,HEAD ON (NOT OVERTAKING),1,590007,Not at intersection,3,60,Local Road,KINGSTON,WYNDHAM,-37.854385,144.6872,2019,9,September,11,Midday,Weekend
T20190018978,2019-09-29,11:10:00,1,Collision with vehicle,7,Sunday,130,REAR END(VEHICLES IN SAME LANE),1,589751,Not at intersection,2,80,Arterial Highway,GREAT ALPINE,ALPINE,-36.624214,146.83179,2019,9,September,11,Midday,Weekend
T20190018969,2019-09-29,10:20:00,1,Collision with vehicle,7,Sunday,130,REAR END(VEHICLES IN SAME LANE),1,595583,Cross intersection,3,60,Freeway,7128F 5510F,WODONGA,-36.110058,146.8936,2019,9,September,10,Midday,Weekend
T20190018962,2019-09-29,02:00:00,4,Collision with a fixed object,7,Sunday,173,RIGHT OFF CARRIAGEWAY INTO OBJECT/PARKED VEHICLE,5,616734,Not at intersection,2,100,Local Road,FERGUSON,SHEPPARTON,-36.440083,145.25203,2019,9,September,2,Late Night,Weekend
T20190018955,2019-09-29,00:30:00,2,Struck Pedestrian,7,Sunday,102,FAR SIDE. PED HIT BY VEHICLE FROM THE LEFT,3,36500,Cross intersection,2,40,Arterial Other,JOHNSTON,YARRA,-37.79834,144.97847,2019,9,September,0,Late Night,Weekend
T20190018974,2019-09-29,13:40:00,1,Collision with vehicle,7,Sunday,131,LEFT REAR,1,793,Cross intersection,2,70,Arterial Highway,SPRINGVALE,MONASH,-37.932533,145.15622,2019,9,September,13,Midday,Weekend
T20190019071,2019-09-29,14:30:00,2,Struck Pedestrian,7,Sunday,101,PED EMERGES FROM IN FRONT OF PARKED OR STATIONARY VEHICLE,1,661304,Not at intersection,3,50,Local Road,WATERWHEEL,WHITTLESEA,-37.585823,145.0817,2019,9,September,14,Midday,Weekend
T20190020189,2019-09-29,16:00:00,2,Struck Pedestrian,7,Sunday,100,PED NEAR SIDE. PED HIT BY VEHICLE FROM THE RIGHT.,1,605070,Cross intersection,3,60,Arterial Highway,HIGH,MITCHELL,-37.413036,144.9794,2019,9,September,16,Afternoon Peak,Weekend
T20190019123,2019-09-29,21:15:00,1,Collision with vehicle,7,Sunday,121,RIGHT THROUGH,3,65831,Cross intersection,3,40,Arterial Other,KING,MELBOURNE,-37.812466,144.95392,2019,9,September,21,Night,Weekend
T20190019373,2019-09-29,11:25:00,1,Collision with vehicle,7,Sunday,121,RIGHT THROUGH,1,77396,Cross intersection,2,80,Arterial Other,CRANBOURNE-FRANKSTON,CASEY,-38.110085,145.25836,2019,9,September,11,Midday,Weekend
T20190019000,2019-09-29,19:40:00,4,Collision with a fixed object,7,Sunday,171,LEFT OFF CARRIAGEWAY INTO OBJECT/PARKED VEHICLE,5,659575,Not at intersection,3,100,Freeway,MONASH,CASEY,-37.998974,145.28444,2019,9,September,19,Night,Weekend
T20190019187,2019-09-29,17:15:00,1,Collision with vehicle,7,Sunday,121,RIGHT THROUGH,1,19418,Cross intersection,3,60,Arterial Highway,CALDER ALTERNATIVE,BENDIGO,-36.73569,144.13298,2019,9,September,17,Afternoon Peak,Weekend
T20190019191,2019-09-29,18:30:00,1,Collision with vehicle,7,Sunday,130,REAR END(VEHICLES IN SAME LANE),1,44594,Cross intersection,3,50,Arterial Highway,SKIPTON,BALLARAT,-37.579613,143.84206,2019,9,September,18,Afternoon Peak,Weekend
T20190020247,2019-09-29,15:24:00,1,Collision with vehicle,7,Sunday,121,RIGHT THROUGH,1,583552,T intersection,2,70,Arterial Other,GALLAGHERS,MONASH,-37.875748,145.17896,2019,9,September,15,Afternoon Peak,Weekend
T20190018994,2019-09-29,19:59:00,4,Collision with a fixed object,7,Sunday,173,RIGHT OFF CARRIAGEWAY INTO OBJECT/PARKED VEHICLE,3,17850,Cross intersection,2,50,Arterial Other,LIVINGSTONE,STRATHBOGIE,-36.902657,145.23405,2019,9,September,19,Night,Weekend
T20190019070,2019-09-30,15:53:00,1,Collision with vehicle,1,Monday,121,RIGHT THROUGH,1,589756,T intersection,2,60,Local Road,DENMAN,MORELAND,-37.754417,144.9548,2019,9,September,15,Afternoon Peak,Weekday
T20190019061,2019-09-30,18:04:00,1,Collision with vehicle,1,Monday,113,RIGHT NEAR (INTERSECTIONS ONLY),2,35569,Cross intersection,2,60,Local Road,MCNICOL,YARRA RANGES,-37.912956,145.34406,2019,9,September,18,Afternoon Peak,Weekday
T20190019051,2019-09-30,13:10:00,1,Collision with vehicle,1,Monday,130,REAR END(VEHICLES IN SAME LANE),1,589494,Not at intersection,3,60,Arterial Other,CHURCHILL,MARIBYRNONG,-37.78214,144.86954,2019,9,September,13,Midday,Weekday
T20190019054,2019-09-30,13:20:00,1,Collision with vehicle,1,Monday,113,RIGHT NEAR (INTERSECTIONS ONLY),1,47156,T intersection,3,80,Arterial Other,DUNCANS,WYNDHAM,-37.92709,144.70406,2019,9,September,13,Midday,Weekday
T20200005228,2019-09-30,12:30:00,8,No collision and no object struck,1,Monday,174,OUT OF CONTROL ON CARRIAGEWAY (ON STRAIGHT),1,636162,Not at intersection,3,50,Local Road,CUMBERLAND,MARIBYRNONG,-37.786476,144.89914,2019,9,September,12,Midday,Weekday
T20190019073,2019-09-30,19:40:00,1,Collision with vehicle,1,Monday,110,CROSS TRAFFIC(INTERSECTIONS ONLY),3,38031,Cross intersection,3,50,Local Road,BELGROVE,DAREBIN,-37.74598,145.01884,2019,9,September,19,Night,Weekday
T20190019047,2019-09-30,14:16:00,6,Vehicle overturned (no collision),1,Monday,184,OUT OF CONTROL ON CARRIAGEWAY (ON BEND),1,608728,Not at intersection,2,80,Arterial Other,DUNNS CREEK,MORNINGTON PENINSULA,-38.3507,145.04912,2019,9,September,14,Midday,Weekday
T20190019042,2019-09-30,13:15:00,1,Collision with vehicle,1,Monday,130,REAR END(VEHICLES IN SAME LANE),1,661569,Not at intersection,2,80,Arterial Highway,NEPEAN,KINGSTON,-37.959106,145.05312,2019,9,September,13,Midday,Weekday
T20200018702,2019-09-30,12:00:00,1,Collision with vehicle,1,Monday,130,REAR END(VEHICLES IN SAME LANE),1,665211,Not at intersection,3,80,Arterial Other,CLYDE,CASEY,-38.06156,145.33812,2019,9,September,12,Midday,Weekday
T20190019046,2019-09-30,14:20:00,2,Struck Pedestrian,1,Monday,100,PED NEAR SIDE. PED HIT BY VEHICLE FROM THE RIGHT.,1,595585,Not at intersection,2,60,Local Road,COLCHESTER,MAROONDAH,-37.8291,145.30284,2019,9,September,14,Midday,Weekday
T20190019074,2019-09-30,16:44:00,1,Collision with vehicle,1,Monday,145,REVERSING IN STREAM OF TRAFFIC,1,642802,Not at intersection,3,50,Local Road,PALMERSTON,MARIBYRNONG,-37.796112,144.86772,2019,9,September,16,Afternoon Peak,Weekday
T20190019078,2019-09-30,19:15:00,1,Collision with vehicle,1,Monday,121,RIGHT THROUGH,2,41659,Cross intersection,3,60,Arterial Other,WAVERLEY,MONASH,-37.882515,145.109,2019,9,September,19,Night,Weekday
T20190019025,2019-09-30,12:15:00,1,Collision with vehicle,1,Monday,110,CROSS TRAFFIC(INTERSECTIONS ONLY),1,301064,Cross intersection,2,50,Local Road,SHEARWATER,CARDINIA,-38.06848,145.44562,2019,9,September,12,Midday,Weekday
T20190019053,2019-09-30,12:40:00,1,Collision with vehicle,1,Monday,121,RIGHT THROUGH,1,38885,Cross intersection,3,60,Arterial Other,DENMARK STREET -POWER,BOROONDARA,-37.81365,145.02788,2019,9,September,12,Midday,Weekday
T20190019279,2019-09-30,07:30:00,1,Collision with vehicle,1,Monday,147,VEHICLE STRIKES ANOTHER VEH WHILE EMERGING FROM DRIVEWAY,1,604490,Not at intersection,3,60,Arterial Highway,DOCKLANDS,MARIBYRNONG,-37.80852,144.90295,2019,9,September,7,Morning Peak,Weekday
T20190019044,2019-09-30,12:45:00,5,collision with some other object,1,Monday,179,OTHER ACCIDENTS-OFF STRAIGHT NOT INCLUDED IN DCAs 170-175,1,659585,Not at intersection,3,50,Local Road,COWPER,MARIBYRNONG,-37.807533,144.90155,2019,9,September,12,Midday,Weekday
T20190019039,2019-09-30,12:34:00,1,Collision with vehicle,1,Monday,130,REAR END(VEHICLES IN SAME LANE),1,618761,Not at intersection,2,80,Freeway,EASTLINK (RINGWOOD CONNECTION),MAROONDAH,-37.810307,145.22513,2019,9,September,12,Midday,Weekday
T20190019087,2019-09-30,13:53:00,1,Collision with vehicle,1,Monday,112,LEFT FAR (INTERSECTIONS ONLY),1,606176,T intersection,3,50,Local Road,RUBERY,LATROBE,-38.182716,146.24568,2019,9,September,13,Midday,Weekday
T20190023238,2019-09-30,14:30:00,1,Collision with vehicle,1,Monday,130,REAR END(VEHICLES IN SAME LANE),1,45163,T intersection,3,90,Arterial Highway,WARBURTON,YARRA RANGES,-37.775787,145.48825,2019,9,September,14,Midday,Weekday
T20190019551,2019-09-30,21:36:00,1,Collision with vehicle,1,Monday,110,CROSS TRAFFIC(INTERSECTIONS ONLY),3,44216,Cross intersection,3,80,Arterial Other,COOPER,HUME,-37.6453,144.96283,2019,9,September,21,Night,Weekday
T20190019065,2019-09-30,16:35:00,1,Collision with vehicle,1,Monday,121,RIGHT THROUGH,1,237719,T intersection,2,60,Arterial Other,BACCHUS MARSH,GEELONG,-38.07615,144.35854,2019,9,September,16,Afternoon Peak,Weekday
T20190019007,2019-09-30,05:06:00,1,Collision with vehicle,1,Monday,120,HEAD ON (NOT OVERTAKING),5,624358,Not at intersection,2,60,Local Road,PROSPERITY,WYNDHAM,-37.838802,144.73994,2019,9,September,5,Morning Peak,Weekday