ACCIDENT_NO,ACCIDENT_DATE,ACCIDENT_TIME,ACCIDENT_TYPE,ACCIDENT_TYPE_DESC,DAY_OF_WEEK,DAY_WEEK_DESC,DCA_CODE,DCA_DESC,LIGHT_CONDITION,NODE_ID,ROAD_GEOMETRY_DESC,SEVERITY,SPEED_ZONE,RMA,ROAD_NAME,LGA_NAME,LATITUDE,LONGITUDE,YEAR,MONTH,MONTH_NAME,HOUR,TIME_PERIOD,DAY_TYPE
T20190020346,2019-09-30,17:15:00,4,Collision with a fixed object,1,Monday,171,LEFT OFF CARRIAGEWAY INTO OBJECT/PARKED VEHICLE,2,595304,Not at intersection,3,50,Local Road,BEENAK,YARRA RANGES,-37.897022,145.57523,2019,9,September,17,Afternoon Peak,Weekday
T20190019010,2019-09-30,07:39:00,1,Collision with vehicle,1,Monday,130,REAR END(VEHICLES IN SAME LANE),1,661567,Not at intersection,3,80,Freeway,WEST GATE IN-MONTAGUE,MELBOURNE,-37.825687,144.94432,2019,9,September,7,Morning Peak,Weekday
T20190019254,2019-09-30,21:15:00,1,Collision with vehicle,1,Monday,121,RIGHT THROUGH,3,309218,Multiple intersection,2,60,Arterial Highway,PRINCES,DANDENONG,-37.93314,145.15654,2019,9,September,21,Night,Weekday
T20190020760,2019-09-30,13:00:00,8,No collision and no object struck,1,Monday,179,OTHER ACCIDENTS-OFF STRAIGHT NOT INCLUDED IN DCAs 170-175,1,52831,Cross intersection,2,50,Arterial Other,DRUMMOND,BALLARAT,-37.556488,143.84824,2019,9,September,13,Midday,Weekday
T20190019016,2019-09-30,07:43:00,1,Collision with vehicle,1,Monday,113,RIGHT NEAR (INTERSECTIONS ONLY),1,43950,Cross intersection,2,80,Arterial Other,BAXTER-TOORADIN,CASEY,-38.20252,145.2813,2019,9,September,7,Morning Peak,Weekday
T20190019069,2019-09-30,17:10:00,1,Collision with vehicle,1,Monday,133,LANE SIDE SWIPE (VEHICLES IN PARALLEL LANES),1,594826,Not at intersection,2,100,Local Road,COBB AND CO,MACEDON RANGES,-37.279186,144.48982,2019,9,September,17,Afternoon Peak,Weekday
T20190019032,2019-09-30,10:20:00,4,Collision with a fixed object,1,Monday,146,REVERSING INTO FIXED OBJECT/PARKED VEHICLE,1,589491,Not at intersection,3,50,Local Road,JASPER,FRANKSTON,-38.1568,145.121,2019,9,September,10,Midday,Weekday
T20190019045,2019-09-30,15:00:00,1,Collision with vehicle,1,Monday,110,CROSS TRAFFIC(INTERSECTIONS ONLY),1,51399,Cross intersection,3,50,Local Road,DARLING,CAMPASPE,-36.129658,144.75693,2019,9,September,15,Afternoon Peak,Weekday
T20190019143,2019-10-01,16:40:00,1,Collision with vehicle,2,Tuesday,162,ACCIDENT OR BROKEN DOWN,1,590744,Not at intersection,3,80,Arterial Highway,GREAT OCEAN,SURF COAST,-38.469612,144.05971,2019,10,October,16,Afternoon Peak,Weekday
T20190019137,2019-10-01,17:45:00,1,Collision with vehicle,2,Tuesday,130,REAR END(VEHICLES IN SAME LANE),2,589760,Not at intersection,2,60,Local Road,MAIN,BRIMBANK,-37.741665,144.77682,2019,10,October,17,Afternoon Peak,Weekday
T20190019135,2019-10-01,15:57:00,1,Collision with vehicle,2,Tuesday,120,HEAD ON (NOT OVERTAKING),1,596588,Not at intersection,2,70,Arterial Other,DIAMOND CREEK,NILLUMBIK,-37.67476,145.13641,2019,10,October,15,Afternoon Peak,Weekday
T20190019133,2019-10-01,16:00:00,2,Struck Pedestrian,2,Tuesday,102,FAR SIDE. PED HIT BY VEHICLE FROM THE LEFT,1,37177,Cross intersection,2,80,Arterial Highway,STUD,KNOX,-37.902264,145.23509,2019,10,October,16,Afternoon Peak,Weekday
T20190019132,2019-10-01,15:00:00,4,Collision with a fixed object,2,Tuesday,171,LEFT OFF CARRIAGEWAY INTO OBJECT/PARKED VEHICLE,1,589501,Not at intersection,3,60,Local Road,SWAN,WYNDHAM,-37.883755,144.6612,2019,10,October,15,Afternoon Peak,Weekday
T20190019125,2019-10-01,15:55:00,1,Collision with vehicle,2,Tuesday,130,REAR END(VEHICLES IN SAME LANE),1,590009,Not at intersection,2,60,Arterial Highway,SOUTH GIPPSLAND,CASEY,-38.10014,145.28276,2019,10,October,15,Afternoon Peak,Weekday
T20190019120,2019-10-01,11:22:00,2,Struck Pedestrian,2,Tuesday,103,PED PLAYING/LYING/WORKING/STANDING ON CARRIAGEWAY.,1,606507,Not at intersection,2,40,Arterial Other,WILLIAMSONS,MANNINGHAM,-37.760403,145.13385,2019,10,October,11,Midday,Weekday
T20190019118,2019-10-01,14:00:00,1,Collision with vehicle,2,Tuesday,121,RIGHT THROUGH,1,52350,T intersection,3,100,Arterial Highway,SOUTH GIPPSLAND,SOUTH GIPPSLAND,-38.64888,146.20743,2019,10,October,14,Midday,Weekday
T20190019116,2019-10-01,15:45:00,4,Collision with a fixed object,2,Tuesday,171,LEFT OFF CARRIAGEWAY INTO OBJECT/PARKED VEHICLE,1,591008,Not at intersection,3,100,Arterial Other,MAFFRA-ROSEDALE,WELLINGTON,-37.992783,146.88588,2019,10,October,15,Afternoon Peak,Weekday
T20190019114,2019-10-01,12:10:00,1,Collision with vehicle,2,Tuesday,121,RIGHT THROUGH,1,643130,Not at intersection,3,100,Arterial Other,WESTERNPORT,BAW BAW,-38.181854,145.78268,2019,10,October,12,Midday,Weekday
T20190019106,2019-10-01,11:17:00,1,Collision with vehicle,2,Tuesday,131,LEFT REAR,1,643129,Not at intersection,2,70,Arterial Other,CHILDS,WHITTLESEA,-37.66223,145.05261,2019,10,October,11,Midday,Weekday
T20190019104,2019-10-01,10:45:00,2,Struck Pedestrian,2,Tuesday,103,PED PLAYING/LYING/WORKING/STANDING ON CARRIAGEWAY.,1,589499,Not at intersection,3,60,Local Road,TURNER,MOORABOOL,-37.677288,144.43306,2019,10,October,10,Midday,Weekday
T20190019089,2019-10-01,07:01:00,1,Collision with vehicle,2,Tuesday,136,RIGHT TURN SIDESWIPE,1,65743,Cross intersection,3,40,Local Road,ELIZABETH,MELBOURNE,-37.810318,144.96136,2019,10,October,7,Morning Peak,Weekday
T20190019088,2019-10-01,06:23:00,1,Collision with vehicle,2,Tuesday,135,LANE CHANGE LEFT (NOT OVERTAKING),1,34981,Y intersection,2,100,Freeway,PRINCES,HOBSONS BAY,-37.867622,144.77162,2019,10,October,6,Morning Peak,Weekday
T20190019085,2019-10-01,00:54:00,2,Struck Pedestrian,2,Tuesday,104,PED WALKING WITH TRAFFIC,5,589757,Not at intersection,3,80,Arterial Other,FRANKSTON-FLINDERS,MORNINGTON PENINSULA,-38.290882,145.1836,2019,10,October,0,Late Night,Weekday
T20190019784,2019-10-01,12:56:00,1,Collision with vehicle,2,Tuesday,130,REAR END(VEHICLES IN SAME LANE),1,84,Cross intersection,3,80,Arterial Highway,RINGWOOD,MAROONDAH,-37.811005,145.23737,2019,10,October,12,Midday,Weekday
T20190025683,2019-10-01,17:00:00,1,Collision with vehicle,2,Tuesday,130,REAR END(VEHICLES IN SAME LANE),1,45080,T intersection,3,70,Arterial Other,BALLARAT,BRIMBANK,-37.777924,144.83571,2019,10,October,17,Afternoon Peak,Weekday
T20200000894,2019-10-01,08:15:00,1,Collision with vehicle,2,Tuesday,114,TWO RIGHT TURNING (INTERSECTIONS ONLY),1,41659,Cross intersection,3,60,Arterial Other,WAVERLEY,MONASH,-37.882515,145.109,2019,10,October,8,Morning Peak,Weekday
T20190019579,2019-10-01,17:45:00,1,Collision with vehicle,2,Tuesday,130,REAR END(VEHICLES IN SAME LANE),2,231516,T intersection,3,80,Arterial Highway,LOWER DANDENONG,KINGSTON,-37.982594,145.07411,2019,10,October,17,Afternoon Peak,Weekday
T20190019554,2019-10-01,02:46:00,4,Collision with a fixed object,2,Tuesday,173,RIGHT OFF CARRIAGEWAY INTO OBJECT/PARKED VEHICLE,3,656379,Not at intersection,2,60,Arterial Other,BAY,BAYSIDE,-37.954323,145.02527,2019,10,October,2,Late Night,Weekday
T20190019283,2019-10-01,18:30:00,2,Struck Pedestrian,2,Tuesday,108,PED STRUCK WALKING TO/FROM OR BOARDING/ALIGHTING VEHICLE.,2,596856,Not at intersection,3,60,Arterial Other,CAMP,HUME,-37.685394,144.92082,2019,10,October,18,Afternoon Peak,Weekday
T20190019207,2019-10-01,06:00:00,1,Collision with vehicle,2,Tuesday,110,CROSS TRAFFIC(INTERSECTIONS ONLY),2,50809,Cross intersection,3,80,Arterial Highway,MURRAY VALLEY,MOIRA,-35.925323,145.63191,2019,10,October,6,Morning Peak,Weekday
T20190019182,2019-10-01,16:30:00,5,collision with some other object,2,Tuesday,166,STRUCK OBJECT ON CARRIAGEWAY,1,593558,Not at intersection,3,50,Local Road,MIDDLE,CAMPASPE,-36.125523,144.76149,2019,10,October,16,Afternoon Peak,Weekday
T20190019168,2019-10-01,13:10:00,1,Collision with vehicle,2,Tuesday,110,CROSS TRAFFIC(INTERSECTIONS ONLY),1,50632,Cross intersection,3,60,Local Road,AIREYS,COLAC OTWAY,-38.358425,143.58946,2019,10,October,13,Midday,Weekday
T20190019163,2019-10-01,23:15:00,1,Collision with vehicle,2,Tuesday,160,VEHICLE COLLIDES WITH VEHICLE PARKED ON LEFT OF ROAD,3,643132,Not at intersection,2,50,Local Road,CROOKSTON,DAREBIN,-37.710453,145.02242,2019,10,October,23,Night,Weekday
T20190019157,2019-10-01,19:10:00,4,Collision with a fixed object,2,Tuesday,181,OFF RIGHT BEND INTO OBJECT/PARKED VEHICLE,5,621332,Not at intersection,1,100,Arterial Highway,MURRAY VALLEY,MOIRA,-35.959324,145.69308,2019,10,October,19,Night,Weekday
T20190019153,2019-10-01,21:00:00,1,Collision with vehicle,2,Tuesday,113,RIGHT NEAR (INTERSECTIONS ONLY),3,79630,Cross intersection,2,70,Arterial Other,ANDERSON,BRIMBANK,-37.77719,144.8287,2019,10,October,21,Night,Weekday
T20190019150,2019-10-01,19:23:00,1,Collision with vehicle,2,Tuesday,148,VEHICLE OFF FOOTPATH STRIKES VEH ON CARRIAGEWAY,3,594558,Not at intersection,3,60,Arterial Other,QUEEN,HOBSONS BAY,-37.873577,144.7866,2019,10,October,19,Night,Weekday
T20190019149,2019-10-01,18:36:00,4,Collision with a fixed object,2,Tuesday,173,RIGHT OFF CARRIAGEWAY INTO OBJECT/PARKED VEHICLE,2,598076,Not at intersection,2,80,Local Road,GOSFIELD,NILLUMBIK,-37.632435,145.2144,2019,10,October,18,Afternoon Peak,Weekday
T20190019148,2019-10-01,15:32:00,1,Collision with vehicle,2,Tuesday,134,LANE CHANGE RIGHT (NOT OVERTAKING),1,656378,Not at intersection,3,80,Freeway,CITYLINK,MOONEE VALLEY,-37.733486,144.92368,2019,10,October,15,Afternoon Peak,Weekday
T20190019247,2019-10-01,21:40:00,1,Collision with vehicle,2,Tuesday,130,REAR END(VEHICLES IN SAME LANE),3,590265,Not at intersection,2,60,Freeway,WESTERN RING IN-PRINCES OUT,HOBSONS BAY,-37.831245,144.81366,2019,10,October,21,Night,Weekday
T20190019146,2019-10-01,14:45:00,1,Collision with vehicle,2,Tuesday,140,U TURN,1,624359,Not at intersection,2,100,Arterial Other,MARYBOROUGH-DUNOLLY,CENTRAL GOLDFIELDS,-36.89775,143.74855,2019,10,October,14,Midday,Weekday
T20190019145,2019-10-01,17:00:00,1,Collision with vehicle,2,Tuesday,110,CROSS TRAFFIC(INTERSECTIONS ONLY),2,52844,Cross intersection,2,100,Arterial Other,MORTLAKE-ARARAT,ARARAT,-37.54396,142.83664,2019,10,October,17,Afternoon Peak,Weekday
T20190019144,2019-10-01,19:55:00,1,Collision with vehicle,2,Tuesday,160,VEHICLE COLLIDES WITH VEHICLE PARKED ON LEFT OF ROAD,3,608110,Not at intersection,3,60,Local Road,MONASH,LATROBE,-38.182865,146.29526,2019,10,October,19,Night,Weekday
T20190019228,2019-10-02,18:50:00,1,Collision with vehicle,3,Wednesday,130,REAR END(VEHICLES IN SAME LANE),3,50992,Cross intersection,2,60,Arterial Highway,NUMURKAH ROAD -WYNDHAM,SHEPPARTON,-36.366673,145.40224,2019,10,October,18,Afternoon Peak,Weekday
T20190019370,2019-10-02,08:10:00,8,No collision and no object struck,3,Wednesday,179,OTHER ACCIDENTS-OFF STRAIGHT NOT INCLUDED IN DCAs 170-175,1,591780,Not at intersection,3,60,Arterial Other,HIGH,BOROONDARA,-37.812874,145.02376,2019,10,October,8,Morning Peak,Weekday
T20190019227,2019-10-02,15:00:00,4,Collision with a fixed object,3,Wednesday,173,RIGHT OFF CARRIAGEWAY INTO OBJECT/PARKED VEHICLE,1,656367,Not at intersection,3,100,Arterial Other,BALLARTO,CASEY,-38.141685,145.38936,2019,10,October,15,Afternoon Peak,Weekday
T20190019199,2019-10-02,12:25:00,8,No collision and no object struck,3,Wednesday,180,OFF CARRIAGEWAY ON RIGHT BEND,1,305924,T intersection,2,60,Local Road,WHARF,MELBOURNE,-37.826843,144.9114,2019,10,October,12,Midday,Weekday
T20190019178,2019-10-02,07:55:00,1,Collision with vehicle,3,Wednesday,136,RIGHT TURN SIDESWIPE,1,109210,T intersection,2,100,Freeway,PRINCES,CARDINIA,-38.075962,145.67513,2019,10,October,7,Morning Peak,Weekday
T20190019236,2019-10-02,17:30:00,1,Collision with vehicle,3,Wednesday,132,RIGHT REAR.,1,65261,T intersection,3,60,Arterial Other,BELMORE,WHITEHORSE,-37.80025,145.11584,2019,10,October,17,Afternoon Peak,Weekday
T20190019174,2019-10-02,09:15:00,1,Collision with vehicle,3,Wednesday,121,RIGHT THROUGH,1,36043,Cross intersection,3,40,Local Road,PIGDON,YARRA,-37.782143,144.9731,2019,10,October,9,Morning Peak,Weekday
T20190019198,2019-10-02,07:59:00,6,Vehicle overturned (no collision),3,Wednesday,180,OFF CARRIAGEWAY ON RIGHT BEND,1,656371,Not at intersection,3,100,Local Road,GRUYERE,YARRA RANGES,-37.751915,145.4408,2019,10,October,7,Morning Peak,Weekday
T20190019212,2019-10-02,12:53:00,2,Struck Pedestrian,3,Wednesday,100,PED NEAR SIDE. PED HIT BY VEHICLE FROM THE RIGHT.,1,650993,Cross intersection,3,40,Local Road,RUSSELL,MELBOURNE,-37.816654,144.96986,2019,10,October,12,Midday,Weekday
T20190019196,2019-10-02,12:07:00,1,Collision with vehicle,3,Wednesday,173,RIGHT OFF CARRIAGEWAY INTO OBJECT/PARKED VEHICLE,1,589765,Not at intersection,3,100,Freeway,WESTERN RING,BRIMBANK,-37.728622,144.85841,2019,10,October,12,Midday,Weekday
T20190019352,2019-10-02,16:30:00,1,Collision with vehicle,3,Wednesday,130,REAR END(VEHICLES IN SAME LANE),1,332886,Not at intersection,3,100,Freeway,PENINSULA LINK,MORNINGTON PENINSULA,-38.36914,144.90906,2019,10,October,16,Afternoon Peak,Weekday
T20190019217,2019-10-02,17:00:00,1,Collision with vehicle,3,Wednesday,130,REAR END(VEHICLES IN SAME LANE),1,591777,Not at intersection,3,70,Arterial Highway,HIGH,CAMPASPE,-36.13906,144.75082,2019,10,October,17,Afternoon Peak,Weekday
T20190019202,2019-10-02,12:20:00,1,Collision with vehicle,3,Wednesday,160,VEHICLE COLLIDES WITH VEHICLE PARKED ON LEFT OF ROAD,1,594879,Not at intersection,2,60,Arterial Other,BEACH,BAYSIDE,-37.93302,144.99413,2019,10,October,12,Midday,Weekday
T20190019176,2019-10-02,09:00:00,1,Collision with vehicle,3,Wednesday,121,RIGHT THROUGH,1,589763,Cross intersection,3,40,Arterial Other,SPENCER,MELBOURNE,-37.82116,144.95511,2019,10,October,9,Morning Peak,Weekday
T20190019177,2019-10-02,08:21:00,2,Struck Pedestrian,3,Wednesday,100,PED NEAR SIDE. PED HIT BY VEHICLE FROM THE RIGHT.,1,589764,Cross intersection,2,40,Local Road,ELIZABETH,MELBOURNE,-37.809296,144.96089,2019,10,October,8,Morning Peak,Weekday
T20190019183,2019-10-02,09:00:00,2,Struck Pedestrian,3,Wednesday,102,FAR SIDE. PED HIT BY VEHICLE FROM THE LEFT,1,590497,Not at intersection,2,60,Arterial Highway,CHURCH,GEELONG,-38.131462,144.34529,2019,10,October,9,Morning Peak,Weekday
T20190019166,2019-10-02,06:15:00,1,Collision with vehicle,3,Wednesday,137,LEFT TURN SIDESWIPE,1,599863,Cross intersection,2,80,Arterial Highway,FRANKSTON-DANDENONG ROAD -THOMPSON,DANDENONG,-38.071606,145.19475,2019,10,October,6,Morning Peak,Weekday
T20190019761,2019-10-02,21:20:00,1,Collision with vehicle,3,Wednesday,135,LANE CHANGE LEFT (NOT OVERTAKING),3,656380,Cross intersection,3,60,Arterial Highway,ALBERT,BALLARAT,-37.585213,143.84087,2019,10,October,21,Night,Weekday
T20190021862,2019-10-02,12:30:00,1,Collision with vehicle,3,Wednesday,130,REAR END(VEHICLES IN SAME LANE),1,598504,Not at intersection,3,80,Arterial Highway,NEPEAN,MORNINGTON PENINSULA,-38.220543,145.05663,2019,10,October,12,Midday,Weekday
T20190019195,2019-10-02,11:10:00,4,Collision with a fixed object,3,Wednesday,171,LEFT OFF CARRIAGEWAY INTO OBJECT/PARKED VEHICLE,1,656366,Not at intersection,3,70,Arterial Other,HOWITT,BAW BAW,-38.166588,145.93246,2019,10,October,11,Midday,Weekday
T20190019208,2019-10-02,11:13:00,1,Collision with vehicle,3,Wednesday,116,LEFT NEAR (INTERSECTIONS ONLY),1,35622,Cross intersection,3,60,Arterial Highway,STUD,DANDENONG,-37.97103,145.22339,2019,10,October,11,Midday,Weekday
T20190019205,2019-10-02,08:10:00,1,Collision with vehicle,3,Wednesday,110,CROSS TRAFFIC(INTERSECTIONS ONLY),1,40062,Cross intersection,3,50,Local Road,MARY,PORT PHILLIP,-37.85963,144.97311,2019,10,October,8,Morning Peak,Weekday
T20190019231,2019-10-02,17:35:00,1,Collision with vehicle,3,Wednesday,110,CROSS TRAFFIC(INTERSECTIONS ONLY),1,38039,Cross intersection,3,60,Arterial Other,DAREBIN,DAREBIN,-37.765366,145.01926,2019,10,October,17,Afternoon Peak,Weekday
T20190019230,2019-10-02,15:22:00,1,Collision with vehicle,3,Wednesday,140,U TURN,1,590012,Not at intersection,2,40,Arterial Other,STATION,DAREBIN,-37.776543,145.01854,2019,10,October,15,Afternoon Peak,Weekday
T20190019241,2019-10-02,19:00:00,4,Collision with a fixed object,3,Wednesday,171,LEFT OFF CARRIAGEWAY INTO OBJECT/PARKED VEHICLE,5,610013,Not at intersection,2,50,Local Road,HENLEY,SOUTH GIPPSLAND,-38.339317,145.66841,2019,10,October,19,Night,Weekday
T20190019200,2019-10-02,13:20:00,2,Struck Pedestrian,3,Wednesday,102,FAR SIDE. PED HIT BY VEHICLE FROM THE LEFT,1,590010,Not at intersection,3,60,Arterial Other,KEILOR,MOONEE VALLEY,-37.738464,144.8953,2019,10,October,13,Midday,Weekday
T20190019218,2019-10-02,16:00:00,1,Collision with vehicle,3,Wednesday,130,REAR END(VEHICLES IN SAME LANE),1,590011,Not at intersection,3,100,Freeway,MONASH,MONASH,-37.88546,145.10143,2019,10,October,16,Afternoon Peak,Weekday
T20190019221,2019-10-02,17:30:00,1,Collision with vehicle,3,Wednesday,135,LANE CHANGE LEFT (NOT OVERTAKING),2,656368,Multiple intersection,2,50,Local Road,PARK,MELBOURNE,-37.778034,144.96016,2019,10,October,17,Afternoon Peak,Weekday
T20190019225,2019-10-02,14:00:00,1,Collision with vehicle,3,Wednesday,130,REAR END(VEHICLES IN SAME LANE),1,643456,Not at intersection,3,60,Arterial Other,STATION,WHITEHORSE,-37.823055,145.12288,2019,10,October,14,Midday,Weekday
T20190019263,2019-10-02,15:15:00,1,Collision with vehicle,3,Wednesday,121,RIGHT THROUGH,1,610437,Not at intersection,2,60,Arterial Other,BURKE,STONNINGTON,-37.856068,145.05196,2019,10,October,15,Afternoon Peak,Weekday
T20190019250,2019-10-02,22:46:00,1,Collision with vehicle,3,Wednesday,130,REAR END(VEHICLES IN SAME LANE),3,36737,T intersection,2,80,Arterial Highway,PRINCES,DANDENONG,-37.941467,145.16606,2019,10,October,22,Night,Weekday
T20190019249,2019-10-02,20:40:00,4,Collision with a fixed object,3,Wednesday,173,RIGHT OFF CARRIAGEWAY INTO OBJECT/PARKED VEHICLE,3,611019,Not at intersection,2,80,Arterial Highway,MAROONDAH,MAROONDAH,-37.804253,145.24568,2019,10,October,20,Night,Weekday
T20190019248,2019-10-02,21:20:00,1,Collision with vehicle,3,Wednesday,113,RIGHT NEAR (INTERSECTIONS ONLY),3,590746,T intersection,3,80,Arterial Highway,SOUTH GIPPSLAND,CASEY,-38.046204,145.25452,2019,10,October,21,Night,Weekday
T20190019309,2019-10-03,18:52:00,4,Collision with a fixed object,4,Thursday,181,OFF RIGHT BEND INTO OBJECT/PARKED VEHICLE,5,608294,Not at intersection,2,80,Freeway,FERNTREE GULLY-MONASH IN,MONASH,-37.904972,145.1551,2019,10,October,18,Afternoon Peak,Weekday
T20190022373,2019-10-03,15:05:00,1,Collision with vehicle,4,Thursday,130,REAR END(VEHICLES IN SAME LANE),1,290543,Cross intersection,3,40,Arterial Other,ST KILDA,PORT PHILLIP,-37.83281,144.97224,2019,10,October,15,Afternoon Peak,Weekday
T20190019425,2019-10-03,19:50:00,4,Collision with a fixed object,4,Thursday,181,OFF RIGHT BEND INTO OBJECT/PARKED VEHICLE,3,660596,Not at intersection,3,50,Local Road,NICHOLSON,HUME,-37.647,144.91946,2019,10,October,19,Night,Weekday
T20190019304,2019-10-03,15:00:00,1,Collision with vehicle,4,Thursday,183,OFF LEFT BEND INTO OBJECT/PARKED VEHICLE,1,614699,T intersection,3,50,Local Road,RYELANDS,CASEY,-38.01798,145.31477,2019,10,October,15,Afternoon Peak,Weekday
T20190019273,2019-10-03,07:52:00,1,Collision with vehicle,4,Thursday,121,RIGHT THROUGH,1,656382,Not at intersection,3,70,Arterial Other,BALLARAT,BRIMBANK,-37.77086,144.7802,2019,10,October,7,Morning Peak,Weekday
T20190019302,2019-10-03,15:34:00,1,Collision with vehicle,4,Thursday,130,REAR END(VEHICLES IN SAME LANE),1,656365,Not at intersection,3,100,Freeway,PRINCES,WYNDHAM,-37.83601,144.80307,2019,10,October,15,Afternoon Peak,Weekday
T20190019271,2019-10-03,10:12:00,6,Vehicle overturned (no collision),4,Thursday,172,OFF CARRIAGEWAY TO RIGHT,1,590266,Not at intersection,2,80,Local Road,MUSK CREEK,MORNINGTON PENINSULA,-38.43729,144.99783,2019,10,October,10,Midday,Weekday
T20190019380,2019-10-03,17:10:00,1,Collision with vehicle,4,Thursday,132,RIGHT REAR.,1,67771,T intersection,2,60,Arterial Other,CIVIC,HOBSONS BAY,-37.86433,144.82957,2019,10,October,17,Afternoon Peak,Weekday
T20190019287,2019-10-03,13:53:00,1,Collision with vehicle,4,Thursday,140,U TURN,1,590268,Not at intersection,3,80,Local Road,GHAZEEPORE,GEELONG,-38.21978,144.30028,2019,10,October,13,Midday,Weekday
T20190019289,2019-10-03,12:10:00,1,Collision with vehicle,4,Thursday,134,LANE CHANGE RIGHT (NOT OVERTAKING),1,656361,Not at intersection,3,100,Freeway,MONASH,MONASH,-37.89331,145.1338,2019,10,October,12,Midday,Weekday
T20200002890,2019-10-03,18:20:00,1,Collision with vehicle,4,Thursday,133,LANE SIDE SWIPE (VEHICLES IN PARALLEL LANES),1,625812,Not at intersection,3,100,Freeway,PRINCES,WYNDHAM,-37.932423,144.62323,2019,10,October,18,Afternoon Peak,Weekday
T20190019721,2019-10-03,15:49:00,1,Collision with vehicle,4,Thursday,110,CROSS TRAFFIC(INTERSECTIONS ONLY),1,49050,Cross intersection,3,50,Local Road,ATHELSTANE,BANYULE,-37.762676,145.04118,2019,10,October,15,Afternoon Peak,Weekday
T20190019316,2019-10-03,18:30:00,1,Collision with vehicle,4,Thursday,130,REAR END(VEHICLES IN SAME LANE),3,590269,Cross intersection,3,60,Arterial Other,MCDONALDS,WHITTLESEA,-37.651215,145.08795,2019,10,October,18,Afternoon Peak,Weekday
T20190024799,2019-10-03,08:00:00,7,Fall from or in moving vehicle,4,Thursday,190,FELL IN/FROM VEHICLE,1,608156,Not at intersection,3,40,Local Road,CHAPEL,STONNINGTON,-37.844307,144.99464,2019,10,October,8,Morning Peak,Weekday
T20190019315,2019-10-03,19:45:00,1,Collision with vehicle,4,Thursday,121,RIGHT THROUGH,3,40472,Cross intersection,3,50,Arterial Highway,TOORAK,BOROONDARA,-37.847336,145.06854,2019,10,October,19,Night,Weekday
T20190019292,2019-10-03,13:50:00,1,Collision with vehicle,4,Thursday,147,VEHICLE STRIKES ANOTHER VEH WHILE EMERGING FROM DRIVEWAY,1,593559,Not at intersection,3,50,Arterial Other,SYNNOT,WYNDHAM,-37.90359,144.65985,2019,10,October,13,Midday,Weekday
T20190019297,2019-10-03,15:00:00,1,Collision with vehicle,4,Thursday,120,HEAD ON (NOT OVERTAKING),1,656357,Not at intersection,3,40,Local Road,DENSHAM,HUME,-37.58486,144.90971,2019,10,October,15,Afternoon Peak,Weekday
T20190019298,2019-10-03,17:59:00,1,Collision with vehicle,4,Thursday,130,REAR END(VEHICLES IN SAME LANE),1,294794,Not at intersection,3,50,Arterial Highway,KINGS,MELBOURNE,-37.8305,144.96509,2019,10,October,17,Afternoon Peak,Weekday
T20190019300,2019-10-03,17:54:00,1,Collision with vehicle,4,Thursday,116,LEFT NEAR (INTERSECTIONS ONLY),3,45523,Cross intersection,2,80,Local Road,BOUNDARY,WYNDHAM,-37.800945,144.65945,2019,10,October,17,Afternoon Peak,Weekday
T20190019301,2019-10-03,17:14:00,1,Collision with vehicle,4,Thursday,130,REAR END(VEHICLES IN SAME LANE),1,643729,Not at intersection,3,40,Arterial Other,GLEN EIRA,PORT PHILLIP,-37.876663,144.99594,2019,10,October,17,Afternoon Peak,Weekday
T20190019320,2019-10-03,20:50:00,1,Collision with vehicle,4,Thursday,160,VEHICLE COLLIDES WITH VEHICLE PARKED ON LEFT OF ROAD,3,624677,Not at intersection,2,60,Local Road,STURT,CAMPASPE,-36.129562,144.754,2019,10,October,20,Night,Weekday
T20190019312,2019-10-03,15:20:00,1,Collision with vehicle,4,Thursday,130,REAR END(VEHICLES IN SAME LANE),1,598477,Not at intersection,3,60,Arterial Highway,ST KILDA,PORT PHILLIP,-37.865456,144.98613,2019,10,October,15,Afternoon Peak,Weekday
T20190019311,2019-10-03,17:22:00,1,Collision with vehicle,4,Thursday,163,VEHICLE STRIKES DOOR OF PARKED/STATIONARY VEHICLE,2,599865,Not at intersection,2,70,Arterial Other,GREENS,DANDENONG,-38.01646,145.23122,2019,10,October,17,Afternoon Peak,Weekday
T20190019280,2019-10-03,08:33:00,1,Collision with vehicle,4,Thursday,113,RIGHT NEAR (INTERSECTIONS ONLY),1,596855,T intersection,2,70,Arterial Highway,POINT NEPEAN,MORNINGTON PENINSULA,-38.36562,144.80017,2019,10,October,8,Morning Peak,Weekday
T20190019310,2019-10-03,19:51:00,1,Collision with vehicle,4,Thursday,133,LANE SIDE SWIPE (VEHICLES IN PARALLEL LANES),3,616140,Not at intersection,2,60,Arterial Other,MALVERN,STONNINGTON,-37.852337,145.03532,2019,10,October,19,Night,Weekday
T20190019364,2019-10-03,15:57:00,1,Collision with vehicle,4,Thursday,120,HEAD ON (NOT OVERTAKING),1,659903,Not at intersection,2,40,Arterial Other,HOPKINS,MELTON,-37.759644,144.70265,2019,10,October,15,Afternoon Peak,Weekday
T20190019286,2019-10-03,07:35:00,1,Collision with vehicle,4,Thursday,130,REAR END(VEHICLES IN SAME LANE),1,593298,Not at intersection,2,100,Local Road,KILFEERA,BENALLA,-36.565987,146.02255,2019,10,October,7,Morning Peak,Weekday