ACCIDENT_NO,ACCIDENT_DATE,ACCIDENT_TIME,ACCIDENT_TYPE,ACCIDENT_TYPE_DESC,DAY_OF_WEEK,DAY_WEEK_DESC,DCA_CODE,DCA_DESC,LIGHT_CONDITION,NODE_ID,ROAD_GEOMETRY_DESC,SEVERITY,SPEED_ZONE,RMA,ROAD_NAME,LGA_NAME,LATITUDE,LONGITUDE,YEAR,MONTH,MONTH_NAME,HOUR,TIME_PERIOD,DAY_TYPE
T20190021601,2019-10-03,17:45:00,1,Collision with vehicle,4,Thursday,116,LEFT NEAR (INTERSECTIONS ONLY),1,29679,T intersection,3,60,Arterial Other,BAY,BAYSIDE,-37.9558,145.03827,2019,10,October,17,Afternoon Peak,Weekday
T20190019701,2019-10-03,14:00:00,1,Collision with vehicle,4,Thursday,130,REAR END(VEHICLES IN SAME LANE),1,607516,Not at intersection,3,70,Arterial Highway,SETTLEMENT,GEELONG,-38.17822,144.35158,2019,10,October,14,Midday,Weekday
T20190019306,2019-10-03,18:46:00,1,Collision with vehicle,4,Thursday,116,LEFT NEAR (INTERSECTIONS ONLY),3,592025,T intersection,2,60,Arterial Other,HIGH STREET,MONASH,-37.867558,145.10886,2019,10,October,18,Afternoon Peak,Weekday
T20190019728,2019-10-03,15:14:00,1,Collision with vehicle,4,Thursday,130,REAR END(VEHICLES IN SAME LANE),1,643731,Not at intersection,3,70,Arterial Other,WILLIAMSONS,MANNINGHAM,-37.78334,145.12404,2019,10,October,15,Afternoon Peak,Weekday
T20200001060,2019-10-03,19:30:00,3,Struck animal,4,Thursday,167,STRUCK ANIMAL,2,623278,Not at intersection,3,100,Arterial Highway,PRINCES,GLENELG,-37.940495,141.30952,2019,10,October,19,Night,Weekday
T20190019272,2019-10-03,10:43:00,4,Collision with a fixed object,4,Thursday,173,RIGHT OFF CARRIAGEWAY INTO OBJECT/PARKED VEHICLE,1,594301,Not at intersection,2,50,Local Road,SHEFFIELD,YARRA RANGES,-37.81606,145.35,2019,10,October,10,Midday,Weekday
T20190019268,2019-10-03,10:39:00,1,Collision with vehicle,4,Thursday,130,REAR END(VEHICLES IN SAME LANE),1,595842,Not at intersection,2,80,Arterial Other,BONEGILLA,WODONGA,-36.138687,147.00755,2019,10,October,10,Midday,Weekday
T20190019267,2019-10-03,10:40:00,2,Struck Pedestrian,4,Thursday,100,PED NEAR SIDE. PED HIT BY VEHICLE FROM THE RIGHT.,1,68213,Y intersection,2,60,Arterial Other,BURKE,STONNINGTON,-37.878075,145.04778,2019,10,October,10,Midday,Weekday
T20190019266,2019-10-03,11:10:00,1,Collision with vehicle,4,Thursday,140,U TURN,1,590498,Not at intersection,3,60,Local Road,ARDEN,MELBOURNE,-37.799923,144.94041,2019,10,October,11,Midday,Weekday
T20190019336,2019-10-03,07:45:00,6,Vehicle overturned (no collision),4,Thursday,149,OTHER MANOEUVRING NOT INCLUDED IN DCAs 140-148,1,591778,Not at intersection,3,40,Local Road,RUSSELL,MELBOURNE,-37.814663,144.96895,2019,10,October,7,Morning Peak,Weekday
T20190019261,2019-10-03,08:20:00,6,Vehicle overturned (no collision),4,Thursday,180,OFF CARRIAGEWAY ON RIGHT BEND,1,597134,Not at intersection,3,60,Local Road,IRONBARK,NILLUMBIK,-37.665115,145.14696,2019,10,October,8,Morning Peak,Weekday
T20190019260,2019-10-03,07:35:00,4,Collision with a fixed object,4,Thursday,183,OFF LEFT BEND INTO OBJECT/PARKED VEHICLE,2,597655,Not at intersection,2,100,Local Road,MEREDITH-MT MERCER,GOLDEN PLAINS,-37.807217,143.90875,2019,10,October,7,Morning Peak,Weekday
T20190020509,2019-10-03,17:15:00,1,Collision with vehicle,4,Thursday,147,VEHICLE STRIKES ANOTHER VEH WHILE EMERGING FROM DRIVEWAY,1,598480,Not at intersection,3,50,Local Road,HORNBY,STONNINGTON,-37.852684,144.9964,2019,10,October,17,Afternoon Peak,Weekday
T20190019331,2019-10-03,14:10:00,1,Collision with vehicle,4,Thursday,113,RIGHT NEAR (INTERSECTIONS ONLY),1,32382,T intersection,2,80,Arterial Highway,BURWOOD,KNOX,-37.86961,145.23772,2019,10,October,14,Midday,Weekday
T20190019317,2019-10-03,17:59:00,1,Collision with vehicle,4,Thursday,134,LANE CHANGE RIGHT (NOT OVERTAKING),1,591009,Not at intersection,2,100,Freeway,EASTERN,WHITEHORSE,-37.797676,145.1356,2019,10,October,17,Afternoon Peak,Weekday
T20190019361,2019-10-03,19:00:00,1,Collision with vehicle,4,Thursday,147,VEHICLE STRIKES ANOTHER VEH WHILE EMERGING FROM DRIVEWAY,3,643730,Not at intersection,3,50,Local Road,WALKER,DANDENONG,-37.986046,145.21819,2019,10,October,19,Night,Weekday
T20190019411,2019-10-04,21:30:00,1,Collision with vehicle,5,Friday,110,CROSS TRAFFIC(INTERSECTIONS ONLY),3,251792,Cross intersection,2,60,Arterial Other,VICTORIA,MELBOURNE,-37.809277,144.98373,2019,10,October,21,Night,Weekday
T20190019414,2019-10-04,23:00:00,4,Collision with a fixed object,5,Friday,173,RIGHT OFF CARRIAGEWAY INTO OBJECT/PARKED VEHICLE,3,593560,Not at intersection,3,50,Local Road,ST ANDREWS,WYNDHAM,-37.90433,144.6358,2019,10,October,23,Night,Weekday
T20190019350,2019-10-04,10:45:00,4,Collision with a fixed object,5,Friday,173,RIGHT OFF CARRIAGEWAY INTO OBJECT/PARKED VEHICLE,1,597656,Not at intersection,2,100,Local Road,STATE FOREST,GOLDEN PLAINS,-37.654606,143.73657,2019,10,October,10,Midday,Weekday
T20190019371,2019-10-04,12:10:00,1,Collision with vehicle,5,Friday,130,REAR END(VEHICLES IN SAME LANE),1,613556,Not at intersection,2,100,Freeway,WESTERN RING,BRIMBANK,-37.71911,144.87083,2019,10,October,12,Midday,Weekday
T20190019369,2019-10-04,09:35:00,4,Collision with a fixed object,5,Friday,173,RIGHT OFF CARRIAGEWAY INTO OBJECT/PARKED VEHICLE,1,608295,Not at intersection,2,100,Arterial Highway,MIDLAND,SHEPPARTON,-36.40919,145.5068,2019,10,October,9,Morning Peak,Weekday
T20190019368,2019-10-04,09:06:00,1,Collision with vehicle,5,Friday,110,CROSS TRAFFIC(INTERSECTIONS ONLY),1,324393,Cross intersection,2,100,Arterial Highway,CAPE OTWAY,SURF COAST,-38.212452,144.21811,2019,10,October,9,Morning Peak,Weekday
T20190019365,2019-10-04,13:30:00,4,Collision with a fixed object,5,Friday,171,LEFT OFF CARRIAGEWAY INTO OBJECT/PARKED VEHICLE,1,594559,Not at intersection,2,80,Freeway,WESTERN IN-WESTERN,MELTON,-37.75283,144.73091,2019,10,October,13,Midday,Weekday
T20190019366,2019-10-04,13:40:00,1,Collision with vehicle,5,Friday,163,VEHICLE STRIKES DOOR OF PARKED/STATIONARY VEHICLE,1,590500,Not at intersection,2,40,Arterial Other,BRIDGE,YARRA,-37.819454,145.00781,2019,10,October,13,Midday,Weekday
T20190020717,2019-10-04,18:30:00,1,Collision with vehicle,5,Friday,133,LANE SIDE SWIPE (VEHICLES IN PARALLEL LANES),6,595312,Not at intersection,3,100,Arterial Highway,MIDLAND,MOUNT ALEXANDER,-37.008633,144.2468,2019,10,October,18,Afternoon Peak,Weekday
T20190019438,2019-10-04,17:00:00,1,Collision with vehicle,5,Friday,132,RIGHT REAR.,1,38079,Cross intersection,3,70,Arterial Other,HEIDELBERG,DAREBIN,-37.782497,145.02202,2019,10,October,17,Afternoon Peak,Weekday
T20190019420,2019-10-04,23:20:00,4,Collision with a fixed object,5,Friday,181,OFF RIGHT BEND INTO OBJECT/PARKED VEHICLE,5,656545,Not at intersection,3,50,Local Road,EDINBURGH,YARRA RANGES,-37.79409,145.35323,2019,10,October,23,Night,Weekday
T20190020097,2019-10-04,08:19:00,1,Collision with vehicle,5,Friday,110,CROSS TRAFFIC(INTERSECTIONS ONLY),1,44939,Cross intersection,3,60,Arterial Other,MAIN ROAD E-MAIN,BRIMBANK,-37.744232,144.79994,2019,10,October,8,Morning Peak,Weekday
T20190019493,2019-10-04,06:45:00,1,Collision with vehicle,5,Friday,135,LANE CHANGE LEFT (NOT OVERTAKING),2,35714,Multiple intersection,3,40,Arterial Other,ROYAL PARADE -SYDNEY,MORELAND,-37.778046,144.96024,2019,10,October,6,Morning Peak,Weekday
T20190020837,2019-10-04,16:00:00,1,Collision with vehicle,5,Friday,130,REAR END(VEHICLES IN SAME LANE),1,629615,Not at intersection,2,80,Arterial Other,HALLAM NORTH,CASEY,-37.97769,145.27876,2019,10,October,16,Afternoon Peak,Weekday
T20190019553,2019-10-04,14:00:00,1,Collision with vehicle,5,Friday,110,CROSS TRAFFIC(INTERSECTIONS ONLY),1,43618,Cross intersection,2,50,Local Road,BANBURY,DAREBIN,-37.707214,144.99013,2019,10,October,14,Midday,Weekday
T20190019412,2019-10-04,21:26:00,1,Collision with vehicle,5,Friday,134,LANE CHANGE RIGHT (NOT OVERTAKING),3,597525,Not at intersection,2,60,Freeway,BATMAN,MELBOURNE,-37.8206,144.97621,2019,10,October,21,Night,Weekday
T20190019654,2019-10-04,11:30:00,1,Collision with vehicle,5,Friday,130,REAR END(VEHICLES IN SAME LANE),1,72281,Multiple intersection,2,60,Local Road,ST ALBANS,GEELONG,-38.163525,144.37294,2019,10,October,11,Midday,Weekday
T20200018108,2019-10-04,15:00:00,1,Collision with vehicle,5,Friday,111,RIGHT FAR (INTERSECTIONS ONLY),1,38810,Cross intersection,3,60,Arterial Other,HOPKINS,MARIBYRNONG,-37.80072,144.90787,2019,10,October,15,Afternoon Peak,Weekday
T20190019629,2019-10-04,16:30:00,6,Vehicle overturned (no collision),5,Friday,172,OFF CARRIAGEWAY TO RIGHT,1,601,T intersection,3,60,Arterial Other,MALVERN,STONNINGTON,-37.85383,145.04712,2019,10,October,16,Afternoon Peak,Weekday
T20190021025,2019-10-04,17:19:00,1,Collision with vehicle,5,Friday,132,RIGHT REAR.,1,636458,Cross intersection,3,80,Arterial Other,HEATHERTON,CASEY,-37.974827,145.2581,2019,10,October,17,Afternoon Peak,Weekday
T20200017437,2019-10-04,22:00:00,1,Collision with vehicle,5,Friday,130,REAR END(VEHICLES IN SAME LANE),3,670095,Not at intersection,3,50,Local Road,ST KILDA,MELBOURNE,-37.821415,144.96925,2019,10,October,22,Night,Weekday
T20190019396,2019-10-04,17:59:00,1,Collision with vehicle,5,Friday,179,OTHER ACCIDENTS-OFF STRAIGHT NOT INCLUDED IN DCAs 170-175,3,591012,Not at intersection,3,60,Arterial Other,ELGAR,WHITEHORSE,-37.839638,145.11076,2019,10,October,17,Afternoon Peak,Weekday
T20190019378,2019-10-04,14:03:00,1,Collision with vehicle,5,Friday,160,VEHICLE COLLIDES WITH VEHICLE PARKED ON LEFT OF ROAD,1,590749,T intersection,2,40,Local Road,HIGH,DAREBIN,-37.727722,145.00581,2019,10,October,14,Midday,Weekday
T20190019375,2019-10-04,14:40:00,1,Collision with vehicle,5,Friday,140,U TURN,1,591011,Not at intersection,2,80,Local Road,CHERRY FLAT,BALLARAT,-37.593033,143.80603,2019,10,October,14,Midday,Weekday
T20190019347,2019-10-04,08:55:00,6,Vehicle overturned (no collision),5,Friday,174,OUT OF CONTROL ON CARRIAGEWAY (ON STRAIGHT),1,590271,Not at intersection,2,70,Arterial Highway,SPRINGVALE,WHITEHORSE,-37.854336,145.16936,2019,10,October,8,Morning Peak,Weekday
T20190019398,2019-10-04,13:12:00,1,Collision with vehicle,5,Friday,151,OUT OF CONTROL (OVERTAKING),1,595586,Not at intersection,2,50,Local Road,MAIN,MAROONDAH,-37.79689,145.28094,2019,10,October,13,Midday,Weekday
T20190019399,2019-10-04,17:30:00,1,Collision with vehicle,5,Friday,121,RIGHT THROUGH,1,331835,T intersection,3,70,Arterial Highway,GEELONG,HOBSONS BAY,-37.82219,144.82994,2019,10,October,17,Afternoon Peak,Weekday
T20190019359,2019-10-04,03:20:00,4,Collision with a fixed object,5,Friday,181,OFF RIGHT BEND INTO OBJECT/PARKED VEHICLE,5,612126,Not at intersection,1,100,Arterial Highway,WIMMERA,WEST WIMMERA,-37.010216,141.19266,2019,10,October,3,Late Night,Weekday
T20190019400,2019-10-04,13:45:00,1,Collision with vehicle,5,Friday,121,RIGHT THROUGH,1,656548,Not at intersection,3,80,Arterial Highway,WELLINGTON,MONASH,-37.918343,145.15761,2019,10,October,13,Midday,Weekday
T20190019613,2019-10-04,14:25:00,1,Collision with vehicle,5,Friday,130,REAR END(VEHICLES IN SAME LANE),1,35537,Cross intersection,2,80,Arterial Highway,NEPEAN,BAYSIDE,-37.886272,144.999,2019,10,October,14,Midday,Weekday
T20190019401,2019-10-04,18:30:00,1,Collision with vehicle,5,Friday,130,REAR END(VEHICLES IN SAME LANE),3,595587,Not at intersection,3,80,Arterial Highway,DANDENONG VALLEY,KNOX,-37.87028,145.23398,2019,10,October,18,Afternoon Peak,Weekday
T20190019402,2019-10-04,16:55:00,7,Fall from or in moving vehicle,5,Friday,190,FELL IN/FROM VEHICLE,2,656500,Not at intersection,2,40,Arterial Other,SYDNEY,MORELAND,-37.74823,144.9654,2019,10,October,16,Afternoon Peak,Weekday
T20190019363,2019-10-04,08:30:00,4,Collision with a fixed object,5,Friday,173,RIGHT OFF CARRIAGEWAY INTO OBJECT/PARKED VEHICLE,1,656499,Not at intersection,2,100,Arterial Highway,PRINCES,WELLINGTON,-38.155457,146.76071,2019,10,October,8,Morning Peak,Weekday
T20190019405,2019-10-04,17:50:00,1,Collision with vehicle,5,Friday,113,RIGHT NEAR (INTERSECTIONS ONLY),1,591781,T intersection,2,60,Local Road,HARMSWORTH,YARRA,-37.799732,144.991,2019,10,October,17,Afternoon Peak,Weekday
T20190019406,2019-10-04,19:00:00,1,Collision with vehicle,5,Friday,110,CROSS TRAFFIC(INTERSECTIONS ONLY),3,26131,Cross intersection,2,100,Local Road,BUNGOWER,MORNINGTON PENINSULA,-38.2386,145.1965,2019,10,October,19,Night,Weekday
T20190019408,2019-10-04,20:21:00,1,Collision with vehicle,5,Friday,121,RIGHT THROUGH,3,29761,Cross intersection,2,60,Arterial Other,THOMPSONS,CASEY,-38.079994,145.25813,2019,10,October,20,Night,Weekday
T20190019356,2019-10-04,07:23:00,1,Collision with vehicle,5,Friday,110,CROSS TRAFFIC(INTERSECTIONS ONLY),1,224428,Cross intersection,1,100,Arterial Highway,DANDENONG-HASTINGS,MORNINGTON PENINSULA,-38.252876,145.21469,2019,10,October,7,Morning Peak,Weekday
T20190019410,2019-10-04,18:55:00,2,Struck Pedestrian,5,Friday,105,PED WALKING AGAINST TRAFFIC.,3,598078,T intersection,2,80,Arterial Other,MORNINGTON-FLINDERS,MORNINGTON PENINSULA,-38.382465,144.99335,2019,10,October,18,Afternoon Peak,Weekday
T20190019348,2019-10-04,10:42:00,4,Collision with a fixed object,5,Friday,171,LEFT OFF CARRIAGEWAY INTO OBJECT/PARKED VEHICLE,1,207027,Not at intersection,3,60,Arterial Other,SCORESBY,KNOX,-37.869633,145.26117,2019,10,October,10,Midday,Weekday
T20190019354,2019-10-04,11:03:00,4,Collision with a fixed object,5,Friday,171,LEFT OFF CARRIAGEWAY INTO OBJECT/PARKED VEHICLE,1,656383,Not at intersection,2,100,Arterial Other,LANCEFIELD,HUME,-37.575314,144.76022,2019,10,October,11,Midday,Weekday
T20190019390,2019-10-04,17:30:00,1,Collision with vehicle,5,Friday,120,HEAD ON (NOT OVERTAKING),2,44186,Y intersection,3,80,Local Road,COLDSTREAM WEST,YARRA RANGES,-37.716457,145.34254,2019,10,October,17,Afternoon Peak,Weekday
T20190019358,2019-10-04,11:21:00,6,Vehicle overturned (no collision),5,Friday,172,OFF CARRIAGEWAY TO RIGHT,1,656496,Not at intersection,2,100,Arterial Highway,GREAT OCEAN,MOYNE,-38.42944,142.65265,2019,10,October,11,Midday,Weekday
T20190020126,2019-10-04,12:00:00,1,Collision with vehicle,5,Friday,130,REAR END(VEHICLES IN SAME LANE),1,222859,T intersection,3,50,Arterial Highway,SURF COAST,GEELONG,-38.185688,144.34418,2019,10,October,12,Midday,Weekday
T20190019355,2019-10-04,08:19:00,1,Collision with vehicle,5,Friday,123,RIGHT/LEFT. ONE VEH TURNING RIGHT THE OTHER LEFT.,1,590748,Cross intersection,3,80,Arterial Other,PLENTY,WHITTLESEA,-37.670456,145.07121,2019,10,October,8,Morning Peak,Weekday
T20190022205,2019-10-04,11:01:00,1,Collision with vehicle,5,Friday,132,RIGHT REAR.,1,605084,T intersection,3,60,Local Road,ALMA,GLEN EIRA,-37.864517,145.016,2019,10,October,11,Midday,Weekday
T20190019353,2019-10-04,07:15:00,1,Collision with vehicle,5,Friday,132,RIGHT REAR.,1,221489,Cross intersection,3,60,Arterial Other,SYDNEY,MORELAND,-37.71869,144.963,2019,10,October,7,Morning Peak,Weekday
T20190019392,2019-10-04,16:27:00,2,Struck Pedestrian,5,Friday,106,VEH STRIKES PED ON FOOTPATH/MEDIAN/TRAFFIC ISLAND.,1,608430,T intersection,3,50,Local Road,HIGHLAND,FRANKSTON,-38.183735,145.14305,2019,10,October,16,Afternoon Peak,Weekday
T20190019386,2019-10-04,15:15:00,1,Collision with vehicle,5,Friday,121,RIGHT THROUGH,1,39958,T intersection,2,70,Arterial Other,KOROROIT CREEK,HOBSONS BAY,-37.85321,144.85577,2019,10,October,15,Afternoon Peak,Weekday
T20190019384,2019-10-04,12:34:00,1,Collision with vehicle,5,Friday,120,HEAD ON (NOT OVERTAKING),1,644075,Cross intersection,2,60,Arterial Other,ARARAT-HALLS GAP,ARARAT,-37.30104,142.7664,2019,10,October,12,Midday,Weekday
T20190019395,2019-10-04,17:30:00,1,Collision with vehicle,5,Friday,121,RIGHT THROUGH,1,221544,T intersection,3,70,Arterial Highway,WELLINGTON,MONASH,-37.915443,145.13466,2019,10,October,17,Afternoon Peak,Weekday
T20190019383,2019-10-04,15:00:00,1,Collision with vehicle,5,Friday,113,RIGHT NEAR (INTERSECTIONS ONLY),1,234323,T intersection,2,50,Local Road,HANNAH,LATROBE,-38.222572,146.41855,2019,10,October,15,Afternoon Peak,Weekday
T20190019581,2019-10-05,12:00:00,1,Collision with vehicle,6,Saturday,130,REAR END(VEHICLES IN SAME LANE),1,656655,Not at intersection,3,60,Arterial Other,SPRINGVALE,MANNINGHAM,-37.78835,145.18071,2019,10,October,12,Midday,Weekend
T20190019469,2019-10-05,18:37:00,1,Collision with vehicle,6,Saturday,116,LEFT NEAR (INTERSECTIONS ONLY),3,63354,T intersection,3,50,Local Road,CASH,MORELAND,-37.7504,144.9666,2019,10,October,18,Afternoon Peak,Weekend
T20190019653,2019-10-05,12:30:00,5,collision with some other object,6,Saturday,166,STRUCK OBJECT ON CARRIAGEWAY,1,591511,Not at intersection,3,30,Local Road,EILDON-JAMIESON,MANSFIELD,-37.365143,146.05875,2019,10,October,12,Midday,Weekend
T20190019440,2019-10-05,12:20:00,1,Collision with vehicle,6,Saturday,130,REAR END(VEHICLES IN SAME LANE),1,644396,Not at intersection,2,80,Freeway,WEST GATE,MELBOURNE,-37.826267,144.93135,2019,10,October,12,Midday,Weekend
T20190019439,2019-10-05,12:15:00,1,Collision with vehicle,6,Saturday,130,REAR END(VEHICLES IN SAME LANE),1,590752,Not at intersection,3,80,Arterial Highway,BURWOOD,WHITEHORSE,-37.85877,145.19766,2019,10,October,12,Midday,Weekend
T20190019437,2019-10-05,11:47:00,1,Collision with vehicle,6,Saturday,110,CROSS TRAFFIC(INTERSECTIONS ONLY),1,593299,Cross intersection,3,70,Arterial Highway,HAMILTON ROAD -HENTY,HORSHAM,-36.740883,142.2043,2019,10,October,11,Midday,Weekend
T20190020063,2019-10-05,21:00:00,1,Collision with vehicle,6,Saturday,132,RIGHT REAR.,3,41754,T intersection,2,60,Arterial Highway,BELL,MORELAND,-37.737858,144.9346,2019,10,October,21,Night,Weekend
T20190019461,2019-10-05,18:41:00,2,Struck Pedestrian,6,Saturday,109,ANY MANOEUVRE INVOLVING PED NOT INCLUDED IN DCAs 100-108.,3,590753,Not at intersection,2,40,Local Road,EVANS,HUME,-37.578136,144.73048,2019,10,October,18,Afternoon Peak,Weekend
T20190019436,2019-10-05,06:31:00,1,Collision with vehicle,6,Saturday,120,HEAD ON (NOT OVERTAKING),2,607354,Not at intersection,2,100,Arterial Highway,MURRAY VALLEY,INDIGO,-36.057964,146.70486,2019,10,October,6,Morning Peak,Weekend
T20190022017,2019-10-05,10:00:00,8,No collision and no object struck,6,Saturday,170,OFF CARRIAGEWAY TO LEFT,1,47686,Cross intersection,3,90,Arterial Highway,SOUTH GIPPSLAND,CARDINIA,-38.284733,145.54678,2019,10,October,10,Midday,Weekend
T20190019434,2019-10-05,11:30:00,1,Collision with vehicle,6,Saturday,121,RIGHT THROUGH,1,39697,Cross intersection,3,60,Arterial Highway,MAROONDAH,MAROONDAH,-37.79783,145.25394,2019,10,October,11,Midday,Weekend
T20190019433,2019-10-05,10:50:00,2,Struck Pedestrian,6,Saturday,102,FAR SIDE. PED HIT BY VEHICLE FROM THE LEFT,1,148315,Not at intersection,3,60,Arterial Other,CANTERBURY,BOROONDARA,-37.82408,145.08165,2019,10,October,10,Midday,Weekend
T20190020207,2019-10-05,15:00:00,6,Vehicle overturned (no collision),6,Saturday,170,OFF CARRIAGEWAY TO LEFT,1,656551,T intersection,3,60,Local Road,MAIN,MITCHELL,-37.16152,145.15906,2019,10,October,15,Afternoon Peak,Weekend
T20190019432,2019-10-05,11:36:00,1,Collision with vehicle,6,Saturday,130,REAR END(VEHICLES IN SAME LANE),1,591263,Not at intersection,2,80,Arterial Other,BERWICK-CRANBOURNE,CASEY,-38.107273,145.32951,2019,10,October,11,Midday,Weekend
T20190019429,2019-10-05,08:15:00,1,Collision with vehicle,6,Saturday,130,REAR END(VEHICLES IN SAME LANE),1,598203,Not at intersection,3,70,Freeway,EASTERN IN-HODDLE,YARRA,-37.795998,144.9937,2019,10,October,8,Morning Peak,Weekend
T20190019427,2019-10-05,10:00:00,1,Collision with vehicle,6,Saturday,110,CROSS TRAFFIC(INTERSECTIONS ONLY),1,64652,Cross intersection,2,40,Local Road,MACPHERSON,YARRA,-37.78604,144.97246,2019,10,October,10,Midday,Weekend
T20190021387,2019-10-05,13:30:00,7,Fall from or in moving vehicle,6,Saturday,190,FELL IN/FROM VEHICLE,1,656550,Not at intersection,3,70,Arterial Other,WILLIAMSONS,MANNINGHAM,-37.775673,145.12582,2019,10,October,13,Midday,Weekend
T20190019426,2019-10-05,08:21:00,1,Collision with vehicle,6,Saturday,120,HEAD ON (NOT OVERTAKING),1,656549,Not at intersection,3,80,Arterial Other,SOMERTON,HUME,-37.63248,144.8619,2019,10,October,8,Morning Peak,Weekend
T20190019424,2019-10-05,03:20:00,4,Collision with a fixed object,6,Saturday,171,LEFT OFF CARRIAGEWAY INTO OBJECT/PARKED VEHICLE,5,590751,Not at intersection,2,100,Arterial Highway,PRINCES,COLAC OTWAY,-38.30506,143.74915,2019,10,October,3,Late Night,Weekend
T20190019642,2019-10-05,18:00:00,1,Collision with vehicle,6,Saturday,131,LEFT REAR,2,29449,Cross intersection,3,60,Arterial Other,CLYDE,CASEY,-38.040283,145.34215,2019,10,October,18,Afternoon Peak,Weekend
T20190019548,2019-10-05,09:15:00,6,Vehicle overturned (no collision),6,Saturday,174,OUT OF CONTROL ON CARRIAGEWAY (ON STRAIGHT),1,591017,Not at intersection,2,50,Local Road,CHARING CROSS,CASEY,-38.00053,145.31113,2019,10,October,9,Morning Peak,Weekend
T20190019417,2019-10-05,00:40:00,4,Collision with a fixed object,6,Saturday,171,LEFT OFF CARRIAGEWAY INTO OBJECT/PARKED VEHICLE,3,590750,Not at intersection,3,60,Arterial Other,KURRAK,NILLUMBIK,-37.650337,145.11896,2019,10,October,0,Late Night,Weekend
T20190019475,2019-10-05,22:55:00,1,Collision with vehicle,6,Saturday,121,RIGHT THROUGH,3,221383,Cross intersection,3,80,Arterial Other,HUME HIGHWAY -SYDNEY,HUME,-37.643353,144.95146,2019,10,October,22,Night,Weekend
T20190019474,2019-10-05,21:10:00,1,Collision with vehicle,6,Saturday,130,REAR END(VEHICLES IN SAME LANE),3,622024,T intersection,2,60,Arterial Highway,WARRIGAL,STONNINGTON,-37.88707,145.08937,2019,10,October,21,Night,Weekend
T20190019459,2019-10-05,18:59:00,1,Collision with vehicle,6,Saturday,110,CROSS TRAFFIC(INTERSECTIONS ONLY),3,66588,Cross intersection,3,60,Arterial Other,CANTERBURY,WHITEHORSE,-37.832073,145.14995,2019,10,October,18,Afternoon Peak,Weekend
T20190019458,2019-10-05,17:45:00,4,Collision with a fixed object,6,Saturday,171,LEFT OFF CARRIAGEWAY INTO OBJECT/PARKED VEHICLE,1,50309,Cross intersection,3,100,Local Road,BUCKLEY,SURF COAST,-38.277473,144.08652,2019,10,October,17,Afternoon Peak,Weekend
T20190019452,2019-10-05,17:11:00,1,Collision with vehicle,6,Saturday,160,VEHICLE COLLIDES WITH VEHICLE PARKED ON LEFT OF ROAD,1,627042,Not at intersection,2,50,Local Road,PARK,BALLARAT,-37.571133,143.8295,2019,10,October,17,Afternoon Peak,Weekend
T20190019447,2019-10-05,11:11:00,1,Collision with vehicle,6,Saturday,110,CROSS TRAFFIC(INTERSECTIONS ONLY),1,29401,Cross intersection,3,40,Arterial Other,JOHNSTON,YARRA,-37.79846,144.97958,2019,10,October,11,Midday,Weekend
T20190019421,2019-10-05,02:00:00,1,Collision with vehicle,6,Saturday,110,CROSS TRAFFIC(INTERSECTIONS ONLY),3,1137,Cross intersection,2,70,Arterial Other,HUME HIGHWAY -SYDNEY,HUME,-37.643326,144.95116,2019,10,October,2,Late Night,Weekend
T20190019423,2019-10-05,04:16:00,1,Collision with vehicle,6,Saturday,121,RIGHT THROUGH,3,30002,T intersection,2,80,Arterial Highway,DANDENONG,MONASH,-37.924637,145.14363,2019,10,October,4,Late Night,Weekend
T20190019445,2019-10-05,13:00:00,1,Collision with vehicle,6,Saturday,130,REAR END(VEHICLES IN SAME LANE),1,594057,Not at intersection,2,60,Non Arterial,SNEYDES,WYNDHAM,-37.897663,144.70245,2019,10,October,13,Midday,Weekend
T20190019891,2019-10-05,08:00:00,3,Struck animal,6,Saturday,167,STRUCK ANIMAL,1,592276,Not at intersection,3,80,Local Road,OAKLANDS,HUME,-37.594826,144.84244,2019,10,October,8,Morning Peak,Weekend
T20190019556,2019-10-06,13:15:00,1,Collision with vehicle,7,Sunday,120,HEAD ON (NOT OVERTAKING),1,591265,Not at intersection,2,60,Local Road,CAMERONS,MOORABOOL,-37.578373,144.43744,2019,10,October,13,Midday,Weekend
T20190022151,2019-10-06,11:00:00,6,Vehicle overturned (no collision),7,Sunday,174,OUT OF CONTROL ON CARRIAGEWAY (ON STRAIGHT),1,599619,Multiple intersection,3,100,Local Road,EAST BEENAK,CARDINIA,-37.897415,145.66905,2019,10,October,11,Midday,Weekend
T20190020540,2019-10-06,12:53:00,1,Collision with vehicle,7,Sunday,116,LEFT NEAR (INTERSECTIONS ONLY),1,36059,Cross intersection,3,60,Local Road,SMITH,MELBOURNE,-37.791782,144.93549,2019,10,October,12,Midday,Weekend
T20190021318,2019-10-06,19:00:00,1,Collision with vehicle,7,Sunday,147,VEHICLE STRIKES ANOTHER VEH WHILE EMERGING FROM DRIVEWAY,2,656662,Not at intersection,3,60,Arterial Highway,WYNDHAM,SHEPPARTON,-36.385933,145.39833,2019,10,October,19,Night,Weekend
T20190019736,2019-10-06,16:50:00,1,Collision with vehicle,7,Sunday,130,REAR END(VEHICLES IN SAME LANE),1,29496,Cross intersection,3,50,Local Road,SEPARATION,DAREBIN,-37.77083,145.0115,2019,10,October,16,Afternoon Peak,Weekend