ACCIDENT_NO,ACCIDENT_DATE,ACCIDENT_TIME,ACCIDENT_TYPE,ACCIDENT_TYPE_DESC,DAY_OF_WEEK,DAY_WEEK_DESC,DCA_CODE,DCA_DESC,LIGHT_CONDITION,NODE_ID,ROAD_GEOMETRY_DESC,SEVERITY,SPEED_ZONE,RMA,ROAD_NAME,LGA_NAME,LATITUDE,LONGITUDE,YEAR,MONTH,MONTH_NAME,HOUR,TIME_PERIOD,DAY_TYPE
T20200000565,2019-10-06,16:00:00,4,Collision with a fixed object,7,Sunday,183,OFF LEFT BEND INTO OBJECT/PARKED VEHICLE,1,623580,Not at intersection,3,100,Local Road,GINTER,MURRINDINDI,-37.310455,145.5684,2019,10,October,16,Afternoon Peak,Weekend
T20190019527,2019-10-06,21:30:00,1,Collision with vehicle,7,Sunday,121,RIGHT THROUGH,3,594814,T intersection,3,80,Arterial Other,WHITTLESEA-YEA,MURRINDINDI,-37.47608,145.23657,2019,10,October,21,Night,Weekend
T20190019523,2019-10-06,18:00:00,1,Collision with vehicle,7,Sunday,110,CROSS TRAFFIC(INTERSECTIONS ONLY),1,51971,Cross intersection,3,80,Arterial Highway,PRINCES,EAST GIPPSLAND,-37.869453,147.95769,2019,10,October,18,Afternoon Peak,Weekend
T20190019520,2019-10-06,18:10:00,4,Collision with a fixed object,7,Sunday,171,LEFT OFF CARRIAGEWAY INTO OBJECT/PARKED VEHICLE,1,48807,Cross intersection,3,50,Local Road,DOUGLAS MAWSON,HUME,-37.63471,144.91571,2019,10,October,18,Afternoon Peak,Weekend
T20190019517,2019-10-06,16:30:00,4,Collision with a fixed object,7,Sunday,173,RIGHT OFF CARRIAGEWAY INTO OBJECT/PARKED VEHICLE,1,593300,Not at intersection,2,100,Local Road,LONGWOOD-SHEPPARTON,STRATHBOGIE,-36.71524,145.34734,2019,10,October,16,Afternoon Peak,Weekend
T20190019962,2019-10-06,20:00:00,1,Collision with vehicle,7,Sunday,110,CROSS TRAFFIC(INTERSECTIONS ONLY),3,786640,Cross intersection,2,60,Local Road,WALKER,DANDENONG,-37.988308,145.21126,2019,10,October,20,Night,Weekend
T20190019513,2019-10-06,15:39:00,1,Collision with vehicle,7,Sunday,121,RIGHT THROUGH,1,281588,Cross intersection,3,80,Arterial Highway,DANDENONG,DANDENONG,-37.999054,145.17442,2019,10,October,15,Afternoon Peak,Weekend
T20190019512,2019-10-06,16:40:00,1,Collision with vehicle,7,Sunday,135,LANE CHANGE LEFT (NOT OVERTAKING),1,293448,Multiple intersection,3,40,Arterial Other,ELIZABETH,MELBOURNE,-37.800903,144.95702,2019,10,October,16,Afternoon Peak,Weekend
T20190019509,2019-10-06,15:40:00,1,Collision with vehicle,7,Sunday,121,RIGHT THROUGH,1,44752,T intersection,3,40,Arterial Other,HAILES STREET E-MAIN,BANYULE,-37.70292,145.10521,2019,10,October,15,Afternoon Peak,Weekend
T20190019544,2019-10-06,17:25:00,6,Vehicle overturned (no collision),7,Sunday,172,OFF CARRIAGEWAY TO RIGHT,1,628610,Not at intersection,3,60,Local Road,MARTINS,GEELONG,-38.163074,144.59132,2019,10,October,17,Afternoon Peak,Weekend
T20190019507,2019-10-06,11:45:00,1,Collision with vehicle,7,Sunday,133,LANE SIDE SWIPE (VEHICLES IN PARALLEL LANES),1,599037,Not at intersection,2,60,Arterial Other,COTHAM,BOROONDARA,-37.809956,145.0572,2019,10,October,11,Midday,Weekend
T20200003332,2019-10-06,07:30:00,4,Collision with a fixed object,7,Sunday,179,OTHER ACCIDENTS-OFF STRAIGHT NOT INCLUDED IN DCAs 170-175,2,631552,Not at intersection,3,100,Local Road,MT BIG BEN,INDIGO,-36.40349,146.95091,2019,10,October,7,Morning Peak,Weekend
T20190019543,2019-10-06,15:00:00,1,Collision with vehicle,7,Sunday,130,REAR END(VEHICLES IN SAME LANE),1,606509,Not at intersection,3,60,Arterial Highway,POINT NEPEAN,MORNINGTON PENINSULA,-38.367344,144.86115,2019,10,October,15,Afternoon Peak,Weekend
T20190021158,2019-10-06,20:00:00,4,Collision with a fixed object,7,Sunday,171,LEFT OFF CARRIAGEWAY INTO OBJECT/PARKED VEHICLE,5,611305,Not at intersection,2,50,Local Road,CLIFFORD,MANNINGHAM,-37.723778,145.2798,2019,10,October,20,Night,Weekend
T20190019506,2019-10-06,07:55:00,4,Collision with a fixed object,7,Sunday,171,LEFT OFF CARRIAGEWAY INTO OBJECT/PARKED VEHICLE,1,591014,Not at intersection,3,100,Freeway,MONASH,CASEY,-37.997826,145.27591,2019,10,October,7,Morning Peak,Weekend
T20190019501,2019-10-06,12:25:00,1,Collision with vehicle,7,Sunday,130,REAR END(VEHICLES IN SAME LANE),1,596590,Not at intersection,2,100,Arterial Other,KYNETON-TRENTHAM,HEPBURN,-37.372272,144.35278,2019,10,October,12,Midday,Weekend
T20190019498,2019-10-06,05:40:00,4,Collision with a fixed object,7,Sunday,173,RIGHT OFF CARRIAGEWAY INTO OBJECT/PARKED VEHICLE,1,627684,Not at intersection,1,100,Arterial Other,NEW IRREWILLIPE,COLAC OTWAY,-38.430794,143.35149,2019,10,October,5,Morning Peak,Weekend
T20190021731,2019-10-06,17:51:00,1,Collision with vehicle,7,Sunday,147,VEHICLE STRIKES ANOTHER VEH WHILE EMERGING FROM DRIVEWAY,1,651001,Not at intersection,3,60,Local Road,ANNANDALE,HUME,-37.703194,144.8558,2019,10,October,17,Afternoon Peak,Weekend
T20190019495,2019-10-06,10:15:00,8,No collision and no object struck,7,Sunday,172,OFF CARRIAGEWAY TO RIGHT,1,591507,Not at intersection,2,100,Local Road,BENDIGO-SUTTON GRANGE,MOUNT ALEXANDER,-37.014557,144.36148,2019,10,October,10,Midday,Weekend
T20190019528,2019-10-06,21:25:00,4,Collision with a fixed object,7,Sunday,171,LEFT OFF CARRIAGEWAY INTO OBJECT/PARKED VEHICLE,3,656661,Not at intersection,3,50,Local Road,HOLLAND,BAW BAW,-38.132664,145.84573,2019,10,October,21,Night,Weekend
T20190019516,2019-10-06,13:10:00,1,Collision with vehicle,7,Sunday,130,REAR END(VEHICLES IN SAME LANE),1,591015,Not at intersection,3,60,Arterial Other,AUBURN,BOROONDARA,-37.829212,145.04378,2019,10,October,13,Midday,Weekend
T20190019841,2019-10-07,15:10:00,1,Collision with vehicle,1,Monday,110,CROSS TRAFFIC(INTERSECTIONS ONLY),1,50635,Cross intersection,3,80,Arterial Highway,HENTY,GLENELG,-38.32367,141.59784,2019,10,October,15,Afternoon Peak,Weekday
T20190019537,2019-10-07,07:05:00,4,Collision with a fixed object,1,Monday,173,RIGHT OFF CARRIAGEWAY INTO OBJECT/PARKED VEHICLE,1,592906,Not at intersection,3,80,Arterial Highway,MAROONDAH,YARRA RANGES,-37.75882,145.31831,2019,10,October,7,Morning Peak,Weekday
T20190019590,2019-10-07,18:25:00,1,Collision with vehicle,1,Monday,163,VEHICLE STRIKES DOOR OF PARKED/STATIONARY VEHICLE,1,596094,Not at intersection,3,50,Local Road,ANDREW,DAREBIN,-37.77289,145.00388,2019,10,October,18,Afternoon Peak,Weekday
T20190019591,2019-10-07,15:15:00,2,Struck Pedestrian,1,Monday,103,PED PLAYING/LYING/WORKING/STANDING ON CARRIAGEWAY.,1,624680,Not at intersection,2,100,Local Road,MORWELL-MARYVALE,LATROBE,-38.205753,146.41934,2019,10,October,15,Afternoon Peak,Weekday
T20190019587,2019-10-07,16:30:00,1,Collision with vehicle,1,Monday,121,RIGHT THROUGH,1,49259,Cross intersection,3,60,Arterial Highway,FIFTEENTH,MILDURA,-34.227306,142.16101,2019,10,October,16,Afternoon Peak,Weekday
T20190019585,2019-10-07,17:24:00,1,Collision with vehicle,1,Monday,132,RIGHT REAR.,1,71181,T intersection,2,60,Local Road,CENTRE,CASEY,-38.05027,145.33574,2019,10,October,17,Afternoon Peak,Weekday
T20190019789,2019-10-07,14:11:00,2,Struck Pedestrian,1,Monday,102,FAR SIDE. PED HIT BY VEHICLE FROM THE LEFT,1,56532,Cross intersection,3,60,Arterial Highway,NEPEAN,BAYSIDE,-37.89758,145.00543,2019,10,October,14,Midday,Weekday
T20190019580,2019-10-07,13:37:00,4,Collision with a fixed object,1,Monday,173,RIGHT OFF CARRIAGEWAY INTO OBJECT/PARKED VEHICLE,1,656748,Not at intersection,3,60,Local Road,BROOKFIELD,HUME,-37.574474,144.9034,2019,10,October,13,Midday,Weekday
T20190019709,2019-10-07,17:00:00,1,Collision with vehicle,1,Monday,121,RIGHT THROUGH,1,654246,Not at intersection,3,50,Local Road,CRAWFORD,KINGSTON,-37.9286,145.10155,2019,10,October,17,Afternoon Peak,Weekday
T20190019577,2019-10-07,10:37:00,2,Struck Pedestrian,1,Monday,103,PED PLAYING/LYING/WORKING/STANDING ON CARRIAGEWAY.,1,591129,Not at intersection,1,100,Arterial Highway,SOUTH GIPPSLAND,SOUTH GIPPSLAND,-38.40615,145.76146,2019,10,October,10,Midday,Weekday
T20190019575,2019-10-07,08:40:00,1,Collision with vehicle,1,Monday,121,RIGHT THROUGH,1,37890,T intersection,2,60,Arterial Highway,BELL,DAREBIN,-37.7442,144.99394,2019,10,October,8,Morning Peak,Weekday
T20190020124,2019-10-07,12:47:00,1,Collision with vehicle,1,Monday,136,RIGHT TURN SIDESWIPE,1,36972,Cross intersection,3,40,Local Road,COLLINS,MELBOURNE,-37.81477,144.96901,2019,10,October,12,Midday,Weekday
T20190019601,2019-10-07,20:55:00,1,Collision with vehicle,1,Monday,119,OTHER ADJACENT (INTERSECTIONS ONLY),3,1060,T intersection,3,50,Arterial Highway,POINT NEPEAN,MORNINGTON PENINSULA,-38.357464,144.8989,2019,10,October,20,Night,Weekday
T20190019572,2019-10-07,13:00:00,1,Collision with vehicle,1,Monday,110,CROSS TRAFFIC(INTERSECTIONS ONLY),1,1264,Cross intersection,3,50,Local Road,CORNWALL,BRIMBANK,-37.78594,144.84134,2019,10,October,13,Midday,Weekday
T20190019570,2019-10-07,13:50:00,1,Collision with vehicle,1,Monday,130,REAR END(VEHICLES IN SAME LANE),1,591782,Cross intersection,3,80,Arterial Highway,NEPEAN,MORNINGTON PENINSULA,-38.195,145.09119,2019,10,October,13,Midday,Weekday
T20190019567,2019-10-07,07:15:00,4,Collision with a fixed object,1,Monday,181,OFF RIGHT BEND INTO OBJECT/PARKED VEHICLE,1,592765,Not at intersection,2,100,Arterial Highway,WIMMERA,NORTHERN GRAMPIANS,-36.630207,143.34402,2019,10,October,7,Morning Peak,Weekday
T20190019562,2019-10-07,02:08:00,3,Struck animal,1,Monday,167,STRUCK ANIMAL,5,645021,Not at intersection,3,100,Arterial Highway,MIDLAND,BENDIGO,-36.65099,144.37372,2019,10,October,2,Late Night,Weekday
T20190019598,2019-10-07,19:00:00,1,Collision with vehicle,1,Monday,113,RIGHT NEAR (INTERSECTIONS ONLY),6,61437,T intersection,3,60,Local Road,BARRY,WHITTLESEA,-37.671318,144.99193,2019,10,October,19,Night,Weekday
T20190019898,2019-10-07,03:45:00,1,Collision with vehicle,1,Monday,119,OTHER ADJACENT (INTERSECTIONS ONLY),3,643457,T intersection,3,60,Arterial Other,OLD GEELONG,WYNDHAM,-37.845722,144.78073,2019,10,October,3,Late Night,Weekday
T20190019853,2019-10-07,16:00:00,1,Collision with vehicle,1,Monday,130,REAR END(VEHICLES IN SAME LANE),1,15423,T intersection,3,60,Local Road,ROSLYN,GEELONG,-38.17184,144.31297,2019,10,October,16,Afternoon Peak,Weekday
T20190019597,2019-10-07,15:20:00,4,Collision with a fixed object,1,Monday,171,LEFT OFF CARRIAGEWAY INTO OBJECT/PARKED VEHICLE,1,592905,Not at intersection,2,100,Local Road,BRANCH,GEELONG,-37.9703,144.44992,2019,10,October,15,Afternoon Peak,Weekday
T20190019552,2019-10-07,08:05:00,1,Collision with vehicle,1,Monday,148,VEHICLE OFF FOOTPATH STRIKES VEH ON CARRIAGEWAY,1,656664,Not at intersection,3,50,Local Road,MCKINNON,GLEN EIRA,-37.910698,145.0352,2019,10,October,8,Morning Peak,Weekday
T20190019596,2019-10-07,12:30:00,1,Collision with vehicle,1,Monday,130,REAR END(VEHICLES IN SAME LANE),1,612153,Not at intersection,3,50,Arterial Highway,WARBURTON,YARRA RANGES,-37.75508,145.653,2019,10,October,12,Midday,Weekday
T20190019550,2019-10-07,10:00:00,1,Collision with vehicle,1,Monday,121,RIGHT THROUGH,1,39286,T intersection,3,60,Arterial Other,ELGAR,WHITEHORSE,-37.79989,145.11812,2019,10,October,10,Midday,Weekday
T20190022130,2019-10-08,20:20:00,1,Collision with vehicle,2,Tuesday,163,VEHICLE STRIKES DOOR OF PARKED/STATIONARY VEHICLE,3,607396,T intersection,3,40,Local Road,LONSDALE,MELBOURNE,-37.811134,144.96619,2019,10,October,20,Night,Weekday
T20190021233,2019-10-08,09:40:00,1,Collision with vehicle,2,Tuesday,130,REAR END(VEHICLES IN SAME LANE),1,656904,Not at intersection,3,70,Arterial Highway,BURWOOD,WHITEHORSE,-37.85219,145.14952,2019,10,October,9,Morning Peak,Weekday
T20190019802,2019-10-08,13:00:00,1,Collision with vehicle,2,Tuesday,130,REAR END(VEHICLES IN SAME LANE),1,656754,T intersection,3,80,Arterial Highway,DANDENONG,MONASH,-37.921986,145.13908,2019,10,October,13,Midday,Weekday
T20190019662,2019-10-08,17:15:00,1,Collision with vehicle,2,Tuesday,110,CROSS TRAFFIC(INTERSECTIONS ONLY),1,38744,Cross intersection,3,50,Arterial Other,BUCKLEY,MARIBYRNONG,-37.803257,144.8924,2019,10,October,17,Afternoon Peak,Weekday
T20190019661,2019-10-08,15:39:00,1,Collision with vehicle,2,Tuesday,130,REAR END(VEHICLES IN SAME LANE),1,660205,Not at intersection,3,80,Freeway,WEST GATE,MELBOURNE,-37.82592,144.93526,2019,10,October,15,Afternoon Peak,Weekday
T20200007001,2019-10-08,11:22:00,1,Collision with vehicle,2,Tuesday,136,RIGHT TURN SIDESWIPE,1,306293,Cross intersection,3,80,Arterial Highway,DANDENONG,DANDENONG,-38.000008,145.1808,2019,10,October,11,Midday,Weekday
T20190019665,2019-10-08,13:50:00,1,Collision with vehicle,2,Tuesday,113,RIGHT NEAR (INTERSECTIONS ONLY),1,222043,Unknown,3,80,Freeway,MORNINGTON PENINSULA,KINGSTON,-38.025883,145.13304,2019,10,October,13,Midday,Weekday
T20190019660,2019-10-08,13:50:00,4,Collision with a fixed object,2,Tuesday,183,OFF LEFT BEND INTO OBJECT/PARKED VEHICLE,1,603906,Not at intersection,2,100,Arterial Other,OMEO,EAST GIPPSLAND,-37.07118,147.60355,2019,10,October,13,Midday,Weekday
T20190019659,2019-10-08,12:45:00,1,Collision with vehicle,2,Tuesday,163,VEHICLE STRIKES DOOR OF PARKED/STATIONARY VEHICLE,1,592519,Not at intersection,3,60,Arterial Other,CHANDLER,YARRA,-37.78208,145.02512,2019,10,October,12,Midday,Weekday
T20190020841,2019-10-08,06:10:00,1,Collision with vehicle,2,Tuesday,130,REAR END(VEHICLES IN SAME LANE),2,608438,Not at intersection,3,60,Arterial Other,LOWER HEIDELBERG,BANYULE,-37.766308,145.0669,2019,10,October,6,Morning Peak,Weekday
T20190019664,2019-10-08,17:45:00,1,Collision with vehicle,2,Tuesday,130,REAR END(VEHICLES IN SAME LANE),1,645336,T intersection,2,60,Arterial Other,SLADEN,CASEY,-38.112717,145.28076,2019,10,October,17,Afternoon Peak,Weekday
T20190019656,2019-10-08,14:35:00,1,Collision with vehicle,2,Tuesday,142,LEAVING PARKING,1,656755,Not at intersection,2,40,Arterial Other,SHANNON,GEELONG,-38.13367,144.33772,2019,10,October,14,Midday,Weekday
T20190020860,2019-10-08,07:18:00,1,Collision with vehicle,2,Tuesday,130,REAR END(VEHICLES IN SAME LANE),1,595976,Not at intersection,3,80,Arterial Other,MELTON,BRIMBANK,-37.701363,144.80011,2019,10,October,7,Morning Peak,Weekday
T20190019638,2019-10-08,08:17:00,1,Collision with vehicle,2,Tuesday,140,U TURN,1,645335,Not at intersection,2,60,Arterial Highway,BALLARAT,MARIBYRNONG,-37.795326,144.90895,2019,10,October,8,Morning Peak,Weekday
T20190019652,2019-10-08,13:25:00,1,Collision with vehicle,2,Tuesday,130,REAR END(VEHICLES IN SAME LANE),1,592026,Not at intersection,3,80,Arterial Other,SYDNEY,HUME,-37.65965,144.95403,2019,10,October,13,Midday,Weekday
T20190019668,2019-10-08,15:27:00,1,Collision with vehicle,2,Tuesday,113,RIGHT NEAR (INTERSECTIONS ONLY),1,38531,Cross intersection,3,60,Arterial Other,LITTLE BOUNDARY,WYNDHAM,-37.81877,144.8191,2019,10,October,15,Afternoon Peak,Weekday
T20190019688,2019-10-08,23:40:00,4,Collision with a fixed object,2,Tuesday,173,RIGHT OFF CARRIAGEWAY INTO OBJECT/PARKED VEHICLE,3,635648,Not at intersection,3,50,Local Road,WILSON,WODONGA,-36.13099,146.88414,2019,10,October,23,Night,Weekday
T20190019670,2019-10-08,16:00:00,1,Collision with vehicle,2,Tuesday,135,LANE CHANGE LEFT (NOT OVERTAKING),1,592275,Not at intersection,3,70,Local Road,BRIDGE INN,WHITTLESEA,-37.598335,145.07661,2019,10,October,16,Afternoon Peak,Weekday
T20190019683,2019-10-08,21:25:00,1,Collision with vehicle,2,Tuesday,134,LANE CHANGE RIGHT (NOT OVERTAKING),3,602748,Not at intersection,2,60,Arterial Highway,BRIGHTON ROAD SERVICE,PORT PHILLIP,-37.881638,144.99576,2019,10,October,21,Night,Weekday
T20190019680,2019-10-08,19:40:00,1,Collision with vehicle,2,Tuesday,121,RIGHT THROUGH,3,42570,Cross intersection,3,60,Arterial Other,POLICE,MONASH,-37.93499,145.17162,2019,10,October,19,Night,Weekday
T20190020128,2019-10-08,11:50:00,1,Collision with vehicle,2,Tuesday,130,REAR END(VEHICLES IN SAME LANE),1,595300,Not at intersection,3,80,Arterial Highway,WELLINGTON,MONASH,-37.916126,145.13998,2019,10,October,11,Midday,Weekday
T20190019676,2019-10-08,19:15:00,4,Collision with a fixed object,2,Tuesday,171,LEFT OFF CARRIAGEWAY INTO OBJECT/PARKED VEHICLE,2,30168,Cross intersection,3,50,Local Road,BRIGHT,BENDIGO,-36.72218,144.26454,2019,10,October,19,Night,Weekday
T20190019674,2019-10-08,18:48:00,1,Collision with vehicle,2,Tuesday,113,RIGHT NEAR (INTERSECTIONS ONLY),1,345849,T intersection,2,80,Arterial Other,KELLETTS,KNOX,-37.91127,145.24118,2019,10,October,18,Afternoon Peak,Weekday
T20190019675,2019-10-08,16:00:00,1,Collision with vehicle,2,Tuesday,153,CUTTING IN (OVERTAKING),1,63629,T intersection,3,60,Arterial Other,MCINTYRE,BRIMBANK,-37.758068,144.83221,2019,10,October,16,Afternoon Peak,Weekday
T20190019666,2019-10-08,16:00:00,1,Collision with vehicle,2,Tuesday,121,RIGHT THROUGH,1,70759,T intersection,3,80,Arterial Highway,CHELTENHAM,DANDENONG,-37.99236,145.15819,2019,10,October,16,Afternoon Peak,Weekday
T20190019628,2019-10-08,11:30:00,1,Collision with vehicle,2,Tuesday,121,RIGHT THROUGH,1,49025,Not at intersection,3,60,Freeway,TINKS-MONASH IN,CASEY,-38.001648,145.29315,2019,10,October,11,Midday,Weekday
T20200008301,2019-10-08,22:00:00,1,Collision with vehicle,2,Tuesday,135,LANE CHANGE LEFT (NOT OVERTAKING),9,651179,Cross intersection,3,80,Arterial Highway,FRANKSTON-DANDENONG ROAD -THOMPSONS,FRANKSTON,-38.072235,145.1951,2019,10,October,22,Night,Weekday
T20190022274,2019-10-08,17:59:00,1,Collision with vehicle,2,Tuesday,121,RIGHT THROUGH,1,600187,T intersection,3,50,Local Road,SACKVILLE,WHITTLESEA,-37.60319,145.0708,2019,10,October,17,Afternoon Peak,Weekday
T20190019667,2019-10-08,13:18:00,1,Collision with vehicle,2,Tuesday,116,LEFT NEAR (INTERSECTIONS ONLY),1,592027,T intersection,3,50,Local Road,NEWBURY,HUME,-37.57395,144.90884,2019,10,October,13,Midday,Weekday
T20190019742,2019-10-08,17:30:00,1,Collision with vehicle,2,Tuesday,137,LEFT TURN SIDESWIPE,1,149,T intersection,3,60,Local Road,STANLEY,YARRA,-37.802357,144.9868,2019,10,October,17,Afternoon Peak,Weekday
T20190019631,2019-10-08,11:30:00,1,Collision with vehicle,2,Tuesday,130,REAR END(VEHICLES IN SAME LANE),1,19651,Cross intersection,3,50,Arterial Highway,NORTHERN,CAMPASPE,-36.360367,144.699,2019,10,October,11,Midday,Weekday
T20190020184,2019-10-08,17:23:00,8,No collision and no object struck,2,Tuesday,170,OFF CARRIAGEWAY TO LEFT,2,593311,T intersection,2,60,Local Road,BOURKE,MELBOURNE,-37.817905,144.95049,2019,10,October,17,Afternoon Peak,Weekday
T20190020692,2019-10-08,20:55:00,1,Collision with vehicle,2,Tuesday,163,VEHICLE STRIKES DOOR OF PARKED/STATIONARY VEHICLE,3,603343,Not at intersection,3,40,Arterial Highway,MAROONDAH,MAROONDAH,-37.815178,145.22911,2019,10,October,20,Night,Weekday
T20190019618,2019-10-08,08:40:00,1,Collision with vehicle,2,Tuesday,111,RIGHT FAR (INTERSECTIONS ONLY),1,591267,Cross intersection,2,60,Arterial Other,SHANNON,GEELONG,-38.146637,144.33524,2019,10,October,8,Morning Peak,Weekday
T20190019622,2019-10-08,11:12:00,1,Collision with vehicle,2,Tuesday,130,REAR END(VEHICLES IN SAME LANE),1,52062,Cross intersection,3,60,Local Road,MACARTHUR,WELLINGTON,-38.105373,147.06097,2019,10,October,11,Midday,Weekday
T20190019623,2019-10-08,10:37:00,1,Collision with vehicle,2,Tuesday,121,RIGHT THROUGH,1,345849,T intersection,2,80,Arterial Other,KELLETTS,KNOX,-37.91127,145.24118,2019,10,October,10,Midday,Weekday
T20190019624,2019-10-08,09:49:00,1,Collision with vehicle,2,Tuesday,130,REAR END(VEHICLES IN SAME LANE),1,645334,T intersection,2,60,Local Road,ROCKBANK MIDDLE,MELTON,-37.744576,144.7284,2019,10,October,9,Morning Peak,Weekday
T20190020447,2019-10-08,07:30:00,1,Collision with vehicle,2,Tuesday,110,CROSS TRAFFIC(INTERSECTIONS ONLY),1,36798,Cross intersection,3,60,Arterial Other,NORMANBY,PORT PHILLIP,-37.830566,144.9457,2019,10,October,7,Morning Peak,Weekday
T20190021274,2019-10-08,09:30:00,1,Collision with vehicle,2,Tuesday,130,REAR END(VEHICLES IN SAME LANE),1,41770,T intersection,3,80,Arterial Highway,WELLINGTON,MONASH,-37.917522,145.1493,2019,10,October,9,Morning Peak,Weekday
T20190019663,2019-10-08,14:45:00,1,Collision with vehicle,2,Tuesday,113,RIGHT NEAR (INTERSECTIONS ONLY),1,244,T intersection,2,80,Arterial Highway,FRANKSTON GARDENS,FRANKSTON,-38.10733,145.16441,2019,10,October,14,Midday,Weekday
T20190020370,2019-10-08,15:10:00,1,Collision with vehicle,2,Tuesday,140,U TURN,1,593568,Not at intersection,3,50,Local Road,MOSSFIEL,WYNDHAM,-37.878216,144.69534,2019,10,October,15,Afternoon Peak,Weekday
T20190019625,2019-10-08,10:00:00,1,Collision with vehicle,2,Tuesday,110,CROSS TRAFFIC(INTERSECTIONS ONLY),1,44177,Cross intersection,2,60,Local Road,BAYVIEW,MORNINGTON PENINSULA,-38.37347,144.90848,2019,10,October,10,Midday,Weekday
T20190019632,2019-10-08,11:30:00,1,Collision with vehicle,2,Tuesday,120,HEAD ON (NOT OVERTAKING),1,591510,Not at intersection,2,60,Arterial Highway,PRINCES,EAST GIPPSLAND,-37.881577,147.96446,2019,10,October,11,Midday,Weekday
T20190019635,2019-10-08,10:58:00,4,Collision with a fixed object,2,Tuesday,173,RIGHT OFF CARRIAGEWAY INTO OBJECT/PARKED VEHICLE,1,614700,Not at intersection,2,100,Arterial Other,BALLARAT-MARYBOROUGH,CENTRAL GOLDFIELDS,-37.135902,143.70905,2019,10,October,10,Midday,Weekday
T20190019808,2019-10-08,15:45:00,1,Collision with vehicle,2,Tuesday,130,REAR END(VEHICLES IN SAME LANE),1,592032,Not at intersection,3,60,Arterial Other,EPPING,WHITTLESEA,-37.6255,145.02837,2019,10,October,15,Afternoon Peak,Weekday
T20190019747,2019-10-09,15:26:00,1,Collision with vehicle,3,Wednesday,113,RIGHT NEAR (INTERSECTIONS ONLY),1,41976,T intersection,3,80,Local Road,GLENFERN,YARRA RANGES,-37.90572,145.30502,2019,10,October,15,Afternoon Peak,Weekday
T20190019749,2019-10-09,16:38:00,4,Collision with a fixed object,3,Wednesday,171,LEFT OFF CARRIAGEWAY INTO OBJECT/PARKED VEHICLE,1,592908,Not at intersection,2,100,Arterial Highway,CALDER ALTERNATIVE,BENDIGO,-36.752827,144.13013,2019,10,October,16,Afternoon Peak,Weekday
T20190020208,2019-10-09,17:50:00,1,Collision with vehicle,3,Wednesday,130,REAR END(VEHICLES IN SAME LANE),1,604492,Not at intersection,3,60,Arterial Highway,NORTHERN,CAMPASPE,-36.143394,144.72995,2019,10,October,17,Afternoon Peak,Weekday
T20190019753,2019-10-09,14:39:00,1,Collision with vehicle,3,Wednesday,135,LANE CHANGE LEFT (NOT OVERTAKING),1,591787,Not at intersection,3,40,Arterial Other,SYDNEY,MORELAND,-37.770035,144.96161,2019,10,October,14,Midday,Weekday
T20190024160,2019-10-09,19:00:00,1,Collision with vehicle,3,Wednesday,130,REAR END(VEHICLES IN SAME LANE),9,606544,Not at intersection,3,60,Arterial Highway,DANDENONG,STONNINGTON,-37.85978,145.00812,2019,10,October,19,Night,Weekday
T20190019935,2019-10-09,08:30:00,1,Collision with vehicle,3,Wednesday,130,REAR END(VEHICLES IN SAME LANE),1,44385,T intersection,3,50,Arterial Other,POINT COOK,WYNDHAM,-37.90023,144.75356,2019,10,October,8,Morning Peak,Weekday
T20190019765,2019-10-09,18:20:00,1,Collision with vehicle,3,Wednesday,130,REAR END(VEHICLES IN SAME LANE),1,47471,T intersection,2,60,Local Road,DOUGLAS,MELBOURNE,-37.82381,144.92398,2019,10,October,18,Afternoon Peak,Weekday
T20190019766,2019-10-09,14:19:00,1,Collision with vehicle,3,Wednesday,120,HEAD ON (NOT OVERTAKING),1,614409,Not at intersection,3,60,Arterial Other,SAYERS,WYNDHAM,-37.851265,144.714,2019,10,October,14,Midday,Weekday
T20190019768,2019-10-09,20:50:00,1,Collision with vehicle,3,Wednesday,110,CROSS TRAFFIC(INTERSECTIONS ONLY),3,54553,Cross intersection,2,50,Arterial Highway,DANDENONG,PORT PHILLIP,-37.85993,145.007,2019,10,October,20,Night,Weekday
T20190019769,2019-10-09,20:20:00,4,Collision with a fixed object,3,Wednesday,181,OFF RIGHT BEND INTO OBJECT/PARKED VEHICLE,5,596591,Not at intersection,3,60,Local Road,WALKER,YARRA RANGES,-37.767647,145.46661,2019,10,October,20,Night,Weekday
T20190019775,2019-10-09,19:37:00,1,Collision with vehicle,3,Wednesday,110,CROSS TRAFFIC(INTERSECTIONS ONLY),2,44219,Cross intersection,3,70,Arterial Other,EPPING ROAD -HIGH,WHITTLESEA,-37.63768,145.02637,2019,10,October,19,Night,Weekday
T20190019781,2019-10-09,19:20:00,1,Collision with vehicle,3,Wednesday,153,CUTTING IN (OVERTAKING),1,600153,Cross intersection,2,60,Arterial Other,NICHOLSON,MORELAND,-37.770706,144.97968,2019,10,October,19,Night,Weekday
T20210016338,2019-10-09,07:45:00,1,Collision with vehicle,3,Wednesday,121,RIGHT THROUGH,9,632,T intersection,3,80,Arterial Other,MOUNTAIN,KNOX,-37.84732,145.23093,2019,10,October,7,Morning Peak,Weekday