ACCIDENT_NO,ACCIDENT_DATE,ACCIDENT_TIME,ACCIDENT_TYPE,ACCIDENT_TYPE_DESC,DAY_OF_WEEK,DAY_WEEK_DESC,DCA_CODE,DCA_DESC,LIGHT_CONDITION,NODE_ID,ROAD_GEOMETRY_DESC,SEVERITY,SPEED_ZONE,RMA,ROAD_NAME,LGA_NAME,LATITUDE,LONGITUDE,YEAR,MONTH,MONTH_NAME,HOUR,TIME_PERIOD,DAY_TYPE
T20190019782,2019-10-09,05:30:00,1,Collision with vehicle,3,Wednesday,139,OTHER SAME DIRECTION-MANOUEVRES NOT INCLUDED IN DCAs 130-137,2,773446,Not at intersection,3,100,Freeway,MONASH,DANDENONG,-37.963764,145.23062,2019,10,October,5,Morning Peak,Weekday
T20190019785,2019-10-09,23:18:00,4,Collision with a fixed object,3,Wednesday,173,RIGHT OFF CARRIAGEWAY INTO OBJECT/PARKED VEHICLE,3,603907,Not at intersection,2,70,Arterial Highway,RAGLAN,WARRNAMBOOL,-38.35847,142.4454,2019,10,October,23,Night,Weekday
T20190019800,2019-10-09,15:50:00,1,Collision with vehicle,3,Wednesday,121,RIGHT THROUGH,1,325445,T intersection,3,50,Local Road,SALTLAKE,WHITTLESEA,-37.609356,145.03955,2019,10,October,15,Afternoon Peak,Weekday
T20190024806,2019-10-09,08:45:00,7,Fall from or in moving vehicle,3,Wednesday,190,FELL IN/FROM VEHICLE,9,608470,Not at intersection,3,40,Local Road,ELIZABETH,MELBOURNE,-37.80913,144.96082,2019,10,October,8,Morning Peak,Weekday
T20190021243,2019-10-09,20:30:00,2,Struck Pedestrian,3,Wednesday,100,PED NEAR SIDE. PED HIT BY VEHICLE FROM THE RIGHT.,2,344565,T intersection,3,60,Arterial Other,OLYMPIC,MELBOURNE,-37.824207,144.98505,2019,10,October,20,Night,Weekday
T20190019720,2019-10-09,08:24:00,1,Collision with vehicle,3,Wednesday,120,HEAD ON (NOT OVERTAKING),1,593570,Not at intersection,1,100,Local Road,VICTORIA,YARRA RANGES,-37.77005,145.42479,2019,10,October,8,Morning Peak,Weekday
T20190019700,2019-10-09,08:35:00,1,Collision with vehicle,3,Wednesday,130,REAR END(VEHICLES IN SAME LANE),1,656939,Not at intersection,3,60,Arterial Other,DONCASTER-MORDIALLOC,KINGSTON,-38.008846,145.10367,2019,10,October,8,Morning Peak,Weekday
T20190019907,2019-10-09,16:05:00,1,Collision with vehicle,3,Wednesday,120,HEAD ON (NOT OVERTAKING),1,645625,Not at intersection,3,50,Local Road,MULLUM MULLUM,MAROONDAH,-37.79893,145.24214,2019,10,October,16,Afternoon Peak,Weekday
T20190020102,2019-10-09,13:03:00,1,Collision with vehicle,3,Wednesday,121,RIGHT THROUGH,1,593563,T intersection,2,80,Arterial Other,KULKYNE,MILDURA,-34.527554,142.36732,2019,10,October,13,Midday,Weekday
T20190020498,2019-10-09,07:47:00,1,Collision with vehicle,3,Wednesday,132,RIGHT REAR.,1,645627,T intersection,2,60,Arterial Highway,HUNTINGDALE,MONASH,-37.90124,145.1054,2019,10,October,7,Morning Peak,Weekday
T20190020305,2019-10-09,22:30:00,1,Collision with vehicle,3,Wednesday,131,LEFT REAR,3,656943,Cross intersection,3,50,Local Road,COURTNEY,MELBOURNE,-37.801342,144.95314,2019,10,October,22,Night,Weekday
T20190019723,2019-10-09,12:26:00,4,Collision with a fixed object,3,Wednesday,171,LEFT OFF CARRIAGEWAY INTO OBJECT/PARKED VEHICLE,1,656941,Not at intersection,2,100,Arterial Other,STRAWS,MACEDON RANGES,-37.34779,144.60493,2019,10,October,12,Midday,Weekday
T20190019698,2019-10-09,07:45:00,1,Collision with vehicle,3,Wednesday,134,LANE CHANGE RIGHT (NOT OVERTAKING),2,593815,Not at intersection,2,60,Arterial Other,MARIBYRNONG,MOONEE VALLEY,-37.772465,144.92299,2019,10,October,7,Morning Peak,Weekday
T20190019694,2019-10-09,06:30:00,4,Collision with a fixed object,3,Wednesday,173,RIGHT OFF CARRIAGEWAY INTO OBJECT/PARKED VEHICLE,2,639649,Not at intersection,2,100,Arterial Other,REMEMBRANCE,BALLARAT,-37.525986,143.74634,2019,10,October,6,Morning Peak,Weekday
T20190019689,2019-10-09,03:22:00,4,Collision with a fixed object,3,Wednesday,171,LEFT OFF CARRIAGEWAY INTO OBJECT/PARKED VEHICLE,3,39097,Cross intersection,2,60,Arterial Other,BULLEEN,BOROONDARA,-37.79261,145.07048,2019,10,October,3,Late Night,Weekday
T20190019687,2019-10-09,00:49:00,3,Struck animal,3,Wednesday,167,STRUCK ANIMAL,3,620843,Not at intersection,2,80,Arterial Highway,CALDER,BENDIGO,-36.820896,144.23758,2019,10,October,0,Late Night,Weekday
T20190019727,2019-10-09,11:30:00,4,Collision with a fixed object,3,Wednesday,183,OFF LEFT BEND INTO OBJECT/PARKED VEHICLE,1,656930,Not at intersection,3,80,Local Road,TOOBORAC-BAYNTON,MITCHELL,-37.083637,144.73247,2019,10,October,11,Midday,Weekday
T20190020991,2019-10-09,20:00:00,4,Collision with a fixed object,3,Wednesday,171,LEFT OFF CARRIAGEWAY INTO OBJECT/PARKED VEHICLE,5,615291,Not at intersection,3,100,Local Road,KURTING-POWLETT,LODDON,-36.47647,143.85016,2019,10,October,20,Night,Weekday
T20190020329,2019-10-09,11:00:00,1,Collision with vehicle,3,Wednesday,135,LANE CHANGE LEFT (NOT OVERTAKING),1,629611,T intersection,3,60,Arterial Other,WILLIAMS,STONNINGTON,-37.849426,145.00298,2019,10,October,11,Midday,Weekday
T20190019729,2019-10-09,10:05:00,1,Collision with vehicle,3,Wednesday,160,VEHICLE COLLIDES WITH VEHICLE PARKED ON LEFT OF ROAD,1,592907,Not at intersection,2,50,Local Road,BRADY,GLEN EIRA,-37.928665,145.0666,2019,10,October,10,Midday,Weekday
T20190019733,2019-10-09,12:45:00,4,Collision with a fixed object,3,Wednesday,173,RIGHT OFF CARRIAGEWAY INTO OBJECT/PARKED VEHICLE,1,657036,Not at intersection,2,100,Arterial Highway,MELBA,MURRINDINDI,-37.329147,145.4534,2019,10,October,12,Midday,Weekday
T20190019735,2019-10-09,13:15:00,4,Collision with a fixed object,3,Wednesday,173,RIGHT OFF CARRIAGEWAY INTO OBJECT/PARKED VEHICLE,1,12288,T intersection,3,80,Freeway,FITZGERALD-WESTERN RING OUT,BRIMBANK,-37.79897,144.7892,2019,10,October,13,Midday,Weekday
T20190019738,2019-10-09,12:20:00,1,Collision with vehicle,3,Wednesday,110,CROSS TRAFFIC(INTERSECTIONS ONLY),1,29818,Cross intersection,3,60,Arterial Other,MELBOURNE,WODONGA,-36.114845,146.86862,2019,10,October,12,Midday,Weekday
T20190019740,2019-10-09,14:39:00,1,Collision with vehicle,3,Wednesday,121,RIGHT THROUGH,1,40513,T intersection,3,60,Arterial Other,RIVERSDALE,BOROONDARA,-37.833824,145.07799,2019,10,October,14,Midday,Weekday
T20190019744,2019-10-09,14:40:00,1,Collision with vehicle,3,Wednesday,137,LEFT TURN SIDESWIPE,1,36988,T intersection,2,40,Local Road,SPRING,MELBOURNE,-37.810375,144.9726,2019,10,October,14,Midday,Weekday
T20190019811,2019-10-10,06:42:00,1,Collision with vehicle,4,Thursday,135,LANE CHANGE LEFT (NOT OVERTAKING),2,591789,Cross intersection,3,100,Freeway,WESTERN,MELTON,-37.78078,144.74765,2019,10,October,6,Morning Peak,Weekday
T20190019885,2019-10-10,00:05:00,4,Collision with a fixed object,4,Thursday,171,LEFT OFF CARRIAGEWAY INTO OBJECT/PARKED VEHICLE,3,289884,Cross intersection,3,60,Arterial Other,COBURG-CRAIGIEBURN,HUME,-37.58412,144.9404,2019,10,October,0,Late Night,Weekday
T20190019854,2019-10-10,15:05:00,1,Collision with vehicle,4,Thursday,140,U TURN,1,657117,Not at intersection,3,40,Arterial Other,FITZROY,PORT PHILLIP,-37.85777,144.98076,2019,10,October,15,Afternoon Peak,Weekday
T20190019857,2019-10-10,15:52:00,1,Collision with vehicle,4,Thursday,121,RIGHT THROUGH,1,41159,Cross intersection,2,60,Arterial Other,NORTH,BAYSIDE,-37.898327,144.99431,2019,10,October,15,Afternoon Peak,Weekday
T20190019861,2019-10-10,16:40:00,1,Collision with vehicle,4,Thursday,121,RIGHT THROUGH,1,594814,T intersection,3,80,Arterial Other,WHITTLESEA-YEA,MURRINDINDI,-37.47608,145.23657,2019,10,October,16,Afternoon Peak,Weekday
T20190019868,2019-10-10,16:00:00,8,No collision and no object struck,4,Thursday,170,OFF CARRIAGEWAY TO LEFT,1,593562,T intersection,3,50,Local Road,ORAVEL,BOROONDARA,-37.786175,145.09642,2019,10,October,16,Afternoon Peak,Weekday
T20190019939,2019-10-10,18:30:00,1,Collision with vehicle,4,Thursday,130,REAR END(VEHICLES IN SAME LANE),1,602749,Not at intersection,3,80,Freeway,BULLA-TULLAMARINE OUT,MOONEE VALLEY,-37.735474,144.89278,2019,10,October,18,Afternoon Peak,Weekday
T20190019871,2019-10-10,19:18:00,1,Collision with vehicle,4,Thursday,116,LEFT NEAR (INTERSECTIONS ONLY),1,45474,T intersection,3,60,Arterial Other,MORELAND,MORELAND,-37.751827,144.93338,2019,10,October,19,Night,Weekday
T20190019873,2019-10-10,18:40:00,1,Collision with vehicle,4,Thursday,134,LANE CHANGE RIGHT (NOT OVERTAKING),1,595972,Not at intersection,2,40,Arterial Other,TOORAK,STONNINGTON,-37.84328,145.02715,2019,10,October,18,Afternoon Peak,Weekday
T20190019874,2019-10-10,18:29:00,1,Collision with vehicle,4,Thursday,120,HEAD ON (NOT OVERTAKING),1,657118,Not at intersection,3,60,Arterial Other,HUNTINGDALE,MONASH,-37.872677,145.11082,2019,10,October,18,Afternoon Peak,Weekday
T20190019877,2019-10-10,15:22:00,1,Collision with vehicle,4,Thursday,120,HEAD ON (NOT OVERTAKING),1,591904,Not at intersection,1,100,Arterial Other,SUNBURY,HUME,-37.602192,144.76462,2019,10,October,15,Afternoon Peak,Weekday
T20190020341,2019-10-10,16:30:00,1,Collision with vehicle,4,Thursday,130,REAR END(VEHICLES IN SAME LANE),1,628003,T intersection,2,60,Arterial Other,SAYERS,WYNDHAM,-37.853874,144.74496,2019,10,October,16,Afternoon Peak,Weekday
T20190019878,2019-10-10,21:20:00,4,Collision with a fixed object,4,Thursday,171,LEFT OFF CARRIAGEWAY INTO OBJECT/PARKED VEHICLE,3,593304,Cross intersection,3,50,Local Road,SHADY,WHITEHORSE,-37.82633,145.17816,2019,10,October,21,Night,Weekday
T20190019880,2019-10-10,18:15:00,1,Collision with vehicle,4,Thursday,160,VEHICLE COLLIDES WITH VEHICLE PARKED ON LEFT OF ROAD,2,657125,Not at intersection,3,50,Local Road,BARKLY,CASEY,-38.09916,145.28795,2019,10,October,18,Afternoon Peak,Weekday
T20190019812,2019-10-10,12:45:00,1,Collision with vehicle,4,Thursday,113,RIGHT NEAR (INTERSECTIONS ONLY),1,603043,T intersection,3,50,Local Road,WALLIS,BALLARAT,-37.576675,143.8206,2019,10,October,12,Midday,Weekday
T20190019881,2019-10-10,18:00:00,1,Collision with vehicle,4,Thursday,121,RIGHT THROUGH,1,38880,T intersection,2,60,Arterial Other,STUDLEY PARK,BOROONDARA,-37.807312,145.02744,2019,10,October,18,Afternoon Peak,Weekday
T20190021810,2019-10-10,18:46:00,1,Collision with vehicle,4,Thursday,113,RIGHT NEAR (INTERSECTIONS ONLY),1,645928,T intersection,3,70,Local Road,GILLWELL,WHITTLESEA,-37.660725,144.99673,2019,10,October,18,Afternoon Peak,Weekday
T20190019882,2019-10-10,22:30:00,2,Struck Pedestrian,4,Thursday,100,PED NEAR SIDE. PED HIT BY VEHICLE FROM THE RIGHT.,3,598204,Cross intersection,3,60,Arterial Other,MURRAY,MORELAND,-37.73595,144.98283,2019,10,October,22,Night,Weekday
T20190020437,2019-10-10,08:35:00,1,Collision with vehicle,4,Thursday,133,LANE SIDE SWIPE (VEHICLES IN PARALLEL LANES),1,258702,Cross intersection,3,60,Arterial Other,COLLEGE,MELBOURNE,-37.792583,144.95865,2019,10,October,8,Morning Peak,Weekday
T20190019883,2019-10-10,22:20:00,1,Collision with vehicle,4,Thursday,160,VEHICLE COLLIDES WITH VEHICLE PARKED ON LEFT OF ROAD,3,108137,Not at intersection,2,60,Arterial Other,PLENTY,DAREBIN,-37.73719,145.01231,2019,10,October,22,Night,Weekday
T20190019850,2019-10-10,14:00:00,4,Collision with a fixed object,4,Thursday,181,OFF RIGHT BEND INTO OBJECT/PARKED VEHICLE,1,593303,Not at intersection,2,100,Local Road,EUROA-STRATHBOGIE,STRATHBOGIE,-36.820545,145.66191,2019,10,October,14,Midday,Weekday
T20190019884,2019-10-10,23:25:00,1,Collision with vehicle,4,Thursday,120,HEAD ON (NOT OVERTAKING),3,41181,T intersection,2,60,Arterial Other,NORTH,BAYSIDE,-37.89918,145.00134,2019,10,October,23,Night,Weekday
T20190022488,2019-10-10,09:00:00,1,Collision with vehicle,4,Thursday,130,REAR END(VEHICLES IN SAME LANE),1,605368,T intersection,3,80,Freeway,PRINCES,CASEY,-38.003437,145.25107,2019,10,October,9,Morning Peak,Weekday
T20190020258,2019-10-10,15:15:00,1,Collision with vehicle,4,Thursday,163,VEHICLE STRIKES DOOR OF PARKED/STATIONARY VEHICLE,1,657124,Not at intersection,3,40,Local Road,ELIZABETH,MELBOURNE,-37.814735,144.9634,2019,10,October,15,Afternoon Peak,Weekday
T20190019821,2019-10-10,11:45:00,1,Collision with vehicle,4,Thursday,130,REAR END(VEHICLES IN SAME LANE),1,39398,T intersection,3,70,Arterial Other,DONCASTER,MANNINGHAM,-37.78751,145.14815,2019,10,October,11,Midday,Weekday
T20190020094,2019-10-10,14:00:00,1,Collision with vehicle,4,Thursday,110,CROSS TRAFFIC(INTERSECTIONS ONLY),1,593309,Cross intersection,2,50,Local Road,ERICA,BRIMBANK,-37.73969,144.80371,2019,10,October,14,Midday,Weekday
T20190019995,2019-10-10,09:45:00,1,Collision with vehicle,4,Thursday,130,REAR END(VEHICLES IN SAME LANE),1,592283,Not at intersection,2,80,Arterial Highway,NEPEAN,MORNINGTON PENINSULA,-38.281967,145.03221,2019,10,October,9,Morning Peak,Weekday
T20190019834,2019-10-10,05:45:00,2,Struck Pedestrian,4,Thursday,102,FAR SIDE. PED HIT BY VEHICLE FROM THE LEFT,3,613142,Not at intersection,1,60,Arterial Other,THOMPSON,GEELONG,-38.085106,144.34837,2019,10,October,5,Morning Peak,Weekday
T20190019790,2019-10-10,06:55:00,1,Collision with vehicle,4,Thursday,134,LANE CHANGE RIGHT (NOT OVERTAKING),2,600329,Not at intersection,2,100,Freeway,WESTERN RING,BRIMBANK,-37.747383,144.83714,2019,10,October,6,Morning Peak,Weekday
T20190019795,2019-10-10,07:20:00,1,Collision with vehicle,4,Thursday,110,CROSS TRAFFIC(INTERSECTIONS ONLY),1,41201,Cross intersection,2,60,Arterial Other,NORTH,BAYSIDE,-37.89936,145.00272,2019,10,October,7,Morning Peak,Weekday
T20190019796,2019-10-10,06:30:00,3,Struck animal,4,Thursday,167,STRUCK ANIMAL,1,657042,Not at intersection,3,80,Local Road,BANNONS,NILLUMBIK,-37.621704,145.17018,2019,10,October,6,Morning Peak,Weekday
T20190019824,2019-10-10,12:00:00,1,Collision with vehicle,4,Thursday,116,LEFT NEAR (INTERSECTIONS ONLY),1,607135,Cross intersection,2,80,Arterial Highway,MAROONDAH,MAROONDAH,-37.797787,145.254,2019,10,October,12,Midday,Weekday
T20190019801,2019-10-10,09:50:00,1,Collision with vehicle,4,Thursday,129,OTHER OPPOSING MANOEUVRES NOT INCLUDED IN DCAs 120-125.,1,591788,Not at intersection,3,50,Local Road,BOURKE,MELBOURNE,-37.818623,144.94798,2019,10,October,9,Morning Peak,Weekday
T20190019819,2019-10-10,08:21:00,2,Struck Pedestrian,4,Thursday,109,ANY MANOEUVRE INVOLVING PED NOT INCLUDED IN DCAs 100-108.,1,773212,Not at intersection,2,50,Local Road,BAYVIEW,MORNINGTON PENINSULA,-38.3722,144.91235,2019,10,October,8,Morning Peak,Weekday
T20190019822,2019-10-10,10:50:00,1,Collision with vehicle,4,Thursday,121,RIGHT THROUGH,1,46126,T intersection,3,60,Arterial Highway,TOORAK,BOROONDARA,-37.850243,145.09404,2019,10,October,10,Midday,Weekday
T20190019805,2019-10-10,08:55:00,1,Collision with vehicle,4,Thursday,121,RIGHT THROUGH,1,36063,T intersection,2,60,Local Road,LANGFORD,MELBOURNE,-37.795177,144.93663,2019,10,October,8,Morning Peak,Weekday
T20190019806,2019-10-10,10:20:00,1,Collision with vehicle,4,Thursday,132,RIGHT REAR.,1,55995,T intersection,3,60,Local Road,BRUNT,CARDINIA,-38.059593,145.3887,2019,10,October,10,Midday,Weekday
T20190019818,2019-10-10,09:37:00,2,Struck Pedestrian,4,Thursday,102,FAR SIDE. PED HIT BY VEHICLE FROM THE LEFT,1,41790,T intersection,3,70,Arterial Highway,SPRINGVALE,MONASH,-37.878345,145.16608,2019,10,October,9,Morning Peak,Weekday
T20190020165,2019-10-10,16:00:00,1,Collision with vehicle,4,Thursday,139,OTHER SAME DIRECTION-MANOUEVRES NOT INCLUDED IN DCAs 130-137,1,35359,T intersection,2,40,Local Road,BOURKE,MELBOURNE,-37.814247,144.96317,2019,10,October,16,Afternoon Peak,Weekday
T20190021976,2019-10-10,15:34:00,1,Collision with vehicle,4,Thursday,132,RIGHT REAR.,1,606194,T intersection,3,60,Local Road,OLYMPIC,BENDIGO,-36.7928,144.23712,2019,10,October,15,Afternoon Peak,Weekday
T20190019846,2019-10-10,14:40:00,1,Collision with vehicle,4,Thursday,111,RIGHT FAR (INTERSECTIONS ONLY),1,33879,Multiple intersection,2,60,Arterial Highway,ST KILDA,PORT PHILLIP,-37.85786,144.9831,2019,10,October,14,Midday,Weekday
T20190019848,2019-10-10,12:00:00,1,Collision with vehicle,4,Thursday,130,REAR END(VEHICLES IN SAME LANE),1,600154,Not at intersection,3,60,Arterial Highway,WARRIGAL,BOROONDARA,-37.8673,145.09264,2019,10,October,12,Midday,Weekday
T20190022522,2019-10-10,12:30:00,1,Collision with vehicle,4,Thursday,142,LEAVING PARKING,1,601616,Not at intersection,3,60,Local Road,THOMAS,DANDENONG,-37.98802,145.21274,2019,10,October,12,Midday,Weekday
T20190019849,2019-10-10,12:30:00,4,Collision with a fixed object,4,Thursday,171,LEFT OFF CARRIAGEWAY INTO OBJECT/PARKED VEHICLE,1,657123,Multiple intersection,2,100,Freeway,PRINCES,CARDINIA,-38.070545,145.56145,2019,10,October,12,Midday,Weekday
T20190019815,2019-10-10,08:35:00,1,Collision with vehicle,4,Thursday,116,LEFT NEAR (INTERSECTIONS ONLY),1,49701,Cross intersection,3,60,Arterial Other,ANAKIE,GEELONG,-38.085354,144.33646,2019,10,October,8,Morning Peak,Weekday
T20190019851,2019-10-10,12:06:00,1,Collision with vehicle,4,Thursday,112,LEFT FAR (INTERSECTIONS ONLY),1,619931,Cross intersection,2,100,Local Road,EURAMBEEN-STREATHAM,ARARAT,-37.5732,143.15332,2019,10,October,12,Midday,Weekday
T20190019886,2019-10-11,00:54:00,4,Collision with a fixed object,5,Friday,173,RIGHT OFF CARRIAGEWAY INTO OBJECT/PARKED VEHICLE,5,657203,Not at intersection,2,100,Arterial Highway,MIDLAND,SHEPPARTON,-36.41519,145.58046,2019,10,October,0,Late Night,Weekday
T20190019933,2019-10-11,16:36:00,6,Vehicle overturned (no collision),5,Friday,170,OFF CARRIAGEWAY TO LEFT,1,646203,Not at intersection,3,100,Local Road,MT NAPIER,SOUTHERN GRAMPIANS,-37.856018,142.07649,2019,10,October,16,Afternoon Peak,Weekday
T20190019934,2019-10-11,14:57:00,1,Collision with vehicle,5,Friday,130,REAR END(VEHICLES IN SAME LANE),1,611021,Not at intersection,2,60,Arterial Highway,GREENSBOROUGH,BANYULE,-37.717564,145.08151,2019,10,October,14,Midday,Weekday
T20190019936,2019-10-11,17:56:00,1,Collision with vehicle,5,Friday,130,REAR END(VEHICLES IN SAME LANE),1,43854,T intersection,2,60,Arterial Other,THOMPSONS,CASEY,-38.081177,145.26796,2019,10,October,17,Afternoon Peak,Weekday
T20190019943,2019-10-11,16:28:00,1,Collision with vehicle,5,Friday,148,VEHICLE OFF FOOTPATH STRIKES VEH ON CARRIAGEWAY,1,657213,Not at intersection,3,80,Local Road,HALL,FRANKSTON,-38.10125,145.18689,2019,10,October,16,Afternoon Peak,Weekday
T20190019889,2019-10-11,00:59:00,4,Collision with a fixed object,5,Friday,173,RIGHT OFF CARRIAGEWAY INTO OBJECT/PARKED VEHICLE,5,613001,Not at intersection,2,100,Arterial Other,TIMBOON-COLAC,CORANGAMITE,-38.45885,143.01746,2019,10,October,0,Late Night,Weekday
T20190019946,2019-10-11,15:50:00,1,Collision with vehicle,5,Friday,121,RIGHT THROUGH,1,593305,Not at intersection,2,50,Local Road,LATROBE,MONASH,-37.902607,145.0851,2019,10,October,15,Afternoon Peak,Weekday
T20190019947,2019-10-11,17:15:00,1,Collision with vehicle,5,Friday,119,OTHER ADJACENT (INTERSECTIONS ONLY),1,605876,Cross intersection,3,50,Local Road,THISTLE,MOONEE VALLEY,-37.751656,144.91154,2019,10,October,17,Afternoon Peak,Weekday
T20190019951,2019-10-11,13:20:00,1,Collision with vehicle,5,Friday,145,REVERSING IN STREAM OF TRAFFIC,1,657211,Not at intersection,3,50,Arterial Highway,PUNT,STONNINGTON,-37.835392,144.98714,2019,10,October,13,Midday,Weekday
T20190019954,2019-10-11,19:20:00,4,Collision with a fixed object,5,Friday,151,OUT OF CONTROL (OVERTAKING),2,657205,Not at intersection,3,60,Arterial Other,TEMPLESTOWE,MANNINGHAM,-37.75544,145.09608,2019,10,October,19,Night,Weekday
T20190019955,2019-10-11,22:10:00,1,Collision with vehicle,5,Friday,113,RIGHT NEAR (INTERSECTIONS ONLY),3,47499,T intersection,3,60,Local Road,DONALD CAMERON,HUME,-37.62658,144.9328,2019,10,October,22,Night,Weekday
T20190019893,2019-10-11,06:50:00,1,Collision with vehicle,5,Friday,137,LEFT TURN SIDESWIPE,1,36557,Cross intersection,2,40,Arterial Other,JOHNSTON,YARRA,-37.798958,144.98427,2019,10,October,6,Morning Peak,Weekday
T20190019897,2019-10-11,07:50:00,1,Collision with vehicle,5,Friday,130,REAR END(VEHICLES IN SAME LANE),1,599328,Not at intersection,2,80,Local Road,BUNGOWER,MORNINGTON PENINSULA,-38.234577,145.1464,2019,10,October,7,Morning Peak,Weekday
T20190019968,2019-10-11,14:30:00,1,Collision with vehicle,5,Friday,173,RIGHT OFF CARRIAGEWAY INTO OBJECT/PARKED VEHICLE,1,657212,Not at intersection,3,60,Arterial Other,HEIDELBERG-KINGLAKE,NILLUMBIK,-37.636158,145.1991,2019,10,October,14,Midday,Weekday
T20190019908,2019-10-11,07:52:00,4,Collision with a fixed object,5,Friday,171,LEFT OFF CARRIAGEWAY INTO OBJECT/PARKED VEHICLE,1,657202,Dead end,3,80,Arterial Highway,MAROONDAH HIGHWAY SERVICE,MAROONDAH,-37.78268,145.28392,2019,10,October,7,Morning Peak,Weekday
T20190019913,2019-10-11,12:05:00,2,Struck Pedestrian,5,Friday,102,FAR SIDE. PED HIT BY VEHICLE FROM THE LEFT,1,592278,Cross intersection,3,60,Local Road,ORRONG,PORT PHILLIP,-37.86366,145.00989,2019,10,October,12,Midday,Weekday
T20190019917,2019-10-11,13:30:00,1,Collision with vehicle,5,Friday,120,HEAD ON (NOT OVERTAKING),1,610736,Not at intersection,2,80,Arterial Highway,WARBURTON,YARRA RANGES,-37.775154,145.51582,2019,10,October,13,Midday,Weekday
T20190023675,2019-10-11,09:00:00,1,Collision with vehicle,5,Friday,130,REAR END(VEHICLES IN SAME LANE),1,15430,Cross intersection,3,60,Arterial Highway,SURF COAST,GEELONG,-38.182327,144.3449,2019,10,October,9,Morning Peak,Weekday
T20190019985,2019-10-11,23:30:00,4,Collision with a fixed object,5,Friday,181,OFF RIGHT BEND INTO OBJECT/PARKED VEHICLE,5,623849,Not at intersection,2,50,Local Road,OCEAN,MOYNE,-38.39364,142.24036,2019,10,October,23,Night,Weekday
T20190023211,2019-10-11,15:15:00,1,Collision with vehicle,5,Friday,130,REAR END(VEHICLES IN SAME LANE),1,93877,Not at intersection,3,80,Arterial Highway,BURWOOD,KNOX,-37.873302,145.24815,2019,10,October,15,Afternoon Peak,Weekday
T20190019906,2019-10-11,09:44:00,1,Collision with vehicle,5,Friday,120,HEAD ON (NOT OVERTAKING),1,603335,Not at intersection,2,60,Local Road,MCCLELLAND,FRANKSTON,-38.123608,145.18709,2019,10,October,9,Morning Peak,Weekday
T20190020098,2019-10-11,16:50:00,1,Collision with vehicle,5,Friday,135,LANE CHANGE LEFT (NOT OVERTAKING),2,35642,Cross intersection,2,80,Arterial Highway,NEPEAN,MORNINGTON PENINSULA,-38.2204,145.05681,2019,10,October,16,Afternoon Peak,Weekday
T20190019930,2019-10-11,11:45:00,2,Struck Pedestrian,5,Friday,101,PED EMERGES FROM IN FRONT OF PARKED OR STATIONARY VEHICLE,1,37716,T intersection,3,40,Arterial Other,CHURCH,YARRA,-37.832375,144.99673,2019,10,October,11,Midday,Weekday
T20200005440,2019-10-11,09:00:00,1,Collision with vehicle,5,Friday,130,REAR END(VEHICLES IN SAME LANE),1,637793,T intersection,3,60,Arterial Other,KARINGAL,BANYULE,-37.701736,145.12305,2019,10,October,9,Morning Peak,Weekday
T20190019928,2019-10-11,16:08:00,1,Collision with vehicle,5,Friday,130,REAR END(VEHICLES IN SAME LANE),1,646202,Not at intersection,2,80,Arterial Highway,DANDENONG,DANDENONG,-38.004253,145.21925,2019,10,October,16,Afternoon Peak,Weekday
T20190019927,2019-10-11,16:10:00,1,Collision with vehicle,5,Friday,116,LEFT NEAR (INTERSECTIONS ONLY),1,592909,T intersection,2,60,Arterial Highway,LOWER DANDENONG,KINGSTON,-37.98692,145.11172,2019,10,October,16,Afternoon Peak,Weekday
T20190020386,2019-10-11,18:20:00,1,Collision with vehicle,5,Friday,130,REAR END(VEHICLES IN SAME LANE),1,52615,T intersection,2,50,Local Road,DARLOT,HORSHAM,-36.714294,142.19713,2019,10,October,18,Afternoon Peak,Weekday
T20190020038,2019-10-11,17:00:00,1,Collision with vehicle,5,Friday,140,U TURN,1,288590,T intersection,2,80,Arterial Highway,SOUTH GIPPSLAND,DANDENONG,-38.01652,145.23315,2019,10,October,17,Afternoon Peak,Weekday
T20190019925,2019-10-11,14:23:00,1,Collision with vehicle,5,Friday,130,REAR END(VEHICLES IN SAME LANE),1,598349,Not at intersection,2,100,Freeway,PRINCES,HOBSONS BAY,-37.84086,144.7935,2019,10,October,14,Midday,Weekday
T20190022669,2019-10-11,13:15:00,6,Vehicle overturned (no collision),5,Friday,170,OFF CARRIAGEWAY TO LEFT,1,601354,Not at intersection,3,100,Local Road,HOBBS,MACEDON RANGES,-37.50913,144.55371,2019,10,October,13,Midday,Weekday
T20190021577,2019-10-11,16:35:00,1,Collision with vehicle,5,Friday,121,RIGHT THROUGH,1,39718,T intersection,3,70,Arterial Other,MT DANDENONG,MAROONDAH,-37.800556,145.26346,2019,10,October,16,Afternoon Peak,Weekday
T20190020012,2019-10-11,19:44:00,1,Collision with vehicle,5,Friday,130,REAR END(VEHICLES IN SAME LANE),3,646204,Not at intersection,3,60,Arterial Other,ORRONG,STONNINGTON,-37.85803,145.01091,2019,10,October,19,Night,Weekday
T20190019922,2019-10-11,08:30:00,1,Collision with vehicle,5,Friday,120,HEAD ON (NOT OVERTAKING),1,596858,Not at intersection,2,80,Local Road,BOUNDARY,WYNDHAM,-37.79489,144.6064,2019,10,October,8,Morning Peak,Weekday