ACCIDENT_NO,ACCIDENT_DATE,ACCIDENT_TIME,ACCIDENT_TYPE,ACCIDENT_TYPE_DESC,DAY_OF_WEEK,DAY_WEEK_DESC,DCA_CODE,DCA_DESC,LIGHT_CONDITION,NODE_ID,ROAD_GEOMETRY_DESC,SEVERITY,SPEED_ZONE,RMA,ROAD_NAME,LGA_NAME,LATITUDE,LONGITUDE,YEAR,MONTH,MONTH_NAME,HOUR,TIME_PERIOD,DAY_TYPE
T20190020140,2019-10-11,11:10:00,1,Collision with vehicle,5,Friday,130,REAR END(VEHICLES IN SAME LANE),1,593564,Not at intersection,3,80,Freeway,CITYLINK,YARRA,-37.833073,144.99338,2019,10,October,11,Midday,Weekday
T20190020015,2019-10-11,15:48:00,1,Collision with vehicle,5,Friday,133,LANE SIDE SWIPE (VEHICLES IN PARALLEL LANES),1,38198,Cross intersection,3,60,Arterial Other,SETTLEMENT,WHITTLESEA,-37.68953,145.02737,2019,10,October,15,Afternoon Peak,Weekday
T20190019919,2019-10-11,13:19:00,6,Vehicle overturned (no collision),5,Friday,170,OFF CARRIAGEWAY TO LEFT,1,596333,Not at intersection,3,80,Arterial Highway,BASS,BASS COAST,-38.579414,145.57405,2019,10,October,13,Midday,Weekday
T20190019918,2019-10-11,10:00:00,1,Collision with vehicle,5,Friday,121,RIGHT THROUGH,1,646201,Not at intersection,2,60,Local Road,PURNELL,GEELONG,-38.07387,144.35628,2019,10,October,10,Midday,Weekday
T20190020048,2019-10-11,20:05:00,1,Collision with vehicle,5,Friday,111,RIGHT FAR (INTERSECTIONS ONLY),3,640,Cross intersection,3,60,Arterial Other,BORONIA,KNOX,-37.86258,145.28561,2019,10,October,20,Night,Weekday
T20190021209,2019-10-11,11:50:00,1,Collision with vehicle,5,Friday,130,REAR END(VEHICLES IN SAME LANE),1,598211,Not at intersection,3,70,Arterial Highway,OGILVIE,CAMPASPE,-36.14056,144.7455,2019,10,October,11,Midday,Weekday
T20190020011,2019-10-12,18:27:00,4,Collision with a fixed object,6,Saturday,141,U TURN INTO FIXED OBJECT/PARKED VEHICLE,1,629810,Not at intersection,2,50,Local Road,DONALD,LATROBE,-38.208714,146.55772,2019,10,October,18,Afternoon Peak,Weekend
T20190020013,2019-10-12,19:00:00,1,Collision with vehicle,6,Saturday,131,LEFT REAR,2,657223,Not at intersection,3,100,Arterial Other,MERRIANG,WHITTLESEA,-37.54668,145.03033,2019,10,October,19,Night,Weekend
T20190020865,2019-10-12,23:30:00,3,Struck animal,6,Saturday,167,STRUCK ANIMAL,3,596343,Not at intersection,3,100,Freeway,HUME OUT-NORTHERN,MITCHELL,-37.448624,144.97957,2019,10,October,23,Night,Weekend
T20190020016,2019-10-12,04:25:00,5,collision with some other object,6,Saturday,173,RIGHT OFF CARRIAGEWAY INTO OBJECT/PARKED VEHICLE,5,603205,Not at intersection,2,100,Local Road,PARNELL,MOIRA,-35.999035,145.65457,2019,10,October,4,Late Night,Weekend
T20190020018,2019-10-12,21:53:00,1,Collision with vehicle,6,Saturday,121,RIGHT THROUGH,5,42108,T intersection,2,60,Arterial Other,BLUFF,BAYSIDE,-37.94055,145.02328,2019,10,October,21,Night,Weekend
T20190026479,2019-10-12,20:30:00,1,Collision with vehicle,6,Saturday,136,RIGHT TURN SIDESWIPE,3,630909,Not at intersection,2,60,Local Road,MARSHALLTOWN,GEELONG,-38.19575,144.34312,2019,10,October,20,Night,Weekend
T20190020770,2019-10-12,18:40:00,1,Collision with vehicle,6,Saturday,130,REAR END(VEHICLES IN SAME LANE),2,602141,Cross intersection,3,100,Freeway,WEST GATE OUT-CITYLINK OUT,MELBOURNE,-37.826595,144.94733,2019,10,October,18,Afternoon Peak,Weekend
T20190021977,2019-10-12,09:00:00,3,Struck animal,6,Saturday,167,STRUCK ANIMAL,9,599068,Not at intersection,3,70,Local Road,CHURCHILL PARK,CASEY,-37.956295,145.2556,2019,10,October,9,Morning Peak,Weekend
T20190019958,2019-10-12,02:00:00,1,Collision with vehicle,6,Saturday,133,LANE SIDE SWIPE (VEHICLES IN PARALLEL LANES),5,657214,Not at intersection,3,80,Arterial Other,HUME,HUME,-37.59054,144.94215,2019,10,October,2,Late Night,Weekend
T20190019966,2019-10-12,07:00:00,4,Collision with a fixed object,6,Saturday,171,LEFT OFF CARRIAGEWAY INTO OBJECT/PARKED VEHICLE,2,629274,Not at intersection,2,100,Arterial Other,MERRIANG,WHITTLESEA,-37.49322,145.02583,2019,10,October,7,Morning Peak,Weekend
T20190020035,2019-10-12,07:09:00,1,Collision with vehicle,6,Saturday,140,U TURN,1,621448,Not at intersection,2,60,Arterial Other,CENTRE,DANDENONG,-37.932705,145.1524,2019,10,October,7,Morning Peak,Weekend
T20190020047,2019-10-12,21:50:00,4,Collision with a fixed object,6,Saturday,171,LEFT OFF CARRIAGEWAY INTO OBJECT/PARKED VEHICLE,5,592780,T intersection,2,100,Local Road,BACK KYNETON,BENDIGO,-36.927704,144.69792,2019,10,October,21,Night,Weekend
T20190019971,2019-10-12,11:00:00,4,Collision with a fixed object,6,Saturday,171,LEFT OFF CARRIAGEWAY INTO OBJECT/PARKED VEHICLE,1,657227,Not at intersection,3,70,Arterial Highway,HODDLE,YARRA,-37.80037,144.9929,2019,10,October,11,Midday,Weekend
T20190020020,2019-10-12,22:15:00,1,Collision with vehicle,6,Saturday,110,CROSS TRAFFIC(INTERSECTIONS ONLY),3,31378,Cross intersection,2,70,Arterial Other,MT DANDENONG,MAROONDAH,-37.80899,145.24753,2019,10,October,22,Night,Weekend
T20190019972,2019-10-12,10:35:00,6,Vehicle overturned (no collision),6,Saturday,174,OUT OF CONTROL ON CARRIAGEWAY (ON STRAIGHT),1,657215,Not at intersection,3,60,Arterial Other,CALEDONIA,NILLUMBIK,-37.597847,145.27768,2019,10,October,10,Midday,Weekend
T20190019975,2019-10-12,09:30:00,1,Collision with vehicle,6,Saturday,121,RIGHT THROUGH,1,1237,T intersection,3,60,Arterial Other,RESEARCH-WARRANDYTE,NILLUMBIK,-37.70366,145.17914,2019,10,October,9,Morning Peak,Weekend
T20190019976,2019-10-12,06:55:00,1,Collision with vehicle,6,Saturday,120,HEAD ON (NOT OVERTAKING),1,603337,Not at intersection,2,80,Arterial Other,BITTERN-DROMANA,MORNINGTON PENINSULA,-38.352528,145.05734,2019,10,October,6,Morning Peak,Weekend
T20190019979,2019-10-12,11:57:00,1,Collision with vehicle,6,Saturday,110,CROSS TRAFFIC(INTERSECTIONS ONLY),1,56741,Cross intersection,2,80,Local Road,CENTRAL,CASEY,-38.09461,145.25533,2019,10,October,11,Midday,Weekend
T20190020088,2019-10-12,22:10:00,2,Struck Pedestrian,6,Saturday,100,PED NEAR SIDE. PED HIT BY VEHICLE FROM THE RIGHT.,3,600474,Not at intersection,2,70,Arterial Highway,LATROBE,GEELONG,-38.1518,144.35178,2019,10,October,22,Night,Weekend
T20200004120,2019-10-12,07:46:00,4,Collision with a fixed object,6,Saturday,164,PERMANENT OBSTRUCTION ON CARRIAGEWAY,1,630929,Not at intersection,3,40,Arterial Other,TOORAK,STONNINGTON,-37.84371,145.0309,2019,10,October,7,Morning Peak,Weekend
T20190019980,2019-10-12,01:50:00,1,Collision with vehicle,6,Saturday,130,REAR END(VEHICLES IN SAME LANE),3,592521,Not at intersection,3,40,Freeway,WEST GATE,MELBOURNE,-37.832813,144.91391,2019,10,October,1,Late Night,Weekend
T20190019983,2019-10-12,10:18:00,1,Collision with vehicle,6,Saturday,120,HEAD ON (NOT OVERTAKING),1,600766,Not at intersection,3,100,Local Road,OLD YARRAGON,SOUTH GIPPSLAND,-38.334873,146.08215,2019,10,October,10,Midday,Weekend
T20190019986,2019-10-12,07:05:00,1,Collision with vehicle,6,Saturday,160,VEHICLE COLLIDES WITH VEHICLE PARKED ON LEFT OF ROAD,1,352990,Not at intersection,3,60,Arterial Other,KEYS,KINGSTON,-37.94949,145.07445,2019,10,October,7,Morning Peak,Weekend
T20190019987,2019-10-12,13:00:00,1,Collision with vehicle,6,Saturday,130,REAR END(VEHICLES IN SAME LANE),1,592776,Not at intersection,2,70,Arterial Highway,SETTLEMENT,GEELONG,-38.17547,144.35213,2019,10,October,13,Midday,Weekend
T20190020129,2019-10-12,17:00:00,1,Collision with vehicle,6,Saturday,142,LEAVING PARKING,9,36598,T intersection,3,50,Local Road,OXFORD,YARRA,-37.802162,144.98506,2019,10,October,17,Afternoon Peak,Weekend
T20190019994,2019-10-12,14:10:00,7,Fall from or in moving vehicle,6,Saturday,190,FELL IN/FROM VEHICLE,1,610737,Not at intersection,2,70,Arterial Other,CANTERBURY,YARRA RANGES,-37.812786,145.33505,2019,10,October,14,Midday,Weekend
T20190020051,2019-10-12,19:00:00,1,Collision with vehicle,6,Saturday,116,LEFT NEAR (INTERSECTIONS ONLY),2,646464,T intersection,3,80,Freeway,PRINCES,BAW BAW,-38.141884,145.88638,2019,10,October,19,Night,Weekend
T20190020017,2019-10-12,20:00:00,1,Collision with vehicle,6,Saturday,121,RIGHT THROUGH,3,30046,Cross intersection,3,80,Freeway,SOUTH GIPPSLAND,CASEY,-38.02608,145.24709,2019,10,October,20,Night,Weekend
T20190019996,2019-10-12,14:30:00,1,Collision with vehicle,6,Saturday,110,CROSS TRAFFIC(INTERSECTIONS ONLY),1,38987,Cross intersection,2,60,Arterial Other,AUBURN,BOROONDARA,-37.82524,145.04453,2019,10,October,14,Midday,Weekend
T20190020023,2019-10-12,05:45:00,8,No collision and no object struck,6,Saturday,172,OFF CARRIAGEWAY TO RIGHT,5,592523,Not at intersection,3,60,Arterial Other,OLD GEELONG,WYNDHAM,-37.853687,144.76392,2019,10,October,5,Morning Peak,Weekend
T20190019992,2019-10-12,15:05:00,7,Fall from or in moving vehicle,6,Saturday,190,FELL IN/FROM VEHICLE,1,592282,Not at intersection,2,50,Local Road,REGIONAL,HUME,-37.6353,144.94742,2019,10,October,15,Afternoon Peak,Weekend
T20190019999,2019-10-12,14:20:00,1,Collision with vehicle,6,Saturday,121,RIGHT THROUGH,1,279264,T intersection,2,70,Freeway,BACCHUS MARSH,GEELONG,-38.058605,144.35844,2019,10,October,14,Midday,Weekend
T20190020006,2019-10-12,16:20:00,1,Collision with vehicle,6,Saturday,130,REAR END(VEHICLES IN SAME LANE),1,11258,T intersection,2,80,Arterial Other,HUME,HUME,-37.591915,144.94249,2019,10,October,16,Afternoon Peak,Weekend
T20190020009,2019-10-12,19:30:00,1,Collision with vehicle,6,Saturday,163,VEHICLE STRIKES DOOR OF PARKED/STATIONARY VEHICLE,1,37704,T intersection,3,40,Local Road,CHAPEL,STONNINGTON,-37.849167,144.99377,2019,10,October,19,Night,Weekend
T20190020225,2019-10-13,03:42:00,4,Collision with a fixed object,7,Sunday,173,RIGHT OFF CARRIAGEWAY INTO OBJECT/PARKED VEHICLE,3,657475,Not at intersection,3,70,Local Road,MANCHESTER,YARRA RANGES,-37.778286,145.3126,2019,10,October,3,Late Night,Weekend
T20190020131,2019-10-13,17:30:00,4,Collision with a fixed object,7,Sunday,183,OFF LEFT BEND INTO OBJECT/PARKED VEHICLE,1,657523,Not at intersection,3,100,Arterial Highway,SOUTH GIPPSLAND,SOUTH GIPPSLAND,-38.61652,146.13806,2019,10,October,17,Afternoon Peak,Weekend
T20190020368,2019-10-13,12:54:00,4,Collision with a fixed object,7,Sunday,171,LEFT OFF CARRIAGEWAY INTO OBJECT/PARKED VEHICLE,1,643459,T intersection,3,60,Arterial Other,DUNCANS,WYNDHAM,-37.910168,144.67809,2019,10,October,12,Midday,Weekend
T20190020071,2019-10-13,15:12:00,1,Collision with vehicle,7,Sunday,140,U TURN,1,615573,Cross intersection,3,60,Arterial Other,CHANDLER,DANDENONG,-37.987373,145.18324,2019,10,October,15,Afternoon Peak,Weekend
T20190020070,2019-10-13,17:20:00,2,Struck Pedestrian,7,Sunday,103,PED PLAYING/LYING/WORKING/STANDING ON CARRIAGEWAY.,1,593307,Not at intersection,2,50,Local Road,MARSHALL,WHITEHORSE,-37.804897,145.14055,2019,10,October,17,Afternoon Peak,Weekend
T20190020093,2019-10-13,22:20:00,4,Collision with a fixed object,7,Sunday,173,RIGHT OFF CARRIAGEWAY INTO OBJECT/PARKED VEHICLE,5,620519,Not at intersection,1,100,Arterial Other,MYRTLEFORD-YACKANDANDAH,INDIGO,-36.404327,146.86182,2019,10,October,22,Night,Weekend
T20190020528,2019-10-13,15:00:00,1,Collision with vehicle,7,Sunday,110,CROSS TRAFFIC(INTERSECTIONS ONLY),1,659804,Cross intersection,3,30,Local Road,DAVISON,YARRA,-37.814453,145.00774,2019,10,October,15,Afternoon Peak,Weekend
T20190020092,2019-10-13,19:00:00,1,Collision with vehicle,7,Sunday,130,REAR END(VEHICLES IN SAME LANE),1,35359,T intersection,3,40,Local Road,BOURKE,MELBOURNE,-37.814247,144.96317,2019,10,October,19,Night,Weekend
T20190020265,2019-10-13,09:30:00,6,Vehicle overturned (no collision),7,Sunday,174,OUT OF CONTROL ON CARRIAGEWAY (ON STRAIGHT),1,595592,Not at intersection,2,100,Local Road,JACKS,HINDMARSH,-35.82911,141.9713,2019,10,October,9,Morning Peak,Weekend
T20190020061,2019-10-13,14:00:00,1,Collision with vehicle,7,Sunday,113,RIGHT NEAR (INTERSECTIONS ONLY),1,44385,T intersection,3,60,Arterial Other,POINT COOK,WYNDHAM,-37.90023,144.75356,2019,10,October,14,Midday,Weekend
T20190020060,2019-10-13,13:05:00,1,Collision with vehicle,7,Sunday,121,RIGHT THROUGH,1,55272,T intersection,3,60,Arterial Other,ADAM,BENDIGO,-36.776043,144.27377,2019,10,October,13,Midday,Weekend
T20190021889,2019-10-13,21:56:00,1,Collision with vehicle,7,Sunday,121,RIGHT THROUGH,3,608449,T intersection,3,70,Local Road,GLASSCOCKS,CASEY,-38.07376,145.3295,2019,10,October,21,Night,Weekend
T20190020058,2019-10-13,14:27:00,1,Collision with vehicle,7,Sunday,113,RIGHT NEAR (INTERSECTIONS ONLY),1,598478,Cross intersection,2,60,Arterial Other,MIDDLEBOROUGH,WHITEHORSE,-37.798794,145.14218,2019,10,October,14,Midday,Weekend
T20190020057,2019-10-13,03:00:00,4,Collision with a fixed object,7,Sunday,171,LEFT OFF CARRIAGEWAY INTO OBJECT/PARKED VEHICLE,5,603143,Not at intersection,1,100,Arterial Highway,WIMMERA,BENDIGO,-36.746273,144.10938,2019,10,October,3,Late Night,Weekend
T20190020054,2019-10-13,12:00:00,3,Struck animal,7,Sunday,167,STRUCK ANIMAL,1,592782,Not at intersection,3,80,Arterial Other,KANGAROO GROUND-WATTLE GLEN,NILLUMBIK,-37.68135,145.20786,2019,10,October,12,Midday,Weekend
T20190020053,2019-10-13,12:50:00,4,Collision with a fixed object,7,Sunday,173,RIGHT OFF CARRIAGEWAY INTO OBJECT/PARKED VEHICLE,1,593041,Not at intersection,3,80,Local Road,VICTORIA,YARRA RANGES,-37.76753,145.45885,2019,10,October,12,Midday,Weekend
T20190020042,2019-10-13,10:40:00,2,Struck Pedestrian,7,Sunday,100,PED NEAR SIDE. PED HIT BY VEHICLE FROM THE RIGHT.,1,657474,Not at intersection,3,60,Local Road,NORMAN,BALLARAT,-37.532063,143.82143,2019,10,October,10,Midday,Weekend
T20190020050,2019-10-13,11:42:00,1,Collision with vehicle,7,Sunday,113,RIGHT NEAR (INTERSECTIONS ONLY),1,35529,T intersection,3,60,Arterial Other,CANTERBURY,WHITEHORSE,-37.832333,145.15227,2019,10,October,11,Midday,Weekend
T20190020049,2019-10-13,11:20:00,1,Collision with vehicle,7,Sunday,132,RIGHT REAR.,1,601332,T intersection,2,60,Arterial Highway,ESPLANADE,EAST GIPPSLAND,-37.882572,147.97583,2019,10,October,11,Midday,Weekend
T20190020031,2019-10-13,02:14:00,1,Collision with vehicle,7,Sunday,120,HEAD ON (NOT OVERTAKING),3,609586,Cross intersection,3,60,Arterial Other,BALLARAT,MARIBYRNONG,-37.78709,144.87938,2019,10,October,2,Late Night,Weekend
T20190020090,2019-10-13,14:54:00,4,Collision with a fixed object,7,Sunday,173,RIGHT OFF CARRIAGEWAY INTO OBJECT/PARKED VEHICLE,1,594302,Not at intersection,2,100,Local Road,AXE CREEK,BENDIGO,-36.82356,144.3926,2019,10,October,14,Midday,Weekend
T20190020024,2019-10-13,00:45:00,1,Collision with vehicle,7,Sunday,130,REAR END(VEHICLES IN SAME LANE),3,67554,T intersection,3,50,Local Road,FERGUSON,HOBSONS BAY,-37.8587,144.89606,2019,10,October,0,Late Night,Weekend
T20190020025,2019-10-13,00:10:00,6,Vehicle overturned (no collision),7,Sunday,180,OFF CARRIAGEWAY ON RIGHT BEND,5,592778,Not at intersection,3,80,Local Road,MCDONALDS,BAW BAW,-38.26613,145.993,2019,10,October,0,Late Night,Weekend
T20190021370,2019-10-13,06:00:00,1,Collision with vehicle,7,Sunday,163,VEHICLE STRIKES DOOR OF PARKED/STATIONARY VEHICLE,2,597933,Not at intersection,3,40,Local Road,JOLIMONT,MELBOURNE,-37.817856,144.98189,2019,10,October,6,Morning Peak,Weekend
T20190020087,2019-10-13,19:16:00,1,Collision with vehicle,7,Sunday,152,PULLING OUT (OVERTAKING),2,67789,Cross intersection,2,50,Local Road,GELLIBRAND,HOBSONS BAY,-37.864986,144.88815,2019,10,October,19,Night,Weekend
T20190020086,2019-10-13,20:20:00,1,Collision with vehicle,7,Sunday,121,RIGHT THROUGH,3,43297,Cross intersection,2,60,Arterial Highway,NEPEAN,KINGSTON,-38.055855,145.11752,2019,10,October,20,Night,Weekend
T20190020084,2019-10-13,09:10:00,1,Collision with vehicle,7,Sunday,130,REAR END(VEHICLES IN SAME LANE),1,600473,Not at intersection,3,60,Arterial Other,STATION,DAREBIN,-37.781143,145.01776,2019,10,October,9,Morning Peak,Weekend
T20190020083,2019-10-13,19:30:00,1,Collision with vehicle,7,Sunday,110,CROSS TRAFFIC(INTERSECTIONS ONLY),2,20901,Cross intersection,2,80,Arterial Other,OLD SALE,BAW BAW,-38.089615,145.83171,2019,10,October,19,Night,Weekend
T20190020082,2019-10-13,16:45:00,4,Collision with a fixed object,7,Sunday,181,OFF RIGHT BEND INTO OBJECT/PARKED VEHICLE,1,592398,Y intersection,1,100,Arterial Other,NORTHERN GRAMPIANS,HORSHAM,-36.843067,142.34004,2019,10,October,16,Afternoon Peak,Weekend
T20190020081,2019-10-13,15:59:00,1,Collision with vehicle,7,Sunday,111,RIGHT FAR (INTERSECTIONS ONLY),1,47128,T intersection,1,80,Arterial Highway,SOUTH GIPPSLAND,CASEY,-38.15997,145.31837,2019,10,October,15,Afternoon Peak,Weekend
T20190020950,2019-10-13,16:00:00,6,Vehicle overturned (no collision),7,Sunday,174,OUT OF CONTROL ON CARRIAGEWAY (ON STRAIGHT),1,595609,Not at intersection,3,50,Local Road,HANNA,DANDENONG,-37.9778,145.19077,2019,10,October,16,Afternoon Peak,Weekend
T20190020080,2019-10-13,17:30:00,4,Collision with a fixed object,7,Sunday,173,RIGHT OFF CARRIAGEWAY INTO OBJECT/PARKED VEHICLE,1,616437,Not at intersection,2,50,Local Road,CANTERBURY,HUME,-37.559265,144.71057,2019,10,October,17,Afternoon Peak,Weekend
T20190020077,2019-10-13,18:05:00,1,Collision with vehicle,7,Sunday,139,OTHER SAME DIRECTION-MANOUEVRES NOT INCLUDED IN DCAs 130-137,1,593308,Not at intersection,2,80,Arterial Highway,PLENTY,BANYULE,-37.705395,145.05449,2019,10,October,18,Afternoon Peak,Weekend
T20190020029,2019-10-13,02:34:00,2,Struck Pedestrian,7,Sunday,104,PED WALKING WITH TRAFFIC,5,600155,Not at intersection,3,50,Local Road,BARBERS,WARRNAMBOOL,-38.37023,142.48105,2019,10,October,2,Late Night,Weekend
T20200004109,2019-10-13,13:55:00,4,Collision with a fixed object,7,Sunday,171,LEFT OFF CARRIAGEWAY INTO OBJECT/PARKED VEHICLE,1,630618,Not at intersection,3,60,Arterial Highway,CRESWICK ROAD SERVICE,BALLARAT,-37.55046,143.85043,2019,10,October,13,Midday,Weekend
T20190020074,2019-10-13,18:09:00,1,Collision with vehicle,7,Sunday,147,VEHICLE STRIKES ANOTHER VEH WHILE EMERGING FROM DRIVEWAY,1,592783,Not at intersection,3,80,Arterial Highway,SPRINGVALE,MONASH,-37.888176,145.16426,2019,10,October,18,Afternoon Peak,Weekend
T20190020072,2019-10-13,18:00:00,1,Collision with vehicle,7,Sunday,147,VEHICLE STRIKES ANOTHER VEH WHILE EMERGING FROM DRIVEWAY,1,646796,Not at intersection,3,60,Local Road,HARVEST HOME,WHITTLESEA,-37.622547,145.02394,2019,10,October,18,Afternoon Peak,Weekend
T20190020174,2019-10-14,17:22:00,1,Collision with vehicle,1,Monday,137,LEFT TURN SIDESWIPE,1,52922,T intersection,3,60,Arterial Other,GRANT,BALLARAT,-37.56768,143.85909,2019,10,October,17,Afternoon Peak,Weekday
T20200017816,2019-10-14,12:00:00,1,Collision with vehicle,1,Monday,119,OTHER ADJACENT (INTERSECTIONS ONLY),1,56970,T intersection,3,50,Local Road,LAUDERDALE,CASEY,-38.024517,145.31044,2019,10,October,12,Midday,Weekday
T20190020209,2019-10-14,17:30:00,5,collision with some other object,1,Monday,181,OFF RIGHT BEND INTO OBJECT/PARKED VEHICLE,1,593315,Not at intersection,3,100,Local Road,OLD SYDNEY,MITCHELL,-37.39514,144.95851,2019,10,October,17,Afternoon Peak,Weekday
T20190020123,2019-10-14,14:00:00,1,Collision with vehicle,1,Monday,132,RIGHT REAR.,1,592786,Not at intersection,3,70,Arterial Other,KURRAK,NILLUMBIK,-37.650276,145.11841,2019,10,October,14,Midday,Weekday
T20190020215,2019-10-14,08:00:00,8,No collision and no object struck,1,Monday,174,OUT OF CONTROL ON CARRIAGEWAY (ON STRAIGHT),2,595591,T intersection,2,50,Arterial Other,SREDNA,MARIBYRNONG,-37.799614,144.86118,2019,10,October,8,Morning Peak,Weekday
T20190020136,2019-10-14,17:05:00,1,Collision with vehicle,1,Monday,134,LANE CHANGE RIGHT (NOT OVERTAKING),1,647100,Cross intersection,3,100,Arterial Highway,MOOROODUC,MORNINGTON PENINSULA,-38.25491,145.0791,2019,10,October,17,Afternoon Peak,Weekday
T20190020173,2019-10-14,12:35:00,1,Collision with vehicle,1,Monday,160,VEHICLE COLLIDES WITH VEHICLE PARKED ON LEFT OF ROAD,1,608296,Cross intersection,2,60,Arterial Other,BALWYN,BOROONDARA,-37.79562,145.08467,2019,10,October,12,Midday,Weekday
T20190020127,2019-10-14,10:10:00,1,Collision with vehicle,1,Monday,130,REAR END(VEHICLES IN SAME LANE),1,647099,T intersection,2,60,Arterial Other,ECHUCA,SHEPPARTON,-36.387882,145.3559,2019,10,October,10,Midday,Weekday
T20190020135,2019-10-14,15:30:00,1,Collision with vehicle,1,Monday,110,CROSS TRAFFIC(INTERSECTIONS ONLY),1,317347,Cross intersection,3,60,Local Road,MCWILLIAM,DANDENONG,-37.9385,145.16608,2019,10,October,15,Afternoon Peak,Weekday
T20190021010,2019-10-14,18:00:00,1,Collision with vehicle,1,Monday,130,REAR END(VEHICLES IN SAME LANE),1,50347,T intersection,3,60,Arterial Highway,SOUTH GIPPSLAND,SOUTH GIPPSLAND,-38.343082,145.645,2019,10,October,18,Afternoon Peak,Weekday
T20190020121,2019-10-14,14:01:00,1,Collision with vehicle,1,Monday,110,CROSS TRAFFIC(INTERSECTIONS ONLY),1,51004,Cross intersection,3,60,Local Road,PERRY,WANGARATTA,-36.36296,146.3176,2019,10,October,14,Midday,Weekday
T20190021464,2019-10-14,13:57:00,1,Collision with vehicle,1,Monday,116,LEFT NEAR (INTERSECTIONS ONLY),1,586480,T intersection,2,60,Local Road,CENTENARY,MELTON,-37.673965,144.57825,2019,10,October,13,Midday,Weekday
T20190020119,2019-10-14,12:30:00,8,No collision and no object struck,1,Monday,184,OUT OF CONTROL ON CARRIAGEWAY (ON BEND),1,595299,Not at intersection,2,100,Local Road,SEYMOUR-PYALONG,MITCHELL,-37.120426,144.88254,2019,10,October,12,Midday,Weekday
T20190020134,2019-10-14,15:00:00,1,Collision with vehicle,1,Monday,116,LEFT NEAR (INTERSECTIONS ONLY),1,62929,Cross intersection,2,60,Arterial Other,MURRAY,DAREBIN,-37.736183,144.98549,2019,10,October,15,Afternoon Peak,Weekday
T20190020133,2019-10-14,16:00:00,2,Struck Pedestrian,1,Monday,107,PED ON FOOTHPATH STRUCK BY VEHENTERING/LEAVING DRIVEWAY.,1,600330,Private property,3,50,Local Road,CLIFF,GLENELG,-38.352196,141.60951,2019,10,October,16,Afternoon Peak,Weekday
T20190020142,2019-10-14,14:20:00,1,Collision with vehicle,1,Monday,110,CROSS TRAFFIC(INTERSECTIONS ONLY),1,593817,Cross intersection,3,80,Arterial Highway,NEPEAN,MORNINGTON PENINSULA,-38.215153,145.06349,2019,10,October,14,Midday,Weekday
T20190020742,2019-10-14,17:53:00,1,Collision with vehicle,1,Monday,116,LEFT NEAR (INTERSECTIONS ONLY),9,595318,T intersection,3,60,Local Road,RACECOURSE,MORNINGTON PENINSULA,-38.251266,145.05858,2019,10,October,17,Afternoon Peak,Weekday
T20190020110,2019-10-14,11:15:00,4,Collision with a fixed object,1,Monday,171,LEFT OFF CARRIAGEWAY INTO OBJECT/PARKED VEHICLE,1,657550,Not at intersection,3,80,Arterial Highway,SPRINGVALE,KINGSTON,-38.009468,145.14102,2019,10,October,11,Midday,Weekday
T20190020152,2019-10-14,14:25:00,1,Collision with vehicle,1,Monday,120,HEAD ON (NOT OVERTAKING),1,593042,T intersection,3,50,Local Road,SCARLET,KINGSTON,-37.989025,145.0952,2019,10,October,14,Midday,Weekday
T20190020108,2019-10-14,09:40:00,1,Collision with vehicle,1,Monday,130,REAR END(VEHICLES IN SAME LANE),1,592785,Not at intersection,2,80,Freeway,WEST GATE,MELBOURNE,-37.8263,144.93118,2019,10,October,9,Morning Peak,Weekday
T20190020147,2019-10-14,17:42:00,1,Collision with vehicle,1,Monday,132,RIGHT REAR.,1,657545,Not at intersection,3,70,Arterial Other,NORTHERN ROUTE,MANNINGHAM,-37.760128,145.13873,2019,10,October,17,Afternoon Peak,Weekday
T20190020130,2019-10-14,13:57:00,1,Collision with vehicle,1,Monday,160,VEHICLE COLLIDES WITH VEHICLE PARKED ON LEFT OF ROAD,1,624796,Not at intersection,2,50,Local Road,GREENHILLS,MELTON,-37.670437,144.57729,2019,10,October,13,Midday,Weekday
T20190020467,2019-10-14,10:20:00,7,Fall from or in moving vehicle,1,Monday,190,FELL IN/FROM VEHICLE,1,594062,Not at intersection,3,50,Local Road,LYGON,MELBOURNE,-37.786613,144.96935,2019,10,October,10,Midday,Weekday
T20190020176,2019-10-14,21:45:00,3,Struck animal,1,Monday,167,STRUCK ANIMAL,5,636062,Not at intersection,3,100,Local Road,PINNUCKS,MOIRA,-35.964165,145.48619,2019,10,October,21,Night,Weekday
T20190020193,2019-10-14,17:10:00,1,Collision with vehicle,1,Monday,146,REVERSING INTO FIXED OBJECT/PARKED VEHICLE,1,647102,Not at intersection,3,50,Local Road,PROVINCE,GEELONG,-38.161724,144.30809,2019,10,October,17,Afternoon Peak,Weekday
T20190020655,2019-10-14,20:11:00,1,Collision with vehicle,1,Monday,135,LANE CHANGE LEFT (NOT OVERTAKING),3,595847,Not at intersection,3,100,Freeway,PRINCES,HOBSONS BAY,-37.867504,144.77257,2019,10,October,20,Night,Weekday