ACCIDENT_NO,ACCIDENT_DATE,ACCIDENT_TIME,ACCIDENT_TYPE,ACCIDENT_TYPE_DESC,DAY_OF_WEEK,DAY_WEEK_DESC,DCA_CODE,DCA_DESC,LIGHT_CONDITION,NODE_ID,ROAD_GEOMETRY_DESC,SEVERITY,SPEED_ZONE,RMA,ROAD_NAME,LGA_NAME,LATITUDE,LONGITUDE,YEAR,MONTH,MONTH_NAME,HOUR,TIME_PERIOD,DAY_TYPE
T20190020194,2019-10-14,14:45:00,4,Collision with a fixed object,1,Monday,181,OFF RIGHT BEND INTO OBJECT/PARKED VEHICLE,1,625314,Not at intersection,3,80,Arterial Other,KORUMBURRA-WONTHAGGI,SOUTH GIPPSLAND,-38.4605,145.78903,2019,10,October,14,Midday,Weekday
T20190022506,2019-10-14,10:30:00,8,No collision and no object struck,1,Monday,174,OUT OF CONTROL ON CARRIAGEWAY (ON STRAIGHT),1,602161,Not at intersection,3,60,Local Road,HIGH,GEELONG,-38.16904,144.41113,2019,10,October,10,Midday,Weekday
T20190020103,2019-10-14,08:02:00,1,Collision with vehicle,1,Monday,116,LEFT NEAR (INTERSECTIONS ONLY),1,657551,T intersection,3,100,Arterial Other,FRANKSTON-FLINDERS,MORNINGTON PENINSULA,-38.461895,145.02133,2019,10,October,8,Morning Peak,Weekday
T20190020204,2019-10-14,16:50:00,1,Collision with vehicle,1,Monday,129,OTHER OPPOSING MANOEUVRES NOT INCLUDED IN DCAs 120-125.,1,593314,Not at intersection,3,40,Local Road,GARNET,DAREBIN,-37.745697,145.0007,2019,10,October,16,Afternoon Peak,Weekday
T20190020153,2019-10-14,17:00:00,1,Collision with vehicle,1,Monday,129,OTHER OPPOSING MANOEUVRES NOT INCLUDED IN DCAs 120-125.,1,594560,Not at intersection,3,60,Local Road,HUME,MELTON,-37.71016,144.74115,2019,10,October,17,Afternoon Peak,Weekday
T20190020099,2019-10-14,05:25:00,4,Collision with a fixed object,1,Monday,173,RIGHT OFF CARRIAGEWAY INTO OBJECT/PARKED VEHICLE,3,599329,Not at intersection,3,80,Arterial Other,DORSET,MAROONDAH,-37.824154,145.28766,2019,10,October,5,Morning Peak,Weekday
T20190020205,2019-10-14,15:30:00,1,Collision with vehicle,1,Monday,130,REAR END(VEHICLES IN SAME LANE),1,594304,Not at intersection,3,80,Arterial Highway,DANDENONG,MONASH,-37.91119,145.12222,2019,10,October,15,Afternoon Peak,Weekday
T20190020286,2019-10-15,15:40:00,1,Collision with vehicle,2,Tuesday,147,VEHICLE STRIKES ANOTHER VEH WHILE EMERGING FROM DRIVEWAY,1,594815,Not at intersection,3,60,Local Road,STATION,KINGSTON,-38.022438,145.09932,2019,10,October,15,Afternoon Peak,Weekday
T20190020287,2019-10-15,18:08:00,1,Collision with vehicle,2,Tuesday,113,RIGHT NEAR (INTERSECTIONS ONLY),2,594059,T intersection,3,80,Arterial Other,FERNTREE GULLY,MONASH,-37.901978,145.14917,2019,10,October,18,Afternoon Peak,Weekday
T20190020289,2019-10-15,18:05:00,1,Collision with vehicle,2,Tuesday,132,RIGHT REAR.,1,222110,T intersection,3,60,Arterial Other,PASCOE VALE,HUME,-37.68239,144.9194,2019,10,October,18,Afternoon Peak,Weekday
T20190020436,2019-10-15,09:10:00,1,Collision with vehicle,2,Tuesday,145,REVERSING IN STREAM OF TRAFFIC,1,593826,Not at intersection,3,60,Arterial Other,ROYAL PARADE SERVICE,MELBOURNE,-37.795425,144.95828,2019,10,October,9,Morning Peak,Weekday
T20190021028,2019-10-15,20:10:00,1,Collision with vehicle,2,Tuesday,147,VEHICLE STRIKES ANOTHER VEH WHILE EMERGING FROM DRIVEWAY,3,657628,Not at intersection,3,50,Arterial Other,MURRAY,DAREBIN,-37.73781,145.00238,2019,10,October,20,Night,Weekday
T20220028295,2019-10-15,20:30:00,1,Collision with vehicle,2,Tuesday,130,REAR END(VEHICLES IN SAME LANE),6,210659,Cross intersection,3,80,Arterial Highway,PRINCES,CASEY,-38.025246,145.3053,2019,10,October,20,Night,Weekday
T20190020711,2019-10-15,18:16:00,2,Struck Pedestrian,2,Tuesday,100,PED NEAR SIDE. PED HIT BY VEHICLE FROM THE RIGHT.,1,657629,Not at intersection,3,30,Local Road,ARRIVAL,HUME,-37.67021,144.8495,2019,10,October,18,Afternoon Peak,Weekday
T20190020633,2019-10-15,20:00:00,2,Struck Pedestrian,2,Tuesday,106,VEH STRIKES PED ON FOOTPATH/MEDIAN/TRAFFIC ISLAND.,9,647417,Not at intersection,3,60,Arterial Highway,MAROONDAH,WHITEHORSE,-37.81832,145.12682,2019,10,October,20,Night,Weekday
T20190021172,2019-10-15,17:00:00,1,Collision with vehicle,2,Tuesday,163,VEHICLE STRIKES DOOR OF PARKED/STATIONARY VEHICLE,9,597144,Not at intersection,3,50,Local Road,BRUCE,STONNINGTON,-37.83721,145.00882,2019,10,October,17,Afternoon Peak,Weekday
T20190020181,2019-10-15,10:54:00,1,Collision with vehicle,2,Tuesday,130,REAR END(VEHICLES IN SAME LANE),1,10475,Cross intersection,2,80,Arterial Highway,PRINCES,GEELONG,-38.09885,144.35526,2019,10,October,10,Midday,Weekday
T20200003796,2019-10-15,05:30:00,1,Collision with vehicle,2,Tuesday,130,REAR END(VEHICLES IN SAME LANE),2,657632,Not at intersection,3,100,Freeway,MONASH,CASEY,-38.01717,145.30794,2019,10,October,5,Morning Peak,Weekday
T20190020243,2019-10-15,15:20:00,1,Collision with vehicle,2,Tuesday,121,RIGHT THROUGH,1,42862,Cross intersection,3,60,Arterial Other,CENTRE DANDENONG,KINGSTON,-37.975807,145.12256,2019,10,October,15,Afternoon Peak,Weekday
T20190020242,2019-10-15,06:15:00,1,Collision with vehicle,2,Tuesday,131,LEFT REAR,3,657631,Cross intersection,3,60,Arterial Other,BOUNDARY ROAD -FITZGERALD,WYNDHAM,-37.813793,144.7876,2019,10,October,6,Morning Peak,Weekday
T20190020237,2019-10-15,22:58:00,1,Collision with vehicle,2,Tuesday,132,RIGHT REAR.,3,45467,T intersection,3,60,Arterial Other,MT ALEXANDER,MOONEE VALLEY,-37.777767,144.9299,2019,10,October,22,Night,Weekday
T20190020235,2019-10-15,20:50:00,4,Collision with a fixed object,2,Tuesday,171,LEFT OFF CARRIAGEWAY INTO OBJECT/PARKED VEHICLE,3,608297,Not at intersection,2,80,Arterial Other,VINEYARD,HUME,-37.60675,144.71216,2019,10,October,20,Night,Weekday
T20190020234,2019-10-15,18:49:00,1,Collision with vehicle,2,Tuesday,110,CROSS TRAFFIC(INTERSECTIONS ONLY),1,52035,Cross intersection,1,100,Local Road,DENISON,WELLINGTON,-38.094097,146.80681,2019,10,October,18,Afternoon Peak,Weekday
T20190020221,2019-10-15,17:21:00,1,Collision with vehicle,2,Tuesday,121,RIGHT THROUGH,1,38123,T intersection,2,40,Arterial Other,UPPER HEIDELBERG,BANYULE,-37.769638,145.04141,2019,10,October,17,Afternoon Peak,Weekday
T20190020220,2019-10-15,11:45:00,1,Collision with vehicle,2,Tuesday,130,REAR END(VEHICLES IN SAME LANE),9,647414,Not at intersection,3,50,Local Road,MAIN,YARRA RANGES,-37.75699,145.35759,2019,10,October,11,Midday,Weekday
T20190020217,2019-10-15,17:46:00,1,Collision with vehicle,2,Tuesday,113,RIGHT NEAR (INTERSECTIONS ONLY),1,123,T intersection,3,60,Local Road,CREEK,MELTON,-37.70387,144.57489,2019,10,October,17,Afternoon Peak,Weekday
T20190020199,2019-10-15,12:49:00,1,Collision with vehicle,2,Tuesday,130,REAR END(VEHICLES IN SAME LANE),1,652622,Not at intersection,2,80,Arterial Other,DORSET,MAROONDAH,-37.826515,145.28757,2019,10,October,12,Midday,Weekday
T20190020196,2019-10-15,08:45:00,1,Collision with vehicle,2,Tuesday,163,VEHICLE STRIKES DOOR OF PARKED/STATIONARY VEHICLE,1,647413,Not at intersection,3,50,Local Road,QUEEN,MORELAND,-37.747517,144.95056,2019,10,October,8,Morning Peak,Weekday
T20190020191,2019-10-15,11:55:00,1,Collision with vehicle,2,Tuesday,135,LANE CHANGE LEFT (NOT OVERTAKING),1,602137,Not at intersection,2,100,Freeway,METROPOLITAN RING,WHITTLESEA,-37.686073,145.01935,2019,10,October,11,Midday,Weekday
T20190020355,2019-10-15,20:30:00,4,Collision with a fixed object,2,Tuesday,175,OFF END OF ROAD/T-INTERSECTION.,5,593821,T intersection,3,60,Local Road,AVENEL,MITCHELL,-37.010983,145.15352,2019,10,October,20,Night,Weekday
T20190021371,2019-10-15,06:50:00,1,Collision with vehicle,2,Tuesday,130,REAR END(VEHICLES IN SAME LANE),1,602451,Not at intersection,3,100,Freeway,WESTERN RING,BRIMBANK,-37.741283,144.84792,2019,10,October,6,Morning Peak,Weekday
T20190020937,2019-10-15,17:30:00,1,Collision with vehicle,2,Tuesday,130,REAR END(VEHICLES IN SAME LANE),9,351849,Cross intersection,3,80,Arterial Other,RESERVOIR,HUME,-37.643764,144.92908,2019,10,October,17,Afternoon Peak,Weekday
T20190020846,2019-10-15,13:30:00,1,Collision with vehicle,2,Tuesday,132,RIGHT REAR.,9,599872,Cross intersection,3,50,Local Road,BLAIR,HUME,-37.686066,144.92691,2019,10,October,13,Midday,Weekday
T20190020162,2019-10-15,04:50:00,8,No collision and no object struck,2,Tuesday,174,OUT OF CONTROL ON CARRIAGEWAY (ON STRAIGHT),3,607517,Multiple intersection,3,50,Arterial Other,ANAKIE ROAD -VINES,GEELONG,-38.11653,144.3293,2019,10,October,4,Late Night,Weekday
T20190020164,2019-10-15,06:35:00,1,Collision with vehicle,2,Tuesday,135,LANE CHANGE LEFT (NOT OVERTAKING),2,595301,Not at intersection,2,100,Freeway,WESTERN,MELTON,-37.69485,144.58795,2019,10,October,6,Morning Peak,Weekday
T20190020188,2019-10-15,08:13:00,1,Collision with vehicle,2,Tuesday,110,CROSS TRAFFIC(INTERSECTIONS ONLY),1,593312,Cross intersection,3,50,Local Road,MURRAY,COLAC OTWAY,-38.751038,143.66528,2019,10,October,8,Morning Peak,Weekday
T20190020187,2019-10-15,11:30:00,1,Collision with vehicle,2,Tuesday,121,RIGHT THROUGH,1,340540,Cross intersection,2,70,Arterial Other,BALLARAT,BRIMBANK,-37.776966,144.82874,2019,10,October,11,Midday,Weekday
T20190020185,2019-10-15,11:40:00,1,Collision with vehicle,2,Tuesday,130,REAR END(VEHICLES IN SAME LANE),1,597791,Not at intersection,2,60,Arterial Highway,BANKSIA,BANYULE,-37.759712,145.06923,2019,10,October,11,Midday,Weekday
T20190020175,2019-10-15,10:00:00,1,Collision with vehicle,2,Tuesday,130,REAR END(VEHICLES IN SAME LANE),1,357716,Not at intersection,3,70,Arterial Highway,DANDENONG,MONASH,-37.91423,145.12704,2019,10,October,10,Midday,Weekday
T20190022321,2019-10-15,17:30:00,1,Collision with vehicle,2,Tuesday,121,RIGHT THROUGH,1,246030,T intersection,3,60,Arterial Other,MT ALEXANDER,MOONEE VALLEY,-37.76147,144.92183,2019,10,October,17,Afternoon Peak,Weekday
T20200009788,2019-10-16,18:20:00,1,Collision with vehicle,3,Wednesday,130,REAR END(VEHICLES IN SAME LANE),2,653207,Cross intersection,3,60,Local Road,EVANS,CASEY,-38.079914,145.25815,2019,10,October,18,Afternoon Peak,Weekday
T20190024454,2019-10-16,12:52:00,4,Collision with a fixed object,3,Wednesday,181,OFF RIGHT BEND INTO OBJECT/PARKED VEHICLE,1,657724,Not at intersection,3,50,Local Road,THOMPSON,NILLUMBIK,-37.707527,145.18042,2019,10,October,12,Midday,Weekday
T20190021619,2019-10-16,13:20:00,1,Collision with vehicle,3,Wednesday,130,REAR END(VEHICLES IN SAME LANE),1,172539,Not at intersection,3,40,Arterial Highway,PALL MALL,BENDIGO,-36.75866,144.2799,2019,10,October,13,Midday,Weekday
T20190020293,2019-10-16,14:54:00,1,Collision with vehicle,3,Wednesday,130,REAR END(VEHICLES IN SAME LANE),1,25,T intersection,2,80,Arterial Highway,FRANKSTON-DANDENONG,DANDENONG,-38.028713,145.21254,2019,10,October,14,Midday,Weekday
T20190020454,2019-10-16,16:20:00,1,Collision with vehicle,3,Wednesday,130,REAR END(VEHICLES IN SAME LANE),9,647744,Not at intersection,3,80,Arterial Other,CRANBOURNE,FRANKSTON,-38.150726,145.15112,2019,10,October,16,Afternoon Peak,Weekday
T20200004797,2019-10-16,14:00:00,1,Collision with vehicle,3,Wednesday,130,REAR END(VEHICLES IN SAME LANE),1,314226,Not at intersection,3,60,Arterial Highway,PRINCES HIGHWAY,PORT PHILLIP,-37.829014,144.96327,2019,10,October,14,Midday,Weekday
T20190020285,2019-10-16,15:30:00,1,Collision with vehicle,3,Wednesday,132,RIGHT REAR.,1,277084,Multiple intersection,3,80,Freeway,WESTERN IN-BACCHUS MARSH,MOORABOOL,-37.664097,144.41553,2019,10,October,15,Afternoon Peak,Weekday
T20190020251,2019-10-16,09:30:00,1,Collision with vehicle,3,Wednesday,163,VEHICLE STRIKES DOOR OF PARKED/STATIONARY VEHICLE,1,593316,Not at intersection,3,40,Local Road,WILLIAM,MELBOURNE,-37.814186,144.95753,2019,10,October,9,Morning Peak,Weekday
T20190020430,2019-10-16,18:00:00,1,Collision with vehicle,3,Wednesday,110,CROSS TRAFFIC(INTERSECTIONS ONLY),1,360035,Cross intersection,2,100,Arterial Other,TATURA-UNDERA,SHEPPARTON,-36.37262,145.22287,2019,10,October,18,Afternoon Peak,Weekday
T20190020282,2019-10-16,10:10:00,1,Collision with vehicle,3,Wednesday,111,RIGHT FAR (INTERSECTIONS ONLY),1,65743,Cross intersection,3,40,Local Road,ELIZABETH,MELBOURNE,-37.810318,144.96136,2019,10,October,10,Midday,Weekday
T20190020300,2019-10-16,15:10:00,1,Collision with vehicle,3,Wednesday,130,REAR END(VEHICLES IN SAME LANE),1,608114,Not at intersection,2,100,Freeway,PRINCES,HOBSONS BAY,-37.834576,144.80696,2019,10,October,15,Afternoon Peak,Weekday
T20190020350,2019-10-16,20:40:00,1,Collision with vehicle,3,Wednesday,121,RIGHT THROUGH,3,358021,Multiple intersection,3,80,Freeway,CRANBOURNE-PENINSULA LINK IN,FRANKSTON,-38.155556,145.16756,2019,10,October,20,Night,Weekday
T20200002168,2019-10-16,07:40:00,1,Collision with vehicle,3,Wednesday,113,RIGHT NEAR (INTERSECTIONS ONLY),9,647774,T intersection,3,70,Arterial Highway,NORTH,MONASH,-37.91334,145.11656,2019,10,October,7,Morning Peak,Weekday
T20190022947,2019-10-16,20:10:00,1,Collision with vehicle,3,Wednesday,121,RIGHT THROUGH,3,617,Cross intersection,3,60,Arterial Other,BLACKBURN,MONASH,-37.872204,145.14839,2019,10,October,20,Night,Weekday
T20190020318,2019-10-16,10:45:00,1,Collision with vehicle,3,Wednesday,110,CROSS TRAFFIC(INTERSECTIONS ONLY),9,350873,Cross intersection,2,80,Arterial Highway,CRESWICK,BALLARAT,-37.527527,143.84848,2019,10,October,10,Midday,Weekday
T20190020351,2019-10-16,06:20:00,1,Collision with vehicle,3,Wednesday,130,REAR END(VEHICLES IN SAME LANE),1,89654,Cross intersection,3,70,Arterial Other,YORK,YARRA RANGES,-37.796906,145.35968,2019,10,October,6,Morning Peak,Weekday
T20190020299,2019-10-16,17:20:00,1,Collision with vehicle,3,Wednesday,130,REAR END(VEHICLES IN SAME LANE),2,593818,Not at intersection,3,100,Freeway,WESTERN RING,WYNDHAM,-37.82211,144.81078,2019,10,October,17,Afternoon Peak,Weekday
T20190020250,2019-10-16,08:40:00,1,Collision with vehicle,3,Wednesday,147,VEHICLE STRIKES ANOTHER VEH WHILE EMERGING FROM DRIVEWAY,1,657720,Not at intersection,3,50,Local Road,KILBY,BOROONDARA,-37.792923,145.0599,2019,10,October,8,Morning Peak,Weekday
T20190020279,2019-10-16,08:58:00,1,Collision with vehicle,3,Wednesday,110,CROSS TRAFFIC(INTERSECTIONS ONLY),1,29495,Cross intersection,3,60,Arterial Other,PLENTY,DAREBIN,-37.74315,145.00812,2019,10,October,8,Morning Peak,Weekday
T20190020610,2019-10-16,20:15:00,1,Collision with vehicle,3,Wednesday,130,REAR END(VEHICLES IN SAME LANE),2,595597,Not at intersection,3,60,Arterial Highway,WARRIGAL,MONASH,-37.88321,145.09015,2019,10,October,20,Night,Weekday
T20190020334,2019-10-16,12:37:00,1,Collision with vehicle,3,Wednesday,111,RIGHT FAR (INTERSECTIONS ONLY),9,57357,Cross intersection,3,40,Arterial Other,PLENTY,WHITTLESEA,-37.678844,145.06966,2019,10,October,12,Midday,Weekday
T20190020311,2019-10-16,19:10:00,1,Collision with vehicle,3,Wednesday,110,CROSS TRAFFIC(INTERSECTIONS ONLY),1,657723,Cross intersection,3,80,Arterial Highway,CREEK,SOUTHERN GRAMPIANS,-37.86149,141.8015,2019,10,October,19,Night,Weekday
T20190020314,2019-10-16,13:30:00,1,Collision with vehicle,3,Wednesday,120,HEAD ON (NOT OVERTAKING),1,595593,Not at intersection,3,50,Local Road,THONEMANS,YARRA RANGES,-37.858524,145.625,2019,10,October,13,Midday,Weekday
T20190020277,2019-10-16,10:58:00,1,Collision with vehicle,3,Wednesday,163,VEHICLE STRIKES DOOR OF PARKED/STATIONARY VEHICLE,1,657719,Not at intersection,3,40,Arterial Other,KING,MELBOURNE,-37.81505,144.95511,2019,10,October,10,Midday,Weekday
T20190020273,2019-10-16,08:50:00,1,Collision with vehicle,3,Wednesday,130,REAR END(VEHICLES IN SAME LANE),1,595303,Not at intersection,3,80,Freeway,5875B 2530R,BRIMBANK,-37.71294,144.83308,2019,10,October,8,Morning Peak,Weekday
T20190020304,2019-10-16,17:40:00,1,Collision with vehicle,3,Wednesday,140,U TURN,1,647740,Not at intersection,3,60,Local Road,UNION,BOROONDARA,-37.818314,145.09874,2019,10,October,17,Afternoon Peak,Weekday
T20190020288,2019-10-16,13:50:00,1,Collision with vehicle,3,Wednesday,113,RIGHT NEAR (INTERSECTIONS ONLY),1,38188,T intersection,3,60,Arterial Other,UPPER HEIDELBERG,BANYULE,-37.75305,145.05675,2019,10,October,13,Midday,Weekday
T20190020267,2019-10-16,12:30:00,1,Collision with vehicle,3,Wednesday,140,U TURN,1,42176,T intersection,2,80,Arterial Highway,NEPEAN,KINGSTON,-37.93917,145.03903,2019,10,October,12,Midday,Weekday
T20190020260,2019-10-16,09:45:00,5,collision with some other object,3,Wednesday,191,LOAD OR MISSILE STRUCK VEHICLE,1,598350,Not at intersection,2,100,Freeway,WESTERN,MELTON,-37.763847,144.74095,2019,10,October,9,Morning Peak,Weekday
T20190020681,2019-10-16,18:30:00,8,No collision and no object struck,3,Wednesday,179,OTHER ACCIDENTS-OFF STRAIGHT NOT INCLUDED IN DCAs 170-175,1,595310,T intersection,2,40,Arterial Other,BRIDGE,YARRA,-37.817883,144.99297,2019,10,October,18,Afternoon Peak,Weekday
T20190020361,2019-10-16,08:15:00,1,Collision with vehicle,3,Wednesday,133,LANE SIDE SWIPE (VEHICLES IN PARALLEL LANES),1,37481,Cross intersection,3,60,Arterial Other,CITY,PORT PHILLIP,-37.832745,144.9521,2019,10,October,8,Morning Peak,Weekday
T20190020253,2019-10-16,11:25:00,4,Collision with a fixed object,3,Wednesday,171,LEFT OFF CARRIAGEWAY INTO OBJECT/PARKED VEHICLE,1,657721,Not at intersection,2,60,Local Road,COLCHESTER,MAROONDAH,-37.813232,145.30583,2019,10,October,11,Midday,Weekday
T20190020830,2019-10-16,17:30:00,1,Collision with vehicle,3,Wednesday,130,REAR END(VEHICLES IN SAME LANE),2,657633,Not at intersection,3,80,Freeway,MONASH,DANDENONG,-37.957237,145.22188,2019,10,October,17,Afternoon Peak,Weekday
T20190020526,2019-10-16,19:45:00,1,Collision with vehicle,3,Wednesday,136,RIGHT TURN SIDESWIPE,2,647745,Not at intersection,2,80,Arterial Other,SUNSHINE,BRIMBANK,-37.723366,144.80807,2019,10,October,19,Night,Weekday
T20190020549,2019-10-16,09:45:00,3,Struck animal,3,Wednesday,167,STRUCK ANIMAL,1,603340,Not at intersection,2,100,Arterial Other,SHELLEY,TOWONG,-35.992565,147.7176,2019,10,October,9,Morning Peak,Weekday
T20190020240,2019-10-16,07:54:00,1,Collision with vehicle,3,Wednesday,153,CUTTING IN (OVERTAKING),1,594561,Unknown,3,60,Arterial Highway,HIGH,MITCHELL,-37.41945,144.9789,2019,10,October,7,Morning Peak,Weekday
T20190020307,2019-10-16,17:15:00,6,Vehicle overturned (no collision),3,Wednesday,174,OUT OF CONTROL ON CARRIAGEWAY (ON STRAIGHT),1,593819,Multiple intersection,2,80,Freeway,MORNINGTON-TYABB,MORNINGTON PENINSULA,-38.25112,145.11497,2019,10,October,17,Afternoon Peak,Weekday
T20190020308,2019-10-16,17:55:00,1,Collision with vehicle,3,Wednesday,110,CROSS TRAFFIC(INTERSECTIONS ONLY),1,53008,Cross intersection,3,60,Local Road,GRANT,BALLARAT,-37.595352,143.83145,2019,10,October,17,Afternoon Peak,Weekday
T20190020309,2019-10-16,17:21:00,1,Collision with vehicle,3,Wednesday,171,LEFT OFF CARRIAGEWAY INTO OBJECT/PARKED VEHICLE,1,608115,Not at intersection,2,60,Local Road,MINERVA,GEELONG,-38.142025,144.32957,2019,10,October,17,Afternoon Peak,Weekday
T20190020310,2019-10-16,15:20:00,4,Collision with a fixed object,3,Wednesday,171,LEFT OFF CARRIAGEWAY INTO OBJECT/PARKED VEHICLE,1,594060,T intersection,2,60,Arterial Other,MELBOURNE,HOBSONS BAY,-37.847744,144.88669,2019,10,October,15,Afternoon Peak,Weekday
T20190024162,2019-10-16,17:50:00,1,Collision with vehicle,3,Wednesday,113,RIGHT NEAR (INTERSECTIONS ONLY),1,29681,Cross intersection,3,70,Arterial Highway,WARRIGAL,KINGSTON,-37.953197,145.07677,2019,10,October,17,Afternoon Peak,Weekday
T20190023109,2019-10-16,21:15:00,4,Collision with a fixed object,3,Wednesday,171,LEFT OFF CARRIAGEWAY INTO OBJECT/PARKED VEHICLE,5,657975,Not at intersection,3,80,Arterial Highway,MELBA,YARRA RANGES,-37.687313,145.37648,2019,10,October,21,Night,Weekday
T20190022265,2019-10-16,10:00:00,1,Collision with vehicle,3,Wednesday,113,RIGHT NEAR (INTERSECTIONS ONLY),1,42915,T intersection,3,60,Local Road,ATHOL,DANDENONG,-37.973305,145.16676,2019,10,October,10,Midday,Weekday
T20190020296,2019-10-16,02:38:00,1,Collision with vehicle,3,Wednesday,110,CROSS TRAFFIC(INTERSECTIONS ONLY),3,29790,Cross intersection,3,70,Local Road,SAYERS,WYNDHAM,-37.84638,144.66946,2019,10,October,2,Late Night,Weekday
T20190020245,2019-10-16,08:35:00,1,Collision with vehicle,3,Wednesday,121,RIGHT THROUGH,1,70316,T intersection,2,60,Local Road,CHARMAN,KINGSTON,-37.969643,145.05489,2019,10,October,8,Morning Peak,Weekday
T20190021389,2019-10-16,15:30:00,1,Collision with vehicle,3,Wednesday,130,REAR END(VEHICLES IN SAME LANE),9,657722,Not at intersection,3,80,Arterial Highway,DANDENONG-HASTINGS,DANDENONG,-38.057262,145.24326,2019,10,October,15,Afternoon Peak,Weekday
T20190020295,2019-10-16,17:40:00,1,Collision with vehicle,3,Wednesday,113,RIGHT NEAR (INTERSECTIONS ONLY),1,496,T intersection,3,60,Arterial Other,ELGAR,WHITEHORSE,-37.81944,145.11455,2019,10,October,17,Afternoon Peak,Weekday
T20190020422,2019-10-16,11:30:00,1,Collision with vehicle,3,Wednesday,130,REAR END(VEHICLES IN SAME LANE),1,593824,Not at intersection,3,70,Arterial Other,KINGS,BRIMBANK,-37.699207,144.78056,2019,10,October,11,Midday,Weekday
T20190020315,2019-10-16,18:57:00,1,Collision with vehicle,3,Wednesday,135,LANE CHANGE LEFT (NOT OVERTAKING),2,597657,Cross intersection,3,80,Arterial Highway,HIGH,BENDIGO,-36.81111,144.24013,2019,10,October,18,Afternoon Peak,Weekday
T20190020294,2019-10-16,16:00:00,1,Collision with vehicle,3,Wednesday,130,REAR END(VEHICLES IN SAME LANE),1,596095,Cross intersection,3,60,Arterial Other,BLACKBURN,WHITEHORSE,-37.852608,145.15198,2019,10,October,16,Afternoon Peak,Weekday
T20190020500,2019-10-17,23:20:00,1,Collision with vehicle,4,Thursday,130,REAR END(VEHICLES IN SAME LANE),3,601065,Cross intersection,3,80,Freeway,METROPOLITAN RING OUT-EDGARS,WHITTLESEA,-37.68629,145.00226,2019,10,October,23,Night,Weekday
T20190021207,2019-10-17,14:10:00,4,Collision with a fixed object,4,Thursday,175,OFF END OF ROAD/T-INTERSECTION.,1,596606,T intersection,2,50,Local Road,SHERRIFF,CARDINIA,-37.926914,145.44812,2019,10,October,14,Midday,Weekday
T20190021149,2019-10-17,16:15:00,1,Collision with vehicle,4,Thursday,132,RIGHT REAR.,1,596870,T intersection,3,60,Arterial Other,MT ALEXANDER,MOONEE VALLEY,-37.765312,144.92377,2019,10,October,16,Afternoon Peak,Weekday
T20190020330,2019-10-17,08:20:00,1,Collision with vehicle,4,Thursday,110,CROSS TRAFFIC(INTERSECTIONS ONLY),1,36798,Cross intersection,3,60,Arterial Other,NORMANBY,PORT PHILLIP,-37.830566,144.9457,2019,10,October,8,Morning Peak,Weekday
T20190022939,2019-10-17,08:30:00,1,Collision with vehicle,4,Thursday,132,RIGHT REAR.,1,604509,Not at intersection,3,80,Arterial Highway,PRINCES,DANDENONG,-37.932957,145.15633,2019,10,October,8,Morning Peak,Weekday
T20190020348,2019-10-17,12:45:00,1,Collision with vehicle,4,Thursday,130,REAR END(VEHICLES IN SAME LANE),1,594562,Cross intersection,2,100,Freeway,EASTERN,BOROONDARA,-37.788616,145.10295,2019,10,October,12,Midday,Weekday
T20190020450,2019-10-17,17:35:00,1,Collision with vehicle,4,Thursday,137,LEFT TURN SIDESWIPE,1,658132,Not at intersection,2,60,Arterial Highway,FRANCIS,MARIBYRNONG,-37.817818,144.86058,2019,10,October,17,Afternoon Peak,Weekday
T20190020748,2019-10-17,09:40:00,1,Collision with vehicle,4,Thursday,135,LANE CHANGE LEFT (NOT OVERTAKING),1,661204,Not at intersection,3,80,Freeway,TULLAMARINE IN-BULLA,MOONEE VALLEY,-37.733772,144.89487,2019,10,October,9,Morning Peak,Weekday
T20190020339,2019-10-17,08:15:00,1,Collision with vehicle,4,Thursday,120,HEAD ON (NOT OVERTAKING),1,610439,T intersection,2,50,Local Road,OAKLEIGH,GLEN EIRA,-37.89801,145.04361,2019,10,October,8,Morning Peak,Weekday
T20190020387,2019-10-17,18:20:00,1,Collision with vehicle,4,Thursday,121,RIGHT THROUGH,1,278815,T intersection,3,50,Local Road,SUTTON,BAW BAW,-38.154335,145.94977,2019,10,October,18,Afternoon Peak,Weekday
T20190020328,2019-10-17,06:39:00,4,Collision with a fixed object,4,Thursday,173,RIGHT OFF CARRIAGEWAY INTO OBJECT/PARKED VEHICLE,3,658053,Not at intersection,3,80,Freeway,MAROONDAH-EASTLINK OUT,MAROONDAH,-37.81742,145.21727,2019,10,October,6,Morning Peak,Weekday
T20190020449,2019-10-17,16:35:00,1,Collision with vehicle,4,Thursday,160,VEHICLE COLLIDES WITH VEHICLE PARKED ON LEFT OF ROAD,1,594061,Not at intersection,2,60,Arterial Other,CHURCH,BOROONDARA,-37.816586,145.02003,2019,10,October,16,Afternoon Peak,Weekday
T20190020373,2019-10-17,15:15:00,4,Collision with a fixed object,4,Thursday,173,RIGHT OFF CARRIAGEWAY INTO OBJECT/PARKED VEHICLE,1,597136,Not at intersection,2,60,Arterial Other,BAILEY,HEPBURN,-37.293972,143.78171,2019,10,October,15,Afternoon Peak,Weekday