ACCIDENT_NO,ACCIDENT_DATE,ACCIDENT_TIME,ACCIDENT_TYPE,ACCIDENT_TYPE_DESC,DAY_OF_WEEK,DAY_WEEK_DESC,DCA_CODE,DCA_DESC,LIGHT_CONDITION,NODE_ID,ROAD_GEOMETRY_DESC,SEVERITY,SPEED_ZONE,RMA,ROAD_NAME,LGA_NAME,LATITUDE,LONGITUDE,YEAR,MONTH,MONTH_NAME,HOUR,TIME_PERIOD,DAY_TYPE
T20190020372,2019-10-17,10:00:00,1,Collision with vehicle,4,Thursday,113,RIGHT NEAR (INTERSECTIONS ONLY),1,29911,Cross intersection,3,60,Arterial Other,HEATHS,WYNDHAM,-37.877186,144.67883,2019,10,October,10,Midday,Weekday
T20190020396,2019-10-17,18:39:00,1,Collision with vehicle,4,Thursday,121,RIGHT THROUGH,1,596861,Not at intersection,3,60,Arterial Highway,PUNT,MELBOURNE,-37.826424,144.98851,2019,10,October,18,Afternoon Peak,Weekday
T20190020371,2019-10-17,14:40:00,1,Collision with vehicle,4,Thursday,110,CROSS TRAFFIC(INTERSECTIONS ONLY),1,52886,Cross intersection,3,60,Local Road,DANA,BALLARAT,-37.56366,143.85294,2019,10,October,14,Midday,Weekday
T20190020379,2019-10-17,16:34:00,1,Collision with vehicle,4,Thursday,134,LANE CHANGE RIGHT (NOT OVERTAKING),1,648024,Not at intersection,3,100,Freeway,EASTERN,MANNINGHAM,-37.794346,145.11046,2019,10,October,16,Afternoon Peak,Weekday
T20190020380,2019-10-17,17:35:00,6,Vehicle overturned (no collision),4,Thursday,174,OUT OF CONTROL ON CARRIAGEWAY (ON STRAIGHT),1,597659,Not at intersection,3,60,Arterial Other,BURKE,BOROONDARA,-37.848312,145.05345,2019,10,October,17,Afternoon Peak,Weekday
T20190020381,2019-10-17,16:55:00,1,Collision with vehicle,4,Thursday,113,RIGHT NEAR (INTERSECTIONS ONLY),1,600331,T intersection,2,40,Local Road,SKITCH,WODONGA,-36.124973,146.8618,2019,10,October,16,Afternoon Peak,Weekday
T20190020417,2019-10-17,15:20:00,1,Collision with vehicle,4,Thursday,113,RIGHT NEAR (INTERSECTIONS ONLY),1,35769,Cross intersection,2,60,Arterial Highway,CAMPBELL,SWAN HILL,-35.34835,143.56194,2019,10,October,15,Afternoon Peak,Weekday
T20190020365,2019-10-17,08:00:00,1,Collision with vehicle,4,Thursday,148,VEHICLE OFF FOOTPATH STRIKES VEH ON CARRIAGEWAY,1,648545,Not at intersection,2,40,Local Road,MCLACHLAN,HORSHAM,-36.713116,142.19852,2019,10,October,8,Morning Peak,Weekday
T20190020384,2019-10-17,17:05:00,1,Collision with vehicle,4,Thursday,147,VEHICLE STRIKES ANOTHER VEH WHILE EMERGING FROM DRIVEWAY,1,648025,Not at intersection,3,80,Arterial Highway,WELLINGTON,MONASH,-37.91832,145.15741,2019,10,October,17,Afternoon Peak,Weekday
T20190020385,2019-10-17,18:50:00,1,Collision with vehicle,4,Thursday,160,VEHICLE COLLIDES WITH VEHICLE PARKED ON LEFT OF ROAD,2,611023,Not at intersection,3,50,Local Road,CARPENTER,BAYSIDE,-37.90993,145.00082,2019,10,October,18,Afternoon Peak,Weekday
T20190020399,2019-10-17,15:30:00,2,Struck Pedestrian,4,Thursday,102,FAR SIDE. PED HIT BY VEHICLE FROM THE LEFT,1,594563,Not at intersection,3,60,Local Road,MAIN,BRIMBANK,-37.741776,144.77785,2019,10,October,15,Afternoon Peak,Weekday
T20190020629,2019-10-17,17:50:00,1,Collision with vehicle,4,Thursday,130,REAR END(VEHICLES IN SAME LANE),1,34981,Multiple intersection,3,100,Freeway,PRINCES,HOBSONS BAY,-37.867622,144.77162,2019,10,October,17,Afternoon Peak,Weekday
T20190020359,2019-10-17,13:10:00,1,Collision with vehicle,4,Thursday,121,RIGHT THROUGH,1,45433,Cross intersection,2,50,Arterial Other,MT ALEXANDER,MOONEE VALLEY,-37.772705,144.92691,2019,10,October,13,Midday,Weekday
T20190020356,2019-10-17,07:55:00,1,Collision with vehicle,4,Thursday,120,HEAD ON (NOT OVERTAKING),1,624143,Not at intersection,2,80,Local Road,GOLF LINKS,MORNINGTON PENINSULA,-38.18691,145.16571,2019,10,October,7,Morning Peak,Weekday
T20190020761,2019-10-17,15:15:00,1,Collision with vehicle,4,Thursday,135,LANE CHANGE LEFT (NOT OVERTAKING),1,595320,Not at intersection,3,80,Arterial Other,CRANBOURNE-FRANKSTON,CASEY,-38.132065,145.23232,2019,10,October,15,Afternoon Peak,Weekday
T20190025093,2019-10-17,17:41:00,1,Collision with vehicle,4,Thursday,130,REAR END(VEHICLES IN SAME LANE),1,645075,Cross intersection,2,80,Arterial Highway,STUD,KNOX,-37.902176,145.23523,2019,10,October,17,Afternoon Peak,Weekday
T20190020360,2019-10-17,11:48:00,1,Collision with vehicle,4,Thursday,130,REAR END(VEHICLES IN SAME LANE),1,658054,Not at intersection,3,80,Arterial Highway,WHITEHORSE,WHITEHORSE,-37.818443,145.17177,2019,10,October,11,Midday,Weekday
T20190020325,2019-10-17,07:01:00,1,Collision with vehicle,4,Thursday,132,RIGHT REAR.,2,40099,Cross intersection,2,60,Arterial Other,BARKLY,PORT PHILLIP,-37.860218,144.98248,2019,10,October,7,Morning Peak,Weekday
T20190020363,2019-10-17,13:11:00,1,Collision with vehicle,4,Thursday,110,CROSS TRAFFIC(INTERSECTIONS ONLY),1,613841,Cross intersection,2,60,Arterial Highway,ALEXANDRA,YARRA,-37.794044,144.98816,2019,10,October,13,Midday,Weekday
T20190020364,2019-10-17,13:17:00,1,Collision with vehicle,4,Thursday,121,RIGHT THROUGH,1,239030,T intersection,3,70,Arterial Highway,SURF COAST,GEELONG,-38.19699,144.34201,2019,10,October,13,Midday,Weekday
T20190020435,2019-10-17,17:55:00,4,Collision with a fixed object,4,Thursday,171,LEFT OFF CARRIAGEWAY INTO OBJECT/PARKED VEHICLE,1,658131,Not at intersection,3,50,Local Road,PENDER,DAREBIN,-37.737038,145.00941,2019,10,October,17,Afternoon Peak,Weekday
T20190020358,2019-10-17,12:10:00,1,Collision with vehicle,4,Thursday,130,REAR END(VEHICLES IN SAME LANE),1,357981,Multiple intersection,3,80,Freeway,CRANBOURNE,FRANKSTON,-38.155994,145.16913,2019,10,October,12,Midday,Weekday
T20190020403,2019-10-17,16:15:00,2,Struck Pedestrian,4,Thursday,102,FAR SIDE. PED HIT BY VEHICLE FROM THE LEFT,1,594564,Not at intersection,3,40,Local Road,SIMMONS,STONNINGTON,-37.844864,144.99557,2019,10,October,16,Afternoon Peak,Weekday
T20190020402,2019-10-17,21:15:00,1,Collision with vehicle,4,Thursday,121,RIGHT THROUGH,5,596862,Not at intersection,2,60,Local Road,TRUEMANS,MORNINGTON PENINSULA,-38.372765,144.86049,2019,10,October,21,Night,Weekday
T20190020423,2019-10-17,14:00:00,4,Collision with a fixed object,4,Thursday,171,LEFT OFF CARRIAGEWAY INTO OBJECT/PARKED VEHICLE,1,60212,Cross intersection,2,50,Local Road,GRANT,MURRINDINDI,-37.193535,145.71039,2019,10,October,14,Midday,Weekday
T20190020539,2019-10-17,19:47:00,1,Collision with vehicle,4,Thursday,134,LANE CHANGE RIGHT (NOT OVERTAKING),3,594068,Not at intersection,3,60,Arterial Other,5873R 5819F,HUME,-37.686855,144.91673,2019,10,October,19,Night,Weekday
T20190020878,2019-10-17,19:21:00,1,Collision with vehicle,4,Thursday,131,LEFT REAR,1,44510,T intersection,3,50,Local Road,LAUREL,DAREBIN,-37.736145,145.02872,2019,10,October,19,Night,Weekday
T20190020400,2019-10-17,19:13:00,1,Collision with vehicle,4,Thursday,121,RIGHT THROUGH,1,25939,Cross intersection,2,80,Freeway,AIRPORT,BRIMBANK,-37.70692,144.86739,2019,10,October,19,Night,Weekday
T20200005448,2019-10-17,15:45:00,1,Collision with vehicle,4,Thursday,130,REAR END(VEHICLES IN SAME LANE),1,658929,Not at intersection,3,60,Arterial Highway,PRINCES,BAW BAW,-38.20647,146.09698,2019,10,October,15,Afternoon Peak,Weekday
T20190020432,2019-10-18,09:35:00,1,Collision with vehicle,5,Friday,142,LEAVING PARKING,1,593825,Not at intersection,3,50,Local Road,CHARLES,DAREBIN,-37.777115,144.99443,2019,10,October,9,Morning Peak,Weekday
T20190020682,2019-10-18,09:15:00,1,Collision with vehicle,5,Friday,113,RIGHT NEAR (INTERSECTIONS ONLY),1,36696,T intersection,3,40,Arterial Other,JOHNSTON,YARRA,-37.80008,144.99538,2019,10,October,9,Morning Peak,Weekday
T20190020431,2019-10-18,10:41:00,8,No collision and no object struck,5,Friday,179,OTHER ACCIDENTS-OFF STRAIGHT NOT INCLUDED IN DCAs 170-175,1,597137,Not at intersection,3,80,Arterial Highway,MIDLAND,SHEPPARTON,-36.380863,145.39226,2019,10,October,10,Midday,Weekday
T20190020411,2019-10-18,05:52:00,2,Struck Pedestrian,5,Friday,102,FAR SIDE. PED HIT BY VEHICLE FROM THE LEFT,1,593822,Cross intersection,2,80,Arterial Highway,FRANKSTON-DANDENONG,FRANKSTON,-38.112514,145.15749,2019,10,October,5,Morning Peak,Weekday
T20190020571,2019-10-18,23:30:00,1,Collision with vehicle,5,Friday,130,REAR END(VEHICLES IN SAME LANE),3,594307,Not at intersection,3,70,Arterial Highway,DANDENONG,GLEN EIRA,-37.873985,145.03842,2019,10,October,23,Night,Weekday
T20190020412,2019-10-18,05:25:00,1,Collision with vehicle,5,Friday,133,LANE SIDE SWIPE (VEHICLES IN PARALLEL LANES),2,601064,Not at intersection,2,80,Arterial Other,CLYDE,CASEY,-38.047707,145.34058,2019,10,October,5,Morning Peak,Weekday
T20190020512,2019-10-18,21:15:00,1,Collision with vehicle,5,Friday,130,REAR END(VEHICLES IN SAME LANE),3,648344,Not at intersection,2,60,Local Road,POWER,CASEY,-37.97335,145.24222,2019,10,October,21,Night,Weekday
T20190020415,2019-10-18,06:43:00,1,Collision with vehicle,5,Friday,135,LANE CHANGE LEFT (NOT OVERTAKING),1,603626,Not at intersection,3,100,Freeway,HUME,WHITTLESEA,-37.682373,144.98523,2019,10,October,6,Morning Peak,Weekday
T20190020743,2019-10-18,15:13:00,1,Collision with vehicle,5,Friday,130,REAR END(VEHICLES IN SAME LANE),1,624800,Not at intersection,3,80,Freeway,METROPOLITAN RING,NILLUMBIK,-37.69005,145.08609,2019,10,October,15,Afternoon Peak,Weekday
T20190020473,2019-10-18,16:30:00,4,Collision with a fixed object,5,Friday,183,OFF LEFT BEND INTO OBJECT/PARKED VEHICLE,1,607391,Not at intersection,2,100,Arterial Other,MATTINGLEY HILL,LATROBE,-38.250233,146.54175,2019,10,October,16,Afternoon Peak,Weekday
T20190020471,2019-10-18,14:30:00,1,Collision with vehicle,5,Friday,148,VEHICLE OFF FOOTPATH STRIKES VEH ON CARRIAGEWAY,1,594063,Not at intersection,3,50,Local Road,TOWERHILL,FRANKSTON,-38.160694,145.1266,2019,10,October,14,Midday,Weekday
T20190020469,2019-10-18,17:05:00,1,Collision with vehicle,5,Friday,119,OTHER ADJACENT (INTERSECTIONS ONLY),1,596863,Cross intersection,3,50,Local Road,NOTT,PORT PHILLIP,-37.83785,144.94125,2019,10,October,17,Afternoon Peak,Weekday
T20190020565,2019-10-18,17:00:00,7,Fall from or in moving vehicle,5,Friday,136,RIGHT TURN SIDESWIPE,1,617887,T intersection,3,60,Arterial Other,BUCKLEY,MARIBYRNONG,-37.80378,144.89584,2019,10,October,17,Afternoon Peak,Weekday
T20190020455,2019-10-18,13:45:00,1,Collision with vehicle,5,Friday,110,CROSS TRAFFIC(INTERSECTIONS ONLY),1,51843,Cross intersection,2,60,Arterial Other,FOOTE,MITCHELL,-37.29592,144.95073,2019,10,October,13,Midday,Weekday
T20190020426,2019-10-18,08:40:00,1,Collision with vehicle,5,Friday,130,REAR END(VEHICLES IN SAME LANE),1,41595,T intersection,3,70,Arterial Highway,NORTH,MONASH,-37.910564,145.09425,2019,10,October,8,Morning Peak,Weekday
T20190020458,2019-10-18,14:55:00,1,Collision with vehicle,5,Friday,132,RIGHT REAR.,1,62412,T intersection,3,60,Arterial Other,BOUNDARY,MORELAND,-37.718372,144.9545,2019,10,October,14,Midday,Weekday
T20190021004,2019-10-18,21:35:00,1,Collision with vehicle,5,Friday,110,CROSS TRAFFIC(INTERSECTIONS ONLY),3,47296,Cross intersection,3,60,Local Road,DAVID MUNROE,HUME,-37.63679,144.93259,2019,10,October,21,Night,Weekday
T20190020646,2019-10-18,16:20:00,1,Collision with vehicle,5,Friday,121,RIGHT THROUGH,1,658211,Not at intersection,3,50,Local Road,INKERMAN,PORT PHILLIP,-37.8664,144.99962,2019,10,October,16,Afternoon Peak,Weekday
T20190020446,2019-10-18,12:04:00,1,Collision with vehicle,5,Friday,130,REAR END(VEHICLES IN SAME LANE),1,616142,Not at intersection,2,80,Arterial Other,SUNSHINE,BRIMBANK,-37.723454,144.80792,2019,10,October,12,Midday,Weekday
T20190020445,2019-10-18,11:30:00,2,Struck Pedestrian,5,Friday,100,PED NEAR SIDE. PED HIT BY VEHICLE FROM THE RIGHT.,1,659114,Not at intersection,3,60,Local Road,RUBICON,BALLARAT,-37.58221,143.84038,2019,10,October,11,Midday,Weekday
T20190020745,2019-10-18,16:08:00,1,Collision with vehicle,5,Friday,132,RIGHT REAR.,1,648347,Not at intersection,2,60,Arterial Other,BAXTER-TOORADIN,MORNINGTON PENINSULA,-38.194084,145.14824,2019,10,October,16,Afternoon Peak,Weekday
T20190020609,2019-10-18,18:30:00,1,Collision with vehicle,5,Friday,130,REAR END(VEHICLES IN SAME LANE),1,594572,Not at intersection,2,60,Arterial Other,VICTORIA,MELBOURNE,-37.806,144.95709,2019,10,October,18,Afternoon Peak,Weekday
T20190021832,2019-10-18,16:54:00,1,Collision with vehicle,5,Friday,130,REAR END(VEHICLES IN SAME LANE),1,658286,Not at intersection,3,80,Arterial Other,MELTON,MELTON,-37.684402,144.6727,2019,10,October,16,Afternoon Peak,Weekday
T20190020448,2019-10-18,11:00:00,1,Collision with vehicle,5,Friday,121,RIGHT THROUGH,1,36036,T intersection,3,40,Local Road,JARVIE,MORELAND,-37.77193,144.97162,2019,10,October,11,Midday,Weekday
T20190020499,2019-10-18,17:10:00,4,Collision with a fixed object,5,Friday,173,RIGHT OFF CARRIAGEWAY INTO OBJECT/PARKED VEHICLE,1,594567,Not at intersection,2,60,Local Road,HARVEST HOME,WHITTLESEA,-37.622803,145.02652,2019,10,October,17,Afternoon Peak,Weekday
T20190020410,2019-10-18,01:00:00,4,Collision with a fixed object,5,Friday,173,RIGHT OFF CARRIAGEWAY INTO OBJECT/PARKED VEHICLE,5,658213,Not at intersection,3,80,Local Road,WENTWORTH,BASS COAST,-38.584915,145.60225,2019,10,October,1,Late Night,Weekday
T20190020456,2019-10-18,14:40:00,1,Collision with vehicle,5,Friday,110,CROSS TRAFFIC(INTERSECTIONS ONLY),1,37600,Cross intersection,2,60,Arterial Other,ST KILDA,MELBOURNE,-37.84772,144.97974,2019,10,October,14,Midday,Weekday
T20190020497,2019-10-18,20:48:00,7,Fall from or in moving vehicle,5,Friday,179,OTHER ACCIDENTS-OFF STRAIGHT NOT INCLUDED IN DCAs 170-175,3,604494,T intersection,2,50,Local Road,FARNCOMB,MOONEE VALLEY,-37.781666,144.92079,2019,10,October,20,Night,Weekday
T20190020495,2019-10-18,20:37:00,1,Collision with vehicle,5,Friday,130,REAR END(VEHICLES IN SAME LANE),3,594066,Not at intersection,3,80,Arterial Other,BERWICK-CRANBOURNE,CASEY,-38.116688,145.31088,2019,10,October,20,Night,Weekday
T20190020460,2019-10-18,07:38:00,1,Collision with vehicle,5,Friday,110,CROSS TRAFFIC(INTERSECTIONS ONLY),2,45408,Cross intersection,2,50,Local Road,ALBION,MOONEE VALLEY,-37.75614,144.92679,2019,10,October,7,Morning Peak,Weekday
T20190020493,2019-10-18,21:05:00,1,Collision with vehicle,5,Friday,160,VEHICLE COLLIDES WITH VEHICLE PARKED ON LEFT OF ROAD,3,729096,Not at intersection,3,60,Local Road,PARK,GANNAWARRA,-35.72954,143.92407,2019,10,October,21,Night,Weekday
T20190020491,2019-10-18,16:11:00,3,Struck animal,5,Friday,167,STRUCK ANIMAL,1,598416,Not at intersection,2,100,Local Road,BROADFORD-WANDONG,MITCHELL,-37.319603,145.04742,2019,10,October,16,Afternoon Peak,Weekday
T20190020438,2019-10-18,10:00:00,1,Collision with vehicle,5,Friday,132,RIGHT REAR.,1,648342,Not at intersection,3,80,Arterial Other,WESTALL,MONASH,-37.926727,145.14253,2019,10,October,10,Midday,Weekday
T20190020490,2019-10-18,20:59:00,1,Collision with vehicle,5,Friday,140,U TURN,3,651263,Not at intersection,2,60,Local Road,WESTWOOD,MELTON,-37.725636,144.75035,2019,10,October,20,Night,Weekday
T20190020488,2019-10-18,16:28:00,1,Collision with vehicle,5,Friday,121,RIGHT THROUGH,1,594065,T intersection,3,80,Arterial Highway,SOUTH GIPPSLAND,CASEY,-38.132534,145.2953,2019,10,October,16,Afternoon Peak,Weekday
T20190021085,2019-10-18,15:30:00,1,Collision with vehicle,5,Friday,137,LEFT TURN SIDESWIPE,1,43460,Cross intersection,3,50,Local Road,WILLIAMS,FRANKSTON,-38.152542,145.12523,2019,10,October,15,Afternoon Peak,Weekday
T20190020487,2019-10-18,15:10:00,1,Collision with vehicle,5,Friday,113,RIGHT NEAR (INTERSECTIONS ONLY),1,48622,T intersection,3,60,Arterial Other,BERWICK-CRANBOURNE,CASEY,-38.114864,145.29652,2019,10,October,15,Afternoon Peak,Weekday
T20190020486,2019-10-18,18:35:00,1,Collision with vehicle,5,Friday,120,HEAD ON (NOT OVERTAKING),1,614411,Not at intersection,2,90,Arterial Other,WOORI YALLOCK,CARDINIA,-37.896805,145.51767,2019,10,October,18,Afternoon Peak,Weekday
T20190020547,2019-10-18,18:40:00,1,Collision with vehicle,5,Friday,121,RIGHT THROUGH,2,251819,T intersection,3,60,Arterial Other,JELLS,MONASH,-37.91039,145.18842,2019,10,October,18,Afternoon Peak,Weekday
T20190020461,2019-10-18,15:45:00,1,Collision with vehicle,5,Friday,130,REAR END(VEHICLES IN SAME LANE),1,595595,Not at intersection,3,70,Arterial Highway,OGILVIE,CAMPASPE,-36.140457,144.7471,2019,10,October,15,Afternoon Peak,Weekday
T20190022681,2019-10-18,10:30:00,1,Collision with vehicle,5,Friday,135,LANE CHANGE LEFT (NOT OVERTAKING),1,623255,T intersection,3,80,Arterial Highway,FRANKSTON-DANDENONG,DANDENONG,-38.034733,145.21135,2019,10,October,10,Midday,Weekday
T20190020485,2019-10-18,20:10:00,1,Collision with vehicle,5,Friday,121,RIGHT THROUGH,3,44915,Cross intersection,3,60,Arterial Other,STATION,BRIMBANK,-37.752586,144.7777,2019,10,October,20,Night,Weekday
T20190020408,2019-10-18,03:00:00,1,Collision with vehicle,5,Friday,121,RIGHT THROUGH,3,289584,Cross intersection,3,80,Arterial Highway,DANDENONG,DANDENONG,-38.00295,145.20798,2019,10,October,3,Late Night,Weekday
T20190020406,2019-10-18,01:47:00,4,Collision with a fixed object,5,Friday,171,LEFT OFF CARRIAGEWAY INTO OBJECT/PARKED VEHICLE,5,613003,Not at intersection,2,100,Local Road,LANDSBOROUGH,NORTHERN GRAMPIANS,-37.053684,142.85857,2019,10,October,1,Late Night,Weekday
T20190020732,2019-10-18,20:30:00,3,Struck animal,5,Friday,167,STRUCK ANIMAL,5,595848,Not at intersection,3,100,Arterial Highway,MELBA,MURRINDINDI,-37.23208,145.44257,2019,10,October,20,Night,Weekday
T20190020483,2019-10-18,15:45:00,4,Collision with a fixed object,5,Friday,183,OFF LEFT BEND INTO OBJECT/PARKED VEHICLE,1,658215,Not at intersection,3,100,Local Road,BENDIGO-SUTTON GRANGE,MOUNT ALEXANDER,-37.08789,144.3472,2019,10,October,15,Afternoon Peak,Weekday
T20190020478,2019-10-18,16:15:00,1,Collision with vehicle,5,Friday,147,VEHICLE STRIKES ANOTHER VEH WHILE EMERGING FROM DRIVEWAY,1,661044,Not at intersection,3,50,Local Road,TILBAVALE,CASEY,-38.001183,145.27602,2019,10,October,16,Afternoon Peak,Weekday
T20190020462,2019-10-18,13:30:00,1,Collision with vehicle,5,Friday,134,LANE CHANGE RIGHT (NOT OVERTAKING),1,52686,Cross intersection,2,80,Arterial Highway,SUNRAYSIA,PYRENEES,-37.27504,143.51505,2019,10,October,13,Midday,Weekday
T20190020441,2019-10-18,10:20:00,1,Collision with vehicle,5,Friday,130,REAR END(VEHICLES IN SAME LANE),1,648343,Not at intersection,2,80,Freeway,CITYLINK,BOROONDARA,-37.8377,145.02852,2019,10,October,10,Midday,Weekday
T20190020463,2019-10-18,17:20:00,7,Fall from or in moving vehicle,5,Friday,179,OTHER ACCIDENTS-OFF STRAIGHT NOT INCLUDED IN DCAs 170-175,2,594565,Not at intersection,2,100,Freeway,WESTERN RING,WYNDHAM,-37.82065,144.80988,2019,10,October,17,Afternoon Peak,Weekday
T20190020433,2019-10-18,07:00:00,1,Collision with vehicle,5,Friday,130,REAR END(VEHICLES IN SAME LANE),3,658214,Not at intersection,3,80,Arterial Other,HOPKINS,MELTON,-37.79161,144.698,2019,10,October,7,Morning Peak,Weekday
T20190020465,2019-10-18,16:20:00,1,Collision with vehicle,5,Friday,121,RIGHT THROUGH,1,39202,T intersection,3,60,Arterial Other,CANTERBURY,BOROONDARA,-37.8255,145.09354,2019,10,October,16,Afternoon Peak,Weekday
T20190020504,2019-10-19,01:20:00,1,Collision with vehicle,6,Saturday,173,RIGHT OFF CARRIAGEWAY INTO OBJECT/PARKED VEHICLE,3,648659,Not at intersection,3,50,Local Road,HALL,BRIMBANK,-37.79092,144.80624,2019,10,October,1,Late Night,Weekend
T20190020505,2019-10-19,01:05:00,4,Collision with a fixed object,6,Saturday,181,OFF RIGHT BEND INTO OBJECT/PARKED VEHICLE,3,606511,Not at intersection,2,50,Local Road,STANLEY,WHITEHORSE,-37.84902,145.17668,2019,10,October,1,Late Night,Weekend
T20190024469,2019-10-19,13:00:00,1,Collision with vehicle,6,Saturday,116,LEFT NEAR (INTERSECTIONS ONLY),1,52202,T intersection,3,60,Local Road,DAVIDSON,LATROBE,-38.191772,146.55249,2019,10,October,13,Midday,Weekend
T20190022908,2019-10-19,15:20:00,1,Collision with vehicle,6,Saturday,130,REAR END(VEHICLES IN SAME LANE),1,602175,Not at intersection,3,60,Local Road,ROSAMOND,MARIBYRNONG,-37.787243,144.88335,2019,10,October,15,Afternoon Peak,Weekend
T20190020986,2019-10-19,13:00:00,4,Collision with a fixed object,6,Saturday,171,LEFT OFF CARRIAGEWAY INTO OBJECT/PARKED VEHICLE,1,658436,Not at intersection,3,60,Local Road,STATION,KINGSTON,-38.020527,145.0979,2019,10,October,13,Midday,Weekend
T20190020532,2019-10-19,13:30:00,1,Collision with vehicle,6,Saturday,140,U TURN,1,648660,Not at intersection,2,60,Arterial Other,GEELONG,BALLARAT,-37.592045,143.86716,2019,10,October,13,Midday,Weekend
T20200012956,2019-10-19,11:00:00,1,Collision with vehicle,6,Saturday,163,VEHICLE STRIKES DOOR OF PARKED/STATIONARY VEHICLE,9,660599,Not at intersection,3,40,Arterial Other,BAY,PORT PHILLIP,-37.841427,144.93973,2019,10,October,11,Midday,Weekend
T20190020524,2019-10-19,09:32:00,6,Vehicle overturned (no collision),6,Saturday,180,OFF CARRIAGEWAY ON RIGHT BEND,1,605352,Not at intersection,2,100,Arterial Highway,GREAT ALPINE,EAST GIPPSLAND,-37.583046,147.89488,2019,10,October,9,Morning Peak,Weekend
T20190020678,2019-10-19,20:55:00,1,Collision with vehicle,6,Saturday,130,REAR END(VEHICLES IN SAME LANE),5,612157,Not at intersection,3,70,Arterial Other,ELTHAM-YARRA GLEN,NILLUMBIK,-37.65208,145.31389,2019,10,October,20,Night,Weekend
T20190020522,2019-10-19,10:50:00,1,Collision with vehicle,6,Saturday,132,RIGHT REAR.,1,596864,T intersection,2,50,Local Road,GAMBLE,FRANKSTON,-38.112713,145.1897,2019,10,October,10,Midday,Weekend
T20190020520,2019-10-19,11:00:00,1,Collision with vehicle,6,Saturday,140,U TURN,1,242383,T intersection,2,60,Local Road,DENDLE,GEELONG,-38.19602,144.34549,2019,10,October,11,Midday,Weekend
T20190020519,2019-10-19,10:33:00,2,Struck Pedestrian,6,Saturday,100,PED NEAR SIDE. PED HIT BY VEHICLE FROM THE RIGHT.,1,35354,Cross intersection,2,40,Local Road,FLINDERS,MELBOURNE,-37.81862,144.95956,2019,10,October,10,Midday,Weekend
T20190020517,2019-10-19,09:45:00,1,Collision with vehicle,6,Saturday,130,REAR END(VEHICLES IN SAME LANE),1,594305,Not at intersection,3,60,Arterial Other,BREAKWATER,GEELONG,-38.179325,144.36742,2019,10,October,9,Morning Peak,Weekend
T20190020514,2019-10-19,10:20:00,1,Collision with vehicle,6,Saturday,132,RIGHT REAR.,1,61020,T intersection,3,60,Arterial Highway,SMYTHES,BALLARAT,-37.58818,143.821,2019,10,October,10,Midday,Weekend
T20190020510,2019-10-19,06:46:00,3,Struck animal,6,Saturday,167,STRUCK ANIMAL,2,658437,Not at intersection,2,100,Freeway,HUME,HUME,-37.563576,144.94193,2019,10,October,6,Morning Peak,Weekend
T20190020508,2019-10-19,02:16:00,4,Collision with a fixed object,6,Saturday,183,OFF LEFT BEND INTO OBJECT/PARKED VEHICLE,3,593939,Not at intersection,1,60,Arterial Highway,GREAT ALPINE,ALPINE,-36.570023,146.7362,2019,10,October,2,Late Night,Weekend
T20190020568,2019-10-19,15:42:00,2,Struck Pedestrian,6,Saturday,100,PED NEAR SIDE. PED HIT BY VEHICLE FROM THE RIGHT.,1,594568,Cross intersection,3,40,Local Road,LONSDALE,MELBOURNE,-37.81153,144.96484,2019,10,October,15,Afternoon Peak,Weekend
T20190020569,2019-10-19,18:15:00,1,Collision with vehicle,6,Saturday,110,CROSS TRAFFIC(INTERSECTIONS ONLY),2,594569,Cross intersection,2,40,Local Road,GRASSY POINT,GEELONG,-38.125557,144.6917,2019,10,October,18,Afternoon Peak,Weekend
T20190020570,2019-10-19,18:30:00,1,Collision with vehicle,6,Saturday,121,RIGHT THROUGH,2,43631,Cross intersection,3,80,Arterial Highway,PRINCES,CASEY,-38.026066,145.30669,2019,10,October,18,Afternoon Peak,Weekend
T20190020572,2019-10-19,05:55:00,1,Collision with vehicle,6,Saturday,110,CROSS TRAFFIC(INTERSECTIONS ONLY),3,53113,Cross intersection,3,50,Arterial Highway,ALBERT STREET -SKIPTON,BALLARAT,-37.58226,143.84088,2019,10,October,5,Morning Peak,Weekend
T20190020573,2019-10-19,19:50:00,1,Collision with vehicle,6,Saturday,110,CROSS TRAFFIC(INTERSECTIONS ONLY),3,29495,Cross intersection,2,60,Arterial Other,PLENTY,DAREBIN,-37.74315,145.00812,2019,10,October,19,Night,Weekend
T20190024723,2019-10-19,17:00:00,1,Collision with vehicle,6,Saturday,135,LANE CHANGE LEFT (NOT OVERTAKING),1,609605,Not at intersection,3,100,Freeway,MONASH,STONNINGTON,-37.868816,145.06345,2019,10,October,17,Afternoon Peak,Weekend
T20190020575,2019-10-19,21:08:00,1,Collision with vehicle,6,Saturday,132,RIGHT REAR.,3,608435,T intersection,3,60,Arterial Other,RIVERSDALE,BOROONDARA,-37.831024,145.05368,2019,10,October,21,Night,Weekend
T20190020584,2019-10-19,10:50:00,4,Collision with a fixed object,6,Saturday,183,OFF LEFT BEND INTO OBJECT/PARKED VEHICLE,1,658442,Not at intersection,3,100,Arterial Other,DEANS MARSH-LORNE,SURF COAST,-38.441357,143.90555,2019,10,October,10,Midday,Weekend