ACCIDENT_NO,ACCIDENT_DATE,ACCIDENT_TIME,ACCIDENT_TYPE,ACCIDENT_TYPE_DESC,DAY_OF_WEEK,DAY_WEEK_DESC,DCA_CODE,DCA_DESC,LIGHT_CONDITION,NODE_ID,ROAD_GEOMETRY_DESC,SEVERITY,SPEED_ZONE,RMA,ROAD_NAME,LGA_NAME,LATITUDE,LONGITUDE,YEAR,MONTH,MONTH_NAME,HOUR,TIME_PERIOD,DAY_TYPE
T20190020589,2019-10-19,21:00:00,6,Vehicle overturned (no collision),6,Saturday,172,OFF CARRIAGEWAY TO RIGHT,5,658438,Not at intersection,3,100,Arterial Highway,HAMILTON,COLAC OTWAY,-38.045948,143.69786,2019,10,October,21,Night,Weekend
T20190022339,2019-10-19,08:15:00,1,Collision with vehicle,6,Saturday,130,REAR END(VEHICLES IN SAME LANE),1,38224,T intersection,3,60,Arterial Highway,ROSANNA,BANYULE,-37.74287,145.07248,2019,10,October,8,Morning Peak,Weekend
T20190020656,2019-10-19,12:05:00,7,Fall from or in moving vehicle,6,Saturday,190,FELL IN/FROM VEHICLE,1,595309,Cross intersection,3,50,Local Road,ELIZABETH,MELBOURNE,-37.816303,144.96411,2019,10,October,12,Midday,Weekend
T20190021715,2019-10-19,14:30:00,1,Collision with vehicle,6,Saturday,151,OUT OF CONTROL (OVERTAKING),1,651526,Not at intersection,3,80,Freeway,CITYLINK,MORELAND,-37.752254,144.93588,2019,10,October,14,Midday,Weekend
T20190021488,2019-10-19,14:30:00,6,Vehicle overturned (no collision),6,Saturday,174,OUT OF CONTROL ON CARRIAGEWAY (ON STRAIGHT),1,648837,Not at intersection,2,50,Local Road,NORTH BLACKWOOD,MOORABOOL,-37.439823,144.344,2019,10,October,14,Midday,Weekend
T20190021022,2019-10-19,08:42:00,1,Collision with vehicle,6,Saturday,130,REAR END(VEHICLES IN SAME LANE),1,596347,Cross intersection,3,50,Arterial Other,CENTRAL,HOBSONS BAY,-37.871548,144.77747,2019,10,October,8,Morning Peak,Weekend
T20220027676,2019-10-19,14:00:00,4,Collision with a fixed object,6,Saturday,173,RIGHT OFF CARRIAGEWAY INTO OBJECT/PARKED VEHICLE,1,739897,Not at intersection,2,80,Arterial Other,DON,YARRA RANGES,-37.74745,145.59157,2019,10,October,14,Midday,Weekend
T20190020546,2019-10-19,13:12:00,1,Collision with vehicle,6,Saturday,110,CROSS TRAFFIC(INTERSECTIONS ONLY),1,247366,Cross intersection,2,100,Arterial Other,KATAMATITE-YARRAWONGA,MOIRA,-36.069893,145.69289,2019,10,October,13,Midday,Weekend
T20190020538,2019-10-19,11:58:00,1,Collision with vehicle,6,Saturday,130,REAR END(VEHICLES IN SAME LANE),1,594306,Not at intersection,3,60,Arterial Highway,HIGH,BENDIGO,-36.774754,144.25575,2019,10,October,11,Midday,Weekend
T20190020535,2019-10-19,13:34:00,1,Collision with vehicle,6,Saturday,110,CROSS TRAFFIC(INTERSECTIONS ONLY),1,51628,Cross intersection,2,50,Arterial Other,MYERS,BENDIGO,-36.76142,144.28339,2019,10,October,13,Midday,Weekend
T20190020534,2019-10-19,07:40:00,4,Collision with a fixed object,6,Saturday,171,LEFT OFF CARRIAGEWAY INTO OBJECT/PARKED VEHICLE,1,658576,Not at intersection,3,70,Arterial Highway,MAROONDAH,YARRA RANGES,-37.737595,145.37457,2019,10,October,7,Morning Peak,Weekend
T20190020533,2019-10-19,13:40:00,4,Collision with a fixed object,6,Saturday,181,OFF RIGHT BEND INTO OBJECT/PARKED VEHICLE,1,600157,Not at intersection,3,100,Local Road,LIMESTONE,MURRINDINDI,-37.271004,145.5402,2019,10,October,13,Midday,Weekend
T20190024886,2019-10-19,17:20:00,1,Collision with vehicle,6,Saturday,135,LANE CHANGE LEFT (NOT OVERTAKING),1,658575,Not at intersection,3,80,Freeway,MONASH OUT-EASTLINK OUT,DANDENONG,-37.942142,145.20166,2019,10,October,17,Afternoon Peak,Weekend
T20190020551,2019-10-19,12:01:00,6,Vehicle overturned (no collision),6,Saturday,172,OFF CARRIAGEWAY TO RIGHT,1,639651,Not at intersection,2,100,Arterial Other,COLAC-BALLARAT,GOLDEN PLAINS,-37.794846,143.76936,2019,10,October,12,Midday,Weekend
T20190020552,2019-10-19,17:34:00,1,Collision with vehicle,6,Saturday,132,RIGHT REAR.,1,312520,T intersection,3,100,Arterial Other,EPPING-KILMORE ROAD -WALLAN-WHITTLESEA,MITCHELL,-37.421246,145.02263,2019,10,October,17,Afternoon Peak,Weekend
T20190020554,2019-10-19,17:35:00,1,Collision with vehicle,6,Saturday,121,RIGHT THROUGH,1,246901,Cross intersection,2,60,Arterial Other,RYLEY STREET -TONE,WANGARATTA,-36.359196,146.31546,2019,10,October,17,Afternoon Peak,Weekend
T20190020556,2019-10-19,17:25:00,1,Collision with vehicle,6,Saturday,121,RIGHT THROUGH,1,221997,T intersection,2,60,Freeway,ELGAR,WHITEHORSE,-37.796593,145.1184,2019,10,October,17,Afternoon Peak,Weekend
T20190020557,2019-10-19,16:07:00,4,Collision with a fixed object,6,Saturday,173,RIGHT OFF CARRIAGEWAY INTO OBJECT/PARKED VEHICLE,1,658439,T intersection,3,50,Local Road,PAKENHAM,WHITEHORSE,-37.827988,145.14035,2019,10,October,16,Afternoon Peak,Weekend
T20190020558,2019-10-19,18:01:00,1,Collision with vehicle,6,Saturday,121,RIGHT THROUGH,1,658441,T intersection,3,80,Arterial Highway,DANDENONG,DANDENONG,-37.930992,145.15343,2019,10,October,18,Afternoon Peak,Weekend
T20190020562,2019-10-19,17:00:00,4,Collision with a fixed object,6,Saturday,183,OFF LEFT BEND INTO OBJECT/PARKED VEHICLE,1,599207,Not at intersection,2,100,Local Road,SHEPPARTON-VIOLET TOWN,SHEPPARTON,-36.520237,145.58464,2019,10,October,17,Afternoon Peak,Weekend
T20190020563,2019-10-19,13:06:00,1,Collision with vehicle,6,Saturday,159,OTHER OVERTAKING MANOEUVRES NOT INCLUDED IN DCAs 150-154,1,652247,Not at intersection,2,100,Arterial Other,STEIGLITZ,GOLDEN PLAINS,-37.92559,144.16951,2019,10,October,13,Midday,Weekend
T20190020503,2019-10-19,01:45:00,1,Collision with vehicle,6,Saturday,130,REAR END(VEHICLES IN SAME LANE),5,616439,Not at intersection,2,60,Local Road,KARADOC,MILDURA,-34.22719,142.171,2019,10,October,1,Late Night,Weekend
T20190020614,2019-10-20,15:41:00,1,Collision with vehicle,7,Sunday,110,CROSS TRAFFIC(INTERSECTIONS ONLY),1,45208,Cross intersection,2,100,Arterial Other,GEELONG-BACCHUS MARSH,MOORABOOL,-37.753193,144.44313,2019,10,October,15,Afternoon Peak,Weekend
T20190020637,2019-10-20,19:30:00,4,Collision with a fixed object,7,Sunday,183,OFF LEFT BEND INTO OBJECT/PARKED VEHICLE,2,649023,Not at intersection,2,100,Local Road,WILDWOOD,HUME,-37.607292,144.80528,2019,10,October,19,Night,Weekend
T20190020624,2019-10-20,18:51:00,1,Collision with vehicle,7,Sunday,113,RIGHT NEAR (INTERSECTIONS ONLY),2,592028,Cross intersection,2,60,Local Road,WEDGE,FRANKSTON,-38.087994,145.19997,2019,10,October,18,Afternoon Peak,Weekend
T20190021378,2019-10-20,11:35:00,4,Collision with a fixed object,7,Sunday,171,LEFT OFF CARRIAGEWAY INTO OBJECT/PARKED VEHICLE,1,660765,Not at intersection,2,100,Local Road,OLD SYDNEY,MITCHELL,-37.382156,144.96281,2019,10,October,11,Midday,Weekend
T20190020621,2019-10-20,15:10:00,1,Collision with vehicle,7,Sunday,110,CROSS TRAFFIC(INTERSECTIONS ONLY),1,49060,Cross intersection,3,80,Arterial Other,KOO WEE RUP-LONGWARRY,BAW BAW,-38.18763,145.70978,2019,10,October,15,Afternoon Peak,Weekend
T20190020620,2019-10-20,16:30:00,1,Collision with vehicle,7,Sunday,113,RIGHT NEAR (INTERSECTIONS ONLY),1,37755,T intersection,2,60,Arterial Other,WILLIAMS,STONNINGTON,-37.836807,145.00543,2019,10,October,16,Afternoon Peak,Weekend
T20190021139,2019-10-20,03:30:00,6,Vehicle overturned (no collision),7,Sunday,180,OFF CARRIAGEWAY ON RIGHT BEND,5,610017,Not at intersection,3,100,Local Road,BACK BOGA,SWAN HILL,-35.42207,143.57442,2019,10,October,3,Late Night,Weekend
T20190020634,2019-10-20,21:25:00,1,Collision with vehicle,7,Sunday,121,RIGHT THROUGH,3,38139,Cross intersection,3,60,Local Road,BANKSIA,BANYULE,-37.757084,145.04497,2019,10,October,21,Night,Weekend
T20190020618,2019-10-20,15:58:00,4,Collision with a fixed object,7,Sunday,183,OFF LEFT BEND INTO OBJECT/PARKED VEHICLE,1,648842,Not at intersection,2,80,Arterial Other,KOO WEE RUP-LONGWARRY,BAW BAW,-38.119022,145.76587,2019,10,October,15,Afternoon Peak,Weekend
T20200008955,2019-10-20,16:00:00,1,Collision with vehicle,7,Sunday,130,REAR END(VEHICLES IN SAME LANE),1,332019,Cross intersection,3,60,Arterial Other,MAIN,NILLUMBIK,-37.732132,145.135,2019,10,October,16,Afternoon Peak,Weekend
T20190020601,2019-10-20,12:05:00,1,Collision with vehicle,7,Sunday,110,CROSS TRAFFIC(INTERSECTIONS ONLY),1,336899,Cross intersection,2,60,Arterial Other,CRAIGIEBURN,WHITTLESEA,-37.606033,145.00597,2019,10,October,12,Midday,Weekend
T20190020600,2019-10-20,09:40:00,4,Collision with a fixed object,7,Sunday,173,RIGHT OFF CARRIAGEWAY INTO OBJECT/PARKED VEHICLE,1,658577,Not at intersection,2,60,Arterial Other,BIRREGURRA-FORREST,COLAC OTWAY,-38.470222,143.75787,2019,10,October,9,Morning Peak,Weekend
T20190020612,2019-10-20,14:20:00,1,Collision with vehicle,7,Sunday,113,RIGHT NEAR (INTERSECTIONS ONLY),1,594308,T intersection,2,80,Arterial Other,ARTHURS SEAT ROAD -WHITE HILL,MORNINGTON PENINSULA,-38.369324,145.00511,2019,10,October,14,Midday,Weekend
T20190020603,2019-10-20,12:55:00,1,Collision with vehicle,7,Sunday,130,REAR END(VEHICLES IN SAME LANE),1,648969,Not at intersection,3,60,Arterial Other,HIGH,WHITTLESEA,-37.674286,145.01497,2019,10,October,12,Midday,Weekend
T20190020616,2019-10-20,10:00:00,1,Collision with vehicle,7,Sunday,135,LANE CHANGE LEFT (NOT OVERTAKING),1,594817,Not at intersection,3,60,Arterial Other,NEERIM,GLEN EIRA,-37.886803,145.04234,2019,10,October,10,Midday,Weekend
T20190020628,2019-10-20,18:35:00,1,Collision with vehicle,7,Sunday,169,OTHER ON PATH,1,608298,Not at intersection,2,50,Local Road,WATTLE VALLEY,BOROONDARA,-37.83628,145.08101,2019,10,October,18,Afternoon Peak,Weekend
T20190020599,2019-10-20,11:39:00,1,Collision with vehicle,7,Sunday,140,U TURN,1,610137,Not at intersection,3,60,Arterial Other,ARTHURS SEAT,MORNINGTON PENINSULA,-38.342827,144.9537,2019,10,October,11,Midday,Weekend
T20190020606,2019-10-20,13:15:00,4,Collision with a fixed object,7,Sunday,171,LEFT OFF CARRIAGEWAY INTO OBJECT/PARKED VEHICLE,1,594571,Not at intersection,2,60,Arterial Other,THOMPSON,GEELONG,-38.10572,144.34438,2019,10,October,13,Midday,Weekend
T20190020597,2019-10-20,09:40:00,1,Collision with vehicle,7,Sunday,130,REAR END(VEHICLES IN SAME LANE),1,598468,Not at intersection,2,80,Freeway,WEST GATE IN-MONTAGUE,MELBOURNE,-37.82573,144.94489,2019,10,October,9,Morning Peak,Weekend
T20190020596,2019-10-20,10:38:00,1,Collision with vehicle,7,Sunday,113,RIGHT NEAR (INTERSECTIONS ONLY),1,280692,T intersection,2,70,Arterial Highway,NEPEAN,MORNINGTON PENINSULA,-38.232906,145.04033,2019,10,October,10,Midday,Weekend
T20190021460,2019-10-20,18:10:00,1,Collision with vehicle,7,Sunday,163,VEHICLE STRIKES DOOR OF PARKED/STATIONARY VEHICLE,1,597935,Not at intersection,3,60,Arterial Other,AUBURN,BOROONDARA,-37.8221,145.04512,2019,10,October,18,Afternoon Peak,Weekend
T20190020608,2019-10-20,04:30:00,4,Collision with a fixed object,7,Sunday,183,OFF LEFT BEND INTO OBJECT/PARKED VEHICLE,5,606581,Not at intersection,1,100,Arterial Highway,STAWELL-WARRACKNABEAL,YARRIAMBIACK,-36.300377,142.43611,2019,10,October,4,Late Night,Weekend
T20190020593,2019-10-20,09:00:00,1,Collision with vehicle,7,Sunday,110,CROSS TRAFFIC(INTERSECTIONS ONLY),1,52865,Cross intersection,3,70,Arterial Other,VICTORIA,BALLARAT,-37.56057,143.8771,2019,10,October,9,Morning Peak,Weekend
T20190020627,2019-10-20,20:05:00,1,Collision with vehicle,7,Sunday,121,RIGHT THROUGH,3,650995,T intersection,2,60,Local Road,BULBAN,WYNDHAM,-37.913563,144.62344,2019,10,October,20,Night,Weekend
T20190020595,2019-10-20,11:40:00,1,Collision with vehicle,7,Sunday,110,CROSS TRAFFIC(INTERSECTIONS ONLY),1,594570,Cross intersection,3,60,Arterial Other,FLEMINGTON,MELBOURNE,-37.78946,144.94223,2019,10,October,11,Midday,Weekend
T20190020632,2019-10-20,20:25:00,4,Collision with a fixed object,7,Sunday,173,RIGHT OFF CARRIAGEWAY INTO OBJECT/PARKED VEHICLE,5,599332,Not at intersection,2,100,Arterial Other,ARARAT-HALLS GAP,NORTHERN GRAMPIANS,-37.13454,142.55264,2019,10,October,20,Night,Weekend
T20190020591,2019-10-20,06:59:00,6,Vehicle overturned (no collision),7,Sunday,151,OUT OF CONTROL (OVERTAKING),1,608117,Not at intersection,3,100,Arterial Other,WESTERNPORT,CARDINIA,-38.246353,145.61996,2019,10,October,6,Morning Peak,Weekend
T20190020611,2019-10-20,14:10:00,1,Collision with vehicle,7,Sunday,130,REAR END(VEHICLES IN SAME LANE),1,43286,T intersection,3,60,Arterial Other,HALLAM,CASEY,-38.03223,145.26788,2019,10,October,14,Midday,Weekend
T20190020588,2019-10-20,02:41:00,4,Collision with a fixed object,7,Sunday,171,LEFT OFF CARRIAGEWAY INTO OBJECT/PARKED VEHICLE,3,606692,Not at intersection,2,60,Arterial Other,PASCOE VALE,HUME,-37.688217,144.91632,2019,10,October,2,Late Night,Weekend
T20190020586,2019-10-20,04:40:00,1,Collision with vehicle,7,Sunday,130,REAR END(VEHICLES IN SAME LANE),6,690209,Cross intersection,3,80,Arterial Other,MICKLEHAM,HUME,-37.63459,144.88152,2019,10,October,4,Late Night,Weekend
T20190020607,2019-10-20,12:55:00,1,Collision with vehicle,7,Sunday,163,VEHICLE STRIKES DOOR OF PARKED/STATIONARY VEHICLE,1,658582,Not at intersection,3,40,Local Road,SMITH,YARRA,-37.801052,144.98392,2019,10,October,12,Midday,Weekend
T20190020644,2019-10-20,23:26:00,4,Collision with a fixed object,7,Sunday,171,LEFT OFF CARRIAGEWAY INTO OBJECT/PARKED VEHICLE,3,658672,Not at intersection,3,60,Local Road,MANCHESTER,YARRA RANGES,-37.777805,145.3127,2019,10,October,23,Night,Weekend
T20190020834,2019-10-20,14:30:00,1,Collision with vehicle,7,Sunday,110,CROSS TRAFFIC(INTERSECTIONS ONLY),1,38067,Cross intersection,3,60,Arterial Other,STATION,DAREBIN,-37.758152,145.02164,2019,10,October,14,Midday,Weekend
T20190020585,2019-10-20,04:45:00,1,Collision with vehicle,7,Sunday,133,LANE SIDE SWIPE (VEHICLES IN PARALLEL LANES),5,635650,Not at intersection,3,100,Freeway,GEELONG RING,GEELONG,-38.18286,144.3022,2019,10,October,4,Late Night,Weekend
T20190020639,2019-10-20,23:42:00,1,Collision with vehicle,7,Sunday,120,HEAD ON (NOT OVERTAKING),3,596868,Not at intersection,2,50,Local Road,BARKLY,MARIBYRNONG,-37.79795,144.88235,2019,10,October,23,Night,Weekend
T20190020580,2019-10-20,01:00:00,4,Collision with a fixed object,7,Sunday,173,RIGHT OFF CARRIAGEWAY INTO OBJECT/PARKED VEHICLE,5,227553,Not at intersection,2,100,Arterial Other,KOO WEE RUP-LONGWARRY,CARDINIA,-38.188736,145.64651,2019,10,October,1,Late Night,Weekend
T20190020638,2019-10-20,22:00:00,3,Struck animal,7,Sunday,167,STRUCK ANIMAL,5,596867,T intersection,3,100,Arterial Other,PAKENHAM,CARDINIA,-38.028553,145.49342,2019,10,October,22,Night,Weekend
T20190020749,2019-10-20,05:30:00,6,Vehicle overturned (no collision),7,Sunday,170,OFF CARRIAGEWAY TO LEFT,5,602754,Not at intersection,3,100,Arterial Highway,GLENELG,ARARAT,-37.69855,142.8621,2019,10,October,5,Morning Peak,Weekend
T20190020625,2019-10-20,16:50:00,1,Collision with vehicle,7,Sunday,121,RIGHT THROUGH,1,648970,T intersection,3,100,Arterial Other,COLAC-BALLARAT,COLAC OTWAY,-38.14457,143.62924,2019,10,October,16,Afternoon Peak,Weekend
T20190020729,2019-10-21,20:52:00,1,Collision with vehicle,1,Monday,121,RIGHT THROUGH,3,37452,Cross intersection,2,60,Local Road,BRIDGE,PORT PHILLIP,-37.838978,144.94748,2019,10,October,20,Night,Weekday
T20190021403,2019-10-21,16:14:00,1,Collision with vehicle,1,Monday,130,REAR END(VEHICLES IN SAME LANE),1,614125,Not at intersection,2,60,Local Road,WILDWOOD,HUME,-37.640247,144.81616,2019,10,October,16,Afternoon Peak,Weekday
T20190020667,2019-10-21,09:00:00,1,Collision with vehicle,1,Monday,147,VEHICLE STRIKES ANOTHER VEH WHILE EMERGING FROM DRIVEWAY,1,658676,Not at intersection,3,40,Local Road,SCOTT,DANDENONG,-37.98582,145.20662,2019,10,October,9,Morning Peak,Weekday
T20190020669,2019-10-21,08:30:00,2,Struck Pedestrian,1,Monday,100,PED NEAR SIDE. PED HIT BY VEHICLE FROM THE RIGHT.,1,703,T intersection,3,50,Arterial Highway,WARRIGAL,MONASH,-37.881245,145.09059,2019,10,October,8,Morning Peak,Weekday
T20190020670,2019-10-21,11:40:00,1,Collision with vehicle,1,Monday,179,OTHER ACCIDENTS-OFF STRAIGHT NOT INCLUDED IN DCAs 170-175,1,37465,Cross intersection,3,60,Local Road,ANCONA,WHITTLESEA,-37.659966,145.07901,2019,10,October,11,Midday,Weekday
T20190020672,2019-10-21,12:51:00,5,collision with some other object,1,Monday,191,LOAD OR MISSILE STRUCK VEHICLE,1,658738,Not at intersection,3,70,Arterial Other,SOMERTON,HUME,-37.638332,144.91101,2019,10,October,12,Midday,Weekday
T20190020673,2019-10-21,13:36:00,1,Collision with vehicle,1,Monday,120,HEAD ON (NOT OVERTAKING),1,46739,T intersection,3,50,Local Road,BIMBLE,MORNINGTON PENINSULA,-38.373917,144.83308,2019,10,October,13,Midday,Weekday
T20190020676,2019-10-21,15:15:00,2,Struck Pedestrian,1,Monday,100,PED NEAR SIDE. PED HIT BY VEHICLE FROM THE RIGHT.,1,594818,T intersection,3,60,Local Road,BAMBRA,GLEN EIRA,-37.892838,145.02782,2019,10,October,15,Afternoon Peak,Weekday
T20190020718,2019-10-21,12:42:00,1,Collision with vehicle,1,Monday,120,HEAD ON (NOT OVERTAKING),1,599869,Not at intersection,3,80,Arterial Highway,WARBURTON,YARRA RANGES,-37.768456,145.40677,2019,10,October,12,Midday,Weekday
T20190023539,2019-10-21,22:00:00,1,Collision with vehicle,1,Monday,121,RIGHT THROUGH,6,35354,Cross intersection,3,40,Local Road,FLINDERS,MELBOURNE,-37.81862,144.95956,2019,10,October,22,Night,Weekday
T20190021249,2019-10-21,16:00:00,1,Collision with vehicle,1,Monday,136,RIGHT TURN SIDESWIPE,1,300017,T intersection,3,60,Arterial Other,POINT COOK,WYNDHAM,-37.90987,144.75183,2019,10,October,16,Afternoon Peak,Weekday
T20190021698,2019-10-21,09:32:00,1,Collision with vehicle,1,Monday,171,LEFT OFF CARRIAGEWAY INTO OBJECT/PARKED VEHICLE,1,649331,Multiple intersection,2,100,Freeway,GEELONG RING,GEELONG,-38.057354,144.38683,2019,10,October,9,Morning Peak,Weekday
T20190020679,2019-10-21,13:30:00,1,Collision with vehicle,1,Monday,120,HEAD ON (NOT OVERTAKING),1,596595,T intersection,3,60,Local Road,MCKINNON,GLEN EIRA,-37.910713,145.03534,2019,10,October,13,Midday,Weekday
T20190020685,2019-10-21,17:00:00,1,Collision with vehicle,1,Monday,113,RIGHT NEAR (INTERSECTIONS ONLY),1,50479,T intersection,2,100,Arterial Highway,CALDER,MILDURA,-34.260628,142.18031,2019,10,October,17,Afternoon Peak,Weekday
T20190020708,2019-10-21,21:31:00,4,Collision with a fixed object,1,Monday,171,LEFT OFF CARRIAGEWAY INTO OBJECT/PARKED VEHICLE,5,596596,Not at intersection,2,100,Arterial Other,GISBORNE,MOORABOOL,-37.561478,144.45813,2019,10,October,21,Night,Weekday
T20190020687,2019-10-21,16:08:00,1,Collision with vehicle,1,Monday,121,RIGHT THROUGH,1,48184,T intersection,3,60,Arterial Other,CROYDON,MAROONDAH,-37.783707,145.28398,2019,10,October,16,Afternoon Peak,Weekday
T20190020688,2019-10-21,17:50:00,1,Collision with vehicle,1,Monday,130,REAR END(VEHICLES IN SAME LANE),2,594819,Not at intersection,2,100,Freeway,TULLAMARINE,HUME,-37.68405,144.87466,2019,10,October,17,Afternoon Peak,Weekday
T20190020737,2019-10-21,17:15:00,1,Collision with vehicle,1,Monday,130,REAR END(VEHICLES IN SAME LANE),1,595316,Multiple intersection,3,60,Local Road,MONT ALBERT,BOROONDARA,-37.819614,145.0912,2019,10,October,17,Afternoon Peak,Weekday
T20190022013,2019-10-21,12:15:00,1,Collision with vehicle,1,Monday,130,REAR END(VEHICLES IN SAME LANE),1,648982,Not at intersection,3,80,Arterial Other,BOUNDARY,KINGSTON,-37.972176,145.11171,2019,10,October,12,Midday,Weekday
T20190020700,2019-10-21,19:35:00,1,Collision with vehicle,1,Monday,116,LEFT NEAR (INTERSECTIONS ONLY),2,47129,T intersection,3,40,Arterial Other,UPTON,PORT PHILLIP,-37.85697,144.98755,2019,10,October,19,Night,Weekday
T20190020808,2019-10-21,17:20:00,1,Collision with vehicle,1,Monday,130,REAR END(VEHICLES IN SAME LANE),1,658675,Not at intersection,3,60,Arterial Other,BENETOOK,MILDURA,-34.21376,142.15771,2019,10,October,17,Afternoon Peak,Weekday
T20200006151,2019-10-21,14:18:00,1,Collision with vehicle,1,Monday,160,VEHICLE COLLIDES WITH VEHICLE PARKED ON LEFT OF ROAD,1,728962,Not at intersection,3,60,Arterial Other,RIVERSDALE,BOROONDARA,-37.83505,145.09013,2019,10,October,14,Midday,Weekday
T20190020722,2019-10-21,09:30:00,1,Collision with vehicle,1,Monday,110,CROSS TRAFFIC(INTERSECTIONS ONLY),1,38661,Cross intersection,3,50,Local Road,CHATFIELD,MARIBYRNONG,-37.81061,144.88219,2019,10,October,9,Morning Peak,Weekday
T20200001494,2019-10-21,06:05:00,1,Collision with vehicle,1,Monday,110,CROSS TRAFFIC(INTERSECTIONS ONLY),2,37580,Cross intersection,3,50,Local Road,PALMERSTON,PORT PHILLIP,-37.832733,144.97021,2019,10,October,6,Morning Peak,Weekday
T20190020763,2019-10-21,16:20:00,1,Collision with vehicle,1,Monday,130,REAR END(VEHICLES IN SAME LANE),1,62463,T intersection,3,60,Arterial Other,KANGAROO GROUND-WARRANDYTE,NILLUMBIK,-37.720043,145.22449,2019,10,October,16,Afternoon Peak,Weekday
T20190020710,2019-10-21,21:45:00,1,Collision with vehicle,1,Monday,150,HEAD ON(OVERTAKING),3,598763,Not at intersection,2,60,Local Road,POWER,CASEY,-37.97835,145.2412,2019,10,October,21,Night,Weekday
T20190020707,2019-10-21,15:35:00,2,Struck Pedestrian,1,Monday,100,PED NEAR SIDE. PED HIT BY VEHICLE FROM THE RIGHT.,1,594822,T intersection,3,40,Local Road,HARVEST HOME,WHITTLESEA,-37.623806,145.03635,2019,10,October,15,Afternoon Peak,Weekday
T20190023720,2019-10-21,16:50:00,1,Collision with vehicle,1,Monday,130,REAR END(VEHICLES IN SAME LANE),1,606850,Not at intersection,3,100,Freeway,WESTERN,MELTON,-37.779034,144.74715,2019,10,October,16,Afternoon Peak,Weekday
T20190020684,2019-10-21,14:55:00,1,Collision with vehicle,1,Monday,120,HEAD ON (NOT OVERTAKING),1,597000,Not at intersection,1,60,Arterial Other,BULLA,HUME,-37.631634,144.79842,2019,10,October,14,Midday,Weekday
T20190020650,2019-10-21,04:45:00,1,Collision with vehicle,1,Monday,113,RIGHT NEAR (INTERSECTIONS ONLY),5,71165,Y intersection,3,60,Arterial Other,GEELONG,GOLDEN PLAINS,-38.044456,144.17332,2019,10,October,4,Late Night,Weekday
T20190020720,2019-10-21,18:45:00,2,Struck Pedestrian,1,Monday,103,PED PLAYING/LYING/WORKING/STANDING ON CARRIAGEWAY.,2,609319,T intersection,2,50,Local Road,LUCILLE,DAREBIN,-37.69979,145.02255,2019,10,October,18,Afternoon Peak,Weekday
T20190020719,2019-10-21,18:45:00,4,Collision with a fixed object,1,Monday,173,RIGHT OFF CARRIAGEWAY INTO OBJECT/PARKED VEHICLE,2,597927,Not at intersection,2,50,Local Road,LUCILLE,DAREBIN,-37.699837,145.02245,2019,10,October,18,Afternoon Peak,Weekday
T20190020757,2019-10-21,15:30:00,1,Collision with vehicle,1,Monday,110,CROSS TRAFFIC(INTERSECTIONS ONLY),1,43653,Cross intersection,2,50,Local Road,PEEL,CASEY,-38.029514,145.35144,2019,10,October,15,Afternoon Peak,Weekday
T20190020704,2019-10-21,19:00:00,1,Collision with vehicle,1,Monday,130,REAR END(VEHICLES IN SAME LANE),1,601606,Not at intersection,2,60,Arterial Other,HOWITT,BALLARAT,-37.541416,143.84178,2019,10,October,19,Night,Weekday
T20190020702,2019-10-21,19:08:00,4,Collision with a fixed object,1,Monday,175,OFF END OF ROAD/T-INTERSECTION.,1,658673,T intersection,3,50,Local Road,BROWNFIELD,KINGSTON,-37.994247,145.08836,2019,10,October,19,Night,Weekday
T20190020701,2019-10-21,19:11:00,1,Collision with vehicle,1,Monday,113,RIGHT NEAR (INTERSECTIONS ONLY),2,595601,T intersection,2,80,Local Road,PATTERSONS,CASEY,-38.119232,145.33122,2019,10,October,19,Night,Weekday
T20190020698,2019-10-21,18:00:00,1,Collision with vehicle,1,Monday,130,REAR END(VEHICLES IN SAME LANE),2,595311,Not at intersection,2,80,Freeway,TULLAMARINE,HUME,-37.66787,144.85548,2019,10,October,18,Afternoon Peak,Weekday
T20190020697,2019-10-21,18:25:00,1,Collision with vehicle,1,Monday,130,REAR END(VEHICLES IN SAME LANE),1,660687,Not at intersection,2,50,Local Road,THE LAKES,WHITTLESEA,-37.641914,145.06894,2019,10,October,18,Afternoon Peak,Weekday
T20190020927,2019-10-21,07:50:00,1,Collision with vehicle,1,Monday,110,CROSS TRAFFIC(INTERSECTIONS ONLY),1,66031,Cross intersection,3,50,Local Road,GARDNER,YARRA,-37.817554,145.00546,2019,10,October,7,Morning Peak,Weekday
T20190020654,2019-10-21,08:45:00,3,Struck animal,1,Monday,167,STRUCK ANIMAL,1,649324,Not at intersection,2,100,Arterial Highway,PRINCES,EAST GIPPSLAND,-37.745132,148.38852,2019,10,October,8,Morning Peak,Weekday
T20190020694,2019-10-21,16:32:00,1,Collision with vehicle,1,Monday,147,VEHICLE STRIKES ANOTHER VEH WHILE EMERGING FROM DRIVEWAY,1,594820,Not at intersection,3,60,Local Road,GLADSTONE,DANDENONG,-37.943172,145.2099,2019,10,October,16,Afternoon Peak,Weekday