ACCIDENT_NO,ACCIDENT_DATE,ACCIDENT_TIME,ACCIDENT_TYPE,ACCIDENT_TYPE_DESC,DAY_OF_WEEK,DAY_WEEK_DESC,DCA_CODE,DCA_DESC,LIGHT_CONDITION,NODE_ID,ROAD_GEOMETRY_DESC,SEVERITY,SPEED_ZONE,RMA,ROAD_NAME,LGA_NAME,LATITUDE,LONGITUDE,YEAR,MONTH,MONTH_NAME,HOUR,TIME_PERIOD,DAY_TYPE
T20190020657,2019-10-21,09:40:00,2,Struck Pedestrian,1,Monday,108,PED STRUCK WALKING TO/FROM OR BOARDING/ALIGHTING VEHICLE.,1,42270,T intersection,3,60,Arterial Highway,BELL,MORELAND,-37.739197,144.94571,2019,10,October,9,Morning Peak,Weekday
T20190020659,2019-10-21,06:55:00,1,Collision with vehicle,1,Monday,147,VEHICLE STRIKES ANOTHER VEH WHILE EMERGING FROM DRIVEWAY,1,597140,T intersection,3,50,Arterial Other,MONBULK,YARRA RANGES,-37.872574,145.40364,2019,10,October,6,Morning Peak,Weekday
T20190020691,2019-10-21,17:00:00,1,Collision with vehicle,1,Monday,110,CROSS TRAFFIC(INTERSECTIONS ONLY),1,607358,Cross intersection,3,50,Local Road,ST ANDREWS,SHEPPARTON,-36.392143,145.40852,2019,10,October,17,Afternoon Peak,Weekday
T20190020661,2019-10-21,06:40:00,1,Collision with vehicle,1,Monday,130,REAR END(VEHICLES IN SAME LANE),1,277601,Cross intersection,2,80,Freeway,MONASH IN-HEATHERTON,CASEY,-37.972523,145.23625,2019,10,October,6,Morning Peak,Weekday
T20200015816,2019-10-22,16:30:00,1,Collision with vehicle,2,Tuesday,130,REAR END(VEHICLES IN SAME LANE),1,661744,T intersection,3,60,Local Road,CITY VISTA,MELTON,-37.72053,144.72566,2019,10,October,16,Afternoon Peak,Weekday
T20190020810,2019-10-22,13:50:00,1,Collision with vehicle,2,Tuesday,130,REAR END(VEHICLES IN SAME LANE),1,595602,Not at intersection,3,70,Arterial Highway,BULLEEN,MANNINGHAM,-37.775738,145.07884,2019,10,October,13,Midday,Weekday
T20190021300,2019-10-22,10:45:00,6,Vehicle overturned (no collision),2,Tuesday,184,OUT OF CONTROL ON CARRIAGEWAY (ON BEND),1,596352,Not at intersection,2,60,Arterial Other,LOWTHER,MOUNT ALEXANDER,-36.986412,144.06946,2019,10,October,10,Midday,Weekday
T20190020762,2019-10-22,13:30:00,1,Collision with vehicle,2,Tuesday,111,RIGHT FAR (INTERSECTIONS ONLY),1,42352,Cross intersection,3,60,Arterial Other,CLARINDA,KINGSTON,-37.94067,145.09793,2019,10,October,13,Midday,Weekday
T20190020809,2019-10-22,14:05:00,1,Collision with vehicle,2,Tuesday,121,RIGHT THROUGH,1,37026,Cross intersection,2,50,Local Road,ALBERT,MELBOURNE,-37.810703,144.98616,2019,10,October,14,Midday,Weekday
T20190020735,2019-10-22,09:16:00,1,Collision with vehicle,2,Tuesday,110,CROSS TRAFFIC(INTERSECTIONS ONLY),1,45552,Cross intersection,3,50,Local Road,ALBERT,MORELAND,-37.7673,144.949,2019,10,October,9,Morning Peak,Weekday
T20190021902,2019-10-22,15:45:00,1,Collision with vehicle,2,Tuesday,130,REAR END(VEHICLES IN SAME LANE),1,136401,Not at intersection,3,80,Arterial Highway,SOUTH GIPPSLAND,CASEY,-38.07465,145.27177,2019,10,October,15,Afternoon Peak,Weekday
T20190020733,2019-10-22,06:45:00,6,Vehicle overturned (no collision),2,Tuesday,174,OUT OF CONTROL ON CARRIAGEWAY (ON STRAIGHT),2,36375,Cross intersection,2,60,Arterial Other,LOWER HEIDELBERG,BANYULE,-37.77036,145.06346,2019,10,October,6,Morning Peak,Weekday
T20190021016,2019-10-22,16:15:00,1,Collision with vehicle,2,Tuesday,121,RIGHT THROUGH,1,36100,Cross intersection,3,50,Arterial Other,SPENCER,MELBOURNE,-37.806145,144.94484,2019,10,October,16,Afternoon Peak,Weekday
T20190020730,2019-10-22,07:52:00,1,Collision with vehicle,2,Tuesday,130,REAR END(VEHICLES IN SAME LANE),1,24782,Multiple intersection,3,60,Freeway,BELL,MOONEE VALLEY,-37.73626,144.92842,2019,10,October,7,Morning Peak,Weekday
T20190020825,2019-10-22,13:25:00,1,Collision with vehicle,2,Tuesday,132,RIGHT REAR.,1,596342,Not at intersection,3,60,Arterial Other,BALWYN,BOROONDARA,-37.801174,145.0836,2019,10,October,13,Midday,Weekday
T20190020772,2019-10-22,15:50:00,1,Collision with vehicle,2,Tuesday,110,CROSS TRAFFIC(INTERSECTIONS ONLY),1,52886,Cross intersection,3,50,Local Road,DANA,BALLARAT,-37.56366,143.85294,2019,10,October,15,Afternoon Peak,Weekday
T20190020775,2019-10-22,17:28:00,1,Collision with vehicle,2,Tuesday,110,CROSS TRAFFIC(INTERSECTIONS ONLY),1,45088,Cross intersection,3,50,Local Road,HENNA,WARRNAMBOOL,-38.380554,142.4768,2019,10,October,17,Afternoon Peak,Weekday
T20190020776,2019-10-22,16:00:00,1,Collision with vehicle,2,Tuesday,111,RIGHT FAR (INTERSECTIONS ONLY),1,595321,Cross intersection,3,50,Local Road,LYNDARUM,WHITTLESEA,-37.62938,145.01233,2019,10,October,16,Afternoon Peak,Weekday
T20190020855,2019-10-22,12:24:00,1,Collision with vehicle,2,Tuesday,121,RIGHT THROUGH,1,44549,Cross intersection,2,60,Arterial Other,SOUTHERN,BANYULE,-37.740997,145.0368,2019,10,October,12,Midday,Weekday
T20190020857,2019-10-22,19:00:00,2,Struck Pedestrian,2,Tuesday,103,PED PLAYING/LYING/WORKING/STANDING ON CARRIAGEWAY.,1,595327,Not at intersection,3,50,Local Road,QUEEN,BENDIGO,-36.80412,144.23178,2019,10,October,19,Night,Weekday
T20190024752,2019-10-22,18:20:00,1,Collision with vehicle,2,Tuesday,130,REAR END(VEHICLES IN SAME LANE),1,649662,Not at intersection,3,60,Arterial Highway,PUNT,STONNINGTON,-37.850807,144.98418,2019,10,October,18,Afternoon Peak,Weekday
T20190020724,2019-10-22,06:20:00,1,Collision with vehicle,2,Tuesday,110,CROSS TRAFFIC(INTERSECTIONS ONLY),6,48191,Cross intersection,2,80,Local Road,DALMORE,CARDINIA,-38.17585,145.42305,2019,10,October,6,Morning Peak,Weekday
T20190020726,2019-10-22,08:30:00,1,Collision with vehicle,2,Tuesday,116,LEFT NEAR (INTERSECTIONS ONLY),1,596339,Cross intersection,3,80,Arterial Highway,MURRAY VALLEY,MOIRA,-35.925297,145.63199,2019,10,October,8,Morning Peak,Weekday
T20190020715,2019-10-22,01:57:00,4,Collision with a fixed object,2,Tuesday,181,OFF RIGHT BEND INTO OBJECT/PARKED VEHICLE,3,650,T intersection,3,50,Arterial Other,MOUNTAIN,YARRA RANGES,-37.862885,145.3537,2019,10,October,1,Late Night,Weekday
T20190020747,2019-10-22,09:20:00,1,Collision with vehicle,2,Tuesday,130,REAR END(VEHICLES IN SAME LANE),1,595319,Not at intersection,3,60,Arterial Other,FELLMONGERS,GEELONG,-38.179558,144.37459,2019,10,October,9,Morning Peak,Weekday
T20190020750,2019-10-22,08:49:00,1,Collision with vehicle,2,Tuesday,130,REAR END(VEHICLES IN SAME LANE),1,600771,Not at intersection,3,60,Arterial Other,MEMORIAL,WHITTLESEA,-37.645016,145.03041,2019,10,October,8,Morning Peak,Weekday
T20190020919,2019-10-22,14:05:00,1,Collision with vehicle,2,Tuesday,134,LANE CHANGE RIGHT (NOT OVERTAKING),1,84936,Not at intersection,3,80,Arterial Highway,GEELONG,MARIBYRNONG,-37.81095,144.8701,2019,10,October,14,Midday,Weekday
T20190020800,2019-10-22,23:30:00,1,Collision with vehicle,2,Tuesday,130,REAR END(VEHICLES IN SAME LANE),3,617743,Not at intersection,2,60,Freeway,CITYLINK,MORELAND,-37.751984,144.93573,2019,10,October,23,Night,Weekday
T20190021522,2019-10-22,16:30:00,1,Collision with vehicle,2,Tuesday,121,RIGHT THROUGH,1,41840,Cross intersection,3,60,Arterial Other,PASCOE,MORELAND,-37.716515,144.93665,2019,10,October,16,Afternoon Peak,Weekday
T20190020931,2019-10-22,17:33:00,1,Collision with vehicle,2,Tuesday,130,REAR END(VEHICLES IN SAME LANE),1,661660,Not at intersection,3,100,Freeway,WESTERN RING,BRIMBANK,-37.800137,144.795,2019,10,October,17,Afternoon Peak,Weekday
T20190020804,2019-10-22,23:32:00,4,Collision with a fixed object,2,Tuesday,175,OFF END OF ROAD/T-INTERSECTION.,3,598505,T intersection,2,50,Local Road,RENNIE,MORELAND,-37.750942,144.97128,2019,10,October,23,Night,Weekday
T20190020984,2019-10-22,14:25:00,1,Collision with vehicle,2,Tuesday,130,REAR END(VEHICLES IN SAME LANE),1,649648,Not at intersection,3,40,Arterial Other,MALVERN,STONNINGTON,-37.851818,145.03143,2019,10,October,14,Midday,Weekday
T20190020744,2019-10-22,10:45:00,1,Collision with vehicle,2,Tuesday,137,LEFT TURN SIDESWIPE,1,36051,T intersection,3,50,Local Road,BARNETT,MELBOURNE,-37.794632,144.93184,2019,10,October,10,Midday,Weekday
T20190020987,2019-10-22,08:45:00,1,Collision with vehicle,2,Tuesday,110,CROSS TRAFFIC(INTERSECTIONS ONLY),1,49288,Cross intersection,3,50,Arterial Other,BARKLY,BALLARAT,-37.56616,143.86632,2019,10,October,8,Morning Peak,Weekday
T20190020989,2019-10-22,07:30:00,1,Collision with vehicle,2,Tuesday,121,RIGHT THROUGH,1,37007,Cross intersection,3,60,Arterial Other,LANSDOWNE,MELBOURNE,-37.80983,144.97833,2019,10,October,7,Morning Peak,Weekday
T20190022345,2019-10-22,18:30:00,1,Collision with vehicle,2,Tuesday,111,RIGHT FAR (INTERSECTIONS ONLY),1,40074,T intersection,3,50,Local Road,FITZROY,PORT PHILLIP,-37.86065,144.97589,2019,10,October,18,Afternoon Peak,Weekday
T20190022120,2019-10-22,17:30:00,8,No collision and no object struck,2,Tuesday,174,OUT OF CONTROL ON CARRIAGEWAY (ON STRAIGHT),1,599358,Not at intersection,3,60,Arterial Highway,BELL,DAREBIN,-37.743862,144.99059,2019,10,October,17,Afternoon Peak,Weekday
T20190020764,2019-10-22,13:36:00,1,Collision with vehicle,2,Tuesday,130,REAR END(VEHICLES IN SAME LANE),1,601337,Not at intersection,3,60,Local Road,MACARTHUR,WELLINGTON,-38.10513,147.06918,2019,10,October,13,Midday,Weekday
T20190020768,2019-10-22,10:00:00,4,Collision with a fixed object,2,Tuesday,171,LEFT OFF CARRIAGEWAY INTO OBJECT/PARKED VEHICLE,1,658835,Not at intersection,3,60,Local Road,CAROLINE SPRINGS,MELTON,-37.722755,144.73827,2019,10,October,10,Midday,Weekday
T20190020798,2019-10-22,19:16:00,1,Collision with vehicle,2,Tuesday,113,RIGHT NEAR (INTERSECTIONS ONLY),2,37755,T intersection,3,60,Arterial Other,WILLIAMS,STONNINGTON,-37.836807,145.00543,2019,10,October,19,Night,Weekday
T20200016524,2019-10-22,12:00:00,1,Collision with vehicle,2,Tuesday,116,LEFT NEAR (INTERSECTIONS ONLY),1,662012,Cross intersection,3,50,Local Road,LLOYD,DAREBIN,-37.69784,145.01372,2019,10,October,12,Midday,Weekday
T20190021206,2019-10-22,15:10:00,8,No collision and no object struck,2,Tuesday,130,REAR END(VEHICLES IN SAME LANE),1,658834,Not at intersection,3,80,Arterial Other,HEALESVILLE-KOO WEE RUP,YARRA RANGES,-37.739754,145.52557,2019,10,October,15,Afternoon Peak,Weekday
T20190020797,2019-10-22,16:30:00,1,Collision with vehicle,2,Tuesday,130,REAR END(VEHICLES IN SAME LANE),1,756324,Not at intersection,3,80,Arterial Highway,DANDENONG,DANDENONG,-38.00258,145.20111,2019,10,October,16,Afternoon Peak,Weekday
T20190020795,2019-10-22,15:15:00,1,Collision with vehicle,2,Tuesday,132,RIGHT REAR.,1,596341,Cross intersection,3,60,Arterial Other,BLUFF,BAYSIDE,-37.96951,145.0174,2019,10,October,15,Afternoon Peak,Weekday
T20190020792,2019-10-22,16:42:00,1,Collision with vehicle,2,Tuesday,130,REAR END(VEHICLES IN SAME LANE),1,198638,Not at intersection,2,100,Freeway,MONASH,MONASH,-37.90795,145.15973,2019,10,October,16,Afternoon Peak,Weekday
T20190020784,2019-10-22,19:00:00,1,Collision with vehicle,2,Tuesday,121,RIGHT THROUGH,3,36034,T intersection,2,40,Local Road,ANN,MORELAND,-37.768894,144.97217,2019,10,October,19,Night,Weekday
T20190020781,2019-10-22,15:08:00,4,Collision with a fixed object,2,Tuesday,173,RIGHT OFF CARRIAGEWAY INTO OBJECT/PARKED VEHICLE,1,625637,Not at intersection,2,100,Arterial Other,BALLARTO,CARDINIA,-38.14462,145.41248,2019,10,October,15,Afternoon Peak,Weekday
T20220019818,2019-10-22,12:00:00,1,Collision with vehicle,2,Tuesday,130,REAR END(VEHICLES IN SAME LANE),9,651016,T intersection,3,80,Local Road,SOUTH GIPPSLAND,CASEY,-38.160824,145.31871,2019,10,October,12,Midday,Weekday
T20190020901,2019-10-22,17:26:00,1,Collision with vehicle,2,Tuesday,113,RIGHT NEAR (INTERSECTIONS ONLY),1,11820,T intersection,2,80,Arterial Other,PRINCES,CARDINIA,-38.060253,145.44858,2019,10,October,17,Afternoon Peak,Weekday
T20190021031,2019-10-22,20:00:00,1,Collision with vehicle,2,Tuesday,137,LEFT TURN SIDESWIPE,3,45638,Cross intersection,3,40,Arterial Other,SYDNEY,MORELAND,-37.777096,144.96043,2019,10,October,20,Night,Weekday
T20190020739,2019-10-22,08:45:00,1,Collision with vehicle,2,Tuesday,140,U TURN,1,595317,Not at intersection,3,100,Arterial Other,FYANSFORD-GHERINGHAP,GOLDEN PLAINS,-38.085426,144.24266,2019,10,October,8,Morning Peak,Weekday
T20190021196,2019-10-22,18:40:00,1,Collision with vehicle,2,Tuesday,134,LANE CHANGE RIGHT (NOT OVERTAKING),1,659034,Not at intersection,3,100,Freeway,EASTLINK IN-RINGWOOD OUT,MAROONDAH,-37.819473,145.21674,2019,10,October,18,Afternoon Peak,Weekday
T20190024904,2019-10-22,20:50:00,8,No collision and no object struck,2,Tuesday,174,OUT OF CONTROL ON CARRIAGEWAY (ON STRAIGHT),1,615877,Not at intersection,3,60,Arterial Other,WERRIBEE,WYNDHAM,-37.902405,144.65385,2019,10,October,20,Night,Weekday
T20190022996,2019-10-22,13:20:00,1,Collision with vehicle,2,Tuesday,135,LANE CHANGE LEFT (NOT OVERTAKING),1,602481,Not at intersection,3,100,Freeway,MONASH,STONNINGTON,-37.85782,145.05884,2019,10,October,13,Midday,Weekday
T20190020777,2019-10-22,16:30:00,2,Struck Pedestrian,2,Tuesday,101,PED EMERGES FROM IN FRONT OF PARKED OR STATIONARY VEHICLE,1,595322,Not at intersection,2,60,Arterial Other,THOMPSON,GEELONG,-38.08662,144.34808,2019,10,October,16,Afternoon Peak,Weekday
T20200000701,2019-10-22,11:25:00,1,Collision with vehicle,2,Tuesday,121,RIGHT THROUGH,1,452,Multiple intersection,3,80,Arterial Highway,GEELONG,MARIBYRNONG,-37.811073,144.86969,2019,10,October,11,Midday,Weekday
T20190020957,2019-10-23,12:50:00,1,Collision with vehicle,3,Wednesday,130,REAR END(VEHICLES IN SAME LANE),1,29891,T intersection,3,60,Arterial Other,MCINTYRE,BRIMBANK,-37.76433,144.83104,2019,10,October,12,Midday,Weekday
T20190020889,2019-10-23,09:15:00,1,Collision with vehicle,3,Wednesday,121,RIGHT THROUGH,1,595607,T intersection,3,70,Arterial Highway,NORTH,GLEN EIRA,-37.90553,145.05211,2019,10,October,9,Morning Peak,Weekday
T20200009081,2019-10-23,12:25:00,1,Collision with vehicle,3,Wednesday,110,CROSS TRAFFIC(INTERSECTIONS ONLY),1,29556,Cross intersection,3,60,Local Road,FAVERSHAM,BOROONDARA,-37.818882,145.08504,2019,10,October,12,Midday,Weekday
T20190020864,2019-10-23,18:15:00,2,Struck Pedestrian,3,Wednesday,100,PED NEAR SIDE. PED HIT BY VEHICLE FROM THE RIGHT.,1,595328,Not at intersection,3,60,Arterial Other,GRIMSHAW,BANYULE,-37.702072,145.07959,2019,10,October,18,Afternoon Peak,Weekday
T20190020967,2019-10-23,18:00:00,1,Collision with vehicle,3,Wednesday,110,CROSS TRAFFIC(INTERSECTIONS ONLY),1,41058,Cross intersection,2,60,Arterial Other,MOUNTAIN,KNOX,-37.844074,145.30006,2019,10,October,18,Afternoon Peak,Weekday
T20190020826,2019-10-23,09:50:00,1,Collision with vehicle,3,Wednesday,148,VEHICLE OFF FOOTPATH STRIKES VEH ON CARRIAGEWAY,1,659203,Not at intersection,2,80,Local Road,UNNAMED,CASEY,-38.05874,145.33829,2019,10,October,9,Morning Peak,Weekday
T20190021246,2019-10-23,08:45:00,1,Collision with vehicle,3,Wednesday,136,RIGHT TURN SIDESWIPE,1,29535,T intersection,3,60,Arterial Other,POWER,BOROONDARA,-37.82086,145.02652,2019,10,October,8,Morning Peak,Weekday
T20200002601,2019-10-23,21:00:00,1,Collision with vehicle,3,Wednesday,163,VEHICLE STRIKES DOOR OF PARKED/STATIONARY VEHICLE,3,659206,Not at intersection,3,40,Local Road,LA TROBE,MELBOURNE,-37.80951,144.96411,2019,10,October,21,Night,Weekday
T20190020840,2019-10-23,15:30:00,1,Collision with vehicle,3,Wednesday,130,REAR END(VEHICLES IN SAME LANE),1,600772,Not at intersection,3,40,Arterial Other,HIGH,STONNINGTON,-37.85668,145.02975,2019,10,October,15,Afternoon Peak,Weekday
T20190020838,2019-10-23,07:35:00,1,Collision with vehicle,3,Wednesday,113,RIGHT NEAR (INTERSECTIONS ONLY),1,40123,T intersection,3,60,Arterial Highway,BRIGHTON,PORT PHILLIP,-37.869675,144.98811,2019,10,October,7,Morning Peak,Weekday
T20190020998,2019-10-23,07:35:00,2,Struck Pedestrian,3,Wednesday,102,FAR SIDE. PED HIT BY VEHICLE FROM THE LEFT,1,246508,Cross intersection,3,50,Arterial Other,GATEHOUSE,MELBOURNE,-37.796467,144.95132,2019,10,October,7,Morning Peak,Weekday
T20190020945,2019-10-23,12:50:00,1,Collision with vehicle,3,Wednesday,130,REAR END(VEHICLES IN SAME LANE),1,598486,Not at intersection,3,60,Arterial Other,CAMP,HUME,-37.6858,144.92413,2019,10,October,12,Midday,Weekday
T20190020941,2019-10-23,15:45:00,1,Collision with vehicle,3,Wednesday,121,RIGHT THROUGH,1,65456,T intersection,2,60,Arterial Other,SURREY,WHITEHORSE,-37.803795,145.15913,2019,10,October,15,Afternoon Peak,Weekday
T20190020928,2019-10-23,07:48:00,1,Collision with vehicle,3,Wednesday,130,REAR END(VEHICLES IN SAME LANE),1,597796,Cross intersection,3,60,Arterial Highway,BANKSIA,BANYULE,-37.759396,145.06668,2019,10,October,7,Morning Peak,Weekday
T20190020827,2019-10-23,08:46:00,2,Struck Pedestrian,3,Wednesday,100,PED NEAR SIDE. PED HIT BY VEHICLE FROM THE RIGHT.,1,595326,Cross intersection,3,60,Local Road,ROCKBANK MIDDLE,MELTON,-37.74325,144.73569,2019,10,October,8,Morning Peak,Weekday
T20190021012,2019-10-23,10:55:00,1,Collision with vehicle,3,Wednesday,130,REAR END(VEHICLES IN SAME LANE),9,596599,Not at intersection,3,60,Local Road,CHARMAN,KINGSTON,-37.967617,145.05528,2019,10,October,10,Midday,Weekday
T20190020905,2019-10-23,20:30:00,3,Struck animal,3,Wednesday,167,STRUCK ANIMAL,5,598507,Not at intersection,2,100,Arterial Highway,SUNRAYSIA,PYRENEES,-36.973557,143.365,2019,10,October,20,Night,Weekday
T20190020806,2019-10-23,02:30:00,1,Collision with vehicle,3,Wednesday,110,CROSS TRAFFIC(INTERSECTIONS ONLY),3,40282,Cross intersection,3,60,Arterial Other,BALACLAVA,GLEN EIRA,-37.872673,145.02472,2019,10,October,2,Late Night,Weekday
T20200001051,2019-10-23,11:20:00,1,Collision with vehicle,3,Wednesday,130,REAR END(VEHICLES IN SAME LANE),1,619378,Not at intersection,3,60,Arterial Other,BALWYN,BOROONDARA,-37.81816,145.08034,2019,10,October,11,Midday,Weekday
T20190020869,2019-10-23,15:30:00,1,Collision with vehicle,3,Wednesday,133,LANE SIDE SWIPE (VEHICLES IN PARALLEL LANES),1,263450,T intersection,3,60,Arterial Other,VICTORIA,MELBOURNE,-37.808716,144.97852,2019,10,October,15,Afternoon Peak,Weekday
T20190020867,2019-10-23,17:56:00,1,Collision with vehicle,3,Wednesday,121,RIGHT THROUGH,1,37198,T intersection,2,40,Arterial Other,CHURCH,YARRA,-37.81934,144.99904,2019,10,October,17,Afternoon Peak,Weekday
T20190020852,2019-10-23,14:45:00,1,Collision with vehicle,3,Wednesday,137,LEFT TURN SIDESWIPE,1,65694,T intersection,3,60,Arterial Other,VICTORIA,YARRA,-37.809437,144.98949,2019,10,October,14,Midday,Weekday
T20190020818,2019-10-23,08:25:00,1,Collision with vehicle,3,Wednesday,131,LEFT REAR,1,649914,T intersection,3,60,Arterial Other,KATAMATITE-SHEPPARTON MAIN,SHEPPARTON,-36.30278,145.43156,2019,10,October,8,Morning Peak,Weekday
T20190020859,2019-10-23,14:10:00,4,Collision with a fixed object,3,Wednesday,171,LEFT OFF CARRIAGEWAY INTO OBJECT/PARKED VEHICLE,1,613279,Not at intersection,2,60,Arterial Other,BACCHUS MARSH,MOORABOOL,-37.682945,144.46014,2019,10,October,14,Midday,Weekday
T20190020858,2019-10-23,17:47:00,1,Collision with vehicle,3,Wednesday,113,RIGHT NEAR (INTERSECTIONS ONLY),2,52829,T intersection,2,50,Local Road,PLEASANT,BALLARAT,-37.55602,143.83966,2019,10,October,17,Afternoon Peak,Weekday
T20190020823,2019-10-23,09:25:00,1,Collision with vehicle,3,Wednesday,120,HEAD ON (NOT OVERTAKING),1,595325,Not at intersection,3,60,Arterial Other,KINGSBURY,DAREBIN,-37.729153,145.05766,2019,10,October,9,Morning Peak,Weekday
T20190020815,2019-10-23,06:45:00,1,Collision with vehicle,3,Wednesday,121,RIGHT THROUGH,1,17651,Cross intersection,2,60,Arterial Other,SNOW,WANGARATTA,-36.449577,146.43137,2019,10,October,6,Morning Peak,Weekday
T20190020876,2019-10-23,20:15:00,1,Collision with vehicle,3,Wednesday,135,LANE CHANGE LEFT (NOT OVERTAKING),3,659204,Not at intersection,3,100,Freeway,WESTERN RING,HUME,-37.693336,144.93634,2019,10,October,20,Night,Weekday
T20190020851,2019-10-23,14:20:00,1,Collision with vehicle,3,Wednesday,134,LANE CHANGE RIGHT (NOT OVERTAKING),1,659116,Not at intersection,3,60,Arterial Other,SPENCER,MELBOURNE,-37.809875,144.94981,2019,10,October,14,Midday,Weekday
T20190020820,2019-10-23,07:30:00,1,Collision with vehicle,3,Wednesday,130,REAR END(VEHICLES IN SAME LANE),1,595324,Not at intersection,3,100,Freeway,HUME,WHITTLESEA,-37.664017,144.98322,2019,10,October,7,Morning Peak,Weekday
T20190020805,2019-10-23,01:42:00,1,Collision with vehicle,3,Wednesday,133,LANE SIDE SWIPE (VEHICLES IN PARALLEL LANES),3,595849,Not at intersection,3,80,Arterial Other,HEATHERTON,CASEY,-37.973763,145.24898,2019,10,October,1,Late Night,Weekday
T20190022757,2019-10-23,15:15:00,1,Collision with vehicle,3,Wednesday,123,RIGHT/LEFT. ONE VEH TURNING RIGHT THE OTHER LEFT.,1,45079,T intersection,3,50,Local Road,QUEEN,BAW BAW,-38.164127,145.93286,2019,10,October,15,Afternoon Peak,Weekday
T20190023648,2019-10-23,15:50:00,1,Collision with vehicle,3,Wednesday,113,RIGHT NEAR (INTERSECTIONS ONLY),1,44624,T intersection,3,60,Arterial Other,GRIMSHAW,BANYULE,-37.700703,145.0658,2019,10,October,15,Afternoon Peak,Weekday
T20190020817,2019-10-23,07:45:00,1,Collision with vehicle,3,Wednesday,130,REAR END(VEHICLES IN SAME LANE),1,616145,Not at intersection,3,70,Arterial Other,FOOTE,MANNINGHAM,-37.76053,145.14098,2019,10,October,7,Morning Peak,Weekday
T20190020874,2019-10-23,19:00:00,1,Collision with vehicle,3,Wednesday,110,CROSS TRAFFIC(INTERSECTIONS ONLY),1,42835,Cross intersection,3,60,Local Road,BARKLY,KINGSTON,-38.00461,145.08827,2019,10,October,19,Night,Weekday
T20190020873,2019-10-23,16:23:00,1,Collision with vehicle,3,Wednesday,130,REAR END(VEHICLES IN SAME LANE),1,595606,Not at intersection,3,80,Arterial Highway,FRANKSTON-DANDENONG,FRANKSTON,-38.107025,145.16496,2019,10,October,16,Afternoon Peak,Weekday
T20190020871,2019-10-23,17:05:00,8,No collision and no object struck,3,Wednesday,180,OFF CARRIAGEWAY ON RIGHT BEND,1,598506,Not at intersection,2,100,Local Road,CARROLLS,ALPINE,-36.53334,146.81221,2019,10,October,17,Afternoon Peak,Weekday
T20190020848,2019-10-23,10:20:00,2,Struck Pedestrian,3,Wednesday,100,PED NEAR SIDE. PED HIT BY VEHICLE FROM THE RIGHT.,1,55690,Cross intersection,3,60,Local Road,BLACK FOREST,WYNDHAM,-37.901596,144.62787,2019,10,October,10,Midday,Weekday
T20190020879,2019-10-23,20:50:00,1,Collision with vehicle,3,Wednesday,120,HEAD ON (NOT OVERTAKING),5,606514,Not at intersection,1,100,Local Road,MARRETTS,LATROBE,-38.213608,146.32367,2019,10,October,20,Night,Weekday
T20190020880,2019-10-23,23:40:00,4,Collision with a fixed object,3,Wednesday,181,OFF RIGHT BEND INTO OBJECT/PARKED VEHICLE,5,608300,Not at intersection,2,100,Arterial Other,DUKE,WELLINGTON,-38.524982,146.86891,2019,10,October,23,Night,Weekday
T20190021474,2019-10-23,19:00:00,1,Collision with vehicle,3,Wednesday,142,LEAVING PARKING,9,600167,Not at intersection,3,60,Arterial Other,HAMILTON,MACEDON RANGES,-37.48817,144.59291,2019,10,October,19,Night,Weekday
T20190020884,2019-10-23,11:35:00,1,Collision with vehicle,3,Wednesday,145,REVERSING IN STREAM OF TRAFFIC,1,595329,Not at intersection,3,50,Local Road,ASH,CASEY,-38.10754,145.27792,2019,10,October,11,Midday,Weekday
T20190020870,2019-10-23,00:30:00,1,Collision with vehicle,3,Wednesday,160,VEHICLE COLLIDES WITH VEHICLE PARKED ON LEFT OF ROAD,3,595605,Not at intersection,2,50,Local Road,HENDERSON,KNOX,-37.909172,145.24158,2019,10,October,0,Late Night,Weekday
T20190020862,2019-10-23,18:25:00,2,Struck Pedestrian,3,Wednesday,100,PED NEAR SIDE. PED HIT BY VEHICLE FROM THE RIGHT.,1,596597,Y intersection,2,50,Local Road,MARKET,YARRA RANGES,-37.75635,145.35188,2019,10,October,18,Afternoon Peak,Weekday
T20190020886,2019-10-23,13:22:00,1,Collision with vehicle,3,Wednesday,120,HEAD ON (NOT OVERTAKING),1,595330,Not at intersection,2,60,Arterial Other,BALLARAT,MARIBYRNONG,-37.78558,144.87564,2019,10,October,13,Midday,Weekday
T20190020849,2019-10-23,11:20:00,1,Collision with vehicle,3,Wednesday,110,CROSS TRAFFIC(INTERSECTIONS ONLY),1,52029,Cross intersection,2,100,Arterial Highway,PRINCES,WELLINGTON,-38.068024,147.0738,2019,10,October,11,Midday,Weekday
T20190022246,2019-10-23,15:27:00,1,Collision with vehicle,3,Wednesday,130,REAR END(VEHICLES IN SAME LANE),1,601082,Not at intersection,3,70,Arterial Highway,SPRINGVALE,MONASH,-37.877476,145.16624,2019,10,October,15,Afternoon Peak,Weekday
T20190021083,2019-10-24,16:10:00,1,Collision with vehicle,4,Thursday,137,LEFT TURN SIDESWIPE,1,595858,Not at intersection,3,60,Local Road,SPRINGFIELD,WHITEHORSE,-37.8118,145.17978,2019,10,October,16,Afternoon Peak,Weekday