ACCIDENT_NO,ACCIDENT_DATE,ACCIDENT_TIME,ACCIDENT_TYPE,ACCIDENT_TYPE_DESC,DAY_OF_WEEK,DAY_WEEK_DESC,DCA_CODE,DCA_DESC,LIGHT_CONDITION,NODE_ID,ROAD_GEOMETRY_DESC,SEVERITY,SPEED_ZONE,RMA,ROAD_NAME,LGA_NAME,LATITUDE,LONGITUDE,YEAR,MONTH,MONTH_NAME,HOUR,TIME_PERIOD,DAY_TYPE
T20190020979,2019-10-24,23:35:00,1,Collision with vehicle,4,Thursday,130,REAR END(VEHICLES IN SAME LANE),5,607521,Not at intersection,3,100,Freeway,WESTERN,BRIMBANK,-37.797676,144.76302,2019,10,October,23,Night,Weekday
T20190020975,2019-10-24,17:25:00,1,Collision with vehicle,4,Thursday,121,RIGHT THROUGH,1,605074,T intersection,3,60,Arterial Other,SOUTH,KINGSTON,-37.93461,145.04677,2019,10,October,17,Afternoon Peak,Weekday
T20190020973,2019-10-24,15:45:00,4,Collision with a fixed object,4,Thursday,173,RIGHT OFF CARRIAGEWAY INTO OBJECT/PARKED VEHICLE,1,595852,Not at intersection,2,100,Freeway,MORNINGTON PENINSULA,KINGSTON,-38.07488,145.1499,2019,10,October,15,Afternoon Peak,Weekday
T20190020972,2019-10-24,17:19:00,1,Collision with vehicle,4,Thursday,110,CROSS TRAFFIC(INTERSECTIONS ONLY),1,37549,Cross intersection,3,50,Arterial Other,CLARENDON,PORT PHILLIP,-37.83637,144.96213,2019,10,October,17,Afternoon Peak,Weekday
T20190020971,2019-10-24,14:47:00,1,Collision with vehicle,4,Thursday,130,REAR END(VEHICLES IN SAME LANE),1,600480,Not at intersection,3,60,Arterial Other,HUNTINGDALE,MONASH,-37.895035,145.10654,2019,10,October,14,Midday,Weekday
T20190020968,2019-10-24,21:10:00,1,Collision with vehicle,4,Thursday,121,RIGHT THROUGH,3,596344,Not at intersection,2,60,Non Arterial,LEAKES,MELTON,-37.7256,144.65125,2019,10,October,21,Night,Weekday
T20190023298,2019-10-24,23:50:00,1,Collision with vehicle,4,Thursday,130,REAR END(VEHICLES IN SAME LANE),3,11857,Cross intersection,3,80,Arterial Highway,WELLINGTON,KNOX,-37.92799,145.23283,2019,10,October,23,Night,Weekday
T20190021285,2019-10-24,07:25:00,1,Collision with vehicle,4,Thursday,130,REAR END(VEHICLES IN SAME LANE),1,650239,Not at intersection,2,100,Freeway,EASTERN,WHITEHORSE,-37.802105,145.16287,2019,10,October,7,Morning Peak,Weekday
T20190021308,2019-10-24,10:30:00,1,Collision with vehicle,4,Thursday,131,LEFT REAR,1,351458,Cross intersection,2,60,Arterial Other,PASCOE VALE,HUME,-37.64066,144.92877,2019,10,October,10,Midday,Weekday
T20200003415,2019-10-24,17:30:00,1,Collision with vehicle,4,Thursday,130,REAR END(VEHICLES IN SAME LANE),1,627740,Not at intersection,3,60,Local Road,RAILWAY,HOBSONS BAY,-37.862675,144.77856,2019,10,October,17,Afternoon Peak,Weekday
T20190020962,2019-10-24,17:20:00,1,Collision with vehicle,4,Thursday,131,LEFT REAR,1,648973,Not at intersection,3,60,Local Road,PARSLOWS,YARRA RANGES,-37.813793,145.50815,2019,10,October,17,Afternoon Peak,Weekday
T20190020961,2019-10-24,18:30:00,2,Struck Pedestrian,4,Thursday,100,PED NEAR SIDE. PED HIT BY VEHICLE FROM THE RIGHT.,1,595334,Not at intersection,2,40,Arterial Other,HIGH,WHITTLESEA,-37.64229,145.02646,2019,10,October,18,Afternoon Peak,Weekday
T20190020955,2019-10-24,16:30:00,4,Collision with a fixed object,4,Thursday,181,OFF RIGHT BEND INTO OBJECT/PARKED VEHICLE,1,595610,Not at intersection,2,80,Local Road,MYERS CREEK,YARRA RANGES,-37.595543,145.52023,2019,10,October,16,Afternoon Peak,Weekday
T20200000609,2019-10-24,19:00:00,3,Struck animal,4,Thursday,167,STRUCK ANIMAL,1,623273,Not at intersection,3,100,Local Road,OLD CENTRAL,SOUTH GIPPSLAND,-38.5245,146.21674,2019,10,October,19,Night,Weekday
T20190021008,2019-10-24,07:00:00,4,Collision with a fixed object,4,Thursday,171,LEFT OFF CARRIAGEWAY INTO OBJECT/PARKED VEHICLE,1,596869,Not at intersection,3,100,Freeway,WESTERN,MOORABOOL,-37.588326,144.21033,2019,10,October,7,Morning Peak,Weekday
T20190020926,2019-10-24,10:58:00,2,Struck Pedestrian,4,Thursday,100,PED NEAR SIDE. PED HIT BY VEHICLE FROM THE RIGHT.,1,650237,T intersection,3,50,Local Road,GREMEL,DAREBIN,-37.723614,145.02992,2019,10,October,10,Midday,Weekday
T20200001973,2019-10-24,05:50:00,1,Collision with vehicle,4,Thursday,140,U TURN,2,659577,Not at intersection,3,80,Arterial Highway,MAROONDAH,YARRA RANGES,-37.76831,145.2991,2019,10,October,5,Morning Peak,Weekday
T20190021366,2019-10-24,18:30:00,1,Collision with vehicle,4,Thursday,121,RIGHT THROUGH,1,77396,Cross intersection,2,80,Arterial Other,CRANBOURNE-FRANKSTON,CASEY,-38.110085,145.25836,2019,10,October,18,Afternoon Peak,Weekday
T20190020881,2019-10-24,02:51:00,6,Vehicle overturned (no collision),4,Thursday,170,OFF CARRIAGEWAY TO LEFT,5,606696,T intersection,3,60,Arterial Other,RESEARCH-WARRANDYTE,NILLUMBIK,-37.70805,145.1943,2019,10,October,2,Late Night,Weekday
T20190021197,2019-10-24,08:45:00,1,Collision with vehicle,4,Thursday,130,REAR END(VEHICLES IN SAME LANE),1,599043,Not at intersection,3,60,Arterial Highway,ST KILDA,PORT PHILLIP,-37.863667,144.9852,2019,10,October,8,Morning Peak,Weekday
T20190020896,2019-10-24,06:42:00,2,Struck Pedestrian,4,Thursday,100,PED NEAR SIDE. PED HIT BY VEHICLE FROM THE RIGHT.,1,606699,Not at intersection,2,60,Arterial Other,BAY,BAYSIDE,-37.954556,145.02728,2019,10,October,6,Morning Peak,Weekday
T20190020900,2019-10-24,08:42:00,1,Collision with vehicle,4,Thursday,130,REAR END(VEHICLES IN SAME LANE),1,609026,Not at intersection,2,40,Arterial Highway,PRINCES,COLAC OTWAY,-38.312035,143.69185,2019,10,October,8,Morning Peak,Weekday
T20190020902,2019-10-24,09:41:00,1,Collision with vehicle,4,Thursday,121,RIGHT THROUGH,1,597662,Cross intersection,3,60,Arterial Highway,MARONG,BENDIGO,-36.759808,144.24521,2019,10,October,9,Morning Peak,Weekday
T20190020903,2019-10-24,08:55:00,1,Collision with vehicle,4,Thursday,137,LEFT TURN SIDESWIPE,1,595331,Cross intersection,2,40,Local Road,RATHDOWNE,YARRA,-37.792522,144.97136,2019,10,October,8,Morning Peak,Weekday
T20190020904,2019-10-24,09:09:00,1,Collision with vehicle,4,Thursday,140,U TURN,1,598484,Not at intersection,2,100,Local Road,ARTHURS CREEK,WHITTLESEA,-37.570435,145.12462,2019,10,October,9,Morning Peak,Weekday
T20190020911,2019-10-24,07:15:00,4,Collision with a fixed object,4,Thursday,171,LEFT OFF CARRIAGEWAY INTO OBJECT/PARKED VEHICLE,1,600160,Not at intersection,2,100,Local Road,SATIMER,SOUTHERN GRAMPIANS,-37.463203,141.53246,2019,10,October,7,Morning Peak,Weekday
T20190020912,2019-10-24,11:42:00,2,Struck Pedestrian,4,Thursday,100,PED NEAR SIDE. PED HIT BY VEHICLE FROM THE RIGHT.,1,595332,T intersection,3,60,Arterial Other,MILLEARA,MOONEE VALLEY,-37.748398,144.86235,2019,10,October,11,Midday,Weekday
T20190020915,2019-10-24,11:11:00,6,Vehicle overturned (no collision),4,Thursday,170,OFF CARRIAGEWAY TO LEFT,1,595608,Not at intersection,3,60,Local Road,THE BOULEVARD,BASS COAST,-38.51478,145.13821,2019,10,October,11,Midday,Weekday
T20190022140,2019-10-24,15:03:00,1,Collision with vehicle,4,Thursday,121,RIGHT THROUGH,1,57892,Multiple intersection,3,60,Arterial Highway,BITTERN-DROMANA,MORNINGTON PENINSULA,-38.32825,144.97488,2019,10,October,15,Afternoon Peak,Weekday
T20190023355,2019-10-24,04:58:00,1,Collision with vehicle,4,Thursday,130,REAR END(VEHICLES IN SAME LANE),3,603379,Not at intersection,2,100,Freeway,WESTERN RING,BRIMBANK,-37.72348,144.86516,2019,10,October,4,Late Night,Weekday
T20190020922,2019-10-24,07:45:00,1,Collision with vehicle,4,Thursday,113,RIGHT NEAR (INTERSECTIONS ONLY),1,298951,T intersection,2,80,Arterial Other,CRANBOURNE-FRANKSTON,CASEY,-38.11348,145.2517,2019,10,October,7,Morning Peak,Weekday
T20190020929,2019-10-24,11:35:00,8,No collision and no object struck,4,Thursday,170,OFF CARRIAGEWAY TO LEFT,1,659381,Not at intersection,3,80,Arterial Highway,DANDENONG VALLEY,KNOX,-37.938923,145.23093,2019,10,October,11,Midday,Weekday
T20190020936,2019-10-24,10:30:00,4,Collision with a fixed object,4,Thursday,181,OFF RIGHT BEND INTO OBJECT/PARKED VEHICLE,1,613280,Not at intersection,2,80,Arterial Other,BONANG,EAST GIPPSLAND,-37.378315,148.63583,2019,10,October,10,Midday,Weekday
T20190020943,2019-10-24,11:00:00,1,Collision with vehicle,4,Thursday,137,LEFT TURN SIDESWIPE,1,595333,Not at intersection,3,60,Arterial Other,SEAFORD,FRANKSTON,-38.112637,145.15707,2019,10,October,11,Midday,Weekday
T20190020951,2019-10-24,15:24:00,8,No collision and no object struck,4,Thursday,172,OFF CARRIAGEWAY TO RIGHT,1,635653,Not at intersection,2,80,Arterial Highway,GLENELG,BALLARAT,-37.592022,143.7788,2019,10,October,15,Afternoon Peak,Weekday
T20190020953,2019-10-24,14:15:00,1,Collision with vehicle,4,Thursday,162,ACCIDENT OR BROKEN DOWN,1,609027,Not at intersection,2,100,Freeway,MONASH,MONASH,-37.886517,145.10658,2019,10,October,14,Midday,Weekday
T20190024932,2019-10-24,16:00:00,1,Collision with vehicle,4,Thursday,148,VEHICLE OFF FOOTPATH STRIKES VEH ON CARRIAGEWAY,1,659576,Not at intersection,3,60,Local Road,PERCY,GLENELG,-38.33836,141.60411,2019,10,October,16,Afternoon Peak,Weekday
T20190021057,2019-10-24,14:30:00,1,Collision with vehicle,4,Thursday,111,RIGHT FAR (INTERSECTIONS ONLY),1,40263,T intersection,3,60,Arterial Other,MALVERN,STONNINGTON,-37.8513,145.02756,2019,10,October,14,Midday,Weekday
T20190021035,2019-10-24,18:20:00,1,Collision with vehicle,4,Thursday,130,REAR END(VEHICLES IN SAME LANE),1,596348,Not at intersection,3,60,Local Road,MANCHESTER,YARRA RANGES,-37.783306,145.31136,2019,10,October,18,Afternoon Peak,Weekday
T20190020999,2019-10-25,08:25:00,4,Collision with a fixed object,5,Friday,171,LEFT OFF CARRIAGEWAY INTO OBJECT/PARKED VEHICLE,1,597141,Not at intersection,2,100,Arterial Highway,GREAT ALPINE,EAST GIPPSLAND,-37.206127,147.71886,2019,10,October,8,Morning Peak,Weekday
T20190021079,2019-10-25,16:00:00,1,Collision with vehicle,5,Friday,110,CROSS TRAFFIC(INTERSECTIONS ONLY),1,42547,Cross intersection,2,50,Arterial Other,POLICE,MONASH,-37.934273,145.1658,2019,10,October,16,Afternoon Peak,Weekday
T20190021034,2019-10-25,08:28:00,1,Collision with vehicle,5,Friday,113,RIGHT NEAR (INTERSECTIONS ONLY),1,299635,T intersection,3,60,Arterial Other,ESPLANADE,BAYSIDE,-37.90985,144.98633,2019,10,October,8,Morning Peak,Weekday
T20190021315,2019-10-25,16:30:00,1,Collision with vehicle,5,Friday,132,RIGHT REAR.,1,596879,Not at intersection,3,60,Arterial Other,BALLARTO,FRANKSTON,-38.112854,145.15884,2019,10,October,16,Afternoon Peak,Weekday
T20190021032,2019-10-25,14:15:00,2,Struck Pedestrian,5,Friday,100,PED NEAR SIDE. PED HIT BY VEHICLE FROM THE RIGHT.,1,620523,T intersection,3,50,Local Road,PALMERSTON,MELTON,-37.682564,144.58305,2019,10,October,14,Midday,Weekday
T20190022110,2019-10-25,08:30:00,5,collision with some other object,5,Friday,171,LEFT OFF CARRIAGEWAY INTO OBJECT/PARKED VEHICLE,1,659670,Not at intersection,3,100,Local Road,OLD SYDNEY,MITCHELL,-37.441933,144.93513,2019,10,October,8,Morning Peak,Weekday
T20190021030,2019-10-25,16:02:00,1,Collision with vehicle,5,Friday,110,CROSS TRAFFIC(INTERSECTIONS ONLY),1,50162,Cross intersection,2,60,Arterial Other,FELLMONGERS,GEELONG,-38.17939,144.3693,2019,10,October,16,Afternoon Peak,Weekday
T20190022149,2019-10-25,14:00:00,1,Collision with vehicle,5,Friday,130,REAR END(VEHICLES IN SAME LANE),1,35815,Multiple intersection,3,50,Arterial Other,MILLER STREET -TOWNSEND,BENDIGO,-36.769127,144.2921,2019,10,October,14,Midday,Weekday
T20190021201,2019-10-25,18:45:00,6,Vehicle overturned (no collision),5,Friday,174,OUT OF CONTROL ON CARRIAGEWAY (ON STRAIGHT),2,598210,Not at intersection,2,60,Arterial Other,EDITHVALE,KINGSTON,-38.028824,145.13004,2019,10,October,18,Afternoon Peak,Weekday
T20190021029,2019-10-25,15:54:00,2,Struck Pedestrian,5,Friday,101,PED EMERGES FROM IN FRONT OF PARKED OR STATIONARY VEHICLE,1,595853,T intersection,3,50,Local Road,MOSSFIELD,WHITTLESEA,-37.624958,145.00626,2019,10,October,15,Afternoon Peak,Weekday
T20190021080,2019-10-25,11:00:00,1,Collision with vehicle,5,Friday,147,VEHICLE STRIKES ANOTHER VEH WHILE EMERGING FROM DRIVEWAY,1,773448,Not at intersection,3,60,Arterial Other,NORTH,MURRINDINDI,-37.214813,145.4161,2019,10,October,11,Midday,Weekday
T20190020982,2019-10-25,04:50:00,1,Collision with vehicle,5,Friday,111,RIGHT FAR (INTERSECTIONS ONLY),3,659663,Cross intersection,3,80,Arterial Highway,SHEPPARDS,YARRA RANGES,-37.759144,145.32082,2019,10,October,4,Late Night,Weekday
T20190021971,2019-10-25,10:09:00,1,Collision with vehicle,5,Friday,121,RIGHT THROUGH,1,40317,T intersection,3,60,Arterial Other,TOORAK,STONNINGTON,-37.844307,145.03557,2019,10,October,10,Midday,Weekday
T20200002808,2019-10-25,12:00:00,1,Collision with vehicle,5,Friday,135,LANE CHANGE LEFT (NOT OVERTAKING),9,773219,Not at intersection,3,80,Freeway,WESTERN RING,MORELAND,-37.69267,144.94386,2019,10,October,12,Midday,Weekday
T20190020988,2019-10-25,06:30:00,8,No collision and no object struck,5,Friday,179,OTHER ACCIDENTS-OFF STRAIGHT NOT INCLUDED IN DCAs 170-175,2,606693,Not at intersection,3,50,Local Road,THE ESPLANADE,BASS COAST,-38.448063,145.24133,2019,10,October,6,Morning Peak,Weekday
T20190021019,2019-10-25,13:08:00,1,Collision with vehicle,5,Friday,121,RIGHT THROUGH,1,606694,Not at intersection,3,80,Arterial Highway,SPRINGVALE,WHITEHORSE,-37.853157,145.16959,2019,10,October,13,Midday,Weekday
T20190020990,2019-10-25,08:40:00,1,Collision with vehicle,5,Friday,111,RIGHT FAR (INTERSECTIONS ONLY),1,595611,T intersection,2,60,Arterial Other,BORONIA,KNOX,-37.859055,145.2624,2019,10,October,8,Morning Peak,Weekday
T20190020993,2019-10-25,08:30:00,1,Collision with vehicle,5,Friday,110,CROSS TRAFFIC(INTERSECTIONS ONLY),1,49529,Cross intersection,2,80,Arterial Other,GREENDALE-MYRNIONG,MOORABOOL,-37.607754,144.31853,2019,10,October,8,Morning Peak,Weekday
T20190021655,2019-10-25,12:27:00,6,Vehicle overturned (no collision),5,Friday,180,OFF CARRIAGEWAY ON RIGHT BEND,1,650535,Not at intersection,3,100,Local Road,LOCH-WONTHAGGI,BASS COAST,-38.45046,145.6586,2019,10,October,12,Midday,Weekday
T20200010619,2019-10-25,16:00:00,2,Struck Pedestrian,5,Friday,103,PED PLAYING/LYING/WORKING/STANDING ON CARRIAGEWAY.,1,659669,Unknown,3,50,Arterial Other,MANNINGHAM ROAD SERVICE,MANNINGHAM,-37.776943,145.11954,2019,10,October,16,Afternoon Peak,Weekday
T20200010506,2019-10-25,14:00:00,1,Collision with vehicle,5,Friday,110,CROSS TRAFFIC(INTERSECTIONS ONLY),1,868,Cross intersection,3,60,Arterial Highway,STATE (LOWER DANDENONG/CHELTENHAM),DANDENONG,-37.99012,145.21454,2019,10,October,14,Midday,Weekday
T20190021009,2019-10-25,08:32:00,4,Collision with a fixed object,5,Friday,181,OFF RIGHT BEND INTO OBJECT/PARKED VEHICLE,1,596346,Not at intersection,3,70,Local Road,BEAUTY GULLY,MANNINGHAM,-37.758434,145.20958,2019,10,October,8,Morning Peak,Weekday
T20190021064,2019-10-25,21:00:00,1,Collision with vehicle,5,Friday,130,REAR END(VEHICLES IN SAME LANE),3,608733,Cross intersection,2,70,Arterial Highway,MAROONDAH,MAROONDAH,-37.814556,145.23111,2019,10,October,21,Night,Weekday
T20190021199,2019-10-25,12:50:00,1,Collision with vehicle,5,Friday,147,VEHICLE STRIKES ANOTHER VEH WHILE EMERGING FROM DRIVEWAY,1,596605,Not at intersection,3,50,Local Road,SLATER,BRIMBANK,-37.734863,144.85504,2019,10,October,12,Midday,Weekday
T20190021874,2019-10-25,19:20:00,1,Collision with vehicle,5,Friday,130,REAR END(VEHICLES IN SAME LANE),3,598776,Not at intersection,2,50,Arterial Other,SYDNEY,MORELAND,-37.763187,144.96278,2019,10,October,19,Night,Weekday
T20190021881,2019-10-25,06:02:00,1,Collision with vehicle,5,Friday,133,LANE SIDE SWIPE (VEHICLES IN PARALLEL LANES),2,599614,Not at intersection,3,80,Freeway,CITYLINK,YARRA,-37.831463,145.0211,2019,10,October,6,Morning Peak,Weekday
T20190021081,2019-10-25,12:10:00,1,Collision with vehicle,5,Friday,134,LANE CHANGE RIGHT (NOT OVERTAKING),1,102,Cross intersection,3,40,Local Road,GRATTAN,MELBOURNE,-37.800743,144.96692,2019,10,October,12,Midday,Weekday
T20190021024,2019-10-25,14:57:00,1,Collision with vehicle,5,Friday,130,REAR END(VEHICLES IN SAME LANE),1,627046,Not at intersection,3,60,Local Road,SAN MATEO,MILDURA,-34.2028,142.15126,2019,10,October,14,Midday,Weekday
T20190021417,2019-10-25,15:00:00,1,Collision with vehicle,5,Friday,153,CUTTING IN (OVERTAKING),1,650531,T intersection,2,60,Arterial Other,CENTRE,DANDENONG,-37.93283,145.15344,2019,10,October,15,Afternoon Peak,Weekday
T20190021086,2019-10-25,16:00:00,1,Collision with vehicle,5,Friday,147,VEHICLE STRIKES ANOTHER VEH WHILE EMERGING FROM DRIVEWAY,1,661853,Not at intersection,3,50,Local Road,PRINCES,DANDENONG,-37.944958,145.17015,2019,10,October,16,Afternoon Peak,Weekday
T20190021528,2019-10-25,11:45:00,1,Collision with vehicle,5,Friday,130,REAR END(VEHICLES IN SAME LANE),1,602144,Not at intersection,3,60,Arterial Other,CENTRE,DANDENONG,-37.932167,145.14795,2019,10,October,11,Midday,Weekday
T20190021026,2019-10-25,15:00:00,1,Collision with vehicle,5,Friday,130,REAR END(VEHICLES IN SAME LANE),1,650527,Not at intersection,3,60,Arterial Highway,BENALLA,SHEPPARTON,-36.38389,145.41591,2019,10,October,15,Afternoon Peak,Weekday
T20190024326,2019-10-25,14:58:00,1,Collision with vehicle,5,Friday,131,LEFT REAR,9,619363,Multiple intersection,3,80,Arterial Other,SUNSHINE,BRIMBANK,-37.70217,144.80171,2019,10,October,14,Midday,Weekday
T20190021072,2019-10-25,21:48:00,1,Collision with vehicle,5,Friday,110,CROSS TRAFFIC(INTERSECTIONS ONLY),3,635654,Cross intersection,3,80,Arterial Highway,MOOROODUC,FRANKSTON,-38.163345,145.13641,2019,10,October,21,Night,Weekday
T20190021069,2019-10-25,18:00:00,4,Collision with a fixed object,5,Friday,173,RIGHT OFF CARRIAGEWAY INTO OBJECT/PARKED VEHICLE,1,657238,T intersection,2,80,Arterial Other,WINCHELSEA-DEANS MARSH,SURF COAST,-38.257473,143.97784,2019,10,October,18,Afternoon Peak,Weekday
T20190021148,2019-10-25,19:46:00,1,Collision with vehicle,5,Friday,121,RIGHT THROUGH,3,638,Cross intersection,3,60,Arterial Other,BAYSWATER ROAD -SCORESBY,KNOX,-37.838627,145.27109,2019,10,October,19,Night,Weekday
T20190021067,2019-10-25,23:35:00,1,Collision with vehicle,5,Friday,147,VEHICLE STRIKES ANOTHER VEH WHILE EMERGING FROM DRIVEWAY,3,650528,Not at intersection,2,50,Local Road,PEEL,BALLARAT,-37.56031,143.86427,2019,10,October,23,Night,Weekday
T20190021062,2019-10-25,21:20:00,4,Collision with a fixed object,5,Friday,183,OFF LEFT BEND INTO OBJECT/PARKED VEHICLE,3,598598,Not at intersection,2,50,Local Road,FOXWOOD,CASEY,-38.10177,145.30052,2019,10,October,21,Night,Weekday
T20190021056,2019-10-25,18:45:00,1,Collision with vehicle,5,Friday,130,REAR END(VEHICLES IN SAME LANE),1,597663,Not at intersection,3,60,Arterial Other,ASHLEY,MARIBYRNONG,-37.786953,144.86432,2019,10,October,18,Afternoon Peak,Weekday
T20190021055,2019-10-25,17:48:00,1,Collision with vehicle,5,Friday,153,CUTTING IN (OVERTAKING),1,659581,Not at intersection,3,60,Freeway,WEST GATE,MELBOURNE,-37.82562,144.94032,2019,10,October,17,Afternoon Peak,Weekday
T20190021050,2019-10-25,18:00:00,1,Collision with vehicle,5,Friday,121,RIGHT THROUGH,1,299903,Cross intersection,3,80,Local Road,BRIDGE INN,WHITTLESEA,-37.598965,145.08197,2019,10,October,18,Afternoon Peak,Weekday
T20190021027,2019-10-25,13:06:00,1,Collision with vehicle,5,Friday,111,RIGHT FAR (INTERSECTIONS ONLY),1,46651,Cross intersection,3,50,Arterial Other,CLARENDON,PORT PHILLIP,-37.838554,144.96313,2019,10,October,13,Midday,Weekday
T20190021108,2019-10-25,08:10:00,1,Collision with vehicle,5,Friday,130,REAR END(VEHICLES IN SAME LANE),1,595859,Not at intersection,3,60,Local Road,MONT ALBERT,BOROONDARA,-37.819153,145.08733,2019,10,October,8,Morning Peak,Weekday
T20190021017,2019-10-25,09:50:00,8,No collision and no object struck,5,Friday,189,OTHER ACCIDENTS ON CURVE NOT INCLUDED IN DCAs 180-184,1,608439,Not at intersection,2,100,Local Road,DARGO HIGH PLAINS,ALPINE,-37.119305,147.16808,2019,10,October,9,Morning Peak,Weekday
T20190021006,2019-10-25,10:30:00,1,Collision with vehicle,5,Friday,121,RIGHT THROUGH,1,37448,Cross intersection,2,60,Local Road,DORCAS,PORT PHILLIP,-37.83597,144.9489,2019,10,October,10,Midday,Weekday
T20190020996,2019-10-25,07:40:00,1,Collision with vehicle,5,Friday,116,LEFT NEAR (INTERSECTIONS ONLY),1,50368,Cross intersection,3,60,Arterial Highway,GREAT OCEAN,SURF COAST,-38.405193,144.18895,2019,10,October,7,Morning Peak,Weekday
T20190021040,2019-10-25,16:42:00,1,Collision with vehicle,5,Friday,160,VEHICLE COLLIDES WITH VEHICLE PARKED ON LEFT OF ROAD,1,595856,Not at intersection,2,60,Arterial Other,BEACH,BAYSIDE,-37.974087,145.01494,2019,10,October,16,Afternoon Peak,Weekday
T20190021039,2019-10-25,13:50:00,1,Collision with vehicle,5,Friday,113,RIGHT NEAR (INTERSECTIONS ONLY),1,50833,Cross intersection,2,100,Arterial Highway,MURRAY VALLEY,INDIGO,-36.045315,146.61931,2019,10,October,13,Midday,Weekday
T20190021037,2019-10-25,12:19:00,1,Collision with vehicle,5,Friday,121,RIGHT THROUGH,1,322355,Cross intersection,2,70,Arterial Other,NARRE WARREN NORTH,CASEY,-38.020794,145.30824,2019,10,October,12,Midday,Weekday
T20190021302,2019-10-25,11:40:00,8,No collision and no object struck,5,Friday,174,OUT OF CONTROL ON CARRIAGEWAY (ON STRAIGHT),1,596878,Not at intersection,2,100,Arterial Other,GRAMPIANS,NORTHERN GRAMPIANS,-37.240047,142.53688,2019,10,October,11,Midday,Weekday
T20190021002,2019-10-25,07:35:00,1,Collision with vehicle,5,Friday,130,REAR END(VEHICLES IN SAME LANE),1,595612,T intersection,3,70,Arterial Other,KOROROIT CREEK,HOBSONS BAY,-37.84494,144.79076,2019,10,October,7,Morning Peak,Weekday
T20190021042,2019-10-25,17:18:00,1,Collision with vehicle,5,Friday,113,RIGHT NEAR (INTERSECTIONS ONLY),1,596600,T intersection,2,60,Arterial Highway,DIMBOOLA,HORSHAM,-36.70932,142.19388,2019,10,October,17,Afternoon Peak,Weekday
T20190021092,2019-10-26,11:35:00,1,Collision with vehicle,6,Saturday,132,RIGHT REAR.,1,597531,Not at intersection,2,60,Arterial Other,THOMPSON,GEELONG,-38.096924,144.3461,2019,10,October,11,Midday,Weekend
T20190021093,2019-10-26,10:30:00,6,Vehicle overturned (no collision),6,Saturday,174,OUT OF CONTROL ON CARRIAGEWAY (ON STRAIGHT),1,596602,Not at intersection,2,100,Arterial Highway,SOUTH GIPPSLAND,CARDINIA,-38.225136,145.50969,2019,10,October,10,Midday,Weekend
T20190021116,2019-10-26,16:55:00,1,Collision with vehicle,6,Saturday,112,LEFT FAR (INTERSECTIONS ONLY),1,595977,Cross intersection,3,60,Local Road,WOOD,DAREBIN,-37.735584,145.02437,2019,10,October,16,Afternoon Peak,Weekend
T20190021100,2019-10-26,14:55:00,1,Collision with vehicle,6,Saturday,111,RIGHT FAR (INTERSECTIONS ONLY),1,29818,Cross intersection,3,60,Arterial Other,MELBOURNE,WODONGA,-36.114845,146.86862,2019,10,October,14,Midday,Weekend
T20190021105,2019-10-26,14:25:00,1,Collision with vehicle,6,Saturday,113,RIGHT NEAR (INTERSECTIONS ONLY),1,15454,T intersection,2,80,Arterial Highway,BELLARINE,GEELONG,-38.26096,144.60883,2019,10,October,14,Midday,Weekend
T20190021098,2019-10-26,12:00:00,4,Collision with a fixed object,6,Saturday,173,RIGHT OFF CARRIAGEWAY INTO OBJECT/PARKED VEHICLE,1,659681,Not at intersection,3,50,Local Road,STOFFERS,BAW BAW,-38.156406,145.94238,2019,10,October,12,Midday,Weekend
T20190021647,2019-10-26,17:30:00,4,Collision with a fixed object,6,Saturday,171,LEFT OFF CARRIAGEWAY INTO OBJECT/PARKED VEHICLE,1,659742,Not at intersection,3,100,Arterial Other,HAZELWOOD,LATROBE,-38.2314,146.51537,2019,10,October,17,Afternoon Peak,Weekend
T20190021250,2019-10-26,21:21:00,1,Collision with vehicle,6,Saturday,130,REAR END(VEHICLES IN SAME LANE),9,37908,Cross intersection,3,60,Local Road,HIGH,DAREBIN,-37.77911,144.99704,2019,10,October,21,Night,Weekend
T20190021118,2019-10-26,18:15:00,1,Collision with vehicle,6,Saturday,121,RIGHT THROUGH,1,698,T intersection,2,60,Arterial Other,WAVERLEY,STONNINGTON,-37.878956,145.0773,2019,10,October,18,Afternoon Peak,Weekend
T20190021831,2019-10-26,11:50:00,1,Collision with vehicle,6,Saturday,130,REAR END(VEHICLES IN SAME LANE),1,57543,Cross intersection,3,60,Arterial Other,BOLTON,WYNDHAM,-37.886555,144.63156,2019,10,October,11,Midday,Weekend
T20190021235,2019-10-26,13:30:00,1,Collision with vehicle,6,Saturday,130,REAR END(VEHICLES IN SAME LANE),1,639055,Not at intersection,3,60,Arterial Other,BURWOOD,BOROONDARA,-37.823254,145.04076,2019,10,October,13,Midday,Weekend
T20190021071,2019-10-26,00:50:00,2,Struck Pedestrian,6,Saturday,100,PED NEAR SIDE. PED HIT BY VEHICLE FROM THE RIGHT.,4,599078,Not at intersection,2,80,Arterial Highway,BURWOOD,WHITEHORSE,-37.854973,145.17117,2019,10,October,0,Late Night,Weekend