ACCIDENT_NO,ACCIDENT_DATE,ACCIDENT_TIME,ACCIDENT_TYPE,ACCIDENT_TYPE_DESC,DAY_OF_WEEK,DAY_WEEK_DESC,DCA_CODE,DCA_DESC,LIGHT_CONDITION,NODE_ID,ROAD_GEOMETRY_DESC,SEVERITY,SPEED_ZONE,RMA,ROAD_NAME,LGA_NAME,LATITUDE,LONGITUDE,YEAR,MONTH,MONTH_NAME,HOUR,TIME_PERIOD,DAY_TYPE
T20190021094,2019-10-26,09:00:00,4,Collision with a fixed object,6,Saturday,183,OFF LEFT BEND INTO OBJECT/PARKED VEHICLE,1,659682,Not at intersection,3,100,Local Road,TINAMBA-GLENMAGGIE,WELLINGTON,-37.933964,146.78462,2019,10,October,9,Morning Peak,Weekend
T20190021106,2019-10-26,16:00:00,4,Collision with a fixed object,6,Saturday,173,RIGHT OFF CARRIAGEWAY INTO OBJECT/PARKED VEHICLE,1,661854,Not at intersection,2,80,Freeway,WESTERN RING OUT-PASCOE VALE,HUME,-37.698353,144.89696,2019,10,October,16,Afternoon Peak,Weekend
T20190021097,2019-10-26,13:15:00,1,Collision with vehicle,6,Saturday,130,REAR END(VEHICLES IN SAME LANE),1,42173,T intersection,2,70,Arterial Other,SOUTH,GLEN EIRA,-37.93349,145.03896,2019,10,October,13,Midday,Weekend
T20190021380,2019-10-26,13:30:00,1,Collision with vehicle,6,Saturday,111,RIGHT FAR (INTERSECTIONS ONLY),1,38516,Cross intersection,3,100,Arterial Other,BOUNDARY,WYNDHAM,-37.815586,144.81038,2019,10,October,13,Midday,Weekend
T20190023995,2019-10-26,15:00:00,6,Vehicle overturned (no collision),6,Saturday,174,OUT OF CONTROL ON CARRIAGEWAY (ON STRAIGHT),1,605513,Not at intersection,3,100,Local Road,KANCOONA GAP,ALPINE,-36.592583,146.9578,2019,10,October,15,Afternoon Peak,Weekend
T20190021134,2019-10-26,15:58:00,1,Collision with vehicle,6,Saturday,120,HEAD ON (NOT OVERTAKING),1,598209,Not at intersection,3,100,Arterial Highway,BASS,BASS COAST,-38.60825,145.7589,2019,10,October,15,Afternoon Peak,Weekend
T20190021074,2019-10-26,02:25:00,4,Collision with a fixed object,6,Saturday,171,LEFT OFF CARRIAGEWAY INTO OBJECT/PARKED VEHICLE,3,659679,Not at intersection,3,50,Arterial Highway,PRINCES HIGHWAY SERVICE,DANDENONG,-37.936337,145.1604,2019,10,October,2,Late Night,Weekend
T20190021076,2019-10-26,00:40:00,6,Vehicle overturned (no collision),6,Saturday,189,OTHER ACCIDENTS ON CURVE NOT INCLUDED IN DCAs 180-184,3,660767,Not at intersection,2,60,Local Road,CAMPASPE,MACEDON RANGES,-37.241077,144.4414,2019,10,October,0,Late Night,Weekend
T20190021454,2019-10-26,18:00:00,1,Collision with vehicle,6,Saturday,121,RIGHT THROUGH,9,45420,T intersection,3,60,Arterial Other,MT ALEXANDER,MOONEE VALLEY,-37.765263,144.92372,2019,10,October,18,Afternoon Peak,Weekend
T20190021115,2019-10-26,17:15:00,1,Collision with vehicle,6,Saturday,110,CROSS TRAFFIC(INTERSECTIONS ONLY),1,264154,Cross intersection,2,80,Arterial Other,QUEENSCLIFF,GEELONG,-38.19633,144.64088,2019,10,October,17,Afternoon Peak,Weekend
T20190021125,2019-10-26,21:54:00,6,Vehicle overturned (no collision),6,Saturday,179,OTHER ACCIDENTS-OFF STRAIGHT NOT INCLUDED IN DCAs 170-175,5,613560,Not at intersection,2,50,Local Road,GOULD,FRANKSTON,-38.13391,145.12245,2019,10,October,21,Night,Weekend
T20190021082,2019-10-26,04:27:00,5,collision with some other object,6,Saturday,166,STRUCK OBJECT ON CARRIAGEWAY,5,596100,Not at intersection,3,100,Arterial Other,MORNINGTON-FLINDERS,MORNINGTON PENINSULA,-38.44804,144.98026,2019,10,October,4,Late Night,Weekend
T20190021127,2019-10-26,05:15:00,4,Collision with a fixed object,6,Saturday,183,OFF LEFT BEND INTO OBJECT/PARKED VEHICLE,5,599042,Not at intersection,2,50,Local Road,WILSON,NILLUMBIK,-37.658092,145.1793,2019,10,October,5,Morning Peak,Weekend
T20190021211,2019-10-26,13:00:00,1,Collision with vehicle,6,Saturday,113,RIGHT NEAR (INTERSECTIONS ONLY),1,604205,T intersection,3,60,Local Road,CHEDDAR,DAREBIN,-37.708378,145.01385,2019,10,October,13,Midday,Weekend
T20200002312,2019-10-26,22:00:00,1,Collision with vehicle,6,Saturday,110,CROSS TRAFFIC(INTERSECTIONS ONLY),3,55922,Cross intersection,2,50,Local Road,FAWKNER,MOONEE VALLEY,-37.747814,144.86949,2019,10,October,22,Night,Weekend
T20190021078,2019-10-26,03:05:00,2,Struck Pedestrian,6,Saturday,103,PED PLAYING/LYING/WORKING/STANDING ON CARRIAGEWAY.,5,595462,Not at intersection,1,80,Local Road,GEAR,BALLARAT,-37.629257,143.89024,2019,10,October,3,Late Night,Weekend
T20200007907,2019-10-27,18:45:00,8,No collision and no object struck,7,Sunday,174,OUT OF CONTROL ON CARRIAGEWAY (ON STRAIGHT),2,646842,Not at intersection,3,60,Arterial Other,EARL,BOROONDARA,-37.79538,145.03642,2019,10,October,18,Afternoon Peak,Weekend
T20190021159,2019-10-27,13:20:00,4,Collision with a fixed object,7,Sunday,181,OFF RIGHT BEND INTO OBJECT/PARKED VEHICLE,1,661533,Not at intersection,2,80,Arterial Highway,GREAT OCEAN,COLAC OTWAY,-38.74602,143.56393,2019,10,October,13,Midday,Weekend
T20190021171,2019-10-27,13:05:00,1,Collision with vehicle,7,Sunday,120,HEAD ON (NOT OVERTAKING),1,595978,Not at intersection,1,100,Arterial Other,BACCHUS MARSH,GEELONG,-37.82999,144.39305,2019,10,October,13,Midday,Weekend
T20190021181,2019-10-27,14:00:00,1,Collision with vehicle,7,Sunday,121,RIGHT THROUGH,1,38826,T intersection,3,40,Local Road,EPSOM,MELBOURNE,-37.793507,144.92711,2019,10,October,14,Midday,Weekend
T20190021133,2019-10-27,00:34:00,4,Collision with a fixed object,7,Sunday,171,LEFT OFF CARRIAGEWAY INTO OBJECT/PARKED VEHICLE,3,659808,Not at intersection,2,50,Local Road,AVONDALE,BRIMBANK,-37.73874,144.81581,2019,10,October,0,Late Night,Weekend
T20190021217,2019-10-27,17:45:00,1,Collision with vehicle,7,Sunday,121,RIGHT THROUGH,1,61818,Multiple intersection,2,60,Freeway,COBURNS-WESTERN OUT,MELTON,-37.692173,144.56668,2019,10,October,17,Afternoon Peak,Weekend
T20190021162,2019-10-27,15:40:00,4,Collision with a fixed object,7,Sunday,173,RIGHT OFF CARRIAGEWAY INTO OBJECT/PARKED VEHICLE,1,57549,Cross intersection,3,50,Local Road,ANNE,KNOX,-37.8906,145.24045,2019,10,October,15,Afternoon Peak,Weekend
T20190021169,2019-10-27,20:20:00,4,Collision with a fixed object,7,Sunday,171,LEFT OFF CARRIAGEWAY INTO OBJECT/PARKED VEHICLE,3,659806,Not at intersection,3,60,Local Road,VICTORIA,BENDIGO,-36.72622,144.24886,2019,10,October,20,Night,Weekend
T20190021168,2019-10-27,18:37:00,6,Vehicle overturned (no collision),7,Sunday,174,OUT OF CONTROL ON CARRIAGEWAY (ON STRAIGHT),1,596349,Not at intersection,3,40,Arterial Other,TOORAK,STONNINGTON,-37.84267,145.02223,2019,10,October,18,Afternoon Peak,Weekend
T20190021167,2019-10-27,19:20:00,1,Collision with vehicle,7,Sunday,113,RIGHT NEAR (INTERSECTIONS ONLY),1,640603,T intersection,2,60,Local Road,WARNEET,CASEY,-38.21013,145.34367,2019,10,October,19,Night,Weekend
T20190021161,2019-10-27,18:15:00,1,Collision with vehicle,7,Sunday,113,RIGHT NEAR (INTERSECTIONS ONLY),1,278854,T intersection,2,80,Arterial Other,BERWICK-CRANBOURNE,CASEY,-38.10289,145.33028,2019,10,October,18,Afternoon Peak,Weekend
T20190021163,2019-10-27,14:16:00,4,Collision with a fixed object,7,Sunday,173,RIGHT OFF CARRIAGEWAY INTO OBJECT/PARKED VEHICLE,1,628996,Not at intersection,2,80,Arterial Other,SOMERVILLE,BRIMBANK,-37.80582,144.819,2019,10,October,14,Midday,Weekend
T20190021653,2019-10-27,11:03:00,1,Collision with vehicle,7,Sunday,135,LANE CHANGE LEFT (NOT OVERTAKING),1,636465,Cross intersection,3,40,Arterial Other,NICHOLSON,YARRA,-37.80767,144.97324,2019,10,October,11,Midday,Weekend
T20190021340,2019-10-27,21:12:00,6,Vehicle overturned (no collision),7,Sunday,180,OFF CARRIAGEWAY ON RIGHT BEND,5,729057,Not at intersection,2,80,Arterial Highway,MAROONDAH,YARRA RANGES,-37.630688,145.59262,2019,10,October,21,Night,Weekend
T20190021644,2019-10-27,19:00:00,4,Collision with a fixed object,7,Sunday,164,PERMANENT OBSTRUCTION ON CARRIAGEWAY,2,779765,Not at intersection,3,100,Local Road,MOORABOOL WEST,MOORABOOL,-37.56632,144.1008,2019,10,October,19,Night,Weekend
T20190021299,2019-10-27,18:20:00,1,Collision with vehicle,7,Sunday,113,RIGHT NEAR (INTERSECTIONS ONLY),1,296514,T intersection,2,60,Local Road,ORMOND,CASEY,-38.05775,145.29012,2019,10,October,18,Afternoon Peak,Weekend
T20200001432,2019-10-27,16:30:00,8,No collision and no object struck,7,Sunday,174,OUT OF CONTROL ON CARRIAGEWAY (ON STRAIGHT),1,652898,Not at intersection,2,60,Arterial Other,HEIDELBERG-KINGLAKE,NILLUMBIK,-37.56278,145.31264,2019,10,October,16,Afternoon Peak,Weekend
T20190023270,2019-10-27,11:20:00,1,Collision with vehicle,7,Sunday,137,LEFT TURN SIDESWIPE,1,659743,Not at intersection,3,50,Arterial Other,JOHNSTON,YARRA,-37.8001,144.99559,2019,10,October,11,Midday,Weekend
T20190021164,2019-10-27,19:20:00,1,Collision with vehicle,7,Sunday,110,CROSS TRAFFIC(INTERSECTIONS ONLY),2,605498,Cross intersection,3,50,Local Road,HUONS HILL,WODONGA,-36.129887,146.90756,2019,10,October,19,Night,Weekend
T20190021689,2019-10-27,17:40:00,1,Collision with vehicle,7,Sunday,130,REAR END(VEHICLES IN SAME LANE),1,597807,Not at intersection,3,60,Arterial Highway,KINGS,PORT PHILLIP,-37.834167,144.96906,2019,10,October,17,Afternoon Peak,Weekend
T20190021153,2019-10-27,11:00:00,8,No collision and no object struck,7,Sunday,174,OUT OF CONTROL ON CARRIAGEWAY (ON STRAIGHT),1,596603,Unknown,3,100,Local Road,BIG RIVER,MURRINDINDI,-37.524284,146.01398,2019,10,October,11,Midday,Weekend
T20190021151,2019-10-27,12:08:00,1,Collision with vehicle,7,Sunday,130,REAR END(VEHICLES IN SAME LANE),1,254783,T intersection,2,80,Arterial Other,STRATHFIELDSAYE,BENDIGO,-36.808537,144.3722,2019,10,October,12,Midday,Weekend
T20190021146,2019-10-27,09:28:00,1,Collision with vehicle,7,Sunday,130,REAR END(VEHICLES IN SAME LANE),1,325042,T intersection,3,80,Arterial Other,BALLARAT,BRIMBANK,-37.777485,144.8334,2019,10,October,9,Morning Peak,Weekend
T20190021131,2019-10-27,04:02:00,1,Collision with vehicle,7,Sunday,130,REAR END(VEHICLES IN SAME LANE),3,600161,Cross intersection,3,60,Arterial Highway,BELL,DAREBIN,-37.747337,145.02185,2019,10,October,4,Late Night,Weekend
T20190021145,2019-10-27,09:15:00,1,Collision with vehicle,7,Sunday,120,HEAD ON (NOT OVERTAKING),1,606515,Not at intersection,2,50,Local Road,LANDSCAPE,YARRA RANGES,-37.763737,145.32655,2019,10,October,9,Morning Peak,Weekend
T20190021200,2019-10-27,11:25:00,6,Vehicle overturned (no collision),7,Sunday,174,OUT OF CONTROL ON CARRIAGEWAY (ON STRAIGHT),1,612158,Not at intersection,2,70,Arterial Other,BALLARAT,BRIMBANK,-37.7697,144.77092,2019,10,October,11,Midday,Weekend
T20190022141,2019-10-27,13:30:00,2,Struck Pedestrian,7,Sunday,101,PED EMERGES FROM IN FRONT OF PARKED OR STATIONARY VEHICLE,1,659807,Not at intersection,3,50,Local Road,THOMAS,DANDENONG,-37.98774,145.2127,2019,10,October,13,Midday,Weekend
T20190021177,2019-10-27,22:00:00,2,Struck Pedestrian,7,Sunday,104,PED WALKING WITH TRAFFIC,3,595979,Not at intersection,1,70,Arterial Highway,POINT NEPEAN,MORNINGTON PENINSULA,-38.36376,144.79138,2019,10,October,22,Night,Weekend
T20190021399,2019-10-28,15:15:00,1,Collision with vehicle,1,Monday,110,CROSS TRAFFIC(INTERSECTIONS ONLY),1,44653,Cross intersection,3,50,Local Road,KECK,BENDIGO,-36.776943,144.29196,2019,10,October,15,Afternoon Peak,Weekday
T20200001081,2019-10-28,16:30:00,1,Collision with vehicle,1,Monday,130,REAR END(VEHICLES IN SAME LANE),1,660174,Not at intersection,3,90,Arterial Highway,DANDENONG-HASTINGS,CASEY,-38.055313,145.24394,2019,10,October,16,Afternoon Peak,Weekday
T20190021602,2019-10-28,07:55:00,1,Collision with vehicle,1,Monday,137,LEFT TURN SIDESWIPE,1,7558,Cross intersection,2,60,Arterial Other,CANTERBURY,PORT PHILLIP,-37.849606,144.96501,2019,10,October,7,Morning Peak,Weekday
T20200009191,2019-10-28,15:45:00,1,Collision with vehicle,1,Monday,113,RIGHT NEAR (INTERSECTIONS ONLY),1,1115,T intersection,3,50,Arterial Highway,POINT NEPEAN,MORNINGTON PENINSULA,-38.370808,144.84,2019,10,October,15,Afternoon Peak,Weekday
T20190021221,2019-10-28,12:20:00,1,Collision with vehicle,1,Monday,140,U TURN,1,608440,Not at intersection,3,80,Arterial Other,HALLAM NORTH,CASEY,-37.977776,145.27878,2019,10,October,12,Midday,Weekday
T20190021218,2019-10-28,13:38:00,1,Collision with vehicle,1,Monday,118,TWO LEFT TURNING (INTERSECTIONS ONLY),1,596872,Multiple intersection,2,60,Local Road,ST ALBANS,GEELONG,-38.180218,144.38231,2019,10,October,13,Midday,Weekday
T20190021252,2019-10-28,17:30:00,3,Struck animal,1,Monday,167,STRUCK ANIMAL,1,605882,Not at intersection,3,100,Arterial Other,PRINCETOWN,CORANGAMITE,-38.615223,143.17407,2019,10,October,17,Afternoon Peak,Weekday
T20190021253,2019-10-28,20:21:00,1,Collision with vehicle,1,Monday,147,VEHICLE STRIKES ANOTHER VEH WHILE EMERGING FROM DRIVEWAY,5,596351,Not at intersection,2,60,Local Road,MELALUKA,GEELONG,-38.20122,144.45262,2019,10,October,20,Night,Weekday
T20190021248,2019-10-28,14:30:00,8,No collision and no object struck,1,Monday,174,OUT OF CONTROL ON CARRIAGEWAY (ON STRAIGHT),1,597146,Not at intersection,3,100,Local Road,BIRREGUN,EAST GIPPSLAND,-37.218716,147.41537,2019,10,October,14,Midday,Weekday
T20190021372,2019-10-28,12:20:00,4,Collision with a fixed object,1,Monday,181,OFF RIGHT BEND INTO OBJECT/PARKED VEHICLE,1,597670,Not at intersection,2,80,Local Road,SEDGWICK,BENDIGO,-36.86006,144.32385,2019,10,October,12,Midday,Weekday
T20190021244,2019-10-28,16:05:00,4,Collision with a fixed object,1,Monday,171,LEFT OFF CARRIAGEWAY INTO OBJECT/PARKED VEHICLE,1,608735,Not at intersection,2,80,Local Road,DOHERTYS,WYNDHAM,-37.8114,144.61888,2019,10,October,16,Afternoon Peak,Weekday
T20190021216,2019-10-28,09:55:00,4,Collision with a fixed object,1,Monday,171,LEFT OFF CARRIAGEWAY INTO OBJECT/PARKED VEHICLE,1,599044,Not at intersection,2,100,Freeway,MORNINGTON PENINSULA,FRANKSTON,-38.079906,145.14941,2019,10,October,9,Morning Peak,Weekday
T20190021266,2019-10-28,00:04:00,4,Collision with a fixed object,1,Monday,173,RIGHT OFF CARRIAGEWAY INTO OBJECT/PARKED VEHICLE,3,617027,Not at intersection,3,70,Arterial Other,EDGARS,WHITTLESEA,-37.680325,144.999,2019,10,October,0,Late Night,Weekday
T20190021222,2019-10-28,13:40:00,1,Collision with vehicle,1,Monday,160,VEHICLE COLLIDES WITH VEHICLE PARKED ON LEFT OF ROAD,1,620524,Not at intersection,3,50,Local Road,FLINDERS,MELBOURNE,-37.81727,144.96428,2019,10,October,13,Midday,Weekday
T20190021237,2019-10-28,16:21:00,1,Collision with vehicle,1,Monday,131,LEFT REAR,1,596875,Cross intersection,2,60,Arterial Other,GRIMSHAW,BANYULE,-37.70318,145.08992,2019,10,October,16,Afternoon Peak,Weekday
T20190021223,2019-10-28,09:45:00,4,Collision with a fixed object,1,Monday,171,LEFT OFF CARRIAGEWAY INTO OBJECT/PARKED VEHICLE,1,608441,Not at intersection,2,100,Arterial Other,SEASPRAY,WELLINGTON,-38.230515,147.12073,2019,10,October,9,Morning Peak,Weekday
T20190023905,2019-10-28,09:20:00,1,Collision with vehicle,1,Monday,113,RIGHT NEAR (INTERSECTIONS ONLY),1,51385,Cross intersection,3,50,Arterial Highway,HEYGARTH,CAMPASPE,-36.124355,144.7486,2019,10,October,9,Morning Peak,Weekday
T20190021236,2019-10-28,16:45:00,1,Collision with vehicle,1,Monday,130,REAR END(VEHICLES IN SAME LANE),1,599876,Not at intersection,2,60,Arterial Highway,GREAT OCEAN,CORANGAMITE,-38.66829,143.11267,2019,10,October,16,Afternoon Peak,Weekday
T20190022112,2019-10-28,06:55:00,1,Collision with vehicle,1,Monday,130,REAR END(VEHICLES IN SAME LANE),1,603057,Not at intersection,3,60,Arterial Other,BUCKLEY,MOONEE VALLEY,-37.754734,144.8968,2019,10,October,6,Morning Peak,Weekday
T20190021245,2019-10-28,17:50:00,1,Collision with vehicle,1,Monday,130,REAR END(VEHICLES IN SAME LANE),1,601071,Not at intersection,2,60,Arterial Other,CAMP,HUME,-37.686756,144.93188,2019,10,October,17,Afternoon Peak,Weekday
T20190021532,2019-10-28,08:00:00,1,Collision with vehicle,1,Monday,130,REAR END(VEHICLES IN SAME LANE),1,614997,Not at intersection,2,50,Arterial Highway,MAIN,YARRA RANGES,-37.756824,145.34682,2019,10,October,8,Morning Peak,Weekday
T20190021442,2019-10-28,16:20:00,8,No collision and no object struck,1,Monday,174,OUT OF CONTROL ON CARRIAGEWAY (ON STRAIGHT),1,36546,Cross intersection,3,40,Local Road,GEORGE,YARRA,-37.80611,144.9806,2019,10,October,16,Afternoon Peak,Weekday
T20190021272,2019-10-28,21:00:00,4,Collision with a fixed object,1,Monday,173,RIGHT OFF CARRIAGEWAY INTO OBJECT/PARKED VEHICLE,5,596467,Not at intersection,2,100,Local Road,MOHAIR,BENDIGO,-36.816296,144.14232,2019,10,October,21,Night,Weekday
T20200000588,2019-10-28,17:20:00,1,Collision with vehicle,1,Monday,130,REAR END(VEHICLES IN SAME LANE),1,651164,Not at intersection,3,80,Arterial Other,ANGLESEA,SURF COAST,-38.3016,144.26642,2019,10,October,17,Afternoon Peak,Weekday
T20190021455,2019-10-28,18:15:00,1,Collision with vehicle,1,Monday,163,VEHICLE STRIKES DOOR OF PARKED/STATIONARY VEHICLE,1,598491,Not at intersection,3,60,Local Road,ORRONG,GLEN EIRA,-37.867756,145.00914,2019,10,October,18,Afternoon Peak,Weekday
T20190021254,2019-10-28,16:33:00,1,Collision with vehicle,1,Monday,131,LEFT REAR,1,596876,T intersection,2,80,Arterial Highway,FRANKSTON-DANDENONG ROAD SERVICE,FRANKSTON,-38.113262,145.15662,2019,10,October,16,Afternoon Peak,Weekday
T20190021259,2019-10-28,11:04:00,4,Collision with a fixed object,1,Monday,183,OFF LEFT BEND INTO OBJECT/PARKED VEHICLE,1,653913,Not at intersection,1,100,Arterial Other,MURRAY RIVER,TOWONG,-36.06052,147.19427,2019,10,October,11,Midday,Weekday
T20190021413,2019-10-28,06:34:00,1,Collision with vehicle,1,Monday,130,REAR END(VEHICLES IN SAME LANE),1,596882,T intersection,3,60,Local Road,BULMANS,MELTON,-37.682995,144.55002,2019,10,October,6,Morning Peak,Weekday
T20190021959,2019-10-28,15:30:00,1,Collision with vehicle,1,Monday,131,LEFT REAR,1,599067,Not at intersection,3,60,Arterial Other,WESTALL,DANDENONG,-37.92695,145.1427,2019,10,October,15,Afternoon Peak,Weekday
T20190021185,2019-10-28,07:14:00,1,Collision with vehicle,1,Monday,114,TWO RIGHT TURNING (INTERSECTIONS ONLY),1,63496,T intersection,3,40,Local Road,DUNDAS,DAREBIN,-37.755096,145.02673,2019,10,October,7,Morning Peak,Weekday
T20190021257,2019-10-28,20:40:00,4,Collision with a fixed object,1,Monday,171,LEFT OFF CARRIAGEWAY INTO OBJECT/PARKED VEHICLE,5,619347,Not at intersection,3,100,Arterial Other,OLD MOOROODUC,MORNINGTON PENINSULA,-38.279522,145.07082,2019,10,October,20,Night,Weekday
T20190021226,2019-10-28,13:21:00,1,Collision with vehicle,1,Monday,147,VEHICLE STRIKES ANOTHER VEH WHILE EMERGING FROM DRIVEWAY,1,659899,Not at intersection,3,50,Local Road,GATEWAY,WHITTLESEA,-37.643547,144.99893,2019,10,October,13,Midday,Weekday
T20190021225,2019-10-28,14:06:00,1,Collision with vehicle,1,Monday,120,HEAD ON (NOT OVERTAKING),1,600163,Not at intersection,2,60,Local Road,GREIGS,MELTON,-37.75193,144.7018,2019,10,October,14,Midday,Weekday
T20190021261,2019-10-28,17:15:00,1,Collision with vehicle,1,Monday,121,RIGHT THROUGH,1,596877,T intersection,2,50,Arterial Other,BOLTON,BANYULE,-37.721607,145.13702,2019,10,October,17,Afternoon Peak,Weekday
T20190021232,2019-10-28,16:25:00,1,Collision with vehicle,1,Monday,130,REAR END(VEHICLES IN SAME LANE),1,597533,Not at intersection,2,60,Local Road,STATION,MELTON,-37.698524,144.57591,2019,10,October,16,Afternoon Peak,Weekday
T20190022588,2019-10-28,05:50:00,1,Collision with vehicle,1,Monday,130,REAR END(VEHICLES IN SAME LANE),2,602768,Not at intersection,3,100,Freeway,WESTERN RING,BRIMBANK,-37.808395,144.8079,2019,10,October,5,Morning Peak,Weekday
T20190021561,2019-10-28,18:15:00,1,Collision with vehicle,1,Monday,110,CROSS TRAFFIC(INTERSECTIONS ONLY),1,35494,Cross intersection,3,50,Arterial Other,UNION,PORT PHILLIP,-37.85343,144.9805,2019,10,October,18,Afternoon Peak,Weekday
T20190023316,2019-10-28,16:00:00,1,Collision with vehicle,1,Monday,133,LANE SIDE SWIPE (VEHICLES IN PARALLEL LANES),1,660036,Not at intersection,3,80,Arterial Highway,FRANKSTON-DANDENONG,DANDENONG,-38.069424,145.19696,2019,10,October,16,Afternoon Peak,Weekday
T20190021183,2019-10-28,05:25:00,2,Struck Pedestrian,1,Monday,108,PED STRUCK WALKING TO/FROM OR BOARDING/ALIGHTING VEHICLE.,3,596871,Not at intersection,3,50,Local Road,PARK,MOONEE VALLEY,-37.761765,144.91765,2019,10,October,5,Morning Peak,Weekday
T20190021227,2019-10-28,15:53:00,1,Collision with vehicle,1,Monday,113,RIGHT NEAR (INTERSECTIONS ONLY),1,650997,T intersection,3,50,Local Road,WESTMELTON,MELTON,-37.677807,144.569,2019,10,October,15,Afternoon Peak,Weekday
T20190021341,2019-10-28,17:40:00,1,Collision with vehicle,1,Monday,163,VEHICLE STRIKES DOOR OF PARKED/STATIONARY VEHICLE,1,650998,Not at intersection,3,50,Local Road,ST KILDA,MELBOURNE,-37.825752,144.97098,2019,10,October,17,Afternoon Peak,Weekday
T20190021180,2019-10-28,04:05:00,1,Collision with vehicle,1,Monday,110,CROSS TRAFFIC(INTERSECTIONS ONLY),3,357960,Cross intersection,3,60,Arterial Other,HIGH,DAREBIN,-37.69497,145.0114,2019,10,October,4,Late Night,Weekday
T20190021189,2019-10-28,07:30:00,2,Struck Pedestrian,1,Monday,100,PED NEAR SIDE. PED HIT BY VEHICLE FROM THE RIGHT.,1,38659,T intersection,3,50,Local Road,BARKLY,MARIBYRNONG,-37.7977,144.87991,2019,10,October,7,Morning Peak,Weekday
T20190022395,2019-10-28,16:00:00,1,Collision with vehicle,1,Monday,130,REAR END(VEHICLES IN SAME LANE),1,625639,Not at intersection,3,80,Freeway,WESTERN RING IN-BOUNDARY,BRIMBANK,-37.812748,144.80833,2019,10,October,16,Afternoon Peak,Weekday
T20190021445,2019-10-28,16:30:00,1,Collision with vehicle,1,Monday,130,REAR END(VEHICLES IN SAME LANE),1,618475,Not at intersection,3,50,Local Road,GALLAGHERS,MONASH,-37.890007,145.17632,2019,10,October,16,Afternoon Peak,Weekday
T20190021188,2019-10-28,07:58:00,1,Collision with vehicle,1,Monday,116,LEFT NEAR (INTERSECTIONS ONLY),1,40057,T intersection,2,40,Arterial Other,BEACONSFIELD,PORT PHILLIP,-37.856537,144.96649,2019,10,October,7,Morning Peak,Weekday
T20190021215,2019-10-28,12:35:00,1,Collision with vehicle,1,Monday,120,HEAD ON (NOT OVERTAKING),1,596607,Not at intersection,3,50,Local Road,DEVON,DANDENONG,-37.96861,145.15344,2019,10,October,12,Midday,Weekday
T20190021490,2019-10-29,16:40:00,2,Struck Pedestrian,2,Tuesday,109,ANY MANOEUVRE INVOLVING PED NOT INCLUDED IN DCAs 100-108.,1,660179,Not at intersection,3,60,Arterial Other,MAIDSTONE,HOBSONS BAY,-37.858814,144.81035,2019,10,October,16,Afternoon Peak,Weekday
T20190021309,2019-10-29,13:35:00,1,Collision with vehicle,2,Tuesday,139,OTHER SAME DIRECTION-MANOUEVRES NOT INCLUDED IN DCAs 130-137,1,610141,Not at intersection,2,80,Arterial Highway,WHITEHORSE,WHITEHORSE,-37.816685,145.20834,2019,10,October,13,Midday,Weekday
T20190021306,2019-10-29,11:50:00,1,Collision with vehicle,2,Tuesday,140,U TURN,1,599047,Not at intersection,2,40,Local Road,ROWE,YARRA,-37.786427,144.98796,2019,10,October,11,Midday,Weekday
T20190022411,2019-10-29,21:00:00,8,No collision and no object struck,2,Tuesday,174,OUT OF CONTROL ON CARRIAGEWAY (ON STRAIGHT),3,320527,T intersection,3,60,Local Road,LINSELL,CASEY,-38.101276,145.31123,2019,10,October,21,Night,Weekday
T20190021304,2019-10-29,10:50:00,1,Collision with vehicle,2,Tuesday,110,CROSS TRAFFIC(INTERSECTIONS ONLY),1,30166,Cross intersection,3,80,Arterial Other,DOYLES,SHEPPARTON,-36.398926,145.43182,2019,10,October,10,Midday,Weekday
T20190021673,2019-10-29,14:40:00,1,Collision with vehicle,2,Tuesday,130,REAR END(VEHICLES IN SAME LANE),1,601874,Cross intersection,2,80,Arterial Other,WELLS,KINGSTON,-38.021896,145.1242,2019,10,October,14,Midday,Weekday
T20190021303,2019-10-29,12:10:00,1,Collision with vehicle,2,Tuesday,113,RIGHT NEAR (INTERSECTIONS ONLY),1,627186,T intersection,2,50,Local Road,YALE,WHITTLESEA,-37.646416,145.01227,2019,10,October,12,Midday,Weekday
T20190023129,2019-10-29,19:25:00,6,Vehicle overturned (no collision),2,Tuesday,174,OUT OF CONTROL ON CARRIAGEWAY (ON STRAIGHT),1,603066,Not at intersection,3,50,Arterial Other,CHURCH,YARRA,-37.81879,144.99913,2019,10,October,19,Night,Weekday
T20190021328,2019-10-29,14:32:00,1,Collision with vehicle,2,Tuesday,147,VEHICLE STRIKES ANOTHER VEH WHILE EMERGING FROM DRIVEWAY,1,596880,Not at intersection,2,60,Arterial Other,FRANKSTON-FLINDERS,MORNINGTON PENINSULA,-38.303364,145.18362,2019,10,October,14,Midday,Weekday
T20190021290,2019-10-29,10:45:00,1,Collision with vehicle,2,Tuesday,132,RIGHT REAR.,1,605883,T intersection,3,50,Local Road,MARK ANTHONY,DANDENONG,-38.03352,145.19467,2019,10,October,10,Midday,Weekday
T20190021999,2019-10-29,08:15:00,1,Collision with vehicle,2,Tuesday,135,LANE CHANGE LEFT (NOT OVERTAKING),1,599069,Not at intersection,3,80,Freeway,BATMAN-CITYLINK OUT,MELBOURNE,-37.826042,144.98155,2019,10,October,8,Morning Peak,Weekday