ACCIDENT_NO,ACCIDENT_DATE,ACCIDENT_TIME,ACCIDENT_TYPE,ACCIDENT_TYPE_DESC,DAY_OF_WEEK,DAY_WEEK_DESC,DCA_CODE,DCA_DESC,LIGHT_CONDITION,NODE_ID,ROAD_GEOMETRY_DESC,SEVERITY,SPEED_ZONE,RMA,ROAD_NAME,LGA_NAME,LATITUDE,LONGITUDE,YEAR,MONTH,MONTH_NAME,HOUR,TIME_PERIOD,DAY_TYPE
T20190022499,2019-10-29,03:45:00,1,Collision with vehicle,2,Tuesday,160,VEHICLE COLLIDES WITH VEHICLE PARKED ON LEFT OF ROAD,5,646808,Not at intersection,2,50,Local Road,KANSAS,GEELONG,-38.095703,144.33228,2019,10,October,3,Late Night,Weekday
T20200003792,2019-10-29,17:00:00,1,Collision with vehicle,2,Tuesday,130,REAR END(VEHICLES IN SAME LANE),9,629654,Not at intersection,3,60,Arterial Other,WANTIRNA,KNOX,-37.846237,145.22716,2019,10,October,17,Afternoon Peak,Weekday
T20190021289,2019-10-29,10:49:00,1,Collision with vehicle,2,Tuesday,110,CROSS TRAFFIC(INTERSECTIONS ONLY),1,71595,Cross intersection,3,50,Local Road,DAWSON,WELLINGTON,-38.095543,147.0845,2019,10,October,10,Midday,Weekday
T20190021286,2019-10-29,10:23:00,1,Collision with vehicle,2,Tuesday,130,REAR END(VEHICLES IN SAME LANE),1,651264,Not at intersection,3,100,Freeway,MONASH,MONASH,-37.929394,145.18474,2019,10,October,10,Midday,Weekday
T20190022036,2019-10-29,18:00:00,1,Collision with vehicle,2,Tuesday,113,RIGHT NEAR (INTERSECTIONS ONLY),1,599351,Cross intersection,3,60,Local Road,CLEELAND,DANDENONG,-37.976913,145.21605,2019,10,October,18,Afternoon Peak,Weekday
T20190021645,2019-10-29,08:50:00,1,Collision with vehicle,2,Tuesday,131,LEFT REAR,1,598498,Not at intersection,2,60,Arterial Other,FERRARS,PORT PHILLIP,-37.833992,144.95541,2019,10,October,8,Morning Peak,Weekday
T20190023247,2019-10-29,16:30:00,1,Collision with vehicle,2,Tuesday,111,RIGHT FAR (INTERSECTIONS ONLY),1,41667,T intersection,3,80,Arterial Highway,DANDENONG,MONASH,-37.904484,145.11156,2019,10,October,16,Afternoon Peak,Weekday
T20190021783,2019-10-29,16:00:00,1,Collision with vehicle,2,Tuesday,130,REAR END(VEHICLES IN SAME LANE),1,627375,Not at intersection,2,50,Arterial Other,GLENFERRIE,STONNINGTON,-37.837494,145.03267,2019,10,October,16,Afternoon Peak,Weekday
T20190021296,2019-10-29,07:45:00,1,Collision with vehicle,2,Tuesday,121,RIGHT THROUGH,1,341432,T intersection,3,60,Arterial Other,MARINE,MORNINGTON PENINSULA,-38.304436,144.99463,2019,10,October,7,Morning Peak,Weekday
T20190021363,2019-10-29,18:03:00,1,Collision with vehicle,2,Tuesday,121,RIGHT THROUGH,1,37181,T intersection,2,60,Arterial Other,CHURCH,YARRA,-37.827415,144.99762,2019,10,October,18,Afternoon Peak,Weekday
T20190021294,2019-10-29,10:15:00,1,Collision with vehicle,2,Tuesday,111,RIGHT FAR (INTERSECTIONS ONLY),1,62414,Cross intersection,3,50,Local Road,HALSEY,MOONEE VALLEY,-37.718437,144.8809,2019,10,October,10,Midday,Weekday
T20190021292,2019-10-29,09:00:00,1,Collision with vehicle,2,Tuesday,133,LANE SIDE SWIPE (VEHICLES IN PARALLEL LANES),1,597148,Not at intersection,2,60,Arterial Highway,NORTH,GLEN EIRA,-37.90544,145.05222,2019,10,October,9,Morning Peak,Weekday
T20190021291,2019-10-29,08:50:00,1,Collision with vehicle,2,Tuesday,130,REAR END(VEHICLES IN SAME LANE),1,299550,Multiple intersection,3,100,Freeway,PRINCES,HOBSONS BAY,-37.850647,144.77966,2019,10,October,8,Morning Peak,Weekday
T20190021358,2019-10-29,21:05:00,1,Collision with vehicle,2,Tuesday,110,CROSS TRAFFIC(INTERSECTIONS ONLY),3,43101,Cross intersection,2,50,Local Road,DENYS,MORELAND,-37.700592,144.97066,2019,10,October,21,Night,Weekday
T20190021357,2019-10-29,20:00:00,4,Collision with a fixed object,2,Tuesday,171,LEFT OFF CARRIAGEWAY INTO OBJECT/PARKED VEHICLE,2,607524,Not at intersection,2,100,Local Road,PATTERSON,CARDINIA,-38.11609,145.42416,2019,10,October,20,Night,Weekday
T20190021330,2019-10-29,15:45:00,1,Collision with vehicle,2,Tuesday,130,REAR END(VEHICLES IN SAME LANE),1,596609,Not at intersection,3,100,Freeway,HUME,WHITTLESEA,-37.647907,144.99057,2019,10,October,15,Afternoon Peak,Weekday
T20190021332,2019-10-29,15:30:00,1,Collision with vehicle,2,Tuesday,110,CROSS TRAFFIC(INTERSECTIONS ONLY),1,597668,Cross intersection,3,100,Local Road,LINTON-CARNGHAM,PYRENEES,-37.597996,143.59126,2019,10,October,15,Afternoon Peak,Weekday
T20190021336,2019-10-29,12:03:00,1,Collision with vehicle,2,Tuesday,121,RIGHT THROUGH,1,602916,Not at intersection,1,100,Arterial Highway,CALDER ALTERNATIVE,BENDIGO,-36.787304,144.1543,2019,10,October,12,Midday,Weekday
T20190021338,2019-10-29,17:00:00,1,Collision with vehicle,2,Tuesday,113,RIGHT NEAR (INTERSECTIONS ONLY),1,40541,T intersection,3,60,Arterial Other,HIGH,BOROONDARA,-37.864258,145.0865,2019,10,October,17,Afternoon Peak,Weekday
T20190021342,2019-10-29,15:00:00,1,Collision with vehicle,2,Tuesday,130,REAR END(VEHICLES IN SAME LANE),1,596611,Not at intersection,3,60,Local Road,POINT HENRY,GEELONG,-38.16698,144.42256,2019,10,October,15,Afternoon Peak,Weekday
T20190021355,2019-10-29,20:52:00,4,Collision with a fixed object,2,Tuesday,171,LEFT OFF CARRIAGEWAY INTO OBJECT/PARKED VEHICLE,5,626581,Not at intersection,2,100,Local Road,DOG ROCKS,GEELONG,-38.11232,144.26459,2019,10,October,20,Night,Weekday
T20190021353,2019-10-29,17:13:00,1,Collision with vehicle,2,Tuesday,132,RIGHT REAR.,1,44074,T intersection,2,50,Local Road,REGENT,DAREBIN,-37.73059,145.00308,2019,10,October,17,Afternoon Peak,Weekday
T20190021352,2019-10-29,20:32:00,1,Collision with vehicle,2,Tuesday,121,RIGHT THROUGH,3,37181,T intersection,2,50,Arterial Other,CHURCH,YARRA,-37.827415,144.99762,2019,10,October,20,Night,Weekday
T20190021351,2019-10-29,15:47:00,1,Collision with vehicle,2,Tuesday,130,REAR END(VEHICLES IN SAME LANE),1,596612,Not at intersection,3,80,Arterial Other,BRAESIDE-DANDENONG,DANDENONG,-38.012794,145.19835,2019,10,October,15,Afternoon Peak,Weekday
T20190021345,2019-10-29,18:44:00,1,Collision with vehicle,2,Tuesday,113,RIGHT NEAR (INTERSECTIONS ONLY),1,258577,T intersection,2,80,Arterial Highway,GOULBURN VALLEY,SHEPPARTON,-36.303734,145.43103,2019,10,October,18,Afternoon Peak,Weekday
T20190021597,2019-10-29,18:22:00,1,Collision with vehicle,2,Tuesday,121,RIGHT THROUGH,2,305264,T intersection,3,50,Local Road,WATERVIEW,WHITTLESEA,-37.611813,145.08896,2019,10,October,18,Afternoon Peak,Weekday
T20190023894,2019-10-29,14:04:00,4,Collision with a fixed object,2,Tuesday,179,OTHER ACCIDENTS-OFF STRAIGHT NOT INCLUDED IN DCAs 170-175,1,51636,Cross intersection,3,60,Local Road,BOOTH,BENDIGO,-36.762478,144.2576,2019,10,October,14,Midday,Weekday
T20190021280,2019-10-29,07:10:00,1,Collision with vehicle,2,Tuesday,121,RIGHT THROUGH,1,38883,Cross intersection,2,60,Arterial Other,HIGH,BOROONDARA,-37.81016,145.02632,2019,10,October,7,Morning Peak,Weekday
T20190021277,2019-10-29,08:35:00,1,Collision with vehicle,2,Tuesday,130,REAR END(VEHICLES IN SAME LANE),1,600165,T intersection,2,60,Arterial Other,HOWE,BALLARAT,-37.476936,143.79942,2019,10,October,8,Morning Peak,Weekday
T20190023396,2019-10-29,14:59:00,1,Collision with vehicle,2,Tuesday,135,LANE CHANGE LEFT (NOT OVERTAKING),1,603926,Not at intersection,3,80,Freeway,TULLAMARINE,MOONEE VALLEY,-37.734947,144.89842,2019,10,October,14,Midday,Weekday
T20190021415,2019-10-29,17:00:00,1,Collision with vehicle,2,Tuesday,120,HEAD ON (NOT OVERTAKING),1,660255,Not at intersection,3,100,Arterial Highway,CALDER ALTERNATIVE,BENDIGO,-36.86858,144.1899,2019,10,October,17,Afternoon Peak,Weekday
T20190021511,2019-10-29,07:50:00,1,Collision with vehicle,2,Tuesday,130,REAR END(VEHICLES IN SAME LANE),1,607525,Not at intersection,3,100,Arterial Other,FYANSFORD-GHERINGHAP,GOLDEN PLAINS,-38.10848,144.26082,2019,10,October,7,Morning Peak,Weekday
T20190021282,2019-10-29,08:45:00,1,Collision with vehicle,2,Tuesday,160,VEHICLE COLLIDES WITH VEHICLE PARKED ON LEFT OF ROAD,1,597930,Not at intersection,2,40,Arterial Other,RYRIE,GEELONG,-38.153748,144.37564,2019,10,October,8,Morning Peak,Weekday
T20190021537,2019-10-29,07:30:00,1,Collision with vehicle,2,Tuesday,130,REAR END(VEHICLES IN SAME LANE),1,602146,Not at intersection,3,80,Arterial Highway,DANDENONG,MONASH,-37.893135,145.08852,2019,10,October,7,Morning Peak,Weekday
T20190021613,2019-10-29,07:40:00,1,Collision with vehicle,2,Tuesday,121,RIGHT THROUGH,1,602760,Cross intersection,3,40,Local Road,BRUNSWICK,YARRA,-37.80159,144.9779,2019,10,October,7,Morning Peak,Weekday
T20190021265,2019-10-29,04:15:00,1,Collision with vehicle,2,Tuesday,130,REAR END(VEHICLES IN SAME LANE),3,600022,Not at intersection,2,80,Arterial Highway,WESTERN,BALLARAT,-37.563858,143.93521,2019,10,October,4,Late Night,Weekday
T20190021313,2019-10-29,10:20:00,1,Collision with vehicle,2,Tuesday,134,LANE CHANGE RIGHT (NOT OVERTAKING),1,606184,Not at intersection,3,80,Arterial Other,NARRE WARREN NORTH,CASEY,-38.02065,145.30826,2019,10,October,10,Midday,Weekday
T20190022489,2019-10-30,17:15:00,1,Collision with vehicle,3,Wednesday,130,REAR END(VEHICLES IN SAME LANE),1,629287,Not at intersection,3,60,Local Road,RAILWAY,WYNDHAM,-37.89195,144.67836,2019,10,October,17,Afternoon Peak,Weekday
T20190022486,2019-10-30,00:53:00,1,Collision with vehicle,3,Wednesday,110,CROSS TRAFFIC(INTERSECTIONS ONLY),3,389,Cross intersection,3,60,Arterial Other,CHILDS,WHITTLESEA,-37.659706,145.0191,2019,10,October,0,Late Night,Weekday
T20190021469,2019-10-30,11:50:00,4,Collision with a fixed object,3,Wednesday,171,LEFT OFF CARRIAGEWAY INTO OBJECT/PARKED VEHICLE,1,597157,Not at intersection,3,50,Local Road,BRADY,KINGSTON,-37.940056,145.13425,2019,10,October,11,Midday,Weekday
T20190021473,2019-10-30,13:25:00,2,Struck Pedestrian,3,Wednesday,108,PED STRUCK WALKING TO/FROM OR BOARDING/ALIGHTING VEHICLE.,1,624481,Not at intersection,2,60,Arterial Other,ELEVENTH,MILDURA,-34.182213,142.1486,2019,10,October,13,Midday,Weekday
T20190023054,2019-10-30,10:00:00,1,Collision with vehicle,3,Wednesday,130,REAR END(VEHICLES IN SAME LANE),1,616454,Not at intersection,3,40,Arterial Other,PALMERS,WYNDHAM,-37.839237,144.7471,2019,10,October,10,Midday,Weekday
T20190021443,2019-10-30,15:55:00,6,Vehicle overturned (no collision),3,Wednesday,174,OUT OF CONTROL ON CARRIAGEWAY (ON STRAIGHT),1,627689,Not at intersection,3,50,Local Road,BONWICK,MORELAND,-37.703903,144.96526,2019,10,October,15,Afternoon Peak,Weekday
T20190021396,2019-10-30,11:20:00,1,Collision with vehicle,3,Wednesday,130,REAR END(VEHICLES IN SAME LANE),1,599050,Not at intersection,3,80,Arterial Highway,WARRIGAL,KINGSTON,-37.952496,145.07689,2019,10,October,11,Midday,Weekday
T20190024244,2019-10-30,13:30:00,1,Collision with vehicle,3,Wednesday,135,LANE CHANGE LEFT (NOT OVERTAKING),1,616461,Not at intersection,3,60,Local Road,ARDEN,MELBOURNE,-37.80078,144.9482,2019,10,October,13,Midday,Weekday
T20190022882,2019-10-30,17:30:00,1,Collision with vehicle,3,Wednesday,130,REAR END(VEHICLES IN SAME LANE),1,651367,Not at intersection,3,100,Freeway,EASTLINK,FRANKSTON,-38.073612,145.18135,2019,10,October,17,Afternoon Peak,Weekday
T20190022592,2019-10-30,08:00:00,1,Collision with vehicle,3,Wednesday,130,REAR END(VEHICLES IN SAME LANE),1,603359,Cross intersection,3,60,Local Road,EASTFIELD,MAROONDAH,-37.81303,145.28491,2019,10,October,8,Morning Peak,Weekday
T20190024683,2019-10-30,09:00:00,8,No collision and no object struck,3,Wednesday,189,OTHER ACCIDENTS ON CURVE NOT INCLUDED IN DCAs 180-184,9,608152,Not at intersection,3,100,Local Road,DAVEY,BENDIGO,-36.83228,144.32623,2019,10,October,9,Morning Peak,Weekday
T20190021388,2019-10-30,04:20:00,4,Collision with a fixed object,3,Wednesday,183,OFF LEFT BEND INTO OBJECT/PARKED VEHICLE,5,689407,Not at intersection,2,100,Arterial Highway,WESTERN,HINDMARSH,-36.409027,141.9702,2019,10,October,4,Late Night,Weekday
T20190021434,2019-10-30,15:40:00,1,Collision with vehicle,3,Wednesday,113,RIGHT NEAR (INTERSECTIONS ONLY),1,342861,T intersection,2,100,Arterial Other,MEENIYAN-PROMONTORY,SOUTH GIPPSLAND,-38.702682,146.08711,2019,10,October,15,Afternoon Peak,Weekday
T20190021432,2019-10-30,17:50:00,2,Struck Pedestrian,3,Wednesday,100,PED NEAR SIDE. PED HIT BY VEHICLE FROM THE RIGHT.,1,1335,Cross intersection,2,60,Arterial Other,PASCOE VALE,MOONEE VALLEY,-37.75594,144.9261,2019,10,October,17,Afternoon Peak,Weekday
T20190021431,2019-10-30,16:15:00,1,Collision with vehicle,3,Wednesday,120,HEAD ON (NOT OVERTAKING),1,660333,Not at intersection,2,80,Arterial Highway,HAMILTON,GOLDEN PLAINS,-38.115334,144.1739,2019,10,October,16,Afternoon Peak,Weekday
T20190021429,2019-10-30,13:00:00,6,Vehicle overturned (no collision),3,Wednesday,174,OUT OF CONTROL ON CARRIAGEWAY (ON STRAIGHT),1,596884,Not at intersection,3,50,Local Road,PINDARA,MORNINGTON PENINSULA,-38.355846,144.95175,2019,10,October,13,Midday,Weekday
T20190021392,2019-10-30,10:50:00,1,Collision with vehicle,3,Wednesday,163,VEHICLE STRIKES DOOR OF PARKED/STATIONARY VEHICLE,1,602177,Not at intersection,2,60,Arterial Other,BEACONSFIELD,PORT PHILLIP,-37.85977,144.97142,2019,10,October,10,Midday,Weekday
T20190021825,2019-10-30,22:00:00,1,Collision with vehicle,3,Wednesday,163,VEHICLE STRIKES DOOR OF PARKED/STATIONARY VEHICLE,3,602178,Not at intersection,3,40,Local Road,BRUNSWICK,YARRA,-37.797653,144.97858,2019,10,October,22,Night,Weekday
T20190021373,2019-10-30,06:30:00,1,Collision with vehicle,3,Wednesday,111,RIGHT FAR (INTERSECTIONS ONLY),1,62998,T intersection,3,60,Arterial Highway,ROSANNA,BANYULE,-37.738323,145.07509,2019,10,October,6,Morning Peak,Weekday
T20190021462,2019-10-30,17:00:00,1,Collision with vehicle,3,Wednesday,120,HEAD ON (NOT OVERTAKING),1,605357,Not at intersection,3,50,Local Road,OLEANDER,WHITTLESEA,-37.653603,145.0784,2019,10,October,17,Afternoon Peak,Weekday
T20190023279,2019-10-30,12:10:00,1,Collision with vehicle,3,Wednesday,110,CROSS TRAFFIC(INTERSECTIONS ONLY),1,71721,Cross intersection,3,50,Local Road,MACARTHUR,WELLINGTON,-38.10524,147.06548,2019,10,October,12,Midday,Weekday
T20190021648,2019-10-30,12:04:00,1,Collision with vehicle,3,Wednesday,113,RIGHT NEAR (INTERSECTIONS ONLY),1,35570,Y intersection,3,50,Arterial Other,MONBULK,YARRA RANGES,-37.87903,145.37245,2019,10,October,12,Midday,Weekday
T20190021463,2019-10-30,22:02:00,1,Collision with vehicle,3,Wednesday,121,RIGHT THROUGH,3,36149,T intersection,2,60,Arterial Other,HIGH,WHITTLESEA,-37.6726,145.01529,2019,10,October,22,Night,Weekday
T20190021670,2019-10-30,16:40:00,1,Collision with vehicle,3,Wednesday,137,LEFT TURN SIDESWIPE,9,606522,T intersection,3,40,Local Road,MORRAH,MELBOURNE,-37.795525,144.95552,2019,10,October,16,Afternoon Peak,Weekday
T20190021449,2019-10-30,14:15:00,1,Collision with vehicle,3,Wednesday,140,U TURN,1,597408,Not at intersection,2,60,Arterial Highway,NEPEAN,KINGSTON,-38.054195,145.11684,2019,10,October,14,Midday,Weekday
T20190021846,2019-10-30,09:15:00,1,Collision with vehicle,3,Wednesday,116,LEFT NEAR (INTERSECTIONS ONLY),1,651364,T intersection,3,50,Local Road,NEIL,BENDIGO,-36.794308,144.24094,2019,10,October,9,Morning Peak,Weekday
T20190021582,2019-10-30,15:10:00,6,Vehicle overturned (no collision),3,Wednesday,180,OFF CARRIAGEWAY ON RIGHT BEND,1,653088,Not at intersection,2,80,Arterial Highway,GREAT ALPINE,EAST GIPPSLAND,-37.604416,147.88208,2019,10,October,15,Afternoon Peak,Weekday
T20190021672,2019-10-30,21:00:00,1,Collision with vehicle,3,Wednesday,130,REAR END(VEHICLES IN SAME LANE),3,600173,T intersection,3,80,Arterial Highway,PRINCES,DANDENONG,-38.003143,145.24715,2019,10,October,21,Night,Weekday
T20190021367,2019-10-30,03:45:00,4,Collision with a fixed object,3,Wednesday,173,RIGHT OFF CARRIAGEWAY INTO OBJECT/PARKED VEHICLE,3,49538,T intersection,2,60,Arterial Other,GISBORNE,MOORABOOL,-37.655464,144.4496,2019,10,October,3,Late Night,Weekday
T20190022382,2019-10-30,16:28:00,1,Collision with vehicle,3,Wednesday,130,REAR END(VEHICLES IN SAME LANE),1,660258,Not at intersection,3,100,Freeway,EASTERN,MANNINGHAM,-37.79727,145.12274,2019,10,October,16,Afternoon Peak,Weekday
T20190021401,2019-10-30,12:05:00,1,Collision with vehicle,3,Wednesday,163,VEHICLE STRIKES DOOR OF PARKED/STATIONARY VEHICLE,1,597154,Not at intersection,3,40,Arterial Other,UPPER HEIDELBERG,BANYULE,-37.768764,145.04243,2019,10,October,12,Midday,Weekday
T20190021571,2019-10-30,07:45:00,2,Struck Pedestrian,3,Wednesday,103,PED PLAYING/LYING/WORKING/STANDING ON CARRIAGEWAY.,1,604211,Not at intersection,3,40,Arterial Other,BACCHUS MARSH,GEELONG,-38.06365,144.35829,2019,10,October,7,Morning Peak,Weekday
T20190021457,2019-10-30,16:26:00,1,Collision with vehicle,3,Wednesday,121,RIGHT THROUGH,1,36853,T intersection,3,40,Arterial Other,KING,MELBOURNE,-37.817844,144.95639,2019,10,October,16,Afternoon Peak,Weekday
T20200016363,2019-10-30,13:00:00,1,Collision with vehicle,3,Wednesday,130,REAR END(VEHICLES IN SAME LANE),9,70191,Cross intersection,3,60,Arterial Highway,CHANDLER,DANDENONG,-37.961758,145.18826,2019,10,October,13,Midday,Weekday
T20190021402,2019-10-30,09:52:00,1,Collision with vehicle,3,Wednesday,130,REAR END(VEHICLES IN SAME LANE),1,597407,Not at intersection,2,100,Freeway,EASTERN,BOROONDARA,-37.787235,145.05728,2019,10,October,9,Morning Peak,Weekday
T20190021369,2019-10-30,06:05:00,1,Collision with vehicle,3,Wednesday,130,REAR END(VEHICLES IN SAME LANE),2,729098,Unknown,3,100,Freeway,MONASH,CASEY,-38.023453,145.31552,2019,10,October,6,Morning Peak,Weekday
T20190022433,2019-10-30,12:26:00,1,Collision with vehicle,3,Wednesday,133,LANE SIDE SWIPE (VEHICLES IN PARALLEL LANES),1,651366,Not at intersection,2,80,Arterial Highway,NEPEAN,BAYSIDE,-37.894463,145.00378,2019,10,October,12,Midday,Weekday
T20200001030,2019-10-30,07:40:00,1,Collision with vehicle,3,Wednesday,130,REAR END(VEHICLES IN SAME LANE),1,660332,Not at intersection,3,100,Freeway,PRINCES,CASEY,-38.03257,145.32497,2019,10,October,7,Morning Peak,Weekday
T20190021468,2019-10-30,19:51:00,4,Collision with a fixed object,3,Wednesday,171,LEFT OFF CARRIAGEWAY INTO OBJECT/PARKED VEHICLE,2,626586,Not at intersection,2,80,Arterial Highway,MOOROODUC,FRANKSTON,-38.175995,145.13875,2019,10,October,19,Night,Weekday
T20190021450,2019-10-30,14:34:00,1,Collision with vehicle,3,Wednesday,110,CROSS TRAFFIC(INTERSECTIONS ONLY),1,55643,Cross intersection,2,50,Local Road,MARION,HOBSONS BAY,-37.835335,144.85269,2019,10,October,14,Midday,Weekday
T20190021379,2019-10-30,07:30:00,4,Collision with a fixed object,3,Wednesday,171,LEFT OFF CARRIAGEWAY INTO OBJECT/PARKED VEHICLE,1,660419,Not at intersection,3,80,Local Road,BOUNDARY,MELTON,-37.802326,144.6716,2019,10,October,7,Morning Peak,Weekday
T20190021405,2019-10-30,13:15:00,1,Collision with vehicle,3,Wednesday,130,REAR END(VEHICLES IN SAME LANE),1,12900,Cross intersection,3,60,Freeway,PRINCES OUT-CLYDE,CASEY,-38.044,145.34146,2019,10,October,13,Midday,Weekday
T20190021381,2019-10-30,08:30:00,1,Collision with vehicle,3,Wednesday,111,RIGHT FAR (INTERSECTIONS ONLY),1,37777,T intersection,3,60,Arterial Other,HIGH,WHITTLESEA,-37.667046,145.01631,2019,10,October,8,Morning Peak,Weekday
T20190021383,2019-10-30,08:50:00,1,Collision with vehicle,3,Wednesday,130,REAR END(VEHICLES IN SAME LANE),1,597153,Not at intersection,3,70,Arterial Other,LOWER PLENTY,BANYULE,-37.733192,145.08195,2019,10,October,8,Morning Peak,Weekday
T20190021384,2019-10-30,08:35:00,1,Collision with vehicle,3,Wednesday,130,REAR END(VEHICLES IN SAME LANE),1,601870,Not at intersection,3,100,Freeway,PRINCES,HOBSONS BAY,-37.839886,144.7956,2019,10,October,8,Morning Peak,Weekday
T20190021452,2019-10-30,16:50:00,1,Collision with vehicle,3,Wednesday,163,VEHICLE STRIKES DOOR OF PARKED/STATIONARY VEHICLE,9,36267,Cross intersection,2,50,Local Road,ELIZABETH,MELBOURNE,-37.80818,144.96037,2019,10,October,16,Afternoon Peak,Weekday
T20190021407,2019-10-30,14:10:00,8,No collision and no object struck,3,Wednesday,179,OTHER ACCIDENTS-OFF STRAIGHT NOT INCLUDED IN DCAs 170-175,1,597800,Multiple intersection,3,50,Local Road,WILLUNGA,GLENELG,-38.36699,141.60965,2019,10,October,14,Midday,Weekday
T20190021409,2019-10-30,07:15:00,4,Collision with a fixed object,3,Wednesday,181,OFF RIGHT BEND INTO OBJECT/PARKED VEHICLE,1,609885,Not at intersection,1,100,Local Road,CASTLE CROSSING,MILDURA,-34.501423,142.33214,2019,10,October,7,Morning Peak,Weekday
T20190021412,2019-10-30,13:30:00,1,Collision with vehicle,3,Wednesday,110,CROSS TRAFFIC(INTERSECTIONS ONLY),1,64017,Cross intersection,3,60,Local Road,BREE,SOUTHERN GRAMPIANS,-37.732285,142.02795,2019,10,October,13,Midday,Weekday
T20190021421,2019-10-30,14:05:00,2,Struck Pedestrian,3,Wednesday,100,PED NEAR SIDE. PED HIT BY VEHICLE FROM THE RIGHT.,1,597155,T intersection,3,60,Local Road,SPRINGFIELD,WHITEHORSE,-37.810364,145.15173,2019,10,October,14,Midday,Weekday
T20190021536,2019-10-31,20:15:00,2,Struck Pedestrian,4,Thursday,100,PED NEAR SIDE. PED HIT BY VEHICLE FROM THE RIGHT.,3,1213,T intersection,3,40,Local Road,HARGREAVES,BENDIGO,-36.760582,144.27948,2019,10,October,20,Night,Weekday
T20190021617,2019-10-31,08:05:00,1,Collision with vehicle,4,Thursday,135,LANE CHANGE LEFT (NOT OVERTAKING),1,471,Multiple intersection,3,50,Arterial Other,RACECOURSE,MELBOURNE,-37.78746,144.92131,2019,10,October,8,Morning Peak,Weekday
T20190023744,2019-10-31,17:43:00,1,Collision with vehicle,4,Thursday,130,REAR END(VEHICLES IN SAME LANE),1,606536,Not at intersection,3,100,Freeway,EASTERN,BOROONDARA,-37.77992,145.08391,2019,10,October,17,Afternoon Peak,Weekday
T20190021483,2019-10-31,05:50:00,1,Collision with vehicle,4,Thursday,113,RIGHT NEAR (INTERSECTIONS ONLY),2,57884,T intersection,3,80,Freeway,BALLARAT-BURRUMBEET,BALLARAT,-37.55963,143.91599,2019,10,October,5,Morning Peak,Weekday
T20190024259,2019-10-31,16:45:00,1,Collision with vehicle,4,Thursday,130,REAR END(VEHICLES IN SAME LANE),1,607166,Not at intersection,2,80,Arterial Highway,WHITEHORSE,WHITEHORSE,-37.816895,145.2105,2019,10,October,16,Afternoon Peak,Weekday
T20190021539,2019-10-31,07:45:00,1,Collision with vehicle,4,Thursday,113,RIGHT NEAR (INTERSECTIONS ONLY),1,43258,T intersection,3,80,Local Road,PERRY,DANDENONG,-38.031605,145.18332,2019,10,October,7,Morning Peak,Weekday
T20190022394,2019-10-31,16:14:00,2,Struck Pedestrian,4,Thursday,102,FAR SIDE. PED HIT BY VEHICLE FROM THE LEFT,1,236768,Not at intersection,3,60,Arterial Highway,POINT NEPEAN,MORNINGTON PENINSULA,-38.366974,144.8628,2019,10,October,16,Afternoon Peak,Weekday
T20190021540,2019-10-31,15:30:00,1,Collision with vehicle,4,Thursday,110,CROSS TRAFFIC(INTERSECTIONS ONLY),1,35552,Cross intersection,3,60,Local Road,CARDINAL,MORELAND,-37.706303,144.9286,2019,10,October,15,Afternoon Peak,Weekday
T20190021544,2019-10-31,16:15:00,2,Struck Pedestrian,4,Thursday,106,VEH STRIKES PED ON FOOTPATH/MEDIAN/TRAFFIC ISLAND.,1,609031,Not at intersection,3,50,Local Road,HEDGE END,WHITEHORSE,-37.803627,145.18674,2019,10,October,16,Afternoon Peak,Weekday
T20190021545,2019-10-31,01:45:00,4,Collision with a fixed object,4,Thursday,173,RIGHT OFF CARRIAGEWAY INTO OBJECT/PARKED VEHICLE,5,288482,T intersection,3,100,Arterial Highway,PRINCES,COLAC OTWAY,-38.33593,143.52008,2019,10,October,1,Late Night,Weekday
T20190021546,2019-10-31,19:04:00,4,Collision with a fixed object,4,Thursday,194,PARKED CAR RUN AWAY,2,597536,Not at intersection,3,80,Arterial Other,ELTHAM-YARRA GLEN,NILLUMBIK,-37.70206,145.20955,2019,10,October,19,Night,Weekday
T20200004255,2019-10-31,17:00:00,2,Struck Pedestrian,4,Thursday,103,PED PLAYING/LYING/WORKING/STANDING ON CARRIAGEWAY.,9,630932,Not at intersection,3,50,Local Road,FROST,STRATHBOGIE,-36.745304,145.57196,2019,10,October,17,Afternoon Peak,Weekday
T20190021548,2019-10-31,14:06:00,2,Struck Pedestrian,4,Thursday,103,PED PLAYING/LYING/WORKING/STANDING ON CARRIAGEWAY.,1,605886,Not at intersection,3,50,Local Road,SABINA PARK,MONASH,-37.931194,145.18973,2019,10,October,14,Midday,Weekday
T20190021549,2019-10-31,21:47:00,1,Collision with vehicle,4,Thursday,110,CROSS TRAFFIC(INTERSECTIONS ONLY),3,35355,Cross intersection,3,40,Local Road,ELIZABETH,MELBOURNE,-37.812283,144.96227,2019,10,October,21,Night,Weekday
T20190021550,2019-10-31,05:50:00,1,Collision with vehicle,4,Thursday,130,REAR END(VEHICLES IN SAME LANE),2,597411,Not at intersection,2,80,Freeway,CITYLINK,MELBOURNE,-37.793953,144.93639,2019,10,October,5,Morning Peak,Weekday