ACCIDENT_NO,ACCIDENT_DATE,ACCIDENT_TIME,ACCIDENT_TYPE,ACCIDENT_TYPE_DESC,DAY_OF_WEEK,DAY_WEEK_DESC,DCA_CODE,DCA_DESC,LIGHT_CONDITION,NODE_ID,ROAD_GEOMETRY_DESC,SEVERITY,SPEED_ZONE,RMA,ROAD_NAME,LGA_NAME,LATITUDE,LONGITUDE,YEAR,MONTH,MONTH_NAME,HOUR,TIME_PERIOD,DAY_TYPE
T20190021553,2019-10-31,21:06:00,1,Collision with vehicle,4,Thursday,130,REAR END(VEHICLES IN SAME LANE),5,597016,Not at intersection,1,100,Freeway,PENINSULA LINK,MORNINGTON PENINSULA,-38.26684,145.10088,2019,10,October,21,Night,Weekday
T20190021472,2019-10-31,07:21:00,1,Collision with vehicle,4,Thursday,130,REAR END(VEHICLES IN SAME LANE),1,597158,Not at intersection,2,50,Local Road,BARRY,HUME,-37.667233,144.95721,2019,10,October,7,Morning Peak,Weekday
T20190021555,2019-10-31,23:52:00,4,Collision with a fixed object,4,Thursday,171,LEFT OFF CARRIAGEWAY INTO OBJECT/PARKED VEHICLE,3,128805,Not at intersection,2,60,Local Road,ROSAMOND,MARIBYRNONG,-37.77293,144.88612,2019,10,October,23,Night,Weekday
T20190024671,2019-10-31,12:45:00,1,Collision with vehicle,4,Thursday,143,ENTERING PARKING,1,637769,Not at intersection,3,60,Local Road,BRUNSWICK,YARRA,-37.797104,144.97868,2019,10,October,12,Midday,Weekday
T20190024727,2019-10-31,08:50:00,1,Collision with vehicle,4,Thursday,130,REAR END(VEHICLES IN SAME LANE),1,608153,Not at intersection,3,40,Arterial Highway,EAGLEHAWK,BENDIGO,-36.723892,144.25797,2019,10,October,8,Morning Peak,Weekday
T20190021531,2019-10-31,15:43:00,1,Collision with vehicle,4,Thursday,148,VEHICLE OFF FOOTPATH STRIKES VEH ON CARRIAGEWAY,1,597937,Y intersection,3,60,Local Road,FALLINGWATER,CARDINIA,-38.066998,145.49573,2019,10,October,15,Afternoon Peak,Weekday
T20190021530,2019-10-31,18:00:00,1,Collision with vehicle,4,Thursday,121,RIGHT THROUGH,1,321653,Cross intersection,3,80,Arterial Other,CLYDE,CASEY,-38.059914,145.33823,2019,10,October,18,Afternoon Peak,Weekday
T20190021526,2019-10-31,16:13:00,1,Collision with vehicle,4,Thursday,110,CROSS TRAFFIC(INTERSECTIONS ONLY),1,600169,Cross intersection,3,70,Arterial Highway,JAMES,GEELONG,-38.18282,144.33476,2019,10,October,16,Afternoon Peak,Weekday
T20190021525,2019-10-31,14:40:00,1,Collision with vehicle,4,Thursday,133,LANE SIDE SWIPE (VEHICLES IN PARALLEL LANES),1,625437,T intersection,2,60,Arterial Other,WILLIAMS,STONNINGTON,-37.850662,145.00279,2019,10,October,14,Midday,Weekday
T20190021523,2019-10-31,15:40:00,1,Collision with vehicle,4,Thursday,153,CUTTING IN (OVERTAKING),1,660426,Not at intersection,3,60,Local Road,ROXBURGH PARK,HUME,-37.637314,144.92372,2019,10,October,15,Afternoon Peak,Weekday
T20190021520,2019-10-31,11:40:00,1,Collision with vehicle,4,Thursday,121,RIGHT THROUGH,1,259449,Cross intersection,3,60,Local Road,HAMMOND,DANDENONG,-38.005997,145.2073,2019,10,October,11,Midday,Weekday
T20190021519,2019-10-31,13:45:00,2,Struck Pedestrian,4,Thursday,101,PED EMERGES FROM IN FRONT OF PARKED OR STATIONARY VEHICLE,1,598492,Cross intersection,2,50,Local Road,CARLISLE,PORT PHILLIP,-37.86716,144.98117,2019,10,October,13,Midday,Weekday
T20190021517,2019-10-31,11:15:00,1,Collision with vehicle,4,Thursday,113,RIGHT NEAR (INTERSECTIONS ONLY),1,607526,T intersection,3,100,Arterial Highway,PRINCES,GLENELG,-37.91909,141.15688,2019,10,October,11,Midday,Weekday
T20190021516,2019-10-31,12:07:00,1,Collision with vehicle,4,Thursday,120,HEAD ON (NOT OVERTAKING),1,660423,Not at intersection,2,80,Local Road,BREGUET,GEELONG,-37.996613,144.36363,2019,10,October,12,Midday,Weekday
T20190021515,2019-10-31,08:47:00,1,Collision with vehicle,4,Thursday,130,REAR END(VEHICLES IN SAME LANE),1,599609,Not at intersection,3,60,Arterial Highway,WARRIGAL,MONASH,-37.89918,145.08723,2019,10,October,8,Morning Peak,Weekday
T20190021509,2019-10-31,13:30:00,1,Collision with vehicle,4,Thursday,163,VEHICLE STRIKES DOOR OF PARKED/STATIONARY VEHICLE,1,654691,Cross intersection,3,40,Local Road,GERTRUDE,YARRA,-37.80599,144.97952,2019,10,October,13,Midday,Weekday
T20190021508,2019-10-31,12:30:00,1,Collision with vehicle,4,Thursday,113,RIGHT NEAR (INTERSECTIONS ONLY),1,226361,T intersection,2,60,Local Road,HOUSTON,WHITTLESEA,-37.646675,145.02007,2019,10,October,12,Midday,Weekday
T20190021505,2019-10-31,10:15:00,1,Collision with vehicle,4,Thursday,120,HEAD ON (NOT OVERTAKING),1,600484,Not at intersection,3,60,Local Road,MELBOURNE,WODONGA,-36.118637,146.87483,2019,10,October,10,Midday,Weekday
T20190024786,2019-10-31,19:30:00,1,Collision with vehicle,4,Thursday,130,REAR END(VEHICLES IN SAME LANE),1,660521,Not at intersection,3,60,Arterial Other,BURKE,BOROONDARA,-37.799973,145.06268,2019,10,October,19,Night,Weekday
T20190021493,2019-10-31,10:35:00,1,Collision with vehicle,4,Thursday,110,CROSS TRAFFIC(INTERSECTIONS ONLY),1,597410,Cross intersection,2,70,Arterial Other,FOOTE,MANNINGHAM,-37.759098,145.12994,2019,10,October,10,Midday,Weekday
T20190021491,2019-10-31,10:52:00,1,Collision with vehicle,4,Thursday,110,CROSS TRAFFIC(INTERSECTIONS ONLY),1,42396,Cross intersection,2,60,Arterial Other,BOUNDARY,MORELAND,-37.718067,144.9517,2019,10,October,10,Midday,Weekday
T20190021476,2019-10-31,08:20:00,1,Collision with vehicle,4,Thursday,110,CROSS TRAFFIC(INTERSECTIONS ONLY),1,597409,Cross intersection,2,60,Local Road,KERFERD,PORT PHILLIP,-37.84596,144.9549,2019,10,October,8,Morning Peak,Weekday
T20190022606,2019-10-31,12:00:00,1,Collision with vehicle,4,Thursday,132,RIGHT REAR.,1,601619,Not at intersection,3,60,Arterial Other,HAMPSTEAD,MARIBYRNONG,-37.778103,144.87627,2019,10,October,12,Midday,Weekday
T20190025979,2019-10-31,21:56:00,1,Collision with vehicle,4,Thursday,160,VEHICLE COLLIDES WITH VEHICLE PARKED ON LEFT OF ROAD,3,628664,Not at intersection,2,50,Local Road,BIGGS,BRIMBANK,-37.738003,144.81078,2019,10,October,21,Night,Weekday
T20190021478,2019-10-31,07:38:00,1,Collision with vehicle,4,Thursday,121,RIGHT THROUGH,1,598216,Cross intersection,3,40,Local Road,BARDIA,MITCHELL,-36.999447,145.04193,2019,10,October,7,Morning Peak,Weekday
T20190021486,2019-10-31,09:00:00,1,Collision with vehicle,4,Thursday,121,RIGHT THROUGH,1,45524,Cross intersection,2,80,Arterial Other,DERRIMUT ROAD -HOPKINS,MELTON,-37.80502,144.69594,2019,10,October,9,Morning Peak,Weekday
T20190021487,2019-10-31,08:53:00,4,Collision with a fixed object,4,Thursday,175,OFF END OF ROAD/T-INTERSECTION.,1,597160,T intersection,3,50,Local Road,ROBERTSON,BALLARAT,-37.548225,143.79228,2019,10,October,8,Morning Peak,Weekday
T20190022524,2019-10-31,22:20:00,1,Collision with vehicle,4,Thursday,130,REAR END(VEHICLES IN SAME LANE),3,35641,Cross intersection,3,80,Arterial Other,CRANBOURNE-FRANKSTON,FRANKSTON,-38.15072,145.19511,2019,10,October,22,Night,Weekday
T20190021596,2019-10-31,15:53:00,1,Collision with vehicle,4,Thursday,136,RIGHT TURN SIDESWIPE,1,65743,Cross intersection,3,40,Local Road,ELIZABETH,MELBOURNE,-37.810318,144.96136,2019,10,October,15,Afternoon Peak,Weekday
T20190021598,2019-10-31,18:00:00,1,Collision with vehicle,4,Thursday,130,REAR END(VEHICLES IN SAME LANE),1,599053,Not at intersection,3,70,Arterial Highway,SETTLEMENT,GEELONG,-38.181812,144.34763,2019,10,October,18,Afternoon Peak,Weekday
T20190021608,2019-10-31,07:30:00,1,Collision with vehicle,4,Thursday,130,REAR END(VEHICLES IN SAME LANE),1,600779,Not at intersection,3,100,Freeway,WESTERN RING,BRIMBANK,-37.800602,144.79956,2019,10,October,7,Morning Peak,Weekday
T20200001782,2019-10-31,05:30:00,8,No collision and no object struck,4,Thursday,170,OFF CARRIAGEWAY TO LEFT,1,624836,Not at intersection,3,80,Arterial Other,WELLINGTON,YARRA RANGES,-37.947945,145.32628,2019,10,October,5,Morning Peak,Weekday
T20190023232,2019-10-31,08:43:00,1,Collision with vehicle,4,Thursday,130,REAR END(VEHICLES IN SAME LANE),1,627379,Cross intersection,3,60,Arterial Other,GRIMSHAW,BANYULE,-37.703163,145.08977,2019,10,October,8,Morning Peak,Weekday
T20190021533,2019-10-31,16:30:00,1,Collision with vehicle,4,Thursday,121,RIGHT THROUGH,1,37025,T intersection,2,60,Arterial Other,VICTORIA,YARRA,-37.809044,144.98566,2019,10,October,16,Afternoon Peak,Weekday
T20190021535,2019-10-31,05:00:00,2,Struck Pedestrian,4,Thursday,100,PED NEAR SIDE. PED HIT BY VEHICLE FROM THE RIGHT.,3,601073,Not at intersection,2,40,Arterial Other,BURGUNDY,BANYULE,-37.756157,145.06564,2019,10,October,5,Morning Peak,Weekday
T20190021466,2019-10-31,00:36:00,1,Collision with vehicle,4,Thursday,113,RIGHT NEAR (INTERSECTIONS ONLY),3,49371,T intersection,3,60,Local Road,ARCHER,SHEPPARTON,-36.389587,145.4115,2019,10,October,0,Late Night,Weekday
T20190021620,2019-11-01,15:28:00,1,Collision with vehicle,5,Friday,130,REAR END(VEHICLES IN SAME LANE),1,602456,Not at intersection,2,70,Arterial Other,PLENTY,WHITTLESEA,-37.67213,145.07068,2019,11,November,15,Afternoon Peak,Weekday
T20190021816,2019-11-01,15:30:00,6,Vehicle overturned (no collision),5,Friday,174,OUT OF CONTROL ON CARRIAGEWAY (ON STRAIGHT),1,598228,T intersection,2,100,Local Road,LAKE KERFERD,INDIGO,-36.366352,146.73763,2019,11,November,15,Afternoon Peak,Weekday
T20190021580,2019-11-01,12:31:00,4,Collision with a fixed object,5,Friday,181,OFF RIGHT BEND INTO OBJECT/PARKED VEHICLE,1,611591,Not at intersection,3,60,Arterial Other,BURWOOD,BOROONDARA,-37.82026,145.017,2019,11,November,12,Midday,Weekday
T20190021579,2019-11-01,10:50:00,1,Collision with vehicle,5,Friday,136,RIGHT TURN SIDESWIPE,1,36867,Cross intersection,3,40,Local Road,COLLINS,MELBOURNE,-37.817642,144.9591,2019,11,November,10,Midday,Weekday
T20190024221,2019-11-01,21:35:00,1,Collision with vehicle,5,Friday,113,RIGHT NEAR (INTERSECTIONS ONLY),3,359007,Cross intersection,2,70,Freeway,KOROROIT CREEK,HOBSONS BAY,-37.844734,144.78877,2019,11,November,21,Night,Weekday
T20190021604,2019-11-01,09:00:00,1,Collision with vehicle,5,Friday,131,LEFT REAR,1,656621,Not at intersection,3,70,Arterial Highway,HODDLE,YARRA,-37.800888,144.99281,2019,11,November,9,Morning Peak,Weekday
T20190021636,2019-11-01,19:30:00,6,Vehicle overturned (no collision),5,Friday,180,OFF CARRIAGEWAY ON RIGHT BEND,1,608302,Not at intersection,2,60,Local Road,BEVERLEY,BANYULE,-37.755657,145.07251,2019,11,November,19,Night,Weekday
T20190021770,2019-11-01,16:30:00,1,Collision with vehicle,5,Friday,130,REAR END(VEHICLES IN SAME LANE),1,611877,Not at intersection,3,60,Arterial Other,SUNSHINE,MARIBYRNONG,-37.79931,144.86002,2019,11,November,16,Afternoon Peak,Weekday
T20190021593,2019-11-01,15:20:00,4,Collision with a fixed object,5,Friday,171,LEFT OFF CARRIAGEWAY INTO OBJECT/PARKED VEHICLE,1,656369,Not at intersection,3,100,Arterial Highway,NORTHERN,MITCHELL,-37.069904,144.81926,2019,11,November,15,Afternoon Peak,Weekday
T20190021639,2019-11-01,23:53:00,7,Fall from or in moving vehicle,5,Friday,190,FELL IN/FROM VEHICLE,3,597805,Not at intersection,2,80,Arterial Highway,STUD,KNOX,-37.905792,145.23738,2019,11,November,23,Night,Weekday
T20190021626,2019-11-01,19:36:00,4,Collision with a fixed object,5,Friday,181,OFF RIGHT BEND INTO OBJECT/PARKED VEHICLE,2,656623,T intersection,3,75,Arterial Other,TEMPLESTOWE,MANNINGHAM,-37.755928,145.0918,2019,11,November,19,Night,Weekday
T20190021572,2019-11-01,11:20:00,1,Collision with vehicle,5,Friday,114,TWO RIGHT TURNING (INTERSECTIONS ONLY),1,53954,Cross intersection,3,50,Arterial Highway,HIGH,MURRINDINDI,-37.21141,145.42421,2019,11,November,11,Midday,Weekday
T20190021870,2019-11-01,23:00:00,4,Collision with a fixed object,5,Friday,183,OFF LEFT BEND INTO OBJECT/PARKED VEHICLE,5,656620,Not at intersection,3,80,Local Road,WARRAGUL-LEONGATHA,BAW BAW,-38.276485,145.92215,2019,11,November,23,Night,Weekday
T20190021595,2019-11-01,15:50:00,1,Collision with vehicle,5,Friday,163,VEHICLE STRIKES DOOR OF PARKED/STATIONARY VEHICLE,1,239002,Not at intersection,3,40,Local Road,CHAPEL,STONNINGTON,-37.842472,144.99503,2019,11,November,15,Afternoon Peak,Weekday
T20190021612,2019-11-01,17:48:00,4,Collision with a fixed object,5,Friday,171,LEFT OFF CARRIAGEWAY INTO OBJECT/PARKED VEHICLE,1,597804,Not at intersection,2,60,Arterial Other,KARINGAL,BANYULE,-37.70161,145.12285,2019,11,November,17,Afternoon Peak,Weekday
T20210008003,2019-11-01,06:45:00,1,Collision with vehicle,5,Friday,121,RIGHT THROUGH,2,684695,T intersection,3,60,Arterial Other,SUNSHINE ROAD -WRIGHT,BRIMBANK,-37.7969,144.83897,2019,11,November,6,Morning Peak,Weekday
T20190021570,2019-11-01,10:50:00,4,Collision with a fixed object,5,Friday,181,OFF RIGHT BEND INTO OBJECT/PARKED VEHICLE,1,598495,Not at intersection,2,70,Local Road,MACCLESFIELD,YARRA RANGES,-37.90009,145.46947,2019,11,November,10,Midday,Weekday
T20190021607,2019-11-01,16:45:00,1,Collision with vehicle,5,Friday,120,HEAD ON (NOT OVERTAKING),1,643143,Not at intersection,2,100,Local Road,OLD SYDNEY,MITCHELL,-37.500313,144.9028,2019,11,November,16,Afternoon Peak,Weekday
T20190021568,2019-11-01,08:50:00,2,Struck Pedestrian,5,Friday,102,FAR SIDE. PED HIT BY VEHICLE FROM THE LEFT,1,597940,Unknown,3,40,Arterial Other,BAY,PORT PHILLIP,-37.8409,144.94022,2019,11,November,8,Morning Peak,Weekday
T20190021567,2019-11-01,09:40:00,1,Collision with vehicle,5,Friday,137,LEFT TURN SIDESWIPE,1,39414,Cross intersection,2,60,Arterial Other,BLACKBURN,WHITEHORSE,-37.82308,145.15242,2019,11,November,9,Morning Peak,Weekday
T20190021599,2019-11-01,08:30:00,1,Collision with vehicle,5,Friday,130,REAR END(VEHICLES IN SAME LANE),1,597675,T intersection,3,60,Freeway,MONASH OUT-FORSTER,MONASH,-37.892387,145.13045,2019,11,November,8,Morning Peak,Weekday
T20190021651,2019-11-01,11:00:00,4,Collision with a fixed object,5,Friday,171,LEFT OFF CARRIAGEWAY INTO OBJECT/PARKED VEHICLE,1,622939,Not at intersection,2,80,Local Road,WOOLWASH,GLENELG,-38.18832,141.67981,2019,11,November,11,Midday,Weekday
T20190021566,2019-11-01,09:36:00,1,Collision with vehicle,5,Friday,130,REAR END(VEHICLES IN SAME LANE),1,597674,Not at intersection,3,80,Arterial Other,BOUNDARY,KINGSTON,-37.971478,145.11182,2019,11,November,9,Morning Peak,Weekday
T20190021660,2019-11-01,21:09:00,4,Collision with a fixed object,5,Friday,181,OFF RIGHT BEND INTO OBJECT/PARKED VEHICLE,3,611311,Not at intersection,2,80,Freeway,WESTERN RING OUT-CALDER IN,BRIMBANK,-37.726723,144.86293,2019,11,November,21,Night,Weekday
T20190021633,2019-11-01,16:50:00,1,Collision with vehicle,5,Friday,121,RIGHT THROUGH,1,243638,T intersection,1,60,Local Road,HIGH,MANNINGHAM,-37.763573,145.11931,2019,11,November,16,Afternoon Peak,Weekday
T20190021624,2019-11-01,16:40:00,1,Collision with vehicle,5,Friday,110,CROSS TRAFFIC(INTERSECTIONS ONLY),1,73951,Cross intersection,2,100,Arterial Other,CARLISLE,COLAC OTWAY,-38.416016,143.48752,2019,11,November,16,Afternoon Peak,Weekday
T20190021632,2019-11-01,19:03:00,1,Collision with vehicle,5,Friday,140,U TURN,2,636074,Not at intersection,2,50,Local Road,ASLING,BAYSIDE,-37.895454,145.00351,2019,11,November,19,Night,Weekday
T20190022347,2019-11-01,17:15:00,1,Collision with vehicle,5,Friday,140,U TURN,9,264965,Not at intersection,3,40,Arterial Other,HAMPTON,BAYSIDE,-37.93414,145.00313,2019,11,November,17,Afternoon Peak,Weekday
T20190022656,2019-11-01,04:24:00,4,Collision with a fixed object,5,Friday,173,RIGHT OFF CARRIAGEWAY INTO OBJECT/PARKED VEHICLE,3,656471,Not at intersection,2,60,Arterial Other,COBURNS,MELTON,-37.688545,144.56737,2019,11,November,4,Late Night,Weekday
T20190021560,2019-11-01,07:00:00,1,Collision with vehicle,5,Friday,110,CROSS TRAFFIC(INTERSECTIONS ONLY),2,588448,Cross intersection,3,80,Arterial Other,THOMPSON,KINGSTON,-38.0674,145.14722,2019,11,November,7,Morning Peak,Weekday
T20190023043,2019-11-01,23:30:00,1,Collision with vehicle,5,Friday,147,VEHICLE STRIKES ANOTHER VEH WHILE EMERGING FROM DRIVEWAY,6,656562,Not at intersection,2,50,Local Road,ALBION,MORELAND,-37.761463,144.96849,2019,11,November,23,Night,Weekday
T20190023173,2019-11-01,16:50:00,1,Collision with vehicle,5,Friday,131,LEFT REAR,1,40,Cross intersection,3,80,Arterial Other,PRINCES,CARDINIA,-38.06628,145.46729,2019,11,November,16,Afternoon Peak,Weekday
T20190021557,2019-11-01,07:30:00,1,Collision with vehicle,5,Friday,137,LEFT TURN SIDESWIPE,2,253557,Cross intersection,3,60,Local Road,ROCKBANK MIDDLE,MELTON,-37.74694,144.74895,2019,11,November,7,Morning Peak,Weekday
T20190021718,2019-11-01,21:55:00,1,Collision with vehicle,5,Friday,121,RIGHT THROUGH,3,1173,Cross intersection,3,80,Arterial Other,PRINCES,CARDINIA,-38.07117,145.4752,2019,11,November,21,Night,Weekday
T20190021627,2019-11-01,17:50:00,1,Collision with vehicle,5,Friday,130,REAR END(VEHICLES IN SAME LANE),1,51721,Cross intersection,2,50,Local Road,ALLINGHAM,BENDIGO,-36.792454,144.2502,2019,11,November,17,Afternoon Peak,Weekday
T20190021629,2019-11-01,10:30:00,1,Collision with vehicle,5,Friday,130,REAR END(VEHICLES IN SAME LANE),1,597677,Cross intersection,3,80,Arterial Other,CRANBOURNE-FRANKSTON,FRANKSTON,-38.15224,145.1911,2019,11,November,10,Midday,Weekday
T20190021616,2019-11-01,17:20:00,6,Vehicle overturned (no collision),5,Friday,180,OFF CARRIAGEWAY ON RIGHT BEND,1,656560,Not at intersection,3,100,Arterial Highway,GLENELG,SOUTHERN GRAMPIANS,-37.719788,142.14229,2019,11,November,17,Afternoon Peak,Weekday
T20190021584,2019-11-01,13:14:00,1,Collision with vehicle,5,Friday,130,REAR END(VEHICLES IN SAME LANE),1,656586,Not at intersection,2,100,Freeway,WESTERN RING,MORELAND,-37.694214,144.92668,2019,11,November,13,Midday,Weekday
T20190021589,2019-11-01,13:56:00,2,Struck Pedestrian,5,Friday,100,PED NEAR SIDE. PED HIT BY VEHICLE FROM THE RIGHT.,1,143234,Not at intersection,3,50,Arterial Other,CLARENDON,MELBOURNE,-37.82375,144.9563,2019,11,November,13,Midday,Weekday
T20190021804,2019-11-01,11:30:00,1,Collision with vehicle,5,Friday,132,RIGHT REAR.,9,601346,T intersection,3,60,Arterial Other,PASCOE VALE,MORELAND,-37.71249,144.91719,2019,11,November,11,Midday,Weekday
T20190021871,2019-11-02,15:30:00,4,Collision with a fixed object,6,Saturday,181,OFF RIGHT BEND INTO OBJECT/PARKED VEHICLE,1,341590,T intersection,3,80,Local Road,IRONBARK,NILLUMBIK,-37.66024,145.14487,2019,11,November,15,Afternoon Peak,Weekend
T20190021649,2019-11-02,04:57:00,4,Collision with a fixed object,6,Saturday,173,RIGHT OFF CARRIAGEWAY INTO OBJECT/PARKED VEHICLE,2,656659,Not at intersection,3,80,Arterial Other,LANCASTER,CAMPASPE,-36.313507,145.07414,2019,11,November,4,Late Night,Weekend
T20190021708,2019-11-02,20:20:00,4,Collision with a fixed object,6,Saturday,171,LEFT OFF CARRIAGEWAY INTO OBJECT/PARKED VEHICLE,2,194674,Not at intersection,3,80,Freeway,WESTERN RING,HUME,-37.699566,144.89584,2019,11,November,20,Night,Weekend
T20190021650,2019-11-02,06:10:00,4,Collision with a fixed object,6,Saturday,171,LEFT OFF CARRIAGEWAY INTO OBJECT/PARKED VEHICLE,2,35631,Cross intersection,3,80,Arterial Highway,SOUTH GIPPSLAND,DANDENONG,-38.026653,145.24374,2019,11,November,6,Morning Peak,Weekend
T20190021709,2019-11-02,15:38:00,1,Collision with vehicle,6,Saturday,130,REAR END(VEHICLES IN SAME LANE),1,624485,Not at intersection,3,50,Local Road,SEVENTH,MILDURA,-34.1789,142.15881,2019,11,November,15,Afternoon Peak,Weekend
T20190021713,2019-11-02,21:20:00,1,Collision with vehicle,6,Saturday,121,RIGHT THROUGH,3,351068,Cross intersection,3,60,Freeway,EASTERN,MANNINGHAM,-37.796257,145.11852,2019,11,November,21,Night,Weekend
T20200002745,2019-11-02,18:14:00,1,Collision with vehicle,6,Saturday,121,RIGHT THROUGH,1,583552,T intersection,3,60,Arterial Other,GALLAGHERS,MONASH,-37.875748,145.17896,2019,11,November,18,Afternoon Peak,Weekend
T20200000416,2019-11-02,12:15:00,1,Collision with vehicle,6,Saturday,130,REAR END(VEHICLES IN SAME LANE),1,35379,T intersection,3,60,Arterial Highway,SETTLEMENT,GEELONG,-38.174065,144.35252,2019,11,November,12,Midday,Weekend
T20190021702,2019-11-02,16:30:00,4,Collision with a fixed object,6,Saturday,171,LEFT OFF CARRIAGEWAY INTO OBJECT/PARKED VEHICLE,1,729099,Not at intersection,3,80,Arterial Highway,SPRINGVALE,DANDENONG,-37.937286,145.15488,2019,11,November,16,Afternoon Peak,Weekend
T20190021714,2019-11-02,19:20:00,2,Struck Pedestrian,6,Saturday,101,PED EMERGES FROM IN FRONT OF PARKED OR STATIONARY VEHICLE,1,598773,Not at intersection,2,60,Arterial Other,BALLARAT,MARIBYRNONG,-37.779488,144.85162,2019,11,November,19,Night,Weekend
T20190021666,2019-11-02,10:20:00,1,Collision with vehicle,6,Saturday,121,RIGHT THROUGH,1,29513,T intersection,3,60,Arterial Other,ANDERSON,YARRA RANGES,-37.75887,145.35452,2019,11,November,10,Midday,Weekend
T20190021668,2019-11-02,10:18:00,1,Collision with vehicle,6,Saturday,132,RIGHT REAR.,1,35703,T intersection,3,100,Arterial Highway,SOUTH GIPPSLAND,CARDINIA,-38.215282,145.49768,2019,11,November,10,Midday,Weekend
T20190021671,2019-11-02,11:00:00,4,Collision with a fixed object,6,Saturday,171,LEFT OFF CARRIAGEWAY INTO OBJECT/PARKED VEHICLE,1,637493,Not at intersection,2,100,Freeway,SOUTH GIPPSLAND,CASEY,-38.029507,145.24698,2019,11,November,11,Midday,Weekend
T20190021683,2019-11-02,09:47:00,2,Struck Pedestrian,6,Saturday,102,FAR SIDE. PED HIT BY VEHICLE FROM THE LEFT,1,925,T intersection,3,60,Arterial Highway,BELL,MORELAND,-37.742485,144.97807,2019,11,November,9,Morning Peak,Weekend
T20190021724,2019-11-02,05:44:00,4,Collision with a fixed object,6,Saturday,173,RIGHT OFF CARRIAGEWAY INTO OBJECT/PARKED VEHICLE,2,756298,Not at intersection,3,80,Arterial Other,PRINCES,CASEY,-38.030388,145.3364,2019,11,November,5,Morning Peak,Weekend
T20190021682,2019-11-02,10:00:00,1,Collision with vehicle,6,Saturday,116,LEFT NEAR (INTERSECTIONS ONLY),1,35702,T intersection,3,60,Arterial Other,EPSOM,MOONEE VALLEY,-37.77908,144.9133,2019,11,November,10,Midday,Weekend
T20190021675,2019-11-02,11:47:00,1,Collision with vehicle,6,Saturday,130,REAR END(VEHICLES IN SAME LANE),1,612736,Not at intersection,2,50,Arterial Highway,MURRAY,COLAC OTWAY,-38.338768,143.57896,2019,11,November,11,Midday,Weekend
T20190021680,2019-11-02,12:20:00,4,Collision with a fixed object,6,Saturday,181,OFF RIGHT BEND INTO OBJECT/PARKED VEHICLE,1,601211,Not at intersection,3,80,Arterial Other,MONBULK-SEVILLE,YARRA RANGES,-37.85501,145.42964,2019,11,November,12,Midday,Weekend
T20190021727,2019-11-02,23:18:00,1,Collision with vehicle,6,Saturday,147,VEHICLE STRIKES ANOTHER VEH WHILE EMERGING FROM DRIVEWAY,3,756297,Not at intersection,3,50,Local Road,WOOD,MORNINGTON PENINSULA,-38.23201,145.04407,2019,11,November,23,Night,Weekend
T20190021734,2019-11-02,09:10:00,1,Collision with vehicle,6,Saturday,130,REAR END(VEHICLES IN SAME LANE),1,601086,Multiple intersection,3,60,Arterial Other,WANTIRNA,KNOX,-37.84742,145.22714,2019,11,November,9,Morning Peak,Weekend
T20190021732,2019-11-02,16:00:00,4,Collision with a fixed object,6,Saturday,171,LEFT OFF CARRIAGEWAY INTO OBJECT/PARKED VEHICLE,1,599055,Cross intersection,3,80,Local Road,HARKAWAY,CASEY,-37.994297,145.35016,2019,11,November,16,Afternoon Peak,Weekend
T20190023083,2019-11-02,13:50:00,1,Collision with vehicle,6,Saturday,130,REAR END(VEHICLES IN SAME LANE),9,607538,Not at intersection,3,60,Arterial Other,BUCKLEY,MARIBYRNONG,-37.803024,144.89128,2019,11,November,13,Midday,Weekend
T20190021730,2019-11-02,09:24:00,1,Collision with vehicle,6,Saturday,120,HEAD ON (NOT OVERTAKING),1,598222,Not at intersection,3,50,Local Road,MELVILLE PARK,CASEY,-38.041092,145.34738,2019,11,November,9,Morning Peak,Weekend
T20190021690,2019-11-02,12:20:00,4,Collision with a fixed object,6,Saturday,183,OFF LEFT BEND INTO OBJECT/PARKED VEHICLE,1,598221,Not at intersection,3,100,Freeway,AVIATION-PRINCES IN,HOBSONS BAY,-37.868443,144.76353,2019,11,November,12,Midday,Weekend
T20190021696,2019-11-02,16:45:00,4,Collision with a fixed object,6,Saturday,183,OFF LEFT BEND INTO OBJECT/PARKED VEHICLE,1,615583,Not at intersection,2,100,Freeway,MONASH OUT-STUD,DANDENONG,-37.95804,145.22421,2019,11,November,16,Afternoon Peak,Weekend
T20190021699,2019-11-02,16:10:00,6,Vehicle overturned (no collision),6,Saturday,170,OFF CARRIAGEWAY TO LEFT,1,597942,Not at intersection,3,100,Arterial Highway,DANDENONG-HASTINGS,FRANKSTON,-38.105236,145.23383,2019,11,November,16,Afternoon Peak,Weekend
T20190021701,2019-11-02,17:00:00,4,Collision with a fixed object,6,Saturday,173,RIGHT OFF CARRIAGEWAY INTO OBJECT/PARKED VEHICLE,1,599180,Not at intersection,2,100,Local Road,CANTWELL,CAMPASPE,-36.11443,144.64421,2019,11,November,17,Afternoon Peak,Weekend