ACCIDENT_NO,ACCIDENT_DATE,ACCIDENT_TIME,ACCIDENT_TYPE,ACCIDENT_TYPE_DESC,DAY_OF_WEEK,DAY_WEEK_DESC,DCA_CODE,DCA_DESC,LIGHT_CONDITION,NODE_ID,ROAD_GEOMETRY_DESC,SEVERITY,SPEED_ZONE,RMA,ROAD_NAME,LGA_NAME,LATITUDE,LONGITUDE,YEAR,MONTH,MONTH_NAME,HOUR,TIME_PERIOD,DAY_TYPE
T20190021703,2019-11-02,15:30:00,1,Collision with vehicle,6,Saturday,130,REAR END(VEHICLES IN SAME LANE),1,340457,Cross intersection,3,70,Arterial Other,KINGS,BRIMBANK,-37.71085,144.77798,2019,11,November,15,Afternoon Peak,Weekend
T20190021705,2019-11-02,19:29:00,4,Collision with a fixed object,6,Saturday,173,RIGHT OFF CARRIAGEWAY INTO OBJECT/PARKED VEHICLE,2,597808,Not at intersection,3,80,Arterial Other,DIAMOND CREEK,NILLUMBIK,-37.68834,145.11412,2019,11,November,19,Night,Weekend
T20190022330,2019-11-02,16:18:00,1,Collision with vehicle,6,Saturday,130,REAR END(VEHICLES IN SAME LANE),1,606529,Not at intersection,2,50,Arterial Highway,WARBURTON,YARRA RANGES,-37.754883,145.68355,2019,11,November,16,Afternoon Peak,Weekend
T20190021758,2019-11-02,16:30:00,4,Collision with a fixed object,6,Saturday,181,OFF RIGHT BEND INTO OBJECT/PARKED VEHICLE,1,656751,Not at intersection,3,100,Freeway,2640B 2550F,MITCHELL,-36.982216,145.14107,2019,11,November,16,Afternoon Peak,Weekend
T20190022152,2019-11-02,08:49:00,6,Vehicle overturned (no collision),6,Saturday,179,OTHER ACCIDENTS-OFF STRAIGHT NOT INCLUDED IN DCAs 170-175,1,45457,Cross intersection,3,50,Local Road,MCPHERSON,MOONEE VALLEY,-37.76287,144.92798,2019,11,November,8,Morning Peak,Weekend
T20190021706,2019-11-02,18:30:00,6,Vehicle overturned (no collision),6,Saturday,182,OFF CARRIAGEWAY ON LEFT BEND,1,597943,T intersection,3,50,Local Road,MURRAYFIELD,CASEY,-38.117016,145.29509,2019,11,November,18,Afternoon Peak,Weekend
T20190021688,2019-11-02,14:50:00,1,Collision with vehicle,6,Saturday,113,RIGHT NEAR (INTERSECTIONS ONLY),1,40496,T intersection,2,40,Arterial Other,RIVERSDALE,BOROONDARA,-37.833626,145.07625,2019,11,November,14,Midday,Weekend
T20190021707,2019-11-02,19:30:00,1,Collision with vehicle,6,Saturday,113,RIGHT NEAR (INTERSECTIONS ONLY),1,37257,T intersection,2,50,Local Road,BICENTENNIAL,HUME,-37.64441,144.92618,2019,11,November,19,Night,Weekend
T20190021752,2019-11-02,21:25:00,1,Collision with vehicle,6,Saturday,121,RIGHT THROUGH,3,331873,Cross intersection,2,60,Arterial Other,KINGS ROAD -TAYLORS,BRIMBANK,-37.727715,144.78236,2019,11,November,21,Night,Weekend
T20190021750,2019-11-02,14:00:00,1,Collision with vehicle,6,Saturday,130,REAR END(VEHICLES IN SAME LANE),1,606524,T intersection,3,60,Arterial Highway,ROSANNA,BANYULE,-37.742794,145.07254,2019,11,November,14,Midday,Weekend
T20190021748,2019-11-02,22:00:00,4,Collision with a fixed object,6,Saturday,183,OFF LEFT BEND INTO OBJECT/PARKED VEHICLE,5,624808,Y intersection,3,100,Local Road,SHEFFIELD,BAW BAW,-37.96301,145.97499,2019,11,November,22,Night,Weekend
T20190021685,2019-11-02,13:20:00,7,Fall from or in moving vehicle,6,Saturday,190,FELL IN/FROM VEHICLE,1,611593,Not at intersection,2,60,Arterial Highway,GREAT OCEAN,MOYNE,-38.554073,142.82036,2019,11,November,13,Midday,Weekend
T20190021802,2019-11-02,13:30:00,1,Collision with vehicle,6,Saturday,130,REAR END(VEHICLES IN SAME LANE),1,620534,Not at intersection,3,60,Arterial Highway,NORTHERN,CAMPASPE,-36.14126,144.72974,2019,11,November,13,Midday,Weekend
T20190021800,2019-11-02,19:30:00,8,No collision and no object struck,6,Saturday,174,OUT OF CONTROL ON CARRIAGEWAY (ON STRAIGHT),6,667221,Not at intersection,3,50,Local Road,TARAKAN,WODONGA,-36.13638,146.89142,2019,11,November,19,Night,Weekend
T20190022097,2019-11-03,11:30:00,7,Fall from or in moving vehicle,7,Sunday,179,OTHER ACCIDENTS-OFF STRAIGHT NOT INCLUDED IN DCAs 170-175,1,599357,Not at intersection,3,60,Local Road,OLD BEENAK,YARRA RANGES,-37.882732,145.58199,2019,11,November,11,Midday,Weekend
T20190021824,2019-11-03,20:45:00,4,Collision with a fixed object,7,Sunday,181,OFF RIGHT BEND INTO OBJECT/PARKED VEHICLE,5,277351,Not at intersection,2,100,Freeway,BEACONSFIELD-NAR NAR GOON-PRINCES IN,CASEY,-38.062237,145.36687,2019,11,November,20,Night,Weekend
T20190021720,2019-11-03,00:41:00,1,Collision with vehicle,7,Sunday,130,REAR END(VEHICLES IN SAME LANE),3,622940,Not at intersection,3,30,Local Road,RUSSELL,MELBOURNE,-37.81623,144.96967,2019,11,November,0,Late Night,Weekend
T20190023209,2019-11-03,12:30:00,1,Collision with vehicle,7,Sunday,136,RIGHT TURN SIDESWIPE,1,39564,T intersection,3,50,Arterial Other,MITCHAM,WHITEHORSE,-37.820873,145.19405,2019,11,November,12,Midday,Weekend
T20190025105,2019-11-03,17:30:00,5,collision with some other object,7,Sunday,166,STRUCK OBJECT ON CARRIAGEWAY,1,611466,Not at intersection,3,100,Local Road,SCOTSMAN,BENDIGO,-36.636524,144.26373,2019,11,November,17,Afternoon Peak,Weekend
T20190022197,2019-11-03,17:20:00,1,Collision with vehicle,7,Sunday,131,LEFT REAR,9,35642,Cross intersection,3,60,Arterial Highway,NEPEAN,MORNINGTON PENINSULA,-38.2204,145.05681,2019,11,November,17,Afternoon Peak,Weekend
T20190022210,2019-11-03,20:00:00,6,Vehicle overturned (no collision),7,Sunday,179,OTHER ACCIDENTS-OFF STRAIGHT NOT INCLUDED IN DCAs 170-175,3,273181,Not at intersection,3,40,Arterial Other,KEILOR,MOONEE VALLEY,-37.737495,144.89276,2019,11,November,20,Night,Weekend
T20190024293,2019-11-03,11:30:00,8,No collision and no object struck,7,Sunday,184,OUT OF CONTROL ON CARRIAGEWAY (ON BEND),1,660776,Not at intersection,3,60,Local Road,DEMON RIDGE,ALPINE,-36.802925,146.94012,2019,11,November,11,Midday,Weekend
T20190021780,2019-11-03,21:20:00,4,Collision with a fixed object,7,Sunday,183,OFF LEFT BEND INTO OBJECT/PARKED VEHICLE,3,651002,Not at intersection,3,50,Local Road,ORMISTON,CASEY,-38.06404,145.28906,2019,11,November,21,Night,Weekend
T20190021776,2019-11-03,18:40:00,4,Collision with a fixed object,7,Sunday,171,LEFT OFF CARRIAGEWAY INTO OBJECT/PARKED VEHICLE,1,657207,Not at intersection,2,60,Local Road,SEASONS,WYNDHAM,-37.84856,144.69244,2019,11,November,18,Afternoon Peak,Weekend
T20190021773,2019-11-03,18:53:00,1,Collision with vehicle,7,Sunday,132,RIGHT REAR.,2,598225,Not at intersection,3,60,Local Road,TARWIN,BAW BAW,-38.15412,145.91925,2019,11,November,18,Afternoon Peak,Weekend
T20190021772,2019-11-03,16:58:00,1,Collision with vehicle,7,Sunday,110,CROSS TRAFFIC(INTERSECTIONS ONLY),1,44762,Cross intersection,2,50,Local Road,BLAIR,HUME,-37.684208,144.92754,2019,11,November,16,Afternoon Peak,Weekend
T20190021781,2019-11-03,17:30:00,1,Collision with vehicle,7,Sunday,121,RIGHT THROUGH,3,260358,Not at intersection,3,70,Local Road,ROSAMOND,MARIBYRNONG,-37.7728,144.88615,2019,11,November,17,Afternoon Peak,Weekend
T20190021768,2019-11-03,18:44:00,1,Collision with vehicle,7,Sunday,113,RIGHT NEAR (INTERSECTIONS ONLY),1,42779,T intersection,2,60,Arterial Other,BEACH,KINGSTON,-37.99423,145.06908,2019,11,November,18,Afternoon Peak,Weekend
T20190022268,2019-11-03,19:00:00,6,Vehicle overturned (no collision),7,Sunday,174,OUT OF CONTROL ON CARRIAGEWAY (ON STRAIGHT),2,657941,Cross intersection,3,60,Arterial Other,THOMPSONS,CASEY,-38.084476,145.29536,2019,11,November,19,Night,Weekend
T20190021782,2019-11-03,18:45:00,6,Vehicle overturned (no collision),7,Sunday,179,OTHER ACCIDENTS-OFF STRAIGHT NOT INCLUDED IN DCAs 170-175,1,598226,Not at intersection,3,60,Arterial Other,HIGH,WHITTLESEA,-37.648624,145.02577,2019,11,November,18,Afternoon Peak,Weekend
T20190021788,2019-11-03,21:25:00,1,Collision with vehicle,7,Sunday,121,RIGHT THROUGH,3,57391,Cross intersection,2,60,Arterial Other,SYDNEY,MORELAND,-37.73399,144.96535,2019,11,November,21,Night,Weekend
T20190021765,2019-11-03,15:25:00,8,No collision and no object struck,7,Sunday,174,OUT OF CONTROL ON CARRIAGEWAY (ON STRAIGHT),1,660819,Not at intersection,3,50,Local Road,ABECKETT,MELBOURNE,-37.810303,144.95723,2019,11,November,15,Afternoon Peak,Weekend
T20190021737,2019-11-03,08:35:00,1,Collision with vehicle,7,Sunday,121,RIGHT THROUGH,1,354964,Cross intersection,2,80,Arterial Highway,FERNTREE GULLY,KNOX,-37.899258,145.23302,2019,11,November,8,Morning Peak,Weekend
T20190021763,2019-11-03,14:45:00,6,Vehicle overturned (no collision),7,Sunday,184,OUT OF CONTROL ON CARRIAGEWAY (ON BEND),1,598224,Not at intersection,3,80,Arterial Other,WESTERNPORT,BAW BAW,-38.213837,145.75383,2019,11,November,14,Midday,Weekend
T20190021741,2019-11-03,09:35:00,4,Collision with a fixed object,7,Sunday,171,LEFT OFF CARRIAGEWAY INTO OBJECT/PARKED VEHICLE,1,626766,Not at intersection,3,60,Local Road,PLEASANT,BALLARAT,-37.57503,143.83621,2019,11,November,9,Morning Peak,Weekend
T20190021830,2019-11-03,09:00:00,1,Collision with vehicle,7,Sunday,110,CROSS TRAFFIC(INTERSECTIONS ONLY),1,43450,Cross intersection,3,60,Local Road,OVERPORT,FRANKSTON,-38.17396,145.12064,2019,11,November,9,Morning Peak,Weekend
T20190021761,2019-11-03,10:45:00,8,No collision and no object struck,7,Sunday,174,OUT OF CONTROL ON CARRIAGEWAY (ON STRAIGHT),1,666724,Not at intersection,3,100,Local Road,WHITELAW,BAW BAW,-37.762444,145.95374,2019,11,November,10,Midday,Weekend
T20190021985,2019-11-03,11:54:00,1,Collision with vehicle,7,Sunday,142,LEAVING PARKING,9,599345,Not at intersection,3,50,Local Road,HEMMINGS,DANDENONG,-37.982815,145.2028,2019,11,November,11,Midday,Weekend
T20190021728,2019-11-03,02:00:00,4,Collision with a fixed object,7,Sunday,173,RIGHT OFF CARRIAGEWAY INTO OBJECT/PARKED VEHICLE,5,660604,Not at intersection,2,100,Local Road,LANDSBOROUGH,NORTHERN GRAMPIANS,-37.05275,142.9334,2019,11,November,2,Late Night,Weekend
T20200002519,2019-11-03,10:35:00,4,Collision with a fixed object,7,Sunday,181,OFF RIGHT BEND INTO OBJECT/PARKED VEHICLE,1,635701,Not at intersection,3,60,Local Road,BRITTAIN,BALLARAT,-37.586327,143.86157,2019,11,November,10,Midday,Weekend
T20200000039,2019-11-03,23:15:00,1,Collision with vehicle,7,Sunday,132,RIGHT REAR.,3,38888,T intersection,3,60,Arterial Other,BARKERS,BOROONDARA,-37.813534,145.02687,2019,11,November,23,Night,Weekend
T20190021757,2019-11-03,13:50:00,1,Collision with vehicle,7,Sunday,130,REAR END(VEHICLES IN SAME LANE),1,606191,Not at intersection,3,80,Arterial Highway,BURWOOD,KNOX,-37.87484,145.25359,2019,11,November,13,Midday,Weekend
T20190025263,2019-11-03,11:30:00,5,collision with some other object,7,Sunday,166,STRUCK OBJECT ON CARRIAGEWAY,1,609615,Not at intersection,3,100,Local Road,BOYLES,MACEDON RANGES,-37.218956,144.63301,2019,11,November,11,Midday,Weekend
T20190021751,2019-11-03,12:01:00,2,Struck Pedestrian,7,Sunday,100,PED NEAR SIDE. PED HIT BY VEHICLE FROM THE RIGHT.,1,49913,Cross intersection,2,40,Local Road,BROUGHAM,GEELONG,-38.145226,144.3617,2019,11,November,12,Midday,Weekend
T20190021740,2019-11-03,08:41:00,1,Collision with vehicle,7,Sunday,121,RIGHT THROUGH,1,39235,T intersection,3,60,Arterial Other,CANTERBURY,WHITEHORSE,-37.82625,145.09993,2019,11,November,8,Morning Peak,Weekend
T20190022086,2019-11-03,11:30:00,5,collision with some other object,7,Sunday,171,LEFT OFF CARRIAGEWAY INTO OBJECT/PARKED VEHICLE,1,657799,Not at intersection,3,60,Local Road,GRANITE,BENALLA,-36.558945,146.15111,2019,11,November,11,Midday,Weekend
T20190022569,2019-11-03,09:30:00,4,Collision with a fixed object,7,Sunday,171,LEFT OFF CARRIAGEWAY INTO OBJECT/PARKED VEHICLE,1,612171,Not at intersection,3,60,Local Road,LV1,BAW BAW,-37.845596,146.02013,2019,11,November,9,Morning Peak,Weekend
T20190024596,2019-11-03,07:00:00,4,Collision with a fixed object,7,Sunday,181,OFF RIGHT BEND INTO OBJECT/PARKED VEHICLE,2,657798,Multiple intersection,3,80,Local Road,COWWARR-WALHALLA,LATROBE,-38.008095,146.64354,2019,11,November,7,Morning Peak,Weekend
T20190021747,2019-11-03,10:42:00,6,Vehicle overturned (no collision),7,Sunday,182,OFF CARRIAGEWAY ON LEFT BEND,1,599189,Not at intersection,2,100,Freeway,HUME,MITCHELL,-36.98185,145.14174,2019,11,November,10,Midday,Weekend
T20190021743,2019-11-03,11:30:00,5,collision with some other object,7,Sunday,166,STRUCK OBJECT ON CARRIAGEWAY,1,598223,Not at intersection,3,100,Local Road,COALVILLE,LATROBE,-38.205982,146.26555,2019,11,November,11,Midday,Weekend
T20190022334,2019-11-04,12:45:00,1,Collision with vehicle,1,Monday,130,REAR END(VEHICLES IN SAME LANE),1,602158,Not at intersection,3,60,Arterial Highway,SPRINGVALE,DANDENONG,-37.971123,145.14847,2019,11,November,12,Midday,Weekday
T20190021869,2019-11-04,00:35:00,4,Collision with a fixed object,1,Monday,173,RIGHT OFF CARRIAGEWAY INTO OBJECT/PARKED VEHICLE,5,652990,Not at intersection,3,100,Freeway,HUME,HUME,-37.54084,144.94531,2019,11,November,0,Late Night,Weekday
T20190021807,2019-11-04,06:55:00,1,Collision with vehicle,1,Monday,113,RIGHT NEAR (INTERSECTIONS ONLY),1,37431,Cross intersection,2,100,Freeway,STATE (BELL/SPRINGVALE),MANNINGHAM,-37.803463,145.17802,2019,11,November,6,Morning Peak,Weekday
T20190023008,2019-11-04,14:09:00,1,Collision with vehicle,1,Monday,113,RIGHT NEAR (INTERSECTIONS ONLY),1,264300,T intersection,3,80,Arterial Highway,NEPEAN,KINGSTON,-37.977184,145.06705,2019,11,November,14,Midday,Weekday
T20190021867,2019-11-04,22:56:00,4,Collision with a fixed object,1,Monday,183,OFF LEFT BEND INTO OBJECT/PARKED VEHICLE,3,626863,Not at intersection,2,60,Arterial Other,MONBULK,YARRA RANGES,-37.906727,145.35545,2019,11,November,22,Night,Weekday
T20190021861,2019-11-04,19:52:00,6,Vehicle overturned (no collision),1,Monday,184,OUT OF CONTROL ON CARRIAGEWAY (ON BEND),2,625134,Not at intersection,2,100,Arterial Other,WANDONG,MITCHELL,-37.328003,144.98112,2019,11,November,19,Night,Weekday
T20190021806,2019-11-04,10:00:00,1,Collision with vehicle,1,Monday,160,VEHICLE COLLIDES WITH VEHICLE PARKED ON LEFT OF ROAD,1,599194,Not at intersection,2,50,Local Road,ISAAC,DANDENONG,-37.98414,145.18047,2019,11,November,10,Midday,Weekday
T20190021860,2019-11-04,15:30:00,4,Collision with a fixed object,1,Monday,175,OFF END OF ROAD/T-INTERSECTION.,1,658135,T intersection,3,60,Local Road,RYANS,BANYULE,-37.70104,145.1404,2019,11,November,15,Afternoon Peak,Weekday
T20190021859,2019-11-04,15:06:00,1,Collision with vehicle,1,Monday,132,RIGHT REAR.,1,599743,Not at intersection,3,60,Arterial Highway,PRINCES,EAST GIPPSLAND,-37.81679,147.73795,2019,11,November,15,Afternoon Peak,Weekday
T20190023110,2019-11-04,18:30:00,6,Vehicle overturned (no collision),1,Monday,184,OUT OF CONTROL ON CARRIAGEWAY (ON BEND),1,604220,T intersection,3,80,Local Road,WILD PADDOCK,SHEPPARTON,-36.6162,145.13188,2019,11,November,18,Afternoon Peak,Weekday
T20190021858,2019-11-04,17:27:00,4,Collision with a fixed object,1,Monday,173,RIGHT OFF CARRIAGEWAY INTO OBJECT/PARKED VEHICLE,1,101383,Not at intersection,2,60,Arterial Other,CENTRE DANDENONG,KINGSTON,-37.969402,145.08827,2019,11,November,17,Afternoon Peak,Weekday
T20190021855,2019-11-04,18:42:00,1,Collision with vehicle,1,Monday,130,REAR END(VEHICLES IN SAME LANE),1,628950,Not at intersection,3,60,Local Road,MAIN,WHITTLESEA,-37.678925,145.0009,2019,11,November,18,Afternoon Peak,Weekday
T20190021854,2019-11-04,20:40:00,4,Collision with a fixed object,1,Monday,173,RIGHT OFF CARRIAGEWAY INTO OBJECT/PARKED VEHICLE,3,358422,Cross intersection,3,60,Arterial Highway,ALBERT,DAREBIN,-37.73229,145.02509,2019,11,November,20,Night,Weekday
T20190021850,2019-11-04,16:57:00,1,Collision with vehicle,1,Monday,120,HEAD ON (NOT OVERTAKING),1,599058,Not at intersection,3,80,Arterial Highway,BASS,BASS COAST,-38.53217,145.45135,2019,11,November,16,Afternoon Peak,Weekday
T20190021849,2019-11-04,17:15:00,1,Collision with vehicle,1,Monday,120,HEAD ON (NOT OVERTAKING),1,651721,Not at intersection,3,70,Arterial Other,GREAVES,CASEY,-38.056107,145.3087,2019,11,November,17,Afternoon Peak,Weekday
T20190021847,2019-11-04,18:00:00,4,Collision with a fixed object,1,Monday,181,OFF RIGHT BEND INTO OBJECT/PARKED VEHICLE,1,277351,T intersection,3,80,Freeway,BEACONSFIELD-NAR NAR GOON-PRINCES IN,CASEY,-38.062237,145.36687,2019,11,November,18,Afternoon Peak,Weekday
T20190021845,2019-11-04,17:15:00,1,Collision with vehicle,1,Monday,110,CROSS TRAFFIC(INTERSECTIONS ONLY),1,51873,Cross intersection,2,100,Arterial Other,PRAIRIE-ROCHESTER,LODDON,-36.29905,144.23228,2019,11,November,17,Afternoon Peak,Weekday
T20190021841,2019-11-04,14:00:00,6,Vehicle overturned (no collision),1,Monday,180,OFF CARRIAGEWAY ON RIGHT BEND,1,600490,T intersection,3,100,Local Road,UP RIVER,INDIGO,-35.99059,146.41943,2019,11,November,14,Midday,Weekday
T20190021840,2019-11-04,17:10:00,1,Collision with vehicle,1,Monday,121,RIGHT THROUGH,1,43279,T intersection,3,70,Arterial Other,POUND,CASEY,-38.027782,145.26492,2019,11,November,17,Afternoon Peak,Weekday
T20190021837,2019-11-04,15:30:00,1,Collision with vehicle,1,Monday,136,RIGHT TURN SIDESWIPE,1,598501,Not at intersection,3,50,Local Road,ALBERT,BENDIGO,-36.744007,144.24527,2019,11,November,15,Afternoon Peak,Weekday
T20190021834,2019-11-04,16:50:00,1,Collision with vehicle,1,Monday,132,RIGHT REAR.,1,657977,T intersection,3,60,Arterial Highway,TROOD,WELLINGTON,-38.090885,147.06943,2019,11,November,16,Afternoon Peak,Weekday
T20190022129,2019-11-04,09:28:00,1,Collision with vehicle,1,Monday,145,REVERSING IN STREAM OF TRAFFIC,1,603355,Cross intersection,3,60,Arterial Other,CENTRAL,HOBSONS BAY,-37.871517,144.77708,2019,11,November,9,Morning Peak,Weekday
T20190021913,2019-11-04,14:30:00,1,Collision with vehicle,1,Monday,130,REAR END(VEHICLES IN SAME LANE),1,599062,Not at intersection,3,60,Arterial Other,BARRY,HUME,-37.666855,144.95073,2019,11,November,14,Midday,Weekday
T20190021793,2019-11-04,08:00:00,1,Collision with vehicle,1,Monday,110,CROSS TRAFFIC(INTERSECTIONS ONLY),1,43092,Cross intersection,2,60,Local Road,MCCRAE,DANDENONG,-37.991833,145.22105,2019,11,November,8,Morning Peak,Weekday
T20190021829,2019-11-04,13:45:00,1,Collision with vehicle,1,Monday,130,REAR END(VEHICLES IN SAME LANE),1,607532,Not at intersection,3,100,Arterial Highway,MURRAY VALLEY,MOIRA,-35.925484,145.57231,2019,11,November,13,Midday,Weekday
T20190021798,2019-11-04,07:50:00,4,Collision with a fixed object,1,Monday,181,OFF RIGHT BEND INTO OBJECT/PARKED VEHICLE,1,599340,Not at intersection,2,100,Arterial Highway,MELBA,YARRA RANGES,-37.672977,145.38168,2019,11,November,7,Morning Peak,Weekday
T20190022907,2019-11-04,17:10:00,1,Collision with vehicle,1,Monday,121,RIGHT THROUGH,1,602174,T intersection,3,100,Arterial Other,NEW DOOKIE,SHEPPARTON,-36.364285,145.595,2019,11,November,17,Afternoon Peak,Weekday
T20190022260,2019-11-04,15:00:00,1,Collision with vehicle,1,Monday,132,RIGHT REAR.,1,609737,Not at intersection,3,60,Arterial Other,SCORESBY,KNOX,-37.8413,145.2707,2019,11,November,15,Afternoon Peak,Weekday
T20190021888,2019-11-04,17:00:00,1,Collision with vehicle,1,Monday,136,RIGHT TURN SIDESWIPE,9,193170,T intersection,3,60,Arterial Other,JOHNSTON,YARRA,-37.799545,144.98997,2019,11,November,17,Afternoon Peak,Weekday
T20190021885,2019-11-04,17:03:00,1,Collision with vehicle,1,Monday,130,REAR END(VEHICLES IN SAME LANE),1,626384,Not at intersection,2,60,Arterial Highway,YORK,WELLINGTON,-38.096325,147.0683,2019,11,November,17,Afternoon Peak,Weekday
T20200004963,2019-11-04,10:35:00,1,Collision with vehicle,1,Monday,136,RIGHT TURN SIDESWIPE,9,57542,Multiple intersection,3,80,Arterial Highway,NEPEAN,GLEN EIRA,-37.88616,144.9992,2019,11,November,10,Midday,Weekday
T20190021823,2019-11-04,13:42:00,1,Collision with vehicle,1,Monday,140,U TURN,1,599057,T intersection,2,60,Local Road,MALANE,GLEN EIRA,-37.903526,145.03668,2019,11,November,13,Midday,Weekday
T20190021820,2019-11-04,12:50:00,1,Collision with vehicle,1,Monday,139,OTHER SAME DIRECTION-MANOUEVRES NOT INCLUDED IN DCAs 130-137,1,611033,Not at intersection,2,100,Freeway,PRINCES,BAW BAW,-38.082733,145.75252,2019,11,November,12,Midday,Weekday
T20190021815,2019-11-04,11:34:00,2,Struck Pedestrian,1,Monday,102,FAR SIDE. PED HIT BY VEHICLE FROM THE LEFT,1,599341,Not at intersection,2,50,Local Road,MOSAIC,WHITTLESEA,-37.6653,144.99413,2019,11,November,11,Midday,Weekday
T20190021805,2019-11-04,03:15:00,4,Collision with a fixed object,1,Monday,171,LEFT OFF CARRIAGEWAY INTO OBJECT/PARKED VEHICLE,5,598080,Not at intersection,1,100,Freeway,PRINCES,WYNDHAM,-37.907867,144.6933,2019,11,November,3,Late Night,Weekday
T20190021814,2019-11-04,13:45:00,1,Collision with vehicle,1,Monday,137,LEFT TURN SIDESWIPE,1,598500,Not at intersection,3,60,Arterial Highway,ALBERT,DAREBIN,-37.731007,145.0252,2019,11,November,13,Midday,Weekday
T20190021792,2019-11-04,07:30:00,1,Collision with vehicle,1,Monday,160,VEHICLE COLLIDES WITH VEHICLE PARKED ON LEFT OF ROAD,2,598227,Not at intersection,3,80,Freeway,CALDER,BRIMBANK,-37.707153,144.81894,2019,11,November,7,Morning Peak,Weekday
T20190021812,2019-11-04,12:30:00,1,Collision with vehicle,1,Monday,113,RIGHT NEAR (INTERSECTIONS ONLY),1,351913,T intersection,3,70,Arterial Highway,BEISCHER,BENDIGO,-36.758976,144.30832,2019,11,November,12,Midday,Weekday
T20190021790,2019-11-04,07:03:00,2,Struck Pedestrian,1,Monday,103,PED PLAYING/LYING/WORKING/STANDING ON CARRIAGEWAY.,2,598499,Not at intersection,3,50,Local Road,EDINBURGH,WHITEHORSE,-37.837326,145.14381,2019,11,November,7,Morning Peak,Weekday
T20190025431,2019-11-04,12:20:00,1,Collision with vehicle,1,Monday,132,RIGHT REAR.,1,47864,T intersection,3,60,Arterial Highway,BEACH,FRANKSTON,-38.143948,145.13612,2019,11,November,12,Midday,Weekday
T20190021903,2019-11-05,14:48:00,1,Collision with vehicle,2,Tuesday,133,LANE SIDE SWIPE (VEHICLES IN PARALLEL LANES),1,36037,Cross intersection,2,40,Local Road,GLENLYON,MORELAND,-37.772663,144.9715,2019,11,November,14,Midday,Weekday
T20190021901,2019-11-05,12:30:00,6,Vehicle overturned (no collision),2,Tuesday,174,OUT OF CONTROL ON CARRIAGEWAY (ON STRAIGHT),1,608303,Not at intersection,2,100,Arterial Highway,GLENELG,ARARAT,-37.68365,143.02098,2019,11,November,12,Midday,Weekday
T20190021877,2019-11-05,07:54:00,1,Collision with vehicle,2,Tuesday,121,RIGHT THROUGH,1,35463,Cross intersection,3,60,Arterial Other,CANTERBURY,BOROONDARA,-37.825947,145.09723,2019,11,November,7,Morning Peak,Weekday
T20190022597,2019-11-05,12:49:00,1,Collision with vehicle,2,Tuesday,121,RIGHT THROUGH,1,260358,Not at intersection,2,60,Local Road,ROSAMOND,MARIBYRNONG,-37.7728,144.88615,2019,11,November,12,Midday,Weekday
T20190021899,2019-11-05,14:45:00,1,Collision with vehicle,2,Tuesday,110,CROSS TRAFFIC(INTERSECTIONS ONLY),1,52771,Cross intersection,3,60,Local Road,HAVELOCK,BALLARAT,-37.5403,143.86711,2019,11,November,14,Midday,Weekday
T20190021894,2019-11-05,12:55:00,1,Collision with vehicle,2,Tuesday,110,CROSS TRAFFIC(INTERSECTIONS ONLY),1,50166,Cross intersection,2,80,Arterial Other,PORTARLINGTON,GEELONG,-38.180782,144.51297,2019,11,November,12,Midday,Weekday
T20190021907,2019-11-05,15:07:00,1,Collision with vehicle,2,Tuesday,120,HEAD ON (NOT OVERTAKING),1,618481,Not at intersection,2,100,Arterial Other,HEALESVILLE-KOO WEE RUP,YARRA RANGES,-37.80091,145.52583,2019,11,November,15,Afternoon Peak,Weekday
T20190021887,2019-11-05,11:45:00,8,No collision and no object struck,2,Tuesday,189,OTHER ACCIDENTS ON CURVE NOT INCLUDED IN DCAs 180-184,1,44266,T intersection,3,70,Arterial Other,BELGRAVE-GEMBROOK,CARDINIA,-37.923203,145.4732,2019,11,November,11,Midday,Weekday
T20190021875,2019-11-05,07:05:00,1,Collision with vehicle,2,Tuesday,169,OTHER ON PATH,2,659104,Not at intersection,3,50,Local Road,RUPERT,MARIBYRNONG,-37.798187,144.86694,2019,11,November,7,Morning Peak,Weekday
T20190021926,2019-11-05,05:45:00,1,Collision with vehicle,2,Tuesday,130,REAR END(VEHICLES IN SAME LANE),1,651818,Not at intersection,3,100,Freeway,WESTERN RING,MORELAND,-37.697056,144.89937,2019,11,November,5,Morning Peak,Weekday
T20190021909,2019-11-05,14:51:00,4,Collision with a fixed object,2,Tuesday,171,LEFT OFF CARRIAGEWAY INTO OBJECT/PARKED VEHICLE,1,600491,Not at intersection,3,100,Arterial Other,STAWELL-AVOCA,NORTHERN GRAMPIANS,-36.952038,142.92938,2019,11,November,14,Midday,Weekday
T20190021925,2019-11-05,22:05:00,1,Collision with vehicle,2,Tuesday,121,RIGHT THROUGH,3,651817,Not at intersection,3,60,Arterial Other,BARRY,HUME,-37.666637,144.94856,2019,11,November,22,Night,Weekday
T20190021940,2019-11-05,15:24:00,4,Collision with a fixed object,2,Tuesday,173,RIGHT OFF CARRIAGEWAY INTO OBJECT/PARKED VEHICLE,1,659029,Not at intersection,3,50,Local Road,JOHNSON,DAREBIN,-37.76504,144.99835,2019,11,November,15,Afternoon Peak,Weekday