ACCIDENT_NO,ACCIDENT_DATE,ACCIDENT_TIME,ACCIDENT_TYPE,ACCIDENT_TYPE_DESC,DAY_OF_WEEK,DAY_WEEK_DESC,DCA_CODE,DCA_DESC,LIGHT_CONDITION,NODE_ID,ROAD_GEOMETRY_DESC,SEVERITY,SPEED_ZONE,RMA,ROAD_NAME,LGA_NAME,LATITUDE,LONGITUDE,YEAR,MONTH,MONTH_NAME,HOUR,TIME_PERIOD,DAY_TYPE
T20190021924,2019-11-05,15:17:00,1,Collision with vehicle,2,Tuesday,132,RIGHT REAR.,1,29830,T intersection,2,60,Arterial Other,PASCOE VALE,MOONEE VALLEY,-37.75152,144.92534,2019,11,November,15,Afternoon Peak,Weekday
T20190021927,2019-11-05,19:15:00,1,Collision with vehicle,2,Tuesday,110,CROSS TRAFFIC(INTERSECTIONS ONLY),1,44282,Cross intersection,3,50,Local Road,ROBERTSON,DAREBIN,-37.736347,145.01001,2019,11,November,19,Night,Weekday
T20190022970,2019-11-05,06:40:00,1,Collision with vehicle,2,Tuesday,120,HEAD ON (NOT OVERTAKING),2,604510,Not at intersection,3,60,Arterial Highway,GREENSBOROUGH,BANYULE,-37.734318,145.07872,2019,11,November,6,Morning Peak,Weekday
T20190021921,2019-11-05,18:00:00,6,Vehicle overturned (no collision),2,Tuesday,170,OFF CARRIAGEWAY TO LEFT,1,632038,Not at intersection,2,100,Local Road,REITH,WANGARATTA,-36.319183,146.26823,2019,11,November,18,Afternoon Peak,Weekday
T20190021918,2019-11-05,20:00:00,1,Collision with vehicle,2,Tuesday,137,LEFT TURN SIDESWIPE,2,238,Cross intersection,3,40,Local Road,FLINDERS,MELBOURNE,-37.81745,144.96744,2019,11,November,20,Night,Weekday
T20190021917,2019-11-05,18:27:00,8,No collision and no object struck,2,Tuesday,180,OFF CARRIAGEWAY ON RIGHT BEND,1,148051,Not at intersection,3,50,Local Road,HUNT,FRANKSTON,-38.107967,145.13783,2019,11,November,18,Afternoon Peak,Weekday
T20190022217,2019-11-05,18:40:00,6,Vehicle overturned (no collision),2,Tuesday,170,OFF CARRIAGEWAY TO LEFT,1,599892,Not at intersection,2,50,Local Road,FOREST HEIGHTS,BENDIGO,-36.785816,144.22693,2019,11,November,18,Afternoon Peak,Weekday
T20190021916,2019-11-05,15:24:00,1,Collision with vehicle,2,Tuesday,110,CROSS TRAFFIC(INTERSECTIONS ONLY),1,257069,Multiple intersection,2,80,Arterial Highway,PRINCES,DANDENONG,-37.933174,145.15694,2019,11,November,15,Afternoon Peak,Weekday
T20190021908,2019-11-05,15:20:00,1,Collision with vehicle,2,Tuesday,198,OTHER ACCIDENTS NOT CLASSIFIABLE ELSEWHERE,1,659036,Not at intersection,3,50,Arterial Other,WESTERNPORT,CARDINIA,-38.26624,145.56157,2019,11,November,15,Afternoon Peak,Weekday
T20190022435,2019-11-05,23:00:00,1,Collision with vehicle,2,Tuesday,147,VEHICLE STRIKES ANOTHER VEH WHILE EMERGING FROM DRIVEWAY,9,651819,Not at intersection,3,60,Local Road,SUSSEX,MORELAND,-37.731686,144.94958,2019,11,November,23,Night,Weekday
T20190021906,2019-11-05,13:45:00,1,Collision with vehicle,2,Tuesday,120,HEAD ON (NOT OVERTAKING),1,651816,Not at intersection,3,100,Arterial Highway,GREAT OCEAN,COLAC OTWAY,-38.773598,143.60777,2019,11,November,13,Midday,Weekday
T20190021923,2019-11-05,21:57:00,1,Collision with vehicle,2,Tuesday,120,HEAD ON (NOT OVERTAKING),3,610451,Not at intersection,3,80,Arterial Other,CRAIGIEBURN,HUME,-37.591286,144.89148,2019,11,November,21,Night,Weekday
T20190022128,2019-11-06,09:25:00,1,Collision with vehicle,3,Wednesday,162,ACCIDENT OR BROKEN DOWN,1,645348,Not at intersection,2,100,Freeway,MONASH,DANDENONG,-37.965263,145.23326,2019,11,November,9,Morning Peak,Weekday
T20190021948,2019-11-06,10:40:00,1,Collision with vehicle,3,Wednesday,120,HEAD ON (NOT OVERTAKING),1,598644,Not at intersection,1,100,Arterial Highway,GLENELG,SOUTHERN GRAMPIANS,-37.655243,142.31548,2019,11,November,10,Midday,Weekday
T20190024580,2019-11-06,12:00:00,1,Collision with vehicle,3,Wednesday,131,LEFT REAR,1,39312,Cross intersection,3,60,Arterial Other,STATION,WHITEHORSE,-37.811527,145.12517,2019,11,November,12,Midday,Weekday
T20190021950,2019-11-06,17:25:00,1,Collision with vehicle,3,Wednesday,132,RIGHT REAR.,1,600178,Cross intersection,3,50,Local Road,CHAPMAN,MORELAND,-37.71088,144.91518,2019,11,November,17,Afternoon Peak,Weekday
T20190022116,2019-11-06,13:05:00,2,Struck Pedestrian,3,Wednesday,100,PED NEAR SIDE. PED HIT BY VEHICLE FROM THE RIGHT.,1,36187,Cross intersection,3,50,Arterial Other,BURWOOD,YARRA RANGES,-37.908356,145.35512,2019,11,November,13,Midday,Weekday
T20190021980,2019-11-06,14:20:00,1,Collision with vehicle,3,Wednesday,135,LANE CHANGE LEFT (NOT OVERTAKING),1,605644,Not at intersection,2,100,Freeway,MONASH,MONASH,-37.88496,145.09814,2019,11,November,14,Midday,Weekday
T20190021970,2019-11-06,21:17:00,1,Collision with vehicle,3,Wednesday,110,CROSS TRAFFIC(INTERSECTIONS ONLY),3,340540,Multiple intersection,2,70,Arterial Other,BALLARAT,BRIMBANK,-37.776966,144.82874,2019,11,November,21,Night,Weekday
T20190021969,2019-11-06,20:00:00,1,Collision with vehicle,3,Wednesday,121,RIGHT THROUGH,3,607533,Cross intersection,2,60,Arterial Other,RACECOURSE,CARDINIA,-38.079487,145.49298,2019,11,November,20,Night,Weekday
T20190022189,2019-11-06,18:00:00,1,Collision with vehicle,3,Wednesday,147,VEHICLE STRIKES ANOTHER VEH WHILE EMERGING FROM DRIVEWAY,1,637146,Not at intersection,3,40,Arterial Other,LORIMER,MELBOURNE,-37.821117,144.92801,2019,11,November,18,Afternoon Peak,Weekday
T20190022203,2019-11-06,14:00:00,2,Struck Pedestrian,3,Wednesday,100,PED NEAR SIDE. PED HIT BY VEHICLE FROM THE RIGHT.,1,607147,Cross intersection,2,40,Arterial Other,JOHNSTON,YARRA,-37.799835,144.99292,2019,11,November,14,Midday,Weekday
T20190023541,2019-11-06,16:37:00,4,Collision with a fixed object,3,Wednesday,171,LEFT OFF CARRIAGEWAY INTO OBJECT/PARKED VEHICLE,1,608304,Not at intersection,2,100,Freeway,PRINCES,HOBSONS BAY,-37.85109,144.77956,2019,11,November,16,Afternoon Peak,Weekday
T20190021930,2019-11-06,00:20:00,4,Collision with a fixed object,3,Wednesday,183,OFF LEFT BEND INTO OBJECT/PARKED VEHICLE,5,659109,Not at intersection,3,80,Local Road,MCMAHENS,DANDENONG,-38.034153,145.18127,2019,11,November,0,Late Night,Weekday
T20190021965,2019-11-06,17:45:00,1,Collision with vehicle,3,Wednesday,147,VEHICLE STRIKES ANOTHER VEH WHILE EMERGING FROM DRIVEWAY,1,650555,Not at intersection,2,60,Arterial Other,HOWITT,BALLARAT,-37.53972,143.82666,2019,11,November,17,Afternoon Peak,Weekday
T20190021961,2019-11-06,16:15:00,1,Collision with vehicle,3,Wednesday,113,RIGHT NEAR (INTERSECTIONS ONLY),1,38252,T intersection,2,50,Arterial Highway,BULLEEN,MANNINGHAM,-37.7649,145.08258,2019,11,November,16,Afternoon Peak,Weekday
T20190021960,2019-11-06,19:00:00,1,Collision with vehicle,3,Wednesday,130,REAR END(VEHICLES IN SAME LANE),1,659106,Not at intersection,3,60,Local Road,MANCHESTER,YARRA RANGES,-37.782646,145.3115,2019,11,November,19,Night,Weekday
T20190021958,2019-11-06,17:00:00,1,Collision with vehicle,3,Wednesday,130,REAR END(VEHICLES IN SAME LANE),1,279160,Cross intersection,3,40,Arterial Other,PORTARLINGTON,GEELONG,-38.159897,144.58356,2019,11,November,17,Afternoon Peak,Weekday
T20190021956,2019-11-06,18:05:00,1,Collision with vehicle,3,Wednesday,130,REAR END(VEHICLES IN SAME LANE),1,599066,Not at intersection,3,80,Local Road,BALFOUR,BAW BAW,-38.142612,145.87717,2019,11,November,18,Afternoon Peak,Weekday
T20190022514,2019-11-06,13:00:00,1,Collision with vehicle,3,Wednesday,121,RIGHT THROUGH,1,606530,T intersection,3,50,Local Road,TOWONG,BALLARAT,-37.55544,143.80717,2019,11,November,13,Midday,Weekday
T20190023810,2019-11-06,21:20:00,1,Collision with vehicle,3,Wednesday,121,RIGHT THROUGH,3,605102,Not at intersection,3,50,Local Road,BATESFORD,MONASH,-37.87566,145.09323,2019,11,November,21,Night,Weekday
T20190021978,2019-11-06,11:18:00,2,Struck Pedestrian,3,Wednesday,101,PED EMERGES FROM IN FRONT OF PARKED OR STATIONARY VEHICLE,1,599344,Not at intersection,3,50,Local Road,HENRY,MELBOURNE,-37.79477,144.92807,2019,11,November,11,Midday,Weekday
T20190022059,2019-11-06,23:50:00,4,Collision with a fixed object,3,Wednesday,173,RIGHT OFF CARRIAGEWAY INTO OBJECT/PARKED VEHICLE,3,599353,Not at intersection,3,60,Arterial Highway,ALBERT,DAREBIN,-37.730755,145.02536,2019,11,November,23,Night,Weekday
T20190022006,2019-11-06,08:18:00,1,Collision with vehicle,3,Wednesday,130,REAR END(VEHICLES IN SAME LANE),1,631722,Not at intersection,2,100,Freeway,EASTLINK,KNOX,-37.855515,145.21361,2019,11,November,8,Morning Peak,Weekday
T20190021955,2019-11-06,16:44:00,1,Collision with vehicle,3,Wednesday,110,CROSS TRAFFIC(INTERSECTIONS ONLY),1,15316,Cross intersection,2,50,Arterial Other,AITKEN STREET -MELTON,MACEDON RANGES,-37.49201,144.59042,2019,11,November,16,Afternoon Peak,Weekday
T20190022065,2019-11-07,22:50:00,1,Collision with vehicle,4,Thursday,145,REVERSING IN STREAM OF TRAFFIC,3,659180,Not at intersection,2,60,Arterial Other,CLAYTON,MONASH,-37.90875,145.12279,2019,11,November,22,Night,Weekday
T20190022500,2019-11-07,17:00:00,1,Collision with vehicle,4,Thursday,132,RIGHT REAR.,1,46065,T intersection,3,60,Arterial Other,MORNINGTON-TYABB,MORNINGTON PENINSULA,-38.232403,145.04666,2019,11,November,17,Afternoon Peak,Weekday
T20190022740,2019-11-07,21:20:00,1,Collision with vehicle,4,Thursday,131,LEFT REAR,2,106,Cross intersection,2,80,Arterial Highway,FRANKSTON-DANDENONG,FRANKSTON,-38.128513,145.13394,2019,11,November,21,Night,Weekday
T20190022278,2019-11-07,14:40:00,1,Collision with vehicle,4,Thursday,130,REAR END(VEHICLES IN SAME LANE),9,34171,T intersection,3,80,Arterial Highway,WELLINGTON,MONASH,-37.922073,145.18617,2019,11,November,14,Midday,Weekday
T20190022131,2019-11-07,21:25:00,6,Vehicle overturned (no collision),4,Thursday,179,OTHER ACCIDENTS-OFF STRAIGHT NOT INCLUDED IN DCAs 170-175,3,600182,Not at intersection,2,60,Arterial Other,MALVERN,STONNINGTON,-37.84991,145.01698,2019,11,November,21,Night,Weekday
T20190022126,2019-11-07,11:30:00,1,Collision with vehicle,4,Thursday,119,OTHER ADJACENT (INTERSECTIONS ONLY),1,54430,T intersection,2,50,Local Road,AMCOR,HUME,-37.65835,144.95905,2019,11,November,11,Midday,Weekday
T20190022100,2019-11-07,19:30:00,1,Collision with vehicle,4,Thursday,135,LANE CHANGE LEFT (NOT OVERTAKING),2,29363,T intersection,3,60,Arterial Highway,RACECOURSE,MELBOURNE,-37.788425,144.933,2019,11,November,19,Night,Weekday
T20190022050,2019-11-07,20:45:00,4,Collision with a fixed object,4,Thursday,171,LEFT OFF CARRIAGEWAY INTO OBJECT/PARKED VEHICLE,3,600931,Not at intersection,3,60,Local Road,MT GISBORNE,MACEDON RANGES,-37.50359,144.58849,2019,11,November,20,Night,Weekday
T20190022049,2019-11-07,16:40:00,1,Collision with vehicle,4,Thursday,121,RIGHT THROUGH,1,338242,Cross intersection,3,50,Local Road,HENRY,CARDINIA,-38.075085,145.43747,2019,11,November,16,Afternoon Peak,Weekday
T20190022048,2019-11-07,17:55:00,6,Vehicle overturned (no collision),4,Thursday,179,OTHER ACCIDENTS-OFF STRAIGHT NOT INCLUDED IN DCAs 170-175,1,40808,Cross intersection,2,70,Arterial Highway,SPRINGVALE,WHITEHORSE,-37.85885,145.16891,2019,11,November,17,Afternoon Peak,Weekday
T20190022046,2019-11-07,16:20:00,1,Collision with vehicle,4,Thursday,121,RIGHT THROUGH,1,278622,T intersection,3,60,Local Road,OHERNS,WHITTLESEA,-37.63635,145.0148,2019,11,November,16,Afternoon Peak,Weekday
T20190022043,2019-11-07,17:38:00,4,Collision with a fixed object,4,Thursday,173,RIGHT OFF CARRIAGEWAY INTO OBJECT/PARKED VEHICLE,1,602154,Not at intersection,3,100,Freeway,MORNINGTON PENINSULA,MORNINGTON PENINSULA,-38.326275,144.99551,2019,11,November,17,Afternoon Peak,Weekday
T20190022042,2019-11-07,15:44:00,4,Collision with a fixed object,4,Thursday,171,LEFT OFF CARRIAGEWAY INTO OBJECT/PARKED VEHICLE,1,659201,Not at intersection,2,80,Arterial Other,COOLART,MORNINGTON PENINSULA,-38.28086,145.14558,2019,11,November,15,Afternoon Peak,Weekday
T20190022041,2019-11-07,15:15:00,1,Collision with vehicle,4,Thursday,120,HEAD ON (NOT OVERTAKING),1,599352,Not at intersection,2,100,Arterial Other,AVENEL-NAGAMBIE,STRATHBOGIE,-36.8707,145.18336,2019,11,November,15,Afternoon Peak,Weekday
T20190022040,2019-11-07,14:47:00,1,Collision with vehicle,4,Thursday,130,REAR END(VEHICLES IN SAME LANE),1,607395,Not at intersection,2,60,Arterial Other,MILLEARA,MOONEE VALLEY,-37.75454,144.86057,2019,11,November,14,Midday,Weekday
T20190022038,2019-11-07,18:21:00,1,Collision with vehicle,4,Thursday,140,U TURN,2,65365,T intersection,3,50,Arterial Other,BELMORE,WHITEHORSE,-37.8018,145.10603,2019,11,November,18,Afternoon Peak,Weekday
T20190022035,2019-11-07,14:20:00,1,Collision with vehicle,4,Thursday,136,RIGHT TURN SIDESWIPE,1,606838,Not at intersection,3,100,Arterial Highway,PRINCES,GLENELG,-38.091873,141.59763,2019,11,November,14,Midday,Weekday
T20190022034,2019-11-07,19:20:00,6,Vehicle overturned (no collision),4,Thursday,174,OUT OF CONTROL ON CARRIAGEWAY (ON STRAIGHT),3,80960,Not at intersection,3,40,Local Road,CHAPEL,STONNINGTON,-37.8399,144.99553,2019,11,November,19,Night,Weekday
T20190022031,2019-11-07,14:15:00,2,Struck Pedestrian,4,Thursday,100,PED NEAR SIDE. PED HIT BY VEHICLE FROM THE RIGHT.,1,601348,Multiple intersection,2,50,Local Road,EASTERN BEACH,GEELONG,-38.144867,144.36395,2019,11,November,14,Midday,Weekday
T20190022022,2019-11-07,15:03:00,1,Collision with vehicle,4,Thursday,140,U TURN,1,51867,Cross intersection,3,80,Arterial Other,HENDERSON,CAMPASPE,-36.240017,144.948,2019,11,November,15,Afternoon Peak,Weekday
T20190022020,2019-11-07,14:25:00,1,Collision with vehicle,4,Thursday,113,RIGHT NEAR (INTERSECTIONS ONLY),1,42525,T intersection,3,60,Arterial Highway,SPRINGVALE,DANDENONG,-37.940804,145.15436,2019,11,November,14,Midday,Weekday
T20190022019,2019-11-07,12:45:00,1,Collision with vehicle,4,Thursday,142,LEAVING PARKING,1,659174,Not at intersection,3,60,Arterial Other,MOUNTAIN,KNOX,-37.855797,145.3157,2019,11,November,12,Midday,Weekday
T20190022015,2019-11-07,10:48:00,4,Collision with a fixed object,4,Thursday,171,LEFT OFF CARRIAGEWAY INTO OBJECT/PARKED VEHICLE,1,603166,Not at intersection,1,100,Arterial Other,WESTERNPORT,BAW BAW,-38.177685,145.78777,2019,11,November,10,Midday,Weekday
T20190022014,2019-11-07,14:12:00,1,Collision with vehicle,4,Thursday,130,REAR END(VEHICLES IN SAME LANE),1,599349,Not at intersection,2,70,Arterial Other,GREENS,DANDENONG,-38.01443,145.2121,2019,11,November,14,Midday,Weekday
T20190022000,2019-11-07,11:30:00,8,No collision and no object struck,4,Thursday,170,OFF CARRIAGEWAY TO LEFT,1,608305,Not at intersection,2,100,Arterial Highway,MIDLAND,HEPBURN,-37.442936,143.89026,2019,11,November,11,Midday,Weekday
T20190021996,2019-11-07,09:05:00,1,Collision with vehicle,4,Thursday,110,CROSS TRAFFIC(INTERSECTIONS ONLY),1,41821,Cross intersection,3,60,Local Road,FARVIEW,MORELAND,-37.707157,144.93585,2019,11,November,9,Morning Peak,Weekday
T20190021995,2019-11-07,08:30:00,4,Collision with a fixed object,4,Thursday,181,OFF RIGHT BEND INTO OBJECT/PARKED VEHICLE,1,636834,Not at intersection,3,50,Local Road,WEST PARK,BRIMBANK,-37.809406,144.76627,2019,11,November,8,Morning Peak,Weekday
T20190021994,2019-11-07,10:13:00,2,Struck Pedestrian,4,Thursday,102,FAR SIDE. PED HIT BY VEHICLE FROM THE LEFT,1,603352,Not at intersection,3,40,Local Road,MERCHANT,MELBOURNE,-37.820305,144.94395,2019,11,November,10,Midday,Weekday
T20190021989,2019-11-07,08:20:00,1,Collision with vehicle,4,Thursday,133,LANE SIDE SWIPE (VEHICLES IN PARALLEL LANES),1,29397,Cross intersection,3,40,Arterial Other,VICTORIA,MELBOURNE,-37.807293,144.96884,2019,11,November,8,Morning Peak,Weekday
T20190021987,2019-11-07,12:05:00,1,Collision with vehicle,4,Thursday,130,REAR END(VEHICLES IN SAME LANE),1,613288,Not at intersection,3,60,Arterial Other,BRUNSWICK,MORELAND,-37.778214,144.97,2019,11,November,12,Midday,Weekday
T20190025463,2019-11-07,17:20:00,4,Collision with a fixed object,4,Thursday,181,OFF RIGHT BEND INTO OBJECT/PARKED VEHICLE,1,659115,Not at intersection,2,100,Arterial Other,MEENIYAN-PROMONTORY,SOUTH GIPPSLAND,-38.681084,146.0471,2019,11,November,17,Afternoon Peak,Weekday
T20190024433,2019-11-07,15:40:00,1,Collision with vehicle,4,Thursday,111,RIGHT FAR (INTERSECTIONS ONLY),1,35448,Cross intersection,3,60,Arterial Other,MOORE,MARIBYRNONG,-37.798847,144.9036,2019,11,November,15,Afternoon Peak,Weekday
T20190022478,2019-11-07,20:00:00,1,Collision with vehicle,4,Thursday,137,LEFT TURN SIDESWIPE,3,601083,Multiple intersection,2,30,Arterial Other,ELIZABETH,MELBOURNE,-37.801743,144.95709,2019,11,November,20,Night,Weekday
T20190022429,2019-11-07,17:40:00,2,Struck Pedestrian,4,Thursday,104,PED WALKING WITH TRAFFIC,1,602464,Not at intersection,3,40,Local Road,FORSYTH,WYNDHAM,-37.858753,144.73071,2019,11,November,17,Afternoon Peak,Weekday
T20190022051,2019-11-07,17:54:00,1,Collision with vehicle,4,Thursday,163,VEHICLE STRIKES DOOR OF PARKED/STATIONARY VEHICLE,1,605646,Cross intersection,2,60,Arterial Other,BUCKLEY,MOONEE VALLEY,-37.754726,144.89674,2019,11,November,17,Afternoon Peak,Weekday
T20190022052,2019-11-07,21:07:00,6,Vehicle overturned (no collision),4,Thursday,174,OUT OF CONTROL ON CARRIAGEWAY (ON STRAIGHT),3,40594,T intersection,3,40,Arterial Other,KEILOR,MOONEE VALLEY,-37.736027,144.88907,2019,11,November,21,Night,Weekday
T20190022053,2019-11-07,20:00:00,1,Collision with vehicle,4,Thursday,135,LANE CHANGE LEFT (NOT OVERTAKING),3,43909,Cross intersection,3,80,Arterial Other,BERWICK-CRANBOURNE ROAD -SLADEN,CASEY,-38.113888,145.28973,2019,11,November,20,Night,Weekday
T20190022054,2019-11-07,18:12:00,1,Collision with vehicle,4,Thursday,113,RIGHT NEAR (INTERSECTIONS ONLY),1,602155,T intersection,3,50,Local Road,PRINCETON,WHITTLESEA,-37.68158,145.0733,2019,11,November,18,Afternoon Peak,Weekday
T20190022057,2019-11-07,22:50:00,8,No collision and no object struck,4,Thursday,174,OUT OF CONTROL ON CARRIAGEWAY (ON STRAIGHT),3,599071,Not at intersection,3,50,Local Road,LAWRY,WODONGA,-36.13611,146.88162,2019,11,November,22,Night,Weekday
T20190022190,2019-11-08,16:45:00,1,Collision with vehicle,5,Friday,110,CROSS TRAFFIC(INTERSECTIONS ONLY),1,22502,Cross intersection,3,80,Arterial Other,LEARMONTH,BALLARAT,-37.524853,143.80957,2019,11,November,16,Afternoon Peak,Weekday
T20190023159,2019-11-08,19:05:00,6,Vehicle overturned (no collision),5,Friday,174,OUT OF CONTROL ON CARRIAGEWAY (ON STRAIGHT),3,603068,Not at intersection,3,30,Local Road,LA TROBE,MELBOURNE,-37.812424,144.95407,2019,11,November,19,Night,Weekday
T20190022153,2019-11-08,16:10:00,1,Collision with vehicle,5,Friday,121,RIGHT THROUGH,1,65442,Cross intersection,2,80,Local Road,BOUNDARY,MELTON,-37.803017,144.67772,2019,11,November,16,Afternoon Peak,Weekday
T20190022119,2019-11-08,09:50:00,1,Collision with vehicle,5,Friday,120,HEAD ON (NOT OVERTAKING),1,599888,Not at intersection,3,50,Arterial Highway,NAPIER,CENTRAL GOLDFIELDS,-37.04867,143.73857,2019,11,November,9,Morning Peak,Weekday
T20190022127,2019-11-08,13:13:00,1,Collision with vehicle,5,Friday,110,CROSS TRAFFIC(INTERSECTIONS ONLY),1,51988,Cross intersection,3,80,Arterial Other,PAYNESVILLE,EAST GIPPSLAND,-37.90431,147.69797,2019,11,November,13,Midday,Weekday
T20190022161,2019-11-08,19:15:00,1,Collision with vehicle,5,Friday,130,REAR END(VEHICLES IN SAME LANE),2,331898,Cross intersection,3,40,Local Road,MORRIS,WYNDHAM,-37.82178,144.71071,2019,11,November,19,Night,Weekday
T20190023994,2019-11-08,15:30:00,1,Collision with vehicle,5,Friday,130,REAR END(VEHICLES IN SAME LANE),1,35469,Cross intersection,3,60,Arterial Other,VICTORIA STREET -WETHERBY,MANNINGHAM,-37.78701,145.14374,2019,11,November,15,Afternoon Peak,Weekday
T20190022068,2019-11-08,05:33:00,4,Collision with a fixed object,5,Friday,179,OTHER ACCIDENTS-OFF STRAIGHT NOT INCLUDED IN DCAs 170-175,3,756304,Cross intersection,3,80,Arterial Other,COOLART,MORNINGTON PENINSULA,-38.300205,145.1456,2019,11,November,5,Morning Peak,Weekday
T20190025126,2019-11-08,14:45:00,1,Collision with vehicle,5,Friday,130,REAR END(VEHICLES IN SAME LANE),1,652086,Cross intersection,2,70,Arterial Highway,SURF COAST HIGHWAY -TORQUAY,SURF COAST,-38.24867,144.33235,2019,11,November,14,Midday,Weekday
T20190022109,2019-11-08,12:20:00,1,Collision with vehicle,5,Friday,121,RIGHT THROUGH,1,38664,T intersection,3,50,Local Road,LOCH,MARIBYRNONG,-37.8127,144.88237,2019,11,November,12,Midday,Weekday
T20190022066,2019-11-08,05:40:00,1,Collision with vehicle,5,Friday,121,RIGHT THROUGH,2,38668,Cross intersection,3,60,Arterial Highway,FRANCIS,MARIBYRNONG,-37.820267,144.88213,2019,11,November,5,Morning Peak,Weekday
T20190022108,2019-11-08,12:15:00,1,Collision with vehicle,5,Friday,111,RIGHT FAR (INTERSECTIONS ONLY),1,70451,T intersection,2,80,Arterial Other,HEATHERTON,CASEY,-37.97785,145.28131,2019,11,November,12,Midday,Weekday
T20190022062,2019-11-08,02:57:00,4,Collision with a fixed object,5,Friday,198,OTHER ACCIDENTS NOT CLASSIFIABLE ELSEWHERE,5,600943,Not at intersection,3,100,Local Road,SEDGWICK,BENDIGO,-36.87478,144.31429,2019,11,November,2,Late Night,Weekday
T20190022399,2019-11-08,08:00:00,1,Collision with vehicle,5,Friday,132,RIGHT REAR.,1,600786,Cross intersection,3,80,Arterial Highway,BURWOOD,WHITEHORSE,-37.852757,145.15204,2019,11,November,8,Morning Peak,Weekday
T20190022147,2019-11-08,16:15:00,2,Struck Pedestrian,5,Friday,101,PED EMERGES FROM IN FRONT OF PARKED OR STATIONARY VEHICLE,1,599890,Not at intersection,2,60,Arterial Other,EPSOM,MELBOURNE,-37.78249,144.91655,2019,11,November,16,Afternoon Peak,Weekday
T20190022122,2019-11-08,14:18:00,1,Collision with vehicle,5,Friday,139,OTHER SAME DIRECTION-MANOUEVRES NOT INCLUDED IN DCAs 130-137,1,608905,Y intersection,3,100,Freeway,HUME FREEWAY -METROPOLITAN RING OUT-HUME,WHITTLESEA,-37.685738,144.98468,2019,11,November,14,Midday,Weekday
T20190022193,2019-11-08,17:30:00,1,Collision with vehicle,5,Friday,113,RIGHT NEAR (INTERSECTIONS ONLY),1,659211,T intersection,3,100,Arterial Other,LICOLA,WELLINGTON,-37.904594,146.75575,2019,11,November,17,Afternoon Peak,Weekday
T20190022160,2019-11-08,15:00:00,4,Collision with a fixed object,5,Friday,173,RIGHT OFF CARRIAGEWAY INTO OBJECT/PARKED VEHICLE,1,626917,Not at intersection,2,100,Freeway,EASTLINK,FRANKSTON,-38.09028,145.15776,2019,11,November,15,Afternoon Peak,Weekday
T20190022121,2019-11-08,14:00:00,4,Collision with a fixed object,5,Friday,183,OFF LEFT BEND INTO OBJECT/PARKED VEHICLE,1,599889,T intersection,2,60,Local Road,LIBERTY,BANYULE,-37.749035,145.0362,2019,11,November,14,Midday,Weekday
T20190022114,2019-11-08,07:30:00,1,Collision with vehicle,5,Friday,120,HEAD ON (NOT OVERTAKING),1,626916,Not at intersection,2,60,Arterial Other,MELBOURNE,HOBSONS BAY,-37.830788,144.88155,2019,11,November,7,Morning Peak,Weekday
T20190023169,2019-11-08,15:00:00,1,Collision with vehicle,5,Friday,130,REAR END(VEHICLES IN SAME LANE),1,608308,Cross intersection,3,60,Arterial Other,DENMARK,BOROONDARA,-37.812893,145.02803,2019,11,November,15,Afternoon Peak,Weekday
T20190022821,2019-11-08,14:15:00,1,Collision with vehicle,5,Friday,120,HEAD ON (NOT OVERTAKING),1,659212,Not at intersection,2,60,Local Road,FORD,SHEPPARTON,-36.347565,145.41313,2019,11,November,14,Midday,Weekday
T20200007842,2019-11-08,21:10:00,1,Collision with vehicle,5,Friday,130,REAR END(VEHICLES IN SAME LANE),3,647465,Not at intersection,3,100,Freeway,EASTLINK,KNOX,-37.902428,145.21494,2019,11,November,21,Night,Weekday
T20190022164,2019-11-08,05:00:00,1,Collision with vehicle,5,Friday,152,PULLING OUT (OVERTAKING),2,662112,Not at intersection,2,80,Arterial Highway,PRINCES,CASEY,-38.016438,145.29298,2019,11,November,5,Morning Peak,Weekday
T20190022177,2019-11-08,23:10:00,1,Collision with vehicle,5,Friday,169,OTHER ON PATH,3,599745,Cross intersection,3,50,Local Road,JUPITER,GLEN EIRA,-37.895477,145.01935,2019,11,November,23,Night,Weekday
T20190022148,2019-11-08,15:20:00,2,Struck Pedestrian,5,Friday,102,FAR SIDE. PED HIT BY VEHICLE FROM THE LEFT,1,45206,Cross intersection,2,60,Arterial Other,HAMPSTEAD ROAD -WESTS,MARIBYRNONG,-37.775032,144.8811,2019,11,November,15,Afternoon Peak,Weekday
T20190022162,2019-11-08,12:05:00,4,Collision with a fixed object,5,Friday,173,RIGHT OFF CARRIAGEWAY INTO OBJECT/PARKED VEHICLE,1,605364,Not at intersection,3,100,Local Road,MILHAVEN,BENDIGO,-36.948425,144.7456,2019,11,November,12,Midday,Weekday
T20190022145,2019-11-08,17:15:00,1,Collision with vehicle,5,Friday,130,REAR END(VEHICLES IN SAME LANE),1,599618,Not at intersection,2,80,Arterial Highway,NEPEAN,KINGSTON,-37.949574,145.04633,2019,11,November,17,Afternoon Peak,Weekday