ACCIDENT_NO,ACCIDENT_DATE,ACCIDENT_TIME,ACCIDENT_TYPE,ACCIDENT_TYPE_DESC,DAY_OF_WEEK,DAY_WEEK_DESC,DCA_CODE,DCA_DESC,LIGHT_CONDITION,NODE_ID,ROAD_GEOMETRY_DESC,SEVERITY,SPEED_ZONE,RMA,ROAD_NAME,LGA_NAME,LATITUDE,LONGITUDE,YEAR,MONTH,MONTH_NAME,HOUR,TIME_PERIOD,DAY_TYPE
T20190022146,2019-11-08,14:08:00,1,Collision with vehicle,5,Friday,147,VEHICLE STRIKES ANOTHER VEH WHILE EMERGING FROM DRIVEWAY,1,632039,Not at intersection,2,60,Local Road,WHOROULY,WANGARATTA,-36.509377,146.58757,2019,11,November,14,Midday,Weekday
T20190022115,2019-11-08,12:32:00,1,Collision with vehicle,5,Friday,110,CROSS TRAFFIC(INTERSECTIONS ONLY),1,44427,Cross intersection,2,60,Arterial Other,SEPARATION,GEELONG,-38.109768,144.3347,2019,11,November,12,Midday,Weekday
T20190022170,2019-11-08,23:15:00,2,Struck Pedestrian,5,Friday,100,PED NEAR SIDE. PED HIT BY VEHICLE FROM THE RIGHT.,3,603356,Not at intersection,2,60,Arterial Other,SWAN,YARRA,-37.825794,144.9989,2019,11,November,23,Night,Weekday
T20190022169,2019-11-08,00:45:00,4,Collision with a fixed object,5,Friday,183,OFF LEFT BEND INTO OBJECT/PARKED VEHICLE,3,626920,T intersection,2,80,Freeway,RINGWOOD,MAROONDAH,-37.811016,145.21942,2019,11,November,0,Late Night,Weekday
T20190022091,2019-11-08,07:58:00,1,Collision with vehicle,5,Friday,130,REAR END(VEHICLES IN SAME LANE),2,605893,Not at intersection,2,100,Freeway,MONASH,MONASH,-37.893723,145.1376,2019,11,November,7,Morning Peak,Weekday
T20190022167,2019-11-08,22:20:00,1,Collision with vehicle,5,Friday,121,RIGHT THROUGH,3,41712,T intersection,2,80,Arterial Highway,DANDENONG,MONASH,-37.913017,145.1251,2019,11,November,22,Night,Weekday
T20190022166,2019-11-08,21:20:00,3,Struck animal,5,Friday,167,STRUCK ANIMAL,5,626715,Not at intersection,2,100,Arterial Other,BARNAWARTHA,INDIGO,-36.037045,146.65965,2019,11,November,21,Night,Weekday
T20190022165,2019-11-08,15:44:00,1,Collision with vehicle,5,Friday,113,RIGHT NEAR (INTERSECTIONS ONLY),1,51030,T intersection,3,60,Local Road,MITCHELL,SHEPPARTON,-36.377583,145.42026,2019,11,November,15,Afternoon Peak,Weekday
T20190022579,2019-11-08,16:45:00,1,Collision with vehicle,5,Friday,110,CROSS TRAFFIC(INTERSECTIONS ONLY),1,353363,Cross intersection,3,50,Local Road,JENNINGS,MACEDON RANGES,-37.24743,144.44846,2019,11,November,16,Afternoon Peak,Weekday
T20190022073,2019-11-08,07:28:00,1,Collision with vehicle,5,Friday,113,RIGHT NEAR (INTERSECTIONS ONLY),1,29611,T intersection,3,60,Arterial Other,HIGH,BOROONDARA,-37.862804,145.07457,2019,11,November,7,Morning Peak,Weekday
T20190022075,2019-11-08,06:10:00,4,Collision with a fixed object,5,Friday,171,LEFT OFF CARRIAGEWAY INTO OBJECT/PARKED VEHICLE,2,659213,Not at intersection,3,60,Arterial Highway,BELL,DAREBIN,-37.743202,144.98459,2019,11,November,6,Morning Peak,Weekday
T20190022079,2019-11-08,08:15:00,1,Collision with vehicle,5,Friday,121,RIGHT THROUGH,1,599355,Not at intersection,3,50,Arterial Other,ASCOT VALE,MOONEE VALLEY,-37.7685,144.92462,2019,11,November,8,Morning Peak,Weekday
T20190022083,2019-11-08,09:10:00,1,Collision with vehicle,5,Friday,130,REAR END(VEHICLES IN SAME LANE),1,600180,Not at intersection,3,60,Arterial Other,BALLARAT,BRIMBANK,-37.776768,144.82686,2019,11,November,9,Morning Peak,Weekday
T20190022084,2019-11-08,07:48:00,8,No collision and no object struck,5,Friday,170,OFF CARRIAGEWAY TO LEFT,1,608307,Not at intersection,3,50,Arterial Other,LYSTERFIELD,KNOX,-37.909515,145.29521,2019,11,November,7,Morning Peak,Weekday
T20190022085,2019-11-08,08:00:00,6,Vehicle overturned (no collision),5,Friday,182,OFF CARRIAGEWAY ON LEFT BEND,1,599356,Not at intersection,3,100,Arterial Highway,MELBA,YARRA RANGES,-37.63419,145.40144,2019,11,November,8,Morning Peak,Weekday
T20190022087,2019-11-08,08:23:00,4,Collision with a fixed object,5,Friday,183,OFF LEFT BEND INTO OBJECT/PARKED VEHICLE,1,652074,Not at intersection,2,100,Arterial Highway,MELBA,YARRA RANGES,-37.633488,145.40208,2019,11,November,8,Morning Peak,Weekday
T20190022098,2019-11-08,11:14:00,4,Collision with a fixed object,5,Friday,183,OFF LEFT BEND INTO OBJECT/PARKED VEHICLE,1,601878,Not at intersection,3,60,Arterial Other,MOUNT DANDENONG TOURIST,YARRA RANGES,-37.815067,145.38173,2019,11,November,11,Midday,Weekday
T20190022105,2019-11-08,10:05:00,8,No collision and no object struck,5,Friday,170,OFF CARRIAGEWAY TO LEFT,1,40691,T intersection,3,50,Arterial Other,HIGH STREET,MONASH,-37.869247,145.12325,2019,11,November,10,Midday,Weekday
T20190022184,2019-11-08,20:15:00,1,Collision with vehicle,5,Friday,130,REAR END(VEHICLES IN SAME LANE),3,652075,Not at intersection,3,80,Arterial Other,CRANBOURNE,FRANKSTON,-38.155758,145.1677,2019,11,November,20,Night,Weekday
T20190022144,2019-11-08,15:39:00,4,Collision with a fixed object,5,Friday,151,OUT OF CONTROL (OVERTAKING),1,659309,Not at intersection,2,100,Local Road,WILDWOOD,HUME,-37.59332,144.79762,2019,11,November,15,Afternoon Peak,Weekday
T20190022188,2019-11-08,17:24:00,1,Collision with vehicle,5,Friday,130,REAR END(VEHICLES IN SAME LANE),1,600184,Not at intersection,3,60,Arterial Other,HOPKINS,MELTON,-37.787064,144.6987,2019,11,November,17,Afternoon Peak,Weekday
T20190022138,2019-11-08,15:46:00,1,Collision with vehicle,5,Friday,130,REAR END(VEHICLES IN SAME LANE),1,600942,Not at intersection,2,100,Freeway,WESTERN RING,BRIMBANK,-37.814835,144.80829,2019,11,November,15,Afternoon Peak,Weekday
T20190022135,2019-11-08,15:45:00,1,Collision with vehicle,5,Friday,116,LEFT NEAR (INTERSECTIONS ONLY),1,50291,Cross intersection,3,60,Local Road,BLUESTONE SCHOOL,GEELONG,-38.26569,144.40442,2019,11,November,15,Afternoon Peak,Weekday
T20190022132,2019-11-08,15:10:00,8,No collision and no object struck,5,Friday,180,OFF CARRIAGEWAY ON RIGHT BEND,1,600183,T intersection,3,100,Arterial Highway,PRINCES,GLENELG,-38.08381,141.59216,2019,11,November,15,Afternoon Peak,Weekday
T20190022106,2019-11-08,13:06:00,7,Fall from or in moving vehicle,5,Friday,179,OTHER ACCIDENTS-OFF STRAIGHT NOT INCLUDED IN DCAs 170-175,1,615004,Not at intersection,3,70,Arterial Other,FERNTREE GULLY,MONASH,-37.901142,145.14261,2019,11,November,13,Midday,Weekday
T20190022107,2019-11-08,12:50:00,7,Fall from or in moving vehicle,5,Friday,190,FELL IN/FROM VEHICLE,1,103779,Not at intersection,3,60,Arterial Highway,NEPEAN,FRANKSTON,-38.101547,145.12593,2019,11,November,12,Midday,Weekday
T20190022862,2019-11-08,17:30:00,1,Collision with vehicle,5,Friday,130,REAR END(VEHICLES IN SAME LANE),1,601886,Not at intersection,3,60,Arterial Highway,SPRINGVALE,DANDENONG,-37.957737,145.15123,2019,11,November,17,Afternoon Peak,Weekday
T20190022233,2019-11-09,18:55:00,1,Collision with vehicle,6,Saturday,130,REAR END(VEHICLES IN SAME LANE),2,133662,Not at intersection,2,50,Local Road,LYGON,MELBOURNE,-37.79253,144.96834,2019,11,November,18,Afternoon Peak,Weekend
T20190022195,2019-11-09,08:00:00,3,Struck animal,6,Saturday,167,STRUCK ANIMAL,1,728868,Not at intersection,3,100,Arterial Other,STRATH CREEK,MITCHELL,-37.225918,145.14182,2019,11,November,8,Morning Peak,Weekend
T20190023968,2019-11-09,09:00:00,1,Collision with vehicle,6,Saturday,130,REAR END(VEHICLES IN SAME LANE),1,661372,Not at intersection,2,80,Freeway,TULLAMARINE OUT-MICKLEHAM,HUME,-37.691452,144.8823,2019,11,November,9,Morning Peak,Weekend
T20190022168,2019-11-09,00:05:00,6,Vehicle overturned (no collision),6,Saturday,174,OUT OF CONTROL ON CARRIAGEWAY (ON STRAIGHT),3,652158,Unknown,3,40,Arterial Other,BRIDGE,YARRA,-37.818497,144.99825,2019,11,November,0,Late Night,Weekend
T20190022332,2019-11-09,19:30:00,3,Struck animal,6,Saturday,167,STRUCK ANIMAL,2,600941,Not at intersection,3,80,Arterial Highway,MAROONDAH,MURRINDINDI,-37.57105,145.64084,2019,11,November,19,Night,Weekend
T20190022231,2019-11-09,18:37:00,1,Collision with vehicle,6,Saturday,120,HEAD ON (NOT OVERTAKING),2,599893,Not at intersection,3,60,Local Road,CLIFF,GLENELG,-38.356064,141.61317,2019,11,November,18,Afternoon Peak,Weekend
T20190022286,2019-11-09,13:15:00,1,Collision with vehicle,6,Saturday,130,REAR END(VEHICLES IN SAME LANE),1,600784,Not at intersection,3,70,Arterial Other,YAN YEAN,NILLUMBIK,-37.6388,145.1324,2019,11,November,13,Midday,Weekend
T20190022527,2019-11-09,11:45:00,1,Collision with vehicle,6,Saturday,130,REAR END(VEHICLES IN SAME LANE),9,623254,Not at intersection,3,70,Arterial Other,DALTON,WHITTLESEA,-37.653397,145.03145,2019,11,November,11,Midday,Weekend
T20190022230,2019-11-09,18:25:00,1,Collision with vehicle,6,Saturday,110,CROSS TRAFFIC(INTERSECTIONS ONLY),1,52058,Cross intersection,3,60,Local Road,LANSDOWNE,WELLINGTON,-38.10488,147.0767,2019,11,November,18,Afternoon Peak,Weekend
T20190022228,2019-11-09,15:30:00,1,Collision with vehicle,6,Saturday,150,HEAD ON(OVERTAKING),1,606197,Not at intersection,2,100,Arterial Other,MAIN NEERIM,BAW BAW,-38.087795,145.86469,2019,11,November,15,Afternoon Peak,Weekend
T20190022196,2019-11-09,10:30:00,2,Struck Pedestrian,6,Saturday,100,PED NEAR SIDE. PED HIT BY VEHICLE FROM THE RIGHT.,1,599746,Not at intersection,3,50,Local Road,GOVERNOR,KINGSTON,-38.008877,145.09776,2019,11,November,10,Midday,Weekend
T20190022200,2019-11-09,08:15:00,2,Struck Pedestrian,6,Saturday,108,PED STRUCK WALKING TO/FROM OR BOARDING/ALIGHTING VEHICLE.,1,603357,T intersection,2,60,Arterial Other,VICTORIA,YARRA,-37.8112,145.00702,2019,11,November,8,Morning Peak,Weekend
T20190022224,2019-11-09,11:26:00,1,Collision with vehicle,6,Saturday,121,RIGHT THROUGH,1,942,Cross intersection,2,60,Arterial Other,FLETCHER,FRANKSTON,-38.14252,145.12726,2019,11,November,11,Midday,Weekend
T20190023259,2019-11-09,22:30:00,1,Collision with vehicle,6,Saturday,121,RIGHT THROUGH,3,51628,Cross intersection,3,60,Arterial Other,MYERS,BENDIGO,-36.76142,144.28339,2019,11,November,22,Night,Weekend
T20190022223,2019-11-09,13:20:00,1,Collision with vehicle,6,Saturday,132,RIGHT REAR.,1,39870,T intersection,3,50,Local Road,BLADIN,HOBSONS BAY,-37.849937,144.77457,2019,11,November,13,Midday,Weekend
T20190022507,2019-11-09,08:00:00,1,Collision with vehicle,6,Saturday,132,RIGHT REAR.,1,601084,T intersection,3,60,Arterial Other,GAP,HUME,-37.57766,144.70235,2019,11,November,8,Morning Peak,Weekend
T20190022202,2019-11-09,07:00:00,1,Collision with vehicle,6,Saturday,121,RIGHT THROUGH,2,41162,T intersection,3,50,Local Road,BAY,BAYSIDE,-37.90463,144.99553,2019,11,November,7,Morning Peak,Weekend
T20190022204,2019-11-09,10:25:00,2,Struck Pedestrian,6,Saturday,102,FAR SIDE. PED HIT BY VEHICLE FROM THE LEFT,1,600185,Not at intersection,2,40,Arterial Other,YARRA,YARRA,-37.82088,145.01436,2019,11,November,10,Midday,Weekend
T20190024398,2019-11-09,10:45:00,1,Collision with vehicle,6,Saturday,130,REAR END(VEHICLES IN SAME LANE),1,606876,Not at intersection,3,40,Local Road,HARGREAVES,BENDIGO,-36.758793,144.28194,2019,11,November,10,Midday,Weekend
T20190022262,2019-11-09,22:05:00,1,Collision with vehicle,6,Saturday,121,RIGHT THROUGH,3,52607,T intersection,3,50,Arterial Highway,BAILLIE,HORSHAM,-36.71178,142.1997,2019,11,November,22,Night,Weekend
T20190022250,2019-11-09,09:16:00,4,Collision with a fixed object,6,Saturday,173,RIGHT OFF CARRIAGEWAY INTO OBJECT/PARKED VEHICLE,1,617974,Not at intersection,2,80,Arterial Other,FAIRBAIRN,BRIMBANK,-37.80675,144.81857,2019,11,November,9,Morning Peak,Weekend
T20190026136,2019-11-09,15:18:00,6,Vehicle overturned (no collision),6,Saturday,170,OFF CARRIAGEWAY TO LEFT,1,616471,Not at intersection,3,100,Local Road,PASCHENDALE,MILDURA,-34.196014,142.01749,2019,11,November,15,Afternoon Peak,Weekend
T20190022207,2019-11-09,05:09:00,1,Collision with vehicle,6,Saturday,113,RIGHT NEAR (INTERSECTIONS ONLY),2,53513,Cross intersection,1,60,Arterial Highway,PRINCES,BAW BAW,-38.20804,146.1514,2019,11,November,5,Morning Peak,Weekend
T20190022192,2019-11-09,07:55:00,1,Collision with vehicle,6,Saturday,120,HEAD ON (NOT OVERTAKING),1,612463,Not at intersection,2,70,Arterial Other,KURRAK,NILLUMBIK,-37.64977,145.10428,2019,11,November,7,Morning Peak,Weekend
T20190022249,2019-11-09,11:04:00,1,Collision with vehicle,6,Saturday,120,HEAD ON (NOT OVERTAKING),1,626716,Not at intersection,2,80,Local Road,PATERNOSTER,CARDINIA,-37.971764,145.49586,2019,11,November,11,Midday,Weekend
T20190022187,2019-11-09,07:57:00,1,Collision with vehicle,6,Saturday,147,VEHICLE STRIKES ANOTHER VEH WHILE EMERGING FROM DRIVEWAY,1,608281,Not at intersection,2,100,Local Road,ANDERSON,MACEDON RANGES,-37.32463,144.56926,2019,11,November,7,Morning Peak,Weekend
T20190022239,2019-11-09,20:46:00,1,Collision with vehicle,6,Saturday,131,LEFT REAR,3,338242,Cross intersection,3,60,Local Road,HENRY,CARDINIA,-38.075085,145.43747,2019,11,November,20,Night,Weekend
T20190022220,2019-11-09,11:12:00,6,Vehicle overturned (no collision),6,Saturday,180,OFF CARRIAGEWAY ON RIGHT BEND,1,600186,Not at intersection,3,60,Local Road,LIVE BOMB RANGE,WYNDHAM,-37.907017,144.54787,2019,11,November,11,Midday,Weekend
T20190022194,2019-11-09,06:30:00,4,Collision with a fixed object,6,Saturday,171,LEFT OFF CARRIAGEWAY INTO OBJECT/PARKED VEHICLE,1,639699,Not at intersection,2,100,Local Road,WILLUNG,WELLINGTON,-38.23403,146.79811,2019,11,November,6,Morning Peak,Weekend
T20190022238,2019-11-09,20:29:00,4,Collision with a fixed object,6,Saturday,171,LEFT OFF CARRIAGEWAY INTO OBJECT/PARKED VEHICLE,5,619062,Not at intersection,2,100,Local Road,DUNLOPS,COLAC OTWAY,-38.345146,143.77267,2019,11,November,20,Night,Weekend
T20190022280,2019-11-10,17:34:00,1,Collision with vehicle,7,Sunday,119,OTHER ADJACENT (INTERSECTIONS ONLY),1,604506,T intersection,2,60,Local Road,NORFOLK,MAROONDAH,-37.82795,145.22711,2019,11,November,17,Afternoon Peak,Weekend
T20190022277,2019-11-10,15:50:00,1,Collision with vehicle,7,Sunday,116,LEFT NEAR (INTERSECTIONS ONLY),1,600188,T intersection,2,70,Local Road,GLASSCOCKS,CASEY,-38.07252,145.31982,2019,11,November,15,Afternoon Peak,Weekend
T20200001471,2019-11-10,14:15:00,1,Collision with vehicle,7,Sunday,114,TWO RIGHT TURNING (INTERSECTIONS ONLY),1,728890,Cross intersection,3,60,Arterial Highway,CHAPEL STREET -MCIVOR,BENDIGO,-36.758293,144.28738,2019,11,November,14,Midday,Weekend
T20190022276,2019-11-10,17:33:00,4,Collision with a fixed object,7,Sunday,173,RIGHT OFF CARRIAGEWAY INTO OBJECT/PARKED VEHICLE,1,638742,Not at intersection,2,70,Arterial Highway,BURWOOD,WHITEHORSE,-37.849712,145.1117,2019,11,November,17,Afternoon Peak,Weekend
T20190022692,2019-11-10,14:40:00,1,Collision with vehicle,7,Sunday,133,LANE SIDE SWIPE (VEHICLES IN PARALLEL LANES),1,35298,Cross intersection,3,60,Arterial Other,BRUNSWICK,MORELAND,-37.778294,144.97069,2019,11,November,14,Midday,Weekend
T20200000160,2019-11-10,12:14:00,1,Collision with vehicle,7,Sunday,130,REAR END(VEHICLES IN SAME LANE),1,659380,Not at intersection,3,60,Arterial Highway,BRIGHTON ROAD SERVICE,PORT PHILLIP,-37.87116,144.98894,2019,11,November,12,Midday,Weekend
T20190022275,2019-11-10,16:50:00,1,Collision with vehicle,7,Sunday,110,CROSS TRAFFIC(INTERSECTIONS ONLY),1,52536,Cross intersection,3,60,Local Road,ETIWANDA,MILDURA,-34.22366,142.13585,2019,11,November,16,Afternoon Peak,Weekend
T20190022247,2019-11-10,03:24:00,2,Struck Pedestrian,7,Sunday,105,PED WALKING AGAINST TRAFFIC.,5,784121,Not at intersection,3,50,Local Road,PHOENIX,MORELAND,-37.769794,144.95654,2019,11,November,3,Late Night,Weekend
T20200018308,2019-11-10,12:00:00,1,Collision with vehicle,7,Sunday,130,REAR END(VEHICLES IN SAME LANE),9,664665,Not at intersection,3,40,Local Road,HIGH,DAREBIN,-37.745434,145.00279,2019,11,November,12,Midday,Weekend
T20190023654,2019-11-10,14:00:00,6,Vehicle overturned (no collision),7,Sunday,174,OUT OF CONTROL ON CARRIAGEWAY (ON STRAIGHT),1,605097,Not at intersection,3,50,Local Road,MAIN,BENALLA,-36.331203,145.89452,2019,11,November,14,Midday,Weekend
T20190022473,2019-11-10,18:00:00,1,Collision with vehicle,7,Sunday,160,VEHICLE COLLIDES WITH VEHICLE PARKED ON LEFT OF ROAD,1,652260,Not at intersection,3,50,Local Road,LANGFORD,BOROONDARA,-37.816742,145.09671,2019,11,November,18,Afternoon Peak,Weekend
T20190022289,2019-11-10,22:10:00,1,Collision with vehicle,7,Sunday,120,HEAD ON (NOT OVERTAKING),5,616155,Not at intersection,3,100,Local Road,ELLERSLIE-PANMURE,MOYNE,-38.235413,142.70526,2019,11,November,22,Night,Weekend
T20190022291,2019-11-10,20:41:00,2,Struck Pedestrian,7,Sunday,106,VEH STRIKES PED ON FOOTPATH/MEDIAN/TRAFFIC ISLAND.,3,38709,Cross intersection,2,60,Arterial Other,BALLARAT,MARIBYRNONG,-37.791183,144.8895,2019,11,November,20,Night,Weekend
T20190022288,2019-11-10,20:22:00,1,Collision with vehicle,7,Sunday,115,RIGHT/LEFT FAR (INTERSECTIONS ONLY),3,43099,T intersection,2,60,Local Road,CLOW,DANDENONG,-37.986137,145.22543,2019,11,November,20,Night,Weekend
T20190022576,2019-11-10,14:00:00,1,Collision with vehicle,7,Sunday,132,RIGHT REAR.,1,40706,T intersection,3,60,Arterial Other,STEPHENSONS,MONASH,-37.872025,145.1297,2019,11,November,14,Midday,Weekend
T20190023308,2019-11-10,07:30:00,4,Collision with a fixed object,7,Sunday,181,OFF RIGHT BEND INTO OBJECT/PARKED VEHICLE,1,608768,Not at intersection,3,60,Arterial Highway,YARRA BANK,MELBOURNE,-37.822952,144.9758,2019,11,November,7,Morning Peak,Weekend
T20190022287,2019-11-10,22:40:00,2,Struck Pedestrian,7,Sunday,104,PED WALKING WITH TRAFFIC,5,600024,Not at intersection,2,80,Arterial Other,DONNYBROOK,WHITTLESEA,-37.542904,144.97212,2019,11,November,22,Night,Weekend
T20200000471,2019-11-10,00:30:00,4,Collision with a fixed object,7,Sunday,175,OFF END OF ROAD/T-INTERSECTION.,5,53336,T intersection,3,100,Arterial Other,COBDEN-PORT CAMPBELL,CORANGAMITE,-38.519012,143.02945,2019,11,November,0,Late Night,Weekend
T20190022386,2019-11-10,22:32:00,2,Struck Pedestrian,7,Sunday,100,PED NEAR SIDE. PED HIT BY VEHICLE FROM THE RIGHT.,3,600927,Not at intersection,3,60,Local Road,FURLONG,BRIMBANK,-37.759087,144.80162,2019,11,November,22,Night,Weekend
T20190022284,2019-11-10,20:10:00,1,Collision with vehicle,7,Sunday,121,RIGHT THROUGH,3,50959,Not at intersection,3,60,Arterial Highway,NUMURKAH,SHEPPARTON,-36.354233,145.40227,2019,11,November,20,Night,Weekend
T20190022253,2019-11-10,07:00:00,8,No collision and no object struck,7,Sunday,189,OTHER ACCIDENTS ON CURVE NOT INCLUDED IN DCAs 180-184,1,601349,Y intersection,2,50,Local Road,GRANT,EAST GIPPSLAND,-37.832138,147.62326,2019,11,November,7,Morning Peak,Weekend
T20190022256,2019-11-10,05:35:00,3,Struck animal,7,Sunday,167,STRUCK ANIMAL,1,600336,Not at intersection,2,100,Local Road,SANDY CREEK,GEELONG,-37.965088,144.4063,2019,11,November,5,Morning Peak,Weekend
T20190022261,2019-11-10,11:15:00,4,Collision with a fixed object,7,Sunday,171,LEFT OFF CARRIAGEWAY INTO OBJECT/PARKED VEHICLE,1,600928,Not at intersection,2,80,Freeway,CITYLINK OUT-BULLA,MOONEE VALLEY,-37.734077,144.90907,2019,11,November,11,Midday,Weekend
T20190022263,2019-11-10,08:45:00,4,Collision with a fixed object,7,Sunday,171,LEFT OFF CARRIAGEWAY INTO OBJECT/PARKED VEHICLE,1,659351,Not at intersection,2,50,Local Road,OGRADYS,FRANKSTON,-38.105423,145.168,2019,11,November,8,Morning Peak,Weekend
T20190022264,2019-11-10,12:44:00,1,Collision with vehicle,7,Sunday,134,LANE CHANGE RIGHT (NOT OVERTAKING),1,652258,Not at intersection,3,100,Freeway,PRINCES,GEELONG,-38.051636,144.39743,2019,11,November,12,Midday,Weekend
T20190022267,2019-11-10,12:10:00,1,Collision with vehicle,7,Sunday,133,LANE SIDE SWIPE (VEHICLES IN PARALLEL LANES),1,627526,Not at intersection,2,80,Arterial Highway,WARRIGAL,MONASH,-37.893265,145.08817,2019,11,November,12,Midday,Weekend
T20190022294,2019-11-10,10:30:00,4,Collision with a fixed object,7,Sunday,183,OFF LEFT BEND INTO OBJECT/PARKED VEHICLE,1,600929,Not at intersection,3,100,Arterial Other,LOVES,SOUTH GIPPSLAND,-38.489082,146.13133,2019,11,November,10,Midday,Weekend
T20190022283,2019-11-10,15:30:00,1,Collision with vehicle,7,Sunday,130,REAR END(VEHICLES IN SAME LANE),1,652259,Not at intersection,3,70,Arterial Highway,QUEENS,STONNINGTON,-37.857304,144.99182,2019,11,November,15,Afternoon Peak,Weekend
T20200016456,2019-11-10,13:30:00,8,No collision and no object struck,7,Sunday,174,OUT OF CONTROL ON CARRIAGEWAY (ON STRAIGHT),1,115384,Not at intersection,3,40,Arterial Other,SYDNEY,MORELAND,-37.76776,144.962,2019,11,November,13,Midday,Weekend
T20190023440,2019-11-10,09:30:00,1,Collision with vehicle,7,Sunday,121,RIGHT THROUGH,1,52696,Cross intersection,3,50,Arterial Highway,HIGH,ARARAT,-37.28248,142.93181,2019,11,November,9,Morning Peak,Weekend
T20190022428,2019-11-10,05:30:00,1,Collision with vehicle,7,Sunday,110,CROSS TRAFFIC(INTERSECTIONS ONLY),3,354466,Cross intersection,3,60,Arterial Highway,MURRAY,DAREBIN,-37.740143,145.0235,2019,11,November,5,Morning Peak,Weekend
T20190022313,2019-11-11,11:35:00,2,Struck Pedestrian,1,Monday,101,PED EMERGES FROM IN FRONT OF PARKED OR STATIONARY VEHICLE,1,607149,Not at intersection,3,60,Arterial Other,CLARENDON,MELBOURNE,-37.826534,144.95758,2019,11,November,11,Midday,Weekday
T20190022311,2019-11-11,08:35:00,4,Collision with a fixed object,1,Monday,171,LEFT OFF CARRIAGEWAY INTO OBJECT/PARKED VEHICLE,1,53504,Cross intersection,3,40,Arterial Highway,SURF COAST,GEELONG,-38.21959,144.33774,2019,11,November,8,Morning Peak,Weekday
T20190022305,2019-11-11,08:02:00,2,Struck Pedestrian,1,Monday,100,PED NEAR SIDE. PED HIT BY VEHICLE FROM THE RIGHT.,1,45547,Cross intersection,2,60,Arterial Other,MELVILLE,MORELAND,-37.75867,144.94485,2019,11,November,8,Morning Peak,Weekday
T20190022303,2019-11-11,08:45:00,1,Collision with vehicle,1,Monday,113,RIGHT NEAR (INTERSECTIONS ONLY),1,53689,T intersection,2,60,Local Road,EXFORD,MELTON,-37.71399,144.57294,2019,11,November,8,Morning Peak,Weekday
T20190022739,2019-11-11,08:30:00,1,Collision with vehicle,1,Monday,130,REAR END(VEHICLES IN SAME LANE),1,601881,Multiple intersection,2,70,Arterial Highway,BELLARINE,GEELONG,-38.169174,144.38623,2019,11,November,8,Morning Peak,Weekday
T20190022354,2019-11-11,16:40:00,1,Collision with vehicle,1,Monday,171,LEFT OFF CARRIAGEWAY INTO OBJECT/PARKED VEHICLE,1,625444,Not at intersection,3,50,Local Road,ZEPHYR,GEELONG,-38.241165,144.33635,2019,11,November,16,Afternoon Peak,Weekday
T20190022356,2019-11-11,18:00:00,1,Collision with vehicle,1,Monday,130,REAR END(VEHICLES IN SAME LANE),1,35787,Cross intersection,3,50,Arterial Other,HODGSON,GEELONG,-38.26788,144.52463,2019,11,November,18,Afternoon Peak,Weekday
T20190022374,2019-11-11,08:10:00,1,Collision with vehicle,1,Monday,139,OTHER SAME DIRECTION-MANOUEVRES NOT INCLUDED IN DCAs 130-137,1,602765,Not at intersection,3,60,Arterial Other,CHURCH,YARRA,-37.82606,144.99786,2019,11,November,8,Morning Peak,Weekday
T20190022357,2019-11-11,18:15:00,2,Struck Pedestrian,1,Monday,101,PED EMERGES FROM IN FRONT OF PARKED OR STATIONARY VEHICLE,1,601615,Not at intersection,2,60,Arterial Other,HAWTHORN,GLEN EIRA,-37.894016,145.02061,2019,11,November,18,Afternoon Peak,Weekday
T20190022302,2019-11-11,10:00:00,1,Collision with vehicle,1,Monday,133,LANE SIDE SWIPE (VEHICLES IN PARALLEL LANES),1,600190,Not at intersection,3,50,Local Road,VICTORIA,DAREBIN,-37.75489,145.01392,2019,11,November,10,Midday,Weekday
T20190022385,2019-11-11,02:11:00,4,Collision with a fixed object,1,Monday,173,RIGHT OFF CARRIAGEWAY INTO OBJECT/PARKED VEHICLE,3,657979,Not at intersection,2,70,Arterial Highway,MCIVOR,BENDIGO,-36.758743,144.30257,2019,11,November,2,Late Night,Weekday
T20190022384,2019-11-11,23:20:00,4,Collision with a fixed object,1,Monday,173,RIGHT OFF CARRIAGEWAY INTO OBJECT/PARKED VEHICLE,3,628996,Cross intersection,1,60,Arterial Other,SOMERVILLE,BRIMBANK,-37.80582,144.819,2019,11,November,23,Night,Weekday
T20190022381,2019-11-11,22:45:00,1,Collision with vehicle,1,Monday,121,RIGHT THROUGH,3,600504,T intersection,2,80,Local Road,SMITH,DANDENONG,-37.9415,145.16602,2019,11,November,22,Night,Weekday
T20190022326,2019-11-11,12:33:00,1,Collision with vehicle,1,Monday,133,LANE SIDE SWIPE (VEHICLES IN PARALLEL LANES),1,652368,Not at intersection,2,60,Arterial Other,DORSET,KNOX,-37.856243,145.28598,2019,11,November,12,Midday,Weekday
T20190022380,2019-11-11,20:50:00,1,Collision with vehicle,1,Monday,110,CROSS TRAFFIC(INTERSECTIONS ONLY),3,67571,Cross intersection,2,70,Arterial Highway,DANDENONG,STONNINGTON,-37.85887,145.00139,2019,11,November,20,Night,Weekday