ACCIDENT_NO,ACCIDENT_DATE,ACCIDENT_TIME,ACCIDENT_TYPE,ACCIDENT_TYPE_DESC,DAY_OF_WEEK,DAY_WEEK_DESC,DCA_CODE,DCA_DESC,LIGHT_CONDITION,NODE_ID,ROAD_GEOMETRY_DESC,SEVERITY,SPEED_ZONE,RMA,ROAD_NAME,LGA_NAME,LATITUDE,LONGITUDE,YEAR,MONTH,MONTH_NAME,HOUR,TIME_PERIOD,DAY_TYPE
T20190022328,2019-11-11,08:51:00,1,Collision with vehicle,1,Monday,130,REAR END(VEHICLES IN SAME LANE),1,600939,Not at intersection,2,60,Local Road,ORMOND,CASEY,-38.047836,145.26674,2019,11,November,8,Morning Peak,Weekday
T20190023265,2019-11-11,12:40:00,1,Collision with vehicle,1,Monday,121,RIGHT THROUGH,9,35563,T intersection,3,70,Arterial Other,BLACKBURN,MONASH,-37.890507,145.14494,2019,11,November,12,Midday,Weekday
T20190022366,2019-11-11,16:45:00,1,Collision with vehicle,1,Monday,148,VEHICLE OFF FOOTPATH STRIKES VEH ON CARRIAGEWAY,2,600502,Cross intersection,3,60,Arterial Other,STANHOPE,BOROONDARA,-37.82895,145.06442,2019,11,November,16,Afternoon Peak,Weekday
T20190023080,2019-11-11,11:00:00,6,Vehicle overturned (no collision),1,Monday,174,OUT OF CONTROL ON CARRIAGEWAY (ON STRAIGHT),1,36889,Cross intersection,2,50,Local Road,COLLINS,MELBOURNE,-37.816933,144.96158,2019,11,November,11,Midday,Weekday
T20190022379,2019-11-11,17:28:00,1,Collision with vehicle,1,Monday,160,VEHICLE COLLIDES WITH VEHICLE PARKED ON LEFT OF ROAD,1,616156,Not at intersection,2,50,Local Road,LUM,MONASH,-37.902767,145.1803,2019,11,November,17,Afternoon Peak,Weekday
T20190022377,2019-11-11,21:25:00,4,Collision with a fixed object,1,Monday,171,LEFT OFF CARRIAGEWAY INTO OBJECT/PARKED VEHICLE,3,39767,Cross intersection,3,50,Local Road,LACEY,MAROONDAH,-37.79547,145.2854,2019,11,November,21,Night,Weekday
T20200017040,2019-11-11,13:00:00,8,No collision and no object struck,1,Monday,170,OFF CARRIAGEWAY TO LEFT,1,729396,Multiple intersection,3,60,Local Road,SWANSTON,GEELONG,-38.151455,144.3673,2019,11,November,13,Midday,Weekday
T20190022364,2019-11-11,15:57:00,4,Collision with a fixed object,1,Monday,173,RIGHT OFF CARRIAGEWAY INTO OBJECT/PARKED VEHICLE,1,600501,Not at intersection,3,100,Freeway,MONASH,MONASH,-37.892666,145.13023,2019,11,November,15,Afternoon Peak,Weekday
T20190022371,2019-11-11,16:55:00,1,Collision with vehicle,1,Monday,121,RIGHT THROUGH,1,36036,T intersection,3,40,Local Road,JARVIE,MORELAND,-37.77193,144.97162,2019,11,November,16,Afternoon Peak,Weekday
T20190022329,2019-11-11,10:00:00,8,No collision and no object struck,1,Monday,174,OUT OF CONTROL ON CARRIAGEWAY (ON STRAIGHT),1,613290,Not at intersection,2,50,Local Road,LYGON,HUME,-37.591145,144.9171,2019,11,November,10,Midday,Weekday
T20190022360,2019-11-11,17:29:00,1,Collision with vehicle,1,Monday,130,REAR END(VEHICLES IN SAME LANE),1,600191,Not at intersection,3,60,Arterial Highway,HIGH,BENDIGO,-36.781082,144.2493,2019,11,November,17,Afternoon Peak,Weekday
T20190022324,2019-11-11,13:45:00,2,Struck Pedestrian,1,Monday,104,PED WALKING WITH TRAFFIC,1,600498,Not at intersection,2,60,Local Road,PLANTATION,GEELONG,-38.067646,144.36479,2019,11,November,13,Midday,Weekday
T20190022342,2019-11-11,07:30:00,1,Collision with vehicle,1,Monday,130,REAR END(VEHICLES IN SAME LANE),2,652369,Not at intersection,2,100,Freeway,WESTERN,BRIMBANK,-37.79792,144.7661,2019,11,November,7,Morning Peak,Weekday
T20190022904,2019-11-11,13:00:00,1,Collision with vehicle,1,Monday,147,VEHICLE STRIKES ANOTHER VEH WHILE EMERGING FROM DRIVEWAY,1,610754,Not at intersection,3,60,Local Road,FRANKSTON GARDENS,FRANKSTON,-38.094498,145.16104,2019,11,November,13,Midday,Weekday
T20200005976,2019-11-11,05:30:00,5,collision with some other object,1,Monday,166,STRUCK OBJECT ON CARRIAGEWAY,2,637179,Not at intersection,3,100,Freeway,EASTLINK,KNOX,-37.867,145.21112,2019,11,November,5,Morning Peak,Weekday
T20190022352,2019-11-11,17:22:00,1,Collision with vehicle,1,Monday,130,REAR END(VEHICLES IN SAME LANE),1,600499,Not at intersection,3,80,Freeway,WEST GATE,MELBOURNE,-37.82591,144.93538,2019,11,November,17,Afternoon Peak,Weekday
T20190022344,2019-11-11,13:15:00,6,Vehicle overturned (no collision),1,Monday,170,OFF CARRIAGEWAY TO LEFT,1,608903,Not at intersection,3,100,Arterial Other,MYAMYN-MACARTHUR,GLENELG,-37.99678,141.75871,2019,11,November,13,Midday,Weekday
T20190022323,2019-11-11,12:10:00,4,Collision with a fixed object,1,Monday,173,RIGHT OFF CARRIAGEWAY INTO OBJECT/PARKED VEHICLE,1,504,Cross intersection,3,70,Arterial Highway,SPRINGVALE,WHITEHORSE,-37.818386,145.17604,2019,11,November,12,Midday,Weekday
T20190022340,2019-11-11,12:04:00,1,Collision with vehicle,1,Monday,116,LEFT NEAR (INTERSECTIONS ONLY),1,35563,T intersection,3,80,Arterial Other,BLACKBURN,MONASH,-37.890507,145.14494,2019,11,November,12,Midday,Weekday
T20190022322,2019-11-11,10:21:00,1,Collision with vehicle,1,Monday,147,VEHICLE STRIKES ANOTHER VEH WHILE EMERGING FROM DRIVEWAY,1,600497,Not at intersection,3,40,Local Road,ORANGE,KNOX,-37.847878,145.26474,2019,11,November,10,Midday,Weekday
T20190024541,2019-11-11,16:00:00,1,Collision with vehicle,1,Monday,130,REAR END(VEHICLES IN SAME LANE),1,607556,Not at intersection,3,60,Arterial Other,PASCOE VALE,MORELAND,-37.720505,144.92091,2019,11,November,16,Afternoon Peak,Weekday
T20190022870,2019-11-11,20:00:00,1,Collision with vehicle,1,Monday,116,LEFT NEAR (INTERSECTIONS ONLY),6,65039,T intersection,3,40,Local Road,KAY,MELBOURNE,-37.79496,144.97095,2019,11,November,20,Night,Weekday
T20190024192,2019-11-11,16:30:00,1,Collision with vehicle,1,Monday,130,REAR END(VEHICLES IN SAME LANE),9,607162,T intersection,3,50,Local Road,BOX FOREST,MORELAND,-37.704376,144.9591,2019,11,November,16,Afternoon Peak,Weekday
T20190022300,2019-11-11,08:30:00,1,Collision with vehicle,1,Monday,110,CROSS TRAFFIC(INTERSECTIONS ONLY),1,600785,Cross intersection,3,50,Local Road,CLELLAND,HOBSONS BAY,-37.823357,144.83243,2019,11,November,8,Morning Peak,Weekday
T20190024993,2019-11-11,09:30:00,1,Collision with vehicle,1,Monday,113,RIGHT NEAR (INTERSECTIONS ONLY),1,15443,Cross intersection,2,60,Arterial Highway,SURF COAST,GEELONG,-38.21961,144.33792,2019,11,November,9,Morning Peak,Weekday
T20190022361,2019-11-11,18:13:00,1,Collision with vehicle,1,Monday,121,RIGHT THROUGH,1,66203,T intersection,2,60,Arterial Other,MILLERS,HOBSONS BAY,-37.82107,144.84912,2019,11,November,18,Afternoon Peak,Weekday
T20190022298,2019-11-11,07:28:00,1,Collision with vehicle,1,Monday,116,LEFT NEAR (INTERSECTIONS ONLY),2,61526,T intersection,3,50,Local Road,GARDEN GROVE,WHITTLESEA,-37.674805,145.0544,2019,11,November,7,Morning Peak,Weekday
T20190022476,2019-11-11,17:00:00,1,Collision with vehicle,1,Monday,130,REAR END(VEHICLES IN SAME LANE),1,602160,Not at intersection,3,60,Arterial Other,CANTERBURY,BOROONDARA,-37.821823,145.06206,2019,11,November,17,Afternoon Peak,Weekday
T20190022315,2019-11-11,11:20:00,2,Struck Pedestrian,1,Monday,102,FAR SIDE. PED HIT BY VEHICLE FROM THE LEFT,1,600496,Cross intersection,2,70,Arterial Other,SOUTH,BAYSIDE,-37.929245,145.00418,2019,11,November,11,Midday,Weekday
T20190022296,2019-11-11,07:20:00,3,Struck animal,1,Monday,167,STRUCK ANIMAL,1,600923,Not at intersection,3,80,Local Road,BARDWELL,HUME,-37.55211,144.85677,2019,11,November,7,Morning Peak,Weekday
T20190022297,2019-11-11,07:17:00,1,Collision with vehicle,1,Monday,113,RIGHT NEAR (INTERSECTIONS ONLY),2,600189,T intersection,2,80,Arterial Highway,GEELONG,BRIMBANK,-37.82224,144.82974,2019,11,November,7,Morning Peak,Weekday
T20190022483,2019-11-11,12:12:00,1,Collision with vehicle,1,Monday,131,LEFT REAR,1,225656,Cross intersection,3,70,Arterial Highway,BURWOOD,KNOX,-37.868797,145.2352,2019,11,November,12,Midday,Weekday
T20190022320,2019-11-11,11:30:00,1,Collision with vehicle,1,Monday,134,LANE CHANGE RIGHT (NOT OVERTAKING),1,606528,Not at intersection,2,60,Arterial Highway,WHITEHORSE,WHITEHORSE,-37.816467,145.11145,2019,11,November,11,Midday,Weekday
T20190022484,2019-11-11,17:40:00,1,Collision with vehicle,1,Monday,130,REAR END(VEHICLES IN SAME LANE),2,600789,Cross intersection,3,60,Arterial Other,HIGH,STONNINGTON,-37.858982,145.04791,2019,11,November,17,Afternoon Peak,Weekday
T20190022331,2019-11-11,13:30:00,1,Collision with vehicle,1,Monday,135,LANE CHANGE LEFT (NOT OVERTAKING),1,609329,Not at intersection,3,80,Arterial Highway,LONSDALE,DANDENONG,-38.000675,145.22704,2019,11,November,13,Midday,Weekday
T20190022372,2019-11-11,20:00:00,1,Collision with vehicle,1,Monday,148,VEHICLE OFF FOOTPATH STRIKES VEH ON CARRIAGEWAY,2,609884,Not at intersection,3,60,Arterial Other,MURRAY,DAREBIN,-37.740803,145.02914,2019,11,November,20,Night,Weekday
T20190022422,2019-11-12,13:46:00,1,Collision with vehicle,2,Tuesday,137,LEFT TURN SIDESWIPE,1,652455,Not at intersection,3,60,Arterial Other,COOPER,WHITTLESEA,-37.6514,145.01836,2019,11,November,13,Midday,Weekday
T20200002308,2019-11-12,12:00:00,7,Fall from or in moving vehicle,2,Tuesday,190,FELL IN/FROM VEHICLE,1,294676,Not at intersection,3,30,Local Road,MCCRAE,DANDENONG,-37.98776,145.21724,2019,11,November,12,Midday,Weekday
T20200002313,2019-11-12,13:30:00,1,Collision with vehicle,2,Tuesday,133,LANE SIDE SWIPE (VEHICLES IN PARALLEL LANES),1,661308,Not at intersection,3,80,Arterial Highway,GREAT OCEAN,SURF COAST,-38.384293,144.20795,2019,11,November,13,Midday,Weekday
T20190022400,2019-11-12,09:40:00,1,Collision with vehicle,2,Tuesday,160,VEHICLE COLLIDES WITH VEHICLE PARKED ON LEFT OF ROAD,1,602766,T intersection,3,60,Local Road,JOBS GULLY,BENDIGO,-36.711464,144.27827,2019,11,November,9,Morning Peak,Weekday
T20190022541,2019-11-12,17:00:00,1,Collision with vehicle,2,Tuesday,131,LEFT REAR,1,41557,Cross intersection,2,50,Arterial Highway,DANDENONG,MONASH,-37.893417,145.09074,2019,11,November,17,Afternoon Peak,Weekday
T20190022397,2019-11-12,08:40:00,1,Collision with vehicle,2,Tuesday,132,RIGHT REAR.,9,65049,T intersection,3,50,Local Road,AMBRIE,MAROONDAH,-37.79496,145.24388,2019,11,November,8,Morning Peak,Weekday
T20190022396,2019-11-12,08:30:00,6,Vehicle overturned (no collision),2,Tuesday,172,OFF CARRIAGEWAY TO RIGHT,1,603639,Not at intersection,3,100,Local Road,HADDON-WINDERMERE,BALLARAT,-37.53799,143.71117,2019,11,November,8,Morning Peak,Weekday
T20190022393,2019-11-12,07:00:00,1,Collision with vehicle,2,Tuesday,183,OFF LEFT BEND INTO OBJECT/PARKED VEHICLE,1,660686,Not at intersection,2,80,Freeway,WESTERN RING,BRIMBANK,-37.729813,144.85722,2019,11,November,7,Morning Peak,Weekday
T20190022391,2019-11-12,07:30:00,7,Fall from or in moving vehicle,2,Tuesday,190,FELL IN/FROM VEHICLE,1,600505,T intersection,3,60,Local Road,THE GLEN,NILLUMBIK,-37.6474,145.1902,2019,11,November,7,Morning Peak,Weekday
T20190022463,2019-11-12,18:08:00,2,Struck Pedestrian,2,Tuesday,100,PED NEAR SIDE. PED HIT BY VEHICLE FROM THE RIGHT.,1,626717,Not at intersection,2,60,Arterial Other,CENTRE,GLEN EIRA,-37.918575,145.0397,2019,11,November,18,Afternoon Peak,Weekday
T20190023148,2019-11-12,01:00:00,6,Vehicle overturned (no collision),2,Tuesday,174,OUT OF CONTROL ON CARRIAGEWAY (ON STRAIGHT),3,604221,Not at intersection,3,100,Freeway,WESTERN,MELTON,-37.71894,144.64386,2019,11,November,1,Late Night,Weekday
T20190024441,2019-11-12,17:20:00,1,Collision with vehicle,2,Tuesday,113,RIGHT NEAR (INTERSECTIONS ONLY),1,41061,T intersection,3,60,Arterial Other,PASCOE VALE,MORELAND,-37.712555,144.91719,2019,11,November,17,Afternoon Peak,Weekday
T20190024650,2019-11-12,20:30:00,1,Collision with vehicle,2,Tuesday,110,CROSS TRAFFIC(INTERSECTIONS ONLY),3,60641,Cross intersection,2,60,Arterial Other,MACMEIKAN,WHITTLESEA,-37.511814,145.11557,2019,11,November,20,Night,Weekday
T20190022418,2019-11-12,10:40:00,4,Collision with a fixed object,2,Tuesday,181,OFF RIGHT BEND INTO OBJECT/PARKED VEHICLE,1,602463,Not at intersection,3,100,Arterial Highway,GREAT OCEAN,COLAC OTWAY,-38.76161,143.49438,2019,11,November,10,Midday,Weekday
T20190024974,2019-11-12,15:24:00,1,Collision with vehicle,2,Tuesday,130,REAR END(VEHICLES IN SAME LANE),1,54900,T intersection,3,60,Arterial Other,COLEMANS,FRANKSTON,-38.09843,145.16484,2019,11,November,15,Afternoon Peak,Weekday
T20190022412,2019-11-12,11:30:00,1,Collision with vehicle,2,Tuesday,121,RIGHT THROUGH,1,223351,Cross intersection,2,80,Arterial Highway,FRANKSTON-DANDENONG,FRANKSTON,-38.10538,145.16788,2019,11,November,11,Midday,Weekday
T20190022408,2019-11-12,07:40:00,1,Collision with vehicle,2,Tuesday,121,RIGHT THROUGH,1,43864,T intersection,3,60,Local Road,OSHEA,CASEY,-38.062313,145.3568,2019,11,November,7,Morning Peak,Weekday
T20200009048,2019-11-12,17:45:00,1,Collision with vehicle,2,Tuesday,130,REAR END(VEHICLES IN SAME LANE),1,278656,Cross intersection,3,60,Arterial Other,EPPING,WHITTLESEA,-37.612022,145.03072,2019,11,November,17,Afternoon Peak,Weekday
T20190022465,2019-11-12,22:30:00,4,Collision with a fixed object,2,Tuesday,173,RIGHT OFF CARRIAGEWAY INTO OBJECT/PARKED VEHICLE,3,601480,Not at intersection,1,70,Arterial Highway,FRANKSTON-DANDENONG,FRANKSTON,-38.125286,145.1387,2019,11,November,22,Night,Weekday
T20190023478,2019-11-12,18:19:00,1,Collision with vehicle,2,Tuesday,132,RIGHT REAR.,1,39234,T intersection,3,60,Arterial Other,CANTERBURY,WHITEHORSE,-37.82665,145.10347,2019,11,November,18,Afternoon Peak,Weekday
T20190022462,2019-11-12,23:24:00,9,Other accident,2,Tuesday,198,OTHER ACCIDENTS NOT CLASSIFIABLE ELSEWHERE,5,602159,Not at intersection,3,100,Arterial Other,MAIN NEERIM,BAW BAW,-38.074593,145.8772,2019,11,November,23,Night,Weekday
T20190022461,2019-11-12,23:31:00,1,Collision with vehicle,2,Tuesday,110,CROSS TRAFFIC(INTERSECTIONS ONLY),3,39884,Cross intersection,3,50,Arterial Other,CENTRAL,HOBSONS BAY,-37.871548,144.77756,2019,11,November,23,Night,Weekday
T20190022460,2019-11-12,23:20:00,7,Fall from or in moving vehicle,2,Tuesday,190,FELL IN/FROM VEHICLE,3,608743,Not at intersection,2,40,Local Road,HIGH,GEELONG,-38.175926,144.3418,2019,11,November,23,Night,Weekday
T20190022458,2019-11-12,20:27:00,3,Struck animal,2,Tuesday,167,STRUCK ANIMAL,5,659587,Not at intersection,3,100,Local Road,WALSHS BRIDGE SOUTH,MOIRA,-36.10203,145.33179,2019,11,November,20,Night,Weekday
T20190022455,2019-11-12,16:00:00,5,collision with some other object,2,Tuesday,166,STRUCK OBJECT ON CARRIAGEWAY,2,660650,Not at intersection,3,100,Freeway,WESTERN RING IN-TULLAMARINE IN,MORELAND,-37.70299,144.89243,2019,11,November,16,Afternoon Peak,Weekday
T20190022452,2019-11-12,17:25:00,6,Vehicle overturned (no collision),2,Tuesday,180,OFF CARRIAGEWAY ON RIGHT BEND,1,615302,Not at intersection,2,80,Arterial Other,SKENES CREEK,COLAC OTWAY,-38.694275,143.70815,2019,11,November,17,Afternoon Peak,Weekday
T20190022647,2019-11-12,15:25:00,1,Collision with vehicle,2,Tuesday,113,RIGHT NEAR (INTERSECTIONS ONLY),1,46818,T intersection,3,60,Arterial Other,CROYDON,MANNINGHAM,-37.760612,145.23418,2019,11,November,15,Afternoon Peak,Weekday
T20190022403,2019-11-12,10:46:00,1,Collision with vehicle,2,Tuesday,140,U TURN,1,600937,Not at intersection,3,60,Local Road,HAROLD,DANDENONG,-37.97607,145.15738,2019,11,November,10,Midday,Weekday
T20190022615,2019-11-12,07:30:00,1,Collision with vehicle,2,Tuesday,130,REAR END(VEHICLES IN SAME LANE),9,39983,Cross intersection,3,40,Arterial Other,MELBOURNE,HOBSONS BAY,-37.831005,144.88158,2019,11,November,7,Morning Peak,Weekday
T20190022406,2019-11-12,08:50:00,1,Collision with vehicle,2,Tuesday,121,RIGHT THROUGH,1,659584,Not at intersection,2,80,Local Road,HUGHS,MOYNE,-38.323437,142.5744,2019,11,November,8,Morning Peak,Weekday
T20190022753,2019-11-12,20:45:00,6,Vehicle overturned (no collision),2,Tuesday,189,OTHER ACCIDENTS ON CURVE NOT INCLUDED IN DCAs 180-184,3,35718,Cross intersection,3,60,Arterial Other,JOHNSTONE,HUME,-37.683914,144.91374,2019,11,November,20,Night,Weekday
T20190022490,2019-11-12,19:00:00,1,Collision with vehicle,2,Tuesday,130,REAR END(VEHICLES IN SAME LANE),1,600922,Not at intersection,3,80,Arterial Other,PASCOE VALE,HUME,-37.651436,144.9306,2019,11,November,19,Night,Weekday
T20190022451,2019-11-12,15:15:00,1,Collision with vehicle,2,Tuesday,130,REAR END(VEHICLES IN SAME LANE),1,610160,Multiple intersection,3,100,Freeway,HUME,WHITTLESEA,-37.64354,144.99168,2019,11,November,15,Afternoon Peak,Weekday
T20190022447,2019-11-12,16:24:00,1,Collision with vehicle,2,Tuesday,121,RIGHT THROUGH,1,10596,Cross intersection,2,50,Arterial Other,GLENROY,MORELAND,-37.706276,144.91614,2019,11,November,16,Afternoon Peak,Weekday
T20190022446,2019-11-12,16:59:00,1,Collision with vehicle,2,Tuesday,160,VEHICLE COLLIDES WITH VEHICLE PARKED ON LEFT OF ROAD,1,653352,Not at intersection,2,70,Arterial Other,BONEO,MORNINGTON PENINSULA,-38.372437,144.88922,2019,11,November,16,Afternoon Peak,Weekday
T20190022441,2019-11-12,15:55:00,4,Collision with a fixed object,2,Tuesday,181,OFF RIGHT BEND INTO OBJECT/PARKED VEHICLE,1,659583,Not at intersection,3,50,Local Road,HAUGHTON,MONASH,-37.918613,145.11209,2019,11,November,15,Afternoon Peak,Weekday
T20190022440,2019-11-12,16:45:00,1,Collision with vehicle,2,Tuesday,110,CROSS TRAFFIC(INTERSECTIONS ONLY),1,39975,Cross intersection,3,50,Local Road,ORANGE,HOBSONS BAY,-37.853294,144.86534,2019,11,November,16,Afternoon Peak,Weekday
T20190022438,2019-11-12,15:15:00,1,Collision with vehicle,2,Tuesday,147,VEHICLE STRIKES ANOTHER VEH WHILE EMERGING FROM DRIVEWAY,1,616157,Not at intersection,3,60,Arterial Other,FAIRBAIRN,BRIMBANK,-37.810085,144.81798,2019,11,November,15,Afternoon Peak,Weekday
T20190022437,2019-11-12,15:07:00,1,Collision with vehicle,2,Tuesday,132,RIGHT REAR.,1,600787,Not at intersection,3,60,Local Road,BERNARD,KINGSTON,-37.954453,145.07138,2019,11,November,15,Afternoon Peak,Weekday
T20190022432,2019-11-12,14:10:00,1,Collision with vehicle,2,Tuesday,130,REAR END(VEHICLES IN SAME LANE),1,280665,Cross intersection,3,60,Arterial Highway,SURF COAST,SURF COAST,-38.307777,144.31999,2019,11,November,14,Midday,Weekday
T20190022504,2019-11-12,16:26:00,1,Collision with vehicle,2,Tuesday,130,REAR END(VEHICLES IN SAME LANE),1,610311,Not at intersection,3,100,Freeway,WESTERN RING,HUME,-37.691902,144.95848,2019,11,November,16,Afternoon Peak,Weekday
T20190022424,2019-11-12,14:30:00,6,Vehicle overturned (no collision),2,Tuesday,179,OTHER ACCIDENTS-OFF STRAIGHT NOT INCLUDED IN DCAs 170-175,1,38765,Y intersection,2,60,Arterial Highway,BALLARAT ROAD -GEELONG,MARIBYRNONG,-37.79446,144.90053,2019,11,November,14,Midday,Weekday
T20190022468,2019-11-12,06:40:00,1,Collision with vehicle,2,Tuesday,120,HEAD ON (NOT OVERTAKING),2,620237,Not at intersection,2,60,Local Road,GRICES,CASEY,-38.075066,145.33986,2019,11,November,6,Morning Peak,Weekday
T20190022423,2019-11-12,11:16:00,6,Vehicle overturned (no collision),2,Tuesday,174,OUT OF CONTROL ON CARRIAGEWAY (ON STRAIGHT),1,610453,Not at intersection,3,50,Local Road,CHETWYND,MELBOURNE,-37.803642,144.95253,2019,11,November,11,Midday,Weekday
T20190022582,2019-11-13,14:00:00,1,Collision with vehicle,3,Wednesday,131,LEFT REAR,1,659683,Cross intersection,3,60,Arterial Other,WILLIAMSONS,MANNINGHAM,-37.78732,145.125,2019,11,November,14,Midday,Weekday
T20190022518,2019-11-13,14:00:00,1,Collision with vehicle,3,Wednesday,130,REAR END(VEHICLES IN SAME LANE),1,603182,Not at intersection,1,100,Freeway,WESTERN RING,BRIMBANK,-37.81194,144.80809,2019,11,November,14,Midday,Weekday
T20190022548,2019-11-13,14:07:00,1,Collision with vehicle,3,Wednesday,147,VEHICLE STRIKES ANOTHER VEH WHILE EMERGING FROM DRIVEWAY,1,191110,T intersection,3,60,Arterial Other,DALTON,WHITTLESEA,-37.69283,145.02484,2019,11,November,14,Midday,Weekday
T20190022546,2019-11-13,18:25:00,1,Collision with vehicle,3,Wednesday,113,RIGHT NEAR (INTERSECTIONS ONLY),1,603640,T intersection,3,80,Arterial Other,MONBULK-SEVILLE,YARRA RANGES,-37.81424,145.4656,2019,11,November,18,Afternoon Peak,Weekday
T20190022516,2019-11-13,13:08:00,1,Collision with vehicle,3,Wednesday,113,RIGHT NEAR (INTERSECTIONS ONLY),1,618770,T intersection,2,60,Local Road,HOWARD,KINGSTON,-37.988003,145.12018,2019,11,November,13,Midday,Weekday
T20190022535,2019-11-13,16:30:00,1,Collision with vehicle,3,Wednesday,120,HEAD ON (NOT OVERTAKING),1,608744,Not at intersection,3,60,Local Road,DYSON,BALLARAT,-37.55708,143.78456,2019,11,November,16,Afternoon Peak,Weekday
T20190022550,2019-11-13,15:32:00,2,Struck Pedestrian,3,Wednesday,107,PED ON FOOTHPATH STRUCK BY VEHENTERING/LEAVING DRIVEWAY.,1,610199,T intersection,2,50,Local Road,SCOTT,DAREBIN,-37.716774,145.03072,2019,11,November,15,Afternoon Peak,Weekday
T20190022497,2019-11-13,10:18:00,1,Collision with vehicle,3,Wednesday,120,HEAD ON (NOT OVERTAKING),1,637452,Not at intersection,2,50,Local Road,INDUSTRIAL,WYNDHAM,-37.86681,144.73082,2019,11,November,10,Midday,Weekday
T20190022555,2019-11-13,18:23:00,1,Collision with vehicle,3,Wednesday,140,U TURN,2,600936,T intersection,3,50,Local Road,WATERVIEW,HUME,-37.581882,144.90796,2019,11,November,18,Afternoon Peak,Weekday
T20190022556,2019-11-13,21:54:00,1,Collision with vehicle,3,Wednesday,139,OTHER SAME DIRECTION-MANOUEVRES NOT INCLUDED IN DCAs 130-137,3,659676,Not at intersection,3,60,Arterial Other,KINGS,BRIMBANK,-37.716465,144.78116,2019,11,November,21,Night,Weekday
T20190022665,2019-11-13,21:00:00,1,Collision with vehicle,3,Wednesday,121,RIGHT THROUGH,6,603641,T intersection,3,50,Local Road,REDLEAP,WHITTLESEA,-37.660145,145.069,2019,11,November,21,Night,Weekday
T20190022539,2019-11-13,19:23:00,1,Collision with vehicle,3,Wednesday,131,LEFT REAR,1,610312,T intersection,2,60,Local Road,HALLETTS-WESTERN OUT,MOORABOOL,-37.665253,144.42337,2019,11,November,19,Night,Weekday
T20190022493,2019-11-13,09:00:00,1,Collision with vehicle,3,Wednesday,130,REAR END(VEHICLES IN SAME LANE),1,647114,Not at intersection,2,80,Arterial Highway,DANDENONG,DANDENONG,-38.000626,145.18727,2019,11,November,9,Morning Peak,Weekday
T20190022563,2019-11-13,21:20:00,1,Collision with vehicle,3,Wednesday,130,REAR END(VEHICLES IN SAME LANE),3,29617,T intersection,3,40,Arterial Highway,WARRIGAL,MONASH,-37.87273,145.09213,2019,11,November,21,Night,Weekday
T20190022565,2019-11-13,12:50:00,1,Collision with vehicle,3,Wednesday,111,RIGHT FAR (INTERSECTIONS ONLY),1,37365,T intersection,3,60,Arterial Other,SWAN,YARRA,-37.827236,145.01718,2019,11,November,12,Midday,Weekday
T20190022705,2019-11-13,09:10:00,1,Collision with vehicle,3,Wednesday,111,RIGHT FAR (INTERSECTIONS ONLY),1,659680,Multiple intersection,3,40,Local Road,RESEARCH,MONASH,-37.907253,145.12975,2019,11,November,9,Morning Peak,Weekday
T20190022545,2019-11-13,18:10:00,4,Collision with a fixed object,3,Wednesday,181,OFF RIGHT BEND INTO OBJECT/PARKED VEHICLE,1,30003,T intersection,2,50,Local Road,BEETHOVEN,CASEY,-38.06267,145.29271,2019,11,November,18,Afternoon Peak,Weekday
T20190022617,2019-11-13,15:55:00,4,Collision with a fixed object,3,Wednesday,171,LEFT OFF CARRIAGEWAY INTO OBJECT/PARKED VEHICLE,1,610250,Not at intersection,2,60,Arterial Other,MILITARY,MOONEE VALLEY,-37.7611,144.86153,2019,11,November,15,Afternoon Peak,Weekday
T20190022519,2019-11-13,09:00:00,1,Collision with vehicle,3,Wednesday,130,REAR END(VEHICLES IN SAME LANE),1,278656,Cross intersection,3,80,Arterial Other,EPPING,WHITTLESEA,-37.612022,145.03072,2019,11,November,9,Morning Peak,Weekday
T20190022520,2019-11-13,10:45:00,4,Collision with a fixed object,3,Wednesday,181,OFF RIGHT BEND INTO OBJECT/PARKED VEHICLE,1,603207,Not at intersection,2,100,Local Road,BAMBRA,SURF COAST,-38.407818,144.05423,2019,11,November,10,Midday,Weekday
T20190022526,2019-11-13,13:53:00,2,Struck Pedestrian,3,Wednesday,102,FAR SIDE. PED HIT BY VEHICLE FROM THE LEFT,1,44511,Cross intersection,3,60,Arterial Other,MURRAY,DAREBIN,-37.741005,145.03085,2019,11,November,13,Midday,Weekday
T20190022491,2019-11-13,09:25:00,4,Collision with a fixed object,3,Wednesday,173,RIGHT OFF CARRIAGEWAY INTO OBJECT/PARKED VEHICLE,1,654929,Not at intersection,2,100,Arterial Highway,CALDER,LODDON,-36.478775,143.7031,2019,11,November,9,Morning Peak,Weekday
T20190022529,2019-11-13,16:37:00,1,Collision with vehicle,3,Wednesday,113,RIGHT NEAR (INTERSECTIONS ONLY),1,44026,T intersection,2,80,Arterial Other,FRANKSTON-FLINDERS,MORNINGTON PENINSULA,-38.28464,145.1836,2019,11,November,16,Afternoon Peak,Weekday