ACCIDENT_NO,ACCIDENT_DATE,ACCIDENT_TIME,ACCIDENT_TYPE,ACCIDENT_TYPE_DESC,DAY_OF_WEEK,DAY_WEEK_DESC,DCA_CODE,DCA_DESC,LIGHT_CONDITION,NODE_ID,ROAD_GEOMETRY_DESC,SEVERITY,SPEED_ZONE,RMA,ROAD_NAME,LGA_NAME,LATITUDE,LONGITUDE,YEAR,MONTH,MONTH_NAME,HOUR,TIME_PERIOD,DAY_TYPE
T20190022531,2019-11-13,16:04:00,2,Struck Pedestrian,3,Wednesday,100,PED NEAR SIDE. PED HIT BY VEHICLE FROM THE RIGHT.,9,50039,T intersection,2,60,Local Road,FOSTER,GEELONG,-38.159637,144.35506,2019,11,November,16,Afternoon Peak,Weekday
T20190022469,2019-11-13,06:10:00,1,Collision with vehicle,3,Wednesday,135,LANE CHANGE LEFT (NOT OVERTAKING),2,659668,Not at intersection,2,60,Arterial Other,EPSOM,MELBOURNE,-37.782837,144.91687,2019,11,November,6,Morning Peak,Weekday
T20190022542,2019-11-13,17:06:00,1,Collision with vehicle,3,Wednesday,111,RIGHT FAR (INTERSECTIONS ONLY),1,47646,T intersection,2,60,Arterial Other,HUNTINGDALE,MONASH,-37.870823,145.11116,2019,11,November,17,Afternoon Peak,Weekday
T20190022993,2019-11-13,20:45:00,1,Collision with vehicle,3,Wednesday,121,RIGHT THROUGH,3,8759,Cross intersection,3,60,Arterial Highway,SOUTH GIPPSLAND,CASEY,-38.113018,145.2828,2019,11,November,20,Night,Weekday
T20190022479,2019-11-13,08:20:00,1,Collision with vehicle,3,Wednesday,110,CROSS TRAFFIC(INTERSECTIONS ONLY),1,52831,Cross intersection,3,60,Arterial Other,DRUMMOND,BALLARAT,-37.556488,143.84824,2019,11,November,8,Morning Peak,Weekday
T20190022537,2019-11-13,15:55:00,1,Collision with vehicle,3,Wednesday,147,VEHICLE STRIKES ANOTHER VEH WHILE EMERGING FROM DRIVEWAY,1,659675,Not at intersection,3,80,Arterial Highway,PRINCES,LATROBE,-38.2016,146.52515,2019,11,November,15,Afternoon Peak,Weekday
T20190023044,2019-11-13,18:00:00,1,Collision with vehicle,3,Wednesday,113,RIGHT NEAR (INTERSECTIONS ONLY),1,45212,T intersection,3,60,Local Road,ROSAMOND,MARIBYRNONG,-37.773823,144.88596,2019,11,November,18,Afternoon Peak,Weekday
T20190023588,2019-11-13,21:30:00,4,Collision with a fixed object,3,Wednesday,171,LEFT OFF CARRIAGEWAY INTO OBJECT/PARKED VEHICLE,5,45524,Cross intersection,3,60,Arterial Other,DERRIMUT ROAD -HOPKINS,MELTON,-37.80502,144.69594,2019,11,November,21,Night,Weekday
T20190022595,2019-11-13,07:30:00,1,Collision with vehicle,3,Wednesday,130,REAR END(VEHICLES IN SAME LANE),1,258557,Cross intersection,3,60,Local Road,MATTHEWS,MOONEE VALLEY,-37.713394,144.88995,2019,11,November,7,Morning Peak,Weekday
T20190022532,2019-11-13,16:49:00,1,Collision with vehicle,3,Wednesday,148,VEHICLE OFF FOOTPATH STRIKES VEH ON CARRIAGEWAY,1,629954,Not at intersection,3,40,Local Road,FISCHER,CAMPASPE,-36.31805,145.05351,2019,11,November,16,Afternoon Peak,Weekday
T20190022578,2019-11-13,22:00:00,1,Collision with vehicle,3,Wednesday,130,REAR END(VEHICLES IN SAME LANE),3,600935,Not at intersection,3,60,Arterial Highway,HODDLE,MELBOURNE,-37.81341,144.9907,2019,11,November,22,Night,Weekday
T20190023048,2019-11-13,20:30:00,1,Collision with vehicle,3,Wednesday,131,LEFT REAR,6,659673,Cross intersection,2,50,Arterial Highway,WYNDHAM,SHEPPARTON,-36.381165,145.39929,2019,11,November,20,Night,Weekday
T20200006521,2019-11-13,09:20:00,1,Collision with vehicle,3,Wednesday,130,REAR END(VEHICLES IN SAME LANE),1,638456,Not at intersection,3,100,Freeway,MONASH,CASEY,-38.01746,145.30829,2019,11,November,9,Morning Peak,Weekday
T20190022660,2019-11-13,21:30:00,2,Struck Pedestrian,3,Wednesday,103,PED PLAYING/LYING/WORKING/STANDING ON CARRIAGEWAY.,3,602164,Not at intersection,3,60,Arterial Other,DRUMMOND,BALLARAT,-37.561447,143.84734,2019,11,November,21,Night,Weekday
T20190022570,2019-11-13,18:43:00,1,Collision with vehicle,3,Wednesday,110,CROSS TRAFFIC(INTERSECTIONS ONLY),2,29987,Cross intersection,3,40,Local Road,BREED,LATROBE,-38.192013,146.53384,2019,11,November,18,Afternoon Peak,Weekday
T20190022511,2019-11-13,14:25:00,1,Collision with vehicle,3,Wednesday,198,OTHER ACCIDENTS NOT CLASSIFIABLE ELSEWHERE,1,652546,Not at intersection,3,100,Freeway,PENINSULA LINK,FRANKSTON,-38.164093,145.16539,2019,11,November,14,Midday,Weekday
T20190024834,2019-11-13,06:30:00,1,Collision with vehicle,3,Wednesday,130,REAR END(VEHICLES IN SAME LANE),2,608472,Multiple intersection,3,40,Local Road,CENTRE,HUME,-37.675423,144.85216,2019,11,November,6,Morning Peak,Weekday
T20190022502,2019-11-13,10:20:00,1,Collision with vehicle,3,Wednesday,140,U TURN,1,652562,Not at intersection,2,100,Arterial Highway,PRINCES,MOYNE,-38.338425,142.71736,2019,11,November,10,Midday,Weekday
T20190022517,2019-11-13,15:40:00,1,Collision with vehicle,3,Wednesday,134,LANE CHANGE RIGHT (NOT OVERTAKING),1,658216,Not at intersection,2,40,Local Road,LYGON,MORELAND,-37.76279,144.97327,2019,11,November,15,Afternoon Peak,Weekday
T20190022466,2019-11-13,02:20:00,1,Collision with vehicle,3,Wednesday,160,VEHICLE COLLIDES WITH VEHICLE PARKED ON LEFT OF ROAD,6,603059,Not at intersection,3,60,Local Road,NATIONAL,DANDENONG,-38.04209,145.23944,2019,11,November,2,Late Night,Weekday
T20190022501,2019-11-13,08:10:00,1,Collision with vehicle,3,Wednesday,121,RIGHT THROUGH,9,37220,Cross intersection,3,60,Arterial Other,CLYDE,CASEY,-38.038155,145.34253,2019,11,November,8,Morning Peak,Weekday
T20190022671,2019-11-14,15:45:00,1,Collision with vehicle,4,Thursday,130,REAR END(VEHICLES IN SAME LANE),1,602165,Not at intersection,3,80,Arterial Highway,BURWOOD,KNOX,-37.868763,145.23508,2019,11,November,15,Afternoon Peak,Weekday
T20190022594,2019-11-14,13:03:00,1,Collision with vehicle,4,Thursday,110,CROSS TRAFFIC(INTERSECTIONS ONLY),1,611597,Cross intersection,3,50,Local Road,SANDRINGHAM,BAYSIDE,-37.9521,145.01923,2019,11,November,13,Midday,Weekday
T20190022571,2019-11-14,09:07:00,1,Collision with vehicle,4,Thursday,137,LEFT TURN SIDESWIPE,1,36094,Cross intersection,2,50,Local Road,ABBOTSFORD,MELBOURNE,-37.79845,144.94627,2019,11,November,9,Morning Peak,Weekday
T20190022572,2019-11-14,08:38:00,1,Collision with vehicle,4,Thursday,134,LANE CHANGE RIGHT (NOT OVERTAKING),1,628953,Cross intersection,3,60,Arterial Highway,PRINCES HIGHWAY,PORT PHILLIP,-37.829517,144.96375,2019,11,November,8,Morning Peak,Weekday
T20190022593,2019-11-14,13:00:00,2,Struck Pedestrian,4,Thursday,100,PED NEAR SIDE. PED HIT BY VEHICLE FROM THE RIGHT.,1,109,Cross intersection,3,40,Local Road,ELGIN,MELBOURNE,-37.79716,144.96756,2019,11,November,13,Midday,Weekday
T20190022598,2019-11-14,14:20:00,1,Collision with vehicle,4,Thursday,130,REAR END(VEHICLES IN SAME LANE),1,52494,Cross intersection,3,60,Arterial Highway,DEAKIN,MILDURA,-34.18939,142.1572,2019,11,November,14,Midday,Weekday
T20190022604,2019-11-14,14:00:00,4,Collision with a fixed object,4,Thursday,141,U TURN INTO FIXED OBJECT/PARKED VEHICLE,1,652627,Not at intersection,3,40,Local Road,LAVA,WARRNAMBOOL,-38.382328,142.48611,2019,11,November,14,Midday,Weekday
T20190022605,2019-11-14,13:35:00,1,Collision with vehicle,4,Thursday,130,REAR END(VEHICLES IN SAME LANE),1,659684,Not at intersection,3,70,Arterial Highway,PLENTY,WHITTLESEA,-37.686836,145.06741,2019,11,November,13,Midday,Weekday
T20190022610,2019-11-14,16:00:00,1,Collision with vehicle,4,Thursday,110,CROSS TRAFFIC(INTERSECTIONS ONLY),1,52479,Cross intersection,2,60,Local Road,OLIVE,MILDURA,-34.184597,142.15497,2019,11,November,16,Afternoon Peak,Weekday
T20190023844,2019-11-14,11:30:00,1,Collision with vehicle,4,Thursday,110,CROSS TRAFFIC(INTERSECTIONS ONLY),1,41097,Cross intersection,3,40,Local Road,GORDON,PORT PHILLIP,-37.877045,144.98485,2019,11,November,11,Midday,Weekday
T20190022613,2019-11-14,13:15:00,1,Collision with vehicle,4,Thursday,110,CROSS TRAFFIC(INTERSECTIONS ONLY),1,51443,Cross intersection,2,100,Arterial Other,GRAHAM,CAMPASPE,-36.29884,144.98126,2019,11,November,13,Midday,Weekday
T20190022614,2019-11-14,16:58:00,1,Collision with vehicle,4,Thursday,131,LEFT REAR,1,335866,Cross intersection,3,60,Arterial Other,STATION,BRIMBANK,-37.760014,144.7768,2019,11,November,16,Afternoon Peak,Weekday
T20190022616,2019-11-14,17:02:00,1,Collision with vehicle,4,Thursday,130,REAR END(VEHICLES IN SAME LANE),1,601352,Not at intersection,3,70,Arterial Other,BOUNDARY,WYNDHAM,-37.814693,144.79965,2019,11,November,17,Afternoon Peak,Weekday
T20190022619,2019-11-14,17:52:00,1,Collision with vehicle,4,Thursday,111,RIGHT FAR (INTERSECTIONS ONLY),1,70686,Cross intersection,2,80,Arterial Highway,LOWER DANDENONG,KINGSTON,-37.98858,145.12527,2019,11,November,17,Afternoon Peak,Weekday
T20190022625,2019-11-14,18:40:00,1,Collision with vehicle,4,Thursday,121,RIGHT THROUGH,1,64164,Y intersection,3,60,Arterial Other,BRUNSWICK,MORELAND,-37.774517,144.93909,2019,11,November,18,Afternoon Peak,Weekday
T20190022627,2019-11-14,19:15:00,1,Collision with vehicle,4,Thursday,140,U TURN,1,54189,T intersection,3,50,Local Road,BLYTH,MORELAND,-37.76705,144.97731,2019,11,November,19,Night,Weekday
T20190022629,2019-11-14,16:54:00,1,Collision with vehicle,4,Thursday,121,RIGHT THROUGH,1,358286,Not at intersection,3,60,Local Road,GARDINER,MONASH,-37.90384,145.12846,2019,11,November,16,Afternoon Peak,Weekday
T20190022635,2019-11-14,17:58:00,1,Collision with vehicle,4,Thursday,110,CROSS TRAFFIC(INTERSECTIONS ONLY),1,35459,Cross intersection,3,60,Arterial Other,HARP,BOROONDARA,-37.800793,145.06252,2019,11,November,17,Afternoon Peak,Weekday
T20190022637,2019-11-14,16:35:00,2,Struck Pedestrian,4,Thursday,100,PED NEAR SIDE. PED HIT BY VEHICLE FROM THE RIGHT.,1,600940,Not at intersection,1,100,Freeway,PRINCES,WYNDHAM,-37.879234,144.71361,2019,11,November,16,Afternoon Peak,Weekday
T20190024224,2019-11-14,12:00:00,5,collision with some other object,4,Thursday,166,STRUCK OBJECT ON CARRIAGEWAY,1,607694,Not at intersection,3,70,Arterial Other,MAIN,BANYULE,-37.728104,145.12631,2019,11,November,12,Midday,Weekday
T20190022719,2019-11-14,10:19:00,5,collision with some other object,4,Thursday,191,LOAD OR MISSILE STRUCK VEHICLE,1,603642,Not at intersection,3,100,Arterial Highway,SOUTH GIPPSLAND,BASS COAST,-38.342922,145.64458,2019,11,November,10,Midday,Weekday
T20190022640,2019-11-14,17:14:00,1,Collision with vehicle,4,Thursday,121,RIGHT THROUGH,1,38091,Cross intersection,2,60,Arterial Other,GRANGE,DAREBIN,-37.77901,145.0251,2019,11,November,17,Afternoon Peak,Weekday
T20190022642,2019-11-14,22:10:00,1,Collision with vehicle,4,Thursday,116,LEFT NEAR (INTERSECTIONS ONLY),3,40083,T intersection,2,60,Arterial Other,MARINE,PORT PHILLIP,-37.8693,144.9759,2019,11,November,22,Night,Weekday
T20220017593,2019-11-14,12:30:00,1,Collision with vehicle,4,Thursday,130,REAR END(VEHICLES IN SAME LANE),1,43723,Cross intersection,3,60,Arterial Other,COBURNS,MELTON,-37.687576,144.56755,2019,11,November,12,Midday,Weekday
T20190023567,2019-11-14,13:45:00,1,Collision with vehicle,4,Thursday,121,RIGHT THROUGH,1,47939,T intersection,3,40,Local Road,SACKVILLE,YARRA,-37.798252,144.98439,2019,11,November,13,Midday,Weekday
T20190025534,2019-11-14,07:50:00,1,Collision with vehicle,4,Thursday,163,VEHICLE STRIKES DOOR OF PARKED/STATIONARY VEHICLE,1,627569,Not at intersection,3,60,Local Road,SURREY,STONNINGTON,-37.844444,144.99852,2019,11,November,7,Morning Peak,Weekday
T20190022602,2019-11-14,08:00:00,1,Collision with vehicle,4,Thursday,111,RIGHT FAR (INTERSECTIONS ONLY),1,41214,Cross intersection,3,60,Local Road,GLEN HUNTLY,GLEN EIRA,-37.885284,145.00867,2019,11,November,8,Morning Peak,Weekday
T20200002239,2019-11-14,15:00:00,1,Collision with vehicle,4,Thursday,130,REAR END(VEHICLES IN SAME LANE),1,659685,T intersection,3,80,Freeway,WESTERN IN-HOPKINS,MELTON,-37.742496,144.70079,2019,11,November,15,Afternoon Peak,Weekday
T20190022738,2019-11-14,00:42:00,1,Collision with vehicle,4,Thursday,110,CROSS TRAFFIC(INTERSECTIONS ONLY),3,39884,Cross intersection,3,60,Arterial Other,CENTRAL,HOBSONS BAY,-37.871548,144.77756,2019,11,November,0,Late Night,Weekday
T20190022896,2019-11-14,15:20:00,1,Collision with vehicle,4,Thursday,118,TWO LEFT TURNING (INTERSECTIONS ONLY),1,47210,T intersection,3,50,Local Road,ALLISON,BOROONDARA,-37.864944,145.06909,2019,11,November,15,Afternoon Peak,Weekday
T20190023395,2019-11-14,10:13:00,1,Collision with vehicle,4,Thursday,121,RIGHT THROUGH,1,40550,T intersection,3,60,Local Road,MATTHEWS,MOONEE VALLEY,-37.726673,144.89058,2019,11,November,10,Midday,Weekday
T20210005921,2019-11-14,17:30:00,8,No collision and no object struck,4,Thursday,174,OUT OF CONTROL ON CARRIAGEWAY (ON STRAIGHT),9,681019,Cross intersection,3,100,Local Road,BOULKA,MILDURA,-35.114803,142.30814,2019,11,November,17,Afternoon Peak,Weekday
T20190022850,2019-11-14,12:22:00,1,Collision with vehicle,4,Thursday,130,REAR END(VEHICLES IN SAME LANE),1,255218,Not at intersection,3,50,Local Road,CLOW,DANDENONG,-37.985123,145.2165,2019,11,November,12,Midday,Weekday
T20190022591,2019-11-14,12:45:00,1,Collision with vehicle,4,Thursday,163,VEHICLE STRIKES DOOR OF PARKED/STATIONARY VEHICLE,1,600934,Not at intersection,3,50,Arterial Other,LANSDOWNE,MELBOURNE,-37.81041,144.97823,2019,11,November,12,Midday,Weekday
T20190022567,2019-11-14,07:25:00,1,Collision with vehicle,4,Thursday,160,VEHICLE COLLIDES WITH VEHICLE PARKED ON LEFT OF ROAD,1,601618,Not at intersection,2,60,Arterial Highway,NORTH,BAYSIDE,-37.902054,145.02434,2019,11,November,7,Morning Peak,Weekday
T20190023147,2019-11-14,14:35:00,2,Struck Pedestrian,4,Thursday,109,ANY MANOEUVRE INVOLVING PED NOT INCLUDED IN DCAs 100-108.,1,612741,T intersection,3,40,Local Road,LITTLE BOURKE,MELBOURNE,-37.81455,144.95827,2019,11,November,14,Midday,Weekday
T20190022638,2019-11-14,21:16:00,1,Collision with vehicle,4,Thursday,121,RIGHT THROUGH,2,42744,Cross intersection,2,60,Arterial Highway,NEPEAN,KINGSTON,-37.965664,145.0578,2019,11,November,21,Night,Weekday
T20190022577,2019-11-14,08:56:00,1,Collision with vehicle,4,Thursday,147,VEHICLE STRIKES ANOTHER VEH WHILE EMERGING FROM DRIVEWAY,1,600933,T intersection,3,40,Local Road,BRUNSWICK,YARRA,-37.803043,144.97765,2019,11,November,8,Morning Peak,Weekday
T20190022658,2019-11-15,08:00:00,4,Collision with a fixed object,5,Friday,171,LEFT OFF CARRIAGEWAY INTO OBJECT/PARKED VEHICLE,1,632040,Not at intersection,2,80,Arterial Other,BUFFALO RIVER,ALPINE,-36.582245,146.69841,2019,11,November,8,Morning Peak,Weekday
T20190022735,2019-11-15,19:57:00,1,Collision with vehicle,5,Friday,160,VEHICLE COLLIDES WITH VEHICLE PARKED ON LEFT OF ROAD,2,618923,Not at intersection,2,60,Local Road,MURPHY,YARRA,-37.817947,145.00916,2019,11,November,19,Night,Weekday
T20190022736,2019-11-15,16:28:00,1,Collision with vehicle,5,Friday,113,RIGHT NEAR (INTERSECTIONS ONLY),1,308076,Cross intersection,3,80,Freeway,LEAKES,MELTON,-37.721573,144.65309,2019,11,November,16,Afternoon Peak,Weekday
T20190022715,2019-11-15,16:15:00,1,Collision with vehicle,5,Friday,130,REAR END(VEHICLES IN SAME LANE),1,606531,Not at intersection,3,100,Freeway,MONASH,CASEY,-37.997765,145.27547,2019,11,November,16,Afternoon Peak,Weekday
T20190024649,2019-11-15,06:00:00,4,Collision with a fixed object,5,Friday,171,LEFT OFF CARRIAGEWAY INTO OBJECT/PARKED VEHICLE,2,608151,Not at intersection,3,100,Arterial Other,FRANKSTON-FLINDERS,MORNINGTON PENINSULA,-38.402718,145.07402,2019,11,November,6,Morning Peak,Weekday
T20190022726,2019-11-15,18:40:00,1,Collision with vehicle,5,Friday,132,RIGHT REAR.,1,289972,Cross intersection,3,80,Arterial Other,HALL,CASEY,-38.107475,145.23756,2019,11,November,18,Afternoon Peak,Weekday
T20190022700,2019-11-15,15:10:00,4,Collision with a fixed object,5,Friday,181,OFF RIGHT BEND INTO OBJECT/PARKED VEHICLE,1,660609,Not at intersection,3,100,Arterial Other,BAXTER-TOORADIN,CASEY,-38.195343,145.34593,2019,11,November,15,Afternoon Peak,Weekday
T20190022694,2019-11-15,14:00:00,4,Collision with a fixed object,5,Friday,183,OFF LEFT BEND INTO OBJECT/PARKED VEHICLE,1,627834,Not at intersection,2,100,Arterial Highway,CALDER,BENDIGO,-36.726044,144.12097,2019,11,November,14,Midday,Weekday
T20190022709,2019-11-15,17:00:00,1,Collision with vehicle,5,Friday,110,CROSS TRAFFIC(INTERSECTIONS ONLY),1,61081,Cross intersection,3,60,Local Road,EDWARDS,BALLARAT,-37.605736,143.83533,2019,11,November,17,Afternoon Peak,Weekday
T20190023407,2019-11-15,15:00:00,1,Collision with vehicle,5,Friday,142,LEAVING PARKING,1,628766,Not at intersection,3,50,Arterial Other,MAIR,BALLARAT,-37.560204,143.86186,2019,11,November,15,Afternoon Peak,Weekday
T20190022710,2019-11-15,18:03:00,2,Struck Pedestrian,5,Friday,100,PED NEAR SIDE. PED HIT BY VEHICLE FROM THE RIGHT.,1,601620,Not at intersection,3,50,Local Road,HIGHETT,BAYSIDE,-37.94869,145.04143,2019,11,November,18,Afternoon Peak,Weekday
T20190022711,2019-11-15,10:00:00,1,Collision with vehicle,5,Friday,130,REAR END(VEHICLES IN SAME LANE),1,601880,Cross intersection,3,60,Arterial Other,THOMPSONS,CASEY,-38.0892,145.33116,2019,11,November,10,Midday,Weekday
T20190022688,2019-11-15,07:20:00,1,Collision with vehicle,5,Friday,120,HEAD ON (NOT OVERTAKING),1,602167,Not at intersection,2,40,Arterial Other,HOPKINS,MELTON,-37.758118,144.70291,2019,11,November,7,Morning Peak,Weekday
T20190022925,2019-11-15,02:55:00,4,Collision with a fixed object,5,Friday,183,OFF LEFT BEND INTO OBJECT/PARKED VEHICLE,3,41993,T intersection,2,60,Local Road,BARRY,HUME,-37.663017,144.91759,2019,11,November,2,Late Night,Weekday
T20190022921,2019-11-15,21:58:00,1,Collision with vehicle,5,Friday,121,RIGHT THROUGH,3,617,Cross intersection,3,60,Arterial Other,BLACKBURN,MONASH,-37.872204,145.14839,2019,11,November,21,Night,Weekday
T20190022720,2019-11-15,17:00:00,1,Collision with vehicle,5,Friday,121,RIGHT THROUGH,1,44624,T intersection,3,60,Arterial Other,GRIMSHAW,BANYULE,-37.700703,145.0658,2019,11,November,17,Afternoon Peak,Weekday
T20190023536,2019-11-15,17:30:00,1,Collision with vehicle,5,Friday,130,REAR END(VEHICLES IN SAME LANE),1,605511,Not at intersection,3,60,Arterial Other,BEACONSFIELD,PORT PHILLIP,-37.850735,144.95468,2019,11,November,17,Afternoon Peak,Weekday
T20190022718,2019-11-15,19:01:00,2,Struck Pedestrian,5,Friday,100,PED NEAR SIDE. PED HIT BY VEHICLE FROM THE RIGHT.,2,601621,T intersection,3,50,Local Road,GILBERT,DAREBIN,-37.729454,144.99153,2019,11,November,19,Night,Weekday
T20190022689,2019-11-15,13:40:00,1,Collision with vehicle,5,Friday,121,RIGHT THROUGH,1,44480,Cross intersection,3,40,Local Road,MALOP,GEELONG,-38.149414,144.36824,2019,11,November,13,Midday,Weekday
T20190022695,2019-11-15,08:35:00,1,Collision with vehicle,5,Friday,110,CROSS TRAFFIC(INTERSECTIONS ONLY),1,35355,Cross intersection,3,40,Local Road,ELIZABETH,MELBOURNE,-37.812283,144.96227,2019,11,November,8,Morning Peak,Weekday
T20190023217,2019-11-15,17:45:00,1,Collision with vehicle,5,Friday,121,RIGHT THROUGH,1,324500,T intersection,3,80,Local Road,LINTON,KINGSTON,-37.93416,145.04315,2019,11,November,17,Afternoon Peak,Weekday
T20190022919,2019-11-15,17:00:00,1,Collision with vehicle,5,Friday,113,RIGHT NEAR (INTERSECTIONS ONLY),1,660608,Cross intersection,3,60,Freeway,LITHGOW,MITCHELL,-37.473568,144.9725,2019,11,November,17,Afternoon Peak,Weekday
T20190023135,2019-11-15,17:17:00,4,Collision with a fixed object,5,Friday,171,LEFT OFF CARRIAGEWAY INTO OBJECT/PARKED VEHICLE,1,632177,Not at intersection,3,100,Arterial Other,SNOW,WANGARATTA,-36.42949,146.26825,2019,11,November,17,Afternoon Peak,Weekday
T20190022722,2019-11-15,15:30:00,1,Collision with vehicle,5,Friday,110,CROSS TRAFFIC(INTERSECTIONS ONLY),1,350626,Cross intersection,2,80,Arterial Other,PRINCES,CASEY,-38.03016,145.33575,2019,11,November,15,Afternoon Peak,Weekday
T20190022724,2019-11-15,15:20:00,1,Collision with vehicle,5,Friday,160,VEHICLE COLLIDES WITH VEHICLE PARKED ON LEFT OF ROAD,1,607832,Not at intersection,3,40,Local Road,BEACONSFIELD,BANYULE,-37.708557,145.11539,2019,11,November,15,Afternoon Peak,Weekday
T20190023374,2019-11-15,17:30:00,1,Collision with vehicle,5,Friday,130,REAR END(VEHICLES IN SAME LANE),2,604518,Not at intersection,2,80,Arterial Highway,SPRINGVALE,KINGSTON,-38.02315,145.1356,2019,11,November,17,Afternoon Peak,Weekday
T20190022725,2019-11-15,16:24:00,1,Collision with vehicle,5,Friday,130,REAR END(VEHICLES IN SAME LANE),1,652716,Not at intersection,3,60,Local Road,JUMPING CREEK,MANNINGHAM,-37.735394,145.28024,2019,11,November,16,Afternoon Peak,Weekday
T20190022727,2019-11-15,16:07:00,1,Collision with vehicle,5,Friday,110,CROSS TRAFFIC(INTERSECTIONS ONLY),1,53204,Cross intersection,3,60,Local Road,JAMES MIRAMS,HUME,-37.620712,144.92409,2019,11,November,16,Afternoon Peak,Weekday
T20190022733,2019-11-15,19:47:00,1,Collision with vehicle,5,Friday,142,LEAVING PARKING,2,629625,Not at intersection,2,60,Arterial Other,HAWTHORN,GLEN EIRA,-37.873688,145.02452,2019,11,November,19,Night,Weekday
T20190022708,2019-11-15,16:05:00,1,Collision with vehicle,5,Friday,121,RIGHT THROUGH,1,351927,Cross intersection,3,60,Arterial Highway,EAST BOUNDARY,GLEN EIRA,-37.906624,145.06177,2019,11,November,16,Afternoon Peak,Weekday
T20190022742,2019-11-15,21:30:00,1,Collision with vehicle,5,Friday,110,CROSS TRAFFIC(INTERSECTIONS ONLY),3,44593,Cross intersection,3,60,Arterial Other,LA TROBE,BALLARAT,-37.572754,143.83662,2019,11,November,21,Night,Weekday
T20190022674,2019-11-15,12:50:00,1,Collision with vehicle,5,Friday,140,U TURN,1,602166,Multiple intersection,2,60,Arterial Other,NICHOLSON,YARRA,-37.791565,144.976,2019,11,November,12,Midday,Weekday
T20190022752,2019-11-15,14:15:00,1,Collision with vehicle,5,Friday,110,CROSS TRAFFIC(INTERSECTIONS ONLY),1,52875,Cross intersection,3,50,Arterial Highway,DOVETON,BALLARAT,-37.561764,143.8548,2019,11,November,14,Midday,Weekday
T20190022712,2019-11-15,10:55:00,1,Collision with vehicle,5,Friday,132,RIGHT REAR.,1,581098,T intersection,3,60,Local Road,LINSELL,CASEY,-38.102108,145.3181,2019,11,November,10,Midday,Weekday
T20190022728,2019-11-15,09:15:00,1,Collision with vehicle,5,Friday,130,REAR END(VEHICLES IN SAME LANE),1,29750,T intersection,3,60,Arterial Other,PASCOE VALE,HUME,-37.677914,144.92236,2019,11,November,9,Morning Peak,Weekday
T20190022730,2019-11-15,15:35:00,1,Collision with vehicle,5,Friday,147,VEHICLE STRIKES ANOTHER VEH WHILE EMERGING FROM DRIVEWAY,1,607689,Not at intersection,2,60,Arterial Other,DAREBIN,DAREBIN,-37.765827,145.02362,2019,11,November,15,Afternoon Peak,Weekday
T20190022759,2019-11-15,16:25:00,4,Collision with a fixed object,5,Friday,183,OFF LEFT BEND INTO OBJECT/PARKED VEHICLE,1,611460,Not at intersection,2,100,Local Road,LABERTOUCHE,BAW BAW,-38.07609,145.78735,2019,11,November,16,Afternoon Peak,Weekday
T20190022667,2019-11-15,09:20:00,6,Vehicle overturned (no collision),5,Friday,180,OFF CARRIAGEWAY ON RIGHT BEND,1,607151,Not at intersection,2,60,Arterial Other,BOGONG HIGH PLAINS,(FALLS CREEK),-36.85266,147.27199,2019,11,November,9,Morning Peak,Weekday
T20190022679,2019-11-15,10:50:00,4,Collision with a fixed object,5,Friday,181,OFF RIGHT BEND INTO OBJECT/PARKED VEHICLE,1,652715,Not at intersection,3,100,Local Road,WILLOWMAVIN,MITCHELL,-37.27197,144.92006,2019,11,November,10,Midday,Weekday
T20190022678,2019-11-15,13:30:00,4,Collision with a fixed object,5,Friday,164,PERMANENT OBSTRUCTION ON CARRIAGEWAY,1,607152,Not at intersection,2,40,Arterial Other,SWAN,YARRA,-37.8248,144.99025,2019,11,November,13,Midday,Weekday
T20190022664,2019-11-15,08:35:00,4,Collision with a fixed object,5,Friday,171,LEFT OFF CARRIAGEWAY INTO OBJECT/PARKED VEHICLE,1,659739,Y intersection,3,100,Freeway,EASTLINK,KNOX,-37.906734,145.216,2019,11,November,8,Morning Peak,Weekday
T20190022655,2019-11-15,07:05:00,2,Struck Pedestrian,5,Friday,100,PED NEAR SIDE. PED HIT BY VEHICLE FROM THE RIGHT.,2,252859,T intersection,3,50,Arterial Highway,IMES,KINGSTON,-37.990627,145.0816,2019,11,November,7,Morning Peak,Weekday
T20200000185,2019-11-15,09:30:00,1,Collision with vehicle,5,Friday,130,REAR END(VEHICLES IN SAME LANE),1,657149,Not at intersection,2,40,Local Road,JETTY,GEELONG,-38.179626,144.5511,2019,11,November,9,Morning Peak,Weekday
T20190022690,2019-11-15,13:20:00,1,Collision with vehicle,5,Friday,120,HEAD ON (NOT OVERTAKING),1,619064,Not at intersection,2,100,Arterial Highway,HAMILTON,GOLDEN PLAINS,-38.12386,144.23232,2019,11,November,13,Midday,Weekday
T20190022776,2019-11-16,08:03:00,1,Collision with vehicle,6,Saturday,113,RIGHT NEAR (INTERSECTIONS ONLY),1,41594,Cross intersection,2,60,Local Road,BANK,MONASH,-37.9045,145.09132,2019,11,November,8,Morning Peak,Weekend