ACCIDENT_NO,ACCIDENT_DATE,ACCIDENT_TIME,ACCIDENT_TYPE,ACCIDENT_TYPE_DESC,DAY_OF_WEEK,DAY_WEEK_DESC,DCA_CODE,DCA_DESC,LIGHT_CONDITION,NODE_ID,ROAD_GEOMETRY_DESC,SEVERITY,SPEED_ZONE,RMA,ROAD_NAME,LGA_NAME,LATITUDE,LONGITUDE,YEAR,MONTH,MONTH_NAME,HOUR,TIME_PERIOD,DAY_TYPE
T20190022775,2019-11-16,09:40:00,4,Collision with a fixed object,6,Saturday,183,OFF LEFT BEND INTO OBJECT/PARKED VEHICLE,1,306881,T intersection,3,50,Local Road,MATTHEW FLINDERS,CASEY,-37.982548,145.25542,2019,11,November,9,Morning Peak,Weekend
T20190022774,2019-11-16,11:30:00,1,Collision with vehicle,6,Saturday,130,REAR END(VEHICLES IN SAME LANE),1,602770,Multiple intersection,3,70,Arterial Highway,WHITEHORSE,WHITEHORSE,-37.81639,145.19402,2019,11,November,11,Midday,Weekend
T20190022772,2019-11-16,09:25:00,4,Collision with a fixed object,6,Saturday,181,OFF RIGHT BEND INTO OBJECT/PARKED VEHICLE,1,616160,Not at intersection,3,100,Arterial Other,BEAUFORT-LEXTON,PYRENEES,-37.30792,143.47864,2019,11,November,9,Morning Peak,Weekend
T20190022770,2019-11-16,11:00:00,1,Collision with vehicle,6,Saturday,131,LEFT REAR,1,52713,Cross intersection,3,50,Local Road,CENTRAL SPRINGS,HEPBURN,-37.342518,144.13313,2019,11,November,11,Midday,Weekend
T20200015924,2019-11-16,12:30:00,1,Collision with vehicle,6,Saturday,130,REAR END(VEHICLES IN SAME LANE),1,729917,Not at intersection,3,70,Arterial Highway,PRINCES HIGHWAY,GLEN EIRA,-37.882378,145.05093,2019,11,November,12,Midday,Weekend
T20200000499,2019-11-16,15:00:00,1,Collision with vehicle,6,Saturday,130,REAR END(VEHICLES IN SAME LANE),1,616775,T intersection,3,60,Arterial Other,HIGH,WHITTLESEA,-37.65728,145.02011,2019,11,November,15,Afternoon Peak,Weekend
T20190024979,2019-11-16,11:00:00,1,Collision with vehicle,6,Saturday,130,REAR END(VEHICLES IN SAME LANE),1,664138,Not at intersection,3,70,Arterial Other,NARRE WARREN,CASEY,-38.104572,145.29153,2019,11,November,11,Midday,Weekend
T20190023699,2019-11-16,15:55:00,6,Vehicle overturned (no collision),6,Saturday,184,OUT OF CONTROL ON CARRIAGEWAY (ON BEND),1,627887,Not at intersection,2,100,Local Road,JAMIESON-LICOLA,WELLINGTON,-37.618237,146.59782,2019,11,November,15,Afternoon Peak,Weekend
T20190022868,2019-11-16,08:45:00,6,Vehicle overturned (no collision),6,Saturday,174,OUT OF CONTROL ON CARRIAGEWAY (ON STRAIGHT),1,652795,Not at intersection,3,60,Arterial Highway,WARRIGAL,KINGSTON,-37.97124,145.07347,2019,11,November,8,Morning Peak,Weekend
T20190022842,2019-11-16,18:09:00,4,Collision with a fixed object,6,Saturday,181,OFF RIGHT BEND INTO OBJECT/PARKED VEHICLE,1,652794,Not at intersection,2,80,Freeway,MONASH,STONNINGTON,-37.854145,145.0568,2019,11,November,18,Afternoon Peak,Weekend
T20190022841,2019-11-16,18:10:00,6,Vehicle overturned (no collision),6,Saturday,151,OUT OF CONTROL (OVERTAKING),1,666419,Not at intersection,2,100,Arterial Highway,PYRENEES,PYRENEES,-37.190502,143.28835,2019,11,November,18,Afternoon Peak,Weekend
T20190022833,2019-11-16,12:04:00,1,Collision with vehicle,6,Saturday,121,RIGHT THROUGH,1,40722,Cross intersection,3,60,Arterial Other,STEPHENSONS,MONASH,-37.864174,145.13118,2019,11,November,12,Midday,Weekend
T20190022826,2019-11-16,01:34:00,2,Struck Pedestrian,6,Saturday,100,PED NEAR SIDE. PED HIT BY VEHICLE FROM THE RIGHT.,3,40755,T intersection,2,60,Arterial Other,BLACKBURN,MONASH,-37.873905,145.1481,2019,11,November,1,Late Night,Weekend
T20190023170,2019-11-16,11:37:00,1,Collision with vehicle,6,Saturday,110,CROSS TRAFFIC(INTERSECTIONS ONLY),1,48924,Cross intersection,2,60,Local Road,BAILEY,GEELONG,-38.19625,144.34778,2019,11,November,11,Midday,Weekend
T20190022820,2019-11-16,15:00:00,1,Collision with vehicle,6,Saturday,133,LANE SIDE SWIPE (VEHICLES IN PARALLEL LANES),1,728622,T intersection,2,40,Arterial Other,CHURCH,YARRA,-37.82093,144.99876,2019,11,November,15,Afternoon Peak,Weekend
T20190022818,2019-11-16,21:11:00,4,Collision with a fixed object,6,Saturday,173,RIGHT OFF CARRIAGEWAY INTO OBJECT/PARKED VEHICLE,5,601883,Not at intersection,3,50,Local Road,BINDTS,WHITTLESEA,-37.6075,145.04514,2019,11,November,21,Night,Weekend
T20190022762,2019-11-16,09:20:00,1,Collision with vehicle,6,Saturday,116,LEFT NEAR (INTERSECTIONS ONLY),1,651004,T intersection,3,50,Local Road,ARTHUR,BRIMBANK,-37.741234,144.79839,2019,11,November,9,Morning Peak,Weekend
T20190022760,2019-11-16,09:30:00,2,Struck Pedestrian,6,Saturday,102,FAR SIDE. PED HIT BY VEHICLE FROM THE LEFT,1,610752,Not at intersection,3,40,Local Road,DUNDAS,DAREBIN,-37.754814,145.02412,2019,11,November,9,Morning Peak,Weekend
T20190022817,2019-11-16,16:05:00,1,Collision with vehicle,6,Saturday,134,LANE CHANGE RIGHT (NOT OVERTAKING),1,608454,Not at intersection,3,70,Arterial Other,BALLARAT,MARIBYRNONG,-37.77953,144.85197,2019,11,November,16,Afternoon Peak,Weekend
T20190022747,2019-11-16,00:16:00,1,Collision with vehicle,6,Saturday,110,CROSS TRAFFIC(INTERSECTIONS ONLY),3,38039,Cross intersection,3,50,Arterial Other,DAREBIN,DAREBIN,-37.765366,145.01926,2019,11,November,0,Late Night,Weekend
T20190022813,2019-11-16,14:05:00,1,Collision with vehicle,6,Saturday,121,RIGHT THROUGH,1,41769,T intersection,3,50,Local Road,SAMADA,MONASH,-37.9061,145.14973,2019,11,November,14,Midday,Weekend
T20190022809,2019-11-16,15:30:00,1,Collision with vehicle,6,Saturday,116,LEFT NEAR (INTERSECTIONS ONLY),1,40064,T intersection,3,50,Local Road,FITZROY,PORT PHILLIP,-37.860977,144.97534,2019,11,November,15,Afternoon Peak,Weekend
T20190022823,2019-11-16,20:20:00,2,Struck Pedestrian,6,Saturday,109,ANY MANOEUVRE INVOLVING PED NOT INCLUDED IN DCAs 100-108.,3,601884,T intersection,3,60,Arterial Other,KEILOR,MOONEE VALLEY,-37.74235,144.90475,2019,11,November,20,Night,Weekend
T20190022805,2019-11-16,15:38:00,4,Collision with a fixed object,6,Saturday,181,OFF RIGHT BEND INTO OBJECT/PARKED VEHICLE,1,606842,T intersection,2,100,Arterial Highway,SOUTH GIPPSLAND,CARDINIA,-38.271603,145.54752,2019,11,November,15,Afternoon Peak,Weekend
T20190022796,2019-11-16,12:00:00,1,Collision with vehicle,6,Saturday,136,RIGHT TURN SIDESWIPE,1,69960,T intersection,3,60,Local Road,FRIARS,KINGSTON,-37.9445,145.06339,2019,11,November,12,Midday,Weekend
T20190022791,2019-11-16,13:37:00,4,Collision with a fixed object,6,Saturday,181,OFF RIGHT BEND INTO OBJECT/PARKED VEHICLE,1,659811,Not at intersection,3,60,Local Road,CHURCHILL PARK,CASEY,-37.95994,145.27751,2019,11,November,13,Midday,Weekend
T20190022790,2019-11-16,11:35:00,4,Collision with a fixed object,6,Saturday,171,LEFT OFF CARRIAGEWAY INTO OBJECT/PARKED VEHICLE,1,779804,Not at intersection,3,50,Local Road,BENALLA,MOIRA,-36.020195,145.99924,2019,11,November,11,Midday,Weekend
T20190022789,2019-11-16,14:32:00,1,Collision with vehicle,6,Saturday,133,LANE SIDE SWIPE (VEHICLES IN PARALLEL LANES),1,659815,Not at intersection,3,60,Local Road,BARRABOOL,GEELONG,-38.164642,144.34825,2019,11,November,14,Midday,Weekend
T20190022786,2019-11-16,13:35:00,1,Collision with vehicle,6,Saturday,110,CROSS TRAFFIC(INTERSECTIONS ONLY),1,38031,Cross intersection,3,50,Local Road,BELGROVE,DAREBIN,-37.74598,145.01884,2019,11,November,13,Midday,Weekend
T20190022785,2019-11-16,13:15:00,1,Collision with vehicle,6,Saturday,160,VEHICLE COLLIDES WITH VEHICLE PARKED ON LEFT OF ROAD,1,659814,Not at intersection,3,60,Arterial Other,JACKSONS,DANDENONG,-37.94477,145.19188,2019,11,November,13,Midday,Weekend
T20190022779,2019-11-16,10:45:00,1,Collision with vehicle,6,Saturday,137,LEFT TURN SIDESWIPE,1,613292,Not at intersection,3,40,Arterial Highway,DOVETON,BALLARAT,-37.562256,143.85469,2019,11,November,10,Midday,Weekend
T20190022778,2019-11-16,10:35:00,6,Vehicle overturned (no collision),6,Saturday,180,OFF CARRIAGEWAY ON RIGHT BEND,1,608453,Not at intersection,2,100,Arterial Other,LANG LANG-POOWONG,SOUTH GIPPSLAND,-38.33068,145.71375,2019,11,November,10,Midday,Weekend
T20190022898,2019-11-16,12:05:00,5,collision with some other object,6,Saturday,166,STRUCK OBJECT ON CARRIAGEWAY,1,602472,Not at intersection,2,100,Local Road,EVANS CREEK,MANSFIELD,-37.01962,146.3997,2019,11,November,12,Midday,Weekend
T20190022777,2019-11-16,10:45:00,1,Collision with vehicle,6,Saturday,147,VEHICLE STRIKES ANOTHER VEH WHILE EMERGING FROM DRIVEWAY,1,659816,Not at intersection,3,60,Arterial Other,BEACH,BAYSIDE,-37.927902,144.9892,2019,11,November,10,Midday,Weekend
T20190024150,2019-11-17,15:15:00,1,Collision with vehicle,7,Sunday,145,REVERSING IN STREAM OF TRAFFIC,1,606543,Not at intersection,3,50,Local Road,MAY,WHITTLESEA,-37.671997,145.01758,2019,11,November,15,Afternoon Peak,Weekend
T20200016482,2019-11-17,08:30:00,1,Collision with vehicle,7,Sunday,130,REAR END(VEHICLES IN SAME LANE),1,662469,Not at intersection,3,80,Freeway,WEST GATE,MELBOURNE,-37.828102,144.95636,2019,11,November,8,Morning Peak,Weekend
T20190022873,2019-11-17,18:05:00,1,Collision with vehicle,7,Sunday,132,RIGHT REAR.,1,603061,Not at intersection,3,60,Arterial Other,DAREBIN,DAREBIN,-37.766552,145.03046,2019,11,November,18,Afternoon Peak,Weekend
T20190022824,2019-11-17,01:15:00,1,Collision with vehicle,7,Sunday,120,HEAD ON (NOT OVERTAKING),3,44903,Not at intersection,3,60,Arterial Other,STATION,BRIMBANK,-37.76536,144.77547,2019,11,November,1,Late Night,Weekend
T20190022874,2019-11-17,16:30:00,4,Collision with a fixed object,7,Sunday,183,OFF LEFT BEND INTO OBJECT/PARKED VEHICLE,1,611036,Not at intersection,2,60,Arterial Other,ELTHAM-YARRA GLEN,NILLUMBIK,-37.667633,145.26079,2019,11,November,16,Afternoon Peak,Weekend
T20190022851,2019-11-17,09:00:00,1,Collision with vehicle,7,Sunday,110,CROSS TRAFFIC(INTERSECTIONS ONLY),1,57918,Multiple intersection,3,60,Arterial Highway,DANDENONG,STONNINGTON,-37.878128,145.04764,2019,11,November,9,Morning Peak,Weekend
T20190022881,2019-11-17,10:30:00,1,Collision with vehicle,7,Sunday,130,REAR END(VEHICLES IN SAME LANE),9,64667,Cross intersection,3,40,Local Road,MACPHERSON,YARRA,-37.78641,144.97586,2019,11,November,10,Midday,Weekend
T20190022847,2019-11-17,13:40:00,1,Collision with vehicle,7,Sunday,169,OTHER ON PATH,1,606201,Not at intersection,2,40,Local Road,ANGLESEY,MITCHELL,-37.031475,145.14372,2019,11,November,13,Midday,Weekend
T20190022848,2019-11-17,12:00:00,1,Collision with vehicle,7,Sunday,110,CROSS TRAFFIC(INTERSECTIONS ONLY),1,43057,Cross intersection,3,50,Local Road,MASON,DANDENONG,-37.988308,145.21127,2019,11,November,12,Midday,Weekend
T20190022859,2019-11-17,12:45:00,2,Struck Pedestrian,7,Sunday,107,PED ON FOOTHPATH STRUCK BY VEHENTERING/LEAVING DRIVEWAY.,1,659819,Not at intersection,2,70,Arterial Highway,MOOROODUC,FRANKSTON,-38.148323,145.13513,2019,11,November,12,Midday,Weekend
T20190022854,2019-11-17,07:50:00,1,Collision with vehicle,7,Sunday,110,CROSS TRAFFIC(INTERSECTIONS ONLY),1,1188,Cross intersection,3,60,Arterial Highway,ALBERT,DAREBIN,-37.740128,145.02336,2019,11,November,7,Morning Peak,Weekend
T20190022825,2019-11-17,02:10:00,1,Collision with vehicle,7,Sunday,110,CROSS TRAFFIC(INTERSECTIONS ONLY),3,36095,Cross intersection,3,60,Local Road,ABBOTSFORD,MELBOURNE,-37.80053,144.9459,2019,11,November,2,Late Night,Weekend
T20190022853,2019-11-17,13:25:00,2,Struck Pedestrian,7,Sunday,103,PED PLAYING/LYING/WORKING/STANDING ON CARRIAGEWAY.,1,627887,Not at intersection,2,60,Local Road,JAMIESON-LICOLA,WELLINGTON,-37.618237,146.59782,2019,11,November,13,Midday,Weekend
T20190022877,2019-11-17,19:11:00,4,Collision with a fixed object,7,Sunday,183,OFF LEFT BEND INTO OBJECT/PARKED VEHICLE,1,667797,Not at intersection,2,100,Arterial Other,BALLAN-DAYLESFORD,MOORABOOL,-37.551712,144.18524,2019,11,November,19,Night,Weekend
T20190022844,2019-11-17,12:40:00,1,Collision with vehicle,7,Sunday,160,VEHICLE COLLIDES WITH VEHICLE PARKED ON LEFT OF ROAD,1,607537,Not at intersection,2,50,Local Road,MOSS,CASEY,-38.075516,145.31152,2019,11,November,12,Midday,Weekend
T20190026451,2019-11-17,15:00:00,8,No collision and no object struck,7,Sunday,174,OUT OF CONTROL ON CARRIAGEWAY (ON STRAIGHT),9,43693,T intersection,3,60,Arterial Other,RIDDELL,HUME,-37.57504,144.72752,2019,11,November,15,Afternoon Peak,Weekend
T20190023006,2019-11-17,12:30:00,5,collision with some other object,7,Sunday,183,OFF LEFT BEND INTO OBJECT/PARKED VEHICLE,1,602773,Not at intersection,3,80,Local Road,BUTTERCUP,MANSFIELD,-37.08192,146.29568,2019,11,November,12,Midday,Weekend
T20190022852,2019-11-17,13:45:00,1,Collision with vehicle,7,Sunday,110,CROSS TRAFFIC(INTERSECTIONS ONLY),1,8399,Cross intersection,2,50,Arterial Other,PEARCEDALE,HUME,-37.682285,144.91557,2019,11,November,13,Midday,Weekend
T20190022863,2019-11-17,15:10:00,1,Collision with vehicle,7,Sunday,140,U TURN,1,602170,Not at intersection,3,80,Arterial Highway,DANDENONG,DANDENONG,-37.93129,145.1539,2019,11,November,15,Afternoon Peak,Weekend
T20190022864,2019-11-17,01:45:00,4,Collision with a fixed object,7,Sunday,181,OFF RIGHT BEND INTO OBJECT/PARKED VEHICLE,5,653436,Not at intersection,3,100,Local Road,DRY SWAMP,GANNAWARRA,-35.64882,144.13882,2019,11,November,1,Late Night,Weekend
T20190022858,2019-11-17,12:28:00,1,Collision with vehicle,7,Sunday,120,HEAD ON (NOT OVERTAKING),1,608131,Not at intersection,2,80,Arterial Other,PASCOE VALE,HUME,-37.64609,144.9305,2019,11,November,12,Midday,Weekend
T20190022867,2019-11-17,14:55:00,4,Collision with a fixed object,7,Sunday,181,OFF RIGHT BEND INTO OBJECT/PARKED VEHICLE,1,628814,Not at intersection,2,100,Local Road,PORCUPINE RIDGE,HEPBURN,-37.318314,144.17744,2019,11,November,14,Midday,Weekend
T20190022845,2019-11-17,13:03:00,1,Collision with vehicle,7,Sunday,147,VEHICLE STRIKES ANOTHER VEH WHILE EMERGING FROM DRIVEWAY,1,605896,Not at intersection,3,60,Arterial Other,BELGRAVE-HALLAM,CASEY,-37.97883,145.31192,2019,11,November,13,Midday,Weekend
T20190022846,2019-11-17,10:40:00,4,Collision with a fixed object,7,Sunday,171,LEFT OFF CARRIAGEWAY INTO OBJECT/PARKED VEHICLE,1,652894,Not at intersection,3,100,Local Road,PLUNKETTS,WANGARATTA,-36.608536,146.3808,2019,11,November,10,Midday,Weekend
T20190022871,2019-11-17,15:50:00,1,Collision with vehicle,7,Sunday,130,REAR END(VEHICLES IN SAME LANE),1,602171,Not at intersection,3,60,Local Road,MITCHELL,MARIBYRNONG,-37.782272,144.87631,2019,11,November,15,Afternoon Peak,Weekend
T20190022861,2019-11-17,16:10:00,1,Collision with vehicle,7,Sunday,121,RIGHT THROUGH,1,585336,Unknown,2,60,Arterial Other,CAMPBELLFIELD-GREENSBOROUGH,DAREBIN,-37.695057,145.0124,2019,11,November,16,Afternoon Peak,Weekend
T20190022872,2019-11-17,15:15:00,1,Collision with vehicle,7,Sunday,152,PULLING OUT (OVERTAKING),1,602471,T intersection,2,100,Local Road,BASS,BASS COAST,-38.486866,145.48334,2019,11,November,15,Afternoon Peak,Weekend
T20190024957,2019-11-18,17:30:00,1,Collision with vehicle,1,Monday,130,REAR END(VEHICLES IN SAME LANE),1,659910,Not at intersection,3,60,Arterial Other,CHRISTIES,MELTON,-37.76116,144.73935,2019,11,November,17,Afternoon Peak,Weekday
T20190022941,2019-11-18,15:00:00,1,Collision with vehicle,1,Monday,135,LANE CHANGE LEFT (NOT OVERTAKING),1,36068,Cross intersection,3,50,Arterial Other,BOUNDARY,MELBOURNE,-37.792206,144.93945,2019,11,November,15,Afternoon Peak,Weekday
T20190023095,2019-11-18,15:00:00,2,Struck Pedestrian,1,Monday,100,PED NEAR SIDE. PED HIT BY VEHICLE FROM THE RIGHT.,1,622039,T intersection,3,40,Arterial Highway,SPRINGVALE,DANDENONG,-37.951874,145.15236,2019,11,November,15,Afternoon Peak,Weekday
T20190022944,2019-11-18,16:36:00,1,Collision with vehicle,1,Monday,113,RIGHT NEAR (INTERSECTIONS ONLY),1,36374,T intersection,2,60,Arterial Other,HIGH STREET,MONASH,-37.875557,145.17833,2019,11,November,16,Afternoon Peak,Weekday
T20190022946,2019-11-18,16:15:00,1,Collision with vehicle,1,Monday,169,OTHER ON PATH,1,608456,Not at intersection,3,50,Local Road,TIRHATUAN,KNOX,-37.92709,145.23692,2019,11,November,16,Afternoon Peak,Weekday
T20190022948,2019-11-18,16:00:00,1,Collision with vehicle,1,Monday,121,RIGHT THROUGH,1,278753,T intersection,3,100,Freeway,PRINCES,EAST GIPPSLAND,-37.71138,148.45795,2019,11,November,16,Afternoon Peak,Weekday
T20190022949,2019-11-18,16:37:00,1,Collision with vehicle,1,Monday,130,REAR END(VEHICLES IN SAME LANE),1,1208,Cross intersection,2,50,Local Road,DUNNE,DAREBIN,-37.714333,145.03873,2019,11,November,16,Afternoon Peak,Weekday
T20190023022,2019-11-18,07:45:00,1,Collision with vehicle,1,Monday,130,REAR END(VEHICLES IN SAME LANE),1,45531,Y intersection,3,60,Arterial Other,MELVILLE,MORELAND,-37.7694,144.94356,2019,11,November,7,Morning Peak,Weekday
T20190022955,2019-11-18,17:41:00,1,Collision with vehicle,1,Monday,148,VEHICLE OFF FOOTPATH STRIKES VEH ON CARRIAGEWAY,1,602477,Not at intersection,2,50,Local Road,RACHELLE,MOONEE VALLEY,-37.746647,144.87204,2019,11,November,17,Afternoon Peak,Weekday
T20190024132,2019-11-18,16:35:00,1,Collision with vehicle,1,Monday,130,REAR END(VEHICLES IN SAME LANE),1,636086,Cross intersection,3,60,Local Road,ALEXANDER,WHITTLESEA,-37.68201,145.02943,2019,11,November,16,Afternoon Peak,Weekday
T20190022976,2019-11-18,18:38:00,1,Collision with vehicle,1,Monday,181,OFF RIGHT BEND INTO OBJECT/PARKED VEHICLE,1,622625,Not at intersection,2,70,Arterial Other,YORK,YARRA RANGES,-37.790573,145.37645,2019,11,November,18,Afternoon Peak,Weekday
T20190022977,2019-11-18,16:23:00,4,Collision with a fixed object,1,Monday,171,LEFT OFF CARRIAGEWAY INTO OBJECT/PARKED VEHICLE,1,628818,Not at intersection,2,50,Local Road,RESERVE,DAREBIN,-37.751095,145.02649,2019,11,November,16,Afternoon Peak,Weekday
T20190022950,2019-11-18,17:40:00,1,Collision with vehicle,1,Monday,121,RIGHT THROUGH,1,610755,Not at intersection,2,60,Arterial Other,SHERBOURNE,NILLUMBIK,-37.71613,145.13669,2019,11,November,17,Afternoon Peak,Weekday
T20190022973,2019-11-18,15:54:00,1,Collision with vehicle,1,Monday,130,REAR END(VEHICLES IN SAME LANE),1,652991,Not at intersection,2,70,Arterial Other,MICKLEHAM,HUME,-37.68734,144.8824,2019,11,November,15,Afternoon Peak,Weekday
T20190022952,2019-11-18,16:50:00,1,Collision with vehicle,1,Monday,147,VEHICLE STRIKES ANOTHER VEH WHILE EMERGING FROM DRIVEWAY,1,313879,Not at intersection,3,60,Arterial Other,MAIN WHITTLESEA,WHITTLESEA,-37.64916,145.09047,2019,11,November,16,Afternoon Peak,Weekday
T20190023045,2019-11-18,17:20:00,6,Vehicle overturned (no collision),1,Monday,174,OUT OF CONTROL ON CARRIAGEWAY (ON STRAIGHT),1,659909,Not at intersection,3,50,Arterial Other,ST KILDA ROAD SERVICE,MELBOURNE,-37.829487,144.9711,2019,11,November,17,Afternoon Peak,Weekday
T20190023004,2019-11-18,17:30:00,1,Collision with vehicle,1,Monday,130,REAR END(VEHICLES IN SAME LANE),1,603365,Not at intersection,3,80,Arterial Other,WELLINGTON,YARRA RANGES,-37.941837,145.31952,2019,11,November,17,Afternoon Peak,Weekday
T20190022999,2019-11-18,21:40:00,4,Collision with a fixed object,1,Monday,181,OFF RIGHT BEND INTO OBJECT/PARKED VEHICLE,5,635865,Not at intersection,2,100,Arterial Other,HEALESVILLE-KINGLAKE,MURRINDINDI,-37.52712,145.40372,2019,11,November,21,Night,Weekday
T20190023755,2019-11-18,18:35:00,1,Collision with vehicle,1,Monday,130,REAR END(VEHICLES IN SAME LANE),1,608136,Not at intersection,3,40,Arterial Other,DERRIMUT,WYNDHAM,-37.828068,144.69215,2019,11,November,18,Afternoon Peak,Weekday
T20190022959,2019-11-18,17:30:00,1,Collision with vehicle,1,Monday,130,REAR END(VEHICLES IN SAME LANE),1,651615,Not at intersection,3,70,Arterial Other,POUND,DANDENONG,-38.026188,145.24634,2019,11,November,17,Afternoon Peak,Weekday
T20190022961,2019-11-18,19:15:00,4,Collision with a fixed object,1,Monday,171,LEFT OFF CARRIAGEWAY INTO OBJECT/PARKED VEHICLE,1,660501,T intersection,3,60,Local Road,ALFRED,BAW BAW,-38.16749,145.93832,2019,11,November,19,Night,Weekday
T20190022966,2019-11-18,16:30:00,1,Collision with vehicle,1,Monday,110,CROSS TRAFFIC(INTERSECTIONS ONLY),1,604369,Cross intersection,2,60,Local Road,KAY,LATROBE,-38.195644,146.51564,2019,11,November,16,Afternoon Peak,Weekday
T20190022992,2019-11-18,22:25:00,1,Collision with vehicle,1,Monday,130,REAR END(VEHICLES IN SAME LANE),5,602013,Not at intersection,1,100,Local Road,HODGINS,MORNINGTON PENINSULA,-38.300087,145.15034,2019,11,November,22,Night,Weekday
T20190022984,2019-11-18,20:00:00,1,Collision with vehicle,1,Monday,121,RIGHT THROUGH,2,652992,Not at intersection,3,80,Arterial Other,PASCOE VALE,HUME,-37.661102,144.92415,2019,11,November,20,Night,Weekday
T20190022983,2019-11-18,19:00:00,4,Collision with a fixed object,1,Monday,181,OFF RIGHT BEND INTO OBJECT/PARKED VEHICLE,2,606232,Not at intersection,3,50,Local Road,SOLID,CARDINIA,-38.057865,145.47893,2019,11,November,19,Night,Weekday
T20190025912,2019-11-18,16:30:00,1,Collision with vehicle,1,Monday,130,REAR END(VEHICLES IN SAME LANE),1,613027,Not at intersection,3,60,Arterial Other,WAVERLEY,STONNINGTON,-37.87801,145.08116,2019,11,November,16,Afternoon Peak,Weekday
T20190022932,2019-11-18,11:46:00,1,Collision with vehicle,1,Monday,135,LANE CHANGE LEFT (NOT OVERTAKING),1,603362,Not at intersection,3,100,Freeway,WESTERN RING,MORELAND,-37.693993,144.93028,2019,11,November,11,Midday,Weekday
T20190022928,2019-11-18,13:25:00,1,Collision with vehicle,1,Monday,118,TWO LEFT TURNING (INTERSECTIONS ONLY),1,237030,T intersection,2,60,Arterial Other,PLENTY,WHITTLESEA,-37.646152,145.094,2019,11,November,13,Midday,Weekday
T20190022927,2019-11-18,07:38:00,4,Collision with a fixed object,1,Monday,171,LEFT OFF CARRIAGEWAY INTO OBJECT/PARKED VEHICLE,2,659866,Not at intersection,3,100,Local Road,OLD SYDNEY,MITCHELL,-37.50419,144.89772,2019,11,November,7,Morning Peak,Weekday
T20190022922,2019-11-18,08:35:00,1,Collision with vehicle,1,Monday,110,CROSS TRAFFIC(INTERSECTIONS ONLY),1,591782,Cross intersection,2,80,Arterial Highway,NEPEAN,MORNINGTON PENINSULA,-38.195,145.09119,2019,11,November,8,Morning Peak,Weekday
T20190022918,2019-11-18,06:20:00,1,Collision with vehicle,1,Monday,125,LEFT/LEFT. BOTH VEHs FROM OPPOSITE DIRECTIONS TURNING LEFT.,1,757261,Not at intersection,3,60,Arterial Other,BLACKBURN,MONASH,-37.900955,145.14299,2019,11,November,6,Morning Peak,Weekday
T20190022917,2019-11-18,11:30:00,1,Collision with vehicle,1,Monday,121,RIGHT THROUGH,1,37871,Cross intersection,2,70,Arterial Highway,ST GEORGES,DAREBIN,-37.768387,144.99121,2019,11,November,11,Midday,Weekday
T20190023220,2019-11-18,14:25:00,4,Collision with a fixed object,1,Monday,171,LEFT OFF CARRIAGEWAY INTO OBJECT/PARKED VEHICLE,1,661281,Not at intersection,2,80,Arterial Highway,MELBOURNE,GEELONG,-38.099735,144.35486,2019,11,November,14,Midday,Weekday
T20190024392,2019-11-18,18:30:00,1,Collision with vehicle,1,Monday,132,RIGHT REAR.,1,606875,T intersection,3,50,Local Road,MILLS,HOBSONS BAY,-37.837395,144.8554,2019,11,November,18,Afternoon Peak,Weekday
T20190022915,2019-11-18,08:03:00,1,Collision with vehicle,1,Monday,130,REAR END(VEHICLES IN SAME LANE),1,602474,Not at intersection,2,70,Arterial Highway,PLENTY,DAREBIN,-37.704037,145.05544,2019,11,November,8,Morning Peak,Weekday
T20190022910,2019-11-18,11:16:00,6,Vehicle overturned (no collision),1,Monday,170,OFF CARRIAGEWAY TO LEFT,1,603062,Not at intersection,2,100,Freeway,GEELONG RING,GEELONG,-38.206215,144.30038,2019,11,November,11,Midday,Weekday
T20190022909,2019-11-18,12:23:00,2,Struck Pedestrian,1,Monday,100,PED NEAR SIDE. PED HIT BY VEHICLE FROM THE RIGHT.,1,43056,Cross intersection,2,50,Local Road,THOMAS,DANDENONG,-37.988213,145.21277,2019,11,November,12,Midday,Weekday
T20190022903,2019-11-18,09:59:00,1,Collision with vehicle,1,Monday,175,OFF END OF ROAD/T-INTERSECTION.,1,233390,T intersection,2,80,Freeway,CHURCH,YARRA,-37.83344,144.99666,2019,11,November,9,Morning Peak,Weekday
T20190022900,2019-11-18,08:40:00,1,Collision with vehicle,1,Monday,160,VEHICLE COLLIDES WITH VEHICLE PARKED ON LEFT OF ROAD,1,604802,T intersection,2,40,Local Road,PLUMPTON,MELTON,-37.62094,144.7099,2019,11,November,8,Morning Peak,Weekday
T20190022894,2019-11-18,06:30:00,1,Collision with vehicle,1,Monday,173,RIGHT OFF CARRIAGEWAY INTO OBJECT/PARKED VEHICLE,1,603208,Not at intersection,2,80,Arterial Highway,NEPEAN,GLEN EIRA,-37.89152,145.00255,2019,11,November,6,Morning Peak,Weekday
T20190022893,2019-11-18,08:40:00,1,Collision with vehicle,1,Monday,148,VEHICLE OFF FOOTPATH STRIKES VEH ON CARRIAGEWAY,1,602173,Not at intersection,3,40,Local Road,DONCASTER,MOONEE VALLEY,-37.778355,144.90405,2019,11,November,8,Morning Peak,Weekday