ACCIDENT_NO,ACCIDENT_DATE,ACCIDENT_TIME,ACCIDENT_TYPE,ACCIDENT_TYPE_DESC,DAY_OF_WEEK,DAY_WEEK_DESC,DCA_CODE,DCA_DESC,LIGHT_CONDITION,NODE_ID,ROAD_GEOMETRY_DESC,SEVERITY,SPEED_ZONE,RMA,ROAD_NAME,LGA_NAME,LATITUDE,LONGITUDE,YEAR,MONTH,MONTH_NAME,HOUR,TIME_PERIOD,DAY_TYPE
T20190022892,2019-11-18,09:15:00,1,Collision with vehicle,1,Monday,116,LEFT NEAR (INTERSECTIONS ONLY),1,602172,T intersection,2,40,Local Road,KINGSTON DOWNS,GEELONG,-38.253338,144.54666,2019,11,November,9,Morning Peak,Weekday
T20190022886,2019-11-18,03:18:00,1,Collision with vehicle,1,Monday,120,HEAD ON (NOT OVERTAKING),5,609599,Not at intersection,1,100,Arterial Highway,SOUTH GIPPSLAND,SOUTH GIPPSLAND,-38.49206,145.95195,2019,11,November,3,Late Night,Weekday
T20190022971,2019-11-18,16:35:00,1,Collision with vehicle,1,Monday,147,VEHICLE STRIKES ANOTHER VEH WHILE EMERGING FROM DRIVEWAY,1,603645,Not at intersection,3,60,Arterial Other,WAVERLEY,STONNINGTON,-37.87719,145.08594,2019,11,November,16,Afternoon Peak,Weekday
T20190022972,2019-11-18,17:10:00,1,Collision with vehicle,1,Monday,150,HEAD ON(OVERTAKING),1,604803,Not at intersection,3,50,Local Road,TARCOOLA,HUME,-37.64529,144.92758,2019,11,November,17,Afternoon Peak,Weekday
T20190022982,2019-11-18,17:25:00,1,Collision with vehicle,1,Monday,121,RIGHT THROUGH,1,52568,Cross intersection,3,80,Arterial Highway,HENTY,YARRIAMBIACK,-36.245956,142.40155,2019,11,November,17,Afternoon Peak,Weekday
T20190023254,2019-11-18,17:00:00,1,Collision with vehicle,1,Monday,132,RIGHT REAR.,1,603371,T intersection,3,60,Local Road,BARKLY,MARIBYRNONG,-37.795773,144.86276,2019,11,November,17,Afternoon Peak,Weekday
T20190023910,2019-11-18,14:10:00,1,Collision with vehicle,1,Monday,131,LEFT REAR,1,35440,Cross intersection,3,70,Arterial Highway,PLENTY,WHITTLESEA,-37.694763,145.06009,2019,11,November,14,Midday,Weekday
T20190024256,2019-11-18,12:00:00,1,Collision with vehicle,1,Monday,130,REAR END(VEHICLES IN SAME LANE),1,607545,Not at intersection,2,100,Freeway,EASTERN,MANNINGHAM,-37.799877,145.14821,2019,11,November,12,Midday,Weekday
T20190024081,2019-11-18,07:30:00,1,Collision with vehicle,1,Monday,121,RIGHT THROUGH,2,37871,Cross intersection,3,60,Arterial Highway,ST GEORGES,DAREBIN,-37.768387,144.99121,2019,11,November,7,Morning Peak,Weekday
T20190023805,2019-11-18,09:00:00,1,Collision with vehicle,1,Monday,137,LEFT TURN SIDESWIPE,1,46375,T intersection,3,40,Arterial Other,BRIDGE,YARRA,-37.81995,145.01257,2019,11,November,9,Morning Peak,Weekday
T20190022936,2019-11-18,16:00:00,1,Collision with vehicle,1,Monday,130,REAR END(VEHICLES IN SAME LANE),1,603644,Not at intersection,3,60,Arterial Other,BURKE,BOROONDARA,-37.81115,145.06055,2019,11,November,16,Afternoon Peak,Weekday
T20190022937,2019-11-18,13:43:00,1,Collision with vehicle,1,Monday,130,REAR END(VEHICLES IN SAME LANE),1,659902,Cross intersection,3,80,Arterial Other,THOMPSONS,CASEY,-38.080265,145.26154,2019,11,November,13,Midday,Weekday
T20190024347,2019-11-18,09:00:00,1,Collision with vehicle,1,Monday,134,LANE CHANGE RIGHT (NOT OVERTAKING),1,610760,Not at intersection,2,100,Freeway,WESTERN RING,BRIMBANK,-37.744267,144.84322,2019,11,November,9,Morning Peak,Weekday
T20190022940,2019-11-18,14:15:00,1,Collision with vehicle,1,Monday,121,RIGHT THROUGH,1,46350,T intersection,2,80,Arterial Highway,SOUTH GIPPSLAND,CASEY,-38.160824,145.31871,2019,11,November,14,Midday,Weekday
T20190023094,2019-11-19,18:35:00,1,Collision with vehicle,2,Tuesday,137,LEFT TURN SIDESWIPE,1,37014,T intersection,2,50,Local Road,ALBERT,MELBOURNE,-37.810127,144.98094,2019,11,November,18,Afternoon Peak,Weekday
T20190023030,2019-11-19,07:40:00,1,Collision with vehicle,2,Tuesday,139,OTHER SAME DIRECTION-MANOUEVRES NOT INCLUDED IN DCAs 130-137,1,602774,Not at intersection,3,60,Arterial Other,RESEARCH-WARRANDYTE,NILLUMBIK,-37.727325,145.2117,2019,11,November,7,Morning Peak,Weekday
T20190023026,2019-11-19,12:30:00,1,Collision with vehicle,2,Tuesday,111,RIGHT FAR (INTERSECTIONS ONLY),1,51721,Cross intersection,3,60,Local Road,ALLINGHAM,BENDIGO,-36.792454,144.2502,2019,11,November,12,Midday,Weekday
T20190023099,2019-11-19,22:10:00,1,Collision with vehicle,2,Tuesday,121,RIGHT THROUGH,3,899,Cross intersection,3,80,Arterial Highway,FRANKSTON-DANDENONG,FRANKSTON,-38.08594,145.1834,2019,11,November,22,Night,Weekday
T20190023017,2019-11-19,06:00:00,1,Collision with vehicle,2,Tuesday,112,LEFT FAR (INTERSECTIONS ONLY),2,660612,T intersection,3,60,Arterial Other,LOWER HEIDELBERG,BANYULE,-37.772667,145.04077,2019,11,November,6,Morning Peak,Weekday
T20190023013,2019-11-19,11:15:00,1,Collision with vehicle,2,Tuesday,147,VEHICLE STRIKES ANOTHER VEH WHILE EMERGING FROM DRIVEWAY,1,602482,Not at intersection,3,60,Arterial Other,BAY,BAYSIDE,-37.95568,145.0372,2019,11,November,11,Midday,Weekday
T20190023009,2019-11-19,09:40:00,1,Collision with vehicle,2,Tuesday,110,CROSS TRAFFIC(INTERSECTIONS ONLY),1,45420,Cross intersection,2,60,Arterial Other,MT ALEXANDER,MOONEE VALLEY,-37.765263,144.92372,2019,11,November,9,Morning Peak,Weekday
T20220025360,2019-11-19,16:23:00,1,Collision with vehicle,2,Tuesday,130,REAR END(VEHICLES IN SAME LANE),1,734495,Unknown,3,60,Local Road,MILLER,WHITTLESEA,-37.638893,145.0215,2019,11,November,16,Afternoon Peak,Weekday
T20190023053,2019-11-19,15:30:00,2,Struck Pedestrian,2,Tuesday,107,PED ON FOOTHPATH STRUCK BY VEHENTERING/LEAVING DRIVEWAY.,1,604366,Not at intersection,3,40,Local Road,ANDERSON,MORELAND,-37.73412,144.93526,2019,11,November,15,Afternoon Peak,Weekday
T20190023703,2019-11-19,16:25:00,1,Collision with vehicle,2,Tuesday,121,RIGHT THROUGH,1,44705,Cross intersection,2,60,Arterial Other,GRIMSHAW,BANYULE,-37.702908,145.08754,2019,11,November,16,Afternoon Peak,Weekday
T20190023050,2019-11-19,10:00:00,6,Vehicle overturned (no collision),2,Tuesday,180,OFF CARRIAGEWAY ON RIGHT BEND,1,628820,Not at intersection,2,100,Arterial Other,GRANYA,TOWONG,-36.17615,147.33871,2019,11,November,10,Midday,Weekday
T20190024455,2019-11-19,17:00:00,1,Collision with vehicle,2,Tuesday,130,REAR END(VEHICLES IN SAME LANE),9,38405,T intersection,3,60,Arterial Other,RINGWOOD-WARRANDYTE,MANNINGHAM,-37.76946,145.23038,2019,11,November,17,Afternoon Peak,Weekday
T20190023093,2019-11-19,21:13:00,1,Collision with vehicle,2,Tuesday,160,VEHICLE COLLIDES WITH VEHICLE PARKED ON LEFT OF ROAD,3,645931,T intersection,3,50,Local Road,THE STRAND,HOBSONS BAY,-37.84666,144.8944,2019,11,November,21,Night,Weekday
T20190023062,2019-11-19,15:40:00,1,Collision with vehicle,2,Tuesday,130,REAR END(VEHICLES IN SAME LANE),1,609038,Not at intersection,3,60,Arterial Other,MURRAY,DAREBIN,-37.74093,145.03278,2019,11,November,15,Afternoon Peak,Weekday
T20190022994,2019-11-19,05:00:00,1,Collision with vehicle,2,Tuesday,121,RIGHT THROUGH,2,37141,T intersection,2,60,Arterial Other,SUNSHINE,MARIBYRNONG,-37.79815,144.84975,2019,11,November,5,Morning Peak,Weekday
T20190023128,2019-11-19,16:55:00,4,Collision with a fixed object,2,Tuesday,171,LEFT OFF CARRIAGEWAY INTO OBJECT/PARKED VEHICLE,1,603922,Not at intersection,3,60,Local Road,BEENAK,YARRA RANGES,-37.88681,145.62126,2019,11,November,16,Afternoon Peak,Weekday
T20190022997,2019-11-19,06:45:00,3,Struck animal,2,Tuesday,167,STRUCK ANIMAL,1,603647,Not at intersection,2,100,Local Road,MOUNT ELIZA,MACEDON RANGES,-37.390694,144.69716,2019,11,November,6,Morning Peak,Weekday
T20190023049,2019-11-19,14:30:00,1,Collision with vehicle,2,Tuesday,160,VEHICLE COLLIDES WITH VEHICLE PARKED ON LEFT OF ROAD,1,603648,Not at intersection,3,60,Arterial Other,PARA,BANYULE,-37.7214,145.11336,2019,11,November,14,Midday,Weekday
T20190024731,2019-11-19,21:30:00,1,Collision with vehicle,2,Tuesday,130,REAR END(VEHICLES IN SAME LANE),3,57206,Cross intersection,3,70,Local Road,LEAKES,WYNDHAM,-37.83501,144.69551,2019,11,November,21,Night,Weekday
T20190023002,2019-11-19,08:56:00,2,Struck Pedestrian,2,Tuesday,103,PED PLAYING/LYING/WORKING/STANDING ON CARRIAGEWAY.,1,660181,Not at intersection,3,40,Local Road,BOWEN,YARRA RANGES,-37.756252,145.33646,2019,11,November,8,Morning Peak,Weekday
T20190023046,2019-11-19,14:40:00,1,Collision with vehicle,2,Tuesday,134,LANE CHANGE RIGHT (NOT OVERTAKING),1,602775,Not at intersection,2,60,Arterial Other,BRUNSWICK,MORELAND,-37.775375,144.94617,2019,11,November,14,Midday,Weekday
T20190025651,2019-11-19,04:00:00,3,Struck animal,2,Tuesday,167,STRUCK ANIMAL,9,660256,Not at intersection,3,80,Freeway,METROPOLITAN RING,BANYULE,-37.687183,145.07605,2019,11,November,4,Late Night,Weekday
T20190025179,2019-11-19,10:00:00,1,Collision with vehicle,2,Tuesday,199,UNKNOWN-NO DETAILS ON MANOEUVRES OF ROAD-USERS IN ACCIDENT,1,57170,T intersection,3,40,Local Road,CARROLL,DANDENONG,-37.977844,145.22336,2019,11,November,10,Midday,Weekday
T20190023059,2019-11-19,17:35:00,2,Struck Pedestrian,2,Tuesday,100,PED NEAR SIDE. PED HIT BY VEHICLE FROM THE RIGHT.,1,238293,T intersection,3,60,Arterial Other,EPSOM,MOONEE VALLEY,-37.77856,144.9128,2019,11,November,17,Afternoon Peak,Weekday
T20190023166,2019-11-19,22:42:00,1,Collision with vehicle,2,Tuesday,113,RIGHT NEAR (INTERSECTIONS ONLY),3,38532,Cross intersection,3,60,Local Road,GLENGALA,BRIMBANK,-37.78842,144.82458,2019,11,November,22,Night,Weekday
T20190023042,2019-11-19,14:15:00,1,Collision with vehicle,2,Tuesday,132,RIGHT REAR.,1,653089,T intersection,3,80,Arterial Other,WESTERN,MELTON,-37.758793,144.74727,2019,11,November,14,Midday,Weekday
T20200008025,2019-11-19,18:00:00,1,Collision with vehicle,2,Tuesday,130,REAR END(VEHICLES IN SAME LANE),1,729230,Not at intersection,2,80,Freeway,WESTERN,MOORABOOL,-37.552,143.99475,2019,11,November,18,Afternoon Peak,Weekday
T20190024397,2019-11-19,08:05:00,1,Collision with vehicle,2,Tuesday,110,CROSS TRAFFIC(INTERSECTIONS ONLY),1,50833,Cross intersection,3,100,Arterial Highway,MURRAY VALLEY,INDIGO,-36.045315,146.61931,2019,11,November,8,Morning Peak,Weekday
T20190023142,2019-11-19,17:15:00,1,Collision with vehicle,2,Tuesday,130,REAR END(VEHICLES IN SAME LANE),1,643472,Not at intersection,3,60,Arterial Other,HEATHS,WYNDHAM,-37.88384,144.64734,2019,11,November,17,Afternoon Peak,Weekday
T20190023152,2019-11-19,16:10:00,1,Collision with vehicle,2,Tuesday,120,HEAD ON (NOT OVERTAKING),1,612465,T intersection,2,40,Local Road,GLEN IRIS,BOROONDARA,-37.85885,145.0664,2019,11,November,16,Afternoon Peak,Weekday
T20190023122,2019-11-19,16:21:00,4,Collision with a fixed object,2,Tuesday,146,REVERSING INTO FIXED OBJECT/PARKED VEHICLE,1,628822,Not at intersection,2,50,Local Road,KUMALA,KNOX,-37.84802,145.25592,2019,11,November,16,Afternoon Peak,Weekday
T20190023033,2019-11-19,13:00:00,1,Collision with vehicle,2,Tuesday,121,RIGHT THROUGH,1,321653,Cross intersection,3,80,Arterial Other,CLYDE,CASEY,-38.059914,145.33823,2019,11,November,13,Midday,Weekday
T20190023933,2019-11-19,08:30:00,7,Fall from or in moving vehicle,2,Tuesday,179,OTHER ACCIDENTS-OFF STRAIGHT NOT INCLUDED IN DCAs 170-175,9,69242,T intersection,3,50,Local Road,DUNLOP,MONASH,-37.910027,145.1529,2019,11,November,8,Morning Peak,Weekday
T20190023658,2019-11-19,17:30:00,1,Collision with vehicle,2,Tuesday,130,REAR END(VEHICLES IN SAME LANE),9,604811,Not at intersection,3,70,Arterial Other,WILLIAMSONS,MANNINGHAM,-37.76512,145.13283,2019,11,November,17,Afternoon Peak,Weekday
T20190026327,2019-11-19,13:25:00,1,Collision with vehicle,2,Tuesday,130,REAR END(VEHICLES IN SAME LANE),1,187451,Not at intersection,3,60,Arterial Other,HALLAM SOUTH,CASEY,-38.01777,145.27092,2019,11,November,13,Midday,Weekday
T20190023063,2019-11-19,16:45:00,1,Collision with vehicle,2,Tuesday,130,REAR END(VEHICLES IN SAME LANE),1,729101,Not at intersection,3,80,Arterial Other,NARRE WARREN,CASEY,-38.086754,145.29497,2019,11,November,16,Afternoon Peak,Weekday
T20190023068,2019-11-19,18:50:00,1,Collision with vehicle,2,Tuesday,120,HEAD ON (NOT OVERTAKING),1,602776,Not at intersection,2,50,Local Road,BROADWAY,KINGSTON,-38.059032,145.12296,2019,11,November,18,Afternoon Peak,Weekday
T20190023069,2019-11-19,15:48:00,1,Collision with vehicle,2,Tuesday,143,ENTERING PARKING,1,605089,Not at intersection,2,60,Arterial Other,HIGH,WHITTLESEA,-37.678493,145.01418,2019,11,November,15,Afternoon Peak,Weekday
T20190023070,2019-11-19,17:58:00,1,Collision with vehicle,2,Tuesday,111,RIGHT FAR (INTERSECTIONS ONLY),1,602777,T intersection,2,30,Local Road,ACLAND,PORT PHILLIP,-37.867893,144.97911,2019,11,November,17,Afternoon Peak,Weekday
T20190023078,2019-11-19,16:30:00,1,Collision with vehicle,2,Tuesday,110,CROSS TRAFFIC(INTERSECTIONS ONLY),1,631078,Cross intersection,3,60,Local Road,BEACH,GEELONG,-38.012142,144.4655,2019,11,November,16,Afternoon Peak,Weekday
T20190023079,2019-11-19,15:06:00,4,Collision with a fixed object,2,Tuesday,173,RIGHT OFF CARRIAGEWAY INTO OBJECT/PARKED VEHICLE,1,631392,Not at intersection,2,100,Local Road,CALDERMEADE,CARDINIA,-38.228264,145.58138,2019,11,November,15,Afternoon Peak,Weekday
T20190023082,2019-11-19,17:25:00,2,Struck Pedestrian,2,Tuesday,100,PED NEAR SIDE. PED HIT BY VEHICLE FROM THE RIGHT.,1,604513,Cross intersection,2,50,Local Road,DOMAIN,HUME,-37.571857,144.91164,2019,11,November,17,Afternoon Peak,Weekday
T20190023085,2019-11-19,21:10:00,1,Collision with vehicle,2,Tuesday,121,RIGHT THROUGH,5,47118,T intersection,2,60,Local Road,MATTHEWS,HUME,-37.635826,144.92302,2019,11,November,21,Night,Weekday
T20190023086,2019-11-19,18:30:00,1,Collision with vehicle,2,Tuesday,130,REAR END(VEHICLES IN SAME LANE),9,307819,T intersection,3,60,Local Road,SILVESTER,HUME,-37.629494,144.91685,2019,11,November,18,Afternoon Peak,Weekday
T20190023087,2019-11-19,14:45:00,1,Collision with vehicle,2,Tuesday,110,CROSS TRAFFIC(INTERSECTIONS ONLY),1,51019,Cross intersection,2,50,Local Road,CORIO,SHEPPARTON,-36.37457,145.40474,2019,11,November,14,Midday,Weekday
T20190023092,2019-11-19,22:00:00,4,Collision with a fixed object,2,Tuesday,183,OFF LEFT BEND INTO OBJECT/PARKED VEHICLE,4,660184,Unknown,3,80,Local Road,EUREKA,BALLARAT,-37.577747,143.91147,2019,11,November,22,Night,Weekday
T20190023176,2019-11-20,18:45:00,1,Collision with vehicle,3,Wednesday,134,LANE CHANGE RIGHT (NOT OVERTAKING),2,660392,Not at intersection,3,40,Local Road,LONSDALE,MELBOURNE,-37.809612,144.97142,2019,11,November,18,Afternoon Peak,Weekday
T20190023160,2019-11-20,16:05:00,2,Struck Pedestrian,3,Wednesday,100,PED NEAR SIDE. PED HIT BY VEHICLE FROM THE RIGHT.,1,602781,Not at intersection,3,40,Local Road,FORREST,BRIMBANK,-37.784893,144.8228,2019,11,November,16,Afternoon Peak,Weekday
T20190025638,2019-11-20,17:00:00,1,Collision with vehicle,3,Wednesday,130,REAR END(VEHICLES IN SAME LANE),1,621904,Not at intersection,3,40,Local Road,FERGUSON,HOBSONS BAY,-37.858505,144.89442,2019,11,November,17,Afternoon Peak,Weekday
T20190023178,2019-11-20,16:04:00,1,Collision with vehicle,3,Wednesday,121,RIGHT THROUGH,1,35744,Cross intersection,2,50,Arterial Other,MICKLEHAM,HUME,-37.669804,144.88536,2019,11,November,16,Afternoon Peak,Weekday
T20190023179,2019-11-20,18:40:00,1,Collision with vehicle,3,Wednesday,121,RIGHT THROUGH,1,30529,T intersection,2,50,Local Road,CRAMER,DAREBIN,-37.739662,144.99641,2019,11,November,18,Afternoon Peak,Weekday
T20190023187,2019-11-20,18:40:00,2,Struck Pedestrian,3,Wednesday,109,ANY MANOEUVRE INVOLVING PED NOT INCLUDED IN DCAs 100-108.,1,46434,T intersection,2,50,Local Road,NICHOLAS,DANDENONG,-37.987,145.16127,2019,11,November,18,Afternoon Peak,Weekday
T20190023162,2019-11-20,14:05:00,6,Vehicle overturned (no collision),3,Wednesday,179,OTHER ACCIDENTS-OFF STRAIGHT NOT INCLUDED IN DCAs 170-175,1,603649,Not at intersection,3,80,Local Road,GILLIES,BALLARAT,-37.48001,143.83354,2019,11,November,14,Midday,Weekday
T20190023163,2019-11-20,11:22:00,1,Collision with vehicle,3,Wednesday,130,REAR END(VEHICLES IN SAME LANE),1,607539,T intersection,3,70,Arterial Other,BALLAN,WYNDHAM,-37.899128,144.64351,2019,11,November,11,Midday,Weekday
T20190023164,2019-11-20,13:30:00,1,Collision with vehicle,3,Wednesday,135,LANE CHANGE LEFT (NOT OVERTAKING),1,615008,Not at intersection,3,100,Freeway,MONASH,MONASH,-37.894478,145.14299,2019,11,November,13,Midday,Weekday
T20190023189,2019-11-20,16:22:00,1,Collision with vehicle,3,Wednesday,130,REAR END(VEHICLES IN SAME LANE),1,620240,Not at intersection,2,70,Arterial Highway,MIDLAND,GEELONG,-38.110485,144.32562,2019,11,November,16,Afternoon Peak,Weekday
T20190023190,2019-11-20,18:39:00,2,Struck Pedestrian,3,Wednesday,108,PED STRUCK WALKING TO/FROM OR BOARDING/ALIGHTING VEHICLE.,1,609039,T intersection,3,60,Arterial Other,HIGH,BOROONDARA,-37.803326,145.0404,2019,11,November,18,Afternoon Peak,Weekday
T20190023191,2019-11-20,14:00:00,1,Collision with vehicle,3,Wednesday,147,VEHICLE STRIKES ANOTHER VEH WHILE EMERGING FROM DRIVEWAY,1,660393,Not at intersection,3,60,Local Road,CHIFLEY,DAREBIN,-37.75234,145.02905,2019,11,November,14,Midday,Weekday
T20190023192,2019-11-20,18:40:00,1,Collision with vehicle,3,Wednesday,121,RIGHT THROUGH,1,309683,Cross intersection,2,60,Arterial Other,OSHEA,CASEY,-38.05993,145.33846,2019,11,November,18,Afternoon Peak,Weekday
T20190023151,2019-11-20,15:15:00,1,Collision with vehicle,3,Wednesday,130,REAR END(VEHICLES IN SAME LANE),1,606204,Not at intersection,3,70,Arterial Highway,MCIVOR,BENDIGO,-36.75948,144.31688,2019,11,November,15,Afternoon Peak,Weekday
T20190023202,2019-11-20,04:00:00,4,Collision with a fixed object,3,Wednesday,171,LEFT OFF CARRIAGEWAY INTO OBJECT/PARKED VEHICLE,3,660775,Not at intersection,3,50,Local Road,VICTORIA,HOBSONS BAY,-37.87602,144.78609,2019,11,November,4,Late Night,Weekday
T20190023200,2019-11-20,23:16:00,1,Collision with vehicle,3,Wednesday,130,REAR END(VEHICLES IN SAME LANE),3,619358,Not at intersection,3,60,Local Road,KOOYONG,GLEN EIRA,-37.8942,145.01343,2019,11,November,23,Night,Weekday
T20190024933,2019-11-20,11:30:00,8,No collision and no object struck,3,Wednesday,179,OTHER ACCIDENTS-OFF STRAIGHT NOT INCLUDED IN DCAs 170-175,1,631080,Not at intersection,2,80,Arterial Highway,GREAT ALPINE,ALPINE,-36.5949,146.76828,2019,11,November,11,Midday,Weekday
T20190024888,2019-11-20,13:00:00,6,Vehicle overturned (no collision),3,Wednesday,179,OTHER ACCIDENTS-OFF STRAIGHT NOT INCLUDED IN DCAs 170-175,1,42626,T intersection,3,50,Local Road,CHARLES,MORELAND,-37.7304,144.95457,2019,11,November,13,Midday,Weekday
T20190023130,2019-11-20,07:00:00,4,Collision with a fixed object,3,Wednesday,171,LEFT OFF CARRIAGEWAY INTO OBJECT/PARKED VEHICLE,1,660259,Not at intersection,2,80,Arterial Highway,PHILLIP ISLAND,BASS COAST,-38.518524,145.32405,2019,11,November,7,Morning Peak,Weekday
T20190023131,2019-11-20,08:00:00,7,Fall from or in moving vehicle,3,Wednesday,190,FELL IN/FROM VEHICLE,1,272173,Y intersection,2,60,Local Road,COLLEGE,MELBOURNE,-37.79332,144.9646,2019,11,November,8,Morning Peak,Weekday
T20190023816,2019-11-20,17:15:00,1,Collision with vehicle,3,Wednesday,134,LANE CHANGE RIGHT (NOT OVERTAKING),1,608750,Not at intersection,3,40,Local Road,RATHDOWNE,MELBOURNE,-37.80094,144.96991,2019,11,November,17,Afternoon Peak,Weekday
T20190024741,2019-11-20,22:09:00,1,Collision with vehicle,3,Wednesday,111,RIGHT FAR (INTERSECTIONS ONLY),3,40223,Cross intersection,3,70,Arterial Highway,DANDENONG,GLEN EIRA,-37.86288,145.01944,2019,11,November,22,Night,Weekday
T20210013559,2019-11-20,12:45:00,1,Collision with vehicle,3,Wednesday,111,RIGHT FAR (INTERSECTIONS ONLY),9,42658,Cross intersection,3,80,Arterial Highway,STUD,DANDENONG,-37.955685,145.22615,2019,11,November,12,Midday,Weekday
T20190023134,2019-11-20,08:30:00,1,Collision with vehicle,3,Wednesday,121,RIGHT THROUGH,1,42801,Cross intersection,2,60,Arterial Highway,WARRIGAL,KINGSTON,-37.967663,145.07414,2019,11,November,8,Morning Peak,Weekday
T20200014671,2019-11-20,17:50:00,1,Collision with vehicle,3,Wednesday,130,REAR END(VEHICLES IN SAME LANE),9,56620,Cross intersection,3,50,Local Road,DEVELOPMENT,WHITTLESEA,-37.661667,145.08195,2019,11,November,17,Afternoon Peak,Weekday
T20190023601,2019-11-20,18:10:00,2,Struck Pedestrian,3,Wednesday,100,PED NEAR SIDE. PED HIT BY VEHICLE FROM THE RIGHT.,1,12356,Cross intersection,3,60,Local Road,BATMANS HILL,MELBOURNE,-37.818474,144.94849,2019,11,November,18,Afternoon Peak,Weekday
T20190023312,2019-11-20,12:53:00,1,Collision with vehicle,3,Wednesday,130,REAR END(VEHICLES IN SAME LANE),1,52880,Cross intersection,3,50,Local Road,ASCOT,BALLARAT,-37.56261,143.84407,2019,11,November,12,Midday,Weekday
T20190023141,2019-11-20,14:00:00,1,Collision with vehicle,3,Wednesday,116,LEFT NEAR (INTERSECTIONS ONLY),1,638084,T intersection,2,80,Arterial Other,SOMERTON,HUME,-37.634144,144.87605,2019,11,November,14,Midday,Weekday
T20190023158,2019-11-20,15:44:00,1,Collision with vehicle,3,Wednesday,130,REAR END(VEHICLES IN SAME LANE),1,54527,Not at intersection,3,100,Freeway,WESTERN RING,HUME,-37.69426,144.91531,2019,11,November,15,Afternoon Peak,Weekday
T20190023111,2019-11-20,07:22:00,1,Collision with vehicle,3,Wednesday,110,CROSS TRAFFIC(INTERSECTIONS ONLY),1,603064,Cross intersection,2,100,Arterial Other,CAPE OTWAY,SURF COAST,-38.21981,144.21637,2019,11,November,7,Morning Peak,Weekday
T20190024277,2019-11-20,15:25:00,1,Collision with vehicle,3,Wednesday,130,REAR END(VEHICLES IN SAME LANE),1,607167,T intersection,3,70,Arterial Highway,SETTLEMENT,GEELONG,-38.17529,144.35219,2019,11,November,15,Afternoon Peak,Weekday
T20190023138,2019-11-20,10:51:00,1,Collision with vehicle,3,Wednesday,130,REAR END(VEHICLES IN SAME LANE),1,606844,Not at intersection,2,50,Arterial Other,HOTHAM,GLEN EIRA,-37.881737,144.99709,2019,11,November,10,Midday,Weekday
T20190023137,2019-11-20,12:17:00,1,Collision with vehicle,3,Wednesday,120,HEAD ON (NOT OVERTAKING),1,614134,T intersection,2,80,Arterial Other,PLENTY,WHITTLESEA,-37.525867,145.11247,2019,11,November,12,Midday,Weekday
T20190023136,2019-11-20,07:10:00,1,Collision with vehicle,3,Wednesday,110,CROSS TRAFFIC(INTERSECTIONS ONLY),1,29790,Cross intersection,3,70,Local Road,SAYERS,WYNDHAM,-37.84638,144.66946,2019,11,November,7,Morning Peak,Weekday
T20190023197,2019-11-20,22:04:00,4,Collision with a fixed object,3,Wednesday,171,LEFT OFF CARRIAGEWAY INTO OBJECT/PARKED VEHICLE,5,627697,Not at intersection,2,100,Arterial Other,KATAMATITE-SHEPPARTON MAIN,SHEPPARTON,-36.24316,145.48653,2019,11,November,22,Night,Weekday
T20190023198,2019-11-20,21:37:00,4,Collision with a fixed object,3,Wednesday,171,LEFT OFF CARRIAGEWAY INTO OBJECT/PARKED VEHICLE,3,660391,T intersection,3,50,Local Road,GUILDFORD,HUME,-37.663,144.93263,2019,11,November,21,Night,Weekday
T20190023157,2019-11-20,15:00:00,1,Collision with vehicle,3,Wednesday,113,RIGHT NEAR (INTERSECTIONS ONLY),1,653184,Cross intersection,3,60,Local Road,LEAKES,WYNDHAM,-37.829826,144.65402,2019,11,November,15,Afternoon Peak,Weekday
T20190024307,2019-11-20,16:45:00,1,Collision with vehicle,3,Wednesday,132,RIGHT REAR.,1,660372,Cross intersection,3,80,Arterial Other,MT DUNEED,SURF COAST,-38.24864,144.33224,2019,11,November,16,Afternoon Peak,Weekday
T20190023156,2019-11-20,15:00:00,1,Collision with vehicle,3,Wednesday,116,LEFT NEAR (INTERSECTIONS ONLY),1,336692,T intersection,3,50,Arterial Highway,NAPIER,CENTRAL GOLDFIELDS,-37.047836,143.73984,2019,11,November,15,Afternoon Peak,Weekday
T20190023112,2019-11-20,08:50:00,2,Struck Pedestrian,3,Wednesday,102,FAR SIDE. PED HIT BY VEHICLE FROM THE LEFT,1,602780,T intersection,3,40,Local Road,LITTLE COLLINS,MELBOURNE,-37.81262,144.97253,2019,11,November,8,Morning Peak,Weekday
T20210009578,2019-11-20,17:20:00,1,Collision with vehicle,3,Wednesday,130,REAR END(VEHICLES IN SAME LANE),1,682927,Not at intersection,3,70,Arterial Highway,BELLARINE,GEELONG,-38.186577,144.45413,2019,11,November,17,Afternoon Peak,Weekday
T20190023146,2019-11-20,06:45:00,1,Collision with vehicle,3,Wednesday,119,OTHER ADJACENT (INTERSECTIONS ONLY),2,604806,Multiple intersection,2,80,Freeway,AVENUE OF HONOUR  -CALDER IN-AVENUE OF HONOUR,MACEDON RANGES,-37.318573,144.52751,2019,11,November,6,Morning Peak,Weekday
T20190023624,2019-11-20,14:30:00,1,Collision with vehicle,3,Wednesday,130,REAR END(VEHICLES IN SAME LANE),1,605096,Not at intersection,3,70,Arterial Other,TAYLORS,BRIMBANK,-37.728443,144.80359,2019,11,November,14,Midday,Weekday