ACCIDENT_NO,ACCIDENT_DATE,ACCIDENT_TIME,ACCIDENT_TYPE,ACCIDENT_TYPE_DESC,DAY_OF_WEEK,DAY_WEEK_DESC,DCA_CODE,DCA_DESC,LIGHT_CONDITION,NODE_ID,ROAD_GEOMETRY_DESC,SEVERITY,SPEED_ZONE,RMA,ROAD_NAME,LGA_NAME,LATITUDE,LONGITUDE,YEAR,MONTH,MONTH_NAME,HOUR,TIME_PERIOD,DAY_TYPE
T20190023154,2019-11-20,12:25:00,1,Collision with vehicle,3,Wednesday,134,LANE CHANGE RIGHT (NOT OVERTAKING),1,603067,Not at intersection,2,60,Arterial Other,POINT COOK,WYNDHAM,-37.896988,144.7541,2019,11,November,12,Midday,Weekday
T20190023165,2019-11-20,09:30:00,1,Collision with vehicle,3,Wednesday,152,PULLING OUT (OVERTAKING),1,64488,T intersection,1,60,Arterial Other,CLEGG,YARRA RANGES,-37.781918,145.42755,2019,11,November,9,Morning Peak,Weekday
T20190023239,2019-11-20,17:20:00,1,Collision with vehicle,3,Wednesday,130,REAR END(VEHICLES IN SAME LANE),1,277614,T intersection,3,60,Arterial Other,CLYDE,CASEY,-38.035725,145.34282,2019,11,November,17,Afternoon Peak,Weekday
T20190023888,2019-11-20,19:30:00,4,Collision with a fixed object,3,Wednesday,171,LEFT OFF CARRIAGEWAY INTO OBJECT/PARKED VEHICLE,2,606049,Not at intersection,3,100,Local Road,LOCH-POOWONG,SOUTH GIPPSLAND,-38.35737,145.7415,2019,11,November,19,Night,Weekday
T20190023150,2019-11-20,14:15:00,4,Collision with a fixed object,3,Wednesday,173,RIGHT OFF CARRIAGEWAY INTO OBJECT/PARKED VEHICLE,1,660778,Not at intersection,2,100,Freeway,MONASH IN-EASTLINK IN,DANDENONG,-37.941925,145.20544,2019,11,November,14,Midday,Weekday
T20190023497,2019-11-20,09:00:00,1,Collision with vehicle,3,Wednesday,132,RIGHT REAR.,1,660260,Not at intersection,3,60,Arterial Other,TINDALE,WYNDHAM,-37.92247,144.63348,2019,11,November,9,Morning Peak,Weekday
T20190023168,2019-11-20,15:22:00,1,Collision with vehicle,3,Wednesday,130,REAR END(VEHICLES IN SAME LANE),1,660610,Not at intersection,2,60,Arterial Highway,BRIGHTON,PORT PHILLIP,-37.88084,144.99512,2019,11,November,15,Afternoon Peak,Weekday
T20190023218,2019-11-20,09:40:00,1,Collision with vehicle,3,Wednesday,137,LEFT TURN SIDESWIPE,1,403,T intersection,2,70,Arterial Highway,ST GEORGES,DAREBIN,-37.754345,144.99414,2019,11,November,9,Morning Peak,Weekday
T20200000458,2019-11-20,17:00:00,1,Collision with vehicle,3,Wednesday,110,CROSS TRAFFIC(INTERSECTIONS ONLY),1,51643,Cross intersection,3,40,Local Road,EDWARD,BENDIGO,-36.76428,144.28052,2019,11,November,17,Afternoon Peak,Weekday
T20190025968,2019-11-20,17:20:00,1,Collision with vehicle,3,Wednesday,130,REAR END(VEHICLES IN SAME LANE),1,43208,Cross intersection,3,60,Local Road,LOCHIEL,KINGSTON,-38.034195,145.10645,2019,11,November,17,Afternoon Peak,Weekday
T20190023739,2019-11-20,14:00:00,1,Collision with vehicle,3,Wednesday,132,RIGHT REAR.,1,29821,Cross intersection,3,60,Arterial Other,BALLARAT,MARIBYRNONG,-37.782845,144.86888,2019,11,November,14,Midday,Weekday
T20190023116,2019-11-20,08:20:00,1,Collision with vehicle,3,Wednesday,110,CROSS TRAFFIC(INTERSECTIONS ONLY),1,36819,Cross intersection,2,40,Arterial Other,SPENCER,MELBOURNE,-37.811047,144.95044,2019,11,November,8,Morning Peak,Weekday
T20190023120,2019-11-20,06:55:00,1,Collision with vehicle,3,Wednesday,113,RIGHT NEAR (INTERSECTIONS ONLY),1,278518,T intersection,3,60,Local Road,LEAKES,WYNDHAM,-37.837555,144.72462,2019,11,November,6,Morning Peak,Weekday
T20190023171,2019-11-20,16:15:00,4,Collision with a fixed object,3,Wednesday,164,PERMANENT OBSTRUCTION ON CARRIAGEWAY,1,624159,Not at intersection,2,100,Arterial Highway,PRINCES,WELLINGTON,-37.936993,147.1593,2019,11,November,16,Afternoon Peak,Weekday
T20190023172,2019-11-20,17:10:00,1,Collision with vehicle,3,Wednesday,116,LEFT NEAR (INTERSECTIONS ONLY),1,653185,T intersection,2,80,Arterial Other,MAIN NEERIM,BAW BAW,-38.047382,145.95622,2019,11,November,17,Afternoon Peak,Weekday
T20190023174,2019-11-20,16:30:00,1,Collision with vehicle,3,Wednesday,116,LEFT NEAR (INTERSECTIONS ONLY),1,605371,T intersection,3,60,Local Road,HUME,MELTON,-37.710297,144.74231,2019,11,November,16,Afternoon Peak,Weekday
T20190023175,2019-11-20,17:03:00,1,Collision with vehicle,3,Wednesday,113,RIGHT NEAR (INTERSECTIONS ONLY),1,39215,T intersection,2,60,Local Road,UNION,BOROONDARA,-37.818645,145.09866,2019,11,November,17,Afternoon Peak,Weekday
T20190023256,2019-11-21,16:15:00,1,Collision with vehicle,4,Thursday,147,VEHICLE STRIKES ANOTHER VEH WHILE EMERGING FROM DRIVEWAY,1,603372,Not at intersection,2,50,Local Road,HENRY,BANYULE,-37.705303,145.10059,2019,11,November,16,Afternoon Peak,Weekday
T20190023900,2019-11-21,12:15:00,1,Collision with vehicle,4,Thursday,160,VEHICLE COLLIDES WITH VEHICLE PARKED ON LEFT OF ROAD,1,613296,Not at intersection,3,50,Local Road,YARRAMAN,DANDENONG,-37.977146,145.18115,2019,11,November,12,Midday,Weekday
T20190023280,2019-11-21,18:47:00,1,Collision with vehicle,4,Thursday,135,LANE CHANGE LEFT (NOT OVERTAKING),2,603374,T intersection,2,70,Local Road,HALL,FRANKSTON,-38.10073,145.18272,2019,11,November,18,Afternoon Peak,Weekday
T20190023229,2019-11-21,12:00:00,5,collision with some other object,4,Thursday,191,LOAD OR MISSILE STRUCK VEHICLE,1,631081,Unknown,2,100,Arterial Other,UPPER GOULBURN,MITCHELL,-37.09562,145.13974,2019,11,November,12,Midday,Weekday
T20190023278,2019-11-21,17:20:00,1,Collision with vehicle,4,Thursday,110,CROSS TRAFFIC(INTERSECTIONS ONLY),1,31046,Cross intersection,2,60,Local Road,BERKELEY,MELBOURNE,-37.804146,144.95949,2019,11,November,17,Afternoon Peak,Weekday
T20190023214,2019-11-21,06:15:00,4,Collision with a fixed object,4,Thursday,171,LEFT OFF CARRIAGEWAY INTO OBJECT/PARKED VEHICLE,2,286118,Not at intersection,2,100,Arterial Highway,MAROONDAH,MANSFIELD,-37.028725,145.93604,2019,11,November,6,Morning Peak,Weekday
T20190023277,2019-11-21,15:00:00,1,Collision with vehicle,4,Thursday,120,HEAD ON (NOT OVERTAKING),1,606846,Not at intersection,3,60,Arterial Other,KARINGAL,NILLUMBIK,-37.7119,145.13326,2019,11,November,15,Afternoon Peak,Weekday
T20190023244,2019-11-21,06:20:00,1,Collision with vehicle,4,Thursday,130,REAR END(VEHICLES IN SAME LANE),2,351468,Cross intersection,3,70,Arterial Other,BORONIA,KNOX,-37.847927,145.22896,2019,11,November,6,Morning Peak,Weekday
T20190023233,2019-11-21,09:00:00,2,Struck Pedestrian,4,Thursday,100,PED NEAR SIDE. PED HIT BY VEHICLE FROM THE RIGHT.,1,11083,T intersection,3,60,Arterial Other,STEPHENSONS,MONASH,-37.87609,145.129,2019,11,November,9,Morning Peak,Weekday
T20190024920,2019-11-21,10:35:00,5,collision with some other object,4,Thursday,166,STRUCK OBJECT ON CARRIAGEWAY,1,653285,Not at intersection,3,80,Arterial Highway,NEPEAN,MORNINGTON PENINSULA,-38.291798,145.0287,2019,11,November,10,Midday,Weekday
T20190023269,2019-11-21,15:23:00,2,Struck Pedestrian,4,Thursday,100,PED NEAR SIDE. PED HIT BY VEHICLE FROM THE RIGHT.,1,603785,Cross intersection,3,60,Arterial Other,DAWSON,MORELAND,-37.76999,144.9485,2019,11,November,15,Afternoon Peak,Weekday
T20190023367,2019-11-21,17:50:00,1,Collision with vehicle,4,Thursday,130,REAR END(VEHICLES IN SAME LANE),1,604808,Cross intersection,3,60,Arterial Other,MOUNTAIN,KNOX,-37.838596,145.27121,2019,11,November,17,Afternoon Peak,Weekday
T20190023264,2019-11-21,17:50:00,1,Collision with vehicle,4,Thursday,163,VEHICLE STRIKES DOOR OF PARKED/STATIONARY VEHICLE,1,660427,Not at intersection,3,60,Arterial Other,HIGH,STONNINGTON,-37.855873,145.02354,2019,11,November,17,Afternoon Peak,Weekday
T20190023431,2019-11-21,16:15:00,1,Collision with vehicle,4,Thursday,130,REAR END(VEHICLES IN SAME LANE),1,201719,Not at intersection,3,80,Arterial Highway,SPRINGVALE,KINGSTON,-38.01057,145.14084,2019,11,November,16,Afternoon Peak,Weekday
T20190023267,2019-11-21,17:20:00,1,Collision with vehicle,4,Thursday,121,RIGHT THROUGH,1,705,Cross intersection,2,60,Arterial Other,WAVERLEY,MONASH,-37.880665,145.093,2019,11,November,17,Afternoon Peak,Weekday
T20190023249,2019-11-21,14:29:00,1,Collision with vehicle,4,Thursday,121,RIGHT THROUGH,1,42897,T intersection,3,60,Local Road,CORRIGAN,DANDENONG,-37.976185,145.16621,2019,11,November,14,Midday,Weekday
T20190023697,2019-11-21,09:14:00,1,Collision with vehicle,4,Thursday,110,CROSS TRAFFIC(INTERSECTIONS ONLY),1,66549,Cross intersection,3,50,Local Road,BRIGHTON,YARRA,-37.830597,144.99867,2019,11,November,9,Morning Peak,Weekday
T20190024499,2019-11-21,15:21:00,1,Collision with vehicle,4,Thursday,130,REAR END(VEHICLES IN SAME LANE),1,147266,Not at intersection,3,60,Arterial Highway,WARRIGAL,BOROONDARA,-37.86779,145.09256,2019,11,November,15,Afternoon Peak,Weekday
T20190024568,2019-11-21,14:30:00,1,Collision with vehicle,4,Thursday,130,REAR END(VEHICLES IN SAME LANE),1,653283,Cross intersection,3,80,Arterial Other,CRANBOURNE-FRANKSTON,FRANKSTON,-38.144184,145.20595,2019,11,November,14,Midday,Weekday
T20190023667,2019-11-21,15:28:00,1,Collision with vehicle,4,Thursday,130,REAR END(VEHICLES IN SAME LANE),1,660434,Not at intersection,3,60,Local Road,ELEVENTH,MILDURA,-34.2046,142.17538,2019,11,November,15,Afternoon Peak,Weekday
T20190023207,2019-11-21,05:10:00,1,Collision with vehicle,4,Thursday,120,HEAD ON (NOT OVERTAKING),2,651368,Not at intersection,2,60,Arterial Other,PLENTY,DAREBIN,-37.739838,145.01073,2019,11,November,5,Morning Peak,Weekday
T20190023250,2019-11-21,14:15:00,1,Collision with vehicle,4,Thursday,130,REAR END(VEHICLES IN SAME LANE),1,60635,Cross intersection,3,100,Arterial Other,BALLARAT-DAYLESFORD,MOORABOOL,-37.499027,143.97383,2019,11,November,14,Midday,Weekday
T20190024838,2019-11-21,06:15:00,1,Collision with vehicle,4,Thursday,134,LANE CHANGE RIGHT (NOT OVERTAKING),2,636476,Not at intersection,3,80,Arterial Highway,DANDENONG,MONASH,-37.893345,145.09016,2019,11,November,6,Morning Peak,Weekday
T20190023235,2019-11-21,07:54:00,1,Collision with vehicle,4,Thursday,121,RIGHT THROUGH,2,65674,Cross intersection,3,60,Local Road,ADDERLEY,MELBOURNE,-37.809048,144.94614,2019,11,November,7,Morning Peak,Weekday
T20190025396,2019-11-21,08:40:00,8,No collision and no object struck,4,Thursday,198,OTHER ACCIDENTS NOT CLASSIFIABLE ELSEWHERE,1,610168,Not at intersection,3,70,Arterial Highway,MAIN,EAST GIPPSLAND,-37.833504,147.60562,2019,11,November,8,Morning Peak,Weekday
T20190023274,2019-11-21,16:50:00,1,Collision with vehicle,4,Thursday,120,HEAD ON (NOT OVERTAKING),1,622947,Not at intersection,1,80,Local Road,CARDINIA,CARDINIA,-38.087357,145.43231,2019,11,November,16,Afternoon Peak,Weekday
T20190023625,2019-11-21,17:30:00,6,Vehicle overturned (no collision),4,Thursday,179,OTHER ACCIDENTS-OFF STRAIGHT NOT INCLUDED IN DCAs 170-175,1,638086,Not at intersection,3,100,Local Road,KETTERERS,BENDIGO,-36.5746,144.1901,2019,11,November,17,Afternoon Peak,Weekday
T20190024349,2019-11-21,09:00:00,1,Collision with vehicle,4,Thursday,130,REAR END(VEHICLES IN SAME LANE),1,607361,Not at intersection,3,60,Arterial Other,HIGH,WHITTLESEA,-37.65158,145.02388,2019,11,November,9,Morning Peak,Weekday
T20190023349,2019-11-21,12:15:00,1,Collision with vehicle,4,Thursday,160,VEHICLE COLLIDES WITH VEHICLE PARKED ON LEFT OF ROAD,1,603653,Not at intersection,3,60,Arterial Other,BULLA,MOONEE VALLEY,-37.74356,144.90968,2019,11,November,12,Midday,Weekday
T20190023293,2019-11-21,13:15:00,1,Collision with vehicle,4,Thursday,131,LEFT REAR,1,603376,Cross intersection,2,50,Local Road,DISCOVERY,DANDENONG,-38.041435,145.21844,2019,11,November,13,Midday,Weekday
T20190023289,2019-11-21,16:16:00,4,Collision with a fixed object,4,Thursday,151,OUT OF CONTROL (OVERTAKING),1,604516,Not at intersection,1,50,Local Road,BROADWAY,PORT PHILLIP,-37.878387,144.98334,2019,11,November,16,Afternoon Peak,Weekday
T20190023221,2019-11-21,10:01:00,1,Collision with vehicle,4,Thursday,110,CROSS TRAFFIC(INTERSECTIONS ONLY),1,605372,Cross intersection,3,80,Arterial Other,PRINCES,CARDINIA,-38.062984,145.43738,2019,11,November,10,Midday,Weekday
T20190023281,2019-11-21,20:00:00,4,Collision with a fixed object,4,Thursday,171,LEFT OFF CARRIAGEWAY INTO OBJECT/PARKED VEHICLE,2,603375,Not at intersection,2,50,Local Road,NOBLE,GEELONG,-38.152634,144.33438,2019,11,November,20,Night,Weekday
T20190023253,2019-11-21,10:30:00,1,Collision with vehicle,4,Thursday,121,RIGHT THROUGH,1,277083,T intersection,2,80,Arterial Other,KELLETTS,KNOX,-37.925026,145.28543,2019,11,November,10,Midday,Weekday
T20190023222,2019-11-21,10:30:00,1,Collision with vehicle,4,Thursday,132,RIGHT REAR.,1,603368,Not at intersection,3,50,Arterial Highway,PRINCES HIGHWAY SERVICE,GEELONG,-38.070194,144.37477,2019,11,November,10,Midday,Weekday
T20190023730,2019-11-21,14:00:00,4,Collision with a fixed object,4,Thursday,171,LEFT OFF CARRIAGEWAY INTO OBJECT/PARKED VEHICLE,1,606047,Not at intersection,3,100,Arterial Other,HEATHCOTE-NAGAMBIE,BENDIGO,-36.881317,144.79689,2019,11,November,14,Midday,Weekday
T20190025218,2019-11-22,22:00:00,6,Vehicle overturned (no collision),5,Friday,174,OUT OF CONTROL ON CARRIAGEWAY (ON STRAIGHT),3,36826,Cross intersection,3,60,Arterial Other,DUDLEY,MELBOURNE,-37.80924,144.95236,2019,11,November,22,Night,Weekday
T20190023724,2019-11-22,08:20:00,1,Collision with vehicle,5,Friday,139,OTHER SAME DIRECTION-MANOUEVRES NOT INCLUDED IN DCAs 130-137,1,653357,Not at intersection,2,100,Freeway,MONASH,CASEY,-37.994347,145.26302,2019,11,November,8,Morning Peak,Weekday
T20190023689,2019-11-22,14:00:00,1,Collision with vehicle,5,Friday,130,REAR END(VEHICLES IN SAME LANE),1,604815,Not at intersection,3,60,Local Road,BARRIES,MELTON,-37.687653,144.56827,2019,11,November,14,Midday,Weekday
T20190023906,2019-11-22,17:00:00,4,Collision with a fixed object,5,Friday,171,LEFT OFF CARRIAGEWAY INTO OBJECT/PARKED VEHICLE,1,660504,Not at intersection,3,50,Arterial Other,SHANNON,GEELONG,-38.135303,144.33742,2019,11,November,17,Afternoon Peak,Weekday
T20190023339,2019-11-22,11:25:00,1,Collision with vehicle,5,Friday,130,REAR END(VEHICLES IN SAME LANE),1,603652,Cross intersection,3,80,Arterial Other,BORONIA,KNOX,-37.84806,145.22885,2019,11,November,11,Midday,Weekday
T20190023336,2019-11-22,07:30:00,1,Collision with vehicle,5,Friday,113,RIGHT NEAR (INTERSECTIONS ONLY),2,653355,Cross intersection,3,60,Arterial Other,BALLAN,WYNDHAM,-37.86938,144.60982,2019,11,November,7,Morning Peak,Weekday
T20190023547,2019-11-22,22:50:00,4,Collision with a fixed object,5,Friday,173,RIGHT OFF CARRIAGEWAY INTO OBJECT/PARKED VEHICLE,5,604229,Not at intersection,2,100,Local Road,BENDIGO-SUTTON GRANGE,MOUNT ALEXANDER,-37.05668,144.3728,2019,11,November,22,Night,Weekday
T20190023319,2019-11-22,10:10:00,1,Collision with vehicle,5,Friday,147,VEHICLE STRIKES ANOTHER VEH WHILE EMERGING FROM DRIVEWAY,1,603377,T intersection,3,50,Local Road,PEEL,CASEY,-38.03129,145.3537,2019,11,November,10,Midday,Weekday
T20190023345,2019-11-22,15:00:00,1,Collision with vehicle,5,Friday,132,RIGHT REAR.,1,253540,Cross intersection,2,60,Local Road,EPSOM,GEELONG,-38.079037,144.34723,2019,11,November,15,Afternoon Peak,Weekday
T20190023360,2019-11-22,17:20:00,1,Collision with vehicle,5,Friday,110,CROSS TRAFFIC(INTERSECTIONS ONLY),1,66015,Cross intersection,3,50,Local Road,ROCHESTER,BOROONDARA,-37.817123,145.08237,2019,11,November,17,Afternoon Peak,Weekday
T20190023385,2019-11-22,22:05:00,1,Collision with vehicle,5,Friday,132,RIGHT REAR.,5,59775,Cross intersection,2,100,Arterial Highway,MCIVOR,BENDIGO,-36.77113,144.39935,2019,11,November,22,Night,Weekday
T20190023376,2019-11-22,08:00:00,1,Collision with vehicle,5,Friday,110,CROSS TRAFFIC(INTERSECTIONS ONLY),1,662120,Cross intersection,3,50,Local Road,ST GEORGES BIKE,DAREBIN,-37.760662,144.99301,2019,11,November,8,Morning Peak,Weekday
T20190023359,2019-11-22,15:30:00,1,Collision with vehicle,5,Friday,116,LEFT NEAR (INTERSECTIONS ONLY),1,35078,Cross intersection,2,100,Freeway,PRINCES,CARDINIA,-38.075645,145.71494,2019,11,November,15,Afternoon Peak,Weekday
T20190023358,2019-11-22,15:32:00,1,Collision with vehicle,5,Friday,121,RIGHT THROUGH,1,37610,Cross intersection,3,40,Arterial Highway,PUNT,STONNINGTON,-37.83832,144.98653,2019,11,November,15,Afternoon Peak,Weekday
T20190023351,2019-11-22,13:30:00,1,Collision with vehicle,5,Friday,120,HEAD ON (NOT OVERTAKING),1,298501,Cross intersection,3,60,Local Road,HOWARD,BENDIGO,-36.705803,144.32155,2019,11,November,13,Midday,Weekday
T20190023372,2019-11-22,19:00:00,1,Collision with vehicle,5,Friday,130,REAR END(VEHICLES IN SAME LANE),1,653356,Not at intersection,3,60,Arterial Other,KINGS,BRIMBANK,-37.705223,144.77882,2019,11,November,19,Night,Weekday
T20190023573,2019-11-22,16:55:00,1,Collision with vehicle,5,Friday,130,REAR END(VEHICLES IN SAME LANE),1,662329,Not at intersection,2,100,Freeway,MONASH,DANDENONG,-37.96355,145.23032,2019,11,November,16,Afternoon Peak,Weekday
T20190023350,2019-11-22,15:48:00,1,Collision with vehicle,5,Friday,110,CROSS TRAFFIC(INTERSECTIONS ONLY),1,36194,Cross intersection,3,60,Local Road,CAPEL,MELBOURNE,-37.805786,144.95515,2019,11,November,15,Afternoon Peak,Weekday
T20190023860,2019-11-22,08:26:00,1,Collision with vehicle,5,Friday,121,RIGHT THROUGH,1,40034,Cross intersection,3,60,Arterial Other,PLUMMER,PORT PHILLIP,-37.832794,144.9243,2019,11,November,8,Morning Peak,Weekday
T20190023379,2019-11-22,20:09:00,1,Collision with vehicle,5,Friday,120,HEAD ON (NOT OVERTAKING),3,193235,Not at intersection,3,60,Local Road,STINTONS,MANNINGHAM,-37.7725,145.20204,2019,11,November,20,Night,Weekday
T20190023297,2019-11-22,06:20:00,1,Collision with vehicle,5,Friday,120,HEAD ON (NOT OVERTAKING),2,653354,Not at intersection,3,40,Local Road,WENDOUREE,BALLARAT,-37.545258,143.82355,2019,11,November,6,Morning Peak,Weekday
T20190023328,2019-11-22,12:30:00,1,Collision with vehicle,5,Friday,142,LEAVING PARKING,1,603378,Not at intersection,3,50,Local Road,WIDFORD,HUME,-37.689697,144.92612,2019,11,November,12,Midday,Weekday
T20190023421,2019-11-22,21:10:00,1,Collision with vehicle,5,Friday,130,REAR END(VEHICLES IN SAME LANE),2,604809,Not at intersection,3,40,Arterial Highway,PRINCES HIGHWAY,DANDENONG,-37.986046,145.21423,2019,11,November,21,Night,Weekday
T20190023304,2019-11-22,07:58:00,1,Collision with vehicle,5,Friday,133,LANE SIDE SWIPE (VEHICLES IN PARALLEL LANES),1,605092,Not at intersection,2,100,Freeway,MONASH,MONASH,-37.904278,145.15425,2019,11,November,7,Morning Peak,Weekday
T20190023306,2019-11-22,08:35:00,1,Collision with vehicle,5,Friday,121,RIGHT THROUGH,1,42951,Cross intersection,2,60,Arterial Other,HEATHERTON,DANDENONG,-37.9658,145.17986,2019,11,November,8,Morning Peak,Weekday
T20190023307,2019-11-22,05:58:00,1,Collision with vehicle,5,Friday,121,RIGHT THROUGH,5,66950,T intersection,3,70,Arterial Other,DORSET,KNOX,-37.84204,145.28687,2019,11,November,5,Morning Peak,Weekday
T20190023309,2019-11-22,08:45:00,2,Struck Pedestrian,5,Friday,100,PED NEAR SIDE. PED HIT BY VEHICLE FROM THE RIGHT.,1,610455,Cross intersection,2,50,Local Road,GISBORNE,GLEN EIRA,-37.88707,145.0044,2019,11,November,8,Morning Peak,Weekday
T20190023731,2019-11-22,20:55:00,3,Struck animal,5,Friday,167,STRUCK ANIMAL,3,661363,Not at intersection,3,100,Freeway,NORTHERN-HUME IN,MITCHELL,-37.444492,144.97942,2019,11,November,20,Night,Weekday
T20190023338,2019-11-22,09:40:00,2,Struck Pedestrian,5,Friday,102,FAR SIDE. PED HIT BY VEHICLE FROM THE LEFT,1,123360,Not at intersection,2,60,Arterial Other,JOHNSTON,YARRA,-37.7999,144.99355,2019,11,November,9,Morning Peak,Weekday
T20190023461,2019-11-22,02:15:00,4,Collision with a fixed object,5,Friday,171,LEFT OFF CARRIAGEWAY INTO OBJECT/PARKED VEHICLE,5,627059,Not at intersection,3,100,Local Road,HAUNTED HILLS,LATROBE,-38.198868,146.30096,2019,11,November,2,Late Night,Weekday
T20190023348,2019-11-22,16:35:00,5,collision with some other object,5,Friday,191,LOAD OR MISSILE STRUCK VEHICLE,1,605375,Not at intersection,2,100,Arterial Other,HAZELWOOD,LATROBE,-38.238,146.50838,2019,11,November,16,Afternoon Peak,Weekday
T20190023342,2019-11-22,11:29:00,2,Struck Pedestrian,5,Friday,102,FAR SIDE. PED HIT BY VEHICLE FROM THE LEFT,1,53184,T intersection,3,60,Arterial Other,ELIZABETH,MELBOURNE,-37.80181,144.95744,2019,11,November,11,Midday,Weekday
T20190023378,2019-11-22,19:23:00,1,Collision with vehicle,5,Friday,147,VEHICLE STRIKES ANOTHER VEH WHILE EMERGING FROM DRIVEWAY,2,604225,T intersection,3,40,Local Road,BOURKE,MELBOURNE,-37.81476,144.9614,2019,11,November,19,Night,Weekday
T20190023803,2019-11-22,09:10:00,4,Collision with a fixed object,5,Friday,171,LEFT OFF CARRIAGEWAY INTO OBJECT/PARKED VEHICLE,1,618187,T intersection,3,50,Local Road,HIGH,LATROBE,-38.198586,146.54897,2019,11,November,9,Morning Peak,Weekday
T20190023380,2019-11-22,20:48:00,1,Collision with vehicle,5,Friday,160,VEHICLE COLLIDES WITH VEHICLE PARKED ON LEFT OF ROAD,3,631526,Not at intersection,3,50,Local Road,RONALD,MANNINGHAM,-37.762413,145.09038,2019,11,November,20,Night,Weekday
T20190024204,2019-11-22,14:30:00,1,Collision with vehicle,5,Friday,130,REAR END(VEHICLES IN SAME LANE),1,48283,T intersection,3,60,Arterial Other,SPRING,DAREBIN,-37.726418,145.0012,2019,11,November,14,Midday,Weekday
T20190023325,2019-11-22,10:30:00,1,Collision with vehicle,5,Friday,121,RIGHT THROUGH,1,606206,Cross intersection,3,60,Arterial Highway,MCCRAE,BENDIGO,-36.75557,144.2842,2019,11,November,10,Midday,Weekday
T20190024153,2019-11-22,09:15:00,1,Collision with vehicle,5,Friday,130,REAR END(VEHICLES IN SAME LANE),1,607160,T intersection,3,50,Arterial Other,CHURCH,YARRA,-37.83117,144.99695,2019,11,November,9,Morning Peak,Weekday
T20190023383,2019-11-22,15:39:00,2,Struck Pedestrian,5,Friday,109,ANY MANOEUVRE INVOLVING PED NOT INCLUDED IN DCAs 100-108.,1,605093,T intersection,3,50,Local Road,VICTORIA,HOBSONS BAY,-37.869717,144.78708,2019,11,November,15,Afternoon Peak,Weekday
T20190023375,2019-11-22,15:10:00,2,Struck Pedestrian,5,Friday,108,PED STRUCK WALKING TO/FROM OR BOARDING/ALIGHTING VEHICLE.,1,603925,Not at intersection,3,40,Local Road,OBAN,MAROONDAH,-37.793163,145.22972,2019,11,November,15,Afternoon Peak,Weekday
T20190023392,2019-11-22,22:45:00,4,Collision with a fixed object,5,Friday,171,LEFT OFF CARRIAGEWAY INTO OBJECT/PARKED VEHICLE,3,642818,Not at intersection,3,50,Local Road,MURCHISON,HUME,-37.63653,144.93286,2019,11,November,22,Night,Weekday
T20190023368,2019-11-22,17:41:00,1,Collision with vehicle,5,Friday,130,REAR END(VEHICLES IN SAME LANE),1,349130,Not at intersection,2,100,Arterial Other,MIDDLEBOROUGH,WHITEHORSE,-37.79823,145.14217,2019,11,November,17,Afternoon Peak,Weekday
T20190023366,2019-11-22,17:15:00,1,Collision with vehicle,5,Friday,132,RIGHT REAR.,1,37813,T intersection,3,40,Local Road,DAVID,WHITTLESEA,-37.671875,145.0176,2019,11,November,17,Afternoon Peak,Weekday
T20190023364,2019-11-22,17:40:00,1,Collision with vehicle,5,Friday,113,RIGHT NEAR (INTERSECTIONS ONLY),1,603924,T intersection,3,50,Local Road,BALAKA,BANYULE,-37.70075,145.0658,2019,11,November,17,Afternoon Peak,Weekday
T20190025782,2019-11-22,18:00:00,8,No collision and no object struck,5,Friday,180,OFF CARRIAGEWAY ON RIGHT BEND,1,611472,Not at intersection,3,100,Arterial Other,COBDEN-PORT CAMPBELL,CORANGAMITE,-38.35521,143.05756,2019,11,November,18,Afternoon Peak,Weekday
T20190023363,2019-11-22,14:10:00,1,Collision with vehicle,5,Friday,110,CROSS TRAFFIC(INTERSECTIONS ONLY),1,591001,Cross intersection,3,50,Local Road,ROBERT,BOROONDARA,-37.794277,145.09341,2019,11,November,14,Midday,Weekday
T20190023361,2019-11-22,16:27:00,1,Collision with vehicle,5,Friday,121,RIGHT THROUGH,1,631082,Cross intersection,2,60,Local Road,HASTINGS,KNOX,-37.862736,145.28821,2019,11,November,16,Afternoon Peak,Weekday
T20190023387,2019-11-22,21:00:00,2,Struck Pedestrian,5,Friday,107,PED ON FOOTHPATH STRUCK BY VEHENTERING/LEAVING DRIVEWAY.,3,631083,T intersection,2,60,Local Road,VICTORIA,LATROBE,-38.18468,146.24352,2019,11,November,21,Night,Weekday
T20190023369,2019-11-22,15:00:00,1,Collision with vehicle,5,Friday,160,VEHICLE COLLIDES WITH VEHICLE PARKED ON LEFT OF ROAD,1,660523,Not at intersection,2,50,Arterial Other,JASPER,GLEN EIRA,-37.90857,145.04337,2019,11,November,15,Afternoon Peak,Weekday
T20190023449,2019-11-23,17:00:00,5,collision with some other object,6,Saturday,166,STRUCK OBJECT ON CARRIAGEWAY,1,611881,Not at intersection,3,60,Arterial Other,MT BULLER,(MOUNT BULLER),-37.112206,146.41731,2019,11,November,17,Afternoon Peak,Weekend