ACCIDENT_NO,ACCIDENT_DATE,ACCIDENT_TIME,ACCIDENT_TYPE,ACCIDENT_TYPE_DESC,DAY_OF_WEEK,DAY_WEEK_DESC,DCA_CODE,DCA_DESC,LIGHT_CONDITION,NODE_ID,ROAD_GEOMETRY_DESC,SEVERITY,SPEED_ZONE,RMA,ROAD_NAME,LGA_NAME,LATITUDE,LONGITUDE,YEAR,MONTH,MONTH_NAME,HOUR,TIME_PERIOD,DAY_TYPE
T20190023409,2019-11-23,11:57:00,1,Collision with vehicle,6,Saturday,111,RIGHT FAR (INTERSECTIONS ONLY),1,657983,T intersection,3,80,Local Road,VICTORIA,YARRA RANGES,-37.71659,145.34262,2019,11,November,11,Midday,Weekend
T20190023452,2019-11-23,18:20:00,1,Collision with vehicle,6,Saturday,130,REAR END(VEHICLES IN SAME LANE),1,660564,Not at intersection,3,40,Arterial Other,CENTRE DANDENONG,KINGSTON,-37.97241,145.1127,2019,11,November,18,Afternoon Peak,Weekend
T20190024899,2019-11-23,10:50:00,1,Collision with vehicle,6,Saturday,132,RIGHT REAR.,1,66434,T intersection,3,50,Arterial Other,BLACKBURN,WHITEHORSE,-37.82778,145.1529,2019,11,November,10,Midday,Weekend
T20190023447,2019-11-23,17:00:00,1,Collision with vehicle,6,Saturday,121,RIGHT THROUGH,1,215,T intersection,3,40,Local Road,BOURKE,MELBOURNE,-37.814667,144.96172,2019,11,November,17,Afternoon Peak,Weekend
T20190023434,2019-11-23,14:19:00,1,Collision with vehicle,6,Saturday,136,RIGHT TURN SIDESWIPE,1,604810,Not at intersection,2,100,Arterial Highway,MAROONDAH,YARRA RANGES,-37.70314,145.4136,2019,11,November,14,Midday,Weekend
T20190023433,2019-11-23,14:40:00,1,Collision with vehicle,6,Saturday,121,RIGHT THROUGH,1,51916,Cross intersection,3,70,Arterial Highway,MIDLAND,BENDIGO,-36.705154,144.31616,2019,11,November,14,Midday,Weekend
T20190023448,2019-11-23,19:28:00,1,Collision with vehicle,6,Saturday,140,U TURN,1,604227,Not at intersection,3,50,Local Road,BOUVERIE,MELBOURNE,-37.80382,144.96188,2019,11,November,19,Night,Weekend
T20190023486,2019-11-23,19:04:00,1,Collision with vehicle,6,Saturday,110,CROSS TRAFFIC(INTERSECTIONS ONLY),1,26587,Cross intersection,3,80,Freeway,WESTERN,MELTON,-37.756332,144.73967,2019,11,November,19,Night,Weekend
T20190023610,2019-11-23,11:58:00,1,Collision with vehicle,6,Saturday,130,REAR END(VEHICLES IN SAME LANE),1,606848,Not at intersection,2,70,Local Road,SAYERS,WYNDHAM,-37.84804,144.68433,2019,11,November,11,Midday,Weekend
T20190023422,2019-11-23,12:35:00,1,Collision with vehicle,6,Saturday,110,CROSS TRAFFIC(INTERSECTIONS ONLY),1,312626,Cross intersection,2,100,Arterial Highway,BASS,BASS COAST,-38.433018,145.49669,2019,11,November,12,Midday,Weekend
T20190023403,2019-11-23,09:40:00,4,Collision with a fixed object,6,Saturday,171,LEFT OFF CARRIAGEWAY INTO OBJECT/PARKED VEHICLE,1,651616,Not at intersection,2,60,Local Road,GOLDSWORTHY,GEELONG,-38.07613,144.33919,2019,11,November,9,Morning Peak,Weekend
T20200008403,2019-11-23,13:00:00,1,Collision with vehicle,6,Saturday,139,OTHER SAME DIRECTION-MANOUEVRES NOT INCLUDED IN DCAs 130-137,1,653733,T intersection,3,40,Arterial Highway,DANDENONG,GLEN EIRA,-37.875317,145.04057,2019,11,November,13,Midday,Weekend
T20190023427,2019-11-23,12:37:00,1,Collision with vehicle,6,Saturday,159,OTHER OVERTAKING MANOEUVRES NOT INCLUDED IN DCAs 150-154,1,607835,Not at intersection,2,100,Local Road,BENALLA-WHITFIELD,WANGARATTA,-36.732327,146.32893,2019,11,November,12,Midday,Weekend
T20190023426,2019-11-23,11:50:00,1,Collision with vehicle,6,Saturday,134,LANE CHANGE RIGHT (NOT OVERTAKING),1,662327,Not at intersection,2,100,Freeway,METROPOLITAN RING,WHITTLESEA,-37.686245,145.0074,2019,11,November,11,Midday,Weekend
T20190023457,2019-11-23,16:50:00,1,Collision with vehicle,6,Saturday,130,REAR END(VEHICLES IN SAME LANE),1,617904,Not at intersection,3,50,Local Road,ROSELLA,WYNDHAM,-37.87665,144.67273,2019,11,November,16,Afternoon Peak,Weekend
T20190024989,2019-11-23,10:30:00,1,Collision with vehicle,6,Saturday,130,REAR END(VEHICLES IN SAME LANE),1,52304,Cross intersection,3,80,Arterial Other,MONASH,LATROBE,-38.333485,146.36537,2019,11,November,10,Midday,Weekend
T20190023458,2019-11-23,21:15:00,3,Struck animal,6,Saturday,167,STRUCK ANIMAL,5,613294,Not at intersection,2,100,Arterial Other,MURRAY RIVER,TOWONG,-36.104393,147.98042,2019,11,November,21,Night,Weekend
T20190023425,2019-11-23,12:50:00,1,Collision with vehicle,6,Saturday,121,RIGHT THROUGH,1,653437,Cross intersection,2,60,Arterial Other,STATION,WHITEHORSE,-37.809357,145.12556,2019,11,November,12,Midday,Weekend
T20190023424,2019-11-23,13:29:00,1,Collision with vehicle,6,Saturday,132,RIGHT REAR.,1,57874,Cross intersection,2,50,Arterial Other,ALBION,MORELAND,-37.757427,144.93443,2019,11,November,13,Midday,Weekend
T20190023429,2019-11-23,14:40:00,1,Collision with vehicle,6,Saturday,130,REAR END(VEHICLES IN SAME LANE),1,603656,Not at intersection,2,80,Arterial Other,WELLS,KINGSTON,-38.025883,145.12885,2019,11,November,14,Midday,Weekend
T20190024299,2019-11-23,22:36:00,1,Collision with vehicle,6,Saturday,160,VEHICLE COLLIDES WITH VEHICLE PARKED ON LEFT OF ROAD,6,608465,Not at intersection,3,60,Arterial Other,CEMETERY,MELBOURNE,-37.793224,144.96603,2019,11,November,22,Night,Weekend
T20190023428,2019-11-23,14:15:00,4,Collision with a fixed object,6,Saturday,171,LEFT OFF CARRIAGEWAY INTO OBJECT/PARKED VEHICLE,1,36795,T intersection,3,50,Local Road,MOORHEAD,WHITTLESEA,-37.663864,145.06488,2019,11,November,14,Midday,Weekend
T20190023386,2019-11-23,00:30:00,1,Collision with vehicle,6,Saturday,121,RIGHT THROUGH,3,37865,Cross intersection,2,50,Arterial Highway,ST GEORGES,DAREBIN,-37.758785,144.99313,2019,11,November,0,Late Night,Weekend
T20190023439,2019-11-23,16:25:00,5,collision with some other object,6,Saturday,173,RIGHT OFF CARRIAGEWAY INTO OBJECT/PARKED VEHICLE,1,657982,Not at intersection,2,60,Arterial Other,ANGLESEA,SURF COAST,-38.253803,144.27583,2019,11,November,16,Afternoon Peak,Weekend
T20190024152,2019-11-23,12:00:00,6,Vehicle overturned (no collision),6,Saturday,174,OUT OF CONTROL ON CARRIAGEWAY (ON STRAIGHT),1,658283,Not at intersection,3,100,Local Road,PADDYS SWAMP,SURF COAST,-38.363243,143.98549,2019,11,November,12,Midday,Weekend
T20190023598,2019-11-23,09:30:00,1,Collision with vehicle,6,Saturday,131,LEFT REAR,1,660606,T intersection,3,50,Local Road,SERVICE,CAMPASPE,-36.138905,144.7509,2019,11,November,9,Morning Peak,Weekend
T20190023597,2019-11-23,12:30:00,6,Vehicle overturned (no collision),6,Saturday,170,OFF CARRIAGEWAY TO LEFT,1,606209,Not at intersection,2,100,Local Road,WALHALLA,BAW BAW,-37.805202,146.39558,2019,11,November,12,Midday,Weekend
T20190023436,2019-11-23,14:25:00,1,Collision with vehicle,6,Saturday,130,REAR END(VEHICLES IN SAME LANE),1,603927,Not at intersection,3,80,Arterial Other,CRANBOURNE-FRANKSTON,FRANKSTON,-38.15624,145.17133,2019,11,November,14,Midday,Weekend
T20190024720,2019-11-23,11:45:00,6,Vehicle overturned (no collision),6,Saturday,174,OUT OF CONTROL ON CARRIAGEWAY (ON STRAIGHT),1,609604,Not at intersection,3,60,Arterial Other,MALVERN,STONNINGTON,-37.85355,145.04483,2019,11,November,11,Midday,Weekend
T20190023558,2019-11-23,12:30:00,8,No collision and no object struck,6,Saturday,180,OFF CARRIAGEWAY ON RIGHT BEND,1,604520,Not at intersection,3,100,Local Road,OLD TOLMIE,MANSFIELD,-37.001205,146.17528,2019,11,November,12,Midday,Weekend
T20200000435,2019-11-23,21:15:00,1,Collision with vehicle,6,Saturday,130,REAR END(VEHICLES IN SAME LANE),3,660684,Cross intersection,3,70,Arterial Highway,MURRAY VALLEY,CAMPASPE,-36.140682,144.72952,2019,11,November,21,Night,Weekend
T20190023420,2019-11-23,13:18:00,1,Collision with vehicle,6,Saturday,130,REAR END(VEHICLES IN SAME LANE),1,54184,Not at intersection,3,80,Freeway,TULLAMARINE,MOONEE VALLEY,-37.72803,144.89085,2019,11,November,13,Midday,Weekend
T20190023442,2019-11-23,13:30:00,4,Collision with a fixed object,6,Saturday,183,OFF LEFT BEND INTO OBJECT/PARKED VEHICLE,1,606371,Not at intersection,2,100,Local Road,LATROBE RIVER,BAW BAW,-37.984043,146.04726,2019,11,November,13,Midday,Weekend
T20190023443,2019-11-23,16:30:00,1,Collision with vehicle,6,Saturday,113,RIGHT NEAR (INTERSECTIONS ONLY),1,20793,T intersection,2,60,Arterial Other,MAIN SOUTH,BAW BAW,-38.14235,145.85524,2019,11,November,16,Afternoon Peak,Weekend
T20190023556,2019-11-23,00:53:00,4,Collision with a fixed object,6,Saturday,171,LEFT OFF CARRIAGEWAY INTO OBJECT/PARKED VEHICLE,3,660602,T intersection,3,80,Arterial Other,WALLACE,KNOX,-37.87709,145.23828,2019,11,November,0,Late Night,Weekend
T20190023923,2019-11-23,11:40:00,1,Collision with vehicle,6,Saturday,130,REAR END(VEHICLES IN SAME LANE),1,636085,Not at intersection,3,60,Arterial Other,HEATHS,WYNDHAM,-37.877842,144.65396,2019,11,November,11,Midday,Weekend
T20190023437,2019-11-23,15:25:00,1,Collision with vehicle,6,Saturday,121,RIGHT THROUGH,1,43423,T intersection,2,70,Arterial Other,BALLARTO,FRANKSTON,-38.117172,145.19403,2019,11,November,15,Afternoon Peak,Weekend
T20190023416,2019-11-23,08:15:00,1,Collision with vehicle,6,Saturday,116,LEFT NEAR (INTERSECTIONS ONLY),1,356627,T intersection,3,60,Freeway,METROPOLITAN RING OUT-PLENTY,WHITTLESEA,-37.686153,145.06763,2019,11,November,8,Morning Peak,Weekend
T20190023897,2019-11-23,15:37:00,1,Collision with vehicle,6,Saturday,130,REAR END(VEHICLES IN SAME LANE),1,653438,Cross intersection,2,60,Arterial Other,PRINCES,MELBOURNE,-37.792427,144.96994,2019,11,November,15,Afternoon Peak,Weekend
T20190023418,2019-11-23,11:45:00,1,Collision with vehicle,6,Saturday,175,OFF END OF ROAD/T-INTERSECTION.,1,660593,T intersection,3,60,Local Road,LOWER HOMESTEAD,YARRA RANGES,-37.72594,145.29294,2019,11,November,11,Midday,Weekend
T20200005872,2019-11-23,12:00:00,8,No collision and no object struck,6,Saturday,189,OTHER ACCIDENTS ON CURVE NOT INCLUDED IN DCAs 180-184,1,637800,Not at intersection,3,60,Local Road,SLATY CREEK,HEPBURN,-37.450993,143.90349,2019,11,November,12,Midday,Weekend
T20190023445,2019-11-23,16:50:00,7,Fall from or in moving vehicle,6,Saturday,184,OUT OF CONTROL ON CARRIAGEWAY (ON BEND),1,603928,Y intersection,2,100,Arterial Other,SWAN REACH,EAST GIPPSLAND,-37.71995,147.80507,2019,11,November,16,Afternoon Peak,Weekend
T20190023926,2019-11-23,14:00:00,1,Collision with vehicle,6,Saturday,135,LANE CHANGE LEFT (NOT OVERTAKING),1,617326,Cross intersection,3,60,Arterial Other,COTHAM,BOROONDARA,-37.80849,145.04489,2019,11,November,14,Midday,Weekend
T20190025818,2019-11-24,14:00:00,6,Vehicle overturned (no collision),7,Sunday,184,OUT OF CONTROL ON CARRIAGEWAY (ON BEND),1,611339,Not at intersection,3,100,Arterial Other,WARBURTON-WOODS POINT,MANSFIELD,-37.601254,146.22278,2019,11,November,14,Midday,Weekend
T20190023644,2019-11-24,16:15:00,1,Collision with vehicle,7,Sunday,130,REAR END(VEHICLES IN SAME LANE),1,616457,Cross intersection,3,80,Arterial Other,FERNTREE GULLY,KNOX,-37.88281,145.2773,2019,11,November,16,Afternoon Peak,Weekend
T20190025527,2019-11-24,13:19:00,1,Collision with vehicle,7,Sunday,121,RIGHT THROUGH,1,355448,Cross intersection,3,60,Arterial Highway,MCIVOR,BENDIGO,-36.75728,144.29182,2019,11,November,13,Midday,Weekend
T20190023491,2019-11-24,11:39:00,1,Collision with vehicle,7,Sunday,130,REAR END(VEHICLES IN SAME LANE),1,603929,Not at intersection,2,60,Arterial Highway,ROSANNA,BANYULE,-37.740707,145.0738,2019,11,November,11,Midday,Weekend
T20190023937,2019-11-24,18:54:00,4,Collision with a fixed object,7,Sunday,181,OFF RIGHT BEND INTO OBJECT/PARKED VEHICLE,1,653537,Not at intersection,2,100,Arterial Highway,GREAT OCEAN,MOYNE,-38.496685,142.74449,2019,11,November,18,Afternoon Peak,Weekend
T20190024984,2019-11-24,18:40:00,1,Collision with vehicle,7,Sunday,130,REAR END(VEHICLES IN SAME LANE),1,47233,Not at intersection,3,80,Freeway,WEST GATE,MARIBYRNONG,-37.824608,144.87544,2019,11,November,18,Afternoon Peak,Weekend
T20190023467,2019-11-24,00:27:00,4,Collision with a fixed object,7,Sunday,173,RIGHT OFF CARRIAGEWAY INTO OBJECT/PARKED VEHICLE,3,659035,Not at intersection,3,50,Local Road,GRANDVUE,CARDINIA,-38.058548,145.43822,2019,11,November,0,Late Night,Weekend
T20190023469,2019-11-24,02:45:00,4,Collision with a fixed object,7,Sunday,171,LEFT OFF CARRIAGEWAY INTO OBJECT/PARKED VEHICLE,5,629150,Not at intersection,2,80,Arterial Other,KANGAROO GROUND-WARRANDYTE,NILLUMBIK,-37.696777,145.22249,2019,11,November,2,Late Night,Weekend
T20190023470,2019-11-24,00:30:00,1,Collision with vehicle,7,Sunday,160,VEHICLE COLLIDES WITH VEHICLE PARKED ON LEFT OF ROAD,3,659025,Not at intersection,3,50,Local Road,LIGAR,BENDIGO,-36.765804,144.29346,2019,11,November,0,Late Night,Weekend
T20190023472,2019-11-24,05:35:00,1,Collision with vehicle,7,Sunday,121,RIGHT THROUGH,2,41559,T intersection,2,60,Arterial Highway,WARRIGAL,MONASH,-37.898422,145.08737,2019,11,November,5,Morning Peak,Weekend
T20190023475,2019-11-24,07:42:00,4,Collision with a fixed object,7,Sunday,171,LEFT OFF CARRIAGEWAY INTO OBJECT/PARKED VEHICLE,1,662582,Not at intersection,3,60,Arterial Other,FRANKSTON-FLINDERS,MORNINGTON PENINSULA,-38.228012,145.17957,2019,11,November,7,Morning Peak,Weekend
T20190023748,2019-11-24,16:35:00,1,Collision with vehicle,7,Sunday,113,RIGHT NEAR (INTERSECTIONS ONLY),1,62388,T intersection,2,60,Arterial Other,BOUNDARY,MORELAND,-37.717342,144.94456,2019,11,November,16,Afternoon Peak,Weekend
T20190023513,2019-11-24,17:29:00,1,Collision with vehicle,7,Sunday,130,REAR END(VEHICLES IN SAME LANE),1,610151,Not at intersection,3,60,Freeway,WESTERN RING,BRIMBANK,-37.76761,144.80484,2019,11,November,17,Afternoon Peak,Weekend
T20190023509,2019-11-24,14:30:00,1,Collision with vehicle,7,Sunday,113,RIGHT NEAR (INTERSECTIONS ONLY),1,43607,T intersection,2,80,Arterial Other,HEATHERTON,CASEY,-37.979675,145.2961,2019,11,November,14,Midday,Weekend
T20190023841,2019-11-24,17:00:00,1,Collision with vehicle,7,Sunday,121,RIGHT THROUGH,1,29655,T intersection,3,60,Arterial Highway,WARRIGAL,MONASH,-37.895138,145.0878,2019,11,November,17,Afternoon Peak,Weekend
T20190023508,2019-11-24,16:20:00,1,Collision with vehicle,7,Sunday,110,CROSS TRAFFIC(INTERSECTIONS ONLY),1,603930,Cross intersection,2,100,Freeway,PYRENEES,MOUNT ALEXANDER,-37.094067,144.32875,2019,11,November,16,Afternoon Peak,Weekend
T20190023507,2019-11-24,16:15:00,1,Collision with vehicle,7,Sunday,110,CROSS TRAFFIC(INTERSECTIONS ONLY),1,39996,Cross intersection,3,60,Arterial Other,MELBOURNE,HOBSONS BAY,-37.84927,144.88773,2019,11,November,16,Afternoon Peak,Weekend
T20190023527,2019-11-24,20:36:00,1,Collision with vehicle,7,Sunday,111,RIGHT FAR (INTERSECTIONS ONLY),2,45557,Cross intersection,2,60,Arterial Other,BRUNSWICK,MORELAND,-37.775276,144.94531,2019,11,November,20,Night,Weekend
T20190023761,2019-11-24,15:14:00,1,Collision with vehicle,7,Sunday,130,REAR END(VEHICLES IN SAME LANE),1,662331,Not at intersection,3,50,Arterial Other,BALLARAT ROAD SERVICE,BRIMBANK,-37.770954,144.78098,2019,11,November,15,Afternoon Peak,Weekend
T20190023595,2019-11-24,17:50:00,1,Collision with vehicle,7,Sunday,133,LANE SIDE SWIPE (VEHICLES IN PARALLEL LANES),1,653536,Not at intersection,3,60,Arterial Other,SWAN,MELBOURNE,-37.824223,144.98607,2019,11,November,17,Afternoon Peak,Weekend
T20200011565,2019-11-24,13:20:00,1,Collision with vehicle,7,Sunday,121,RIGHT THROUGH,1,655363,Not at intersection,3,80,Arterial Other,FRANKSTON-FLINDERS,FRANKSTON,-38.18339,145.14119,2019,11,November,13,Midday,Weekend
T20190023488,2019-11-24,10:35:00,1,Collision with vehicle,7,Sunday,113,RIGHT NEAR (INTERSECTIONS ONLY),1,987,T intersection,3,70,Arterial Other,HIGH,CASEY,-38.04083,145.36223,2019,11,November,10,Midday,Weekend
T20190023487,2019-11-24,11:38:00,1,Collision with vehicle,7,Sunday,171,LEFT OFF CARRIAGEWAY INTO OBJECT/PARKED VEHICLE,1,604228,Not at intersection,3,100,Freeway,EASTLINK,FRANKSTON,-38.0862,145.17033,2019,11,November,11,Midday,Weekend
T20190026108,2019-11-24,16:00:00,1,Collision with vehicle,7,Sunday,130,REAR END(VEHICLES IN SAME LANE),1,659024,Not at intersection,3,100,Arterial Highway,MURRAY VALLEY,WODONGA,-36.14878,147.02148,2019,11,November,16,Afternoon Peak,Weekend
T20190023515,2019-11-24,16:59:00,1,Collision with vehicle,7,Sunday,110,CROSS TRAFFIC(INTERSECTIONS ONLY),1,351360,Cross intersection,3,80,Arterial Highway,RUSSELL,DANDENONG,-37.939953,145.1641,2019,11,November,16,Afternoon Peak,Weekend
T20190023531,2019-11-24,22:07:00,1,Collision with vehicle,7,Sunday,119,OTHER ADJACENT (INTERSECTIONS ONLY),5,45263,Cross intersection,2,100,Freeway,PRINCES,CARDINIA,-38.068233,145.59036,2019,11,November,22,Night,Weekend
T20190023613,2019-11-24,11:50:00,1,Collision with vehicle,7,Sunday,113,RIGHT NEAR (INTERSECTIONS ONLY),1,618486,T intersection,3,50,Local Road,SULLIVAN,BRIMBANK,-37.752052,144.78203,2019,11,November,11,Midday,Weekend
T20190023489,2019-11-24,12:15:00,1,Collision with vehicle,7,Sunday,147,VEHICLE STRIKES ANOTHER VEH WHILE EMERGING FROM DRIVEWAY,1,605900,Not at intersection,3,60,Arterial Other,CRAIGIEBURN,HUME,-37.598698,144.93893,2019,11,November,12,Midday,Weekend
T20190023493,2019-11-24,06:53:00,1,Collision with vehicle,7,Sunday,130,REAR END(VEHICLES IN SAME LANE),1,42915,T intersection,3,60,Local Road,ATHOL,DANDENONG,-37.973305,145.16676,2019,11,November,6,Morning Peak,Weekend
T20190023490,2019-11-24,10:04:00,2,Struck Pedestrian,7,Sunday,100,PED NEAR SIDE. PED HIT BY VEHICLE FROM THE RIGHT.,1,29785,Cross intersection,2,60,Arterial Other,HIGH,WHITTLESEA,-37.651882,145.02371,2019,11,November,10,Midday,Weekend
T20190023525,2019-11-24,20:10:00,1,Collision with vehicle,7,Sunday,160,VEHICLE COLLIDES WITH VEHICLE PARKED ON LEFT OF ROAD,2,645640,Not at intersection,2,60,Arterial Other,VICTORIA,MANNINGHAM,-37.783916,145.14426,2019,11,November,20,Night,Weekend
T20190024196,2019-11-24,10:45:00,1,Collision with vehicle,7,Sunday,111,RIGHT FAR (INTERSECTIONS ONLY),1,613857,T intersection,2,60,Arterial Highway,TORQUAY,GEELONG,-38.201195,144.34122,2019,11,November,10,Midday,Weekend
T20190023575,2019-11-24,15:50:00,1,Collision with vehicle,7,Sunday,134,LANE CHANGE RIGHT (NOT OVERTAKING),9,331155,Cross intersection,3,40,Freeway,BATMAN,MELBOURNE,-37.82338,144.97858,2019,11,November,15,Afternoon Peak,Weekend
T20190023520,2019-11-24,15:30:00,1,Collision with vehicle,7,Sunday,110,CROSS TRAFFIC(INTERSECTIONS ONLY),1,62367,Cross intersection,3,50,Local Road,CLUNES,DAREBIN,-37.71631,145.03987,2019,11,November,15,Afternoon Peak,Weekend
T20190023479,2019-11-24,10:35:00,1,Collision with vehicle,7,Sunday,121,RIGHT THROUGH,1,206,Cross intersection,3,40,Arterial Other,KING,MELBOURNE,-37.818356,144.95663,2019,11,November,10,Midday,Weekend
T20190023480,2019-11-24,09:35:00,4,Collision with a fixed object,7,Sunday,181,OFF RIGHT BEND INTO OBJECT/PARKED VEHICLE,1,659031,Not at intersection,2,100,Local Road,DALYSTON-GLEN FORBES,BASS COAST,-38.493,145.58086,2019,11,November,9,Morning Peak,Weekend
T20190023815,2019-11-24,11:30:00,8,No collision and no object struck,7,Sunday,182,OFF CARRIAGEWAY ON LEFT BEND,1,607360,Not at intersection,2,100,Arterial Other,MERTON-EUROA,MANSFIELD,-36.95995,145.70406,2019,11,November,11,Midday,Weekend
T20190023733,2019-11-24,06:35:00,1,Collision with vehicle,7,Sunday,113,RIGHT NEAR (INTERSECTIONS ONLY),1,619659,Cross intersection,3,60,Arterial Highway,WOOD,DAREBIN,-37.73556,145.02428,2019,11,November,6,Morning Peak,Weekend
T20190023485,2019-11-24,11:09:00,2,Struck Pedestrian,7,Sunday,105,PED WALKING AGAINST TRAFFIC.,1,663,Cross intersection,2,50,Arterial Other,ESPLANADE,BAYSIDE,-37.910786,144.98605,2019,11,November,11,Midday,Weekend
T20190023542,2019-11-24,10:55:00,6,Vehicle overturned (no collision),7,Sunday,172,OFF CARRIAGEWAY TO RIGHT,1,659026,Not at intersection,2,100,Local Road,LOCH-WONTHAGGI,SOUTH GIPPSLAND,-38.41868,145.69777,2019,11,November,10,Midday,Weekend
T20190023499,2019-11-24,12:25:00,4,Collision with a fixed object,7,Sunday,181,OFF RIGHT BEND INTO OBJECT/PARKED VEHICLE,1,631085,Not at intersection,2,100,Local Road,NORTHWOOD,MITCHELL,-36.920036,145.09921,2019,11,November,12,Midday,Weekend
T20190023494,2019-11-24,10:26:00,1,Collision with vehicle,7,Sunday,152,PULLING OUT (OVERTAKING),1,605094,Not at intersection,3,60,Arterial Other,MOUNT DANDENONG TOURIST,YARRA RANGES,-37.88976,145.31831,2019,11,November,10,Midday,Weekend
T20190023516,2019-11-24,16:16:00,4,Collision with a fixed object,7,Sunday,175,OFF END OF ROAD/T-INTERSECTION.,1,635606,Not at intersection,1,60,Arterial Highway,WESTERN,ARARAT,-37.285915,142.95113,2019,11,November,16,Afternoon Peak,Weekend
T20190023664,2019-11-25,11:30:00,3,Struck animal,1,Monday,167,STRUCK ANIMAL,1,604812,Not at intersection,3,100,Local Road,WATCHEM-WARRACKNABEAL,BULOKE,-36.137108,142.77681,2019,11,November,11,Midday,Weekday
T20190024344,2019-11-25,16:15:00,1,Collision with vehicle,1,Monday,130,REAR END(VEHICLES IN SAME LANE),1,606868,Not at intersection,3,80,Freeway,PENINSULA LINK IN-FRANKSTON-DANDENONG,FRANKSTON,-38.109577,145.1614,2019,11,November,16,Afternoon Peak,Weekday
T20190023546,2019-11-25,06:50:00,1,Collision with vehicle,1,Monday,134,LANE CHANGE RIGHT (NOT OVERTAKING),1,604519,Not at intersection,2,80,Freeway,WEST GATE,MELBOURNE,-37.826996,144.95052,2019,11,November,6,Morning Peak,Weekday
T20190023603,2019-11-25,15:00:00,8,No collision and no object struck,1,Monday,179,OTHER ACCIDENTS-OFF STRAIGHT NOT INCLUDED IN DCAs 170-175,1,606210,Not at intersection,2,80,Local Road,RENNIE,GEELONG,-38.0544,144.39221,2019,11,November,15,Afternoon Peak,Weekday
T20190023668,2019-11-25,17:30:00,1,Collision with vehicle,1,Monday,113,RIGHT NEAR (INTERSECTIONS ONLY),1,604814,T intersection,2,50,Local Road,BRUCE,BASS COAST,-38.51284,145.30173,2019,11,November,17,Afternoon Peak,Weekday
T20190023611,2019-11-25,19:54:00,4,Collision with a fixed object,1,Monday,181,OFF RIGHT BEND INTO OBJECT/PARKED VEHICLE,2,658757,Multiple intersection,3,100,Local Road,WANNON-NIGRETTA FALLS,SOUTHERN GRAMPIANS,-37.664356,141.85474,2019,11,November,19,Night,Weekday
T20190023612,2019-11-25,19:00:00,1,Collision with vehicle,1,Monday,121,RIGHT THROUGH,1,604522,Not at intersection,2,80,Arterial Highway,PRINCES,DANDENONG,-37.968094,145.1954,2019,11,November,19,Night,Weekday
T20200000501,2019-11-25,07:06:00,1,Collision with vehicle,1,Monday,110,CROSS TRAFFIC(INTERSECTIONS ONLY),1,38947,Cross intersection,3,50,Local Road,EGLINTON,BOROONDARA,-37.800606,145.04097,2019,11,November,7,Morning Peak,Weekday
T20190024769,2019-11-25,10:00:00,6,Vehicle overturned (no collision),1,Monday,179,OTHER ACCIDENTS-OFF STRAIGHT NOT INCLUDED IN DCAs 170-175,1,616167,Not at intersection,3,50,Local Road,CLARENDON,MELBOURNE,-37.81533,144.98271,2019,11,November,10,Midday,Weekday
T20190023599,2019-11-25,16:07:00,1,Collision with vehicle,1,Monday,147,VEHICLE STRIKES ANOTHER VEH WHILE EMERGING FROM DRIVEWAY,1,658758,Not at intersection,3,60,Arterial Other,SAYERS,WYNDHAM,-37.851917,144.72183,2019,11,November,16,Afternoon Peak,Weekday
T20190023640,2019-11-25,16:00:00,1,Collision with vehicle,1,Monday,130,REAR END(VEHICLES IN SAME LANE),1,608458,Not at intersection,3,80,Arterial Highway,PRINCES,CASEY,-38.023556,145.30266,2019,11,November,16,Afternoon Peak,Weekday
T20200002859,2019-11-25,06:30:00,1,Collision with vehicle,1,Monday,140,U TURN,9,41927,Cross intersection,3,50,Arterial Highway,BURWOOD,KNOX,-37.882755,145.27747,2019,11,November,6,Morning Peak,Weekday
T20190024077,2019-11-25,06:00:00,1,Collision with vehicle,1,Monday,116,LEFT NEAR (INTERSECTIONS ONLY),1,617042,T intersection,2,60,Arterial Other,CHRISTIES,MELTON,-37.757954,144.73962,2019,11,November,6,Morning Peak,Weekday
T20190023641,2019-11-25,12:10:00,1,Collision with vehicle,1,Monday,131,LEFT REAR,1,265467,T intersection,3,70,Arterial Highway,PRINCES,CASEY,-38.02536,145.30545,2019,11,November,12,Midday,Weekday
T20190023566,2019-11-25,07:03:00,1,Collision with vehicle,1,Monday,113,RIGHT NEAR (INTERSECTIONS ONLY),1,620859,Cross intersection,2,80,Arterial Other,BELGRAVE-GEMBROOK,CARDINIA,-37.946243,145.50522,2019,11,November,7,Morning Peak,Weekday
T20190023811,2019-11-25,18:30:00,1,Collision with vehicle,1,Monday,147,VEHICLE STRIKES ANOTHER VEH WHILE EMERGING FROM DRIVEWAY,1,658755,Not at intersection,3,60,Arterial Highway,BELL,DAREBIN,-37.746387,145.01505,2019,11,November,18,Afternoon Peak,Weekday