ACCIDENT_NO,ACCIDENT_DATE,ACCIDENT_TIME,ACCIDENT_TYPE,ACCIDENT_TYPE_DESC,DAY_OF_WEEK,DAY_WEEK_DESC,DCA_CODE,DCA_DESC,LIGHT_CONDITION,NODE_ID,ROAD_GEOMETRY_DESC,SEVERITY,SPEED_ZONE,RMA,ROAD_NAME,LGA_NAME,LATITUDE,LONGITUDE,YEAR,MONTH,MONTH_NAME,HOUR,TIME_PERIOD,DAY_TYPE
T20190023577,2019-11-25,12:09:00,1,Collision with vehicle,1,Monday,110,CROSS TRAFFIC(INTERSECTIONS ONLY),1,61892,Cross intersection,3,50,Local Road,GLEN,MORELAND,-37.696136,144.92793,2019,11,November,12,Midday,Weekday
T20190023578,2019-11-25,12:30:00,1,Collision with vehicle,1,Monday,147,VEHICLE STRIKES ANOTHER VEH WHILE EMERGING FROM DRIVEWAY,1,34865,T intersection,2,50,Local Road,GEORGE,LATROBE,-38.17639,146.26021,2019,11,November,12,Midday,Weekday
T20190023581,2019-11-25,08:57:00,1,Collision with vehicle,1,Monday,121,RIGHT THROUGH,1,851,Cross intersection,2,60,Arterial Other,SYDNEY,MORELAND,-37.72746,144.96368,2019,11,November,8,Morning Peak,Weekday
T20190023563,2019-11-25,09:15:00,1,Collision with vehicle,1,Monday,132,RIGHT REAR.,1,604233,Not at intersection,3,80,Local Road,NORTH,CASEY,-38.171597,145.24458,2019,11,November,9,Morning Peak,Weekday
T20190023586,2019-11-25,14:18:00,1,Collision with vehicle,1,Monday,132,RIGHT REAR.,1,45208,Cross intersection,2,100,Arterial Other,GEELONG-BACCHUS MARSH,MOORABOOL,-37.753193,144.44313,2019,11,November,14,Midday,Weekday
T20190023561,2019-11-25,08:30:00,1,Collision with vehicle,1,Monday,113,RIGHT NEAR (INTERSECTIONS ONLY),1,42338,T intersection,3,60,Arterial Other,KINGSTON,KINGSTON,-37.954285,145.08644,2019,11,November,8,Morning Peak,Weekday
T20190023560,2019-11-25,07:30:00,1,Collision with vehicle,1,Monday,110,CROSS TRAFFIC(INTERSECTIONS ONLY),1,19412,Cross intersection,2,100,Arterial Highway,NORTHERN,CAMPASPE,-36.720512,144.68274,2019,11,November,7,Morning Peak,Weekday
T20190023559,2019-11-25,08:00:00,6,Vehicle overturned (no collision),1,Monday,174,OUT OF CONTROL ON CARRIAGEWAY (ON STRAIGHT),1,658753,Not at intersection,3,50,Local Road,BRUNSWICK,YARRA,-37.79872,144.9784,2019,11,November,8,Morning Peak,Weekday
T20190023737,2019-11-25,16:15:00,1,Collision with vehicle,1,Monday,130,REAR END(VEHICLES IN SAME LANE),1,604817,Not at intersection,2,80,Freeway,WESTERN RING,WYNDHAM,-37.820034,144.80989,2019,11,November,16,Afternoon Peak,Weekday
T20190023609,2019-11-25,19:19:00,1,Collision with vehicle,1,Monday,120,HEAD ON (NOT OVERTAKING),1,614136,Not at intersection,2,40,Local Road,CECIL,YARRA,-37.794403,144.98201,2019,11,November,19,Night,Weekday
T20190024246,2019-11-25,09:40:00,1,Collision with vehicle,1,Monday,130,REAR END(VEHICLES IN SAME LANE),1,657984,Not at intersection,3,100,Freeway,WESTERN RING,BRIMBANK,-37.801376,144.80396,2019,11,November,9,Morning Peak,Weekday
T20190023557,2019-11-25,06:45:00,1,Collision with vehicle,1,Monday,110,CROSS TRAFFIC(INTERSECTIONS ONLY),1,50669,Cross intersection,3,60,Local Road,BOTANIC,WARRNAMBOOL,-38.372643,142.4827,2019,11,November,6,Morning Peak,Weekday
T20190023579,2019-11-25,09:20:00,1,Collision with vehicle,1,Monday,113,RIGHT NEAR (INTERSECTIONS ONLY),1,60432,Cross intersection,3,50,Arterial Other,MAIN,MACEDON RANGES,-37.34528,144.74236,2019,11,November,9,Morning Peak,Weekday
T20190023593,2019-11-25,10:50:00,1,Collision with vehicle,1,Monday,121,RIGHT THROUGH,9,608133,T intersection,3,80,Arterial Highway,NEPEAN,MORNINGTON PENINSULA,-38.203194,145.07861,2019,11,November,10,Midday,Weekday
T20190023592,2019-11-25,15:05:00,1,Collision with vehicle,1,Monday,135,LANE CHANGE LEFT (NOT OVERTAKING),1,653638,Not at intersection,2,80,Freeway,WESTERN RING,MORELAND,-37.700027,144.89563,2019,11,November,15,Afternoon Peak,Weekday
T20190023591,2019-11-25,16:30:00,1,Collision with vehicle,1,Monday,148,VEHICLE OFF FOOTPATH STRIKES VEH ON CARRIAGEWAY,1,624815,Not at intersection,2,60,Arterial Highway,PRINCES,EAST GIPPSLAND,-37.8795,147.96208,2019,11,November,16,Afternoon Peak,Weekday
T20190023687,2019-11-25,15:28:00,4,Collision with a fixed object,1,Monday,171,LEFT OFF CARRIAGEWAY INTO OBJECT/PARKED VEHICLE,1,658754,Not at intersection,3,40,Local Road,CAMBRIAN,MELTON,-37.677002,144.55736,2019,11,November,15,Afternoon Peak,Weekday
T20190023587,2019-11-25,14:45:00,1,Collision with vehicle,1,Monday,160,VEHICLE COLLIDES WITH VEHICLE PARKED ON LEFT OF ROAD,1,607541,Not at intersection,3,60,Local Road,MILLER,WHITTLESEA,-37.642323,145.02089,2019,11,November,14,Midday,Weekday
T20190024488,2019-11-25,07:30:00,1,Collision with vehicle,1,Monday,130,REAR END(VEHICLES IN SAME LANE),2,658756,Not at intersection,2,60,Local Road,RUTHVEN,BANYULE,-37.730034,145.0671,2019,11,November,7,Morning Peak,Weekday
T20190023608,2019-11-25,17:17:00,2,Struck Pedestrian,1,Monday,102,FAR SIDE. PED HIT BY VEHICLE FROM THE LEFT,1,615873,Cross intersection,3,60,Arterial Highway,BELL,DAREBIN,-37.748245,145.02963,2019,11,November,17,Afternoon Peak,Weekday
T20190023548,2019-11-25,07:27:00,1,Collision with vehicle,1,Monday,130,REAR END(VEHICLES IN SAME LANE),1,606369,Not at intersection,3,100,Freeway,PRINCES,CASEY,-38.038956,145.33095,2019,11,November,7,Morning Peak,Weekday
T20190023555,2019-11-25,06:40:00,1,Collision with vehicle,1,Monday,130,REAR END(VEHICLES IN SAME LANE),1,605095,Not at intersection,2,100,Freeway,MONASH,CASEY,-38.011143,145.30193,2019,11,November,6,Morning Peak,Weekday
T20190023549,2019-11-25,06:50:00,1,Collision with vehicle,1,Monday,135,LANE CHANGE LEFT (NOT OVERTAKING),1,658752,Y intersection,3,80,Freeway,WESTERN RING IN-TULLAMARINE OUT,MORELAND,-37.702076,144.89333,2019,11,November,6,Morning Peak,Weekday
T20190023554,2019-11-25,07:00:00,4,Collision with a fixed object,1,Monday,173,RIGHT OFF CARRIAGEWAY INTO OBJECT/PARKED VEHICLE,1,653637,Not at intersection,3,80,Arterial Other,MEENIYAN-MIRBOO NORTH,SOUTH GIPPSLAND,-38.46455,146.13586,2019,11,November,7,Morning Peak,Weekday
T20190023569,2019-11-25,11:40:00,1,Collision with vehicle,1,Monday,147,VEHICLE STRIKES ANOTHER VEH WHILE EMERGING FROM DRIVEWAY,1,604521,Not at intersection,3,60,Local Road,CHIFLEY,DAREBIN,-37.74601,145.0301,2019,11,November,11,Midday,Weekday
T20190025406,2019-11-25,12:00:00,6,Vehicle overturned (no collision),1,Monday,170,OFF CARRIAGEWAY TO LEFT,9,614142,Not at intersection,3,100,Arterial Other,LANCEFIELD,HUME,-37.592827,144.76007,2019,11,November,12,Midday,Weekday
T20190023685,2019-11-26,15:40:00,1,Collision with vehicle,2,Tuesday,110,CROSS TRAFFIC(INTERSECTIONS ONLY),1,36783,Cross intersection,3,50,Local Road,BERTIE,PORT PHILLIP,-37.828785,144.9376,2019,11,November,15,Afternoon Peak,Weekday
T20190023669,2019-11-26,14:37:00,4,Collision with a fixed object,2,Tuesday,173,RIGHT OFF CARRIAGEWAY INTO OBJECT/PARKED VEHICLE,1,658831,Not at intersection,3,80,Arterial Other,TONE,WANGARATTA,-36.361046,146.30888,2019,11,November,14,Midday,Weekday
T20190023665,2019-11-26,06:48:00,1,Collision with vehicle,2,Tuesday,130,REAR END(VEHICLES IN SAME LANE),1,604813,Not at intersection,3,60,Arterial Other,VICTORIA,MELBOURNE,-37.806103,144.95801,2019,11,November,6,Morning Peak,Weekday
T20190023719,2019-11-26,19:04:00,1,Collision with vehicle,2,Tuesday,110,CROSS TRAFFIC(INTERSECTIONS ONLY),1,37972,Cross intersection,2,50,Local Road,DUNDAS,DAREBIN,-37.75283,145.0064,2019,11,November,19,Night,Weekday
T20190026437,2019-11-26,15:22:00,1,Collision with vehicle,2,Tuesday,113,RIGHT NEAR (INTERSECTIONS ONLY),1,41067,T intersection,3,60,Arterial Other,FOREST,KNOX,-37.861633,145.30457,2019,11,November,15,Afternoon Peak,Weekday
T20190023670,2019-11-26,12:38:00,4,Collision with a fixed object,2,Tuesday,171,LEFT OFF CARRIAGEWAY INTO OBJECT/PARKED VEHICLE,1,658829,Cross intersection,3,60,Local Road,COPPERFIELD,BRIMBANK,-37.7193,144.77078,2019,11,November,12,Midday,Weekday
T20190023619,2019-11-26,00:35:00,4,Collision with a fixed object,2,Tuesday,171,LEFT OFF CARRIAGEWAY INTO OBJECT/PARKED VEHICLE,3,658830,Not at intersection,3,60,Local Road,ROCKBANK MIDDLE,MELTON,-37.74446,144.7289,2019,11,November,0,Late Night,Weekday
T20190023698,2019-11-26,15:30:00,4,Collision with a fixed object,2,Tuesday,171,LEFT OFF CARRIAGEWAY INTO OBJECT/PARKED VEHICLE,1,609872,Not at intersection,2,60,Local Road,OVERTON LEA,BRIMBANK,-37.696636,144.76588,2019,11,November,15,Afternoon Peak,Weekday
T20190023704,2019-11-26,15:30:00,1,Collision with vehicle,2,Tuesday,110,CROSS TRAFFIC(INTERSECTIONS ONLY),1,43431,Multiple intersection,2,80,Arterial Highway,NEPEAN,MORNINGTON PENINSULA,-38.166714,145.10173,2019,11,November,15,Afternoon Peak,Weekday
T20190023709,2019-11-26,15:55:00,1,Collision with vehicle,2,Tuesday,110,CROSS TRAFFIC(INTERSECTIONS ONLY),1,37460,Cross intersection,3,60,Arterial Other,MONTAGUE,PORT PHILLIP,-37.830982,144.95038,2019,11,November,15,Afternoon Peak,Weekday
T20190023710,2019-11-26,21:20:00,2,Struck Pedestrian,2,Tuesday,106,VEH STRIKES PED ON FOOTPATH/MEDIAN/TRAFFIC ISLAND.,3,658833,Not at intersection,2,50,Local Road,GUNBOWER,WHITTLESEA,-37.67616,144.99292,2019,11,November,21,Night,Weekday
T20190023643,2019-11-26,11:33:00,1,Collision with vehicle,2,Tuesday,110,CROSS TRAFFIC(INTERSECTIONS ONLY),1,52508,Cross intersection,3,60,Arterial Highway,DEAKIN,MILDURA,-34.194347,142.15167,2019,11,November,11,Midday,Weekday
T20190023642,2019-11-26,07:30:00,1,Collision with vehicle,2,Tuesday,169,OTHER ON PATH,1,608134,T intersection,2,50,Local Road,ARENA,HUME,-37.624928,144.91707,2019,11,November,7,Morning Peak,Weekday
T20190023678,2019-11-26,15:20:00,1,Collision with vehicle,2,Tuesday,110,CROSS TRAFFIC(INTERSECTIONS ONLY),1,49570,Cross intersection,1,50,Local Road,GRAHAM,MOORABOOL,-37.67981,144.43698,2019,11,November,15,Afternoon Peak,Weekday
T20190023681,2019-11-26,15:00:00,4,Collision with a fixed object,2,Tuesday,181,OFF RIGHT BEND INTO OBJECT/PARKED VEHICLE,1,635929,Not at intersection,2,100,Local Road,UPPER MURRAY,TOWONG,-36.269756,148.02148,2019,11,November,15,Afternoon Peak,Weekday
T20190023682,2019-11-26,16:20:00,1,Collision with vehicle,2,Tuesday,130,REAR END(VEHICLES IN SAME LANE),1,773344,Not at intersection,2,100,Arterial Highway,GOULBURN VALLEY,SHEPPARTON,-36.28792,145.43184,2019,11,November,16,Afternoon Peak,Weekday
T20190023671,2019-11-26,14:55:00,1,Collision with vehicle,2,Tuesday,132,RIGHT REAR.,1,653721,T intersection,3,60,Local Road,BEDFORD,MAROONDAH,-37.82149,145.24855,2019,11,November,14,Midday,Weekday
T20190023895,2019-11-26,13:30:00,1,Collision with vehicle,2,Tuesday,147,VEHICLE STRIKES ANOTHER VEH WHILE EMERGING FROM DRIVEWAY,1,606539,T intersection,2,50,Arterial Other,BUCKLEY,MARIBYRNONG,-37.803596,144.8944,2019,11,November,13,Midday,Weekday
T20190023825,2019-11-26,18:58:00,1,Collision with vehicle,2,Tuesday,113,RIGHT NEAR (INTERSECTIONS ONLY),1,45516,T intersection,2,80,Arterial Other,MELTON,MELTON,-37.683125,144.66124,2019,11,November,18,Afternoon Peak,Weekday
T20190023766,2019-11-26,12:51:00,1,Collision with vehicle,2,Tuesday,133,LANE SIDE SWIPE (VEHICLES IN PARALLEL LANES),1,340495,Cross intersection,2,60,Local Road,HANSON,HUME,-37.5833,144.93501,2019,11,November,12,Midday,Weekday
T20190023764,2019-11-26,15:10:00,2,Struck Pedestrian,2,Tuesday,100,PED NEAR SIDE. PED HIT BY VEHICLE FROM THE RIGHT.,1,636082,Not at intersection,3,50,Local Road,COLLEGE,WYNDHAM,-37.905987,144.66585,2019,11,November,15,Afternoon Peak,Weekday
T20190023728,2019-11-26,13:48:00,8,No collision and no object struck,2,Tuesday,175,OFF END OF ROAD/T-INTERSECTION.,1,612175,T intersection,3,50,Local Road,HOPETOUN,LATROBE,-38.234447,146.40361,2019,11,November,13,Midday,Weekday
T20190023693,2019-11-26,18:30:00,1,Collision with vehicle,2,Tuesday,113,RIGHT NEAR (INTERSECTIONS ONLY),1,607986,T intersection,3,50,Local Road,WOOLTON,DAREBIN,-37.76074,144.99368,2019,11,November,18,Afternoon Peak,Weekday
T20190023621,2019-11-26,07:30:00,1,Collision with vehicle,2,Tuesday,130,REAR END(VEHICLES IN SAME LANE),1,259275,Cross intersection,2,60,Arterial Highway,SHAKESPEARE,LATROBE,-38.199497,146.53305,2019,11,November,7,Morning Peak,Weekday
T20200005159,2019-11-26,15:20:00,1,Collision with vehicle,2,Tuesday,130,REAR END(VEHICLES IN SAME LANE),1,640971,Multiple intersection,3,80,Freeway,PRINCES IN-WESTERN RING OUT,WYNDHAM,-37.83149,144.8121,2019,11,November,15,Afternoon Peak,Weekday
T20190023659,2019-11-26,11:15:00,2,Struck Pedestrian,2,Tuesday,102,FAR SIDE. PED HIT BY VEHICLE FROM THE LEFT,1,616753,T intersection,2,60,Local Road,GREY,PORT PHILLIP,-37.864056,144.98169,2019,11,November,11,Midday,Weekday
T20190023638,2019-11-26,10:25:00,2,Struck Pedestrian,2,Tuesday,108,PED STRUCK WALKING TO/FROM OR BOARDING/ALIGHTING VEHICLE.,1,624161,Not at intersection,2,50,Local Road,STATION,MORNINGTON PENINSULA,-38.225098,145.17528,2019,11,November,10,Midday,Weekday
T20190023717,2019-11-26,15:40:00,1,Collision with vehicle,2,Tuesday,130,REAR END(VEHICLES IN SAME LANE),1,605377,T intersection,3,50,Local Road,CAMERON,BANYULE,-37.69837,145.06944,2019,11,November,15,Afternoon Peak,Weekday
T20190023651,2019-11-26,10:02:00,1,Collision with vehicle,2,Tuesday,116,LEFT NEAR (INTERSECTIONS ONLY),1,605376,Cross intersection,3,70,Arterial Other,RYRIE,GEELONG,-38.147446,144.35295,2019,11,November,10,Midday,Weekday
T20200009755,2019-11-26,08:00:00,6,Vehicle overturned (no collision),2,Tuesday,170,OFF CARRIAGEWAY TO LEFT,9,653107,Not at intersection,3,80,Arterial Other,MAFFRA-SALE,WELLINGTON,-38.061455,147.02863,2019,11,November,8,Morning Peak,Weekday
T20190023695,2019-11-26,16:50:00,1,Collision with vehicle,2,Tuesday,121,RIGHT THROUGH,1,605098,T intersection,3,60,Arterial Other,BELMORE,WHITEHORSE,-37.80071,145.11293,2019,11,November,16,Afternoon Peak,Weekday
T20190023660,2019-11-26,13:19:00,1,Collision with vehicle,2,Tuesday,130,REAR END(VEHICLES IN SAME LANE),1,8721,Cross intersection,2,60,Arterial Other,HIGH,MELTON,-37.6836,144.57794,2019,11,November,13,Midday,Weekday
T20190023661,2019-11-26,13:56:00,1,Collision with vehicle,2,Tuesday,113,RIGHT NEAR (INTERSECTIONS ONLY),1,37177,Cross intersection,2,80,Arterial Highway,STUD,KNOX,-37.902264,145.23509,2019,11,November,13,Midday,Weekday
T20190023653,2019-11-26,08:00:00,1,Collision with vehicle,2,Tuesday,130,REAR END(VEHICLES IN SAME LANE),1,623258,Not at intersection,3,60,Local Road,DERBY,MORELAND,-37.725983,144.94678,2019,11,November,8,Morning Peak,Weekday
T20190023672,2019-11-26,14:50:00,1,Collision with vehicle,2,Tuesday,121,RIGHT THROUGH,1,260158,Unknown,2,60,Arterial Other,COBURNS,MELTON,-37.68635,144.56778,2019,11,November,14,Midday,Weekday
T20190023721,2019-11-26,10:38:00,1,Collision with vehicle,2,Tuesday,130,REAR END(VEHICLES IN SAME LANE),1,256639,Not at intersection,3,50,Local Road,POWER,CASEY,-38.00066,145.235,2019,11,November,10,Midday,Weekday
T20190023696,2019-11-26,08:20:00,1,Collision with vehicle,2,Tuesday,163,VEHICLE STRIKES DOOR OF PARKED/STATIONARY VEHICLE,1,606211,Not at intersection,3,40,Local Road,CHAPEL,PORT PHILLIP,-37.85957,144.99193,2019,11,November,8,Morning Peak,Weekday
T20190023636,2019-11-26,09:28:00,1,Collision with vehicle,2,Tuesday,147,VEHICLE STRIKES ANOTHER VEH WHILE EMERGING FROM DRIVEWAY,1,619948,Not at intersection,2,40,Local Road,ALBERT,PORT PHILLIP,-37.833893,144.97165,2019,11,November,9,Morning Peak,Weekday
T20190023628,2019-11-26,09:15:00,1,Collision with vehicle,2,Tuesday,113,RIGHT NEAR (INTERSECTIONS ONLY),1,39647,T intersection,2,60,Arterial Other,WARRANDYTE,MAROONDAH,-37.81223,145.23074,2019,11,November,9,Morning Peak,Weekday
T20190023633,2019-11-26,08:56:00,1,Collision with vehicle,2,Tuesday,113,RIGHT NEAR (INTERSECTIONS ONLY),1,611599,T intersection,2,50,Local Road,AMBER,MELTON,-37.716187,144.75659,2019,11,November,8,Morning Peak,Weekday
T20200002732,2019-11-26,08:40:00,1,Collision with vehicle,2,Tuesday,130,REAR END(VEHICLES IN SAME LANE),9,626751,Not at intersection,3,60,Arterial Other,HEIDELBERG,BANYULE,-37.775715,145.03885,2019,11,November,8,Morning Peak,Weekday
T20190024391,2019-11-27,08:10:00,1,Collision with vehicle,3,Wednesday,160,VEHICLE COLLIDES WITH VEHICLE PARKED ON LEFT OF ROAD,1,607985,Not at intersection,2,60,Local Road,GOYNES,BENDIGO,-36.712917,144.30804,2019,11,November,8,Morning Peak,Weekday
T20190023747,2019-11-27,10:00:00,1,Collision with vehicle,3,Wednesday,131,LEFT REAR,1,658748,Not at intersection,3,100,Arterial Other,YARRA JUNCTION-NOOJEE,BAW BAW,-37.892483,145.92662,2019,11,November,10,Midday,Weekday
T20190023960,2019-11-27,15:00:00,1,Collision with vehicle,3,Wednesday,140,U TURN,1,620541,Not at intersection,3,60,Local Road,WINTER,BALLARAT,-37.56882,143.81804,2019,11,November,15,Afternoon Peak,Weekday
T20190023743,2019-11-27,09:30:00,1,Collision with vehicle,3,Wednesday,120,HEAD ON (NOT OVERTAKING),1,604818,Not at intersection,3,50,Local Road,IMES,KINGSTON,-37.989902,145.08385,2019,11,November,9,Morning Peak,Weekday
T20190023911,2019-11-27,14:00:00,5,collision with some other object,3,Wednesday,166,STRUCK OBJECT ON CARRIAGEWAY,1,606853,Not at intersection,2,100,Arterial Other,MANSFIELD-WHITFIELD,WANGARATTA,-36.924965,146.2829,2019,11,November,14,Midday,Weekday
T20190023782,2019-11-27,15:13:00,6,Vehicle overturned (no collision),3,Wednesday,170,OFF CARRIAGEWAY TO LEFT,1,617040,Cross intersection,2,80,Arterial Other,BAXTER-TOORADIN,CASEY,-38.20059,145.21577,2019,11,November,15,Afternoon Peak,Weekday
T20190023770,2019-11-27,12:15:00,1,Collision with vehicle,3,Wednesday,130,REAR END(VEHICLES IN SAME LANE),1,662574,Not at intersection,3,60,Freeway,MONASH IN-STUD,DANDENONG,-37.962376,145.22523,2019,11,November,12,Midday,Weekday
T20190023765,2019-11-27,07:38:00,1,Collision with vehicle,3,Wednesday,113,RIGHT NEAR (INTERSECTIONS ONLY),1,66631,T intersection,3,60,Arterial Other,BLACKSHAWS,HOBSONS BAY,-37.83319,144.86668,2019,11,November,7,Morning Peak,Weekday
T20190023762,2019-11-27,13:43:00,2,Struck Pedestrian,3,Wednesday,100,PED NEAR SIDE. PED HIT BY VEHICLE FROM THE RIGHT.,1,246901,Cross intersection,2,60,Arterial Other,RYLEY STREET -TONE,WANGARATTA,-36.359196,146.31546,2019,11,November,13,Midday,Weekday
T20190023758,2019-11-27,12:15:00,1,Collision with vehicle,3,Wednesday,139,OTHER SAME DIRECTION-MANOUEVRES NOT INCLUDED IN DCAs 130-137,1,37954,Cross intersection,2,40,Local Road,ARTHURTON,DAREBIN,-37.769344,144.99902,2019,11,November,12,Midday,Weekday
T20190023757,2019-11-27,12:15:00,6,Vehicle overturned (no collision),3,Wednesday,182,OFF CARRIAGEWAY ON LEFT BEND,1,610152,Not at intersection,2,100,Local Road,KORUMBURRA SOUTH,SOUTH GIPPSLAND,-38.46164,145.84895,2019,11,November,12,Midday,Weekday
T20190023756,2019-11-27,09:17:00,1,Collision with vehicle,3,Wednesday,130,REAR END(VEHICLES IN SAME LANE),1,606368,Not at intersection,2,100,Arterial Other,EPPING,WHITTLESEA,-37.58495,145.03326,2019,11,November,9,Morning Peak,Weekday
T20190025777,2019-11-27,15:40:00,1,Collision with vehicle,3,Wednesday,111,RIGHT FAR (INTERSECTIONS ONLY),1,620553,T intersection,3,80,Arterial Other,HEATHERTON,CASEY,-37.974392,145.25267,2019,11,November,15,Afternoon Peak,Weekday
T20190023828,2019-11-27,17:35:00,4,Collision with a fixed object,3,Wednesday,181,OFF RIGHT BEND INTO OBJECT/PARKED VEHICLE,1,637639,Not at intersection,2,60,Local Road,COLCHESTER,MORNINGTON PENINSULA,-38.379253,144.8845,2019,11,November,17,Afternoon Peak,Weekday
T20190023722,2019-11-27,07:50:00,1,Collision with vehicle,3,Wednesday,137,LEFT TURN SIDESWIPE,1,37833,Cross intersection,2,60,Arterial Other,ST GEORGES,YARRA,-37.783306,144.98384,2019,11,November,7,Morning Peak,Weekday
T20190023780,2019-11-27,16:50:00,1,Collision with vehicle,3,Wednesday,130,REAR END(VEHICLES IN SAME LANE),1,608137,Not at intersection,3,60,Arterial Other,NORTHERN ROUTE,MANNINGHAM,-37.760216,145.13849,2019,11,November,16,Afternoon Peak,Weekday
T20190025568,2019-11-27,17:21:00,8,No collision and no object struck,3,Wednesday,179,OTHER ACCIDENTS-OFF STRAIGHT NOT INCLUDED IN DCAs 170-175,1,227899,T intersection,3,80,Arterial Highway,BURWOOD,KNOX,-37.886,145.28413,2019,11,November,17,Afternoon Peak,Weekday
T20190024016,2019-11-27,14:30:00,1,Collision with vehicle,3,Wednesday,110,CROSS TRAFFIC(INTERSECTIONS ONLY),9,71451,Cross intersection,2,60,Local Road,BRAUND,GEELONG,-38.097317,144.3236,2019,11,November,14,Midday,Weekday
T20190023715,2019-11-27,00:07:00,4,Collision with a fixed object,3,Wednesday,171,LEFT OFF CARRIAGEWAY INTO OBJECT/PARKED VEHICLE,3,658745,Not at intersection,3,60,Local Road,FULLARTON,MOONEE VALLEY,-37.730064,144.87404,2019,11,November,0,Late Night,Weekday
T20190023723,2019-11-27,08:14:00,2,Struck Pedestrian,3,Wednesday,108,PED STRUCK WALKING TO/FROM OR BOARDING/ALIGHTING VEHICLE.,1,282528,Not at intersection,2,60,Arterial Other,ROYAL,MELBOURNE,-37.78472,144.9594,2019,11,November,8,Morning Peak,Weekday
T20190024327,2019-11-27,16:45:00,1,Collision with vehicle,3,Wednesday,113,RIGHT NEAR (INTERSECTIONS ONLY),1,42362,Cross intersection,2,70,Arterial Other,OLD DANDENONG,KINGSTON,-37.955963,145.10019,2019,11,November,16,Afternoon Peak,Weekday
T20190023741,2019-11-27,08:19:00,2,Struck Pedestrian,3,Wednesday,102,FAR SIDE. PED HIT BY VEHICLE FROM THE LEFT,1,608135,T intersection,2,50,Local Road,KANGAROO,MONASH,-37.899876,145.07997,2019,11,November,8,Morning Peak,Weekday
T20190023740,2019-11-27,09:40:00,1,Collision with vehicle,3,Wednesday,130,REAR END(VEHICLES IN SAME LANE),1,606044,Not at intersection,3,80,Arterial Highway,WELLINGTON,MONASH,-37.919903,145.16838,2019,11,November,9,Morning Peak,Weekday
T20190023817,2019-11-27,18:20:00,1,Collision with vehicle,3,Wednesday,130,REAR END(VEHICLES IN SAME LANE),1,606045,Not at intersection,3,60,Arterial Other,HUNTINGDALE,MONASH,-37.877594,145.10992,2019,11,November,18,Afternoon Peak,Weekday
T20190023772,2019-11-27,16:15:00,1,Collision with vehicle,3,Wednesday,110,CROSS TRAFFIC(INTERSECTIONS ONLY),1,62967,Cross intersection,3,50,Local Road,WESTGATE,MORELAND,-37.737423,144.94078,2019,11,November,16,Afternoon Peak,Weekday
T20190025014,2019-11-27,09:15:00,1,Collision with vehicle,3,Wednesday,136,RIGHT TURN SIDESWIPE,1,653829,T intersection,3,50,Local Road,DWYER,HUME,-37.53433,144.9558,2019,11,November,9,Morning Peak,Weekday
T20190023801,2019-11-27,16:00:00,1,Collision with vehicle,3,Wednesday,113,RIGHT NEAR (INTERSECTIONS ONLY),1,653827,T intersection,3,50,Local Road,RAY,MORELAND,-37.7335,144.94308,2019,11,November,16,Afternoon Peak,Weekday
T20190023806,2019-11-27,13:46:00,1,Collision with vehicle,3,Wednesday,147,VEHICLE STRIKES ANOTHER VEH WHILE EMERGING FROM DRIVEWAY,1,658749,Not at intersection,2,50,Arterial Other,NORTH SHORE,GEELONG,-38.098976,144.35625,2019,11,November,13,Midday,Weekday
T20190023732,2019-11-27,09:10:00,1,Collision with vehicle,3,Wednesday,116,LEFT NEAR (INTERSECTIONS ONLY),1,49449,T intersection,3,60,Arterial Other,EPPING-KILMORE ROAD -WANDONG,MITCHELL,-37.353962,145.0256,2019,11,November,9,Morning Peak,Weekday
T20190023773,2019-11-27,15:15:00,8,No collision and no object struck,3,Wednesday,179,OTHER ACCIDENTS-OFF STRAIGHT NOT INCLUDED IN DCAs 170-175,1,604819,Not at intersection,2,100,Freeway,MORNINGTON PENINSULA,KINGSTON,-38.04868,145.14331,2019,11,November,15,Afternoon Peak,Weekday
T20190023774,2019-11-27,15:50:00,1,Collision with vehicle,3,Wednesday,130,REAR END(VEHICLES IN SAME LANE),1,613018,Not at intersection,2,100,Freeway,MONASH,CASEY,-38.02724,145.32019,2019,11,November,15,Afternoon Peak,Weekday
T20190026521,2019-11-27,05:30:00,1,Collision with vehicle,3,Wednesday,115,RIGHT/LEFT FAR (INTERSECTIONS ONLY),2,68641,T intersection,2,60,Local Road,KOOKABURRA,WYNDHAM,-37.88984,144.67429,2019,11,November,5,Morning Peak,Weekday
T20190024179,2019-11-27,20:13:00,1,Collision with vehicle,3,Wednesday,113,RIGHT NEAR (INTERSECTIONS ONLY),1,622628,T intersection,2,50,Local Road,SHAKESPEARE,PORT PHILLIP,-37.8684,144.97739,2019,11,November,20,Night,Weekday
T20190023784,2019-11-27,17:19:00,5,collision with some other object,3,Wednesday,181,OFF RIGHT BEND INTO OBJECT/PARKED VEHICLE,1,658744,Not at intersection,2,80,Arterial Other,GRANYA,TOWONG,-36.127373,147.32729,2019,11,November,17,Afternoon Peak,Weekday
T20190023785,2019-11-27,17:55:00,1,Collision with vehicle,3,Wednesday,135,LANE CHANGE LEFT (NOT OVERTAKING),1,646506,Not at intersection,3,60,Local Road,AITKEN,HUME,-37.600925,144.90971,2019,11,November,17,Afternoon Peak,Weekday