ACCIDENT_NO,ACCIDENT_DATE,ACCIDENT_TIME,ACCIDENT_TYPE,ACCIDENT_TYPE_DESC,DAY_OF_WEEK,DAY_WEEK_DESC,DCA_CODE,DCA_DESC,LIGHT_CONDITION,NODE_ID,ROAD_GEOMETRY_DESC,SEVERITY,SPEED_ZONE,RMA,ROAD_NAME,LGA_NAME,LATITUDE,LONGITUDE,YEAR,MONTH,MONTH_NAME,HOUR,TIME_PERIOD,DAY_TYPE
T20190025457,2019-11-27,15:15:00,1,Collision with vehicle,3,Wednesday,131,LEFT REAR,1,43136,Cross intersection,3,60,Arterial Other,BARRY,HUME,-37.663754,144.92218,2019,11,November,15,Afternoon Peak,Weekday
T20190023859,2019-11-27,18:00:00,8,No collision and no object struck,3,Wednesday,179,OTHER ACCIDENTS-OFF STRAIGHT NOT INCLUDED IN DCAs 170-175,1,605105,Not at intersection,3,50,Local Road,GERTRUDE,YARRA,-37.80552,144.97495,2019,11,November,18,Afternoon Peak,Weekday
T20190023864,2019-11-27,09:40:00,1,Collision with vehicle,3,Wednesday,137,LEFT TURN SIDESWIPE,1,37182,Cross intersection,3,40,Arterial Other,CHURCH,YARRA,-37.828346,144.99745,2019,11,November,9,Morning Peak,Weekday
T20190023727,2019-11-27,09:30:00,4,Collision with a fixed object,3,Wednesday,171,LEFT OFF CARRIAGEWAY INTO OBJECT/PARKED VEHICLE,1,604816,Not at intersection,2,60,Arterial Highway,GOULBURN VALLEY,MITCHELL,-37.014687,145.14182,2019,11,November,9,Morning Peak,Weekday
T20190023734,2019-11-27,09:50:00,1,Collision with vehicle,3,Wednesday,135,LANE CHANGE LEFT (NOT OVERTAKING),1,653826,Not at intersection,3,80,Arterial Highway,GEELONG,HOBSONS BAY,-37.814934,144.85571,2019,11,November,9,Morning Peak,Weekday
T20190023781,2019-11-27,16:15:00,1,Collision with vehicle,3,Wednesday,121,RIGHT THROUGH,1,41106,Cross intersection,3,60,Arterial Other,ST KILDA,BAYSIDE,-37.903812,144.98842,2019,11,November,16,Afternoon Peak,Weekday
T20190026033,2019-11-27,22:30:00,1,Collision with vehicle,3,Wednesday,121,RIGHT THROUGH,3,41698,T intersection,3,70,Arterial Highway,NORTH,MONASH,-37.91323,145.11848,2019,11,November,22,Night,Weekday
T20190023845,2019-11-27,21:30:00,1,Collision with vehicle,3,Wednesday,116,LEFT NEAR (INTERSECTIONS ONLY),3,36692,T intersection,2,80,Arterial Other,KELLETTS,KNOX,-37.911556,145.2442,2019,11,November,21,Night,Weekday
T20190023753,2019-11-27,12:30:00,6,Vehicle overturned (no collision),3,Wednesday,174,OUT OF CONTROL ON CARRIAGEWAY (ON STRAIGHT),1,605101,Not at intersection,3,40,Local Road,BRIDPORT,PORT PHILLIP,-37.840393,144.95677,2019,11,November,12,Midday,Weekday
T20190023786,2019-11-27,18:30:00,4,Collision with a fixed object,3,Wednesday,173,RIGHT OFF CARRIAGEWAY INTO OBJECT/PARKED VEHICLE,2,658746,Not at intersection,2,60,Local Road,KONAGADERRA,HUME,-37.580746,144.84483,2019,11,November,18,Afternoon Peak,Weekday
T20190023787,2019-11-27,16:56:00,4,Collision with a fixed object,3,Wednesday,171,LEFT OFF CARRIAGEWAY INTO OBJECT/PARKED VEHICLE,1,606537,Cross intersection,2,100,Local Road,TALLANGATTA CREEK,TOWONG,-36.359055,147.44496,2019,11,November,16,Afternoon Peak,Weekday
T20190023793,2019-11-27,19:30:00,1,Collision with vehicle,3,Wednesday,110,CROSS TRAFFIC(INTERSECTIONS ONLY),2,50644,Cross intersection,3,60,Local Road,PERCY,GLENELG,-38.33797,141.60414,2019,11,November,19,Night,Weekday
T20190023796,2019-11-27,21:03:00,1,Collision with vehicle,3,Wednesday,121,RIGHT THROUGH,3,657976,Cross intersection,2,60,Arterial Other,HEATHS,WYNDHAM,-37.87747,144.68282,2019,11,November,21,Night,Weekday
T20190023798,2019-11-27,17:10:00,1,Collision with vehicle,3,Wednesday,110,CROSS TRAFFIC(INTERSECTIONS ONLY),1,37862,Cross intersection,3,50,Local Road,HOBSON,DAREBIN,-37.75507,144.992,2019,11,November,17,Afternoon Peak,Weekday
T20190023752,2019-11-27,12:40:00,2,Struck Pedestrian,3,Wednesday,102,FAR SIDE. PED HIT BY VEHICLE FROM THE LEFT,1,635667,Not at intersection,2,50,Local Road,STATION,WHITTLESEA,-37.66625,145.01762,2019,11,November,12,Midday,Weekday
T20190023713,2019-11-27,01:20:00,3,Struck animal,3,Wednesday,167,STRUCK ANIMAL,5,606043,Not at intersection,3,100,Arterial Highway,SOUTH GIPPSLAND,WELLINGTON,-38.23229,147.05449,2019,11,November,1,Late Night,Weekday
T20190023878,2019-11-28,14:24:00,4,Collision with a fixed object,4,Thursday,181,OFF RIGHT BEND INTO OBJECT/PARKED VEHICLE,1,651006,Not at intersection,3,60,Local Road,DROMANA,MOONEE VALLEY,-37.713455,144.88965,2019,11,November,14,Midday,Weekday
T20190023875,2019-11-28,13:08:00,4,Collision with a fixed object,4,Thursday,171,LEFT OFF CARRIAGEWAY INTO OBJECT/PARKED VEHICLE,1,607308,Not at intersection,3,100,Local Road,CHURCHILL,MOIRA,-35.95527,145.5523,2019,11,November,13,Midday,Weekday
T20190024704,2019-11-28,07:10:00,1,Collision with vehicle,4,Thursday,137,LEFT TURN SIDESWIPE,1,607840,Cross intersection,3,60,Arterial Highway,ALEXANDRA,YARRA,-37.793713,144.9851,2019,11,November,7,Morning Peak,Weekday
T20190023874,2019-11-28,19:47:00,1,Collision with vehicle,4,Thursday,130,REAR END(VEHICLES IN SAME LANE),2,608611,T intersection,3,60,Arterial Other,DONCASTER,BOROONDARA,-37.792526,145.09157,2019,11,November,19,Night,Weekday
T20190023873,2019-11-28,18:20:00,1,Collision with vehicle,4,Thursday,147,VEHICLE STRIKES ANOTHER VEH WHILE EMERGING FROM DRIVEWAY,1,607984,Not at intersection,3,60,Arterial Highway,PHILLIP ISLAND,BASS COAST,-38.50592,145.28758,2019,11,November,18,Afternoon Peak,Weekday
T20190024086,2019-11-28,09:45:00,2,Struck Pedestrian,4,Thursday,108,PED STRUCK WALKING TO/FROM OR BOARDING/ALIGHTING VEHICLE.,1,606039,Not at intersection,3,40,Local Road,RUPERT,YARRA,-37.805786,144.98918,2019,11,November,9,Morning Peak,Weekday
T20190024173,2019-11-28,21:30:00,8,No collision and no object struck,4,Thursday,149,OTHER MANOEUVRING NOT INCLUDED IN DCAs 140-148,5,606224,Not at intersection,3,40,Local Road,TASMA,MORNINGTON PENINSULA,-38.217796,145.03522,2019,11,November,21,Night,Weekday
T20190023831,2019-11-28,10:15:00,2,Struck Pedestrian,4,Thursday,101,PED EMERGES FROM IN FRONT OF PARKED OR STATIONARY VEHICLE,9,605103,Not at intersection,3,40,Local Road,OCTAVIA,MORNINGTON PENINSULA,-38.219994,145.03815,2019,11,November,10,Midday,Weekday
T20190024190,2019-11-28,18:00:00,7,Fall from or in moving vehicle,4,Thursday,190,FELL IN/FROM VEHICLE,1,607161,Not at intersection,2,100,Local Road,HEATH MARSH,MOYNE,-38.338696,142.73262,2019,11,November,18,Afternoon Peak,Weekday
T20190023872,2019-11-28,07:00:00,1,Collision with vehicle,4,Thursday,110,CROSS TRAFFIC(INTERSECTIONS ONLY),2,63428,Cross intersection,3,50,Local Road,BARROW,MORELAND,-37.752876,144.97098,2019,11,November,7,Morning Peak,Weekday
T20190023826,2019-11-28,10:00:00,6,Vehicle overturned (no collision),4,Thursday,184,OUT OF CONTROL ON CARRIAGEWAY (ON BEND),1,658674,T intersection,2,60,Freeway,TARCOMBE,STRATHBOGIE,-36.744896,145.58574,2019,11,November,10,Midday,Weekday
T20190023832,2019-11-28,08:50:00,1,Collision with vehicle,4,Thursday,133,LANE SIDE SWIPE (VEHICLES IN PARALLEL LANES),1,619067,Not at intersection,2,60,Arterial Other,ROYAL PARADE SERVICE,MELBOURNE,-37.790665,144.95888,2019,11,November,8,Morning Peak,Weekday
T20190023871,2019-11-28,15:46:00,1,Collision with vehicle,4,Thursday,130,REAR END(VEHICLES IN SAME LANE),1,605654,Not at intersection,3,60,Arterial Other,HIGH,WHITTLESEA,-37.679783,145.01392,2019,11,November,15,Afternoon Peak,Weekday
T20190023833,2019-11-28,09:56:00,1,Collision with vehicle,4,Thursday,130,REAR END(VEHICLES IN SAME LANE),1,650249,Not at intersection,2,80,Arterial Highway,MAROONDAH,MAROONDAH,-37.800587,145.25021,2019,11,November,9,Morning Peak,Weekday
T20190023870,2019-11-28,17:18:00,1,Collision with vehicle,4,Thursday,110,CROSS TRAFFIC(INTERSECTIONS ONLY),1,605106,Cross intersection,3,70,Arterial Other,DALTON,WHITTLESEA,-37.689457,145.02776,2019,11,November,17,Afternoon Peak,Weekday
T20200005853,2019-11-28,15:50:00,1,Collision with vehicle,4,Thursday,130,REAR END(VEHICLES IN SAME LANE),1,636559,Not at intersection,3,70,Arterial Other,MAHONEYS,DAREBIN,-37.693935,145.00154,2019,11,November,15,Afternoon Peak,Weekday
T20190023867,2019-11-28,16:49:00,1,Collision with vehicle,4,Thursday,136,RIGHT TURN SIDESWIPE,1,605653,Not at intersection,3,60,Arterial Highway,WHITEHORSE,WHITEHORSE,-37.816673,145.11371,2019,11,November,16,Afternoon Peak,Weekday
T20190023839,2019-11-28,13:25:00,1,Collision with vehicle,4,Thursday,121,RIGHT THROUGH,1,71977,T intersection,2,80,Arterial Other,PORTARLINGTON,GEELONG,-38.146484,144.5968,2019,11,November,13,Midday,Weekday
T20190024015,2019-11-28,09:00:00,1,Collision with vehicle,4,Thursday,130,REAR END(VEHICLES IN SAME LANE),1,608462,Not at intersection,3,50,Arterial Other,HEATHERTON,DANDENONG,-37.960556,145.13707,2019,11,November,9,Morning Peak,Weekday
T20190023890,2019-11-28,23:00:00,1,Collision with vehicle,4,Thursday,121,RIGHT THROUGH,3,774,T intersection,3,60,Arterial Highway,NEPEAN,KINGSTON,-37.957436,145.05193,2019,11,November,23,Night,Weekday
T20190024563,2019-11-28,12:05:00,1,Collision with vehicle,4,Thursday,135,LANE CHANGE LEFT (NOT OVERTAKING),1,607558,Cross intersection,3,60,Arterial Other,KOROROIT CREEK,HOBSONS BAY,-37.849976,144.84479,2019,11,November,12,Midday,Weekday
T20190024553,2019-11-28,12:57:00,8,No collision and no object struck,4,Thursday,172,OFF CARRIAGEWAY TO RIGHT,1,609046,Not at intersection,3,100,Arterial Other,COBDEN-WARRNAMBOOL,MOYNE,-38.396458,142.6961,2019,11,November,12,Midday,Weekday
T20190023840,2019-11-28,13:40:00,6,Vehicle overturned (no collision),4,Thursday,174,OUT OF CONTROL ON CARRIAGEWAY (ON STRAIGHT),1,45410,Cross intersection,3,60,Arterial Other,BUCKLEY,MOONEE VALLEY,-37.7581,144.92645,2019,11,November,13,Midday,Weekday
T20190023886,2019-11-28,05:20:00,1,Collision with vehicle,4,Thursday,160,VEHICLE COLLIDES WITH VEHICLE PARKED ON LEFT OF ROAD,3,653916,Not at intersection,2,50,Local Road,BELLEVUE,GLEN EIRA,-37.931328,145.06216,2019,11,November,5,Morning Peak,Weekday
T20190023804,2019-11-28,03:23:00,2,Struck Pedestrian,4,Thursday,103,PED PLAYING/LYING/WORKING/STANDING ON CARRIAGEWAY.,3,604821,Not at intersection,1,80,Arterial Other,BARWON HEADS,GEELONG,-38.273243,144.4843,2019,11,November,3,Late Night,Weekday
T20190023858,2019-11-28,15:10:00,1,Collision with vehicle,4,Thursday,160,VEHICLE COLLIDES WITH VEHICLE PARKED ON LEFT OF ROAD,1,605379,Not at intersection,3,50,Local Road,FINCH,STONNINGTON,-37.871586,145.04329,2019,11,November,15,Afternoon Peak,Weekday
T20190023855,2019-11-28,15:35:00,1,Collision with vehicle,4,Thursday,116,LEFT NEAR (INTERSECTIONS ONLY),1,607542,T intersection,3,50,Local Road,ROKEWOOD,HUME,-37.65289,144.91434,2019,11,November,15,Afternoon Peak,Weekday
T20190023812,2019-11-28,08:30:00,1,Collision with vehicle,4,Thursday,131,LEFT REAR,1,35395,T intersection,3,60,Arterial Other,FERRARS,PORT PHILLIP,-37.83332,144.95511,2019,11,November,8,Morning Peak,Weekday
T20190023848,2019-11-28,13:40:00,1,Collision with vehicle,4,Thursday,113,RIGHT NEAR (INTERSECTIONS ONLY),1,931,Cross intersection,2,80,Arterial Highway,FRANKSTON-DANDENONG,FRANKSTON,-38.09948,145.17279,2019,11,November,13,Midday,Weekday
T20190023884,2019-11-28,15:54:00,4,Collision with a fixed object,4,Thursday,183,OFF LEFT BEND INTO OBJECT/PARKED VEHICLE,1,665505,Not at intersection,2,100,Local Road,BUCKLAND,GANNAWARRA,-35.689426,144.11476,2019,11,November,15,Afternoon Peak,Weekday
T20190023861,2019-11-28,14:50:00,4,Collision with a fixed object,4,Thursday,171,LEFT OFF CARRIAGEWAY INTO OBJECT/PARKED VEHICLE,1,607983,Not at intersection,3,100,Arterial Highway,HENTY,YARRIAMBIACK,-35.887077,142.42253,2019,11,November,14,Midday,Weekday
T20190023889,2019-11-28,15:40:00,1,Collision with vehicle,4,Thursday,130,REAR END(VEHICLES IN SAME LANE),1,605656,Cross intersection,3,60,Arterial Other,MACKENZIE,BENDIGO,-36.773666,144.25,2019,11,November,15,Afternoon Peak,Weekday
T20190023819,2019-11-28,06:46:00,1,Collision with vehicle,4,Thursday,130,REAR END(VEHICLES IN SAME LANE),9,662529,Not at intersection,3,80,Freeway,PRINCES,WYNDHAM,-37.82414,144.82385,2019,11,November,6,Morning Peak,Weekday
T20190023849,2019-11-28,06:45:00,1,Collision with vehicle,4,Thursday,110,CROSS TRAFFIC(INTERSECTIONS ONLY),1,59037,Cross intersection,3,50,Local Road,CLIVE,SHEPPARTON,-36.37145,145.4119,2019,11,November,6,Morning Peak,Weekday
T20190023856,2019-11-28,14:30:00,1,Collision with vehicle,4,Thursday,110,CROSS TRAFFIC(INTERSECTIONS ONLY),1,607110,Cross intersection,3,80,Local Road,HAMMOND,DANDENONG,-38.00302,145.20796,2019,11,November,14,Midday,Weekday
T20190023892,2019-11-28,21:50:00,1,Collision with vehicle,4,Thursday,130,REAR END(VEHICLES IN SAME LANE),4,605381,Not at intersection,3,40,Freeway,MONASH,DANDENONG,-37.95002,145.21167,2019,11,November,21,Night,Weekday
T20190023829,2019-11-28,05:40:00,6,Vehicle overturned (no collision),4,Thursday,182,OFF CARRIAGEWAY ON LEFT BEND,2,629154,Not at intersection,2,100,Arterial Other,SHELLEY,TOWONG,-35.983505,147.73479,2019,11,November,5,Morning Peak,Weekday
T20190023853,2019-11-28,06:01:00,4,Collision with a fixed object,4,Thursday,183,OFF LEFT BEND INTO OBJECT/PARKED VEHICLE,2,606042,Not at intersection,3,100,Arterial Highway,HOPKINS,MOYNE,-38.10576,142.7717,2019,11,November,6,Morning Peak,Weekday
T20190023883,2019-11-28,18:15:00,1,Collision with vehicle,4,Thursday,112,LEFT FAR (INTERSECTIONS ONLY),1,29438,T intersection,3,50,Arterial Other,BRIDGE,YARRA,-37.818333,144.9969,2019,11,November,18,Afternoon Peak,Weekday
T20190023823,2019-11-28,10:43:00,1,Collision with vehicle,4,Thursday,140,U TURN,1,64505,T intersection,3,60,Local Road,LYGON,YARRA,-37.783077,144.96994,2019,11,November,10,Midday,Weekday
T20190023909,2019-11-29,10:20:00,1,Collision with vehicle,5,Friday,134,LANE CHANGE RIGHT (NOT OVERTAKING),1,608752,Not at intersection,2,60,Arterial Other,MILLERS,HOBSONS BAY,-37.83509,144.8476,2019,11,November,10,Midday,Weekday
T20190023914,2019-11-29,07:14:00,4,Collision with a fixed object,5,Friday,173,RIGHT OFF CARRIAGEWAY INTO OBJECT/PARKED VEHICLE,1,36797,T intersection,2,70,Arterial Other,SOMERTON,HUME,-37.63586,144.889,2019,11,November,7,Morning Peak,Weekday
T20190023921,2019-11-29,11:09:00,1,Collision with vehicle,5,Friday,121,RIGHT THROUGH,1,40727,T intersection,2,60,Arterial Other,MIDDLEBOROUGH,WHITEHORSE,-37.83605,145.1353,2019,11,November,11,Midday,Weekday
T20190023929,2019-11-29,09:10:00,1,Collision with vehicle,5,Friday,130,REAR END(VEHICLES IN SAME LANE),1,653995,T intersection,3,80,Arterial Other,TERANG-MORTLAKE,CORANGAMITE,-38.20033,142.9256,2019,11,November,9,Morning Peak,Weekday
T20200000654,2019-11-29,07:30:00,1,Collision with vehicle,5,Friday,130,REAR END(VEHICLES IN SAME LANE),1,651016,T intersection,3,80,Local Road,FISHERIES,CASEY,-38.160862,145.31865,2019,11,November,7,Morning Peak,Weekday
T20190023932,2019-11-29,13:00:00,4,Collision with a fixed object,5,Friday,181,OFF RIGHT BEND INTO OBJECT/PARKED VEHICLE,1,629158,Not at intersection,2,100,Arterial Other,HEATHCOTE-ROCHESTER,CAMPASPE,-36.747555,144.75789,2019,11,November,13,Midday,Weekday
T20190024298,2019-11-29,15:10:00,1,Collision with vehicle,5,Friday,130,REAR END(VEHICLES IN SAME LANE),1,49284,Cross intersection,3,60,Arterial Other,MAIR,BALLARAT,-37.560482,143.86423,2019,11,November,15,Afternoon Peak,Weekday
T20190024284,2019-11-29,21:15:00,4,Collision with a fixed object,5,Friday,183,OFF LEFT BEND INTO OBJECT/PARKED VEHICLE,5,659237,Not at intersection,2,100,Arterial Highway,GREAT ALPINE,EAST GIPPSLAND,-37.09685,147.42387,2019,11,November,21,Night,Weekday
T20190024023,2019-11-29,23:05:00,7,Fall from or in moving vehicle,5,Friday,190,FELL IN/FROM VEHICLE,3,635669,T intersection,3,60,Arterial Other,DARTMOUTH,TOWONG,-36.53069,147.49422,2019,11,November,23,Night,Weekday
T20190023984,2019-11-29,23:48:00,1,Collision with vehicle,5,Friday,121,RIGHT THROUGH,3,608140,T intersection,2,80,Arterial Other,SYDNEY,HUME,-37.6552,144.953,2019,11,November,23,Night,Weekday
T20190024182,2019-11-29,20:30:00,1,Collision with vehicle,5,Friday,130,REAR END(VEHICLES IN SAME LANE),3,612178,Not at intersection,3,80,Arterial Highway,PRINCES,CASEY,-38.024307,145.30399,2019,11,November,20,Night,Weekday
T20190023981,2019-11-29,23:20:00,2,Struck Pedestrian,5,Friday,100,PED NEAR SIDE. PED HIT BY VEHICLE FROM THE RIGHT.,3,605659,Not at intersection,3,100,Freeway,PRINCES,CARDINIA,-38.081528,145.44086,2019,11,November,23,Night,Weekday
T20190023980,2019-11-29,22:56:00,1,Collision with vehicle,5,Friday,110,CROSS TRAFFIC(INTERSECTIONS ONLY),3,608461,Cross intersection,3,80,Arterial Other,SUNSHINE,BRIMBANK,-37.729446,144.81529,2019,11,November,22,Night,Weekday
T20190023977,2019-11-29,23:00:00,2,Struck Pedestrian,5,Friday,100,PED NEAR SIDE. PED HIT BY VEHICLE FROM THE RIGHT.,3,607158,Cross intersection,2,60,Local Road,EAST ESPLANADE,BRIMBANK,-37.744102,144.79987,2019,11,November,23,Night,Weekday
T20190023976,2019-11-29,22:15:00,1,Collision with vehicle,5,Friday,120,HEAD ON (NOT OVERTAKING),3,612469,Not at intersection,2,60,Arterial Other,THOMPSON,DANDENONG,-38.06708,145.1517,2019,11,November,22,Night,Weekday
T20190024199,2019-11-29,17:05:00,1,Collision with vehicle,5,Friday,134,LANE CHANGE RIGHT (NOT OVERTAKING),1,76930,T intersection,3,60,Arterial Highway,HODDLE,MELBOURNE,-37.81099,144.99113,2019,11,November,17,Afternoon Peak,Weekday
T20190023975,2019-11-29,20:56:00,1,Collision with vehicle,5,Friday,121,RIGHT THROUGH,3,70959,T intersection,2,80,Arterial Other,GOVERNOR,KINGSTON,-38.01073,145.13237,2019,11,November,20,Night,Weekday
T20190023974,2019-11-29,15:30:00,1,Collision with vehicle,5,Friday,130,REAR END(VEHICLES IN SAME LANE),1,627061,Not at intersection,3,40,Arterial Other,HEATHS,WYNDHAM,-37.87648,144.67255,2019,11,November,15,Afternoon Peak,Weekday
T20190023973,2019-11-29,21:40:00,1,Collision with vehicle,5,Friday,110,CROSS TRAFFIC(INTERSECTIONS ONLY),3,36127,Cross intersection,3,50,Arterial Other,KING,MELBOURNE,-37.80629,144.94981,2019,11,November,21,Night,Weekday
T20190024802,2019-11-29,14:00:00,6,Vehicle overturned (no collision),5,Friday,174,OUT OF CONTROL ON CARRIAGEWAY (ON STRAIGHT),1,658285,Not at intersection,2,50,Local Road,WILTSHIRE,BOROONDARA,-37.7933,145.0214,2019,11,November,14,Midday,Weekday
T20190023972,2019-11-29,18:50:00,1,Collision with vehicle,5,Friday,120,HEAD ON (NOT OVERTAKING),1,606217,Not at intersection,3,60,Arterial Other,BELGRAVE-HALLAM,YARRA RANGES,-37.918922,145.35167,2019,11,November,18,Afternoon Peak,Weekday
T20190024748,2019-11-29,21:25:00,1,Collision with vehicle,5,Friday,130,REAR END(VEHICLES IN SAME LANE),5,614722,Not at intersection,3,60,Arterial Highway,GRAND RIDGE WEST,SOUTH GIPPSLAND,-38.394695,146.14537,2019,11,November,21,Night,Weekday
T20190023964,2019-11-29,18:30:00,6,Vehicle overturned (no collision),5,Friday,182,OFF CARRIAGEWAY ON LEFT BEND,1,636840,Not at intersection,2,100,Arterial Other,DROUIN-KORUMBURRA,SOUTH GIPPSLAND,-38.28075,145.77446,2019,11,November,18,Afternoon Peak,Weekday
T20190023963,2019-11-29,15:43:00,2,Struck Pedestrian,5,Friday,102,FAR SIDE. PED HIT BY VEHICLE FROM THE LEFT,1,606540,Not at intersection,3,60,Local Road,LYREBIRD,FRANKSTON,-38.10151,145.18776,2019,11,November,15,Afternoon Peak,Weekday
T20190026030,2019-11-29,21:15:00,4,Collision with a fixed object,5,Friday,171,LEFT OFF CARRIAGEWAY INTO OBJECT/PARKED VEHICLE,9,662576,Not at intersection,3,80,Arterial Other,WELLINGTON,KNOX,-37.93065,145.29823,2019,11,November,21,Night,Weekday
T20190023959,2019-11-29,17:06:00,4,Collision with a fixed object,5,Friday,171,LEFT OFF CARRIAGEWAY INTO OBJECT/PARKED VEHICLE,2,41552,T intersection,2,60,Arterial Highway,WARRIGAL,MONASH,-37.886997,145.08939,2019,11,November,17,Afternoon Peak,Weekday
T20190023958,2019-11-29,19:25:00,1,Collision with vehicle,5,Friday,110,CROSS TRAFFIC(INTERSECTIONS ONLY),2,50452,Cross intersection,3,60,Local Road,MCKENZIE,BASS COAST,-38.607,145.59389,2019,11,November,19,Night,Weekday
T20190023901,2019-11-29,08:00:00,1,Collision with vehicle,5,Friday,163,VEHICLE STRIKES DOOR OF PARKED/STATIONARY VEHICLE,1,607979,Not at intersection,2,60,Arterial Other,ST KILDA ROAD SERVICE,PORT PHILLIP,-37.8404,144.97685,2019,11,November,8,Morning Peak,Weekday
T20190023954,2019-11-29,16:20:00,1,Collision with vehicle,5,Friday,130,REAR END(VEHICLES IN SAME LANE),1,605658,Not at intersection,3,100,Freeway,HUME,WHITTLESEA,-37.653954,144.98935,2019,11,November,16,Afternoon Peak,Weekday
T20190023953,2019-11-29,19:00:00,4,Collision with a fixed object,5,Friday,171,LEFT OFF CARRIAGEWAY INTO OBJECT/PARKED VEHICLE,1,607157,Not at intersection,2,100,Freeway,CALDER,MOONEE VALLEY,-37.72938,144.86917,2019,11,November,19,Night,Weekday
T20190023952,2019-11-29,14:57:00,4,Collision with a fixed object,5,Friday,171,LEFT OFF CARRIAGEWAY INTO OBJECT/PARKED VEHICLE,1,253557,Cross intersection,3,50,Local Road,ROCKBANK MIDDLE,MELTON,-37.74694,144.74895,2019,11,November,14,Midday,Weekday
T20190023951,2019-11-29,16:32:00,1,Collision with vehicle,5,Friday,121,RIGHT THROUGH,1,221997,T intersection,3,60,Freeway,ELGAR,WHITEHORSE,-37.796593,145.1184,2019,11,November,16,Afternoon Peak,Weekday
T20190023950,2019-11-29,18:15:00,1,Collision with vehicle,5,Friday,130,REAR END(VEHICLES IN SAME LANE),1,606856,T intersection,2,60,Arterial Highway,BELL,MORELAND,-37.74175,144.97005,2019,11,November,18,Afternoon Peak,Weekday
T20190023899,2019-11-29,08:48:00,1,Collision with vehicle,5,Friday,132,RIGHT REAR.,1,38965,T intersection,3,60,Arterial Other,RIVERSDALE,BOROONDARA,-37.82952,145.04082,2019,11,November,8,Morning Peak,Weekday
T20190023949,2019-11-29,13:50:00,1,Collision with vehicle,5,Friday,130,REAR END(VEHICLES IN SAME LANE),1,605902,Not at intersection,2,80,Arterial Highway,FRANKSTON-DANDENONG,DANDENONG,-38.013817,145.21547,2019,11,November,13,Midday,Weekday
T20190023944,2019-11-29,15:30:00,2,Struck Pedestrian,5,Friday,100,PED NEAR SIDE. PED HIT BY VEHICLE FROM THE RIGHT.,1,606855,Not at intersection,2,60,Arterial Other,ORMOND,PORT PHILLIP,-37.888985,144.9871,2019,11,November,15,Afternoon Peak,Weekday
T20190023940,2019-11-29,09:12:00,4,Collision with a fixed object,5,Friday,181,OFF RIGHT BEND INTO OBJECT/PARKED VEHICLE,1,608167,Not at intersection,1,100,Arterial Other,LOCKHARTS GAP,TOWONG,-36.354744,147.18668,2019,11,November,9,Morning Peak,Weekday
T20190023938,2019-11-29,15:00:00,1,Collision with vehicle,5,Friday,113,RIGHT NEAR (INTERSECTIONS ONLY),1,278692,Multiple intersection,2,80,Freeway,GOLF LINKS,FRANKSTON,-38.180996,145.15881,2019,11,November,15,Afternoon Peak,Weekday
T20190023935,2019-11-29,09:10:00,1,Collision with vehicle,5,Friday,111,RIGHT FAR (INTERSECTIONS ONLY),1,606216,Cross intersection,3,60,Arterial Other,THOMPSON,KINGSTON,-38.06739,145.14728,2019,11,November,9,Morning Peak,Weekday
T20190023934,2019-11-29,15:15:00,5,collision with some other object,5,Friday,166,STRUCK OBJECT ON CARRIAGEWAY,1,605382,Not at intersection,3,50,Local Road,GERALD,BRIMBANK,-37.77238,144.83232,2019,11,November,15,Afternoon Peak,Weekday
T20190023986,2019-11-29,23:10:00,1,Collision with vehicle,5,Friday,134,LANE CHANGE RIGHT (NOT OVERTAKING),3,606218,Not at intersection,2,60,Local Road,GERTRUDE,YARRA,-37.80601,144.97969,2019,11,November,23,Night,Weekday
T20190024003,2019-11-29,14:00:00,1,Collision with vehicle,5,Friday,113,RIGHT NEAR (INTERSECTIONS ONLY),1,46213,T intersection,3,50,Local Road,COMMERCIAL,WHITTLESEA,-37.689484,145.03966,2019,11,November,14,Midday,Weekday
T20190024084,2019-11-29,19:00:00,1,Collision with vehicle,5,Friday,142,LEAVING PARKING,2,607970,Not at intersection,3,40,Arterial Other,JOHNSTON,YARRA,-37.798862,144.98337,2019,11,November,19,Night,Weekday
T20190024267,2019-11-29,15:41:00,1,Collision with vehicle,5,Friday,160,VEHICLE COLLIDES WITH VEHICLE PARKED ON LEFT OF ROAD,1,625773,Not at intersection,3,60,Arterial Other,VICTORIA CROSS,WODONGA,-36.14229,146.88667,2019,11,November,15,Afternoon Peak,Weekday
T20190023903,2019-11-29,07:50:00,6,Vehicle overturned (no collision),5,Friday,182,OFF CARRIAGEWAY ON LEFT BEND,1,656429,Not at intersection,2,100,Local Road,MACARTHUR-HAWKESDALE,MOYNE,-38.046776,142.18575,2019,11,November,7,Morning Peak,Weekday
T20190024092,2019-11-30,21:10:00,1,Collision with vehicle,6,Saturday,121,RIGHT THROUGH,3,606221,Not at intersection,3,60,Local Road,ROSAMOND,MARIBYRNONG,-37.77046,144.88646,2019,11,November,21,Night,Weekend
T20190025502,2019-11-30,12:30:00,1,Collision with vehicle,6,Saturday,121,RIGHT THROUGH,9,45237,Cross intersection,3,60,Arterial Other,GORDON,MARIBYRNONG,-37.783794,144.89091,2019,11,November,12,Midday,Weekend