ACCIDENT_NO,ACCIDENT_DATE,ACCIDENT_TIME,ACCIDENT_TYPE,ACCIDENT_TYPE_DESC,DAY_OF_WEEK,DAY_WEEK_DESC,DCA_CODE,DCA_DESC,LIGHT_CONDITION,NODE_ID,ROAD_GEOMETRY_DESC,SEVERITY,SPEED_ZONE,RMA,ROAD_NAME,LGA_NAME,LATITUDE,LONGITUDE,YEAR,MONTH,MONTH_NAME,HOUR,TIME_PERIOD,DAY_TYPE
T20190024312,2019-11-30,00:30:00,1,Collision with vehicle,6,Saturday,130,REAR END(VEHICLES IN SAME LANE),3,36856,Cross intersection,3,40,Arterial Highway,KINGS,MELBOURNE,-37.820366,144.95755,2019,11,November,0,Late Night,Weekend
T20190024296,2019-11-30,01:45:00,1,Collision with vehicle,6,Saturday,130,REAR END(VEHICLES IN SAME LANE),3,606867,Cross intersection,3,50,Arterial Other,HAMPTON,BAYSIDE,-37.929173,145.00407,2019,11,November,1,Late Night,Weekend
T20190025657,2019-11-30,01:15:00,1,Collision with vehicle,6,Saturday,130,REAR END(VEHICLES IN SAME LANE),3,194345,Not at intersection,3,60,Arterial Highway,WARRIGAL,STONNINGTON,-37.89272,145.08827,2019,11,November,1,Late Night,Weekend
T20190024006,2019-11-30,09:50:00,3,Struck animal,6,Saturday,167,STRUCK ANIMAL,1,615450,Not at intersection,2,80,Arterial Other,WHITTLESEA-YEA,MURRINDINDI,-37.319008,145.29648,2019,11,November,9,Morning Peak,Weekend
T20190024075,2019-11-30,09:50:00,1,Collision with vehicle,6,Saturday,131,LEFT REAR,1,37646,T intersection,3,40,Arterial Other,TOORAK,STONNINGTON,-37.838657,144.98907,2019,11,November,9,Morning Peak,Weekend
T20190023993,2019-11-30,06:20:00,3,Struck animal,6,Saturday,167,STRUCK ANIMAL,2,654147,Not at intersection,3,50,Local Road,EARLSTON,CASEY,-38.125866,145.28699,2019,11,November,6,Morning Peak,Weekend
T20190024557,2019-11-30,11:45:00,1,Collision with vehicle,6,Saturday,133,LANE SIDE SWIPE (VEHICLES IN PARALLEL LANES),1,658586,T intersection,3,60,Arterial Other,BURWOOD,YARRA RANGES,-37.906536,145.33951,2019,11,November,11,Midday,Weekend
T20200004339,2019-11-30,10:00:00,1,Collision with vehicle,6,Saturday,130,REAR END(VEHICLES IN SAME LANE),1,42240,Cross intersection,3,60,Arterial Other,EAST BOUNDARY,GLEN EIRA,-37.935684,145.05624,2019,11,November,10,Midday,Weekend
T20190024368,2019-11-30,16:20:00,1,Collision with vehicle,6,Saturday,120,HEAD ON (NOT OVERTAKING),1,658589,Not at intersection,2,60,Arterial Other,RIVERSDALE,BOROONDARA,-37.834328,145.08391,2019,11,November,16,Afternoon Peak,Weekend
T20190024406,2019-11-30,11:25:00,1,Collision with vehicle,6,Saturday,130,REAR END(VEHICLES IN SAME LANE),1,608466,Cross intersection,3,80,Arterial Other,WILLIAMSONS,MANNINGHAM,-37.777218,145.12482,2019,11,November,11,Midday,Weekend
T20190023989,2019-11-30,02:26:00,6,Vehicle overturned (no collision),6,Saturday,182,OFF CARRIAGEWAY ON LEFT BEND,5,659235,Not at intersection,2,100,Arterial Highway,PRINCES,CORANGAMITE,-38.26285,142.87228,2019,11,November,2,Late Night,Weekend
T20190024108,2019-11-30,12:15:00,1,Collision with vehicle,6,Saturday,136,RIGHT TURN SIDESWIPE,1,67456,T intersection,3,60,Arterial Other,OLINDA-MONBULK,YARRA RANGES,-37.85634,145.37349,2019,11,November,12,Midday,Weekend
T20190024330,2019-11-30,11:20:00,1,Collision with vehicle,6,Saturday,130,REAR END(VEHICLES IN SAME LANE),1,607547,Not at intersection,3,50,Local Road,NORTH,HOBSONS BAY,-37.845142,144.89258,2019,11,November,11,Midday,Weekend
T20200011022,2019-11-30,20:45:00,1,Collision with vehicle,6,Saturday,120,HEAD ON (NOT OVERTAKING),2,654772,Not at intersection,3,50,Local Road,CHIRNSIDE,WYNDHAM,-37.911224,144.67105,2019,11,November,20,Night,Weekend
T20190024218,2019-11-30,14:00:00,1,Collision with vehicle,6,Saturday,121,RIGHT THROUGH,1,35576,T intersection,3,80,Arterial Highway,NEPEAN,KINGSTON,-37.94092,145.04025,2019,11,November,14,Midday,Weekend
T20190024278,2019-11-30,07:46:00,1,Collision with vehicle,6,Saturday,121,RIGHT THROUGH,1,358021,Multiple intersection,3,70,Freeway,CRANBOURNE-PENINSULA LINK IN,FRANKSTON,-38.155556,145.16756,2019,11,November,7,Morning Peak,Weekend
T20190024385,2019-11-30,12:00:00,1,Collision with vehicle,6,Saturday,132,RIGHT REAR.,1,57720,Cross intersection,2,60,Arterial Other,MILLERS,HOBSONS BAY,-37.833122,144.84793,2019,11,November,12,Midday,Weekend
T20190024995,2019-11-30,12:30:00,7,Fall from or in moving vehicle,6,Saturday,179,OTHER ACCIDENTS-OFF STRAIGHT NOT INCLUDED IN DCAs 170-175,1,608764,Not at intersection,3,100,Local Road,KING BASIN,MANSFIELD,-37.069366,146.4972,2019,11,November,12,Midday,Weekend
T20190024461,2019-11-30,12:00:00,6,Vehicle overturned (no collision),6,Saturday,179,OTHER ACCIDENTS-OFF STRAIGHT NOT INCLUDED IN DCAs 170-175,1,607173,Not at intersection,3,100,Local Road,HONEYPOT,MACEDON RANGES,-37.40876,144.54196,2019,11,November,12,Midday,Weekend
T20190024390,2019-11-30,15:26:00,4,Collision with a fixed object,6,Saturday,183,OFF LEFT BEND INTO OBJECT/PARKED VEHICLE,1,607549,Not at intersection,3,100,Local Road,CAVEAT-DROPMORE,MURRINDINDI,-37.073242,145.50536,2019,11,November,15,Afternoon Peak,Weekend
T20190024014,2019-11-30,12:00:00,1,Collision with vehicle,6,Saturday,113,RIGHT NEAR (INTERSECTIONS ONLY),1,658583,T intersection,2,80,Arterial Highway,LAKE VIEW,DANDENONG,-37.991665,145.15054,2019,11,November,12,Midday,Weekend
T20190024051,2019-11-30,14:30:00,4,Collision with a fixed object,6,Saturday,175,OFF END OF ROAD/T-INTERSECTION.,1,631362,T intersection,2,50,Local Road,THE PARADE,MITCHELL,-37.20157,145.05368,2019,11,November,14,Midday,Weekend
T20190024052,2019-11-30,19:30:00,4,Collision with a fixed object,6,Saturday,175,OFF END OF ROAD/T-INTERSECTION.,1,655358,T intersection,2,50,Local Road,GAVAN,MITCHELL,-37.206787,145.04016,2019,11,November,19,Night,Weekend
T20190024058,2019-11-30,21:25:00,1,Collision with vehicle,6,Saturday,110,CROSS TRAFFIC(INTERSECTIONS ONLY),3,37553,Cross intersection,2,60,Local Road,DANKS,PORT PHILLIP,-37.85203,144.96066,2019,11,November,21,Night,Weekend
T20190024050,2019-11-30,18:03:00,1,Collision with vehicle,6,Saturday,150,HEAD ON(OVERTAKING),1,638088,Not at intersection,2,50,Local Road,DALEY,MORELAND,-37.696453,144.92255,2019,11,November,18,Afternoon Peak,Weekend
T20190024045,2019-11-30,19:00:00,2,Struck Pedestrian,6,Saturday,102,FAR SIDE. PED HIT BY VEHICLE FROM THE LEFT,2,654151,T intersection,3,60,Arterial Other,NORMANBY,MELBOURNE,-37.82537,144.95699,2019,11,November,19,Night,Weekend
T20190024043,2019-11-30,17:49:00,1,Collision with vehicle,6,Saturday,147,VEHICLE STRIKES ANOTHER VEH WHILE EMERGING FROM DRIVEWAY,1,658796,Not at intersection,3,50,Local Road,INVERNESS,YARRA RANGES,-37.807446,145.38126,2019,11,November,17,Afternoon Peak,Weekend
T20190024041,2019-11-30,17:40:00,1,Collision with vehicle,6,Saturday,110,CROSS TRAFFIC(INTERSECTIONS ONLY),1,38741,Cross intersection,3,60,Arterial Highway,GEELONG,MARIBYRNONG,-37.79892,144.89236,2019,11,November,17,Afternoon Peak,Weekend
T20190024040,2019-11-30,00:35:00,5,collision with some other object,6,Saturday,166,STRUCK OBJECT ON CARRIAGEWAY,5,611883,Not at intersection,3,100,Arterial Highway,MAROONDAH,MURRINDINDI,-37.024136,145.68904,2019,11,November,0,Late Night,Weekend
T20190024038,2019-11-30,10:50:00,1,Collision with vehicle,6,Saturday,150,HEAD ON(OVERTAKING),1,605903,Not at intersection,3,50,Local Road,ALBERT,BRIMBANK,-37.69223,144.7572,2019,11,November,10,Midday,Weekend
T20190024036,2019-11-30,17:30:00,1,Collision with vehicle,6,Saturday,130,REAR END(VEHICLES IN SAME LANE),1,606857,Not at intersection,3,50,Local Road,DANA,BALLARAT,-37.5637,143.85333,2019,11,November,17,Afternoon Peak,Weekend
T20190024035,2019-11-30,15:00:00,4,Collision with a fixed object,6,Saturday,183,OFF LEFT BEND INTO OBJECT/PARKED VEHICLE,1,606541,Not at intersection,2,80,Arterial Other,GRANYA,TOWONG,-36.176292,147.3387,2019,11,November,15,Afternoon Peak,Weekend
T20190024034,2019-11-30,15:30:00,2,Struck Pedestrian,6,Saturday,100,PED NEAR SIDE. PED HIT BY VEHICLE FROM THE RIGHT.,1,53011,Cross intersection,2,60,Arterial Highway,ALBERT,BALLARAT,-37.598743,143.84117,2019,11,November,15,Afternoon Peak,Weekend
T20190024059,2019-11-30,17:50:00,1,Collision with vehicle,6,Saturday,130,REAR END(VEHICLES IN SAME LANE),1,71364,T intersection,3,100,Arterial Other,BENGWORDEN,WELLINGTON,-38.06922,147.08354,2019,11,November,17,Afternoon Peak,Weekend
T20190024032,2019-11-30,16:30:00,6,Vehicle overturned (no collision),6,Saturday,179,OTHER ACCIDENTS-OFF STRAIGHT NOT INCLUDED IN DCAs 170-175,1,606374,Not at intersection,2,60,Freeway,EASTLINK (RINGWOOD CONNECTION),MAROONDAH,-37.81018,145.22285,2019,11,November,16,Afternoon Peak,Weekend
T20190024066,2019-11-30,20:54:00,4,Collision with a fixed object,6,Saturday,171,LEFT OFF CARRIAGEWAY INTO OBJECT/PARKED VEHICLE,5,606220,Not at intersection,2,100,Arterial Other,HEATHCOTE-REDESDALE,BENDIGO,-36.957237,144.65425,2019,11,November,20,Night,Weekend
T20190024029,2019-11-30,13:34:00,7,Fall from or in moving vehicle,6,Saturday,179,OTHER ACCIDENTS-OFF STRAIGHT NOT INCLUDED IN DCAs 170-175,1,606219,Not at intersection,3,100,Arterial Highway,HAMILTON,MOYNE,-38.056164,142.8728,2019,11,November,13,Midday,Weekend
T20200005151,2019-11-30,12:30:00,1,Collision with vehicle,6,Saturday,130,REAR END(VEHICLES IN SAME LANE),1,639386,Not at intersection,2,80,Arterial Other,TAWONGA GAP,ALPINE,-36.71528,147.10847,2019,11,November,12,Midday,Weekend
T20190024028,2019-11-30,12:00:00,1,Collision with vehicle,6,Saturday,140,U TURN,1,824,T intersection,2,70,Arterial Other,SYDNEY,MORELAND,-37.710716,144.96138,2019,11,November,12,Midday,Weekend
T20190023983,2019-11-30,00:04:00,1,Collision with vehicle,6,Saturday,150,HEAD ON(OVERTAKING),3,658551,Not at intersection,3,60,Arterial Highway,QUEENS,PORT PHILLIP,-37.840336,144.97466,2019,11,November,0,Late Night,Weekend
T20190024027,2019-11-30,14:35:00,1,Collision with vehicle,6,Saturday,130,REAR END(VEHICLES IN SAME LANE),1,654150,Not at intersection,2,80,Freeway,TULLAMARINE,MOONEE VALLEY,-37.718937,144.89229,2019,11,November,14,Midday,Weekend
T20190024017,2019-11-30,13:32:00,1,Collision with vehicle,6,Saturday,121,RIGHT THROUGH,1,348581,Cross intersection,2,70,Arterial Other,SOUTH,BAYSIDE,-37.931877,145.02579,2019,11,November,13,Midday,Weekend
T20190024013,2019-11-30,09:35:00,1,Collision with vehicle,6,Saturday,140,U TURN,1,654148,Not at intersection,2,100,Arterial Other,ROSEDALE-HEYFIELD,WELLINGTON,-38.13735,146.7933,2019,11,November,9,Morning Peak,Weekend
T20190024012,2019-11-30,12:00:00,2,Struck Pedestrian,6,Saturday,100,PED NEAR SIDE. PED HIT BY VEHICLE FROM THE RIGHT.,1,607857,Not at intersection,3,50,Arterial Highway,COLLINGWOOD,COLAC OTWAY,-38.757782,143.67001,2019,11,November,12,Midday,Weekend
T20190024011,2019-11-30,00:30:00,1,Collision with vehicle,6,Saturday,120,HEAD ON (NOT OVERTAKING),3,37827,T intersection,3,50,Arterial Other,NORMANBY,DAREBIN,-37.75736,144.98068,2019,11,November,0,Late Night,Weekend
T20190024589,2019-11-30,15:00:00,1,Collision with vehicle,6,Saturday,133,LANE SIDE SWIPE (VEHICLES IN PARALLEL LANES),1,608147,Cross intersection,3,60,Arterial Other,STURT,BALLARAT,-37.560516,143.84421,2019,11,November,15,Afternoon Peak,Weekend
T20190024588,2019-11-30,21:00:00,1,Collision with vehicle,6,Saturday,142,LEAVING PARKING,2,658588,Not at intersection,3,60,Arterial Other,CHANDLER,DANDENONG,-37.976753,145.18527,2019,11,November,21,Night,Weekend
T20190024088,2019-12-01,10:30:00,1,Collision with vehicle,7,Sunday,139,OTHER SAME DIRECTION-MANOUEVRES NOT INCLUDED IN DCAs 130-137,1,313692,Not at intersection,2,100,Freeway,MONASH,MONASH,-37.88513,145.09766,2019,12,December,10,Midday,Weekend
T20190024068,2019-12-01,02:31:00,1,Collision with vehicle,7,Sunday,113,RIGHT NEAR (INTERSECTIONS ONLY),3,222043,Multiple intersection,3,80,Freeway,MORNINGTON PENINSULA,KINGSTON,-38.025883,145.13304,2019,12,December,2,Late Night,Weekend
T20190024072,2019-12-01,02:15:00,1,Collision with vehicle,7,Sunday,139,OTHER SAME DIRECTION-MANOUEVRES NOT INCLUDED IN DCAs 130-137,3,773346,Not at intersection,3,60,Arterial Highway,SPRINGVALE,DANDENONG,-37.96045,145.15073,2019,12,December,2,Late Night,Weekend
T20200002422,2019-12-01,11:40:00,1,Collision with vehicle,7,Sunday,120,HEAD ON (NOT OVERTAKING),1,624198,T intersection,2,60,Local Road,VICTORIA,HOBSONS BAY,-37.88893,144.7787,2019,12,December,11,Midday,Weekend
T20190024133,2019-12-01,20:34:00,1,Collision with vehicle,7,Sunday,110,CROSS TRAFFIC(INTERSECTIONS ONLY),6,243255,Cross intersection,2,50,Local Road,BULOKE,WYNDHAM,-37.877064,144.61453,2019,12,December,20,Night,Weekend
T20190024122,2019-12-01,18:05:00,4,Collision with a fixed object,7,Sunday,171,LEFT OFF CARRIAGEWAY INTO OBJECT/PARKED VEHICLE,1,617473,Not at intersection,2,50,Local Road,LONG POCKITT,YARRA RANGES,-37.914455,145.36923,2019,12,December,18,Afternoon Peak,Weekend
T20200001062,2019-12-01,02:05:00,4,Collision with a fixed object,7,Sunday,171,LEFT OFF CARRIAGEWAY INTO OBJECT/PARKED VEHICLE,3,625792,T intersection,2,60,Local Road,ROSAMOND,MARIBYRNONG,-37.773212,144.88608,2019,12,December,2,Late Night,Weekend
T20190024135,2019-12-01,18:36:00,4,Collision with a fixed object,7,Sunday,183,OFF LEFT BEND INTO OBJECT/PARKED VEHICLE,2,637640,Not at intersection,2,100,Arterial Other,DARTMOOR-HAMILTON,GLENELG,-37.92653,141.28973,2019,12,December,18,Afternoon Peak,Weekend
T20190024136,2019-12-01,08:20:00,1,Collision with vehicle,7,Sunday,131,LEFT REAR,1,605906,T intersection,3,60,Arterial Highway,SOUTH GIPPSLAND,CASEY,-38.10943,145.28355,2019,12,December,8,Morning Peak,Weekend
T20190024140,2019-12-01,23:49:00,1,Collision with vehicle,7,Sunday,121,RIGHT THROUGH,3,612177,T intersection,3,60,Arterial Other,SOMERTON,HUME,-37.639843,144.9237,2019,12,December,23,Night,Weekend
T20190026039,2019-12-01,15:34:00,6,Vehicle overturned (no collision),7,Sunday,184,OUT OF CONTROL ON CARRIAGEWAY (ON BEND),1,654251,Not at intersection,3,80,Local Road,BANNONS,NILLUMBIK,-37.62762,145.16763,2019,12,December,15,Afternoon Peak,Weekend
T20190024143,2019-12-01,21:56:00,2,Struck Pedestrian,7,Sunday,109,ANY MANOEUVRE INVOLVING PED NOT INCLUDED IN DCAs 100-108.,3,728873,Not at intersection,3,60,Local Road,GORDON,GLEN EIRA,-37.88394,145.00052,2019,12,December,21,Night,Weekend
T20190024082,2019-12-01,08:20:00,1,Collision with vehicle,7,Sunday,143,ENTERING PARKING,1,655898,Not at intersection,3,40,Local Road,YORK,PORT PHILLIP,-37.831944,144.95554,2019,12,December,8,Morning Peak,Weekend
T20190024116,2019-12-01,16:00:00,1,Collision with vehicle,7,Sunday,120,HEAD ON (NOT OVERTAKING),1,622042,Not at intersection,2,100,Arterial Other,KORUMBURRA-WARRAGUL,BAW BAW,-38.302547,145.89798,2019,12,December,16,Afternoon Peak,Weekend
T20190024113,2019-12-01,15:15:00,1,Collision with vehicle,7,Sunday,130,REAR END(VEHICLES IN SAME LANE),1,43870,Cross intersection,2,80,Local Road,HALL,FRANKSTON,-38.104733,145.21527,2019,12,December,15,Afternoon Peak,Weekend
T20190024255,2019-12-01,11:50:00,1,Collision with vehicle,7,Sunday,120,HEAD ON (NOT OVERTAKING),1,606862,Not at intersection,3,100,Arterial Highway,GREAT OCEAN,SURF COAST,-38.56666,143.96674,2019,12,December,11,Midday,Weekend
T20190024194,2019-12-01,10:00:00,1,Collision with vehicle,7,Sunday,130,REAR END(VEHICLES IN SAME LANE),1,606546,Not at intersection,3,80,Arterial Highway,STUD,KNOX,-37.92941,145.2329,2019,12,December,10,Midday,Weekend
T20190024325,2019-12-01,15:00:00,1,Collision with vehicle,7,Sunday,113,RIGHT NEAR (INTERSECTIONS ONLY),1,40888,Multiple intersection,3,80,Arterial Other,WANTIRNA,KNOX,-37.84769,145.22714,2019,12,December,15,Afternoon Peak,Weekend
T20190024107,2019-12-01,14:34:00,1,Collision with vehicle,7,Sunday,160,VEHICLE COLLIDES WITH VEHICLE PARKED ON LEFT OF ROAD,1,607159,Not at intersection,3,50,Local Road,PARMELIA,BRIMBANK,-37.706573,144.78836,2019,12,December,14,Midday,Weekend
T20190024121,2019-12-01,16:15:00,1,Collision with vehicle,7,Sunday,140,U TURN,1,606222,Not at intersection,3,60,Arterial Other,HULL,YARRA RANGES,-37.780926,145.32603,2019,12,December,16,Afternoon Peak,Weekend
T20190024065,2019-12-01,01:20:00,1,Collision with vehicle,7,Sunday,130,REAR END(VEHICLES IN SAME LANE),3,661283,Not at intersection,3,60,Arterial Highway,BRIGHTON,PORT PHILLIP,-37.88252,144.99617,2019,12,December,1,Late Night,Weekend
T20190024128,2019-12-01,17:10:00,1,Collision with vehicle,7,Sunday,137,LEFT TURN SIDESWIPE,1,36366,Cross intersection,3,60,Arterial Other,PRINCES,MELBOURNE,-37.79258,144.97134,2019,12,December,17,Afternoon Peak,Weekend
T20190024105,2019-12-01,14:15:00,1,Collision with vehicle,7,Sunday,110,CROSS TRAFFIC(INTERSECTIONS ONLY),1,36046,Cross intersection,3,50,Local Road,RATHDOWNE,YARRA,-37.784657,144.97269,2019,12,December,14,Midday,Weekend
T20190024102,2019-12-01,10:00:00,4,Collision with a fixed object,7,Sunday,179,OTHER ACCIDENTS-OFF STRAIGHT NOT INCLUDED IN DCAs 170-175,1,628628,Not at intersection,2,100,Local Road,MT PINNIBAR,TOWONG,-36.531845,148.03473,2019,12,December,10,Midday,Weekend
T20190024101,2019-12-01,11:27:00,7,Fall from or in moving vehicle,7,Sunday,190,FELL IN/FROM VEHICLE,1,606542,Not at intersection,2,100,Local Road,MT DIFFICULT,NORTHERN GRAMPIANS,-37.08132,142.43143,2019,12,December,11,Midday,Weekend
T20190024131,2019-12-01,19:00:00,4,Collision with a fixed object,7,Sunday,171,LEFT OFF CARRIAGEWAY INTO OBJECT/PARKED VEHICLE,1,631723,Not at intersection,2,100,Arterial Other,PENSHURST-WARRNAMBOOL,MOYNE,-37.96404,142.30666,2019,12,December,19,Night,Weekend
T20190024099,2019-12-01,12:40:00,4,Collision with a fixed object,7,Sunday,171,LEFT OFF CARRIAGEWAY INTO OBJECT/PARKED VEHICLE,1,655978,Not at intersection,3,100,Arterial Other,DAYLESFORD-MALMSBURY,HEPBURN,-37.32299,144.19637,2019,12,December,12,Midday,Weekend
T20190024095,2019-12-01,12:32:00,1,Collision with vehicle,7,Sunday,110,CROSS TRAFFIC(INTERSECTIONS ONLY),9,43008,Cross intersection,3,60,Arterial Other,HEATHERTON,DANDENONG,-37.968864,145.20505,2019,12,December,12,Midday,Weekend
T20190024119,2019-12-01,18:20:00,6,Vehicle overturned (no collision),7,Sunday,149,OTHER MANOEUVRING NOT INCLUDED IN DCAs 140-148,1,630154,Not at intersection,2,80,Arterial Highway,DANDENONG,DANDENONG,-37.99793,145.1668,2019,12,December,18,Afternoon Peak,Weekend
T20190024142,2019-12-01,21:06:00,1,Collision with vehicle,7,Sunday,130,REAR END(VEHICLES IN SAME LANE),3,605758,Not at intersection,1,60,Arterial Other,THOMPSON,GEELONG,-38.101543,144.34518,2019,12,December,21,Night,Weekend
T20190024168,2019-12-02,09:07:00,1,Collision with vehicle,1,Monday,130,REAR END(VEHICLES IN SAME LANE),1,618776,Not at intersection,2,60,Local Road,KOOYONG,STONNINGTON,-37.859226,145.02005,2019,12,December,9,Morning Peak,Weekday
T20190024229,2019-12-02,18:26:00,4,Collision with a fixed object,1,Monday,171,LEFT OFF CARRIAGEWAY INTO OBJECT/PARKED VEHICLE,1,631399,Unknown,2,50,Local Road,WESTCOTT,MELTON,-37.73233,144.66373,2019,12,December,18,Afternoon Peak,Weekday
T20190024230,2019-12-02,16:00:00,1,Collision with vehicle,1,Monday,160,VEHICLE COLLIDES WITH VEHICLE PARKED ON LEFT OF ROAD,1,609335,Not at intersection,2,50,Local Road,WATERSIDE,MELTON,-37.730495,144.76299,2019,12,December,16,Afternoon Peak,Weekday
T20190024234,2019-12-02,21:29:00,1,Collision with vehicle,1,Monday,130,REAR END(VEHICLES IN SAME LANE),5,619662,Not at intersection,3,80,Arterial Other,MELTON,MELTON,-37.686485,144.6914,2019,12,December,21,Night,Weekday
T20190024236,2019-12-02,20:58:00,2,Struck Pedestrian,1,Monday,106,VEH STRIKES PED ON FOOTPATH/MEDIAN/TRAFFIC ISLAND.,3,638412,Not at intersection,2,80,Local Road,GREENS,DANDENONG,-38.01294,145.19844,2019,12,December,20,Night,Weekday
T20190024240,2019-12-02,22:00:00,4,Collision with a fixed object,1,Monday,173,RIGHT OFF CARRIAGEWAY INTO OBJECT/PARKED VEHICLE,3,608754,Not at intersection,3,100,Freeway,EASTLINK,KNOX,-37.929424,145.21097,2019,12,December,22,Night,Weekday
T20190024172,2019-12-02,08:45:00,7,Fall from or in moving vehicle,1,Monday,190,FELL IN/FROM VEHICLE,1,617327,Not at intersection,2,100,Arterial Highway,PRINCES,CORANGAMITE,-38.257153,143.21721,2019,12,December,8,Morning Peak,Weekday
T20190024217,2019-12-02,15:57:00,1,Collision with vehicle,1,Monday,110,CROSS TRAFFIC(INTERSECTIONS ONLY),1,655511,Cross intersection,2,50,Local Road,BIRKDALE,WHITTLESEA,-37.597546,145.12933,2019,12,December,15,Afternoon Peak,Weekday
T20190024265,2019-12-02,11:00:00,2,Struck Pedestrian,1,Monday,100,PED NEAR SIDE. PED HIT BY VEHICLE FROM THE RIGHT.,1,606550,Cross intersection,2,50,Local Road,CANADIAN BAY,MORNINGTON PENINSULA,-38.18366,145.08922,2019,12,December,11,Midday,Weekday
T20190024177,2019-12-02,10:50:00,1,Collision with vehicle,1,Monday,113,RIGHT NEAR (INTERSECTIONS ONLY),1,606545,T intersection,3,50,Local Road,HOLBEACH,WHITEHORSE,-37.8589,145.15688,2019,12,December,10,Midday,Weekday
T20190024149,2019-12-02,06:20:00,1,Collision with vehicle,1,Monday,120,HEAD ON (NOT OVERTAKING),1,615311,Not at intersection,2,70,Arterial Other,PAKENHAM,CARDINIA,-38.02648,145.4958,2019,12,December,6,Morning Peak,Weekday
T20190024157,2019-12-02,08:50:00,1,Collision with vehicle,1,Monday,160,VEHICLE COLLIDES WITH VEHICLE PARKED ON LEFT OF ROAD,1,606223,Not at intersection,2,50,Arterial Other,YARRA,YARRA,-37.83037,145.02629,2019,12,December,8,Morning Peak,Weekday
T20190024353,2019-12-02,17:13:00,1,Collision with vehicle,1,Monday,121,RIGHT THROUGH,1,613159,Not at intersection,2,60,Arterial Other,MAIN WHITTLESEA,WHITTLESEA,-37.514885,145.11465,2019,12,December,17,Afternoon Peak,Weekday
T20190024191,2019-12-02,13:05:00,1,Collision with vehicle,1,Monday,111,RIGHT FAR (INTERSECTIONS ONLY),1,46850,T intersection,2,60,Local Road,HAMPTON,MARIBYRNONG,-37.806873,144.8705,2019,12,December,13,Midday,Weekday
T20190024365,2019-12-02,14:15:00,1,Collision with vehicle,1,Monday,130,REAR END(VEHICLES IN SAME LANE),1,773347,Not at intersection,3,60,Arterial Other,BURWOOD,BOROONDARA,-37.821934,145.02956,2019,12,December,14,Midday,Weekday
T20200001133,2019-12-02,15:28:00,1,Collision with vehicle,1,Monday,116,LEFT NEAR (INTERSECTIONS ONLY),9,619091,Multiple intersection,3,80,Arterial Other,CRANBOURNE-FRANKSTON,CASEY,-38.133717,145.22876,2019,12,December,15,Afternoon Peak,Weekday
T20190024155,2019-12-02,08:50:00,1,Collision with vehicle,1,Monday,113,RIGHT NEAR (INTERSECTIONS ONLY),1,654351,T intersection,3,70,Local Road,LANDSBOROUGH,BAW BAW,-38.17175,145.9234,2019,12,December,8,Morning Peak,Weekday
T20200002762,2019-12-02,13:15:00,4,Collision with a fixed object,1,Monday,171,LEFT OFF CARRIAGEWAY INTO OBJECT/PARKED VEHICLE,1,656553,Not at intersection,3,60,Arterial Other,RACECOURSE,CARDINIA,-38.072826,145.4944,2019,12,December,13,Midday,Weekday
T20190024220,2019-12-02,17:52:00,1,Collision with vehicle,1,Monday,130,REAR END(VEHICLES IN SAME LANE),1,728874,Not at intersection,3,80,Arterial Highway,STUD,KNOX,-37.883232,145.23303,2019,12,December,17,Afternoon Peak,Weekday
T20190024197,2019-12-02,15:30:00,1,Collision with vehicle,1,Monday,110,CROSS TRAFFIC(INTERSECTIONS ONLY),1,48464,Cross intersection,2,50,Local Road,KEOGH,MORNINGTON PENINSULA,-38.36305,144.91028,2019,12,December,15,Afternoon Peak,Weekday
T20190024158,2019-12-02,06:40:00,1,Collision with vehicle,1,Monday,130,REAR END(VEHICLES IN SAME LANE),1,330200,Cross intersection,3,80,Freeway,EASTLINK OUT-FERNTREE GULLY RAMP OF-FERNTREE,KNOX,-37.90254,145.21597,2019,12,December,6,Morning Peak,Weekday
T20190025044,2019-12-02,13:04:00,1,Collision with vehicle,1,Monday,130,REAR END(VEHICLES IN SAME LANE),1,641577,Not at intersection,3,50,Local Road,STATION,WHITTLESEA,-37.673454,145.01566,2019,12,December,13,Midday,Weekday
T20190024227,2019-12-02,18:30:00,1,Collision with vehicle,1,Monday,121,RIGHT THROUGH,1,336122,T intersection,3,50,Local Road,WILLIAM THWAITES,CASEY,-38.085407,145.3161,2019,12,December,18,Afternoon Peak,Weekday
T20190024205,2019-12-02,16:14:00,1,Collision with vehicle,1,Monday,160,VEHICLE COLLIDES WITH VEHICLE PARKED ON LEFT OF ROAD,1,607165,Not at intersection,2,60,Local Road,GILBERT,DAREBIN,-37.727486,144.99187,2019,12,December,16,Afternoon Peak,Weekday
T20190025024,2019-12-02,14:55:00,1,Collision with vehicle,1,Monday,132,RIGHT REAR.,1,40580,T intersection,3,60,Arterial Highway,WARRIGAL,BOROONDARA,-37.86269,145.09341,2019,12,December,14,Midday,Weekday