ACCIDENT_NO,ACCIDENT_DATE,ACCIDENT_TIME,ACCIDENT_TYPE,ACCIDENT_TYPE_DESC,DAY_OF_WEEK,DAY_WEEK_DESC,DCA_CODE,DCA_DESC,LIGHT_CONDITION,NODE_ID,ROAD_GEOMETRY_DESC,SEVERITY,SPEED_ZONE,RMA,ROAD_NAME,LGA_NAME,LATITUDE,LONGITUDE,YEAR,MONTH,MONTH_NAME,HOUR,TIME_PERIOD,DAY_TYPE
T20190024206,2019-12-02,16:42:00,1,Collision with vehicle,1,Monday,130,REAR END(VEHICLES IN SAME LANE),1,606548,Not at intersection,2,80,Arterial Highway,MELBA,YARRA RANGES,-37.64925,145.38669,2019,12,December,16,Afternoon Peak,Weekday
T20190024210,2019-12-02,15:10:00,2,Struck Pedestrian,1,Monday,101,PED EMERGES FROM IN FRONT OF PARKED OR STATIONARY VEHICLE,1,606225,Not at intersection,2,50,Local Road,RALTON,MONASH,-37.88711,145.17107,2019,12,December,15,Afternoon Peak,Weekday
T20200002371,2019-12-02,15:40:00,1,Collision with vehicle,1,Monday,130,REAR END(VEHICLES IN SAME LANE),9,623891,Not at intersection,3,100,Freeway,MONASH,MONASH,-37.89873,145.14977,2019,12,December,15,Afternoon Peak,Weekday
T20190026457,2019-12-02,16:30:00,1,Collision with vehicle,1,Monday,110,CROSS TRAFFIC(INTERSECTIONS ONLY),1,37886,Cross intersection,3,50,Local Road,ARUNDEL,DAREBIN,-37.696373,145.01584,2019,12,December,16,Afternoon Peak,Weekday
T20190026344,2019-12-02,10:45:00,1,Collision with vehicle,1,Monday,135,LANE CHANGE LEFT (NOT OVERTAKING),1,655979,Not at intersection,3,100,Freeway,PRINCES,WYNDHAM,-37.972,144.5519,2019,12,December,10,Midday,Weekday
T20190024297,2019-12-03,01:30:00,1,Collision with vehicle,2,Tuesday,160,VEHICLE COLLIDES WITH VEHICLE PARKED ON LEFT OF ROAD,9,630459,Not at intersection,2,60,Arterial Other,GRANGE,GLEN EIRA,-37.89496,145.04579,2019,12,December,1,Late Night,Weekday
T20190024290,2019-12-03,08:55:00,1,Collision with vehicle,2,Tuesday,120,HEAD ON (NOT OVERTAKING),1,654453,Not at intersection,3,50,Arterial Other,POTTER,HUME,-37.600243,144.94426,2019,12,December,8,Morning Peak,Weekday
T20190024286,2019-12-03,12:00:00,4,Collision with a fixed object,2,Tuesday,181,OFF RIGHT BEND INTO OBJECT/PARKED VEHICLE,1,606866,Not at intersection,3,80,Arterial Other,COLAC-LAVERS HILL,COLAC OTWAY,-38.474705,143.58583,2019,12,December,12,Midday,Weekday
T20190024283,2019-12-03,11:20:00,1,Collision with vehicle,2,Tuesday,120,HEAD ON (NOT OVERTAKING),1,609044,Not at intersection,3,50,Local Road,CAPITAL,MONASH,-37.87299,145.18283,2019,12,December,11,Midday,Weekday
T20190024282,2019-12-03,10:50:00,1,Collision with vehicle,2,Tuesday,139,OTHER SAME DIRECTION-MANOUEVRES NOT INCLUDED IN DCAs 130-137,1,611886,Not at intersection,2,60,Local Road,MANCHESTER,YARRA RANGES,-37.785736,145.31087,2019,12,December,10,Midday,Weekday
T20190024332,2019-12-03,19:30:00,1,Collision with vehicle,2,Tuesday,110,CROSS TRAFFIC(INTERSECTIONS ONLY),1,37415,Cross intersection,2,40,Arterial Other,BAY,PORT PHILLIP,-37.836903,144.9439,2019,12,December,19,Night,Weekday
T20190024333,2019-12-03,16:50:00,1,Collision with vehicle,2,Tuesday,121,RIGHT THROUGH,1,654454,Not at intersection,2,100,Arterial Other,GRUBB,GEELONG,-38.207836,144.54538,2019,12,December,16,Afternoon Peak,Weekday
T20200002052,2019-12-03,10:45:00,1,Collision with vehicle,2,Tuesday,111,RIGHT FAR (INTERSECTIONS ONLY),1,389,Cross intersection,3,60,Arterial Other,CHILDS,WHITTLESEA,-37.659706,145.0191,2019,12,December,10,Midday,Weekday
T20190024323,2019-12-03,14:40:00,5,collision with some other object,2,Tuesday,166,STRUCK OBJECT ON CARRIAGEWAY,1,606553,Not at intersection,3,60,Local Road,COOMALIE,BANYULE,-37.748833,145.0436,2019,12,December,14,Midday,Weekday
T20190024334,2019-12-03,14:15:00,4,Collision with a fixed object,2,Tuesday,173,RIGHT OFF CARRIAGEWAY INTO OBJECT/PARKED VEHICLE,1,619952,Not at intersection,2,70,Arterial Other,OLD GEELONG,WYNDHAM,-37.87844,144.70955,2019,12,December,14,Midday,Weekday
T20190024338,2019-12-03,21:08:00,1,Collision with vehicle,2,Tuesday,110,CROSS TRAFFIC(INTERSECTIONS ONLY),9,35397,Cross intersection,3,60,Arterial Other,FERRARS,PORT PHILLIP,-37.83665,144.95663,2019,12,December,21,Night,Weekday
T20190024340,2019-12-03,17:45:00,2,Struck Pedestrian,2,Tuesday,101,PED EMERGES FROM IN FRONT OF PARKED OR STATIONARY VEHICLE,1,622631,Not at intersection,2,60,Arterial Other,ASCOT VALE,MOONEE VALLEY,-37.77571,144.92339,2019,12,December,17,Afternoon Peak,Weekday
T20190024324,2019-12-03,18:46:00,4,Collision with a fixed object,2,Tuesday,171,LEFT OFF CARRIAGEWAY INTO OBJECT/PARKED VEHICLE,1,656060,Not at intersection,2,70,Arterial Other,KINGS,BRIMBANK,-37.718483,144.78131,2019,12,December,18,Afternoon Peak,Weekday
T20190025338,2019-12-03,13:38:00,1,Collision with vehicle,2,Tuesday,121,RIGHT THROUGH,1,45505,Cross intersection,3,60,Arterial Other,MELVILLE,MORELAND,-37.746536,144.94444,2019,12,December,13,Midday,Weekday
T20190024623,2019-12-03,15:15:00,1,Collision with vehicle,2,Tuesday,130,REAR END(VEHICLES IN SAME LANE),1,608469,Not at intersection,3,50,Local Road,GOVERNOR,KINGSTON,-38.009205,145.09656,2019,12,December,15,Afternoon Peak,Weekday
T20190024328,2019-12-03,18:15:00,1,Collision with vehicle,2,Tuesday,121,RIGHT THROUGH,1,43287,Cross intersection,3,50,Arterial Other,HALLAM,CASEY,-38.03568,145.26715,2019,12,December,18,Afternoon Peak,Weekday
T20190024273,2019-12-03,09:48:00,1,Collision with vehicle,2,Tuesday,116,LEFT NEAR (INTERSECTIONS ONLY),1,606863,Cross intersection,2,100,Local Road,SERVICETON NORTH,WEST WIMMERA,-36.34683,140.98445,2019,12,December,9,Morning Peak,Weekday
T20190024272,2019-12-03,07:25:00,1,Collision with vehicle,2,Tuesday,160,VEHICLE COLLIDES WITH VEHICLE PARKED ON LEFT OF ROAD,1,654452,Not at intersection,3,60,Local Road,GLENFERN,YARRA RANGES,-37.909233,145.33975,2019,12,December,7,Morning Peak,Weekday
T20190025156,2019-12-03,18:40:00,1,Collision with vehicle,2,Tuesday,130,REAR END(VEHICLES IN SAME LANE),1,343470,T intersection,3,60,Arterial Other,PARA,BANYULE,-37.71878,145.11388,2019,12,December,18,Afternoon Peak,Weekday
T20190024271,2019-12-03,12:40:00,1,Collision with vehicle,2,Tuesday,132,RIGHT REAR.,1,40662,T intersection,2,60,Arterial Other,HUNTINGDALE,MONASH,-37.858414,145.1135,2019,12,December,12,Midday,Weekday
T20190024836,2019-12-03,17:30:00,8,No collision and no object struck,2,Tuesday,170,OFF CARRIAGEWAY TO LEFT,1,622951,Not at intersection,3,80,Arterial Other,FERNTREE GULLY,KNOX,-37.88382,145.27103,2019,12,December,17,Afternoon Peak,Weekday
T20190024263,2019-12-03,09:21:00,1,Collision with vehicle,2,Tuesday,130,REAR END(VEHICLES IN SAME LANE),1,654451,Not at intersection,3,80,Freeway,WEST GATE,MARIBYRNONG,-37.824272,144.86339,2019,12,December,9,Morning Peak,Weekday
T20190024997,2019-12-03,17:25:00,1,Collision with vehicle,2,Tuesday,130,REAR END(VEHICLES IN SAME LANE),1,654455,Not at intersection,3,100,Freeway,EASTERN,MANNINGHAM,-37.796078,145.118,2019,12,December,17,Afternoon Peak,Weekday
T20190024377,2019-12-03,18:34:00,1,Collision with vehicle,2,Tuesday,130,REAR END(VEHICLES IN SAME LANE),1,606872,Not at intersection,2,100,Freeway,WESTERN RING,BRIMBANK,-37.81,144.808,2019,12,December,18,Afternoon Peak,Weekday
T20190024413,2019-12-03,14:00:00,1,Collision with vehicle,2,Tuesday,111,RIGHT FAR (INTERSECTIONS ONLY),1,37961,T intersection,3,60,Arterial Other,HEIDELBERG,YARRA,-37.78587,144.9992,2019,12,December,14,Midday,Weekday
T20190024369,2019-12-03,15:30:00,1,Collision with vehicle,2,Tuesday,130,REAR END(VEHICLES IN SAME LANE),1,625451,T intersection,3,80,Freeway,CALDER OUT-MUNDY,HUME,-37.53922,144.64825,2019,12,December,15,Afternoon Peak,Weekday
T20190024381,2019-12-03,16:32:00,1,Collision with vehicle,2,Tuesday,113,RIGHT NEAR (INTERSECTIONS ONLY),1,328768,Cross intersection,3,70,Arterial Other,SOUTH,KINGSTON,-37.93748,145.06859,2019,12,December,16,Afternoon Peak,Weekday
T20190024504,2019-12-03,09:20:00,1,Collision with vehicle,2,Tuesday,130,REAR END(VEHICLES IN SAME LANE),9,607178,Not at intersection,3,100,Freeway,MONASH,MONASH,-37.913975,145.16687,2019,12,December,9,Morning Peak,Weekday
T20190024396,2019-12-03,19:00:00,1,Collision with vehicle,2,Tuesday,121,RIGHT THROUGH,1,583552,T intersection,3,60,Arterial Other,GALLAGHERS,MONASH,-37.875748,145.17896,2019,12,December,19,Night,Weekday
T20190024262,2019-12-03,08:33:00,1,Collision with vehicle,2,Tuesday,143,ENTERING PARKING,1,647119,Not at intersection,2,40,Local Road,PELHAM,MELBOURNE,-37.802246,144.96135,2019,12,December,8,Morning Peak,Weekday
T20190024261,2019-12-03,09:20:00,1,Collision with vehicle,2,Tuesday,113,RIGHT NEAR (INTERSECTIONS ONLY),1,656058,T intersection,2,80,Arterial Other,MCCORMICKS ROAD -THOMPSONS,FRANKSTON,-38.07326,145.20312,2019,12,December,9,Morning Peak,Weekday
T20190024260,2019-12-03,08:00:00,4,Collision with a fixed object,2,Tuesday,171,LEFT OFF CARRIAGEWAY INTO OBJECT/PARKED VEHICLE,1,654450,Not at intersection,2,100,Local Road,DERRIL,MORNINGTON PENINSULA,-38.25437,145.1035,2019,12,December,8,Morning Peak,Weekday
T20190024313,2019-12-03,15:50:00,1,Collision with vehicle,2,Tuesday,130,REAR END(VEHICLES IN SAME LANE),1,728875,Cross intersection,3,60,Arterial Other,CANTERBURY,WHITEHORSE,-37.83282,145.15654,2019,12,December,15,Afternoon Peak,Weekday
T20190024245,2019-12-03,05:55:00,1,Collision with vehicle,2,Tuesday,121,RIGHT THROUGH,1,34171,Cross intersection,2,80,Arterial Highway,WELLINGTON,MONASH,-37.922073,145.18617,2019,12,December,5,Morning Peak,Weekday
T20190024317,2019-12-03,18:11:00,4,Collision with a fixed object,2,Tuesday,173,RIGHT OFF CARRIAGEWAY INTO OBJECT/PARKED VEHICLE,1,630763,Not at intersection,3,50,Local Road,PINEDALE,BASS COAST,-38.521343,145.33865,2019,12,December,18,Afternoon Peak,Weekday
T20190026012,2019-12-03,15:30:00,1,Collision with vehicle,2,Tuesday,140,U TURN,1,612196,Cross intersection,3,60,Arterial Other,WHEATSHEAF,MORELAND,-37.706795,144.92007,2019,12,December,15,Afternoon Peak,Weekday
T20190024319,2019-12-03,17:58:00,1,Collision with vehicle,2,Tuesday,136,RIGHT TURN SIDESWIPE,1,608145,T intersection,2,60,Arterial Other,OLD GEELONG,WYNDHAM,-37.852535,144.76624,2019,12,December,17,Afternoon Peak,Weekday
T20190024417,2019-12-04,17:20:00,1,Collision with vehicle,3,Wednesday,130,REAR END(VEHICLES IN SAME LANE),1,54190,Y intersection,3,100,Freeway,MONASH,DANDENONG,-37.961563,145.22807,2019,12,December,17,Afternoon Peak,Weekday
T20190024421,2019-12-04,20:05:00,2,Struck Pedestrian,3,Wednesday,103,PED PLAYING/LYING/WORKING/STANDING ON CARRIAGEWAY.,1,656068,T intersection,2,50,Local Road,OHEA,MORELAND,-37.73712,144.96046,2019,12,December,20,Night,Weekday
T20190024422,2019-12-04,17:45:00,2,Struck Pedestrian,3,Wednesday,101,PED EMERGES FROM IN FRONT OF PARKED OR STATIONARY VEHICLE,1,70946,T intersection,2,60,Arterial Other,BEACH,KINGSTON,-38.007633,145.08452,2019,12,December,17,Afternoon Peak,Weekday
T20190024424,2019-12-04,19:15:00,1,Collision with vehicle,3,Wednesday,116,LEFT NEAR (INTERSECTIONS ONLY),1,46984,T intersection,3,70,Arterial Highway,HODDLE,MELBOURNE,-37.810947,144.99113,2019,12,December,19,Night,Weekday
T20190024425,2019-12-04,12:20:00,1,Collision with vehicle,3,Wednesday,130,REAR END(VEHICLES IN SAME LANE),1,217309,T intersection,3,60,Freeway,WEST GATE IN-KINGS,MELBOURNE,-37.82925,144.9641,2019,12,December,12,Midday,Weekday
T20190024426,2019-12-04,20:10:00,4,Collision with a fixed object,3,Wednesday,171,LEFT OFF CARRIAGEWAY INTO OBJECT/PARKED VEHICLE,1,607748,Not at intersection,3,60,Arterial Other,BOLDREWOOD,DAREBIN,-37.721184,145.02138,2019,12,December,20,Night,Weekday
T20190024604,2019-12-04,17:10:00,1,Collision with vehicle,3,Wednesday,130,REAR END(VEHICLES IN SAME LANE),1,607561,Cross intersection,3,60,Arterial Other,MCDONALDS ROAD -MEMORIAL,WHITTLESEA,-37.64502,145.03052,2019,12,December,17,Afternoon Peak,Weekday
T20190025161,2019-12-04,14:10:00,1,Collision with vehicle,3,Wednesday,142,LEAVING PARKING,1,612181,Not at intersection,2,50,Local Road,HARE,CAMPASPE,-36.128983,144.7498,2019,12,December,14,Midday,Weekday
T20190024428,2019-12-04,17:19:00,1,Collision with vehicle,3,Wednesday,130,REAR END(VEHICLES IN SAME LANE),1,610762,Not at intersection,2,80,Arterial Other,BALLARAT,BRIMBANK,-37.770317,144.79399,2019,12,December,17,Afternoon Peak,Weekday
T20190024429,2019-12-04,19:05:00,2,Struck Pedestrian,3,Wednesday,100,PED NEAR SIDE. PED HIT BY VEHICLE FROM THE RIGHT.,1,616463,Not at intersection,3,60,Arterial Other,MAIN,BRIMBANK,-37.743465,144.7931,2019,12,December,19,Night,Weekday
T20190024430,2019-12-04,21:00:00,1,Collision with vehicle,3,Wednesday,120,HEAD ON (NOT OVERTAKING),5,658535,Not at intersection,3,60,Local Road,DAVID HILL,YARRA RANGES,-37.889122,145.43039,2019,12,December,21,Night,Weekday
T20190024440,2019-12-04,22:00:00,1,Collision with vehicle,3,Wednesday,113,RIGHT NEAR (INTERSECTIONS ONLY),5,61917,T intersection,2,100,Arterial Highway,MAROONDAH,YARRA RANGES,-37.696335,145.42116,2019,12,December,22,Night,Weekday
T20190024613,2019-12-04,17:54:00,1,Collision with vehicle,3,Wednesday,120,HEAD ON (NOT OVERTAKING),1,635672,Not at intersection,3,100,Arterial Highway,MIDLAND,HEPBURN,-37.351463,144.1194,2019,12,December,17,Afternoon Peak,Weekday
T20190024443,2019-12-04,21:30:00,1,Collision with vehicle,3,Wednesday,120,HEAD ON (NOT OVERTAKING),3,636475,Not at intersection,3,50,Local Road,BOX,CASEY,-37.995026,145.2375,2019,12,December,21,Night,Weekday
T20190024450,2019-12-04,10:20:00,1,Collision with vehicle,3,Wednesday,130,REAR END(VEHICLES IN SAME LANE),1,607171,Not at intersection,3,60,Arterial Other,MAIN,NILLUMBIK,-37.672462,145.15067,2019,12,December,10,Midday,Weekday
T20190024465,2019-12-04,18:58:00,2,Struck Pedestrian,3,Wednesday,107,PED ON FOOTHPATH STRUCK BY VEHENTERING/LEAVING DRIVEWAY.,1,611320,Not at intersection,2,40,Arterial Other,WATTLETREE,STONNINGTON,-37.86226,145.02745,2019,12,December,18,Afternoon Peak,Weekday
T20190024350,2019-12-04,07:45:00,1,Collision with vehicle,3,Wednesday,133,LANE SIDE SWIPE (VEHICLES IN PARALLEL LANES),1,607169,Not at intersection,2,60,Local Road,MELALUKA,GEELONG,-38.188168,144.45526,2019,12,December,7,Morning Peak,Weekday
T20190024378,2019-12-04,11:30:00,6,Vehicle overturned (no collision),3,Wednesday,174,OUT OF CONTROL ON CARRIAGEWAY (ON STRAIGHT),1,606873,T intersection,3,50,Local Road,STOLL,BAW BAW,-37.980213,145.88492,2019,12,December,11,Midday,Weekday
T20190024380,2019-12-04,08:45:00,1,Collision with vehicle,3,Wednesday,152,PULLING OUT (OVERTAKING),1,43178,T intersection,2,60,Local Road,EULINGA,KINGSTON,-38.017056,145.09521,2019,12,December,8,Morning Peak,Weekday
T20190024382,2019-12-04,11:40:00,4,Collision with a fixed object,3,Wednesday,181,OFF RIGHT BEND INTO OBJECT/PARKED VEHICLE,1,656065,Not at intersection,2,60,Local Road,LOUTITT BAY,SURF COAST,-38.289604,144.24113,2019,12,December,11,Midday,Weekday
T20190024383,2019-12-04,09:30:00,4,Collision with a fixed object,3,Wednesday,171,LEFT OFF CARRIAGEWAY INTO OBJECT/PARKED VEHICLE,1,656066,Not at intersection,3,100,Arterial Other,BROWN COALMINE,LATROBE,-38.160767,146.37941,2019,12,December,9,Morning Peak,Weekday
T20190024351,2019-12-04,08:00:00,4,Collision with a fixed object,3,Wednesday,175,OFF END OF ROAD/T-INTERSECTION.,1,44026,T intersection,3,80,Arterial Other,FRANKSTON-FLINDERS,MORNINGTON PENINSULA,-38.28464,145.1836,2019,12,December,8,Morning Peak,Weekday
T20190024468,2019-12-04,20:21:00,1,Collision with vehicle,3,Wednesday,137,LEFT TURN SIDESWIPE,2,656064,Not at intersection,2,60,Arterial Other,JACKA,PORT PHILLIP,-37.868042,144.97507,2019,12,December,20,Night,Weekday
T20190024471,2019-12-04,19:30:00,1,Collision with vehicle,3,Wednesday,110,CROSS TRAFFIC(INTERSECTIONS ONLY),1,38429,Cross intersection,3,60,Arterial Other,DORSET,MAROONDAH,-37.779125,145.2938,2019,12,December,19,Night,Weekday
T20190024352,2019-12-04,07:00:00,1,Collision with vehicle,3,Wednesday,130,REAR END(VEHICLES IN SAME LANE),1,607180,Not at intersection,3,80,Arterial Other,COOLART,MORNINGTON PENINSULA,-38.352753,145.14566,2019,12,December,7,Morning Peak,Weekday
T20190024343,2019-12-04,00:15:00,4,Collision with a fixed object,3,Wednesday,171,LEFT OFF CARRIAGEWAY INTO OBJECT/PARKED VEHICLE,3,631514,Not at intersection,2,70,Arterial Other,CHILDS,WHITTLESEA,-37.662544,145.05392,2019,12,December,0,Late Night,Weekday
T20190024489,2019-12-04,14:28:00,4,Collision with a fixed object,3,Wednesday,173,RIGHT OFF CARRIAGEWAY INTO OBJECT/PARKED VEHICLE,1,331616,Multiple intersection,2,60,Freeway,DALTON-METROPOLITAN RING IN,WHITTLESEA,-37.68747,145.02847,2019,12,December,14,Midday,Weekday
T20190024496,2019-12-04,11:10:00,1,Collision with vehicle,3,Wednesday,153,CUTTING IN (OVERTAKING),1,728876,Not at intersection,2,50,Local Road,MALMSBURY,HUME,-37.661457,144.9146,2019,12,December,11,Midday,Weekday
T20190024500,2019-12-04,18:40:00,1,Collision with vehicle,3,Wednesday,137,LEFT TURN SIDESWIPE,2,647121,Cross intersection,2,50,Local Road,ALBERT,MELBOURNE,-37.810696,144.98607,2019,12,December,18,Afternoon Peak,Weekday
T20190024505,2019-12-04,15:30:00,1,Collision with vehicle,3,Wednesday,110,CROSS TRAFFIC(INTERSECTIONS ONLY),1,40695,Cross intersection,3,50,Arterial Other,HOFFMANS,MOONEE VALLEY,-37.742153,144.89157,2019,12,December,15,Afternoon Peak,Weekday
T20190024358,2019-12-04,07:20:00,1,Collision with vehicle,3,Wednesday,120,HEAD ON (NOT OVERTAKING),1,606870,Not at intersection,2,80,Arterial Other,KANGAROO GROUND-WARRANDYTE,NILLUMBIK,-37.70809,145.22336,2019,12,December,7,Morning Peak,Weekday
T20190024360,2019-12-04,09:00:00,1,Collision with vehicle,3,Wednesday,110,CROSS TRAFFIC(INTERSECTIONS ONLY),1,39978,Cross intersection,3,60,Local Road,LESLIE,HOBSONS BAY,-37.84105,144.86967,2019,12,December,9,Morning Peak,Weekday
T20190024361,2019-12-04,09:20:00,1,Collision with vehicle,3,Wednesday,148,VEHICLE OFF FOOTPATH STRIKES VEH ON CARRIAGEWAY,1,41802,T intersection,3,50,Arterial Highway,SPRINGVALE,MONASH,-37.890697,145.16386,2019,12,December,9,Morning Peak,Weekday
T20190024363,2019-12-04,09:40:00,1,Collision with vehicle,3,Wednesday,163,VEHICLE STRIKES DOOR OF PARKED/STATIONARY VEHICLE,1,607548,Not at intersection,2,40,Local Road,LA TROBE,MELBOURNE,-37.813374,144.9507,2019,12,December,9,Morning Peak,Weekday
T20190024364,2019-12-04,07:15:00,1,Collision with vehicle,3,Wednesday,110,CROSS TRAFFIC(INTERSECTIONS ONLY),1,22631,Cross intersection,2,100,Local Road,FIFTH,MILDURA,-34.181545,142.0175,2019,12,December,7,Morning Peak,Weekday
T20190024370,2019-12-04,06:55:00,1,Collision with vehicle,3,Wednesday,132,RIGHT REAR.,1,608756,Not at intersection,3,60,Local Road,CHARLESTON,BENDIGO,-36.753265,144.29314,2019,12,December,6,Morning Peak,Weekday
T20190024372,2019-12-04,07:39:00,6,Vehicle overturned (no collision),3,Wednesday,170,OFF CARRIAGEWAY TO LEFT,1,606871,Not at intersection,2,80,Arterial Other,EPPING-KILMORE,MITCHELL,-37.39501,145.02734,2019,12,December,7,Morning Peak,Weekday
T20190024376,2019-12-04,09:15:00,4,Collision with a fixed object,3,Wednesday,175,OFF END OF ROAD/T-INTERSECTION.,1,657181,T intersection,3,30,Local Road,BRETONNEUX,MITCHELL,-37.018642,145.13959,2019,12,December,9,Morning Peak,Weekday
T20190024670,2019-12-04,09:47:00,1,Collision with vehicle,3,Wednesday,130,REAR END(VEHICLES IN SAME LANE),1,621160,Not at intersection,2,60,Arterial Highway,NEPEAN,KINGSTON,-38.034065,145.10587,2019,12,December,9,Morning Peak,Weekday
T20190024546,2019-12-04,17:00:00,1,Collision with vehicle,3,Wednesday,130,REAR END(VEHICLES IN SAME LANE),1,42546,T intersection,3,60,Arterial Other,PASCOE VALE,HUME,-37.691143,144.91557,2019,12,December,17,Afternoon Peak,Weekday
T20190024849,2019-12-04,09:00:00,1,Collision with vehicle,3,Wednesday,140,U TURN,9,608158,Not at intersection,3,50,Local Road,MATTHEW FLINDERS,CASEY,-37.979057,145.2572,2019,12,December,9,Morning Peak,Weekday
T20190025776,2019-12-04,17:25:00,1,Collision with vehicle,3,Wednesday,121,RIGHT THROUGH,1,278622,T intersection,3,60,Local Road,OHERNS,WHITTLESEA,-37.63635,145.0148,2019,12,December,17,Afternoon Peak,Weekday
T20190024432,2019-12-04,21:55:00,2,Struck Pedestrian,3,Wednesday,100,PED NEAR SIDE. PED HIT BY VEHICLE FROM THE RIGHT.,5,47145,T intersection,2,60,Arterial Other,CANTERBURY,WHITEHORSE,-37.831326,145.14394,2019,12,December,21,Night,Weekday
T20190024434,2019-12-04,16:00:00,1,Collision with vehicle,3,Wednesday,130,REAR END(VEHICLES IN SAME LANE),1,608468,Not at intersection,2,80,Arterial Other,PRINCES,CARDINIA,-38.065205,145.46562,2019,12,December,16,Afternoon Peak,Weekday
T20190024436,2019-12-04,20:50:00,1,Collision with vehicle,3,Wednesday,121,RIGHT THROUGH,3,40653,Cross intersection,3,60,Arterial Other,HUNTINGDALE,MONASH,-37.867928,145.11171,2019,12,December,20,Night,Weekday
T20190024399,2019-12-04,15:41:00,1,Collision with vehicle,3,Wednesday,130,REAR END(VEHICLES IN SAME LANE),1,610761,Unknown,2,80,Freeway,CALDER,BRIMBANK,-37.723778,144.84444,2019,12,December,15,Afternoon Peak,Weekday
T20190024405,2019-12-04,10:36:00,4,Collision with a fixed object,3,Wednesday,171,LEFT OFF CARRIAGEWAY INTO OBJECT/PARKED VEHICLE,1,652085,Not at intersection,2,60,Local Road,MERTON,HOBSONS BAY,-37.87912,144.77654,2019,12,December,10,Midday,Weekday
T20190024439,2019-12-04,20:24:00,1,Collision with vehicle,3,Wednesday,120,HEAD ON (NOT OVERTAKING),1,617615,Not at intersection,2,50,Local Road,DAVISSON,WHITTLESEA,-37.64929,145.02992,2019,12,December,20,Night,Weekday
T20190024411,2019-12-04,16:30:00,1,Collision with vehicle,3,Wednesday,133,LANE SIDE SWIPE (VEHICLES IN PARALLEL LANES),1,625775,Not at intersection,2,60,Arterial Other,WILLIAMS,STONNINGTON,-37.83696,145.0054,2019,12,December,16,Afternoon Peak,Weekday
T20190024415,2019-12-04,18:51:00,2,Struck Pedestrian,3,Wednesday,100,PED NEAR SIDE. PED HIT BY VEHICLE FROM THE RIGHT.,1,35349,Cross intersection,2,40,Arterial Other,SPENCER,MELBOURNE,-37.8211,144.95508,2019,12,December,18,Afternoon Peak,Weekday
T20190024511,2019-12-05,14:40:00,1,Collision with vehicle,4,Thursday,113,RIGHT NEAR (INTERSECTIONS ONLY),1,37910,Cross intersection,3,60,Arterial Other,HIGH,DAREBIN,-37.782124,144.99648,2019,12,December,14,Midday,Weekday
T20190024513,2019-12-05,16:38:00,1,Collision with vehicle,4,Thursday,130,REAR END(VEHICLES IN SAME LANE),1,607554,Not at intersection,3,70,Arterial Highway,BURWOOD,WHITEHORSE,-37.854473,145.16705,2019,12,December,16,Afternoon Peak,Weekday
T20190024514,2019-12-05,17:00:00,1,Collision with vehicle,4,Thursday,121,RIGHT THROUGH,1,655311,Not at intersection,3,40,Arterial Other,UPPER HEIDELBERG,BANYULE,-37.76636,145.04541,2019,12,December,17,Afternoon Peak,Weekday
T20190024515,2019-12-05,15:40:00,4,Collision with a fixed object,4,Thursday,179,OTHER ACCIDENTS-OFF STRAIGHT NOT INCLUDED IN DCAs 170-175,1,728877,Not at intersection,3,60,Local Road,HOWITT,EAST GIPPSLAND,-37.811436,147.62358,2019,12,December,15,Afternoon Peak,Weekday
T20190025140,2019-12-05,07:30:00,1,Collision with vehicle,4,Thursday,132,RIGHT REAR.,1,609056,Not at intersection,2,60,Arterial Other,MT ALEXANDER,MOONEE VALLEY,-37.781815,144.93309,2019,12,December,7,Morning Peak,Weekday
T20200009119,2019-12-05,14:00:00,1,Collision with vehicle,4,Thursday,134,LANE CHANGE RIGHT (NOT OVERTAKING),1,755598,Not at intersection,2,100,Freeway,WESTERN RING,BRIMBANK,-37.768143,144.81181,2019,12,December,14,Midday,Weekday
T20190024606,2019-12-05,16:45:00,1,Collision with vehicle,4,Thursday,143,ENTERING PARKING,1,622045,Not at intersection,2,40,Arterial Other,STATION,DAREBIN,-37.778187,145.01826,2019,12,December,16,Afternoon Peak,Weekday
T20190024663,2019-12-05,08:30:00,1,Collision with vehicle,4,Thursday,121,RIGHT THROUGH,1,39539,T intersection,2,70,Arterial Other,MITCHAM,MANNINGHAM,-37.80405,145.18925,2019,12,December,8,Morning Peak,Weekday
T20190024517,2019-12-05,14:15:00,2,Struck Pedestrian,4,Thursday,100,PED NEAR SIDE. PED HIT BY VEHICLE FROM THE RIGHT.,1,36489,Cross intersection,3,40,Local Road,BRUNSWICK,YARRA,-37.794735,144.97908,2019,12,December,14,Midday,Weekday
T20190024973,2019-12-05,08:30:00,1,Collision with vehicle,4,Thursday,130,REAR END(VEHICLES IN SAME LANE),1,654628,Not at intersection,3,60,Local Road,WHITELAW,BALLARAT,-37.580505,143.82558,2019,12,December,8,Morning Peak,Weekday
T20190024518,2019-12-05,16:48:00,1,Collision with vehicle,4,Thursday,120,HEAD ON (NOT OVERTAKING),1,607555,Not at intersection,2,60,Arterial Highway,HAMILTON,GOLDEN PLAINS,-38.10194,144.0509,2019,12,December,16,Afternoon Peak,Weekday