ACCIDENT_NO,ACCIDENT_DATE,ACCIDENT_TIME,ACCIDENT_TYPE,ACCIDENT_TYPE_DESC,DAY_OF_WEEK,DAY_WEEK_DESC,DCA_CODE,DCA_DESC,LIGHT_CONDITION,NODE_ID,ROAD_GEOMETRY_DESC,SEVERITY,SPEED_ZONE,RMA,ROAD_NAME,LGA_NAME,LATITUDE,LONGITUDE,YEAR,MONTH,MONTH_NAME,HOUR,TIME_PERIOD,DAY_TYPE
T20190024615,2019-12-05,22:00:00,1,Collision with vehicle,4,Thursday,130,REAR END(VEHICLES IN SAME LANE),3,607702,Not at intersection,3,60,Arterial Other,FAIRFIELD-RESERVOIR,DAREBIN,-37.747955,145.02167,2019,12,December,22,Night,Weekday
T20190024798,2019-12-05,06:20:00,1,Collision with vehicle,4,Thursday,137,LEFT TURN SIDESWIPE,2,654627,T intersection,3,60,Arterial Other,JELLS,MONASH,-37.91309,145.18794,2019,12,December,6,Morning Peak,Weekday
T20190024492,2019-12-05,07:59:00,1,Collision with vehicle,4,Thursday,121,RIGHT THROUGH,1,337583,Y intersection,3,80,Arterial Other,MELBOURNE-LANCEFIELD,HUME,-37.596916,144.75874,2019,12,December,7,Morning Peak,Weekday
T20190025621,2019-12-05,16:20:00,1,Collision with vehicle,4,Thursday,163,VEHICLE STRIKES DOOR OF PARKED/STATIONARY VEHICLE,1,660208,Not at intersection,3,50,Local Road,ST KILDA,MELBOURNE,-37.819168,144.96823,2019,12,December,16,Afternoon Peak,Weekday
T20190024494,2019-12-05,12:38:00,1,Collision with vehicle,4,Thursday,146,REVERSING INTO FIXED OBJECT/PARKED VEHICLE,1,656652,Not at intersection,3,30,Local Road,SOUTH,BAYSIDE,-37.986347,145.03345,2019,12,December,12,Midday,Weekday
T20200005019,2019-12-05,19:50:00,1,Collision with vehicle,4,Thursday,130,REAR END(VEHICLES IN SAME LANE),3,773351,Not at intersection,2,80,Arterial Highway,PRINCES,LATROBE,-38.20427,146.51491,2019,12,December,19,Night,Weekday
T20200006125,2019-12-05,16:37:00,1,Collision with vehicle,4,Thursday,134,LANE CHANGE RIGHT (NOT OVERTAKING),1,779811,Not at intersection,3,100,Freeway,PRINCES,GEELONG,-38.034397,144.4219,2019,12,December,16,Afternoon Peak,Weekday
T20190024464,2019-12-05,09:15:00,1,Collision with vehicle,4,Thursday,111,RIGHT FAR (INTERSECTIONS ONLY),1,49416,Cross intersection,3,40,Local Road,BOTANIC,WARRNAMBOOL,-38.3732,142.48749,2019,12,December,9,Morning Peak,Weekday
T20190024449,2019-12-05,04:39:00,4,Collision with a fixed object,4,Thursday,181,OFF RIGHT BEND INTO OBJECT/PARKED VEHICLE,5,656069,Not at intersection,2,60,Arterial Other,CROYDON,MANNINGHAM,-37.762833,145.2358,2019,12,December,4,Late Night,Weekday
T20190024878,2019-12-05,22:15:00,1,Collision with vehicle,4,Thursday,110,CROSS TRAFFIC(INTERSECTIONS ONLY),3,52868,Cross intersection,3,50,Arterial Other,MAIR,BALLARAT,-37.560707,143.86617,2019,12,December,22,Night,Weekday
T20190024446,2019-12-05,03:30:00,1,Collision with vehicle,4,Thursday,133,LANE SIDE SWIPE (VEHICLES IN PARALLEL LANES),5,645354,Not at intersection,2,80,Arterial Other,DUNCANS,WYNDHAM,-37.9314,144.70576,2019,12,December,3,Late Night,Weekday
T20190024452,2019-12-05,07:35:00,1,Collision with vehicle,4,Thursday,121,RIGHT THROUGH,1,40351,T intersection,2,60,Arterial Other,TOORONGA,STONNINGTON,-37.856857,145.04144,2019,12,December,7,Morning Peak,Weekday
T20190024453,2019-12-05,07:20:00,1,Collision with vehicle,4,Thursday,121,RIGHT THROUGH,1,607172,Not at intersection,3,60,Local Road,HAMMOND,DANDENONG,-38.003082,145.20795,2019,12,December,7,Morning Peak,Weekday
T20190024460,2019-12-05,10:10:00,1,Collision with vehicle,4,Thursday,121,RIGHT THROUGH,1,44850,T intersection,3,60,Arterial Other,MAIN,NILLUMBIK,-37.70393,145.16013,2019,12,December,10,Midday,Weekday
T20190024472,2019-12-05,11:44:00,1,Collision with vehicle,4,Thursday,113,RIGHT NEAR (INTERSECTIONS ONLY),1,263376,T intersection,2,70,Arterial Other,HIGH,MELTON,-37.689953,144.60342,2019,12,December,11,Midday,Weekday
T20190024447,2019-12-05,05:12:00,1,Collision with vehicle,4,Thursday,110,CROSS TRAFFIC(INTERSECTIONS ONLY),2,45517,Cross intersection,2,100,Arterial Other,MELTON,MELTON,-37.68716,144.69717,2019,12,December,5,Morning Peak,Weekday
T20190024523,2019-12-05,15:50:00,7,Fall from or in moving vehicle,4,Thursday,190,FELL IN/FROM VEHICLE,1,81265,Cross intersection,2,40,Arterial Other,TOORAK,STONNINGTON,-37.84127,145.01047,2019,12,December,15,Afternoon Peak,Weekday
T20190024524,2019-12-05,18:40:00,1,Collision with vehicle,4,Thursday,130,REAR END(VEHICLES IN SAME LANE),9,654625,Cross intersection,3,60,Arterial Highway,WARRIGAL,KINGSTON,-37.924107,145.08244,2019,12,December,18,Afternoon Peak,Weekday
T20190024525,2019-12-05,14:50:00,2,Struck Pedestrian,4,Thursday,102,FAR SIDE. PED HIT BY VEHICLE FROM THE LEFT,1,651447,Cross intersection,1,60,Arterial Other,MAIN,BRIMBANK,-37.744118,144.799,2019,12,December,14,Midday,Weekday
T20190024475,2019-12-05,11:05:00,1,Collision with vehicle,4,Thursday,113,RIGHT NEAR (INTERSECTIONS ONLY),1,607176,T intersection,2,80,Local Road,GOVE,DANDENONG,-37.938137,145.16193,2019,12,December,11,Midday,Weekday
T20190024526,2019-12-05,17:30:00,1,Collision with vehicle,4,Thursday,135,LANE CHANGE LEFT (NOT OVERTAKING),1,607179,Not at intersection,2,70,Arterial Other,MICKLEHAM,HUME,-37.686996,144.88263,2019,12,December,17,Afternoon Peak,Weekday
T20190025670,2019-12-05,16:30:00,1,Collision with vehicle,4,Thursday,132,RIGHT REAR.,1,58944,T intersection,3,50,Local Road,ORWELL,WANGARATTA,-36.350056,146.30806,2019,12,December,16,Afternoon Peak,Weekday
T20190024528,2019-12-05,19:44:00,1,Collision with vehicle,4,Thursday,113,RIGHT NEAR (INTERSECTIONS ONLY),2,38606,T intersection,3,80,Arterial Highway,GEELONG,MARIBYRNONG,-37.812634,144.86406,2019,12,December,19,Night,Weekday
T20190024533,2019-12-05,18:00:00,1,Collision with vehicle,4,Thursday,121,RIGHT THROUGH,1,358794,Not at intersection,2,80,Arterial Highway,DANDENONG VALLEY,KNOX,-37.900887,145.23396,2019,12,December,18,Afternoon Peak,Weekday
T20190024537,2019-12-05,18:25:00,1,Collision with vehicle,4,Thursday,110,CROSS TRAFFIC(INTERSECTIONS ONLY),1,610462,Cross intersection,2,50,Arterial Other,LAWRENCE,PYRENEES,-37.431442,143.38344,2019,12,December,18,Afternoon Peak,Weekday
T20190024539,2019-12-05,20:40:00,4,Collision with a fixed object,4,Thursday,181,OFF RIGHT BEND INTO OBJECT/PARKED VEHICLE,2,657938,Not at intersection,2,50,Local Road,HAUNTED HILLS,LATROBE,-38.191776,146.28682,2019,12,December,20,Night,Weekday
T20190024540,2019-12-05,21:30:00,4,Collision with a fixed object,4,Thursday,183,OFF LEFT BEND INTO OBJECT/PARKED VEHICLE,2,611465,Not at intersection,3,80,Local Road,PATERSONS,SOUTH GIPPSLAND,-38.338024,145.69447,2019,12,December,21,Night,Weekday
T20190024462,2019-12-05,08:20:00,1,Collision with vehicle,4,Thursday,130,REAR END(VEHICLES IN SAME LANE),1,662476,Not at intersection,3,60,Arterial Other,BUCKLEY,MOONEE VALLEY,-37.754726,144.89674,2019,12,December,8,Morning Peak,Weekday
T20190024842,2019-12-05,14:00:00,1,Collision with vehicle,4,Thursday,132,RIGHT REAR.,9,49668,T intersection,3,60,Arterial Highway,PURNELL,GEELONG,-38.075325,144.36829,2019,12,December,14,Midday,Weekday
T20190024542,2019-12-05,21:26:00,4,Collision with a fixed object,4,Thursday,183,OFF LEFT BEND INTO OBJECT/PARKED VEHICLE,3,607309,Not at intersection,1,50,Local Road,CARRINGTON,FRANKSTON,-38.10371,145.19588,2019,12,December,21,Night,Weekday
T20190024543,2019-12-05,22:10:00,1,Collision with vehicle,4,Thursday,121,RIGHT THROUGH,3,45180,Cross intersection,3,50,Arterial Highway,WYNDHAM,SHEPPARTON,-36.383156,145.39891,2019,12,December,22,Night,Weekday
T20190024544,2019-12-05,21:40:00,1,Collision with vehicle,4,Thursday,121,RIGHT THROUGH,3,56625,Cross intersection,2,60,Local Road,LEAKES,WYNDHAM,-37.83203,144.67287,2019,12,December,21,Night,Weekday
T20190024545,2019-12-05,22:40:00,1,Collision with vehicle,4,Thursday,130,REAR END(VEHICLES IN SAME LANE),3,654626,Not at intersection,2,40,Freeway,MONASH,STONNINGTON,-37.851833,145.05214,2019,12,December,22,Night,Weekday
T20190024554,2019-12-05,21:30:00,4,Collision with a fixed object,4,Thursday,171,LEFT OFF CARRIAGEWAY INTO OBJECT/PARKED VEHICLE,3,631532,Not at intersection,2,80,Local Road,HENDERSONS,MORNINGTON PENINSULA,-38.30645,145.167,2019,12,December,21,Night,Weekday
T20190024558,2019-12-05,16:35:00,1,Collision with vehicle,4,Thursday,121,RIGHT THROUGH,1,52896,Cross intersection,3,60,Local Road,EUREKA,BALLARAT,-37.565304,143.87628,2019,12,December,16,Afternoon Peak,Weekday
T20200000448,2019-12-05,17:45:00,1,Collision with vehicle,4,Thursday,121,RIGHT THROUGH,1,619372,Multiple intersection,3,60,Arterial Other,PACIFIC,WHITEHORSE,-37.833748,145.16309,2019,12,December,17,Afternoon Peak,Weekday
T20190024490,2019-12-05,01:45:00,4,Collision with a fixed object,4,Thursday,171,LEFT OFF CARRIAGEWAY INTO OBJECT/PARKED VEHICLE,3,654624,Not at intersection,3,80,Freeway,MICKLEHAM-TULLAMARINE IN,HUME,-37.689888,144.88246,2019,12,December,1,Late Night,Weekday
T20190024574,2019-12-05,18:00:00,1,Collision with vehicle,4,Thursday,121,RIGHT THROUGH,1,35307,Cross intersection,2,60,Local Road,HOWARD,MELBOURNE,-37.805626,144.95369,2019,12,December,18,Afternoon Peak,Weekday
T20190024594,2019-12-06,13:50:00,1,Collision with vehicle,5,Friday,121,RIGHT THROUGH,1,346616,Multiple intersection,3,80,Freeway,PRINCES,CASEY,-38.02835,145.32202,2019,12,December,13,Midday,Weekday
T20190024597,2019-12-06,14:39:00,4,Collision with a fixed object,5,Friday,171,LEFT OFF CARRIAGEWAY INTO OBJECT/PARKED VEHICLE,1,141578,Not at intersection,2,60,Local Road,MCCLELLAND,FRANKSTON,-38.12259,145.1904,2019,12,December,14,Midday,Weekday
T20200006772,2019-12-06,18:30:00,3,Struck animal,5,Friday,167,STRUCK ANIMAL,1,642213,Not at intersection,2,100,Local Road,NAGAMBIE-RUSHWORTH,CAMPASPE,-36.6005,145.02109,2019,12,December,18,Afternoon Peak,Weekday
T20190024599,2019-12-06,07:00:00,1,Collision with vehicle,5,Friday,130,REAR END(VEHICLES IN SAME LANE),1,621752,Not at intersection,3,80,Arterial Other,HUME,HUME,-37.640125,144.95093,2019,12,December,7,Morning Peak,Weekday
T20190024605,2019-12-06,14:49:00,1,Collision with vehicle,5,Friday,132,RIGHT REAR.,1,607701,Cross intersection,3,70,Arterial Highway,NORTH,MONASH,-37.913975,145.12189,2019,12,December,14,Midday,Weekday
T20190024610,2019-12-06,16:30:00,4,Collision with a fixed object,5,Friday,183,OFF LEFT BEND INTO OBJECT/PARKED VEHICLE,1,656564,Not at intersection,3,100,Local Road,MOYSTON-DUNKELD,ARARAT,-37.32418,142.71277,2019,12,December,16,Afternoon Peak,Weekday
T20190024612,2019-12-06,19:00:00,1,Collision with vehicle,5,Friday,110,CROSS TRAFFIC(INTERSECTIONS ONLY),2,44594,Cross intersection,3,60,Arterial Highway,SKIPTON,BALLARAT,-37.579613,143.84206,2019,12,December,19,Night,Weekday
T20190024616,2019-12-06,15:55:00,1,Collision with vehicle,5,Friday,120,HEAD ON (NOT OVERTAKING),1,624819,Not at intersection,3,70,Arterial Other,MACEDON,HUME,-37.583794,144.74161,2019,12,December,15,Afternoon Peak,Weekday
T20190024865,2019-12-06,16:10:00,1,Collision with vehicle,5,Friday,120,HEAD ON (NOT OVERTAKING),1,650544,Not at intersection,2,80,Local Road,WORSLEY,DANDENONG,-38.04128,145.18665,2019,12,December,16,Afternoon Peak,Weekday
T20200001536,2019-12-06,17:20:00,1,Collision with vehicle,5,Friday,121,RIGHT THROUGH,1,321313,T intersection,3,80,Arterial Other,SANDFORD,WANGARATTA,-36.37144,146.28973,2019,12,December,17,Afternoon Peak,Weekday
T20190024622,2019-12-06,18:30:00,2,Struck Pedestrian,5,Friday,109,ANY MANOEUVRE INVOLVING PED NOT INCLUDED IN DCAs 100-108.,1,663046,Not at intersection,2,50,Local Road,BALMORAL,MORELAND,-37.740044,144.94124,2019,12,December,18,Afternoon Peak,Weekday
T20190025456,2019-12-06,09:25:00,1,Collision with vehicle,5,Friday,147,VEHICLE STRIKES ANOTHER VEH WHILE EMERGING FROM DRIVEWAY,1,656646,Not at intersection,3,60,Arterial Other,BALLARAT,MARIBYRNONG,-37.78746,144.88028,2019,12,December,9,Morning Peak,Weekday
T20190025922,2019-12-06,23:30:00,1,Collision with vehicle,5,Friday,130,REAR END(VEHICLES IN SAME LANE),9,729107,Not at intersection,3,60,Arterial Other,SPENCER,MELBOURNE,-37.814896,144.95222,2019,12,December,23,Night,Weekday
T20190024626,2019-12-06,19:50:00,2,Struck Pedestrian,5,Friday,102,FAR SIDE. PED HIT BY VEHICLE FROM THE LEFT,1,607700,Not at intersection,2,60,Arterial Other,WAVERLEY,MOONEE VALLEY,-37.762184,144.90608,2019,12,December,19,Night,Weekday
T20190024629,2019-12-06,17:29:00,1,Collision with vehicle,5,Friday,137,LEFT TURN SIDESWIPE,1,611604,T intersection,2,40,Arterial Other,MT ALEXANDER,MOONEE VALLEY,-37.76885,144.92546,2019,12,December,17,Afternoon Peak,Weekday
T20190024630,2019-12-06,17:18:00,1,Collision with vehicle,5,Friday,130,REAR END(VEHICLES IN SAME LANE),1,608148,Not at intersection,3,70,Arterial Highway,TORQUAY,GEELONG,-38.19817,144.34193,2019,12,December,17,Afternoon Peak,Weekday
T20190025150,2019-12-06,11:30:00,1,Collision with vehicle,5,Friday,111,RIGHT FAR (INTERSECTIONS ONLY),1,19512,Cross intersection,3,100,Arterial Other,BENDIGO-MURCHISON ROAD -MITCHELL,CAMPASPE,-36.590366,144.80986,2019,12,December,11,Midday,Weekday
T20190024635,2019-12-06,23:13:00,2,Struck Pedestrian,5,Friday,100,PED NEAR SIDE. PED HIT BY VEHICLE FROM THE RIGHT.,3,608149,Not at intersection,2,40,Arterial Other,SWAN,YARRA,-37.82541,144.99547,2019,12,December,23,Night,Weekday
T20190024640,2019-12-06,22:05:00,1,Collision with vehicle,5,Friday,173,RIGHT OFF CARRIAGEWAY INTO OBJECT/PARKED VEHICLE,5,613860,Not at intersection,3,100,Freeway,HUME,WHITTLESEA,-37.62845,144.99387,2019,12,December,22,Night,Weekday
T20190024642,2019-12-06,21:59:00,4,Collision with a fixed object,5,Friday,183,OFF LEFT BEND INTO OBJECT/PARKED VEHICLE,2,631716,Not at intersection,2,50,Local Road,ASHTON,BRIMBANK,-37.745026,144.82458,2019,12,December,21,Night,Weekday
T20190024547,2019-12-06,00:00:00,4,Collision with a fixed object,5,Friday,181,OFF RIGHT BEND INTO OBJECT/PARKED VEHICLE,3,631531,Unknown,2,60,Arterial Other,CANTERBURY,MAROONDAH,-37.82566,145.24861,2019,12,December,0,Late Night,Weekday
T20190024653,2019-12-06,08:50:00,1,Collision with vehicle,5,Friday,147,VEHICLE STRIKES ANOTHER VEH WHILE EMERGING FROM DRIVEWAY,1,656644,Not at intersection,3,50,Local Road,NELL,BANYULE,-37.707245,145.08134,2019,12,December,8,Morning Peak,Weekday
T20190024734,2019-12-06,13:55:00,4,Collision with a fixed object,5,Friday,171,LEFT OFF CARRIAGEWAY INTO OBJECT/PARKED VEHICLE,1,64852,T intersection,3,60,Arterial Other,BALLARAT,MARIBYRNONG,-37.79035,144.8874,2019,12,December,13,Midday,Weekday
T20190024552,2019-12-06,06:15:00,4,Collision with a fixed object,5,Friday,175,OFF END OF ROAD/T-INTERSECTION.,1,641814,T intersection,2,40,Local Road,MURPHY,YARRA,-37.818127,145.01071,2019,12,December,6,Morning Peak,Weekday
T20190025059,2019-12-06,13:30:00,7,Fall from or in moving vehicle,5,Friday,190,FELL IN/FROM VEHICLE,1,653540,Cross intersection,3,50,Local Road,TILBA,MOONEE VALLEY,-37.762207,144.89749,2019,12,December,13,Midday,Weekday
T20190024555,2019-12-06,07:50:00,1,Collision with vehicle,5,Friday,110,CROSS TRAFFIC(INTERSECTIONS ONLY),1,44092,Cross intersection,3,80,Arterial Other,COOLART,MORNINGTON PENINSULA,-38.338818,145.1456,2019,12,December,7,Morning Peak,Weekday
T20190024556,2019-12-06,08:55:00,1,Collision with vehicle,5,Friday,152,PULLING OUT (OVERTAKING),1,40110,T intersection,2,50,Local Road,GREEVES,PORT PHILLIP,-37.864315,144.98346,2019,12,December,8,Morning Peak,Weekday
T20190024614,2019-12-06,15:15:00,1,Collision with vehicle,5,Friday,133,LANE SIDE SWIPE (VEHICLES IN PARALLEL LANES),1,607562,Multiple intersection,3,60,Arterial Other,ELIZABETH,MELBOURNE,-37.801678,144.95746,2019,12,December,15,Afternoon Peak,Weekday
T20190024592,2019-12-06,13:30:00,1,Collision with vehicle,5,Friday,120,HEAD ON (NOT OVERTAKING),1,610158,Not at intersection,2,100,Arterial Other,TONE,WANGARATTA,-36.3827,146.28548,2019,12,December,13,Midday,Weekday
T20190024566,2019-12-06,11:05:00,1,Collision with vehicle,5,Friday,110,CROSS TRAFFIC(INTERSECTIONS ONLY),1,44609,Cross intersection,3,60,Arterial Other,MAIN,BALLARAT,-37.569946,143.87057,2019,12,December,11,Midday,Weekday
T20190024593,2019-12-06,14:24:00,1,Collision with vehicle,5,Friday,130,REAR END(VEHICLES IN SAME LANE),1,15435,Multiple intersection,3,60,Arterial Highway,SURF COAST,GEELONG,-38.19567,144.3424,2019,12,December,14,Midday,Weekday
T20190024569,2019-12-06,11:10:00,1,Collision with vehicle,5,Friday,160,VEHICLE COLLIDES WITH VEHICLE PARKED ON LEFT OF ROAD,1,607559,Not at intersection,3,50,Local Road,BELLE VUE,GEELONG,-38.172523,144.32423,2019,12,December,11,Midday,Weekday
T20190024570,2019-12-06,13:05:00,1,Collision with vehicle,5,Friday,130,REAR END(VEHICLES IN SAME LANE),1,608146,Not at intersection,2,80,Arterial Highway,SOUTH GIPPSLAND,CASEY,-38.07426,145.27132,2019,12,December,13,Midday,Weekday
T20190024571,2019-12-06,13:24:00,1,Collision with vehicle,5,Friday,135,LANE CHANGE LEFT (NOT OVERTAKING),1,35316,Cross intersection,3,50,Local Road,CARDIGAN,MELBOURNE,-37.797,144.96608,2019,12,December,13,Midday,Weekday
T20190024572,2019-12-06,13:05:00,1,Collision with vehicle,5,Friday,130,REAR END(VEHICLES IN SAME LANE),1,607560,Not at intersection,3,70,Arterial Highway,SPRINGVALE,MONASH,-37.888996,145.16412,2019,12,December,13,Midday,Weekday
T20190024578,2019-12-06,12:51:00,1,Collision with vehicle,5,Friday,147,VEHICLE STRIKES ANOTHER VEH WHILE EMERGING FROM DRIVEWAY,1,615015,Not at intersection,3,50,Local Road,ADRIAN,HUME,-37.66043,144.96092,2019,12,December,12,Midday,Weekday
T20190024579,2019-12-06,14:52:00,1,Collision with vehicle,5,Friday,120,HEAD ON (NOT OVERTAKING),1,353192,T intersection,2,80,Arterial Other,CLYDE,CASEY,-38.057682,145.33865,2019,12,December,14,Midday,Weekday
T20200022748,2019-12-06,14:30:00,1,Collision with vehicle,5,Friday,131,LEFT REAR,1,670786,Not at intersection,3,60,Local Road,KOOYONG,GLEN EIRA,-37.88103,145.01595,2019,12,December,14,Midday,Weekday
T20190025364,2019-12-06,15:25:00,1,Collision with vehicle,5,Friday,133,LANE SIDE SWIPE (VEHICLES IN PARALLEL LANES),1,662477,Not at intersection,2,100,Freeway,PRINCES,CASEY,-38.049126,145.35098,2019,12,December,15,Afternoon Peak,Weekday
T20190024585,2019-12-06,14:00:00,5,collision with some other object,5,Friday,171,LEFT OFF CARRIAGEWAY INTO OBJECT/PARKED VEHICLE,1,656563,Not at intersection,3,100,Local Road,BONN,CAMPASPE,-36.401867,144.69911,2019,12,December,14,Midday,Weekday
T20190024586,2019-12-06,10:50:00,1,Collision with vehicle,5,Friday,130,REAR END(VEHICLES IN SAME LANE),1,611321,T intersection,3,70,Arterial Other,BALLARAT,BRIMBANK,-37.770195,144.77466,2019,12,December,10,Midday,Weekday
T20190024591,2019-12-06,13:30:00,1,Collision with vehicle,5,Friday,132,RIGHT REAR.,1,42575,T intersection,3,80,Arterial Highway,PRINCES,DANDENONG,-37.95254,145.17838,2019,12,December,13,Midday,Weekday
T20190024645,2019-12-07,02:40:00,4,Collision with a fixed object,6,Saturday,173,RIGHT OFF CARRIAGEWAY INTO OBJECT/PARKED VEHICLE,3,59514,Cross intersection,3,60,Local Road,BRACEWELL,BENDIGO,-36.724968,144.24269,2019,12,December,2,Late Night,Weekend
T20190024644,2019-12-07,02:39:00,4,Collision with a fixed object,6,Saturday,171,LEFT OFF CARRIAGEWAY INTO OBJECT/PARKED VEHICLE,3,608150,Not at intersection,3,60,Arterial Other,HEATHERTON,DANDENONG,-37.96258,145.15369,2019,12,December,2,Late Night,Weekend
T20190024643,2019-12-07,02:00:00,1,Collision with vehicle,6,Saturday,113,RIGHT NEAR (INTERSECTIONS ONLY),3,43655,T intersection,2,70,Arterial Other,OLD PRINCES,CARDINIA,-38.044044,145.36679,2019,12,December,2,Late Night,Weekend
T20190024641,2019-12-07,01:25:00,1,Collision with vehicle,6,Saturday,130,REAR END(VEHICLES IN SAME LANE),3,657750,Not at intersection,3,60,Arterial Other,CARLISLE,PORT PHILLIP,-37.86738,144.98279,2019,12,December,1,Late Night,Weekend
T20190024638,2019-12-07,00:14:00,4,Collision with a fixed object,6,Saturday,183,OFF LEFT BEND INTO OBJECT/PARKED VEHICLE,5,631719,Not at intersection,2,70,Arterial Other,MOUNT DANDENONG TOURIST,YARRA RANGES,-37.892357,145.32532,2019,12,December,0,Late Night,Weekend
T20190024637,2019-12-07,00:05:00,1,Collision with vehicle,6,Saturday,121,RIGHT THROUGH,3,795,Cross intersection,2,80,Arterial Highway,WELLINGTON,MONASH,-37.918484,145.1587,2019,12,December,0,Late Night,Weekend
T20190025647,2019-12-07,16:30:00,1,Collision with vehicle,6,Saturday,143,ENTERING PARKING,1,617334,Not at intersection,3,50,Arterial Highway,MOUNTJOY,SURF COAST,-38.537827,143.97508,2019,12,December,16,Afternoon Peak,Weekend
T20190024651,2019-12-07,05:00:00,4,Collision with a fixed object,6,Saturday,171,LEFT OFF CARRIAGEWAY INTO OBJECT/PARKED VEHICLE,5,651924,Not at intersection,2,100,Arterial Highway,MIDLAND,GOLDEN PLAINS,-37.941067,144.12448,2019,12,December,5,Morning Peak,Weekend
T20190024929,2019-12-07,17:20:00,6,Vehicle overturned (no collision),6,Saturday,184,OUT OF CONTROL ON CARRIAGEWAY (ON BEND),1,610465,Not at intersection,3,100,Local Road,DIAMOND HILL,BENDIGO,-36.838818,144.27992,2019,12,December,17,Afternoon Peak,Weekend
T20190024917,2019-12-07,13:00:00,4,Collision with a fixed object,6,Saturday,164,PERMANENT OBSTRUCTION ON CARRIAGEWAY,1,656753,Not at intersection,3,80,Local Road,OLD BALLARAT,HEPBURN,-37.303703,143.6843,2019,12,December,13,Midday,Weekend
T20190024846,2019-12-07,22:00:00,1,Collision with vehicle,6,Saturday,130,REAR END(VEHICLES IN SAME LANE),3,676721,Not at intersection,3,100,Freeway,WESTERN RING,BRIMBANK,-37.73982,144.85004,2019,12,December,22,Night,Weekend
T20190024829,2019-12-07,17:00:00,1,Collision with vehicle,6,Saturday,147,VEHICLE STRIKES ANOTHER VEH WHILE EMERGING FROM DRIVEWAY,1,608759,Not at intersection,3,80,Arterial Highway,BURWOOD,WHITEHORSE,-37.85263,145.15103,2019,12,December,17,Afternoon Peak,Weekend
T20190024790,2019-12-07,17:00:00,1,Collision with vehicle,6,Saturday,130,REAR END(VEHICLES IN SAME LANE),1,608154,Not at intersection,3,60,Arterial Other,HEATHS,WYNDHAM,-37.87656,144.65785,2019,12,December,17,Afternoon Peak,Weekend
T20190025866,2019-12-07,14:00:00,1,Collision with vehicle,6,Saturday,130,REAR END(VEHICLES IN SAME LANE),1,625147,Not at intersection,3,40,Local Road,MAIN,HUME,-37.593163,144.9142,2019,12,December,14,Midday,Weekend
T20190024733,2019-12-07,18:40:00,4,Collision with a fixed object,6,Saturday,181,OFF RIGHT BEND INTO OBJECT/PARKED VEHICLE,1,613719,Not at intersection,2,80,Local Road,PHEASANT CREEK,MURRINDINDI,-37.47371,145.29143,2019,12,December,18,Afternoon Peak,Weekend
T20190024726,2019-12-07,13:00:00,1,Collision with vehicle,6,Saturday,110,CROSS TRAFFIC(INTERSECTIONS ONLY),1,355539,Cross intersection,3,80,Arterial Highway,WENTWORTH,CASEY,-38.074173,145.27126,2019,12,December,13,Midday,Weekend
T20190024705,2019-12-07,23:32:00,1,Collision with vehicle,6,Saturday,110,CROSS TRAFFIC(INTERSECTIONS ONLY),3,353343,Cross intersection,2,60,Arterial Highway,PRINCES,DANDENONG,-37.947594,145.17258,2019,12,December,23,Night,Weekend
T20190024703,2019-12-07,04:49:00,4,Collision with a fixed object,6,Saturday,173,RIGHT OFF CARRIAGEWAY INTO OBJECT/PARKED VEHICLE,2,644729,Not at intersection,3,60,Arterial Other,ST GEORGES,DAREBIN,-37.741386,144.99892,2019,12,December,4,Late Night,Weekend
T20190024698,2019-12-07,18:45:00,4,Collision with a fixed object,6,Saturday,175,OFF END OF ROAD/T-INTERSECTION.,1,776878,T intersection,2,100,Arterial Other,MURRAY RIVER,TOWONG,-36.084274,147.31833,2019,12,December,18,Afternoon Peak,Weekend
T20190024694,2019-12-07,15:03:00,1,Collision with vehicle,6,Saturday,110,CROSS TRAFFIC(INTERSECTIONS ONLY),1,347749,Cross intersection,3,80,Arterial Other,CRAIGIEBURN ROAD -MICKLEHAM,HUME,-37.589813,144.8794,2019,12,December,15,Afternoon Peak,Weekend
T20190024688,2019-12-07,16:00:00,1,Collision with vehicle,6,Saturday,130,REAR END(VEHICLES IN SAME LANE),1,616464,Not at intersection,2,70,Arterial Highway,MELBOURNE,GEELONG,-38.127445,144.35191,2019,12,December,16,Afternoon Peak,Weekend
T20200002699,2019-12-07,04:59:00,6,Vehicle overturned (no collision),6,Saturday,199,UNKNOWN-NO DETAILS ON MANOEUVRES OF ROAD-USERS IN ACCIDENT,5,773248,Not at intersection,3,80,Local Road,IRVINGS,SOUTH GIPPSLAND,-38.491573,145.74477,2019,12,December,4,Late Night,Weekend
T20190024687,2019-12-07,16:25:00,4,Collision with a fixed object,6,Saturday,171,LEFT OFF CARRIAGEWAY INTO OBJECT/PARKED VEHICLE,1,619364,Not at intersection,2,100,Freeway,PENINSULA LINK,MORNINGTON PENINSULA,-38.200066,145.14185,2019,12,December,16,Afternoon Peak,Weekend