ACCIDENT_NO,ACCIDENT_DATE,ACCIDENT_TIME,ACCIDENT_TYPE,ACCIDENT_TYPE_DESC,DAY_OF_WEEK,DAY_WEEK_DESC,DCA_CODE,DCA_DESC,LIGHT_CONDITION,NODE_ID,ROAD_GEOMETRY_DESC,SEVERITY,SPEED_ZONE,RMA,ROAD_NAME,LGA_NAME,LATITUDE,LONGITUDE,YEAR,MONTH,MONTH_NAME,HOUR,TIME_PERIOD,DAY_TYPE
T20190024686,2019-12-07,15:35:00,1,Collision with vehicle,6,Saturday,116,LEFT NEAR (INTERSECTIONS ONLY),1,37132,T intersection,2,80,Arterial Other,THOMPSONS,CASEY,-38.08356,145.28705,2019,12,December,15,Afternoon Peak,Weekend
T20190024685,2019-12-07,14:30:00,4,Collision with a fixed object,6,Saturday,181,OFF RIGHT BEND INTO OBJECT/PARKED VEHICLE,1,658081,Not at intersection,2,100,Local Road,MAIN JINDIVICK,BAW BAW,-38.066105,145.89714,2019,12,December,14,Midday,Weekend
T20190024681,2019-12-07,13:00:00,8,No collision and no object struck,6,Saturday,184,OUT OF CONTROL ON CARRIAGEWAY (ON BEND),1,613299,Not at intersection,2,100,Local Road,BLUEGUM,MOORABOOL,-37.566235,144.43597,2019,12,December,13,Midday,Weekend
T20190024680,2019-12-07,15:00:00,1,Collision with vehicle,6,Saturday,130,REAR END(VEHICLES IN SAME LANE),1,51455,Cross intersection,3,50,Local Road,ALLAN,CAMPASPE,-36.313522,145.04738,2019,12,December,15,Afternoon Peak,Weekend
T20190024679,2019-12-07,15:00:00,2,Struck Pedestrian,6,Saturday,102,FAR SIDE. PED HIT BY VEHICLE FROM THE LEFT,1,607839,Not at intersection,3,40,Local Road,LOUISA,MORELAND,-37.7433,144.96498,2019,12,December,15,Afternoon Peak,Weekend
T20190024678,2019-12-07,14:10:00,1,Collision with vehicle,6,Saturday,130,REAR END(VEHICLES IN SAME LANE),1,50876,T intersection,2,50,Local Road,PARKERS,WODONGA,-36.121353,146.84906,2019,12,December,14,Midday,Weekend
T20190024675,2019-12-07,12:30:00,1,Collision with vehicle,6,Saturday,120,HEAD ON (NOT OVERTAKING),1,628021,Not at intersection,2,100,Local Road,GRANTVILLE-GLEN ALVIE,BASS COAST,-38.46457,145.61981,2019,12,December,12,Midday,Weekend
T20190024668,2019-12-07,06:30:00,1,Collision with vehicle,6,Saturday,133,LANE SIDE SWIPE (VEHICLES IN PARALLEL LANES),2,657310,Not at intersection,3,80,Arterial Other,MELTON,BRIMBANK,-37.701653,144.80032,2019,12,December,6,Morning Peak,Weekend
T20190024666,2019-12-07,11:30:00,1,Collision with vehicle,6,Saturday,110,CROSS TRAFFIC(INTERSECTIONS ONLY),1,63810,Cross intersection,3,60,Arterial Other,DAREBIN,DAREBIN,-37.76425,145.00876,2019,12,December,11,Midday,Weekend
T20190024648,2019-12-07,05:00:00,4,Collision with a fixed object,6,Saturday,171,LEFT OFF CARRIAGEWAY INTO OBJECT/PARKED VEHICLE,2,657197,Not at intersection,2,60,Local Road,WELLS,KINGSTON,-38.04483,145.14029,2019,12,December,5,Morning Peak,Weekend
T20190024647,2019-12-07,05:00:00,1,Collision with vehicle,6,Saturday,120,HEAD ON (NOT OVERTAKING),2,654758,Not at intersection,3,70,Arterial Other,BALLARTO,FRANKSTON,-38.112785,145.1583,2019,12,December,5,Morning Peak,Weekend
T20190024767,2019-12-08,17:30:00,6,Vehicle overturned (no collision),7,Sunday,180,OFF CARRIAGEWAY ON RIGHT BEND,1,626725,Not at intersection,3,80,Arterial Highway,HOPKINS,MOYNE,-38.278187,142.62462,2019,12,December,17,Afternoon Peak,Weekend
T20190024742,2019-12-08,10:50:00,6,Vehicle overturned (no collision),7,Sunday,179,OTHER ACCIDENTS-OFF STRAIGHT NOT INCLUDED IN DCAs 170-175,1,608758,Not at intersection,3,100,Local Road,HUGS,WELLINGTON,-37.899498,146.6145,2019,12,December,10,Midday,Weekend
T20190024747,2019-12-08,12:53:00,1,Collision with vehicle,7,Sunday,130,REAR END(VEHICLES IN SAME LANE),1,611040,Cross intersection,2,70,Arterial Highway,HODDLE,YARRA,-37.79991,144.99298,2019,12,December,12,Midday,Weekend
T20190025369,2019-12-08,15:55:00,2,Struck Pedestrian,7,Sunday,104,PED WALKING WITH TRAFFIC,1,631840,Not at intersection,2,60,Arterial Other,ANAKIE,GEELONG,-38.096897,144.3342,2019,12,December,15,Afternoon Peak,Weekend
T20190024739,2019-12-08,07:15:00,1,Collision with vehicle,7,Sunday,120,HEAD ON (NOT OVERTAKING),1,610159,Not at intersection,3,80,Local Road,NORTH,CASEY,-38.174423,145.26836,2019,12,December,7,Morning Peak,Weekend
T20190024743,2019-12-08,14:00:00,1,Collision with vehicle,7,Sunday,132,RIGHT REAR.,1,42673,Cross intersection,3,60,Arterial Highway,BELL,MORELAND,-37.74034,144.95668,2019,12,December,14,Midday,Weekend
T20200000904,2019-12-08,16:35:00,1,Collision with vehicle,7,Sunday,130,REAR END(VEHICLES IN SAME LANE),1,38800,Cross intersection,2,60,Arterial Highway,MORELAND,MARIBYRNONG,-37.807358,144.90414,2019,12,December,16,Afternoon Peak,Weekend
T20190024738,2019-12-08,13:00:00,1,Collision with vehicle,7,Sunday,130,REAR END(VEHICLES IN SAME LANE),1,654839,Unknown,3,80,Freeway,CITYLINK,MELBOURNE,-37.819107,144.93245,2019,12,December,13,Midday,Weekend
T20190024783,2019-12-08,21:32:00,1,Collision with vehicle,7,Sunday,116,LEFT NEAR (INTERSECTIONS ONLY),3,46350,T intersection,2,80,Arterial Highway,SOUTH GIPPSLAND,CASEY,-38.160824,145.31871,2019,12,December,21,Night,Weekend
T20190024765,2019-12-08,17:10:00,4,Collision with a fixed object,7,Sunday,181,OFF RIGHT BEND INTO OBJECT/PARKED VEHICLE,1,656660,Not at intersection,3,100,Arterial Other,DUNACH-EDDINGTON,CENTRAL GOLDFIELDS,-37.153366,143.75203,2019,12,December,17,Afternoon Peak,Weekend
T20190024757,2019-12-08,14:30:00,1,Collision with vehicle,7,Sunday,130,REAR END(VEHICLES IN SAME LANE),1,620864,Not at intersection,3,60,Arterial Other,CHESTERVILLE,KINGSTON,-37.960796,145.05655,2019,12,December,14,Midday,Weekend
T20190024732,2019-12-08,10:50:00,1,Collision with vehicle,7,Sunday,132,RIGHT REAR.,1,617759,T intersection,3,60,Arterial Other,MILITARY,MOONEE VALLEY,-37.765713,144.86348,2019,12,December,10,Midday,Weekend
T20190024728,2019-12-08,11:00:00,1,Collision with vehicle,7,Sunday,110,CROSS TRAFFIC(INTERSECTIONS ONLY),1,73590,Cross intersection,3,60,Local Road,POUND,COLAC OTWAY,-38.353935,143.5903,2019,12,December,11,Midday,Weekend
T20190024718,2019-12-08,04:50:00,1,Collision with vehicle,7,Sunday,120,HEAD ON (NOT OVERTAKING),2,43267,T intersection,2,80,Arterial Highway,SOUTH GIPPSLAND,DANDENONG,-38.01278,145.23122,2019,12,December,4,Late Night,Weekend
T20190024716,2019-12-08,02:20:00,1,Collision with vehicle,7,Sunday,130,REAR END(VEHICLES IN SAME LANE),3,41871,T intersection,2,80,Arterial Highway,STUD,KNOX,-37.889046,145.23288,2019,12,December,2,Late Night,Weekend
T20190024770,2019-12-08,18:29:00,1,Collision with vehicle,7,Sunday,113,RIGHT NEAR (INTERSECTIONS ONLY),1,293293,Cross intersection,2,60,Arterial Other,DONCASTER,MANNINGHAM,-37.788334,145.10484,2019,12,December,18,Afternoon Peak,Weekend
T20190025132,2019-12-08,09:50:00,5,collision with some other object,7,Sunday,191,LOAD OR MISSILE STRUCK VEHICLE,1,656657,Not at intersection,3,60,Arterial Highway,WARBURTON,YARRA RANGES,-37.755688,145.6742,2019,12,December,9,Morning Peak,Weekend
T20190024784,2019-12-08,22:23:00,1,Collision with vehicle,7,Sunday,130,REAR END(VEHICLES IN SAME LANE),3,613576,T intersection,2,80,Arterial Other,BALLARAT,BRIMBANK,-37.76666,144.76393,2019,12,December,22,Night,Weekend
T20190024750,2019-12-08,11:00:00,1,Collision with vehicle,7,Sunday,110,CROSS TRAFFIC(INTERSECTIONS ONLY),1,224428,Cross intersection,3,100,Arterial Highway,DANDENONG-HASTINGS,MORNINGTON PENINSULA,-38.252876,145.21469,2019,12,December,11,Midday,Weekend
T20190025127,2019-12-08,13:30:00,1,Collision with vehicle,7,Sunday,121,RIGHT THROUGH,1,40370,T intersection,2,60,Arterial Highway,TOORAK,BOROONDARA,-37.845432,145.04498,2019,12,December,13,Midday,Weekend
T20200022074,2019-12-08,17:00:00,1,Collision with vehicle,7,Sunday,163,VEHICLE STRIKES DOOR OF PARKED/STATIONARY VEHICLE,9,242837,Not at intersection,3,40,Local Road,CHAPEL,STONNINGTON,-37.8541,144.99295,2019,12,December,17,Afternoon Peak,Weekend
T20190024943,2019-12-08,19:30:00,4,Collision with a fixed object,7,Sunday,181,OFF RIGHT BEND INTO OBJECT/PARKED VEHICLE,2,608763,Not at intersection,3,100,Local Road,LINTON-PIGGOREET,GOLDEN PLAINS,-37.72464,143.62286,2019,12,December,19,Night,Weekend
T20190024756,2019-12-08,15:05:00,1,Collision with vehicle,7,Sunday,110,CROSS TRAFFIC(INTERSECTIONS ONLY),1,52869,Cross intersection,3,50,Arterial Other,STURT,BALLARAT,-37.561073,143.84894,2019,12,December,15,Afternoon Peak,Weekend
T20190024781,2019-12-08,21:16:00,2,Struck Pedestrian,7,Sunday,102,FAR SIDE. PED HIT BY VEHICLE FROM THE LEFT,3,243678,T intersection,2,60,Arterial Other,BAY,KINGSTON,-37.95716,145.04941,2019,12,December,21,Night,Weekend
T20190024745,2019-12-08,11:48:00,1,Collision with vehicle,7,Sunday,121,RIGHT THROUGH,1,306293,Cross intersection,2,80,Arterial Highway,DANDENONG,DANDENONG,-38.000008,145.1808,2019,12,December,11,Midday,Weekend
T20190024768,2019-12-08,17:20:00,1,Collision with vehicle,7,Sunday,140,U TURN,1,613575,Not at intersection,3,60,Arterial Other,MAIN,BALLARAT,-37.576443,143.86842,2019,12,December,17,Afternoon Peak,Weekend
T20190024755,2019-12-08,09:27:00,4,Collision with a fixed object,7,Sunday,151,OUT OF CONTROL (OVERTAKING),1,616465,Not at intersection,2,60,Local Road,HUME,MELTON,-37.711407,144.73132,2019,12,December,9,Morning Peak,Weekend
T20190024815,2019-12-08,16:20:00,1,Collision with vehicle,7,Sunday,111,RIGHT FAR (INTERSECTIONS ONLY),1,661120,T intersection,3,60,Arterial Other,PRINCES,BAW BAW,-38.156628,145.91876,2019,12,December,16,Afternoon Peak,Weekend
T20190024896,2019-12-08,11:45:00,1,Collision with vehicle,7,Sunday,130,REAR END(VEHICLES IN SAME LANE),1,628023,Not at intersection,3,80,Freeway,METROPOLITAN RING,BANYULE,-37.690533,145.08698,2019,12,December,11,Midday,Weekend
T20200001207,2019-12-08,22:50:00,1,Collision with vehicle,7,Sunday,130,REAR END(VEHICLES IN SAME LANE),3,654842,Not at intersection,3,100,Freeway,PRINCES,WYNDHAM,-37.841625,144.79115,2019,12,December,22,Night,Weekend
T20190025052,2019-12-08,19:00:00,1,Collision with vehicle,7,Sunday,130,REAR END(VEHICLES IN SAME LANE),2,651009,Cross intersection,3,80,Arterial Other,SYDNEY ROAD SERVICE,HUME,-37.643547,144.95053,2019,12,December,19,Night,Weekend
T20190024777,2019-12-08,17:42:00,1,Collision with vehicle,7,Sunday,120,HEAD ON (NOT OVERTAKING),1,57600,T intersection,2,80,Arterial Other,HEATHERTON,CASEY,-37.978184,145.284,2019,12,December,17,Afternoon Peak,Weekend
T20190024803,2019-12-08,18:45:00,1,Collision with vehicle,7,Sunday,121,RIGHT THROUGH,1,52112,T intersection,2,60,Arterial Other,PRINCES,BAW BAW,-38.15952,145.92265,2019,12,December,18,Afternoon Peak,Weekend
T20190024746,2019-12-08,14:00:00,1,Collision with vehicle,7,Sunday,140,U TURN,1,619809,T intersection,2,70,Arterial Highway,PRINCES,WARRNAMBOOL,-38.353165,142.43251,2019,12,December,14,Midday,Weekend
T20190024982,2019-12-08,15:30:00,8,No collision and no object struck,7,Sunday,149,OTHER MANOEUVRING NOT INCLUDED IN DCAs 140-148,1,609050,Not at intersection,3,40,Local Road,WATTON,WYNDHAM,-37.902733,144.65881,2019,12,December,15,Afternoon Peak,Weekend
T20190025641,2019-12-08,19:00:00,1,Collision with vehicle,7,Sunday,116,LEFT NEAR (INTERSECTIONS ONLY),1,49694,T intersection,3,60,Arterial Other,COX,GEELONG,-38.08379,144.35536,2019,12,December,19,Night,Weekend
T20190024847,2019-12-08,15:30:00,1,Collision with vehicle,7,Sunday,163,VEHICLE STRIKES DOOR OF PARKED/STATIONARY VEHICLE,1,300095,T intersection,3,40,Local Road,CHAPTER HOUSE,MELBOURNE,-37.817226,144.96822,2019,12,December,15,Afternoon Peak,Weekend
T20210001002,2019-12-08,15:20:00,1,Collision with vehicle,7,Sunday,130,REAR END(VEHICLES IN SAME LANE),9,41040,T intersection,3,60,Arterial Other,DORSET,KNOX,-37.872547,145.28505,2019,12,December,15,Afternoon Peak,Weekend
T20190024780,2019-12-08,15:35:00,1,Collision with vehicle,7,Sunday,130,REAR END(VEHICLES IN SAME LANE),1,622634,Cross intersection,2,80,Arterial Other,PORTARLINGTON,GEELONG,-38.167282,144.42244,2019,12,December,15,Afternoon Peak,Weekend
T20200019455,2019-12-08,22:30:00,1,Collision with vehicle,7,Sunday,160,VEHICLE COLLIDES WITH VEHICLE PARKED ON LEFT OF ROAD,5,666155,Not at intersection,3,70,Arterial Other,SOMERTON,HUME,-37.637627,144.90392,2019,12,December,22,Night,Weekend
T20190025833,2019-12-08,12:00:00,1,Collision with vehicle,7,Sunday,163,VEHICLE STRIKES DOOR OF PARKED/STATIONARY VEHICLE,1,628965,Not at intersection,3,50,Local Road,CARINYA,GLEN EIRA,-37.865063,145.0172,2019,12,December,12,Midday,Weekend
T20190024795,2019-12-08,12:50:00,1,Collision with vehicle,7,Sunday,121,RIGHT THROUGH,1,48184,T intersection,3,60,Arterial Other,CROYDON,MAROONDAH,-37.783707,145.28398,2019,12,December,12,Midday,Weekend
T20190024792,2019-12-08,21:55:00,1,Collision with vehicle,7,Sunday,153,CUTTING IN (OVERTAKING),2,644412,Not at intersection,3,60,Arterial Other,CRAIGIEBURN,HUME,-37.595757,144.91582,2019,12,December,21,Night,Weekend
T20190024778,2019-12-08,16:42:00,4,Collision with a fixed object,7,Sunday,171,LEFT OFF CARRIAGEWAY INTO OBJECT/PARKED VEHICLE,1,608476,Not at intersection,2,80,Local Road,COUANGALT,MACEDON RANGES,-37.536976,144.58261,2019,12,December,16,Afternoon Peak,Weekend
T20190024789,2019-12-08,11:00:00,4,Collision with a fixed object,7,Sunday,171,LEFT OFF CARRIAGEWAY INTO OBJECT/PARKED VEHICLE,1,645355,Not at intersection,3,50,Local Road,ZINA,YARRA RANGES,-37.797882,145.32855,2019,12,December,11,Midday,Weekend
T20190024844,2019-12-09,13:30:00,1,Collision with vehicle,1,Monday,116,LEFT NEAR (INTERSECTIONS ONLY),1,47639,Cross intersection,3,100,Freeway,PRINCES,CARDINIA,-38.07973,145.74539,2019,12,December,13,Midday,Weekday
T20200017495,2019-12-09,07:40:00,1,Collision with vehicle,1,Monday,130,REAR END(VEHICLES IN SAME LANE),1,663685,Not at intersection,3,100,Freeway,EASTERN,WHITEHORSE,-37.798187,145.1393,2019,12,December,7,Morning Peak,Weekday
T20190024820,2019-12-09,13:00:00,8,No collision and no object struck,1,Monday,174,OUT OF CONTROL ON CARRIAGEWAY (ON STRAIGHT),1,648678,T intersection,3,80,Arterial Highway,DANDENONG,STONNINGTON,-37.87534,145.04196,2019,12,December,13,Midday,Weekday
T20190024850,2019-12-09,13:35:00,1,Collision with vehicle,1,Monday,110,CROSS TRAFFIC(INTERSECTIONS ONLY),1,41529,Cross intersection,3,50,Local Road,CLAPHAM,MONASH,-37.894646,145.0836,2019,12,December,13,Midday,Weekday
T20190024826,2019-12-09,10:25:00,1,Collision with vehicle,1,Monday,140,U TURN,1,609047,Not at intersection,3,70,Arterial Highway,NEPEAN,FRANKSTON,-38.11418,145.12563,2019,12,December,10,Midday,Weekday
T20190024869,2019-12-09,01:00:00,1,Collision with vehicle,1,Monday,132,RIGHT REAR.,9,628022,T intersection,3,50,Local Road,CLARENDON,DANDENONG,-38.00778,145.1787,2019,12,December,1,Late Night,Weekday
T20190024868,2019-12-09,21:00:00,2,Struck Pedestrian,1,Monday,105,PED WALKING AGAINST TRAFFIC.,6,608760,Not at intersection,3,50,Local Road,MCFARLANE,SHEPPARTON,-36.382366,145.35841,2019,12,December,21,Night,Weekday
T20190024830,2019-12-09,14:02:00,8,No collision and no object struck,1,Monday,179,OTHER ACCIDENTS-OFF STRAIGHT NOT INCLUDED IN DCAs 170-175,1,608157,Not at intersection,3,60,Arterial Highway,ALBERT,BALLARAT,-37.611614,143.83893,2019,12,December,14,Midday,Weekday
T20190024852,2019-12-09,17:45:00,1,Collision with vehicle,1,Monday,113,RIGHT NEAR (INTERSECTIONS ONLY),1,54512,T intersection,3,70,Arterial Highway,PRINCES,WELLINGTON,-38.093235,147.06894,2019,12,December,17,Afternoon Peak,Weekday
T20190024864,2019-12-09,20:12:00,4,Collision with a fixed object,1,Monday,173,RIGHT OFF CARRIAGEWAY INTO OBJECT/PARKED VEHICLE,2,653918,Not at intersection,1,80,Local Road,NATIONAL PARK,MURRINDINDI,-37.489433,145.27742,2019,12,December,20,Night,Weekday
T20190024861,2019-12-09,18:25:00,4,Collision with a fixed object,1,Monday,175,OFF END OF ROAD/T-INTERSECTION.,1,656763,Not at intersection,2,100,Arterial Other,MINJAH-HAWKESDALE,MOYNE,-38.093452,142.32121,2019,12,December,18,Afternoon Peak,Weekday
T20190024856,2019-12-09,16:00:00,5,collision with some other object,1,Monday,173,RIGHT OFF CARRIAGEWAY INTO OBJECT/PARKED VEHICLE,1,656758,Not at intersection,3,90,Arterial Other,KOO WEE RUP,CARDINIA,-38.105858,145.48729,2019,12,December,16,Afternoon Peak,Weekday
T20190024870,2019-12-09,07:20:00,1,Collision with vehicle,1,Monday,130,REAR END(VEHICLES IN SAME LANE),1,655892,Not at intersection,2,80,Arterial Other,MELTON,MELTON,-37.68813,144.70538,2019,12,December,7,Morning Peak,Weekday
T20190024832,2019-12-09,06:35:00,1,Collision with vehicle,1,Monday,132,RIGHT REAR.,9,357876,Cross intersection,3,60,Arterial Highway,ST GEORGES,DAREBIN,-37.744576,144.9978,2019,12,December,6,Morning Peak,Weekday
T20190025062,2019-12-09,06:02:00,1,Collision with vehicle,1,Monday,116,LEFT NEAR (INTERSECTIONS ONLY),2,608766,T intersection,3,60,Arterial Other,DALTON,WHITTLESEA,-37.67076,145.03143,2019,12,December,6,Morning Peak,Weekday
T20190025477,2019-12-09,09:00:00,1,Collision with vehicle,1,Monday,121,RIGHT THROUGH,1,45410,Multiple intersection,3,60,Arterial Other,BUCKLEY,MOONEE VALLEY,-37.7581,144.92645,2019,12,December,9,Morning Peak,Weekday
T20190024853,2019-12-09,14:45:00,1,Collision with vehicle,1,Monday,130,REAR END(VEHICLES IN SAME LANE),1,608473,Not at intersection,3,80,Freeway,WESTERN RING OUT-HUME,HUME,-37.691822,144.95508,2019,12,December,14,Midday,Weekday
T20190024855,2019-12-09,19:30:00,1,Collision with vehicle,1,Monday,110,CROSS TRAFFIC(INTERSECTIONS ONLY),1,613577,Cross intersection,2,80,Arterial Other,BONEO,MORNINGTON PENINSULA,-38.398045,144.8882,2019,12,December,19,Night,Weekday
T20200000596,2019-12-09,13:40:00,1,Collision with vehicle,1,Monday,135,LANE CHANGE LEFT (NOT OVERTAKING),1,656756,Not at intersection,3,80,Arterial Highway,NEPEAN,BAYSIDE,-37.91603,145.01788,2019,12,December,13,Midday,Weekday
T20190024841,2019-12-09,14:55:00,1,Collision with vehicle,1,Monday,110,CROSS TRAFFIC(INTERSECTIONS ONLY),1,44427,Cross intersection,2,60,Arterial Other,SEPARATION,GEELONG,-38.109768,144.3347,2019,12,December,14,Midday,Weekday
T20190024887,2019-12-09,14:00:00,1,Collision with vehicle,1,Monday,134,LANE CHANGE RIGHT (NOT OVERTAKING),1,660283,Y intersection,2,100,Freeway,WESTERN RING,BRIMBANK,-37.794846,144.7873,2019,12,December,14,Midday,Weekday
T20190025017,2019-12-09,18:15:00,2,Struck Pedestrian,1,Monday,102,FAR SIDE. PED HIT BY VEHICLE FROM THE LEFT,1,39085,T intersection,3,50,Arterial Other,WHITEHORSE,BOROONDARA,-37.811226,145.06789,2019,12,December,18,Afternoon Peak,Weekday
T20190024831,2019-12-09,13:16:00,1,Collision with vehicle,1,Monday,121,RIGHT THROUGH,1,43136,Cross intersection,2,80,Arterial Other,BARRY,HUME,-37.663754,144.92218,2019,12,December,13,Midday,Weekday
T20190025221,2019-12-09,07:20:00,1,Collision with vehicle,1,Monday,130,REAR END(VEHICLES IN SAME LANE),1,629294,Not at intersection,3,70,Local Road,EXFORD,MELTON,-37.74698,144.57523,2019,12,December,7,Morning Peak,Weekday
T20190024801,2019-12-09,06:57:00,1,Collision with vehicle,1,Monday,110,CROSS TRAFFIC(INTERSECTIONS ONLY),1,44662,Cross intersection,3,60,Arterial Other,NAR NAR GOON-LONGWARRY,CARDINIA,-38.098927,145.71552,2019,12,December,6,Morning Peak,Weekday
T20190025214,2019-12-09,13:00:00,1,Collision with vehicle,1,Monday,130,REAR END(VEHICLES IN SAME LANE),1,615017,Not at intersection,3,40,Freeway,FRANKSTON,FRANKSTON,-38.14344,145.13661,2019,12,December,13,Midday,Weekday
T20190024794,2019-12-09,06:55:00,1,Collision with vehicle,1,Monday,132,RIGHT REAR.,2,52821,Cross intersection,2,50,Arterial Other,DRUMMOND,BALLARAT,-37.554455,143.8486,2019,12,December,6,Morning Peak,Weekday
T20190024796,2019-12-09,07:30:00,1,Collision with vehicle,1,Monday,132,RIGHT REAR.,1,608155,Not at intersection,3,50,Local Road,CLARKE,MITCHELL,-37.28642,144.9454,2019,12,December,7,Morning Peak,Weekday
T20200000388,2019-12-10,02:50:00,1,Collision with vehicle,2,Tuesday,110,CROSS TRAFFIC(INTERSECTIONS ONLY),9,618200,Cross intersection,2,60,Local Road,YARRA,DAREBIN,-37.71935,145.02121,2019,12,December,2,Late Night,Weekday
T20200003100,2019-12-10,14:45:00,1,Collision with vehicle,2,Tuesday,130,REAR END(VEHICLES IN SAME LANE),9,655656,Not at intersection,3,60,Arterial Other,CLAYTON,MONASH,-37.92014,145.1207,2019,12,December,14,Midday,Weekday
T20190024945,2019-12-10,16:26:00,1,Collision with vehicle,2,Tuesday,121,RIGHT THROUGH,1,36882,Cross intersection,2,40,Local Road,ABECKETT,MELBOURNE,-37.80925,144.96086,2019,12,December,16,Afternoon Peak,Weekday
T20190024921,2019-12-10,15:25:00,4,Collision with a fixed object,2,Tuesday,171,LEFT OFF CARRIAGEWAY INTO OBJECT/PARKED VEHICLE,1,656767,Cross intersection,2,100,Arterial Highway,PRINCES,MOYNE,-38.279778,142.00418,2019,12,December,15,Afternoon Peak,Weekday
T20190024867,2019-12-10,01:50:00,6,Vehicle overturned (no collision),2,Tuesday,174,OUT OF CONTROL ON CARRIAGEWAY (ON STRAIGHT),3,42313,Cross intersection,2,50,Local Road,BOX FOREST,MORELAND,-37.70352,144.95137,2019,12,December,1,Late Night,Weekday
T20200010316,2019-12-10,19:18:00,1,Collision with vehicle,2,Tuesday,121,RIGHT THROUGH,1,653932,T intersection,3,60,Arterial Other,BURKE,BANYULE,-37.77992,145.0636,2019,12,December,19,Night,Weekday
T20190025120,2019-12-10,15:10:00,1,Collision with vehicle,2,Tuesday,130,REAR END(VEHICLES IN SAME LANE),1,609343,Not at intersection,3,40,Local Road,MAIR,BALLARAT,-37.558537,143.84764,2019,12,December,15,Afternoon Peak,Weekday
T20190024895,2019-12-10,07:20:00,1,Collision with vehicle,2,Tuesday,140,U TURN,1,609608,Not at intersection,3,50,Local Road,THE STRAND,HOBSONS BAY,-37.84626,144.89456,2019,12,December,7,Morning Peak,Weekday
T20200001463,2019-12-10,08:00:00,1,Collision with vehicle,2,Tuesday,135,LANE CHANGE LEFT (NOT OVERTAKING),1,627081,Not at intersection,3,100,Freeway,CITYLINK,MELBOURNE,-37.804405,144.93446,2019,12,December,8,Morning Peak,Weekday
T20190024892,2019-12-10,10:53:00,1,Collision with vehicle,2,Tuesday,113,RIGHT NEAR (INTERSECTIONS ONLY),1,41991,T intersection,2,60,Arterial Other,BURWOOD,YARRA RANGES,-37.906532,145.3394,2019,12,December,10,Midday,Weekday
T20190025395,2019-12-10,19:30:00,1,Collision with vehicle,2,Tuesday,140,U TURN,1,609882,Not at intersection,3,60,Arterial Other,PARK,CENTRAL GOLDFIELDS,-37.03265,143.74509,2019,12,December,19,Night,Weekday
T20190024916,2019-12-10,09:00:00,4,Collision with a fixed object,2,Tuesday,173,RIGHT OFF CARRIAGEWAY INTO OBJECT/PARKED VEHICLE,9,630460,Not at intersection,1,100,Arterial Other,BLACK BRIDGE,COLAC OTWAY,-38.48918,143.44678,2019,12,December,9,Morning Peak,Weekday
T20190024922,2019-12-10,15:30:00,1,Collision with vehicle,2,Tuesday,130,REAR END(VEHICLES IN SAME LANE),1,608475,Not at intersection,2,80,Arterial Highway,SOUTH GIPPSLAND,CASEY,-38.066532,145.2664,2019,12,December,15,Afternoon Peak,Weekday
T20190024883,2019-12-10,08:00:00,1,Collision with vehicle,2,Tuesday,121,RIGHT THROUGH,1,40181,Cross intersection,3,60,Local Road,ALEXANDRA,PORT PHILLIP,-37.862965,145.0034,2019,12,December,8,Morning Peak,Weekday
T20190024931,2019-12-10,13:45:00,2,Struck Pedestrian,2,Tuesday,100,PED NEAR SIDE. PED HIT BY VEHICLE FROM THE RIGHT.,1,242410,T intersection,3,60,Local Road,BLACKBURN,MANNINGHAM,-37.76148,145.16692,2019,12,December,13,Midday,Weekday
T20190024890,2019-12-10,07:00:00,4,Collision with a fixed object,2,Tuesday,171,LEFT OFF CARRIAGEWAY INTO OBJECT/PARKED VEHICLE,1,224413,Cross intersection,3,60,Local Road,TAYLORS,MELTON,-37.72504,144.75978,2019,12,December,7,Morning Peak,Weekday
T20190025087,2019-12-10,19:26:00,2,Struck Pedestrian,2,Tuesday,100,PED NEAR SIDE. PED HIT BY VEHICLE FROM THE RIGHT.,2,655034,Not at intersection,3,50,Arterial Other,BARKLY,PORT PHILLIP,-37.860493,144.98244,2019,12,December,19,Night,Weekday
T20190025082,2019-12-10,19:20:00,2,Struck Pedestrian,2,Tuesday,102,FAR SIDE. PED HIT BY VEHICLE FROM THE LEFT,2,610467,Not at intersection,3,60,Arterial Other,POWER,BOROONDARA,-37.820522,145.02658,2019,12,December,19,Night,Weekday
T20190025021,2019-12-10,14:30:00,1,Collision with vehicle,2,Tuesday,137,LEFT TURN SIDESWIPE,1,610162,Not at intersection,3,60,Local Road,HIGH,GEELONG,-38.170364,144.34772,2019,12,December,14,Midday,Weekday
T20190024936,2019-12-10,18:59:00,1,Collision with vehicle,2,Tuesday,113,RIGHT NEAR (INTERSECTIONS ONLY),1,296062,T intersection,2,60,Arterial Highway,BELL,DAREBIN,-37.746193,145.01208,2019,12,December,18,Afternoon Peak,Weekday