ACCIDENT_NO,ACCIDENT_DATE,ACCIDENT_TIME,ACCIDENT_TYPE,ACCIDENT_TYPE_DESC,DAY_OF_WEEK,DAY_WEEK_DESC,DCA_CODE,DCA_DESC,LIGHT_CONDITION,NODE_ID,ROAD_GEOMETRY_DESC,SEVERITY,SPEED_ZONE,RMA,ROAD_NAME,LGA_NAME,LATITUDE,LONGITUDE,YEAR,MONTH,MONTH_NAME,HOUR,TIME_PERIOD,DAY_TYPE
T20190024934,2019-12-10,16:50:00,4,Collision with a fixed object,2,Tuesday,171,LEFT OFF CARRIAGEWAY INTO OBJECT/PARKED VEHICLE,1,638091,Not at intersection,2,100,Local Road,ALEXANDER,SHEPPARTON,-36.33805,145.33722,2019,12,December,16,Afternoon Peak,Weekday
T20190025467,2019-12-10,17:50:00,1,Collision with vehicle,2,Tuesday,130,REAR END(VEHICLES IN SAME LANE),1,293709,Cross intersection,3,80,Arterial Other,HEATHERTON,CASEY,-37.974834,145.25821,2019,12,December,17,Afternoon Peak,Weekday
T20190024971,2019-12-10,20:05:00,1,Collision with vehicle,2,Tuesday,121,RIGHT THROUGH,2,622635,Multiple intersection,2,80,Arterial Highway,SOUTH GIPPSLAND,DANDENONG,-38.00074,145.22562,2019,12,December,20,Night,Weekday
T20190024988,2019-12-10,11:30:00,1,Collision with vehicle,2,Tuesday,160,VEHICLE COLLIDES WITH VEHICLE PARKED ON LEFT OF ROAD,1,609190,Not at intersection,3,60,Local Road,MERTON,HOBSONS BAY,-37.87476,144.77711,2019,12,December,11,Midday,Weekday
T20190024944,2019-12-10,21:39:00,1,Collision with vehicle,2,Tuesday,112,LEFT FAR (INTERSECTIONS ONLY),3,253659,T intersection,2,100,Local Road,PLUMPTON,MELTON,-37.70177,144.69489,2019,12,December,21,Night,Weekday
T20190024875,2019-12-10,07:00:00,1,Collision with vehicle,2,Tuesday,121,RIGHT THROUGH,1,609606,Cross intersection,2,60,Arterial Other,BRUNSWICK,MORELAND,-37.775288,144.9454,2019,12,December,7,Morning Peak,Weekday
T20200002846,2019-12-10,07:45:00,6,Vehicle overturned (no collision),2,Tuesday,174,OUT OF CONTROL ON CARRIAGEWAY (ON STRAIGHT),1,626421,T intersection,3,60,Arterial Highway,WHITEHORSE,WHITEHORSE,-37.817795,145.15623,2019,12,December,7,Morning Peak,Weekday
T20190026456,2019-12-10,18:50:00,1,Collision with vehicle,2,Tuesday,130,REAR END(VEHICLES IN SAME LANE),9,44697,Cross intersection,3,60,Arterial Other,GRIMSHAW,BANYULE,-37.702526,145.08417,2019,12,December,18,Afternoon Peak,Weekday
T20200002584,2019-12-10,08:40:00,1,Collision with vehicle,2,Tuesday,130,REAR END(VEHICLES IN SAME LANE),1,624857,T intersection,3,80,Arterial Highway,WELLINGTON,KNOX,-37.927998,145.23288,2019,12,December,8,Morning Peak,Weekday
T20190024958,2019-12-10,22:45:00,2,Struck Pedestrian,2,Tuesday,102,FAR SIDE. PED HIT BY VEHICLE FROM THE LEFT,3,609049,Cross intersection,3,60,Arterial Highway,NEPEAN,GLEN EIRA,-37.88393,144.99736,2019,12,December,22,Night,Weekday
T20190024901,2019-12-10,09:35:00,1,Collision with vehicle,2,Tuesday,111,RIGHT FAR (INTERSECTIONS ONLY),1,47554,Cross intersection,3,80,Arterial Highway,SPRINGVALE,MONASH,-37.871616,145.16739,2019,12,December,9,Morning Peak,Weekday
T20190024903,2019-12-10,12:01:00,1,Collision with vehicle,2,Tuesday,134,LANE CHANGE RIGHT (NOT OVERTAKING),1,236127,Y intersection,2,80,Freeway,PRINCES,HOBSONS BAY,-37.832554,144.81114,2019,12,December,12,Midday,Weekday
T20190024953,2019-12-10,22:15:00,1,Collision with vehicle,2,Tuesday,110,CROSS TRAFFIC(INTERSECTIONS ONLY),3,228,Cross intersection,3,50,Arterial Highway,POWER,MELBOURNE,-37.824577,144.96375,2019,12,December,22,Night,Weekday
T20190024907,2019-12-10,13:00:00,1,Collision with vehicle,2,Tuesday,121,RIGHT THROUGH,1,49689,T intersection,3,60,Arterial Other,COX,GEELONG,-38.0826,144.34654,2019,12,December,13,Midday,Weekday
T20190024908,2019-12-10,13:45:00,1,Collision with vehicle,2,Tuesday,110,CROSS TRAFFIC(INTERSECTIONS ONLY),1,35078,Cross intersection,3,100,Freeway,PRINCES,CARDINIA,-38.075645,145.71494,2019,12,December,13,Midday,Weekday
T20190024910,2019-12-10,13:30:00,1,Collision with vehicle,2,Tuesday,113,RIGHT NEAR (INTERSECTIONS ONLY),1,40229,T intersection,2,50,Arterial Other,WATTLETREE,STONNINGTON,-37.860855,145.01665,2019,12,December,13,Midday,Weekday
T20190024912,2019-12-10,14:30:00,1,Collision with vehicle,2,Tuesday,111,RIGHT FAR (INTERSECTIONS ONLY),1,49172,Cross intersection,3,50,Local Road,GIBNEY,WELLINGTON,-37.960377,146.97221,2019,12,December,14,Midday,Weekday
T20190024913,2019-12-10,14:05:00,1,Collision with vehicle,2,Tuesday,130,REAR END(VEHICLES IN SAME LANE),1,613578,Not at intersection,2,60,Arterial Other,CRANBOURNE-FRANKSTON,CASEY,-38.112415,145.27846,2019,12,December,14,Midday,Weekday
T20190024935,2019-12-10,18:50:00,1,Collision with vehicle,2,Tuesday,120,HEAD ON (NOT OVERTAKING),2,628959,Not at intersection,3,60,Arterial Other,RIVER,SOUTH GIPPSLAND,-38.701992,145.8702,2019,12,December,18,Afternoon Peak,Weekday
T20190024952,2019-12-10,20:53:00,1,Collision with vehicle,2,Tuesday,130,REAR END(VEHICLES IN SAME LANE),2,656769,T intersection,3,60,Local Road,ORMOND,GEELONG,-38.15661,144.373,2019,12,December,20,Night,Weekday
T20190024950,2019-12-10,19:30:00,2,Struck Pedestrian,2,Tuesday,106,VEH STRIKES PED ON FOOTPATH/MEDIAN/TRAFFIC ISLAND.,1,29485,Multiple intersection,2,60,Arterial Highway,ST GEORGES,DAREBIN,-37.77652,144.98975,2019,12,December,19,Night,Weekday
T20210014502,2019-12-10,15:30:00,1,Collision with vehicle,2,Tuesday,131,LEFT REAR,1,656715,T intersection,3,60,Arterial Other,DONNYBROOK,HUME,-37.536373,144.91171,2019,12,December,15,Afternoon Peak,Weekday
T20190024915,2019-12-10,12:45:00,1,Collision with vehicle,2,Tuesday,113,RIGHT NEAR (INTERSECTIONS ONLY),1,1147,T intersection,3,80,Arterial Other,ARTHURS SEAT ROAD -WHITE HILL,MORNINGTON PENINSULA,-38.36937,145.00508,2019,12,December,12,Midday,Weekday
T20190024926,2019-12-10,16:07:00,4,Collision with a fixed object,2,Tuesday,181,OFF RIGHT BEND INTO OBJECT/PARKED VEHICLE,1,629293,Not at intersection,3,60,Arterial Other,MOUNT DANDENONG TOURIST,YARRA RANGES,-37.812485,145.36407,2019,12,December,16,Afternoon Peak,Weekday
T20190024949,2019-12-10,21:58:00,1,Collision with vehicle,2,Tuesday,136,RIGHT TURN SIDESWIPE,2,37910,T intersection,3,50,Arterial Other,HIGH,DAREBIN,-37.782124,144.99648,2019,12,December,21,Night,Weekday
T20190024889,2019-12-10,09:55:00,1,Collision with vehicle,2,Tuesday,130,REAR END(VEHICLES IN SAME LANE),1,615016,Not at intersection,2,100,Freeway,MONASH,MONASH,-37.925323,145.17963,2019,12,December,9,Morning Peak,Weekday
T20190025061,2019-12-11,19:53:00,1,Collision with vehicle,3,Wednesday,150,HEAD ON(OVERTAKING),1,621753,Not at intersection,2,60,Local Road,LINSELL,CASEY,-38.100815,145.3091,2019,12,December,19,Night,Weekday
T20200001876,2019-12-11,16:40:00,1,Collision with vehicle,3,Wednesday,147,VEHICLE STRIKES ANOTHER VEH WHILE EMERGING FROM DRIVEWAY,1,293905,Not at intersection,3,60,Local Road,PLENTY,DAREBIN,-37.749714,145.00343,2019,12,December,16,Afternoon Peak,Weekday
T20200003453,2019-12-11,20:30:00,1,Collision with vehicle,3,Wednesday,140,U TURN,2,629320,Not at intersection,3,50,Arterial Other,CHURCH,YARRA,-37.83031,144.9971,2019,12,December,20,Night,Weekday
T20190025438,2019-12-11,09:45:00,1,Collision with vehicle,3,Wednesday,140,U TURN,1,612221,Not at intersection,3,80,Arterial Highway,MOOROODUC,MORNINGTON PENINSULA,-38.200615,145.12798,2019,12,December,9,Morning Peak,Weekday
T20190025089,2019-12-11,20:35:00,2,Struck Pedestrian,3,Wednesday,106,VEH STRIKES PED ON FOOTPATH/MEDIAN/TRAFFIC ISLAND.,1,757395,Not at intersection,3,50,Local Road,GILBERT,DAREBIN,-37.72036,144.99309,2019,12,December,20,Night,Weekday
T20190025075,2019-12-11,11:00:00,1,Collision with vehicle,3,Wednesday,110,CROSS TRAFFIC(INTERSECTIONS ONLY),1,346221,Cross intersection,2,40,Local Road,BLACK,DAREBIN,-37.711155,145.01991,2019,12,December,11,Midday,Weekday
T20190025072,2019-12-11,15:00:00,8,No collision and no object struck,3,Wednesday,180,OFF CARRIAGEWAY ON RIGHT BEND,1,609877,Not at intersection,3,50,Local Road,HOY,BENDIGO,-36.742577,144.27328,2019,12,December,15,Afternoon Peak,Weekday
T20190025070,2019-12-11,20:00:00,1,Collision with vehicle,3,Wednesday,113,RIGHT NEAR (INTERSECTIONS ONLY),2,47131,T intersection,3,60,Arterial Other,NARRE WARREN,CASEY,-38.096493,145.29309,2019,12,December,20,Night,Weekday
T20190025063,2019-12-11,16:50:00,1,Collision with vehicle,3,Wednesday,147,VEHICLE STRIKES ANOTHER VEH WHILE EMERGING FROM DRIVEWAY,1,627703,Not at intersection,3,60,Arterial Other,CENTRE,GLEN EIRA,-37.923916,145.08173,2019,12,December,16,Afternoon Peak,Weekday
T20200008174,2019-12-11,09:40:00,1,Collision with vehicle,3,Wednesday,130,REAR END(VEHICLES IN SAME LANE),9,651082,Not at intersection,3,60,Arterial Other,HALLAM SOUTH,CASEY,-38.017677,145.27095,2019,12,December,9,Morning Peak,Weekday
T20190024969,2019-12-11,07:09:00,2,Struck Pedestrian,3,Wednesday,102,FAR SIDE. PED HIT BY VEHICLE FROM THE LEFT,1,610161,Cross intersection,2,50,Local Road,LONSDALE,MELBOURNE,-37.810154,144.96956,2019,12,December,7,Morning Peak,Weekday
T20190024965,2019-12-11,02:10:00,1,Collision with vehicle,3,Wednesday,132,RIGHT REAR.,3,36267,Cross intersection,2,40,Local Road,ELIZABETH,MELBOURNE,-37.80818,144.96037,2019,12,December,2,Late Night,Weekday
T20190024964,2019-12-11,06:05:00,1,Collision with vehicle,3,Wednesday,133,LANE SIDE SWIPE (VEHICLES IN PARALLEL LANES),1,44466,Cross intersection,3,40,Arterial Other,RYRIE,GEELONG,-38.148613,144.3573,2019,12,December,6,Morning Peak,Weekday
T20190025560,2019-12-11,15:30:00,1,Collision with vehicle,3,Wednesday,130,REAR END(VEHICLES IN SAME LANE),1,611613,Not at intersection,3,60,Arterial Highway,HODDLE,YARRA,-37.806583,144.99187,2019,12,December,15,Afternoon Peak,Weekday
T20190025550,2019-12-11,09:30:00,1,Collision with vehicle,3,Wednesday,130,REAR END(VEHICLES IN SAME LANE),1,625782,Y intersection,3,100,Arterial Highway,MIDLAND,HEPBURN,-37.357662,144.07684,2019,12,December,9,Morning Peak,Weekday
T20190024962,2019-12-11,01:50:00,4,Collision with a fixed object,3,Wednesday,171,LEFT OFF CARRIAGEWAY INTO OBJECT/PARKED VEHICLE,3,38392,T intersection,2,70,Arterial Other,HEIDELBERG-WARRANDYTE,MANNINGHAM,-37.749256,145.19669,2019,12,December,1,Late Night,Weekday
T20190024960,2019-12-11,00:00:00,2,Struck Pedestrian,3,Wednesday,105,PED WALKING AGAINST TRAFFIC.,3,359957,T intersection,2,60,Local Road,NEWBURY,HUME,-37.566063,144.91002,2019,12,December,0,Late Night,Weekday
T20190025013,2019-12-11,14:23:00,2,Struck Pedestrian,3,Wednesday,108,PED STRUCK WALKING TO/FROM OR BOARDING/ALIGHTING VEHICLE.,1,656770,Not at intersection,2,40,Arterial Other,PASCOE VALE,MORELAND,-37.703793,144.91556,2019,12,December,14,Midday,Weekday
T20190025531,2019-12-11,11:00:00,1,Collision with vehicle,3,Wednesday,130,REAR END(VEHICLES IN SAME LANE),1,655137,Not at intersection,2,80,Arterial Other,COOPER,WHITTLESEA,-37.648975,144.99634,2019,12,December,11,Midday,Weekday
T20190025039,2019-12-11,17:25:00,1,Collision with vehicle,3,Wednesday,152,PULLING OUT (OVERTAKING),1,609612,Not at intersection,2,100,Freeway,EASTLINK,KNOX,-37.91447,145.21585,2019,12,December,17,Afternoon Peak,Weekday
T20190024990,2019-12-11,09:45:00,4,Collision with a fixed object,3,Wednesday,141,U TURN INTO FIXED OBJECT/PARKED VEHICLE,1,35572,T intersection,2,60,Arterial Other,HAMPTON,BAYSIDE,-37.91844,145.00615,2019,12,December,9,Morning Peak,Weekday
T20190025040,2019-12-11,18:00:00,1,Collision with vehicle,3,Wednesday,130,REAR END(VEHICLES IN SAME LANE),1,615314,Not at intersection,3,60,Local Road,DOWLING,BALLARAT,-37.52745,143.84262,2019,12,December,18,Afternoon Peak,Weekday
T20190025002,2019-12-11,08:35:00,1,Collision with vehicle,3,Wednesday,121,RIGHT THROUGH,1,39697,Cross intersection,3,60,Arterial Highway,MAROONDAH,MAROONDAH,-37.79783,145.25394,2019,12,December,8,Morning Peak,Weekday
T20190025023,2019-12-11,01:30:00,4,Collision with a fixed object,3,Wednesday,173,RIGHT OFF CARRIAGEWAY INTO OBJECT/PARKED VEHICLE,6,608765,Not at intersection,3,50,Local Road,SCOTT,CASEY,-38.111248,145.2799,2019,12,December,1,Late Night,Weekday
T20190025027,2019-12-11,17:30:00,1,Collision with vehicle,3,Wednesday,110,CROSS TRAFFIC(INTERSECTIONS ONLY),1,55881,Cross intersection,3,50,Local Road,LAL LAL,BALLARAT,-37.575634,143.87155,2019,12,December,17,Afternoon Peak,Weekday
T20190025010,2019-12-11,14:30:00,1,Collision with vehicle,3,Wednesday,116,LEFT NEAR (INTERSECTIONS ONLY),1,280692,T intersection,2,70,Arterial Highway,NEPEAN,MORNINGTON PENINSULA,-38.232906,145.04033,2019,12,December,14,Midday,Weekday
T20190024986,2019-12-11,10:15:00,4,Collision with a fixed object,3,Wednesday,171,LEFT OFF CARRIAGEWAY INTO OBJECT/PARKED VEHICLE,1,614288,Not at intersection,3,90,Arterial Highway,HIGH,BENDIGO,-36.929035,144.71301,2019,12,December,10,Midday,Weekday
T20190025042,2019-12-11,17:00:00,1,Collision with vehicle,3,Wednesday,113,RIGHT NEAR (INTERSECTIONS ONLY),1,43754,T intersection,3,70,Arterial Other,HIGH,MELTON,-37.689472,144.60275,2019,12,December,17,Afternoon Peak,Weekday
T20190025031,2019-12-11,17:00:00,1,Collision with vehicle,3,Wednesday,116,LEFT NEAR (INTERSECTIONS ONLY),1,609610,T intersection,3,80,Arterial Highway,DUFF,CASEY,-38.101753,145.28244,2019,12,December,17,Afternoon Peak,Weekday
T20190025032,2019-12-11,17:34:00,1,Collision with vehicle,3,Wednesday,163,VEHICLE STRIKES DOOR OF PARKED/STATIONARY VEHICLE,1,656972,Not at intersection,3,40,Arterial Other,RYRIE,GEELONG,-38.149536,144.36057,2019,12,December,17,Afternoon Peak,Weekday
T20190025048,2019-12-11,18:30:00,1,Collision with vehicle,3,Wednesday,130,REAR END(VEHICLES IN SAME LANE),1,609341,T intersection,3,70,Arterial Other,MICKLEHAM,HUME,-37.655746,144.88206,2019,12,December,18,Afternoon Peak,Weekday
T20190025050,2019-12-11,17:15:00,1,Collision with vehicle,3,Wednesday,132,RIGHT REAR.,1,308090,T intersection,3,80,Arterial Other,PASCOE VALE,HUME,-37.662666,144.92265,2019,12,December,17,Afternoon Peak,Weekday
T20190025007,2019-12-11,13:30:00,1,Collision with vehicle,3,Wednesday,140,U TURN,1,612214,Not at intersection,2,80,Local Road,TYNONG NORTH,CARDINIA,-38.065056,145.62015,2019,12,December,13,Midday,Weekday
T20190026075,2019-12-11,14:00:00,1,Collision with vehicle,3,Wednesday,113,RIGHT NEAR (INTERSECTIONS ONLY),1,52957,Cross intersection,3,60,Local Road,ADAIR,BALLARAT,-37.573982,143.83253,2019,12,December,14,Midday,Weekday
T20190025036,2019-12-11,15:00:00,1,Collision with vehicle,3,Wednesday,133,LANE SIDE SWIPE (VEHICLES IN PARALLEL LANES),1,655135,Not at intersection,2,70,Local Road,TARNEIT,WYNDHAM,-37.82984,144.67326,2019,12,December,15,Afternoon Peak,Weekday
T20190025160,2019-12-11,17:50:00,1,Collision with vehicle,3,Wednesday,121,RIGHT THROUGH,1,37646,T intersection,3,60,Arterial Other,TOORAK,STONNINGTON,-37.838657,144.98907,2019,12,December,17,Afternoon Peak,Weekday
T20190025003,2019-12-11,11:05:00,1,Collision with vehicle,3,Wednesday,160,VEHICLE COLLIDES WITH VEHICLE PARKED ON LEFT OF ROAD,1,611887,T intersection,3,50,Local Road,MULLENS,WHITEHORSE,-37.85265,145.17694,2019,12,December,11,Midday,Weekday
T20190025053,2019-12-11,19:23:00,1,Collision with vehicle,3,Wednesday,110,CROSS TRAFFIC(INTERSECTIONS ONLY),1,37820,Cross intersection,3,60,Arterial Other,NICHOLSON,YARRA,-37.78027,144.97813,2019,12,December,19,Night,Weekday
T20190025814,2019-12-11,13:52:00,1,Collision with vehicle,3,Wednesday,130,REAR END(VEHICLES IN SAME LANE),1,44781,T intersection,3,60,Arterial Other,KARINGAL DRIVE -ST HELENA,BANYULE,-37.701,145.12192,2019,12,December,13,Midday,Weekday
T20190025057,2019-12-11,18:45:00,1,Collision with vehicle,3,Wednesday,119,OTHER ADJACENT (INTERSECTIONS ONLY),2,70046,T intersection,2,50,Arterial Highway,AMBRIE,DANDENONG,-37.95076,145.17593,2019,12,December,18,Afternoon Peak,Weekday
T20190025011,2019-12-11,13:37:00,1,Collision with vehicle,3,Wednesday,113,RIGHT NEAR (INTERSECTIONS ONLY),1,55891,T intersection,3,60,Arterial Other,LITTLE BOUNDARY,WYNDHAM,-37.821175,144.82137,2019,12,December,13,Midday,Weekday
T20190025191,2019-12-11,17:40:00,1,Collision with vehicle,3,Wednesday,130,REAR END(VEHICLES IN SAME LANE),1,655136,Not at intersection,3,80,Arterial Highway,BURWOOD,WHITEHORSE,-37.854664,145.16678,2019,12,December,17,Afternoon Peak,Weekday
T20190024980,2019-12-11,11:20:00,1,Collision with vehicle,3,Wednesday,116,LEFT NEAR (INTERSECTIONS ONLY),1,299117,T intersection,2,80,Arterial Other,MELTON,BRIMBANK,-37.694363,144.76482,2019,12,December,11,Midday,Weekday
T20190024978,2019-12-11,10:44:00,2,Struck Pedestrian,3,Wednesday,100,PED NEAR SIDE. PED HIT BY VEHICLE FROM THE RIGHT.,1,618191,Cross intersection,2,60,Local Road,MILLS,HOBSONS BAY,-37.83213,144.85631,2019,12,December,10,Midday,Weekday
T20190024975,2019-12-11,08:45:00,1,Collision with vehicle,3,Wednesday,121,RIGHT THROUGH,1,278858,T intersection,3,80,Local Road,ARENA,CARDINIA,-38.06496,145.42528,2019,12,December,8,Morning Peak,Weekday
T20190025004,2019-12-11,11:16:00,4,Collision with a fixed object,3,Wednesday,181,OFF RIGHT BEND INTO OBJECT/PARKED VEHICLE,1,632036,Y intersection,2,80,Freeway,CITYLINK  -CITYLINK IN-WEST GATE IN,MELBOURNE,-37.82461,144.93063,2019,12,December,11,Midday,Weekday
T20190025196,2019-12-12,18:25:00,1,Collision with vehicle,4,Thursday,113,RIGHT NEAR (INTERSECTIONS ONLY),1,610164,T intersection,3,100,Local Road,HARDING LAWSON,SOUTH GIPPSLAND,-38.710743,146.06009,2019,12,December,18,Afternoon Peak,Weekday
T20190025137,2019-12-12,16:50:00,1,Collision with vehicle,4,Thursday,130,REAR END(VEHICLES IN SAME LANE),1,609055,Not at intersection,3,60,Local Road,RATHDOWNE,YARRA,-37.790173,144.97177,2019,12,December,16,Afternoon Peak,Weekday
T20190025135,2019-12-12,14:30:00,2,Struck Pedestrian,4,Thursday,102,FAR SIDE. PED HIT BY VEHICLE FROM THE LEFT,1,630286,Not at intersection,1,50,Local Road,WOOD,BENDIGO,-36.740005,144.26659,2019,12,December,14,Midday,Weekday
T20190025130,2019-12-12,13:15:00,1,Collision with vehicle,4,Thursday,120,HEAD ON (NOT OVERTAKING),1,613861,Not at intersection,3,80,Arterial Other,EMERALD-MONBULK,CARDINIA,-37.924744,145.4429,2019,12,December,13,Midday,Weekday
T20190025153,2019-12-12,17:15:00,1,Collision with vehicle,4,Thursday,130,REAR END(VEHICLES IN SAME LANE),1,609471,Not at intersection,3,80,Arterial Other,MT DUNEED,SURF COAST,-38.24843,144.3305,2019,12,December,17,Afternoon Peak,Weekday
T20190025129,2019-12-12,08:15:00,1,Collision with vehicle,4,Thursday,132,RIGHT REAR.,1,631855,Not at intersection,3,80,Arterial Highway,NEPEAN,MORNINGTON PENINSULA,-38.26536,145.0373,2019,12,December,8,Morning Peak,Weekday
T20190025122,2019-12-12,09:15:00,1,Collision with vehicle,4,Thursday,111,RIGHT FAR (INTERSECTIONS ONLY),1,668356,Multiple intersection,2,60,Arterial Other,BOOLARRA-CHURCHILL ROAD -MONASH,LATROBE,-38.378883,146.27539,2019,12,December,9,Morning Peak,Weekday
T20190026301,2019-12-12,06:10:00,1,Collision with vehicle,4,Thursday,113,RIGHT NEAR (INTERSECTIONS ONLY),1,55642,T intersection,3,80,Local Road,BRIDGEWATER,HUME,-37.6114,144.92766,2019,12,December,6,Morning Peak,Weekday
T20190025119,2019-12-12,13:07:00,1,Collision with vehicle,4,Thursday,120,HEAD ON (NOT OVERTAKING),1,41916,Cross intersection,2,80,Arterial Highway,BURWOOD,KNOX,-37.879585,145.26817,2019,12,December,13,Midday,Weekday
T20190025116,2019-12-12,08:45:00,1,Collision with vehicle,4,Thursday,132,RIGHT REAR.,1,656978,Not at intersection,3,80,Arterial Highway,MALDON,MOUNT ALEXANDER,-37.068832,144.18091,2019,12,December,8,Morning Peak,Weekday
T20190025095,2019-12-12,04:40:00,1,Collision with vehicle,4,Thursday,116,LEFT NEAR (INTERSECTIONS ONLY),2,64437,T intersection,3,50,Local Road,IEVERS,MELBOURNE,-37.781555,144.95743,2019,12,December,4,Late Night,Weekday
T20200000059,2019-12-12,19:10:00,1,Collision with vehicle,4,Thursday,121,RIGHT THROUGH,1,46044,T intersection,3,50,Local Road,CHAUCER,PORT PHILLIP,-37.868103,144.9779,2019,12,December,19,Night,Weekday
T20190025461,2019-12-12,18:25:00,4,Collision with a fixed object,4,Thursday,173,RIGHT OFF CARRIAGEWAY INTO OBJECT/PARKED VEHICLE,1,656979,Not at intersection,2,100,Arterial Other,BIRCHIP-WYCHEPROOF,BULOKE,-35.99039,142.96294,2019,12,December,18,Afternoon Peak,Weekday
T20190025676,2019-12-12,08:30:00,1,Collision with vehicle,4,Thursday,137,LEFT TURN SIDESWIPE,1,597,T intersection,3,60,Local Road,NORMANBY,GLEN EIRA,-37.871662,145.03505,2019,12,December,8,Morning Peak,Weekday
T20190025673,2019-12-12,11:40:00,1,Collision with vehicle,4,Thursday,133,LANE SIDE SWIPE (VEHICLES IN PARALLEL LANES),1,611615,Not at intersection,3,100,Freeway,MONASH,MONASH,-37.90157,145.15173,2019,12,December,11,Midday,Weekday
T20190025077,2019-12-12,07:23:00,4,Collision with a fixed object,4,Thursday,171,LEFT OFF CARRIAGEWAY INTO OBJECT/PARKED VEHICLE,1,609171,Not at intersection,2,60,Arterial Other,HIGH,STONNINGTON,-37.85702,145.03233,2019,12,December,7,Morning Peak,Weekday
T20190025090,2019-12-12,06:50:00,1,Collision with vehicle,4,Thursday,131,LEFT REAR,1,655655,Not at intersection,2,40,Arterial Other,ST KILDA,MELBOURNE,-37.839714,144.9768,2019,12,December,6,Morning Peak,Weekday
T20190025100,2019-12-12,08:25:00,8,No collision and no object struck,4,Thursday,174,OUT OF CONTROL ON CARRIAGEWAY (ON STRAIGHT),1,612747,T intersection,3,60,Local Road,KEPPEL,CASEY,-38.015865,145.27435,2019,12,December,8,Morning Peak,Weekday
T20190026119,2019-12-12,17:40:00,1,Collision with vehicle,4,Thursday,130,REAR END(VEHICLES IN SAME LANE),1,35539,Not at intersection,3,80,Arterial Highway,NEPEAN,BAYSIDE,-37.899723,145.00616,2019,12,December,17,Afternoon Peak,Weekday
T20190025103,2019-12-12,10:15:00,4,Collision with a fixed object,4,Thursday,173,RIGHT OFF CARRIAGEWAY INTO OBJECT/PARKED VEHICLE,1,50282,T intersection,2,70,Arterial Other,TUCKFIELD,GEELONG,-38.25995,144.5351,2019,12,December,10,Midday,Weekday
T20190025107,2019-12-12,06:33:00,1,Collision with vehicle,4,Thursday,143,ENTERING PARKING,2,619365,Not at intersection,2,60,Local Road,KOOYONG,GLEN EIRA,-37.884277,145.01529,2019,12,December,6,Morning Peak,Weekday
T20190025109,2019-12-12,08:00:00,6,Vehicle overturned (no collision),4,Thursday,174,OUT OF CONTROL ON CARRIAGEWAY (ON STRAIGHT),1,609054,T intersection,3,50,Arterial Other,KEILOR PARK,BRIMBANK,-37.734383,144.84999,2019,12,December,8,Morning Peak,Weekday
T20190025111,2019-12-12,11:15:00,4,Collision with a fixed object,4,Thursday,181,OFF RIGHT BEND INTO OBJECT/PARKED VEHICLE,1,661205,Not at intersection,3,80,Arterial Other,CAPE PATERSON-INVERLOCH,BASS COAST,-38.670826,145.66031,2019,12,December,11,Midday,Weekday
T20190025424,2019-12-12,21:00:00,1,Collision with vehicle,4,Thursday,110,CROSS TRAFFIC(INTERSECTIONS ONLY),2,627067,Cross intersection,3,50,Local Road,PALMERSTON,MELTON,-37.68195,144.583,2019,12,December,21,Night,Weekday
T20190025113,2019-12-12,01:00:00,1,Collision with vehicle,4,Thursday,160,VEHICLE COLLIDES WITH VEHICLE PARKED ON LEFT OF ROAD,3,642824,Not at intersection,3,50,Local Road,EVELINA,BOROONDARA,-37.806103,145.1043,2019,12,December,1,Late Night,Weekday
T20190025114,2019-12-12,13:00:00,1,Collision with vehicle,4,Thursday,160,VEHICLE COLLIDES WITH VEHICLE PARKED ON LEFT OF ROAD,1,622952,Not at intersection,3,50,Local Road,MONTGOMERY,MOONEE VALLEY,-37.770416,144.92558,2019,12,December,13,Midday,Weekday
T20190025115,2019-12-12,13:14:00,1,Collision with vehicle,4,Thursday,149,OTHER MANOEUVRING NOT INCLUDED IN DCAs 140-148,1,627704,Not at intersection,3,40,Local Road,FOREST,BALLARAT,-37.53921,143.8315,2019,12,December,13,Midday,Weekday
T20190025374,2019-12-12,15:05:00,7,Fall from or in moving vehicle,4,Thursday,190,FELL IN/FROM VEHICLE,1,612475,Not at intersection,3,100,Arterial Other,BOGONG HIGH PLAINS,ALPINE,-36.74835,147.1942,2019,12,December,15,Afternoon Peak,Weekday
T20190026473,2019-12-12,18:00:00,1,Collision with vehicle,4,Thursday,116,LEFT NEAR (INTERSECTIONS ONLY),9,657206,Cross intersection,3,70,Arterial Other,MICKLEHAM,HUME,-37.68455,144.88289,2019,12,December,18,Afternoon Peak,Weekday
T20190025315,2019-12-12,18:15:00,1,Collision with vehicle,4,Thursday,130,REAR END(VEHICLES IN SAME LANE),1,610470,Not at intersection,3,100,Freeway,MONASH,MONASH,-37.916126,145.16907,2019,12,December,18,Afternoon Peak,Weekday
T20190025615,2019-12-12,00:45:00,4,Collision with a fixed object,4,Thursday,173,RIGHT OFF CARRIAGEWAY INTO OBJECT/PARKED VEHICLE,6,656976,Not at intersection,3,70,Arterial Other,BURWOOD,YARRA RANGES,-37.905083,145.33685,2019,12,December,0,Late Night,Weekday