ACCIDENT_NO,ACCIDENT_DATE,ACCIDENT_TIME,ACCIDENT_TYPE,ACCIDENT_TYPE_DESC,DAY_OF_WEEK,DAY_WEEK_DESC,DCA_CODE,DCA_DESC,LIGHT_CONDITION,NODE_ID,ROAD_GEOMETRY_DESC,SEVERITY,SPEED_ZONE,RMA,ROAD_NAME,LGA_NAME,LATITUDE,LONGITUDE,YEAR,MONTH,MONTH_NAME,HOUR,TIME_PERIOD,DAY_TYPE
T20190025212,2019-12-12,16:35:00,1,Collision with vehicle,4,Thursday,131,LEFT REAR,1,35642,Cross intersection,3,60,Arterial Highway,NEPEAN,MORNINGTON PENINSULA,-38.2204,145.05681,2019,12,December,16,Afternoon Peak,Weekday
T20190025169,2019-12-12,21:18:00,1,Collision with vehicle,4,Thursday,120,HEAD ON (NOT OVERTAKING),5,632042,Not at intersection,2,100,Arterial Other,OLD PRINCES,CARDINIA,-38.053043,145.37733,2019,12,December,21,Night,Weekday
T20190025167,2019-12-12,14:00:00,3,Struck animal,4,Thursday,167,STRUCK ANIMAL,1,658287,Not at intersection,2,60,Local Road,CUNNINGHAM,EAST GIPPSLAND,-37.795567,147.86386,2019,12,December,14,Midday,Weekday
T20190025165,2019-12-12,19:24:00,4,Collision with a fixed object,4,Thursday,171,LEFT OFF CARRIAGEWAY INTO OBJECT/PARKED VEHICLE,2,656977,Not at intersection,3,70,Arterial Other,POUND,CASEY,-38.03843,145.2887,2019,12,December,19,Night,Weekday
T20190025164,2019-12-12,16:50:00,6,Vehicle overturned (no collision),4,Thursday,174,OUT OF CONTROL ON CARRIAGEWAY (ON STRAIGHT),1,612182,T intersection,2,50,Local Road,BUTTERFLY,WYNDHAM,-37.846832,144.65413,2019,12,December,16,Afternoon Peak,Weekday
T20200000717,2019-12-12,06:54:00,1,Collision with vehicle,4,Thursday,131,LEFT REAR,1,287200,Cross intersection,3,50,Arterial Other,PALMERS,WYNDHAM,-37.86682,144.74799,2019,12,December,6,Morning Peak,Weekday
T20190025157,2019-12-12,16:34:00,6,Vehicle overturned (no collision),4,Thursday,180,OFF CARRIAGEWAY ON RIGHT BEND,1,610163,Not at intersection,2,80,Arterial Other,BONANG,EAST GIPPSLAND,-37.48113,148.55699,2019,12,December,16,Afternoon Peak,Weekday
T20190025148,2019-12-12,17:00:00,1,Collision with vehicle,4,Thursday,110,CROSS TRAFFIC(INTERSECTIONS ONLY),1,37041,Cross intersection,3,50,Local Road,HOTHAM,MELBOURNE,-37.814423,144.98819,2019,12,December,17,Afternoon Peak,Weekday
T20190025145,2019-12-12,15:54:00,1,Collision with vehicle,4,Thursday,134,LANE CHANGE RIGHT (NOT OVERTAKING),1,613579,Multiple intersection,3,80,Arterial Highway,MAROONDAH,MAROONDAH,-37.79694,145.25517,2019,12,December,15,Afternoon Peak,Weekday
T20190025144,2019-12-12,15:45:00,1,Collision with vehicle,4,Thursday,132,RIGHT REAR.,1,656975,Not at intersection,3,80,Arterial Other,GILLIES,BALLARAT,-37.566055,143.81686,2019,12,December,15,Afternoon Peak,Weekday
T20190025143,2019-12-12,08:00:00,1,Collision with vehicle,4,Thursday,112,LEFT FAR (INTERSECTIONS ONLY),1,610468,T intersection,3,50,Local Road,PARK,KNOX,-37.8625,145.28294,2019,12,December,8,Morning Peak,Weekday
T20190025141,2019-12-12,17:11:00,8,No collision and no object struck,4,Thursday,174,OUT OF CONTROL ON CARRIAGEWAY (ON STRAIGHT),1,655210,Not at intersection,2,80,Arterial Other,BALLARAT,BRIMBANK,-37.774834,144.80931,2019,12,December,17,Afternoon Peak,Weekday
T20190025275,2019-12-13,20:00:00,4,Collision with a fixed object,5,Friday,173,RIGHT OFF CARRIAGEWAY INTO OBJECT/PARKED VEHICLE,1,609744,T intersection,2,50,Local Road,YAGOONA,DANDENONG,-37.979862,145.16776,2019,12,December,20,Night,Weekday
T20190025323,2019-12-13,14:40:00,1,Collision with vehicle,5,Friday,116,LEFT NEAR (INTERSECTIONS ONLY),1,655279,T intersection,2,60,Arterial Other,MORNINGTON-TYABB,MORNINGTON PENINSULA,-38.239376,145.06757,2019,12,December,14,Midday,Weekday
T20190025183,2019-12-13,08:20:00,1,Collision with vehicle,5,Friday,110,CROSS TRAFFIC(INTERSECTIONS ONLY),1,45106,Cross intersection,3,60,Local Road,HUME,WODONGA,-36.124203,146.88571,2019,12,December,8,Morning Peak,Weekday
T20190025222,2019-12-13,15:30:00,2,Struck Pedestrian,5,Friday,102,FAR SIDE. PED HIT BY VEHICLE FROM THE LEFT,1,632043,Not at intersection,2,80,Arterial Highway,SPRINGVALE,WHITEHORSE,-37.834354,145.17282,2019,12,December,15,Afternoon Peak,Weekday
T20190025282,2019-12-13,23:15:00,7,Fall from or in moving vehicle,5,Friday,190,FELL IN/FROM VEHICLE,3,622954,Not at intersection,2,60,Arterial Other,SPRING STREET -ST GEORGES,DAREBIN,-37.737076,144.99937,2019,12,December,23,Night,Weekday
T20190025253,2019-12-13,17:45:00,1,Collision with vehicle,5,Friday,120,HEAD ON (NOT OVERTAKING),1,638750,Not at intersection,3,50,Local Road,HAZELDENE,HUME,-37.662254,144.91713,2019,12,December,17,Afternoon Peak,Weekday
T20190026562,2019-12-13,15:30:00,1,Collision with vehicle,5,Friday,130,REAR END(VEHICLES IN SAME LANE),1,614734,Not at intersection,3,60,Local Road,HARVEST HOME,WHITTLESEA,-37.622807,145.02655,2019,12,December,15,Afternoon Peak,Weekday
T20190025185,2019-12-13,08:40:00,1,Collision with vehicle,5,Friday,121,RIGHT THROUGH,1,609878,T intersection,2,100,Arterial Highway,MCIVOR,BENDIGO,-36.77298,144.3674,2019,12,December,8,Morning Peak,Weekday
T20190025635,2019-12-13,08:12:00,1,Collision with vehicle,5,Friday,130,REAR END(VEHICLES IN SAME LANE),1,611471,Not at intersection,3,60,Arterial Other,MOUNTAIN,KNOX,-37.84153,145.26387,2019,12,December,8,Morning Peak,Weekday
T20190025201,2019-12-13,08:30:00,1,Collision with vehicle,5,Friday,163,VEHICLE STRIKES DOOR OF PARKED/STATIONARY VEHICLE,1,622637,Not at intersection,2,50,Local Road,PATTERSON,GLEN EIRA,-37.925606,145.03499,2019,12,December,8,Morning Peak,Weekday
T20200002722,2019-12-13,16:10:00,1,Collision with vehicle,5,Friday,130,REAR END(VEHICLES IN SAME LANE),1,45046,Cross intersection,3,60,Local Road,LIDDIARD,LATROBE,-38.20213,146.55115,2019,12,December,16,Afternoon Peak,Weekday
T20190025203,2019-12-13,08:57:00,1,Collision with vehicle,5,Friday,132,RIGHT REAR.,1,638093,Not at intersection,3,60,Arterial Other,PASCOE VALE,MORELAND,-37.720882,144.92107,2019,12,December,8,Morning Peak,Weekday
T20190026379,2019-12-13,12:05:00,1,Collision with vehicle,5,Friday,163,VEHICLE STRIKES DOOR OF PARKED/STATIONARY VEHICLE,1,624502,Not at intersection,3,40,Local Road,HORNBY,STONNINGTON,-37.854477,144.99605,2019,12,December,12,Midday,Weekday
T20200010076,2019-12-13,17:30:00,1,Collision with vehicle,5,Friday,121,RIGHT THROUGH,9,29400,Cross intersection,3,60,Arterial Highway,ALEXANDRA,MELBOURNE,-37.793045,144.97572,2019,12,December,17,Afternoon Peak,Weekday
T20190025235,2019-12-13,18:06:00,1,Collision with vehicle,5,Friday,137,LEFT TURN SIDESWIPE,1,611606,Not at intersection,3,60,Local Road,EXFORD,MELTON,-37.713863,144.57297,2019,12,December,18,Afternoon Peak,Weekday
T20190025273,2019-12-13,14:15:00,4,Collision with a fixed object,5,Friday,181,OFF RIGHT BEND INTO OBJECT/PARKED VEHICLE,1,609201,Not at intersection,1,80,Arterial Other,FORREST-APOLLO BAY,COLAC OTWAY,-38.633827,143.71489,2019,12,December,14,Midday,Weekday
T20190025188,2019-12-13,07:03:00,1,Collision with vehicle,5,Friday,110,CROSS TRAFFIC(INTERSECTIONS ONLY),1,59270,Cross intersection,2,100,Local Road,GIRGARRE EAST,SHEPPARTON,-36.454876,145.11394,2019,12,December,7,Morning Peak,Weekday
T20190025193,2019-12-13,08:15:00,1,Collision with vehicle,5,Friday,130,REAR END(VEHICLES IN SAME LANE),1,610763,Not at intersection,2,60,Arterial Other,HIGH,DAREBIN,-37.704468,145.00975,2019,12,December,8,Morning Peak,Weekday
T20190025500,2019-12-13,00:05:00,2,Struck Pedestrian,5,Friday,103,PED PLAYING/LYING/WORKING/STANDING ON CARRIAGEWAY.,3,29870,Road closure,3,40,Freeway,MILLERS,HOBSONS BAY,-37.82531,144.84909,2019,12,December,0,Late Night,Weekday
T20190025195,2019-12-13,10:30:00,1,Collision with vehicle,5,Friday,116,LEFT NEAR (INTERSECTIONS ONLY),1,235882,T intersection,2,80,Arterial Highway,MOOROODUC,FRANKSTON,-38.165405,145.13705,2019,12,December,10,Midday,Weekday
T20190025197,2019-12-13,12:40:00,1,Collision with vehicle,5,Friday,121,RIGHT THROUGH,1,36781,T intersection,2,60,Local Road,HAMMOND,DANDENONG,-38.034027,145.2017,2019,12,December,12,Midday,Weekday
T20190025216,2019-12-13,14:15:00,1,Collision with vehicle,5,Friday,130,REAR END(VEHICLES IN SAME LANE),1,610764,Not at intersection,2,100,Freeway,WESTERN RING,MORELAND,-37.699856,144.89583,2019,12,December,14,Midday,Weekday
T20200001932,2019-12-13,08:00:00,1,Collision with vehicle,5,Friday,123,RIGHT/LEFT. ONE VEH TURNING RIGHT THE OTHER LEFT.,1,360526,Cross intersection,3,60,Arterial Other,DALTON ROAD -SETTLEMENT,WHITTLESEA,-37.689594,145.0278,2019,12,December,8,Morning Peak,Weekday
T20190025206,2019-12-13,12:37:00,4,Collision with a fixed object,5,Friday,181,OFF RIGHT BEND INTO OBJECT/PARKED VEHICLE,1,614287,Not at intersection,2,80,Arterial Highway,PHILLIP ISLAND,BASS COAST,-38.51926,145.34125,2019,12,December,12,Midday,Weekday
T20190025514,2019-12-13,13:00:00,4,Collision with a fixed object,5,Friday,183,OFF LEFT BEND INTO OBJECT/PARKED VEHICLE,1,610476,Not at intersection,3,80,Local Road,SEVEN MILE CREEK,BAW BAW,-37.98786,146.07884,2019,12,December,13,Midday,Weekday
T20190025278,2019-12-13,18:13:00,1,Collision with vehicle,5,Friday,130,REAR END(VEHICLES IN SAME LANE),1,640619,Not at intersection,3,100,Arterial Other,SUNBURY,HUME,-37.614002,144.77937,2019,12,December,18,Afternoon Peak,Weekday
T20190025256,2019-12-13,14:18:00,5,collision with some other object,5,Friday,191,LOAD OR MISSILE STRUCK VEHICLE,1,609200,Not at intersection,1,100,Arterial Other,GEELONG-BACCHUS MARSH,MOORABOOL,-37.7867,144.42409,2019,12,December,14,Midday,Weekday
T20190025254,2019-12-13,18:20:00,1,Collision with vehicle,5,Friday,121,RIGHT THROUGH,1,610765,T intersection,3,60,Arterial Other,HUMFFRAY STREET N-WATER,BALLARAT,-37.55176,143.90341,2019,12,December,18,Afternoon Peak,Weekday
T20190025255,2019-12-13,19:00:00,4,Collision with a fixed object,5,Friday,171,LEFT OFF CARRIAGEWAY INTO OBJECT/PARKED VEHICLE,1,612183,Not at intersection,2,100,Arterial Other,NHILL-HARROW,WEST WIMMERA,-36.666214,141.64192,2019,12,December,19,Night,Weekday
T20200000635,2019-12-13,16:30:00,1,Collision with vehicle,5,Friday,121,RIGHT THROUGH,1,38879,T intersection,3,60,Arterial Other,STUDLEY PARK,BOROONDARA,-37.80708,145.02545,2019,12,December,16,Afternoon Peak,Weekday
T20190025271,2019-12-13,19:24:00,1,Collision with vehicle,5,Friday,113,RIGHT NEAR (INTERSECTIONS ONLY),1,42594,T intersection,3,60,Arterial Other,JACKSONS,DANDENONG,-37.94183,145.19241,2019,12,December,19,Night,Weekday
T20190025264,2019-12-13,21:10:00,1,Collision with vehicle,5,Friday,113,RIGHT NEAR (INTERSECTIONS ONLY),2,57386,T intersection,3,50,Local Road,ARTHUR,BRIMBANK,-37.729794,144.8106,2019,12,December,21,Night,Weekday
T20190025175,2019-12-13,02:20:00,1,Collision with vehicle,5,Friday,120,HEAD ON (NOT OVERTAKING),3,620548,Not at intersection,2,60,Arterial Other,EPPING,DAREBIN,-37.697456,145.01097,2019,12,December,2,Late Night,Weekday
T20190025176,2019-12-13,07:28:00,4,Collision with a fixed object,5,Friday,171,LEFT OFF CARRIAGEWAY INTO OBJECT/PARKED VEHICLE,1,609613,Not at intersection,3,100,Freeway,PRINCES,WYNDHAM,-37.937664,144.61414,2019,12,December,7,Morning Peak,Weekday
T20190025178,2019-12-13,07:45:00,5,collision with some other object,5,Friday,166,STRUCK OBJECT ON CARRIAGEWAY,1,609743,Not at intersection,2,60,Arterial Other,MARIBYRNONG,MOONEE VALLEY,-37.77019,144.90225,2019,12,December,7,Morning Peak,Weekday
T20190025180,2019-12-13,07:14:00,4,Collision with a fixed object,5,Friday,171,LEFT OFF CARRIAGEWAY INTO OBJECT/PARKED VEHICLE,1,657038,Not at intersection,2,60,Arterial Highway,DEAKIN,MILDURA,-34.21279,142.12883,2019,12,December,7,Morning Peak,Weekday
T20190025225,2019-12-13,14:35:00,1,Collision with vehicle,5,Friday,140,U TURN,1,609345,Not at intersection,3,80,Local Road,GRAYDENS,MORNINGTON PENINSULA,-38.284676,145.1468,2019,12,December,14,Midday,Weekday
T20190025227,2019-12-13,14:20:00,1,Collision with vehicle,5,Friday,120,HEAD ON (NOT OVERTAKING),1,610469,Not at intersection,2,50,Arterial Other,PRINCES HIGHWAY SERVICE,CASEY,-38.0312,145.3388,2019,12,December,14,Midday,Weekday
T20190025229,2019-12-13,16:30:00,1,Collision with vehicle,5,Friday,130,REAR END(VEHICLES IN SAME LANE),1,611888,T intersection,3,60,Local Road,WHITELAW,BALLARAT,-37.580406,143.82478,2019,12,December,16,Afternoon Peak,Weekday
T20190025230,2019-12-13,12:40:00,1,Collision with vehicle,5,Friday,121,RIGHT THROUGH,1,56532,Cross intersection,2,80,Arterial Highway,NEPEAN,BAYSIDE,-37.89758,145.00543,2019,12,December,12,Midday,Weekday
T20190025231,2019-12-13,12:00:00,6,Vehicle overturned (no collision),5,Friday,174,OUT OF CONTROL ON CARRIAGEWAY (ON STRAIGHT),1,651619,Not at intersection,2,100,Arterial Highway,HAMILTON,GOLDEN PLAINS,-38.082428,143.88025,2019,12,December,12,Midday,Weekday
T20190025234,2019-12-13,08:40:00,2,Struck Pedestrian,5,Friday,100,PED NEAR SIDE. PED HIT BY VEHICLE FROM THE RIGHT.,1,54217,T intersection,3,50,Local Road,HEDGEROW,WODONGA,-36.125347,146.863,2019,12,December,8,Morning Peak,Weekday
T20190025260,2019-12-13,16:28:00,1,Collision with vehicle,5,Friday,120,HEAD ON (NOT OVERTAKING),1,657037,T intersection,3,80,Arterial Other,DONNYBROOK,HUME,-37.541042,144.95439,2019,12,December,16,Afternoon Peak,Weekday
T20190025302,2019-12-13,17:15:00,2,Struck Pedestrian,5,Friday,100,PED NEAR SIDE. PED HIT BY VEHICLE FROM THE RIGHT.,1,613863,T intersection,3,50,Local Road,HENRY,BOROONDARA,-37.823338,145.04224,2019,12,December,17,Afternoon Peak,Weekday
T20190025236,2019-12-13,16:50:00,1,Collision with vehicle,5,Friday,110,CROSS TRAFFIC(INTERSECTIONS ONLY),1,62426,Cross intersection,2,50,Local Road,TAMBO,DAREBIN,-37.719078,145.01897,2019,12,December,16,Afternoon Peak,Weekday
T20190025241,2019-12-13,15:10:00,1,Collision with vehicle,5,Friday,121,RIGHT THROUGH,1,609614,Cross intersection,3,70,Arterial Other,MICKLEHAM,HUME,-37.69002,144.88217,2019,12,December,15,Afternoon Peak,Weekday
T20190025612,2019-12-13,17:19:00,1,Collision with vehicle,5,Friday,110,CROSS TRAFFIC(INTERSECTIONS ONLY),1,63938,Cross intersection,3,50,Local Road,CHRISTMAS,DAREBIN,-37.767773,145.02304,2019,12,December,17,Afternoon Peak,Weekday
T20190025242,2019-12-13,15:14:00,4,Collision with a fixed object,5,Friday,171,LEFT OFF CARRIAGEWAY INTO OBJECT/PARKED VEHICLE,1,632044,Not at intersection,2,80,Arterial Highway,LODDON VALLEY,BENDIGO,-36.71193,144.22511,2019,12,December,15,Afternoon Peak,Weekday
T20190025244,2019-12-13,16:52:00,1,Collision with vehicle,5,Friday,121,RIGHT THROUGH,1,61029,T intersection,3,60,Arterial Other,CRAIGIEBURN,HUME,-37.597694,144.92966,2019,12,December,16,Afternoon Peak,Weekday
T20190025246,2019-12-13,20:00:00,1,Collision with vehicle,5,Friday,163,VEHICLE STRIKES DOOR OF PARKED/STATIONARY VEHICLE,2,139511,Not at intersection,2,40,Arterial Other,SYDNEY,MORELAND,-37.743,144.96631,2019,12,December,20,Night,Weekday
T20190025250,2019-12-13,19:40:00,1,Collision with vehicle,5,Friday,134,LANE CHANGE RIGHT (NOT OVERTAKING),2,655278,Not at intersection,2,70,Arterial Highway,SPRINGVALE,WHITEHORSE,-37.81439,145.17665,2019,12,December,19,Night,Weekday
T20190025272,2019-12-13,21:40:00,1,Collision with vehicle,5,Friday,120,HEAD ON (NOT OVERTAKING),2,622046,Not at intersection,2,60,Arterial Other,BELGRAVE-GEMBROOK,CARDINIA,-37.930393,145.43187,2019,12,December,21,Night,Weekday
T20190025841,2019-12-13,14:36:00,4,Collision with a fixed object,5,Friday,181,OFF RIGHT BEND INTO OBJECT/PARKED VEHICLE,1,48749,Multiple intersection,3,80,Local Road,MAIN CREEK,MORNINGTON PENINSULA,-38.398712,144.9718,2019,12,December,14,Midday,Weekday
T20190025245,2019-12-13,18:00:00,1,Collision with vehicle,5,Friday,130,REAR END(VEHICLES IN SAME LANE),1,68472,T intersection,3,60,Arterial Other,WAVERLEY,MONASH,-37.884026,145.12157,2019,12,December,18,Afternoon Peak,Weekday
T20190025435,2019-12-13,15:45:00,7,Fall from or in moving vehicle,5,Friday,190,FELL IN/FROM VEHICLE,1,618495,Not at intersection,3,100,Local Road,MURRAYVILLE NORTH,MILDURA,-35.142056,141.18414,2019,12,December,15,Afternoon Peak,Weekday
T20190025411,2019-12-13,09:50:00,1,Collision with vehicle,5,Friday,147,VEHICLE STRIKES ANOTHER VEH WHILE EMERGING FROM DRIVEWAY,1,259152,Not at intersection,3,70,Arterial Highway,SPRINGVALE,MONASH,-37.90458,145.16121,2019,12,December,9,Morning Peak,Weekday
T20190025308,2019-12-14,13:22:00,1,Collision with vehicle,6,Saturday,130,REAR END(VEHICLES IN SAME LANE),1,610165,Not at intersection,3,80,Freeway,TULLAMARINE,MOONEE VALLEY,-37.72772,144.8909,2019,12,December,13,Midday,Weekend
T20190025336,2019-12-14,11:02:00,1,Collision with vehicle,6,Saturday,130,REAR END(VEHICLES IN SAME LANE),1,614431,Not at intersection,2,80,Arterial Other,PRINCES,CASEY,-38.029545,145.33156,2019,12,December,11,Midday,Weekend
T20190025306,2019-12-14,11:38:00,1,Collision with vehicle,6,Saturday,136,RIGHT TURN SIDESWIPE,1,613300,Not at intersection,2,100,Arterial Other,KOO WEE RUP-LONGWARRY,CARDINIA,-38.18428,145.61104,2019,12,December,11,Midday,Weekend
T20190025558,2019-12-14,19:00:00,1,Collision with vehicle,6,Saturday,148,VEHICLE OFF FOOTPATH STRIKES VEH ON CARRIAGEWAY,2,655341,Cross intersection,3,50,Local Road,EAGLERIDGE,WYNDHAM,-37.83392,144.66806,2019,12,December,19,Night,Weekend
T20190025304,2019-12-14,09:42:00,2,Struck Pedestrian,6,Saturday,102,FAR SIDE. PED HIT BY VEHICLE FROM THE LEFT,1,37764,T intersection,2,60,Arterial Other,HIGH,WHITTLESEA,-37.662876,145.01768,2019,12,December,9,Morning Peak,Weekend
T20190025351,2019-12-14,16:10:00,1,Collision with vehicle,6,Saturday,147,VEHICLE STRIKES ANOTHER VEH WHILE EMERGING FROM DRIVEWAY,1,651010,Not at intersection,3,50,Local Road,NORFOLK PINE,MORNINGTON PENINSULA,-38.230865,145.16678,2019,12,December,16,Afternoon Peak,Weekend
T20190025303,2019-12-14,09:30:00,1,Collision with vehicle,6,Saturday,134,LANE CHANGE RIGHT (NOT OVERTAKING),9,37610,Cross intersection,3,60,Arterial Highway,PUNT,STONNINGTON,-37.83832,144.98653,2019,12,December,9,Morning Peak,Weekend
T20190025344,2019-12-14,19:34:00,1,Collision with vehicle,6,Saturday,130,REAR END(VEHICLES IN SAME LANE),1,199718,Not at intersection,3,80,Arterial Other,BALLARAT,BRIMBANK,-37.76365,144.75731,2019,12,December,19,Night,Weekend
T20190026318,2019-12-14,15:00:00,8,No collision and no object struck,6,Saturday,184,OUT OF CONTROL ON CARRIAGEWAY (ON BEND),1,619525,Not at intersection,2,100,Local Road,EAGLEHAWK-NEILBOROUGH,BENDIGO,-36.68776,144.27707,2019,12,December,15,Afternoon Peak,Weekend
T20190025343,2019-12-14,18:25:00,1,Collision with vehicle,6,Saturday,147,VEHICLE STRIKES ANOTHER VEH WHILE EMERGING FROM DRIVEWAY,1,630005,Not at intersection,2,50,Local Road,STRABANE,WHITEHORSE,-37.80737,145.11307,2019,12,December,18,Afternoon Peak,Weekend
T20190025341,2019-12-14,18:30:00,3,Struck animal,6,Saturday,167,STRUCK ANIMAL,1,612186,Not at intersection,3,100,Arterial Other,OLD MOOROODUC,MORNINGTON PENINSULA,-38.27327,145.07118,2019,12,December,18,Afternoon Peak,Weekend
T20190025337,2019-12-14,14:53:00,6,Vehicle overturned (no collision),6,Saturday,172,OFF CARRIAGEWAY TO RIGHT,1,773348,Not at intersection,3,100,Arterial Other,BENALLA-YARRAWONGA,BENALLA,-36.33004,145.96152,2019,12,December,14,Midday,Weekend
T20190025333,2019-12-14,18:55:00,5,collision with some other object,6,Saturday,175,OFF END OF ROAD/T-INTERSECTION.,1,610171,T intersection,2,100,Freeway,SNOW,WANGARATTA,-36.42624,146.2583,2019,12,December,18,Afternoon Peak,Weekend
T20190025332,2019-12-14,15:44:00,1,Collision with vehicle,6,Saturday,160,VEHICLE COLLIDES WITH VEHICLE PARKED ON LEFT OF ROAD,1,610902,Not at intersection,2,60,Local Road,REYNOLDS,MORELAND,-37.74161,144.9398,2019,12,December,15,Afternoon Peak,Weekend
T20190025329,2019-12-14,18:15:00,1,Collision with vehicle,6,Saturday,130,REAR END(VEHICLES IN SAME LANE),1,35500,Cross intersection,3,70,Arterial Highway,DANDENONG ROAD -QUEENS,STONNINGTON,-37.857506,144.9923,2019,12,December,18,Afternoon Peak,Weekend
T20190025327,2019-12-14,17:22:00,1,Collision with vehicle,6,Saturday,130,REAR END(VEHICLES IN SAME LANE),1,609880,Not at intersection,3,80,Arterial Highway,GREENSBOROUGH,NILLUMBIK,-37.691082,145.10909,2019,12,December,17,Afternoon Peak,Weekend
T20190025326,2019-12-14,17:45:00,1,Collision with vehicle,6,Saturday,110,CROSS TRAFFIC(INTERSECTIONS ONLY),1,612185,Cross intersection,3,70,Arterial Other,THOMPSONS,MANNINGHAM,-37.757298,145.11328,2019,12,December,17,Afternoon Peak,Weekend
T20190025325,2019-12-14,16:27:00,1,Collision with vehicle,6,Saturday,113,RIGHT NEAR (INTERSECTIONS ONLY),1,629989,T intersection,2,50,Local Road,CADE,MELBOURNE,-37.778812,144.94023,2019,12,December,16,Afternoon Peak,Weekend
T20190025324,2019-12-14,16:46:00,4,Collision with a fixed object,6,Saturday,173,RIGHT OFF CARRIAGEWAY INTO OBJECT/PARKED VEHICLE,1,614878,Not at intersection,2,100,Arterial Other,HEATHCOTE-ROCHESTER,CAMPASPE,-36.641533,144.75676,2019,12,December,16,Afternoon Peak,Weekend
T20190025348,2019-12-14,22:20:00,1,Collision with vehicle,6,Saturday,140,U TURN,3,657041,Not at intersection,3,80,Arterial Other,MORNINGTON-TYABB,MORNINGTON PENINSULA,-38.24449,145.08617,2019,12,December,22,Night,Weekend
T20190025319,2019-12-14,14:35:00,8,No collision and no object struck,6,Saturday,180,OFF CARRIAGEWAY ON RIGHT BEND,1,632046,Not at intersection,2,60,Arterial Other,MOUNT BUFFALO,ALPINE,-36.72054,146.80576,2019,12,December,14,Midday,Weekend
T20190025299,2019-12-14,09:20:00,4,Collision with a fixed object,6,Saturday,183,OFF LEFT BEND INTO OBJECT/PARKED VEHICLE,1,657208,Not at intersection,3,100,Local Road,NO1 LINK,INDIGO,-36.355606,146.80559,2019,12,December,9,Morning Peak,Weekend
T20190025378,2019-12-14,09:43:00,2,Struck Pedestrian,6,Saturday,100,PED NEAR SIDE. PED HIT BY VEHICLE FROM THE RIGHT.,1,629297,Not at intersection,2,60,Arterial Other,MORELAND,MORELAND,-37.754982,144.96024,2019,12,December,9,Morning Peak,Weekend
T20190025295,2019-12-14,10:52:00,1,Collision with vehicle,6,Saturday,130,REAR END(VEHICLES IN SAME LANE),1,61746,T intersection,2,80,Arterial Other,ELTHAM-YARRA GLEN,NILLUMBIK,-37.688797,145.23422,2019,12,December,10,Midday,Weekend
T20190025318,2019-12-14,14:40:00,1,Collision with vehicle,6,Saturday,116,LEFT NEAR (INTERSECTIONS ONLY),1,62796,T intersection,3,60,Local Road,GILBERT,DAREBIN,-37.732586,144.99098,2019,12,December,14,Midday,Weekend
T20190025322,2019-12-14,16:20:00,6,Vehicle overturned (no collision),6,Saturday,180,OFF CARRIAGEWAY ON RIGHT BEND,1,614877,Not at intersection,2,60,Local Road,SALISBURY,CARDINIA,-38.008907,145.42792,2019,12,December,16,Afternoon Peak,Weekend
T20190025291,2019-12-14,08:05:00,4,Collision with a fixed object,6,Saturday,181,OFF RIGHT BEND INTO OBJECT/PARKED VEHICLE,1,610617,Not at intersection,3,60,Arterial Other,MONBULK,YARRA RANGES,-37.86198,145.41371,2019,12,December,8,Morning Peak,Weekend
T20190025290,2019-12-14,06:10:00,1,Collision with vehicle,6,Saturday,130,REAR END(VEHICLES IN SAME LANE),2,10631,Cross intersection,1,80,Arterial Other,SYDNEY,HUME,-37.64759,144.95181,2019,12,December,6,Morning Peak,Weekend
T20190025360,2019-12-14,01:11:00,4,Collision with a fixed object,6,Saturday,171,LEFT OFF CARRIAGEWAY INTO OBJECT/PARKED VEHICLE,3,612750,Not at intersection,2,60,Arterial Other,WERRIBEE,WYNDHAM,-37.903355,144.65431,2019,12,December,1,Late Night,Weekend
T20190025317,2019-12-14,16:35:00,1,Collision with vehicle,6,Saturday,130,REAR END(VEHICLES IN SAME LANE),1,39299,T intersection,2,60,Arterial Other,CANTERBURY,WHITEHORSE,-37.828506,145.1197,2019,12,December,16,Afternoon Peak,Weekend
T20190025363,2019-12-14,23:00:00,7,Fall from or in moving vehicle,6,Saturday,190,FELL IN/FROM VEHICLE,3,43686,T intersection,2,50,Local Road,GILBERT,DAREBIN,-37.72562,144.99219,2019,12,December,23,Night,Weekend
T20190025368,2019-12-14,16:30:00,1,Collision with vehicle,6,Saturday,130,REAR END(VEHICLES IN SAME LANE),1,610167,T intersection,2,100,Local Road,MCIVOR,MOUNT ALEXANDER,-36.968636,144.28484,2019,12,December,16,Afternoon Peak,Weekend
T20190025314,2019-12-14,16:20:00,1,Collision with vehicle,6,Saturday,110,CROSS TRAFFIC(INTERSECTIONS ONLY),1,45520,Cross intersection,3,60,Local Road,CAROLINE SPRINGS,MELTON,-37.72245,144.73837,2019,12,December,16,Afternoon Peak,Weekend
T20190025522,2019-12-14,12:00:00,1,Collision with vehicle,6,Saturday,130,REAR END(VEHICLES IN SAME LANE),1,610479,Not at intersection,3,100,Freeway,WARRIGAL-MONASH IN,STONNINGTON,-37.881687,145.08809,2019,12,December,12,Midday,Weekend