ACCIDENT_NO,ACCIDENT_DATE,ACCIDENT_TIME,ACCIDENT_TYPE,ACCIDENT_TYPE_DESC,DAY_OF_WEEK,DAY_WEEK_DESC,DCA_CODE,DCA_DESC,LIGHT_CONDITION,NODE_ID,ROAD_GEOMETRY_DESC,SEVERITY,SPEED_ZONE,RMA,ROAD_NAME,LGA_NAME,LATITUDE,LONGITUDE,YEAR,MONTH,MONTH_NAME,HOUR,TIME_PERIOD,DAY_TYPE
T20190025376,2019-12-14,22:00:00,4,Collision with a fixed object,6,Saturday,175,OFF END OF ROAD/T-INTERSECTION.,5,776875,T intersection,2,50,Local Road,MCLEOD,GOLDEN PLAINS,-37.842773,144.07199,2019,12,December,22,Night,Weekend
T20200009639,2019-12-14,12:15:00,1,Collision with vehicle,6,Saturday,139,OTHER SAME DIRECTION-MANOUEVRES NOT INCLUDED IN DCAs 130-137,1,41889,T intersection,3,80,Arterial Other,FERNTREE GULLY,KNOX,-37.8972,145.24567,2019,12,December,12,Midday,Weekend
T20190025393,2019-12-14,22:30:00,8,No collision and no object struck,6,Saturday,179,OTHER ACCIDENTS-OFF STRAIGHT NOT INCLUDED IN DCAs 170-175,3,36505,T intersection,3,50,Local Road,BELL,YARRA,-37.800358,144.97812,2019,12,December,22,Night,Weekend
T20190025311,2019-12-14,14:30:00,1,Collision with vehicle,6,Saturday,121,RIGHT THROUGH,1,36813,Cross intersection,2,60,Arterial Other,NORMANBY,PORT PHILLIP,-37.828957,144.94844,2019,12,December,14,Midday,Weekend
T20200001365,2019-12-14,22:00:00,1,Collision with vehicle,6,Saturday,129,OTHER OPPOSING MANOEUVRES NOT INCLUDED IN DCAs 120-125.,5,57876,Y intersection,3,80,Arterial Highway,MELBA,YARRA RANGES,-37.69218,145.38364,2019,12,December,22,Night,Weekend
T20190026069,2019-12-15,20:35:00,1,Collision with vehicle,7,Sunday,135,LANE CHANGE LEFT (NOT OVERTAKING),2,612199,Not at intersection,3,80,Freeway,WEST GATE,HOBSONS BAY,-37.825714,144.82909,2019,12,December,20,Night,Weekend
T20200012966,2019-12-15,12:00:00,1,Collision with vehicle,7,Sunday,130,REAR END(VEHICLES IN SAME LANE),9,658787,Cross intersection,3,60,Arterial Highway,RINGWOOD STREET -WANTIRNA,MAROONDAH,-37.815952,145.22731,2019,12,December,12,Midday,Weekend
T20200005262,2019-12-15,13:15:00,8,No collision and no object struck,7,Sunday,184,OUT OF CONTROL ON CARRIAGEWAY (ON BEND),1,636168,Multiple intersection,3,50,Local Road,LITHGOW,MITCHELL,-37.471596,144.95496,2019,12,December,13,Midday,Weekend
T20190025400,2019-12-15,17:14:00,1,Collision with vehicle,7,Sunday,121,RIGHT THROUGH,1,37019,T intersection,3,80,Arterial Other,CRANBOURNE,CASEY,-38.038742,145.30473,2019,12,December,17,Afternoon Peak,Weekend
T20190025354,2019-12-15,01:58:00,4,Collision with a fixed object,7,Sunday,181,OFF RIGHT BEND INTO OBJECT/PARKED VEHICLE,5,657635,Not at intersection,2,80,Freeway,FITZGERALD-WESTERN RING OUT,BRIMBANK,-37.79665,144.7876,2019,12,December,1,Late Night,Weekend
T20190025379,2019-12-15,10:39:00,1,Collision with vehicle,7,Sunday,130,REAR END(VEHICLES IN SAME LANE),1,611891,Cross intersection,3,60,Arterial Other,BORONIA,WHITEHORSE,-37.836185,145.1955,2019,12,December,10,Midday,Weekend
T20190025358,2019-12-15,04:35:00,4,Collision with a fixed object,7,Sunday,171,LEFT OFF CARRIAGEWAY INTO OBJECT/PARKED VEHICLE,3,609881,Not at intersection,2,60,Arterial Highway,BRIGHTON ROAD SERVICE,PORT PHILLIP,-37.8692,144.98792,2019,12,December,4,Late Night,Weekend
T20190025353,2019-12-15,01:30:00,1,Collision with vehicle,7,Sunday,160,VEHICLE COLLIDES WITH VEHICLE PARKED ON LEFT OF ROAD,3,617762,Not at intersection,3,50,Local Road,CARR,MORELAND,-37.730705,144.96999,2019,12,December,1,Late Night,Weekend
T20190025434,2019-12-15,12:30:00,8,No collision and no object struck,7,Sunday,179,OTHER ACCIDENTS-OFF STRAIGHT NOT INCLUDED IN DCAs 170-175,1,610474,Not at intersection,3,60,Local Road,BLACK RANGE,MURRINDINDI,-37.409225,145.63585,2019,12,December,12,Midday,Weekend
T20190025382,2019-12-15,10:30:00,1,Collision with vehicle,7,Sunday,130,REAR END(VEHICLES IN SAME LANE),1,246270,T intersection,3,50,Local Road,BELL,GEELONG,-38.128044,144.35538,2019,12,December,10,Midday,Weekend
T20190025383,2019-12-15,12:15:00,1,Collision with vehicle,7,Sunday,120,HEAD ON (NOT OVERTAKING),1,622049,Not at intersection,2,40,Local Road,BLAIR,HUME,-37.665565,144.93303,2019,12,December,12,Midday,Weekend
T20190025384,2019-12-15,11:30:00,6,Vehicle overturned (no collision),7,Sunday,151,OUT OF CONTROL (OVERTAKING),1,624167,T intersection,2,100,Local Road,SEATON-GLENMAGGIE,WELLINGTON,-37.89928,146.7277,2019,12,December,11,Midday,Weekend
T20190025389,2019-12-15,07:30:00,1,Collision with vehicle,7,Sunday,154,PULLING OUT -REAR END,1,661211,Not at intersection,3,100,Freeway,TULLAMARINE,HUME,-37.702686,144.88899,2019,12,December,7,Morning Peak,Weekend
T20190025361,2019-12-15,03:30:00,4,Collision with a fixed object,7,Sunday,183,OFF LEFT BEND INTO OBJECT/PARKED VEHICLE,5,659140,Not at intersection,3,60,Arterial Highway,PRINCES,MOYNE,-38.33878,142.71948,2019,12,December,3,Late Night,Weekend
T20190025415,2019-12-15,20:00:00,1,Collision with vehicle,7,Sunday,130,REAR END(VEHICLES IN SAME LANE),2,626408,Not at intersection,1,100,Freeway,WESTERN RING,BRIMBANK,-37.74257,144.8465,2019,12,December,20,Night,Weekend
T20190025413,2019-12-15,23:20:00,1,Collision with vehicle,7,Sunday,110,CROSS TRAFFIC(INTERSECTIONS ONLY),3,29580,Cross intersection,2,60,Arterial Other,QUEEN,HOBSONS BAY,-37.87355,144.7865,2019,12,December,23,Night,Weekend
T20190025412,2019-12-15,23:15:00,1,Collision with vehicle,7,Sunday,130,REAR END(VEHICLES IN SAME LANE),3,612188,Cross intersection,2,60,Arterial Other,QUEEN,HOBSONS BAY,-37.871555,144.77762,2019,12,December,23,Night,Weekend
T20190025367,2019-12-15,05:20:00,2,Struck Pedestrian,7,Sunday,105,PED WALKING AGAINST TRAFFIC.,5,610166,Not at intersection,3,80,Arterial Other,HOWE,BALLARAT,-37.508427,143.80522,2019,12,December,5,Morning Peak,Weekend
T20190025407,2019-12-15,20:20:00,1,Collision with vehicle,7,Sunday,110,CROSS TRAFFIC(INTERSECTIONS ONLY),2,52792,Cross intersection,3,60,Local Road,DOVETON,BALLARAT,-37.545254,143.85783,2019,12,December,20,Night,Weekend
T20190025362,2019-12-15,05:30:00,1,Collision with vehicle,7,Sunday,132,RIGHT REAR.,2,72622,T intersection,3,60,Arterial Other,NARRACAN,LATROBE,-38.185333,146.28047,2019,12,December,5,Morning Peak,Weekend
T20190025404,2019-12-15,19:35:00,1,Collision with vehicle,7,Sunday,120,HEAD ON (NOT OVERTAKING),2,655426,Not at intersection,3,100,Arterial Highway,MAROONDAH,YARRA RANGES,-37.60418,145.62042,2019,12,December,19,Night,Weekend
T20190026297,2019-12-16,10:50:00,4,Collision with a fixed object,1,Monday,171,LEFT OFF CARRIAGEWAY INTO OBJECT/PARKED VEHICLE,1,19378,T intersection,2,70,Arterial Highway,NORTHERN,CAMPASPE,-36.35463,144.6971,2019,12,December,10,Midday,Weekday
T20190025472,2019-12-16,18:30:00,1,Collision with vehicle,1,Monday,110,CROSS TRAFFIC(INTERSECTIONS ONLY),1,41460,Cross intersection,3,60,Arterial Other,WAVERLEY,STONNINGTON,-37.878098,145.06567,2019,12,December,18,Afternoon Peak,Weekday
T20190025489,2019-12-16,15:25:00,1,Collision with vehicle,1,Monday,121,RIGHT THROUGH,1,611326,T intersection,2,100,Arterial Highway,WESTERN,HINDMARSH,-36.36457,141.79915,2019,12,December,15,Afternoon Peak,Weekday
T20190025772,2019-12-16,18:30:00,1,Collision with vehicle,1,Monday,130,REAR END(VEHICLES IN SAME LANE),1,639980,T intersection,3,80,Arterial Other,ORMOND,PORT PHILLIP,-37.88718,144.98413,2019,12,December,18,Afternoon Peak,Weekday
T20190025476,2019-12-16,17:25:00,1,Collision with vehicle,1,Monday,163,VEHICLE STRIKES DOOR OF PARKED/STATIONARY VEHICLE,1,314502,Cross intersection,3,40,Local Road,FLINDERS,MELBOURNE,-37.81792,144.96584,2019,12,December,17,Afternoon Peak,Weekday
T20190025475,2019-12-16,16:40:00,1,Collision with vehicle,1,Monday,132,RIGHT REAR.,1,57353,T intersection,3,80,Arterial Other,PASCOE VALE,HUME,-37.67036,144.92378,2019,12,December,16,Afternoon Peak,Weekday
T20190025490,2019-12-16,15:00:00,4,Collision with a fixed object,1,Monday,183,OFF LEFT BEND INTO OBJECT/PARKED VEHICLE,1,657281,Not at intersection,2,50,Local Road,BETULA,WHITTLESEA,-37.683193,145.0577,2019,12,December,15,Afternoon Peak,Weekday
T20190025494,2019-12-16,14:30:00,1,Collision with vehicle,1,Monday,121,RIGHT THROUGH,1,343497,T intersection,3,60,Arterial Other,PRINCES,BAW BAW,-38.13015,145.8497,2019,12,December,14,Midday,Weekday
T20190025478,2019-12-16,17:15:00,1,Collision with vehicle,1,Monday,120,HEAD ON (NOT OVERTAKING),1,651620,Not at intersection,2,60,Local Road,PLANTATION,GEELONG,-38.068542,144.3748,2019,12,December,17,Afternoon Peak,Weekday
T20190025508,2019-12-16,15:40:00,1,Collision with vehicle,1,Monday,169,OTHER ON PATH,1,773234,Not at intersection,3,50,Local Road,LERINA,MONASH,-37.910793,145.11545,2019,12,December,15,Afternoon Peak,Weekday
T20190025498,2019-12-16,02:40:00,4,Collision with a fixed object,1,Monday,171,LEFT OFF CARRIAGEWAY INTO OBJECT/PARKED VEHICLE,3,57675,Cross intersection,2,80,Arterial Other,FIRMINS,LATROBE,-38.255447,146.4898,2019,12,December,2,Late Night,Weekday
T20200007057,2019-12-16,14:30:00,1,Collision with vehicle,1,Monday,130,REAR END(VEHICLES IN SAME LANE),1,654937,Not at intersection,3,80,Freeway,PRINCES,HOBSONS BAY,-37.840763,144.79372,2019,12,December,14,Midday,Weekday
T20190025464,2019-12-16,16:15:00,1,Collision with vehicle,1,Monday,130,REAR END(VEHICLES IN SAME LANE),1,614435,Not at intersection,3,60,Arterial Other,NORMAN,BALLARAT,-37.532593,143.82666,2019,12,December,16,Afternoon Peak,Weekday
T20190025482,2019-12-16,16:00:00,1,Collision with vehicle,1,Monday,130,REAR END(VEHICLES IN SAME LANE),1,645939,Multiple intersection,3,60,Arterial Other,DALTON,WHITTLESEA,-37.689766,145.02742,2019,12,December,16,Afternoon Peak,Weekday
T20200002355,2019-12-16,16:00:00,1,Collision with vehicle,1,Monday,137,LEFT TURN SIDESWIPE,1,38872,T intersection,3,60,Arterial Other,BURWOOD,BOROONDARA,-37.821022,145.022,2019,12,December,16,Afternoon Peak,Weekday
T20190025460,2019-12-16,15:48:00,1,Collision with vehicle,1,Monday,113,RIGHT NEAR (INTERSECTIONS ONLY),1,614285,T intersection,2,80,Arterial Other,CRANBOURNE,CASEY,-38.04163,145.30417,2019,12,December,15,Afternoon Peak,Weekday
T20190025432,2019-12-16,08:30:00,4,Collision with a fixed object,1,Monday,173,RIGHT OFF CARRIAGEWAY INTO OBJECT/PARKED VEHICLE,1,630288,Not at intersection,2,70,Arterial Other,DORSET,MAROONDAH,-37.812645,145.28815,2019,12,December,8,Morning Peak,Weekday
T20190025459,2019-12-16,14:57:00,1,Collision with vehicle,1,Monday,121,RIGHT THROUGH,1,278227,T intersection,3,60,Arterial Other,MURRAY,DAREBIN,-37.74097,145.0324,2019,12,December,14,Midday,Weekday
T20190025454,2019-12-16,11:30:00,1,Collision with vehicle,1,Monday,130,REAR END(VEHICLES IN SAME LANE),9,40594,T intersection,3,60,Arterial Other,KEILOR,MOONEE VALLEY,-37.736027,144.88907,2019,12,December,11,Midday,Weekday
T20200000412,2019-12-16,05:00:00,4,Collision with a fixed object,1,Monday,183,OFF LEFT BEND INTO OBJECT/PARKED VEHICLE,2,655513,Not at intersection,2,80,Arterial Other,TRARALGON-BALOOK,LATROBE,-38.385967,146.56276,2019,12,December,5,Morning Peak,Weekday
T20190025429,2019-12-16,10:10:00,1,Collision with vehicle,1,Monday,130,REAR END(VEHICLES IN SAME LANE),1,254077,T intersection,3,60,Arterial Highway,WHITEHORSE,WHITEHORSE,-37.81846,145.12518,2019,12,December,10,Midday,Weekday
T20190025428,2019-12-16,09:32:00,1,Collision with vehicle,1,Monday,160,VEHICLE COLLIDES WITH VEHICLE PARKED ON LEFT OF ROAD,1,330071,Not at intersection,3,40,Local Road,DOUGLAS,DANDENONG,-37.96685,145.17563,2019,12,December,9,Morning Peak,Weekday
T20190025827,2019-12-16,09:30:00,6,Vehicle overturned (no collision),1,Monday,174,OUT OF CONTROL ON CARRIAGEWAY (ON STRAIGHT),1,39038,T intersection,3,60,Arterial Other,BURKE,BOROONDARA,-37.815884,145.05965,2019,12,December,9,Morning Peak,Weekday
T20190025427,2019-12-16,09:55:00,1,Collision with vehicle,1,Monday,110,CROSS TRAFFIC(INTERSECTIONS ONLY),1,41128,Cross intersection,3,60,Arterial Other,ST KILDA,BAYSIDE,-37.891735,144.99068,2019,12,December,9,Morning Peak,Weekday
T20190025426,2019-12-16,09:21:00,4,Collision with a fixed object,1,Monday,146,REVERSING INTO FIXED OBJECT/PARKED VEHICLE,1,614286,Not at intersection,3,50,Arterial Highway,THOMPSON,BASS COAST,-38.45065,145.23898,2019,12,December,9,Morning Peak,Weekday
T20190025486,2019-12-16,13:50:00,1,Collision with vehicle,1,Monday,163,VEHICLE STRIKES DOOR OF PARKED/STATIONARY VEHICLE,1,625146,T intersection,3,40,Local Road,BRUNSWICK,YARRA,-37.803017,144.97766,2019,12,December,13,Midday,Weekday
T20190025422,2019-12-16,06:40:00,1,Collision with vehicle,1,Monday,130,REAR END(VEHICLES IN SAME LANE),2,279131,Not at intersection,3,100,Freeway,PENINSULA LINK,FRANKSTON,-38.09874,145.15555,2019,12,December,6,Morning Peak,Weekday
T20190025417,2019-12-16,03:10:00,1,Collision with vehicle,1,Monday,160,VEHICLE COLLIDES WITH VEHICLE PARKED ON LEFT OF ROAD,3,610614,Not at intersection,3,80,Arterial Other,BORONIA,KNOX,-37.848637,145.23105,2019,12,December,3,Late Night,Weekday
T20190025448,2019-12-16,11:40:00,1,Collision with vehicle,1,Monday,120,HEAD ON (NOT OVERTAKING),1,655512,Not at intersection,3,60,Arterial Highway,THOMPSON,BASS COAST,-38.453094,145.23897,2019,12,December,11,Midday,Weekday
T20190025446,2019-12-16,07:30:00,4,Collision with a fixed object,1,Monday,173,RIGHT OFF CARRIAGEWAY INTO OBJECT/PARKED VEHICLE,2,65057,Cross intersection,3,80,Local Road,BOUNDARY,WYNDHAM,-37.794697,144.60472,2019,12,December,7,Morning Peak,Weekday
T20190025440,2019-12-16,11:05:00,1,Collision with vehicle,1,Monday,116,LEFT NEAR (INTERSECTIONS ONLY),1,44164,T intersection,3,60,Arterial Other,BONEO,MORNINGTON PENINSULA,-38.371754,144.88925,2019,12,December,11,Midday,Weekday
T20190025485,2019-12-16,08:00:00,8,No collision and no object struck,1,Monday,174,OUT OF CONTROL ON CARRIAGEWAY (ON STRAIGHT),1,611612,Cross intersection,3,80,Arterial Highway,NEPEAN,GLEN EIRA,-37.88602,144.99908,2019,12,December,8,Morning Peak,Weekday
T20200016133,2019-12-16,16:15:00,1,Collision with vehicle,1,Monday,163,VEHICLE STRIKES DOOR OF PARKED/STATIONARY VEHICLE,1,678062,Not at intersection,3,40,Local Road,TYLER,DAREBIN,-37.730793,145.01111,2019,12,December,16,Afternoon Peak,Weekday
T20190025541,2019-12-17,13:20:00,1,Collision with vehicle,2,Tuesday,134,LANE CHANGE RIGHT (NOT OVERTAKING),1,655593,Not at intersection,3,60,Arterial Other,HUNTINGDALE,MONASH,-37.882202,145.10905,2019,12,December,13,Midday,Weekday
T20200006123,2019-12-17,17:00:00,8,No collision and no object struck,2,Tuesday,174,OUT OF CONTROL ON CARRIAGEWAY (ON STRAIGHT),1,374,T intersection,3,60,Arterial Highway,QUEENS,PORT PHILLIP,-37.84823,144.97752,2019,12,December,17,Afternoon Peak,Weekday
T20200000179,2019-12-17,07:15:00,1,Collision with vehicle,2,Tuesday,116,LEFT NEAR (INTERSECTIONS ONLY),1,615605,T intersection,3,100,Arterial Other,MELROSE,BRIMBANK,-37.70863,144.88695,2019,12,December,7,Morning Peak,Weekday
T20190025599,2019-12-17,22:10:00,4,Collision with a fixed object,2,Tuesday,183,OFF LEFT BEND INTO OBJECT/PARKED VEHICLE,5,653541,T intersection,2,60,Local Road,DUKELOWS,WYNDHAM,-37.793644,144.59229,2019,12,December,22,Night,Weekday
T20190025585,2019-12-17,20:02:00,1,Collision with vehicle,2,Tuesday,136,RIGHT TURN SIDESWIPE,2,36221,Cross intersection,3,60,Arterial Other,ROYAL,MELBOURNE,-37.792553,144.95845,2019,12,December,20,Night,Weekday
T20190025602,2019-12-17,23:45:00,1,Collision with vehicle,2,Tuesday,179,OTHER ACCIDENTS-OFF STRAIGHT NOT INCLUDED IN DCAs 170-175,3,60886,T intersection,3,50,Local Road,CUTTS,BALLARAT,-37.567066,143.87448,2019,12,December,23,Night,Weekday
T20190025544,2019-12-17,12:45:00,1,Collision with vehicle,2,Tuesday,130,REAR END(VEHICLES IN SAME LANE),1,37365,T intersection,3,60,Arterial Other,SWAN,YARRA,-37.827236,145.01718,2019,12,December,12,Midday,Weekday
T20190025587,2019-12-17,17:40:00,1,Collision with vehicle,2,Tuesday,133,LANE SIDE SWIPE (VEHICLES IN PARALLEL LANES),1,612191,Not at intersection,3,40,Local Road,LA TROBE,MELBOURNE,-37.814693,144.94608,2019,12,December,17,Afternoon Peak,Weekday
T20190025517,2019-12-17,08:45:00,1,Collision with vehicle,2,Tuesday,119,OTHER ADJACENT (INTERSECTIONS ONLY),1,42816,T intersection,2,80,Arterial Highway,NEPEAN,KINGSTON,-37.9918,145.08191,2019,12,December,8,Morning Peak,Weekday
T20190025882,2019-12-17,20:30:00,1,Collision with vehicle,2,Tuesday,130,REAR END(VEHICLES IN SAME LANE),2,656187,T intersection,3,50,Local Road,NORMA,BENDIGO,-36.783222,144.24515,2019,12,December,20,Night,Weekday
T20190025649,2019-12-17,17:50:00,1,Collision with vehicle,2,Tuesday,111,RIGHT FAR (INTERSECTIONS ONLY),1,41882,T intersection,2,80,Arterial Other,FERNTREE GULLY,KNOX,-37.897915,145.24043,2019,12,December,17,Afternoon Peak,Weekday
T20190025525,2019-12-17,10:50:00,1,Collision with vehicle,2,Tuesday,121,RIGHT THROUGH,1,610480,T intersection,3,80,Arterial Other,POUND,DANDENONG,-38.026196,145.24629,2019,12,December,10,Midday,Weekday
T20200000601,2019-12-17,17:30:00,1,Collision with vehicle,2,Tuesday,130,REAR END(VEHICLES IN SAME LANE),1,618202,Not at intersection,3,50,Local Road,GIPPS,YARRA,-37.804832,144.99051,2019,12,December,17,Afternoon Peak,Weekday
T20190025684,2019-12-17,16:35:00,1,Collision with vehicle,2,Tuesday,116,LEFT NEAR (INTERSECTIONS ONLY),1,225340,T intersection,3,70,Arterial Highway,BURWOOD,YARRA RANGES,-37.892696,145.31589,2019,12,December,16,Afternoon Peak,Weekday
T20190025538,2019-12-17,08:45:00,5,collision with some other object,2,Tuesday,181,OFF RIGHT BEND INTO OBJECT/PARKED VEHICLE,1,613305,Not at intersection,2,80,Arterial Other,BONANG,EAST GIPPSLAND,-37.15616,148.72453,2019,12,December,8,Morning Peak,Weekday
T20190025563,2019-12-17,16:08:00,1,Collision with vehicle,2,Tuesday,130,REAR END(VEHICLES IN SAME LANE),1,611046,Not at intersection,3,100,Local Road,CARDINIA,CARDINIA,-38.087177,145.43234,2019,12,December,16,Afternoon Peak,Weekday
T20190025561,2019-12-17,15:52:00,1,Collision with vehicle,2,Tuesday,121,RIGHT THROUGH,1,36934,T intersection,3,60,Arterial Other,POUND,CASEY,-38.02867,145.27124,2019,12,December,15,Afternoon Peak,Weekday
T20190026020,2019-12-17,12:10:00,1,Collision with vehicle,2,Tuesday,137,LEFT TURN SIDESWIPE,1,66844,T intersection,3,60,Arterial Other,BORONIA,WHITEHORSE,-37.839577,145.20094,2019,12,December,12,Midday,Weekday
T20190025610,2019-12-17,16:55:00,4,Collision with a fixed object,2,Tuesday,179,OTHER ACCIDENTS-OFF STRAIGHT NOT INCLUDED IN DCAs 170-175,1,636093,T intersection,2,100,Local Road,RAILWAY,MANSFIELD,-37.028603,145.94118,2019,12,December,16,Afternoon Peak,Weekday
T20190025691,2019-12-17,22:00:00,1,Collision with vehicle,2,Tuesday,113,RIGHT NEAR (INTERSECTIONS ONLY),3,52846,T intersection,3,50,Local Road,ASCOT,BALLARAT,-37.558212,143.84486,2019,12,December,22,Night,Weekday
T20190025518,2019-12-17,09:12:00,1,Collision with vehicle,2,Tuesday,130,REAR END(VEHICLES IN SAME LANE),1,610478,Not at intersection,3,60,Local Road,FRAWLEY,CASEY,-37.996708,145.25294,2019,12,December,9,Morning Peak,Weekday
T20190025519,2019-12-17,06:30:00,1,Collision with vehicle,2,Tuesday,110,CROSS TRAFFIC(INTERSECTIONS ONLY),1,44314,Cross intersection,2,60,Local Road,CHEDDAR,DAREBIN,-37.70933,145.01312,2019,12,December,6,Morning Peak,Weekday
T20190025520,2019-12-17,07:10:00,1,Collision with vehicle,2,Tuesday,113,RIGHT NEAR (INTERSECTIONS ONLY),1,51133,T intersection,2,50,Arterial Highway,WYNDHAM,SHEPPARTON,-36.40117,145.39499,2019,12,December,7,Morning Peak,Weekday
T20190025588,2019-12-17,18:16:00,1,Collision with vehicle,2,Tuesday,147,VEHICLE STRIKES ANOTHER VEH WHILE EMERGING FROM DRIVEWAY,1,658136,Not at intersection,3,50,Local Road,LAWRENCE,WODONGA,-36.124367,146.88686,2019,12,December,18,Afternoon Peak,Weekday
T20190025591,2019-12-17,20:00:00,1,Collision with vehicle,2,Tuesday,130,REAR END(VEHICLES IN SAME LANE),2,612479,Cross intersection,2,80,Arterial Highway,SPRINGVALE,WHITEHORSE,-37.825043,145.1747,2019,12,December,20,Night,Weekday
T20190025589,2019-12-17,16:55:00,4,Collision with a fixed object,2,Tuesday,171,LEFT OFF CARRIAGEWAY INTO OBJECT/PARKED VEHICLE,1,632214,Not at intersection,2,100,Arterial Other,MYRTLEFORD-YACKANDANDAH,INDIGO,-36.405407,146.86124,2019,12,December,16,Afternoon Peak,Weekday
T20190025595,2019-12-17,22:25:00,1,Collision with vehicle,2,Tuesday,154,PULLING OUT -REAR END,5,625457,Not at intersection,3,100,Arterial Highway,PRINCES,WELLINGTON,-38.10613,146.9048,2019,12,December,22,Night,Weekday
T20190025512,2019-12-17,06:25:00,3,Struck animal,2,Tuesday,167,STRUCK ANIMAL,1,636092,Not at intersection,2,100,Arterial Other,PORTLAND-CASTERTON,GLENELG,-37.67062,141.51822,2019,12,December,6,Morning Peak,Weekday
T20190025586,2019-12-17,14:35:00,6,Vehicle overturned (no collision),2,Tuesday,180,OFF CARRIAGEWAY ON RIGHT BEND,1,656942,Not at intersection,2,80,Arterial Highway,GREAT OCEAN,COLAC OTWAY,-38.601933,143.92073,2019,12,December,14,Midday,Weekday
T20190025613,2019-12-17,19:14:00,6,Vehicle overturned (no collision),2,Tuesday,170,OFF CARRIAGEWAY TO LEFT,2,657287,Not at intersection,3,60,Local Road,GOURLAY,MELTON,-37.706707,144.74123,2019,12,December,19,Night,Weekday
T20190025506,2019-12-17,07:17:00,4,Collision with a fixed object,2,Tuesday,181,OFF RIGHT BEND INTO OBJECT/PARKED VEHICLE,1,621616,Not at intersection,3,80,Local Road,PLUNKETTS,WODONGA,-36.08802,146.71735,2019,12,December,7,Morning Peak,Weekday
T20190025530,2019-12-17,11:37:00,1,Collision with vehicle,2,Tuesday,130,REAR END(VEHICLES IN SAME LANE),1,655592,Not at intersection,2,70,Arterial Other,SOUTH,BAYSIDE,-37.93209,145.02641,2019,12,December,11,Midday,Weekday
T20190025567,2019-12-17,14:25:00,4,Collision with a fixed object,2,Tuesday,171,LEFT OFF CARRIAGEWAY INTO OBJECT/PARKED VEHICLE,1,632310,Not at intersection,2,100,Local Road,CAPE OTWAY,SURF COAST,-38.314526,143.94164,2019,12,December,14,Midday,Weekday
T20190025571,2019-12-17,18:00:00,1,Collision with vehicle,2,Tuesday,112,LEFT FAR (INTERSECTIONS ONLY),1,62747,T intersection,3,40,Local Road,TENNYSON,DAREBIN,-37.730556,145.00912,2019,12,December,18,Afternoon Peak,Weekday
T20190025581,2019-12-17,19:30:00,1,Collision with vehicle,2,Tuesday,131,LEFT REAR,2,332044,Cross intersection,3,60,Local Road,COLTMAN,BALLARAT,-37.54413,143.7866,2019,12,December,19,Night,Weekday
T20190026147,2019-12-17,21:20:00,4,Collision with a fixed object,2,Tuesday,173,RIGHT OFF CARRIAGEWAY INTO OBJECT/PARKED VEHICLE,2,657282,Not at intersection,3,100,Local Road,BROUGHTON,WEST WIMMERA,-36.254017,141.30508,2019,12,December,21,Night,Weekday
T20190025701,2019-12-17,23:30:00,6,Vehicle overturned (no collision),2,Tuesday,182,OFF CARRIAGEWAY ON LEFT BEND,5,652372,Not at intersection,3,80,Local Road,WALNUT,MILDURA,-34.23768,142.08824,2019,12,December,23,Night,Weekday
T20190025576,2019-12-17,17:35:00,1,Collision with vehicle,2,Tuesday,120,HEAD ON (NOT OVERTAKING),1,657285,Not at intersection,3,80,Arterial Other,MONBULK,YARRA RANGES,-37.89145,145.36722,2019,12,December,17,Afternoon Peak,Weekday
T20190025578,2019-12-17,16:24:00,1,Collision with vehicle,2,Tuesday,116,LEFT NEAR (INTERSECTIONS ONLY),1,53044,Cross intersection,2,50,Arterial Highway,VICTORIA,HINDMARSH,-36.33561,141.64767,2019,12,December,16,Afternoon Peak,Weekday
T20190025579,2019-12-17,18:17:00,2,Struck Pedestrian,2,Tuesday,100,PED NEAR SIDE. PED HIT BY VEHICLE FROM THE RIGHT.,1,628964,Not at intersection,2,50,Local Road,KEPPEL,CASEY,-38.015915,145.27472,2019,12,December,18,Afternoon Peak,Weekday
T20190025583,2019-12-17,19:45:00,1,Collision with vehicle,2,Tuesday,121,RIGHT THROUGH,2,53209,Multiple intersection,3,40,Local Road,EXHIBITION,MELBOURNE,-37.80809,144.9687,2019,12,December,19,Night,Weekday
T20190025639,2019-12-18,11:40:00,2,Struck Pedestrian,3,Wednesday,100,PED NEAR SIDE. PED HIT BY VEHICLE FROM THE RIGHT.,1,38792,Cross intersection,2,50,Arterial Other,MOORE,MARIBYRNONG,-37.79821,144.90372,2019,12,December,11,Midday,Weekday
T20190025640,2019-12-18,10:15:00,2,Struck Pedestrian,3,Wednesday,101,PED EMERGES FROM IN FRONT OF PARKED OR STATIONARY VEHICLE,1,611614,Not at intersection,2,40,Arterial Other,CITY,MELBOURNE,-37.82433,144.96199,2019,12,December,10,Midday,Weekday
T20190025705,2019-12-18,09:00:00,1,Collision with vehicle,3,Wednesday,137,LEFT TURN SIDESWIPE,1,270637,Not at intersection,3,40,Local Road,UNNAMED,MELBOURNE,-37.81254,144.9568,2019,12,December,9,Morning Peak,Weekday