ACCIDENT_NO,ACCIDENT_DATE,ACCIDENT_TIME,ACCIDENT_TYPE,ACCIDENT_TYPE_DESC,DAY_OF_WEEK,DAY_WEEK_DESC,DCA_CODE,DCA_DESC,LIGHT_CONDITION,NODE_ID,ROAD_GEOMETRY_DESC,SEVERITY,SPEED_ZONE,RMA,ROAD_NAME,LGA_NAME,LATITUDE,LONGITUDE,YEAR,MONTH,MONTH_NAME,HOUR,TIME_PERIOD,DAY_TYPE
T20190025931,2019-12-18,10:00:00,1,Collision with vehicle,3,Wednesday,147,VEHICLE STRIKES ANOTHER VEH WHILE EMERGING FROM DRIVEWAY,1,611897,Not at intersection,3,50,Local Road,WINGARA,MOONEE VALLEY,-37.732162,144.8674,2019,12,December,10,Midday,Weekday
T20190025675,2019-12-18,22:20:00,2,Struck Pedestrian,3,Wednesday,100,PED NEAR SIDE. PED HIT BY VEHICLE FROM THE RIGHT.,3,611052,Not at intersection,2,60,Arterial Other,JACKA,PORT PHILLIP,-37.866814,144.97437,2019,12,December,22,Night,Weekday
T20190025611,2019-12-18,06:51:00,1,Collision with vehicle,3,Wednesday,110,CROSS TRAFFIC(INTERSECTIONS ONLY),1,59864,Cross intersection,2,60,Arterial Other,LOCKWOOD,BENDIGO,-36.79623,144.23938,2019,12,December,6,Morning Peak,Weekday
T20190025634,2019-12-18,12:45:00,4,Collision with a fixed object,3,Wednesday,183,OFF LEFT BEND INTO OBJECT/PARKED VEHICLE,1,611328,Not at intersection,2,80,Freeway,PRINCES,HOBSONS BAY,-37.82798,144.81894,2019,12,December,12,Midday,Weekday
T20190025609,2019-12-18,08:00:00,1,Collision with vehicle,3,Wednesday,131,LEFT REAR,1,611327,Not at intersection,2,70,Freeway,GEELONG RING IN-BACCHUS MARSH,GEELONG,-38.058624,144.35812,2019,12,December,8,Morning Peak,Weekday
T20190026034,2019-12-18,16:20:00,1,Collision with vehicle,3,Wednesday,111,RIGHT FAR (INTERSECTIONS ONLY),1,612484,T intersection,3,60,Arterial Other,BLACKBURN,WHITEHORSE,-37.80094,145.15973,2019,12,December,16,Afternoon Peak,Weekday
T20190025745,2019-12-18,05:45:00,4,Collision with a fixed object,3,Wednesday,164,PERMANENT OBSTRUCTION ON CARRIAGEWAY,3,611331,Not at intersection,2,60,Arterial Other,GRANGE,GLEN EIRA,-37.893524,145.04608,2019,12,December,5,Morning Peak,Weekday
T20200002770,2019-12-18,16:05:00,1,Collision with vehicle,3,Wednesday,130,REAR END(VEHICLES IN SAME LANE),1,626419,Not at intersection,3,100,Freeway,EASTERN,BOROONDARA,-37.779934,145.08441,2019,12,December,16,Afternoon Peak,Weekday
T20190025644,2019-12-18,13:45:00,2,Struck Pedestrian,3,Wednesday,100,PED NEAR SIDE. PED HIT BY VEHICLE FROM THE RIGHT.,1,641855,Not at intersection,2,40,Local Road,SWANSTON,MELBOURNE,-37.81205,144.96495,2019,12,December,13,Midday,Weekday
T20200000586,2019-12-18,17:45:00,1,Collision with vehicle,3,Wednesday,130,REAR END(VEHICLES IN SAME LANE),1,617061,Not at intersection,3,60,Local Road,RAILWAY,FRANKSTON,-38.09067,145.12831,2019,12,December,17,Afternoon Peak,Weekday
T20190025616,2019-12-18,09:15:00,1,Collision with vehicle,3,Wednesday,124,RIGHT/RIGHT BOTH VEHs FROM OPPOSITE DIRECTIONS TURNING RIGHT,1,70446,Cross intersection,3,60,Local Road,ARNOLD,DANDENONG,-37.977497,145.18416,2019,12,December,9,Morning Peak,Weekday
T20190025617,2019-12-18,06:13:00,4,Collision with a fixed object,3,Wednesday,173,RIGHT OFF CARRIAGEWAY INTO OBJECT/PARKED VEHICLE,2,655684,Not at intersection,3,50,Local Road,ROXBURGH PARK,HUME,-37.629555,144.92009,2019,12,December,6,Morning Peak,Weekday
T20190025665,2019-12-18,18:45:00,1,Collision with vehicle,3,Wednesday,132,RIGHT REAR.,1,45281,T intersection,3,60,Arterial Other,BUCKLEY,MOONEE VALLEY,-37.75567,144.90465,2019,12,December,18,Afternoon Peak,Weekday
T20190026414,2019-12-18,17:00:00,1,Collision with vehicle,3,Wednesday,121,RIGHT THROUGH,1,45651,T intersection,2,40,Arterial Other,SYDNEY,MORELAND,-37.7494,144.9652,2019,12,December,17,Afternoon Peak,Weekday
T20190025643,2019-12-18,08:11:00,1,Collision with vehicle,3,Wednesday,113,RIGHT NEAR (INTERSECTIONS ONLY),1,39900,T intersection,3,60,Arterial Other,MAIDSTONE,HOBSONS BAY,-37.87,144.81195,2019,12,December,8,Morning Peak,Weekday
T20200002133,2019-12-18,08:30:00,1,Collision with vehicle,3,Wednesday,130,REAR END(VEHICLES IN SAME LANE),1,655687,Not at intersection,3,60,Local Road,STATION,KINGSTON,-38.034466,145.10661,2019,12,December,8,Morning Peak,Weekday
T20190025618,2019-12-18,09:40:00,1,Collision with vehicle,3,Wednesday,132,RIGHT REAR.,1,613026,Not at intersection,2,60,Arterial Other,HIGH,BOROONDARA,-37.79405,145.06268,2019,12,December,9,Morning Peak,Weekday
T20190025620,2019-12-18,09:40:00,1,Collision with vehicle,3,Wednesday,131,LEFT REAR,1,624170,Multiple intersection,3,80,Arterial Other,DIAMOND CREEK,NILLUMBIK,-37.688976,145.11389,2019,12,December,9,Morning Peak,Weekday
T20190025660,2019-12-18,15:30:00,1,Collision with vehicle,3,Wednesday,130,REAR END(VEHICLES IN SAME LANE),1,612480,Not at intersection,3,50,Local Road,PERTH,BANYULE,-37.735325,145.04407,2019,12,December,15,Afternoon Peak,Weekday
T20190025626,2019-12-18,09:40:00,4,Collision with a fixed object,3,Wednesday,171,LEFT OFF CARRIAGEWAY INTO OBJECT/PARKED VEHICLE,1,611894,Not at intersection,2,100,Local Road,OLIVE PLANTATION,NORTHERN GRAMPIANS,-36.927105,142.375,2019,12,December,9,Morning Peak,Weekday
T20190025650,2019-12-18,13:20:00,1,Collision with vehicle,3,Wednesday,140,U TURN,1,657288,Not at intersection,3,50,Local Road,SHADFORTH,GANNAWARRA,-35.729763,143.91599,2019,12,December,13,Midday,Weekday
T20200002674,2019-12-18,16:10:00,1,Collision with vehicle,3,Wednesday,121,RIGHT THROUGH,1,625167,Unknown,2,60,Arterial Other,SEAFORD,FRANKSTON,-38.112507,145.156,2019,12,December,16,Afternoon Peak,Weekday
T20190025631,2019-12-18,12:27:00,1,Collision with vehicle,3,Wednesday,130,REAR END(VEHICLES IN SAME LANE),1,38457,T intersection,3,60,Arterial Other,HULL,YARRA RANGES,-37.778957,145.32628,2019,12,December,12,Midday,Weekday
T20190025648,2019-12-18,14:43:00,4,Collision with a fixed object,3,Wednesday,173,RIGHT OFF CARRIAGEWAY INTO OBJECT/PARKED VEHICLE,1,635675,Not at intersection,2,60,Arterial Highway,BELL,DAREBIN,-37.74548,145.00616,2019,12,December,14,Midday,Weekday
T20190026043,2019-12-18,16:40:00,1,Collision with vehicle,3,Wednesday,160,VEHICLE COLLIDES WITH VEHICLE PARKED ON LEFT OF ROAD,1,612756,Not at intersection,3,60,Local Road,ELGIN,MELBOURNE,-37.79775,144.97295,2019,12,December,16,Afternoon Peak,Weekday
T20190025709,2019-12-19,12:40:00,1,Collision with vehicle,4,Thursday,130,REAR END(VEHICLES IN SAME LANE),1,621167,T intersection,3,60,Arterial Other,CAMP,HUME,-37.68665,144.931,2019,12,December,12,Midday,Weekday
T20190025708,2019-12-19,13:45:00,1,Collision with vehicle,4,Thursday,121,RIGHT THROUGH,1,40176,T intersection,3,40,Arterial Other,HIGH,STONNINGTON,-37.853374,145.00452,2019,12,December,13,Midday,Weekday
T20190025707,2019-12-19,12:00:00,1,Collision with vehicle,4,Thursday,113,RIGHT NEAR (INTERSECTIONS ONLY),1,38991,Cross intersection,3,60,Arterial Other,AUBURN,BOROONDARA,-37.827423,145.04411,2019,12,December,12,Midday,Weekday
T20190026122,2019-12-19,14:00:00,1,Collision with vehicle,4,Thursday,139,OTHER SAME DIRECTION-MANOUEVRES NOT INCLUDED IN DCAs 130-137,1,613587,Not at intersection,3,80,Freeway,WEST GATE,MELBOURNE,-37.832558,144.91402,2019,12,December,14,Midday,Weekday
T20190025794,2019-12-19,18:15:00,1,Collision with vehicle,4,Thursday,130,REAR END(VEHICLES IN SAME LANE),1,612481,Not at intersection,3,40,Local Road,COLLINS,NILLUMBIK,-37.67274,145.14954,2019,12,December,18,Afternoon Peak,Weekday
T20200005128,2019-12-19,18:40:00,1,Collision with vehicle,4,Thursday,130,REAR END(VEHICLES IN SAME LANE),1,341668,Multiple intersection,3,80,Arterial Other,WELLS,KINGSTON,-38.028107,145.13104,2019,12,December,18,Afternoon Peak,Weekday
T20190025703,2019-12-19,12:08:00,1,Collision with vehicle,4,Thursday,121,RIGHT THROUGH,1,278486,T intersection,3,60,Arterial Other,DUNNINGS ROAD -PALMERS,WYNDHAM,-37.88618,144.747,2019,12,December,12,Midday,Weekday
T20200005310,2019-12-19,14:31:00,1,Collision with vehicle,4,Thursday,135,LANE CHANGE LEFT (NOT OVERTAKING),1,662583,Not at intersection,3,100,Freeway,HUME,HUME,-37.541668,144.94518,2019,12,December,14,Midday,Weekday
T20190025700,2019-12-19,07:14:00,1,Collision with vehicle,4,Thursday,120,HEAD ON (NOT OVERTAKING),1,610905,Not at intersection,1,50,Local Road,MILLER,WHITTLESEA,-37.650463,145.01949,2019,12,December,7,Morning Peak,Weekday
T20190025795,2019-12-19,11:45:00,1,Collision with vehicle,4,Thursday,140,U TURN,1,613308,Not at intersection,2,80,Arterial Other,HIGH STREET,KNOX,-37.876873,145.20433,2019,12,December,11,Midday,Weekday
T20190025687,2019-12-19,11:20:00,1,Collision with vehicle,4,Thursday,130,REAR END(VEHICLES IN SAME LANE),1,38651,T intersection,3,50,Arterial Highway,FRANCIS,MARIBYRNONG,-37.819347,144.87407,2019,12,December,11,Midday,Weekday
T20190026426,2019-12-19,11:40:00,1,Collision with vehicle,4,Thursday,130,REAR END(VEHICLES IN SAME LANE),1,620558,Multiple intersection,3,60,Arterial Other,LOWER PLENTY,BANYULE,-37.73728,145.07481,2019,12,December,11,Midday,Weekday
T20190025681,2019-12-19,08:05:00,1,Collision with vehicle,4,Thursday,110,CROSS TRAFFIC(INTERSECTIONS ONLY),1,51053,Cross intersection,2,50,Local Road,MITCHELL,SHEPPARTON,-36.38085,145.42026,2019,12,December,8,Morning Peak,Weekday
T20190025696,2019-12-19,11:45:00,1,Collision with vehicle,4,Thursday,113,RIGHT NEAR (INTERSECTIONS ONLY),1,188276,Cross intersection,3,80,Arterial Highway,PRINCES,CASEY,-38.001484,145.23485,2019,12,December,11,Midday,Weekday
T20190026454,2019-12-19,16:00:00,1,Collision with vehicle,4,Thursday,160,VEHICLE COLLIDES WITH VEHICLE PARKED ON LEFT OF ROAD,1,614150,Not at intersection,3,40,Local Road,BROUGHAM,MELBOURNE,-37.793816,144.94621,2019,12,December,16,Afternoon Peak,Weekday
T20190025823,2019-12-19,16:45:00,1,Collision with vehicle,4,Thursday,113,RIGHT NEAR (INTERSECTIONS ONLY),1,54901,T intersection,3,80,Local Road,HAZEL GLEN,WHITTLESEA,-37.58812,145.1413,2019,12,December,16,Afternoon Peak,Weekday
T20190025679,2019-12-19,06:30:00,1,Collision with vehicle,4,Thursday,112,LEFT FAR (INTERSECTIONS ONLY),2,36432,T intersection,3,50,Arterial Other,NICHOLSON,MELBOURNE,-37.801224,144.97432,2019,12,December,6,Morning Peak,Weekday
T20200011986,2019-12-19,18:15:00,1,Collision with vehicle,4,Thursday,147,VEHICLE STRIKES ANOTHER VEH WHILE EMERGING FROM DRIVEWAY,1,656128,Not at intersection,3,60,Local Road,HIGH,MANNINGHAM,-37.7692,145.11763,2019,12,December,18,Afternoon Peak,Weekday
T20190026235,2019-12-19,12:10:00,1,Collision with vehicle,4,Thursday,113,RIGHT NEAR (INTERSECTIONS ONLY),1,70418,T intersection,3,60,Local Road,GRIFFITH,CASEY,-37.97553,145.24179,2019,12,December,12,Midday,Weekday
T20200000345,2019-12-19,14:10:00,1,Collision with vehicle,4,Thursday,130,REAR END(VEHICLES IN SAME LANE),1,635684,Not at intersection,3,60,Arterial Other,HIGH,WHITTLESEA,-37.64931,145.02534,2019,12,December,14,Midday,Weekday
T20200000366,2019-12-19,18:00:00,6,Vehicle overturned (no collision),4,Thursday,184,OUT OF CONTROL ON CARRIAGEWAY (ON BEND),1,655752,T intersection,3,60,Local Road,POINT RICHARDS,GEELONG,-38.110847,144.62982,2019,12,December,18,Afternoon Peak,Weekday
T20200006115,2019-12-19,15:00:00,4,Collision with a fixed object,4,Thursday,171,LEFT OFF CARRIAGEWAY INTO OBJECT/PARKED VEHICLE,1,638125,Not at intersection,3,100,Freeway,WESTERN RING,BRIMBANK,-37.753067,144.8286,2019,12,December,15,Afternoon Peak,Weekday
T20200007555,2019-12-19,23:30:00,4,Collision with a fixed object,4,Thursday,171,LEFT OFF CARRIAGEWAY INTO OBJECT/PARKED VEHICLE,3,657560,Not at intersection,2,50,Local Road,THE PARKWAY,MELTON,-37.748608,144.72813,2019,12,December,23,Night,Weekday
T20200001998,2019-12-19,18:30:00,1,Collision with vehicle,4,Thursday,130,REAR END(VEHICLES IN SAME LANE),1,776883,Cross intersection,3,60,Arterial Other,POWER,BOROONDARA,-37.81395,145.02782,2019,12,December,18,Afternoon Peak,Weekday
T20190025767,2019-12-19,22:15:00,1,Collision with vehicle,4,Thursday,130,REAR END(VEHICLES IN SAME LANE),3,661197,Not at intersection,3,60,Arterial Other,BACCHUS MARSH ROAD SERVICE,GEELONG,-38.07783,144.35822,2019,12,December,22,Night,Weekday
T20190025694,2019-12-19,09:40:00,1,Collision with vehicle,4,Thursday,130,REAR END(VEHICLES IN SAME LANE),1,620249,Not at intersection,2,60,Arterial Other,STATION,WHITEHORSE,-37.816433,145.12424,2019,12,December,9,Morning Peak,Weekday
T20190025764,2019-12-19,10:30:00,1,Collision with vehicle,4,Thursday,130,REAR END(VEHICLES IN SAME LANE),9,615023,Not at intersection,3,60,Arterial Other,SWAN,MELBOURNE,-37.824055,144.9847,2019,12,December,10,Midday,Weekday
T20190025760,2019-12-19,16:30:00,2,Struck Pedestrian,4,Thursday,103,PED PLAYING/LYING/WORKING/STANDING ON CARRIAGEWAY.,1,662891,Not at intersection,2,60,Arterial Other,WAVERLEY,MONASH,-37.880962,145.09555,2019,12,December,16,Afternoon Peak,Weekday
T20190025693,2019-12-19,10:50:00,2,Struck Pedestrian,4,Thursday,109,ANY MANOEUVRE INVOLVING PED NOT INCLUDED IN DCAs 100-108.,1,611053,T intersection,3,60,Arterial Other,WILLIAMS,BASS COAST,-38.634003,145.72942,2019,12,December,10,Midday,Weekday
T20190025757,2019-12-19,16:15:00,1,Collision with vehicle,4,Thursday,120,HEAD ON (NOT OVERTAKING),1,658384,Not at intersection,2,50,Local Road,TERRYS,YARRA RANGES,-37.90834,145.35495,2019,12,December,16,Afternoon Peak,Weekday
T20190025753,2019-12-19,16:55:00,1,Collision with vehicle,4,Thursday,113,RIGHT NEAR (INTERSECTIONS ONLY),1,47394,Cross intersection,2,60,Freeway,ENGLISH-TULLAMARINE IN,MOONEE VALLEY,-37.725674,144.8918,2019,12,December,16,Afternoon Peak,Weekday
T20190025692,2019-12-19,11:00:00,1,Collision with vehicle,4,Thursday,160,VEHICLE COLLIDES WITH VEHICLE PARKED ON LEFT OF ROAD,1,658137,Not at intersection,2,50,Local Road,WOOD,DAREBIN,-37.734463,145.01428,2019,12,December,11,Midday,Weekday
T20190025751,2019-12-19,19:00:00,1,Collision with vehicle,4,Thursday,110,CROSS TRAFFIC(INTERSECTIONS ONLY),1,41528,Cross intersection,3,50,Local Road,SNELL,MORELAND,-37.717213,144.92886,2019,12,December,19,Night,Weekday
T20190025750,2019-12-19,20:00:00,1,Collision with vehicle,4,Thursday,160,VEHICLE COLLIDES WITH VEHICLE PARKED ON LEFT OF ROAD,2,611333,Not at intersection,2,40,Local Road,PELHAM,MELBOURNE,-37.80305,144.9687,2019,12,December,20,Night,Weekday
T20190025748,2019-12-19,14:15:00,1,Collision with vehicle,4,Thursday,130,REAR END(VEHICLES IN SAME LANE),1,655685,Not at intersection,2,60,Arterial Other,SWAN,YARRA,-37.826633,145.00659,2019,12,December,14,Midday,Weekday
T20190025747,2019-12-19,17:05:00,4,Collision with a fixed object,4,Thursday,173,RIGHT OFF CARRIAGEWAY INTO OBJECT/PARKED VEHICLE,1,615910,Not at intersection,1,100,Local Road,FOGARTYS GAP,MOUNT ALEXANDER,-36.95859,144.22823,2019,12,December,17,Afternoon Peak,Weekday
T20190025746,2019-12-19,18:15:00,4,Collision with a fixed object,4,Thursday,175,OFF END OF ROAD/T-INTERSECTION.,1,611332,Not at intersection,2,50,Local Road,HOCKEY,PORT PHILLIP,-37.856617,144.97563,2019,12,December,18,Afternoon Peak,Weekday
T20190025771,2019-12-19,11:00:00,1,Collision with vehicle,4,Thursday,111,RIGHT FAR (INTERSECTIONS ONLY),1,15411,T intersection,2,80,Arterial Other,PORTARLINGTON,GEELONG,-38.165585,144.4197,2019,12,December,11,Midday,Weekday
T20190025736,2019-12-19,13:30:00,1,Collision with vehicle,4,Thursday,130,REAR END(VEHICLES IN SAME LANE),1,611055,Cross intersection,3,60,Local Road,RAGLAN,WELLINGTON,-38.098267,147.0676,2019,12,December,13,Midday,Weekday
T20190025744,2019-12-19,06:25:00,1,Collision with vehicle,4,Thursday,130,REAR END(VEHICLES IN SAME LANE),1,613307,Not at intersection,1,80,Arterial Highway,DIMBOOLA,HORSHAM,-36.701923,142.17822,2019,12,December,6,Morning Peak,Weekday
T20190025734,2019-12-19,16:10:00,1,Collision with vehicle,4,Thursday,133,LANE SIDE SWIPE (VEHICLES IN PARALLEL LANES),1,51051,Cross intersection,2,60,Local Road,LOCKWOOD,SHEPPARTON,-36.380856,145.41626,2019,12,December,16,Afternoon Peak,Weekday
T20190025732,2019-12-19,17:30:00,1,Collision with vehicle,4,Thursday,130,REAR END(VEHICLES IN SAME LANE),1,632354,Not at intersection,2,100,Freeway,MONASH,MONASH,-37.909893,145.16194,2019,12,December,17,Afternoon Peak,Weekday
T20190025731,2019-12-19,16:55:00,1,Collision with vehicle,4,Thursday,113,RIGHT NEAR (INTERSECTIONS ONLY),1,37270,T intersection,2,70,Arterial Other,LATHAMS,FRANKSTON,-38.098293,145.1638,2019,12,December,16,Afternoon Peak,Weekday
T20190025730,2019-12-19,15:45:00,1,Collision with vehicle,4,Thursday,130,REAR END(VEHICLES IN SAME LANE),1,611618,Not at intersection,3,100,Freeway,MONASH,MONASH,-37.908207,145.1601,2019,12,December,15,Afternoon Peak,Weekday
T20190025727,2019-12-19,15:20:00,1,Collision with vehicle,4,Thursday,140,U TURN,1,611054,Not at intersection,2,60,Arterial Other,BARRABOOL,GEELONG,-38.17109,144.31985,2019,12,December,15,Afternoon Peak,Weekday
T20190025726,2019-12-19,16:40:00,2,Struck Pedestrian,4,Thursday,100,PED NEAR SIDE. PED HIT BY VEHICLE FROM THE RIGHT.,1,611617,T intersection,2,40,Local Road,ORMOND,PORT PHILLIP,-37.886444,144.98935,2019,12,December,16,Afternoon Peak,Weekday
T20190025722,2019-12-19,14:45:00,1,Collision with vehicle,4,Thursday,130,REAR END(VEHICLES IN SAME LANE),1,37600,Cross intersection,3,60,Arterial Other,ST KILDA,MELBOURNE,-37.84772,144.97974,2019,12,December,14,Midday,Weekday
T20190025720,2019-12-19,12:26:00,6,Vehicle overturned (no collision),4,Thursday,149,OTHER MANOEUVRING NOT INCLUDED IN DCAs 140-148,1,611895,Not at intersection,3,40,Arterial Other,FISH CREEK-FOSTER,SOUTH GIPPSLAND,-38.65827,146.19226,2019,12,December,12,Midday,Weekday
T20190025718,2019-12-19,15:58:00,1,Collision with vehicle,4,Thursday,130,REAR END(VEHICLES IN SAME LANE),1,611616,T intersection,3,60,Arterial Other,NICHOLSON,MORELAND,-37.744087,144.97784,2019,12,December,15,Afternoon Peak,Weekday
T20190026114,2019-12-19,21:10:00,1,Collision with vehicle,4,Thursday,163,VEHICLE STRIKES DOOR OF PARKED/STATIONARY VEHICLE,2,654549,Cross intersection,3,50,Local Road,CHAPEL,STONNINGTON,-37.842003,144.99512,2019,12,December,21,Night,Weekday
T20190025717,2019-12-19,13:04:00,1,Collision with vehicle,4,Thursday,121,RIGHT THROUGH,1,613306,Not at intersection,3,50,Local Road,THORNYCROFT,HUME,-37.645897,144.94254,2019,12,December,13,Midday,Weekday
T20190025716,2019-12-19,07:50:00,2,Struck Pedestrian,4,Thursday,100,PED NEAR SIDE. PED HIT BY VEHICLE FROM THE RIGHT.,1,655745,Cross intersection,3,60,Arterial Highway,NEPEAN,FRANKSTON,-38.140125,145.12236,2019,12,December,7,Morning Peak,Weekday
T20190025690,2019-12-19,09:03:00,1,Collision with vehicle,4,Thursday,137,LEFT TURN SIDESWIPE,1,270637,Not at intersection,3,40,Local Road,UNNAMED,MELBOURNE,-37.81254,144.9568,2019,12,December,9,Morning Peak,Weekday
T20190025711,2019-12-19,13:30:00,1,Collision with vehicle,4,Thursday,160,VEHICLE COLLIDES WITH VEHICLE PARKED ON LEFT OF ROAD,1,612192,Not at intersection,2,60,Local Road,MARSHALLTOWN,GEELONG,-38.19649,144.34991,2019,12,December,13,Midday,Weekday
T20190025710,2019-12-19,08:33:00,1,Collision with vehicle,4,Thursday,160,VEHICLE COLLIDES WITH VEHICLE PARKED ON LEFT OF ROAD,1,648066,Not at intersection,3,60,Arterial Highway,HIGH,CORANGAMITE,-37.953686,143.34433,2019,12,December,8,Morning Peak,Weekday
T20190026134,2019-12-20,11:35:00,1,Collision with vehicle,5,Friday,133,LANE SIDE SWIPE (VEHICLES IN PARALLEL LANES),1,632367,Not at intersection,2,60,Arterial Other,ST KILDA ROAD SERVICE,PORT PHILLIP,-37.837303,144.97575,2019,12,December,11,Midday,Weekday
T20190025845,2019-12-20,21:10:00,1,Collision with vehicle,5,Friday,130,REAR END(VEHICLES IN SAME LANE),5,655560,Not at intersection,2,100,Arterial Other,MELTON,MACEDON RANGES,-37.518173,144.5612,2019,12,December,21,Night,Weekday
T20190025810,2019-12-20,14:44:00,1,Collision with vehicle,5,Friday,121,RIGHT THROUGH,1,851,Cross intersection,3,60,Arterial Other,SYDNEY,MORELAND,-37.72746,144.96368,2019,12,December,14,Midday,Weekday
T20190025872,2019-12-20,16:10:00,2,Struck Pedestrian,5,Friday,107,PED ON FOOTHPATH STRUCK BY VEHENTERING/LEAVING DRIVEWAY.,1,661369,Not at intersection,3,40,Local Road,MCCOMBE,MORNINGTON PENINSULA,-38.360535,144.89264,2019,12,December,16,Afternoon Peak,Weekday
T20190025785,2019-12-20,06:15:00,6,Vehicle overturned (no collision),5,Friday,170,OFF CARRIAGEWAY TO LEFT,1,611840,Not at intersection,2,100,Arterial Highway,SPRINGVALE,MONASH,-37.87872,145.166,2019,12,December,6,Morning Peak,Weekday
T20190025784,2019-12-20,05:20:00,3,Struck animal,5,Friday,167,STRUCK ANIMAL,5,615024,Not at intersection,2,100,Arterial Highway,CALDER,LODDON,-36.585358,143.90883,2019,12,December,5,Morning Peak,Weekday
T20190025921,2019-12-20,18:00:00,1,Collision with vehicle,5,Friday,113,RIGHT NEAR (INTERSECTIONS ONLY),1,585334,Cross intersection,2,70,Local Road,GOLF COURSE,BENDIGO,-36.71388,144.31999,2019,12,December,18,Afternoon Peak,Weekday
T20190025864,2019-12-20,23:00:00,4,Collision with a fixed object,5,Friday,171,LEFT OFF CARRIAGEWAY INTO OBJECT/PARKED VEHICLE,3,626730,T intersection,2,50,Local Road,VERMONT,GEELONG,-38.08171,144.35335,2019,12,December,23,Night,Weekday
T20190025768,2019-12-20,01:00:00,4,Collision with a fixed object,5,Friday,183,OFF LEFT BEND INTO OBJECT/PARKED VEHICLE,5,611334,Not at intersection,3,60,Arterial Other,MONBULK,YARRA RANGES,-37.87997,145.37791,2019,12,December,1,Late Night,Weekday
T20200012614,2019-12-20,20:00:00,8,No collision and no object struck,5,Friday,174,OUT OF CONTROL ON CARRIAGEWAY (ON STRAIGHT),1,729325,Not at intersection,3,40,Local Road,SMITH,YARRA,-37.8015,144.98383,2019,12,December,20,Night,Weekday
T20190025790,2019-12-20,11:50:00,1,Collision with vehicle,5,Friday,133,LANE SIDE SWIPE (VEHICLES IN PARALLEL LANES),1,657480,Not at intersection,2,100,Freeway,WESTERN,MELTON,-37.741608,144.69154,2019,12,December,11,Midday,Weekday
T20190025832,2019-12-20,16:55:00,4,Collision with a fixed object,5,Friday,175,OFF END OF ROAD/T-INTERSECTION.,1,72593,T intersection,3,80,Local Road,ROBINSONS,CASEY,-38.18934,145.25647,2019,12,December,16,Afternoon Peak,Weekday
T20190025816,2019-12-20,14:30:00,1,Collision with vehicle,5,Friday,131,LEFT REAR,1,38321,Unknown,3,40,Arterial Other,WILLIAMSONS,MANNINGHAM,-37.782085,145.124,2019,12,December,14,Midday,Weekday
T20200002989,2019-12-20,16:30:00,1,Collision with vehicle,5,Friday,130,REAR END(VEHICLES IN SAME LANE),1,628041,Not at intersection,3,70,Arterial Highway,MOOROODUC,FRANKSTON,-38.14547,145.13615,2019,12,December,16,Afternoon Peak,Weekday
T20190025838,2019-12-20,20:20:00,1,Collision with vehicle,5,Friday,140,U TURN,1,648067,T intersection,2,60,Arterial Highway,MANIFOLD,CORANGAMITE,-38.229977,143.14264,2019,12,December,20,Night,Weekday
T20190025836,2019-12-20,16:30:00,1,Collision with vehicle,5,Friday,129,OTHER OPPOSING MANOEUVRES NOT INCLUDED IN DCAs 120-125.,1,757513,Not at intersection,4,100,Arterial Highway,MURRAY VALLEY,TOWONG,-36.177715,147.58264,2019,12,December,16,Afternoon Peak,Weekday
T20190025831,2019-12-20,19:10:00,1,Collision with vehicle,5,Friday,160,VEHICLE COLLIDES WITH VEHICLE PARKED ON LEFT OF ROAD,1,613444,Not at intersection,2,50,Local Road,HERBERT,KNOX,-37.855804,145.27927,2019,12,December,19,Night,Weekday
T20190025826,2019-12-20,17:25:00,1,Collision with vehicle,5,Friday,163,VEHICLE STRIKES DOOR OF PARKED/STATIONARY VEHICLE,1,611619,Not at intersection,3,50,Local Road,OAKOVER,DAREBIN,-37.74971,144.99908,2019,12,December,17,Afternoon Peak,Weekday
T20190025783,2019-12-20,06:00:00,3,Struck animal,5,Friday,167,STRUCK ANIMAL,2,620870,Not at intersection,3,100,Arterial Other,KYNETON-TRENTHAM,HEPBURN,-37.352516,144.36864,2019,12,December,6,Morning Peak,Weekday
T20200004178,2019-12-20,21:30:00,8,No collision and no object struck,5,Friday,174,OUT OF CONTROL ON CARRIAGEWAY (ON STRAIGHT),2,657477,Not at intersection,3,50,Local Road,HIGGINS,WANGARATTA,-36.37387,146.31145,2019,12,December,21,Night,Weekday
T20190026029,2019-12-20,09:10:00,1,Collision with vehicle,5,Friday,130,REAR END(VEHICLES IN SAME LANE),1,42599,T intersection,3,50,Arterial Other,JACKSONS,DANDENONG,-37.948788,145.19203,2019,12,December,9,Morning Peak,Weekday
T20190025835,2019-12-20,16:35:00,1,Collision with vehicle,5,Friday,121,RIGHT THROUGH,1,437,Cross intersection,2,80,Arterial Highway,MAROONDAH,YARRA RANGES,-37.760338,145.32825,2019,12,December,16,Afternoon Peak,Weekday
T20190025820,2019-12-20,15:06:00,1,Collision with vehicle,5,Friday,130,REAR END(VEHICLES IN SAME LANE),1,29428,Cross intersection,3,40,Local Road,EXHIBITION,MELBOURNE,-37.81306,144.97101,2019,12,December,15,Afternoon Peak,Weekday