ACCIDENT_NO,ACCIDENT_DATE,ACCIDENT_TIME,ACCIDENT_TYPE,ACCIDENT_TYPE_DESC,DAY_OF_WEEK,DAY_WEEK_DESC,DCA_CODE,DCA_DESC,LIGHT_CONDITION,NODE_ID,ROAD_GEOMETRY_DESC,SEVERITY,SPEED_ZONE,RMA,ROAD_NAME,LGA_NAME,LATITUDE,LONGITUDE,YEAR,MONTH,MONTH_NAME,HOUR,TIME_PERIOD,DAY_TYPE
T20200000592,2019-12-20,13:25:00,1,Collision with vehicle,5,Friday,130,REAR END(VEHICLES IN SAME LANE),1,322131,Cross intersection,3,80,Arterial Highway,WARRIGAL,KINGSTON,-37.9388,145.07965,2019,12,December,13,Midday,Weekday
T20190026089,2019-12-20,09:30:00,1,Collision with vehicle,5,Friday,120,HEAD ON (NOT OVERTAKING),1,612200,Not at intersection,1,50,Local Road,ORRONG,GLEN EIRA,-37.884636,145.00587,2019,12,December,9,Morning Peak,Weekday
T20190025792,2019-12-20,09:20:00,1,Collision with vehicle,5,Friday,110,CROSS TRAFFIC(INTERSECTIONS ONLY),1,49286,Cross intersection,3,50,Local Road,CORBETT,BALLARAT,-37.560234,143.87244,2019,12,December,9,Morning Peak,Weekday
T20190025853,2019-12-20,23:32:00,2,Struck Pedestrian,5,Friday,100,PED NEAR SIDE. PED HIT BY VEHICLE FROM THE RIGHT.,3,90864,Not at intersection,3,70,Arterial Highway,DANDENONG,PORT PHILLIP,-37.85784,144.99242,2019,12,December,23,Night,Weekday
T20190025808,2019-12-20,13:55:00,1,Collision with vehicle,5,Friday,120,HEAD ON (NOT OVERTAKING),1,39271,T intersection,3,60,Arterial Other,ELGAR,WHITEHORSE,-37.813934,145.11555,2019,12,December,13,Midday,Weekday
T20200001084,2019-12-20,23:00:00,4,Collision with a fixed object,5,Friday,173,RIGHT OFF CARRIAGEWAY INTO OBJECT/PARKED VEHICLE,6,56185,T intersection,3,50,Local Road,ABBOTT,BAYSIDE,-37.95011,145.01506,2019,12,December,23,Night,Weekday
T20190025809,2019-12-20,14:02:00,8,No collision and no object struck,5,Friday,189,OTHER ACCIDENTS ON CURVE NOT INCLUDED IN DCAs 180-184,1,46485,Cross intersection,3,50,Local Road,BUTLERS,KNOX,-37.885574,145.29753,2019,12,December,14,Midday,Weekday
T20190025842,2019-12-20,18:44:00,1,Collision with vehicle,5,Friday,120,HEAD ON (NOT OVERTAKING),1,635676,Not at intersection,3,60,Local Road,ALMA,MORNINGTON PENINSULA,-38.37696,144.84668,2019,12,December,18,Afternoon Peak,Weekday
T20200001112,2019-12-20,12:55:00,1,Collision with vehicle,5,Friday,120,HEAD ON (NOT OVERTAKING),1,655780,Not at intersection,3,50,Local Road,ALBERT,KNOX,-37.848106,145.29926,2019,12,December,12,Midday,Weekday
T20190025801,2019-12-20,04:30:00,2,Struck Pedestrian,5,Friday,109,ANY MANOEUVRE INVOLVING PED NOT INCLUDED IN DCAs 100-108.,6,611186,T intersection,1,60,Local Road,SPRING,KINGSTON,-37.977898,145.13568,2019,12,December,4,Late Night,Weekday
T20190025940,2019-12-20,18:45:00,1,Collision with vehicle,5,Friday,130,REAR END(VEHICLES IN SAME LANE),9,628966,T intersection,3,60,Arterial Other,WELLINGTON,MELBOURNE,-37.81637,144.98508,2019,12,December,18,Afternoon Peak,Weekday
T20190026115,2019-12-20,15:00:00,1,Collision with vehicle,5,Friday,147,VEHICLE STRIKES ANOTHER VEH WHILE EMERGING FROM DRIVEWAY,1,306111,T intersection,3,60,Arterial Other,JOHNSTON,YARRA,-37.799656,144.9911,2019,12,December,15,Afternoon Peak,Weekday
T20190025802,2019-12-20,12:30:00,1,Collision with vehicle,5,Friday,120,HEAD ON (NOT OVERTAKING),1,612193,Not at intersection,3,70,Arterial Other,HIGH,MANNINGHAM,-37.77985,145.11264,2019,12,December,12,Midday,Weekday
T20190025791,2019-12-20,06:05:00,7,Fall from or in moving vehicle,5,Friday,190,FELL IN/FROM VEHICLE,1,632366,Not at intersection,2,70,Arterial Other,FOREST,GEELONG,-38.0385,144.39352,2019,12,December,6,Morning Peak,Weekday
T20190025805,2019-12-20,13:30:00,1,Collision with vehicle,5,Friday,110,CROSS TRAFFIC(INTERSECTIONS ONLY),1,59688,Cross intersection,3,50,Local Road,FOREST,BENDIGO,-36.757744,144.27408,2019,12,December,13,Midday,Weekday
T20190025779,2019-12-20,07:35:00,1,Collision with vehicle,5,Friday,116,LEFT NEAR (INTERSECTIONS ONLY),1,44910,T intersection,3,50,Arterial Other,STATION,BRIMBANK,-37.77212,144.77449,2019,12,December,7,Morning Peak,Weekday
T20190025871,2019-12-20,19:00:00,1,Collision with vehicle,5,Friday,113,RIGHT NEAR (INTERSECTIONS ONLY),2,37326,Cross intersection,2,50,Local Road,CHITTENUP,BRIMBANK,-37.705727,144.76555,2019,12,December,19,Night,Weekday
T20190025825,2019-12-20,16:15:00,4,Collision with a fixed object,5,Friday,171,LEFT OFF CARRIAGEWAY INTO OBJECT/PARKED VEHICLE,1,613443,Not at intersection,3,80,Arterial Other,WELLINGTON,KNOX,-37.92574,145.28815,2019,12,December,16,Afternoon Peak,Weekday
T20190025856,2019-12-20,18:27:00,4,Collision with a fixed object,5,Friday,181,OFF RIGHT BEND INTO OBJECT/PARKED VEHICLE,1,655216,Cross intersection,3,50,Local Road,SETTLEMENT,WYNDHAM,-37.822884,144.69933,2019,12,December,18,Afternoon Peak,Weekday
T20200003298,2019-12-20,11:23:00,4,Collision with a fixed object,5,Friday,171,LEFT OFF CARRIAGEWAY INTO OBJECT/PARKED VEHICLE,1,627418,Not at intersection,2,80,Local Road,TANNERS,SURF COAST,-38.3221,144.14073,2019,12,December,11,Midday,Weekday
T20190025847,2019-12-20,17:57:00,4,Collision with a fixed object,5,Friday,173,RIGHT OFF CARRIAGEWAY INTO OBJECT/PARKED VEHICLE,1,657481,Not at intersection,3,50,Local Road,LAKEVIEW,YARRA RANGES,-37.773426,145.35461,2019,12,December,17,Afternoon Peak,Weekday
T20190025858,2019-12-20,23:45:00,4,Collision with a fixed object,5,Friday,171,LEFT OFF CARRIAGEWAY INTO OBJECT/PARKED VEHICLE,5,656470,Not at intersection,3,100,Arterial Other,BLACK BRIDGE,COLAC OTWAY,-38.46092,143.48055,2019,12,December,23,Night,Weekday
T20190025854,2019-12-20,19:23:00,1,Collision with vehicle,5,Friday,130,REAR END(VEHICLES IN SAME LANE),1,623576,Not at intersection,2,80,Arterial Other,BERWICK-CRANBOURNE,CASEY,-38.105423,145.3299,2019,12,December,19,Night,Weekday
T20200005919,2019-12-20,13:35:00,4,Collision with a fixed object,5,Friday,146,REVERSING INTO FIXED OBJECT/PARKED VEHICLE,1,636877,T intersection,3,60,Arterial Other,STONY POINT,MORNINGTON PENINSULA,-38.342937,145.1895,2019,12,December,13,Midday,Weekday
T20190026206,2019-12-20,17:45:00,1,Collision with vehicle,5,Friday,112,LEFT FAR (INTERSECTIONS ONLY),1,245685,Cross intersection,3,50,Local Road,COURT,MARIBYRNONG,-37.81806,144.8793,2019,12,December,17,Afternoon Peak,Weekday
T20190025852,2019-12-20,21:23:00,6,Vehicle overturned (no collision),5,Friday,170,OFF CARRIAGEWAY TO LEFT,5,632365,Not at intersection,2,100,Freeway,PRINCES,CARDINIA,-38.08983,145.46266,2019,12,December,21,Night,Weekday
T20190026025,2019-12-21,12:00:00,7,Fall from or in moving vehicle,6,Saturday,184,OUT OF CONTROL ON CARRIAGEWAY (ON BEND),1,612482,Not at intersection,3,80,Arterial Other,LANG LANG-POOWONG,SOUTH GIPPSLAND,-38.331093,145.72296,2019,12,December,12,Midday,Weekend
T20190025935,2019-12-21,19:00:00,1,Collision with vehicle,6,Saturday,148,VEHICLE OFF FOOTPATH STRIKES VEH ON CARRIAGEWAY,1,656466,Not at intersection,3,80,Arterial Highway,SPRINGVALE,KINGSTON,-38.009026,145.1411,2019,12,December,19,Night,Weekend
T20190025934,2019-12-21,20:00:00,1,Collision with vehicle,6,Saturday,130,REAR END(VEHICLES IN SAME LANE),1,625458,Not at intersection,2,60,Arterial Other,BAY,KINGSTON,-37.957314,145.05086,2019,12,December,20,Night,Weekend
T20190025933,2019-12-21,17:30:00,1,Collision with vehicle,6,Saturday,154,PULLING OUT -REAR END,1,655848,Not at intersection,3,100,Freeway,MONASH,MONASH,-37.897602,145.14838,2019,12,December,17,Afternoon Peak,Weekend
T20190025932,2019-12-21,18:55:00,1,Collision with vehicle,6,Saturday,160,VEHICLE COLLIDES WITH VEHICLE PARKED ON LEFT OF ROAD,1,620555,Not at intersection,3,50,Local Road,LESDON,CASEY,-38.08679,145.27249,2019,12,December,18,Afternoon Peak,Weekend
T20190026021,2019-12-21,03:20:00,1,Collision with vehicle,6,Saturday,110,CROSS TRAFFIC(INTERSECTIONS ONLY),3,612755,Cross intersection,2,60,Arterial Other,HEATHS,WYNDHAM,-37.876286,144.6587,2019,12,December,3,Late Night,Weekend
T20190025886,2019-12-21,11:15:00,1,Collision with vehicle,6,Saturday,121,RIGHT THROUGH,1,614875,T intersection,2,60,Arterial Other,HIGH,BOROONDARA,-37.803715,145.03932,2019,12,December,11,Midday,Weekend
T20190025883,2019-12-21,07:45:00,4,Collision with a fixed object,6,Saturday,173,RIGHT OFF CARRIAGEWAY INTO OBJECT/PARKED VEHICLE,1,656468,Not at intersection,2,100,Arterial Highway,LODDON VALLEY,LODDON,-36.338867,143.97559,2019,12,December,7,Morning Peak,Weekend
T20200000427,2019-12-21,21:45:00,1,Collision with vehicle,6,Saturday,130,REAR END(VEHICLES IN SAME LANE),2,257720,T intersection,3,50,Local Road,BEACON POINT,GEELONG,-38.155716,144.57417,2019,12,December,21,Night,Weekend
T20190026077,2019-12-21,19:00:00,1,Collision with vehicle,6,Saturday,130,REAR END(VEHICLES IN SAME LANE),1,652549,Cross intersection,3,60,Local Road,PEARCEDALE,HUME,-37.677624,144.91939,2019,12,December,19,Night,Weekend
T20190026308,2019-12-21,10:45:00,1,Collision with vehicle,6,Saturday,130,REAR END(VEHICLES IN SAME LANE),1,37784,Cross intersection,3,60,Arterial Other,ORRONG,STONNINGTON,-37.849285,145.01231,2019,12,December,10,Midday,Weekend
T20190025976,2019-12-21,21:00:00,1,Collision with vehicle,6,Saturday,140,U TURN,5,612195,Not at intersection,2,80,Arterial Other,BACCHUS MARSH,GEELONG,-37.97083,144.34937,2019,12,December,21,Night,Weekend
T20190025946,2019-12-21,22:38:00,1,Collision with vehicle,6,Saturday,111,RIGHT FAR (INTERSECTIONS ONLY),3,7208,T intersection,3,60,Arterial Other,BARBER,WYNDHAM,-37.87679,144.67574,2019,12,December,22,Night,Weekend
T20190025863,2019-12-21,02:30:00,8,No collision and no object struck,6,Saturday,174,OUT OF CONTROL ON CARRIAGEWAY (ON STRAIGHT),5,644415,Not at intersection,3,60,Local Road,JETTY,GEELONG,-38.17134,144.55269,2019,12,December,2,Late Night,Weekend
T20190025930,2019-12-21,15:30:00,1,Collision with vehicle,6,Saturday,130,REAR END(VEHICLES IN SAME LANE),1,624825,Not at intersection,3,80,Local Road,MANKS,CARDINIA,-38.17759,145.43651,2019,12,December,15,Afternoon Peak,Weekend
T20190025925,2019-12-21,16:25:00,6,Vehicle overturned (no collision),6,Saturday,180,OFF CARRIAGEWAY ON RIGHT BEND,1,656501,Not at intersection,3,100,Arterial Other,MANSFIELD-WHITFIELD,WANGARATTA,-36.765564,146.35841,2019,12,December,16,Afternoon Peak,Weekend
T20190025959,2019-12-21,11:00:00,2,Struck Pedestrian,6,Saturday,100,PED NEAR SIDE. PED HIT BY VEHICLE FROM THE RIGHT.,1,614146,Multiple intersection,3,50,Local Road,KENT,MAROONDAH,-37.794415,145.28117,2019,12,December,11,Midday,Weekend
T20190026054,2019-12-21,18:30:00,1,Collision with vehicle,6,Saturday,163,VEHICLE STRIKES DOOR OF PARKED/STATIONARY VEHICLE,9,657555,Not at intersection,3,60,Arterial Other,GLENFERRIE,BOROONDARA,-37.828186,145.03432,2019,12,December,18,Afternoon Peak,Weekend
T20190025920,2019-12-21,12:53:00,1,Collision with vehicle,6,Saturday,110,CROSS TRAFFIC(INTERSECTIONS ONLY),1,342910,Cross intersection,3,50,Local Road,DEVEREUX,YARRIAMBIACK,-36.248337,142.39648,2019,12,December,12,Midday,Weekend
T20190025918,2019-12-21,11:50:00,4,Collision with a fixed object,6,Saturday,175,OFF END OF ROAD/T-INTERSECTION.,1,278198,T intersection,2,100,Arterial Other,ROKEWOOD-SKIPTON,GOLDEN PLAINS,-37.807343,143.58287,2019,12,December,11,Midday,Weekend
T20190025915,2019-12-21,13:54:00,1,Collision with vehicle,6,Saturday,132,RIGHT REAR.,1,39202,T intersection,3,60,Arterial Other,CANTERBURY,BOROONDARA,-37.8255,145.09354,2019,12,December,13,Midday,Weekend
T20190025913,2019-12-21,12:00:00,1,Collision with vehicle,6,Saturday,131,LEFT REAR,1,656467,T intersection,3,60,Local Road,VICTORIA,YARRA RANGES,-37.745533,145.33643,2019,12,December,12,Midday,Weekend
T20190025944,2019-12-21,21:30:00,1,Collision with vehicle,6,Saturday,173,RIGHT OFF CARRIAGEWAY INTO OBJECT/PARKED VEHICLE,5,611898,Not at intersection,3,80,Arterial Other,ELTHAM-YARRA GLEN,NILLUMBIK,-37.651566,145.31491,2019,12,December,21,Night,Weekend
T20190025910,2019-12-21,13:40:00,4,Collision with a fixed object,6,Saturday,171,LEFT OFF CARRIAGEWAY INTO OBJECT/PARKED VEHICLE,1,611899,Not at intersection,2,60,Arterial Other,LANGS,MELBOURNE,-37.780018,144.91252,2019,12,December,13,Midday,Weekend
T20190025909,2019-12-21,15:15:00,4,Collision with a fixed object,6,Saturday,183,OFF LEFT BEND INTO OBJECT/PARKED VEHICLE,1,618196,T intersection,3,60,Local Road,RIGGALL,HUME,-37.67471,144.92017,2019,12,December,15,Afternoon Peak,Weekend
T20190025908,2019-12-21,07:30:00,1,Collision with vehicle,6,Saturday,113,RIGHT NEAR (INTERSECTIONS ONLY),1,57357,Cross intersection,2,80,Arterial Other,PLENTY,WHITTLESEA,-37.678844,145.06966,2019,12,December,7,Morning Peak,Weekend
T20190025906,2019-12-21,13:40:00,1,Collision with vehicle,6,Saturday,137,LEFT TURN SIDESWIPE,1,48146,T intersection,2,50,Arterial Other,CENTRE,GLEN EIRA,-37.917915,145.03427,2019,12,December,13,Midday,Weekend
T20190025905,2019-12-21,11:35:00,1,Collision with vehicle,6,Saturday,147,VEHICLE STRIKES ANOTHER VEH WHILE EMERGING FROM DRIVEWAY,1,611621,Not at intersection,3,50,Local Road,MASON,HUME,-37.67188,144.9668,2019,12,December,11,Midday,Weekend
T20190025904,2019-12-21,13:19:00,1,Collision with vehicle,6,Saturday,153,CUTTING IN (OVERTAKING),1,65743,Cross intersection,2,40,Local Road,ELIZABETH,MELBOURNE,-37.810318,144.96136,2019,12,December,13,Midday,Weekend
T20190025902,2019-12-21,12:55:00,1,Collision with vehicle,6,Saturday,152,PULLING OUT (OVERTAKING),1,57547,T intersection,2,60,Arterial Other,HAWTHORN,GLEN EIRA,-37.889133,145.02155,2019,12,December,12,Midday,Weekend
T20190025900,2019-12-21,09:30:00,2,Struck Pedestrian,6,Saturday,102,FAR SIDE. PED HIT BY VEHICLE FROM THE LEFT,1,42509,Cross intersection,1,60,Arterial Highway,SPRINGVALE,DANDENONG,-37.95734,145.1513,2019,12,December,9,Morning Peak,Weekend
T20190025899,2019-12-21,13:20:00,1,Collision with vehicle,6,Saturday,113,RIGHT NEAR (INTERSECTIONS ONLY),1,44945,T intersection,3,70,Arterial Other,BALLARAT,BRIMBANK,-37.772034,144.79984,2019,12,December,13,Midday,Weekend
T20190025897,2019-12-21,13:50:00,1,Collision with vehicle,6,Saturday,160,VEHICLE COLLIDES WITH VEHICLE PARKED ON LEFT OF ROAD,1,632368,Not at intersection,2,50,Local Road,COOPER,MOONEE VALLEY,-37.754353,144.89667,2019,12,December,13,Midday,Weekend
T20190025892,2019-12-21,09:05:00,8,No collision and no object struck,6,Saturday,179,OTHER ACCIDENTS-OFF STRAIGHT NOT INCLUDED IN DCAs 170-175,1,35626,Cross intersection,2,50,Arterial Highway,MAIN,KINGSTON,-38.008427,145.08789,2019,12,December,9,Morning Peak,Weekend
T20190025890,2019-12-21,11:15:00,1,Collision with vehicle,6,Saturday,152,PULLING OUT (OVERTAKING),1,614145,Not at intersection,2,60,Arterial Highway,EAGLEHAWK,BENDIGO,-36.723766,144.25792,2019,12,December,11,Midday,Weekend
T20190025942,2019-12-21,21:15:00,4,Collision with a fixed object,6,Saturday,173,RIGHT OFF CARRIAGEWAY INTO OBJECT/PARKED VEHICLE,5,612194,Not at intersection,3,80,Local Road,OHALLORANS,GEELONG,-38.02264,144.37756,2019,12,December,21,Night,Weekend
T20190026111,2019-12-21,05:45:00,3,Struck animal,6,Saturday,167,STRUCK ANIMAL,5,615025,Not at intersection,3,100,Arterial Other,DIMBOOLA-RAINBOW,HINDMARSH,-36.051582,142.03604,2019,12,December,5,Morning Peak,Weekend
T20190026000,2019-12-22,19:00:00,1,Collision with vehicle,7,Sunday,110,CROSS TRAFFIC(INTERSECTIONS ONLY),1,41119,Cross intersection,3,40,Local Road,SCOTT,PORT PHILLIP,-37.88027,144.99103,2019,12,December,19,Night,Weekend
T20190025977,2019-12-22,09:20:00,4,Collision with a fixed object,7,Sunday,171,LEFT OFF CARRIAGEWAY INTO OBJECT/PARKED VEHICLE,1,614002,Not at intersection,2,100,Arterial Highway,NORTHERN,BENDIGO,-36.95375,144.74231,2019,12,December,9,Morning Peak,Weekend
T20190026064,2019-12-22,22:56:00,1,Collision with vehicle,7,Sunday,160,VEHICLE COLLIDES WITH VEHICLE PARKED ON LEFT OF ROAD,3,613585,Not at intersection,3,50,Local Road,TARONGA,WYNDHAM,-37.842316,144.71078,2019,12,December,22,Night,Weekend
T20190026458,2019-12-22,16:20:00,8,No collision and no object struck,7,Sunday,189,OTHER ACCIDENTS ON CURVE NOT INCLUDED IN DCAs 180-184,1,614151,Not at intersection,3,100,Local Road,JINDIVICK-NEERIM SOUTH,BAW BAW,-38.034046,145.92966,2019,12,December,16,Afternoon Peak,Weekend
T20200007934,2019-12-22,04:00:00,1,Collision with vehicle,7,Sunday,130,REAR END(VEHICLES IN SAME LANE),3,37531,T intersection,2,80,Arterial Other,PLENTY,WHITTLESEA,-37.662857,145.0723,2019,12,December,4,Late Night,Weekend
T20190026016,2019-12-22,12:17:00,4,Collision with a fixed object,7,Sunday,175,OFF END OF ROAD/T-INTERSECTION.,1,612197,T intersection,2,50,Local Road,DUELLS,MORNINGTON PENINSULA,-38.383553,144.91505,2019,12,December,12,Midday,Weekend
T20210015446,2019-12-22,10:30:00,8,No collision and no object struck,7,Sunday,174,OUT OF CONTROL ON CARRIAGEWAY (ON STRAIGHT),1,688925,Not at intersection,3,60,Arterial Other,STURT,BALLARAT,-37.56137,143.85411,2019,12,December,10,Midday,Weekend
T20190026052,2019-12-22,08:00:00,1,Collision with vehicle,7,Sunday,111,RIGHT FAR (INTERSECTIONS ONLY),1,352452,T intersection,3,80,Arterial Other,CRANBOURNE,CASEY,-38.034637,145.30533,2019,12,December,8,Morning Peak,Weekend
T20190025963,2019-12-22,08:30:00,1,Collision with vehicle,7,Sunday,121,RIGHT THROUGH,1,35770,Cross intersection,3,50,Arterial Highway,HIGH STREET -PALL MALL,BENDIGO,-36.7597,144.2786,2019,12,December,8,Morning Peak,Weekend
T20190025956,2019-12-22,02:13:00,4,Collision with a fixed object,7,Sunday,171,LEFT OFF CARRIAGEWAY INTO OBJECT/PARKED VEHICLE,3,29437,Cross intersection,3,80,Arterial Highway,GREENSBOROUGH,BANYULE,-37.71091,145.08499,2019,12,December,2,Late Night,Weekend
T20190025949,2019-12-22,00:44:00,6,Vehicle overturned (no collision),7,Sunday,189,OTHER ACCIDENTS ON CURVE NOT INCLUDED IN DCAs 180-184,5,614874,Not at intersection,2,80,Arterial Other,YARRA JUNCTION-NOOJEE,YARRA RANGES,-37.830257,145.6651,2019,12,December,0,Late Night,Weekend
T20190025985,2019-12-22,11:18:00,2,Struck Pedestrian,7,Sunday,100,PED NEAR SIDE. PED HIT BY VEHICLE FROM THE RIGHT.,1,653091,T intersection,2,40,Arterial Other,VICTORIA,YARRA,-37.80976,144.99284,2019,12,December,11,Midday,Weekend
T20190026001,2019-12-22,16:51:00,1,Collision with vehicle,7,Sunday,120,HEAD ON (NOT OVERTAKING),1,624826,Not at intersection,3,80,Arterial Highway,GREAT OCEAN,CORANGAMITE,-38.747063,143.2792,2019,12,December,16,Afternoon Peak,Weekend
T20200000498,2019-12-22,14:45:00,1,Collision with vehicle,7,Sunday,140,U TURN,1,626405,Not at intersection,3,50,Local Road,WESTMILL,WYNDHAM,-37.87513,144.67218,2019,12,December,14,Midday,Weekend
T20190025965,2019-12-22,10:26:00,2,Struck Pedestrian,7,Sunday,100,PED NEAR SIDE. PED HIT BY VEHICLE FROM THE RIGHT.,1,37055,Cross intersection,3,60,Arterial Highway,HODDLE,MELBOURNE,-37.811256,144.99109,2019,12,December,10,Midday,Weekend
T20200001793,2019-12-22,17:00:00,6,Vehicle overturned (no collision),7,Sunday,174,OUT OF CONTROL ON CARRIAGEWAY (ON STRAIGHT),1,623285,Not at intersection,2,100,Local Road,GILBERT,SURF COAST,-38.42297,144.14215,2019,12,December,17,Afternoon Peak,Weekend
T20190025975,2019-12-22,12:00:00,1,Collision with vehicle,7,Sunday,121,RIGHT THROUGH,1,612754,T intersection,2,80,Local Road,MCCLELLAND,FRANKSTON,-38.135044,145.17773,2019,12,December,12,Midday,Weekend
T20190025974,2019-12-22,11:22:00,1,Collision with vehicle,7,Sunday,130,REAR END(VEHICLES IN SAME LANE),1,773460,Not at intersection,3,70,Arterial Highway,PLENTY,DAREBIN,-37.715244,145.04422,2019,12,December,11,Midday,Weekend
T20190025970,2019-12-22,08:30:00,6,Vehicle overturned (no collision),7,Sunday,180,OFF CARRIAGEWAY ON RIGHT BEND,1,644416,Not at intersection,2,100,Arterial Other,MURCHISON-VIOLET TOWN,STRATHBOGIE,-36.610847,145.36235,2019,12,December,8,Morning Peak,Weekend
T20190025969,2019-12-22,08:50:00,1,Collision with vehicle,7,Sunday,130,REAR END(VEHICLES IN SAME LANE),1,656100,Not at intersection,2,100,Local Road,MERCER,HUME,-37.681564,144.87093,2019,12,December,8,Morning Peak,Weekend
T20200002505,2019-12-22,10:00:00,8,No collision and no object struck,7,Sunday,180,OFF CARRIAGEWAY ON RIGHT BEND,1,656464,Not at intersection,3,70,Arterial Other,SOMERTON PARK,WELLINGTON,-38.10209,147.09651,2019,12,December,10,Midday,Weekend
T20190026125,2019-12-22,22:30:00,5,collision with some other object,7,Sunday,181,OFF RIGHT BEND INTO OBJECT/PARKED VEHICLE,5,656465,Not at intersection,3,100,Local Road,TANTAUS,GOLDEN PLAINS,-37.805637,143.73685,2019,12,December,22,Night,Weekend
T20200001055,2019-12-22,17:45:00,1,Collision with vehicle,7,Sunday,131,LEFT REAR,9,620565,Not at intersection,2,40,Arterial Other,ASCOT VALE,MOONEE VALLEY,-37.774525,144.92358,2019,12,December,17,Afternoon Peak,Weekend
T20190026031,2019-12-22,14:45:00,8,No collision and no object struck,7,Sunday,180,OFF CARRIAGEWAY ON RIGHT BEND,1,612483,Not at intersection,2,60,Arterial Other,HEIDELBERG-KINGLAKE,NILLUMBIK,-37.577206,145.2924,2019,12,December,14,Midday,Weekend
T20200000862,2019-12-23,23:10:00,4,Collision with a fixed object,1,Monday,183,OFF LEFT BEND INTO OBJECT/PARKED VEHICLE,3,618511,Not at intersection,3,60,Arterial Other,HODDLE,YARRA,-37.786133,144.99547,2019,12,December,23,Night,Weekday
T20190026346,2019-12-23,12:39:00,1,Collision with vehicle,1,Monday,130,REAR END(VEHICLES IN SAME LANE),1,613592,Cross intersection,3,60,Local Road,ST GEORGES,STONNINGTON,-37.83148,145.01253,2019,12,December,12,Midday,Weekday
T20190026065,2019-12-23,13:30:00,1,Collision with vehicle,1,Monday,121,RIGHT THROUGH,1,29761,Cross intersection,2,80,Arterial Other,THOMPSONS,CASEY,-38.079994,145.25813,2019,12,December,13,Midday,Weekday
T20190026067,2019-12-23,15:00:00,1,Collision with vehicle,1,Monday,114,TWO RIGHT TURNING (INTERSECTIONS ONLY),1,612485,T intersection,3,40,Local Road,MINNIE,MORELAND,-37.770233,144.96877,2019,12,December,15,Afternoon Peak,Weekday
T20190026068,2019-12-23,11:45:00,1,Collision with vehicle,1,Monday,113,RIGHT NEAR (INTERSECTIONS ONLY),1,41184,Cross intersection,2,60,Local Road,CARPENTER,BAYSIDE,-37.907654,145.00186,2019,12,December,11,Midday,Weekday
T20190026074,2019-12-23,16:30:00,1,Collision with vehicle,1,Monday,111,RIGHT FAR (INTERSECTIONS ONLY),1,63074,T intersection,2,60,Arterial Other,MILLEARA,MOONEE VALLEY,-37.741226,144.8636,2019,12,December,16,Afternoon Peak,Weekday
T20190026076,2019-12-23,18:15:00,1,Collision with vehicle,1,Monday,110,CROSS TRAFFIC(INTERSECTIONS ONLY),1,49384,Cross intersection,3,60,Arterial Highway,BRIDGE STREET W-MANSFIELD,BENALLA,-36.555088,145.96304,2019,12,December,18,Afternoon Peak,Weekday
T20190026078,2019-12-23,19:10:00,1,Collision with vehicle,1,Monday,121,RIGHT THROUGH,1,612486,Cross intersection,3,80,Local Road,NICHOLSON,WHITEHORSE,-37.818558,145.17833,2019,12,December,19,Night,Weekday
T20190026082,2019-12-23,13:00:00,1,Collision with vehicle,1,Monday,135,LANE CHANGE LEFT (NOT OVERTAKING),1,629300,Not at intersection,3,80,Arterial Other,HEATHERTON,DANDENONG,-37.960625,145.13766,2019,12,December,13,Midday,Weekday
T20190026085,2019-12-23,19:15:00,1,Collision with vehicle,1,Monday,147,VEHICLE STRIKES ANOTHER VEH WHILE EMERGING FROM DRIVEWAY,1,164734,Not at intersection,3,60,Arterial Highway,WYNDHAM,SHEPPARTON,-36.38555,145.39842,2019,12,December,19,Night,Weekday
T20190026090,2019-12-23,18:35:00,1,Collision with vehicle,1,Monday,120,HEAD ON (NOT OVERTAKING),1,657556,Not at intersection,2,60,Arterial Other,ROHS,BENDIGO,-36.742737,144.3162,2019,12,December,18,Afternoon Peak,Weekday
T20200023376,2019-12-23,12:15:00,1,Collision with vehicle,1,Monday,130,REAR END(VEHICLES IN SAME LANE),9,41896,Cross intersection,3,80,Arterial Highway,BURWOOD,KNOX,-37.87639,145.25766,2019,12,December,12,Midday,Weekday
T20190026091,2019-12-23,14:54:00,1,Collision with vehicle,1,Monday,137,LEFT TURN SIDESWIPE,1,613586,Cross intersection,3,60,Arterial Other,WATERDALE,DAREBIN,-37.726852,145.05075,2019,12,December,14,Midday,Weekday
T20190026096,2019-12-23,22:02:00,6,Vehicle overturned (no collision),1,Monday,170,OFF CARRIAGEWAY TO LEFT,5,618498,Not at intersection,2,100,Local Road,TOORADIN STATION,CASEY,-38.145798,145.39886,2019,12,December,22,Night,Weekday
T20190026097,2019-12-23,23:35:00,4,Collision with a fixed object,1,Monday,171,LEFT OFF CARRIAGEWAY INTO OBJECT/PARKED VEHICLE,5,656377,Not at intersection,2,60,Local Road,COPELANDS,BAW BAW,-38.11766,145.96786,2019,12,December,23,Night,Weekday