ACCIDENT_NO,ACCIDENT_DATE,ACCIDENT_TIME,ACCIDENT_TYPE,ACCIDENT_TYPE_DESC,DAY_OF_WEEK,DAY_WEEK_DESC,DCA_CODE,DCA_DESC,LIGHT_CONDITION,NODE_ID,ROAD_GEOMETRY_DESC,SEVERITY,SPEED_ZONE,RMA,ROAD_NAME,LGA_NAME,LATITUDE,LONGITUDE,YEAR,MONTH,MONTH_NAME,HOUR,TIME_PERIOD,DAY_TYPE
T20200003546,2019-12-23,13:00:00,1,Collision with vehicle,1,Monday,110,CROSS TRAFFIC(INTERSECTIONS ONLY),1,728916,Cross intersection,3,60,Freeway,SNEYDES,WYNDHAM,-37.89836,144.70946,2019,12,December,13,Midday,Weekday
T20190026037,2019-12-23,02:50:00,1,Collision with vehicle,1,Monday,137,LEFT TURN SIDESWIPE,3,38098,Cross intersection,3,50,Arterial Highway,BELL,DAREBIN,-37.748104,145.02975,2019,12,December,2,Late Night,Weekday
T20200000193,2019-12-23,14:15:00,1,Collision with vehicle,1,Monday,130,REAR END(VEHICLES IN SAME LANE),1,622646,Not at intersection,2,80,Arterial Highway,NEPEAN,KINGSTON,-37.948658,145.04567,2019,12,December,14,Midday,Weekday
T20190026212,2019-12-23,13:15:00,1,Collision with vehicle,1,Monday,121,RIGHT THROUGH,1,36688,Cross intersection,3,60,Arterial Other,HODDLE,YARRA,-37.790222,144.99483,2019,12,December,13,Midday,Weekday
T20190026158,2019-12-23,15:44:00,1,Collision with vehicle,1,Monday,130,REAR END(VEHICLES IN SAME LANE),1,53513,Cross intersection,3,60,Arterial Highway,PRINCES,BAW BAW,-38.20804,146.1514,2019,12,December,15,Afternoon Peak,Weekday
T20190026022,2019-12-23,05:40:00,1,Collision with vehicle,1,Monday,140,U TURN,1,613584,Not at intersection,2,80,Arterial Other,CLYDE,CASEY,-38.05671,145.33884,2019,12,December,5,Morning Peak,Weekday
T20190026104,2019-12-23,22:00:00,1,Collision with vehicle,1,Monday,130,REAR END(VEHICLES IN SAME LANE),3,615319,Not at intersection,3,60,Arterial Highway,BELL,MORELAND,-37.73798,144.93561,2019,12,December,22,Night,Weekday
T20190026155,2019-12-23,15:30:00,1,Collision with vehicle,1,Monday,148,VEHICLE OFF FOOTPATH STRIKES VEH ON CARRIAGEWAY,1,51018,Cross intersection,3,50,Arterial Highway,WYNDHAM,SHEPPARTON,-36.374054,145.40077,2019,12,December,15,Afternoon Peak,Weekday
T20190026053,2019-12-23,10:30:00,1,Collision with vehicle,1,Monday,134,LANE CHANGE RIGHT (NOT OVERTAKING),1,619075,Not at intersection,2,60,Arterial Other,HALL,CASEY,-38.108112,145.24281,2019,12,December,10,Midday,Weekday
T20190026130,2019-12-23,16:55:00,1,Collision with vehicle,1,Monday,140,U TURN,1,728879,Not at intersection,3,50,Local Road,NEALE,BENDIGO,-36.767097,144.29372,2019,12,December,16,Afternoon Peak,Weekday
T20190026106,2019-12-23,14:50:00,6,Vehicle overturned (no collision),1,Monday,189,OTHER ACCIDENTS ON CURVE NOT INCLUDED IN DCAs 180-184,1,615175,Not at intersection,2,100,Arterial Other,WOODS POINT,YARRA RANGES,-37.642834,145.87758,2019,12,December,14,Midday,Weekday
T20200002372,2019-12-23,13:04:00,1,Collision with vehicle,1,Monday,130,REAR END(VEHICLES IN SAME LANE),1,286905,Cross intersection,3,80,Arterial Highway,WHITEHORSE,WHITEHORSE,-37.818306,145.17207,2019,12,December,13,Midday,Weekday
T20190026047,2019-12-23,12:20:00,1,Collision with vehicle,1,Monday,113,RIGHT NEAR (INTERSECTIONS ONLY),1,329775,T intersection,3,80,Arterial Highway,GEELONG,HOBSONS BAY,-37.822266,144.82964,2019,12,December,12,Midday,Weekday
T20190026045,2019-12-23,11:59:00,4,Collision with a fixed object,1,Monday,183,OFF LEFT BEND INTO OBJECT/PARKED VEHICLE,1,613309,Not at intersection,3,70,Arterial Highway,WARBURTON,YARRA RANGES,-37.775402,145.46323,2019,12,December,11,Midday,Weekday
T20200003986,2019-12-23,18:55:00,1,Collision with vehicle,1,Monday,121,RIGHT THROUGH,1,630616,T intersection,3,50,Local Road,LYONS,MORNINGTON PENINSULA,-38.371197,144.82462,2019,12,December,18,Afternoon Peak,Weekday
T20190026018,2019-12-23,00:53:00,1,Collision with vehicle,1,Monday,120,HEAD ON (NOT OVERTAKING),3,642504,Not at intersection,2,60,Arterial Other,MELTON-WERRIBEE,WYNDHAM,-37.857723,144.68634,2019,12,December,0,Late Night,Weekday
T20190026041,2019-12-23,12:00:00,5,collision with some other object,1,Monday,173,RIGHT OFF CARRIAGEWAY INTO OBJECT/PARKED VEHICLE,1,627711,Not at intersection,2,100,Arterial Highway,GLENELG,SOUTHERN GRAMPIANS,-37.717438,141.96848,2019,12,December,12,Midday,Weekday
T20190026063,2019-12-23,11:35:00,1,Collision with vehicle,1,Monday,113,RIGHT NEAR (INTERSECTIONS ONLY),1,616764,T intersection,3,50,Local Road,SUNNYSIDE,GLEN EIRA,-37.921024,145.02774,2019,12,December,11,Midday,Weekday
T20200000230,2019-12-23,13:05:00,1,Collision with vehicle,1,Monday,110,CROSS TRAFFIC(INTERSECTIONS ONLY),1,66461,Cross intersection,3,50,Local Road,HARRY,WHITEHORSE,-37.82837,145.14342,2019,12,December,13,Midday,Weekday
T20190026027,2019-12-23,07:38:00,1,Collision with vehicle,1,Monday,137,LEFT TURN SIDESWIPE,1,614147,Not at intersection,2,80,Arterial Other,CANTERBURY,MAROONDAH,-37.832745,145.26717,2019,12,December,7,Morning Peak,Weekday
T20190026174,2019-12-24,19:10:00,1,Collision with vehicle,2,Tuesday,113,RIGHT NEAR (INTERSECTIONS ONLY),1,35341,T intersection,2,70,Arterial Highway,DANDENONG,STONNINGTON,-37.874996,145.04027,2019,12,December,19,Night,Weekday
T20190026173,2019-12-24,20:05:00,1,Collision with vehicle,2,Tuesday,110,CROSS TRAFFIC(INTERSECTIONS ONLY),2,331143,Cross intersection,3,80,Local Road,GOLF VIEW,HUME,-37.601192,144.90976,2019,12,December,20,Night,Weekday
T20190026172,2019-12-24,19:20:00,1,Collision with vehicle,2,Tuesday,132,RIGHT REAR.,1,29709,Cross intersection,2,60,Local Road,GLADSTONE,DANDENONG,-37.97036,145.20476,2019,12,December,19,Night,Weekday
T20190026171,2019-12-24,18:00:00,4,Collision with a fixed object,2,Tuesday,181,OFF RIGHT BEND INTO OBJECT/PARKED VEHICLE,1,612757,Not at intersection,2,100,Freeway,MONASH OUT-EASTLINK OUT,DANDENONG,-37.94654,145.20593,2019,12,December,18,Afternoon Peak,Weekday
T20190026168,2019-12-24,18:30:00,1,Collision with vehicle,2,Tuesday,110,CROSS TRAFFIC(INTERSECTIONS ONLY),1,42412,Cross intersection,2,50,Local Road,CHARLOTTE,KINGSTON,-37.933872,145.1204,2019,12,December,18,Afternoon Peak,Weekday
T20190026162,2019-12-24,14:35:00,4,Collision with a fixed object,2,Tuesday,181,OFF RIGHT BEND INTO OBJECT/PARKED VEHICLE,1,43784,Cross intersection,3,60,Arterial Other,CLEGG,YARRA RANGES,-37.782585,145.40938,2019,12,December,14,Midday,Weekday
T20190026159,2019-12-24,15:00:00,1,Collision with vehicle,2,Tuesday,116,LEFT NEAR (INTERSECTIONS ONLY),1,656104,T intersection,2,60,Local Road,AUSTRALIS,BRIMBANK,-37.803223,144.75386,2019,12,December,15,Afternoon Peak,Weekday
T20190026311,2019-12-24,07:45:00,1,Collision with vehicle,2,Tuesday,110,CROSS TRAFFIC(INTERSECTIONS ONLY),1,44470,Cross intersection,3,60,Local Road,BALLIANG,GEELONG,-38.16066,144.35458,2019,12,December,7,Morning Peak,Weekday
T20190026157,2019-12-24,17:24:00,1,Collision with vehicle,2,Tuesday,130,REAR END(VEHICLES IN SAME LANE),1,52994,T intersection,3,60,Arterial Highway,HERTFORD,BALLARAT,-37.58532,143.8396,2019,12,December,17,Afternoon Peak,Weekday
T20200001866,2019-12-24,07:00:00,1,Collision with vehicle,2,Tuesday,130,REAR END(VEHICLES IN SAME LANE),1,622344,Not at intersection,3,60,Arterial Other,GRIMSHAW,BANYULE,-37.70104,145.06917,2019,12,December,7,Morning Peak,Weekday
T20190026152,2019-12-24,15:33:00,1,Collision with vehicle,2,Tuesday,130,REAR END(VEHICLES IN SAME LANE),1,614148,Not at intersection,3,80,Arterial Highway,PRINCES,DANDENONG,-37.966095,145.19363,2019,12,December,15,Afternoon Peak,Weekday
T20190026150,2019-12-24,15:20:00,1,Collision with vehicle,2,Tuesday,110,CROSS TRAFFIC(INTERSECTIONS ONLY),1,66707,Cross intersection,3,50,Local Road,FIRST,HOBSONS BAY,-37.835545,144.85468,2019,12,December,15,Afternoon Peak,Weekday
T20190026148,2019-12-24,16:25:00,1,Collision with vehicle,2,Tuesday,113,RIGHT NEAR (INTERSECTIONS ONLY),1,40416,Cross intersection,2,60,Arterial Other,BURKE,BOROONDARA,-37.84299,145.05449,2019,12,December,16,Afternoon Peak,Weekday
T20190026146,2019-12-24,15:15:00,1,Collision with vehicle,2,Tuesday,131,LEFT REAR,1,613164,Cross intersection,3,60,Arterial Other,BARRY,HUME,-37.667233,144.95456,2019,12,December,15,Afternoon Peak,Weekday
T20190026145,2019-12-24,09:10:00,1,Collision with vehicle,2,Tuesday,130,REAR END(VEHICLES IN SAME LANE),1,56553,T intersection,2,60,Local Road,BENTONS,MORNINGTON PENINSULA,-38.243607,145.03177,2019,12,December,9,Morning Peak,Weekday
T20190026144,2019-12-24,10:55:00,5,collision with some other object,2,Tuesday,166,STRUCK OBJECT ON CARRIAGEWAY,1,617051,Not at intersection,2,60,Local Road,WYE RIVER,COLAC OTWAY,-38.59687,143.80902,2019,12,December,10,Midday,Weekday
T20190026531,2019-12-24,20:00:00,8,No collision and no object struck,2,Tuesday,180,OFF CARRIAGEWAY ON RIGHT BEND,2,625786,Not at intersection,2,80,Arterial Other,MOUNT BUFFALO,ALPINE,-36.708736,146.8066,2019,12,December,20,Night,Weekday
T20190026175,2019-12-24,20:19:00,1,Collision with vehicle,2,Tuesday,130,REAR END(VEHICLES IN SAME LANE),1,652458,Not at intersection,2,100,Arterial Highway,PRINCES,WARRNAMBOOL,-38.385876,142.5424,2019,12,December,20,Night,Weekday
T20200003362,2019-12-24,18:20:00,4,Collision with a fixed object,2,Tuesday,181,OFF RIGHT BEND INTO OBJECT/PARKED VEHICLE,1,652997,Not at intersection,3,100,Arterial Other,BROADFORD-KILMORE,MITCHELL,-37.23112,145.00636,2019,12,December,18,Afternoon Peak,Weekday
T20200001416,2019-12-24,11:15:00,1,Collision with vehicle,2,Tuesday,116,LEFT NEAR (INTERSECTIONS ONLY),1,54499,T intersection,3,60,Local Road,GIFFEN,WARRNAMBOOL,-38.368702,142.46005,2019,12,December,11,Midday,Weekday
T20200000576,2019-12-24,13:00:00,6,Vehicle overturned (no collision),2,Tuesday,180,OFF CARRIAGEWAY ON RIGHT BEND,1,618786,Not at intersection,3,80,Local Road,EILDON-JAMIESON,MANSFIELD,-37.308125,146.0868,2019,12,December,13,Midday,Weekday
T20190026143,2019-12-24,07:05:00,1,Collision with vehicle,2,Tuesday,134,LANE CHANGE RIGHT (NOT OVERTAKING),1,653724,Not at intersection,2,70,Freeway,EASTERN IN-HODDLE,YARRA,-37.79588,144.99432,2019,12,December,7,Morning Peak,Weekday
T20190026141,2019-12-24,08:15:00,1,Collision with vehicle,2,Tuesday,130,REAR END(VEHICLES IN SAME LANE),1,47524,T intersection,3,60,Local Road,EARLINGTON,MELTON,-37.749214,144.74902,2019,12,December,8,Morning Peak,Weekday
T20190026139,2019-12-24,09:55:00,4,Collision with a fixed object,2,Tuesday,171,LEFT OFF CARRIAGEWAY INTO OBJECT/PARKED VEHICLE,1,656103,Not at intersection,2,50,Local Road,MALCOLM CREEK,HUME,-37.58409,144.92201,2019,12,December,9,Morning Peak,Weekday
T20190026135,2019-12-24,11:30:00,1,Collision with vehicle,2,Tuesday,113,RIGHT NEAR (INTERSECTIONS ONLY),9,57303,Cross intersection,2,50,Local Road,ROBERTS,HORSHAM,-36.71427,142.2023,2019,12,December,11,Midday,Weekday
T20190026133,2019-12-24,13:13:00,4,Collision with a fixed object,2,Tuesday,179,OTHER ACCIDENTS-OFF STRAIGHT NOT INCLUDED IN DCAs 170-175,1,613588,T intersection,3,60,Local Road,CAMMS,CASEY,-38.09894,145.29039,2019,12,December,13,Midday,Weekday
T20190026131,2019-12-24,12:11:00,6,Vehicle overturned (no collision),2,Tuesday,174,OUT OF CONTROL ON CARRIAGEWAY (ON STRAIGHT),1,661282,Not at intersection,2,100,Freeway,ARTHURS SEAT ROAD -MCCULLOCH,MORNINGTON PENINSULA,-38.341396,144.96014,2019,12,December,12,Midday,Weekday
T20190026127,2019-12-24,10:40:00,1,Collision with vehicle,2,Tuesday,116,LEFT NEAR (INTERSECTIONS ONLY),1,50421,Cross intersection,2,60,Arterial Highway,PHILLIP ISLAND,BASS COAST,-38.515644,145.35945,2019,12,December,10,Midday,Weekday
T20190026126,2019-12-24,11:30:00,1,Collision with vehicle,2,Tuesday,130,REAR END(VEHICLES IN SAME LANE),1,656102,Cross intersection,3,80,Arterial Other,HUME,HUME,-37.597176,144.9432,2019,12,December,11,Midday,Weekday
T20190026209,2019-12-24,15:50:00,6,Vehicle overturned (no collision),2,Tuesday,174,OUT OF CONTROL ON CARRIAGEWAY (ON STRAIGHT),1,39009,Cross intersection,3,60,Arterial Other,BURWOOD,BOROONDARA,-37.82418,145.04842,2019,12,December,15,Afternoon Peak,Weekday
T20190026124,2019-12-24,06:30:00,1,Collision with vehicle,2,Tuesday,121,RIGHT THROUGH,2,278528,Cross intersection,3,80,Arterial Other,THE STRAND,WYNDHAM,-37.88118,144.74786,2019,12,December,6,Morning Peak,Weekday
T20190026123,2019-12-24,10:10:00,4,Collision with a fixed object,2,Tuesday,171,LEFT OFF CARRIAGEWAY INTO OBJECT/PARKED VEHICLE,1,656101,Not at intersection,3,50,Arterial Other,MAIN SOUTH,BAW BAW,-38.1369,145.85715,2019,12,December,10,Midday,Weekday
T20190026118,2019-12-24,08:15:00,1,Collision with vehicle,2,Tuesday,136,RIGHT TURN SIDESWIPE,1,614436,Cross intersection,3,100,Arterial Other,CARISBROOK-EDDINGTON,CENTRAL GOLDFIELDS,-36.945652,143.83008,2019,12,December,8,Morning Peak,Weekday
T20190026101,2019-12-24,01:30:00,1,Collision with vehicle,2,Tuesday,130,REAR END(VEHICLES IN SAME LANE),3,625148,T intersection,3,50,Local Road,STUART,KNOX,-37.857815,145.30908,2019,12,December,1,Late Night,Weekday
T20190026337,2019-12-24,13:45:00,1,Collision with vehicle,2,Tuesday,120,HEAD ON (NOT OVERTAKING),1,624501,Not at intersection,3,40,Arterial Other,TURTONS,COLAC OTWAY,-38.64148,143.68266,2019,12,December,13,Midday,Weekday
T20200010819,2019-12-24,17:42:00,1,Collision with vehicle,2,Tuesday,113,RIGHT NEAR (INTERSECTIONS ONLY),1,292572,Cross intersection,3,60,Arterial Other,CRANBOURNE,FRANKSTON,-38.146694,145.13857,2019,12,December,17,Afternoon Peak,Weekday
T20190026192,2019-12-24,17:50:00,1,Collision with vehicle,2,Tuesday,110,CROSS TRAFFIC(INTERSECTIONS ONLY),1,38201,Cross intersection,3,50,Local Road,DAREBIN,BANYULE,-37.753757,145.06248,2019,12,December,17,Afternoon Peak,Weekday
T20190026189,2019-12-24,23:20:00,1,Collision with vehicle,2,Tuesday,120,HEAD ON (NOT OVERTAKING),6,640311,Not at intersection,2,60,Arterial Other,LOWER HEIDELBERG,BANYULE,-37.76845,145.0656,2019,12,December,23,Night,Weekday
T20190026188,2019-12-24,21:45:00,1,Collision with vehicle,2,Tuesday,160,VEHICLE COLLIDES WITH VEHICLE PARKED ON LEFT OF ROAD,3,656105,Not at intersection,2,50,Local Road,KINGSTON DOWNS,GEELONG,-38.253998,144.54712,2019,12,December,21,Night,Weekday
T20190026181,2019-12-24,22:45:00,1,Collision with vehicle,2,Tuesday,119,OTHER ADJACENT (INTERSECTIONS ONLY),3,45008,T intersection,2,60,Arterial Other,MAIN,BRIMBANK,-37.74672,144.8207,2019,12,December,22,Night,Weekday
T20190026263,2019-12-24,20:00:00,4,Collision with a fixed object,2,Tuesday,181,OFF RIGHT BEND INTO OBJECT/PARKED VEHICLE,1,635932,Not at intersection,2,100,Local Road,BLACKSANDS,YARRA RANGES,-37.825146,145.76387,2019,12,December,20,Night,Weekday
T20190026180,2019-12-24,22:19:00,1,Collision with vehicle,2,Tuesday,154,PULLING OUT -REAR END,3,615599,Not at intersection,3,60,Arterial Other,HIGH,DAREBIN,-37.708668,145.00897,2019,12,December,22,Night,Weekday
T20190026176,2019-12-24,21:30:00,3,Struck animal,2,Tuesday,167,STRUCK ANIMAL,5,613028,Not at intersection,3,100,Arterial Highway,PRINCES,WELLINGTON,-38.112595,146.88144,2019,12,December,21,Night,Weekday
T20190026232,2019-12-25,17:50:00,1,Collision with vehicle,3,Wednesday,171,LEFT OFF CARRIAGEWAY INTO OBJECT/PARKED VEHICLE,1,619078,Not at intersection,3,100,Arterial Other,COLAC-BALLARAT,GOLDEN PLAINS,-37.84216,143.75517,2019,12,December,17,Afternoon Peak,Weekday
T20190026304,2019-12-25,10:30:00,8,No collision and no object struck,3,Wednesday,179,OTHER ACCIDENTS-OFF STRAIGHT NOT INCLUDED IN DCAs 170-175,1,613590,T intersection,2,30,Local Road,TAYLOR,MOIRA,-36.155354,145.42523,2019,12,December,10,Midday,Weekday
T20190026210,2019-12-25,14:37:00,1,Collision with vehicle,3,Wednesday,113,RIGHT NEAR (INTERSECTIONS ONLY),1,330200,Cross intersection,3,80,Freeway,EASTLINK OUT-FERNTREE GULLY RAMP OF-FERNTREE,KNOX,-37.90254,145.21597,2019,12,December,14,Midday,Weekday
T20190026226,2019-12-25,00:40:00,4,Collision with a fixed object,3,Wednesday,171,LEFT OFF CARRIAGEWAY INTO OBJECT/PARKED VEHICLE,5,655280,Not at intersection,2,100,Arterial Other,BYRNESIDE-KYABRAM,SHEPPARTON,-36.415543,145.1409,2019,12,December,0,Late Night,Weekday
T20190026228,2019-12-25,23:50:00,1,Collision with vehicle,3,Wednesday,160,VEHICLE COLLIDES WITH VEHICLE PARKED ON LEFT OF ROAD,3,656161,Not at intersection,3,60,Arterial Other,HULL,MAROONDAH,-37.794037,145.30124,2019,12,December,23,Night,Weekday
T20190026184,2019-12-25,00:20:00,4,Collision with a fixed object,3,Wednesday,173,RIGHT OFF CARRIAGEWAY INTO OBJECT/PARKED VEHICLE,3,650730,Not at intersection,2,80,Arterial Highway,BURWOOD,KNOX,-37.860004,145.20813,2019,12,December,0,Late Night,Weekday
T20200000758,2019-12-25,12:15:00,1,Collision with vehicle,3,Wednesday,130,REAR END(VEHICLES IN SAME LANE),9,618207,Not at intersection,3,40,Arterial Other,FORSYTH,WYNDHAM,-37.87363,144.73695,2019,12,December,12,Midday,Weekday
T20190026240,2019-12-25,19:00:00,4,Collision with a fixed object,3,Wednesday,173,RIGHT OFF CARRIAGEWAY INTO OBJECT/PARKED VEHICLE,1,204742,Not at intersection,2,80,Arterial Other,GREENDALE-TRENTHAM,MOORABOOL,-37.529133,144.30386,2019,12,December,19,Night,Weekday
T20190026207,2019-12-25,14:38:00,1,Collision with vehicle,3,Wednesday,110,CROSS TRAFFIC(INTERSECTIONS ONLY),1,45339,Cross intersection,3,60,Arterial Other,MT ALEXANDER,MOONEE VALLEY,-37.75053,144.91411,2019,12,December,14,Midday,Weekday
T20190026193,2019-12-25,02:00:00,4,Collision with a fixed object,3,Wednesday,183,OFF LEFT BEND INTO OBJECT/PARKED VEHICLE,5,658850,Not at intersection,2,100,Local Road,WOORNDOO-CHATSWORTH,MOYNE,-37.8845,142.72615,2019,12,December,2,Late Night,Weekday
T20190026205,2019-12-25,13:30:00,4,Collision with a fixed object,3,Wednesday,173,RIGHT OFF CARRIAGEWAY INTO OBJECT/PARKED VEHICLE,1,638096,Not at intersection,2,100,Local Road,ELLIOTTS,MITCHELL,-37.176193,145.0903,2019,12,December,13,Midday,Weekday
T20190026201,2019-12-25,13:00:00,1,Collision with vehicle,3,Wednesday,135,LANE CHANGE LEFT (NOT OVERTAKING),1,640622,Not at intersection,2,80,Freeway,CITYLINK IN-BELL,MOONEE VALLEY,-37.73491,144.92772,2019,12,December,13,Midday,Weekday
T20190026200,2019-12-25,11:38:00,2,Struck Pedestrian,3,Wednesday,108,PED STRUCK WALKING TO/FROM OR BOARDING/ALIGHTING VEHICLE.,1,88351,Not at intersection,2,60,Arterial Other,MITCHAM,MANNINGHAM,-37.80489,145.18987,2019,12,December,11,Midday,Weekday
T20190026196,2019-12-25,07:50:00,2,Struck Pedestrian,3,Wednesday,104,PED WALKING WITH TRAFFIC,1,613871,Not at intersection,2,50,Local Road,BARKLY,YARRA,-37.779167,144.98842,2019,12,December,7,Morning Peak,Weekday
T20190026197,2019-12-25,10:45:00,8,No collision and no object struck,3,Wednesday,170,OFF CARRIAGEWAY TO LEFT,1,619077,Not at intersection,2,100,Arterial Other,GEELONG-BALLAN,GOLDEN PLAINS,-37.817444,144.19635,2019,12,December,10,Midday,Weekday
T20190026211,2019-12-25,15:45:00,1,Collision with vehicle,3,Wednesday,121,RIGHT THROUGH,1,624827,Multiple intersection,2,80,Arterial Highway,BURWOOD,KNOX,-37.861237,145.21187,2019,12,December,15,Afternoon Peak,Weekday
T20190026214,2019-12-25,16:10:00,1,Collision with vehicle,3,Wednesday,110,CROSS TRAFFIC(INTERSECTIONS ONLY),1,38041,Cross intersection,3,60,Arterial Other,STATION,DAREBIN,-37.77171,145.01935,2019,12,December,16,Afternoon Peak,Weekday
T20190026217,2019-12-25,18:05:00,1,Collision with vehicle,3,Wednesday,110,CROSS TRAFFIC(INTERSECTIONS ONLY),1,42967,Cross intersection,2,60,Arterial Other,CHANDLER,DANDENONG,-37.96957,145.18663,2019,12,December,18,Afternoon Peak,Weekday
T20200000522,2019-12-25,22:45:00,1,Collision with vehicle,3,Wednesday,171,LEFT OFF CARRIAGEWAY INTO OBJECT/PARKED VEHICLE,3,656372,Not at intersection,3,60,Local Road,MT RIDLEY,HUME,-37.563053,144.88545,2019,12,December,22,Night,Weekday
T20190026219,2019-12-25,17:40:00,4,Collision with a fixed object,3,Wednesday,173,RIGHT OFF CARRIAGEWAY INTO OBJECT/PARKED VEHICLE,1,633256,Not at intersection,2,80,Local Road,SANDY POINT,MORNINGTON PENINSULA,-38.377934,145.1534,2019,12,December,17,Afternoon Peak,Weekday
T20190026220,2019-12-25,20:00:00,1,Collision with vehicle,3,Wednesday,110,CROSS TRAFFIC(INTERSECTIONS ONLY),2,37911,Cross intersection,3,60,Arterial Other,HIGH,DAREBIN,-37.781033,144.99669,2019,12,December,20,Night,Weekday
T20190026221,2019-12-25,19:40:00,1,Collision with vehicle,3,Wednesday,120,HEAD ON (NOT OVERTAKING),1,625783,Not at intersection,2,60,Local Road,TENTERFIELD,MELTON,-37.735584,144.75713,2019,12,December,19,Night,Weekday
T20190026224,2019-12-25,05:35:00,2,Struck Pedestrian,3,Wednesday,102,FAR SIDE. PED HIT BY VEHICLE FROM THE LEFT,2,1380,Not at intersection,3,40,Local Road,SWANSTON,MELBOURNE,-37.81771,144.96756,2019,12,December,5,Morning Peak,Weekday
T20190026306,2019-12-25,17:00:00,1,Collision with vehicle,3,Wednesday,139,OTHER SAME DIRECTION-MANOUEVRES NOT INCLUDED IN DCAs 130-137,1,651066,Not at intersection,3,100,Freeway,PRINCES,CASEY,-38.04754,145.34715,2019,12,December,17,Afternoon Peak,Weekday
T20190026260,2019-12-26,11:50:00,1,Collision with vehicle,4,Thursday,120,HEAD ON (NOT OVERTAKING),1,643156,Not at intersection,3,50,Local Road,LANDY,HUME,-37.68958,144.91356,2019,12,December,11,Midday,Weekday
T20190026262,2019-12-26,14:34:00,1,Collision with vehicle,4,Thursday,130,REAR END(VEHICLES IN SAME LANE),1,621169,Not at intersection,2,50,Arterial Other,CHURCHILL,MARIBYRNONG,-37.78243,144.86916,2019,12,December,14,Midday,Weekday
T20200003168,2019-12-26,14:35:00,1,Collision with vehicle,4,Thursday,121,RIGHT THROUGH,1,48323,T intersection,3,60,Arterial Other,CENTRE DANDENONG,KINGSTON,-37.971703,145.10701,2019,12,December,14,Midday,Weekday
T20190026274,2019-12-26,16:48:00,4,Collision with a fixed object,4,Thursday,181,OFF RIGHT BEND INTO OBJECT/PARKED VEHICLE,1,656159,Not at intersection,2,60,Local Road,HAUNTED HILLS,LATROBE,-38.192776,146.28745,2019,12,December,16,Afternoon Peak,Weekday
T20190026236,2019-12-26,09:30:00,1,Collision with vehicle,4,Thursday,130,REAR END(VEHICLES IN SAME LANE),1,615026,Not at intersection,3,60,Arterial Other,MAIR,BALLARAT,-37.560017,143.86029,2019,12,December,9,Morning Peak,Weekday
T20190026287,2019-12-26,20:00:00,4,Collision with a fixed object,4,Thursday,173,RIGHT OFF CARRIAGEWAY INTO OBJECT/PARKED VEHICLE,1,317936,Cross intersection,3,60,Local Road,MORRIS,WYNDHAM,-37.85284,144.70593,2019,12,December,20,Night,Weekday
T20190026285,2019-12-26,19:00:00,1,Collision with vehicle,4,Thursday,113,RIGHT NEAR (INTERSECTIONS ONLY),3,226,T intersection,2,80,Arterial Highway,PRINCES,CASEY,-38.022003,145.30083,2019,12,December,19,Night,Weekday
T20190026280,2019-12-26,19:30:00,1,Collision with vehicle,4,Thursday,130,REAR END(VEHICLES IN SAME LANE),1,71428,Cross intersection,3,60,Local Road,CAMMS,CASEY,-38.09665,145.27097,2019,12,December,19,Night,Weekday
T20190026278,2019-12-26,18:00:00,1,Collision with vehicle,4,Thursday,131,LEFT REAR,1,656254,Multiple intersection,3,80,Freeway,MONASH IN-STUD,DANDENONG,-37.962395,145.2252,2019,12,December,18,Afternoon Peak,Weekday
T20190026277,2019-12-26,16:00:00,1,Collision with vehicle,4,Thursday,130,REAR END(VEHICLES IN SAME LANE),1,627070,T intersection,3,80,Arterial Other,BENDIGO-MALDON,BENDIGO,-36.844467,144.15828,2019,12,December,16,Afternoon Peak,Weekday
T20190026276,2019-12-26,16:45:00,2,Struck Pedestrian,4,Thursday,100,PED NEAR SIDE. PED HIT BY VEHICLE FROM THE RIGHT.,1,627713,T intersection,2,40,Local Road,FITZROY,PORT PHILLIP,-37.86138,144.97466,2019,12,December,16,Afternoon Peak,Weekday
T20190026275,2019-12-26,16:35:00,1,Collision with vehicle,4,Thursday,121,RIGHT THROUGH,1,42971,T intersection,3,60,Arterial Other,CHANDLER,DANDENONG,-37.97501,145.18558,2019,12,December,16,Afternoon Peak,Weekday
T20200001036,2019-12-26,13:00:00,1,Collision with vehicle,4,Thursday,130,REAR END(VEHICLES IN SAME LANE),1,656452,Y intersection,2,60,Arterial Other,SPRINGVALE,KINGSTON,-38.026463,145.1325,2019,12,December,13,Midday,Weekday
T20190026272,2019-12-26,17:10:00,1,Collision with vehicle,4,Thursday,130,REAR END(VEHICLES IN SAME LANE),1,619967,Not at intersection,2,60,Arterial Other,MAIN,GOLDEN PLAINS,-38.029118,144.05774,2019,12,December,17,Afternoon Peak,Weekday
T20190026269,2019-12-26,14:17:00,4,Collision with a fixed object,4,Thursday,183,OFF LEFT BEND INTO OBJECT/PARKED VEHICLE,1,660681,Not at intersection,3,100,Arterial Other,WARBURTON-WOODS POINT,MANSFIELD,-37.596016,146.22809,2019,12,December,14,Midday,Weekday