ACCIDENT_NO,ACCIDENT_DATE,ACCIDENT_TIME,ACCIDENT_TYPE,ACCIDENT_TYPE_DESC,DAY_OF_WEEK,DAY_WEEK_DESC,DCA_CODE,DCA_DESC,LIGHT_CONDITION,NODE_ID,ROAD_GEOMETRY_DESC,SEVERITY,SPEED_ZONE,RMA,ROAD_NAME,LGA_NAME,LATITUDE,LONGITUDE,YEAR,MONTH,MONTH_NAME,HOUR,TIME_PERIOD,DAY_TYPE
T20190026268,2019-12-26,14:00:00,6,Vehicle overturned (no collision),4,Thursday,180,OFF CARRIAGEWAY ON RIGHT BEND,1,615027,Not at intersection,2,100,Local Road,SPRINGS,WELLINGTON,-37.71483,146.51785,2019,12,December,14,Midday,Weekday
T20190026264,2019-12-26,12:34:00,1,Collision with vehicle,4,Thursday,153,CUTTING IN (OVERTAKING),1,618499,Not at intersection,2,80,Arterial Other,BEACONSFIELD-EMERALD,CARDINIA,-37.958755,145.46861,2019,12,December,12,Midday,Weekday
T20190026247,2019-12-26,11:00:00,1,Collision with vehicle,4,Thursday,110,CROSS TRAFFIC(INTERSECTIONS ONLY),1,50596,Cross intersection,2,50,Local Road,CORANGAMITE,COLAC OTWAY,-38.33624,143.58424,2019,12,December,11,Midday,Weekday
T20200004435,2019-12-26,18:55:00,1,Collision with vehicle,4,Thursday,135,LANE CHANGE LEFT (NOT OVERTAKING),9,35706,Multiple intersection,3,60,Arterial Other,ASCOT VALE,MOONEE VALLEY,-37.76716,144.92484,2019,12,December,18,Afternoon Peak,Weekday
T20190026250,2019-12-26,06:58:00,4,Collision with a fixed object,4,Thursday,171,LEFT OFF CARRIAGEWAY INTO OBJECT/PARKED VEHICLE,1,613310,Not at intersection,3,80,Local Road,EXFORD,MELTON,-37.74266,144.5771,2019,12,December,6,Morning Peak,Weekday
T20190026254,2019-12-26,10:43:00,4,Collision with a fixed object,4,Thursday,181,OFF RIGHT BEND INTO OBJECT/PARKED VEHICLE,1,619079,Not at intersection,2,100,Local Road,EDWARDS,BENDIGO,-36.763287,144.17787,2019,12,December,10,Midday,Weekday
T20190026319,2019-12-27,13:15:00,1,Collision with vehicle,5,Friday,139,OTHER SAME DIRECTION-MANOUEVRES NOT INCLUDED IN DCAs 130-137,1,656450,Y intersection,3,100,Freeway,TULLAMARINE OUT-WESTERN RING OUT,HUME,-37.700306,144.89485,2019,12,December,13,Midday,Weekday
T20190026317,2019-12-27,11:50:00,1,Collision with vehicle,5,Friday,130,REAR END(VEHICLES IN SAME LANE),1,655480,Not at intersection,3,100,Freeway,PRINCES,WYNDHAM,-37.86935,144.75482,2019,12,December,11,Midday,Weekday
T20190026316,2019-12-27,11:30:00,1,Collision with vehicle,5,Friday,130,REAR END(VEHICLES IN SAME LANE),1,773461,Not at intersection,3,100,Freeway,EASTLINK,FRANKSTON,-38.074776,145.18105,2019,12,December,11,Midday,Weekday
T20190026313,2019-12-27,12:28:00,4,Collision with a fixed object,5,Friday,181,OFF RIGHT BEND INTO OBJECT/PARKED VEHICLE,1,613312,Not at intersection,3,60,Local Road,SOMERVILLE,BENDIGO,-36.801983,144.36153,2019,12,December,12,Midday,Weekday
T20190026476,2019-12-27,14:00:00,1,Collision with vehicle,5,Friday,121,RIGHT THROUGH,1,658617,T intersection,2,60,Arterial Other,WILLIAMSTOWN,MARIBYRNONG,-37.81653,144.88277,2019,12,December,14,Midday,Weekday
T20190026310,2019-12-27,12:40:00,1,Collision with vehicle,5,Friday,121,RIGHT THROUGH,1,42147,T intersection,3,60,Arterial Other,BAY,BAYSIDE,-37.954823,145.0296,2019,12,December,12,Midday,Weekday
T20190026321,2019-12-27,11:00:00,1,Collision with vehicle,5,Friday,130,REAR END(VEHICLES IN SAME LANE),1,613591,Not at intersection,3,60,Local Road,TILBURN,BRIMBANK,-37.781586,144.79108,2019,12,December,11,Midday,Weekday
T20190026468,2019-12-27,09:30:00,4,Collision with a fixed object,5,Friday,183,OFF LEFT BEND INTO OBJECT/PARKED VEHICLE,9,614154,Not at intersection,2,80,Arterial Other,HEALESVILLE-KOO WEE RUP,YARRA RANGES,-37.739803,145.52559,2019,12,December,9,Morning Peak,Weekday
T20190026332,2019-12-27,16:00:00,8,No collision and no object struck,5,Friday,180,OFF CARRIAGEWAY ON RIGHT BEND,1,332096,Not at intersection,3,60,Local Road,IRONBARK,NILLUMBIK,-37.6651,145.14696,2019,12,December,16,Afternoon Peak,Weekday
T20190026339,2019-12-27,17:15:00,4,Collision with a fixed object,5,Friday,181,OFF RIGHT BEND INTO OBJECT/PARKED VEHICLE,1,656360,Not at intersection,2,100,Arterial Highway,GREAT OCEAN,CORANGAMITE,-38.700848,143.21764,2019,12,December,17,Afternoon Peak,Weekday
T20190026340,2019-12-27,18:35:00,1,Collision with vehicle,5,Friday,121,RIGHT THROUGH,1,614149,Not at intersection,3,80,Arterial Highway,DANDENONG,MONASH,-37.917385,145.13176,2019,12,December,18,Afternoon Peak,Weekday
T20190026341,2019-12-27,18:28:00,4,Collision with a fixed object,5,Friday,173,RIGHT OFF CARRIAGEWAY INTO OBJECT/PARKED VEHICLE,1,619999,Not at intersection,3,80,Freeway,GEELONG RING IN-HAMILTON,GEELONG,-38.141953,144.29445,2019,12,December,18,Afternoon Peak,Weekday
T20190026345,2019-12-27,18:55:00,8,No collision and no object struck,5,Friday,174,OUT OF CONTROL ON CARRIAGEWAY (ON STRAIGHT),3,629966,Not at intersection,3,50,Arterial Other,SWAN,YARRA,-37.825146,144.99312,2019,12,December,18,Afternoon Peak,Weekday
T20190026350,2019-12-27,20:10:00,1,Collision with vehicle,5,Friday,121,RIGHT THROUGH,1,35466,Cross intersection,2,60,Arterial Other,STATION,WHITEHORSE,-37.82874,145.12183,2019,12,December,20,Night,Weekday
T20190026351,2019-12-27,21:50:00,1,Collision with vehicle,5,Friday,171,LEFT OFF CARRIAGEWAY INTO OBJECT/PARKED VEHICLE,5,614437,Not at intersection,3,60,Local Road,EYRE,BALLARAT,-37.565456,143.8503,2019,12,December,21,Night,Weekday
T20200002108,2019-12-27,09:27:00,1,Collision with vehicle,5,Friday,121,RIGHT THROUGH,1,41471,T intersection,2,60,Arterial Other,MURRUMBEENA,GLEN EIRA,-37.897125,145.06511,2019,12,December,9,Morning Peak,Weekday
T20190026307,2019-12-27,11:20:00,1,Collision with vehicle,5,Friday,121,RIGHT THROUGH,1,29542,Cross intersection,2,60,Arterial Other,GLENFERRIE,BOROONDARA,-37.814693,145.03682,2019,12,December,11,Midday,Weekday
T20190026320,2019-12-27,12:20:00,1,Collision with vehicle,5,Friday,113,RIGHT NEAR (INTERSECTIONS ONLY),1,619659,Cross intersection,3,60,Arterial Highway,WOOD,DAREBIN,-37.73556,145.02428,2019,12,December,12,Midday,Weekday
T20190026302,2019-12-27,09:33:00,1,Collision with vehicle,5,Friday,136,RIGHT TURN SIDESWIPE,1,62912,T intersection,3,60,Arterial Other,SYDNEY,MORELAND,-37.735653,144.96605,2019,12,December,9,Morning Peak,Weekday
T20190026364,2019-12-27,06:50:00,1,Collision with vehicle,5,Friday,116,LEFT NEAR (INTERSECTIONS ONLY),1,45586,T intersection,3,50,Local Road,MCVEAN,MORELAND,-37.776848,144.9503,2019,12,December,6,Morning Peak,Weekday
T20190026322,2019-12-27,13:50:00,1,Collision with vehicle,5,Friday,111,RIGHT FAR (INTERSECTIONS ONLY),1,278926,Cross intersection,3,40,Freeway,ROBINSONS,MELTON,-37.796402,144.75249,2019,12,December,13,Midday,Weekday
T20190026292,2019-12-27,06:55:00,1,Collision with vehicle,5,Friday,135,LANE CHANGE LEFT (NOT OVERTAKING),2,613589,Not at intersection,3,100,Freeway,WESTERN RING,BRIMBANK,-37.72828,144.85887,2019,12,December,6,Morning Peak,Weekday
T20190026323,2019-12-27,11:00:00,1,Collision with vehicle,5,Friday,140,U TURN,1,615029,Not at intersection,3,60,Local Road,KOORNANG,GLEN EIRA,-37.88479,145.0579,2019,12,December,11,Midday,Weekday
T20190026325,2019-12-27,13:40:00,1,Collision with vehicle,5,Friday,110,CROSS TRAFFIC(INTERSECTIONS ONLY),1,266135,Cross intersection,2,70,Arterial Highway,BELLARINE,GEELONG,-38.17063,144.39145,2019,12,December,13,Midday,Weekday
T20190026366,2019-12-27,13:35:00,1,Collision with vehicle,5,Friday,121,RIGHT THROUGH,1,40224,Cross intersection,2,60,Arterial Other,WATTLETREE,STONNINGTON,-37.861263,145.01971,2019,12,December,13,Midday,Weekday
T20190026367,2019-12-27,10:00:00,1,Collision with vehicle,5,Friday,120,HEAD ON (NOT OVERTAKING),1,621471,Not at intersection,3,100,Arterial Other,WODONGA-YACKANDANDAH,WODONGA,-36.22516,146.95198,2019,12,December,10,Midday,Weekday
T20190026326,2019-12-27,11:24:00,4,Collision with a fixed object,5,Friday,173,RIGHT OFF CARRIAGEWAY INTO OBJECT/PARKED VEHICLE,1,633270,Cross intersection,2,80,Arterial Other,BOUNDARY ROAD -FOUNDATION,WYNDHAM,-37.812054,144.76591,2019,12,December,11,Midday,Weekday
T20190026336,2019-12-27,15:45:00,1,Collision with vehicle,5,Friday,113,RIGHT NEAR (INTERSECTIONS ONLY),1,38154,T intersection,3,60,Arterial Other,WATERDALE,BANYULE,-37.748672,145.04663,2019,12,December,15,Afternoon Peak,Weekday
T20190026374,2019-12-28,08:42:00,1,Collision with vehicle,6,Saturday,111,RIGHT FAR (INTERSECTIONS ONLY),1,327281,T intersection,2,60,Local Road,BARWARRE,GEELONG,-38.190712,144.35367,2019,12,December,8,Morning Peak,Weekend
T20190026424,2019-12-28,22:43:00,1,Collision with vehicle,6,Saturday,192,STRUCK TRAIN,3,638756,Not at intersection,2,50,Arterial Other,WELLINGTON,GANNAWARRA,-35.735043,143.92542,2019,12,December,22,Night,Weekend
T20200000149,2019-12-28,15:30:00,1,Collision with vehicle,6,Saturday,113,RIGHT NEAR (INTERSECTIONS ONLY),1,12900,T intersection,3,80,Freeway,PRINCES OUT-CLYDE,CASEY,-38.044,145.34146,2019,12,December,15,Afternoon Peak,Weekend
T20190026359,2019-12-28,01:49:00,4,Collision with a fixed object,6,Saturday,183,OFF LEFT BEND INTO OBJECT/PARKED VEHICLE,5,342524,Not at intersection,2,60,Local Road,GOLF,HUME,-37.69068,144.8416,2019,12,December,1,Late Night,Weekend
T20190026362,2019-12-28,00:07:00,1,Collision with vehicle,6,Saturday,121,RIGHT THROUGH,3,44226,Cross intersection,2,60,Arterial Other,HIGH,WHITTLESEA,-37.650745,145.02441,2019,12,December,0,Late Night,Weekend
T20190026377,2019-12-28,09:00:00,1,Collision with vehicle,6,Saturday,130,REAR END(VEHICLES IN SAME LANE),1,728881,Cross intersection,3,40,Local Road,MERCER,GEELONG,-38.14374,144.35663,2019,12,December,9,Morning Peak,Weekend
T20190026365,2019-12-28,06:09:00,4,Collision with a fixed object,6,Saturday,164,PERMANENT OBSTRUCTION ON CARRIAGEWAY,2,656359,Not at intersection,3,60,Arterial Highway,FOOTSCRAY,MELBOURNE,-37.80842,144.92331,2019,12,December,6,Morning Peak,Weekend
T20190026373,2019-12-28,13:25:00,1,Collision with vehicle,6,Saturday,169,OTHER ON PATH,1,655108,Not at intersection,2,60,Local Road,MALMSBURY,HUME,-37.654716,144.91844,2019,12,December,13,Midday,Weekend
T20190026520,2019-12-28,17:00:00,1,Collision with vehicle,6,Saturday,130,REAR END(VEHICLES IN SAME LANE),1,625785,Not at intersection,3,60,Arterial Highway,POINT NEPEAN,MORNINGTON PENINSULA,-38.367542,144.86026,2019,12,December,17,Afternoon Peak,Weekend
T20190026399,2019-12-28,22:32:00,1,Collision with vehicle,6,Saturday,136,RIGHT TURN SIDESWIPE,4,629301,Not at intersection,1,80,Arterial Other,STRATHFIELDSAYE,BENDIGO,-36.79441,144.3404,2019,12,December,22,Night,Weekend
T20200004987,2019-12-28,10:50:00,1,Collision with vehicle,6,Saturday,163,VEHICLE STRIKES DOOR OF PARKED/STATIONARY VEHICLE,1,655107,Not at intersection,3,40,Local Road,BRUNSWICK,YARRA,-37.800087,144.97816,2019,12,December,10,Midday,Weekend
T20200005220,2019-12-28,11:30:00,1,Collision with vehicle,6,Saturday,130,REAR END(VEHICLES IN SAME LANE),1,757753,Not at intersection,3,100,Freeway,GEELONG RING,GEELONG,-38.099613,144.32072,2019,12,December,11,Midday,Weekend
T20190026397,2019-12-28,23:30:00,2,Struck Pedestrian,6,Saturday,109,ANY MANOEUVRE INVOLVING PED NOT INCLUDED IN DCAs 100-108.,3,614727,Not at intersection,3,40,Local Road,LITTLE COLLINS,MELBOURNE,-37.81614,144.96045,2019,12,December,23,Night,Weekend
T20190026398,2019-12-28,06:10:00,4,Collision with a fixed object,6,Saturday,181,OFF RIGHT BEND INTO OBJECT/PARKED VEHICLE,1,57564,Y intersection,2,60,Arterial Other,SYNNOT STREET -WERRIBEE,WYNDHAM,-37.905293,144.65656,2019,12,December,6,Morning Peak,Weekend
T20190026542,2019-12-28,05:00:00,4,Collision with a fixed object,6,Saturday,171,LEFT OFF CARRIAGEWAY INTO OBJECT/PARKED VEHICLE,6,614730,Not at intersection,2,60,Local Road,SOUTH,BALLARAT,-37.56925,143.84654,2019,12,December,5,Morning Peak,Weekend
T20190026382,2019-12-28,14:00:00,1,Collision with vehicle,6,Saturday,130,REAR END(VEHICLES IN SAME LANE),1,614438,Not at intersection,2,60,Arterial Highway,POINT NEPEAN,MORNINGTON PENINSULA,-38.351128,144.92177,2019,12,December,14,Midday,Weekend
T20190026381,2019-12-28,15:29:00,1,Collision with vehicle,6,Saturday,130,REAR END(VEHICLES IN SAME LANE),1,16797,Cross intersection,3,70,Arterial Highway,PRINCES,WARRNAMBOOL,-38.35778,142.43912,2019,12,December,15,Afternoon Peak,Weekend
T20190026480,2019-12-28,19:24:00,4,Collision with a fixed object,6,Saturday,181,OFF RIGHT BEND INTO OBJECT/PARKED VEHICLE,2,657557,Not at intersection,3,60,Local Road,LAKESIDE,PORT PHILLIP,-37.83851,144.96904,2019,12,December,19,Night,Weekend
T20190026393,2019-12-28,21:30:00,1,Collision with vehicle,6,Saturday,121,RIGHT THROUGH,3,10805,Multiple intersection,2,60,Freeway,MILLERS-WEST GATE IN,HOBSONS BAY,-37.824364,144.84874,2019,12,December,21,Night,Weekend
T20190026478,2019-12-28,22:40:00,1,Collision with vehicle,6,Saturday,130,REAR END(VEHICLES IN SAME LANE),3,656409,Cross intersection,2,70,Arterial Other,BOUNDARY,GEELONG,-38.1684,144.38457,2019,12,December,22,Night,Weekend
T20190026392,2019-12-28,17:45:00,1,Collision with vehicle,6,Saturday,120,HEAD ON (NOT OVERTAKING),1,651821,Not at intersection,3,100,Local Road,WOOLSHED,WANGARATTA,-36.326824,146.56111,2019,12,December,17,Afternoon Peak,Weekend
T20190026389,2019-12-28,18:10:00,4,Collision with a fixed object,6,Saturday,175,OFF END OF ROAD/T-INTERSECTION.,1,46524,T intersection,3,50,Local Road,NORCAL,WHITEHORSE,-37.819824,145.18114,2019,12,December,18,Afternoon Peak,Weekend
T20190026384,2019-12-28,17:30:00,4,Collision with a fixed object,6,Saturday,199,UNKNOWN-NO DETAILS ON MANOEUVRES OF ROAD-USERS IN ACCIDENT,1,614439,Not at intersection,3,50,Local Road,ROSELAND,WYNDHAM,-37.885582,144.6826,2019,12,December,17,Afternoon Peak,Weekend
T20200001241,2019-12-29,13:30:00,1,Collision with vehicle,7,Sunday,130,REAR END(VEHICLES IN SAME LANE),1,620880,Not at intersection,3,60,Arterial Highway,NEPEAN,KINGSTON,-38.03856,145.10852,2019,12,December,13,Midday,Weekend
T20190026522,2019-12-29,10:30:00,1,Collision with vehicle,7,Sunday,111,RIGHT FAR (INTERSECTIONS ONLY),1,638098,Multiple intersection,3,50,Local Road,KINGSWOOD,HUME,-37.591972,144.94208,2019,12,December,10,Midday,Weekend
T20190026438,2019-12-29,23:30:00,4,Collision with a fixed object,7,Sunday,181,OFF RIGHT BEND INTO OBJECT/PARKED VEHICLE,3,50402,Cross intersection,2,100,Local Road,AGAR,BASS COAST,-38.46781,145.44,2019,12,December,23,Night,Weekend
T20190026455,2019-12-29,17:00:00,6,Vehicle overturned (no collision),7,Sunday,174,OUT OF CONTROL ON CARRIAGEWAY (ON STRAIGHT),1,620544,Not at intersection,3,40,Local Road,POINT HENRY,GEELONG,-38.13602,144.42041,2019,12,December,17,Afternoon Peak,Weekend
T20190026467,2019-12-29,20:45:00,6,Vehicle overturned (no collision),7,Sunday,180,OFF CARRIAGEWAY ON RIGHT BEND,5,620499,Not at intersection,3,100,Arterial Highway,PRINCES,GLENELG,-37.92561,141.18005,2019,12,December,20,Night,Weekend
T20190026412,2019-12-29,11:30:00,4,Collision with a fixed object,7,Sunday,175,OFF END OF ROAD/T-INTERSECTION.,1,615041,T intersection,2,50,Local Road,COOPER,MURRINDINDI,-37.1938,145.7183,2019,12,December,11,Midday,Weekend
T20190026413,2019-12-29,10:01:00,1,Collision with vehicle,7,Sunday,153,CUTTING IN (OVERTAKING),1,651012,Not at intersection,3,60,Local Road,WESTWOOD,MELTON,-37.74832,144.7488,2019,12,December,10,Midday,Weekend
T20190026416,2019-12-29,13:08:00,1,Collision with vehicle,7,Sunday,130,REAR END(VEHICLES IN SAME LANE),1,50322,Cross intersection,3,80,Arterial Other,WINCHELSEA-DEANS MARSH,SURF COAST,-38.299526,143.98071,2019,12,December,13,Midday,Weekend
T20190026511,2019-12-29,17:50:00,1,Collision with vehicle,7,Sunday,130,REAR END(VEHICLES IN SAME LANE),1,659469,Not at intersection,3,80,Freeway,MONASH,STONNINGTON,-37.842285,145.03947,2019,12,December,17,Afternoon Peak,Weekend
T20190026403,2019-12-29,07:33:00,1,Collision with vehicle,7,Sunday,116,LEFT NEAR (INTERSECTIONS ONLY),1,40903,Cross intersection,3,50,Arterial Other,CANTERBURY,MAROONDAH,-37.832336,145.24113,2019,12,December,7,Morning Peak,Weekend
T20200000337,2019-12-29,14:30:00,6,Vehicle overturned (no collision),7,Sunday,179,OTHER ACCIDENTS-OFF STRAIGHT NOT INCLUDED IN DCAs 170-175,1,728884,T intersection,3,50,Local Road,CURRAWONG,(MOUNT BAW BAW),-37.84071,146.26512,2019,12,December,14,Midday,Weekend
T20190026406,2019-12-29,08:01:00,1,Collision with vehicle,7,Sunday,130,REAR END(VEHICLES IN SAME LANE),1,616473,Not at intersection,2,100,Freeway,MONASH,MONASH,-37.911682,145.1648,2019,12,December,8,Morning Peak,Weekend
T20190026449,2019-12-29,17:30:00,1,Collision with vehicle,7,Sunday,113,RIGHT NEAR (INTERSECTIONS ONLY),1,63558,Cross intersection,3,50,Local Road,ALBION,MOONEE VALLEY,-37.75651,144.93018,2019,12,December,17,Afternoon Peak,Weekend
T20200000111,2019-12-29,17:20:00,1,Collision with vehicle,7,Sunday,132,RIGHT REAR.,1,616176,T intersection,3,100,Arterial Highway,HAMILTON,CORANGAMITE,-37.950943,143.1898,2019,12,December,17,Afternoon Peak,Weekend
T20190026421,2019-12-29,12:18:00,1,Collision with vehicle,7,Sunday,110,CROSS TRAFFIC(INTERSECTIONS ONLY),1,279106,Cross intersection,1,80,Local Road,KINGSTON,HEPBURN,-37.372616,143.95416,2019,12,December,12,Midday,Weekend
T20190026411,2019-12-29,10:30:00,1,Collision with vehicle,7,Sunday,153,CUTTING IN (OVERTAKING),1,615883,Not at intersection,3,80,Arterial Other,HEALESVILLE-KINGLAKE,MURRINDINDI,-37.551838,145.48027,2019,12,December,10,Midday,Weekend
T20200000142,2019-12-29,07:15:00,3,Struck animal,7,Sunday,167,STRUCK ANIMAL,1,648366,Not at intersection,2,100,Local Road,BELL,CENTRAL GOLDFIELDS,-36.848217,143.553,2019,12,December,7,Morning Peak,Weekend
T20190026427,2019-12-29,16:30:00,6,Vehicle overturned (no collision),7,Sunday,182,OFF CARRIAGEWAY ON LEFT BEND,1,618501,Not at intersection,2,80,Arterial Other,GEMBROOK-LAUNCHING PLACE,CARDINIA,-37.920746,145.56299,2019,12,December,16,Afternoon Peak,Weekend
T20190026433,2019-12-29,16:38:00,6,Vehicle overturned (no collision),7,Sunday,170,OFF CARRIAGEWAY TO LEFT,1,642809,Not at intersection,2,70,Arterial Other,HEIDELBERG-WARRANDYTE,MANNINGHAM,-37.747765,145.20033,2019,12,December,16,Afternoon Peak,Weekend
T20190026434,2019-12-29,19:20:00,1,Collision with vehicle,7,Sunday,110,CROSS TRAFFIC(INTERSECTIONS ONLY),1,64722,Cross intersection,2,40,Local Road,CANNING,YARRA,-37.78786,144.9746,2019,12,December,19,Night,Weekend
T20190026435,2019-12-29,19:18:00,1,Collision with vehicle,7,Sunday,113,RIGHT NEAR (INTERSECTIONS ONLY),1,614441,T intersection,3,60,Arterial Highway,SOUTH GIPPSLAND,CASEY,-38.05882,145.26282,2019,12,December,19,Night,Weekend
T20190026461,2019-12-30,12:10:00,1,Collision with vehicle,1,Monday,130,REAR END(VEHICLES IN SAME LANE),1,614442,Not at intersection,2,60,Arterial Other,MILLERS,HOBSONS BAY,-37.85371,144.84442,2019,12,December,12,Midday,Weekday
T20190026506,2019-12-30,20:45:00,4,Collision with a fixed object,1,Monday,181,OFF RIGHT BEND INTO OBJECT/PARKED VEHICLE,5,639675,Not at intersection,2,100,Arterial Other,ECHUCA,SHEPPARTON,-36.348434,145.33592,2019,12,December,20,Night,Weekday
T20190026441,2019-12-30,02:58:00,1,Collision with vehicle,1,Monday,131,LEFT REAR,3,45396,T intersection,3,60,Arterial Other,ASCOT VALE,MOONEE VALLEY,-37.78252,144.92223,2019,12,December,2,Late Night,Weekday
T20190026481,2019-12-30,13:45:00,2,Struck Pedestrian,1,Monday,103,PED PLAYING/LYING/WORKING/STANDING ON CARRIAGEWAY.,1,627072,T intersection,3,50,Local Road,MONTEREY,GEELONG,-38.20829,144.306,2019,12,December,13,Midday,Weekday
T20190026491,2019-12-30,15:08:00,4,Collision with a fixed object,1,Monday,171,LEFT OFF CARRIAGEWAY INTO OBJECT/PARKED VEHICLE,1,657558,Not at intersection,3,80,Arterial Highway,HOPKINS,WARRNAMBOOL,-38.3423,142.51282,2019,12,December,15,Afternoon Peak,Weekday
T20200000495,2019-12-30,20:30:00,1,Collision with vehicle,1,Monday,137,LEFT TURN SIDESWIPE,2,51384,Cross intersection,3,50,Arterial Other,HIGH,CAMPASPE,-36.123432,144.74683,2019,12,December,20,Night,Weekday
T20190026447,2019-12-30,06:50:00,4,Collision with a fixed object,1,Monday,183,OFF LEFT BEND INTO OBJECT/PARKED VEHICLE,2,633567,Not at intersection,2,80,Arterial Highway,WARBURTON,YARRA RANGES,-37.780354,145.5364,2019,12,December,6,Morning Peak,Weekday
T20190026534,2019-12-30,14:27:00,1,Collision with vehicle,1,Monday,110,CROSS TRAFFIC(INTERSECTIONS ONLY),1,624504,Cross intersection,2,60,Local Road,PERRY,DANDENONG,-37.99455,145.17542,2019,12,December,14,Midday,Weekday
T20190026474,2019-12-30,11:42:00,1,Collision with vehicle,1,Monday,160,VEHICLE COLLIDES WITH VEHICLE PARKED ON LEFT OF ROAD,1,614739,Not at intersection,2,60,Local Road,HUMFFRAY,BALLARAT,-37.555004,143.88084,2019,12,December,11,Midday,Weekday
T20200000841,2019-12-30,07:15:00,1,Collision with vehicle,1,Monday,130,REAR END(VEHICLES IN SAME LANE),1,46236,T intersection,3,80,Arterial Highway,NEPEAN,KINGSTON,-37.981476,145.07059,2019,12,December,7,Morning Peak,Weekday
T20200000434,2019-12-30,08:40:00,1,Collision with vehicle,1,Monday,110,CROSS TRAFFIC(INTERSECTIONS ONLY),1,43997,Cross intersection,2,60,Arterial Other,MORNINGTON-TYABB,MORNINGTON PENINSULA,-38.261284,145.16673,2019,12,December,8,Morning Peak,Weekday
T20200000653,2019-12-30,18:05:00,5,collision with some other object,1,Monday,191,LOAD OR MISSILE STRUCK VEHICLE,1,631220,Not at intersection,3,40,Local Road,SEPARATION,DAREBIN,-37.769547,145.00067,2019,12,December,18,Afternoon Peak,Weekday
T20190026487,2019-12-30,11:15:00,1,Collision with vehicle,1,Monday,110,CROSS TRAFFIC(INTERSECTIONS ONLY),1,19422,Cross intersection,2,60,Arterial Other,HOLDSWORTH,BENDIGO,-36.739307,144.26201,2019,12,December,11,Midday,Weekday
T20190026501,2019-12-30,19:05:00,1,Collision with vehicle,1,Monday,113,RIGHT NEAR (INTERSECTIONS ONLY),1,271054,T intersection,3,60,Local Road,EUREKA,BALLARAT,-37.565674,143.88635,2019,12,December,19,Night,Weekday
T20190026543,2019-12-30,12:50:00,1,Collision with vehicle,1,Monday,152,PULLING OUT (OVERTAKING),1,618502,T intersection,3,100,Freeway,PRINCES,CARDINIA,-38.07496,145.67133,2019,12,December,12,Midday,Weekday
T20190026510,2019-12-30,15:47:00,4,Collision with a fixed object,1,Monday,146,REVERSING INTO FIXED OBJECT/PARKED VEHICLE,1,636847,Not at intersection,2,40,Arterial Other,CHURCH,YARRA,-37.823627,144.9983,2019,12,December,15,Afternoon Peak,Weekday
T20190026470,2019-12-30,13:45:00,1,Collision with vehicle,1,Monday,194,PARKED CAR RUN AWAY,1,620727,T intersection,3,50,Arterial Highway,VERDON,MORNINGTON PENINSULA,-38.33564,144.95868,2019,12,December,13,Midday,Weekday
T20190026497,2019-12-30,18:55:00,1,Collision with vehicle,1,Monday,113,RIGHT NEAR (INTERSECTIONS ONLY),1,44515,T intersection,2,60,Arterial Other,CRAIGIEBURN,HUME,-37.59858,144.93791,2019,12,December,18,Afternoon Peak,Weekday
T20190026496,2019-12-30,16:40:00,1,Collision with vehicle,1,Monday,120,HEAD ON (NOT OVERTAKING),1,656589,Not at intersection,3,80,Arterial Highway,GREAT OCEAN,COLAC OTWAY,-38.782833,143.63367,2019,12,December,16,Afternoon Peak,Weekday
T20190026489,2019-12-30,13:15:00,1,Collision with vehicle,1,Monday,110,CROSS TRAFFIC(INTERSECTIONS ONLY),1,58372,Cross intersection,2,80,Arterial Other,COBRAM-KOONOOMOO,MOIRA,-35.91354,145.63187,2019,12,December,13,Midday,Weekday
T20190026448,2019-12-30,07:15:00,1,Collision with vehicle,1,Monday,130,REAR END(VEHICLES IN SAME LANE),1,617053,T intersection,3,60,Arterial Other,CANTERBURY,BOROONDARA,-37.8256,145.09431,2019,12,December,7,Morning Peak,Weekday
T20190026439,2019-12-30,02:00:00,1,Collision with vehicle,1,Monday,160,VEHICLE COLLIDES WITH VEHICLE PARKED ON LEFT OF ROAD,3,629636,Not at intersection,2,50,Local Road,EMPEROR,WYNDHAM,-37.84967,144.66675,2019,12,December,2,Late Night,Weekday
T20190026526,2019-12-31,09:05:00,1,Collision with vehicle,2,Tuesday,140,U TURN,1,615601,Not at intersection,3,40,Arterial Other,MURRAY,DAREBIN,-37.73704,144.99466,2019,12,December,9,Morning Peak,Weekday
T20190026561,2019-12-31,16:10:00,1,Collision with vehicle,2,Tuesday,120,HEAD ON (NOT OVERTAKING),1,614448,Not at intersection,3,60,Arterial Other,BRIDGE,NILLUMBIK,-37.718536,145.14215,2019,12,December,16,Afternoon Peak,Weekday
T20200000092,2019-12-31,10:40:00,1,Collision with vehicle,2,Tuesday,147,VEHICLE STRIKES ANOTHER VEH WHILE EMERGING FROM DRIVEWAY,1,615037,Not at intersection,3,60,Arterial Highway,BELLARINE,QUEENSCLIFFE,-38.271744,144.6241,2019,12,December,10,Midday,Weekday