ACCIDENT_NO,ACCIDENT_DATE,ACCIDENT_TIME,ACCIDENT_TYPE,ACCIDENT_TYPE_DESC,DAY_OF_WEEK,DAY_WEEK_DESC,DCA_CODE,DCA_DESC,LIGHT_CONDITION,NODE_ID,ROAD_GEOMETRY_DESC,SEVERITY,SPEED_ZONE,RMA,ROAD_NAME,LGA_NAME,LATITUDE,LONGITUDE,YEAR,MONTH,MONTH_NAME,HOUR,TIME_PERIOD,DAY_TYPE
T20190026564,2019-12-31,16:01:00,1,Collision with vehicle,2,Tuesday,130,REAR END(VEHICLES IN SAME LANE),1,53689,T intersection,2,60,Local Road,EXFORD,MELTON,-37.71399,144.57294,2019,12,December,16,Afternoon Peak,Weekday
T20190026567,2019-12-31,17:00:00,6,Vehicle overturned (no collision),2,Tuesday,180,OFF CARRIAGEWAY ON RIGHT BEND,1,657636,Not at intersection,3,100,Local Road,STEWARTS BRIDGE,MOIRA,-36.086487,144.8437,2019,12,December,17,Afternoon Peak,Weekday
T20190026568,2019-12-31,13:45:00,1,Collision with vehicle,2,Tuesday,153,CUTTING IN (OVERTAKING),1,614735,Not at intersection,2,100,Arterial Other,MURRADOC,GEELONG,-38.182922,144.68825,2019,12,December,13,Midday,Weekday
T20190026574,2019-12-31,18:50:00,1,Collision with vehicle,2,Tuesday,110,CROSS TRAFFIC(INTERSECTIONS ONLY),2,62558,Cross intersection,3,40,Local Road,DOOLAN,DAREBIN,-37.724964,145.0191,2019,12,December,18,Afternoon Peak,Weekday
T20190026581,2019-12-31,18:30:00,6,Vehicle overturned (no collision),2,Tuesday,180,OFF CARRIAGEWAY ON RIGHT BEND,2,630600,Not at intersection,2,100,Arterial Highway,MAROONA-GLENTHOMPSON,ARARAT,-37.58679,142.58366,2019,12,December,18,Afternoon Peak,Weekday
T20200005282,2019-12-31,05:00:00,7,Fall from or in moving vehicle,2,Tuesday,190,FELL IN/FROM VEHICLE,2,636171,Not at intersection,3,100,Local Road,TAMBORITHA,WELLINGTON,-37.538292,146.61447,2019,12,December,5,Morning Peak,Weekday
T20200000002,2019-12-31,23:10:00,4,Collision with a fixed object,2,Tuesday,183,OFF LEFT BEND INTO OBJECT/PARKED VEHICLE,5,639676,Not at intersection,2,50,Local Road,BRIDGEHAVEN,HUME,-37.57152,144.91621,2019,12,December,23,Night,Weekday
T20200000003,2019-12-31,23:30:00,4,Collision with a fixed object,2,Tuesday,173,RIGHT OFF CARRIAGEWAY INTO OBJECT/PARKED VEHICLE,3,655086,Multiple intersection,3,80,Arterial Other,HUME,HUME,-37.596764,144.94316,2019,12,December,23,Night,Weekday
T20200000004,2019-12-31,22:00:00,1,Collision with vehicle,2,Tuesday,130,REAR END(VEHICLES IN SAME LANE),5,622645,Not at intersection,3,60,Local Road,AGAR,BASS COAST,-38.43119,145.44751,2019,12,December,22,Night,Weekday
T20200000466,2019-12-31,15:01:00,1,Collision with vehicle,2,Tuesday,130,REAR END(VEHICLES IN SAME LANE),9,625153,Not at intersection,3,100,Freeway,THAMES-MORNINGTON PENINSULA OUT,DANDENONG,-38.04404,145.14262,2019,12,December,15,Afternoon Peak,Weekday
T20200000057,2019-12-31,21:00:00,6,Vehicle overturned (no collision),2,Tuesday,170,OFF CARRIAGEWAY TO LEFT,2,636096,Not at intersection,3,100,Local Road,ULUPNA BRIDGE,MOIRA,-35.844376,145.45695,2019,12,December,21,Night,Weekday
T20200000050,2019-12-31,16:40:00,1,Collision with vehicle,2,Tuesday,113,RIGHT NEAR (INTERSECTIONS ONLY),1,45974,T intersection,3,60,Arterial Other,HIGH,STONNINGTON,-37.85361,145.00627,2019,12,December,16,Afternoon Peak,Weekday
T20200008539,2019-12-31,22:25:00,1,Collision with vehicle,2,Tuesday,160,VEHICLE COLLIDES WITH VEHICLE PARKED ON LEFT OF ROAD,6,652471,Not at intersection,2,50,Local Road,CUMBERLAND,DANDENONG,-37.96658,145.1797,2019,12,December,22,Night,Weekday
T20200002734,2019-12-31,13:40:00,1,Collision with vehicle,2,Tuesday,130,REAR END(VEHICLES IN SAME LANE),1,652088,Not at intersection,3,80,Arterial Highway,FRANKSTON-DANDENONG,FRANKSTON,-38.099186,145.17303,2019,12,December,13,Midday,Weekday
T20200000517,2019-12-31,09:00:00,1,Collision with vehicle,2,Tuesday,111,RIGHT FAR (INTERSECTIONS ONLY),1,38821,T intersection,3,60,Arterial Highway,RACECOURSE,MELBOURNE,-37.787853,144.92665,2019,12,December,9,Morning Peak,Weekday
T20200004347,2019-12-31,14:30:00,1,Collision with vehicle,2,Tuesday,130,REAR END(VEHICLES IN SAME LANE),1,631239,Not at intersection,3,80,Arterial Other,CANTERBURY,WHITEHORSE,-37.827793,145.11353,2019,12,December,14,Midday,Weekday
T20200000034,2019-12-31,23:20:00,1,Collision with vehicle,2,Tuesday,130,REAR END(VEHICLES IN SAME LANE),5,620872,Not at intersection,3,100,Arterial Highway,MURRAY VALLEY,GANNAWARRA,-35.83382,144.24867,2019,12,December,23,Night,Weekday
T20200000645,2019-12-31,13:10:00,6,Vehicle overturned (no collision),2,Tuesday,179,OTHER ACCIDENTS-OFF STRAIGHT NOT INCLUDED IN DCAs 170-175,1,51746,T intersection,3,100,Local Road,MANDURANG,BENDIGO,-36.812626,144.29266,2019,12,December,13,Midday,Weekday
T20200000032,2019-12-31,17:50:00,1,Collision with vehicle,2,Tuesday,131,LEFT REAR,1,615602,T intersection,3,70,Arterial Other,SYDNEY,MORELAND,-37.701008,144.96011,2019,12,December,17,Afternoon Peak,Weekday
T20200000030,2019-12-31,14:30:00,1,Collision with vehicle,2,Tuesday,163,VEHICLE STRIKES DOOR OF PARKED/STATIONARY VEHICLE,1,615033,Not at intersection,3,40,Local Road,GLENLYON,MORELAND,-37.771614,144.96185,2019,12,December,14,Midday,Weekday
T20200000455,2019-12-31,20:30:00,1,Collision with vehicle,2,Tuesday,130,REAR END(VEHICLES IN SAME LANE),2,655092,Not at intersection,3,50,Local Road,THE ESPLANADE,MORNINGTON PENINSULA,-38.47567,145.02344,2019,12,December,20,Night,Weekday
T20200000503,2019-12-31,23:30:00,1,Collision with vehicle,2,Tuesday,130,REAR END(VEHICLES IN SAME LANE),6,656592,Not at intersection,3,80,Freeway,WEST GATE,MELBOURNE,-37.82547,144.94043,2019,12,December,23,Night,Weekday
T20190026550,2019-12-31,11:40:00,2,Struck Pedestrian,2,Tuesday,100,PED NEAR SIDE. PED HIT BY VEHICLE FROM THE RIGHT.,1,614732,Not at intersection,2,60,Arterial Other,PARA,BANYULE,-37.707188,145.11038,2019,12,December,11,Midday,Weekday
T20200000868,2019-12-31,10:27:00,1,Collision with vehicle,2,Tuesday,130,REAR END(VEHICLES IN SAME LANE),1,117013,Multiple intersection,3,80,Arterial Highway,MAROONDAH,MAROONDAH,-37.785786,145.27753,2019,12,December,10,Midday,Weekday
T20190026527,2019-12-31,09:55:00,4,Collision with a fixed object,2,Tuesday,173,RIGHT OFF CARRIAGEWAY INTO OBJECT/PARKED VEHICLE,1,614738,Cross intersection,2,70,Arterial Other,REYNOLDS,MANNINGHAM,-37.763527,145.166,2019,12,December,9,Morning Peak,Weekday
T20190026529,2019-12-31,10:45:00,1,Collision with vehicle,2,Tuesday,111,RIGHT FAR (INTERSECTIONS ONLY),1,54028,Cross intersection,3,50,Arterial Other,STURT,BALLARAT,-37.56095,143.85045,2019,12,December,10,Midday,Weekday
T20190026530,2019-12-31,10:00:00,1,Collision with vehicle,2,Tuesday,110,CROSS TRAFFIC(INTERSECTIONS ONLY),1,1342,Cross intersection,2,60,Freeway,MORELAND,MORELAND,-37.752144,144.93607,2019,12,December,10,Midday,Weekday
T20190026533,2019-12-31,12:12:00,1,Collision with vehicle,2,Tuesday,147,VEHICLE STRIKES ANOTHER VEH WHILE EMERGING FROM DRIVEWAY,1,623269,Not at intersection,3,30,Arterial Highway,STATE (BELL/SPRINGVALE),DAREBIN,-37.74792,145.02695,2019,12,December,12,Midday,Weekday
T20190026537,2019-12-31,11:10:00,1,Collision with vehicle,2,Tuesday,153,CUTTING IN (OVERTAKING),1,620251,Not at intersection,2,100,Freeway,EASTLINK,FRANKSTON,-38.078735,145.17924,2019,12,December,11,Midday,Weekday
T20190026541,2019-12-31,12:15:00,1,Collision with vehicle,2,Tuesday,140,U TURN,1,615885,Not at intersection,3,80,Arterial Highway,MAROONDAH,MAROONDAH,-37.767647,145.2998,2019,12,December,12,Midday,Weekday
T20200006169,2019-12-31,20:50:00,1,Collision with vehicle,2,Tuesday,113,RIGHT NEAR (INTERSECTIONS ONLY),3,296639,T intersection,2,60,Arterial Other,BALLAN,WYNDHAM,-37.8645,144.60297,2019,12,December,20,Night,Weekday
T20190026518,2019-12-31,06:00:00,4,Collision with a fixed object,2,Tuesday,171,LEFT OFF CARRIAGEWAY INTO OBJECT/PARKED VEHICLE,2,633571,Not at intersection,2,100,Arterial Other,KERANG-QUAMBATOOK,GANNAWARRA,-35.770153,143.70703,2019,12,December,6,Morning Peak,Weekday
T20190026514,2019-12-31,01:40:00,4,Collision with a fixed object,2,Tuesday,179,OTHER ACCIDENTS-OFF STRAIGHT NOT INCLUDED IN DCAs 170-175,3,621021,Not at intersection,3,50,Local Road,MERRIJIG,SURF COAST,-38.308865,144.33347,2019,12,December,1,Late Night,Weekday
T20190026513,2019-12-31,01:25:00,4,Collision with a fixed object,2,Tuesday,173,RIGHT OFF CARRIAGEWAY INTO OBJECT/PARKED VEHICLE,3,35412,T intersection,2,60,Arterial Highway,PUNT,STONNINGTON,-37.847256,144.98476,2019,12,December,1,Late Night,Weekday
T20190026546,2019-12-31,10:29:00,1,Collision with vehicle,2,Tuesday,110,CROSS TRAFFIC(INTERSECTIONS ONLY),1,45326,Cross intersection,1,80,Arterial Other,GEELONG-BALLAN,GEELONG,-38.06652,144.29214,2019,12,December,10,Midday,Weekday
T20190026570,2019-12-31,17:51:00,1,Collision with vehicle,2,Tuesday,113,RIGHT NEAR (INTERSECTIONS ONLY),1,38363,T intersection,2,70,Arterial Other,HEIDELBERG-WARRANDYTE ROAD -NEWMANS,MANNINGHAM,-37.752068,145.153,2019,12,December,17,Afternoon Peak,Weekday
T20190026554,2019-12-31,15:47:00,1,Collision with vehicle,2,Tuesday,111,RIGHT FAR (INTERSECTIONS ONLY),1,649968,Cross intersection,3,50,Local Road,HAVERFIELD,CAMPASPE,-36.13962,144.74644,2019,12,December,15,Afternoon Peak,Weekday
T20200011105,2019-12-31,12:10:00,1,Collision with vehicle,2,Tuesday,116,LEFT NEAR (INTERSECTIONS ONLY),1,50047,Cross intersection,3,80,Arterial Other,PORTARLINGTON,GEELONG,-38.16026,144.39769,2019,12,December,12,Midday,Weekday
T20200000182,2019-12-31,15:05:00,1,Collision with vehicle,2,Tuesday,110,CROSS TRAFFIC(INTERSECTIONS ONLY),1,36483,Cross intersection,3,40,Arterial Other,BRUNSWICK,YARRA,-37.790676,144.97977,2019,12,December,15,Afternoon Peak,Weekday
T20200000125,2019-12-31,18:30:00,2,Struck Pedestrian,2,Tuesday,102,FAR SIDE. PED HIT BY VEHICLE FROM THE LEFT,1,37168,T intersection,3,50,Local Road,MOSSFIEL,WYNDHAM,-37.87036,144.69138,2019,12,December,18,Afternoon Peak,Weekday
T20200000780,2019-12-31,15:00:00,4,Collision with a fixed object,2,Tuesday,171,LEFT OFF CARRIAGEWAY INTO OBJECT/PARKED VEHICLE,1,656152,Not at intersection,3,50,Local Road,WATTLEBIRD,WYNDHAM,-37.88038,144.66835,2019,12,December,15,Afternoon Peak,Weekday
T20190026556,2019-12-31,15:14:00,1,Collision with vehicle,2,Tuesday,130,REAR END(VEHICLES IN SAME LANE),1,614733,Not at intersection,3,80,Arterial Other,BORONIA,KNOX,-37.84655,145.21866,2019,12,December,15,Afternoon Peak,Weekday
T20200000062,2020-01-01,19:20:00,1,Collision with vehicle,3,Wednesday,114,TWO RIGHT TURNING (INTERSECTIONS ONLY),2,615603,T intersection,3,50,Local Road,CARLOW,GLEN EIRA,-37.92071,145.0687,2020,1,January,19,Night,Weekday
T20200000067,2020-01-01,19:36:00,4,Collision with a fixed object,3,Wednesday,173,RIGHT OFF CARRIAGEWAY INTO OBJECT/PARKED VEHICLE,1,45156,T intersection,2,60,Arterial Other,MILITARY,MOONEE VALLEY,-37.7613,144.86162,2020,1,January,19,Night,Weekday
T20200000019,2020-01-01,08:32:00,1,Collision with vehicle,3,Wednesday,116,LEFT NEAR (INTERSECTIONS ONLY),1,38086,Cross intersection,3,60,Arterial Other,GRANGE,DAREBIN,-37.77012,145.02672,2020,1,January,8,Morning Peak,Weekday
T20200000010,2020-01-01,02:00:00,1,Collision with vehicle,3,Wednesday,121,RIGHT THROUGH,3,616911,Not at intersection,1,60,Arterial Other,PASCOE VALE,HUME,-37.687466,144.91653,2020,1,January,2,Late Night,Weekday
T20200000383,2020-01-01,21:00:00,6,Vehicle overturned (no collision),3,Wednesday,170,OFF CARRIAGEWAY TO LEFT,3,660677,Not at intersection,2,100,Freeway,PENINSULA LINK,MORNINGTON PENINSULA,-38.221874,145.1277,2020,1,January,21,Night,Weekday
T20200000008,2020-01-01,02:30:00,1,Collision with vehicle,3,Wednesday,121,RIGHT THROUGH,3,665637,Cross intersection,3,80,Arterial Other,WELLS,KINGSTON,-38.02208,145.12411,2020,1,January,2,Late Night,Weekday
T20200000016,2020-01-01,00:30:00,4,Collision with a fixed object,3,Wednesday,173,RIGHT OFF CARRIAGEWAY INTO OBJECT/PARKED VEHICLE,3,616004,T intersection,2,50,Local Road,BOYD,MANNINGHAM,-37.792152,145.12381,2020,1,January,0,Late Night,Weekday
T20200001362,2020-01-01,12:45:00,1,Collision with vehicle,3,Wednesday,113,RIGHT NEAR (INTERSECTIONS ONLY),1,621178,Cross intersection,3,60,Local Road,BRIDGE,SOUTH GIPPSLAND,-38.43628,145.82251,2020,1,January,12,Midday,Weekday
T20200001125,2020-01-01,14:02:00,1,Collision with vehicle,3,Wednesday,110,CROSS TRAFFIC(INTERSECTIONS ONLY),1,303534,Cross intersection,3,60,Arterial Other,LENNOX,YARRA,-37.818066,144.99463,2020,1,January,14,Midday,Weekday
T20200000037,2020-01-01,12:54:00,1,Collision with vehicle,3,Wednesday,121,RIGHT THROUGH,1,44365,Cross intersection,3,60,Arterial Other,DERRIMUT,WYNDHAM,-37.87764,144.68279,2020,1,January,12,Midday,Weekday
T20200000024,2020-01-01,09:42:00,1,Collision with vehicle,3,Wednesday,110,CROSS TRAFFIC(INTERSECTIONS ONLY),1,51301,Cross intersection,2,60,Local Road,FORD,SHEPPARTON,-36.34756,145.41579,2020,1,January,9,Morning Peak,Weekday
T20200000056,2020-01-01,15:10:00,4,Collision with a fixed object,3,Wednesday,181,OFF RIGHT BEND INTO OBJECT/PARKED VEHICLE,1,633572,Not at intersection,2,100,Local Road,WOORINEN,SWAN HILL,-35.30791,143.49332,2020,1,January,15,Afternoon Peak,Weekday
T20200000723,2020-01-01,14:00:00,6,Vehicle overturned (no collision),3,Wednesday,184,OUT OF CONTROL ON CARRIAGEWAY (ON BEND),1,620875,Not at intersection,2,60,Local Road,BIG RIVER,MURRINDINDI,-37.513523,146.0944,2020,1,January,14,Midday,Weekday
T20200000043,2020-01-01,12:58:00,4,Collision with a fixed object,3,Wednesday,171,LEFT OFF CARRIAGEWAY INTO OBJECT/PARKED VEHICLE,1,615321,Not at intersection,2,100,Local Road,EDGARS,WYNDHAM,-37.92086,144.50761,2020,1,January,12,Midday,Weekday
T20200000047,2020-01-01,13:47:00,4,Collision with a fixed object,3,Wednesday,175,OFF END OF ROAD/T-INTERSECTION.,1,647476,T intersection,2,50,Local Road,STRABANE,BOROONDARA,-37.806763,145.10263,2020,1,January,13,Midday,Weekday
T20200000053,2020-01-01,15:00:00,4,Collision with a fixed object,3,Wednesday,171,LEFT OFF CARRIAGEWAY INTO OBJECT/PARKED VEHICLE,1,660675,Not at intersection,3,100,Arterial Other,CONDAH-COLERAINE,SOUTHERN GRAMPIANS,-37.819546,141.73047,2020,1,January,15,Afternoon Peak,Weekday
T20200004866,2020-01-01,02:30:00,6,Vehicle overturned (no collision),3,Wednesday,174,OUT OF CONTROL ON CARRIAGEWAY (ON STRAIGHT),3,35934,Cross intersection,3,60,Arterial Other,SYDNEY,MORELAND,-37.75546,144.96413,2020,1,January,2,Late Night,Weekday
T20200000054,2020-01-01,13:00:00,1,Collision with vehicle,3,Wednesday,130,REAR END(VEHICLES IN SAME LANE),1,637642,Not at intersection,2,100,Freeway,PENINSULA LINK,FRANKSTON,-38.155884,145.16855,2020,1,January,13,Midday,Weekday
T20200000058,2020-01-01,11:15:00,6,Vehicle overturned (no collision),3,Wednesday,182,OFF CARRIAGEWAY ON LEFT BEND,1,632037,Not at intersection,2,100,Local Road,MANDURANG SOUTH,BENDIGO,-36.88783,144.2877,2020,1,January,11,Midday,Weekday
T20200000027,2020-01-01,11:29:00,1,Collision with vehicle,3,Wednesday,143,ENTERING PARKING,1,614736,T intersection,2,50,Local Road,DORCAS,PORT PHILLIP,-37.83339,144.95924,2020,1,January,11,Midday,Weekday
T20200000060,2020-01-01,15:41:00,1,Collision with vehicle,3,Wednesday,110,CROSS TRAFFIC(INTERSECTIONS ONLY),1,42230,Cross intersection,3,50,Local Road,DERBY,MORELAND,-37.727272,144.94656,2020,1,January,15,Afternoon Peak,Weekday
T20200000168,2020-01-01,14:00:00,2,Struck Pedestrian,3,Wednesday,103,PED PLAYING/LYING/WORKING/STANDING ON CARRIAGEWAY.,1,617914,Not at intersection,3,60,Local Road,ALBERT,LATROBE,-38.197548,146.53172,2020,1,January,14,Midday,Weekday
T20200000084,2020-01-02,08:20:00,1,Collision with vehicle,4,Thursday,152,PULLING OUT (OVERTAKING),1,49609,T intersection,2,80,Local Road,OLD MELBOURNE,GEELONG,-38.014717,144.4516,2020,1,January,8,Morning Peak,Weekday
T20200000086,2020-01-02,09:22:00,1,Collision with vehicle,4,Thursday,130,REAR END(VEHICLES IN SAME LANE),1,656794,Not at intersection,2,80,Arterial Highway,BURWOOD,WHITEHORSE,-37.85202,145.1464,2020,1,January,9,Morning Peak,Weekday
T20200000096,2020-01-02,10:20:00,1,Collision with vehicle,4,Thursday,121,RIGHT THROUGH,1,36889,Cross intersection,3,40,Local Road,COLLINS,MELBOURNE,-37.816933,144.96158,2020,1,January,10,Midday,Weekday
T20200000097,2020-01-02,11:00:00,1,Collision with vehicle,4,Thursday,130,REAR END(VEHICLES IN SAME LANE),1,615038,Not at intersection,3,100,Freeway,PRINCES,WYNDHAM,-37.908813,144.69069,2020,1,January,11,Midday,Weekday
T20200000100,2020-01-02,10:25:00,1,Collision with vehicle,4,Thursday,130,REAR END(VEHICLES IN SAME LANE),1,615322,T intersection,2,80,Arterial Other,BAANIP,GEELONG,-38.214947,144.32634,2020,1,January,10,Midday,Weekday
T20200000104,2020-01-02,15:29:00,1,Collision with vehicle,4,Thursday,110,CROSS TRAFFIC(INTERSECTIONS ONLY),1,52901,Cross intersection,2,60,Local Road,EUREKA,BALLARAT,-37.565636,143.87425,2020,1,January,15,Afternoon Peak,Weekday
T20200000117,2020-01-02,18:15:00,4,Collision with a fixed object,4,Thursday,173,RIGHT OFF CARRIAGEWAY INTO OBJECT/PARKED VEHICLE,1,618198,Not at intersection,2,80,Local Road,HORSESHOE BEND,SURF COAST,-38.28712,144.34381,2020,1,January,18,Afternoon Peak,Weekday
T20200000118,2020-01-02,17:21:00,4,Collision with a fixed object,4,Thursday,181,OFF RIGHT BEND INTO OBJECT/PARKED VEHICLE,1,656188,Not at intersection,2,100,Local Road,CARDINIA,CARDINIA,-38.116886,145.42596,2020,1,January,17,Afternoon Peak,Weekday
T20200000119,2020-01-02,14:18:00,4,Collision with a fixed object,4,Thursday,171,LEFT OFF CARRIAGEWAY INTO OBJECT/PARKED VEHICLE,1,43679,T intersection,1,50,Local Road,BEATTY,DAREBIN,-37.72625,144.99208,2020,1,January,14,Midday,Weekday
T20200000120,2020-01-02,18:40:00,1,Collision with vehicle,4,Thursday,132,RIGHT REAR.,1,616475,Not at intersection,3,60,Arterial Other,HIGH STREET,MONASH,-37.873383,145.15839,2020,1,January,18,Afternoon Peak,Weekday
T20200000139,2020-01-02,19:40:00,1,Collision with vehicle,4,Thursday,111,RIGHT FAR (INTERSECTIONS ONLY),1,656796,Multiple intersection,3,60,Local Road,SYDNEY,GEELONG,-38.15318,144.36925,2020,1,January,19,Night,Weekday
T20200000121,2020-01-02,15:50:00,1,Collision with vehicle,4,Thursday,133,LANE SIDE SWIPE (VEHICLES IN PARALLEL LANES),1,615458,Not at intersection,3,80,Arterial Highway,WELLINGTON,MONASH,-37.91866,145.15845,2020,1,January,15,Afternoon Peak,Weekday
T20200000238,2020-01-02,13:00:00,4,Collision with a fixed object,4,Thursday,141,U TURN INTO FIXED OBJECT/PARKED VEHICLE,1,660685,Not at intersection,3,100,Arterial Highway,FRANKSTON-DANDENONG,DANDENONG,-38.058495,145.20595,2020,1,January,13,Midday,Weekday
T20200000126,2020-01-02,18:15:00,1,Collision with vehicle,4,Thursday,120,HEAD ON (NOT OVERTAKING),1,629968,Not at intersection,2,60,Arterial Other,ANAKIE,GEELONG,-38.088707,144.3358,2020,1,January,18,Afternoon Peak,Weekday
T20200000604,2020-01-02,10:00:00,1,Collision with vehicle,4,Thursday,147,VEHICLE STRIKES ANOTHER VEH WHILE EMERGING FROM DRIVEWAY,1,620255,Not at intersection,3,40,Arterial Other,HODDLE STREET SERVICE,YARRA,-37.794346,144.99384,2020,1,January,10,Midday,Weekday
T20200000128,2020-01-02,21:03:00,1,Collision with vehicle,4,Thursday,139,OTHER SAME DIRECTION-MANOUEVRES NOT INCLUDED IN DCAs 130-137,3,273099,T intersection,2,60,Arterial Other,POLICE,MONASH,-37.938515,145.20343,2020,1,January,21,Night,Weekday
T20200000129,2020-01-02,21:00:00,2,Struck Pedestrian,4,Thursday,102,FAR SIDE. PED HIT BY VEHICLE FROM THE LEFT,2,661636,T intersection,3,50,Local Road,FUTCHER,WELLINGTON,-38.376488,147.19049,2020,1,January,21,Night,Weekday
T20200000130,2020-01-02,22:47:00,4,Collision with a fixed object,4,Thursday,181,OFF RIGHT BEND INTO OBJECT/PARKED VEHICLE,5,627717,Not at intersection,2,100,Local Road,MOUNT ELIZA,MACEDON RANGES,-37.38425,144.69482,2020,1,January,22,Night,Weekday
T20200000132,2020-01-02,23:34:00,3,Struck animal,4,Thursday,167,STRUCK ANIMAL,5,628970,Not at intersection,3,80,Local Road,BROWN,CARDINIA,-38.049294,145.42572,2020,1,January,23,Night,Weekday
T20200000242,2020-01-02,18:40:00,3,Struck animal,4,Thursday,167,STRUCK ANIMAL,2,615740,Not at intersection,3,100,Arterial Other,EPPING-KILMORE,MITCHELL,-37.377686,145.03056,2020,1,January,18,Afternoon Peak,Weekday
T20200000459,2020-01-02,11:15:00,6,Vehicle overturned (no collision),4,Thursday,149,OTHER MANOEUVRING NOT INCLUDED IN DCAs 140-148,1,616771,Unknown,3,50,Local Road,LYGON,MORELAND,-37.767628,144.9724,2020,1,January,11,Midday,Weekday
T20200000082,2020-01-02,10:00:00,8,No collision and no object struck,4,Thursday,174,OUT OF CONTROL ON CARRIAGEWAY (ON STRAIGHT),1,352268,Not at intersection,2,70,Arterial Highway,THOMAS,DANDENONG,-37.991905,145.21545,2020,1,January,10,Midday,Weekday
T20200000127,2020-01-02,19:00:00,1,Collision with vehicle,4,Thursday,150,HEAD ON(OVERTAKING),1,627716,Not at intersection,2,100,Arterial Highway,GLENELG,SOUTHERN GRAMPIANS,-37.709354,141.93732,2020,1,January,19,Night,Weekday
T20200000109,2020-01-02,16:25:00,1,Collision with vehicle,4,Thursday,113,RIGHT NEAR (INTERSECTIONS ONLY),1,44081,Cross intersection,3,60,Arterial Highway,NEPEAN,MORNINGTON PENINSULA,-38.328457,144.97726,2020,1,January,16,Afternoon Peak,Weekday
T20200000081,2020-01-02,09:10:00,4,Collision with a fixed object,4,Thursday,171,LEFT OFF CARRIAGEWAY INTO OBJECT/PARKED VEHICLE,1,20791,T intersection,3,60,Arterial Other,MAIN SOUTH,BAW BAW,-38.13809,145.85544,2020,1,January,9,Morning Peak,Weekday
T20200000079,2020-01-02,06:55:00,1,Collision with vehicle,4,Thursday,121,RIGHT THROUGH,1,774,Cross intersection,2,60,Arterial Highway,NEPEAN,KINGSTON,-37.957436,145.05193,2020,1,January,6,Morning Peak,Weekday
T20200000078,2020-01-02,07:09:00,1,Collision with vehicle,4,Thursday,121,RIGHT THROUGH,1,41523,T intersection,2,70,Arterial Highway,NORTH,GLEN EIRA,-37.908646,145.07832,2020,1,January,7,Morning Peak,Weekday
T20200000223,2020-01-02,22:00:00,4,Collision with a fixed object,4,Thursday,171,LEFT OFF CARRIAGEWAY INTO OBJECT/PARKED VEHICLE,5,644419,Not at intersection,3,100,Local Road,LAIRDS,LODDON,-36.263786,144.06827,2020,1,January,22,Night,Weekday
T20200000107,2020-01-02,15:48:00,1,Collision with vehicle,4,Thursday,134,LANE CHANGE RIGHT (NOT OVERTAKING),1,277991,Cross intersection,2,70,Freeway,SYDNEY,MORELAND,-37.692177,144.95839,2020,1,January,15,Afternoon Peak,Weekday
T20200004391,2020-01-02,17:00:00,1,Collision with vehicle,4,Thursday,130,REAR END(VEHICLES IN SAME LANE),1,315668,Not at intersection,3,80,Arterial Other,SPRINGVALE,KINGSTON,-38.027245,145.13184,2020,1,January,17,Afternoon Peak,Weekday
T20200000297,2020-01-02,21:00:00,3,Struck animal,4,Thursday,167,STRUCK ANIMAL,2,615890,Not at intersection,2,80,Local Road,CHURCHILL PARK,CASEY,-37.950653,145.24823,2020,1,January,21,Night,Weekday
T20200004174,2020-01-02,18:07:00,1,Collision with vehicle,4,Thursday,130,REAR END(VEHICLES IN SAME LANE),1,636132,T intersection,3,60,Arterial Highway,GREENSBOROUGH,BANYULE,-37.730095,145.0794,2020,1,January,18,Afternoon Peak,Weekday
T20200007851,2020-01-02,16:51:00,1,Collision with vehicle,4,Thursday,160,VEHICLE COLLIDES WITH VEHICLE PARKED ON LEFT OF ROAD,1,653835,Not at intersection,2,40,Arterial Other,BEACH,BAYSIDE,-37.950043,145.00172,2020,1,January,16,Afternoon Peak,Weekday
T20200000112,2020-01-02,12:28:00,4,Collision with a fixed object,4,Thursday,173,RIGHT OFF CARRIAGEWAY INTO OBJECT/PARKED VEHICLE,1,653458,Not at intersection,2,100,Local Road,QUAMBATOOK-SWAN HILL,GANNAWARRA,-35.647976,143.52654,2020,1,January,12,Midday,Weekday
T20200001097,2020-01-03,14:30:00,6,Vehicle overturned (no collision),5,Friday,174,OUT OF CONTROL ON CARRIAGEWAY (ON STRAIGHT),1,619382,Not at intersection,3,60,Local Road,TYNONG NORTH,CARDINIA,-38.00744,145.6173,2020,1,January,14,Midday,Weekday
T20200000382,2020-01-03,17:30:00,1,Collision with vehicle,5,Friday,110,CROSS TRAFFIC(INTERSECTIONS ONLY),1,49887,Cross intersection,3,60,Local Road,AUTUMN,GEELONG,-38.14098,144.32979,2020,1,January,17,Afternoon Peak,Weekday
T20200000508,2020-01-03,16:00:00,6,Vehicle overturned (no collision),5,Friday,184,OUT OF CONTROL ON CARRIAGEWAY (ON BEND),1,617058,Not at intersection,2,40,Local Road,YARRABEE,FRANKSTON,-38.155396,145.15378,2020,1,January,16,Afternoon Peak,Weekday
T20200000191,2020-01-03,17:19:00,1,Collision with vehicle,5,Friday,113,RIGHT NEAR (INTERSECTIONS ONLY),1,37794,T intersection,2,60,Arterial Other,NICHOLSON,MORELAND,-37.74406,144.97784,2020,1,January,17,Afternoon Peak,Weekday