ACCIDENT_NO,ACCIDENT_DATE,ACCIDENT_TIME,ACCIDENT_TYPE,ACCIDENT_TYPE_DESC,DAY_OF_WEEK,DAY_WEEK_DESC,DCA_CODE,DCA_DESC,LIGHT_CONDITION,NODE_ID,ROAD_GEOMETRY_DESC,SEVERITY,SPEED_ZONE,RMA,ROAD_NAME,LGA_NAME,LATITUDE,LONGITUDE,YEAR,MONTH,MONTH_NAME,HOUR,TIME_PERIOD,DAY_TYPE
T20200000273,2020-01-03,11:44:00,1,Collision with vehicle,5,Friday,120,HEAD ON (NOT OVERTAKING),1,618784,Not at intersection,3,80,Local Road,WALSHS,MANSFIELD,-37.17977,146.01753,2020,1,January,11,Midday,Weekday
T20200003432,2020-01-03,14:30:00,1,Collision with vehicle,5,Friday,121,RIGHT THROUGH,1,41159,Not at intersection,3,60,Arterial Other,NORTH,BAYSIDE,-37.898327,144.99431,2020,1,January,14,Midday,Weekday
T20200000361,2020-01-03,15:30:00,1,Collision with vehicle,5,Friday,121,RIGHT THROUGH,1,41182,Cross intersection,3,60,Arterial Other,PLUMPTON,MORELAND,-37.707542,144.92162,2020,1,January,15,Afternoon Peak,Weekday
T20200000143,2020-01-03,11:10:00,1,Collision with vehicle,5,Friday,113,RIGHT NEAR (INTERSECTIONS ONLY),9,617337,T intersection,3,100,Local Road,CARBOOR-WHOROULY,WANGARATTA,-36.593414,146.58191,2020,1,January,11,Midday,Weekday
T20200000138,2020-01-03,05:58:00,1,Collision with vehicle,5,Friday,110,CROSS TRAFFIC(INTERSECTIONS ONLY),1,38803,Cross intersection,3,60,Arterial Highway,NAPIER STREET -WHITEHALL,MARIBYRNONG,-37.805138,144.90425,2020,1,January,5,Morning Peak,Weekday
T20200000219,2020-01-03,00:01:00,2,Struck Pedestrian,5,Friday,103,PED PLAYING/LYING/WORKING/STANDING ON CARRIAGEWAY.,3,653092,T intersection,2,50,Local Road,MONASH,LATROBE,-38.232265,146.41977,2020,1,January,0,Late Night,Weekday
T20200000152,2020-01-03,09:40:00,4,Collision with a fixed object,5,Friday,173,RIGHT OFF CARRIAGEWAY INTO OBJECT/PARKED VEHICLE,1,643786,Not at intersection,2,70,Arterial Other,BALLARAT,MARIBYRNONG,-37.77994,144.85551,2020,1,January,9,Morning Peak,Weekday
T20200001170,2020-01-03,22:45:00,1,Collision with vehicle,5,Friday,130,REAR END(VEHICLES IN SAME LANE),3,619388,Cross intersection,2,50,Local Road,ROSSACK,GEELONG,-38.20107,144.31166,2020,1,January,22,Night,Weekday
T20200000147,2020-01-03,07:10:00,1,Collision with vehicle,5,Friday,113,RIGHT NEAR (INTERSECTIONS ONLY),1,253235,T intersection,2,80,Local Road,DUNDAS,MORNINGTON PENINSULA,-38.38226,144.8168,2020,1,January,7,Morning Peak,Weekday
T20200000189,2020-01-03,18:52:00,1,Collision with vehicle,5,Friday,110,CROSS TRAFFIC(INTERSECTIONS ONLY),1,38482,Cross intersection,3,60,Arterial Highway,MAIN,YARRA RANGES,-37.757526,145.35483,2020,1,January,18,Afternoon Peak,Weekday
T20200002293,2020-01-03,18:00:00,1,Collision with vehicle,5,Friday,113,RIGHT NEAR (INTERSECTIONS ONLY),1,47749,T intersection,3,50,Local Road,ROOKS,WHITEHORSE,-37.81949,145.1855,2020,1,January,18,Afternoon Peak,Weekday
T20200000184,2020-01-03,14:19:00,1,Collision with vehicle,5,Friday,113,RIGHT NEAR (INTERSECTIONS ONLY),1,17657,T intersection,2,100,Arterial Highway,SNOW,ALPINE,-36.526783,146.68546,2020,1,January,14,Midday,Weekday
T20200000158,2020-01-03,13:50:00,1,Collision with vehicle,5,Friday,147,VEHICLE STRIKES ANOTHER VEH WHILE EMERGING FROM DRIVEWAY,1,656862,Not at intersection,2,60,Arterial Other,THOMPSON,GEELONG,-38.093613,144.34674,2020,1,January,13,Midday,Weekday
T20200000178,2020-01-03,13:40:00,1,Collision with vehicle,5,Friday,120,HEAD ON (NOT OVERTAKING),1,622486,Not at intersection,1,100,Arterial Highway,GOULBURN VALLEY,MURRINDINDI,-37.245804,145.77487,2020,1,January,13,Midday,Weekday
T20200000177,2020-01-03,12:57:00,1,Collision with vehicle,5,Friday,121,RIGHT THROUGH,1,43639,T intersection,2,80,Arterial Other,PRINCES,CASEY,-38.02947,145.33228,2020,1,January,12,Midday,Weekday
T20200000174,2020-01-03,15:10:00,1,Collision with vehicle,5,Friday,141,U TURN INTO FIXED OBJECT/PARKED VEHICLE,1,618649,Not at intersection,1,50,Local Road,PROSPECT,GEELONG,-38.151955,144.34456,2020,1,January,15,Afternoon Peak,Weekday
T20200000167,2020-01-03,14:50:00,1,Collision with vehicle,5,Friday,131,LEFT REAR,1,56016,T intersection,2,60,Arterial Other,HULL,MAROONDAH,-37.79546,145.29442,2020,1,January,14,Midday,Weekday
T20200000166,2020-01-03,15:05:00,1,Collision with vehicle,5,Friday,121,RIGHT THROUGH,1,20017,Cross intersection,2,60,Arterial Highway,HIGH,BENDIGO,-36.76339,144.27068,2020,1,January,15,Afternoon Peak,Weekday
T20200000165,2020-01-03,10:50:00,1,Collision with vehicle,5,Friday,110,CROSS TRAFFIC(INTERSECTIONS ONLY),1,55612,Cross intersection,3,80,Local Road,ELEVENTH,MILDURA,-34.218246,142.1917,2020,1,January,10,Midday,Weekday
T20200000164,2020-01-03,13:26:00,1,Collision with vehicle,5,Friday,139,OTHER SAME DIRECTION-MANOUEVRES NOT INCLUDED IN DCAs 130-137,1,8494,Multiple intersection,2,60,Arterial Highway,WARRIGAL,KINGSTON,-37.982162,145.07135,2020,1,January,13,Midday,Weekday
T20200000163,2020-01-03,14:23:00,4,Collision with a fixed object,5,Friday,146,REVERSING INTO FIXED OBJECT/PARKED VEHICLE,1,661637,Not at intersection,3,50,Arterial Highway,STUD ROAD SERVICE,DANDENONG,-37.96837,145.22356,2020,1,January,14,Midday,Weekday
T20200000162,2020-01-03,09:15:00,1,Collision with vehicle,5,Friday,136,RIGHT TURN SIDESWIPE,1,656690,T intersection,2,80,Arterial Other,EDGECOMBE,MACEDON RANGES,-37.221497,144.46797,2020,1,January,9,Morning Peak,Weekday
T20200000945,2020-01-03,20:00:00,6,Vehicle overturned (no collision),5,Friday,174,OUT OF CONTROL ON CARRIAGEWAY (ON STRAIGHT),3,620878,Cross intersection,3,60,Local Road,OVERTON,WYNDHAM,-37.86645,144.75027,2020,1,January,20,Night,Weekday
T20200001856,2020-01-03,11:25:00,1,Collision with vehicle,5,Friday,136,RIGHT TURN SIDESWIPE,1,36882,Cross intersection,3,40,Local Road,ABECKETT,MELBOURNE,-37.80925,144.96086,2020,1,January,11,Midday,Weekday
T20200000181,2020-01-03,16:55:00,1,Collision with vehicle,5,Friday,110,CROSS TRAFFIC(INTERSECTIONS ONLY),1,45407,Cross intersection,3,60,Arterial Other,PASCOE VALE,MOONEE VALLEY,-37.753784,144.92574,2020,1,January,16,Afternoon Peak,Weekday
T20200000135,2020-01-03,02:30:00,1,Collision with vehicle,5,Friday,160,VEHICLE COLLIDES WITH VEHICLE PARKED ON LEFT OF ROAD,3,625460,Not at intersection,2,50,Local Road,DUNNE,DAREBIN,-37.71338,145.0335,2020,1,January,2,Late Night,Weekday
T20200000208,2020-01-03,20:50:00,4,Collision with a fixed object,5,Friday,173,RIGHT OFF CARRIAGEWAY INTO OBJECT/PARKED VEHICLE,1,616766,Not at intersection,3,80,Freeway,PRINCES,WYNDHAM,-37.826225,144.81886,2020,1,January,20,Night,Weekday
T20200000211,2020-01-03,22:13:00,4,Collision with a fixed object,5,Friday,181,OFF RIGHT BEND INTO OBJECT/PARKED VEHICLE,3,629304,Not at intersection,2,80,Arterial Other,BALLARAT-BURRUMBEET,BALLARAT,-37.559017,143.91826,2020,1,January,22,Night,Weekday
T20200000879,2020-01-03,15:20:00,1,Collision with vehicle,5,Friday,120,HEAD ON (NOT OVERTAKING),9,620257,Not at intersection,3,60,Arterial Other,MCINTYRE,BRIMBANK,-37.765724,144.83086,2020,1,January,15,Afternoon Peak,Weekday
T20200000245,2020-01-04,17:30:00,1,Collision with vehicle,6,Saturday,130,REAR END(VEHICLES IN SAME LANE),1,616477,Not at intersection,3,100,Freeway,PENINSULA LINK,FRANKSTON,-38.17737,145.16098,2020,1,January,17,Afternoon Peak,Weekend
T20200000237,2020-01-04,14:40:00,1,Collision with vehicle,6,Saturday,110,CROSS TRAFFIC(INTERSECTIONS ONLY),1,50264,Cross intersection,2,80,Arterial Other,BARWON HEADS,GEELONG,-38.223328,144.37018,2020,1,January,14,Midday,Weekend
T20200000236,2020-01-04,08:40:00,1,Collision with vehicle,6,Saturday,116,LEFT NEAR (INTERSECTIONS ONLY),1,44183,T intersection,3,80,Local Road,BROWNS,MORNINGTON PENINSULA,-38.396545,144.92213,2020,1,January,8,Morning Peak,Weekend
T20200005813,2020-01-04,04:30:00,3,Struck animal,6,Saturday,167,STRUCK ANIMAL,5,636555,Not at intersection,3,100,Arterial Other,NAR NAR GOON-LONGWARRY,CARDINIA,-38.100754,145.73909,2020,1,January,4,Late Night,Weekend
T20200000235,2020-01-04,13:27:00,2,Struck Pedestrian,6,Saturday,100,PED NEAR SIDE. PED HIT BY VEHICLE FROM THE RIGHT.,1,35500,Cross intersection,2,40,Arterial Highway,DANDENONG ROAD -QUEENS,STONNINGTON,-37.857506,144.9923,2020,1,January,13,Midday,Weekend
T20200000318,2020-01-04,21:00:00,1,Collision with vehicle,6,Saturday,142,LEAVING PARKING,3,627074,Not at intersection,2,50,Arterial Other,ST KILDA,BAYSIDE,-37.886547,144.99165,2020,1,January,21,Night,Weekend
T20200000261,2020-01-04,22:07:00,1,Collision with vehicle,6,Saturday,121,RIGHT THROUGH,3,36639,T intersection,2,60,Local Road,CENTRE,CASEY,-38.050564,145.33836,2020,1,January,22,Night,Weekend
T20200000250,2020-01-04,16:10:00,1,Collision with vehicle,6,Saturday,115,RIGHT/LEFT FAR (INTERSECTIONS ONLY),1,584504,T intersection,2,100,Arterial Other,COLAC-LAVERS HILL,COLAC OTWAY,-38.403732,143.58606,2020,1,January,16,Afternoon Peak,Weekend
T20200000298,2020-01-04,01:20:00,6,Vehicle overturned (no collision),6,Saturday,182,OFF CARRIAGEWAY ON LEFT BEND,5,657427,Not at intersection,2,100,Arterial Highway,MAROONDAH,MURRINDINDI,-37.506554,145.67627,2020,1,January,1,Late Night,Weekend
T20200000225,2020-01-04,10:04:00,1,Collision with vehicle,6,Saturday,121,RIGHT THROUGH,1,246201,T intersection,2,60,Arterial Highway,POINT NEPEAN,MORNINGTON PENINSULA,-38.353275,144.9141,2020,1,January,10,Midday,Weekend
T20200000239,2020-01-04,16:15:00,6,Vehicle overturned (no collision),6,Saturday,174,OUT OF CONTROL ON CARRIAGEWAY (ON STRAIGHT),1,661708,Not at intersection,3,100,Arterial Highway,MIDLAND,HEPBURN,-37.357998,144.0803,2020,1,January,16,Afternoon Peak,Weekend
T20200000244,2020-01-04,17:12:00,1,Collision with vehicle,6,Saturday,113,RIGHT NEAR (INTERSECTIONS ONLY),1,615606,T intersection,3,80,Arterial Highway,CEYLON,WHITEHORSE,-37.818237,145.16566,2020,1,January,17,Afternoon Peak,Weekend
T20200000252,2020-01-04,16:04:00,9,Other accident,6,Saturday,198,OTHER ACCIDENTS NOT CLASSIFIABLE ELSEWHERE,1,663643,Not at intersection,2,100,Local Road,TOOLAMBA-RUSHWORTH,SHEPPARTON,-36.48418,145.20331,2020,1,January,16,Afternoon Peak,Weekend
T20200000254,2020-01-04,17:10:00,1,Collision with vehicle,6,Saturday,171,LEFT OFF CARRIAGEWAY INTO OBJECT/PARKED VEHICLE,1,626402,Not at intersection,2,60,Local Road,BOUNDARY,WYNDHAM,-37.80689,144.70914,2020,1,January,17,Afternoon Peak,Weekend
T20200000266,2020-01-04,14:48:00,5,collision with some other object,6,Saturday,166,STRUCK OBJECT ON CARRIAGEWAY,1,615887,Not at intersection,3,60,Local Road,ALLINGHAM,BENDIGO,-36.7972,144.24898,2020,1,January,14,Midday,Weekend
T20200000243,2020-01-04,15:34:00,4,Collision with a fixed object,6,Saturday,173,RIGHT OFF CARRIAGEWAY INTO OBJECT/PARKED VEHICLE,1,653757,Not at intersection,2,100,Arterial Highway,MIDLAND,CAMPASPE,-36.448547,144.9767,2020,1,January,15,Afternoon Peak,Weekend
T20200007967,2020-01-04,12:00:00,6,Vehicle overturned (no collision),6,Saturday,174,OUT OF CONTROL ON CARRIAGEWAY (ON STRAIGHT),1,647147,T intersection,3,50,Local Road,WARD,CASEY,-38.05804,145.33008,2020,1,January,12,Midday,Weekend
T20200000248,2020-01-04,18:36:00,1,Collision with vehicle,6,Saturday,140,U TURN,1,656926,Not at intersection,2,80,Arterial Other,BERWICK-CRANBOURNE,CASEY,-38.109165,145.32916,2020,1,January,18,Afternoon Peak,Weekend
T20200000249,2020-01-04,15:52:00,2,Struck Pedestrian,6,Saturday,102,FAR SIDE. PED HIT BY VEHICLE FROM THE LEFT,1,616178,Multiple intersection,2,50,Local Road,LINK,CASEY,-38.01588,145.3042,2020,1,January,15,Afternoon Peak,Weekend
T20200000251,2020-01-04,17:35:00,4,Collision with a fixed object,6,Saturday,183,OFF LEFT BEND INTO OBJECT/PARKED VEHICLE,1,640486,Not at intersection,2,60,Arterial Highway,WARBURTON,YARRA RANGES,-37.77649,145.42421,2020,1,January,17,Afternoon Peak,Weekend
T20200000285,2020-01-05,12:45:00,1,Collision with vehicle,7,Sunday,133,LANE SIDE SWIPE (VEHICLES IN PARALLEL LANES),1,13900,Cross intersection,2,70,Local Road,GOLDEN SQUARE,WYNDHAM,-37.868427,144.6656,2020,1,January,12,Midday,Weekend
T20200000409,2020-01-05,18:30:00,1,Collision with vehicle,7,Sunday,110,CROSS TRAFFIC(INTERSECTIONS ONLY),1,1029,Cross intersection,3,70,Arterial Other,FRANKSTON-FLINDERS,MORNINGTON PENINSULA,-38.30778,145.18364,2020,1,January,18,Afternoon Peak,Weekend
T20200000415,2020-01-05,01:30:00,7,Fall from or in moving vehicle,7,Sunday,190,FELL IN/FROM VEHICLE,9,626734,Not at intersection,3,50,Local Road,MCCONVILLE,INDIGO,-36.357803,146.69566,2020,1,January,1,Late Night,Weekend
T20200003083,2020-01-05,13:40:00,1,Collision with vehicle,7,Sunday,147,VEHICLE STRIKES ANOTHER VEH WHILE EMERGING FROM DRIVEWAY,1,628983,Not at intersection,3,60,Arterial Other,ELIZABETH,DAREBIN,-37.74241,144.97995,2020,1,January,13,Midday,Weekend
T20200000497,2020-01-05,15:00:00,4,Collision with a fixed object,7,Sunday,183,OFF LEFT BEND INTO OBJECT/PARKED VEHICLE,1,625463,Not at intersection,2,100,Arterial Highway,GOULBURN VALLEY,MURRINDINDI,-37.152714,145.27719,2020,1,January,15,Afternoon Peak,Weekend
T20200000275,2020-01-05,11:16:00,4,Collision with a fixed object,7,Sunday,171,LEFT OFF CARRIAGEWAY INTO OBJECT/PARKED VEHICLE,1,661787,Not at intersection,2,100,Arterial Other,WALLAN,WHITTLESEA,-37.455956,145.0704,2020,1,January,11,Midday,Weekend
T20200000274,2020-01-05,10:10:00,4,Collision with a fixed object,7,Sunday,173,RIGHT OFF CARRIAGEWAY INTO OBJECT/PARKED VEHICLE,1,73687,T intersection,3,80,Freeway,PENINSULA LINK,MORNINGTON PENINSULA,-38.376717,144.88911,2020,1,January,10,Midday,Weekend
T20200000492,2020-01-05,11:10:00,1,Collision with vehicle,7,Sunday,110,CROSS TRAFFIC(INTERSECTIONS ONLY),1,51953,Cross intersection,3,50,Arterial Highway,MAIN,EAST GIPPSLAND,-37.826775,147.62682,2020,1,January,11,Midday,Weekend
T20200000697,2020-01-05,10:45:00,6,Vehicle overturned (no collision),7,Sunday,174,OUT OF CONTROL ON CARRIAGEWAY (ON STRAIGHT),1,661789,Not at intersection,3,50,Local Road,MYER,BENDIGO,-36.872627,144.3241,2020,1,January,10,Midday,Weekend
T20200000373,2020-01-05,16:10:00,1,Collision with vehicle,7,Sunday,154,PULLING OUT -REAR END,1,241586,T intersection,3,70,Arterial Other,MAIN,MACEDON RANGES,-37.355972,144.74364,2020,1,January,16,Afternoon Peak,Weekend
T20200000339,2020-01-05,13:37:00,1,Collision with vehicle,7,Sunday,113,RIGHT NEAR (INTERSECTIONS ONLY),1,43279,T intersection,2,60,Arterial Other,POUND,CASEY,-38.027782,145.26492,2020,1,January,13,Midday,Weekend
T20200000276,2020-01-05,09:35:00,4,Collision with a fixed object,7,Sunday,198,OTHER ACCIDENTS NOT CLASSIFIABLE ELSEWHERE,1,661786,Not at intersection,2,80,Freeway,KINGS-WEST GATE OUT,MELBOURNE,-37.826126,144.9439,2020,1,January,9,Morning Peak,Weekend
T20200000985,2020-01-05,08:35:00,1,Collision with vehicle,7,Sunday,131,LEFT REAR,1,57533,Cross intersection,3,50,Arterial Highway,DANDENONG,GLEN EIRA,-37.878155,145.04735,2020,1,January,8,Morning Peak,Weekend
T20200000277,2020-01-05,10:55:00,6,Vehicle overturned (no collision),7,Sunday,174,OUT OF CONTROL ON CARRIAGEWAY (ON STRAIGHT),1,617915,Not at intersection,2,80,Arterial Other,MIRBOO NORTH-TRAFALGAR,SOUTH GIPPSLAND,-38.34316,146.20119,2020,1,January,10,Midday,Weekend
T20200000333,2020-01-05,21:25:00,1,Collision with vehicle,7,Sunday,110,CROSS TRAFFIC(INTERSECTIONS ONLY),6,311660,Cross intersection,3,50,Local Road,FAWCKNER,BENALLA,-36.551773,145.98604,2020,1,January,21,Night,Weekend
T20200000324,2020-01-05,11:55:00,1,Collision with vehicle,7,Sunday,120,HEAD ON (NOT OVERTAKING),1,620252,Not at intersection,2,70,Arterial Other,TEMPLESTOWE,MANNINGHAM,-37.75594,145.1087,2020,1,January,11,Midday,Weekend
T20200000321,2020-01-05,22:00:00,1,Collision with vehicle,7,Sunday,121,RIGHT THROUGH,3,29701,Cross intersection,2,80,Arterial Other,BOUNDARY,KINGSTON,-37.97228,145.11168,2020,1,January,22,Night,Weekend
T20200000320,2020-01-05,23:59:00,4,Collision with a fixed object,7,Sunday,171,LEFT OFF CARRIAGEWAY INTO OBJECT/PARKED VEHICLE,5,657001,Not at intersection,2,80,Local Road,TAYLORS,MELTON,-37.719086,144.71336,2020,1,January,23,Night,Weekend
T20200000314,2020-01-05,19:46:00,1,Collision with vehicle,7,Sunday,120,HEAD ON (NOT OVERTAKING),1,638409,Not at intersection,2,60,Local Road,GREENS,DANDENONG,-38.012936,145.19843,2020,1,January,19,Night,Weekend
T20200000313,2020-01-05,16:45:00,4,Collision with a fixed object,7,Sunday,183,OFF LEFT BEND INTO OBJECT/PARKED VEHICLE,1,661849,Not at intersection,2,80,Arterial Other,HEIDELBERG-KINGLAKE,NILLUMBIK,-37.60805,145.24326,2020,1,January,16,Afternoon Peak,Weekend
T20200000308,2020-01-05,17:55:00,1,Collision with vehicle,7,Sunday,110,CROSS TRAFFIC(INTERSECTIONS ONLY),1,74010,Cross intersection,3,80,Local Road,LYALL,BASS COAST,-38.468456,145.18204,2020,1,January,17,Afternoon Peak,Weekend
T20200000300,2020-01-05,15:48:00,4,Collision with a fixed object,7,Sunday,171,LEFT OFF CARRIAGEWAY INTO OBJECT/PARKED VEHICLE,1,729108,Not at intersection,3,100,Arterial Other,OLD MELBOURNE,MOORABOOL,-37.60035,144.25003,2020,1,January,15,Afternoon Peak,Weekend
T20200000296,2020-01-05,15:50:00,4,Collision with a fixed object,7,Sunday,173,RIGHT OFF CARRIAGEWAY INTO OBJECT/PARKED VEHICLE,1,622053,T intersection,3,60,Local Road,OLYMPIC,BENDIGO,-36.782486,144.22989,2020,1,January,15,Afternoon Peak,Weekend
T20200000292,2020-01-05,13:35:00,1,Collision with vehicle,7,Sunday,113,RIGHT NEAR (INTERSECTIONS ONLY),1,921,Cross intersection,2,70,Arterial Highway,FRANKSTON-DANDENONG,FRANKSTON,-38.112686,145.1575,2020,1,January,13,Midday,Weekend
T20200000294,2020-01-05,12:11:00,1,Collision with vehicle,7,Sunday,130,REAR END(VEHICLES IN SAME LANE),1,616478,Not at intersection,3,80,Arterial Other,MONBULK,YARRA RANGES,-37.822582,145.41434,2020,1,January,12,Midday,Weekend
T20200000291,2020-01-05,12:45:00,4,Collision with a fixed object,7,Sunday,181,OFF RIGHT BEND INTO OBJECT/PARKED VEHICLE,1,624505,Not at intersection,3,100,Arterial Other,MOE-WILLOW GROVE,BAW BAW,-38.10079,146.23763,2020,1,January,12,Midday,Weekend
T20200000289,2020-01-05,13:02:00,1,Collision with vehicle,7,Sunday,113,RIGHT NEAR (INTERSECTIONS ONLY),1,661785,T intersection,2,80,Arterial Highway,PRINCES,CASEY,-38.019535,145.29713,2020,1,January,13,Midday,Weekend
T20200000287,2020-01-05,12:40:00,1,Collision with vehicle,7,Sunday,120,HEAD ON (NOT OVERTAKING),1,615889,Not at intersection,2,50,Arterial Other,MAIN SOUTH,BAW BAW,-38.137936,145.85565,2020,1,January,12,Midday,Weekend
T20200000281,2020-01-05,17:00:00,1,Collision with vehicle,7,Sunday,132,RIGHT REAR.,1,620559,Not at intersection,3,60,Arterial Other,HIGHBURY,WHITEHORSE,-37.854843,145.1081,2020,1,January,17,Afternoon Peak,Weekend
T20200000284,2020-01-05,12:20:00,4,Collision with a fixed object,7,Sunday,183,OFF LEFT BEND INTO OBJECT/PARKED VEHICLE,1,661850,Not at intersection,2,80,Arterial Other,MONBULK,YARRA RANGES,-37.861988,145.41385,2020,1,January,12,Midday,Weekend
T20200000593,2020-01-06,09:51:00,1,Collision with vehicle,1,Monday,130,REAR END(VEHICLES IN SAME LANE),1,278926,Cross intersection,3,80,Freeway,ROBINSONS,MELTON,-37.796402,144.75249,2020,1,January,9,Morning Peak,Weekday
T20200000378,2020-01-06,17:30:00,8,No collision and no object struck,1,Monday,179,OTHER ACCIDENTS-OFF STRAIGHT NOT INCLUDED IN DCAs 170-175,1,617055,Not at intersection,2,100,Arterial Other,BALLAN,WYNDHAM,-37.81359,144.51416,2020,1,January,17,Afternoon Peak,Weekday
T20200000330,2020-01-06,08:45:00,1,Collision with vehicle,1,Monday,113,RIGHT NEAR (INTERSECTIONS ONLY),1,68978,T intersection,2,50,Local Road,KANGAROO,MONASH,-37.900654,145.08376,2020,1,January,8,Morning Peak,Weekday
T20200000328,2020-01-06,07:50:00,1,Collision with vehicle,1,Monday,130,REAR END(VEHICLES IN SAME LANE),1,653440,Not at intersection,2,60,Arterial Highway,RACECOURSE,MELBOURNE,-37.789185,144.94012,2020,1,January,7,Morning Peak,Weekday
T20200000327,2020-01-06,08:50:00,6,Vehicle overturned (no collision),1,Monday,174,OUT OF CONTROL ON CARRIAGEWAY (ON STRAIGHT),1,619671,Not at intersection,2,60,Arterial Other,VICTORIA,YARRA,-37.81189,145.01375,2020,1,January,8,Morning Peak,Weekday
T20200000379,2020-01-06,17:50:00,6,Vehicle overturned (no collision),1,Monday,170,OFF CARRIAGEWAY TO LEFT,1,69213,T intersection,3,60,Arterial Other,HUNTINGDALE,MONASH,-37.908623,145.10397,2020,1,January,17,Afternoon Peak,Weekday
T20200000368,2020-01-06,10:45:00,6,Vehicle overturned (no collision),1,Monday,170,OFF CARRIAGEWAY TO LEFT,1,651370,Not at intersection,3,100,Arterial Other,BROWN COALMINE,LATROBE,-38.15271,146.43704,2020,1,January,10,Midday,Weekday
T20200000376,2020-01-06,15:30:00,1,Collision with vehicle,1,Monday,140,U TURN,1,74075,T intersection,2,100,Arterial Highway,BASS,BASS COAST,-38.513325,145.4493,2020,1,January,15,Afternoon Peak,Weekday
T20200000895,2020-01-06,17:30:00,8,No collision and no object struck,1,Monday,174,OUT OF CONTROL ON CARRIAGEWAY (ON STRAIGHT),1,246130,Not at intersection,3,50,Freeway,BATMAN,MELBOURNE,-37.81835,144.9755,2020,1,January,17,Afternoon Peak,Weekday
T20200000591,2020-01-06,14:00:00,1,Collision with vehicle,1,Monday,130,REAR END(VEHICLES IN SAME LANE),1,631219,Not at intersection,3,80,Arterial Other,CANTERBURY,MAROONDAH,-37.829414,145.27797,2020,1,January,14,Midday,Weekday
T20200002349,2020-01-06,14:00:00,1,Collision with vehicle,1,Monday,121,RIGHT THROUGH,1,633990,Not at intersection,3,80,Arterial Highway,WHITEHORSE,WHITEHORSE,-37.818027,145.18239,2020,1,January,14,Midday,Weekday
T20200000468,2020-01-06,17:15:00,1,Collision with vehicle,1,Monday,132,RIGHT REAR.,2,37610,Not at intersection,3,60,Arterial Highway,PUNT,STONNINGTON,-37.83832,144.98653,2020,1,January,17,Afternoon Peak,Weekday
T20200002873,2020-01-06,08:32:00,1,Collision with vehicle,1,Monday,113,RIGHT NEAR (INTERSECTIONS ONLY),1,67990,T intersection,3,60,Arterial Other,MALVERN,STONNINGTON,-37.8706,145.06168,2020,1,January,8,Morning Peak,Weekday
T20200000362,2020-01-06,13:00:00,4,Collision with a fixed object,1,Monday,183,OFF LEFT BEND INTO OBJECT/PARKED VEHICLE,1,71803,Not at intersection,3,100,Arterial Other,MOE-WALHALLA,BAW BAW,-38.12598,146.27391,2020,1,January,13,Midday,Weekday
T20200000390,2020-01-06,17:30:00,2,Struck Pedestrian,1,Monday,100,PED NEAR SIDE. PED HIT BY VEHICLE FROM THE RIGHT.,1,631864,Not at intersection,2,80,Arterial Other,BERWICK-CRANBOURNE,CASEY,-38.116615,145.31029,2020,1,January,17,Afternoon Peak,Weekday
T20200000394,2020-01-06,17:20:00,6,Vehicle overturned (no collision),1,Monday,174,OUT OF CONTROL ON CARRIAGEWAY (ON STRAIGHT),1,651371,Not at intersection,2,80,Local Road,PAYNES BRIDGE,GOLDEN PLAINS,-37.87144,143.78084,2020,1,January,17,Afternoon Peak,Weekday
T20200000334,2020-01-06,09:27:00,6,Vehicle overturned (no collision),1,Monday,174,OUT OF CONTROL ON CARRIAGEWAY (ON STRAIGHT),1,630912,Not at intersection,2,60,Local Road,TURNER,MORELAND,-37.73686,144.94557,2020,1,January,9,Morning Peak,Weekday
T20200000360,2020-01-06,08:50:00,4,Collision with a fixed object,1,Monday,173,RIGHT OFF CARRIAGEWAY INTO OBJECT/PARKED VEHICLE,1,616481,Not at intersection,2,80,Arterial Highway,GREAT OCEAN,COLAC OTWAY,-38.769363,143.46487,2020,1,January,8,Morning Peak,Weekday
T20200000399,2020-01-06,05:30:00,1,Collision with vehicle,1,Monday,110,CROSS TRAFFIC(INTERSECTIONS ONLY),3,1251,Cross intersection,2,60,Arterial Other,FURLONG,BRIMBANK,-37.760372,144.81213,2020,1,January,5,Morning Peak,Weekday
T20200000356,2020-01-06,12:54:00,4,Collision with a fixed object,1,Monday,183,OFF LEFT BEND INTO OBJECT/PARKED VEHICLE,1,346104,Not at intersection,2,100,Arterial Other,BROADFORD-FLOWERDALE,MURRINDINDI,-37.24747,145.17915,2020,1,January,12,Midday,Weekday
T20200000619,2020-01-06,13:51:00,4,Collision with a fixed object,1,Monday,175,OFF END OF ROAD/T-INTERSECTION.,1,662041,T intersection,2,100,Arterial Other,MEENIYAN-PROMONTORY,SOUTH GIPPSLAND,-38.75239,146.13487,2020,1,January,13,Midday,Weekday
T20200000529,2020-01-06,20:30:00,2,Struck Pedestrian,1,Monday,100,PED NEAR SIDE. PED HIT BY VEHICLE FROM THE RIGHT.,9,40150,Cross intersection,2,60,Local Road,INKERMAN,PORT PHILLIP,-37.86594,144.99603,2020,1,January,20,Night,Weekday
T20200000641,2020-01-06,07:30:00,2,Struck Pedestrian,1,Monday,100,PED NEAR SIDE. PED HIT BY VEHICLE FROM THE RIGHT.,1,626092,Cross intersection,2,50,Local Road,FLINDERS,MELBOURNE,-37.817223,144.96443,2020,1,January,7,Morning Peak,Weekday
T20200000347,2020-01-06,10:50:00,1,Collision with vehicle,1,Monday,110,CROSS TRAFFIC(INTERSECTIONS ONLY),1,629640,Cross intersection,2,60,Arterial Highway,HAMILTON HIGHWAY -MAIN,CORANGAMITE,-37.94811,143.22523,2020,1,January,10,Midday,Weekday