ACCIDENT_NO,ACCIDENT_DATE,ACCIDENT_TIME,ACCIDENT_TYPE,ACCIDENT_TYPE_DESC,DAY_OF_WEEK,DAY_WEEK_DESC,DCA_CODE,DCA_DESC,LIGHT_CONDITION,NODE_ID,ROAD_GEOMETRY_DESC,SEVERITY,SPEED_ZONE,RMA,ROAD_NAME,LGA_NAME,LATITUDE,LONGITUDE,YEAR,MONTH,MONTH_NAME,HOUR,TIME_PERIOD,DAY_TYPE
T20200000469,2020-01-06,12:03:00,1,Collision with vehicle,1,Monday,130,REAR END(VEHICLES IN SAME LANE),1,56258,Cross intersection,2,80,Arterial Highway,MIDLAND,GOLDEN PLAINS,-37.910072,144.09468,2020,1,January,12,Midday,Weekday
T20200000445,2020-01-06,17:45:00,4,Collision with a fixed object,1,Monday,183,OFF LEFT BEND INTO OBJECT/PARKED VEHICLE,5,616770,Not at intersection,2,50,Local Road,DE FREDERICKS,NILLUMBIK,-37.63803,145.14528,2020,1,January,17,Afternoon Peak,Weekday
T20200000340,2020-01-06,10:58:00,1,Collision with vehicle,1,Monday,120,HEAD ON (NOT OVERTAKING),1,618504,Not at intersection,3,60,Arterial Other,CLEGG,YARRA RANGES,-37.78231,145.41446,2020,1,January,10,Midday,Weekday
T20200000349,2020-01-06,07:50:00,1,Collision with vehicle,1,Monday,114,TWO RIGHT TURNING (INTERSECTIONS ONLY),1,616182,T intersection,3,50,Local Road,MURRAY,INDIGO,-36.056362,146.46176,2020,1,January,7,Morning Peak,Weekday
T20200000348,2020-01-06,10:14:00,4,Collision with a fixed object,1,Monday,171,LEFT OFF CARRIAGEWAY INTO OBJECT/PARKED VEHICLE,1,33258,Cross intersection,3,60,Arterial Other,SEAFORD,FRANKSTON,-38.1097,145.14201,2020,1,January,10,Midday,Weekday
T20200000467,2020-01-06,19:00:00,1,Collision with vehicle,1,Monday,131,LEFT REAR,2,661860,Y intersection,3,60,Local Road,KENNEDY,HEPBURN,-37.40825,143.88016,2020,1,January,19,Night,Weekday
T20200000319,2020-01-06,01:00:00,4,Collision with a fixed object,1,Monday,183,OFF LEFT BEND INTO OBJECT/PARKED VEHICLE,5,619670,Not at intersection,2,60,Arterial Other,CLEGG,YARRA RANGES,-37.78283,145.40833,2020,1,January,1,Late Night,Weekday
T20200000433,2020-01-07,10:55:00,2,Struck Pedestrian,2,Tuesday,106,VEH STRIKES PED ON FOOTPATH/MEDIAN/TRAFFIC ISLAND.,1,634131,Not at intersection,2,50,Local Road,ABECKETT,BASS COAST,-38.633907,145.72853,2020,1,January,10,Midday,Weekday
T20200000428,2020-01-07,11:05:00,6,Vehicle overturned (no collision),2,Tuesday,172,OFF CARRIAGEWAY TO RIGHT,1,731007,Not at intersection,2,70,Local Road,HALL,FRANKSTON,-38.10235,145.19571,2020,1,January,11,Midday,Weekday
T20200000424,2020-01-07,10:17:00,4,Collision with a fixed object,2,Tuesday,173,RIGHT OFF CARRIAGEWAY INTO OBJECT/PARKED VEHICLE,1,638457,Not at intersection,2,60,Arterial Other,THOMPSON,GEELONG,-38.090916,144.34726,2020,1,January,10,Midday,Weekday
T20200000420,2020-01-07,10:35:00,1,Collision with vehicle,2,Tuesday,113,RIGHT NEAR (INTERSECTIONS ONLY),1,36368,T intersection,3,40,Local Road,NEILL,MELBOURNE,-37.79462,144.97101,2020,1,January,10,Midday,Weekday
T20200002922,2020-01-07,11:15:00,1,Collision with vehicle,2,Tuesday,148,VEHICLE OFF FOOTPATH STRIKES VEH ON CARRIAGEWAY,1,1106,T intersection,3,50,Arterial Highway,POINT NEPEAN,MORNINGTON PENINSULA,-38.370663,144.82472,2020,1,January,11,Midday,Weekday
T20200001311,2020-01-07,11:10:00,1,Collision with vehicle,2,Tuesday,121,RIGHT THROUGH,1,35628,Cross intersection,3,80,Arterial Other,HUTTON,DANDENONG,-38.012707,145.15924,2020,1,January,11,Midday,Weekday
T20200000408,2020-01-07,05:15:00,4,Collision with a fixed object,2,Tuesday,171,LEFT OFF CARRIAGEWAY INTO OBJECT/PARKED VEHICLE,3,641873,Not at intersection,2,60,Arterial Other,STATION,BRIMBANK,-37.774654,144.77417,2020,1,January,5,Morning Peak,Weekday
T20200000506,2020-01-07,18:55:00,1,Collision with vehicle,2,Tuesday,130,REAR END(VEHICLES IN SAME LANE),1,616776,Not at intersection,3,80,Arterial Other,MICKLEHAM,HUME,-37.664177,144.8847,2020,1,January,18,Afternoon Peak,Weekday
T20200004058,2020-01-07,11:45:00,1,Collision with vehicle,2,Tuesday,135,LANE CHANGE LEFT (NOT OVERTAKING),1,636507,Not at intersection,3,40,Freeway,WEST GATE IN-MILLERS,HOBSONS BAY,-37.824753,144.84486,2020,1,January,11,Midday,Weekday
T20200000477,2020-01-07,17:35:00,1,Collision with vehicle,2,Tuesday,154,PULLING OUT -REAR END,1,641282,Not at intersection,2,70,Arterial Other,BALLARAT-BURRUMBEET,BALLARAT,-37.560238,143.8786,2020,1,January,17,Afternoon Peak,Weekday
T20200000475,2020-01-07,17:29:00,4,Collision with a fixed object,2,Tuesday,175,OFF END OF ROAD/T-INTERSECTION.,1,664327,T intersection,2,50,Local Road,KILBURN,CARDINIA,-38.06716,145.45537,2020,1,January,17,Afternoon Peak,Weekday
T20200000472,2020-01-07,17:30:00,1,Collision with vehicle,2,Tuesday,130,REAR END(VEHICLES IN SAME LANE),1,657151,Not at intersection,3,100,Arterial Highway,SOUTH GIPPSLAND,SOUTH GIPPSLAND,-38.620094,146.15121,2020,1,January,17,Afternoon Peak,Weekday
T20200000470,2020-01-07,20:41:00,4,Collision with a fixed object,2,Tuesday,171,LEFT OFF CARRIAGEWAY INTO OBJECT/PARKED VEHICLE,3,618201,Not at intersection,2,70,Arterial Other,CAMP,HUME,-37.687748,144.94043,2020,1,January,20,Night,Weekday
T20200000843,2020-01-07,10:30:00,1,Collision with vehicle,2,Tuesday,131,LEFT REAR,1,657153,T intersection,3,100,Arterial Other,STRATFORD-MAFFRA,WELLINGTON,-37.977615,147.03517,2020,1,January,10,Midday,Weekday
T20200000461,2020-01-07,15:40:00,4,Collision with a fixed object,2,Tuesday,171,LEFT OFF CARRIAGEWAY INTO OBJECT/PARKED VEHICLE,1,616772,Not at intersection,3,60,Local Road,HALTON,DANDENONG,-37.95649,145.20622,2020,1,January,15,Afternoon Peak,Weekday
T20200000736,2020-01-07,18:20:00,1,Collision with vehicle,2,Tuesday,130,REAR END(VEHICLES IN SAME LANE),1,773463,Not at intersection,3,80,Arterial Other,FERNTREE GULLY,KNOX,-37.899117,145.23276,2020,1,January,18,Afternoon Peak,Weekday
T20200000457,2020-01-07,17:50:00,1,Collision with vehicle,2,Tuesday,130,REAR END(VEHICLES IN SAME LANE),1,46314,T intersection,3,60,Local Road,CHERYL,MELTON,-37.705666,144.57455,2020,1,January,17,Afternoon Peak,Weekday
T20200000454,2020-01-07,17:00:00,4,Collision with a fixed object,2,Tuesday,183,OFF LEFT BEND INTO OBJECT/PARKED VEHICLE,1,657150,Cross intersection,2,70,Arterial Highway,MELBOURNE,GEELONG,-38.11267,144.3546,2020,1,January,17,Afternoon Peak,Weekday
T20200000450,2020-01-07,15:30:00,1,Collision with vehicle,2,Tuesday,130,REAR END(VEHICLES IN SAME LANE),1,617341,Not at intersection,2,100,Freeway,WESTERN RING,BRIMBANK,-37.71561,144.87581,2020,1,January,15,Afternoon Peak,Weekday
T20200000443,2020-01-07,10:00:00,1,Collision with vehicle,2,Tuesday,121,RIGHT THROUGH,1,29830,T intersection,3,60,Arterial Other,PASCOE VALE,MOONEE VALLEY,-37.75152,144.92534,2020,1,January,10,Midday,Weekday
T20200000442,2020-01-07,14:14:00,1,Collision with vehicle,2,Tuesday,110,CROSS TRAFFIC(INTERSECTIONS ONLY),1,73897,Cross intersection,2,50,Local Road,SIMPSON,WARRNAMBOOL,-38.386593,142.5115,2020,1,January,14,Midday,Weekday
T20200000440,2020-01-07,13:45:00,1,Collision with vehicle,2,Tuesday,131,LEFT REAR,1,662047,Not at intersection,3,60,Arterial Other,ASCOT VALE,MOONEE VALLEY,-37.774364,144.92361,2020,1,January,13,Midday,Weekday
T20200000438,2020-01-07,13:43:00,1,Collision with vehicle,2,Tuesday,160,VEHICLE COLLIDES WITH VEHICLE PARKED ON LEFT OF ROAD,1,616482,Not at intersection,3,50,Local Road,MASON,MORNINGTON PENINSULA,-38.325382,144.98003,2020,1,January,13,Midday,Weekday
T20200000478,2020-01-07,04:05:00,4,Collision with a fixed object,2,Tuesday,175,OFF END OF ROAD/T-INTERSECTION.,5,622961,T intersection,3,100,Local Road,MASONS,WANGARATTA,-36.329136,146.54948,2020,1,January,4,Late Night,Weekday
T20200000558,2020-01-08,21:05:00,1,Collision with vehicle,3,Wednesday,121,RIGHT THROUGH,3,311985,T intersection,3,60,Arterial Highway,ELIZABETH,SOUTH GIPPSLAND,-38.42829,145.82057,2020,1,January,21,Night,Weekday
T20200000559,2020-01-08,19:28:00,1,Collision with vehicle,3,Wednesday,113,RIGHT NEAR (INTERSECTIONS ONLY),1,35666,T intersection,3,60,Arterial Other,PRINCES,WYNDHAM,-37.898724,144.67021,2020,1,January,19,Night,Weekday
T20200000560,2020-01-08,21:37:00,1,Collision with vehicle,3,Wednesday,110,CROSS TRAFFIC(INTERSECTIONS ONLY),3,66814,Cross intersection,3,50,Local Road,GORDON,HOBSONS BAY,-37.83878,144.86678,2020,1,January,21,Night,Weekday
T20200000563,2020-01-08,00:18:00,4,Collision with a fixed object,3,Wednesday,173,RIGHT OFF CARRIAGEWAY INTO OBJECT/PARKED VEHICLE,3,652162,Not at intersection,2,70,Arterial Highway,DANDENONG,STONNINGTON,-37.86846,145.03139,2020,1,January,0,Late Night,Weekday
T20200000484,2020-01-08,00:40:00,6,Vehicle overturned (no collision),3,Wednesday,172,OFF CARRIAGEWAY TO RIGHT,6,627700,Not at intersection,1,60,Arterial Highway,MALDON,MOUNT ALEXANDER,-37.069054,144.19507,2020,1,January,0,Late Night,Weekday
T20200000485,2020-01-08,01:50:00,1,Collision with vehicle,3,Wednesday,160,VEHICLE COLLIDES WITH VEHICLE PARKED ON LEFT OF ROAD,3,756375,Not at intersection,3,50,Local Road,EIGHTH,MILDURA,-34.17696,142.15295,2020,1,January,1,Late Night,Weekday
T20200000544,2020-01-08,17:10:00,1,Collision with vehicle,3,Wednesday,113,RIGHT NEAR (INTERSECTIONS ONLY),1,42636,T intersection,3,60,Local Road,BRADY,DANDENONG,-37.953484,145.20792,2020,1,January,17,Afternoon Peak,Weekday
T20200000553,2020-01-08,15:45:00,1,Collision with vehicle,3,Wednesday,135,LANE CHANGE LEFT (NOT OVERTAKING),1,636484,T intersection,2,80,Arterial Other,COMMERCIAL,BRIMBANK,-37.732494,144.8509,2020,1,January,15,Afternoon Peak,Weekday
T20200000561,2020-01-08,22:35:00,4,Collision with a fixed object,3,Wednesday,173,RIGHT OFF CARRIAGEWAY INTO OBJECT/PARKED VEHICLE,3,662122,Not at intersection,2,100,Freeway,WESTERN RING,BRIMBANK,-37.73006,144.85646,2020,1,January,22,Night,Weekday
T20200000515,2020-01-08,12:22:00,1,Collision with vehicle,3,Wednesday,147,VEHICLE STRIKES ANOTHER VEH WHILE EMERGING FROM DRIVEWAY,1,617059,Not at intersection,3,40,Arterial Other,WHITEHORSE,BOROONDARA,-37.812233,145.07626,2020,1,January,12,Midday,Weekday
T20200000548,2020-01-08,19:00:00,1,Collision with vehicle,3,Wednesday,131,LEFT REAR,1,57576,T intersection,3,60,Arterial Highway,WELLINGTON,MONASH,-37.921875,145.1863,2020,1,January,19,Night,Weekday
T20200000551,2020-01-08,18:22:00,1,Collision with vehicle,3,Wednesday,130,REAR END(VEHICLES IN SAME LANE),9,309218,Cross intersection,3,80,Arterial Highway,PRINCES,DANDENONG,-37.93314,145.15654,2020,1,January,18,Afternoon Peak,Weekday
T20200000519,2020-01-08,13:00:00,1,Collision with vehicle,3,Wednesday,121,RIGHT THROUGH,1,331667,Cross intersection,3,60,Arterial Highway,NEPEAN,FRANKSTON,-38.140194,145.12231,2020,1,January,13,Midday,Weekday
T20200000555,2020-01-08,19:30:00,4,Collision with a fixed object,3,Wednesday,146,REVERSING INTO FIXED OBJECT/PARKED VEHICLE,1,617625,Not at intersection,3,50,Local Road,CADLES,FRANKSTON,-38.093975,145.18744,2020,1,January,19,Night,Weekday
T20200000556,2020-01-08,21:30:00,7,Fall from or in moving vehicle,3,Wednesday,190,FELL IN/FROM VEHICLE,3,620561,Not at intersection,2,50,Local Road,WHARPARILLA,CAMPASPE,-36.10591,144.71645,2020,1,January,21,Night,Weekday
T20200000557,2020-01-08,21:00:00,4,Collision with a fixed object,3,Wednesday,171,LEFT OFF CARRIAGEWAY INTO OBJECT/PARKED VEHICLE,3,617918,Not at intersection,3,50,Local Road,LITHGOW,MITCHELL,-37.471535,144.95537,2020,1,January,21,Night,Weekday
T20200000504,2020-01-08,08:30:00,1,Collision with vehicle,3,Wednesday,121,RIGHT THROUGH,1,617917,T intersection,3,50,Local Road,JENOLA,KNOX,-37.87433,145.22217,2020,1,January,8,Morning Peak,Weekday
T20200000536,2020-01-08,16:45:00,4,Collision with a fixed object,3,Wednesday,171,LEFT OFF CARRIAGEWAY INTO OBJECT/PARKED VEHICLE,1,628638,Not at intersection,2,50,Local Road,LAWSON,MOUNT ALEXANDER,-37.049362,144.22714,2020,1,January,16,Afternoon Peak,Weekday
T20200000521,2020-01-08,11:07:00,4,Collision with a fixed object,3,Wednesday,173,RIGHT OFF CARRIAGEWAY INTO OBJECT/PARKED VEHICLE,1,619373,Cross intersection,2,50,Local Road,STATION,FRANKSTON,-38.10345,145.12833,2020,1,January,11,Midday,Weekday
T20200000491,2020-01-08,08:30:00,1,Collision with vehicle,3,Wednesday,137,LEFT TURN SIDESWIPE,1,46158,Cross intersection,2,40,Arterial Other,ST KILDA,PORT PHILLIP,-37.83281,144.97224,2020,1,January,8,Morning Peak,Weekday
T20200000523,2020-01-08,13:54:00,1,Collision with vehicle,3,Wednesday,160,VEHICLE COLLIDES WITH VEHICLE PARKED ON LEFT OF ROAD,1,617342,Not at intersection,3,50,Local Road,SCAMMEL,HUME,-37.646267,144.94446,2020,1,January,13,Midday,Weekday
T20200000527,2020-01-08,13:08:00,1,Collision with vehicle,3,Wednesday,110,CROSS TRAFFIC(INTERSECTIONS ONLY),1,29646,Cross intersection,1,60,Arterial Other,NEERIM,GLEN EIRA,-37.88727,145.04613,2020,1,January,13,Midday,Weekday
T20200000531,2020-01-08,15:51:00,1,Collision with vehicle,3,Wednesday,121,RIGHT THROUGH,1,41389,T intersection,3,60,Arterial Highway,NORTH,GLEN EIRA,-37.9042,145.04248,2020,1,January,15,Afternoon Peak,Weekday
T20200000539,2020-01-08,16:15:00,6,Vehicle overturned (no collision),3,Wednesday,182,OFF CARRIAGEWAY ON LEFT BEND,1,635685,Not at intersection,2,80,Arterial Other,GEMBROOK-LAUNCHING PLACE,YARRA RANGES,-37.80655,145.58807,2020,1,January,16,Afternoon Peak,Weekday
T20200000540,2020-01-08,12:50:00,4,Collision with a fixed object,3,Wednesday,164,PERMANENT OBSTRUCTION ON CARRIAGEWAY,1,41714,T intersection,3,60,Arterial Other,STEPHENSONS,MONASH,-37.874947,145.1292,2020,1,January,12,Midday,Weekday
T20200000542,2020-01-08,17:30:00,1,Collision with vehicle,3,Wednesday,113,RIGHT NEAR (INTERSECTIONS ONLY),1,36794,Cross intersection,3,60,Arterial Highway,FOOTSCRAY ROAD -WURUNDJERI,MELBOURNE,-37.812824,144.94296,2020,1,January,17,Afternoon Peak,Weekday
T20200000524,2020-01-08,14:00:00,1,Collision with vehicle,3,Wednesday,130,REAR END(VEHICLES IN SAME LANE),1,662114,Not at intersection,2,80,Arterial Highway,STATE (BELL/SPRINGVALE),MONASH,-37.91485,145.15938,2020,1,January,14,Midday,Weekday
T20200000566,2020-01-08,17:40:00,1,Collision with vehicle,3,Wednesday,140,U TURN,1,657242,Not at intersection,3,60,Arterial Other,BOUNDARY,MELBOURNE,-37.788387,144.9402,2020,1,January,17,Afternoon Peak,Weekday
T20200000579,2020-01-09,10:40:00,1,Collision with vehicle,4,Thursday,150,HEAD ON(OVERTAKING),1,646518,Not at intersection,2,100,Arterial Highway,PRINCES,EAST GIPPSLAND,-37.84664,147.56963,2020,1,January,10,Midday,Weekday
T20200000627,2020-01-09,22:00:00,1,Collision with vehicle,4,Thursday,121,RIGHT THROUGH,3,304636,Cross intersection,3,50,Local Road,AITKEN,HUME,-37.616432,144.91342,2020,1,January,22,Night,Weekday
T20200000571,2020-01-09,08:54:00,1,Collision with vehicle,4,Thursday,130,REAR END(VEHICLES IN SAME LANE),1,326111,T intersection,3,60,Local Road,SAYERS,WYNDHAM,-37.847443,144.67892,2020,1,January,8,Morning Peak,Weekday
T20200000624,2020-01-09,21:20:00,1,Collision with vehicle,4,Thursday,130,REAR END(VEHICLES IN SAME LANE),3,652896,Not at intersection,2,80,Arterial Highway,DANDENONG,STONNINGTON,-37.884586,145.06631,2020,1,January,21,Night,Weekday
T20200000575,2020-01-09,10:10:00,1,Collision with vehicle,4,Thursday,110,CROSS TRAFFIC(INTERSECTIONS ONLY),1,36851,Cross intersection,3,40,Local Road,LITTLE BOURKE,MELBOURNE,-37.814693,144.95776,2020,1,January,10,Midday,Weekday
T20200001989,2020-01-09,09:30:00,1,Collision with vehicle,4,Thursday,130,REAR END(VEHICLES IN SAME LANE),1,622669,Cross intersection,3,80,Arterial Other,GREENS,DANDENONG,-38.01254,145.19623,2020,1,January,9,Morning Peak,Weekday
T20200000621,2020-01-09,19:54:00,4,Collision with a fixed object,4,Thursday,171,LEFT OFF CARRIAGEWAY INTO OBJECT/PARKED VEHICLE,1,662320,Not at intersection,2,100,Local Road,WONWONDAH-DADSWELLS BRIDGE,HORSHAM,-36.85587,142.38974,2020,1,January,19,Night,Weekday
T20200000618,2020-01-09,15:00:00,2,Struck Pedestrian,4,Thursday,102,FAR SIDE. PED HIT BY VEHICLE FROM THE LEFT,1,42074,Cross intersection,2,50,Local Road,OLIVE,MORELAND,-37.729267,144.94133,2020,1,January,15,Afternoon Peak,Weekday
T20200000614,2020-01-09,17:30:00,1,Collision with vehicle,4,Thursday,135,LANE CHANGE LEFT (NOT OVERTAKING),1,662323,Not at intersection,3,60,Arterial Highway,NEPEAN,KINGSTON,-38.03975,145.1092,2020,1,January,17,Afternoon Peak,Weekday
T20200000613,2020-01-09,17:20:00,1,Collision with vehicle,4,Thursday,121,RIGHT THROUGH,1,1190,Cross intersection,3,60,Local Road,BARRABOOL,GEELONG,-38.16758,144.35065,2020,1,January,17,Afternoon Peak,Weekday
T20200001088,2020-01-09,16:00:00,1,Collision with vehicle,4,Thursday,110,CROSS TRAFFIC(INTERSECTIONS ONLY),1,58190,Cross intersection,3,100,Local Road,DEAKIN,MILDURA,-34.251762,142.08182,2020,1,January,16,Afternoon Peak,Weekday
T20200001332,2020-01-09,16:45:00,1,Collision with vehicle,4,Thursday,130,REAR END(VEHICLES IN SAME LANE),1,625156,Not at intersection,3,60,Arterial Highway,NUMURKAH,SHEPPARTON,-36.359585,145.40204,2020,1,January,16,Afternoon Peak,Weekday
T20200000602,2020-01-09,13:34:00,1,Collision with vehicle,4,Thursday,173,RIGHT OFF CARRIAGEWAY INTO OBJECT/PARKED VEHICLE,1,617345,Not at intersection,3,50,Local Road,BRADY,GLEN EIRA,-37.93012,145.06635,2020,1,January,13,Midday,Weekday
T20200001528,2020-01-09,20:30:00,1,Collision with vehicle,4,Thursday,153,CUTTING IN (OVERTAKING),9,662502,Not at intersection,3,40,Local Road,GLEN HUNTLY,GLEN EIRA,-37.888916,145.03796,2020,1,January,20,Night,Weekday
T20200001186,2020-01-09,16:40:00,1,Collision with vehicle,4,Thursday,130,REAR END(VEHICLES IN SAME LANE),1,661459,Not at intersection,3,80,Arterial Other,CRANBOURNE-FRANKSTON,CASEY,-38.133713,145.22878,2020,1,January,16,Afternoon Peak,Weekday
T20200000597,2020-01-09,14:15:00,4,Collision with a fixed object,4,Thursday,171,LEFT OFF CARRIAGEWAY INTO OBJECT/PARKED VEHICLE,1,637160,Not at intersection,3,70,Arterial Other,SYDNEY,MORELAND,-37.705956,144.9606,2020,1,January,14,Midday,Weekday
T20200000935,2020-01-09,17:20:00,6,Vehicle overturned (no collision),4,Thursday,170,OFF CARRIAGEWAY TO LEFT,1,650868,Not at intersection,2,100,Arterial Other,SEA LAKE-SWAN HILL,SWAN HILL,-35.43298,143.29959,2020,1,January,17,Afternoon Peak,Weekday
T20200000569,2020-01-09,08:25:00,2,Struck Pedestrian,4,Thursday,109,ANY MANOEUVRE INVOLVING PED NOT INCLUDED IN DCAs 100-108.,1,619082,Cross intersection,2,60,Arterial Other,PLENTY,DAREBIN,-37.734447,145.01366,2020,1,January,8,Morning Peak,Weekday
T20200012718,2020-01-09,12:00:00,1,Collision with vehicle,4,Thursday,134,LANE CHANGE RIGHT (NOT OVERTAKING),1,656717,Not at intersection,3,80,Freeway,MONASH,MONASH,-37.930885,145.18661,2020,1,January,12,Midday,Weekday
T20200000608,2020-01-09,11:42:00,1,Collision with vehicle,4,Thursday,110,CROSS TRAFFIC(INTERSECTIONS ONLY),1,50669,Cross intersection,3,50,Local Road,BOTANIC,WARRNAMBOOL,-38.372643,142.4827,2020,1,January,11,Midday,Weekday
T20200000607,2020-01-09,18:10:00,1,Collision with vehicle,4,Thursday,130,REAR END(VEHICLES IN SAME LANE),1,44174,Cross intersection,3,60,Local Road,EASTBOURNE,MORNINGTON PENINSULA,-38.367947,144.9087,2020,1,January,18,Afternoon Peak,Weekday
T20200001359,2020-01-09,14:40:00,1,Collision with vehicle,4,Thursday,130,REAR END(VEHICLES IN SAME LANE),1,649974,Cross intersection,3,100,Arterial Highway,GOULBURN VALLEY,MOIRA,-35.849518,145.55954,2020,1,January,14,Midday,Weekday
T20200000585,2020-01-09,13:26:00,1,Collision with vehicle,4,Thursday,148,VEHICLE OFF FOOTPATH STRIKES VEH ON CARRIAGEWAY,1,617344,Not at intersection,3,60,Arterial Highway,CHAPEL,BENDIGO,-36.758194,144.28734,2020,1,January,13,Midday,Weekday
T20200000628,2020-01-10,01:58:00,4,Collision with a fixed object,5,Friday,173,RIGHT OFF CARRIAGEWAY INTO OBJECT/PARKED VEHICLE,3,638458,Not at intersection,2,60,Local Road,FERGUSON,BAYSIDE,-37.910545,145.00783,2020,1,January,1,Late Night,Weekday
T20200000659,2020-01-10,12:55:00,1,Collision with vehicle,5,Friday,130,REAR END(VEHICLES IN SAME LANE),1,640628,Not at intersection,3,60,Arterial Other,RALEIGH,MOONEE VALLEY,-37.770054,144.90114,2020,1,January,12,Midday,Weekday
T20200000728,2020-01-10,18:00:00,1,Collision with vehicle,5,Friday,130,REAR END(VEHICLES IN SAME LANE),1,619674,Not at intersection,3,100,Freeway,EASTLINK,DANDENONG,-38.03465,145.18947,2020,1,January,18,Afternoon Peak,Weekday
T20200000665,2020-01-10,14:50:00,1,Collision with vehicle,5,Friday,130,REAR END(VEHICLES IN SAME LANE),1,729111,Not at intersection,2,100,Freeway,EASTLINK,FRANKSTON,-38.087975,145.16487,2020,1,January,14,Midday,Weekday
T20200000822,2020-01-10,18:37:00,6,Vehicle overturned (no collision),5,Friday,172,OFF CARRIAGEWAY TO RIGHT,2,773363,Not at intersection,3,60,Local Road,GLASSCOCKS,DANDENONG,-38.06193,145.235,2020,1,January,18,Afternoon Peak,Weekday
T20200000666,2020-01-10,08:55:00,1,Collision with vehicle,5,Friday,121,RIGHT THROUGH,1,624174,T intersection,2,80,Arterial Highway,MURRAY VALLEY,MOIRA,-36.01152,146.02486,2020,1,January,8,Morning Peak,Weekday
T20200000670,2020-01-10,16:00:00,1,Collision with vehicle,5,Friday,130,REAR END(VEHICLES IN SAME LANE),1,623581,Not at intersection,3,70,Arterial Other,SYDNEY,HUME,-37.685226,144.95772,2020,1,January,16,Afternoon Peak,Weekday
T20200000673,2020-01-10,17:07:00,1,Collision with vehicle,5,Friday,113,RIGHT NEAR (INTERSECTIONS ONLY),2,341923,T intersection,2,80,Local Road,KURRAJONG,CASEY,-38.00207,145.31175,2020,1,January,17,Afternoon Peak,Weekday
T20200000677,2020-01-10,17:20:00,1,Collision with vehicle,5,Friday,110,CROSS TRAFFIC(INTERSECTIONS ONLY),1,19447,Cross intersection,3,100,Arterial Other,STRATHFIELDSAYE,BENDIGO,-36.81139,144.395,2020,1,January,17,Afternoon Peak,Weekday
T20200010159,2020-01-10,17:45:00,1,Collision with vehicle,5,Friday,130,REAR END(VEHICLES IN SAME LANE),2,653839,Not at intersection,3,60,Arterial Highway,HIGH,MITCHELL,-37.418285,144.97897,2020,1,January,17,Afternoon Peak,Weekday
T20200000857,2020-01-10,17:40:00,6,Vehicle overturned (no collision),5,Friday,172,OFF CARRIAGEWAY TO RIGHT,1,662586,Not at intersection,3,70,Arterial Highway,DANDENONG,STONNINGTON,-37.85893,145.00183,2020,1,January,17,Afternoon Peak,Weekday
T20200000681,2020-01-10,18:30:00,4,Collision with a fixed object,5,Friday,181,OFF RIGHT BEND INTO OBJECT/PARKED VEHICLE,1,662505,Not at intersection,3,80,Local Road,OGRADYS,MITCHELL,-37.288757,144.9793,2020,1,January,18,Afternoon Peak,Weekday
T20200000702,2020-01-10,21:35:00,1,Collision with vehicle,5,Friday,120,HEAD ON (NOT OVERTAKING),3,631866,Not at intersection,2,50,Arterial Other,GRANGE,DAREBIN,-37.76873,145.02696,2020,1,January,21,Night,Weekday
T20200000703,2020-01-10,21:51:00,1,Collision with vehicle,5,Friday,120,HEAD ON (NOT OVERTAKING),5,622055,Not at intersection,3,100,Arterial Other,MAIN NEERIM,BAW BAW,-38.062527,145.93286,2020,1,January,21,Night,Weekday
T20200002812,2020-01-10,16:50:00,1,Collision with vehicle,5,Friday,132,RIGHT REAR.,1,60111,T intersection,3,60,Arterial Highway,DUKE,MOUNT ALEXANDER,-37.070496,144.22673,2020,1,January,16,Afternoon Peak,Weekday
T20200000708,2020-01-10,21:51:00,4,Collision with a fixed object,5,Friday,171,LEFT OFF CARRIAGEWAY INTO OBJECT/PARKED VEHICLE,3,773462,Not at intersection,3,60,Arterial Highway,BELL,DAREBIN,-37.743004,144.9828,2020,1,January,21,Night,Weekday
T20200000709,2020-01-10,23:30:00,6,Vehicle overturned (no collision),5,Friday,175,OFF END OF ROAD/T-INTERSECTION.,5,631541,T intersection,2,100,Local Road,HEATH,GLENELG,-38.314938,141.52625,2020,1,January,23,Night,Weekday
T20200000710,2020-01-10,23:17:00,1,Collision with vehicle,5,Friday,173,RIGHT OFF CARRIAGEWAY INTO OBJECT/PARKED VEHICLE,3,48560,Y intersection,3,100,Freeway,WESTERN RING,BRIMBANK,-37.758,144.82274,2020,1,January,23,Night,Weekday
T20200000720,2020-01-10,13:40:00,1,Collision with vehicle,5,Friday,121,RIGHT THROUGH,1,317074,T intersection,3,60,Arterial Other,TRUGANINA-SEABROOK,MELTON,-37.797977,144.75227,2020,1,January,13,Midday,Weekday
T20200000631,2020-01-10,06:50:00,1,Collision with vehicle,5,Friday,140,U TURN,1,629974,Cross intersection,3,70,Local Road,TAYLORS,BRIMBANK,-37.72749,144.78156,2020,1,January,6,Morning Peak,Weekday
T20200000633,2020-01-10,07:00:00,1,Collision with vehicle,5,Friday,140,U TURN,1,617346,Not at intersection,2,70,Arterial Highway,WARRIGAL,KINGSTON,-37.948544,145.07774,2020,1,January,7,Morning Peak,Weekday