ACCIDENT_NO,ACCIDENT_DATE,ACCIDENT_TIME,ACCIDENT_TYPE,ACCIDENT_TYPE_DESC,DAY_OF_WEEK,DAY_WEEK_DESC,DCA_CODE,DCA_DESC,LIGHT_CONDITION,NODE_ID,ROAD_GEOMETRY_DESC,SEVERITY,SPEED_ZONE,RMA,ROAD_NAME,LGA_NAME,LATITUDE,LONGITUDE,YEAR,MONTH,MONTH_NAME,HOUR,TIME_PERIOD,DAY_TYPE
T20200000634,2020-01-10,07:28:00,2,Struck Pedestrian,5,Friday,100,PED NEAR SIDE. PED HIT BY VEHICLE FROM THE RIGHT.,1,619374,Cross intersection,2,60,Arterial Highway,PUNT,YARRA,-37.82455,144.98886,2020,1,January,7,Morning Peak,Weekday
T20200000639,2020-01-10,10:10:00,1,Collision with vehicle,5,Friday,147,VEHICLE STRIKES ANOTHER VEH WHILE EMERGING FROM DRIVEWAY,1,662508,Not at intersection,2,60,Arterial Other,SEA LAKE-SWAN HILL,SWAN HILL,-35.34204,143.53442,2020,1,January,10,Midday,Weekday
T20200003295,2020-01-10,20:15:00,1,Collision with vehicle,5,Friday,113,RIGHT NEAR (INTERSECTIONS ONLY),2,43861,Cross intersection,3,50,Arterial Other,GREAVES,CASEY,-38.056866,145.31456,2020,1,January,20,Night,Weekday
T20200000640,2020-01-10,09:10:00,1,Collision with vehicle,5,Friday,120,HEAD ON (NOT OVERTAKING),1,618203,Not at intersection,3,100,Arterial Highway,HENTY,YARRIAMBIACK,-36.403584,142.39285,2020,1,January,9,Morning Peak,Weekday
T20200001485,2020-01-10,18:00:00,1,Collision with vehicle,5,Friday,130,REAR END(VEHICLES IN SAME LANE),2,662587,Not at intersection,3,80,Arterial Highway,WELLINGTON,MONASH,-37.91927,145.1633,2020,1,January,18,Afternoon Peak,Weekday
T20200002426,2020-01-10,16:00:00,1,Collision with vehicle,5,Friday,130,REAR END(VEHICLES IN SAME LANE),1,773247,Not at intersection,2,80,Arterial Highway,FRANKSTON-DANDENONG,FRANKSTON,-38.100502,145.17195,2020,1,January,16,Afternoon Peak,Weekday
T20200000651,2020-01-10,07:45:00,4,Collision with a fixed object,5,Friday,173,RIGHT OFF CARRIAGEWAY INTO OBJECT/PARKED VEHICLE,1,773362,Not at intersection,3,100,Freeway,MONASH,MONASH,-37.915398,145.16878,2020,1,January,7,Morning Peak,Weekday
T20200000652,2020-01-10,12:00:00,2,Struck Pedestrian,5,Friday,100,PED NEAR SIDE. PED HIT BY VEHICLE FROM THE RIGHT.,1,331155,Cross intersection,2,60,Freeway,BATMAN,MELBOURNE,-37.82338,144.97858,2020,1,January,12,Midday,Weekday
T20200003625,2020-01-10,15:30:00,4,Collision with a fixed object,5,Friday,171,LEFT OFF CARRIAGEWAY INTO OBJECT/PARKED VEHICLE,1,728918,Not at intersection,3,50,Local Road,TORWOOD,MONASH,-37.881638,145.18718,2020,1,January,15,Afternoon Peak,Weekday
T20200000679,2020-01-10,15:11:00,1,Collision with vehicle,5,Friday,132,RIGHT REAR.,1,58056,T intersection,2,90,Arterial Other,KOO WEE RUP,CARDINIA,-38.1396,145.48863,2020,1,January,15,Afternoon Peak,Weekday
T20200000682,2020-01-10,17:47:00,6,Vehicle overturned (no collision),5,Friday,182,OFF CARRIAGEWAY ON LEFT BEND,1,617767,Multiple intersection,3,100,Local Road,BENDIGO-SUTTON GRANGE,MOUNT ALEXANDER,-37.088104,144.34698,2020,1,January,17,Afternoon Peak,Weekday
T20200000913,2020-01-10,16:50:00,1,Collision with vehicle,5,Friday,111,RIGHT FAR (INTERSECTIONS ONLY),1,662509,T intersection,3,60,Arterial Other,POINT COOK,WYNDHAM,-37.90175,144.75328,2020,1,January,16,Afternoon Peak,Weekday
T20200000686,2020-01-10,17:30:00,1,Collision with vehicle,5,Friday,121,RIGHT THROUGH,2,65471,Cross intersection,2,60,Local Road,LEICESTER,MELBOURNE,-37.80423,144.9603,2020,1,January,17,Afternoon Peak,Weekday
T20200000688,2020-01-10,14:00:00,1,Collision with vehicle,5,Friday,160,VEHICLE COLLIDES WITH VEHICLE PARKED ON LEFT OF ROAD,1,625464,Not at intersection,3,50,Local Road,KANOOKA,KNOX,-37.857075,145.25302,2020,1,January,14,Midday,Weekday
T20200000691,2020-01-10,18:56:00,4,Collision with a fixed object,5,Friday,173,RIGHT OFF CARRIAGEWAY INTO OBJECT/PARKED VEHICLE,2,621760,Not at intersection,3,70,Arterial Other,NARRACAN,LATROBE,-38.18068,146.27287,2020,1,January,18,Afternoon Peak,Weekday
T20200004491,2020-01-10,09:00:00,1,Collision with vehicle,5,Friday,113,RIGHT NEAR (INTERSECTIONS ONLY),1,52558,T intersection,3,60,Arterial Highway,JACARANDA,MILDURA,-34.307083,142.18654,2020,1,January,9,Morning Peak,Weekday
T20200000692,2020-01-10,19:22:00,1,Collision with vehicle,5,Friday,130,REAR END(VEHICLES IN SAME LANE),1,618508,Not at intersection,2,40,Arterial Other,MAIN,MORNINGTON PENINSULA,-38.216526,145.0366,2020,1,January,19,Night,Weekday
T20200000693,2020-01-10,16:29:00,1,Collision with vehicle,5,Friday,113,RIGHT NEAR (INTERSECTIONS ONLY),1,653193,T intersection,2,60,Arterial Other,CAMP,HUME,-37.685867,144.92468,2020,1,January,16,Afternoon Peak,Weekday
T20200000694,2020-01-10,21:00:00,4,Collision with a fixed object,5,Friday,171,LEFT OFF CARRIAGEWAY INTO OBJECT/PARKED VEHICLE,2,618205,Not at intersection,2,60,Local Road,HARVEST HOME,WHITTLESEA,-37.622704,145.02553,2020,1,January,21,Night,Weekday
T20200000695,2020-01-10,20:40:00,1,Collision with vehicle,5,Friday,110,CROSS TRAFFIC(INTERSECTIONS ONLY),3,42044,Cross intersection,3,60,Arterial Other,HAMPTON,BAYSIDE,-37.92923,145.00406,2020,1,January,20,Night,Weekday
T20200000698,2020-01-10,21:47:00,1,Collision with vehicle,5,Friday,113,RIGHT NEAR (INTERSECTIONS ONLY),3,38113,T intersection,3,60,Arterial Other,LIVINGSTONE,BANYULE,-37.767036,145.03503,2020,1,January,21,Night,Weekday
T20200000656,2020-01-10,12:50:00,1,Collision with vehicle,5,Friday,130,REAR END(VEHICLES IN SAME LANE),1,619673,Not at intersection,3,60,Arterial Highway,RAGLAN,WARRNAMBOOL,-38.382736,142.48993,2020,1,January,12,Midday,Weekday
T20200000657,2020-01-10,13:35:00,1,Collision with vehicle,5,Friday,121,RIGHT THROUGH,1,618507,Cross intersection,3,80,Local Road,CANADIAN BAY,MORNINGTON PENINSULA,-38.190903,145.0949,2020,1,January,13,Midday,Weekday
T20200000658,2020-01-10,12:43:00,1,Collision with vehicle,5,Friday,113,RIGHT NEAR (INTERSECTIONS ONLY),1,55865,T intersection,2,60,Local Road,DONALD CAMERON,HUME,-37.6217,144.93242,2020,1,January,12,Midday,Weekday
T20200000733,2020-01-11,13:15:00,1,Collision with vehicle,6,Saturday,132,RIGHT REAR.,1,618206,Not at intersection,2,60,Arterial Other,PASCOE VALE,MORELAND,-37.701782,144.91515,2020,1,January,13,Midday,Weekend
T20200003485,2020-01-11,09:30:00,1,Collision with vehicle,6,Saturday,130,REAR END(VEHICLES IN SAME LANE),1,639993,Not at intersection,3,50,Arterial Highway,DUKE,MOUNT ALEXANDER,-37.070324,144.2305,2020,1,January,9,Morning Peak,Weekend
T20200000734,2020-01-11,13:52:00,8,No collision and no object struck,6,Saturday,180,OFF CARRIAGEWAY ON RIGHT BEND,1,620876,Not at intersection,2,100,Arterial Other,TAWONGA GAP,ALPINE,-36.71616,147.10054,2020,1,January,13,Midday,Weekend
T20200000838,2020-01-11,21:36:00,1,Collision with vehicle,6,Saturday,130,REAR END(VEHICLES IN SAME LANE),6,657429,Not at intersection,3,70,Arterial Other,MICKLEHAM,HUME,-37.5926,144.8803,2020,1,January,21,Night,Weekend
T20200000752,2020-01-11,23:40:00,6,Vehicle overturned (no collision),6,Saturday,180,OFF CARRIAGEWAY ON RIGHT BEND,5,636100,Not at intersection,2,100,Arterial Other,MEENIYAN-PROMONTORY,SOUTH GIPPSLAND,-38.64784,146.0103,2020,1,January,23,Night,Weekend
T20200000826,2020-01-11,23:01:00,1,Collision with vehicle,6,Saturday,160,VEHICLE COLLIDES WITH VEHICLE PARKED ON LEFT OF ROAD,3,636103,Not at intersection,3,60,Arterial Other,HEATHERTON,DANDENONG,-37.964733,145.17099,2020,1,January,23,Night,Weekend
T20200000718,2020-01-11,03:25:00,4,Collision with a fixed object,6,Saturday,173,RIGHT OFF CARRIAGEWAY INTO OBJECT/PARKED VEHICLE,5,651067,Not at intersection,3,100,Arterial Highway,PRINCES,EAST GIPPSLAND,-37.86534,147.4939,2020,1,January,3,Late Night,Weekend
T20200000777,2020-01-11,13:30:00,5,collision with some other object,6,Saturday,166,STRUCK OBJECT ON CARRIAGEWAY,1,662588,Not at intersection,3,90,Arterial Other,WOODS POINT,YARRA RANGES,-37.599777,145.90578,2020,1,January,13,Midday,Weekend
T20200000774,2020-01-11,20:00:00,1,Collision with vehicle,6,Saturday,112,LEFT FAR (INTERSECTIONS ONLY),1,340495,Cross intersection,3,60,Local Road,HANSON,HUME,-37.5833,144.93501,2020,1,January,20,Night,Weekend
T20200000713,2020-01-11,00:50:00,1,Collision with vehicle,6,Saturday,110,CROSS TRAFFIC(INTERSECTIONS ONLY),3,329459,Cross intersection,2,60,Arterial Other,MT DERRIMUT,BRIMBANK,-37.782993,144.77307,2020,1,January,0,Late Night,Weekend
T20200000740,2020-01-11,16:00:00,4,Collision with a fixed object,6,Saturday,171,LEFT OFF CARRIAGEWAY INTO OBJECT/PARKED VEHICLE,1,646957,Not at intersection,2,60,Local Road,HIGH,MELTON,-37.685165,144.55592,2020,1,January,16,Afternoon Peak,Weekend
T20200000725,2020-01-11,07:17:00,1,Collision with vehicle,6,Saturday,121,RIGHT THROUGH,1,11180,Cross intersection,2,80,Arterial Highway,SOUTH GIPPSLAND,CASEY,-38.050434,145.2576,2020,1,January,7,Morning Peak,Weekend
T20200000888,2020-01-11,18:54:00,2,Struck Pedestrian,6,Saturday,102,FAR SIDE. PED HIT BY VEHICLE FROM THE LEFT,2,629977,T intersection,2,50,Local Road,IRVING,MARIBYRNONG,-37.801548,144.90094,2020,1,January,18,Afternoon Peak,Weekend
T20200001795,2020-01-11,22:20:00,1,Collision with vehicle,6,Saturday,130,REAR END(VEHICLES IN SAME LANE),3,662577,Not at intersection,3,100,Freeway,MONASH,CASEY,-37.971443,145.23724,2020,1,January,22,Night,Weekend
T20200000726,2020-01-11,10:30:00,1,Collision with vehicle,6,Saturday,132,RIGHT REAR.,1,57770,T intersection,2,60,Arterial Other,PLUMMER,PORT PHILLIP,-37.833286,144.92175,2020,1,January,10,Midday,Weekend
T20200000939,2020-01-11,17:00:00,1,Collision with vehicle,6,Saturday,130,REAR END(VEHICLES IN SAME LANE),1,618792,Not at intersection,3,60,Arterial Other,SAYERS,WYNDHAM,-37.848534,144.68887,2020,1,January,17,Afternoon Peak,Weekend
T20200000745,2020-01-11,19:00:00,1,Collision with vehicle,6,Saturday,132,RIGHT REAR.,2,627391,Not at intersection,2,80,Arterial Highway,MURRAY VALLEY,SWAN HILL,-35.4667,143.647,2020,1,January,19,Night,Weekend
T20200000742,2020-01-11,17:15:00,4,Collision with a fixed object,6,Saturday,175,OFF END OF ROAD/T-INTERSECTION.,1,662573,Cross intersection,2,70,Arterial Other,HIGH STREET -MELTON,MELTON,-37.691036,144.60513,2020,1,January,17,Afternoon Peak,Weekend
T20200000738,2020-01-11,14:15:00,1,Collision with vehicle,6,Saturday,120,HEAD ON (NOT OVERTAKING),1,637161,Not at intersection,2,100,Arterial Other,BRIDGEWATER-MALDON,LODDON,-36.73522,143.91414,2020,1,January,14,Midday,Weekend
T20200005432,2020-01-11,19:25:00,2,Struck Pedestrian,6,Saturday,108,PED STRUCK WALKING TO/FROM OR BOARDING/ALIGHTING VEHICLE.,2,29422,Cross intersection,3,40,Local Road,ELIZABETH,MELBOURNE,-37.8113,144.9618,2020,1,January,19,Night,Weekend
T20200000712,2020-01-11,02:15:00,1,Collision with vehicle,6,Saturday,173,RIGHT OFF CARRIAGEWAY INTO OBJECT/PARKED VEHICLE,3,662575,Not at intersection,3,60,Local Road,EYRE,BALLARAT,-37.564137,143.839,2020,1,January,2,Late Night,Weekend
T20200000757,2020-01-12,03:20:00,4,Collision with a fixed object,7,Sunday,173,RIGHT OFF CARRIAGEWAY INTO OBJECT/PARKED VEHICLE,3,662664,Not at intersection,3,80,Arterial Other,WESTALL,DANDENONG,-37.939877,145.14027,2020,1,January,3,Late Night,Weekend
T20200000756,2020-01-12,01:27:00,1,Collision with vehicle,7,Sunday,120,HEAD ON (NOT OVERTAKING),3,628639,T intersection,2,60,Local Road,MATTHEWS,MOONEE VALLEY,-37.733936,144.8894,2020,1,January,1,Late Night,Weekend
T20200000754,2020-01-12,00:05:00,2,Struck Pedestrian,7,Sunday,102,FAR SIDE. PED HIT BY VEHICLE FROM THE LEFT,3,205,Cross intersection,2,40,Local Road,LONSDALE,MELBOURNE,-37.813713,144.95732,2020,1,January,0,Late Night,Weekend
T20200000796,2020-01-12,17:37:00,1,Collision with vehicle,7,Sunday,110,CROSS TRAFFIC(INTERSECTIONS ONLY),1,50662,Cross intersection,3,50,Local Road,JULIA,GLENELG,-38.348293,141.59966,2020,1,January,17,Afternoon Peak,Weekend
T20200001063,2020-01-12,09:10:00,6,Vehicle overturned (no collision),7,Sunday,174,OUT OF CONTROL ON CARRIAGEWAY (ON STRAIGHT),1,636106,T intersection,3,80,Local Road,BALFOURS,EAST GIPPSLAND,-37.78668,147.65161,2020,1,January,9,Morning Peak,Weekend
T20200000806,2020-01-12,18:50:00,1,Collision with vehicle,7,Sunday,133,LANE SIDE SWIPE (VEHICLES IN PARALLEL LANES),1,662669,Not at intersection,3,100,Freeway,WESTERN RING,BRIMBANK,-37.8108,144.80775,2020,1,January,18,Afternoon Peak,Weekend
T20200001054,2020-01-12,16:43:00,1,Collision with vehicle,7,Sunday,121,RIGHT THROUGH,1,35078,Cross intersection,3,100,Freeway,PRINCES,CARDINIA,-38.075645,145.71494,2020,1,January,16,Afternoon Peak,Weekend
T20200004966,2020-01-12,16:20:00,1,Collision with vehicle,7,Sunday,131,LEFT REAR,1,635763,Not at intersection,3,80,Arterial Highway,DINGLEY,KINGSTON,-37.95623,145.10384,2020,1,January,16,Afternoon Peak,Weekend
T20200000804,2020-01-12,15:03:00,1,Collision with vehicle,7,Sunday,132,RIGHT REAR.,1,54444,T intersection,3,60,Arterial Other,POINT COOK,HOBSONS BAY,-37.887142,144.756,2020,1,January,15,Afternoon Peak,Weekend
T20200000800,2020-01-12,16:12:00,2,Struck Pedestrian,7,Sunday,102,FAR SIDE. PED HIT BY VEHICLE FROM THE LEFT,1,618209,Not at intersection,2,50,Local Road,CALABRESE,CASEY,-38.106895,145.32372,2020,1,January,16,Afternoon Peak,Weekend
T20200001563,2020-01-12,14:00:00,1,Collision with vehicle,7,Sunday,110,CROSS TRAFFIC(INTERSECTIONS ONLY),1,43813,Cross intersection,3,60,Local Road,BEENAK,YARRA RANGES,-37.79066,145.43617,2020,1,January,14,Midday,Weekend
T20200002200,2020-01-12,12:15:00,2,Struck Pedestrian,7,Sunday,100,PED NEAR SIDE. PED HIT BY VEHICLE FROM THE RIGHT.,1,785,Cross intersection,3,60,Arterial Other,CENTRE,KINGSTON,-37.928562,145.11906,2020,1,January,12,Midday,Weekend
T20200006221,2020-01-12,14:10:00,1,Collision with vehicle,7,Sunday,130,REAR END(VEHICLES IN SAME LANE),1,637490,Not at intersection,3,60,Arterial Highway,BELL,MORELAND,-37.741535,144.96826,2020,1,January,14,Midday,Weekend
T20200001554,2020-01-12,08:30:00,1,Collision with vehicle,7,Sunday,130,REAR END(VEHICLES IN SAME LANE),1,628338,Not at intersection,3,70,Arterial Other,CANTERBURY,WHITEHORSE,-37.836483,145.18614,2020,1,January,8,Morning Peak,Weekend
T20210013298,2020-01-12,15:00:00,6,Vehicle overturned (no collision),7,Sunday,174,OUT OF CONTROL ON CARRIAGEWAY (ON STRAIGHT),1,685882,Cross intersection,3,80,Arterial Other,DIAMOND CREEK ROAD -GREENSBOROUGH,NILLUMBIK,-37.689133,145.11288,2020,1,January,15,Afternoon Peak,Weekend
T20200000815,2020-01-12,22:20:00,1,Collision with vehicle,7,Sunday,130,REAR END(VEHICLES IN SAME LANE),5,359444,T intersection,3,50,Local Road,LONGWARRY,BAW BAW,-38.126453,145.84068,2020,1,January,22,Night,Weekend
T20200000799,2020-01-12,15:20:00,1,Collision with vehicle,7,Sunday,147,VEHICLE STRIKES ANOTHER VEH WHILE EMERGING FROM DRIVEWAY,1,620562,Not at intersection,1,80,Arterial Highway,WESTERN,HORSHAM,-36.917934,142.51427,2020,1,January,15,Afternoon Peak,Weekend
T20200000802,2020-01-12,18:25:00,1,Collision with vehicle,7,Sunday,110,CROSS TRAFFIC(INTERSECTIONS ONLY),1,41249,Cross intersection,2,60,Arterial Other,GLEN EIRA,GLEN EIRA,-37.879154,145.01631,2020,1,January,18,Afternoon Peak,Weekend
T20200000828,2020-01-12,06:55:00,4,Collision with a fixed object,7,Sunday,173,RIGHT OFF CARRIAGEWAY INTO OBJECT/PARKED VEHICLE,1,662675,Not at intersection,3,50,Local Road,BELLE GARDENS,MILDURA,-34.211327,142.14746,2020,1,January,6,Morning Peak,Weekend
T20200000784,2020-01-12,15:25:00,2,Struck Pedestrian,7,Sunday,102,FAR SIDE. PED HIT BY VEHICLE FROM THE LEFT,1,207,Cross intersection,2,40,Arterial Other,KING,MELBOURNE,-37.81939,144.9571,2020,1,January,15,Afternoon Peak,Weekend
T20200000775,2020-01-12,12:15:00,4,Collision with a fixed object,7,Sunday,173,RIGHT OFF CARRIAGEWAY INTO OBJECT/PARKED VEHICLE,1,621191,Not at intersection,2,100,Local Road,SLATE QUARRY,GOLDEN PLAINS,-37.835976,144.09389,2020,1,January,12,Midday,Weekend
T20200000773,2020-01-12,11:45:00,4,Collision with a fixed object,7,Sunday,181,OFF RIGHT BEND INTO OBJECT/PARKED VEHICLE,1,618208,Not at intersection,2,100,Local Road,BURKE AND WILLS,MACEDON RANGES,-37.221424,144.6957,2020,1,January,11,Midday,Weekend
T20200000769,2020-01-12,11:00:00,4,Collision with a fixed object,7,Sunday,171,LEFT OFF CARRIAGEWAY INTO OBJECT/PARKED VEHICLE,1,632191,Not at intersection,2,80,Local Road,LEPPITT,CARDINIA,-38.021965,145.43692,2020,1,January,11,Midday,Weekend
T20200000768,2020-01-12,10:00:00,1,Collision with vehicle,7,Sunday,130,REAR END(VEHICLES IN SAME LANE),1,37746,T intersection,2,60,Arterial Other,WILLIAMS,STONNINGTON,-37.844017,145.00403,2020,1,January,10,Midday,Weekend
T20200000765,2020-01-12,06:25:00,4,Collision with a fixed object,7,Sunday,171,LEFT OFF CARRIAGEWAY INTO OBJECT/PARKED VEHICLE,1,621173,Cross intersection,2,80,Arterial Other,BELGRAVE-HALLAM ROAD -HALLAM SOUTH,CASEY,-38.006195,145.27336,2020,1,January,6,Morning Peak,Weekend
T20200000786,2020-01-12,13:40:00,1,Collision with vehicle,7,Sunday,130,REAR END(VEHICLES IN SAME LANE),1,662666,Not at intersection,3,90,Arterial Other,KOO WEE RUP,CARDINIA,-38.129906,145.48999,2020,1,January,13,Midday,Weekend
T20200000871,2020-01-13,15:18:00,1,Collision with vehicle,1,Monday,121,RIGHT THROUGH,1,61818,Cross intersection,3,60,Freeway,COBURNS-WESTERN OUT,MELTON,-37.692173,144.56668,2020,1,January,15,Afternoon Peak,Weekday
T20200000872,2020-01-13,15:34:00,1,Collision with vehicle,1,Monday,130,REAR END(VEHICLES IN SAME LANE),1,29800,Not at intersection,3,50,Arterial Other,BOLDREWOOD PARADE -BROADWAY,DAREBIN,-37.71843,145.02136,2020,1,January,15,Afternoon Peak,Weekday
T20200000873,2020-01-13,18:32:00,1,Collision with vehicle,1,Monday,130,REAR END(VEHICLES IN SAME LANE),2,662747,Not at intersection,3,60,Arterial Other,EPPING,WHITTLESEA,-37.63176,145.02731,2020,1,January,18,Afternoon Peak,Weekday
T20200000874,2020-01-13,17:30:00,6,Vehicle overturned (no collision),1,Monday,180,OFF CARRIAGEWAY ON RIGHT BEND,1,635935,Not at intersection,2,100,Local Road,NORTHWOOD,STRATHBOGIE,-36.876694,145.0854,2020,1,January,17,Afternoon Peak,Weekday
T20200000866,2020-01-13,16:25:00,4,Collision with a fixed object,1,Monday,171,LEFT OFF CARRIAGEWAY INTO OBJECT/PARKED VEHICLE,1,271535,T intersection,2,60,Arterial Highway,WARRIGAL,KINGSTON,-37.971146,145.07349,2020,1,January,16,Afternoon Peak,Weekday
T20200000877,2020-01-13,18:45:00,1,Collision with vehicle,1,Monday,153,CUTTING IN (OVERTAKING),1,662745,T intersection,3,50,Local Road,STATION LAKE,GEELONG,-38.02289,144.397,2020,1,January,18,Afternoon Peak,Weekday
T20200000889,2020-01-13,22:00:00,1,Collision with vehicle,1,Monday,110,CROSS TRAFFIC(INTERSECTIONS ONLY),3,57694,Cross intersection,1,50,Local Road,BIMBLE,MORNINGTON PENINSULA,-38.373615,144.83037,2020,1,January,22,Night,Weekday
T20200000819,2020-01-13,05:40:00,1,Collision with vehicle,1,Monday,116,LEFT NEAR (INTERSECTIONS ONLY),1,264777,T intersection,3,60,Local Road,KULIN,WYNDHAM,-37.835613,144.70169,2020,1,January,5,Morning Peak,Weekday
T20200006368,2020-01-13,06:26:00,1,Collision with vehicle,1,Monday,130,REAR END(VEHICLES IN SAME LANE),1,670204,Not at intersection,3,100,Freeway,MONASH,DANDENONG,-37.951332,145.213,2020,1,January,6,Morning Peak,Weekday
T20200000833,2020-01-13,09:10:00,1,Collision with vehicle,1,Monday,110,CROSS TRAFFIC(INTERSECTIONS ONLY),1,36071,Cross intersection,3,100,Arterial Other,DONNYBROOK,WHITTLESEA,-37.549088,145.03061,2020,1,January,9,Morning Peak,Weekday
T20200000820,2020-01-13,07:15:00,1,Collision with vehicle,1,Monday,139,OTHER SAME DIRECTION-MANOUEVRES NOT INCLUDED IN DCAs 130-137,1,649673,Not at intersection,2,80,Arterial Other,SOMERTON,HUME,-37.64195,144.94066,2020,1,January,7,Morning Peak,Weekday
T20200000943,2020-01-13,22:29:00,1,Collision with vehicle,1,Monday,133,LANE SIDE SWIPE (VEHICLES IN PARALLEL LANES),3,44309,Cross intersection,3,60,Arterial Other,SAYERS,WYNDHAM,-37.850533,144.70634,2020,1,January,22,Night,Weekday
T20200000863,2020-01-13,14:56:00,1,Collision with vehicle,1,Monday,131,LEFT REAR,1,643791,Not at intersection,3,70,Arterial Highway,RAGLAN,WARRNAMBOOL,-38.358227,142.44301,2020,1,January,14,Midday,Weekday
T20200000840,2020-01-13,09:30:00,4,Collision with a fixed object,1,Monday,173,RIGHT OFF CARRIAGEWAY INTO OBJECT/PARKED VEHICLE,1,623275,Not at intersection,2,100,Local Road,JUNCTION,LATROBE,-38.344353,146.4049,2020,1,January,9,Morning Peak,Weekday
T20200000835,2020-01-13,07:30:00,1,Collision with vehicle,1,Monday,169,OTHER ON PATH,2,618210,Not at intersection,2,50,Local Road,OZONE,GEELONG,-38.278786,144.49402,2020,1,January,7,Morning Peak,Weekday
T20200000927,2020-01-13,22:30:00,6,Vehicle overturned (no collision),1,Monday,170,OFF CARRIAGEWAY TO LEFT,5,653442,Cross intersection,2,100,Local Road,SHEEP HILLS,BULOKE,-36.351917,142.80704,2020,1,January,22,Night,Weekday
T20200000903,2020-01-13,17:22:00,1,Collision with vehicle,1,Monday,163,VEHICLE STRIKES DOOR OF PARKED/STATIONARY VEHICLE,1,618514,Not at intersection,3,60,Local Road,ST ALBANS,GEELONG,-38.158646,144.37029,2020,1,January,17,Afternoon Peak,Weekday
T20200003092,2020-01-13,08:00:00,3,Struck animal,1,Monday,167,STRUCK ANIMAL,1,629319,Cross intersection,3,100,Arterial Other,ROCHFORD,MACEDON RANGES,-37.31406,144.65639,2020,1,January,8,Morning Peak,Weekday
T20200000816,2020-01-13,01:42:00,1,Collision with vehicle,1,Monday,162,ACCIDENT OR BROKEN DOWN,6,638103,Not at intersection,2,70,Arterial Other,MT DERRIMUT,BRIMBANK,-37.789234,144.77205,2020,1,January,1,Late Night,Weekday
T20200000844,2020-01-13,09:58:00,1,Collision with vehicle,1,Monday,160,VEHICLE COLLIDES WITH VEHICLE PARKED ON LEFT OF ROAD,1,662748,Not at intersection,2,60,Local Road,BLADIN,HOBSONS BAY,-37.85782,144.77069,2020,1,January,9,Morning Peak,Weekday
T20200000834,2020-01-13,08:54:00,1,Collision with vehicle,1,Monday,133,LANE SIDE SWIPE (VEHICLES IN PARALLEL LANES),1,631868,Cross intersection,2,80,Arterial Other,THOMPSONS,CASEY,-38.082134,145.27672,2020,1,January,8,Morning Peak,Weekday
T20200000849,2020-01-13,11:07:00,2,Struck Pedestrian,1,Monday,100,PED NEAR SIDE. PED HIT BY VEHICLE FROM THE RIGHT.,1,44585,Cross intersection,3,60,Arterial Other,SOUTHERN,BANYULE,-37.742172,145.04782,2020,1,January,11,Midday,Weekday
T20200002714,2020-01-13,09:15:00,4,Collision with a fixed object,1,Monday,173,RIGHT OFF CARRIAGEWAY INTO OBJECT/PARKED VEHICLE,1,662756,Not at intersection,3,100,Local Road,MEREDITH-SHELFORD,GOLDEN PLAINS,-37.955082,143.99498,2020,1,January,9,Morning Peak,Weekday
T20200000900,2020-01-13,14:30:00,6,Vehicle overturned (no collision),1,Monday,174,OUT OF CONTROL ON CARRIAGEWAY (ON STRAIGHT),1,37688,T intersection,2,40,Local Road,CHAPEL,STONNINGTON,-37.842712,144.99496,2020,1,January,14,Midday,Weekday
T20200000878,2020-01-13,14:31:00,1,Collision with vehicle,1,Monday,135,LANE CHANGE LEFT (NOT OVERTAKING),1,618789,Cross intersection,3,40,Arterial Other,SYDNEY,MORELAND,-37.760925,144.96318,2020,1,January,14,Midday,Weekday
T20200007160,2020-01-13,21:40:00,1,Collision with vehicle,1,Monday,140,U TURN,3,641897,T intersection,3,60,Local Road,MURPHY,BENDIGO,-36.75465,144.30013,2020,1,January,21,Night,Weekday
T20200000846,2020-01-13,11:15:00,1,Collision with vehicle,1,Monday,121,RIGHT THROUGH,1,43473,T intersection,1,60,Arterial Other,CRANBOURNE,FRANKSTON,-38.145832,145.12871,2020,1,January,11,Midday,Weekday
T20200000858,2020-01-13,13:44:00,1,Collision with vehicle,1,Monday,130,REAR END(VEHICLES IN SAME LANE),1,619961,Not at intersection,3,60,Arterial Highway,ALBERT,BALLARAT,-37.59858,143.8412,2020,1,January,13,Midday,Weekday
T20200001603,2020-01-13,17:10:00,1,Collision with vehicle,1,Monday,130,REAR END(VEHICLES IN SAME LANE),9,622657,Not at intersection,3,100,Freeway,EASTLINK,DANDENONG,-38.070004,145.1822,2020,1,January,17,Afternoon Peak,Weekday
T20200000946,2020-01-14,16:30:00,1,Collision with vehicle,2,Tuesday,130,REAR END(VEHICLES IN SAME LANE),1,634276,Not at intersection,2,100,Freeway,WESTERN,MELTON,-37.739063,144.6842,2020,1,January,16,Afternoon Peak,Weekday
T20200000950,2020-01-14,17:30:00,1,Collision with vehicle,2,Tuesday,135,LANE CHANGE LEFT (NOT OVERTAKING),1,78773,T intersection,3,80,Arterial Other,SHRIVES,CASEY,-38.029938,145.2799,2020,1,January,17,Afternoon Peak,Weekday
T20200000953,2020-01-14,15:50:00,1,Collision with vehicle,2,Tuesday,130,REAR END(VEHICLES IN SAME LANE),1,620259,Not at intersection,3,60,Arterial Other,PALMERS,WYNDHAM,-37.811214,144.75081,2020,1,January,15,Afternoon Peak,Weekday