ACCIDENT_NO,ACCIDENT_DATE,ACCIDENT_TIME,ACCIDENT_TYPE,ACCIDENT_TYPE_DESC,DAY_OF_WEEK,DAY_WEEK_DESC,DCA_CODE,DCA_DESC,LIGHT_CONDITION,NODE_ID,ROAD_GEOMETRY_DESC,SEVERITY,SPEED_ZONE,RMA,ROAD_NAME,LGA_NAME,LATITUDE,LONGITUDE,YEAR,MONTH,MONTH_NAME,HOUR,TIME_PERIOD,DAY_TYPE
T20200000955,2020-01-14,18:33:00,1,Collision with vehicle,2,Tuesday,133,LANE SIDE SWIPE (VEHICLES IN PARALLEL LANES),1,662862,Not at intersection,3,80,Arterial Other,KOROROIT CREEK,HOBSONS BAY,-37.845947,144.79944,2020,1,January,18,Afternoon Peak,Weekday
T20200000956,2020-01-14,18:00:00,1,Collision with vehicle,2,Tuesday,111,RIGHT FAR (INTERSECTIONS ONLY),1,627394,T intersection,2,100,Local Road,PIRA,SWAN HILL,-35.196495,143.3561,2020,1,January,18,Afternoon Peak,Weekday
T20200000960,2020-01-14,05:30:00,1,Collision with vehicle,2,Tuesday,113,RIGHT NEAR (INTERSECTIONS ONLY),6,298956,T intersection,2,80,Local Road,AVIATION,WYNDHAM,-37.9258,144.69261,2020,1,January,5,Morning Peak,Weekday
T20200000967,2020-01-14,14:05:00,1,Collision with vehicle,2,Tuesday,130,REAR END(VEHICLES IN SAME LANE),1,618793,Not at intersection,3,70,Arterial Other,SAYERS,WYNDHAM,-37.853443,144.7399,2020,1,January,14,Midday,Weekday
T20200000968,2020-01-14,18:44:00,1,Collision with vehicle,2,Tuesday,130,REAR END(VEHICLES IN SAME LANE),1,295630,Not at intersection,3,100,Freeway,MONASH,CASEY,-37.985027,145.24844,2020,1,January,18,Afternoon Peak,Weekday
T20200000969,2020-01-14,22:24:00,1,Collision with vehicle,2,Tuesday,110,CROSS TRAFFIC(INTERSECTIONS ONLY),3,50631,Cross intersection,2,60,Arterial Other,MAIN,COLAC OTWAY,-38.357674,143.58289,2020,1,January,22,Night,Weekday
T20200000971,2020-01-14,14:45:00,1,Collision with vehicle,2,Tuesday,150,HEAD ON(OVERTAKING),1,638422,Not at intersection,3,100,Arterial Other,MERRIANG,WHITTLESEA,-37.536064,145.02913,2020,1,January,14,Midday,Weekday
T20200000984,2020-01-14,07:49:00,2,Struck Pedestrian,2,Tuesday,100,PED NEAR SIDE. PED HIT BY VEHICLE FROM THE RIGHT.,2,621175,T intersection,3,40,Local Road,LITTLE CHAPEL,STONNINGTON,-37.8484,144.99495,2020,1,January,7,Morning Peak,Weekday
T20200000987,2020-01-14,18:30:00,1,Collision with vehicle,2,Tuesday,120,HEAD ON (NOT OVERTAKING),1,636852,Not at intersection,2,80,Arterial Highway,MAROONDAH,MAROONDAH,-37.79009,145.2662,2020,1,January,18,Afternoon Peak,Weekday
T20200001000,2020-01-14,15:15:00,1,Collision with vehicle,2,Tuesday,130,REAR END(VEHICLES IN SAME LANE),1,648997,Cross intersection,3,60,Arterial Other,STATION,BRIMBANK,-37.77048,144.77473,2020,1,January,15,Afternoon Peak,Weekday
T20200001004,2020-01-14,11:23:00,2,Struck Pedestrian,2,Tuesday,100,PED NEAR SIDE. PED HIT BY VEHICLE FROM THE RIGHT.,1,20827,T intersection,3,60,Arterial Highway,ARGYLE,LATROBE,-38.194523,146.54219,2020,1,January,11,Midday,Weekday
T20200001018,2020-01-14,09:30:00,1,Collision with vehicle,2,Tuesday,130,REAR END(VEHICLES IN SAME LANE),1,618798,Cross intersection,3,60,Arterial Other,BALLARAT,MARIBYRNONG,-37.779556,144.85216,2020,1,January,9,Morning Peak,Weekday
T20200001118,2020-01-14,09:45:00,4,Collision with a fixed object,2,Tuesday,183,OFF LEFT BEND INTO OBJECT/PARKED VEHICLE,1,619088,Y intersection,3,50,Local Road,ODEA,BENALLA,-36.69409,146.14809,2020,1,January,9,Morning Peak,Weekday
T20200000884,2020-01-14,00:23:00,4,Collision with a fixed object,2,Tuesday,173,RIGHT OFF CARRIAGEWAY INTO OBJECT/PARKED VEHICLE,3,729113,Not at intersection,3,80,Arterial Other,COBURG-CRAIGIEBURN,HUME,-37.611088,144.9464,2020,1,January,0,Late Night,Weekday
T20200000887,2020-01-14,00:40:00,1,Collision with vehicle,2,Tuesday,120,HEAD ON (NOT OVERTAKING),5,628336,Not at intersection,2,100,Arterial Highway,PRINCES,WELLINGTON,-38.10613,146.9048,2020,1,January,0,Late Night,Weekday
T20200000891,2020-01-14,05:37:00,1,Collision with vehicle,2,Tuesday,120,HEAD ON (NOT OVERTAKING),2,619962,Not at intersection,2,80,Freeway,EASTLINK,DANDENONG,-38.052208,145.18507,2020,1,January,5,Morning Peak,Weekday
T20200001161,2020-01-14,13:53:00,4,Collision with a fixed object,2,Tuesday,173,RIGHT OFF CARRIAGEWAY INTO OBJECT/PARKED VEHICLE,9,663098,Not at intersection,2,80,Local Road,TUERONG,MORNINGTON PENINSULA,-38.27336,145.0816,2020,1,January,13,Midday,Weekday
T20200000897,2020-01-14,07:20:00,1,Collision with vehicle,2,Tuesday,130,REAR END(VEHICLES IN SAME LANE),1,618513,Not at intersection,2,80,Freeway,CALDER,BRIMBANK,-37.70429,144.81487,2020,1,January,7,Morning Peak,Weekday
T20200000898,2020-01-14,10:00:00,1,Collision with vehicle,2,Tuesday,111,RIGHT FAR (INTERSECTIONS ONLY),1,229963,Cross intersection,3,60,Arterial Other,SAYERS,WYNDHAM,-37.852726,144.73128,2020,1,January,10,Midday,Weekday
T20200000899,2020-01-14,09:15:00,1,Collision with vehicle,2,Tuesday,113,RIGHT NEAR (INTERSECTIONS ONLY),1,35628,Cross intersection,2,80,Arterial Other,HUTTON,DANDENONG,-38.012707,145.15924,2020,1,January,9,Morning Peak,Weekday
T20200000901,2020-01-14,08:50:00,1,Collision with vehicle,2,Tuesday,113,RIGHT NEAR (INTERSECTIONS ONLY),1,70596,Cross intersection,3,60,Arterial Highway,TYERS,WELLINGTON,-37.9661,147.07993,2020,1,January,8,Morning Peak,Weekday
T20200000908,2020-01-14,12:10:00,1,Collision with vehicle,2,Tuesday,148,VEHICLE OFF FOOTPATH STRIKES VEH ON CARRIAGEWAY,1,662857,Not at intersection,2,80,Arterial Highway,BELLARINE,GEELONG,-38.173218,144.4009,2020,1,January,12,Midday,Weekday
T20200001423,2020-01-14,14:34:00,1,Collision with vehicle,2,Tuesday,130,REAR END(VEHICLES IN SAME LANE),1,4517,Not at intersection,3,70,Arterial Other,SYDNEY,MORELAND,-37.69496,144.95882,2020,1,January,14,Midday,Weekday
T20200003424,2020-01-14,21:30:00,1,Collision with vehicle,2,Tuesday,132,RIGHT REAR.,3,10609,T intersection,3,60,Arterial Highway,LOWER PLENTY ROAD -ROSANNA,BANYULE,-37.73712,145.07509,2020,1,January,21,Night,Weekday
T20200000910,2020-01-14,11:45:00,1,Collision with vehicle,2,Tuesday,140,U TURN,1,663093,Not at intersection,3,70,Arterial Highway,HAMILTON,HORSHAM,-36.737988,142.20555,2020,1,January,11,Midday,Weekday
T20200000912,2020-01-14,10:53:00,1,Collision with vehicle,2,Tuesday,124,RIGHT/RIGHT BOTH VEHs FROM OPPOSITE DIRECTIONS TURNING RIGHT,1,323693,Y intersection,3,100,Arterial Highway,WIMMERA,LODDON,-36.735706,143.91362,2020,1,January,10,Midday,Weekday
T20200013764,2020-01-14,08:05:00,1,Collision with vehicle,2,Tuesday,130,REAR END(VEHICLES IN SAME LANE),1,665736,T intersection,3,80,Local Road,BALLARAT LINK,BALLARAT,-37.518314,143.80289,2020,1,January,8,Morning Peak,Weekday
T20200001761,2020-01-14,14:00:00,1,Collision with vehicle,2,Tuesday,132,RIGHT REAR.,1,646825,Not at intersection,3,60,Arterial Other,BLACKSHAWS,HOBSONS BAY,-37.832264,144.85811,2020,1,January,14,Midday,Weekday
T20200000920,2020-01-14,12:03:00,1,Collision with vehicle,2,Tuesday,113,RIGHT NEAR (INTERSECTIONS ONLY),1,117013,Multiple intersection,3,80,Arterial Highway,MAROONDAH,MAROONDAH,-37.785786,145.27753,2020,1,January,12,Midday,Weekday
T20200000921,2020-01-14,12:31:00,1,Collision with vehicle,2,Tuesday,121,RIGHT THROUGH,1,39802,Cross intersection,3,80,Arterial Other,CANTERBURY,MAROONDAH,-37.823624,145.29655,2020,1,January,12,Midday,Weekday
T20200000922,2020-01-14,15:00:00,1,Collision with vehicle,2,Tuesday,160,VEHICLE COLLIDES WITH VEHICLE PARKED ON LEFT OF ROAD,1,773235,Not at intersection,2,50,Local Road,MCKEAN,SHEPPARTON,-36.38781,145.3588,2020,1,January,15,Afternoon Peak,Weekday
T20200000925,2020-01-14,14:30:00,4,Collision with a fixed object,2,Tuesday,171,LEFT OFF CARRIAGEWAY INTO OBJECT/PARKED VEHICLE,1,619376,Not at intersection,2,100,Local Road,MISSION HILL,MACEDON RANGES,-37.117676,144.71419,2020,1,January,14,Midday,Weekday
T20200001870,2020-01-14,21:00:00,3,Struck animal,2,Tuesday,167,STRUCK ANIMAL,5,624186,Not at intersection,3,100,Arterial Highway,PRINCES,EAST GIPPSLAND,-37.75163,148.0682,2020,1,January,21,Night,Weekday
T20200000932,2020-01-14,15:24:00,4,Collision with a fixed object,2,Tuesday,171,LEFT OFF CARRIAGEWAY INTO OBJECT/PARKED VEHICLE,1,631544,Not at intersection,2,100,Arterial Other,MERRIANG,WHITTLESEA,-37.500607,145.0262,2020,1,January,15,Afternoon Peak,Weekday
T20200000933,2020-01-14,08:00:00,1,Collision with vehicle,2,Tuesday,130,REAR END(VEHICLES IN SAME LANE),1,619377,Not at intersection,3,60,Arterial Other,BEACONSFIELD,PORT PHILLIP,-37.85353,144.96042,2020,1,January,8,Morning Peak,Weekday
T20200001551,2020-01-14,18:00:00,1,Collision with vehicle,2,Tuesday,130,REAR END(VEHICLES IN SAME LANE),1,651166,Not at intersection,3,70,Arterial Highway,ST KILDA,PORT PHILLIP,-37.864803,144.98593,2020,1,January,18,Afternoon Peak,Weekday
T20200000981,2020-01-14,12:30:00,4,Collision with a fixed object,2,Tuesday,171,LEFT OFF CARRIAGEWAY INTO OBJECT/PARKED VEHICLE,1,619816,T intersection,3,50,Local Road,RUTHERFORD,CASEY,-38.227028,145.3098,2020,1,January,12,Midday,Weekday
T20200000936,2020-01-14,14:30:00,1,Collision with vehicle,2,Tuesday,148,VEHICLE OFF FOOTPATH STRIKES VEH ON CARRIAGEWAY,1,636488,Not at intersection,3,50,Local Road,TAIT,WARRNAMBOOL,-38.36796,142.46864,2020,1,January,14,Midday,Weekday
T20200001210,2020-01-14,21:30:00,7,Fall from or in moving vehicle,2,Tuesday,190,FELL IN/FROM VEHICLE,2,619391,Dead end,3,30,Local Road,UNNAMED,YARRA RANGES,-37.749996,145.32524,2020,1,January,21,Night,Weekday
T20200000942,2020-01-14,16:47:00,1,Collision with vehicle,2,Tuesday,120,HEAD ON (NOT OVERTAKING),1,622651,Not at intersection,2,60,Local Road,HAPPY VALLEY,BENDIGO,-36.75623,144.25868,2020,1,January,16,Afternoon Peak,Weekday
T20200001047,2020-01-14,17:10:00,1,Collision with vehicle,2,Tuesday,130,REAR END(VEHICLES IN SAME LANE),1,657662,T intersection,3,60,Arterial Other,BULLA,HUME,-37.638817,144.80846,2020,1,January,17,Afternoon Peak,Weekday
T20200000944,2020-01-14,16:10:00,1,Collision with vehicle,2,Tuesday,110,CROSS TRAFFIC(INTERSECTIONS ONLY),1,49416,Cross intersection,2,60,Local Road,BOTANIC,WARRNAMBOOL,-38.3732,142.48749,2020,1,January,16,Afternoon Peak,Weekday
T20200003258,2020-01-14,07:30:00,1,Collision with vehicle,2,Tuesday,163,VEHICLE STRIKES DOOR OF PARKED/STATIONARY VEHICLE,1,635711,Not at intersection,2,50,Local Road,CHAPEL,STONNINGTON,-37.84718,144.99408,2020,1,January,7,Morning Peak,Weekday
T20200000934,2020-01-14,14:00:00,1,Collision with vehicle,2,Tuesday,132,RIGHT REAR.,1,668338,Not at intersection,2,50,Local Road,LERDERDERG GORGE,MOORABOOL,-37.61602,144.42657,2020,1,January,14,Midday,Weekday
T20200001017,2020-01-15,12:50:00,6,Vehicle overturned (no collision),3,Wednesday,172,OFF CARRIAGEWAY TO RIGHT,1,623277,Not at intersection,3,100,Local Road,LOWRIE,CAMPASPE,-36.211056,144.53943,2020,1,January,12,Midday,Weekday
T20200001042,2020-01-15,18:40:00,1,Collision with vehicle,3,Wednesday,130,REAR END(VEHICLES IN SAME LANE),2,68588,T intersection,3,60,Arterial Other,STEPHENSONS,MONASH,-37.887897,145.12674,2020,1,January,18,Afternoon Peak,Weekday
T20200002100,2020-01-15,21:20:00,1,Collision with vehicle,3,Wednesday,110,CROSS TRAFFIC(INTERSECTIONS ONLY),3,51011,Cross intersection,3,50,Arterial Other,GRETA,WANGARATTA,-36.365192,146.31488,2020,1,January,21,Night,Weekday
T20200001040,2020-01-15,17:55:00,1,Collision with vehicle,3,Wednesday,130,REAR END(VEHICLES IN SAME LANE),1,773464,Not at intersection,3,50,Arterial Highway,HIGH,BENDIGO,-36.718277,144.25311,2020,1,January,17,Afternoon Peak,Weekday
T20200000997,2020-01-15,08:59:00,1,Collision with vehicle,3,Wednesday,130,REAR END(VEHICLES IN SAME LANE),1,618796,Not at intersection,3,50,Local Road,MASON,HOBSONS BAY,-37.839146,144.85321,2020,1,January,8,Morning Peak,Weekday
T20200000998,2020-01-15,01:40:00,4,Collision with a fixed object,3,Wednesday,171,LEFT OFF CARRIAGEWAY INTO OBJECT/PARKED VEHICLE,5,618797,Not at intersection,3,100,Arterial Other,MERRIANG,WHITTLESEA,-37.51965,145.0273,2020,1,January,1,Late Night,Weekday
T20200001126,2020-01-15,12:30:00,1,Collision with vehicle,3,Wednesday,130,REAR END(VEHICLES IN SAME LANE),1,621477,Multiple intersection,3,60,Freeway,FERNTREE GULLY-MONASH IN,MONASH,-37.90358,145.15327,2020,1,January,12,Midday,Weekday
T20200001039,2020-01-15,19:45:00,1,Collision with vehicle,3,Wednesday,153,CUTTING IN (OVERTAKING),2,663113,Not at intersection,3,80,Arterial Highway,MIDLAND,SHEPPARTON,-36.38518,145.3849,2020,1,January,19,Night,Weekday
T20200001022,2020-01-15,14:45:00,2,Struck Pedestrian,3,Wednesday,109,ANY MANOEUVRE INVOLVING PED NOT INCLUDED IN DCAs 100-108.,1,619677,Not at intersection,2,50,Arterial Highway,ALBERT,HEPBURN,-37.42329,143.8949,2020,1,January,14,Midday,Weekday
T20200000978,2020-01-15,03:00:00,4,Collision with a fixed object,3,Wednesday,183,OFF LEFT BEND INTO OBJECT/PARKED VEHICLE,5,653051,Not at intersection,2,100,Local Road,WENN,CARDINIA,-38.12576,145.43498,2020,1,January,3,Late Night,Weekday
T20200001032,2020-01-15,17:10:00,6,Vehicle overturned (no collision),3,Wednesday,174,OUT OF CONTROL ON CARRIAGEWAY (ON STRAIGHT),1,620879,T intersection,3,80,Arterial Highway,NEPEAN,MORNINGTON PENINSULA,-38.28585,145.0309,2020,1,January,17,Afternoon Peak,Weekday
T20200000980,2020-01-15,03:16:00,1,Collision with vehicle,3,Wednesday,110,CROSS TRAFFIC(INTERSECTIONS ONLY),3,24304,Cross intersection,2,100,Freeway,GOULBURN VALLEY,STRATHBOGIE,-36.706837,145.20021,2020,1,January,3,Late Night,Weekday
T20200005087,2020-01-15,11:10:00,1,Collision with vehicle,3,Wednesday,130,REAR END(VEHICLES IN SAME LANE),1,322873,Not at intersection,3,80,Arterial Highway,FERNTREE GULLY,MONASH,-37.90362,145.16139,2020,1,January,11,Midday,Weekday
T20200001029,2020-01-15,18:00:00,1,Collision with vehicle,3,Wednesday,130,REAR END(VEHICLES IN SAME LANE),1,635687,Not at intersection,3,80,Arterial Other,CRANBOURNE,CASEY,-38.026382,145.3066,2020,1,January,18,Afternoon Peak,Weekday
T20200001085,2020-01-15,08:30:00,1,Collision with vehicle,3,Wednesday,121,RIGHT THROUGH,1,36335,Cross intersection,2,60,Arterial Other,CEMETERY,MELBOURNE,-37.79226,144.96838,2020,1,January,8,Morning Peak,Weekday
T20200000989,2020-01-15,09:51:00,4,Collision with a fixed object,3,Wednesday,171,LEFT OFF CARRIAGEWAY INTO OBJECT/PARKED VEHICLE,1,665663,Not at intersection,3,70,Arterial Highway,OGILVIE,CAMPASPE,-36.140465,144.7505,2020,1,January,9,Morning Peak,Weekday
T20200001028,2020-01-15,18:00:00,1,Collision with vehicle,3,Wednesday,111,RIGHT FAR (INTERSECTIONS ONLY),1,657753,Cross intersection,3,60,Local Road,LIGAR,EAST GIPPSLAND,-37.828575,147.6193,2020,1,January,18,Afternoon Peak,Weekday
T20200001027,2020-01-15,12:35:00,6,Vehicle overturned (no collision),3,Wednesday,180,OFF CARRIAGEWAY ON RIGHT BEND,1,625466,Not at intersection,2,100,Arterial Highway,MURRAY VALLEY,TOWONG,-36.221542,147.1416,2020,1,January,12,Midday,Weekday
T20200001026,2020-01-15,17:30:00,1,Collision with vehicle,3,Wednesday,130,REAR END(VEHICLES IN SAME LANE),1,50114,T intersection,3,50,Arterial Other,BARRABOOL,GEELONG,-38.171516,144.3244,2020,1,January,17,Afternoon Peak,Weekday
T20200001414,2020-01-15,17:00:00,1,Collision with vehicle,3,Wednesday,150,HEAD ON(OVERTAKING),1,620882,Not at intersection,2,80,Arterial Other,MELTON,MELTON,-37.685745,144.68501,2020,1,January,17,Afternoon Peak,Weekday
T20200001024,2020-01-15,15:50:00,1,Collision with vehicle,3,Wednesday,110,CROSS TRAFFIC(INTERSECTIONS ONLY),1,54370,Cross intersection,3,60,Local Road,DARLING,BALLARAT,-37.574875,143.84026,2020,1,January,15,Afternoon Peak,Weekday
T20200001005,2020-01-15,12:08:00,1,Collision with vehicle,3,Wednesday,160,VEHICLE COLLIDES WITH VEHICLE PARKED ON LEFT OF ROAD,1,657752,Not at intersection,2,50,Local Road,LYNCH,MORELAND,-37.711163,144.9655,2020,1,January,12,Midday,Weekday
T20200001023,2020-01-15,13:30:00,1,Collision with vehicle,3,Wednesday,132,RIGHT REAR.,1,621475,Not at intersection,3,80,Arterial Other,ANGLESEA,SURF COAST,-38.250355,144.2765,2020,1,January,13,Midday,Weekday
T20200016507,2020-01-15,18:15:00,8,No collision and no object struck,3,Wednesday,174,OUT OF CONTROL ON CARRIAGEWAY (ON STRAIGHT),2,663229,T intersection,3,60,Arterial Other,CANTERBURY,WHITEHORSE,-37.828514,145.1198,2020,1,January,18,Afternoon Peak,Weekday
T20200001010,2020-01-15,08:00:00,1,Collision with vehicle,3,Wednesday,130,REAR END(VEHICLES IN SAME LANE),1,35419,Cross intersection,3,50,Arterial Other,NICHOLSON,MORELAND,-37.754196,144.97578,2020,1,January,8,Morning Peak,Weekday
T20200001012,2020-01-15,12:40:00,1,Collision with vehicle,3,Wednesday,130,REAR END(VEHICLES IN SAME LANE),1,619084,Not at intersection,3,80,Arterial Other,PRINCES,CARDINIA,-38.06914,145.4719,2020,1,January,12,Midday,Weekday
T20200001035,2020-01-15,17:07:00,4,Collision with a fixed object,3,Wednesday,183,OFF LEFT BEND INTO OBJECT/PARKED VEHICLE,1,651450,Not at intersection,2,60,Local Road,MAFFRA,HUME,-37.663948,144.94228,2020,1,January,17,Afternoon Peak,Weekday
T20200001157,2020-01-15,12:05:00,1,Collision with vehicle,3,Wednesday,135,LANE CHANGE LEFT (NOT OVERTAKING),1,622652,Not at intersection,2,80,Arterial Highway,STATE (LOWER DANDENONG/CHELTENHAM),DANDENONG,-37.99212,145.1546,2020,1,January,12,Midday,Weekday
T20200001013,2020-01-15,12:00:00,1,Collision with vehicle,3,Wednesday,113,RIGHT NEAR (INTERSECTIONS ONLY),1,36445,T intersection,3,40,Arterial Other,NICHOLSON,YARRA,-37.806767,144.97339,2020,1,January,12,Midday,Weekday
T20200001108,2020-01-15,21:11:00,1,Collision with vehicle,3,Wednesday,134,LANE CHANGE RIGHT (NOT OVERTAKING),3,40816,T intersection,3,80,Arterial Highway,SPRINGVALE,WHITEHORSE,-37.833004,145.17311,2020,1,January,21,Night,Weekday
T20200000988,2020-01-15,08:50:00,1,Collision with vehicle,3,Wednesday,130,REAR END(VEHICLES IN SAME LANE),1,618794,T intersection,3,80,Arterial Highway,NEPEAN,KINGSTON,-37.983807,145.07578,2020,1,January,8,Morning Peak,Weekday
T20200001044,2020-01-15,22:20:00,2,Struck Pedestrian,3,Wednesday,100,PED NEAR SIDE. PED HIT BY VEHICLE FROM THE RIGHT.,3,637778,Cross intersection,2,40,Local Road,QUEEN,MELBOURNE,-37.81305,144.95981,2020,1,January,22,Night,Weekday
T20200001049,2020-01-15,23:10:00,4,Collision with a fixed object,3,Wednesday,181,OFF RIGHT BEND INTO OBJECT/PARKED VEHICLE,5,656430,Not at intersection,2,100,Arterial Other,SWAN REACH,EAST GIPPSLAND,-37.779102,147.82338,2020,1,January,23,Night,Weekday
T20200001059,2020-01-15,19:10:00,4,Collision with a fixed object,3,Wednesday,181,OFF RIGHT BEND INTO OBJECT/PARKED VEHICLE,1,621476,Not at intersection,3,80,Arterial Other,HEALESVILLE-YARRA GLEN,YARRA RANGES,-37.65947,145.46333,2020,1,January,19,Night,Weekday
T20200001064,2020-01-15,19:10:00,1,Collision with vehicle,3,Wednesday,134,LANE CHANGE RIGHT (NOT OVERTAKING),2,619379,T intersection,3,70,Arterial Highway,HODDLE,YARRA,-37.79705,144.99342,2020,1,January,19,Night,Weekday
T20200001076,2020-01-16,11:50:00,1,Collision with vehicle,4,Thursday,150,HEAD ON(OVERTAKING),1,620567,T intersection,2,60,Arterial Highway,MAIN,KINGSTON,-38.00767,145.08727,2020,1,January,11,Midday,Weekday
T20200010308,2020-01-16,11:00:00,1,Collision with vehicle,4,Thursday,130,REAR END(VEHICLES IN SAME LANE),1,359238,Cross intersection,3,50,Arterial Highway,LYNBROOK,CASEY,-38.050503,145.25743,2020,1,January,11,Midday,Weekday
T20200004805,2020-01-16,17:20:00,1,Collision with vehicle,4,Thursday,110,CROSS TRAFFIC(INTERSECTIONS ONLY),1,54500,Cross intersection,3,60,Arterial Highway,RAGLAN,WARRNAMBOOL,-38.373974,142.47742,2020,1,January,17,Afternoon Peak,Weekday
T20200001426,2020-01-16,05:40:00,1,Collision with vehicle,4,Thursday,130,REAR END(VEHICLES IN SAME LANE),2,239081,Cross intersection,3,80,Arterial Highway,DANDENONG,MONASH,-37.893784,145.09335,2020,1,January,5,Morning Peak,Weekday
T20200001173,2020-01-16,17:15:00,1,Collision with vehicle,4,Thursday,135,LANE CHANGE LEFT (NOT OVERTAKING),1,116,Cross intersection,2,60,Local Road,FARADAY,MELBOURNE,-37.798996,144.97023,2020,1,January,17,Afternoon Peak,Weekday
T20200001154,2020-01-16,23:08:00,6,Vehicle overturned (no collision),4,Thursday,179,OTHER ACCIDENTS-OFF STRAIGHT NOT INCLUDED IN DCAs 170-175,3,619387,Not at intersection,2,50,Arterial Highway,SYDNEY,MITCHELL,-37.28851,144.94963,2020,1,January,23,Night,Weekday
T20200001079,2020-01-16,10:50:00,4,Collision with a fixed object,4,Thursday,173,RIGHT OFF CARRIAGEWAY INTO OBJECT/PARKED VEHICLE,1,623583,Not at intersection,2,60,Arterial Other,ELGAR,WHITEHORSE,-37.844017,145.11,2020,1,January,10,Midday,Weekday
T20200001152,2020-01-16,21:40:00,4,Collision with a fixed object,4,Thursday,171,LEFT OFF CARRIAGEWAY INTO OBJECT/PARKED VEHICLE,3,40390,T intersection,2,60,Arterial Other,MALVERN,STONNINGTON,-37.85422,145.05042,2020,1,January,21,Night,Weekday
T20200001150,2020-01-16,16:50:00,1,Collision with vehicle,4,Thursday,119,OTHER ADJACENT (INTERSECTIONS ONLY),1,44876,T intersection,2,60,Arterial Other,RESEARCH-WARRANDYTE,NILLUMBIK,-37.735367,145.22249,2020,1,January,16,Afternoon Peak,Weekday
T20200001080,2020-01-16,11:45:00,6,Vehicle overturned (no collision),4,Thursday,151,OUT OF CONTROL (OVERTAKING),1,663472,Not at intersection,3,100,Local Road,MERRIGUM-ARDMONA,SHEPPARTON,-36.37244,145.15144,2020,1,January,11,Midday,Weekday
T20200001148,2020-01-16,21:50:00,1,Collision with vehicle,4,Thursday,120,HEAD ON (NOT OVERTAKING),5,619386,Not at intersection,2,80,Arterial Other,BALLARTO,CARDINIA,-38.155075,145.49596,2020,1,January,21,Night,Weekday
T20200001146,2020-01-16,20:20:00,4,Collision with a fixed object,4,Thursday,171,LEFT OFF CARRIAGEWAY INTO OBJECT/PARKED VEHICLE,1,640815,Not at intersection,1,100,Local Road,CLUNES-MT CAMERON,CENTRAL GOLDFIELDS,-37.203102,143.82643,2020,1,January,20,Night,Weekday
T20200001115,2020-01-16,16:51:00,1,Collision with vehicle,4,Thursday,110,CROSS TRAFFIC(INTERSECTIONS ONLY),1,42967,Cross intersection,2,60,Arterial Other,CHANDLER,DANDENONG,-37.96957,145.18663,2020,1,January,16,Afternoon Peak,Weekday
T20200001145,2020-01-16,20:15:00,3,Struck animal,4,Thursday,167,STRUCK ANIMAL,1,619964,Not at intersection,2,100,Arterial Other,KANIVA-EDENHOPE,WEST WIMMERA,-36.610744,141.26492,2020,1,January,20,Night,Weekday
T20200001092,2020-01-16,14:00:00,1,Collision with vehicle,4,Thursday,129,OTHER OPPOSING MANOEUVRES NOT INCLUDED IN DCAs 120-125.,1,42880,T intersection,2,80,Arterial Highway,SPRINGVALE,DANDENONG,-37.966766,145.14937,2020,1,January,14,Midday,Weekday
T20200001119,2020-01-16,16:10:00,6,Vehicle overturned (no collision),4,Thursday,174,OUT OF CONTROL ON CARRIAGEWAY (ON STRAIGHT),1,50435,Cross intersection,3,50,Arterial Highway,MOUNTJOY,SURF COAST,-38.542545,143.97575,2020,1,January,16,Afternoon Peak,Weekday
T20200001124,2020-01-16,18:20:00,1,Collision with vehicle,4,Thursday,163,VEHICLE STRIKES DOOR OF PARKED/STATIONARY VEHICLE,1,663471,Not at intersection,2,60,Arterial Other,ST KILDA ROAD SERVICE,PORT PHILLIP,-37.84648,144.97906,2020,1,January,18,Afternoon Peak,Weekday
T20200004826,2020-01-16,16:45:00,1,Collision with vehicle,4,Thursday,130,REAR END(VEHICLES IN SAME LANE),1,53031,Cross intersection,3,60,Arterial Other,ELEVENTH,MILDURA,-34.20186,142.17207,2020,1,January,16,Afternoon Peak,Weekday
T20200001144,2020-01-16,21:50:00,2,Struck Pedestrian,4,Thursday,108,PED STRUCK WALKING TO/FROM OR BOARDING/ALIGHTING VEHICLE.,3,35321,Cross intersection,3,40,Local Road,DRUMMOND,MELBOURNE,-37.798836,144.96877,2020,1,January,21,Night,Weekday
T20200001138,2020-01-16,16:30:00,1,Collision with vehicle,4,Thursday,130,REAR END(VEHICLES IN SAME LANE),1,190141,Not at intersection,3,60,Arterial Other,HIGH,WHITTLESEA,-37.68364,145.01326,2020,1,January,16,Afternoon Peak,Weekday
T20200001135,2020-01-16,17:30:00,1,Collision with vehicle,4,Thursday,110,CROSS TRAFFIC(INTERSECTIONS ONLY),1,233917,Cross intersection,2,80,Local Road,DAVIS,WYNDHAM,-37.815388,144.65686,2020,1,January,17,Afternoon Peak,Weekday
T20200001117,2020-01-16,17:50:00,1,Collision with vehicle,4,Thursday,142,LEAVING PARKING,1,619384,Not at intersection,3,60,Arterial Other,MELVILLE,MORELAND,-37.761143,144.94443,2020,1,January,17,Afternoon Peak,Weekday
T20200001213,2020-01-16,12:20:00,1,Collision with vehicle,4,Thursday,163,VEHICLE STRIKES DOOR OF PARKED/STATIONARY VEHICLE,1,224085,Not at intersection,2,40,Arterial Other,SPENCER,MELBOURNE,-37.81684,144.95312,2020,1,January,12,Midday,Weekday
T20200001129,2020-01-16,18:35:00,1,Collision with vehicle,4,Thursday,130,REAR END(VEHICLES IN SAME LANE),2,335775,Cross intersection,2,60,Local Road,HEATHMONT,MAROONDAH,-37.829884,145.2449,2020,1,January,18,Afternoon Peak,Weekday