ACCIDENT_NO,ACCIDENT_DATE,ACCIDENT_TIME,ACCIDENT_TYPE,ACCIDENT_TYPE_DESC,DAY_OF_WEEK,DAY_WEEK_DESC,DCA_CODE,DCA_DESC,LIGHT_CONDITION,NODE_ID,ROAD_GEOMETRY_DESC,SEVERITY,SPEED_ZONE,RMA,ROAD_NAME,LGA_NAME,LATITUDE,LONGITUDE,YEAR,MONTH,MONTH_NAME,HOUR,TIME_PERIOD,DAY_TYPE
T20200001093,2020-01-16,12:50:00,1,Collision with vehicle,4,Thursday,132,RIGHT REAR.,1,619086,Not at intersection,2,80,Arterial Highway,SPRINGVALE,DANDENONG,-38.002728,145.14235,2020,1,January,12,Midday,Weekday
T20200001099,2020-01-16,11:46:00,1,Collision with vehicle,4,Thursday,140,U TURN,1,40714,T intersection,3,60,Arterial Other,MIDDLEBOROUGH,WHITEHORSE,-37.84903,145.1329,2020,1,January,11,Midday,Weekday
T20200001100,2020-01-16,13:45:00,1,Collision with vehicle,4,Thursday,113,RIGHT NEAR (INTERSECTIONS ONLY),1,55780,T intersection,3,60,Arterial Other,BELMORE,WHITEHORSE,-37.801018,145.11098,2020,1,January,13,Midday,Weekday
T20200001103,2020-01-16,09:25:00,1,Collision with vehicle,4,Thursday,130,REAR END(VEHICLES IN SAME LANE),1,628642,Not at intersection,3,100,Freeway,CITYLINK,MORELAND,-37.769234,144.9372,2020,1,January,9,Morning Peak,Weekday
T20200001105,2020-01-16,15:56:00,1,Collision with vehicle,4,Thursday,130,REAR END(VEHICLES IN SAME LANE),1,663291,Not at intersection,2,100,Freeway,MONASH,MONASH,-37.89275,145.13104,2020,1,January,15,Afternoon Peak,Weekday
T20200001106,2020-01-16,15:30:00,1,Collision with vehicle,4,Thursday,110,CROSS TRAFFIC(INTERSECTIONS ONLY),1,624509,Cross intersection,2,50,Local Road,WIMMERA,HINDMARSH,-36.45445,142.03017,2020,1,January,15,Afternoon Peak,Weekday
T20200001166,2020-01-16,05:45:00,1,Collision with vehicle,4,Thursday,113,RIGHT NEAR (INTERSECTIONS ONLY),3,134,T intersection,3,60,Arterial Highway,MAIN,KINGSTON,-38.00586,145.08574,2020,1,January,5,Morning Peak,Weekday
T20200001295,2020-01-16,12:30:00,1,Collision with vehicle,4,Thursday,163,VEHICLE STRIKES DOOR OF PARKED/STATIONARY VEHICLE,1,627396,Not at intersection,2,70,Arterial Highway,NORTH,GLEN EIRA,-37.90242,145.02837,2020,1,January,12,Midday,Weekday
T20200004505,2020-01-16,21:50:00,1,Collision with vehicle,4,Thursday,120,HEAD ON (NOT OVERTAKING),5,756421,Not at intersection,3,80,Arterial Other,MOUNT DANDENONG TOURIST,YARRA RANGES,-37.893295,145.32571,2020,1,January,21,Night,Weekday
T20200001128,2020-01-16,17:37:00,1,Collision with vehicle,4,Thursday,160,VEHICLE COLLIDES WITH VEHICLE PARKED ON LEFT OF ROAD,1,663237,Not at intersection,2,60,Arterial Highway,BELLARINE,GEELONG,-38.18745,144.45781,2020,1,January,17,Afternoon Peak,Weekday
T20200002620,2020-01-16,11:00:00,1,Collision with vehicle,4,Thursday,121,RIGHT THROUGH,1,289584,Cross intersection,2,80,Arterial Highway,DANDENONG,DANDENONG,-38.00295,145.20798,2020,1,January,11,Midday,Weekday
T20200003189,2020-01-16,10:15:00,1,Collision with vehicle,4,Thursday,113,RIGHT NEAR (INTERSECTIONS ONLY),1,628043,T intersection,3,60,Local Road,FREEMANS,HOBSONS BAY,-37.827164,144.8391,2020,1,January,10,Midday,Weekday
T20200003418,2020-01-16,05:30:00,1,Collision with vehicle,4,Thursday,130,REAR END(VEHICLES IN SAME LANE),3,41584,Cross intersection,3,80,Arterial Highway,DANDENONG,MONASH,-37.893482,145.09341,2020,1,January,5,Morning Peak,Weekday
T20200001077,2020-01-16,09:40:00,4,Collision with a fixed object,4,Thursday,175,OFF END OF ROAD/T-INTERSECTION.,1,222047,T intersection,3,60,Freeway,BAYVIEW,MORNINGTON PENINSULA,-38.355564,144.9286,2020,1,January,9,Morning Peak,Weekday
T20200001066,2020-01-16,07:16:00,1,Collision with vehicle,4,Thursday,133,LANE SIDE SWIPE (VEHICLES IN PARALLEL LANES),1,619380,Not at intersection,2,60,Arterial Other,SPRINGVALE,KINGSTON,-38.026047,145.13289,2020,1,January,7,Morning Peak,Weekday
T20200001185,2020-01-16,12:45:00,1,Collision with vehicle,4,Thursday,132,RIGHT REAR.,1,288498,Multiple intersection,2,50,Arterial Highway,HIGH STREET -PALL MALL,BENDIGO,-36.75947,144.27835,2020,1,January,12,Midday,Weekday
T20200001053,2020-01-16,04:55:00,1,Collision with vehicle,4,Thursday,110,CROSS TRAFFIC(INTERSECTIONS ONLY),3,29938,Cross intersection,2,80,Arterial Highway,PRINCES,GEELONG,-38.091434,144.35637,2020,1,January,4,Late Night,Weekday
T20200001069,2020-01-16,06:42:00,1,Collision with vehicle,4,Thursday,121,RIGHT THROUGH,3,295599,T intersection,3,60,Arterial Other,SCORESBY,KNOX,-37.84452,145.2701,2020,1,January,6,Morning Peak,Weekday
T20200002315,2020-01-16,15:30:00,1,Collision with vehicle,4,Thursday,130,REAR END(VEHICLES IN SAME LANE),1,250573,Not at intersection,3,80,Freeway,WEST GATE,HOBSONS BAY,-37.82904,144.89755,2020,1,January,15,Afternoon Peak,Weekday
T20200001075,2020-01-16,12:00:00,1,Collision with vehicle,4,Thursday,142,LEAVING PARKING,1,621763,Not at intersection,3,50,Local Road,JOHN,PORT PHILLIP,-37.87868,144.98846,2020,1,January,12,Midday,Weekday
T20200001070,2020-01-16,09:57:00,2,Struck Pedestrian,4,Thursday,107,PED ON FOOTHPATH STRUCK BY VEHENTERING/LEAVING DRIVEWAY.,1,757965,Not at intersection,3,50,Local Road,COVENTRY,PORT PHILLIP,-37.831673,144.96082,2020,1,January,9,Morning Peak,Weekday
T20200002031,2020-01-16,06:15:00,1,Collision with vehicle,4,Thursday,130,REAR END(VEHICLES IN SAME LANE),2,648690,Not at intersection,2,70,Arterial Other,POUND,DANDENONG,-38.026646,145.24396,2020,1,January,6,Morning Peak,Weekday
T20210008583,2020-01-16,14:07:00,1,Collision with vehicle,4,Thursday,132,RIGHT REAR.,9,65098,T intersection,3,60,Local Road,DRUMMOND,MELBOURNE,-37.79615,144.96922,2020,1,January,14,Midday,Weekday
T20200001219,2020-01-17,18:25:00,4,Collision with a fixed object,5,Friday,173,RIGHT OFF CARRIAGEWAY INTO OBJECT/PARKED VEHICLE,1,637811,Not at intersection,2,100,Arterial Other,GISBORNE,MOORABOOL,-37.554443,144.46259,2020,1,January,18,Afternoon Peak,Weekday
T20200001196,2020-01-17,14:48:00,2,Struck Pedestrian,5,Friday,101,PED EMERGES FROM IN FRONT OF PARKED OR STATIONARY VEHICLE,1,663571,Not at intersection,2,50,Arterial Other,MURRADOC,GEELONG,-38.17109,144.71774,2020,1,January,14,Midday,Weekday
T20200001195,2020-01-17,14:25:00,4,Collision with a fixed object,5,Friday,173,RIGHT OFF CARRIAGEWAY INTO OBJECT/PARKED VEHICLE,1,663639,Not at intersection,3,50,Local Road,LONG TREE,MELTON,-37.66877,144.53783,2020,1,January,14,Midday,Weekday
T20200001191,2020-01-17,14:10:00,1,Collision with vehicle,5,Friday,160,VEHICLE COLLIDES WITH VEHICLE PARKED ON LEFT OF ROAD,1,663473,Not at intersection,3,70,Arterial Highway,CAMPBELL,SWAN HILL,-35.356323,143.56201,2020,1,January,14,Midday,Weekday
T20200001169,2020-01-17,11:00:00,2,Struck Pedestrian,5,Friday,107,PED ON FOOTHPATH STRUCK BY VEHENTERING/LEAVING DRIVEWAY.,1,668198,Not at intersection,3,50,Local Road,MATHOURA,STONNINGTON,-37.84128,145.00818,2020,1,January,11,Midday,Weekday
T20200001190,2020-01-17,13:55:00,4,Collision with a fixed object,5,Friday,171,LEFT OFF CARRIAGEWAY INTO OBJECT/PARKED VEHICLE,1,658386,Not at intersection,2,100,Arterial Highway,MAROONDAH,YARRA RANGES,-37.695698,145.42128,2020,1,January,13,Midday,Weekday
T20200001429,2020-01-17,04:20:00,3,Struck animal,5,Friday,167,STRUCK ANIMAL,5,663631,Not at intersection,3,100,Local Road,BROWNS,GOLDEN PLAINS,-37.69142,143.67894,2020,1,January,4,Late Night,Weekday
T20200010647,2020-01-17,12:00:00,1,Collision with vehicle,5,Friday,151,OUT OF CONTROL (OVERTAKING),1,663611,Not at intersection,3,60,Arterial Other,WAVERLEY,STONNINGTON,-37.876133,145.04947,2020,1,January,12,Midday,Weekday
T20200001212,2020-01-17,18:40:00,4,Collision with a fixed object,5,Friday,171,LEFT OFF CARRIAGEWAY INTO OBJECT/PARKED VEHICLE,1,623584,Not at intersection,3,50,Local Road,ROKEWOOD,HUME,-37.654972,144.91757,2020,1,January,18,Afternoon Peak,Weekday
T20200001176,2020-01-17,10:15:00,1,Collision with vehicle,5,Friday,121,RIGHT THROUGH,1,332564,T intersection,3,60,Arterial Other,MANNINGHAM,MANNINGHAM,-37.772488,145.10474,2020,1,January,10,Midday,Weekday
T20200001206,2020-01-17,17:00:00,6,Vehicle overturned (no collision),5,Friday,170,OFF CARRIAGEWAY TO LEFT,1,619390,Not at intersection,2,80,Local Road,SOLDIERS,CASEY,-38.091724,145.36823,2020,1,January,17,Afternoon Peak,Weekday
T20200001189,2020-01-17,09:27:00,1,Collision with vehicle,5,Friday,160,VEHICLE COLLIDES WITH VEHICLE PARKED ON LEFT OF ROAD,1,636107,Not at intersection,3,50,Local Road,GLENWOOD,MONASH,-37.889862,145.15742,2020,1,January,9,Morning Peak,Weekday
T20200001177,2020-01-17,08:40:00,1,Collision with vehicle,5,Friday,131,LEFT REAR,1,665738,Multiple intersection,3,60,Freeway,ROBINSONS,BRIMBANK,-37.79648,144.75278,2020,1,January,8,Morning Peak,Weekday
T20200001179,2020-01-17,10:10:00,1,Collision with vehicle,5,Friday,130,REAR END(VEHICLES IN SAME LANE),1,619389,Not at intersection,3,80,Local Road,MCCLELLAND,FRANKSTON,-38.172653,145.1666,2020,1,January,10,Midday,Weekday
T20200001180,2020-01-17,10:40:00,1,Collision with vehicle,5,Friday,134,LANE CHANGE RIGHT (NOT OVERTAKING),1,627079,Not at intersection,2,80,Arterial Other,WESTERN,MELTON,-37.7614,144.75294,2020,1,January,10,Midday,Weekday
T20200001182,2020-01-17,05:50:00,1,Collision with vehicle,5,Friday,110,CROSS TRAFFIC(INTERSECTIONS ONLY),2,350953,Cross intersection,3,60,Local Road,DERRIMUT,WYNDHAM,-37.862766,144.68561,2020,1,January,5,Morning Peak,Weekday
T20200001183,2020-01-17,12:00:00,8,No collision and no object struck,5,Friday,174,OUT OF CONTROL ON CARRIAGEWAY (ON STRAIGHT),1,675003,Not at intersection,2,100,Local Road,WALL-SKINNERS,COLAC OTWAY,-38.50739,143.40468,2020,1,January,12,Midday,Weekday
T20200001184,2020-01-17,07:30:00,1,Collision with vehicle,5,Friday,159,OTHER OVERTAKING MANOEUVRES NOT INCLUDED IN DCAs 150-154,1,663569,Not at intersection,3,100,Freeway,AMAROO-HUME IN,HUME,-37.587254,144.94637,2020,1,January,7,Morning Peak,Weekday
T20200001211,2020-01-17,17:00:00,1,Collision with vehicle,5,Friday,130,REAR END(VEHICLES IN SAME LANE),1,292642,Not at intersection,3,100,Freeway,WESTERN RING,MORELAND,-37.694218,144.9133,2020,1,January,17,Afternoon Peak,Weekday
T20200001350,2020-01-17,19:00:00,5,collision with some other object,5,Friday,191,LOAD OR MISSILE STRUCK VEHICLE,9,620263,Not at intersection,3,70,Arterial Other,NARRE WARREN,CASEY,-38.09123,145.29411,2020,1,January,19,Night,Weekday
T20200001187,2020-01-17,11:40:00,4,Collision with a fixed object,5,Friday,183,OFF LEFT BEND INTO OBJECT/PARKED VEHICLE,1,644907,Not at intersection,3,80,Freeway,MONASH IN-WELLINGTON,MONASH,-37.92113,145.17361,2020,1,January,11,Midday,Weekday
T20200001239,2020-01-17,19:32:00,1,Collision with vehicle,5,Friday,121,RIGHT THROUGH,1,277083,T intersection,2,80,Arterial Other,KELLETTS,KNOX,-37.925026,145.28543,2020,1,January,19,Night,Weekday
T20200002323,2020-01-17,13:00:00,2,Struck Pedestrian,5,Friday,102,FAR SIDE. PED HIT BY VEHICLE FROM THE LEFT,1,640961,Not at intersection,3,60,Arterial Highway,SUNRAYSIA,PYRENEES,-37.089115,143.47444,2020,1,January,13,Midday,Weekday
T20200001216,2020-01-17,18:35:00,1,Collision with vehicle,5,Friday,140,U TURN,9,651925,Not at intersection,2,60,Local Road,STATION,MELTON,-37.701263,144.57538,2020,1,January,18,Afternoon Peak,Weekday
T20200003947,2020-01-17,09:00:00,1,Collision with vehicle,5,Friday,121,RIGHT THROUGH,1,640,Cross intersection,3,60,Arterial Other,BORONIA,KNOX,-37.86258,145.28561,2020,1,January,9,Morning Peak,Weekday
T20200001243,2020-01-17,09:30:00,1,Collision with vehicle,5,Friday,134,LANE CHANGE RIGHT (NOT OVERTAKING),1,619965,Not at intersection,3,60,Arterial Other,ORTON,GEELONG,-38.269093,144.51872,2020,1,January,9,Morning Peak,Weekday
T20200001163,2020-01-17,09:00:00,1,Collision with vehicle,5,Friday,147,VEHICLE STRIKES ANOTHER VEH WHILE EMERGING FROM DRIVEWAY,1,619528,Not at intersection,3,60,Arterial Other,DYNON,MELBOURNE,-37.802113,144.92029,2020,1,January,9,Morning Peak,Weekday
T20200001230,2020-01-17,12:35:00,1,Collision with vehicle,5,Friday,110,CROSS TRAFFIC(INTERSECTIONS ONLY),1,42570,Cross intersection,3,60,Arterial Other,POLICE,MONASH,-37.93499,145.17162,2020,1,January,12,Midday,Weekday
T20200001204,2020-01-17,07:40:00,6,Vehicle overturned (no collision),5,Friday,174,OUT OF CONTROL ON CARRIAGEWAY (ON STRAIGHT),1,639987,Not at intersection,3,60,Arterial Other,MT ALEXANDER,MOONEE VALLEY,-37.784874,144.93823,2020,1,January,7,Morning Peak,Weekday
T20200001202,2020-01-17,07:00:00,4,Collision with a fixed object,5,Friday,171,LEFT OFF CARRIAGEWAY INTO OBJECT/PARKED VEHICLE,1,632194,Not at intersection,2,100,Freeway,HUME,WANGARATTA,-36.368027,146.37544,2020,1,January,7,Morning Peak,Weekday
T20200001283,2020-01-18,17:30:00,6,Vehicle overturned (no collision),6,Saturday,174,OUT OF CONTROL ON CARRIAGEWAY (ON STRAIGHT),1,638423,Cross intersection,2,60,Local Road,MARGARET,GEELONG,-38.12424,144.35254,2020,1,January,17,Afternoon Peak,Weekend
T20200001279,2020-01-18,20:37:00,1,Collision with vehicle,6,Saturday,130,REAR END(VEHICLES IN SAME LANE),3,621177,Not at intersection,3,50,Local Road,KENSINGTON,MELBOURNE,-37.801083,144.91562,2020,1,January,20,Night,Weekend
T20200001274,2020-01-18,20:10:00,1,Collision with vehicle,6,Saturday,113,RIGHT NEAR (INTERSECTIONS ONLY),1,636490,T intersection,3,50,Local Road,PALMER,YARRA,-37.81941,145.01276,2020,1,January,20,Night,Weekend
T20200001273,2020-01-18,17:04:00,4,Collision with a fixed object,6,Saturday,173,RIGHT OFF CARRIAGEWAY INTO OBJECT/PARKED VEHICLE,1,663688,Not at intersection,3,50,Local Road,THAMES,WYNDHAM,-37.868786,144.65709,2020,1,January,17,Afternoon Peak,Weekend
T20200001269,2020-01-18,18:30:00,1,Collision with vehicle,6,Saturday,111,RIGHT FAR (INTERSECTIONS ONLY),1,42292,Cross intersection,2,60,Arterial Other,MELVILLE,MORELAND,-37.741726,144.94527,2020,1,January,18,Afternoon Peak,Weekend
T20200001264,2020-01-18,11:30:00,1,Collision with vehicle,6,Saturday,130,REAR END(VEHICLES IN SAME LANE),1,64852,T intersection,3,60,Arterial Other,BALLARAT,MARIBYRNONG,-37.79035,144.8874,2020,1,January,11,Midday,Weekend
T20200001261,2020-01-18,07:08:00,1,Collision with vehicle,6,Saturday,130,REAR END(VEHICLES IN SAME LANE),1,642195,Not at intersection,3,80,Arterial Highway,WELLINGTON,KNOX,-37.925385,145.21228,2020,1,January,7,Morning Peak,Weekend
T20200001257,2020-01-18,10:35:00,1,Collision with vehicle,6,Saturday,130,REAR END(VEHICLES IN SAME LANE),1,208898,Not at intersection,3,40,Arterial Other,NICHOLSON,MORELAND,-37.764313,144.97969,2020,1,January,10,Midday,Weekend
T20200001253,2020-01-18,11:49:00,1,Collision with vehicle,6,Saturday,147,VEHICLE STRIKES ANOTHER VEH WHILE EMERGING FROM DRIVEWAY,1,48005,Cross intersection,3,60,Arterial Other,FRANKSTON-FLINDERS,FRANKSTON,-38.184032,145.14189,2020,1,January,11,Midday,Weekend
T20200001246,2020-01-18,08:20:00,1,Collision with vehicle,6,Saturday,121,RIGHT THROUGH,1,41967,Cross intersection,3,60,Arterial Other,NAPOLEON,KNOX,-37.900494,145.29459,2020,1,January,8,Morning Peak,Weekend
T20200001245,2020-01-18,11:37:00,1,Collision with vehicle,6,Saturday,110,CROSS TRAFFIC(INTERSECTIONS ONLY),1,40406,Cross intersection,3,60,Arterial Other,RIVERSDALE,BOROONDARA,-37.83092,145.0528,2020,1,January,11,Midday,Weekend
T20200001244,2020-01-18,11:30:00,1,Collision with vehicle,6,Saturday,121,RIGHT THROUGH,1,34021,Cross intersection,3,80,Arterial Highway,BURWOOD,KNOX,-37.870857,145.24144,2020,1,January,11,Midday,Weekend
T20200001237,2020-01-18,07:10:00,1,Collision with vehicle,6,Saturday,135,LANE CHANGE LEFT (NOT OVERTAKING),1,619679,Not at intersection,3,100,Freeway,WESTERN RING,HUME,-37.693806,144.90915,2020,1,January,7,Morning Peak,Weekend
T20200001235,2020-01-18,07:55:00,2,Struck Pedestrian,6,Saturday,102,FAR SIDE. PED HIT BY VEHICLE FROM THE LEFT,1,37142,T intersection,3,40,Arterial Other,SWAN,YARRA,-37.825363,144.99506,2020,1,January,7,Morning Peak,Weekend
T20200001234,2020-01-18,06:00:00,1,Collision with vehicle,6,Saturday,137,LEFT TURN SIDESWIPE,1,351849,Cross intersection,2,80,Arterial Other,PASCOE VALE,HUME,-37.643753,144.92906,2020,1,January,6,Morning Peak,Weekend
T20200001227,2020-01-18,01:45:00,4,Collision with a fixed object,6,Saturday,171,LEFT OFF CARRIAGEWAY INTO OBJECT/PARKED VEHICLE,3,635936,Not at intersection,2,60,Arterial Other,SHORT,MITCHELL,-37.205364,145.05809,2020,1,January,1,Late Night,Weekend
T20200001997,2020-01-18,15:00:00,1,Collision with vehicle,6,Saturday,130,REAR END(VEHICLES IN SAME LANE),1,66227,T intersection,3,60,Arterial Other,WILLIAMSTOWN,MARIBYRNONG,-37.82177,144.88177,2020,1,January,15,Afternoon Peak,Weekend
T20200003789,2020-01-18,16:54:00,1,Collision with vehicle,6,Saturday,110,CROSS TRAFFIC(INTERSECTIONS ONLY),1,42412,Cross intersection,2,50,Local Road,CHARLOTTE,KINGSTON,-37.933872,145.1204,2020,1,January,16,Afternoon Peak,Weekend
T20200003883,2020-01-18,10:00:00,2,Struck Pedestrian,6,Saturday,101,PED EMERGES FROM IN FRONT OF PARKED OR STATIONARY VEHICLE,1,629337,Cross intersection,3,60,Arterial Other,CITY,MELBOURNE,-37.823902,144.9625,2020,1,January,10,Midday,Weekend
T20200004189,2020-01-18,11:45:00,1,Collision with vehicle,6,Saturday,130,REAR END(VEHICLES IN SAME LANE),1,640636,Not at intersection,3,60,Arterial Highway,BELL,BANYULE,-37.75117,145.04588,2020,1,January,11,Midday,Weekend
T20200001256,2020-01-18,13:07:00,1,Collision with vehicle,6,Saturday,113,RIGHT NEAR (INTERSECTIONS ONLY),1,45524,Cross intersection,2,60,Arterial Other,DERRIMUT ROAD -HOPKINS,MELTON,-37.80502,144.69594,2020,1,January,13,Midday,Weekend
T20200001700,2020-01-18,19:27:00,4,Collision with a fixed object,6,Saturday,173,RIGHT OFF CARRIAGEWAY INTO OBJECT/PARKED VEHICLE,2,632507,Not at intersection,3,60,Local Road,SIXTEENTH,MILDURA,-34.212563,142.12259,2020,1,January,19,Night,Weekend
T20200001655,2020-01-18,09:00:00,4,Collision with a fixed object,6,Saturday,171,LEFT OFF CARRIAGEWAY INTO OBJECT/PARKED VEHICLE,1,623281,T intersection,3,60,Local Road,MORRISON,CARDINIA,-38.024784,145.52333,2020,1,January,9,Morning Peak,Weekend
T20200001516,2020-01-18,06:00:00,1,Collision with vehicle,6,Saturday,121,RIGHT THROUGH,2,37966,Cross intersection,3,60,Local Road,PLENTY,DAREBIN,-37.74906,145.00386,2020,1,January,6,Morning Peak,Weekend
T20200001444,2020-01-18,16:50:00,1,Collision with vehicle,6,Saturday,121,RIGHT THROUGH,1,45521,T intersection,2,80,Local Road,EXFORD,MELTON,-37.74783,144.57578,2020,1,January,16,Afternoon Peak,Weekend
T20200010328,2020-01-18,11:07:00,1,Collision with vehicle,6,Saturday,130,REAR END(VEHICLES IN SAME LANE),1,35450,Cross intersection,3,70,Arterial Other,YAN YEAN,NILLUMBIK,-37.677906,145.12556,2020,1,January,11,Midday,Weekend
T20200001351,2020-01-18,10:20:00,1,Collision with vehicle,6,Saturday,140,U TURN,1,620264,Not at intersection,3,50,Local Road,MARTIN,BAYSIDE,-37.897354,145.00363,2020,1,January,10,Midday,Weekend
T20200001306,2020-01-18,21:19:00,1,Collision with vehicle,6,Saturday,130,REAR END(VEHICLES IN SAME LANE),3,205706,Not at intersection,2,60,Arterial Other,BURWOOD,BOROONDARA,-37.82365,145.04411,2020,1,January,21,Night,Weekend
T20200001298,2020-01-18,11:10:00,1,Collision with vehicle,6,Saturday,130,REAR END(VEHICLES IN SAME LANE),1,657940,Not at intersection,3,100,Arterial Highway,BASS,BASS COAST,-38.377098,145.55818,2020,1,January,11,Midday,Weekend
T20200001293,2020-01-18,14:00:00,1,Collision with vehicle,6,Saturday,120,HEAD ON (NOT OVERTAKING),1,620881,Not at intersection,2,60,Local Road,ONE TREE HILL,YARRA RANGES,-37.87807,145.33977,2020,1,January,14,Midday,Weekend
T20200002919,2020-01-19,13:30:00,1,Collision with vehicle,7,Sunday,130,REAR END(VEHICLES IN SAME LANE),1,661710,Not at intersection,3,80,Arterial Other,PLENTY,WHITTLESEA,-37.599937,145.09637,2020,1,January,13,Midday,Weekend
T20200001370,2020-01-19,11:30:00,6,Vehicle overturned (no collision),7,Sunday,174,OUT OF CONTROL ON CARRIAGEWAY (ON STRAIGHT),1,621478,Not at intersection,3,100,Local Road,BUTTERCUP,MANSFIELD,-37.079582,146.25998,2020,1,January,11,Midday,Weekend
T20200001739,2020-01-19,09:00:00,1,Collision with vehicle,7,Sunday,198,OTHER ACCIDENTS NOT CLASSIFIABLE ELSEWHERE,9,44915,Cross intersection,3,50,Arterial Other,STATION,BRIMBANK,-37.752586,144.7777,2020,1,January,9,Morning Peak,Weekend
T20200001296,2020-01-19,08:35:00,1,Collision with vehicle,7,Sunday,160,VEHICLE COLLIDES WITH VEHICLE PARKED ON LEFT OF ROAD,1,637467,Not at intersection,2,50,Local Road,LINDEN TREE,CASEY,-38.085613,145.31961,2020,1,January,8,Morning Peak,Weekend
T20200003774,2020-01-19,12:30:00,1,Collision with vehicle,7,Sunday,130,REAR END(VEHICLES IN SAME LANE),1,73236,T intersection,3,60,Arterial Other,BARWON HEADS-OCEAN GROVE ROAD -BRIDGE,GEELONG,-38.282677,144.49364,2020,1,January,12,Midday,Weekend
T20200001342,2020-01-19,13:00:00,1,Collision with vehicle,7,Sunday,130,REAR END(VEHICLES IN SAME LANE),1,658009,Not at intersection,3,80,Arterial Highway,DANDENONG VALLEY,KNOX,-37.870087,145.23444,2020,1,January,13,Midday,Weekend
T20200001686,2020-01-19,18:55:00,1,Collision with vehicle,7,Sunday,113,RIGHT NEAR (INTERSECTIONS ONLY),1,46355,T intersection,3,60,Freeway,BURKE,BOROONDARA,-37.78404,145.06279,2020,1,January,18,Afternoon Peak,Weekend
T20200001297,2020-01-19,08:10:00,1,Collision with vehicle,7,Sunday,147,VEHICLE STRIKES ANOTHER VEH WHILE EMERGING FROM DRIVEWAY,1,623585,Not at intersection,3,40,Arterial Other,WHITEHORSE,BOROONDARA,-37.812233,145.07628,2020,1,January,8,Morning Peak,Weekend
T20200001336,2020-01-19,22:45:00,5,collision with some other object,7,Sunday,166,STRUCK OBJECT ON CARRIAGEWAY,5,622964,Not at intersection,3,100,Arterial Other,BEECHWORTH-WANGARATTA,WANGARATTA,-36.386395,146.50096,2020,1,January,22,Night,Weekend
T20200001330,2020-01-19,18:25:00,4,Collision with a fixed object,7,Sunday,173,RIGHT OFF CARRIAGEWAY INTO OBJECT/PARKED VEHICLE,1,636681,Not at intersection,2,100,Arterial Other,GEELONG-BALLAN,MOORABOOL,-37.689056,144.22563,2020,1,January,18,Afternoon Peak,Weekend
T20200001329,2020-01-19,16:00:00,5,collision with some other object,7,Sunday,198,OTHER ACCIDENTS NOT CLASSIFIABLE ELSEWHERE,1,620262,Not at intersection,3,60,Arterial Highway,BULLEEN,BOROONDARA,-37.782047,145.0785,2020,1,January,16,Afternoon Peak,Weekend
T20200001515,2020-01-19,14:03:00,5,collision with some other object,7,Sunday,173,RIGHT OFF CARRIAGEWAY INTO OBJECT/PARKED VEHICLE,1,636853,Not at intersection,2,100,Local Road,EURAMBEEN-STREATHAM,PYRENEES,-37.558674,143.17076,2020,1,January,14,Midday,Weekend
T20200001322,2020-01-19,17:55:00,4,Collision with a fixed object,7,Sunday,171,LEFT OFF CARRIAGEWAY INTO OBJECT/PARKED VEHICLE,1,295048,Cross intersection,2,60,Arterial Highway,FORGE CREEK ROAD -MAIN,EAST GIPPSLAND,-37.831295,147.61113,2020,1,January,17,Afternoon Peak,Weekend
T20200001320,2020-01-19,15:00:00,1,Collision with vehicle,7,Sunday,113,RIGHT NEAR (INTERSECTIONS ONLY),1,224779,T intersection,3,70,Arterial Other,RAGLAN,WELLINGTON,-38.099567,147.07765,2020,1,January,15,Afternoon Peak,Weekend
T20200002675,2020-01-19,10:30:00,4,Collision with a fixed object,7,Sunday,173,RIGHT OFF CARRIAGEWAY INTO OBJECT/PARKED VEHICLE,1,626747,Not at intersection,3,50,Local Road,B2,BENALLA,-36.784885,145.89545,2020,1,January,10,Midday,Weekend
T20200001316,2020-01-19,17:34:00,6,Vehicle overturned (no collision),7,Sunday,180,OFF CARRIAGEWAY ON RIGHT BEND,2,773331,Not at intersection,3,70,Arterial Other,MONBULK,YARRA RANGES,-37.89767,145.35817,2020,1,January,17,Afternoon Peak,Weekend
T20200001289,2020-01-19,02:40:00,1,Collision with vehicle,7,Sunday,113,RIGHT NEAR (INTERSECTIONS ONLY),3,57075,T intersection,2,80,Arterial Highway,HOPKINS,WARRNAMBOOL,-38.32517,142.5056,2020,1,January,2,Late Night,Weekend
T20200001310,2020-01-19,15:00:00,1,Collision with vehicle,7,Sunday,179,OTHER ACCIDENTS-OFF STRAIGHT NOT INCLUDED IN DCAs 170-175,1,43072,Cross intersection,3,50,Local Road,ANN,DANDENONG,-37.978943,145.21565,2020,1,January,15,Afternoon Peak,Weekend
T20200001302,2020-01-19,12:30:00,6,Vehicle overturned (no collision),7,Sunday,182,OFF CARRIAGEWAY ON LEFT BEND,1,639988,Not at intersection,2,100,Local Road,BASS VALLEY,SOUTH GIPPSLAND,-38.407757,145.76086,2020,1,January,12,Midday,Weekend
T20200001304,2020-01-19,12:54:00,1,Collision with vehicle,7,Sunday,130,REAR END(VEHICLES IN SAME LANE),1,341929,Not at intersection,3,80,Arterial Highway,SPRINGVALE,MONASH,-37.91014,145.16019,2020,1,January,12,Midday,Weekend