ACCIDENT_NO,ACCIDENT_DATE,ACCIDENT_TIME,ACCIDENT_TYPE,ACCIDENT_TYPE_DESC,DAY_OF_WEEK,DAY_WEEK_DESC,DCA_CODE,DCA_DESC,LIGHT_CONDITION,NODE_ID,ROAD_GEOMETRY_DESC,SEVERITY,SPEED_ZONE,RMA,ROAD_NAME,LGA_NAME,LATITUDE,LONGITUDE,YEAR,MONTH,MONTH_NAME,HOUR,TIME_PERIOD,DAY_TYPE
T20200001291,2020-01-19,03:25:00,4,Collision with a fixed object,7,Sunday,173,RIGHT OFF CARRIAGEWAY INTO OBJECT/PARKED VEHICLE,5,636109,Not at intersection,2,80,Local Road,POUND,CASEY,-38.10439,145.3635,2020,1,January,3,Late Night,Weekend
T20200001299,2020-01-19,10:49:00,1,Collision with vehicle,7,Sunday,136,RIGHT TURN SIDESWIPE,1,619966,T intersection,2,50,Local Road,WOOD,DAREBIN,-37.7347,145.01643,2020,1,January,10,Midday,Weekend
T20200001381,2020-01-19,19:00:00,6,Vehicle overturned (no collision),7,Sunday,174,OUT OF CONTROL ON CARRIAGEWAY (ON STRAIGHT),2,73267,T intersection,3,80,Local Road,BAYVIEW,MORNINGTON PENINSULA,-38.290825,145.21053,2020,1,January,19,Night,Weekend
T20200001303,2020-01-19,08:24:00,1,Collision with vehicle,7,Sunday,113,RIGHT NEAR (INTERSECTIONS ONLY),1,38286,T intersection,2,50,Arterial Other,HIGH,MANNINGHAM,-37.786453,145.10556,2020,1,January,8,Morning Peak,Weekend
T20200001308,2020-01-19,11:40:00,1,Collision with vehicle,7,Sunday,110,CROSS TRAFFIC(INTERSECTIONS ONLY),1,644102,Cross intersection,2,80,Local Road,NEWTON,MILDURA,-34.264404,142.1922,2020,1,January,11,Midday,Weekend
T20200001376,2020-01-19,17:25:00,1,Collision with vehicle,7,Sunday,130,REAR END(VEHICLES IN SAME LANE),1,70603,T intersection,3,60,Arterial Highway,LOWER DANDENONG,KINGSTON,-37.984783,145.09427,2020,1,January,17,Afternoon Peak,Weekend
T20200001543,2020-01-20,21:09:00,2,Struck Pedestrian,1,Monday,102,FAR SIDE. PED HIT BY VEHICLE FROM THE LEFT,3,29488,Multiple intersection,3,50,Local Road,DUNDAS,DAREBIN,-37.752293,145.00165,2020,1,January,21,Night,Weekday
T20200001449,2020-01-20,16:45:00,1,Collision with vehicle,1,Monday,130,REAR END(VEHICLES IN SAME LANE),1,663834,Cross intersection,2,70,Arterial Highway,MIDLAND,BENDIGO,-36.71087,144.315,2020,1,January,16,Afternoon Peak,Weekday
T20200002348,2020-01-20,16:00:00,1,Collision with vehicle,1,Monday,121,RIGHT THROUGH,1,275383,T intersection,3,60,Local Road,DAVID JOHN,WYNDHAM,-37.849293,144.70657,2020,1,January,16,Afternoon Peak,Weekday
T20200001411,2020-01-20,23:30:00,4,Collision with a fixed object,1,Monday,171,LEFT OFF CARRIAGEWAY INTO OBJECT/PARKED VEHICLE,3,251653,Not at intersection,2,60,Local Road,PERRY,DANDENONG,-37.99484,145.17535,2020,1,January,23,Night,Weekday
T20200001403,2020-01-20,17:00:00,1,Collision with vehicle,1,Monday,110,CROSS TRAFFIC(INTERSECTIONS ONLY),1,764497,Cross intersection,3,60,Arterial Highway,BANYAN,WARRNAMBOOL,-38.38184,142.48804,2020,1,January,17,Afternoon Peak,Weekday
T20200001395,2020-01-20,17:45:00,1,Collision with vehicle,1,Monday,111,RIGHT FAR (INTERSECTIONS ONLY),1,29454,Cross intersection,2,60,Arterial Other,CITY,PORT PHILLIP,-37.834007,144.94966,2020,1,January,17,Afternoon Peak,Weekday
T20200001389,2020-01-20,13:55:00,6,Vehicle overturned (no collision),1,Monday,170,OFF CARRIAGEWAY TO LEFT,1,663734,Not at intersection,3,100,Arterial Highway,LODDON VALLEY,LODDON,-36.04403,143.94841,2020,1,January,13,Midday,Weekday
T20200001386,2020-01-20,17:15:00,1,Collision with vehicle,1,Monday,110,CROSS TRAFFIC(INTERSECTIONS ONLY),1,637163,Cross intersection,3,60,Local Road,PLANTATION,GEELONG,-38.068165,144.37164,2020,1,January,17,Afternoon Peak,Weekday
T20200001379,2020-01-20,15:16:00,4,Collision with a fixed object,1,Monday,183,OFF LEFT BEND INTO OBJECT/PARKED VEHICLE,1,729116,Not at intersection,3,50,Local Road,LAKESIDE,PORT PHILLIP,-37.843185,144.97083,2020,1,January,15,Afternoon Peak,Weekday
T20200001377,2020-01-20,14:30:00,1,Collision with vehicle,1,Monday,140,U TURN,1,622338,Not at intersection,3,80,Arterial Highway,SOUTH GIPPSLAND,DANDENONG,-38.003326,145.22672,2020,1,January,14,Midday,Weekday
T20200001366,2020-01-20,11:45:00,1,Collision with vehicle,1,Monday,111,RIGHT FAR (INTERSECTIONS ONLY),1,56368,Cross intersection,2,50,Local Road,OAKGROVE,CASEY,-38.050938,145.2965,2020,1,January,11,Midday,Weekday
T20200001555,2020-01-20,14:00:00,1,Collision with vehicle,1,Monday,130,REAR END(VEHICLES IN SAME LANE),1,43662,Cross intersection,2,50,Arterial Other,GAP,HUME,-37.578457,144.71011,2020,1,January,14,Midday,Weekday
T20200001360,2020-01-20,11:55:00,6,Vehicle overturned (no collision),1,Monday,174,OUT OF CONTROL ON CARRIAGEWAY (ON STRAIGHT),1,119354,Not at intersection,2,60,Arterial Other,FLEMINGTON,MELBOURNE,-37.796852,144.95152,2020,1,January,11,Midday,Weekday
T20200001768,2020-01-20,17:30:00,1,Collision with vehicle,1,Monday,147,VEHICLE STRIKES ANOTHER VEH WHILE EMERGING FROM DRIVEWAY,9,655781,T intersection,3,60,Local Road,CHERRY,WYNDHAM,-37.83913,144.79237,2020,1,January,17,Afternoon Peak,Weekday
T20200001405,2020-01-20,21:20:00,3,Struck animal,1,Monday,167,STRUCK ANIMAL,5,636491,Not at intersection,2,100,Arterial Other,PORTLAND-NELSON,GLENELG,-38.265537,141.50525,2020,1,January,21,Night,Weekday
T20200003892,2020-01-20,16:15:00,1,Collision with vehicle,1,Monday,134,LANE CHANGE RIGHT (NOT OVERTAKING),1,756485,Not at intersection,3,60,Local Road,BAMBRA,GLEN EIRA,-37.874138,145.0313,2020,1,January,16,Afternoon Peak,Weekday
T20200001407,2020-01-20,15:00:00,1,Collision with vehicle,1,Monday,131,LEFT REAR,1,44640,T intersection,3,40,Local Road,HARGREAVES,BENDIGO,-36.7594,144.2811,2020,1,January,15,Afternoon Peak,Weekday
T20200002180,2020-01-20,18:30:00,1,Collision with vehicle,1,Monday,147,VEHICLE STRIKES ANOTHER VEH WHILE EMERGING FROM DRIVEWAY,1,666591,Not at intersection,3,60,Arterial Other,DAREBIN,DAREBIN,-37.76481,145.01396,2020,1,January,18,Afternoon Peak,Weekday
T20200004977,2020-01-20,04:30:00,4,Collision with a fixed object,1,Monday,171,LEFT OFF CARRIAGEWAY INTO OBJECT/PARKED VEHICLE,5,659146,Not at intersection,2,100,Arterial Other,KATAMATITE-NATHALIA,MOIRA,-36.099243,145.50638,2020,1,January,4,Late Night,Weekday
T20200009154,2020-01-20,12:30:00,1,Collision with vehicle,1,Monday,130,REAR END(VEHICLES IN SAME LANE),1,652183,Not at intersection,3,80,Arterial Highway,STATE (BELL/SPRINGVALE),MONASH,-37.907436,145.16074,2020,1,January,12,Midday,Weekday
T20200003741,2020-01-20,18:35:00,4,Collision with a fixed object,1,Monday,171,LEFT OFF CARRIAGEWAY INTO OBJECT/PARKED VEHICLE,1,635718,Not at intersection,3,70,Arterial Other,MONBULK,YARRA RANGES,-37.897167,145.35858,2020,1,January,18,Afternoon Peak,Weekday
T20200001482,2020-01-20,21:12:00,1,Collision with vehicle,1,Monday,132,RIGHT REAR.,3,620883,T intersection,3,60,Arterial Other,SAYERS,WYNDHAM,-37.851406,144.71565,2020,1,January,21,Night,Weekday
T20200001348,2020-01-20,09:07:00,4,Collision with a fixed object,1,Monday,173,RIGHT OFF CARRIAGEWAY INTO OBJECT/PARKED VEHICLE,1,636711,Not at intersection,2,60,Arterial Other,CENTRE,GLEN EIRA,-37.92262,145.07057,2020,1,January,9,Morning Peak,Weekday
T20200001353,2020-01-20,10:58:00,2,Struck Pedestrian,1,Monday,102,FAR SIDE. PED HIT BY VEHICLE FROM THE LEFT,1,32340,Cross intersection,2,60,Arterial Highway,ST KILDA,PORT PHILLIP,-37.86463,144.98587,2020,1,January,10,Midday,Weekday
T20200001355,2020-01-20,10:20:00,1,Collision with vehicle,1,Monday,130,REAR END(VEHICLES IN SAME LANE),1,620265,Not at intersection,3,40,Local Road,QUEENSBERRY,MELBOURNE,-37.80484,144.96573,2020,1,January,10,Midday,Weekday
T20200004430,2020-01-21,07:00:00,1,Collision with vehicle,2,Tuesday,121,RIGHT THROUGH,1,42713,Cross intersection,3,60,Arterial Other,BALCOMBE,BAYSIDE,-37.977615,145.03462,2020,1,January,7,Morning Peak,Weekday
T20200001571,2020-01-21,22:15:00,3,Struck animal,2,Tuesday,167,STRUCK ANIMAL,5,622655,Not at intersection,3,100,Arterial Highway,NORTHERN,CAMPASPE,-36.678265,144.66438,2020,1,January,22,Night,Weekday
T20200001581,2020-01-21,04:50:00,4,Collision with a fixed object,2,Tuesday,181,OFF RIGHT BEND INTO OBJECT/PARKED VEHICLE,3,762299,Not at intersection,2,80,Freeway,TULLAMARINE,MOONEE VALLEY,-37.732567,144.89104,2020,1,January,4,Late Night,Weekday
T20200002973,2020-01-21,17:15:00,1,Collision with vehicle,2,Tuesday,121,RIGHT THROUGH,1,47263,T intersection,3,60,Arterial Highway,BULLEEN,BOROONDARA,-37.782185,145.07845,2020,1,January,17,Afternoon Peak,Weekday
T20200001453,2020-01-21,14:15:00,1,Collision with vehicle,2,Tuesday,110,CROSS TRAFFIC(INTERSECTIONS ONLY),1,58283,Cross intersection,3,40,Local Road,HIGH,SWAN HILL,-35.343605,143.55652,2020,1,January,14,Midday,Weekday
T20200001514,2020-01-21,07:25:00,1,Collision with vehicle,2,Tuesday,120,HEAD ON (NOT OVERTAKING),1,623878,Not at intersection,3,60,Arterial Other,EPPING,WHITTLESEA,-37.636375,145.02654,2020,1,January,7,Morning Peak,Weekday
T20200001595,2020-01-21,12:45:00,1,Collision with vehicle,2,Tuesday,130,REAR END(VEHICLES IN SAME LANE),1,621764,Cross intersection,3,60,Arterial Other,MT DANDENONG,MAROONDAH,-37.799168,145.27913,2020,1,January,12,Midday,Weekday
T20200001439,2020-01-21,06:52:00,1,Collision with vehicle,2,Tuesday,133,LANE SIDE SWIPE (VEHICLES IN PARALLEL LANES),1,658084,Not at intersection,3,60,Local Road,FERNHILL,BAYSIDE,-37.95383,145.00932,2020,1,January,6,Morning Peak,Weekday
T20200001452,2020-01-21,13:30:00,1,Collision with vehicle,2,Tuesday,135,LANE CHANGE LEFT (NOT OVERTAKING),1,622654,Not at intersection,2,100,Freeway,MONASH,DANDENONG,-37.95395,145.21722,2020,1,January,13,Midday,Weekday
T20200001410,2020-01-21,00:54:00,1,Collision with vehicle,2,Tuesday,171,LEFT OFF CARRIAGEWAY INTO OBJECT/PARKED VEHICLE,3,36131,T intersection,3,50,Local Road,AMERY,DAREBIN,-37.698914,144.99011,2020,1,January,0,Late Night,Weekday
T20200001413,2020-01-21,01:30:00,1,Collision with vehicle,2,Tuesday,171,LEFT OFF CARRIAGEWAY INTO OBJECT/PARKED VEHICLE,3,663836,Not at intersection,3,60,Arterial Other,BOLDREWOOD,DAREBIN,-37.722103,145.02187,2020,1,January,1,Late Night,Weekday
T20200001450,2020-01-21,07:35:00,1,Collision with vehicle,2,Tuesday,130,REAR END(VEHICLES IN SAME LANE),1,663886,Not at intersection,3,100,Freeway,PRINCES,WYNDHAM,-37.87113,144.74547,2020,1,January,7,Morning Peak,Weekday
T20200001425,2020-01-21,08:35:00,1,Collision with vehicle,2,Tuesday,121,RIGHT THROUGH,1,39735,Cross intersection,3,70,Arterial Other,BAYSWATER,MAROONDAH,-37.810574,145.2696,2020,1,January,8,Morning Peak,Weekday
T20200001427,2020-01-21,07:20:00,1,Collision with vehicle,2,Tuesday,110,CROSS TRAFFIC(INTERSECTIONS ONLY),2,45021,Cross intersection,2,50,Local Road,KING EDWARD,BRIMBANK,-37.781883,144.82245,2020,1,January,7,Morning Peak,Weekday
T20200001442,2020-01-21,12:40:00,6,Vehicle overturned (no collision),2,Tuesday,174,OUT OF CONTROL ON CARRIAGEWAY (ON STRAIGHT),1,620568,Not at intersection,3,50,Local Road,ALLENDALE,NILLUMBIK,-37.68874,145.1584,2020,1,January,12,Midday,Weekday
T20200001438,2020-01-21,06:17:00,1,Collision with vehicle,2,Tuesday,130,REAR END(VEHICLES IN SAME LANE),1,663855,Not at intersection,3,80,Freeway,WESTERN RING OUT-PASCOE VALE,HUME,-37.697994,144.89742,2020,1,January,6,Morning Peak,Weekday
T20200001435,2020-01-21,09:00:00,1,Collision with vehicle,2,Tuesday,142,LEAVING PARKING,1,658163,Not at intersection,3,50,Local Road,COOKSON,BOROONDARA,-37.82635,145.06046,2020,1,January,9,Morning Peak,Weekday
T20200001479,2020-01-21,18:30:00,1,Collision with vehicle,2,Tuesday,110,CROSS TRAFFIC(INTERSECTIONS ONLY),1,38437,Cross intersection,3,80,Arterial Highway,MAROONDAH,YARRA RANGES,-37.761288,145.31041,2020,1,January,18,Afternoon Peak,Weekday
T20200001469,2020-01-21,15:00:00,1,Collision with vehicle,2,Tuesday,160,VEHICLE COLLIDES WITH VEHICLE PARKED ON LEFT OF ROAD,1,658164,T intersection,2,60,Local Road,KARS,FRANKSTON,-38.15464,145.118,2020,1,January,15,Afternoon Peak,Weekday
T20200001465,2020-01-21,05:30:00,1,Collision with vehicle,2,Tuesday,113,RIGHT NEAR (INTERSECTIONS ONLY),6,43314,T intersection,2,60,Local Road,BREEZE,KINGSTON,-38.068745,145.12099,2020,1,January,5,Morning Peak,Weekday
T20200001497,2020-01-21,17:24:00,1,Collision with vehicle,2,Tuesday,132,RIGHT REAR.,1,344374,T intersection,1,100,Arterial Highway,NORTHERN,MITCHELL,-37.03129,144.79437,2020,1,January,17,Afternoon Peak,Weekday
T20200001478,2020-01-21,18:20:00,1,Collision with vehicle,2,Tuesday,154,PULLING OUT -REAR END,1,622965,Not at intersection,2,40,Arterial Other,SYDNEY,MORELAND,-37.77684,144.96048,2020,1,January,18,Afternoon Peak,Weekday
T20200001481,2020-01-21,19:00:00,1,Collision with vehicle,2,Tuesday,130,REAR END(VEHICLES IN SAME LANE),1,35577,T intersection,2,60,Arterial Other,PASCOE VALE,HUME,-37.68369,144.91829,2020,1,January,19,Night,Weekday
T20200001464,2020-01-21,14:46:00,1,Collision with vehicle,2,Tuesday,121,RIGHT THROUGH,1,44915,Cross intersection,2,70,Arterial Other,STATION,BRIMBANK,-37.752586,144.7777,2020,1,January,14,Midday,Weekday
T20200001507,2020-01-21,15:09:00,1,Collision with vehicle,2,Tuesday,121,RIGHT THROUGH,1,623586,T intersection,2,50,Local Road,WILLSMERE,BOROONDARA,-37.7948,145.03664,2020,1,January,15,Afternoon Peak,Weekday
T20200001506,2020-01-21,23:20:00,1,Collision with vehicle,2,Tuesday,140,U TURN,3,309216,T intersection,3,60,Arterial Highway,KINGS,PORT PHILLIP,-37.835052,144.97081,2020,1,January,23,Night,Weekday
T20200001610,2020-01-21,07:45:00,1,Collision with vehicle,2,Tuesday,130,REAR END(VEHICLES IN SAME LANE),2,663838,Not at intersection,3,100,Freeway,EASTERN,BOROONDARA,-37.779926,145.08408,2020,1,January,7,Morning Peak,Weekday
T20200001430,2020-01-21,11:30:00,1,Collision with vehicle,2,Tuesday,130,REAR END(VEHICLES IN SAME LANE),1,729118,T intersection,3,50,Arterial Other,CRAIGIEBURN,HUME,-37.59825,144.93497,2020,1,January,11,Midday,Weekday
T20200001487,2020-01-21,18:00:00,1,Collision with vehicle,2,Tuesday,130,REAR END(VEHICLES IN SAME LANE),1,52080,T intersection,3,100,Arterial Highway,PRINCES,WELLINGTON,-38.11931,146.86023,2020,1,January,18,Afternoon Peak,Weekday
T20200001477,2020-01-21,18:10:00,2,Struck Pedestrian,2,Tuesday,100,PED NEAR SIDE. PED HIT BY VEHICLE FROM THE RIGHT.,1,625467,Cross intersection,3,80,Arterial Highway,STUD,KNOX,-37.899014,145.23294,2020,1,January,18,Afternoon Peak,Weekday
T20200001490,2020-01-21,08:40:00,1,Collision with vehicle,2,Tuesday,130,REAR END(VEHICLES IN SAME LANE),9,621179,Not at intersection,3,60,Arterial Other,ROYAL PARADE SERVICE,MELBOURNE,-37.780186,144.96014,2020,1,January,8,Morning Peak,Weekday
T20200001492,2020-01-21,17:20:00,1,Collision with vehicle,2,Tuesday,130,REAR END(VEHICLES IN SAME LANE),1,658165,Not at intersection,2,100,Freeway,MONASH,CASEY,-37.99534,145.26611,2020,1,January,17,Afternoon Peak,Weekday
T20200001499,2020-01-21,16:57:00,2,Struck Pedestrian,2,Tuesday,101,PED EMERGES FROM IN FRONT OF PARKED OR STATIONARY VEHICLE,1,622339,Not at intersection,3,50,Local Road,YOUNG,FRANKSTON,-38.14689,145.12198,2020,1,January,16,Afternoon Peak,Weekday
T20200001614,2020-01-21,12:10:00,1,Collision with vehicle,2,Tuesday,163,VEHICLE STRIKES DOOR OF PARKED/STATIONARY VEHICLE,1,243885,Not at intersection,2,40,Local Road,COLLINS,MELBOURNE,-37.813354,144.97382,2020,1,January,12,Midday,Weekday
T20200001511,2020-01-22,01:45:00,4,Collision with a fixed object,3,Wednesday,173,RIGHT OFF CARRIAGEWAY INTO OBJECT/PARKED VEHICLE,5,620402,Not at intersection,1,60,Local Road,ELLIS,HEPBURN,-37.334362,144.19044,2020,1,January,1,Late Night,Weekday
T20200003954,2020-01-22,16:00:00,6,Vehicle overturned (no collision),3,Wednesday,174,OUT OF CONTROL ON CARRIAGEWAY (ON STRAIGHT),1,631559,Not at intersection,3,60,Arterial Other,RACECOURSE,CARDINIA,-38.079475,145.493,2020,1,January,16,Afternoon Peak,Weekday
T20200003037,2020-01-22,05:40:00,1,Collision with vehicle,3,Wednesday,131,LEFT REAR,5,635708,Cross intersection,3,60,Freeway,CALDER OUT-MUNDY,HUME,-37.539234,144.64827,2020,1,January,5,Morning Peak,Weekday
T20200001582,2020-01-22,23:00:00,1,Collision with vehicle,3,Wednesday,130,REAR END(VEHICLES IN SAME LANE),3,664232,T intersection,3,80,Arterial Other,FERNTREE GULLY,KNOX,-37.897736,145.24289,2020,1,January,23,Night,Weekday
T20200001579,2020-01-22,21:24:00,1,Collision with vehicle,3,Wednesday,110,CROSS TRAFFIC(INTERSECTIONS ONLY),3,673299,Cross intersection,3,60,Local Road,ELEVATION,HUME,-37.598625,144.89328,2020,1,January,21,Night,Weekday
T20200001601,2020-01-22,15:45:00,4,Collision with a fixed object,3,Wednesday,183,OFF LEFT BEND INTO OBJECT/PARKED VEHICLE,1,621186,Not at intersection,3,100,Arterial Other,KORUMBURRA-WARRAGUL,SOUTH GIPPSLAND,-38.359936,145.8709,2020,1,January,15,Afternoon Peak,Weekday
T20200001577,2020-01-22,16:30:00,6,Vehicle overturned (no collision),3,Wednesday,180,OFF CARRIAGEWAY ON RIGHT BEND,1,644103,Not at intersection,2,100,Arterial Other,PORTLAND-NELSON,GLENELG,-38.042923,140.99178,2020,1,January,16,Afternoon Peak,Weekday
T20200001572,2020-01-22,17:00:00,1,Collision with vehicle,3,Wednesday,130,REAR END(VEHICLES IN SAME LANE),1,622057,Not at intersection,2,80,Arterial Other,KOO WEE RUP,CARDINIA,-38.194065,145.47682,2020,1,January,17,Afternoon Peak,Weekday
T20200001844,2020-01-22,23:20:00,5,collision with some other object,3,Wednesday,166,STRUCK OBJECT ON CARRIAGEWAY,5,622061,Not at intersection,3,100,Arterial Other,TRARALGON-MAFFRA,WELLINGTON,-37.96587,146.92134,2020,1,January,23,Night,Weekday
T20200003113,2020-01-22,13:30:00,1,Collision with vehicle,3,Wednesday,147,VEHICLE STRIKES ANOTHER VEH WHILE EMERGING FROM DRIVEWAY,1,627091,Not at intersection,3,50,Local Road,SUSSEX,MORELAND,-37.731518,144.94962,2020,1,January,13,Midday,Weekday
T20200001569,2020-01-22,16:39:00,1,Collision with vehicle,3,Wednesday,130,REAR END(VEHICLES IN SAME LANE),1,642196,Not at intersection,2,80,Local Road,OSHEA,CASEY,-38.05995,145.33856,2020,1,January,16,Afternoon Peak,Weekday
T20200001565,2020-01-22,14:17:00,1,Collision with vehicle,3,Wednesday,116,LEFT NEAR (INTERSECTIONS ONLY),1,252475,Cross intersection,3,60,Arterial Other,PLENTY,WHITTLESEA,-37.657753,145.077,2020,1,January,14,Midday,Weekday
T20200010341,2020-01-22,17:00:00,1,Collision with vehicle,3,Wednesday,113,RIGHT NEAR (INTERSECTIONS ONLY),1,55629,T intersection,3,70,Arterial Other,JORGENSEN,NILLUMBIK,-37.619762,145.1358,2020,1,January,17,Afternoon Peak,Weekday
T20200001562,2020-01-22,17:05:00,1,Collision with vehicle,3,Wednesday,110,CROSS TRAFFIC(INTERSECTIONS ONLY),1,50020,Cross intersection,2,50,Local Road,KILGOUR,GEELONG,-38.157646,144.36447,2020,1,January,17,Afternoon Peak,Weekday
T20200001561,2020-01-22,18:28:00,1,Collision with vehicle,3,Wednesday,113,RIGHT NEAR (INTERSECTIONS ONLY),1,37842,Cross intersection,3,60,Local Road,GILBERT,DAREBIN,-37.74863,144.98837,2020,1,January,18,Afternoon Peak,Weekday
T20200001559,2020-01-22,16:45:00,1,Collision with vehicle,3,Wednesday,116,LEFT NEAR (INTERSECTIONS ONLY),1,622967,T intersection,3,60,Local Road,BALD HILL,CARDINIA,-38.08597,145.49707,2020,1,January,16,Afternoon Peak,Weekday
T20200001557,2020-01-22,17:45:00,1,Collision with vehicle,3,Wednesday,110,CROSS TRAFFIC(INTERSECTIONS ONLY),1,49169,Cross intersection,3,60,Arterial Highway,MAIN,EAST GIPPSLAND,-37.827858,147.62173,2020,1,January,17,Afternoon Peak,Weekday
T20200001612,2020-01-22,13:15:00,6,Vehicle overturned (no collision),3,Wednesday,182,OFF CARRIAGEWAY ON LEFT BEND,1,622968,Not at intersection,2,80,Arterial Other,MARYSVILLE-WOODS POINT,YARRA RANGES,-37.553745,145.85452,2020,1,January,13,Midday,Weekday
T20200002410,2020-01-22,18:05:00,1,Collision with vehicle,3,Wednesday,131,LEFT REAR,1,664141,Not at intersection,2,70,Arterial Highway,NORTH,GLEN EIRA,-37.90315,145.03415,2020,1,January,18,Afternoon Peak,Weekday
T20200001646,2020-01-22,19:05:00,1,Collision with vehicle,3,Wednesday,130,REAR END(VEHICLES IN SAME LANE),2,627723,Not at intersection,3,60,Arterial Other,GLENFERRIE,STONNINGTON,-37.8439,145.03152,2020,1,January,19,Night,Weekday
T20200001650,2020-01-22,17:00:00,1,Collision with vehicle,3,Wednesday,121,RIGHT THROUGH,1,41545,Cross intersection,3,60,Arterial Highway,WARRIGAL,MONASH,-37.917213,145.08379,2020,1,January,17,Afternoon Peak,Weekday
T20200008973,2020-01-22,09:30:00,1,Collision with vehicle,3,Wednesday,116,LEFT NEAR (INTERSECTIONS ONLY),1,41186,Cross intersection,3,50,Arterial Other,WHEATSHEAF,MORELAND,-37.706833,144.92015,2020,1,January,9,Morning Peak,Weekday
T20200002112,2020-01-22,21:45:00,5,collision with some other object,3,Wednesday,166,STRUCK OBJECT ON CARRIAGEWAY,5,636117,Not at intersection,3,100,Arterial Highway,MURRAY VALLEY,MOIRA,-35.92548,145.62888,2020,1,January,21,Night,Weekday
T20200001520,2020-01-22,08:20:00,2,Struck Pedestrian,3,Wednesday,103,PED PLAYING/LYING/WORKING/STANDING ON CARRIAGEWAY.,1,628337,Cross intersection,3,40,Local Road,ST KILDA,MELBOURNE,-37.823315,144.9699,2020,1,January,8,Morning Peak,Weekday
T20200001736,2020-01-22,10:18:00,1,Collision with vehicle,3,Wednesday,130,REAR END(VEHICLES IN SAME LANE),1,632509,Not at intersection,3,100,Freeway,WESTERN RING,BRIMBANK,-37.71004,144.88307,2020,1,January,10,Midday,Weekday
T20200002050,2020-01-22,17:10:00,4,Collision with a fixed object,3,Wednesday,171,LEFT OFF CARRIAGEWAY INTO OBJECT/PARKED VEHICLE,1,639380,Not at intersection,2,100,Local Road,CHINKAPOOK-MITTYACK,SWAN HILL,-35.180843,142.91628,2020,1,January,17,Afternoon Peak,Weekday
T20200001584,2020-01-22,17:50:00,2,Struck Pedestrian,3,Wednesday,100,PED NEAR SIDE. PED HIT BY VEHICLE FROM THE RIGHT.,1,215274,Not at intersection,3,60,Arterial Other,CLARENDON,MELBOURNE,-37.82426,144.95654,2020,1,January,17,Afternoon Peak,Weekday
T20200001530,2020-01-22,11:00:00,1,Collision with vehicle,3,Wednesday,130,REAR END(VEHICLES IN SAME LANE),1,657825,Not at intersection,2,40,Arterial Highway,MURRAY VALLEY,INDIGO,-36.05467,146.68233,2020,1,January,11,Midday,Weekday
T20200001549,2020-01-22,12:40:00,1,Collision with vehicle,3,Wednesday,159,OTHER OVERTAKING MANOEUVRES NOT INCLUDED IN DCAs 150-154,1,622966,Not at intersection,2,50,Local Road,CLARET ASH,MELTON,-37.665348,144.53654,2020,1,January,12,Midday,Weekday
T20200001548,2020-01-22,13:40:00,1,Collision with vehicle,3,Wednesday,111,RIGHT FAR (INTERSECTIONS ONLY),1,289748,Cross intersection,2,80,Arterial Other,HEATHERTON,CASEY,-37.976368,145.27063,2020,1,January,13,Midday,Weekday
T20200001501,2020-01-22,01:00:00,1,Collision with vehicle,3,Wednesday,132,RIGHT REAR.,3,639989,Not at intersection,2,60,Arterial Other,BARKLY,PORT PHILLIP,-37.86068,144.9824,2020,1,January,1,Late Night,Weekday
T20200001547,2020-01-22,14:05:00,1,Collision with vehicle,3,Wednesday,130,REAR END(VEHICLES IN SAME LANE),1,728891,Not at intersection,3,100,Arterial Highway,STURT,MILDURA,-34.231678,141.987,2020,1,January,14,Midday,Weekday
T20200001544,2020-01-22,08:15:00,6,Vehicle overturned (no collision),3,Wednesday,180,OFF CARRIAGEWAY ON RIGHT BEND,1,664140,Not at intersection,3,100,Arterial Other,COHUNA-KOONDROOK,GANNAWARRA,-35.689583,144.1155,2020,1,January,8,Morning Peak,Weekday
T20200001539,2020-01-22,13:00:00,1,Collision with vehicle,3,Wednesday,130,REAR END(VEHICLES IN SAME LANE),1,330002,Cross intersection,3,80,Arterial Highway,PRINCES,CASEY,-38.00321,145.24922,2020,1,January,13,Midday,Weekday
T20200001538,2020-01-22,12:40:00,1,Collision with vehicle,3,Wednesday,110,CROSS TRAFFIC(INTERSECTIONS ONLY),1,53491,Cross intersection,2,50,Arterial Highway,FRANCIS,MARIBYRNONG,-37.820023,144.88,2020,1,January,12,Midday,Weekday
T20200001535,2020-01-22,12:07:00,1,Collision with vehicle,3,Wednesday,121,RIGHT THROUGH,1,35989,Cross intersection,3,60,Local Road,BARKLY,MORELAND,-37.77724,144.97086,2020,1,January,12,Midday,Weekday
T20200001533,2020-01-22,12:00:00,1,Collision with vehicle,3,Wednesday,121,RIGHT THROUGH,1,37337,T intersection,2,60,Arterial Other,WELLS,KINGSTON,-38.03365,145.13426,2020,1,January,12,Midday,Weekday
T20200001529,2020-01-22,11:05:00,1,Collision with vehicle,3,Wednesday,110,CROSS TRAFFIC(INTERSECTIONS ONLY),1,224261,Cross intersection,2,100,Arterial Highway,MOOROODUC,MORNINGTON PENINSULA,-38.26508,145.0729,2020,1,January,11,Midday,Weekday
T20200003233,2020-01-22,21:40:00,5,collision with some other object,3,Wednesday,179,OTHER ACCIDENTS-OFF STRAIGHT NOT INCLUDED IN DCAs 170-175,5,627096,Not at intersection,3,50,Local Road,EASTCOTE,BRIMBANK,-37.773674,144.8317,2020,1,January,21,Night,Weekday