ACCIDENT_NO,ACCIDENT_DATE,ACCIDENT_TIME,ACCIDENT_TYPE,ACCIDENT_TYPE_DESC,DAY_OF_WEEK,DAY_WEEK_DESC,DCA_CODE,DCA_DESC,LIGHT_CONDITION,NODE_ID,ROAD_GEOMETRY_DESC,SEVERITY,SPEED_ZONE,RMA,ROAD_NAME,LGA_NAME,LATITUDE,LONGITUDE,YEAR,MONTH,MONTH_NAME,HOUR,TIME_PERIOD,DAY_TYPE
T20200001527,2020-01-22,10:30:00,1,Collision with vehicle,3,Wednesday,131,LEFT REAR,1,621183,Not at intersection,3,50,Local Road,EUCALYPTUS,NILLUMBIK,-37.723404,145.16328,2020,1,January,10,Midday,Weekday
T20200001523,2020-01-22,07:10:00,1,Collision with vehicle,3,Wednesday,110,CROSS TRAFFIC(INTERSECTIONS ONLY),1,636492,Cross intersection,2,100,Local Road,HAMILTON-CHATSWORTH,SOUTHERN GRAMPIANS,-37.747715,142.08238,2020,1,January,7,Morning Peak,Weekday
T20200003016,2020-01-23,17:15:00,1,Collision with vehicle,4,Thursday,140,U TURN,1,629648,T intersection,3,50,Local Road,BANYULE,BANYULE,-37.7374,145.10062,2020,1,January,17,Afternoon Peak,Weekday
T20200002575,2020-01-23,08:00:00,8,No collision and no object struck,4,Thursday,174,OUT OF CONTROL ON CARRIAGEWAY (ON STRAIGHT),1,635702,Not at intersection,3,60,Arterial Other,MALVERN,STONNINGTON,-37.85055,145.02187,2020,1,January,8,Morning Peak,Weekday
T20200001600,2020-01-23,07:57:00,1,Collision with vehicle,4,Thursday,110,CROSS TRAFFIC(INTERSECTIONS ONLY),1,50992,Cross intersection,3,60,Arterial Highway,NUMURKAH ROAD -WYNDHAM,SHEPPARTON,-36.366673,145.40224,2020,1,January,7,Morning Peak,Weekday
T20200001620,2020-01-23,09:55:00,1,Collision with vehicle,4,Thursday,132,RIGHT REAR.,1,46483,T intersection,2,60,Arterial Other,STATION,WHITEHORSE,-37.852924,145.11952,2020,1,January,9,Morning Peak,Weekday
T20200001602,2020-01-23,08:30:00,1,Collision with vehicle,4,Thursday,134,LANE CHANGE RIGHT (NOT OVERTAKING),1,644104,Not at intersection,3,100,Freeway,PRINCES,WYNDHAM,-37.871807,144.74275,2020,1,January,8,Morning Peak,Weekday
T20200001755,2020-01-23,16:30:00,1,Collision with vehicle,4,Thursday,121,RIGHT THROUGH,1,68693,T intersection,2,60,Local Road,ROWES,WYNDHAM,-37.891415,144.6386,2020,1,January,16,Afternoon Peak,Weekday
T20200001598,2020-01-23,07:10:00,1,Collision with vehicle,4,Thursday,120,HEAD ON (NOT OVERTAKING),1,663915,T intersection,3,60,Local Road,LATROBE,MORNINGTON PENINSULA,-38.342865,144.94374,2020,1,January,7,Morning Peak,Weekday
T20200001619,2020-01-23,07:21:00,4,Collision with a fixed object,4,Thursday,173,RIGHT OFF CARRIAGEWAY INTO OBJECT/PARKED VEHICLE,1,636712,Not at intersection,2,50,Local Road,SELBOURNE,MONASH,-37.934467,145.19646,2020,1,January,7,Morning Peak,Weekday
T20200001597,2020-01-23,06:50:00,1,Collision with vehicle,4,Thursday,121,RIGHT THROUGH,1,35576,T intersection,3,80,Arterial Highway,NEPEAN,KINGSTON,-37.94092,145.04025,2020,1,January,6,Morning Peak,Weekday
T20200001596,2020-01-23,07:20:00,1,Collision with vehicle,4,Thursday,130,REAR END(VEHICLES IN SAME LANE),1,32692,Cross intersection,3,80,Arterial Highway,WELLINGTON,MONASH,-37.91869,145.15866,2020,1,January,7,Morning Peak,Weekday
T20200001616,2020-01-23,09:33:00,4,Collision with a fixed object,4,Thursday,173,RIGHT OFF CARRIAGEWAY INTO OBJECT/PARKED VEHICLE,1,626737,Not at intersection,2,50,Local Road,WARANA,CASEY,-38.034218,145.28192,2020,1,January,9,Morning Peak,Weekday
T20200010056,2020-01-23,14:00:00,1,Collision with vehicle,4,Thursday,130,REAR END(VEHICLES IN SAME LANE),1,663917,Multiple intersection,3,70,Arterial Highway,PRINCES,GEELONG,-38.084095,144.35873,2020,1,January,14,Midday,Weekday
T20200002838,2020-01-23,17:40:00,1,Collision with vehicle,4,Thursday,120,HEAD ON (NOT OVERTAKING),1,625809,Not at intersection,3,80,Local Road,DIGGERS,WYNDHAM,-37.953854,144.68813,2020,1,January,17,Afternoon Peak,Weekday
T20200001656,2020-01-23,14:50:00,1,Collision with vehicle,4,Thursday,116,LEFT NEAR (INTERSECTIONS ONLY),1,280419,T intersection,3,80,Arterial Other,KOO WEE RUP,CARDINIA,-38.15403,145.48543,2020,1,January,14,Midday,Weekday
T20200001611,2020-01-23,10:31:00,6,Vehicle overturned (no collision),4,Thursday,174,OUT OF CONTROL ON CARRIAGEWAY (ON STRAIGHT),1,248108,Not at intersection,2,40,Local Road,RUSSELL,MELBOURNE,-37.81656,144.96982,2020,1,January,10,Midday,Weekday
T20200001639,2020-01-23,13:52:00,2,Struck Pedestrian,4,Thursday,100,PED NEAR SIDE. PED HIT BY VEHICLE FROM THE RIGHT.,1,664136,Not at intersection,3,50,Local Road,KAY,LATROBE,-38.194256,146.53572,2020,1,January,13,Midday,Weekday
T20200001637,2020-01-23,10:33:00,1,Collision with vehicle,4,Thursday,147,VEHICLE STRIKES ANOTHER VEH WHILE EMERGING FROM DRIVEWAY,1,668200,Not at intersection,3,80,Arterial Other,MOUNTAIN,KNOX,-37.838196,145.27713,2020,1,January,10,Midday,Weekday
T20200001594,2020-01-23,06:47:00,2,Struck Pedestrian,4,Thursday,100,PED NEAR SIDE. PED HIT BY VEHICLE FROM THE RIGHT.,3,37496,Cross intersection,3,60,Arterial Other,WILLIAMSONS,MANNINGHAM,-37.78326,145.12422,2020,1,January,6,Morning Peak,Weekday
T20200001965,2020-01-23,08:14:00,1,Collision with vehicle,4,Thursday,116,LEFT NEAR (INTERSECTIONS ONLY),1,53241,T intersection,2,50,Local Road,MAUD,NORTHERN GRAMPIANS,-37.060383,142.77802,2020,1,January,8,Morning Peak,Weekday
T20200001587,2020-01-23,00:50:00,1,Collision with vehicle,4,Thursday,160,VEHICLE COLLIDES WITH VEHICLE PARKED ON LEFT OF ROAD,3,622656,Not at intersection,3,60,Arterial Highway,BURWOOD,WHITEHORSE,-37.85009,145.10545,2020,1,January,0,Late Night,Weekday
T20200001636,2020-01-23,09:40:00,1,Collision with vehicle,4,Thursday,110,CROSS TRAFFIC(INTERSECTIONS ONLY),1,69312,Cross intersection,2,40,Local Road,MALE,BAYSIDE,-37.912766,145.00128,2020,1,January,9,Morning Peak,Weekday
T20200001608,2020-01-23,07:12:00,1,Collision with vehicle,4,Thursday,130,REAR END(VEHICLES IN SAME LANE),1,624179,Not at intersection,3,80,Freeway,WEST GATE,HOBSONS BAY,-37.82752,144.89462,2020,1,January,7,Morning Peak,Weekday
T20200001607,2020-01-23,10:00:00,4,Collision with a fixed object,4,Thursday,181,OFF RIGHT BEND INTO OBJECT/PARKED VEHICLE,1,263458,Not at intersection,3,70,Arterial Other,LYSTERFIELD,KNOX,-37.91044,145.29622,2020,1,January,10,Midday,Weekday
T20200002280,2020-01-23,14:30:00,6,Vehicle overturned (no collision),4,Thursday,179,OTHER ACCIDENTS-OFF STRAIGHT NOT INCLUDED IN DCAs 170-175,1,49955,Cross intersection,3,60,Arterial Other,SHANNON,GEELONG,-38.14981,144.33466,2020,1,January,14,Midday,Weekday
T20200001628,2020-01-23,09:00:00,1,Collision with vehicle,4,Thursday,110,CROSS TRAFFIC(INTERSECTIONS ONLY),1,42380,Cross intersection,2,80,Arterial Other,BOUNDARY ROAD -CLAYTON,KINGSTON,-37.957657,145.11348,2020,1,January,9,Morning Peak,Weekday
T20200001740,2020-01-23,21:30:00,1,Collision with vehicle,4,Thursday,121,RIGHT THROUGH,3,338157,T intersection,3,100,Arterial Other,OLD SALE ROAD -PRINCES,BAW BAW,-38.090034,145.82953,2020,1,January,21,Night,Weekday
T20200005070,2020-01-23,05:45:00,5,collision with some other object,4,Thursday,166,STRUCK OBJECT ON CARRIAGEWAY,2,635776,Not at intersection,2,60,Arterial Other,TOORAK,STONNINGTON,-37.843765,145.03139,2020,1,January,5,Morning Peak,Weekday
T20200001644,2020-01-23,14:42:00,1,Collision with vehicle,4,Thursday,131,LEFT REAR,1,621765,Not at intersection,2,70,Arterial Other,DORSET,MAROONDAH,-37.80579,145.28865,2020,1,January,14,Midday,Weekday
T20200002580,2020-01-23,09:15:00,1,Collision with vehicle,4,Thursday,110,CROSS TRAFFIC(INTERSECTIONS ONLY),1,43915,Cross intersection,3,80,Arterial Other,CLYDE-FIVE WAYS,CASEY,-38.118744,145.32716,2020,1,January,9,Morning Peak,Weekday
T20200002829,2020-01-23,06:40:00,1,Collision with vehicle,4,Thursday,130,REAR END(VEHICLES IN SAME LANE),9,641287,Not at intersection,3,80,Arterial Other,FERNTREE GULLY,KNOX,-37.893616,145.25343,2020,1,January,6,Morning Peak,Weekday
T20200001683,2020-01-23,22:45:00,1,Collision with vehicle,4,Thursday,120,HEAD ON (NOT OVERTAKING),3,773218,Not at intersection,3,60,Arterial Other,MACARTHUR,MELBOURNE,-37.789135,144.9569,2020,1,January,22,Night,Weekday
T20200002761,2020-01-23,18:30:00,4,Collision with a fixed object,4,Thursday,171,LEFT OFF CARRIAGEWAY INTO OBJECT/PARKED VEHICLE,2,630924,Not at intersection,3,100,Local Road,MINTERN,CARDINIA,-38.04193,145.64465,2020,1,January,18,Afternoon Peak,Weekday
T20200001682,2020-01-23,22:25:00,1,Collision with vehicle,4,Thursday,147,VEHICLE STRIKES ANOTHER VEH WHILE EMERGING FROM DRIVEWAY,3,635692,Not at intersection,2,50,Local Road,BURNETT,MARIBYRNONG,-37.78153,144.84943,2020,1,January,22,Night,Weekday
T20200001679,2020-01-23,23:23:00,1,Collision with vehicle,4,Thursday,135,LANE CHANGE LEFT (NOT OVERTAKING),3,651640,Not at intersection,2,40,Freeway,BURNLEY,MELBOURNE,-37.824272,144.976,2020,1,January,23,Night,Weekday
T20200001677,2020-01-23,23:38:00,4,Collision with a fixed object,4,Thursday,171,LEFT OFF CARRIAGEWAY INTO OBJECT/PARKED VEHICLE,3,354838,Cross intersection,3,60,Local Road,COMMERCIAL,MELTON,-37.730137,144.74763,2020,1,January,23,Night,Weekday
T20200001676,2020-01-23,21:30:00,4,Collision with a fixed object,4,Thursday,173,RIGHT OFF CARRIAGEWAY INTO OBJECT/PARKED VEHICLE,5,352664,Not at intersection,3,100,Freeway,MONASH,MONASH,-37.89804,145.14917,2020,1,January,21,Night,Weekday
T20200001675,2020-01-23,16:00:00,4,Collision with a fixed object,4,Thursday,183,OFF LEFT BEND INTO OBJECT/PARKED VEHICLE,1,663830,Not at intersection,3,80,Arterial Highway,WARBURTON,YARRA RANGES,-37.776207,145.57869,2020,1,January,16,Afternoon Peak,Weekday
T20200001673,2020-01-23,16:15:00,1,Collision with vehicle,4,Thursday,147,VEHICLE STRIKES ANOTHER VEH WHILE EMERGING FROM DRIVEWAY,1,111805,Not at intersection,3,60,Arterial Other,BALLARAT,MARIBYRNONG,-37.78611,144.87695,2020,1,January,16,Afternoon Peak,Weekday
T20200001651,2020-01-23,09:00:00,1,Collision with vehicle,4,Thursday,130,REAR END(VEHICLES IN SAME LANE),1,621188,T intersection,3,60,Arterial Highway,WARRIGAL,MONASH,-37.902718,145.08636,2020,1,January,9,Morning Peak,Weekday
T20200001670,2020-01-23,19:20:00,1,Collision with vehicle,4,Thursday,110,CROSS TRAFFIC(INTERSECTIONS ONLY),1,358716,Cross intersection,3,60,Arterial Other,HASTINGS,FRANKSTON,-38.15318,145.13275,2020,1,January,19,Night,Weekday
T20200001668,2020-01-23,16:00:00,1,Collision with vehicle,4,Thursday,134,LANE CHANGE RIGHT (NOT OVERTAKING),1,668201,Not at intersection,2,100,Freeway,EASTLINK,DANDENONG,-37.96263,145.19753,2020,1,January,16,Afternoon Peak,Weekday
T20200001599,2020-01-23,07:00:00,4,Collision with a fixed object,4,Thursday,181,OFF RIGHT BEND INTO OBJECT/PARKED VEHICLE,2,621185,Not at intersection,2,80,Arterial Highway,DANDENONG-HASTINGS,MORNINGTON PENINSULA,-38.213627,145.21889,2020,1,January,7,Morning Peak,Weekday
T20200001666,2020-01-23,13:35:00,1,Collision with vehicle,4,Thursday,147,VEHICLE STRIKES ANOTHER VEH WHILE EMERGING FROM DRIVEWAY,1,663933,Not at intersection,3,60,Arterial Other,CHANDLER,DANDENONG,-37.98509,145.18369,2020,1,January,13,Midday,Weekday
T20200005702,2020-01-23,16:00:00,1,Collision with vehicle,4,Thursday,130,REAR END(VEHICLES IN SAME LANE),1,37899,Cross intersection,3,70,Arterial Highway,ST GEORGES,DAREBIN,-37.75526,144.99387,2020,1,January,16,Afternoon Peak,Weekday
T20200001663,2020-01-23,17:37:00,1,Collision with vehicle,4,Thursday,140,U TURN,1,728892,Not at intersection,3,70,Arterial Highway,BURWOOD,WHITEHORSE,-37.851746,145.131,2020,1,January,17,Afternoon Peak,Weekday
T20200001625,2020-01-23,07:10:00,1,Collision with vehicle,4,Thursday,169,OTHER ON PATH,1,651167,Not at intersection,3,50,Local Road,SUSSEX,MORELAND,-37.7347,144.94926,2020,1,January,7,Morning Peak,Weekday
T20200001659,2020-01-23,14:15:00,4,Collision with a fixed object,4,Thursday,171,LEFT OFF CARRIAGEWAY INTO OBJECT/PARKED VEHICLE,1,626411,Not at intersection,2,50,Local Road,STEVENS,WHITEHORSE,-37.83784,145.18431,2020,1,January,14,Midday,Weekday
T20200001658,2020-01-23,16:50:00,1,Collision with vehicle,4,Thursday,121,RIGHT THROUGH,1,42570,Cross intersection,3,60,Arterial Other,POLICE,MONASH,-37.93499,145.17162,2020,1,January,16,Afternoon Peak,Weekday
T20200001653,2020-01-23,15:15:00,1,Collision with vehicle,4,Thursday,132,RIGHT REAR.,1,50192,Cross intersection,3,80,Arterial Highway,BELLARINE,GEELONG,-38.182957,144.43756,2020,1,January,15,Afternoon Peak,Weekday
T20200001905,2020-01-23,06:50:00,6,Vehicle overturned (no collision),4,Thursday,170,OFF CARRIAGEWAY TO LEFT,1,663825,Not at intersection,3,100,Arterial Highway,SOUTH GIPPSLAND,CARDINIA,-38.23888,145.52199,2020,1,January,6,Morning Peak,Weekday
T20200001654,2020-01-23,15:41:00,6,Vehicle overturned (no collision),4,Thursday,174,OUT OF CONTROL ON CARRIAGEWAY (ON STRAIGHT),1,651018,Not at intersection,3,60,Local Road,MCNICOL,YARRA RANGES,-37.91037,145.34456,2020,1,January,15,Afternoon Peak,Weekday
T20200001647,2020-01-23,13:40:00,1,Collision with vehicle,4,Thursday,121,RIGHT THROUGH,1,47382,Y intersection,2,60,Freeway,WESTERN IN-COBURNS,MELTON,-37.68815,144.56744,2020,1,January,13,Midday,Weekday
T20200001724,2020-01-23,16:15:00,4,Collision with a fixed object,4,Thursday,189,OTHER ACCIDENTS ON CURVE NOT INCLUDED IN DCAs 180-184,1,664310,Not at intersection,3,100,Arterial Highway,MELBA,YARRA RANGES,-37.55238,145.41658,2020,1,January,16,Afternoon Peak,Weekday
T20200001718,2020-01-23,06:50:00,1,Collision with vehicle,4,Thursday,131,LEFT REAR,1,663931,Not at intersection,3,60,Arterial Other,LITTLE BOUNDARY,WYNDHAM,-37.81968,144.81996,2020,1,January,6,Morning Peak,Weekday
T20200001621,2020-01-23,10:45:00,1,Collision with vehicle,4,Thursday,120,HEAD ON (NOT OVERTAKING),1,663828,Not at intersection,3,80,Arterial Highway,SPRINGVALE,MONASH,-37.920673,145.15839,2020,1,January,10,Midday,Weekday
T20200001851,2020-01-24,06:09:00,1,Collision with vehicle,5,Friday,121,RIGHT THROUGH,2,291019,T intersection,2,80,Arterial Highway,DECOR,CASEY,-38.005005,145.26407,2020,1,January,6,Morning Peak,Weekday
T20200002434,2020-01-24,10:20:00,1,Collision with vehicle,5,Friday,130,REAR END(VEHICLES IN SAME LANE),1,773471,Not at intersection,3,60,Arterial Other,BALLARAT,MARIBYRNONG,-37.779022,144.84727,2020,1,January,10,Midday,Weekday
T20200001976,2020-01-24,16:39:00,1,Collision with vehicle,5,Friday,121,RIGHT THROUGH,1,641885,T intersection,3,60,Local Road,RESERVE,BAYSIDE,-37.982227,145.03365,2020,1,January,16,Afternoon Peak,Weekday
T20200001716,2020-01-24,08:45:00,1,Collision with vehicle,5,Friday,121,RIGHT THROUGH,1,29666,Cross intersection,3,70,Arterial Other,BLACKBURN,MONASH,-37.90669,145.14195,2020,1,January,8,Morning Peak,Weekday
T20200001868,2020-01-24,16:30:00,1,Collision with vehicle,5,Friday,121,RIGHT THROUGH,1,50083,Cross intersection,3,60,Local Road,BARWON,GEELONG,-38.165897,144.36066,2020,1,January,16,Afternoon Peak,Weekday
T20200001715,2020-01-24,10:49:00,1,Collision with vehicle,5,Friday,120,HEAD ON (NOT OVERTAKING),1,636495,Not at intersection,3,60,Local Road,JAMES COOK,CASEY,-37.982655,145.2471,2020,1,January,10,Midday,Weekday
T20200003399,2020-01-24,12:10:00,1,Collision with vehicle,5,Friday,121,RIGHT THROUGH,1,41294,Cross intersection,3,60,Arterial Other,CENTRE,BAYSIDE,-37.91659,145.02324,2020,1,January,12,Midday,Weekday
T20200001713,2020-01-24,12:39:00,1,Collision with vehicle,5,Friday,110,CROSS TRAFFIC(INTERSECTIONS ONLY),1,50956,Cross intersection,3,60,Local Road,APPIN,WANGARATTA,-36.34637,146.30022,2020,1,January,12,Midday,Weekday
T20200001711,2020-01-24,12:40:00,1,Collision with vehicle,5,Friday,147,VEHICLE STRIKES ANOTHER VEH WHILE EMERGING FROM DRIVEWAY,1,622342,Not at intersection,3,50,Local Road,ENTERPRISE,WHITTLESEA,-37.6848,145.07509,2020,1,January,12,Midday,Weekday
T20200001708,2020-01-24,11:50:00,2,Struck Pedestrian,5,Friday,100,PED NEAR SIDE. PED HIT BY VEHICLE FROM THE RIGHT.,1,624514,Not at intersection,3,60,Arterial Other,MAIN,BALLARAT,-37.57279,143.87003,2020,1,January,11,Midday,Weekday
T20200001706,2020-01-24,09:00:00,1,Collision with vehicle,5,Friday,110,CROSS TRAFFIC(INTERSECTIONS ONLY),1,63701,Cross intersection,3,50,Local Road,CLARENDON,DAREBIN,-37.7605,145.0094,2020,1,January,9,Morning Peak,Weekday
T20200001705,2020-01-24,12:16:00,1,Collision with vehicle,5,Friday,110,CROSS TRAFFIC(INTERSECTIONS ONLY),1,52884,Cross intersection,3,50,Local Road,DANA,BALLARAT,-37.563488,143.85147,2020,1,January,12,Midday,Weekday
T20200001704,2020-01-24,11:30:00,1,Collision with vehicle,5,Friday,140,U TURN,1,622341,Not at intersection,3,40,Arterial Other,TOORAK,STONNINGTON,-37.840767,145.00618,2020,1,January,11,Midday,Weekday
T20200001702,2020-01-24,10:00:00,1,Collision with vehicle,5,Friday,152,PULLING OUT (OVERTAKING),1,29568,T intersection,3,60,Arterial Other,MIDDLEBOROUGH,WHITEHORSE,-37.808163,145.14073,2020,1,January,10,Midday,Weekday
T20200001701,2020-01-24,10:55:00,1,Collision with vehicle,5,Friday,110,CROSS TRAFFIC(INTERSECTIONS ONLY),1,52860,Cross intersection,3,60,Arterial Other,STURT,BALLARAT,-37.559677,143.83904,2020,1,January,10,Midday,Weekday
T20200001891,2020-01-24,14:00:00,2,Struck Pedestrian,5,Friday,102,FAR SIDE. PED HIT BY VEHICLE FROM THE LEFT,1,632198,Cross intersection,3,50,Local Road,FRANKLIN,LATROBE,-38.19748,146.53783,2020,1,January,14,Midday,Weekday
T20200001743,2020-01-24,17:30:00,4,Collision with a fixed object,5,Friday,173,RIGHT OFF CARRIAGEWAY INTO OBJECT/PARKED VEHICLE,1,663819,Not at intersection,2,80,Local Road,SANDY CREEK,GEELONG,-37.890198,144.40222,2020,1,January,17,Afternoon Peak,Weekday
T20200001752,2020-01-24,14:40:00,1,Collision with vehicle,5,Friday,139,OTHER SAME DIRECTION-MANOUEVRES NOT INCLUDED IN DCAs 130-137,1,783412,Not at intersection,3,80,Arterial Other,MICKLEHAM,HUME,-37.684643,144.88287,2020,1,January,14,Midday,Weekday
T20200001760,2020-01-24,17:05:00,4,Collision with a fixed object,5,Friday,171,LEFT OFF CARRIAGEWAY INTO OBJECT/PARKED VEHICLE,1,622972,Not at intersection,2,60,Local Road,TOBIN,ARARAT,-37.287033,142.92477,2020,1,January,17,Afternoon Peak,Weekday
T20200001741,2020-01-24,17:20:00,4,Collision with a fixed object,5,Friday,173,RIGHT OFF CARRIAGEWAY INTO OBJECT/PARKED VEHICLE,1,663755,Not at intersection,3,100,Arterial Highway,MURRAY VALLEY,INDIGO,-36.05027,146.54118,2020,1,January,17,Afternoon Peak,Weekday
T20200001749,2020-01-24,16:55:00,6,Vehicle overturned (no collision),5,Friday,172,OFF CARRIAGEWAY TO RIGHT,1,624182,Not at intersection,3,100,Local Road,PRINCES,BAW BAW,-38.08816,145.82098,2020,1,January,16,Afternoon Peak,Weekday
T20200005644,2020-01-24,08:01:00,1,Collision with vehicle,5,Friday,110,CROSS TRAFFIC(INTERSECTIONS ONLY),1,44345,Cross intersection,3,60,Arterial Other,HEATHS,WYNDHAM,-37.875736,144.6644,2020,1,January,8,Morning Peak,Weekday
T20200001778,2020-01-24,20:00:00,1,Collision with vehicle,5,Friday,110,CROSS TRAFFIC(INTERSECTIONS ONLY),2,622662,Cross intersection,3,50,Local Road,MARGARET,BALLARAT,-37.531918,143.82826,2020,1,January,20,Night,Weekday
T20200001788,2020-01-24,06:50:00,4,Collision with a fixed object,5,Friday,171,LEFT OFF CARRIAGEWAY INTO OBJECT/PARKED VEHICLE,2,642198,Not at intersection,2,100,Freeway,CALDER,HUME,-37.629288,144.72633,2020,1,January,6,Morning Peak,Weekday
T20200001717,2020-01-24,13:35:00,1,Collision with vehicle,5,Friday,116,LEFT NEAR (INTERSECTIONS ONLY),1,776843,T intersection,2,60,Local Road,ST HELENA,BANYULE,-37.6926,145.1289,2020,1,January,13,Midday,Weekday
T20200001803,2020-01-24,13:00:00,1,Collision with vehicle,5,Friday,140,U TURN,1,636114,Not at intersection,3,60,Arterial Highway,YORK,WELLINGTON,-38.10422,147.06798,2020,1,January,13,Midday,Weekday
T20200003459,2020-01-24,16:00:00,1,Collision with vehicle,5,Friday,130,REAR END(VEHICLES IN SAME LANE),1,668335,Not at intersection,3,60,Local Road,OVERLAND,CASEY,-38.020767,145.30792,2020,1,January,16,Afternoon Peak,Weekday
T20200001737,2020-01-24,12:45:00,1,Collision with vehicle,5,Friday,140,U TURN,1,623283,Not at intersection,3,60,Arterial Other,ELGAR,WHITEHORSE,-37.8191,145.11461,2020,1,January,12,Midday,Weekday
T20200001815,2020-01-24,16:30:00,1,Collision with vehicle,5,Friday,130,REAR END(VEHICLES IN SAME LANE),1,623590,T intersection,2,100,Freeway,CITYLINK,YARRA,-37.83092,145.00662,2020,1,January,16,Afternoon Peak,Weekday
T20200001726,2020-01-24,12:10:00,1,Collision with vehicle,5,Friday,121,RIGHT THROUGH,1,311994,T intersection,3,80,Arterial Other,MELTON,MELTON,-37.692562,144.75003,2020,1,January,12,Midday,Weekday
T20200001754,2020-01-24,16:35:00,5,collision with some other object,5,Friday,191,LOAD OR MISSILE STRUCK VEHICLE,1,626413,Not at intersection,3,100,Freeway,PRINCES,WYNDHAM,-37.94527,144.6002,2020,1,January,16,Afternoon Peak,Weekday
T20200001734,2020-01-24,16:00:00,1,Collision with vehicle,5,Friday,113,RIGHT NEAR (INTERSECTIONS ONLY),1,42966,T intersection,3,60,Arterial Other,HEATHERTON,DANDENONG,-37.966366,145.18474,2020,1,January,16,Afternoon Peak,Weekday
T20200001733,2020-01-24,16:25:00,1,Collision with vehicle,5,Friday,133,LANE SIDE SWIPE (VEHICLES IN PARALLEL LANES),1,654070,Not at intersection,2,100,Freeway,METROPOLITAN RING,HUME,-37.691177,144.96758,2020,1,January,16,Afternoon Peak,Weekday
T20200001728,2020-01-24,12:59:00,1,Collision with vehicle,5,Friday,110,CROSS TRAFFIC(INTERSECTIONS ONLY),1,233917,Cross intersection,2,80,Local Road,DAVIS,WYNDHAM,-37.815388,144.65686,2020,1,January,12,Midday,Weekday
T20200001727,2020-01-24,13:10:00,1,Collision with vehicle,5,Friday,139,OTHER SAME DIRECTION-MANOUEVRES NOT INCLUDED IN DCAs 130-137,1,663786,Not at intersection,3,40,Local Road,HARBOUR,MELBOURNE,-37.81409,144.94467,2020,1,January,13,Midday,Weekday
T20200001953,2020-01-24,15:25:00,1,Collision with vehicle,5,Friday,130,REAR END(VEHICLES IN SAME LANE),1,667885,Not at intersection,3,100,Freeway,MONASH,CASEY,-38.012856,145.30342,2020,1,January,15,Afternoon Peak,Weekday
T20200001748,2020-01-24,19:30:00,1,Collision with vehicle,5,Friday,130,REAR END(VEHICLES IN SAME LANE),1,625470,Cross intersection,2,60,Freeway,RACECOURSE-CITYLINK IN,MELBOURNE,-37.79031,144.93745,2020,1,January,19,Night,Weekday
T20200001753,2020-01-24,16:50:00,1,Collision with vehicle,5,Friday,121,RIGHT THROUGH,1,231736,Cross intersection,2,50,Arterial Highway,POINT NEPEAN,MORNINGTON PENINSULA,-38.35689,144.9009,2020,1,January,16,Afternoon Peak,Weekday
T20200002901,2020-01-24,17:00:00,1,Collision with vehicle,5,Friday,130,REAR END(VEHICLES IN SAME LANE),1,39674,Not at intersection,3,60,Arterial Highway,MAROONDAH,MAROONDAH,-37.8046,145.24529,2020,1,January,17,Afternoon Peak,Weekday
T20200001744,2020-01-24,14:26:00,4,Collision with a fixed object,5,Friday,183,OFF LEFT BEND INTO OBJECT/PARKED VEHICLE,1,731046,Not at intersection,2,50,Local Road,VALDA,WHITEHORSE,-37.797245,145.11372,2020,1,January,14,Midday,Weekday
T20200002036,2020-01-24,09:15:00,6,Vehicle overturned (no collision),5,Friday,179,OTHER ACCIDENTS-OFF STRAIGHT NOT INCLUDED IN DCAs 170-175,1,622976,Not at intersection,3,60,Arterial Other,VICTORIA,MELBOURNE,-37.807575,144.97156,2020,1,January,9,Morning Peak,Weekday
T20200001816,2020-01-25,16:30:00,1,Collision with vehicle,6,Saturday,121,RIGHT THROUGH,1,655216,Cross intersection,3,60,Local Road,SETTLEMENT,WYNDHAM,-37.822884,144.69933,2020,1,January,16,Afternoon Peak,Weekend
T20200001817,2020-01-25,17:15:00,1,Collision with vehicle,6,Saturday,120,HEAD ON (NOT OVERTAKING),1,638608,Not at intersection,2,70,Arterial Other,BEACONSFIELD-EMERALD,CARDINIA,-37.999172,145.41702,2020,1,January,17,Afternoon Peak,Weekend
T20200001820,2020-01-25,18:17:00,1,Collision with vehicle,6,Saturday,130,REAR END(VEHICLES IN SAME LANE),1,55208,T intersection,3,70,Arterial Highway,LATROBE,GEELONG,-38.14858,144.3524,2020,1,January,18,Afternoon Peak,Weekend
T20200001821,2020-01-25,16:15:00,1,Collision with vehicle,6,Saturday,121,RIGHT THROUGH,1,42376,T intersection,3,60,Arterial Other,CENTRE,KINGSTON,-37.92743,145.10991,2020,1,January,16,Afternoon Peak,Weekend
T20200001822,2020-01-25,17:30:00,1,Collision with vehicle,6,Saturday,160,VEHICLE COLLIDES WITH VEHICLE PARKED ON LEFT OF ROAD,1,621909,Not at intersection,2,50,Local Road,FAY,BANYULE,-37.750008,145.07787,2020,1,January,17,Afternoon Peak,Weekend
T20200001825,2020-01-25,14:06:00,1,Collision with vehicle,6,Saturday,160,VEHICLE COLLIDES WITH VEHICLE PARKED ON LEFT OF ROAD,1,623881,Not at intersection,3,50,Local Road,OLYMPIC,DANDENONG,-37.963696,145.15475,2020,1,January,14,Midday,Weekend