ACCIDENT_NO,ACCIDENT_DATE,ACCIDENT_TIME,ACCIDENT_TYPE,ACCIDENT_TYPE_DESC,DAY_OF_WEEK,DAY_WEEK_DESC,DCA_CODE,DCA_DESC,LIGHT_CONDITION,NODE_ID,ROAD_GEOMETRY_DESC,SEVERITY,SPEED_ZONE,RMA,ROAD_NAME,LGA_NAME,LATITUDE,LONGITUDE,YEAR,MONTH,MONTH_NAME,HOUR,TIME_PERIOD,DAY_TYPE
T20200001826,2020-01-25,17:00:00,1,Collision with vehicle,6,Saturday,140,U TURN,1,622060,Not at intersection,2,80,Arterial Other,OLD WESTERN,MELTON,-37.687084,144.52287,2020,1,January,17,Afternoon Peak,Weekend
T20200001829,2020-01-25,19:39:00,8,No collision and no object struck,6,Saturday,172,OFF CARRIAGEWAY TO RIGHT,1,667222,T intersection,2,50,Local Road,FAIRBAIRN,GEELONG,-38.062336,144.37477,2020,1,January,19,Night,Weekend
T20200001836,2020-01-25,21:18:00,1,Collision with vehicle,6,Saturday,132,RIGHT REAR.,3,410,Cross intersection,3,50,Arterial Highway,BELL,DAREBIN,-37.7466,145.01695,2020,1,January,21,Night,Weekend
T20200001897,2020-01-25,12:28:00,4,Collision with a fixed object,6,Saturday,171,LEFT OFF CARRIAGEWAY INTO OBJECT/PARKED VEHICLE,1,674329,Not at intersection,2,100,Arterial Other,PORTLAND-CASTERTON,GLENELG,-37.911243,141.55968,2020,1,January,12,Midday,Weekend
T20200001837,2020-01-25,22:00:00,1,Collision with vehicle,6,Saturday,121,RIGHT THROUGH,3,321653,Cross intersection,3,80,Arterial Other,CLYDE,CASEY,-38.059914,145.33823,2020,1,January,22,Night,Weekend
T20200001842,2020-01-25,22:56:00,1,Collision with vehicle,6,Saturday,121,RIGHT THROUGH,3,38869,Cross intersection,2,60,Arterial Other,CHURCH,BOROONDARA,-37.813133,145.02351,2020,1,January,22,Night,Weekend
T20200002468,2020-01-25,11:00:00,6,Vehicle overturned (no collision),6,Saturday,174,OUT OF CONTROL ON CARRIAGEWAY (ON STRAIGHT),1,624528,Cross intersection,3,60,Arterial Other,FYANS STREET -WEST FYANS,GEELONG,-38.16045,144.35023,2020,1,January,11,Midday,Weekend
T20200002494,2020-01-25,21:50:00,2,Struck Pedestrian,6,Saturday,100,PED NEAR SIDE. PED HIT BY VEHICLE FROM THE RIGHT.,3,260158,T intersection,3,40,Arterial Other,COBURNS,MELTON,-37.68635,144.56778,2020,1,January,21,Night,Weekend
T20200002779,2020-01-25,16:00:00,1,Collision with vehicle,6,Saturday,121,RIGHT THROUGH,1,43723,Cross intersection,3,60,Arterial Other,COBURNS,MELTON,-37.687576,144.56755,2020,1,January,16,Afternoon Peak,Weekend
T20200002279,2020-01-25,09:45:00,5,collision with some other object,6,Saturday,166,STRUCK OBJECT ON CARRIAGEWAY,1,45046,Cross intersection,2,60,Local Road,LIDDIARD,LATROBE,-38.20213,146.55115,2020,1,January,9,Morning Peak,Weekend
T20200002117,2020-01-25,09:25:00,4,Collision with a fixed object,6,Saturday,151,OUT OF CONTROL (OVERTAKING),1,624839,Not at intersection,3,60,Arterial Other,MOUNTAIN,YARRA RANGES,-37.8687,145.33243,2020,1,January,9,Morning Peak,Weekend
T20200002106,2020-01-25,12:52:00,1,Collision with vehicle,6,Saturday,130,REAR END(VEHICLES IN SAME LANE),1,623886,Not at intersection,3,70,Arterial Highway,COLAC,GEELONG,-38.199066,144.31508,2020,1,January,12,Midday,Weekend
T20200002383,2020-01-25,15:50:00,1,Collision with vehicle,6,Saturday,130,REAR END(VEHICLES IN SAME LANE),1,337457,Cross intersection,3,60,Arterial Other,FITZGERALD,WYNDHAM,-37.844143,144.78186,2020,1,January,15,Afternoon Peak,Weekend
T20200001832,2020-01-25,19:40:00,4,Collision with a fixed object,6,Saturday,171,LEFT OFF CARRIAGEWAY INTO OBJECT/PARKED VEHICLE,1,652814,Not at intersection,2,50,Arterial Highway,EAGLEHAWK,BENDIGO,-36.753513,144.26056,2020,1,January,19,Night,Weekend
T20200002015,2020-01-25,11:00:00,6,Vehicle overturned (no collision),6,Saturday,174,OUT OF CONTROL ON CARRIAGEWAY (ON STRAIGHT),1,642839,Not at intersection,3,40,Local Road,PIER,HOBSONS BAY,-37.869884,144.83017,2020,1,January,11,Midday,Weekend
T20200001984,2020-01-25,10:00:00,4,Collision with a fixed object,6,Saturday,181,OFF RIGHT BEND INTO OBJECT/PARKED VEHICLE,1,622974,Y intersection,2,70,Arterial Other,BITTERN-DROMANA,MORNINGTON PENINSULA,-38.351826,145.05994,2020,1,January,10,Midday,Weekend
T20200004248,2020-01-25,16:40:00,1,Collision with vehicle,6,Saturday,131,LEFT REAR,1,54837,Cross intersection,3,50,Arterial Highway,MCLENNAN,SHEPPARTON,-36.39405,145.36308,2020,1,January,16,Afternoon Peak,Weekend
T20200001765,2020-01-25,01:36:00,2,Struck Pedestrian,6,Saturday,102,FAR SIDE. PED HIT BY VEHICLE FROM THE LEFT,4,624183,Not at intersection,3,50,Local Road,DAWSON,MORELAND,-37.771507,144.9609,2020,1,January,1,Late Night,Weekend
T20200001776,2020-01-25,08:25:00,1,Collision with vehicle,6,Saturday,110,CROSS TRAFFIC(INTERSECTIONS ONLY),1,44696,Cross intersection,2,60,Arterial Highway,MURRAY,COLAC OTWAY,-38.337215,143.59976,2020,1,January,8,Morning Peak,Weekend
T20200001777,2020-01-25,08:45:00,1,Collision with vehicle,6,Saturday,130,REAR END(VEHICLES IN SAME LANE),1,663730,Not at intersection,2,100,Freeway,GEELONG RING,GEELONG,-38.166317,144.29173,2020,1,January,8,Morning Peak,Weekend
T20200001783,2020-01-25,04:06:00,1,Collision with vehicle,6,Saturday,130,REAR END(VEHICLES IN SAME LANE),3,883,Cross intersection,3,60,Arterial Other,SYDNEY,MORELAND,-37.73776,144.96695,2020,1,January,4,Late Night,Weekend
T20200001784,2020-01-25,08:05:00,1,Collision with vehicle,6,Saturday,116,LEFT NEAR (INTERSECTIONS ONLY),1,41439,Cross intersection,3,50,Arterial Other,NEERIM,GLEN EIRA,-37.88945,145.05911,2020,1,January,8,Morning Peak,Weekend
T20200001890,2020-01-25,13:10:00,1,Collision with vehicle,6,Saturday,113,RIGHT NEAR (INTERSECTIONS ONLY),1,915,T intersection,2,80,Arterial Highway,FRANKSTON-DANDENONG,FRANKSTON,-38.122025,145.14369,2020,1,January,13,Midday,Weekend
T20200001892,2020-01-25,18:11:00,1,Collision with vehicle,6,Saturday,130,REAR END(VEHICLES IN SAME LANE),1,637167,Cross intersection,3,80,Arterial Other,SYDNEY,MORELAND,-37.692245,144.9584,2020,1,January,18,Afternoon Peak,Weekend
T20200001786,2020-01-25,08:33:00,1,Collision with vehicle,6,Saturday,121,RIGHT THROUGH,1,621769,T intersection,2,80,Arterial Highway,MAROONDAH,YARRA RANGES,-37.765675,145.30399,2020,1,January,8,Morning Peak,Weekend
T20200001787,2020-01-25,09:50:00,4,Collision with a fixed object,6,Saturday,149,OTHER MANOEUVRING NOT INCLUDED IN DCAs 140-148,1,664322,Not at intersection,3,60,Local Road,WALLIS,BALLARAT,-37.57764,143.82031,2020,1,January,9,Morning Peak,Weekend
T20200018480,2020-01-25,16:00:00,8,No collision and no object struck,6,Saturday,174,OUT OF CONTROL ON CARRIAGEWAY (ON STRAIGHT),9,665808,Not at intersection,3,50,Local Road,CLYDE,WARRNAMBOOL,-38.371773,142.46538,2020,1,January,16,Afternoon Peak,Weekend
T20200001789,2020-01-25,07:57:00,1,Collision with vehicle,6,Saturday,110,CROSS TRAFFIC(INTERSECTIONS ONLY),1,52490,Cross intersection,2,60,Local Road,THIRTEENTH,MILDURA,-34.188248,142.14876,2020,1,January,7,Morning Peak,Weekend
T20200001792,2020-01-25,09:50:00,1,Collision with vehicle,6,Saturday,135,LANE CHANGE LEFT (NOT OVERTAKING),1,283715,Not at intersection,2,80,Freeway,HUME,WHITTLESEA,-37.64803,144.99054,2020,1,January,9,Morning Peak,Weekend
T20200001796,2020-01-25,10:31:00,1,Collision with vehicle,6,Saturday,113,RIGHT NEAR (INTERSECTIONS ONLY),1,623589,T intersection,3,80,Arterial Other,KOO WEE RUP,CARDINIA,-38.10256,145.48799,2020,1,January,10,Midday,Weekend
T20200001797,2020-01-25,12:30:00,1,Collision with vehicle,6,Saturday,160,VEHICLE COLLIDES WITH VEHICLE PARKED ON LEFT OF ROAD,1,638614,Not at intersection,3,60,Arterial Other,BEACH,BAYSIDE,-37.98916,145.0456,2020,1,January,12,Midday,Weekend
T20200001808,2020-01-25,10:30:00,1,Collision with vehicle,6,Saturday,110,CROSS TRAFFIC(INTERSECTIONS ONLY),1,52681,Cross intersection,3,60,Local Road,SHIRREFF,NORTHERN GRAMPIANS,-37.06278,142.77594,2020,1,January,10,Midday,Weekend
T20200001810,2020-01-25,15:00:00,1,Collision with vehicle,6,Saturday,147,VEHICLE STRIKES ANOTHER VEH WHILE EMERGING FROM DRIVEWAY,1,219030,Not at intersection,2,60,Arterial Other,MILLERS,HOBSONS BAY,-37.81701,144.85,2020,1,January,15,Afternoon Peak,Weekend
T20200001884,2020-01-26,14:20:00,6,Vehicle overturned (no collision),7,Sunday,170,OFF CARRIAGEWAY TO LEFT,1,780546,Not at intersection,3,100,Arterial Other,MELTON,MACEDON RANGES,-37.535324,144.57098,2020,1,January,14,Midday,Weekend
T20200001881,2020-01-26,14:19:00,1,Collision with vehicle,7,Sunday,130,REAR END(VEHICLES IN SAME LANE),1,44515,T intersection,2,60,Arterial Other,CRAIGIEBURN,HUME,-37.59858,144.93791,2020,1,January,14,Midday,Weekend
T20200003036,2020-01-26,09:00:00,1,Collision with vehicle,7,Sunday,134,LANE CHANGE RIGHT (NOT OVERTAKING),1,626760,Not at intersection,3,60,Arterial Other,KEILOR-DERRIMUT,BRIMBANK,-37.72845,144.805,2020,1,January,9,Morning Peak,Weekend
T20200002350,2020-01-26,08:25:00,4,Collision with a fixed object,7,Sunday,171,LEFT OFF CARRIAGEWAY INTO OBJECT/PARKED VEHICLE,1,773470,Not at intersection,2,100,Arterial Other,WESTERNPORT,BAW BAW,-38.21487,145.75233,2020,1,January,8,Morning Peak,Weekend
T20200001869,2020-01-26,10:16:00,1,Collision with vehicle,7,Sunday,113,RIGHT NEAR (INTERSECTIONS ONLY),1,624185,T intersection,3,50,Local Road,CARRIGG,MORNINGTON PENINSULA,-38.33092,144.9687,2020,1,January,10,Midday,Weekend
T20200001880,2020-01-26,10:58:00,1,Collision with vehicle,7,Sunday,110,CROSS TRAFFIC(INTERSECTIONS ONLY),1,229668,Cross intersection,2,50,Local Road,HERITAGE,CARDINIA,-38.084373,145.47078,2020,1,January,10,Midday,Weekend
T20200011612,2020-01-26,17:50:00,1,Collision with vehicle,7,Sunday,121,RIGHT THROUGH,1,274213,T intersection,3,50,Arterial Other,IEVERS,MELBOURNE,-37.781727,144.95958,2020,1,January,17,Afternoon Peak,Weekend
T20200001928,2020-01-26,16:13:00,4,Collision with a fixed object,7,Sunday,171,LEFT OFF CARRIAGEWAY INTO OBJECT/PARKED VEHICLE,1,622667,Not at intersection,2,100,Freeway,PRINCES,GEELONG,-37.979904,144.53764,2020,1,January,16,Afternoon Peak,Weekend
T20200002311,2020-01-26,12:03:00,1,Collision with vehicle,7,Sunday,132,RIGHT REAR.,1,663725,T intersection,3,60,Arterial Other,PRINCES,WYNDHAM,-37.89379,144.68057,2020,1,January,12,Midday,Weekend
T20200002024,2020-01-26,12:30:00,4,Collision with a fixed object,7,Sunday,173,RIGHT OFF CARRIAGEWAY INTO OBJECT/PARKED VEHICLE,1,663726,Cross intersection,3,50,Arterial Other,MELROSE DRIVE -TULLAMARINE OUT-MELROSE,MOONEE VALLEY,-37.711098,144.8886,2020,1,January,12,Midday,Weekend
T20200001858,2020-01-26,09:00:00,4,Collision with a fixed object,7,Sunday,171,LEFT OFF CARRIAGEWAY INTO OBJECT/PARKED VEHICLE,1,622973,Not at intersection,3,60,Arterial Other,DORSET,MAROONDAH,-37.796993,145.29037,2020,1,January,9,Morning Peak,Weekend
T20200002365,2020-01-26,10:30:00,6,Vehicle overturned (no collision),7,Sunday,174,OUT OF CONTROL ON CARRIAGEWAY (ON STRAIGHT),1,623890,Multiple intersection,2,60,Arterial Other,HALLS,GOLDEN PLAINS,-37.770695,143.77737,2020,1,January,10,Midday,Weekend
T20200001879,2020-01-26,12:15:00,1,Collision with vehicle,7,Sunday,130,REAR END(VEHICLES IN SAME LANE),1,622665,Not at intersection,3,60,Arterial Other,DORSET,KNOX,-37.836464,145.28714,2020,1,January,12,Midday,Weekend
T20200001877,2020-01-26,02:30:00,4,Collision with a fixed object,7,Sunday,171,LEFT OFF CARRIAGEWAY INTO OBJECT/PARKED VEHICLE,5,676313,Not at intersection,2,100,Arterial Other,FOXHOW,CORANGAMITE,-38.17258,143.22508,2020,1,January,2,Late Night,Weekend
T20200001911,2020-01-26,23:25:00,2,Struck Pedestrian,7,Sunday,103,PED PLAYING/LYING/WORKING/STANDING ON CARRIAGEWAY.,3,621910,Not at intersection,1,60,Local Road,MONASH,LATROBE,-38.18672,146.28683,2020,1,January,23,Night,Weekend
T20200001908,2020-01-26,22:20:00,1,Collision with vehicle,7,Sunday,160,VEHICLE COLLIDES WITH VEHICLE PARKED ON LEFT OF ROAD,3,631873,Not at intersection,3,50,Local Road,DUNNE,DAREBIN,-37.7132,145.03188,2020,1,January,22,Night,Weekend
T20200001899,2020-01-26,18:30:00,5,collision with some other object,7,Sunday,175,OFF END OF ROAD/T-INTERSECTION.,1,50528,T intersection,2,100,Arterial Other,PENSHURST-DUNKELD,SOUTHERN GRAMPIANS,-37.78517,142.28928,2020,1,January,18,Afternoon Peak,Weekend
T20200001875,2020-01-26,12:55:00,1,Collision with vehicle,7,Sunday,113,RIGHT NEAR (INTERSECTIONS ONLY),1,624187,T intersection,3,70,Local Road,FORBES,MORNINGTON PENINSULA,-38.392956,144.81157,2020,1,January,12,Midday,Weekend
T20200001896,2020-01-26,18:10:00,2,Struck Pedestrian,7,Sunday,100,PED NEAR SIDE. PED HIT BY VEHICLE FROM THE RIGHT.,1,622666,Not at intersection,2,80,Arterial Other,PRINCES,CARDINIA,-38.06307,145.45973,2020,1,January,18,Afternoon Peak,Weekend
T20200006712,2020-01-26,15:50:00,4,Collision with a fixed object,7,Sunday,171,LEFT OFF CARRIAGEWAY INTO OBJECT/PARKED VEHICLE,1,640488,Not at intersection,2,50,Local Road,SMITH,WELLINGTON,-37.8444,147.07913,2020,1,January,15,Afternoon Peak,Weekend
T20200011552,2020-01-26,09:00:00,4,Collision with a fixed object,7,Sunday,171,LEFT OFF CARRIAGEWAY INTO OBJECT/PARKED VEHICLE,1,655362,Cross intersection,2,60,Local Road,CAIRNLEA,BRIMBANK,-37.75309,144.78172,2020,1,January,9,Morning Peak,Weekend
T20200001894,2020-01-26,15:50:00,1,Collision with vehicle,7,Sunday,132,RIGHT REAR.,1,35718,Cross intersection,3,60,Arterial Other,JOHNSTONE,HUME,-37.683914,144.91374,2020,1,January,15,Afternoon Peak,Weekend
T20200007436,2020-01-26,12:00:00,2,Struck Pedestrian,7,Sunday,100,PED NEAR SIDE. PED HIT BY VEHICLE FROM THE RIGHT.,1,597913,Cross intersection,3,40,Arterial Other,CHURCH,YARRA,-37.818535,144.99918,2020,1,January,12,Midday,Weekend
T20200001874,2020-01-26,12:26:00,1,Collision with vehicle,7,Sunday,130,REAR END(VEHICLES IN SAME LANE),1,625472,Not at intersection,2,60,Arterial Other,PRINCES,WYNDHAM,-37.912952,144.641,2020,1,January,12,Midday,Weekend
T20200001893,2020-01-26,17:22:00,4,Collision with a fixed object,7,Sunday,175,OFF END OF ROAD/T-INTERSECTION.,1,668203,T intersection,3,70,Freeway,MONASH OUT-FERNTREE GULLY,MONASH,-37.90284,145.15596,2020,1,January,17,Afternoon Peak,Weekend
T20200002608,2020-01-26,20:40:00,3,Struck animal,7,Sunday,167,STRUCK ANIMAL,2,728898,Not at intersection,3,100,Arterial Other,BEECHWORTH-WANGARATTA,WANGARATTA,-36.387314,146.57558,2020,1,January,20,Night,Weekend
T20200001940,2020-01-26,21:13:00,1,Collision with vehicle,7,Sunday,110,CROSS TRAFFIC(INTERSECTIONS ONLY),3,39884,Cross intersection,2,60,Arterial Other,CENTRAL,HOBSONS BAY,-37.871548,144.77756,2020,1,January,21,Night,Weekend
T20200001888,2020-01-26,10:06:00,1,Collision with vehicle,7,Sunday,121,RIGHT THROUGH,1,44909,T intersection,2,60,Arterial Other,STATION,BRIMBANK,-37.773018,144.77438,2020,1,January,10,Midday,Weekend
T20200001887,2020-01-26,10:45:00,5,collision with some other object,7,Sunday,166,STRUCK OBJECT ON CARRIAGEWAY,1,679818,Not at intersection,2,100,Local Road,YOUNG,BAW BAW,-38.006275,146.06995,2020,1,January,10,Midday,Weekend
T20200001886,2020-01-26,14:00:00,4,Collision with a fixed object,7,Sunday,171,LEFT OFF CARRIAGEWAY INTO OBJECT/PARKED VEHICLE,1,622345,Not at intersection,2,50,Local Road,BALWYN,MANNINGHAM,-37.77616,145.08943,2020,1,January,14,Midday,Weekend
T20200001946,2020-01-27,14:30:00,1,Collision with vehicle,1,Monday,121,RIGHT THROUGH,1,39612,T intersection,3,60,Local Road,LINDEN,MAROONDAH,-37.8057,145.2269,2020,1,January,14,Midday,Weekday
T20200001944,2020-01-27,11:40:00,6,Vehicle overturned (no collision),1,Monday,182,OFF CARRIAGEWAY ON LEFT BEND,1,638429,T intersection,2,80,Arterial Other,MARYSVILLE-WOODS POINT,YARRA RANGES,-37.56079,145.87263,2020,1,January,11,Midday,Weekday
T20200001917,2020-01-27,00:43:00,4,Collision with a fixed object,1,Monday,171,LEFT OFF CARRIAGEWAY INTO OBJECT/PARKED VEHICLE,3,663721,Not at intersection,3,50,Arterial Other,GLEN EIRA,GLEN EIRA,-37.880455,145.02666,2020,1,January,0,Late Night,Weekday
T20200001981,2020-01-27,23:35:00,1,Collision with vehicle,1,Monday,110,CROSS TRAFFIC(INTERSECTIONS ONLY),3,35353,Cross intersection,3,40,Local Road,LITTLE LONSDALE,MELBOURNE,-37.812027,144.95934,2020,1,January,23,Night,Weekday
T20200003963,2020-01-27,10:00:00,6,Vehicle overturned (no collision),1,Monday,184,OUT OF CONTROL ON CARRIAGEWAY (ON BEND),1,638429,T intersection,3,80,Arterial Other,MARYSVILLE-WOODS POINT,YARRA RANGES,-37.56079,145.87263,2020,1,January,10,Midday,Weekday
T20200001912,2020-01-27,00:20:00,4,Collision with a fixed object,1,Monday,173,RIGHT OFF CARRIAGEWAY INTO OBJECT/PARKED VEHICLE,3,628646,Not at intersection,2,80,Arterial Highway,FRANKSTON-DANDENONG ROAD SERVICE,FRANKSTON,-38.12371,145.14081,2020,1,January,0,Late Night,Weekday
T20200002101,2020-01-27,14:50:00,6,Vehicle overturned (no collision),1,Monday,189,OTHER ACCIDENTS ON CURVE NOT INCLUDED IN DCAs 180-184,1,626416,Not at intersection,3,100,Arterial Other,HYLAND,WELLINGTON,-38.322628,146.72299,2020,1,January,14,Midday,Weekday
T20200001939,2020-01-27,13:30:00,1,Collision with vehicle,1,Monday,110,CROSS TRAFFIC(INTERSECTIONS ONLY),1,19419,Cross intersection,3,60,Arterial Other,HOLDSWORTH,BENDIGO,-36.73788,144.26398,2020,1,January,13,Midday,Weekday
T20200001938,2020-01-27,12:30:00,1,Collision with vehicle,1,Monday,110,CROSS TRAFFIC(INTERSECTIONS ONLY),1,44143,Cross intersection,3,50,Local Road,DARVALL,MORNINGTON PENINSULA,-38.376747,144.85617,2020,1,January,12,Midday,Weekday
T20200001937,2020-01-27,12:45:00,1,Collision with vehicle,1,Monday,130,REAR END(VEHICLES IN SAME LANE),1,624188,Not at intersection,3,100,Arterial Other,BONEO,MORNINGTON PENINSULA,-38.39513,144.88821,2020,1,January,12,Midday,Weekday
T20200001936,2020-01-27,12:43:00,4,Collision with a fixed object,1,Monday,181,OFF RIGHT BEND INTO OBJECT/PARKED VEHICLE,1,637954,Not at intersection,2,70,Arterial Other,BELGRAVE-GEMBROOK,YARRA RANGES,-37.921246,145.41591,2020,1,January,12,Midday,Weekday
T20200001935,2020-01-27,08:50:00,3,Struck animal,1,Monday,167,STRUCK ANIMAL,1,644106,Not at intersection,2,100,Local Road,CASTERTON-DARTMOOR,GLENELG,-37.72099,141.30937,2020,1,January,8,Morning Peak,Weekday
T20200001942,2020-01-27,11:30:00,6,Vehicle overturned (no collision),1,Monday,182,OFF CARRIAGEWAY ON LEFT BEND,1,638429,T intersection,2,80,Arterial Other,MARYSVILLE-WOODS POINT,YARRA RANGES,-37.56079,145.87263,2020,1,January,11,Midday,Weekday
T20200001926,2020-01-27,10:51:00,4,Collision with a fixed object,1,Monday,181,OFF RIGHT BEND INTO OBJECT/PARKED VEHICLE,1,638616,Not at intersection,2,90,Local Road,GOLDEN POINT,MOUNT ALEXANDER,-37.060165,144.27405,2020,1,January,10,Midday,Weekday
T20200003304,2020-01-27,15:00:00,4,Collision with a fixed object,1,Monday,171,LEFT OFF CARRIAGEWAY INTO OBJECT/PARKED VEHICLE,9,74133,Cross intersection,3,100,Arterial Highway,COMMERCIAL ROAD -SOUTH GIPPSLAND,WELLINGTON,-38.579796,146.67232,2020,1,January,15,Afternoon Peak,Weekday
T20200001919,2020-01-27,05:45:00,1,Collision with vehicle,1,Monday,120,HEAD ON (NOT OVERTAKING),5,623883,Not at intersection,3,80,Local Road,SINCLAIRS,MELTON,-37.721268,144.71,2020,1,January,5,Morning Peak,Weekday
T20200001975,2020-01-27,21:27:00,1,Collision with vehicle,1,Monday,135,LANE CHANGE LEFT (NOT OVERTAKING),3,194937,Not at intersection,3,80,Arterial Highway,SOUTH GIPPSLAND,DANDENONG,-38.020226,145.23814,2020,1,January,21,Night,Weekday
T20200001972,2020-01-27,17:38:00,1,Collision with vehicle,1,Monday,140,U TURN,1,624189,Not at intersection,3,60,Local Road,WIDFORD,HUME,-37.68639,144.92677,2020,1,January,17,Afternoon Peak,Weekday
T20200001971,2020-01-27,16:53:00,1,Collision with vehicle,1,Monday,137,LEFT TURN SIDESWIPE,1,42299,T intersection,3,60,Arterial Highway,BELL,MORELAND,-37.73956,144.94893,2020,1,January,16,Afternoon Peak,Weekday
T20200001969,2020-01-27,16:26:00,2,Struck Pedestrian,1,Monday,109,ANY MANOEUVRE INVOLVING PED NOT INCLUDED IN DCAs 100-108.,1,663722,Not at intersection,3,50,Local Road,LARK,HOBSONS BAY,-37.869976,144.80829,2020,1,January,16,Afternoon Peak,Weekday
T20200002520,2020-01-27,06:43:00,1,Collision with vehicle,1,Monday,134,LANE CHANGE RIGHT (NOT OVERTAKING),2,625163,Cross intersection,3,60,Arterial Other,NAPIER,MARIBYRNONG,-37.804337,144.90152,2020,1,January,6,Morning Peak,Weekday
T20200001967,2020-01-27,17:50:00,4,Collision with a fixed object,1,Monday,173,RIGHT OFF CARRIAGEWAY INTO OBJECT/PARKED VEHICLE,1,626415,Not at intersection,2,80,Local Road,HENLEY,NILLUMBIK,-37.69633,145.2364,2020,1,January,17,Afternoon Peak,Weekday
T20200001962,2020-01-27,17:58:00,1,Collision with vehicle,1,Monday,110,CROSS TRAFFIC(INTERSECTIONS ONLY),1,329220,Cross intersection,2,80,Freeway,PLENTY,BANYULE,-37.687065,145.06769,2020,1,January,17,Afternoon Peak,Weekday
T20200002056,2020-01-27,18:20:00,6,Vehicle overturned (no collision),1,Monday,172,OFF CARRIAGEWAY TO RIGHT,1,666204,Not at intersection,2,100,Arterial Highway,MURRAY VALLEY,SWAN HILL,-35.225048,143.46976,2020,1,January,18,Afternoon Peak,Weekday
T20200001961,2020-01-27,15:35:00,1,Collision with vehicle,1,Monday,113,RIGHT NEAR (INTERSECTIONS ONLY),1,625642,T intersection,1,100,Arterial Highway,SOUTH GIPPSLAND,SOUTH GIPPSLAND,-38.577137,145.98228,2020,1,January,15,Afternoon Peak,Weekday
T20200002524,2020-01-27,17:30:00,6,Vehicle overturned (no collision),1,Monday,170,OFF CARRIAGEWAY TO LEFT,1,663724,Cross intersection,3,100,Local Road,LILLIPUT-NORONG,INDIGO,-36.095406,146.33046,2020,1,January,17,Afternoon Peak,Weekday
T20200001960,2020-01-27,19:20:00,1,Collision with vehicle,1,Monday,163,VEHICLE STRIKES DOOR OF PARKED/STATIONARY VEHICLE,1,666316,Not at intersection,3,40,Arterial Other,CHAPEL,STONNINGTON,-37.83935,144.99565,2020,1,January,19,Night,Weekday
T20200001959,2020-01-27,16:30:00,1,Collision with vehicle,1,Monday,113,RIGHT NEAR (INTERSECTIONS ONLY),1,40541,T intersection,2,60,Arterial Other,HIGH,BOROONDARA,-37.864258,145.0865,2020,1,January,16,Afternoon Peak,Weekday
T20200001957,2020-01-27,16:54:00,4,Collision with a fixed object,1,Monday,171,LEFT OFF CARRIAGEWAY INTO OBJECT/PARKED VEHICLE,1,663723,T intersection,2,50,Local Road,BRIXTON,BAYSIDE,-37.95522,145.03175,2020,1,January,16,Afternoon Peak,Weekday
T20200001955,2020-01-27,16:00:00,1,Collision with vehicle,1,Monday,130,REAR END(VEHICLES IN SAME LANE),1,624517,Not at intersection,2,80,Freeway,WESTERN RING IN-SUNSHINE,BRIMBANK,-37.750565,144.8333,2020,1,January,16,Afternoon Peak,Weekday
T20200001978,2020-01-28,01:45:00,4,Collision with a fixed object,2,Tuesday,173,RIGHT OFF CARRIAGEWAY INTO OBJECT/PARKED VEHICLE,3,638748,Not at intersection,2,50,Local Road,MOUNTAIN VIEW,BANYULE,-37.701324,145.11542,2020,1,January,1,Late Night,Weekday
T20200002019,2020-01-28,11:25:00,6,Vehicle overturned (no collision),2,Tuesday,180,OFF CARRIAGEWAY ON RIGHT BEND,1,652282,Not at intersection,2,100,Arterial Other,GISBORNE,MOORABOOL,-37.64325,144.46143,2020,1,January,11,Midday,Weekday
T20200002022,2020-01-28,12:30:00,1,Collision with vehicle,2,Tuesday,140,U TURN,1,622975,Not at intersection,3,60,Arterial Other,HIGH,WHITTLESEA,-37.646435,145.02617,2020,1,January,12,Midday,Weekday
T20200002013,2020-01-28,13:00:00,1,Collision with vehicle,2,Tuesday,140,U TURN,1,622670,Not at intersection,3,50,Local Road,MAIN,CARDINIA,-38.072342,145.4762,2020,1,January,13,Midday,Weekday
T20200002061,2020-01-28,16:45:00,1,Collision with vehicle,2,Tuesday,113,RIGHT NEAR (INTERSECTIONS ONLY),1,623286,Cross intersection,2,100,Local Road,MERRIGUM-ARDMONA,SHEPPARTON,-36.372467,145.18654,2020,1,January,16,Afternoon Peak,Weekday
T20200003998,2020-01-28,08:30:00,2,Struck Pedestrian,2,Tuesday,100,PED NEAR SIDE. PED HIT BY VEHICLE FROM THE RIGHT.,1,635719,Not at intersection,3,50,Local Road,NEERIM,GLEN EIRA,-37.889874,145.06755,2020,1,January,8,Morning Peak,Weekday
T20200002026,2020-01-28,15:10:00,1,Collision with vehicle,2,Tuesday,133,LANE SIDE SWIPE (VEHICLES IN PARALLEL LANES),1,44686,T intersection,3,60,Arterial Highway,GREENSBOROUGH,BANYULE,-37.724472,145.08037,2020,1,January,15,Afternoon Peak,Weekday
T20200002027,2020-01-28,14:30:00,1,Collision with vehicle,2,Tuesday,110,CROSS TRAFFIC(INTERSECTIONS ONLY),1,39774,Cross intersection,2,70,Arterial Other,MT DANDENONG,MAROONDAH,-37.799644,145.28981,2020,1,January,14,Midday,Weekday
T20200002609,2020-01-28,17:29:00,1,Collision with vehicle,2,Tuesday,121,RIGHT THROUGH,1,773473,Not at intersection,2,60,Local Road,WELSFORD,SHEPPARTON,-36.37806,145.39847,2020,1,January,17,Afternoon Peak,Weekday