ACCIDENT_NO,ACCIDENT_DATE,ACCIDENT_TIME,ACCIDENT_TYPE,ACCIDENT_TYPE_DESC,DAY_OF_WEEK,DAY_WEEK_DESC,DCA_CODE,DCA_DESC,LIGHT_CONDITION,NODE_ID,ROAD_GEOMETRY_DESC,SEVERITY,SPEED_ZONE,RMA,ROAD_NAME,LGA_NAME,LATITUDE,LONGITUDE,YEAR,MONTH,MONTH_NAME,HOUR,TIME_PERIOD,DAY_TYPE
T20200002037,2020-01-28,16:45:00,1,Collision with vehicle,2,Tuesday,148,VEHICLE OFF FOOTPATH STRIKES VEH ON CARRIAGEWAY,1,666205,Not at intersection,3,40,Local Road,LAWRENCE,WODONGA,-36.124466,146.88759,2020,1,January,16,Afternoon Peak,Weekday
T20200002038,2020-01-28,17:35:00,1,Collision with vehicle,2,Tuesday,121,RIGHT THROUGH,1,29414,T intersection,3,60,Arterial Other,KING,MELBOURNE,-37.8114,144.95343,2020,1,January,17,Afternoon Peak,Weekday
T20200002040,2020-01-28,17:20:00,1,Collision with vehicle,2,Tuesday,113,RIGHT NEAR (INTERSECTIONS ONLY),1,253172,T intersection,2,60,Arterial Other,TRAM,MANNINGHAM,-37.794926,145.12614,2020,1,January,17,Afternoon Peak,Weekday
T20200002042,2020-01-28,16:15:00,1,Collision with vehicle,2,Tuesday,120,HEAD ON (NOT OVERTAKING),1,625474,Not at intersection,2,50,Local Road,COMMERCIAL,KNOX,-37.881935,145.27791,2020,1,January,16,Afternoon Peak,Weekday
T20200002043,2020-01-28,14:18:00,5,collision with some other object,2,Tuesday,166,STRUCK OBJECT ON CARRIAGEWAY,1,625475,T intersection,3,70,Arterial Highway,WAURN PONDS,GEELONG,-38.203552,144.30203,2020,1,January,14,Midday,Weekday
T20200002213,2020-01-28,09:53:00,1,Collision with vehicle,2,Tuesday,130,REAR END(VEHICLES IN SAME LANE),1,628647,Cross intersection,3,60,Arterial Highway,BANKSIA,BANYULE,-37.76013,145.07167,2020,1,January,9,Morning Peak,Weekday
T20200002073,2020-01-28,17:45:00,1,Collision with vehicle,2,Tuesday,110,CROSS TRAFFIC(INTERSECTIONS ONLY),1,37253,Cross intersection,3,40,Local Road,LAMBERT,YARRA,-37.812904,145.00258,2020,1,January,17,Afternoon Peak,Weekday
T20200002046,2020-01-28,18:45:00,1,Collision with vehicle,2,Tuesday,132,RIGHT REAR.,1,234487,T intersection,2,50,Local Road,BENNETT,HORSHAM,-36.715595,142.18726,2020,1,January,18,Afternoon Peak,Weekday
T20200002048,2020-01-28,19:15:00,1,Collision with vehicle,2,Tuesday,113,RIGHT NEAR (INTERSECTIONS ONLY),1,41864,T intersection,3,80,Arterial Other,FERNTREE GULLY,KNOX,-37.899067,145.22316,2020,1,January,19,Night,Weekday
T20200004580,2020-01-28,12:15:00,2,Struck Pedestrian,2,Tuesday,100,PED NEAR SIDE. PED HIT BY VEHICLE FROM THE RIGHT.,1,43672,Cross intersection,3,50,Local Road,BRIDGE,WYNDHAM,-37.902138,144.65988,2020,1,January,12,Midday,Weekday
T20200002051,2020-01-28,14:36:00,1,Collision with vehicle,2,Tuesday,130,REAR END(VEHICLES IN SAME LANE),1,658701,Not at intersection,3,80,Arterial Other,THOMPSONS,CASEY,-38.088882,145.32948,2020,1,January,14,Midday,Weekday
T20200002057,2020-01-28,20:00:00,1,Collision with vehicle,2,Tuesday,130,REAR END(VEHICLES IN SAME LANE),4,623885,T intersection,2,60,Arterial Other,RALEIGH,MARIBYRNONG,-37.769787,144.89906,2020,1,January,20,Night,Weekday
T20200007286,2020-01-28,13:00:00,1,Collision with vehicle,2,Tuesday,121,RIGHT THROUGH,1,37460,Cross intersection,3,50,Arterial Other,MONTAGUE,PORT PHILLIP,-37.830982,144.95038,2020,1,January,13,Midday,Weekday
T20200002008,2020-01-28,12:59:00,2,Struck Pedestrian,2,Tuesday,100,PED NEAR SIDE. PED HIT BY VEHICLE FROM THE RIGHT.,1,45513,Cross intersection,2,60,Arterial Other,MELVILLE,MORELAND,-37.762108,144.94426,2020,1,January,12,Midday,Weekday
T20200002070,2020-01-28,12:15:00,4,Collision with a fixed object,2,Tuesday,179,OTHER ACCIDENTS-OFF STRAIGHT NOT INCLUDED IN DCAs 170-175,1,729058,Not at intersection,2,50,Local Road,DRUMMOND,MONASH,-37.888504,145.09158,2020,1,January,12,Midday,Weekday
T20200002361,2020-01-28,07:30:00,1,Collision with vehicle,2,Tuesday,110,CROSS TRAFFIC(INTERSECTIONS ONLY),9,264779,Cross intersection,3,50,Local Road,BROOKE,MACEDON RANGES,-37.35944,144.52977,2020,1,January,7,Morning Peak,Weekday
T20200002798,2020-01-28,15:28:00,1,Collision with vehicle,2,Tuesday,120,HEAD ON (NOT OVERTAKING),1,640321,Not at intersection,3,100,Arterial Other,TATONG-TOLMIE,WANGARATTA,-36.910282,146.27435,2020,1,January,15,Afternoon Peak,Weekday
T20200002059,2020-01-28,16:36:00,1,Collision with vehicle,2,Tuesday,130,REAR END(VEHICLES IN SAME LANE),1,629646,Not at intersection,2,100,Freeway,METROPOLITAN RING,WHITTLESEA,-37.68735,145.03893,2020,1,January,16,Afternoon Peak,Weekday
T20200003017,2020-01-28,10:18:00,1,Collision with vehicle,2,Tuesday,134,LANE CHANGE RIGHT (NOT OVERTAKING),1,627728,Not at intersection,3,60,Arterial Highway,HIGH,BENDIGO,-36.761047,144.27408,2020,1,January,10,Midday,Weekday
T20200002119,2020-01-28,05:30:00,1,Collision with vehicle,2,Tuesday,116,LEFT NEAR (INTERSECTIONS ONLY),1,41237,T intersection,3,60,Local Road,AILEEN,GLEN EIRA,-37.893097,145.01364,2020,1,January,5,Morning Peak,Weekday
T20200007438,2020-01-28,18:00:00,1,Collision with vehicle,2,Tuesday,113,RIGHT NEAR (INTERSECTIONS ONLY),1,36892,Cross intersection,3,80,Arterial Other,WELLS,KINGSTON,-38.017937,145.114,2020,1,January,18,Afternoon Peak,Weekday
T20200002822,2020-01-28,08:00:00,1,Collision with vehicle,2,Tuesday,130,REAR END(VEHICLES IN SAME LANE),1,625808,Not at intersection,3,80,Arterial Other,CLYDE,CASEY,-38.048786,145.34036,2020,1,January,8,Morning Peak,Weekday
T20200001990,2020-01-28,08:39:00,1,Collision with vehicle,2,Tuesday,121,RIGHT THROUGH,1,10093,Cross intersection,2,60,Freeway,MORELAND,MORELAND,-37.752144,144.93607,2020,1,January,8,Morning Peak,Weekday
T20200002571,2020-01-28,08:00:00,1,Collision with vehicle,2,Tuesday,130,REAR END(VEHICLES IN SAME LANE),1,663565,Not at intersection,3,60,Freeway,WESTERN RING,BRIMBANK,-37.78479,144.78961,2020,1,January,8,Morning Peak,Weekday
T20200002105,2020-01-28,10:37:00,1,Collision with vehicle,2,Tuesday,134,LANE CHANGE RIGHT (NOT OVERTAKING),1,623594,Not at intersection,3,60,Arterial Other,CAMP,HUME,-37.689457,144.95778,2020,1,January,10,Midday,Weekday
T20200001995,2020-01-28,04:22:00,4,Collision with a fixed object,2,Tuesday,173,RIGHT OFF CARRIAGEWAY INTO OBJECT/PARKED VEHICLE,5,622492,Not at intersection,1,50,Local Road,AJAX,HEPBURN,-37.31229,144.12672,2020,1,January,4,Late Night,Weekday
T20200001980,2020-01-28,02:49:00,1,Collision with vehicle,2,Tuesday,160,VEHICLE COLLIDES WITH VEHICLE PARKED ON LEFT OF ROAD,3,651868,Not at intersection,3,70,Arterial Highway,DANDENONG,GLEN EIRA,-37.860813,145.01366,2020,1,January,2,Late Night,Weekday
T20200002010,2020-01-28,11:49:00,2,Struck Pedestrian,2,Tuesday,102,FAR SIDE. PED HIT BY VEHICLE FROM THE LEFT,1,631874,Not at intersection,2,50,Local Road,JAMES,DAREBIN,-37.77514,144.9971,2020,1,January,11,Midday,Weekday
T20200001999,2020-01-28,11:30:00,4,Collision with a fixed object,2,Tuesday,149,OTHER MANOEUVRING NOT INCLUDED IN DCAs 140-148,1,663645,Not at intersection,3,50,Local Road,BELMONT,DANDENONG,-37.965828,145.2029,2020,1,January,11,Midday,Weekday
T20200002009,2020-01-28,11:35:00,8,No collision and no object struck,2,Tuesday,184,OUT OF CONTROL ON CARRIAGEWAY (ON BEND),1,651019,Not at intersection,3,80,Local Road,BERWICK,YARRA RANGES,-37.96695,145.36276,2020,1,January,11,Midday,Weekday
T20200002003,2020-01-28,11:30:00,4,Collision with a fixed object,2,Tuesday,171,LEFT OFF CARRIAGEWAY INTO OBJECT/PARKED VEHICLE,1,638706,Not at intersection,2,80,Arterial Highway,MIDLAND,BENALLA,-36.527252,145.97748,2020,1,January,11,Midday,Weekday
T20200001979,2020-01-28,00:35:00,6,Vehicle overturned (no collision),2,Tuesday,172,OFF CARRIAGEWAY TO RIGHT,5,665996,Not at intersection,2,80,Local Road,BULBAN,WYNDHAM,-37.919334,144.60857,2020,1,January,0,Late Night,Weekday
T20200002007,2020-01-28,12:21:00,1,Collision with vehicle,2,Tuesday,121,RIGHT THROUGH,1,623884,Cross intersection,2,60,Local Road,SOUTH,WODONGA,-36.11864,146.88922,2020,1,January,12,Midday,Weekday
T20200002078,2020-01-28,19:33:00,1,Collision with vehicle,2,Tuesday,110,CROSS TRAFFIC(INTERSECTIONS ONLY),2,57371,Cross intersection,3,50,Local Road,CUTHBERT,DAREBIN,-37.716385,145.01295,2020,1,January,19,Night,Weekday
T20200002018,2020-01-28,11:00:00,1,Collision with vehicle,2,Tuesday,136,RIGHT TURN SIDESWIPE,1,623592,T intersection,2,50,Local Road,LINFIELD,WHITTLESEA,-37.613766,145.02586,2020,1,January,11,Midday,Weekday
T20200003403,2020-01-29,20:30:00,1,Collision with vehicle,3,Wednesday,130,REAR END(VEHICLES IN SAME LANE),3,728911,Cross intersection,3,80,Arterial Other,CENTRE,DANDENONG,-37.93139,145.14172,2020,1,January,20,Night,Weekday
T20200002202,2020-01-29,11:00:00,1,Collision with vehicle,3,Wednesday,163,VEHICLE STRIKES DOOR OF PARKED/STATIONARY VEHICLE,1,756525,Not at intersection,3,50,Local Road,KOORNANG,GLEN EIRA,-37.887913,145.05731,2020,1,January,11,Midday,Weekday
T20200002135,2020-01-29,18:05:00,1,Collision with vehicle,3,Wednesday,130,REAR END(VEHICLES IN SAME LANE),1,627085,Not at intersection,3,80,Arterial Highway,NEPEAN,KINGSTON,-37.96713,145.05896,2020,1,January,18,Afternoon Peak,Weekday
T20200002149,2020-01-29,18:00:00,4,Collision with a fixed object,3,Wednesday,183,OFF LEFT BEND INTO OBJECT/PARKED VEHICLE,1,664238,Not at intersection,3,40,Local Road,WOLVERTON,HUME,-37.689594,144.89212,2020,1,January,18,Afternoon Peak,Weekday
T20200002134,2020-01-29,17:30:00,1,Collision with vehicle,3,Wednesday,120,HEAD ON (NOT OVERTAKING),1,639080,Not at intersection,2,70,Arterial Other,PAKENHAM,CARDINIA,-38.013344,145.51309,2020,1,January,17,Afternoon Peak,Weekday
T20200002116,2020-01-29,10:40:00,1,Collision with vehicle,3,Wednesday,160,VEHICLE COLLIDES WITH VEHICLE PARKED ON LEFT OF ROAD,1,624518,Not at intersection,3,50,Local Road,ELAINE,BALLARAT,-37.552284,143.79924,2020,1,January,10,Midday,Weekday
T20200002115,2020-01-29,14:00:00,8,No collision and no object struck,3,Wednesday,182,OFF CARRIAGEWAY ON LEFT BEND,1,623595,Not at intersection,2,100,Local Road,LOCH-WONTHAGGI,SOUTH GIPPSLAND,-38.419212,145.69762,2020,1,January,14,Midday,Weekday
T20200002114,2020-01-29,16:00:00,1,Collision with vehicle,3,Wednesday,150,HEAD ON(OVERTAKING),1,624190,Not at intersection,2,80,Arterial Other,FORREST-APOLLO BAY,COLAC OTWAY,-38.619274,143.72678,2020,1,January,16,Afternoon Peak,Weekday
T20200002075,2020-01-29,07:35:00,1,Collision with vehicle,3,Wednesday,110,CROSS TRAFFIC(INTERSECTIONS ONLY),1,622977,Cross intersection,3,100,Local Road,DHURRINGILE,SHEPPARTON,-36.498917,145.24109,2020,1,January,7,Morning Peak,Weekday
T20200002980,2020-01-29,15:30:00,1,Collision with vehicle,3,Wednesday,130,REAR END(VEHICLES IN SAME LANE),1,50325,Cross intersection,3,60,Arterial Highway,GEELONG ROAD -SURF COAST,SURF COAST,-38.322273,144.3183,2020,1,January,15,Afternoon Peak,Weekday
T20200002305,2020-01-29,18:15:00,1,Collision with vehicle,3,Wednesday,131,LEFT REAR,1,230844,T intersection,3,50,Arterial Other,COOPER,WHITTLESEA,-37.65119,145.016,2020,1,January,18,Afternoon Peak,Weekday
T20200002113,2020-01-29,14:40:00,1,Collision with vehicle,3,Wednesday,110,CROSS TRAFFIC(INTERSECTIONS ONLY),9,51790,Cross intersection,2,50,Local Road,HARGRAVES,MOUNT ALEXANDER,-37.050632,144.22206,2020,1,January,14,Midday,Weekday
T20200002672,2020-01-29,20:30:00,6,Vehicle overturned (no collision),3,Wednesday,184,OUT OF CONTROL ON CARRIAGEWAY (ON BEND),2,625804,Not at intersection,2,60,Local Road,CARDINIA CREEK,CARDINIA,-37.956554,145.38268,2020,1,January,20,Night,Weekday
T20200002586,2020-01-29,16:00:00,1,Collision with vehicle,3,Wednesday,130,REAR END(VEHICLES IN SAME LANE),1,663195,Not at intersection,3,80,Arterial Highway,DANDENONG,DANDENONG,-38.000065,145.18123,2020,1,January,16,Afternoon Peak,Weekday
T20200002159,2020-01-29,22:30:00,1,Collision with vehicle,3,Wednesday,130,REAR END(VEHICLES IN SAME LANE),5,625797,Not at intersection,3,100,Freeway,PRINCES,CARDINIA,-38.06943,145.63762,2020,1,January,22,Night,Weekday
T20200002107,2020-01-29,08:00:00,1,Collision with vehicle,3,Wednesday,133,LANE SIDE SWIPE (VEHICLES IN PARALLEL LANES),1,630920,Not at intersection,2,60,Arterial Other,OLD CALDER,BRIMBANK,-37.726494,144.84846,2020,1,January,8,Morning Peak,Weekday
T20200002533,2020-01-29,12:40:00,1,Collision with vehicle,3,Wednesday,130,REAR END(VEHICLES IN SAME LANE),1,630923,Not at intersection,2,100,Freeway,MORNINGTON PENINSULA,KINGSTON,-38.040104,145.14012,2020,1,January,12,Midday,Weekday
T20200002132,2020-01-29,14:30:00,2,Struck Pedestrian,3,Wednesday,109,ANY MANOEUVRE INVOLVING PED NOT INCLUDED IN DCAs 100-108.,1,664278,Not at intersection,3,50,Local Road,HARVESTER,BRIMBANK,-37.777775,144.8306,2020,1,January,14,Midday,Weekday
T20200002156,2020-01-29,20:00:00,1,Collision with vehicle,3,Wednesday,120,HEAD ON (NOT OVERTAKING),1,661534,T intersection,2,80,Arterial Other,GEMBROOK-LAUNCHING PLACE,YARRA RANGES,-37.862103,145.59003,2020,1,January,20,Night,Weekday
T20200002155,2020-01-29,18:15:00,1,Collision with vehicle,3,Wednesday,110,CROSS TRAFFIC(INTERSECTIONS ONLY),1,43813,Cross intersection,2,60,Local Road,BEENAK,YARRA RANGES,-37.79066,145.43617,2020,1,January,18,Afternoon Peak,Weekday
T20200002063,2020-01-29,10:30:00,4,Collision with a fixed object,3,Wednesday,171,LEFT OFF CARRIAGEWAY INTO OBJECT/PARKED VEHICLE,9,744390,T intersection,3,50,Local Road,NORTHUMBERLAND,WHITTLESEA,-37.643345,145.0373,2020,1,January,10,Midday,Weekday
T20200005184,2020-01-29,17:00:00,1,Collision with vehicle,3,Wednesday,130,REAR END(VEHICLES IN SAME LANE),9,668337,Not at intersection,3,60,Freeway,WESTERN RING IN-WESTERN,BRIMBANK,-37.770176,144.79637,2020,1,January,17,Afternoon Peak,Weekday
T20200002122,2020-01-29,15:30:00,6,Vehicle overturned (no collision),3,Wednesday,180,OFF CARRIAGEWAY ON RIGHT BEND,1,654933,Not at intersection,2,100,Arterial Other,BRIDGEWATER-DUNOLLY,LODDON,-36.783302,143.83504,2020,1,January,15,Afternoon Peak,Weekday
T20200002102,2020-01-29,10:45:00,1,Collision with vehicle,3,Wednesday,130,REAR END(VEHICLES IN SAME LANE),1,654253,Not at intersection,3,100,Arterial Highway,GEELONG,HOBSONS BAY,-37.822475,144.8288,2020,1,January,10,Midday,Weekday
T20200002067,2020-01-29,01:00:00,5,collision with some other object,3,Wednesday,165,TEMPORARY ROADWORKS,5,36057,Cross intersection,3,60,Arterial Other,DOHERTYS,WYNDHAM,-37.824944,144.74886,2020,1,January,1,Late Night,Weekday
T20200002424,2020-01-29,13:00:00,1,Collision with vehicle,3,Wednesday,111,RIGHT FAR (INTERSECTIONS ONLY),1,624199,T intersection,3,100,Arterial Highway,PRINCES,COLAC OTWAY,-38.325363,143.62659,2020,1,January,13,Midday,Weekday
T20200002068,2020-01-29,02:00:00,5,collision with some other object,3,Wednesday,171,LEFT OFF CARRIAGEWAY INTO OBJECT/PARKED VEHICLE,3,664307,Not at intersection,3,70,Local Road,CALDER PARK,BRIMBANK,-37.694546,144.75618,2020,1,January,2,Late Night,Weekday
T20200002147,2020-01-29,17:43:00,1,Collision with vehicle,3,Wednesday,152,PULLING OUT (OVERTAKING),1,629984,Not at intersection,2,100,Local Road,BACCHUS MARSH-BALLIANG,MOORABOOL,-37.77183,144.3856,2020,1,January,17,Afternoon Peak,Weekday
T20200002127,2020-01-29,17:10:00,1,Collision with vehicle,3,Wednesday,130,REAR END(VEHICLES IN SAME LANE),1,623288,Not at intersection,3,70,Arterial Other,STURT,BALLARAT,-37.555,143.81743,2020,1,January,17,Afternoon Peak,Weekday
T20200002152,2020-01-29,20:20:00,5,collision with some other object,3,Wednesday,166,STRUCK OBJECT ON CARRIAGEWAY,2,623289,Not at intersection,2,80,Local Road,OAKLANDS,HUME,-37.61128,144.83975,2020,1,January,20,Night,Weekday
T20200002120,2020-01-29,15:50:00,1,Collision with vehicle,3,Wednesday,113,RIGHT NEAR (INTERSECTIONS ONLY),1,51576,T intersection,2,60,Arterial Other,BARNARD,BENDIGO,-36.75087,144.2825,2020,1,January,15,Afternoon Peak,Weekday
T20200010089,2020-01-29,14:30:00,1,Collision with vehicle,3,Wednesday,110,CROSS TRAFFIC(INTERSECTIONS ONLY),1,29818,Cross intersection,3,60,Arterial Other,MELBOURNE,WODONGA,-36.114845,146.86862,2020,1,January,14,Midday,Weekday
T20200002071,2020-01-29,07:27:00,1,Collision with vehicle,3,Wednesday,121,RIGHT THROUGH,1,38984,Cross intersection,3,60,Arterial Other,BURWOOD,BOROONDARA,-37.823734,145.0448,2020,1,January,7,Morning Peak,Weekday
T20200002151,2020-01-29,05:30:00,1,Collision with vehicle,3,Wednesday,116,LEFT NEAR (INTERSECTIONS ONLY),3,236450,T intersection,3,80,Arterial Other,MAIN WHITTLESEA,WHITTLESEA,-37.659393,145.0745,2020,1,January,5,Morning Peak,Weekday
T20200002153,2020-01-29,16:10:00,1,Collision with vehicle,3,Wednesday,139,OTHER SAME DIRECTION-MANOUEVRES NOT INCLUDED IN DCAs 130-137,1,623596,Cross intersection,3,60,Arterial Other,COBURNS ROAD -HIGH,MELTON,-37.68439,144.56818,2020,1,January,16,Afternoon Peak,Weekday
T20200002126,2020-01-29,16:00:00,1,Collision with vehicle,3,Wednesday,130,REAR END(VEHICLES IN SAME LANE),1,663170,Not at intersection,3,50,Arterial Other,THOMPSONS,MANNINGHAM,-37.761997,145.11125,2020,1,January,16,Afternoon Peak,Weekday
T20200013580,2020-01-29,15:20:00,1,Collision with vehicle,3,Wednesday,121,RIGHT THROUGH,1,40203,Cross intersection,3,60,Local Road,INKERMAN,PORT PHILLIP,-37.867596,145.00917,2020,1,January,15,Afternoon Peak,Weekday
T20200003781,2020-01-29,08:30:00,1,Collision with vehicle,3,Wednesday,132,RIGHT REAR.,1,38003,T intersection,3,50,Arterial Other,WESTGARTH,DAREBIN,-37.78267,145.0099,2020,1,January,8,Morning Peak,Weekday
T20200002087,2020-01-29,10:35:00,1,Collision with vehicle,3,Wednesday,113,RIGHT NEAR (INTERSECTIONS ONLY),1,629313,Cross intersection,3,60,Arterial Other,MIDDLEBOROUGH,WHITEHORSE,-37.797817,145.14218,2020,1,January,10,Midday,Weekday
T20200002085,2020-01-29,09:00:00,1,Collision with vehicle,3,Wednesday,130,REAR END(VEHICLES IN SAME LANE),1,658820,Not at intersection,3,80,Arterial Highway,LONSDALE,DANDENONG,-38.00071,145.22575,2020,1,January,9,Morning Peak,Weekday
T20200004613,2020-01-29,08:10:00,1,Collision with vehicle,3,Wednesday,113,RIGHT NEAR (INTERSECTIONS ONLY),1,639686,T intersection,3,60,Arterial Other,CAMBERWELL,BOROONDARA,-37.827,145.05168,2020,1,January,8,Morning Peak,Weekday
T20200002139,2020-01-29,18:15:00,1,Collision with vehicle,3,Wednesday,133,LANE SIDE SWIPE (VEHICLES IN PARALLEL LANES),1,638769,Not at intersection,2,100,Freeway,PRINCES,GEELONG,-38.034065,144.42331,2020,1,January,18,Afternoon Peak,Weekday
T20200002136,2020-01-29,17:05:00,1,Collision with vehicle,3,Wednesday,134,LANE CHANGE RIGHT (NOT OVERTAKING),1,308274,Not at intersection,2,100,Freeway,EASTERN,WHITEHORSE,-37.800117,145.14941,2020,1,January,17,Afternoon Peak,Weekday
T20200005025,2020-01-29,10:00:00,1,Collision with vehicle,3,Wednesday,116,LEFT NEAR (INTERSECTIONS ONLY),1,36997,T intersection,3,50,Local Road,MACARTHUR,MELBOURNE,-37.81179,144.97484,2020,1,January,10,Midday,Weekday
T20200004848,2020-01-29,14:25:00,1,Collision with vehicle,3,Wednesday,131,LEFT REAR,1,635754,Y intersection,3,60,Arterial Other,ORFORD STREET -WAVERLEY,MOONEE VALLEY,-37.76644,144.90546,2020,1,January,14,Midday,Weekday
T20200002229,2020-01-30,21:00:00,4,Collision with a fixed object,4,Thursday,173,RIGHT OFF CARRIAGEWAY INTO OBJECT/PARKED VEHICLE,1,663112,Not at intersection,3,50,Local Road,WILLAM,MELBOURNE,-37.775784,144.93982,2020,1,January,21,Night,Weekday
T20200002192,2020-01-30,10:00:00,4,Collision with a fixed object,4,Thursday,173,RIGHT OFF CARRIAGEWAY INTO OBJECT/PARKED VEHICLE,1,638933,Not at intersection,2,100,Arterial Highway,MURRAY VALLEY,INDIGO,-36.05114,146.49506,2020,1,January,10,Midday,Weekday
T20200002195,2020-01-30,12:00:00,1,Collision with vehicle,4,Thursday,135,LANE CHANGE LEFT (NOT OVERTAKING),1,625476,Not at intersection,2,100,Freeway,MONASH,CASEY,-37.96582,145.23343,2020,1,January,12,Midday,Weekday
T20200002199,2020-01-30,08:30:00,1,Collision with vehicle,4,Thursday,132,RIGHT REAR.,1,658853,Not at intersection,3,80,Local Road,RING,BALLARAT,-37.53105,143.80327,2020,1,January,8,Morning Peak,Weekday
T20200002201,2020-01-30,09:00:00,1,Collision with vehicle,4,Thursday,143,ENTERING PARKING,1,625477,Not at intersection,3,40,Arterial Other,HIGH,BOROONDARA,-37.796436,145.05725,2020,1,January,9,Morning Peak,Weekday
T20200002206,2020-01-30,06:30:00,1,Collision with vehicle,4,Thursday,134,LANE CHANGE RIGHT (NOT OVERTAKING),1,46197,Multiple intersection,3,80,Freeway,STUD,DANDENONG,-37.962753,145.22482,2020,1,January,6,Morning Peak,Weekday
T20200002214,2020-01-30,16:16:00,1,Collision with vehicle,4,Thursday,130,REAR END(VEHICLES IN SAME LANE),1,43769,T intersection,3,60,Local Road,BRIDGE,MELTON,-37.714333,144.5729,2020,1,January,16,Afternoon Peak,Weekday
T20200002592,2020-01-30,14:05:00,4,Collision with a fixed object,4,Thursday,173,RIGHT OFF CARRIAGEWAY INTO OBJECT/PARKED VEHICLE,1,638934,Not at intersection,3,100,Local Road,UPPER KING RIVER,WANGARATTA,-36.82603,146.39304,2020,1,January,14,Midday,Weekday
T20200002216,2020-01-30,14:00:00,1,Collision with vehicle,4,Thursday,130,REAR END(VEHICLES IN SAME LANE),1,37882,T intersection,3,40,Arterial Other,MERRI,DAREBIN,-37.778458,144.99062,2020,1,January,14,Midday,Weekday
T20200002219,2020-01-30,16:15:00,1,Collision with vehicle,4,Thursday,121,RIGHT THROUGH,1,851,Cross intersection,2,60,Arterial Other,SYDNEY,MORELAND,-37.72746,144.96368,2020,1,January,16,Afternoon Peak,Weekday
T20200002220,2020-01-30,17:45:00,2,Struck Pedestrian,4,Thursday,102,FAR SIDE. PED HIT BY VEHICLE FROM THE LEFT,1,45638,Cross intersection,3,40,Arterial Other,SYDNEY,MORELAND,-37.777096,144.96043,2020,1,January,17,Afternoon Peak,Weekday
T20200002222,2020-01-30,17:00:00,1,Collision with vehicle,4,Thursday,121,RIGHT THROUGH,1,626098,Cross intersection,2,80,Local Road,WARRANDYTE,FRANKSTON,-38.152195,145.19102,2020,1,January,17,Afternoon Peak,Weekday
T20200002241,2020-01-30,23:23:00,4,Collision with a fixed object,4,Thursday,141,U TURN INTO FIXED OBJECT/PARKED VEHICLE,3,115564,Not at intersection,2,50,Local Road,DAWSON,MORELAND,-37.77154,144.96118,2020,1,January,23,Night,Weekday
T20200002228,2020-01-30,20:16:00,1,Collision with vehicle,4,Thursday,121,RIGHT THROUGH,2,40031,T intersection,2,50,Local Road,BATTERY,HOBSONS BAY,-37.865017,144.91028,2020,1,January,20,Night,Weekday
T20200002244,2020-01-30,21:50:00,6,Vehicle overturned (no collision),4,Thursday,180,OFF CARRIAGEWAY ON RIGHT BEND,5,623125,Not at intersection,1,100,Arterial Other,MORTLAKE-ARARAT,MOYNE,-37.89456,142.80948,2020,1,January,21,Night,Weekday
T20200002245,2020-01-30,23:10:00,1,Collision with vehicle,4,Thursday,121,RIGHT THROUGH,3,84,Cross intersection,2,60,Arterial Highway,RINGWOOD,MAROONDAH,-37.811005,145.23737,2020,1,January,23,Night,Weekday
T20200003224,2020-01-30,20:00:00,1,Collision with vehicle,4,Thursday,110,CROSS TRAFFIC(INTERSECTIONS ONLY),2,53008,Cross intersection,3,60,Local Road,GRANT,BALLARAT,-37.595352,143.83145,2020,1,January,20,Night,Weekday
T20200002257,2020-01-30,14:00:00,4,Collision with a fixed object,4,Thursday,173,RIGHT OFF CARRIAGEWAY INTO OBJECT/PARKED VEHICLE,1,663167,Not at intersection,3,100,Arterial Highway,MAROONDAH LINK,MURRINDINDI,-37.11871,145.60345,2020,1,January,14,Midday,Weekday
T20200002262,2020-01-30,15:51:00,1,Collision with vehicle,4,Thursday,132,RIGHT REAR.,1,637784,Not at intersection,2,50,Local Road,BERKELEY,BOROONDARA,-37.830692,145.03687,2020,1,January,15,Afternoon Peak,Weekday
T20200002179,2020-01-30,07:55:00,1,Collision with vehicle,4,Thursday,147,VEHICLE STRIKES ANOTHER VEH WHILE EMERGING FROM DRIVEWAY,1,663166,Not at intersection,3,60,Local Road,VICTORIA,DAREBIN,-37.76957,145.01161,2020,1,January,7,Morning Peak,Weekday
T20200002269,2020-01-30,21:25:00,1,Collision with vehicle,4,Thursday,146,REVERSING INTO FIXED OBJECT/PARKED VEHICLE,3,651823,Not at intersection,3,50,Local Road,HARRISON,MAROONDAH,-37.807064,145.22531,2020,1,January,21,Night,Weekday
T20200002221,2020-01-30,16:30:00,4,Collision with a fixed object,4,Thursday,146,REVERSING INTO FIXED OBJECT/PARKED VEHICLE,1,665997,Not at intersection,2,50,Local Road,LEURA,MANNINGHAM,-37.78629,145.15944,2020,1,January,16,Afternoon Peak,Weekday
T20200004290,2020-01-30,16:30:00,1,Collision with vehicle,4,Thursday,116,LEFT NEAR (INTERSECTIONS ONLY),1,729164,T intersection,3,100,Arterial Other,BEECH FOREST-LAVERS HILL,COLAC OTWAY,-38.631847,143.5318,2020,1,January,16,Afternoon Peak,Weekday
T20200002956,2020-01-30,21:04:00,1,Collision with vehicle,4,Thursday,130,REAR END(VEHICLES IN SAME LANE),9,629318,Not at intersection,3,80,Arterial Other,CLYDE,CASEY,-38.06001,145.33821,2020,1,January,21,Night,Weekday