ACCIDENT_NO,ACCIDENT_DATE,ACCIDENT_TIME,ACCIDENT_TYPE,ACCIDENT_TYPE_DESC,DAY_OF_WEEK,DAY_WEEK_DESC,DCA_CODE,DCA_DESC,LIGHT_CONDITION,NODE_ID,ROAD_GEOMETRY_DESC,SEVERITY,SPEED_ZONE,RMA,ROAD_NAME,LGA_NAME,LATITUDE,LONGITUDE,YEAR,MONTH,MONTH_NAME,HOUR,TIME_PERIOD,DAY_TYPE
T20200002512,2020-01-30,08:30:00,1,Collision with vehicle,4,Thursday,130,REAR END(VEHICLES IN SAME LANE),1,625162,T intersection,3,60,Arterial Other,GISBORNE,MOORABOOL,-37.661884,144.44057,2020,1,January,8,Morning Peak,Weekday
T20200002515,2020-01-30,17:15:00,1,Collision with vehicle,4,Thursday,130,REAR END(VEHICLES IN SAME LANE),1,624533,Not at intersection,3,60,Arterial Other,JASPER,GLEN EIRA,-37.90957,145.04321,2020,1,January,17,Afternoon Peak,Weekday
T20200016322,2020-01-30,15:50:00,1,Collision with vehicle,4,Thursday,130,REAR END(VEHICLES IN SAME LANE),1,39933,T intersection,3,70,Arterial Other,KEILOR PARK,BRIMBANK,-37.727005,144.84947,2020,1,January,15,Afternoon Peak,Weekday
T20200004213,2020-01-30,16:46:00,1,Collision with vehicle,4,Thursday,130,REAR END(VEHICLES IN SAME LANE),1,631236,Not at intersection,3,60,Arterial Other,SPENCER,MELBOURNE,-37.807587,144.94771,2020,1,January,16,Afternoon Peak,Weekday
T20200002175,2020-01-30,09:15:00,1,Collision with vehicle,4,Thursday,159,OTHER OVERTAKING MANOEUVRES NOT INCLUDED IN DCAs 150-154,1,623293,Not at intersection,3,40,Local Road,COBDEN,BALLARAT,-37.57824,143.85745,2020,1,January,9,Morning Peak,Weekday
T20200002182,2020-01-30,10:03:00,1,Collision with vehicle,4,Thursday,110,CROSS TRAFFIC(INTERSECTIONS ONLY),1,35605,Cross intersection,2,80,Arterial Highway,WARRIGAL,KINGSTON,-37.982174,145.07135,2020,1,January,10,Midday,Weekday
T20200002844,2020-01-30,20:05:00,1,Collision with vehicle,4,Thursday,130,REAR END(VEHICLES IN SAME LANE),1,627403,T intersection,3,60,Freeway,GRIEVE,HOBSONS BAY,-37.825233,144.82933,2020,1,January,20,Night,Weekday
T20200002287,2020-01-30,06:10:00,6,Vehicle overturned (no collision),4,Thursday,174,OUT OF CONTROL ON CARRIAGEWAY (ON STRAIGHT),2,43317,Cross intersection,2,50,Arterial Other,MCLEOD,KINGSTON,-38.0757,145.12491,2020,1,January,6,Morning Peak,Weekday
T20200002183,2020-01-30,08:32:00,1,Collision with vehicle,4,Thursday,130,REAR END(VEHICLES IN SAME LANE),1,655515,Not at intersection,2,80,Arterial Highway,SOUTH GIPPSLAND,CASEY,-38.05174,145.25829,2020,1,January,8,Morning Peak,Weekday
T20200002187,2020-01-30,11:05:00,4,Collision with a fixed object,4,Thursday,146,REVERSING INTO FIXED OBJECT/PARKED VEHICLE,1,636118,Not at intersection,3,70,Arterial Other,THOMPSONS,MANNINGHAM,-37.77419,145.09377,2020,1,January,11,Midday,Weekday
T20200002169,2020-01-30,08:20:00,1,Collision with vehicle,4,Thursday,148,VEHICLE OFF FOOTPATH STRIKES VEH ON CARRIAGEWAY,1,623291,Cross intersection,2,50,Local Road,MCKINNEY,SHEPPARTON,-36.375465,145.40326,2020,1,January,8,Morning Peak,Weekday
T20200002167,2020-01-30,07:10:00,1,Collision with vehicle,4,Thursday,130,REAR END(VEHICLES IN SAME LANE),1,623290,Not at intersection,3,100,Freeway,EASTERN,BOROONDARA,-37.790318,145.03836,2020,1,January,7,Morning Peak,Weekday
T20200002395,2020-01-30,16:16:00,1,Collision with vehicle,4,Thursday,147,VEHICLE STRIKES ANOTHER VEH WHILE EMERGING FROM DRIVEWAY,1,626743,Not at intersection,2,70,Arterial Other,GREENS,DANDENONG,-38.015423,145.22137,2020,1,January,16,Afternoon Peak,Weekday
T20200002165,2020-01-30,05:00:00,4,Collision with a fixed object,4,Thursday,173,RIGHT OFF CARRIAGEWAY INTO OBJECT/PARKED VEHICLE,5,655620,Not at intersection,2,100,Local Road,HIGHLANDS,MITCHELL,-37.06127,145.31758,2020,1,January,5,Morning Peak,Weekday
T20200002236,2020-01-30,15:20:00,1,Collision with vehicle,4,Thursday,130,REAR END(VEHICLES IN SAME LANE),1,639081,Not at intersection,2,80,Arterial Other,NARRE WARREN,CASEY,-38.08135,145.29625,2020,1,January,15,Afternoon Peak,Weekday
T20200002164,2020-01-30,05:05:00,1,Collision with vehicle,4,Thursday,133,LANE SIDE SWIPE (VEHICLES IN PARALLEL LANES),3,647444,Not at intersection,3,80,Freeway,WEST GATE,MELBOURNE,-37.82563,144.93875,2020,1,January,5,Morning Peak,Weekday
T20200002234,2020-01-30,21:38:00,4,Collision with a fixed object,4,Thursday,179,OTHER ACCIDENTS-OFF STRAIGHT NOT INCLUDED IN DCAs 170-175,3,40077,Cross intersection,2,50,Local Road,ACLAND,PORT PHILLIP,-37.865437,144.97682,2020,1,January,21,Night,Weekday
T20200002163,2020-01-30,02:30:00,4,Collision with a fixed object,4,Thursday,175,OFF END OF ROAD/T-INTERSECTION.,6,56161,T intersection,2,60,Arterial Other,CAPE OTWAY,SURF COAST,-38.24062,144.17545,2020,1,January,2,Late Night,Weekday
T20200002188,2020-01-30,07:28:00,2,Struck Pedestrian,4,Thursday,102,FAR SIDE. PED HIT BY VEHICLE FROM THE LEFT,1,313667,T intersection,3,60,Arterial Other,DORSET,MAROONDAH,-37.78662,145.29243,2020,1,January,7,Morning Peak,Weekday
T20200002232,2020-01-30,16:20:00,4,Collision with a fixed object,4,Thursday,183,OFF LEFT BEND INTO OBJECT/PARKED VEHICLE,1,653756,Not at intersection,1,50,Local Road,TERRYS,YARRA RANGES,-37.89438,145.34755,2020,1,January,16,Afternoon Peak,Weekday
T20200002189,2020-01-30,05:55:00,1,Collision with vehicle,4,Thursday,132,RIGHT REAR.,2,630921,Not at intersection,3,50,Local Road,LOGIS,DANDENONG,-38.011166,145.19688,2020,1,January,5,Morning Peak,Weekday
T20200002237,2020-01-30,16:00:00,1,Collision with vehicle,4,Thursday,110,CROSS TRAFFIC(INTERSECTIONS ONLY),1,729124,Cross intersection,3,50,Local Road,OAKERN,MONASH,-37.88586,145.12068,2020,1,January,16,Afternoon Peak,Weekday
T20200002763,2020-01-30,12:02:00,1,Collision with vehicle,4,Thursday,147,VEHICLE STRIKES ANOTHER VEH WHILE EMERGING FROM DRIVEWAY,1,663109,Not at intersection,3,40,Local Road,LACHLAN,BRIMBANK,-37.792618,144.81412,2020,1,January,12,Midday,Weekday
T20200003351,2020-01-30,16:30:00,1,Collision with vehicle,4,Thursday,130,REAR END(VEHICLES IN SAME LANE),2,43872,Cross intersection,3,80,Arterial Highway,DANDENONG-HASTINGS,CASEY,-38.13388,145.22847,2020,1,January,16,Afternoon Peak,Weekday
T20200002317,2020-01-31,13:30:00,1,Collision with vehicle,5,Friday,135,LANE CHANGE LEFT (NOT OVERTAKING),1,639381,Not at intersection,3,60,Arterial Other,MCINTYRE,BRIMBANK,-37.772568,144.82956,2020,1,January,13,Midday,Weekday
T20200002314,2020-01-31,15:20:00,1,Collision with vehicle,5,Friday,130,REAR END(VEHICLES IN SAME LANE),1,3312,Not at intersection,3,80,Arterial Highway,FRANKSTON-DANDENONG,DANDENONG,-38.03122,145.21204,2020,1,January,15,Afternoon Peak,Weekday
T20200002385,2020-01-31,20:55:00,1,Collision with vehicle,5,Friday,139,OTHER SAME DIRECTION-MANOUEVRES NOT INCLUDED IN DCAs 130-137,3,624195,Cross intersection,3,40,Local Road,FLINDERS,MELBOURNE,-37.82107,144.95517,2020,1,January,20,Night,Weekday
T20200002306,2020-01-31,07:50:00,4,Collision with a fixed object,5,Friday,171,LEFT OFF CARRIAGEWAY INTO OBJECT/PARKED VEHICLE,1,657092,Not at intersection,1,100,Freeway,HUME,STRATHBOGIE,-36.601192,145.8266,2020,1,January,7,Morning Peak,Weekday
T20200002374,2020-01-31,15:10:00,1,Collision with vehicle,5,Friday,148,VEHICLE OFF FOOTPATH STRIKES VEH ON CARRIAGEWAY,1,624194,Not at intersection,3,60,Arterial Other,PARK,MORELAND,-37.729527,144.9261,2020,1,January,15,Afternoon Peak,Weekday
T20200002303,2020-01-31,10:00:00,1,Collision with vehicle,5,Friday,146,REVERSING INTO FIXED OBJECT/PARKED VEHICLE,1,636121,Not at intersection,3,40,Local Road,HARE,CAMPASPE,-36.126846,144.74927,2020,1,January,10,Midday,Weekday
T20200002302,2020-01-31,14:50:00,1,Collision with vehicle,5,Friday,121,RIGHT THROUGH,1,57286,Cross intersection,3,60,Arterial Other,TONE,WANGARATTA,-36.36063,146.31046,2020,1,January,14,Midday,Weekday
T20200002301,2020-01-31,13:00:00,4,Collision with a fixed object,5,Friday,171,LEFT OFF CARRIAGEWAY INTO OBJECT/PARKED VEHICLE,1,623888,Not at intersection,3,100,Local Road,YARRAWONGA-WILBY,MOIRA,-36.102577,146.01682,2020,1,January,13,Midday,Weekday
T20200002300,2020-01-31,13:30:00,1,Collision with vehicle,5,Friday,147,VEHICLE STRIKES ANOTHER VEH WHILE EMERGING FROM DRIVEWAY,1,341068,Not at intersection,3,60,Arterial Other,FURLONG,BRIMBANK,-37.76088,144.81644,2020,1,January,13,Midday,Weekday
T20200002299,2020-01-31,13:15:00,1,Collision with vehicle,5,Friday,130,REAR END(VEHICLES IN SAME LANE),1,626742,Not at intersection,3,60,Arterial Other,GRANGE,GLEN EIRA,-37.88997,145.04489,2020,1,January,13,Midday,Weekday
T20200002298,2020-01-31,06:55:00,1,Collision with vehicle,5,Friday,152,PULLING OUT (OVERTAKING),1,42558,T intersection,2,60,Arterial Highway,BELL,MORELAND,-37.739902,144.9523,2020,1,January,6,Morning Peak,Weekday
T20200002296,2020-01-31,13:15:00,1,Collision with vehicle,5,Friday,163,VEHICLE STRIKES DOOR OF PARKED/STATIONARY VEHICLE,1,663054,Not at intersection,3,40,Local Road,CHAPEL,STONNINGTON,-37.849808,144.99367,2020,1,January,13,Midday,Weekday
T20200007590,2020-01-31,14:40:00,1,Collision with vehicle,5,Friday,136,RIGHT TURN SIDESWIPE,1,646240,T intersection,3,60,Arterial Other,SOMERTON,HUME,-37.63993,144.92365,2020,1,January,14,Midday,Weekday
T20200007473,2020-01-31,10:05:00,1,Collision with vehicle,5,Friday,132,RIGHT REAR.,1,643813,Not at intersection,3,80,Arterial Highway,NEPEAN,BAYSIDE,-37.897686,145.0055,2020,1,January,10,Midday,Weekday
T20200003068,2020-01-31,07:15:00,1,Collision with vehicle,5,Friday,130,REAR END(VEHICLES IN SAME LANE),1,627729,T intersection,3,80,Arterial Highway,WELLINGTON,MONASH,-37.915264,145.13135,2020,1,January,7,Morning Peak,Weekday
T20200002747,2020-01-31,17:30:00,1,Collision with vehicle,5,Friday,163,VEHICLE STRIKES DOOR OF PARKED/STATIONARY VEHICLE,1,117020,Not at intersection,3,40,Local Road,SMITH,YARRA,-37.80096,144.98393,2020,1,January,17,Afternoon Peak,Weekday
T20200003941,2020-01-31,14:50:00,1,Collision with vehicle,5,Friday,134,LANE CHANGE RIGHT (NOT OVERTAKING),1,655688,Not at intersection,3,50,Local Road,FRANKLIN,MELBOURNE,-37.808254,144.96013,2020,1,January,14,Midday,Weekday
T20200003544,2020-01-31,14:50:00,1,Collision with vehicle,5,Friday,132,RIGHT REAR.,1,66517,T intersection,2,60,Arterial Other,BLACKSHAWS,HOBSONS BAY,-37.829796,144.83557,2020,1,January,14,Midday,Weekday
T20230003102,2020-01-31,19:00:00,1,Collision with vehicle,5,Friday,145,REVERSING IN STREAM OF TRAFFIC,1,758063,Not at intersection,3,60,Local Road,MOORABOOL,GEELONG,-38.145782,144.36143,2020,1,January,19,Night,Weekday
T20200002292,2020-01-31,08:40:00,1,Collision with vehicle,5,Friday,110,CROSS TRAFFIC(INTERSECTIONS ONLY),1,629985,Cross intersection,3,60,Arterial Highway,NORTH,MONASH,-37.910084,145.0901,2020,1,January,8,Morning Peak,Weekday
T20200002282,2020-01-31,11:08:00,1,Collision with vehicle,5,Friday,130,REAR END(VEHICLES IN SAME LANE),1,636860,Not at intersection,2,70,Arterial Highway,PLENTY,DAREBIN,-37.7109,145.04837,2020,1,January,11,Midday,Weekday
T20200003405,2020-01-31,10:38:00,1,Collision with vehicle,5,Friday,142,LEAVING PARKING,1,663096,Not at intersection,3,50,Local Road,STATION,MITCHELL,-37.024197,145.13786,2020,1,January,10,Midday,Weekday
T20200002594,2020-01-31,22:30:00,1,Collision with vehicle,5,Friday,130,REAR END(VEHICLES IN SAME LANE),3,640617,Not at intersection,2,60,Local Road,HIGH,MELTON,-37.685158,144.55608,2020,1,January,22,Night,Weekday
T20200002242,2020-01-31,00:11:00,6,Vehicle overturned (no collision),5,Friday,174,OUT OF CONTROL ON CARRIAGEWAY (ON STRAIGHT),3,636859,Not at intersection,2,80,Freeway,CITYLINK,YARRA,-37.829586,144.98853,2020,1,January,0,Late Night,Weekday
T20200002256,2020-01-31,06:00:00,2,Struck Pedestrian,5,Friday,102,FAR SIDE. PED HIT BY VEHICLE FROM THE LEFT,2,60038,Cross intersection,1,50,Arterial Highway,HIGH STREET -INKERMAN,CENTRAL GOLDFIELDS,-37.048405,143.73538,2020,1,January,6,Morning Peak,Weekday
T20200002268,2020-01-31,08:40:00,1,Collision with vehicle,5,Friday,110,CROSS TRAFFIC(INTERSECTIONS ONLY),1,17664,Cross intersection,2,60,Arterial Highway,PRINCE,ALPINE,-36.558342,146.71982,2020,1,January,8,Morning Peak,Weekday
T20200002270,2020-01-31,09:31:00,1,Collision with vehicle,5,Friday,130,REAR END(VEHICLES IN SAME LANE),1,53464,Cross intersection,3,80,Arterial Highway,SPRINGVALE,DANDENONG,-37.982437,145.14616,2020,1,January,9,Morning Peak,Weekday
T20200002275,2020-01-31,10:38:00,2,Struck Pedestrian,5,Friday,100,PED NEAR SIDE. PED HIT BY VEHICLE FROM THE RIGHT.,1,44595,Cross intersection,2,50,Arterial Highway,ALBERT,BALLARAT,-37.585155,143.84088,2020,1,January,10,Midday,Weekday
T20200002277,2020-01-31,10:44:00,1,Collision with vehicle,5,Friday,130,REAR END(VEHICLES IN SAME LANE),1,626417,Not at intersection,3,80,Arterial Highway,WHITEHORSE,WHITEHORSE,-37.81765,145.18416,2020,1,January,10,Midday,Weekday
T20200011637,2020-01-31,14:30:00,1,Collision with vehicle,5,Friday,110,CROSS TRAFFIC(INTERSECTIONS ONLY),1,35299,Cross intersection,3,60,Arterial Other,CURZON,MELBOURNE,-37.79875,144.94887,2020,1,January,14,Midday,Weekday
T20200003199,2020-01-31,19:34:00,1,Collision with vehicle,5,Friday,171,LEFT OFF CARRIAGEWAY INTO OBJECT/PARKED VEHICLE,1,628045,Not at intersection,3,100,Freeway,PENINSULA LINK,FRANKSTON,-38.1762,145.16185,2020,1,January,19,Night,Weekday
T20200004852,2020-01-31,13:30:00,8,No collision and no object struck,5,Friday,175,OFF END OF ROAD/T-INTERSECTION.,1,638935,T intersection,3,60,Local Road,ST ALBANS,GEELONG,-38.17361,144.37866,2020,1,January,13,Midday,Weekday
T20200004308,2020-01-31,21:35:00,6,Vehicle overturned (no collision),5,Friday,182,OFF CARRIAGEWAY ON LEFT BEND,3,655037,Not at intersection,2,70,Arterial Highway,BURWOOD,KNOX,-37.8928,145.31535,2020,1,January,21,Night,Weekday
T20200002346,2020-01-31,23:12:00,4,Collision with a fixed object,5,Friday,181,OFF RIGHT BEND INTO OBJECT/PARKED VEHICLE,5,672005,Not at intersection,2,80,Local Road,GOLDEN POINT,MOUNT ALEXANDER,-37.06058,144.27393,2020,1,January,23,Night,Weekday
T20200010259,2020-01-31,08:30:00,1,Collision with vehicle,5,Friday,135,LANE CHANGE LEFT (NOT OVERTAKING),1,653755,T intersection,3,60,Arterial Other,ELGAR,WHITEHORSE,-37.813667,145.11562,2020,1,January,8,Morning Peak,Weekday
T20200002345,2020-01-31,22:20:00,4,Collision with a fixed object,5,Friday,173,RIGHT OFF CARRIAGEWAY INTO OBJECT/PARKED VEHICLE,5,623440,Not at intersection,1,100,Arterial Highway,PRINCES,WARRNAMBOOL,-38.38826,142.56519,2020,1,January,22,Night,Weekday
T20200002344,2020-01-31,21:00:00,1,Collision with vehicle,5,Friday,160,VEHICLE COLLIDES WITH VEHICLE PARKED ON LEFT OF ROAD,3,638937,Not at intersection,2,40,Local Road,ARTILLERY,WARRNAMBOOL,-38.386326,142.47894,2020,1,January,21,Night,Weekday
T20200002340,2020-01-31,23:05:00,4,Collision with a fixed object,5,Friday,181,OFF RIGHT BEND INTO OBJECT/PARKED VEHICLE,3,624523,Not at intersection,2,60,Arterial Other,CHILDS,WHITTLESEA,-37.66394,145.05717,2020,1,January,23,Night,Weekday
T20200002339,2020-01-31,18:00:00,2,Struck Pedestrian,5,Friday,100,PED NEAR SIDE. PED HIT BY VEHICLE FROM THE RIGHT.,1,57054,Cross intersection,2,60,Arterial Other,MURRAY,DAREBIN,-37.73768,145.00105,2020,1,January,18,Afternoon Peak,Weekday
T20200002337,2020-01-31,21:30:00,1,Collision with vehicle,5,Friday,121,RIGHT THROUGH,3,624842,T intersection,2,60,Arterial Other,CHANDLER,BOROONDARA,-37.79077,145.0277,2020,1,January,21,Night,Weekday
T20200002932,2020-01-31,14:55:00,1,Collision with vehicle,5,Friday,199,UNKNOWN-NO DETAILS ON MANOEUVRES OF ROAD-USERS IN ACCIDENT,1,632511,Not at intersection,3,60,Arterial Other,WRIGHT,BRIMBANK,-37.79667,144.83691,2020,1,January,14,Midday,Weekday
T20200007376,2020-01-31,15:00:00,2,Struck Pedestrian,5,Friday,101,PED EMERGES FROM IN FRONT OF PARKED OR STATIONARY VEHICLE,1,663094,Not at intersection,3,50,Local Road,RAE,GLEN EIRA,-37.935547,145.07045,2020,1,January,15,Afternoon Peak,Weekday
T20200023144,2020-01-31,18:30:00,1,Collision with vehicle,5,Friday,113,RIGHT NEAR (INTERSECTIONS ONLY),2,670839,T intersection,3,50,Local Road,SELANDRA,CASEY,-38.107414,145.32469,2020,1,January,18,Afternoon Peak,Weekday
T20200002336,2020-01-31,14:41:00,5,collision with some other object,5,Friday,191,LOAD OR MISSILE STRUCK VEHICLE,1,624521,Not at intersection,3,80,Arterial Other,STRATHFIELDSAYE,BENDIGO,-36.789436,144.33455,2020,1,January,14,Midday,Weekday
T20200002335,2020-01-31,16:36:00,1,Collision with vehicle,5,Friday,120,HEAD ON (NOT OVERTAKING),1,663090,Not at intersection,2,60,Arterial Other,HIGH,WHITTLESEA,-37.663483,145.01743,2020,1,January,16,Afternoon Peak,Weekday
T20200002332,2020-01-31,14:46:00,1,Collision with vehicle,5,Friday,116,LEFT NEAR (INTERSECTIONS ONLY),1,240715,T intersection,3,80,Arterial Other,PRINCES,CARDINIA,-38.071285,145.4778,2020,1,January,14,Midday,Weekday
T20200002330,2020-01-31,18:45:00,4,Collision with a fixed object,5,Friday,173,RIGHT OFF CARRIAGEWAY INTO OBJECT/PARKED VEHICLE,1,624193,Not at intersection,3,100,Freeway,METROPOLITAN RING,MORELAND,-37.690952,144.97125,2020,1,January,18,Afternoon Peak,Weekday
T20200002328,2020-01-31,18:30:00,1,Collision with vehicle,5,Friday,110,CROSS TRAFFIC(INTERSECTIONS ONLY),1,35340,Cross intersection,3,60,Arterial Other,QUEENS,YARRA,-37.78865,144.99088,2020,1,January,18,Afternoon Peak,Weekday
T20200002326,2020-01-31,17:45:00,1,Collision with vehicle,5,Friday,162,ACCIDENT OR BROKEN DOWN,1,624520,Not at intersection,2,80,Arterial Other,MAHONEYS,DAREBIN,-37.6917,144.97917,2020,1,January,17,Afternoon Peak,Weekday
T20200002325,2020-01-31,17:30:00,1,Collision with vehicle,5,Friday,121,RIGHT THROUGH,1,40603,Cross intersection,3,60,Arterial Other,RIVERSDALE,WHITEHORSE,-37.835976,145.0982,2020,1,January,17,Afternoon Peak,Weekday
T20200002324,2020-01-31,17:45:00,2,Struck Pedestrian,5,Friday,109,ANY MANOEUVRE INVOLVING PED NOT INCLUDED IN DCAs 100-108.,1,638936,Not at intersection,2,50,Local Road,ELIZA,CASEY,-38.07913,145.28877,2020,1,January,17,Afternoon Peak,Weekday
T20200002318,2020-01-31,15:30:00,1,Collision with vehicle,5,Friday,110,CROSS TRAFFIC(INTERSECTIONS ONLY),1,62504,Cross intersection,2,50,Local Road,ALLIMA,BANYULE,-37.722107,145.10367,2020,1,January,15,Afternoon Peak,Weekday
T20200002589,2020-02-01,14:30:00,1,Collision with vehicle,6,Saturday,137,LEFT TURN SIDESWIPE,1,35395,T intersection,3,60,Arterial Other,FERRARS,PORT PHILLIP,-37.83332,144.95511,2020,2,February,14,Midday,Weekend
T20200004315,2020-02-01,21:10:00,1,Collision with vehicle,6,Saturday,116,LEFT NEAR (INTERSECTIONS ONLY),3,42505,Cross intersection,3,60,Local Road,BUCKINGHAM,DANDENONG,-37.95421,145.15056,2020,2,February,21,Night,Weekend
T20200002624,2020-02-01,14:00:00,1,Collision with vehicle,6,Saturday,130,REAR END(VEHICLES IN SAME LANE),1,37545,Cross intersection,3,60,Arterial Other,CLARENDON,PORT PHILLIP,-37.835224,144.9616,2020,2,February,14,Midday,Weekend
T20200011642,2020-02-01,11:00:00,1,Collision with vehicle,6,Saturday,110,CROSS TRAFFIC(INTERSECTIONS ONLY),1,48069,Cross intersection,3,50,Local Road,MILTON,PORT PHILLIP,-37.874615,144.98773,2020,2,February,11,Midday,Weekend
T20200003201,2020-02-01,15:30:00,1,Collision with vehicle,6,Saturday,130,REAR END(VEHICLES IN SAME LANE),1,663402,Not at intersection,3,70,Arterial Other,BULLA,MOONEE VALLEY,-37.739468,144.90715,2020,2,February,15,Afternoon Peak,Weekend
T20200003729,2020-02-01,11:57:00,1,Collision with vehicle,6,Saturday,116,LEFT NEAR (INTERSECTIONS ONLY),1,44808,Cross intersection,3,60,Arterial Other,SHERBOURNE,NILLUMBIK,-37.71699,145.13724,2020,2,February,11,Midday,Weekend
T20200002358,2020-02-01,10:00:00,1,Collision with vehicle,6,Saturday,120,HEAD ON (NOT OVERTAKING),1,630922,Not at intersection,3,100,Arterial Highway,PRINCES,GLENELG,-37.948936,141.32454,2020,2,February,10,Midday,Weekend
T20200002465,2020-02-01,18:42:00,1,Collision with vehicle,6,Saturday,130,REAR END(VEHICLES IN SAME LANE),1,624845,Not at intersection,3,80,Arterial Highway,NEPEAN,BAYSIDE,-37.90646,145.00879,2020,2,February,18,Afternoon Peak,Weekend
T20200002396,2020-02-01,05:00:00,4,Collision with a fixed object,6,Saturday,173,RIGHT OFF CARRIAGEWAY INTO OBJECT/PARKED VEHICLE,3,643165,Not at intersection,3,70,Arterial Other,VICTORIA,BALLARAT,-37.560547,143.8772,2020,2,February,5,Morning Peak,Weekend
T20200002403,2020-02-01,22:05:00,4,Collision with a fixed object,6,Saturday,173,RIGHT OFF CARRIAGEWAY INTO OBJECT/PARKED VEHICLE,3,660688,Not at intersection,3,60,Local Road,BAYVIEW,MORNINGTON PENINSULA,-38.3674,144.9147,2020,2,February,22,Night,Weekend
T20200003477,2020-02-01,00:00:00,2,Struck Pedestrian,6,Saturday,100,PED NEAR SIDE. PED HIT BY VEHICLE FROM THE RIGHT.,6,630304,Not at intersection,3,40,Local Road,CHAPEL,STONNINGTON,-37.850716,144.99353,2020,2,February,0,Late Night,Weekend
T20200002982,2020-02-01,16:30:00,8,No collision and no object struck,6,Saturday,174,OUT OF CONTROL ON CARRIAGEWAY (ON STRAIGHT),1,345103,Not at intersection,3,40,Arterial Other,BRIDGE,YARRA,-37.81797,144.99374,2020,2,February,16,Afternoon Peak,Weekend
T20200002406,2020-02-01,23:30:00,4,Collision with a fixed object,6,Saturday,171,LEFT OFF CARRIAGEWAY INTO OBJECT/PARKED VEHICLE,5,303232,T intersection,2,100,Arterial Other,DIGGERS REST-COIMADAI,MELTON,-37.615604,144.53908,2020,2,February,23,Night,Weekend
T20200007484,2020-02-01,00:30:00,3,Struck animal,6,Saturday,167,STRUCK ANIMAL,5,656870,Not at intersection,3,100,Arterial Other,SYDNEY,BENALLA,-36.53395,146.03204,2020,2,February,0,Late Night,Weekend
T20200002416,2020-02-01,18:00:00,4,Collision with a fixed object,6,Saturday,181,OFF RIGHT BEND INTO OBJECT/PARKED VEHICLE,1,624197,Not at intersection,3,100,Arterial Highway,STRZELECKI,SOUTH GIPPSLAND,-38.449554,145.98175,2020,2,February,18,Afternoon Peak,Weekend
T20200002357,2020-02-01,10:30:00,6,Vehicle overturned (no collision),6,Saturday,182,OFF CARRIAGEWAY ON LEFT BEND,1,675051,Not at intersection,3,80,Arterial Other,SKENES CREEK,COLAC OTWAY,-38.71704,143.7072,2020,2,February,10,Midday,Weekend
T20200002352,2020-02-01,07:00:00,4,Collision with a fixed object,6,Saturday,183,OFF LEFT BEND INTO OBJECT/PARKED VEHICLE,2,640320,Not at intersection,2,70,Local Road,AVON,CARDINIA,-37.910786,145.49342,2020,2,February,7,Morning Peak,Weekend
T20200002353,2020-02-01,11:30:00,1,Collision with vehicle,6,Saturday,110,CROSS TRAFFIC(INTERSECTIONS ONLY),1,45602,Cross intersection,2,40,Local Road,ALBERT,MORELAND,-37.768105,144.95566,2020,2,February,11,Midday,Weekend
T20200002557,2020-02-01,18:00:00,3,Struck animal,6,Saturday,167,STRUCK ANIMAL,1,664224,Not at intersection,3,60,Arterial Other,YORK,YARRA RANGES,-37.797028,145.36592,2020,2,February,18,Afternoon Peak,Weekend
T20200008019,2020-02-01,12:30:00,1,Collision with vehicle,6,Saturday,132,RIGHT REAR.,1,64282,T intersection,3,50,Local Road,CROSSMAN,MAROONDAH,-37.777138,145.25769,2020,2,February,12,Midday,Weekend
T20200002576,2020-02-01,12:30:00,6,Vehicle overturned (no collision),6,Saturday,170,OFF CARRIAGEWAY TO LEFT,1,624855,Not at intersection,3,80,Local Road,COBUNGRA,EAST GIPPSLAND,-37.091843,147.40317,2020,2,February,12,Midday,Weekend
T20200002430,2020-02-01,22:44:00,1,Collision with vehicle,6,Saturday,120,HEAD ON (NOT OVERTAKING),3,647133,Not at intersection,2,50,Local Road,LOVELL,BRIMBANK,-37.76401,144.80608,2020,2,February,22,Night,Weekend
T20200002359,2020-02-01,09:40:00,4,Collision with a fixed object,6,Saturday,151,OUT OF CONTROL (OVERTAKING),1,625798,Not at intersection,2,70,Arterial Other,HOPKINS,MELTON,-37.752357,144.70389,2020,2,February,9,Morning Peak,Weekend
T20200002351,2020-02-01,08:15:00,6,Vehicle overturned (no collision),6,Saturday,174,OUT OF CONTROL ON CARRIAGEWAY (ON STRAIGHT),1,624843,Not at intersection,2,80,Local Road,FOREST,SURF COAST,-38.365643,144.20142,2020,2,February,8,Morning Peak,Weekend
T20200002362,2020-02-01,11:40:00,1,Collision with vehicle,6,Saturday,130,REAR END(VEHICLES IN SAME LANE),1,623889,Cross intersection,3,60,Arterial Other,EPPING,WHITTLESEA,-37.622944,145.0288,2020,2,February,11,Midday,Weekend
T20200002394,2020-02-01,21:46:00,1,Collision with vehicle,6,Saturday,140,U TURN,3,729125,T intersection,2,60,Local Road,BRIDGEWATER,HUME,-37.616947,144.92656,2020,2,February,21,Night,Weekend
T20200003146,2020-02-01,18:00:00,4,Collision with a fixed object,6,Saturday,171,LEFT OFF CARRIAGEWAY INTO OBJECT/PARKED VEHICLE,1,652798,Not at intersection,3,100,Arterial Other,MAIN NEERIM,BAW BAW,-38.073833,145.88065,2020,2,February,18,Afternoon Peak,Weekend