ACCIDENT_NO,ACCIDENT_DATE,ACCIDENT_TIME,ACCIDENT_TYPE,ACCIDENT_TYPE_DESC,DAY_OF_WEEK,DAY_WEEK_DESC,DCA_CODE,DCA_DESC,LIGHT_CONDITION,NODE_ID,ROAD_GEOMETRY_DESC,SEVERITY,SPEED_ZONE,RMA,ROAD_NAME,LGA_NAME,LATITUDE,LONGITUDE,YEAR,MONTH,MONTH_NAME,HOUR,TIME_PERIOD,DAY_TYPE
T20200009982,2020-02-01,16:17:00,1,Collision with vehicle,6,Saturday,110,CROSS TRAFFIC(INTERSECTIONS ONLY),1,37219,Cross intersection,2,40,Arterial Other,CHURCH,YARRA,-37.81057,145.00064,2020,2,February,16,Afternoon Peak,Weekend
T20200002443,2020-02-01,01:00:00,4,Collision with a fixed object,6,Saturday,173,RIGHT OFF CARRIAGEWAY INTO OBJECT/PARKED VEHICLE,5,660769,Not at intersection,2,100,Freeway,WESTERN,MELTON,-37.742115,144.69171,2020,2,February,1,Late Night,Weekend
T20200002373,2020-02-01,14:45:00,1,Collision with vehicle,6,Saturday,113,RIGHT NEAR (INTERSECTIONS ONLY),1,321148,T intersection,3,60,Local Road,WHITMUIR,GLEN EIRA,-37.91192,145.02933,2020,2,February,14,Midday,Weekend
T20200008031,2020-02-01,13:05:00,1,Collision with vehicle,6,Saturday,135,LANE CHANGE LEFT (NOT OVERTAKING),1,780549,Not at intersection,3,100,Freeway,MONASH OUT-SOUTH GIPPSLAND OUT,CASEY,-37.986324,145.25002,2020,2,February,13,Midday,Weekend
T20200003630,2020-02-01,20:20:00,4,Collision with a fixed object,6,Saturday,181,OFF RIGHT BEND INTO OBJECT/PARKED VEHICLE,3,661373,Not at intersection,3,60,Arterial Other,BELMORE,WHITEHORSE,-37.802006,145.10474,2020,2,February,20,Night,Weekend
T20200008205,2020-02-01,05:30:00,4,Collision with a fixed object,6,Saturday,173,RIGHT OFF CARRIAGEWAY INTO OBJECT/PARKED VEHICLE,5,660689,Not at intersection,2,80,Local Road,GROSSMANS,SURF COAST,-38.316254,144.26707,2020,2,February,5,Morning Peak,Weekend
T20200002387,2020-02-01,17:30:00,6,Vehicle overturned (no collision),6,Saturday,174,OUT OF CONTROL ON CARRIAGEWAY (ON STRAIGHT),1,628648,Not at intersection,2,100,Arterial Highway,MURRAY VALLEY,TOWONG,-36.199577,147.6473,2020,2,February,17,Afternoon Peak,Weekend
T20200002411,2020-02-01,11:11:00,1,Collision with vehicle,6,Saturday,113,RIGHT NEAR (INTERSECTIONS ONLY),1,626099,Y intersection,3,60,Local Road,MAST GULLY,YARRA RANGES,-37.901527,145.33112,2020,2,February,11,Midday,Weekend
T20200002785,2020-02-01,18:48:00,8,No collision and no object struck,6,Saturday,174,OUT OF CONTROL ON CARRIAGEWAY (ON STRAIGHT),1,640632,T intersection,3,60,Local Road,LYREBIRD,FRANKSTON,-38.111683,145.17322,2020,2,February,18,Afternoon Peak,Weekend
T20200004416,2020-02-01,11:30:00,4,Collision with a fixed object,6,Saturday,171,LEFT OFF CARRIAGEWAY INTO OBJECT/PARKED VEHICLE,1,636136,Not at intersection,3,50,Local Road,NORMAN,MAROONDAH,-37.78889,145.2844,2020,2,February,11,Midday,Weekend
T20200002379,2020-02-01,16:45:00,4,Collision with a fixed object,6,Saturday,181,OFF RIGHT BEND INTO OBJECT/PARKED VEHICLE,1,281551,Not at intersection,3,100,Arterial Other,GRAMPIANS,NORTHERN GRAMPIANS,-37.19201,142.54402,2020,2,February,16,Afternoon Peak,Weekend
T20200005690,2020-02-01,07:00:00,1,Collision with vehicle,6,Saturday,130,REAR END(VEHICLES IN SAME LANE),2,641294,Not at intersection,3,60,Local Road,ELSWORTH STREET,BALLARAT,-37.581944,143.85701,2020,2,February,7,Morning Peak,Weekend
T20200002382,2020-02-01,12:18:00,8,No collision and no object struck,6,Saturday,174,OUT OF CONTROL ON CARRIAGEWAY (ON STRAIGHT),1,728896,Not at intersection,2,60,Arterial Highway,SYDNEY,MITCHELL,-37.29006,144.95032,2020,2,February,12,Midday,Weekend
T20200002417,2020-02-01,13:00:00,1,Collision with vehicle,6,Saturday,121,RIGHT THROUGH,1,49929,Cross intersection,3,60,Arterial Highway,ABERDEEN,GEELONG,-38.14676,144.34712,2020,2,February,13,Midday,Weekend
T20200002398,2020-02-01,14:55:00,1,Collision with vehicle,6,Saturday,120,HEAD ON (NOT OVERTAKING),1,624098,Not at intersection,1,80,Arterial Other,BALNARRING,MORNINGTON PENINSULA,-38.28727,145.07143,2020,2,February,14,Midday,Weekend
T20200002915,2020-02-01,21:04:00,1,Collision with vehicle,6,Saturday,130,REAR END(VEHICLES IN SAME LANE),3,728906,Not at intersection,3,80,Arterial Highway,WELLINGTON,MONASH,-37.91479,145.12822,2020,2,February,21,Night,Weekend
T20200002400,2020-02-01,22:50:00,2,Struck Pedestrian,6,Saturday,100,PED NEAR SIDE. PED HIT BY VEHICLE FROM THE RIGHT.,3,624526,Cross intersection,2,60,Arterial Other,VICTORIA,YARRA,-37.808735,144.98268,2020,2,February,22,Night,Weekend
T20200002641,2020-02-01,18:00:00,1,Collision with vehicle,6,Saturday,130,REAR END(VEHICLES IN SAME LANE),1,627089,T intersection,3,40,Local Road,REYNOLDS,NILLUMBIK,-37.667168,145.18347,2020,2,February,18,Afternoon Peak,Weekend
T20200002496,2020-02-01,09:30:00,1,Collision with vehicle,6,Saturday,130,REAR END(VEHICLES IN SAME LANE),9,664222,T intersection,2,50,Arterial Other,EDGARS,WHITTLESEA,-37.693596,145.00108,2020,2,February,9,Morning Peak,Weekend
T20200002402,2020-02-01,22:12:00,1,Collision with vehicle,6,Saturday,110,CROSS TRAFFIC(INTERSECTIONS ONLY),3,36203,Cross intersection,3,60,Arterial Other,VINEYARD,MELTON,-37.629066,144.70866,2020,2,February,22,Night,Weekend
T20200002514,2020-02-02,21:37:00,1,Collision with vehicle,7,Sunday,113,RIGHT NEAR (INTERSECTIONS ONLY),3,37296,T intersection,2,80,Arterial Other,KILBERRY,CASEY,-38.031235,145.28125,2020,2,February,21,Night,Weekend
T20200002470,2020-02-02,19:50:00,1,Collision with vehicle,7,Sunday,121,RIGHT THROUGH,3,42801,Cross intersection,3,60,Arterial Highway,WARRIGAL,KINGSTON,-37.967663,145.07414,2020,2,February,19,Night,Weekend
T20200002461,2020-02-02,17:26:00,8,No collision and no object struck,7,Sunday,179,OTHER ACCIDENTS-OFF STRAIGHT NOT INCLUDED IN DCAs 170-175,1,643166,Not at intersection,3,60,Local Road,BLUFF,GEELONG,-38.17984,144.71507,2020,2,February,17,Afternoon Peak,Weekend
T20200003213,2020-02-02,01:00:00,4,Collision with a fixed object,7,Sunday,146,REVERSING INTO FIXED OBJECT/PARKED VEHICLE,3,660773,Not at intersection,2,60,Arterial Highway,LOWER DANDENONG,KINGSTON,-37.982464,145.07512,2020,2,February,1,Late Night,Weekend
T20200014221,2020-02-02,15:45:00,1,Collision with vehicle,7,Sunday,130,REAR END(VEHICLES IN SAME LANE),1,660380,Not at intersection,3,40,Local Road,OVERLAND,CASEY,-38.02028,145.30411,2020,2,February,15,Afternoon Peak,Weekend
T20200002458,2020-02-02,08:30:00,1,Collision with vehicle,7,Sunday,130,REAR END(VEHICLES IN SAME LANE),1,759021,Not at intersection,3,90,Freeway,MORNINGTON PENINSULA,KINGSTON,-38.03031,145.13628,2020,2,February,8,Morning Peak,Weekend
T20200002423,2020-02-02,12:00:00,1,Collision with vehicle,7,Sunday,140,U TURN,1,627400,Not at intersection,3,60,Arterial Other,WILLIAMS,STONNINGTON,-37.848946,145.00305,2020,2,February,12,Midday,Weekend
T20200002455,2020-02-02,16:20:00,4,Collision with a fixed object,7,Sunday,173,RIGHT OFF CARRIAGEWAY INTO OBJECT/PARKED VEHICLE,1,660770,Not at intersection,3,80,Arterial Other,BALLARAT-BURRUMBEET,BALLARAT,-37.559387,143.90518,2020,2,February,16,Afternoon Peak,Weekend
T20200002454,2020-02-02,16:47:00,1,Collision with vehicle,7,Sunday,130,REAR END(VEHICLES IN SAME LANE),1,624527,Not at intersection,2,80,Freeway,WESTERN RING OUT-PASCOE VALE,HUME,-37.693428,144.90746,2020,2,February,16,Afternoon Peak,Weekend
T20200003743,2020-02-02,13:00:00,8,No collision and no object struck,7,Sunday,174,OUT OF CONTROL ON CARRIAGEWAY (ON STRAIGHT),1,52294,T intersection,3,80,Arterial Other,BOLDINGS ROAD -TRAMWAY,LATROBE,-38.291035,146.4295,2020,2,February,13,Midday,Weekend
T20200002905,2020-02-02,13:00:00,1,Collision with vehicle,7,Sunday,160,VEHICLE COLLIDES WITH VEHICLE PARKED ON LEFT OF ROAD,1,626105,Not at intersection,2,60,Arterial Other,PASCOE VALE,MOONEE VALLEY,-37.762093,144.92578,2020,2,February,13,Midday,Weekend
T20200002716,2020-02-02,10:00:00,4,Collision with a fixed object,7,Sunday,179,OTHER ACCIDENTS-OFF STRAIGHT NOT INCLUDED IN DCAs 170-175,1,780555,Not at intersection,3,100,Local Road,TORBETTS,YARRA RANGES,-37.86127,145.68875,2020,2,February,10,Midday,Weekend
T20200005113,2020-02-02,00:01:00,1,Collision with vehicle,7,Sunday,130,REAR END(VEHICLES IN SAME LANE),3,635778,Cross intersection,3,60,Arterial Other,RIVERSDALE,BOROONDARA,-37.835964,145.0981,2020,2,February,0,Late Night,Weekend
T20200002452,2020-02-02,15:56:00,1,Collision with vehicle,7,Sunday,116,LEFT NEAR (INTERSECTIONS ONLY),1,44522,T intersection,3,100,Arterial Other,PLENTY,WHITTLESEA,-37.568943,145.10655,2020,2,February,15,Afternoon Peak,Weekend
T20200002683,2020-02-02,01:20:00,1,Collision with vehicle,7,Sunday,116,LEFT NEAR (INTERSECTIONS ONLY),6,663647,Multiple intersection,2,80,Arterial Highway,MONTAGUE,PORT PHILLIP,-37.826706,144.94684,2020,2,February,1,Late Night,Weekend
T20200002435,2020-02-02,09:51:00,1,Collision with vehicle,7,Sunday,110,CROSS TRAFFIC(INTERSECTIONS ONLY),1,52698,Cross intersection,3,60,Arterial Other,BAILEY,HEPBURN,-37.294838,143.7867,2020,2,February,9,Morning Peak,Weekend
T20200002485,2020-02-02,23:10:00,1,Collision with vehicle,7,Sunday,121,RIGHT THROUGH,4,47382,T intersection,2,60,Freeway,WESTERN IN-COBURNS,MELTON,-37.68815,144.56744,2020,2,February,23,Night,Weekend
T20200002484,2020-02-02,23:45:00,1,Collision with vehicle,7,Sunday,121,RIGHT THROUGH,3,624201,T intersection,2,80,Arterial Highway,SPRINGVALE,DANDENONG,-37.93567,145.1554,2020,2,February,23,Night,Weekend
T20200002483,2020-02-02,11:22:00,6,Vehicle overturned (no collision),7,Sunday,174,OUT OF CONTROL ON CARRIAGEWAY (ON STRAIGHT),9,624529,Not at intersection,1,100,Local Road,FOGARTYS GAP,MOUNT ALEXANDER,-36.96019,144.22232,2020,2,February,11,Midday,Weekend
T20200002436,2020-02-02,13:50:00,1,Collision with vehicle,7,Sunday,135,LANE CHANGE LEFT (NOT OVERTAKING),1,664255,Not at intersection,3,80,Freeway,CALDER,MOONEE VALLEY,-37.733944,144.88542,2020,2,February,13,Midday,Weekend
T20200002437,2020-02-02,12:00:00,1,Collision with vehicle,7,Sunday,110,CROSS TRAFFIC(INTERSECTIONS ONLY),1,357212,Cross intersection,2,100,Arterial Other,PRINCES,BAW BAW,-38.09324,145.83423,2020,2,February,12,Midday,Weekend
T20200003288,2020-02-02,06:30:00,1,Collision with vehicle,7,Sunday,121,RIGHT THROUGH,2,226851,Cross intersection,2,70,Arterial Other,COOPER,WHITTLESEA,-37.649258,144.99911,2020,2,February,6,Morning Peak,Weekend
T20200002409,2020-02-02,05:00:00,1,Collision with vehicle,7,Sunday,121,RIGHT THROUGH,3,304737,Cross intersection,2,80,Local Road,POWER,CASEY,-37.97314,145.24226,2020,2,February,5,Morning Peak,Weekend
T20200002480,2020-02-02,23:37:00,4,Collision with a fixed object,7,Sunday,171,LEFT OFF CARRIAGEWAY INTO OBJECT/PARKED VEHICLE,3,660772,Not at intersection,2,80,Freeway,TULLAMARINE,MOONEE VALLEY,-37.719177,144.89206,2020,2,February,23,Night,Weekend
T20200002408,2020-02-02,03:30:00,4,Collision with a fixed object,7,Sunday,171,LEFT OFF CARRIAGEWAY INTO OBJECT/PARKED VEHICLE,3,642513,Not at intersection,3,100,Freeway,METROPOLITAN RING IN-HUME,WHITTLESEA,-37.688766,144.99254,2020,2,February,3,Late Night,Weekend
T20200002478,2020-02-02,22:30:00,1,Collision with vehicle,7,Sunday,110,CROSS TRAFFIC(INTERSECTIONS ONLY),3,45638,Cross intersection,3,60,Arterial Other,SYDNEY,MORELAND,-37.777096,144.96043,2020,2,February,22,Night,Weekend
T20200002440,2020-02-02,12:46:00,4,Collision with a fixed object,7,Sunday,175,OFF END OF ROAD/T-INTERSECTION.,1,43456,T intersection,2,40,Local Road,BALMORAL,FRANKSTON,-38.14286,145.12569,2020,2,February,12,Midday,Weekend
T20200002428,2020-02-02,07:50:00,4,Collision with a fixed object,7,Sunday,171,LEFT OFF CARRIAGEWAY INTO OBJECT/PARKED VEHICLE,1,660771,Not at intersection,2,100,Arterial Highway,STAWELL-WARRACKNABEAL,NORTHERN GRAMPIANS,-36.984547,142.6588,2020,2,February,7,Morning Peak,Weekend
T20200003287,2020-02-02,11:00:00,1,Collision with vehicle,7,Sunday,130,REAR END(VEHICLES IN SAME LANE),1,15454,Not at intersection,3,80,Arterial Highway,BELLARINE,GEELONG,-38.26096,144.60883,2020,2,February,11,Midday,Weekend
T20200002442,2020-02-02,13:50:00,1,Collision with vehicle,7,Sunday,160,VEHICLE COLLIDES WITH VEHICLE PARKED ON LEFT OF ROAD,1,624200,Not at intersection,3,60,Local Road,DOUGLAS,HOBSONS BAY,-37.852623,144.89577,2020,2,February,13,Midday,Weekend
T20200002444,2020-02-02,13:50:00,4,Collision with a fixed object,7,Sunday,181,OFF RIGHT BEND INTO OBJECT/PARKED VEHICLE,1,642840,Not at intersection,2,80,Arterial Other,WOODS POINT,YARRA RANGES,-37.654156,145.86798,2020,2,February,13,Midday,Weekend
T20200002445,2020-02-02,15:30:00,2,Struck Pedestrian,7,Sunday,100,PED NEAR SIDE. PED HIT BY VEHICLE FROM THE RIGHT.,1,354308,Cross intersection,2,60,Arterial Highway,MITCHAM,WHITEHORSE,-37.816437,145.19368,2020,2,February,15,Afternoon Peak,Weekend
T20200002431,2020-02-02,12:40:00,1,Collision with vehicle,7,Sunday,110,CROSS TRAFFIC(INTERSECTIONS ONLY),1,233917,Cross intersection,3,60,Local Road,DAVIS,WYNDHAM,-37.815388,144.65686,2020,2,February,12,Midday,Weekend
T20200002451,2020-02-02,15:20:00,3,Struck animal,7,Sunday,167,STRUCK ANIMAL,1,624844,Not at intersection,2,100,Arterial Highway,MIDLAND,MANSFIELD,-36.88454,145.99475,2020,2,February,15,Afternoon Peak,Weekend
T20230000895,2020-02-02,12:30:00,1,Collision with vehicle,7,Sunday,130,REAR END(VEHICLES IN SAME LANE),1,747938,Not at intersection,3,60,Arterial Other,SOUTH,BAYSIDE,-37.932026,145.02588,2020,2,February,12,Midday,Weekend
T20200002418,2020-02-02,08:12:00,2,Struck Pedestrian,7,Sunday,102,FAR SIDE. PED HIT BY VEHICLE FROM THE LEFT,1,35449,Cross intersection,2,60,Arterial Highway,FOOTSCRAY,MELBOURNE,-37.807697,144.91617,2020,2,February,8,Morning Peak,Weekend
T20200002687,2020-02-02,13:30:00,1,Collision with vehicle,7,Sunday,130,REAR END(VEHICLES IN SAME LANE),1,660768,T intersection,3,80,Local Road,JETTY,MORNINGTON PENINSULA,-38.36924,144.90869,2020,2,February,13,Midday,Weekend
T20200002475,2020-02-02,18:30:00,1,Collision with vehicle,7,Sunday,110,CROSS TRAFFIC(INTERSECTIONS ONLY),1,635700,Cross intersection,3,50,Arterial Other,GRANT,BALLARAT,-37.569633,143.86273,2020,2,February,18,Afternoon Peak,Weekend
T20200002472,2020-02-02,15:16:00,1,Collision with vehicle,7,Sunday,160,VEHICLE COLLIDES WITH VEHICLE PARKED ON LEFT OF ROAD,1,636500,Not at intersection,2,50,Local Road,DALEY,MORELAND,-37.69776,144.93385,2020,2,February,15,Afternoon Peak,Weekend
T20200002703,2020-02-03,20:05:00,8,No collision and no object struck,1,Monday,179,OTHER ACCIDENTS-OFF STRAIGHT NOT INCLUDED IN DCAs 170-175,3,150,T intersection,3,40,Local Road,SINGLETON,YARRA,-37.803707,144.98657,2020,2,February,20,Night,Weekday
T20200009646,2020-02-03,23:57:00,3,Struck animal,1,Monday,167,STRUCK ANIMAL,5,653300,Not at intersection,3,80,Local Road,BULBAN,WYNDHAM,-37.919647,144.53021,2020,2,February,23,Night,Weekday
T20200002660,2020-02-03,15:50:00,1,Collision with vehicle,1,Monday,130,REAR END(VEHICLES IN SAME LANE),1,626418,Not at intersection,3,70,Arterial Other,KOROROIT CREEK,HOBSONS BAY,-37.85561,144.86732,2020,2,February,15,Afternoon Peak,Weekday
T20200002554,2020-02-03,16:00:00,4,Collision with a fixed object,1,Monday,171,LEFT OFF CARRIAGEWAY INTO OBJECT/PARKED VEHICLE,1,661573,Not at intersection,2,60,Arterial Highway,WARRIGAL,BOROONDARA,-37.870377,145.0921,2020,2,February,16,Afternoon Peak,Weekday
T20230019255,2020-02-03,06:10:00,1,Collision with vehicle,1,Monday,139,OTHER SAME DIRECTION-MANOUEVRES NOT INCLUDED IN DCAs 130-137,9,779670,Not at intersection,3,100,Freeway,WEST GATE,HOBSONS BAY,-37.824806,144.85358,2020,2,February,6,Morning Peak,Weekday
T20200011886,2020-02-03,17:30:00,8,No collision and no object struck,1,Monday,174,OUT OF CONTROL ON CARRIAGEWAY (ON STRAIGHT),1,661572,Not at intersection,3,60,Local Road,BELLERINE,GEELONG,-38.149284,144.3655,2020,2,February,17,Afternoon Peak,Weekday
T20200002568,2020-02-03,09:04:00,1,Collision with vehicle,1,Monday,130,REAR END(VEHICLES IN SAME LANE),1,625801,Not at intersection,3,80,Arterial Other,CLYDE,CASEY,-38.04616,145.34091,2020,2,February,9,Morning Peak,Weekday
T20200002547,2020-02-03,13:20:00,1,Collision with vehicle,1,Monday,130,REAR END(VEHICLES IN SAME LANE),1,627727,Not at intersection,2,80,Arterial Other,BERWICK-CRANBOURNE,CASEY,-38.084026,145.33366,2020,2,February,13,Midday,Weekday
T20200002546,2020-02-03,14:45:00,1,Collision with vehicle,1,Monday,130,REAR END(VEHICLES IN SAME LANE),1,57576,Cross intersection,2,60,Arterial Highway,WELLINGTON,MONASH,-37.921875,145.1863,2020,2,February,14,Midday,Weekday
T20200002543,2020-02-03,17:22:00,1,Collision with vehicle,1,Monday,120,HEAD ON (NOT OVERTAKING),1,654356,Not at intersection,2,100,Local Road,CARDINIA,CARDINIA,-38.114883,145.42639,2020,2,February,17,Afternoon Peak,Weekday
T20200002542,2020-02-03,16:30:00,2,Struck Pedestrian,1,Monday,100,PED NEAR SIDE. PED HIT BY VEHICLE FROM THE RIGHT.,1,42818,T intersection,2,60,Arterial Other,CENTRE DANDENONG,KINGSTON,-37.96872,145.08267,2020,2,February,16,Afternoon Peak,Weekday
T20200002540,2020-02-03,17:07:00,2,Struck Pedestrian,1,Monday,100,PED NEAR SIDE. PED HIT BY VEHICLE FROM THE RIGHT.,1,40293,T intersection,3,60,Arterial Other,GLENFERRIE,STONNINGTON,-37.8447,145.03136,2020,2,February,17,Afternoon Peak,Weekday
T20200002536,2020-02-03,16:15:00,1,Collision with vehicle,1,Monday,121,RIGHT THROUGH,1,45697,T intersection,3,60,Freeway,WESTERN RING OUT-SUNSHINE,BRIMBANK,-37.749912,144.83171,2020,2,February,16,Afternoon Peak,Weekday
T20200002508,2020-02-03,11:47:00,1,Collision with vehicle,1,Monday,137,LEFT TURN SIDESWIPE,1,13018,T intersection,3,40,Local Road,BOURKE,MELBOURNE,-37.816223,144.9563,2020,2,February,11,Midday,Weekday
T20200002607,2020-02-03,12:00:00,1,Collision with vehicle,1,Monday,130,REAR END(VEHICLES IN SAME LANE),1,729128,Cross intersection,3,80,Arterial Highway,2510F 2090R,DANDENONG,-37.996525,145.219,2020,2,February,12,Midday,Weekday
T20200002532,2020-02-03,15:30:00,1,Collision with vehicle,1,Monday,130,REAR END(VEHICLES IN SAME LANE),1,624849,Not at intersection,3,80,Freeway,METROPOLITAN RING,NILLUMBIK,-37.69086,145.08873,2020,2,February,15,Afternoon Peak,Weekday
T20200002487,2020-02-03,03:30:00,8,No collision and no object struck,1,Monday,170,OFF CARRIAGEWAY TO LEFT,5,668053,Not at intersection,3,100,Arterial Highway,CREEK,SOUTHERN GRAMPIANS,-37.86261,141.80133,2020,2,February,3,Late Night,Weekday
T20200002526,2020-02-03,08:00:00,1,Collision with vehicle,1,Monday,110,CROSS TRAFFIC(INTERSECTIONS ONLY),1,57357,Cross intersection,3,80,Arterial Other,PLENTY,WHITTLESEA,-37.678844,145.06966,2020,2,February,8,Morning Peak,Weekday
T20200002549,2020-02-03,18:15:00,1,Collision with vehicle,1,Monday,135,LANE CHANGE LEFT (NOT OVERTAKING),1,625479,Not at intersection,2,100,Freeway,HUME,WHITTLESEA,-37.647655,144.99062,2020,2,February,18,Afternoon Peak,Weekday
T20200002522,2020-02-03,13:14:00,1,Collision with vehicle,1,Monday,130,REAR END(VEHICLES IN SAME LANE),1,631875,Not at intersection,2,80,Arterial Other,FERNTREE GULLY,KNOX,-37.896435,145.24731,2020,2,February,13,Midday,Weekday
T20200002896,2020-02-03,15:39:00,5,collision with some other object,1,Monday,166,STRUCK OBJECT ON CARRIAGEWAY,1,631551,Not at intersection,3,100,Local Road,BURNSIDE,GOLDEN PLAINS,-38.100056,144.17334,2020,2,February,15,Afternoon Peak,Weekday
T20200002558,2020-02-03,21:40:00,1,Collision with vehicle,1,Monday,110,CROSS TRAFFIC(INTERSECTIONS ONLY),3,50470,Cross intersection,2,60,Arterial Other,PRINCES,LATROBE,-38.23846,146.40475,2020,2,February,21,Night,Weekday
T20200002572,2020-02-03,21:14:00,4,Collision with a fixed object,1,Monday,171,LEFT OFF CARRIAGEWAY INTO OBJECT/PARKED VEHICLE,5,628649,Not at intersection,2,100,Arterial Other,COLAC-FORREST,COLAC OTWAY,-38.34962,143.66318,2020,2,February,21,Night,Weekday
T20200002517,2020-02-03,12:00:00,8,No collision and no object struck,1,Monday,184,OUT OF CONTROL ON CARRIAGEWAY (ON BEND),1,624534,Not at intersection,3,60,Local Road,YOU YANGS,WYNDHAM,-37.96282,144.50111,2020,2,February,12,Midday,Weekday
T20200002736,2020-02-03,12:51:00,2,Struck Pedestrian,1,Monday,102,FAR SIDE. PED HIT BY VEHICLE FROM THE LEFT,1,222110,T intersection,2,60,Arterial Other,PASCOE VALE,HUME,-37.68239,144.9194,2020,2,February,12,Midday,Weekday
T20200003560,2020-02-03,20:25:00,1,Collision with vehicle,1,Monday,133,LANE SIDE SWIPE (VEHICLES IN PARALLEL LANES),9,728917,Not at intersection,2,80,Freeway,TULLAMARINE,MOONEE VALLEY,-37.71759,144.8923,2020,2,February,20,Night,Weekday
T20200002756,2020-02-03,04:05:00,4,Collision with a fixed object,1,Monday,171,LEFT OFF CARRIAGEWAY INTO OBJECT/PARKED VEHICLE,3,625485,Not at intersection,3,100,Freeway,WESTERN RING,BRIMBANK,-37.786003,144.78905,2020,2,February,4,Late Night,Weekday
T20200002551,2020-02-03,19:40:00,6,Vehicle overturned (no collision),1,Monday,174,OUT OF CONTROL ON CARRIAGEWAY (ON STRAIGHT),1,629647,Not at intersection,2,60,Arterial Highway,POPE,SOUTHERN GRAMPIANS,-37.740353,142.01881,2020,2,February,19,Night,Weekday
T20200019658,2020-02-03,09:30:00,4,Collision with a fixed object,1,Monday,181,OFF RIGHT BEND INTO OBJECT/PARKED VEHICLE,1,672010,Not at intersection,3,100,Arterial Other,DROUIN-KORUMBURRA,BAW BAW,-38.23469,145.7866,2020,2,February,9,Morning Peak,Weekday
T20200007358,2020-02-03,19:13:00,8,No collision and no object struck,1,Monday,199,UNKNOWN-NO DETAILS ON MANOEUVRES OF ROAD-USERS IN ACCIDENT,1,645064,Not at intersection,3,50,Local Road,STEPHENSON,LATROBE,-38.222797,146.42293,2020,2,February,19,Night,Weekday
T20200002513,2020-02-03,12:20:00,1,Collision with vehicle,1,Monday,110,CROSS TRAFFIC(INTERSECTIONS ONLY),1,44005,Cross intersection,2,100,Arterial Highway,DANDENONG-HASTINGS,MORNINGTON PENINSULA,-38.23865,145.21492,2020,2,February,12,Midday,Weekday
T20200002495,2020-02-03,08:45:00,1,Collision with vehicle,1,Monday,130,REAR END(VEHICLES IN SAME LANE),1,625800,Not at intersection,3,100,Freeway,EASTLINK,KNOX,-37.855404,145.21402,2020,2,February,8,Morning Peak,Weekday
T20200008195,2020-02-03,17:39:00,1,Collision with vehicle,1,Monday,121,RIGHT THROUGH,1,285,Multiple intersection,3,60,Freeway,MELROSE-WESTERN RING OUT,HUME,-37.707,144.88593,2020,2,February,17,Afternoon Peak,Weekday
T20200003538,2020-02-03,15:46:00,1,Collision with vehicle,1,Monday,121,RIGHT THROUGH,1,29655,T intersection,3,60,Arterial Highway,WARRIGAL,MONASH,-37.895138,145.0878,2020,2,February,15,Afternoon Peak,Weekday
T20200004345,2020-02-03,17:50:00,1,Collision with vehicle,1,Monday,113,RIGHT NEAR (INTERSECTIONS ONLY),1,40493,T intersection,3,60,Arterial Other,HIGH,BOROONDARA,-37.862225,145.0696,2020,2,February,17,Afternoon Peak,Weekday
T20200002621,2020-02-04,15:06:00,1,Collision with vehicle,2,Tuesday,133,LANE SIDE SWIPE (VEHICLES IN PARALLEL LANES),1,625165,Not at intersection,2,60,Arterial Other,BALLARAT,MARIBYRNONG,-37.785656,144.87582,2020,2,February,15,Afternoon Peak,Weekday
T20200002617,2020-02-04,12:50:00,4,Collision with a fixed object,2,Tuesday,173,RIGHT OFF CARRIAGEWAY INTO OBJECT/PARKED VEHICLE,1,635927,Not at intersection,1,100,Local Road,HANCOCKS BRIDGE,MOIRA,-36.14248,145.06857,2020,2,February,12,Midday,Weekday
T20200002616,2020-02-04,10:05:00,1,Collision with vehicle,2,Tuesday,130,REAR END(VEHICLES IN SAME LANE),1,639848,Not at intersection,3,100,Freeway,METROPOLITAN RING,WHITTLESEA,-37.68851,144.99435,2020,2,February,10,Midday,Weekday
T20200002611,2020-02-04,13:58:00,4,Collision with a fixed object,2,Tuesday,171,LEFT OFF CARRIAGEWAY INTO OBJECT/PARKED VEHICLE,1,639847,T intersection,2,80,Arterial Highway,STUD,KNOX,-37.90638,145.23738,2020,2,February,13,Midday,Weekday
T20200002610,2020-02-04,07:15:00,1,Collision with vehicle,2,Tuesday,121,RIGHT THROUGH,1,628650,T intersection,2,60,Local Road,ORMOND,BRIMBANK,-37.796425,144.83421,2020,2,February,7,Morning Peak,Weekday
T20200002651,2020-02-04,17:58:00,1,Collision with vehicle,2,Tuesday,130,REAR END(VEHICLES IN SAME LANE),1,50230,T intersection,2,60,Arterial Other,BARWON HEADS,GEELONG,-38.192326,144.359,2020,2,February,17,Afternoon Peak,Weekday
T20200002650,2020-02-04,18:57:00,1,Collision with vehicle,2,Tuesday,130,REAR END(VEHICLES IN SAME LANE),1,729130,Not at intersection,3,60,Arterial Other,BRIDGE INN,WHITTLESEA,-37.601044,145.09955,2020,2,February,18,Afternoon Peak,Weekday