ACCIDENT_NO,ACCIDENT_DATE,ACCIDENT_TIME,ACCIDENT_TYPE,ACCIDENT_TYPE_DESC,DAY_OF_WEEK,DAY_WEEK_DESC,DCA_CODE,DCA_DESC,LIGHT_CONDITION,NODE_ID,ROAD_GEOMETRY_DESC,SEVERITY,SPEED_ZONE,RMA,ROAD_NAME,LGA_NAME,LATITUDE,LONGITUDE,YEAR,MONTH,MONTH_NAME,HOUR,TIME_PERIOD,DAY_TYPE
T20200002646,2020-02-04,16:50:00,1,Collision with vehicle,2,Tuesday,133,LANE SIDE SWIPE (VEHICLES IN PARALLEL LANES),1,36867,Cross intersection,2,50,Local Road,COLLINS,MELBOURNE,-37.817642,144.9591,2020,2,February,16,Afternoon Peak,Weekday
T20200002644,2020-02-04,17:55:00,1,Collision with vehicle,2,Tuesday,130,REAR END(VEHICLES IN SAME LANE),1,625480,Not at intersection,2,60,Arterial Other,BARWON HEADS,GEELONG,-38.192444,144.35905,2020,2,February,17,Afternoon Peak,Weekday
T20200002643,2020-02-04,13:58:00,1,Collision with vehicle,2,Tuesday,130,REAR END(VEHICLES IN SAME LANE),1,218788,T intersection,3,40,Local Road,LONSDALE,MELBOURNE,-37.81072,144.96762,2020,2,February,13,Midday,Weekday
T20200002642,2020-02-04,15:45:00,1,Collision with vehicle,2,Tuesday,121,RIGHT THROUGH,1,47382,Multiple intersection,3,60,Freeway,WESTERN IN-COBURNS,MELTON,-37.68815,144.56744,2020,2,February,15,Afternoon Peak,Weekday
T20200002639,2020-02-04,17:04:00,4,Collision with a fixed object,2,Tuesday,183,OFF LEFT BEND INTO OBJECT/PARKED VEHICLE,1,656594,Not at intersection,2,100,Local Road,ONE CHAIN,SOUTH GIPPSLAND,-38.419945,145.90417,2020,2,February,17,Afternoon Peak,Weekday
T20200002638,2020-02-04,16:20:00,1,Collision with vehicle,2,Tuesday,121,RIGHT THROUGH,1,625803,Multiple intersection,2,60,Freeway,ROBINSONS,MELTON,-37.794666,144.75302,2020,2,February,16,Afternoon Peak,Weekday
T20200002635,2020-02-04,16:55:00,1,Collision with vehicle,2,Tuesday,113,RIGHT NEAR (INTERSECTIONS ONLY),1,42256,T intersection,2,70,Arterial Other,CENTRE,GLEN EIRA,-37.921555,145.06216,2020,2,February,16,Afternoon Peak,Weekday
T20200002863,2020-02-04,15:30:00,1,Collision with vehicle,2,Tuesday,114,TWO RIGHT TURNING (INTERSECTIONS ONLY),1,57692,T intersection,3,60,Arterial Highway,POINT NEPEAN,MORNINGTON PENINSULA,-38.36244,144.78625,2020,2,February,15,Afternoon Peak,Weekday
T20200002923,2020-02-04,15:00:00,1,Collision with vehicle,2,Tuesday,130,REAR END(VEHICLES IN SAME LANE),1,389,Cross intersection,3,70,Arterial Other,CHILDS,WHITTLESEA,-37.659706,145.0191,2020,2,February,15,Afternoon Peak,Weekday
T20200004621,2020-02-04,13:40:00,1,Collision with vehicle,2,Tuesday,130,REAR END(VEHICLES IN SAME LANE),9,651072,Multiple intersection,3,80,Arterial Highway,FRANKSTON-DANDENONG,DANDENONG,-38.07191,145.19437,2020,2,February,13,Midday,Weekday
T20200002605,2020-02-04,07:55:00,4,Collision with a fixed object,2,Tuesday,173,RIGHT OFF CARRIAGEWAY INTO OBJECT/PARKED VEHICLE,1,60786,T intersection,2,60,Local Road,CARDIGAN,BALLARAT,-37.55493,143.81017,2020,2,February,7,Morning Peak,Weekday
T20200004533,2020-02-04,10:30:00,1,Collision with vehicle,2,Tuesday,135,LANE CHANGE LEFT (NOT OVERTAKING),1,729167,Not at intersection,3,40,Local Road,RATHDOWNE,MELBOURNE,-37.8033,144.96953,2020,2,February,10,Midday,Weekday
T20200002603,2020-02-04,12:00:00,1,Collision with vehicle,2,Tuesday,160,VEHICLE COLLIDES WITH VEHICLE PARKED ON LEFT OF ROAD,1,662749,Not at intersection,3,50,Local Road,BANKSIA,BANYULE,-37.757065,145.0438,2020,2,February,12,Midday,Weekday
T20200002917,2020-02-04,18:00:00,4,Collision with a fixed object,2,Tuesday,183,OFF LEFT BEND INTO OBJECT/PARKED VEHICLE,1,729059,Not at intersection,2,100,Local Road,KNEEBONES GAP,WANGARATTA,-36.541294,146.55482,2020,2,February,18,Afternoon Peak,Weekday
T20200003714,2020-02-04,09:10:00,1,Collision with vehicle,2,Tuesday,130,REAR END(VEHICLES IN SAME LANE),9,36335,Cross intersection,3,60,Arterial Other,CEMETERY,MELBOURNE,-37.79226,144.96838,2020,2,February,9,Morning Peak,Weekday
T20200003293,2020-02-04,18:21:00,1,Collision with vehicle,2,Tuesday,163,VEHICLE STRIKES DOOR OF PARKED/STATIONARY VEHICLE,1,82747,Not at intersection,3,50,Arterial Other,BURGUNDY,BANYULE,-37.755928,145.06375,2020,2,February,18,Afternoon Peak,Weekday
T20200006025,2020-02-04,16:45:00,1,Collision with vehicle,2,Tuesday,130,REAR END(VEHICLES IN SAME LANE),1,308010,Not at intersection,3,40,Local Road,SMITH,YARRA,-37.8027,144.98363,2020,2,February,16,Afternoon Peak,Weekday
T20200002588,2020-02-04,06:55:00,4,Collision with a fixed object,2,Tuesday,171,LEFT OFF CARRIAGEWAY INTO OBJECT/PARKED VEHICLE,1,662761,Not at intersection,2,60,Arterial Other,BAY,BAYSIDE,-37.956608,145.04507,2020,2,February,6,Morning Peak,Weekday
T20200005576,2020-02-04,18:00:00,1,Collision with vehicle,2,Tuesday,160,VEHICLE COLLIDES WITH VEHICLE PARKED ON LEFT OF ROAD,1,636191,Not at intersection,3,50,Local Road,WIRTH,BENDIGO,-36.781517,144.29486,2020,2,February,18,Afternoon Peak,Weekday
T20200006575,2020-02-04,21:06:00,1,Collision with vehicle,2,Tuesday,140,U TURN,3,663263,Not at intersection,3,60,Arterial Other,MALVERN,STONNINGTON,-37.86705,145.05884,2020,2,February,21,Night,Weekday
T20200002658,2020-02-04,15:51:00,1,Collision with vehicle,2,Tuesday,130,REAR END(VEHICLES IN SAME LANE),1,666239,Not at intersection,2,80,Arterial Other,SOMERTON,HUME,-37.64049,144.92867,2020,2,February,15,Afternoon Peak,Weekday
T20200004069,2020-02-04,09:18:00,1,Collision with vehicle,2,Tuesday,130,REAR END(VEHICLES IN SAME LANE),1,640964,Not at intersection,3,100,Arterial Highway,MOOROODUC,MORNINGTON PENINSULA,-38.228676,145.09552,2020,2,February,9,Morning Peak,Weekday
T20200004027,2020-02-04,17:10:00,1,Collision with vehicle,2,Tuesday,135,LANE CHANGE LEFT (NOT OVERTAKING),1,629996,Not at intersection,3,80,Arterial Other,PRINCES,CARDINIA,-38.06374,145.4629,2020,2,February,17,Afternoon Peak,Weekday
T20200004279,2020-02-04,14:55:00,1,Collision with vehicle,2,Tuesday,159,OTHER OVERTAKING MANOEUVRES NOT INCLUDED IN DCAs 150-154,1,773502,Not at intersection,3,50,Local Road,MORRELL,SHEPPARTON,-36.39392,145.35925,2020,2,February,14,Midday,Weekday
T20200004007,2020-02-04,18:00:00,1,Collision with vehicle,2,Tuesday,116,LEFT NEAR (INTERSECTIONS ONLY),9,643492,T intersection,3,60,Local Road,HUMMINGBIRD,WYNDHAM,-37.83484,144.65312,2020,2,February,18,Afternoon Peak,Weekday
T20200002593,2020-02-04,09:15:00,1,Collision with vehicle,2,Tuesday,160,VEHICLE COLLIDES WITH VEHICLE PARKED ON LEFT OF ROAD,1,625802,Not at intersection,3,50,Local Road,HICKOX,LATROBE,-38.204002,146.53218,2020,2,February,9,Morning Peak,Weekday
T20200002633,2020-02-04,15:20:00,4,Collision with a fixed object,2,Tuesday,171,LEFT OFF CARRIAGEWAY INTO OBJECT/PARKED VEHICLE,1,729594,Not at intersection,2,50,Local Road,BEECH,FRANKSTON,-38.15197,145.18315,2020,2,February,15,Afternoon Peak,Weekday
T20200002662,2020-02-04,22:30:00,1,Collision with vehicle,2,Tuesday,112,LEFT FAR (INTERSECTIONS ONLY),3,42438,T intersection,3,60,Arterial Other,CENTRE,KINGSTON,-37.93014,145.13185,2020,2,February,22,Night,Weekday
T20200002664,2020-02-04,21:58:00,1,Collision with vehicle,2,Tuesday,110,CROSS TRAFFIC(INTERSECTIONS ONLY),3,290975,Cross intersection,1,60,Arterial Highway,BELL,DAREBIN,-37.74524,145.00282,2020,2,February,21,Night,Weekday
T20200002668,2020-02-04,12:45:00,4,Collision with a fixed object,2,Tuesday,171,LEFT OFF CARRIAGEWAY INTO OBJECT/PARKED VEHICLE,1,662762,Not at intersection,2,80,Arterial Other,BERWICK-CRANBOURNE,CASEY,-38.116623,145.31035,2020,2,February,12,Midday,Weekday
T20200002566,2020-02-04,03:20:00,3,Struck animal,2,Tuesday,167,STRUCK ANIMAL,5,625164,Not at intersection,2,100,Arterial Other,DONNYBROOK,WHITTLESEA,-37.55023,145.04167,2020,2,February,3,Late Night,Weekday
T20200002698,2020-02-04,15:55:00,2,Struck Pedestrian,2,Tuesday,102,FAR SIDE. PED HIT BY VEHICLE FROM THE LEFT,1,625806,Not at intersection,3,60,Local Road,KALINDA,MAROONDAH,-37.792774,145.25612,2020,2,February,15,Afternoon Peak,Weekday
T20200002565,2020-02-04,03:35:00,4,Collision with a fixed object,2,Tuesday,171,LEFT OFF CARRIAGEWAY INTO OBJECT/PARKED VEHICLE,3,38981,T intersection,3,50,Local Road,CHELEON,BRIMBANK,-37.733276,144.77008,2020,2,February,3,Late Night,Weekday
T20200002600,2020-02-04,09:50:00,1,Collision with vehicle,2,Tuesday,130,REAR END(VEHICLES IN SAME LANE),1,773472,Not at intersection,2,100,Arterial Other,EDGARS,WHITTLESEA,-37.69108,145.00204,2020,2,February,9,Morning Peak,Weekday
T20200002602,2020-02-04,10:00:00,1,Collision with vehicle,2,Tuesday,121,RIGHT THROUGH,1,50070,T intersection,2,60,Arterial Other,MOORABOOL,GEELONG,-38.16368,144.35323,2020,2,February,10,Midday,Weekday
T20200002652,2020-02-04,19:50:00,1,Collision with vehicle,2,Tuesday,132,RIGHT REAR.,2,773474,Not at intersection,2,60,Arterial Other,THOMPSON,GEELONG,-38.089928,144.34744,2020,2,February,19,Night,Weekday
T20200002656,2020-02-04,17:30:00,1,Collision with vehicle,2,Tuesday,130,REAR END(VEHICLES IN SAME LANE),1,43168,Cross intersection,3,60,Arterial Other,HALLAM NORTH,CASEY,-37.97744,145.27876,2020,2,February,17,Afternoon Peak,Weekday
T20200002573,2020-02-04,05:40:00,1,Collision with vehicle,2,Tuesday,150,HEAD ON(OVERTAKING),5,652375,Not at intersection,2,100,Local Road,SANDY CREEK,GEELONG,-37.93705,144.39336,2020,2,February,5,Morning Peak,Weekday
T20200003587,2020-02-04,15:30:00,1,Collision with vehicle,2,Tuesday,111,RIGHT FAR (INTERSECTIONS ONLY),1,1108,T intersection,3,50,Arterial Highway,POINT NEPEAN,MORNINGTON PENINSULA,-38.37106,144.82803,2020,2,February,15,Afternoon Peak,Weekday
T20200002577,2020-02-04,09:00:00,1,Collision with vehicle,2,Tuesday,130,REAR END(VEHICLES IN SAME LANE),1,624856,T intersection,3,80,Arterial Other,BERWICK-CRANBOURNE,CASEY,-38.115704,145.30318,2020,2,February,9,Morning Peak,Weekday
T20200002578,2020-02-04,08:10:00,2,Struck Pedestrian,2,Tuesday,100,PED NEAR SIDE. PED HIT BY VEHICLE FROM THE RIGHT.,1,39969,T intersection,2,50,Arterial Other,BLACKSHAWS,HOBSONS BAY,-37.83308,144.86566,2020,2,February,8,Morning Peak,Weekday
T20200002585,2020-02-04,10:03:00,6,Vehicle overturned (no collision),2,Tuesday,170,OFF CARRIAGEWAY TO LEFT,1,639846,Not at intersection,2,100,Arterial Other,KERANG-KOONDROOK,GANNAWARRA,-35.682804,144.06331,2020,2,February,10,Midday,Weekday
T20200002657,2020-02-04,17:53:00,4,Collision with a fixed object,2,Tuesday,173,RIGHT OFF CARRIAGEWAY INTO OBJECT/PARKED VEHICLE,2,663516,Not at intersection,3,80,Arterial Other,HUME,HUME,-37.59117,144.942,2020,2,February,17,Afternoon Peak,Weekday
T20200002904,2020-02-04,08:15:00,1,Collision with vehicle,2,Tuesday,130,REAR END(VEHICLES IN SAME LANE),1,626426,Unknown,3,70,Arterial Highway,BANKSIA,BANYULE,-37.760197,145.07454,2020,2,February,8,Morning Peak,Weekday
T20200002587,2020-02-04,09:20:00,1,Collision with vehicle,2,Tuesday,121,RIGHT THROUGH,1,39286,T intersection,2,60,Arterial Other,ELGAR,WHITEHORSE,-37.79989,145.11812,2020,2,February,9,Morning Peak,Weekday
T20200002634,2020-02-04,16:08:00,1,Collision with vehicle,2,Tuesday,130,REAR END(VEHICLES IN SAME LANE),1,635704,T intersection,2,60,Local Road,KOOYONG,GLEN EIRA,-37.877148,145.01671,2020,2,February,16,Afternoon Peak,Weekday
T20200002718,2020-02-04,20:40:00,6,Vehicle overturned (no collision),2,Tuesday,180,OFF CARRIAGEWAY ON RIGHT BEND,2,663102,Not at intersection,2,70,Arterial Other,HEALESVILLE-YARRA GLEN,YARRA RANGES,-37.655273,145.48572,2020,2,February,20,Night,Weekday
T20200002735,2020-02-04,07:58:00,1,Collision with vehicle,2,Tuesday,130,REAR END(VEHICLES IN SAME LANE),9,636501,Not at intersection,3,100,Freeway,EASTERN,WHITEHORSE,-37.797234,145.13014,2020,2,February,7,Morning Peak,Weekday
T20200003098,2020-02-05,13:45:00,4,Collision with a fixed object,3,Wednesday,183,OFF LEFT BEND INTO OBJECT/PARKED VEHICLE,1,662860,Not at intersection,3,70,Arterial Other,MOUNT DANDENONG TOURIST,YARRA RANGES,-37.888428,145.31837,2020,2,February,13,Midday,Weekday
T20200002743,2020-02-05,19:15:00,8,No collision and no object struck,3,Wednesday,149,OTHER MANOEUVRING NOT INCLUDED IN DCAs 140-148,2,290430,T intersection,3,50,Local Road,HILLSIDE,DANDENONG,-37.96443,145.21802,2020,2,February,19,Night,Weekday
T20200002741,2020-02-05,18:16:00,2,Struck Pedestrian,3,Wednesday,100,PED NEAR SIDE. PED HIT BY VEHICLE FROM THE RIGHT.,1,29887,Multiple intersection,2,60,Arterial Highway,PUNT,PORT PHILLIP,-37.856743,144.98254,2020,2,February,18,Afternoon Peak,Weekday
T20200002715,2020-02-05,14:55:00,1,Collision with vehicle,3,Wednesday,160,VEHICLE COLLIDES WITH VEHICLE PARKED ON LEFT OF ROAD,1,643169,Not at intersection,2,50,Local Road,SASSES,KNOX,-37.85531,145.25813,2020,2,February,14,Midday,Weekday
T20200002960,2020-02-05,16:30:00,1,Collision with vehicle,3,Wednesday,130,REAR END(VEHICLES IN SAME LANE),1,631877,Cross intersection,3,70,Arterial Other,SYDNEY,HUME,-37.691654,144.95857,2020,2,February,16,Afternoon Peak,Weekday
T20200002888,2020-02-05,15:30:00,1,Collision with vehicle,3,Wednesday,121,RIGHT THROUGH,1,45835,Cross intersection,2,60,Arterial Other,VICTORIA,MELBOURNE,-37.807133,144.96735,2020,2,February,15,Afternoon Peak,Weekday
T20200002694,2020-02-05,11:45:00,1,Collision with vehicle,3,Wednesday,130,REAR END(VEHICLES IN SAME LANE),1,625483,Unknown,3,100,Freeway,PRINCES,CASEY,-38.052048,145.35849,2020,2,February,11,Midday,Weekday
T20200002740,2020-02-05,19:31:00,1,Collision with vehicle,3,Wednesday,110,CROSS TRAFFIC(INTERSECTIONS ONLY),1,35698,Cross intersection,3,60,Local Road,DINAH,MOONEE VALLEY,-37.746384,144.87209,2020,2,February,19,Night,Weekday
T20200002933,2020-02-05,07:15:00,5,collision with some other object,3,Wednesday,166,STRUCK OBJECT ON CARRIAGEWAY,1,663646,Not at intersection,3,50,Local Road,EXHIBITION,MELBOURNE,-37.81552,144.97215,2020,2,February,7,Morning Peak,Weekday
T20200003568,2020-02-05,12:00:00,1,Collision with vehicle,3,Wednesday,130,REAR END(VEHICLES IN SAME LANE),1,628353,Not at intersection,3,60,Local Road,SKYE,FRANKSTON,-38.140404,145.1695,2020,2,February,12,Midday,Weekday
T20200002837,2020-02-05,14:55:00,1,Collision with vehicle,3,Wednesday,130,REAR END(VEHICLES IN SAME LANE),1,626101,Not at intersection,3,40,Freeway,PRINCES,HOBSONS BAY,-37.840076,144.79518,2020,2,February,14,Midday,Weekday
T20200002738,2020-02-05,16:00:00,4,Collision with a fixed object,3,Wednesday,183,OFF LEFT BEND INTO OBJECT/PARKED VEHICLE,1,652995,Not at intersection,2,50,Local Road,ARMYTAGE,CARDINIA,-38.03912,145.40137,2020,2,February,16,Afternoon Peak,Weekday
T20200002835,2020-02-05,07:50:00,1,Collision with vehicle,3,Wednesday,163,VEHICLE STRIKES DOOR OF PARKED/STATIONARY VEHICLE,1,37748,Cross intersection,3,60,Arterial Other,MALVERN,STONNINGTON,-37.848103,145.00319,2020,2,February,7,Morning Peak,Weekday
T20200002697,2020-02-05,11:36:00,1,Collision with vehicle,3,Wednesday,121,RIGHT THROUGH,1,279137,Cross intersection,2,70,Freeway,BALLARAT,GEELONG,-38.10448,144.31926,2020,2,February,11,Midday,Weekday
T20200003541,2020-02-05,13:00:00,1,Collision with vehicle,3,Wednesday,163,VEHICLE STRIKES DOOR OF PARKED/STATIONARY VEHICLE,1,656693,Not at intersection,3,40,Arterial Other,BRIDGE,YARRA,-37.81945,145.00778,2020,2,February,13,Midday,Weekday
T20200002927,2020-02-05,17:45:00,1,Collision with vehicle,3,Wednesday,134,LANE CHANGE RIGHT (NOT OVERTAKING),1,350726,Cross intersection,3,50,Arterial Other,MICKLEHAM,HUME,-37.684418,144.8831,2020,2,February,17,Afternoon Peak,Weekday
T20200002671,2020-02-05,07:30:00,4,Collision with a fixed object,3,Wednesday,171,LEFT OFF CARRIAGEWAY INTO OBJECT/PARKED VEHICLE,1,728900,T intersection,2,50,Local Road,STATION,WHITEHORSE,-37.81978,145.14987,2020,2,February,7,Morning Peak,Weekday
T20200003356,2020-02-05,17:00:00,1,Collision with vehicle,3,Wednesday,113,RIGHT NEAR (INTERSECTIONS ONLY),1,278477,T intersection,3,60,Local Road,SNEYDES,WYNDHAM,-37.89641,144.71948,2020,2,February,17,Afternoon Peak,Weekday
T20200007731,2020-02-05,09:08:00,1,Collision with vehicle,3,Wednesday,130,REAR END(VEHICLES IN SAME LANE),1,649011,Not at intersection,3,60,Local Road,ALLENDALE,NILLUMBIK,-37.68726,145.14679,2020,2,February,9,Morning Peak,Weekday
T20200002827,2020-02-05,22:30:00,1,Collision with vehicle,3,Wednesday,130,REAR END(VEHICLES IN SAME LANE),3,348200,T intersection,3,60,Arterial Highway,BULLEEN,BOROONDARA,-37.779644,145.07869,2020,2,February,22,Night,Weekday
T20200002755,2020-02-05,16:45:00,2,Struck Pedestrian,3,Wednesday,101,PED EMERGES FROM IN FRONT OF PARKED OR STATIONARY VEHICLE,1,635706,Not at intersection,3,50,Local Road,BRIDGE,MELTON,-37.715496,144.5913,2020,2,February,16,Afternoon Peak,Weekday
T20200002753,2020-02-05,19:04:00,1,Collision with vehicle,3,Wednesday,111,RIGHT FAR (INTERSECTIONS ONLY),1,304654,T intersection,2,60,Arterial Highway,SUMNER,DAREBIN,-37.772064,144.99048,2020,2,February,19,Night,Weekday
T20200002673,2020-02-05,08:25:00,1,Collision with vehicle,3,Wednesday,121,RIGHT THROUGH,1,635705,T intersection,2,60,Local Road,SUNRISE,NILLUMBIK,-37.682503,145.12029,2020,2,February,8,Morning Peak,Weekday
T20200002751,2020-02-05,19:45:00,4,Collision with a fixed object,3,Wednesday,183,OFF LEFT BEND INTO OBJECT/PARKED VEHICLE,1,662861,Not at intersection,3,50,Local Road,COBDEN,BALLARAT,-37.58106,143.8607,2020,2,February,19,Night,Weekday
T20200002676,2020-02-05,09:25:00,1,Collision with vehicle,3,Wednesday,147,VEHICLE STRIKES ANOTHER VEH WHILE EMERGING FROM DRIVEWAY,1,643168,Not at intersection,3,50,Local Road,WATTLE,MAROONDAH,-37.82464,145.26678,2020,2,February,9,Morning Peak,Weekday
T20200003079,2020-02-05,08:20:00,1,Collision with vehicle,3,Wednesday,130,REAR END(VEHICLES IN SAME LANE),1,628342,Not at intersection,3,80,Arterial Other,KELLETTS,KNOX,-37.912956,145.2701,2020,2,February,8,Morning Peak,Weekday
T20200002704,2020-02-05,14:07:00,1,Collision with vehicle,3,Wednesday,118,TWO LEFT TURNING (INTERSECTIONS ONLY),1,62563,T intersection,3,70,Arterial Highway,MAROONDAH,YARRA RANGES,-37.724697,145.37859,2020,2,February,14,Midday,Weekday
T20200002677,2020-02-05,07:30:00,1,Collision with vehicle,3,Wednesday,147,VEHICLE STRIKES ANOTHER VEH WHILE EMERGING FROM DRIVEWAY,1,625168,Not at intersection,3,60,Arterial Other,BEACH,BAYSIDE,-37.93774,144.99838,2020,2,February,7,Morning Peak,Weekday
T20200002680,2020-02-05,10:05:00,1,Collision with vehicle,3,Wednesday,132,RIGHT REAR.,1,778367,Not at intersection,3,60,Local Road,JETTY,MORNINGTON PENINSULA,-38.37249,144.90854,2020,2,February,10,Midday,Weekday
T20200002733,2020-02-05,18:20:00,1,Collision with vehicle,3,Wednesday,121,RIGHT THROUGH,1,639849,T intersection,3,70,Arterial Other,QUEEN,HOBSONS BAY,-37.874413,144.81248,2020,2,February,18,Afternoon Peak,Weekday
T20200002681,2020-02-05,10:30:00,8,No collision and no object struck,3,Wednesday,174,OUT OF CONTROL ON CARRIAGEWAY (ON STRAIGHT),1,625481,Not at intersection,3,60,Arterial Other,MAIN,NILLUMBIK,-37.674606,145.1478,2020,2,February,10,Midday,Weekday
T20200003126,2020-02-05,18:50:00,1,Collision with vehicle,3,Wednesday,143,ENTERING PARKING,9,37529,T intersection,3,60,Local Road,INKERMAN,PORT PHILLIP,-37.86433,144.98358,2020,2,February,18,Afternoon Peak,Weekday
T20200002731,2020-02-05,16:05:00,1,Collision with vehicle,3,Wednesday,110,CROSS TRAFFIC(INTERSECTIONS ONLY),1,233917,Cross intersection,3,60,Local Road,DAVIS,WYNDHAM,-37.815388,144.65686,2020,2,February,16,Afternoon Peak,Weekday
T20200002711,2020-02-05,13:15:00,2,Struck Pedestrian,3,Wednesday,101,PED EMERGES FROM IN FRONT OF PARKED OR STATIONARY VEHICLE,1,626749,Not at intersection,2,50,Local Road,CAMBRIA,DANDENONG,-37.991364,145.18831,2020,2,February,13,Midday,Weekday
T20200003231,2020-02-05,06:55:00,1,Collision with vehicle,3,Wednesday,121,RIGHT THROUGH,1,45355,Cross intersection,3,50,Local Road,GROSVENOR,MOONEE VALLEY,-37.766254,144.9164,2020,2,February,6,Morning Peak,Weekday
T20200002670,2020-02-05,05:35:00,4,Collision with a fixed object,3,Wednesday,173,RIGHT OFF CARRIAGEWAY INTO OBJECT/PARKED VEHICLE,5,663712,Not at intersection,3,80,Local Road,IRONBARK,NILLUMBIK,-37.65723,145.14558,2020,2,February,5,Morning Peak,Weekday
T20200003116,2020-02-05,15:00:00,5,collision with some other object,3,Wednesday,173,RIGHT OFF CARRIAGEWAY INTO OBJECT/PARKED VEHICLE,1,636125,T intersection,2,100,Arterial Other,BENALLA-TOCUMWAL,MOIRA,-36.013386,145.64706,2020,2,February,15,Afternoon Peak,Weekday
T20200002713,2020-02-05,14:48:00,1,Collision with vehicle,3,Wednesday,130,REAR END(VEHICLES IN SAME LANE),1,652217,Not at intersection,2,80,Arterial Highway,PRINCES,CASEY,-38.01121,145.28392,2020,2,February,14,Midday,Weekday
T20200002720,2020-02-05,16:25:00,1,Collision with vehicle,3,Wednesday,121,RIGHT THROUGH,1,628979,Cross intersection,2,60,Local Road,CHANDLER,DANDENONG,-37.99511,145.18172,2020,2,February,16,Afternoon Peak,Weekday
T20200002689,2020-02-05,07:00:00,1,Collision with vehicle,3,Wednesday,113,RIGHT NEAR (INTERSECTIONS ONLY),1,351331,T intersection,2,60,Arterial Other,KARINGAL,FRANKSTON,-38.154125,145.16235,2020,2,February,7,Morning Peak,Weekday
T20200002688,2020-02-05,07:09:00,1,Collision with vehicle,3,Wednesday,136,RIGHT TURN SIDESWIPE,1,728901,Not at intersection,3,50,Local Road,MAYNARD,BENDIGO,-36.70703,144.31644,2020,2,February,7,Morning Peak,Weekday
T20200002877,2020-02-05,06:00:00,6,Vehicle overturned (no collision),3,Wednesday,174,OUT OF CONTROL ON CARRIAGEWAY (ON STRAIGHT),1,626756,Cross intersection,3,60,Arterial Other,DUDLEY,MELBOURNE,-37.810932,144.94789,2020,2,February,6,Morning Peak,Weekday
T20200002744,2020-02-05,18:03:00,4,Collision with a fixed object,3,Wednesday,173,RIGHT OFF CARRIAGEWAY INTO OBJECT/PARKED VEHICLE,1,662859,Not at intersection,2,50,Local Road,THE PARADE,MOONEE VALLEY,-37.772552,144.9136,2020,2,February,18,Afternoon Peak,Weekday
T20200002791,2020-02-06,11:45:00,2,Struck Pedestrian,4,Thursday,102,FAR SIDE. PED HIT BY VEHICLE FROM THE LEFT,1,639851,Not at intersection,2,60,Arterial Highway,LOWER DANDENONG,KINGSTON,-37.98245,145.075,2020,2,February,11,Midday,Weekday
T20200002792,2020-02-06,12:00:00,1,Collision with vehicle,4,Thursday,137,LEFT TURN SIDESWIPE,1,625490,T intersection,3,60,Arterial Highway,NEPEAN,FRANKSTON,-38.13577,145.12402,2020,2,February,12,Midday,Weekday
T20200002793,2020-02-06,08:00:00,1,Collision with vehicle,4,Thursday,121,RIGHT THROUGH,1,358773,T intersection,2,60,Local Road,THAMES,KINGSTON,-38.046223,145.13373,2020,2,February,8,Morning Peak,Weekday
T20200003982,2020-02-06,08:33:00,1,Collision with vehicle,4,Thursday,163,VEHICLE STRIKES DOOR OF PARKED/STATIONARY VEHICLE,1,639995,Not at intersection,3,40,Local Road,COLLINS,MELBOURNE,-37.816578,144.96281,2020,2,February,8,Morning Peak,Weekday
T20200002795,2020-02-06,10:03:00,1,Collision with vehicle,4,Thursday,140,U TURN,1,625491,Not at intersection,3,70,Arterial Other,MAHONEYS,WHITTLESEA,-37.69472,145.01051,2020,2,February,10,Midday,Weekday
T20200002809,2020-02-06,13:28:00,1,Collision with vehicle,4,Thursday,120,HEAD ON (NOT OVERTAKING),1,44847,Cross intersection,3,50,Local Road,BIBLE,NILLUMBIK,-37.721397,145.15062,2020,2,February,13,Midday,Weekday
T20200002810,2020-02-06,08:55:00,1,Collision with vehicle,4,Thursday,121,RIGHT THROUGH,1,341861,T intersection,2,60,Arterial Other,BARWON HEADS,GEELONG,-38.19818,144.36269,2020,2,February,8,Morning Peak,Weekday
T20200006976,2020-02-06,21:08:00,2,Struck Pedestrian,4,Thursday,100,PED NEAR SIDE. PED HIT BY VEHICLE FROM THE RIGHT.,3,652267,Cross intersection,2,60,Local Road,HAMMOND,DANDENONG,-37.99869,145.20879,2020,2,February,21,Night,Weekday
T20200003661,2020-02-06,17:15:00,1,Collision with vehicle,4,Thursday,148,VEHICLE OFF FOOTPATH STRIKES VEH ON CARRIAGEWAY,1,36858,Cross intersection,3,50,Arterial Other,CLARENDON,MELBOURNE,-37.825348,144.95705,2020,2,February,17,Afternoon Peak,Weekday
T20200003395,2020-02-06,15:00:00,1,Collision with vehicle,4,Thursday,130,REAR END(VEHICLES IN SAME LANE),1,661709,Not at intersection,3,80,Arterial Other,COOPER,WHITTLESEA,-37.648067,144.99092,2020,2,February,15,Afternoon Peak,Weekday
T20200003829,2020-02-06,08:45:00,1,Collision with vehicle,4,Thursday,130,REAR END(VEHICLES IN SAME LANE),1,351856,Not at intersection,3,100,Freeway,MONASH,MONASH,-37.892944,145.13042,2020,2,February,8,Morning Peak,Weekday
T20200003314,2020-02-06,20:00:00,1,Collision with vehicle,4,Thursday,130,REAR END(VEHICLES IN SAME LANE),2,627734,Not at intersection,3,60,Local Road,TAYLORS,MELTON,-37.72349,144.74622,2020,2,February,20,Night,Weekday