ACCIDENT_NO,ACCIDENT_DATE,ACCIDENT_TIME,ACCIDENT_TYPE,ACCIDENT_TYPE_DESC,DAY_OF_WEEK,DAY_WEEK_DESC,DCA_CODE,DCA_DESC,LIGHT_CONDITION,NODE_ID,ROAD_GEOMETRY_DESC,SEVERITY,SPEED_ZONE,RMA,ROAD_NAME,LGA_NAME,LATITUDE,LONGITUDE,YEAR,MONTH,MONTH_NAME,HOUR,TIME_PERIOD,DAY_TYPE
T20200016398,2020-02-06,17:37:00,1,Collision with vehicle,4,Thursday,110,CROSS TRAFFIC(INTERSECTIONS ONLY),1,52147,Multiple intersection,3,60,Local Road,NEWARK,LATROBE,-38.17604,146.28853,2020,2,February,17,Afternoon Peak,Weekday
T20200002880,2020-02-06,19:07:00,6,Vehicle overturned (no collision),4,Thursday,170,OFF CARRIAGEWAY TO LEFT,1,639850,Not at intersection,2,80,Arterial Other,CANTERBURY,MAROONDAH,-37.832485,145.21523,2020,2,February,19,Night,Weekday
T20200002848,2020-02-06,16:46:00,1,Collision with vehicle,4,Thursday,160,VEHICLE COLLIDES WITH VEHICLE PARKED ON LEFT OF ROAD,1,626423,Not at intersection,3,50,Local Road,FAIRVIEW,MONASH,-37.86631,145.11282,2020,2,February,16,Afternoon Peak,Weekday
T20200002842,2020-02-06,16:20:00,1,Collision with vehicle,4,Thursday,152,PULLING OUT (OVERTAKING),1,627402,Not at intersection,3,50,Local Road,DICKENS,BOROONDARA,-37.847828,145.07042,2020,2,February,16,Afternoon Peak,Weekday
T20200002839,2020-02-06,16:00:00,1,Collision with vehicle,4,Thursday,111,RIGHT FAR (INTERSECTIONS ONLY),1,780558,T intersection,3,70,Local Road,UNNAMED,DANDENONG,-38.03527,145.24353,2020,2,February,16,Afternoon Peak,Weekday
T20200002836,2020-02-06,15:03:00,1,Collision with vehicle,4,Thursday,153,CUTTING IN (OVERTAKING),1,628981,Not at intersection,3,100,Arterial Highway,WESTERN,HORSHAM,-36.89713,142.47874,2020,2,February,15,Afternoon Peak,Weekday
T20200002832,2020-02-06,15:30:00,1,Collision with vehicle,4,Thursday,154,PULLING OUT -REAR END,1,661640,Not at intersection,2,100,Freeway,WESTERN,BRIMBANK,-37.79749,144.7583,2020,2,February,15,Afternoon Peak,Weekday
T20200002851,2020-02-06,18:20:00,1,Collision with vehicle,4,Thursday,121,RIGHT THROUGH,1,636123,Not at intersection,2,80,Arterial Other,NARRE WARREN,CASEY,-38.073586,145.29771,2020,2,February,18,Afternoon Peak,Weekday
T20200002852,2020-02-06,18:00:00,1,Collision with vehicle,4,Thursday,121,RIGHT THROUGH,1,45294,Cross intersection,3,60,Arterial Other,WAVERLEY,MOONEE VALLEY,-37.757973,144.90692,2020,2,February,18,Afternoon Peak,Weekday
T20200002853,2020-02-06,17:20:00,1,Collision with vehicle,4,Thursday,130,REAR END(VEHICLES IN SAME LANE),1,626102,Cross intersection,3,60,Local Road,STERNBERG,BENDIGO,-36.757416,144.29198,2020,2,February,17,Afternoon Peak,Weekday
T20200002897,2020-02-06,12:30:00,1,Collision with vehicle,4,Thursday,130,REAR END(VEHICLES IN SAME LANE),1,625814,Cross intersection,3,70,Arterial Other,KOROROIT CREEK,HOBSONS BAY,-37.850277,144.84575,2020,2,February,12,Midday,Weekday
T20200002831,2020-02-06,15:45:00,1,Collision with vehicle,4,Thursday,130,REAR END(VEHICLES IN SAME LANE),1,773333,Not at intersection,3,100,Freeway,WESTERN RING,HUME,-37.694344,144.91603,2020,2,February,15,Afternoon Peak,Weekday
T20200002830,2020-02-06,06:00:00,1,Collision with vehicle,4,Thursday,148,VEHICLE OFF FOOTPATH STRIKES VEH ON CARRIAGEWAY,1,37788,Cross intersection,3,60,Arterial Other,ORRONG,STONNINGTON,-37.841675,145.01384,2020,2,February,6,Morning Peak,Weekday
T20200002823,2020-02-06,13:25:00,1,Collision with vehicle,4,Thursday,120,HEAD ON (NOT OVERTAKING),1,52289,T intersection,2,100,Arterial Other,SANDERS,LATROBE,-38.24326,146.5028,2020,2,February,13,Midday,Weekday
T20200002817,2020-02-06,13:00:00,1,Collision with vehicle,4,Thursday,130,REAR END(VEHICLES IN SAME LANE),1,776896,Not at intersection,3,60,Arterial Other,LORIMER,MELBOURNE,-37.825275,144.94762,2020,2,February,13,Midday,Weekday
T20200002870,2020-02-06,16:30:00,1,Collision with vehicle,4,Thursday,130,REAR END(VEHICLES IN SAME LANE),1,642514,Not at intersection,2,100,Freeway,EASTLINK,FRANKSTON,-38.085957,145.17102,2020,2,February,16,Afternoon Peak,Weekday
T20200004051,2020-02-06,12:45:00,6,Vehicle overturned (no collision),4,Thursday,184,OUT OF CONTROL ON CARRIAGEWAY (ON BEND),1,651190,Not at intersection,2,60,Local Road,ANNANDALE,HUME,-37.700287,144.84457,2020,2,February,12,Midday,Weekday
T20200002871,2020-02-06,22:06:00,1,Collision with vehicle,4,Thursday,130,REAR END(VEHICLES IN SAME LANE),3,45457,Not at intersection,3,40,Local Road,MCPHERSON,MOONEE VALLEY,-37.76287,144.92798,2020,2,February,22,Night,Weekday
T20200002821,2020-02-06,09:20:00,1,Collision with vehicle,4,Thursday,130,REAR END(VEHICLES IN SAME LANE),1,308090,T intersection,3,80,Arterial Other,PASCOE VALE,HUME,-37.662666,144.92265,2020,2,February,9,Morning Peak,Weekday
T20200007468,2020-02-06,10:45:00,1,Collision with vehicle,4,Thursday,137,LEFT TURN SIDESWIPE,1,664840,Cross intersection,3,60,Local Road,WELLINGTON,YARRA,-37.80899,144.98567,2020,2,February,10,Midday,Weekday
T20200002816,2020-02-06,12:30:00,1,Collision with vehicle,4,Thursday,136,RIGHT TURN SIDESWIPE,1,36059,T intersection,2,60,Local Road,SMITH,MELBOURNE,-37.791782,144.93549,2020,2,February,12,Midday,Weekday
T20200002759,2020-02-06,02:00:00,4,Collision with a fixed object,4,Thursday,171,LEFT OFF CARRIAGEWAY INTO OBJECT/PARKED VEHICLE,5,643170,Not at intersection,2,100,Arterial Other,BENDIGO-MARYBOROUGH,CENTRAL GOLDFIELDS,-36.92244,143.82523,2020,2,February,2,Late Night,Weekday
T20200004782,2020-02-06,10:50:00,1,Collision with vehicle,4,Thursday,130,REAR END(VEHICLES IN SAME LANE),1,642520,T intersection,3,40,Arterial Other,CRAIGIEBURN,WHITTLESEA,-37.604336,144.98666,2020,2,February,10,Midday,Weekday
T20200002764,2020-02-06,06:02:00,4,Collision with a fixed object,4,Thursday,171,LEFT OFF CARRIAGEWAY INTO OBJECT/PARKED VEHICLE,2,662763,Not at intersection,3,100,Freeway,WESTERN RING IN-TULLAMARINE OUT,MORELAND,-37.699726,144.89613,2020,2,February,6,Morning Peak,Weekday
T20200002766,2020-02-06,06:00:00,1,Collision with vehicle,4,Thursday,159,OTHER OVERTAKING MANOEUVRES NOT INCLUDED IN DCAs 150-154,2,626752,Unknown,3,80,Arterial Other,WESTALL,KINGSTON,-37.977226,145.14072,2020,2,February,6,Morning Peak,Weekday
T20200002767,2020-02-06,07:03:00,1,Collision with vehicle,4,Thursday,135,LANE CHANGE LEFT (NOT OVERTAKING),1,625486,Not at intersection,3,60,Arterial Other,BEACH,BAYSIDE,-37.95186,145.00356,2020,2,February,7,Morning Peak,Weekday
T20200002868,2020-02-06,17:17:00,1,Collision with vehicle,4,Thursday,116,LEFT NEAR (INTERSECTIONS ONLY),1,44097,T intersection,2,60,Arterial Other,FRANKSTON-FLINDERS,MORNINGTON PENINSULA,-38.338768,145.1762,2020,2,February,17,Afternoon Peak,Weekday
T20200002864,2020-02-06,21:30:00,8,No collision and no object struck,4,Thursday,174,OUT OF CONTROL ON CARRIAGEWAY (ON STRAIGHT),3,629317,Not at intersection,3,60,Arterial Highway,WHITEHORSE,WHITEHORSE,-37.815407,145.10258,2020,2,February,21,Night,Weekday
T20200002769,2020-02-06,07:10:00,1,Collision with vehicle,4,Thursday,130,REAR END(VEHICLES IN SAME LANE),1,628652,Not at intersection,2,100,Freeway,CALDER,BRIMBANK,-37.68821,144.79045,2020,2,February,7,Morning Peak,Weekday
T20200002771,2020-02-06,08:00:00,1,Collision with vehicle,4,Thursday,113,RIGHT NEAR (INTERSECTIONS ONLY),1,625487,T intersection,2,60,Local Road,NORMANBY,GLEN EIRA,-37.870583,145.03384,2020,2,February,8,Morning Peak,Weekday
T20200002776,2020-02-06,09:15:00,1,Collision with vehicle,4,Thursday,147,VEHICLE STRIKES ANOTHER VEH WHILE EMERGING FROM DRIVEWAY,1,625488,Not at intersection,3,60,Arterial Other,MORELAND,MORELAND,-37.75296,144.9431,2020,2,February,9,Morning Peak,Weekday
T20200002862,2020-02-06,20:20:00,1,Collision with vehicle,4,Thursday,121,RIGHT THROUGH,2,65689,T intersection,2,60,Arterial Other,COTHAM,BOROONDARA,-37.80938,145.05241,2020,2,February,20,Night,Weekday
T20200002860,2020-02-06,18:30:00,1,Collision with vehicle,4,Thursday,110,CROSS TRAFFIC(INTERSECTIONS ONLY),1,44232,Cross intersection,3,50,Local Road,DAVISSON,WHITTLESEA,-37.648956,145.02998,2020,2,February,18,Afternoon Peak,Weekday
T20200002778,2020-02-06,09:40:00,2,Struck Pedestrian,4,Thursday,102,FAR SIDE. PED HIT BY VEHICLE FROM THE LEFT,1,37430,Cross intersection,2,40,Local Road,ALEXANDRA,PORT PHILLIP,-37.866783,145.0027,2020,2,February,9,Morning Peak,Weekday
T20200002857,2020-02-06,15:15:00,2,Struck Pedestrian,4,Thursday,100,PED NEAR SIDE. PED HIT BY VEHICLE FROM THE RIGHT.,1,672208,Not at intersection,2,40,Arterial Other,POLICE,DANDENONG,-37.937786,145.19484,2020,2,February,15,Afternoon Peak,Weekday
T20200005056,2020-02-06,16:50:00,1,Collision with vehicle,4,Thursday,137,LEFT TURN SIDESWIPE,1,29529,Cross intersection,3,40,Arterial Highway,RACECOURSE,MELBOURNE,-37.78816,144.92947,2020,2,February,16,Afternoon Peak,Weekday
T20200002782,2020-02-06,08:05:00,1,Collision with vehicle,4,Thursday,130,REAR END(VEHICLES IN SAME LANE),1,729134,Not at intersection,3,60,Arterial Other,MORNINGTON-TYABB,MORNINGTON PENINSULA,-38.233925,145.04877,2020,2,February,8,Morning Peak,Weekday
T20200002783,2020-02-06,08:03:00,1,Collision with vehicle,4,Thursday,140,U TURN,1,729135,Not at intersection,2,50,Arterial Other,YARRA,BOROONDARA,-37.790565,145.02008,2020,2,February,8,Morning Peak,Weekday
T20200002894,2020-02-06,17:00:00,1,Collision with vehicle,4,Thursday,163,VEHICLE STRIKES DOOR OF PARKED/STATIONARY VEHICLE,1,625813,Not at intersection,3,60,Local Road,WILLIAMS,WANGARATTA,-36.34659,146.30203,2020,2,February,17,Afternoon Peak,Weekday
T20200002814,2020-02-06,13:17:00,1,Collision with vehicle,4,Thursday,130,REAR END(VEHICLES IN SAME LANE),1,627401,Cross intersection,3,70,Arterial Other,SYDNEY,MORELAND,-37.694683,144.95909,2020,2,February,13,Midday,Weekday
T20200002909,2020-02-06,14:45:00,1,Collision with vehicle,4,Thursday,121,RIGHT THROUGH,1,46308,T intersection,3,60,Arterial Other,SYDNEY,MORELAND,-37.746445,144.9657,2020,2,February,14,Midday,Weekday
T20200002951,2020-02-07,15:45:00,2,Struck Pedestrian,5,Friday,100,PED NEAR SIDE. PED HIT BY VEHICLE FROM THE RIGHT.,1,649352,Not at intersection,2,60,Arterial Other,MAFFRA,WELLINGTON,-37.979378,146.79132,2020,2,February,15,Afternoon Peak,Weekday
T20200002950,2020-02-07,19:05:00,1,Collision with vehicle,5,Friday,113,RIGHT NEAR (INTERSECTIONS ONLY),1,39995,T intersection,2,50,Arterial Other,NORTH,HOBSONS BAY,-37.844536,144.88701,2020,2,February,19,Night,Weekday
T20200002949,2020-02-07,14:57:00,3,Struck animal,5,Friday,167,STRUCK ANIMAL,1,642515,Not at intersection,3,100,Local Road,LANDSBOROUGH-ELMHURST,PYRENEES,-37.103977,143.2027,2020,2,February,14,Midday,Weekday
T20200002914,2020-02-07,12:44:00,1,Collision with vehicle,5,Friday,110,CROSS TRAFFIC(INTERSECTIONS ONLY),1,269900,Cross intersection,3,50,Local Road,CLARKSON,BALLARAT,-37.583813,143.83861,2020,2,February,12,Midday,Weekday
T20200002907,2020-02-07,10:35:00,1,Collision with vehicle,5,Friday,121,RIGHT THROUGH,1,51385,Cross intersection,3,50,Arterial Highway,HEYGARTH,CAMPASPE,-36.124355,144.7486,2020,2,February,10,Midday,Weekday
T20200004032,2020-02-07,22:45:00,1,Collision with vehicle,5,Friday,130,REAR END(VEHICLES IN SAME LANE),3,782,Cross intersection,3,60,Arterial Highway,WARRIGAL,KINGSTON,-37.924,145.08247,2020,2,February,22,Night,Weekday
T20200003208,2020-02-07,14:00:00,1,Collision with vehicle,5,Friday,130,REAR END(VEHICLES IN SAME LANE),1,10592,T intersection,3,60,Arterial Highway,PRINCES,DANDENONG,-37.933174,145.15694,2020,2,February,14,Midday,Weekday
T20200002920,2020-02-07,14:00:00,1,Collision with vehicle,5,Friday,121,RIGHT THROUGH,1,41762,T intersection,3,80,Arterial Highway,WELLINGTON,MONASH,-37.91727,145.1471,2020,2,February,14,Midday,Weekday
T20200004089,2020-02-07,16:20:00,1,Collision with vehicle,5,Friday,130,REAR END(VEHICLES IN SAME LANE),1,663546,Unknown,3,100,Freeway,WESTERN RING,HUME,-37.69229,144.9476,2020,2,February,16,Afternoon Peak,Weekday
T20200002881,2020-02-07,05:55:00,6,Vehicle overturned (no collision),5,Friday,170,OFF CARRIAGEWAY TO LEFT,5,626103,Not at intersection,2,100,Arterial Other,GRAMPIANS,NORTHERN GRAMPIANS,-37.101273,142.59265,2020,2,February,5,Morning Peak,Weekday
T20200002928,2020-02-07,14:50:00,1,Collision with vehicle,5,Friday,110,CROSS TRAFFIC(INTERSECTIONS ONLY),1,341100,Cross intersection,3,80,Local Road,KILLARA,YARRA RANGES,-37.72265,145.4164,2020,2,February,14,Midday,Weekday
T20200004847,2020-02-07,11:00:00,6,Vehicle overturned (no collision),5,Friday,180,OFF CARRIAGEWAY ON RIGHT BEND,1,645656,Not at intersection,3,100,Local Road,KING PARROT CREEK,MURRINDINDI,-37.180542,145.25095,2020,2,February,11,Midday,Weekday
T20200002929,2020-02-07,11:35:00,1,Collision with vehicle,5,Friday,121,RIGHT THROUGH,1,29779,T intersection,2,40,Local Road,HIGH,DAREBIN,-37.732082,145.00502,2020,2,February,11,Midday,Weekday
T20200003716,2020-02-07,18:45:00,1,Collision with vehicle,5,Friday,130,REAR END(VEHICLES IN SAME LANE),2,43864,T intersection,3,70,Local Road,OSHEA,CASEY,-38.062313,145.3568,2020,2,February,18,Afternoon Peak,Weekday
T20200013529,2020-02-07,08:12:00,1,Collision with vehicle,5,Friday,130,REAR END(VEHICLES IN SAME LANE),1,773358,Not at intersection,3,80,Freeway,MONASH OUT-STUD,DANDENONG,-37.957905,145.2249,2020,2,February,8,Morning Peak,Weekday
T20200002903,2020-02-07,11:10:00,2,Struck Pedestrian,5,Friday,100,PED NEAR SIDE. PED HIT BY VEHICLE FROM THE RIGHT.,1,626104,Not at intersection,2,60,Arterial Highway,WARRIGAL,MONASH,-37.917046,145.08382,2020,2,February,11,Midday,Weekday
T20200015499,2020-02-07,08:20:00,1,Collision with vehicle,5,Friday,121,RIGHT THROUGH,1,661465,T intersection,3,70,Arterial Other,BALLARAT,MARIBYRNONG,-37.78049,144.86009,2020,2,February,8,Morning Peak,Weekday
T20200002906,2020-02-07,10:40:00,1,Collision with vehicle,5,Friday,110,CROSS TRAFFIC(INTERSECTIONS ONLY),1,45525,Cross intersection,3,50,Local Road,DALY,MORELAND,-37.767586,144.94426,2020,2,February,10,Midday,Weekday
T20200011313,2020-02-07,22:06:00,1,Collision with vehicle,5,Friday,110,CROSS TRAFFIC(INTERSECTIONS ONLY),3,347223,Cross intersection,3,80,Arterial Other,PRINCES,CASEY,-38.029106,145.32796,2020,2,February,22,Night,Weekday
T20200002911,2020-02-07,11:35:00,2,Struck Pedestrian,5,Friday,100,PED NEAR SIDE. PED HIT BY VEHICLE FROM THE RIGHT.,1,37170,T intersection,3,40,Arterial Other,SWAN,YARRA,-37.825554,144.99673,2020,2,February,11,Midday,Weekday
T20200002935,2020-02-07,12:25:00,6,Vehicle overturned (no collision),5,Friday,184,OUT OF CONTROL ON CARRIAGEWAY (ON BEND),1,628040,Not at intersection,2,80,Arterial Highway,GREAT ALPINE,ALPINE,-36.951653,147.0586,2020,2,February,12,Midday,Weekday
T20200003444,2020-02-07,18:50:00,1,Collision with vehicle,5,Friday,130,REAR END(VEHICLES IN SAME LANE),1,628052,Cross intersection,3,80,Arterial Highway,SPRINGVALE,DANDENONG,-37.982357,145.14618,2020,2,February,18,Afternoon Peak,Weekday
T20200002908,2020-02-07,10:15:00,3,Struck animal,5,Friday,167,STRUCK ANIMAL,1,631226,Not at intersection,2,80,Local Road,BENWERRIN-MT SABINE,SURF COAST,-38.49932,143.88112,2020,2,February,10,Midday,Weekday
T20200002910,2020-02-07,04:00:00,4,Collision with a fixed object,5,Friday,181,OFF RIGHT BEND INTO OBJECT/PARKED VEHICLE,5,668054,Not at intersection,2,100,Arterial Highway,SOUTH GIPPSLAND,WELLINGTON,-38.623566,146.6418,2020,2,February,4,Late Night,Weekday
T20200002931,2020-02-07,08:55:00,1,Collision with vehicle,5,Friday,121,RIGHT THROUGH,1,626107,Not at intersection,3,60,Arterial Other,KEYS,KINGSTON,-37.947792,145.06032,2020,2,February,8,Morning Peak,Weekday
T20200002957,2020-02-07,18:29:00,1,Collision with vehicle,5,Friday,111,RIGHT FAR (INTERSECTIONS ONLY),1,628982,Cross intersection,3,80,Local Road,DUNDAS,MORNINGTON PENINSULA,-38.38613,144.81578,2020,2,February,18,Afternoon Peak,Weekday
T20200007718,2020-02-07,00:00:00,2,Struck Pedestrian,5,Friday,100,PED NEAR SIDE. PED HIT BY VEHICLE FROM THE RIGHT.,6,645074,Cross intersection,3,80,Arterial Other,CLYDE,CASEY,-38.059864,145.33824,2020,2,February,0,Late Night,Weekday
T20200002937,2020-02-07,15:35:00,1,Collision with vehicle,5,Friday,169,OTHER ON PATH,1,644110,Not at intersection,3,60,Local Road,EUREKA,BALLARAT,-37.56603,143.8804,2020,2,February,15,Afternoon Peak,Weekday
T20200003109,2020-02-07,19:30:00,2,Struck Pedestrian,5,Friday,109,ANY MANOEUVRE INVOLVING PED NOT INCLUDED IN DCAs 100-108.,1,260237,Not at intersection,2,50,Local Road,BURKE AND WILLS,MACEDON RANGES,-37.199444,144.65707,2020,2,February,19,Night,Weekday
T20200002891,2020-02-07,07:10:00,1,Collision with vehicle,5,Friday,120,HEAD ON (NOT OVERTAKING),1,626757,T intersection,2,70,Arterial Highway,STAWELL,HORSHAM,-36.73338,142.20564,2020,2,February,7,Morning Peak,Weekday
T20200004518,2020-02-07,18:13:00,1,Collision with vehicle,5,Friday,130,REAR END(VEHICLES IN SAME LANE),1,57447,T intersection,3,60,Arterial Other,MT DANDENONG,YARRA RANGES,-37.802277,145.3124,2020,2,February,18,Afternoon Peak,Weekday
T20200002972,2020-02-07,22:45:00,2,Struck Pedestrian,5,Friday,102,FAR SIDE. PED HIT BY VEHICLE FROM THE LEFT,3,389,Cross intersection,3,60,Arterial Other,CHILDS,WHITTLESEA,-37.659706,145.0191,2020,2,February,22,Night,Weekday
T20200002943,2020-02-07,17:35:00,2,Struck Pedestrian,5,Friday,102,FAR SIDE. PED HIT BY VEHICLE FROM THE LEFT,1,15421,Cross intersection,2,60,Local Road,HIGH,GEELONG,-38.171158,144.34688,2020,2,February,17,Afternoon Peak,Weekday
T20200002887,2020-02-07,08:50:00,8,No collision and no object struck,5,Friday,174,OUT OF CONTROL ON CARRIAGEWAY (ON STRAIGHT),1,259948,T intersection,3,60,Local Road,BARRIES,MELTON,-37.687637,144.56581,2020,2,February,8,Morning Peak,Weekday
T20200002965,2020-02-07,21:10:00,4,Collision with a fixed object,5,Friday,181,OFF RIGHT BEND INTO OBJECT/PARKED VEHICLE,5,665826,Not at intersection,2,100,Local Road,MYERS CREEK,MURRINDINDI,-37.547985,145.487,2020,2,February,21,Night,Weekday
T20200002961,2020-02-07,22:00:00,1,Collision with vehicle,5,Friday,135,LANE CHANGE LEFT (NOT OVERTAKING),3,626427,Not at intersection,2,80,Freeway,WEST GATE OUT-CITYLINK OUT,MELBOURNE,-37.82581,144.93858,2020,2,February,22,Night,Weekday
T20200002946,2020-02-07,15:50:00,1,Collision with vehicle,5,Friday,113,RIGHT NEAR (INTERSECTIONS ONLY),1,68517,T intersection,2,60,Arterial Other,WAVERLEY,MONASH,-37.885674,145.13605,2020,2,February,15,Afternoon Peak,Weekday
T20200004973,2020-02-07,06:20:00,1,Collision with vehicle,5,Friday,153,CUTTING IN (OVERTAKING),1,655139,Not at intersection,3,80,Arterial Other,DONNYBROOK,WHITTLESEA,-37.550186,145.04126,2020,2,February,6,Morning Peak,Weekday
T20200002925,2020-02-07,14:50:00,2,Struck Pedestrian,5,Friday,100,PED NEAR SIDE. PED HIT BY VEHICLE FROM THE RIGHT.,1,631227,Not at intersection,2,50,Arterial Other,GISBORNE,MOORABOOL,-37.674854,144.43568,2020,2,February,14,Midday,Weekday
T20200002939,2020-02-07,14:40:00,4,Collision with a fixed object,5,Friday,171,LEFT OFF CARRIAGEWAY INTO OBJECT/PARKED VEHICLE,1,662764,Not at intersection,3,100,Arterial Highway,GREAT ALPINE,ALPINE,-36.82757,147.07043,2020,2,February,14,Midday,Weekday
T20200002916,2020-02-07,10:50:00,1,Collision with vehicle,5,Friday,120,HEAD ON (NOT OVERTAKING),1,648076,Not at intersection,2,80,Arterial Highway,GREAT OCEAN,COLAC OTWAY,-38.704636,143.7739,2020,2,February,10,Midday,Weekday
T20200002883,2020-02-07,06:50:00,1,Collision with vehicle,5,Friday,116,LEFT NEAR (INTERSECTIONS ONLY),1,29761,Cross intersection,2,60,Arterial Other,THOMPSONS,CASEY,-38.079994,145.25813,2020,2,February,6,Morning Peak,Weekday
T20200003025,2020-02-08,19:30:00,4,Collision with a fixed object,6,Saturday,171,LEFT OFF CARRIAGEWAY INTO OBJECT/PARKED VEHICLE,1,653094,Not at intersection,3,50,Local Road,WICKLOW,FRANKSTON,-38.11085,145.1457,2020,2,February,19,Night,Weekend
T20200003022,2020-02-08,19:30:00,4,Collision with a fixed object,6,Saturday,171,LEFT OFF CARRIAGEWAY INTO OBJECT/PARKED VEHICLE,1,662766,T intersection,3,60,Arterial Other,SWAN REACH,EAST GIPPSLAND,-37.819386,147.85374,2020,2,February,19,Night,Weekend
T20200003505,2020-02-08,08:45:00,8,No collision and no object struck,6,Saturday,174,OUT OF CONTROL ON CARRIAGEWAY (ON STRAIGHT),1,728913,Not at intersection,3,100,Arterial Other,FISH CREEK-FOSTER,SOUTH GIPPSLAND,-38.662556,146.18979,2020,2,February,8,Morning Peak,Weekend
T20200003020,2020-02-08,20:20:00,2,Struck Pedestrian,6,Saturday,100,PED NEAR SIDE. PED HIT BY VEHICLE FROM THE RIGHT.,3,635707,Not at intersection,2,40,Arterial Other,HIGH,STONNINGTON,-37.854053,145.00961,2020,2,February,20,Night,Weekend
T20200003018,2020-02-08,17:05:00,2,Struck Pedestrian,6,Saturday,102,FAR SIDE. PED HIT BY VEHICLE FROM THE LEFT,1,626430,Not at intersection,2,50,Local Road,CARDIGAN,YARRA RANGES,-37.788387,145.32188,2020,2,February,17,Afternoon Peak,Weekend
T20200003011,2020-02-08,14:35:00,4,Collision with a fixed object,6,Saturday,181,OFF RIGHT BEND INTO OBJECT/PARKED VEHICLE,1,671675,Not at intersection,2,100,Local Road,PURVIS,LATROBE,-38.13808,146.29482,2020,2,February,14,Midday,Weekend
T20200003008,2020-02-08,15:30:00,6,Vehicle overturned (no collision),6,Saturday,182,OFF CARRIAGEWAY ON LEFT BEND,1,640163,Not at intersection,2,100,Arterial Other,DARGO,WELLINGTON,-37.51592,147.23682,2020,2,February,15,Afternoon Peak,Weekend
T20200003005,2020-02-08,15:30:00,1,Collision with vehicle,6,Saturday,121,RIGHT THROUGH,1,19378,T intersection,3,70,Arterial Highway,NORTHERN,CAMPASPE,-36.35463,144.6971,2020,2,February,15,Afternoon Peak,Weekend
T20200002994,2020-02-08,10:14:00,4,Collision with a fixed object,6,Saturday,171,LEFT OFF CARRIAGEWAY INTO OBJECT/PARKED VEHICLE,1,729060,Not at intersection,2,70,Local Road,CHURCHILL PARK,CASEY,-37.958256,145.26187,2020,2,February,10,Midday,Weekend
T20200002993,2020-02-08,11:10:00,1,Collision with vehicle,6,Saturday,130,REAR END(VEHICLES IN SAME LANE),1,626429,Multiple intersection,3,60,Arterial Other,SWANSEA,YARRA RANGES,-37.763756,145.35927,2020,2,February,11,Midday,Weekend
T20200002988,2020-02-08,11:00:00,1,Collision with vehicle,6,Saturday,137,LEFT TURN SIDESWIPE,1,762292,Not at intersection,2,80,Arterial Highway,NORTH,MONASH,-37.91261,145.11044,2020,2,February,11,Midday,Weekend
T20200002981,2020-02-08,09:37:00,4,Collision with a fixed object,6,Saturday,171,LEFT OFF CARRIAGEWAY INTO OBJECT/PARKED VEHICLE,1,327787,Cross intersection,3,50,Local Road,DONNELLY,GEELONG,-38.09359,144.35883,2020,2,February,9,Morning Peak,Weekend
T20200002978,2020-02-08,07:00:00,1,Collision with vehicle,6,Saturday,113,RIGHT NEAR (INTERSECTIONS ONLY),1,626110,T intersection,2,50,Local Road,RANGEVIEW,BANYULE,-37.731915,145.12543,2020,2,February,7,Morning Peak,Weekend
T20200002976,2020-02-08,06:10:00,4,Collision with a fixed object,6,Saturday,173,RIGHT OFF CARRIAGEWAY INTO OBJECT/PARKED VEHICLE,2,640154,Not at intersection,2,80,Arterial Other,CANTERBURY,MAROONDAH,-37.832294,145.22841,2020,2,February,6,Morning Peak,Weekend
T20200002969,2020-02-08,01:45:00,4,Collision with a fixed object,6,Saturday,171,LEFT OFF CARRIAGEWAY INTO OBJECT/PARKED VEHICLE,3,626109,Cross intersection,3,50,Local Road,SPARKS,GEELONG,-38.091194,144.3544,2020,2,February,1,Late Night,Weekend
T20200002968,2020-02-08,04:00:00,4,Collision with a fixed object,6,Saturday,171,LEFT OFF CARRIAGEWAY INTO OBJECT/PARKED VEHICLE,3,643171,Not at intersection,2,50,Local Road,INDUSTRY PARK,BRIMBANK,-37.81404,144.84914,2020,2,February,4,Late Night,Weekend
T20200002998,2020-02-08,07:15:00,9,Other accident,6,Saturday,139,OTHER SAME DIRECTION-MANOUEVRES NOT INCLUDED IN DCAs 130-137,1,626758,Not at intersection,3,60,Arterial Highway,NEPEAN,KINGSTON,-38.01842,145.09584,2020,2,February,7,Morning Peak,Weekend
T20200010094,2020-02-08,09:30:00,1,Collision with vehicle,6,Saturday,147,VEHICLE STRIKES ANOTHER VEH WHILE EMERGING FROM DRIVEWAY,1,655601,Not at intersection,3,60,Arterial Other,BARRY,HUME,-37.665783,144.9397,2020,2,February,9,Morning Peak,Weekend
T20200004488,2020-02-08,18:00:00,1,Collision with vehicle,6,Saturday,160,VEHICLE COLLIDES WITH VEHICLE PARKED ON LEFT OF ROAD,1,635731,T intersection,2,50,Local Road,CHAPEL,STONNINGTON,-37.843628,144.99478,2020,2,February,18,Afternoon Peak,Weekend
T20210003967,2020-02-08,17:20:00,1,Collision with vehicle,6,Saturday,130,REAR END(VEHICLES IN SAME LANE),1,40223,Cross intersection,3,70,Arterial Highway,DANDENONG,GLEN EIRA,-37.86288,145.01944,2020,2,February,17,Afternoon Peak,Weekend