ACCIDENT_NO,ACCIDENT_DATE,ACCIDENT_TIME,ACCIDENT_TYPE,ACCIDENT_TYPE_DESC,DAY_OF_WEEK,DAY_WEEK_DESC,DCA_CODE,DCA_DESC,LIGHT_CONDITION,NODE_ID,ROAD_GEOMETRY_DESC,SEVERITY,SPEED_ZONE,RMA,ROAD_NAME,LGA_NAME,LATITUDE,LONGITUDE,YEAR,MONTH,MONTH_NAME,HOUR,TIME_PERIOD,DAY_TYPE
T20200004154,2020-02-08,21:55:00,7,Fall from or in moving vehicle,6,Saturday,190,FELL IN/FROM VEHICLE,3,57644,T intersection,3,50,Local Road,GHERINGHAP,GEELONG,-38.142757,144.35992,2020,2,February,21,Night,Weekend
T20200005773,2020-02-08,15:20:00,1,Collision with vehicle,6,Saturday,120,HEAD ON (NOT OVERTAKING),1,648082,Not at intersection,3,70,Arterial Other,MAIN,BRIMBANK,-37.746014,144.81474,2020,2,February,15,Afternoon Peak,Weekend
T20200008704,2020-02-08,12:30:00,4,Collision with a fixed object,6,Saturday,173,RIGHT OFF CARRIAGEWAY INTO OBJECT/PARKED VEHICLE,1,686820,Cross intersection,3,80,Arterial Highway,PRINCES HIGHWAY -STAMMERS,LATROBE,-38.18809,146.57574,2020,2,February,12,Midday,Weekend
T20200003137,2020-02-08,11:45:00,1,Collision with vehicle,6,Saturday,110,CROSS TRAFFIC(INTERSECTIONS ONLY),1,63672,Cross intersection,3,50,Local Road,RALEIGH,DAREBIN,-37.759254,145.00522,2020,2,February,11,Midday,Weekend
T20200003115,2020-02-08,11:00:00,4,Collision with a fixed object,6,Saturday,164,PERMANENT OBSTRUCTION ON CARRIAGEWAY,1,37614,T intersection,2,60,Arterial Highway,PUNT,STONNINGTON,-37.841015,144.98598,2020,2,February,11,Midday,Weekend
T20200003051,2020-02-08,17:25:00,1,Collision with vehicle,6,Saturday,131,LEFT REAR,1,729140,Not at intersection,3,60,Arterial Other,PASCOE VALE,HUME,-37.684708,144.91647,2020,2,February,17,Afternoon Peak,Weekend
T20200003050,2020-02-08,17:00:00,8,No collision and no object struck,6,Saturday,174,OUT OF CONTROL ON CARRIAGEWAY (ON STRAIGHT),1,275519,T intersection,2,80,Arterial Other,ESPLANADE,MORNINGTON PENINSULA,-38.275757,145.00162,2020,2,February,17,Afternoon Peak,Weekend
T20200003039,2020-02-08,08:30:00,1,Collision with vehicle,6,Saturday,110,CROSS TRAFFIC(INTERSECTIONS ONLY),1,63810,Cross intersection,3,60,Arterial Other,DAREBIN,DAREBIN,-37.76425,145.00876,2020,2,February,8,Morning Peak,Weekend
T20200003027,2020-02-08,23:25:00,1,Collision with vehicle,6,Saturday,160,VEHICLE COLLIDES WITH VEHICLE PARKED ON LEFT OF ROAD,3,654760,Not at intersection,2,60,Arterial Other,HIGHBURY,WHITEHORSE,-37.860817,145.15947,2020,2,February,23,Night,Weekend
T20200003026,2020-02-08,21:30:00,1,Collision with vehicle,6,Saturday,119,OTHER ADJACENT (INTERSECTIONS ONLY),2,619809,T intersection,1,100,Arterial Highway,PRINCES,WARRNAMBOOL,-38.353165,142.43251,2020,2,February,21,Night,Weekend
T20200003408,2020-02-08,22:35:00,1,Collision with vehicle,6,Saturday,131,LEFT REAR,9,233976,Cross intersection,3,60,Local Road,SAYERS,WYNDHAM,-37.846348,144.66919,2020,2,February,22,Night,Weekend
T20200003196,2020-02-09,12:40:00,1,Collision with vehicle,7,Sunday,130,REAR END(VEHICLES IN SAME LANE),1,661711,Not at intersection,3,60,Arterial Highway,GREAT OCEAN,SURF COAST,-38.414425,144.18471,2020,2,February,12,Midday,Weekend
T20200003061,2020-02-09,14:15:00,4,Collision with a fixed object,7,Sunday,179,OTHER ACCIDENTS-OFF STRAIGHT NOT INCLUDED IN DCAs 170-175,1,627405,Not at intersection,2,80,Arterial Highway,MAROONDAH,YARRA RANGES,-37.591805,145.63966,2020,2,February,14,Midday,Weekend
T20200003259,2020-02-09,01:27:00,1,Collision with vehicle,7,Sunday,130,REAR END(VEHICLES IN SAME LANE),3,44098,Not at intersection,2,50,Local Road,CAMBRIAN,DAREBIN,-37.73246,145.00496,2020,2,February,1,Late Night,Weekend
T20200003054,2020-02-09,01:53:00,1,Collision with vehicle,7,Sunday,134,LANE CHANGE RIGHT (NOT OVERTAKING),3,636502,Not at intersection,2,100,Freeway,WESTERN RING,MORELAND,-37.703968,144.89055,2020,2,February,1,Late Night,Weekend
T20200003065,2020-02-09,09:05:00,8,No collision and no object struck,7,Sunday,174,OUT OF CONTROL ON CARRIAGEWAY (ON STRAIGHT),1,664804,T intersection,2,60,Local Road,DORCAS,PORT PHILLIP,-37.834637,144.95491,2020,2,February,9,Morning Peak,Weekend
T20200003078,2020-02-09,15:34:00,2,Struck Pedestrian,7,Sunday,101,PED EMERGES FROM IN FRONT OF PARKED OR STATIONARY VEHICLE,1,653366,Not at intersection,3,60,Local Road,ROXBURGH PARK,HUME,-37.624897,144.92378,2020,2,February,15,Afternoon Peak,Weekend
T20200003076,2020-02-09,21:15:00,4,Collision with a fixed object,7,Sunday,173,RIGHT OFF CARRIAGEWAY INTO OBJECT/PARKED VEHICLE,5,636124,Not at intersection,2,100,Local Road,BARWARRE,GEELONG,-38.207138,144.35011,2020,2,February,21,Night,Weekend
T20200003074,2020-02-09,20:15:00,4,Collision with a fixed object,7,Sunday,171,LEFT OFF CARRIAGEWAY INTO OBJECT/PARKED VEHICLE,2,729141,Cross intersection,2,60,Arterial Other,GRANT,BALLARAT,-37.567432,143.85867,2020,2,February,20,Night,Weekend
T20200003072,2020-02-09,19:14:00,1,Collision with vehicle,7,Sunday,110,CROSS TRAFFIC(INTERSECTIONS ONLY),1,799,Cross intersection,3,60,Local Road,CORRIGAN,DANDENONG,-37.961704,145.1691,2020,2,February,19,Night,Weekend
T20200004234,2020-02-09,14:40:00,1,Collision with vehicle,7,Sunday,130,REAR END(VEHICLES IN SAME LANE),9,664738,Not at intersection,3,80,Arterial Other,BERWICK-CRANBOURNE,CASEY,-38.087963,145.33313,2020,2,February,14,Midday,Weekend
T20200003055,2020-02-09,13:34:00,1,Collision with vehicle,7,Sunday,110,CROSS TRAFFIC(INTERSECTIONS ONLY),1,332462,Cross intersection,2,100,Arterial Highway,PRINCES,SURF COAST,-38.21211,144.21806,2020,2,February,13,Midday,Weekend
T20200003184,2020-02-09,18:40:00,1,Collision with vehicle,7,Sunday,163,VEHICLE STRIKES DOOR OF PARKED/STATIONARY VEHICLE,1,662751,Not at intersection,2,40,Local Road,CHAPEL,STONNINGTON,-37.843525,144.99481,2020,2,February,18,Afternoon Peak,Weekend
T20200003102,2020-02-09,13:50:00,6,Vehicle overturned (no collision),7,Sunday,180,OFF CARRIAGEWAY ON RIGHT BEND,1,626763,Not at intersection,3,60,Local Road,YALMY,EAST GIPPSLAND,-37.564137,148.43134,2020,2,February,13,Midday,Weekend
T20200003318,2020-02-09,13:40:00,1,Collision with vehicle,7,Sunday,163,VEHICLE STRIKES DOOR OF PARKED/STATIONARY VEHICLE,1,629649,Not at intersection,2,40,Local Road,CHAPEL,STONNINGTON,-37.84767,144.994,2020,2,February,13,Midday,Weekend
T20200003069,2020-02-09,18:11:00,1,Collision with vehicle,7,Sunday,130,REAR END(VEHICLES IN SAME LANE),1,628655,Cross intersection,3,60,Local Road,STATION,KINGSTON,-38.0635,145.12006,2020,2,February,18,Afternoon Peak,Weekend
T20200003029,2020-02-09,01:38:00,1,Collision with vehicle,7,Sunday,121,RIGHT THROUGH,3,29858,Cross intersection,3,60,Freeway,WEST GATE OUT-MELBOURNE,HOBSONS BAY,-37.82599,144.88097,2020,2,February,1,Late Night,Weekend
T20200003038,2020-02-09,05:15:00,1,Collision with vehicle,7,Sunday,160,VEHICLE COLLIDES WITH VEHICLE PARKED ON LEFT OF ROAD,1,662752,Not at intersection,3,50,Local Road,THE AVENUE,BRIMBANK,-37.79592,144.79099,2020,2,February,5,Morning Peak,Weekend
T20200003097,2020-02-09,11:00:00,1,Collision with vehicle,7,Sunday,142,LEAVING PARKING,1,635709,Not at intersection,3,50,Arterial Other,MYERS,BENDIGO,-36.761826,144.28284,2020,2,February,11,Midday,Weekend
T20200003064,2020-02-09,16:30:00,1,Collision with vehicle,7,Sunday,130,REAR END(VEHICLES IN SAME LANE),1,628654,T intersection,2,70,Arterial Other,KINGS,BRIMBANK,-37.687935,144.78549,2020,2,February,16,Afternoon Peak,Weekend
T20200003066,2020-02-09,15:15:00,4,Collision with a fixed object,7,Sunday,171,LEFT OFF CARRIAGEWAY INTO OBJECT/PARKED VEHICLE,1,640171,Not at intersection,2,100,Local Road,ATKINS,SURF COAST,-38.256332,144.02457,2020,2,February,15,Afternoon Peak,Weekend
T20200004780,2020-02-09,23:30:00,8,No collision and no object struck,7,Sunday,174,OUT OF CONTROL ON CARRIAGEWAY (ON STRAIGHT),3,663554,Not at intersection,3,40,Arterial Other,SYDNEY,MORELAND,-37.76182,144.96303,2020,2,February,23,Night,Weekend
T20200003498,2020-02-09,09:24:00,5,collision with some other object,7,Sunday,166,STRUCK OBJECT ON CARRIAGEWAY,1,663234,T intersection,2,100,Arterial Other,HEALESVILLE-KINGLAKE,MURRINDINDI,-37.52993,145.43298,2020,2,February,9,Morning Peak,Weekend
T20200003043,2020-02-09,10:05:00,4,Collision with a fixed object,7,Sunday,181,OFF RIGHT BEND INTO OBJECT/PARKED VEHICLE,1,658861,Not at intersection,2,80,Arterial Other,DEANS MARSH-LORNE,SURF COAST,-38.49241,143.94958,2020,2,February,10,Midday,Weekend
T20200003048,2020-02-09,12:10:00,1,Collision with vehicle,7,Sunday,130,REAR END(VEHICLES IN SAME LANE),1,40661,T intersection,2,60,Arterial Other,HIGHBURY,MONASH,-37.855625,145.11497,2020,2,February,12,Midday,Weekend
T20200004414,2020-02-10,23:45:00,8,No collision and no object struck,1,Monday,174,OUT OF CONTROL ON CARRIAGEWAY (ON STRAIGHT),3,631244,Not at intersection,3,40,Arterial Other,SYDNEY,MORELAND,-37.75812,144.96365,2020,2,February,23,Night,Weekday
T20200003169,2020-02-10,15:55:00,1,Collision with vehicle,1,Monday,134,LANE CHANGE RIGHT (NOT OVERTAKING),1,54374,Cross intersection,2,60,Arterial Other,STURT,BALLARAT,-37.560806,143.84898,2020,2,February,15,Afternoon Peak,Weekday
T20200003154,2020-02-10,15:58:00,8,No collision and no object struck,1,Monday,174,OUT OF CONTROL ON CARRIAGEWAY (ON STRAIGHT),1,649194,Not at intersection,2,50,Local Road,FORDHOLM,CASEY,-38.03357,145.2509,2020,2,February,15,Afternoon Peak,Weekday
T20200003142,2020-02-10,12:19:00,4,Collision with a fixed object,1,Monday,173,RIGHT OFF CARRIAGEWAY INTO OBJECT/PARKED VEHICLE,1,663107,T intersection,3,50,Local Road,NORMA,MELTON,-37.685043,144.57292,2020,2,February,12,Midday,Weekday
T20200003401,2020-02-10,18:50:00,1,Collision with vehicle,1,Monday,131,LEFT REAR,1,299559,Cross intersection,3,60,Arterial Other,KINGSBURY,DAREBIN,-37.71709,145.04309,2020,2,February,18,Afternoon Peak,Weekday
T20200003235,2020-02-10,06:10:00,1,Collision with vehicle,1,Monday,121,RIGHT THROUGH,6,42310,T intersection,3,70,Arterial Highway,WARRIGAL,KINGSTON,-37.95472,145.07648,2020,2,February,6,Morning Peak,Weekday
T20200003172,2020-02-10,16:15:00,4,Collision with a fixed object,1,Monday,171,LEFT OFF CARRIAGEWAY INTO OBJECT/PARKED VEHICLE,1,773450,Not at intersection,2,100,Local Road,MERRIGUM-ARDMONA,SHEPPARTON,-36.37247,145.19875,2020,2,February,16,Afternoon Peak,Weekday
T20200003171,2020-02-10,08:00:00,1,Collision with vehicle,1,Monday,130,REAR END(VEHICLES IN SAME LANE),1,627092,Not at intersection,2,60,Arterial Highway,BELL,MORELAND,-37.738213,144.93755,2020,2,February,8,Morning Peak,Weekday
T20200003170,2020-02-10,18:20:00,1,Collision with vehicle,1,Monday,137,LEFT TURN SIDESWIPE,1,38573,Cross intersection,2,60,Local Road,DARNLEY,MARIBYRNONG,-37.791183,144.84984,2020,2,February,18,Afternoon Peak,Weekday
T20200003658,2020-02-10,15:15:00,1,Collision with vehicle,1,Monday,113,RIGHT NEAR (INTERSECTIONS ONLY),1,643490,T intersection,3,60,Local Road,SHAWS,WYNDHAM,-37.888226,144.64539,2020,2,February,15,Afternoon Peak,Weekday
T20200003724,2020-02-10,05:15:00,4,Collision with a fixed object,1,Monday,181,OFF RIGHT BEND INTO OBJECT/PARKED VEHICLE,2,665732,Not at intersection,2,100,Arterial Other,YARRA JUNCTION-NOOJEE,YARRA RANGES,-37.875237,145.79242,2020,2,February,5,Morning Peak,Weekday
T20200003138,2020-02-10,09:55:00,4,Collision with a fixed object,1,Monday,181,OFF RIGHT BEND INTO OBJECT/PARKED VEHICLE,1,628984,Not at intersection,1,100,Arterial Other,EDENHOPE-PENOLA,WEST WIMMERA,-37.074932,141.18422,2020,2,February,9,Morning Peak,Weekday
T20200003136,2020-02-10,09:11:00,1,Collision with vehicle,1,Monday,120,HEAD ON (NOT OVERTAKING),1,626590,Not at intersection,1,100,Arterial Other,TERANG-MORTLAKE,CORANGAMITE,-38.17722,142.92197,2020,2,February,9,Morning Peak,Weekday
T20200003133,2020-02-10,10:19:00,1,Collision with vehicle,1,Monday,135,LANE CHANGE LEFT (NOT OVERTAKING),1,729145,Not at intersection,2,40,Arterial Other,HIGH,MELTON,-37.68565,144.59746,2020,2,February,10,Midday,Weekday
T20200003132,2020-02-10,13:27:00,4,Collision with a fixed object,1,Monday,173,RIGHT OFF CARRIAGEWAY INTO OBJECT/PARKED VEHICLE,1,646986,Not at intersection,2,100,Local Road,RAINBOW-YAAPEET,YARRIAMBIACK,-35.774048,142.0494,2020,2,February,13,Midday,Weekday
T20200003280,2020-02-10,16:10:00,1,Collision with vehicle,1,Monday,130,REAR END(VEHICLES IN SAME LANE),1,728909,Not at intersection,3,70,Arterial Highway,SPRINGVALE,WHITEHORSE,-37.858566,145.16893,2020,2,February,16,Afternoon Peak,Weekday
T20200003160,2020-02-10,19:05:00,1,Collision with vehicle,1,Monday,110,CROSS TRAFFIC(INTERSECTIONS ONLY),1,52003,Cross intersection,3,50,Local Road,KENT,WELLINGTON,-37.959328,146.98335,2020,2,February,19,Night,Weekday
T20200003161,2020-02-10,14:00:00,1,Collision with vehicle,1,Monday,160,VEHICLE COLLIDES WITH VEHICLE PARKED ON LEFT OF ROAD,1,61059,Not at intersection,3,60,Local Road,BRIDGEWATER,HUME,-37.604084,144.92906,2020,2,February,14,Midday,Weekday
T20200003108,2020-02-10,10:30:00,4,Collision with a fixed object,1,Monday,183,OFF LEFT BEND INTO OBJECT/PARKED VEHICLE,1,627406,Not at intersection,2,100,Arterial Highway,SOUTH GIPPSLAND,SOUTH GIPPSLAND,-38.59808,146.11728,2020,2,February,10,Midday,Weekday
T20200003107,2020-02-10,08:20:00,1,Collision with vehicle,1,Monday,137,LEFT TURN SIDESWIPE,1,36062,T intersection,3,60,Arterial Highway,RACECOURSE,MOONEE VALLEY,-37.78875,144.93605,2020,2,February,8,Morning Peak,Weekday
T20200003105,2020-02-10,11:15:00,1,Collision with vehicle,1,Monday,154,PULLING OUT -REAR END,1,651914,Not at intersection,2,60,Arterial Other,JASPER,GLEN EIRA,-37.919254,145.0416,2020,2,February,11,Midday,Weekday
T20200003139,2020-02-10,14:30:00,2,Struck Pedestrian,1,Monday,100,PED NEAR SIDE. PED HIT BY VEHICLE FROM THE RIGHT.,1,627407,Not at intersection,2,60,Arterial Other,SYNNOT,WYNDHAM,-37.903515,144.65999,2020,2,February,14,Midday,Weekday
T20200003103,2020-02-10,10:25:00,1,Collision with vehicle,1,Monday,130,REAR END(VEHICLES IN SAME LANE),1,661713,Not at intersection,3,100,Freeway,METROPOLITAN RING,WHITTLESEA,-37.69064,144.97449,2020,2,February,10,Midday,Weekday
T20200003099,2020-02-10,06:47:00,4,Collision with a fixed object,1,Monday,181,OFF RIGHT BEND INTO OBJECT/PARKED VEHICLE,2,651824,Not at intersection,2,60,Arterial Other,MOUNTAIN,YARRA RANGES,-37.862167,145.34201,2020,2,February,6,Morning Peak,Weekday
T20200003096,2020-02-10,07:15:00,4,Collision with a fixed object,1,Monday,173,RIGHT OFF CARRIAGEWAY INTO OBJECT/PARKED VEHICLE,1,354706,Cross intersection,2,60,Arterial Other,PRINCES,WYNDHAM,-37.89627,144.67523,2020,2,February,7,Morning Peak,Weekday
T20200003095,2020-02-10,08:35:00,4,Collision with a fixed object,1,Monday,183,OFF LEFT BEND INTO OBJECT/PARKED VEHICLE,1,662767,Not at intersection,2,100,Arterial Other,MAIN NEERIM,BAW BAW,-38.063454,145.93178,2020,2,February,8,Morning Peak,Weekday
T20200003091,2020-02-10,06:30:00,8,No collision and no object struck,1,Monday,174,OUT OF CONTROL ON CARRIAGEWAY (ON STRAIGHT),2,626762,Not at intersection,2,60,Arterial Other,BALACLAVA,GLEN EIRA,-37.870438,145.00684,2020,2,February,6,Morning Peak,Weekday
T20200003152,2020-02-10,15:50:00,2,Struck Pedestrian,1,Monday,102,FAR SIDE. PED HIT BY VEHICLE FROM THE LEFT,1,641288,Not at intersection,2,60,Local Road,KING,MANNINGHAM,-37.775085,145.16322,2020,2,February,15,Afternoon Peak,Weekday
T20200003084,2020-02-10,04:15:00,1,Collision with vehicle,1,Monday,135,LANE CHANGE LEFT (NOT OVERTAKING),3,729142,Not at intersection,2,100,Freeway,PRINCES,WYNDHAM,-37.84125,144.79192,2020,2,February,4,Late Night,Weekday
T20200003148,2020-02-10,15:35:00,1,Collision with vehicle,1,Monday,130,REAR END(VEHICLES IN SAME LANE),1,626765,Not at intersection,3,60,Arterial Other,ST HELENA,BANYULE,-37.69974,145.1132,2020,2,February,15,Afternoon Peak,Weekday
T20200003087,2020-02-10,06:00:00,1,Collision with vehicle,1,Monday,113,RIGHT NEAR (INTERSECTIONS ONLY),3,626761,T intersection,2,60,Arterial Other,YARRALUMLA,WODONGA,-36.141155,146.86241,2020,2,February,6,Morning Peak,Weekday
T20200003159,2020-02-10,18:38:00,1,Collision with vehicle,1,Monday,130,REAR END(VEHICLES IN SAME LANE),1,640769,Not at intersection,2,80,Arterial Highway,DANDENONG-HASTINGS,CASEY,-38.077312,145.23958,2020,2,February,18,Afternoon Peak,Weekday
T20200003156,2020-02-10,18:00:00,1,Collision with vehicle,1,Monday,121,RIGHT THROUGH,1,40763,T intersection,3,60,Arterial Other,BLACKBURN,WHITEHORSE,-37.854534,145.15161,2020,2,February,18,Afternoon Peak,Weekday
T20200003158,2020-02-10,18:30:00,1,Collision with vehicle,1,Monday,142,LEAVING PARKING,1,209480,Not at intersection,3,40,Local Road,LA TROBE,MELBOURNE,-37.810715,144.95999,2020,2,February,18,Afternoon Peak,Weekday
T20200003166,2020-02-10,16:10:00,4,Collision with a fixed object,1,Monday,175,OFF END OF ROAD/T-INTERSECTION.,1,663556,T intersection,3,50,Local Road,HINTON,MORNINGTON PENINSULA,-38.36862,144.89795,2020,2,February,16,Afternoon Peak,Weekday
T20200003165,2020-02-10,15:30:00,1,Collision with vehicle,1,Monday,121,RIGHT THROUGH,1,42680,T intersection,2,80,Arterial Other,WELLINGTON,YARRA RANGES,-37.961178,145.36115,2020,2,February,15,Afternoon Peak,Weekday
T20200003236,2020-02-10,05:00:00,1,Collision with vehicle,1,Monday,130,REAR END(VEHICLES IN SAME LANE),2,32692,Cross intersection,3,80,Arterial Highway,WELLINGTON,MONASH,-37.91869,145.15866,2020,2,February,5,Morning Peak,Weekday
T20200003219,2020-02-10,15:30:00,2,Struck Pedestrian,1,Monday,102,FAR SIDE. PED HIT BY VEHICLE FROM THE LEFT,1,36287,Cross intersection,2,50,Arterial Other,VICTORIA,MELBOURNE,-37.806816,144.96437,2020,2,February,15,Afternoon Peak,Weekday
T20200003179,2020-02-10,23:05:00,1,Collision with vehicle,1,Monday,130,REAR END(VEHICLES IN SAME LANE),5,642200,Not at intersection,3,100,Freeway,MONASH,DANDENONG,-37.954823,145.21846,2020,2,February,23,Night,Weekday
T20200003131,2020-02-10,12:10:00,4,Collision with a fixed object,1,Monday,171,LEFT OFF CARRIAGEWAY INTO OBJECT/PARKED VEHICLE,1,627730,Not at intersection,3,60,Arterial Other,MCDONALDS,WHITTLESEA,-37.64628,145.04361,2020,2,February,12,Midday,Weekday
T20200003130,2020-02-10,05:30:00,1,Collision with vehicle,1,Monday,130,REAR END(VEHICLES IN SAME LANE),2,668055,Not at intersection,3,80,Arterial Highway,WELLINGTON,KNOX,-37.925613,145.21394,2020,2,February,5,Morning Peak,Weekday
T20200003174,2020-02-10,18:35:00,1,Collision with vehicle,1,Monday,133,LANE SIDE SWIPE (VEHICLES IN PARALLEL LANES),1,647445,Not at intersection,2,60,Arterial Highway,BELL,DAREBIN,-37.744896,145.0004,2020,2,February,18,Afternoon Peak,Weekday
T20200003173,2020-02-10,20:00:00,1,Collision with vehicle,1,Monday,148,VEHICLE OFF FOOTPATH STRIKES VEH ON CARRIAGEWAY,2,38534,Cross intersection,3,60,Arterial Other,ANDERSON,BRIMBANK,-37.787975,144.82692,2020,2,February,20,Night,Weekday
T20200003128,2020-02-10,14:00:00,1,Collision with vehicle,1,Monday,113,RIGHT NEAR (INTERSECTIONS ONLY),1,628042,T intersection,3,50,Local Road,PATTERSON,MOORABOOL,-37.671455,144.43292,2020,2,February,14,Midday,Weekday
T20200003124,2020-02-10,13:41:00,1,Collision with vehicle,1,Monday,140,U TURN,1,226344,Not at intersection,3,70,Arterial Highway,BURWOOD,WHITEHORSE,-37.853844,145.15973,2020,2,February,13,Midday,Weekday
T20200003151,2020-02-10,16:35:00,1,Collision with vehicle,1,Monday,140,U TURN,1,635710,Not at intersection,2,100,Arterial Other,MAFFRA-BRIAGOLONG,WELLINGTON,-37.936558,146.99068,2020,2,February,16,Afternoon Peak,Weekday
T20200003228,2020-02-10,11:20:00,1,Collision with vehicle,1,Monday,110,CROSS TRAFFIC(INTERSECTIONS ONLY),1,29912,Cross intersection,3,40,Local Road,FRANCIS,MONASH,-37.92589,145.12524,2020,2,February,11,Midday,Weekday
T20200003123,2020-02-10,11:00:00,4,Collision with a fixed object,1,Monday,181,OFF RIGHT BEND INTO OBJECT/PARKED VEHICLE,1,663108,Not at intersection,3,100,Arterial Highway,MURRAY VALLEY,TOWONG,-36.148586,147.46606,2020,2,February,11,Midday,Weekday
T20200003121,2020-02-10,11:00:00,1,Collision with vehicle,1,Monday,110,CROSS TRAFFIC(INTERSECTIONS ONLY),1,626764,Cross intersection,2,100,Local Road,YARRAWALLA SOUTH,LODDON,-36.178036,144.03209,2020,2,February,11,Midday,Weekday
T20200003193,2020-02-11,09:42:00,4,Collision with a fixed object,2,Tuesday,171,LEFT OFF CARRIAGEWAY INTO OBJECT/PARKED VEHICLE,1,627094,Not at intersection,3,100,Freeway,CALDER,MOONEE VALLEY,-37.73103,144.87598,2020,2,February,9,Morning Peak,Weekday
T20200003240,2020-02-11,06:45:00,1,Collision with vehicle,2,Tuesday,163,VEHICLE STRIKES DOOR OF PARKED/STATIONARY VEHICLE,2,640173,Not at intersection,2,60,Arterial Other,ST KILDA,PORT PHILLIP,-37.85087,144.98088,2020,2,February,6,Morning Peak,Weekday
T20200003241,2020-02-11,14:47:00,5,collision with some other object,2,Tuesday,166,STRUCK OBJECT ON CARRIAGEWAY,1,627412,Not at intersection,3,80,Local Road,KONAGADERRA,HUME,-37.50179,144.77022,2020,2,February,14,Midday,Weekday
T20200003247,2020-02-11,17:30:00,1,Collision with vehicle,2,Tuesday,121,RIGHT THROUGH,1,627732,T intersection,3,50,Local Road,ALBERT HILL,YARRA RANGES,-37.755585,145.34036,2020,2,February,17,Afternoon Peak,Weekday
T20200003237,2020-02-11,16:00:00,1,Collision with vehicle,2,Tuesday,132,RIGHT REAR.,1,43979,T intersection,3,80,Arterial Highway,NEPEAN,MORNINGTON PENINSULA,-38.26484,145.03732,2020,2,February,16,Afternoon Peak,Weekday
T20200003187,2020-02-11,07:50:00,1,Collision with vehicle,2,Tuesday,134,LANE CHANGE RIGHT (NOT OVERTAKING),1,627408,Not at intersection,2,60,Local Road,BONNYVALE,GEELONG,-38.26166,144.55594,2020,2,February,7,Morning Peak,Weekday
T20200003186,2020-02-11,07:43:00,1,Collision with vehicle,2,Tuesday,121,RIGHT THROUGH,1,45413,T intersection,2,60,Arterial Other,PASCOE VALE,MOONEE VALLEY,-37.759914,144.92615,2020,2,February,7,Morning Peak,Weekday
T20200003249,2020-02-11,20:45:00,2,Struck Pedestrian,2,Tuesday,100,PED NEAR SIDE. PED HIT BY VEHICLE FROM THE RIGHT.,3,44341,T intersection,2,60,Local Road,COTTRELL,WYNDHAM,-37.8974,144.66022,2020,2,February,20,Night,Weekday
T20200005419,2020-02-11,10:15:00,1,Collision with vehicle,2,Tuesday,110,CROSS TRAFFIC(INTERSECTIONS ONLY),1,60861,Cross intersection,3,60,Local Road,DANA,BALLARAT,-37.563313,143.84999,2020,2,February,10,Midday,Weekday
T20200003182,2020-02-11,07:27:00,6,Vehicle overturned (no collision),2,Tuesday,174,OUT OF CONTROL ON CARRIAGEWAY (ON STRAIGHT),1,627093,Not at intersection,2,50,Local Road,SOMERLEIGH,BANYULE,-37.696587,145.11105,2020,2,February,7,Morning Peak,Weekday
T20200003230,2020-02-11,15:15:00,1,Collision with vehicle,2,Tuesday,130,REAR END(VEHICLES IN SAME LANE),1,631878,Not at intersection,3,60,Arterial Highway,KINGS,PORT PHILLIP,-37.833,144.9672,2020,2,February,15,Afternoon Peak,Weekday
T20200004445,2020-02-11,17:30:00,1,Collision with vehicle,2,Tuesday,110,CROSS TRAFFIC(INTERSECTIONS ONLY),2,52912,Cross intersection,3,60,Local Road,EUREKA,BALLARAT,-37.567013,143.89404,2020,2,February,17,Afternoon Peak,Weekday
T20200003294,2020-02-11,15:15:00,1,Collision with vehicle,2,Tuesday,173,RIGHT OFF CARRIAGEWAY INTO OBJECT/PARKED VEHICLE,1,748705,Not at intersection,2,60,Local Road,COULSTOCK,WARRNAMBOOL,-38.383125,142.49846,2020,2,February,15,Afternoon Peak,Weekday
T20200003178,2020-02-11,02:00:00,4,Collision with a fixed object,2,Tuesday,173,RIGHT OFF CARRIAGEWAY INTO OBJECT/PARKED VEHICLE,3,658102,Not at intersection,2,50,Local Road,MCGREGORS,WARRNAMBOOL,-38.380318,142.51328,2020,2,February,2,Late Night,Weekday
T20200003216,2020-02-11,09:20:00,4,Collision with a fixed object,2,Tuesday,181,OFF RIGHT BEND INTO OBJECT/PARKED VEHICLE,1,651192,Not at intersection,2,100,Arterial Other,DARTMOOR-HAMILTON,SOUTHERN GRAMPIANS,-37.74451,141.98462,2020,2,February,9,Morning Peak,Weekday
T20200003195,2020-02-11,10:40:00,4,Collision with a fixed object,2,Tuesday,171,LEFT OFF CARRIAGEWAY INTO OBJECT/PARKED VEHICLE,1,663563,Not at intersection,3,60,Local Road,LOUGHNAN,MAROONDAH,-37.805008,145.22914,2020,2,February,10,Midday,Weekday
T20200003271,2020-02-11,20:46:00,1,Collision with vehicle,2,Tuesday,121,RIGHT THROUGH,3,55183,T intersection,2,70,Arterial Highway,SURF COAST,GEELONG,-38.206413,144.34024,2020,2,February,20,Night,Weekday
T20200003223,2020-02-11,12:30:00,1,Collision with vehicle,2,Tuesday,130,REAR END(VEHICLES IN SAME LANE),1,729147,Not at intersection,3,80,Arterial Other,CLYDE,CASEY,-38.05979,145.33849,2020,2,February,12,Midday,Weekday