ACCIDENT_NO,ACCIDENT_DATE,ACCIDENT_TIME,ACCIDENT_TYPE,ACCIDENT_TYPE_DESC,DAY_OF_WEEK,DAY_WEEK_DESC,DCA_CODE,DCA_DESC,LIGHT_CONDITION,NODE_ID,ROAD_GEOMETRY_DESC,SEVERITY,SPEED_ZONE,RMA,ROAD_NAME,LGA_NAME,LATITUDE,LONGITUDE,YEAR,MONTH,MONTH_NAME,HOUR,TIME_PERIOD,DAY_TYPE
T20200003257,2020-02-11,22:20:00,4,Collision with a fixed object,2,Tuesday,171,LEFT OFF CARRIAGEWAY INTO OBJECT/PARKED VEHICLE,5,631228,Not at intersection,3,100,Local Road,BARANDUDA,WODONGA,-36.170357,146.9206,2020,2,February,22,Night,Weekday
T20200003409,2020-02-11,14:00:00,1,Collision with vehicle,2,Tuesday,132,RIGHT REAR.,1,307508,T intersection,3,50,Arterial Other,GEELONG,MARIBYRNONG,-37.80216,144.88148,2020,2,February,14,Midday,Weekday
T20200004019,2020-02-11,13:15:00,1,Collision with vehicle,2,Tuesday,132,RIGHT REAR.,1,36457,T intersection,3,60,Arterial Other,COOPER,WHITTLESEA,-37.65219,145.02678,2020,2,February,13,Midday,Weekday
T20200003269,2020-02-11,22:40:00,1,Collision with vehicle,2,Tuesday,160,VEHICLE COLLIDES WITH VEHICLE PARKED ON LEFT OF ROAD,6,638764,Not at intersection,3,50,Local Road,LAKE,WHITEHORSE,-37.83059,145.16661,2020,2,February,22,Night,Weekday
T20200007234,2020-02-11,16:00:00,1,Collision with vehicle,2,Tuesday,160,VEHICLE COLLIDES WITH VEHICLE PARKED ON LEFT OF ROAD,1,668316,Not at intersection,3,60,Local Road,BRADY,DANDENONG,-37.954033,145.21243,2020,2,February,16,Afternoon Peak,Weekday
T20200003255,2020-02-11,19:16:00,1,Collision with vehicle,2,Tuesday,130,REAR END(VEHICLES IN SAME LANE),1,628046,Cross intersection,3,60,Arterial Other,HIGH,DAREBIN,-37.78109,144.99667,2020,2,February,19,Night,Weekday
T20200007993,2020-02-11,21:50:00,4,Collision with a fixed object,2,Tuesday,173,RIGHT OFF CARRIAGEWAY INTO OBJECT/PARKED VEHICLE,3,729228,Not at intersection,2,80,Arterial Highway,DANDENONG,GLEN EIRA,-37.868362,145.03177,2020,2,February,21,Night,Weekday
T20200003200,2020-02-11,11:11:00,1,Collision with vehicle,2,Tuesday,121,RIGHT THROUGH,1,36576,Cross intersection,2,60,Arterial Other,VICTORIA,YARRA,-37.808727,144.98259,2020,2,February,11,Midday,Weekday
T20200003357,2020-02-11,10:05:00,2,Struck Pedestrian,2,Tuesday,102,FAR SIDE. PED HIT BY VEHICLE FROM THE LEFT,1,632811,Not at intersection,3,50,Arterial Other,NORTH,HOBSONS BAY,-37.844612,144.88496,2020,2,February,10,Midday,Weekday
T20200003358,2020-02-11,15:30:00,1,Collision with vehicle,2,Tuesday,116,LEFT NEAR (INTERSECTIONS ONLY),1,52058,Cross intersection,3,60,Local Road,LANSDOWNE,WELLINGTON,-38.10488,147.0767,2020,2,February,15,Afternoon Peak,Weekday
T20200003252,2020-02-11,18:00:00,1,Collision with vehicle,2,Tuesday,139,OTHER SAME DIRECTION-MANOUEVRES NOT INCLUDED IN DCAs 130-137,1,663824,Not at intersection,3,60,Local Road,GLENROY,MORELAND,-37.70627,144.92831,2020,2,February,18,Afternoon Peak,Weekday
T20200003192,2020-02-11,08:50:00,4,Collision with a fixed object,2,Tuesday,173,RIGHT OFF CARRIAGEWAY INTO OBJECT/PARKED VEHICLE,1,663304,Not at intersection,3,60,Local Road,SKYE,FRANKSTON,-38.132885,145.14182,2020,2,February,8,Morning Peak,Weekday
T20200003190,2020-02-11,09:50:00,1,Collision with vehicle,2,Tuesday,130,REAR END(VEHICLES IN SAME LANE),1,628044,Cross intersection,3,50,Arterial Highway,POINT NEPEAN,MORNINGTON PENINSULA,-38.35428,144.90901,2020,2,February,9,Morning Peak,Weekday
T20200003202,2020-02-11,06:25:00,2,Struck Pedestrian,2,Tuesday,100,PED NEAR SIDE. PED HIT BY VEHICLE FROM THE RIGHT.,3,627731,Cross intersection,3,40,Local Road,QUEEN,MELBOURNE,-37.812935,144.95976,2020,2,February,6,Morning Peak,Weekday
T20200003309,2020-02-12,12:50:00,4,Collision with a fixed object,3,Wednesday,173,RIGHT OFF CARRIAGEWAY INTO OBJECT/PARKED VEHICLE,1,780559,Not at intersection,3,60,Arterial Other,MICKLEHAM,HUME,-37.69807,144.88051,2020,2,February,12,Midday,Weekday
T20200003300,2020-02-12,06:50:00,4,Collision with a fixed object,3,Wednesday,171,LEFT OFF CARRIAGEWAY INTO OBJECT/PARKED VEHICLE,1,668057,Not at intersection,3,80,Local Road,BOES,MORNINGTON PENINSULA,-38.262432,145.16693,2020,2,February,6,Morning Peak,Weekday
T20200003291,2020-02-12,11:27:00,1,Collision with vehicle,3,Wednesday,163,VEHICLE STRIKES DOOR OF PARKED/STATIONARY VEHICLE,1,627417,Not at intersection,2,60,Arterial Other,BALACLAVA,GLEN EIRA,-37.871555,145.01576,2020,2,February,11,Midday,Weekday
T20200003286,2020-02-12,10:19:00,4,Collision with a fixed object,3,Wednesday,175,OFF END OF ROAD/T-INTERSECTION.,1,657070,T intersection,1,80,Freeway,PRINCES IN-MONASH,LATROBE,-38.2462,146.42625,2020,2,February,10,Midday,Weekday
T20200003283,2020-02-12,08:10:00,6,Vehicle overturned (no collision),3,Wednesday,170,OFF CARRIAGEWAY TO LEFT,1,636127,Not at intersection,3,100,Arterial Other,WARRACKNABEAL-RAINBOW,YARRIAMBIACK,-35.99788,142.18617,2020,2,February,8,Morning Peak,Weekday
T20200003281,2020-02-12,08:22:00,2,Struck Pedestrian,3,Wednesday,100,PED NEAR SIDE. PED HIT BY VEHICLE FROM THE RIGHT.,1,627416,Not at intersection,3,50,Local Road,KIDDS,CASEY,-37.98708,145.23392,2020,2,February,8,Morning Peak,Weekday
T20200003275,2020-02-12,07:45:00,1,Collision with vehicle,3,Wednesday,135,LANE CHANGE LEFT (NOT OVERTAKING),1,627415,T intersection,2,80,Arterial Highway,NEPEAN,BAYSIDE,-37.907654,145.0099,2020,2,February,7,Morning Peak,Weekday
T20200003274,2020-02-12,07:50:00,1,Collision with vehicle,3,Wednesday,130,REAR END(VEHICLES IN SAME LANE),1,659143,Cross intersection,3,60,Arterial Other,HIGHBURY,MONASH,-37.857574,145.13155,2020,2,February,7,Morning Peak,Weekday
T20200003273,2020-02-12,05:35:00,1,Collision with vehicle,3,Wednesday,113,RIGHT NEAR (INTERSECTIONS ONLY),2,640322,T intersection,2,60,Local Road,AITKEN,HUME,-37.58166,144.91483,2020,2,February,5,Morning Peak,Weekday
T20200003495,2020-02-12,17:15:00,1,Collision with vehicle,3,Wednesday,130,REAR END(VEHICLES IN SAME LANE),1,628054,Not at intersection,3,80,Arterial Highway,DANDENONG,DANDENONG,-38.00102,145.19035,2020,2,February,17,Afternoon Peak,Weekday
T20200004062,2020-02-12,08:20:00,1,Collision with vehicle,3,Wednesday,130,REAR END(VEHICLES IN SAME LANE),1,631560,Not at intersection,3,60,Local Road,POWER,CASEY,-37.974033,145.24207,2020,2,February,8,Morning Peak,Weekday
T20200004415,2020-02-12,15:00:00,1,Collision with vehicle,3,Wednesday,131,LEFT REAR,1,635723,T intersection,3,70,Local Road,BALFOUR,BAW BAW,-38.141167,145.87077,2020,2,February,15,Afternoon Peak,Weekday
T20200003895,2020-02-12,11:00:00,5,collision with some other object,3,Wednesday,166,STRUCK OBJECT ON CARRIAGEWAY,1,629338,Not at intersection,3,80,Local Road,OLD MOOROODUC,MORNINGTON PENINSULA,-38.306976,145.03561,2020,2,February,11,Midday,Weekday
T20200003488,2020-02-12,13:50:00,1,Collision with vehicle,3,Wednesday,121,RIGHT THROUGH,1,1021,T intersection,3,50,Local Road,CRAMER,DAREBIN,-37.74002,145.00003,2020,2,February,13,Midday,Weekday
T20200003894,2020-02-12,06:50:00,1,Collision with vehicle,3,Wednesday,163,VEHICLE STRIKES DOOR OF PARKED/STATIONARY VEHICLE,2,642202,Not at intersection,2,60,Arterial Other,GORDON,MARIBYRNONG,-37.787926,144.89012,2020,2,February,6,Morning Peak,Weekday
T20200003765,2020-02-12,09:00:00,1,Collision with vehicle,3,Wednesday,130,REAR END(VEHICLES IN SAME LANE),1,776832,Not at intersection,3,80,Arterial Other,PRINCES,CARDINIA,-38.061253,145.41508,2020,2,February,9,Morning Peak,Weekday
T20200003379,2020-02-12,17:45:00,1,Collision with vehicle,3,Wednesday,113,RIGHT NEAR (INTERSECTIONS ONLY),1,628986,T intersection,3,60,Local Road,CALDER PARK,BRIMBANK,-37.703827,144.75664,2020,2,February,17,Afternoon Peak,Weekday
T20200003307,2020-02-12,13:58:00,1,Collision with vehicle,3,Wednesday,130,REAR END(VEHICLES IN SAME LANE),1,645076,Not at intersection,2,70,Arterial Other,LYSTERFIELD,YARRA RANGES,-37.9229,145.30264,2020,2,February,13,Midday,Weekday
T20200003509,2020-02-12,18:30:00,1,Collision with vehicle,3,Wednesday,120,HEAD ON (NOT OVERTAKING),9,631880,Not at intersection,3,50,Local Road,BOATHOUSE,BOROONDARA,-37.800945,145.01118,2020,2,February,18,Afternoon Peak,Weekday
T20200003268,2020-02-12,01:50:00,4,Collision with a fixed object,3,Wednesday,181,OFF RIGHT BEND INTO OBJECT/PARKED VEHICLE,5,656412,Not at intersection,2,60,Arterial Other,MACARTHUR,MELBOURNE,-37.78822,144.95535,2020,2,February,1,Late Night,Weekday
T20200005071,2020-02-12,08:02:00,1,Collision with vehicle,3,Wednesday,147,VEHICLE STRIKES ANOTHER VEH WHILE EMERGING FROM DRIVEWAY,1,663266,Not at intersection,3,50,Local Road,CAMPBELL,GLEN EIRA,-37.91918,145.0328,2020,2,February,8,Morning Peak,Weekday
T20200005255,2020-02-12,12:30:00,1,Collision with vehicle,3,Wednesday,113,RIGHT NEAR (INTERSECTIONS ONLY),1,644429,Cross intersection,3,50,Local Road,WESTFIELD,MOONEE VALLEY,-37.713715,144.88368,2020,2,February,12,Midday,Weekday
T20200008065,2020-02-12,17:40:00,1,Collision with vehicle,3,Wednesday,121,RIGHT THROUGH,1,649693,T intersection,2,60,Local Road,SAILORS GULLY,BENDIGO,-36.707207,144.22115,2020,2,February,17,Afternoon Peak,Weekday
T20200003563,2020-02-12,20:35:00,1,Collision with vehicle,3,Wednesday,121,RIGHT THROUGH,3,70435,T intersection,3,80,Arterial Highway,NEPEAN,KINGSTON,-37.97673,145.06668,2020,2,February,20,Night,Weekday
T20200003368,2020-02-12,16:05:00,1,Collision with vehicle,3,Wednesday,130,REAR END(VEHICLES IN SAME LANE),1,54677,T intersection,2,70,Arterial Other,BALLARAT,BRIMBANK,-37.77085,144.79004,2020,2,February,16,Afternoon Peak,Weekday
T20200003350,2020-02-12,06:00:00,2,Struck Pedestrian,3,Wednesday,102,FAR SIDE. PED HIT BY VEHICLE FROM THE LEFT,2,631879,Not at intersection,2,60,Local Road,VERNEY,SHEPPARTON,-36.358917,145.41579,2020,2,February,6,Morning Peak,Weekday
T20200003349,2020-02-12,05:40:00,1,Collision with vehicle,3,Wednesday,160,VEHICLE COLLIDES WITH VEHICLE PARKED ON LEFT OF ROAD,6,629650,Not at intersection,2,50,Local Road,BROOKLYN,MELTON,-37.700195,144.55188,2020,2,February,5,Morning Peak,Weekday
T20200003342,2020-02-12,15:50:00,4,Collision with a fixed object,3,Wednesday,171,LEFT OFF CARRIAGEWAY INTO OBJECT/PARKED VEHICLE,1,640807,Not at intersection,2,60,Arterial Other,STATION,BRIMBANK,-37.753242,144.77782,2020,2,February,15,Afternoon Peak,Weekday
T20200003341,2020-02-12,15:15:00,1,Collision with vehicle,3,Wednesday,130,REAR END(VEHICLES IN SAME LANE),1,628985,Not at intersection,3,80,Arterial Highway,WHITEHORSE,WHITEHORSE,-37.81647,145.20503,2020,2,February,15,Afternoon Peak,Weekday
T20200003337,2020-02-12,17:30:00,1,Collision with vehicle,3,Wednesday,140,U TURN,1,627737,Not at intersection,3,60,Local Road,HOWITT,BALLARAT,-37.543518,143.85866,2020,2,February,17,Afternoon Peak,Weekday
T20200003336,2020-02-12,16:00:00,1,Collision with vehicle,3,Wednesday,169,OTHER ON PATH,1,628346,Not at intersection,2,50,Local Road,GRAND,HUME,-37.570827,144.9033,2020,2,February,16,Afternoon Peak,Weekday
T20200003334,2020-02-12,14:05:00,1,Collision with vehicle,3,Wednesday,132,RIGHT REAR.,1,50066,Cross intersection,2,60,Arterial Other,FYANS,GEELONG,-38.163113,144.35913,2020,2,February,14,Midday,Weekday
T20200003328,2020-02-12,16:50:00,1,Collision with vehicle,3,Wednesday,147,VEHICLE STRIKES ANOTHER VEH WHILE EMERGING FROM DRIVEWAY,1,627419,Not at intersection,3,60,Local Road,OLD DOOKIE,SHEPPARTON,-36.37758,145.41891,2020,2,February,16,Afternoon Peak,Weekday
T20200003327,2020-02-12,16:00:00,1,Collision with vehicle,3,Wednesday,130,REAR END(VEHICLES IN SAME LANE),1,37598,T intersection,3,60,Arterial Other,HIGH,WHITTLESEA,-37.672024,145.0154,2020,2,February,16,Afternoon Peak,Weekday
T20200003324,2020-02-12,14:00:00,6,Vehicle overturned (no collision),3,Wednesday,182,OFF CARRIAGEWAY ON LEFT BEND,1,635712,Not at intersection,3,100,Local Road,CENTRE,MOIRA,-36.039974,145.22165,2020,2,February,14,Midday,Weekday
T20200003317,2020-02-12,12:05:00,4,Collision with a fixed object,3,Wednesday,181,OFF RIGHT BEND INTO OBJECT/PARKED VEHICLE,1,646987,Not at intersection,2,100,Local Road,MILL,BASS COAST,-38.530884,145.54877,2020,2,February,12,Midday,Weekday
T20200003312,2020-02-12,13:45:00,6,Vehicle overturned (no collision),3,Wednesday,180,OFF CARRIAGEWAY ON RIGHT BEND,1,654935,Not at intersection,2,60,Local Road,FLAXMILL,COLAC OTWAY,-38.326492,143.60847,2020,2,February,13,Midday,Weekday
T20200003447,2020-02-13,22:13:00,1,Collision with vehicle,4,Thursday,163,VEHICLE STRIKES DOOR OF PARKED/STATIONARY VEHICLE,3,729150,Cross intersection,2,60,Arterial Other,SAYERS,WYNDHAM,-37.85054,144.70642,2020,2,February,22,Night,Weekday
T20200003607,2020-02-13,21:58:00,1,Collision with vehicle,4,Thursday,130,REAR END(VEHICLES IN SAME LANE),5,628355,Not at intersection,3,100,Freeway,PENINSULA LINK,MORNINGTON PENINSULA,-38.215977,145.12947,2020,2,February,21,Night,Weekday
T20200003371,2020-02-13,08:57:00,1,Collision with vehicle,4,Thursday,130,REAR END(VEHICLES IN SAME LANE),1,628048,Not at intersection,3,100,Freeway,WESTERN RING,BRIMBANK,-37.781685,144.7915,2020,2,February,8,Morning Peak,Weekday
T20200003370,2020-02-13,08:49:00,4,Collision with a fixed object,4,Thursday,181,OFF RIGHT BEND INTO OBJECT/PARKED VEHICLE,1,28560,Not at intersection,3,60,Arterial Other,SYDNEY,MORELAND,-37.73026,144.96376,2020,2,February,8,Morning Peak,Weekday
T20200006099,2020-02-13,11:30:00,1,Collision with vehicle,4,Thursday,160,VEHICLE COLLIDES WITH VEHICLE PARKED ON LEFT OF ROAD,1,40748,T intersection,3,60,Arterial Other,CANTERBURY,WHITEHORSE,-37.831795,145.14774,2020,2,February,11,Midday,Weekday
T20200003380,2020-02-13,10:30:00,4,Collision with a fixed object,4,Thursday,171,LEFT OFF CARRIAGEWAY INTO OBJECT/PARKED VEHICLE,1,692262,Not at intersection,3,100,Arterial Other,NATIMUK-FRANCES,HORSHAM,-36.740227,141.83496,2020,2,February,10,Midday,Weekday
T20200004322,2020-02-13,12:11:00,8,No collision and no object struck,4,Thursday,174,OUT OF CONTROL ON CARRIAGEWAY (ON STRAIGHT),1,65852,Cross intersection,2,40,Arterial Other,CHURCH,YARRA,-37.813248,145.00015,2020,2,February,12,Midday,Weekday
T20200003793,2020-02-13,17:45:00,1,Collision with vehicle,4,Thursday,110,CROSS TRAFFIC(INTERSECTIONS ONLY),1,45046,Cross intersection,2,60,Local Road,LIDDIARD,LATROBE,-38.20213,146.55115,2020,2,February,17,Afternoon Peak,Weekday
T20200003566,2020-02-13,14:50:00,1,Collision with vehicle,4,Thursday,130,REAR END(VEHICLES IN SAME LANE),1,644111,Not at intersection,3,60,Arterial Other,OLD GEELONG,WYNDHAM,-37.87599,144.71579,2020,2,February,14,Midday,Weekday
T20200004514,2020-02-13,16:37:00,1,Collision with vehicle,4,Thursday,130,REAR END(VEHICLES IN SAME LANE),1,661790,Not at intersection,3,60,Arterial Other,HEATHS,WYNDHAM,-37.880043,144.651,2020,2,February,16,Afternoon Peak,Weekday
T20200003442,2020-02-13,08:00:00,1,Collision with vehicle,4,Thursday,148,VEHICLE OFF FOOTPATH STRIKES VEH ON CARRIAGEWAY,1,628987,T intersection,3,50,Local Road,ALVA,MORELAND,-37.74107,144.97464,2020,2,February,8,Morning Peak,Weekday
T20200003443,2020-02-13,21:15:00,1,Collision with vehicle,4,Thursday,169,OTHER ON PATH,3,773451,Not at intersection,3,50,Local Road,SOMERS,BRIMBANK,-37.764126,144.84515,2020,2,February,21,Night,Weekday
T20200003433,2020-02-13,16:47:00,4,Collision with a fixed object,4,Thursday,181,OFF RIGHT BEND INTO OBJECT/PARKED VEHICLE,1,662768,Not at intersection,3,100,Local Road,COTTLES BRIDGE-STRATHEWEN,NILLUMBIK,-37.566734,145.238,2020,2,February,16,Afternoon Peak,Weekday
T20200003448,2020-02-13,17:27:00,6,Vehicle overturned (no collision),4,Thursday,182,OFF CARRIAGEWAY ON LEFT BEND,1,627571,Not at intersection,1,100,Arterial Other,MACARTHUR-PENSHURST,MOYNE,-37.962635,142.0743,2020,2,February,17,Afternoon Peak,Weekday
T20200003450,2020-02-13,23:00:00,1,Collision with vehicle,4,Thursday,169,OTHER ON PATH,3,100342,Not at intersection,2,60,Arterial Other,JACKSONS,DANDENONG,-37.95163,145.19142,2020,2,February,23,Night,Weekday
T20200003391,2020-02-13,12:30:00,4,Collision with a fixed object,4,Thursday,171,LEFT OFF CARRIAGEWAY INTO OBJECT/PARKED VEHICLE,1,651169,Not at intersection,3,80,Arterial Other,SYDNEY,HUME,-37.64543,144.9518,2020,2,February,12,Midday,Weekday
T20200004146,2020-02-13,11:10:00,1,Collision with vehicle,4,Thursday,130,REAR END(VEHICLES IN SAME LANE),1,307924,T intersection,3,80,Arterial Highway,HIGH,BENDIGO,-36.810192,144.24037,2020,2,February,11,Midday,Weekday
T20200003365,2020-02-13,07:30:00,1,Collision with vehicle,4,Thursday,130,REAR END(VEHICLES IN SAME LANE),1,628047,Not at intersection,2,100,Freeway,EASTERN,WHITEHORSE,-37.8004,145.15117,2020,2,February,7,Morning Peak,Weekday
T20200005652,2020-02-13,08:50:00,1,Collision with vehicle,4,Thursday,130,REAR END(VEHICLES IN SAME LANE),1,41309,T intersection,3,50,Local Road,LLOYD,MOONEE VALLEY,-37.73587,144.91916,2020,2,February,8,Morning Peak,Weekday
T20200003393,2020-02-13,13:06:00,1,Collision with vehicle,4,Thursday,113,RIGHT NEAR (INTERSECTIONS ONLY),1,628049,T intersection,3,60,Local Road,HIGHPARK,WHITTLESEA,-37.61526,145.01959,2020,2,February,13,Midday,Weekday
T20200003718,2020-02-13,18:18:00,1,Collision with vehicle,4,Thursday,120,HEAD ON (NOT OVERTAKING),1,630612,Not at intersection,2,60,Arterial Other,PALMERS,WYNDHAM,-37.83018,144.74826,2020,2,February,18,Afternoon Peak,Weekday
T20200003574,2020-02-13,08:30:00,1,Collision with vehicle,4,Thursday,110,CROSS TRAFFIC(INTERSECTIONS ONLY),1,50851,Cross intersection,3,50,Local Road,BRENION,MOIRA,-36.093636,145.44232,2020,2,February,8,Morning Peak,Weekday
T20200003527,2020-02-13,19:15:00,1,Collision with vehicle,4,Thursday,130,REAR END(VEHICLES IN SAME LANE),1,636128,Cross intersection,3,60,Arterial Other,ALEXANDRA,STONNINGTON,-37.834812,144.99649,2020,2,February,19,Night,Weekday
T20200003398,2020-02-13,08:30:00,8,No collision and no object struck,4,Thursday,174,OUT OF CONTROL ON CARRIAGEWAY (ON STRAIGHT),1,627739,Not at intersection,3,60,Local Road,BARKLY,MARIBYRNONG,-37.79723,144.87569,2020,2,February,8,Morning Peak,Weekday
T20200003888,2020-02-13,08:00:00,1,Collision with vehicle,4,Thursday,131,LEFT REAR,1,48307,T intersection,3,60,Arterial Other,SOMERTON,HUME,-37.639523,144.92015,2020,2,February,8,Morning Peak,Weekday
T20200003411,2020-02-13,15:15:00,1,Collision with vehicle,4,Thursday,121,RIGHT THROUGH,1,45547,Cross intersection,3,60,Arterial Other,MELVILLE,MORELAND,-37.75867,144.94485,2020,2,February,15,Afternoon Peak,Weekday
T20200003373,2020-02-13,08:33:00,1,Collision with vehicle,4,Thursday,110,CROSS TRAFFIC(INTERSECTIONS ONLY),1,42203,Cross intersection,3,60,Arterial Other,CENTRE,GLEN EIRA,-37.920105,145.05095,2020,2,February,8,Morning Peak,Weekday
T20200004695,2020-02-13,13:51:00,1,Collision with vehicle,4,Thursday,130,REAR END(VEHICLES IN SAME LANE),1,638114,Not at intersection,3,60,Arterial Other,DALTON,WHITTLESEA,-37.68265,145.02965,2020,2,February,13,Midday,Weekday
T20200007345,2020-02-13,19:00:00,8,No collision and no object struck,4,Thursday,170,OFF CARRIAGEWAY TO LEFT,2,65565,T intersection,3,40,Local Road,BRISTOW,MARIBYRNONG,-37.80643,144.89836,2020,2,February,19,Night,Weekday
T20200003412,2020-02-13,16:20:00,1,Collision with vehicle,4,Thursday,140,U TURN,1,44459,Cross intersection,3,70,Arterial Highway,SETTLEMENT,GEELONG,-38.18178,144.34778,2020,2,February,16,Afternoon Peak,Weekday
T20200003417,2020-02-13,15:35:00,1,Collision with vehicle,4,Thursday,113,RIGHT NEAR (INTERSECTIONS ONLY),1,1015,Cross intersection,2,70,Arterial Other,CLYDE,CASEY,-38.05993,145.33846,2020,2,February,15,Afternoon Peak,Weekday
T20200004008,2020-02-13,15:34:00,1,Collision with vehicle,4,Thursday,121,RIGHT THROUGH,1,57050,T intersection,3,70,Local Road,MCGREGOR,CARDINIA,-38.083588,145.4727,2020,2,February,15,Afternoon Peak,Weekday
T20200003419,2020-02-13,15:57:00,1,Collision with vehicle,4,Thursday,130,REAR END(VEHICLES IN SAME LANE),1,637785,Not at intersection,2,80,Arterial Other,PRINCES,CARDINIA,-38.056057,145.38838,2020,2,February,15,Afternoon Peak,Weekday
T20200003420,2020-02-13,17:00:00,1,Collision with vehicle,4,Thursday,140,U TURN,1,663285,Not at intersection,3,80,Arterial Highway,DANDENONG,MONASH,-37.91895,145.13426,2020,2,February,17,Afternoon Peak,Weekday
T20200003423,2020-02-13,15:00:00,1,Collision with vehicle,4,Thursday,121,RIGHT THROUGH,1,256242,Cross intersection,3,50,Arterial Other,ADELAIDE,BRIMBANK,-37.776302,144.82037,2020,2,February,15,Afternoon Peak,Weekday
T20200003428,2020-02-13,16:20:00,2,Struck Pedestrian,4,Thursday,101,PED EMERGES FROM IN FRONT OF PARKED OR STATIONARY VEHICLE,1,628051,Not at intersection,3,60,Local Road,FURLONG,BRIMBANK,-37.76008,144.8098,2020,2,February,16,Afternoon Peak,Weekday
T20200003375,2020-02-13,07:23:00,1,Collision with vehicle,4,Thursday,130,REAR END(VEHICLES IN SAME LANE),1,728910,Not at intersection,3,40,Arterial Highway,DANDENONG,STONNINGTON,-37.857998,144.995,2020,2,February,7,Morning Peak,Weekday
T20200003429,2020-02-13,15:30:00,4,Collision with a fixed object,4,Thursday,171,LEFT OFF CARRIAGEWAY INTO OBJECT/PARKED VEHICLE,1,635714,Cross intersection,2,100,Arterial Other,TRARALGON-MAFFRA,WELLINGTON,-37.9911,146.88625,2020,2,February,15,Afternoon Peak,Weekday
T20200003377,2020-02-13,09:05:00,2,Struck Pedestrian,4,Thursday,103,PED PLAYING/LYING/WORKING/STANDING ON CARRIAGEWAY.,1,51450,Cross intersection,3,40,Arterial Other,EDIS,CAMPASPE,-36.308094,145.0496,2020,2,February,9,Morning Peak,Weekday
T20200003902,2020-02-13,15:03:00,1,Collision with vehicle,4,Thursday,130,REAR END(VEHICLES IN SAME LANE),1,629658,Unknown,3,80,Arterial Other,WESTALL,DANDENONG,-37.95183,145.13808,2020,2,February,15,Afternoon Peak,Weekday
T20200004046,2020-02-13,16:25:00,1,Collision with vehicle,4,Thursday,130,REAR END(VEHICLES IN SAME LANE),1,629999,Not at intersection,3,60,Local Road,HOWARD,BENDIGO,-36.705643,144.32007,2020,2,February,16,Afternoon Peak,Weekday
T20200003469,2020-02-14,07:05:00,1,Collision with vehicle,5,Friday,121,RIGHT THROUGH,2,57566,T intersection,2,60,Arterial Highway,NORTH,GLEN EIRA,-37.908386,145.07619,2020,2,February,7,Morning Peak,Weekday
T20200003470,2020-02-14,10:41:00,6,Vehicle overturned (no collision),5,Friday,151,OUT OF CONTROL (OVERTAKING),1,729152,Not at intersection,2,100,Arterial Other,KATAMATITE-SHEPPARTON,MOIRA,-36.111553,145.65208,2020,2,February,10,Midday,Weekday
T20200006382,2020-02-14,23:50:00,1,Collision with vehicle,5,Friday,134,LANE CHANGE RIGHT (NOT OVERTAKING),9,638134,Not at intersection,3,80,Freeway,VINEYARD-CALDER IN,HUME,-37.615147,144.71086,2020,2,February,23,Night,Weekday
T20200003472,2020-02-14,07:00:00,1,Collision with vehicle,5,Friday,113,RIGHT NEAR (INTERSECTIONS ONLY),1,36661,T intersection,2,80,Local Road,LIVERPOOL,MAROONDAH,-37.84121,145.31853,2020,2,February,7,Morning Peak,Weekday
T20200003473,2020-02-14,10:55:00,1,Collision with vehicle,5,Friday,110,CROSS TRAFFIC(INTERSECTIONS ONLY),1,38478,Cross intersection,3,50,Local Road,HUTCHINSON,YARRA RANGES,-37.758442,145.34792,2020,2,February,10,Midday,Weekday
T20200003474,2020-02-14,10:00:00,1,Collision with vehicle,5,Friday,121,RIGHT THROUGH,9,45970,T intersection,2,60,Local Road,HODGINS,MORNINGTON PENINSULA,-38.299896,145.19109,2020,2,February,10,Midday,Weekday
T20200003480,2020-02-14,12:00:00,2,Struck Pedestrian,5,Friday,100,PED NEAR SIDE. PED HIT BY VEHICLE FROM THE RIGHT.,9,629986,Not at intersection,2,50,Local Road,COMMERCIAL,LATROBE,-38.237385,146.3974,2020,2,February,12,Midday,Weekday
T20200003483,2020-02-14,13:15:00,1,Collision with vehicle,5,Friday,113,RIGHT NEAR (INTERSECTIONS ONLY),1,43258,T intersection,2,60,Local Road,PERRY,DANDENONG,-38.031605,145.18332,2020,2,February,13,Midday,Weekday
T20200003486,2020-02-14,15:30:00,1,Collision with vehicle,5,Friday,147,VEHICLE STRIKES ANOTHER VEH WHILE EMERGING FROM DRIVEWAY,1,629987,Not at intersection,3,60,Local Road,HIGH,MANNINGHAM,-37.769096,145.1177,2020,2,February,15,Afternoon Peak,Weekday
T20200003491,2020-02-14,16:20:00,4,Collision with a fixed object,5,Friday,171,LEFT OFF CARRIAGEWAY INTO OBJECT/PARKED VEHICLE,1,662769,Not at intersection,2,100,Arterial Highway,PRINCES,COLAC OTWAY,-38.29607,143.80531,2020,2,February,16,Afternoon Peak,Weekday
T20200003522,2020-02-14,13:10:00,1,Collision with vehicle,5,Friday,163,VEHICLE STRIKES DOOR OF PARKED/STATIONARY VEHICLE,1,215624,Not at intersection,3,60,Arterial Other,VICTORIA,MELBOURNE,-37.806675,144.96306,2020,2,February,13,Midday,Weekday