ACCIDENT_NO,ACCIDENT_DATE,ACCIDENT_TIME,ACCIDENT_TYPE,ACCIDENT_TYPE_DESC,DAY_OF_WEEK,DAY_WEEK_DESC,DCA_CODE,DCA_DESC,LIGHT_CONDITION,NODE_ID,ROAD_GEOMETRY_DESC,SEVERITY,SPEED_ZONE,RMA,ROAD_NAME,LGA_NAME,LATITUDE,LONGITUDE,YEAR,MONTH,MONTH_NAME,HOUR,TIME_PERIOD,DAY_TYPE
T20200003604,2020-02-14,13:41:00,1,Collision with vehicle,5,Friday,130,REAR END(VEHICLES IN SAME LANE),1,653095,Not at intersection,3,60,Arterial Highway,WYNDHAM,SHEPPARTON,-36.375294,145.40051,2020,2,February,13,Midday,Weekday
T20200006471,2020-02-14,14:30:00,1,Collision with vehicle,5,Friday,110,CROSS TRAFFIC(INTERSECTIONS ONLY),1,36044,Cross intersection,3,50,Local Road,CANNING,YARRA,-37.782406,144.97548,2020,2,February,14,Midday,Weekday
T20200003628,2020-02-14,09:37:00,1,Collision with vehicle,5,Friday,130,REAR END(VEHICLES IN SAME LANE),1,29816,Cross intersection,3,70,Arterial Other,BALLARAT,BRIMBANK,-37.777145,144.8287,2020,2,February,9,Morning Peak,Weekday
T20200003524,2020-02-14,16:35:00,1,Collision with vehicle,5,Friday,120,HEAD ON (NOT OVERTAKING),1,148432,Not at intersection,3,70,Arterial Other,PAKENHAM,CARDINIA,-38.026382,145.49997,2020,2,February,16,Afternoon Peak,Weekday
T20200003525,2020-02-14,19:20:00,4,Collision with a fixed object,5,Friday,175,OFF END OF ROAD/T-INTERSECTION.,2,640808,T intersection,2,50,Local Road,HAYLEY,WARRNAMBOOL,-38.367836,142.49617,2020,2,February,19,Night,Weekday
T20200003732,2020-02-14,22:30:00,1,Collision with vehicle,5,Friday,121,RIGHT THROUGH,3,41024,T intersection,3,60,Arterial Other,GLENROY,MORELAND,-37.706177,144.91664,2020,2,February,22,Night,Weekday
T20200003528,2020-02-14,19:50:00,1,Collision with vehicle,5,Friday,120,HEAD ON (NOT OVERTAKING),5,773452,Not at intersection,3,80,Arterial Other,WELLINGTON,YARRA RANGES,-37.9492,145.32799,2020,2,February,19,Night,Weekday
T20200003493,2020-02-14,15:16:00,1,Collision with vehicle,5,Friday,130,REAR END(VEHICLES IN SAME LANE),1,630305,Not at intersection,3,80,Arterial Other,COOPER,WHITTLESEA,-37.647884,144.98897,2020,2,February,15,Afternoon Peak,Weekday
T20200003494,2020-02-14,12:50:00,1,Collision with vehicle,5,Friday,130,REAR END(VEHICLES IN SAME LANE),1,628988,Not at intersection,3,100,Arterial Highway,MAROONDAH,YARRA RANGES,-37.683445,145.46228,2020,2,February,12,Midday,Weekday
T20200003496,2020-02-14,14:21:00,1,Collision with vehicle,5,Friday,113,RIGHT NEAR (INTERSECTIONS ONLY),1,44624,T intersection,2,60,Arterial Other,GRIMSHAW,BANYULE,-37.700703,145.0658,2020,2,February,14,Midday,Weekday
T20200003499,2020-02-14,15:43:00,1,Collision with vehicle,5,Friday,120,HEAD ON (NOT OVERTAKING),1,628989,Not at intersection,2,70,Arterial Other,MELTON,MELTON,-37.6823,144.62294,2020,2,February,15,Afternoon Peak,Weekday
T20200003500,2020-02-14,16:26:00,1,Collision with vehicle,5,Friday,120,HEAD ON (NOT OVERTAKING),1,628055,Not at intersection,2,60,Arterial Other,BALCOMBE,BAYSIDE,-37.977116,145.03017,2020,2,February,16,Afternoon Peak,Weekday
T20200003502,2020-02-14,17:30:00,8,No collision and no object struck,5,Friday,174,OUT OF CONTROL ON CARRIAGEWAY (ON STRAIGHT),1,73735,T intersection,3,60,Local Road,MORRISS,WARRNAMBOOL,-38.358246,142.46552,2020,2,February,17,Afternoon Peak,Weekday
T20200003506,2020-02-14,17:20:00,1,Collision with vehicle,5,Friday,130,REAR END(VEHICLES IN SAME LANE),1,628056,Not at intersection,3,60,Local Road,BLAIR,HUME,-37.68046,144.92828,2020,2,February,17,Afternoon Peak,Weekday
T20200003507,2020-02-14,16:55:00,1,Collision with vehicle,5,Friday,113,RIGHT NEAR (INTERSECTIONS ONLY),1,631229,Cross intersection,3,80,Arterial Other,BITTERN-DROMANA ROAD -DUNNS CREEK,MORNINGTON PENINSULA,-38.355164,145.0544,2020,2,February,16,Afternoon Peak,Weekday
T20200003508,2020-02-14,15:20:00,1,Collision with vehicle,5,Friday,146,REVERSING INTO FIXED OBJECT/PARKED VEHICLE,1,635715,Not at intersection,2,50,Local Road,LORNE,WHITTLESEA,-37.673466,145.02798,2020,2,February,15,Afternoon Peak,Weekday
T20200003510,2020-02-14,19:00:00,1,Collision with vehicle,5,Friday,116,LEFT NEAR (INTERSECTIONS ONLY),1,39730,T intersection,3,80,Arterial Highway,MAROONDAH,MAROONDAH,-37.789074,145.26868,2020,2,February,19,Night,Weekday
T20200003512,2020-02-14,16:40:00,8,No collision and no object struck,5,Friday,174,OUT OF CONTROL ON CARRIAGEWAY (ON STRAIGHT),1,628658,T intersection,3,80,Arterial Other,ASSEMBLY,HUME,-37.706635,144.86604,2020,2,February,16,Afternoon Peak,Weekday
T20200003614,2020-02-14,08:00:00,1,Collision with vehicle,5,Friday,135,LANE CHANGE LEFT (NOT OVERTAKING),1,37816,Cross intersection,3,40,Arterial Other,NICHOLSON,MORELAND,-37.776253,144.97873,2020,2,February,8,Morning Peak,Weekday
T20200003814,2020-02-14,16:00:00,1,Collision with vehicle,5,Friday,130,REAR END(VEHICLES IN SAME LANE),1,659145,Cross intersection,3,70,Arterial Other,SOMERTON,HUME,-37.64269,144.9467,2020,2,February,16,Afternoon Peak,Weekday
T20200006475,2020-02-14,15:00:00,4,Collision with a fixed object,5,Friday,171,LEFT OFF CARRIAGEWAY INTO OBJECT/PARKED VEHICLE,1,662839,Not at intersection,3,80,Arterial Other,WELLINGTON,KNOX,-37.92834,145.23575,2020,2,February,15,Afternoon Peak,Weekday
T20200003556,2020-02-14,10:45:00,2,Struck Pedestrian,5,Friday,102,FAR SIDE. PED HIT BY VEHICLE FROM THE LEFT,1,628350,Not at intersection,3,40,Local Road,LITTLE COLLINS,MELBOURNE,-37.812756,144.97206,2020,2,February,10,Midday,Weekday
T20200004384,2020-02-14,15:00:00,1,Collision with vehicle,5,Friday,110,CROSS TRAFFIC(INTERSECTIONS ONLY),1,52059,Cross intersection,3,60,Local Road,MACARTHUR,WELLINGTON,-38.105026,147.07222,2020,2,February,15,Afternoon Peak,Weekday
T20200003551,2020-02-14,23:05:00,1,Collision with vehicle,5,Friday,120,HEAD ON (NOT OVERTAKING),3,631555,Not at intersection,2,60,Local Road,CALDER PARK,MELTON,-37.715702,144.75455,2020,2,February,23,Night,Weekday
T20200003548,2020-02-14,22:20:00,1,Collision with vehicle,5,Friday,147,VEHICLE STRIKES ANOTHER VEH WHILE EMERGING FROM DRIVEWAY,3,773334,Not at intersection,2,80,Arterial Other,PRINCES,WYNDHAM,-37.885555,144.69862,2020,2,February,22,Night,Weekday
T20200004245,2020-02-14,16:00:00,1,Collision with vehicle,5,Friday,130,REAR END(VEHICLES IN SAME LANE),1,652460,Not at intersection,3,80,Arterial Highway,BURWOOD,KNOX,-37.874557,145.25273,2020,2,February,16,Afternoon Peak,Weekday
T20200003513,2020-02-14,19:10:00,1,Collision with vehicle,5,Friday,110,CROSS TRAFFIC(INTERSECTIONS ONLY),1,52831,Cross intersection,3,60,Arterial Other,DRUMMOND,BALLARAT,-37.556488,143.84824,2020,2,February,19,Night,Weekday
T20200003455,2020-02-14,06:28:00,1,Collision with vehicle,5,Friday,179,OTHER ACCIDENTS-OFF STRAIGHT NOT INCLUDED IN DCAs 170-175,2,628053,Not at intersection,3,60,Arterial Other,ECHUCA,SHEPPARTON,-36.384155,145.35437,2020,2,February,6,Morning Peak,Weekday
T20200003460,2020-02-14,06:18:00,6,Vehicle overturned (no collision),5,Friday,151,OUT OF CONTROL (OVERTAKING),1,632813,Not at intersection,3,40,Arterial Other,BALLAN,WYNDHAM,-37.813747,144.51445,2020,2,February,6,Morning Peak,Weekday
T20200003461,2020-02-14,07:05:00,1,Collision with vehicle,5,Friday,130,REAR END(VEHICLES IN SAME LANE),1,628347,Not at intersection,3,70,Freeway,WESTERN,MELTON,-37.71645,144.6411,2020,2,February,7,Morning Peak,Weekday
T20200003464,2020-02-14,09:00:00,1,Collision with vehicle,5,Friday,121,RIGHT THROUGH,1,682617,Not at intersection,3,70,Arterial Other,SOUTH,KINGSTON,-37.93503,145.0502,2020,2,February,9,Morning Peak,Weekday
T20200003847,2020-02-14,08:45:00,1,Collision with vehicle,5,Friday,130,REAR END(VEHICLES IN SAME LANE),1,729157,Not at intersection,3,60,Arterial Other,CHANDLER,BOROONDARA,-37.790646,145.02748,2020,2,February,8,Morning Peak,Weekday
T20200003970,2020-02-14,18:30:00,2,Struck Pedestrian,5,Friday,100,PED NEAR SIDE. PED HIT BY VEHICLE FROM THE RIGHT.,1,637475,Not at intersection,2,40,Arterial Other,BULLEEN,BOROONDARA,-37.782524,145.07838,2020,2,February,18,Afternoon Peak,Weekday
T20200003515,2020-02-14,17:50:00,1,Collision with vehicle,5,Friday,130,REAR END(VEHICLES IN SAME LANE),1,631881,Not at intersection,3,60,Arterial Other,SCORESBY,KNOX,-37.84016,145.27092,2020,2,February,17,Afternoon Peak,Weekday
T20200003466,2020-02-14,10:20:00,1,Collision with vehicle,5,Friday,130,REAR END(VEHICLES IN SAME LANE),1,630303,Not at intersection,2,80,Arterial Other,PLENTY,WHITTLESEA,-37.662525,145.0726,2020,2,February,10,Midday,Weekday
T20200003516,2020-02-14,20:10:00,8,No collision and no object struck,5,Friday,174,OUT OF CONTROL ON CARRIAGEWAY (ON STRAIGHT),3,630306,Not at intersection,3,60,Arterial Other,CHURCH,YARRA,-37.815254,144.99979,2020,2,February,20,Night,Weekday
T20200003722,2020-02-14,21:05:00,1,Collision with vehicle,5,Friday,140,U TURN,3,663293,T intersection,3,60,Arterial Other,ERICA,KNOX,-37.862545,145.2838,2020,2,February,21,Night,Weekday
T20200003557,2020-02-14,19:35:00,4,Collision with a fixed object,5,Friday,173,RIGHT OFF CARRIAGEWAY INTO OBJECT/PARKED VEHICLE,3,628351,Not at intersection,2,80,Freeway,MAROONDAH-EASTLINK OUT,MAROONDAH,-37.817375,145.21727,2020,2,February,19,Night,Weekday
T20200003919,2020-02-14,09:00:00,1,Collision with vehicle,5,Friday,110,CROSS TRAFFIC(INTERSECTIONS ONLY),1,29973,Cross intersection,3,50,Arterial Other,MCCALLUM,SWAN HILL,-35.34031,143.54416,2020,2,February,9,Morning Peak,Weekday
T20200003980,2020-02-14,11:40:00,1,Collision with vehicle,5,Friday,140,U TURN,1,651623,Not at intersection,3,50,Arterial Other,NEERIM,GLEN EIRA,-37.890205,145.06572,2020,2,February,11,Midday,Weekday
T20200003517,2020-02-14,16:15:00,1,Collision with vehicle,5,Friday,147,VEHICLE STRIKES ANOTHER VEH WHILE EMERGING FROM DRIVEWAY,1,665780,Not at intersection,3,80,Arterial Highway,WELLINGTON ROAD SERVICE,KNOX,-37.926693,145.2228,2020,2,February,16,Afternoon Peak,Weekday
T20200003558,2020-02-14,11:00:00,1,Collision with vehicle,5,Friday,120,HEAD ON (NOT OVERTAKING),1,628352,Not at intersection,2,60,Local Road,ROBERTS,MOONEE VALLEY,-37.72492,144.86879,2020,2,February,11,Midday,Weekday
T20200004636,2020-02-14,10:53:00,1,Collision with vehicle,5,Friday,137,LEFT TURN SIDESWIPE,1,663105,Not at intersection,3,50,Arterial Other,POINT COOK,HOBSONS BAY,-37.87288,144.7596,2020,2,February,10,Midday,Weekday
T20200007223,2020-02-14,15:00:00,1,Collision with vehicle,5,Friday,130,REAR END(VEHICLES IN SAME LANE),9,668315,Cross intersection,3,60,Local Road,VANTAGE,HUME,-37.59455,144.89395,2020,2,February,15,Afternoon Peak,Weekday
T20200003571,2020-02-14,18:00:00,8,No collision and no object struck,5,Friday,179,OTHER ACCIDENTS-OFF STRAIGHT NOT INCLUDED IN DCAs 170-175,2,178206,Not at intersection,3,70,Arterial Other,NARRACAN,LATROBE,-38.178986,146.27013,2020,2,February,18,Afternoon Peak,Weekday
T20200003529,2020-02-14,15:50:00,1,Collision with vehicle,5,Friday,110,CROSS TRAFFIC(INTERSECTIONS ONLY),1,45979,Cross intersection,3,50,Local Road,ANDERSON,WHITTLESEA,-37.66394,145.02046,2020,2,February,15,Afternoon Peak,Weekday
T20200003532,2020-02-14,21:15:00,1,Collision with vehicle,5,Friday,121,RIGHT THROUGH,3,57284,Cross intersection,2,50,Arterial Other,RYLEY,WANGARATTA,-36.358055,146.321,2020,2,February,21,Night,Weekday
T20200003534,2020-02-14,18:50:00,1,Collision with vehicle,5,Friday,130,REAR END(VEHICLES IN SAME LANE),1,728915,Not at intersection,3,80,Arterial Highway,STUD,KNOX,-37.87331,145.23302,2020,2,February,18,Afternoon Peak,Weekday
T20200003467,2020-02-14,09:20:00,1,Collision with vehicle,5,Friday,121,RIGHT THROUGH,1,40612,Cross intersection,2,60,Arterial Highway,BURWOOD,WHITEHORSE,-37.85063,145.09921,2020,2,February,9,Morning Peak,Weekday
T20200003537,2020-02-14,16:30:00,1,Collision with vehicle,5,Friday,130,REAR END(VEHICLES IN SAME LANE),1,630307,Not at intersection,2,60,Local Road,ELIZABETH,HUME,-37.578938,144.70972,2020,2,February,16,Afternoon Peak,Weekday
T20200003540,2020-02-14,20:49:00,5,collision with some other object,5,Friday,166,STRUCK OBJECT ON CARRIAGEWAY,4,629322,Not at intersection,3,100,Arterial Other,PAKENHAM,CARDINIA,-38.034023,145.48695,2020,2,February,20,Night,Weekday
T20200003545,2020-02-14,23:53:00,6,Vehicle overturned (no collision),5,Friday,175,OFF END OF ROAD/T-INTERSECTION.,5,58836,T intersection,2,100,Local Road,SCOBIE,CAMPASPE,-36.284145,145.00548,2020,2,February,23,Night,Weekday
T20200004752,2020-02-14,11:10:00,1,Collision with vehicle,5,Friday,134,LANE CHANGE RIGHT (NOT OVERTAKING),1,668193,Not at intersection,3,80,Freeway,METROPOLITAN RING OUT-DALTON,WHITTLESEA,-37.686283,145.02844,2020,2,February,11,Midday,Weekday
T20200003588,2020-02-14,08:20:00,1,Collision with vehicle,5,Friday,131,LEFT REAR,1,931,Cross intersection,3,60,Arterial Highway,FRANKSTON-DANDENONG,FRANKSTON,-38.09948,145.17279,2020,2,February,8,Morning Peak,Weekday
T20200005724,2020-02-14,08:19:00,1,Collision with vehicle,5,Friday,137,LEFT TURN SIDESWIPE,1,663224,Not at intersection,2,40,Arterial Other,HIGH,STONNINGTON,-37.85328,145.00381,2020,2,February,8,Morning Peak,Weekday
T20200003521,2020-02-14,16:12:00,4,Collision with a fixed object,5,Friday,171,LEFT OFF CARRIAGEWAY INTO OBJECT/PARKED VEHICLE,1,662853,Not at intersection,3,60,Arterial Other,BELGRAVE-GEMBROOK,CARDINIA,-37.92917,145.42789,2020,2,February,16,Afternoon Peak,Weekday
T20200003623,2020-02-15,17:30:00,1,Collision with vehicle,6,Saturday,130,REAR END(VEHICLES IN SAME LANE),1,35555,Cross intersection,3,70,Arterial Highway,NORTH,MONASH,-37.909508,145.08524,2020,2,February,17,Afternoon Peak,Weekend
T20200003626,2020-02-15,19:30:00,4,Collision with a fixed object,6,Saturday,171,LEFT OFF CARRIAGEWAY INTO OBJECT/PARKED VEHICLE,1,29736,T intersection,3,60,Arterial Highway,NEPEAN,FRANKSTON,-38.154182,145.1097,2020,2,February,19,Night,Weekend
T20200003627,2020-02-15,19:40:00,1,Collision with vehicle,6,Saturday,130,REAR END(VEHICLES IN SAME LANE),1,640323,Not at intersection,3,60,Arterial Highway,PRINCES,CORANGAMITE,-38.225033,142.96191,2020,2,February,19,Night,Weekend
T20200003634,2020-02-15,22:45:00,1,Collision with vehicle,6,Saturday,113,RIGHT NEAR (INTERSECTIONS ONLY),3,29816,Cross intersection,2,60,Arterial Other,BALLARAT,BRIMBANK,-37.777145,144.8287,2020,2,February,22,Night,Weekend
T20200003645,2020-02-15,23:23:00,1,Collision with vehicle,6,Saturday,121,RIGHT THROUGH,3,37625,T intersection,1,60,Arterial Other,HIGH,WHITTLESEA,-37.675575,145.01472,2020,2,February,23,Night,Weekend
T20200003646,2020-02-15,14:50:00,1,Collision with vehicle,6,Saturday,147,VEHICLE STRIKES ANOTHER VEH WHILE EMERGING FROM DRIVEWAY,1,662660,Not at intersection,3,60,Arterial Other,HEIDELBERG-KINGLAKE,NILLUMBIK,-37.636356,145.19836,2020,2,February,14,Midday,Weekend
T20200003749,2020-02-15,10:10:00,1,Collision with vehicle,6,Saturday,130,REAR END(VEHICLES IN SAME LANE),9,221629,T intersection,3,60,Arterial Other,SYDNEY,HUME,-37.68399,144.95726,2020,2,February,10,Midday,Weekend
T20200003653,2020-02-15,17:30:00,1,Collision with vehicle,6,Saturday,130,REAR END(VEHICLES IN SAME LANE),1,628662,Not at intersection,2,70,Arterial Highway,MAROONDAH,MAROONDAH,-37.809002,145.24014,2020,2,February,17,Afternoon Peak,Weekend
T20200006199,2020-02-15,08:00:00,1,Collision with vehicle,6,Saturday,130,REAR END(VEHICLES IN SAME LANE),9,637807,Cross intersection,3,40,Local Road,CAROLINE SPRINGS,MELTON,-37.73365,144.74106,2020,2,February,8,Morning Peak,Weekend
T20200006596,2020-02-15,14:10:00,1,Collision with vehicle,6,Saturday,130,REAR END(VEHICLES IN SAME LANE),1,639096,Not at intersection,3,60,Arterial Other,ELGAR,WHITEHORSE,-37.827877,145.11285,2020,2,February,14,Midday,Weekend
T20200004327,2020-02-15,18:00:00,6,Vehicle overturned (no collision),6,Saturday,170,OFF CARRIAGEWAY TO LEFT,2,641135,Not at intersection,2,100,Local Road,BLACK SWAMP,MOORABOOL,-37.51449,144.0057,2020,2,February,18,Afternoon Peak,Weekend
T20200003631,2020-02-15,10:55:00,1,Collision with vehicle,6,Saturday,110,CROSS TRAFFIC(INTERSECTIONS ONLY),1,641139,Cross intersection,2,80,Arterial Other,WANTIRNA,KNOX,-37.84754,145.22714,2020,2,February,10,Midday,Weekend
T20200004244,2020-02-15,15:00:00,1,Collision with vehicle,6,Saturday,121,RIGHT THROUGH,1,44511,Cross intersection,3,60,Arterial Other,MURRAY,DAREBIN,-37.741005,145.03085,2020,2,February,15,Afternoon Peak,Weekend
T20200003983,2020-02-15,12:00:00,8,No collision and no object struck,6,Saturday,174,OUT OF CONTROL ON CARRIAGEWAY (ON STRAIGHT),1,638430,Cross intersection,3,40,Arterial Other,PRINCES,MELBOURNE,-37.792587,144.97142,2020,2,February,12,Midday,Weekend
T20200007927,2020-02-15,14:36:00,1,Collision with vehicle,6,Saturday,110,CROSS TRAFFIC(INTERSECTIONS ONLY),1,29990,Cross intersection,3,40,Local Road,FIREBRACE,HORSHAM,-36.71311,142.1997,2020,2,February,14,Midday,Weekend
T20200004200,2020-02-15,12:30:00,1,Collision with vehicle,6,Saturday,130,REAR END(VEHICLES IN SAME LANE),1,638111,Not at intersection,2,80,Arterial Highway,PRINCES,BAW BAW,-38.203686,146.06744,2020,2,February,12,Midday,Weekend
T20200004434,2020-02-15,15:30:00,6,Vehicle overturned (no collision),6,Saturday,170,OFF CARRIAGEWAY TO LEFT,1,19601,T intersection,3,100,Local Road,ROYSTON,SWAN HILL,-34.633778,142.8456,2020,2,February,15,Afternoon Peak,Weekend
T20200003553,2020-02-15,00:22:00,4,Collision with a fixed object,6,Saturday,171,LEFT OFF CARRIAGEWAY INTO OBJECT/PARKED VEHICLE,3,57417,Cross intersection,3,60,Arterial Highway,ST GEORGES,DAREBIN,-37.76845,144.99161,2020,2,February,0,Late Night,Weekend
T20200003554,2020-02-15,03:15:00,6,Vehicle overturned (no collision),6,Saturday,151,OUT OF CONTROL (OVERTAKING),3,651916,T intersection,2,50,Local Road,BERWICK SPRINGS,CASEY,-38.06992,145.31726,2020,2,February,3,Late Night,Weekend
T20200003602,2020-02-15,10:30:00,4,Collision with a fixed object,6,Saturday,181,OFF RIGHT BEND INTO OBJECT/PARKED VEHICLE,1,653758,Not at intersection,2,100,Arterial Highway,SOUTH GIPPSLAND,SOUTH GIPPSLAND,-38.558857,145.94989,2020,2,February,10,Midday,Weekend
T20200003603,2020-02-15,13:45:00,1,Collision with vehicle,6,Saturday,132,RIGHT REAR.,1,38216,Cross intersection,2,60,Arterial Other,LOWER HEIDELBERG,BANYULE,-37.76351,145.06784,2020,2,February,13,Midday,Weekend
T20200003605,2020-02-15,14:15:00,2,Struck Pedestrian,6,Saturday,102,FAR SIDE. PED HIT BY VEHICLE FROM THE LEFT,1,628660,T intersection,3,70,Arterial Other,BALLARAT,BRIMBANK,-37.778442,144.84036,2020,2,February,14,Midday,Weekend
T20200003561,2020-02-15,04:55:00,1,Collision with vehicle,6,Saturday,160,VEHICLE COLLIDES WITH VEHICLE PARKED ON LEFT OF ROAD,3,659144,Not at intersection,2,60,Arterial Other,GRANGE,GLEN EIRA,-37.894917,145.04579,2020,2,February,4,Late Night,Weekend
T20200003562,2020-02-15,07:55:00,4,Collision with a fixed object,6,Saturday,171,LEFT OFF CARRIAGEWAY INTO OBJECT/PARKED VEHICLE,2,641137,Not at intersection,2,100,Freeway,EASTLINK,FRANKSTON,-38.096123,145.147,2020,2,February,7,Morning Peak,Weekend
T20200003609,2020-02-15,17:27:00,1,Collision with vehicle,6,Saturday,143,ENTERING PARKING,1,628661,T intersection,2,60,Local Road,WIDFORD,HUME,-37.68969,144.92612,2020,2,February,17,Afternoon Peak,Weekend
T20200003564,2020-02-15,09:20:00,1,Collision with vehicle,6,Saturday,110,CROSS TRAFFIC(INTERSECTIONS ONLY),1,56418,Cross intersection,3,50,Local Road,NIGHTINGALE,PORT PHILLIP,-37.870598,144.99179,2020,2,February,9,Morning Peak,Weekend
T20200003877,2020-02-15,19:55:00,1,Collision with vehicle,6,Saturday,160,VEHICLE COLLIDES WITH VEHICLE PARKED ON LEFT OF ROAD,2,630614,Not at intersection,3,50,Local Road,GREENWOOD,BANYULE,-37.708008,145.07376,2020,2,February,19,Night,Weekend
T20200003565,2020-02-15,08:05:00,4,Collision with a fixed object,6,Saturday,173,RIGHT OFF CARRIAGEWAY INTO OBJECT/PARKED VEHICLE,1,662865,Not at intersection,2,60,Local Road,HAZELDEAN,BAW BAW,-38.22093,146.04391,2020,2,February,8,Morning Peak,Weekend
T20200003611,2020-02-15,17:05:00,4,Collision with a fixed object,6,Saturday,181,OFF RIGHT BEND INTO OBJECT/PARKED VEHICLE,1,629324,Not at intersection,3,100,Arterial Other,HEALESVILLE-YARRA GLEN,YARRA RANGES,-37.6585,145.45673,2020,2,February,17,Afternoon Peak,Weekend
T20200003570,2020-02-15,07:19:00,1,Collision with vehicle,6,Saturday,147,VEHICLE STRIKES ANOTHER VEH WHILE EMERGING FROM DRIVEWAY,2,628990,Not at intersection,3,60,Arterial Highway,WARRIGAL,MONASH,-37.90545,145.08585,2020,2,February,7,Morning Peak,Weekend
T20200003612,2020-02-15,16:00:00,4,Collision with a fixed object,6,Saturday,171,LEFT OFF CARRIAGEWAY INTO OBJECT/PARKED VEHICLE,1,628356,Not at intersection,2,60,Arterial Highway,TOORAK,BOROONDARA,-37.845196,145.04976,2020,2,February,16,Afternoon Peak,Weekend
T20200003579,2020-02-15,07:45:00,1,Collision with vehicle,6,Saturday,130,REAR END(VEHICLES IN SAME LANE),1,651170,Not at intersection,2,70,Arterial Highway,DOCKLANDS,MELBOURNE,-37.81374,144.94708,2020,2,February,7,Morning Peak,Weekend
T20200003572,2020-02-15,08:40:00,1,Collision with vehicle,6,Saturday,146,REVERSING INTO FIXED OBJECT/PARKED VEHICLE,1,635716,Cross intersection,3,40,Arterial Other,NICHOLSON,YARRA,-37.80129,144.97432,2020,2,February,8,Morning Peak,Weekend
T20200003582,2020-02-15,11:55:00,1,Collision with vehicle,6,Saturday,163,VEHICLE STRIKES DOOR OF PARKED/STATIONARY VEHICLE,1,196765,Not at intersection,2,40,Local Road,CARLISLE,PORT PHILLIP,-37.866947,144.97893,2020,2,February,11,Midday,Weekend
T20200003583,2020-02-15,11:15:00,1,Collision with vehicle,6,Saturday,140,U TURN,1,628659,Not at intersection,3,60,Arterial Other,KEILOR,MOONEE VALLEY,-37.73499,144.88649,2020,2,February,11,Midday,Weekend
T20200003573,2020-02-15,09:43:00,1,Collision with vehicle,6,Saturday,134,LANE CHANGE RIGHT (NOT OVERTAKING),1,686585,Not at intersection,3,80,Arterial Other,MT DANDENONG,YARRA RANGES,-37.81216,145.337,2020,2,February,9,Morning Peak,Weekend
T20200003613,2020-02-15,13:40:00,1,Collision with vehicle,6,Saturday,139,OTHER SAME DIRECTION-MANOUEVRES NOT INCLUDED IN DCAs 130-137,1,630611,Not at intersection,2,100,Freeway,PRINCES,HOBSONS BAY,-37.866882,144.77383,2020,2,February,13,Midday,Weekend
T20200003584,2020-02-15,11:10:00,1,Collision with vehicle,6,Saturday,110,CROSS TRAFFIC(INTERSECTIONS ONLY),1,57115,Cross intersection,3,50,Local Road,KEEN,BOROONDARA,-37.849144,145.05933,2020,2,February,11,Midday,Weekend
T20200003577,2020-02-15,10:40:00,2,Struck Pedestrian,6,Saturday,100,PED NEAR SIDE. PED HIT BY VEHICLE FROM THE RIGHT.,1,663164,T intersection,3,40,Local Road,SEPARATION,DAREBIN,-37.770435,145.0082,2020,2,February,10,Midday,Weekend
T20200003591,2020-02-15,12:45:00,4,Collision with a fixed object,6,Saturday,171,LEFT OFF CARRIAGEWAY INTO OBJECT/PARKED VEHICLE,1,662849,Not at intersection,2,100,Arterial Highway,NORTHERN,CAMPASPE,-36.517967,144.6253,2020,2,February,12,Midday,Weekend
T20200003592,2020-02-15,11:00:00,7,Fall from or in moving vehicle,6,Saturday,190,FELL IN/FROM VEHICLE,1,632814,Not at intersection,2,80,Arterial Highway,GREAT ALPINE,ALPINE,-36.92307,147.06639,2020,2,February,11,Midday,Weekend
T20200003595,2020-02-15,15:12:00,1,Collision with vehicle,6,Saturday,160,VEHICLE COLLIDES WITH VEHICLE PARKED ON LEFT OF ROAD,1,662755,Not at intersection,3,50,Local Road,PARKSIDE,SHEPPARTON,-36.357723,145.39243,2020,2,February,15,Afternoon Peak,Weekend
T20200003596,2020-02-15,13:55:00,1,Collision with vehicle,6,Saturday,130,REAR END(VEHICLES IN SAME LANE),1,629651,Not at intersection,3,70,Arterial Highway,ST GEORGES,DAREBIN,-37.76838,144.99162,2020,2,February,13,Midday,Weekend
T20200004042,2020-02-15,09:45:00,4,Collision with a fixed object,6,Saturday,181,OFF RIGHT BEND INTO OBJECT/PARKED VEHICLE,1,663106,Not at intersection,3,80,Local Road,HARKAWAY,CASEY,-37.99043,145.35161,2020,2,February,9,Morning Peak,Weekend
T20200003597,2020-02-15,13:00:00,8,No collision and no object struck,6,Saturday,184,OUT OF CONTROL ON CARRIAGEWAY (ON BEND),1,628991,Y intersection,3,50,Local Road,STANLEY,NILLUMBIK,-37.708393,145.15587,2020,2,February,13,Midday,Weekend
T20200003598,2020-02-15,15:00:00,1,Collision with vehicle,6,Saturday,110,CROSS TRAFFIC(INTERSECTIONS ONLY),1,628354,Cross intersection,3,60,Local Road,DANA,BALLARAT,-37.562263,143.84108,2020,2,February,15,Afternoon Peak,Weekend