ACCIDENT_NO,ACCIDENT_DATE,ACCIDENT_TIME,ACCIDENT_TYPE,ACCIDENT_TYPE_DESC,DAY_OF_WEEK,DAY_WEEK_DESC,DCA_CODE,DCA_DESC,LIGHT_CONDITION,NODE_ID,ROAD_GEOMETRY_DESC,SEVERITY,SPEED_ZONE,RMA,ROAD_NAME,LGA_NAME,LATITUDE,LONGITUDE,YEAR,MONTH,MONTH_NAME,HOUR,TIME_PERIOD,DAY_TYPE
T20200003615,2020-02-15,16:25:00,1,Collision with vehicle,6,Saturday,130,REAR END(VEHICLES IN SAME LANE),1,637473,T intersection,3,50,Arterial Other,BEACONSFIELD,PORT PHILLIP,-37.860268,144.97191,2020,2,February,16,Afternoon Peak,Weekend
T20200003599,2020-02-15,13:15:00,4,Collision with a fixed object,6,Saturday,181,OFF RIGHT BEND INTO OBJECT/PARKED VEHICLE,1,646558,Not at intersection,1,80,Freeway,MONASH,CASEY,-37.968323,145.23598,2020,2,February,13,Midday,Weekend
T20200003617,2020-02-15,19:24:00,8,No collision and no object struck,6,Saturday,174,OUT OF CONTROL ON CARRIAGEWAY (ON STRAIGHT),1,668060,Not at intersection,3,50,Local Road,ROXBURGH PARK,HUME,-37.63939,144.92395,2020,2,February,19,Night,Weekend
T20200003601,2020-02-15,15:25:00,1,Collision with vehicle,6,Saturday,120,HEAD ON (NOT OVERTAKING),1,636861,Not at intersection,3,70,Arterial Other,LYSTERFIELD,KNOX,-37.90785,145.29341,2020,2,February,15,Afternoon Peak,Weekend
T20200003876,2020-02-16,13:50:00,1,Collision with vehicle,7,Sunday,130,REAR END(VEHICLES IN SAME LANE),1,636505,Not at intersection,3,60,Local Road,TAYLORS,MELTON,-37.723934,144.75003,2020,2,February,13,Midday,Weekend
T20200004123,2020-02-16,14:00:00,1,Collision with vehicle,7,Sunday,130,REAR END(VEHICLES IN SAME LANE),1,728923,Not at intersection,3,60,Arterial Other,PRINCES,BALLARAT,-37.562183,143.87038,2020,2,February,14,Midday,Weekend
T20200003663,2020-02-16,12:00:00,1,Collision with vehicle,7,Sunday,133,LANE SIDE SWIPE (VEHICLES IN PARALLEL LANES),1,628663,T intersection,2,40,Local Road,BOURKE,MELBOURNE,-37.814636,144.9618,2020,2,February,12,Midday,Weekend
T20200003639,2020-02-16,00:02:00,8,No collision and no object struck,7,Sunday,170,OFF CARRIAGEWAY TO LEFT,3,650872,Not at intersection,3,70,Local Road,MCCLELLAND,FRANKSTON,-38.15169,145.17259,2020,2,February,0,Late Night,Weekend
T20200003672,2020-02-16,15:00:00,1,Collision with vehicle,7,Sunday,130,REAR END(VEHICLES IN SAME LANE),1,629653,Not at intersection,3,50,Arterial Other,SHANNON,GEELONG,-38.134678,144.33752,2020,2,February,15,Afternoon Peak,Weekend
T20200003638,2020-02-16,03:10:00,4,Collision with a fixed object,7,Sunday,171,LEFT OFF CARRIAGEWAY INTO OBJECT/PARKED VEHICLE,3,662846,Not at intersection,3,40,Local Road,COLLINS,MELBOURNE,-37.815014,144.96817,2020,2,February,3,Late Night,Weekend
T20200003635,2020-02-16,00:35:00,1,Collision with vehicle,7,Sunday,160,VEHICLE COLLIDES WITH VEHICLE PARKED ON LEFT OF ROAD,3,658308,Not at intersection,3,60,Arterial Highway,FRANCIS,MARIBYRNONG,-37.820408,144.88339,2020,2,February,0,Late Night,Weekend
T20200003670,2020-02-16,15:00:00,1,Collision with vehicle,7,Sunday,115,RIGHT/LEFT FAR (INTERSECTIONS ONLY),1,639994,T intersection,3,50,Local Road,OLD SYDNEY,MITCHELL,-37.3988,144.95447,2020,2,February,15,Afternoon Peak,Weekend
T20200004094,2020-02-16,10:45:00,1,Collision with vehicle,7,Sunday,130,REAR END(VEHICLES IN SAME LANE),1,784421,Not at intersection,2,60,Arterial Highway,HODDLE,YARRA,-37.79658,144.99352,2020,2,February,10,Midday,Weekend
T20200004370,2020-02-16,11:31:00,1,Collision with vehicle,7,Sunday,135,LANE CHANGE LEFT (NOT OVERTAKING),1,631242,Not at intersection,2,80,Freeway,WEST GATE,MELBOURNE,-37.82578,144.93652,2020,2,February,11,Midday,Weekend
T20200003656,2020-02-16,10:23:00,1,Collision with vehicle,7,Sunday,113,RIGHT NEAR (INTERSECTIONS ONLY),1,41765,Cross intersection,2,60,Arterial Other,WAVERLEY,MONASH,-37.8875,145.15167,2020,2,February,10,Midday,Weekend
T20200003655,2020-02-16,10:00:00,4,Collision with a fixed object,7,Sunday,171,LEFT OFF CARRIAGEWAY INTO OBJECT/PARKED VEHICLE,1,629325,Not at intersection,2,50,Local Road,BRICE,YARRA RANGES,-37.785934,145.31664,2020,2,February,10,Midday,Weekend
T20200005873,2020-02-16,09:50:00,8,No collision and no object struck,7,Sunday,174,OUT OF CONTROL ON CARRIAGEWAY (ON STRAIGHT),1,637801,Not at intersection,3,60,Local Road,INCOLLS,GOLDEN PLAINS,-37.73787,143.75319,2020,2,February,9,Morning Peak,Weekend
T20200003667,2020-02-16,12:42:00,1,Collision with vehicle,7,Sunday,143,ENTERING PARKING,1,90910,Not at intersection,3,40,Arterial Other,CARLISLE,PORT PHILLIP,-37.868725,144.99313,2020,2,February,12,Midday,Weekend
T20200003654,2020-02-16,08:19:00,1,Collision with vehicle,7,Sunday,130,REAR END(VEHICLES IN SAME LANE),1,110260,Not at intersection,2,70,Arterial Other,BALLARAT,BRIMBANK,-37.770435,144.77502,2020,2,February,8,Morning Peak,Weekend
T20200003651,2020-02-16,08:30:00,1,Collision with vehicle,7,Sunday,130,REAR END(VEHICLES IN SAME LANE),1,628993,Cross intersection,3,80,Arterial Highway,NEPEAN,KINGSTON,-37.965595,145.05774,2020,2,February,8,Morning Peak,Weekend
T20200003666,2020-02-16,12:50:00,1,Collision with vehicle,7,Sunday,130,REAR END(VEHICLES IN SAME LANE),1,636129,Cross intersection,2,70,Arterial Highway,NORTH,BAYSIDE,-37.899918,145.00648,2020,2,February,12,Midday,Weekend
T20200003921,2020-02-16,16:00:00,1,Collision with vehicle,7,Sunday,130,REAR END(VEHICLES IN SAME LANE),1,644113,Not at intersection,3,60,Arterial Other,MILLEARA,MOONEE VALLEY,-37.740746,144.8637,2020,2,February,16,Afternoon Peak,Weekend
T20200006288,2020-02-16,10:30:00,5,collision with some other object,7,Sunday,166,STRUCK OBJECT ON CARRIAGEWAY,1,639092,Not at intersection,3,60,Local Road,BLACK CREEK 2,MANSFIELD,-36.94756,145.91005,2020,2,February,10,Midday,Weekend
T20200003705,2020-02-16,22:30:00,6,Vehicle overturned (no collision),7,Sunday,170,OFF CARRIAGEWAY TO LEFT,3,637474,Not at intersection,2,60,Arterial Other,ASHLEY,MARIBYRNONG,-37.79364,144.86308,2020,2,February,22,Night,Weekend
T20200003692,2020-02-16,12:45:00,6,Vehicle overturned (no collision),7,Sunday,180,OFF CARRIAGEWAY ON RIGHT BEND,1,642828,Not at intersection,2,100,Arterial Other,WARBURTON-WOODS POINT,YARRA RANGES,-37.598335,146.1617,2020,2,February,12,Midday,Weekend
T20200003700,2020-02-16,19:25:00,1,Collision with vehicle,7,Sunday,121,RIGHT THROUGH,1,29387,Cross intersection,3,50,Arterial Other,ST KILDA,MELBOURNE,-37.823315,144.97012,2020,2,February,19,Night,Weekend
T20200003699,2020-02-16,18:02:00,1,Collision with vehicle,7,Sunday,110,CROSS TRAFFIC(INTERSECTIONS ONLY),1,630308,Cross intersection,2,70,Arterial Other,CANTERBURY,MAROONDAH,-37.825294,145.25163,2020,2,February,18,Afternoon Peak,Weekend
T20200003697,2020-02-16,20:50:00,4,Collision with a fixed object,7,Sunday,173,RIGHT OFF CARRIAGEWAY INTO OBJECT/PARKED VEHICLE,3,647134,Not at intersection,3,40,Local Road,RUSSELL,MELBOURNE,-37.80747,144.96576,2020,2,February,20,Night,Weekend
T20200004030,2020-02-16,12:30:00,1,Collision with vehicle,7,Sunday,120,HEAD ON (NOT OVERTAKING),1,630617,Not at intersection,2,100,Local Road,MORROWS,PYRENEES,-36.95975,143.20775,2020,2,February,12,Midday,Weekend
T20200003987,2020-02-16,12:30:00,1,Collision with vehicle,7,Sunday,130,REAR END(VEHICLES IN SAME LANE),1,36037,Cross intersection,3,40,Local Road,GLENLYON,MORELAND,-37.772663,144.9715,2020,2,February,12,Midday,Weekend
T20200003694,2020-02-16,18:30:00,1,Collision with vehicle,7,Sunday,120,HEAD ON (NOT OVERTAKING),1,654458,Not at intersection,2,100,Local Road,WATERFALL,SOUTH GIPPSLAND,-38.321438,145.83435,2020,2,February,18,Afternoon Peak,Weekend
T20200003691,2020-02-16,17:19:00,1,Collision with vehicle,7,Sunday,121,RIGHT THROUGH,1,37282,T intersection,2,60,Arterial Other,VICTORIA,YARRA,-37.811127,145.00629,2020,2,February,17,Afternoon Peak,Weekend
T20200003684,2020-02-16,15:25:00,1,Collision with vehicle,7,Sunday,116,LEFT NEAR (INTERSECTIONS ONLY),1,652271,Cross intersection,2,80,Arterial Highway,CHELTENHAM,DANDENONG,-37.994614,145.1754,2020,2,February,15,Afternoon Peak,Weekend
T20200003744,2020-02-16,21:00:00,6,Vehicle overturned (no collision),7,Sunday,170,OFF CARRIAGEWAY TO LEFT,2,663822,Not at intersection,3,80,Local Road,CATTLE STATION HILL,BALLARAT,-37.37555,143.84052,2020,2,February,21,Night,Weekend
T20200003935,2020-02-16,16:00:00,1,Collision with vehicle,7,Sunday,134,LANE CHANGE RIGHT (NOT OVERTAKING),1,12928,T intersection,3,60,Freeway,MT ALEXANDER,MOONEE VALLEY,-37.785995,144.93912,2020,2,February,16,Afternoon Peak,Weekend
T20200003650,2020-02-16,08:10:00,1,Collision with vehicle,7,Sunday,140,U TURN,1,663104,Not at intersection,3,40,Local Road,FLINDERS,MELBOURNE,-37.81868,144.96321,2020,2,February,8,Morning Peak,Weekend
T20200003648,2020-02-16,07:15:00,1,Collision with vehicle,7,Sunday,133,LANE SIDE SWIPE (VEHICLES IN PARALLEL LANES),1,628992,T intersection,2,80,Arterial Highway,NEPEAN,GLEN EIRA,-37.92059,145.0226,2020,2,February,7,Morning Peak,Weekend
T20200003647,2020-02-16,00:00:00,8,No collision and no object struck,7,Sunday,170,OFF CARRIAGEWAY TO LEFT,5,654798,Not at intersection,2,100,Arterial Other,HORSHAM-LUBECK,HORSHAM,-36.72376,142.25912,2020,2,February,0,Late Night,Weekend
T20200003679,2020-02-16,05:49:00,2,Struck Pedestrian,7,Sunday,103,PED PLAYING/LYING/WORKING/STANDING ON CARRIAGEWAY.,3,629345,Not at intersection,1,60,Arterial Highway,DOOEN,HORSHAM,-36.7035,142.21542,2020,2,February,5,Morning Peak,Weekend
T20200004184,2020-02-16,04:50:00,1,Collision with vehicle,7,Sunday,160,VEHICLE COLLIDES WITH VEHICLE PARKED ON LEFT OF ROAD,2,640325,Not at intersection,2,40,Local Road,COLEBROOK,MORELAND,-37.755615,144.96146,2020,2,February,4,Late Night,Weekend
T20200003678,2020-02-16,14:00:00,1,Collision with vehicle,7,Sunday,133,LANE SIDE SWIPE (VEHICLES IN PARALLEL LANES),1,663091,Not at intersection,3,50,Local Road,BLYTH,MORELAND,-37.767338,144.9828,2020,2,February,14,Midday,Weekend
T20200003676,2020-02-16,01:45:00,4,Collision with a fixed object,7,Sunday,181,OFF RIGHT BEND INTO OBJECT/PARKED VEHICLE,5,663303,Not at intersection,3,100,Arterial Other,MERRIANG,WHITTLESEA,-37.519802,145.02731,2020,2,February,1,Late Night,Weekend
T20200003675,2020-02-16,16:00:00,1,Collision with vehicle,7,Sunday,130,REAR END(VEHICLES IN SAME LANE),1,628994,Not at intersection,2,60,Arterial Other,BEACH,BAYSIDE,-37.985306,145.02487,2020,2,February,16,Afternoon Peak,Weekend
T20200006334,2020-02-17,17:05:00,1,Collision with vehicle,1,Monday,110,CROSS TRAFFIC(INTERSECTIONS ONLY),1,29361,Cross intersection,2,40,Local Road,CANNING,YARRA,-37.784916,144.97507,2020,2,February,17,Afternoon Peak,Weekday
T20200003853,2020-02-17,09:40:00,2,Struck Pedestrian,1,Monday,100,PED NEAR SIDE. PED HIT BY VEHICLE FROM THE RIGHT.,1,629333,Cross intersection,3,50,Arterial Other,SEYMOUR,BOROONDARA,-37.835346,145.05603,2020,2,February,9,Morning Peak,Weekday
T20200003953,2020-02-17,16:45:00,1,Collision with vehicle,1,Monday,110,CROSS TRAFFIC(INTERSECTIONS ONLY),1,40007,Cross intersection,3,60,Arterial Other,MELBOURNE,HOBSONS BAY,-37.856316,144.89249,2020,2,February,16,Afternoon Peak,Weekday
T20200003951,2020-02-17,17:30:00,2,Struck Pedestrian,1,Monday,100,PED NEAR SIDE. PED HIT BY VEHICLE FROM THE RIGHT.,1,55529,T intersection,3,50,Arterial Other,LITTLE YARRA,YARRA RANGES,-37.782326,145.61435,2020,2,February,17,Afternoon Peak,Weekday
T20200005226,2020-02-17,12:50:00,1,Collision with vehicle,1,Monday,130,REAR END(VEHICLES IN SAME LANE),1,53300,Cross intersection,3,40,Arterial Highway,DOVETON STREET N-DOVETON,BALLARAT,-37.561447,143.85484,2020,2,February,12,Midday,Weekday
T20200003771,2020-02-17,14:19:00,2,Struck Pedestrian,1,Monday,102,FAR SIDE. PED HIT BY VEHICLE FROM THE LEFT,1,65743,Cross intersection,2,40,Local Road,ELIZABETH,MELBOURNE,-37.810318,144.96136,2020,2,February,14,Midday,Weekday
T20200003770,2020-02-17,13:40:00,1,Collision with vehicle,1,Monday,110,CROSS TRAFFIC(INTERSECTIONS ONLY),1,32012,Cross intersection,3,60,Arterial Highway,BURWOOD,WHITEHORSE,-37.850708,145.11993,2020,2,February,13,Midday,Weekday
T20200003767,2020-02-17,09:06:00,1,Collision with vehicle,1,Monday,130,REAR END(VEHICLES IN SAME LANE),1,53981,Not at intersection,2,80,Freeway,PRINCES,WYNDHAM,-37.877377,144.72182,2020,2,February,9,Morning Peak,Weekday
T20200003762,2020-02-17,07:50:00,1,Collision with vehicle,1,Monday,130,REAR END(VEHICLES IN SAME LANE),1,630613,Not at intersection,3,40,Freeway,WESTERN,MELTON,-37.715797,144.64018,2020,2,February,7,Morning Peak,Weekday
T20200003739,2020-02-17,10:25:00,4,Collision with a fixed object,1,Monday,171,LEFT OFF CARRIAGEWAY INTO OBJECT/PARKED VEHICLE,1,328531,Not at intersection,2,70,Arterial Other,PRINCES,WYNDHAM,-37.907433,144.64536,2020,2,February,10,Midday,Weekday
T20200003759,2020-02-17,13:00:00,1,Collision with vehicle,1,Monday,130,REAR END(VEHICLES IN SAME LANE),1,35546,Cross intersection,3,80,Arterial Highway,DANDENONG,STONNINGTON,-37.88389,145.05807,2020,2,February,13,Midday,Weekday
T20200003754,2020-02-17,11:30:00,1,Collision with vehicle,1,Monday,135,LANE CHANGE LEFT (NOT OVERTAKING),1,631557,Not at intersection,3,80,Arterial Highway,MAROONDAH,MAROONDAH,-37.780758,145.28888,2020,2,February,11,Midday,Weekday
T20200003751,2020-02-17,13:00:00,1,Collision with vehicle,1,Monday,147,VEHICLE STRIKES ANOTHER VEH WHILE EMERGING FROM DRIVEWAY,1,666797,Not at intersection,2,50,Local Road,STEPHEN,SOUTHERN GRAMPIANS,-37.73514,142.01624,2020,2,February,13,Midday,Weekday
T20200003748,2020-02-17,09:19:00,1,Collision with vehicle,1,Monday,130,REAR END(VEHICLES IN SAME LANE),1,773335,Not at intersection,2,70,Arterial Highway,SETTLEMENT,GEELONG,-38.175728,144.35205,2020,2,February,9,Morning Peak,Weekday
T20200003747,2020-02-17,11:00:00,1,Collision with vehicle,1,Monday,110,CROSS TRAFFIC(INTERSECTIONS ONLY),1,52915,Cross intersection,3,60,Arterial Other,MAIN,BALLARAT,-37.567093,143.8685,2020,2,February,11,Midday,Weekday
T20200003746,2020-02-17,08:39:00,2,Struck Pedestrian,1,Monday,100,PED NEAR SIDE. PED HIT BY VEHICLE FROM THE RIGHT.,1,629328,Not at intersection,2,60,Arterial Other,HIGH STREET,MONASH,-37.87256,145.1514,2020,2,February,8,Morning Peak,Weekday
T20200003745,2020-02-17,06:00:00,1,Collision with vehicle,1,Monday,130,REAR END(VEHICLES IN SAME LANE),2,642516,Not at intersection,3,60,Local Road,RAILWAY,WYNDHAM,-37.891018,144.67961,2020,2,February,6,Morning Peak,Weekday
T20200003736,2020-02-17,08:16:00,1,Collision with vehicle,1,Monday,147,VEHICLE STRIKES ANOTHER VEH WHILE EMERGING FROM DRIVEWAY,1,662661,Not at intersection,3,80,Arterial Highway,MAROONDAH,MAROONDAH,-37.803165,145.24696,2020,2,February,8,Morning Peak,Weekday
T20200007898,2020-02-17,10:24:00,1,Collision with vehicle,1,Monday,130,REAR END(VEHICLES IN SAME LANE),1,233589,Not at intersection,3,60,Local Road,WESTWOOD,MELTON,-37.76227,144.75414,2020,2,February,10,Midday,Weekday
T20200004003,2020-02-17,08:40:00,1,Collision with vehicle,1,Monday,135,LANE CHANGE LEFT (NOT OVERTAKING),1,645052,Not at intersection,2,50,Arterial Other,WILLIAMS,STONNINGTON,-37.850883,145.00276,2020,2,February,8,Morning Peak,Weekday
T20200003845,2020-02-17,14:30:00,1,Collision with vehicle,1,Monday,135,LANE CHANGE LEFT (NOT OVERTAKING),1,679322,Not at intersection,2,80,Arterial Other,FITZGERALD,BRIMBANK,-37.81153,144.78754,2020,2,February,14,Midday,Weekday
T20200004769,2020-02-17,08:30:00,1,Collision with vehicle,1,Monday,112,LEFT FAR (INTERSECTIONS ONLY),1,668313,T intersection,3,50,Local Road,BIGNELL,GLEN EIRA,-37.93232,145.06966,2020,2,February,8,Morning Peak,Weekday
T20200003820,2020-02-17,19:05:00,4,Collision with a fixed object,1,Monday,173,RIGHT OFF CARRIAGEWAY INTO OBJECT/PARKED VEHICLE,1,655976,Not at intersection,1,100,Local Road,CRAVEN,SHEPPARTON,-36.43432,145.27737,2020,2,February,19,Night,Weekday
T20200003818,2020-02-17,21:00:00,1,Collision with vehicle,1,Monday,130,REAR END(VEHICLES IN SAME LANE),3,293502,Cross intersection,2,60,Local Road,FITZGERALD,BRIMBANK,-37.7918,144.79033,2020,2,February,21,Night,Weekday
T20200004475,2020-02-17,20:38:00,5,collision with some other object,1,Monday,166,STRUCK OBJECT ON CARRIAGEWAY,5,631891,Not at intersection,2,80,Arterial Other,HUME,HUME,-37.612385,144.9463,2020,2,February,20,Night,Weekday
T20200003809,2020-02-17,16:00:00,1,Collision with vehicle,1,Monday,113,RIGHT NEAR (INTERSECTIONS ONLY),1,652376,T intersection,3,50,Local Road,WALKER,BAW BAW,-38.133007,145.86346,2020,2,February,16,Afternoon Peak,Weekday
T20200003808,2020-02-17,19:08:00,4,Collision with a fixed object,1,Monday,171,LEFT OFF CARRIAGEWAY INTO OBJECT/PARKED VEHICLE,1,629332,Not at intersection,2,60,Local Road,MONT ALBERT,WHITEHORSE,-37.822178,145.11336,2020,2,February,19,Night,Weekday
T20200003782,2020-02-17,14:30:00,1,Collision with vehicle,1,Monday,135,LANE CHANGE LEFT (NOT OVERTAKING),1,640324,Not at intersection,2,80,Arterial Highway,SOUTH GIPPSLAND,CASEY,-38.121628,145.28825,2020,2,February,14,Midday,Weekday
T20200003785,2020-02-17,10:15:00,1,Collision with vehicle,1,Monday,130,REAR END(VEHICLES IN SAME LANE),1,643142,Not at intersection,1,80,Arterial Other,BONEO,MORNINGTON PENINSULA,-38.37881,144.889,2020,2,February,10,Midday,Weekday
T20200003788,2020-02-17,06:15:00,1,Collision with vehicle,1,Monday,120,HEAD ON (NOT OVERTAKING),5,630926,Not at intersection,2,70,Arterial Other,HOPKINS,MELTON,-37.75129,144.70398,2020,2,February,6,Morning Peak,Weekday
T20200003804,2020-02-17,17:55:00,1,Collision with vehicle,1,Monday,121,RIGHT THROUGH,1,733,T intersection,3,60,Arterial Highway,BELL,MORELAND,-37.73818,144.93727,2020,2,February,17,Afternoon Peak,Weekday
T20200003994,2020-02-17,16:30:00,1,Collision with vehicle,1,Monday,130,REAR END(VEHICLES IN SAME LANE),1,668074,Not at intersection,3,100,Freeway,WESTERN IN-WESTERN RING,BRIMBANK,-37.79139,144.78714,2020,2,February,16,Afternoon Peak,Weekday
T20200003836,2020-02-17,07:08:00,4,Collision with a fixed object,1,Monday,171,LEFT OFF CARRIAGEWAY INTO OBJECT/PARKED VEHICLE,1,631230,Not at intersection,2,100,Arterial Other,MURRADOC,GEELONG,-38.18438,144.66399,2020,2,February,7,Morning Peak,Weekday
T20200003803,2020-02-17,17:40:00,1,Collision with vehicle,1,Monday,130,REAR END(VEHICLES IN SAME LANE),1,39286,T intersection,3,60,Arterial Other,ELGAR,WHITEHORSE,-37.79989,145.11812,2020,2,February,17,Afternoon Peak,Weekday
T20200003798,2020-02-17,16:55:00,1,Collision with vehicle,1,Monday,148,VEHICLE OFF FOOTPATH STRIKES VEH ON CARRIAGEWAY,1,629330,T intersection,2,40,Local Road,PALMYRA,MELBOURNE,-37.813354,144.94365,2020,2,February,16,Afternoon Peak,Weekday
T20200003795,2020-02-17,15:22:00,1,Collision with vehicle,1,Monday,160,VEHICLE COLLIDES WITH VEHICLE PARKED ON LEFT OF ROAD,1,629329,Not at intersection,3,40,Local Road,POETS,PORT PHILLIP,-37.88139,144.99026,2020,2,February,15,Afternoon Peak,Weekday
T20200003794,2020-02-17,17:00:00,1,Collision with vehicle,1,Monday,130,REAR END(VEHICLES IN SAME LANE),1,668068,Not at intersection,3,60,Arterial Highway,SETTLEMENT,GEELONG,-38.181625,144.3486,2020,2,February,17,Afternoon Peak,Weekday
T20200003832,2020-02-17,11:29:00,4,Collision with a fixed object,1,Monday,173,RIGHT OFF CARRIAGEWAY INTO OBJECT/PARKED VEHICLE,1,773224,Not at intersection,2,100,Arterial Other,PORTARLINGTON,GEELONG,-38.172337,144.44026,2020,2,February,11,Midday,Weekday
T20200003817,2020-02-17,17:30:00,4,Collision with a fixed object,1,Monday,173,RIGHT OFF CARRIAGEWAY INTO OBJECT/PARKED VEHICLE,1,773223,Not at intersection,2,60,Arterial Other,MACAULAY,MELBOURNE,-37.79562,144.93909,2020,2,February,17,Afternoon Peak,Weekday
T20200004324,2020-02-17,16:30:00,1,Collision with vehicle,1,Monday,121,RIGHT THROUGH,1,661863,T intersection,3,40,Local Road,WANDA,YARRA RANGES,-37.772854,145.41658,2020,2,February,16,Afternoon Peak,Weekday
T20200004494,2020-02-17,09:45:00,1,Collision with vehicle,1,Monday,143,ENTERING PARKING,1,783524,Not at intersection,3,30,Local Road,WELLINGTON,YARRA,-37.795876,144.98792,2020,2,February,9,Morning Peak,Weekday
T20200003815,2020-02-17,18:00:00,1,Collision with vehicle,1,Monday,120,HEAD ON (NOT OVERTAKING),1,640635,Not at intersection,2,80,Arterial Other,WOODS POINT,YARRA RANGES,-37.612583,145.90665,2020,2,February,18,Afternoon Peak,Weekday
T20200003728,2020-02-17,10:24:00,1,Collision with vehicle,1,Monday,143,ENTERING PARKING,1,106176,Not at intersection,3,40,Local Road,HIGH,DAREBIN,-37.739517,145.00377,2020,2,February,10,Midday,Weekday
T20200005427,2020-02-17,12:00:00,1,Collision with vehicle,1,Monday,113,RIGHT NEAR (INTERSECTIONS ONLY),1,29704,T intersection,2,60,Local Road,CORRIGAN,DANDENONG,-37.97711,145.16605,2020,2,February,12,Midday,Weekday
T20200003725,2020-02-17,09:47:00,8,No collision and no object struck,1,Monday,198,OTHER ACCIDENTS NOT CLASSIFIABLE ELSEWHERE,1,629327,Not at intersection,3,50,Local Road,CALLAWAY,BRIMBANK,-37.793343,144.79147,2020,2,February,9,Morning Peak,Weekday
T20200003721,2020-02-17,08:34:00,1,Collision with vehicle,1,Monday,116,LEFT NEAR (INTERSECTIONS ONLY),1,629326,T intersection,3,60,Local Road,SOMERSET,MORNINGTON PENINSULA,-38.289204,145.01648,2020,2,February,8,Morning Peak,Weekday
T20200003812,2020-02-17,08:10:00,1,Collision with vehicle,1,Monday,121,RIGHT THROUGH,1,37623,T intersection,3,60,Arterial Other,HIGH,STONNINGTON,-37.850864,144.98572,2020,2,February,8,Morning Peak,Weekday
T20200003783,2020-02-17,08:45:00,4,Collision with a fixed object,1,Monday,171,LEFT OFF CARRIAGEWAY INTO OBJECT/PARKED VEHICLE,1,636504,Not at intersection,2,50,Local Road,MACAULAY,MELBOURNE,-37.795128,144.93619,2020,2,February,8,Morning Peak,Weekday
T20200003826,2020-02-18,02:34:00,4,Collision with a fixed object,2,Tuesday,171,LEFT OFF CARRIAGEWAY INTO OBJECT/PARKED VEHICLE,3,351562,Cross intersection,3,60,Arterial Other,HEATHS,WYNDHAM,-37.87766,144.68294,2020,2,February,2,Late Night,Weekday
T20200003887,2020-02-18,08:45:00,1,Collision with vehicle,2,Tuesday,121,RIGHT THROUGH,1,45490,Not at intersection,2,60,Arterial Other,MT ALEXANDER,MOONEE VALLEY,-37.783333,144.9355,2020,2,February,8,Morning Peak,Weekday
T20200003882,2020-02-18,14:05:00,1,Collision with vehicle,2,Tuesday,146,REVERSING INTO FIXED OBJECT/PARKED VEHICLE,1,663294,Not at intersection,2,50,Local Road,DENNIS,COLAC OTWAY,-38.338547,143.58623,2020,2,February,14,Midday,Weekday
T20200003881,2020-02-18,12:55:00,2,Struck Pedestrian,2,Tuesday,102,FAR SIDE. PED HIT BY VEHICLE FROM THE LEFT,1,630927,Not at intersection,3,50,Local Road,SUN,BRIMBANK,-37.788498,144.8312,2020,2,February,12,Midday,Weekday
T20200003875,2020-02-18,11:40:00,1,Collision with vehicle,2,Tuesday,130,REAR END(VEHICLES IN SAME LANE),1,629336,Not at intersection,2,80,Arterial Highway,PRINCES,GEELONG,-38.083305,144.35953,2020,2,February,11,Midday,Weekday
T20200003874,2020-02-18,13:30:00,1,Collision with vehicle,2,Tuesday,113,RIGHT NEAR (INTERSECTIONS ONLY),1,38949,T intersection,2,60,Arterial Other,HIGH,BOROONDARA,-37.80279,145.0419,2020,2,February,13,Midday,Weekday
T20200003872,2020-02-18,14:05:00,1,Collision with vehicle,2,Tuesday,130,REAR END(VEHICLES IN SAME LANE),1,729159,Not at intersection,3,50,Local Road,CONISTON,CASEY,-38.03141,145.3355,2020,2,February,14,Midday,Weekday
T20200004526,2020-02-18,13:45:00,1,Collision with vehicle,2,Tuesday,143,ENTERING PARKING,1,636138,Not at intersection,3,60,Arterial Other,MALVERN,STONNINGTON,-37.872173,145.06293,2020,2,February,13,Midday,Weekday
T20200003871,2020-02-18,08:05:00,1,Collision with vehicle,2,Tuesday,130,REAR END(VEHICLES IN SAME LANE),1,729158,Not at intersection,3,80,Arterial Other,CANTERBURY,YARRA RANGES,-37.816193,145.32431,2020,2,February,8,Morning Peak,Weekday
T20200003859,2020-02-18,10:29:00,4,Collision with a fixed object,2,Tuesday,171,LEFT OFF CARRIAGEWAY INTO OBJECT/PARKED VEHICLE,1,773336,Not at intersection,2,40,Local Road,SERRELL,STONNINGTON,-37.88166,145.06201,2020,2,February,10,Midday,Weekday
T20200003857,2020-02-18,09:27:00,2,Struck Pedestrian,2,Tuesday,108,PED STRUCK WALKING TO/FROM OR BOARDING/ALIGHTING VEHICLE.,1,629334,Not at intersection,2,40,Arterial Other,POINT LONSDALE,QUEENSCLIFFE,-38.28529,144.61455,2020,2,February,9,Morning Peak,Weekday
T20200003949,2020-02-18,10:00:00,1,Collision with vehicle,2,Tuesday,135,LANE CHANGE LEFT (NOT OVERTAKING),1,629661,Not at intersection,3,100,Freeway,CALDER,BRIMBANK,-37.723553,144.84407,2020,2,February,10,Midday,Weekday