ACCIDENT_NO,ACCIDENT_DATE,ACCIDENT_TIME,ACCIDENT_TYPE,ACCIDENT_TYPE_DESC,DAY_OF_WEEK,DAY_WEEK_DESC,DCA_CODE,DCA_DESC,LIGHT_CONDITION,NODE_ID,ROAD_GEOMETRY_DESC,SEVERITY,SPEED_ZONE,RMA,ROAD_NAME,LGA_NAME,LATITUDE,LONGITUDE,YEAR,MONTH,MONTH_NAME,HOUR,TIME_PERIOD,DAY_TYPE
T20200003855,2020-02-18,08:35:00,1,Collision with vehicle,2,Tuesday,110,CROSS TRAFFIC(INTERSECTIONS ONLY),1,72445,Cross intersection,2,50,Local Road,FRANCIS,GEELONG,-38.17617,144.3488,2020,2,February,8,Morning Peak,Weekday
T20200003852,2020-02-18,08:30:00,1,Collision with vehicle,2,Tuesday,148,VEHICLE OFF FOOTPATH STRIKES VEH ON CARRIAGEWAY,1,35497,Cross intersection,2,60,Arterial Highway,ST KILDA,PORT PHILLIP,-37.86045,144.9841,2020,2,February,8,Morning Peak,Weekday
T20200003849,2020-02-18,09:10:00,1,Collision with vehicle,2,Tuesday,148,VEHICLE OFF FOOTPATH STRIKES VEH ON CARRIAGEWAY,1,42825,T intersection,3,60,Arterial Other,CENTRE DANDENONG,KINGSTON,-37.969257,145.08707,2020,2,February,9,Morning Peak,Weekday
T20200004071,2020-02-18,14:57:00,1,Collision with vehicle,2,Tuesday,130,REAR END(VEHICLES IN SAME LANE),1,630001,Not at intersection,3,100,Freeway,BURKE-MONASH OUT,STONNINGTON,-37.85218,145.05374,2020,2,February,14,Midday,Weekday
T20200003848,2020-02-18,08:11:00,1,Collision with vehicle,2,Tuesday,130,REAR END(VEHICLES IN SAME LANE),1,629655,Not at intersection,2,100,Freeway,HUME,WHITTLESEA,-37.598194,144.95427,2020,2,February,8,Morning Peak,Weekday
T20200009103,2020-02-18,17:30:00,1,Collision with vehicle,2,Tuesday,130,REAR END(VEHICLES IN SAME LANE),1,729264,Cross intersection,3,70,Arterial Highway,BURWOOD,WHITEHORSE,-37.85497,145.16931,2020,2,February,17,Afternoon Peak,Weekday
T20200003843,2020-02-18,07:56:00,1,Collision with vehicle,2,Tuesday,130,REAR END(VEHICLES IN SAME LANE),1,630310,Not at intersection,3,60,Arterial Highway,ALBERT,DAREBIN,-37.728806,145.02562,2020,2,February,7,Morning Peak,Weekday
T20200003835,2020-02-18,07:09:00,1,Collision with vehicle,2,Tuesday,163,VEHICLE STRIKES DOOR OF PARKED/STATIONARY VEHICLE,2,631558,Not at intersection,3,50,Local Road,HENRY,CARDINIA,-38.078243,145.48773,2020,2,February,7,Morning Peak,Weekday
T20200003834,2020-02-18,05:40:00,8,No collision and no object struck,2,Tuesday,170,OFF CARRIAGEWAY TO LEFT,3,647446,Not at intersection,2,70,Arterial Other,FORSYTH,WYNDHAM,-37.8692,144.7349,2020,2,February,5,Morning Peak,Weekday
T20200003830,2020-02-18,05:40:00,1,Collision with vehicle,2,Tuesday,133,LANE SIDE SWIPE (VEHICLES IN PARALLEL LANES),3,663230,Not at intersection,3,100,Freeway,WESTERN RING,BRIMBANK,-37.719975,144.87013,2020,2,February,5,Morning Peak,Weekday
T20200003828,2020-02-18,00:55:00,4,Collision with a fixed object,2,Tuesday,173,RIGHT OFF CARRIAGEWAY INTO OBJECT/PARKED VEHICLE,3,43734,Cross intersection,2,60,Local Road,BARRIES,MELTON,-37.688786,144.57776,2020,2,February,0,Late Night,Weekday
T20200003825,2020-02-18,00:01:00,4,Collision with a fixed object,2,Tuesday,173,RIGHT OFF CARRIAGEWAY INTO OBJECT/PARKED VEHICLE,3,629160,Not at intersection,1,80,Arterial Highway,WELLINGTON,MONASH,-37.916702,145.1428,2020,2,February,0,Late Night,Weekday
T20200004570,2020-02-18,20:36:00,1,Collision with vehicle,2,Tuesday,121,RIGHT THROUGH,2,322131,Cross intersection,3,80,Arterial Highway,WARRIGAL,KINGSTON,-37.9388,145.07965,2020,2,February,20,Night,Weekday
T20200003918,2020-02-18,22:30:00,1,Collision with vehicle,2,Tuesday,130,REAR END(VEHICLES IN SAME LANE),3,668072,Not at intersection,3,100,Freeway,MONASH,MONASH,-37.915085,145.16847,2020,2,February,22,Night,Weekday
T20200003916,2020-02-18,18:50:00,1,Collision with vehicle,2,Tuesday,143,ENTERING PARKING,1,636506,Not at intersection,3,50,Local Road,LONSDALE,MELBOURNE,-37.81049,144.96841,2020,2,February,18,Afternoon Peak,Weekday
T20200003909,2020-02-18,20:00:00,4,Collision with a fixed object,2,Tuesday,171,LEFT OFF CARRIAGEWAY INTO OBJECT/PARKED VEHICLE,5,642045,Not at intersection,2,80,Local Road,MANKS,CARDINIA,-38.17353,145.40527,2020,2,February,20,Night,Weekday
T20200003907,2020-02-18,21:15:00,8,No collision and no object struck,2,Tuesday,174,OUT OF CONTROL ON CARRIAGEWAY (ON STRAIGHT),9,629659,Not at intersection,3,50,Local Road,EDGAR,MARIBYRNONG,-37.80892,144.87698,2020,2,February,21,Night,Weekday
T20200003905,2020-02-18,15:00:00,8,No collision and no object struck,2,Tuesday,174,OUT OF CONTROL ON CARRIAGEWAY (ON STRAIGHT),1,629990,Not at intersection,3,50,Local Road,THE CENTREWAY,GEELONG,-38.023094,144.40805,2020,2,February,15,Afternoon Peak,Weekday
T20200003904,2020-02-18,17:45:00,4,Collision with a fixed object,2,Tuesday,183,OFF LEFT BEND INTO OBJECT/PARKED VEHICLE,1,780597,Not at intersection,3,100,Local Road,MOYNE FALLS-HAWKESDALE,MOYNE,-38.10461,142.29674,2020,2,February,17,Afternoon Peak,Weekday
T20200003991,2020-02-18,07:30:00,6,Vehicle overturned (no collision),2,Tuesday,174,OUT OF CONTROL ON CARRIAGEWAY (ON STRAIGHT),1,630313,Not at intersection,3,60,Arterial Other,MARINE,PORT PHILLIP,-37.876125,144.97699,2020,2,February,7,Morning Peak,Weekday
T20200003900,2020-02-18,17:15:00,4,Collision with a fixed object,2,Tuesday,181,OFF RIGHT BEND INTO OBJECT/PARKED VEHICLE,1,663095,Not at intersection,3,100,Arterial Other,DROUIN-KORUMBURRA,SOUTH GIPPSLAND,-38.281155,145.78212,2020,2,February,17,Afternoon Peak,Weekday
T20200003899,2020-02-18,16:22:00,1,Collision with vehicle,2,Tuesday,120,HEAD ON (NOT OVERTAKING),1,307232,Not at intersection,2,80,Local Road,BEENAK,YARRA RANGES,-37.887276,145.6222,2020,2,February,16,Afternoon Peak,Weekday
T20200003898,2020-02-18,15:35:00,1,Collision with vehicle,2,Tuesday,114,TWO RIGHT TURNING (INTERSECTIONS ONLY),1,71912,T intersection,2,50,Local Road,BEACH,FRANKSTON,-38.142467,145.13068,2020,2,February,15,Afternoon Peak,Weekday
T20200003897,2020-02-18,15:30:00,2,Struck Pedestrian,2,Tuesday,100,PED NEAR SIDE. PED HIT BY VEHICLE FROM THE RIGHT.,1,630615,Not at intersection,3,50,Local Road,RAILWAY,HOBSONS BAY,-37.864037,144.894,2020,2,February,15,Afternoon Peak,Weekday
T20200006609,2020-02-18,16:30:00,1,Collision with vehicle,2,Tuesday,121,RIGHT THROUGH,1,53208,Cross intersection,3,80,Arterial Highway,BELLARINE,GEELONG,-38.18918,144.4643,2020,2,February,16,Afternoon Peak,Weekday
T20200003896,2020-02-18,15:15:00,8,No collision and no object struck,2,Tuesday,174,OUT OF CONTROL ON CARRIAGEWAY (ON STRAIGHT),1,36463,T intersection,2,40,Local Road,GLEN HUNTLY,GLEN EIRA,-37.884724,145.00415,2020,2,February,15,Afternoon Peak,Weekday
T20200009135,2020-02-18,09:10:00,1,Collision with vehicle,2,Tuesday,133,LANE SIDE SWIPE (VEHICLES IN PARALLEL LANES),1,652180,T intersection,2,70,Arterial Highway,NORTH,GLEN EIRA,-37.90362,145.03792,2020,2,February,9,Morning Peak,Weekday
T20200004163,2020-02-18,08:04:00,1,Collision with vehicle,2,Tuesday,130,REAR END(VEHICLES IN SAME LANE),1,630319,Not at intersection,2,50,Local Road,BLYTH,MORELAND,-37.76671,144.97401,2020,2,February,8,Morning Peak,Weekday
T20200003956,2020-02-18,19:40:00,1,Collision with vehicle,2,Tuesday,130,REAR END(VEHICLES IN SAME LANE),1,650559,Not at intersection,3,80,Freeway,WEST GATE,HOBSONS BAY,-37.82855,144.89636,2020,2,February,19,Night,Weekday
T20200003920,2020-02-19,00:40:00,4,Collision with a fixed object,3,Wednesday,173,RIGHT OFF CARRIAGEWAY INTO OBJECT/PARKED VEHICLE,3,662866,Not at intersection,3,80,Arterial Other,KOROROIT CREEK,HOBSONS BAY,-37.848267,144.81752,2020,2,February,0,Late Night,Weekday
T20200004167,2020-02-19,08:40:00,1,Collision with vehicle,3,Wednesday,130,REAR END(VEHICLES IN SAME LANE),9,632515,Not at intersection,3,60,Local Road,SHRIVES,CASEY,-38.028793,145.30121,2020,2,February,8,Morning Peak,Weekday
T20200004013,2020-02-19,17:40:00,4,Collision with a fixed object,3,Wednesday,173,RIGHT OFF CARRIAGEWAY INTO OBJECT/PARKED VEHICLE,1,660226,Not at intersection,2,100,Freeway,PRINCES,GEELONG,-38.000225,144.49588,2020,2,February,17,Afternoon Peak,Weekday
T20200004001,2020-02-19,19:00:00,2,Struck Pedestrian,3,Wednesday,100,PED NEAR SIDE. PED HIT BY VEHICLE FROM THE RIGHT.,2,631884,T intersection,3,40,Local Road,LITTLE COLLINS,MELBOURNE,-37.81285,144.97173,2020,2,February,19,Night,Weekday
T20200003979,2020-02-19,11:35:00,1,Collision with vehicle,3,Wednesday,130,REAR END(VEHICLES IN SAME LANE),1,270703,T intersection,2,80,Arterial Highway,MURRAY VALLEY,MOIRA,-36.01273,146.02081,2020,2,February,11,Midday,Weekday
T20200004902,2020-02-19,20:30:00,8,No collision and no object struck,3,Wednesday,174,OUT OF CONTROL ON CARRIAGEWAY (ON STRAIGHT),9,632821,T intersection,3,60,Arterial Other,RIVERSDALE,BOROONDARA,-37.833263,145.07315,2020,2,February,20,Night,Weekday
T20200007690,2020-02-19,15:30:00,2,Struck Pedestrian,3,Wednesday,100,PED NEAR SIDE. PED HIT BY VEHICLE FROM THE RIGHT.,1,649364,Not at intersection,3,40,Local Road,HAMPTON,HUME,-37.57948,144.92154,2020,2,February,15,Afternoon Peak,Weekday
T20200004005,2020-02-19,17:23:00,1,Collision with vehicle,3,Wednesday,130,REAR END(VEHICLES IN SAME LANE),1,630928,Not at intersection,3,60,Arterial Other,HALLAM SOUTH,CASEY,-38.015076,145.27153,2020,2,February,17,Afternoon Peak,Weekday
T20200003973,2020-02-19,12:20:00,1,Collision with vehicle,3,Wednesday,110,CROSS TRAFFIC(INTERSECTIONS ONLY),1,35704,Cross intersection,3,60,Arterial Other,MT ALEXANDER,MOONEE VALLEY,-37.762165,144.92175,2020,2,February,12,Midday,Weekday
T20200005162,2020-02-19,16:30:00,1,Collision with vehicle,3,Wednesday,130,REAR END(VEHICLES IN SAME LANE),1,45257,T intersection,3,60,Arterial Other,RALEIGH,MARIBYRNONG,-37.769634,144.89777,2020,2,February,16,Afternoon Peak,Weekday
T20200004166,2020-02-19,16:02:00,1,Collision with vehicle,3,Wednesday,130,REAR END(VEHICLES IN SAME LANE),1,729162,Not at intersection,3,100,Freeway,WESTERN RING,HUME,-37.694225,144.91504,2020,2,February,16,Afternoon Peak,Weekday
T20200004638,2020-02-19,07:30:00,4,Collision with a fixed object,3,Wednesday,173,RIGHT OFF CARRIAGEWAY INTO OBJECT/PARKED VEHICLE,2,663818,Multiple intersection,3,100,Freeway,MAROONDAH-EASTLINK OUT,MAROONDAH,-37.817345,145.21727,2020,2,February,7,Morning Peak,Weekday
T20200004131,2020-02-19,09:00:00,1,Collision with vehicle,3,Wednesday,130,REAR END(VEHICLES IN SAME LANE),1,50094,Cross intersection,3,70,Arterial Highway,BELLARINE HIGHWAY -ORMOND,GEELONG,-38.168503,144.38455,2020,2,February,9,Morning Peak,Weekday
T20200003969,2020-02-19,15:00:00,1,Collision with vehicle,3,Wednesday,147,VEHICLE STRIKES ANOTHER VEH WHILE EMERGING FROM DRIVEWAY,1,663641,Not at intersection,3,60,Local Road,GAP,MACEDON RANGES,-37.449295,144.67339,2020,2,February,15,Afternoon Peak,Weekday
T20200003999,2020-02-19,16:52:00,1,Collision with vehicle,3,Wednesday,130,REAR END(VEHICLES IN SAME LANE),1,629994,T intersection,3,60,Arterial Other,HIGHBURY,MONASH,-37.85852,145.14009,2020,2,February,16,Afternoon Peak,Weekday
T20200004132,2020-02-19,15:00:00,1,Collision with vehicle,3,Wednesday,140,U TURN,1,630619,Not at intersection,3,60,Arterial Other,ELGAR,MANNINGHAM,-37.7893,145.12337,2020,2,February,15,Afternoon Peak,Weekday
T20200003966,2020-02-19,11:45:00,6,Vehicle overturned (no collision),3,Wednesday,172,OFF CARRIAGEWAY TO RIGHT,1,773338,Not at intersection,2,100,Arterial Other,HYLAND,WELLINGTON,-38.355175,146.71793,2020,2,February,11,Midday,Weekday
T20200009428,2020-02-19,17:30:00,1,Collision with vehicle,3,Wednesday,121,RIGHT THROUGH,1,40963,T intersection,3,70,Arterial Other,BAYSWATER,MAROONDAH,-37.834362,145.27045,2020,2,February,17,Afternoon Peak,Weekday
T20200003997,2020-02-19,13:34:00,1,Collision with vehicle,3,Wednesday,147,VEHICLE STRIKES ANOTHER VEH WHILE EMERGING FROM DRIVEWAY,1,652006,Not at intersection,2,80,Arterial Highway,MAROONDAH,YARRA RANGES,-37.76777,145.29999,2020,2,February,13,Midday,Weekday
T20200003988,2020-02-19,17:00:00,1,Collision with vehicle,3,Wednesday,130,REAR END(VEHICLES IN SAME LANE),1,654155,Not at intersection,3,50,Local Road,TURNHAM,BANYULE,-37.74227,145.06644,2020,2,February,17,Afternoon Peak,Weekday
T20200004127,2020-02-19,13:55:00,1,Collision with vehicle,3,Wednesday,121,RIGHT THROUGH,1,48184,T intersection,3,60,Arterial Other,CROYDON,MAROONDAH,-37.783707,145.28398,2020,2,February,13,Midday,Weekday
T20210003265,2020-02-19,13:35:00,1,Collision with vehicle,3,Wednesday,116,LEFT NEAR (INTERSECTIONS ONLY),1,54916,T intersection,3,60,Local Road,EXETER,MAROONDAH,-37.76987,145.28867,2020,2,February,13,Midday,Weekday
T20200003984,2020-02-19,12:45:00,1,Collision with vehicle,3,Wednesday,130,REAR END(VEHICLES IN SAME LANE),1,44595,Cross intersection,3,40,Arterial Highway,ALBERT,BALLARAT,-37.585155,143.84088,2020,2,February,12,Midday,Weekday
T20200004006,2020-02-19,18:33:00,1,Collision with vehicle,3,Wednesday,121,RIGHT THROUGH,1,281588,Cross intersection,3,60,Arterial Highway,DANDENONG,DANDENONG,-37.999054,145.17442,2020,2,February,18,Afternoon Peak,Weekday
T20200004011,2020-02-19,19:50:00,1,Collision with vehicle,3,Wednesday,142,LEAVING PARKING,1,70415,T intersection,3,60,Local Road,CORRIGAN,DANDENONG,-37.975376,145.16637,2020,2,February,19,Night,Weekday
T20200003960,2020-02-19,10:50:00,1,Collision with vehicle,3,Wednesday,110,CROSS TRAFFIC(INTERSECTIONS ONLY),1,50041,Cross intersection,2,60,Local Road,HUMBLE,GEELONG,-38.159843,144.38039,2020,2,February,10,Midday,Weekday
T20200003959,2020-02-19,13:25:00,1,Collision with vehicle,3,Wednesday,130,REAR END(VEHICLES IN SAME LANE),1,1303,Cross intersection,3,60,Arterial Other,BARRY,HUME,-37.66725,144.95479,2020,2,February,13,Midday,Weekday
T20200003955,2020-02-19,10:30:00,1,Collision with vehicle,3,Wednesday,130,REAR END(VEHICLES IN SAME LANE),1,662048,Not at intersection,3,100,Freeway,PRINCES,CARDINIA,-38.07748,145.7382,2020,2,February,10,Midday,Weekday
T20200005881,2020-02-19,09:10:00,6,Vehicle overturned (no collision),3,Wednesday,184,OUT OF CONTROL ON CARRIAGEWAY (ON BEND),1,663302,Not at intersection,3,80,Local Road,RAILWAY,YARRA RANGES,-37.775364,145.62442,2020,2,February,9,Morning Peak,Weekday
T20200004018,2020-02-19,18:45:00,1,Collision with vehicle,3,Wednesday,113,RIGHT NEAR (INTERSECTIONS ONLY),1,342077,Cross intersection,2,80,Arterial Other,OLD PRINCES,CARDINIA,-38.051502,145.37468,2020,2,February,18,Afternoon Peak,Weekday
T20200004024,2020-02-19,22:25:00,1,Collision with vehicle,3,Wednesday,130,REAR END(VEHICLES IN SAME LANE),3,32871,Cross intersection,2,60,Arterial Highway,CHELTENHAM,DANDENONG,-37.995018,145.18175,2020,2,February,22,Night,Weekday
T20200003948,2020-02-19,11:00:00,1,Collision with vehicle,3,Wednesday,130,REAR END(VEHICLES IN SAME LANE),1,629991,Not at intersection,3,60,Arterial Other,DONCASTER,BOROONDARA,-37.78912,145.1017,2020,2,February,11,Midday,Weekday
T20200003946,2020-02-19,10:00:00,1,Collision with vehicle,3,Wednesday,133,LANE SIDE SWIPE (VEHICLES IN PARALLEL LANES),1,773225,Not at intersection,2,40,Arterial Other,KING,MELBOURNE,-37.81105,144.95326,2020,2,February,10,Midday,Weekday
T20200003944,2020-02-19,08:20:00,1,Collision with vehicle,3,Wednesday,143,ENTERING PARKING,1,630312,Not at intersection,3,60,Arterial Highway,BRIGHTON ROAD SERVICE,PORT PHILLIP,-37.87216,144.98955,2020,2,February,8,Morning Peak,Weekday
T20200003939,2020-02-19,08:25:00,1,Collision with vehicle,3,Wednesday,113,RIGHT NEAR (INTERSECTIONS ONLY),1,46823,Y intersection,3,60,Local Road,BROAD GULLY,NILLUMBIK,-37.669434,145.1497,2020,2,February,8,Morning Peak,Weekday
T20200003938,2020-02-19,08:35:00,1,Collision with vehicle,3,Wednesday,121,RIGHT THROUGH,1,39934,Cross intersection,3,60,Arterial Other,BLACKSHAWS,HOBSONS BAY,-37.831226,144.84825,2020,2,February,8,Morning Peak,Weekday
T20200003937,2020-02-19,07:40:00,4,Collision with a fixed object,3,Wednesday,183,OFF LEFT BEND INTO OBJECT/PARKED VEHICLE,1,653833,Not at intersection,2,100,Local Road,FORGE CREEK,EAST GIPPSLAND,-37.901524,147.6479,2020,2,February,7,Morning Peak,Weekday
T20200003930,2020-02-19,07:05:00,1,Collision with vehicle,3,Wednesday,120,HEAD ON (NOT OVERTAKING),1,630311,Not at intersection,3,80,Arterial Other,HEALESVILLE-KOO WEE RUP,YARRA RANGES,-37.768818,145.53452,2020,2,February,7,Morning Peak,Weekday
T20200005222,2020-02-19,09:00:00,4,Collision with a fixed object,3,Wednesday,181,OFF RIGHT BEND INTO OBJECT/PARKED VEHICLE,1,728942,Not at intersection,3,100,Arterial Highway,SOUTH GIPPSLAND,SOUTH GIPPSLAND,-38.554962,145.95459,2020,2,February,9,Morning Peak,Weekday
T20200004041,2020-02-19,09:00:00,1,Collision with vehicle,3,Wednesday,147,VEHICLE STRIKES ANOTHER VEH WHILE EMERGING FROM DRIVEWAY,1,629997,Not at intersection,3,50,Arterial Highway,SOUTH GIPPSLAND HIGHWAY SERVICE,CASEY,-38.10037,145.28256,2020,2,February,9,Morning Peak,Weekday
T20200004563,2020-02-19,09:36:00,2,Struck Pedestrian,3,Wednesday,108,PED STRUCK WALKING TO/FROM OR BOARDING/ALIGHTING VEHICLE.,9,7802,Cross intersection,2,60,Arterial Other,POWER,BOROONDARA,-37.8216,145.02637,2020,2,February,9,Morning Peak,Weekday
T20200004510,2020-02-19,07:20:00,1,Collision with vehicle,3,Wednesday,110,CROSS TRAFFIC(INTERSECTIONS ONLY),1,635734,Cross intersection,2,100,Local Road,BERRYBANK-WALLINDUC,GOLDEN PLAINS,-37.89183,143.50552,2020,2,February,7,Morning Peak,Weekday
T20200005951,2020-02-19,08:15:00,2,Struck Pedestrian,3,Wednesday,103,PED PLAYING/LYING/WORKING/STANDING ON CARRIAGEWAY.,9,636878,Not at intersection,3,40,Local Road,WIDFORD,HUME,-37.688652,144.92633,2020,2,February,8,Morning Peak,Weekday
T20200004061,2020-02-19,16:45:00,1,Collision with vehicle,3,Wednesday,130,REAR END(VEHICLES IN SAME LANE),1,632815,Not at intersection,3,80,Arterial Other,FITZGERALD,WYNDHAM,-37.840496,144.78287,2020,2,February,16,Afternoon Peak,Weekday
T20200004172,2020-02-19,08:30:00,8,No collision and no object struck,3,Wednesday,174,OUT OF CONTROL ON CARRIAGEWAY (ON STRAIGHT),1,37452,Cross intersection,3,40,Local Road,BRIDGE,PORT PHILLIP,-37.838978,144.94748,2020,2,February,8,Morning Peak,Weekday
T20200003926,2020-02-19,06:00:00,4,Collision with a fixed object,3,Wednesday,181,OFF RIGHT BEND INTO OBJECT/PARKED VEHICLE,6,668073,Not at intersection,2,100,Arterial Highway,PRINCES,MOYNE,-38.30537,142.7851,2020,2,February,6,Morning Peak,Weekday
T20200004083,2020-02-20,08:50:00,1,Collision with vehicle,4,Thursday,148,VEHICLE OFF FOOTPATH STRIKES VEH ON CARRIAGEWAY,1,729160,Cross intersection,3,40,Local Road,CORRIGANS,CASEY,-38.103333,145.30716,2020,2,February,8,Morning Peak,Weekday
T20200004114,2020-02-20,21:20:00,1,Collision with vehicle,4,Thursday,121,RIGHT THROUGH,5,610123,Cross intersection,2,60,Arterial Other,BERWICK-CRANBOURNE ROAD -CLYDE,CASEY,-38.074493,145.33534,2020,2,February,21,Night,Weekday
T20200008190,2020-02-20,16:00:00,1,Collision with vehicle,4,Thursday,131,LEFT REAR,1,654697,Not at intersection,3,60,Arterial Highway,BULLEEN,MANNINGHAM,-37.762695,145.0833,2020,2,February,16,Afternoon Peak,Weekday
T20200004110,2020-02-20,16:40:00,1,Collision with vehicle,4,Thursday,130,REAR END(VEHICLES IN SAME LANE),1,44222,T intersection,3,60,Arterial Other,HIGH,WHITTLESEA,-37.644615,145.02632,2020,2,February,16,Afternoon Peak,Weekday
T20200005131,2020-02-20,15:10:00,1,Collision with vehicle,4,Thursday,160,VEHICLE COLLIDES WITH VEHICLE PARKED ON LEFT OF ROAD,1,636155,Not at intersection,3,50,Local Road,SMITH,DAREBIN,-37.756676,144.99084,2020,2,February,15,Afternoon Peak,Weekday
T20200004721,2020-02-20,09:30:00,1,Collision with vehicle,4,Thursday,137,LEFT TURN SIDESWIPE,1,36113,T intersection,3,60,Arterial Other,DYNON,MELBOURNE,-37.803085,144.92915,2020,2,February,9,Morning Peak,Weekday
T20200004718,2020-02-20,08:52:00,1,Collision with vehicle,4,Thursday,113,RIGHT NEAR (INTERSECTIONS ONLY),1,632210,T intersection,3,50,Local Road,MARRBRIDGE,KINGSTON,-37.93731,145.06003,2020,2,February,8,Morning Peak,Weekday
T20200008216,2020-02-20,16:30:00,6,Vehicle overturned (no collision),4,Thursday,174,OUT OF CONTROL ON CARRIAGEWAY (ON STRAIGHT),9,652469,Not at intersection,3,50,Local Road,GOVERNMENT,LATROBE,-38.32915,146.478,2020,2,February,16,Afternoon Peak,Weekday
T20200004889,2020-02-20,09:05:00,1,Collision with vehicle,4,Thursday,130,REAR END(VEHICLES IN SAME LANE),1,646527,Not at intersection,2,40,Local Road,WILSONS,GEELONG,-38.166595,144.39221,2020,2,February,9,Morning Peak,Weekday
T20200004489,2020-02-20,19:15:00,1,Collision with vehicle,4,Thursday,163,VEHICLE STRIKES DOOR OF PARKED/STATIONARY VEHICLE,1,659846,T intersection,3,40,Arterial Other,BRIDGE,YARRA,-37.818195,144.99573,2020,2,February,19,Night,Weekday
T20200009690,2020-02-20,11:00:00,1,Collision with vehicle,4,Thursday,133,LANE SIDE SWIPE (VEHICLES IN PARALLEL LANES),1,653368,Not at intersection,3,80,Freeway,PRINCES,WYNDHAM,-37.87343,144.7364,2020,2,February,11,Midday,Weekday
T20200005893,2020-02-20,06:40:00,3,Struck animal,4,Thursday,167,STRUCK ANIMAL,1,773352,Not at intersection,3,100,Arterial Other,STEIGLITZ,GOLDEN PLAINS,-37.939556,144.16913,2020,2,February,6,Morning Peak,Weekday
T20200004020,2020-02-20,00:01:00,2,Struck Pedestrian,4,Thursday,102,FAR SIDE. PED HIT BY VEHICLE FROM THE LEFT,3,629995,Cross intersection,3,60,Arterial Highway,BANKSIA,BANYULE,-37.759796,145.06897,2020,2,February,0,Late Night,Weekday
T20200004214,2020-02-20,15:00:00,1,Collision with vehicle,4,Thursday,121,RIGHT THROUGH,1,35316,Cross intersection,3,40,Local Road,CARDIGAN,MELBOURNE,-37.797,144.96608,2020,2,February,15,Afternoon Peak,Weekday
T20200006075,2020-02-20,16:00:00,1,Collision with vehicle,4,Thursday,121,RIGHT THROUGH,1,638439,Not at intersection,2,60,Arterial Highway,EAGLEHAWK,BENDIGO,-36.73142,144.25764,2020,2,February,16,Afternoon Peak,Weekday
T20200004081,2020-02-20,13:31:00,1,Collision with vehicle,4,Thursday,130,REAR END(VEHICLES IN SAME LANE),1,40291,Cross intersection,2,60,Arterial Other,GLENFERRIE,STONNINGTON,-37.84379,145.03154,2020,2,February,13,Midday,Weekday
T20200004080,2020-02-20,15:17:00,2,Struck Pedestrian,4,Thursday,100,PED NEAR SIDE. PED HIT BY VEHICLE FROM THE RIGHT.,1,641589,T intersection,2,40,Local Road,RIVER,STONNINGTON,-37.83962,144.99716,2020,2,February,15,Afternoon Peak,Weekday
T20200004056,2020-02-20,09:54:00,1,Collision with vehicle,4,Thursday,130,REAR END(VEHICLES IN SAME LANE),1,631233,Not at intersection,3,100,Freeway,MONASH,MONASH,-37.894264,145.14206,2020,2,February,9,Morning Peak,Weekday
T20200004078,2020-02-20,15:06:00,1,Collision with vehicle,4,Thursday,110,CROSS TRAFFIC(INTERSECTIONS ONLY),1,632513,Cross intersection,2,80,Arterial Other,AUSTRAK,HUME,-37.642696,144.94676,2020,2,February,15,Afternoon Peak,Weekday
T20200004403,2020-02-20,08:35:00,1,Collision with vehicle,4,Thursday,130,REAR END(VEHICLES IN SAME LANE),1,631565,Not at intersection,3,60,Arterial Other,SCENIC,GEELONG,-38.168747,144.30984,2020,2,February,8,Morning Peak,Weekday
T20200004113,2020-02-20,18:30:00,1,Collision with vehicle,4,Thursday,130,REAR END(VEHICLES IN SAME LANE),1,29449,Cross intersection,3,80,Arterial Other,CLYDE,CASEY,-38.040283,145.34215,2020,2,February,18,Afternoon Peak,Weekday
T20200006589,2020-02-20,17:55:00,1,Collision with vehicle,4,Thursday,132,RIGHT REAR.,1,51579,Cross intersection,3,50,Local Road,LANGSTON,BENDIGO,-36.751434,144.271,2020,2,February,17,Afternoon Peak,Weekday
T20200004748,2020-02-20,14:00:00,1,Collision with vehicle,4,Thursday,121,RIGHT THROUGH,1,29522,T intersection,3,60,Arterial Other,GORDON,MARIBYRNONG,-37.792007,144.88936,2020,2,February,14,Midday,Weekday
T20200004108,2020-02-20,17:00:00,1,Collision with vehicle,4,Thursday,130,REAR END(VEHICLES IN SAME LANE),1,635720,Not at intersection,2,60,Arterial Other,FRANKSTON-FLINDERS,MORNINGTON PENINSULA,-38.335888,145.17827,2020,2,February,17,Afternoon Peak,Weekday
T20200005395,2020-02-20,21:45:00,1,Collision with vehicle,4,Thursday,110,CROSS TRAFFIC(INTERSECTIONS ONLY),3,44566,Cross intersection,3,80,Arterial Highway,GREAT ALPINE,EAST GIPPSLAND,-37.808952,147.6484,2020,2,February,21,Night,Weekday
T20200004099,2020-02-20,18:00:00,1,Collision with vehicle,4,Thursday,130,REAR END(VEHICLES IN SAME LANE),1,630317,Not at intersection,3,100,Freeway,MONASH,MONASH,-37.884247,145.09422,2020,2,February,18,Afternoon Peak,Weekday
T20200004075,2020-02-20,13:10:00,1,Collision with vehicle,4,Thursday,132,RIGHT REAR.,1,51621,Cross intersection,2,80,Arterial Highway,MCIVOR,BENDIGO,-36.760117,144.32498,2020,2,February,13,Midday,Weekday