ACCIDENT_NO,ACCIDENT_DATE,ACCIDENT_TIME,ACCIDENT_TYPE,ACCIDENT_TYPE_DESC,DAY_OF_WEEK,DAY_WEEK_DESC,DCA_CODE,DCA_DESC,LIGHT_CONDITION,NODE_ID,ROAD_GEOMETRY_DESC,SEVERITY,SPEED_ZONE,RMA,ROAD_NAME,LGA_NAME,LATITUDE,LONGITUDE,YEAR,MONTH,MONTH_NAME,HOUR,TIME_PERIOD,DAY_TYPE
T20200004039,2020-02-20,07:30:00,1,Collision with vehicle,4,Thursday,130,REAR END(VEHICLES IN SAME LANE),1,662049,Not at intersection,2,80,Arterial Highway,MOOROODUC,FRANKSTON,-38.163548,145.13647,2020,2,February,7,Morning Peak,Weekday
T20200004112,2020-02-20,07:20:00,1,Collision with vehicle,4,Thursday,110,CROSS TRAFFIC(INTERSECTIONS ONLY),1,36422,Cross intersection,3,60,Arterial Other,MORNINGTON-TYABB,MORNINGTON PENINSULA,-38.238914,145.06592,2020,2,February,7,Morning Peak,Weekday
T20200004040,2020-02-20,08:30:00,1,Collision with vehicle,4,Thursday,113,RIGHT NEAR (INTERSECTIONS ONLY),1,630315,T intersection,3,40,Local Road,COMO,KINGSTON,-37.987793,145.06985,2020,2,February,8,Morning Peak,Weekday
T20200007926,2020-02-20,20:38:00,1,Collision with vehicle,4,Thursday,110,CROSS TRAFFIC(INTERSECTIONS ONLY),9,647469,Cross intersection,3,40,Local Road,COLLINS,MOONEE VALLEY,-37.745205,144.90752,2020,2,February,20,Night,Weekday
T20200004170,2020-02-20,18:30:00,1,Collision with vehicle,4,Thursday,121,RIGHT THROUGH,1,630320,T intersection,2,50,Local Road,CLARET ASH,MELTON,-37.667183,144.54709,2020,2,February,18,Afternoon Peak,Weekday
T20200004044,2020-02-20,08:30:00,2,Struck Pedestrian,4,Thursday,102,FAR SIDE. PED HIT BY VEHICLE FROM THE LEFT,1,631232,Not at intersection,2,40,Local Road,SPRING,MELBOURNE,-37.809975,144.9724,2020,2,February,8,Morning Peak,Weekday
T20200004047,2020-02-20,07:50:00,8,No collision and no object struck,4,Thursday,174,OUT OF CONTROL ON CARRIAGEWAY (ON STRAIGHT),1,630000,Not at intersection,3,60,Arterial Other,MT ALEXANDER,MOONEE VALLEY,-37.783394,144.93562,2020,2,February,7,Morning Peak,Weekday
T20200004072,2020-02-20,15:50:00,1,Collision with vehicle,4,Thursday,130,REAR END(VEHICLES IN SAME LANE),1,630002,Not at intersection,3,40,Arterial Highway,EAGLEHAWK,BENDIGO,-36.725037,144.25839,2020,2,February,15,Afternoon Peak,Weekday
T20200004093,2020-02-20,14:43:00,1,Collision with vehicle,4,Thursday,169,OTHER ON PATH,1,647149,Not at intersection,2,40,Local Road,GLEN HUNTLY,GLEN EIRA,-37.885685,145.01202,2020,2,February,14,Midday,Weekday
T20200004107,2020-02-20,20:30:00,1,Collision with vehicle,4,Thursday,130,REAR END(VEHICLES IN SAME LANE),3,29726,Cross intersection,3,80,Arterial Highway,PRINCES,CASEY,-38.006256,145.27335,2020,2,February,20,Night,Weekday
T20200004098,2020-02-20,17:45:00,1,Collision with vehicle,4,Thursday,120,HEAD ON (NOT OVERTAKING),1,655282,Not at intersection,2,70,Local Road,PILLARS,DANDENONG,-38.02311,145.14275,2020,2,February,17,Afternoon Peak,Weekday
T20200004065,2020-02-20,10:46:00,4,Collision with a fixed object,4,Thursday,179,OTHER ACCIDENTS-OFF STRAIGHT NOT INCLUDED IN DCAs 170-175,1,748713,Not at intersection,2,40,Local Road,EDWARDES,DAREBIN,-37.71626,145.00543,2020,2,February,10,Midday,Weekday
T20200004097,2020-02-20,16:38:00,1,Collision with vehicle,4,Thursday,130,REAR END(VEHICLES IN SAME LANE),1,658387,Not at intersection,3,60,Arterial Highway,WHITEHORSE,WHITEHORSE,-37.819786,145.13872,2020,2,February,16,Afternoon Peak,Weekday
T20200005034,2020-02-20,12:45:00,6,Vehicle overturned (no collision),4,Thursday,182,OFF CARRIAGEWAY ON LEFT BEND,1,663301,Not at intersection,3,100,Local Road,CHAPEL HILL,MANSFIELD,-37.139503,146.20248,2020,2,February,12,Midday,Weekday
T20200004095,2020-02-20,15:30:00,8,No collision and no object struck,4,Thursday,180,OFF CARRIAGEWAY ON RIGHT BEND,1,662858,Not at intersection,2,80,Local Road,ARMY,CARDINIA,-38.04036,145.50491,2020,2,February,15,Afternoon Peak,Weekday
T20200004193,2020-02-20,15:30:00,1,Collision with vehicle,4,Thursday,113,RIGHT NEAR (INTERSECTIONS ONLY),1,278596,T intersection,3,60,Arterial Other,HAMPSTEAD,MARIBYRNONG,-37.779366,144.8743,2020,2,February,15,Afternoon Peak,Weekday
T20200004091,2020-02-20,17:30:00,8,No collision and no object struck,4,Thursday,170,OFF CARRIAGEWAY TO LEFT,1,662842,Not at intersection,2,100,Local Road,BLACKGATE,SURF COAST,-38.291965,144.37628,2020,2,February,17,Afternoon Peak,Weekday
T20200004060,2020-02-20,12:40:00,1,Collision with vehicle,4,Thursday,121,RIGHT THROUGH,1,39233,T intersection,2,60,Arterial Other,CANTERBURY,WHITEHORSE,-37.826725,145.10411,2020,2,February,12,Midday,Weekday
T20200004059,2020-02-20,13:30:00,1,Collision with vehicle,4,Thursday,160,VEHICLE COLLIDES WITH VEHICLE PARKED ON LEFT OF ROAD,1,730678,Not at intersection,2,60,Arterial Other,MT ALEXANDER,MOONEE VALLEY,-37.777122,144.92947,2020,2,February,13,Midday,Weekday
T20200004986,2020-02-20,19:15:00,6,Vehicle overturned (no collision),4,Thursday,182,OFF CARRIAGEWAY ON LEFT BEND,1,649003,Not at intersection,3,100,Local Road,MAWLEY,WELLINGTON,-38.08068,147.17603,2020,2,February,19,Night,Weekday
T20200004085,2020-02-20,14:49:00,1,Collision with vehicle,4,Thursday,120,HEAD ON (NOT OVERTAKING),1,636131,Not at intersection,2,60,Arterial Other,BEACH,BAYSIDE,-37.94192,145.00023,2020,2,February,14,Midday,Weekday
T20200004135,2020-02-21,06:50:00,1,Collision with vehicle,5,Friday,121,RIGHT THROUGH,1,45524,Cross intersection,3,60,Arterial Other,DERRIMUT ROAD -HOPKINS,MELTON,-37.80502,144.69594,2020,2,February,6,Morning Peak,Weekday
T20200004367,2020-02-21,20:27:00,1,Collision with vehicle,5,Friday,169,OTHER ON PATH,9,636134,Not at intersection,3,50,Local Road,EVERAGE,MOONEE VALLEY,-37.765545,144.92215,2020,2,February,20,Night,Weekday
T20200004179,2020-02-21,12:07:00,1,Collision with vehicle,5,Friday,160,VEHICLE COLLIDES WITH VEHICLE PARKED ON LEFT OF ROAD,1,651451,T intersection,2,50,Local Road,LIGHTWOOD,HUME,-37.643833,144.91393,2020,2,February,12,Midday,Weekday
T20200004371,2020-02-21,21:20:00,8,No collision and no object struck,5,Friday,174,OUT OF CONTROL ON CARRIAGEWAY (ON STRAIGHT),3,630934,T intersection,3,80,Local Road,EVANS,CASEY,-38.091213,145.256,2020,2,February,21,Night,Weekday
T20200004176,2020-02-21,13:39:00,1,Collision with vehicle,5,Friday,121,RIGHT THROUGH,1,651270,T intersection,2,80,Arterial Highway,DANDENONG-HASTINGS,CASEY,-38.055412,145.24391,2020,2,February,13,Midday,Weekday
T20200004129,2020-02-21,07:41:00,1,Collision with vehicle,5,Friday,116,LEFT NEAR (INTERSECTIONS ONLY),1,35602,T intersection,3,80,Arterial Highway,NEPEAN,KINGSTON,-37.973804,145.0643,2020,2,February,7,Morning Peak,Weekday
T20200004238,2020-02-21,22:45:00,2,Struck Pedestrian,5,Friday,106,VEH STRIKES PED ON FOOTPATH/MEDIAN/TRAFFIC ISLAND.,3,663165,Not at intersection,2,50,Local Road,AMBON,BOROONDARA,-37.8699,145.08089,2020,2,February,22,Night,Weekday
T20200004735,2020-02-21,15:45:00,1,Collision with vehicle,5,Friday,130,REAR END(VEHICLES IN SAME LANE),1,773350,Not at intersection,3,80,Arterial Highway,DANDENONG,DANDENONG,-38.000446,145.18588,2020,2,February,15,Afternoon Peak,Weekday
T20200004220,2020-02-21,18:00:00,6,Vehicle overturned (no collision),5,Friday,170,OFF CARRIAGEWAY TO LEFT,1,632199,Not at intersection,3,100,Local Road,BAMBRA-AIREYS INLET,SURF COAST,-38.37227,143.95389,2020,2,February,18,Afternoon Peak,Weekday
T20200004392,2020-02-21,11:20:00,1,Collision with vehicle,5,Friday,110,CROSS TRAFFIC(INTERSECTIONS ONLY),1,45552,Cross intersection,3,50,Local Road,ALBERT,MORELAND,-37.7673,144.949,2020,2,February,11,Midday,Weekday
T20200004236,2020-02-21,22:28:00,1,Collision with vehicle,5,Friday,110,CROSS TRAFFIC(INTERSECTIONS ONLY),3,38534,Cross intersection,2,60,Arterial Other,ANDERSON,BRIMBANK,-37.787975,144.82692,2020,2,February,22,Night,Weekday
T20200004206,2020-02-21,17:57:00,1,Collision with vehicle,5,Friday,110,CROSS TRAFFIC(INTERSECTIONS ONLY),2,36798,Cross intersection,2,60,Arterial Other,NORMANBY,PORT PHILLIP,-37.830566,144.9457,2020,2,February,17,Afternoon Peak,Weekday
T20200004223,2020-02-21,15:20:00,1,Collision with vehicle,5,Friday,159,OTHER OVERTAKING MANOEUVRES NOT INCLUDED IN DCAs 150-154,1,630930,Not at intersection,3,40,Local Road,STATELY,CASEY,-38.10511,145.30626,2020,2,February,15,Afternoon Peak,Weekday
T20200004228,2020-02-21,16:00:00,1,Collision with vehicle,5,Friday,130,REAR END(VEHICLES IN SAME LANE),1,631237,Not at intersection,3,100,Freeway,METROPOLITAN RING,WHITTLESEA,-37.687073,145.03058,2020,2,February,16,Afternoon Peak,Weekday
T20200004230,2020-02-21,20:45:00,1,Collision with vehicle,5,Friday,160,VEHICLE COLLIDES WITH VEHICLE PARKED ON LEFT OF ROAD,5,651452,Not at intersection,3,50,Local Road,DROMANA,MORNINGTON PENINSULA,-38.31724,144.99097,2020,2,February,20,Night,Weekday
T20200004231,2020-02-21,21:20:00,4,Collision with a fixed object,5,Friday,171,LEFT OFF CARRIAGEWAY INTO OBJECT/PARKED VEHICLE,3,640965,Not at intersection,2,50,Local Road,KARINGAL,FRANKSTON,-38.1512,145.16518,2020,2,February,21,Night,Weekday
T20200004232,2020-02-21,22:00:00,1,Collision with vehicle,5,Friday,113,RIGHT NEAR (INTERSECTIONS ONLY),3,29865,T intersection,2,80,Freeway,CLYDE,CASEY,-38.04574,145.34106,2020,2,February,22,Night,Weekday
T20200004210,2020-02-21,15:57:00,1,Collision with vehicle,5,Friday,121,RIGHT THROUGH,1,35371,Cross intersection,3,60,Arterial Other,JOLIMONT,MELBOURNE,-37.816467,144.97905,2020,2,February,15,Afternoon Peak,Weekday
T20200004128,2020-02-21,08:05:00,1,Collision with vehicle,5,Friday,113,RIGHT NEAR (INTERSECTIONS ONLY),1,663634,T intersection,3,60,Arterial Other,MULLENS,MANNINGHAM,-37.73897,145.22913,2020,2,February,8,Morning Peak,Weekday
T20200004444,2020-02-21,11:10:00,1,Collision with vehicle,5,Friday,132,RIGHT REAR.,1,631245,Not at intersection,3,80,Local Road,CRAIG,CASEY,-38.16212,145.28963,2020,2,February,11,Midday,Weekday
T20200004122,2020-02-21,03:00:00,4,Collision with a fixed object,5,Friday,173,RIGHT OFF CARRIAGEWAY INTO OBJECT/PARKED VEHICLE,5,651071,Not at intersection,2,100,Arterial Highway,PRINCES,MOYNE,-38.263042,141.9403,2020,2,February,3,Late Night,Weekday
T20200004215,2020-02-21,18:05:00,1,Collision with vehicle,5,Friday,121,RIGHT THROUGH,1,71048,T intersection,3,60,Arterial Other,POUND,CASEY,-38.027157,145.26015,2020,2,February,18,Afternoon Peak,Weekday
T20200005948,2020-02-21,16:00:00,1,Collision with vehicle,5,Friday,131,LEFT REAR,1,651074,Cross intersection,3,80,Arterial Other,CRANBOURNE-FRANKSTON,CASEY,-38.13384,145.22855,2020,2,February,16,Afternoon Peak,Weekday
T20200005173,2020-02-21,16:30:00,1,Collision with vehicle,5,Friday,130,REAR END(VEHICLES IN SAME LANE),9,636156,Not at intersection,3,60,Arterial Other,KEILOR PARK,MOONEE VALLEY,-37.739777,144.86324,2020,2,February,16,Afternoon Peak,Weekday
T20200004121,2020-02-21,03:36:00,4,Collision with a fixed object,5,Friday,171,LEFT OFF CARRIAGEWAY INTO OBJECT/PARKED VEHICLE,3,651269,Not at intersection,2,60,Arterial Other,DALTON,WHITTLESEA,-37.6704,145.03151,2020,2,February,3,Late Night,Weekday
T20200004216,2020-02-21,17:50:00,1,Collision with vehicle,5,Friday,120,HEAD ON (NOT OVERTAKING),1,138758,Not at intersection,2,60,Arterial Other,HULL,YARRA RANGES,-37.78206,145.32483,2020,2,February,17,Afternoon Peak,Weekday
T20200004219,2020-02-21,18:18:00,4,Collision with a fixed object,5,Friday,173,RIGHT OFF CARRIAGEWAY INTO OBJECT/PARKED VEHICLE,1,662867,Not at intersection,3,80,Local Road,MCCLELLAND,FRANKSTON,-38.17811,145.16524,2020,2,February,18,Afternoon Peak,Weekday
T20200005766,2020-02-21,11:30:00,4,Collision with a fixed object,5,Friday,141,U TURN INTO FIXED OBJECT/PARKED VEHICLE,1,637481,Not at intersection,3,80,Local Road,KING,CASEY,-37.99988,145.33801,2020,2,February,11,Midday,Weekday
T20200004274,2020-02-21,11:20:00,1,Collision with vehicle,5,Friday,147,VEHICLE STRIKES ANOTHER VEH WHILE EMERGING FROM DRIVEWAY,1,728926,Not at intersection,2,60,Arterial Highway,NEPEAN,FRANKSTON,-38.141853,145.12173,2020,2,February,11,Midday,Weekday
T20200004319,2020-02-21,20:30:00,2,Struck Pedestrian,5,Friday,100,PED NEAR SIDE. PED HIT BY VEHICLE FROM THE RIGHT.,3,632201,Not at intersection,3,60,Arterial Highway,BASS,SOUTH GIPPSLAND,-38.48357,145.93784,2020,2,February,20,Night,Weekday
T20200004539,2020-02-21,15:00:00,2,Struck Pedestrian,5,Friday,103,PED PLAYING/LYING/WORKING/STANDING ON CARRIAGEWAY.,1,748728,Not at intersection,2,60,Arterial Other,HEATHERTON,DANDENONG,-37.968567,145.20253,2020,2,February,15,Afternoon Peak,Weekday
T20200009683,2020-02-21,10:30:00,5,collision with some other object,5,Friday,166,STRUCK OBJECT ON CARRIAGEWAY,1,653021,Not at intersection,3,60,Arterial Other,CRAIGIEBURN,HUME,-37.596966,144.92296,2020,2,February,10,Midday,Weekday
T20200007979,2020-02-21,18:25:00,1,Collision with vehicle,5,Friday,121,RIGHT THROUGH,2,649016,Not at intersection,3,60,Arterial Other,HEATHERTON,DANDENONG,-37.962025,145.14917,2020,2,February,18,Afternoon Peak,Weekday
T20200006821,2020-02-21,22:30:00,4,Collision with a fixed object,5,Friday,171,LEFT OFF CARRIAGEWAY INTO OBJECT/PARKED VEHICLE,5,729202,Not at intersection,3,80,Local Road,HALL,FRANKSTON,-38.104244,145.21104,2020,2,February,22,Night,Weekday
T20200004164,2020-02-21,13:00:00,1,Collision with vehicle,5,Friday,133,LANE SIDE SWIPE (VEHICLES IN PARALLEL LANES),1,632514,Not at intersection,2,80,Arterial Other,THOMPSON,FRANKSTON,-38.068813,145.16759,2020,2,February,13,Midday,Weekday
T20200004162,2020-02-21,12:00:00,9,Other accident,5,Friday,149,OTHER MANOEUVRING NOT INCLUDED IN DCAs 140-148,1,295113,T intersection,2,40,Arterial Other,COMMERCIAL,MELBOURNE,-37.845585,144.98425,2020,2,February,12,Midday,Weekday
T20200004422,2020-02-21,15:45:00,1,Collision with vehicle,5,Friday,110,CROSS TRAFFIC(INTERSECTIONS ONLY),1,656694,Cross intersection,3,50,Local Road,RAISELL,CASEY,-38.100357,145.25922,2020,2,February,15,Afternoon Peak,Weekday
T20200004183,2020-02-21,14:54:00,4,Collision with a fixed object,5,Friday,181,OFF RIGHT BEND INTO OBJECT/PARKED VEHICLE,1,780537,Not at intersection,3,100,Local Road,OXLEY FLATS,WANGARATTA,-36.421005,146.42444,2020,2,February,14,Midday,Weekday
T20200004182,2020-02-21,07:40:00,4,Collision with a fixed object,5,Friday,181,OFF RIGHT BEND INTO OBJECT/PARKED VEHICLE,1,635516,Not at intersection,2,100,Local Road,NUNGURNER,EAST GIPPSLAND,-37.866173,147.86848,2020,2,February,7,Morning Peak,Weekday
T20200004142,2020-02-21,08:55:00,1,Collision with vehicle,5,Friday,110,CROSS TRAFFIC(INTERSECTIONS ONLY),1,35524,Cross intersection,3,60,Arterial Other,HUNTINGDALE,MONASH,-37.86252,145.11273,2020,2,February,8,Morning Peak,Weekday
T20200004186,2020-02-21,07:13:00,1,Collision with vehicle,5,Friday,137,LEFT TURN SIDESWIPE,4,42196,Cross intersection,3,80,Arterial Highway,NEPEAN,KINGSTON,-37.945194,145.04324,2020,2,February,7,Morning Peak,Weekday
T20200004190,2020-02-21,14:40:00,4,Collision with a fixed object,5,Friday,171,LEFT OFF CARRIAGEWAY INTO OBJECT/PARKED VEHICLE,1,71059,Cross intersection,2,60,Arterial Other,BEACONSFIELD-EMERALD,CARDINIA,-38.028927,145.37775,2020,2,February,14,Midday,Weekday
T20200006502,2020-02-21,16:45:00,1,Collision with vehicle,5,Friday,130,REAR END(VEHICLES IN SAME LANE),1,662051,Not at intersection,3,60,Local Road,HOGANS,WYNDHAM,-37.86048,144.66252,2020,2,February,16,Afternoon Peak,Weekday
T20200006496,2020-02-21,09:00:00,1,Collision with vehicle,5,Friday,110,CROSS TRAFFIC(INTERSECTIONS ONLY),1,640010,Cross intersection,3,60,Arterial Other,KOROROIT CREEK,HOBSONS BAY,-37.850044,144.84496,2020,2,February,9,Morning Peak,Weekday
T20200004194,2020-02-21,13:00:00,2,Struck Pedestrian,5,Friday,100,PED NEAR SIDE. PED HIT BY VEHICLE FROM THE RIGHT.,1,278453,Cross intersection,3,40,Local Road,HARBOUR,MELBOURNE,-37.821014,144.94743,2020,2,February,13,Midday,Weekday
T20200004598,2020-02-21,06:30:00,1,Collision with vehicle,5,Friday,130,REAR END(VEHICLES IN SAME LANE),6,652168,Not at intersection,3,40,Freeway,CITYLINK,MOONEE VALLEY,-37.73337,144.92319,2020,2,February,6,Morning Peak,Weekday
T20200004195,2020-02-21,15:26:00,4,Collision with a fixed object,5,Friday,173,RIGHT OFF CARRIAGEWAY INTO OBJECT/PARKED VEHICLE,1,773500,Not at intersection,2,50,Local Road,GEUM,MORELAND,-37.707386,144.93962,2020,2,February,15,Afternoon Peak,Weekday
T20200004197,2020-02-21,12:11:00,1,Collision with vehicle,5,Friday,121,RIGHT THROUGH,1,631397,T intersection,1,80,Arterial Other,WELLS,KINGSTON,-38.02552,145.1281,2020,2,February,12,Midday,Weekday
T20200004199,2020-02-21,16:40:00,1,Collision with vehicle,5,Friday,130,REAR END(VEHICLES IN SAME LANE),1,653600,Not at intersection,2,100,Freeway,MONASH,MONASH,-37.913773,145.16664,2020,2,February,16,Afternoon Peak,Weekday
T20200004201,2020-02-21,16:10:00,1,Collision with vehicle,5,Friday,130,REAR END(VEHICLES IN SAME LANE),1,40914,T intersection,2,80,Arterial Highway,BURWOOD,KNOX,-37.869812,145.23761,2020,2,February,16,Afternoon Peak,Weekday
T20200004153,2020-02-21,12:25:00,2,Struck Pedestrian,5,Friday,103,PED PLAYING/LYING/WORKING/STANDING ON CARRIAGEWAY.,1,635721,Not at intersection,3,50,Local Road,BOLDREWOOD,DAREBIN,-37.711983,145.02278,2020,2,February,12,Midday,Weekday
T20200004152,2020-02-21,06:25:00,1,Collision with vehicle,5,Friday,160,VEHICLE COLLIDES WITH VEHICLE PARKED ON LEFT OF ROAD,2,638431,Not at intersection,2,50,Local Road,KING WILLIAM,HUME,-37.67881,144.92384,2020,2,February,6,Morning Peak,Weekday
T20200004144,2020-02-21,06:50:00,1,Collision with vehicle,5,Friday,121,RIGHT THROUGH,2,773453,T intersection,3,100,Arterial Other,LONGFORD-LOCH SPORT,WELLINGTON,-38.179714,147.23245,2020,2,February,6,Morning Peak,Weekday
T20200004821,2020-02-21,17:30:00,1,Collision with vehicle,5,Friday,130,REAR END(VEHICLES IN SAME LANE),1,773214,Not at intersection,3,80,Arterial Other,FERNTREE GULLY,MONASH,-37.90555,145.17953,2020,2,February,17,Afternoon Peak,Weekday
T20200004303,2020-02-22,20:18:00,1,Collision with vehicle,6,Saturday,110,CROSS TRAFFIC(INTERSECTIONS ONLY),3,29804,Cross intersection,2,60,Arterial Highway,ALBERT,DAREBIN,-37.72906,145.02557,2020,2,February,20,Night,Weekend
T20200004265,2020-02-22,10:30:00,4,Collision with a fixed object,6,Saturday,173,RIGHT OFF CARRIAGEWAY INTO OBJECT/PARKED VEHICLE,1,659868,Not at intersection,2,80,Arterial Other,LANCASTER-MOOROOPNA,CAMPASPE,-36.31372,145.13538,2020,2,February,10,Midday,Weekend
T20200004293,2020-02-22,18:00:00,1,Collision with vehicle,6,Saturday,120,HEAD ON (NOT OVERTAKING),1,632200,Not at intersection,2,80,Arterial Highway,NEPEAN,KINGSTON,-37.979954,145.06932,2020,2,February,18,Afternoon Peak,Weekend
T20200004239,2020-02-22,00:01:00,4,Collision with a fixed object,6,Saturday,173,RIGHT OFF CARRIAGEWAY INTO OBJECT/PARKED VEHICLE,5,662868,Not at intersection,3,100,Arterial Highway,MIDLAND,CAMPASPE,-36.449547,144.96948,2020,2,February,0,Late Night,Weekend
T20200005074,2020-02-22,16:00:00,1,Collision with vehicle,6,Saturday,140,U TURN,1,642207,Not at intersection,3,60,Arterial Other,HOTHAM,GLEN EIRA,-37.87134,144.99908,2020,2,February,16,Afternoon Peak,Weekend
T20200004254,2020-02-22,10:00:00,1,Collision with vehicle,6,Saturday,110,CROSS TRAFFIC(INTERSECTIONS ONLY),1,45559,Cross intersection,3,50,Local Road,GORDON,MORELAND,-37.743256,144.94943,2020,2,February,10,Midday,Weekend
T20200004287,2020-02-22,17:25:00,4,Collision with a fixed object,6,Saturday,181,OFF RIGHT BEND INTO OBJECT/PARKED VEHICLE,1,651273,Not at intersection,2,80,Arterial Other,HEALESVILLE-KINGLAKE,YARRA RANGES,-37.585632,145.48991,2020,2,February,17,Afternoon Peak,Weekend
T20200004235,2020-02-22,00:25:00,3,Struck animal,6,Saturday,167,STRUCK ANIMAL,5,649353,Not at intersection,2,100,Arterial Other,BENGWORDEN,WELLINGTON,-38.069485,147.0857,2020,2,February,0,Late Night,Weekend
T20200004256,2020-02-22,10:50:00,1,Collision with vehicle,6,Saturday,121,RIGHT THROUGH,1,49747,Cross intersection,2,60,Arterial Other,ANAKIE,GEELONG,-38.098488,144.3339,2020,2,February,10,Midday,Weekend
T20200004309,2020-02-22,21:30:00,2,Struck Pedestrian,6,Saturday,104,PED WALKING WITH TRAFFIC,3,663228,Not at intersection,3,40,Local Road,LYGON,MELBOURNE,-37.799057,144.96722,2020,2,February,21,Night,Weekend
T20220019707,2020-02-22,11:00:00,1,Collision with vehicle,6,Saturday,134,LANE CHANGE RIGHT (NOT OVERTAKING),9,723723,Not at intersection,3,60,Local Road,STATION,GLEN EIRA,-37.876873,145.03563,2020,2,February,11,Midday,Weekend
T20200004275,2020-02-22,11:25:00,1,Collision with vehicle,6,Saturday,137,LEFT TURN SIDESWIPE,1,45631,T intersection,3,60,Local Road,ALBERT,MORELAND,-37.768795,144.9613,2020,2,February,11,Midday,Weekend
T20200004259,2020-02-22,10:30:00,1,Collision with vehicle,6,Saturday,130,REAR END(VEHICLES IN SAME LANE),1,630621,Not at intersection,3,70,Arterial Highway,BULLEEN,MANNINGHAM,-37.773064,145.07909,2020,2,February,10,Midday,Weekend
T20200004261,2020-02-22,08:52:00,1,Collision with vehicle,6,Saturday,121,RIGHT THROUGH,1,39237,T intersection,3,60,Arterial Other,CANTERBURY,WHITEHORSE,-37.826385,145.10115,2020,2,February,8,Morning Peak,Weekend
T20200004300,2020-02-22,08:20:00,1,Collision with vehicle,6,Saturday,139,OTHER SAME DIRECTION-MANOUEVRES NOT INCLUDED IN DCAs 130-137,1,728928,Not at intersection,3,100,Freeway,PRINCES,WYNDHAM,-37.835743,144.80363,2020,2,February,8,Morning Peak,Weekend
T20200004423,2020-02-22,15:41:00,1,Collision with vehicle,6,Saturday,130,REAR END(VEHICLES IN SAME LANE),1,647448,Not at intersection,3,100,Freeway,HUME,MITCHELL,-36.957317,145.1911,2020,2,February,15,Afternoon Peak,Weekend
T20200004285,2020-02-22,16:47:00,1,Collision with vehicle,6,Saturday,113,RIGHT NEAR (INTERSECTIONS ONLY),1,1320,T intersection,3,70,Arterial Other,SYDNEY,HUME,-37.683968,144.95752,2020,2,February,16,Afternoon Peak,Weekend
T20200004277,2020-02-22,14:00:00,6,Vehicle overturned (no collision),6,Saturday,174,OUT OF CONTROL ON CARRIAGEWAY (ON STRAIGHT),1,663298,Not at intersection,3,50,Local Road,MCMAHONS CREEK,YARRA RANGES,-37.70158,145.83478,2020,2,February,14,Midday,Weekend
T20200004263,2020-02-22,11:50:00,1,Collision with vehicle,6,Saturday,110,CROSS TRAFFIC(INTERSECTIONS ONLY),1,37303,Cross intersection,3,50,Local Road,BENNETT,MOORABOOL,-37.673874,144.43784,2020,2,February,11,Midday,Weekend
T20200004349,2020-02-22,21:00:00,4,Collision with a fixed object,6,Saturday,171,LEFT OFF CARRIAGEWAY INTO OBJECT/PARKED VEHICLE,3,644746,Not at intersection,3,60,Arterial Other,PRINCES,BAW BAW,-38.153694,145.91144,2020,2,February,21,Night,Weekend
T20200006950,2020-02-22,20:30:00,2,Struck Pedestrian,6,Saturday,106,VEH STRIKES PED ON FOOTPATH/MEDIAN/TRAFFIC ISLAND.,5,240361,Y intersection,3,60,Local Road,KENILWORTH,CARDINIA,-38.05236,145.3697,2020,2,February,20,Night,Weekend
T20200004264,2020-02-22,11:05:00,1,Collision with vehicle,6,Saturday,130,REAR END(VEHICLES IN SAME LANE),1,668076,Cross intersection,3,60,Freeway,HALLETTS,MOORABOOL,-37.664154,144.42352,2020,2,February,11,Midday,Weekend
T20200004282,2020-02-22,15:41:00,1,Collision with vehicle,6,Saturday,132,RIGHT REAR.,1,54684,T intersection,2,60,Local Road,EASTFIELD,MAROONDAH,-37.81225,145.2787,2020,2,February,15,Afternoon Peak,Weekend
T20200006535,2020-02-22,21:30:00,1,Collision with vehicle,6,Saturday,160,VEHICLE COLLIDES WITH VEHICLE PARKED ON LEFT OF ROAD,6,663100,Not at intersection,3,50,Local Road,HEAD,BAYSIDE,-37.892696,144.99869,2020,2,February,21,Night,Weekend
T20200004335,2020-02-22,08:15:00,1,Collision with vehicle,6,Saturday,163,VEHICLE STRIKES DOOR OF PARKED/STATIONARY VEHICLE,1,668187,Not at intersection,3,60,Arterial Other,ESPLANADE,MORNINGTON PENINSULA,-38.21842,145.03322,2020,2,February,8,Morning Peak,Weekend
T20200005120,2020-02-22,10:20:00,1,Collision with vehicle,6,Saturday,111,RIGHT FAR (INTERSECTIONS ONLY),1,67838,Cross intersection,3,50,Local Road,CLAREMONT,STONNINGTON,-37.86621,145.03255,2020,2,February,10,Midday,Weekend
T20200004356,2020-02-22,19:25:00,5,collision with some other object,6,Saturday,166,STRUCK OBJECT ON CARRIAGEWAY,1,631240,Not at intersection,2,60,Arterial Highway,NEPEAN,FRANKSTON,-38.142017,145.12143,2020,2,February,19,Night,Weekend
T20200004447,2020-02-22,18:30:00,7,Fall from or in moving vehicle,6,Saturday,190,FELL IN/FROM VEHICLE,1,631566,Not at intersection,3,50,Local Road,BEDGEBURY,HUME,-37.538937,144.91269,2020,2,February,18,Afternoon Peak,Weekend