ACCIDENT_NO,ACCIDENT_DATE,ACCIDENT_TIME,ACCIDENT_TYPE,ACCIDENT_TYPE_DESC,DAY_OF_WEEK,DAY_WEEK_DESC,DCA_CODE,DCA_DESC,LIGHT_CONDITION,NODE_ID,ROAD_GEOMETRY_DESC,SEVERITY,SPEED_ZONE,RMA,ROAD_NAME,LGA_NAME,LATITUDE,LONGITUDE,YEAR,MONTH,MONTH_NAME,HOUR,TIME_PERIOD,DAY_TYPE
T20200004305,2020-02-22,13:00:00,7,Fall from or in moving vehicle,6,Saturday,190,FELL IN/FROM VEHICLE,1,646524,Not at intersection,3,100,Arterial Highway,PRINCES,EAST GIPPSLAND,-37.90474,147.3374,2020,2,February,13,Midday,Weekend
T20200004329,2020-02-22,12:23:00,1,Collision with vehicle,6,Saturday,130,REAR END(VEHICLES IN SAME LANE),1,29638,Cross intersection,3,60,Arterial Other,HAWTHORN,BAYSIDE,-37.908627,145.01787,2020,2,February,12,Midday,Weekend
T20200004411,2020-02-22,10:30:00,1,Collision with vehicle,6,Saturday,131,LEFT REAR,1,656452,Not at intersection,3,60,Arterial Other,SPRINGVALE,KINGSTON,-38.026463,145.1325,2020,2,February,10,Midday,Weekend
T20200004281,2020-02-22,15:21:00,6,Vehicle overturned (no collision),6,Saturday,184,OUT OF CONTROL ON CARRIAGEWAY (ON BEND),1,631561,Not at intersection,2,80,Arterial Other,GREENDALE-TRENTHAM,MOORABOOL,-37.548195,144.30066,2020,2,February,15,Afternoon Peak,Weekend
T20200005744,2020-02-22,11:50:00,8,No collision and no object struck,6,Saturday,170,OFF CARRIAGEWAY TO LEFT,1,748739,Not at intersection,2,100,Freeway,PENINSULA LINK,FRANKSTON,-38.161575,145.16609,2020,2,February,11,Midday,Weekend
T20200004304,2020-02-22,17:50:00,1,Collision with vehicle,6,Saturday,119,OTHER ADJACENT (INTERSECTIONS ONLY),1,642517,T intersection,2,80,Arterial Highway,SOUTH GIPPSLAND,CASEY,-38.03763,145.24855,2020,2,February,17,Afternoon Peak,Weekend
T20200004280,2020-02-22,01:22:00,1,Collision with vehicle,6,Saturday,183,OFF LEFT BEND INTO OBJECT/PARKED VEHICLE,3,631886,Not at intersection,3,50,Local Road,MAPLE,BENDIGO,-36.768383,144.25597,2020,2,February,1,Late Night,Weekend
T20200004457,2020-02-22,08:40:00,1,Collision with vehicle,6,Saturday,130,REAR END(VEHICLES IN SAME LANE),1,665183,Not at intersection,3,50,Arterial Highway,MAIN,KINGSTON,-38.007767,145.08734,2020,2,February,8,Morning Peak,Weekend
T20200004351,2020-02-22,16:00:00,1,Collision with vehicle,6,Saturday,113,RIGHT NEAR (INTERSECTIONS ONLY),1,277877,T intersection,2,60,Local Road,TOWER,WYNDHAM,-37.90023,144.66714,2020,2,February,16,Afternoon Peak,Weekend
T20200004693,2020-02-22,12:15:00,2,Struck Pedestrian,6,Saturday,100,PED NEAR SIDE. PED HIT BY VEHICLE FROM THE RIGHT.,1,632209,Not at intersection,2,60,Arterial Highway,WARRIGAL,MONASH,-37.89633,145.08757,2020,2,February,12,Midday,Weekend
T20200004273,2020-02-22,13:19:00,4,Collision with a fixed object,6,Saturday,171,LEFT OFF CARRIAGEWAY INTO OBJECT/PARKED VEHICLE,1,641142,Not at intersection,2,80,Arterial Other,HOPKINS,MELTON,-37.77679,144.70023,2020,2,February,13,Midday,Weekend
T20200004243,2020-02-22,06:00:00,1,Collision with vehicle,6,Saturday,121,RIGHT THROUGH,6,655217,T intersection,2,60,Arterial Other,NARRE WARREN NORTH,CASEY,-37.988342,145.31429,2020,2,February,6,Morning Peak,Weekend
T20200004247,2020-02-22,08:10:00,1,Collision with vehicle,6,Saturday,160,VEHICLE COLLIDES WITH VEHICLE PARKED ON LEFT OF ROAD,1,640326,Not at intersection,3,50,Local Road,THE BRENTWOODS,YARRA RANGES,-37.745785,145.32939,2020,2,February,8,Morning Peak,Weekend
T20200004253,2020-02-22,07:40:00,4,Collision with a fixed object,6,Saturday,173,RIGHT OFF CARRIAGEWAY INTO OBJECT/PARKED VEHICLE,1,630931,Not at intersection,2,60,Local Road,OHERNS,WHITTLESEA,-37.636654,145.01852,2020,2,February,7,Morning Peak,Weekend
T20200004306,2020-02-22,15:05:00,8,No collision and no object struck,6,Saturday,174,OUT OF CONTROL ON CARRIAGEWAY (ON STRAIGHT),1,64104,Cross intersection,3,50,Local Road,ANDREW,DAREBIN,-37.772667,145.00392,2020,2,February,15,Afternoon Peak,Weekend
T20200004288,2020-02-22,17:45:00,1,Collision with vehicle,6,Saturday,132,RIGHT REAR.,1,274733,T intersection,3,50,Local Road,HELM,BENDIGO,-36.802265,144.23926,2020,2,February,17,Afternoon Peak,Weekend
T20200004289,2020-02-22,15:25:00,6,Vehicle overturned (no collision),6,Saturday,180,OFF CARRIAGEWAY ON RIGHT BEND,1,675004,Not at intersection,2,80,Arterial Highway,GREAT OCEAN,COLAC OTWAY,-38.74763,143.27588,2020,2,February,15,Afternoon Peak,Weekend
T20200004340,2020-02-23,13:10:00,1,Collision with vehicle,7,Sunday,121,RIGHT THROUGH,1,44300,Cross intersection,2,70,Local Road,HOGANS,WYNDHAM,-37.860874,144.66702,2020,2,February,13,Midday,Weekend
T20200004364,2020-02-23,13:15:00,4,Collision with a fixed object,7,Sunday,171,LEFT OFF CARRIAGEWAY INTO OBJECT/PARKED VEHICLE,1,666993,Not at intersection,2,100,Local Road,GLENLEE-LORQUON,HINDMARSH,-36.220062,141.84502,2020,2,February,13,Midday,Weekend
T20200004388,2020-02-23,21:27:00,4,Collision with a fixed object,7,Sunday,173,RIGHT OFF CARRIAGEWAY INTO OBJECT/PARKED VEHICLE,3,655595,Not at intersection,2,70,Arterial Other,CRANBOURNE-FRANKSTON,FRANKSTON,-38.1492,145.14764,2020,2,February,21,Night,Weekend
T20200004386,2020-02-23,21:13:00,1,Collision with vehicle,7,Sunday,163,VEHICLE STRIKES DOOR OF PARKED/STATIONARY VEHICLE,3,644747,T intersection,3,50,Local Road,THOMPSON,MOONEE VALLEY,-37.762913,144.85559,2020,2,February,21,Night,Weekend
T20200004373,2020-02-23,19:45:00,1,Collision with vehicle,7,Sunday,137,LEFT TURN SIDESWIPE,1,40064,T intersection,3,40,Local Road,FITZROY,PORT PHILLIP,-37.860977,144.97534,2020,2,February,19,Night,Weekend
T20200004374,2020-02-23,19:47:00,4,Collision with a fixed object,7,Sunday,171,LEFT OFF CARRIAGEWAY INTO OBJECT/PARKED VEHICLE,1,632518,Not at intersection,3,60,Local Road,AURA-SELBY,YARRA RANGES,-37.91691,145.37856,2020,2,February,19,Night,Weekend
T20200004341,2020-02-23,14:10:00,1,Collision with vehicle,7,Sunday,132,RIGHT REAR.,1,654936,Not at intersection,2,60,Local Road,BARRIES,MELTON,-37.68797,144.57089,2020,2,February,14,Midday,Weekend
T20200004342,2020-02-23,14:05:00,1,Collision with vehicle,7,Sunday,134,LANE CHANGE RIGHT (NOT OVERTAKING),1,730679,Not at intersection,2,60,Arterial Highway,ST KILDA,PORT PHILLIP,-37.860004,144.98433,2020,2,February,14,Midday,Weekend
T20200004385,2020-02-23,19:35:00,4,Collision with a fixed object,7,Sunday,171,LEFT OFF CARRIAGEWAY INTO OBJECT/PARKED VEHICLE,1,648529,Not at intersection,2,80,Local Road,HENDERSONS,MORNINGTON PENINSULA,-38.304073,145.16699,2020,2,February,19,Night,Weekend
T20200004381,2020-02-23,20:20:00,6,Vehicle overturned (no collision),7,Sunday,182,OFF CARRIAGEWAY ON LEFT BEND,5,631562,Not at intersection,2,80,Local Road,WADDELLS,EAST GIPPSLAND,-37.807613,147.76099,2020,2,February,20,Night,Weekend
T20200004350,2020-02-23,14:41:00,1,Collision with vehicle,7,Sunday,121,RIGHT THROUGH,1,222100,T intersection,2,80,Freeway,GREENSBOROUGH,BANYULE,-37.695217,145.0923,2020,2,February,14,Midday,Weekend
T20200004387,2020-02-23,22:59:00,4,Collision with a fixed object,7,Sunday,173,RIGHT OFF CARRIAGEWAY INTO OBJECT/PARKED VEHICLE,5,632817,Not at intersection,2,100,Arterial Other,BENDIGO-MURCHISON,CAMPASPE,-36.596603,144.87009,2020,2,February,22,Night,Weekend
T20200004334,2020-02-23,12:30:00,1,Collision with vehicle,7,Sunday,148,VEHICLE OFF FOOTPATH STRIKES VEH ON CARRIAGEWAY,1,38993,Multiple intersection,3,60,Arterial Other,VALERIE,BOROONDARA,-37.799328,145.05063,2020,2,February,12,Midday,Weekend
T20200004332,2020-02-23,11:10:00,1,Collision with vehicle,7,Sunday,111,RIGHT FAR (INTERSECTIONS ONLY),1,72430,T intersection,3,80,Arterial Other,PORTARLINGTON,GEELONG,-38.175777,144.47096,2020,2,February,11,Midday,Weekend
T20200004331,2020-02-23,11:00:00,1,Collision with vehicle,7,Sunday,110,CROSS TRAFFIC(INTERSECTIONS ONLY),1,45046,Cross intersection,3,60,Local Road,LIDDIARD,LATROBE,-38.20213,146.55115,2020,2,February,11,Midday,Weekend
T20200004330,2020-02-23,12:00:00,1,Collision with vehicle,7,Sunday,121,RIGHT THROUGH,1,46085,Cross intersection,2,60,Arterial Highway,SPRINGVALE,DANDENONG,-37.933144,145.156,2020,2,February,12,Midday,Weekend
T20200004372,2020-02-23,17:12:00,1,Collision with vehicle,7,Sunday,181,OFF RIGHT BEND INTO OBJECT/PARKED VEHICLE,1,641143,Not at intersection,2,50,Local Road,CROWN POINT,YARRA RANGES,-37.754723,145.33289,2020,2,February,17,Afternoon Peak,Weekend
T20200004328,2020-02-23,09:42:00,6,Vehicle overturned (no collision),7,Sunday,184,OUT OF CONTROL ON CARRIAGEWAY (ON BEND),1,636133,Not at intersection,2,60,Local Road,PATERNOSTER,CARDINIA,-37.974274,145.49962,2020,2,February,9,Morning Peak,Weekend
T20200004612,2020-02-23,15:30:00,1,Collision with vehicle,7,Sunday,130,REAR END(VEHICLES IN SAME LANE),1,729168,Not at intersection,3,80,Arterial Highway,STUD,DANDENONG,-37.95515,145.22647,2020,2,February,15,Afternoon Peak,Weekend
T20200004326,2020-02-23,09:45:00,6,Vehicle overturned (no collision),7,Sunday,175,OFF END OF ROAD/T-INTERSECTION.,1,349808,T intersection,3,100,Arterial Other,ROKEWOOD-SHELFORD,GOLDEN PLAINS,-37.992386,143.94633,2020,2,February,9,Morning Peak,Weekend
T20200004715,2020-02-23,11:45:00,1,Collision with vehicle,7,Sunday,148,VEHICLE OFF FOOTPATH STRIKES VEH ON CARRIAGEWAY,1,40594,T intersection,3,60,Arterial Other,KEILOR,MOONEE VALLEY,-37.736027,144.88907,2020,2,February,11,Midday,Weekend
T20200004314,2020-02-23,00:10:00,2,Struck Pedestrian,7,Sunday,100,PED NEAR SIDE. PED HIT BY VEHICLE FROM THE RIGHT.,3,338741,Not at intersection,2,60,Arterial Highway,NEPEAN,KINGSTON,-38.00707,145.08678,2020,2,February,0,Late Night,Weekend
T20200004678,2020-02-23,10:10:00,4,Collision with a fixed object,7,Sunday,183,OFF LEFT BEND INTO OBJECT/PARKED VEHICLE,1,632208,Not at intersection,3,60,Arterial Highway,GREAT OCEAN,COLAC OTWAY,-38.728817,143.703,2020,2,February,10,Midday,Weekend
T20200004451,2020-02-23,13:45:00,8,No collision and no object struck,7,Sunday,170,OFF CARRIAGEWAY TO LEFT,1,631890,Not at intersection,2,100,Arterial Other,MORTLAKE-ARARAT,ARARAT,-37.453964,142.85823,2020,2,February,13,Midday,Weekend
T20200004838,2020-02-23,13:50:00,1,Collision with vehicle,7,Sunday,130,REAR END(VEHICLES IN SAME LANE),1,29521,Cross intersection,2,60,Arterial Other,WILLIAMSTOWN,MARIBYRNONG,-37.812824,144.88347,2020,2,February,13,Midday,Weekend
T20200004357,2020-02-23,15:15:00,1,Collision with vehicle,7,Sunday,130,REAR END(VEHICLES IN SAME LANE),1,46709,T intersection,3,40,Arterial Other,GLENFERRIE,BOROONDARA,-37.818256,145.03616,2020,2,February,15,Afternoon Peak,Weekend
T20200004336,2020-02-23,12:30:00,3,Struck animal,7,Sunday,167,STRUCK ANIMAL,1,663235,Not at intersection,2,100,Arterial Other,EUROA-MANSFIELD,STRATHBOGIE,-36.87423,145.60095,2020,2,February,12,Midday,Weekend
T20200004359,2020-02-23,15:45:00,7,Fall from or in moving vehicle,7,Sunday,190,FELL IN/FROM VEHICLE,1,631241,T intersection,2,60,Arterial Other,BEACONSFIELD,PORT PHILLIP,-37.85317,144.95969,2020,2,February,15,Afternoon Peak,Weekend
T20200004362,2020-02-23,16:00:00,4,Collision with a fixed object,7,Sunday,171,LEFT OFF CARRIAGEWAY INTO OBJECT/PARKED VEHICLE,1,651288,Not at intersection,2,100,Local Road,BURRELLS FLAT,MOYNE,-38.27828,142.40659,2020,2,February,16,Afternoon Peak,Weekend
T20200004426,2020-02-23,11:19:00,3,Struck animal,7,Sunday,167,STRUCK ANIMAL,1,639084,Not at intersection,3,100,Local Road,RUNCIMAN,SWAN HILL,-35.287823,143.5362,2020,2,February,11,Midday,Weekend
T20200004469,2020-02-23,14:05:00,1,Collision with vehicle,7,Sunday,130,REAR END(VEHICLES IN SAME LANE),1,631569,Not at intersection,3,50,Local Road,THE BOULEVARD,PORT PHILLIP,-37.83911,144.91837,2020,2,February,14,Midday,Weekend
T20200004436,2020-02-23,15:30:00,4,Collision with a fixed object,7,Sunday,183,OFF LEFT BEND INTO OBJECT/PARKED VEHICLE,1,635725,Not at intersection,2,80,Arterial Other,WOODS POINT,YARRA RANGES,-37.662285,145.85667,2020,2,February,15,Afternoon Peak,Weekend
T20200004450,2020-02-23,13:00:00,6,Vehicle overturned (no collision),7,Sunday,180,OFF CARRIAGEWAY ON RIGHT BEND,1,631567,Not at intersection,2,100,Arterial Other,OMEO,TOWONG,-36.564064,147.40828,2020,2,February,13,Midday,Weekend
T20200004338,2020-02-23,12:35:00,1,Collision with vehicle,7,Sunday,113,RIGHT NEAR (INTERSECTIONS ONLY),1,41752,T intersection,3,60,Arterial Other,BLACKBURN,MONASH,-37.884403,145.1461,2020,2,February,12,Midday,Weekend
T20200005907,2020-02-23,11:45:00,1,Collision with vehicle,7,Sunday,132,RIGHT REAR.,1,663,T intersection,3,60,Arterial Other,ESPLANADE,BAYSIDE,-37.910786,144.98605,2020,2,February,11,Midday,Weekend
T20200004358,2020-02-23,12:50:00,8,No collision and no object struck,7,Sunday,179,OTHER ACCIDENTS-OFF STRAIGHT NOT INCLUDED IN DCAs 170-175,1,55438,Cross intersection,3,50,Local Road,GIFFARD,HOBSONS BAY,-37.866756,144.8984,2020,2,February,12,Midday,Weekend
T20200004455,2020-02-24,16:42:00,1,Collision with vehicle,1,Monday,160,VEHICLE COLLIDES WITH VEHICLE PARKED ON LEFT OF ROAD,1,636137,Not at intersection,2,50,Local Road,BROWNS,MONASH,-37.925606,145.12656,2020,2,February,16,Afternoon Peak,Weekday
T20200004454,2020-02-24,17:23:00,1,Collision with vehicle,1,Monday,113,RIGHT NEAR (INTERSECTIONS ONLY),1,44014,T intersection,3,80,Arterial Highway,NEPEAN,MORNINGTON PENINSULA,-38.285767,145.03093,2020,2,February,17,Afternoon Peak,Weekday
T20200004481,2020-02-24,13:30:00,1,Collision with vehicle,1,Monday,129,OTHER OPPOSING MANOEUVRES NOT INCLUDED IN DCAs 120-125.,1,631892,Not at intersection,3,80,Arterial Other,BELGRAVE-HALLAM,CASEY,-38.00182,145.2743,2020,2,February,13,Midday,Weekday
T20200006890,2020-02-24,04:55:00,1,Collision with vehicle,1,Monday,130,REAR END(VEHICLES IN SAME LANE),9,274360,Cross intersection,3,50,Local Road,BROUGHAM,GEELONG,-38.143806,144.35666,2020,2,February,4,Late Night,Weekday
T20200004401,2020-02-24,07:30:00,1,Collision with vehicle,1,Monday,143,ENTERING PARKING,1,631564,Not at intersection,3,40,Local Road,COLLINS,MELBOURNE,-37.81451,144.9699,2020,2,February,7,Morning Peak,Weekday
T20200004402,2020-02-24,09:05:00,4,Collision with a fixed object,1,Monday,171,LEFT OFF CARRIAGEWAY INTO OBJECT/PARKED VEHICLE,1,648693,Not at intersection,2,80,Local Road,GHAZEEPORE,SURF COAST,-38.29895,144.2857,2020,2,February,9,Morning Peak,Weekday
T20200004412,2020-02-24,12:13:00,4,Collision with a fixed object,1,Monday,141,U TURN INTO FIXED OBJECT/PARKED VEHICLE,1,773447,Not at intersection,2,60,Arterial Highway,NORTH,MONASH,-37.91115,145.09933,2020,2,February,12,Midday,Weekday
T20200004446,2020-02-24,16:41:00,1,Collision with vehicle,1,Monday,113,RIGHT NEAR (INTERSECTIONS ONLY),1,45201,T intersection,3,60,Arterial Other,HAMPSTEAD,MARIBYRNONG,-37.777145,144.87776,2020,2,February,16,Afternoon Peak,Weekday
T20200004452,2020-02-24,18:20:00,1,Collision with vehicle,1,Monday,110,CROSS TRAFFIC(INTERSECTIONS ONLY),1,41413,Cross intersection,3,60,Local Road,KOORNANG,GLEN EIRA,-37.8994,145.05513,2020,2,February,18,Afternoon Peak,Weekday
T20200004480,2020-02-24,13:00:00,1,Collision with vehicle,1,Monday,110,CROSS TRAFFIC(INTERSECTIONS ONLY),1,635730,Cross intersection,2,80,Arterial Highway,SPRINGVALE,DANDENONG,-37.98237,145.14618,2020,2,February,13,Midday,Weekday
T20200004476,2020-02-24,04:00:00,4,Collision with a fixed object,1,Monday,173,RIGHT OFF CARRIAGEWAY INTO OBJECT/PARKED VEHICLE,5,658086,Not at intersection,2,100,Arterial Other,MURCHISON-TATURA,SHEPPARTON,-36.520138,145.2228,2020,2,February,4,Late Night,Weekday
T20200004473,2020-02-24,22:15:00,2,Struck Pedestrian,1,Monday,101,PED EMERGES FROM IN FRONT OF PARKED OR STATIONARY VEHICLE,6,650265,Not at intersection,3,50,Local Road,BLYTH,MORELAND,-37.767365,144.9804,2020,2,February,22,Night,Weekday
T20200004521,2020-02-24,09:00:00,1,Collision with vehicle,1,Monday,137,LEFT TURN SIDESWIPE,9,45008,T intersection,3,60,Arterial Other,MAIN,BRIMBANK,-37.74672,144.8207,2020,2,February,9,Morning Peak,Weekday
T20200007414,2020-02-24,09:05:00,1,Collision with vehicle,1,Monday,160,VEHICLE COLLIDES WITH VEHICLE PARKED ON LEFT OF ROAD,1,644125,Not at intersection,3,50,Local Road,VICTORIA,YARRA,-37.805992,144.99808,2020,2,February,9,Morning Peak,Weekday
T20200004600,2020-02-24,07:25:00,1,Collision with vehicle,1,Monday,159,OTHER OVERTAKING MANOEUVRES NOT INCLUDED IN DCAs 150-154,1,44184,T intersection,2,40,Arterial Other,HIGH,DAREBIN,-37.709953,145.00874,2020,2,February,7,Morning Peak,Weekday
T20200004517,2020-02-24,16:30:00,1,Collision with vehicle,1,Monday,110,CROSS TRAFFIC(INTERSECTIONS ONLY),1,651375,Cross intersection,2,50,Local Road,COLLINS,MOONEE VALLEY,-37.744392,144.90765,2020,2,February,16,Afternoon Peak,Weekday
T20200004443,2020-02-24,15:32:00,6,Vehicle overturned (no collision),1,Monday,174,OUT OF CONTROL ON CARRIAGEWAY (ON STRAIGHT),1,635727,Not at intersection,2,50,Arterial Other,VICTORIA,YARRA,-37.809868,144.9916,2020,2,February,15,Afternoon Peak,Weekday
T20200006649,2020-02-24,07:20:00,1,Collision with vehicle,1,Monday,135,LANE CHANGE LEFT (NOT OVERTAKING),1,641598,Not at intersection,2,100,Freeway,PRINCES,HOBSONS BAY,-37.868385,144.76727,2020,2,February,7,Morning Peak,Weekday
T20200004468,2020-02-24,21:17:00,2,Struck Pedestrian,1,Monday,100,PED NEAR SIDE. PED HIT BY VEHICLE FROM THE RIGHT.,3,636864,Not at intersection,2,60,Arterial Other,WANTIRNA,MAROONDAH,-37.81994,145.22731,2020,2,February,21,Night,Weekday
T20200004467,2020-02-24,16:40:00,1,Collision with vehicle,1,Monday,121,RIGHT THROUGH,1,63183,T intersection,3,60,Arterial Other,HOFFMANS,MOONEE VALLEY,-37.745068,144.89114,2020,2,February,16,Afternoon Peak,Weekday
T20200004466,2020-02-24,14:30:00,1,Collision with vehicle,1,Monday,120,HEAD ON (NOT OVERTAKING),1,654156,Not at intersection,3,50,Local Road,TOLL,HOBSONS BAY,-37.840458,144.83057,2020,2,February,14,Midday,Weekday
T20200004438,2020-02-24,15:25:00,4,Collision with a fixed object,1,Monday,171,LEFT OFF CARRIAGEWAY INTO OBJECT/PARKED VEHICLE,1,635726,Not at intersection,2,100,Local Road,DOBSON,BENALLA,-36.657677,145.92525,2020,2,February,15,Afternoon Peak,Weekday
T20200006776,2020-02-24,00:15:00,1,Collision with vehicle,1,Monday,110,CROSS TRAFFIC(INTERSECTIONS ONLY),3,238583,Cross intersection,3,60,Arterial Other,VICTORIA,MELBOURNE,-37.80843,144.97583,2020,2,February,0,Late Night,Weekday
T20200004861,2020-02-24,08:45:00,6,Vehicle overturned (no collision),1,Monday,174,OUT OF CONTROL ON CARRIAGEWAY (ON STRAIGHT),1,636516,T intersection,3,60,Local Road,ENTERPRISE,BALLARAT,-37.62443,143.88365,2020,2,February,8,Morning Peak,Weekday
T20200004496,2020-02-24,15:20:00,1,Collision with vehicle,1,Monday,121,RIGHT THROUGH,1,36066,Cross intersection,3,50,Arterial Highway,RACECOURSE,MELBOURNE,-37.789173,144.94002,2020,2,February,15,Afternoon Peak,Weekday
T20200004495,2020-02-24,08:20:00,1,Collision with vehicle,1,Monday,163,VEHICLE STRIKES DOOR OF PARKED/STATIONARY VEHICLE,1,635732,Not at intersection,3,40,Arterial Highway,WHITEHORSE ROAD SERVICE,WHITEHORSE,-37.819695,145.13548,2020,2,February,8,Morning Peak,Weekday
T20200004492,2020-02-24,12:45:00,1,Collision with vehicle,1,Monday,152,PULLING OUT (OVERTAKING),1,29783,T intersection,2,60,Arterial Other,HIGH,DAREBIN,-37.70884,145.00894,2020,2,February,12,Midday,Weekday
T20200004442,2020-02-24,07:55:00,1,Collision with vehicle,1,Monday,121,RIGHT THROUGH,1,316028,Cross intersection,3,40,Local Road,EVANS,CASEY,-38.076897,145.25871,2020,2,February,7,Morning Peak,Weekday
T20200004418,2020-02-24,12:30:00,1,Collision with vehicle,1,Monday,131,LEFT REAR,1,52544,Cross intersection,3,60,Arterial Highway,FIFTEENTH,MILDURA,-34.239605,142.17569,2020,2,February,12,Midday,Weekday
T20200004421,2020-02-24,11:30:00,1,Collision with vehicle,1,Monday,130,REAR END(VEHICLES IN SAME LANE),1,729166,Cross intersection,3,80,Arterial Highway,DANDENONG,MONASH,-37.911465,145.12236,2020,2,February,11,Midday,Weekday
T20200004458,2020-02-24,18:53:00,1,Collision with vehicle,1,Monday,110,CROSS TRAFFIC(INTERSECTIONS ONLY),1,51750,Cross intersection,2,80,Local Road,MANDURANG,BENDIGO,-36.826515,144.30278,2020,2,February,18,Afternoon Peak,Weekday
T20200004456,2020-02-24,17:50:00,4,Collision with a fixed object,1,Monday,171,LEFT OFF CARRIAGEWAY INTO OBJECT/PARKED VEHICLE,1,658988,Not at intersection,2,100,Arterial Highway,WESTERN,ARARAT,-37.33869,143.1145,2020,2,February,17,Afternoon Peak,Weekday
T20200004553,2020-02-25,17:39:00,8,No collision and no object struck,2,Tuesday,174,OUT OF CONTROL ON CARRIAGEWAY (ON STRAIGHT),1,277083,T intersection,3,80,Arterial Other,KELLETTS,KNOX,-37.925026,145.28543,2020,2,February,17,Afternoon Peak,Weekday
T20200005852,2020-02-25,21:00:00,1,Collision with vehicle,2,Tuesday,113,RIGHT NEAR (INTERSECTIONS ONLY),3,42943,Cross intersection,3,50,Local Road,BLOOMFIELD,DANDENONG,-37.976784,145.17807,2020,2,February,21,Night,Weekday
T20200004650,2020-02-25,15:30:00,1,Collision with vehicle,2,Tuesday,130,REAR END(VEHICLES IN SAME LANE),9,662116,Not at intersection,3,60,Local Road,BARRY,HUME,-37.667793,144.96234,2020,2,February,15,Afternoon Peak,Weekday
T20200004558,2020-02-25,17:09:00,1,Collision with vehicle,2,Tuesday,148,VEHICLE OFF FOOTPATH STRIKES VEH ON CARRIAGEWAY,1,45390,T intersection,3,60,Arterial Other,MARIBYRNONG,MOONEE VALLEY,-37.77224,144.92088,2020,2,February,17,Afternoon Peak,Weekday
T20200004499,2020-02-25,08:55:00,1,Collision with vehicle,2,Tuesday,120,HEAD ON (NOT OVERTAKING),1,660285,Not at intersection,2,80,Arterial Other,BELGRAVE-HALLAM,YARRA RANGES,-37.950108,145.34961,2020,2,February,8,Morning Peak,Weekday
T20200007360,2020-02-25,16:40:00,1,Collision with vehicle,2,Tuesday,153,CUTTING IN (OVERTAKING),1,41133,Cross intersection,3,60,Arterial Other,ST KILDA,BAYSIDE,-37.895706,144.98993,2020,2,February,16,Afternoon Peak,Weekday
T20200005963,2020-02-25,06:15:00,1,Collision with vehicle,2,Tuesday,130,REAR END(VEHICLES IN SAME LANE),3,773254,Not at intersection,3,100,Freeway,METROPOLITAN RING,WHITTLESEA,-37.686886,145.00436,2020,2,February,6,Morning Peak,Weekday
T20200004921,2020-02-25,11:15:00,2,Struck Pedestrian,2,Tuesday,108,PED STRUCK WALKING TO/FROM OR BOARDING/ALIGHTING VEHICLE.,1,652552,Not at intersection,3,60,Arterial Other,SYNNOT,WYNDHAM,-37.902378,144.66205,2020,2,February,11,Midday,Weekday
T20200004490,2020-02-25,08:45:00,1,Collision with vehicle,2,Tuesday,147,VEHICLE STRIKES ANOTHER VEH WHILE EMERGING FROM DRIVEWAY,1,662578,Not at intersection,3,40,Local Road,PARK,MANNINGHAM,-37.777657,145.21284,2020,2,February,8,Morning Peak,Weekday
T20200006894,2020-02-25,08:25:00,1,Collision with vehicle,2,Tuesday,130,REAR END(VEHICLES IN SAME LANE),1,640660,Not at intersection,3,40,Local Road,SAYERS,WYNDHAM,-37.848057,144.68446,2020,2,February,8,Morning Peak,Weekday
T20200004557,2020-02-25,20:45:00,1,Collision with vehicle,2,Tuesday,130,REAR END(VEHICLES IN SAME LANE),3,662146,Cross intersection,3,60,Arterial Other,SYDNEY,MORELAND,-37.737682,144.96692,2020,2,February,20,Night,Weekday
T20200004555,2020-02-25,21:20:00,1,Collision with vehicle,2,Tuesday,113,RIGHT NEAR (INTERSECTIONS ONLY),3,35871,T intersection,2,60,Local Road,DUNCAN,CARDINIA,-38.07529,145.47444,2020,2,February,21,Night,Weekday
T20200004556,2020-02-25,17:35:00,4,Collision with a fixed object,2,Tuesday,171,LEFT OFF CARRIAGEWAY INTO OBJECT/PARKED VEHICLE,1,644443,Not at intersection,2,60,Arterial Other,BOLDREWOOD,DAREBIN,-37.72005,145.02113,2020,2,February,17,Afternoon Peak,Weekday
T20200004534,2020-02-25,17:45:00,1,Collision with vehicle,2,Tuesday,116,LEFT NEAR (INTERSECTIONS ONLY),1,636510,T intersection,3,40,Local Road,GREENHALGHS,BALLARAT,-37.58353,143.79913,2020,2,February,17,Afternoon Peak,Weekday
T20200005470,2020-02-25,08:40:00,1,Collision with vehicle,2,Tuesday,132,RIGHT REAR.,1,44881,T intersection,3,70,Local Road,HOMESTEAD,YARRA RANGES,-37.73466,145.28288,2020,2,February,8,Morning Peak,Weekday
T20200004508,2020-02-25,11:22:00,1,Collision with vehicle,2,Tuesday,130,REAR END(VEHICLES IN SAME LANE),1,10873,Cross intersection,3,70,Freeway,EDGARS,WHITTLESEA,-37.68763,145.00235,2020,2,February,11,Midday,Weekday
T20200005486,2020-02-25,17:03:00,1,Collision with vehicle,2,Tuesday,130,REAR END(VEHICLES IN SAME LANE),1,636536,T intersection,3,60,Arterial Other,CHANDLER,BOROONDARA,-37.79292,145.03143,2020,2,February,17,Afternoon Peak,Weekday
T20200004542,2020-02-25,15:40:00,4,Collision with a fixed object,2,Tuesday,171,LEFT OFF CARRIAGEWAY INTO OBJECT/PARKED VEHICLE,1,663231,Not at intersection,3,80,Arterial Highway,MAIN,EAST GIPPSLAND,-37.839283,147.594,2020,2,February,15,Afternoon Peak,Weekday