ACCIDENT_NO,ACCIDENT_DATE,ACCIDENT_TIME,ACCIDENT_TYPE,ACCIDENT_TYPE_DESC,DAY_OF_WEEK,DAY_WEEK_DESC,DCA_CODE,DCA_DESC,LIGHT_CONDITION,NODE_ID,ROAD_GEOMETRY_DESC,SEVERITY,SPEED_ZONE,RMA,ROAD_NAME,LGA_NAME,LATITUDE,LONGITUDE,YEAR,MONTH,MONTH_NAME,HOUR,TIME_PERIOD,DAY_TYPE
T20200004541,2020-02-25,16:20:00,2,Struck Pedestrian,2,Tuesday,100,PED NEAR SIDE. PED HIT BY VEHICLE FROM THE RIGHT.,1,121954,T intersection,2,40,Arterial Other,JOHNSTON,YARRA,-37.79801,144.97542,2020,2,February,16,Afternoon Peak,Weekday
T20200004537,2020-02-25,18:01:00,1,Collision with vehicle,2,Tuesday,121,RIGHT THROUGH,1,38885,Cross intersection,2,60,Arterial Other,DENMARK STREET -POWER,BOROONDARA,-37.81365,145.02788,2020,2,February,18,Afternoon Peak,Weekday
T20200004487,2020-02-25,06:45:00,1,Collision with vehicle,2,Tuesday,121,RIGHT THROUGH,2,40214,Cross intersection,2,50,Local Road,ALMA,GLEN EIRA,-37.86412,145.01283,2020,2,February,6,Morning Peak,Weekday
T20200004549,2020-02-25,20:55:00,1,Collision with vehicle,2,Tuesday,160,VEHICLE COLLIDES WITH VEHICLE PARKED ON LEFT OF ROAD,3,635737,Not at intersection,3,50,Local Road,TAMPA,BASS COAST,-38.5239,145.33232,2020,2,February,20,Night,Weekday
T20200004548,2020-02-25,18:55:00,1,Collision with vehicle,2,Tuesday,113,RIGHT NEAR (INTERSECTIONS ONLY),1,38146,T intersection,3,40,Arterial Other,UPPER HEIDELBERG,BANYULE,-37.765427,145.04625,2020,2,February,18,Afternoon Peak,Weekday
T20200004536,2020-02-25,16:00:00,1,Collision with vehicle,2,Tuesday,110,CROSS TRAFFIC(INTERSECTIONS ONLY),1,253841,Cross intersection,2,100,Local Road,BANKS,GEELONG,-38.21966,144.59126,2020,2,February,16,Afternoon Peak,Weekday
T20200004545,2020-02-25,20:35:00,1,Collision with vehicle,2,Tuesday,163,VEHICLE STRIKES DOOR OF PARKED/STATIONARY VEHICLE,3,631571,Not at intersection,3,40,Local Road,CHAPEL,STONNINGTON,-37.856342,144.99251,2020,2,February,20,Night,Weekday
T20200004503,2020-02-25,12:30:00,4,Collision with a fixed object,2,Tuesday,179,OTHER ACCIDENTS-OFF STRAIGHT NOT INCLUDED IN DCAs 170-175,1,663290,Not at intersection,2,50,Local Road,LAUREL HILL,NILLUMBIK,-37.69286,145.15083,2020,2,February,12,Midday,Weekday
T20200009429,2020-02-25,09:30:00,6,Vehicle overturned (no collision),2,Tuesday,174,OUT OF CONTROL ON CARRIAGEWAY (ON STRAIGHT),1,652649,Not at intersection,3,50,Arterial Other,MARIBYRNONG,MOONEE VALLEY,-37.772552,144.9238,2020,2,February,9,Morning Peak,Weekday
T20200004511,2020-02-25,09:11:00,1,Collision with vehicle,2,Tuesday,137,LEFT TURN SIDESWIPE,1,35709,T intersection,3,40,Arterial Other,MT ALEXANDER,MOONEE VALLEY,-37.78255,144.93396,2020,2,February,9,Morning Peak,Weekday
T20200004509,2020-02-25,08:25:00,1,Collision with vehicle,2,Tuesday,130,REAR END(VEHICLES IN SAME LANE),1,64071,Cross intersection,3,60,Arterial Other,MARIBYRNONG,MOONEE VALLEY,-37.77133,144.91254,2020,2,February,8,Morning Peak,Weekday
T20200004535,2020-02-25,14:30:00,1,Collision with vehicle,2,Tuesday,121,RIGHT THROUGH,1,269195,T intersection,3,60,Local Road,CHADSTONE,STONNINGTON,-37.8854,145.07849,2020,2,February,14,Midday,Weekday
T20200004532,2020-02-25,14:30:00,4,Collision with a fixed object,2,Tuesday,171,LEFT OFF CARRIAGEWAY INTO OBJECT/PARKED VEHICLE,1,645949,Not at intersection,3,100,Local Road,WRIGHTS SWAMP,GLENELG,-38.20335,141.40729,2020,2,February,14,Midday,Weekday
T20200004560,2020-02-25,19:00:00,1,Collision with vehicle,2,Tuesday,120,HEAD ON (NOT OVERTAKING),1,663227,Not at intersection,2,50,Arterial Other,KEILOR,MOONEE VALLEY,-37.733334,144.88347,2020,2,February,19,Night,Weekday
T20200004568,2020-02-25,21:00:00,1,Collision with vehicle,2,Tuesday,130,REAR END(VEHICLES IN SAME LANE),3,635738,Not at intersection,3,100,Freeway,WESTERN RING,HUME,-37.704674,144.88934,2020,2,February,21,Night,Weekday
T20200005318,2020-02-25,18:51:00,4,Collision with a fixed object,2,Tuesday,183,OFF LEFT BEND INTO OBJECT/PARKED VEHICLE,1,636176,Not at intersection,3,60,Arterial Other,MOUNT DANDENONG TOURIST,YARRA RANGES,-37.889664,145.32147,2020,2,February,18,Afternoon Peak,Weekday
T20200004571,2020-02-25,13:14:00,4,Collision with a fixed object,2,Tuesday,141,U TURN INTO FIXED OBJECT/PARKED VEHICLE,1,663226,Not at intersection,2,50,Local Road,CARDINIA,CASEY,-38.037148,145.36603,2020,2,February,13,Midday,Weekday
T20200004543,2020-02-25,18:45:00,1,Collision with vehicle,2,Tuesday,148,VEHICLE OFF FOOTPATH STRIKES VEH ON CARRIAGEWAY,1,64382,T intersection,3,40,Local Road,BOWEN,MELBOURNE,-37.780113,144.96283,2020,2,February,18,Afternoon Peak,Weekday
T20200004576,2020-02-25,17:00:00,1,Collision with vehicle,2,Tuesday,130,REAR END(VEHICLES IN SAME LANE),2,664810,Not at intersection,3,80,Arterial Other,CLYDE,CASEY,-38.045864,145.341,2020,2,February,17,Afternoon Peak,Weekday
T20200004470,2020-02-25,00:23:00,1,Collision with vehicle,2,Tuesday,160,VEHICLE COLLIDES WITH VEHICLE PARKED ON LEFT OF ROAD,3,631570,Not at intersection,3,60,Local Road,EAST ESPLANADE,BRIMBANK,-37.740246,144.7976,2020,2,February,0,Late Night,Weekday
T20200005250,2020-02-25,18:10:00,1,Collision with vehicle,2,Tuesday,130,REAR END(VEHICLES IN SAME LANE),1,636166,Not at intersection,3,60,Freeway,WESTERN RING OUT-PASCOE VALE,HUME,-37.693855,144.91377,2020,2,February,18,Afternoon Peak,Weekday
T20200008090,2020-02-25,16:46:00,1,Collision with vehicle,2,Tuesday,130,REAR END(VEHICLES IN SAME LANE),1,647799,Not at intersection,3,100,Freeway,EASTLINK,KNOX,-37.860485,145.21227,2020,2,February,16,Afternoon Peak,Weekday
T20200004663,2020-02-25,23:30:00,1,Collision with vehicle,2,Tuesday,110,CROSS TRAFFIC(INTERSECTIONS ONLY),3,662580,Cross intersection,2,80,Arterial Other,BERWICK-CRANBOURNE ROAD -HEATHER,CASEY,-38.110847,145.32835,2020,2,February,23,Night,Weekday
T20200004578,2020-02-25,15:28:00,1,Collision with vehicle,2,Tuesday,129,OTHER OPPOSING MANOEUVRES NOT INCLUDED IN DCAs 120-125.,1,70711,T intersection,2,60,Local Road,BRIDGE,DANDENONG,-37.989796,145.19179,2020,2,February,15,Afternoon Peak,Weekday
T20200007401,2020-02-25,19:30:00,1,Collision with vehicle,2,Tuesday,130,REAR END(VEHICLES IN SAME LANE),9,234884,Not at intersection,2,80,Arterial Highway,DANDENONG,STONNINGTON,-37.880913,145.04977,2020,2,February,19,Night,Weekday
T20200004528,2020-02-25,16:04:00,6,Vehicle overturned (no collision),2,Tuesday,170,OFF CARRIAGEWAY TO LEFT,1,636139,Not at intersection,2,90,Arterial Other,KOO WEE RUP,CARDINIA,-38.1112,145.48619,2020,2,February,16,Afternoon Peak,Weekday
T20200004668,2020-02-25,05:45:00,1,Collision with vehicle,2,Tuesday,134,LANE CHANGE RIGHT (NOT OVERTAKING),6,728932,Not at intersection,3,80,Arterial Highway,NEPEAN,KINGSTON,-37.939934,145.03957,2020,2,February,5,Morning Peak,Weekday
T20200004597,2020-02-25,09:00:00,1,Collision with vehicle,2,Tuesday,116,LEFT NEAR (INTERSECTIONS ONLY),1,307994,T intersection,3,50,Arterial Other,COLLEGE,MELBOURNE,-37.791912,144.962,2020,2,February,9,Morning Peak,Weekday
T20200004706,2020-02-25,18:00:00,1,Collision with vehicle,2,Tuesday,121,RIGHT THROUGH,1,222946,T intersection,2,60,Arterial Other,BAYLES,MELBOURNE,-37.794506,144.95804,2020,2,February,18,Afternoon Peak,Weekday
T20200004622,2020-02-25,19:05:00,1,Collision with vehicle,2,Tuesday,163,VEHICLE STRIKES DOOR OF PARKED/STATIONARY VEHICLE,1,635742,Not at intersection,3,60,Arterial Other,CARLISLE,PORT PHILLIP,-37.869053,144.99573,2020,2,February,19,Night,Weekday
T20200004590,2020-02-25,14:50:00,1,Collision with vehicle,2,Tuesday,130,REAR END(VEHICLES IN SAME LANE),1,641145,Not at intersection,2,60,Local Road,MCCRAE,DANDENONG,-37.99255,145.22173,2020,2,February,14,Midday,Weekday
T20200005118,2020-02-25,13:30:00,4,Collision with a fixed object,2,Tuesday,171,LEFT OFF CARRIAGEWAY INTO OBJECT/PARKED VEHICLE,1,662841,Not at intersection,3,100,Arterial Other,BONEO,MORNINGTON PENINSULA,-38.395554,144.8882,2020,2,February,13,Midday,Weekday
T20200004779,2020-02-25,15:30:00,1,Collision with vehicle,2,Tuesday,130,REAR END(VEHICLES IN SAME LANE),1,668194,Not at intersection,3,70,Arterial Other,BALLARAT,BRIMBANK,-37.777363,144.83098,2020,2,February,15,Afternoon Peak,Weekday
T20200004501,2020-02-25,12:43:00,1,Collision with vehicle,2,Tuesday,136,RIGHT TURN SIDESWIPE,1,658537,Not at intersection,3,70,Local Road,KNEES,MANNINGHAM,-37.763596,145.21892,2020,2,February,12,Midday,Weekday
T20200005230,2020-02-26,08:25:00,1,Collision with vehicle,3,Wednesday,120,HEAD ON (NOT OVERTAKING),1,648080,Not at intersection,2,80,Local Road,POST OFFICE,GOLDEN PLAINS,-37.648956,143.75189,2020,2,February,8,Morning Peak,Weekday
T20200005137,2020-02-26,11:30:00,1,Collision with vehicle,3,Wednesday,130,REAR END(VEHICLES IN SAME LANE),1,530,Cross intersection,3,80,Arterial Other,CANTERBURY,MAROONDAH,-37.82151,145.30424,2020,2,February,11,Midday,Weekday
T20200004761,2020-02-26,06:30:00,1,Collision with vehicle,3,Wednesday,130,REAR END(VEHICLES IN SAME LANE),2,632527,Not at intersection,3,80,Arterial Highway,BURWOOD,WHITEHORSE,-37.852764,145.15208,2020,2,February,6,Morning Peak,Weekday
T20200004649,2020-02-26,16:40:00,6,Vehicle overturned (no collision),3,Wednesday,180,OFF CARRIAGEWAY ON RIGHT BEND,1,635745,Not at intersection,2,100,Arterial Highway,WIMMERA,WEST WIMMERA,-36.898884,141.50594,2020,2,February,16,Afternoon Peak,Weekday
T20200004648,2020-02-26,18:45:00,1,Collision with vehicle,3,Wednesday,132,RIGHT REAR.,1,652462,T intersection,3,70,Arterial Other,MOOROOLBARK,YARRA RANGES,-37.768,145.33298,2020,2,February,18,Afternoon Peak,Weekday
T20200004647,2020-02-26,17:30:00,1,Collision with vehicle,3,Wednesday,135,LANE CHANGE LEFT (NOT OVERTAKING),1,632521,Not at intersection,3,80,Arterial Other,CANTERBURY,MAROONDAH,-37.832314,145.21399,2020,2,February,17,Afternoon Peak,Weekday
T20200004645,2020-02-26,17:30:00,2,Struck Pedestrian,3,Wednesday,102,FAR SIDE. PED HIT BY VEHICLE FROM THE LEFT,1,635744,T intersection,2,50,Local Road,JOFFRE,DANDENONG,-37.973858,145.19318,2020,2,February,17,Afternoon Peak,Weekday
T20200004653,2020-02-26,19:50:00,1,Collision with vehicle,3,Wednesday,121,RIGHT THROUGH,2,282954,T intersection,2,80,Arterial Highway,SOUTH GIPPSLAND,DANDENONG,-38.005856,145.2279,2020,2,February,19,Night,Weekday
T20200004644,2020-02-26,16:49:00,1,Collision with vehicle,3,Wednesday,121,RIGHT THROUGH,1,632207,Not at intersection,2,50,Local Road,STANLEY,FRANKSTON,-38.142166,145.13199,2020,2,February,16,Afternoon Peak,Weekday
T20200004656,2020-02-26,15:50:00,6,Vehicle overturned (no collision),3,Wednesday,172,OFF CARRIAGEWAY TO RIGHT,1,632522,T intersection,2,50,Local Road,ASTLEY,MANNINGHAM,-37.761337,145.10432,2020,2,February,15,Afternoon Peak,Weekday
T20200004658,2020-02-26,20:54:00,1,Collision with vehicle,3,Wednesday,121,RIGHT THROUGH,3,54089,Cross intersection,3,60,Arterial Other,WESTALL,DANDENONG,-37.931374,145.14162,2020,2,February,20,Night,Weekday
T20200004642,2020-02-26,14:35:00,1,Collision with vehicle,3,Wednesday,163,VEHICLE STRIKES DOOR OF PARKED/STATIONARY VEHICLE,1,635743,Not at intersection,3,40,Local Road,NICHOLSON,YARRA,-37.808544,144.99622,2020,2,February,14,Midday,Weekday
T20200004641,2020-02-26,17:00:00,1,Collision with vehicle,3,Wednesday,160,VEHICLE COLLIDES WITH VEHICLE PARKED ON LEFT OF ROAD,1,631895,Not at intersection,3,60,Local Road,MATTHEWS,GEELONG,-38.07733,144.33801,2020,2,February,17,Afternoon Peak,Weekday
T20200004592,2020-02-26,08:03:00,1,Collision with vehicle,3,Wednesday,160,VEHICLE COLLIDES WITH VEHICLE PARKED ON LEFT OF ROAD,1,662118,Not at intersection,2,50,Local Road,ROBERTS,MOONEE VALLEY,-37.753452,144.89827,2020,2,February,8,Morning Peak,Weekday
T20200004637,2020-02-26,15:08:00,1,Collision with vehicle,3,Wednesday,130,REAR END(VEHICLES IN SAME LANE),1,644749,Not at intersection,2,60,Freeway,CITYLINK IN-MT ALEXANDER,MELBOURNE,-37.78675,144.94078,2020,2,February,15,Afternoon Peak,Weekday
T20200004595,2020-02-26,03:20:00,4,Collision with a fixed object,3,Wednesday,171,LEFT OFF CARRIAGEWAY INTO OBJECT/PARKED VEHICLE,5,648078,Not at intersection,3,100,Local Road,SINGER,CAMPASPE,-36.270996,144.68942,2020,2,February,3,Late Night,Weekday
T20200004651,2020-02-26,18:30:00,1,Collision with vehicle,3,Wednesday,130,REAR END(VEHICLES IN SAME LANE),1,758804,Not at intersection,3,80,Freeway,WESTERN,MELTON,-37.724724,144.65402,2020,2,February,18,Afternoon Peak,Weekday
T20200004579,2020-02-26,06:20:00,1,Collision with vehicle,3,Wednesday,134,LANE CHANGE RIGHT (NOT OVERTAKING),2,635739,Not at intersection,2,100,Freeway,MONASH,MONASH,-37.932037,145.18806,2020,2,February,6,Morning Peak,Weekday
T20200004664,2020-02-26,21:20:00,1,Collision with vehicle,3,Wednesday,132,RIGHT REAR.,3,44512,T intersection,3,60,Arterial Other,CRAIGIEBURN,HUME,-37.597363,144.92638,2020,2,February,21,Night,Weekday
T20200007952,2020-02-26,12:00:00,8,No collision and no object struck,3,Wednesday,174,OUT OF CONTROL ON CARRIAGEWAY (ON STRAIGHT),1,49686,Not at intersection,2,60,Arterial Other,COX,GEELONG,-38.082466,144.34532,2020,2,February,12,Midday,Weekday
T20200004635,2020-02-26,14:15:00,4,Collision with a fixed object,3,Wednesday,171,LEFT OFF CARRIAGEWAY INTO OBJECT/PARKED VEHICLE,1,38841,T intersection,2,70,Arterial Other,YAN YEAN,NILLUMBIK,-37.665524,145.12411,2020,2,February,14,Midday,Weekday
T20200006305,2020-02-26,13:31:00,1,Collision with vehicle,3,Wednesday,130,REAR END(VEHICLES IN SAME LANE),1,309683,Cross intersection,3,80,Arterial Other,OSHEA,CASEY,-38.05993,145.33846,2020,2,February,13,Midday,Weekday
T20200004581,2020-02-26,05:30:00,1,Collision with vehicle,3,Wednesday,110,CROSS TRAFFIC(INTERSECTIONS ONLY),3,50161,Cross intersection,2,60,Arterial Other,BREAKWATER ROAD -FELLMONGERS,GEELONG,-38.17933,144.36758,2020,2,February,5,Morning Peak,Weekday
T20200004596,2020-02-26,06:44:00,1,Collision with vehicle,3,Wednesday,121,RIGHT THROUGH,2,662124,T intersection,3,60,Arterial Highway,DON STREET -EAGLEHAWK,BENDIGO,-36.756104,144.26678,2020,2,February,6,Morning Peak,Weekday
T20200005424,2020-02-26,17:10:00,1,Collision with vehicle,3,Wednesday,135,LANE CHANGE LEFT (NOT OVERTAKING),9,288007,Multiple intersection,3,80,Freeway,WEST GATE,MELBOURNE,-37.827957,144.96106,2020,2,February,17,Afternoon Peak,Weekday
T20200004832,2020-02-26,06:40:00,1,Collision with vehicle,3,Wednesday,130,REAR END(VEHICLES IN SAME LANE),9,638766,Not at intersection,3,80,Freeway,WEST GATE IN-POWER,MELBOURNE,-37.82711,144.96318,2020,2,February,6,Morning Peak,Weekday
T20200004603,2020-02-26,09:03:00,1,Collision with vehicle,3,Wednesday,152,PULLING OUT (OVERTAKING),1,641291,Not at intersection,2,50,Local Road,REDWOOD,MONASH,-37.90474,145.1321,2020,2,February,9,Morning Peak,Weekday
T20200004829,2020-02-26,18:00:00,1,Collision with vehicle,3,Wednesday,121,RIGHT THROUGH,1,51627,Cross intersection,3,60,Arterial Highway,HIGH,BENDIGO,-36.7611,144.27359,2020,2,February,18,Afternoon Peak,Weekday
T20200004711,2020-02-26,21:55:00,1,Collision with vehicle,3,Wednesday,130,REAR END(VEHICLES IN SAME LANE),6,646526,Not at intersection,3,80,Freeway,TULLAMARINE,HUME,-37.68622,144.87738,2020,2,February,21,Night,Weekday
T20200004666,2020-02-26,20:55:00,1,Collision with vehicle,3,Wednesday,130,REAR END(VEHICLES IN SAME LANE),3,643174,Not at intersection,2,100,Freeway,WESTERN RING,BRIMBANK,-37.76717,144.80302,2020,2,February,20,Night,Weekday
T20200004606,2020-02-26,12:06:00,1,Collision with vehicle,3,Wednesday,160,VEHICLE COLLIDES WITH VEHICLE PARKED ON LEFT OF ROAD,1,662760,Not at intersection,3,100,Arterial Highway,HAMILTON,SOUTHERN GRAMPIANS,-37.76949,142.10677,2020,2,February,12,Midday,Weekday
T20200004620,2020-02-26,11:40:00,4,Collision with a fixed object,3,Wednesday,181,OFF RIGHT BEND INTO OBJECT/PARKED VEHICLE,1,668469,Not at intersection,2,100,Arterial Other,BENGWORDEN,WELLINGTON,-38.004654,147.26279,2020,2,February,11,Midday,Weekday
T20200004587,2020-02-26,08:20:00,1,Collision with vehicle,3,Wednesday,111,RIGHT FAR (INTERSECTIONS ONLY),1,70720,Cross intersection,2,60,Local Road,MCCRAE,DANDENONG,-37.990223,145.21954,2020,2,February,8,Morning Peak,Weekday
T20200004588,2020-02-26,10:09:00,1,Collision with vehicle,3,Wednesday,130,REAR END(VEHICLES IN SAME LANE),1,632520,Not at intersection,2,40,Arterial Other,SYDNEY,MORELAND,-37.77095,144.96146,2020,2,February,10,Midday,Weekday
T20200004823,2020-02-26,06:45:00,1,Collision with vehicle,3,Wednesday,130,REAR END(VEHICLES IN SAME LANE),1,29496,Cross intersection,3,50,Local Road,SEPARATION,DAREBIN,-37.77083,145.0115,2020,2,February,6,Morning Peak,Weekday
T20200006687,2020-02-26,18:00:00,1,Collision with vehicle,3,Wednesday,130,REAR END(VEHICLES IN SAME LANE),1,29784,Cross intersection,3,60,Arterial Other,PASCOE VALE,HUME,-37.640507,144.92879,2020,2,February,18,Afternoon Peak,Weekday
T20200008021,2020-02-26,06:15:00,1,Collision with vehicle,3,Wednesday,133,LANE SIDE SWIPE (VEHICLES IN PARALLEL LANES),9,649692,Multiple intersection,3,80,Arterial Highway,GEELONG,MARIBYRNONG,-37.81109,144.86963,2020,2,February,6,Morning Peak,Weekday
T20200004623,2020-02-26,15:30:00,1,Collision with vehicle,3,Wednesday,132,RIGHT REAR.,1,648374,Not at intersection,2,60,Arterial Highway,POWLETT,MITCHELL,-37.307247,144.95012,2020,2,February,15,Afternoon Peak,Weekday
T20200004624,2020-02-26,14:49:00,2,Struck Pedestrian,3,Wednesday,101,PED EMERGES FROM IN FRONT OF PARKED OR STATIONARY VEHICLE,1,635378,Not at intersection,2,50,Local Road,SYDENHAM,BAYSIDE,-37.95369,145.02632,2020,2,February,14,Midday,Weekday
T20200005136,2020-02-26,13:42:00,1,Collision with vehicle,3,Wednesday,110,CROSS TRAFFIC(INTERSECTIONS ONLY),1,348295,Cross intersection,2,80,Arterial Other,OLD MELBOURNE,MOORABOOL,-37.598392,144.2075,2020,2,February,13,Midday,Weekday
T20200004627,2020-02-26,10:45:00,1,Collision with vehicle,3,Wednesday,137,LEFT TURN SIDESWIPE,1,631894,Multiple intersection,3,60,Arterial Other,COTHAM,BOROONDARA,-37.806858,145.0307,2020,2,February,10,Midday,Weekday
T20200005164,2020-02-26,20:00:00,1,Collision with vehicle,3,Wednesday,134,LANE CHANGE RIGHT (NOT OVERTAKING),3,7567,Cross intersection,2,60,Arterial Highway,PUNT,MELBOURNE,-37.845688,144.98503,2020,2,February,20,Night,Weekday
T20200004628,2020-02-26,15:30:00,1,Collision with vehicle,3,Wednesday,130,REAR END(VEHICLES IN SAME LANE),1,729169,T intersection,2,50,Local Road,BOX FOREST,MORELAND,-37.70389,144.95442,2020,2,February,15,Afternoon Peak,Weekday
T20200004630,2020-02-26,14:27:00,1,Collision with vehicle,3,Wednesday,121,RIGHT THROUGH,1,41116,Cross intersection,3,60,Arterial Highway,BRIGHTON,PORT PHILLIP,-37.87625,144.99223,2020,2,February,14,Midday,Weekday
T20200004631,2020-02-26,15:25:00,2,Struck Pedestrian,3,Wednesday,102,FAR SIDE. PED HIT BY VEHICLE FROM THE LEFT,1,656006,T intersection,2,60,Arterial Other,ELIZABETH,MORELAND,-37.73956,144.98123,2020,2,February,15,Afternoon Peak,Weekday
T20200004577,2020-02-26,05:30:00,4,Collision with a fixed object,3,Wednesday,183,OFF LEFT BEND INTO OBJECT/PARKED VEHICLE,5,728931,Not at intersection,2,100,Arterial Highway,PRINCES,EAST GIPPSLAND,-37.704296,148.7112,2020,2,February,5,Morning Peak,Weekday
T20200005165,2020-02-26,13:30:00,4,Collision with a fixed object,3,Wednesday,171,LEFT OFF CARRIAGEWAY INTO OBJECT/PARKED VEHICLE,1,663223,Not at intersection,3,100,Freeway,WESTERN,MELTON,-37.7413,144.68965,2020,2,February,13,Midday,Weekday
T20200004739,2020-02-26,18:04:00,1,Collision with vehicle,3,Wednesday,121,RIGHT THROUGH,1,29784,Cross intersection,3,80,Arterial Other,PASCOE VALE,HUME,-37.640507,144.92879,2020,2,February,18,Afternoon Peak,Weekday
T20200004632,2020-02-26,10:00:00,1,Collision with vehicle,3,Wednesday,140,U TURN,1,652461,Not at intersection,3,60,Local Road,BARWON,GEELONG,-38.164043,144.35448,2020,2,February,10,Midday,Weekday
T20200004634,2020-02-26,16:40:00,1,Collision with vehicle,3,Wednesday,110,CROSS TRAFFIC(INTERSECTIONS ONLY),1,17543,Cross intersection,3,60,Arterial Highway,MURRAY VALLEY HIGHWAY -TELFORD,MOIRA,-36.015022,146.01329,2020,2,February,16,Afternoon Peak,Weekday
T20200004732,2020-02-26,22:30:00,4,Collision with a fixed object,3,Wednesday,173,RIGHT OFF CARRIAGEWAY INTO OBJECT/PARKED VEHICLE,5,637787,Not at intersection,2,100,Local Road,MINYIP-COROMBY,YARRIAMBIACK,-36.47659,142.57014,2020,2,February,22,Night,Weekday
T20200004734,2020-02-27,14:12:00,1,Collision with vehicle,4,Thursday,110,CROSS TRAFFIC(INTERSECTIONS ONLY),1,34894,Cross intersection,3,60,Local Road,PIGDONS,GEELONG,-38.193317,144.3053,2020,2,February,14,Midday,Weekday
T20200004736,2020-02-27,14:18:00,4,Collision with a fixed object,4,Thursday,183,OFF LEFT BEND INTO OBJECT/PARKED VEHICLE,1,640638,Not at intersection,3,100,Arterial Other,MANSFIELD-WHITFIELD,MANSFIELD,-36.946507,146.19841,2020,2,February,14,Midday,Weekday
T20200004740,2020-02-27,14:50:00,1,Collision with vehicle,4,Thursday,110,CROSS TRAFFIC(INTERSECTIONS ONLY),1,37865,Cross intersection,3,70,Arterial Highway,ST GEORGES,DAREBIN,-37.758785,144.99313,2020,2,February,14,Midday,Weekday
T20200004744,2020-02-27,13:40:00,3,Struck animal,4,Thursday,167,STRUCK ANIMAL,1,636140,Not at intersection,2,60,Arterial Other,BONANG,EAST GIPPSLAND,-37.212345,148.7451,2020,2,February,13,Midday,Weekday
T20200004745,2020-02-27,11:41:00,1,Collision with vehicle,4,Thursday,110,CROSS TRAFFIC(INTERSECTIONS ONLY),1,235733,Cross intersection,2,100,Local Road,OBERINS,BENDIGO,-36.64758,144.48198,2020,2,February,11,Midday,Weekday
T20200004747,2020-02-27,16:20:00,1,Collision with vehicle,4,Thursday,134,LANE CHANGE RIGHT (NOT OVERTAKING),1,651624,Not at intersection,2,100,Freeway,MONASH,MONASH,-37.886322,145.10721,2020,2,February,16,Afternoon Peak,Weekday
T20200005803,2020-02-27,15:28:00,1,Collision with vehicle,4,Thursday,113,RIGHT NEAR (INTERSECTIONS ONLY),1,41705,T intersection,3,60,Arterial Other,WAVERLEY,MONASH,-37.884293,145.12384,2020,2,February,15,Afternoon Peak,Weekday
T20200004749,2020-02-27,15:40:00,1,Collision with vehicle,4,Thursday,120,HEAD ON (NOT OVERTAKING),1,636141,Not at intersection,3,60,Arterial Other,ST ALBANS,BRIMBANK,-37.77259,144.82127,2020,2,February,15,Afternoon Peak,Weekday
T20200004674,2020-02-27,02:08:00,4,Collision with a fixed object,4,Thursday,171,LEFT OFF CARRIAGEWAY INTO OBJECT/PARKED VEHICLE,3,1211,Cross intersection,2,60,Arterial Other,KINGSBURY,DAREBIN,-37.7268,145.05078,2020,2,February,2,Late Night,Weekday
T20200004750,2020-02-27,16:29:00,1,Collision with vehicle,4,Thursday,121,RIGHT THROUGH,2,278622,T intersection,3,60,Local Road,OHERNS,WHITTLESEA,-37.63635,145.0148,2020,2,February,16,Afternoon Peak,Weekday
T20200004679,2020-02-27,05:36:00,4,Collision with a fixed object,4,Thursday,173,RIGHT OFF CARRIAGEWAY INTO OBJECT/PARKED VEHICLE,3,780538,Cross intersection,3,60,Arterial Other,BLACKBURN,MANNINGHAM,-37.78913,145.16196,2020,2,February,5,Morning Peak,Weekday
T20200004753,2020-02-27,16:11:00,4,Collision with a fixed object,4,Thursday,183,OFF LEFT BEND INTO OBJECT/PARKED VEHICLE,1,662870,Not at intersection,2,80,Arterial Highway,SOUTH GIPPSLAND,CASEY,-38.206364,145.36905,2020,2,February,16,Afternoon Peak,Weekday
T20200004688,2020-02-27,07:52:00,1,Collision with vehicle,4,Thursday,160,VEHICLE COLLIDES WITH VEHICLE PARKED ON LEFT OF ROAD,1,657154,Not at intersection,2,50,Local Road,DICKENS,MORELAND,-37.748272,144.93678,2020,2,February,7,Morning Peak,Weekday
T20200004689,2020-02-27,07:29:00,1,Collision with vehicle,4,Thursday,160,VEHICLE COLLIDES WITH VEHICLE PARKED ON LEFT OF ROAD,1,637170,Not at intersection,2,50,Local Road,GRANHOLM,MELTON,-37.66658,144.56152,2020,2,February,7,Morning Peak,Weekday
T20200004692,2020-02-27,07:45:00,2,Struck Pedestrian,4,Thursday,100,PED NEAR SIDE. PED HIT BY VEHICLE FROM THE RIGHT.,1,632523,Not at intersection,3,50,Local Road,LADY EMILY,FRANKSTON,-38.115124,145.19685,2020,2,February,7,Morning Peak,Weekday
T20200004755,2020-02-27,15:40:00,4,Collision with a fixed object,4,Thursday,173,RIGHT OFF CARRIAGEWAY INTO OBJECT/PARKED VEHICLE,1,662869,Not at intersection,3,100,Arterial Other,MERRIANG,WHITTLESEA,-37.538685,145.02943,2020,2,February,15,Afternoon Peak,Weekday