ACCIDENT_NO,ACCIDENT_DATE,ACCIDENT_TIME,ACCIDENT_TYPE,ACCIDENT_TYPE_DESC,DAY_OF_WEEK,DAY_WEEK_DESC,DCA_CODE,DCA_DESC,LIGHT_CONDITION,NODE_ID,ROAD_GEOMETRY_DESC,SEVERITY,SPEED_ZONE,RMA,ROAD_NAME,LGA_NAME,LATITUDE,LONGITUDE,YEAR,MONTH,MONTH_NAME,HOUR,TIME_PERIOD,DAY_TYPE
T20200004756,2020-02-27,12:56:00,4,Collision with a fixed object,4,Thursday,175,OFF END OF ROAD/T-INTERSECTION.,1,39159,T intersection,3,60,Arterial Other,CANTERBURY,BOROONDARA,-37.823803,145.07925,2020,2,February,12,Midday,Weekday
T20200004699,2020-02-27,10:05:00,1,Collision with vehicle,4,Thursday,130,REAR END(VEHICLES IN SAME LANE),1,748761,Not at intersection,2,100,Freeway,MONASH,MONASH,-37.909805,145.16182,2020,2,February,10,Midday,Weekday
T20200004701,2020-02-27,09:18:00,1,Collision with vehicle,4,Thursday,139,OTHER SAME DIRECTION-MANOUEVRES NOT INCLUDED IN DCAs 130-137,1,779381,Not at intersection,3,80,Freeway,WESTERN RING IN-WESTERN,BRIMBANK,-37.798996,144.78477,2020,2,February,9,Morning Peak,Weekday
T20200004757,2020-02-27,17:20:00,1,Collision with vehicle,4,Thursday,130,REAR END(VEHICLES IN SAME LANE),1,728934,Not at intersection,3,60,Arterial Other,FYANS,GEELONG,-38.162537,144.35712,2020,2,February,17,Afternoon Peak,Weekday
T20200004759,2020-02-27,18:35:00,1,Collision with vehicle,4,Thursday,160,VEHICLE COLLIDES WITH VEHICLE PARKED ON LEFT OF ROAD,1,652551,Not at intersection,3,60,Arterial Other,CENTRE DANDENONG,KINGSTON,-37.966343,145.06339,2020,2,February,18,Afternoon Peak,Weekday
T20200004713,2020-02-27,13:45:00,1,Collision with vehicle,4,Thursday,130,REAR END(VEHICLES IN SAME LANE),1,259152,Not at intersection,3,80,Arterial Highway,SPRINGVALE,MONASH,-37.90458,145.16121,2020,2,February,13,Midday,Weekday
T20200004760,2020-02-27,08:00:00,1,Collision with vehicle,4,Thursday,133,LANE SIDE SWIPE (VEHICLES IN PARALLEL LANES),1,45638,Cross intersection,3,40,Arterial Other,SYDNEY,MORELAND,-37.777096,144.96043,2020,2,February,8,Morning Peak,Weekday
T20200008370,2020-02-27,08:30:00,1,Collision with vehicle,4,Thursday,130,REAR END(VEHICLES IN SAME LANE),1,729241,Not at intersection,2,50,Local Road,VALEWOOD,MONASH,-37.923725,145.16724,2020,2,February,8,Morning Peak,Weekday
T20200004719,2020-02-27,11:15:00,4,Collision with a fixed object,4,Thursday,181,OFF RIGHT BEND INTO OBJECT/PARKED VEHICLE,1,728933,Not at intersection,2,100,Arterial Highway,SOUTH GIPPSLAND,CARDINIA,-38.216396,145.50357,2020,2,February,11,Midday,Weekday
T20200004762,2020-02-27,19:30:00,1,Collision with vehicle,4,Thursday,134,LANE CHANGE RIGHT (NOT OVERTAKING),1,635748,Not at intersection,3,60,Arterial Other,FLEMINGTON ROAD SERVICE,MELBOURNE,-37.791412,144.94446,2020,2,February,19,Night,Weekday
T20200004722,2020-02-27,12:51:00,1,Collision with vehicle,4,Thursday,132,RIGHT REAR.,1,640329,Not at intersection,3,60,Arterial Other,MORELAND,MORELAND,-37.75718,144.97916,2020,2,February,12,Midday,Weekday
T20200004763,2020-02-27,15:37:00,1,Collision with vehicle,4,Thursday,130,REAR END(VEHICLES IN SAME LANE),1,683318,Cross intersection,3,80,Arterial Other,SUNSHINE,BRIMBANK,-37.729427,144.81503,2020,2,February,15,Afternoon Peak,Weekday
T20200004766,2020-02-27,20:17:00,1,Collision with vehicle,4,Thursday,121,RIGHT THROUGH,3,36924,Cross intersection,2,40,Local Road,ELIZABETH,MELBOURNE,-37.815228,144.96361,2020,2,February,20,Night,Weekday
T20200004768,2020-02-27,20:55:00,8,No collision and no object struck,4,Thursday,179,OTHER ACCIDENTS-OFF STRAIGHT NOT INCLUDED IN DCAs 170-175,5,39967,T intersection,2,40,Local Road,BLENHEIM,HOBSONS BAY,-37.844322,144.86378,2020,2,February,20,Night,Weekday
T20200005073,2020-02-27,17:50:00,1,Collision with vehicle,4,Thursday,130,REAR END(VEHICLES IN SAME LANE),1,49287,Cross intersection,3,50,Local Road,EASTWOOD,BALLARAT,-37.564976,143.86461,2020,2,February,17,Afternoon Peak,Weekday
T20200005060,2020-02-27,08:29:00,1,Collision with vehicle,4,Thursday,137,LEFT TURN SIDESWIPE,1,636867,Not at intersection,3,60,Arterial Other,FLEMINGTON ROAD SERVICE,MELBOURNE,-37.798035,144.9533,2020,2,February,8,Morning Peak,Weekday
T20200009410,2020-02-27,21:30:00,1,Collision with vehicle,4,Thursday,140,U TURN,3,657588,Not at intersection,3,80,Arterial Highway,MAIN,KINGSTON,-38.004307,145.08498,2020,2,February,21,Night,Weekday
T20200006354,2020-02-27,15:30:00,1,Collision with vehicle,4,Thursday,130,REAR END(VEHICLES IN SAME LANE),1,728965,Not at intersection,3,80,Arterial Other,HOPKINS,MELTON,-37.80036,144.69662,2020,2,February,15,Afternoon Peak,Weekday
T20200005339,2020-02-27,14:45:00,1,Collision with vehicle,4,Thursday,130,REAR END(VEHICLES IN SAME LANE),1,728945,Not at intersection,3,50,Arterial Other,PASCOE VALE,MORELAND,-37.72398,144.9222,2020,2,February,14,Midday,Weekday
T20200005216,2020-02-27,10:50:00,1,Collision with vehicle,4,Thursday,130,REAR END(VEHICLES IN SAME LANE),1,636159,Not at intersection,3,60,Arterial Other,RIVERSDALE,BOROONDARA,-37.83293,145.07034,2020,2,February,10,Midday,Weekday
T20200006398,2020-02-27,12:45:00,2,Struck Pedestrian,4,Thursday,102,FAR SIDE. PED HIT BY VEHICLE FROM THE LEFT,1,640977,Not at intersection,2,60,Arterial Other,MAIN,BRIMBANK,-37.74373,144.79549,2020,2,February,12,Midday,Weekday
T20200005115,2020-02-27,19:20:00,1,Collision with vehicle,4,Thursday,110,CROSS TRAFFIC(INTERSECTIONS ONLY),1,40885,Cross intersection,3,50,Local Road,CHAPMAN,MORELAND,-37.705433,144.9115,2020,2,February,19,Night,Weekday
T20200006827,2020-02-27,18:10:00,8,No collision and no object struck,4,Thursday,180,OFF CARRIAGEWAY ON RIGHT BEND,1,655140,Not at intersection,2,80,Local Road,BARRINGO,MACEDON RANGES,-37.436115,144.60876,2020,2,February,18,Afternoon Peak,Weekday
T20200004908,2020-02-27,07:30:00,1,Collision with vehicle,4,Thursday,132,RIGHT REAR.,1,632822,T intersection,3,50,Local Road,WATSONIA,BANYULE,-37.705425,145.08363,2020,2,February,7,Morning Peak,Weekday
T20200004703,2020-02-27,09:55:00,1,Collision with vehicle,4,Thursday,121,RIGHT THROUGH,1,37890,T intersection,3,60,Arterial Highway,BELL,DAREBIN,-37.7442,144.99394,2020,2,February,9,Morning Peak,Weekday
T20200005139,2020-02-27,09:00:00,1,Collision with vehicle,4,Thursday,130,REAR END(VEHICLES IN SAME LANE),1,635780,Not at intersection,3,60,Arterial Highway,STUD,DANDENONG,-37.972977,145.22318,2020,2,February,9,Morning Peak,Weekday
T20200004777,2020-02-27,22:46:00,1,Collision with vehicle,4,Thursday,116,LEFT NEAR (INTERSECTIONS ONLY),3,303095,T intersection,2,80,Arterial Highway,BAXTER-TOORADIN ROAD -SOUTH GIPPSLAND,CASEY,-38.193108,145.35046,2020,2,February,22,Night,Weekday
T20200004723,2020-02-27,12:40:00,1,Collision with vehicle,4,Thursday,121,RIGHT THROUGH,1,239275,T intersection,3,60,Local Road,SHAWS,WYNDHAM,-37.88902,144.65268,2020,2,February,12,Midday,Weekday
T20200008227,2020-02-27,07:10:00,1,Collision with vehicle,4,Thursday,135,LANE CHANGE LEFT (NOT OVERTAKING),9,663220,Not at intersection,3,80,Freeway,PRINCES,WYNDHAM,-37.84218,144.79001,2020,2,February,7,Morning Peak,Weekday
T20200004725,2020-02-27,08:30:00,1,Collision with vehicle,4,Thursday,121,RIGHT THROUGH,1,45660,T intersection,3,40,Arterial Other,SYDNEY,MORELAND,-37.75369,144.96443,2020,2,February,8,Morning Peak,Weekday
T20200004726,2020-02-27,11:42:00,6,Vehicle overturned (no collision),4,Thursday,174,OUT OF CONTROL ON CARRIAGEWAY (ON STRAIGHT),1,649355,Cross intersection,3,60,Local Road,JOHNSON,WELLINGTON,-37.968346,146.97858,2020,2,February,11,Midday,Weekday
T20200004727,2020-02-27,10:00:00,1,Collision with vehicle,4,Thursday,133,LANE SIDE SWIPE (VEHICLES IN PARALLEL LANES),1,126658,Not at intersection,3,60,Arterial Other,BEACH,BAYSIDE,-37.94028,144.99982,2020,2,February,10,Midday,Weekday
T20200004728,2020-02-27,10:00:00,2,Struck Pedestrian,4,Thursday,100,PED NEAR SIDE. PED HIT BY VEHICLE FROM THE RIGHT.,1,392,T intersection,2,60,Arterial Other,HIGH,WHITTLESEA,-37.666252,145.01645,2020,2,February,10,Midday,Weekday
T20200004765,2020-02-27,15:20:00,1,Collision with vehicle,4,Thursday,110,CROSS TRAFFIC(INTERSECTIONS ONLY),1,42297,Cross intersection,3,60,Local Road,BERNARD,KINGSTON,-37.95433,145.07314,2020,2,February,15,Afternoon Peak,Weekday
T20200004770,2020-02-27,21:18:00,7,Fall from or in moving vehicle,4,Thursday,190,FELL IN/FROM VEHICLE,3,632528,Not at intersection,3,50,Local Road,REYNARD,MORELAND,-37.746204,144.9416,2020,2,February,21,Night,Weekday
T20200005940,2020-02-27,08:55:00,1,Collision with vehicle,4,Thursday,130,REAR END(VEHICLES IN SAME LANE),1,773353,Not at intersection,3,60,Arterial Other,QUEEN,BAW BAW,-38.162064,145.92685,2020,2,February,8,Morning Peak,Weekday
T20200004733,2020-02-27,12:40:00,5,collision with some other object,4,Thursday,181,OFF RIGHT BEND INTO OBJECT/PARKED VEHICLE,1,314838,Not at intersection,2,100,Local Road,EILDON-JAMIESON,MANSFIELD,-37.274666,146.10777,2020,2,February,12,Midday,Weekday
T20200005116,2020-02-28,10:50:00,1,Collision with vehicle,5,Friday,121,RIGHT THROUGH,1,662192,Not at intersection,3,60,Arterial Other,CHESTERVILLE,KINGSTON,-37.95892,145.0569,2020,2,February,10,Midday,Weekday
T20200004853,2020-02-28,21:05:00,7,Fall from or in moving vehicle,5,Friday,190,FELL IN/FROM VEHICLE,3,639687,Not at intersection,2,50,Local Road,FLINDERS,MELBOURNE,-37.819675,144.95612,2020,2,February,21,Night,Weekday
T20200005112,2020-02-28,22:30:00,1,Collision with vehicle,5,Friday,111,RIGHT FAR (INTERSECTIONS ONLY),3,1015,T intersection,3,80,Arterial Other,CLYDE,CASEY,-38.05993,145.33846,2020,2,February,22,Night,Weekday
T20200004819,2020-02-28,09:10:00,1,Collision with vehicle,5,Friday,121,RIGHT THROUGH,1,126,T intersection,2,80,Arterial Highway,FRANKSTON-DANDENONG,FRANKSTON,-38.11836,145.14908,2020,2,February,9,Morning Peak,Weekday
T20200004887,2020-02-28,23:20:00,1,Collision with vehicle,5,Friday,121,RIGHT THROUGH,9,36720,T intersection,3,50,Local Road,LANGRIDGE,YARRA,-37.80762,144.99637,2020,2,February,23,Night,Weekday
T20200004818,2020-02-28,13:00:00,1,Collision with vehicle,5,Friday,152,PULLING OUT (OVERTAKING),1,635750,Not at intersection,3,60,Arterial Highway,GREAT OCEAN,COLAC OTWAY,-38.641453,143.89328,2020,2,February,13,Midday,Weekday
T20200006085,2020-02-28,14:30:00,8,No collision and no object struck,5,Friday,174,OUT OF CONTROL ON CARRIAGEWAY (ON STRAIGHT),1,30521,T intersection,3,50,Arterial Other,MURRAY,MORELAND,-37.735477,144.97246,2020,2,February,14,Midday,Weekday
T20200004813,2020-02-28,12:45:00,1,Collision with vehicle,5,Friday,130,REAR END(VEHICLES IN SAME LANE),1,776455,Not at intersection,3,60,Arterial Other,GRIMSHAW,BANYULE,-37.701748,145.0763,2020,2,February,12,Midday,Weekday
T20200005972,2020-02-28,09:10:00,1,Collision with vehicle,5,Friday,131,LEFT REAR,9,638437,Not at intersection,3,50,Local Road,MCKINNON,GLEN EIRA,-37.913883,145.06026,2020,2,February,9,Morning Peak,Weekday
T20200004869,2020-02-28,22:20:00,4,Collision with a fixed object,5,Friday,173,RIGHT OFF CARRIAGEWAY INTO OBJECT/PARKED VEHICLE,3,61694,Cross intersection,3,50,Local Road,FRANKLIN,MOORABOOL,-37.683914,144.43015,2020,2,February,22,Night,Weekday
T20200004868,2020-02-28,20:05:00,1,Collision with vehicle,5,Friday,110,CROSS TRAFFIC(INTERSECTIONS ONLY),2,17566,Cross intersection,3,100,Arterial Other,BARMAH-SHEPPARTON,MOIRA,-36.099022,145.22374,2020,2,February,20,Night,Weekday
T20200004867,2020-02-28,23:50:00,4,Collision with a fixed object,5,Friday,173,RIGHT OFF CARRIAGEWAY INTO OBJECT/PARKED VEHICLE,9,651376,Not at intersection,3,100,Local Road,DUKELOWS,MELTON,-37.79358,144.59229,2020,2,February,23,Night,Weekday
T20200004865,2020-02-28,20:40:00,1,Collision with vehicle,5,Friday,121,RIGHT THROUGH,3,636865,Cross intersection,2,80,Arterial Highway,BURWOOD,KNOX,-37.86165,145.21248,2020,2,February,20,Night,Weekday
T20200004811,2020-02-28,08:42:00,1,Collision with vehicle,5,Friday,121,RIGHT THROUGH,1,49738,T intersection,3,60,Arterial Other,ANAKIE,GEELONG,-38.096302,144.33432,2020,2,February,8,Morning Peak,Weekday
T20200004791,2020-02-28,06:51:00,1,Collision with vehicle,5,Friday,130,REAR END(VEHICLES IN SAME LANE),2,642845,Not at intersection,3,100,Arterial Highway,PRINCES,GEELONG,-38.06507,144.38127,2020,2,February,6,Morning Peak,Weekday
T20200004820,2020-02-28,11:10:00,1,Collision with vehicle,5,Friday,153,CUTTING IN (OVERTAKING),1,672668,Not at intersection,2,80,Freeway,KINGS-WEST GATE OUT,MELBOURNE,-37.825684,144.93788,2020,2,February,11,Midday,Weekday
T20200004857,2020-02-28,18:20:00,1,Collision with vehicle,5,Friday,163,VEHICLE STRIKES DOOR OF PARKED/STATIONARY VEHICLE,1,781377,Not at intersection,3,60,Local Road,QUEENS BRIDGE,MELBOURNE,-37.822777,144.96097,2020,2,February,18,Afternoon Peak,Weekday
T20200004787,2020-02-28,08:35:00,1,Collision with vehicle,5,Friday,116,LEFT NEAR (INTERSECTIONS ONLY),1,44853,T intersection,3,50,Arterial Highway,HIGH,BENDIGO,-36.792526,144.24435,2020,2,February,8,Morning Peak,Weekday
T20200004789,2020-02-28,09:00:00,1,Collision with vehicle,5,Friday,130,REAR END(VEHICLES IN SAME LANE),1,29701,Cross intersection,3,70,Arterial Other,BOUNDARY,KINGSTON,-37.97228,145.11168,2020,2,February,9,Morning Peak,Weekday
T20200005241,2020-02-28,15:42:00,1,Collision with vehicle,5,Friday,121,RIGHT THROUGH,1,277168,Cross intersection,3,100,Arterial Highway,MOOROODUC,MORNINGTON PENINSULA,-38.230743,145.09344,2020,2,February,15,Afternoon Peak,Weekday
T20200004824,2020-02-28,12:50:00,8,No collision and no object struck,5,Friday,180,OFF CARRIAGEWAY ON RIGHT BEND,1,642158,Not at intersection,3,80,Arterial Highway,HAMILTON,CORANGAMITE,-38.00088,143.54947,2020,2,February,12,Midday,Weekday
T20200007504,2020-02-28,12:23:00,1,Collision with vehicle,5,Friday,162,ACCIDENT OR BROKEN DOWN,1,647463,T intersection,3,70,Arterial Other,CANTERBURY,MAROONDAH,-37.8307,145.26387,2020,2,February,12,Midday,Weekday
T20200004830,2020-02-28,12:10:00,4,Collision with a fixed object,5,Friday,181,OFF RIGHT BEND INTO OBJECT/PARKED VEHICLE,1,635782,Not at intersection,1,100,Local Road,EILDON-JAMIESON,MANSFIELD,-37.331295,146.08395,2020,2,February,12,Midday,Weekday
T20200004839,2020-02-28,14:47:00,1,Collision with vehicle,5,Friday,113,RIGHT NEAR (INTERSECTIONS ONLY),1,32368,T intersection,2,60,Arterial Other,MOUNT DANDENONG TOURIST,YARRA RANGES,-37.868675,145.3525,2020,2,February,14,Midday,Weekday
T20200004833,2020-02-28,11:59:00,4,Collision with a fixed object,5,Friday,181,OFF RIGHT BEND INTO OBJECT/PARKED VEHICLE,1,636143,Not at intersection,2,100,Local Road,EILDON-JAMIESON,MANSFIELD,-37.32353,146.08081,2020,2,February,11,Midday,Weekday
T20200004837,2020-02-28,16:20:00,1,Collision with vehicle,5,Friday,130,REAR END(VEHICLES IN SAME LANE),1,636144,Not at intersection,3,70,Arterial Other,OLD PRINCES,CARDINIA,-38.05012,145.3732,2020,2,February,16,Afternoon Peak,Weekday
T20200004802,2020-02-28,09:00:00,1,Collision with vehicle,5,Friday,111,RIGHT FAR (INTERSECTIONS ONLY),1,37786,T intersection,3,60,Local Road,ORRONG,STONNINGTON,-37.83299,145.0153,2020,2,February,9,Morning Peak,Weekday
T20200004840,2020-02-28,16:40:00,1,Collision with vehicle,5,Friday,121,RIGHT THROUGH,1,635751,Not at intersection,3,50,Local Road,ATKINSON,MONASH,-37.89883,145.09242,2020,2,February,16,Afternoon Peak,Weekday
T20200004804,2020-02-28,10:30:00,4,Collision with a fixed object,5,Friday,171,LEFT OFF CARRIAGEWAY INTO OBJECT/PARKED VEHICLE,1,662840,Not at intersection,3,50,Local Road,THE ESPLANADE,SURF COAST,-38.32505,144.32834,2020,2,February,10,Midday,Weekday
T20200004843,2020-02-28,17:15:00,1,Collision with vehicle,5,Friday,130,REAR END(VEHICLES IN SAME LANE),1,635752,Cross intersection,3,70,Arterial Other,FERNTREE GULLY,MONASH,-37.903625,145.16145,2020,2,February,17,Afternoon Peak,Weekday
T20200004844,2020-02-28,16:51:00,1,Collision with vehicle,5,Friday,149,OTHER MANOEUVRING NOT INCLUDED IN DCAs 140-148,1,635753,Not at intersection,3,40,Local Road,ASLING,BAYSIDE,-37.904736,145.00171,2020,2,February,16,Afternoon Peak,Weekday
T20200004846,2020-02-28,17:03:00,1,Collision with vehicle,5,Friday,121,RIGHT THROUGH,1,632530,Not at intersection,3,100,Arterial Highway,PRINCES,EAST GIPPSLAND,-37.907166,147.32678,2020,2,February,17,Afternoon Peak,Weekday
T20200004783,2020-02-28,06:45:00,2,Struck Pedestrian,5,Friday,102,FAR SIDE. PED HIT BY VEHICLE FROM THE LEFT,1,635749,T intersection,2,50,Local Road,COLTHUR,DAREBIN,-37.709373,144.9899,2020,2,February,6,Morning Peak,Weekday
T20200004851,2020-02-28,20:05:00,4,Collision with a fixed object,5,Friday,181,OFF RIGHT BEND INTO OBJECT/PARKED VEHICLE,2,642224,Not at intersection,2,50,Local Road,NELSON,MAROONDAH,-37.81158,145.22374,2020,2,February,20,Night,Weekday
T20200004778,2020-02-28,07:10:00,1,Collision with vehicle,5,Friday,121,RIGHT THROUGH,2,35989,Cross intersection,3,60,Local Road,BARKLY,MORELAND,-37.77724,144.97086,2020,2,February,7,Morning Peak,Weekday
T20200004784,2020-02-28,06:37:00,1,Collision with vehicle,5,Friday,131,LEFT REAR,2,632529,Not at intersection,2,80,Local Road,BROWNS,MORNINGTON PENINSULA,-38.39836,144.86507,2020,2,February,6,Morning Peak,Weekday
T20200004792,2020-02-28,06:50:00,2,Struck Pedestrian,5,Friday,102,FAR SIDE. PED HIT BY VEHICLE FROM THE LEFT,1,636142,T intersection,3,70,Arterial Other,LOWER PLENTY,BANYULE,-37.73155,145.0855,2020,2,February,6,Morning Peak,Weekday
T20200005351,2020-02-28,14:25:00,1,Collision with vehicle,5,Friday,130,REAR END(VEHICLES IN SAME LANE),1,636530,Not at intersection,3,50,Arterial Other,CHESTERVILLE,KINGSTON,-37.94663,145.05922,2020,2,February,14,Midday,Weekday
T20210013360,2020-02-28,09:30:00,1,Collision with vehicle,5,Friday,130,REAR END(VEHICLES IN SAME LANE),9,39420,T intersection,3,70,Arterial Other,TAYLORS,BRIMBANK,-37.728165,144.80244,2020,2,February,9,Morning Peak,Weekday
T20200004886,2020-02-28,10:50:00,1,Collision with vehicle,5,Friday,147,VEHICLE STRIKES ANOTHER VEH WHILE EMERGING FROM DRIVEWAY,1,639085,Not at intersection,3,60,Arterial Highway,KING GEORGE,GANNAWARRA,-35.799522,144.21321,2020,2,February,10,Midday,Weekday
T20200006274,2020-02-28,18:45:00,1,Collision with vehicle,5,Friday,121,RIGHT THROUGH,1,70284,Cross intersection,3,80,Freeway,PRINCES,DANDENONG,-37.966667,145.19429,2020,2,February,18,Afternoon Peak,Weekday
T20200004871,2020-02-28,22:32:00,1,Collision with vehicle,5,Friday,130,REAR END(VEHICLES IN SAME LANE),3,654254,Cross intersection,2,70,Arterial Highway,DANDENONG,GLEN EIRA,-37.860474,145.01094,2020,2,February,22,Night,Weekday
T20200014231,2020-02-28,17:30:00,1,Collision with vehicle,5,Friday,130,REAR END(VEHICLES IN SAME LANE),1,668317,Not at intersection,3,40,Freeway,MONASH,STONNINGTON,-37.848236,145.04305,2020,2,February,17,Afternoon Peak,Weekday
T20200006097,2020-02-28,09:30:00,1,Collision with vehicle,5,Friday,130,REAR END(VEHICLES IN SAME LANE),1,650268,Not at intersection,2,80,Arterial Other,TARCOMBE,STRATHBOGIE,-36.744854,145.58597,2020,2,February,9,Morning Peak,Weekday
T20200004924,2020-02-29,08:00:00,1,Collision with vehicle,6,Saturday,110,CROSS TRAFFIC(INTERSECTIONS ONLY),1,37812,Cross intersection,2,40,Arterial Other,NICHOLSON,MORELAND,-37.76895,144.97997,2020,2,February,8,Morning Peak,Weekend
T20200004944,2020-02-29,18:30:00,1,Collision with vehicle,6,Saturday,147,VEHICLE STRIKES ANOTHER VEH WHILE EMERGING FROM DRIVEWAY,1,662753,Not at intersection,3,60,Local Road,JENKINSON,HORSHAM,-36.706944,142.18419,2020,2,February,18,Afternoon Peak,Weekend
T20200004943,2020-02-29,12:10:00,1,Collision with vehicle,6,Saturday,140,U TURN,9,635762,Not at intersection,2,50,Local Road,DUNLOP,MONASH,-37.910545,145.15727,2020,2,February,12,Midday,Weekend
T20200004919,2020-02-29,11:20:00,2,Struck Pedestrian,6,Saturday,100,PED NEAR SIDE. PED HIT BY VEHICLE FROM THE RIGHT.,1,43696,Cross intersection,2,40,Local Road,BROOK,HUME,-37.57973,144.72934,2020,2,February,11,Midday,Weekend
T20200004942,2020-02-29,17:10:00,2,Struck Pedestrian,6,Saturday,102,FAR SIDE. PED HIT BY VEHICLE FROM THE LEFT,1,635524,Not at intersection,2,60,Arterial Other,ESPLANADE,BAYSIDE,-37.912193,144.9858,2020,2,February,17,Afternoon Peak,Weekend
T20200004953,2020-02-29,19:25:00,1,Collision with vehicle,6,Saturday,130,REAR END(VEHICLES IN SAME LANE),1,635523,Not at intersection,2,80,Freeway,WEST GATE,MELBOURNE,-37.82603,144.94635,2020,2,February,19,Night,Weekend
T20200005013,2020-02-29,23:50:00,4,Collision with a fixed object,6,Saturday,181,OFF RIGHT BEND INTO OBJECT/PARKED VEHICLE,5,660146,Not at intersection,2,80,Arterial Highway,MELBA,YARRA RANGES,-37.67275,145.3817,2020,2,February,23,Night,Weekend
T20200004934,2020-02-29,16:40:00,2,Struck Pedestrian,6,Saturday,107,PED ON FOOTHPATH STRUCK BY VEHENTERING/LEAVING DRIVEWAY.,1,636145,Not at intersection,2,50,Local Road,QUEEN,BENDIGO,-36.80391,144.22353,2020,2,February,16,Afternoon Peak,Weekend
T20200005003,2020-02-29,18:05:00,1,Collision with vehicle,6,Saturday,132,RIGHT REAR.,1,661071,Y intersection,3,80,Local Road,CRESWICK-LAWRENCE,HEPBURN,-37.39766,143.87886,2020,2,February,18,Afternoon Peak,Weekend
T20200005152,2020-02-29,12:00:00,1,Collision with vehicle,6,Saturday,130,REAR END(VEHICLES IN SAME LANE),1,640970,Cross intersection,3,60,Arterial Other,CLARINDA,KINGSTON,-37.944122,145.09723,2020,2,February,12,Midday,Weekend
T20200004916,2020-02-29,13:39:00,1,Collision with vehicle,6,Saturday,113,RIGHT NEAR (INTERSECTIONS ONLY),1,42875,T intersection,2,80,Arterial Highway,SPRINGVALE,DANDENONG,-37.97491,145.14769,2020,2,February,13,Midday,Weekend
T20200005269,2020-02-29,18:47:00,1,Collision with vehicle,6,Saturday,130,REAR END(VEHICLES IN SAME LANE),9,639690,Not at intersection,3,60,Freeway,WEST GATE IN-POWER,MELBOURNE,-37.825867,144.96486,2020,2,February,18,Afternoon Peak,Weekend
T20200004913,2020-02-29,13:45:00,1,Collision with vehicle,6,Saturday,130,REAR END(VEHICLES IN SAME LANE),1,635759,T intersection,3,70,Arterial Other,EAST BOUNDARY,GLEN EIRA,-37.91878,145.05971,2020,2,February,13,Midday,Weekend
T20200004954,2020-02-29,16:10:00,4,Collision with a fixed object,6,Saturday,173,RIGHT OFF CARRIAGEWAY INTO OBJECT/PARKED VEHICLE,1,237945,Cross intersection,2,100,Arterial Other,LYELL ROAD -RACECOURSE,BENDIGO,-37.00353,144.5013,2020,2,February,16,Afternoon Peak,Weekend
T20200004955,2020-02-29,21:41:00,4,Collision with a fixed object,6,Saturday,171,LEFT OFF CARRIAGEWAY INTO OBJECT/PARKED VEHICLE,3,636519,Not at intersection,2,70,Arterial Other,COBURG-CRAIGIEBURN,MORELAND,-37.693787,144.95865,2020,2,February,21,Night,Weekend
T20200004956,2020-02-29,17:00:00,6,Vehicle overturned (no collision),6,Saturday,174,OUT OF CONTROL ON CARRIAGEWAY (ON STRAIGHT),1,662746,Not at intersection,3,100,Local Road,MAIN,MITCHELL,-37.181374,145.22772,2020,2,February,17,Afternoon Peak,Weekend
T20200004958,2020-02-29,22:37:00,1,Collision with vehicle,6,Saturday,110,CROSS TRAFFIC(INTERSECTIONS ONLY),3,36022,Cross intersection,3,60,Arterial Other,HOLMES,MORELAND,-37.758762,144.9745,2020,2,February,22,Night,Weekend
T20200004959,2020-02-29,19:13:00,1,Collision with vehicle,6,Saturday,110,CROSS TRAFFIC(INTERSECTIONS ONLY),2,59609,Cross intersection,3,50,Local Road,MILROY,BENDIGO,-36.74682,144.26746,2020,2,February,19,Night,Weekend
T20200004960,2020-02-29,22:45:00,1,Collision with vehicle,6,Saturday,136,RIGHT TURN SIDESWIPE,3,729174,Not at intersection,3,40,Arterial Other,SYDNEY,MORELAND,-37.770622,144.96152,2020,2,February,22,Night,Weekend
T20200004961,2020-02-29,20:57:00,1,Collision with vehicle,6,Saturday,110,CROSS TRAFFIC(INTERSECTIONS ONLY),3,49935,Cross intersection,2,80,Arterial Highway,LATROBE,GEELONG,-38.147438,144.35275,2020,2,February,20,Night,Weekend
T20200004972,2020-02-29,22:45:00,6,Vehicle overturned (no collision),6,Saturday,172,OFF CARRIAGEWAY TO RIGHT,5,636520,Not at intersection,3,100,Arterial Highway,GLENELG,GOLDEN PLAINS,-37.668396,143.48157,2020,2,February,22,Night,Weekend
T20200005098,2020-02-29,16:30:00,1,Collision with vehicle,6,Saturday,133,LANE SIDE SWIPE (VEHICLES IN PARALLEL LANES),1,64253,T intersection,3,50,Local Road,MILLER,YARRA,-37.776535,144.98132,2020,2,February,16,Afternoon Peak,Weekend
T20200007510,2020-02-29,01:16:00,1,Collision with vehicle,6,Saturday,120,HEAD ON (NOT OVERTAKING),3,85,Cross intersection,3,60,Arterial Other,CEMETERY ROAD,MELBOURNE,-37.791733,144.96107,2020,2,February,1,Late Night,Weekend