ACCIDENT_NO,ACCIDENT_DATE,ACCIDENT_TIME,ACCIDENT_TYPE,ACCIDENT_TYPE_DESC,DAY_OF_WEEK,DAY_WEEK_DESC,DCA_CODE,DCA_DESC,LIGHT_CONDITION,NODE_ID,ROAD_GEOMETRY_DESC,SEVERITY,SPEED_ZONE,RMA,ROAD_NAME,LGA_NAME,LATITUDE,LONGITUDE,YEAR,MONTH,MONTH_NAME,HOUR,TIME_PERIOD,DAY_TYPE
T20200004909,2020-02-29,12:15:00,6,Vehicle overturned (no collision),6,Saturday,184,OUT OF CONTROL ON CARRIAGEWAY (ON BEND),1,635758,Not at intersection,2,100,Arterial Other,BROADFORD-FLOWERDALE,MURRINDINDI,-37.246815,145.17194,2020,2,February,12,Midday,Weekend
T20200004940,2020-02-29,17:57:00,2,Struck Pedestrian,6,Saturday,100,PED NEAR SIDE. PED HIT BY VEHICLE FROM THE RIGHT.,1,666,T intersection,2,60,Arterial Other,ESPLANADE,BAYSIDE,-37.91568,144.98717,2020,2,February,17,Afternoon Peak,Weekend
T20200004905,2020-02-29,13:05:00,1,Collision with vehicle,6,Saturday,132,RIGHT REAR.,1,635757,Cross intersection,3,60,Arterial Highway,MURRAY STREET -PRINCES,COLAC OTWAY,-38.335854,143.5602,2020,2,February,13,Midday,Weekend
T20200004900,2020-02-29,10:15:00,4,Collision with a fixed object,6,Saturday,171,LEFT OFF CARRIAGEWAY INTO OBJECT/PARKED VEHICLE,1,662750,T intersection,2,80,Arterial Highway,MURRAY VALLEY HIGHWAY -BENDIGO,GANNAWARRA,-35.746372,143.9227,2020,2,February,10,Midday,Weekend
T20200004899,2020-02-29,10:15:00,1,Collision with vehicle,6,Saturday,159,OTHER OVERTAKING MANOEUVRES NOT INCLUDED IN DCAs 150-154,1,632820,Not at intersection,3,60,Arterial Other,MAIN,NILLUMBIK,-37.673603,145.14906,2020,2,February,10,Midday,Weekend
T20200004895,2020-02-29,10:14:00,1,Collision with vehicle,6,Saturday,139,OTHER SAME DIRECTION-MANOUEVRES NOT INCLUDED IN DCAs 130-137,1,324029,Cross intersection,2,80,Arterial Other,BERWICK-CRANBOURNE,CASEY,-38.117744,145.31926,2020,2,February,10,Midday,Weekend
T20200004891,2020-02-29,07:00:00,4,Collision with a fixed object,6,Saturday,171,LEFT OFF CARRIAGEWAY INTO OBJECT/PARKED VEHICLE,2,655283,Not at intersection,2,60,Arterial Other,RYRIE,GEELONG,-38.153976,144.37646,2020,2,February,7,Morning Peak,Weekend
T20200004925,2020-02-29,13:07:00,1,Collision with vehicle,6,Saturday,130,REAR END(VEHICLES IN SAME LANE),1,637788,Not at intersection,2,60,Arterial Other,MORELAND,MORELAND,-37.756718,144.9753,2020,2,February,13,Midday,Weekend
T20200006458,2020-02-29,15:00:00,4,Collision with a fixed object,6,Saturday,171,LEFT OFF CARRIAGEWAY INTO OBJECT/PARKED VEHICLE,1,779494,Not at intersection,3,50,Local Road,PARK,GEELONG,-38.159863,144.35161,2020,2,February,15,Afternoon Peak,Weekend
T20200004951,2020-02-29,19:35:00,1,Collision with vehicle,6,Saturday,114,TWO RIGHT TURNING (INTERSECTIONS ONLY),1,43654,Y intersection,3,50,Local Road,EDWARDES,DAREBIN,-37.716427,144.99237,2020,2,February,19,Night,Weekend
T20200004941,2020-02-29,17:26:00,1,Collision with vehicle,6,Saturday,169,OTHER ON PATH,1,664027,Not at intersection,3,50,Local Road,WARMINGTON,BRIMBANK,-37.802025,144.81944,2020,2,February,17,Afternoon Peak,Weekend
T20200006161,2020-02-29,11:30:00,6,Vehicle overturned (no collision),6,Saturday,174,OUT OF CONTROL ON CARRIAGEWAY (ON STRAIGHT),1,637487,Not at intersection,3,50,Arterial Other,HORNE,HUME,-37.578197,144.72693,2020,2,February,11,Midday,Weekend
T20200004880,2020-02-29,03:35:00,1,Collision with vehicle,6,Saturday,160,VEHICLE COLLIDES WITH VEHICLE PARKED ON LEFT OF ROAD,3,665396,Not at intersection,3,50,Local Road,SUMMERHILL,MARIBYRNONG,-37.790348,144.88277,2020,2,February,3,Late Night,Weekend
T20200004879,2020-02-29,01:10:00,1,Collision with vehicle,6,Saturday,135,LANE CHANGE LEFT (NOT OVERTAKING),3,663092,Not at intersection,2,100,Freeway,MONASH,MONASH,-37.93194,145.18842,2020,2,February,1,Late Night,Weekend
T20200004876,2020-02-29,00:10:00,4,Collision with a fixed object,6,Saturday,171,LEFT OFF CARRIAGEWAY INTO OBJECT/PARKED VEHICLE,3,649002,Not at intersection,2,60,Arterial Other,MILLERS,HOBSONS BAY,-37.817364,144.84993,2020,2,February,0,Late Night,Weekend
T20200004939,2020-02-29,17:23:00,4,Collision with a fixed object,6,Saturday,173,RIGHT OFF CARRIAGEWAY INTO OBJECT/PARKED VEHICLE,1,636146,Not at intersection,2,100,Local Road,EIGHT MILE,CARDINIA,-38.13558,145.58331,2020,2,February,17,Afternoon Peak,Weekend
T20200005454,2020-02-29,16:30:00,1,Collision with vehicle,6,Saturday,120,HEAD ON (NOT OVERTAKING),1,636183,Not at intersection,2,100,Local Road,BIG RIVER,MURRINDINDI,-37.523537,146.05658,2020,2,February,16,Afternoon Peak,Weekend
T20200004931,2020-02-29,15:45:00,1,Collision with vehicle,6,Saturday,121,RIGHT THROUGH,1,36992,Cross intersection,2,40,Freeway,BATMAN,MELBOURNE,-37.81601,144.97238,2020,2,February,15,Afternoon Peak,Weekend
T20200004929,2020-02-29,13:50:00,1,Collision with vehicle,6,Saturday,130,REAR END(VEHICLES IN SAME LANE),1,140648,Not at intersection,3,80,Freeway,WEST GATE,MELBOURNE,-37.82738,144.96236,2020,2,February,13,Midday,Weekend
T20200005768,2020-02-29,17:13:00,1,Collision with vehicle,6,Saturday,130,REAR END(VEHICLES IN SAME LANE),1,638119,T intersection,2,60,Arterial Other,CAMERON,CASEY,-38.11267,145.28998,2020,2,February,17,Afternoon Peak,Weekend
T20200005061,2020-02-29,16:45:00,2,Struck Pedestrian,6,Saturday,103,PED PLAYING/LYING/WORKING/STANDING ON CARRIAGEWAY.,1,636522,Not at intersection,3,50,Local Road,DUNKELD,BRIMBANK,-37.766506,144.822,2020,2,February,16,Afternoon Peak,Weekend
T20200005014,2020-02-29,22:00:00,4,Collision with a fixed object,6,Saturday,173,RIGHT OFF CARRIAGEWAY INTO OBJECT/PARKED VEHICLE,5,784439,Not at intersection,2,50,Arterial Other,FOREST,MACEDON RANGES,-37.35465,144.52711,2020,2,February,22,Night,Weekend
T20200006825,2020-02-29,10:00:00,5,collision with some other object,6,Saturday,166,STRUCK OBJECT ON CARRIAGEWAY,1,278980,T intersection,2,50,Local Road,EXTONS,MURRINDINDI,-37.476063,145.32613,2020,2,February,10,Midday,Weekend
T20200005804,2020-02-29,15:40:00,1,Collision with vehicle,6,Saturday,140,U TURN,1,636552,Not at intersection,3,40,Local Road,QUEEN,MELBOURNE,-37.81045,144.95862,2020,2,February,15,Afternoon Peak,Weekend
T20200005935,2020-02-29,14:55:00,1,Collision with vehicle,6,Saturday,147,VEHICLE STRIKES ANOTHER VEH WHILE EMERGING FROM DRIVEWAY,1,643799,Not at intersection,3,50,Local Road,LABILLIERE,MOORABOOL,-37.684254,144.42673,2020,2,February,14,Midday,Weekend
T20200008805,2020-03-01,10:30:00,1,Collision with vehicle,7,Sunday,131,LEFT REAR,1,350177,T intersection,3,60,Arterial Other,EDGARS,WHITTLESEA,-37.69374,145.00098,2020,3,March,10,Midday,Weekend
T20200005088,2020-03-01,18:50:00,2,Struck Pedestrian,7,Sunday,102,FAR SIDE. PED HIT BY VEHICLE FROM THE LEFT,1,647138,Cross intersection,3,60,Arterial Highway,WARRIGAL,STONNINGTON,-37.875347,145.09161,2020,3,March,18,Afternoon Peak,Weekend
T20200006155,2020-03-01,16:30:00,1,Collision with vehicle,7,Sunday,130,REAR END(VEHICLES IN SAME LANE),1,637486,Not at intersection,3,80,Arterial Highway,WHITELAW,SOUTH GIPPSLAND,-38.576637,146.0213,2020,3,March,16,Afternoon Peak,Weekend
T20200004988,2020-03-01,11:52:00,1,Collision with vehicle,7,Sunday,160,VEHICLE COLLIDES WITH VEHICLE PARKED ON LEFT OF ROAD,1,635765,Not at intersection,2,60,Arterial Other,JOLIMONT,MELBOURNE,-37.818035,144.97879,2020,3,March,11,Midday,Weekend
T20200006041,2020-03-01,17:30:00,1,Collision with vehicle,7,Sunday,113,RIGHT NEAR (INTERSECTIONS ONLY),2,645952,T intersection,3,80,Arterial Highway,SPRINGVALE,MONASH,-37.929276,145.15659,2020,3,March,17,Afternoon Peak,Weekend
T20200005029,2020-03-01,17:10:00,7,Fall from or in moving vehicle,7,Sunday,190,FELL IN/FROM VEHICLE,1,635770,Cross intersection,3,80,Arterial Highway,CAMMS,CASEY,-38.098053,145.283,2020,3,March,17,Afternoon Peak,Weekend
T20200004989,2020-03-01,12:00:00,1,Collision with vehicle,7,Sunday,130,REAR END(VEHICLES IN SAME LANE),1,637789,T intersection,2,80,Arterial Highway,MOOROODUC,FRANKSTON,-38.16411,145.13666,2020,3,March,12,Midday,Weekend
T20200004991,2020-03-01,13:05:00,4,Collision with a fixed object,7,Sunday,181,OFF RIGHT BEND INTO OBJECT/PARKED VEHICLE,1,635766,Not at intersection,2,80,Arterial Other,GREENDALE-TRENTHAM,MOORABOOL,-37.547424,144.30153,2020,3,March,13,Midday,Weekend
T20200004993,2020-03-01,12:37:00,1,Collision with vehicle,7,Sunday,110,CROSS TRAFFIC(INTERSECTIONS ONLY),1,36888,Cross intersection,3,40,Local Road,LITTLE COLLINS,MELBOURNE,-37.815945,144.96114,2020,3,March,12,Midday,Weekend
T20200005080,2020-03-01,16:10:00,4,Collision with a fixed object,7,Sunday,171,LEFT OFF CARRIAGEWAY INTO OBJECT/PARKED VEHICLE,1,729175,Not at intersection,2,100,Freeway,MONASH,DANDENONG,-37.954353,145.2178,2020,3,March,16,Afternoon Peak,Weekend
T20200004983,2020-03-01,07:59:00,1,Collision with vehicle,7,Sunday,120,HEAD ON (NOT OVERTAKING),1,640330,Not at intersection,2,70,Arterial Other,YAN YEAN,NILLUMBIK,-37.627007,145.13443,2020,3,March,7,Morning Peak,Weekend
T20200004999,2020-03-01,14:20:00,4,Collision with a fixed object,7,Sunday,181,OFF RIGHT BEND INTO OBJECT/PARKED VEHICLE,1,635767,Y intersection,2,100,Arterial Other,INVERLOCH-VENUS BAY,SOUTH GIPPSLAND,-38.68379,145.87787,2020,3,March,14,Midday,Weekend
T20200005147,2020-03-01,14:00:00,1,Collision with vehicle,7,Sunday,135,LANE CHANGE LEFT (NOT OVERTAKING),1,636526,Not at intersection,3,70,Arterial Other,WILLIAMSTOWN,MARIBYRNONG,-37.805237,144.88492,2020,3,March,14,Midday,Weekend
T20200005001,2020-03-01,13:33:00,1,Collision with vehicle,7,Sunday,110,CROSS TRAFFIC(INTERSECTIONS ONLY),1,253841,Cross intersection,2,80,Local Road,BANKS,GEELONG,-38.21966,144.59126,2020,3,March,13,Midday,Weekend
T20200004985,2020-03-01,11:00:00,4,Collision with a fixed object,7,Sunday,183,OFF LEFT BEND INTO OBJECT/PARKED VEHICLE,1,651290,Not at intersection,2,60,Arterial Other,BELGRAVE-HALLAM,YARRA RANGES,-37.920616,145.35497,2020,3,March,11,Midday,Weekend
T20200004975,2020-03-01,05:20:00,1,Collision with vehicle,7,Sunday,130,REAR END(VEHICLES IN SAME LANE),3,321653,Cross intersection,2,80,Arterial Other,CLYDE,CASEY,-38.059914,145.33823,2020,3,March,5,Morning Peak,Weekend
T20200005246,2020-03-01,13:00:00,7,Fall from or in moving vehicle,7,Sunday,190,FELL IN/FROM VEHICLE,1,636341,Not at intersection,3,60,Local Road,JERUSALEM CREEK,MURRINDINDI,-37.23704,145.94461,2020,3,March,13,Midday,Weekend
T20200005004,2020-03-01,16:10:00,1,Collision with vehicle,7,Sunday,160,VEHICLE COLLIDES WITH VEHICLE PARKED ON LEFT OF ROAD,1,652638,Not at intersection,2,50,Local Road,WARRALILY,GEELONG,-38.238544,144.34239,2020,3,March,16,Afternoon Peak,Weekend
T20200005007,2020-03-01,14:06:00,1,Collision with vehicle,7,Sunday,132,RIGHT REAR.,1,636147,Not at intersection,3,60,Arterial Other,RACECOURSE,CARDINIA,-38.072624,145.49442,2020,3,March,14,Midday,Weekend
T20200005125,2020-03-01,18:50:00,1,Collision with vehicle,7,Sunday,132,RIGHT REAR.,1,36335,Cross intersection,3,60,Arterial Other,CEMETERY,MELBOURNE,-37.79226,144.96838,2020,3,March,18,Afternoon Peak,Weekend
T20200004971,2020-03-01,01:00:00,4,Collision with a fixed object,7,Sunday,171,LEFT OFF CARRIAGEWAY INTO OBJECT/PARKED VEHICLE,5,652815,Not at intersection,2,100,Arterial Other,BYRNESIDE-KYABRAM,SHEPPARTON,-36.414963,145.13718,2020,3,March,1,Late Night,Weekend
T20200005077,2020-03-01,17:00:00,1,Collision with vehicle,7,Sunday,120,HEAD ON (NOT OVERTAKING),1,639384,Not at intersection,3,100,Arterial Other,TAWONGA GAP,ALPINE,-36.71452,147.0964,2020,3,March,17,Afternoon Peak,Weekend
T20200005008,2020-03-01,14:50:00,1,Collision with vehicle,7,Sunday,121,RIGHT THROUGH,1,45186,Cross intersection,2,60,Arterial Highway,HIGH,SHEPPARTON,-36.382267,145.40808,2020,3,March,14,Midday,Weekend
T20200005011,2020-03-01,18:15:00,1,Collision with vehicle,7,Sunday,131,LEFT REAR,1,636148,T intersection,2,100,Local Road,KYNETON-METCALFE,MACEDON RANGES,-37.214577,144.44084,2020,3,March,18,Afternoon Peak,Weekend
T20200011978,2020-03-01,16:30:00,1,Collision with vehicle,7,Sunday,130,REAR END(VEHICLES IN SAME LANE),1,658247,Not at intersection,3,100,Arterial Highway,PRINCES,WELLINGTON,-38.024548,147.05934,2020,3,March,16,Afternoon Peak,Weekend
T20200012921,2020-03-01,16:20:00,4,Collision with a fixed object,7,Sunday,171,LEFT OFF CARRIAGEWAY INTO OBJECT/PARKED VEHICLE,1,656881,Not at intersection,3,50,Local Road,HOPETOUN,DANDENONG,-37.983833,145.20401,2020,3,March,16,Afternoon Peak,Weekend
T20200005016,2020-03-01,18:40:00,1,Collision with vehicle,7,Sunday,149,OTHER MANOEUVRING NOT INCLUDED IN DCAs 140-148,1,636149,T intersection,3,60,Local Road,BAYVIEW,MORNINGTON PENINSULA,-38.34881,144.94234,2020,3,March,18,Afternoon Peak,Weekend
T20200005049,2020-03-01,14:30:00,6,Vehicle overturned (no collision),7,Sunday,179,OTHER ACCIDENTS-OFF STRAIGHT NOT INCLUDED IN DCAs 170-175,1,636521,T intersection,3,60,Local Road,FISKEN,BALLARAT,-37.6305,143.90247,2020,3,March,14,Midday,Weekend
T20200005017,2020-03-01,16:00:00,4,Collision with a fixed object,7,Sunday,173,RIGHT OFF CARRIAGEWAY INTO OBJECT/PARKED VEHICLE,1,642370,Not at intersection,2,80,Arterial Other,THOMPSON,DANDENONG,-38.067074,145.15143,2020,3,March,16,Afternoon Peak,Weekend
T20200005018,2020-03-01,18:01:00,4,Collision with a fixed object,7,Sunday,151,OUT OF CONTROL (OVERTAKING),1,639688,Not at intersection,2,80,Arterial Other,OLD WESTERN,MELTON,-37.68752,144.52097,2020,3,March,18,Afternoon Peak,Weekend
T20200005021,2020-03-01,20:45:00,1,Collision with vehicle,7,Sunday,130,REAR END(VEHICLES IN SAME LANE),3,642371,Not at intersection,2,100,Freeway,EASTLINK,DANDENONG,-37.983463,145.19324,2020,3,March,20,Night,Weekend
T20200005022,2020-03-01,21:30:00,2,Struck Pedestrian,7,Sunday,103,PED PLAYING/LYING/WORKING/STANDING ON CARRIAGEWAY.,5,636150,Not at intersection,2,60,Arterial Other,VENUS,BASS COAST,-38.637608,145.72174,2020,3,March,21,Night,Weekend
T20200005134,2020-03-01,20:30:00,8,No collision and no object struck,7,Sunday,179,OTHER ACCIDENTS-OFF STRAIGHT NOT INCLUDED IN DCAs 170-175,3,637478,Not at intersection,3,40,Local Road,CHAPEL,STONNINGTON,-37.85456,144.99286,2020,3,March,20,Night,Weekend
T20200005024,2020-03-01,17:55:00,4,Collision with a fixed object,7,Sunday,173,RIGHT OFF CARRIAGEWAY INTO OBJECT/PARKED VEHICLE,1,638281,Not at intersection,2,50,Local Road,MEADOW GLEN,WHITTLESEA,-37.64386,145.05165,2020,3,March,17,Afternoon Peak,Weekend
T20200004964,2020-03-01,00:03:00,1,Collision with vehicle,7,Sunday,130,REAR END(VEHICLES IN SAME LANE),3,664256,Not at intersection,2,60,Arterial Other,CAMP,HUME,-37.685165,144.91908,2020,3,March,0,Late Night,Weekend
T20200006549,2020-03-01,16:30:00,6,Vehicle overturned (no collision),7,Sunday,180,OFF CARRIAGEWAY ON RIGHT BEND,1,640012,Not at intersection,3,100,Arterial Other,BRUTHEN-BUCHAN,EAST GIPPSLAND,-37.552986,148.1453,2020,3,March,16,Afternoon Peak,Weekend
T20220018536,2020-03-01,11:30:00,7,Fall from or in moving vehicle,7,Sunday,184,OUT OF CONTROL ON CARRIAGEWAY (ON BEND),1,779502,Not at intersection,3,60,Local Road,SPAVIN,HUME,-37.558903,144.71805,2020,3,March,11,Midday,Weekend
T20200005051,2020-03-01,13:20:00,1,Collision with vehicle,7,Sunday,132,RIGHT REAR.,1,653544,Cross intersection,3,80,Arterial Other,BALLAN-DAYLESFORD,HEPBURN,-37.383564,144.12462,2020,3,March,13,Midday,Weekend
T20200005027,2020-03-01,17:15:00,1,Collision with vehicle,7,Sunday,139,OTHER SAME DIRECTION-MANOUEVRES NOT INCLUDED IN DCAs 130-137,1,647137,Not at intersection,2,70,Arterial Other,SYDNEY,HUME,-37.676826,144.9561,2020,3,March,17,Afternoon Peak,Weekend
T20200005028,2020-03-01,22:45:00,2,Struck Pedestrian,7,Sunday,108,PED STRUCK WALKING TO/FROM OR BOARDING/ALIGHTING VEHICLE.,3,636151,Not at intersection,3,60,Arterial Other,RALEIGH,MARIBYRNONG,-37.769833,144.89943,2020,3,March,22,Night,Weekend
T20200005094,2020-03-02,17:20:00,4,Collision with a fixed object,1,Monday,175,OFF END OF ROAD/T-INTERSECTION.,1,66221,T intersection,2,50,Local Road,BURGESS,MAROONDAH,-37.821293,145.29172,2020,3,March,17,Afternoon Peak,Weekday
T20200005093,2020-03-02,17:40:00,7,Fall from or in moving vehicle,1,Monday,190,FELL IN/FROM VEHICLE,5,635777,Not at intersection,2,50,Local Road,GLADESVILLE,GLEN EIRA,-37.93268,145.07268,2020,3,March,17,Afternoon Peak,Weekday
T20200005092,2020-03-02,16:20:00,1,Collision with vehicle,1,Monday,148,VEHICLE OFF FOOTPATH STRIKES VEH ON CARRIAGEWAY,1,650875,T intersection,3,50,Arterial Other,BLANCHE,WHITEHORSE,-37.83435,145.20499,2020,3,March,16,Afternoon Peak,Weekday
T20200005091,2020-03-02,15:20:00,1,Collision with vehicle,1,Monday,130,REAR END(VEHICLES IN SAME LANE),1,339001,Unknown,2,80,Freeway,WEST GATE,HOBSONS BAY,-37.825413,144.84163,2020,3,March,15,Afternoon Peak,Weekday
T20200010820,2020-03-02,16:45:00,1,Collision with vehicle,1,Monday,130,REAR END(VEHICLES IN SAME LANE),2,729292,Cross intersection,3,60,Arterial Other,HIGH,MELTON,-37.683205,144.58308,2020,3,March,16,Afternoon Peak,Weekday
T20200006591,2020-03-02,00:56:00,1,Collision with vehicle,1,Monday,120,HEAD ON (NOT OVERTAKING),3,638788,Y intersection,3,50,Local Road,LIPTON,WHITTLESEA,-37.690563,144.99802,2020,3,March,0,Late Night,Weekday
T20200005341,2020-03-02,21:00:00,1,Collision with vehicle,1,Monday,123,RIGHT/LEFT. ONE VEH TURNING RIGHT THE OTHER LEFT.,3,639998,T intersection,3,50,Local Road,KAURI,GLENELG,-38.366447,141.59644,2020,3,March,21,Night,Weekday
T20200005083,2020-03-02,13:40:00,1,Collision with vehicle,1,Monday,130,REAR END(VEHICLES IN SAME LANE),1,661397,Not at intersection,2,60,Arterial Highway,HIGH,MITCHELL,-37.416546,144.9791,2020,3,March,13,Midday,Weekday
T20200005358,2020-03-02,17:30:00,1,Collision with vehicle,1,Monday,130,REAR END(VEHICLES IN SAME LANE),1,636531,T intersection,3,70,Arterial Highway,HIGH,BENDIGO,-36.80261,144.24245,2020,3,March,17,Afternoon Peak,Weekday
T20200005082,2020-03-02,16:00:00,6,Vehicle overturned (no collision),1,Monday,180,OFF CARRIAGEWAY ON RIGHT BEND,1,636153,Not at intersection,2,100,Local Road,WHANREGARWEN,MURRINDINDI,-37.166218,145.54324,2020,3,March,16,Afternoon Peak,Weekday
T20200005031,2020-03-02,01:39:00,1,Collision with vehicle,1,Monday,160,VEHICLE COLLIDES WITH VEHICLE PARKED ON LEFT OF ROAD,5,661858,Not at intersection,3,50,Local Road,JOY,MARIBYRNONG,-37.78981,144.85854,2020,3,March,1,Late Night,Weekday
T20200005221,2020-03-02,20:40:00,1,Collision with vehicle,1,Monday,140,U TURN,3,636161,T intersection,3,60,Arterial Other,HULL,YARRA RANGES,-37.78297,145.32353,2020,3,March,20,Night,Weekday
T20200005033,2020-03-02,03:45:00,4,Collision with a fixed object,1,Monday,171,LEFT OFF CARRIAGEWAY INTO OBJECT/PARKED VEHICLE,3,635771,Not at intersection,2,60,Arterial Other,ST GEORGES,GEELONG,-38.084534,144.36162,2020,3,March,3,Late Night,Weekday
T20200005037,2020-03-02,06:30:00,2,Struck Pedestrian,1,Monday,102,FAR SIDE. PED HIT BY VEHICLE FROM THE LEFT,5,635772,Not at intersection,3,50,Arterial Other,SHAKESPEARE,LATROBE,-38.200645,146.53535,2020,3,March,6,Morning Peak,Weekday
T20200005040,2020-03-02,07:05:00,6,Vehicle overturned (no collision),1,Monday,180,OFF CARRIAGEWAY ON RIGHT BEND,1,635774,Not at intersection,2,100,Arterial Other,WALLAN,WHITTLESEA,-37.455833,145.0702,2020,3,March,7,Morning Peak,Weekday
T20200005045,2020-03-02,07:50:00,4,Collision with a fixed object,1,Monday,181,OFF RIGHT BEND INTO OBJECT/PARKED VEHICLE,1,773216,Not at intersection,3,100,Arterial Other,MEENIYAN-PROMONTORY,SOUTH GIPPSLAND,-38.734863,146.12712,2020,3,March,7,Morning Peak,Weekday
T20200005047,2020-03-02,08:40:00,1,Collision with vehicle,1,Monday,121,RIGHT THROUGH,1,52110,T intersection,3,60,Arterial Other,PRINCES,BAW BAW,-38.158657,145.92133,2020,3,March,8,Morning Peak,Weekday
T20200005050,2020-03-02,08:22:00,1,Collision with vehicle,1,Monday,110,CROSS TRAFFIC(INTERSECTIONS ONLY),1,228997,Cross intersection,2,70,Arterial Highway,ST GEORGES,DAREBIN,-37.76436,144.99243,2020,3,March,8,Morning Peak,Weekday
T20200005053,2020-03-02,09:11:00,1,Collision with vehicle,1,Monday,130,REAR END(VEHICLES IN SAME LANE),1,43789,T intersection,2,70,Arterial Highway,WARBURTON,YARRA RANGES,-37.776432,145.42409,2020,3,March,9,Morning Peak,Weekday
T20200005054,2020-03-02,07:50:00,4,Collision with a fixed object,1,Monday,181,OFF RIGHT BEND INTO OBJECT/PARKED VEHICLE,1,661856,Not at intersection,3,50,Local Road,DALPURA,FRANKSTON,-38.136665,145.16435,2020,3,March,7,Morning Peak,Weekday
T20200009492,2020-03-02,12:00:00,8,No collision and no object struck,1,Monday,174,OUT OF CONTROL ON CARRIAGEWAY (ON STRAIGHT),1,652684,Not at intersection,1,50,Local Road,VAUGHAN,EAST GIPPSLAND,-37.911552,147.71715,2020,3,March,12,Midday,Weekday
T20200005055,2020-03-02,08:30:00,1,Collision with vehicle,1,Monday,113,RIGHT NEAR (INTERSECTIONS ONLY),1,56807,Y intersection,1,100,Local Road,KOONWARRA-INVERLOCH,SOUTH GIPPSLAND,-38.566315,145.89937,2020,3,March,8,Morning Peak,Weekday
T20200005058,2020-03-02,08:00:00,2,Struck Pedestrian,1,Monday,100,PED NEAR SIDE. PED HIT BY VEHICLE FROM THE RIGHT.,1,636152,Not at intersection,2,50,Local Road,LAKE,WHITEHORSE,-37.825405,145.15851,2020,3,March,8,Morning Peak,Weekday
T20200005066,2020-03-02,11:30:00,1,Collision with vehicle,1,Monday,121,RIGHT THROUGH,1,10626,T intersection,2,60,Freeway,HUNTINGDALE,MONASH,-37.885517,145.10841,2020,3,March,11,Midday,Weekday
T20200005068,2020-03-02,12:30:00,6,Vehicle overturned (no collision),1,Monday,174,OUT OF CONTROL ON CARRIAGEWAY (ON STRAIGHT),1,636523,Not at intersection,3,60,Local Road,COMO,KINGSTON,-37.981796,145.06459,2020,3,March,12,Midday,Weekday
T20200005086,2020-03-02,13:35:00,1,Collision with vehicle,1,Monday,121,RIGHT THROUGH,1,226313,T intersection,2,60,Arterial Highway,PLENTY,DAREBIN,-37.71295,145.04599,2020,3,March,13,Midday,Weekday
T20200007366,2020-03-02,11:30:00,1,Collision with vehicle,1,Monday,130,REAR END(VEHICLES IN SAME LANE),1,652171,Not at intersection,3,60,Arterial Highway,HIGH,BALLARAT,-37.424316,143.71892,2020,3,March,11,Midday,Weekday
T20200005089,2020-03-02,17:33:00,1,Collision with vehicle,1,Monday,130,REAR END(VEHICLES IN SAME LANE),1,45156,T intersection,3,60,Arterial Other,MILITARY,MOONEE VALLEY,-37.7613,144.86162,2020,3,March,17,Afternoon Peak,Weekday
T20200005167,2020-03-02,17:10:00,1,Collision with vehicle,1,Monday,110,CROSS TRAFFIC(INTERSECTIONS ONLY),1,662012,Cross intersection,3,50,Local Road,LLOYD,DAREBIN,-37.69784,145.01372,2020,3,March,17,Afternoon Peak,Weekday
T20200005110,2020-03-02,20:40:00,1,Collision with vehicle,1,Monday,110,CROSS TRAFFIC(INTERSECTIONS ONLY),3,221516,Cross intersection,2,60,Arterial Highway,QUEENS ROAD -QUEENS,PORT PHILLIP,-37.855545,144.98334,2020,3,March,20,Night,Weekday
T20200005104,2020-03-02,19:50:00,1,Collision with vehicle,1,Monday,121,RIGHT THROUGH,3,610,Cross intersection,2,60,Arterial Highway,WARRIGAL,WHITEHORSE,-37.850388,145.09561,2020,3,March,19,Night,Weekday
T20200005103,2020-03-02,17:49:00,6,Vehicle overturned (no collision),1,Monday,170,OFF CARRIAGEWAY TO LEFT,1,636525,Cross intersection,3,80,Local Road,HOPES,PYRENEES,-37.59917,143.61844,2020,3,March,17,Afternoon Peak,Weekday
T20200005102,2020-03-02,19:10:00,1,Collision with vehicle,1,Monday,110,CROSS TRAFFIC(INTERSECTIONS ONLY),1,636154,Cross intersection,2,60,Local Road,RUSSELL,BENDIGO,-36.77435,144.28229,2020,3,March,19,Night,Weekday
T20200005099,2020-03-02,16:59:00,1,Collision with vehicle,1,Monday,113,RIGHT NEAR (INTERSECTIONS ONLY),1,310043,T intersection,3,80,Local Road,OSHEA,CASEY,-38.061405,145.3486,2020,3,March,16,Afternoon Peak,Weekday
T20200005097,2020-03-02,16:17:00,1,Collision with vehicle,1,Monday,130,REAR END(VEHICLES IN SAME LANE),1,652719,Not at intersection,2,40,Local Road,TAYLORS,MELTON,-37.716713,144.6935,2020,3,March,16,Afternoon Peak,Weekday
T20200005096,2020-03-02,18:10:00,1,Collision with vehicle,1,Monday,121,RIGHT THROUGH,1,614875,T intersection,3,60,Arterial Other,HIGH,BOROONDARA,-37.803715,145.03932,2020,3,March,18,Afternoon Peak,Weekday
T20200005095,2020-03-02,13:30:00,1,Collision with vehicle,1,Monday,130,REAR END(VEHICLES IN SAME LANE),1,729176,Not at intersection,2,100,Freeway,SOUTH GIPPSLAND,CASEY,-38.002113,145.25201,2020,3,March,13,Midday,Weekday
T20200007791,2020-03-03,17:20:00,1,Collision with vehicle,2,Tuesday,130,REAR END(VEHICLES IN SAME LANE),1,758733,Not at intersection,3,60,Arterial Other,ST ALBANS,BRIMBANK,-37.750854,144.80492,2020,3,March,17,Afternoon Peak,Weekday
T20200005632,2020-03-03,07:40:00,1,Collision with vehicle,2,Tuesday,130,REAR END(VEHICLES IN SAME LANE),1,654357,Not at intersection,3,60,Arterial Other,KING,MELBOURNE,-37.811886,144.95364,2020,3,March,7,Morning Peak,Weekday