ACCIDENT_NO,ACCIDENT_DATE,ACCIDENT_TIME,ACCIDENT_TYPE,ACCIDENT_TYPE_DESC,DAY_OF_WEEK,DAY_WEEK_DESC,DCA_CODE,DCA_DESC,LIGHT_CONDITION,NODE_ID,ROAD_GEOMETRY_DESC,SEVERITY,SPEED_ZONE,RMA,ROAD_NAME,LGA_NAME,LATITUDE,LONGITUDE,YEAR,MONTH,MONTH_NAME,HOUR,TIME_PERIOD,DAY_TYPE
T20200005176,2020-03-03,16:09:00,1,Collision with vehicle,2,Tuesday,152,PULLING OUT (OVERTAKING),1,47220,T intersection,3,60,Arterial Other,BLUFF,BAYSIDE,-37.947296,145.02202,2020,3,March,16,Afternoon Peak,Weekday
T20200005383,2020-03-03,08:55:00,1,Collision with vehicle,2,Tuesday,120,HEAD ON (NOT OVERTAKING),1,647452,Not at intersection,3,60,Arterial Other,KANGAROO GROUND-WATTLE GLEN,NILLUMBIK,-37.669052,145.18864,2020,3,March,8,Morning Peak,Weekday
T20200005175,2020-03-03,15:55:00,1,Collision with vehicle,2,Tuesday,121,RIGHT THROUGH,1,45524,Cross intersection,3,60,Arterial Other,DERRIMUT ROAD -HOPKINS,MELTON,-37.80502,144.69594,2020,3,March,15,Afternoon Peak,Weekday
T20200006004,2020-03-03,10:30:00,2,Struck Pedestrian,2,Tuesday,100,PED NEAR SIDE. PED HIT BY VEHICLE FROM THE RIGHT.,1,637803,Cross intersection,3,40,Arterial Other,CURZON,MELBOURNE,-37.80086,144.9485,2020,3,March,10,Midday,Weekday
T20200005227,2020-03-03,18:03:00,1,Collision with vehicle,2,Tuesday,130,REAR END(VEHICLES IN SAME LANE),1,662040,Not at intersection,3,80,Arterial Other,MICKLEHAM,HUME,-37.69923,144.88042,2020,3,March,18,Afternoon Peak,Weekday
T20200009192,2020-03-03,12:45:00,1,Collision with vehicle,2,Tuesday,116,LEFT NEAR (INTERSECTIONS ONLY),1,298352,Cross intersection,3,80,Arterial Other,PERRY,DANDENONG,-38.01147,145.17162,2020,3,March,12,Midday,Weekday
T20200005865,2020-03-03,07:25:00,1,Collision with vehicle,2,Tuesday,132,RIGHT REAR.,1,71972,T intersection,2,60,Arterial Other,BALLARTO,CARDINIA,-38.14611,145.42448,2020,3,March,7,Morning Peak,Weekday
T20200007541,2020-03-03,14:10:00,1,Collision with vehicle,2,Tuesday,140,U TURN,1,52955,Cross intersection,3,60,Arterial Highway,SKIPTON,BALLARAT,-37.573486,143.84656,2020,3,March,14,Midday,Weekday
T20200006258,2020-03-03,18:15:00,1,Collision with vehicle,2,Tuesday,160,VEHICLE COLLIDES WITH VEHICLE PARKED ON LEFT OF ROAD,1,48542,T intersection,3,40,Local Road,ROBERTSON,MORNINGTON PENINSULA,-38.224106,145.06271,2020,3,March,18,Afternoon Peak,Weekday
T20200005132,2020-03-03,08:35:00,1,Collision with vehicle,2,Tuesday,121,RIGHT THROUGH,1,45527,Cross intersection,2,60,Arterial Other,MELVILLE,MORELAND,-37.764828,144.94377,2020,3,March,8,Morning Peak,Weekday
T20200005163,2020-03-03,14:29:00,1,Collision with vehicle,2,Tuesday,136,RIGHT TURN SIDESWIPE,1,43227,T intersection,2,60,Local Road,ELSIE,KINGSTON,-38.044933,145.11276,2020,3,March,14,Midday,Weekday
T20200005185,2020-03-03,14:00:00,4,Collision with a fixed object,2,Tuesday,173,RIGHT OFF CARRIAGEWAY INTO OBJECT/PARKED VEHICLE,1,780540,Not at intersection,3,80,Arterial Other,LAVERS HILL-COBDEN,CORANGAMITE,-38.44302,143.19504,2020,3,March,14,Midday,Weekday
T20200005186,2020-03-03,18:00:00,1,Collision with vehicle,2,Tuesday,120,HEAD ON (NOT OVERTAKING),2,653641,Y intersection,2,80,Arterial Highway,BANDIANA LINK,WODONGA,-36.111843,146.89958,2020,3,March,18,Afternoon Peak,Weekday
T20200006359,2020-03-03,12:55:00,1,Collision with vehicle,2,Tuesday,130,REAR END(VEHICLES IN SAME LANE),1,675957,Not at intersection,2,60,Local Road,BARRY,HUME,-37.66371,144.92198,2020,3,March,12,Midday,Weekday
T20200005174,2020-03-03,16:30:00,1,Collision with vehicle,2,Tuesday,130,REAR END(VEHICLES IN SAME LANE),1,638116,T intersection,3,60,Arterial Highway,PUNT,MELBOURNE,-37.82023,144.98958,2020,3,March,16,Afternoon Peak,Weekday
T20200005256,2020-03-03,06:35:00,6,Vehicle overturned (no collision),2,Tuesday,170,OFF CARRIAGEWAY TO LEFT,5,644751,Not at intersection,3,100,Arterial Highway,HAMILTON,GOLDEN PLAINS,-38.084015,143.94325,2020,3,March,6,Morning Peak,Weekday
T20200005188,2020-03-03,16:40:00,1,Collision with vehicle,2,Tuesday,120,HEAD ON (NOT OVERTAKING),1,651073,Y intersection,2,50,Local Road,RAINIER,MORNINGTON PENINSULA,-38.33843,144.98312,2020,3,March,16,Afternoon Peak,Weekday
T20200005993,2020-03-03,15:30:00,1,Collision with vehicle,2,Tuesday,132,RIGHT REAR.,1,661926,Not at intersection,2,60,Arterial Highway,HIGH,BENDIGO,-36.776505,144.25371,2020,3,March,15,Afternoon Peak,Weekday
T20200005172,2020-03-03,16:10:00,1,Collision with vehicle,2,Tuesday,110,CROSS TRAFFIC(INTERSECTIONS ONLY),1,37041,Cross intersection,2,50,Local Road,HOTHAM,MELBOURNE,-37.814423,144.98819,2020,3,March,16,Afternoon Peak,Weekday
T20200005191,2020-03-03,17:35:00,8,No collision and no object struck,2,Tuesday,179,OTHER ACCIDENTS-OFF STRAIGHT NOT INCLUDED IN DCAs 170-175,1,661921,Not at intersection,3,60,Arterial Other,HIGHBURY,WHITEHORSE,-37.86047,145.15659,2020,3,March,17,Afternoon Peak,Weekday
T20200005145,2020-03-03,10:10:00,1,Collision with vehicle,2,Tuesday,120,HEAD ON (NOT OVERTAKING),1,354233,T intersection,2,60,Local Road,RESERVE,BAYSIDE,-37.97431,145.03531,2020,3,March,10,Midday,Weekday
T20200005170,2020-03-03,12:53:00,1,Collision with vehicle,2,Tuesday,160,VEHICLE COLLIDES WITH VEHICLE PARKED ON LEFT OF ROAD,1,651725,Not at intersection,3,50,Local Road,MAYGAR,HUME,-37.687096,144.94069,2020,3,March,12,Midday,Weekday
T20200005127,2020-03-03,07:20:00,1,Collision with vehicle,2,Tuesday,113,RIGHT NEAR (INTERSECTIONS ONLY),1,45124,T intersection,3,50,Arterial Highway,WARBURTON,YARRA RANGES,-37.77748,145.60458,2020,3,March,7,Morning Peak,Weekday
T20200005126,2020-03-03,06:50:00,1,Collision with vehicle,2,Tuesday,130,REAR END(VEHICLES IN SAME LANE),5,645056,Not at intersection,3,60,Arterial Other,MONBULK,YARRA RANGES,-37.882736,145.39,2020,3,March,6,Morning Peak,Weekday
T20200006369,2020-03-03,18:39:00,1,Collision with vehicle,2,Tuesday,116,LEFT NEAR (INTERSECTIONS ONLY),1,728966,T intersection,3,60,Local Road,CLANBRAE,WHITEHORSE,-37.8449,145.12532,2020,3,March,18,Afternoon Peak,Weekday
T20200005169,2020-03-03,16:17:00,1,Collision with vehicle,2,Tuesday,133,LANE SIDE SWIPE (VEHICLES IN PARALLEL LANES),1,638280,Not at intersection,2,40,Local Road,FLINDERS,MELBOURNE,-37.819218,144.96138,2020,3,March,16,Afternoon Peak,Weekday
T20200005199,2020-03-03,18:27:00,2,Struck Pedestrian,2,Tuesday,106,VEH STRIKES PED ON FOOTPATH/MEDIAN/TRAFFIC ISLAND.,1,658538,Not at intersection,2,50,Local Road,LEWIS,GLEN EIRA,-37.90849,145.04361,2020,3,March,18,Afternoon Peak,Weekday
T20200005201,2020-03-03,21:41:00,2,Struck Pedestrian,2,Tuesday,102,FAR SIDE. PED HIT BY VEHICLE FROM THE LEFT,3,36500,Cross intersection,3,40,Arterial Other,JOHNSTON,YARRA,-37.79834,144.97847,2020,3,March,21,Night,Weekday
T20200005161,2020-03-03,11:40:00,1,Collision with vehicle,2,Tuesday,121,RIGHT THROUGH,1,254377,T intersection,2,80,Arterial Other,BALLAN,WYNDHAM,-37.846245,144.57564,2020,3,March,11,Midday,Weekday
T20200005202,2020-03-03,23:37:00,1,Collision with vehicle,2,Tuesday,135,LANE CHANGE LEFT (NOT OVERTAKING),3,662854,Not at intersection,3,100,Freeway,WESTERN RING,BRIMBANK,-37.791946,144.78757,2020,3,March,23,Night,Weekday
T20200005160,2020-03-03,08:56:00,1,Collision with vehicle,2,Tuesday,120,HEAD ON (NOT OVERTAKING),1,674458,Not at intersection,2,100,Local Road,BENWERRIN-MT SABINE,COLAC OTWAY,-38.580883,143.8063,2020,3,March,8,Morning Peak,Weekday
T20200006547,2020-03-03,17:10:00,1,Collision with vehicle,2,Tuesday,163,VEHICLE STRIKES DOOR OF PARKED/STATIONARY VEHICLE,9,662042,Not at intersection,3,60,Arterial Other,ST KILDA ROAD SERVICE,MELBOURNE,-37.846222,144.97945,2020,3,March,17,Afternoon Peak,Weekday
T20200005180,2020-03-03,17:50:00,1,Collision with vehicle,2,Tuesday,121,RIGHT THROUGH,1,230850,Cross intersection,3,70,Arterial Highway,RUSSELL,GEELONG,-38.157436,144.35089,2020,3,March,17,Afternoon Peak,Weekday
T20200005148,2020-03-03,11:20:00,1,Collision with vehicle,2,Tuesday,148,VEHICLE OFF FOOTPATH STRIKES VEH ON CARRIAGEWAY,1,50450,Cross intersection,3,50,Arterial Other,GRAHAM,BASS COAST,-38.60606,145.59116,2020,3,March,11,Midday,Weekday
T20200005177,2020-03-03,16:44:00,1,Collision with vehicle,2,Tuesday,148,VEHICLE OFF FOOTPATH STRIKES VEH ON CARRIAGEWAY,1,37068,T intersection,2,60,Arterial Highway,PUNT,MELBOURNE,-37.82029,144.98956,2020,3,March,16,Afternoon Peak,Weekday
T20200005372,2020-03-04,19:40:00,6,Vehicle overturned (no collision),3,Wednesday,172,OFF CARRIAGEWAY TO RIGHT,3,210168,Not at intersection,3,40,Arterial Other,BRIDGE,YARRA,-37.817772,144.99197,2020,3,March,19,Night,Weekday
T20200014681,2020-03-04,07:27:00,1,Collision with vehicle,3,Wednesday,130,REAR END(VEHICLES IN SAME LANE),1,659078,Not at intersection,3,40,Arterial Other,BRIDGE,YARRA,-37.82009,145.0136,2020,3,March,7,Morning Peak,Weekday
T20200005285,2020-03-04,21:10:00,1,Collision with vehicle,3,Wednesday,136,RIGHT TURN SIDESWIPE,3,44654,Cross intersection,3,50,Local Road,CARWARP,BANYULE,-37.728024,145.07158,2020,3,March,21,Night,Weekday
T20200006636,2020-03-04,15:15:00,1,Collision with vehicle,3,Wednesday,142,LEAVING PARKING,1,729198,T intersection,3,40,Arterial Other,KEILOR,MOONEE VALLEY,-37.740025,144.89914,2020,3,March,15,Afternoon Peak,Weekday
T20200005205,2020-03-04,00:45:00,1,Collision with vehicle,3,Wednesday,133,LANE SIDE SWIPE (VEHICLES IN PARALLEL LANES),3,650580,Not at intersection,2,80,Freeway,WEST GATE,MELBOURNE,-37.82681,144.92967,2020,3,March,0,Late Night,Weekday
T20200007374,2020-03-04,05:34:00,6,Vehicle overturned (no collision),3,Wednesday,174,OUT OF CONTROL ON CARRIAGEWAY (ON STRAIGHT),2,45372,Cross intersection,3,50,Local Road,GLASS,MOONEE VALLEY,-37.746902,144.9192,2020,3,March,5,Morning Peak,Weekday
T20200005287,2020-03-04,22:00:00,2,Struck Pedestrian,3,Wednesday,101,PED EMERGES FROM IN FRONT OF PARKED OR STATIONARY VEHICLE,3,636172,Not at intersection,3,60,Arterial Other,BURKE,STONNINGTON,-37.855385,145.05208,2020,3,March,22,Night,Weekday
T20200005288,2020-03-04,10:25:00,4,Collision with a fixed object,3,Wednesday,171,LEFT OFF CARRIAGEWAY INTO OBJECT/PARKED VEHICLE,9,640972,Not at intersection,2,50,Local Road,BARRINGTON,CARDINIA,-38.073784,145.49884,2020,3,March,10,Midday,Weekday
T20200005289,2020-03-04,22:45:00,4,Collision with a fixed object,3,Wednesday,183,OFF LEFT BEND INTO OBJECT/PARKED VEHICLE,5,636173,T intersection,3,80,Local Road,BOYS,SOUTH GIPPSLAND,-38.66352,146.06746,2020,3,March,22,Night,Weekday
T20200005212,2020-03-04,06:00:00,1,Collision with vehicle,3,Wednesday,120,HEAD ON (NOT OVERTAKING),3,332439,Cross intersection,2,60,Arterial Other,CRAIGIEBURN,HUME,-37.593918,144.91006,2020,3,March,6,Morning Peak,Weekday
T20200005234,2020-03-04,10:27:00,2,Struck Pedestrian,3,Wednesday,100,PED NEAR SIDE. PED HIT BY VEHICLE FROM THE RIGHT.,1,636869,T intersection,2,40,Local Road,FLINDERS,MELBOURNE,-37.815304,144.9748,2020,3,March,10,Midday,Weekday
T20200005461,2020-03-04,17:45:00,1,Collision with vehicle,3,Wednesday,111,RIGHT FAR (INTERSECTIONS ONLY),1,52826,T intersection,2,60,Local Road,CUTHBERTS,BALLARAT,-37.555283,143.81314,2020,3,March,17,Afternoon Peak,Weekday
T20200005239,2020-03-04,08:15:00,4,Collision with a fixed object,3,Wednesday,173,RIGHT OFF CARRIAGEWAY INTO OBJECT/PARKED VEHICLE,1,636163,Not at intersection,2,100,Local Road,BOX FOREST,GEELONG,-37.882565,144.35008,2020,3,March,8,Morning Peak,Weekday
T20200005306,2020-03-04,16:00:00,1,Collision with vehicle,3,Wednesday,110,CROSS TRAFFIC(INTERSECTIONS ONLY),1,51928,Cross intersection,3,60,Arterial Other,NICHOLSON,EAST GIPPSLAND,-37.702457,148.45615,2020,3,March,16,Afternoon Peak,Weekday
T20200007643,2020-03-04,19:30:00,1,Collision with vehicle,3,Wednesday,130,REAR END(VEHICLES IN SAME LANE),3,773273,Not at intersection,3,70,Arterial Highway,DANDENONG,STONNINGTON,-37.8785,145.04793,2020,3,March,19,Night,Weekday
T20200005251,2020-03-04,12:47:00,1,Collision with vehicle,3,Wednesday,120,HEAD ON (NOT OVERTAKING),1,105710,Not at intersection,2,80,Arterial Highway,WARBURTON,YARRA RANGES,-37.775646,145.41977,2020,3,March,12,Midday,Weekday
T20200005346,2020-03-04,08:24:00,2,Struck Pedestrian,3,Wednesday,102,FAR SIDE. PED HIT BY VEHICLE FROM THE LEFT,1,585605,Cross intersection,2,60,Arterial Other,CRAIGIEBURN,HUME,-37.59186,144.89458,2020,3,March,8,Morning Peak,Weekday
T20200005243,2020-03-04,12:30:00,1,Collision with vehicle,3,Wednesday,130,REAR END(VEHICLES IN SAME LANE),1,728943,T intersection,2,60,Arterial Other,CRAIGIEBURN,HUME,-37.597893,144.93156,2020,3,March,12,Midday,Weekday
T20200005249,2020-03-04,14:29:00,6,Vehicle overturned (no collision),3,Wednesday,184,OUT OF CONTROL ON CARRIAGEWAY (ON BEND),1,636165,Unknown,3,100,Arterial Highway,MAROONDAH,MURRINDINDI,-37.464832,145.68748,2020,3,March,14,Midday,Weekday
T20200005248,2020-03-04,08:30:00,1,Collision with vehicle,3,Wednesday,134,LANE CHANGE RIGHT (NOT OVERTAKING),1,640641,Not at intersection,2,100,Freeway,PRINCES,WYNDHAM,-37.86915,144.75702,2020,3,March,8,Morning Peak,Weekday
T20200005332,2020-03-04,16:40:00,1,Collision with vehicle,3,Wednesday,110,CROSS TRAFFIC(INTERSECTIONS ONLY),1,293118,Cross intersection,2,50,Local Road,CHENIES,DAREBIN,-37.71025,145.02922,2020,3,March,16,Afternoon Peak,Weekday
T20200006276,2020-03-04,12:10:00,1,Collision with vehicle,3,Wednesday,133,LANE SIDE SWIPE (VEHICLES IN PARALLEL LANES),1,638776,Not at intersection,3,80,Arterial Highway,SPRINGVALE,DANDENONG,-37.933407,145.1559,2020,3,March,12,Midday,Weekday
T20200005283,2020-03-04,18:20:00,1,Collision with vehicle,3,Wednesday,113,RIGHT NEAR (INTERSECTIONS ONLY),1,35871,T intersection,3,60,Local Road,DUNCAN,CARDINIA,-38.07529,145.47444,2020,3,March,18,Afternoon Peak,Weekday
T20200008954,2020-03-04,16:39:00,4,Collision with a fixed object,3,Wednesday,171,LEFT OFF CARRIAGEWAY INTO OBJECT/PARKED VEHICLE,1,666001,Not at intersection,3,60,Arterial Other,LUCAN,BENDIGO,-36.747356,144.28658,2020,3,March,16,Afternoon Peak,Weekday
T20200008014,2020-03-04,08:00:00,1,Collision with vehicle,3,Wednesday,147,VEHICLE STRIKES ANOTHER VEH WHILE EMERGING FROM DRIVEWAY,1,666000,Not at intersection,3,60,Local Road,EAGLEVIEW,GEELONG,-38.09784,144.33148,2020,3,March,8,Morning Peak,Weekday
T20200005266,2020-03-04,16:10:00,1,Collision with vehicle,3,Wednesday,120,HEAD ON (NOT OVERTAKING),1,651172,Not at intersection,2,100,Local Road,FINGER POST,MACEDON RANGES,-37.403034,144.52174,2020,3,March,16,Afternoon Peak,Weekday
T20200005429,2020-03-04,22:30:00,1,Collision with vehicle,3,Wednesday,116,LEFT NEAR (INTERSECTIONS ONLY),3,304268,T intersection,3,60,Freeway,EASTERN IN-CHANDLER,BOROONDARA,-37.79205,145.02989,2020,3,March,22,Night,Weekday
T20200005426,2020-03-04,18:00:00,1,Collision with vehicle,3,Wednesday,130,REAR END(VEHICLES IN SAME LANE),2,636178,Not at intersection,3,100,Freeway,MONASH,MONASH,-37.887257,145.11038,2020,3,March,18,Afternoon Peak,Weekday
T20200005276,2020-03-04,13:03:00,1,Collision with vehicle,3,Wednesday,110,CROSS TRAFFIC(INTERSECTIONS ONLY),1,636169,Cross intersection,2,100,Arterial Other,BRANDY CREEK,BAW BAW,-38.111465,145.92563,2020,3,March,13,Midday,Weekday
T20200005217,2020-03-04,08:42:00,1,Collision with vehicle,3,Wednesday,121,RIGHT THROUGH,1,347464,Not at intersection,3,60,Local Road,ROSAMOND,MARIBYRNONG,-37.772797,144.88615,2020,3,March,8,Morning Peak,Weekday
T20200007116,2020-03-04,11:00:00,4,Collision with a fixed object,3,Wednesday,183,OFF LEFT BEND INTO OBJECT/PARKED VEHICLE,1,641602,Not at intersection,3,100,Local Road,BESSIE CREEK,CARDINIA,-38.039566,145.56183,2020,3,March,11,Midday,Weekday
T20200005214,2020-03-04,06:15:00,1,Collision with vehicle,3,Wednesday,121,RIGHT THROUGH,2,40764,Cross intersection,2,60,Arterial Other,HIGHBURY,MONASH,-37.85977,145.15076,2020,3,March,6,Morning Peak,Weekday
T20200005894,2020-03-04,08:25:00,1,Collision with vehicle,3,Wednesday,130,REAR END(VEHICLES IN SAME LANE),1,636564,Not at intersection,3,50,Local Road,HIGH,GEELONG,-38.172646,144.34529,2020,3,March,8,Morning Peak,Weekday
T20200005232,2020-03-04,11:55:00,2,Struck Pedestrian,3,Wednesday,102,FAR SIDE. PED HIT BY VEHICLE FROM THE LEFT,1,44738,Cross intersection,2,60,Arterial Other,THE CIRCUIT,BANYULE,-37.702854,145.10086,2020,3,March,11,Midday,Weekday
T20200006073,2020-03-04,17:15:00,1,Collision with vehicle,3,Wednesday,134,LANE CHANGE RIGHT (NOT OVERTAKING),1,654256,Not at intersection,3,80,Arterial Other,PASCOE VALE,HUME,-37.660873,144.92415,2020,3,March,17,Afternoon Peak,Weekday
T20200005233,2020-03-04,10:10:00,1,Collision with vehicle,3,Wednesday,121,RIGHT THROUGH,1,227128,T intersection,3,80,Arterial Highway,PLENTY,DAREBIN,-37.70393,145.05556,2020,3,March,10,Midday,Weekday
T20200005380,2020-03-04,11:30:00,1,Collision with vehicle,3,Wednesday,121,RIGHT THROUGH,1,636532,Not at intersection,3,60,Arterial Other,BLACKBURN,MONASH,-37.860092,145.15071,2020,3,March,11,Midday,Weekday
T20200005352,2020-03-05,13:40:00,1,Collision with vehicle,4,Thursday,169,OTHER ON PATH,1,662163,Not at intersection,3,50,Local Road,MORRISON,BENDIGO,-36.80479,144.23558,2020,3,March,13,Midday,Weekday
T20200006044,2020-03-05,04:45:00,1,Collision with vehicle,4,Thursday,130,REAR END(VEHICLES IN SAME LANE),9,651275,Not at intersection,3,70,Arterial Other,CHILDS,WHITTLESEA,-37.661022,145.03244,2020,3,March,4,Late Night,Weekday
T20200005347,2020-03-05,12:15:00,1,Collision with vehicle,4,Thursday,116,LEFT NEAR (INTERSECTIONS ONLY),1,42613,Cross intersection,3,50,Local Road,BAKERS,MORELAND,-37.72632,144.95375,2020,3,March,12,Midday,Weekday
T20200005343,2020-03-05,09:51:00,1,Collision with vehicle,4,Thursday,140,U TURN,1,729177,Not at intersection,3,30,Arterial Other,ELIZABETH,MELBOURNE,-37.803165,144.95807,2020,3,March,9,Morning Peak,Weekday
T20200006469,2020-03-05,18:50:00,1,Collision with vehicle,4,Thursday,135,LANE CHANGE LEFT (NOT OVERTAKING),2,638781,Not at intersection,3,60,Arterial Highway,QUEENS,PORT PHILLIP,-37.850437,144.97835,2020,3,March,18,Afternoon Peak,Weekday
T20200006124,2020-03-05,07:30:00,1,Collision with vehicle,4,Thursday,130,REAR END(VEHICLES IN SAME LANE),1,662154,Not at intersection,3,100,Freeway,WESTERN,MELTON,-37.712032,144.63493,2020,3,March,7,Morning Peak,Weekday
T20200005334,2020-03-05,08:55:00,1,Collision with vehicle,4,Thursday,160,VEHICLE COLLIDES WITH VEHICLE PARKED ON LEFT OF ROAD,1,662161,Not at intersection,3,50,Local Road,HAMMERSMITH,LATROBE,-38.18276,146.55614,2020,3,March,8,Morning Peak,Weekday
T20200006684,2020-03-05,22:15:00,1,Collision with vehicle,4,Thursday,132,RIGHT REAR.,3,640981,T intersection,3,50,Arterial Other,JOLIMONT,MELBOURNE,-37.815697,144.979,2020,3,March,22,Night,Weekday
T20200005333,2020-03-05,10:58:00,1,Collision with vehicle,4,Thursday,110,CROSS TRAFFIC(INTERSECTIONS ONLY),1,234746,Cross intersection,3,60,Arterial Other,EPPING,WHITTLESEA,-37.65311,145.02284,2020,3,March,10,Midday,Weekday
T20200005299,2020-03-05,02:30:00,8,No collision and no object struck,4,Thursday,170,OFF CARRIAGEWAY TO LEFT,5,662293,Not at intersection,3,100,Local Road,CALDERMEADE,CARDINIA,-38.22496,145.58923,2020,3,March,2,Late Night,Weekday
T20200005514,2020-03-05,14:00:00,4,Collision with a fixed object,4,Thursday,181,OFF RIGHT BEND INTO OBJECT/PARKED VEHICLE,1,666203,Not at intersection,3,100,Arterial Other,MAFFRA-BRIAGOLONG,WELLINGTON,-37.92106,146.99847,2020,3,March,14,Midday,Weekday
T20200005962,2020-03-05,15:30:00,6,Vehicle overturned (no collision),4,Thursday,184,OUT OF CONTROL ON CARRIAGEWAY (ON BEND),1,641295,Not at intersection,2,80,Arterial Other,BONANG,EAST GIPPSLAND,-37.18675,148.72752,2020,3,March,15,Afternoon Peak,Weekday
T20200005958,2020-03-05,18:30:00,4,Collision with a fixed object,4,Thursday,181,OFF RIGHT BEND INTO OBJECT/PARKED VEHICLE,1,649681,Not at intersection,3,100,Arterial Highway,MAROONDAH,MANSFIELD,-37.026196,145.84529,2020,3,March,18,Afternoon Peak,Weekday
T20200006067,2020-03-05,14:35:00,4,Collision with a fixed object,4,Thursday,171,LEFT OFF CARRIAGEWAY INTO OBJECT/PARKED VEHICLE,1,68813,Cross intersection,2,50,Local Road,MARARA,GLEN EIRA,-37.896564,145.03162,2020,3,March,14,Midday,Weekday
T20200005377,2020-03-05,15:25:00,1,Collision with vehicle,4,Thursday,113,RIGHT NEAR (INTERSECTIONS ONLY),1,46193,T intersection,3,60,Local Road,MAIN,CARDINIA,-38.071682,145.47519,2020,3,March,15,Afternoon Peak,Weekday
T20200005497,2020-03-05,07:20:00,1,Collision with vehicle,4,Thursday,130,REAR END(VEHICLES IN SAME LANE),2,656324,Not at intersection,3,100,Freeway,PENINSULA LINK,FRANKSTON,-38.102074,145.15752,2020,3,March,7,Morning Peak,Weekday
T20200005331,2020-03-05,10:25:00,1,Collision with vehicle,4,Thursday,110,CROSS TRAFFIC(INTERSECTIONS ONLY),1,43929,Cross intersection,2,40,Local Road,NORTH,CASEY,-38.17334,145.25948,2020,3,March,10,Midday,Weekday
T20200005688,2020-03-05,18:30:00,1,Collision with vehicle,4,Thursday,147,VEHICLE STRIKES ANOTHER VEH WHILE EMERGING FROM DRIVEWAY,1,636542,Not at intersection,3,60,Arterial Other,ASHLEY,MARIBYRNONG,-37.78195,144.86531,2020,3,March,18,Afternoon Peak,Weekday
T20200005433,2020-03-05,15:30:00,1,Collision with vehicle,4,Thursday,113,RIGHT NEAR (INTERSECTIONS ONLY),1,597909,Cross intersection,2,50,Local Road,ALLAN,DANDENONG,-37.992504,145.20421,2020,3,March,15,Afternoon Peak,Weekday
T20200005880,2020-03-05,17:30:00,1,Collision with vehicle,4,Thursday,130,REAR END(VEHICLES IN SAME LANE),1,662290,Not at intersection,3,60,Arterial Other,CLAYTON,MONASH,-37.90592,145.12332,2020,3,March,17,Afternoon Peak,Weekday
T20200007029,2020-03-05,08:00:00,1,Collision with vehicle,4,Thursday,130,REAR END(VEHICLES IN SAME LANE),1,729207,Not at intersection,3,100,Arterial Highway,SOUTH GIPPSLAND,DANDENONG,-38.027496,145.24367,2020,3,March,8,Morning Peak,Weekday
T20200005422,2020-03-05,21:10:00,1,Collision with vehicle,4,Thursday,111,RIGHT FAR (INTERSECTIONS ONLY),3,40961,Cross intersection,3,70,Arterial Other,BAYSWATER,MAROONDAH,-37.83217,145.26938,2020,3,March,21,Night,Weekday
T20200005534,2020-03-05,10:25:00,3,Struck animal,4,Thursday,167,STRUCK ANIMAL,9,662191,Not at intersection,3,70,Local Road,LIVERPOOL,YARRA RANGES,-37.84165,145.31845,2020,3,March,10,Midday,Weekday
T20200005329,2020-03-05,08:10:00,1,Collision with vehicle,4,Thursday,121,RIGHT THROUGH,1,39625,T intersection,3,60,Arterial Other,WANTIRNA,MAROONDAH,-37.816856,145.22726,2020,3,March,8,Morning Peak,Weekday
T20200005771,2020-03-05,08:05:00,1,Collision with vehicle,4,Thursday,130,REAR END(VEHICLES IN SAME LANE),1,657585,Not at intersection,3,40,Arterial Other,LANGS,MELBOURNE,-37.78004,144.91248,2020,3,March,8,Morning Peak,Weekday
T20200005296,2020-03-05,00:05:00,4,Collision with a fixed object,4,Thursday,173,RIGHT OFF CARRIAGEWAY INTO OBJECT/PARKED VEHICLE,3,636026,Not at intersection,1,70,Arterial Highway,PRINCES HIGHWAY,EAST GIPPSLAND,-37.83273,147.60799,2020,3,March,0,Late Night,Weekday
T20200005322,2020-03-05,09:00:00,1,Collision with vehicle,4,Thursday,110,CROSS TRAFFIC(INTERSECTIONS ONLY),1,38667,Cross intersection,3,60,Arterial Highway,FRANCIS,MARIBYRNONG,-37.8199,144.87895,2020,3,March,9,Morning Peak,Weekday
T20200005303,2020-03-05,04:40:00,4,Collision with a fixed object,4,Thursday,171,LEFT OFF CARRIAGEWAY INTO OBJECT/PARKED VEHICLE,3,636528,Not at intersection,2,70,Arterial Highway,WARRIGAL,KINGSTON,-37.9357,145.08023,2020,3,March,4,Late Night,Weekday
T20200006387,2020-03-05,16:00:00,1,Collision with vehicle,4,Thursday,130,REAR END(VEHICLES IN SAME LANE),1,638447,Not at intersection,3,80,Freeway,CALDER,BRIMBANK,-37.7203,144.8401,2020,3,March,16,Afternoon Peak,Weekday
T20200005533,2020-03-05,22:54:00,1,Collision with vehicle,4,Thursday,121,RIGHT THROUGH,3,36992,Cross intersection,3,40,Freeway,BATMAN,MELBOURNE,-37.81601,144.97238,2020,3,March,22,Night,Weekday
T20200005307,2020-03-05,08:00:00,1,Collision with vehicle,4,Thursday,121,RIGHT THROUGH,1,49229,Cross intersection,3,60,Arterial Highway,FIFTEENTH,MILDURA,-34.21099,142.14137,2020,3,March,8,Morning Peak,Weekday
T20200005314,2020-03-05,07:50:00,6,Vehicle overturned (no collision),4,Thursday,180,OFF CARRIAGEWAY ON RIGHT BEND,1,665747,Not at intersection,3,80,Arterial Highway,GREAT OCEAN,SURF COAST,-38.389153,144.20432,2020,3,March,7,Morning Peak,Weekday