ACCIDENT_NO,ACCIDENT_DATE,ACCIDENT_TIME,ACCIDENT_TYPE,ACCIDENT_TYPE_DESC,DAY_OF_WEEK,DAY_WEEK_DESC,DCA_CODE,DCA_DESC,LIGHT_CONDITION,NODE_ID,ROAD_GEOMETRY_DESC,SEVERITY,SPEED_ZONE,RMA,ROAD_NAME,LGA_NAME,LATITUDE,LONGITUDE,YEAR,MONTH,MONTH_NAME,HOUR,TIME_PERIOD,DAY_TYPE
T20200005410,2020-03-05,17:53:00,1,Collision with vehicle,4,Thursday,130,REAR END(VEHICLES IN SAME LANE),1,637791,Not at intersection,3,80,Freeway,CALDER,MOONEE VALLEY,-37.7339,144.88611,2020,3,March,17,Afternoon Peak,Weekday
T20200005407,2020-03-05,22:10:00,1,Collision with vehicle,4,Thursday,148,VEHICLE OFF FOOTPATH STRIKES VEH ON CARRIAGEWAY,3,5892,T intersection,3,60,Local Road,COVENTRY,PORT PHILLIP,-37.83056,144.9647,2020,3,March,22,Night,Weekday
T20200005403,2020-03-05,21:30:00,1,Collision with vehicle,4,Thursday,130,REAR END(VEHICLES IN SAME LANE),3,657244,Not at intersection,3,80,Arterial Other,PLENTY,WHITTLESEA,-37.684452,145.06865,2020,3,March,21,Night,Weekday
T20200005397,2020-03-05,18:30:00,4,Collision with a fixed object,4,Thursday,173,RIGHT OFF CARRIAGEWAY INTO OBJECT/PARKED VEHICLE,2,728947,T intersection,3,60,Arterial Other,RINGWOOD-WARRANDYTE,MANNINGHAM,-37.748283,145.23541,2020,3,March,18,Afternoon Peak,Weekday
T20200005570,2020-03-05,14:00:00,1,Collision with vehicle,4,Thursday,130,REAR END(VEHICLES IN SAME LANE),1,359715,Not at intersection,2,100,Freeway,MONASH,CASEY,-37.985207,145.24863,2020,3,March,14,Midday,Weekday
T20200006309,2020-03-05,17:30:00,1,Collision with vehicle,4,Thursday,130,REAR END(VEHICLES IN SAME LANE),1,662256,Not at intersection,3,60,Arterial Highway,NEPEAN,KINGSTON,-38.07747,145.12277,2020,3,March,17,Afternoon Peak,Weekday
T20200005316,2020-03-05,09:00:00,4,Collision with a fixed object,4,Thursday,171,LEFT OFF CARRIAGEWAY INTO OBJECT/PARKED VEHICLE,1,662125,Not at intersection,2,80,Arterial Highway,NEPEAN,MORNINGTON PENINSULA,-38.221287,145.0557,2020,3,March,9,Morning Peak,Weekday
T20200005368,2020-03-05,12:40:00,1,Collision with vehicle,4,Thursday,120,HEAD ON (NOT OVERTAKING),1,642852,Not at intersection,2,60,Arterial Other,HEIDELBERG-KINGLAKE,NILLUMBIK,-37.560226,145.32593,2020,3,March,12,Midday,Weekday
T20200005387,2020-03-05,17:01:00,4,Collision with a fixed object,4,Thursday,181,OFF RIGHT BEND INTO OBJECT/PARKED VEHICLE,1,637479,Not at intersection,2,80,Arterial Other,ELTHAM-YARRA GLEN,NILLUMBIK,-37.64863,145.33496,2020,3,March,17,Afternoon Peak,Weekday
T20200005335,2020-03-05,11:40:00,1,Collision with vehicle,4,Thursday,110,CROSS TRAFFIC(INTERSECTIONS ONLY),1,636870,Cross intersection,3,50,Local Road,FOREST,BALLARAT,-37.64954,143.88692,2020,3,March,11,Midday,Weekday
T20200005363,2020-03-05,14:00:00,1,Collision with vehicle,4,Thursday,113,RIGHT NEAR (INTERSECTIONS ONLY),1,39301,Cross intersection,3,60,Arterial Other,DONCASTER,MANNINGHAM,-37.78756,145.12375,2020,3,March,14,Midday,Weekday
T20200005324,2020-03-05,08:25:00,1,Collision with vehicle,4,Thursday,121,RIGHT THROUGH,1,244459,Cross intersection,3,60,Non Arterial,HACKETTS,WYNDHAM,-37.896126,144.71686,2020,3,March,8,Morning Peak,Weekday
T20200005362,2020-03-05,13:26:00,1,Collision with vehicle,4,Thursday,110,CROSS TRAFFIC(INTERSECTIONS ONLY),1,643796,Cross intersection,3,60,Local Road,NELSON,BENDIGO,-36.72868,144.26193,2020,3,March,13,Midday,Weekday
T20200005385,2020-03-05,15:35:00,4,Collision with a fixed object,4,Thursday,173,RIGHT OFF CARRIAGEWAY INTO OBJECT/PARKED VEHICLE,1,649679,Not at intersection,2,100,Arterial Highway,MAROONDAH,MANSFIELD,-36.98245,145.72276,2020,3,March,15,Afternoon Peak,Weekday
T20200005384,2020-03-05,17:24:00,1,Collision with vehicle,4,Thursday,140,U TURN,1,636533,Not at intersection,2,60,Arterial Other,JACKSONS,DANDENONG,-37.938908,145.19243,2020,3,March,17,Afternoon Peak,Weekday
T20200005360,2020-03-05,08:03:00,1,Collision with vehicle,4,Thursday,110,CROSS TRAFFIC(INTERSECTIONS ONLY),1,64769,Cross intersection,3,40,Local Road,CURTAIN,YARRA,-37.788673,144.97052,2020,3,March,8,Morning Peak,Weekday
T20200005382,2020-03-05,17:41:00,1,Collision with vehicle,4,Thursday,130,REAR END(VEHICLES IN SAME LANE),2,636177,Not at intersection,3,100,Freeway,MONASH,MONASH,-37.88928,145.11485,2020,3,March,17,Afternoon Peak,Weekday
T20200005810,2020-03-05,09:00:00,1,Collision with vehicle,4,Thursday,134,LANE CHANGE RIGHT (NOT OVERTAKING),1,332505,Not at intersection,3,60,Arterial Other,CITY,MELBOURNE,-37.82751,144.95825,2020,3,March,9,Morning Peak,Weekday
T20200005355,2020-03-05,09:00:00,1,Collision with vehicle,4,Thursday,153,CUTTING IN (OVERTAKING),1,662190,Not at intersection,2,80,Local Road,CRAIGIEBURN,HUME,-37.58818,144.86578,2020,3,March,9,Morning Peak,Weekday
T20200005353,2020-03-05,13:00:00,1,Collision with vehicle,4,Thursday,121,RIGHT THROUGH,1,55253,T intersection,3,60,Arterial Highway,BASS,BASS COAST,-38.607513,145.60712,2020,3,March,13,Midday,Weekday
T20200005821,2020-03-05,16:30:00,1,Collision with vehicle,4,Thursday,130,REAR END(VEHICLES IN SAME LANE),1,139114,Cross intersection,3,80,Arterial Highway,PRINCES,DANDENONG,-37.975147,145.20364,2020,3,March,16,Afternoon Peak,Weekday
T20200005344,2020-03-05,13:25:00,2,Struck Pedestrian,4,Thursday,108,PED STRUCK WALKING TO/FROM OR BOARDING/ALIGHTING VEHICLE.,1,652377,Not at intersection,3,50,Local Road,STATION,KNOX,-37.883595,145.29549,2020,3,March,13,Midday,Weekday
T20200008921,2020-03-06,17:42:00,1,Collision with vehicle,5,Friday,110,CROSS TRAFFIC(INTERSECTIONS ONLY),1,37541,Cross intersection,3,50,Local Road,HAMBLETON,PORT PHILLIP,-37.847115,144.96008,2020,3,March,17,Afternoon Peak,Weekday
T20200010169,2020-03-06,17:30:00,1,Collision with vehicle,5,Friday,121,RIGHT THROUGH,1,653841,T intersection,3,50,Local Road,AYLMER,CASEY,-38.061928,145.24681,2020,3,March,17,Afternoon Peak,Weekday
T20200005736,2020-03-06,20:15:00,6,Vehicle overturned (no collision),5,Friday,184,OUT OF CONTROL ON CARRIAGEWAY (ON BEND),6,662987,Not at intersection,3,50,Local Road,MUSCA,BOROONDARA,-37.78503,145.06862,2020,3,March,20,Night,Weekday
T20200005414,2020-03-06,03:00:00,4,Collision with a fixed object,5,Friday,173,RIGHT OFF CARRIAGEWAY INTO OBJECT/PARKED VEHICLE,3,645658,T intersection,2,60,Local Road,AUGUSTA,BENDIGO,-36.773857,144.3517,2020,3,March,3,Late Night,Weekday
T20200005418,2020-03-06,05:50:00,1,Collision with vehicle,5,Friday,120,HEAD ON (NOT OVERTAKING),5,773479,Not at intersection,2,60,Arterial Other,SOMERTON,HUME,-37.634274,144.87708,2020,3,March,5,Morning Peak,Weekday
T20200005423,2020-03-06,07:40:00,1,Collision with vehicle,5,Friday,143,ENTERING PARKING,1,729179,Not at intersection,2,60,Arterial Other,MARINE,PORT PHILLIP,-37.87336,144.97661,2020,3,March,7,Morning Peak,Weekday
T20200005697,2020-03-06,10:50:00,1,Collision with vehicle,5,Friday,137,LEFT TURN SIDESWIPE,1,29405,Cross intersection,3,40,Local Road,LANGRIDGE,YARRA,-37.806595,144.98607,2020,3,March,10,Midday,Weekday
T20200005430,2020-03-06,07:01:00,8,No collision and no object struck,5,Friday,172,OFF CARRIAGEWAY TO RIGHT,1,657445,Not at intersection,2,60,Arterial Other,ANDERSON,MANNINGHAM,-37.75638,145.13042,2020,3,March,7,Morning Peak,Weekday
T20200005434,2020-03-06,06:40:00,1,Collision with vehicle,5,Friday,160,VEHICLE COLLIDES WITH VEHICLE PARKED ON LEFT OF ROAD,3,647778,Not at intersection,3,80,Arterial Other,PRINCES,CARDINIA,-38.065727,145.46643,2020,3,March,6,Morning Peak,Weekday
T20200006643,2020-03-06,16:00:00,1,Collision with vehicle,5,Friday,135,LANE CHANGE LEFT (NOT OVERTAKING),1,639099,Not at intersection,2,100,Freeway,WESTERN RING,BRIMBANK,-37.76435,144.81854,2020,3,March,16,Afternoon Peak,Weekday
T20200005436,2020-03-06,10:30:00,1,Collision with vehicle,5,Friday,130,REAR END(VEHICLES IN SAME LANE),1,773480,Not at intersection,3,60,Local Road,ROXBURGH PARK,HUME,-37.626766,144.92235,2020,3,March,10,Midday,Weekday
T20200005441,2020-03-06,08:00:00,1,Collision with vehicle,5,Friday,148,VEHICLE OFF FOOTPATH STRIKES VEH ON CARRIAGEWAY,1,636181,Not at intersection,3,50,Local Road,BELLERINE,GEELONG,-38.147755,144.36618,2020,3,March,8,Morning Peak,Weekday
T20200005450,2020-03-06,11:05:00,1,Collision with vehicle,5,Friday,121,RIGHT THROUGH,1,15421,Cross intersection,2,60,Local Road,HIGH,GEELONG,-38.171158,144.34688,2020,3,March,11,Midday,Weekday
T20200005452,2020-03-06,06:45:00,1,Collision with vehicle,5,Friday,111,RIGHT FAR (INTERSECTIONS ONLY),3,61458,Cross intersection,2,50,Local Road,DAVID,WHITTLESEA,-37.672134,145.01993,2020,3,March,6,Morning Peak,Weekday
T20200005458,2020-03-06,13:07:00,1,Collision with vehicle,5,Friday,121,RIGHT THROUGH,1,280757,Cross intersection,3,60,Arterial Other,GOURLAY,MELTON,-37.692066,144.7442,2020,3,March,13,Midday,Weekday
T20200005459,2020-03-06,07:50:00,1,Collision with vehicle,5,Friday,121,RIGHT THROUGH,1,45524,Cross intersection,2,70,Arterial Other,DERRIMUT ROAD -HOPKINS,MELTON,-37.80502,144.69594,2020,3,March,7,Morning Peak,Weekday
T20200005462,2020-03-06,13:28:00,1,Collision with vehicle,5,Friday,142,LEAVING PARKING,1,643496,Not at intersection,3,50,Arterial Highway,MYRTLE,ALPINE,-36.561806,146.72556,2020,3,March,13,Midday,Weekday
T20200005474,2020-03-06,13:45:00,1,Collision with vehicle,5,Friday,139,OTHER SAME DIRECTION-MANOUEVRES NOT INCLUDED IN DCAs 130-137,1,636185,Cross intersection,3,60,Arterial Highway,BELL,DAREBIN,-37.745075,145.00275,2020,3,March,13,Midday,Weekday
T20200005477,2020-03-06,10:30:00,1,Collision with vehicle,5,Friday,130,REAR END(VEHICLES IN SAME LANE),1,639387,Not at intersection,3,80,Freeway,WEST GATE,MELBOURNE,-37.82678,144.92876,2020,3,March,10,Midday,Weekday
T20200005479,2020-03-06,15:35:00,1,Collision with vehicle,5,Friday,130,REAR END(VEHICLES IN SAME LANE),1,636186,Not at intersection,3,80,Arterial Highway,GREENSBOROUGH,BANYULE,-37.702854,145.08998,2020,3,March,15,Afternoon Peak,Weekday
T20200005484,2020-03-06,16:19:00,1,Collision with vehicle,5,Friday,121,RIGHT THROUGH,1,342611,T intersection,2,80,Arterial Highway,COONOC,LATROBE,-38.207317,146.5025,2020,3,March,16,Afternoon Peak,Weekday
T20200005485,2020-03-06,15:30:00,1,Collision with vehicle,5,Friday,130,REAR END(VEHICLES IN SAME LANE),1,636871,T intersection,3,80,Arterial Highway,PRINCES,LATROBE,-38.218086,146.47559,2020,3,March,15,Afternoon Peak,Weekday
T20200005495,2020-03-06,16:06:00,1,Collision with vehicle,5,Friday,143,ENTERING PARKING,1,650877,Not at intersection,2,50,Arterial Highway,VICTORIA,HINDMARSH,-36.333645,141.6498,2020,3,March,16,Afternoon Peak,Weekday
T20200005499,2020-03-06,18:25:00,1,Collision with vehicle,5,Friday,130,REAR END(VEHICLES IN SAME LANE),2,645057,T intersection,3,60,Arterial Other,OLD GEELONG,HOBSONS BAY,-37.846294,144.77942,2020,3,March,18,Afternoon Peak,Weekday
T20200005503,2020-03-06,18:14:00,1,Collision with vehicle,5,Friday,121,RIGHT THROUGH,1,37337,T intersection,3,60,Arterial Other,WELLS,KINGSTON,-38.03365,145.13426,2020,3,March,18,Afternoon Peak,Weekday
T20200005504,2020-03-06,18:20:00,4,Collision with a fixed object,5,Friday,173,RIGHT OFF CARRIAGEWAY INTO OBJECT/PARKED VEHICLE,1,662387,Not at intersection,2,80,Arterial Highway,PRINCES,DANDENONG,-37.941124,145.16539,2020,3,March,18,Afternoon Peak,Weekday
T20200012300,2020-03-06,17:00:00,6,Vehicle overturned (no collision),5,Friday,179,OTHER ACCIDENTS-OFF STRAIGHT NOT INCLUDED IN DCAs 170-175,1,37694,T intersection,3,50,Local Road,CHAPEL,STONNINGTON,-37.845676,144.99437,2020,3,March,17,Afternoon Peak,Weekday
T20200005505,2020-03-06,16:22:00,1,Collision with vehicle,5,Friday,160,VEHICLE COLLIDES WITH VEHICLE PARKED ON LEFT OF ROAD,1,636538,Not at intersection,2,50,Local Road,RANDALL,KINGSTON,-38.0391,145.12047,2020,3,March,16,Afternoon Peak,Weekday
T20200005510,2020-03-06,18:16:00,1,Collision with vehicle,5,Friday,136,RIGHT TURN SIDESWIPE,1,38198,Multiple intersection,3,60,Arterial Other,SETTLEMENT,WHITTLESEA,-37.68953,145.02737,2020,3,March,18,Afternoon Peak,Weekday
T20200005512,2020-03-06,14:45:00,1,Collision with vehicle,5,Friday,115,RIGHT/LEFT FAR (INTERSECTIONS ONLY),1,45429,T intersection,3,60,Arterial Other,MT ALEXANDER,MOONEE VALLEY,-37.77188,144.92659,2020,3,March,14,Midday,Weekday
T20200005515,2020-03-06,20:53:00,2,Struck Pedestrian,5,Friday,102,FAR SIDE. PED HIT BY VEHICLE FROM THE LEFT,3,267589,Cross intersection,2,80,Arterial Highway,BURWOOD,WHITEHORSE,-37.8588,145.1979,2020,3,March,20,Night,Weekday
T20200005516,2020-03-06,17:05:00,4,Collision with a fixed object,5,Friday,183,OFF LEFT BEND INTO OBJECT/PARKED VEHICLE,1,662388,Not at intersection,3,50,Local Road,AURA-SELBY,YARRA RANGES,-37.921276,145.39874,2020,3,March,17,Afternoon Peak,Weekday
T20200005517,2020-03-06,19:30:00,2,Struck Pedestrian,5,Friday,100,PED NEAR SIDE. PED HIT BY VEHICLE FROM THE RIGHT.,3,638118,Not at intersection,3,50,Local Road,DOWD,MORELAND,-37.70483,144.91699,2020,3,March,19,Night,Weekday
T20200005753,2020-03-06,10:15:00,6,Vehicle overturned (no collision),5,Friday,184,OUT OF CONTROL ON CARRIAGEWAY (ON BEND),1,636547,Not at intersection,3,30,Local Road,COCHRANES,LATROBE,-38.296104,146.52689,2020,3,March,10,Midday,Weekday
T20200005522,2020-03-06,19:37:00,1,Collision with vehicle,5,Friday,133,LANE SIDE SWIPE (VEHICLES IN PARALLEL LANES),2,651274,Not at intersection,2,60,Arterial Highway,CHELTENHAM,DANDENONG,-37.98993,145.20526,2020,3,March,19,Night,Weekday
T20200005523,2020-03-06,16:00:00,1,Collision with vehicle,5,Friday,148,VEHICLE OFF FOOTPATH STRIKES VEH ON CARRIAGEWAY,1,40685,T intersection,3,50,Arterial Other,HOFFMANS,MOONEE VALLEY,-37.738907,144.89209,2020,3,March,16,Afternoon Peak,Weekday
T20200005525,2020-03-06,22:00:00,1,Collision with vehicle,5,Friday,120,HEAD ON (NOT OVERTAKING),3,656695,Not at intersection,2,40,Arterial Other,KEILOR,MOONEE VALLEY,-37.738403,144.89514,2020,3,March,22,Night,Weekday
T20200005531,2020-03-06,23:09:00,4,Collision with a fixed object,5,Friday,181,OFF RIGHT BEND INTO OBJECT/PARKED VEHICLE,5,662389,Not at intersection,2,60,Local Road,COSTINS,BAW BAW,-37.925022,146.16966,2020,3,March,23,Night,Weekday
T20200005556,2020-03-06,17:00:00,1,Collision with vehicle,5,Friday,130,REAR END(VEHICLES IN SAME LANE),1,49647,T intersection,2,80,Arterial Highway,PLANTATION,GEELONG,-38.068737,144.37653,2020,3,March,17,Afternoon Peak,Weekday
T20200005578,2020-03-06,18:45:00,6,Vehicle overturned (no collision),5,Friday,170,OFF CARRIAGEWAY TO LEFT,2,636192,Not at intersection,3,100,Arterial Other,MYRTLEFORD-YACKANDANDAH,INDIGO,-36.374607,146.87334,2020,3,March,18,Afternoon Peak,Weekday
T20200005633,2020-03-06,15:20:00,1,Collision with vehicle,5,Friday,148,VEHICLE OFF FOOTPATH STRIKES VEH ON CARRIAGEWAY,1,643497,Not at intersection,3,40,Local Road,SEABROOK,HOBSONS BAY,-37.882595,144.75696,2020,3,March,15,Afternoon Peak,Weekday
T20200005851,2020-03-06,10:00:00,2,Struck Pedestrian,5,Friday,101,PED EMERGES FROM IN FRONT OF PARKED OR STATIONARY VEHICLE,1,662390,Not at intersection,3,60,Arterial Other,CANTERBURY,WHITEHORSE,-37.828857,145.12286,2020,3,March,10,Midday,Weekday
T20200005895,2020-03-06,19:40:00,1,Collision with vehicle,5,Friday,130,REAR END(VEHICLES IN SAME LANE),2,638121,Cross intersection,3,60,Local Road,NEALE,BRIMBANK,-37.75258,144.77763,2020,3,March,19,Night,Weekday
T20200005954,2020-03-06,17:05:00,1,Collision with vehicle,5,Friday,130,REAR END(VEHICLES IN SAME LANE),1,640645,Not at intersection,2,100,Freeway,PRINCES,WYNDHAM,-37.908382,144.69194,2020,3,March,17,Afternoon Peak,Weekday
T20200006016,2020-03-06,21:00:00,4,Collision with a fixed object,5,Friday,183,OFF LEFT BEND INTO OBJECT/PARKED VEHICLE,5,662330,Not at intersection,2,60,Local Road,MEDHURST,YARRA RANGES,-37.717873,145.46063,2020,3,March,21,Night,Weekday
T20200005820,2020-03-06,15:30:00,6,Vehicle overturned (no collision),5,Friday,180,OFF CARRIAGEWAY ON RIGHT BEND,1,662325,Not at intersection,3,100,Arterial Other,OMEO,EAST GIPPSLAND,-36.986637,147.49403,2020,3,March,15,Afternoon Peak,Weekday
T20200006079,2020-03-06,16:55:00,4,Collision with a fixed object,5,Friday,183,OFF LEFT BEND INTO OBJECT/PARKED VEHICLE,1,648530,Not at intersection,2,100,Arterial Highway,PRINCES,MOYNE,-38.374462,142.62857,2020,3,March,16,Afternoon Peak,Weekday
T20200006214,2020-03-06,20:30:00,1,Collision with vehicle,5,Friday,130,REAR END(VEHICLES IN SAME LANE),9,637489,Not at intersection,3,80,Arterial Highway,PRINCES,CASEY,-38.025185,145.3052,2020,3,March,20,Night,Weekday
T20200005611,2020-03-07,12:30:00,5,collision with some other object,6,Saturday,173,RIGHT OFF CARRIAGEWAY INTO OBJECT/PARKED VEHICLE,1,649980,Not at intersection,2,100,Local Road,CONN GAP,MURRINDINDI,-37.386585,145.94673,2020,3,March,12,Midday,Weekend
T20200005548,2020-03-07,09:57:00,1,Collision with vehicle,6,Saturday,145,REVERSING IN STREAM OF TRAFFIC,1,781084,T intersection,3,50,Local Road,LAURAVILLE,WYNDHAM,-37.910442,144.67128,2020,3,March,9,Morning Peak,Weekend
T20200005567,2020-03-07,11:00:00,1,Collision with vehicle,6,Saturday,110,CROSS TRAFFIC(INTERSECTIONS ONLY),1,53608,Cross intersection,3,60,Arterial Highway,MAIN,EAST GIPPSLAND,-37.828243,147.62187,2020,3,March,11,Midday,Weekend
T20200005563,2020-03-07,07:30:00,1,Collision with vehicle,6,Saturday,132,RIGHT REAR.,1,651917,Not at intersection,2,100,Arterial Highway,MIDLAND,GOLDEN PLAINS,-38.052467,144.20442,2020,3,March,7,Morning Peak,Weekend
T20200005562,2020-03-07,09:00:00,1,Collision with vehicle,6,Saturday,132,RIGHT REAR.,1,652799,Not at intersection,2,80,Arterial Other,MICKLEHAM,HUME,-37.547752,144.87946,2020,3,March,9,Morning Peak,Weekend
T20200005535,2020-03-07,01:58:00,1,Collision with vehicle,6,Saturday,160,VEHICLE COLLIDES WITH VEHICLE PARKED ON LEFT OF ROAD,3,639087,Not at intersection,3,50,Local Road,LEVESON,MELBOURNE,-37.8031,144.95113,2020,3,March,1,Late Night,Weekend
T20200005584,2020-03-07,15:30:00,1,Collision with vehicle,6,Saturday,140,U TURN,1,653886,Not at intersection,3,50,Local Road,BROOKLYN,MELTON,-37.699947,144.54977,2020,3,March,15,Afternoon Peak,Weekend
T20200005664,2020-03-07,19:35:00,4,Collision with a fixed object,6,Saturday,171,LEFT OFF CARRIAGEWAY INTO OBJECT/PARKED VEHICLE,3,636873,Not at intersection,2,60,Arterial Other,WELLINGTON,MELBOURNE,-37.815582,144.97798,2020,3,March,19,Night,Weekend
T20200005920,2020-03-07,14:00:00,1,Collision with vehicle,6,Saturday,130,REAR END(VEHICLES IN SAME LANE),1,225891,Cross intersection,3,70,Local Road,BETHANY,WYNDHAM,-37.852608,144.66843,2020,3,March,14,Midday,Weekend
T20200005618,2020-03-07,17:45:00,1,Collision with vehicle,6,Saturday,110,CROSS TRAFFIC(INTERSECTIONS ONLY),1,74150,Cross intersection,3,60,Local Road,ASQUITH,BASS COAST,-38.606697,145.58482,2020,3,March,17,Afternoon Peak,Weekend
T20200005714,2020-03-07,16:00:00,7,Fall from or in moving vehicle,6,Saturday,184,OUT OF CONTROL ON CARRIAGEWAY (ON BEND),1,728951,Not at intersection,3,100,Local Road,EILDON-JAMIESON,MURRINDINDI,-37.313618,145.92719,2020,3,March,16,Afternoon Peak,Weekend
T20200005573,2020-03-07,16:37:00,1,Collision with vehicle,6,Saturday,110,CROSS TRAFFIC(INTERSECTIONS ONLY),1,325363,Cross intersection,2,50,Local Road,STANLEY,DANDENONG,-38.00114,145.1677,2020,3,March,16,Afternoon Peak,Weekend
T20200005571,2020-03-07,11:40:00,4,Collision with a fixed object,6,Saturday,183,OFF LEFT BEND INTO OBJECT/PARKED VEHICLE,1,28757,T intersection,2,100,Arterial Other,HAPPY VALLEY,ALPINE,-36.557617,146.96906,2020,3,March,11,Midday,Weekend
T20200005551,2020-03-07,10:55:00,1,Collision with vehicle,6,Saturday,140,U TURN,1,636190,T intersection,2,60,Arterial Other,WEST FYANS,GEELONG,-38.15984,144.34695,2020,3,March,10,Midday,Weekend
T20200005687,2020-03-07,02:55:00,6,Vehicle overturned (no collision),6,Saturday,172,OFF CARRIAGEWAY TO RIGHT,6,647150,Not at intersection,2,80,Arterial Other,HEATHERTON,CASEY,-37.974365,145.25243,2020,3,March,2,Late Night,Weekend
T20200005540,2020-03-07,00:46:00,1,Collision with vehicle,6,Saturday,110,CROSS TRAFFIC(INTERSECTIONS ONLY),3,231578,Cross intersection,2,80,Arterial Other,PRINCES,CARDINIA,-38.07092,145.4752,2020,3,March,0,Late Night,Weekend
T20200006175,2020-03-07,21:41:00,1,Collision with vehicle,6,Saturday,130,REAR END(VEHICLES IN SAME LANE),6,649683,Not at intersection,3,40,Local Road,FOSTER,DANDENONG,-37.989887,145.21202,2020,3,March,21,Night,Weekend
T20200006168,2020-03-07,23:50:00,4,Collision with a fixed object,6,Saturday,181,OFF RIGHT BEND INTO OBJECT/PARKED VEHICLE,5,637186,Not at intersection,2,80,Local Road,VICKERYS,SURF COAST,-38.338356,144.21956,2020,3,March,23,Night,Weekend
T20200005559,2020-03-07,12:15:00,2,Struck Pedestrian,6,Saturday,100,PED NEAR SIDE. PED HIT BY VEHICLE FROM THE RIGHT.,1,55246,Cross intersection,2,50,Local Road,CAMPBELL,SWAN HILL,-35.342815,143.56067,2020,3,March,12,Midday,Weekend
T20200007344,2020-03-07,09:00:00,6,Vehicle overturned (no collision),6,Saturday,170,OFF CARRIAGEWAY TO LEFT,1,652816,Not at intersection,3,80,Local Road,BOWCHER,BENALLA,-36.411278,146.09369,2020,3,March,9,Morning Peak,Weekend
T20200006071,2020-03-07,06:47:00,1,Collision with vehicle,6,Saturday,134,LANE CHANGE RIGHT (NOT OVERTAKING),2,5344,Not at intersection,3,80,Arterial Other,PRINCES,CARDINIA,-38.056393,145.38913,2020,3,March,6,Morning Peak,Weekend
T20200005971,2020-03-07,17:00:00,1,Collision with vehicle,6,Saturday,110,CROSS TRAFFIC(INTERSECTIONS ONLY),9,44607,Cross intersection,3,60,Local Road,BAMFIELD,BANYULE,-37.73038,145.05742,2020,3,March,17,Afternoon Peak,Weekend
T20200006026,2020-03-07,20:56:00,1,Collision with vehicle,6,Saturday,130,REAR END(VEHICLES IN SAME LANE),3,641297,Not at intersection,3,40,Local Road,BRUNSWICK,YARRA,-37.793873,144.97922,2020,3,March,20,Night,Weekend
T20200005536,2020-03-07,03:10:00,4,Collision with a fixed object,6,Saturday,171,LEFT OFF CARRIAGEWAY INTO OBJECT/PARKED VEHICLE,5,729181,T intersection,3,50,Local Road,FORSTER,GEELONG,-38.095432,144.35718,2020,3,March,3,Late Night,Weekend
T20200009004,2020-03-07,09:00:00,4,Collision with a fixed object,6,Saturday,181,OFF RIGHT BEND INTO OBJECT/PARKED VEHICLE,1,653554,Not at intersection,3,80,Arterial Other,GRANYA,TOWONG,-36.12496,147.33632,2020,3,March,9,Morning Peak,Weekend
T20200006667,2020-03-07,12:50:00,6,Vehicle overturned (no collision),6,Saturday,184,OUT OF CONTROL ON CARRIAGEWAY (ON BEND),1,229492,T intersection,3,50,Freeway,AMAROO,HUME,-37.58353,144.94522,2020,3,March,12,Midday,Weekend
T20200005544,2020-03-07,08:45:00,1,Collision with vehicle,6,Saturday,124,RIGHT/RIGHT BOTH VEHs FROM OPPOSITE DIRECTIONS TURNING RIGHT,1,29420,Multiple intersection,3,40,Local Road,FLINDERS,MELBOURNE,-37.819614,144.96002,2020,3,March,8,Morning Peak,Weekend
T20200005546,2020-03-07,09:55:00,1,Collision with vehicle,6,Saturday,133,LANE SIDE SWIPE (VEHICLES IN PARALLEL LANES),1,636188,Not at intersection,3,60,Arterial Other,PLENTY,WHITTLESEA,-37.63728,145.09564,2020,3,March,9,Morning Peak,Weekend
T20200005602,2020-03-07,21:00:00,1,Collision with vehicle,6,Saturday,116,LEFT NEAR (INTERSECTIONS ONLY),3,112370,Multiple intersection,3,60,Arterial Other,MT ALEXANDER,MOONEE VALLEY,-37.744354,144.90994,2020,3,March,21,Night,Weekend
T20200007508,2020-03-07,07:00:00,4,Collision with a fixed object,6,Saturday,171,LEFT OFF CARRIAGEWAY INTO OBJECT/PARKED VEHICLE,1,780548,Not at intersection,3,100,Arterial Other,EUROA-MANSFIELD,STRATHBOGIE,-36.79796,145.56975,2020,3,March,7,Morning Peak,Weekend
T20200005601,2020-03-07,21:40:00,4,Collision with a fixed object,6,Saturday,181,OFF RIGHT BEND INTO OBJECT/PARKED VEHICLE,5,662892,Not at intersection,1,100,Arterial Other,TRARALGON CREEK,LATROBE,-38.25792,146.54825,2020,3,March,21,Night,Weekend
T20200005599,2020-03-07,21:00:00,2,Struck Pedestrian,6,Saturday,109,ANY MANOEUVRE INVOLVING PED NOT INCLUDED IN DCAs 100-108.,3,636194,Not at intersection,3,50,Local Road,PALMERSTON,MORNINGTON PENINSULA,-38.33971,144.96643,2020,3,March,21,Night,Weekend
T20200005643,2020-03-07,16:20:00,1,Collision with vehicle,6,Saturday,121,RIGHT THROUGH,9,37446,T intersection,2,60,Local Road,CONRAN,CASEY,-37.986145,145.27568,2020,3,March,16,Afternoon Peak,Weekend
T20200005543,2020-03-07,08:56:00,2,Struck Pedestrian,6,Saturday,103,PED PLAYING/LYING/WORKING/STANDING ON CARRIAGEWAY.,1,66513,T intersection,2,60,Arterial Other,STATION,WHITEHORSE,-37.82973,145.12164,2020,3,March,8,Morning Peak,Weekend