ACCIDENT_NO,ACCIDENT_DATE,ACCIDENT_TIME,ACCIDENT_TYPE,ACCIDENT_TYPE_DESC,DAY_OF_WEEK,DAY_WEEK_DESC,DCA_CODE,DCA_DESC,LIGHT_CONDITION,NODE_ID,ROAD_GEOMETRY_DESC,SEVERITY,SPEED_ZONE,RMA,ROAD_NAME,LGA_NAME,LATITUDE,LONGITUDE,YEAR,MONTH,MONTH_NAME,HOUR,TIME_PERIOD,DAY_TYPE
T20200005596,2020-03-07,20:52:00,1,Collision with vehicle,6,Saturday,121,RIGHT THROUGH,3,223351,Cross intersection,2,80,Arterial Highway,FRANKSTON-DANDENONG,FRANKSTON,-38.10538,145.16788,2020,3,March,20,Night,Weekend
T20200005588,2020-03-07,16:45:00,4,Collision with a fixed object,6,Saturday,181,OFF RIGHT BEND INTO OBJECT/PARKED VEHICLE,1,656723,Not at intersection,2,100,Local Road,KYNETON SPRINGHILL,MACEDON RANGES,-37.28801,144.36967,2020,3,March,16,Afternoon Peak,Weekend
T20200005550,2020-03-07,09:30:00,1,Collision with vehicle,6,Saturday,130,REAR END(VEHICLES IN SAME LANE),1,636872,Not at intersection,3,80,Arterial Highway,MAROONDAH HIGHWAY SERVICE,MAROONDAH,-37.7974,145.25493,2020,3,March,9,Morning Peak,Weekend
T20200005586,2020-03-07,17:15:00,4,Collision with a fixed object,6,Saturday,175,OFF END OF ROAD/T-INTERSECTION.,1,653797,T intersection,3,60,Arterial Other,DERRIMUT,WYNDHAM,-37.89399,144.68051,2020,3,March,17,Afternoon Peak,Weekend
T20200006101,2020-03-07,16:18:00,1,Collision with vehicle,6,Saturday,113,RIGHT NEAR (INTERSECTIONS ONLY),1,22740,T intersection,2,100,Local Road,NAVIGATORS,MOORABOOL,-37.609478,143.93694,2020,3,March,16,Afternoon Peak,Weekend
T20200005815,2020-03-07,09:30:00,6,Vehicle overturned (no collision),6,Saturday,184,OUT OF CONTROL ON CARRIAGEWAY (ON BEND),1,65291,Y intersection,3,60,Local Road,CAMBRIDGE,YARRA RANGES,-37.800247,145.32883,2020,3,March,9,Morning Peak,Weekend
T20200005659,2020-03-08,17:28:00,4,Collision with a fixed object,7,Sunday,181,OFF RIGHT BEND INTO OBJECT/PARKED VEHICLE,1,675894,Not at intersection,2,100,Local Road,FARMERS,SOUTH GIPPSLAND,-38.510033,146.13724,2020,3,March,17,Afternoon Peak,Weekend
T20200005629,2020-03-08,09:20:00,1,Collision with vehicle,7,Sunday,130,REAR END(VEHICLES IN SAME LANE),1,57095,Y intersection,3,60,Arterial Highway,SMITHFIELD,MELBOURNE,-37.794098,144.9151,2020,3,March,9,Morning Peak,Weekend
T20200005630,2020-03-08,11:00:00,1,Collision with vehicle,7,Sunday,149,OTHER MANOEUVRING NOT INCLUDED IN DCAs 140-148,1,1061,Not at intersection,3,50,Arterial Highway,POINT NEPEAN,MORNINGTON PENINSULA,-38.356586,144.90076,2020,3,March,11,Midday,Weekend
T20200005620,2020-03-08,07:32:00,1,Collision with vehicle,7,Sunday,135,LANE CHANGE LEFT (NOT OVERTAKING),1,651626,Not at intersection,2,100,Freeway,MONASH,CASEY,-37.997253,145.27174,2020,3,March,7,Morning Peak,Weekend
T20200005656,2020-03-08,17:00:00,1,Collision with vehicle,7,Sunday,121,RIGHT THROUGH,1,583995,Cross intersection,2,80,Arterial Highway,DANDENONG,MONASH,-37.924656,145.14331,2020,3,March,17,Afternoon Peak,Weekend
T20200005676,2020-03-08,21:30:00,2,Struck Pedestrian,7,Sunday,103,PED PLAYING/LYING/WORKING/STANDING ON CARRIAGEWAY.,5,642373,Not at intersection,2,60,Local Road,MORRIS,YARRA RANGES,-37.915062,145.32628,2020,3,March,21,Night,Weekend
T20200005617,2020-03-08,10:09:00,1,Collision with vehicle,7,Sunday,113,RIGHT NEAR (INTERSECTIONS ONLY),1,638768,Cross intersection,3,80,Local Road,HALL,FRANKSTON,-38.106842,145.23233,2020,3,March,10,Midday,Weekend
T20200005668,2020-03-08,17:00:00,1,Collision with vehicle,7,Sunday,147,VEHICLE STRIKES ANOTHER VEH WHILE EMERGING FROM DRIVEWAY,1,636200,Not at intersection,2,60,Local Road,BURKE,MARIBYRNONG,-37.778545,144.8496,2020,3,March,17,Afternoon Peak,Weekend
T20200010554,2020-03-08,16:40:00,6,Vehicle overturned (no collision),7,Sunday,174,OUT OF CONTROL ON CARRIAGEWAY (ON STRAIGHT),1,654176,Multiple intersection,2,80,Arterial Highway,PRINCES,DANDENONG,-37.9329,145.15627,2020,3,March,16,Afternoon Peak,Weekend
T20200005685,2020-03-08,15:30:00,1,Collision with vehicle,7,Sunday,116,LEFT NEAR (INTERSECTIONS ONLY),1,52826,T intersection,3,50,Local Road,CUTHBERTS,BALLARAT,-37.555283,143.81314,2020,3,March,15,Afternoon Peak,Weekend
T20200005636,2020-03-08,11:10:00,5,collision with some other object,7,Sunday,183,OFF LEFT BEND INTO OBJECT/PARKED VEHICLE,1,728950,Not at intersection,2,100,Local Road,NEERIM NORTH-NOOJEE,BAW BAW,-37.909985,145.98196,2020,3,March,11,Midday,Weekend
T20200006954,2020-03-08,17:00:00,7,Fall from or in moving vehicle,7,Sunday,190,FELL IN/FROM VEHICLE,2,640663,Not at intersection,3,50,Local Road,SMITH,SURF COAST,-38.53826,143.97258,2020,3,March,17,Afternoon Peak,Weekend
T20200006962,2020-03-08,21:15:00,1,Collision with vehicle,7,Sunday,116,LEFT NEAR (INTERSECTIONS ONLY),9,640664,T intersection,3,50,Local Road,COBDEN,MELBOURNE,-37.803986,144.95744,2020,3,March,21,Night,Weekend
T20200005608,2020-03-08,04:10:00,4,Collision with a fixed object,7,Sunday,173,RIGHT OFF CARRIAGEWAY INTO OBJECT/PARKED VEHICLE,5,642684,Not at intersection,2,100,Arterial Highway,SOUTH GIPPSLAND,CARDINIA,-38.21071,145.43779,2020,3,March,4,Late Night,Weekend
T20200005604,2020-03-08,03:00:00,4,Collision with a fixed object,7,Sunday,173,RIGHT OFF CARRIAGEWAY INTO OBJECT/PARKED VEHICLE,5,636540,Not at intersection,3,60,Local Road,MADDEN,WYNDHAM,-37.82299,144.67447,2020,3,March,3,Late Night,Weekend
T20200005665,2020-03-08,15:30:00,5,collision with some other object,7,Sunday,173,RIGHT OFF CARRIAGEWAY INTO OBJECT/PARKED VEHICLE,1,662478,Not at intersection,3,100,Arterial Highway,DANDENONG-HASTINGS,FRANKSTON,-38.1067,145.23352,2020,3,March,15,Afternoon Peak,Weekend
T20200005658,2020-03-08,15:05:00,1,Collision with vehicle,7,Sunday,130,REAR END(VEHICLES IN SAME LANE),1,288174,Not at intersection,3,40,Arterial Other,VICTORIA,YARRA,-37.811,145.00497,2020,3,March,15,Afternoon Peak,Weekend
T20200005646,2020-03-08,14:15:00,1,Collision with vehicle,7,Sunday,137,LEFT TURN SIDESWIPE,1,636541,Multiple intersection,2,80,Freeway,EASTLINK OUT-THOMPSON,DANDENONG,-38.070477,145.18272,2020,3,March,14,Midday,Weekend
T20200009718,2020-03-08,16:30:00,1,Collision with vehicle,7,Sunday,110,CROSS TRAFFIC(INTERSECTIONS ONLY),9,35597,Cross intersection,3,80,Arterial Other,BELGRAVE-HALLAM,YARRA RANGES,-37.954052,145.34772,2020,3,March,16,Afternoon Peak,Weekend
T20200005666,2020-03-08,18:10:00,1,Collision with vehicle,7,Sunday,110,CROSS TRAFFIC(INTERSECTIONS ONLY),1,60058,Cross intersection,2,50,Local Road,BROUGHAM,CENTRAL GOLDFIELDS,-37.05222,143.73314,2020,3,March,18,Afternoon Peak,Weekend
T20200005710,2020-03-08,22:30:00,1,Collision with vehicle,7,Sunday,130,REAR END(VEHICLES IN SAME LANE),9,637794,Not at intersection,3,100,Arterial Highway,STRZELECKI,SOUTH GIPPSLAND,-38.43741,146.03554,2020,3,March,22,Night,Weekend
T20200006826,2020-03-08,20:10:00,1,Collision with vehicle,7,Sunday,121,RIGHT THROUGH,1,44004,Cross intersection,3,60,Arterial Other,FRANKSTON-FLINDERS,MORNINGTON PENINSULA,-38.261288,145.18974,2020,3,March,20,Night,Weekend
T20200005672,2020-03-08,16:50:00,1,Collision with vehicle,7,Sunday,140,U TURN,1,729182,Not at intersection,3,50,Local Road,VANTAGE,HUME,-37.593304,144.89432,2020,3,March,16,Afternoon Peak,Weekend
T20200005700,2020-03-08,12:35:00,1,Collision with vehicle,7,Sunday,132,RIGHT REAR.,1,649981,Not at intersection,3,100,Local Road,BACK EILDON,MURRINDINDI,-37.257915,145.84238,2020,3,March,12,Midday,Weekend
T20200006580,2020-03-08,20:38:00,2,Struck Pedestrian,7,Sunday,102,FAR SIDE. PED HIT BY VEHICLE FROM THE LEFT,3,653795,Not at intersection,3,60,Local Road,DUNNINGS,WYNDHAM,-37.884808,144.73494,2020,3,March,20,Night,Weekend
T20200005651,2020-03-08,16:20:00,1,Collision with vehicle,7,Sunday,183,OFF LEFT BEND INTO OBJECT/PARKED VEHICLE,1,299841,Multiple intersection,2,70,Arterial Highway,STAWELL,HORSHAM,-36.73347,142.20554,2020,3,March,16,Afternoon Peak,Weekend
T20200006585,2020-03-08,21:02:00,1,Collision with vehicle,7,Sunday,121,RIGHT THROUGH,3,140,Cross intersection,3,60,Local Road,BARKLY,MARIBYRNONG,-37.7995,144.89728,2020,3,March,21,Night,Weekend
T20200005653,2020-03-08,11:42:00,1,Collision with vehicle,7,Sunday,121,RIGHT THROUGH,1,636198,Not at intersection,2,80,Local Road,SHANDS,MORNINGTON PENINSULA,-38.401436,144.99387,2020,3,March,11,Midday,Weekend
T20200005673,2020-03-08,21:00:00,1,Collision with vehicle,7,Sunday,121,RIGHT THROUGH,3,912,Cross intersection,2,60,Arterial Other,SEAFORD,FRANKSTON,-38.110058,145.14236,2020,3,March,21,Night,Weekend
T20200005641,2020-03-08,13:19:00,1,Collision with vehicle,7,Sunday,132,RIGHT REAR.,1,256913,T intersection,3,60,Arterial Other,GLEN EIRA,GLEN EIRA,-37.877155,144.99992,2020,3,March,13,Midday,Weekend
T20200005671,2020-03-08,14:44:00,2,Struck Pedestrian,7,Sunday,100,PED NEAR SIDE. PED HIT BY VEHICLE FROM THE RIGHT.,1,653796,Not at intersection,2,60,Arterial Other,RIVERSDALE,BOROONDARA,-37.834873,145.08862,2020,3,March,14,Midday,Weekend
T20200005660,2020-03-08,18:00:00,1,Collision with vehicle,7,Sunday,130,REAR END(VEHICLES IN SAME LANE),1,38236,Cross intersection,3,60,Arterial Highway,BANKSIA,BANYULE,-37.75969,145.06906,2020,3,March,18,Afternoon Peak,Weekend
T20200005661,2020-03-08,17:40:00,1,Collision with vehicle,7,Sunday,110,CROSS TRAFFIC(INTERSECTIONS ONLY),1,19662,Cross intersection,2,100,Arterial Highway,LODDON VALLEY,LODDON,-36.603626,144.12889,2020,3,March,17,Afternoon Peak,Weekend
T20200007333,2020-03-09,20:30:00,1,Collision with vehicle,1,Monday,110,CROSS TRAFFIC(INTERSECTIONS ONLY),3,44865,Cross intersection,3,60,Local Road,ETIWANDA,MILDURA,-34.2064,142.15675,2020,3,March,20,Night,Weekday
T20200005831,2020-03-09,20:30:00,1,Collision with vehicle,1,Monday,110,CROSS TRAFFIC(INTERSECTIONS ONLY),3,49424,Cross intersection,3,40,Local Road,LIEBIG,WARRNAMBOOL,-38.38546,142.48238,2020,3,March,20,Night,Weekday
T20200005678,2020-03-09,01:24:00,4,Collision with a fixed object,1,Monday,171,LEFT OFF CARRIAGEWAY INTO OBJECT/PARKED VEHICLE,3,656869,Cross intersection,3,60,Local Road,OBSIDIAN,WYNDHAM,-37.8425,144.67065,2020,3,March,1,Late Night,Weekday
T20200005684,2020-03-09,00:46:00,6,Vehicle overturned (no collision),1,Monday,170,OFF CARRIAGEWAY TO LEFT,5,654255,Not at intersection,2,70,Arterial Other,PRINCES IN-FOREST,GEELONG,-38.05386,144.39035,2020,3,March,0,Late Night,Weekday
T20200005686,2020-03-09,08:50:00,1,Collision with vehicle,1,Monday,116,LEFT NEAR (INTERSECTIONS ONLY),1,22724,T intersection,3,80,Arterial Other,BALLARAT-CARNGHAM,BALLARAT,-37.566666,143.78282,2020,3,March,8,Morning Peak,Weekday
T20200008912,2020-03-09,14:55:00,1,Collision with vehicle,1,Monday,120,HEAD ON (NOT OVERTAKING),1,729719,Not at intersection,3,50,Local Road,KIDDS,CASEY,-37.98895,145.25082,2020,3,March,14,Midday,Weekday
T20200005721,2020-03-09,16:00:00,1,Collision with vehicle,1,Monday,110,CROSS TRAFFIC(INTERSECTIONS ONLY),1,19382,Cross intersection,2,100,Local Road,DINGEE,CAMPASPE,-36.37038,144.53014,2020,3,March,16,Afternoon Peak,Weekday
T20200005816,2020-03-09,04:30:00,4,Collision with a fixed object,1,Monday,181,OFF RIGHT BEND INTO OBJECT/PARKED VEHICLE,5,647779,Not at intersection,2,100,Arterial Other,BOOLARRA SOUTH-MIRBOO NORTH,SOUTH GIPPSLAND,-38.42462,146.18768,2020,3,March,4,Late Night,Weekday
T20200007628,2020-03-09,08:24:00,1,Collision with vehicle,1,Monday,110,CROSS TRAFFIC(INTERSECTIONS ONLY),1,55301,Cross intersection,3,60,Local Road,CAROLINE SPRINGS,MELTON,-37.74324,144.73558,2020,3,March,8,Morning Peak,Weekday
T20200014752,2020-03-09,14:45:00,1,Collision with vehicle,1,Monday,134,LANE CHANGE RIGHT (NOT OVERTAKING),1,659859,Not at intersection,3,100,Freeway,WESTERN RING,BRIMBANK,-37.735203,144.85298,2020,3,March,14,Midday,Weekday
T20200006112,2020-03-09,19:00:00,1,Collision with vehicle,1,Monday,133,LANE SIDE SWIPE (VEHICLES IN PARALLEL LANES),9,34970,Cross intersection,3,70,Arterial Other,DIAMOND CREEK,NILLUMBIK,-37.6895,145.11346,2020,3,March,19,Night,Weekday
T20200005730,2020-03-09,19:00:00,1,Collision with vehicle,1,Monday,121,RIGHT THROUGH,1,44327,Cross intersection,3,50,Arterial Other,BALLAN ROAD -COTTRELL,WYNDHAM,-37.902905,144.65097,2020,3,March,19,Night,Weekday
T20200005729,2020-03-09,18:09:00,1,Collision with vehicle,1,Monday,110,CROSS TRAFFIC(INTERSECTIONS ONLY),1,41572,Cross intersection,3,50,Local Road,HATTER,MONASH,-37.907013,145.08765,2020,3,March,18,Afternoon Peak,Weekday
T20200005728,2020-03-09,17:32:00,1,Collision with vehicle,1,Monday,110,CROSS TRAFFIC(INTERSECTIONS ONLY),1,27584,Cross intersection,2,50,Local Road,GREENS,WYNDHAM,-37.887676,144.6136,2020,3,March,17,Afternoon Peak,Weekday
T20200005725,2020-03-09,15:14:00,4,Collision with a fixed object,1,Monday,171,LEFT OFF CARRIAGEWAY INTO OBJECT/PARKED VEHICLE,1,636544,Not at intersection,2,50,Local Road,WESTMERE,HUME,-37.664513,144.93587,2020,3,March,15,Afternoon Peak,Weekday
T20200006349,2020-03-09,09:30:00,1,Collision with vehicle,1,Monday,130,REAR END(VEHICLES IN SAME LANE),1,360198,Cross intersection,3,60,Arterial Highway,BELL,BANYULE,-37.752815,145.05031,2020,3,March,9,Morning Peak,Weekday
T20200008576,2020-03-09,17:30:00,4,Collision with a fixed object,1,Monday,171,LEFT OFF CARRIAGEWAY INTO OBJECT/PARKED VEHICLE,1,653608,Not at intersection,3,60,Arterial Highway,NEPEAN,KINGSTON,-38.076378,145.12253,2020,3,March,17,Afternoon Peak,Weekday
T20200006129,2020-03-09,11:00:00,8,No collision and no object struck,1,Monday,180,OFF CARRIAGEWAY ON RIGHT BEND,1,665999,Not at intersection,2,100,Local Road,NEWSTEAD-GUILDFORD,MOUNT ALEXANDER,-37.142376,144.11082,2020,3,March,11,Midday,Weekday
T20200006833,2020-03-09,15:30:00,3,Struck animal,1,Monday,167,STRUCK ANIMAL,1,656696,Not at intersection,3,80,Local Road,REMEASURE,HEPBURN,-37.314617,144.28226,2020,3,March,15,Afternoon Peak,Weekday
T20200005715,2020-03-09,14:55:00,4,Collision with a fixed object,1,Monday,181,OFF RIGHT BEND INTO OBJECT/PARKED VEHICLE,1,642374,Not at intersection,2,80,Local Road,MYERS CREEK,YARRA RANGES,-37.57,145.50896,2020,3,March,14,Midday,Weekday
T20200005739,2020-03-09,18:30:00,1,Collision with vehicle,1,Monday,121,RIGHT THROUGH,1,29549,Cross intersection,3,60,Arterial Other,AUBURN,BOROONDARA,-37.815815,145.0463,2020,3,March,18,Afternoon Peak,Weekday
T20200005738,2020-03-09,18:15:00,1,Collision with vehicle,1,Monday,113,RIGHT NEAR (INTERSECTIONS ONLY),1,49775,T intersection,2,60,Arterial Other,SEPARATION,GEELONG,-38.110493,144.34071,2020,3,March,18,Afternoon Peak,Weekday
T20200005711,2020-03-09,13:35:00,1,Collision with vehicle,1,Monday,121,RIGHT THROUGH,1,61095,Cross intersection,2,80,Arterial Other,VINEYARD,MELTON,-37.619453,144.7053,2020,3,March,13,Midday,Weekday
T20200005737,2020-03-09,16:00:00,6,Vehicle overturned (no collision),1,Monday,180,OFF CARRIAGEWAY ON RIGHT BEND,1,637795,Not at intersection,3,50,Local Road,JONATHAN,MOORABOOL,-37.660397,144.43959,2020,3,March,16,Afternoon Peak,Weekday
T20200005708,2020-03-09,09:50:00,1,Collision with vehicle,1,Monday,152,PULLING OUT (OVERTAKING),1,45285,T intersection,2,60,Arterial Other,KEILOR,MOONEE VALLEY,-37.743565,144.9078,2020,3,March,9,Morning Peak,Weekday
T20200005704,2020-03-09,14:02:00,1,Collision with vehicle,1,Monday,147,VEHICLE STRIKES ANOTHER VEH WHILE EMERGING FROM DRIVEWAY,1,662506,Not at intersection,3,50,Arterial Other,BILLSON,BASS COAST,-38.609108,145.58926,2020,3,March,14,Midday,Weekday
T20200005703,2020-03-09,12:24:00,1,Collision with vehicle,1,Monday,121,RIGHT THROUGH,1,635948,T intersection,1,60,Arterial Other,WESTGARTH,DAREBIN,-37.78222,145.0063,2020,3,March,12,Midday,Weekday
T20200005696,2020-03-09,06:40:00,1,Collision with vehicle,1,Monday,149,OTHER MANOEUVRING NOT INCLUDED IN DCAs 140-148,5,640816,Not at intersection,1,80,Local Road,THIRTEENTH BEACH,GEELONG,-38.28097,144.43881,2020,3,March,6,Morning Peak,Weekday
T20200005693,2020-03-09,10:58:00,1,Collision with vehicle,1,Monday,132,RIGHT REAR.,1,642685,Not at intersection,3,60,Local Road,HAIGH,LATROBE,-38.172474,146.28052,2020,3,March,10,Midday,Weekday
T20200005732,2020-03-09,13:08:00,7,Fall from or in moving vehicle,1,Monday,190,FELL IN/FROM VEHICLE,1,636545,Not at intersection,2,60,Arterial Other,BELGRAVE-GEMBROOK,CARDINIA,-37.923454,145.47328,2020,3,March,13,Midday,Weekday
T20200005723,2020-03-09,16:22:00,1,Collision with vehicle,1,Monday,130,REAR END(VEHICLES IN SAME LANE),1,636543,Not at intersection,3,80,Arterial Other,ELTHAM-YARRA GLEN,NILLUMBIK,-37.68928,145.22733,2020,3,March,16,Afternoon Peak,Weekday
T20200005841,2020-03-10,16:46:00,1,Collision with vehicle,2,Tuesday,121,RIGHT THROUGH,1,36017,Cross intersection,2,50,Arterial Other,HOLMES STREET -NICHOLSON,MORELAND,-37.75667,144.97487,2020,3,March,16,Afternoon Peak,Weekday
T20200005842,2020-03-10,22:26:00,1,Collision with vehicle,2,Tuesday,135,LANE CHANGE LEFT (NOT OVERTAKING),5,636557,Not at intersection,3,80,Arterial Other,SYDNEY,HUME,-37.658497,144.95354,2020,3,March,22,Night,Weekday
T20200005763,2020-03-10,08:23:00,1,Collision with vehicle,2,Tuesday,130,REAR END(VEHICLES IN SAME LANE),1,729183,Not at intersection,3,100,Freeway,WESTERN RING,WYNDHAM,-37.816784,144.80862,2020,3,March,8,Morning Peak,Weekday
T20200005823,2020-03-10,18:00:00,1,Collision with vehicle,2,Tuesday,137,LEFT TURN SIDESWIPE,1,62901,T intersection,3,60,Arterial Other,PLENTY,DAREBIN,-37.73533,145.01323,2020,3,March,18,Afternoon Peak,Weekday
T20200005825,2020-03-10,18:24:00,1,Collision with vehicle,2,Tuesday,130,REAR END(VEHICLES IN SAME LANE),1,651627,Not at intersection,3,60,Arterial Other,HEATHERTON,DANDENONG,-37.962658,145.1543,2020,3,March,18,Afternoon Peak,Weekday
T20200005826,2020-03-10,18:40:00,4,Collision with a fixed object,2,Tuesday,171,LEFT OFF CARRIAGEWAY INTO OBJECT/PARKED VEHICLE,2,656325,Not at intersection,2,70,Arterial Highway,NEPEAN,FRANKSTON,-38.129616,145.1245,2020,3,March,18,Afternoon Peak,Weekday
T20200005833,2020-03-10,20:55:00,1,Collision with vehicle,2,Tuesday,134,LANE CHANGE RIGHT (NOT OVERTAKING),3,729184,Not at intersection,2,70,Arterial Other,2080B 2510F,STONNINGTON,-37.855778,144.98561,2020,3,March,20,Night,Weekday
T20200005755,2020-03-10,08:06:00,1,Collision with vehicle,2,Tuesday,160,VEHICLE COLLIDES WITH VEHICLE PARKED ON LEFT OF ROAD,1,637480,Not at intersection,3,50,Local Road,VICTORIA,CARDINIA,-38.05875,145.50615,2020,3,March,8,Morning Peak,Weekday
T20200005834,2020-03-10,15:30:00,1,Collision with vehicle,2,Tuesday,121,RIGHT THROUGH,1,36343,T intersection,3,60,Local Road,CENTRE,FRANKSTON,-38.155575,145.20898,2020,3,March,15,Afternoon Peak,Weekday
T20200005757,2020-03-10,07:33:00,1,Collision with vehicle,2,Tuesday,139,OTHER SAME DIRECTION-MANOUEVRES NOT INCLUDED IN DCAs 130-137,2,636549,T intersection,2,50,Local Road,TUPPAL,MOONEE VALLEY,-37.731895,144.86517,2020,3,March,7,Morning Peak,Weekday
T20200005835,2020-03-10,19:35:00,4,Collision with a fixed object,2,Tuesday,171,LEFT OFF CARRIAGEWAY INTO OBJECT/PARKED VEHICLE,2,638278,Not at intersection,2,50,Local Road,SULLIVAN,MORNINGTON PENINSULA,-38.373135,144.8245,2020,3,March,19,Night,Weekday
T20200005754,2020-03-10,06:58:00,1,Collision with vehicle,2,Tuesday,121,RIGHT THROUGH,2,346616,Multiple intersection,3,80,Freeway,PRINCES,CASEY,-38.02835,145.32202,2020,3,March,6,Morning Peak,Weekday
T20200007962,2020-03-10,16:30:00,1,Collision with vehicle,2,Tuesday,110,CROSS TRAFFIC(INTERSECTIONS ONLY),1,653732,Cross intersection,3,80,Local Road,DEWRY,MILDURA,-34.255714,142.19557,2020,3,March,16,Afternoon Peak,Weekday
T20200006156,2020-03-10,16:00:00,1,Collision with vehicle,2,Tuesday,137,LEFT TURN SIDESWIPE,1,63036,T intersection,3,50,Arterial Other,SYDNEY,MORELAND,-37.739502,144.96692,2020,3,March,16,Afternoon Peak,Weekday
T20200009450,2020-03-10,19:20:00,1,Collision with vehicle,2,Tuesday,130,REAR END(VEHICLES IN SAME LANE),1,654075,Not at intersection,3,60,Arterial Other,HUNTINGDALE,MONASH,-37.92584,145.1008,2020,3,March,19,Night,Weekday
T20200005800,2020-03-10,14:47:00,1,Collision with vehicle,2,Tuesday,121,RIGHT THROUGH,1,295599,Y intersection,2,60,Arterial Other,SCORESBY,KNOX,-37.84452,145.2701,2020,3,March,14,Midday,Weekday
T20200006333,2020-03-10,07:00:00,1,Collision with vehicle,2,Tuesday,116,LEFT NEAR (INTERSECTIONS ONLY),9,39743,T intersection,2,60,Arterial Other,BAYSWATER,MAROONDAH,-37.821648,145.26894,2020,3,March,7,Morning Peak,Weekday
T20200005799,2020-03-10,15:14:00,1,Collision with vehicle,2,Tuesday,140,U TURN,1,636551,Not at intersection,2,80,Arterial Other,SYDNEY,HUME,-37.65913,144.95395,2020,3,March,15,Afternoon Peak,Weekday
T20200005980,2020-03-10,16:00:00,1,Collision with vehicle,2,Tuesday,137,LEFT TURN SIDESWIPE,1,42240,Cross intersection,3,70,Arterial Other,EAST BOUNDARY,GLEN EIRA,-37.935684,145.05624,2020,3,March,16,Afternoon Peak,Weekday
T20200005964,2020-03-10,13:00:00,1,Collision with vehicle,2,Tuesday,163,VEHICLE STRIKES DOOR OF PARKED/STATIONARY VEHICLE,1,652463,Not at intersection,3,50,Local Road,RIVER,YARRA,-37.81812,145.01314,2020,3,March,13,Midday,Weekday
T20200006285,2020-03-10,16:00:00,1,Collision with vehicle,2,Tuesday,113,RIGHT NEAR (INTERSECTIONS ONLY),1,56878,T intersection,3,60,Local Road,ELDER,WYNDHAM,-37.86332,144.68895,2020,3,March,16,Afternoon Peak,Weekday
T20200005743,2020-03-10,01:41:00,1,Collision with vehicle,2,Tuesday,120,HEAD ON (NOT OVERTAKING),5,648081,Not at intersection,2,60,Arterial Highway,QUEENS,PORT PHILLIP,-37.84851,144.97763,2020,3,March,1,Late Night,Weekday
T20200005798,2020-03-10,13:25:00,1,Collision with vehicle,2,Tuesday,160,VEHICLE COLLIDES WITH VEHICLE PARKED ON LEFT OF ROAD,1,644752,Not at intersection,3,50,Local Road,LAMBECK,HUME,-37.709507,144.85779,2020,3,March,13,Midday,Weekday
T20200005793,2020-03-10,11:20:00,9,Other accident,2,Tuesday,191,LOAD OR MISSILE STRUCK VEHICLE,1,640642,T intersection,3,50,Local Road,ESPLANADE,HOBSONS BAY,-37.87129,144.83669,2020,3,March,11,Midday,Weekday
T20200005791,2020-03-10,09:45:00,1,Collision with vehicle,2,Tuesday,140,U TURN,1,639088,Not at intersection,2,60,Local Road,OAKOVER,DAREBIN,-37.749653,144.99847,2020,3,March,9,Morning Peak,Weekday
T20200011685,2020-03-10,18:20:00,1,Collision with vehicle,2,Tuesday,134,LANE CHANGE RIGHT (NOT OVERTAKING),2,660290,Not at intersection,3,70,Arterial Other,FERNTREE GULLY,MONASH,-37.900757,145.13902,2020,3,March,18,Afternoon Peak,Weekday
T20200005788,2020-03-10,07:40:00,8,No collision and no object struck,2,Tuesday,170,OFF CARRIAGEWAY TO LEFT,1,637173,Not at intersection,3,60,Arterial Other,GRIMSHAW,BANYULE,-37.70131,145.07188,2020,3,March,7,Morning Peak,Weekday
T20200005785,2020-03-10,08:15:00,1,Collision with vehicle,2,Tuesday,110,CROSS TRAFFIC(INTERSECTIONS ONLY),1,249303,Cross intersection,2,80,Local Road,BATTEN,GEELONG,-38.222782,144.36569,2020,3,March,8,Morning Peak,Weekday
T20200005746,2020-03-10,04:45:00,1,Collision with vehicle,2,Tuesday,116,LEFT NEAR (INTERSECTIONS ONLY),3,44303,Cross intersection,3,60,Arterial Other,DERRIMUT,WYNDHAM,-37.86289,144.68521,2020,3,March,4,Late Night,Weekday
T20200005748,2020-03-10,07:17:00,1,Collision with vehicle,2,Tuesday,121,RIGHT THROUGH,1,653607,Not at intersection,2,40,Arterial Other,MT ALEXANDER,MOONEE VALLEY,-37.780514,144.93199,2020,3,March,7,Morning Peak,Weekday
T20200005749,2020-03-10,07:00:00,1,Collision with vehicle,2,Tuesday,110,CROSS TRAFFIC(INTERSECTIONS ONLY),1,42520,Cross intersection,3,50,Arterial Other,GAFFNEY,MORELAND,-37.732513,144.94955,2020,3,March,7,Morning Peak,Weekday
T20200005783,2020-03-10,10:30:00,2,Struck Pedestrian,2,Tuesday,100,PED NEAR SIDE. PED HIT BY VEHICLE FROM THE RIGHT.,1,653605,Cross intersection,3,50,Arterial Highway,ALBERT,DAREBIN,-37.728016,145.02588,2020,3,March,10,Midday,Weekday
T20200005760,2020-03-10,09:15:00,2,Struck Pedestrian,2,Tuesday,102,FAR SIDE. PED HIT BY VEHICLE FROM THE LEFT,1,44843,T intersection,3,40,Arterial Other,MAIN,NILLUMBIK,-37.71336,145.14873,2020,3,March,9,Morning Peak,Weekday
T20200005801,2020-03-10,09:45:00,1,Collision with vehicle,2,Tuesday,120,HEAD ON (NOT OVERTAKING),1,648083,Not at intersection,2,100,Arterial Highway,PRINCES,CORANGAMITE,-38.2512,143.17702,2020,3,March,9,Morning Peak,Weekday
T20200005752,2020-03-10,07:30:00,1,Collision with vehicle,2,Tuesday,113,RIGHT NEAR (INTERSECTIONS ONLY),1,41073,T intersection,2,60,Arterial Other,PASCOE VALE,MORELAND,-37.71365,144.91736,2020,3,March,7,Morning Peak,Weekday