ACCIDENT_NO,ACCIDENT_DATE,ACCIDENT_TIME,ACCIDENT_TYPE,ACCIDENT_TYPE_DESC,DAY_OF_WEEK,DAY_WEEK_DESC,DCA_CODE,DCA_DESC,LIGHT_CONDITION,NODE_ID,ROAD_GEOMETRY_DESC,SEVERITY,SPEED_ZONE,RMA,ROAD_NAME,LGA_NAME,LATITUDE,LONGITUDE,YEAR,MONTH,MONTH_NAME,HOUR,TIME_PERIOD,DAY_TYPE
T20200005779,2020-03-10,03:10:00,2,Struck Pedestrian,2,Tuesday,103,PED PLAYING/LYING/WORKING/STANDING ON CARRIAGEWAY.,3,636083,Not at intersection,1,50,Local Road,HENRY,SOUTHERN GRAMPIANS,-37.737812,142.04344,2020,3,March,3,Late Night,Weekday
T20200005776,2020-03-10,07:30:00,2,Struck Pedestrian,2,Tuesday,100,PED NEAR SIDE. PED HIT BY VEHICLE FROM THE RIGHT.,1,36416,T intersection,3,60,Arterial Other,PRINCES,MELBOURNE,-37.792835,144.97374,2020,3,March,7,Morning Peak,Weekday
T20200006268,2020-03-10,16:45:00,1,Collision with vehicle,2,Tuesday,135,LANE CHANGE LEFT (NOT OVERTAKING),1,639090,Not at intersection,3,40,Local Road,HIGH,DAREBIN,-37.738674,145.00389,2020,3,March,16,Afternoon Peak,Weekday
T20200008071,2020-03-10,11:00:00,1,Collision with vehicle,2,Tuesday,130,REAR END(VEHICLES IN SAME LANE),9,649018,T intersection,3,60,Arterial Other,CENTRE,DANDENONG,-37.932697,145.15233,2020,3,March,11,Midday,Weekday
T20200005775,2020-03-10,11:50:00,1,Collision with vehicle,2,Tuesday,121,RIGHT THROUGH,1,36160,Cross intersection,3,60,Arterial Highway,NEPEAN,FRANKSTON,-38.145336,145.12013,2020,3,March,11,Midday,Weekday
T20200006108,2020-03-10,08:30:00,1,Collision with vehicle,2,Tuesday,147,VEHICLE STRIKES ANOTHER VEH WHILE EMERGING FROM DRIVEWAY,1,611614,Not at intersection,3,60,Arterial Other,CITY,MELBOURNE,-37.82433,144.96199,2020,3,March,8,Morning Peak,Weekday
T20200006100,2020-03-10,17:15:00,1,Collision with vehicle,2,Tuesday,130,REAR END(VEHICLES IN SAME LANE),9,728960,Not at intersection,2,60,Local Road,CALDER PARK,BRIMBANK,-37.694164,144.75626,2020,3,March,17,Afternoon Peak,Weekday
T20200006973,2020-03-10,17:00:00,4,Collision with a fixed object,2,Tuesday,181,OFF RIGHT BEND INTO OBJECT/PARKED VEHICLE,1,653261,Not at intersection,3,80,Local Road,POINT ADDIS,SURF COAST,-38.38957,144.24829,2020,3,March,17,Afternoon Peak,Weekday
T20200005807,2020-03-10,14:32:00,1,Collision with vehicle,2,Tuesday,130,REAR END(VEHICLES IN SAME LANE),1,639999,Cross intersection,3,60,Arterial Highway,ST KILDA,PORT PHILLIP,-37.86455,144.98584,2020,3,March,14,Midday,Weekday
T20200005812,2020-03-10,16:49:00,1,Collision with vehicle,2,Tuesday,137,LEFT TURN SIDESWIPE,1,636554,Not at intersection,2,50,Local Road,VILLAS,DANDENONG,-38.035343,145.19824,2020,3,March,16,Afternoon Peak,Weekday
T20200005837,2020-03-10,15:59:00,1,Collision with vehicle,2,Tuesday,110,CROSS TRAFFIC(INTERSECTIONS ONLY),1,45523,Cross intersection,2,80,Local Road,BOUNDARY,WYNDHAM,-37.800945,144.65945,2020,3,March,15,Afternoon Peak,Weekday
T20200007603,2020-03-10,07:33:00,1,Collision with vehicle,2,Tuesday,110,CROSS TRAFFIC(INTERSECTIONS ONLY),1,35494,Cross intersection,3,50,Arterial Other,UNION,PORT PHILLIP,-37.85343,144.9805,2020,3,March,7,Morning Peak,Weekday
T20200005840,2020-03-10,18:17:00,1,Collision with vehicle,2,Tuesday,113,RIGHT NEAR (INTERSECTIONS ONLY),1,39081,Cross intersection,3,50,Local Road,AYLMER,BOROONDARA,-37.798393,145.06801,2020,3,March,18,Afternoon Peak,Weekday
T20200005848,2020-03-11,04:34:00,3,Struck animal,3,Wednesday,167,STRUCK ANIMAL,5,636558,Not at intersection,3,100,Local Road,SALE-HEYFIELD,WELLINGTON,-38.014095,146.82126,2020,3,March,4,Late Night,Weekday
T20200005990,2020-03-11,13:12:00,1,Collision with vehicle,3,Wednesday,147,VEHICLE STRIKES ANOTHER VEH WHILE EMERGING FROM DRIVEWAY,1,636879,Not at intersection,2,80,Arterial Highway,DANDENONG VALLEY,KNOX,-37.927032,145.23334,2020,3,March,13,Midday,Weekday
T20200005984,2020-03-11,18:38:00,2,Struck Pedestrian,3,Wednesday,100,PED NEAR SIDE. PED HIT BY VEHICLE FROM THE RIGHT.,2,653728,Not at intersection,2,50,Local Road,OAKTREE,CASEY,-38.027172,145.26505,2020,3,March,18,Afternoon Peak,Weekday
T20200005868,2020-03-11,08:50:00,1,Collision with vehicle,3,Wednesday,121,RIGHT THROUGH,1,653250,Not at intersection,2,100,Arterial Other,LEXTON-TALBOT,CENTRAL GOLDFIELDS,-37.17905,143.6876,2020,3,March,8,Morning Peak,Weekday
T20200007359,2020-03-11,14:45:00,1,Collision with vehicle,3,Wednesday,130,REAR END(VEHICLES IN SAME LANE),1,35728,T intersection,3,80,Arterial Highway,SPRINGVALE,DANDENONG,-37.938656,145.15483,2020,3,March,14,Midday,Weekday
T20200005859,2020-03-11,08:00:00,1,Collision with vehicle,3,Wednesday,131,LEFT REAR,1,653727,Not at intersection,3,60,Arterial Other,LA TROBE,BALLARAT,-37.570797,143.8186,2020,3,March,8,Morning Peak,Weekday
T20200005870,2020-03-11,10:20:00,2,Struck Pedestrian,3,Wednesday,100,PED NEAR SIDE. PED HIT BY VEHICLE FROM THE RIGHT.,1,35494,Cross intersection,2,60,Arterial Other,UNION,PORT PHILLIP,-37.85343,144.9805,2020,3,March,10,Midday,Weekday
T20200005857,2020-03-11,07:00:00,1,Collision with vehicle,3,Wednesday,130,REAR END(VEHICLES IN SAME LANE),1,729185,Not at intersection,2,100,Freeway,MONASH,DANDENONG,-37.952183,145.2142,2020,3,March,7,Morning Peak,Weekday
T20200006873,2020-03-11,07:10:00,1,Collision with vehicle,3,Wednesday,130,REAR END(VEHICLES IN SAME LANE),9,1013,Cross intersection,3,100,Arterial Highway,DANDENONG-HASTINGS,CASEY,-38.077694,145.23973,2020,3,March,7,Morning Peak,Weekday
T20200007653,2020-03-11,13:30:00,1,Collision with vehicle,3,Wednesday,130,REAR END(VEHICLES IN SAME LANE),1,651278,Not at intersection,3,60,Arterial Highway,BRIGHTON ROAD SERVICE,PORT PHILLIP,-37.86962,144.98817,2020,3,March,13,Midday,Weekday
T20200005866,2020-03-11,09:50:00,1,Collision with vehicle,3,Wednesday,137,LEFT TURN SIDESWIPE,1,653256,T intersection,2,100,Local Road,GELLIES,HUME,-37.57271,144.79027,2020,3,March,9,Morning Peak,Weekday
T20200007615,2020-03-11,14:45:00,1,Collision with vehicle,3,Wednesday,130,REAR END(VEHICLES IN SAME LANE),1,645067,Not at intersection,3,60,Arterial Other,MIDDLEBOROUGH,WHITEHORSE,-37.82297,145.13774,2020,3,March,14,Midday,Weekday
T20200006296,2020-03-11,15:37:00,1,Collision with vehicle,3,Wednesday,130,REAR END(VEHICLES IN SAME LANE),1,39075,T intersection,3,80,Arterial Other,CANTERBURY,BOROONDARA,-37.821938,145.06296,2020,3,March,15,Afternoon Peak,Weekday
T20200005871,2020-03-11,10:00:00,1,Collision with vehicle,3,Wednesday,132,RIGHT REAR.,1,636561,Not at intersection,3,60,Local Road,HIGHETT,BAYSIDE,-37.947582,145.03209,2020,3,March,10,Midday,Weekday
T20200005874,2020-03-11,10:00:00,1,Collision with vehicle,3,Wednesday,121,RIGHT THROUGH,1,36043,Cross intersection,3,60,Local Road,PIGDON,YARRA,-37.782143,144.9731,2020,3,March,10,Midday,Weekday
T20200005877,2020-03-11,06:28:00,1,Collision with vehicle,3,Wednesday,130,REAR END(VEHICLES IN SAME LANE),3,41543,T intersection,3,60,Arterial Highway,WARRIGAL,MONASH,-37.91172,145.08487,2020,3,March,6,Morning Peak,Weekday
T20200007455,2020-03-11,07:30:00,3,Struck animal,3,Wednesday,167,STRUCK ANIMAL,2,657757,Not at intersection,3,100,Arterial Highway,CALDER,LODDON,-36.43955,143.6462,2020,3,March,7,Morning Peak,Weekday
T20200005879,2020-03-11,08:45:00,1,Collision with vehicle,3,Wednesday,134,LANE CHANGE RIGHT (NOT OVERTAKING),1,638120,Not at intersection,2,80,Freeway,WEST GATE,MELBOURNE,-37.828487,144.92181,2020,3,March,8,Morning Peak,Weekday
T20200005882,2020-03-11,06:50:00,1,Collision with vehicle,3,Wednesday,130,REAR END(VEHICLES IN SAME LANE),1,636563,Not at intersection,3,80,Arterial Highway,SOUTH GIPPSLAND,DANDENONG,-38.02883,145.24405,2020,3,March,6,Morning Peak,Weekday
T20200005938,2020-03-11,23:00:00,1,Collision with vehicle,3,Wednesday,132,RIGHT REAR.,3,222041,Cross intersection,3,90,Freeway,PENINSULA LINK,MORNINGTON PENINSULA,-38.37029,144.90863,2020,3,March,23,Night,Weekday
T20200005937,2020-03-11,23:30:00,1,Collision with vehicle,3,Wednesday,130,REAR END(VEHICLES IN SAME LANE),5,637802,Not at intersection,2,80,Arterial Other,MURCHISON-VIOLET TOWN,SHEPPARTON,-36.61566,145.23065,2020,3,March,23,Night,Weekday
T20200005887,2020-03-11,08:57:00,2,Struck Pedestrian,3,Wednesday,100,PED NEAR SIDE. PED HIT BY VEHICLE FROM THE RIGHT.,1,636876,T intersection,3,50,Local Road,BROCKHOFF,MONASH,-37.859272,145.11139,2020,3,March,8,Morning Peak,Weekday
T20200006110,2020-03-11,15:50:00,1,Collision with vehicle,3,Wednesday,113,RIGHT NEAR (INTERSECTIONS ONLY),1,773482,T intersection,3,50,Local Road,MCKENZIE,BASS COAST,-38.609657,145.59608,2020,3,March,15,Afternoon Peak,Weekday
T20200005890,2020-03-11,12:55:00,1,Collision with vehicle,3,Wednesday,121,RIGHT THROUGH,1,231563,Cross intersection,3,60,Arterial Other,LINLITHGOW,MELBOURNE,-37.82326,144.97034,2020,3,March,12,Midday,Weekday
T20200005891,2020-03-11,11:21:00,1,Collision with vehicle,3,Wednesday,130,REAR END(VEHICLES IN SAME LANE),1,38987,Cross intersection,3,60,Arterial Other,AUBURN,BOROONDARA,-37.82524,145.04453,2020,3,March,11,Midday,Weekday
T20200005898,2020-03-11,08:30:00,1,Collision with vehicle,3,Wednesday,154,PULLING OUT -REAR END,1,308036,Not at intersection,3,100,Freeway,WESTERN RING,BRIMBANK,-37.74636,144.8392,2020,3,March,8,Morning Peak,Weekday
T20200006005,2020-03-11,20:00:00,4,Collision with a fixed object,3,Wednesday,183,OFF LEFT BEND INTO OBJECT/PARKED VEHICLE,5,638123,Not at intersection,2,100,Arterial Other,HEATHCOTE-NAGAMBIE,STRATHBOGIE,-36.781815,145.11497,2020,3,March,20,Night,Weekday
T20200005861,2020-03-11,08:03:00,2,Struck Pedestrian,3,Wednesday,102,FAR SIDE. PED HIT BY VEHICLE FROM THE LEFT,1,636560,Not at intersection,2,60,Arterial Other,WATERDALE,BANYULE,-37.732613,145.04947,2020,3,March,8,Morning Peak,Weekday
T20200005862,2020-03-11,08:15:00,1,Collision with vehicle,3,Wednesday,163,VEHICLE STRIKES DOOR OF PARKED/STATIONARY VEHICLE,1,636875,T intersection,2,40,Arterial Other,CHURCH,YARRA,-37.824448,144.99815,2020,3,March,8,Morning Peak,Weekday
T20200005904,2020-03-11,09:25:00,1,Collision with vehicle,3,Wednesday,110,CROSS TRAFFIC(INTERSECTIONS ONLY),1,50041,Cross intersection,2,60,Local Road,HUMBLE,GEELONG,-38.159843,144.38039,2020,3,March,9,Morning Peak,Weekday
T20200013770,2020-03-11,09:00:00,6,Vehicle overturned (no collision),3,Wednesday,174,OUT OF CONTROL ON CARRIAGEWAY (ON STRAIGHT),1,264468,Cross intersection,3,80,Arterial Other,PORTARLINGTON,GEELONG,-38.18099,144.51294,2020,3,March,9,Morning Peak,Weekday
T20200005934,2020-03-11,16:00:00,1,Collision with vehicle,3,Wednesday,121,RIGHT THROUGH,1,970,Cross intersection,3,100,Arterial Highway,MOOROODUC,MORNINGTON PENINSULA,-38.21051,145.1106,2020,3,March,16,Afternoon Peak,Weekday
T20200006843,2020-03-11,22:30:00,6,Vehicle overturned (no collision),3,Wednesday,174,OUT OF CONTROL ON CARRIAGEWAY (ON STRAIGHT),6,641301,T intersection,3,60,Arterial Other,CRAIGIEBURN,HUME,-37.597363,144.9264,2020,3,March,22,Night,Weekday
T20200005867,2020-03-11,08:50:00,1,Collision with vehicle,3,Wednesday,140,U TURN,1,660478,Not at intersection,1,70,Arterial Highway,NEPEAN,FRANKSTON,-38.122208,145.12474,2020,3,March,8,Morning Peak,Weekday
T20200005932,2020-03-11,14:30:00,6,Vehicle overturned (no collision),3,Wednesday,184,OUT OF CONTROL ON CARRIAGEWAY (ON BEND),1,643798,Not at intersection,3,100,Arterial Highway,WIMMERA,WEST WIMMERA,-36.865276,141.68314,2020,3,March,14,Midday,Weekday
T20200005930,2020-03-11,16:08:00,1,Collision with vehicle,3,Wednesday,110,CROSS TRAFFIC(INTERSECTIONS ONLY),1,349916,Cross intersection,3,80,Arterial Other,THOMPSONS,CASEY,-38.082638,145.27895,2020,3,March,16,Afternoon Peak,Weekday
T20200005927,2020-03-11,21:02:00,1,Collision with vehicle,3,Wednesday,132,RIGHT REAR.,3,66486,T intersection,3,60,Arterial Other,CANTERBURY,WHITEHORSE,-37.828953,145.12369,2020,3,March,21,Night,Weekday
T20200005923,2020-03-11,20:30:00,1,Collision with vehicle,3,Wednesday,130,REAR END(VEHICLES IN SAME LANE),6,663403,Not at intersection,2,70,Local Road,TAYLORS,BRIMBANK,-37.726185,144.76962,2020,3,March,20,Night,Weekday
T20200005922,2020-03-11,17:32:00,1,Collision with vehicle,3,Wednesday,130,REAR END(VEHICLES IN SAME LANE),1,640644,Not at intersection,2,80,Freeway,WEST GATE,HOBSONS BAY,-37.825714,144.82887,2020,3,March,17,Afternoon Peak,Weekday
T20200005921,2020-03-11,13:15:00,2,Struck Pedestrian,3,Wednesday,100,PED NEAR SIDE. PED HIT BY VEHICLE FROM THE RIGHT.,1,780563,Not at intersection,3,60,Arterial Other,HASTINGS,FRANKSTON,-38.1517,145.13159,2020,3,March,13,Midday,Weekday
T20200005858,2020-03-11,08:30:00,1,Collision with vehicle,3,Wednesday,121,RIGHT THROUGH,1,38903,T intersection,3,40,Arterial Other,HIGH,BOROONDARA,-37.80609,145.03275,2020,3,March,8,Morning Peak,Weekday
T20200005916,2020-03-11,15:14:00,1,Collision with vehicle,3,Wednesday,148,VEHICLE OFF FOOTPATH STRIKES VEH ON CARRIAGEWAY,1,223952,Cross intersection,1,80,Arterial Highway,MOOROODUC,FRANKSTON,-38.15754,145.13466,2020,3,March,15,Afternoon Peak,Weekday
T20200005911,2020-03-11,15:00:00,6,Vehicle overturned (no collision),3,Wednesday,184,OUT OF CONTROL ON CARRIAGEWAY (ON BEND),1,642849,Not at intersection,2,80,Arterial Other,YARRA JUNCTION-NOOJEE,YARRA RANGES,-37.87785,145.78465,2020,3,March,15,Afternoon Peak,Weekday
T20200005906,2020-03-11,14:29:00,4,Collision with a fixed object,3,Wednesday,171,LEFT OFF CARRIAGEWAY INTO OBJECT/PARKED VEHICLE,1,748809,Not at intersection,2,70,Freeway,WESTERN,MELTON,-37.741257,144.69064,2020,3,March,14,Midday,Weekday
T20200006912,2020-03-11,18:00:00,1,Collision with vehicle,3,Wednesday,137,LEFT TURN SIDESWIPE,1,42027,T intersection,3,60,Arterial Other,BEACH,BAYSIDE,-37.93921,144.99931,2020,3,March,18,Afternoon Peak,Weekday
T20200006021,2020-03-12,15:38:00,2,Struck Pedestrian,4,Thursday,100,PED NEAR SIDE. PED HIT BY VEHICLE FROM THE RIGHT.,1,650878,Not at intersection,3,50,Local Road,CHARLOTTE,WYNDHAM,-37.882572,144.62367,2020,3,March,15,Afternoon Peak,Weekday
T20200005989,2020-03-12,13:43:00,1,Collision with vehicle,4,Thursday,110,CROSS TRAFFIC(INTERSECTIONS ONLY),1,38192,Cross intersection,3,60,Arterial Highway,UPPER HEIDELBERG,BANYULE,-37.75506,145.05638,2020,3,March,13,Midday,Weekday
T20200005987,2020-03-12,14:00:00,4,Collision with a fixed object,4,Thursday,171,LEFT OFF CARRIAGEWAY INTO OBJECT/PARKED VEHICLE,1,729064,Not at intersection,2,80,Arterial Other,SWANSEA,YARRA RANGES,-37.775234,145.36317,2020,3,March,14,Midday,Weekday
T20200006022,2020-03-12,16:37:00,1,Collision with vehicle,4,Thursday,130,REAR END(VEHICLES IN SAME LANE),1,637483,Not at intersection,2,80,Arterial Other,MONBULK,YARRA RANGES,-37.813625,145.40663,2020,3,March,16,Afternoon Peak,Weekday
T20200006027,2020-03-12,15:15:00,1,Collision with vehicle,4,Thursday,139,OTHER SAME DIRECTION-MANOUEVRES NOT INCLUDED IN DCAs 130-137,1,653459,Not at intersection,2,40,Local Road,PARKVISTA,WYNDHAM,-37.864414,144.72522,2020,3,March,15,Afternoon Peak,Weekday
T20200005979,2020-03-12,11:10:00,1,Collision with vehicle,4,Thursday,130,REAR END(VEHICLES IN SAME LANE),1,652959,T intersection,3,80,Arterial Other,HEATHERTON,CASEY,-37.978878,145.28961,2020,3,March,11,Midday,Weekday
T20200005975,2020-03-12,11:50:00,1,Collision with vehicle,4,Thursday,147,VEHICLE STRIKES ANOTHER VEH WHILE EMERGING FROM DRIVEWAY,1,643498,Not at intersection,3,70,Arterial Other,MORNINGTON-TYABB,MORNINGTON PENINSULA,-38.23773,145.06187,2020,3,March,11,Midday,Weekday
T20200005974,2020-03-12,10:35:00,1,Collision with vehicle,4,Thursday,110,CROSS TRAFFIC(INTERSECTIONS ONLY),1,38167,Cross intersection,2,60,Arterial Other,SOUTHERN,BANYULE,-37.74272,145.05386,2020,3,March,10,Midday,Weekday
T20200005973,2020-03-12,11:40:00,1,Collision with vehicle,4,Thursday,116,LEFT NEAR (INTERSECTIONS ONLY),1,71185,T intersection,3,50,Local Road,BRUCE,CASEY,-38.050728,145.35316,2020,3,March,11,Midday,Weekday
T20200006365,2020-03-12,12:00:00,8,No collision and no object struck,4,Thursday,174,OUT OF CONTROL ON CARRIAGEWAY (ON STRAIGHT),1,652957,Not at intersection,2,60,Local Road,OLD WARBURTON,YARRA RANGES,-37.764942,145.69464,2020,3,March,12,Midday,Weekday
T20200006028,2020-03-12,13:53:00,1,Collision with vehicle,4,Thursday,153,CUTTING IN (OVERTAKING),1,640002,Not at intersection,3,100,Arterial Highway,PRINCES,EAST GIPPSLAND,-37.843876,147.92902,2020,3,March,13,Midday,Weekday
T20200005961,2020-03-12,07:26:00,1,Collision with vehicle,4,Thursday,113,RIGHT NEAR (INTERSECTIONS ONLY),1,38607,T intersection,2,80,Arterial Highway,GEELONG,MARIBYRNONG,-37.81335,144.86148,2020,3,March,7,Morning Peak,Weekday
T20200006030,2020-03-12,12:10:00,4,Collision with a fixed object,4,Thursday,181,OFF RIGHT BEND INTO OBJECT/PARKED VEHICLE,1,773255,Not at intersection,3,100,Local Road,GLENDINNING,SOUTHERN GRAMPIANS,-37.312717,141.98766,2020,3,March,12,Midday,Weekday
T20200006031,2020-03-12,13:40:00,2,Struck Pedestrian,4,Thursday,100,PED NEAR SIDE. PED HIT BY VEHICLE FROM THE RIGHT.,1,77979,Not at intersection,1,40,Local Road,WILKINSON,MORNINGTON PENINSULA,-38.369225,144.85744,2020,3,March,13,Midday,Weekday
T20200006033,2020-03-12,18:15:00,1,Collision with vehicle,4,Thursday,134,LANE CHANGE RIGHT (NOT OVERTAKING),1,250630,Not at intersection,2,60,Arterial Other,ST KILDA,PORT PHILLIP,-37.85376,144.98193,2020,3,March,18,Afternoon Peak,Weekday
T20200006034,2020-03-12,17:40:00,4,Collision with a fixed object,4,Thursday,183,OFF LEFT BEND INTO OBJECT/PARKED VEHICLE,1,644444,Not at intersection,2,60,Arterial Other,ARTHURS SEAT,MORNINGTON PENINSULA,-38.351532,144.94897,2020,3,March,17,Afternoon Peak,Weekday
T20200006036,2020-03-12,17:23:00,1,Collision with vehicle,4,Thursday,110,CROSS TRAFFIC(INTERSECTIONS ONLY),1,223931,Cross intersection,3,50,Local Road,STUART,MOONEE VALLEY,-37.768833,144.93102,2020,3,March,17,Afternoon Peak,Weekday
T20200006038,2020-03-12,17:20:00,1,Collision with vehicle,4,Thursday,130,REAR END(VEHICLES IN SAME LANE),1,758174,Cross intersection,3,80,Arterial Other,PORTARLINGTON,GEELONG,-38.18078,144.51291,2020,3,March,17,Afternoon Peak,Weekday
T20200006039,2020-03-12,17:16:00,1,Collision with vehicle,4,Thursday,130,REAR END(VEHICLES IN SAME LANE),1,655430,Not at intersection,3,70,Arterial Highway,BELLARINE,GEELONG,-38.18952,144.46614,2020,3,March,17,Afternoon Peak,Weekday
T20200006565,2020-03-12,09:00:00,1,Collision with vehicle,4,Thursday,130,REAR END(VEHICLES IN SAME LANE),1,644434,Not at intersection,3,80,Freeway,PRINCES,LATROBE,-38.241917,146.41315,2020,3,March,9,Morning Peak,Weekday
T20200006312,2020-03-12,22:00:00,1,Collision with vehicle,4,Thursday,163,VEHICLE STRIKES DOOR OF PARKED/STATIONARY VEHICLE,3,654551,Not at intersection,3,50,Local Road,ELIZABETH,MELBOURNE,-37.807568,144.9601,2020,3,March,22,Night,Weekday
T20200006040,2020-03-12,19:07:00,1,Collision with vehicle,4,Thursday,113,RIGHT NEAR (INTERSECTIONS ONLY),1,44645,T intersection,2,60,Arterial Other,GRIMSHAW,BANYULE,-37.70137,145.07251,2020,3,March,19,Night,Weekday
T20200006042,2020-03-12,20:30:00,2,Struck Pedestrian,4,Thursday,102,FAR SIDE. PED HIT BY VEHICLE FROM THE LEFT,4,637182,Cross intersection,3,40,Local Road,QUEENS,PORT PHILLIP,-37.85041,144.9794,2020,3,March,20,Night,Weekday
T20200006142,2020-03-12,10:25:00,1,Collision with vehicle,4,Thursday,130,REAR END(VEHICLES IN SAME LANE),1,38109,Cross intersection,3,60,Arterial Other,ORIEL,BANYULE,-37.76377,145.03577,2020,3,March,10,Midday,Weekday
T20200005955,2020-03-12,08:48:00,1,Collision with vehicle,4,Thursday,110,CROSS TRAFFIC(INTERSECTIONS ONLY),1,45537,Cross intersection,2,60,Local Road,FOURTEENTH,MILDURA,-34.21868,142.17142,2020,3,March,8,Morning Peak,Weekday
T20200006047,2020-03-12,22:15:00,1,Collision with vehicle,4,Thursday,134,LANE CHANGE RIGHT (NOT OVERTAKING),3,652958,Not at intersection,3,60,Arterial Other,MT ALEXANDER,MOONEE VALLEY,-37.760773,144.92091,2020,3,March,22,Night,Weekday
T20200005946,2020-03-12,06:50:00,1,Collision with vehicle,4,Thursday,130,REAR END(VEHICLES IN SAME LANE),2,278663,Not at intersection,2,100,Freeway,CRANBOURNE,FRANKSTON,-38.155975,145.1685,2020,3,March,6,Morning Peak,Weekday
T20200006050,2020-03-12,20:54:00,1,Collision with vehicle,4,Thursday,121,RIGHT THROUGH,3,305833,Cross intersection,3,60,Local Road,FOSTER,DANDENONG,-37.989296,145.20909,2020,3,March,20,Night,Weekday
T20200006052,2020-03-12,17:25:00,1,Collision with vehicle,4,Thursday,121,RIGHT THROUGH,1,664739,Not at intersection,2,80,Arterial Other,KOROROIT CREEK,HOBSONS BAY,-37.845673,144.79672,2020,3,March,17,Afternoon Peak,Weekday
T20200006055,2020-03-12,23:54:00,4,Collision with a fixed object,4,Thursday,173,RIGHT OFF CARRIAGEWAY INTO OBJECT/PARKED VEHICLE,3,37481,Cross intersection,3,60,Arterial Other,CITY,PORT PHILLIP,-37.832745,144.9521,2020,3,March,23,Night,Weekday
T20200008605,2020-03-12,12:35:00,1,Collision with vehicle,4,Thursday,147,VEHICLE STRIKES ANOTHER VEH WHILE EMERGING FROM DRIVEWAY,1,651187,Not at intersection,3,60,Arterial Other,LOCKWOOD,BENDIGO,-36.79669,144.24304,2020,3,March,12,Midday,Weekday
T20200006084,2020-03-12,21:50:00,1,Collision with vehicle,4,Thursday,130,REAR END(VEHICLES IN SAME LANE),3,659062,Not at intersection,3,50,Arterial Highway,FRANCIS,MARIBYRNONG,-37.82165,144.89455,2020,3,March,21,Night,Weekday
T20200006090,2020-03-12,16:55:00,1,Collision with vehicle,4,Thursday,150,HEAD ON(OVERTAKING),1,638440,Not at intersection,3,100,Arterial Highway,MURRAY VALLEY,CAMPASPE,-36.10618,144.69478,2020,3,March,16,Afternoon Peak,Weekday
T20200007022,2020-03-12,15:00:00,1,Collision with vehicle,4,Thursday,130,REAR END(VEHICLES IN SAME LANE),1,649010,Not at intersection,3,80,Arterial Highway,STUD,KNOX,-37.90795,145.23709,2020,3,March,15,Afternoon Peak,Weekday
T20200008438,2020-03-12,16:30:00,8,No collision and no object struck,4,Thursday,170,OFF CARRIAGEWAY TO LEFT,1,780573,Not at intersection,3,100,Arterial Highway,MURRAY VALLEY,CAMPASPE,-36.169827,144.81412,2020,3,March,16,Afternoon Peak,Weekday
T20200012465,2020-03-12,10:50:00,1,Collision with vehicle,4,Thursday,110,CROSS TRAFFIC(INTERSECTIONS ONLY),1,39639,Cross intersection,3,50,Local Road,MCARTHUR,BRIMBANK,-37.74189,144.8117,2020,3,March,10,Midday,Weekday
T20200006051,2020-03-12,20:08:00,4,Collision with a fixed object,4,Thursday,151,OUT OF CONTROL (OVERTAKING),5,653568,Not at intersection,2,60,Arterial Other,HEATHS,WYNDHAM,-37.883755,144.64717,2020,3,March,20,Night,Weekday
T20200007081,2020-03-12,23:00:00,2,Struck Pedestrian,4,Thursday,100,PED NEAR SIDE. PED HIT BY VEHICLE FROM THE RIGHT.,5,63239,T intersection,3,50,Local Road,QUEEN,MORELAND,-37.747208,144.9506,2020,3,March,23,Night,Weekday
T20200008327,2020-03-12,16:00:00,8,No collision and no object struck,4,Thursday,170,OFF CARRIAGEWAY TO LEFT,1,653004,T intersection,3,50,Local Road,FENACRE,MOONEE VALLEY,-37.727997,144.91756,2020,3,March,16,Afternoon Peak,Weekday
T20200006103,2020-03-12,15:35:00,2,Struck Pedestrian,4,Thursday,100,PED NEAR SIDE. PED HIT BY VEHICLE FROM THE RIGHT.,1,643179,Not at intersection,3,40,Local Road,KINGSWAY,WHITTLESEA,-37.66393,145.0018,2020,3,March,15,Afternoon Peak,Weekday
T20200006008,2020-03-12,11:25:00,1,Collision with vehicle,4,Thursday,110,CROSS TRAFFIC(INTERSECTIONS ONLY),1,29789,Cross intersection,2,80,Arterial Other,MORNINGTON-FLINDERS,MORNINGTON PENINSULA,-38.40144,144.99469,2020,3,March,11,Midday,Weekday
T20200006007,2020-03-12,09:40:00,1,Collision with vehicle,4,Thursday,143,ENTERING PARKING,1,652960,Not at intersection,3,40,Arterial Other,CARLISLE,PORT PHILLIP,-37.86867,144.99274,2020,3,March,9,Morning Peak,Weekday
T20200006003,2020-03-12,10:30:00,5,collision with some other object,4,Thursday,191,LOAD OR MISSILE STRUCK VEHICLE,1,637180,Not at intersection,3,100,Arterial Other,MELTON,MACEDON RANGES,-37.506687,144.5698,2020,3,March,10,Midday,Weekday
T20200006010,2020-03-12,14:50:00,1,Collision with vehicle,4,Thursday,130,REAR END(VEHICLES IN SAME LANE),1,728957,Not at intersection,3,60,Arterial Other,GAP,HUME,-37.578552,144.711,2020,3,March,14,Midday,Weekday
T20200006002,2020-03-12,15:30:00,4,Collision with a fixed object,4,Thursday,181,OFF RIGHT BEND INTO OBJECT/PARKED VEHICLE,1,645660,Not at intersection,2,60,Arterial Other,HEIDELBERG-KINGLAKE,MURRINDINDI,-37.536667,145.34016,2020,3,March,15,Afternoon Peak,Weekday
T20200005977,2020-03-12,10:02:00,4,Collision with a fixed object,4,Thursday,175,OFF END OF ROAD/T-INTERSECTION.,1,638122,T intersection,3,100,Local Road,CHANTERS,HEPBURN,-37.38248,144.41528,2020,3,March,10,Midday,Weekday