ACCIDENT_NO,ACCIDENT_DATE,ACCIDENT_TIME,ACCIDENT_TYPE,ACCIDENT_TYPE_DESC,DAY_OF_WEEK,DAY_WEEK_DESC,DCA_CODE,DCA_DESC,LIGHT_CONDITION,NODE_ID,ROAD_GEOMETRY_DESC,SEVERITY,SPEED_ZONE,RMA,ROAD_NAME,LGA_NAME,LATITUDE,LONGITUDE,YEAR,MONTH,MONTH_NAME,HOUR,TIME_PERIOD,DAY_TYPE
T20200008887,2020-03-12,16:00:00,1,Collision with vehicle,4,Thursday,135,LANE CHANGE LEFT (NOT OVERTAKING),9,652012,Not at intersection,3,40,Arterial Other,BRIDGE,YARRA,-37.818573,144.99887,2020,3,March,16,Afternoon Peak,Weekday
T20200007187,2020-03-12,11:00:00,2,Struck Pedestrian,4,Thursday,102,FAR SIDE. PED HIT BY VEHICLE FROM THE LEFT,1,644437,Cross intersection,3,50,Local Road,COLEMAN,KNOX,-37.86106,145.23953,2020,3,March,11,Midday,Weekday
T20200006014,2020-03-12,15:08:00,1,Collision with vehicle,4,Thursday,120,HEAD ON (NOT OVERTAKING),1,659848,Not at intersection,3,70,Arterial Highway,RAGLAN,WARRNAMBOOL,-38.360027,142.45232,2020,3,March,15,Afternoon Peak,Weekday
T20200006019,2020-03-12,17:12:00,1,Collision with vehicle,4,Thursday,153,CUTTING IN (OVERTAKING),1,637181,Not at intersection,3,60,Local Road,EXFORD,MELTON,-37.70859,144.574,2020,3,March,17,Afternoon Peak,Weekday
T20200006020,2020-03-12,17:41:00,1,Collision with vehicle,4,Thursday,136,RIGHT TURN SIDESWIPE,1,652602,Not at intersection,3,60,Arterial Other,PALMERS,WYNDHAM,-37.83618,144.74747,2020,3,March,17,Afternoon Peak,Weekday
T20200006000,2020-03-12,15:30:00,1,Collision with vehicle,4,Thursday,130,REAR END(VEHICLES IN SAME LANE),1,36808,Cross intersection,3,60,Arterial Other,DUDLEY,MELBOURNE,-37.810955,144.94783,2020,3,March,15,Afternoon Peak,Weekday
T20200005999,2020-03-12,14:32:00,1,Collision with vehicle,4,Thursday,120,HEAD ON (NOT OVERTAKING),1,637482,Not at intersection,2,70,Arterial Other,KURRAK,NILLUMBIK,-37.651592,145.10777,2020,3,March,14,Midday,Weekday
T20200005998,2020-03-12,06:50:00,1,Collision with vehicle,4,Thursday,130,REAR END(VEHICLES IN SAME LANE),2,645058,Not at intersection,2,100,Freeway,PRINCES,HOBSONS BAY,-37.850765,144.77963,2020,3,March,6,Morning Peak,Weekday
T20200005995,2020-03-12,13:45:00,1,Collision with vehicle,4,Thursday,119,OTHER ADJACENT (INTERSECTIONS ONLY),1,649208,T intersection,2,70,Arterial Other,STATION,BRIMBANK,-37.76819,144.77524,2020,3,March,13,Midday,Weekday
T20200005991,2020-03-12,14:24:00,1,Collision with vehicle,4,Thursday,110,CROSS TRAFFIC(INTERSECTIONS ONLY),1,29527,Cross intersection,2,50,Arterial Other,WHITEHALL,MARIBYRNONG,-37.803185,144.90514,2020,3,March,14,Midday,Weekday
T20200006070,2020-03-13,08:57:00,1,Collision with vehicle,5,Friday,130,REAR END(VEHICLES IN SAME LANE),1,773481,Not at intersection,2,60,Arterial Other,MOORABOOL,GEELONG,-38.1644,144.35289,2020,3,March,8,Morning Peak,Weekday
T20200006066,2020-03-13,09:00:00,1,Collision with vehicle,5,Friday,113,RIGHT NEAR (INTERSECTIONS ONLY),1,45945,T intersection,2,60,Local Road,DUFFY,WHITTLESEA,-37.64807,145.02167,2020,3,March,9,Morning Peak,Weekday
T20200006111,2020-03-13,13:35:00,6,Vehicle overturned (no collision),5,Friday,151,OUT OF CONTROL (OVERTAKING),1,662856,Not at intersection,2,100,Arterial Other,SNOW,WANGARATTA,-36.489265,146.55014,2020,3,March,13,Midday,Weekday
T20200006064,2020-03-13,08:30:00,4,Collision with a fixed object,5,Friday,171,LEFT OFF CARRIAGEWAY INTO OBJECT/PARKED VEHICLE,1,728958,Not at intersection,2,60,Arterial Highway,BELL,MORELAND,-37.739704,144.95032,2020,3,March,8,Morning Peak,Weekday
T20200006063,2020-03-13,06:35:00,1,Collision with vehicle,5,Friday,110,CROSS TRAFFIC(INTERSECTIONS ONLY),6,637805,Cross intersection,2,80,Local Road,PRATTS PARK,BENDIGO,-36.754128,144.32513,2020,3,March,6,Morning Peak,Weekday
T20200006078,2020-03-13,09:10:00,1,Collision with vehicle,5,Friday,130,REAR END(VEHICLES IN SAME LANE),1,637183,Not at intersection,3,80,Arterial Other,FERNTREE GULLY,KNOX,-37.899082,145.22728,2020,3,March,9,Morning Peak,Weekday
T20200006058,2020-03-13,04:30:00,1,Collision with vehicle,5,Friday,119,OTHER ADJACENT (INTERSECTIONS ONLY),3,653158,T intersection,3,60,Arterial Highway,SOUTH GIPPSLAND,DANDENONG,-38.035503,145.24593,2020,3,March,4,Late Night,Weekday
T20200006057,2020-03-13,01:08:00,1,Collision with vehicle,5,Friday,160,VEHICLE COLLIDES WITH VEHICLE PARKED ON LEFT OF ROAD,3,773355,Not at intersection,3,70,Arterial Other,DIAMOND CREEK,BANYULE,-37.69145,145.11333,2020,3,March,1,Late Night,Weekday
T20200006627,2020-03-13,15:00:00,1,Collision with vehicle,5,Friday,121,RIGHT THROUGH,1,386,T intersection,2,60,Arterial Other,HIGH,WHITTLESEA,-37.68504,145.01303,2020,3,March,15,Afternoon Peak,Weekday
T20200006456,2020-03-13,07:00:00,1,Collision with vehicle,5,Friday,121,RIGHT THROUGH,3,42307,Cross intersection,3,70,Arterial Highway,WARRIGAL,KINGSTON,-37.949856,145.07747,2020,3,March,7,Morning Peak,Weekday
T20200006089,2020-03-13,11:50:00,1,Collision with vehicle,5,Friday,119,OTHER ADJACENT (INTERSECTIONS ONLY),1,29743,Cross intersection,3,60,Arterial Highway,NEPEAN,MORNINGTON PENINSULA,-38.22653,145.0489,2020,3,March,11,Midday,Weekday
T20200006141,2020-03-13,22:00:00,1,Collision with vehicle,5,Friday,121,RIGHT THROUGH,3,29595,Cross intersection,2,50,Local Road,CHAPEL,PORT PHILLIP,-37.865322,144.9909,2020,3,March,22,Night,Weekday
T20200007382,2020-03-13,18:15:00,1,Collision with vehicle,5,Friday,130,REAR END(VEHICLES IN SAME LANE),1,729213,Not at intersection,3,60,Freeway,WEST GATE,MELBOURNE,-37.833347,144.9125,2020,3,March,18,Afternoon Peak,Weekday
T20200006131,2020-03-13,19:53:00,4,Collision with a fixed object,5,Friday,171,LEFT OFF CARRIAGEWAY INTO OBJECT/PARKED VEHICLE,5,637485,Not at intersection,3,100,Local Road,KONAGADERRA,HUME,-37.526695,144.82965,2020,3,March,19,Night,Weekday
T20200006427,2020-03-13,16:10:00,1,Collision with vehicle,5,Friday,130,REAR END(VEHICLES IN SAME LANE),9,642687,Not at intersection,2,50,Local Road,DRISCOLLS,BRIMBANK,-37.72901,144.82123,2020,3,March,16,Afternoon Peak,Weekday
T20200006135,2020-03-13,20:45:00,1,Collision with vehicle,5,Friday,121,RIGHT THROUGH,3,39254,T intersection,2,70,Arterial Other,KEILOR-DERRIMUT,BRIMBANK,-37.7277,144.79367,2020,3,March,20,Night,Weekday
T20200006138,2020-03-13,21:30:00,2,Struck Pedestrian,5,Friday,109,ANY MANOEUVRE INVOLVING PED NOT INCLUDED IN DCAs 100-108.,5,652266,Not at intersection,3,60,Local Road,POWER,CASEY,-37.99876,145.23685,2020,3,March,21,Night,Weekday
T20200006117,2020-03-13,13:45:00,1,Collision with vehicle,5,Friday,163,VEHICLE STRIKES DOOR OF PARKED/STATIONARY VEHICLE,1,729191,T intersection,3,40,Local Road,CHAPEL,STONNINGTON,-37.84449,144.99461,2020,3,March,13,Midday,Weekday
T20200006127,2020-03-13,17:55:00,1,Collision with vehicle,5,Friday,113,RIGHT NEAR (INTERSECTIONS ONLY),1,51262,T intersection,2,100,Arterial Other,LANCASTER-MOOROOPNA,SHEPPARTON,-36.310738,145.27745,2020,3,March,17,Afternoon Peak,Weekday
T20200006139,2020-03-13,21:07:00,2,Struck Pedestrian,5,Friday,108,PED STRUCK WALKING TO/FROM OR BOARDING/ALIGHTING VEHICLE.,3,43705,T intersection,2,50,Local Road,GILBERT,DAREBIN,-37.72987,144.99147,2020,3,March,21,Night,Weekday
T20200006283,2020-03-13,11:00:00,6,Vehicle overturned (no collision),5,Friday,182,OFF CARRIAGEWAY ON LEFT BEND,1,649983,Not at intersection,2,100,Arterial Other,WARBURTON-WOODS POINT,YARRA RANGES,-37.566525,145.9075,2020,3,March,11,Midday,Weekday
T20200006095,2020-03-13,09:15:00,1,Collision with vehicle,5,Friday,113,RIGHT NEAR (INTERSECTIONS ONLY),1,52046,T intersection,3,60,Arterial Other,RAGLAN,WELLINGTON,-38.098843,147.07191,2020,3,March,9,Morning Peak,Weekday
T20200006096,2020-03-13,13:45:00,2,Struck Pedestrian,5,Friday,100,PED NEAR SIDE. PED HIT BY VEHICLE FROM THE RIGHT.,1,44398,Cross intersection,3,60,Arterial Other,PLENTY,DAREBIN,-37.734398,145.01369,2020,3,March,13,Midday,Weekday
T20200006290,2020-03-13,13:55:00,1,Collision with vehicle,5,Friday,135,LANE CHANGE LEFT (NOT OVERTAKING),1,780575,Not at intersection,3,80,Freeway,WEST GATE,MELBOURNE,-37.83016,144.89944,2020,3,March,13,Midday,Weekday
T20200006183,2020-03-13,08:05:00,1,Collision with vehicle,5,Friday,122,LEFT THROUGH,1,343894,Cross intersection,3,60,Arterial Highway,PRINCES,SURF COAST,-38.23529,144.00343,2020,3,March,8,Morning Peak,Weekday
T20200009339,2020-03-13,13:00:00,1,Collision with vehicle,5,Friday,130,REAR END(VEHICLES IN SAME LANE),1,654698,Not at intersection,3,60,Arterial Other,CANTERBURY,WHITEHORSE,-37.83597,145.18335,2020,3,March,13,Midday,Weekday
T20200007633,2020-03-13,12:23:00,1,Collision with vehicle,5,Friday,135,LANE CHANGE LEFT (NOT OVERTAKING),1,644764,T intersection,3,60,Arterial Other,SYDNEY,MORELAND,-37.734886,144.96573,2020,3,March,12,Midday,Weekday
T20200007748,2020-03-13,06:55:00,1,Collision with vehicle,5,Friday,110,CROSS TRAFFIC(INTERSECTIONS ONLY),1,649689,Multiple intersection,3,80,Arterial Other,BERWICK-CRANBOURNE,CASEY,-38.089493,145.33253,2020,3,March,6,Morning Peak,Weekday
T20200006414,2020-03-13,19:00:00,9,Other accident,5,Friday,179,OTHER ACCIDENTS-OFF STRAIGHT NOT INCLUDED IN DCAs 170-175,1,728967,Not at intersection,3,100,Arterial Other,BALLAN-DAYLESFORD,HEPBURN,-37.405075,144.12398,2020,3,March,19,Night,Weekday
T20200006137,2020-03-13,18:00:00,1,Collision with vehicle,5,Friday,130,REAR END(VEHICLES IN SAME LANE),1,29437,Cross intersection,3,80,Arterial Highway,GREENSBOROUGH,BANYULE,-37.71091,145.08499,2020,3,March,18,Afternoon Peak,Weekday
T20200006653,2020-03-13,17:14:00,4,Collision with a fixed object,5,Friday,173,RIGHT OFF CARRIAGEWAY INTO OBJECT/PARKED VEHICLE,1,643182,Not at intersection,2,60,Local Road,ROSS CREEK-HADDON,GOLDEN PLAINS,-37.611576,143.71468,2020,3,March,17,Afternoon Peak,Weekday
T20200006091,2020-03-13,08:30:00,1,Collision with vehicle,5,Friday,113,RIGHT NEAR (INTERSECTIONS ONLY),1,251238,T intersection,3,60,Local Road,MANLEY,HUME,-37.63771,144.92384,2020,3,March,8,Morning Peak,Weekday
T20200006092,2020-03-13,09:10:00,1,Collision with vehicle,5,Friday,130,REAR END(VEHICLES IN SAME LANE),1,652515,Not at intersection,3,60,Arterial Other,HAWTHORN,GLEN EIRA,-37.874474,145.02437,2020,3,March,9,Morning Peak,Weekday
T20200006477,2020-03-13,10:30:00,4,Collision with a fixed object,5,Friday,171,LEFT OFF CARRIAGEWAY INTO OBJECT/PARKED VEHICLE,1,648086,Not at intersection,3,80,Local Road,AUBREYS,BALLARAT,-37.632298,143.85175,2020,3,March,10,Midday,Weekday
T20200006094,2020-03-13,12:20:00,1,Collision with vehicle,5,Friday,116,LEFT NEAR (INTERSECTIONS ONLY),1,44905,T intersection,2,70,Arterial Other,BALLARAT,BRIMBANK,-37.76998,144.77243,2020,3,March,12,Midday,Weekday
T20200006150,2020-03-13,23:00:00,4,Collision with a fixed object,5,Friday,171,LEFT OFF CARRIAGEWAY INTO OBJECT/PARKED VEHICLE,3,651573,Not at intersection,2,60,Local Road,ROCKBANK MIDDLE,MELTON,-37.7444,144.72443,2020,3,March,23,Night,Weekday
T20200006176,2020-03-13,15:50:00,1,Collision with vehicle,5,Friday,130,REAR END(VEHICLES IN SAME LANE),1,47967,Cross intersection,3,50,Local Road,CHIFLEY,DAREBIN,-37.743492,145.03049,2020,3,March,15,Afternoon Peak,Weekday
T20200007939,2020-03-13,16:30:00,6,Vehicle overturned (no collision),5,Friday,174,OUT OF CONTROL ON CARRIAGEWAY (ON STRAIGHT),1,40237,Cross intersection,3,60,Arterial Other,TOORAK,STONNINGTON,-37.84276,145.02293,2020,3,March,16,Afternoon Peak,Weekday
T20200006098,2020-03-13,09:50:00,1,Collision with vehicle,5,Friday,130,REAR END(VEHICLES IN SAME LANE),1,209909,Not at intersection,3,100,Freeway,EASTERN,BOROONDARA,-37.787674,145.10193,2020,3,March,9,Morning Peak,Weekday
T20200006446,2020-03-13,18:25:00,1,Collision with vehicle,5,Friday,132,RIGHT REAR.,1,654071,T intersection,3,60,Arterial Highway,FRANCIS,MARIBYRNONG,-37.821636,144.89441,2020,3,March,18,Afternoon Peak,Weekday
T20200006102,2020-03-13,14:10:00,1,Collision with vehicle,5,Friday,132,RIGHT REAR.,1,62130,T intersection,2,60,Arterial Other,RESEARCH-WARRANDYTE,NILLUMBIK,-37.705627,145.18079,2020,3,March,14,Midday,Weekday
T20200006405,2020-03-14,15:35:00,1,Collision with vehicle,6,Saturday,130,REAR END(VEHICLES IN SAME LANE),1,39791,Cross intersection,3,60,Arterial Other,HULL,MAROONDAH,-37.797165,145.29034,2020,3,March,15,Afternoon Peak,Weekend
T20200006399,2020-03-14,08:50:00,1,Collision with vehicle,6,Saturday,147,VEHICLE STRIKES ANOTHER VEH WHILE EMERGING FROM DRIVEWAY,1,652426,Not at intersection,3,50,Local Road,OUTHWAITE,BANYULE,-37.73979,145.05396,2020,3,March,8,Morning Peak,Weekend
T20200007587,2020-03-14,01:38:00,4,Collision with a fixed object,6,Saturday,171,LEFT OFF CARRIAGEWAY INTO OBJECT/PARKED VEHICLE,5,652423,Not at intersection,3,100,Local Road,MYRNIONG-KOROBEIT,MOORABOOL,-37.58294,144.33054,2020,3,March,1,Late Night,Weekend
T20200013567,2020-03-14,22:18:00,1,Collision with vehicle,6,Saturday,130,REAR END(VEHICLES IN SAME LANE),3,657829,Not at intersection,3,60,Arterial Other,WILLIAMSTOWN,MARIBYRNONG,-37.81475,144.8831,2020,3,March,22,Night,Weekend
T20200006184,2020-03-14,14:25:00,1,Collision with vehicle,6,Saturday,132,RIGHT REAR.,1,648697,Y intersection,3,80,Arterial Other,HEIDELBERG-KINGLAKE,NILLUMBIK,-37.65473,145.18906,2020,3,March,14,Midday,Weekend
T20200006185,2020-03-14,12:00:00,1,Collision with vehicle,6,Saturday,121,RIGHT THROUGH,1,63922,Cross intersection,3,50,Arterial Other,GRANGE,DAREBIN,-37.767216,145.02724,2020,3,March,12,Midday,Weekend
T20200006186,2020-03-14,15:09:00,4,Collision with a fixed object,6,Saturday,173,RIGHT OFF CARRIAGEWAY INTO OBJECT/PARKED VEHICLE,1,49779,Y intersection,3,60,Arterial Other,SEPARATION,GEELONG,-38.11156,144.34981,2020,3,March,15,Afternoon Peak,Weekend
T20200006187,2020-03-14,16:15:00,1,Collision with vehicle,6,Saturday,163,VEHICLE STRIKES DOOR OF PARKED/STATIONARY VEHICLE,1,323937,Not at intersection,3,40,Local Road,CHAPEL,STONNINGTON,-37.84616,144.99428,2020,3,March,16,Afternoon Peak,Weekend
T20200006188,2020-03-14,15:55:00,4,Collision with a fixed object,6,Saturday,181,OFF RIGHT BEND INTO OBJECT/PARKED VEHICLE,1,773483,Not at intersection,3,80,Arterial Highway,WESTERN,NORTHERN GRAMPIANS,-36.91457,142.50868,2020,3,March,15,Afternoon Peak,Weekend
T20200006190,2020-03-14,13:41:00,4,Collision with a fixed object,6,Saturday,171,LEFT OFF CARRIAGEWAY INTO OBJECT/PARKED VEHICLE,1,637488,Not at intersection,3,50,Local Road,SEPARATION,DAREBIN,-37.772156,145.0234,2020,3,March,13,Midday,Weekend
T20200006191,2020-03-14,16:00:00,1,Collision with vehicle,6,Saturday,130,REAR END(VEHICLES IN SAME LANE),1,346403,T intersection,3,60,Local Road,WATSON,MITCHELL,-37.416332,144.97882,2020,3,March,16,Afternoon Peak,Weekend
T20200006192,2020-03-14,14:16:00,1,Collision with vehicle,6,Saturday,110,CROSS TRAFFIC(INTERSECTIONS ONLY),1,637024,Cross intersection,1,60,Local Road,LIDDIARD,LATROBE,-38.198753,146.55144,2020,3,March,14,Midday,Weekend
T20200006193,2020-03-14,16:20:00,1,Collision with vehicle,6,Saturday,110,CROSS TRAFFIC(INTERSECTIONS ONLY),1,43102,Cross intersection,3,60,Local Road,HILTON,DANDENONG,-37.99786,145.2244,2020,3,March,16,Afternoon Peak,Weekend
T20200006194,2020-03-14,17:07:00,1,Collision with vehicle,6,Saturday,131,LEFT REAR,1,638227,Not at intersection,2,80,Arterial Highway,COLERAINE,SOUTHERN GRAMPIANS,-37.723003,141.99513,2020,3,March,17,Afternoon Peak,Weekend
T20200006195,2020-03-14,09:25:00,2,Struck Pedestrian,6,Saturday,100,PED NEAR SIDE. PED HIT BY VEHICLE FROM THE RIGHT.,1,29493,T intersection,2,60,Arterial Other,HEIDELBERG,YARRA,-37.784904,145.00217,2020,3,March,9,Morning Peak,Weekend
T20200006196,2020-03-14,17:30:00,1,Collision with vehicle,6,Saturday,134,LANE CHANGE RIGHT (NOT OVERTAKING),1,637188,Not at intersection,3,60,Arterial Other,GRIMSHAW,BANYULE,-37.700073,145.05913,2020,3,March,17,Afternoon Peak,Weekend
T20200006743,2020-03-14,18:00:00,1,Collision with vehicle,6,Saturday,113,RIGHT NEAR (INTERSECTIONS ONLY),2,36363,T intersection,2,70,Arterial Other,KELLETTS,KNOX,-37.91341,145.26021,2020,3,March,18,Afternoon Peak,Weekend
T20200006838,2020-03-14,15:00:00,8,No collision and no object struck,6,Saturday,174,OUT OF CONTROL ON CARRIAGEWAY (ON STRAIGHT),1,50962,T intersection,2,50,Local Road,PHILLIPSON,WANGARATTA,-36.34977,146.30603,2020,3,March,15,Afternoon Peak,Weekend
T20200006198,2020-03-14,18:15:00,1,Collision with vehicle,6,Saturday,140,U TURN,1,652424,Not at intersection,2,60,Arterial Other,CENTRE,GLEN EIRA,-37.919132,145.04376,2020,3,March,18,Afternoon Peak,Weekend
T20200006200,2020-03-14,16:40:00,1,Collision with vehicle,6,Saturday,130,REAR END(VEHICLES IN SAME LANE),1,205997,Not at intersection,3,40,Arterial Highway,LONSDALE,DANDENONG,-37.98695,145.21431,2020,3,March,16,Afternoon Peak,Weekend
T20200006203,2020-03-14,21:40:00,1,Collision with vehicle,6,Saturday,110,CROSS TRAFFIC(INTERSECTIONS ONLY),3,69779,Cross intersection,2,50,Local Road,BUCKINGHAM,KNOX,-37.933884,145.24112,2020,3,March,21,Night,Weekend
T20200006206,2020-03-14,21:10:00,6,Vehicle overturned (no collision),6,Saturday,174,OUT OF CONTROL ON CARRIAGEWAY (ON STRAIGHT),5,638126,Not at intersection,3,100,Local Road,STEWART,SHEPPARTON,-36.458,145.18637,2020,3,March,21,Night,Weekend
T20200006147,2020-03-14,00:26:00,1,Collision with vehicle,6,Saturday,130,REAR END(VEHICLES IN SAME LANE),3,636713,Not at intersection,1,80,Arterial Other,FERNTREE GULLY,KNOX,-37.89364,145.25337,2020,3,March,0,Late Night,Weekend
T20200006797,2020-03-14,11:00:00,8,No collision and no object struck,6,Saturday,189,OTHER ACCIDENTS ON CURVE NOT INCLUDED IN DCAs 180-184,1,640657,Not at intersection,3,100,Local Road,FERRARIS,MANSFIELD,-36.932243,145.9245,2020,3,March,11,Midday,Weekend
T20200006212,2020-03-14,00:22:00,1,Collision with vehicle,6,Saturday,121,RIGHT THROUGH,3,29867,Cross intersection,3,40,Arterial Highway,MAROONDAH,MAROONDAH,-37.81581,145.22734,2020,3,March,0,Late Night,Weekend
T20200006179,2020-03-14,12:19:00,1,Collision with vehicle,6,Saturday,120,HEAD ON (NOT OVERTAKING),1,652998,Not at intersection,2,80,Arterial Other,MORNINGTON-FLINDERS,MORNINGTON PENINSULA,-38.406536,144.99231,2020,3,March,12,Midday,Weekend
T20200006154,2020-03-14,00:11:00,4,Collision with a fixed object,6,Saturday,171,LEFT OFF CARRIAGEWAY INTO OBJECT/PARKED VEHICLE,3,652914,Not at intersection,2,60,Arterial Other,HIGH,WHITTLESEA,-37.66801,145.01613,2020,3,March,0,Late Night,Weekend
T20200006152,2020-03-14,04:17:00,4,Collision with a fixed object,6,Saturday,181,OFF RIGHT BEND INTO OBJECT/PARKED VEHICLE,5,651772,Not at intersection,1,60,Arterial Other,MOUNT DANDENONG TOURIST,YARRA RANGES,-37.868443,145.35129,2020,3,March,4,Late Night,Weekend
T20200006149,2020-03-14,03:00:00,4,Collision with a fixed object,6,Saturday,171,LEFT OFF CARRIAGEWAY INTO OBJECT/PARKED VEHICLE,5,650888,Not at intersection,2,60,Local Road,PROUSES,BENDIGO,-36.72334,144.27919,2020,3,March,3,Late Night,Weekend
T20200006227,2020-03-14,19:03:00,1,Collision with vehicle,6,Saturday,163,VEHICLE STRIKES DOOR OF PARKED/STATIONARY VEHICLE,1,652425,Not at intersection,2,40,Local Road,CHAPEL,STONNINGTON,-37.853455,144.99307,2020,3,March,19,Night,Weekend
T20200006177,2020-03-14,13:10:00,2,Struck Pedestrian,6,Saturday,100,PED NEAR SIDE. PED HIT BY VEHICLE FROM THE RIGHT.,1,642688,Cross intersection,3,70,Arterial Other,BALLARAT,BRIMBANK,-37.7702,144.77467,2020,3,March,13,Midday,Weekend
T20200006635,2020-03-14,06:40:00,1,Collision with vehicle,6,Saturday,121,RIGHT THROUGH,1,241,Cross intersection,3,50,Local Road,ALBERT,MELBOURNE,-37.809246,144.97298,2020,3,March,6,Morning Peak,Weekend
T20200006197,2020-03-14,18:45:00,2,Struck Pedestrian,6,Saturday,100,PED NEAR SIDE. PED HIT BY VEHICLE FROM THE RIGHT.,1,640976,Not at intersection,2,60,Local Road,BARKLY,BALLARAT,-37.570553,143.86172,2020,3,March,18,Afternoon Peak,Weekend
T20200010698,2020-03-14,10:30:00,1,Collision with vehicle,6,Saturday,130,REAR END(VEHICLES IN SAME LANE),1,626,Cross intersection,3,70,Arterial Highway,SPRINGVALE,MONASH,-37.874386,145.16681,2020,3,March,10,Midday,Weekend
T20200007524,2020-03-14,11:12:00,1,Collision with vehicle,6,Saturday,110,CROSS TRAFFIC(INTERSECTIONS ONLY),9,52533,Cross intersection,3,60,Arterial Highway,FIFTEENTH,MILDURA,-34.219135,142.15121,2020,3,March,11,Midday,Weekend
T20200006171,2020-03-14,12:16:00,1,Collision with vehicle,6,Saturday,148,VEHICLE OFF FOOTPATH STRIKES VEH ON CARRIAGEWAY,1,656595,Cross intersection,2,50,Local Road,PEARCEDALE,HUME,-37.682247,144.9156,2020,3,March,12,Midday,Weekend
T20200006157,2020-03-14,08:15:00,1,Collision with vehicle,6,Saturday,110,CROSS TRAFFIC(INTERSECTIONS ONLY),1,35832,Cross intersection,2,80,Arterial Highway,MIDLAND,BALLARAT,-37.512737,143.84656,2020,3,March,8,Morning Peak,Weekend
T20200006181,2020-03-14,14:10:00,4,Collision with a fixed object,6,Saturday,183,OFF LEFT BEND INTO OBJECT/PARKED VEHICLE,1,645662,Not at intersection,2,40,Local Road,GHIN GHIN,MURRINDINDI,-37.193302,145.37503,2020,3,March,14,Midday,Weekend
T20200006225,2020-03-15,11:35:00,1,Collision with vehicle,7,Sunday,121,RIGHT THROUGH,1,277152,Cross intersection,3,70,Arterial Highway,KINGS,PORT PHILLIP,-37.829544,144.96378,2020,3,March,11,Midday,Weekend
T20200006230,2020-03-15,13:50:00,1,Collision with vehicle,7,Sunday,135,LANE CHANGE LEFT (NOT OVERTAKING),1,42892,Not at intersection,3,60,Arterial Other,HEATHERTON,DANDENONG,-37.963814,145.16354,2020,3,March,13,Midday,Weekend
T20200006231,2020-03-15,10:35:00,1,Collision with vehicle,7,Sunday,148,VEHICLE OFF FOOTPATH STRIKES VEH ON CARRIAGEWAY,1,230257,T intersection,2,50,Local Road,HALL,MARIBYRNONG,-37.815975,144.8969,2020,3,March,10,Midday,Weekend
T20200006233,2020-03-15,09:30:00,1,Collision with vehicle,7,Sunday,147,VEHICLE STRIKES ANOTHER VEH WHILE EMERGING FROM DRIVEWAY,1,640648,Not at intersection,3,60,Local Road,DAREBIN,WHITTLESEA,-37.674603,145.03642,2020,3,March,9,Morning Peak,Weekend
T20200006235,2020-03-15,11:04:00,1,Collision with vehicle,7,Sunday,130,REAR END(VEHICLES IN SAME LANE),1,222041,Cross intersection,2,90,Freeway,PENINSULA LINK,MORNINGTON PENINSULA,-38.37029,144.90863,2020,3,March,11,Midday,Weekend
T20200006238,2020-03-15,10:15:00,1,Collision with vehicle,7,Sunday,110,CROSS TRAFFIC(INTERSECTIONS ONLY),1,38927,Cross intersection,3,60,Arterial Other,GLENFERRIE,BOROONDARA,-37.809986,145.0377,2020,3,March,10,Midday,Weekend
T20200006858,2020-03-15,07:00:00,1,Collision with vehicle,7,Sunday,111,RIGHT FAR (INTERSECTIONS ONLY),1,278694,T intersection,3,70,Local Road,ALAMANDA,WYNDHAM,-37.89894,144.74207,2020,3,March,7,Morning Peak,Weekend
T20200006239,2020-03-15,13:25:00,1,Collision with vehicle,7,Sunday,140,U TURN,1,655689,Not at intersection,2,80,Arterial Other,COROROOKE,COLAC OTWAY,-38.26564,143.52452,2020,3,March,13,Midday,Weekend
T20200006242,2020-03-15,15:03:00,1,Collision with vehicle,7,Sunday,130,REAR END(VEHICLES IN SAME LANE),1,36094,Cross intersection,3,40,Local Road,ABBOTSFORD,MELBOURNE,-37.79845,144.94627,2020,3,March,15,Afternoon Peak,Weekend
T20200006328,2020-03-15,21:40:00,2,Struck Pedestrian,7,Sunday,100,PED NEAR SIDE. PED HIT BY VEHICLE FROM THE RIGHT.,3,36399,Cross intersection,2,60,Local Road,CANNING,MELBOURNE,-37.79774,144.97289,2020,3,March,21,Night,Weekend
T20200006321,2020-03-15,22:30:00,1,Collision with vehicle,7,Sunday,163,VEHICLE STRIKES DOOR OF PARKED/STATIONARY VEHICLE,3,77368,Not at intersection,3,40,Arterial Other,SWAN,YARRA,-37.82514,144.99312,2020,3,March,22,Night,Weekend
T20200006509,2020-03-15,13:00:00,1,Collision with vehicle,7,Sunday,131,LEFT REAR,1,351029,Not at intersection,3,60,Arterial Other,CLYDE,CASEY,-38.05561,145.33904,2020,3,March,13,Midday,Weekend
T20200006280,2020-03-15,18:00:00,1,Collision with vehicle,7,Sunday,110,CROSS TRAFFIC(INTERSECTIONS ONLY),1,639091,Cross intersection,3,50,Local Road,MARTIN,YARRA RANGES,-37.8185,145.34346,2020,3,March,18,Afternoon Peak,Weekend
T20200006291,2020-03-15,11:15:00,1,Collision with vehicle,7,Sunday,140,U TURN,1,648378,Y intersection,2,80,Arterial Other,FRANKSTON-FLINDERS,MORNINGTON PENINSULA,-38.271305,145.1899,2020,3,March,11,Midday,Weekend
T20200009814,2020-03-15,11:45:00,1,Collision with vehicle,7,Sunday,130,REAR END(VEHICLES IN SAME LANE),1,42513,Cross intersection,3,60,Arterial Highway,SPRINGVALE,DANDENONG,-37.96217,145.15036,2020,3,March,11,Midday,Weekend