ACCIDENT_NO,ACCIDENT_DATE,ACCIDENT_TIME,ACCIDENT_TYPE,ACCIDENT_TYPE_DESC,DAY_OF_WEEK,DAY_WEEK_DESC,DCA_CODE,DCA_DESC,LIGHT_CONDITION,NODE_ID,ROAD_GEOMETRY_DESC,SEVERITY,SPEED_ZONE,RMA,ROAD_NAME,LGA_NAME,LATITUDE,LONGITUDE,YEAR,MONTH,MONTH_NAME,HOUR,TIME_PERIOD,DAY_TYPE
T20200006308,2020-03-15,02:32:00,2,Struck Pedestrian,7,Sunday,102,FAR SIDE. PED HIT BY VEHICLE FROM THE LEFT,3,659147,Not at intersection,2,50,Arterial Highway,WYNDHAM,SHEPPARTON,-36.379257,145.39969,2020,3,March,2,Late Night,Weekend
T20200006223,2020-03-15,11:20:00,8,No collision and no object struck,7,Sunday,174,OUT OF CONTROL ON CARRIAGEWAY (ON STRAIGHT),1,640333,Not at intersection,3,100,Arterial Highway,GOULBURN VALLEY,MURRINDINDI,-37.161335,145.55074,2020,3,March,11,Midday,Weekend
T20200006250,2020-03-15,17:00:00,1,Collision with vehicle,7,Sunday,113,RIGHT NEAR (INTERSECTIONS ONLY),1,71972,T intersection,3,60,Arterial Other,BALLARTO,CARDINIA,-38.14611,145.42448,2020,3,March,17,Afternoon Peak,Weekend
T20200006253,2020-03-15,17:50:00,1,Collision with vehicle,7,Sunday,110,CROSS TRAFFIC(INTERSECTIONS ONLY),1,29772,Cross intersection,2,60,Arterial Other,ST GEORGES,DAREBIN,-37.73992,144.99907,2020,3,March,17,Afternoon Peak,Weekend
T20200006786,2020-03-15,11:40:00,4,Collision with a fixed object,7,Sunday,171,LEFT OFF CARRIAGEWAY INTO OBJECT/PARKED VEHICLE,1,640016,Y intersection,2,60,Local Road,DEVANNEY,MACEDON RANGES,-37.237476,144.63696,2020,3,March,11,Midday,Weekend
T20200006255,2020-03-15,15:36:00,4,Collision with a fixed object,7,Sunday,173,RIGHT OFF CARRIAGEWAY INTO OBJECT/PARKED VEHICLE,1,642375,Not at intersection,1,100,Arterial Other,STAWELL-AVOCA,NORTHERN GRAMPIANS,-37.035828,142.80167,2020,3,March,15,Afternoon Peak,Weekend
T20200006257,2020-03-15,18:30:00,1,Collision with vehicle,7,Sunday,160,VEHICLE COLLIDES WITH VEHICLE PARKED ON LEFT OF ROAD,2,662581,Not at intersection,2,50,Local Road,FOREST PARK,YARRA RANGES,-37.90927,145.32094,2020,3,March,18,Afternoon Peak,Weekend
T20200006261,2020-03-15,20:30:00,1,Collision with vehicle,7,Sunday,110,CROSS TRAFFIC(INTERSECTIONS ONLY),3,59326,Cross intersection,3,50,Local Road,BENALLA,BENALLA,-36.546608,145.9869,2020,3,March,20,Night,Weekend
T20200006262,2020-03-15,21:00:00,4,Collision with a fixed object,7,Sunday,171,LEFT OFF CARRIAGEWAY INTO OBJECT/PARKED VEHICLE,5,642851,Not at intersection,2,80,Local Road,SHELL,GEELONG,-38.26713,144.57825,2020,3,March,21,Night,Weekend
T20200006267,2020-03-15,23:40:00,1,Collision with vehicle,7,Sunday,111,RIGHT FAR (INTERSECTIONS ONLY),3,43092,Cross intersection,3,60,Local Road,MCCRAE,DANDENONG,-37.991833,145.22105,2020,3,March,23,Night,Weekend
T20200006265,2020-03-15,22:40:00,4,Collision with a fixed object,7,Sunday,173,RIGHT OFF CARRIAGEWAY INTO OBJECT/PARKED VEHICLE,3,653921,Not at intersection,2,80,Arterial Other,WINCHELSEA-DEANS MARSH,SURF COAST,-38.26311,143.97318,2020,3,March,22,Night,Weekend
T20200007077,2020-03-15,16:20:00,1,Collision with vehicle,7,Sunday,116,LEFT NEAR (INTERSECTIONS ONLY),1,48995,T intersection,3,60,Arterial Other,FRANKSTON-FLINDERS,MORNINGTON PENINSULA,-38.389355,145.09135,2020,3,March,16,Afternoon Peak,Weekend
T20200007308,2020-03-15,11:10:00,4,Collision with a fixed object,7,Sunday,181,OFF RIGHT BEND INTO OBJECT/PARKED VEHICLE,1,642536,Not at intersection,2,50,Local Road,PATERSON,CASEY,-38.06094,145.25269,2020,3,March,11,Midday,Weekend
T20200006264,2020-03-15,16:00:00,1,Collision with vehicle,7,Sunday,111,RIGHT FAR (INTERSECTIONS ONLY),1,38587,T intersection,3,60,Arterial Other,SOMERVILLE,MARIBYRNONG,-37.8102,144.86043,2020,3,March,16,Afternoon Peak,Weekend
T20200006339,2020-03-15,08:15:00,1,Collision with vehicle,7,Sunday,111,RIGHT FAR (INTERSECTIONS ONLY),1,29643,Cross intersection,2,50,Arterial Other,BOORAN ROAD -GLEN EIRA,GLEN EIRA,-37.881428,145.03459,2020,3,March,8,Morning Peak,Weekend
T20200007592,2020-03-15,00:30:00,2,Struck Pedestrian,7,Sunday,109,ANY MANOEUVRE INVOLVING PED NOT INCLUDED IN DCAs 100-108.,3,660129,Not at intersection,3,50,Arterial Highway,MAROONDAH,YARRA RANGES,-37.654343,145.51437,2020,3,March,0,Late Night,Weekend
T20200018095,2020-03-16,17:28:00,1,Collision with vehicle,1,Monday,130,REAR END(VEHICLES IN SAME LANE),1,664517,Not at intersection,3,70,Arterial Other,NARRACAN,LATROBE,-38.17995,146.2717,2020,3,March,17,Afternoon Peak,Weekday
T20200007611,2020-03-16,16:00:00,1,Collision with vehicle,1,Monday,110,CROSS TRAFFIC(INTERSECTIONS ONLY),1,52109,Cross intersection,3,50,Local Road,BURKE,BAW BAW,-38.1587,145.91643,2020,3,March,16,Afternoon Peak,Weekday
T20200006301,2020-03-16,13:55:00,1,Collision with vehicle,1,Monday,134,LANE CHANGE RIGHT (NOT OVERTAKING),1,30022,Cross intersection,3,60,Arterial Other,PRINCES,BALLARAT,-37.561974,143.87033,2020,3,March,13,Midday,Weekday
T20200006644,2020-03-16,17:16:00,1,Collision with vehicle,1,Monday,131,LEFT REAR,1,642525,Not at intersection,3,50,Local Road,DAWSON,BALLARAT,-37.562267,143.8532,2020,3,March,17,Afternoon Peak,Weekday
T20200006304,2020-03-16,14:21:00,4,Collision with a fixed object,1,Monday,171,LEFT OFF CARRIAGEWAY INTO OBJECT/PARKED VEHICLE,1,132783,T intersection,3,60,Arterial Other,MILLERS,HOBSONS BAY,-37.84919,144.8452,2020,3,March,14,Midday,Weekday
T20200006306,2020-03-16,13:05:00,1,Collision with vehicle,1,Monday,130,REAR END(VEHICLES IN SAME LANE),1,638442,Not at intersection,3,100,Freeway,MONASH,CASEY,-37.99475,145.26425,2020,3,March,13,Midday,Weekday
T20200006310,2020-03-16,15:02:00,4,Collision with a fixed object,1,Monday,181,OFF RIGHT BEND INTO OBJECT/PARKED VEHICLE,1,652227,Not at intersection,3,100,Arterial Highway,MAROONDAH,MANSFIELD,-37.0257,145.84265,2020,3,March,15,Afternoon Peak,Weekday
T20200006311,2020-03-16,12:55:00,2,Struck Pedestrian,1,Monday,100,PED NEAR SIDE. PED HIT BY VEHICLE FROM THE RIGHT.,1,29943,Unknown,1,50,Arterial Other,SHANNON,GEELONG,-38.138493,144.33679,2020,3,March,12,Midday,Weekday
T20200007093,2020-03-16,07:45:00,1,Collision with vehicle,1,Monday,113,RIGHT NEAR (INTERSECTIONS ONLY),1,311300,T intersection,3,60,Arterial Other,PALMERS,WYNDHAM,-37.873585,144.74898,2020,3,March,7,Morning Peak,Weekday
T20200006313,2020-03-16,15:35:00,1,Collision with vehicle,1,Monday,160,VEHICLE COLLIDES WITH VEHICLE PARKED ON LEFT OF ROAD,1,639390,Not at intersection,2,50,Local Road,SUMMERHILL,MARIBYRNONG,-37.795135,144.88188,2020,3,March,15,Afternoon Peak,Weekday
T20200006316,2020-03-16,08:11:00,1,Collision with vehicle,1,Monday,130,REAR END(VEHICLES IN SAME LANE),1,638131,Not at intersection,2,80,Arterial Other,HUME,HUME,-37.59937,144.94405,2020,3,March,8,Morning Peak,Weekday
T20200006343,2020-03-16,20:00:00,1,Collision with vehicle,1,Monday,113,RIGHT NEAR (INTERSECTIONS ONLY),2,647627,T intersection,2,80,Arterial Other,BALNARRING ROAD -OLD MOOROODUC,MORNINGTON PENINSULA,-38.283264,145.06787,2020,3,March,20,Night,Weekday
T20200006345,2020-03-16,18:00:00,1,Collision with vehicle,1,Monday,132,RIGHT REAR.,1,44867,T intersection,2,60,Arterial Other,BARRY,HUME,-37.66504,144.93312,2020,3,March,18,Afternoon Peak,Weekday
T20200006346,2020-03-16,21:28:00,1,Collision with vehicle,1,Monday,110,CROSS TRAFFIC(INTERSECTIONS ONLY),3,44555,Cross intersection,2,50,Local Road,GRAHAM,HUME,-37.691284,144.92332,2020,3,March,21,Night,Weekday
T20200006318,2020-03-16,14:22:00,1,Collision with vehicle,1,Monday,160,VEHICLE COLLIDES WITH VEHICLE PARKED ON LEFT OF ROAD,1,638777,Not at intersection,3,60,Arterial Other,TOORAK,STONNINGTON,-37.84245,145.02039,2020,3,March,14,Midday,Weekday
T20200006319,2020-03-16,15:53:00,1,Collision with vehicle,1,Monday,147,VEHICLE STRIKES ANOTHER VEH WHILE EMERGING FROM DRIVEWAY,1,648379,Not at intersection,3,80,Arterial Other,PASCOE VALE,HUME,-37.642075,144.92868,2020,3,March,15,Afternoon Peak,Weekday
T20200006348,2020-03-16,20:45:00,1,Collision with vehicle,1,Monday,113,RIGHT NEAR (INTERSECTIONS ONLY),3,38572,Cross intersection,2,60,Arterial Highway,PLENTY,WHITTLESEA,-37.697838,145.05884,2020,3,March,20,Night,Weekday
T20200006323,2020-03-16,16:50:00,1,Collision with vehicle,1,Monday,136,RIGHT TURN SIDESWIPE,1,652999,Cross intersection,3,100,Arterial Highway,CALDER HIGHWAY -MAIN,LODDON,-36.60909,143.95341,2020,3,March,16,Afternoon Peak,Weekday
T20200006324,2020-03-16,16:49:00,1,Collision with vehicle,1,Monday,120,HEAD ON (NOT OVERTAKING),1,729192,Not at intersection,2,60,Arterial Other,PASCOE VALE,MORELAND,-37.7206,144.92096,2020,3,March,16,Afternoon Peak,Weekday
T20200006325,2020-03-16,17:25:00,1,Collision with vehicle,1,Monday,133,LANE SIDE SWIPE (VEHICLES IN PARALLEL LANES),1,652228,Not at intersection,3,60,Arterial Other,EARL,BOROONDARA,-37.795963,145.03796,2020,3,March,17,Afternoon Peak,Weekday
T20200006329,2020-03-16,19:23:00,1,Collision with vehicle,1,Monday,116,LEFT NEAR (INTERSECTIONS ONLY),2,52839,Cross intersection,3,70,Arterial Other,STURT,BALLARAT,-37.55699,143.82217,2020,3,March,19,Night,Weekday
T20200006330,2020-03-16,14:55:00,2,Struck Pedestrian,1,Monday,100,PED NEAR SIDE. PED HIT BY VEHICLE FROM THE RIGHT.,1,29696,T intersection,3,50,Arterial Other,BALCOMBE,KINGSTON,-37.98083,145.06125,2020,3,March,14,Midday,Weekday
T20200006338,2020-03-16,15:34:00,1,Collision with vehicle,1,Monday,160,VEHICLE COLLIDES WITH VEHICLE PARKED ON LEFT OF ROAD,1,729193,Not at intersection,2,50,Local Road,MALCOLM,KINGSTON,-38.00129,145.11357,2020,3,March,15,Afternoon Peak,Weekday
T20200006341,2020-03-16,18:55:00,1,Collision with vehicle,1,Monday,133,LANE SIDE SWIPE (VEHICLES IN PARALLEL LANES),1,638444,Cross intersection,3,60,Local Road,CALDER PARK,MELTON,-37.723785,144.75061,2020,3,March,18,Afternoon Peak,Weekday
T20200006342,2020-03-16,17:04:00,1,Collision with vehicle,1,Monday,110,CROSS TRAFFIC(INTERSECTIONS ONLY),1,729194,Cross intersection,3,80,Local Road,DOVETON,CASEY,-38.003292,145.24916,2020,3,March,17,Afternoon Peak,Weekday
T20200006378,2020-03-16,19:30:00,2,Struck Pedestrian,1,Monday,100,PED NEAR SIDE. PED HIT BY VEHICLE FROM THE RIGHT.,6,39273,Cross intersection,3,60,Arterial Highway,WHITEHORSE,WHITEHORSE,-37.816826,145.11504,2020,3,March,19,Night,Weekday
T20200006386,2020-03-16,07:50:00,1,Collision with vehicle,1,Monday,130,REAR END(VEHICLES IN SAME LANE),1,638446,Not at intersection,3,100,Freeway,EASTLINK,KNOX,-37.89786,145.21492,2020,3,March,7,Morning Peak,Weekday
T20200006411,2020-03-16,21:05:00,3,Struck animal,1,Monday,167,STRUCK ANIMAL,5,642854,Not at intersection,3,80,Arterial Other,PAKENHAM,CARDINIA,-37.97431,145.51189,2020,3,March,21,Night,Weekday
T20200006298,2020-03-16,06:47:00,1,Collision with vehicle,1,Monday,137,LEFT TURN SIDESWIPE,3,35778,Cross intersection,1,80,Arterial Highway,NORTH SHORE ROAD -THE BOULEVARD,GEELONG,-38.09886,144.35536,2020,3,March,6,Morning Peak,Weekday
T20200006294,2020-03-16,13:30:00,1,Collision with vehicle,1,Monday,147,VEHICLE STRIKES ANOTHER VEH WHILE EMERGING FROM DRIVEWAY,1,51606,T intersection,3,60,Arterial Highway,MARONG,BENDIGO,-36.757088,144.26085,2020,3,March,13,Midday,Weekday
T20200006340,2020-03-16,19:12:00,1,Collision with vehicle,1,Monday,113,RIGHT NEAR (INTERSECTIONS ONLY),1,69381,T intersection,2,50,Arterial Other,CENTRE,BAYSIDE,-37.91552,145.01459,2020,3,March,19,Night,Weekday
T20200006287,2020-03-16,09:00:00,1,Collision with vehicle,1,Monday,113,RIGHT NEAR (INTERSECTIONS ONLY),1,638128,T intersection,3,50,Local Road,YALLAMBIE,BANYULE,-37.72077,145.09259,2020,3,March,9,Morning Peak,Weekday
T20200006282,2020-03-16,07:30:00,1,Collision with vehicle,1,Monday,113,RIGHT NEAR (INTERSECTIONS ONLY),2,56286,T intersection,3,70,Local Road,ERNST WANKE,CASEY,-38.004044,145.3227,2020,3,March,7,Morning Peak,Weekday
T20200006281,2020-03-16,09:20:00,2,Struck Pedestrian,1,Monday,103,PED PLAYING/LYING/WORKING/STANDING ON CARRIAGEWAY.,1,652422,Not at intersection,3,50,Local Road,GORE,YARRA,-37.79831,144.98317,2020,3,March,9,Morning Peak,Weekday
T20200006279,2020-03-16,06:22:00,4,Collision with a fixed object,1,Monday,183,OFF LEFT BEND INTO OBJECT/PARKED VEHICLE,2,640649,Not at intersection,2,100,Local Road,EDWARDS,BENDIGO,-36.769646,144.16434,2020,3,March,6,Morning Peak,Weekday
T20200006430,2020-03-16,15:40:00,1,Collision with vehicle,1,Monday,130,REAR END(VEHICLES IN SAME LANE),1,638779,Not at intersection,2,80,Arterial Highway,NEPEAN,MORNINGTON PENINSULA,-38.214237,145.06445,2020,3,March,15,Afternoon Peak,Weekday
T20200007276,2020-03-16,15:20:00,1,Collision with vehicle,1,Monday,130,REAR END(VEHICLES IN SAME LANE),1,627,Cross intersection,3,60,Arterial Highway,SPRINGVALE,WHITEHORSE,-37.834682,145.17274,2020,3,March,15,Afternoon Peak,Weekday
T20200010158,2020-03-16,14:00:00,8,No collision and no object struck,1,Monday,169,OTHER ON PATH,1,653652,Not at intersection,3,40,Local Road,CALLISTEMON,MORNINGTON PENINSULA,-38.250385,145.04213,2020,3,March,14,Midday,Weekday
T20200015809,2020-03-16,11:30:00,1,Collision with vehicle,1,Monday,113,RIGHT NEAR (INTERSECTIONS ONLY),1,39467,T intersection,3,70,Arterial Other,DONCASTER,MANNINGHAM,-37.7898,145.16742,2020,3,March,11,Midday,Weekday
T20200006630,2020-03-17,10:55:00,2,Struck Pedestrian,2,Tuesday,100,PED NEAR SIDE. PED HIT BY VEHICLE FROM THE RIGHT.,1,647787,Not at intersection,2,50,Arterial Highway,MIDLAND,BENALLA,-36.55188,145.98297,2020,3,March,10,Midday,Weekday
T20200006454,2020-03-17,16:41:00,1,Collision with vehicle,2,Tuesday,120,HEAD ON (NOT OVERTAKING),1,637960,Not at intersection,1,100,Arterial Highway,SOUTH GIPPSLAND,SOUTH GIPPSLAND,-38.55461,145.95473,2020,3,March,16,Afternoon Peak,Weekday
T20200006419,2020-03-17,14:26:00,1,Collision with vehicle,2,Tuesday,160,VEHICLE COLLIDES WITH VEHICLE PARKED ON LEFT OF ROAD,1,646530,Not at intersection,2,80,Arterial Highway,MAROONDAH,MANSFIELD,-37.0213,145.88652,2020,3,March,14,Midday,Weekday
T20200006420,2020-03-17,09:06:00,6,Vehicle overturned (no collision),2,Tuesday,170,OFF CARRIAGEWAY TO LEFT,1,728968,Not at intersection,2,80,Local Road,WILDWOOD,HUME,-37.631702,144.81766,2020,3,March,9,Morning Peak,Weekday
T20200006449,2020-03-17,20:35:00,1,Collision with vehicle,2,Tuesday,110,CROSS TRAFFIC(INTERSECTIONS ONLY),3,49929,Cross intersection,3,60,Arterial Highway,ABERDEEN,GEELONG,-38.14676,144.34712,2020,3,March,20,Night,Weekday
T20200006448,2020-03-17,20:54:00,2,Struck Pedestrian,2,Tuesday,102,FAR SIDE. PED HIT BY VEHICLE FROM THE LEFT,3,638453,T intersection,3,60,Arterial Highway,BELL,MORELAND,-37.742134,144.97444,2020,3,March,20,Night,Weekday
T20200007315,2020-03-17,11:35:00,1,Collision with vehicle,2,Tuesday,140,U TURN,1,47583,T intersection,3,50,Local Road,HEDDERWICK,MOONEE VALLEY,-37.74539,144.90108,2020,3,March,11,Midday,Weekday
T20200006481,2020-03-17,14:00:00,1,Collision with vehicle,2,Tuesday,130,REAR END(VEHICLES IN SAME LANE),1,35555,Cross intersection,3,50,Arterial Highway,NORTH,MONASH,-37.909508,145.08524,2020,3,March,14,Midday,Weekday
T20200006363,2020-03-17,07:30:00,1,Collision with vehicle,2,Tuesday,130,REAR END(VEHICLES IN SAME LANE),2,60103,T intersection,2,80,Arterial Highway,MALDON,MOUNT ALEXANDER,-37.06887,144.18341,2020,3,March,7,Morning Peak,Weekday
T20200006421,2020-03-17,08:50:00,1,Collision with vehicle,2,Tuesday,148,VEHICLE OFF FOOTPATH STRIKES VEH ON CARRIAGEWAY,1,651963,T intersection,3,50,Arterial Other,RICDANIC,KNOX,-37.84334,145.24763,2020,3,March,8,Morning Peak,Weekday
T20200006416,2020-03-17,08:51:00,1,Collision with vehicle,2,Tuesday,113,RIGHT NEAR (INTERSECTIONS ONLY),1,45827,T intersection,3,60,Arterial Other,HIGHBURY,WHITEHORSE,-37.860687,145.1584,2020,3,March,8,Morning Peak,Weekday
T20200006413,2020-03-17,14:13:00,1,Collision with vehicle,2,Tuesday,130,REAR END(VEHICLES IN SAME LANE),1,641595,Not at intersection,3,80,Arterial Highway,SPRINGVALE,WHITEHORSE,-37.854374,145.16936,2020,3,March,14,Midday,Weekday
T20200006412,2020-03-17,13:30:00,1,Collision with vehicle,2,Tuesday,121,RIGHT THROUGH,1,45640,Cross intersection,3,40,Arterial Other,SYDNEY,MORELAND,-37.776115,144.9606,2020,3,March,13,Midday,Weekday
T20200006440,2020-03-17,18:50:00,1,Collision with vehicle,2,Tuesday,160,VEHICLE COLLIDES WITH VEHICLE PARKED ON LEFT OF ROAD,1,640979,Not at intersection,3,50,Local Road,ORR,MOONEE VALLEY,-37.738815,144.91188,2020,3,March,18,Afternoon Peak,Weekday
T20200006410,2020-03-17,12:05:00,1,Collision with vehicle,2,Tuesday,169,OTHER ON PATH,1,643014,Not at intersection,2,40,Local Road,PAKINGTON,GEELONG,-38.13929,144.34856,2020,3,March,12,Midday,Weekday
T20200006436,2020-03-17,11:30:00,1,Collision with vehicle,2,Tuesday,121,RIGHT THROUGH,1,302394,T intersection,2,80,Arterial Other,BITTERN-DROMANA,MORNINGTON PENINSULA,-38.353622,145.07399,2020,3,March,11,Midday,Weekday
T20200006409,2020-03-17,10:54:00,1,Collision with vehicle,2,Tuesday,135,LANE CHANGE LEFT (NOT OVERTAKING),1,638449,Not at intersection,2,60,Arterial Other,WARRANDYTE,MAROONDAH,-37.793495,145.23543,2020,3,March,10,Midday,Weekday
T20200006406,2020-03-17,08:53:00,2,Struck Pedestrian,2,Tuesday,100,PED NEAR SIDE. PED HIT BY VEHICLE FROM THE RIGHT.,1,639391,Not at intersection,2,40,Local Road,WILLIAMSON,BENDIGO,-36.760242,144.28206,2020,3,March,8,Morning Peak,Weekday
T20200006404,2020-03-17,11:40:00,4,Collision with a fixed object,2,Tuesday,173,RIGHT OFF CARRIAGEWAY INTO OBJECT/PARKED VEHICLE,1,656596,Not at intersection,2,100,Arterial Highway,GLENELG,ARARAT,-37.691074,142.99007,2020,3,March,11,Midday,Weekday
T20200006403,2020-03-17,12:00:00,1,Collision with vehicle,2,Tuesday,113,RIGHT NEAR (INTERSECTIONS ONLY),1,69217,T intersection,2,60,Local Road,GLENFERN,YARRA RANGES,-37.908436,145.33963,2020,3,March,12,Midday,Weekday
T20200006595,2020-03-17,09:05:00,1,Collision with vehicle,2,Tuesday,116,LEFT NEAR (INTERSECTIONS ONLY),1,921,Cross intersection,3,60,Arterial Highway,BALLARTO,FRANKSTON,-38.112736,145.1579,2020,3,March,9,Morning Peak,Weekday
T20200006495,2020-03-17,15:00:00,1,Collision with vehicle,2,Tuesday,121,RIGHT THROUGH,1,640009,Cross intersection,3,60,Freeway,PLENTY,NILLUMBIK,-37.6865,145.068,2020,3,March,15,Afternoon Peak,Weekday
T20200006376,2020-03-17,08:58:00,1,Collision with vehicle,2,Tuesday,147,VEHICLE STRIKES ANOTHER VEH WHILE EMERGING FROM DRIVEWAY,1,651877,Not at intersection,3,60,Local Road,WILMOT,SHEPPARTON,-36.397438,145.40039,2020,3,March,8,Morning Peak,Weekday
T20200006544,2020-03-17,14:50:00,1,Collision with vehicle,2,Tuesday,130,REAR END(VEHICLES IN SAME LANE),1,292572,T intersection,3,60,Arterial Other,CRANBOURNE,FRANKSTON,-38.146694,145.13857,2020,3,March,14,Midday,Weekday
T20200008184,2020-03-17,14:30:00,1,Collision with vehicle,2,Tuesday,130,REAR END(VEHICLES IN SAME LANE),1,651177,Not at intersection,3,60,Arterial Other,BLUFF,BAYSIDE,-37.94332,145.02277,2020,3,March,14,Midday,Weekday
T20200006433,2020-03-17,15:24:00,1,Collision with vehicle,2,Tuesday,121,RIGHT THROUGH,1,641,Cross intersection,2,60,Arterial Other,BORONIA,KNOX,-37.862667,145.28825,2020,3,March,15,Afternoon Peak,Weekday
T20200006364,2020-03-17,06:55:00,3,Struck animal,2,Tuesday,167,STRUCK ANIMAL,2,661234,T intersection,2,100,Local Road,HOPKINS PNT,WARRNAMBOOL,-38.40827,142.56628,2020,3,March,6,Morning Peak,Weekday
T20200006423,2020-03-17,15:46:00,1,Collision with vehicle,2,Tuesday,110,CROSS TRAFFIC(INTERSECTIONS ONLY),1,644756,Cross intersection,3,60,Local Road,NORMAN,BALLARAT,-37.538418,143.87556,2020,3,March,15,Afternoon Peak,Weekday
T20200006401,2020-03-17,09:58:00,2,Struck Pedestrian,2,Tuesday,106,VEH STRIKES PED ON FOOTPATH/MEDIAN/TRAFFIC ISLAND.,1,44473,Cross intersection,2,50,Local Road,MOORABOOL,GEELONG,-38.151367,144.35886,2020,3,March,9,Morning Peak,Weekday
T20200006397,2020-03-17,09:10:00,1,Collision with vehicle,2,Tuesday,135,LANE CHANGE LEFT (NOT OVERTAKING),1,29386,Cross intersection,3,50,Arterial Other,MACARTHUR,MELBOURNE,-37.78988,144.95876,2020,3,March,9,Morning Peak,Weekday
T20200006429,2020-03-17,15:23:00,1,Collision with vehicle,2,Tuesday,132,RIGHT REAR.,1,653295,Not at intersection,3,80,Arterial Highway,NEPEAN,MORNINGTON PENINSULA,-38.265415,145.03728,2020,3,March,15,Afternoon Peak,Weekday
T20200006389,2020-03-17,07:54:00,1,Collision with vehicle,2,Tuesday,130,REAR END(VEHICLES IN SAME LANE),1,638448,Not at intersection,3,100,Freeway,MONASH FREEWAY -PRINCES,CASEY,-38.028214,145.32086,2020,3,March,7,Morning Peak,Weekday
T20200006384,2020-03-17,10:20:00,1,Collision with vehicle,2,Tuesday,142,LEAVING PARKING,1,651968,Not at intersection,2,50,Arterial Other,MURPHY,WANGARATTA,-36.356377,146.32498,2020,3,March,10,Midday,Weekday
T20200008430,2020-03-17,08:50:00,1,Collision with vehicle,2,Tuesday,130,REAR END(VEHICLES IN SAME LANE),1,651381,Not at intersection,2,60,Arterial Other,BALLARTO,FRANKSTON,-38.11347,145.1638,2020,3,March,8,Morning Peak,Weekday
T20200006432,2020-03-17,14:00:00,1,Collision with vehicle,2,Tuesday,120,HEAD ON (NOT OVERTAKING),1,663787,Not at intersection,2,70,Arterial Highway,WARBURTON,YARRA RANGES,-37.769215,145.40923,2020,3,March,14,Midday,Weekday
T20200006383,2020-03-17,09:35:00,1,Collision with vehicle,2,Tuesday,110,CROSS TRAFFIC(INTERSECTIONS ONLY),1,49229,Cross intersection,3,60,Arterial Highway,FIFTEENTH,MILDURA,-34.21099,142.14137,2020,3,March,9,Morning Peak,Weekday
T20200008963,2020-03-17,10:10:00,1,Collision with vehicle,2,Tuesday,130,REAR END(VEHICLES IN SAME LANE),1,340540,Cross intersection,3,70,Arterial Other,BALLARAT,BRIMBANK,-37.776966,144.82874,2020,3,March,10,Midday,Weekday
T20200007597,2020-03-17,10:00:00,4,Collision with a fixed object,2,Tuesday,171,LEFT OFF CARRIAGEWAY INTO OBJECT/PARKED VEHICLE,1,644763,Not at intersection,2,100,Local Road,GLEESONS,STRATHBOGIE,-36.854046,144.83249,2020,3,March,10,Midday,Weekday
T20200006656,2020-03-17,18:00:00,1,Collision with vehicle,2,Tuesday,110,CROSS TRAFFIC(INTERSECTIONS ONLY),1,37467,Cross intersection,3,50,Local Road,IFFLA,PORT PHILLIP,-37.83744,144.95016,2020,3,March,18,Afternoon Peak,Weekday
T20200006350,2020-03-17,00:45:00,4,Collision with a fixed object,2,Tuesday,171,LEFT OFF CARRIAGEWAY INTO OBJECT/PARKED VEHICLE,3,653111,Not at intersection,2,60,Arterial Highway,PRINCES,EAST GIPPSLAND,-37.822536,147.86055,2020,3,March,0,Late Night,Weekday
T20200006355,2020-03-17,05:22:00,1,Collision with vehicle,2,Tuesday,121,RIGHT THROUGH,3,35622,Cross intersection,2,60,Arterial Highway,STUD,DANDENONG,-37.97103,145.22339,2020,3,March,5,Morning Peak,Weekday
T20200006356,2020-03-17,05:20:00,1,Collision with vehicle,2,Tuesday,130,REAR END(VEHICLES IN SAME LANE),2,653000,Not at intersection,2,40,Local Road,CHAPEL,PORT PHILLIP,-37.859562,144.99193,2020,3,March,5,Morning Peak,Weekday
T20200006357,2020-03-17,04:41:00,1,Collision with vehicle,2,Tuesday,121,RIGHT THROUGH,3,277792,Cross intersection,2,80,Local Road,HAMMOND,DANDENONG,-38.00316,145.20793,2020,3,March,4,Late Night,Weekday
T20200006605,2020-03-17,07:40:00,4,Collision with a fixed object,2,Tuesday,183,OFF LEFT BEND INTO OBJECT/PARKED VEHICLE,1,657755,Not at intersection,3,80,Local Road,LOCH-WONTHAGGI,BASS COAST,-38.564884,145.57936,2020,3,March,7,Morning Peak,Weekday
T20200006582,2020-03-17,10:15:00,1,Collision with vehicle,2,Tuesday,130,REAR END(VEHICLES IN SAME LANE),1,323852,Cross intersection,3,80,Arterial Other,BERWICK-CRANBOURNE,CASEY,-38.116344,145.30765,2020,3,March,10,Midday,Weekday
T20200006360,2020-03-17,06:45:00,1,Collision with vehicle,2,Tuesday,116,LEFT NEAR (INTERSECTIONS ONLY),1,640004,T intersection,2,60,Arterial Other,VICTORIA CROSS,WODONGA,-36.137928,146.89935,2020,3,March,6,Morning Peak,Weekday
T20200006484,2020-03-17,17:15:00,1,Collision with vehicle,2,Tuesday,131,LEFT REAR,1,235160,Cross intersection,3,60,Arterial Highway,MAROONDAH,YARRA RANGES,-37.758392,145.31624,2020,3,March,17,Afternoon Peak,Weekday
T20200006694,2020-03-17,16:10:00,1,Collision with vehicle,2,Tuesday,121,RIGHT THROUGH,1,351283,T intersection,3,40,Arterial Other,HOTHAM,GLEN EIRA,-37.874622,144.99844,2020,3,March,16,Afternoon Peak,Weekday
T20200006372,2020-03-17,09:00:00,1,Collision with vehicle,2,Tuesday,137,LEFT TURN SIDESWIPE,1,35408,Cross intersection,2,60,Arterial Other,HIGH,MELBOURNE,-37.85022,144.98064,2020,3,March,9,Morning Peak,Weekday
T20200006362,2020-03-17,04:05:00,1,Collision with vehicle,2,Tuesday,113,RIGHT NEAR (INTERSECTIONS ONLY),3,244028,T intersection,1,60,Local Road,HODGINS,MORNINGTON PENINSULA,-38.299908,145.17792,2020,3,March,4,Late Night,Weekday