ACCIDENT_NO,ACCIDENT_DATE,ACCIDENT_TIME,ACCIDENT_TYPE,ACCIDENT_TYPE_DESC,DAY_OF_WEEK,DAY_WEEK_DESC,DCA_CODE,DCA_DESC,LIGHT_CONDITION,NODE_ID,ROAD_GEOMETRY_DESC,SEVERITY,SPEED_ZONE,RMA,ROAD_NAME,LGA_NAME,LATITUDE,LONGITUDE,YEAR,MONTH,MONTH_NAME,HOUR,TIME_PERIOD,DAY_TYPE
T20200006487,2020-03-17,14:40:00,1,Collision with vehicle,2,Tuesday,111,RIGHT FAR (INTERSECTIONS ONLY),1,63490,T intersection,2,50,Local Road,DUNDAS,DAREBIN,-37.755,145.02585,2020,3,March,14,Midday,Weekday
T20200006467,2020-03-17,23:32:00,1,Collision with vehicle,2,Tuesday,121,RIGHT THROUGH,3,41353,Cross intersection,2,60,Arterial Other,BOORAN ROAD -NEERIM,GLEN EIRA,-37.886284,145.03816,2020,3,March,23,Night,Weekday
T20200006465,2020-03-17,21:39:00,1,Collision with vehicle,2,Tuesday,153,CUTTING IN (OVERTAKING),3,638780,T intersection,2,60,Arterial Highway,BELL,MORELAND,-37.739273,144.94637,2020,3,March,21,Night,Weekday
T20200006461,2020-03-17,05:14:00,1,Collision with vehicle,2,Tuesday,134,LANE CHANGE RIGHT (NOT OVERTAKING),2,638455,Not at intersection,2,80,Arterial Highway,RINGWOOD,MAROONDAH,-37.810818,145.23442,2020,3,March,5,Morning Peak,Weekday
T20200006459,2020-03-17,17:40:00,1,Collision with vehicle,2,Tuesday,134,LANE CHANGE RIGHT (NOT OVERTAKING),1,644432,Not at intersection,3,60,Arterial Other,FOOTE,MANNINGHAM,-37.759937,145.1371,2020,3,March,17,Afternoon Peak,Weekday
T20200016806,2020-03-17,08:05:00,1,Collision with vehicle,2,Tuesday,121,RIGHT THROUGH,1,665794,Not at intersection,3,60,Local Road,RUBICON,BALLARAT,-37.580967,143.8295,2020,3,March,8,Morning Peak,Weekday
T20200006455,2020-03-17,21:10:00,4,Collision with a fixed object,2,Tuesday,171,LEFT OFF CARRIAGEWAY INTO OBJECT/PARKED VEHICLE,5,638454,Not at intersection,2,100,Local Road,BOUNDARY,MELTON,-37.804096,144.68726,2020,3,March,21,Night,Weekday
T20200006479,2020-03-18,06:00:00,1,Collision with vehicle,3,Wednesday,160,VEHICLE COLLIDES WITH VEHICLE PARKED ON LEFT OF ROAD,3,638782,Not at intersection,3,50,Local Road,SUSSEX,MORELAND,-37.729107,144.94997,2020,3,March,6,Morning Peak,Weekday
T20200006536,2020-03-18,22:20:00,1,Collision with vehicle,3,Wednesday,160,VEHICLE COLLIDES WITH VEHICLE PARKED ON LEFT OF ROAD,3,651869,Not at intersection,3,50,Local Road,MAGNOLIA,HUME,-37.647892,144.91585,2020,3,March,22,Night,Weekday
T20200006531,2020-03-18,17:20:00,1,Collision with vehicle,3,Wednesday,110,CROSS TRAFFIC(INTERSECTIONS ONLY),1,30318,Cross intersection,3,60,Arterial Other,HORNE,HUME,-37.578465,144.72673,2020,3,March,17,Afternoon Peak,Weekday
T20200006526,2020-03-18,15:30:00,1,Collision with vehicle,3,Wednesday,143,ENTERING PARKING,1,75003,T intersection,2,40,Local Road,RUSSELL,MELBOURNE,-37.811142,144.96733,2020,3,March,15,Afternoon Peak,Weekday
T20200006524,2020-03-18,18:45:00,4,Collision with a fixed object,3,Wednesday,171,LEFT OFF CARRIAGEWAY INTO OBJECT/PARKED VEHICLE,2,40382,Cross intersection,2,50,Local Road,COPPIN,STONNINGTON,-37.871265,145.04335,2020,3,March,18,Afternoon Peak,Weekday
T20200006517,2020-03-18,14:13:00,1,Collision with vehicle,3,Wednesday,113,RIGHT NEAR (INTERSECTIONS ONLY),1,36906,T intersection,3,80,Arterial Other,WELLINGTON,KNOX,-37.928226,145.25957,2020,3,March,14,Midday,Weekday
T20200006515,2020-03-18,16:55:00,1,Collision with vehicle,3,Wednesday,148,VEHICLE OFF FOOTPATH STRIKES VEH ON CARRIAGEWAY,1,652464,Not at intersection,3,50,Local Road,ROBIN,GEELONG,-38.08629,144.35156,2020,3,March,16,Afternoon Peak,Weekday
T20200006514,2020-03-18,14:47:00,4,Collision with a fixed object,3,Wednesday,181,OFF RIGHT BEND INTO OBJECT/PARKED VEHICLE,1,648088,Not at intersection,2,100,Arterial Highway,GREAT OCEAN,COLAC OTWAY,-38.770473,143.46152,2020,3,March,14,Midday,Weekday
T20200006513,2020-03-18,16:30:00,4,Collision with a fixed object,3,Wednesday,175,OFF END OF ROAD/T-INTERSECTION.,1,651873,Cross intersection,2,100,Local Road,ST ARNAUD-DUNOLLY,CENTRAL GOLDFIELDS,-36.77731,143.56198,2020,3,March,16,Afternoon Peak,Weekday
T20200006468,2020-03-18,05:13:00,1,Collision with vehicle,3,Wednesday,135,LANE CHANGE LEFT (NOT OVERTAKING),3,780599,Not at intersection,3,100,Freeway,METROPOLITAN RING,MORELAND,-37.69188,144.96213,2020,3,March,5,Morning Peak,Weekday
T20200006551,2020-03-18,18:20:00,1,Collision with vehicle,3,Wednesday,129,OTHER OPPOSING MANOEUVRES NOT INCLUDED IN DCAs 120-125.,2,44474,Cross intersection,3,40,Arterial Other,RYRIE,GEELONG,-38.150036,144.36232,2020,3,March,18,Afternoon Peak,Weekday
T20200006503,2020-03-18,16:00:00,2,Struck Pedestrian,3,Wednesday,100,PED NEAR SIDE. PED HIT BY VEHICLE FROM THE RIGHT.,1,643017,Not at intersection,3,80,Arterial Other,DIAMOND CREEK,BANYULE,-37.690865,145.11356,2020,3,March,16,Afternoon Peak,Weekday
T20200006480,2020-03-18,08:40:00,1,Collision with vehicle,3,Wednesday,137,LEFT TURN SIDESWIPE,1,35416,T intersection,2,60,Arterial Other,WILLIAMS,STONNINGTON,-37.84944,145.00298,2020,3,March,8,Morning Peak,Weekday
T20200006696,2020-03-18,23:13:00,1,Collision with vehicle,3,Wednesday,110,CROSS TRAFFIC(INTERSECTIONS ONLY),3,44557,Cross intersection,3,50,Local Road,GRAHAM,HUME,-37.691574,144.9257,2020,3,March,23,Night,Weekday
T20200011235,2020-03-18,06:00:00,1,Collision with vehicle,3,Wednesday,148,VEHICLE OFF FOOTPATH STRIKES VEH ON CARRIAGEWAY,9,656414,Not at intersection,2,50,Local Road,SANDHURST,FRANKSTON,-38.082905,145.2154,2020,3,March,6,Morning Peak,Weekday
T20200006463,2020-03-18,00:44:00,4,Collision with a fixed object,3,Wednesday,173,RIGHT OFF CARRIAGEWAY INTO OBJECT/PARKED VEHICLE,3,137486,Not at intersection,2,60,Arterial Other,TOORAK,STONNINGTON,-37.840195,145.00143,2020,3,March,0,Late Night,Weekday
T20200009368,2020-03-18,14:00:00,1,Collision with vehicle,3,Wednesday,130,REAR END(VEHICLES IN SAME LANE),1,296780,T intersection,2,60,Arterial Other,OLYMPIC,MELBOURNE,-37.8241,144.98506,2020,3,March,14,Midday,Weekday
T20200006492,2020-03-18,05:07:00,1,Collision with vehicle,3,Wednesday,137,LEFT TURN SIDESWIPE,3,45501,T intersection,1,60,Arterial Other,MT ALEXANDER,MOONEE VALLEY,-37.784107,144.93713,2020,3,March,5,Morning Peak,Weekday
T20200009669,2020-03-18,15:42:00,1,Collision with vehicle,3,Wednesday,121,RIGHT THROUGH,1,57783,T intersection,2,70,Arterial Highway,SURF COAST,GEELONG,-38.20121,144.34135,2020,3,March,15,Afternoon Peak,Weekday
T20200007557,2020-03-18,17:00:00,1,Collision with vehicle,3,Wednesday,130,REAR END(VEHICLES IN SAME LANE),1,729218,T intersection,3,80,Arterial Other,BALLARTO,FRANKSTON,-38.121166,145.22615,2020,3,March,17,Afternoon Peak,Weekday
T20200006516,2020-03-18,13:41:00,1,Collision with vehicle,3,Wednesday,135,LANE CHANGE LEFT (NOT OVERTAKING),1,657121,Not at intersection,1,60,Arterial Other,ST KILDA,PORT PHILLIP,-37.855976,144.98251,2020,3,March,13,Midday,Weekday
T20200008557,2020-03-18,11:45:00,1,Collision with vehicle,3,Wednesday,130,REAR END(VEHICLES IN SAME LANE),1,651871,Not at intersection,3,60,Arterial Other,CENTRE,KINGSTON,-37.92916,145.12389,2020,3,March,11,Midday,Weekday
T20200006474,2020-03-18,07:00:00,2,Struck Pedestrian,3,Wednesday,103,PED PLAYING/LYING/WORKING/STANDING ON CARRIAGEWAY.,2,37192,Cross intersection,3,60,Arterial Other,CHURCH,YARRA,-37.815895,144.99966,2020,3,March,7,Morning Peak,Weekday
T20210022627,2020-03-18,16:55:00,1,Collision with vehicle,3,Wednesday,121,RIGHT THROUGH,1,41975,Multiple intersection,3,70,Arterial Highway,BURWOOD,KNOX,-37.89302,145.30574,2020,3,March,16,Afternoon Peak,Weekday
T20200006488,2020-03-18,08:00:00,1,Collision with vehicle,3,Wednesday,160,VEHICLE COLLIDES WITH VEHICLE PARKED ON LEFT OF ROAD,1,649361,Not at intersection,3,50,Local Road,NAPIER,CENTRAL GOLDFIELDS,-37.053566,143.73108,2020,3,March,8,Morning Peak,Weekday
T20200006486,2020-03-18,07:00:00,1,Collision with vehicle,3,Wednesday,121,RIGHT THROUGH,2,361,T intersection,2,60,Arterial Other,HIGH,DAREBIN,-37.696342,145.01118,2020,3,March,7,Morning Peak,Weekday
T20200006485,2020-03-18,07:20:00,1,Collision with vehicle,3,Wednesday,130,REAR END(VEHICLES IN SAME LANE),1,651692,Multiple intersection,3,100,Freeway,MONASH,CASEY,-38.00099,145.29326,2020,3,March,7,Morning Peak,Weekday
T20200006598,2020-03-18,14:30:00,1,Collision with vehicle,3,Wednesday,130,REAR END(VEHICLES IN SAME LANE),1,639394,Not at intersection,3,60,Arterial Other,MT DANDENONG,YARRA RANGES,-37.802467,145.31265,2020,3,March,14,Midday,Weekday
T20200006540,2020-03-18,23:14:00,4,Collision with a fixed object,3,Wednesday,183,OFF LEFT BEND INTO OBJECT/PARKED VEHICLE,5,762271,Not at intersection,2,100,Arterial Other,COLAC-LAVERS HILL,COLAC OTWAY,-38.460167,143.58803,2020,3,March,23,Night,Weekday
T20200006799,2020-03-18,17:30:00,1,Collision with vehicle,3,Wednesday,130,REAR END(VEHICLES IN SAME LANE),1,778356,Cross intersection,3,60,Arterial Other,BOUNDARY ROAD -GOVERNOR,KINGSTON,-38.00722,145.1037,2020,3,March,17,Afternoon Peak,Weekday
T20200006541,2020-03-18,21:50:00,1,Collision with vehicle,3,Wednesday,123,RIGHT/LEFT. ONE VEH TURNING RIGHT THE OTHER LEFT.,3,300082,Cross intersection,2,60,Arterial Highway,BELL,DAREBIN,-37.74454,144.99747,2020,3,March,21,Night,Weekday
T20210004782,2020-03-18,16:08:00,1,Collision with vehicle,3,Wednesday,130,REAR END(VEHICLES IN SAME LANE),1,43207,Cross intersection,3,60,Arterial Highway,NEPEAN,KINGSTON,-38.03433,145.10602,2020,3,March,16,Afternoon Peak,Weekday
T20200006538,2020-03-18,23:45:00,1,Collision with vehicle,3,Wednesday,113,RIGHT NEAR (INTERSECTIONS ONLY),3,41936,Cross intersection,3,80,Arterial Highway,BURWOOD,KNOX,-37.885826,145.28426,2020,3,March,23,Night,Weekday
T20200006573,2020-03-19,09:45:00,1,Collision with vehicle,4,Thursday,110,CROSS TRAFFIC(INTERSECTIONS ONLY),1,50723,Cross intersection,2,50,Local Road,BANYAN,WARRNAMBOOL,-38.38828,142.48338,2020,3,March,9,Morning Peak,Weekday
T20200006586,2020-03-19,15:45:00,1,Collision with vehicle,4,Thursday,147,VEHICLE STRIKES ANOTHER VEH WHILE EMERGING FROM DRIVEWAY,1,638787,Not at intersection,3,50,Local Road,GEORGE,LATROBE,-38.176434,146.26399,2020,3,March,15,Afternoon Peak,Weekday
T20200006593,2020-03-19,11:10:00,1,Collision with vehicle,4,Thursday,110,CROSS TRAFFIC(INTERSECTIONS ONLY),1,291870,Cross intersection,2,100,Arterial Highway,GLENELG,SOUTHERN GRAMPIANS,-37.6561,142.31097,2020,3,March,11,Midday,Weekday
T20200006574,2020-03-19,12:50:00,1,Collision with vehicle,4,Thursday,121,RIGHT THROUGH,1,38157,T intersection,3,60,Arterial Highway,BELL,BANYULE,-37.752316,145.0492,2020,3,March,12,Midday,Weekday
T20200006600,2020-03-19,16:04:00,1,Collision with vehicle,4,Thursday,133,LANE SIDE SWIPE (VEHICLES IN PARALLEL LANES),1,39891,T intersection,3,80,Arterial Other,KOROROIT CREEK,HOBSONS BAY,-37.84508,144.79073,2020,3,March,16,Afternoon Peak,Weekday
T20200006620,2020-03-19,23:35:00,4,Collision with a fixed object,4,Thursday,183,OFF LEFT BEND INTO OBJECT/PARKED VEHICLE,3,657373,T intersection,3,60,Arterial Other,NYORA,SOUTH GIPPSLAND,-38.34363,145.76013,2020,3,March,23,Night,Weekday
T20200006556,2020-03-19,10:20:00,1,Collision with vehicle,4,Thursday,113,RIGHT NEAR (INTERSECTIONS ONLY),1,43266,Cross intersection,3,70,Arterial Other,GREENS,DANDENONG,-38.01535,145.22179,2020,3,March,10,Midday,Weekday
T20200006597,2020-03-19,16:30:00,1,Collision with vehicle,4,Thursday,130,REAR END(VEHICLES IN SAME LANE),1,729196,Not at intersection,2,80,Arterial Other,HUME,HUME,-37.60839,144.94585,2020,3,March,16,Afternoon Peak,Weekday
T20200006781,2020-03-19,13:25:00,2,Struck Pedestrian,4,Thursday,102,FAR SIDE. PED HIT BY VEHICLE FROM THE LEFT,1,651687,Not at intersection,3,50,Arterial Highway,MAIN,EAST GIPPSLAND,-37.82591,147.6325,2020,3,March,13,Midday,Weekday
T20200012689,2020-03-19,06:50:00,1,Collision with vehicle,4,Thursday,130,REAR END(VEHICLES IN SAME LANE),9,656877,Not at intersection,3,100,Freeway,FRANKSTON,FRANKSTON,-38.120968,145.13599,2020,3,March,6,Morning Peak,Weekday
T20200006622,2020-03-19,22:57:00,4,Collision with a fixed object,4,Thursday,181,OFF RIGHT BEND INTO OBJECT/PARKED VEHICLE,5,653096,Not at intersection,2,80,Local Road,SANDY,MORNINGTON PENINSULA,-38.419357,144.84717,2020,3,March,22,Night,Weekday
T20200007963,2020-03-19,19:51:00,1,Collision with vehicle,4,Thursday,135,LANE CHANGE LEFT (NOT OVERTAKING),2,729226,Not at intersection,3,50,Arterial Other,JOHNSTON,YARRA,-37.79832,144.97833,2020,3,March,19,Night,Weekday
T20200008298,2020-03-19,10:00:00,1,Collision with vehicle,4,Thursday,136,RIGHT TURN SIDESWIPE,1,29785,Cross intersection,3,60,Arterial Other,HIGH,WHITTLESEA,-37.651882,145.02371,2020,3,March,10,Midday,Weekday
T20200006601,2020-03-19,17:25:00,4,Collision with a fixed object,4,Thursday,183,OFF LEFT BEND INTO OBJECT/PARKED VEHICLE,1,639097,Not at intersection,2,60,Arterial Other,ESPLANADE,MORNINGTON PENINSULA,-38.28373,144.99376,2020,3,March,17,Afternoon Peak,Weekday
T20200006603,2020-03-19,17:30:00,1,Collision with vehicle,4,Thursday,132,RIGHT REAR.,1,49624,T intersection,2,80,Local Road,GUM,GEELONG,-38.025288,144.41887,2020,3,March,17,Afternoon Peak,Weekday
T20200006604,2020-03-19,15:25:00,1,Collision with vehicle,4,Thursday,135,LANE CHANGE LEFT (NOT OVERTAKING),1,640014,Not at intersection,2,80,Freeway,WEST GATE,MELBOURNE,-37.83081,144.91779,2020,3,March,15,Afternoon Peak,Weekday
T20200006606,2020-03-19,17:50:00,1,Collision with vehicle,4,Thursday,120,HEAD ON (NOT OVERTAKING),1,773449,Not at intersection,3,60,Arterial Other,BUCKLEY,MOONEE VALLEY,-37.753876,144.88896,2020,3,March,17,Afternoon Peak,Weekday
T20200006599,2020-03-19,16:45:00,1,Collision with vehicle,4,Thursday,152,PULLING OUT (OVERTAKING),1,29949,Cross intersection,3,60,Arterial Other,FYANS,GEELONG,-38.160984,144.35162,2020,3,March,16,Afternoon Peak,Weekday
T20200006611,2020-03-19,13:50:00,1,Collision with vehicle,4,Thursday,134,LANE CHANGE RIGHT (NOT OVERTAKING),9,314885,Y intersection,3,100,Freeway,SOUTH GIPPSLAND,CASEY,-37.985535,145.24898,2020,3,March,13,Midday,Weekday
T20200006612,2020-03-19,19:40:00,1,Collision with vehicle,4,Thursday,113,RIGHT NEAR (INTERSECTIONS ONLY),3,29517,Cross intersection,2,60,Arterial Other,ASHLEY,MARIBYRNONG,-37.79576,144.86267,2020,3,March,19,Night,Weekday
T20200008351,2020-03-19,22:00:00,6,Vehicle overturned (no collision),4,Thursday,174,OUT OF CONTROL ON CARRIAGEWAY (ON STRAIGHT),3,95596,Not at intersection,3,60,Local Road,KOORNANG,GLEN EIRA,-37.88534,145.0578,2020,3,March,22,Night,Weekday
T20200006613,2020-03-19,19:40:00,2,Struck Pedestrian,4,Thursday,103,PED PLAYING/LYING/WORKING/STANDING ON CARRIAGEWAY.,2,649986,Not at intersection,3,50,Local Road,MILL PARK,WHITTLESEA,-37.67262,145.06752,2020,3,March,19,Night,Weekday
T20200006584,2020-03-19,12:50:00,6,Vehicle overturned (no collision),4,Thursday,182,OFF CARRIAGEWAY ON LEFT BEND,1,643502,Not at intersection,2,100,Local Road,SYDENHAM INLET,EAST GIPPSLAND,-37.731747,148.93817,2020,3,March,12,Midday,Weekday
T20200006581,2020-03-19,12:25:00,1,Collision with vehicle,4,Thursday,110,CROSS TRAFFIC(INTERSECTIONS ONLY),1,127,Cross intersection,2,60,Arterial Other,OLD CALDER,BRIMBANK,-37.71616,144.8283,2020,3,March,12,Midday,Weekday
T20200006559,2020-03-19,08:40:00,1,Collision with vehicle,4,Thursday,121,RIGHT THROUGH,1,57852,Cross intersection,2,80,Arterial Other,MT DERRIMUT,BRIMBANK,-37.787647,144.77228,2020,3,March,8,Morning Peak,Weekday
T20200006989,2020-03-19,15:05:00,1,Collision with vehicle,4,Thursday,134,LANE CHANGE RIGHT (NOT OVERTAKING),1,748880,Not at intersection,2,60,Arterial Other,HASTINGS,FRANKSTON,-38.151096,145.1307,2020,3,March,15,Afternoon Peak,Weekday
T20200006563,2020-03-19,08:40:00,2,Struck Pedestrian,4,Thursday,100,PED NEAR SIDE. PED HIT BY VEHICLE FROM THE RIGHT.,1,773332,Not at intersection,2,50,Local Road,MILLER,COLAC OTWAY,-38.34209,143.58437,2020,3,March,8,Morning Peak,Weekday
T20200006618,2020-03-19,22:22:00,1,Collision with vehicle,4,Thursday,147,VEHICLE STRIKES ANOTHER VEH WHILE EMERGING FROM DRIVEWAY,3,651690,Not at intersection,3,40,Arterial Highway,RACECOURSE,MELBOURNE,-37.788,144.92801,2020,3,March,22,Night,Weekday
T20200006567,2020-03-19,12:35:00,1,Collision with vehicle,4,Thursday,110,CROSS TRAFFIC(INTERSECTIONS ONLY),1,29795,Cross intersection,3,70,Non Arterial,HENRY,CARDINIA,-38.086327,145.4721,2020,3,March,12,Midday,Weekday
T20200021608,2020-03-19,10:00:00,6,Vehicle overturned (no collision),4,Thursday,151,OUT OF CONTROL (OVERTAKING),1,669295,Not at intersection,3,40,Arterial Other,HIGH,STONNINGTON,-37.851883,144.99362,2020,3,March,10,Midday,Weekday
T20200006800,2020-03-19,14:45:00,6,Vehicle overturned (no collision),4,Thursday,174,OUT OF CONTROL ON CARRIAGEWAY (ON STRAIGHT),1,651689,Not at intersection,3,60,Arterial Other,CANTERBURY,PORT PHILLIP,-37.858433,144.97583,2020,3,March,14,Midday,Weekday
T20200006670,2020-03-20,12:48:00,1,Collision with vehicle,5,Friday,110,CROSS TRAFFIC(INTERSECTIONS ONLY),1,640015,Cross intersection,2,60,Local Road,PENNYROYAL VALLEY,SURF COAST,-38.426632,143.86583,2020,3,March,12,Midday,Weekday
T20200006669,2020-03-20,08:30:00,1,Collision with vehicle,5,Friday,137,LEFT TURN SIDESWIPE,1,29636,Cross intersection,3,50,Arterial Other,GLEN EIRA,GLEN EIRA,-37.87692,144.998,2020,3,March,8,Morning Peak,Weekday
T20200006660,2020-03-20,13:00:00,1,Collision with vehicle,5,Friday,120,HEAD ON (NOT OVERTAKING),1,50293,Cross intersection,3,50,Local Road,PRESIDENTS,GEELONG,-38.267,144.52223,2020,3,March,13,Midday,Weekday
T20200006659,2020-03-20,07:51:00,1,Collision with vehicle,5,Friday,110,CROSS TRAFFIC(INTERSECTIONS ONLY),1,42313,Cross intersection,3,60,Local Road,BOX FOREST,MORELAND,-37.70352,144.95137,2020,3,March,7,Morning Peak,Weekday
T20200006682,2020-03-20,16:40:00,4,Collision with a fixed object,5,Friday,171,LEFT OFF CARRIAGEWAY INTO OBJECT/PARKED VEHICLE,1,643503,Not at intersection,3,100,Arterial Highway,PRINCES,EAST GIPPSLAND,-37.790462,148.0516,2020,3,March,16,Afternoon Peak,Weekday
T20200006680,2020-03-20,16:46:00,4,Collision with a fixed object,5,Friday,181,OFF RIGHT BEND INTO OBJECT/PARKED VEHICLE,1,656724,Not at intersection,2,80,Arterial Other,SKENES CREEK,COLAC OTWAY,-38.694263,143.70749,2020,3,March,16,Afternoon Peak,Weekday
T20200006671,2020-03-20,14:07:00,1,Collision with vehicle,5,Friday,130,REAR END(VEHICLES IN SAME LANE),1,64089,T intersection,3,60,Arterial Other,EPSOM,MOONEE VALLEY,-37.772167,144.90674,2020,3,March,14,Midday,Weekday
T20200006673,2020-03-20,09:30:00,5,collision with some other object,5,Friday,191,LOAD OR MISSILE STRUCK VEHICLE,1,641599,Not at intersection,3,100,Freeway,PRINCES,WYNDHAM,-37.9426,144.6051,2020,3,March,9,Morning Peak,Weekday
T20200006887,2020-03-20,07:05:00,2,Struck Pedestrian,5,Friday,107,PED ON FOOTHPATH STRUCK BY VEHENTERING/LEAVING DRIVEWAY.,9,651682,Not at intersection,2,40,Local Road,PRINCESS,BRIMBANK,-37.745434,144.80159,2020,3,March,7,Morning Peak,Weekday
T20200011114,2020-03-20,07:40:00,1,Collision with vehicle,5,Friday,130,REAR END(VEHICLES IN SAME LANE),1,654859,Not at intersection,3,100,Freeway,GEELONG RING,GEELONG,-38.176903,144.29453,2020,3,March,7,Morning Peak,Weekday
T20200007666,2020-03-20,12:35:00,2,Struck Pedestrian,5,Friday,109,ANY MANOEUVRE INVOLVING PED NOT INCLUDED IN DCAs 100-108.,1,649687,Not at intersection,3,50,Arterial Other,HIGH,MANSFIELD,-37.052467,146.0896,2020,3,March,12,Midday,Weekday
T20200006637,2020-03-20,05:34:00,2,Struck Pedestrian,5,Friday,100,PED NEAR SIDE. PED HIT BY VEHICLE FROM THE RIGHT.,6,228127,T intersection,2,60,Arterial Other,MORELAND,MORELAND,-37.75423,144.95386,2020,3,March,5,Morning Peak,Weekday
T20200006631,2020-03-20,06:45:00,1,Collision with vehicle,5,Friday,140,U TURN,2,642857,Not at intersection,2,60,Local Road,STURT,MELBOURNE,-37.827103,144.96626,2020,3,March,6,Morning Peak,Weekday
T20200006629,2020-03-20,06:05:00,1,Collision with vehicle,5,Friday,113,RIGHT NEAR (INTERSECTIONS ONLY),3,47227,Multiple intersection,2,60,Freeway,FORSTER,MONASH,-37.89354,145.13033,2020,3,March,6,Morning Peak,Weekday
T20200006626,2020-03-20,06:00:00,1,Collision with vehicle,5,Friday,160,VEHICLE COLLIDES WITH VEHICLE PARKED ON LEFT OF ROAD,3,647786,Not at intersection,3,50,Local Road,PIGDON,YARRA,-37.781544,144.96832,2020,3,March,6,Morning Peak,Weekday
T20200006775,2020-03-20,17:15:00,1,Collision with vehicle,5,Friday,120,HEAD ON (NOT OVERTAKING),1,729201,Not at intersection,3,60,Arterial Other,SURREY,WHITEHORSE,-37.815346,145.15675,2020,3,March,17,Afternoon Peak,Weekday
T20200006974,2020-03-20,19:40:00,1,Collision with vehicle,5,Friday,130,REAR END(VEHICLES IN SAME LANE),2,640989,Multiple intersection,3,40,Arterial Other,MAIN ROAD E-MAIN,BRIMBANK,-37.74422,144.79985,2020,3,March,19,Night,Weekday
T20200007395,2020-03-20,07:30:00,1,Collision with vehicle,5,Friday,130,REAR END(VEHICLES IN SAME LANE),1,773490,Not at intersection,3,70,Arterial Highway,PUNT,MELBOURNE,-37.82045,144.98955,2020,3,March,7,Morning Peak,Weekday
T20200006698,2020-03-20,20:20:00,2,Struck Pedestrian,5,Friday,100,PED NEAR SIDE. PED HIT BY VEHICLE FROM THE RIGHT.,5,661150,Not at intersection,2,60,Arterial Other,HIGH,WHITTLESEA,-37.64248,145.02644,2020,3,March,20,Night,Weekday
T20200006692,2020-03-20,15:45:00,6,Vehicle overturned (no collision),5,Friday,172,OFF CARRIAGEWAY TO RIGHT,1,53448,T intersection,2,100,Local Road,CHILLINGOLLAH,SWAN HILL,-35.25749,143.45348,2020,3,March,15,Afternoon Peak,Weekday
T20200006724,2020-03-21,13:41:00,1,Collision with vehicle,6,Saturday,121,RIGHT THROUGH,1,50959,T intersection,2,60,Arterial Highway,NUMURKAH,SHEPPARTON,-36.354233,145.40227,2020,3,March,13,Midday,Weekend
T20200006757,2020-03-21,21:49:00,1,Collision with vehicle,6,Saturday,173,RIGHT OFF CARRIAGEWAY INTO OBJECT/PARKED VEHICLE,3,656008,Not at intersection,3,70,Arterial Other,MAIN,BANYULE,-37.725193,145.12123,2020,3,March,21,Night,Weekend
T20200006719,2020-03-21,12:05:00,1,Collision with vehicle,6,Saturday,131,LEFT REAR,1,651585,Not at intersection,2,80,Local Road,ARTHURS SEAT,MORNINGTON PENINSULA,-38.369583,145.00577,2020,3,March,12,Midday,Weekend
T20200006755,2020-03-21,20:04:00,2,Struck Pedestrian,6,Saturday,100,PED NEAR SIDE. PED HIT BY VEHICLE FROM THE RIGHT.,3,643804,Not at intersection,2,60,Arterial Other,WEEROONA,BENDIGO,-36.74556,144.28902,2020,3,March,20,Night,Weekend
T20200006720,2020-03-21,13:30:00,2,Struck Pedestrian,6,Saturday,100,PED NEAR SIDE. PED HIT BY VEHICLE FROM THE RIGHT.,1,643803,Not at intersection,2,60,Arterial Other,LOCKWOOD,BENDIGO,-36.796413,144.24121,2020,3,March,13,Midday,Weekend
T20200006761,2020-03-21,21:30:00,1,Collision with vehicle,6,Saturday,121,RIGHT THROUGH,3,29600,Cross intersection,3,40,Arterial Other,HIGH,STONNINGTON,-37.853092,145.00244,2020,3,March,21,Night,Weekend
T20200006752,2020-03-21,18:11:00,6,Vehicle overturned (no collision),6,Saturday,174,OUT OF CONTROL ON CARRIAGEWAY (ON STRAIGHT),1,640339,Not at intersection,2,60,Arterial Other,EMERALD-MONBULK,YARRA RANGES,-37.89364,145.43127,2020,3,March,18,Afternoon Peak,Weekend
T20200006746,2020-03-21,16:45:00,4,Collision with a fixed object,6,Saturday,171,LEFT OFF CARRIAGEWAY INTO OBJECT/PARKED VEHICLE,1,50891,Cross intersection,3,60,Arterial Other,LEISURE CENTRE,WODONGA,-36.12698,146.86623,2020,3,March,16,Afternoon Peak,Weekend
T20200006763,2020-03-21,22:20:00,2,Struck Pedestrian,6,Saturday,103,PED PLAYING/LYING/WORKING/STANDING ON CARRIAGEWAY.,4,644435,Not at intersection,2,50,Local Road,BARRETT,MORNINGTON PENINSULA,-38.2214,145.03906,2020,3,March,22,Night,Weekend
T20200006737,2020-03-21,15:28:00,1,Collision with vehicle,6,Saturday,132,RIGHT REAR.,1,44323,T intersection,2,70,Arterial Other,BALLAN,WYNDHAM,-37.900333,144.6459,2020,3,March,15,Afternoon Peak,Weekend
T20200006716,2020-03-21,10:30:00,6,Vehicle overturned (no collision),6,Saturday,180,OFF CARRIAGEWAY ON RIGHT BEND,1,652283,Not at intersection,2,80,Arterial Other,GRANYA,TOWONG,-36.176266,147.33871,2020,3,March,10,Midday,Weekend
T20200006738,2020-03-21,15:00:00,1,Collision with vehicle,6,Saturday,113,RIGHT NEAR (INTERSECTIONS ONLY),1,41535,T intersection,2,60,Arterial Highway,WARRIGAL,MONASH,-37.90356,145.0862,2020,3,March,15,Afternoon Peak,Weekend
T20200006760,2020-03-21,16:40:00,1,Collision with vehicle,6,Saturday,130,REAR END(VEHICLES IN SAME LANE),1,57353,T intersection,3,80,Arterial Other,PASCOE VALE,HUME,-37.67036,144.92378,2020,3,March,16,Afternoon Peak,Weekend