ACCIDENT_NO,ACCIDENT_DATE,ACCIDENT_TIME,ACCIDENT_TYPE,ACCIDENT_TYPE_DESC,DAY_OF_WEEK,DAY_WEEK_DESC,DCA_CODE,DCA_DESC,LIGHT_CONDITION,NODE_ID,ROAD_GEOMETRY_DESC,SEVERITY,SPEED_ZONE,RMA,ROAD_NAME,LGA_NAME,LATITUDE,LONGITUDE,YEAR,MONTH,MONTH_NAME,HOUR,TIME_PERIOD,DAY_TYPE
T20210023050,2020-03-21,16:30:00,8,No collision and no object struck,6,Saturday,151,OUT OF CONTROL (OVERTAKING),9,697034,Not at intersection,3,40,Local Road,CHAPEL,STONNINGTON,-37.854065,144.99295,2020,3,March,16,Afternoon Peak,Weekend
T20200006770,2020-03-21,19:27:00,4,Collision with a fixed object,6,Saturday,173,RIGHT OFF CARRIAGEWAY INTO OBJECT/PARKED VEHICLE,1,644278,T intersection,1,40,Local Road,PLANTATION,MILDURA,-34.203686,142.13678,2020,3,March,19,Night,Weekend
T20200006730,2020-03-21,02:57:00,7,Fall from or in moving vehicle,6,Saturday,190,FELL IN/FROM VEHICLE,9,651331,Not at intersection,3,60,Arterial Highway,MAIN,KINGSTON,-38.004974,145.08531,2020,3,March,2,Late Night,Weekend
T20200006728,2020-03-21,11:15:00,4,Collision with a fixed object,6,Saturday,183,OFF LEFT BEND INTO OBJECT/PARKED VEHICLE,1,639696,Not at intersection,3,60,Arterial Other,HEIDELBERG-KINGLAKE,NILLUMBIK,-37.577152,145.29242,2020,3,March,11,Midday,Weekend
T20200006721,2020-03-21,13:00:00,1,Collision with vehicle,6,Saturday,110,CROSS TRAFFIC(INTERSECTIONS ONLY),1,640655,Cross intersection,2,80,Arterial Other,CALDER IN-AVENUE OF HONOUR RAMP OF-COBB AND C,MACEDON RANGES,-37.318443,144.52757,2020,3,March,13,Midday,Weekend
T20200006714,2020-03-21,06:41:00,1,Collision with vehicle,6,Saturday,110,CROSS TRAFFIC(INTERSECTIONS ONLY),3,43086,Cross intersection,3,60,Arterial Highway,STUD,DANDENONG,-37.9777,145.22215,2020,3,March,6,Morning Peak,Weekend
T20200006709,2020-03-21,06:00:00,1,Collision with vehicle,6,Saturday,110,CROSS TRAFFIC(INTERSECTIONS ONLY),3,43734,Cross intersection,3,60,Local Road,BARRIES,MELTON,-37.688786,144.57776,2020,3,March,6,Morning Peak,Weekend
T20200006756,2020-03-21,19:18:00,1,Collision with vehicle,6,Saturday,110,CROSS TRAFFIC(INTERSECTIONS ONLY),1,57380,Cross intersection,2,50,Local Road,ESSEX,MORELAND,-37.726906,144.94298,2020,3,March,19,Night,Weekend
T20200006706,2020-03-21,01:05:00,4,Collision with a fixed object,6,Saturday,171,LEFT OFF CARRIAGEWAY INTO OBJECT/PARKED VEHICLE,5,646682,Not at intersection,1,100,Local Road,PIPETRACK,NORTHERN GRAMPIANS,-37.079304,142.74536,2020,3,March,1,Late Night,Weekend
T20200006703,2020-03-21,03:45:00,4,Collision with a fixed object,6,Saturday,171,LEFT OFF CARRIAGEWAY INTO OBJECT/PARKED VEHICLE,3,38292,T intersection,3,60,Arterial Other,THOMPSONS,MANNINGHAM,-37.764362,145.10982,2020,3,March,3,Late Night,Weekend
T20200006742,2020-03-21,14:27:00,4,Collision with a fixed object,6,Saturday,173,RIGHT OFF CARRIAGEWAY INTO OBJECT/PARKED VEHICLE,1,644572,Not at intersection,2,50,Local Road,LEAWARRA,FRANKSTON,-38.15619,145.14885,2020,3,March,14,Midday,Weekend
T20200006767,2020-03-21,06:00:00,1,Collision with vehicle,6,Saturday,121,RIGHT THROUGH,3,647143,Cross intersection,3,80,Arterial Highway,BURWOOD,KNOX,-37.885788,145.28421,2020,3,March,6,Morning Peak,Weekend
T20200015413,2020-03-21,15:30:00,1,Collision with vehicle,6,Saturday,133,LANE SIDE SWIPE (VEHICLES IN PARALLEL LANES),1,653838,Cross intersection,3,80,Arterial Other,DAYLESFORD-TRENTHAM,HEPBURN,-37.344196,144.17828,2020,3,March,15,Afternoon Peak,Weekend
T20200006735,2020-03-21,11:15:00,1,Collision with vehicle,6,Saturday,121,RIGHT THROUGH,1,222100,Multiple intersection,3,80,Freeway,GREENSBOROUGH,BANYULE,-37.695217,145.0923,2020,3,March,11,Midday,Weekend
T20200006749,2020-03-21,16:30:00,1,Collision with vehicle,6,Saturday,130,REAR END(VEHICLES IN SAME LANE),1,729200,Not at intersection,2,100,Freeway,WESTERN,MELTON,-37.701675,144.6205,2020,3,March,16,Afternoon Peak,Weekend
T20200007758,2020-03-21,10:12:00,1,Collision with vehicle,6,Saturday,121,RIGHT THROUGH,1,1235,Cross intersection,3,60,Arterial Other,MAIN,NILLUMBIK,-37.704136,145.15613,2020,3,March,10,Midday,Weekend
T20200006744,2020-03-21,14:10:00,4,Collision with a fixed object,6,Saturday,183,OFF LEFT BEND INTO OBJECT/PARKED VEHICLE,1,651726,Not at intersection,2,80,Arterial Other,LICOLA,WELLINGTON,-37.861813,146.70602,2020,3,March,14,Midday,Weekend
T20200006723,2020-03-21,12:40:00,1,Collision with vehicle,6,Saturday,147,VEHICLE STRIKES ANOTHER VEH WHILE EMERGING FROM DRIVEWAY,1,651118,Not at intersection,1,80,Arterial Highway,MIDLAND,SHEPPARTON,-36.39776,145.4657,2020,3,March,12,Midday,Weekend
T20200006718,2020-03-21,11:00:00,1,Collision with vehicle,6,Saturday,113,RIGHT NEAR (INTERSECTIONS ONLY),1,296639,T intersection,3,80,Arterial Other,BALLAN,WYNDHAM,-37.8645,144.60297,2020,3,March,11,Midday,Weekend
T20200006815,2020-03-22,22:30:00,4,Collision with a fixed object,7,Sunday,171,LEFT OFF CARRIAGEWAY INTO OBJECT/PARKED VEHICLE,3,40952,Multiple intersection,3,60,Arterial Other,MOUNTAIN,KNOX,-37.840755,145.26624,2020,3,March,22,Night,Weekend
T20200006822,2020-03-22,11:40:00,1,Collision with vehicle,7,Sunday,121,RIGHT THROUGH,1,345969,T intersection,2,80,Arterial Highway,SOUTH GIPPSLAND,CASEY,-38.13268,145.29549,2020,3,March,11,Midday,Weekend
T20200006823,2020-03-22,14:30:00,4,Collision with a fixed object,7,Sunday,173,RIGHT OFF CARRIAGEWAY INTO OBJECT/PARKED VEHICLE,1,655924,Not at intersection,2,80,Local Road,PYKE,SHEPPARTON,-36.425484,145.27904,2020,3,March,14,Midday,Weekend
T20200006849,2020-03-22,10:14:00,8,No collision and no object struck,7,Sunday,179,OTHER ACCIDENTS-OFF STRAIGHT NOT INCLUDED IN DCAs 170-175,1,651233,T intersection,3,100,Arterial Highway,MAROONDAH,MANSFIELD,-37.043564,146.0393,2020,3,March,10,Midday,Weekend
T20200006949,2020-03-22,07:45:00,1,Collision with vehicle,7,Sunday,130,REAR END(VEHICLES IN SAME LANE),1,643184,Not at intersection,3,100,Freeway,MONASH,CASEY,-37.997787,145.27473,2020,3,March,7,Morning Peak,Weekend
T20200007004,2020-03-22,09:00:00,7,Fall from or in moving vehicle,7,Sunday,184,OUT OF CONTROL ON CARRIAGEWAY (ON BEND),1,773229,Not at intersection,2,60,Arterial Highway,OCEAN,SURF COAST,-38.522697,143.98682,2020,3,March,9,Morning Peak,Weekend
T20200007005,2020-03-22,11:30:00,5,collision with some other object,7,Sunday,166,STRUCK OBJECT ON CARRIAGEWAY,1,643335,Not at intersection,2,60,Local Road,GLENDALE,MURRINDINDI,-37.35025,145.67612,2020,3,March,11,Midday,Weekend
T20200007013,2020-03-22,13:30:00,1,Collision with vehicle,7,Sunday,120,HEAD ON (NOT OVERTAKING),1,641303,Not at intersection,2,60,Local Road,OBRIENS,MOORABOOL,-37.497326,144.38881,2020,3,March,13,Midday,Weekend
T20200006814,2020-03-22,20:00:00,1,Collision with vehicle,7,Sunday,116,LEFT NEAR (INTERSECTIONS ONLY),2,223467,T intersection,2,80,Arterial Highway,LOWER DANDENONG,KINGSTON,-37.989338,145.13141,2020,3,March,20,Night,Weekend
T20200012704,2020-03-22,21:45:00,8,No collision and no object struck,7,Sunday,179,OTHER ACCIDENTS-OFF STRAIGHT NOT INCLUDED IN DCAs 170-175,6,662673,Cross intersection,3,50,Local Road,DAVIS,STONNINGTON,-37.839336,144.99062,2020,3,March,21,Night,Weekend
T20200007255,2020-03-22,12:30:00,1,Collision with vehicle,7,Sunday,159,OTHER OVERTAKING MANOEUVRES NOT INCLUDED IN DCAs 150-154,1,642530,Not at intersection,3,50,Local Road,GIPPS,MOYNE,-38.38844,142.24045,2020,3,March,12,Midday,Weekend
T20200006765,2020-03-22,03:53:00,4,Collision with a fixed object,7,Sunday,181,OFF RIGHT BEND INTO OBJECT/PARKED VEHICLE,3,738,T intersection,3,70,Arterial Highway,BURWOOD,KNOX,-37.892883,145.3157,2020,3,March,3,Late Night,Weekend
T20200006766,2020-03-22,00:10:00,1,Collision with vehicle,7,Sunday,110,CROSS TRAFFIC(INTERSECTIONS ONLY),3,266135,Cross intersection,3,70,Arterial Highway,BELLARINE,GEELONG,-38.17063,144.39145,2020,3,March,0,Late Night,Weekend
T20200006769,2020-03-22,06:26:00,1,Collision with vehicle,7,Sunday,120,HEAD ON (NOT OVERTAKING),2,651727,Not at intersection,3,50,Local Road,SAFFRON,CASEY,-38.007683,145.29175,2020,3,March,6,Morning Peak,Weekend
T20200009231,2020-03-22,14:30:00,1,Collision with vehicle,7,Sunday,110,CROSS TRAFFIC(INTERSECTIONS ONLY),1,50032,Cross intersection,3,60,Local Road,GARDEN,GEELONG,-38.159065,144.36948,2020,3,March,14,Midday,Weekend
T20200007712,2020-03-22,03:50:00,1,Collision with vehicle,7,Sunday,130,REAR END(VEHICLES IN SAME LANE),3,649688,Not at intersection,3,100,Freeway,MONASH,STONNINGTON,-37.85301,145.05524,2020,3,March,3,Late Night,Weekend
T20200010763,2020-03-22,01:00:00,1,Collision with vehicle,7,Sunday,121,RIGHT THROUGH,3,36458,Not at intersection,3,40,Arterial Other,JOHNSTON,YARRA,-37.79807,144.97597,2020,3,March,1,Late Night,Weekend
T20200006771,2020-03-22,05:55:00,4,Collision with a fixed object,7,Sunday,171,LEFT OFF CARRIAGEWAY INTO OBJECT/PARKED VEHICLE,3,651329,Not at intersection,3,60,Arterial Other,SANDHURST,BENDIGO,-36.731182,144.2634,2020,3,March,5,Morning Peak,Weekend
T20200006779,2020-03-22,09:50:00,1,Collision with vehicle,7,Sunday,110,CROSS TRAFFIC(INTERSECTIONS ONLY),1,33278,Cross intersection,2,40,Arterial Other,FISHER STREET -NEWCOMBE,GEELONG,-38.11547,144.65665,2020,3,March,9,Morning Peak,Weekend
T20200006780,2020-03-22,10:55:00,1,Collision with vehicle,7,Sunday,113,RIGHT NEAR (INTERSECTIONS ONLY),1,69267,Cross intersection,3,60,Local Road,BURNHAM,YARRA RANGES,-37.910652,145.3437,2020,3,March,10,Midday,Weekend
T20200006784,2020-03-22,09:40:00,1,Collision with vehicle,7,Sunday,110,CROSS TRAFFIC(INTERSECTIONS ONLY),1,286287,Cross intersection,3,60,Arterial Other,YARRALUMLA,WODONGA,-36.148605,146.87386,2020,3,March,9,Morning Peak,Weekend
T20200006788,2020-03-22,11:30:00,4,Collision with a fixed object,7,Sunday,183,OFF LEFT BEND INTO OBJECT/PARKED VEHICLE,1,661072,Not at intersection,3,100,Arterial Other,DROUIN-KORUMBURRA,SOUTH GIPPSLAND,-38.280777,145.7744,2020,3,March,11,Midday,Weekend
T20200006789,2020-03-22,07:40:00,1,Collision with vehicle,7,Sunday,121,RIGHT THROUGH,1,38322,T intersection,3,60,Arterial Other,MANNINGHAM,MANNINGHAM,-37.77949,145.12325,2020,3,March,7,Morning Peak,Weekend
T20200006792,2020-03-22,11:45:00,6,Vehicle overturned (no collision),7,Sunday,184,OUT OF CONTROL ON CARRIAGEWAY (ON BEND),1,654632,Not at intersection,3,100,Local Road,GRAND RIDGE,WELLINGTON,-38.46091,146.45753,2020,3,March,11,Midday,Weekend
T20200006793,2020-03-22,14:25:00,1,Collision with vehicle,7,Sunday,110,CROSS TRAFFIC(INTERSECTIONS ONLY),1,43917,Cross intersection,3,80,Arterial Other,CLYDE-FIVE WAYS,CASEY,-38.1335,145.32426,2020,3,March,14,Midday,Weekend
T20200006794,2020-03-22,12:50:00,1,Collision with vehicle,7,Sunday,148,VEHICLE OFF FOOTPATH STRIKES VEH ON CARRIAGEWAY,1,56250,Cross intersection,3,60,Arterial Highway,CHELTENHAM,DANDENONG,-37.991478,145.15057,2020,3,March,12,Midday,Weekend
T20200006803,2020-03-22,16:14:00,1,Collision with vehicle,7,Sunday,120,HEAD ON (NOT OVERTAKING),1,640017,Not at intersection,2,50,Local Road,SOLDIERS,CARDINIA,-37.90832,145.59613,2020,3,March,16,Afternoon Peak,Weekend
T20200006811,2020-03-22,14:17:00,4,Collision with a fixed object,7,Sunday,173,RIGHT OFF CARRIAGEWAY INTO OBJECT/PARKED VEHICLE,1,640340,Not at intersection,2,50,Local Road,ROBERTS,CASEY,-38.096386,145.27101,2020,3,March,14,Midday,Weekend
T20200006812,2020-03-22,16:32:00,1,Collision with vehicle,7,Sunday,113,RIGHT NEAR (INTERSECTIONS ONLY),1,36737,T intersection,3,80,Arterial Highway,PRINCES,DANDENONG,-37.941467,145.16606,2020,3,March,16,Afternoon Peak,Weekend
T20200006877,2020-03-23,17:15:00,4,Collision with a fixed object,1,Monday,171,LEFT OFF CARRIAGEWAY INTO OBJECT/PARKED VEHICLE,1,651226,Not at intersection,2,100,Local Road,MARRETTS,LATROBE,-38.22599,146.34966,2020,3,March,17,Afternoon Peak,Weekday
T20200007201,2020-03-23,11:30:00,1,Collision with vehicle,1,Monday,114,TWO RIGHT TURNING (INTERSECTIONS ONLY),1,645063,T intersection,3,50,Local Road,CATHERINE,MORELAND,-37.73065,144.95723,2020,3,March,11,Midday,Weekday
T20200006879,2020-03-23,20:35:00,1,Collision with vehicle,1,Monday,121,RIGHT THROUGH,3,43895,Cross intersection,2,60,Arterial Highway,SOUTH GIPPSLAND,CASEY,-38.105476,145.28201,2020,3,March,20,Night,Weekday
T20200008304,2020-03-23,08:30:00,1,Collision with vehicle,1,Monday,150,HEAD ON(OVERTAKING),1,729718,Not at intersection,2,40,Local Road,GLEN HUNTLY,GLEN EIRA,-37.88479,145.00467,2020,3,March,8,Morning Peak,Weekday
T20200006848,2020-03-23,10:50:00,1,Collision with vehicle,1,Monday,140,U TURN,1,205,Cross intersection,3,50,Local Road,LONSDALE,MELBOURNE,-37.813713,144.95732,2020,3,March,10,Midday,Weekday
T20200006856,2020-03-23,15:45:00,2,Struck Pedestrian,1,Monday,100,PED NEAR SIDE. PED HIT BY VEHICLE FROM THE RIGHT.,1,640982,Not at intersection,3,50,Local Road,SULLIVAN,KNOX,-37.918724,145.27715,2020,3,March,15,Afternoon Peak,Weekday
T20200006867,2020-03-23,17:40:00,1,Collision with vehicle,1,Monday,130,REAR END(VEHICLES IN SAME LANE),1,640659,Not at intersection,3,80,Freeway,PRINCES,WYNDHAM,-37.83399,144.80737,2020,3,March,17,Afternoon Peak,Weekday
T20200006882,2020-03-23,20:10:00,8,No collision and no object struck,1,Monday,174,OUT OF CONTROL ON CARRIAGEWAY (ON STRAIGHT),3,29363,T intersection,3,60,Arterial Highway,RACECOURSE,MELBOURNE,-37.788425,144.933,2020,3,March,20,Night,Weekday
T20200006842,2020-03-23,12:55:00,2,Struck Pedestrian,1,Monday,109,ANY MANOEUVRE INVOLVING PED NOT INCLUDED IN DCAs 100-108.,1,640341,Not at intersection,2,50,Local Road,HARTLEY,MOORABOOL,-37.669056,144.43321,2020,3,March,12,Midday,Weekday
T20200006836,2020-03-23,11:30:00,2,Struck Pedestrian,1,Monday,100,PED NEAR SIDE. PED HIT BY VEHICLE FROM THE RIGHT.,1,651129,Not at intersection,2,50,Local Road,HIGHETT,BAYSIDE,-37.94865,145.0411,2020,3,March,11,Midday,Weekday
T20200006834,2020-03-23,09:00:00,1,Collision with vehicle,1,Monday,163,VEHICLE STRIKES DOOR OF PARKED/STATIONARY VEHICLE,1,660505,Not at intersection,3,40,Local Road,GRIEVE,HOBSONS BAY,-37.861954,144.8189,2020,3,March,9,Morning Peak,Weekday
T20200006880,2020-03-23,14:30:00,1,Collision with vehicle,1,Monday,130,REAR END(VEHICLES IN SAME LANE),9,665267,Not at intersection,3,80,Arterial Other,HUME,HUME,-37.637123,144.95013,2020,3,March,14,Midday,Weekday
T20200006860,2020-03-23,17:05:00,1,Collision with vehicle,1,Monday,121,RIGHT THROUGH,1,354128,T intersection,3,60,Freeway,FRANKSTON OUT-SEAFORD,FRANKSTON,-38.10884,145.13985,2020,3,March,17,Afternoon Peak,Weekday
T20210023238,2020-03-23,08:30:00,1,Collision with vehicle,1,Monday,113,RIGHT NEAR (INTERSECTIONS ONLY),1,42628,T intersection,3,60,Local Road,GLADSTONE,DANDENONG,-37.93914,145.21068,2020,3,March,8,Morning Peak,Weekday
T20200010693,2020-03-23,08:38:00,1,Collision with vehicle,1,Monday,121,RIGHT THROUGH,1,229963,Cross intersection,3,60,Arterial Other,SAYERS,WYNDHAM,-37.852726,144.73128,2020,3,March,8,Morning Peak,Weekday
T20200007045,2020-03-23,16:30:00,1,Collision with vehicle,1,Monday,121,RIGHT THROUGH,1,335536,Cross intersection,3,80,Freeway,HUME,WHITTLESEA,-37.648354,144.99072,2020,3,March,16,Afternoon Peak,Weekday
T20200006831,2020-03-23,07:15:00,1,Collision with vehicle,1,Monday,130,REAR END(VEHICLES IN SAME LANE),1,730683,Not at intersection,2,80,Arterial Other,WELLINGTON,YARRA RANGES,-37.93677,145.3107,2020,3,March,7,Morning Peak,Weekday
T20200006846,2020-03-23,12:31:00,1,Collision with vehicle,1,Monday,121,RIGHT THROUGH,1,646834,Not at intersection,2,60,Arterial Highway,NEPEAN,FRANKSTON,-38.15385,145.11006,2020,3,March,12,Midday,Weekday
T20200006857,2020-03-23,16:10:00,1,Collision with vehicle,1,Monday,110,CROSS TRAFFIC(INTERSECTIONS ONLY),1,51301,Cross intersection,3,60,Local Road,FORD,SHEPPARTON,-36.34756,145.41579,2020,3,March,16,Afternoon Peak,Weekday
T20200006907,2020-03-23,08:55:00,1,Collision with vehicle,1,Monday,121,RIGHT THROUGH,1,651582,Cross intersection,3,60,Arterial Other,UNNAMED,CASEY,-38.080643,145.2636,2020,3,March,8,Morning Peak,Weekday
T20200006859,2020-03-23,15:20:00,1,Collision with vehicle,1,Monday,134,LANE CHANGE RIGHT (NOT OVERTAKING),1,651128,T intersection,3,40,Local Road,LONSDALE,MELBOURNE,-37.81329,144.9588,2020,3,March,15,Afternoon Peak,Weekday
T20200006872,2020-03-23,15:20:00,2,Struck Pedestrian,1,Monday,102,FAR SIDE. PED HIT BY VEHICLE FROM THE LEFT,1,63320,Cross intersection,2,40,Local Road,COOPER,MOONEE VALLEY,-37.749313,144.89755,2020,3,March,15,Afternoon Peak,Weekday
T20200006853,2020-03-23,14:30:00,1,Collision with vehicle,1,Monday,113,RIGHT NEAR (INTERSECTIONS ONLY),1,70435,T intersection,2,80,Arterial Highway,NEPEAN,KINGSTON,-37.97673,145.06668,2020,3,March,14,Midday,Weekday
T20200006876,2020-03-23,20:16:00,4,Collision with a fixed object,1,Monday,171,LEFT OFF CARRIAGEWAY INTO OBJECT/PARKED VEHICLE,3,651127,Not at intersection,2,50,Arterial Highway,HEYGARTH,CAMPASPE,-36.124203,144.7495,2020,3,March,20,Night,Weekday
T20200006941,2020-03-24,11:00:00,1,Collision with vehicle,2,Tuesday,121,RIGHT THROUGH,1,29681,T intersection,3,60,Arterial Highway,WARRIGAL,KINGSTON,-37.953197,145.07677,2020,3,March,11,Midday,Weekday
T20200011486,2020-03-24,15:00:00,1,Collision with vehicle,2,Tuesday,132,RIGHT REAR.,1,74157,T intersection,3,100,Arterial Highway,BASS,BASS COAST,-38.612476,145.63422,2020,3,March,15,Afternoon Peak,Weekday
T20200006908,2020-03-24,10:31:00,1,Collision with vehicle,2,Tuesday,130,REAR END(VEHICLES IN SAME LANE),1,42197,Cross intersection,3,80,Arterial Highway,NEPEAN,KINGSTON,-37.949116,145.046,2020,3,March,10,Midday,Weekday
T20200006898,2020-03-24,09:15:00,1,Collision with vehicle,2,Tuesday,140,U TURN,1,640661,Not at intersection,2,50,Arterial Highway,FRANCIS,MARIBYRNONG,-37.819004,144.8711,2020,3,March,9,Morning Peak,Weekday
T20200006897,2020-03-24,09:20:00,1,Collision with vehicle,2,Tuesday,110,CROSS TRAFFIC(INTERSECTIONS ONLY),1,52076,Cross intersection,3,60,Arterial Highway,FOSTER STREET -YORK,WELLINGTON,-38.111423,147.06844,2020,3,March,9,Morning Peak,Weekday
T20200007224,2020-03-24,06:00:00,1,Collision with vehicle,2,Tuesday,130,REAR END(VEHICLES IN SAME LANE),3,642529,Not at intersection,3,80,Arterial Other,MICKLEHAM,HUME,-37.687607,144.88254,2020,3,March,6,Morning Peak,Weekday
T20200007972,2020-03-24,12:30:00,6,Vehicle overturned (no collision),2,Tuesday,182,OFF CARRIAGEWAY ON LEFT BEND,1,729227,Not at intersection,3,100,Arterial Other,CARLISLE,COLAC OTWAY,-38.513096,143.41464,2020,3,March,12,Midday,Weekday
T20200007054,2020-03-24,19:00:00,5,collision with some other object,2,Tuesday,166,STRUCK OBJECT ON CARRIAGEWAY,2,641304,Not at intersection,3,80,Local Road,SIMPSON,BALLARAT,-37.6528,143.87796,2020,3,March,19,Night,Weekday
T20200006951,2020-03-24,17:30:00,1,Collision with vehicle,2,Tuesday,169,OTHER ON PATH,1,640988,Not at intersection,3,50,Local Road,WARRAWEE,FRANKSTON,-38.13356,145.16586,2020,3,March,17,Afternoon Peak,Weekday
T20200007706,2020-03-24,10:48:00,1,Collision with vehicle,2,Tuesday,120,HEAD ON (NOT OVERTAKING),1,646241,Not at intersection,3,100,Local Road,CHANTERS,MACEDON RANGES,-37.38573,144.41624,2020,3,March,10,Midday,Weekday
T20200009139,2020-03-24,12:45:00,1,Collision with vehicle,2,Tuesday,140,U TURN,1,652280,Not at intersection,3,40,Arterial Other,PASCOE VALE,MORELAND,-37.705215,144.9159,2020,3,March,12,Midday,Weekday
T20200010195,2020-03-24,22:00:00,4,Collision with a fixed object,2,Tuesday,173,RIGHT OFF CARRIAGEWAY INTO OBJECT/PARKED VEHICLE,5,659617,Not at intersection,3,100,Arterial Other,SEA LAKE-SWAN HILL,SWAN HILL,-35.374874,143.44643,2020,3,March,22,Night,Weekday
T20200007936,2020-03-24,17:39:00,1,Collision with vehicle,2,Tuesday,133,LANE SIDE SWIPE (VEHICLES IN PARALLEL LANES),1,38803,Cross intersection,3,50,Arterial Highway,NAPIER STREET -WHITEHALL,MARIBYRNONG,-37.805138,144.90425,2020,3,March,17,Afternoon Peak,Weekday
T20200009664,2020-03-24,05:49:00,4,Collision with a fixed object,2,Tuesday,171,LEFT OFF CARRIAGEWAY INTO OBJECT/PARKED VEHICLE,3,10631,Cross intersection,2,80,Arterial Other,SYDNEY,HUME,-37.64759,144.95181,2020,3,March,5,Morning Peak,Weekday
T20200006917,2020-03-24,16:47:00,1,Collision with vehicle,2,Tuesday,137,LEFT TURN SIDESWIPE,1,37827,T intersection,2,60,Arterial Other,NORMANBY,DAREBIN,-37.75736,144.98068,2020,3,March,16,Afternoon Peak,Weekday
T20200006914,2020-03-24,14:55:00,1,Collision with vehicle,2,Tuesday,111,RIGHT FAR (INTERSECTIONS ONLY),1,35597,Cross intersection,3,80,Arterial Other,BELGRAVE-HALLAM,YARRA RANGES,-37.954052,145.34772,2020,3,March,14,Midday,Weekday
T20200006981,2020-03-25,16:30:00,4,Collision with a fixed object,3,Wednesday,173,RIGHT OFF CARRIAGEWAY INTO OBJECT/PARKED VEHICLE,1,29828,T intersection,3,60,Arterial Other,WAVERLEY,MOONEE VALLEY,-37.7637,144.90599,2020,3,March,16,Afternoon Peak,Weekday
T20200007465,2020-03-25,14:10:00,1,Collision with vehicle,3,Wednesday,116,LEFT NEAR (INTERSECTIONS ONLY),9,242925,T intersection,3,50,Arterial Other,MARIBYRNONG,MOONEE VALLEY,-37.77166,144.9155,2020,3,March,14,Midday,Weekday
T20200008725,2020-03-25,11:00:00,1,Collision with vehicle,3,Wednesday,113,RIGHT NEAR (INTERSECTIONS ONLY),1,292841,Cross intersection,3,60,Freeway,BELGRAVE-HALLAM-MONASH IN,CASEY,-37.998283,145.27507,2020,3,March,11,Midday,Weekday
T20200007035,2020-03-25,08:30:00,1,Collision with vehicle,3,Wednesday,130,REAR END(VEHICLES IN SAME LANE),1,667551,Not at intersection,3,100,Freeway,PRINCES,WYNDHAM,-37.886425,144.70915,2020,3,March,8,Morning Peak,Weekday
T20200006977,2020-03-25,13:45:00,1,Collision with vehicle,3,Wednesday,116,LEFT NEAR (INTERSECTIONS ONLY),1,292841,Multiple intersection,2,80,Freeway,BELGRAVE-HALLAM-MONASH IN,CASEY,-37.998283,145.27507,2020,3,March,13,Midday,Weekday
T20200006926,2020-03-25,02:20:00,1,Collision with vehicle,3,Wednesday,133,LANE SIDE SWIPE (VEHICLES IN PARALLEL LANES),5,652720,Cross intersection,3,80,Arterial Other,SYDNEY,HUME,-37.655396,144.95303,2020,3,March,2,Late Night,Weekday
T20200006959,2020-03-25,14:07:00,1,Collision with vehicle,3,Wednesday,130,REAR END(VEHICLES IN SAME LANE),1,37297,Cross intersection,3,60,Arterial Other,KEILOR PARK,MOONEE VALLEY,-37.739983,144.86383,2020,3,March,14,Midday,Weekday
T20200006970,2020-03-25,12:50:00,1,Collision with vehicle,3,Wednesday,140,U TURN,1,667048,Not at intersection,3,60,Arterial Other,CRAIGIEBURN,HUME,-37.597225,144.92508,2020,3,March,12,Midday,Weekday
T20200006995,2020-03-25,03:36:00,4,Collision with a fixed object,3,Wednesday,183,OFF LEFT BEND INTO OBJECT/PARKED VEHICLE,3,660227,Not at intersection,3,60,Arterial Highway,RIDGWAY,SOUTH GIPPSLAND,-38.400204,146.15175,2020,3,March,3,Late Night,Weekday
T20200006927,2020-03-25,02:37:00,4,Collision with a fixed object,3,Wednesday,175,OFF END OF ROAD/T-INTERSECTION.,3,47053,T intersection,2,60,Local Road,FLETCHER,YARRA RANGES,-37.761887,145.31528,2020,3,March,2,Late Night,Weekday
T20200006968,2020-03-25,14:30:00,2,Struck Pedestrian,3,Wednesday,100,PED NEAR SIDE. PED HIT BY VEHICLE FROM THE RIGHT.,1,43770,T intersection,3,40,Local Road,GARRY,MELTON,-37.698288,144.57594,2020,3,March,14,Midday,Weekday
T20200006972,2020-03-25,12:30:00,1,Collision with vehicle,3,Wednesday,130,REAR END(VEHICLES IN SAME LANE),1,651277,Not at intersection,3,70,Arterial Highway,BURWOOD,WHITEHORSE,-37.849915,145.11507,2020,3,March,12,Midday,Weekday
T20200006969,2020-03-25,14:19:00,4,Collision with a fixed object,3,Wednesday,171,LEFT OFF CARRIAGEWAY INTO OBJECT/PARKED VEHICLE,1,773373,Not at intersection,2,80,Arterial Other,PORTARLINGTON,GEELONG,-38.171898,144.43819,2020,3,March,14,Midday,Weekday
T20200006948,2020-03-25,11:56:00,2,Struck Pedestrian,3,Wednesday,107,PED ON FOOTHPATH STRUCK BY VEHENTERING/LEAVING DRIVEWAY.,1,651030,Not at intersection,2,40,Local Road,NORWOOD,MOONEE VALLEY,-37.743988,144.85326,2020,3,March,11,Midday,Weekday
T20200006986,2020-03-25,11:20:00,1,Collision with vehicle,3,Wednesday,130,REAR END(VEHICLES IN SAME LANE),1,652466,Not at intersection,3,40,Local Road,BRUNSWICK,YARRA,-37.802017,144.97783,2020,3,March,11,Midday,Weekday
T20200006967,2020-03-25,14:20:00,1,Collision with vehicle,3,Wednesday,121,RIGHT THROUGH,1,47967,Cross intersection,3,50,Local Road,CHIFLEY,DAREBIN,-37.743492,145.03049,2020,3,March,14,Midday,Weekday
T20200006985,2020-03-25,17:55:00,6,Vehicle overturned (no collision),3,Wednesday,180,OFF CARRIAGEWAY ON RIGHT BEND,1,640990,Not at intersection,2,60,Arterial Other,GEMBROOK-LAUNCHING PLACE,CARDINIA,-37.91604,145.57675,2020,3,March,17,Afternoon Peak,Weekday