ACCIDENT_NO,ACCIDENT_DATE,ACCIDENT_TIME,ACCIDENT_TYPE,ACCIDENT_TYPE_DESC,DAY_OF_WEEK,DAY_WEEK_DESC,DCA_CODE,DCA_DESC,LIGHT_CONDITION,NODE_ID,ROAD_GEOMETRY_DESC,SEVERITY,SPEED_ZONE,RMA,ROAD_NAME,LGA_NAME,LATITUDE,LONGITUDE,YEAR,MONTH,MONTH_NAME,HOUR,TIME_PERIOD,DAY_TYPE
T20200006943,2020-03-25,09:17:00,1,Collision with vehicle,3,Wednesday,121,RIGHT THROUGH,1,583552,T intersection,2,60,Arterial Other,GALLAGHERS,MONASH,-37.875748,145.17896,2020,3,March,9,Morning Peak,Weekday
T20200006963,2020-03-25,06:30:00,1,Collision with vehicle,3,Wednesday,137,LEFT TURN SIDESWIPE,2,276044,Cross intersection,3,60,Local Road,WESTWOOD,MELTON,-37.73036,144.74939,2020,3,March,6,Morning Peak,Weekday
T20200006987,2020-03-25,17:50:00,4,Collision with a fixed object,3,Wednesday,171,LEFT OFF CARRIAGEWAY INTO OBJECT/PARKED VEHICLE,1,651827,Not at intersection,2,100,Local Road,BRYAN,SWAN HILL,-35.38325,143.5393,2020,3,March,17,Afternoon Peak,Weekday
T20200006993,2020-03-25,19:36:00,1,Collision with vehicle,3,Wednesday,121,RIGHT THROUGH,3,586470,T intersection,2,70,Arterial Highway,BELLARINE,GEELONG,-38.171013,144.39334,2020,3,March,19,Night,Weekday
T20200006983,2020-03-25,16:59:00,1,Collision with vehicle,3,Wednesday,134,LANE CHANGE RIGHT (NOT OVERTAKING),1,654158,Not at intersection,3,60,Arterial Other,SOMERTON,HUME,-37.642944,144.94727,2020,3,March,16,Afternoon Peak,Weekday
T20200006942,2020-03-25,07:00:00,2,Struck Pedestrian,3,Wednesday,104,PED WALKING WITH TRAFFIC,5,640987,Not at intersection,2,100,Local Road,MILNERS,CARDINIA,-38.25139,145.63097,2020,3,March,7,Morning Peak,Weekday
T20200006947,2020-03-25,10:24:00,1,Collision with vehicle,3,Wednesday,173,RIGHT OFF CARRIAGEWAY INTO OBJECT/PARKED VEHICLE,1,43146,T intersection,2,50,Local Road,DOVETON,CASEY,-37.99902,145.25002,2020,3,March,10,Midday,Weekday
T20200006982,2020-03-25,18:24:00,6,Vehicle overturned (no collision),3,Wednesday,180,OFF CARRIAGEWAY ON RIGHT BEND,1,652225,Not at intersection,2,60,Local Road,SPARROWHAWK,BENDIGO,-36.756943,144.23845,2020,3,March,18,Afternoon Peak,Weekday
T20200008846,2020-03-25,15:20:00,1,Collision with vehicle,3,Wednesday,130,REAR END(VEHICLES IN SAME LANE),9,653102,Not at intersection,3,60,Arterial Other,SWAN,MELBOURNE,-37.824306,144.98677,2020,3,March,15,Afternoon Peak,Weekday
T20200006924,2020-03-25,01:32:00,1,Collision with vehicle,3,Wednesday,160,VEHICLE COLLIDES WITH VEHICLE PARKED ON LEFT OF ROAD,3,640986,Not at intersection,2,50,Local Road,WIDFORD,HUME,-37.69211,144.92561,2020,3,March,1,Late Night,Weekday
T20200007008,2020-03-26,06:24:00,1,Collision with vehicle,4,Thursday,130,REAR END(VEHICLES IN SAME LANE),3,642214,Not at intersection,2,80,Freeway,WEST GATE IN-KINGS,MELBOURNE,-37.82577,144.94626,2020,3,March,6,Morning Peak,Weekday
T20200006998,2020-03-26,06:00:00,1,Collision with vehicle,4,Thursday,122,LEFT THROUGH,3,640991,T intersection,3,50,Local Road,MERNDA VILLAGE,WHITTLESEA,-37.594944,145.09038,2020,3,March,6,Morning Peak,Weekday
T20200007018,2020-03-26,08:05:00,1,Collision with vehicle,4,Thursday,130,REAR END(VEHICLES IN SAME LANE),1,773230,Not at intersection,3,80,Arterial Other,PLENTY,NILLUMBIK,-37.686123,145.06818,2020,3,March,8,Morning Peak,Weekday
T20200007011,2020-03-26,07:30:00,1,Collision with vehicle,4,Thursday,116,LEFT NEAR (INTERSECTIONS ONLY),1,267337,Cross intersection,2,50,Local Road,GRAND,HUME,-37.577103,144.93039,2020,3,March,7,Morning Peak,Weekday
T20200007012,2020-03-26,07:30:00,6,Vehicle overturned (no collision),4,Thursday,180,OFF CARRIAGEWAY ON RIGHT BEND,1,651867,Not at intersection,3,100,Arterial Highway,MURRAY VALLEY,SWAN HILL,-34.971237,143.29446,2020,3,March,7,Morning Peak,Weekday
T20200007028,2020-03-26,17:15:00,1,Collision with vehicle,4,Thursday,147,VEHICLE STRIKES ANOTHER VEH WHILE EMERGING FROM DRIVEWAY,1,650732,Not at intersection,3,50,Local Road,POPLAR,BASS COAST,-38.60086,145.58986,2020,3,March,17,Afternoon Peak,Weekday
T20200007017,2020-03-26,14:00:00,1,Collision with vehicle,4,Thursday,130,REAR END(VEHICLES IN SAME LANE),1,651959,Not at intersection,3,60,Arterial Other,WARRIGAL,WHITEHORSE,-37.84482,145.0966,2020,3,March,14,Midday,Weekday
T20200007063,2020-03-26,17:20:00,1,Collision with vehicle,4,Thursday,130,REAR END(VEHICLES IN SAME LANE),1,283715,Not at intersection,3,70,Freeway,HUME,WHITTLESEA,-37.64803,144.99054,2020,3,March,17,Afternoon Peak,Weekday
T20200007047,2020-03-26,17:30:00,1,Collision with vehicle,4,Thursday,121,RIGHT THROUGH,1,36155,T intersection,3,60,Arterial Other,MCINTYRE,BRIMBANK,-37.775223,144.82906,2020,3,March,17,Afternoon Peak,Weekday
T20200007123,2020-03-26,06:20:00,1,Collision with vehicle,4,Thursday,120,HEAD ON (NOT OVERTAKING),5,649362,Not at intersection,3,60,Arterial Other,CLEGG,YARRA RANGES,-37.78329,145.40698,2020,3,March,6,Morning Peak,Weekday
T20200007039,2020-03-26,05:00:00,4,Collision with a fixed object,4,Thursday,171,LEFT OFF CARRIAGEWAY INTO OBJECT/PARKED VEHICLE,3,652170,Not at intersection,2,60,Arterial Other,ALBERT,PORT PHILLIP,-37.841915,144.95949,2020,3,March,5,Morning Peak,Weekday
T20200007034,2020-03-26,11:00:00,8,No collision and no object struck,4,Thursday,179,OTHER ACCIDENTS-OFF STRAIGHT NOT INCLUDED IN DCAs 170-175,1,662759,Not at intersection,3,50,Local Road,CHURCHILL,WARRNAMBOOL,-38.368267,142.4716,2020,3,March,11,Midday,Weekday
T20200006996,2020-03-26,00:40:00,1,Collision with vehicle,4,Thursday,160,VEHICLE COLLIDES WITH VEHICLE PARKED ON LEFT OF ROAD,3,650736,Not at intersection,3,50,Local Road,LOUIS,CASEY,-37.986095,145.24637,2020,3,March,0,Late Night,Weekday
T20200007038,2020-03-26,15:00:00,1,Collision with vehicle,4,Thursday,139,OTHER SAME DIRECTION-MANOUEVRES NOT INCLUDED IN DCAs 130-137,1,43403,T intersection,3,60,Arterial Highway,BELL,DAREBIN,-37.74269,144.97981,2020,3,March,15,Afternoon Peak,Weekday
T20200007027,2020-03-26,14:30:00,1,Collision with vehicle,4,Thursday,149,OTHER MANOEUVRING NOT INCLUDED IN DCAs 140-148,1,641600,Not at intersection,2,60,Arterial Other,BALACLAVA,GLEN EIRA,-37.872574,145.02399,2020,3,March,14,Midday,Weekday
T20200007242,2020-03-26,06:40:00,1,Collision with vehicle,4,Thursday,130,REAR END(VEHICLES IN SAME LANE),3,670663,Not at intersection,3,80,Arterial Highway,DINGLEY,KINGSTON,-37.959644,145.11288,2020,3,March,6,Morning Peak,Weekday
T20200007025,2020-03-26,15:35:00,1,Collision with vehicle,4,Thursday,130,REAR END(VEHICLES IN SAME LANE),1,41137,T intersection,2,60,Arterial Other,ST KILDA,BAYSIDE,-37.897785,144.98953,2020,3,March,15,Afternoon Peak,Weekday
T20200007019,2020-03-26,11:50:00,1,Collision with vehicle,4,Thursday,142,LEAVING PARKING,1,643504,Not at intersection,3,50,Local Road,MAIN,MAROONDAH,-37.79802,145.28067,2020,3,March,11,Midday,Weekday
T20200007007,2020-03-26,10:50:00,1,Collision with vehicle,4,Thursday,142,LEAVING PARKING,1,640992,Not at intersection,2,50,Local Road,GLADESVILLE,KINGSTON,-38.06365,145.14386,2020,3,March,10,Midday,Weekday
T20200007084,2020-03-27,13:52:00,1,Collision with vehicle,5,Friday,130,REAR END(VEHICLES IN SAME LANE),1,643505,Multiple intersection,3,70,Arterial Other,STURT,BALLARAT,-37.551216,143.80878,2020,3,March,13,Midday,Weekday
T20200007086,2020-03-27,13:55:00,1,Collision with vehicle,5,Friday,121,RIGHT THROUGH,1,36816,Cross intersection,3,80,Arterial Other,PASCOE VALE,HUME,-37.643826,144.9289,2020,3,March,13,Midday,Weekday
T20200007096,2020-03-27,14:27:00,6,Vehicle overturned (no collision),5,Friday,170,OFF CARRIAGEWAY TO LEFT,1,647291,Not at intersection,2,100,Freeway,WESTERN RING,BRIMBANK,-37.77914,144.79309,2020,3,March,14,Midday,Weekday
T20200007097,2020-03-27,14:59:00,2,Struck Pedestrian,5,Friday,102,FAR SIDE. PED HIT BY VEHICLE FROM THE LEFT,1,651455,T intersection,2,60,Arterial Other,ROYAL,MELBOURNE,-37.787666,144.95905,2020,3,March,14,Midday,Weekday
T20200007098,2020-03-27,16:05:00,1,Collision with vehicle,5,Friday,121,RIGHT THROUGH,1,43917,Cross intersection,2,80,Arterial Other,CLYDE-FIVE WAYS,CASEY,-38.1335,145.32426,2020,3,March,16,Afternoon Peak,Weekday
T20200007099,2020-03-27,15:02:00,1,Collision with vehicle,5,Friday,130,REAR END(VEHICLES IN SAME LANE),1,664570,T intersection,3,60,Arterial Highway,BULLEEN,MANNINGHAM,-37.76372,145.08304,2020,3,March,15,Afternoon Peak,Weekday
T20200007100,2020-03-27,16:45:00,6,Vehicle overturned (no collision),5,Friday,174,OUT OF CONTROL ON CARRIAGEWAY (ON STRAIGHT),1,189442,Not at intersection,2,40,Local Road,FLINDERS,MELBOURNE,-37.81839,144.96422,2020,3,March,16,Afternoon Peak,Weekday
T20200007105,2020-03-27,18:00:00,4,Collision with a fixed object,5,Friday,171,LEFT OFF CARRIAGEWAY INTO OBJECT/PARKED VEHICLE,1,668339,Not at intersection,2,60,Arterial Other,ANDERSON,SURF COAST,-38.250088,143.98303,2020,3,March,18,Afternoon Peak,Weekday
T20200007108,2020-03-27,14:00:00,1,Collision with vehicle,5,Friday,160,VEHICLE COLLIDES WITH VEHICLE PARKED ON LEFT OF ROAD,1,655218,Not at intersection,3,50,Local Road,GRAMERCY,WYNDHAM,-37.90197,144.75533,2020,3,March,14,Midday,Weekday
T20200007051,2020-03-27,08:37:00,1,Collision with vehicle,5,Friday,130,REAR END(VEHICLES IN SAME LANE),1,729713,Not at intersection,2,50,Arterial Highway,NORTH,GLEN EIRA,-37.904022,145.04004,2020,3,March,8,Morning Peak,Weekday
T20200007049,2020-03-27,05:27:00,4,Collision with a fixed object,5,Friday,173,RIGHT OFF CARRIAGEWAY INTO OBJECT/PARKED VEHICLE,5,652849,Not at intersection,2,60,Arterial Highway,MCIVOR,BENDIGO,-36.783527,144.49474,2020,3,March,5,Morning Peak,Weekday
T20200007048,2020-03-27,06:31:00,1,Collision with vehicle,5,Friday,121,RIGHT THROUGH,3,40764,Cross intersection,2,60,Arterial Other,HIGHBURY,MONASH,-37.85977,145.15076,2020,3,March,6,Morning Peak,Weekday
T20200007046,2020-03-27,06:34:00,1,Collision with vehicle,5,Friday,134,LANE CHANGE RIGHT (NOT OVERTAKING),3,729208,Not at intersection,2,70,Arterial Highway,LONSDALE,DANDENONG,-37.998203,145.2209,2020,3,March,6,Morning Peak,Weekday
T20200007044,2020-03-27,05:40:00,1,Collision with vehicle,5,Friday,113,RIGHT NEAR (INTERSECTIONS ONLY),5,50619,Cross intersection,2,100,Arterial Other,COLAC-FORREST,COLAC OTWAY,-38.345325,143.64241,2020,3,March,5,Morning Peak,Weekday
T20200007404,2020-03-27,15:30:00,1,Collision with vehicle,5,Friday,134,LANE CHANGE RIGHT (NOT OVERTAKING),1,643509,Not at intersection,3,80,Freeway,PRINCES,HOBSONS BAY,-37.833603,144.80904,2020,3,March,15,Afternoon Peak,Weekday
T20200007113,2020-03-27,21:30:00,8,No collision and no object struck,5,Friday,170,OFF CARRIAGEWAY TO LEFT,3,773486,Not at intersection,2,60,Arterial Other,YORK,YARRA RANGES,-37.797012,145.36171,2020,3,March,21,Night,Weekday
T20200007114,2020-03-27,06:15:00,1,Collision with vehicle,5,Friday,124,RIGHT/RIGHT BOTH VEHs FROM OPPOSITE DIRECTIONS TURNING RIGHT,1,37016,Cross intersection,3,60,Local Road,ALBERT,MELBOURNE,-37.810413,144.98355,2020,3,March,6,Morning Peak,Weekday
T20200007115,2020-03-27,21:20:00,1,Collision with vehicle,5,Friday,120,HEAD ON (NOT OVERTAKING),3,646239,Not at intersection,2,60,Arterial Other,FORSYTH,WYNDHAM,-37.872643,144.73654,2020,3,March,21,Night,Weekday
T20200007117,2020-03-27,19:20:00,4,Collision with a fixed object,5,Friday,171,LEFT OFF CARRIAGEWAY INTO OBJECT/PARKED VEHICLE,2,657116,Not at intersection,1,100,Arterial Other,DUNOLLY-MOLIAGUL,LODDON,-36.773174,143.67561,2020,3,March,19,Night,Weekday
T20200007121,2020-03-27,23:42:00,4,Collision with a fixed object,5,Friday,171,LEFT OFF CARRIAGEWAY INTO OBJECT/PARKED VEHICLE,5,654115,Not at intersection,2,50,Local Road,NORTHGATE,WHITTLESEA,-37.68885,145.03653,2020,3,March,23,Night,Weekday
T20200007056,2020-03-27,06:40:00,1,Collision with vehicle,5,Friday,110,CROSS TRAFFIC(INTERSECTIONS ONLY),3,11180,Cross intersection,3,80,Arterial Highway,SOUTH GIPPSLAND,CASEY,-38.050434,145.2576,2020,3,March,6,Morning Peak,Weekday
T20200008687,2020-03-27,17:39:00,1,Collision with vehicle,5,Friday,130,REAR END(VEHICLES IN SAME LANE),1,651634,Not at intersection,3,80,Arterial Highway,SOUTH GIPPSLAND,CASEY,-38.042545,145.25203,2020,3,March,17,Afternoon Peak,Weekday
T20200007197,2020-03-27,10:24:00,1,Collision with vehicle,5,Friday,169,OTHER ON PATH,1,642220,Not at intersection,2,50,Local Road,SYLVIA,MAROONDAH,-37.8264,145.22429,2020,3,March,10,Midday,Weekday
T20200015108,2020-03-27,16:45:00,1,Collision with vehicle,5,Friday,135,LANE CHANGE LEFT (NOT OVERTAKING),2,659864,Not at intersection,3,40,Arterial Highway,PRINCES,DANDENONG,-37.984146,145.21336,2020,3,March,16,Afternoon Peak,Weekday
T20200008657,2020-03-27,12:10:00,1,Collision with vehicle,5,Friday,110,CROSS TRAFFIC(INTERSECTIONS ONLY),1,652271,Cross intersection,2,80,Arterial Highway,CHELTENHAM,DANDENONG,-37.994614,145.1754,2020,3,March,12,Midday,Weekday
T20200007263,2020-03-27,17:00:00,1,Collision with vehicle,5,Friday,140,U TURN,1,642531,Not at intersection,2,60,Arterial Other,MAIN,BRIMBANK,-37.745373,144.8094,2020,3,March,17,Afternoon Peak,Weekday
T20200007883,2020-03-27,16:00:00,1,Collision with vehicle,5,Friday,137,LEFT TURN SIDESWIPE,1,37888,T intersection,3,40,Arterial Other,QUEENS,YARRA,-37.786896,144.99333,2020,3,March,16,Afternoon Peak,Weekday
T20200009099,2020-03-27,07:40:00,8,No collision and no object struck,5,Friday,174,OUT OF CONTROL ON CARRIAGEWAY (ON STRAIGHT),1,652096,Cross intersection,3,50,Local Road,VINCENT,MORELAND,-37.742146,144.95633,2020,3,March,7,Morning Peak,Weekday
T20200007486,2020-03-27,15:25:00,1,Collision with vehicle,5,Friday,130,REAR END(VEHICLES IN SAME LANE),1,729217,T intersection,3,60,Arterial Other,CAMBERWELL,BOROONDARA,-37.84246,145.0694,2020,3,March,15,Afternoon Peak,Weekday
T20200007053,2020-03-27,08:40:00,1,Collision with vehicle,5,Friday,130,REAR END(VEHICLES IN SAME LANE),1,354743,Cross intersection,3,80,Arterial Highway,FERNTREE GULLY,MONASH,-37.90345,145.16142,2020,3,March,8,Morning Peak,Weekday
T20200007058,2020-03-27,09:20:00,1,Collision with vehicle,5,Friday,110,CROSS TRAFFIC(INTERSECTIONS ONLY),1,49955,Cross intersection,2,60,Arterial Other,SHANNON,GEELONG,-38.14981,144.33466,2020,3,March,9,Morning Peak,Weekday
T20200007060,2020-03-27,10:00:00,1,Collision with vehicle,5,Friday,120,HEAD ON (NOT OVERTAKING),1,35610,Multiple intersection,2,60,Arterial Other,OLD DANDENONG,KINGSTON,-37.97331,145.11981,2020,3,March,10,Midday,Weekday
T20200007061,2020-03-27,10:25:00,1,Collision with vehicle,5,Friday,134,LANE CHANGE RIGHT (NOT OVERTAKING),1,478,Multiple intersection,3,60,Arterial Other,HIGH STREET -HIGH,BOROONDARA,-37.80748,145.02888,2020,3,March,10,Midday,Weekday
T20200007066,2020-03-27,08:00:00,1,Collision with vehicle,5,Friday,130,REAR END(VEHICLES IN SAME LANE),1,650729,T intersection,3,80,Arterial Other,BALLARTO,CARDINIA,-38.14889,145.44696,2020,3,March,8,Morning Peak,Weekday
T20200007069,2020-03-27,11:30:00,1,Collision with vehicle,5,Friday,130,REAR END(VEHICLES IN SAME LANE),1,225644,Cross intersection,3,70,Arterial Highway,PLENTY,DAREBIN,-37.71698,145.04315,2020,3,March,11,Midday,Weekday
T20200007073,2020-03-27,11:40:00,1,Collision with vehicle,5,Friday,147,VEHICLE STRIKES ANOTHER VEH WHILE EMERGING FROM DRIVEWAY,1,641307,Not at intersection,3,60,Local Road,SHERBOURNE,BANYULE,-37.710587,145.11761,2020,3,March,11,Midday,Weekday
T20200009219,2020-03-27,10:45:00,4,Collision with a fixed object,5,Friday,173,RIGHT OFF CARRIAGEWAY INTO OBJECT/PARKED VEHICLE,1,64962,Not at intersection,3,60,Arterial Other,ANDERSON,BRIMBANK,-37.793007,144.82683,2020,3,March,10,Midday,Weekday
T20200007074,2020-03-27,13:14:00,1,Collision with vehicle,5,Friday,132,RIGHT REAR.,1,1311,Not at intersection,3,80,Arterial Other,SYDNEY,HUME,-37.67068,144.95525,2020,3,March,13,Midday,Weekday
T20200007119,2020-03-28,00:30:00,1,Collision with vehicle,6,Saturday,130,REAR END(VEHICLES IN SAME LANE),5,679323,Not at intersection,2,100,Freeway,WESTERN RING,BRIMBANK,-37.78189,144.79103,2020,3,March,0,Late Night,Weekend
T20200007509,2020-03-28,17:20:00,1,Collision with vehicle,6,Saturday,160,VEHICLE COLLIDES WITH VEHICLE PARKED ON LEFT OF ROAD,1,653547,Not at intersection,3,50,Local Road,HEMSLEY,BRIMBANK,-37.777065,144.76753,2020,3,March,17,Afternoon Peak,Weekend
T20200007167,2020-03-28,20:50:00,1,Collision with vehicle,6,Saturday,113,RIGHT NEAR (INTERSECTIONS ONLY),3,37777,T intersection,2,50,Arterial Other,HIGH,WHITTLESEA,-37.667046,145.01631,2020,3,March,20,Night,Weekend
T20200007157,2020-03-28,18:20:00,1,Collision with vehicle,6,Saturday,139,OTHER SAME DIRECTION-MANOUEVRES NOT INCLUDED IN DCAs 130-137,2,594537,Cross intersection,3,60,Arterial Highway,BALLARAT,MARIBYRNONG,-37.794785,144.90434,2020,3,March,18,Afternoon Peak,Weekend
T20200007127,2020-03-28,06:37:00,1,Collision with vehicle,6,Saturday,136,RIGHT TURN SIDESWIPE,3,36267,Cross intersection,2,40,Local Road,ELIZABETH,MELBOURNE,-37.80818,144.96037,2020,3,March,6,Morning Peak,Weekend
T20200007164,2020-03-28,21:20:00,4,Collision with a fixed object,6,Saturday,171,LEFT OFF CARRIAGEWAY INTO OBJECT/PARKED VEHICLE,3,651581,Not at intersection,2,50,Local Road,WESTGATE,BRIMBANK,-37.777294,144.81358,2020,3,March,21,Night,Weekend
T20200007143,2020-03-28,14:00:00,6,Vehicle overturned (no collision),6,Saturday,170,OFF CARRIAGEWAY TO LEFT,1,347238,Not at intersection,2,70,Arterial Highway,NORTH,GLEN EIRA,-37.902176,145.0265,2020,3,March,14,Midday,Weekend
T20200007158,2020-03-28,17:23:00,4,Collision with a fixed object,6,Saturday,171,LEFT OFF CARRIAGEWAY INTO OBJECT/PARKED VEHICLE,1,655782,Not at intersection,2,50,Arterial Highway,STAWELL ROAD SERVICE,HORSHAM,-36.732594,142.20558,2020,3,March,17,Afternoon Peak,Weekend
T20210003454,2020-03-28,08:20:00,1,Collision with vehicle,6,Saturday,130,REAR END(VEHICLES IN SAME LANE),1,729600,Not at intersection,3,50,Local Road,PITT,NILLUMBIK,-37.72177,145.15367,2020,3,March,8,Morning Peak,Weekend
T20200007128,2020-03-28,05:05:00,4,Collision with a fixed object,6,Saturday,173,RIGHT OFF CARRIAGEWAY INTO OBJECT/PARKED VEHICLE,5,730685,Not at intersection,2,100,Local Road,BOISDALE-STRATFORD,WELLINGTON,-37.948265,147.04047,2020,3,March,5,Morning Peak,Weekend
T20200007141,2020-03-28,12:04:00,1,Collision with vehicle,6,Saturday,136,RIGHT TURN SIDESWIPE,1,654844,T intersection,2,50,Local Road,BREWER,GLEN EIRA,-37.921432,145.03113,2020,3,March,12,Midday,Weekend
T20200007144,2020-03-28,13:56:00,4,Collision with a fixed object,6,Saturday,171,LEFT OFF CARRIAGEWAY INTO OBJECT/PARKED VEHICLE,1,662771,Not at intersection,2,60,Arterial Other,SPRING,DAREBIN,-37.73513,144.9997,2020,3,March,13,Midday,Weekend
T20200007134,2020-03-28,09:50:00,4,Collision with a fixed object,6,Saturday,181,OFF RIGHT BEND INTO OBJECT/PARKED VEHICLE,1,651227,Not at intersection,2,100,Arterial Other,KILMORE-LANCEFIELD,MACEDON RANGES,-37.285057,144.77405,2020,3,March,9,Morning Peak,Weekend
T20200008614,2020-03-28,12:10:00,1,Collision with vehicle,6,Saturday,131,LEFT REAR,1,308562,Cross intersection,3,60,Arterial Other,FULLARD,CASEY,-38.031284,145.30594,2020,3,March,12,Midday,Weekend
T20200007139,2020-03-28,10:20:00,6,Vehicle overturned (no collision),6,Saturday,172,OFF CARRIAGEWAY TO RIGHT,1,48173,T intersection,3,50,Arterial Other,PLENTY,WHITTLESEA,-37.632366,145.09604,2020,3,March,10,Midday,Weekend
T20200007140,2020-03-28,11:10:00,6,Vehicle overturned (no collision),6,Saturday,184,OUT OF CONTROL ON CARRIAGEWAY (ON BEND),1,643808,Not at intersection,2,80,Arterial Other,FORREST-APOLLO BAY,COLAC OTWAY,-38.58116,143.70512,2020,3,March,11,Midday,Weekend
T20200007148,2020-03-28,11:20:00,1,Collision with vehicle,6,Saturday,130,REAR END(VEHICLES IN SAME LANE),1,657374,Not at intersection,2,60,Arterial Other,GREY,LATROBE,-38.19312,146.53596,2020,3,March,11,Midday,Weekend
T20200007146,2020-03-28,13:38:00,1,Collision with vehicle,6,Saturday,120,HEAD ON (NOT OVERTAKING),1,643342,Not at intersection,2,100,Arterial Highway,HENTY,HORSHAM,-36.669193,142.24448,2020,3,March,13,Midday,Weekend
T20200007147,2020-03-28,13:20:00,1,Collision with vehicle,6,Saturday,120,HEAD ON (NOT OVERTAKING),1,679930,Dead end,3,50,Local Road,GRANGE,WARRNAMBOOL,-38.35635,142.49693,2020,3,March,13,Midday,Weekend
T20200007370,2020-03-28,13:00:00,5,collision with some other object,6,Saturday,165,TEMPORARY ROADWORKS,9,134079,Multiple intersection,3,60,Arterial Other,DUDLEY,MELBOURNE,-37.808464,144.95532,2020,3,March,13,Midday,Weekend
T20200007151,2020-03-28,15:40:00,1,Collision with vehicle,6,Saturday,121,RIGHT THROUGH,1,35466,Unknown,3,60,Arterial Other,STATION,WHITEHORSE,-37.82874,145.12183,2020,3,March,15,Afternoon Peak,Weekend
T20200007472,2020-03-28,11:00:00,6,Vehicle overturned (no collision),6,Saturday,180,OFF CARRIAGEWAY ON RIGHT BEND,1,643510,Not at intersection,3,60,Local Road,TELBIT,BAW BAW,-37.996037,146.35416,2020,3,March,11,Midday,Weekend
T20200007249,2020-03-28,16:00:00,6,Vehicle overturned (no collision),6,Saturday,172,OFF CARRIAGEWAY TO RIGHT,1,657756,Not at intersection,2,100,Arterial Other,BOORT-MITIAMO,LODDON,-36.210773,144.03088,2020,3,March,16,Afternoon Peak,Weekend
T20200008200,2020-03-28,10:00:00,1,Collision with vehicle,6,Saturday,130,REAR END(VEHICLES IN SAME LANE),9,279060,Cross intersection,3,60,Arterial Highway,DANDENONG,DANDENONG,-37.997585,145.16223,2020,3,March,10,Midday,Weekend
T20200007183,2020-03-28,22:25:00,4,Collision with a fixed object,6,Saturday,171,LEFT OFF CARRIAGEWAY INTO OBJECT/PARKED VEHICLE,5,54859,T intersection,3,100,Arterial Highway,GREAT ALPINE,ALPINE,-36.65952,146.87144,2020,3,March,22,Night,Weekend
T20200007241,2020-03-28,19:00:00,8,No collision and no object struck,6,Saturday,174,OUT OF CONTROL ON CARRIAGEWAY (ON STRAIGHT),1,642861,Not at intersection,3,40,Local Road,SHEILS,MITCHELL,-37.36506,145.07416,2020,3,March,19,Night,Weekend
T20200007154,2020-03-28,15:44:00,4,Collision with a fixed object,6,Saturday,171,LEFT OFF CARRIAGEWAY INTO OBJECT/PARKED VEHICLE,1,122357,Not at intersection,2,60,Arterial Other,EDGARS,WHITTLESEA,-37.68379,145.00073,2020,3,March,15,Afternoon Peak,Weekend
T20200007142,2020-03-28,13:10:00,1,Collision with vehicle,6,Saturday,121,RIGHT THROUGH,1,43206,T intersection,3,60,Arterial Highway,BELL,MORELAND,-37.74148,144.96869,2020,3,March,13,Midday,Weekend
T20200007168,2020-03-28,22:22:00,6,Vehicle overturned (no collision),6,Saturday,174,OUT OF CONTROL ON CARRIAGEWAY (ON STRAIGHT),3,651076,Not at intersection,3,50,Local Road,LYDHURST,WYNDHAM,-37.862305,144.702,2020,3,March,22,Night,Weekend
T20200007155,2020-03-28,18:00:00,2,Struck Pedestrian,6,Saturday,100,PED NEAR SIDE. PED HIT BY VEHICLE FROM THE RIGHT.,1,53412,T intersection,3,50,Arterial Highway,MCMAHONS,KNOX,-37.87946,145.26823,2020,3,March,18,Afternoon Peak,Weekend
T20200007205,2020-03-29,16:10:00,6,Vehicle overturned (no collision),7,Sunday,179,OTHER ACCIDENTS-OFF STRAIGHT NOT INCLUDED IN DCAs 170-175,1,642222,Not at intersection,3,60,Arterial Other,TOORAK,STONNINGTON,-37.842903,145.02411,2020,3,March,16,Afternoon Peak,Weekend
T20200008306,2020-03-29,17:41:00,1,Collision with vehicle,7,Sunday,120,HEAD ON (NOT OVERTAKING),2,650882,Not at intersection,3,80,Arterial Other,BELGRAVE-GEMBROOK,CARDINIA,-37.944798,145.51219,2020,3,March,17,Afternoon Peak,Weekend
T20200016979,2020-03-29,13:56:00,1,Collision with vehicle,7,Sunday,135,LANE CHANGE LEFT (NOT OVERTAKING),1,663969,Not at intersection,3,100,Freeway,MONASH,DANDENONG,-37.964428,145.23212,2020,3,March,13,Midday,Weekend
T20200007202,2020-03-29,15:30:00,1,Collision with vehicle,7,Sunday,120,HEAD ON (NOT OVERTAKING),1,642221,Not at intersection,2,100,Arterial Other,WARATAH,SOUTH GIPPSLAND,-38.730156,146.08003,2020,3,March,15,Afternoon Peak,Weekend
T20200007200,2020-03-29,10:05:00,1,Collision with vehicle,7,Sunday,140,U TURN,1,642528,Not at intersection,2,80,Arterial Other,CLYDE-FIVE WAYS,CASEY,-38.148003,145.32129,2020,3,March,10,Midday,Weekend
T20200007196,2020-03-29,15:15:00,1,Collision with vehicle,7,Sunday,113,RIGHT NEAR (INTERSECTIONS ONLY),1,322161,T intersection,2,50,Arterial Other,KILMORE,MACEDON RANGES,-37.488445,144.59372,2020,3,March,15,Afternoon Peak,Weekend
T20200007193,2020-03-29,11:30:00,4,Collision with a fixed object,7,Sunday,181,OFF RIGHT BEND INTO OBJECT/PARKED VEHICLE,1,275398,Not at intersection,3,30,Local Road,MILNERS,YARRA RANGES,-37.798676,145.60692,2020,3,March,11,Midday,Weekend