ACCIDENT_NO,ACCIDENT_DATE,ACCIDENT_TIME,ACCIDENT_TYPE,ACCIDENT_TYPE_DESC,DAY_OF_WEEK,DAY_WEEK_DESC,DCA_CODE,DCA_DESC,LIGHT_CONDITION,NODE_ID,ROAD_GEOMETRY_DESC,SEVERITY,SPEED_ZONE,RMA,ROAD_NAME,LGA_NAME,LATITUDE,LONGITUDE,YEAR,MONTH,MONTH_NAME,HOUR,TIME_PERIOD,DAY_TYPE
T20200007189,2020-03-29,10:40:00,1,Collision with vehicle,7,Sunday,110,CROSS TRAFFIC(INTERSECTIONS ONLY),1,29785,Cross intersection,3,60,Arterial Other,HIGH,WHITTLESEA,-37.651882,145.02371,2020,3,March,10,Midday,Weekend
T20200007199,2020-03-29,16:52:00,1,Collision with vehicle,7,Sunday,130,REAR END(VEHICLES IN SAME LANE),1,641898,Not at intersection,3,60,Arterial Other,COMMERCIAL,MELBOURNE,-37.845158,144.98103,2020,3,March,16,Afternoon Peak,Weekend
T20200007176,2020-03-29,05:24:00,1,Collision with vehicle,7,Sunday,119,OTHER ADJACENT (INTERSECTIONS ONLY),3,29875,Multiple intersection,2,80,Freeway,TULLAMARINE OUT-MICKLEHAM,HUME,-37.6912,144.88199,2020,3,March,5,Morning Peak,Weekend
T20200007226,2020-03-29,12:50:00,4,Collision with a fixed object,7,Sunday,183,OFF LEFT BEND INTO OBJECT/PARKED VEHICLE,1,651077,T intersection,2,60,Arterial Highway,GLENELG HIGHWAY -WALKER,ARARAT,-37.688156,142.72075,2020,3,March,12,Midday,Weekend
T20200007698,2020-03-29,10:30:00,4,Collision with a fixed object,7,Sunday,171,LEFT OFF CARRIAGEWAY INTO OBJECT/PARKED VEHICLE,1,647292,Not at intersection,2,50,Local Road,BRISBANE,KNOX,-37.86948,145.24355,2020,3,March,10,Midday,Weekend
T20200007219,2020-03-29,22:13:00,1,Collision with vehicle,7,Sunday,110,CROSS TRAFFIC(INTERSECTIONS ONLY),3,60706,Cross intersection,3,60,Arterial Other,NORMAN,BALLARAT,-37.53435,143.84131,2020,3,March,22,Night,Weekend
T20200007218,2020-03-29,19:15:00,8,No collision and no object struck,7,Sunday,174,OUT OF CONTROL ON CARRIAGEWAY (ON STRAIGHT),1,61757,T intersection,2,40,Local Road,AVALON,HUME,-37.689915,144.91963,2020,3,March,19,Night,Weekend
T20200007495,2020-03-29,17:00:00,4,Collision with a fixed object,7,Sunday,181,OFF RIGHT BEND INTO OBJECT/PARKED VEHICLE,2,648857,Not at intersection,3,60,Arterial Other,BELGRAVE-HALLAM,YARRA RANGES,-37.925068,145.35898,2020,3,March,17,Afternoon Peak,Weekend
T20200007184,2020-03-29,12:15:00,4,Collision with a fixed object,7,Sunday,181,OFF RIGHT BEND INTO OBJECT/PARKED VEHICLE,1,651679,Not at intersection,2,80,Arterial Other,COLAC-LAVERS HILL,COLAC OTWAY,-38.461414,143.58252,2020,3,March,12,Midday,Weekend
T20200007186,2020-03-29,12:02:00,4,Collision with a fixed object,7,Sunday,173,RIGHT OFF CARRIAGEWAY INTO OBJECT/PARKED VEHICLE,1,649532,Not at intersection,3,100,Arterial Other,WALLAN,WHITTLESEA,-37.469105,145.09875,2020,3,March,12,Midday,Weekend
T20200007216,2020-03-29,20:00:00,1,Collision with vehicle,7,Sunday,130,REAR END(VEHICLES IN SAME LANE),3,42951,T intersection,2,60,Arterial Other,HEATHERTON,DANDENONG,-37.9658,145.17986,2020,3,March,20,Night,Weekend
T20200007215,2020-03-29,19:25:00,6,Vehicle overturned (no collision),7,Sunday,174,OUT OF CONTROL ON CARRIAGEWAY (ON STRAIGHT),5,651919,Not at intersection,2,80,Local Road,TROUPS,MELTON,-37.781002,144.66263,2020,3,March,19,Night,Weekend
T20200007213,2020-03-29,19:05:00,4,Collision with a fixed object,7,Sunday,183,OFF LEFT BEND INTO OBJECT/PARKED VEHICLE,1,651630,T intersection,2,50,Local Road,GRAVEL PITS,GEELONG,-38.174633,144.36266,2020,3,March,19,Night,Weekend
T20200007209,2020-03-29,19:02:00,1,Collision with vehicle,7,Sunday,130,REAR END(VEHICLES IN SAME LANE),1,51610,Cross intersection,3,60,Arterial Highway,MCIVOR,BENDIGO,-36.758556,144.29816,2020,3,March,19,Night,Weekend
T20200007287,2020-03-30,11:35:00,1,Collision with vehicle,1,Monday,121,RIGHT THROUGH,1,54013,Cross intersection,3,60,Arterial Other,HIGH,WHITTLESEA,-37.655163,145.02148,2020,3,March,11,Midday,Weekday
T20200007288,2020-03-30,15:16:00,6,Vehicle overturned (no collision),1,Monday,174,OUT OF CONTROL ON CARRIAGEWAY (ON STRAIGHT),1,643962,Not at intersection,1,60,Arterial Other,COBURNS,MELTON,-37.689537,144.56717,2020,3,March,15,Afternoon Peak,Weekday
T20200007238,2020-03-30,10:50:00,1,Collision with vehicle,1,Monday,121,RIGHT THROUGH,1,58990,T intersection,2,50,Local Road,CHISHOLM,WANGARATTA,-36.356647,146.32805,2020,3,March,10,Midday,Weekday
T20200007548,2020-03-30,07:00:00,1,Collision with vehicle,1,Monday,110,CROSS TRAFFIC(INTERSECTIONS ONLY),2,644439,Multiple intersection,3,60,Arterial Other,BOLDREWOOD PARADE -BROADWAY,DAREBIN,-37.718334,145.02115,2020,3,March,7,Morning Peak,Weekday
T20200007225,2020-03-30,07:19:00,1,Collision with vehicle,1,Monday,130,REAR END(VEHICLES IN SAME LANE),1,654159,Not at intersection,2,80,Freeway,WEST GATE,WYNDHAM,-37.826145,144.82034,2020,3,March,7,Morning Peak,Weekday
T20200007235,2020-03-30,10:30:00,1,Collision with vehicle,1,Monday,121,RIGHT THROUGH,1,51593,Cross intersection,3,50,Arterial Other,BARNARD,BENDIGO,-36.755245,144.27408,2020,3,March,10,Midday,Weekday
T20200007236,2020-03-30,12:00:00,4,Collision with a fixed object,1,Monday,179,OTHER ACCIDENTS-OFF STRAIGHT NOT INCLUDED IN DCAs 170-175,1,780608,Not at intersection,3,60,Local Road,JAMES,DANDENONG,-37.969784,145.21115,2020,3,March,12,Midday,Weekday
T20200007239,2020-03-30,09:58:00,1,Collision with vehicle,1,Monday,160,VEHICLE COLLIDES WITH VEHICLE PARKED ON LEFT OF ROAD,1,651079,Not at intersection,3,60,Arterial Highway,POINT NEPEAN,MORNINGTON PENINSULA,-38.36951,144.85002,2020,3,March,9,Morning Peak,Weekday
T20200007222,2020-03-30,03:00:00,4,Collision with a fixed object,1,Monday,173,RIGHT OFF CARRIAGEWAY INTO OBJECT/PARKED VEHICLE,3,729715,Not at intersection,2,60,Arterial Other,SWANSEA,YARRA RANGES,-37.76166,145.35516,2020,3,March,3,Late Night,Weekday
T20200007243,2020-03-30,12:55:00,1,Collision with vehicle,1,Monday,114,TWO RIGHT TURNING (INTERSECTIONS ONLY),1,36249,T intersection,2,70,Arterial Other,CRANBOURNE-FRANKSTON,FRANKSTON,-38.149254,145.1967,2020,3,March,12,Midday,Weekday
T20200007220,2020-03-30,03:26:00,4,Collision with a fixed object,1,Monday,171,LEFT OFF CARRIAGEWAY INTO OBJECT/PARKED VEHICLE,3,652268,T intersection,3,50,Local Road,BROWNS,DANDENONG,-37.94452,145.18817,2020,3,March,3,Late Night,Weekday
T20200007252,2020-03-30,13:30:00,1,Collision with vehicle,1,Monday,120,HEAD ON (NOT OVERTAKING),1,729209,Not at intersection,2,50,Arterial Other,POTTER,HUME,-37.60203,144.94362,2020,3,March,13,Midday,Weekday
T20200007231,2020-03-30,10:00:00,1,Collision with vehicle,1,Monday,132,RIGHT REAR.,1,773487,Not at intersection,3,100,Arterial Highway,PRINCES,GLENELG,-38.29471,141.6052,2020,3,March,10,Midday,Weekday
T20200007260,2020-03-30,16:43:00,6,Vehicle overturned (no collision),1,Monday,180,OFF CARRIAGEWAY ON RIGHT BEND,1,644284,Not at intersection,2,100,Arterial Other,WALLAN,WHITTLESEA,-37.458553,145.07787,2020,3,March,16,Afternoon Peak,Weekday
T20200007261,2020-03-30,17:30:00,2,Struck Pedestrian,1,Monday,103,PED PLAYING/LYING/WORKING/STANDING ON CARRIAGEWAY.,1,647460,Not at intersection,3,50,Local Road,TOM GEARON,CASEY,-37.994488,145.32744,2020,3,March,17,Afternoon Peak,Weekday
T20200007230,2020-03-30,11:00:00,2,Struck Pedestrian,1,Monday,106,VEH STRIKES PED ON FOOTPATH/MEDIAN/TRAFFIC ISLAND.,1,42520,Cross intersection,3,60,Arterial Other,GAFFNEY,MORELAND,-37.732513,144.94955,2020,3,March,11,Midday,Weekday
T20200007267,2020-03-30,20:48:00,1,Collision with vehicle,1,Monday,173,RIGHT OFF CARRIAGEWAY INTO OBJECT/PARKED VEHICLE,3,656413,Not at intersection,3,80,Arterial Other,HEATHERTON,CASEY,-37.97603,145.26614,2020,3,March,20,Night,Weekday
T20200007268,2020-03-30,17:32:00,4,Collision with a fixed object,1,Monday,171,LEFT OFF CARRIAGEWAY INTO OBJECT/PARKED VEHICLE,1,278628,Cross intersection,2,60,Arterial Highway,DANDENONG,DANDENONG,-37.997375,145.16226,2020,3,March,17,Afternoon Peak,Weekday
T20200007269,2020-03-30,21:50:00,2,Struck Pedestrian,1,Monday,104,PED WALKING WITH TRAFFIC,3,642862,Not at intersection,2,80,Arterial Highway,PRINCES,CASEY,-38.004013,145.25447,2020,3,March,21,Night,Weekday
T20200007481,2020-03-30,14:15:00,1,Collision with vehicle,1,Monday,130,REAR END(VEHICLES IN SAME LANE),1,646836,T intersection,3,50,Local Road,GRAND,HUME,-37.571606,144.9101,2020,3,March,14,Midday,Weekday
T20200007233,2020-03-30,09:14:00,4,Collision with a fixed object,1,Monday,175,OFF END OF ROAD/T-INTERSECTION.,1,46355,T intersection,2,60,Freeway,BURKE,BOROONDARA,-37.78404,145.06279,2020,3,March,9,Morning Peak,Weekday
T20200010449,2020-03-30,09:15:00,1,Collision with vehicle,1,Monday,110,CROSS TRAFFIC(INTERSECTIONS ONLY),1,10986,Cross intersection,3,80,Arterial Other,NARRE WARREN NORTH,CASEY,-38.02077,145.30801,2020,3,March,9,Morning Peak,Weekday
T20200007258,2020-03-30,15:50:00,1,Collision with vehicle,1,Monday,134,LANE CHANGE RIGHT (NOT OVERTAKING),1,29595,Cross intersection,2,50,Local Road,CHAPEL,PORT PHILLIP,-37.865322,144.9909,2020,3,March,15,Afternoon Peak,Weekday
T20200007335,2020-03-31,20:56:00,4,Collision with a fixed object,2,Tuesday,173,RIGHT OFF CARRIAGEWAY INTO OBJECT/PARKED VEHICLE,3,647289,Not at intersection,3,60,Arterial Other,STATION,DAREBIN,-37.758015,145.02164,2020,3,March,20,Night,Weekday
T20200007279,2020-03-31,07:13:00,1,Collision with vehicle,2,Tuesday,130,REAR END(VEHICLES IN SAME LANE),1,647144,Not at intersection,3,80,Arterial Highway,FRANKSTON-DANDENONG,DANDENONG,-38.025593,145.21315,2020,3,March,7,Morning Peak,Weekday
T20200007283,2020-03-31,06:50:00,1,Collision with vehicle,2,Tuesday,120,HEAD ON (NOT OVERTAKING),5,642533,Not at intersection,3,100,Arterial Highway,GLENELG,SOUTHERN GRAMPIANS,-37.6526,142.41968,2020,3,March,6,Morning Peak,Weekday
T20200007284,2020-03-31,07:45:00,2,Struck Pedestrian,2,Tuesday,100,PED NEAR SIDE. PED HIT BY VEHICLE FROM THE RIGHT.,1,729210,Not at intersection,3,50,Local Road,DICKENS,PORT PHILLIP,-37.875103,144.9775,2020,3,March,7,Morning Peak,Weekday
T20200007291,2020-03-31,07:00:00,6,Vehicle overturned (no collision),2,Tuesday,182,OFF CARRIAGEWAY ON LEFT BEND,1,647461,Not at intersection,3,100,Local Road,ANTWERP-WOORAK,HINDMARSH,-36.28066,141.87547,2020,3,March,7,Morning Peak,Weekday
T20200007292,2020-03-31,11:00:00,4,Collision with a fixed object,2,Tuesday,171,LEFT OFF CARRIAGEWAY INTO OBJECT/PARKED VEHICLE,1,653922,Y intersection,3,60,Arterial Other,TEMPLESTOWE,MANNINGHAM,-37.755898,145.09189,2020,3,March,11,Midday,Weekday
T20200007293,2020-03-31,09:24:00,1,Collision with vehicle,2,Tuesday,130,REAR END(VEHICLES IN SAME LANE),1,661663,Not at intersection,2,40,Arterial Highway,WESTERN,HORSHAM,-36.54843,142.11548,2020,3,March,9,Morning Peak,Weekday
T20200007295,2020-03-31,12:10:00,1,Collision with vehicle,2,Tuesday,110,CROSS TRAFFIC(INTERSECTIONS ONLY),1,46152,Cross intersection,2,80,Arterial Highway,NEPEAN,MORNINGTON PENINSULA,-38.19511,145.09131,2020,3,March,12,Midday,Weekday
T20200007297,2020-03-31,10:04:00,1,Collision with vehicle,2,Tuesday,137,LEFT TURN SIDESWIPE,1,38779,Cross intersection,2,60,Arterial Highway,WHITEHALL,MARIBYRNONG,-37.814667,144.89977,2020,3,March,10,Midday,Weekday
T20200007298,2020-03-31,13:00:00,1,Collision with vehicle,2,Tuesday,121,RIGHT THROUGH,1,299387,Cross intersection,2,70,Arterial Other,TAYLORS,BRIMBANK,-37.727493,144.78192,2020,3,March,13,Midday,Weekday
T20200007301,2020-03-31,14:11:00,1,Collision with vehicle,2,Tuesday,137,LEFT TURN SIDESWIPE,1,40546,Cross intersection,3,60,Local Road,ENGLISH,MOONEE VALLEY,-37.725716,144.89075,2020,3,March,14,Midday,Weekday
T20200007303,2020-03-31,13:13:00,1,Collision with vehicle,2,Tuesday,147,VEHICLE STRIKES ANOTHER VEH WHILE EMERGING FROM DRIVEWAY,1,642535,Not at intersection,3,60,Arterial Other,BARRY,HUME,-37.66636,144.94589,2020,3,March,13,Midday,Weekday
T20200007307,2020-03-31,15:10:00,1,Collision with vehicle,2,Tuesday,130,REAR END(VEHICLES IN SAME LANE),1,643507,Not at intersection,2,60,Arterial Other,MT ALEXANDER,MOONEE VALLEY,-37.764988,144.92355,2020,3,March,15,Afternoon Peak,Weekday
T20200007309,2020-03-31,15:50:00,1,Collision with vehicle,2,Tuesday,160,VEHICLE COLLIDES WITH VEHICLE PARKED ON LEFT OF ROAD,1,646991,Not at intersection,3,50,Local Road,BERKELEY,BANYULE,-37.7489,145.08145,2020,3,March,15,Afternoon Peak,Weekday
T20200007311,2020-03-31,15:30:00,4,Collision with a fixed object,2,Tuesday,175,OFF END OF ROAD/T-INTERSECTION.,1,649529,Not at intersection,2,50,Local Road,ISLAND,MORNINGTON PENINSULA,-38.314236,145.0079,2020,3,March,15,Afternoon Peak,Weekday
T20200007327,2020-03-31,17:50:00,1,Collision with vehicle,2,Tuesday,120,HEAD ON (NOT OVERTAKING),1,658702,Not at intersection,2,80,Arterial Highway,WARBURTON,YARRA RANGES,-37.776115,145.57489,2020,3,March,17,Afternoon Peak,Weekday
T20200008278,2020-03-31,17:00:00,1,Collision with vehicle,2,Tuesday,163,VEHICLE STRIKES DOOR OF PARKED/STATIONARY VEHICLE,9,652723,Not at intersection,3,40,Arterial Other,BAY,PORT PHILLIP,-37.842503,144.93874,2020,3,March,17,Afternoon Peak,Weekday
T20200010994,2020-03-31,17:35:00,1,Collision with vehicle,2,Tuesday,113,RIGHT NEAR (INTERSECTIONS ONLY),1,655043,T intersection,3,80,Freeway,SOUTH GIPPSLAND OUT-POUND,CASEY,-38.02582,145.24861,2020,3,March,17,Afternoon Peak,Weekday
T20200007322,2020-03-31,15:50:00,2,Struck Pedestrian,2,Tuesday,101,PED EMERGES FROM IN FRONT OF PARKED OR STATIONARY VEHICLE,1,730686,Not at intersection,2,50,Local Road,ALBERT,MELBOURNE,-37.810143,144.98108,2020,3,March,15,Afternoon Peak,Weekday
T20200007324,2020-03-31,17:20:00,1,Collision with vehicle,2,Tuesday,140,U TURN,1,48021,T intersection,2,60,Arterial Other,OLD CALDER,BRIMBANK,-37.708885,144.81955,2020,3,March,17,Afternoon Peak,Weekday
T20200007326,2020-03-31,17:53:00,1,Collision with vehicle,2,Tuesday,121,RIGHT THROUGH,1,37823,Cross intersection,3,40,Arterial Other,NICHOLSON,YARRA,-37.785152,144.9772,2020,3,March,17,Afternoon Peak,Weekday
T20200007273,2020-03-31,00:01:00,4,Collision with a fixed object,2,Tuesday,171,LEFT OFF CARRIAGEWAY INTO OBJECT/PARKED VEHICLE,5,648700,Not at intersection,2,80,Local Road,TYABB-TOORADIN,MORNINGTON PENINSULA,-38.242954,145.22821,2020,3,March,0,Late Night,Weekday
T20200007274,2020-03-31,04:36:00,4,Collision with a fixed object,2,Tuesday,171,LEFT OFF CARRIAGEWAY INTO OBJECT/PARKED VEHICLE,3,642863,Not at intersection,2,80,Arterial Other,PRINCES,CARDINIA,-38.059845,145.40842,2020,3,March,4,Late Night,Weekday
T20200007475,2020-03-31,08:05:00,1,Collision with vehicle,2,Tuesday,130,REAR END(VEHICLES IN SAME LANE),1,293753,Y intersection,3,80,Arterial Other,PRINCES,BAW BAW,-38.149742,145.90503,2020,3,March,8,Morning Peak,Weekday
T20200007331,2020-03-31,19:25:00,4,Collision with a fixed object,2,Tuesday,181,OFF RIGHT BEND INTO OBJECT/PARKED VEHICLE,2,652915,Not at intersection,2,100,Local Road,HONEYSUCKLE,MACEDON RANGES,-37.25985,144.35199,2020,3,March,19,Night,Weekday
T20200007332,2020-03-31,16:45:00,1,Collision with vehicle,2,Tuesday,148,VEHICLE OFF FOOTPATH STRIKES VEH ON CARRIAGEWAY,1,38552,T intersection,2,60,Arterial Other,WRIGHT,BRIMBANK,-37.795914,144.83029,2020,3,March,16,Afternoon Peak,Weekday
T20200007338,2020-03-31,21:15:00,8,No collision and no object struck,2,Tuesday,179,OTHER ACCIDENTS-OFF STRAIGHT NOT INCLUDED IN DCAs 170-175,3,41467,Cross intersection,3,60,Arterial Other,MURRUMBEENA,GLEN EIRA,-37.890285,145.0664,2020,3,March,21,Night,Weekday
T20200007337,2020-03-31,21:40:00,1,Collision with vehicle,2,Tuesday,160,VEHICLE COLLIDES WITH VEHICLE PARKED ON LEFT OF ROAD,3,37016,Cross intersection,2,40,Local Road,ALBERT,MELBOURNE,-37.810413,144.98355,2020,3,March,21,Night,Weekday
T20200013873,2020-04-01,14:30:00,1,Collision with vehicle,3,Wednesday,111,RIGHT FAR (INTERSECTIONS ONLY),1,698131,Cross intersection,3,60,Arterial Highway,FALKINER,DANDENONG,-37.974373,145.22285,2020,4,April,14,Midday,Weekday
T20200007379,2020-04-01,21:23:00,2,Struck Pedestrian,3,Wednesday,102,FAR SIDE. PED HIT BY VEHICLE FROM THE LEFT,3,40106,Cross intersection,3,60,Arterial Other,BARKLY,PORT PHILLIP,-37.86434,144.98174,2020,4,April,21,Night,Weekday
T20200009486,2020-04-01,15:45:00,2,Struck Pedestrian,3,Wednesday,100,PED NEAR SIDE. PED HIT BY VEHICLE FROM THE RIGHT.,1,653012,T intersection,3,50,Local Road,STANILAND,GLEN EIRA,-37.884636,145.00415,2020,4,April,15,Afternoon Peak,Weekday
T20200007377,2020-04-01,16:44:00,1,Collision with vehicle,3,Wednesday,119,OTHER ADJACENT (INTERSECTIONS ONLY),1,320024,T intersection,2,70,Local Road,DUNNINGS,WYNDHAM,-37.88517,144.73851,2020,4,April,16,Afternoon Peak,Weekday
T20200007375,2020-04-01,08:10:00,1,Collision with vehicle,3,Wednesday,133,LANE SIDE SWIPE (VEHICLES IN PARALLEL LANES),1,645117,Not at intersection,3,80,Local Road,BLUFF,GEELONG,-38.18697,144.68565,2020,4,April,8,Morning Peak,Weekday
T20200007387,2020-04-01,12:30:00,1,Collision with vehicle,3,Wednesday,120,HEAD ON (NOT OVERTAKING),1,649363,Not at intersection,2,80,Arterial Other,WOODS POINT,YARRA RANGES,-37.64241,145.89351,2020,4,April,12,Midday,Weekday
T20200007956,2020-04-01,01:40:00,1,Collision with vehicle,3,Wednesday,160,VEHICLE COLLIDES WITH VEHICLE PARKED ON LEFT OF ROAD,6,647629,Not at intersection,2,60,Local Road,CHRISTIES,GEELONG,-38.18582,144.47461,2020,4,April,1,Late Night,Weekday
T20200007361,2020-04-01,12:55:00,1,Collision with vehicle,3,Wednesday,130,REAR END(VEHICLES IN SAME LANE),1,643018,Not at intersection,1,60,Arterial Other,PRINCESS,BOROONDARA,-37.807365,145.02887,2020,4,April,12,Midday,Weekday
T20200007369,2020-04-01,15:08:00,1,Collision with vehicle,3,Wednesday,130,REAR END(VEHICLES IN SAME LANE),1,41757,T intersection,2,60,Arterial Other,BLACKBURN,MONASH,-37.888706,145.14534,2020,4,April,15,Afternoon Peak,Weekday
T20200007367,2020-04-01,12:30:00,4,Collision with a fixed object,3,Wednesday,171,LEFT OFF CARRIAGEWAY INTO OBJECT/PARKED VEHICLE,1,64394,T intersection,2,60,Arterial Other,HAMPSTEAD,MARIBYRNONG,-37.780434,144.87262,2020,4,April,12,Midday,Weekday
T20200007437,2020-04-01,13:45:00,1,Collision with vehicle,3,Wednesday,113,RIGHT NEAR (INTERSECTIONS ONLY),1,48679,T intersection,2,60,Arterial Other,MOUNTAIN,KNOX,-37.838295,145.27559,2020,4,April,13,Midday,Weekday
T20200007362,2020-04-01,09:30:00,8,No collision and no object struck,3,Wednesday,170,OFF CARRIAGEWAY TO LEFT,1,30537,T intersection,3,50,Arterial Other,ORANGE,MOONEE VALLEY,-37.741013,144.90775,2020,4,April,9,Morning Peak,Weekday
T20200007355,2020-04-01,12:56:00,2,Struck Pedestrian,3,Wednesday,102,FAR SIDE. PED HIT BY VEHICLE FROM THE LEFT,1,79554,Not at intersection,2,50,Local Road,HAMILTON,CASEY,-38.078915,145.29544,2020,4,April,12,Midday,Weekday
T20200007351,2020-04-01,12:00:00,1,Collision with vehicle,3,Wednesday,132,RIGHT REAR.,1,38760,Cross intersection,3,60,Arterial Highway,FRANCIS,MARIBYRNONG,-37.821796,144.89586,2020,4,April,12,Midday,Weekday
T20200007349,2020-04-01,06:20:00,3,Struck animal,3,Wednesday,167,STRUCK ANIMAL,5,642865,Not at intersection,2,100,Arterial Other,MYRTLEFORD-YACKANDANDAH,INDIGO,-36.426067,146.86542,2020,4,April,6,Morning Peak,Weekday
T20200007341,2020-04-01,05:00:00,4,Collision with a fixed object,3,Wednesday,173,RIGHT OFF CARRIAGEWAY INTO OBJECT/PARKED VEHICLE,3,86790,Not at intersection,3,60,Arterial Other,BURKE,BOROONDARA,-37.80115,145.06245,2020,4,April,5,Morning Peak,Weekday
T20200009359,2020-04-01,13:30:00,1,Collision with vehicle,3,Wednesday,132,RIGHT REAR.,1,660131,Cross intersection,3,60,Arterial Other,ELEVENTH,MILDURA,-34.193634,142.16226,2020,4,April,13,Midday,Weekday
T20200007381,2020-04-01,18:51:00,8,No collision and no object struck,3,Wednesday,170,OFF CARRIAGEWAY TO LEFT,1,43939,Cross intersection,2,100,Arterial Highway,DANDENONG-HASTINGS,CASEY,-38.200577,145.21568,2020,4,April,18,Afternoon Peak,Weekday
T20200007454,2020-04-01,11:15:00,6,Vehicle overturned (no collision),3,Wednesday,180,OFF CARRIAGEWAY ON RIGHT BEND,1,651920,Not at intersection,3,100,Local Road,THOMSON-JORDAN,BAW BAW,-37.709446,146.3182,2020,4,April,11,Midday,Weekday
T20200008113,2020-04-01,07:00:00,1,Collision with vehicle,3,Wednesday,130,REAR END(VEHICLES IN SAME LANE),3,669964,Cross intersection,3,80,Arterial Highway,SPRINGVALE,DANDENONG,-37.93259,145.15585,2020,4,April,7,Morning Peak,Weekday
T20200007391,2020-04-02,07:20:00,1,Collision with vehicle,4,Thursday,160,VEHICLE COLLIDES WITH VEHICLE PARKED ON LEFT OF ROAD,1,644285,Not at intersection,3,50,Local Road,BEWSELL,KNOX,-37.89253,145.23012,2020,4,April,7,Morning Peak,Weekday
T20200007398,2020-04-02,09:00:00,1,Collision with vehicle,4,Thursday,134,LANE CHANGE RIGHT (NOT OVERTAKING),1,72764,Cross intersection,3,80,Arterial Highway,PRINCES,BAW BAW,-38.203194,146.05957,2020,4,April,9,Morning Peak,Weekday
T20200007408,2020-04-02,11:32:00,6,Vehicle overturned (no collision),4,Thursday,180,OFF CARRIAGEWAY ON RIGHT BEND,1,651175,Not at intersection,2,60,Local Road,LAKE GOLDSMITH-STOCKYARD HILLL,PYRENEES,-37.55613,143.35745,2020,4,April,11,Midday,Weekday
T20200007409,2020-04-02,11:21:00,1,Collision with vehicle,4,Thursday,160,VEHICLE COLLIDES WITH VEHICLE PARKED ON LEFT OF ROAD,1,646835,Not at intersection,2,60,Local Road,DENDY,BAYSIDE,-37.92079,145.00531,2020,4,April,11,Midday,Weekday
T20200007416,2020-04-02,10:00:00,4,Collision with a fixed object,4,Thursday,171,LEFT OFF CARRIAGEWAY INTO OBJECT/PARKED VEHICLE,1,653642,Not at intersection,1,80,Arterial Highway,BURWOOD,WHITEHORSE,-37.85388,145.16168,2020,4,April,10,Midday,Weekday
T20200007417,2020-04-02,12:56:00,1,Collision with vehicle,4,Thursday,119,OTHER ADJACENT (INTERSECTIONS ONLY),1,648089,T intersection,2,60,Arterial Other,PALMERS,WYNDHAM,-37.82561,144.74886,2020,4,April,12,Midday,Weekday
T20200007419,2020-04-02,08:25:00,1,Collision with vehicle,4,Thursday,130,REAR END(VEHICLES IN SAME LANE),1,35729,T intersection,3,60,Freeway,STATION STREET -TRAM,WHITEHORSE,-37.797756,145.12695,2020,4,April,8,Morning Peak,Weekday
T20200007411,2020-04-02,10:50:00,1,Collision with vehicle,4,Thursday,192,STRUCK TRAIN,1,654160,Not at intersection,2,60,Arterial Other,NORTH SHORE,GEELONG,-38.099854,144.36479,2020,4,April,10,Midday,Weekday
T20200007420,2020-04-02,14:00:00,1,Collision with vehicle,4,Thursday,121,RIGHT THROUGH,1,39735,Cross intersection,2,70,Arterial Other,BAYSWATER,MAROONDAH,-37.810574,145.2696,2020,4,April,14,Midday,Weekday
T20200007708,2020-04-02,13:00:00,1,Collision with vehicle,4,Thursday,134,LANE CHANGE RIGHT (NOT OVERTAKING),1,648859,Not at intersection,3,80,Arterial Highway,BURWOOD,WHITEHORSE,-37.850163,145.10399,2020,4,April,13,Midday,Weekday
T20200007441,2020-04-02,19:47:00,1,Collision with vehicle,4,Thursday,130,REAR END(VEHICLES IN SAME LANE),3,729215,Not at intersection,2,100,Freeway,METROPOLITAN RING,WHITTLESEA,-37.687542,145.04462,2020,4,April,19,Night,Weekday
T20200007450,2020-04-02,18:49:00,4,Collision with a fixed object,4,Thursday,171,LEFT OFF CARRIAGEWAY INTO OBJECT/PARKED VEHICLE,2,675726,Not at intersection,3,50,Local Road,MCNAMARA,BANYULE,-37.726383,145.06863,2020,4,April,18,Afternoon Peak,Weekday
T20200007453,2020-04-02,12:20:00,1,Collision with vehicle,4,Thursday,130,REAR END(VEHICLES IN SAME LANE),1,646536,Not at intersection,3,60,Arterial Other,MIDDLEBOROUGH,WHITEHORSE,-37.837093,145.1351,2020,4,April,12,Midday,Weekday
T20200007423,2020-04-02,14:45:00,4,Collision with a fixed object,4,Thursday,173,RIGHT OFF CARRIAGEWAY INTO OBJECT/PARKED VEHICLE,1,644590,Not at intersection,2,90,Arterial Other,KOO WEE RUP,CARDINIA,-38.167633,145.48248,2020,4,April,14,Midday,Weekday
T20200007424,2020-04-02,16:39:00,8,No collision and no object struck,4,Thursday,174,OUT OF CONTROL ON CARRIAGEWAY (ON STRAIGHT),1,29420,Cross intersection,3,40,Local Road,FLINDERS,MELBOURNE,-37.819614,144.96002,2020,4,April,16,Afternoon Peak,Weekday
T20200008460,2020-04-02,16:30:00,4,Collision with a fixed object,4,Thursday,181,OFF RIGHT BEND INTO OBJECT/PARKED VEHICLE,1,651328,Not at intersection,3,100,Local Road,MURRINDINDI,MURRINDINDI,-37.345097,145.50632,2020,4,April,16,Afternoon Peak,Weekday
T20200007418,2020-04-02,13:00:00,4,Collision with a fixed object,4,Thursday,183,OFF LEFT BEND INTO OBJECT/PARKED VEHICLE,1,644126,Not at intersection,2,100,Arterial Other,HYLAND,WELLINGTON,-38.353725,146.71574,2020,4,April,13,Midday,Weekday