ACCIDENT_NO,ACCIDENT_DATE,ACCIDENT_TIME,ACCIDENT_TYPE,ACCIDENT_TYPE_DESC,DAY_OF_WEEK,DAY_WEEK_DESC,DCA_CODE,DCA_DESC,LIGHT_CONDITION,NODE_ID,ROAD_GEOMETRY_DESC,SEVERITY,SPEED_ZONE,RMA,ROAD_NAME,LGA_NAME,LATITUDE,LONGITUDE,YEAR,MONTH,MONTH_NAME,HOUR,TIME_PERIOD,DAY_TYPE
T20200007385,2020-04-02,00:05:00,2,Struck Pedestrian,4,Thursday,103,PED PLAYING/LYING/WORKING/STANDING ON CARRIAGEWAY.,5,654518,Not at intersection,3,40,Local Road,YARRAFORD,YARRA,-37.78391,145.0218,2020,4,April,0,Late Night,Weekday
T20200007429,2020-04-02,17:50:00,1,Collision with vehicle,4,Thursday,121,RIGHT THROUGH,2,608449,T intersection,3,70,Local Road,GLASSCOCKS,CASEY,-38.07376,145.3295,2020,4,April,17,Afternoon Peak,Weekday
T20200007430,2020-04-02,16:25:00,1,Collision with vehicle,4,Thursday,130,REAR END(VEHICLES IN SAME LANE),1,35523,T intersection,3,60,Arterial Other,HIGHBURY,MONASH,-37.85486,145.10825,2020,4,April,16,Afternoon Peak,Weekday
T20200011771,2020-04-02,05:52:00,1,Collision with vehicle,4,Thursday,110,CROSS TRAFFIC(INTERSECTIONS ONLY),3,338242,Cross intersection,2,70,Local Road,HENRY,CARDINIA,-38.075085,145.43747,2020,4,April,5,Morning Peak,Weekday
T20200015265,2020-04-02,16:00:00,6,Vehicle overturned (no collision),4,Thursday,174,OUT OF CONTROL ON CARRIAGEWAY (ON STRAIGHT),1,660386,Not at intersection,3,60,Arterial Other,SAYERS,WYNDHAM,-37.853893,144.7452,2020,4,April,16,Afternoon Peak,Weekday
T20200007932,2020-04-02,07:15:00,8,No collision and no object struck,4,Thursday,180,OFF CARRIAGEWAY ON RIGHT BEND,2,648858,Not at intersection,3,100,Arterial Other,BAIRNSDALE-DARGO,EAST GIPPSLAND,-37.806324,147.477,2020,4,April,7,Morning Peak,Weekday
T20200007435,2020-04-02,19:04:00,6,Vehicle overturned (no collision),4,Thursday,172,OFF CARRIAGEWAY TO RIGHT,2,652218,Not at intersection,2,100,Local Road,TROTTER,SHEPPARTON,-36.31942,145.31358,2020,4,April,19,Night,Weekday
T20200007428,2020-04-02,18:00:00,1,Collision with vehicle,4,Thursday,154,PULLING OUT -REAR END,1,773491,Not at intersection,3,50,Local Road,HILTON,MORELAND,-37.70153,144.93512,2020,4,April,18,Afternoon Peak,Weekday
T20200007493,2020-04-03,19:16:00,5,collision with some other object,5,Friday,179,OTHER ACCIDENTS-OFF STRAIGHT NOT INCLUDED IN DCAs 170-175,3,653683,Not at intersection,2,50,Local Road,CHANTICLEER,MELTON,-37.663216,144.54239,2020,4,April,19,Night,Weekday
T20200007492,2020-04-03,17:50:00,4,Collision with a fixed object,5,Friday,173,RIGHT OFF CARRIAGEWAY INTO OBJECT/PARKED VEHICLE,1,1806,Not at intersection,3,50,Arterial Other,CLARENDON,MELBOURNE,-37.824497,144.95665,2020,4,April,17,Afternoon Peak,Weekday
T20200008500,2020-04-03,22:30:00,4,Collision with a fixed object,5,Friday,173,RIGHT OFF CARRIAGEWAY INTO OBJECT/PARKED VEHICLE,5,653151,Not at intersection,3,100,Local Road,REEDY CREEK,MITCHELL,-37.233883,145.13351,2020,4,April,22,Night,Weekday
T20200007460,2020-04-03,06:41:00,1,Collision with vehicle,5,Friday,130,REAR END(VEHICLES IN SAME LANE),3,643343,Not at intersection,1,100,Freeway,PENINSULA LINK,FRANKSTON,-38.177265,145.16104,2020,4,April,6,Morning Peak,Weekday
T20200007830,2020-04-03,17:35:00,1,Collision with vehicle,5,Friday,147,VEHICLE STRIKES ANOTHER VEH WHILE EMERGING FROM DRIVEWAY,1,663932,Not at intersection,3,100,Local Road,FOREST,BAW BAW,-38.03733,145.8096,2020,4,April,17,Afternoon Peak,Weekday
T20200007458,2020-04-03,06:15:00,1,Collision with vehicle,5,Friday,130,REAR END(VEHICLES IN SAME LANE),2,652090,Not at intersection,2,100,Freeway,PENINSULA LINK,FRANKSTON,-38.160915,145.1663,2020,4,April,6,Morning Peak,Weekday
T20200007462,2020-04-03,11:00:00,4,Collision with a fixed object,5,Friday,171,LEFT OFF CARRIAGEWAY INTO OBJECT/PARKED VEHICLE,1,729216,Not at intersection,2,70,Local Road,JASMINE,GEELONG,-38.118626,144.3327,2020,4,April,11,Midday,Weekday
T20200007463,2020-04-03,10:15:00,1,Collision with vehicle,5,Friday,160,VEHICLE COLLIDES WITH VEHICLE PARKED ON LEFT OF ROAD,1,654295,Not at intersection,3,60,Arterial Other,ST GEORGES,GEELONG,-38.084507,144.36139,2020,4,April,10,Midday,Weekday
T20200007480,2020-04-03,16:18:00,1,Collision with vehicle,5,Friday,113,RIGHT NEAR (INTERSECTIONS ONLY),1,37753,T intersection,3,60,Arterial Other,HIGH,WHITTLESEA,-37.665577,145.01659,2020,4,April,16,Afternoon Peak,Weekday
T20200007549,2020-04-03,17:40:00,1,Collision with vehicle,5,Friday,130,REAR END(VEHICLES IN SAME LANE),2,41840,Cross intersection,3,60,Arterial Other,PASCOE,MORELAND,-37.716515,144.93665,2020,4,April,17,Afternoon Peak,Weekday
T20200007656,2020-04-03,14:13:00,1,Collision with vehicle,5,Friday,110,CROSS TRAFFIC(INTERSECTIONS ONLY),1,729224,Cross intersection,2,80,Arterial Highway,PRINCES,GEELONG,-38.075405,144.36873,2020,4,April,14,Midday,Weekday
T20200007488,2020-04-03,16:03:00,4,Collision with a fixed object,5,Friday,173,RIGHT OFF CARRIAGEWAY INTO OBJECT/PARKED VEHICLE,1,653546,Not at intersection,3,60,Local Road,FOUNDATION,WYNDHAM,-37.81736,144.76517,2020,4,April,16,Afternoon Peak,Weekday
T20200007499,2020-04-03,22:41:00,4,Collision with a fixed object,5,Friday,173,RIGHT OFF CARRIAGEWAY INTO OBJECT/PARKED VEHICLE,3,644761,Not at intersection,2,50,Local Road,POTTS,FRANKSTON,-38.135555,145.20909,2020,4,April,22,Night,Weekday
T20200007489,2020-04-03,17:20:00,1,Collision with vehicle,5,Friday,130,REAR END(VEHICLES IN SAME LANE),1,646837,Not at intersection,2,100,Freeway,MONASH,CASEY,-38.016197,145.30676,2020,4,April,17,Afternoon Peak,Weekday
T20200007497,2020-04-03,23:20:00,1,Collision with vehicle,5,Friday,121,RIGHT THROUGH,3,36826,Cross intersection,3,60,Arterial Other,DUDLEY,MELBOURNE,-37.80924,144.95236,2020,4,April,23,Night,Weekday
T20200007490,2020-04-03,19:25:00,4,Collision with a fixed object,5,Friday,171,LEFT OFF CARRIAGEWAY INTO OBJECT/PARKED VEHICLE,5,643814,Not at intersection,2,100,Local Road,PARISH,SURF COAST,-38.28556,144.02484,2020,4,April,19,Night,Weekday
T20200007532,2020-04-04,21:00:00,1,Collision with vehicle,6,Saturday,110,CROSS TRAFFIC(INTERSECTIONS ONLY),3,36805,Cross intersection,3,60,Arterial Other,MCDONALDS ROAD -MEMORIAL,WHITTLESEA,-37.645023,145.0306,2020,4,April,21,Night,Weekend
T20200008209,2020-04-04,01:00:00,8,No collision and no object struck,6,Saturday,182,OFF CARRIAGEWAY ON LEFT BEND,5,649694,Not at intersection,3,80,Local Road,KILMORE EAST,MITCHELL,-37.288628,144.97339,2020,4,April,1,Late Night,Weekend
T20200007619,2020-04-04,16:30:00,1,Collision with vehicle,6,Saturday,148,VEHICLE OFF FOOTPATH STRIKES VEH ON CARRIAGEWAY,1,673301,T intersection,3,60,Arterial Other,EAST BOUNDARY,GLEN EIRA,-37.916477,145.05994,2020,4,April,16,Afternoon Peak,Weekend
T20200007772,2020-04-04,16:40:00,1,Collision with vehicle,6,Saturday,110,CROSS TRAFFIC(INTERSECTIONS ONLY),1,35356,Cross intersection,3,40,Local Road,FLINDERS,MELBOURNE,-37.8193,144.96109,2020,4,April,16,Afternoon Peak,Weekend
T20200007505,2020-04-04,06:00:00,4,Collision with a fixed object,6,Saturday,171,LEFT OFF CARRIAGEWAY INTO OBJECT/PARKED VEHICLE,3,652270,Not at intersection,2,80,Arterial Other,FERNTREE GULLY,KNOX,-37.884804,145.2687,2020,4,April,6,Morning Peak,Weekend
T20200009754,2020-04-04,12:20:00,1,Collision with vehicle,6,Saturday,130,REAR END(VEHICLES IN SAME LANE),1,35383,Cross intersection,3,40,Arterial Other,SWAN,YARRA,-37.825684,144.99792,2020,4,April,12,Midday,Weekend
T20200007609,2020-04-04,08:30:00,1,Collision with vehicle,6,Saturday,133,LANE SIDE SWIPE (VEHICLES IN PARALLEL LANES),1,645376,Not at intersection,3,60,Arterial Other,YARRA,YARRA,-37.826115,145.02002,2020,4,April,8,Morning Peak,Weekend
T20200007526,2020-04-04,19:00:00,2,Struck Pedestrian,6,Saturday,100,PED NEAR SIDE. PED HIT BY VEHICLE FROM THE RIGHT.,3,29648,Cross intersection,3,60,Arterial Other,WAVERLEY,STONNINGTON,-37.875977,145.04817,2020,4,April,19,Night,Weekend
T20200007530,2020-04-04,20:00:00,4,Collision with a fixed object,6,Saturday,183,OFF LEFT BEND INTO OBJECT/PARKED VEHICLE,5,651579,Not at intersection,3,50,Local Road,YVERDON,GOLDEN PLAINS,-38.05361,144.18459,2020,4,April,20,Night,Weekend
T20200007531,2020-04-04,18:30:00,4,Collision with a fixed object,6,Saturday,175,OFF END OF ROAD/T-INTERSECTION.,2,647293,T intersection,3,60,Local Road,LEE,WELLINGTON,-37.976093,147.09444,2020,4,April,18,Afternoon Peak,Weekend
T20200007598,2020-04-04,16:00:00,1,Collision with vehicle,6,Saturday,130,REAR END(VEHICLES IN SAME LANE),9,91850,Not at intersection,3,40,Arterial Other,RIVERSDALE,BOROONDARA,-37.83128,145.05592,2020,4,April,16,Afternoon Peak,Weekend
T20200007520,2020-04-04,13:00:00,1,Collision with vehicle,6,Saturday,130,REAR END(VEHICLES IN SAME LANE),1,648855,Not at intersection,3,50,Local Road,STATION,WHITTLESEA,-37.673893,145.01558,2020,4,April,13,Midday,Weekend
T20200007519,2020-04-04,09:10:00,4,Collision with a fixed object,6,Saturday,173,RIGHT OFF CARRIAGEWAY INTO OBJECT/PARKED VEHICLE,1,651080,Not at intersection,3,100,Arterial Highway,BASS,BASS COAST,-38.562664,145.52971,2020,4,April,9,Morning Peak,Weekend
T20200007518,2020-04-04,07:38:00,1,Collision with vehicle,6,Saturday,121,RIGHT THROUGH,1,33233,Cross intersection,2,70,Arterial Other,NARRE WARREN,CASEY,-38.09299,145.29378,2020,4,April,7,Morning Peak,Weekend
T20200007506,2020-04-04,08:30:00,2,Struck Pedestrian,6,Saturday,100,PED NEAR SIDE. PED HIT BY VEHICLE FROM THE RIGHT.,1,40209,Cross intersection,2,40,Arterial Other,ORRONG,STONNINGTON,-37.854313,145.01157,2020,4,April,8,Morning Peak,Weekend
T20200007579,2020-04-05,19:10:00,1,Collision with vehicle,7,Sunday,160,VEHICLE COLLIDES WITH VEHICLE PARKED ON LEFT OF ROAD,3,651958,Not at intersection,2,50,Local Road,GORDONS,WHITTLESEA,-37.62593,145.07349,2020,4,April,19,Night,Weekend
T20200007581,2020-04-05,22:20:00,4,Collision with a fixed object,7,Sunday,181,OFF RIGHT BEND INTO OBJECT/PARKED VEHICLE,5,644586,Not at intersection,3,60,Local Road,HURSTBRIDGE-ARTHURS CREEK,NILLUMBIK,-37.617527,145.19086,2020,4,April,22,Night,Weekend
T20200007640,2020-04-05,16:20:00,4,Collision with a fixed object,7,Sunday,173,RIGHT OFF CARRIAGEWAY INTO OBJECT/PARKED VEHICLE,1,321744,Not at intersection,3,60,Arterial Other,PEARCEDALE,HUME,-37.68327,144.91461,2020,4,April,16,Afternoon Peak,Weekend
T20200007584,2020-04-05,23:25:00,6,Vehicle overturned (no collision),7,Sunday,172,OFF CARRIAGEWAY TO RIGHT,5,644129,Not at intersection,2,60,Arterial Other,YARRA,MANNINGHAM,-37.745476,145.21072,2020,4,April,23,Night,Weekend
T20200007574,2020-04-05,17:38:00,1,Collision with vehicle,7,Sunday,160,VEHICLE COLLIDES WITH VEHICLE PARKED ON LEFT OF ROAD,1,773271,Dead end,3,50,Local Road,SUTTON,BALLARAT,-37.584835,143.82623,2020,4,April,17,Afternoon Peak,Weekend
T20200007575,2020-04-05,13:26:00,1,Collision with vehicle,7,Sunday,120,HEAD ON (NOT OVERTAKING),1,643964,Not at intersection,1,80,Arterial Other,KANGAROO GROUND-WATTLE GLEN,NILLUMBIK,-37.68546,145.21126,2020,4,April,13,Midday,Weekend
T20200007576,2020-04-05,15:50:00,4,Collision with a fixed object,7,Sunday,181,OFF RIGHT BEND INTO OBJECT/PARKED VEHICLE,1,644908,Not at intersection,2,80,Arterial Other,MAIN NEERIM,BAW BAW,-38.08776,145.86525,2020,4,April,15,Afternoon Peak,Weekend
T20200007585,2020-04-05,22:00:00,4,Collision with a fixed object,7,Sunday,171,LEFT OFF CARRIAGEWAY INTO OBJECT/PARKED VEHICLE,3,39872,T intersection,2,60,Local Road,BLADIN,HOBSONS BAY,-37.852627,144.77568,2020,4,April,22,Night,Weekend
T20200007614,2020-04-05,20:32:00,5,collision with some other object,7,Sunday,166,STRUCK OBJECT ON CARRIAGEWAY,5,644455,Not at intersection,3,100,Local Road,CREEK JUNCTION,STRATHBOGIE,-36.816006,145.725,2020,4,April,20,Night,Weekend
T20200011864,2020-04-05,18:00:00,1,Collision with vehicle,7,Sunday,110,CROSS TRAFFIC(INTERSECTIONS ONLY),2,36369,Cross intersection,3,60,Arterial Other,FELLTIMBER CREEK,WODONGA,-36.136917,146.86343,2020,4,April,18,Afternoon Peak,Weekend
T20200007551,2020-04-05,11:08:00,1,Collision with vehicle,7,Sunday,113,RIGHT NEAR (INTERSECTIONS ONLY),1,645066,T intersection,3,90,Local Road,LLEWELLYN,MOUNT ALEXANDER,-37.054317,144.27376,2020,4,April,11,Midday,Weekend
T20200007933,2020-04-05,12:20:00,1,Collision with vehicle,7,Sunday,116,LEFT NEAR (INTERSECTIONS ONLY),1,648093,T intersection,3,50,Arterial Other,HENDY MAIN,SURF COAST,-38.24331,144.17502,2020,4,April,12,Midday,Weekend
T20200007558,2020-04-05,13:22:00,1,Collision with vehicle,7,Sunday,121,RIGHT THROUGH,1,277083,T intersection,3,80,Arterial Other,KELLETTS,KNOX,-37.925026,145.28543,2020,4,April,13,Midday,Weekend
T20200007559,2020-04-05,14:03:00,1,Collision with vehicle,7,Sunday,113,RIGHT NEAR (INTERSECTIONS ONLY),1,729219,T intersection,2,60,Local Road,BATES,GEELONG,-38.02307,144.42422,2020,4,April,14,Midday,Weekend
T20200007560,2020-04-05,12:02:00,4,Collision with a fixed object,7,Sunday,173,RIGHT OFF CARRIAGEWAY INTO OBJECT/PARKED VEHICLE,1,652467,Not at intersection,3,100,Freeway,WESTERN RING,BRIMBANK,-37.75185,144.8303,2020,4,April,12,Midday,Weekend
T20200007566,2020-04-05,12:54:00,4,Collision with a fixed object,7,Sunday,171,LEFT OFF CARRIAGEWAY INTO OBJECT/PARKED VEHICLE,1,648536,Not at intersection,2,80,Arterial Other,BALLARTO,CASEY,-38.13672,145.3503,2020,4,April,12,Midday,Weekend
T20200007568,2020-04-05,16:00:00,4,Collision with a fixed object,7,Sunday,171,LEFT OFF CARRIAGEWAY INTO OBJECT/PARKED VEHICLE,1,648701,Not at intersection,2,50,Local Road,BURLINGTON,MONASH,-37.902073,145.09398,2020,4,April,16,Afternoon Peak,Weekend
T20200007569,2020-04-05,17:30:00,4,Collision with a fixed object,7,Sunday,171,LEFT OFF CARRIAGEWAY INTO OBJECT/PARKED VEHICLE,2,652380,Not at intersection,2,50,Local Road,MARGARET,LATROBE,-38.23344,146.40181,2020,4,April,17,Afternoon Peak,Weekend
T20200007571,2020-04-05,15:59:00,4,Collision with a fixed object,7,Sunday,171,LEFT OFF CARRIAGEWAY INTO OBJECT/PARKED VEHICLE,1,652381,Not at intersection,3,80,Local Road,NORTH,CASEY,-38.172512,145.2524,2020,4,April,15,Afternoon Peak,Weekend
T20200007622,2020-04-06,18:00:00,1,Collision with vehicle,1,Monday,160,VEHICLE COLLIDES WITH VEHICLE PARKED ON LEFT OF ROAD,2,773374,Not at intersection,2,50,Local Road,ROSS PINCOTT,YARRA RANGES,-37.775772,145.3196,2020,4,April,18,Afternoon Peak,Weekday
T20200007594,2020-04-06,07:40:00,2,Struck Pedestrian,1,Monday,100,PED NEAR SIDE. PED HIT BY VEHICLE FROM THE RIGHT.,1,51177,Cross intersection,2,50,Arterial Other,BRIDGE,BENALLA,-36.55123,145.98584,2020,4,April,7,Morning Peak,Weekday
T20200007618,2020-04-06,14:10:00,1,Collision with vehicle,1,Monday,147,VEHICLE STRIKES ANOTHER VEH WHILE EMERGING FROM DRIVEWAY,1,645078,T intersection,2,60,Arterial Highway,QUINN,DANDENONG,-37.99877,145.22194,2020,4,April,14,Midday,Weekday
T20200007606,2020-04-06,09:00:00,1,Collision with vehicle,1,Monday,110,CROSS TRAFFIC(INTERSECTIONS ONLY),1,41179,Cross intersection,3,60,Arterial Other,NORTH,BAYSIDE,-37.898895,144.9991,2020,4,April,9,Morning Peak,Weekday
T20200007921,2020-04-06,09:30:00,5,collision with some other object,1,Monday,171,LEFT OFF CARRIAGEWAY INTO OBJECT/PARKED VEHICLE,1,38530,T intersection,3,60,Local Road,FAIRBAIRN,BRIMBANK,-37.801277,144.81863,2020,4,April,9,Morning Peak,Weekday
T20200010120,2020-04-06,18:45:00,6,Vehicle overturned (no collision),1,Monday,184,OUT OF CONTROL ON CARRIAGEWAY (ON BEND),5,653651,Not at intersection,3,60,Arterial Other,BELGRAVE-GEMBROOK,YARRA RANGES,-37.914,145.3754,2020,4,April,18,Afternoon Peak,Weekday
T20200007605,2020-04-06,12:00:00,1,Collision with vehicle,1,Monday,113,RIGHT NEAR (INTERSECTIONS ONLY),1,62324,T intersection,2,50,Local Road,FRANCIS,MORELAND,-37.71452,144.94234,2020,4,April,12,Midday,Weekday
T20200008280,2020-04-06,08:30:00,8,No collision and no object struck,1,Monday,174,OUT OF CONTROL ON CARRIAGEWAY (ON STRAIGHT),1,15137,Cross intersection,3,40,Local Road,LYDIARD,BALLARAT,-37.562107,143.85774,2020,4,April,8,Morning Peak,Weekday
T20200007589,2020-04-06,03:20:00,4,Collision with a fixed object,1,Monday,171,LEFT OFF CARRIAGEWAY INTO OBJECT/PARKED VEHICLE,5,644909,Not at intersection,2,100,Arterial Highway,WIMMERA,LODDON,-36.739723,143.95557,2020,4,April,3,Late Night,Weekday
T20200007624,2020-04-06,18:00:00,1,Collision with vehicle,1,Monday,120,HEAD ON (NOT OVERTAKING),2,645069,Not at intersection,3,60,Arterial Other,GISBORNE,MOORABOOL,-37.655075,144.45004,2020,4,April,18,Afternoon Peak,Weekday
T20200007591,2020-04-06,04:00:00,4,Collision with a fixed object,1,Monday,173,RIGHT OFF CARRIAGEWAY INTO OBJECT/PARKED VEHICLE,5,649699,Not at intersection,2,50,Local Road,BORONIA,MELTON,-37.702057,144.7346,2020,4,April,4,Late Night,Weekday
T20200007612,2020-04-06,10:08:00,1,Collision with vehicle,1,Monday,113,RIGHT NEAR (INTERSECTIONS ONLY),1,234871,T intersection,3,60,Arterial Highway,PLENTY,BANYULE,-37.70003,145.05836,2020,4,April,10,Midday,Weekday
T20200007593,2020-04-06,06:55:00,1,Collision with vehicle,1,Monday,130,REAR END(VEHICLES IN SAME LANE),2,644441,T intersection,2,70,Arterial Highway,KEERA,GEELONG,-38.133327,144.35114,2020,4,April,6,Morning Peak,Weekday
T20200007976,2020-04-07,17:00:00,1,Collision with vehicle,2,Tuesday,111,RIGHT FAR (INTERSECTIONS ONLY),1,648851,T intersection,3,60,Arterial Other,HUNTINGDALE,MONASH,-37.869926,145.11133,2020,4,April,17,Afternoon Peak,Weekday
T20200008834,2020-04-07,11:30:00,1,Collision with vehicle,2,Tuesday,130,REAR END(VEHICLES IN SAME LANE),1,62024,Cross intersection,3,50,Local Road,HURLEY,DAREBIN,-37.70124,144.99667,2020,4,April,11,Midday,Weekday
T20200007664,2020-04-07,16:10:00,6,Vehicle overturned (no collision),2,Tuesday,174,OUT OF CONTROL ON CARRIAGEWAY (ON STRAIGHT),1,654938,T intersection,2,60,Local Road,BENNET,DANDENONG,-37.99077,145.19878,2020,4,April,16,Afternoon Peak,Weekday
T20200007945,2020-04-07,01:20:00,2,Struck Pedestrian,2,Tuesday,109,ANY MANOEUVRE INVOLVING PED NOT INCLUDED IN DCAs 100-108.,3,647146,Not at intersection,2,50,Local Road,ALBERT,CASEY,-38.003864,145.27109,2020,4,April,1,Late Night,Weekday
T20200007663,2020-04-07,15:45:00,1,Collision with vehicle,2,Tuesday,130,REAR END(VEHICLES IN SAME LANE),1,646537,Not at intersection,3,80,Arterial Other,DONNYBROOK,HUME,-37.540432,144.9451,2020,4,April,15,Afternoon Peak,Weekday
T20200008524,2020-04-07,20:10:00,1,Collision with vehicle,2,Tuesday,160,VEHICLE COLLIDES WITH VEHICLE PARKED ON LEFT OF ROAD,3,651086,Not at intersection,3,50,Local Road,MILL PARK,WHITTLESEA,-37.67197,145.06723,2020,4,April,20,Night,Weekday
T20200007660,2020-04-07,13:01:00,4,Collision with a fixed object,2,Tuesday,175,OFF END OF ROAD/T-INTERSECTION.,1,651124,T intersection,3,100,Local Road,ROCHES,BAW BAW,-38.22063,146.12094,2020,4,April,13,Midday,Weekday
T20200007668,2020-04-07,17:01:00,1,Collision with vehicle,2,Tuesday,136,RIGHT TURN SIDESWIPE,1,653548,T intersection,2,50,Local Road,RICHARD,GEELONG,-38.165867,144.39847,2020,4,April,17,Afternoon Peak,Weekday
T20200007657,2020-04-07,13:55:00,4,Collision with a fixed object,2,Tuesday,171,LEFT OFF CARRIAGEWAY INTO OBJECT/PARKED VEHICLE,1,682331,Not at intersection,2,100,Local Road,BOUNDARY,MACEDON RANGES,-37.277378,144.56874,2020,4,April,13,Midday,Weekday
T20200007655,2020-04-07,14:00:00,1,Collision with vehicle,2,Tuesday,135,LANE CHANGE LEFT (NOT OVERTAKING),1,651779,Not at intersection,2,70,Arterial Highway,PLENTY,DAREBIN,-37.71128,145.04791,2020,4,April,14,Midday,Weekday
T20200008932,2020-04-07,15:00:00,2,Struck Pedestrian,2,Tuesday,102,FAR SIDE. PED HIT BY VEHICLE FROM THE LEFT,1,652804,Not at intersection,3,50,Local Road,GALLAGHERS,MONASH,-37.88045,145.17805,2020,4,April,15,Afternoon Peak,Weekday
T20200007654,2020-04-07,11:00:00,1,Collision with vehicle,2,Tuesday,130,REAR END(VEHICLES IN SAME LANE),1,729717,Cross intersection,2,70,Arterial Other,CAMP,HUME,-37.68899,144.95224,2020,4,April,11,Midday,Weekday
T20200007651,2020-04-07,12:15:00,1,Collision with vehicle,2,Tuesday,152,PULLING OUT (OVERTAKING),1,648850,Not at intersection,3,80,Local Road,AVIATION,WYNDHAM,-37.927036,144.70433,2020,4,April,12,Midday,Weekday
T20200007646,2020-04-07,08:25:00,4,Collision with a fixed object,2,Tuesday,173,RIGHT OFF CARRIAGEWAY INTO OBJECT/PARKED VEHICLE,1,651728,Not at intersection,2,100,Freeway,MONASH,CASEY,-38.014156,145.3047,2020,4,April,8,Morning Peak,Weekday
T20200007645,2020-04-07,09:00:00,1,Collision with vehicle,2,Tuesday,131,LEFT REAR,1,37681,T intersection,3,60,Arterial Other,ALEXANDRA,STONNINGTON,-37.834114,144.99353,2020,4,April,9,Morning Peak,Weekday
T20200007644,2020-04-07,11:45:00,1,Collision with vehicle,2,Tuesday,113,RIGHT NEAR (INTERSECTIONS ONLY),1,42416,T intersection,3,60,Arterial Other,CENTRE,KINGSTON,-37.928993,145.12256,2020,4,April,11,Midday,Weekday
T20200007735,2020-04-07,18:45:00,1,Collision with vehicle,2,Tuesday,163,VEHICLE STRIKES DOOR OF PARKED/STATIONARY VEHICLE,3,645666,Not at intersection,3,50,Local Road,HUBERT,MORELAND,-37.70577,144.93239,2020,4,April,18,Afternoon Peak,Weekday
T20200008315,2020-04-07,15:15:00,1,Collision with vehicle,2,Tuesday,130,REAR END(VEHICLES IN SAME LANE),1,649698,Cross intersection,2,80,Arterial Highway,PRINCES,LATROBE,-38.192307,146.55249,2020,4,April,15,Afternoon Peak,Weekday
T20200007861,2020-04-07,15:20:00,1,Collision with vehicle,2,Tuesday,120,HEAD ON (NOT OVERTAKING),1,646840,Not at intersection,3,50,Local Road,LATROBE,NILLUMBIK,-37.643906,145.11987,2020,4,April,15,Afternoon Peak,Weekday
T20200007642,2020-04-07,09:54:00,1,Collision with vehicle,2,Tuesday,130,REAR END(VEHICLES IN SAME LANE),1,645226,Not at intersection,3,100,Freeway,EASTLINK,KNOX,-37.864872,145.21115,2020,4,April,9,Morning Peak,Weekday
T20200007634,2020-04-07,07:54:00,1,Collision with vehicle,2,Tuesday,140,U TURN,1,645070,Not at intersection,2,80,Local Road,MANKS,CARDINIA,-38.180103,145.45602,2020,4,April,7,Morning Peak,Weekday
T20200007814,2020-04-07,10:00:00,4,Collision with a fixed object,2,Tuesday,171,LEFT OFF CARRIAGEWAY INTO OBJECT/PARKED VEHICLE,1,648849,Not at intersection,3,60,Arterial Highway,LONSDALE,DANDENONG,-37.99135,145.21536,2020,4,April,10,Midday,Weekday
T20200007691,2020-04-08,10:58:00,1,Collision with vehicle,3,Wednesday,121,RIGHT THROUGH,1,42329,Cross intersection,2,70,Arterial Highway,WARRIGAL,GLEN EIRA,-37.93858,145.0797,2020,4,April,10,Midday,Weekday
T20200007710,2020-04-08,16:39:00,1,Collision with vehicle,3,Wednesday,110,CROSS TRAFFIC(INTERSECTIONS ONLY),1,44662,Cross intersection,2,60,Arterial Other,NAR NAR GOON-LONGWARRY,CARDINIA,-38.098927,145.71552,2020,4,April,16,Afternoon Peak,Weekday
T20200007726,2020-04-08,00:54:00,6,Vehicle overturned (no collision),3,Wednesday,174,OUT OF CONTROL ON CARRIAGEWAY (ON STRAIGHT),3,648543,Not at intersection,3,60,Local Road,GAP,HUME,-37.581398,144.72633,2020,4,April,0,Late Night,Weekday
T20200007727,2020-04-08,22:05:00,4,Collision with a fixed object,3,Wednesday,173,RIGHT OFF CARRIAGEWAY INTO OBJECT/PARKED VEHICLE,3,653099,Not at intersection,2,80,Arterial Other,PRINCES,BAW BAW,-38.14697,145.89897,2020,4,April,22,Night,Weekday
T20200008029,2020-04-08,17:00:00,1,Collision with vehicle,3,Wednesday,131,LEFT REAR,1,653923,Not at intersection,3,50,Arterial Highway,POINT NEPEAN,MORNINGTON PENINSULA,-38.355663,144.90404,2020,4,April,17,Afternoon Peak,Weekday
T20200007729,2020-04-08,23:20:00,4,Collision with a fixed object,3,Wednesday,171,LEFT OFF CARRIAGEWAY INTO OBJECT/PARKED VEHICLE,3,57055,Cross intersection,3,50,Local Road,DUFF,CASEY,-38.103027,145.26263,2020,4,April,23,Night,Weekday
T20200008718,2020-04-08,23:25:00,4,Collision with a fixed object,3,Wednesday,181,OFF RIGHT BEND INTO OBJECT/PARKED VEHICLE,5,748916,Not at intersection,2,50,Local Road,JACKSON,WELLINGTON,-38.092033,147.07996,2020,4,April,23,Night,Weekday
T20200007840,2020-04-08,15:15:00,1,Collision with vehicle,3,Wednesday,110,CROSS TRAFFIC(INTERSECTIONS ONLY),1,19424,Cross intersection,3,50,Arterial Other,HOLMES,BENDIGO,-36.74357,144.27423,2020,4,April,15,Afternoon Peak,Weekday
T20200007715,2020-04-08,15:45:00,6,Vehicle overturned (no collision),3,Wednesday,184,OUT OF CONTROL ON CARRIAGEWAY (ON BEND),1,645665,Not at intersection,2,40,Local Road,MACKENZIE,MELBOURNE,-37.812244,144.90852,2020,4,April,15,Afternoon Peak,Weekday
T20200007676,2020-04-08,02:05:00,6,Vehicle overturned (no collision),3,Wednesday,179,OTHER ACCIDENTS-OFF STRAIGHT NOT INCLUDED IN DCAs 170-175,3,1246,Cross intersection,3,60,Arterial Other,BALLARAT,BRIMBANK,-37.77039,144.77472,2020,4,April,2,Late Night,Weekday