ACCIDENT_NO,ACCIDENT_DATE,ACCIDENT_TIME,ACCIDENT_TYPE,ACCIDENT_TYPE_DESC,DAY_OF_WEEK,DAY_WEEK_DESC,DCA_CODE,DCA_DESC,LIGHT_CONDITION,NODE_ID,ROAD_GEOMETRY_DESC,SEVERITY,SPEED_ZONE,RMA,ROAD_NAME,LGA_NAME,LATITUDE,LONGITUDE,YEAR,MONTH,MONTH_NAME,HOUR,TIME_PERIOD,DAY_TYPE
T20200007831,2020-04-08,16:20:00,6,Vehicle overturned (no collision),3,Wednesday,170,OFF CARRIAGEWAY TO LEFT,1,67378,Cross intersection,3,80,Arterial Other,BORONIA,KNOX,-37.85478,145.24973,2020,4,April,16,Afternoon Peak,Weekday
T20200007713,2020-04-08,14:30:00,2,Struck Pedestrian,3,Wednesday,103,PED PLAYING/LYING/WORKING/STANDING ON CARRIAGEWAY.,1,646838,Not at intersection,3,40,Local Road,BOUNDARY,MELTON,-37.803074,144.6782,2020,4,April,14,Midday,Weekday
T20200007671,2020-04-08,17:45:00,6,Vehicle overturned (no collision),3,Wednesday,174,OUT OF CONTROL ON CARRIAGEWAY (ON STRAIGHT),1,36495,Cross intersection,3,40,Local Road,BRUNSWICK,YARRA,-37.796745,144.97873,2020,4,April,17,Afternoon Peak,Weekday
T20200007675,2020-04-08,01:09:00,4,Collision with a fixed object,3,Wednesday,173,RIGHT OFF CARRIAGEWAY INTO OBJECT/PARKED VEHICLE,3,278698,T intersection,2,60,Arterial Other,PALMERS,WYNDHAM,-37.816017,144.75021,2020,4,April,1,Late Night,Weekday
T20200007697,2020-04-08,11:50:00,1,Collision with vehicle,3,Wednesday,132,RIGHT REAR.,1,359448,T intersection,2,60,Arterial Other,GRUBB,GEELONG,-38.21413,144.54414,2020,4,April,11,Midday,Weekday
T20200007700,2020-04-08,11:35:00,4,Collision with a fixed object,3,Wednesday,173,RIGHT OFF CARRIAGEWAY INTO OBJECT/PARKED VEHICLE,1,655038,T intersection,2,50,Local Road,WATERFORD,CARDINIA,-38.063797,145.45038,2020,4,April,11,Midday,Weekday
T20200007678,2020-04-08,06:20:00,1,Collision with vehicle,3,Wednesday,148,VEHICLE OFF FOOTPATH STRIKES VEH ON CARRIAGEWAY,3,35666,T intersection,2,60,Arterial Other,PRINCES,WYNDHAM,-37.898724,144.67021,2020,4,April,6,Morning Peak,Weekday
T20200007717,2020-04-08,16:15:00,1,Collision with vehicle,3,Wednesday,111,RIGHT FAR (INTERSECTIONS ONLY),2,38709,Cross intersection,2,60,Arterial Other,BALLARAT,MARIBYRNONG,-37.791183,144.8895,2020,4,April,16,Afternoon Peak,Weekday
T20200007685,2020-04-08,06:05:00,1,Collision with vehicle,3,Wednesday,130,REAR END(VEHICLES IN SAME LANE),2,648546,T intersection,2,60,Arterial Other,SAYERS,WYNDHAM,-37.85368,144.74269,2020,4,April,6,Morning Peak,Weekday
T20200007723,2020-04-08,20:15:00,4,Collision with a fixed object,3,Wednesday,171,LEFT OFF CARRIAGEWAY INTO OBJECT/PARKED VEHICLE,3,668513,Not at intersection,2,60,Arterial Other,THOMPSON,GEELONG,-38.096657,144.34615,2020,4,April,20,Night,Weekday
T20200007704,2020-04-08,13:04:00,1,Collision with vehicle,3,Wednesday,140,U TURN,1,70089,T intersection,3,60,Arterial Other,BAY,BAYSIDE,-37.95527,145.03343,2020,4,April,13,Midday,Weekday
T20200008066,2020-04-09,11:30:00,1,Collision with vehicle,4,Thursday,140,U TURN,1,35422,Cross intersection,3,50,Arterial Other,DAREBIN,DAREBIN,-37.765602,145.02151,2020,4,April,11,Midday,Weekday
T20200008821,2020-04-09,15:55:00,1,Collision with vehicle,4,Thursday,136,RIGHT TURN SIDESWIPE,1,651637,T intersection,3,60,Local Road,RILEY,EAST GIPPSLAND,-37.822655,147.59164,2020,4,April,15,Afternoon Peak,Weekday
T20200009372,2020-04-09,10:03:00,1,Collision with vehicle,4,Thursday,110,CROSS TRAFFIC(INTERSECTIONS ONLY),1,729269,Cross intersection,3,50,Local Road,PHILLIPSON,WANGARATTA,-36.33809,146.30853,2020,4,April,10,Midday,Weekday
T20200010382,2020-04-09,07:10:00,1,Collision with vehicle,4,Thursday,130,REAR END(VEHICLES IN SAME LANE),2,759481,Not at intersection,3,60,Arterial Other,HATTAM,BENDIGO,-36.78141,144.2586,2020,4,April,7,Morning Peak,Weekday
T20200008155,2020-04-09,20:20:00,4,Collision with a fixed object,4,Thursday,181,OFF RIGHT BEND INTO OBJECT/PARKED VEHICLE,3,48842,T intersection,2,60,Local Road,DOUGLAS,MAROONDAH,-37.7889,145.27673,2020,4,April,20,Night,Weekday
T20200009104,2020-04-09,17:08:00,1,Collision with vehicle,4,Thursday,130,REAR END(VEHICLES IN SAME LANE),5,42888,T intersection,3,60,Arterial Other,HEATHERTON,DANDENONG,-37.963493,145.16098,2020,4,April,17,Afternoon Peak,Weekday
T20200007862,2020-04-09,16:10:00,1,Collision with vehicle,4,Thursday,121,RIGHT THROUGH,1,986,Cross intersection,2,80,Arterial Other,HIGH,CASEY,-38.03961,145.36034,2020,4,April,16,Afternoon Peak,Weekday
T20200007858,2020-04-09,02:00:00,1,Collision with vehicle,4,Thursday,131,LEFT REAR,9,39984,T intersection,3,50,Arterial Other,BLACKSHAWS,HOBSONS BAY,-37.837135,144.88248,2020,4,April,2,Late Night,Weekday
T20200008105,2020-04-09,17:00:00,1,Collision with vehicle,4,Thursday,163,VEHICLE STRIKES DOOR OF PARKED/STATIONARY VEHICLE,1,648534,Not at intersection,3,40,Local Road,CHAPEL,STONNINGTON,-37.842464,144.99503,2020,4,April,17,Afternoon Peak,Weekday
T20200007794,2020-04-09,14:11:00,1,Collision with vehicle,4,Thursday,134,LANE CHANGE RIGHT (NOT OVERTAKING),1,29504,Cross intersection,3,70,Arterial Other,MANNINGHAM,MANNINGHAM,-37.77041,145.09926,2020,4,April,14,Midday,Weekday
T20200007785,2020-04-09,20:22:00,4,Collision with a fixed object,4,Thursday,173,RIGHT OFF CARRIAGEWAY INTO OBJECT/PARKED VEHICLE,5,657950,Not at intersection,2,100,Arterial Highway,MURRAY VALLEY,SWAN HILL,-35.29174,143.53568,2020,4,April,20,Night,Weekday
T20200007783,2020-04-09,20:48:00,7,Fall from or in moving vehicle,4,Thursday,190,FELL IN/FROM VEHICLE,3,652722,Not at intersection,2,50,Local Road,PALMER,WYNDHAM,-37.894547,144.73868,2020,4,April,20,Night,Weekday
T20200007782,2020-04-09,20:05:00,1,Collision with vehicle,4,Thursday,147,VEHICLE STRIKES ANOTHER VEH WHILE EMERGING FROM DRIVEWAY,3,647300,Not at intersection,3,50,Local Road,WESTFIELD,MOONEE VALLEY,-37.711887,144.88713,2020,4,April,20,Night,Weekday
T20200007779,2020-04-09,18:15:00,1,Collision with vehicle,4,Thursday,130,REAR END(VEHICLES IN SAME LANE),3,36948,Cross intersection,3,70,Arterial Other,EDGARS,WHITTLESEA,-37.664314,145.00526,2020,4,April,18,Afternoon Peak,Weekday
T20200007775,2020-04-09,18:00:00,1,Collision with vehicle,4,Thursday,113,RIGHT NEAR (INTERSECTIONS ONLY),2,328425,T intersection,2,80,Arterial Other,HALL,CASEY,-38.108097,145.2427,2020,4,April,18,Afternoon Peak,Weekday
T20200007774,2020-04-09,15:20:00,1,Collision with vehicle,4,Thursday,130,REAR END(VEHICLES IN SAME LANE),1,651729,T intersection,2,60,Arterial Highway,SPRINGVALE,DANDENONG,-37.935383,145.15524,2020,4,April,15,Afternoon Peak,Weekday
T20200007771,2020-04-09,17:47:00,1,Collision with vehicle,4,Thursday,121,RIGHT THROUGH,1,57105,T intersection,3,60,Arterial Other,QUEEN,HOBSONS BAY,-37.871983,144.77977,2020,4,April,17,Afternoon Peak,Weekday
T20200007770,2020-04-09,15:25:00,1,Collision with vehicle,4,Thursday,199,UNKNOWN-NO DETAILS ON MANOEUVRES OF ROAD-USERS IN ACCIDENT,1,645380,Not at intersection,3,50,Local Road,OAKOVER,DAREBIN,-37.748604,144.9881,2020,4,April,15,Afternoon Peak,Weekday
T20200007768,2020-04-09,15:00:00,1,Collision with vehicle,4,Thursday,130,REAR END(VEHICLES IN SAME LANE),1,652640,Not at intersection,2,60,Arterial Highway,PRINCES,EAST GIPPSLAND,-37.884354,147.40724,2020,4,April,15,Afternoon Peak,Weekday
T20200007762,2020-04-09,15:00:00,1,Collision with vehicle,4,Thursday,147,VEHICLE STRIKES ANOTHER VEH WHILE EMERGING FROM DRIVEWAY,1,652721,Not at intersection,2,50,Local Road,BARRY,HUME,-37.667267,144.9575,2020,4,April,15,Afternoon Peak,Weekday
T20200007757,2020-04-09,07:30:00,6,Vehicle overturned (no collision),4,Thursday,182,OFF CARRIAGEWAY ON LEFT BEND,1,659148,Not at intersection,2,100,Local Road,WINNAP-NELSON,GLENELG,-38.054188,141.2728,2020,4,April,7,Morning Peak,Weekday
T20200007756,2020-04-09,12:39:00,1,Collision with vehicle,4,Thursday,134,LANE CHANGE RIGHT (NOT OVERTAKING),1,646539,Not at intersection,3,60,Arterial Other,CENTRE,KINGSTON,-37.92812,145.11548,2020,4,April,12,Midday,Weekday
T20200007755,2020-04-09,11:55:00,1,Collision with vehicle,4,Thursday,130,REAR END(VEHICLES IN SAME LANE),1,648535,Not at intersection,3,60,Arterial Other,THOMPSON,GEELONG,-38.09697,144.34608,2020,4,April,11,Midday,Weekday
T20200007752,2020-04-09,13:50:00,1,Collision with vehicle,4,Thursday,130,REAR END(VEHICLES IN SAME LANE),1,645667,T intersection,3,60,Arterial Other,MILLEARA,MOONEE VALLEY,-37.756474,144.85988,2020,4,April,13,Midday,Weekday
T20200007751,2020-04-09,07:00:00,1,Collision with vehicle,4,Thursday,120,HEAD ON (NOT OVERTAKING),2,12580,Multiple intersection,3,80,Freeway,AIRPORT,BRIMBANK,-37.71541,144.87445,2020,4,April,7,Morning Peak,Weekday
T20200007747,2020-04-09,10:00:00,4,Collision with a fixed object,4,Thursday,149,OTHER MANOEUVRING NOT INCLUDED IN DCAs 140-148,1,648539,Not at intersection,3,50,Local Road,POST OFFICE,LATROBE,-38.19522,146.54036,2020,4,April,10,Midday,Weekday
T20200007746,2020-04-09,11:15:00,2,Struck Pedestrian,4,Thursday,100,PED NEAR SIDE. PED HIT BY VEHICLE FROM THE RIGHT.,1,40650,Cross intersection,3,60,Arterial Highway,BURWOOD,WHITEHORSE,-37.849617,145.10902,2020,4,April,11,Midday,Weekday
T20200007744,2020-04-09,08:00:00,4,Collision with a fixed object,4,Thursday,171,LEFT OFF CARRIAGEWAY INTO OBJECT/PARKED VEHICLE,1,49899,Cross intersection,2,50,Local Road,AUTUMN,GEELONG,-38.14307,144.34784,2020,4,April,8,Morning Peak,Weekday
T20200007740,2020-04-09,07:33:00,1,Collision with vehicle,4,Thursday,110,CROSS TRAFFIC(INTERSECTIONS ONLY),1,55844,Cross intersection,3,100,Local Road,HOLDEN,MELTON,-37.658348,144.70273,2020,4,April,7,Morning Peak,Weekday
T20210004753,2020-04-09,14:40:00,1,Collision with vehicle,4,Thursday,132,RIGHT REAR.,1,677677,Not at intersection,3,60,Arterial Other,MCINTYRE,BRIMBANK,-37.772118,144.82964,2020,4,April,14,Midday,Weekday
T20200007813,2020-04-10,15:23:00,1,Collision with vehicle,5,Friday,110,CROSS TRAFFIC(INTERSECTIONS ONLY),1,58470,Cross intersection,2,100,Arterial Highway,MURRAY VALLEY,INDIGO,-36.04342,146.60396,2020,4,April,15,Afternoon Peak,Weekday
T20200008699,2020-04-10,16:20:00,1,Collision with vehicle,5,Friday,110,CROSS TRAFFIC(INTERSECTIONS ONLY),1,54854,Cross intersection,3,50,Local Road,ALBERT,BAW BAW,-38.161366,145.93954,2020,4,April,16,Afternoon Peak,Weekday
T20200018789,2020-04-10,20:25:00,1,Collision with vehicle,5,Friday,130,REAR END(VEHICLES IN SAME LANE),2,729416,Not at intersection,3,60,Arterial Other,MIDDLEBOROUGH,WHITEHORSE,-37.83794,145.13495,2020,4,April,20,Night,Weekday
T20200007793,2020-04-10,07:34:00,2,Struck Pedestrian,5,Friday,100,PED NEAR SIDE. PED HIT BY VEHICLE FROM THE RIGHT.,1,40319,T intersection,2,60,Arterial Other,MALVERN,STONNINGTON,-37.85227,145.03479,2020,4,April,7,Morning Peak,Weekday
T20200007815,2020-04-10,16:58:00,1,Collision with vehicle,5,Friday,169,OTHER ON PATH,1,647630,Not at intersection,2,60,Arterial Other,CHANDLER,DANDENONG,-37.96904,145.18674,2020,4,April,16,Afternoon Peak,Weekday
T20200007800,2020-04-10,09:20:00,4,Collision with a fixed object,5,Friday,171,LEFT OFF CARRIAGEWAY INTO OBJECT/PARKED VEHICLE,1,664473,Not at intersection,3,100,Freeway,MONASH,CASEY,-37.983704,145.24706,2020,4,April,9,Morning Peak,Weekday
T20200007986,2020-04-10,13:30:00,8,No collision and no object struck,5,Friday,174,OUT OF CONTROL ON CARRIAGEWAY (ON STRAIGHT),1,652421,Not at intersection,3,100,Local Road,RIVERSIDE,MILDURA,-34.21434,142.09741,2020,4,April,13,Midday,Weekday
T20200007803,2020-04-10,11:07:00,1,Collision with vehicle,5,Friday,121,RIGHT THROUGH,1,658388,T intersection,3,60,Local Road,CAVE HILL,YARRA RANGES,-37.748734,145.34462,2020,4,April,11,Midday,Weekday
T20200007805,2020-04-10,12:35:00,1,Collision with vehicle,5,Friday,132,RIGHT REAR.,1,68023,Cross intersection,3,60,Arterial Other,HIGH STREET,MONASH,-37.871788,145.14479,2020,4,April,12,Midday,Weekday
T20200007804,2020-04-10,09:09:00,1,Collision with vehicle,5,Friday,110,CROSS TRAFFIC(INTERSECTIONS ONLY),1,43435,Cross intersection,2,60,Local Road,BADEN POWELL,MORNINGTON PENINSULA,-38.173454,145.10794,2020,4,April,9,Morning Peak,Weekday
T20200007806,2020-04-10,12:00:00,4,Collision with a fixed object,5,Friday,173,RIGHT OFF CARRIAGEWAY INTO OBJECT/PARKED VEHICLE,1,652009,Not at intersection,2,80,Local Road,TICKAWARRA,MACEDON RANGES,-37.34455,144.75505,2020,4,April,12,Midday,Weekday
T20200007807,2020-04-10,11:45:00,6,Vehicle overturned (no collision),5,Friday,174,OUT OF CONTROL ON CARRIAGEWAY (ON STRAIGHT),1,647298,Not at intersection,3,80,Arterial Other,MAIN WHITTLESEA,WHITTLESEA,-37.662052,145.07268,2020,4,April,11,Midday,Weekday
T20200007938,2020-04-10,21:30:00,6,Vehicle overturned (no collision),5,Friday,174,OUT OF CONTROL ON CARRIAGEWAY (ON STRAIGHT),9,648854,Not at intersection,3,60,Arterial Other,JASPER,GLEN EIRA,-37.92432,145.04063,2020,4,April,21,Night,Weekday
T20200007822,2020-04-10,17:00:00,4,Collision with a fixed object,5,Friday,181,OFF RIGHT BEND INTO OBJECT/PARKED VEHICLE,1,652382,Not at intersection,2,50,Local Road,NORTHBOURNE,HUME,-37.649494,144.96616,2020,4,April,17,Afternoon Peak,Weekday
T20200007816,2020-04-10,18:40:00,1,Collision with vehicle,5,Friday,121,RIGHT THROUGH,3,1015,Cross intersection,3,80,Arterial Other,CLYDE,CASEY,-38.05993,145.33846,2020,4,April,18,Afternoon Peak,Weekday
T20200008404,2020-04-10,19:30:00,4,Collision with a fixed object,5,Friday,175,OFF END OF ROAD/T-INTERSECTION.,5,22746,T intersection,3,60,Arterial Highway,MIDLAND,BALLARAT,-37.64383,143.86458,2020,4,April,19,Night,Weekday
T20200007818,2020-04-10,19:45:00,2,Struck Pedestrian,5,Friday,102,FAR SIDE. PED HIT BY VEHICLE FROM THE LEFT,3,97169,Not at intersection,2,60,Arterial Other,JELLS,MONASH,-37.90654,145.18913,2020,4,April,19,Night,Weekday
T20200007821,2020-04-10,21:00:00,1,Collision with vehicle,5,Friday,120,HEAD ON (NOT OVERTAKING),3,661398,Not at intersection,2,60,Local Road,PLANTATION,GEELONG,-38.067123,144.36185,2020,4,April,21,Night,Weekday
T20200007928,2020-04-11,15:15:00,4,Collision with a fixed object,6,Saturday,173,RIGHT OFF CARRIAGEWAY INTO OBJECT/PARKED VEHICLE,1,29565,T intersection,2,60,Arterial Highway,WHITEHORSE,WHITEHORSE,-37.8189,145.13062,2020,4,April,15,Afternoon Peak,Weekend
T20200007837,2020-04-11,10:19:00,1,Collision with vehicle,6,Saturday,110,CROSS TRAFFIC(INTERSECTIONS ONLY),1,231470,Cross intersection,3,80,Local Road,BOUNDARY,WYNDHAM,-37.796814,144.62302,2020,4,April,10,Midday,Weekend
T20200007834,2020-04-11,10:25:00,1,Collision with vehicle,6,Saturday,113,RIGHT NEAR (INTERSECTIONS ONLY),1,49773,T intersection,2,60,Arterial Other,ANAKIE,GEELONG,-38.10942,144.33179,2020,4,April,10,Midday,Weekend
T20210000145,2020-04-11,18:30:00,1,Collision with vehicle,6,Saturday,121,RIGHT THROUGH,6,36488,Cross intersection,3,60,Arterial Highway,ALEXANDRA,YARRA,-37.793453,144.9793,2020,4,April,18,Afternoon Peak,Weekend
T20200008593,2020-04-11,13:14:00,1,Collision with vehicle,6,Saturday,163,VEHICLE STRIKES DOOR OF PARKED/STATIONARY VEHICLE,1,651184,T intersection,3,40,Local Road,CHAPEL,STONNINGTON,-37.85005,144.99364,2020,4,April,13,Midday,Weekend
T20200007825,2020-04-11,03:12:00,4,Collision with a fixed object,6,Saturday,193,STRUCK RAILWAY CROSSING FURNITURE,6,57323,T intersection,3,80,Arterial Other,MORTLAKE-ARARAT,ARARAT,-37.444305,142.85884,2020,4,April,3,Late Night,Weekend
T20200007849,2020-04-11,20:00:00,6,Vehicle overturned (no collision),6,Saturday,174,OUT OF CONTROL ON CARRIAGEWAY (ON STRAIGHT),3,648090,Not at intersection,3,60,Arterial Highway,TOORAK,BOROONDARA,-37.849197,145.08507,2020,4,April,20,Night,Weekend
T20200007848,2020-04-11,18:15:00,1,Collision with vehicle,6,Saturday,140,U TURN,3,324029,Cross intersection,3,80,Arterial Other,BERWICK-CRANBOURNE,CASEY,-38.117744,145.31926,2020,4,April,18,Afternoon Peak,Weekend
T20200007839,2020-04-11,13:40:00,4,Collision with a fixed object,6,Saturday,173,RIGHT OFF CARRIAGEWAY INTO OBJECT/PARKED VEHICLE,1,748929,Not at intersection,2,60,Arterial Other,WERRIBEE MAIN,WYNDHAM,-37.898018,144.67175,2020,4,April,13,Midday,Weekend
T20200008948,2020-04-11,22:22:00,1,Collision with vehicle,6,Saturday,130,REAR END(VEHICLES IN SAME LANE),4,651833,Multiple intersection,3,80,Arterial Other,THOMPSONS,CASEY,-38.084507,145.2953,2020,4,April,22,Night,Weekend
T20200009029,2020-04-11,15:30:00,8,No collision and no object struck,6,Saturday,174,OUT OF CONTROL ON CARRIAGEWAY (ON STRAIGHT),9,221459,Cross intersection,3,70,Arterial Other,SYDNEY,HUME,-37.689503,144.95824,2020,4,April,15,Afternoon Peak,Weekend
T20200008703,2020-04-11,19:15:00,1,Collision with vehicle,6,Saturday,145,REVERSING IN STREAM OF TRAFFIC,2,652223,Not at intersection,3,60,Arterial Highway,SKIPTON,BALLARAT,-37.58032,143.84164,2020,4,April,19,Night,Weekend
T20200007865,2020-04-12,09:20:00,4,Collision with a fixed object,7,Sunday,173,RIGHT OFF CARRIAGEWAY INTO OBJECT/PARKED VEHICLE,1,652916,Not at intersection,2,40,Local Road,BENDIGO-SUTTON GRANGE,MOUNT ALEXANDER,-36.988983,144.35881,2020,4,April,9,Morning Peak,Weekend
T20200007869,2020-04-12,12:02:00,4,Collision with a fixed object,7,Sunday,171,LEFT OFF CARRIAGEWAY INTO OBJECT/PARKED VEHICLE,1,648091,T intersection,2,40,Local Road,LODDON,MELTON,-37.71684,144.75781,2020,4,April,12,Midday,Weekend
T20200007876,2020-04-12,13:31:00,1,Collision with vehicle,7,Sunday,132,RIGHT REAR.,1,647791,Not at intersection,3,60,Arterial Other,WHITEHORSE,BALLARAT,-37.60319,143.86708,2020,4,April,13,Midday,Weekend
T20200008899,2020-04-12,19:17:00,1,Collision with vehicle,7,Sunday,130,REAR END(VEHICLES IN SAME LANE),3,652273,Not at intersection,3,80,Freeway,BEACONSFIELD-NAR NAR GOON,CASEY,-38.062504,145.36757,2020,4,April,19,Night,Weekend
T20200007880,2020-04-12,21:20:00,1,Collision with vehicle,7,Sunday,110,CROSS TRAFFIC(INTERSECTIONS ONLY),3,44939,Cross intersection,3,60,Arterial Other,MAIN ROAD E-MAIN,BRIMBANK,-37.744232,144.79994,2020,4,April,21,Night,Weekend
T20200007882,2020-04-12,22:55:00,1,Collision with vehicle,7,Sunday,110,CROSS TRAFFIC(INTERSECTIONS ONLY),3,35506,Cross intersection,2,60,Local Road,ALMA,GLEN EIRA,-37.864895,145.01904,2020,4,April,22,Night,Weekend
T20200007870,2020-04-12,14:20:00,4,Collision with a fixed object,7,Sunday,173,RIGHT OFF CARRIAGEWAY INTO OBJECT/PARKED VEHICLE,1,729225,T intersection,2,60,Local Road,PEACOCK,GEELONG,-38.090343,144.34267,2020,4,April,14,Midday,Weekend
T20200007925,2020-04-12,18:00:00,3,Struck animal,7,Sunday,167,STRUCK ANIMAL,2,649691,Not at intersection,3,100,Local Road,EIGHTY ACRE,MANSFIELD,-37.03487,145.95683,2020,4,April,18,Afternoon Peak,Weekend
T20200007877,2020-04-12,14:40:00,1,Collision with vehicle,7,Sunday,139,OTHER SAME DIRECTION-MANOUEVRES NOT INCLUDED IN DCAs 130-137,1,773213,Not at intersection,3,70,Arterial Other,WESTALL,DANDENONG,-37.93253,145.1416,2020,4,April,14,Midday,Weekend
T20200007864,2020-04-12,09:55:00,1,Collision with vehicle,7,Sunday,110,CROSS TRAFFIC(INTERSECTIONS ONLY),1,50106,Cross intersection,2,60,Local Road,BARWON,GEELONG,-38.170937,144.367,2020,4,April,9,Morning Peak,Weekend
T20200007884,2020-04-12,23:45:00,6,Vehicle overturned (no collision),7,Sunday,174,OUT OF CONTROL ON CARRIAGEWAY (ON STRAIGHT),3,652900,T intersection,3,50,Local Road,GOLDEN ASH,WYNDHAM,-37.85667,144.70845,2020,4,April,23,Night,Weekend
T20200007912,2020-04-13,16:37:00,2,Struck Pedestrian,1,Monday,106,VEH STRIKES PED ON FOOTPATH/MEDIAN/TRAFFIC ISLAND.,1,1312,Cross intersection,2,50,Arterial Other,WAVERLEY,MOONEE VALLEY,-37.765118,144.90575,2020,4,April,16,Afternoon Peak,Weekday
T20200007911,2020-04-13,16:05:00,4,Collision with a fixed object,1,Monday,173,RIGHT OFF CARRIAGEWAY INTO OBJECT/PARKED VEHICLE,1,780651,Not at intersection,3,70,Arterial Highway,CORIO-WAURN PONDS,GEELONG,-38.18157,144.33797,2020,4,April,16,Afternoon Peak,Weekday
T20200007908,2020-04-13,14:00:00,2,Struck Pedestrian,1,Monday,108,PED STRUCK WALKING TO/FROM OR BOARDING/ALIGHTING VEHICLE.,1,654161,Not at intersection,3,40,Local Road,NICHOLSON,EAST GIPPSLAND,-37.824924,147.62984,2020,4,April,14,Midday,Weekday
T20200007900,2020-04-13,12:52:00,1,Collision with vehicle,1,Monday,137,LEFT TURN SIDESWIPE,1,38600,T intersection,3,50,Arterial Other,SUNSHINE,MARIBYRNONG,-37.799442,144.8612,2020,4,April,12,Midday,Weekday
T20200007899,2020-04-13,13:05:00,1,Collision with vehicle,1,Monday,110,CROSS TRAFFIC(INTERSECTIONS ONLY),1,646841,Cross intersection,2,60,Local Road,VICTA,BENDIGO,-36.743137,144.3194,2020,4,April,13,Midday,Weekday
T20200007896,2020-04-13,10:42:00,1,Collision with vehicle,1,Monday,121,RIGHT THROUGH,1,299997,T intersection,2,80,Arterial Highway,SOUTH GIPPSLAND,DANDENONG,-38.0061,145.22803,2020,4,April,10,Midday,Weekday
T20200007906,2020-04-13,16:30:00,2,Struck Pedestrian,1,Monday,104,PED WALKING WITH TRAFFIC,1,37429,T intersection,2,60,Arterial Other,BEACONSFIELD,PORT PHILLIP,-37.845314,144.94348,2020,4,April,16,Afternoon Peak,Weekday
T20200007892,2020-04-13,10:40:00,1,Collision with vehicle,1,Monday,121,RIGHT THROUGH,1,29523,Y intersection,2,60,Arterial Other,BALLARAT,MARIBYRNONG,-37.792385,144.89348,2020,4,April,10,Midday,Weekday
T20200007902,2020-04-13,12:59:00,6,Vehicle overturned (no collision),1,Monday,170,OFF CARRIAGEWAY TO LEFT,1,650881,Not at intersection,3,60,Local Road,COBURNS,MELTON,-37.671257,144.57079,2020,4,April,12,Midday,Weekday
T20200007961,2020-04-14,14:16:00,1,Collision with vehicle,2,Tuesday,152,PULLING OUT (OVERTAKING),1,647470,Not at intersection,2,100,Arterial Other,DONNYBROOK,WHITTLESEA,-37.557236,145.10374,2020,4,April,14,Midday,Weekday
T20200007973,2020-04-14,20:30:00,1,Collision with vehicle,2,Tuesday,110,CROSS TRAFFIC(INTERSECTIONS ONLY),3,44455,Cross intersection,2,50,Local Road,AUSTIN,GEELONG,-38.15214,144.34612,2020,4,April,20,Night,Weekday
T20200007955,2020-04-14,19:10:00,1,Collision with vehicle,2,Tuesday,130,REAR END(VEHICLES IN SAME LANE),3,651176,T intersection,3,50,Local Road,HENTY,CARDINIA,-38.078968,145.47685,2020,4,April,19,Night,Weekday
T20200007930,2020-04-14,10:01:00,1,Collision with vehicle,2,Tuesday,153,CUTTING IN (OVERTAKING),1,655431,Not at intersection,2,80,Local Road,EYNESBURY,MELTON,-37.75663,144.56587,2020,4,April,10,Midday,Weekday
T20200008130,2020-04-14,11:00:00,1,Collision with vehicle,2,Tuesday,133,LANE SIDE SWIPE (VEHICLES IN PARALLEL LANES),1,651327,Not at intersection,3,60,Arterial Other,BURNLEY,YARRA,-37.81239,145.0096,2020,4,April,11,Midday,Weekday
T20200007929,2020-04-14,09:39:00,1,Collision with vehicle,2,Tuesday,147,VEHICLE STRIKES ANOTHER VEH WHILE EMERGING FROM DRIVEWAY,1,646844,Not at intersection,3,60,Arterial Other,WATTLETREE,STONNINGTON,-37.861317,145.02013,2020,4,April,9,Morning Peak,Weekday
T20200007941,2020-04-14,08:56:00,5,collision with some other object,2,Tuesday,183,OFF LEFT BEND INTO OBJECT/PARKED VEHICLE,1,657156,Multiple intersection,3,60,Freeway,MONASH OUT-JACKSONS,MONASH,-37.933937,145.19167,2020,4,April,8,Morning Peak,Weekday
T20200007957,2020-04-14,18:35:00,1,Collision with vehicle,2,Tuesday,121,RIGHT THROUGH,3,648528,Cross intersection,3,60,Freeway,SUNSHINE,BRIMBANK,-37.702087,144.80208,2020,4,April,18,Afternoon Peak,Weekday
T20200008064,2020-04-14,07:30:00,1,Collision with vehicle,2,Tuesday,110,CROSS TRAFFIC(INTERSECTIONS ONLY),1,304650,Cross intersection,3,50,Arterial Highway,WOOLTON,DAREBIN,-37.760628,144.99275,2020,4,April,7,Morning Peak,Weekday
T20200007964,2020-04-15,06:05:00,1,Collision with vehicle,3,Wednesday,160,VEHICLE COLLIDES WITH VEHICLE PARKED ON LEFT OF ROAD,2,649015,T intersection,3,50,Local Road,BOWMAN,HUME,-37.578793,144.93776,2020,4,April,6,Morning Peak,Weekday
T20200008033,2020-04-15,18:20:00,1,Collision with vehicle,3,Wednesday,130,REAR END(VEHICLES IN SAME LANE),9,42750,T intersection,3,80,Arterial Highway,NEPEAN,KINGSTON,-37.96742,145.05919,2020,4,April,18,Afternoon Peak,Weekday
T20200007984,2020-04-15,11:44:00,1,Collision with vehicle,3,Wednesday,130,REAR END(VEHICLES IN SAME LANE),1,655690,T intersection,3,80,Arterial Highway,DANDENONG,MONASH,-37.91318,145.12508,2020,4,April,11,Midday,Weekday
T20200016508,2020-04-15,19:48:00,1,Collision with vehicle,3,Wednesday,110,CROSS TRAFFIC(INTERSECTIONS ONLY),3,358073,Cross intersection,3,60,Arterial Other,DERRIMUT,WYNDHAM,-37.877483,144.68297,2020,4,April,19,Night,Weekday