ACCIDENT_NO,ACCIDENT_DATE,ACCIDENT_TIME,ACCIDENT_TYPE,ACCIDENT_TYPE_DESC,DAY_OF_WEEK,DAY_WEEK_DESC,DCA_CODE,DCA_DESC,LIGHT_CONDITION,NODE_ID,ROAD_GEOMETRY_DESC,SEVERITY,SPEED_ZONE,RMA,ROAD_NAME,LGA_NAME,LATITUDE,LONGITUDE,YEAR,MONTH,MONTH_NAME,HOUR,TIME_PERIOD,DAY_TYPE
T20200007992,2020-04-15,19:57:00,1,Collision with vehicle,3,Wednesday,139,OTHER SAME DIRECTION-MANOUEVRES NOT INCLUDED IN DCAs 130-137,3,304268,T intersection,3,60,Freeway,EASTERN IN-CHANDLER,BOROONDARA,-37.79205,145.02989,2020,4,April,19,Night,Weekday
T20200008016,2020-04-15,21:30:00,4,Collision with a fixed object,3,Wednesday,173,RIGHT OFF CARRIAGEWAY INTO OBJECT/PARKED VEHICLE,5,647793,Not at intersection,2,100,Local Road,MCPHERSONS,BENDIGO,-36.95625,144.66637,2020,4,April,21,Night,Weekday
T20200007978,2020-04-15,10:20:00,1,Collision with vehicle,3,Wednesday,147,VEHICLE STRIKES ANOTHER VEH WHILE EMERGING FROM DRIVEWAY,1,647471,Not at intersection,2,60,Local Road,DEVENY,WHITTLESEA,-37.659145,145.01485,2020,4,April,10,Midday,Weekday
T20200007994,2020-04-15,21:10:00,1,Collision with vehicle,3,Wednesday,110,CROSS TRAFFIC(INTERSECTIONS ONLY),3,221383,Cross intersection,3,80,Arterial Other,HUME HIGHWAY -SYDNEY,HUME,-37.643353,144.95146,2020,4,April,21,Night,Weekday
T20200009009,2020-04-15,03:42:00,1,Collision with vehicle,3,Wednesday,160,VEHICLE COLLIDES WITH VEHICLE PARKED ON LEFT OF ROAD,3,652384,Not at intersection,3,60,Arterial Highway,NEPEAN,FRANKSTON,-38.119625,145.12508,2020,4,April,3,Late Night,Weekday
T20200007998,2020-04-15,21:50:00,1,Collision with vehicle,3,Wednesday,120,HEAD ON (NOT OVERTAKING),5,661310,Not at intersection,2,50,Local Road,RUTHERFORD,CASEY,-38.22037,145.31223,2020,4,April,21,Night,Weekday
T20200008116,2020-04-15,08:15:00,1,Collision with vehicle,3,Wednesday,148,VEHICLE OFF FOOTPATH STRIKES VEH ON CARRIAGEWAY,1,781326,T intersection,3,60,Local Road,LYALL,CASEY,-38.10951,145.28365,2020,4,April,8,Morning Peak,Weekday
T20200007988,2020-04-15,15:34:00,1,Collision with vehicle,3,Wednesday,152,PULLING OUT (OVERTAKING),1,649366,Not at intersection,2,50,Local Road,MONTPELIER,BANYULE,-37.74713,145.11537,2020,4,April,15,Afternoon Peak,Weekday
T20200008072,2020-04-15,16:30:00,1,Collision with vehicle,3,Wednesday,160,VEHICLE COLLIDES WITH VEHICLE PARKED ON LEFT OF ROAD,1,578,Cross intersection,2,60,Arterial Highway,QUEENS,PORT PHILLIP,-37.85358,144.97949,2020,4,April,16,Afternoon Peak,Weekday
T20200008062,2020-04-15,12:00:00,1,Collision with vehicle,3,Wednesday,130,REAR END(VEHICLES IN SAME LANE),1,72547,T intersection,3,60,Arterial Other,LLOYD,LATROBE,-38.178757,146.25435,2020,4,April,12,Midday,Weekday
T20200008049,2020-04-16,15:10:00,1,Collision with vehicle,4,Thursday,110,CROSS TRAFFIC(INTERSECTIONS ONLY),1,37504,Cross intersection,2,50,Local Road,ASQUITH,DAREBIN,-37.69753,145.00871,2020,4,April,15,Afternoon Peak,Weekday
T20200008052,2020-04-16,17:50:00,1,Collision with vehicle,4,Thursday,120,HEAD ON (NOT OVERTAKING),3,42908,T intersection,2,60,Local Road,CORRIGAN,DANDENONG,-37.99108,145.1633,2020,4,April,17,Afternoon Peak,Weekday
T20200008013,2020-04-16,11:43:00,1,Collision with vehicle,4,Thursday,130,REAR END(VEHICLES IN SAME LANE),1,63505,Cross intersection,3,70,Arterial Other,STATION,DAREBIN,-37.755444,145.02068,2020,4,April,11,Midday,Weekday
T20200008012,2020-04-16,10:58:00,4,Collision with a fixed object,4,Thursday,181,OFF RIGHT BEND INTO OBJECT/PARKED VEHICLE,1,650890,Not at intersection,3,60,Local Road,LUSATIA PARK,YARRA RANGES,-37.79767,145.55692,2020,4,April,10,Midday,Weekday
T20200008010,2020-04-16,10:25:00,2,Struck Pedestrian,4,Thursday,103,PED PLAYING/LYING/WORKING/STANDING ON CARRIAGEWAY.,1,653195,Not at intersection,2,40,Local Road,CHURCH,WHITTLESEA,-37.51177,145.11809,2020,4,April,10,Midday,Weekday
T20200008008,2020-04-16,08:30:00,1,Collision with vehicle,4,Thursday,130,REAR END(VEHICLES IN SAME LANE),1,46412,Cross intersection,3,100,Freeway,MONASH,MONASH,-37.886757,145.10817,2020,4,April,8,Morning Peak,Weekday
T20200008007,2020-04-16,10:15:00,1,Collision with vehicle,4,Thursday,121,RIGHT THROUGH,1,51554,T intersection,2,60,Arterial Highway,NAPIER,BENDIGO,-36.744225,144.29501,2020,4,April,10,Midday,Weekday
T20200008009,2020-04-16,07:20:00,1,Collision with vehicle,4,Thursday,130,REAR END(VEHICLES IN SAME LANE),1,773454,Not at intersection,3,60,Local Road,BARWON,GEELONG,-38.17186,144.36806,2020,4,April,7,Morning Peak,Weekday
T20200008083,2020-04-16,21:00:00,4,Collision with a fixed object,4,Thursday,183,OFF LEFT BEND INTO OBJECT/PARKED VEHICLE,5,656871,Not at intersection,2,100,Local Road,NIEOFFS,WANGARATTA,-36.329014,146.56645,2020,4,April,21,Night,Weekday
T20200008022,2020-04-16,08:15:00,1,Collision with vehicle,4,Thursday,134,LANE CHANGE RIGHT (NOT OVERTAKING),1,35349,Cross intersection,3,50,Arterial Other,SPENCER,MELBOURNE,-37.8211,144.95508,2020,4,April,8,Morning Peak,Weekday
T20200008032,2020-04-16,16:10:00,2,Struck Pedestrian,4,Thursday,100,PED NEAR SIDE. PED HIT BY VEHICLE FROM THE RIGHT.,1,649988,Not at intersection,2,50,Local Road,WENDOUREE,BALLARAT,-37.548496,143.8223,2020,4,April,16,Afternoon Peak,Weekday
T20200016387,2020-04-16,16:30:00,1,Collision with vehicle,4,Thursday,129,OTHER OPPOSING MANOEUVRES NOT INCLUDED IN DCAs 120-125.,1,662080,Not at intersection,3,50,Local Road,CLINCH,DAREBIN,-37.737476,145.00108,2020,4,April,16,Afternoon Peak,Weekday
T20200008076,2020-04-16,12:19:00,1,Collision with vehicle,4,Thursday,130,REAR END(VEHICLES IN SAME LANE),1,628291,Cross intersection,3,80,Arterial Other,GATWICK,MAROONDAH,-37.823734,145.2966,2020,4,April,12,Midday,Weekday
T20200008070,2020-04-16,06:15:00,4,Collision with a fixed object,4,Thursday,173,RIGHT OFF CARRIAGEWAY INTO OBJECT/PARKED VEHICLE,2,654845,Not at intersection,2,80,Local Road,MACISAAC,SHEPPARTON,-36.378536,145.32233,2020,4,April,6,Morning Peak,Weekday
T20200008040,2020-04-16,18:00:00,2,Struck Pedestrian,4,Thursday,102,FAR SIDE. PED HIT BY VEHICLE FROM THE LEFT,3,651081,Not at intersection,2,60,Arterial Other,ESPLANADE,MORNINGTON PENINSULA,-38.24338,145.02994,2020,4,April,18,Afternoon Peak,Weekday
T20200008046,2020-04-16,05:10:00,4,Collision with a fixed object,4,Thursday,171,LEFT OFF CARRIAGEWAY INTO OBJECT/PARKED VEHICLE,6,648385,Not at intersection,3,60,Local Road,PLUMPTON,MELTON,-37.675705,144.69957,2020,4,April,5,Morning Peak,Weekday
T20200008102,2020-04-17,05:35:00,4,Collision with a fixed object,5,Friday,171,LEFT OFF CARRIAGEWAY INTO OBJECT/PARKED VEHICLE,3,65644,T intersection,3,60,Local Road,NOTLEN,MAROONDAH,-37.80812,145.22731,2020,4,April,5,Morning Peak,Weekday
T20200008099,2020-04-17,20:08:00,5,collision with some other object,5,Friday,175,OFF END OF ROAD/T-INTERSECTION.,5,648386,T intersection,3,60,Local Road,DUGGAN,MACEDON RANGES,-37.509403,144.59296,2020,4,April,20,Night,Weekday
T20200008091,2020-04-17,17:29:00,2,Struck Pedestrian,5,Friday,107,PED ON FOOTHPATH STRUCK BY VEHENTERING/LEAVING DRIVEWAY.,1,652791,Not at intersection,1,30,Arterial Highway,HIGH,BENDIGO,-36.811047,144.24028,2020,4,April,17,Afternoon Peak,Weekday
T20200008067,2020-04-17,10:10:00,6,Vehicle overturned (no collision),5,Friday,174,OUT OF CONTROL ON CARRIAGEWAY (ON STRAIGHT),1,729232,Not at intersection,3,60,Local Road,RODIER,BALLARAT,-37.565483,143.88286,2020,4,April,10,Midday,Weekday
T20200008068,2020-04-17,10:51:00,2,Struck Pedestrian,5,Friday,100,PED NEAR SIDE. PED HIT BY VEHICLE FROM THE RIGHT.,1,651921,Not at intersection,2,50,Local Road,VERNAL,WHITEHORSE,-37.828487,145.19485,2020,4,April,10,Midday,Weekday
T20200008069,2020-04-17,07:00:00,1,Collision with vehicle,5,Friday,110,CROSS TRAFFIC(INTERSECTIONS ONLY),1,326828,Cross intersection,3,70,Arterial Other,MT DERRIMUT ROAD -STATION,BRIMBANK,-37.777897,144.77377,2020,4,April,7,Morning Peak,Weekday
T20200008347,2020-04-17,21:30:00,2,Struck Pedestrian,5,Friday,105,PED WALKING AGAINST TRAFFIC.,3,773341,Cross intersection,2,60,Arterial Highway,PENTRIDGE,MORELAND,-37.741936,144.97173,2020,4,April,21,Night,Weekday
T20200009389,2020-04-17,16:00:00,1,Collision with vehicle,5,Friday,148,VEHICLE OFF FOOTPATH STRIKES VEH ON CARRIAGEWAY,1,43456,T intersection,3,60,Local Road,BALMORAL,FRANKSTON,-38.14286,145.12569,2020,4,April,16,Afternoon Peak,Weekday
T20200008203,2020-04-17,16:47:00,6,Vehicle overturned (no collision),5,Friday,184,OUT OF CONTROL ON CARRIAGEWAY (ON BEND),1,649021,Not at intersection,2,70,Local Road,MERCER,GEELONG,-38.138577,144.35376,2020,4,April,16,Afternoon Peak,Weekday
T20200008078,2020-04-17,12:00:00,6,Vehicle overturned (no collision),5,Friday,174,OUT OF CONTROL ON CARRIAGEWAY (ON STRAIGHT),1,677468,Not at intersection,3,100,Arterial Highway,PRINCES,GLENELG,-38.106808,141.61697,2020,4,April,12,Midday,Weekday
T20200008114,2020-04-18,15:00:00,1,Collision with vehicle,6,Saturday,121,RIGHT THROUGH,1,35611,T intersection,2,80,Arterial Highway,SPRINGVALE,DANDENONG,-37.97241,145.14821,2020,4,April,15,Afternoon Peak,Weekend
T20200008120,2020-04-18,20:25:00,8,No collision and no object struck,6,Saturday,174,OUT OF CONTROL ON CARRIAGEWAY (ON STRAIGHT),3,651828,Not at intersection,2,50,Local Road,SWANSTON,BANYULE,-37.738277,145.05382,2020,4,April,20,Night,Weekend
T20200008121,2020-04-18,19:34:00,1,Collision with vehicle,6,Saturday,169,OTHER ON PATH,3,655433,Not at intersection,2,50,Local Road,SANDHURST,FRANKSTON,-38.086193,145.20407,2020,4,April,19,Night,Weekend
T20200008131,2020-04-18,12:48:00,1,Collision with vehicle,6,Saturday,130,REAR END(VEHICLES IN SAME LANE),1,652221,T intersection,3,60,Arterial Other,MIDDLEBOROUGH,WHITEHORSE,-37.838802,145.13478,2020,4,April,12,Midday,Weekend
T20200008111,2020-04-18,13:20:00,1,Collision with vehicle,6,Saturday,153,CUTTING IN (OVERTAKING),1,648703,Not at intersection,2,60,Local Road,TWO BAYS,MORNINGTON PENINSULA,-38.19848,145.12341,2020,4,April,13,Midday,Weekend
T20200008115,2020-04-18,16:45:00,1,Collision with vehicle,6,Saturday,110,CROSS TRAFFIC(INTERSECTIONS ONLY),1,20821,Cross intersection,2,80,Arterial Other,KORUMBURRA-WARRAGUL,BAW BAW,-38.18778,145.92831,2020,4,April,16,Afternoon Peak,Weekend
T20200008405,2020-04-18,07:00:00,1,Collision with vehicle,6,Saturday,110,CROSS TRAFFIC(INTERSECTIONS ONLY),1,780656,Cross intersection,3,70,Arterial Other,PORTER STREET -WILLIAMSONS,MANNINGHAM,-37.752537,145.13474,2020,4,April,7,Morning Peak,Weekend
T20200008122,2020-04-18,19:55:00,4,Collision with a fixed object,6,Saturday,171,LEFT OFF CARRIAGEWAY INTO OBJECT/PARKED VEHICLE,5,655343,Not at intersection,2,80,Local Road,WICKHAMS,YARRA RANGES,-37.794765,145.57846,2020,4,April,19,Night,Weekend
T20200008106,2020-04-18,06:10:00,4,Collision with a fixed object,6,Saturday,171,LEFT OFF CARRIAGEWAY INTO OBJECT/PARKED VEHICLE,5,773339,Not at intersection,2,80,Arterial Other,COOLART,MORNINGTON PENINSULA,-38.21533,145.15619,2020,4,April,6,Morning Peak,Weekend
T20200008140,2020-04-18,22:59:00,1,Collision with vehicle,6,Saturday,120,HEAD ON (NOT OVERTAKING),6,300547,T intersection,2,100,Arterial Other,MICKLEHAM,HUME,-37.547897,144.87943,2020,4,April,22,Night,Weekend
T20210011061,2020-04-18,12:00:00,1,Collision with vehicle,6,Saturday,130,REAR END(VEHICLES IN SAME LANE),9,730217,Not at intersection,3,50,Arterial Other,DAWSON,MORELAND,-37.769424,144.94377,2020,4,April,12,Midday,Weekend
T20200008108,2020-04-18,12:10:00,4,Collision with a fixed object,6,Saturday,171,LEFT OFF CARRIAGEWAY INTO OBJECT/PARKED VEHICLE,1,729233,Not at intersection,3,100,Freeway,PENINSULA LINK OUT-GOLF LINKS,FRANKSTON,-38.178314,145.16096,2020,4,April,12,Midday,Weekend
T20200008119,2020-04-18,20:20:00,1,Collision with vehicle,6,Saturday,120,HEAD ON (NOT OVERTAKING),5,655432,Not at intersection,2,60,Local Road,JETTY,MORNINGTON PENINSULA,-38.379654,144.9118,2020,4,April,20,Night,Weekend
T20200008142,2020-04-19,15:59:00,1,Collision with vehicle,7,Sunday,130,REAR END(VEHICLES IN SAME LANE),1,51916,Cross intersection,3,60,Arterial Highway,MIDLAND,BENDIGO,-36.705154,144.31616,2020,4,April,15,Afternoon Peak,Weekend
T20200008281,2020-04-19,19:30:00,4,Collision with a fixed object,7,Sunday,181,OFF RIGHT BEND INTO OBJECT/PARKED VEHICLE,5,664714,Not at intersection,3,100,Local Road,BULGA PARK,WELLINGTON,-38.485985,146.66257,2020,4,April,19,Night,Weekend
T20200008148,2020-04-19,12:00:00,4,Collision with a fixed object,7,Sunday,171,LEFT OFF CARRIAGEWAY INTO OBJECT/PARKED VEHICLE,1,653550,Not at intersection,3,50,Local Road,LANDY,WELLINGTON,-37.966026,146.99026,2020,4,April,12,Midday,Weekend
T20200008147,2020-04-19,19:00:00,4,Collision with a fixed object,7,Sunday,171,LEFT OFF CARRIAGEWAY INTO OBJECT/PARKED VEHICLE,5,653488,Not at intersection,2,100,Local Road,LYNNES,BASS COAST,-38.576195,145.70137,2020,4,April,19,Night,Weekend
T20200008150,2020-04-19,19:40:00,4,Collision with a fixed object,7,Sunday,173,RIGHT OFF CARRIAGEWAY INTO OBJECT/PARKED VEHICLE,5,653003,Not at intersection,2,100,Local Road,RILEYS,INDIGO,-36.112453,146.63309,2020,4,April,19,Night,Weekend
T20200008137,2020-04-19,08:00:00,6,Vehicle overturned (no collision),7,Sunday,172,OFF CARRIAGEWAY TO RIGHT,1,655596,Not at intersection,3,80,Local Road,AVIATION,WYNDHAM,-37.92741,144.73123,2020,4,April,8,Morning Peak,Weekend
T20200008223,2020-04-19,15:30:00,6,Vehicle overturned (no collision),7,Sunday,174,OUT OF CONTROL ON CARRIAGEWAY (ON STRAIGHT),1,649369,Not at intersection,2,100,Local Road,VICTORY,FRANKSTON,-38.181606,145.2185,2020,4,April,15,Afternoon Peak,Weekend
T20200008134,2020-04-19,12:45:00,8,No collision and no object struck,7,Sunday,149,OTHER MANOEUVRING NOT INCLUDED IN DCAs 140-148,1,649367,Not at intersection,3,50,Local Road,POWER,KNOX,-37.853466,145.2799,2020,4,April,12,Midday,Weekend
T20200008186,2020-04-19,14:25:00,1,Collision with vehicle,7,Sunday,114,TWO RIGHT TURNING (INTERSECTIONS ONLY),1,145396,T intersection,3,60,Local Road,MARKET,WYNDHAM,-37.89774,144.66054,2020,4,April,14,Midday,Weekend
T20200008261,2020-04-19,11:15:00,1,Collision with vehicle,7,Sunday,146,REVERSING INTO FIXED OBJECT/PARKED VEHICLE,1,649520,Not at intersection,2,50,Local Road,BENTONS,MORNINGTON PENINSULA,-38.247654,145.05191,2020,4,April,11,Midday,Weekend
T20200008144,2020-04-19,16:19:00,1,Collision with vehicle,7,Sunday,122,LEFT THROUGH,1,649989,T intersection,3,50,Local Road,JINGELLA,MONASH,-37.87193,145.09749,2020,4,April,16,Afternoon Peak,Weekend
T20200008213,2020-04-19,11:30:00,1,Collision with vehicle,7,Sunday,113,RIGHT NEAR (INTERSECTIONS ONLY),1,38306,Cross intersection,3,60,Arterial Other,PARKER,MANNINGHAM,-37.757023,145.12123,2020,4,April,11,Midday,Weekend
T20200008169,2020-04-19,00:56:00,1,Collision with vehicle,7,Sunday,120,HEAD ON (NOT OVERTAKING),3,651730,Not at intersection,3,50,Local Road,POWER,CASEY,-37.98492,145.23994,2020,4,April,0,Late Night,Weekend
T20200008162,2020-04-19,09:30:00,1,Collision with vehicle,7,Sunday,110,CROSS TRAFFIC(INTERSECTIONS ONLY),1,20832,Cross intersection,3,80,Local Road,MCNAIRN,LATROBE,-38.203037,146.56067,2020,4,April,9,Morning Peak,Weekend
T20200008139,2020-04-19,14:00:00,1,Collision with vehicle,7,Sunday,112,LEFT FAR (INTERSECTIONS ONLY),1,648704,T intersection,3,50,Local Road,DALBEATTIE,KINGSTON,-37.936066,145.09981,2020,4,April,14,Midday,Weekend
T20200008154,2020-04-19,20:52:00,1,Collision with vehicle,7,Sunday,173,RIGHT OFF CARRIAGEWAY INTO OBJECT/PARKED VEHICLE,3,664716,Not at intersection,3,60,Local Road,GLADSTONE,DANDENONG,-37.95374,145.20787,2020,4,April,20,Night,Weekend
T20200008153,2020-04-19,15:08:00,1,Collision with vehicle,7,Sunday,113,RIGHT NEAR (INTERSECTIONS ONLY),1,664715,T intersection,3,80,Local Road,STUD,KNOX,-37.929604,145.23286,2020,4,April,15,Afternoon Peak,Weekend
T20200008152,2020-04-19,16:45:00,4,Collision with a fixed object,7,Sunday,171,LEFT OFF CARRIAGEWAY INTO OBJECT/PARKED VEHICLE,1,654116,Not at intersection,2,100,Freeway,PRINCES FREEWAY,CARDINIA,-38.071945,145.64725,2020,4,April,16,Afternoon Peak,Weekend
T20200009130,2020-04-20,05:00:00,4,Collision with a fixed object,1,Monday,183,OFF LEFT BEND INTO OBJECT/PARKED VEHICLE,5,654512,Not at intersection,3,60,Local Road,SHERBROOKE,YARRA RANGES,-37.877354,145.35774,2020,4,April,5,Morning Peak,Weekday
T20200008374,2020-04-20,10:30:00,1,Collision with vehicle,1,Monday,131,LEFT REAR,1,29400,Multiple intersection,3,60,Arterial Highway,ALEXANDRA,MELBOURNE,-37.793045,144.97572,2020,4,April,10,Midday,Weekday
T20200008194,2020-04-20,16:50:00,4,Collision with a fixed object,1,Monday,141,U TURN INTO FIXED OBJECT/PARKED VEHICLE,1,70906,Cross intersection,2,50,Local Road,BELLBIRD,CASEY,-38.000626,145.34422,2020,4,April,16,Afternoon Peak,Weekday
T20200008191,2020-04-20,17:50:00,1,Collision with vehicle,1,Monday,110,CROSS TRAFFIC(INTERSECTIONS ONLY),3,45547,Cross intersection,3,60,Arterial Other,MELVILLE,MORELAND,-37.75867,144.94485,2020,4,April,17,Afternoon Peak,Weekday
T20200008161,2020-04-20,03:30:00,1,Collision with vehicle,1,Monday,110,CROSS TRAFFIC(INTERSECTIONS ONLY),3,29413,Cross intersection,2,60,Arterial Other,DUDLEY,MELBOURNE,-37.810135,144.94998,2020,4,April,3,Late Night,Weekday
T20200008528,2020-04-20,15:00:00,1,Collision with vehicle,1,Monday,160,VEHICLE COLLIDES WITH VEHICLE PARKED ON LEFT OF ROAD,1,42269,T intersection,3,60,Local Road,BERNARD,KINGSTON,-37.95329,145.06236,2020,4,April,15,Afternoon Peak,Weekday
T20200008197,2020-04-20,17:10:00,1,Collision with vehicle,1,Monday,130,REAR END(VEHICLES IN SAME LANE),1,759303,Not at intersection,3,100,Freeway,WESTERN,MELTON,-37.73056,144.66322,2020,4,April,17,Afternoon Peak,Weekday
T20200008196,2020-04-20,22:24:00,4,Collision with a fixed object,1,Monday,175,OFF END OF ROAD/T-INTERSECTION.,3,67271,T intersection,3,70,Local Road,BURNS,HOBSONS BAY,-37.851723,144.78943,2020,4,April,22,Night,Weekday
T20200008164,2020-04-20,04:50:00,4,Collision with a fixed object,1,Monday,173,RIGHT OFF CARRIAGEWAY INTO OBJECT/PARKED VEHICLE,5,656333,Not at intersection,1,100,Arterial Other,LANCEFIELD-TOOBORAC,MITCHELL,-37.157772,144.76685,2020,4,April,4,Late Night,Weekday
T20200008193,2020-04-20,18:44:00,1,Collision with vehicle,1,Monday,110,CROSS TRAFFIC(INTERSECTIONS ONLY),3,44611,Cross intersection,3,60,Arterial Other,WAIORA,BANYULE,-37.74033,145.05907,2020,4,April,18,Afternoon Peak,Weekday
T20200008212,2020-04-21,10:04:00,1,Collision with vehicle,2,Tuesday,120,HEAD ON (NOT OVERTAKING),1,652901,Not at intersection,2,40,Local Road,WARRINGA,WYNDHAM,-37.883377,144.69156,2020,4,April,10,Midday,Weekday
T20200008239,2020-04-21,16:45:00,5,collision with some other object,2,Tuesday,191,LOAD OR MISSILE STRUCK VEHICLE,1,729234,Not at intersection,3,100,Arterial Highway,WESTERN,PYRENEES,-37.427933,143.36137,2020,4,April,16,Afternoon Peak,Weekday
T20200008199,2020-04-21,00:28:00,4,Collision with a fixed object,2,Tuesday,171,LEFT OFF CARRIAGEWAY INTO OBJECT/PARKED VEHICLE,3,40220,Cross intersection,3,40,Arterial Other,HIGH,STONNINGTON,-37.855305,145.01907,2020,4,April,0,Late Night,Weekday
T20200008246,2020-04-21,17:45:00,1,Collision with vehicle,2,Tuesday,132,RIGHT REAR.,4,665093,T intersection,2,40,Local Road,TIMOR,WARRNAMBOOL,-38.382782,142.47641,2020,4,April,17,Afternoon Peak,Weekday
T20200008247,2020-04-21,19:00:00,1,Collision with vehicle,2,Tuesday,110,CROSS TRAFFIC(INTERSECTIONS ONLY),3,51846,Cross intersection,3,60,Arterial Highway,POWLETT,MITCHELL,-37.30031,144.95137,2020,4,April,19,Night,Weekday
T20200008250,2020-04-21,15:50:00,1,Collision with vehicle,2,Tuesday,130,REAR END(VEHICLES IN SAME LANE),1,649370,Not at intersection,3,60,Arterial Other,PLENTY,DAREBIN,-37.743694,145.00769,2020,4,April,15,Afternoon Peak,Weekday
T20200008252,2020-04-21,21:15:00,6,Vehicle overturned (no collision),2,Tuesday,174,OUT OF CONTROL ON CARRIAGEWAY (ON STRAIGHT),3,649371,Not at intersection,2,30,Local Road,FOUNDRY,BRIMBANK,-37.779263,144.83134,2020,4,April,21,Night,Weekday
T20200010124,2020-04-21,15:00:00,1,Collision with vehicle,2,Tuesday,121,RIGHT THROUGH,1,42186,T intersection,3,60,Arterial Other,BAY,BAYSIDE,-37.956238,145.04207,2020,4,April,15,Afternoon Peak,Weekday
T20200008214,2020-04-21,09:00:00,1,Collision with vehicle,2,Tuesday,163,VEHICLE STRIKES DOOR OF PARKED/STATIONARY VEHICLE,1,670,T intersection,2,40,Local Road,GLEN HUNTLY,GLEN EIRA,-37.88454,145.0028,2020,4,April,9,Morning Peak,Weekday
T20200009554,2020-04-21,12:00:00,1,Collision with vehicle,2,Tuesday,154,PULLING OUT -REAR END,1,652862,Not at intersection,3,50,Local Road,FOUNDATION,WYNDHAM,-37.81859,144.765,2020,4,April,12,Midday,Weekday
T20200008692,2020-04-21,07:00:00,1,Collision with vehicle,2,Tuesday,110,CROSS TRAFFIC(INTERSECTIONS ONLY),3,60686,Cross intersection,3,60,Local Road,GREVILLEA,BALLARAT,-37.52774,143.83258,2020,4,April,7,Morning Peak,Weekday
T20200009179,2020-04-21,06:10:00,1,Collision with vehicle,2,Tuesday,130,REAR END(VEHICLES IN SAME LANE),9,664717,Not at intersection,3,100,Freeway,PRINCES,HOBSONS BAY,-37.855705,144.77844,2020,4,April,6,Morning Peak,Weekday
T20200008202,2020-04-21,03:50:00,4,Collision with a fixed object,2,Tuesday,173,RIGHT OFF CARRIAGEWAY INTO OBJECT/PARKED VEHICLE,3,29814,Cross intersection,3,50,Local Road,HAMILTON,BRIMBANK,-37.772663,144.76984,2020,4,April,3,Late Night,Weekday
T20200008236,2020-04-21,12:15:00,2,Struck Pedestrian,2,Tuesday,102,FAR SIDE. PED HIT BY VEHICLE FROM THE LEFT,1,674551,T intersection,2,50,Local Road,BROADLEAF,CASEY,-38.085995,145.28757,2020,4,April,12,Midday,Weekday
T20200008240,2020-04-21,17:15:00,2,Struck Pedestrian,2,Tuesday,102,FAR SIDE. PED HIT BY VEHICLE FROM THE LEFT,1,651829,Not at intersection,2,60,Local Road,NEW,BAYSIDE,-37.888798,144.99612,2020,4,April,17,Afternoon Peak,Weekday
T20200008256,2020-04-21,06:20:00,1,Collision with vehicle,2,Tuesday,140,U TURN,2,36105,Cross intersection,2,60,Arterial Other,SPENCER,MELBOURNE,-37.80709,144.94698,2020,4,April,6,Morning Peak,Weekday
T20200008222,2020-04-21,05:59:00,1,Collision with vehicle,2,Tuesday,130,REAR END(VEHICLES IN SAME LANE),5,648860,Not at intersection,1,80,Freeway,PRINCES,HOBSONS BAY,-37.839146,144.79718,2020,4,April,5,Morning Peak,Weekday
T20200008201,2020-04-21,07:48:00,1,Collision with vehicle,2,Tuesday,160,VEHICLE COLLIDES WITH VEHICLE PARKED ON LEFT OF ROAD,1,649020,Not at intersection,2,60,Arterial Other,HAWTHORN,GLEN EIRA,-37.87279,145.02469,2020,4,April,7,Morning Peak,Weekday
T20200008225,2020-04-21,11:00:00,6,Vehicle overturned (no collision),2,Tuesday,184,OUT OF CONTROL ON CARRIAGEWAY (ON BEND),1,651279,Not at intersection,2,100,Local Road,SAUNDERS,MITCHELL,-37.291634,145.03403,2020,4,April,11,Midday,Weekday
T20200008379,2020-04-21,11:00:00,1,Collision with vehicle,2,Tuesday,163,VEHICLE STRIKES DOOR OF PARKED/STATIONARY VEHICLE,1,654761,Not at intersection,3,40,Local Road,COLLINS,MELBOURNE,-37.814606,144.96957,2020,4,April,11,Midday,Weekday
T20200008235,2020-04-21,16:09:00,2,Struck Pedestrian,2,Tuesday,102,FAR SIDE. PED HIT BY VEHICLE FROM THE LEFT,1,42223,Cross intersection,3,50,Local Road,DERBY,MORELAND,-37.72355,144.94716,2020,4,April,16,Afternoon Peak,Weekday
T20200008229,2020-04-21,13:45:00,4,Collision with a fixed object,2,Tuesday,171,LEFT OFF CARRIAGEWAY INTO OBJECT/PARKED VEHICLE,1,319768,T intersection,3,50,Local Road,NEPTUNE,GEELONG,-38.161976,144.3974,2020,4,April,13,Midday,Weekday
T20200008226,2020-04-21,14:00:00,1,Collision with vehicle,2,Tuesday,121,RIGHT THROUGH,1,583995,T intersection,2,80,Arterial Highway,DANDENONG,MONASH,-37.924656,145.14331,2020,4,April,14,Midday,Weekday
T20200008234,2020-04-21,13:10:00,1,Collision with vehicle,2,Tuesday,111,RIGHT FAR (INTERSECTIONS ONLY),1,655039,T intersection,2,40,Arterial Highway,LONSDALE,DANDENONG,-37.987087,145.21423,2020,4,April,13,Midday,Weekday
T20200008275,2020-04-22,08:23:00,1,Collision with vehicle,3,Wednesday,143,ENTERING PARKING,1,651830,Not at intersection,3,50,Local Road,BEVERIDGE,SWAN HILL,-35.341976,143.55893,2020,4,April,8,Morning Peak,Weekday
T20200010595,2020-04-22,15:30:00,1,Collision with vehicle,3,Wednesday,130,REAR END(VEHICLES IN SAME LANE),1,654419,Not at intersection,3,40,Arterial Other,BURKE,BOROONDARA,-37.82974,145.057,2020,4,April,15,Afternoon Peak,Weekday
T20200008314,2020-04-22,17:15:00,1,Collision with vehicle,3,Wednesday,120,HEAD ON (NOT OVERTAKING),1,651280,Not at intersection,3,40,Local Road,HIGH,DAREBIN,-37.755795,145.00107,2020,4,April,17,Afternoon Peak,Weekday