ACCIDENT_NO,ACCIDENT_DATE,ACCIDENT_TIME,ACCIDENT_TYPE,ACCIDENT_TYPE_DESC,DAY_OF_WEEK,DAY_WEEK_DESC,DCA_CODE,DCA_DESC,LIGHT_CONDITION,NODE_ID,ROAD_GEOMETRY_DESC,SEVERITY,SPEED_ZONE,RMA,ROAD_NAME,LGA_NAME,LATITUDE,LONGITUDE,YEAR,MONTH,MONTH_NAME,HOUR,TIME_PERIOD,DAY_TYPE
T20200008473,2020-04-26,22:15:00,4,Collision with a fixed object,7,Sunday,181,OFF RIGHT BEND INTO OBJECT/PARKED VEHICLE,3,650886,Not at intersection,2,60,Local Road,THOMAS BRUNTON,HUME,-37.63477,144.9295,2020,4,April,22,Night,Weekend
T20200008472,2020-04-26,20:00:00,6,Vehicle overturned (no collision),7,Sunday,170,OFF CARRIAGEWAY TO LEFT,5,656597,Not at intersection,2,100,Arterial Other,HORSHAM-MINYIP,YARRIAMBIACK,-36.50067,142.4359,2020,4,April,20,Night,Weekend
T20200009673,2020-04-26,17:30:00,3,Struck animal,7,Sunday,167,STRUCK ANIMAL,2,653018,Not at intersection,3,80,Arterial Other,WHITTLESEA-YEA,WHITTLESEA,-37.49068,145.16019,2020,4,April,17,Afternoon Peak,Weekend
T20200008470,2020-04-26,20:40:00,1,Collision with vehicle,7,Sunday,110,CROSS TRAFFIC(INTERSECTIONS ONLY),5,51436,Cross intersection,2,100,Arterial Highway,NORTHERN,CAMPASPE,-36.25622,144.71213,2020,4,April,20,Night,Weekend
T20200009065,2020-04-27,15:47:00,1,Collision with vehicle,1,Monday,121,RIGHT THROUGH,1,652276,T intersection,3,40,Local Road,RAMSDEN,YARRA,-37.790382,144.99605,2020,4,April,15,Afternoon Peak,Weekday
T20200008478,2020-04-27,03:00:00,4,Collision with a fixed object,1,Monday,171,LEFT OFF CARRIAGEWAY INTO OBJECT/PARKED VEHICLE,3,96238,Not at intersection,2,50,Local Road,BATESFORD,MONASH,-37.875492,145.09962,2020,4,April,3,Late Night,Weekday
T20200008490,2020-04-27,00:30:00,4,Collision with a fixed object,1,Monday,181,OFF RIGHT BEND INTO OBJECT/PARKED VEHICLE,5,651673,T intersection,2,100,Arterial Other,DIMBOOLA-RAINBOW,HINDMARSH,-36.397488,142.01822,2020,4,April,0,Late Night,Weekday
T20200008501,2020-04-27,13:50:00,1,Collision with vehicle,1,Monday,147,VEHICLE STRIKES ANOTHER VEH WHILE EMERGING FROM DRIVEWAY,1,256274,Not at intersection,3,60,Arterial Other,ESPLANADE,BAYSIDE,-37.92559,144.98718,2020,4,April,13,Midday,Weekday
T20200008523,2020-04-27,15:30:00,4,Collision with a fixed object,1,Monday,171,LEFT OFF CARRIAGEWAY INTO OBJECT/PARKED VEHICLE,1,651182,Not at intersection,2,100,Arterial Other,MURRADOC,GEELONG,-38.185726,144.6752,2020,4,April,15,Afternoon Peak,Weekday
T20200008485,2020-04-27,07:00:00,1,Collision with vehicle,1,Monday,130,REAR END(VEHICLES IN SAME LANE),1,653551,Not at intersection,3,100,Freeway,WESTERN,BRIMBANK,-37.797634,144.76004,2020,4,April,7,Morning Peak,Weekday
T20200008495,2020-04-27,10:10:00,1,Collision with vehicle,1,Monday,120,HEAD ON (NOT OVERTAKING),1,729247,Not at intersection,3,100,Arterial Other,NERRENA,SOUTH GIPPSLAND,-38.51493,146.03664,2020,4,April,10,Midday,Weekday
T20200008613,2020-04-27,17:50:00,1,Collision with vehicle,1,Monday,132,RIGHT REAR.,2,655040,T intersection,3,50,Local Road,MOLAN,MAROONDAH,-37.81923,145.2204,2020,4,April,17,Afternoon Peak,Weekday
T20200008505,2020-04-27,12:25:00,1,Collision with vehicle,1,Monday,130,REAR END(VEHICLES IN SAME LANE),1,46897,T intersection,3,80,Arterial Other,MICKLEHAM,HUME,-37.655697,144.88203,2020,4,April,12,Midday,Weekday
T20200008802,2020-04-27,07:15:00,1,Collision with vehicle,1,Monday,160,VEHICLE COLLIDES WITH VEHICLE PARKED ON LEFT OF ROAD,9,651537,Not at intersection,3,60,Arterial Other,PARK,MORELAND,-37.72897,144.92583,2020,4,April,7,Morning Peak,Weekday
T20200008536,2020-04-27,15:06:00,1,Collision with vehicle,1,Monday,121,RIGHT THROUGH,1,41410,T intersection,3,60,Local Road,DEVON,MORELAND,-37.72162,144.92477,2020,4,April,15,Afternoon Peak,Weekday
T20200008522,2020-04-27,17:10:00,1,Collision with vehicle,1,Monday,132,RIGHT REAR.,3,46571,T intersection,2,100,Arterial Other,FRANKSTON-FLINDERS,MORNINGTON PENINSULA,-38.40676,145.06523,2020,4,April,17,Afternoon Peak,Weekday
T20200008512,2020-04-27,12:30:00,1,Collision with vehicle,1,Monday,131,LEFT REAR,1,778354,Not at intersection,3,60,Arterial Other,MCINTYRE,BRIMBANK,-37.770477,144.82994,2020,4,April,12,Midday,Weekday
T20200014091,2020-04-27,18:20:00,8,No collision and no object struck,1,Monday,174,OUT OF CONTROL ON CARRIAGEWAY (ON STRAIGHT),1,664813,Not at intersection,3,60,Arterial Other,BEACH,BAYSIDE,-37.94646,145.00085,2020,4,April,18,Afternoon Peak,Weekday
T20200008510,2020-04-27,13:10:00,1,Collision with vehicle,1,Monday,110,CROSS TRAFFIC(INTERSECTIONS ONLY),1,42352,Cross intersection,2,60,Arterial Other,CLARINDA,KINGSTON,-37.94067,145.09793,2020,4,April,13,Midday,Weekday
T20200008484,2020-04-27,03:39:00,4,Collision with a fixed object,1,Monday,173,RIGHT OFF CARRIAGEWAY INTO OBJECT/PARKED VEHICLE,3,29811,Cross intersection,2,70,Arterial Other,MAIN,BANYULE,-37.732098,145.13489,2020,4,April,3,Late Night,Weekday
T20200008498,2020-04-27,11:58:00,4,Collision with a fixed object,1,Monday,173,RIGHT OFF CARRIAGEWAY INTO OBJECT/PARKED VEHICLE,1,773457,Not at intersection,2,100,Arterial Highway,PRINCES,COLAC OTWAY,-38.313408,143.65411,2020,4,April,11,Midday,Weekday
T20200008482,2020-04-27,07:15:00,1,Collision with vehicle,1,Monday,121,RIGHT THROUGH,1,43692,T intersection,3,60,Arterial Other,RIDDELL,HUME,-37.575623,144.72878,2020,4,April,7,Morning Peak,Weekday
T20200010384,2020-04-27,17:50:00,1,Collision with vehicle,1,Monday,111,RIGHT FAR (INTERSECTIONS ONLY),2,678762,T intersection,3,60,Local Road,ARENA,CARDINIA,-38.067932,145.43439,2020,4,April,17,Afternoon Peak,Weekday
T20200008492,2020-04-27,10:15:00,1,Collision with vehicle,1,Monday,121,RIGHT THROUGH,1,51584,Cross intersection,3,60,Local Road,CHARLESTON,BENDIGO,-36.752285,144.29425,2020,4,April,10,Midday,Weekday
T20200008531,2020-04-27,04:57:00,5,collision with some other object,1,Monday,166,STRUCK OBJECT ON CARRIAGEWAY,5,650889,Not at intersection,2,100,Local Road,LARDNER,BAW BAW,-38.163452,145.88423,2020,4,April,4,Late Night,Weekday
T20200008529,2020-04-27,23:15:00,4,Collision with a fixed object,1,Monday,171,LEFT OFF CARRIAGEWAY INTO OBJECT/PARKED VEHICLE,3,651291,Not at intersection,2,80,Arterial Highway,DINGLEY,DANDENONG,-37.965275,145.13466,2020,4,April,23,Night,Weekday
T20200008534,2020-04-28,07:19:00,1,Collision with vehicle,2,Tuesday,131,LEFT REAR,1,41744,T intersection,2,70,Arterial Other,BLACKBURN,MONASH,-37.90986,145.14133,2020,4,April,7,Morning Peak,Weekday
T20200008798,2020-04-28,15:00:00,1,Collision with vehicle,2,Tuesday,116,LEFT NEAR (INTERSECTIONS ONLY),1,42501,Cross intersection,3,60,Local Road,ST JOHNS,DANDENONG,-37.951633,145.14977,2020,4,April,15,Afternoon Peak,Weekday
T20200008559,2020-04-28,15:45:00,4,Collision with a fixed object,2,Tuesday,146,REVERSING INTO FIXED OBJECT/PARKED VEHICLE,1,651225,Not at intersection,3,50,Local Road,NANKOOR,BENDIGO,-36.781094,144.24377,2020,4,April,15,Afternoon Peak,Weekday
T20200008563,2020-04-28,13:41:00,1,Collision with vehicle,2,Tuesday,111,RIGHT FAR (INTERSECTIONS ONLY),1,729249,T intersection,2,50,Local Road,CLOW,DANDENONG,-37.98492,145.21507,2020,4,April,13,Midday,Weekday
T20200008565,2020-04-28,16:37:00,1,Collision with vehicle,2,Tuesday,160,VEHICLE COLLIDES WITH VEHICLE PARKED ON LEFT OF ROAD,1,651121,Not at intersection,3,60,Local Road,ELIZABETH,HUME,-37.587032,144.70752,2020,4,April,16,Afternoon Peak,Weekday
T20200008569,2020-04-28,15:18:00,1,Collision with vehicle,2,Tuesday,130,REAR END(VEHICLES IN SAME LANE),1,230844,Not at intersection,3,50,Arterial Other,COOPER,WHITTLESEA,-37.65119,145.016,2020,4,April,15,Afternoon Peak,Weekday
T20200008570,2020-04-28,19:15:00,1,Collision with vehicle,2,Tuesday,110,CROSS TRAFFIC(INTERSECTIONS ONLY),3,39459,Cross intersection,2,70,Arterial Other,BLACKBURN,MANNINGHAM,-37.789165,145.16196,2020,4,April,19,Night,Weekday
T20200008571,2020-04-28,18:30:00,1,Collision with vehicle,2,Tuesday,121,RIGHT THROUGH,3,41991,T intersection,2,60,Arterial Other,BURWOOD,YARRA RANGES,-37.906532,145.3394,2020,4,April,18,Afternoon Peak,Weekday
T20200008574,2020-04-28,19:15:00,8,No collision and no object struck,2,Tuesday,170,OFF CARRIAGEWAY TO LEFT,5,654162,Not at intersection,2,100,Local Road,ROSEDALE-FLYNNS CREEK,WELLINGTON,-38.241966,146.67511,2020,4,April,19,Night,Weekday
T20200008577,2020-04-28,21:40:00,1,Collision with vehicle,2,Tuesday,110,CROSS TRAFFIC(INTERSECTIONS ONLY),3,36819,Cross intersection,3,40,Arterial Other,SPENCER,MELBOURNE,-37.811047,144.95044,2020,4,April,21,Night,Weekday
T20200008578,2020-04-28,21:22:00,2,Struck Pedestrian,2,Tuesday,103,PED PLAYING/LYING/WORKING/STANDING ON CARRIAGEWAY.,3,42748,T intersection,2,40,Arterial Other,CHESTERVILLE,KINGSTON,-37.962418,145.05624,2020,4,April,21,Night,Weekday
T20200008541,2020-04-28,08:42:00,1,Collision with vehicle,2,Tuesday,163,VEHICLE STRIKES DOOR OF PARKED/STATIONARY VEHICLE,1,651224,Not at intersection,3,50,Local Road,PAKINGTON,GEELONG,-38.14198,144.34807,2020,4,April,8,Morning Peak,Weekday
T20200008543,2020-04-28,06:30:00,1,Collision with vehicle,2,Tuesday,130,REAR END(VEHICLES IN SAME LANE),5,651831,Not at intersection,3,100,Arterial Highway,SOUTH GIPPSLAND,CASEY,-38.179237,145.33798,2020,4,April,6,Morning Peak,Weekday
T20200008770,2020-04-28,10:05:00,6,Vehicle overturned (no collision),2,Tuesday,174,OUT OF CONTROL ON CARRIAGEWAY (ON STRAIGHT),9,35942,Cross intersection,3,60,Arterial Other,MORELAND,MORELAND,-37.75568,144.96599,2020,4,April,10,Midday,Weekday
T20200008548,2020-04-28,09:06:00,1,Collision with vehicle,2,Tuesday,110,CROSS TRAFFIC(INTERSECTIONS ONLY),1,656104,Cross intersection,3,50,Local Road,AUSTRALIS,BRIMBANK,-37.803223,144.75386,2020,4,April,9,Morning Peak,Weekday
T20200008666,2020-04-28,17:00:00,1,Collision with vehicle,2,Tuesday,116,LEFT NEAR (INTERSECTIONS ONLY),1,68485,T intersection,3,40,Arterial Highway,SUTHERLAND,STONNINGTON,-37.88439,145.07002,2020,4,April,17,Afternoon Peak,Weekday
T20200008552,2020-04-28,13:45:00,1,Collision with vehicle,2,Tuesday,120,HEAD ON (NOT OVERTAKING),1,651087,T intersection,3,50,Local Road,RAILWAY,DAREBIN,-37.765675,144.99661,2020,4,April,13,Midday,Weekday
T20200008823,2020-04-28,09:12:00,5,collision with some other object,2,Tuesday,166,STRUCK OBJECT ON CARRIAGEWAY,1,651736,Not at intersection,3,100,Freeway,EASTERN,WHITEHORSE,-37.800365,145.15096,2020,4,April,9,Morning Peak,Weekday
T20200008537,2020-04-28,09:25:00,1,Collision with vehicle,2,Tuesday,121,RIGHT THROUGH,1,651183,T intersection,2,100,Local Road,MANKS,CASEY,-38.169384,145.37355,2020,4,April,9,Morning Peak,Weekday
T20220028563,2020-04-28,06:45:00,4,Collision with a fixed object,2,Tuesday,183,OFF LEFT BEND INTO OBJECT/PARKED VEHICLE,2,741709,Not at intersection,2,60,Arterial Highway,DANDENONG,STONNINGTON,-37.884556,145.0673,2020,4,April,6,Morning Peak,Weekday
T20200008656,2020-04-28,17:47:00,1,Collision with vehicle,2,Tuesday,113,RIGHT NEAR (INTERSECTIONS ONLY),2,43317,Cross intersection,3,60,Arterial Other,MCLEOD,KINGSTON,-38.0757,145.12491,2020,4,April,17,Afternoon Peak,Weekday
T20200008728,2020-04-28,05:00:00,1,Collision with vehicle,2,Tuesday,130,REAR END(VEHICLES IN SAME LANE),3,43129,Cross intersection,3,60,Local Road,BOX,CASEY,-37.995087,145.23802,2020,4,April,5,Morning Peak,Weekday
T20200009365,2020-04-28,11:30:00,1,Collision with vehicle,2,Tuesday,110,CROSS TRAFFIC(INTERSECTIONS ONLY),1,54736,Cross intersection,3,60,Arterial Other,WELLINGTON,BENDIGO,-36.80666,144.35825,2020,4,April,11,Midday,Weekday
T20200008589,2020-04-29,05:20:00,1,Collision with vehicle,3,Wednesday,129,OTHER OPPOSING MANOEUVRES NOT INCLUDED IN DCAs 120-125.,5,653247,Not at intersection,2,100,Local Road,BESSIE CREEK,CARDINIA,-38.068897,145.57301,2020,4,April,5,Morning Peak,Weekday
T20200008586,2020-04-29,05:35:00,4,Collision with a fixed object,3,Wednesday,171,LEFT OFF CARRIAGEWAY INTO OBJECT/PARKED VEHICLE,3,780681,Not at intersection,3,80,Freeway,METROPOLITAN RING,NILLUMBIK,-37.688984,145.08255,2020,4,April,5,Morning Peak,Weekday
T20200008619,2020-04-29,18:35:00,1,Collision with vehicle,3,Wednesday,130,REAR END(VEHICLES IN SAME LANE),5,653005,Not at intersection,2,80,Freeway,CALDER,MOUNT ALEXANDER,-36.950436,144.23413,2020,4,April,18,Afternoon Peak,Weekday
T20200008581,2020-04-29,00:08:00,1,Collision with vehicle,3,Wednesday,181,OFF RIGHT BEND INTO OBJECT/PARKED VEHICLE,3,651575,Not at intersection,2,70,Arterial Other,EDGARS,WHITTLESEA,-37.68113,144.99886,2020,4,April,0,Late Night,Weekday
T20200008707,2020-04-29,17:20:00,1,Collision with vehicle,3,Wednesday,130,REAR END(VEHICLES IN SAME LANE),2,773262,Cross intersection,3,60,Arterial Highway,BELL,DAREBIN,-37.74279,144.97977,2020,4,April,17,Afternoon Peak,Weekday
T20200008620,2020-04-29,17:57:00,1,Collision with vehicle,3,Wednesday,120,HEAD ON (NOT OVERTAKING),3,729252,Not at intersection,2,70,Local Road,ERNST WANKE,CASEY,-37.996223,145.30916,2020,4,April,17,Afternoon Peak,Weekday
T20200010071,2020-04-29,08:10:00,1,Collision with vehicle,3,Wednesday,121,RIGHT THROUGH,1,43631,Cross intersection,3,60,Arterial Highway,PRINCES,CASEY,-38.026066,145.30669,2020,4,April,8,Morning Peak,Weekday
T20200009403,2020-04-29,16:40:00,6,Vehicle overturned (no collision),3,Wednesday,174,OUT OF CONTROL ON CARRIAGEWAY (ON STRAIGHT),9,66069,Cross intersection,2,40,Arterial Highway,WHITEHORSE,WHITEHORSE,-37.817936,145.12395,2020,4,April,16,Afternoon Peak,Weekday
T20210004670,2020-04-29,15:00:00,9,Other accident,3,Wednesday,109,ANY MANOEUVRE INVOLVING PED NOT INCLUDED IN DCAs 100-108.,1,677290,Not at intersection,3,50,Local Road,KERRABEE,WHITTLESEA,-37.59151,145.08328,2020,4,April,15,Afternoon Peak,Weekday
T20200008623,2020-04-29,18:10:00,1,Collision with vehicle,3,Wednesday,136,RIGHT TURN SIDESWIPE,3,65799,Cross intersection,3,40,Local Road,LA TROBE,MELBOURNE,-37.811756,144.95645,2020,4,April,18,Afternoon Peak,Weekday
T20200008627,2020-04-29,18:18:00,1,Collision with vehicle,3,Wednesday,113,RIGHT NEAR (INTERSECTIONS ONLY),3,141759,T intersection,2,60,Arterial Other,HEATHERTON,DANDENONG,-37.96792,145.1975,2020,4,April,18,Afternoon Peak,Weekday
T20200008629,2020-04-29,22:00:00,1,Collision with vehicle,3,Wednesday,120,HEAD ON (NOT OVERTAKING),5,651131,Not at intersection,1,100,Arterial Highway,WESTERN,NORTHERN GRAMPIANS,-37.12625,142.82202,2020,4,April,22,Night,Weekday
T20200008636,2020-04-29,11:30:00,1,Collision with vehicle,3,Wednesday,160,VEHICLE COLLIDES WITH VEHICLE PARKED ON LEFT OF ROAD,1,651283,Not at intersection,2,50,Local Road,CLOW,DANDENONG,-37.986443,145.2281,2020,4,April,11,Midday,Weekday
T20200008641,2020-04-29,17:30:00,1,Collision with vehicle,3,Wednesday,131,LEFT REAR,2,786666,Not at intersection,2,60,Arterial Other,POLICE,MONASH,-37.93616,145.18059,2020,4,April,17,Afternoon Peak,Weekday
T20200008643,2020-04-29,13:05:00,6,Vehicle overturned (no collision),3,Wednesday,184,OUT OF CONTROL ON CARRIAGEWAY (ON BEND),1,651633,Not at intersection,3,60,Arterial Other,NORTH SHORE,GEELONG,-38.09977,144.3645,2020,4,April,13,Midday,Weekday
T20200008606,2020-04-29,12:30:00,1,Collision with vehicle,3,Wednesday,130,REAR END(VEHICLES IN SAME LANE),1,42366,T intersection,3,60,Arterial Other,CENTRE,KINGSTON,-37.92713,145.10751,2020,4,April,12,Midday,Weekday
T20200008675,2020-04-29,15:25:00,1,Collision with vehicle,3,Wednesday,130,REAR END(VEHICLES IN SAME LANE),1,41435,T intersection,3,60,Local Road,KOORNANG,GLEN EIRA,-37.886486,145.05759,2020,4,April,15,Afternoon Peak,Weekday
T20200008708,2020-04-29,08:45:00,8,No collision and no object struck,3,Wednesday,174,OUT OF CONTROL ON CARRIAGEWAY (ON STRAIGHT),1,651384,Cross intersection,2,50,Local Road,ODESSA,BRIMBANK,-37.7209,144.8125,2020,4,April,8,Morning Peak,Weekday
T20200008607,2020-04-29,11:42:00,1,Collision with vehicle,3,Wednesday,140,U TURN,1,729251,Not at intersection,3,60,Local Road,MARKET,WELLINGTON,-38.10194,147.07207,2020,4,April,11,Midday,Weekday
T20200008608,2020-04-29,13:53:00,3,Struck animal,3,Wednesday,167,STRUCK ANIMAL,1,656110,Not at intersection,2,100,Arterial Highway,GLENELG,SOUTHERN GRAMPIANS,-37.602936,141.72432,2020,4,April,13,Midday,Weekday
T20200008590,2020-04-29,08:40:00,6,Vehicle overturned (no collision),3,Wednesday,174,OUT OF CONTROL ON CARRIAGEWAY (ON STRAIGHT),1,651456,Not at intersection,2,80,Arterial Other,KEILOR PARK,BRIMBANK,-37.73573,144.84991,2020,4,April,8,Morning Peak,Weekday
T20200008598,2020-04-29,10:39:00,1,Collision with vehicle,3,Wednesday,147,VEHICLE STRIKES ANOTHER VEH WHILE EMERGING FROM DRIVEWAY,1,651186,Not at intersection,3,60,Local Road,BARRY,HUME,-37.667164,144.95566,2020,4,April,10,Midday,Weekday
T20200008594,2020-04-29,10:20:00,1,Collision with vehicle,3,Wednesday,113,RIGHT NEAR (INTERSECTIONS ONLY),1,729250,Cross intersection,3,80,Arterial Other,BELGRAVE-HALLAM,CASEY,-37.99821,145.27509,2020,4,April,10,Midday,Weekday
T20200008911,2020-04-30,06:30:00,1,Collision with vehicle,4,Thursday,110,CROSS TRAFFIC(INTERSECTIONS ONLY),9,51843,Cross intersection,2,60,Arterial Other,FOOTE,MITCHELL,-37.29592,144.95073,2020,4,April,6,Morning Peak,Weekday
T20200009125,2020-04-30,16:56:00,1,Collision with vehicle,4,Thursday,130,REAR END(VEHICLES IN SAME LANE),1,69132,Cross intersection,3,80,Arterial Highway,NEPEAN,BAYSIDE,-37.9064,145.00838,2020,4,April,16,Afternoon Peak,Weekday
T20200008658,2020-04-30,13:30:00,1,Collision with vehicle,4,Thursday,130,REAR END(VEHICLES IN SAME LANE),1,237316,Multiple intersection,2,80,Arterial Other,COOPER,WHITTLESEA,-37.648514,144.9947,2020,4,April,13,Midday,Weekday
T20200008659,2020-04-30,15:50:00,1,Collision with vehicle,4,Thursday,111,RIGHT FAR (INTERSECTIONS ONLY),1,54245,T intersection,3,60,Local Road,MAIR,BALLARAT,-37.558907,143.85081,2020,4,April,15,Afternoon Peak,Weekday
T20200008660,2020-04-30,14:48:00,4,Collision with a fixed object,4,Thursday,171,LEFT OFF CARRIAGEWAY INTO OBJECT/PARKED VEHICLE,1,654418,Not at intersection,3,80,Local Road,MOUNT BUNINYONG,BALLARAT,-37.647896,143.9085,2020,4,April,14,Midday,Weekday
T20200008661,2020-04-30,14:40:00,6,Vehicle overturned (no collision),4,Thursday,182,OFF CARRIAGEWAY ON LEFT BEND,1,653552,Not at intersection,3,100,Local Road,BROWNS,GOLDEN PLAINS,-37.68731,143.67578,2020,4,April,14,Midday,Weekday
T20200011106,2020-04-30,11:00:00,1,Collision with vehicle,4,Thursday,121,RIGHT THROUGH,1,30939,Cross intersection,3,60,Arterial Highway,ALEXANDRA,YARRA,-37.79312,144.97934,2020,4,April,11,Midday,Weekday
T20200008663,2020-04-30,08:24:00,1,Collision with vehicle,4,Thursday,163,VEHICLE STRIKES DOOR OF PARKED/STATIONARY VEHICLE,1,317951,Not at intersection,3,40,Local Road,EXHIBITION,MELBOURNE,-37.80986,144.96953,2020,4,April,8,Morning Peak,Weekday
T20200008665,2020-04-30,15:40:00,1,Collision with vehicle,4,Thursday,130,REAR END(VEHICLES IN SAME LANE),1,1346,T intersection,3,70,Arterial Highway,WARBURTON,YARRA RANGES,-37.7743,145.46786,2020,4,April,15,Afternoon Peak,Weekday
T20200008670,2020-04-30,18:00:00,1,Collision with vehicle,4,Thursday,121,RIGHT THROUGH,3,654940,T intersection,3,60,Local Road,CALLAWAY,SOUTH GIPPSLAND,-38.47593,145.95729,2020,4,April,18,Afternoon Peak,Weekday
T20200008671,2020-04-30,18:16:00,2,Struck Pedestrian,4,Thursday,102,FAR SIDE. PED HIT BY VEHICLE FROM THE LEFT,3,651286,Not at intersection,2,60,Arterial Highway,KINGS,PORT PHILLIP,-37.833385,144.96759,2020,4,April,18,Afternoon Peak,Weekday
T20200008672,2020-04-30,16:15:00,4,Collision with a fixed object,4,Thursday,173,RIGHT OFF CARRIAGEWAY INTO OBJECT/PARKED VEHICLE,1,773458,Not at intersection,2,80,Freeway,WESTERN,BRIMBANK,-37.796318,144.75427,2020,4,April,16,Afternoon Peak,Weekday
T20200008674,2020-04-30,18:23:00,1,Collision with vehicle,4,Thursday,113,RIGHT NEAR (INTERSECTIONS ONLY),3,651574,T intersection,3,50,Local Road,ORBIS,MELTON,-37.721485,144.73128,2020,4,April,18,Afternoon Peak,Weekday
T20200008677,2020-04-30,21:15:00,1,Collision with vehicle,4,Thursday,110,CROSS TRAFFIC(INTERSECTIONS ONLY),3,29600,Cross intersection,2,60,Arterial Other,HIGH,STONNINGTON,-37.853092,145.00244,2020,4,April,21,Night,Weekday
T20200009604,2020-04-30,15:52:00,1,Collision with vehicle,4,Thursday,113,RIGHT NEAR (INTERSECTIONS ONLY),1,45059,T intersection,3,60,Arterial Other,MCINTYRE,BRIMBANK,-37.771603,144.82973,2020,4,April,15,Afternoon Peak,Weekday
T20200008680,2020-04-30,19:30:00,6,Vehicle overturned (no collision),4,Thursday,180,OFF CARRIAGEWAY ON RIGHT BEND,5,664965,Not at intersection,3,100,Arterial Highway,GOULBURN VALLEY,MOIRA,-35.857655,145.55875,2020,4,April,19,Night,Weekday
T20200008685,2020-04-30,13:11:00,1,Collision with vehicle,4,Thursday,110,CROSS TRAFFIC(INTERSECTIONS ONLY),1,50106,Cross intersection,2,60,Local Road,BARWON,GEELONG,-38.170937,144.367,2020,4,April,13,Midday,Weekday
T20200008742,2020-04-30,15:05:00,1,Collision with vehicle,4,Thursday,132,RIGHT REAR.,1,655434,Cross intersection,3,60,Arterial Other,ELLIOTT,MELBOURNE,-37.78941,144.94228,2020,4,April,15,Afternoon Peak,Weekday
T20200008744,2020-04-30,09:15:00,1,Collision with vehicle,4,Thursday,133,LANE SIDE SWIPE (VEHICLES IN PARALLEL LANES),9,352039,Cross intersection,3,80,Arterial Other,MICKLEHAM,HUME,-37.66981,144.88559,2020,4,April,9,Morning Peak,Weekday
T20200008861,2020-04-30,09:15:00,1,Collision with vehicle,4,Thursday,130,REAR END(VEHICLES IN SAME LANE),1,323852,Cross intersection,3,80,Arterial Other,BERWICK-CRANBOURNE,CASEY,-38.116344,145.30765,2020,4,April,9,Morning Peak,Weekday
T20200008633,2020-04-30,05:21:00,4,Collision with a fixed object,4,Thursday,173,RIGHT OFF CARRIAGEWAY INTO OBJECT/PARKED VEHICLE,3,651732,Multiple intersection,2,50,Arterial Other,RANCEBY,SOUTH GIPPSLAND,-38.34269,145.7653,2020,4,April,5,Morning Peak,Weekday
T20200008634,2020-04-30,03:15:00,6,Vehicle overturned (no collision),4,Thursday,182,OFF CARRIAGEWAY ON LEFT BEND,5,664964,Not at intersection,3,60,Arterial Other,STAWELL-AVOCA,PYRENEES,-37.006287,143.38797,2020,4,April,3,Late Night,Weekday
T20200008642,2020-04-30,10:40:00,1,Collision with vehicle,4,Thursday,130,REAR END(VEHICLES IN SAME LANE),1,652010,Cross intersection,3,80,Arterial Other,DIAMOND CREEK,NILLUMBIK,-37.689053,145.11386,2020,4,April,10,Midday,Weekday
T20200008645,2020-04-30,10:23:00,4,Collision with a fixed object,4,Thursday,171,LEFT OFF CARRIAGEWAY INTO OBJECT/PARKED VEHICLE,1,651733,Not at intersection,2,40,Arterial Other,SYDNEY,MORELAND,-37.767548,144.96204,2020,4,April,10,Midday,Weekday
T20200008647,2020-04-30,10:30:00,4,Collision with a fixed object,4,Thursday,141,U TURN INTO FIXED OBJECT/PARKED VEHICLE,1,654972,Unknown,2,50,Local Road,HUMFFRAY,BALLARAT,-37.582104,143.84982,2020,4,April,10,Midday,Weekday
T20200010129,2020-04-30,14:20:00,1,Collision with vehicle,4,Thursday,121,RIGHT THROUGH,1,10042,Multiple intersection,3,60,Arterial Other,MOUNT ALEXANDER,MOONEE VALLEY,-37.76716,144.92484,2020,4,April,14,Midday,Weekday
T20200009051,2020-05-01,12:25:00,1,Collision with vehicle,5,Friday,135,LANE CHANGE LEFT (NOT OVERTAKING),1,653149,Not at intersection,3,80,Arterial Highway,NEPEAN,KINGSTON,-37.982376,145.0729,2020,5,May,12,Midday,Weekday
T20210007651,2020-05-01,13:30:00,1,Collision with vehicle,5,Friday,131,LEFT REAR,1,43297,Cross intersection,3,60,Arterial Highway,NEPEAN,KINGSTON,-38.055855,145.11752,2020,5,May,13,Midday,Weekday
T20200008712,2020-05-01,15:22:00,1,Collision with vehicle,5,Friday,121,RIGHT THROUGH,1,656010,Cross intersection,2,60,Arterial Other,SOUTH,BAYSIDE,-37.932003,145.02568,2020,5,May,15,Afternoon Peak,Weekday
T20200008738,2020-05-01,15:40:00,1,Collision with vehicle,5,Friday,130,REAR END(VEHICLES IN SAME LANE),1,35597,Cross intersection,2,80,Arterial Other,BELGRAVE-HALLAM,YARRA RANGES,-37.954052,145.34772,2020,5,May,15,Afternoon Peak,Weekday
T20200008706,2020-05-01,14:40:00,1,Collision with vehicle,5,Friday,130,REAR END(VEHICLES IN SAME LANE),1,29400,Cross intersection,3,60,Arterial Highway,ALEXANDRA,MELBOURNE,-37.793045,144.97572,2020,5,May,14,Midday,Weekday
T20200008720,2020-05-01,20:00:00,1,Collision with vehicle,5,Friday,110,CROSS TRAFFIC(INTERSECTIONS ONLY),3,49287,Cross intersection,3,50,Local Road,EASTWOOD,BALLARAT,-37.564976,143.86461,2020,5,May,20,Night,Weekday
T20200008715,2020-05-01,18:00:00,1,Collision with vehicle,5,Friday,140,U TURN,3,651385,Not at intersection,2,60,Local Road,WILLIAM,WHITTLESEA,-37.674305,145.03093,2020,5,May,18,Afternoon Peak,Weekday