ACCIDENT_NO,ACCIDENT_DATE,ACCIDENT_TIME,ACCIDENT_TYPE,ACCIDENT_TYPE_DESC,DAY_OF_WEEK,DAY_WEEK_DESC,DCA_CODE,DCA_DESC,LIGHT_CONDITION,NODE_ID,ROAD_GEOMETRY_DESC,SEVERITY,SPEED_ZONE,RMA,ROAD_NAME,LGA_NAME,LATITUDE,LONGITUDE,YEAR,MONTH,MONTH_NAME,HOUR,TIME_PERIOD,DAY_TYPE
T20200008719,2020-05-01,18:43:00,1,Collision with vehicle,5,Friday,121,RIGHT THROUGH,3,33419,Cross intersection,2,70,Arterial Highway,LATROBE TERRACE -SETTLEMENT,GEELONG,-38.160526,144.3503,2020,5,May,18,Afternoon Peak,Weekday
T20200008843,2020-05-01,08:15:00,4,Collision with a fixed object,5,Friday,171,LEFT OFF CARRIAGEWAY INTO OBJECT/PARKED VEHICLE,1,651737,Not at intersection,3,50,Local Road,WAVERLEY PARK,CASEY,-38.070698,145.27396,2020,5,May,8,Morning Peak,Weekday
T20200008722,2020-05-01,16:44:00,4,Collision with a fixed object,5,Friday,183,OFF LEFT BEND INTO OBJECT/PARKED VEHICLE,1,653296,Not at intersection,2,100,Arterial Other,COBDEN-STONYFORD,CORANGAMITE,-38.349358,143.21175,2020,5,May,16,Afternoon Peak,Weekday
T20200008726,2020-05-01,20:35:00,4,Collision with a fixed object,5,Friday,173,RIGHT OFF CARRIAGEWAY INTO OBJECT/PARKED VEHICLE,3,41872,Cross intersection,2,80,Arterial Highway,STUD,KNOX,-37.885887,145.2329,2020,5,May,20,Night,Weekday
T20200008936,2020-05-01,17:30:00,1,Collision with vehicle,5,Friday,132,RIGHT REAR.,2,234884,T intersection,2,70,Arterial Highway,DANDENONG,STONNINGTON,-37.880913,145.04977,2020,5,May,17,Afternoon Peak,Weekday
T20200008780,2020-05-01,11:40:00,1,Collision with vehicle,5,Friday,130,REAR END(VEHICLES IN SAME LANE),1,618798,T intersection,3,70,Arterial Other,BALLARAT,MARIBYRNONG,-37.779556,144.85216,2020,5,May,11,Midday,Weekday
T20200008700,2020-05-01,10:30:00,1,Collision with vehicle,5,Friday,113,RIGHT NEAR (INTERSECTIONS ONLY),1,64121,Cross intersection,2,60,Local Road,BELLARA,YARRA RANGES,-37.77288,145.30655,2020,5,May,10,Midday,Weekday
T20200008714,2020-05-01,13:25:00,2,Struck Pedestrian,5,Friday,100,PED NEAR SIDE. PED HIT BY VEHICLE FROM THE RIGHT.,1,654300,Not at intersection,2,60,Arterial Other,HEATHERTON,DANDENONG,-37.96004,145.1328,2020,5,May,13,Midday,Weekday
T20200008743,2020-05-01,20:47:00,4,Collision with a fixed object,5,Friday,173,RIGHT OFF CARRIAGEWAY INTO OBJECT/PARKED VEHICLE,5,672036,Not at intersection,3,100,Arterial Highway,NORTHERN,BENDIGO,-36.486225,144.61423,2020,5,May,20,Night,Weekday
T20200008717,2020-05-01,18:15:00,1,Collision with vehicle,5,Friday,121,RIGHT THROUGH,3,29840,Cross intersection,3,40,Arterial Other,SYDNEY,MORELAND,-37.768856,144.96182,2020,5,May,18,Afternoon Peak,Weekday
T20200008697,2020-05-01,07:18:00,1,Collision with vehicle,5,Friday,130,REAR END(VEHICLES IN SAME LANE),1,1222,T intersection,3,60,Arterial Highway,GREENSBOROUGH,BANYULE,-37.726192,145.08008,2020,5,May,7,Morning Peak,Weekday
T20200008694,2020-05-01,08:25:00,6,Vehicle overturned (no collision),5,Friday,174,OUT OF CONTROL ON CARRIAGEWAY (ON STRAIGHT),1,651383,Not at intersection,2,100,Freeway,FRANKSTON,FRANKSTON,-38.102432,145.14081,2020,5,May,8,Morning Peak,Weekday
T20200008730,2020-05-01,23:55:00,1,Collision with vehicle,5,Friday,160,VEHICLE COLLIDES WITH VEHICLE PARKED ON LEFT OF ROAD,3,653553,Not at intersection,2,50,Local Road,FERGUSON,WHITEHORSE,-37.820618,145.20918,2020,5,May,23,Night,Weekday
T20200020173,2020-05-01,04:10:00,4,Collision with a fixed object,5,Friday,171,LEFT OFF CARRIAGEWAY INTO OBJECT/PARKED VEHICLE,6,229963,Cross intersection,3,60,Arterial Other,SAYERS,WYNDHAM,-37.852726,144.73128,2020,5,May,4,Late Night,Weekday
T20200008709,2020-05-01,15:30:00,1,Collision with vehicle,5,Friday,160,VEHICLE COLLIDES WITH VEHICLE PARKED ON LEFT OF ROAD,1,45617,T intersection,3,60,Arterial Other,MORELAND,MORELAND,-37.754845,144.95906,2020,5,May,15,Afternoon Peak,Weekday
T20200008683,2020-05-01,04:20:00,4,Collision with a fixed object,5,Friday,173,RIGHT OFF CARRIAGEWAY INTO OBJECT/PARKED VEHICLE,5,654503,Not at intersection,3,100,Local Road,TROTTER,SHEPPARTON,-36.326027,145.3136,2020,5,May,4,Late Night,Weekday
T20200008686,2020-05-01,06:55:00,1,Collision with vehicle,5,Friday,130,REAR END(VEHICLES IN SAME LANE),1,653196,Not at intersection,2,60,Arterial Highway,CITY,MELBOURNE,-37.821934,144.96573,2020,5,May,6,Morning Peak,Weekday
T20200008739,2020-05-01,17:00:00,1,Collision with vehicle,5,Friday,130,REAR END(VEHICLES IN SAME LANE),9,225712,Cross intersection,3,70,Freeway,PLENTY VALLEY,WHITTLESEA,-37.686172,145.06775,2020,5,May,17,Afternoon Peak,Weekday
T20200008724,2020-05-01,20:10:00,5,collision with some other object,5,Friday,166,STRUCK OBJECT ON CARRIAGEWAY,5,651459,Not at intersection,3,100,Local Road,DIFFEY,INDIGO,-36.388054,146.66777,2020,5,May,20,Night,Weekday
T20200008716,2020-05-01,15:30:00,6,Vehicle overturned (no collision),5,Friday,174,OUT OF CONTROL ON CARRIAGEWAY (ON STRAIGHT),1,651534,T intersection,2,60,Arterial Other,MILLERS,HOBSONS BAY,-37.84161,144.84648,2020,5,May,15,Afternoon Peak,Weekday
T20200008750,2020-05-02,13:11:00,1,Collision with vehicle,6,Saturday,160,VEHICLE COLLIDES WITH VEHICLE PARKED ON LEFT OF ROAD,1,652093,Not at intersection,2,60,Local Road,MACINTOSH,SHEPPARTON,-36.39275,145.39955,2020,5,May,13,Midday,Weekend
T20200008754,2020-05-02,07:34:00,1,Collision with vehicle,6,Saturday,121,RIGHT THROUGH,1,656502,Not at intersection,1,70,Arterial Other,PRINCES,WYNDHAM,-37.904667,144.64915,2020,5,May,7,Morning Peak,Weekend
T20200008757,2020-05-02,16:55:00,1,Collision with vehicle,6,Saturday,110,CROSS TRAFFIC(INTERSECTIONS ONLY),2,30008,Cross intersection,3,50,Arterial Other,STURT,BALLARAT,-37.55988,143.84145,2020,5,May,16,Afternoon Peak,Weekend
T20200008808,2020-05-02,19:32:00,1,Collision with vehicle,6,Saturday,151,OUT OF CONTROL (OVERTAKING),5,729260,Cross intersection,3,100,Freeway,PRINCES,LATROBE,-38.234863,146.37685,2020,5,May,19,Night,Weekend
T20200008758,2020-05-02,16:55:00,1,Collision with vehicle,6,Saturday,110,CROSS TRAFFIC(INTERSECTIONS ONLY),1,44728,Cross intersection,3,50,Local Road,MCDOWELL,BANYULE,-37.706905,145.0965,2020,5,May,16,Afternoon Peak,Weekend
T20200008741,2020-05-02,10:15:00,1,Collision with vehicle,6,Saturday,115,RIGHT/LEFT FAR (INTERSECTIONS ONLY),1,16155,T intersection,3,50,Arterial Highway,SURF COAST,GEELONG,-38.18858,144.3436,2020,5,May,10,Midday,Weekend
T20200008760,2020-05-02,17:18:00,4,Collision with a fixed object,6,Saturday,173,RIGHT OFF CARRIAGEWAY INTO OBJECT/PARKED VEHICLE,2,656599,Not at intersection,2,60,Arterial Other,BRUNTON,MELBOURNE,-37.819916,144.98088,2020,5,May,17,Afternoon Peak,Weekend
T20200009023,2020-05-02,19:00:00,6,Vehicle overturned (no collision),6,Saturday,174,OUT OF CONTROL ON CARRIAGEWAY (ON STRAIGHT),3,652175,Not at intersection,3,50,Local Road,SURREY,STONNINGTON,-37.845074,144.99838,2020,5,May,19,Night,Weekend
T20200008766,2020-05-02,19:35:00,2,Struck Pedestrian,6,Saturday,100,PED NEAR SIDE. PED HIT BY VEHICLE FROM THE RIGHT.,3,44867,T intersection,2,60,Arterial Other,BARRY,HUME,-37.66504,144.93312,2020,5,May,19,Night,Weekend
T20200008734,2020-05-02,05:00:00,4,Collision with a fixed object,6,Saturday,175,OFF END OF ROAD/T-INTERSECTION.,3,651460,Not at intersection,3,50,Local Road,WATTS,HOBSONS BAY,-37.859303,144.77728,2020,5,May,5,Morning Peak,Weekend
T20200008776,2020-05-02,23:10:00,1,Collision with vehicle,6,Saturday,121,RIGHT THROUGH,3,29868,Multiple intersection,2,80,Freeway,PLENTY-METROPOLITAN RING IN,WHITTLESEA,-37.687008,145.0673,2020,5,May,23,Night,Weekend
T20200008774,2020-05-02,22:00:00,8,No collision and no object struck,6,Saturday,174,OUT OF CONTROL ON CARRIAGEWAY (ON STRAIGHT),5,651535,Not at intersection,2,100,Local Road,MUCKLEFORD-WALMER,MOUNT ALEXANDER,-37.010395,144.15445,2020,5,May,22,Night,Weekend
T20200008931,2020-05-02,11:40:00,1,Collision with vehicle,6,Saturday,130,REAR END(VEHICLES IN SAME LANE),1,652902,Not at intersection,3,50,Arterial Highway,DOVETON,BALLARAT,-37.56235,143.85468,2020,5,May,11,Midday,Weekend
T20200008764,2020-05-02,16:43:00,4,Collision with a fixed object,6,Saturday,181,OFF RIGHT BEND INTO OBJECT/PARKED VEHICLE,2,656526,Not at intersection,3,100,Arterial Highway,MURRAY VALLEY,SWAN HILL,-34.764366,143.20648,2020,5,May,16,Afternoon Peak,Weekend
T20200008772,2020-05-02,20:54:00,2,Struck Pedestrian,6,Saturday,109,ANY MANOEUVRE INVOLVING PED NOT INCLUDED IN DCAs 100-108.,3,36423,T intersection,3,60,Arterial Other,NICHOLSON,MELBOURNE,-37.794357,144.9755,2020,5,May,20,Night,Weekend
T20200008736,2020-05-02,06:15:00,4,Collision with a fixed object,6,Saturday,181,OFF RIGHT BEND INTO OBJECT/PARKED VEHICLE,5,652317,Not at intersection,3,100,Arterial Other,INVERLOCH-KONGWAK,BASS COAST,-38.548866,145.72029,2020,5,May,6,Morning Peak,Weekend
T20200008889,2020-05-02,08:00:00,5,collision with some other object,6,Saturday,166,STRUCK OBJECT ON CARRIAGEWAY,2,653197,Not at intersection,2,100,Local Road,TIMBOON-CURDIEVALE,CORANGAMITE,-38.51457,142.87529,2020,5,May,8,Morning Peak,Weekend
T20200008745,2020-05-02,12:40:00,1,Collision with vehicle,6,Saturday,113,RIGHT NEAR (INTERSECTIONS ONLY),1,38731,Cross intersection,2,80,Arterial Highway,PLENTY,WHITTLESEA,-37.68831,145.06625,2020,5,May,12,Midday,Weekend
T20200009778,2020-05-02,13:40:00,1,Collision with vehicle,6,Saturday,111,RIGHT FAR (INTERSECTIONS ONLY),1,656928,T intersection,3,50,Local Road,BOSTON,CASEY,-38.00628,145.32166,2020,5,May,13,Midday,Weekend
T20200008746,2020-05-02,10:55:00,1,Collision with vehicle,6,Saturday,181,OFF RIGHT BEND INTO OBJECT/PARKED VEHICLE,1,651635,Not at intersection,3,80,Arterial Other,MONBULK,YARRA RANGES,-37.816677,145.4062,2020,5,May,10,Midday,Weekend
T20200008748,2020-05-02,11:38:00,1,Collision with vehicle,6,Saturday,160,VEHICLE COLLIDES WITH VEHICLE PARKED ON LEFT OF ROAD,1,656011,Not at intersection,3,60,Local Road,THOMAS,GLEN EIRA,-37.906494,145.02519,2020,5,May,11,Midday,Weekend
T20200008813,2020-05-03,17:50:00,4,Collision with a fixed object,7,Sunday,181,OFF RIGHT BEND INTO OBJECT/PARKED VEHICLE,5,661601,Not at intersection,3,100,Arterial Other,CHILTERN-HOWLONG,INDIGO,-36.005222,146.61809,2020,5,May,17,Afternoon Peak,Weekend
T20200008842,2020-05-03,10:30:00,6,Vehicle overturned (no collision),7,Sunday,172,OFF CARRIAGEWAY TO RIGHT,1,651639,Not at intersection,2,80,Arterial Other,BENAMBRA-CORRYONG,EAST GIPPSLAND,-36.937878,147.70537,2020,5,May,10,Midday,Weekend
T20200008836,2020-05-03,14:30:00,1,Collision with vehicle,7,Sunday,121,RIGHT THROUGH,1,44357,T intersection,3,60,Arterial Other,DUNCANS,WYNDHAM,-37.903828,144.66623,2020,5,May,14,Midday,Weekend
T20200008840,2020-05-03,18:45:00,4,Collision with a fixed object,7,Sunday,181,OFF RIGHT BEND INTO OBJECT/PARKED VEHICLE,5,657173,Not at intersection,2,100,Arterial Other,SEYMOUR-TOOBORAC,MITCHELL,-37.010494,145.03304,2020,5,May,18,Afternoon Peak,Weekend
T20200008817,2020-05-03,18:38:00,1,Collision with vehicle,7,Sunday,160,VEHICLE COLLIDES WITH VEHICLE PARKED ON LEFT OF ROAD,6,658314,Not at intersection,3,50,Local Road,PRESIDENTS,GEELONG,-38.261463,144.52425,2020,5,May,18,Afternoon Peak,Weekend
T20200008783,2020-05-03,04:26:00,4,Collision with a fixed object,7,Sunday,171,LEFT OFF CARRIAGEWAY INTO OBJECT/PARKED VEHICLE,5,664313,Not at intersection,3,100,Freeway,WESTERN,MELTON,-37.74984,144.71815,2020,5,May,4,Late Night,Weekend
T20200008815,2020-05-03,19:57:00,1,Collision with vehicle,7,Sunday,110,CROSS TRAFFIC(INTERSECTIONS ONLY),3,38681,Cross intersection,3,50,Local Road,ELEANOR,MARIBYRNONG,-37.796,144.88487,2020,5,May,19,Night,Weekend
T20200008788,2020-05-03,09:30:00,1,Collision with vehicle,7,Sunday,147,VEHICLE STRIKES ANOTHER VEH WHILE EMERGING FROM DRIVEWAY,9,653245,Not at intersection,3,70,Local Road,VICTORIA,YARRA RANGES,-37.730804,145.34012,2020,5,May,9,Morning Peak,Weekend
T20200008793,2020-05-03,08:49:00,2,Struck Pedestrian,7,Sunday,102,FAR SIDE. PED HIT BY VEHICLE FROM THE LEFT,1,42404,Cross intersection,3,60,Arterial Other,CLAYTON,MONASH,-37.923866,145.11998,2020,5,May,8,Morning Peak,Weekend
T20200008819,2020-05-03,21:38:00,4,Collision with a fixed object,7,Sunday,171,LEFT OFF CARRIAGEWAY INTO OBJECT/PARKED VEHICLE,3,651777,Not at intersection,2,70,Arterial Other,KINGS,BRIMBANK,-37.740875,144.77957,2020,5,May,21,Night,Weekend
T20200008786,2020-05-03,04:40:00,4,Collision with a fixed object,7,Sunday,173,RIGHT OFF CARRIAGEWAY INTO OBJECT/PARKED VEHICLE,5,651494,Not at intersection,1,80,Arterial Other,BALLAN-DAYLESFORD,MOORABOOL,-37.44847,144.13182,2020,5,May,4,Late Night,Weekend
T20200009908,2020-05-03,14:30:00,6,Vehicle overturned (no collision),7,Sunday,170,OFF CARRIAGEWAY TO LEFT,1,653303,Not at intersection,3,100,Local Road,SCHOOLHOUSE,BENDIGO,-36.8251,144.68768,2020,5,May,14,Midday,Weekend
T20200009237,2020-05-03,12:55:00,1,Collision with vehicle,7,Sunday,130,REAR END(VEHICLES IN SAME LANE),1,652420,Not at intersection,3,60,Arterial Other,BURKE,BANYULE,-37.770554,145.06363,2020,5,May,12,Midday,Weekend
T20200009494,2020-05-03,13:44:00,1,Collision with vehicle,7,Sunday,115,RIGHT/LEFT FAR (INTERSECTIONS ONLY),1,40546,Multiple intersection,3,60,Local Road,ENGLISH,MOONEE VALLEY,-37.725716,144.89075,2020,5,May,13,Midday,Weekend
T20200008844,2020-05-03,15:50:00,1,Collision with vehicle,7,Sunday,140,U TURN,1,651675,Not at intersection,2,80,Arterial Other,BONEO,MORNINGTON PENINSULA,-38.461346,144.90642,2020,5,May,15,Afternoon Peak,Weekend
T20200008796,2020-05-03,10:20:00,1,Collision with vehicle,7,Sunday,116,LEFT NEAR (INTERSECTIONS ONLY),1,729258,T intersection,2,50,Local Road,FIORELLI,CASEY,-38.11253,145.3158,2020,5,May,10,Midday,Weekend
T20200008795,2020-05-03,09:35:00,4,Collision with a fixed object,7,Sunday,171,LEFT OFF CARRIAGEWAY INTO OBJECT/PARKED VEHICLE,1,657120,Not at intersection,2,100,Local Road,WARRAYATKIN,ARARAT,-37.246265,142.98073,2020,5,May,9,Morning Peak,Weekend
T20200008807,2020-05-03,12:59:00,6,Vehicle overturned (no collision),7,Sunday,174,OUT OF CONTROL ON CARRIAGEWAY (ON STRAIGHT),1,654260,Not at intersection,2,100,Arterial Other,TRAMWAY,LATROBE,-38.27175,146.43335,2020,5,May,12,Midday,Weekend
T20200008785,2020-05-03,08:20:00,1,Collision with vehicle,7,Sunday,121,RIGHT THROUGH,1,729257,T intersection,3,80,Arterial Highway,BURWOOD,WHITEHORSE,-37.853664,145.15999,2020,5,May,8,Morning Peak,Weekend
T20200008814,2020-05-03,16:27:00,1,Collision with vehicle,7,Sunday,130,REAR END(VEHICLES IN SAME LANE),1,656012,Not at intersection,2,60,Arterial Other,LOWER PLENTY,BANYULE,-37.74449,145.06221,2020,5,May,16,Afternoon Peak,Weekend
T20200008864,2020-05-04,15:45:00,2,Struck Pedestrian,1,Monday,100,PED NEAR SIDE. PED HIT BY VEHICLE FROM THE RIGHT.,1,651740,Not at intersection,3,60,Local Road,WILSONS,GEELONG,-38.16178,144.3931,2020,5,May,15,Afternoon Peak,Weekday
T20200008705,2020-05-04,09:50:00,1,Collision with vehicle,1,Monday,110,CROSS TRAFFIC(INTERSECTIONS ONLY),1,351418,Multiple intersection,3,80,Arterial Highway,HUNTINGDALE,MONASH,-37.90089,145.10545,2020,5,May,9,Morning Peak,Weekday
T20200008863,2020-05-04,18:33:00,1,Collision with vehicle,1,Monday,169,OTHER ON PATH,3,651739,Not at intersection,3,50,Local Road,VINCENT,BRIMBANK,-37.743088,144.80904,2020,5,May,18,Afternoon Peak,Weekday
T20200008860,2020-05-04,14:10:00,4,Collision with a fixed object,1,Monday,183,OFF LEFT BEND INTO OBJECT/PARKED VEHICLE,1,651922,Not at intersection,3,50,Local Road,RICHARDSON,MORNINGTON PENINSULA,-38.229393,145.0523,2020,5,May,14,Midday,Weekday
T20200009270,2020-05-04,11:00:00,1,Collision with vehicle,1,Monday,163,VEHICLE STRIKES DOOR OF PARKED/STATIONARY VEHICLE,1,654417,Not at intersection,3,40,Local Road,COLLINS,MELBOURNE,-37.813908,144.97195,2020,5,May,11,Midday,Weekday
T20200008867,2020-05-04,19:51:00,2,Struck Pedestrian,1,Monday,106,VEH STRIKES PED ON FOOTPATH/MEDIAN/TRAFFIC ISLAND.,3,687181,Not at intersection,2,50,Local Road,THE BROADWAY,HOBSONS BAY,-37.83773,144.86472,2020,5,May,19,Night,Weekday
T20200008858,2020-05-04,08:30:00,1,Collision with vehicle,1,Monday,145,REVERSING IN STREAM OF TRAFFIC,1,651738,Not at intersection,3,60,Arterial Other,HOTHAM,GLEN EIRA,-37.87379,144.99861,2020,5,May,8,Morning Peak,Weekday
T20200008852,2020-05-04,15:14:00,1,Collision with vehicle,1,Monday,134,LANE CHANGE RIGHT (NOT OVERTAKING),1,652472,Not at intersection,2,80,Local Road,PAYNES,YARRA RANGES,-37.735313,145.30977,2020,5,May,15,Afternoon Peak,Weekday
T20200008865,2020-05-04,20:01:00,1,Collision with vehicle,1,Monday,121,RIGHT THROUGH,3,278639,Cross intersection,2,60,Local Road,WATERVIEW,HUME,-37.584766,144.90659,2020,5,May,20,Night,Weekday
T20200008895,2020-05-04,17:30:00,1,Collision with vehicle,1,Monday,110,CROSS TRAFFIC(INTERSECTIONS ONLY),2,51363,Cross intersection,3,50,Local Road,NOLAN,GANNAWARRA,-35.728786,143.9174,2020,5,May,17,Afternoon Peak,Weekday
T20200008822,2020-05-04,07:00:00,1,Collision with vehicle,1,Monday,130,REAR END(VEHICLES IN SAME LANE),2,360256,Cross intersection,3,50,Arterial Highway,EAGLEHAWK,BENDIGO,-36.746906,144.25824,2020,5,May,7,Morning Peak,Weekday
T20200008837,2020-05-04,11:30:00,1,Collision with vehicle,1,Monday,132,RIGHT REAR.,1,60460,T intersection,2,70,Arterial Other,MAIN,MACEDON RANGES,-37.35552,144.74356,2020,5,May,11,Midday,Weekday
T20200009440,2020-05-04,09:00:00,1,Collision with vehicle,1,Monday,130,REAR END(VEHICLES IN SAME LANE),1,773514,T intersection,3,60,Local Road,RESERVE,BAYSIDE,-37.97535,145.03513,2020,5,May,9,Morning Peak,Weekday
T20200009441,2020-05-04,07:00:00,1,Collision with vehicle,1,Monday,130,REAR END(VEHICLES IN SAME LANE),1,653010,Not at intersection,3,100,Freeway,PRINCES,CARDINIA,-38.072117,145.39,2020,5,May,7,Morning Peak,Weekday
T20200009078,2020-05-04,19:50:00,1,Collision with vehicle,1,Monday,110,CROSS TRAFFIC(INTERSECTIONS ONLY),3,619659,Cross intersection,3,60,Arterial Highway,WOOD,DAREBIN,-37.73556,145.02428,2020,5,May,19,Night,Weekday
T20200009188,2020-05-04,12:00:00,1,Collision with vehicle,1,Monday,110,CROSS TRAFFIC(INTERSECTIONS ONLY),1,60256,Cross intersection,3,40,Local Road,CENTRE,MURRINDINDI,-37.2333,145.90674,2020,5,May,12,Midday,Weekday
T20200009033,2020-05-04,18:00:00,1,Collision with vehicle,1,Monday,121,RIGHT THROUGH,2,46582,Y intersection,3,60,Arterial Other,HEALESVILLE-KOO WEE RUP,YARRA RANGES,-37.778896,145.53075,2020,5,May,18,Afternoon Peak,Weekday
T20200012793,2020-05-04,15:20:00,4,Collision with a fixed object,1,Monday,173,RIGHT OFF CARRIAGEWAY INTO OBJECT/PARKED VEHICLE,1,664314,Not at intersection,3,80,Local Road,EAST,CASEY,-38.187717,145.24733,2020,5,May,15,Afternoon Peak,Weekday
T20200008838,2020-05-04,11:49:00,4,Collision with a fixed object,1,Monday,173,RIGHT OFF CARRIAGEWAY INTO OBJECT/PARKED VEHICLE,1,651638,Not at intersection,3,100,Freeway,TULLAMARINE,MORELAND,-37.707993,144.8904,2020,5,May,11,Midday,Weekday
T20200008883,2020-05-04,17:30:00,1,Collision with vehicle,1,Monday,163,VEHICLE STRIKES DOOR OF PARKED/STATIONARY VEHICLE,2,651832,Not at intersection,3,60,Arterial Other,FLEMINGTON ROAD SERVICE,MELBOURNE,-37.794285,144.94806,2020,5,May,17,Afternoon Peak,Weekday
T20200010302,2020-05-04,06:45:00,1,Collision with vehicle,1,Monday,130,REAR END(VEHICLES IN SAME LANE),2,653845,Not at intersection,3,100,Freeway,MONASH,MONASH,-37.92478,145.17894,2020,5,May,6,Morning Peak,Weekday
T20200009333,2020-05-05,05:30:00,1,Collision with vehicle,2,Tuesday,160,VEHICLE COLLIDES WITH VEHICLE PARKED ON LEFT OF ROAD,3,652557,Not at intersection,3,50,Local Road,PURTELL,GLEN EIRA,-37.92568,145.05249,2020,5,May,5,Morning Peak,Weekday
T20200008877,2020-05-05,03:00:00,4,Collision with a fixed object,2,Tuesday,171,LEFT OFF CARRIAGEWAY INTO OBJECT/PARKED VEHICLE,5,661337,Not at intersection,2,80,Local Road,EAGLEHAWK-NEILBOROUGH,BENDIGO,-36.678623,144.27611,2020,5,May,3,Late Night,Weekday
T20200009375,2020-05-05,20:00:00,8,No collision and no object struck,2,Tuesday,174,OUT OF CONTROL ON CARRIAGEWAY (ON STRAIGHT),9,63065,Cross intersection,3,50,Local Road,URQUHART,MORELAND,-37.74074,144.97183,2020,5,May,20,Night,Weekday
T20200008918,2020-05-05,15:00:00,1,Collision with vehicle,2,Tuesday,121,RIGHT THROUGH,1,322346,Cross intersection,2,70,Arterial Other,POUND,CASEY,-38.02831,145.26881,2020,5,May,15,Afternoon Peak,Weekday
T20200008923,2020-05-05,22:00:00,2,Struck Pedestrian,2,Tuesday,100,PED NEAR SIDE. PED HIT BY VEHICLE FROM THE RIGHT.,3,214823,Not at intersection,1,80,Arterial Highway,DANDENONG,MONASH,-37.8916,145.08372,2020,5,May,22,Night,Weekday
T20200009205,2020-05-05,07:45:00,4,Collision with a fixed object,2,Tuesday,171,LEFT OFF CARRIAGEWAY INTO OBJECT/PARKED VEHICLE,2,729267,Not at intersection,2,100,Arterial Other,NEW IRREWILLIPE,COLAC OTWAY,-38.415024,143.40422,2020,5,May,7,Morning Peak,Weekday
T20200010624,2020-05-05,12:40:00,1,Collision with vehicle,2,Tuesday,146,REVERSING INTO FIXED OBJECT/PARKED VEHICLE,1,655692,Not at intersection,3,60,Arterial Highway,PUNT,PORT PHILLIP,-37.854504,144.98329,2020,5,May,12,Midday,Weekday
T20200009202,2020-05-05,17:30:00,1,Collision with vehicle,2,Tuesday,111,RIGHT FAR (INTERSECTIONS ONLY),2,654164,Cross intersection,3,60,Local Road,MACINTOSH,SHEPPARTON,-36.394073,145.40938,2020,5,May,17,Afternoon Peak,Weekday
T20200008885,2020-05-05,08:40:00,6,Vehicle overturned (no collision),2,Tuesday,180,OFF CARRIAGEWAY ON RIGHT BEND,1,72960,T intersection,2,60,Local Road,PROGRESS,MORNINGTON PENINSULA,-38.23254,145.05817,2020,5,May,8,Morning Peak,Weekday
T20200008920,2020-05-05,21:40:00,8,No collision and no object struck,2,Tuesday,180,OFF CARRIAGEWAY ON RIGHT BEND,5,729262,Not at intersection,2,100,Arterial Other,RUSHWORTH-TATURA,CAMPASPE,-36.499157,145.11356,2020,5,May,21,Night,Weekday
T20200008886,2020-05-05,08:15:00,4,Collision with a fixed object,2,Tuesday,173,RIGHT OFF CARRIAGEWAY INTO OBJECT/PARKED VEHICLE,1,652272,Not at intersection,3,40,Arterial Highway,SOUTH GIPPSLAND,SOUTH GIPPSLAND,-38.434666,145.82538,2020,5,May,8,Morning Peak,Weekday
T20200008888,2020-05-05,12:13:00,1,Collision with vehicle,2,Tuesday,110,CROSS TRAFFIC(INTERSECTIONS ONLY),1,20821,Cross intersection,3,80,Arterial Other,KORUMBURRA-WARRAGUL,BAW BAW,-38.18778,145.92831,2020,5,May,12,Midday,Weekday
T20200008924,2020-05-05,22:35:00,4,Collision with a fixed object,2,Tuesday,179,OTHER ACCIDENTS-OFF STRAIGHT NOT INCLUDED IN DCAs 170-175,3,665184,Not at intersection,2,60,Local Road,AITKEN,HUME,-37.59051,144.91063,2020,5,May,22,Night,Weekday
T20200014810,2020-05-05,13:00:00,2,Struck Pedestrian,2,Tuesday,100,PED NEAR SIDE. PED HIT BY VEHICLE FROM THE RIGHT.,1,29635,Multiple intersection,3,60,Arterial Highway,BRIGHTON,GLEN EIRA,-37.883503,144.99675,2020,5,May,13,Midday,Weekday
T20200008882,2020-05-05,08:04:00,1,Collision with vehicle,2,Tuesday,120,HEAD ON (NOT OVERTAKING),1,652011,Not at intersection,2,60,Local Road,ALMA,GLEN EIRA,-37.865288,145.02225,2020,5,May,8,Morning Peak,Weekday
T20200008933,2020-05-05,16:08:00,1,Collision with vehicle,2,Tuesday,121,RIGHT THROUGH,1,779479,Not at intersection,3,60,Arterial Highway,BASS,BASS COAST,-38.606167,145.60394,2020,5,May,16,Afternoon Peak,Weekday
T20200008927,2020-05-05,06:15:00,1,Collision with vehicle,2,Tuesday,113,RIGHT NEAR (INTERSECTIONS ONLY),2,38708,T intersection,3,50,Arterial Other,GORDON,MARIBYRNONG,-37.78742,144.89021,2020,5,May,6,Morning Peak,Weekday
T20200009137,2020-05-05,07:20:00,1,Collision with vehicle,2,Tuesday,116,LEFT NEAR (INTERSECTIONS ONLY),1,287363,Cross intersection,2,60,Arterial Other,BARWARRE,GEELONG,-38.187763,144.3556,2020,5,May,7,Morning Peak,Weekday
T20200009442,2020-05-05,06:45:00,8,No collision and no object struck,2,Tuesday,170,OFF CARRIAGEWAY TO LEFT,6,652859,Not at intersection,3,80,Arterial Highway,FRANKSTON-DANDENONG,DANDENONG,-38.041046,145.2101,2020,5,May,6,Morning Peak,Weekday
T20200008900,2020-05-05,13:45:00,1,Collision with vehicle,2,Tuesday,111,RIGHT FAR (INTERSECTIONS ONLY),1,41832,Cross intersection,2,70,Arterial Other,FERNTREE GULLY,MONASH,-37.905575,145.17975,2020,5,May,13,Midday,Weekday
T20200009981,2020-05-05,09:15:00,1,Collision with vehicle,2,Tuesday,134,LANE CHANGE RIGHT (NOT OVERTAKING),1,660367,Not at intersection,2,80,Freeway,WEST GATE IN-KINGS,MELBOURNE,-37.82655,144.95024,2020,5,May,9,Morning Peak,Weekday