ACCIDENT_NO,ACCIDENT_DATE,ACCIDENT_TIME,ACCIDENT_TYPE,ACCIDENT_TYPE_DESC,DAY_OF_WEEK,DAY_WEEK_DESC,DCA_CODE,DCA_DESC,LIGHT_CONDITION,NODE_ID,ROAD_GEOMETRY_DESC,SEVERITY,SPEED_ZONE,RMA,ROAD_NAME,LGA_NAME,LATITUDE,LONGITUDE,YEAR,MONTH,MONTH_NAME,HOUR,TIME_PERIOD,DAY_TYPE
T20200008903,2020-05-05,15:50:00,1,Collision with vehicle,2,Tuesday,110,CROSS TRAFFIC(INTERSECTIONS ONLY),1,43072,Cross intersection,2,50,Local Road,ANN,DANDENONG,-37.978943,145.21565,2020,5,May,15,Afternoon Peak,Weekday
T20200008907,2020-05-05,15:40:00,1,Collision with vehicle,2,Tuesday,110,CROSS TRAFFIC(INTERSECTIONS ONLY),1,17606,Cross intersection,3,80,Arterial Other,BOWSER,WANGARATTA,-36.326122,146.35103,2020,5,May,15,Afternoon Peak,Weekday
T20200008909,2020-05-05,13:59:00,1,Collision with vehicle,2,Tuesday,121,RIGHT THROUGH,1,335706,Cross intersection,2,70,Arterial Other,HALLAM,CASEY,-38.02847,145.26877,2020,5,May,13,Midday,Weekday
T20200008910,2020-05-05,14:15:00,1,Collision with vehicle,2,Tuesday,130,REAR END(VEHICLES IN SAME LANE),1,46583,T intersection,3,60,Arterial Highway,NEPEAN,KINGSTON,-38.01335,145.09108,2020,5,May,14,Midday,Weekday
T20200008913,2020-05-05,14:50:00,2,Struck Pedestrian,2,Tuesday,100,PED NEAR SIDE. PED HIT BY VEHICLE FROM THE RIGHT.,1,654762,Not at intersection,3,50,Arterial Highway,WARBURTON,YARRA RANGES,-37.753616,145.68938,2020,5,May,14,Midday,Weekday
T20200009136,2020-05-05,07:00:00,1,Collision with vehicle,2,Tuesday,147,VEHICLE STRIKES ANOTHER VEH WHILE EMERGING FROM DRIVEWAY,1,668322,Not at intersection,3,60,Local Road,BOX FOREST,MORELAND,-37.704483,144.9601,2020,5,May,7,Morning Peak,Weekday
T20200008898,2020-05-05,09:55:00,1,Collision with vehicle,2,Tuesday,150,HEAD ON(OVERTAKING),1,652553,Not at intersection,3,100,Arterial Highway,MAROONA-GLENTHOMPSON,ARARAT,-37.521503,142.76082,2020,5,May,9,Morning Peak,Weekday
T20200009160,2020-05-06,17:20:00,1,Collision with vehicle,3,Wednesday,120,HEAD ON (NOT OVERTAKING),5,773263,T intersection,2,60,Arterial Other,MCLOUGHLINS BEACH,WELLINGTON,-38.60281,146.88596,2020,5,May,17,Afternoon Peak,Weekday
T20200008934,2020-05-06,08:00:00,1,Collision with vehicle,3,Wednesday,121,RIGHT THROUGH,1,39043,Cross intersection,3,60,Arterial Other,BURKE,BOROONDARA,-37.81615,145.05959,2020,5,May,8,Morning Peak,Weekday
T20200012631,2020-05-06,10:30:00,6,Vehicle overturned (no collision),3,Wednesday,180,OFF CARRIAGEWAY ON RIGHT BEND,1,656934,T intersection,3,80,Local Road,HAYWOOD,MOORABOOL,-37.69185,144.02754,2020,5,May,10,Midday,Weekday
T20200011166,2020-05-06,13:21:00,1,Collision with vehicle,3,Wednesday,152,PULLING OUT (OVERTAKING),1,655048,Cross intersection,2,80,Arterial Other,STUD,KNOX,-37.86493,145.23741,2020,5,May,13,Midday,Weekday
T20200010306,2020-05-06,18:00:00,1,Collision with vehicle,3,Wednesday,131,LEFT REAR,2,666949,Not at intersection,3,70,Freeway,EASTERN IN-HODDLE,YARRA,-37.79591,144.99396,2020,5,May,18,Afternoon Peak,Weekday
T20200008938,2020-05-06,10:37:00,4,Collision with a fixed object,3,Wednesday,171,LEFT OFF CARRIAGEWAY INTO OBJECT/PARKED VEHICLE,1,652220,Not at intersection,3,60,Local Road,HAMMOND,DANDENONG,-38.007248,145.20705,2020,5,May,10,Midday,Weekday
T20200008940,2020-05-06,10:15:00,1,Collision with vehicle,3,Wednesday,169,OTHER ON PATH,1,654359,Not at intersection,2,50,Local Road,ALKIRA,MAROONDAH,-37.830635,145.2618,2020,5,May,10,Midday,Weekday
T20200009227,2020-05-06,15:15:00,1,Collision with vehicle,3,Wednesday,160,VEHICLE COLLIDES WITH VEHICLE PARKED ON LEFT OF ROAD,1,652858,Not at intersection,2,50,Local Road,WINGATE,GLEN EIRA,-37.93636,145.06866,2020,5,May,15,Afternoon Peak,Weekday
T20200013288,2020-05-06,18:00:00,8,No collision and no object struck,3,Wednesday,174,OUT OF CONTROL ON CARRIAGEWAY (ON STRAIGHT),2,71396,Cross intersection,3,60,Local Road,SPARKS,GEELONG,-38.090855,144.35158,2020,5,May,18,Afternoon Peak,Weekday
T20200009035,2020-05-06,17:50:00,1,Collision with vehicle,3,Wednesday,130,REAR END(VEHICLES IN SAME LANE),2,337673,T intersection,3,60,Arterial Highway,SURFCOAST,GEELONG,-38.225792,144.33678,2020,5,May,17,Afternoon Peak,Weekday
T20200008969,2020-05-06,17:10:00,1,Collision with vehicle,3,Wednesday,110,CROSS TRAFFIC(INTERSECTIONS ONLY),1,16871,Cross intersection,2,100,Arterial Highway,HENTY,GLENELG,-37.956726,141.74576,2020,5,May,17,Afternoon Peak,Weekday
T20200008965,2020-05-06,16:00:00,1,Collision with vehicle,3,Wednesday,171,LEFT OFF CARRIAGEWAY INTO OBJECT/PARKED VEHICLE,1,656190,Not at intersection,3,60,Local Road,ABBOTT,CASEY,-38.00762,145.25647,2020,5,May,16,Afternoon Peak,Weekday
T20200008958,2020-05-06,12:08:00,1,Collision with vehicle,3,Wednesday,163,VEHICLE STRIKES DOOR OF PARKED/STATIONARY VEHICLE,1,80974,Not at intersection,3,40,Local Road,CHAPEL,STONNINGTON,-37.84245,144.99503,2020,5,May,12,Midday,Weekday
T20200010182,2020-05-06,10:10:00,1,Collision with vehicle,3,Wednesday,113,RIGHT NEAR (INTERSECTIONS ONLY),1,657589,Cross intersection,3,50,Local Road,SOUTH,MILDURA,-34.31208,142.18738,2020,5,May,10,Midday,Weekday
T20200008930,2020-05-06,05:50:00,4,Collision with a fixed object,3,Wednesday,181,OFF RIGHT BEND INTO OBJECT/PARKED VEHICLE,5,668321,Not at intersection,3,80,Arterial Other,KANGAROO GROUND-WARRANDYTE,NILLUMBIK,-37.701115,145.22546,2020,5,May,5,Morning Peak,Weekday
T20200008951,2020-05-06,14:45:00,1,Collision with vehicle,3,Wednesday,154,PULLING OUT -REAR END,1,652173,Not at intersection,3,50,Local Road,WHITEHAVEN,DANDENONG,-37.942207,145.19627,2020,5,May,14,Midday,Weekday
T20200008950,2020-05-06,13:00:00,2,Struck Pedestrian,3,Wednesday,107,PED ON FOOTHPATH STRUCK BY VEHENTERING/LEAVING DRIVEWAY.,1,656750,Not at intersection,3,50,Local Road,MCLENNAN,COLAC OTWAY,-38.756348,143.66284,2020,5,May,13,Midday,Weekday
T20200008949,2020-05-06,10:40:00,1,Collision with vehicle,3,Wednesday,120,HEAD ON (NOT OVERTAKING),1,652094,Not at intersection,3,40,Local Road,JUKES,MORELAND,-37.70187,144.96725,2020,5,May,10,Midday,Weekday
T20200008946,2020-05-06,09:10:00,1,Collision with vehicle,3,Wednesday,113,RIGHT NEAR (INTERSECTIONS ONLY),1,44411,Multiple intersection,2,60,Local Road,CHEDDAR,DAREBIN,-37.70394,145.01672,2020,5,May,9,Morning Peak,Weekday
T20200008945,2020-05-06,12:28:00,6,Vehicle overturned (no collision),3,Wednesday,174,OUT OF CONTROL ON CARRIAGEWAY (ON STRAIGHT),1,651923,Not at intersection,2,100,Local Road,LOVELY BANKS,GEELONG,-38.06779,144.30489,2020,5,May,12,Midday,Weekday
T20200008943,2020-05-06,07:45:00,2,Struck Pedestrian,3,Wednesday,102,FAR SIDE. PED HIT BY VEHICLE FROM THE LEFT,1,514,Cross intersection,3,60,Arterial Highway,MAROONDAH,MAROONDAH,-37.814587,145.23103,2020,5,May,7,Morning Peak,Weekday
T20200008929,2020-05-06,05:28:00,4,Collision with a fixed object,3,Wednesday,173,RIGHT OFF CARRIAGEWAY INTO OBJECT/PARKED VEHICLE,3,674436,Not at intersection,2,50,Local Road,CARRAMAR,KNOX,-37.85438,145.25212,2020,5,May,5,Morning Peak,Weekday
T20200008939,2020-05-06,09:25:00,4,Collision with a fixed object,3,Wednesday,171,LEFT OFF CARRIAGEWAY INTO OBJECT/PARKED VEHICLE,1,42564,T intersection,2,60,Local Road,ALLISTER,DANDENONG,-37.95719,145.16995,2020,5,May,9,Morning Peak,Weekday
T20200008935,2020-05-06,06:40:00,1,Collision with vehicle,3,Wednesday,130,REAR END(VEHICLES IN SAME LANE),2,131319,Not at intersection,3,100,Freeway,WEST GATE,MARIBYRNONG,-37.824574,144.87512,2020,5,May,6,Morning Peak,Weekday
T20200009017,2020-05-07,18:22:00,1,Collision with vehicle,4,Thursday,130,REAR END(VEHICLES IN SAME LANE),5,652016,Not at intersection,2,80,Arterial Other,HEATHERTON,CASEY,-37.97994,145.29814,2020,5,May,18,Afternoon Peak,Weekday
T20200009012,2020-05-07,15:25:00,4,Collision with a fixed object,4,Thursday,171,LEFT OFF CARRIAGEWAY INTO OBJECT/PARKED VEHICLE,1,653604,Not at intersection,3,50,Local Road,LAUREL,DAREBIN,-37.734894,145.02869,2020,5,May,15,Afternoon Peak,Weekday
T20200009011,2020-05-07,18:30:00,1,Collision with vehicle,4,Thursday,121,RIGHT THROUGH,3,309683,Cross intersection,3,60,Arterial Other,OSHEA,CASEY,-38.05993,145.33846,2020,5,May,18,Afternoon Peak,Weekday
T20200008979,2020-05-07,07:20:00,1,Collision with vehicle,4,Thursday,130,REAR END(VEHICLES IN SAME LANE),2,652805,Cross intersection,2,80,Arterial Highway,WELLINGTON,MONASH,-37.919197,145.16272,2020,5,May,7,Morning Peak,Weekday
T20200009025,2020-05-07,17:20:00,1,Collision with vehicle,4,Thursday,121,RIGHT THROUGH,2,240715,T intersection,2,80,Arterial Other,PRINCES,CARDINIA,-38.071285,145.4778,2020,5,May,17,Afternoon Peak,Weekday
T20200008993,2020-05-07,12:23:00,1,Collision with vehicle,4,Thursday,130,REAR END(VEHICLES IN SAME LANE),1,652015,Not at intersection,2,60,Local Road,MORANG,WHITTLESEA,-37.658066,145.05663,2020,5,May,12,Midday,Weekday
T20200008990,2020-05-07,12:35:00,1,Collision with vehicle,4,Thursday,113,RIGHT NEAR (INTERSECTIONS ONLY),1,24378,Cross intersection,3,80,Arterial Other,PRINCES,CARDINIA,-38.061935,145.45528,2020,5,May,12,Midday,Weekday
T20200009317,2020-05-07,13:20:00,1,Collision with vehicle,4,Thursday,132,RIGHT REAR.,1,294757,Not at intersection,3,60,Arterial Highway,WARRIGAL,MONASH,-37.9042,145.08607,2020,5,May,13,Midday,Weekday
T20200008974,2020-05-07,06:00:00,1,Collision with vehicle,4,Thursday,130,REAR END(VEHICLES IN SAME LANE),2,29372,Cross intersection,3,60,Arterial Highway,RACECOURSE,MELBOURNE,-37.789406,144.94217,2020,5,May,6,Morning Peak,Weekday
T20200008972,2020-05-07,03:36:00,4,Collision with a fixed object,4,Thursday,171,LEFT OFF CARRIAGEWAY INTO OBJECT/PARKED VEHICLE,3,59780,T intersection,2,60,Arterial Other,CONDON,BENDIGO,-36.771698,144.30075,2020,5,May,3,Late Night,Weekday
T20200010782,2020-05-07,15:00:00,1,Collision with vehicle,4,Thursday,163,VEHICLE STRIKES DOOR OF PARKED/STATIONARY VEHICLE,1,654470,Not at intersection,2,40,Local Road,MOORABOOL,GEELONG,-38.145958,144.36136,2020,5,May,15,Afternoon Peak,Weekday
T20200009018,2020-05-07,21:10:00,2,Struck Pedestrian,4,Thursday,109,ANY MANOEUVRE INVOLVING PED NOT INCLUDED IN DCAs 100-108.,3,654941,Not at intersection,2,60,Arterial Highway,GRAHAM,BASS COAST,-38.60548,145.59683,2020,5,May,21,Night,Weekday
T20200008987,2020-05-07,13:02:00,1,Collision with vehicle,4,Thursday,122,LEFT THROUGH,1,38951,T intersection,2,60,Arterial Other,GLENFERRIE,BOROONDARA,-37.807716,145.03815,2020,5,May,13,Midday,Weekday
T20200008980,2020-05-07,07:11:00,1,Collision with vehicle,4,Thursday,120,HEAD ON (NOT OVERTAKING),1,654117,Not at intersection,2,100,Local Road,IRONBARK,MOORABOOL,-37.686142,144.36435,2020,5,May,7,Morning Peak,Weekday
T20200008988,2020-05-07,11:59:00,1,Collision with vehicle,4,Thursday,110,CROSS TRAFFIC(INTERSECTIONS ONLY),1,714,Cross intersection,2,60,Arterial Other,WAVERLEY,MONASH,-37.884705,145.12735,2020,5,May,11,Midday,Weekday
T20200009055,2020-05-08,11:30:00,4,Collision with a fixed object,5,Friday,173,RIGHT OFF CARRIAGEWAY INTO OBJECT/PARKED VEHICLE,1,656600,Not at intersection,2,60,Arterial Other,CROYDON,MANNINGHAM,-37.765957,145.23924,2020,5,May,11,Midday,Weekday
T20200009026,2020-05-08,08:20:00,1,Collision with vehicle,5,Friday,133,LANE SIDE SWIPE (VEHICLES IN PARALLEL LANES),1,652554,Not at intersection,2,60,Arterial Other,JACKA,PORT PHILLIP,-37.86398,144.97212,2020,5,May,8,Morning Peak,Weekday
T20200009073,2020-05-08,14:30:00,2,Struck Pedestrian,5,Friday,102,FAR SIDE. PED HIT BY VEHICLE FROM THE LEFT,1,652642,Not at intersection,2,80,Arterial Highway,NEPEAN,BAYSIDE,-37.93407,145.03546,2020,5,May,14,Midday,Weekday
T20200009269,2020-05-08,12:00:00,1,Collision with vehicle,5,Friday,130,REAR END(VEHICLES IN SAME LANE),1,657072,Not at intersection,3,50,Local Road,FREEMAN,YARRA,-37.789593,144.97879,2020,5,May,12,Midday,Weekday
T20200009991,2020-05-08,17:45:00,1,Collision with vehicle,5,Friday,121,RIGHT THROUGH,3,657671,Cross intersection,2,60,Arterial Highway,CHELTENHAM,DANDENONG,-37.9899,145.2047,2020,5,May,17,Afternoon Peak,Weekday
T20200009094,2020-05-08,17:20:00,1,Collision with vehicle,5,Friday,130,REAR END(VEHICLES IN SAME LANE),2,656334,Not at intersection,2,100,Arterial Highway,DANDENONG-HASTINGS,CASEY,-38.160065,145.22343,2020,5,May,17,Afternoon Peak,Weekday
T20200011818,2020-05-08,09:00:00,1,Collision with vehicle,5,Friday,110,CROSS TRAFFIC(INTERSECTIONS ONLY),1,67911,Cross intersection,3,50,Local Road,ALAMEIN,BOROONDARA,-37.868507,145.08221,2020,5,May,9,Morning Peak,Weekday
T20200009068,2020-05-08,16:20:00,1,Collision with vehicle,5,Friday,130,REAR END(VEHICLES IN SAME LANE),1,38235,Cross intersection,3,60,Arterial Highway,ROSANNA,BANYULE,-37.754642,145.06998,2020,5,May,16,Afternoon Peak,Weekday
T20200009070,2020-05-08,18:15:00,1,Collision with vehicle,5,Friday,110,CROSS TRAFFIC(INTERSECTIONS ONLY),3,36788,Cross intersection,3,60,Local Road,FENNELL,PORT PHILLIP,-37.827446,144.93938,2020,5,May,18,Afternoon Peak,Weekday
T20200009885,2020-05-08,20:36:00,1,Collision with vehicle,5,Friday,110,CROSS TRAFFIC(INTERSECTIONS ONLY),3,29853,Cross intersection,3,40,Local Road,FOUNDRY,BRIMBANK,-37.779217,144.82954,2020,5,May,20,Night,Weekday
T20200009022,2020-05-08,02:20:00,3,Struck animal,5,Friday,167,STRUCK ANIMAL,5,652174,Not at intersection,2,100,Freeway,MORNINGTON PENINSULA,MORNINGTON PENINSULA,-38.324802,144.99979,2020,5,May,2,Late Night,Weekday
T20200009072,2020-05-08,18:00:00,1,Collision with vehicle,5,Friday,130,REAR END(VEHICLES IN SAME LANE),1,658619,Not at intersection,3,40,Arterial Other,HALLAM,CASEY,-38.045055,145.26552,2020,5,May,18,Afternoon Peak,Weekday
T20200011678,2020-05-08,15:00:00,1,Collision with vehicle,5,Friday,130,REAR END(VEHICLES IN SAME LANE),9,655450,Unknown,3,80,Arterial Highway,SPRINGVALE,WHITEHORSE,-37.84057,145.17151,2020,5,May,15,Afternoon Peak,Weekday
T20200010263,2020-05-08,19:30:00,1,Collision with vehicle,5,Friday,140,U TURN,9,45513,Cross intersection,3,60,Arterial Other,MELVILLE,MORELAND,-37.762108,144.94426,2020,5,May,19,Night,Weekday
T20200009143,2020-05-08,14:20:00,1,Collision with vehicle,5,Friday,147,VEHICLE STRIKES ANOTHER VEH WHILE EMERGING FROM DRIVEWAY,1,253252,T intersection,3,60,Arterial Other,WILLIAMS,STONNINGTON,-37.843006,145.00423,2020,5,May,14,Midday,Weekday
T20200009053,2020-05-08,08:03:00,1,Collision with vehicle,5,Friday,137,LEFT TURN SIDESWIPE,1,150,T intersection,3,50,Local Road,SINGLETON,YARRA,-37.803707,144.98657,2020,5,May,8,Morning Peak,Weekday
T20200009056,2020-05-08,14:11:00,1,Collision with vehicle,5,Friday,160,VEHICLE COLLIDES WITH VEHICLE PARKED ON LEFT OF ROAD,1,659709,Not at intersection,3,50,Local Road,MODAL,HOBSONS BAY,-37.85253,144.79549,2020,5,May,14,Midday,Weekday
T20200009393,2020-05-08,14:45:00,1,Collision with vehicle,5,Friday,115,RIGHT/LEFT FAR (INTERSECTIONS ONLY),1,658703,T intersection,3,50,Local Road,AVOCA,CASEY,-38.02558,145.26364,2020,5,May,14,Midday,Weekday
T20200011328,2020-05-08,23:38:00,5,collision with some other object,5,Friday,166,STRUCK OBJECT ON CARRIAGEWAY,5,664809,Not at intersection,3,100,Local Road,YANKEE FLAT,MOORABOOL,-37.596813,143.91368,2020,5,May,23,Night,Weekday
T20200009067,2020-05-08,17:10:00,1,Collision with vehicle,5,Friday,121,RIGHT THROUGH,2,36258,Cross intersection,3,40,Local Road,BOUVERIE,MELBOURNE,-37.804394,144.96178,2020,5,May,17,Afternoon Peak,Weekday
T20200009040,2020-05-08,06:30:00,1,Collision with vehicle,5,Friday,110,CROSS TRAFFIC(INTERSECTIONS ONLY),2,57542,Cross intersection,3,80,Arterial Highway,NEPEAN,GLEN EIRA,-37.88616,144.9992,2020,5,May,6,Morning Peak,Weekday
T20200009039,2020-05-08,11:40:00,2,Struck Pedestrian,5,Friday,107,PED ON FOOTHPATH STRUCK BY VEHENTERING/LEAVING DRIVEWAY.,1,654942,Not at intersection,3,50,Local Road,MURRAY,MORNINGTON PENINSULA,-38.34724,145.18892,2020,5,May,11,Midday,Weekday
T20210003349,2020-05-08,18:30:00,1,Collision with vehicle,5,Friday,130,REAR END(VEHICLES IN SAME LANE),3,351468,Cross intersection,3,60,Arterial Other,BORONIA,KNOX,-37.847927,145.22896,2020,5,May,18,Afternoon Peak,Weekday
T20200009032,2020-05-08,09:39:00,1,Collision with vehicle,5,Friday,110,CROSS TRAFFIC(INTERSECTIONS ONLY),1,52913,Cross intersection,2,50,Local Road,RIPON,BALLARAT,-37.566418,143.84024,2020,5,May,9,Morning Peak,Weekday
T20200009031,2020-05-08,09:30:00,2,Struck Pedestrian,5,Friday,108,PED STRUCK WALKING TO/FROM OR BOARDING/ALIGHTING VEHICLE.,1,652903,Not at intersection,3,60,Arterial Other,BURKE,BOROONDARA,-37.811733,145.06042,2020,5,May,9,Morning Peak,Weekday
T20200009052,2020-05-08,10:15:00,1,Collision with vehicle,5,Friday,113,RIGHT NEAR (INTERSECTIONS ONLY),1,588669,T intersection,3,60,Arterial Other,SHARPS,BRIMBANK,-37.707245,144.8859,2020,5,May,10,Midday,Weekday
T20200009314,2020-05-09,20:50:00,1,Collision with vehicle,6,Saturday,110,CROSS TRAFFIC(INTERSECTIONS ONLY),3,29377,Cross intersection,3,50,Arterial Other,KING,MELBOURNE,-37.805504,144.94865,2020,5,May,20,Night,Weekend
T20200009088,2020-05-09,00:15:00,4,Collision with a fixed object,6,Saturday,173,RIGHT OFF CARRIAGEWAY INTO OBJECT/PARKED VEHICLE,3,729485,Not at intersection,2,60,Local Road,KIALLA LAKES,SHEPPARTON,-36.4177,145.40591,2020,5,May,0,Late Night,Weekend
T20200009132,2020-05-09,14:21:00,4,Collision with a fixed object,6,Saturday,173,RIGHT OFF CARRIAGEWAY INTO OBJECT/PARKED VEHICLE,1,655057,Not at intersection,2,60,Arterial Other,MARKET,BRIMBANK,-37.807404,144.83777,2020,5,May,14,Midday,Weekend
T20200009131,2020-05-09,17:00:00,1,Collision with vehicle,6,Saturday,136,RIGHT TURN SIDESWIPE,1,35307,Cross intersection,3,60,Local Road,HOWARD,MELBOURNE,-37.805626,144.95369,2020,5,May,17,Afternoon Peak,Weekend
T20200009096,2020-05-09,08:20:00,1,Collision with vehicle,6,Saturday,135,LANE CHANGE LEFT (NOT OVERTAKING),1,36043,Cross intersection,3,50,Local Road,PIGDON,YARRA,-37.782143,144.9731,2020,5,May,8,Morning Peak,Weekend
T20200009118,2020-05-09,15:29:00,4,Collision with a fixed object,6,Saturday,171,LEFT OFF CARRIAGEWAY INTO OBJECT/PARKED VEHICLE,1,127998,Not at intersection,2,70,Arterial Highway,PLENTY,DAREBIN,-37.71607,145.04338,2020,5,May,15,Afternoon Peak,Weekend
T20200009666,2020-05-09,07:00:00,4,Collision with a fixed object,6,Saturday,171,LEFT OFF CARRIAGEWAY INTO OBJECT/PARKED VEHICLE,1,731145,Not at intersection,2,50,Local Road,ROSLYN,GEELONG,-38.173702,144.32837,2020,5,May,7,Morning Peak,Weekend
T20200009105,2020-05-09,11:59:00,4,Collision with a fixed object,6,Saturday,183,OFF LEFT BEND INTO OBJECT/PARKED VEHICLE,1,654502,Not at intersection,3,100,Freeway,PRINCES IN-HIGH,HOBSONS BAY,-37.866436,144.77365,2020,5,May,11,Midday,Weekend
T20200009116,2020-05-09,16:30:00,1,Collision with vehicle,6,Saturday,121,RIGHT THROUGH,2,49274,Cross intersection,2,60,Arterial Other,HOWITT STREET -LEARMONTH,BALLARAT,-37.53891,143.8223,2020,5,May,16,Afternoon Peak,Weekend
T20200009127,2020-05-09,18:28:00,4,Collision with a fixed object,6,Saturday,171,LEFT OFF CARRIAGEWAY INTO OBJECT/PARKED VEHICLE,5,652279,Not at intersection,2,100,Local Road,BROADFORD-WANDONG,MITCHELL,-37.27609,145.05127,2020,5,May,18,Afternoon Peak,Weekend
T20200009114,2020-05-09,15:49:00,1,Collision with vehicle,6,Saturday,130,REAR END(VEHICLES IN SAME LANE),1,652278,Not at intersection,3,70,Arterial Other,YAN YEAN,NILLUMBIK,-37.636585,145.13278,2020,5,May,15,Afternoon Peak,Weekend
T20200009126,2020-05-09,18:50:00,1,Collision with vehicle,6,Saturday,121,RIGHT THROUGH,3,50992,Multiple intersection,2,60,Arterial Highway,NUMURKAH ROAD -WYNDHAM,SHEPPARTON,-36.366673,145.40224,2020,5,May,18,Afternoon Peak,Weekend
T20200009129,2020-05-09,20:05:00,3,Struck animal,6,Saturday,167,STRUCK ANIMAL,5,659205,Not at intersection,2,100,Local Road,MACORNA,GANNAWARRA,-35.916225,143.95937,2020,5,May,20,Night,Weekend
T20200014499,2020-05-09,08:30:00,8,No collision and no object struck,6,Saturday,174,OUT OF CONTROL ON CARRIAGEWAY (ON STRAIGHT),1,48069,Cross intersection,3,40,Local Road,MILTON,PORT PHILLIP,-37.874615,144.98773,2020,5,May,8,Morning Peak,Weekend
T20200011869,2020-05-09,08:00:00,3,Struck animal,6,Saturday,167,STRUCK ANIMAL,1,656264,Not at intersection,3,80,Arterial Other,ROBINVALE-SEA LAKE,SWAN HILL,-35.023186,142.87048,2020,5,May,8,Morning Peak,Weekend
T20200009128,2020-05-09,19:20:00,1,Collision with vehicle,6,Saturday,110,CROSS TRAFFIC(INTERSECTIONS ONLY),3,652179,Cross intersection,3,60,Local Road,SIXTEENTH,MILDURA,-34.215508,142.12611,2020,5,May,19,Night,Weekend
T20200009110,2020-05-09,14:06:00,1,Collision with vehicle,6,Saturday,110,CROSS TRAFFIC(INTERSECTIONS ONLY),1,799,Cross intersection,2,60,Local Road,CORRIGAN,DANDENONG,-37.961704,145.1691,2020,5,May,14,Midday,Weekend
T20200009162,2020-05-09,17:30:00,1,Collision with vehicle,6,Saturday,120,HEAD ON (NOT OVERTAKING),2,38840,Cross intersection,2,70,Arterial Other,YAN YEAN,NILLUMBIK,-37.65884,145.12534,2020,5,May,17,Afternoon Peak,Weekend
T20200009134,2020-05-09,17:49:00,1,Collision with vehicle,6,Saturday,130,REAR END(VEHICLES IN SAME LANE),3,338545,T intersection,2,60,Non Arterial,SNEYDES,WYNDHAM,-37.89751,144.70045,2020,5,May,17,Afternoon Peak,Weekend
T20200011377,2020-05-09,15:25:00,1,Collision with vehicle,6,Saturday,137,LEFT TURN SIDESWIPE,1,53302,Cross intersection,3,70,Arterial Highway,NORTH,MONASH,-37.91429,145.12431,2020,5,May,15,Afternoon Peak,Weekend
T20200009466,2020-05-09,13:20:00,1,Collision with vehicle,6,Saturday,130,REAR END(VEHICLES IN SAME LANE),1,652727,Not at intersection,3,70,Arterial Highway,MAROONDAH,MAROONDAH,-37.78526,145.27847,2020,5,May,13,Midday,Weekend
T20200009107,2020-05-09,14:30:00,1,Collision with vehicle,6,Saturday,146,REVERSING INTO FIXED OBJECT/PARKED VEHICLE,1,654943,Not at intersection,2,40,Local Road,STEVEN,MILDURA,-34.17424,142.15146,2020,5,May,14,Midday,Weekend
T20200009121,2020-05-09,17:00:00,1,Collision with vehicle,6,Saturday,162,ACCIDENT OR BROKEN DOWN,1,652284,Not at intersection,2,80,Arterial Highway,FIFTEENTH,MILDURA,-34.22825,142.16211,2020,5,May,17,Afternoon Peak,Weekend
T20200009145,2020-05-09,14:51:00,4,Collision with a fixed object,6,Saturday,171,LEFT OFF CARRIAGEWAY INTO OBJECT/PARKED VEHICLE,1,729266,Not at intersection,3,80,Arterial Other,HYLAND,WELLINGTON,-38.41634,146.74734,2020,5,May,14,Midday,Weekend
T20200009310,2020-05-10,18:45:00,2,Struck Pedestrian,7,Sunday,104,PED WALKING WITH TRAFFIC,6,653008,Not at intersection,3,50,Local Road,RYANS,NILLUMBIK,-37.715137,145.13823,2020,5,May,18,Afternoon Peak,Weekend
T20200009151,2020-05-10,12:20:00,1,Collision with vehicle,7,Sunday,160,VEHICLE COLLIDES WITH VEHICLE PARKED ON LEFT OF ROAD,1,652181,Not at intersection,3,50,Local Road,MARCUS,MANNINGHAM,-37.770355,145.10406,2020,5,May,12,Midday,Weekend
T20200009152,2020-05-10,11:30:00,1,Collision with vehicle,7,Sunday,140,U TURN,1,652182,Not at intersection,3,60,Arterial Highway,BROOKE,GOLDEN PLAINS,-37.645905,143.68349,2020,5,May,11,Midday,Weekend
T20200009156,2020-05-10,11:50:00,1,Collision with vehicle,7,Sunday,110,CROSS TRAFFIC(INTERSECTIONS ONLY),1,50813,Cross intersection,2,100,Local Road,BLAMEY,MOIRA,-35.984333,145.53163,2020,5,May,11,Midday,Weekend
T20200009157,2020-05-10,13:54:00,1,Collision with vehicle,7,Sunday,120,HEAD ON (NOT OVERTAKING),1,652184,Not at intersection,3,80,Arterial Highway,SOUTH GIPPSLAND,DANDENONG,-38.002132,145.22617,2020,5,May,13,Midday,Weekend
T20200009159,2020-05-10,09:30:00,1,Collision with vehicle,7,Sunday,112,LEFT FAR (INTERSECTIONS ONLY),1,56191,T intersection,3,40,Arterial Other,VICTORIA,YARRA,-37.809868,144.99387,2020,5,May,9,Morning Peak,Weekend
T20200009906,2020-05-10,18:30:00,1,Collision with vehicle,7,Sunday,121,RIGHT THROUGH,9,39934,Cross intersection,3,60,Arterial Other,BLACKSHAWS,HOBSONS BAY,-37.831226,144.84825,2020,5,May,18,Afternoon Peak,Weekend
T20200009144,2020-05-10,08:45:00,8,No collision and no object struck,7,Sunday,180,OFF CARRIAGEWAY ON RIGHT BEND,1,652215,Not at intersection,2,80,Arterial Highway,MURRAY VALLEY,TOWONG,-36.218445,147.1823,2020,5,May,8,Morning Peak,Weekend
T20200009158,2020-05-10,08:20:00,4,Collision with a fixed object,7,Sunday,173,RIGHT OFF CARRIAGEWAY INTO OBJECT/PARKED VEHICLE,1,658315,Not at intersection,2,100,Local Road,SLATE QUARRY,GOLDEN PLAINS,-37.833427,144.10439,2020,5,May,8,Morning Peak,Weekend
T20200009166,2020-05-10,14:07:00,1,Collision with vehicle,7,Sunday,113,RIGHT NEAR (INTERSECTIONS ONLY),1,776846,T intersection,2,50,Local Road,HEATHER,CASEY,-38.11136,145.33293,2020,5,May,14,Midday,Weekend