ACCIDENT_NO,ACCIDENT_DATE,ACCIDENT_TIME,ACCIDENT_TYPE,ACCIDENT_TYPE_DESC,DAY_OF_WEEK,DAY_WEEK_DESC,DCA_CODE,DCA_DESC,LIGHT_CONDITION,NODE_ID,ROAD_GEOMETRY_DESC,SEVERITY,SPEED_ZONE,RMA,ROAD_NAME,LGA_NAME,LATITUDE,LONGITUDE,YEAR,MONTH,MONTH_NAME,HOUR,TIME_PERIOD,DAY_TYPE
T20200009142,2020-05-10,08:50:00,1,Collision with vehicle,7,Sunday,152,PULLING OUT (OVERTAKING),1,41689,Cross intersection,3,50,Local Road,ARNDT,MORELAND,-37.720837,144.93286,2020,5,May,8,Morning Peak,Weekend
T20200009189,2020-05-10,12:30:00,1,Collision with vehicle,7,Sunday,110,CROSS TRAFFIC(INTERSECTIONS ONLY),1,49887,Cross intersection,3,50,Local Road,AUTUMN,GEELONG,-38.14098,144.32979,2020,5,May,12,Midday,Weekend
T20200009168,2020-05-10,15:39:00,4,Collision with a fixed object,7,Sunday,181,OFF RIGHT BEND INTO OBJECT/PARKED VEHICLE,1,773264,Not at intersection,2,100,Arterial Other,TAGGERTY-THORNTON,MURRINDINDI,-37.315453,145.7191,2020,5,May,15,Afternoon Peak,Weekend
T20200010462,2020-05-10,16:15:00,1,Collision with vehicle,7,Sunday,110,CROSS TRAFFIC(INTERSECTIONS ONLY),2,349964,Cross intersection,2,80,Arterial Highway,DANDENONG,MONASH,-37.914455,145.12741,2020,5,May,16,Afternoon Peak,Weekend
T20200009171,2020-05-10,19:48:00,1,Collision with vehicle,7,Sunday,142,LEAVING PARKING,3,652315,Not at intersection,3,60,Arterial Other,MT ALEXANDER,MOONEE VALLEY,-37.76855,144.92534,2020,5,May,19,Night,Weekend
T20200009175,2020-05-10,18:28:00,2,Struck Pedestrian,7,Sunday,102,FAR SIDE. PED HIT BY VEHICLE FROM THE LEFT,3,655598,Not at intersection,2,60,Arterial Other,RALEIGH,MARIBYRNONG,-37.76945,144.89621,2020,5,May,18,Afternoon Peak,Weekend
T20200009173,2020-05-10,18:53:00,1,Collision with vehicle,7,Sunday,149,OTHER MANOEUVRING NOT INCLUDED IN DCAs 140-148,5,654552,Not at intersection,2,100,Arterial Other,BUNGAREE-WALLACE,MOORABOOL,-37.557693,143.98007,2020,5,May,18,Afternoon Peak,Weekend
T20200009150,2020-05-10,11:22:00,1,Collision with vehicle,7,Sunday,137,LEFT TURN SIDESWIPE,1,42763,T intersection,3,40,Arterial Other,BEACH,KINGSTON,-37.98902,145.06047,2020,5,May,11,Midday,Weekend
T20200009308,2020-05-11,11:00:00,1,Collision with vehicle,1,Monday,111,RIGHT FAR (INTERSECTIONS ONLY),1,604,Cross intersection,3,60,Arterial Other,FULLARTON ROAD -KEILOR,MOONEE VALLEY,-37.732944,144.8834,2020,5,May,11,Midday,Weekday
T20200009262,2020-05-11,17:45:00,1,Collision with vehicle,1,Monday,130,REAR END(VEHICLES IN SAME LANE),2,652477,Not at intersection,3,50,Local Road,JIKA,BANYULE,-37.757263,145.07086,2020,5,May,17,Afternoon Peak,Weekday
T20200009207,2020-05-11,15:19:00,1,Collision with vehicle,1,Monday,121,RIGHT THROUGH,1,10631,Cross intersection,3,80,Arterial Other,SYDNEY,HUME,-37.64759,144.95181,2020,5,May,15,Afternoon Peak,Weekday
T20200010680,2020-05-11,23:37:00,1,Collision with vehicle,1,Monday,130,REAR END(VEHICLES IN SAME LANE),3,657665,Not at intersection,3,40,Freeway,MONASH,CASEY,-37.999794,145.29007,2020,5,May,23,Night,Weekday
T20200009235,2020-05-11,08:45:00,1,Collision with vehicle,1,Monday,121,RIGHT THROUGH,1,42188,T intersection,3,60,Local Road,RESERVE,BAYSIDE,-37.958725,145.0383,2020,5,May,8,Morning Peak,Weekday
T20200009812,2020-05-11,17:20:00,1,Collision with vehicle,1,Monday,160,VEHICLE COLLIDES WITH VEHICLE PARKED ON LEFT OF ROAD,2,653209,Not at intersection,3,50,Local Road,RALPH,DAREBIN,-37.715034,145.00476,2020,5,May,17,Afternoon Peak,Weekday
T20200009216,2020-05-11,15:10:00,4,Collision with a fixed object,1,Monday,173,RIGHT OFF CARRIAGEWAY INTO OBJECT/PARKED VEHICLE,1,731149,Not at intersection,2,70,Arterial Highway,NORTH,BAYSIDE,-37.90022,145.00906,2020,5,May,15,Afternoon Peak,Weekday
T20200009214,2020-05-11,16:49:00,2,Struck Pedestrian,1,Monday,102,FAR SIDE. PED HIT BY VEHICLE FROM THE LEFT,2,309683,Cross intersection,2,70,Arterial Other,OSHEA,CASEY,-38.05993,145.33846,2020,5,May,16,Afternoon Peak,Weekday
T20200009203,2020-05-11,06:40:00,1,Collision with vehicle,1,Monday,113,RIGHT NEAR (INTERSECTIONS ONLY),2,56618,T intersection,1,60,Arterial Other,BUCKLEY,MARIBYRNONG,-37.803596,144.89442,2020,5,May,6,Morning Peak,Weekday
T20200009196,2020-05-11,09:30:00,4,Collision with a fixed object,1,Monday,171,LEFT OFF CARRIAGEWAY INTO OBJECT/PARKED VEHICLE,1,729720,Not at intersection,3,60,Freeway,HOLDEN-CALDER OUT,MELTON,-37.66205,144.74455,2020,5,May,9,Morning Peak,Weekday
T20200010731,2020-05-11,15:25:00,1,Collision with vehicle,1,Monday,147,VEHICLE STRIKES ANOTHER VEH WHILE EMERGING FROM DRIVEWAY,1,780689,Not at intersection,3,60,Local Road,CORRIGAN,DANDENONG,-37.96597,145.16824,2020,5,May,15,Afternoon Peak,Weekday
T20200009193,2020-05-11,10:35:00,1,Collision with vehicle,1,Monday,121,RIGHT THROUGH,1,654163,Not at intersection,2,80,Arterial Other,PASCOE VALE,HUME,-37.661777,144.92322,2020,5,May,10,Midday,Weekday
T20200009187,2020-05-11,06:40:00,1,Collision with vehicle,1,Monday,133,LANE SIDE SWIPE (VEHICLES IN PARALLEL LANES),1,663936,Not at intersection,3,100,Arterial Highway,NORTHERN,BENDIGO,-36.441647,144.64484,2020,5,May,6,Morning Peak,Weekday
T20200009411,2020-05-11,23:30:00,4,Collision with a fixed object,1,Monday,173,RIGHT OFF CARRIAGEWAY INTO OBJECT/PARKED VEHICLE,3,652856,T intersection,3,60,Arterial Highway,EAGLEHAWK,BENDIGO,-36.727146,144.25867,2020,5,May,23,Night,Weekday
T20200009182,2020-05-11,00:20:00,4,Collision with a fixed object,1,Monday,173,RIGHT OFF CARRIAGEWAY INTO OBJECT/PARKED VEHICLE,5,654384,Not at intersection,2,100,Arterial Highway,STURT,MILDURA,-34.215645,142.03366,2020,5,May,0,Late Night,Weekday
T20200009229,2020-05-11,15:11:00,1,Collision with vehicle,1,Monday,130,REAR END(VEHICLES IN SAME LANE),1,729491,Not at intersection,3,80,Arterial Other,GREENS,DANDENONG,-38.013092,145.2024,2020,5,May,15,Afternoon Peak,Weekday
T20200009210,2020-05-11,15:09:00,1,Collision with vehicle,1,Monday,110,CROSS TRAFFIC(INTERSECTIONS ONLY),1,657258,Cross intersection,2,80,Arterial Other,LLOYD STREET SERVICE,KNOX,-37.893562,145.25388,2020,5,May,15,Afternoon Peak,Weekday
T20200009586,2020-05-11,18:00:00,2,Struck Pedestrian,1,Monday,100,PED NEAR SIDE. PED HIT BY VEHICLE FROM THE RIGHT.,5,652846,Y intersection,3,50,Local Road,BARNET,MARIBYRNONG,-37.812447,144.89223,2020,5,May,18,Afternoon Peak,Weekday
T20200009224,2020-05-11,22:36:00,4,Collision with a fixed object,1,Monday,173,RIGHT OFF CARRIAGEWAY INTO OBJECT/PARKED VEHICLE,3,773265,Not at intersection,3,60,Local Road,BENETOOK,MILDURA,-34.19615,142.1792,2020,5,May,22,Night,Weekday
T20200009246,2020-05-11,08:00:00,1,Collision with vehicle,1,Monday,130,REAR END(VEHICLES IN SAME LANE),1,126877,Not at intersection,3,70,Local Road,MCCLELLAND,FRANKSTON,-38.148113,145.17415,2020,5,May,8,Morning Peak,Weekday
T20200009267,2020-05-12,16:38:00,1,Collision with vehicle,2,Tuesday,148,VEHICLE OFF FOOTPATH STRIKES VEH ON CARRIAGEWAY,1,67647,Multiple intersection,3,70,Arterial Highway,DANDENONG,STONNINGTON,-37.8607,145.01521,2020,5,May,16,Afternoon Peak,Weekday
T20200009234,2020-05-12,08:06:00,1,Collision with vehicle,2,Tuesday,112,LEFT FAR (INTERSECTIONS ONLY),1,43756,T intersection,2,50,Local Road,COBURNS,MELTON,-37.696922,144.56589,2020,5,May,8,Morning Peak,Weekday
T20200009268,2020-05-12,16:38:00,1,Collision with vehicle,2,Tuesday,130,REAR END(VEHICLES IN SAME LANE),2,663804,Not at intersection,2,100,Arterial Highway,NORTHERN,MITCHELL,-37.434967,144.97768,2020,5,May,16,Afternoon Peak,Weekday
T20200009272,2020-05-12,16:50:00,1,Collision with vehicle,2,Tuesday,139,OTHER SAME DIRECTION-MANOUEVRES NOT INCLUDED IN DCAs 130-137,2,652855,Not at intersection,2,70,Arterial Other,OLD PRINCES,CARDINIA,-38.054054,145.37964,2020,5,May,16,Afternoon Peak,Weekday
T20200009266,2020-05-12,13:11:00,4,Collision with a fixed object,2,Tuesday,171,LEFT OFF CARRIAGEWAY INTO OBJECT/PARKED VEHICLE,1,4676,Cross intersection,2,60,Local Road,CENTENARY,MELTON,-37.67306,144.57034,2020,5,May,13,Midday,Weekday
T20200009276,2020-05-12,15:15:00,6,Vehicle overturned (no collision),2,Tuesday,174,OUT OF CONTROL ON CARRIAGEWAY (ON STRAIGHT),1,652555,Not at intersection,3,40,Arterial Other,BRIDGE,YARRA,-37.817898,144.99307,2020,5,May,15,Afternoon Peak,Weekday
T20200009279,2020-05-12,16:10:00,1,Collision with vehicle,2,Tuesday,160,VEHICLE COLLIDES WITH VEHICLE PARKED ON LEFT OF ROAD,1,664321,Not at intersection,3,50,Local Road,HOMESTEAD,CASEY,-38.055023,145.33406,2020,5,May,16,Afternoon Peak,Weekday
T20200009249,2020-05-12,12:40:00,1,Collision with vehicle,2,Tuesday,133,LANE SIDE SWIPE (VEHICLES IN PARALLEL LANES),1,80489,Not at intersection,2,60,Arterial Other,ST KILDA,MELBOURNE,-37.83865,144.97643,2020,5,May,12,Midday,Weekday
T20200010065,2020-05-12,08:00:00,1,Collision with vehicle,2,Tuesday,136,RIGHT TURN SIDESWIPE,9,654364,Cross intersection,2,40,Local Road,WILLIAM,MELBOURNE,-37.81769,144.95914,2020,5,May,8,Morning Peak,Weekday
T20200009291,2020-05-12,13:40:00,1,Collision with vehicle,2,Tuesday,130,REAR END(VEHICLES IN SAME LANE),1,685165,Not at intersection,2,80,Arterial Other,THOMPSONS,CASEY,-38.08712,145.31502,2020,5,May,13,Midday,Weekday
T20200009564,2020-05-12,15:36:00,1,Collision with vehicle,2,Tuesday,130,REAR END(VEHICLES IN SAME LANE),1,663937,Not at intersection,2,70,Arterial Other,CRANBOURNE,FRANKSTON,-38.148716,145.14653,2020,5,May,15,Afternoon Peak,Weekday
T20200009226,2020-05-12,02:50:00,2,Struck Pedestrian,2,Tuesday,103,PED PLAYING/LYING/WORKING/STANDING ON CARRIAGEWAY.,3,656601,Not at intersection,3,50,Local Road,PICADILLY,MONASH,-37.913956,145.08687,2020,5,May,2,Late Night,Weekday
T20200009250,2020-05-12,12:15:00,2,Struck Pedestrian,2,Tuesday,102,FAR SIDE. PED HIT BY VEHICLE FROM THE LEFT,1,17629,Cross intersection,2,50,Arterial Highway,HIGH,SHEPPARTON,-36.38128,145.40077,2020,5,May,12,Midday,Weekday
T20200009253,2020-05-12,08:30:00,1,Collision with vehicle,2,Tuesday,113,RIGHT NEAR (INTERSECTIONS ONLY),1,46908,T intersection,2,80,Arterial Other,BALLARAT,BRIMBANK,-37.77733,144.83069,2020,5,May,8,Morning Peak,Weekday
T20200009254,2020-05-12,12:30:00,1,Collision with vehicle,2,Tuesday,110,CROSS TRAFFIC(INTERSECTIONS ONLY),1,652476,Cross intersection,3,50,Local Road,MARMA,GLEN EIRA,-37.899925,145.06938,2020,5,May,12,Midday,Weekday
T20200009258,2020-05-12,15:40:00,1,Collision with vehicle,2,Tuesday,130,REAR END(VEHICLES IN SAME LANE),1,653059,Not at intersection,2,70,Local Road,MCCLELLAND,GEELONG,-38.02589,144.4225,2020,5,May,15,Afternoon Peak,Weekday
T20200009241,2020-05-12,03:30:00,6,Vehicle overturned (no collision),2,Tuesday,170,OFF CARRIAGEWAY TO LEFT,5,665286,Not at intersection,1,100,Arterial Other,WEBB,CAMPASPE,-36.355366,144.94814,2020,5,May,3,Late Night,Weekday
T20200009243,2020-05-12,11:50:00,1,Collision with vehicle,2,Tuesday,110,CROSS TRAFFIC(INTERSECTIONS ONLY),1,310559,Cross intersection,3,40,Local Road,DUNSTAN,MONASH,-37.924828,145.11436,2020,5,May,11,Midday,Weekday
T20200009284,2020-05-12,20:19:00,1,Collision with vehicle,2,Tuesday,160,VEHICLE COLLIDES WITH VEHICLE PARKED ON LEFT OF ROAD,3,652386,Not at intersection,3,60,Arterial Other,ORRONG,STONNINGTON,-37.8432,145.01353,2020,5,May,20,Night,Weekday
T20200009296,2020-05-13,07:50:00,4,Collision with a fixed object,3,Wednesday,183,OFF LEFT BEND INTO OBJECT/PARKED VEHICLE,1,652599,Multiple intersection,2,80,Freeway,TULLAMARINE IN-WESTERN RING OUT,HUME,-37.702076,144.89148,2020,5,May,7,Morning Peak,Weekday
T20200009340,2020-05-13,16:38:00,1,Collision with vehicle,3,Wednesday,160,VEHICLE COLLIDES WITH VEHICLE PARKED ON LEFT OF ROAD,1,659256,Not at intersection,2,60,Arterial Highway,WHITEHORSE,WHITEHORSE,-37.817554,145.12106,2020,5,May,16,Afternoon Peak,Weekday
T20200009342,2020-05-13,17:00:00,1,Collision with vehicle,3,Wednesday,136,RIGHT TURN SIDESWIPE,1,654699,Not at intersection,3,100,Local Road,MANNES,BENDIGO,-36.819782,144.37503,2020,5,May,17,Afternoon Peak,Weekday
T20200009348,2020-05-13,14:33:00,1,Collision with vehicle,3,Wednesday,140,U TURN,1,729496,Not at intersection,3,60,Local Road,ASH,CARDINIA,-38.05907,145.48705,2020,5,May,14,Midday,Weekday
T20200009331,2020-05-13,16:45:00,1,Collision with vehicle,3,Wednesday,130,REAR END(VEHICLES IN SAME LANE),1,652480,Not at intersection,3,60,Local Road,GLEN HUNTLY,GLEN EIRA,-37.88812,145.03152,2020,5,May,16,Afternoon Peak,Weekday
T20200009351,2020-05-13,17:16:00,1,Collision with vehicle,3,Wednesday,121,RIGHT THROUGH,1,29852,T intersection,2,70,Freeway,JACKSONS-MONASH IN,MONASH,-37.936733,145.19269,2020,5,May,17,Afternoon Peak,Weekday
T20200009352,2020-05-13,18:00:00,1,Collision with vehicle,3,Wednesday,130,REAR END(VEHICLES IN SAME LANE),5,773513,Not at intersection,3,70,Arterial Other,MICKLEHAM,HUME,-37.624878,144.88339,2020,5,May,18,Afternoon Peak,Weekday
T20200009356,2020-05-13,23:14:00,4,Collision with a fixed object,3,Wednesday,151,OUT OF CONTROL (OVERTAKING),3,698824,Not at intersection,3,60,Arterial Other,MILLEARA,MOONEE VALLEY,-37.742283,144.86343,2020,5,May,23,Night,Weekday
T20200009377,2020-05-13,17:20:00,1,Collision with vehicle,3,Wednesday,130,REAR END(VEHICLES IN SAME LANE),1,773266,Not at intersection,3,70,Arterial Highway,SETTLEMENT,GEELONG,-38.182247,144.34341,2020,5,May,17,Afternoon Peak,Weekday
T20200009349,2020-05-13,06:00:00,1,Collision with vehicle,3,Wednesday,110,CROSS TRAFFIC(INTERSECTIONS ONLY),2,44402,Cross intersection,2,60,Arterial Other,MURRAY,DAREBIN,-37.738804,145.01154,2020,5,May,6,Morning Peak,Weekday
T20200009350,2020-05-13,22:00:00,1,Collision with vehicle,3,Wednesday,160,VEHICLE COLLIDES WITH VEHICLE PARKED ON LEFT OF ROAD,3,652854,Not at intersection,3,60,Arterial Other,MCCULLOCH,MORNINGTON PENINSULA,-38.337757,144.96078,2020,5,May,22,Night,Weekday
T20200011150,2020-05-13,15:20:00,1,Collision with vehicle,3,Wednesday,110,CROSS TRAFFIC(INTERSECTIONS ONLY),1,312626,Multiple intersection,2,100,Arterial Highway,BASS,BASS COAST,-38.433018,145.49669,2020,5,May,15,Afternoon Peak,Weekday
T20200009295,2020-05-13,09:15:00,1,Collision with vehicle,3,Wednesday,110,CROSS TRAFFIC(INTERSECTIONS ONLY),1,36155,Cross intersection,3,60,Arterial Other,MCINTYRE,BRIMBANK,-37.775223,144.82906,2020,5,May,9,Morning Peak,Weekday
T20200009330,2020-05-13,16:19:00,1,Collision with vehicle,3,Wednesday,119,OTHER ADJACENT (INTERSECTIONS ONLY),1,51143,T intersection,3,100,Arterial Highway,MIDLAND,SHEPPARTON,-36.41411,145.22263,2020,5,May,16,Afternoon Peak,Weekday
T20200009290,2020-05-13,06:20:00,4,Collision with a fixed object,3,Wednesday,171,LEFT OFF CARRIAGEWAY INTO OBJECT/PARKED VEHICLE,5,653555,Not at intersection,2,50,Local Road,DRILL,BOROONDARA,-37.822723,145.03038,2020,5,May,6,Morning Peak,Weekday
T20200009288,2020-05-13,04:17:00,4,Collision with a fixed object,3,Wednesday,171,LEFT OFF CARRIAGEWAY INTO OBJECT/PARKED VEHICLE,3,757,T intersection,3,60,Arterial Other,ESPLANADE,BAYSIDE,-37.924168,144.98747,2020,5,May,4,Late Night,Weekday
T20200009321,2020-05-13,11:15:00,1,Collision with vehicle,3,Wednesday,110,CROSS TRAFFIC(INTERSECTIONS ONLY),1,1040,Cross intersection,2,60,Local Road,FRANKLIN,MORNINGTON PENINSULA,-38.331436,144.71611,2020,5,May,11,Midday,Weekday
T20200009938,2020-05-13,16:15:00,1,Collision with vehicle,3,Wednesday,130,REAR END(VEHICLES IN SAME LANE),1,45906,T intersection,3,80,Arterial Other,PRINCES,WYNDHAM,-37.884495,144.70096,2020,5,May,16,Afternoon Peak,Weekday
T20200009312,2020-05-13,10:05:00,1,Collision with vehicle,3,Wednesday,116,LEFT NEAR (INTERSECTIONS ONLY),1,42742,T intersection,3,60,Arterial Other,BEACH,KINGSTON,-37.985905,145.05186,2020,5,May,10,Midday,Weekday
T20200009315,2020-05-13,08:10:00,4,Collision with a fixed object,3,Wednesday,173,RIGHT OFF CARRIAGEWAY INTO OBJECT/PARKED VEHICLE,1,655691,Cross intersection,2,100,Arterial Highway,PRINCES,COLAC OTWAY,-38.324883,143.62746,2020,5,May,8,Morning Peak,Weekday
T20200009311,2020-05-13,12:20:00,1,Collision with vehicle,3,Wednesday,173,RIGHT OFF CARRIAGEWAY INTO OBJECT/PARKED VEHICLE,1,659849,Not at intersection,3,50,Local Road,CUMMING,MORELAND,-37.760918,144.94385,2020,5,May,12,Midday,Weekday
T20200009335,2020-05-13,14:15:00,1,Collision with vehicle,3,Wednesday,121,RIGHT THROUGH,1,729495,Cross intersection,2,80,Arterial Other,DANDENONG-HASTINGS ROAD -THOMPSONS,DANDENONG,-38.077637,145.2392,2020,5,May,14,Midday,Weekday
T20200009316,2020-05-13,13:10:00,1,Collision with vehicle,3,Wednesday,133,LANE SIDE SWIPE (VEHICLES IN PARALLEL LANES),1,652851,T intersection,2,80,Arterial Other,HEALESVILLE-YARRA GLEN,YARRA RANGES,-37.658295,145.3942,2020,5,May,13,Midday,Weekday
T20200009367,2020-05-13,13:00:00,1,Collision with vehicle,3,Wednesday,124,RIGHT/RIGHT BOTH VEHs FROM OPPOSITE DIRECTIONS TURNING RIGHT,9,36815,Cross intersection,3,50,Arterial Other,SPENCER,MELBOURNE,-37.809277,144.94939,2020,5,May,13,Midday,Weekday
T20200009292,2020-05-13,06:30:00,4,Collision with a fixed object,3,Wednesday,173,RIGHT OFF CARRIAGEWAY INTO OBJECT/PARKED VEHICLE,3,652478,Not at intersection,3,70,Arterial Other,WESTERN,MELTON,-37.759083,144.74745,2020,5,May,6,Morning Peak,Weekday
T20200018381,2020-05-13,23:00:00,1,Collision with vehicle,3,Wednesday,130,REAR END(VEHICLES IN SAME LANE),6,729413,Not at intersection,3,50,Local Road,WIDFORD,MORELAND,-37.69941,144.9243,2020,5,May,23,Night,Weekday
T20200009396,2020-05-13,23:25:00,1,Collision with vehicle,3,Wednesday,135,LANE CHANGE LEFT (NOT OVERTAKING),3,773396,Not at intersection,3,60,Arterial Other,CRAIGIEBURN,WHITTLESEA,-37.605385,144.99826,2020,5,May,23,Night,Weekday
T20200009431,2020-05-13,17:30:00,1,Collision with vehicle,3,Wednesday,130,REAR END(VEHICLES IN SAME LANE),2,652650,Not at intersection,3,80,Arterial Highway,STUD,KNOX,-37.93234,145.23216,2020,5,May,17,Afternoon Peak,Weekday
T20200009299,2020-05-13,11:15:00,1,Collision with vehicle,3,Wednesday,143,ENTERING PARKING,1,653504,Not at intersection,3,50,Arterial Highway,THOMPSON,BASS COAST,-38.455433,145.23898,2020,5,May,11,Midday,Weekday
T20200011341,2020-05-14,19:30:00,1,Collision with vehicle,4,Thursday,111,RIGHT FAR (INTERSECTIONS ONLY),3,29691,T intersection,3,80,Arterial Highway,STUD,KNOX,-37.92957,145.23265,2020,5,May,19,Night,Weekday
T20200009406,2020-05-14,16:05:00,1,Collision with vehicle,4,Thursday,121,RIGHT THROUGH,1,42110,Cross intersection,3,60,Arterial Other,BLUFF,BAYSIDE,-37.946404,145.02219,2020,5,May,16,Afternoon Peak,Weekday
T20200009361,2020-05-14,07:40:00,1,Collision with vehicle,4,Thursday,136,RIGHT TURN SIDESWIPE,1,652645,T intersection,2,80,Local Road,HUNTER,YARRA RANGES,-37.80037,145.41864,2020,5,May,7,Morning Peak,Weekday
T20200009434,2020-05-14,19:24:00,4,Collision with a fixed object,4,Thursday,171,LEFT OFF CARRIAGEWAY INTO OBJECT/PARKED VEHICLE,3,668679,Not at intersection,3,60,Arterial Other,HUNTINGDALE,MONASH,-37.879208,145.10962,2020,5,May,19,Night,Weekday
T20200009384,2020-05-14,13:10:00,1,Collision with vehicle,4,Thursday,160,VEHICLE COLLIDES WITH VEHICLE PARKED ON LEFT OF ROAD,1,657447,Not at intersection,2,60,Local Road,CHARMAN,KINGSTON,-37.983116,145.0524,2020,5,May,13,Midday,Weekday
T20200009397,2020-05-14,18:01:00,4,Collision with a fixed object,4,Thursday,171,LEFT OFF CARRIAGEWAY INTO OBJECT/PARKED VEHICLE,5,653009,Not at intersection,2,80,Local Road,BACCHUS MARSH-BALLIANG,MOORABOOL,-37.705242,144.40494,2020,5,May,18,Afternoon Peak,Weekday
T20200009398,2020-05-14,18:00:00,2,Struck Pedestrian,4,Thursday,100,PED NEAR SIDE. PED HIT BY VEHICLE FROM THE RIGHT.,3,652647,Cross intersection,2,60,Local Road,ORRONG,GLEN EIRA,-37.870735,145.00859,2020,5,May,18,Afternoon Peak,Weekday
T20200009402,2020-05-14,16:55:00,1,Collision with vehicle,4,Thursday,130,REAR END(VEHICLES IN SAME LANE),1,666019,Not at intersection,2,70,Arterial Other,MICKLEHAM,HUME,-37.68224,144.8834,2020,5,May,16,Afternoon Peak,Weekday
T20200009482,2020-05-14,22:45:00,1,Collision with vehicle,4,Thursday,130,REAR END(VEHICLES IN SAME LANE),3,353343,Cross intersection,3,80,Arterial Highway,PRINCES,DANDENONG,-37.947594,145.17258,2020,5,May,22,Night,Weekday
T20200009380,2020-05-14,10:08:00,4,Collision with a fixed object,4,Thursday,171,LEFT OFF CARRIAGEWAY INTO OBJECT/PARKED VEHICLE,1,584263,Cross intersection,3,80,Arterial Other,ODESSA,BRIMBANK,-37.715363,144.8036,2020,5,May,10,Midday,Weekday
T20200009890,2020-05-14,16:30:00,1,Collision with vehicle,4,Thursday,136,RIGHT TURN SIDESWIPE,2,36111,Cross intersection,3,50,Local Road,ERROL,MELBOURNE,-37.80305,144.94963,2020,5,May,16,Afternoon Peak,Weekday
T20200009405,2020-05-14,18:00:00,4,Collision with a fixed object,4,Thursday,175,OFF END OF ROAD/T-INTERSECTION.,3,43531,T intersection,2,60,Arterial Other,CRANBOURNE,FRANKSTON,-38.15424,145.1623,2020,5,May,18,Afternoon Peak,Weekday
T20200013471,2020-05-14,02:00:00,4,Collision with a fixed object,4,Thursday,171,LEFT OFF CARRIAGEWAY INTO OBJECT/PARKED VEHICLE,5,658251,Not at intersection,2,80,Local Road,MT RIDLEY,HUME,-37.562992,144.88496,2020,5,May,2,Late Night,Weekday
T20200009776,2020-05-14,09:50:00,1,Collision with vehicle,4,Thursday,121,RIGHT THROUGH,1,38869,Cross intersection,3,60,Arterial Other,CHURCH,BOROONDARA,-37.813133,145.02351,2020,5,May,9,Morning Peak,Weekday
T20200009362,2020-05-14,06:46:00,1,Collision with vehicle,4,Thursday,160,VEHICLE COLLIDES WITH VEHICLE PARKED ON LEFT OF ROAD,1,652904,Not at intersection,2,50,Local Road,EFFICIENT,MELTON,-37.803368,144.7403,2020,5,May,6,Morning Peak,Weekday
T20200011026,2020-05-14,19:04:00,1,Collision with vehicle,4,Thursday,130,REAR END(VEHICLES IN SAME LANE),5,654854,Not at intersection,3,60,Freeway,PRINCES,WYNDHAM,-37.913765,144.67616,2020,5,May,19,Night,Weekday
T20200009919,2020-05-14,07:00:00,8,No collision and no object struck,4,Thursday,170,OFF CARRIAGEWAY TO LEFT,2,39292,Cross intersection,3,50,Local Road,NELSON,WHITEHORSE,-37.813137,145.12012,2020,5,May,7,Morning Peak,Weekday
T20200009409,2020-05-14,22:45:00,1,Collision with vehicle,4,Thursday,130,REAR END(VEHICLES IN SAME LANE),5,652560,Not at intersection,3,100,Arterial Other,MADEIRA PACKET,GLENELG,-38.380318,141.60892,2020,5,May,22,Night,Weekday
T20200009360,2020-05-14,07:10:00,1,Collision with vehicle,4,Thursday,113,RIGHT NEAR (INTERSECTIONS ONLY),1,37452,Cross intersection,2,60,Local Road,BRIDGE,PORT PHILLIP,-37.838978,144.94748,2020,5,May,7,Morning Peak,Weekday
T20200009381,2020-05-14,11:10:00,1,Collision with vehicle,4,Thursday,119,OTHER ADJACENT (INTERSECTIONS ONLY),1,52191,T intersection,3,60,Local Road,GRUBB,LATROBE,-38.190296,146.51534,2020,5,May,11,Midday,Weekday
T20200009376,2020-05-14,13:00:00,1,Collision with vehicle,4,Thursday,133,LANE SIDE SWIPE (VEHICLES IN PARALLEL LANES),1,664474,Not at intersection,3,100,Local Road,GILLIES,BALLARAT,-37.466522,143.83606,2020,5,May,13,Midday,Weekday
T20200009456,2020-05-14,15:50:00,1,Collision with vehicle,4,Thursday,130,REAR END(VEHICLES IN SAME LANE),1,652651,Not at intersection,3,70,Arterial Other,HIGH STREET,KNOX,-37.876915,145.21556,2020,5,May,15,Afternoon Peak,Weekday
T20200009387,2020-05-14,14:35:00,1,Collision with vehicle,4,Thursday,131,LEFT REAR,1,653213,Not at intersection,2,100,Arterial Highway,BASS,SOUTH GIPPSLAND,-38.497322,145.92247,2020,5,May,14,Midday,Weekday
T20200009386,2020-05-14,12:46:00,1,Collision with vehicle,4,Thursday,130,REAR END(VEHICLES IN SAME LANE),1,652598,Not at intersection,3,80,Arterial Other,FRANKSTON-FLINDERS,MORNINGTON PENINSULA,-38.40698,145.06493,2020,5,May,12,Midday,Weekday
T20200009416,2020-05-14,23:00:00,4,Collision with a fixed object,4,Thursday,173,RIGHT OFF CARRIAGEWAY INTO OBJECT/PARKED VEHICLE,5,654261,Not at intersection,1,100,Local Road,KADNOOK-CONNEWIRRICOO,WEST WIMMERA,-37.19879,141.45741,2020,5,May,23,Night,Weekday
T20200009390,2020-05-14,15:03:00,4,Collision with a fixed object,4,Thursday,173,RIGHT OFF CARRIAGEWAY INTO OBJECT/PARKED VEHICLE,1,652517,Not at intersection,1,100,Arterial Other,STRATFORD-MAFFRA,WELLINGTON,-37.976654,147.02681,2020,5,May,15,Afternoon Peak,Weekday
T20200009915,2020-05-14,13:00:00,1,Collision with vehicle,4,Thursday,137,LEFT TURN SIDESWIPE,1,34813,Cross intersection,2,60,Arterial Other,MACARTHUR,MELBOURNE,-37.789864,144.95857,2020,5,May,13,Midday,Weekday