ACCIDENT_NO,ACCIDENT_DATE,ACCIDENT_TIME,ACCIDENT_TYPE,ACCIDENT_TYPE_DESC,DAY_OF_WEEK,DAY_WEEK_DESC,DCA_CODE,DCA_DESC,LIGHT_CONDITION,NODE_ID,ROAD_GEOMETRY_DESC,SEVERITY,SPEED_ZONE,RMA,ROAD_NAME,LGA_NAME,LATITUDE,LONGITUDE,YEAR,MONTH,MONTH_NAME,HOUR,TIME_PERIOD,DAY_TYPE
T20200009391,2020-05-14,15:30:00,1,Collision with vehicle,4,Thursday,111,RIGHT FAR (INTERSECTIONS ONLY),1,264474,T intersection,2,60,Local Road,BULBAN,WYNDHAM,-37.91265,144.6258,2020,5,May,15,Afternoon Peak,Weekday
T20200009357,2020-05-14,01:43:00,4,Collision with a fixed object,4,Thursday,173,RIGHT OFF CARRIAGEWAY INTO OBJECT/PARKED VEHICLE,5,662291,Not at intersection,2,100,Arterial Other,TAGGERTY-THORNTON,MURRINDINDI,-37.288067,145.79352,2020,5,May,1,Late Night,Weekday
T20200009898,2020-05-14,14:15:00,1,Collision with vehicle,4,Thursday,130,REAR END(VEHICLES IN SAME LANE),1,653372,T intersection,3,40,Arterial Other,RIVERSDALE,BOROONDARA,-37.831963,145.06197,2020,5,May,14,Midday,Weekday
T20200009457,2020-05-15,06:40:00,8,No collision and no object struck,5,Friday,174,OUT OF CONTROL ON CARRIAGEWAY (ON STRAIGHT),3,652652,Not at intersection,3,60,Arterial Other,SWAN,YARRA,-37.824627,144.98924,2020,5,May,6,Morning Peak,Weekday
T20200009459,2020-05-15,18:00:00,1,Collision with vehicle,5,Friday,110,CROSS TRAFFIC(INTERSECTIONS ONLY),3,49248,Cross intersection,3,50,Local Road,CROWN,BALLARAT,-37.598522,143.83151,2020,5,May,18,Afternoon Peak,Weekday
T20200009461,2020-05-15,17:39:00,1,Collision with vehicle,5,Friday,130,REAR END(VEHICLES IN SAME LANE),2,652808,Not at intersection,2,100,Freeway,MONASH,CASEY,-37.999126,145.28548,2020,5,May,17,Afternoon Peak,Weekday
T20200009463,2020-05-15,15:45:00,1,Collision with vehicle,5,Friday,121,RIGHT THROUGH,1,36335,Cross intersection,2,60,Arterial Other,CEMETERY,MELBOURNE,-37.79226,144.96838,2020,5,May,15,Afternoon Peak,Weekday
T20200009469,2020-05-15,18:45:00,1,Collision with vehicle,5,Friday,143,ENTERING PARKING,3,653688,Not at intersection,3,40,Arterial Other,STATION,DAREBIN,-37.77774,145.01833,2020,5,May,18,Afternoon Peak,Weekday
T20200009471,2020-05-15,14:45:00,2,Struck Pedestrian,5,Friday,102,FAR SIDE. PED HIT BY VEHICLE FROM THE LEFT,1,654165,Cross intersection,3,40,Arterial Other,HAMPTON,BAYSIDE,-37.936485,145.0027,2020,5,May,14,Midday,Weekday
T20200009445,2020-05-15,12:40:00,1,Collision with vehicle,5,Friday,130,REAR END(VEHICLES IN SAME LANE),1,658010,Not at intersection,3,80,Arterial Highway,WELLINGTON,MONASH,-37.92115,145.18037,2020,5,May,12,Midday,Weekday
T20200009443,2020-05-15,13:35:00,1,Collision with vehicle,5,Friday,110,CROSS TRAFFIC(INTERSECTIONS ONLY),1,62500,Cross intersection,3,50,Local Road,CLYDESDALE,MOONEE VALLEY,-37.72169,144.87929,2020,5,May,13,Midday,Weekday
T20200009473,2020-05-15,18:45:00,1,Collision with vehicle,5,Friday,121,RIGHT THROUGH,3,356024,Cross intersection,2,60,Arterial Other,DONNYBROOK,HUME,-37.53488,144.89865,2020,5,May,18,Afternoon Peak,Weekday
T20200009481,2020-05-15,18:20:00,1,Collision with vehicle,5,Friday,151,OUT OF CONTROL (OVERTAKING),2,659998,Not at intersection,3,50,Local Road,GRAHAM,BAYSIDE,-37.9544,145.04242,2020,5,May,18,Afternoon Peak,Weekday
T20200009483,2020-05-15,16:36:00,1,Collision with vehicle,5,Friday,130,REAR END(VEHICLES IN SAME LANE),1,37884,T intersection,3,50,Arterial Other,MERRI,DAREBIN,-37.779636,144.99199,2020,5,May,16,Afternoon Peak,Weekday
T20200009484,2020-05-15,21:30:00,1,Collision with vehicle,5,Friday,160,VEHICLE COLLIDES WITH VEHICLE PARKED ON LEFT OF ROAD,3,653011,Not at intersection,2,60,Local Road,STATION,KINGSTON,-38.047756,145.11426,2020,5,May,21,Night,Weekday
T20200010194,2020-05-15,08:40:00,1,Collision with vehicle,5,Friday,130,REAR END(VEHICLES IN SAME LANE),1,654500,Not at intersection,3,50,Arterial Other,WAVERLEY,STONNINGTON,-37.878555,145.08847,2020,5,May,8,Morning Peak,Weekday
T20200009891,2020-05-15,15:00:00,1,Collision with vehicle,5,Friday,134,LANE CHANGE RIGHT (NOT OVERTAKING),1,657073,Not at intersection,3,80,Arterial Other,CRANBOURNE,FRANKSTON,-38.15358,145.16032,2020,5,May,15,Afternoon Peak,Weekday
T20200009911,2020-05-15,17:15:00,1,Collision with vehicle,5,Friday,110,CROSS TRAFFIC(INTERSECTIONS ONLY),2,29360,Cross intersection,3,40,Local Road,AMESS,YARRA,-37.77984,144.97469,2020,5,May,17,Afternoon Peak,Weekday
T20200009430,2020-05-15,09:28:00,4,Collision with a fixed object,5,Friday,171,LEFT OFF CARRIAGEWAY INTO OBJECT/PARKED VEHICLE,1,9814,T intersection,3,80,Local Road,PRINCESS,GEELONG,-38.21635,144.56233,2020,5,May,9,Morning Peak,Weekday
T20200009437,2020-05-15,12:15:00,1,Collision with vehicle,5,Friday,113,RIGHT NEAR (INTERSECTIONS ONLY),1,292326,Multiple intersection,3,80,Freeway,NARRE WARREN NORTH,CASEY,-38.01689,145.3086,2020,5,May,12,Midday,Weekday
T20200009415,2020-05-15,05:10:00,4,Collision with a fixed object,5,Friday,173,RIGHT OFF CARRIAGEWAY INTO OBJECT/PARKED VEHICLE,3,146161,Not at intersection,2,60,Arterial Other,BARKERS,BOROONDARA,-37.81239,145.01746,2020,5,May,5,Morning Peak,Weekday
T20200009959,2020-05-15,16:20:00,1,Collision with vehicle,5,Friday,110,CROSS TRAFFIC(INTERSECTIONS ONLY),1,664225,Cross intersection,2,60,Arterial Highway,NELSON,HINDMARSH,-36.33341,141.65285,2020,5,May,16,Afternoon Peak,Weekday
T20200009570,2020-05-15,14:30:00,3,Struck animal,5,Friday,167,STRUCK ANIMAL,1,652812,Not at intersection,3,70,Arterial Other,BEACONSFIELD-EMERALD,CARDINIA,-37.987736,145.43889,2020,5,May,14,Midday,Weekday
T20200009417,2020-05-15,04:33:00,4,Collision with a fixed object,5,Friday,173,RIGHT OFF CARRIAGEWAY INTO OBJECT/PARKED VEHICLE,3,773397,Not at intersection,3,60,Arterial Other,BEACH,BAYSIDE,-37.990765,145.04272,2020,5,May,4,Late Night,Weekday
T20200010648,2020-05-15,18:40:00,1,Collision with vehicle,5,Friday,121,RIGHT THROUGH,9,65003,Cross intersection,3,50,Arterial Highway,ALEXANDRA,YARRA,-37.794052,144.9882,2020,5,May,18,Afternoon Peak,Weekday
T20200009953,2020-05-15,20:30:00,1,Collision with vehicle,5,Friday,137,LEFT TURN SIDESWIPE,3,38779,Cross intersection,2,60,Arterial Highway,WHITEHALL,MARIBYRNONG,-37.814667,144.89977,2020,5,May,20,Night,Weekday
T20200012355,2020-05-15,20:00:00,1,Collision with vehicle,5,Friday,121,RIGHT THROUGH,3,34518,T intersection,3,60,Arterial Other,LINCOLN,MOONEE VALLEY,-37.74463,144.91008,2020,5,May,20,Night,Weekday
T20200013879,2020-05-15,23:00:00,1,Collision with vehicle,5,Friday,130,REAR END(VEHICLES IN SAME LANE),5,660067,Not at intersection,2,60,Local Road,IRVINE,MOYNE,-38.60854,142.87885,2020,5,May,23,Night,Weekday
T20200009611,2020-05-15,16:00:00,1,Collision with vehicle,5,Friday,143,ENTERING PARKING,1,653500,Not at intersection,2,50,Arterial Highway,ALBERT,HEPBURN,-37.42394,143.89467,2020,5,May,16,Afternoon Peak,Weekday
T20200009452,2020-05-15,14:30:00,1,Collision with vehicle,5,Friday,140,U TURN,1,652726,Not at intersection,2,100,Arterial Highway,PRINCES,EAST GIPPSLAND,-37.82388,147.69055,2020,5,May,14,Midday,Weekday
T20200009944,2020-05-15,08:30:00,2,Struck Pedestrian,5,Friday,100,PED NEAR SIDE. PED HIT BY VEHICLE FROM THE RIGHT.,1,656798,T intersection,3,50,Local Road,KURRAJONG,CASEY,-38.013046,145.31396,2020,5,May,8,Morning Peak,Weekday
T20200009418,2020-05-15,17:49:00,3,Struck animal,5,Friday,167,STRUCK ANIMAL,5,655435,Not at intersection,3,100,Arterial Highway,GREAT ALPINE,WANGARATTA,-36.48371,146.65819,2020,5,May,17,Afternoon Peak,Weekday
T20200009446,2020-05-15,12:15:00,2,Struck Pedestrian,5,Friday,100,PED NEAR SIDE. PED HIT BY VEHICLE FROM THE RIGHT.,1,41626,T intersection,2,70,Arterial Highway,SHAFTON,MONASH,-37.911858,145.10648,2020,5,May,12,Midday,Weekday
T20200009453,2020-05-15,14:42:00,1,Collision with vehicle,5,Friday,130,REAR END(VEHICLES IN SAME LANE),1,652807,Not at intersection,3,80,Arterial Other,CRANBOURNE,FRANKSTON,-38.15361,145.16043,2020,5,May,14,Midday,Weekday
T20200009425,2020-05-15,09:37:00,1,Collision with vehicle,5,Friday,120,HEAD ON (NOT OVERTAKING),1,664670,Not at intersection,3,60,Arterial Other,GEELONG,MARIBYRNONG,-37.80256,144.88171,2020,5,May,9,Morning Peak,Weekday
T20200009475,2020-05-15,18:45:00,1,Collision with vehicle,5,Friday,121,RIGHT THROUGH,3,22,Cross intersection,2,60,Arterial Other,HARKER,MELBOURNE,-37.796597,144.9512,2020,5,May,18,Afternoon Peak,Weekday
T20200009422,2020-05-15,09:00:00,9,Other accident,5,Friday,149,OTHER MANOEUVRING NOT INCLUDED IN DCAs 140-148,1,653199,Not at intersection,2,50,Local Road,MAIR,BALLARAT,-37.557083,143.83817,2020,5,May,9,Morning Peak,Weekday
T20200009454,2020-05-15,14:00:00,1,Collision with vehicle,5,Friday,169,OTHER ON PATH,1,653367,Not at intersection,3,50,Local Road,QUEENS,MORNINGTON PENINSULA,-38.34262,144.73587,2020,5,May,14,Midday,Weekday
T20200009517,2020-05-16,13:10:00,6,Vehicle overturned (no collision),6,Saturday,182,OFF CARRIAGEWAY ON LEFT BEND,1,653559,Not at intersection,2,80,Arterial Other,MIRBOO NORTH-TRAFALGAR,BAW BAW,-38.22278,146.16312,2020,5,May,13,Midday,Weekend
T20200009526,2020-05-16,15:41:00,4,Collision with a fixed object,6,Saturday,181,OFF RIGHT BEND INTO OBJECT/PARKED VEHICLE,1,664709,Not at intersection,2,100,Arterial Highway,MURRAY VALLEY,MOIRA,-36.022404,146.13872,2020,5,May,15,Afternoon Peak,Weekend
T20200009506,2020-05-16,12:40:00,1,Collision with vehicle,6,Saturday,153,CUTTING IN (OVERTAKING),1,655436,Not at intersection,3,50,Local Road,LAVENDER PARK,NILLUMBIK,-37.72957,145.15346,2020,5,May,12,Midday,Weekend
T20200012553,2020-05-16,19:30:00,8,No collision and no object struck,6,Saturday,174,OUT OF CONTROL ON CARRIAGEWAY (ON STRAIGHT),6,657767,Not at intersection,3,50,Local Road,RENNIE,MORELAND,-37.751373,144.97502,2020,5,May,19,Night,Weekend
T20200009508,2020-05-16,12:55:00,1,Collision with vehicle,6,Saturday,139,OTHER SAME DIRECTION-MANOUEVRES NOT INCLUDED IN DCAs 130-137,1,654944,Cross intersection,2,80,Arterial Highway,FRANKSTON-DANDENONG,DANDENONG,-38.004353,145.21739,2020,5,May,12,Midday,Weekend
T20200009515,2020-05-16,15:04:00,1,Collision with vehicle,6,Saturday,110,CROSS TRAFFIC(INTERSECTIONS ONLY),1,71534,Cross intersection,2,60,Local Road,COWIE,GEELONG,-38.106068,144.35144,2020,5,May,15,Afternoon Peak,Weekend
T20200009502,2020-05-16,12:45:00,1,Collision with vehicle,6,Saturday,130,REAR END(VEHICLES IN SAME LANE),1,652809,Not at intersection,3,50,Arterial Other,MAIR,BALLARAT,-37.56022,143.862,2020,5,May,12,Midday,Weekend
T20200011724,2020-05-16,14:30:00,8,No collision and no object struck,6,Saturday,174,OUT OF CONTROL ON CARRIAGEWAY (ON STRAIGHT),1,22698,Cross intersection,3,60,Arterial Highway,SUNRAYSIA,BALLARAT,-37.36006,143.64015,2020,5,May,14,Midday,Weekend
T20200009504,2020-05-16,10:00:00,1,Collision with vehicle,6,Saturday,121,RIGHT THROUGH,1,43090,Cross intersection,2,60,Arterial Highway,STUD,DANDENONG,-37.9856,145.22066,2020,5,May,10,Midday,Weekend
T20200009505,2020-05-16,13:30:00,4,Collision with a fixed object,6,Saturday,171,LEFT OFF CARRIAGEWAY INTO OBJECT/PARKED VEHICLE,1,652852,Not at intersection,2,100,Arterial Other,HEATHCOTE-NAGAMBIE,BENDIGO,-36.931335,144.7647,2020,5,May,13,Midday,Weekend
T20200009520,2020-05-16,16:10:00,8,No collision and no object struck,6,Saturday,149,OTHER MANOEUVRING NOT INCLUDED IN DCAs 140-148,1,652848,Not at intersection,2,50,Local Road,OCEAN,MOYNE,-38.393513,142.2406,2020,5,May,16,Afternoon Peak,Weekend
T20200009618,2020-05-16,13:00:00,8,No collision and no object struck,6,Saturday,180,OFF CARRIAGEWAY ON RIGHT BEND,1,653013,Not at intersection,2,70,Arterial Other,GEMBROOK-LAUNCHING PLACE,YARRA RANGES,-37.780094,145.57541,2020,5,May,13,Midday,Weekend
T20200009518,2020-05-16,15:20:00,1,Collision with vehicle,6,Saturday,130,REAR END(VEHICLES IN SAME LANE),1,652728,Not at intersection,3,80,Arterial Highway,NEPEAN,BAYSIDE,-37.883934,144.99696,2020,5,May,15,Afternoon Peak,Weekend
T20200013235,2020-05-16,14:00:00,8,No collision and no object struck,6,Saturday,184,OUT OF CONTROL ON CARRIAGEWAY (ON BEND),1,663768,Not at intersection,3,100,Arterial Other,MELBOURNE LANCEFIELD,MACEDON RANGES,-37.296432,144.7364,2020,5,May,14,Midday,Weekend
T20200009541,2020-05-16,15:10:00,1,Collision with vehicle,6,Saturday,130,REAR END(VEHICLES IN SAME LANE),1,653299,Not at intersection,3,50,Local Road,KING WILLIAM,DAREBIN,-37.726814,145.01282,2020,5,May,15,Afternoon Peak,Weekend
T20200009509,2020-05-16,14:04:00,1,Collision with vehicle,6,Saturday,140,U TURN,1,652907,T intersection,2,50,Local Road,UNION,BAYSIDE,-37.90794,145.01164,2020,5,May,14,Midday,Weekend
T20200009510,2020-05-16,13:15:00,1,Collision with vehicle,6,Saturday,147,VEHICLE STRIKES ANOTHER VEH WHILE EMERGING FROM DRIVEWAY,1,661248,Not at intersection,2,60,Local Road,FLORENCE,SHEPPARTON,-36.383785,145.42442,2020,5,May,13,Midday,Weekend
T20200009489,2020-05-16,01:25:00,4,Collision with a fixed object,6,Saturday,173,RIGHT OFF CARRIAGEWAY INTO OBJECT/PARKED VEHICLE,5,661311,Not at intersection,3,80,Arterial Other,KORUMBURRA-WONTHAGGI,SOUTH GIPPSLAND,-38.463024,145.78362,2020,5,May,1,Late Night,Weekend
T20200009912,2020-05-16,16:20:00,6,Vehicle overturned (no collision),6,Saturday,174,OUT OF CONTROL ON CARRIAGEWAY (ON STRAIGHT),1,659385,T intersection,2,50,Local Road,MALCOLM CREEK,HUME,-37.58406,144.92175,2020,5,May,16,Afternoon Peak,Weekend
T20200009547,2020-05-16,16:40:00,1,Collision with vehicle,6,Saturday,147,VEHICLE STRIKES ANOTHER VEH WHILE EMERGING FROM DRIVEWAY,1,773267,Not at intersection,3,60,Arterial Other,ST ALBANS,BRIMBANK,-37.74686,144.80191,2020,5,May,16,Afternoon Peak,Weekend
T20200010187,2020-05-16,11:15:00,1,Collision with vehicle,6,Saturday,130,REAR END(VEHICLES IN SAME LANE),1,41106,Cross intersection,3,60,Arterial Other,ST KILDA,BAYSIDE,-37.903812,144.98842,2020,5,May,11,Midday,Weekend
T20200009761,2020-05-16,16:00:00,4,Collision with a fixed object,6,Saturday,171,LEFT OFF CARRIAGEWAY INTO OBJECT/PARKED VEHICLE,1,653108,Not at intersection,2,100,Local Road,WHELLER,SHEPPARTON,-36.351048,145.3612,2020,5,May,16,Afternoon Peak,Weekend
T20200009715,2020-05-16,13:00:00,4,Collision with a fixed object,6,Saturday,181,OFF RIGHT BEND INTO OBJECT/PARKED VEHICLE,1,654554,Not at intersection,3,100,Local Road,MAINTONGOON PARK,MANSFIELD,-37.106712,145.81102,2020,5,May,13,Midday,Weekend
T20200010466,2020-05-16,11:45:00,6,Vehicle overturned (no collision),6,Saturday,174,OUT OF CONTROL ON CARRIAGEWAY (ON STRAIGHT),1,654005,Cross intersection,3,40,Arterial Other,FITZROY,PORT PHILLIP,-37.859764,144.97739,2020,5,May,11,Midday,Weekend
T20200009512,2020-05-16,14:20:00,4,Collision with a fixed object,6,Saturday,173,RIGHT OFF CARRIAGEWAY INTO OBJECT/PARKED VEHICLE,1,773398,Not at intersection,2,60,Arterial Other,JELLS ROAD SERVICE,MONASH,-37.912506,145.18816,2020,5,May,14,Midday,Weekend
T20200009514,2020-05-16,13:53:00,1,Collision with vehicle,6,Saturday,113,RIGHT NEAR (INTERSECTIONS ONLY),1,653558,T intersection,3,100,Arterial Highway,SOUTH GIPPSLAND,WELLINGTON,-38.140114,147.07983,2020,5,May,13,Midday,Weekend
T20200009668,2020-05-16,15:43:00,4,Collision with a fixed object,6,Saturday,173,RIGHT OFF CARRIAGEWAY INTO OBJECT/PARKED VEHICLE,1,653058,Cross intersection,3,30,Local Road,BLYTH,MORELAND,-37.76699,144.97672,2020,5,May,15,Afternoon Peak,Weekend
T20200009577,2020-05-16,01:25:00,4,Collision with a fixed object,6,Saturday,173,RIGHT OFF CARRIAGEWAY INTO OBJECT/PARKED VEHICLE,5,729726,Not at intersection,3,100,Local Road,WALSHS,MANSFIELD,-37.173367,146.04979,2020,5,May,1,Late Night,Weekend
T20200010175,2020-05-16,00:30:00,8,No collision and no object struck,6,Saturday,184,OUT OF CONTROL ON CARRIAGEWAY (ON BEND),3,41113,T intersection,3,60,Arterial Other,ST KILDA,BAYSIDE,-37.9078,144.98766,2020,5,May,0,Late Night,Weekend
T20200009548,2020-05-16,21:50:00,1,Collision with vehicle,6,Saturday,160,VEHICLE COLLIDES WITH VEHICLE PARKED ON LEFT OF ROAD,5,729725,Not at intersection,3,50,Local Road,CATHERINE,GLEN EIRA,-37.874058,145.02586,2020,5,May,21,Night,Weekend
T20200009537,2020-05-16,17:00:00,1,Collision with vehicle,6,Saturday,121,RIGHT THROUGH,2,653200,Not at intersection,2,80,Arterial Other,MURRADOC,GEELONG,-38.176197,144.5971,2020,5,May,17,Afternoon Peak,Weekend
T20200009495,2020-05-16,06:55:00,1,Collision with vehicle,6,Saturday,121,RIGHT THROUGH,2,625803,Multiple intersection,3,60,Freeway,ROBINSONS,MELTON,-37.794666,144.75302,2020,5,May,6,Morning Peak,Weekend
T20200009496,2020-05-16,10:20:00,2,Struck Pedestrian,6,Saturday,102,FAR SIDE. PED HIT BY VEHICLE FROM THE LEFT,1,654166,T intersection,2,60,Arterial Other,HEATHERTON,DANDENONG,-37.966915,145.18935,2020,5,May,10,Midday,Weekend
T20200009499,2020-05-16,11:05:00,1,Collision with vehicle,6,Saturday,110,CROSS TRAFFIC(INTERSECTIONS ONLY),1,653644,Cross intersection,2,100,Local Road,COSGROVE-CANIAMBO,SHEPPARTON,-36.36461,145.63147,2020,5,May,11,Midday,Weekend
T20200009501,2020-05-16,12:30:00,1,Collision with vehicle,6,Saturday,130,REAR END(VEHICLES IN SAME LANE),1,653298,Not at intersection,3,60,Local Road,STATION LAKE,GEELONG,-38.02304,144.39867,2020,5,May,12,Midday,Weekend
T20200009536,2020-05-16,18:00:00,1,Collision with vehicle,6,Saturday,110,CROSS TRAFFIC(INTERSECTIONS ONLY),3,296094,Cross intersection,2,50,Local Road,GLOUCESTER,CASEY,-38.03145,145.3463,2020,5,May,18,Afternoon Peak,Weekend
T20200009531,2020-05-16,17:10:00,1,Collision with vehicle,6,Saturday,135,LANE CHANGE LEFT (NOT OVERTAKING),1,749014,Not at intersection,2,100,Freeway,PRINCES,GEELONG,-38.003937,144.48846,2020,5,May,17,Afternoon Peak,Weekend
T20200009542,2020-05-16,16:45:00,1,Collision with vehicle,6,Saturday,147,VEHICLE STRIKES ANOTHER VEH WHILE EMERGING FROM DRIVEWAY,1,664811,Not at intersection,3,60,Local Road,LAWRENCE,WODONGA,-36.121185,146.86443,2020,5,May,16,Afternoon Peak,Weekend
T20200009530,2020-05-16,03:42:00,4,Collision with a fixed object,6,Saturday,183,OFF LEFT BEND INTO OBJECT/PARKED VEHICLE,3,658930,Not at intersection,3,80,Freeway,CITYLINK IN-WEST GATE IN,MELBOURNE,-37.825035,144.93076,2020,5,May,3,Late Night,Weekend
T20200009544,2020-05-16,21:05:00,2,Struck Pedestrian,6,Saturday,102,FAR SIDE. PED HIT BY VEHICLE FROM THE LEFT,3,655926,Not at intersection,2,60,Arterial Highway,NEPEAN,GLEN EIRA,-37.88395,144.99738,2020,5,May,21,Night,Weekend
T20200009546,2020-05-16,16:16:00,4,Collision with a fixed object,6,Saturday,179,OTHER ACCIDENTS-OFF STRAIGHT NOT INCLUDED IN DCAs 170-175,1,654633,T intersection,2,50,Local Road,MADIGAN,MONASH,-37.88943,145.18729,2020,5,May,16,Afternoon Peak,Weekend
T20200009820,2020-05-16,08:10:00,1,Collision with vehicle,6,Saturday,116,LEFT NEAR (INTERSECTIONS ONLY),1,653244,T intersection,3,80,Arterial Other,SUNSHINE,BRIMBANK,-37.74145,144.82527,2020,5,May,8,Morning Peak,Weekend
T20200013183,2020-05-16,14:10:00,1,Collision with vehicle,6,Saturday,130,REAR END(VEHICLES IN SAME LANE),1,678840,Not at intersection,3,50,Local Road,UNNAMED,CASEY,-38.019794,145.30804,2020,5,May,14,Midday,Weekend
T20200009528,2020-05-16,16:30:00,1,Collision with vehicle,6,Saturday,113,RIGHT NEAR (INTERSECTIONS ONLY),1,652810,T intersection,3,100,Arterial Other,LOCKWOOD,BENDIGO,-36.811317,144.17429,2020,5,May,16,Afternoon Peak,Weekend
T20200009581,2020-05-17,13:45:00,2,Struck Pedestrian,7,Sunday,100,PED NEAR SIDE. PED HIT BY VEHICLE FROM THE RIGHT.,1,583708,Not at intersection,3,80,Arterial Other,CRANBOURNE-FRANKSTON ROAD -SLADEN,CASEY,-38.11071,145.26505,2020,5,May,13,Midday,Weekend
T20200009567,2020-05-17,10:40:00,6,Vehicle overturned (no collision),7,Sunday,182,OFF CARRIAGEWAY ON LEFT BEND,1,654167,Not at intersection,2,100,Arterial Other,RUNNING CREEK,ALPINE,-36.55755,146.9694,2020,5,May,10,Midday,Weekend
T20200009572,2020-05-17,14:00:00,1,Collision with vehicle,7,Sunday,116,LEFT NEAR (INTERSECTIONS ONLY),1,51718,T intersection,3,80,Arterial Other,STRATHFIELDSAYE,BENDIGO,-36.789,144.32193,2020,5,May,14,Midday,Weekend
T20200009591,2020-05-17,17:40:00,4,Collision with a fixed object,7,Sunday,183,OFF LEFT BEND INTO OBJECT/PARKED VEHICLE,3,660479,Not at intersection,2,60,Local Road,BONNYVALE,GEELONG,-38.260025,144.55733,2020,5,May,17,Afternoon Peak,Weekend
T20200009658,2020-05-17,14:42:00,1,Collision with vehicle,7,Sunday,153,CUTTING IN (OVERTAKING),1,664707,Not at intersection,2,100,Freeway,WESTERN,MELTON,-37.730644,144.66336,2020,5,May,14,Midday,Weekend
T20200009558,2020-05-17,07:50:00,4,Collision with a fixed object,7,Sunday,171,LEFT OFF CARRIAGEWAY INTO OBJECT/PARKED VEHICLE,1,38437,Cross intersection,3,80,Arterial Highway,MAROONDAH,YARRA RANGES,-37.761288,145.31041,2020,5,May,7,Morning Peak,Weekend
T20200009571,2020-05-17,08:45:00,1,Collision with vehicle,7,Sunday,120,HEAD ON (NOT OVERTAKING),1,661074,T intersection,2,60,Arterial Other,BANNOCKBURN-SHELFORD,GOLDEN PLAINS,-38.05068,144.16708,2020,5,May,8,Morning Peak,Weekend
T20200009568,2020-05-17,12:05:00,4,Collision with a fixed object,7,Sunday,171,LEFT OFF CARRIAGEWAY INTO OBJECT/PARKED VEHICLE,1,652910,Not at intersection,2,80,Local Road,MOUNT COTTRELL,MELTON,-37.733833,144.61555,2020,5,May,12,Midday,Weekend
T20200013720,2020-05-17,16:15:00,4,Collision with a fixed object,7,Sunday,171,LEFT OFF CARRIAGEWAY INTO OBJECT/PARKED VEHICLE,1,657952,Not at intersection,3,50,Local Road,BROAD GULLY,NILLUMBIK,-37.637745,145.16582,2020,5,May,16,Afternoon Peak,Weekend
T20200010508,2020-05-17,12:10:00,1,Collision with vehicle,7,Sunday,130,REAR END(VEHICLES IN SAME LANE),1,658316,Not at intersection,3,80,Arterial Highway,DANDENONG,STONNINGTON,-37.86841,145.03165,2020,5,May,12,Midday,Weekend
T20200009598,2020-05-17,23:25:00,8,No collision and no object struck,7,Sunday,174,OUT OF CONTROL ON CARRIAGEWAY (ON STRAIGHT),3,45668,Cross intersection,2,50,Local Road,ARMSTRONG,KNOX,-37.925674,145.25363,2020,5,May,23,Night,Weekend
T20200009592,2020-05-17,18:45:00,1,Collision with vehicle,7,Sunday,130,REAR END(VEHICLES IN SAME LANE),3,668324,Not at intersection,2,100,Freeway,PRINCES,WYNDHAM,-37.916264,144.66801,2020,5,May,18,Afternoon Peak,Weekend
T20200009583,2020-05-17,14:45:00,4,Collision with a fixed object,7,Sunday,171,LEFT OFF CARRIAGEWAY INTO OBJECT/PARKED VEHICLE,1,43886,Cross intersection,3,50,Local Road,BOURKE,CASEY,-38.097042,145.2745,2020,5,May,14,Midday,Weekend
T20200009582,2020-05-17,16:40:00,2,Struck Pedestrian,7,Sunday,100,PED NEAR SIDE. PED HIT BY VEHICLE FROM THE RIGHT.,1,652912,Cross intersection,3,60,Arterial Other,DONCASTER,BOROONDARA,-37.79469,145.08478,2020,5,May,16,Afternoon Peak,Weekend
T20200009595,2020-05-17,21:45:00,1,Collision with vehicle,7,Sunday,113,RIGHT NEAR (INTERSECTIONS ONLY),3,65831,Cross intersection,3,50,Arterial Other,KING,MELBOURNE,-37.812466,144.95392,2020,5,May,21,Night,Weekend
T20200009555,2020-05-17,06:44:00,4,Collision with a fixed object,7,Sunday,183,OFF LEFT BEND INTO OBJECT/PARKED VEHICLE,2,660210,Not at intersection,2,80,Freeway,HUME OUT-MANSFIELD,BENALLA,-36.582493,145.95758,2020,5,May,6,Morning Peak,Weekend
T20200009578,2020-05-17,13:58:00,1,Collision with vehicle,7,Sunday,130,REAR END(VEHICLES IN SAME LANE),1,1320,Cross intersection,3,70,Arterial Other,SYDNEY,HUME,-37.683968,144.95752,2020,5,May,13,Midday,Weekend
T20200009597,2020-05-17,16:40:00,1,Collision with vehicle,7,Sunday,169,OTHER ON PATH,1,653789,Not at intersection,3,60,Local Road,HUMFFRAY,BALLARAT,-37.554638,143.88258,2020,5,May,16,Afternoon Peak,Weekend
T20200009588,2020-05-17,15:59:00,2,Struck Pedestrian,7,Sunday,102,FAR SIDE. PED HIT BY VEHICLE FROM THE LEFT,1,269821,Cross intersection,2,50,Local Road,BEVAN,PORT PHILLIP,-37.84011,144.95543,2020,5,May,15,Afternoon Peak,Weekend
T20200009619,2020-05-17,12:00:00,8,No collision and no object struck,7,Sunday,189,OTHER ACCIDENTS ON CURVE NOT INCLUDED IN DCAs 180-184,1,653057,Not at intersection,3,100,Local Road,FORD,MACEDON RANGES,-37.418175,144.47725,2020,5,May,12,Midday,Weekend
T20200009575,2020-05-17,10:20:00,4,Collision with a fixed object,7,Sunday,181,OFF RIGHT BEND INTO OBJECT/PARKED VEHICLE,1,654320,Not at intersection,3,80,Arterial Other,HEALESVILLE-KINGLAKE,YARRA RANGES,-37.56267,145.48724,2020,5,May,10,Midday,Weekend
T20200009710,2020-05-17,15:50:00,1,Collision with vehicle,7,Sunday,116,LEFT NEAR (INTERSECTIONS ONLY),1,10947,Multiple intersection,3,60,Freeway,WARRIGAL-MONASH IN,MONASH,-37.883427,145.09009,2020,5,May,15,Afternoon Peak,Weekend