ACCIDENT_NO,ACCIDENT_DATE,ACCIDENT_TIME,ACCIDENT_TYPE,ACCIDENT_TYPE_DESC,DAY_OF_WEEK,DAY_WEEK_DESC,DCA_CODE,DCA_DESC,LIGHT_CONDITION,NODE_ID,ROAD_GEOMETRY_DESC,SEVERITY,SPEED_ZONE,RMA,ROAD_NAME,LGA_NAME,LATITUDE,LONGITUDE,YEAR,MONTH,MONTH_NAME,HOUR,TIME_PERIOD,DAY_TYPE
T20200009917,2020-05-17,17:59:00,2,Struck Pedestrian,7,Sunday,100,PED NEAR SIDE. PED HIT BY VEHICLE FROM THE RIGHT.,3,653495,T intersection,2,70,Arterial Other,BALLARAT,BRIMBANK,-37.778507,144.84259,2020,5,May,17,Afternoon Peak,Weekend
T20200009617,2020-05-18,09:00:00,1,Collision with vehicle,1,Monday,147,VEHICLE STRIKES ANOTHER VEH WHILE EMERGING FROM DRIVEWAY,1,254354,Not at intersection,3,50,Local Road,FERGUSON,HOBSONS BAY,-37.858753,144.89648,2020,5,May,9,Morning Peak,Weekday
T20200009937,2020-05-18,20:42:00,1,Collision with vehicle,1,Monday,113,RIGHT NEAR (INTERSECTIONS ONLY),3,653561,T intersection,3,50,Local Road,SIR RICHARD WILLIAMS,WYNDHAM,-37.86598,144.76144,2020,5,May,20,Night,Weekday
T20200009624,2020-05-18,11:43:00,8,No collision and no object struck,1,Monday,180,OFF CARRIAGEWAY ON RIGHT BEND,1,653014,Not at intersection,2,70,Arterial Other,BITTERN-DROMANA,MORNINGTON PENINSULA,-38.355263,145.05492,2020,5,May,11,Midday,Weekday
T20200009621,2020-05-18,11:50:00,1,Collision with vehicle,1,Monday,121,RIGHT THROUGH,1,879,Cross intersection,3,80,Arterial Other,BELGRAVE-HALLAM,CASEY,-38.001717,145.27432,2020,5,May,11,Midday,Weekday
T20200010217,2020-05-18,17:30:00,4,Collision with a fixed object,1,Monday,171,LEFT OFF CARRIAGEWAY INTO OBJECT/PARKED VEHICLE,2,653788,Not at intersection,2,100,Arterial Other,PORTARLINGTON,GEELONG,-38.182842,144.53069,2020,5,May,17,Afternoon Peak,Weekday
T20200012025,2020-05-18,20:55:00,1,Collision with vehicle,1,Monday,130,REAR END(VEHICLES IN SAME LANE),3,42182,T intersection,3,60,Local Road,GRAHAM,BAYSIDE,-37.948753,145.04199,2020,5,May,20,Night,Weekday
T20200009626,2020-05-18,13:17:00,6,Vehicle overturned (no collision),1,Monday,184,OUT OF CONTROL ON CARRIAGEWAY (ON BEND),1,63155,Not at intersection,3,50,Local Road,APPLEBLOSSOM,BANYULE,-37.744034,145.09496,2020,5,May,13,Midday,Weekday
T20200009967,2020-05-18,13:45:00,1,Collision with vehicle,1,Monday,123,RIGHT/LEFT. ONE VEH TURNING RIGHT THE OTHER LEFT.,1,655851,Cross intersection,3,80,Local Road,HIGHETT,KINGSTON,-37.94917,145.04587,2020,5,May,13,Midday,Weekday
T20200009630,2020-05-18,13:25:00,2,Struck Pedestrian,1,Monday,102,FAR SIDE. PED HIT BY VEHICLE FROM THE LEFT,1,653736,Not at intersection,2,50,Local Road,MELVILLE,MOIRA,-36.09132,145.44232,2020,5,May,13,Midday,Weekday
T20200009638,2020-05-18,10:05:00,1,Collision with vehicle,1,Monday,160,VEHICLE COLLIDES WITH VEHICLE PARKED ON LEFT OF ROAD,1,44676,Cross intersection,2,50,Local Road,GREENWOOD,BANYULE,-37.7085,145.07826,2020,5,May,10,Midday,Weekday
T20200009606,2020-05-18,07:02:00,1,Collision with vehicle,1,Monday,110,CROSS TRAFFIC(INTERSECTIONS ONLY),1,51098,Cross intersection,2,50,Local Road,ANN,SHEPPARTON,-36.391636,145.35715,2020,5,May,7,Morning Peak,Weekday
T20200009631,2020-05-18,13:10:00,1,Collision with vehicle,1,Monday,132,RIGHT REAR.,1,653201,Not at intersection,3,60,Arterial Other,FULLARD,CASEY,-38.03109,145.30492,2020,5,May,13,Midday,Weekday
T20200011193,2020-05-18,07:40:00,8,No collision and no object struck,1,Monday,174,OUT OF CONTROL ON CARRIAGEWAY (ON STRAIGHT),1,654970,Not at intersection,3,50,Local Road,TENNYSON,BRIMBANK,-37.72619,144.7784,2020,5,May,7,Morning Peak,Weekday
T20200009603,2020-05-18,06:40:00,1,Collision with vehicle,1,Monday,130,REAR END(VEHICLES IN SAME LANE),1,659063,Not at intersection,2,80,Freeway,MONASH,DANDENONG,-37.94066,145.1988,2020,5,May,6,Morning Peak,Weekday
T20200009643,2020-05-18,15:00:00,1,Collision with vehicle,1,Monday,140,U TURN,1,35482,Cross intersection,3,60,Arterial Other,MT DANDENONG,YARRA RANGES,-37.801704,145.30803,2020,5,May,15,Afternoon Peak,Weekday
T20200009649,2020-05-18,16:50:00,3,Struck animal,1,Monday,167,STRUCK ANIMAL,1,653103,Not at intersection,3,80,Local Road,JAROSITE,SURF COAST,-38.36911,144.2504,2020,5,May,16,Afternoon Peak,Weekday
T20200009634,2020-05-18,12:55:00,1,Collision with vehicle,1,Monday,116,LEFT NEAR (INTERSECTIONS ONLY),1,653603,T intersection,3,50,Local Road,SANCTUARY LAKES SOUTH,WYNDHAM,-37.89783,144.75829,2020,5,May,12,Midday,Weekday
T20200009752,2020-05-18,07:49:00,8,No collision and no object struck,1,Monday,174,OUT OF CONTROL ON CARRIAGEWAY (ON STRAIGHT),1,45654,T intersection,3,60,Arterial Other,SYDNEY,MORELAND,-37.74779,144.96547,2020,5,May,7,Morning Peak,Weekday
T20200009651,2020-05-18,15:40:00,1,Collision with vehicle,1,Monday,110,CROSS TRAFFIC(INTERSECTIONS ONLY),1,44036,Cross intersection,2,80,Arterial Highway,DANDENONG-HASTINGS ROAD -FRANKSTON-FLINDERS,MORNINGTON PENINSULA,-38.27209,145.18996,2020,5,May,15,Afternoon Peak,Weekday
T20200009605,2020-05-18,06:53:00,8,No collision and no object struck,1,Monday,174,OUT OF CONTROL ON CARRIAGEWAY (ON STRAIGHT),1,773345,Not at intersection,2,40,Arterial Other,SWAN,YARRA,-37.824818,144.9904,2020,5,May,6,Morning Peak,Weekday
T20200009653,2020-05-18,14:25:00,1,Collision with vehicle,1,Monday,145,REVERSING IN STREAM OF TRAFFIC,1,660878,T intersection,2,50,Local Road,CARKEEK,WODONGA,-36.132545,146.87706,2020,5,May,14,Midday,Weekday
T20200009656,2020-05-18,18:44:00,4,Collision with a fixed object,1,Monday,171,LEFT OFF CARRIAGEWAY INTO OBJECT/PARKED VEHICLE,3,50090,Cross intersection,3,60,Arterial Other,CARR,GEELONG,-38.167976,144.37247,2020,5,May,18,Afternoon Peak,Weekday
T20200009635,2020-05-18,13:24:00,1,Collision with vehicle,1,Monday,148,VEHICLE OFF FOOTPATH STRIKES VEH ON CARRIAGEWAY,1,652917,Not at intersection,3,50,Local Road,AMES,GLEN EIRA,-37.890865,145.0621,2020,5,May,13,Midday,Weekday
T20200009774,2020-05-18,16:30:00,4,Collision with a fixed object,1,Monday,179,OTHER ACCIDENTS-OFF STRAIGHT NOT INCLUDED IN DCAs 170-175,2,653109,T intersection,3,40,Local Road,WELLINGTON,EAST GIPPSLAND,-37.9186,147.72162,2020,5,May,16,Afternoon Peak,Weekday
T20200009607,2020-05-18,07:30:00,4,Collision with a fixed object,1,Monday,194,PARKED CAR RUN AWAY,1,653148,Not at intersection,2,50,Local Road,BURCHELLI,WYNDHAM,-37.89298,144.60794,2020,5,May,7,Morning Peak,Weekday
T20200010093,2020-05-18,16:30:00,1,Collision with vehicle,1,Monday,130,REAR END(VEHICLES IN SAME LANE),1,653650,Not at intersection,3,60,Arterial Highway,WHITEHALL,MARIBYRNONG,-37.82096,144.89857,2020,5,May,16,Afternoon Peak,Weekday
T20200009616,2020-05-18,08:35:00,1,Collision with vehicle,1,Monday,110,CROSS TRAFFIC(INTERSECTIONS ONLY),1,63801,Cross intersection,2,50,Local Road,MCPHERSON,MOONEE VALLEY,-37.7638,144.92781,2020,5,May,8,Morning Peak,Weekday
T20200010580,2020-05-18,13:23:00,1,Collision with vehicle,1,Monday,121,RIGHT THROUGH,1,729530,T intersection,2,50,Local Road,GLENLYON,MORELAND,-37.773758,144.98163,2020,5,May,13,Midday,Weekday
T20200010030,2020-05-18,13:33:00,1,Collision with vehicle,1,Monday,130,REAR END(VEHICLES IN SAME LANE),1,66629,T intersection,2,70,Arterial Other,MIDDLEBOROUGH,WHITEHORSE,-37.83318,145.13583,2020,5,May,13,Midday,Weekday
T20200009738,2020-05-19,18:05:00,1,Collision with vehicle,2,Tuesday,130,REAR END(VEHICLES IN SAME LANE),2,653447,Not at intersection,3,60,Arterial Highway,BELL,DAREBIN,-37.7449,145.00043,2020,5,May,18,Afternoon Peak,Weekday
T20200009837,2020-05-19,13:30:00,6,Vehicle overturned (no collision),2,Tuesday,174,OUT OF CONTROL ON CARRIAGEWAY (ON STRAIGHT),1,653740,Cross intersection,3,40,Arterial Other,BAY,PORT PHILLIP,-37.84034,144.94073,2020,5,May,13,Midday,Weekday
T20200009692,2020-05-19,12:58:00,1,Collision with vehicle,2,Tuesday,110,CROSS TRAFFIC(INTERSECTIONS ONLY),1,653924,Cross intersection,3,50,Local Road,FRANKLIN,LATROBE,-38.185402,146.55008,2020,5,May,12,Midday,Weekday
T20200010410,2020-05-19,17:30:00,8,No collision and no object struck,2,Tuesday,174,OUT OF CONTROL ON CARRIAGEWAY (ON STRAIGHT),1,653887,Not at intersection,1,50,Local Road,TIMMS,GEELONG,-38.146435,144.34863,2020,5,May,17,Afternoon Peak,Weekday
T20200009707,2020-05-19,15:30:00,6,Vehicle overturned (no collision),2,Tuesday,184,OUT OF CONTROL ON CARRIAGEWAY (ON BEND),1,654318,Not at intersection,3,80,Arterial Other,HEALESVILLE-KINGLAKE,YARRA RANGES,-37.575428,145.48285,2020,5,May,15,Afternoon Peak,Weekday
T20200009714,2020-05-19,17:36:00,1,Collision with vehicle,2,Tuesday,120,HEAD ON (NOT OVERTAKING),2,653369,Not at intersection,2,60,Local Road,WHIPSTICK,BENDIGO,-36.70299,144.2538,2020,5,May,17,Afternoon Peak,Weekday
T20200010834,2020-05-19,16:00:00,1,Collision with vehicle,2,Tuesday,116,LEFT NEAR (INTERSECTIONS ONLY),1,36278,Cross intersection,3,40,Local Road,QUEENSBERRY,MELBOURNE,-37.80456,144.96326,2020,5,May,16,Afternoon Peak,Weekday
T20200012559,2020-05-19,10:45:00,1,Collision with vehicle,2,Tuesday,130,REAR END(VEHICLES IN SAME LANE),1,36813,Cross intersection,3,60,Arterial Other,NORMANBY,PORT PHILLIP,-37.828957,144.94844,2020,5,May,10,Midday,Weekday
T20200009725,2020-05-19,22:30:00,8,No collision and no object struck,2,Tuesday,170,OFF CARRIAGEWAY TO LEFT,5,659549,Not at intersection,2,80,Local Road,LAKES COLQUHOUN,EAST GIPPSLAND,-37.822124,147.97305,2020,5,May,22,Night,Weekday
T20200009706,2020-05-19,13:50:00,1,Collision with vehicle,2,Tuesday,113,RIGHT NEAR (INTERSECTIONS ONLY),1,49997,T intersection,2,60,Arterial Other,SHANNON,GEELONG,-38.155003,144.33366,2020,5,May,13,Midday,Weekday
T20200009696,2020-05-19,13:54:00,2,Struck Pedestrian,2,Tuesday,100,PED NEAR SIDE. PED HIT BY VEHICLE FROM THE RIGHT.,1,653203,Not at intersection,2,60,Local Road,THOMAS,BAYSIDE,-37.917088,145.02313,2020,5,May,13,Midday,Weekday
T20200010978,2020-05-19,18:30:00,1,Collision with vehicle,2,Tuesday,111,RIGHT FAR (INTERSECTIONS ONLY),2,659151,T intersection,3,50,Local Road,BILTMORE,HUME,-37.614925,144.918,2020,5,May,18,Afternoon Peak,Weekday
T20200009665,2020-05-19,03:15:00,6,Vehicle overturned (no collision),2,Tuesday,174,OUT OF CONTROL ON CARRIAGEWAY (ON STRAIGHT),6,653017,Not at intersection,3,60,Local Road,DOOMBEN,WHITTLESEA,-37.66988,145.06651,2020,5,May,3,Late Night,Weekday
T20200009691,2020-05-19,11:50:00,4,Collision with a fixed object,2,Tuesday,183,OFF LEFT BEND INTO OBJECT/PARKED VEHICLE,1,655599,Not at intersection,2,50,Local Road,GREENGABLES,WYNDHAM,-37.886833,144.62186,2020,5,May,11,Midday,Weekday
T20200009678,2020-05-19,11:25:00,1,Collision with vehicle,2,Tuesday,131,LEFT REAR,1,227113,Cross intersection,3,80,Arterial Highway,NEPEAN,BAYSIDE,-37.922874,145.02446,2020,5,May,11,Midday,Weekday
T20200009783,2020-05-20,12:00:00,1,Collision with vehicle,3,Wednesday,130,REAR END(VEHICLES IN SAME LANE),1,653206,Not at intersection,3,80,Arterial Other,MAHONEYS,WHITTLESEA,-37.69207,144.98433,2020,5,May,12,Midday,Weekday
T20200009782,2020-05-20,15:11:00,4,Collision with a fixed object,3,Wednesday,171,LEFT OFF CARRIAGEWAY INTO OBJECT/PARKED VEHICLE,1,653150,Not at intersection,2,80,Arterial Other,EPPING,WHITTLESEA,-37.600933,145.03258,2020,5,May,15,Afternoon Peak,Weekday
T20200009781,2020-05-20,15:10:00,2,Struck Pedestrian,3,Wednesday,100,PED NEAR SIDE. PED HIT BY VEHICLE FROM THE RIGHT.,1,653205,Cross intersection,2,60,Local Road,KOOYONG,GLEN EIRA,-37.868793,145.01831,2020,5,May,15,Afternoon Peak,Weekday
T20200009780,2020-05-20,16:30:00,1,Collision with vehicle,3,Wednesday,132,RIGHT REAR.,1,45334,T intersection,2,60,Local Road,BARRY,HUME,-37.667637,144.96089,2020,5,May,16,Afternoon Peak,Weekday
T20200009777,2020-05-20,16:11:00,1,Collision with vehicle,3,Wednesday,110,CROSS TRAFFIC(INTERSECTIONS ONLY),1,52926,Cross intersection,2,60,Arterial Other,GRANT,BALLARAT,-37.56855,143.86061,2020,5,May,16,Afternoon Peak,Weekday
T20200009775,2020-05-20,16:30:00,1,Collision with vehicle,3,Wednesday,116,LEFT NEAR (INTERSECTIONS ONLY),1,45637,T intersection,2,60,Arterial Other,BRUNSWICK,MORELAND,-37.77701,144.95976,2020,5,May,16,Afternoon Peak,Weekday
T20200009771,2020-05-20,15:00:00,1,Collision with vehicle,3,Wednesday,133,LANE SIDE SWIPE (VEHICLES IN PARALLEL LANES),1,653204,Not at intersection,3,60,Arterial Other,PASCOE VALE,HUME,-37.69051,144.91573,2020,5,May,15,Afternoon Peak,Weekday
T20200009768,2020-05-20,13:10:00,1,Collision with vehicle,3,Wednesday,121,RIGHT THROUGH,1,55652,Cross intersection,2,50,Local Road,LATHAM,GLEN EIRA,-37.91427,145.07498,2020,5,May,13,Midday,Weekday
T20200009765,2020-05-20,14:00:00,1,Collision with vehicle,3,Wednesday,113,RIGHT NEAR (INTERSECTIONS ONLY),1,44831,T intersection,3,80,Arterial Highway,WARBURTON,YARRA RANGES,-37.775642,145.58499,2020,5,May,14,Midday,Weekday
T20200009764,2020-05-20,10:55:00,1,Collision with vehicle,3,Wednesday,147,VEHICLE STRIKES ANOTHER VEH WHILE EMERGING FROM DRIVEWAY,1,653601,Not at intersection,2,60,Local Road,CLARKES,GOLDEN PLAINS,-37.721638,143.80765,2020,5,May,10,Midday,Weekday
T20200009751,2020-05-20,07:30:00,1,Collision with vehicle,3,Wednesday,110,CROSS TRAFFIC(INTERSECTIONS ONLY),1,52885,Cross intersection,3,60,Local Road,GEORGE,BALLARAT,-37.563957,143.87828,2020,5,May,7,Morning Peak,Weekday
T20200009750,2020-05-20,08:35:00,1,Collision with vehicle,3,Wednesday,147,VEHICLE STRIKES ANOTHER VEH WHILE EMERGING FROM DRIVEWAY,1,655284,Not at intersection,3,80,Arterial Other,CRANBOURNE,FRANKSTON,-38.15498,145.16545,2020,5,May,8,Morning Peak,Weekday
T20200009746,2020-05-20,11:45:00,1,Collision with vehicle,3,Wednesday,139,OTHER SAME DIRECTION-MANOUEVRES NOT INCLUDED IN DCAs 130-137,1,653926,Not at intersection,3,80,Arterial Other,FERNTREE GULLY,KNOX,-37.88491,145.26855,2020,5,May,11,Midday,Weekday
T20200009742,2020-05-20,10:41:00,1,Collision with vehicle,3,Wednesday,152,PULLING OUT (OVERTAKING),1,656326,Not at intersection,2,100,Arterial Other,MORNINGTON-FLINDERS,MORNINGTON PENINSULA,-38.41669,144.98636,2020,5,May,10,Midday,Weekday
T20200009739,2020-05-20,05:46:00,4,Collision with a fixed object,3,Wednesday,181,OFF RIGHT BEND INTO OBJECT/PARKED VEHICLE,2,58901,T intersection,1,100,Local Road,BOLITHO,CAMPASPE,-36.324383,145.06776,2020,5,May,5,Morning Peak,Weekday
T20200009757,2020-05-20,12:02:00,1,Collision with vehicle,3,Wednesday,113,RIGHT NEAR (INTERSECTIONS ONLY),1,278703,Multiple intersection,2,70,Freeway,BACCHUS MARSH,GEELONG,-38.05862,144.35825,2020,5,May,12,Midday,Weekday
T20200009826,2020-05-20,23:00:00,5,collision with some other object,3,Wednesday,166,STRUCK OBJECT ON CARRIAGEWAY,3,729503,Cross intersection,2,60,Local Road,ELGIN,MELBOURNE,-37.79715,144.96747,2020,5,May,23,Night,Weekday
T20200009830,2020-05-20,18:55:00,1,Collision with vehicle,3,Wednesday,121,RIGHT THROUGH,3,286900,Cross intersection,2,60,Arterial Other,CAMMS,CASEY,-38.100475,145.29233,2020,5,May,18,Afternoon Peak,Weekday
T20200009831,2020-05-20,15:05:00,1,Collision with vehicle,3,Wednesday,130,REAR END(VEHICLES IN SAME LANE),1,653602,Not at intersection,3,80,Arterial Highway,BURWOOD,KNOX,-37.87837,145.26442,2020,5,May,15,Afternoon Peak,Weekday
T20200011028,2020-05-20,08:47:00,1,Collision with vehicle,3,Wednesday,113,RIGHT NEAR (INTERSECTIONS ONLY),1,36649,T intersection,2,60,Arterial Other,BONEO,MORNINGTON PENINSULA,-38.378525,144.88904,2020,5,May,8,Morning Peak,Weekday
T20200009872,2020-05-20,23:50:00,2,Struck Pedestrian,3,Wednesday,105,PED WALKING AGAINST TRAFFIC.,3,729727,Not at intersection,3,60,Local Road,WIDFORD,HUME,-37.69007,144.92604,2020,5,May,23,Night,Weekday
T20200009735,2020-05-20,07:51:00,1,Collision with vehicle,3,Wednesday,121,RIGHT THROUGH,1,36151,Cross intersection,3,80,Arterial Highway,WELLINGTON,MONASH,-37.918255,145.1554,2020,5,May,7,Morning Peak,Weekday
T20200009732,2020-05-20,07:00:00,1,Collision with vehicle,3,Wednesday,130,REAR END(VEHICLES IN SAME LANE),1,302384,Not at intersection,3,100,Freeway,HIGH-PRINCES IN,HOBSONS BAY,-37.86495,144.77574,2020,5,May,7,Morning Peak,Weekday
T20200009724,2020-05-20,01:22:00,5,collision with some other object,3,Wednesday,173,RIGHT OFF CARRIAGEWAY INTO OBJECT/PARKED VEHICLE,3,653160,Not at intersection,3,60,Arterial Other,WALLAN-WHITTLESEA,MITCHELL,-37.41856,144.99922,2020,5,May,1,Late Night,Weekday
T20200010859,2020-05-20,17:00:00,8,No collision and no object struck,3,Wednesday,174,OUT OF CONTROL ON CARRIAGEWAY (ON STRAIGHT),1,664812,Not at intersection,3,60,Local Road,BROOKLYN,MELTON,-37.702953,144.57469,2020,5,May,17,Afternoon Peak,Weekday
T20200009929,2020-05-20,17:45:00,4,Collision with a fixed object,3,Wednesday,175,OFF END OF ROAD/T-INTERSECTION.,5,20803,T intersection,3,100,Arterial Other,DROUIN-KORUMBURRA ROAD -WESTERNPORT,BAW BAW,-38.17239,145.82039,2020,5,May,17,Afternoon Peak,Weekday
T20200009888,2020-05-20,16:50:00,1,Collision with vehicle,3,Wednesday,130,REAR END(VEHICLES IN SAME LANE),2,37801,Cross intersection,3,60,Arterial Other,NICHOLSON,MORELAND,-37.7526,144.97636,2020,5,May,16,Afternoon Peak,Weekday
T20200009766,2020-05-20,13:15:00,2,Struck Pedestrian,3,Wednesday,100,PED NEAR SIDE. PED HIT BY VEHICLE FROM THE RIGHT.,1,29636,Cross intersection,2,60,Arterial Other,GLEN EIRA,GLEN EIRA,-37.87692,144.998,2020,5,May,13,Midday,Weekday
T20200012776,2020-05-20,14:20:00,1,Collision with vehicle,3,Wednesday,130,REAR END(VEHICLES IN SAME LANE),1,729327,Not at intersection,3,60,Arterial Other,DERRIMUT,WYNDHAM,-37.805157,144.69592,2020,5,May,14,Midday,Weekday
T20200009756,2020-05-20,12:04:00,2,Struck Pedestrian,3,Wednesday,106,VEH STRIKES PED ON FOOTPATH/MEDIAN/TRAFFIC ISLAND.,1,654361,Not at intersection,3,50,Local Road,RAILWAY,MAROONDAH,-37.812843,145.24806,2020,5,May,12,Midday,Weekday
T20200009799,2020-05-20,22:36:00,1,Collision with vehicle,3,Wednesday,130,REAR END(VEHICLES IN SAME LANE),3,653208,Not at intersection,3,60,Arterial Other,BARRY,HUME,-37.66413,144.92511,2020,5,May,22,Night,Weekday
T20200009797,2020-05-20,20:54:00,5,collision with some other object,3,Wednesday,166,STRUCK OBJECT ON CARRIAGEWAY,3,660506,Not at intersection,2,60,Arterial Other,DONCASTER,BOROONDARA,-37.790504,145.0978,2020,5,May,20,Night,Weekday
T20200009796,2020-05-20,20:20:00,2,Struck Pedestrian,3,Wednesday,106,VEH STRIKES PED ON FOOTPATH/MEDIAN/TRAFFIC ISLAND.,5,653371,Not at intersection,2,60,Local Road,CHURCHILL,GLEN EIRA,-37.90431,145.06245,2020,5,May,20,Night,Weekday
T20200009794,2020-05-20,20:13:00,5,collision with some other object,3,Wednesday,191,LOAD OR MISSILE STRUCK VEHICLE,3,653301,Not at intersection,2,100,Freeway,MONASH,STONNINGTON,-37.880375,145.08627,2020,5,May,20,Night,Weekday
T20200009753,2020-05-20,10:00:00,1,Collision with vehicle,3,Wednesday,110,CROSS TRAFFIC(INTERSECTIONS ONLY),1,664226,Cross intersection,3,50,Local Road,HUGHES,GEELONG,-38.10883,144.33487,2020,5,May,10,Midday,Weekday
T20200015171,2020-05-20,22:10:00,1,Collision with vehicle,3,Wednesday,113,RIGHT NEAR (INTERSECTIONS ONLY),3,681434,T intersection,3,80,Arterial Highway,STATE (BELL/SPRINGVALE),MONASH,-37.912254,145.15984,2020,5,May,22,Night,Weekday
T20200009787,2020-05-20,18:01:00,1,Collision with vehicle,3,Wednesday,121,RIGHT THROUGH,3,39047,Cross intersection,2,60,Arterial Other,RATHMINES,BOROONDARA,-37.821392,145.0586,2020,5,May,18,Afternoon Peak,Weekday
T20200011190,2020-05-21,16:50:00,1,Collision with vehicle,4,Thursday,130,REAR END(VEHICLES IN SAME LANE),2,285957,Not at intersection,3,80,Freeway,BOUNDARY,BRIMBANK,-37.8152,144.80806,2020,5,May,16,Afternoon Peak,Weekday
T20200015404,2020-05-21,14:41:00,1,Collision with vehicle,4,Thursday,121,RIGHT THROUGH,1,221997,T intersection,3,60,Freeway,ELGAR,WHITEHORSE,-37.796593,145.1184,2020,5,May,14,Midday,Weekday
T20200010019,2020-05-21,16:30:00,1,Collision with vehicle,4,Thursday,131,LEFT REAR,1,35718,T intersection,3,50,Arterial Other,JOHNSTONE,HUME,-37.683914,144.91374,2020,5,May,16,Afternoon Peak,Weekday
T20200009809,2020-05-21,06:40:00,1,Collision with vehicle,4,Thursday,130,REAR END(VEHICLES IN SAME LANE),3,336915,Cross intersection,3,80,Arterial Other,KINGS,BRIMBANK,-37.697475,144.78136,2020,5,May,6,Morning Peak,Weekday
T20200010375,2020-05-21,19:30:00,6,Vehicle overturned (no collision),4,Thursday,174,OUT OF CONTROL ON CARRIAGEWAY (ON STRAIGHT),6,29438,T intersection,3,60,Arterial Other,BRIDGE,YARRA,-37.818333,144.9969,2020,5,May,19,Night,Weekday
T20200010446,2020-05-21,14:30:00,1,Collision with vehicle,4,Thursday,121,RIGHT THROUGH,9,667514,Cross intersection,3,70,Arterial Other,CENTRE,GLEN EIRA,-37.921177,145.05923,2020,5,May,14,Midday,Weekday
T20210003586,2020-05-21,07:15:00,1,Collision with vehicle,4,Thursday,121,RIGHT THROUGH,1,51729,Cross intersection,3,60,Local Road,CAMP,BENDIGO,-36.797047,144.24538,2020,5,May,7,Morning Peak,Weekday
T20200010173,2020-05-21,10:15:00,6,Vehicle overturned (no collision),4,Thursday,174,OUT OF CONTROL ON CARRIAGEWAY (ON STRAIGHT),1,653750,Not at intersection,3,50,Arterial Other,NICHOLSON,MORELAND,-37.762684,144.97893,2020,5,May,10,Midday,Weekday
T20200009871,2020-05-21,19:20:00,1,Collision with vehicle,4,Thursday,121,RIGHT THROUGH,3,311994,Cross intersection,3,60,Arterial Other,MELTON,MELTON,-37.692562,144.75003,2020,5,May,19,Night,Weekday
T20200009894,2020-05-21,13:00:00,1,Collision with vehicle,4,Thursday,139,OTHER SAME DIRECTION-MANOUEVRES NOT INCLUDED IN DCAs 130-137,1,653742,Unknown,3,80,Arterial Other,HEATHCOTE-ROCHESTER,CAMPASPE,-36.50545,144.77678,2020,5,May,13,Midday,Weekday
T20200009844,2020-05-21,10:00:00,8,No collision and no object struck,4,Thursday,174,OUT OF CONTROL ON CARRIAGEWAY (ON STRAIGHT),1,653302,Not at intersection,3,40,Local Road,COLBY,YARRA RANGES,-37.92219,145.352,2020,5,May,10,Midday,Weekday
T20220015080,2020-05-21,14:30:00,1,Collision with vehicle,4,Thursday,120,HEAD ON (NOT OVERTAKING),9,780095,Not at intersection,3,60,Arterial Other,WHEATSHEAF,MORELAND,-37.706783,144.92006,2020,5,May,14,Midday,Weekday
T20200009850,2020-05-21,17:00:00,1,Collision with vehicle,4,Thursday,121,RIGHT THROUGH,2,277792,Multiple intersection,2,80,Local Road,HAMMOND,DANDENONG,-38.00316,145.20793,2020,5,May,17,Afternoon Peak,Weekday
T20200011498,2020-05-21,18:50:00,8,No collision and no object struck,4,Thursday,174,OUT OF CONTROL ON CARRIAGEWAY (ON STRAIGHT),3,65945,T intersection,3,50,Arterial Other,BURKE,BOROONDARA,-37.81562,145.0597,2020,5,May,18,Afternoon Peak,Weekday
T20200009807,2020-05-21,06:40:00,1,Collision with vehicle,4,Thursday,130,REAR END(VEHICLES IN SAME LANE),3,40816,T intersection,3,80,Arterial Highway,SPRINGVALE,WHITEHORSE,-37.833004,145.17311,2020,5,May,6,Morning Peak,Weekday
T20200009818,2020-05-21,09:00:00,4,Collision with a fixed object,4,Thursday,183,OFF LEFT BEND INTO OBJECT/PARKED VEHICLE,1,654802,Not at intersection,2,100,Arterial Highway,MELBA,YARRA RANGES,-37.634655,145.40123,2020,5,May,9,Morning Peak,Weekday
T20200009819,2020-05-21,09:18:00,4,Collision with a fixed object,4,Thursday,171,LEFT OFF CARRIAGEWAY INTO OBJECT/PARKED VEHICLE,1,780720,Not at intersection,3,100,Arterial Other,WANGARATTA-YARRAWONGA,WANGARATTA,-36.307304,146.2762,2020,5,May,9,Morning Peak,Weekday
T20200016360,2020-05-21,15:15:00,1,Collision with vehicle,4,Thursday,130,REAR END(VEHICLES IN SAME LANE),1,773295,Not at intersection,3,100,Freeway,MONASH,MONASH,-37.883987,145.09279,2020,5,May,15,Afternoon Peak,Weekday
T20200009858,2020-05-21,19:00:00,8,No collision and no object struck,4,Thursday,174,OUT OF CONTROL ON CARRIAGEWAY (ON STRAIGHT),3,656191,T intersection,2,60,Arterial Highway,NORTH,BAYSIDE,-37.900684,145.01305,2020,5,May,19,Night,Weekday
T20200009878,2020-05-21,23:30:00,4,Collision with a fixed object,4,Thursday,171,LEFT OFF CARRIAGEWAY INTO OBJECT/PARKED VEHICLE,3,653692,Not at intersection,2,100,Freeway,MONASH,CASEY,-37.970936,145.2371,2020,5,May,23,Night,Weekday
T20200009828,2020-05-21,12:24:00,1,Collision with vehicle,4,Thursday,121,RIGHT THROUGH,1,47717,T intersection,2,60,Local Road,DALGETY,DANDENONG,-37.994526,145.20961,2020,5,May,12,Midday,Weekday
T20200009873,2020-05-21,21:17:00,2,Struck Pedestrian,4,Thursday,108,PED STRUCK WALKING TO/FROM OR BOARDING/ALIGHTING VEHICLE.,3,29523,Y intersection,3,60,Arterial Other,BALLARAT,MARIBYRNONG,-37.792385,144.89348,2020,5,May,21,Night,Weekday
T20200009866,2020-05-21,18:44:00,4,Collision with a fixed object,4,Thursday,173,RIGHT OFF CARRIAGEWAY INTO OBJECT/PARKED VEHICLE,3,672960,T intersection,2,80,Arterial Highway,UNNAMED,SHEPPARTON,-36.386894,145.38095,2020,5,May,18,Afternoon Peak,Weekday