ACCIDENT_NO,ACCIDENT_DATE,ACCIDENT_TIME,ACCIDENT_TYPE,ACCIDENT_TYPE_DESC,DAY_OF_WEEK,DAY_WEEK_DESC,DCA_CODE,DCA_DESC,LIGHT_CONDITION,NODE_ID,ROAD_GEOMETRY_DESC,SEVERITY,SPEED_ZONE,RMA,ROAD_NAME,LGA_NAME,LATITUDE,LONGITUDE,YEAR,MONTH,MONTH_NAME,HOUR,TIME_PERIOD,DAY_TYPE
T20200009835,2020-05-21,11:30:00,1,Collision with vehicle,4,Thursday,116,LEFT NEAR (INTERSECTIONS ONLY),1,773240,T intersection,2,50,Local Road,CADLES,FRANKSTON,-38.08843,145.18814,2020,5,May,11,Midday,Weekday
T20200009838,2020-05-21,12:58:00,1,Collision with vehicle,4,Thursday,113,RIGHT NEAR (INTERSECTIONS ONLY),1,53179,Cross intersection,2,80,Arterial Other,WESTALL,DANDENONG,-37.945877,145.13959,2020,5,May,12,Midday,Weekday
T20200010213,2020-05-21,07:10:00,1,Collision with vehicle,4,Thursday,130,REAR END(VEHICLES IN SAME LANE),2,653928,Not at intersection,3,60,Arterial Other,CANTERBURY,BOROONDARA,-37.825356,145.09229,2020,5,May,7,Morning Peak,Weekday
T20200009853,2020-05-21,17:33:00,1,Collision with vehicle,4,Thursday,116,LEFT NEAR (INTERSECTIONS ONLY),3,659662,T intersection,2,80,Arterial Highway,MAROONDAH,MAROONDAH,-37.790043,145.26633,2020,5,May,17,Afternoon Peak,Weekday
T20200010099,2020-05-21,21:46:00,1,Collision with vehicle,4,Thursday,110,CROSS TRAFFIC(INTERSECTIONS ONLY),3,35773,Multiple intersection,2,50,Arterial Other,GISBORNE,MOORABOOL,-37.659164,144.44232,2020,5,May,21,Night,Weekday
T20200009852,2020-05-21,17:26:00,1,Collision with vehicle,4,Thursday,147,VEHICLE STRIKES ANOTHER VEH WHILE EMERGING FROM DRIVEWAY,3,653741,Not at intersection,3,60,Arterial Other,MACAULAY,MELBOURNE,-37.796635,144.94025,2020,5,May,17,Afternoon Peak,Weekday
T20200009865,2020-05-21,19:05:00,1,Collision with vehicle,4,Thursday,111,RIGHT FAR (INTERSECTIONS ONLY),3,50338,Cross intersection,3,50,Local Road,BELL,SURF COAST,-38.33753,144.31921,2020,5,May,19,Night,Weekday
T20200009870,2020-05-21,19:45:00,1,Collision with vehicle,4,Thursday,169,OTHER ON PATH,3,668327,Not at intersection,2,60,Local Road,FRANKLIN,LATROBE,-38.18481,146.54613,2020,5,May,19,Night,Weekday
T20200010090,2020-05-21,00:05:00,3,Struck animal,4,Thursday,167,STRUCK ANIMAL,5,656699,Not at intersection,3,100,Local Road,BROADFORD-WANDONG,MITCHELL,-37.240944,145.04489,2020,5,May,0,Late Night,Weekday
T20200009941,2020-05-22,18:50:00,1,Collision with vehicle,5,Friday,163,VEHICLE STRIKES DOOR OF PARKED/STATIONARY VEHICLE,5,653451,Not at intersection,2,50,Arterial Other,DAREBIN,DAREBIN,-37.764862,145.0145,2020,5,May,18,Afternoon Peak,Weekday
T20200009943,2020-05-22,21:25:00,1,Collision with vehicle,5,Friday,110,CROSS TRAFFIC(INTERSECTIONS ONLY),3,42615,Cross intersection,2,50,Local Road,BAKERS,MORELAND,-37.72662,144.95651,2020,5,May,21,Night,Weekday
T20200009945,2020-05-22,22:20:00,1,Collision with vehicle,5,Friday,147,VEHICLE STRIKES ANOTHER VEH WHILE EMERGING FROM DRIVEWAY,3,656602,Not at intersection,3,70,Arterial Other,COOPER,WHITTLESEA,-37.651737,145.02135,2020,5,May,22,Night,Weekday
T20200010014,2020-05-22,15:40:00,1,Collision with vehicle,5,Friday,130,REAR END(VEHICLES IN SAME LANE),1,654169,Not at intersection,3,80,Freeway,CITYLINK IN-BELL,MOONEE VALLEY,-37.73457,144.92715,2020,5,May,15,Afternoon Peak,Weekday
T20200009952,2020-05-22,11:50:00,1,Collision with vehicle,5,Friday,147,VEHICLE STRIKES ANOTHER VEH WHILE EMERGING FROM DRIVEWAY,1,668328,Not at intersection,3,60,Arterial Other,SHANNON,GEELONG,-38.142628,144.33597,2020,5,May,11,Midday,Weekday
T20200009955,2020-05-22,14:10:00,1,Collision with vehicle,5,Friday,169,OTHER ON PATH,1,653562,Not at intersection,2,50,Local Road,LINCOLN,BAW BAW,-38.14994,145.93654,2020,5,May,14,Midday,Weekday
T20200009889,2020-05-22,05:55:00,2,Struck Pedestrian,5,Friday,102,FAR SIDE. PED HIT BY VEHICLE FROM THE LEFT,3,657005,T intersection,3,60,Arterial Other,ELEVENTH,MILDURA,-34.195362,142.16434,2020,5,May,5,Morning Peak,Weekday
T20200010262,2020-05-22,07:55:00,1,Collision with vehicle,5,Friday,110,CROSS TRAFFIC(INTERSECTIONS ONLY),1,42016,Multiple intersection,3,60,Local Road,DENDY,BAYSIDE,-37.919483,144.99312,2020,5,May,7,Morning Peak,Weekday
T20200009905,2020-05-22,12:05:00,1,Collision with vehicle,5,Friday,130,REAR END(VEHICLES IN SAME LANE),1,653449,Not at intersection,3,60,Arterial Highway,NORTH,MONASH,-37.909946,145.08894,2020,5,May,12,Midday,Weekday
T20200009892,2020-05-22,10:27:00,1,Collision with vehicle,5,Friday,120,HEAD ON (NOT OVERTAKING),1,653560,Cross intersection,3,80,Arterial Other,FERNTREE GULLY,MONASH,-37.90579,145.18025,2020,5,May,10,Midday,Weekday
T20200009884,2020-05-22,04:30:00,4,Collision with a fixed object,5,Friday,181,OFF RIGHT BEND INTO OBJECT/PARKED VEHICLE,3,657758,Not at intersection,3,60,Arterial Other,BEACH,PORT PHILLIP,-37.862057,144.97278,2020,5,May,4,Late Night,Weekday
T20200010112,2020-05-22,14:25:00,1,Collision with vehicle,5,Friday,113,RIGHT NEAR (INTERSECTIONS ONLY),1,15456,Cross intersection,2,100,Arterial Highway,SURF COAST,SURF COAST,-38.263073,144.32974,2020,5,May,14,Midday,Weekday
T20200009922,2020-05-22,16:47:00,1,Collision with vehicle,5,Friday,121,RIGHT THROUGH,1,227538,Cross intersection,2,80,Arterial Highway,PLENTY,BANYULE,-37.688423,145.06656,2020,5,May,16,Afternoon Peak,Weekday
T20200010205,2020-05-22,18:45:00,1,Collision with vehicle,5,Friday,130,REAR END(VEHICLES IN SAME LANE),3,42209,T intersection,3,60,Local Road,HUTCHINSON,GLEN EIRA,-37.924248,145.05019,2020,5,May,18,Afternoon Peak,Weekday
T20200009924,2020-05-22,17:40:00,1,Collision with vehicle,5,Friday,110,CROSS TRAFFIC(INTERSECTIONS ONLY),3,281862,Cross intersection,3,80,Local Road,JOHN SCHUBERT,WODONGA,-36.17658,146.941,2020,5,May,17,Afternoon Peak,Weekday
T20200010314,2020-05-22,14:00:00,1,Collision with vehicle,5,Friday,133,LANE SIDE SWIPE (VEHICLES IN PARALLEL LANES),1,36563,T intersection,3,40,Local Road,SMITH,YARRA,-37.801228,144.98389,2020,5,May,14,Midday,Weekday
T20200009927,2020-05-22,17:15:00,1,Collision with vehicle,5,Friday,130,REAR END(VEHICLES IN SAME LANE),2,729508,Not at intersection,3,80,Arterial Highway,PLENTY,WHITTLESEA,-37.68819,145.06636,2020,5,May,17,Afternoon Peak,Weekday
T20200009901,2020-05-22,10:15:00,2,Struck Pedestrian,5,Friday,103,PED PLAYING/LYING/WORKING/STANDING ON CARRIAGEWAY.,1,655927,Not at intersection,3,60,Arterial Other,WARRANDYTE,MAROONDAH,-37.80853,145.23053,2020,5,May,10,Midday,Weekday
T20200011541,2020-05-22,18:00:00,1,Collision with vehicle,5,Friday,110,CROSS TRAFFIC(INTERSECTIONS ONLY),2,29730,Cross intersection,3,60,Arterial Highway,NEPEAN,FRANKSTON,-38.130775,145.1251,2020,5,May,18,Afternoon Peak,Weekday
T20200018704,2020-05-22,16:10:00,1,Collision with vehicle,5,Friday,140,U TURN,1,665587,Not at intersection,3,60,Arterial Other,BARWON HEADS,GEELONG,-38.188324,144.35622,2020,5,May,16,Afternoon Peak,Weekday
T20200009994,2020-05-22,17:40:00,1,Collision with vehicle,5,Friday,132,RIGHT REAR.,2,340457,Cross intersection,3,60,Arterial Other,KINGS,BRIMBANK,-37.71085,144.77798,2020,5,May,17,Afternoon Peak,Weekday
T20200009936,2020-05-22,17:50:00,1,Collision with vehicle,5,Friday,120,HEAD ON (NOT OVERTAKING),5,729728,Not at intersection,3,80,Arterial Highway,PRINCES,EAST GIPPSLAND,-37.815536,147.75037,2020,5,May,17,Afternoon Peak,Weekday
T20200009935,2020-05-22,17:54:00,4,Collision with a fixed object,5,Friday,175,OFF END OF ROAD/T-INTERSECTION.,3,657942,T intersection,2,50,Local Road,ROLLAND,MORELAND,-37.738792,144.96008,2020,5,May,17,Afternoon Peak,Weekday
T20200010821,2020-05-22,07:22:00,1,Collision with vehicle,5,Friday,130,REAR END(VEHICLES IN SAME LANE),1,729293,Cross intersection,3,70,Arterial Highway,DANDENONG ROAD -QUEENS,PORT PHILLIP,-37.857815,144.99232,2020,5,May,7,Morning Peak,Weekday
T20200009916,2020-05-22,06:40:00,6,Vehicle overturned (no collision),5,Friday,174,OUT OF CONTROL ON CARRIAGEWAY (ON STRAIGHT),2,653373,Not at intersection,3,50,Arterial Highway,SPRINGVALE,MONASH,-37.9179,145.15883,2020,5,May,6,Morning Peak,Weekday
T20200011020,2020-05-22,02:15:00,1,Collision with vehicle,5,Friday,130,REAR END(VEHICLES IN SAME LANE),3,729798,T intersection,3,60,Local Road,LYDIARD,BALLARAT,-37.557796,143.85852,2020,5,May,2,Late Night,Weekday
T20200010003,2020-05-23,18:26:00,2,Struck Pedestrian,6,Saturday,100,PED NEAR SIDE. PED HIT BY VEHICLE FROM THE RIGHT.,3,39539,Y intersection,2,60,Arterial Other,MITCHAM,MANNINGHAM,-37.80405,145.18925,2020,5,May,18,Afternoon Peak,Weekend
T20200013712,2020-05-23,09:00:00,8,No collision and no object struck,6,Saturday,174,OUT OF CONTROL ON CARRIAGEWAY (ON STRAIGHT),1,56552,Cross intersection,3,60,Local Road,CALDER PARK,MELTON,-37.710667,144.75522,2020,5,May,9,Morning Peak,Weekend
T20200009948,2020-05-23,02:20:00,1,Collision with vehicle,6,Saturday,120,HEAD ON (NOT OVERTAKING),5,653646,Not at intersection,3,80,Arterial Other,BALLARTO,CASEY,-38.140697,145.38177,2020,5,May,2,Late Night,Weekend
T20200010299,2020-05-23,15:30:00,1,Collision with vehicle,6,Saturday,130,REAR END(VEHICLES IN SAME LANE),1,143,Not at intersection,3,60,Arterial Highway,ALEXANDRA,YARRA,-37.79395,144.98392,2020,5,May,15,Afternoon Peak,Weekend
T20200009956,2020-05-23,07:25:00,1,Collision with vehicle,6,Saturday,110,CROSS TRAFFIC(INTERSECTIONS ONLY),1,245214,Cross intersection,2,80,Arterial Highway,DANDENONG,GLEN EIRA,-37.884068,145.05804,2020,5,May,7,Morning Peak,Weekend
T20200009960,2020-05-23,08:30:00,5,collision with some other object,6,Saturday,166,STRUCK OBJECT ON CARRIAGEWAY,1,654220,Not at intersection,3,60,Arterial Highway,PHILLIP ISLAND,BASS COAST,-38.51466,145.35324,2020,5,May,8,Morning Peak,Weekend
T20200010170,2020-05-23,12:15:00,8,No collision and no object struck,6,Saturday,174,OUT OF CONTROL ON CARRIAGEWAY (ON STRAIGHT),1,654316,Not at intersection,3,50,Local Road,NORTH EASTERN,MURRINDINDI,-37.33013,145.59311,2020,5,May,12,Midday,Weekend
T20200010264,2020-05-23,13:40:00,1,Collision with vehicle,6,Saturday,121,RIGHT THROUGH,1,29611,T intersection,3,60,Arterial Other,HIGH,BOROONDARA,-37.862804,145.07457,2020,5,May,13,Midday,Weekend
T20200009964,2020-05-23,08:59:00,4,Collision with a fixed object,6,Saturday,173,RIGHT OFF CARRIAGEWAY INTO OBJECT/PARKED VEHICLE,1,668329,Not at intersection,3,100,Freeway,MONASH,MONASH,-37.90168,145.15225,2020,5,May,8,Morning Peak,Weekend
T20200010179,2020-05-23,13:45:00,1,Collision with vehicle,6,Saturday,120,HEAD ON (NOT OVERTAKING),1,679910,Not at intersection,2,100,Local Road,UNNAMED,BAW BAW,-38.031364,146.07983,2020,5,May,13,Midday,Weekend
T20200010004,2020-05-23,20:45:00,6,Vehicle overturned (no collision),6,Saturday,174,OUT OF CONTROL ON CARRIAGEWAY (ON STRAIGHT),3,658784,Not at intersection,2,50,Local Road,MONTROSE,CASEY,-38.098835,145.25641,2020,5,May,20,Night,Weekend
T20200010122,2020-05-23,18:00:00,1,Collision with vehicle,6,Saturday,113,RIGHT NEAR (INTERSECTIONS ONLY),3,42504,T intersection,3,60,Arterial Highway,SPRINGVALE,DANDENONG,-37.95437,145.15187,2020,5,May,18,Afternoon Peak,Weekend
T20200009968,2020-05-23,11:16:00,1,Collision with vehicle,6,Saturday,121,RIGHT THROUGH,1,56730,T intersection,3,50,Local Road,BRAND,WHITTLESEA,-37.688652,145.03484,2020,5,May,11,Midday,Weekend
T20200009969,2020-05-23,10:10:00,6,Vehicle overturned (no collision),6,Saturday,180,OFF CARRIAGEWAY ON RIGHT BEND,1,729276,Not at intersection,3,100,Arterial Other,NATIMUK-HAMILTON,SOUTHERN GRAMPIANS,-37.305984,141.8668,2020,5,May,10,Midday,Weekend
T20200009970,2020-05-23,08:35:00,4,Collision with a fixed object,6,Saturday,151,OUT OF CONTROL (OVERTAKING),1,653374,Not at intersection,2,60,Arterial Other,FLEMINGTON ROAD SERVICE,MELBOURNE,-37.794563,144.94896,2020,5,May,8,Morning Peak,Weekend
T20200009972,2020-05-23,12:20:00,1,Collision with vehicle,6,Saturday,131,LEFT REAR,1,653744,Not at intersection,2,70,Local Road,HALL,FRANKSTON,-38.101692,145.19043,2020,5,May,12,Midday,Weekend
T20200010131,2020-05-23,17:00:00,8,No collision and no object struck,6,Saturday,174,OUT OF CONTROL ON CARRIAGEWAY (ON STRAIGHT),2,653566,Not at intersection,3,50,Local Road,HODGE,YARRA RANGES,-37.750175,145.65825,2020,5,May,17,Afternoon Peak,Weekend
T20200010350,2020-05-23,13:17:00,1,Collision with vehicle,6,Saturday,132,RIGHT REAR.,1,39637,T intersection,2,60,Arterial Other,WANTIRNA,MAROONDAH,-37.828922,145.22717,2020,5,May,13,Midday,Weekend
T20200010002,2020-05-23,18:35:00,2,Struck Pedestrian,6,Saturday,100,PED NEAR SIDE. PED HIT BY VEHICLE FROM THE RIGHT.,3,231516,T intersection,2,60,Arterial Highway,LOWER DANDENONG,KINGSTON,-37.982594,145.07411,2020,5,May,18,Afternoon Peak,Weekend
T20200010001,2020-05-23,15:12:00,4,Collision with a fixed object,6,Saturday,183,OFF LEFT BEND INTO OBJECT/PARKED VEHICLE,1,658246,Not at intersection,2,100,Local Road,TAMBO UPPER,EAST GIPPSLAND,-37.733585,147.8539,2020,5,May,15,Afternoon Peak,Weekend
T20200009999,2020-05-23,20:13:00,1,Collision with vehicle,6,Saturday,130,REAR END(VEHICLES IN SAME LANE),3,657314,Cross intersection,2,60,Arterial Other,SOMERTON,HUME,-37.640522,144.9289,2020,5,May,20,Night,Weekend
T20200009998,2020-05-23,19:23:00,1,Collision with vehicle,6,Saturday,121,RIGHT THROUGH,3,773465,Not at intersection,3,80,Arterial Other,PASCOE VALE,HUME,-37.645393,144.93005,2020,5,May,19,Night,Weekend
T20200010245,2020-05-23,18:25:00,1,Collision with vehicle,6,Saturday,116,LEFT NEAR (INTERSECTIONS ONLY),3,355606,Cross intersection,3,80,Arterial Highway,MANGANS,YARRA RANGES,-37.75067,145.37169,2020,5,May,18,Afternoon Peak,Weekend
T20200009986,2020-05-23,14:45:00,1,Collision with vehicle,6,Saturday,130,REAR END(VEHICLES IN SAME LANE),1,11180,Cross intersection,3,80,Arterial Highway,SOUTH GIPPSLAND,CASEY,-38.050434,145.2576,2020,5,May,14,Midday,Weekend
T20200009985,2020-05-23,15:03:00,1,Collision with vehicle,6,Saturday,121,RIGHT THROUGH,1,243783,T intersection,2,80,Arterial Other,NARRE WARREN,CASEY,-38.098442,145.29272,2020,5,May,15,Afternoon Peak,Weekend
T20200009978,2020-05-23,14:30:00,1,Collision with vehicle,6,Saturday,113,RIGHT NEAR (INTERSECTIONS ONLY),1,322457,T intersection,3,60,Arterial Other,PAYNESVILLE,EAST GIPPSLAND,-37.82743,147.64107,2020,5,May,14,Midday,Weekend
T20200011496,2020-05-23,15:30:00,1,Collision with vehicle,6,Saturday,134,LANE CHANGE RIGHT (NOT OVERTAKING),1,668448,Not at intersection,3,100,Freeway,EASTERN,WHITEHORSE,-37.802856,145.16713,2020,5,May,15,Afternoon Peak,Weekend
T20200010047,2020-05-23,08:30:00,8,No collision and no object struck,6,Saturday,184,OUT OF CONTROL ON CARRIAGEWAY (ON BEND),1,69786,T intersection,2,50,Local Road,BAILEY,CARDINIA,-37.933746,145.48335,2020,5,May,8,Morning Peak,Weekend
T20200010365,2020-05-23,12:30:00,1,Collision with vehicle,6,Saturday,130,REAR END(VEHICLES IN SAME LANE),1,55492,Cross intersection,3,60,Arterial Other,WATTLETREE,NILLUMBIK,-37.703545,145.15332,2020,5,May,12,Midday,Weekend
T20200010196,2020-05-24,14:30:00,8,No collision and no object struck,7,Sunday,174,OUT OF CONTROL ON CARRIAGEWAY (ON STRAIGHT),1,653653,Not at intersection,2,50,Arterial Other,BLACKSHAWS,HOBSONS BAY,-37.834167,144.87576,2020,5,May,14,Midday,Weekend
T20200016265,2020-05-24,15:50:00,1,Collision with vehicle,7,Sunday,113,RIGHT NEAR (INTERSECTIONS ONLY),1,47504,T intersection,3,60,Freeway,HOPKINS,MELTON,-37.74261,144.70088,2020,5,May,15,Afternoon Peak,Weekend
T20200010063,2020-05-24,19:50:00,1,Collision with vehicle,7,Sunday,121,RIGHT THROUGH,3,29801,Cross intersection,2,60,Arterial Other,SHANNON,GEELONG,-38.14165,144.33615,2020,5,May,19,Night,Weekend
T20200010074,2020-05-24,12:30:00,1,Collision with vehicle,7,Sunday,129,OTHER OPPOSING MANOEUVRES NOT INCLUDED IN DCAs 120-125.,1,653747,Not at intersection,2,100,Local Road,GEMBROOK-TONIMBUK,CARDINIA,-37.97011,145.57364,2020,5,May,12,Midday,Weekend
T20200010037,2020-05-24,12:58:00,4,Collision with a fixed object,7,Sunday,173,RIGHT OFF CARRIAGEWAY INTO OBJECT/PARKED VEHICLE,1,749048,Not at intersection,2,60,Local Road,JOHN FAWKNER,CASEY,-37.98357,145.26654,2020,5,May,12,Midday,Weekend
T20200010058,2020-05-24,17:06:00,1,Collision with vehicle,7,Sunday,120,HEAD ON (NOT OVERTAKING),2,656527,Not at intersection,2,70,Arterial Other,GEMBROOK,CARDINIA,-37.973907,145.54097,2020,5,May,17,Afternoon Peak,Weekend
T20200010028,2020-05-24,12:35:00,1,Collision with vehicle,7,Sunday,114,TWO RIGHT TURNING (INTERSECTIONS ONLY),1,43610,T intersection,2,80,Arterial Other,BELGRAVE-HALLAM,CASEY,-37.967842,145.317,2020,5,May,12,Midday,Weekend
T20200010045,2020-05-24,12:45:00,3,Struck animal,7,Sunday,167,STRUCK ANIMAL,1,653455,Not at intersection,3,100,Arterial Other,WANGARATTA-YARRAWONGA,WANGARATTA,-36.21125,146.24744,2020,5,May,12,Midday,Weekend
T20200010057,2020-05-24,17:10:00,1,Collision with vehicle,7,Sunday,110,CROSS TRAFFIC(INTERSECTIONS ONLY),3,50176,Cross intersection,2,80,Arterial Other,QUEENSCLIFF,GEELONG,-38.181942,144.64359,2020,5,May,17,Afternoon Peak,Weekend
T20200010050,2020-05-24,17:45:00,8,No collision and no object struck,7,Sunday,174,OUT OF CONTROL ON CARRIAGEWAY (ON STRAIGHT),3,654363,Not at intersection,2,60,Arterial Other,WANTIRNA,KNOX,-37.845226,145.22719,2020,5,May,17,Afternoon Peak,Weekend
T20200010254,2020-05-24,21:24:00,1,Collision with vehicle,7,Sunday,121,RIGHT THROUGH,3,279060,Cross intersection,3,80,Arterial Highway,DANDENONG,DANDENONG,-37.997585,145.16223,2020,5,May,21,Night,Weekend
T20200010021,2020-05-24,10:00:00,1,Collision with vehicle,7,Sunday,110,CROSS TRAFFIC(INTERSECTIONS ONLY),1,51641,Cross intersection,3,60,Local Road,MCLAREN,BENDIGO,-36.763172,144.28535,2020,5,May,10,Midday,Weekend
T20200011740,2020-05-24,16:34:00,1,Collision with vehicle,7,Sunday,130,REAR END(VEHICLES IN SAME LANE),1,655614,Not at intersection,3,50,Local Road,WESTMEADOWS,WYNDHAM,-37.843693,144.72688,2020,5,May,16,Afternoon Peak,Weekend
T20200010260,2020-05-24,17:45:00,1,Collision with vehicle,7,Sunday,130,REAR END(VEHICLES IN SAME LANE),9,653842,T intersection,3,60,Local Road,HOOKER,WYNDHAM,-37.894497,144.64128,2020,5,May,17,Afternoon Peak,Weekend
T20200010009,2020-05-24,01:26:00,4,Collision with a fixed object,7,Sunday,173,RIGHT OFF CARRIAGEWAY INTO OBJECT/PARKED VEHICLE,3,39566,T intersection,2,60,Arterial Other,MITCHAM,WHITEHORSE,-37.826885,145.19453,2020,5,May,1,Late Night,Weekend
T20200010113,2020-05-24,16:30:00,4,Collision with a fixed object,7,Sunday,183,OFF LEFT BEND INTO OBJECT/PARKED VEHICLE,1,661879,Not at intersection,2,100,Local Road,TEA TREE,BAW BAW,-37.974335,145.772,2020,5,May,16,Afternoon Peak,Weekend
T20200010051,2020-05-24,16:20:00,1,Collision with vehicle,7,Sunday,110,CROSS TRAFFIC(INTERSECTIONS ONLY),1,341100,Cross intersection,3,70,Local Road,KILLARA,YARRA RANGES,-37.72265,145.4164,2020,5,May,16,Afternoon Peak,Weekend
T20200010038,2020-05-24,14:02:00,1,Collision with vehicle,7,Sunday,130,REAR END(VEHICLES IN SAME LANE),1,653597,Not at intersection,3,60,Arterial Other,PRINCESS,BOROONDARA,-37.797398,145.03058,2020,5,May,14,Midday,Weekend
T20200016341,2020-05-24,12:00:00,8,No collision and no object struck,7,Sunday,174,OUT OF CONTROL ON CARRIAGEWAY (ON STRAIGHT),1,661752,Not at intersection,3,80,Local Road,EARLS,BAW BAW,-38.237984,146.10533,2020,5,May,12,Midday,Weekend
T20200010068,2020-05-24,17:20:00,1,Collision with vehicle,7,Sunday,130,REAR END(VEHICLES IN SAME LANE),2,653409,Not at intersection,1,60,Arterial Other,BEACH,BAYSIDE,-37.98794,145.04832,2020,5,May,17,Afternoon Peak,Weekend
T20200010031,2020-05-24,11:44:00,1,Collision with vehicle,7,Sunday,110,CROSS TRAFFIC(INTERSECTIONS ONLY),1,39306,Cross intersection,3,60,Arterial Other,STATION,WHITEHORSE,-37.808308,145.12575,2020,5,May,11,Midday,Weekend
T20200010062,2020-05-24,18:03:00,5,collision with some other object,7,Sunday,166,STRUCK OBJECT ON CARRIAGEWAY,5,653837,Not at intersection,2,100,Freeway,PRINCES,GEELONG,-38.026478,144.43903,2020,5,May,18,Afternoon Peak,Weekend
T20200010059,2020-05-24,18:45:00,1,Collision with vehicle,7,Sunday,134,LANE CHANGE RIGHT (NOT OVERTAKING),3,653649,Not at intersection,3,60,Arterial Other,BARRY,HUME,-37.664017,144.92409,2020,5,May,18,Afternoon Peak,Weekend
T20200011643,2020-05-25,13:45:00,8,No collision and no object struck,1,Monday,174,OUT OF CONTROL ON CARRIAGEWAY (ON STRAIGHT),1,348118,Not at intersection,3,40,Arterial Other,KEILOR,MOONEE VALLEY,-37.737034,144.89159,2020,5,May,13,Midday,Weekday
T20200010164,2020-05-25,11:30:00,1,Collision with vehicle,1,Monday,110,CROSS TRAFFIC(INTERSECTIONS ONLY),1,40743,Cross intersection,3,50,Arterial Highway,BURWOOD,WHITEHORSE,-37.85132,145.1427,2020,5,May,11,Midday,Weekday
T20200010556,2020-05-25,14:20:00,1,Collision with vehicle,1,Monday,130,REAR END(VEHICLES IN SAME LANE),1,821,T intersection,3,70,Arterial Other,SYDNEY,MORELAND,-37.70656,144.96071,2020,5,May,14,Midday,Weekday
T20200010073,2020-05-25,07:12:00,1,Collision with vehicle,1,Monday,113,RIGHT NEAR (INTERSECTIONS ONLY),1,41094,T intersection,2,60,Arterial Other,ORMOND,PORT PHILLIP,-37.887135,144.98405,2020,5,May,7,Morning Peak,Weekday
T20200010126,2020-05-25,15:48:00,1,Collision with vehicle,1,Monday,130,REAR END(VEHICLES IN SAME LANE),1,71983,Cross intersection,3,60,Arterial Other,PRINCES HIGHWAY -PRINCES,BAW BAW,-38.144306,145.89333,2020,5,May,15,Afternoon Peak,Weekday
T20200010102,2020-05-25,11:40:00,1,Collision with vehicle,1,Monday,113,RIGHT NEAR (INTERSECTIONS ONLY),1,1109,T intersection,2,50,Arterial Highway,POINT NEPEAN,MORNINGTON PENINSULA,-38.371094,144.82945,2020,5,May,11,Midday,Weekday
T20200010407,2020-05-25,15:10:00,1,Collision with vehicle,1,Monday,130,REAR END(VEHICLES IN SAME LANE),1,654219,Not at intersection,3,100,Arterial Other,CALDER,MOUNT ALEXANDER,-37.15979,144.3565,2020,5,May,15,Afternoon Peak,Weekday
T20200011752,2020-05-25,17:11:00,1,Collision with vehicle,1,Monday,110,CROSS TRAFFIC(INTERSECTIONS ONLY),1,39241,Cross intersection,3,60,Local Road,BUNDORAN,WHITEHORSE,-37.80968,145.10669,2020,5,May,17,Afternoon Peak,Weekday
T20200011139,2020-05-25,18:53:00,1,Collision with vehicle,1,Monday,110,CROSS TRAFFIC(INTERSECTIONS ONLY),3,62155,Cross intersection,3,50,Local Road,BORRIE,DAREBIN,-37.707054,145.02007,2020,5,May,18,Afternoon Peak,Weekday
T20200010145,2020-05-25,18:30:00,5,collision with some other object,1,Monday,165,TEMPORARY ROADWORKS,3,656327,Cross intersection,2,90,Arterial Highway,THOMPSONS,FRANKSTON,-38.072197,145.19514,2020,5,May,18,Afternoon Peak,Weekday
T20200010514,2020-05-25,15:15:00,2,Struck Pedestrian,1,Monday,100,PED NEAR SIDE. PED HIT BY VEHICLE FROM THE RIGHT.,9,657315,Not at intersection,2,60,Local Road,ARCHER,SHEPPARTON,-36.40465,145.40842,2020,5,May,15,Afternoon Peak,Weekday
T20200010144,2020-05-25,19:50:00,1,Collision with vehicle,1,Monday,110,CROSS TRAFFIC(INTERSECTIONS ONLY),3,729517,Cross intersection,2,60,Local Road,MCCLELLAND,GEELONG,-38.022793,144.41208,2020,5,May,19,Night,Weekday
T20200010138,2020-05-25,18:39:00,2,Struck Pedestrian,1,Monday,107,PED ON FOOTHPATH STRUCK BY VEHENTERING/LEAVING DRIVEWAY.,3,654068,Not at intersection,1,50,Local Road,ELMHURST,MAROONDAH,-37.835476,145.26613,2020,5,May,18,Afternoon Peak,Weekday
T20200010654,2020-05-25,08:20:00,1,Collision with vehicle,1,Monday,130,REAR END(VEHICLES IN SAME LANE),1,357876,Cross intersection,3,60,Arterial Highway,ST GEORGES,DAREBIN,-37.744576,144.9978,2020,5,May,8,Morning Peak,Weekday
T20200010317,2020-05-25,18:00:00,1,Collision with vehicle,1,Monday,137,LEFT TURN SIDESWIPE,3,35496,T intersection,2,60,Arterial Other,BARKLY,PORT PHILLIP,-37.869892,144.9807,2020,5,May,18,Afternoon Peak,Weekday
T20200010097,2020-05-25,13:15:00,1,Collision with vehicle,1,Monday,121,RIGHT THROUGH,1,35387,Cross intersection,3,60,Arterial Other,SWAN,YARRA,-37.826687,145.00706,2020,5,May,13,Midday,Weekday
T20200010091,2020-05-25,07:45:00,1,Collision with vehicle,1,Monday,130,REAR END(VEHICLES IN SAME LANE),1,780730,Not at intersection,3,80,Arterial Other,HALL,CASEY,-38.107376,145.23676,2020,5,May,7,Morning Peak,Weekday
T20200010166,2020-05-25,08:00:00,1,Collision with vehicle,1,Monday,130,REAR END(VEHICLES IN SAME LANE),1,62072,T intersection,3,60,Arterial Other,MAIN,NILLUMBIK,-37.703274,145.17642,2020,5,May,8,Morning Peak,Weekday
T20200010135,2020-05-25,11:15:00,1,Collision with vehicle,1,Monday,120,HEAD ON (NOT OVERTAKING),1,665837,Not at intersection,2,80,Arterial Other,KANGAROO GROUND-WATTLE GLEN,NILLUMBIK,-37.685513,145.21152,2020,5,May,11,Midday,Weekday