ACCIDENT_NO,ACCIDENT_DATE,ACCIDENT_TIME,ACCIDENT_TYPE,ACCIDENT_TYPE_DESC,DAY_OF_WEEK,DAY_WEEK_DESC,DCA_CODE,DCA_DESC,LIGHT_CONDITION,NODE_ID,ROAD_GEOMETRY_DESC,SEVERITY,SPEED_ZONE,RMA,ROAD_NAME,LGA_NAME,LATITUDE,LONGITUDE,YEAR,MONTH,MONTH_NAME,HOUR,TIME_PERIOD,DAY_TYPE
T20200010133,2020-05-25,17:40:00,1,Collision with vehicle,1,Monday,121,RIGHT THROUGH,3,29556,T intersection,2,60,Local Road,FAVERSHAM,BOROONDARA,-37.818882,145.08504,2020,5,May,17,Afternoon Peak,Weekday
T20200010109,2020-05-25,13:20:00,1,Collision with vehicle,1,Monday,130,REAR END(VEHICLES IN SAME LANE),1,773467,Not at intersection,2,70,Arterial Other,SYDNEY,MORELAND,-37.71624,144.96254,2020,5,May,13,Midday,Weekday
T20200010132,2020-05-25,16:00:00,1,Collision with vehicle,1,Monday,160,VEHICLE COLLIDES WITH VEHICLE PARKED ON LEFT OF ROAD,1,653877,Not at intersection,3,70,Arterial Highway,OGILVIE,CAMPASPE,-36.14045,144.74495,2020,5,May,16,Afternoon Peak,Weekday
T20200010106,2020-05-25,12:50:00,1,Collision with vehicle,1,Monday,121,RIGHT THROUGH,1,259261,Not at intersection,3,40,Arterial Other,JOHNSTON,YARRA,-37.79848,144.97983,2020,5,May,12,Midday,Weekday
T20200013726,2020-05-25,15:00:00,8,No collision and no object struck,1,Monday,180,OFF CARRIAGEWAY ON RIGHT BEND,1,663865,Not at intersection,3,100,Arterial Other,HAPPY VALLEY,ALPINE,-36.544556,146.9576,2020,5,May,15,Afternoon Peak,Weekday
T20200010103,2020-05-25,13:25:00,1,Collision with vehicle,1,Monday,147,VEHICLE STRIKES ANOTHER VEH WHILE EMERGING FROM DRIVEWAY,1,664228,Not at intersection,2,70,Arterial Other,EDGARS,WHITTLESEA,-37.678356,144.99931,2020,5,May,13,Midday,Weekday
T20200010139,2020-05-25,15:30:00,1,Collision with vehicle,1,Monday,130,REAR END(VEHICLES IN SAME LANE),1,29953,Cross intersection,3,70,Arterial Highway,PRINCES,GEELONG,-38.196747,144.31859,2020,5,May,15,Afternoon Peak,Weekday
T20200010087,2020-05-25,10:45:00,3,Struck animal,1,Monday,167,STRUCK ANIMAL,1,654556,Not at intersection,3,50,Local Road,STEVENSON,WODONGA,-36.131855,146.8562,2020,5,May,10,Midday,Weekday
T20200010935,2020-05-25,14:40:00,1,Collision with vehicle,1,Monday,130,REAR END(VEHICLES IN SAME LANE),1,654853,Not at intersection,3,60,Arterial Other,ST ALBANS,BRIMBANK,-37.75104,144.80505,2020,5,May,14,Midday,Weekday
T20200010079,2020-05-25,08:26:00,1,Collision with vehicle,1,Monday,113,RIGHT NEAR (INTERSECTIONS ONLY),1,653748,Cross intersection,2,80,Arterial Other,CRANBOURNE-FRANKSTON,FRANKSTON,-38.141525,145.21167,2020,5,May,8,Morning Peak,Weekday
T20200010125,2020-05-25,14:12:00,1,Collision with vehicle,1,Monday,131,LEFT REAR,1,661075,T intersection,2,80,Arterial Highway,WESTERN,BALLARAT,-37.5639,143.9339,2020,5,May,14,Midday,Weekday
T20200010137,2020-05-25,16:25:00,1,Collision with vehicle,1,Monday,121,RIGHT THROUGH,2,653838,T intersection,3,100,Arterial Other,DAYLESFORD-TRENTHAM,HEPBURN,-37.344196,144.17828,2020,5,May,16,Afternoon Peak,Weekday
T20200010088,2020-05-25,05:50:00,5,collision with some other object,1,Monday,166,STRUCK OBJECT ON CARRIAGEWAY,5,654365,Not at intersection,3,60,Local Road,GRUYERE,YARRA RANGES,-37.74824,145.44145,2020,5,May,5,Morning Peak,Weekday
T20200010585,2020-05-26,19:50:00,1,Collision with vehicle,2,Tuesday,131,LEFT REAR,3,656014,Cross intersection,3,80,Arterial Highway,SOUTH GIPPSLAND,CASEY,-38.082066,145.27646,2020,5,May,19,Night,Weekday
T20200010155,2020-05-26,06:32:00,1,Collision with vehicle,2,Tuesday,111,RIGHT FAR (INTERSECTIONS ONLY),3,43692,T intersection,2,60,Arterial Other,RIDDELL,HUME,-37.575623,144.72878,2020,5,May,6,Morning Peak,Weekday
T20200014549,2020-05-26,11:25:00,1,Collision with vehicle,2,Tuesday,142,LEAVING PARKING,1,40419,T intersection,3,60,Arterial Other,BURKE,BOROONDARA,-37.846622,145.05379,2020,5,May,11,Midday,Weekday
T20200010154,2020-05-26,06:00:00,4,Collision with a fixed object,2,Tuesday,181,OFF RIGHT BEND INTO OBJECT/PARKED VEHICLE,5,656192,Not at intersection,2,50,Arterial Other,GORGE,WHITTLESEA,-37.649597,145.10275,2020,5,May,6,Morning Peak,Weekday
T20200010151,2020-05-26,01:30:00,1,Collision with vehicle,2,Tuesday,147,VEHICLE STRIKES ANOTHER VEH WHILE EMERGING FROM DRIVEWAY,3,653684,Not at intersection,2,40,Arterial Other,CHURCH,YARRA,-37.82274,144.99846,2020,5,May,1,Late Night,Weekday
T20200011535,2020-05-26,19:20:00,1,Collision with vehicle,2,Tuesday,130,REAR END(VEHICLES IN SAME LANE),3,37961,T intersection,3,60,Arterial Other,HEIDELBERG,YARRA,-37.78587,144.9992,2020,5,May,19,Night,Weekday
T20210010146,2020-05-26,17:35:00,1,Collision with vehicle,2,Tuesday,130,REAR END(VEHICLES IN SAME LANE),1,683188,Not at intersection,3,100,Freeway,MONASH,CASEY,-37.977497,145.24057,2020,5,May,17,Afternoon Peak,Weekday
T20200010183,2020-05-26,14:53:00,2,Struck Pedestrian,2,Tuesday,100,PED NEAR SIDE. PED HIT BY VEHICLE FROM THE RIGHT.,1,29596,Cross intersection,3,40,Arterial Other,CARLISLE,PORT PHILLIP,-37.868366,144.99036,2020,5,May,14,Midday,Weekday
T20200010188,2020-05-26,13:50:00,1,Collision with vehicle,2,Tuesday,160,VEHICLE COLLIDES WITH VEHICLE PARKED ON LEFT OF ROAD,1,656799,Not at intersection,2,50,Local Road,QUEENSBERRY,MELBOURNE,-37.80364,144.9549,2020,5,May,13,Midday,Weekday
T20200010190,2020-05-26,16:18:00,1,Collision with vehicle,2,Tuesday,110,CROSS TRAFFIC(INTERSECTIONS ONLY),1,52491,Cross intersection,2,60,Local Road,MADDEN,MILDURA,-34.188957,142.16022,2020,5,May,16,Afternoon Peak,Weekday
T20200010197,2020-05-26,10:50:00,1,Collision with vehicle,2,Tuesday,136,RIGHT TURN SIDESWIPE,1,663857,Not at intersection,2,100,Local Road,GRUBBED,GLENELG,-37.788094,141.21918,2020,5,May,10,Midday,Weekday
T20200010198,2020-05-26,16:12:00,2,Struck Pedestrian,2,Tuesday,100,PED NEAR SIDE. PED HIT BY VEHICLE FROM THE RIGHT.,1,40423,Cross intersection,2,60,Arterial Other,WILLS,STONNINGTON,-37.85324,145.05246,2020,5,May,16,Afternoon Peak,Weekday
T20200010203,2020-05-26,15:25:00,1,Collision with vehicle,2,Tuesday,113,RIGHT NEAR (INTERSECTIONS ONLY),1,654557,T intersection,3,60,Local Road,BEST,MELTON,-37.720238,144.72302,2020,5,May,15,Afternoon Peak,Weekday
T20200010204,2020-05-26,16:00:00,1,Collision with vehicle,2,Tuesday,142,LEAVING PARKING,1,773469,Not at intersection,3,50,Local Road,THROUGH,BOROONDARA,-37.835716,145.09337,2020,5,May,16,Afternoon Peak,Weekday
T20200010210,2020-05-26,16:50:00,1,Collision with vehicle,2,Tuesday,130,REAR END(VEHICLES IN SAME LANE),2,654170,Not at intersection,3,80,Freeway,CALDER,BRIMBANK,-37.710022,144.82487,2020,5,May,16,Afternoon Peak,Weekday
T20200010215,2020-05-26,16:00:00,1,Collision with vehicle,2,Tuesday,130,REAR END(VEHICLES IN SAME LANE),1,653654,Not at intersection,3,80,Arterial Other,PASCOE VALE,HUME,-37.64704,144.93085,2020,5,May,16,Afternoon Peak,Weekday
T20200010255,2020-05-26,18:00:00,1,Collision with vehicle,2,Tuesday,130,REAR END(VEHICLES IN SAME LANE),3,655602,Not at intersection,2,100,Freeway,CALDER,MOONEE VALLEY,-37.728813,144.86638,2020,5,May,18,Afternoon Peak,Weekday
T20200011251,2020-05-26,16:32:00,1,Collision with vehicle,2,Tuesday,113,RIGHT NEAR (INTERSECTIONS ONLY),1,356486,T intersection,3,70,Arterial Highway,WARBURTON,YARRA RANGES,-37.774387,145.46498,2020,5,May,16,Afternoon Peak,Weekday
T20200010915,2020-05-26,16:10:00,1,Collision with vehicle,2,Tuesday,121,RIGHT THROUGH,1,663048,Not at intersection,2,50,Arterial Other,HOTHAM,PORT PHILLIP,-37.863716,145.00052,2020,5,May,16,Afternoon Peak,Weekday
T20200010223,2020-05-26,23:00:00,4,Collision with a fixed object,2,Tuesday,171,LEFT OFF CARRIAGEWAY INTO OBJECT/PARKED VEHICLE,3,227272,Multiple intersection,2,100,Freeway,WESTERN RING,BRIMBANK,-37.729942,144.85661,2020,5,May,23,Night,Weekday
T20200010332,2020-05-26,21:05:00,1,Collision with vehicle,2,Tuesday,113,RIGHT NEAR (INTERSECTIONS ONLY),3,66192,T intersection,3,40,Local Road,DOWNIE,MELBOURNE,-37.81984,144.95554,2020,5,May,21,Night,Weekday
T20210011847,2020-05-26,13:00:00,1,Collision with vehicle,2,Tuesday,121,RIGHT THROUGH,1,258507,T intersection,3,50,Local Road,LA TROBE,MELBOURNE,-37.81143,144.95755,2020,5,May,13,Midday,Weekday
T20200010230,2020-05-26,13:25:00,1,Collision with vehicle,2,Tuesday,113,RIGHT NEAR (INTERSECTIONS ONLY),1,653754,Cross intersection,3,80,Arterial Highway,BELLARINE,GEELONG,-38.180332,144.42679,2020,5,May,13,Midday,Weekday
T20200010165,2020-05-26,08:11:00,1,Collision with vehicle,2,Tuesday,130,REAR END(VEHICLES IN SAME LANE),1,653840,Cross intersection,2,60,Local Road,VALLEY,MITCHELL,-37.403133,144.99765,2020,5,May,8,Morning Peak,Weekday
T20200010825,2020-05-26,16:10:00,1,Collision with vehicle,2,Tuesday,152,PULLING OUT (OVERTAKING),1,655693,Not at intersection,3,40,Local Road,MURPHY,YARRA,-37.818207,145.01134,2020,5,May,16,Afternoon Peak,Weekday
T20200010174,2020-05-26,11:40:00,1,Collision with vehicle,2,Tuesday,169,OTHER ON PATH,1,655852,Not at intersection,3,40,Local Road,ORMOND,PORT PHILLIP,-37.885582,144.98793,2020,5,May,11,Midday,Weekday
T20200016600,2020-05-26,06:00:00,3,Struck animal,2,Tuesday,167,STRUCK ANIMAL,5,662704,Not at intersection,3,100,Arterial Other,STEIGLITZ,GOLDEN PLAINS,-38.01106,144.22449,2020,5,May,6,Morning Peak,Weekday
T20200010181,2020-05-26,14:00:00,4,Collision with a fixed object,2,Tuesday,183,OFF LEFT BEND INTO OBJECT/PARKED VEHICLE,1,655007,Y intersection,3,100,Arterial Other,HEALESVILLE-KINGLAKE,MURRINDINDI,-37.53581,145.38544,2020,5,May,14,Midday,Weekday
T20200010216,2020-05-26,20:50:00,4,Collision with a fixed object,2,Tuesday,171,LEFT OFF CARRIAGEWAY INTO OBJECT/PARKED VEHICLE,3,658088,Not at intersection,2,40,Freeway,MELBOURNE-WEST GATE OUT,HOBSONS BAY,-37.825825,144.87967,2020,5,May,20,Night,Weekday
T20200011626,2020-05-26,15:21:00,1,Collision with vehicle,2,Tuesday,110,CROSS TRAFFIC(INTERSECTIONS ONLY),1,44608,Cross intersection,3,60,Local Road,NORTHERN,BANYULE,-37.73054,145.05905,2020,5,May,15,Afternoon Peak,Weekday
T20200010908,2020-05-26,15:00:00,1,Collision with vehicle,2,Tuesday,131,LEFT REAR,1,48931,Cross intersection,3,50,Arterial Other,FRANKSTON GARDENS,FRANKSTON,-38.097725,145.15948,2020,5,May,15,Afternoon Peak,Weekday
T20200010237,2020-05-26,16:20:00,1,Collision with vehicle,2,Tuesday,130,REAR END(VEHICLES IN SAME LANE),1,43696,Cross intersection,3,50,Local Road,BROOK,HUME,-37.57973,144.72934,2020,5,May,16,Afternoon Peak,Weekday
T20200010286,2020-05-27,20:00:00,2,Struck Pedestrian,3,Wednesday,102,FAR SIDE. PED HIT BY VEHICLE FROM THE LEFT,3,660288,Not at intersection,2,50,Local Road,WATTIE,SWAN HILL,-35.356712,143.56065,2020,5,May,20,Night,Weekday
T20200010281,2020-05-27,18:55:00,1,Collision with vehicle,3,Wednesday,113,RIGHT NEAR (INTERSECTIONS ONLY),3,653930,T intersection,2,50,Local Road,MOUNTAINVIEW,CASEY,-38.08346,145.31723,2020,5,May,18,Afternoon Peak,Weekday
T20200010248,2020-05-27,09:15:00,1,Collision with vehicle,3,Wednesday,110,CROSS TRAFFIC(INTERSECTIONS ONLY),1,71534,Cross intersection,2,60,Local Road,COWIE,GEELONG,-38.106068,144.35144,2020,5,May,9,Morning Peak,Weekday
T20200010959,2020-05-27,07:30:00,1,Collision with vehicle,3,Wednesday,130,REAR END(VEHICLES IN SAME LANE),9,655345,Not at intersection,2,80,Arterial Highway,FRANKSTON-DANDENONG,DANDENONG,-38.0534,145.20769,2020,5,May,7,Morning Peak,Weekday
T20200010285,2020-05-27,15:47:00,4,Collision with a fixed object,3,Wednesday,183,OFF LEFT BEND INTO OBJECT/PARKED VEHICLE,1,654179,Not at intersection,1,100,Arterial Other,LOCKWOOD,BENDIGO,-36.810844,144.176,2020,5,May,15,Afternoon Peak,Weekday
T20200010277,2020-05-27,16:45:00,1,Collision with vehicle,3,Wednesday,130,REAR END(VEHICLES IN SAME LANE),1,778363,Not at intersection,3,60,Arterial Other,MORELAND,MORELAND,-37.756855,144.97643,2020,5,May,16,Afternoon Peak,Weekday
T20200010244,2020-05-27,11:10:00,4,Collision with a fixed object,3,Wednesday,173,RIGHT OFF CARRIAGEWAY INTO OBJECT/PARKED VEHICLE,1,664704,Not at intersection,3,60,Local Road,HUON CREEK,WODONGA,-36.154587,146.8661,2020,5,May,11,Midday,Weekday
T20200010334,2020-05-27,18:25:00,1,Collision with vehicle,3,Wednesday,130,REAR END(VEHICLES IN SAME LANE),3,40435,Cross intersection,3,60,Arterial Other,BURKE,BOROONDARA,-37.836422,145.05574,2020,5,May,18,Afternoon Peak,Weekday
T20200010289,2020-05-27,22:00:00,1,Collision with vehicle,3,Wednesday,130,REAR END(VEHICLES IN SAME LANE),6,186977,T intersection,3,80,Freeway,MONASH,MONASH,-37.92026,145.1734,2020,5,May,22,Night,Weekday
T20200010257,2020-05-27,15:53:00,1,Collision with vehicle,3,Wednesday,110,CROSS TRAFFIC(INTERSECTIONS ONLY),1,50508,Cross intersection,2,50,Local Road,BREE,SOUTHERN GRAMPIANS,-37.735172,142.02745,2020,5,May,15,Afternoon Peak,Weekday
T20200010497,2020-05-27,17:30:00,1,Collision with vehicle,3,Wednesday,130,REAR END(VEHICLES IN SAME LANE),2,654082,Not at intersection,3,50,Local Road,DUNNS,MORNINGTON PENINSULA,-38.245792,145.04616,2020,5,May,17,Afternoon Peak,Weekday
T20200011141,2020-05-27,08:45:00,1,Collision with vehicle,3,Wednesday,143,ENTERING PARKING,1,655002,Not at intersection,2,50,Local Road,THE BOULEVARD,MOONEE VALLEY,-37.76428,144.8998,2020,5,May,8,Morning Peak,Weekday
T20200010249,2020-05-27,13:20:00,1,Collision with vehicle,3,Wednesday,130,REAR END(VEHICLES IN SAME LANE),1,653929,Not at intersection,2,60,Arterial Other,ELEVENTH,MILDURA,-34.20171,142.1719,2020,5,May,13,Midday,Weekday
T20200010294,2020-05-27,07:00:00,4,Collision with a fixed object,3,Wednesday,183,OFF LEFT BEND INTO OBJECT/PARKED VEHICLE,2,664710,Not at intersection,3,100,Local Road,GORAE,GLENELG,-38.287167,141.60248,2020,5,May,7,Morning Peak,Weekday
T20200010268,2020-05-27,15:25:00,4,Collision with a fixed object,3,Wednesday,183,OFF LEFT BEND INTO OBJECT/PARKED VEHICLE,1,664711,Not at intersection,2,50,Local Road,HOPKINS,BRIMBANK,-37.716408,144.82678,2020,5,May,15,Afternoon Peak,Weekday
T20200011410,2020-05-27,07:20:00,1,Collision with vehicle,3,Wednesday,134,LANE CHANGE RIGHT (NOT OVERTAKING),9,729302,Not at intersection,3,100,Arterial Other,WESTERN,MELTON,-37.76341,144.7568,2020,5,May,7,Morning Peak,Weekday
T20200010564,2020-05-27,14:18:00,8,No collision and no object struck,3,Wednesday,174,OUT OF CONTROL ON CARRIAGEWAY (ON STRAIGHT),1,654901,Not at intersection,3,50,Arterial Highway,NORTH,GLEN EIRA,-37.900112,145.0092,2020,5,May,14,Midday,Weekday
T20200010296,2020-05-27,22:10:00,1,Collision with vehicle,3,Wednesday,121,RIGHT THROUGH,3,324648,Cross intersection,2,80,Arterial Other,CRANBOURNE ROAD -NARRE WARREN,CASEY,-38.07179,145.29774,2020,5,May,22,Night,Weekday
T20200011734,2020-05-27,14:00:00,1,Collision with vehicle,3,Wednesday,134,LANE CHANGE RIGHT (NOT OVERTAKING),1,773493,Not at intersection,3,60,Arterial Highway,BRIGHTON,PORT PHILLIP,-37.876484,144.99239,2020,5,May,14,Midday,Weekday
T20200010276,2020-05-27,17:55:00,1,Collision with vehicle,3,Wednesday,111,RIGHT FAR (INTERSECTIONS ONLY),3,1082,T intersection,2,60,Arterial Highway,POINT NEPEAN,MORNINGTON PENINSULA,-38.330868,144.96866,2020,5,May,17,Afternoon Peak,Weekday
T20200010221,2020-05-27,00:45:00,4,Collision with a fixed object,3,Wednesday,173,RIGHT OFF CARRIAGEWAY INTO OBJECT/PARKED VEHICLE,4,653752,Cross intersection,2,100,Arterial Highway,PRINCES,COLAC OTWAY,-38.325073,143.6271,2020,5,May,0,Late Night,Weekday
T20200010234,2020-05-27,04:39:00,6,Vehicle overturned (no collision),3,Wednesday,182,OFF CARRIAGEWAY ON LEFT BEND,5,654113,Not at intersection,1,100,Local Road,BESSIE CREEK,CARDINIA,-37.9836,145.54483,2020,5,May,4,Late Night,Weekday
T20200010284,2020-05-27,20:15:00,2,Struck Pedestrian,3,Wednesday,100,PED NEAR SIDE. PED HIT BY VEHICLE FROM THE RIGHT.,3,653844,Not at intersection,3,70,Arterial Highway,LATROBE,GEELONG,-38.14696,144.35284,2020,5,May,20,Night,Weekday
T20200010266,2020-05-27,16:36:00,4,Collision with a fixed object,3,Wednesday,171,LEFT OFF CARRIAGEWAY INTO OBJECT/PARKED VEHICLE,1,657006,Not at intersection,3,60,Arterial Other,WRIGHT,BRIMBANK,-37.796104,144.83194,2020,5,May,16,Afternoon Peak,Weekday
T20200010704,2020-05-27,11:50:00,5,collision with some other object,3,Wednesday,166,STRUCK OBJECT ON CARRIAGEWAY,1,729532,Not at intersection,3,100,Freeway,EASTERN,BOROONDARA,-37.7907,145.04175,2020,5,May,11,Midday,Weekday
T20200010272,2020-05-27,18:05:00,2,Struck Pedestrian,3,Wednesday,100,PED NEAR SIDE. PED HIT BY VEHICLE FROM THE RIGHT.,3,40978,T intersection,3,40,Arterial Other,PASCOE VALE,MORELAND,-37.70446,144.91573,2020,5,May,18,Afternoon Peak,Weekday
T20200010226,2020-05-27,05:35:00,1,Collision with vehicle,3,Wednesday,129,OTHER OPPOSING MANOEUVRES NOT INCLUDED IN DCAs 120-125.,5,654846,Not at intersection,2,80,Arterial Other,BACCHUS MARSH,MOORABOOL,-37.683296,144.48886,2020,5,May,5,Morning Peak,Weekday
T20200010363,2020-05-27,13:14:00,4,Collision with a fixed object,3,Wednesday,183,OFF LEFT BEND INTO OBJECT/PARKED VEHICLE,1,654118,Not at intersection,2,80,Local Road,OLD THORPDALE,SOUTH GIPPSLAND,-38.385532,146.15082,2020,5,May,13,Midday,Weekday
T20200010251,2020-05-27,12:57:00,1,Collision with vehicle,3,Wednesday,113,RIGHT NEAR (INTERSECTIONS ONLY),1,729519,T intersection,3,80,Arterial Highway,PRINCES,WELLINGTON,-38.079784,147.07166,2020,5,May,12,Midday,Weekday
T20200011427,2020-05-27,16:46:00,1,Collision with vehicle,3,Wednesday,130,REAR END(VEHICLES IN SAME LANE),1,773364,Not at intersection,2,60,Arterial Other,SAYERS,WYNDHAM,-37.852245,144.72581,2020,5,May,16,Afternoon Peak,Weekday
T20200011085,2020-05-27,15:40:00,1,Collision with vehicle,3,Wednesday,130,REAR END(VEHICLES IN SAME LANE),1,654957,Not at intersection,3,40,Local Road,GLEN HUNTLY,GLEN EIRA,-37.886974,145.02255,2020,5,May,15,Afternoon Peak,Weekday
T20200010261,2020-05-27,15:56:00,2,Struck Pedestrian,3,Wednesday,109,ANY MANOEUVRE INVOLVING PED NOT INCLUDED IN DCAs 100-108.,1,655603,Not at intersection,2,50,Local Road,RAILWAY,HOBSONS BAY,-37.867428,144.83086,2020,5,May,15,Afternoon Peak,Weekday
T20200010327,2020-05-28,09:00:00,1,Collision with vehicle,4,Thursday,130,REAR END(VEHICLES IN SAME LANE),1,653934,Not at intersection,3,40,Arterial Other,WELLS,FRANKSTON,-38.12182,145.13501,2020,5,May,9,Morning Peak,Weekday
T20200010353,2020-05-28,14:55:00,1,Collision with vehicle,4,Thursday,163,VEHICLE STRIKES DOOR OF PARKED/STATIONARY VEHICLE,1,654119,Not at intersection,2,50,Local Road,LA TROBE,MELBOURNE,-37.808544,144.96742,2020,5,May,14,Midday,Weekday
T20200010322,2020-05-28,12:12:00,6,Vehicle overturned (no collision),4,Thursday,174,OUT OF CONTROL ON CARRIAGEWAY (ON STRAIGHT),1,44309,Cross intersection,2,60,Arterial Other,SAYERS,WYNDHAM,-37.850533,144.70634,2020,5,May,12,Midday,Weekday
T20200010336,2020-05-28,17:50:00,1,Collision with vehicle,4,Thursday,121,RIGHT THROUGH,3,665781,Cross intersection,2,60,Local Road,HINRICHSEN,CASEY,-38.008755,145.27856,2020,5,May,17,Afternoon Peak,Weekday
T20200010320,2020-05-28,11:30:00,1,Collision with vehicle,4,Thursday,120,HEAD ON (NOT OVERTAKING),1,679820,Not at intersection,2,100,Local Road,TOORONGO,BAW BAW,-37.783726,146.07603,2020,5,May,11,Midday,Weekday
T20200010344,2020-05-28,16:22:00,4,Collision with a fixed object,4,Thursday,173,RIGHT OFF CARRIAGEWAY INTO OBJECT/PARKED VEHICLE,1,654172,Not at intersection,3,70,Arterial Other,MT DANDENONG,MAROONDAH,-37.801605,145.30609,2020,5,May,16,Afternoon Peak,Weekday
T20200010311,2020-05-28,08:50:00,1,Collision with vehicle,4,Thursday,160,VEHICLE COLLIDES WITH VEHICLE PARKED ON LEFT OF ROAD,1,64132,Cross intersection,2,50,Local Road,HURTLE,MOONEE VALLEY,-37.773586,144.9052,2020,5,May,8,Morning Peak,Weekday
T20200010333,2020-05-28,17:15:00,1,Collision with vehicle,4,Thursday,121,RIGHT THROUGH,2,65088,T intersection,2,50,Local Road,ALTONA,MELBOURNE,-37.795937,144.92455,2020,5,May,17,Afternoon Peak,Weekday
T20200010301,2020-05-28,07:04:00,1,Collision with vehicle,4,Thursday,160,VEHICLE COLLIDES WITH VEHICLE PARKED ON LEFT OF ROAD,1,653931,Not at intersection,2,50,Local Road,WEDGE,DAREBIN,-37.712612,145.03119,2020,5,May,7,Morning Peak,Weekday
T20200010796,2020-05-28,14:55:00,1,Collision with vehicle,4,Thursday,130,REAR END(VEHICLES IN SAME LANE),1,655006,Y intersection,3,100,Freeway,MONASH,CASEY,-37.975723,145.23859,2020,5,May,14,Midday,Weekday
T20200010354,2020-05-28,16:25:00,1,Collision with vehicle,4,Thursday,113,RIGHT NEAR (INTERSECTIONS ONLY),1,15407,Cross intersection,2,60,Arterial Highway,MCKILLOP,GEELONG,-38.158188,144.37453,2020,5,May,16,Afternoon Peak,Weekday
T20200010337,2020-05-28,17:29:00,1,Collision with vehicle,4,Thursday,121,RIGHT THROUGH,2,29550,Cross intersection,2,60,Arterial Other,RIVERSDALE,BOROONDARA,-37.829857,145.04366,2020,5,May,17,Afternoon Peak,Weekday
T20200010351,2020-05-28,19:35:00,1,Collision with vehicle,4,Thursday,120,HEAD ON (NOT OVERTAKING),3,729526,Not at intersection,2,50,Local Road,DUNNINGS,WYNDHAM,-37.883846,144.71571,2020,5,May,19,Night,Weekday
T20200010329,2020-05-28,16:30:00,1,Collision with vehicle,4,Thursday,148,VEHICLE OFF FOOTPATH STRIKES VEH ON CARRIAGEWAY,1,29913,Cross intersection,2,50,Local Road,BIGGS,BRIMBANK,-37.736588,144.79904,2020,5,May,16,Afternoon Peak,Weekday
T20200010347,2020-05-28,20:12:00,1,Collision with vehicle,4,Thursday,121,RIGHT THROUGH,3,659150,Cross intersection,2,60,Local Road,DEVONSHIRE,MARIBYRNONG,-37.786568,144.84697,2020,5,May,20,Night,Weekday
T20200010348,2020-05-28,15:37:00,1,Collision with vehicle,4,Thursday,148,VEHICLE OFF FOOTPATH STRIKES VEH ON CARRIAGEWAY,1,38711,T intersection,3,60,Arterial Other,BALLARAT,MARIBYRNONG,-37.790447,144.88765,2020,5,May,15,Afternoon Peak,Weekday
T20200010349,2020-05-28,14:44:00,1,Collision with vehicle,4,Thursday,137,LEFT TURN SIDESWIPE,1,653847,Not at intersection,3,60,Arterial Highway,GEELONG,MARIBYRNONG,-37.80394,144.88287,2020,5,May,14,Midday,Weekday
T20200010373,2020-05-28,06:57:00,1,Collision with vehicle,4,Thursday,113,RIGHT NEAR (INTERSECTIONS ONLY),1,655604,T intersection,3,60,Local Road,SAYERS,WYNDHAM,-37.845848,144.66435,2020,5,May,6,Morning Peak,Weekday
T20200010359,2020-05-28,23:28:00,1,Collision with vehicle,4,Thursday,199,UNKNOWN-NO DETAILS ON MANOEUVRES OF ROAD-USERS IN ACCIDENT,3,660876,Not at intersection,2,50,Local Road,MONTEREY,FRANKSTON,-38.124306,145.15958,2020,5,May,23,Night,Weekday
T20200012216,2020-05-28,07:10:00,1,Collision with vehicle,4,Thursday,134,LANE CHANGE RIGHT (NOT OVERTAKING),2,656538,Not at intersection,3,80,Freeway,METROPOLITAN RING,MORELAND,-37.69187,144.96222,2020,5,May,7,Morning Peak,Weekday
T20200010342,2020-05-28,18:10:00,1,Collision with vehicle,4,Thursday,120,HEAD ON (NOT OVERTAKING),3,653936,Not at intersection,2,60,Local Road,CALDER PARK,MELTON,-37.711773,144.75542,2020,5,May,18,Afternoon Peak,Weekday
T20200010330,2020-05-28,15:20:00,1,Collision with vehicle,4,Thursday,120,HEAD ON (NOT OVERTAKING),1,653935,Not at intersection,3,50,Arterial Other,RESEARCH-WARRANDYTE,NILLUMBIK,-37.735016,145.22115,2020,5,May,15,Afternoon Peak,Weekday
T20200010626,2020-05-28,16:25:00,9,Other accident,4,Thursday,149,OTHER MANOEUVRING NOT INCLUDED IN DCAs 140-148,9,667050,T intersection,3,50,Local Road,MARINA,LATROBE,-38.31315,146.42125,2020,5,May,16,Afternoon Peak,Weekday
T20200010310,2020-05-28,10:05:00,1,Collision with vehicle,4,Thursday,110,CROSS TRAFFIC(INTERSECTIONS ONLY),1,49678,Cross intersection,2,60,Local Road,GOLDSWORTHY,GEELONG,-38.07714,144.34758,2020,5,May,10,Midday,Weekday
T20200010335,2020-05-28,16:20:00,1,Collision with vehicle,4,Thursday,150,HEAD ON(OVERTAKING),1,657246,Not at intersection,2,60,Local Road,CHAMBERS,HOBSONS BAY,-37.833523,144.84288,2020,5,May,16,Afternoon Peak,Weekday
T20200010608,2020-05-28,15:44:00,1,Collision with vehicle,4,Thursday,130,REAR END(VEHICLES IN SAME LANE),1,773243,Not at intersection,3,50,Local Road,LITTLE BOURKE,MELBOURNE,-37.812725,144.96457,2020,5,May,15,Afternoon Peak,Weekday
T20200010386,2020-05-28,12:00:00,4,Collision with a fixed object,4,Thursday,173,RIGHT OFF CARRIAGEWAY INTO OBJECT/PARKED VEHICLE,1,68541,T intersection,2,60,Arterial Other,WAVERLEY,MONASH,-37.88631,145.14194,2020,5,May,12,Midday,Weekday
T20200010304,2020-05-28,09:56:00,1,Collision with vehicle,4,Thursday,113,RIGHT NEAR (INTERSECTIONS ONLY),1,59031,T intersection,2,60,Arterial Highway,WYNDHAM,SHEPPARTON,-36.370983,145.40141,2020,5,May,9,Morning Peak,Weekday