ACCIDENT_NO,ACCIDENT_DATE,ACCIDENT_TIME,ACCIDENT_TYPE,ACCIDENT_TYPE_DESC,DAY_OF_WEEK,DAY_WEEK_DESC,DCA_CODE,DCA_DESC,LIGHT_CONDITION,NODE_ID,ROAD_GEOMETRY_DESC,SEVERITY,SPEED_ZONE,RMA,ROAD_NAME,LGA_NAME,LATITUDE,LONGITUDE,YEAR,MONTH,MONTH_NAME,HOUR,TIME_PERIOD,DAY_TYPE
T20200010643,2020-05-28,15:30:00,1,Collision with vehicle,4,Thursday,130,REAR END(VEHICLES IN SAME LANE),1,319258,Multiple intersection,3,80,Freeway,NARRE WARREN NORTH,CASEY,-38.016975,145.30878,2020,5,May,15,Afternoon Peak,Weekday
T20200010345,2020-05-28,16:00:00,1,Collision with vehicle,4,Thursday,130,REAR END(VEHICLES IN SAME LANE),1,729525,Not at intersection,3,60,Arterial Other,CAMP,HUME,-37.68657,144.93037,2020,5,May,16,Afternoon Peak,Weekday
T20200010422,2020-05-29,15:10:00,4,Collision with a fixed object,5,Friday,173,RIGHT OFF CARRIAGEWAY INTO OBJECT/PARKED VEHICLE,1,654305,Not at intersection,3,100,Local Road,WADDELLS,EAST GIPPSLAND,-37.784115,147.7651,2020,5,May,15,Afternoon Peak,Weekday
T20200010418,2020-05-29,16:50:00,1,Collision with vehicle,5,Friday,130,REAR END(VEHICLES IN SAME LANE),2,654304,Not at intersection,2,80,Arterial Other,OLD SALE,LATROBE,-38.164265,146.2738,2020,5,May,16,Afternoon Peak,Weekday
T20200010392,2020-05-29,14:00:00,8,No collision and no object struck,5,Friday,174,OUT OF CONTROL ON CARRIAGEWAY (ON STRAIGHT),1,663760,Not at intersection,3,100,Arterial Other,MELBOURNE LANCEFIELD,MACEDON RANGES,-37.29757,144.73662,2020,5,May,14,Midday,Weekday
T20200010394,2020-05-29,14:44:00,1,Collision with vehicle,5,Friday,148,VEHICLE OFF FOOTPATH STRIKES VEH ON CARRIAGEWAY,1,729284,Cross intersection,3,40,Arterial Highway,SPRINGVALE,DANDENONG,-37.94934,145.15285,2020,5,May,14,Midday,Weekday
T20200010395,2020-05-29,10:30:00,4,Collision with a fixed object,5,Friday,183,OFF LEFT BEND INTO OBJECT/PARKED VEHICLE,1,659896,Not at intersection,2,100,Local Road,WANGOOM,MOYNE,-38.339935,142.56892,2020,5,May,10,Midday,Weekday
T20200010369,2020-05-29,08:00:00,1,Collision with vehicle,5,Friday,110,CROSS TRAFFIC(INTERSECTIONS ONLY),1,69042,Cross intersection,2,50,Local Road,ADAMS,GLEN EIRA,-37.90324,145.07317,2020,5,May,8,Morning Peak,Weekday
T20200010413,2020-05-29,15:34:00,2,Struck Pedestrian,5,Friday,100,PED NEAR SIDE. PED HIT BY VEHICLE FROM THE RIGHT.,1,42790,Cross intersection,3,60,Arterial Highway,WARRIGAL,KINGSTON,-37.974846,145.07275,2020,5,May,15,Afternoon Peak,Weekday
T20200010390,2020-05-29,09:00:00,1,Collision with vehicle,5,Friday,121,RIGHT THROUGH,1,655853,Cross intersection,3,60,Local Road,THOMPSONS,CASEY,-38.09048,145.34299,2020,5,May,9,Morning Peak,Weekday
T20200010388,2020-05-29,12:10:00,6,Vehicle overturned (no collision),5,Friday,174,OUT OF CONTROL ON CARRIAGEWAY (ON STRAIGHT),1,29941,T intersection,3,50,Local Road,GLENLEITH,GEELONG,-38.132767,144.35547,2020,5,May,12,Midday,Weekday
T20200010396,2020-05-29,13:44:00,1,Collision with vehicle,5,Friday,143,ENTERING PARKING,1,657759,Not at intersection,2,40,Local Road,ST VINCENT,PORT PHILLIP,-37.83916,144.9564,2020,5,May,13,Midday,Weekday
T20200013260,2020-05-29,15:00:00,8,No collision and no object struck,5,Friday,184,OUT OF CONTROL ON CARRIAGEWAY (ON BEND),1,657380,Not at intersection,3,100,Arterial Other,MARYSVILLE-WOODS POINT,YARRA RANGES,-37.532543,145.83386,2020,5,May,15,Afternoon Peak,Weekday
T20200010400,2020-05-29,14:36:00,1,Collision with vehicle,5,Friday,110,CROSS TRAFFIC(INTERSECTIONS ONLY),1,51949,Multiple intersection,3,50,Arterial Highway,MAIN,EAST GIPPSLAND,-37.825684,147.6319,2020,5,May,14,Midday,Weekday
T20200010401,2020-05-29,09:10:00,1,Collision with vehicle,5,Friday,147,VEHICLE STRIKES ANOTHER VEH WHILE EMERGING FROM DRIVEWAY,1,654003,Not at intersection,3,70,Arterial Other,CAMP,HUME,-37.68864,144.94882,2020,5,May,9,Morning Peak,Weekday
T20200010402,2020-05-29,14:30:00,4,Collision with a fixed object,5,Friday,181,OFF RIGHT BEND INTO OBJECT/PARKED VEHICLE,1,729285,Not at intersection,2,100,Freeway,RUTHERFORD-EASTLINK IN,FRANKSTON,-38.0958,145.14659,2020,5,May,14,Midday,Weekday
T20200010403,2020-05-29,07:00:00,1,Collision with vehicle,5,Friday,120,HEAD ON (NOT OVERTAKING),1,654080,Not at intersection,3,50,Local Road,MULHALL,BRIMBANK,-37.75636,144.81372,2020,5,May,7,Morning Peak,Weekday
T20200010405,2020-05-29,10:12:00,1,Collision with vehicle,5,Friday,120,HEAD ON (NOT OVERTAKING),1,657074,Not at intersection,2,100,Arterial Highway,DANDENONG-HASTINGS,MORNINGTON PENINSULA,-38.261024,145.20462,2020,5,May,10,Midday,Weekday
T20200010414,2020-05-29,17:24:00,2,Struck Pedestrian,5,Friday,106,VEH STRIKES PED ON FOOTPATH/MEDIAN/TRAFFIC ISLAND.,3,654173,Not at intersection,3,50,Local Road,MACEDON,MANNINGHAM,-37.772774,145.11241,2020,5,May,17,Afternoon Peak,Weekday
T20200010370,2020-05-29,07:00:00,1,Collision with vehicle,5,Friday,159,OTHER OVERTAKING MANOEUVRES NOT INCLUDED IN DCAs 150-154,1,654313,Not at intersection,3,100,Freeway,WESTERN RING,BRIMBANK,-37.80872,144.80792,2020,5,May,7,Morning Peak,Weekday
T20200010411,2020-05-29,17:05:00,1,Collision with vehicle,5,Friday,121,RIGHT THROUGH,2,358222,Multiple intersection,2,80,Arterial Highway,SOUTH GIPPSLAND,CASEY,-38.03685,145.24771,2020,5,May,17,Afternoon Peak,Weekday
T20200014600,2020-05-29,14:30:00,6,Vehicle overturned (no collision),5,Friday,184,OUT OF CONTROL ON CARRIAGEWAY (ON BEND),1,668368,Not at intersection,2,80,Local Road,CHRISTIES-ALBERT RIVER,WELLINGTON,-38.53513,146.45906,2020,5,May,14,Midday,Weekday
T20200010364,2020-05-29,06:36:00,1,Collision with vehicle,5,Friday,131,LEFT REAR,2,654634,Not at intersection,2,60,Arterial Other,SUNSHINE,MARIBYRNONG,-37.79724,144.84184,2020,5,May,6,Morning Peak,Weekday
T20200010709,2020-05-29,14:09:00,1,Collision with vehicle,5,Friday,160,VEHICLE COLLIDES WITH VEHICLE PARKED ON LEFT OF ROAD,9,654562,Not at intersection,2,50,Local Road,MADELEINE,MONASH,-37.91869,145.11949,2020,5,May,14,Midday,Weekday
T20200010956,2020-05-29,09:50:00,4,Collision with a fixed object,5,Friday,183,OFF LEFT BEND INTO OBJECT/PARKED VEHICLE,1,664712,Not at intersection,2,100,Arterial Other,EPPING-KILMORE,MITCHELL,-37.41498,145.02266,2020,5,May,9,Morning Peak,Weekday
T20200010992,2020-05-29,09:00:00,1,Collision with vehicle,5,Friday,160,VEHICLE COLLIDES WITH VEHICLE PARKED ON LEFT OF ROAD,1,654899,Not at intersection,3,50,Local Road,HUGHES,DANDENONG,-37.96791,145.2083,2020,5,May,9,Morning Peak,Weekday
T20200010368,2020-05-29,09:29:00,1,Collision with vehicle,5,Friday,147,VEHICLE STRIKES ANOTHER VEH WHILE EMERGING FROM DRIVEWAY,1,668407,Not at intersection,3,60,Local Road,PEARSON,EAST GIPPSLAND,-37.825333,147.61682,2020,5,May,9,Morning Peak,Weekday
T20200010367,2020-05-29,08:30:00,2,Struck Pedestrian,5,Friday,102,FAR SIDE. PED HIT BY VEHICLE FROM THE LEFT,1,654002,Not at intersection,2,40,Local Road,CAMPBELL,CASEY,-38.039345,145.2596,2020,5,May,8,Morning Peak,Weekday
T20200010544,2020-05-29,18:33:00,1,Collision with vehicle,5,Friday,120,HEAD ON (NOT OVERTAKING),6,773242,Not at intersection,2,60,Arterial Other,MAIN HURSTBRIDGE,NILLUMBIK,-37.671227,145.16856,2020,5,May,18,Afternoon Peak,Weekday
T20200010552,2020-05-29,03:40:00,4,Collision with a fixed object,5,Friday,171,LEFT OFF CARRIAGEWAY INTO OBJECT/PARKED VEHICLE,5,664705,Not at intersection,3,80,Local Road,BUSHBYS,COLAC OTWAY,-38.405544,143.62334,2020,5,May,3,Late Night,Weekday
T20200010374,2020-05-29,08:15:00,1,Collision with vehicle,5,Friday,121,RIGHT THROUGH,1,729282,T intersection,2,70,Arterial Other,BREAKWATER,GEELONG,-38.180813,144.3505,2020,5,May,8,Morning Peak,Weekday
T20200010378,2020-05-29,07:40:00,1,Collision with vehicle,5,Friday,135,LANE CHANGE LEFT (NOT OVERTAKING),1,664703,Not at intersection,3,100,Freeway,PRINCES,WYNDHAM,-37.843006,144.78824,2020,5,May,7,Morning Peak,Weekday
T20210003025,2020-05-29,08:30:00,1,Collision with vehicle,5,Friday,140,U TURN,1,681837,Not at intersection,3,50,Local Road,THE BOULEVARDE,MANNINGHAM,-37.771706,145.1347,2020,5,May,8,Morning Peak,Weekday
T20200010385,2020-05-29,12:15:00,1,Collision with vehicle,5,Friday,147,VEHICLE STRIKES ANOTHER VEH WHILE EMERGING FROM DRIVEWAY,1,653938,Not at intersection,2,60,Local Road,MANCHESTER,YARRA RANGES,-37.788208,145.31046,2020,5,May,12,Midday,Weekday
T20200010627,2020-05-29,05:40:00,1,Collision with vehicle,5,Friday,130,REAR END(VEHICLES IN SAME LANE),3,655344,T intersection,3,60,Arterial Other,SOUTH,KINGSTON,-37.933662,145.03902,2020,5,May,5,Morning Peak,Weekday
T20200011364,2020-05-29,09:45:00,1,Collision with vehicle,5,Friday,121,RIGHT THROUGH,1,43935,Cross intersection,3,80,Arterial Highway,SOUTH GIPPSLAND,CASEY,-38.159912,145.31857,2020,5,May,9,Morning Peak,Weekday
T20200010505,2020-05-29,15:30:00,1,Collision with vehicle,5,Friday,133,LANE SIDE SWIPE (VEHICLES IN PARALLEL LANES),1,665665,Not at intersection,3,60,Arterial Other,BELGRAVE-HALLAM,CASEY,-37.981133,145.3105,2020,5,May,15,Afternoon Peak,Weekday
T20200011542,2020-05-29,08:30:00,1,Collision with vehicle,5,Friday,130,REAR END(VEHICLES IN SAME LANE),1,773238,Not at intersection,3,70,Arterial Highway,LONSDALE,DANDENONG,-37.992413,145.21594,2020,5,May,8,Morning Peak,Weekday
T20200012208,2020-05-29,12:15:00,1,Collision with vehicle,5,Friday,130,REAR END(VEHICLES IN SAME LANE),1,38244,T intersection,3,60,Arterial Highway,BULLEEN,MANNINGHAM,-37.766335,145.08118,2020,5,May,12,Midday,Weekday
T20200012563,2020-05-29,12:00:00,1,Collision with vehicle,5,Friday,135,LANE CHANGE LEFT (NOT OVERTAKING),1,656710,Multiple intersection,3,80,Arterial Highway,GREENSBOROUGH,NILLUMBIK,-37.689426,145.11281,2020,5,May,12,Midday,Weekday
T20200010433,2020-05-29,22:40:00,4,Collision with a fixed object,5,Friday,171,LEFT OFF CARRIAGEWAY INTO OBJECT/PARKED VEHICLE,3,1105,Not at intersection,3,50,Arterial Highway,POINT NEPEAN,MORNINGTON PENINSULA,-38.370335,144.82211,2020,5,May,22,Night,Weekday
T20200010428,2020-05-29,20:10:00,1,Collision with vehicle,5,Friday,160,VEHICLE COLLIDES WITH VEHICLE PARKED ON LEFT OF ROAD,3,654558,Not at intersection,3,50,Local Road,BENALLA,HUME,-37.674316,144.93787,2020,5,May,20,Night,Weekday
T20200010424,2020-05-29,18:20:00,1,Collision with vehicle,5,Friday,130,REAR END(VEHICLES IN SAME LANE),3,356775,Not at intersection,2,100,Freeway,WEST GATE,HOBSONS BAY,-37.82543,144.88773,2020,5,May,18,Afternoon Peak,Weekday
T20200011493,2020-05-29,09:50:00,1,Collision with vehicle,5,Friday,130,REAR END(VEHICLES IN SAME LANE),1,729559,Not at intersection,3,60,Arterial Highway,WARRIGAL,MONASH,-37.91671,145.08388,2020,5,May,9,Morning Peak,Weekday
T20200010366,2020-05-29,07:04:00,1,Collision with vehicle,5,Friday,121,RIGHT THROUGH,2,37122,Cross intersection,3,40,Arterial Other,BRIDGE,YARRA,-37.818066,144.99463,2020,5,May,7,Morning Peak,Weekday
T20200010423,2020-05-29,19:39:00,1,Collision with vehicle,5,Friday,121,RIGHT THROUGH,3,358422,Cross intersection,2,60,Arterial Highway,ALBERT,DAREBIN,-37.73229,145.02509,2020,5,May,19,Night,Weekday
T20200010465,2020-05-30,09:30:00,1,Collision with vehicle,6,Saturday,147,VEHICLE STRIKES ANOTHER VEH WHILE EMERGING FROM DRIVEWAY,1,654211,Not at intersection,3,60,Local Road,CENTENARY,MELTON,-37.671673,144.56277,2020,5,May,9,Morning Peak,Weekend
T20200010519,2020-05-30,22:00:00,1,Collision with vehicle,6,Saturday,110,CROSS TRAFFIC(INTERSECTIONS ONLY),3,41659,Cross intersection,3,60,Arterial Other,WAVERLEY,MONASH,-37.882515,145.109,2020,5,May,22,Night,Weekend
T20200010450,2020-05-30,11:40:00,2,Struck Pedestrian,6,Saturday,100,PED NEAR SIDE. PED HIT BY VEHICLE FROM THE RIGHT.,1,57569,T intersection,2,60,Arterial Other,JELLS,MONASH,-37.909992,145.18849,2020,5,May,11,Midday,Weekend
T20200010517,2020-05-30,21:50:00,4,Collision with a fixed object,6,Saturday,181,OFF RIGHT BEND INTO OBJECT/PARKED VEHICLE,4,654175,Not at intersection,3,60,Local Road,BELGRAVE-FERNY CREEK,YARRA RANGES,-37.8916,145.34598,2020,5,May,21,Night,Weekend
T20200010455,2020-05-30,11:05:00,1,Collision with vehicle,6,Saturday,134,LANE CHANGE RIGHT (NOT OVERTAKING),1,67985,T intersection,2,60,Local Road,MORRIS,WYNDHAM,-37.870144,144.70291,2020,5,May,11,Midday,Weekend
T20200010457,2020-05-30,11:30:00,2,Struck Pedestrian,6,Saturday,100,PED NEAR SIDE. PED HIT BY VEHICLE FROM THE RIGHT.,1,667679,Not at intersection,3,30,Local Road,FRANKLIN,MELBOURNE,-37.809067,144.95561,2020,5,May,11,Midday,Weekend
T20200010459,2020-05-30,13:00:00,5,collision with some other object,6,Saturday,166,STRUCK OBJECT ON CARRIAGEWAY,1,599069,Not at intersection,2,80,Freeway,BATMAN-CITYLINK OUT,MELBOURNE,-37.826042,144.98155,2020,5,May,13,Midday,Weekend
T20200010463,2020-05-30,13:15:00,1,Collision with vehicle,6,Saturday,130,REAR END(VEHICLES IN SAME LANE),1,654559,Not at intersection,2,100,Arterial Other,HEALESVILLE-KOO WEE RUP,YARRA RANGES,-37.705223,145.52226,2020,5,May,13,Midday,Weekend
T20200010442,2020-05-30,07:10:00,1,Collision with vehicle,6,Saturday,110,CROSS TRAFFIC(INTERSECTIONS ONLY),1,654004,Cross intersection,3,60,Arterial Highway,MCKILLOP STREET -ORMOND,GEELONG,-38.158234,144.37468,2020,5,May,7,Morning Peak,Weekend
T20200010515,2020-05-30,17:30:00,1,Collision with vehicle,6,Saturday,116,LEFT NEAR (INTERSECTIONS ONLY),9,44327,Cross intersection,3,40,Arterial Other,BALLAN ROAD -COTTRELL,WYNDHAM,-37.902905,144.65097,2020,5,May,17,Afternoon Peak,Weekend
T20200010468,2020-05-30,14:00:00,1,Collision with vehicle,6,Saturday,131,LEFT REAR,1,43006,T intersection,3,60,Local Road,GLADSTONE,DANDENONG,-37.964417,145.20587,2020,5,May,14,Midday,Weekend
T20200010472,2020-05-30,14:10:00,1,Collision with vehicle,6,Saturday,130,REAR END(VEHICLES IN SAME LANE),1,658389,Not at intersection,3,70,Arterial Other,CENTRE DANDENONG,KINGSTON,-37.971493,145.1053,2020,5,May,14,Midday,Weekend
T20200010474,2020-05-30,15:00:00,6,Vehicle overturned (no collision),6,Saturday,182,OFF CARRIAGEWAY ON LEFT BEND,1,658862,Not at intersection,2,50,Arterial Other,YARRA,BOROONDARA,-37.788647,145.01797,2020,5,May,15,Afternoon Peak,Weekend
T20200010476,2020-05-30,15:20:00,4,Collision with a fixed object,6,Saturday,181,OFF RIGHT BEND INTO OBJECT/PARKED VEHICLE,1,664713,Not at intersection,3,100,Local Road,EGERTON-BALLARK,MOORABOOL,-37.737774,144.1303,2020,5,May,15,Afternoon Peak,Weekend
T20200010479,2020-05-30,17:38:00,4,Collision with a fixed object,6,Saturday,181,OFF RIGHT BEND INTO OBJECT/PARKED VEHICLE,3,773369,Not at intersection,3,50,Local Road,COVERDALE,WELLINGTON,-38.108086,147.08951,2020,5,May,17,Afternoon Peak,Weekend
T20200010481,2020-05-30,16:26:00,1,Collision with vehicle,6,Saturday,111,RIGHT FAR (INTERSECTIONS ONLY),2,44305,T intersection,3,60,Arterial Other,DERRIMUT,WYNDHAM,-37.868286,144.68439,2020,5,May,16,Afternoon Peak,Weekend
T20200010441,2020-05-30,02:57:00,2,Struck Pedestrian,6,Saturday,103,PED PLAYING/LYING/WORKING/STANDING ON CARRIAGEWAY.,5,653968,Not at intersection,1,100,Arterial Highway,CALDER,BENDIGO,-36.831963,144.24004,2020,5,May,2,Late Night,Weekend
T20200010570,2020-05-30,11:30:00,5,collision with some other object,6,Saturday,166,STRUCK OBJECT ON CARRIAGEWAY,1,668410,Not at intersection,2,80,Local Road,ANGEES,MOORABOOL,-37.761044,144.06804,2020,5,May,11,Midday,Weekend
T20200010453,2020-05-30,11:20:00,1,Collision with vehicle,6,Saturday,132,RIGHT REAR.,1,658089,Not at intersection,2,50,Local Road,COLEMAN,MONASH,-37.878555,145.15787,2020,5,May,11,Midday,Weekend
T20200011319,2020-05-30,17:15:00,1,Collision with vehicle,6,Saturday,130,REAR END(VEHICLES IN SAME LANE),2,323273,Cross intersection,3,80,Arterial Highway,MAROONDAH,MAROONDAH,-37.793365,145.26022,2020,5,May,17,Afternoon Peak,Weekend
T20200010448,2020-05-30,11:42:00,6,Vehicle overturned (no collision),6,Saturday,149,OTHER MANOEUVRING NOT INCLUDED IN DCAs 140-148,1,36754,T intersection,2,60,Arterial Other,RACECOURSE,CARDINIA,-38.077354,145.49341,2020,5,May,11,Midday,Weekend
T20200011234,2020-05-30,16:45:00,1,Collision with vehicle,6,Saturday,110,CROSS TRAFFIC(INTERSECTIONS ONLY),1,66677,Cross intersection,3,50,Local Road,ALLAMBEE,BOROONDARA,-37.83476,145.07605,2020,5,May,16,Afternoon Peak,Weekend
T20200010488,2020-05-30,21:48:00,4,Collision with a fixed object,6,Saturday,183,OFF LEFT BEND INTO OBJECT/PARKED VEHICLE,3,15335,Cross intersection,2,50,Arterial Other,GISBORNE,MOORABOOL,-37.662792,144.43996,2020,5,May,21,Night,Weekend
T20200010444,2020-05-30,08:45:00,1,Collision with vehicle,6,Saturday,110,CROSS TRAFFIC(INTERSECTIONS ONLY),1,50007,Cross intersection,3,60,Local Road,KILGOUR,GEELONG,-38.15621,144.35947,2020,5,May,8,Morning Peak,Weekend
T20200010485,2020-05-30,15:30:00,4,Collision with a fixed object,6,Saturday,149,OTHER MANOEUVRING NOT INCLUDED IN DCAs 140-148,1,654081,Not at intersection,2,50,Local Road,BOWMORE,DANDENONG,-37.95801,145.17635,2020,5,May,15,Afternoon Peak,Weekend
T20200010439,2020-05-30,04:29:00,4,Collision with a fixed object,6,Saturday,173,RIGHT OFF CARRIAGEWAY INTO OBJECT/PARKED VEHICLE,3,57583,Multiple intersection,2,60,Arterial Other,BLUFF,BAYSIDE,-37.933094,145.02472,2020,5,May,4,Late Night,Weekend
T20200010546,2020-05-30,17:30:00,1,Collision with vehicle,6,Saturday,130,REAR END(VEHICLES IN SAME LANE),1,660945,Not at intersection,2,40,Arterial Other,MALVERN,STONNINGTON,-37.84836,145.00517,2020,5,May,17,Afternoon Peak,Weekend
T20200010690,2020-05-30,14:00:00,6,Vehicle overturned (no collision),6,Saturday,180,OFF CARRIAGEWAY ON RIGHT BEND,1,654377,Not at intersection,2,60,Local Road,ERSKINE FALLS,SURF COAST,-38.516003,143.93251,2020,5,May,14,Midday,Weekend
T20200010687,2020-05-30,15:30:00,1,Collision with vehicle,6,Saturday,113,RIGHT NEAR (INTERSECTIONS ONLY),9,49539,T intersection,3,50,Arterial Other,GISBORNE,MOORABOOL,-37.65624,144.4488,2020,5,May,15,Afternoon Peak,Weekend
T20200011429,2020-05-30,13:00:00,1,Collision with vehicle,6,Saturday,121,RIGHT THROUGH,1,42015,Not at intersection,3,60,Arterial Other,BEACH ROAD -ESPLANADE,BAYSIDE,-37.927452,144.98857,2020,5,May,13,Midday,Weekend
T20200010436,2020-05-30,01:30:00,1,Collision with vehicle,6,Saturday,111,RIGHT FAR (INTERSECTIONS ONLY),3,279013,Cross intersection,3,60,Arterial Other,PALMERS,WYNDHAM,-37.857304,144.74773,2020,5,May,1,Late Night,Weekend
T20200021375,2020-05-30,16:00:00,4,Collision with a fixed object,6,Saturday,151,OUT OF CONTROL (OVERTAKING),1,668929,Not at intersection,3,80,Arterial Other,WOODS POINT,YARRA RANGES,-37.65008,145.86545,2020,5,May,16,Afternoon Peak,Weekend
T20200010526,2020-05-30,18:00:00,1,Collision with vehicle,6,Saturday,116,LEFT NEAR (INTERSECTIONS ONLY),3,337915,T intersection,2,80,Arterial Other,BERWICK-CRANBOURNE,CASEY,-38.114037,145.32812,2020,5,May,18,Afternoon Peak,Weekend
T20200010909,2020-05-30,10:10:00,8,No collision and no object struck,6,Saturday,174,OUT OF CONTROL ON CARRIAGEWAY (ON STRAIGHT),1,654952,Not at intersection,3,60,Local Road,DANS,SURF COAST,-38.26174,144.3871,2020,5,May,10,Midday,Weekend
T20200011246,2020-05-30,10:00:00,1,Collision with vehicle,6,Saturday,160,VEHICLE COLLIDES WITH VEHICLE PARKED ON LEFT OF ROAD,1,655151,Not at intersection,3,50,Local Road,JILLIAN,YARRA RANGES,-37.779938,145.33209,2020,5,May,10,Midday,Weekend
T20200011560,2020-05-30,11:00:00,1,Collision with vehicle,6,Saturday,121,RIGHT THROUGH,1,665734,Cross intersection,3,60,Local Road,STAWELL,BALLARAT,-37.553493,143.88243,2020,5,May,11,Midday,Weekend
T20200010507,2020-05-30,13:11:00,1,Collision with vehicle,6,Saturday,163,VEHICLE STRIKES DOOR OF PARKED/STATIONARY VEHICLE,1,654209,T intersection,3,60,Arterial Highway,TOORAK,BOROONDARA,-37.850243,145.09407,2020,5,May,13,Midday,Weekend
T20200016441,2020-05-30,12:00:00,8,No collision and no object struck,6,Saturday,174,OUT OF CONTROL ON CARRIAGEWAY (ON STRAIGHT),1,661823,T intersection,3,60,Local Road,OLD COACH,YARRA RANGES,-37.862164,145.35208,2020,5,May,12,Midday,Weekend
T20200010584,2020-05-30,16:15:00,1,Collision with vehicle,6,Saturday,147,VEHICLE STRIKES ANOTHER VEH WHILE EMERGING FROM DRIVEWAY,1,654265,Not at intersection,3,80,Arterial Highway,MAROONDAH,YARRA RANGES,-37.765312,145.30487,2020,5,May,16,Afternoon Peak,Weekend
T20200010650,2020-05-30,12:05:00,4,Collision with a fixed object,6,Saturday,181,OFF RIGHT BEND INTO OBJECT/PARKED VEHICLE,1,654374,Not at intersection,3,100,Arterial Highway,GREAT ALPINE,(MOUNT HOTHAM),-37.00153,147.10873,2020,5,May,12,Midday,Weekend
T20200012551,2020-05-30,16:40:00,6,Vehicle overturned (no collision),6,Saturday,180,OFF CARRIAGEWAY ON RIGHT BEND,1,272821,Not at intersection,2,60,Local Road,WATT,SHEPPARTON,-36.39544,145.36638,2020,5,May,16,Afternoon Peak,Weekend
T20200011291,2020-05-30,14:30:00,8,No collision and no object struck,6,Saturday,174,OUT OF CONTROL ON CARRIAGEWAY (ON STRAIGHT),1,668447,Not at intersection,3,50,Local Road,COLITE,GEELONG,-38.28009,144.49254,2020,5,May,14,Midday,Weekend
T20200011911,2020-05-30,16:29:00,1,Collision with vehicle,6,Saturday,113,RIGHT NEAR (INTERSECTIONS ONLY),1,41762,Cross intersection,3,70,Arterial Highway,WELLINGTON,MONASH,-37.91727,145.1471,2020,5,May,16,Afternoon Peak,Weekend
T20200012388,2020-05-30,13:00:00,1,Collision with vehicle,6,Saturday,130,REAR END(VEHICLES IN SAME LANE),1,656705,Not at intersection,3,60,Arterial Other,SAYERS,WYNDHAM,-37.849674,144.69887,2020,5,May,13,Midday,Weekend
T20200010518,2020-05-31,13:41:00,1,Collision with vehicle,7,Sunday,113,RIGHT NEAR (INTERSECTIONS ONLY),1,44176,T intersection,3,60,Arterial Other,HIGH,DAREBIN,-37.70781,145.00912,2020,5,May,13,Midday,Weekend
T20200010516,2020-05-31,12:59:00,1,Collision with vehicle,7,Sunday,110,CROSS TRAFFIC(INTERSECTIONS ONLY),1,52909,Cross intersection,3,60,Arterial Highway,DOVETON,BALLARAT,-37.565903,143.85402,2020,5,May,12,Midday,Weekend
T20200010521,2020-05-31,13:45:00,1,Collision with vehicle,7,Sunday,154,PULLING OUT -REAR END,1,661151,Not at intersection,2,100,Arterial Highway,HAMILTON,SOUTHERN GRAMPIANS,-37.78142,142.14774,2020,5,May,13,Midday,Weekend
T20200010495,2020-05-31,06:15:00,4,Collision with a fixed object,7,Sunday,173,RIGHT OFF CARRIAGEWAY INTO OBJECT/PARKED VEHICLE,5,668574,Not at intersection,3,100,Arterial Highway,PRINCES,WELLINGTON,-38.10645,146.90172,2020,5,May,6,Morning Peak,Weekend
T20200010493,2020-05-31,06:27:00,8,No collision and no object struck,7,Sunday,174,OUT OF CONTROL ON CARRIAGEWAY (ON STRAIGHT),2,657634,Not at intersection,2,80,Local Road,OLD MELBOURNE,GEELONG,-38.019913,144.44363,2020,5,May,6,Morning Peak,Weekend
T20200010492,2020-05-31,02:30:00,4,Collision with a fixed object,7,Sunday,173,RIGHT OFF CARRIAGEWAY INTO OBJECT/PARKED VEHICLE,5,696777,Not at intersection,2,100,Local Road,CRAMBS,CORANGAMITE,-37.87592,143.4288,2020,5,May,2,Late Night,Weekend
T20200010491,2020-05-31,00:58:00,4,Collision with a fixed object,7,Sunday,173,RIGHT OFF CARRIAGEWAY INTO OBJECT/PARKED VEHICLE,3,67256,T intersection,3,60,Arterial Other,MELBOURNE,HOBSONS BAY,-37.85129,144.8891,2020,5,May,0,Late Night,Weekend
T20200010490,2020-05-31,00:35:00,4,Collision with a fixed object,7,Sunday,173,RIGHT OFF CARRIAGEWAY INTO OBJECT/PARKED VEHICLE,3,659207,Not at intersection,2,50,Local Road,SYCAMORE,YARRA RANGES,-37.801414,145.37585,2020,5,May,0,Late Night,Weekend
T20200010536,2020-05-31,22:05:00,1,Collision with vehicle,7,Sunday,136,RIGHT TURN SIDESWIPE,3,654847,T intersection,2,100,Local Road,BALFOUR,BAW BAW,-38.14116,145.87077,2020,5,May,22,Night,Weekend
T20200010533,2020-05-31,21:20:00,1,Collision with vehicle,7,Sunday,140,U TURN,3,654560,Not at intersection,3,60,Arterial Other,NARRE WARREN,CASEY,-38.101578,145.29211,2020,5,May,21,Night,Weekend
T20200010637,2020-05-31,21:00:00,2,Struck Pedestrian,7,Sunday,108,PED STRUCK WALKING TO/FROM OR BOARDING/ALIGHTING VEHICLE.,6,657316,Not at intersection,3,50,Local Road,ALDERSHOT,BRIMBANK,-37.72004,144.81097,2020,5,May,21,Night,Weekend
T20200010512,2020-05-31,11:40:00,2,Struck Pedestrian,7,Sunday,101,PED EMERGES FROM IN FRONT OF PARKED OR STATIONARY VEHICLE,1,654174,Not at intersection,2,60,Arterial Other,JELLS,MONASH,-37.897335,145.19087,2020,5,May,11,Midday,Weekend
T20200010511,2020-05-31,11:15:00,6,Vehicle overturned (no collision),7,Sunday,170,OFF CARRIAGEWAY TO LEFT,1,654084,Not at intersection,2,100,Local Road,OLD MOROKA,WELLINGTON,-37.645493,146.94127,2020,5,May,11,Midday,Weekend