ACCIDENT_NO,ACCIDENT_DATE,ACCIDENT_TIME,ACCIDENT_TYPE,ACCIDENT_TYPE_DESC,DAY_OF_WEEK,DAY_WEEK_DESC,DCA_CODE,DCA_DESC,LIGHT_CONDITION,NODE_ID,ROAD_GEOMETRY_DESC,SEVERITY,SPEED_ZONE,RMA,ROAD_NAME,LGA_NAME,LATITUDE,LONGITUDE,YEAR,MONTH,MONTH_NAME,HOUR,TIME_PERIOD,DAY_TYPE
T20200010642,2020-05-31,14:15:00,8,No collision and no object struck,7,Sunday,149,OTHER MANOEUVRING NOT INCLUDED IN DCAs 140-148,1,70841,T intersection,3,60,Arterial Other,BEACH,KINGSTON,-37.99563,145.07083,2020,5,May,14,Midday,Weekend
T20200010528,2020-05-31,18:30:00,4,Collision with a fixed object,7,Sunday,173,RIGHT OFF CARRIAGEWAY INTO OBJECT/PARKED VEHICLE,3,654367,Not at intersection,3,80,Arterial Highway,SOUTH GIPPSLAND,CASEY,-38.091774,145.2808,2020,5,May,18,Afternoon Peak,Weekend
T20200010510,2020-05-31,10:17:00,4,Collision with a fixed object,7,Sunday,171,LEFT OFF CARRIAGEWAY INTO OBJECT/PARKED VEHICLE,1,657886,Not at intersection,2,80,Local Road,SEDGWICK,BENDIGO,-36.831512,144.30475,2020,5,May,10,Midday,Weekend
T20200010501,2020-05-31,10:10:00,4,Collision with a fixed object,7,Sunday,164,PERMANENT OBSTRUCTION ON CARRIAGEWAY,1,654083,Not at intersection,3,50,Arterial Other,YARRA,BOROONDARA,-37.80359,145.02103,2020,5,May,10,Midday,Weekend
T20200010636,2020-05-31,13:21:00,2,Struck Pedestrian,7,Sunday,102,FAR SIDE. PED HIT BY VEHICLE FROM THE LEFT,1,225145,T intersection,3,50,Local Road,EASTFIELD,MAROONDAH,-37.80841,145.2526,2020,5,May,13,Midday,Weekend
T20200010531,2020-05-31,18:25:00,1,Collision with vehicle,7,Sunday,113,RIGHT NEAR (INTERSECTIONS ONLY),5,49682,Cross intersection,2,60,Local Road,MARILYN,GEELONG,-38.08083,144.34688,2020,5,May,18,Afternoon Peak,Weekend
T20200010527,2020-05-31,16:05:00,1,Collision with vehicle,7,Sunday,132,RIGHT REAR.,1,42591,Cross intersection,3,60,Arterial Other,JACKSONS,DANDENONG,-37.9376,145.19249,2020,5,May,16,Afternoon Peak,Weekend
T20200010622,2020-05-31,17:00:00,4,Collision with a fixed object,7,Sunday,181,OFF RIGHT BEND INTO OBJECT/PARKED VEHICLE,2,654312,Not at intersection,3,80,Local Road,HAWKINS,MORNINGTON PENINSULA,-38.19829,145.16002,2020,5,May,17,Afternoon Peak,Weekend
T20200010530,2020-05-31,19:19:00,1,Collision with vehicle,7,Sunday,163,VEHICLE STRIKES DOOR OF PARKED/STATIONARY VEHICLE,3,654210,Not at intersection,2,40,Arterial Other,KING,MELBOURNE,-37.810947,144.95322,2020,5,May,19,Night,Weekend
T20200010502,2020-05-31,08:00:00,4,Collision with a fixed object,7,Sunday,181,OFF RIGHT BEND INTO OBJECT/PARKED VEHICLE,1,669916,Not at intersection,3,100,Arterial Other,PRINCETOWN,CORANGAMITE,-38.61558,143.1771,2020,5,May,8,Morning Peak,Weekend
T20200010522,2020-05-31,15:05:00,1,Collision with vehicle,7,Sunday,130,REAR END(VEHICLES IN SAME LANE),1,655742,Not at intersection,2,70,Arterial Other,YAN YEAN,NILLUMBIK,-37.64447,145.13141,2020,5,May,15,Afternoon Peak,Weekend
T20200010540,2020-05-31,13:42:00,1,Collision with vehicle,7,Sunday,116,LEFT NEAR (INTERSECTIONS ONLY),1,50034,Cross intersection,3,60,Local Road,MCKILLOP,GEELONG,-38.159126,144.37787,2020,5,May,13,Midday,Weekend
T20200010588,2020-06-01,16:45:00,1,Collision with vehicle,1,Monday,111,RIGHT FAR (INTERSECTIONS ONLY),1,72219,T intersection,2,80,Arterial Highway,SOUTH GIPPSLAND,CASEY,-38.160744,145.31891,2020,6,June,16,Afternoon Peak,Weekday
T20200010671,2020-06-01,00:36:00,1,Collision with vehicle,1,Monday,130,REAR END(VEHICLES IN SAME LANE),3,654376,Not at intersection,3,80,Freeway,CITYLINK,MELBOURNE,-37.818108,144.9327,2020,6,June,0,Late Night,Weekday
T20200010537,2020-06-01,00:39:00,4,Collision with a fixed object,1,Monday,171,LEFT OFF CARRIAGEWAY INTO OBJECT/PARKED VEHICLE,5,654310,Not at intersection,3,50,Local Road,FRANK HAYES,WANGARATTA,-36.36147,146.30624,2020,6,June,0,Late Night,Weekday
T20200010582,2020-06-01,13:55:00,1,Collision with vehicle,1,Monday,134,LANE CHANGE RIGHT (NOT OVERTAKING),1,654369,Not at intersection,3,70,Arterial Other,CANTERBURY,MAROONDAH,-37.82798,145.28172,2020,6,June,13,Midday,Weekday
T20200010581,2020-06-01,13:45:00,1,Collision with vehicle,1,Monday,140,U TURN,1,780577,Not at intersection,3,70,Local Road,ABBOTTS,DANDENONG,-38.031914,145.214,2020,6,June,13,Midday,Weekday
T20200010550,2020-06-01,06:45:00,4,Collision with a fixed object,1,Monday,181,OFF RIGHT BEND INTO OBJECT/PARKED VEHICLE,3,280282,T intersection,2,60,Arterial Other,HEIDELBERG-WARRANDYTE ROAD -YARRA,MANNINGHAM,-37.747395,145.2099,2020,6,June,6,Morning Peak,Weekday
T20200010551,2020-06-01,06:47:00,2,Struck Pedestrian,1,Monday,102,FAR SIDE. PED HIT BY VEHICLE FROM THE LEFT,3,657760,Cross intersection,2,80,Arterial Highway,PRINCES,CASEY,-38.00644,145.27324,2020,6,June,6,Morning Peak,Weekday
T20200010579,2020-06-01,13:10:00,6,Vehicle overturned (no collision),1,Monday,170,OFF CARRIAGEWAY TO LEFT,1,654413,Cross intersection,3,70,Arterial Other,WANTIRNA,MAROONDAH,-37.832474,145.22733,2020,6,June,13,Midday,Weekday
T20200010553,2020-06-01,08:22:00,1,Collision with vehicle,1,Monday,121,RIGHT THROUGH,1,37916,T intersection,3,60,Arterial Other,QUEENS,YARRA,-37.785477,144.9948,2020,6,June,8,Morning Peak,Weekday
T20200010562,2020-06-01,10:25:00,4,Collision with a fixed object,1,Monday,181,OFF RIGHT BEND INTO OBJECT/PARKED VEHICLE,1,654177,Not at intersection,2,80,Arterial Other,KANGAROO GROUND-WARRANDYTE,NILLUMBIK,-37.697018,145.22282,2020,6,June,10,Midday,Weekday
T20200010563,2020-06-01,08:35:00,4,Collision with a fixed object,1,Monday,181,OFF RIGHT BEND INTO OBJECT/PARKED VEHICLE,1,664308,Not at intersection,2,100,Local Road,THOMPSON,GOLDEN PLAINS,-37.95304,144.1829,2020,6,June,8,Morning Peak,Weekday
T20200010566,2020-06-01,12:20:00,1,Collision with vehicle,1,Monday,113,RIGHT NEAR (INTERSECTIONS ONLY),1,331093,T intersection,2,100,Arterial Highway,PRINCES,COLAC OTWAY,-38.32562,143.34024,2020,6,June,12,Midday,Weekday
T20200011587,2020-06-01,15:44:00,1,Collision with vehicle,1,Monday,140,U TURN,1,655446,Not at intersection,3,80,Arterial Highway,MAROONDAH,WHITEHORSE,-37.81836,145.18011,2020,6,June,15,Afternoon Peak,Weekday
T20200011580,2020-06-01,08:50:00,2,Struck Pedestrian,1,Monday,102,FAR SIDE. PED HIT BY VEHICLE FROM THE LEFT,1,655445,Not at intersection,3,40,Local Road,READING,BOROONDARA,-37.801434,145.09697,2020,6,June,8,Morning Peak,Weekday
T20200010542,2020-06-01,05:38:00,6,Vehicle overturned (no collision),1,Monday,182,OFF CARRIAGEWAY ON LEFT BEND,5,654264,Not at intersection,2,100,Arterial Other,KORUMBURRA-WARRAGUL,BAW BAW,-38.2439,145.91324,2020,6,June,5,Morning Peak,Weekday
T20200010614,2020-06-01,23:15:00,1,Collision with vehicle,1,Monday,110,CROSS TRAFFIC(INTERSECTIONS ONLY),3,44570,Cross intersection,3,50,Arterial Other,WATERDALE,BANYULE,-37.72959,145.04997,2020,6,June,23,Night,Weekday
T20200011431,2020-06-01,15:50:00,1,Collision with vehicle,1,Monday,113,RIGHT NEAR (INTERSECTIONS ONLY),1,58589,T intersection,2,60,Local Road,GAYVIEW,WODONGA,-36.120155,146.85658,2020,6,June,15,Afternoon Peak,Weekday
T20200010587,2020-06-01,06:30:00,1,Collision with vehicle,1,Monday,130,REAR END(VEHICLES IN SAME LANE),3,29623,Cross intersection,3,80,Arterial Highway,SPRINGVALE,WHITEHORSE,-37.862015,145.16922,2020,6,June,6,Morning Peak,Weekday
T20200010607,2020-06-01,18:15:00,1,Collision with vehicle,1,Monday,147,VEHICLE STRIKES ANOTHER VEH WHILE EMERGING FROM DRIVEWAY,5,655605,Not at intersection,2,100,Arterial Other,MYRTLEFORD-YACKANDANDAH,INDIGO,-36.33595,146.86835,2020,6,June,18,Afternoon Peak,Weekday
T20200010605,2020-06-01,19:40:00,1,Collision with vehicle,1,Monday,130,REAR END(VEHICLES IN SAME LANE),5,654309,Not at intersection,2,100,Arterial Other,MELTON,MELTON,-37.68594,144.68677,2020,6,June,19,Night,Weekday
T20200010603,2020-06-01,19:00:00,1,Collision with vehicle,1,Monday,110,CROSS TRAFFIC(INTERSECTIONS ONLY),3,49680,Cross intersection,3,60,Arterial Other,BACCHUS MARSH,GEELONG,-38.078438,144.3584,2020,6,June,19,Night,Weekday
T20200010601,2020-06-01,19:03:00,1,Collision with vehicle,1,Monday,148,VEHICLE OFF FOOTPATH STRIKES VEH ON CARRIAGEWAY,3,662411,T intersection,3,40,Arterial Other,VICTORIA,YARRA,-37.80977,144.99294,2020,6,June,19,Night,Weekday
T20200010600,2020-06-01,17:50:00,1,Collision with vehicle,1,Monday,147,VEHICLE STRIKES ANOTHER VEH WHILE EMERGING FROM DRIVEWAY,2,656528,Not at intersection,2,70,Arterial Other,POUND,CASEY,-38.033386,145.28377,2020,6,June,17,Afternoon Peak,Weekday
T20200010598,2020-06-01,17:12:00,4,Collision with a fixed object,1,Monday,151,OUT OF CONTROL (OVERTAKING),2,654471,Not at intersection,2,80,Freeway,NARRE WARREN NORTH-MONASH IN,CASEY,-38.017624,145.30777,2020,6,June,17,Afternoon Peak,Weekday
T20200014132,2020-06-01,17:40:00,1,Collision with vehicle,1,Monday,145,REVERSING IN STREAM OF TRAFFIC,2,658418,Not at intersection,3,60,Arterial Other,MCINTYRE,BRIMBANK,-37.7736,144.82936,2020,6,June,17,Afternoon Peak,Weekday
T20200010572,2020-06-01,12:14:00,1,Collision with vehicle,1,Monday,113,RIGHT NEAR (INTERSECTIONS ONLY),1,57591,T intersection,3,60,Arterial Other,HEATHERTON,DANDENONG,-37.963097,145.15782,2020,6,June,12,Midday,Weekday
T20200010573,2020-06-01,13:00:00,1,Collision with vehicle,1,Monday,120,HEAD ON (NOT OVERTAKING),1,655518,Not at intersection,2,40,Local Road,HAMPSHIRE,BRIMBANK,-37.78773,144.83339,2020,6,June,13,Midday,Weekday
T20200010578,2020-06-01,08:00:00,2,Struck Pedestrian,1,Monday,100,PED NEAR SIDE. PED HIT BY VEHICLE FROM THE RIGHT.,1,29646,Cross intersection,2,50,Arterial Other,NEERIM,GLEN EIRA,-37.88727,145.04613,2020,6,June,8,Morning Peak,Weekday
T20200013227,2020-06-01,16:30:00,8,No collision and no object struck,1,Monday,172,OFF CARRIAGEWAY TO RIGHT,9,304309,T intersection,3,60,Arterial Other,CHILDS,WHITTLESEA,-37.662403,145.04738,2020,6,June,16,Afternoon Peak,Weekday
T20200011023,2020-06-01,13:00:00,6,Vehicle overturned (no collision),1,Monday,174,OUT OF CONTROL ON CARRIAGEWAY (ON STRAIGHT),1,657717,Not at intersection,3,60,Arterial Other,HEATHS,WYNDHAM,-37.887363,144.64024,2020,6,June,13,Midday,Weekday
T20200010668,2020-06-01,22:15:00,1,Collision with vehicle,1,Monday,163,VEHICLE STRIKES DOOR OF PARKED/STATIONARY VEHICLE,3,664309,Not at intersection,3,40,Arterial Other,SWAN,YARRA,-37.825893,144.9998,2020,6,June,22,Night,Weekday
T20200011079,2020-06-02,19:42:00,1,Collision with vehicle,2,Tuesday,135,LANE CHANGE LEFT (NOT OVERTAKING),3,51628,Cross intersection,3,50,Arterial Other,MYERS,BENDIGO,-36.76142,144.28339,2020,6,June,19,Night,Weekday
T20200010673,2020-06-02,21:15:00,4,Collision with a fixed object,2,Tuesday,171,LEFT OFF CARRIAGEWAY INTO OBJECT/PARKED VEHICLE,3,658539,Not at intersection,2,60,Arterial Other,CORIO QUAY,GEELONG,-38.11177,144.35533,2020,6,June,21,Night,Weekday
T20200010676,2020-06-02,23:17:00,1,Collision with vehicle,2,Tuesday,121,RIGHT THROUGH,3,38640,T intersection,2,60,Arterial Other,SUNSHINE,MARIBYRNONG,-37.801132,144.87624,2020,6,June,23,Night,Weekday
T20200012116,2020-06-02,20:05:00,1,Collision with vehicle,2,Tuesday,160,VEHICLE COLLIDES WITH VEHICLE PARKED ON LEFT OF ROAD,3,658624,Not at intersection,2,60,Arterial Other,NEERIM,GLEN EIRA,-37.88948,145.0594,2020,6,June,20,Night,Weekday
T20200010835,2020-06-02,18:30:00,1,Collision with vehicle,2,Tuesday,137,LEFT TURN SIDESWIPE,9,36928,T intersection,2,40,Local Road,FLINDERS,MELBOURNE,-37.818897,144.96248,2020,6,June,18,Afternoon Peak,Weekday
T20200010628,2020-06-02,08:00:00,4,Collision with a fixed object,2,Tuesday,173,RIGHT OFF CARRIAGEWAY INTO OBJECT/PARKED VEHICLE,1,698786,Not at intersection,2,80,Arterial Other,BACCHUS MARSH,GEELONG,-37.973373,144.3489,2020,6,June,8,Morning Peak,Weekday
T20200010645,2020-06-02,14:20:00,1,Collision with vehicle,2,Tuesday,134,LANE CHANGE RIGHT (NOT OVERTAKING),1,654947,Not at intersection,3,70,Arterial Other,MANNINGHAM ROAD SERVICE,MANNINGHAM,-37.77621,145.11777,2020,6,June,14,Midday,Weekday
T20200010623,2020-06-02,08:33:00,1,Collision with vehicle,2,Tuesday,110,CROSS TRAFFIC(INTERSECTIONS ONLY),1,42143,Cross intersection,3,50,Local Road,SPRING,BAYSIDE,-37.94396,145.03279,2020,6,June,8,Morning Peak,Weekday
T20200010620,2020-06-02,07:15:00,1,Collision with vehicle,2,Tuesday,132,RIGHT REAR.,2,654371,Not at intersection,3,80,Arterial Highway,STURT,MILDURA,-34.215645,142.02516,2020,6,June,7,Morning Peak,Weekday
T20200010665,2020-06-02,17:22:00,4,Collision with a fixed object,2,Tuesday,173,RIGHT OFF CARRIAGEWAY INTO OBJECT/PARKED VEHICLE,3,657590,Not at intersection,3,100,Freeway,CALDER,BRIMBANK,-37.712112,144.83032,2020,6,June,17,Afternoon Peak,Weekday
T20200010649,2020-06-02,16:00:00,1,Collision with vehicle,2,Tuesday,163,VEHICLE STRIKES DOOR OF PARKED/STATIONARY VEHICLE,1,780598,Not at intersection,3,40,Local Road,LA TROBE,MELBOURNE,-37.809753,144.96329,2020,6,June,16,Afternoon Peak,Weekday
T20200010664,2020-06-02,14:20:00,2,Struck Pedestrian,2,Tuesday,100,PED NEAR SIDE. PED HIT BY VEHICLE FROM THE RIGHT.,1,729792,Not at intersection,3,50,Local Road,JESSICA,CASEY,-38.04698,145.28162,2020,6,June,14,Midday,Weekday
T20200010663,2020-06-02,18:45:00,1,Collision with vehicle,2,Tuesday,130,REAR END(VEHICLES IN SAME LANE),3,44147,T intersection,3,60,Arterial Other,HIGH,DAREBIN,-37.7009,145.01038,2020,6,June,18,Afternoon Peak,Weekday
T20200011559,2020-06-02,18:30:00,1,Collision with vehicle,2,Tuesday,130,REAR END(VEHICLES IN SAME LANE),3,655786,Not at intersection,3,80,Arterial Highway,SPRINGVALE,KINGSTON,-38.011047,145.14075,2020,6,June,18,Afternoon Peak,Weekday
T20200011024,2020-06-02,07:00:00,1,Collision with vehicle,2,Tuesday,136,RIGHT TURN SIDESWIPE,9,664328,Cross intersection,3,100,Arterial Highway,PRINCES,GLENELG,-38.299637,141.60197,2020,6,June,7,Morning Peak,Weekday
T20200010759,2020-06-02,08:15:00,1,Collision with vehicle,2,Tuesday,110,CROSS TRAFFIC(INTERSECTIONS ONLY),1,72445,Cross intersection,3,60,Local Road,FRANCIS,GEELONG,-38.17617,144.3488,2020,6,June,8,Morning Peak,Weekday
T20200011332,2020-06-02,06:10:00,1,Collision with vehicle,2,Tuesday,130,REAR END(VEHICLES IN SAME LANE),3,471,Multiple intersection,3,60,Arterial Other,RACECOURSE,MELBOURNE,-37.78746,144.92131,2020,6,June,6,Morning Peak,Weekday
T20200011649,2020-06-02,23:58:00,1,Collision with vehicle,2,Tuesday,130,REAR END(VEHICLES IN SAME LANE),3,299387,Cross intersection,3,70,Arterial Other,TAYLORS,BRIMBANK,-37.727493,144.78192,2020,6,June,23,Night,Weekday
T20200011605,2020-06-03,15:45:00,1,Collision with vehicle,3,Wednesday,130,REAR END(VEHICLES IN SAME LANE),1,655857,Not at intersection,3,80,Arterial Other,PRINCES,CARDINIA,-38.06008,145.40968,2020,6,June,15,Afternoon Peak,Weekday
T20200015029,2020-06-03,17:15:00,1,Collision with vehicle,3,Wednesday,130,REAR END(VEHICLES IN SAME LANE),2,41985,Cross intersection,3,70,Arterial Other,BURWOOD,YARRA RANGES,-37.902203,145.3302,2020,6,June,17,Afternoon Peak,Weekday
T20200010785,2020-06-03,19:30:00,4,Collision with a fixed object,3,Wednesday,181,OFF RIGHT BEND INTO OBJECT/PARKED VEHICLE,5,671213,Not at intersection,2,80,Arterial Highway,GREAT ALPINE,EAST GIPPSLAND,-37.451138,147.82889,2020,6,June,19,Night,Weekday
T20200010781,2020-06-03,17:30:00,1,Collision with vehicle,3,Wednesday,132,RIGHT REAR.,3,654948,Not at intersection,2,60,Arterial Other,MCINTYRE,BRIMBANK,-37.772144,144.82964,2020,6,June,17,Afternoon Peak,Weekday
T20200010691,2020-06-03,10:06:00,5,collision with some other object,3,Wednesday,181,OFF RIGHT BEND INTO OBJECT/PARKED VEHICLE,1,654378,Not at intersection,3,60,Local Road,BROOKLYN PARK,MELTON,-37.697502,144.5255,2020,6,June,10,Midday,Weekday
T20200010828,2020-06-03,17:20:00,1,Collision with vehicle,3,Wednesday,130,REAR END(VEHICLES IN SAME LANE),5,655288,Not at intersection,2,80,Arterial Other,WESTALL,DANDENONG,-37.97108,145.1372,2020,6,June,17,Afternoon Peak,Weekday
T20200011331,2020-06-03,17:40:00,1,Collision with vehicle,3,Wednesday,116,LEFT NEAR (INTERSECTIONS ONLY),2,41071,Multiple intersection,3,50,Arterial Other,MOUNTAIN,KNOX,-37.855312,145.31552,2020,6,June,17,Afternoon Peak,Weekday
T20200010681,2020-06-03,06:30:00,1,Collision with vehicle,3,Wednesday,113,RIGHT NEAR (INTERSECTIONS ONLY),3,282647,T intersection,3,60,Local Road,BANGHOLME,DANDENONG,-38.034992,145.18678,2020,6,June,6,Morning Peak,Weekday
T20200010728,2020-06-03,16:47:00,1,Collision with vehicle,3,Wednesday,120,HEAD ON (NOT OVERTAKING),1,729536,T intersection,2,80,Arterial Other,WELLINGTON,YARRA RANGES,-37.95183,145.34087,2020,6,June,16,Afternoon Peak,Weekday
T20200010718,2020-06-03,13:59:00,4,Collision with a fixed object,3,Wednesday,151,OUT OF CONTROL (OVERTAKING),1,654467,Not at intersection,2,80,Freeway,WEST GATE,HOBSONS BAY,-37.829124,144.89732,2020,6,June,13,Midday,Weekday
T20200011929,2020-06-03,17:55:00,1,Collision with vehicle,3,Wednesday,130,REAR END(VEHICLES IN SAME LANE),6,664332,Not at intersection,2,80,Freeway,WEST GATE,HOBSONS BAY,-37.825706,144.83559,2020,6,June,17,Afternoon Peak,Weekday
T20200010677,2020-06-03,04:00:00,5,collision with some other object,3,Wednesday,166,STRUCK OBJECT ON CARRIAGEWAY,3,773244,Not at intersection,3,60,Arterial Other,MT DANDENONG,YARRA RANGES,-37.81142,145.33546,2020,6,June,4,Late Night,Weekday
T20200010678,2020-06-03,03:09:00,4,Collision with a fixed object,3,Wednesday,173,RIGHT OFF CARRIAGEWAY INTO OBJECT/PARKED VEHICLE,5,660368,Not at intersection,3,100,Arterial Other,PORTLAND-CASTERTON,GLENELG,-37.668514,141.5168,2020,6,June,3,Late Night,Weekday
T20200010713,2020-06-03,12:00:00,1,Collision with vehicle,3,Wednesday,110,CROSS TRAFFIC(INTERSECTIONS ONLY),1,44096,Cross intersection,2,60,Local Road,HENDERSONS,MORNINGTON PENINSULA,-38.33879,145.16707,2020,6,June,12,Midday,Weekday
T20200010706,2020-06-03,13:12:00,4,Collision with a fixed object,3,Wednesday,173,RIGHT OFF CARRIAGEWAY INTO OBJECT/PARKED VEHICLE,1,655004,Not at intersection,3,80,Freeway,CALDER OUT-BULLA-DIGGERS REST,MELTON,-37.638065,144.73119,2020,6,June,13,Midday,Weekday
T20200010727,2020-06-03,15:07:00,1,Collision with vehicle,3,Wednesday,130,REAR END(VEHICLES IN SAME LANE),1,68589,T intersection,3,70,Arterial Highway,SPRINGVALE,MONASH,-37.887875,145.16432,2020,6,June,15,Afternoon Peak,Weekday
T20200010729,2020-06-03,16:10:00,1,Collision with vehicle,3,Wednesday,142,LEAVING PARKING,1,656113,Not at intersection,3,40,Local Road,STUDLEY,BANYULE,-37.75662,145.06113,2020,6,June,16,Afternoon Peak,Weekday
T20200010685,2020-06-03,08:29:00,1,Collision with vehicle,3,Wednesday,147,VEHICLE STRIKES ANOTHER VEH WHILE EMERGING FROM DRIVEWAY,2,670003,Not at intersection,2,60,Local Road,SPRINGFIELD,WHITEHORSE,-37.811653,145.16328,2020,6,June,8,Morning Peak,Weekday
T20200010730,2020-06-03,17:56:00,1,Collision with vehicle,3,Wednesday,130,REAR END(VEHICLES IN SAME LANE),3,654383,T intersection,3,60,Arterial Other,INTERLINK,HUME,-37.60108,144.94601,2020,6,June,17,Afternoon Peak,Weekday
T20200010711,2020-06-03,15:10:00,2,Struck Pedestrian,3,Wednesday,108,PED STRUCK WALKING TO/FROM OR BOARDING/ALIGHTING VEHICLE.,1,657591,Not at intersection,3,50,Local Road,PENDER,DAREBIN,-37.753986,145.00662,2020,6,June,15,Afternoon Peak,Weekday
T20200010696,2020-06-03,12:15:00,1,Collision with vehicle,3,Wednesday,110,CROSS TRAFFIC(INTERSECTIONS ONLY),1,52370,Cross intersection,3,100,Arterial Other,MAFFRA-ROSEDALE,WELLINGTON,-38.02603,146.88014,2020,6,June,12,Midday,Weekday
T20200010734,2020-06-03,20:45:00,1,Collision with vehicle,3,Wednesday,135,LANE CHANGE LEFT (NOT OVERTAKING),3,654894,Not at intersection,3,100,Freeway,METROPOLITAN RING,WHITTLESEA,-37.686863,145.04848,2020,6,June,20,Night,Weekday
T20200010686,2020-06-03,08:02:00,1,Collision with vehicle,3,Wednesday,135,LANE CHANGE LEFT (NOT OVERTAKING),1,773370,Not at intersection,3,100,Freeway,MONASH,MONASH,-37.892952,145.13293,2020,6,June,8,Morning Peak,Weekday
T20200010741,2020-06-03,23:15:00,1,Collision with vehicle,3,Wednesday,173,RIGHT OFF CARRIAGEWAY INTO OBJECT/PARKED VEHICLE,3,657592,Not at intersection,3,60,Local Road,BRENNAN,MELTON,-37.704865,144.57132,2020,6,June,23,Night,Weekday
T20200012747,2020-06-03,14:19:00,1,Collision with vehicle,3,Wednesday,130,REAR END(VEHICLES IN SAME LANE),1,663498,Not at intersection,3,100,Freeway,WESTERN,BALLARAT,-37.561405,143.92491,2020,6,June,14,Midday,Weekday
T20200013913,2020-06-03,11:10:00,3,Struck animal,3,Wednesday,167,STRUCK ANIMAL,1,664330,Not at intersection,3,100,Arterial Other,PAKENHAM,CARDINIA,-38.048283,145.4801,2020,6,June,11,Midday,Weekday
T20200010720,2020-06-03,15:35:00,1,Collision with vehicle,3,Wednesday,130,REAR END(VEHICLES IN SAME LANE),1,729534,Not at intersection,3,60,Arterial Other,STURT,BALLARAT,-37.551655,143.8098,2020,6,June,15,Afternoon Peak,Weekday
T20200010721,2020-06-03,17:00:00,4,Collision with a fixed object,3,Wednesday,173,RIGHT OFF CARRIAGEWAY INTO OBJECT/PARKED VEHICLE,2,658011,Not at intersection,2,100,Freeway,EASTERN,BOROONDARA,-37.783253,145.07205,2020,6,June,17,Afternoon Peak,Weekday
T20200010715,2020-06-03,15:25:00,1,Collision with vehicle,3,Wednesday,139,OTHER SAME DIRECTION-MANOUEVRES NOT INCLUDED IN DCAs 130-137,1,654466,Not at intersection,2,40,Arterial Highway,RACECOURSE,MOONEE VALLEY,-37.78874,144.93593,2020,6,June,15,Afternoon Peak,Weekday
T20200010722,2020-06-03,17:49:00,2,Struck Pedestrian,3,Wednesday,102,FAR SIDE. PED HIT BY VEHICLE FROM THE LEFT,3,46078,T intersection,2,50,Local Road,DRUMMOND,MORELAND,-37.779522,144.97202,2020,6,June,17,Afternoon Peak,Weekday
T20200010707,2020-06-03,07:12:00,1,Collision with vehicle,3,Wednesday,130,REAR END(VEHICLES IN SAME LANE),1,654381,Not at intersection,3,100,Freeway,PRINCES,WYNDHAM,-37.8354,144.80437,2020,6,June,7,Morning Peak,Weekday
T20200010710,2020-06-03,09:45:00,1,Collision with vehicle,3,Wednesday,173,RIGHT OFF CARRIAGEWAY INTO OBJECT/PARKED VEHICLE,1,729291,Not at intersection,2,50,Local Road,JAMES,DAREBIN,-37.73729,144.98534,2020,6,June,9,Morning Peak,Weekday
T20200012063,2020-06-04,07:18:00,1,Collision with vehicle,4,Thursday,121,RIGHT THROUGH,1,40996,T intersection,3,60,Arterial Other,MOUNTAIN,KNOX,-37.837994,145.28018,2020,6,June,7,Morning Peak,Weekday
T20200010968,2020-06-04,15:00:00,1,Collision with vehicle,4,Thursday,130,REAR END(VEHICLES IN SAME LANE),1,654770,Multiple intersection,3,60,Arterial Other,THOMPSON,DANDENONG,-38.071823,145.19347,2020,6,June,15,Afternoon Peak,Weekday
T20200010930,2020-06-04,16:30:00,1,Collision with vehicle,4,Thursday,132,RIGHT REAR.,1,47870,Not at intersection,3,60,Local Road,BERKSHIRE,BRIMBANK,-37.764507,144.83249,2020,6,June,16,Afternoon Peak,Weekday
T20200012542,2020-06-04,21:30:00,8,No collision and no object struck,4,Thursday,174,OUT OF CONTROL ON CARRIAGEWAY (ON STRAIGHT),3,656610,Not at intersection,3,40,Local Road,ERIN,YARRA,-37.81645,144.99165,2020,6,June,21,Night,Weekday
T20200011836,2020-06-04,11:29:00,1,Collision with vehicle,4,Thursday,110,CROSS TRAFFIC(INTERSECTIONS ONLY),1,658322,Cross intersection,3,50,Local Road,SCOTT,DAREBIN,-37.71711,145.03366,2020,6,June,11,Midday,Weekday
T20200010744,2020-06-04,06:55:00,2,Struck Pedestrian,4,Thursday,102,FAR SIDE. PED HIT BY VEHICLE FROM THE LEFT,2,36688,Cross intersection,2,60,Arterial Other,HODDLE,YARRA,-37.790222,144.99483,2020,6,June,6,Morning Peak,Weekday
T20200010746,2020-06-04,08:29:00,1,Collision with vehicle,4,Thursday,113,RIGHT NEAR (INTERSECTIONS ONLY),1,38704,T intersection,3,60,Arterial Highway,FRANCIS,MARIBYRNONG,-37.820503,144.88426,2020,6,June,8,Morning Peak,Weekday
T20200010748,2020-06-04,09:20:00,1,Collision with vehicle,4,Thursday,110,CROSS TRAFFIC(INTERSECTIONS ONLY),1,51713,Cross intersection,3,60,Arterial Highway,HIGH,BENDIGO,-36.785355,144.24667,2020,6,June,9,Morning Peak,Weekday
T20200010749,2020-06-04,08:45:00,1,Collision with vehicle,4,Thursday,110,CROSS TRAFFIC(INTERSECTIONS ONLY),1,60641,Cross intersection,2,60,Arterial Other,MACMEIKAN,WHITTLESEA,-37.511814,145.11557,2020,6,June,8,Morning Peak,Weekday
T20200010755,2020-06-04,10:05:00,1,Collision with vehicle,4,Thursday,110,CROSS TRAFFIC(INTERSECTIONS ONLY),1,22517,Cross intersection,3,60,Local Road,CUTHBERTS,BALLARAT,-37.552055,143.78548,2020,6,June,10,Midday,Weekday
T20200010761,2020-06-04,13:00:00,1,Collision with vehicle,4,Thursday,136,RIGHT TURN SIDESWIPE,1,657667,Not at intersection,3,60,Arterial Other,LANSDOWNE,MELBOURNE,-37.81463,144.97751,2020,6,June,13,Midday,Weekday