ACCIDENT_NO,ACCIDENT_DATE,ACCIDENT_TIME,ACCIDENT_TYPE,ACCIDENT_TYPE_DESC,DAY_OF_WEEK,DAY_WEEK_DESC,DCA_CODE,DCA_DESC,LIGHT_CONDITION,NODE_ID,ROAD_GEOMETRY_DESC,SEVERITY,SPEED_ZONE,RMA,ROAD_NAME,LGA_NAME,LATITUDE,LONGITUDE,YEAR,MONTH,MONTH_NAME,HOUR,TIME_PERIOD,DAY_TYPE
T20200010764,2020-06-04,13:10:00,2,Struck Pedestrian,4,Thursday,103,PED PLAYING/LYING/WORKING/STANDING ON CARRIAGEWAY.,1,773245,Not at intersection,3,40,Local Road,WINGARA,MOONEE VALLEY,-37.732998,144.86726,2020,6,June,13,Midday,Weekday
T20200010769,2020-06-04,12:56:00,4,Collision with a fixed object,4,Thursday,173,RIGHT OFF CARRIAGEWAY INTO OBJECT/PARKED VEHICLE,1,678804,T intersection,2,70,Local Road,EAST WEST,BAW BAW,-38.19185,145.94388,2020,6,June,12,Midday,Weekday
T20200010770,2020-06-04,13:40:00,1,Collision with vehicle,4,Thursday,134,LANE CHANGE RIGHT (NOT OVERTAKING),1,654564,Not at intersection,3,80,Arterial Highway,NEPEAN,KINGSTON,-37.957138,145.05171,2020,6,June,13,Midday,Weekday
T20200010772,2020-06-04,14:40:00,2,Struck Pedestrian,4,Thursday,103,PED PLAYING/LYING/WORKING/STANDING ON CARRIAGEWAY.,1,37724,Cross intersection,3,40,Arterial Other,HIGH,STONNINGTON,-37.852276,144.99648,2020,6,June,14,Midday,Weekday
T20200010773,2020-06-04,13:30:00,1,Collision with vehicle,4,Thursday,130,REAR END(VEHICLES IN SAME LANE),1,655286,Not at intersection,2,80,Arterial Highway,SPRINGVALE,DANDENONG,-38.01727,145.13959,2020,6,June,13,Midday,Weekday
T20200011279,2020-06-04,15:10:00,1,Collision with vehicle,4,Thursday,130,REAR END(VEHICLES IN SAME LANE),1,42240,Cross intersection,3,70,Arterial Other,EAST BOUNDARY,GLEN EIRA,-37.935684,145.05624,2020,6,June,15,Afternoon Peak,Weekday
T20200012617,2020-06-04,18:16:00,1,Collision with vehicle,4,Thursday,130,REAR END(VEHICLES IN SAME LANE),5,661461,Not at intersection,3,100,Freeway,MONASH,DANDENONG,-37.964794,145.2326,2020,6,June,18,Afternoon Peak,Weekday
T20200015674,2020-06-04,21:15:00,1,Collision with vehicle,4,Thursday,145,REVERSING IN STREAM OF TRAFFIC,3,666693,Not at intersection,3,50,Arterial Other,DUDLEY,MELBOURNE,-37.809956,144.95045,2020,6,June,21,Night,Weekday
T20200015694,2020-06-04,18:15:00,1,Collision with vehicle,4,Thursday,130,REAR END(VEHICLES IN SAME LANE),9,661166,Not at intersection,3,100,Freeway,MONASH,CASEY,-37.96653,145.23463,2020,6,June,18,Afternoon Peak,Weekday
T20200010824,2020-06-04,14:54:00,1,Collision with vehicle,4,Thursday,130,REAR END(VEHICLES IN SAME LANE),1,657470,Not at intersection,2,80,Arterial Highway,NEPEAN,BAYSIDE,-37.92274,145.02434,2020,6,June,14,Midday,Weekday
T20200010815,2020-06-04,17:50:00,1,Collision with vehicle,4,Thursday,130,REAR END(VEHICLES IN SAME LANE),5,654702,Not at intersection,3,80,Arterial Other,HEATHERTON,DANDENONG,-37.971924,145.23209,2020,6,June,17,Afternoon Peak,Weekday
T20200010805,2020-06-04,22:39:00,1,Collision with vehicle,4,Thursday,116,LEFT NEAR (INTERSECTIONS ONLY),3,11080,T intersection,3,60,Freeway,WESTERN RING OUT-PASCOE VALE,HUME,-37.693924,144.91536,2020,6,June,22,Night,Weekday
T20200010801,2020-06-04,18:00:00,1,Collision with vehicle,4,Thursday,132,RIGHT REAR.,3,52504,T intersection,3,60,Arterial Other,ELEVENTH,MILDURA,-34.19294,142.16144,2020,6,June,18,Afternoon Peak,Weekday
T20200010799,2020-06-04,20:40:00,4,Collision with a fixed object,4,Thursday,171,LEFT OFF CARRIAGEWAY INTO OBJECT/PARKED VEHICLE,4,655058,Not at intersection,2,60,Local Road,BRUSHY PARK,YARRA RANGES,-37.7554,145.29073,2020,6,June,20,Night,Weekday
T20200010797,2020-06-04,02:30:00,6,Vehicle overturned (no collision),4,Thursday,174,OUT OF CONTROL ON CARRIAGEWAY (ON STRAIGHT),3,655287,Not at intersection,3,50,Local Road,FOOT,FRANKSTON,-38.153328,145.13255,2020,6,June,2,Late Night,Weekday
T20200010795,2020-06-04,17:30:00,2,Struck Pedestrian,4,Thursday,101,PED EMERGES FROM IN FRONT OF PARKED OR STATIONARY VEHICLE,2,657283,Not at intersection,2,80,Arterial Highway,PRINCES HIGHWAY SERVICE,GEELONG,-38.085644,144.35803,2020,6,June,17,Afternoon Peak,Weekday
T20200010794,2020-06-04,17:48:00,1,Collision with vehicle,4,Thursday,121,RIGHT THROUGH,3,324072,T intersection,2,60,Arterial Other,BAY,BAYSIDE,-37.954853,145.02985,2020,6,June,17,Afternoon Peak,Weekday
T20200010792,2020-06-04,15:27:00,1,Collision with vehicle,4,Thursday,113,RIGHT NEAR (INTERSECTIONS ONLY),1,654566,T intersection,3,80,Arterial Other,BAIRNSDALE-DARGO,EAST GIPPSLAND,-37.84303,147.58641,2020,6,June,15,Afternoon Peak,Weekday
T20200012926,2020-06-04,06:35:00,1,Collision with vehicle,4,Thursday,131,LEFT REAR,2,45517,Cross intersection,3,60,Arterial Other,MELTON,MELTON,-37.68716,144.69717,2020,6,June,6,Morning Peak,Weekday
T20200010791,2020-06-04,16:50:00,1,Collision with vehicle,4,Thursday,130,REAR END(VEHICLES IN SAME LANE),1,654701,Not at intersection,3,80,Arterial Other,MICKLEHAM,HUME,-37.63359,144.88167,2020,6,June,16,Afternoon Peak,Weekday
T20200010790,2020-06-04,16:35:00,1,Collision with vehicle,4,Thursday,148,VEHICLE OFF FOOTPATH STRIKES VEH ON CARRIAGEWAY,1,228138,T intersection,2,60,Arterial Other,PLENTY,WHITTLESEA,-37.64665,145.09282,2020,6,June,16,Afternoon Peak,Weekday
T20200010788,2020-06-04,18:30:00,1,Collision with vehicle,4,Thursday,111,RIGHT FAR (INTERSECTIONS ONLY),3,53382,Cross intersection,2,70,Arterial Other,STURT,BALLARAT,-37.558132,143.82477,2020,6,June,18,Afternoon Peak,Weekday
T20200010777,2020-06-04,15:45:00,1,Collision with vehicle,4,Thursday,113,RIGHT NEAR (INTERSECTIONS ONLY),1,1216,T intersection,3,50,Local Road,CHAPMAN,BANYULE,-37.73024,145.06949,2020,6,June,15,Afternoon Peak,Weekday
T20200010900,2020-06-04,08:55:00,8,No collision and no object struck,4,Thursday,174,OUT OF CONTROL ON CARRIAGEWAY (ON STRAIGHT),1,654765,Multiple intersection,2,80,Arterial Other,KOROROIT CREEK,HOBSONS BAY,-37.844887,144.7888,2020,6,June,8,Morning Peak,Weekday
T20200010778,2020-06-04,13:47:00,1,Collision with vehicle,4,Thursday,113,RIGHT NEAR (INTERSECTIONS ONLY),1,654565,T intersection,3,80,Local Road,VICTORIA,YARRA RANGES,-37.716732,145.3427,2020,6,June,13,Midday,Weekday
T20200011258,2020-06-04,12:00:00,4,Collision with a fixed object,4,Thursday,173,RIGHT OFF CARRIAGEWAY INTO OBJECT/PARKED VEHICLE,1,655308,Not at intersection,2,80,Arterial Highway,MAROONDAH,YARRA RANGES,-37.60425,145.62024,2020,6,June,12,Midday,Weekday
T20200011076,2020-06-04,17:00:00,1,Collision with vehicle,4,Thursday,124,RIGHT/RIGHT BOTH VEHs FROM OPPOSITE DIRECTIONS TURNING RIGHT,2,39925,Cross intersection,3,60,Arterial Other,BLACKSHAWS,HOBSONS BAY,-37.830708,144.84335,2020,6,June,17,Afternoon Peak,Weekday
T20200012285,2020-06-04,08:00:00,1,Collision with vehicle,4,Thursday,160,VEHICLE COLLIDES WITH VEHICLE PARKED ON LEFT OF ROAD,2,656606,Not at intersection,3,50,Local Road,IRVINE,MOIRA,-36.0097,146.00143,2020,6,June,8,Morning Peak,Weekday
T20200011705,2020-06-04,10:56:00,6,Vehicle overturned (no collision),4,Thursday,170,OFF CARRIAGEWAY TO LEFT,1,655612,Not at intersection,3,40,Arterial Other,BARKLY,PORT PHILLIP,-37.87074,144.98053,2020,6,June,10,Midday,Weekday
T20200011504,2020-06-04,16:12:00,1,Collision with vehicle,4,Thursday,121,RIGHT THROUGH,1,51076,Cross intersection,3,60,Arterial Highway,WYNDHAM,SHEPPARTON,-36.385227,145.3985,2020,6,June,16,Afternoon Peak,Weekday
T20200011300,2020-06-04,16:50:00,2,Struck Pedestrian,4,Thursday,100,PED NEAR SIDE. PED HIT BY VEHICLE FROM THE RIGHT.,1,656115,T intersection,3,50,Local Road,PARKHILL,MONASH,-37.862736,145.1064,2020,6,June,16,Afternoon Peak,Weekday
T20200010862,2020-06-05,14:30:00,1,Collision with vehicle,5,Friday,147,VEHICLE STRIKES ANOTHER VEH WHILE EMERGING FROM DRIVEWAY,1,664817,Not at intersection,3,40,Arterial Other,MAIN,NILLUMBIK,-37.7112,145.14915,2020,6,June,14,Midday,Weekday
T20200011816,2020-06-05,16:45:00,1,Collision with vehicle,5,Friday,130,REAR END(VEHICLES IN SAME LANE),1,729310,Not at intersection,3,80,Arterial Other,HEALESVILLE-KOO WEE RUP,YARRA RANGES,-37.67431,145.51181,2020,6,June,16,Afternoon Peak,Weekday
T20200010855,2020-06-05,14:30:00,1,Collision with vehicle,5,Friday,120,HEAD ON (NOT OVERTAKING),1,654570,Not at intersection,2,60,Arterial Highway,PHILLIP ISLAND,BASS COAST,-38.511314,145.2982,2020,6,June,14,Midday,Weekday
T20200010864,2020-06-05,16:45:00,1,Collision with vehicle,5,Friday,131,LEFT REAR,2,39697,T intersection,3,80,Arterial Highway,MAROONDAH,MAROONDAH,-37.79783,145.25394,2020,6,June,16,Afternoon Peak,Weekday
T20200010851,2020-06-05,15:30:00,1,Collision with vehicle,5,Friday,160,VEHICLE COLLIDES WITH VEHICLE PARKED ON LEFT OF ROAD,1,36804,Cross intersection,3,50,Local Road,JOHNSON,PORT PHILLIP,-37.82948,144.94609,2020,6,June,15,Afternoon Peak,Weekday
T20200010849,2020-06-05,08:14:00,1,Collision with vehicle,5,Friday,120,HEAD ON (NOT OVERTAKING),1,657761,Not at intersection,2,80,Arterial Other,KORUMBURRA-WARRAGUL,SOUTH GIPPSLAND,-38.34054,145.90402,2020,6,June,8,Morning Peak,Weekday
T20200010848,2020-06-05,15:00:00,1,Collision with vehicle,5,Friday,110,CROSS TRAFFIC(INTERSECTIONS ONLY),1,57087,Cross intersection,3,100,Arterial Other,BENALLA-TOCUMWAL,BENALLA,-36.424366,145.91139,2020,6,June,15,Afternoon Peak,Weekday
T20200013254,2020-06-05,15:40:00,1,Collision with vehicle,5,Friday,160,VEHICLE COLLIDES WITH VEHICLE PARKED ON LEFT OF ROAD,1,729737,T intersection,3,60,Local Road,ETIWANDA,MILDURA,-34.203457,142.16035,2020,6,June,15,Afternoon Peak,Weekday
T20200011618,2020-06-05,11:10:00,1,Collision with vehicle,5,Friday,130,REAR END(VEHICLES IN SAME LANE),1,664805,Not at intersection,2,100,Freeway,HUME,HUME,-37.58744,144.94612,2020,6,June,11,Midday,Weekday
T20200011281,2020-06-05,16:30:00,1,Collision with vehicle,5,Friday,110,CROSS TRAFFIC(INTERSECTIONS ONLY),2,56758,Cross intersection,3,60,Local Road,ARTHUR,BALLARAT,-37.55701,143.81723,2020,6,June,16,Afternoon Peak,Weekday
T20200010893,2020-06-05,08:50:00,1,Collision with vehicle,5,Friday,130,REAR END(VEHICLES IN SAME LANE),1,654764,Not at intersection,3,70,Arterial Other,KOROROIT CREEK,HOBSONS BAY,-37.84469,144.78683,2020,6,June,8,Morning Peak,Weekday
T20200010827,2020-06-05,11:50:00,1,Collision with vehicle,5,Friday,121,RIGHT THROUGH,1,70181,Not at intersection,3,60,Arterial Highway,SPRINGVALE,DANDENONG,-37.96138,145.15054,2020,6,June,11,Midday,Weekday
T20200010841,2020-06-05,12:30:00,1,Collision with vehicle,5,Friday,130,REAR END(VEHICLES IN SAME LANE),1,43129,Cross intersection,2,50,Local Road,BOX,CASEY,-37.995087,145.23802,2020,6,June,12,Midday,Weekday
T20200011344,2020-06-05,12:00:00,1,Collision with vehicle,5,Friday,130,REAR END(VEHICLES IN SAME LANE),1,287641,Not at intersection,3,70,Arterial Highway,HODDLE,YARRA,-37.797462,144.99336,2020,6,June,12,Midday,Weekday
T20200010829,2020-06-05,12:00:00,1,Collision with vehicle,5,Friday,132,RIGHT REAR.,1,44156,T intersection,3,60,Arterial Other,EASTBOURNE,MORNINGTON PENINSULA,-38.367332,144.88406,2020,6,June,12,Midday,Weekday
T20200010881,2020-06-05,23:15:00,6,Vehicle overturned (no collision),5,Friday,174,OUT OF CONTROL ON CARRIAGEWAY (ON STRAIGHT),3,654639,Not at intersection,2,70,Arterial Highway,DANDENONG,STONNINGTON,-37.864098,145.023,2020,6,June,23,Night,Weekday
T20200016572,2020-06-05,14:40:00,1,Collision with vehicle,5,Friday,131,LEFT REAR,1,43864,T intersection,3,60,Local Road,OSHEA,CASEY,-38.062313,145.3568,2020,6,June,14,Midday,Weekday
T20200010866,2020-06-05,13:54:00,1,Collision with vehicle,5,Friday,113,RIGHT NEAR (INTERSECTIONS ONLY),1,653256,T intersection,2,100,Local Road,GELLIES,HUME,-37.57271,144.79027,2020,6,June,13,Midday,Weekday
T20200010833,2020-06-05,07:10:00,4,Collision with a fixed object,5,Friday,183,OFF LEFT BEND INTO OBJECT/PARKED VEHICLE,1,659208,Not at intersection,2,100,Arterial Highway,MELBA,YARRA RANGES,-37.674126,145.38123,2020,6,June,7,Morning Peak,Weekday
T20200010867,2020-06-05,17:50:00,1,Collision with vehicle,5,Friday,121,RIGHT THROUGH,3,654704,Not at intersection,3,80,Arterial Highway,SOUTH GIPPSLAND,CASEY,-38.084824,145.27776,2020,6,June,17,Afternoon Peak,Weekday
T20200010877,2020-06-05,18:45:00,1,Collision with vehicle,5,Friday,130,REAR END(VEHICLES IN SAME LANE),3,663405,Not at intersection,2,60,Local Road,GLADSTONE,DANDENONG,-37.9687,145.20508,2020,6,June,18,Afternoon Peak,Weekday
T20200010962,2020-06-05,20:10:00,1,Collision with vehicle,5,Friday,121,RIGHT THROUGH,3,29373,Cross intersection,3,50,Arterial Other,DRYBURGH,MELBOURNE,-37.8003,144.94398,2020,6,June,20,Night,Weekday
T20200010838,2020-06-05,13:00:00,1,Collision with vehicle,5,Friday,110,CROSS TRAFFIC(INTERSECTIONS ONLY),1,36047,Cross intersection,3,50,Local Road,AMESS,YARRA,-37.784786,144.97388,2020,6,June,13,Midday,Weekday
T20200010839,2020-06-05,12:30:00,6,Vehicle overturned (no collision),5,Friday,174,OUT OF CONTROL ON CARRIAGEWAY (ON STRAIGHT),1,664806,Not at intersection,3,100,Arterial Highway,WESTERN,HINDMARSH,-36.33659,141.70493,2020,6,June,12,Midday,Weekday
T20200010816,2020-06-05,05:10:00,3,Struck animal,5,Friday,167,STRUCK ANIMAL,5,656529,Not at intersection,3,100,Local Road,UPPER MURRAY,TOWONG,-36.178837,148.0186,2020,6,June,5,Morning Peak,Weekday
T20200011432,2020-06-05,18:30:00,2,Struck Pedestrian,5,Friday,100,PED NEAR SIDE. PED HIT BY VEHICLE FROM THE RIGHT.,3,664816,Not at intersection,3,40,Arterial Other,MAIN,MOORABOOL,-37.67605,144.4392,2020,6,June,18,Afternoon Peak,Weekday
T20200010876,2020-06-05,17:48:00,1,Collision with vehicle,5,Friday,110,CROSS TRAFFIC(INTERSECTIONS ONLY),3,37957,Cross intersection,2,50,Local Road,BASTINGS,DAREBIN,-37.774403,145.00232,2020,6,June,17,Afternoon Peak,Weekday
T20200011529,2020-06-05,20:30:00,1,Collision with vehicle,5,Friday,154,PULLING OUT -REAR END,6,655522,Not at intersection,3,40,Local Road,AUGHTIE,PORT PHILLIP,-37.843975,144.96333,2020,6,June,20,Night,Weekday
T20200011157,2020-06-05,14:00:00,4,Collision with a fixed object,5,Friday,179,OTHER ACCIDENTS-OFF STRAIGHT NOT INCLUDED IN DCAs 170-175,1,656965,Not at intersection,3,50,Local Road,BEMBOKA,MAROONDAH,-37.777187,145.2568,2020,6,June,14,Midday,Weekday
T20200011199,2020-06-05,18:00:00,1,Collision with vehicle,5,Friday,130,REAR END(VEHICLES IN SAME LANE),2,44453,Cross intersection,3,60,Local Road,CORIO,GEELONG,-38.17539,144.34238,2020,6,June,18,Afternoon Peak,Weekday
T20200010861,2020-06-05,12:24:00,1,Collision with vehicle,5,Friday,140,U TURN,1,654951,Not at intersection,2,60,Local Road,BOORAN,GLEN EIRA,-37.891205,145.03722,2020,6,June,12,Midday,Weekday
T20200011219,2020-06-05,08:30:00,4,Collision with a fixed object,5,Friday,173,RIGHT OFF CARRIAGEWAY INTO OBJECT/PARKED VEHICLE,1,655005,Not at intersection,2,80,Local Road,CEMETERY,LATROBE,-38.280212,146.37494,2020,6,June,8,Morning Peak,Weekday
T20200011620,2020-06-05,08:15:00,1,Collision with vehicle,5,Friday,111,RIGHT FAR (INTERSECTIONS ONLY),1,50202,Cross intersection,3,60,Local Road,BURDEKIN,GEELONG,-38.18411,144.31061,2020,6,June,8,Morning Peak,Weekday
T20200010875,2020-06-05,15:19:00,1,Collision with vehicle,5,Friday,110,CROSS TRAFFIC(INTERSECTIONS ONLY),1,70389,Cross intersection,2,50,Arterial Other,JAMES COOK,CASEY,-37.97374,145.24646,2020,6,June,15,Afternoon Peak,Weekday
T20200010868,2020-06-05,14:40:00,1,Collision with vehicle,5,Friday,135,LANE CHANGE LEFT (NOT OVERTAKING),1,655003,Not at intersection,3,100,Freeway,WESTERN RING,HUME,-37.693092,144.93832,2020,6,June,14,Midday,Weekday
T20200010873,2020-06-05,15:19:00,1,Collision with vehicle,5,Friday,120,HEAD ON (NOT OVERTAKING),1,654521,Not at intersection,1,80,Arterial Other,KANGAROO GROUND-WARRANDYTE,NILLUMBIK,-37.704704,145.2272,2020,6,June,15,Afternoon Peak,Weekday
T20200011043,2020-06-06,14:45:00,1,Collision with vehicle,6,Saturday,163,VEHICLE STRIKES DOOR OF PARKED/STATIONARY VEHICLE,1,654955,Not at intersection,3,40,Arterial Other,BRIDGE,YARRA,-37.81971,145.01025,2020,6,June,14,Midday,Weekend
T20200010923,2020-06-06,13:14:00,1,Collision with vehicle,6,Saturday,113,RIGHT NEAR (INTERSECTIONS ONLY),1,654852,T intersection,2,60,Local Road,LOCH-POOWONG,SOUTH GIPPSLAND,-38.36735,145.71259,2020,6,June,13,Midday,Weekend
T20200011570,2020-06-06,13:30:00,4,Collision with a fixed object,6,Saturday,173,RIGHT OFF CARRIAGEWAY INTO OBJECT/PARKED VEHICLE,1,655364,Not at intersection,3,100,Local Road,MAIN,MITCHELL,-37.161568,145.15886,2020,6,June,13,Midday,Weekend
T20200011084,2020-06-06,13:20:00,8,No collision and no object struck,6,Saturday,184,OUT OF CONTROL ON CARRIAGEWAY (ON BEND),1,654858,Multiple intersection,3,70,Arterial Other,ANGLESEA,GEELONG,-38.219177,144.28723,2020,6,June,13,Midday,Weekend
T20200010952,2020-06-06,22:30:00,4,Collision with a fixed object,6,Saturday,181,OFF RIGHT BEND INTO OBJECT/PARKED VEHICLE,5,659257,Not at intersection,2,100,Local Road,WITHERS,STRATHBOGIE,-36.79723,145.41685,2020,6,June,22,Night,Weekend
T20200010921,2020-06-06,14:30:00,1,Collision with vehicle,6,Saturday,120,HEAD ON (NOT OVERTAKING),1,655743,Not at intersection,2,100,Local Road,MURRINDINDI,MURRINDINDI,-37.48661,145.55464,2020,6,June,14,Midday,Weekend
T20200010920,2020-06-06,14:00:00,1,Collision with vehicle,6,Saturday,147,VEHICLE STRIKES ANOTHER VEH WHILE EMERGING FROM DRIVEWAY,1,655519,Not at intersection,3,50,Local Road,KITE,MAROONDAH,-37.827763,145.28847,2020,6,June,14,Midday,Weekend
T20200010917,2020-06-06,14:55:00,1,Collision with vehicle,6,Saturday,110,CROSS TRAFFIC(INTERSECTIONS ONLY),1,52649,Cross intersection,2,50,Arterial Highway,NAPIER STREET -TUAGGRA,CENTRAL GOLDFIELDS,-37.047123,143.7409,2020,6,June,14,Midday,Weekend
T20200010916,2020-06-06,15:15:00,1,Collision with vehicle,6,Saturday,119,OTHER ADJACENT (INTERSECTIONS ONLY),1,655042,Cross intersection,3,50,Arterial Highway,HIGH,CAMPASPE,-36.1265,144.74762,2020,6,June,15,Afternoon Peak,Weekend
T20200010957,2020-06-06,12:00:00,4,Collision with a fixed object,6,Saturday,183,OFF LEFT BEND INTO OBJECT/PARKED VEHICLE,1,729295,Not at intersection,2,100,Arterial Highway,HAMILTON,GOLDEN PLAINS,-38.11414,144.15756,2020,6,June,12,Midday,Weekend
T20200010932,2020-06-06,20:28:00,1,Collision with vehicle,6,Saturday,135,LANE CHANGE LEFT (NOT OVERTAKING),3,654808,Not at intersection,3,80,Freeway,PRINCES,WYNDHAM,-37.87072,144.7471,2020,6,June,20,Night,Weekend
T20200010966,2020-06-06,10:00:00,6,Vehicle overturned (no collision),6,Saturday,184,OUT OF CONTROL ON CARRIAGEWAY (ON BEND),1,654893,Not at intersection,3,100,Local Road,BUCKLAND VALLEY,ALPINE,-36.862663,146.86786,2020,6,June,10,Midday,Weekend
T20200010967,2020-06-06,10:00:00,5,collision with some other object,6,Saturday,166,STRUCK OBJECT ON CARRIAGEWAY,1,656114,Not at intersection,2,100,Local Road,ABBEYARDS,ALPINE,-36.93422,146.72784,2020,6,June,10,Midday,Weekend
T20200010976,2020-06-06,19:55:00,1,Collision with vehicle,6,Saturday,171,LEFT OFF CARRIAGEWAY INTO OBJECT/PARKED VEHICLE,3,29865,Cross intersection,2,80,Freeway,CLYDE,CASEY,-38.04574,145.34106,2020,6,June,19,Night,Weekend
T20200010936,2020-06-06,18:10:00,6,Vehicle overturned (no collision),6,Saturday,174,OUT OF CONTROL ON CARRIAGEWAY (ON STRAIGHT),5,654805,Not at intersection,3,60,Local Road,TEPPERS,YARRIAMBIACK,-36.51519,142.51418,2020,6,June,18,Afternoon Peak,Weekend
T20200010940,2020-06-06,22:40:00,1,Collision with vehicle,6,Saturday,130,REAR END(VEHICLES IN SAME LANE),3,35490,T intersection,3,70,Arterial Other,KOROROIT CREEK,HOBSONS BAY,-37.857456,144.88492,2020,6,June,22,Night,Weekend
T20200010941,2020-06-06,23:00:00,1,Collision with vehicle,6,Saturday,130,REAR END(VEHICLES IN SAME LANE),3,655219,Not at intersection,3,60,Arterial Other,OLD GEELONG,WYNDHAM,-37.870087,144.72899,2020,6,June,23,Night,Weekend
T20200010903,2020-06-06,10:26:00,4,Collision with a fixed object,6,Saturday,173,RIGHT OFF CARRIAGEWAY INTO OBJECT/PARKED VEHICLE,1,656015,Not at intersection,3,60,Arterial Other,BUCKLEY,MOONEE VALLEY,-37.756695,144.91403,2020,6,June,10,Midday,Weekend
T20200011287,2020-06-06,21:15:00,1,Collision with vehicle,6,Saturday,130,REAR END(VEHICLES IN SAME LANE),6,658621,T intersection,3,50,Arterial Other,CEMETERY,MELBOURNE,-37.79316,144.96527,2020,6,June,21,Night,Weekend
T20200011577,2020-06-06,13:00:00,6,Vehicle overturned (no collision),6,Saturday,174,OUT OF CONTROL ON CARRIAGEWAY (ON STRAIGHT),1,664821,Not at intersection,3,80,Local Road,OLD ROSEDALE,WELLINGTON,-38.44663,146.84587,2020,6,June,13,Midday,Weekend
T20200012540,2020-06-06,12:30:00,6,Vehicle overturned (no collision),6,Saturday,174,OUT OF CONTROL ON CARRIAGEWAY (ON STRAIGHT),1,656609,Not at intersection,3,100,Local Road,ELLIS,YARRA RANGES,-37.81141,145.6815,2020,6,June,12,Midday,Weekend
T20200012289,2020-06-06,05:40:00,6,Vehicle overturned (no collision),6,Saturday,174,OUT OF CONTROL ON CARRIAGEWAY (ON STRAIGHT),6,656202,T intersection,2,50,Local Road,ROSS,KINGSTON,-37.97134,145.10516,2020,6,June,5,Morning Peak,Weekend
T20230010526,2020-06-06,16:00:00,4,Collision with a fixed object,6,Saturday,171,LEFT OFF CARRIAGEWAY INTO OBJECT/PARKED VEHICLE,1,773579,Not at intersection,3,50,Local Road,HOWQUA RIVER,MANSFIELD,-37.231464,146.19878,2020,6,June,16,Afternoon Peak,Weekend
T20200012529,2020-06-06,12:00:00,1,Collision with vehicle,6,Saturday,121,RIGHT THROUGH,1,41380,Cross intersection,3,50,Arterial Other,GRANGE,GLEN EIRA,-37.894688,145.04584,2020,6,June,12,Midday,Weekend
T20200012687,2020-06-06,09:20:00,1,Collision with vehicle,6,Saturday,110,CROSS TRAFFIC(INTERSECTIONS ONLY),9,41058,Cross intersection,3,60,Arterial Other,MOUNTAIN,KNOX,-37.844074,145.30006,2020,6,June,9,Morning Peak,Weekend
T20200010904,2020-06-06,09:35:00,4,Collision with a fixed object,6,Saturday,171,LEFT OFF CARRIAGEWAY INTO OBJECT/PARKED VEHICLE,1,53430,Cross intersection,3,100,Arterial Other,MILLEWA,MILDURA,-34.328884,142.16144,2020,6,June,9,Morning Peak,Weekend
T20200010906,2020-06-06,12:15:00,1,Collision with vehicle,6,Saturday,147,VEHICLE STRIKES ANOTHER VEH WHILE EMERGING FROM DRIVEWAY,1,654640,T intersection,2,50,Local Road,ALBION,MORELAND,-37.76042,144.95966,2020,6,June,12,Midday,Weekend
T20200010905,2020-06-06,11:20:00,1,Collision with vehicle,6,Saturday,130,REAR END(VEHICLES IN SAME LANE),1,773120,Not at intersection,3,100,Arterial Highway,PRINCES,WELLINGTON,-38.037716,147.06015,2020,6,June,11,Midday,Weekend
T20200010929,2020-06-06,18:20:00,1,Collision with vehicle,6,Saturday,121,RIGHT THROUGH,3,44402,Not at intersection,3,60,Arterial Other,MURRAY,DAREBIN,-37.738804,145.01154,2020,6,June,18,Afternoon Peak,Weekend
T20200010928,2020-06-06,16:55:00,1,Collision with vehicle,6,Saturday,120,HEAD ON (NOT OVERTAKING),2,654768,Not at intersection,2,60,Arterial Other,DERRIMUT,WYNDHAM,-37.8073,144.69557,2020,6,June,16,Afternoon Peak,Weekend
T20200011009,2020-06-07,19:20:00,4,Collision with a fixed object,7,Sunday,173,RIGHT OFF CARRIAGEWAY INTO OBJECT/PARKED VEHICLE,3,664912,Not at intersection,3,50,Local Road,MAPLE,BENDIGO,-36.76145,144.25363,2020,6,June,19,Night,Weekend
T20200011807,2020-06-07,09:00:00,4,Collision with a fixed object,7,Sunday,171,LEFT OFF CARRIAGEWAY INTO OBJECT/PARKED VEHICLE,1,656019,Not at intersection,3,100,Local Road,BONNEYS,BENDIGO,-36.95903,144.69734,2020,6,June,9,Morning Peak,Weekend
T20200011340,2020-06-07,21:55:00,1,Collision with vehicle,7,Sunday,130,REAR END(VEHICLES IN SAME LANE),3,664913,Not at intersection,3,60,Arterial Other,MT ALEXANDER,MOONEE VALLEY,-37.786087,144.9392,2020,6,June,21,Night,Weekend
T20200011814,2020-06-07,08:30:00,1,Collision with vehicle,7,Sunday,113,RIGHT NEAR (INTERSECTIONS ONLY),1,37865,Cross intersection,3,60,Arterial Highway,ST GEORGES,DAREBIN,-37.758785,144.99313,2020,6,June,8,Morning Peak,Weekend
T20200011979,2020-06-07,11:00:00,4,Collision with a fixed object,7,Sunday,171,LEFT OFF CARRIAGEWAY INTO OBJECT/PARKED VEHICLE,1,664916,Not at intersection,3,50,Local Road,CANICO,BALLARAT,-37.518276,143.62408,2020,6,June,11,Midday,Weekend
T20200011005,2020-06-07,18:20:00,1,Collision with vehicle,7,Sunday,171,LEFT OFF CARRIAGEWAY INTO OBJECT/PARKED VEHICLE,3,660370,Not at intersection,3,50,Local Road,LEAMINGTON,DAREBIN,-37.71122,144.99,2020,6,June,18,Afternoon Peak,Weekend
T20200011007,2020-06-07,17:40:00,1,Collision with vehicle,7,Sunday,135,LANE CHANGE LEFT (NOT OVERTAKING),3,656194,Not at intersection,2,80,Arterial Highway,SPRINGVALE,DANDENONG,-37.97082,145.14853,2020,6,June,17,Afternoon Peak,Weekend