ACCIDENT_NO,ACCIDENT_DATE,ACCIDENT_TIME,ACCIDENT_TYPE,ACCIDENT_TYPE_DESC,DAY_OF_WEEK,DAY_WEEK_DESC,DCA_CODE,DCA_DESC,LIGHT_CONDITION,NODE_ID,ROAD_GEOMETRY_DESC,SEVERITY,SPEED_ZONE,RMA,ROAD_NAME,LGA_NAME,LATITUDE,LONGITUDE,YEAR,MONTH,MONTH_NAME,HOUR,TIME_PERIOD,DAY_TYPE
T20200011008,2020-06-07,19:12:00,4,Collision with a fixed object,7,Sunday,181,OFF RIGHT BEND INTO OBJECT/PARKED VEHICLE,5,780617,Not at intersection,3,60,Arterial Other,MOUNT DANDENONG TOURIST,YARRA RANGES,-37.886635,145.34003,2020,6,June,19,Night,Weekend
T20200012066,2020-06-07,15:10:00,1,Collision with vehicle,7,Sunday,111,RIGHT FAR (INTERSECTIONS ONLY),9,63084,Cross intersection,3,50,Local Road,DIAMOND,DAREBIN,-37.74162,145.0145,2020,6,June,15,Afternoon Peak,Weekend
T20200011000,2020-06-07,13:10:00,5,collision with some other object,7,Sunday,166,STRUCK OBJECT ON CARRIAGEWAY,1,654953,Not at intersection,2,50,Local Road,SEC,MANSFIELD,-37.183514,146.01282,2020,6,June,13,Midday,Weekend
T20200010999,2020-06-07,15:35:00,1,Collision with vehicle,7,Sunday,111,RIGHT FAR (INTERSECTIONS ONLY),1,134,T intersection,2,60,Arterial Highway,MAIN,KINGSTON,-38.00586,145.08574,2020,6,June,15,Afternoon Peak,Weekend
T20200010996,2020-06-07,00:10:00,4,Collision with a fixed object,7,Sunday,171,LEFT OFF CARRIAGEWAY INTO OBJECT/PARKED VEHICLE,5,660369,Not at intersection,3,100,Local Road,GHERANG,SURF COAST,-38.306194,144.0841,2020,6,June,0,Late Night,Weekend
T20200010995,2020-06-07,15:07:00,4,Collision with a fixed object,7,Sunday,171,LEFT OFF CARRIAGEWAY INTO OBJECT/PARKED VEHICLE,1,773246,T intersection,2,50,Local Road,STATELY,CASEY,-38.10635,145.30597,2020,6,June,15,Afternoon Peak,Weekend
T20200010985,2020-06-07,12:08:00,4,Collision with a fixed object,7,Sunday,183,OFF LEFT BEND INTO OBJECT/PARKED VEHICLE,1,657119,Not at intersection,1,100,Arterial Other,GEMBROOK-LAUNCHING PLACE,YARRA RANGES,-37.86514,145.59314,2020,6,June,12,Midday,Weekend
T20200010975,2020-06-07,13:03:00,1,Collision with vehicle,7,Sunday,133,LANE SIDE SWIPE (VEHICLES IN PARALLEL LANES),1,729543,Not at intersection,2,40,Arterial Other,CARLISLE,PORT PHILLIP,-37.86821,144.98912,2020,6,June,13,Midday,Weekend
T20200017837,2020-06-07,13:00:00,6,Vehicle overturned (no collision),7,Sunday,180,OFF CARRIAGEWAY ON RIGHT BEND,1,669875,Not at intersection,3,100,Local Road,INKPOT,GLENELG,-38.05967,141.29518,2020,6,June,13,Midday,Weekend
T20200010974,2020-06-07,13:50:00,4,Collision with a fixed object,7,Sunday,171,LEFT OFF CARRIAGEWAY INTO OBJECT/PARKED VEHICLE,1,654888,Not at intersection,2,100,Arterial Other,SHELLEY,TOWONG,-36.036964,147.67828,2020,6,June,13,Midday,Weekend
T20200010973,2020-06-07,12:23:00,1,Collision with vehicle,7,Sunday,110,CROSS TRAFFIC(INTERSECTIONS ONLY),1,308330,Cross intersection,2,50,Local Road,PLUMRIDGE,BENDIGO,-36.725807,144.29811,2020,6,June,12,Midday,Weekend
T20200010949,2020-06-07,02:55:00,4,Collision with a fixed object,7,Sunday,173,RIGHT OFF CARRIAGEWAY INTO OBJECT/PARKED VEHICLE,3,36326,Cross intersection,3,80,Arterial Other,THOMPSONS,CASEY,-38.084476,145.29536,2020,6,June,2,Late Night,Weekend
T20200010971,2020-06-07,10:20:00,1,Collision with vehicle,7,Sunday,110,CROSS TRAFFIC(INTERSECTIONS ONLY),1,655347,Cross intersection,3,100,Local Road,MOODEMERE,INDIGO,-36.052563,146.36592,2020,6,June,10,Midday,Weekend
T20200012580,2020-06-07,15:06:00,1,Collision with vehicle,7,Sunday,130,REAR END(VEHICLES IN SAME LANE),1,656807,Not at intersection,3,40,Arterial Highway,HODDLE,YARRA,-37.797436,144.99336,2020,6,June,15,Afternoon Peak,Weekend
T20200010970,2020-06-07,11:40:00,6,Vehicle overturned (no collision),7,Sunday,180,OFF CARRIAGEWAY ON RIGHT BEND,1,729541,Not at intersection,2,100,Local Road,REEDY LAKE,STRATHBOGIE,-36.732464,145.1209,2020,6,June,11,Midday,Weekend
T20200011554,2020-06-07,11:47:00,1,Collision with vehicle,7,Sunday,130,REAR END(VEHICLES IN SAME LANE),1,661520,Cross intersection,3,60,Local Road,AITKEN,HUME,-37.601254,144.90976,2020,6,June,11,Midday,Weekend
T20200010969,2020-06-07,09:30:00,1,Collision with vehicle,7,Sunday,110,CROSS TRAFFIC(INTERSECTIONS ONLY),1,57518,Cross intersection,2,60,Arterial Highway,DANDENONG,PORT PHILLIP,-37.859177,145.00133,2020,6,June,9,Morning Peak,Weekend
T20200010965,2020-06-07,09:38:00,1,Collision with vehicle,7,Sunday,160,VEHICLE COLLIDES WITH VEHICLE PARKED ON LEFT OF ROAD,1,654706,Not at intersection,2,50,Local Road,FEWSTER,BAYSIDE,-37.938892,145.0221,2020,6,June,9,Morning Peak,Weekend
T20200010964,2020-06-07,08:25:00,1,Collision with vehicle,7,Sunday,132,RIGHT REAR.,1,654705,Not at intersection,3,60,Arterial Other,BEACH,BAYSIDE,-37.991386,145.0299,2020,6,June,8,Morning Peak,Weekend
T20200010963,2020-06-07,08:17:00,1,Collision with vehicle,7,Sunday,130,REAR END(VEHICLES IN SAME LANE),1,655346,Not at intersection,2,60,Arterial Other,TOORONGA,STONNINGTON,-37.852608,145.04227,2020,6,June,8,Morning Peak,Weekend
T20200011012,2020-06-07,20:30:00,1,Collision with vehicle,7,Sunday,137,LEFT TURN SIDESWIPE,3,65831,Cross intersection,3,40,Arterial Other,KING,MELBOURNE,-37.812466,144.95392,2020,6,June,20,Night,Weekend
T20200011259,2020-06-07,18:20:00,4,Collision with a fixed object,7,Sunday,173,RIGHT OFF CARRIAGEWAY INTO OBJECT/PARKED VEHICLE,3,776866,T intersection,3,50,Local Road,STRATHLEA,CASEY,-38.106815,145.24562,2020,6,June,18,Afternoon Peak,Weekend
T20200011011,2020-06-07,21:45:00,1,Collision with vehicle,7,Sunday,140,U TURN,3,221487,T intersection,2,70,Arterial Other,SYDNEY,MORELAND,-37.714874,144.96231,2020,6,June,21,Night,Weekend
T20200011016,2020-06-08,00:40:00,4,Collision with a fixed object,1,Monday,179,OTHER ACCIDENTS-OFF STRAIGHT NOT INCLUDED IN DCAs 170-175,3,72218,T intersection,3,50,Local Road,DUNN,BAW BAW,-38.157463,145.94753,2020,6,June,0,Late Night,Weekday
T20200011056,2020-06-08,16:45:00,2,Struck Pedestrian,1,Monday,100,PED NEAR SIDE. PED HIT BY VEHICLE FROM THE RIGHT.,1,655290,Cross intersection,3,60,Arterial Other,MAIN,NILLUMBIK,-37.70429,145.15407,2020,6,June,16,Afternoon Peak,Weekday
T20200011060,2020-06-08,19:15:00,4,Collision with a fixed object,1,Monday,171,LEFT OFF CARRIAGEWAY INTO OBJECT/PARKED VEHICLE,5,654889,Not at intersection,2,60,Arterial Highway,STAWELL-WARRACKNABEAL,YARRIAMBIACK,-36.425426,142.55539,2020,6,June,19,Night,Weekday
T20200011017,2020-06-08,03:20:00,4,Collision with a fixed object,1,Monday,173,RIGHT OFF CARRIAGEWAY INTO OBJECT/PARKED VEHICLE,3,664574,Not at intersection,3,60,Local Road,FLORENCE,SHEPPARTON,-36.38552,145.42442,2020,6,June,3,Late Night,Weekday
T20200011027,2020-06-08,11:50:00,6,Vehicle overturned (no collision),1,Monday,184,OUT OF CONTROL ON CARRIAGEWAY (ON BEND),1,293330,Cross intersection,2,70,Arterial Other,DIAMOND CREEK ROAD -GREENSBOROUGH,NILLUMBIK,-37.6895,145.11346,2020,6,June,11,Midday,Weekday
T20200011046,2020-06-08,16:38:00,4,Collision with a fixed object,1,Monday,171,LEFT OFF CARRIAGEWAY INTO OBJECT/PARKED VEHICLE,1,656752,Not at intersection,2,100,Arterial Other,SKIPTON,PYRENEES,-37.467133,143.3824,2020,6,June,16,Afternoon Peak,Weekday
T20200011036,2020-06-08,14:20:00,1,Collision with vehicle,1,Monday,130,REAR END(VEHICLES IN SAME LANE),1,52533,Cross intersection,3,80,Arterial Highway,FIFTEENTH,MILDURA,-34.219135,142.15121,2020,6,June,14,Midday,Weekday
T20200011049,2020-06-08,16:55:00,8,No collision and no object struck,1,Monday,174,OUT OF CONTROL ON CARRIAGEWAY (ON STRAIGHT),1,654856,Not at intersection,3,60,Arterial Other,BULLA,MOONEE VALLEY,-37.74016,144.90736,2020,6,June,16,Afternoon Peak,Weekday
T20200011064,2020-06-08,22:40:00,4,Collision with a fixed object,1,Monday,171,LEFT OFF CARRIAGEWAY INTO OBJECT/PARKED VEHICLE,5,665434,Not at intersection,3,80,Arterial Other,ROBINVALE-SEA LAKE,SWAN HILL,-34.86097,142.84265,2020,6,June,22,Night,Weekday
T20200011051,2020-06-08,16:25:00,4,Collision with a fixed object,1,Monday,173,RIGHT OFF CARRIAGEWAY INTO OBJECT/PARKED VEHICLE,1,664917,Not at intersection,2,100,Local Road,TRENTHAM SCENIC RESERVE,HEPBURN,-37.374634,144.3251,2020,6,June,16,Afternoon Peak,Weekday
T20200011053,2020-06-08,17:08:00,1,Collision with vehicle,1,Monday,132,RIGHT REAR.,3,48303,Cross intersection,2,80,Arterial Highway,SPRINGVALE,DANDENONG,-37.983612,145.1459,2020,6,June,17,Afternoon Peak,Weekday
T20200011047,2020-06-08,15:35:00,1,Collision with vehicle,1,Monday,110,CROSS TRAFFIC(INTERSECTIONS ONLY),1,617592,Cross intersection,2,80,Arterial Highway,PRINCES,BAW BAW,-38.205894,146.16615,2020,6,June,15,Afternoon Peak,Weekday
T20200011052,2020-06-08,13:50:00,8,No collision and no object struck,1,Monday,170,OFF CARRIAGEWAY TO LEFT,1,729297,Not at intersection,2,50,Local Road,SUNBIRD,CASEY,-38.09581,145.29306,2020,6,June,13,Midday,Weekday
T20200011346,2020-06-08,12:25:00,1,Collision with vehicle,1,Monday,130,REAR END(VEHICLES IN SAME LANE),1,655931,Not at intersection,3,80,Arterial Other,BONEO,MORNINGTON PENINSULA,-38.395027,144.88821,2020,6,June,12,Midday,Weekday
T20200011087,2020-06-08,18:25:00,5,collision with some other object,1,Monday,166,STRUCK OBJECT ON CARRIAGEWAY,5,655348,Not at intersection,2,100,Freeway,PRINCES,CARDINIA,-38.078617,145.69757,2020,6,June,18,Afternoon Peak,Weekday
T20200013479,2020-06-08,19:30:00,4,Collision with a fixed object,1,Monday,171,LEFT OFF CARRIAGEWAY INTO OBJECT/PARKED VEHICLE,3,664919,Not at intersection,3,60,Local Road,BANYAN,WARRNAMBOOL,-38.383156,142.48709,2020,6,June,19,Night,Weekday
T20200011048,2020-06-08,17:43:00,2,Struck Pedestrian,1,Monday,100,PED NEAR SIDE. PED HIT BY VEHICLE FROM THE RIGHT.,3,655289,Not at intersection,2,50,Local Road,DURHAM,BRIMBANK,-37.788406,144.83075,2020,6,June,17,Afternoon Peak,Weekday
T20200011057,2020-06-08,18:35:00,1,Collision with vehicle,1,Monday,120,HEAD ON (NOT OVERTAKING),3,43846,T intersection,3,60,Arterial Other,BEACONSFIELD-EMERALD,CARDINIA,-37.936115,145.45084,2020,6,June,18,Afternoon Peak,Weekday
T20200012766,2020-06-08,16:00:00,1,Collision with vehicle,1,Monday,152,PULLING OUT (OVERTAKING),1,661595,Not at intersection,3,100,Local Road,BECKERMANS,MACEDON RANGES,-37.285347,144.7321,2020,6,June,16,Afternoon Peak,Weekday
T20200011144,2020-06-08,05:30:00,4,Collision with a fixed object,1,Monday,183,OFF LEFT BEND INTO OBJECT/PARKED VEHICLE,3,656197,Not at intersection,3,80,Freeway,FITZGERALD-WESTERN RING IN,BRIMBANK,-37.79329,144.78885,2020,6,June,5,Morning Peak,Weekday
T20200011044,2020-06-08,15:40:00,1,Collision with vehicle,1,Monday,130,REAR END(VEHICLES IN SAME LANE),1,654855,Not at intersection,3,80,Arterial Highway,RINGWOOD,MAROONDAH,-37.81088,145.23499,2020,6,June,15,Afternoon Peak,Weekday
T20200011434,2020-06-09,14:25:00,1,Collision with vehicle,2,Tuesday,134,LANE CHANGE RIGHT (NOT OVERTAKING),1,674838,Not at intersection,3,70,Arterial Other,MT DANDENONG,MAROONDAH,-37.80094,145.26079,2020,6,June,14,Midday,Weekday
T20200011065,2020-06-09,06:00:00,1,Collision with vehicle,2,Tuesday,113,RIGHT NEAR (INTERSECTIONS ONLY),2,729547,T intersection,2,80,Arterial Highway,SOUTH GIPPSLAND,DANDENONG,-38.005947,145.22795,2020,6,June,6,Morning Peak,Weekday
T20200011096,2020-06-09,10:50:00,1,Collision with vehicle,2,Tuesday,130,REAR END(VEHICLES IN SAME LANE),1,729549,Not at intersection,3,100,Arterial Highway,SOUTH GIPPSLAND,SOUTH GIPPSLAND,-38.66612,146.34769,2020,6,June,10,Midday,Weekday
T20200011095,2020-06-09,06:55:00,1,Collision with vehicle,2,Tuesday,121,RIGHT THROUGH,2,43644,T intersection,2,50,Local Road,BANBURY,DAREBIN,-37.711178,144.9896,2020,6,June,6,Morning Peak,Weekday
T20200011867,2020-06-09,12:45:00,1,Collision with vehicle,2,Tuesday,130,REAR END(VEHICLES IN SAME LANE),1,655788,Not at intersection,3,40,Local Road,ALBERT,MELBOURNE,-37.809284,144.97336,2020,6,June,12,Midday,Weekday
T20200011151,2020-06-09,15:40:00,1,Collision with vehicle,2,Tuesday,130,REAR END(VEHICLES IN SAME LANE),1,654963,Not at intersection,3,80,Local Road,LEARMONTH,BALLARAT,-37.562786,143.81178,2020,6,June,15,Afternoon Peak,Weekday
T20200011868,2020-06-09,09:30:00,1,Collision with vehicle,2,Tuesday,130,REAR END(VEHICLES IN SAME LANE),1,657509,Not at intersection,3,80,Arterial Other,NARRE WARREN NORTH,CASEY,-38.018753,145.30826,2020,6,June,9,Morning Peak,Weekday
T20200011137,2020-06-09,18:58:00,1,Collision with vehicle,2,Tuesday,135,LANE CHANGE LEFT (NOT OVERTAKING),3,665339,Not at intersection,2,80,Arterial Other,WESTALL,DANDENONG,-37.938488,145.14049,2020,6,June,18,Afternoon Peak,Weekday
T20200011104,2020-06-09,13:14:00,1,Collision with vehicle,2,Tuesday,134,LANE CHANGE RIGHT (NOT OVERTAKING),1,655437,Not at intersection,3,100,Freeway,MONASH,DANDENONG,-37.950115,145.21127,2020,6,June,13,Midday,Weekday
T20200013160,2020-06-09,09:50:00,1,Collision with vehicle,2,Tuesday,135,LANE CHANGE LEFT (NOT OVERTAKING),1,657379,Not at intersection,3,60,Arterial Other,MT ALEXANDER,MOONEE VALLEY,-37.775993,144.92873,2020,6,June,9,Morning Peak,Weekday
T20200013159,2020-06-09,13:10:00,1,Collision with vehicle,2,Tuesday,135,LANE CHANGE LEFT (NOT OVERTAKING),1,657323,Not at intersection,3,100,Freeway,WESTERN,MELTON,-37.766045,144.74263,2020,6,June,13,Midday,Weekday
T20200011070,2020-06-09,08:52:00,2,Struck Pedestrian,2,Tuesday,102,FAR SIDE. PED HIT BY VEHICLE FROM THE LEFT,1,653495,T intersection,2,80,Arterial Other,BALLARAT,BRIMBANK,-37.778507,144.84259,2020,6,June,8,Morning Peak,Weekday
T20200011969,2020-06-09,07:32:00,4,Collision with a fixed object,2,Tuesday,173,RIGHT OFF CARRIAGEWAY INTO OBJECT/PARKED VEHICLE,1,665341,Not at intersection,3,80,Arterial Highway,MOOROODUC,FRANKSTON,-38.189327,145.14044,2020,6,June,7,Morning Peak,Weekday
T20200011071,2020-06-09,08:20:00,1,Collision with vehicle,2,Tuesday,134,LANE CHANGE RIGHT (NOT OVERTAKING),1,656532,Not at intersection,2,100,Freeway,MONASH,STONNINGTON,-37.870823,145.06468,2020,6,June,8,Morning Peak,Weekday
T20200011093,2020-06-09,11:10:00,1,Collision with vehicle,2,Tuesday,130,REAR END(VEHICLES IN SAME LANE),1,659239,Not at intersection,3,100,Freeway,MONASH,MONASH,-37.892513,145.12625,2020,6,June,11,Midday,Weekday
T20200011697,2020-06-09,16:00:00,1,Collision with vehicle,2,Tuesday,131,LEFT REAR,1,40193,Cross intersection,3,70,Arterial Highway,DANDENONG,STONNINGTON,-37.859615,145.00685,2020,6,June,16,Afternoon Peak,Weekday
T20200011682,2020-06-09,10:30:00,1,Collision with vehicle,2,Tuesday,130,REAR END(VEHICLES IN SAME LANE),1,49210,Cross intersection,3,80,Arterial Other,PRINCES,LATROBE,-38.23494,146.43161,2020,6,June,10,Midday,Weekday
T20200011526,2020-06-09,20:50:00,1,Collision with vehicle,2,Tuesday,134,LANE CHANGE RIGHT (NOT OVERTAKING),3,749062,Not at intersection,2,80,Freeway,CALDER,MELTON,-37.63222,144.72781,2020,6,June,20,Night,Weekday
T20200011128,2020-06-09,14:30:00,1,Collision with vehicle,2,Tuesday,130,REAR END(VEHICLES IN SAME LANE),1,656196,Not at intersection,3,80,Arterial Highway,SOUTH GIPPSLAND,DANDENONG,-38.01796,145.23453,2020,6,June,14,Midday,Weekday
T20200011140,2020-06-09,21:55:00,4,Collision with a fixed object,2,Tuesday,173,RIGHT OFF CARRIAGEWAY INTO OBJECT/PARKED VEHICLE,3,665334,Not at intersection,2,50,Local Road,FAIRHAVEN,CASEY,-38.088654,145.25679,2020,6,June,21,Night,Weekday
T20200011143,2020-06-09,18:00:00,1,Collision with vehicle,2,Tuesday,130,REAR END(VEHICLES IN SAME LANE),3,655349,Not at intersection,2,60,Arterial Other,DAWSON,MORELAND,-37.76967,144.9458,2020,6,June,18,Afternoon Peak,Weekday
T20200011126,2020-06-09,18:00:00,1,Collision with vehicle,2,Tuesday,133,LANE SIDE SWIPE (VEHICLES IN PARALLEL LANES),3,663592,Not at intersection,2,50,Local Road,GATCUM,DANDENONG,-37.96351,145.18405,2020,6,June,18,Afternoon Peak,Weekday
T20200013387,2020-06-09,14:00:00,8,No collision and no object struck,2,Tuesday,174,OUT OF CONTROL ON CARRIAGEWAY (ON STRAIGHT),1,657518,Not at intersection,3,60,Local Road,MIDDLE,WELLINGTON,-37.826122,147.14095,2020,6,June,14,Midday,Weekday
T20200011122,2020-06-09,15:20:00,2,Struck Pedestrian,2,Tuesday,101,PED EMERGES FROM IN FRONT OF PARKED OR STATIONARY VEHICLE,1,654962,Not at intersection,3,40,Local Road,MEADOWLANDS,CASEY,-38.06881,145.33908,2020,6,June,15,Afternoon Peak,Weekday
T20200011113,2020-06-09,16:00:00,1,Collision with vehicle,2,Tuesday,130,REAR END(VEHICLES IN SAME LANE),1,29466,Cross intersection,3,40,Arterial Highway,PUNT,STONNINGTON,-37.850666,144.9842,2020,6,June,16,Afternoon Peak,Weekday
T20200011129,2020-06-09,17:52:00,1,Collision with vehicle,2,Tuesday,116,LEFT NEAR (INTERSECTIONS ONLY),3,655147,T intersection,2,60,Local Road,FURLONG,BRIMBANK,-37.76232,144.82837,2020,6,June,17,Afternoon Peak,Weekday
T20200011131,2020-06-09,17:54:00,1,Collision with vehicle,2,Tuesday,160,VEHICLE COLLIDES WITH VEHICLE PARKED ON LEFT OF ROAD,3,660879,Not at intersection,3,50,Local Road,OVERTON,FRANKSTON,-38.129337,145.12877,2020,6,June,17,Afternoon Peak,Weekday
T20200011135,2020-06-09,15:15:00,9,Other accident,2,Tuesday,174,OUT OF CONTROL ON CARRIAGEWAY (ON STRAIGHT),1,654891,Not at intersection,2,50,Local Road,WARRINGTON,CASEY,-38.011066,145.29465,2020,6,June,15,Afternoon Peak,Weekday
T20200011804,2020-06-09,11:30:00,1,Collision with vehicle,2,Tuesday,111,RIGHT FAR (INTERSECTIONS ONLY),1,42193,T intersection,3,80,Arterial Other,SOUTH,GLEN EIRA,-37.93399,145.04318,2020,6,June,11,Midday,Weekday
T20200011883,2020-06-09,12:00:00,1,Collision with vehicle,2,Tuesday,130,REAR END(VEHICLES IN SAME LANE),1,664504,Cross intersection,3,80,Arterial Other,BERWICK-CRANBOURNE ROAD -CLYDE,CASEY,-38.074554,145.33533,2020,6,June,12,Midday,Weekday
T20200011110,2020-06-09,15:44:00,4,Collision with a fixed object,2,Tuesday,171,LEFT OFF CARRIAGEWAY INTO OBJECT/PARKED VEHICLE,1,655059,Not at intersection,3,60,Arterial Other,BEACH,BAYSIDE,-37.986908,145.05013,2020,6,June,15,Afternoon Peak,Weekday
T20200011168,2020-06-09,09:00:00,6,Vehicle overturned (no collision),2,Tuesday,174,OUT OF CONTROL ON CARRIAGEWAY (ON STRAIGHT),1,654998,Not at intersection,2,50,Local Road,HAZEL,BOROONDARA,-37.843117,145.06491,2020,6,June,9,Morning Peak,Weekday
T20200011112,2020-06-09,14:10:00,4,Collision with a fixed object,2,Tuesday,175,OFF END OF ROAD/T-INTERSECTION.,1,64184,T intersection,2,50,Local Road,DURANG,MAROONDAH,-37.774765,145.2783,2020,6,June,14,Midday,Weekday
T20200011067,2020-06-09,06:25:00,1,Collision with vehicle,2,Tuesday,120,HEAD ON (NOT OVERTAKING),5,661076,Not at intersection,2,70,Arterial Other,TRENTHAM,MACEDON RANGES,-37.33083,144.39691,2020,6,June,6,Morning Peak,Weekday
T20200011109,2020-06-09,09:53:00,1,Collision with vehicle,2,Tuesday,121,RIGHT THROUGH,1,656544,Not at intersection,2,50,Local Road,TAYLORS,BRIMBANK,-37.72745,144.78114,2020,6,June,9,Morning Peak,Weekday
T20200011069,2020-06-09,07:55:00,1,Collision with vehicle,2,Tuesday,134,LANE CHANGE RIGHT (NOT OVERTAKING),1,655045,Not at intersection,3,80,Arterial Highway,MAROONDAH,MAROONDAH,-37.78203,145.28604,2020,6,June,7,Morning Peak,Weekday
T20200011101,2020-06-09,13:30:00,1,Collision with vehicle,2,Tuesday,108,PED STRUCK WALKING TO/FROM OR BOARDING/ALIGHTING VEHICLE.,1,658090,Not at intersection,3,60,Local Road,BURKE,BAW BAW,-38.166187,145.92702,2020,6,June,13,Midday,Weekday
T20200011098,2020-06-09,08:45:00,1,Collision with vehicle,2,Tuesday,143,ENTERING PARKING,1,655785,Not at intersection,3,40,Local Road,MCLACHLAN,HORSHAM,-36.7131,142.20137,2020,6,June,8,Morning Peak,Weekday
T20200013315,2020-06-09,16:30:00,2,Struck Pedestrian,2,Tuesday,109,ANY MANOEUVRE INVOLVING PED NOT INCLUDED IN DCAs 100-108.,1,657326,Not at intersection,3,50,Arterial Highway,HIGH,BENDIGO,-36.71925,144.25462,2020,6,June,16,Afternoon Peak,Weekday
T20200011090,2020-06-09,11:45:00,1,Collision with vehicle,2,Tuesday,147,VEHICLE STRIKES ANOTHER VEH WHILE EMERGING FROM DRIVEWAY,1,780618,Not at intersection,3,60,Arterial Other,DYNON,MELBOURNE,-37.801414,144.91396,2020,6,June,11,Midday,Weekday
T20200011187,2020-06-10,13:47:00,2,Struck Pedestrian,3,Wednesday,107,PED ON FOOTHPATH STRUCK BY VEHENTERING/LEAVING DRIVEWAY.,1,655050,Not at intersection,2,50,Local Road,WILLIS,GEELONG,-38.163628,144.35385,2020,6,June,13,Midday,Weekday
T20200011156,2020-06-10,10:00:00,1,Collision with vehicle,3,Wednesday,133,LANE SIDE SWIPE (VEHICLES IN PARALLEL LANES),1,46997,Multiple intersection,3,60,Arterial Highway,ST KILDA,PORT PHILLIP,-37.857307,144.98273,2020,6,June,10,Midday,Weekday
T20200011155,2020-06-10,08:40:00,1,Collision with vehicle,3,Wednesday,110,CROSS TRAFFIC(INTERSECTIONS ONLY),1,655350,Cross intersection,2,50,Local Road,SOMMERSBY,WYNDHAM,-37.890865,144.74605,2020,6,June,8,Morning Peak,Weekday
T20200011200,2020-06-10,13:45:00,1,Collision with vehicle,3,Wednesday,133,LANE SIDE SWIPE (VEHICLES IN PARALLEL LANES),1,655052,Multiple intersection,3,60,Local Road,CLOW,DANDENONG,-37.984947,145.21494,2020,6,June,13,Midday,Weekday
T20200011201,2020-06-10,16:45:00,1,Collision with vehicle,3,Wednesday,171,LEFT OFF CARRIAGEWAY INTO OBJECT/PARKED VEHICLE,1,51700,Cross intersection,2,60,Arterial Highway,HIGH,BENDIGO,-36.779793,144.25024,2020,6,June,16,Afternoon Peak,Weekday
T20200011202,2020-06-10,15:15:00,1,Collision with vehicle,3,Wednesday,163,VEHICLE STRIKES DOOR OF PARKED/STATIONARY VEHICLE,1,656929,Not at intersection,3,50,Local Road,HOTHAM,DAREBIN,-37.74783,145.0072,2020,6,June,15,Afternoon Peak,Weekday
T20200011207,2020-06-10,15:10:00,1,Collision with vehicle,3,Wednesday,113,RIGHT NEAR (INTERSECTIONS ONLY),1,665444,T intersection,3,60,Local Road,ALFRED,WYNDHAM,-37.919926,144.63222,2020,6,June,15,Afternoon Peak,Weekday
T20200011209,2020-06-10,15:30:00,1,Collision with vehicle,3,Wednesday,129,OTHER OPPOSING MANOEUVRES NOT INCLUDED IN DCAs 120-125.,1,71463,T intersection,2,60,Arterial Other,THE BOULEVARD,GEELONG,-38.098576,144.35297,2020,6,June,15,Afternoon Peak,Weekday
T20200011154,2020-06-10,06:30:00,2,Struck Pedestrian,3,Wednesday,104,PED WALKING WITH TRAFFIC,3,654964,Not at intersection,2,50,Arterial Other,BALLAN,WYNDHAM,-37.88406,144.62376,2020,6,June,6,Morning Peak,Weekday
T20200011271,2020-06-10,15:50:00,1,Collision with vehicle,3,Wednesday,130,REAR END(VEHICLES IN SAME LANE),1,655520,Not at intersection,3,80,Arterial Other,LEARMONTH,BALLARAT,-37.52918,143.81345,2020,6,June,15,Afternoon Peak,Weekday
T20200011272,2020-06-10,08:00:00,1,Collision with vehicle,3,Wednesday,110,CROSS TRAFFIC(INTERSECTIONS ONLY),1,55092,Cross intersection,3,40,Local Road,NEWMAN,MORELAND,-37.76105,144.95003,2020,6,June,8,Morning Peak,Weekday
T20200011152,2020-06-10,08:05:00,1,Collision with vehicle,3,Wednesday,110,CROSS TRAFFIC(INTERSECTIONS ONLY),1,42835,Cross intersection,2,50,Local Road,BARKLY,KINGSTON,-38.00461,145.08827,2020,6,June,8,Morning Peak,Weekday
T20200011211,2020-06-10,18:37:00,1,Collision with vehicle,3,Wednesday,130,REAR END(VEHICLES IN SAME LANE),3,274513,Cross intersection,3,60,Arterial Other,TRAFALGAR,BOROONDARA,-37.83299,145.06352,2020,6,June,18,Afternoon Peak,Weekday
T20200011572,2020-06-10,18:00:00,8,No collision and no object struck,3,Wednesday,174,OUT OF CONTROL ON CARRIAGEWAY (ON STRAIGHT),9,665347,Not at intersection,3,60,Arterial Other,ROYAL,MELBOURNE,-37.79282,144.95842,2020,6,June,18,Afternoon Peak,Weekday
T20200012716,2020-06-10,16:20:00,1,Collision with vehicle,3,Wednesday,113,RIGHT NEAR (INTERSECTIONS ONLY),1,658786,T intersection,3,60,Arterial Other,BALLARTO,CARDINIA,-38.14609,145.42432,2020,6,June,16,Afternoon Peak,Weekday
T20200011212,2020-06-10,16:50:00,1,Collision with vehicle,3,Wednesday,121,RIGHT THROUGH,1,29813,Cross intersection,2,70,Arterial Other,BALLARAT,BRIMBANK,-37.769783,144.77133,2020,6,June,16,Afternoon Peak,Weekday
T20200011159,2020-06-10,10:00:00,1,Collision with vehicle,3,Wednesday,110,CROSS TRAFFIC(INTERSECTIONS ONLY),1,43208,Cross intersection,2,60,Local Road,LOCHIEL,KINGSTON,-38.034195,145.10645,2020,6,June,10,Midday,Weekday
T20200011230,2020-06-10,23:00:00,4,Collision with a fixed object,3,Wednesday,181,OFF RIGHT BEND INTO OBJECT/PARKED VEHICLE,5,670032,Not at intersection,2,80,Local Road,SAND,MOORABOOL,-37.75364,143.93451,2020,6,June,23,Night,Weekday
T20200012093,2020-06-10,05:35:00,1,Collision with vehicle,3,Wednesday,121,RIGHT THROUGH,3,37000,T intersection,3,40,Local Road,WELLINGTON,MELBOURNE,-37.81529,144.97487,2020,6,June,5,Morning Peak,Weekday