ACCIDENT_NO,ACCIDENT_DATE,ACCIDENT_TIME,ACCIDENT_TYPE,ACCIDENT_TYPE_DESC,DAY_OF_WEEK,DAY_WEEK_DESC,DCA_CODE,DCA_DESC,LIGHT_CONDITION,NODE_ID,ROAD_GEOMETRY_DESC,SEVERITY,SPEED_ZONE,RMA,ROAD_NAME,LGA_NAME,LATITUDE,LONGITUDE,YEAR,MONTH,MONTH_NAME,HOUR,TIME_PERIOD,DAY_TYPE
T20200011507,2020-06-10,10:30:00,1,Collision with vehicle,3,Wednesday,121,RIGHT THROUGH,1,41372,Cross intersection,3,60,Local Road,DERBY,GLEN EIRA,-37.87918,145.04445,2020,6,June,10,Midday,Weekday
T20200015181,2020-06-10,11:00:00,1,Collision with vehicle,3,Wednesday,130,REAR END(VEHICLES IN SAME LANE),1,665446,Not at intersection,3,60,Arterial Highway,WARBURTON,YARRA RANGES,-37.778233,145.42671,2020,6,June,11,Midday,Weekday
T20200012196,2020-06-10,20:39:00,4,Collision with a fixed object,3,Wednesday,171,LEFT OFF CARRIAGEWAY INTO OBJECT/PARKED VEHICLE,3,337396,Cross intersection,3,70,Arterial Other,KINGS,BRIMBANK,-37.689663,144.78438,2020,6,June,20,Night,Weekday
T20200011184,2020-06-10,15:00:00,1,Collision with vehicle,3,Wednesday,111,RIGHT FAR (INTERSECTIONS ONLY),1,37606,T intersection,2,40,Local Road,ANDERSON,MELBOURNE,-37.834293,144.98367,2020,6,June,15,Afternoon Peak,Weekday
T20200011183,2020-06-10,10:50:00,1,Collision with vehicle,3,Wednesday,121,RIGHT THROUGH,1,656603,Not at intersection,3,60,Local Road,PEARCEDALE,HUME,-37.67985,144.91754,2020,6,June,10,Midday,Weekday
T20200011180,2020-06-10,15:15:00,1,Collision with vehicle,3,Wednesday,110,CROSS TRAFFIC(INTERSECTIONS ONLY),1,20865,Cross intersection,3,50,Arterial Other,GRAND RIDGE EAST,SOUTH GIPPSLAND,-38.401855,146.16216,2020,6,June,15,Afternoon Peak,Weekday
T20200011179,2020-06-10,12:15:00,1,Collision with vehicle,3,Wednesday,110,CROSS TRAFFIC(INTERSECTIONS ONLY),1,38883,Cross intersection,2,60,Arterial Other,HIGH,BOROONDARA,-37.81016,145.02632,2020,6,June,12,Midday,Weekday
T20200011171,2020-06-10,12:00:00,4,Collision with a fixed object,3,Wednesday,171,LEFT OFF CARRIAGEWAY INTO OBJECT/PARKED VEHICLE,1,729298,Not at intersection,2,100,Freeway,GEELONG RING,GEELONG,-38.13395,144.3075,2020,6,June,12,Midday,Weekday
T20200011169,2020-06-10,11:00:00,4,Collision with a fixed object,3,Wednesday,175,OFF END OF ROAD/T-INTERSECTION.,1,67881,T intersection,1,60,Arterial Other,HIGH STREET,MONASH,-37.867424,145.10768,2020,6,June,11,Midday,Weekday
T20200011167,2020-06-10,07:40:00,1,Collision with vehicle,3,Wednesday,111,RIGHT FAR (INTERSECTIONS ONLY),2,42518,T intersection,2,80,Arterial Highway,SPRINGVALE,MONASH,-37.929287,145.15675,2020,6,June,7,Morning Peak,Weekday
T20200011164,2020-06-10,08:46:00,1,Collision with vehicle,3,Wednesday,110,CROSS TRAFFIC(INTERSECTIONS ONLY),1,49769,Cross intersection,2,50,Local Road,BRUCE,GEELONG,-38.107937,144.33505,2020,6,June,8,Morning Peak,Weekday
T20200011252,2020-06-10,16:30:00,8,No collision and no object struck,3,Wednesday,174,OUT OF CONTROL ON CARRIAGEWAY (ON STRAIGHT),1,45585,T intersection,3,60,Arterial Other,BRUNSWICK,MORELAND,-37.775803,144.94972,2020,6,June,16,Afternoon Peak,Weekday
T20200011254,2020-06-10,16:30:00,1,Collision with vehicle,3,Wednesday,130,REAR END(VEHICLES IN SAME LANE),1,655292,Not at intersection,3,60,Arterial Other,HEALESVILLE-KOO WEE RUP,YARRA RANGES,-37.81375,145.50826,2020,6,June,16,Afternoon Peak,Weekday
T20200011717,2020-06-10,09:20:00,1,Collision with vehicle,3,Wednesday,160,VEHICLE COLLIDES WITH VEHICLE PARKED ON LEFT OF ROAD,1,655696,Unknown,3,40,Local Road,ARMSTRONG,COLAC OTWAY,-38.34928,143.57462,2020,6,June,9,Morning Peak,Weekday
T20200011220,2020-06-10,17:20:00,1,Collision with vehicle,3,Wednesday,130,REAR END(VEHICLES IN SAME LANE),1,670031,Not at intersection,3,60,Arterial Highway,MCKILLOP,GEELONG,-38.15383,144.35933,2020,6,June,17,Afternoon Peak,Weekday
T20200011225,2020-06-10,16:00:00,1,Collision with vehicle,3,Wednesday,110,CROSS TRAFFIC(INTERSECTIONS ONLY),1,66814,Cross intersection,3,50,Local Road,GORDON,HOBSONS BAY,-37.83878,144.86678,2020,6,June,16,Afternoon Peak,Weekday
T20200011264,2020-06-10,16:35:00,1,Collision with vehicle,3,Wednesday,110,CROSS TRAFFIC(INTERSECTIONS ONLY),1,63701,Cross intersection,2,50,Local Road,CLARENDON,DAREBIN,-37.7605,145.0094,2020,6,June,16,Afternoon Peak,Weekday
T20200011162,2020-06-10,07:25:00,1,Collision with vehicle,3,Wednesday,110,CROSS TRAFFIC(INTERSECTIONS ONLY),1,658392,Cross intersection,2,80,Arterial Highway,MAROONDAH,YARRA RANGES,-37.76137,145.31064,2020,6,June,7,Morning Peak,Weekday
T20200011283,2020-06-11,14:16:00,1,Collision with vehicle,4,Thursday,130,REAR END(VEHICLES IN SAME LANE),1,659539,T intersection,3,100,Arterial Highway,CHURCHILL CROSSING,NORTHERN GRAMPIANS,-37.126373,142.82214,2020,6,June,14,Midday,Weekday
T20200011424,2020-06-11,22:54:00,2,Struck Pedestrian,4,Thursday,103,PED PLAYING/LYING/WORKING/STANDING ON CARRIAGEWAY.,6,665880,T intersection,3,50,Local Road,LONG TREE,MELTON,-37.668728,144.53746,2020,6,June,22,Night,Weekday
T20200011270,2020-06-11,11:30:00,1,Collision with vehicle,4,Thursday,163,VEHICLE STRIKES DOOR OF PARKED/STATIONARY VEHICLE,1,655061,Not at intersection,3,50,Arterial Other,SYDNEY,MORELAND,-37.75516,144.96417,2020,6,June,11,Midday,Weekday
T20200011243,2020-06-11,07:39:00,1,Collision with vehicle,4,Thursday,132,RIGHT REAR.,1,661235,T intersection,3,60,Arterial Highway,GREENSBOROUGH,BANYULE,-37.731636,145.07913,2020,6,June,7,Morning Peak,Weekday
T20200011324,2020-06-11,23:14:00,6,Vehicle overturned (no collision),4,Thursday,174,OUT OF CONTROL ON CARRIAGEWAY (ON STRAIGHT),3,277660,Cross intersection,2,60,Local Road,DOHERTYS,WYNDHAM,-37.826218,144.764,2020,6,June,23,Night,Weekday
T20200022886,2020-06-11,14:00:00,1,Collision with vehicle,4,Thursday,130,REAR END(VEHICLES IN SAME LANE),1,729484,Cross intersection,3,60,Arterial Highway,PUNT,MELBOURNE,-37.83153,144.9879,2020,6,June,14,Midday,Weekday
T20200012410,2020-06-11,15:30:00,1,Collision with vehicle,4,Thursday,134,LANE CHANGE RIGHT (NOT OVERTAKING),1,46034,T intersection,3,40,Arterial Other,MT ALEXANDER,MOONEE VALLEY,-37.78005,144.93161,2020,6,June,15,Afternoon Peak,Weekday
T20200011323,2020-06-11,21:30:00,1,Collision with vehicle,4,Thursday,132,RIGHT REAR.,3,36411,T intersection,3,60,Arterial Other,MCDONALDS,WHITTLESEA,-37.646633,145.04694,2020,6,June,21,Night,Weekday
T20200011761,2020-06-11,21:15:00,8,No collision and no object struck,4,Thursday,174,OUT OF CONTROL ON CARRIAGEWAY (ON STRAIGHT),6,655615,Not at intersection,3,50,Arterial Other,OLD GEELONG ROAD SERVICE,WYNDHAM,-37.871677,144.72559,2020,6,June,21,Night,Weekday
T20200014373,2020-06-11,14:30:00,8,No collision and no object struck,4,Thursday,175,OFF END OF ROAD/T-INTERSECTION.,1,610171,T intersection,2,80,Freeway,SNOW,WANGARATTA,-36.42624,146.2583,2020,6,June,14,Midday,Weekday
T20200011242,2020-06-11,08:16:00,4,Collision with a fixed object,4,Thursday,181,OFF RIGHT BEND INTO OBJECT/PARKED VEHICLE,1,672011,Not at intersection,3,100,Arterial Highway,PRINCES,EAST GIPPSLAND,-37.836823,147.91953,2020,6,June,8,Morning Peak,Weekday
T20200011267,2020-06-11,12:50:00,1,Collision with vehicle,4,Thursday,120,HEAD ON (NOT OVERTAKING),1,655438,Not at intersection,3,50,Local Road,WEBSTER,BALLARAT,-37.556435,143.84778,2020,6,June,12,Midday,Weekday
T20200011266,2020-06-11,07:30:00,1,Collision with vehicle,4,Thursday,110,CROSS TRAFFIC(INTERSECTIONS ONLY),1,43759,Cross intersection,3,50,Local Road,BEST,DAREBIN,-37.711998,144.9973,2020,6,June,7,Morning Peak,Weekday
T20200011257,2020-06-11,10:55:00,1,Collision with vehicle,4,Thursday,113,RIGHT NEAR (INTERSECTIONS ONLY),1,329775,T intersection,2,80,Arterial Highway,GEELONG,HOBSONS BAY,-37.822266,144.82964,2020,6,June,10,Midday,Weekday
T20200011273,2020-06-11,12:40:00,2,Struck Pedestrian,4,Thursday,102,FAR SIDE. PED HIT BY VEHICLE FROM THE LEFT,1,729553,Cross intersection,3,50,Local Road,HOLDEN,YARRA,-37.779984,144.9866,2020,6,June,12,Midday,Weekday
T20200011274,2020-06-11,12:44:00,1,Collision with vehicle,4,Thursday,110,CROSS TRAFFIC(INTERSECTIONS ONLY),1,42918,Cross intersection,3,60,Arterial Other,HEATHERTON,DANDENONG,-37.965015,145.17332,2020,6,June,12,Midday,Weekday
T20200011276,2020-06-11,15:10:00,1,Collision with vehicle,4,Thursday,133,LANE SIDE SWIPE (VEHICLES IN PARALLEL LANES),1,658318,Not at intersection,3,40,Arterial Other,HOTHAM,GLEN EIRA,-37.867046,144.99992,2020,6,June,15,Afternoon Peak,Weekday
T20200011277,2020-06-11,13:20:00,1,Collision with vehicle,4,Thursday,130,REAR END(VEHICLES IN SAME LANE),1,655855,Not at intersection,2,80,Arterial Other,CRANBOURNE-FRANKSTON,FRANKSTON,-38.153774,145.18614,2020,6,June,13,Midday,Weekday
T20200011278,2020-06-11,13:00:00,1,Collision with vehicle,4,Thursday,147,VEHICLE STRIKES ANOTHER VEH WHILE EMERGING FROM DRIVEWAY,1,659812,Not at intersection,2,60,Arterial Other,YARRA,BOROONDARA,-37.790462,145.02002,2020,6,June,13,Midday,Weekday
T20200011240,2020-06-11,07:20:00,2,Struck Pedestrian,4,Thursday,102,FAR SIDE. PED HIT BY VEHICLE FROM THE LEFT,1,251819,Not at intersection,2,70,Arterial Other,JELLS,MONASH,-37.91039,145.18842,2020,6,June,7,Morning Peak,Weekday
T20200011296,2020-06-11,16:10:00,1,Collision with vehicle,4,Thursday,121,RIGHT THROUGH,1,41475,T intersection,2,60,Arterial Other,MURRUMBEENA,GLEN EIRA,-37.900578,145.06448,2020,6,June,16,Afternoon Peak,Weekday
T20200011260,2020-06-11,11:00:00,6,Vehicle overturned (no collision),4,Thursday,184,OUT OF CONTROL ON CARRIAGEWAY (ON BEND),1,343622,Not at intersection,3,80,Arterial Other,GEMBROOK-LAUNCHING PLACE,CARDINIA,-37.90822,145.591,2020,6,June,11,Midday,Weekday
T20200011302,2020-06-11,17:45:00,1,Collision with vehicle,4,Thursday,130,REAR END(VEHICLES IN SAME LANE),3,655056,Not at intersection,2,60,Local Road,AITKEN,HUME,-37.594364,144.90999,2020,6,June,17,Afternoon Peak,Weekday
T20200012824,2020-06-11,18:30:00,1,Collision with vehicle,4,Thursday,121,RIGHT THROUGH,3,358547,Cross intersection,3,60,Arterial Other,MAHONEYS,HUME,-37.68964,144.95801,2020,6,June,18,Afternoon Peak,Weekday
T20200011304,2020-06-11,17:26:00,1,Collision with vehicle,4,Thursday,132,RIGHT REAR.,2,656415,T intersection,2,60,Arterial Other,JELLS,MONASH,-37.918186,145.18698,2020,6,June,17,Afternoon Peak,Weekday
T20200011380,2020-06-11,08:20:00,1,Collision with vehicle,4,Thursday,111,RIGHT FAR (INTERSECTIONS ONLY),1,50811,Cross intersection,3,100,Arterial Other,COBRAM SOUTH,MOIRA,-35.96987,145.6319,2020,6,June,8,Morning Peak,Weekday
T20200016546,2020-06-11,18:30:00,4,Collision with a fixed object,4,Thursday,173,RIGHT OFF CARRIAGEWAY INTO OBJECT/PARKED VEHICLE,5,681921,Not at intersection,3,100,Local Road,STEWARTS BRIDGE,MOIRA,-36.06928,145.0041,2020,6,June,18,Afternoon Peak,Weekday
T20200011315,2020-06-11,18:05:00,1,Collision with vehicle,4,Thursday,130,REAR END(VEHICLES IN SAME LANE),3,655154,Not at intersection,3,80,Arterial Highway,NEPEAN,BAYSIDE,-37.90816,145.0101,2020,6,June,18,Afternoon Peak,Weekday
T20200011316,2020-06-11,16:20:00,4,Collision with a fixed object,4,Thursday,171,LEFT OFF CARRIAGEWAY INTO OBJECT/PARKED VEHICLE,2,664742,Cross intersection,2,100,Arterial Other,HAWDON,CAMPASPE,-36.211334,145.1037,2020,6,June,16,Afternoon Peak,Weekday
T20200011318,2020-06-11,18:45:00,1,Collision with vehicle,4,Thursday,110,CROSS TRAFFIC(INTERSECTIONS ONLY),3,58082,Cross intersection,3,60,Local Road,GUYS HILL,BENDIGO,-36.8105,144.342,2020,6,June,18,Afternoon Peak,Weekday
T20200011239,2020-06-11,02:10:00,4,Collision with a fixed object,4,Thursday,183,OFF LEFT BEND INTO OBJECT/PARKED VEHICLE,5,656455,Not at intersection,2,80,Arterial Other,WOORI YALLOCK,CARDINIA,-37.908367,145.49992,2020,6,June,2,Late Night,Weekday
T20200011362,2020-06-11,23:50:00,1,Collision with vehicle,4,Thursday,130,REAR END(VEHICLES IN SAME LANE),9,674660,Not at intersection,3,40,Freeway,MONASH,CASEY,-37.995445,145.26646,2020,6,June,23,Night,Weekday
T20200011871,2020-06-11,14:05:00,1,Collision with vehicle,4,Thursday,133,LANE SIDE SWIPE (VEHICLES IN PARALLEL LANES),1,655698,Cross intersection,3,60,Arterial Other,CENTRE,BAYSIDE,-37.91658,145.02315,2020,6,June,14,Midday,Weekday
T20200011232,2020-06-11,04:55:00,4,Collision with a fixed object,4,Thursday,171,LEFT OFF CARRIAGEWAY INTO OBJECT/PARKED VEHICLE,3,665447,Not at intersection,2,50,Local Road,MITCHELL,SHEPPARTON,-36.378773,145.42026,2020,6,June,4,Late Night,Weekday
T20200011399,2020-06-11,11:40:00,1,Collision with vehicle,4,Thursday,113,RIGHT NEAR (INTERSECTIONS ONLY),1,663758,T intersection,2,50,Local Road,ST GEORGES BIKE,DAREBIN,-37.753246,144.99472,2020,6,June,11,Midday,Weekday
T20200011245,2020-06-11,09:15:00,1,Collision with vehicle,4,Thursday,147,VEHICLE STRIKES ANOTHER VEH WHILE EMERGING FROM DRIVEWAY,1,670033,Not at intersection,3,50,Local Road,BRENTWOOD,CASEY,-38.080307,145.28888,2020,6,June,9,Morning Peak,Weekday
T20200011288,2020-06-11,16:30:00,8,No collision and no object struck,4,Thursday,182,OFF CARRIAGEWAY ON LEFT BEND,1,655055,Not at intersection,2,40,Local Road,MANLY,WYNDHAM,-37.89918,144.65924,2020,6,June,16,Afternoon Peak,Weekday
T20200011228,2020-06-11,01:30:00,1,Collision with vehicle,4,Thursday,173,RIGHT OFF CARRIAGEWAY INTO OBJECT/PARKED VEHICLE,3,661399,Not at intersection,3,50,Local Road,WILLESDEN,GEELONG,-38.209377,144.30878,2020,6,June,1,Late Night,Weekday
T20200013438,2020-06-11,17:25:00,1,Collision with vehicle,4,Thursday,130,REAR END(VEHICLES IN SAME LANE),3,657676,Not at intersection,3,80,Arterial Highway,NEPEAN,GLEN EIRA,-37.929905,145.03159,2020,6,June,17,Afternoon Peak,Weekday
T20200012560,2020-06-11,10:15:00,1,Collision with vehicle,4,Thursday,160,VEHICLE COLLIDES WITH VEHICLE PARKED ON LEFT OF ROAD,1,659852,Not at intersection,3,60,Local Road,REGINA,YARRA RANGES,-37.800896,145.33023,2020,6,June,10,Midday,Weekday
T20200011253,2020-06-11,11:35:00,1,Collision with vehicle,4,Thursday,137,LEFT TURN SIDESWIPE,1,729299,Not at intersection,3,60,Local Road,PRINCESS,GEELONG,-38.08203,144.34665,2020,6,June,11,Midday,Weekday
T20200011301,2020-06-11,10:45:00,1,Collision with vehicle,4,Thursday,114,TWO RIGHT TURNING (INTERSECTIONS ONLY),1,37745,T intersection,3,60,Arterial Other,WILLIAMS,STONNINGTON,-37.843716,145.00409,2020,6,June,10,Midday,Weekday
T20200011382,2020-06-12,17:00:00,1,Collision with vehicle,5,Friday,114,TWO RIGHT TURNING (INTERSECTIONS ONLY),6,71440,T intersection,2,60,Arterial Other,STATION,GEELONG,-38.096325,144.36525,2020,6,June,17,Afternoon Peak,Weekday
T20200011381,2020-06-12,16:21:00,1,Collision with vehicle,5,Friday,111,RIGHT FAR (INTERSECTIONS ONLY),1,45069,T intersection,2,60,Arterial Other,BARRY,HUME,-37.665573,144.93782,2020,6,June,16,Afternoon Peak,Weekday
T20200011354,2020-06-12,10:55:00,1,Collision with vehicle,5,Friday,129,OTHER OPPOSING MANOEUVRES NOT INCLUDED IN DCAs 120-125.,1,658540,Not at intersection,3,60,Arterial Highway,WARRIGAL,KINGSTON,-37.92582,145.08208,2020,6,June,10,Midday,Weekday
T20200011353,2020-06-12,12:03:00,1,Collision with vehicle,5,Friday,171,LEFT OFF CARRIAGEWAY INTO OBJECT/PARKED VEHICLE,1,666054,Not at intersection,2,60,Arterial Other,EAST BOUNDARY,GLEN EIRA,-37.917587,145.05994,2020,6,June,12,Midday,Weekday
T20200011397,2020-06-12,17:50:00,1,Collision with vehicle,5,Friday,169,OTHER ON PATH,3,665840,Not at intersection,2,60,Arterial Other,CHURCH,YARRA,-37.816963,144.99947,2020,6,June,17,Afternoon Peak,Weekday
T20200011395,2020-06-12,17:30:00,1,Collision with vehicle,5,Friday,130,REAR END(VEHICLES IN SAME LANE),2,655294,Not at intersection,3,70,Arterial Other,MAIN HURSTBRIDGE,NILLUMBIK,-37.666367,145.18095,2020,6,June,17,Afternoon Peak,Weekday
T20200011351,2020-06-12,09:10:00,1,Collision with vehicle,5,Friday,110,CROSS TRAFFIC(INTERSECTIONS ONLY),1,68977,Cross intersection,3,40,Local Road,GREAVES,WYNDHAM,-37.90012,144.64893,2020,6,June,9,Morning Peak,Weekday
T20200011350,2020-06-12,11:00:00,1,Collision with vehicle,5,Friday,130,REAR END(VEHICLES IN SAME LANE),1,655293,Not at intersection,3,70,Arterial Other,RYANS,BANYULE,-37.68805,145.14273,2020,6,June,11,Midday,Weekday
T20200011347,2020-06-12,08:20:00,2,Struck Pedestrian,5,Friday,100,PED NEAR SIDE. PED HIT BY VEHICLE FROM THE RIGHT.,2,657078,Not at intersection,2,30,Local Road,CHAUCER,BOROONDARA,-37.824688,145.07816,2020,6,June,8,Morning Peak,Weekday
T20200011378,2020-06-12,14:48:00,1,Collision with vehicle,5,Friday,140,U TURN,1,729800,T intersection,3,70,Arterial Other,BALLARAT,BRIMBANK,-37.778515,144.84267,2020,6,June,14,Midday,Weekday
T20200011374,2020-06-12,14:25:00,2,Struck Pedestrian,5,Friday,102,FAR SIDE. PED HIT BY VEHICLE FROM THE LEFT,1,39056,T intersection,2,60,Arterial Other,BURKE,BOROONDARA,-37.794285,145.06383,2020,6,June,14,Midday,Weekday
T20200011368,2020-06-12,12:07:00,2,Struck Pedestrian,5,Friday,107,PED ON FOOTHPATH STRUCK BY VEHENTERING/LEAVING DRIVEWAY.,1,655608,Not at intersection,2,40,Local Road,COVENTRY,PORT PHILLIP,-37.832897,144.95657,2020,6,June,12,Midday,Weekday
T20200013476,2020-06-12,14:57:00,8,No collision and no object struck,5,Friday,174,OUT OF CONTROL ON CARRIAGEWAY (ON STRAIGHT),9,657677,Not at intersection,3,40,Arterial Other,VICTORIA,YARRA,-37.810814,145.00307,2020,6,June,14,Midday,Weekday
T20200011366,2020-06-12,11:30:00,1,Collision with vehicle,5,Friday,130,REAR END(VEHICLES IN SAME LANE),1,50161,Multiple intersection,3,60,Arterial Other,BREAKWATER ROAD -FELLMONGERS,GEELONG,-38.17933,144.36758,2020,6,June,11,Midday,Weekday
T20200011390,2020-06-12,06:45:00,1,Collision with vehicle,5,Friday,110,CROSS TRAFFIC(INTERSECTIONS ONLY),9,655355,Cross intersection,3,50,Local Road,MCKENZIE,YARRA,-37.81528,145.00291,2020,6,June,6,Morning Peak,Weekday
T20200011360,2020-06-12,12:35:00,1,Collision with vehicle,5,Friday,130,REAR END(VEHICLES IN SAME LANE),1,57398,Cross intersection,3,60,Arterial Other,BULLA,MOONEE VALLEY,-37.743725,144.90979,2020,6,June,12,Midday,Weekday
T20200011743,2020-06-12,14:38:00,1,Collision with vehicle,5,Friday,130,REAR END(VEHICLES IN SAME LANE),1,29820,Cross intersection,3,60,Arterial Other,BUCKLEY,MOONEE VALLEY,-37.75086,144.86197,2020,6,June,14,Midday,Weekday
T20200011387,2020-06-12,15:46:00,6,Vehicle overturned (no collision),5,Friday,174,OUT OF CONTROL ON CARRIAGEWAY (ON STRAIGHT),1,655158,Not at intersection,3,40,Arterial Other,MALVERN,STONNINGTON,-37.847767,145.00072,2020,6,June,15,Afternoon Peak,Weekday
T20200011416,2020-06-12,23:40:00,1,Collision with vehicle,5,Friday,131,LEFT REAR,6,670036,T intersection,3,70,Arterial Other,GREAVES,CASEY,-38.054943,145.30138,2020,6,June,23,Night,Weekday
T20200011357,2020-06-12,10:37:00,1,Collision with vehicle,5,Friday,130,REAR END(VEHICLES IN SAME LANE),1,655220,Not at intersection,3,80,Freeway,GRIEVE-WEST GATE IN,HOBSONS BAY,-37.82536,144.83159,2020,6,June,10,Midday,Weekday
T20200012648,2020-06-12,15:00:00,1,Collision with vehicle,5,Friday,130,REAR END(VEHICLES IN SAME LANE),1,656543,Not at intersection,3,80,Arterial Highway,SOUTH GIPPSLAND,DANDENONG,-38.03494,145.24562,2020,6,June,15,Afternoon Peak,Weekday
T20200011386,2020-06-12,14:30:00,1,Collision with vehicle,5,Friday,130,REAR END(VEHICLES IN SAME LANE),1,773236,T intersection,3,100,Freeway,WESTERN RING,BRIMBANK,-37.74972,144.83386,2020,6,June,14,Midday,Weekday
T20200011420,2020-06-12,23:09:00,1,Collision with vehicle,5,Friday,110,CROSS TRAFFIC(INTERSECTIONS ONLY),3,301506,Cross intersection,3,50,Arterial Highway,BELL,DAREBIN,-37.748257,145.02974,2020,6,June,23,Night,Weekday
T20200011417,2020-06-12,06:30:00,1,Collision with vehicle,5,Friday,133,LANE SIDE SWIPE (VEHICLES IN PARALLEL LANES),6,655356,Not at intersection,3,80,Arterial Other,CANTERBURY,MAROONDAH,-37.82436,145.2938,2020,6,June,6,Morning Peak,Weekday
T20200011384,2020-06-12,14:40:00,1,Collision with vehicle,5,Friday,121,RIGHT THROUGH,1,655221,Not at intersection,3,100,Arterial Other,TRENTHAM,MACEDON RANGES,-37.28287,144.4472,2020,6,June,14,Midday,Weekday
T20200011401,2020-06-12,19:10:00,1,Collision with vehicle,5,Friday,121,RIGHT THROUGH,3,655296,Not at intersection,3,50,Local Road,MITCHELL,DAREBIN,-37.772594,145.0033,2020,6,June,19,Night,Weekday
T20200011407,2020-06-12,15:06:00,1,Collision with vehicle,5,Friday,160,VEHICLE COLLIDES WITH VEHICLE PARKED ON LEFT OF ROAD,1,666090,Not at intersection,3,50,Arterial Other,BROADWAY,DAREBIN,-37.717747,145.016,2020,6,June,15,Afternoon Peak,Weekday
T20200011405,2020-06-12,17:38:00,1,Collision with vehicle,5,Friday,140,U TURN,3,655160,Not at intersection,2,60,Arterial Other,BERWICK-CRANBOURNE,CASEY,-38.118244,145.32324,2020,6,June,17,Afternoon Peak,Weekday
T20200011447,2020-06-12,15:47:00,1,Collision with vehicle,5,Friday,148,VEHICLE OFF FOOTPATH STRIKES VEH ON CARRIAGEWAY,1,666216,Not at intersection,3,50,Local Road,YEATS,BRIMBANK,-37.71933,144.77849,2020,6,June,15,Afternoon Peak,Weekday
T20200011334,2020-06-12,07:40:00,1,Collision with vehicle,5,Friday,113,RIGHT NEAR (INTERSECTIONS ONLY),1,51970,Cross intersection,2,100,Arterial Highway,PRINCES,EAST GIPPSLAND,-37.880917,147.42271,2020,6,June,7,Morning Peak,Weekday
T20200011338,2020-06-12,09:40:00,2,Struck Pedestrian,5,Friday,100,PED NEAR SIDE. PED HIT BY VEHICLE FROM THE RIGHT.,1,42256,T intersection,3,50,Arterial Other,CENTRE,GLEN EIRA,-37.921555,145.06216,2020,6,June,9,Morning Peak,Weekday
T20200015139,2020-06-12,06:25:00,1,Collision with vehicle,5,Friday,121,RIGHT THROUGH,2,46240,Cross intersection,3,60,Freeway,MELTON,MELTON,-37.693317,144.6043,2020,6,June,6,Morning Peak,Weekday
T20200011895,2020-06-12,16:10:00,1,Collision with vehicle,5,Friday,130,REAR END(VEHICLES IN SAME LANE),1,666055,T intersection,3,80,Arterial Highway,DANDENONG VALLEY,KNOX,-37.911114,145.23624,2020,6,June,16,Afternoon Peak,Weekday
T20200011599,2020-06-12,07:40:00,1,Collision with vehicle,5,Friday,130,REAR END(VEHICLES IN SAME LANE),1,666315,Not at intersection,3,70,Arterial Other,KINGSTON,KINGSTON,-37.956467,145.10419,2020,6,June,7,Morning Peak,Weekday
T20200011403,2020-06-12,18:10:00,1,Collision with vehicle,5,Friday,132,RIGHT REAR.,3,40687,T intersection,3,60,Arterial Other,HIGHBURY,MONASH,-37.856647,145.12364,2020,6,June,18,Afternoon Peak,Weekday
T20200011499,2020-06-12,15:30:00,1,Collision with vehicle,5,Friday,130,REAR END(VEHICLES IN SAME LANE),1,655299,Not at intersection,3,80,Arterial Other,CRANBOURNE-FRANKSTON,FRANKSTON,-38.144688,145.20517,2020,6,June,15,Afternoon Peak,Weekday
T20200011488,2020-06-12,00:08:00,4,Collision with a fixed object,5,Friday,171,LEFT OFF CARRIAGEWAY INTO OBJECT/PARKED VEHICLE,3,29500,Cross intersection,3,60,Arterial Other,DAREBIN,DAREBIN,-37.76623,145.02742,2020,6,June,0,Late Night,Weekday
T20200011342,2020-06-12,09:30:00,2,Struck Pedestrian,5,Friday,100,PED NEAR SIDE. PED HIT BY VEHICLE FROM THE RIGHT.,1,655251,T intersection,1,40,Arterial Other,BRIDGE,YARRA,-37.818905,145.00247,2020,6,June,9,Morning Peak,Weekday
T20200011745,2020-06-12,07:00:00,6,Vehicle overturned (no collision),5,Friday,174,OUT OF CONTROL ON CARRIAGEWAY (ON STRAIGHT),9,655533,Not at intersection,3,50,Local Road,LEVESON,MELBOURNE,-37.802395,144.95125,2020,6,June,7,Morning Peak,Weekday
T20200011355,2020-06-12,10:16:00,1,Collision with vehicle,5,Friday,130,REAR END(VEHICLES IN SAME LANE),1,729301,Not at intersection,3,80,Arterial Highway,PRINCES,DANDENONG,-37.961296,145.18799,2020,6,June,10,Midday,Weekday
T20200011356,2020-06-12,11:30:00,1,Collision with vehicle,5,Friday,130,REAR END(VEHICLES IN SAME LANE),1,655439,Not at intersection,2,70,Arterial Other,SYDNEY,HUME,-37.68435,144.95758,2020,6,June,11,Midday,Weekday
T20200011414,2020-06-12,16:41:00,1,Collision with vehicle,5,Friday,130,REAR END(VEHICLES IN SAME LANE),1,655297,Not at intersection,2,100,Freeway,EASTLINK,DANDENONG,-38.007816,145.1896,2020,6,June,16,Afternoon Peak,Weekday
T20200011444,2020-06-13,12:10:00,1,Collision with vehicle,6,Saturday,130,REAR END(VEHICLES IN SAME LANE),1,773365,Not at intersection,2,80,Freeway,BLACKBURN-MONASH IN,MONASH,-37.894047,145.13998,2020,6,June,12,Midday,Weekend
T20200011528,2020-06-13,22:30:00,2,Struck Pedestrian,6,Saturday,104,PED WALKING WITH TRAFFIC,3,59414,Multiple intersection,3,50,Arterial Highway,MILL STREET -NORTH WESTERN,NORTHERN GRAMPIANS,-36.612347,143.25461,2020,6,June,22,Night,Weekend
T20200011457,2020-06-13,15:30:00,1,Collision with vehicle,6,Saturday,130,REAR END(VEHICLES IN SAME LANE),1,655521,Not at intersection,2,60,Arterial Other,BORONIA,KNOX,-37.861668,145.2775,2020,6,June,15,Afternoon Peak,Weekend