ACCIDENT_NO,ACCIDENT_DATE,ACCIDENT_TIME,ACCIDENT_TYPE,ACCIDENT_TYPE_DESC,DAY_OF_WEEK,DAY_WEEK_DESC,DCA_CODE,DCA_DESC,LIGHT_CONDITION,NODE_ID,ROAD_GEOMETRY_DESC,SEVERITY,SPEED_ZONE,RMA,ROAD_NAME,LGA_NAME,LATITUDE,LONGITUDE,YEAR,MONTH,MONTH_NAME,HOUR,TIME_PERIOD,DAY_TYPE
T20200011513,2020-06-13,09:20:00,4,Collision with a fixed object,6,Saturday,171,LEFT OFF CARRIAGEWAY INTO OBJECT/PARKED VEHICLE,1,47974,Cross intersection,3,60,Local Road,DONALD CAMERON,HUME,-37.630566,144.92827,2020,6,June,9,Morning Peak,Weekend
T20200011517,2020-06-13,11:11:00,8,No collision and no object struck,6,Saturday,184,OUT OF CONTROL ON CARRIAGEWAY (ON BEND),1,773366,Not at intersection,2,80,Local Road,LABERTOUCHE,BAW BAW,-38.073696,145.78833,2020,6,June,11,Midday,Weekend
T20200011520,2020-06-13,18:00:00,1,Collision with vehicle,6,Saturday,130,REAR END(VEHICLES IN SAME LANE),3,729801,Not at intersection,3,60,Local Road,AITKEN,HUME,-37.593353,144.91016,2020,6,June,18,Afternoon Peak,Weekend
T20200011452,2020-06-13,14:37:00,1,Collision with vehicle,6,Saturday,121,RIGHT THROUGH,1,45835,Cross intersection,2,60,Arterial Other,VICTORIA,MELBOURNE,-37.807133,144.96735,2020,6,June,14,Midday,Weekend
T20200011889,2020-06-13,14:30:00,3,Struck animal,6,Saturday,167,STRUCK ANIMAL,1,655789,Y intersection,2,80,Local Road,BASALT,HEPBURN,-37.299675,144.09605,2020,6,June,14,Midday,Weekend
T20200015177,2020-06-13,16:30:00,1,Collision with vehicle,6,Saturday,130,REAR END(VEHICLES IN SAME LANE),1,672499,Not at intersection,3,100,Freeway,PRINCES,WYNDHAM,-37.832764,144.80992,2020,6,June,16,Afternoon Peak,Weekend
T20200011440,2020-06-13,10:05:00,1,Collision with vehicle,6,Saturday,147,VEHICLE STRIKES ANOTHER VEH WHILE EMERGING FROM DRIVEWAY,1,239284,Not at intersection,3,80,Local Road,MELTON,BRIMBANK,-37.69661,144.77834,2020,6,June,10,Midday,Weekend
T20200011458,2020-06-13,16:15:00,1,Collision with vehicle,6,Saturday,160,VEHICLE COLLIDES WITH VEHICLE PARKED ON LEFT OF ROAD,2,666486,Not at intersection,3,40,Local Road,CHAPEL,STONNINGTON,-37.846497,144.9942,2020,6,June,16,Afternoon Peak,Weekend
T20200011463,2020-06-13,16:30:00,1,Collision with vehicle,6,Saturday,130,REAR END(VEHICLES IN SAME LANE),2,655441,Not at intersection,3,60,Arterial Highway,ALBERT,BALLARAT,-37.59142,143.84091,2020,6,June,16,Afternoon Peak,Weekend
T20200011467,2020-06-13,16:10:00,1,Collision with vehicle,6,Saturday,110,CROSS TRAFFIC(INTERSECTIONS ONLY),1,58180,Cross intersection,2,100,Arterial Highway,STURT,MILDURA,-34.228348,141.99702,2020,6,June,16,Afternoon Peak,Weekend
T20200011442,2020-06-13,11:14:00,1,Collision with vehicle,6,Saturday,147,VEHICLE STRIKES ANOTHER VEH WHILE EMERGING FROM DRIVEWAY,1,657159,Cross intersection,2,80,Arterial Highway,NEPEAN,MORNINGTON PENINSULA,-38.218742,145.05893,2020,6,June,11,Midday,Weekend
T20200011484,2020-06-13,19:30:00,4,Collision with a fixed object,6,Saturday,173,RIGHT OFF CARRIAGEWAY INTO OBJECT/PARKED VEHICLE,5,655357,Not at intersection,2,100,Arterial Other,NHILL-HARROW,WEST WIMMERA,-37.018158,141.60313,2020,6,June,19,Night,Weekend
T20200012427,2020-06-13,15:17:00,1,Collision with vehicle,6,Saturday,121,RIGHT THROUGH,1,666487,Not at intersection,3,50,Arterial Other,POWER,BOROONDARA,-37.820107,145.02666,2020,6,June,15,Afternoon Peak,Weekend
T20200011586,2020-06-13,20:00:00,4,Collision with a fixed object,6,Saturday,173,RIGHT OFF CARRIAGEWAY INTO OBJECT/PARKED VEHICLE,5,780631,Not at intersection,3,40,Local Road,MAINTONGOON,MURRINDINDI,-37.125233,145.77646,2020,6,June,20,Night,Weekend
T20200012575,2020-06-13,08:00:00,3,Struck animal,6,Saturday,167,STRUCK ANIMAL,1,657768,Not at intersection,3,100,Arterial Other,BRIDGEWATER-DUNOLLY,LODDON,-36.82596,143.75912,2020,6,June,8,Morning Peak,Weekend
T20200011562,2020-06-13,10:00:00,1,Collision with vehicle,6,Saturday,163,VEHICLE STRIKES DOOR OF PARKED/STATIONARY VEHICLE,1,657201,Not at intersection,2,60,Local Road,KOOYONG,GLEN EIRA,-37.881676,145.01581,2020,6,June,10,Midday,Weekend
T20200011481,2020-06-13,19:40:00,1,Collision with vehicle,6,Saturday,160,VEHICLE COLLIDES WITH VEHICLE PARKED ON LEFT OF ROAD,3,657593,Not at intersection,2,60,Local Road,ARTHUR,BRIMBANK,-37.737926,144.80107,2020,6,June,19,Night,Weekend
T20200011606,2020-06-13,22:26:00,1,Collision with vehicle,6,Saturday,139,OTHER SAME DIRECTION-MANOUEVRES NOT INCLUDED IN DCAs 130-137,3,655694,Not at intersection,3,70,Arterial Highway,HODDLE,YARRA,-37.80111,144.99278,2020,6,June,22,Night,Weekend
T20200011739,2020-06-13,15:25:00,1,Collision with vehicle,6,Saturday,130,REAR END(VEHICLES IN SAME LANE),1,655532,Not at intersection,3,80,Freeway,PRINCES,HOBSONS BAY,-37.840057,144.79523,2020,6,June,15,Afternoon Peak,Weekend
T20200011482,2020-06-13,21:15:00,1,Collision with vehicle,6,Saturday,110,CROSS TRAFFIC(INTERSECTIONS ONLY),3,658392,Cross intersection,3,80,Arterial Highway,MAROONDAH,YARRA RANGES,-37.76137,145.31064,2020,6,June,21,Night,Weekend
T20200011485,2020-06-13,22:55:00,2,Struck Pedestrian,6,Saturday,100,PED NEAR SIDE. PED HIT BY VEHICLE FROM THE RIGHT.,3,38709,Cross intersection,3,60,Arterial Other,BALLARAT,MARIBYRNONG,-37.791183,144.8895,2020,6,June,22,Night,Weekend
T20200011470,2020-06-13,16:53:00,1,Collision with vehicle,6,Saturday,113,RIGHT NEAR (INTERSECTIONS ONLY),2,54078,T intersection,2,80,Arterial Other,PAKENHAM,CARDINIA,-38.060013,145.4733,2020,6,June,16,Afternoon Peak,Weekend
T20200012335,2020-06-13,08:05:00,1,Collision with vehicle,6,Saturday,110,CROSS TRAFFIC(INTERSECTIONS ONLY),1,49241,Cross intersection,3,60,Arterial Other,STURT,BALLARAT,-37.560368,143.84294,2020,6,June,8,Morning Peak,Weekend
T20200011471,2020-06-13,18:00:00,1,Collision with vehicle,6,Saturday,160,VEHICLE COLLIDES WITH VEHICLE PARKED ON LEFT OF ROAD,3,655298,Not at intersection,3,40,Arterial Other,SYDNEY,MORELAND,-37.76098,144.96317,2020,6,June,18,Afternoon Peak,Weekend
T20200011473,2020-06-13,19:20:00,1,Collision with vehicle,6,Saturday,110,CROSS TRAFFIC(INTERSECTIONS ONLY),3,44593,Cross intersection,3,60,Arterial Other,LA TROBE,BALLARAT,-37.572754,143.83662,2020,6,June,19,Night,Weekend
T20200017701,2020-06-13,11:00:00,6,Vehicle overturned (no collision),6,Saturday,174,OUT OF CONTROL ON CARRIAGEWAY (ON STRAIGHT),1,664180,T intersection,3,100,Local Road,BLACK CREEK 2,MANSFIELD,-36.946926,145.88904,2020,6,June,11,Midday,Weekend
T20200011677,2020-06-13,14:00:00,5,collision with some other object,6,Saturday,166,STRUCK OBJECT ON CARRIAGEWAY,1,275172,Not at intersection,2,100,Local Road,13 MILE,WELLINGTON,-38.287167,146.84415,2020,6,June,14,Midday,Weekend
T20200011426,2020-06-13,00:44:00,4,Collision with a fixed object,6,Saturday,171,LEFT OFF CARRIAGEWAY INTO OBJECT/PARKED VEHICLE,3,666317,Not at intersection,3,50,Local Road,CAIRNS,CASEY,-38.040123,145.26134,2020,6,June,0,Late Night,Weekend
T20200011479,2020-06-13,21:05:00,2,Struck Pedestrian,6,Saturday,102,FAR SIDE. PED HIT BY VEHICLE FROM THE LEFT,3,657669,T intersection,2,50,Local Road,ROBINSON,DANDENONG,-37.98294,145.2118,2020,6,June,21,Night,Weekend
T20200011456,2020-06-13,09:55:00,1,Collision with vehicle,6,Saturday,130,REAR END(VEHICLES IN SAME LANE),1,655188,Not at intersection,1,100,Arterial Other,GRETA,WANGARATTA,-36.417255,146.29587,2020,6,June,9,Morning Peak,Weekend
T20200011557,2020-06-14,22:20:00,4,Collision with a fixed object,7,Sunday,164,PERMANENT OBSTRUCTION ON CARRIAGEWAY,5,677485,Not at intersection,2,100,Local Road,YARRAWALLA EAST,LODDON,-36.178093,144.06454,2020,6,June,22,Night,Weekend
T20200011532,2020-06-14,17:00:00,1,Collision with vehicle,7,Sunday,130,REAR END(VEHICLES IN SAME LANE),3,245408,Not at intersection,3,80,Arterial Other,PRINCES,CARDINIA,-38.061096,145.4151,2020,6,June,17,Afternoon Peak,Weekend
T20200011746,2020-06-14,19:39:00,4,Collision with a fixed object,7,Sunday,173,RIGHT OFF CARRIAGEWAY INTO OBJECT/PARKED VEHICLE,3,666489,Not at intersection,3,60,Local Road,CAROLINE SPRINGS,MELTON,-37.75373,144.7402,2020,6,June,19,Night,Weekend
T20200011694,2020-06-14,15:30:00,6,Vehicle overturned (no collision),7,Sunday,174,OUT OF CONTROL ON CARRIAGEWAY (ON STRAIGHT),1,666599,Not at intersection,2,60,Local Road,PARWAN SOUTH,MOORABOOL,-37.742218,144.46545,2020,6,June,15,Afternoon Peak,Weekend
T20200011491,2020-06-14,04:03:00,4,Collision with a fixed object,7,Sunday,183,OFF LEFT BEND INTO OBJECT/PARKED VEHICLE,5,658319,Not at intersection,2,100,Arterial Other,BACCHUS MARSH,MACEDON RANGES,-37.490158,144.568,2020,6,June,4,Late Night,Weekend
T20200011494,2020-06-14,02:28:00,2,Struck Pedestrian,7,Sunday,109,ANY MANOEUVRE INVOLVING PED NOT INCLUDED IN DCAs 100-108.,3,666491,T intersection,3,50,Local Road,ASHFIELD,CASEY,-38.051414,145.33693,2020,6,June,2,Late Night,Weekend
T20200011502,2020-06-14,06:20:00,4,Collision with a fixed object,7,Sunday,171,LEFT OFF CARRIAGEWAY INTO OBJECT/PARKED VEHICLE,5,666488,Not at intersection,2,100,Arterial Other,CONDAH-COLERAINE,SOUTHERN GRAMPIANS,-37.770145,141.72546,2020,6,June,6,Morning Peak,Weekend
T20200011506,2020-06-14,13:05:00,1,Collision with vehicle,7,Sunday,130,REAR END(VEHICLES IN SAME LANE),1,655300,Not at intersection,3,80,Arterial Other,HUME,HUME,-37.641,144.95108,2020,6,June,13,Midday,Weekend
T20200011509,2020-06-14,12:48:00,8,No collision and no object struck,7,Sunday,170,OFF CARRIAGEWAY TO LEFT,1,657670,Multiple intersection,2,80,Freeway,SUNSHINE,BRIMBANK,-37.702053,144.80214,2020,6,June,12,Midday,Weekend
T20200011511,2020-06-14,08:40:00,1,Collision with vehicle,7,Sunday,116,LEFT NEAR (INTERSECTIONS ONLY),1,37566,T intersection,2,40,Arterial Other,CANTERBURY,PORT PHILLIP,-37.84835,144.96373,2020,6,June,8,Morning Peak,Weekend
T20200011514,2020-06-14,12:41:00,4,Collision with a fixed object,7,Sunday,171,LEFT OFF CARRIAGEWAY INTO OBJECT/PARKED VEHICLE,1,666490,Not at intersection,3,100,Local Road,LOCKINGTON,CAMPASPE,-36.39565,144.53012,2020,6,June,12,Midday,Weekend
T20200011522,2020-06-14,15:00:00,1,Collision with vehicle,7,Sunday,113,RIGHT NEAR (INTERSECTIONS ONLY),1,225712,Cross intersection,2,80,Freeway,PLENTY VALLEY,WHITTLESEA,-37.686172,145.06775,2020,6,June,15,Afternoon Peak,Weekend
T20200011524,2020-06-14,14:30:00,1,Collision with vehicle,7,Sunday,135,LANE CHANGE LEFT (NOT OVERTAKING),1,659932,Not at intersection,2,60,Arterial Other,FLEMINGTON,MELBOURNE,-37.79677,144.95142,2020,6,June,14,Midday,Weekend
T20200013375,2020-06-14,13:30:00,1,Collision with vehicle,7,Sunday,132,RIGHT REAR.,1,657517,Not at intersection,3,80,Arterial Highway,PRINCES,MOYNE,-38.338425,142.32341,2020,6,June,13,Midday,Weekend
T20200011647,2020-06-14,11:45:00,1,Collision with vehicle,7,Sunday,132,RIGHT REAR.,1,657595,Not at intersection,3,60,Arterial Other,BAY,KINGSTON,-37.957336,145.05109,2020,6,June,11,Midday,Weekend
T20200011638,2020-06-14,18:47:00,1,Collision with vehicle,7,Sunday,116,LEFT NEAR (INTERSECTIONS ONLY),3,655746,T intersection,3,70,Arterial Other,CENTRE,KINGSTON,-37.92962,145.12764,2020,6,June,18,Afternoon Peak,Weekend
T20200011681,2020-06-14,21:00:00,6,Vehicle overturned (no collision),7,Sunday,170,OFF CARRIAGEWAY TO LEFT,5,659283,Not at intersection,2,100,Local Road,BEARII-MYWEE,MOIRA,-35.875805,145.40332,2020,6,June,21,Night,Weekend
T20200011555,2020-06-14,16:30:00,3,Struck animal,7,Sunday,167,STRUCK ANIMAL,1,655443,Not at intersection,3,50,Local Road,MAINTONGOON,MURRINDINDI,-37.13096,145.79478,2020,6,June,16,Afternoon Peak,Weekend
T20200011539,2020-06-14,20:39:00,4,Collision with a fixed object,7,Sunday,183,OFF LEFT BEND INTO OBJECT/PARKED VEHICLE,5,750444,Not at intersection,2,40,Local Road,UNNAMED,HOBSONS BAY,-37.87116,144.9049,2020,6,June,20,Night,Weekend
T20200011534,2020-06-14,15:35:00,1,Collision with vehicle,7,Sunday,147,VEHICLE STRIKES ANOTHER VEH WHILE EMERGING FROM DRIVEWAY,1,672188,Not at intersection,2,60,Arterial Other,DERRIMUT,WYNDHAM,-37.836365,144.69067,2020,6,June,15,Afternoon Peak,Weekend
T20200011621,2020-06-15,20:10:00,1,Collision with vehicle,1,Monday,130,REAR END(VEHICLES IN SAME LANE),3,729803,Not at intersection,2,80,Freeway,WEST GATE IN-KINGS,MELBOURNE,-37.828175,144.95784,2020,6,June,20,Night,Weekday
T20200011706,2020-06-15,22:45:00,1,Collision with vehicle,1,Monday,120,HEAD ON (NOT OVERTAKING),9,42403,T intersection,3,60,Arterial Other,CLAYTON,MONASH,-37.925488,145.11966,2020,6,June,22,Night,Weekday
T20200011629,2020-06-15,20:45:00,1,Collision with vehicle,1,Monday,154,PULLING OUT -REAR END,5,655695,Not at intersection,2,60,Local Road,BRIDGEWATER,HUME,-37.604492,144.92899,2020,6,June,20,Night,Weekday
T20200012893,2020-06-15,15:30:00,1,Collision with vehicle,1,Monday,160,VEHICLE COLLIDES WITH VEHICLE PARKED ON LEFT OF ROAD,1,666814,Not at intersection,2,50,Local Road,NYAH,MOONEE VALLEY,-37.732563,144.86842,2020,6,June,15,Afternoon Peak,Weekday
T20200011630,2020-06-15,21:58:00,1,Collision with vehicle,1,Monday,121,RIGHT THROUGH,3,35718,Cross intersection,2,70,Arterial Other,JOHNSTONE,HUME,-37.683914,144.91374,2020,6,June,21,Night,Weekday
T20200011597,2020-06-15,15:30:00,1,Collision with vehicle,1,Monday,130,REAR END(VEHICLES IN SAME LANE),1,42201,T intersection,3,60,Arterial Other,BAY,BAYSIDE,-37.95666,145.0455,2020,6,June,15,Afternoon Peak,Weekday
T20200011550,2020-06-15,07:15:00,7,Fall from or in moving vehicle,1,Monday,190,FELL IN/FROM VEHICLE,2,656116,Not at intersection,3,50,Local Road,ODESSA,BRIMBANK,-37.7156,144.81073,2020,6,June,7,Morning Peak,Weekday
T20200011598,2020-06-15,14:10:00,4,Collision with a fixed object,1,Monday,171,LEFT OFF CARRIAGEWAY INTO OBJECT/PARKED VEHICLE,1,658126,Not at intersection,2,80,Arterial Other,GEMBROOK,CARDINIA,-37.999508,145.52585,2020,6,June,14,Midday,Weekday
T20200011611,2020-06-15,17:15:00,1,Collision with vehicle,1,Monday,130,REAR END(VEHICLES IN SAME LANE),3,729561,Not at intersection,2,80,Arterial Highway,DANDENONG,DANDENONG,-38.00061,145.18716,2020,6,June,17,Afternoon Peak,Weekday
T20200011632,2020-06-15,23:30:00,4,Collision with a fixed object,1,Monday,183,OFF LEFT BEND INTO OBJECT/PARKED VEHICLE,5,660507,T intersection,3,80,Arterial Other,ELTHAM-YARRA GLEN,NILLUMBIK,-37.702305,145.2122,2020,6,June,23,Night,Weekday
T20200011600,2020-06-15,16:15:00,1,Collision with vehicle,1,Monday,147,VEHICLE STRIKES ANOTHER VEH WHILE EMERGING FROM DRIVEWAY,1,658622,Not at intersection,2,60,Arterial Other,BEACH,BAYSIDE,-37.977592,145.01686,2020,6,June,16,Afternoon Peak,Weekday
T20200011601,2020-06-15,15:58:00,1,Collision with vehicle,1,Monday,130,REAR END(VEHICLES IN SAME LANE),1,655524,Not at intersection,3,100,Freeway,MONASH,CASEY,-38.022667,145.31458,2020,6,June,15,Afternoon Peak,Weekday
T20200014234,2020-06-15,17:15:00,4,Collision with a fixed object,1,Monday,171,LEFT OFF CARRIAGEWAY INTO OBJECT/PARKED VEHICLE,2,50119,Cross intersection,3,60,Arterial Other,NORTH VALLEY,GEELONG,-38.17252,144.31859,2020,6,June,17,Afternoon Peak,Weekday
T20200011614,2020-06-15,14:45:00,1,Collision with vehicle,1,Monday,111,RIGHT FAR (INTERSECTIONS ONLY),1,312612,Cross intersection,2,60,Arterial Other,MOUNT DANDENONG TOURIST,YARRA RANGES,-37.81008,145.3427,2020,6,June,14,Midday,Weekday
T20200015854,2020-06-15,15:44:00,1,Collision with vehicle,1,Monday,120,HEAD ON (NOT OVERTAKING),1,773510,Not at intersection,3,60,Arterial Highway,MIDLAND,SHEPPARTON,-36.383015,145.38872,2020,6,June,15,Afternoon Peak,Weekday
T20200011604,2020-06-15,15:15:00,1,Collision with vehicle,1,Monday,163,VEHICLE STRIKES DOOR OF PARKED/STATIONARY VEHICLE,1,293740,Not at intersection,3,40,Local Road,CHAPEL,STONNINGTON,-37.85125,144.99345,2020,6,June,15,Afternoon Peak,Weekday
T20200012195,2020-06-15,16:00:00,1,Collision with vehicle,1,Monday,162,ACCIDENT OR BROKEN DOWN,1,729318,Not at intersection,3,80,Arterial Other,PORTARLINGTON,GEELONG,-38.178905,144.49599,2020,6,June,16,Afternoon Peak,Weekday
T20200011573,2020-06-15,11:55:00,1,Collision with vehicle,1,Monday,121,RIGHT THROUGH,1,30005,Cross intersection,3,50,Arterial Highway,RAGLAN,WARRNAMBOOL,-38.380535,142.48593,2020,6,June,11,Midday,Weekday
T20200011544,2020-06-15,05:45:00,4,Collision with a fixed object,1,Monday,171,LEFT OFF CARRIAGEWAY INTO OBJECT/PARKED VEHICLE,2,750443,Not at intersection,2,70,Local Road,POWER,CASEY,-37.963215,145.2471,2020,6,June,5,Morning Peak,Weekday
T20200011634,2020-06-15,23:30:00,3,Struck animal,1,Monday,167,STRUCK ANIMAL,5,657079,T intersection,3,80,Local Road,OFFICER,CARDINIA,-38.0429,145.41974,2020,6,June,23,Night,Weekday
T20200012377,2020-06-15,15:30:00,1,Collision with vehicle,1,Monday,130,REAR END(VEHICLES IN SAME LANE),1,656805,T intersection,3,50,Local Road,KINGLAKE-GLENBURN,MURRINDINDI,-37.5221,145.35117,2020,6,June,15,Afternoon Peak,Weekday
T20200011652,2020-06-15,17:15:00,1,Collision with vehicle,1,Monday,130,REAR END(VEHICLES IN SAME LANE),2,37775,Cross intersection,3,50,Arterial Other,ALEXANDRA,STONNINGTON,-37.831493,145.01245,2020,6,June,17,Afternoon Peak,Weekday
T20200011575,2020-06-15,10:35:00,4,Collision with a fixed object,1,Monday,173,RIGHT OFF CARRIAGEWAY INTO OBJECT/PARKED VEHICLE,1,655609,Not at intersection,2,100,Local Road,LECKY,CARDINIA,-38.08322,145.41179,2020,6,June,10,Midday,Weekday
T20200011579,2020-06-15,12:50:00,4,Collision with a fixed object,1,Monday,171,LEFT OFF CARRIAGEWAY INTO OBJECT/PARKED VEHICLE,1,666600,Not at intersection,2,80,Arterial Other,MARYBOROUGH-DUNOLLY,CENTRAL GOLDFIELDS,-36.924152,143.75618,2020,6,June,12,Midday,Weekday
T20200011568,2020-06-15,09:20:00,4,Collision with a fixed object,1,Monday,171,LEFT OFF CARRIAGEWAY INTO OBJECT/PARKED VEHICLE,1,658012,Not at intersection,2,60,Arterial Other,FORSTER,MONASH,-37.89045,145.13097,2020,6,June,9,Morning Peak,Weekday
T20200011622,2020-06-15,18:40:00,1,Collision with vehicle,1,Monday,160,VEHICLE COLLIDES WITH VEHICLE PARKED ON LEFT OF ROAD,3,655448,Not at intersection,2,60,Local Road,MCCORMICKS,FRANKSTON,-38.091465,145.19923,2020,6,June,18,Afternoon Peak,Weekday
T20200012562,2020-06-15,19:45:00,1,Collision with vehicle,1,Monday,160,VEHICLE COLLIDES WITH VEHICLE PARKED ON LEFT OF ROAD,3,656428,Not at intersection,2,50,Local Road,BLADIN,HOBSONS BAY,-37.849747,144.77438,2020,6,June,19,Night,Weekday
T20200011859,2020-06-15,16:00:00,8,No collision and no object struck,1,Monday,174,OUT OF CONTROL ON CARRIAGEWAY (ON STRAIGHT),1,655697,T intersection,3,100,Local Road,CONNS,EAST GIPPSLAND,-37.486736,147.81169,2020,6,June,16,Afternoon Peak,Weekday
T20200011623,2020-06-15,17:00:00,1,Collision with vehicle,1,Monday,113,RIGHT NEAR (INTERSECTIONS ONLY),2,657594,T intersection,2,50,Local Road,BESLEY,DANDENONG,-37.986816,145.22667,2020,6,June,17,Afternoon Peak,Weekday
T20200011576,2020-06-15,13:09:00,6,Vehicle overturned (no collision),1,Monday,174,OUT OF CONTROL ON CARRIAGEWAY (ON STRAIGHT),1,655444,Not at intersection,2,60,Arterial Other,RIVERSDALE,BOROONDARA,-37.832623,145.06775,2020,6,June,13,Midday,Weekday
T20200011589,2020-06-15,14:55:00,2,Struck Pedestrian,1,Monday,101,PED EMERGES FROM IN FRONT OF PARKED OR STATIONARY VEHICLE,1,655447,Not at intersection,3,40,Arterial Other,SERVICE,EAST GIPPSLAND,-37.826004,147.62927,2020,6,June,14,Midday,Weekday
T20200011608,2020-06-15,15:30:00,1,Collision with vehicle,1,Monday,148,VEHICLE OFF FOOTPATH STRIKES VEH ON CARRIAGEWAY,1,61818,Cross intersection,2,80,Freeway,COBURNS-WESTERN OUT,MELTON,-37.692173,144.56668,2020,6,June,15,Afternoon Peak,Weekday
T20200011655,2020-06-15,08:10:00,1,Collision with vehicle,1,Monday,130,REAR END(VEHICLES IN SAME LANE),1,655526,Not at intersection,3,100,Freeway,MCGREGOR-PRINCES IN,CARDINIA,-38.091206,145.46819,2020,6,June,8,Morning Peak,Weekday
T20200011595,2020-06-15,16:45:00,1,Collision with vehicle,1,Monday,132,RIGHT REAR.,9,583552,Cross intersection,3,60,Arterial Other,GALLAGHERS,MONASH,-37.875748,145.17896,2020,6,June,16,Afternoon Peak,Weekday
T20200012097,2020-06-15,12:45:00,1,Collision with vehicle,1,Monday,111,RIGHT FAR (INTERSECTIONS ONLY),1,657887,T intersection,3,60,Local Road,BURWOOD,BOROONDARA,-37.824898,145.05423,2020,6,June,12,Midday,Weekday
T20200011578,2020-06-15,10:40:00,1,Collision with vehicle,1,Monday,120,HEAD ON (NOT OVERTAKING),1,656702,Not at intersection,2,80,Arterial Other,OAKLANDS,HUME,-37.63469,144.83482,2020,6,June,10,Midday,Weekday
T20200012534,2020-06-15,12:30:00,1,Collision with vehicle,1,Monday,110,CROSS TRAFFIC(INTERSECTIONS ONLY),1,226243,Cross intersection,2,60,Local Road,KENNEWELL,BENDIGO,-36.72079,144.30426,2020,6,June,12,Midday,Weekday
T20200011553,2020-06-15,07:13:00,2,Struck Pedestrian,1,Monday,100,PED NEAR SIDE. PED HIT BY VEHICLE FROM THE RIGHT.,1,7733,Cross intersection,2,60,Arterial Other,MILLERS,HOBSONS BAY,-37.82698,144.84894,2020,6,June,7,Morning Peak,Weekday
T20200011617,2020-06-15,18:03:00,1,Collision with vehicle,1,Monday,121,RIGHT THROUGH,3,931,Cross intersection,3,80,Arterial Highway,FRANKSTON-DANDENONG,FRANKSTON,-38.09948,145.17279,2020,6,June,18,Afternoon Peak,Weekday
T20200011616,2020-06-15,18:33:00,4,Collision with a fixed object,1,Monday,173,RIGHT OFF CARRIAGEWAY INTO OBJECT/PARKED VEHICLE,5,655744,Not at intersection,2,80,Local Road,KANGAROO GULLY,BENDIGO,-36.806145,144.2499,2020,6,June,18,Afternoon Peak,Weekday
T20200011613,2020-06-15,08:00:00,1,Collision with vehicle,1,Monday,113,RIGHT NEAR (INTERSECTIONS ONLY),2,56324,T intersection,2,60,Local Road,HORSESHOE BEND,SURF COAST,-38.30285,144.3409,2020,6,June,8,Morning Peak,Weekday
T20200011773,2020-06-16,09:00:00,1,Collision with vehicle,2,Tuesday,130,REAR END(VEHICLES IN SAME LANE),1,667282,T intersection,3,70,Arterial Other,MANNINGHAM,MANNINGHAM,-37.76827,145.09618,2020,6,June,9,Morning Peak,Weekday
T20200011710,2020-06-16,09:03:00,1,Collision with vehicle,2,Tuesday,130,REAR END(VEHICLES IN SAME LANE),1,658092,Not at intersection,3,60,Local Road,CHEDDAR,DAREBIN,-37.703815,145.01678,2020,6,June,9,Morning Peak,Weekday
T20200011639,2020-06-16,06:30:00,1,Collision with vehicle,2,Tuesday,135,LANE CHANGE LEFT (NOT OVERTAKING),3,655787,Not at intersection,3,100,Freeway,MONASH,DANDENONG,-37.964508,145.23169,2020,6,June,6,Morning Peak,Weekday
T20200012211,2020-06-16,17:30:00,6,Vehicle overturned (no collision),2,Tuesday,182,OFF CARRIAGEWAY ON LEFT BEND,5,44087,Cross intersection,2,60,Arterial Other,BITTERN-DROMANA ROAD -DUNNS CREEK,MORNINGTON PENINSULA,-38.3552,145.05444,2020,6,June,17,Afternoon Peak,Weekday
T20230018444,2020-06-16,14:00:00,1,Collision with vehicle,2,Tuesday,120,HEAD ON (NOT OVERTAKING),9,778558,Not at intersection,3,60,Arterial Other,GEMBROOK-LAUNCHING PLACE,CARDINIA,-37.912434,145.57396,2020,6,June,14,Midday,Weekday
T20200011730,2020-06-16,11:11:00,1,Collision with vehicle,2,Tuesday,140,U TURN,1,44572,Not at intersection,3,60,Arterial Other,WATERDALE,BANYULE,-37.73152,145.04965,2020,6,June,11,Midday,Weekday
T20210017747,2020-06-16,13:28:00,1,Collision with vehicle,2,Tuesday,130,REAR END(VEHICLES IN SAME LANE),9,44907,T intersection,3,60,Arterial Other,STATION,BRIMBANK,-37.77123,144.77461,2020,6,June,13,Midday,Weekday
T20200011683,2020-06-16,15:10:00,7,Fall from or in moving vehicle,2,Tuesday,199,UNKNOWN-NO DETAILS ON MANOEUVRES OF ROAD-USERS IN ACCIDENT,1,655451,Not at intersection,3,40,Local Road,FITZGIBBON,MELBOURNE,-37.79599,144.95674,2020,6,June,15,Afternoon Peak,Weekday
T20200011680,2020-06-16,12:55:00,1,Collision with vehicle,2,Tuesday,130,REAR END(VEHICLES IN SAME LANE),1,658623,Not at intersection,3,50,Arterial Highway,POINT NEPEAN,MORNINGTON PENINSULA,-38.355923,144.9035,2020,6,June,12,Midday,Weekday
T20200012292,2020-06-16,15:50:00,1,Collision with vehicle,2,Tuesday,135,LANE CHANGE LEFT (NOT OVERTAKING),1,656127,Not at intersection,3,100,Freeway,MONASH,CASEY,-37.97642,145.23914,2020,6,June,15,Afternoon Peak,Weekday
T20200011874,2020-06-16,15:17:00,1,Collision with vehicle,2,Tuesday,130,REAR END(VEHICLES IN SAME LANE),1,659340,Not at intersection,3,80,Freeway,WEST GATE,MELBOURNE,-37.8277,144.96127,2020,6,June,15,Afternoon Peak,Weekday
T20200011672,2020-06-16,12:22:00,4,Collision with a fixed object,2,Tuesday,175,OFF END OF ROAD/T-INTERSECTION.,1,780640,T intersection,3,40,Local Road,HUGH KING,MILDURA,-34.174355,142.15984,2020,6,June,12,Midday,Weekday