ACCIDENT_NO,ACCIDENT_DATE,ACCIDENT_TIME,ACCIDENT_TYPE,ACCIDENT_TYPE_DESC,DAY_OF_WEEK,DAY_WEEK_DESC,DCA_CODE,DCA_DESC,LIGHT_CONDITION,NODE_ID,ROAD_GEOMETRY_DESC,SEVERITY,SPEED_ZONE,RMA,ROAD_NAME,LGA_NAME,LATITUDE,LONGITUDE,YEAR,MONTH,MONTH_NAME,HOUR,TIME_PERIOD,DAY_TYPE
T20200011656,2020-06-16,10:14:00,1,Collision with vehicle,2,Tuesday,130,REAR END(VEHICLES IN SAME LANE),1,663763,Not at intersection,3,40,Arterial Other,MELBOURNE LANCEFIELD,MACEDON RANGES,-37.4125,144.74895,2020,6,June,10,Midday,Weekday
T20200011696,2020-06-16,16:42:00,1,Collision with vehicle,2,Tuesday,133,LANE SIDE SWIPE (VEHICLES IN PARALLEL LANES),2,665935,Not at intersection,2,50,Local Road,KAROO,KNOX,-37.90686,145.27234,2020,6,June,16,Afternoon Peak,Weekday
T20200011660,2020-06-16,10:20:00,5,collision with some other object,2,Tuesday,191,LOAD OR MISSILE STRUCK VEHICLE,1,656262,Not at intersection,3,60,Arterial Other,PLENTY,DAREBIN,-37.725327,145.02301,2020,6,June,10,Midday,Weekday
T20200011737,2020-06-16,16:20:00,1,Collision with vehicle,2,Tuesday,135,LANE CHANGE LEFT (NOT OVERTAKING),1,656329,Not at intersection,2,60,Arterial Other,SYDNEY,HUME,-37.69053,144.95839,2020,6,June,16,Afternoon Peak,Weekday
T20200011698,2020-06-16,19:12:00,4,Collision with a fixed object,2,Tuesday,171,LEFT OFF CARRIAGEWAY INTO OBJECT/PARKED VEHICLE,3,666912,Not at intersection,2,60,Local Road,ROXBURGH PARK,HUME,-37.63412,144.92055,2020,6,June,19,Night,Weekday
T20200011700,2020-06-16,18:40:00,1,Collision with vehicle,2,Tuesday,121,RIGHT THROUGH,3,39371,Cross intersection,3,60,Arterial Other,CANTERBURY,WHITEHORSE,-37.830406,145.1363,2020,6,June,18,Afternoon Peak,Weekday
T20200011659,2020-06-16,08:20:00,1,Collision with vehicle,2,Tuesday,135,LANE CHANGE LEFT (NOT OVERTAKING),1,655399,Not at intersection,1,100,Freeway,MONASH,CASEY,-37.978558,145.24167,2020,6,June,8,Morning Peak,Weekday
T20200011671,2020-06-16,11:52:00,1,Collision with vehicle,2,Tuesday,113,RIGHT NEAR (INTERSECTIONS ONLY),1,42956,T intersection,3,60,Arterial Other,CHANDLER,DANDENONG,-37.982098,145.18428,2020,6,June,11,Midday,Weekday
T20200012140,2020-06-16,08:15:00,1,Collision with vehicle,2,Tuesday,130,REAR END(VEHICLES IN SAME LANE),1,655946,Not at intersection,3,100,Arterial Highway,PRINCES,WARRNAMBOOL,-38.384373,142.61525,2020,6,June,8,Morning Peak,Weekday
T20200013614,2020-06-16,23:45:00,1,Collision with vehicle,2,Tuesday,110,CROSS TRAFFIC(INTERSECTIONS ONLY),9,322055,Cross intersection,2,80,Arterial Highway,WARRIGAL,MONASH,-37.89309,145.0882,2020,6,June,23,Night,Weekday
T20200011640,2020-06-16,08:36:00,1,Collision with vehicle,2,Tuesday,110,CROSS TRAFFIC(INTERSECTIONS ONLY),1,53110,Cross intersection,3,50,Local Road,DANA,BALLARAT,-37.562794,143.8456,2020,6,June,8,Morning Peak,Weekday
T20200017168,2020-06-16,08:25:00,1,Collision with vehicle,2,Tuesday,113,RIGHT NEAR (INTERSECTIONS ONLY),1,45652,T intersection,3,80,Arterial Other,MAHONEYS,WHITTLESEA,-37.69154,144.97905,2020,6,June,8,Morning Peak,Weekday
T20200011701,2020-06-16,18:30:00,2,Struck Pedestrian,2,Tuesday,102,FAR SIDE. PED HIT BY VEHICLE FROM THE LEFT,3,62163,T intersection,1,50,Local Road,HENRY,BANYULE,-37.707317,145.10025,2020,6,June,18,Afternoon Peak,Weekday
T20200012902,2020-06-16,17:35:00,1,Collision with vehicle,2,Tuesday,130,REAR END(VEHICLES IN SAME LANE),3,657163,T intersection,3,60,Arterial Other,WAVERLEY,MONASH,-37.88403,145.1216,2020,6,June,17,Afternoon Peak,Weekday
T20200011704,2020-06-16,17:39:00,2,Struck Pedestrian,2,Tuesday,102,FAR SIDE. PED HIT BY VEHICLE FROM THE LEFT,2,656198,T intersection,3,50,Local Road,STATION,WHITTLESEA,-37.659927,145.02103,2020,6,June,17,Afternoon Peak,Weekday
T20200011691,2020-06-16,16:05:00,1,Collision with vehicle,2,Tuesday,130,REAR END(VEHICLES IN SAME LANE),1,655747,Not at intersection,3,70,Local Road,MELBOURNE,MORNINGTON PENINSULA,-38.369404,144.77232,2020,6,June,16,Afternoon Peak,Weekday
T20200011775,2020-06-17,23:30:00,7,Fall from or in moving vehicle,3,Wednesday,190,FELL IN/FROM VEHICLE,3,667511,Not at intersection,3,50,Local Road,STRATHDALE,BENDIGO,-36.765232,144.31125,2020,6,June,23,Night,Weekday
T20200011879,2020-06-17,16:30:00,4,Collision with a fixed object,3,Wednesday,171,LEFT OFF CARRIAGEWAY INTO OBJECT/PARKED VEHICLE,1,655933,Not at intersection,2,50,Local Road,MT BIG BEN,INDIGO,-36.403885,146.94717,2020,6,June,16,Afternoon Peak,Weekday
T20200011753,2020-06-17,15:20:00,1,Collision with vehicle,3,Wednesday,121,RIGHT THROUGH,1,358222,T intersection,2,80,Arterial Highway,SOUTH GIPPSLAND,CASEY,-38.03685,145.24771,2020,6,June,15,Afternoon Peak,Weekday
T20200011751,2020-06-17,15:45:00,1,Collision with vehicle,3,Wednesday,110,CROSS TRAFFIC(INTERSECTIONS ONLY),1,22401,Cross intersection,2,80,Arterial Highway,STURT,MILDURA,-34.230225,142.09785,2020,6,June,15,Afternoon Peak,Weekday
T20200011748,2020-06-17,15:40:00,2,Struck Pedestrian,3,Wednesday,104,PED WALKING WITH TRAFFIC,1,36027,Cross intersection,2,50,Local Road,BLYTH,MORELAND,-37.76656,144.9726,2020,6,June,15,Afternoon Peak,Weekday
T20200011770,2020-06-17,20:00:00,4,Collision with a fixed object,3,Wednesday,181,OFF RIGHT BEND INTO OBJECT/PARKED VEHICLE,3,707486,T intersection,2,60,Local Road,DONALD CAMERON,HUME,-37.629787,144.93102,2020,6,June,20,Night,Weekday
T20200011707,2020-06-17,00:05:00,1,Collision with vehicle,3,Wednesday,153,CUTTING IN (OVERTAKING),3,675302,Not at intersection,3,80,Arterial Highway,STUD,DANDENONG,-37.96644,145.22429,2020,6,June,0,Late Night,Weekday
T20200011716,2020-06-17,08:45:00,1,Collision with vehicle,3,Wednesday,130,REAR END(VEHICLES IN SAME LANE),1,61591,Not at intersection,2,60,Arterial Other,GRANT,MOORABOOL,-37.67641,144.43517,2020,6,June,8,Morning Peak,Weekday
T20200011720,2020-06-17,11:21:00,1,Collision with vehicle,3,Wednesday,110,CROSS TRAFFIC(INTERSECTIONS ONLY),1,35514,Cross intersection,2,60,Arterial Other,MALVERN,STONNINGTON,-37.85466,145.05226,2020,6,June,11,Midday,Weekday
T20200012166,2020-06-17,15:05:00,1,Collision with vehicle,3,Wednesday,130,REAR END(VEHICLES IN SAME LANE),1,235110,Cross intersection,3,80,Arterial Highway,NEPEAN,BAYSIDE,-37.91464,145.01683,2020,6,June,15,Afternoon Peak,Weekday
T20200011735,2020-06-17,08:45:00,1,Collision with vehicle,3,Wednesday,130,REAR END(VEHICLES IN SAME LANE),1,655531,Cross intersection,3,80,Arterial Other,CRANBOURNE ROAD -CRANBOURNE-FRANKSTON,FRANKSTON,-38.156414,145.17072,2020,6,June,8,Morning Peak,Weekday
T20200011810,2020-06-17,09:58:00,1,Collision with vehicle,3,Wednesday,121,RIGHT THROUGH,1,452,Multiple intersection,3,80,Arterial Highway,GEELONG,MARIBYRNONG,-37.811073,144.86969,2020,6,June,9,Morning Peak,Weekday
T20200011732,2020-06-17,09:08:00,1,Collision with vehicle,3,Wednesday,113,RIGHT NEAR (INTERSECTIONS ONLY),1,38188,T intersection,3,60,Arterial Other,UPPER HEIDELBERG,BANYULE,-37.75305,145.05675,2020,6,June,9,Morning Peak,Weekday
T20200011733,2020-06-17,01:30:00,1,Collision with vehicle,3,Wednesday,131,LEFT REAR,9,263,Cross intersection,3,60,Arterial Highway,PUNT,STONNINGTON,-37.83063,144.98784,2020,6,June,1,Late Night,Weekday
T20200011956,2020-06-17,15:20:00,1,Collision with vehicle,3,Wednesday,130,REAR END(VEHICLES IN SAME LANE),1,658093,Cross intersection,3,60,Arterial Other,MT DERRIMUT,BRIMBANK,-37.79842,144.77095,2020,6,June,15,Afternoon Peak,Weekday
T20200012419,2020-06-17,08:40:00,1,Collision with vehicle,3,Wednesday,131,LEFT REAR,1,40443,Multiple intersection,3,60,Arterial Other,MALVERN,STONNINGTON,-37.860073,145.05707,2020,6,June,8,Morning Peak,Weekday
T20200011755,2020-06-17,15:46:00,1,Collision with vehicle,3,Wednesday,116,LEFT NEAR (INTERSECTIONS ONLY),1,71070,T intersection,3,60,Local Road,BERENDS,DANDENONG,-38.03048,145.20241,2020,6,June,15,Afternoon Peak,Weekday
T20200011756,2020-06-17,17:04:00,1,Collision with vehicle,3,Wednesday,132,RIGHT REAR.,2,43099,T intersection,2,60,Local Road,CLOW,DANDENONG,-37.986137,145.22543,2020,6,June,17,Afternoon Peak,Weekday
T20200012038,2020-06-17,15:00:00,1,Collision with vehicle,3,Wednesday,163,VEHICLE STRIKES DOOR OF PARKED/STATIONARY VEHICLE,1,669226,Not at intersection,3,40,Local Road,HAMPTON,HUME,-37.58055,144.92314,2020,6,June,15,Afternoon Peak,Weekday
T20200011723,2020-06-17,11:27:00,1,Collision with vehicle,3,Wednesday,130,REAR END(VEHICLES IN SAME LANE),1,667291,Not at intersection,3,60,Arterial Other,BEACH,BAYSIDE,-37.981983,145.01965,2020,6,June,11,Midday,Weekday
T20200012254,2020-06-17,08:20:00,6,Vehicle overturned (no collision),3,Wednesday,174,OUT OF CONTROL ON CARRIAGEWAY (ON STRAIGHT),1,338050,T intersection,3,60,Arterial Other,ELGAR,WHITEHORSE,-37.80402,145.11739,2020,6,June,8,Morning Peak,Weekday
T20200011786,2020-06-17,07:13:00,4,Collision with a fixed object,3,Wednesday,171,LEFT OFF CARRIAGEWAY INTO OBJECT/PARKED VEHICLE,1,655616,Not at intersection,3,50,Local Road,RACECOURSE,WYNDHAM,-37.904842,144.6399,2020,6,June,7,Morning Peak,Weekday
T20200011983,2020-06-17,10:50:00,2,Struck Pedestrian,3,Wednesday,100,PED NEAR SIDE. PED HIT BY VEHICLE FROM THE RIGHT.,1,657080,Cross intersection,3,60,Local Road,CRAMER,DAREBIN,-37.739056,144.9902,2020,6,June,10,Midday,Weekday
T20200011821,2020-06-18,13:40:00,2,Struck Pedestrian,4,Thursday,102,FAR SIDE. PED HIT BY VEHICLE FROM THE LEFT,1,655618,Cross intersection,2,60,Local Road,INGLES,PORT PHILLIP,-37.834488,144.94756,2020,6,June,13,Midday,Weekday
T20200011801,2020-06-18,11:00:00,4,Collision with a fixed object,4,Thursday,173,RIGHT OFF CARRIAGEWAY INTO OBJECT/PARKED VEHICLE,1,656018,Not at intersection,3,100,Local Road,AVOCA-BEALIBA,PYRENEES,-37.04454,143.47719,2020,6,June,11,Midday,Weekday
T20200013601,2020-06-18,06:45:00,3,Struck animal,4,Thursday,167,STRUCK ANIMAL,5,657831,Not at intersection,3,100,Arterial Other,WALLAN,WHITTLESEA,-37.45556,145.0698,2020,6,June,6,Morning Peak,Weekday
T20200011866,2020-06-18,14:00:00,1,Collision with vehicle,4,Thursday,111,RIGHT FAR (INTERSECTIONS ONLY),1,50635,Cross intersection,3,60,Arterial Highway,HENTY,GLENELG,-38.32367,141.59784,2020,6,June,14,Midday,Weekday
T20200012443,2020-06-18,12:00:00,6,Vehicle overturned (no collision),4,Thursday,174,OUT OF CONTROL ON CARRIAGEWAY (ON STRAIGHT),1,656271,T intersection,2,50,Local Road,HOLDEN,MOONEE VALLEY,-37.7581,144.85576,2020,6,June,12,Midday,Weekday
T20200011808,2020-06-18,12:27:00,1,Collision with vehicle,4,Thursday,147,VEHICLE STRIKES ANOTHER VEH WHILE EMERGING FROM DRIVEWAY,1,263376,Not at intersection,2,60,Arterial Other,HIGH,MELTON,-37.689953,144.60342,2020,6,June,12,Midday,Weekday
T20200012067,2020-06-18,06:00:00,1,Collision with vehicle,4,Thursday,130,REAR END(VEHICLES IN SAME LANE),6,661007,Not at intersection,3,70,Arterial Other,BOUNDARY,WYNDHAM,-37.810505,144.7511,2020,6,June,6,Morning Peak,Weekday
T20200019306,2020-06-18,17:00:00,6,Vehicle overturned (no collision),4,Thursday,174,OUT OF CONTROL ON CARRIAGEWAY (ON STRAIGHT),1,667525,Not at intersection,3,60,Arterial Other,RALEIGH,MARIBYRNONG,-37.7687,144.88892,2020,6,June,17,Afternoon Peak,Weekday
T20200011806,2020-06-18,12:02:00,1,Collision with vehicle,4,Thursday,137,LEFT TURN SIDESWIPE,1,656362,Not at intersection,2,60,Arterial Highway,NEPEAN,KINGSTON,-38.04072,145.10979,2020,6,June,12,Midday,Weekday
T20200014322,2020-06-18,18:20:00,1,Collision with vehicle,4,Thursday,135,LANE CHANGE LEFT (NOT OVERTAKING),3,659071,Not at intersection,3,60,Arterial Other,BLACKSHAWS,HOBSONS BAY,-37.831413,144.85008,2020,6,June,18,Afternoon Peak,Weekday
T20200011794,2020-06-18,08:23:00,1,Collision with vehicle,4,Thursday,136,RIGHT TURN SIDESWIPE,1,663295,Not at intersection,3,50,Local Road,MACARTHUR,MELBOURNE,-37.811687,144.9749,2020,6,June,8,Morning Peak,Weekday
T20200011787,2020-06-18,06:13:00,4,Collision with a fixed object,4,Thursday,171,LEFT OFF CARRIAGEWAY INTO OBJECT/PARKED VEHICLE,5,698691,Not at intersection,3,80,Local Road,TARRANGO,YARRA RANGES,-37.813107,145.65535,2020,6,June,6,Morning Peak,Weekday
T20200011817,2020-06-18,08:30:00,1,Collision with vehicle,4,Thursday,154,PULLING OUT -REAR END,1,88584,Not at intersection,3,60,Arterial Highway,MAROONDAH,MAROONDAH,-37.81688,145.21915,2020,6,June,8,Morning Peak,Weekday
T20200011796,2020-06-18,09:35:00,1,Collision with vehicle,4,Thursday,110,CROSS TRAFFIC(INTERSECTIONS ONLY),1,73920,Cross intersection,3,50,Local Road,BANK,MOYNE,-38.38321,142.23439,2020,6,June,9,Morning Peak,Weekday
T20200011837,2020-06-18,19:40:00,1,Collision with vehicle,4,Thursday,160,VEHICLE COLLIDES WITH VEHICLE PARKED ON LEFT OF ROAD,3,667655,Not at intersection,3,50,Local Road,GLENWRIGHT,YARRA RANGES,-37.778088,145.54102,2020,6,June,19,Night,Weekday
T20200011838,2020-06-18,15:25:00,4,Collision with a fixed object,4,Thursday,173,RIGHT OFF CARRIAGEWAY INTO OBJECT/PARKED VEHICLE,1,659284,Not at intersection,2,60,Arterial Other,BLACKBURN,WHITEHORSE,-37.84657,145.1534,2020,6,June,15,Afternoon Peak,Weekday
T20200011876,2020-06-18,17:25:00,1,Collision with vehicle,4,Thursday,130,REAR END(VEHICLES IN SAME LANE),9,667135,Not at intersection,3,70,Arterial Other,JOHNSTONE,HUME,-37.682358,144.91202,2020,6,June,17,Afternoon Peak,Weekday
T20200011842,2020-06-18,21:27:00,1,Collision with vehicle,4,Thursday,110,CROSS TRAFFIC(INTERSECTIONS ONLY),3,596589,Cross intersection,3,60,Local Road,LEAKES,WYNDHAM,-37.838135,144.73148,2020,6,June,21,Night,Weekday
T20200011843,2020-06-18,16:40:00,1,Collision with vehicle,4,Thursday,113,RIGHT NEAR (INTERSECTIONS ONLY),1,52392,T intersection,1,60,Local Road,LIDDIARD,LATROBE,-38.204514,146.5508,2020,6,June,16,Afternoon Peak,Weekday
T20200011844,2020-06-18,05:43:00,1,Collision with vehicle,4,Thursday,121,RIGHT THROUGH,3,36808,Cross intersection,2,60,Arterial Other,DUDLEY,MELBOURNE,-37.810955,144.94783,2020,6,June,5,Morning Peak,Weekday
T20200011803,2020-06-18,11:02:00,1,Collision with vehicle,4,Thursday,121,RIGHT THROUGH,1,35331,Cross intersection,3,60,Arterial Highway,GREENSBOROUGH,BANYULE,-37.70317,145.08983,2020,6,June,11,Midday,Weekday
T20200011830,2020-06-18,17:15:00,1,Collision with vehicle,4,Thursday,121,RIGHT THROUGH,2,29793,T intersection,3,60,Arterial Other,QUEEN,HOBSONS BAY,-37.87463,144.79128,2020,6,June,17,Afternoon Peak,Weekday
T20200011936,2020-06-18,12:00:00,6,Vehicle overturned (no collision),4,Thursday,174,OUT OF CONTROL ON CARRIAGEWAY (ON STRAIGHT),1,655750,Not at intersection,3,100,Local Road,MAIN,MITCHELL,-37.167534,145.15169,2020,6,June,12,Midday,Weekday
T20200012600,2020-06-18,12:15:00,1,Collision with vehicle,4,Thursday,116,LEFT NEAR (INTERSECTIONS ONLY),1,29527,Cross intersection,3,80,Arterial Other,WHITEHALL,MARIBYRNONG,-37.803185,144.90514,2020,6,June,12,Midday,Weekday
T20200011788,2020-06-18,06:28:00,1,Collision with vehicle,4,Thursday,130,REAR END(VEHICLES IN SAME LANE),3,656417,Not at intersection,2,80,Arterial Highway,SPRINGVALE,DANDENONG,-37.99406,145.14406,2020,6,June,6,Morning Peak,Weekday
T20200011779,2020-06-18,03:00:00,1,Collision with vehicle,4,Thursday,113,RIGHT NEAR (INTERSECTIONS ONLY),3,656456,T intersection,2,80,Arterial Other,FERNTREE GULLY,KNOX,-37.89402,145.25273,2020,6,June,3,Late Night,Weekday
T20200023788,2020-06-18,15:30:00,1,Collision with vehicle,4,Thursday,131,LEFT REAR,1,671556,Not at intersection,3,60,Local Road,CENTENARY,FRANKSTON,-38.110554,145.15938,2020,6,June,15,Afternoon Peak,Weekday
T20200011802,2020-06-18,11:45:00,1,Collision with vehicle,4,Thursday,113,RIGHT NEAR (INTERSECTIONS ONLY),1,292051,T intersection,2,100,Arterial Other,BARWON HEADS,GEELONG,-38.266716,144.45627,2020,6,June,11,Midday,Weekday
T20200011829,2020-06-18,15:15:00,4,Collision with a fixed object,4,Thursday,171,LEFT OFF CARRIAGEWAY INTO OBJECT/PARKED VEHICLE,1,780642,Not at intersection,3,50,Local Road,GEORGE,GLEN EIRA,-37.90946,145.06013,2020,6,June,15,Afternoon Peak,Weekday
T20200011793,2020-06-18,08:30:00,1,Collision with vehicle,4,Thursday,113,RIGHT NEAR (INTERSECTIONS ONLY),1,588856,T intersection,3,70,Arterial Other,FERNTREE GULLY,MONASH,-37.897842,145.1136,2020,6,June,8,Morning Peak,Weekday
T20200011811,2020-06-18,08:00:00,1,Collision with vehicle,4,Thursday,130,REAR END(VEHICLES IN SAME LANE),1,40396,Cross intersection,3,60,Arterial Other,WATTLETREE,STONNINGTON,-37.865112,145.05025,2020,6,June,8,Morning Peak,Weekday
T20200011827,2020-06-18,17:09:00,1,Collision with vehicle,4,Thursday,135,LANE CHANGE LEFT (NOT OVERTAKING),1,655619,Not at intersection,2,60,Arterial Other,BEACONSFIELD,PORT PHILLIP,-37.858192,144.96872,2020,6,June,17,Afternoon Peak,Weekday
T20200011819,2020-06-18,13:43:00,1,Collision with vehicle,4,Thursday,121,RIGHT THROUGH,1,40237,Cross intersection,2,60,Arterial Other,TOORAK,STONNINGTON,-37.84276,145.02293,2020,6,June,13,Midday,Weekday
T20200012028,2020-06-18,11:15:00,1,Collision with vehicle,4,Thursday,136,RIGHT TURN SIDESWIPE,1,667515,Multiple intersection,3,40,Local Road,BOLDREWOOD,DAREBIN,-37.71827,145.02133,2020,6,June,11,Midday,Weekday
T20200011853,2020-06-18,11:45:00,1,Collision with vehicle,4,Thursday,110,CROSS TRAFFIC(INTERSECTIONS ONLY),1,39384,Cross intersection,2,50,Local Road,ADELAIDE,BRIMBANK,-37.741383,144.79424,2020,6,June,11,Midday,Weekday
T20200011820,2020-06-18,15:35:00,1,Collision with vehicle,4,Thursday,121,RIGHT THROUGH,1,667527,Not at intersection,3,50,Arterial Other,HIGH,GEELONG,-38.175526,144.56764,2020,6,June,15,Afternoon Peak,Weekday
T20200011800,2020-06-18,06:00:00,1,Collision with vehicle,4,Thursday,110,CROSS TRAFFIC(INTERSECTIONS ONLY),3,50071,Cross intersection,2,60,Arterial Other,FYANS,GEELONG,-38.163815,144.36162,2020,6,June,6,Morning Peak,Weekday
T20200011899,2020-06-19,15:23:00,1,Collision with vehicle,5,Friday,129,OTHER OPPOSING MANOEUVRES NOT INCLUDED IN DCAs 120-125.,1,655749,Not at intersection,3,60,Local Road,SNEYDES,WYNDHAM,-37.89774,144.6847,2020,6,June,15,Afternoon Peak,Weekday
T20200012360,2020-06-19,08:00:00,1,Collision with vehicle,5,Friday,130,REAR END(VEHICLES IN SAME LANE),1,656207,Not at intersection,3,80,Freeway,PRINCES,HOBSONS BAY,-37.85413,144.77882,2020,6,June,8,Morning Peak,Weekday
T20200013117,2020-06-19,18:00:00,1,Collision with vehicle,5,Friday,130,REAR END(VEHICLES IN SAME LANE),2,244822,Cross intersection,3,100,Freeway,MONASH,CASEY,-37.968254,145.23595,2020,6,June,18,Afternoon Peak,Weekday
T20200012061,2020-06-19,17:40:00,1,Collision with vehicle,5,Friday,140,U TURN,1,780643,Not at intersection,3,60,Arterial Highway,BELL,MORELAND,-37.737648,144.9328,2020,6,June,17,Afternoon Peak,Weekday
T20200012050,2020-06-19,18:44:00,1,Collision with vehicle,5,Friday,130,REAR END(VEHICLES IN SAME LANE),5,659152,Not at intersection,3,100,Freeway,METROPOLITAN RING,WHITTLESEA,-37.68633,145.00832,2020,6,June,18,Afternoon Peak,Weekday
T20200011857,2020-06-19,07:30:00,4,Collision with a fixed object,5,Friday,198,OTHER ACCIDENTS NOT CLASSIFIABLE ELSEWHERE,1,55311,T intersection,2,60,Arterial Highway,SMYTHES,BALLARAT,-37.588043,143.82191,2020,6,June,7,Morning Peak,Weekday
T20200012068,2020-06-19,14:00:00,6,Vehicle overturned (no collision),5,Friday,174,OUT OF CONTROL ON CARRIAGEWAY (ON STRAIGHT),1,44794,T intersection,3,60,Local Road,CALROSSIE,BANYULE,-37.711594,145.13028,2020,6,June,14,Midday,Weekday
T20200011850,2020-06-19,03:45:00,4,Collision with a fixed object,5,Friday,173,RIGHT OFF CARRIAGEWAY INTO OBJECT/PARKED VEHICLE,3,68700,T intersection,3,50,Local Road,FOOTE,BAYSIDE,-37.89215,144.9941,2020,6,June,3,Late Night,Weekday
T20200011912,2020-06-19,20:43:00,4,Collision with a fixed object,5,Friday,173,RIGHT OFF CARRIAGEWAY INTO OBJECT/PARKED VEHICLE,3,658863,Not at intersection,2,80,Arterial Highway,PRINCES,GEELONG,-38.070053,144.37526,2020,6,June,20,Night,Weekday
T20200011938,2020-06-19,17:45:00,1,Collision with vehicle,5,Friday,130,REAR END(VEHICLES IN SAME LANE),3,655934,Not at intersection,3,60,Arterial Other,BULLA,MOONEE VALLEY,-37.741535,144.90845,2020,6,June,17,Afternoon Peak,Weekday
T20200011891,2020-06-19,15:45:00,1,Collision with vehicle,5,Friday,121,RIGHT THROUGH,1,655748,T intersection,3,60,Local Road,DENDY,BAYSIDE,-37.922516,145.02023,2020,6,June,15,Afternoon Peak,Weekday
T20200011858,2020-06-19,08:34:00,1,Collision with vehicle,5,Friday,199,UNKNOWN-NO DETAILS ON MANOEUVRES OF ROAD-USERS IN ACCIDENT,1,655932,Not at intersection,3,60,Arterial Other,SLADEN,CASEY,-38.11333,145.2852,2020,6,June,8,Morning Peak,Weekday
T20200011865,2020-06-19,05:55:00,4,Collision with a fixed object,5,Friday,173,RIGHT OFF CARRIAGEWAY INTO OBJECT/PARKED VEHICLE,5,658026,Not at intersection,2,100,Arterial Other,TRARALGON-MAFFRA,WELLINGTON,-38.012016,146.67528,2020,6,June,5,Morning Peak,Weekday
T20200011870,2020-06-19,06:45:00,1,Collision with vehicle,5,Friday,160,VEHICLE COLLIDES WITH VEHICLE PARKED ON LEFT OF ROAD,2,661562,Not at intersection,2,50,Local Road,CULSHAW,KINGSTON,-37.94481,145.13812,2020,6,June,6,Morning Peak,Weekday
T20200011908,2020-06-19,18:23:00,1,Collision with vehicle,5,Friday,121,RIGHT THROUGH,3,656265,T intersection,2,80,Local Road,PATTERSONS,CASEY,-38.119408,145.33267,2020,6,June,18,Afternoon Peak,Weekday
T20200011897,2020-06-19,16:31:00,1,Collision with vehicle,5,Friday,152,PULLING OUT (OVERTAKING),1,656363,Not at intersection,2,50,Local Road,NEW,HOBSONS BAY,-37.830948,144.86655,2020,6,June,16,Afternoon Peak,Weekday
T20200011907,2020-06-19,19:45:00,2,Struck Pedestrian,5,Friday,104,PED WALKING WITH TRAFFIC,5,667531,Not at intersection,2,80,Arterial Other,BOUNDARY,KINGSTON,-37.96772,145.11139,2020,6,June,19,Night,Weekday
T20200011902,2020-06-19,18:45:00,1,Collision with vehicle,5,Friday,130,REAR END(VEHICLES IN SAME LANE),3,656117,Not at intersection,3,60,Arterial Other,HEATHERTON,DANDENONG,-37.964054,145.16553,2020,6,June,18,Afternoon Peak,Weekday
T20200011901,2020-06-19,18:09:00,1,Collision with vehicle,5,Friday,153,CUTTING IN (OVERTAKING),5,750442,Not at intersection,2,80,Local Road,GOLDEN POINT,MOUNT ALEXANDER,-37.074265,144.27324,2020,6,June,18,Afternoon Peak,Weekday
T20200011900,2020-06-19,18:15:00,1,Collision with vehicle,5,Friday,113,RIGHT NEAR (INTERSECTIONS ONLY),3,40589,T intersection,2,60,Arterial Highway,WARRIGAL,BOROONDARA,-37.866882,145.0927,2020,6,June,18,Afternoon Peak,Weekday
T20200011885,2020-06-19,14:08:00,1,Collision with vehicle,5,Friday,110,CROSS TRAFFIC(INTERSECTIONS ONLY),1,73317,Cross intersection,2,50,Local Road,MULLET,MORNINGTON PENINSULA,-38.311653,145.19498,2020,6,June,14,Midday,Weekday
T20200011884,2020-06-19,10:30:00,1,Collision with vehicle,5,Friday,169,OTHER ON PATH,1,656020,Not at intersection,2,50,Local Road,FERNLEIGH,YARRA RANGES,-37.79696,145.33575,2020,6,June,10,Midday,Weekday
T20200013491,2020-06-19,17:45:00,1,Collision with vehicle,5,Friday,130,REAR END(VEHICLES IN SAME LANE),1,658328,Not at intersection,3,80,Arterial Highway,MAROONDAH,YARRA RANGES,-37.765068,145.30537,2020,6,June,17,Afternoon Peak,Weekday
T20200011881,2020-06-19,13:00:00,6,Vehicle overturned (no collision),5,Friday,174,OUT OF CONTROL ON CARRIAGEWAY (ON STRAIGHT),1,655858,Not at intersection,2,60,Arterial Other,WETHERBY,MANNINGHAM,-37.787693,145.14362,2020,6,June,13,Midday,Weekday
T20200011875,2020-06-19,11:40:00,1,Collision with vehicle,5,Friday,129,OTHER OPPOSING MANOEUVRES NOT INCLUDED IN DCAs 120-125.,1,660873,Not at intersection,2,70,Arterial Other,STATION,BRIMBANK,-37.770065,144.77495,2020,6,June,11,Midday,Weekday
T20200017251,2020-06-19,10:30:00,1,Collision with vehicle,5,Friday,130,REAR END(VEHICLES IN SAME LANE),9,665676,Not at intersection,2,80,Arterial Highway,MAROONDAH,MAROONDAH,-37.78284,145.28426,2020,6,June,10,Midday,Weekday
T20200011942,2020-06-20,12:23:00,1,Collision with vehicle,6,Saturday,132,RIGHT REAR.,1,43067,T intersection,2,60,Arterial Other,HEATHERTON,DANDENONG,-37.970562,145.21927,2020,6,June,12,Midday,Weekend
T20200011964,2020-06-20,15:44:00,1,Collision with vehicle,6,Saturday,147,VEHICLE STRIKES ANOTHER VEH WHILE EMERGING FROM DRIVEWAY,1,655753,Not at intersection,2,50,Local Road,BRUNNINGS,FRANKSTON,-38.094658,145.19029,2020,6,June,15,Afternoon Peak,Weekend
T20200011931,2020-06-20,09:24:00,4,Collision with a fixed object,6,Saturday,171,LEFT OFF CARRIAGEWAY INTO OBJECT/PARKED VEHICLE,1,667660,Not at intersection,3,70,Arterial Highway,DANDENONG,STONNINGTON,-37.86159,145.0173,2020,6,June,9,Morning Peak,Weekend