ACCIDENT_NO,ACCIDENT_DATE,ACCIDENT_TIME,ACCIDENT_TYPE,ACCIDENT_TYPE_DESC,DAY_OF_WEEK,DAY_WEEK_DESC,DCA_CODE,DCA_DESC,LIGHT_CONDITION,NODE_ID,ROAD_GEOMETRY_DESC,SEVERITY,SPEED_ZONE,RMA,ROAD_NAME,LGA_NAME,LATITUDE,LONGITUDE,YEAR,MONTH,MONTH_NAME,HOUR,TIME_PERIOD,DAY_TYPE
T20200012271,2020-06-20,13:20:00,1,Collision with vehicle,6,Saturday,130,REAR END(VEHICLES IN SAME LANE),1,658866,Not at intersection,3,60,Arterial Other,RIVERSDALE,BOROONDARA,-37.8283,145.03032,2020,6,June,13,Midday,Weekend
T20200011928,2020-06-20,01:57:00,4,Collision with a fixed object,6,Saturday,181,OFF RIGHT BEND INTO OBJECT/PARKED VEHICLE,6,658864,Not at intersection,2,50,Local Road,KEYSTONE,BOROONDARA,-37.787174,145.06187,2020,6,June,1,Late Night,Weekend
T20200011944,2020-06-20,11:36:00,1,Collision with vehicle,6,Saturday,130,REAR END(VEHICLES IN SAME LANE),1,656535,T intersection,2,70,Arterial Other,MANNINGHAM,MANNINGHAM,-37.77232,145.10364,2020,6,June,11,Midday,Weekend
T20200011963,2020-06-20,16:57:00,1,Collision with vehicle,6,Saturday,130,REAR END(VEHICLES IN SAME LANE),1,664745,T intersection,2,50,Local Road,WATERFALL GULLY,MORNINGTON PENINSULA,-38.377274,144.91371,2020,6,June,16,Afternoon Peak,Weekend
T20200012070,2020-06-20,22:30:00,4,Collision with a fixed object,6,Saturday,173,RIGHT OFF CARRIAGEWAY INTO OBJECT/PARKED VEHICLE,9,780644,T intersection,3,100,Local Road,CAIRNBROOK,WELLINGTON,-38.11573,146.77481,2020,6,June,22,Night,Weekend
T20200011960,2020-06-20,17:13:00,1,Collision with vehicle,6,Saturday,120,HEAD ON (NOT OVERTAKING),3,664260,T intersection,2,60,Arterial Other,MELBOURNE,HOBSONS BAY,-37.83842,144.8826,2020,6,June,17,Afternoon Peak,Weekend
T20200011968,2020-06-20,17:45:00,1,Collision with vehicle,6,Saturday,113,RIGHT NEAR (INTERSECTIONS ONLY),1,42891,T intersection,3,60,Arterial Other,HEATHERTON,DANDENONG,-37.96368,145.16248,2020,6,June,17,Afternoon Peak,Weekend
T20200012650,2020-06-20,14:00:00,6,Vehicle overturned (no collision),6,Saturday,174,OUT OF CONTROL ON CARRIAGEWAY (ON STRAIGHT),1,658324,Not at intersection,3,50,Local Road,FIRTH,MACEDON RANGES,-37.43213,144.40369,2020,6,June,14,Midday,Weekend
T20200011957,2020-06-20,17:05:00,1,Collision with vehicle,6,Saturday,130,REAR END(VEHICLES IN SAME LANE),3,655935,Not at intersection,3,80,Freeway,WEST GATE,HOBSONS BAY,-37.829094,144.89728,2020,6,June,17,Afternoon Peak,Weekend
T20200011958,2020-06-20,16:30:00,8,No collision and no object struck,6,Saturday,174,OUT OF CONTROL ON CARRIAGEWAY (ON STRAIGHT),9,62124,T intersection,3,60,Local Road,CROMWELL,MORELAND,-37.705498,144.92188,2020,6,June,16,Afternoon Peak,Weekend
T20200011971,2020-06-20,23:47:00,6,Vehicle overturned (no collision),6,Saturday,172,OFF CARRIAGEWAY TO RIGHT,3,130795,Not at intersection,2,60,Arterial Other,MOUNTAIN,KNOX,-37.837593,145.28658,2020,6,June,23,Night,Weekend
T20200012684,2020-06-20,10:15:00,1,Collision with vehicle,6,Saturday,130,REAR END(VEHICLES IN SAME LANE),1,658094,T intersection,2,60,Arterial Other,MALVERN,STONNINGTON,-37.848557,145.00668,2020,6,June,10,Midday,Weekend
T20200011919,2020-06-20,00:50:00,2,Struck Pedestrian,6,Saturday,109,ANY MANOEUVRE INVOLVING PED NOT INCLUDED IN DCAs 100-108.,3,667658,Not at intersection,2,80,Local Road,GLASSCOCKS,CASEY,-38.06293,145.24272,2020,6,June,0,Late Night,Weekend
T20200011922,2020-06-20,01:00:00,1,Collision with vehicle,6,Saturday,130,REAR END(VEHICLES IN SAME LANE),5,38516,Cross intersection,3,60,Arterial Other,BOUNDARY,WYNDHAM,-37.815586,144.81038,2020,6,June,1,Late Night,Weekend
T20200013271,2020-06-20,22:45:00,5,collision with some other object,6,Saturday,166,STRUCK OBJECT ON CARRIAGEWAY,5,657601,Not at intersection,3,100,Local Road,BUCKLAND VALLEY,ALPINE,-36.750553,146.88004,2020,6,June,22,Night,Weekend
T20200011993,2020-06-20,10:55:00,1,Collision with vehicle,6,Saturday,130,REAR END(VEHICLES IN SAME LANE),1,656418,Multiple intersection,3,80,Freeway,STUD-MONASH IN,DANDENONG,-37.959183,145.22382,2020,6,June,10,Midday,Weekend
T20200012548,2020-06-20,10:45:00,2,Struck Pedestrian,6,Saturday,106,VEH STRIKES PED ON FOOTPATH/MEDIAN/TRAFFIC ISLAND.,1,42061,T intersection,2,60,Arterial Other,BAY,BAYSIDE,-37.951782,145.00348,2020,6,June,10,Midday,Weekend
T20200011935,2020-06-20,09:19:00,1,Collision with vehicle,6,Saturday,110,CROSS TRAFFIC(INTERSECTIONS ONLY),1,41345,Cross intersection,2,50,Local Road,MCKINNON,GLEN EIRA,-37.910507,145.0336,2020,6,June,9,Morning Peak,Weekend
T20200013109,2020-06-20,19:30:00,2,Struck Pedestrian,6,Saturday,100,PED NEAR SIDE. PED HIT BY VEHICLE FROM THE RIGHT.,3,657889,Not at intersection,2,40,Local Road,QUEEN,MELBOURNE,-37.812912,144.95975,2020,6,June,19,Night,Weekend
T20200013289,2020-06-20,00:27:00,1,Collision with vehicle,6,Saturday,110,CROSS TRAFFIC(INTERSECTIONS ONLY),3,1180,Cross intersection,3,60,Arterial Other,KOO WEE RUP ROAD -RACECOURSE,CARDINIA,-38.083866,145.49199,2020,6,June,0,Late Night,Weekend
T20200015337,2020-06-20,09:55:00,4,Collision with a fixed object,6,Saturday,194,PARKED CAR RUN AWAY,1,663297,Not at intersection,3,60,Arterial Other,STATION,WHITEHORSE,-37.816376,145.12425,2020,6,June,9,Morning Peak,Weekend
T20200011939,2020-06-20,12:00:00,1,Collision with vehicle,6,Saturday,130,REAR END(VEHICLES IN SAME LANE),1,658013,Not at intersection,3,60,Arterial Other,MELBOURNE,HOBSONS BAY,-37.838795,144.88264,2020,6,June,12,Midday,Weekend
T20200011946,2020-06-20,12:50:00,4,Collision with a fixed object,6,Saturday,173,RIGHT OFF CARRIAGEWAY INTO OBJECT/PARKED VEHICLE,1,655751,Not at intersection,2,100,Local Road,FITZGERALD,MACEDON RANGES,-37.476276,144.47656,2020,6,June,12,Midday,Weekend
T20200011948,2020-06-20,12:30:00,6,Vehicle overturned (no collision),6,Saturday,182,OFF CARRIAGEWAY ON LEFT BEND,1,656119,Cross intersection,2,100,Local Road,JAY,BENDIGO,-36.724907,144.46812,2020,6,June,12,Midday,Weekend
T20200011950,2020-06-20,07:51:00,4,Collision with a fixed object,6,Saturday,171,LEFT OFF CARRIAGEWAY INTO OBJECT/PARKED VEHICLE,1,47601,Cross intersection,2,60,Arterial Other,MCDONALDS,WHITTLESEA,-37.6488,145.06613,2020,6,June,7,Morning Peak,Weekend
T20200012046,2020-06-20,05:18:00,4,Collision with a fixed object,6,Saturday,171,LEFT OFF CARRIAGEWAY INTO OBJECT/PARKED VEHICLE,3,659410,Not at intersection,2,50,Local Road,MOORNA,MOONEE VALLEY,-37.72504,144.86809,2020,6,June,5,Morning Peak,Weekend
T20200011955,2020-06-20,15:30:00,1,Collision with vehicle,6,Saturday,130,REAR END(VEHICLES IN SAME LANE),1,773494,Not at intersection,3,40,Local Road,CHAPEL,STONNINGTON,-37.83996,144.99553,2020,6,June,15,Afternoon Peak,Weekend
T20200011965,2020-06-20,19:05:00,1,Collision with vehicle,6,Saturday,114,TWO RIGHT TURNING (INTERSECTIONS ONLY),3,46621,Multiple intersection,3,60,Arterial Highway,WURUNDJERI,MELBOURNE,-37.821846,144.9522,2020,6,June,19,Night,Weekend
T20200011976,2020-06-20,12:50:00,1,Collision with vehicle,6,Saturday,120,HEAD ON (NOT OVERTAKING),1,655861,Not at intersection,1,100,Arterial Other,GEMBROOK,CARDINIA,-37.971645,145.54626,2020,6,June,12,Midday,Weekend
T20200012000,2020-06-21,13:15:00,1,Collision with vehicle,7,Sunday,130,REAR END(VEHICLES IN SAME LANE),1,655863,Not at intersection,2,60,Arterial Other,ANAKIE,GEELONG,-38.109035,144.33186,2020,6,June,13,Midday,Weekend
T20210006658,2020-06-21,14:00:00,8,No collision and no object struck,7,Sunday,184,OUT OF CONTROL ON CARRIAGEWAY (ON BEND),9,678985,Not at intersection,3,80,Arterial Other,WOODS POINT,YARRA RANGES,-37.71419,145.81834,2020,6,June,14,Midday,Weekend
T20200012005,2020-06-21,10:00:00,1,Collision with vehicle,7,Sunday,121,RIGHT THROUGH,1,57564,T intersection,2,70,Arterial Other,SYNNOT STREET -WERRIBEE,WYNDHAM,-37.905293,144.65656,2020,6,June,10,Midday,Weekend
T20200012032,2020-06-21,23:11:00,4,Collision with a fixed object,7,Sunday,171,LEFT OFF CARRIAGEWAY INTO OBJECT/PARKED VEHICLE,3,659897,Not at intersection,2,70,Arterial Other,EDGARS,WHITTLESEA,-37.673122,145.00156,2020,6,June,23,Night,Weekend
T20200012055,2020-06-21,16:50:00,1,Collision with vehicle,7,Sunday,142,LEAVING PARKING,1,657432,Not at intersection,3,60,Arterial Other,GLENFERRIE,BOROONDARA,-37.828377,145.03429,2020,6,June,16,Afternoon Peak,Weekend
T20200012002,2020-06-21,08:50:00,1,Collision with vehicle,7,Sunday,120,HEAD ON (NOT OVERTAKING),1,655937,Not at intersection,2,80,Local Road,GIBSONS,WELLINGTON,-38.078815,147.08792,2020,6,June,8,Morning Peak,Weekend
T20200012001,2020-06-21,12:40:00,4,Collision with a fixed object,7,Sunday,181,OFF RIGHT BEND INTO OBJECT/PARKED VEHICLE,1,658705,Not at intersection,3,60,Arterial Other,HEALESVILLE-KINGLAKE,YARRA RANGES,-37.60883,145.49234,2020,6,June,12,Midday,Weekend
T20200012022,2020-06-21,16:00:00,1,Collision with vehicle,7,Sunday,113,RIGHT NEAR (INTERSECTIONS ONLY),1,278622,T intersection,3,60,Local Road,OHERNS,WHITTLESEA,-37.63635,145.0148,2020,6,June,16,Afternoon Peak,Weekend
T20200011998,2020-06-21,12:35:00,4,Collision with a fixed object,7,Sunday,181,OFF RIGHT BEND INTO OBJECT/PARKED VEHICLE,1,655862,Not at intersection,3,80,Local Road,GEMBROOK-TONIMBUK,CARDINIA,-37.982613,145.6087,2020,6,June,12,Midday,Weekend
T20200012076,2020-06-21,18:46:00,1,Collision with vehicle,7,Sunday,130,REAR END(VEHICLES IN SAME LANE),3,773367,Not at intersection,3,60,Arterial Other,MT ALEXANDER,MOONEE VALLEY,-37.78323,144.93527,2020,6,June,18,Afternoon Peak,Weekend
T20200012021,2020-06-21,17:45:00,1,Collision with vehicle,7,Sunday,134,LANE CHANGE RIGHT (NOT OVERTAKING),3,92758,Not at intersection,3,60,Arterial Other,MIDDLEBOROUGH,WHITEHORSE,-37.84098,145.13438,2020,6,June,17,Afternoon Peak,Weekend
T20200012198,2020-06-21,12:00:00,1,Collision with vehicle,7,Sunday,113,RIGHT NEAR (INTERSECTIONS ONLY),1,596,T intersection,3,80,Arterial Highway,DANDENONG,GLEN EIRA,-37.8713,145.03552,2020,6,June,12,Midday,Weekend
T20200012019,2020-06-21,15:30:00,4,Collision with a fixed object,7,Sunday,173,RIGHT OFF CARRIAGEWAY INTO OBJECT/PARKED VEHICLE,1,655938,Not at intersection,2,80,Arterial Other,CRANBOURNE,CASEY,-38.026726,145.30676,2020,6,June,15,Afternoon Peak,Weekend
T20200012039,2020-06-21,12:30:00,1,Collision with vehicle,7,Sunday,121,RIGHT THROUGH,1,390,Cross intersection,3,60,Arterial Other,TOORAK,STONNINGTON,-37.84059,145.0047,2020,6,June,12,Midday,Weekend
T20200012020,2020-06-21,13:00:00,1,Collision with vehicle,7,Sunday,130,REAR END(VEHICLES IN SAME LANE),1,776856,Cross intersection,3,50,Local Road,MARATHON,HUME,-37.583088,144.8973,2020,6,June,13,Midday,Weekend
T20200012566,2020-06-21,11:16:00,1,Collision with vehicle,7,Sunday,147,VEHICLE STRIKES ANOTHER VEH WHILE EMERGING FROM DRIVEWAY,1,668051,Not at intersection,3,50,Local Road,WITHERS,BRIMBANK,-37.786625,144.8338,2020,6,June,11,Midday,Weekend
T20200012337,2020-06-21,12:00:00,6,Vehicle overturned (no collision),7,Sunday,174,OUT OF CONTROL ON CARRIAGEWAY (ON STRAIGHT),1,35932,T intersection,3,100,Local Road,CECIL,SURF COAST,-38.34585,144.14726,2020,6,June,12,Midday,Weekend
T20200011972,2020-06-21,02:10:00,4,Collision with a fixed object,7,Sunday,173,RIGHT OFF CARRIAGEWAY INTO OBJECT/PARKED VEHICLE,3,39942,T intersection,2,80,Arterial Other,KEILOR PARK,BRIMBANK,-37.71819,144.85492,2020,6,June,2,Late Night,Weekend
T20200012006,2020-06-21,13:30:00,1,Collision with vehicle,7,Sunday,113,RIGHT NEAR (INTERSECTIONS ONLY),1,35650,T intersection,2,60,Arterial Other,MONBULK,YARRA RANGES,-37.87906,145.39638,2020,6,June,13,Midday,Weekend
T20200012492,2020-06-21,20:45:00,1,Collision with vehicle,7,Sunday,116,LEFT NEAR (INTERSECTIONS ONLY),3,668186,T intersection,2,60,Local Road,CUTHBERTS,BALLARAT,-37.555252,143.81291,2020,6,June,20,Night,Weekend
T20200013701,2020-06-21,04:48:00,4,Collision with a fixed object,7,Sunday,171,LEFT OFF CARRIAGEWAY INTO OBJECT/PARKED VEHICLE,5,657837,Not at intersection,3,100,Arterial Other,DONNYBROOK,WHITTLESEA,-37.557163,145.10309,2020,6,June,4,Late Night,Weekend
T20200012044,2020-06-22,08:32:00,2,Struck Pedestrian,1,Monday,102,FAR SIDE. PED HIT BY VEHICLE FROM THE LEFT,1,51667,Cross intersection,2,60,Arterial Other,PYKE,BENDIGO,-36.769302,144.28618,2020,6,June,8,Morning Peak,Weekday
T20200012047,2020-06-22,06:45:00,4,Collision with a fixed object,1,Monday,173,RIGHT OFF CARRIAGEWAY INTO OBJECT/PARKED VEHICLE,5,659286,Not at intersection,2,100,Local Road,EDGERLEY,WEST WIMMERA,-36.131336,141.14972,2020,6,June,6,Morning Peak,Weekday
T20200012034,2020-06-22,02:45:00,4,Collision with a fixed object,1,Monday,171,LEFT OFF CARRIAGEWAY INTO OBJECT/PARKED VEHICLE,3,278539,T intersection,3,80,Arterial Highway,HEATHERTON LINK,DANDENONG,-37.96882,145.19669,2020,6,June,2,Late Night,Weekday
T20200013748,2020-06-22,15:15:00,1,Collision with vehicle,1,Monday,147,VEHICLE STRIKES ANOTHER VEH WHILE EMERGING FROM DRIVEWAY,1,660885,Not at intersection,3,50,Local Road,MOORE,MORELAND,-37.75456,144.97227,2020,6,June,15,Afternoon Peak,Weekday
T20200012082,2020-06-22,15:41:00,1,Collision with vehicle,1,Monday,110,CROSS TRAFFIC(INTERSECTIONS ONLY),1,51341,Cross intersection,3,40,Local Road,PYE,SWAN HILL,-35.33549,143.5519,2020,6,June,15,Afternoon Peak,Weekday
T20200012083,2020-06-22,12:40:00,1,Collision with vehicle,1,Monday,113,RIGHT NEAR (INTERSECTIONS ONLY),1,656022,T intersection,3,60,Local Road,WESTWOOD,MELTON,-37.735065,144.74887,2020,6,June,12,Midday,Weekday
T20200012108,2020-06-22,21:30:00,1,Collision with vehicle,1,Monday,116,LEFT NEAR (INTERSECTIONS ONLY),3,41141,T intersection,2,50,Local Road,GROSVENOR,BAYSIDE,-37.909695,144.99216,2020,6,June,21,Night,Weekday
T20200012104,2020-06-22,19:19:00,1,Collision with vehicle,1,Monday,160,VEHICLE COLLIDES WITH VEHICLE PARKED ON LEFT OF ROAD,3,656537,Not at intersection,3,50,Local Road,MURPHY,CARDINIA,-38.062855,145.49962,2020,6,June,19,Night,Weekday
T20200012054,2020-06-22,13:15:00,1,Collision with vehicle,1,Monday,113,RIGHT NEAR (INTERSECTIONS ONLY),1,404,T intersection,3,60,Arterial Other,CHILDS,WHITTLESEA,-37.660107,145.02324,2020,6,June,13,Midday,Weekday
T20200012069,2020-06-22,12:52:00,1,Collision with vehicle,1,Monday,154,PULLING OUT -REAR END,1,655939,Cross intersection,3,60,Arterial Other,CEMETERY,MELBOURNE,-37.789925,144.95903,2020,6,June,12,Midday,Weekday
T20200012041,2020-06-22,06:30:00,1,Collision with vehicle,1,Monday,154,PULLING OUT -REAR END,5,656419,Not at intersection,3,60,Arterial Other,DERRIMUT,WYNDHAM,-37.826626,144.6924,2020,6,June,6,Morning Peak,Weekday
T20200012080,2020-06-22,15:15:00,1,Collision with vehicle,1,Monday,132,RIGHT REAR.,1,42092,T intersection,3,60,Arterial Other,BLUFF,BAYSIDE,-37.959137,145.01956,2020,6,June,15,Afternoon Peak,Weekday
T20200012073,2020-06-22,14:36:00,1,Collision with vehicle,1,Monday,130,REAR END(VEHICLES IN SAME LANE),1,655940,T intersection,3,50,Local Road,WESTERN BEACH,GEELONG,-38.139008,144.35599,2020,6,June,14,Midday,Weekday
T20200012043,2020-06-22,08:40:00,1,Collision with vehicle,1,Monday,110,CROSS TRAFFIC(INTERSECTIONS ONLY),1,35383,Cross intersection,3,40,Arterial Other,SWAN,YARRA,-37.825684,144.99792,2020,6,June,8,Morning Peak,Weekday
T20200012084,2020-06-22,14:58:00,4,Collision with a fixed object,1,Monday,173,RIGHT OFF CARRIAGEWAY INTO OBJECT/PARKED VEHICLE,1,668188,Not at intersection,3,100,Arterial Highway,MURRAY VALLEY,SWAN HILL,-35.380554,143.56447,2020,6,June,14,Midday,Weekday
T20200012091,2020-06-22,17:50:00,2,Struck Pedestrian,1,Monday,102,FAR SIDE. PED HIT BY VEHICLE FROM THE LEFT,3,655865,T intersection,2,50,Local Road,BLEAZBY,GLEN EIRA,-37.917213,145.03654,2020,6,June,17,Afternoon Peak,Weekday
T20200013851,2020-06-22,15:11:00,1,Collision with vehicle,1,Monday,130,REAR END(VEHICLES IN SAME LANE),1,660887,Not at intersection,3,60,Arterial Highway,MURRAY VALLEY,WODONGA,-36.137268,146.90956,2020,6,June,15,Afternoon Peak,Weekday
T20200012094,2020-06-22,17:55:00,1,Collision with vehicle,1,Monday,121,RIGHT THROUGH,3,40764,Cross intersection,2,60,Arterial Other,HIGHBURY,MONASH,-37.85977,145.15076,2020,6,June,17,Afternoon Peak,Weekday
T20200012096,2020-06-22,15:15:00,4,Collision with a fixed object,1,Monday,171,LEFT OFF CARRIAGEWAY INTO OBJECT/PARKED VEHICLE,1,655941,Not at intersection,3,80,Freeway,CALDER IN-GAP,HUME,-37.575275,144.6812,2020,6,June,15,Afternoon Peak,Weekday
T20200012079,2020-06-22,14:09:00,1,Collision with vehicle,1,Monday,130,REAR END(VEHICLES IN SAME LANE),1,673303,Not at intersection,2,60,Arterial Other,DORSET,MAROONDAH,-37.80102,145.28955,2020,6,June,14,Midday,Weekday
T20200012098,2020-06-22,18:30:00,4,Collision with a fixed object,1,Monday,173,RIGHT OFF CARRIAGEWAY INTO OBJECT/PARKED VEHICLE,5,656120,Not at intersection,3,60,Local Road,MINNS,MELTON,-37.65518,144.60384,2020,6,June,18,Afternoon Peak,Weekday
T20200012101,2020-06-22,16:00:00,1,Collision with vehicle,1,Monday,120,HEAD ON (NOT OVERTAKING),1,656536,Not at intersection,2,50,Local Road,ROSE,MORELAND,-37.75942,144.95195,2020,6,June,16,Afternoon Peak,Weekday
T20200012102,2020-06-22,21:05:00,6,Vehicle overturned (no collision),1,Monday,174,OUT OF CONTROL ON CARRIAGEWAY (ON STRAIGHT),3,236,Cross intersection,3,40,Local Road,LONSDALE,MELBOURNE,-37.81084,144.96721,2020,6,June,21,Night,Weekday
T20200012036,2020-06-22,06:00:00,1,Collision with vehicle,1,Monday,121,RIGHT THROUGH,3,44594,Cross intersection,3,60,Arterial Highway,SKIPTON,BALLARAT,-37.579613,143.84206,2020,6,June,6,Morning Peak,Weekday
T20200012371,2020-06-22,15:30:00,1,Collision with vehicle,1,Monday,130,REAR END(VEHICLES IN SAME LANE),1,668189,Not at intersection,3,60,Arterial Highway,ALBERT,DAREBIN,-37.743027,145.0226,2020,6,June,15,Afternoon Peak,Weekday
T20200012193,2020-06-22,20:00:00,1,Collision with vehicle,1,Monday,111,RIGHT FAR (INTERSECTIONS ONLY),3,278622,T intersection,3,60,Local Road,OHERNS,WHITTLESEA,-37.63635,145.0148,2020,6,June,20,Night,Weekday
T20200012074,2020-06-22,14:35:00,1,Collision with vehicle,1,Monday,110,CROSS TRAFFIC(INTERSECTIONS ONLY),1,50631,Cross intersection,2,60,Arterial Other,MAIN,COLAC OTWAY,-38.357674,143.58289,2020,6,June,14,Midday,Weekday
T20200012597,2020-06-22,21:00:00,1,Collision with vehicle,1,Monday,113,RIGHT NEAR (INTERSECTIONS ONLY),3,29382,Cross intersection,3,60,Arterial Other,MONTAGUE,PORT PHILLIP,-37.831802,144.95119,2020,6,June,21,Night,Weekday
T20200012031,2020-06-22,01:02:00,4,Collision with a fixed object,1,Monday,171,LEFT OFF CARRIAGEWAY INTO OBJECT/PARKED VEHICLE,3,672012,Not at intersection,2,100,Freeway,EASTLINK,KNOX,-37.911163,145.2163,2020,6,June,1,Late Night,Weekday
T20200012030,2020-06-22,00:56:00,1,Collision with vehicle,1,Monday,120,HEAD ON (NOT OVERTAKING),5,779675,Not at intersection,3,50,Local Road,VALE,BALLARAT,-37.55949,143.81549,2020,6,June,0,Late Night,Weekday
T20200012103,2020-06-22,20:40:00,4,Collision with a fixed object,1,Monday,171,LEFT OFF CARRIAGEWAY INTO OBJECT/PARKED VEHICLE,3,668195,Not at intersection,3,60,Arterial Other,MEMORIAL,WHITTLESEA,-37.644886,145.02908,2020,6,June,20,Night,Weekday
T20200012121,2020-06-23,06:10:00,2,Struck Pedestrian,2,Tuesday,102,FAR SIDE. PED HIT BY VEHICLE FROM THE LEFT,3,655944,Cross intersection,2,60,Arterial Highway,BELL,DAREBIN,-37.745228,145.00273,2020,6,June,6,Morning Peak,Weekday
T20200012256,2020-06-23,23:50:00,1,Collision with vehicle,2,Tuesday,130,REAR END(VEHICLES IN SAME LANE),3,656125,Not at intersection,2,60,Freeway,PRINCES,WYNDHAM,-37.909,144.69014,2020,6,June,23,Night,Weekday
T20200012165,2020-06-23,18:20:00,2,Struck Pedestrian,2,Tuesday,102,FAR SIDE. PED HIT BY VEHICLE FROM THE LEFT,3,45325,T intersection,3,50,Arterial Other,MARIBYRNONG,MOONEE VALLEY,-37.771053,144.91005,2020,6,June,18,Afternoon Peak,Weekday
T20200012112,2020-06-23,04:25:00,7,Fall from or in moving vehicle,2,Tuesday,190,FELL IN/FROM VEHICLE,3,54133,T intersection,1,60,Local Road,WESTMORELAND,GEELONG,-38.183083,144.38911,2020,6,June,4,Late Night,Weekday
T20200012168,2020-06-23,18:00:00,2,Struck Pedestrian,2,Tuesday,100,PED NEAR SIDE. PED HIT BY VEHICLE FROM THE RIGHT.,3,55361,Cross intersection,2,80,Arterial Other,CANTERBURY,MAROONDAH,-37.83023,145.27509,2020,6,June,18,Afternoon Peak,Weekday
T20200012171,2020-06-23,17:05:00,1,Collision with vehicle,2,Tuesday,110,CROSS TRAFFIC(INTERSECTIONS ONLY),2,69657,Cross intersection,3,50,Local Road,CRAWFORD,KINGSTON,-37.92995,145.10129,2020,6,June,17,Afternoon Peak,Weekday
T20200012174,2020-06-23,18:40:00,1,Collision with vehicle,2,Tuesday,173,RIGHT OFF CARRIAGEWAY INTO OBJECT/PARKED VEHICLE,5,668446,Not at intersection,3,50,Local Road,CENTRAL SPRINGS,HEPBURN,-37.34512,144.1546,2020,6,June,18,Afternoon Peak,Weekday
T20200012175,2020-06-23,19:45:00,4,Collision with a fixed object,2,Tuesday,173,RIGHT OFF CARRIAGEWAY INTO OBJECT/PARKED VEHICLE,5,729315,Not at intersection,3,100,Arterial Other,IRREWILLIPE,COLAC OTWAY,-38.40925,143.43039,2020,6,June,19,Night,Weekday
T20200012178,2020-06-23,16:20:00,1,Collision with vehicle,2,Tuesday,121,RIGHT THROUGH,1,320478,T intersection,3,70,Arterial Other,SULLIVAN,KINGSTON,-37.936947,145.06456,2020,6,June,16,Afternoon Peak,Weekday
T20200012328,2020-06-23,18:00:00,1,Collision with vehicle,2,Tuesday,130,REAR END(VEHICLES IN SAME LANE),5,668323,Not at intersection,2,100,Freeway,WESTERN,MELTON,-37.74215,144.6918,2020,6,June,18,Afternoon Peak,Weekday
T20200012181,2020-06-23,06:00:00,4,Collision with a fixed object,2,Tuesday,173,RIGHT OFF CARRIAGEWAY INTO OBJECT/PARKED VEHICLE,3,729316,Not at intersection,3,40,Arterial Other,BRIDGE,YARRA,-37.81863,144.99985,2020,6,June,6,Morning Peak,Weekday
T20200012152,2020-06-23,15:50:00,1,Collision with vehicle,2,Tuesday,130,REAR END(VEHICLES IN SAME LANE),1,656024,Not at intersection,3,70,Arterial Other,SOUTH,KINGSTON,-37.934544,145.04625,2020,6,June,15,Afternoon Peak,Weekday
T20200013052,2020-06-23,10:15:00,1,Collision with vehicle,2,Tuesday,134,LANE CHANGE RIGHT (NOT OVERTAKING),1,657320,Not at intersection,3,40,Arterial Highway,WARRIGAL,MONASH,-37.887302,145.08932,2020,6,June,10,Midday,Weekday
T20200012222,2020-06-23,16:00:00,1,Collision with vehicle,2,Tuesday,139,OTHER SAME DIRECTION-MANOUEVRES NOT INCLUDED IN DCAs 130-137,1,675300,Not at intersection,2,60,Freeway,EASTERN IN-HODDLE,YARRA,-37.79588,144.99469,2020,6,June,16,Afternoon Peak,Weekday
T20200012925,2020-06-23,08:56:00,1,Collision with vehicle,2,Tuesday,110,CROSS TRAFFIC(INTERSECTIONS ONLY),1,39939,Cross intersection,3,50,Local Road,MARION,HOBSONS BAY,-37.83502,144.8497,2020,6,June,8,Morning Peak,Weekday
T20200012643,2020-06-23,17:30:00,1,Collision with vehicle,2,Tuesday,140,U TURN,2,659064,Not at intersection,3,50,Local Road,LEVESON,MELBOURNE,-37.80195,144.95132,2020,6,June,17,Afternoon Peak,Weekday
T20200012158,2020-06-23,15:55:00,1,Collision with vehicle,2,Tuesday,121,RIGHT THROUGH,1,71600,T intersection,3,60,Arterial Other,THOMPSON,GEELONG,-38.112564,144.34306,2020,6,June,15,Afternoon Peak,Weekday
T20200013133,2020-06-23,08:45:00,1,Collision with vehicle,2,Tuesday,111,RIGHT FAR (INTERSECTIONS ONLY),1,44379,T intersection,3,60,Arterial Other,HEATHS,WYNDHAM,-37.879356,144.69934,2020,6,June,8,Morning Peak,Weekday
T20200012156,2020-06-23,15:10:00,2,Struck Pedestrian,2,Tuesday,100,PED NEAR SIDE. PED HIT BY VEHICLE FROM THE RIGHT.,1,668417,Not at intersection,3,40,Local Road,HIGH,DAREBIN,-37.756725,145.00092,2020,6,June,15,Afternoon Peak,Weekday
T20200012343,2020-06-23,11:00:00,1,Collision with vehicle,2,Tuesday,130,REAR END(VEHICLES IN SAME LANE),1,57629,Multiple intersection,2,80,Arterial Highway,PRINCES,GEELONG,-38.084152,144.3583,2020,6,June,11,Midday,Weekday
T20200012155,2020-06-23,14:18:00,1,Collision with vehicle,2,Tuesday,113,RIGHT NEAR (INTERSECTIONS ONLY),1,34021,T intersection,2,80,Arterial Highway,BURWOOD,KNOX,-37.870857,145.24144,2020,6,June,14,Midday,Weekday
T20200012186,2020-06-23,12:45:00,1,Collision with vehicle,2,Tuesday,130,REAR END(VEHICLES IN SAME LANE),1,656026,Cross intersection,2,60,Arterial Highway,PRINCES,BAW BAW,-38.20369,146.06755,2020,6,June,12,Midday,Weekday
T20200012153,2020-06-23,16:00:00,1,Collision with vehicle,2,Tuesday,113,RIGHT NEAR (INTERSECTIONS ONLY),1,67620,T intersection,2,50,Local Road,HARTLAND,WHITEHORSE,-37.86028,145.18236,2020,6,June,16,Afternoon Peak,Weekday
T20200012119,2020-06-23,08:25:00,1,Collision with vehicle,2,Tuesday,116,LEFT NEAR (INTERSECTIONS ONLY),1,37898,T intersection,3,70,Arterial Highway,ST GEORGES,DAREBIN,-37.75328,144.99489,2020,6,June,8,Morning Peak,Weekday