ACCIDENT_NO,ACCIDENT_DATE,ACCIDENT_TIME,ACCIDENT_TYPE,ACCIDENT_TYPE_DESC,DAY_OF_WEEK,DAY_WEEK_DESC,DCA_CODE,DCA_DESC,LIGHT_CONDITION,NODE_ID,ROAD_GEOMETRY_DESC,SEVERITY,SPEED_ZONE,RMA,ROAD_NAME,LGA_NAME,LATITUDE,LONGITUDE,YEAR,MONTH,MONTH_NAME,HOUR,TIME_PERIOD,DAY_TYPE
T20200012160,2020-06-23,14:17:00,1,Collision with vehicle,2,Tuesday,130,REAR END(VEHICLES IN SAME LANE),1,658625,Not at intersection,2,70,Local Road,CORIO,GEELONG,-38.182007,144.34496,2020,6,June,14,Midday,Weekday
T20200012150,2020-06-23,16:15:00,1,Collision with vehicle,2,Tuesday,113,RIGHT NEAR (INTERSECTIONS ONLY),1,41956,Cross intersection,3,50,Local Road,BREARLEY,MORELAND,-37.74105,144.9399,2020,6,June,16,Afternoon Peak,Weekday
T20200012803,2020-06-23,09:30:00,1,Collision with vehicle,2,Tuesday,136,RIGHT TURN SIDESWIPE,1,656814,Cross intersection,3,60,Local Road,SALTWATER,WYNDHAM,-37.909878,144.75189,2020,6,June,9,Morning Peak,Weekday
T20200012291,2020-06-23,14:52:00,1,Collision with vehicle,2,Tuesday,130,REAR END(VEHICLES IN SAME LANE),1,339565,Not at intersection,3,60,Arterial Other,TAYLORS,BRIMBANK,-37.727856,144.79367,2020,6,June,14,Midday,Weekday
T20200018213,2020-06-23,06:00:00,4,Collision with a fixed object,2,Tuesday,175,OFF END OF ROAD/T-INTERSECTION.,2,60010,T intersection,3,100,Arterial Highway,NORTHERN,MITCHELL,-37.046967,144.79901,2020,6,June,6,Morning Peak,Weekday
T20200012135,2020-06-23,11:41:00,1,Collision with vehicle,2,Tuesday,110,CROSS TRAFFIC(INTERSECTIONS ONLY),1,64401,Cross intersection,3,50,Local Road,BRAESIDE,YARRA RANGES,-37.779194,145.56567,2020,6,June,11,Midday,Weekday
T20200012133,2020-06-23,11:05:00,1,Collision with vehicle,2,Tuesday,130,REAR END(VEHICLES IN SAME LANE),1,659341,Cross intersection,2,80,Arterial Highway,CHELTENHAM,DANDENONG,-37.995045,145.1816,2020,6,June,11,Midday,Weekday
T20200012131,2020-06-23,10:20:00,1,Collision with vehicle,2,Tuesday,130,REAR END(VEHICLES IN SAME LANE),1,656420,Not at intersection,3,40,Arterial Other,SAYERS,WYNDHAM,-37.854027,144.74673,2020,6,June,10,Midday,Weekday
T20200012130,2020-06-23,11:15:00,1,Collision with vehicle,2,Tuesday,136,RIGHT TURN SIDESWIPE,1,655945,Not at intersection,3,60,Arterial Other,POLICE,DANDENONG,-37.93406,145.16411,2020,6,June,11,Midday,Weekday
T20200012129,2020-06-23,10:15:00,1,Collision with vehicle,2,Tuesday,130,REAR END(VEHICLES IN SAME LANE),1,656023,Not at intersection,3,80,Arterial Other,CLAYTON,MONASH,-37.923653,145.12003,2020,6,June,10,Midday,Weekday
T20200012143,2020-06-23,14:56:00,1,Collision with vehicle,2,Tuesday,148,VEHICLE OFF FOOTPATH STRIKES VEH ON CARRIAGEWAY,1,657473,Not at intersection,2,50,Local Road,UNNAMED,BAYSIDE,-37.925564,144.98698,2020,6,June,14,Midday,Weekday
T20200012204,2020-06-24,11:13:00,4,Collision with a fixed object,3,Wednesday,173,RIGHT OFF CARRIAGEWAY INTO OBJECT/PARKED VEHICLE,1,626421,T intersection,3,60,Arterial Highway,WHITEHORSE,WHITEHORSE,-37.817795,145.15623,2020,6,June,11,Midday,Weekday
T20200012212,2020-06-24,09:30:00,1,Collision with vehicle,3,Wednesday,160,VEHICLE COLLIDES WITH VEHICLE PARKED ON LEFT OF ROAD,1,659153,Not at intersection,2,50,Local Road,THE EYRIE,BANYULE,-37.765064,145.05519,2020,6,June,9,Morning Peak,Weekday
T20200012253,2020-06-24,17:36:00,1,Collision with vehicle,3,Wednesday,121,RIGHT THROUGH,2,655980,Not at intersection,1,60,Arterial Other,HEATHERTON,DANDENONG,-37.96227,145.15115,2020,6,June,17,Afternoon Peak,Weekday
T20200012899,2020-06-24,15:30:00,8,No collision and no object struck,3,Wednesday,184,OUT OF CONTROL ON CARRIAGEWAY (ON BEND),1,657826,Not at intersection,2,60,Local Road,HARPER,BENDIGO,-36.7019,144.35669,2020,6,June,15,Afternoon Peak,Weekday
T20200012188,2020-06-24,06:38:00,1,Collision with vehicle,3,Wednesday,130,REAR END(VEHICLES IN SAME LANE),3,668556,Not at intersection,2,80,Arterial Highway,STUD,KNOX,-37.899654,145.23314,2020,6,June,6,Morning Peak,Weekday
T20200012248,2020-06-24,15:30:00,1,Collision with vehicle,3,Wednesday,110,CROSS TRAFFIC(INTERSECTIONS ONLY),1,37886,Cross intersection,3,50,Local Road,ARUNDEL,DAREBIN,-37.696373,145.01584,2020,6,June,15,Afternoon Peak,Weekday
T20200012223,2020-06-24,13:34:00,1,Collision with vehicle,3,Wednesday,132,RIGHT REAR.,1,56042,T intersection,3,80,Freeway,STRATH CREEK,MITCHELL,-37.206676,145.07195,2020,6,June,13,Midday,Weekday
T20200012264,2020-06-24,21:21:00,1,Collision with vehicle,3,Wednesday,121,RIGHT THROUGH,3,346616,Multiple intersection,2,80,Freeway,PRINCES,CASEY,-38.02835,145.32202,2020,6,June,21,Night,Weekday
T20200012233,2020-06-24,17:00:00,1,Collision with vehicle,3,Wednesday,130,REAR END(VEHICLES IN SAME LANE),1,729319,T intersection,3,70,Arterial Other,COOPER,HUME,-37.64506,144.96275,2020,6,June,17,Afternoon Peak,Weekday
T20200012260,2020-06-24,14:05:00,1,Collision with vehicle,3,Wednesday,171,LEFT OFF CARRIAGEWAY INTO OBJECT/PARKED VEHICLE,1,668565,Not at intersection,3,50,Local Road,WALLIS,BALLARAT,-37.579254,143.82002,2020,6,June,14,Midday,Weekday
T20200012311,2020-06-24,19:35:00,2,Struck Pedestrian,3,Wednesday,100,PED NEAR SIDE. PED HIT BY VEHICLE FROM THE RIGHT.,3,656422,T intersection,3,50,Local Road,MILFORD,WHITEHORSE,-37.850163,145.11755,2020,6,June,19,Night,Weekday
T20200012276,2020-06-24,08:00:00,4,Collision with a fixed object,3,Wednesday,173,RIGHT OFF CARRIAGEWAY INTO OBJECT/PARKED VEHICLE,1,656874,T intersection,3,60,Local Road,HUGHES,MORNINGTON PENINSULA,-38.356026,144.75989,2020,6,June,8,Morning Peak,Weekday
T20200012185,2020-06-24,04:00:00,1,Collision with vehicle,3,Wednesday,120,HEAD ON (NOT OVERTAKING),3,657160,Not at intersection,3,60,Arterial Other,STEPHENSONS,MONASH,-37.88824,145.12668,2020,6,June,4,Late Night,Weekday
T20200012283,2020-06-24,17:35:00,2,Struck Pedestrian,3,Wednesday,100,PED NEAR SIDE. PED HIT BY VEHICLE FROM THE RIGHT.,3,39642,Y intersection,3,60,Arterial Other,WARRANDYTE,MAROONDAH,-37.80454,145.2303,2020,6,June,17,Afternoon Peak,Weekday
T20200012359,2020-06-24,08:10:00,1,Collision with vehicle,3,Wednesday,110,CROSS TRAFFIC(INTERSECTIONS ONLY),1,65241,Cross intersection,3,50,Local Road,EGLINTON,BOROONDARA,-37.799564,145.03276,2020,6,June,8,Morning Peak,Weekday
T20200012251,2020-06-24,16:48:00,6,Vehicle overturned (no collision),3,Wednesday,184,OUT OF CONTROL ON CARRIAGEWAY (ON BEND),1,656459,Multiple intersection,2,80,Freeway,CITYLINK IN-FOOTSCRAY,MELBOURNE,-37.809235,144.93594,2020,6,June,16,Afternoon Peak,Weekday
T20200012657,2020-06-24,18:45:00,1,Collision with vehicle,3,Wednesday,116,LEFT NEAR (INTERSECTIONS ONLY),3,42460,Cross intersection,3,80,Arterial Other,WESTALL ROAD -WESTALL,DANDENONG,-37.9605,145.13658,2020,6,June,18,Afternoon Peak,Weekday
T20200013044,2020-06-24,18:30:00,6,Vehicle overturned (no collision),3,Wednesday,174,OUT OF CONTROL ON CARRIAGEWAY (ON STRAIGHT),3,313799,T intersection,3,60,Local Road,SAYERS,WYNDHAM,-37.847927,144.68329,2020,6,June,18,Afternoon Peak,Weekday
T20200012445,2020-06-24,16:00:00,1,Collision with vehicle,3,Wednesday,130,REAR END(VEHICLES IN SAME LANE),1,657161,Cross intersection,3,50,Local Road,ELIZABETH,MELBOURNE,-37.81136,144.96184,2020,6,June,16,Afternoon Peak,Weekday
T20200012235,2020-06-24,17:01:00,4,Collision with a fixed object,3,Wednesday,173,RIGHT OFF CARRIAGEWAY INTO OBJECT/PARKED VEHICLE,5,656200,Not at intersection,2,100,Local Road,ATKINS,SURF COAST,-38.257256,144.03235,2020,6,June,17,Afternoon Peak,Weekday
T20200012620,2020-06-24,09:00:00,1,Collision with vehicle,3,Wednesday,160,VEHICLE COLLIDES WITH VEHICLE PARKED ON LEFT OF ROAD,1,668563,Not at intersection,3,60,Local Road,BLACK DOG,MELTON,-37.694458,144.56238,2020,6,June,9,Morning Peak,Weekday
T20200012231,2020-06-24,11:30:00,1,Collision with vehicle,3,Wednesday,130,REAR END(VEHICLES IN SAME LANE),1,656123,Not at intersection,3,40,Arterial Other,PLENTY,WHITTLESEA,-37.620995,145.09529,2020,6,June,11,Midday,Weekday
T20200012234,2020-06-24,16:20:00,1,Collision with vehicle,3,Wednesday,130,REAR END(VEHICLES IN SAME LANE),1,656803,Not at intersection,3,50,Arterial Other,BELMORE,MOIRA,-36.015594,146.0046,2020,6,June,16,Afternoon Peak,Weekday
T20200012387,2020-06-24,17:37:00,1,Collision with vehicle,3,Wednesday,121,RIGHT THROUGH,3,29976,Cross intersection,3,60,Arterial Other,LUCAN,BENDIGO,-36.74704,144.28693,2020,6,June,17,Afternoon Peak,Weekday
T20200012225,2020-06-24,09:05:00,1,Collision with vehicle,3,Wednesday,110,CROSS TRAFFIC(INTERSECTIONS ONLY),1,52781,Cross intersection,3,60,Local Road,LIGAR,BALLARAT,-37.542046,143.86414,2020,6,June,9,Morning Peak,Weekday
T20200012229,2020-06-24,16:19:00,1,Collision with vehicle,3,Wednesday,121,RIGHT THROUGH,1,42214,T intersection,3,70,Arterial Other,SOUTH,GLEN EIRA,-37.934605,145.04832,2020,6,June,16,Afternoon Peak,Weekday
T20200012192,2020-06-24,08:40:00,1,Collision with vehicle,3,Wednesday,121,RIGHT THROUGH,1,49090,Cross intersection,3,60,Local Road,BREWSTER,MACEDON RANGES,-37.350906,144.53459,2020,6,June,8,Morning Peak,Weekday
T20200013166,2020-06-24,15:27:00,1,Collision with vehicle,3,Wednesday,116,LEFT NEAR (INTERSECTIONS ONLY),1,38809,Cross intersection,3,60,Arterial Other,WHITEHALL,MARIBYRNONG,-37.801216,144.90605,2020,6,June,15,Afternoon Peak,Weekday
T20200012190,2020-06-24,08:00:00,5,collision with some other object,3,Wednesday,191,LOAD OR MISSILE STRUCK VEHICLE,1,729317,Not at intersection,2,50,Local Road,NAPIER,MOONEE VALLEY,-37.747173,144.92166,2020,6,June,8,Morning Peak,Weekday
T20200012240,2020-06-24,17:46:00,1,Collision with vehicle,3,Wednesday,130,REAR END(VEHICLES IN SAME LANE),3,729576,Not at intersection,2,60,Arterial Other,PRINCES,WYNDHAM,-37.891865,144.68501,2020,6,June,17,Afternoon Peak,Weekday
T20200012243,2020-06-24,17:15:00,1,Collision with vehicle,3,Wednesday,132,RIGHT REAR.,3,44871,T intersection,2,60,Arterial Other,BARRY,HUME,-37.665344,144.9358,2020,6,June,17,Afternoon Peak,Weekday
T20200012199,2020-06-24,10:02:00,2,Struck Pedestrian,3,Wednesday,100,PED NEAR SIDE. PED HIT BY VEHICLE FROM THE RIGHT.,1,657081,Cross intersection,2,50,Arterial Highway,HIGH,BENDIGO,-36.760876,144.27554,2020,6,June,10,Midday,Weekday
T20200012189,2020-06-24,07:35:00,1,Collision with vehicle,3,Wednesday,111,RIGHT FAR (INTERSECTIONS ONLY),2,656122,T intersection,3,60,Local Road,FOLEYS,BRIMBANK,-37.783234,144.77594,2020,6,June,7,Morning Peak,Weekday
T20200012202,2020-06-24,10:04:00,1,Collision with vehicle,3,Wednesday,130,REAR END(VEHICLES IN SAME LANE),1,656605,Cross intersection,3,60,Local Road,RAILWAY,FRANKSTON,-38.10354,145.12843,2020,6,June,10,Midday,Weekday
T20200012946,2020-06-24,20:17:00,1,Collision with vehicle,3,Wednesday,120,HEAD ON (NOT OVERTAKING),3,668558,Not at intersection,3,50,Local Road,PROSPECT,BANYULE,-37.746624,145.06412,2020,6,June,20,Night,Weekday
T20200012203,2020-06-24,09:15:00,4,Collision with a fixed object,3,Wednesday,181,OFF RIGHT BEND INTO OBJECT/PARKED VEHICLE,1,668533,Not at intersection,3,100,Arterial Other,ARARAT-ST ARNAUD,NORTHERN GRAMPIANS,-36.850994,143.10681,2020,6,June,9,Morning Peak,Weekday
T20200012279,2020-06-25,12:40:00,2,Struck Pedestrian,4,Thursday,100,PED NEAR SIDE. PED HIT BY VEHICLE FROM THE RIGHT.,1,64078,Cross intersection,3,50,Arterial Other,LOWER HEIDELBERG,BANYULE,-37.77182,145.04553,2020,6,June,12,Midday,Weekday
T20200012352,2020-06-25,14:00:00,4,Collision with a fixed object,4,Thursday,173,RIGHT OFF CARRIAGEWAY INTO OBJECT/PARKED VEHICLE,1,657713,Not at intersection,2,50,Local Road,COURTENAY,CASEY,-38.079872,145.28586,2020,6,June,14,Midday,Weekday
T20200012348,2020-06-25,08:15:00,1,Collision with vehicle,4,Thursday,130,REAR END(VEHICLES IN SAME LANE),1,57571,Cross intersection,3,60,Arterial Highway,NORTH,MONASH,-37.91364,145.12189,2020,6,June,8,Morning Peak,Weekday
T20200012287,2020-06-25,14:16:00,1,Collision with vehicle,4,Thursday,110,CROSS TRAFFIC(INTERSECTIONS ONLY),1,731,Cross intersection,3,60,Arterial Other,CUMBERLAND,MORELAND,-37.73474,144.93788,2020,6,June,14,Midday,Weekday
T20200012290,2020-06-25,11:05:00,1,Collision with vehicle,4,Thursday,130,REAR END(VEHICLES IN SAME LANE),1,656203,Cross intersection,3,70,Arterial Highway,NEPEAN,MORNINGTON PENINSULA,-38.22036,145.0565,2020,6,June,11,Midday,Weekday
T20200012317,2020-06-25,16:45:00,1,Collision with vehicle,4,Thursday,110,CROSS TRAFFIC(INTERSECTIONS ONLY),2,656331,Cross intersection,2,80,Arterial Highway,DANDENONG-HASTINGS,MORNINGTON PENINSULA,-38.252823,145.2147,2020,6,June,16,Afternoon Peak,Weekday
T20200012431,2020-06-25,18:57:00,2,Struck Pedestrian,4,Thursday,102,FAR SIDE. PED HIT BY VEHICLE FROM THE LEFT,3,37545,Cross intersection,3,40,Arterial Other,CLARENDON,PORT PHILLIP,-37.835224,144.9616,2020,6,June,18,Afternoon Peak,Weekday
T20200012532,2020-06-25,14:25:00,1,Collision with vehicle,4,Thursday,120,HEAD ON (NOT OVERTAKING),1,658169,Not at intersection,3,60,Local Road,WHITES,WARRNAMBOOL,-38.367607,142.50665,2020,6,June,14,Midday,Weekday
T20200012316,2020-06-25,22:45:00,1,Collision with vehicle,4,Thursday,160,VEHICLE COLLIDES WITH VEHICLE PARKED ON LEFT OF ROAD,9,656804,Not at intersection,3,50,Local Road,WYMBIR,DAREBIN,-37.741203,145.01779,2020,6,June,22,Night,Weekday
T20200012313,2020-06-25,16:45:00,1,Collision with vehicle,4,Thursday,121,RIGHT THROUGH,2,40006,Cross intersection,2,60,Arterial Other,MELBOURNE,HOBSONS BAY,-37.858448,144.89394,2020,6,June,16,Afternoon Peak,Weekday
T20200012309,2020-06-25,17:57:00,1,Collision with vehicle,4,Thursday,163,VEHICLE STRIKES DOOR OF PARKED/STATIONARY VEHICLE,4,656703,Cross intersection,3,40,Local Road,WILLIAM,MELBOURNE,-37.81671,144.95868,2020,6,June,17,Afternoon Peak,Weekday
T20200012710,2020-06-25,15:23:00,1,Collision with vehicle,4,Thursday,121,RIGHT THROUGH,1,39627,T intersection,3,60,Arterial Other,WANTIRNA,MAROONDAH,-37.817204,145.22728,2020,6,June,15,Afternoon Peak,Weekday
T20200012261,2020-06-25,06:32:00,1,Collision with vehicle,4,Thursday,116,LEFT NEAR (INTERSECTIONS ONLY),2,58808,Cross intersection,3,100,Local Road,BAMAWM,CAMPASPE,-36.256447,144.61711,2020,6,June,6,Morning Peak,Weekday
T20200012262,2020-06-25,08:10:00,4,Collision with a fixed object,4,Thursday,171,LEFT OFF CARRIAGEWAY INTO OBJECT/PARKED VEHICLE,1,663300,Not at intersection,3,40,Local Road,ROSLYN,GEELONG,-38.174,144.33084,2020,6,June,8,Morning Peak,Weekday
T20200013272,2020-06-25,19:45:00,2,Struck Pedestrian,4,Thursday,102,FAR SIDE. PED HIT BY VEHICLE FROM THE LEFT,6,657257,Not at intersection,2,60,Arterial Other,BORONIA,KNOX,-37.861893,145.2783,2020,6,June,19,Night,Weekday
T20200012298,2020-06-25,16:13:00,1,Collision with vehicle,4,Thursday,147,VEHICLE STRIKES ANOTHER VEH WHILE EMERGING FROM DRIVEWAY,1,656204,Not at intersection,3,60,Local Road,TAYLORS,BRIMBANK,-37.72624,144.77014,2020,6,June,16,Afternoon Peak,Weekday
T20200012299,2020-06-25,16:20:00,1,Collision with vehicle,4,Thursday,121,RIGHT THROUGH,2,275383,T intersection,3,60,Local Road,DAVID JOHN,WYNDHAM,-37.849293,144.70657,2020,6,June,16,Afternoon Peak,Weekday
T20200012301,2020-06-25,17:55:00,1,Collision with vehicle,4,Thursday,130,REAR END(VEHICLES IN SAME LANE),3,351849,Cross intersection,2,80,Arterial Other,RESERVOIR,HUME,-37.643764,144.92908,2020,6,June,17,Afternoon Peak,Weekday
T20200012302,2020-06-25,14:50:00,1,Collision with vehicle,4,Thursday,130,REAR END(VEHICLES IN SAME LANE),1,663299,Not at intersection,3,100,Freeway,EASTLINK,FRANKSTON,-38.086132,145.17053,2020,6,June,14,Midday,Weekday
T20200012266,2020-06-25,09:15:00,8,No collision and no object struck,4,Thursday,170,OFF CARRIAGEWAY TO LEFT,1,656126,Cross intersection,2,40,Local Road,SANCTUARY LAKES SOUTH,WYNDHAM,-37.898872,144.75958,2020,6,June,9,Morning Peak,Weekday
T20200012267,2020-06-25,09:40:00,1,Collision with vehicle,4,Thursday,130,REAR END(VEHICLES IN SAME LANE),1,38568,T intersection,2,80,Arterial Highway,GEELONG,BRIMBANK,-37.817417,144.84657,2020,6,June,9,Morning Peak,Weekday
T20200012269,2020-06-25,08:00:00,1,Collision with vehicle,4,Thursday,137,LEFT TURN SIDESWIPE,1,668553,Not at intersection,3,40,Local Road,LA TROBE,MELBOURNE,-37.81019,144.96179,2020,6,June,8,Morning Peak,Weekday
T20200012304,2020-06-25,17:50:00,2,Struck Pedestrian,4,Thursday,102,FAR SIDE. PED HIT BY VEHICLE FROM THE LEFT,3,115743,Not at intersection,3,40,Arterial Other,SYDNEY,MORELAND,-37.77594,144.96063,2020,6,June,17,Afternoon Peak,Weekday
T20200012307,2020-06-25,16:30:00,1,Collision with vehicle,4,Thursday,121,RIGHT THROUGH,2,632,Cross intersection,3,80,Arterial Other,MOUNTAIN,KNOX,-37.84732,145.23093,2020,6,June,16,Afternoon Peak,Weekday
T20200012888,2020-06-25,14:45:00,1,Collision with vehicle,4,Thursday,130,REAR END(VEHICLES IN SAME LANE),1,36666,Cross intersection,3,50,Arterial Highway,HODDLE,YARRA,-37.799847,144.99298,2020,6,June,14,Midday,Weekday
T20200012273,2020-06-25,09:11:00,1,Collision with vehicle,4,Thursday,154,PULLING OUT -REAR END,1,729730,Not at intersection,2,100,Arterial Highway,PRINCES HIGHWAY,WELLINGTON,-38.13084,146.82545,2020,6,June,9,Morning Peak,Weekday
T20200012274,2020-06-25,12:30:00,1,Collision with vehicle,4,Thursday,110,CROSS TRAFFIC(INTERSECTIONS ONLY),1,342077,Cross intersection,3,70,Arterial Other,OLD PRINCES,CARDINIA,-38.051502,145.37468,2020,6,June,12,Midday,Weekday
T20200014983,2020-06-25,17:30:00,4,Collision with a fixed object,4,Thursday,141,U TURN INTO FIXED OBJECT/PARKED VEHICLE,3,780646,Not at intersection,3,50,Local Road,SIMMINGTON,HUME,-37.64223,144.88841,2020,6,June,17,Afternoon Peak,Weekday
T20200012275,2020-06-25,12:00:00,1,Collision with vehicle,4,Thursday,110,CROSS TRAFFIC(INTERSECTIONS ONLY),1,656421,Cross intersection,2,100,Arterial Highway,MURRAY VALLEY,WODONGA,-36.05982,146.70964,2020,6,June,12,Midday,Weekday
T20200012357,2020-06-25,19:14:00,4,Collision with a fixed object,4,Thursday,171,LEFT OFF CARRIAGEWAY INTO OBJECT/PARKED VEHICLE,5,656424,Not at intersection,3,100,Arterial Other,KOO WEE RUP-LONGWARRY,CARDINIA,-38.18075,145.58336,2020,6,June,19,Night,Weekday
T20200014047,2020-06-25,06:50:00,1,Collision with vehicle,4,Thursday,113,RIGHT NEAR (INTERSECTIONS ONLY),2,29998,T intersection,3,70,Arterial Other,STURT,BALLARAT,-37.553677,143.81369,2020,6,June,6,Morning Peak,Weekday
T20200012395,2020-06-26,18:14:00,4,Collision with a fixed object,5,Friday,173,RIGHT OFF CARRIAGEWAY INTO OBJECT/PARKED VEHICLE,3,668184,Not at intersection,3,70,Arterial Other,KOROROIT CREEK,HOBSONS BAY,-37.85088,144.84785,2020,6,June,18,Afternoon Peak,Weekday
T20200014292,2020-06-26,15:25:00,1,Collision with vehicle,5,Friday,130,REAR END(VEHICLES IN SAME LANE),1,729349,Not at intersection,3,80,Arterial Other,KIEWA VALLEY,WODONGA,-36.155766,146.93553,2020,6,June,15,Afternoon Peak,Weekday
T20200012350,2020-06-26,12:28:00,4,Collision with a fixed object,5,Friday,171,LEFT OFF CARRIAGEWAY INTO OBJECT/PARKED VEHICLE,1,667774,Not at intersection,3,50,Local Road,PARK,HORSHAM,-36.71489,142.19368,2020,6,June,12,Midday,Weekday
T20200012353,2020-06-26,10:15:00,1,Collision with vehicle,5,Friday,152,PULLING OUT (OVERTAKING),1,668171,T intersection,3,100,Arterial Other,HAMILTON-PORT FAIRY,SOUTHERN GRAMPIANS,-37.806767,142.00458,2020,6,June,10,Midday,Weekday
T20200012351,2020-06-26,07:15:00,1,Collision with vehicle,5,Friday,130,REAR END(VEHICLES IN SAME LANE),1,658627,Not at intersection,3,60,Local Road,RING,BALLARAT,-37.52468,143.80988,2020,6,June,7,Morning Peak,Weekday
T20200012402,2020-06-26,16:00:00,1,Collision with vehicle,5,Friday,169,OTHER ON PATH,1,657084,Not at intersection,2,50,Arterial Highway,MELBOURNE ROAD SERVICE,GEELONG,-38.107136,144.35329,2020,6,June,16,Afternoon Peak,Weekday
T20200012394,2020-06-26,21:12:00,1,Collision with vehicle,5,Friday,116,LEFT NEAR (INTERSECTIONS ONLY),3,64324,T intersection,2,50,Arterial Other,BRUNSWICK,MORELAND,-37.7786,144.97366,2020,6,June,21,Night,Weekday
T20200012320,2020-06-26,01:40:00,4,Collision with a fixed object,5,Friday,173,RIGHT OFF CARRIAGEWAY INTO OBJECT/PARKED VEHICLE,3,668185,T intersection,3,80,Arterial Other,CARRICK,HUME,-37.70287,144.88275,2020,6,June,1,Late Night,Weekday
T20200012401,2020-06-26,22:20:00,4,Collision with a fixed object,5,Friday,181,OFF RIGHT BEND INTO OBJECT/PARKED VEHICLE,5,656208,Not at intersection,3,70,Arterial Other,PAKENHAM,CARDINIA,-37.95138,145.50255,2020,6,June,22,Night,Weekday
T20200012345,2020-06-26,07:58:00,1,Collision with vehicle,5,Friday,113,RIGHT NEAR (INTERSECTIONS ONLY),1,39980,T intersection,2,60,Local Road,JACK,HOBSONS BAY,-37.841827,144.87692,2020,6,June,7,Morning Peak,Weekday
T20200012471,2020-06-26,22:19:00,6,Vehicle overturned (no collision),5,Friday,180,OFF CARRIAGEWAY ON RIGHT BEND,5,659287,Not at intersection,2,100,Local Road,WARRAGUL-LEONGATHA,BAW BAW,-38.257187,145.92514,2020,6,June,22,Night,Weekday
T20200012370,2020-06-26,16:57:00,1,Collision with vehicle,5,Friday,113,RIGHT NEAR (INTERSECTIONS ONLY),2,41479,T intersection,2,60,Arterial Highway,NORTH,GLEN EIRA,-37.907463,145.06856,2020,6,June,16,Afternoon Peak,Weekday
T20200012325,2020-06-26,03:26:00,1,Collision with vehicle,5,Friday,160,VEHICLE COLLIDES WITH VEHICLE PARKED ON LEFT OF ROAD,3,780647,Not at intersection,3,60,Local Road,NOBLE,GEELONG,-38.152645,144.33447,2020,6,June,3,Late Night,Weekday
T20200012389,2020-06-26,18:15:00,1,Collision with vehicle,5,Friday,116,LEFT NEAR (INTERSECTIONS ONLY),3,29403,Cross intersection,3,40,Arterial Other,JOHNSTON,YARRA,-37.798832,144.98308,2020,6,June,18,Afternoon Peak,Weekday
T20200012398,2020-06-26,19:34:00,1,Collision with vehicle,5,Friday,130,REAR END(VEHICLES IN SAME LANE),3,53180,Multiple intersection,2,80,Freeway,BERWICK-BEACONSFIELD,CASEY,-38.02787,145.31989,2020,6,June,19,Night,Weekday
T20200012391,2020-06-26,21:25:00,1,Collision with vehicle,5,Friday,116,LEFT NEAR (INTERSECTIONS ONLY),3,1139,Cross intersection,3,80,Arterial Other,SYDNEY,HUME,-37.647507,144.95213,2020,6,June,21,Night,Weekday
T20200012451,2020-06-26,05:45:00,1,Collision with vehicle,5,Friday,130,REAR END(VEHICLES IN SAME LANE),2,278464,Cross intersection,3,60,Arterial Other,PLENTY,WHITTLESEA,-37.608456,145.0945,2020,6,June,5,Morning Peak,Weekday
T20200012440,2020-06-26,09:30:00,1,Collision with vehicle,5,Friday,121,RIGHT THROUGH,1,38456,T intersection,3,60,Arterial Other,HULL,YARRA RANGES,-37.775345,145.33038,2020,6,June,9,Morning Peak,Weekday
T20200012358,2020-06-26,13:47:00,4,Collision with a fixed object,5,Friday,171,LEFT OFF CARRIAGEWAY INTO OBJECT/PARKED VEHICLE,1,668174,Not at intersection,2,70,Local Road,MCCORMICKS,FRANKSTON,-38.075222,145.20268,2020,6,June,13,Midday,Weekday
T20200012361,2020-06-26,14:45:00,1,Collision with vehicle,5,Friday,120,HEAD ON (NOT OVERTAKING),1,660132,Not at intersection,2,60,Arterial Other,BELMORE,BOROONDARA,-37.803265,145.0814,2020,6,June,14,Midday,Weekday
T20200012334,2020-06-26,09:00:00,1,Collision with vehicle,5,Friday,132,RIGHT REAR.,1,56362,T intersection,2,60,Local Road,MCKINLEY,GEELONG,-38.068497,144.3744,2020,6,June,9,Morning Peak,Weekday
T20200012379,2020-06-26,17:55:00,1,Collision with vehicle,5,Friday,113,RIGHT NEAR (INTERSECTIONS ONLY),3,49701,T intersection,3,60,Arterial Other,ANAKIE,GEELONG,-38.085354,144.33646,2020,6,June,17,Afternoon Peak,Weekday
T20200012399,2020-06-26,22:07:00,4,Collision with a fixed object,5,Friday,183,OFF LEFT BEND INTO OBJECT/PARKED VEHICLE,5,170403,Not at intersection,2,100,Arterial Other,UPPER GOULBURN,MITCHELL,-37.079952,145.167,2020,6,June,22,Night,Weekday
T20200017544,2020-06-26,11:04:00,1,Collision with vehicle,5,Friday,132,RIGHT REAR.,1,665199,T intersection,3,60,Arterial Other,DORSET,KNOX,-37.88075,145.28452,2020,6,June,11,Midday,Weekday
T20200012785,2020-06-26,08:15:00,1,Collision with vehicle,5,Friday,121,RIGHT THROUGH,1,44658,T intersection,3,60,Arterial Other,GRIMSHAW,BANYULE,-37.70145,145.07333,2020,6,June,8,Morning Peak,Weekday
T20200012380,2020-06-26,16:05:00,1,Collision with vehicle,5,Friday,137,LEFT TURN SIDESWIPE,1,656269,Not at intersection,3,50,Local Road,CIRCLE,CASEY,-38.094227,145.27956,2020,6,June,16,Afternoon Peak,Weekday
T20200012381,2020-06-26,15:30:00,1,Collision with vehicle,5,Friday,121,RIGHT THROUGH,1,36366,Cross intersection,2,60,Arterial Other,PRINCES,MELBOURNE,-37.79258,144.97134,2020,6,June,15,Afternoon Peak,Weekday