ACCIDENT_NO,ACCIDENT_DATE,ACCIDENT_TIME,ACCIDENT_TYPE,ACCIDENT_TYPE_DESC,DAY_OF_WEEK,DAY_WEEK_DESC,DCA_CODE,DCA_DESC,LIGHT_CONDITION,NODE_ID,ROAD_GEOMETRY_DESC,SEVERITY,SPEED_ZONE,RMA,ROAD_NAME,LGA_NAME,LATITUDE,LONGITUDE,YEAR,MONTH,MONTH_NAME,HOUR,TIME_PERIOD,DAY_TYPE
T20200012373,2020-06-26,18:05:00,1,Collision with vehicle,5,Friday,110,CROSS TRAFFIC(INTERSECTIONS ONLY),3,60923,Cross intersection,3,50,Local Road,ASCOT,BALLARAT,-37.570908,143.84254,2020,6,June,18,Afternoon Peak,Weekday
T20200012368,2020-06-26,17:08:00,1,Collision with vehicle,5,Friday,110,CROSS TRAFFIC(INTERSECTIONS ONLY),1,54500,Cross intersection,2,70,Arterial Highway,RAGLAN,WARRNAMBOOL,-38.373974,142.47742,2020,6,June,17,Afternoon Peak,Weekday
T20200012336,2020-06-26,07:00:00,6,Vehicle overturned (no collision),5,Friday,170,OFF CARRIAGEWAY TO LEFT,2,729579,Not at intersection,2,100,Arterial Other,BALLAN,GEELONG,-38.015083,144.28613,2020,6,June,7,Morning Peak,Weekday
T20200012339,2020-06-26,11:20:00,1,Collision with vehicle,5,Friday,130,REAR END(VEHICLES IN SAME LANE),1,656205,T intersection,3,30,Arterial Other,GAFFNEY,MORELAND,-37.733517,144.96028,2020,6,June,11,Midday,Weekday
T20200012356,2020-06-26,13:00:00,1,Collision with vehicle,5,Friday,130,REAR END(VEHICLES IN SAME LANE),1,656704,Unknown,2,60,Arterial Other,JACKSONS,MONASH,-37.935455,145.19296,2020,6,June,13,Midday,Weekday
T20200012341,2020-06-26,10:30:00,1,Collision with vehicle,5,Friday,130,REAR END(VEHICLES IN SAME LANE),1,667770,Not at intersection,3,100,Arterial Highway,SOUTH GIPPSLAND,SOUTH GIPPSLAND,-38.51958,145.95184,2020,6,June,10,Midday,Weekday
T20200012344,2020-06-26,11:30:00,1,Collision with vehicle,5,Friday,135,LANE CHANGE LEFT (NOT OVERTAKING),1,341981,Not at intersection,3,80,Freeway,MELBOURNE ROAD -WILLIAMSTOWN,HOBSONS BAY,-37.82554,144.88104,2020,6,June,11,Midday,Weekday
T20200012397,2020-06-26,22:19:00,1,Collision with vehicle,5,Friday,130,REAR END(VEHICLES IN SAME LANE),3,762376,Not at intersection,3,70,Arterial Other,BALLAN,WYNDHAM,-37.897804,144.6409,2020,6,June,22,Night,Weekday
T20200012382,2020-06-26,17:01:00,1,Collision with vehicle,5,Friday,120,HEAD ON (NOT OVERTAKING),2,660882,T intersection,2,60,Arterial Other,BUCKLEY,MARIBYRNONG,-37.80344,144.89319,2020,6,June,17,Afternoon Peak,Weekday
T20200012448,2020-06-27,17:20:00,1,Collision with vehicle,6,Saturday,130,REAR END(VEHICLES IN SAME LANE),1,663329,Not at intersection,2,100,Freeway,GEELONG RING,GEELONG,-38.11263,144.32014,2020,6,June,17,Afternoon Peak,Weekend
T20200014391,2020-06-27,13:15:00,8,No collision and no object struck,6,Saturday,184,OUT OF CONTROL ON CARRIAGEWAY (ON BEND),1,658793,T intersection,2,50,Local Road,CANTERBURY,HUME,-37.5579,144.71158,2020,6,June,13,Midday,Weekend
T20200012424,2020-06-27,09:11:00,6,Vehicle overturned (no collision),6,Saturday,180,OFF CARRIAGEWAY ON RIGHT BEND,1,660883,Not at intersection,3,100,Arterial Other,WODONGA-YACKANDANDAH,INDIGO,-36.24793,146.92982,2020,6,June,9,Morning Peak,Weekend
T20200012420,2020-06-27,08:10:00,1,Collision with vehicle,6,Saturday,121,RIGHT THROUGH,1,36066,Unknown,2,60,Arterial Highway,RACECOURSE,MELBOURNE,-37.789173,144.94002,2020,6,June,8,Morning Peak,Weekend
T20200012449,2020-06-27,08:05:00,1,Collision with vehicle,6,Saturday,160,VEHICLE COLLIDES WITH VEHICLE PARKED ON LEFT OF ROAD,1,656875,Not at intersection,3,60,Arterial Other,HAWTHORN,GLEN EIRA,-37.87281,145.02469,2020,6,June,8,Morning Peak,Weekend
T20200013982,2020-06-27,00:14:00,1,Collision with vehicle,6,Saturday,110,CROSS TRAFFIC(INTERSECTIONS ONLY),3,38236,Cross intersection,3,60,Arterial Highway,BANKSIA,BANYULE,-37.75969,145.06906,2020,6,June,0,Late Night,Weekend
T20200012711,2020-06-27,12:00:00,9,Other accident,6,Saturday,179,OTHER ACCIDENTS-OFF STRAIGHT NOT INCLUDED IN DCAs 170-175,1,656716,Not at intersection,3,100,Local Road,GINTER,MURRINDINDI,-37.32652,145.56325,2020,6,June,12,Midday,Weekend
T20200012437,2020-06-27,09:43:00,1,Collision with vehicle,6,Saturday,110,CROSS TRAFFIC(INTERSECTIONS ONLY),1,57670,Cross intersection,3,60,Arterial Highway,MANIFOLD,CORANGAMITE,-38.22938,143.14163,2020,6,June,9,Morning Peak,Weekend
T20200012429,2020-06-27,12:35:00,1,Collision with vehicle,6,Saturday,130,REAR END(VEHICLES IN SAME LANE),1,659342,Not at intersection,2,70,Arterial Highway,COLAC,GEELONG,-38.198345,144.31627,2020,6,June,12,Midday,Weekend
T20200012430,2020-06-27,13:20:00,1,Collision with vehicle,6,Saturday,140,U TURN,1,656270,T intersection,2,50,Arterial Other,BARKLY,PORT PHILLIP,-37.86443,144.98172,2020,6,June,13,Midday,Weekend
T20200012418,2020-06-27,06:35:00,4,Collision with a fixed object,6,Saturday,171,LEFT OFF CARRIAGEWAY INTO OBJECT/PARKED VEHICLE,2,656547,Not at intersection,2,80,Local Road,SNELL,CARDINIA,-38.0509,145.59149,2020,6,June,6,Morning Peak,Weekend
T20200012633,2020-06-27,10:45:00,1,Collision with vehicle,6,Saturday,130,REAR END(VEHICLES IN SAME LANE),1,656809,Not at intersection,3,70,Arterial Highway,BULLEEN,BOROONDARA,-37.778404,145.07872,2020,6,June,10,Midday,Weekend
T20200012453,2020-06-27,17:25:00,1,Collision with vehicle,6,Saturday,120,HEAD ON (NOT OVERTAKING),2,656233,Not at intersection,1,100,Arterial Other,BAXTER-TOORADIN,CASEY,-38.204014,145.26097,2020,6,June,17,Afternoon Peak,Weekend
T20200012426,2020-06-27,09:31:00,1,Collision with vehicle,6,Saturday,160,VEHICLE COLLIDES WITH VEHICLE PARKED ON LEFT OF ROAD,1,656706,Not at intersection,2,40,Local Road,COBDEN,BOROONDARA,-37.80399,145.03578,2020,6,June,9,Morning Peak,Weekend
T20200012438,2020-06-27,14:58:00,1,Collision with vehicle,6,Saturday,121,RIGHT THROUGH,1,656707,Cross intersection,2,50,Arterial Other,ROWAN,WANGARATTA,-36.352886,146.32295,2020,6,June,14,Midday,Weekend
T20200012441,2020-06-27,16:40:00,4,Collision with a fixed object,6,Saturday,171,LEFT OFF CARRIAGEWAY INTO OBJECT/PARKED VEHICLE,1,272137,Not at intersection,2,60,Arterial Other,BEACH,BAYSIDE,-37.96396,145.01219,2020,6,June,16,Afternoon Peak,Weekend
T20200012444,2020-06-27,17:45:00,1,Collision with vehicle,6,Saturday,110,CROSS TRAFFIC(INTERSECTIONS ONLY),6,45602,Cross intersection,2,60,Local Road,ALBERT,MORELAND,-37.768105,144.95566,2020,6,June,17,Afternoon Peak,Weekend
T20200012446,2020-06-27,13:00:00,1,Collision with vehicle,6,Saturday,110,CROSS TRAFFIC(INTERSECTIONS ONLY),1,72920,Cross intersection,2,50,Local Road,SEPARATION,MORNINGTON PENINSULA,-38.226906,145.03972,2020,6,June,13,Midday,Weekend
T20200012556,2020-06-28,14:15:00,2,Struck Pedestrian,7,Sunday,103,PED PLAYING/LYING/WORKING/STANDING ON CARRIAGEWAY.,1,667397,T intersection,3,50,Arterial Highway,FOURTH STREET SERVICE,MOIRA,-35.92565,145.46878,2020,6,June,14,Midday,Weekend
T20200012567,2020-06-28,13:30:00,5,collision with some other object,7,Sunday,166,STRUCK OBJECT ON CARRIAGEWAY,1,656876,Not at intersection,2,100,Local Road,NURSERY,ALPINE,-36.711716,146.94356,2020,6,June,13,Midday,Weekend
T20200012883,2020-06-28,12:00:00,6,Vehicle overturned (no collision),7,Sunday,174,OUT OF CONTROL ON CARRIAGEWAY (ON STRAIGHT),1,657085,T intersection,2,60,Local Road,BENTONS,MORNINGTON PENINSULA,-38.250587,145.06287,2020,6,June,12,Midday,Weekend
T20200020191,2020-06-28,10:00:00,5,collision with some other object,7,Sunday,166,STRUCK OBJECT ON CARRIAGEWAY,1,667281,Not at intersection,2,80,Arterial Other,WOODS POINT,YARRA RANGES,-37.712624,145.80772,2020,6,June,10,Midday,Weekend
T20200012605,2020-06-28,14:15:00,1,Collision with vehicle,7,Sunday,131,LEFT REAR,1,656541,Not at intersection,3,80,Arterial Highway,NORTH,GLEN EIRA,-37.90821,145.07477,2020,6,June,14,Midday,Weekend
T20200012481,2020-06-28,09:45:00,1,Collision with vehicle,7,Sunday,152,PULLING OUT (OVERTAKING),1,656931,Cross intersection,2,100,Local Road,SANDY CREEK-BARNADOWN,BENDIGO,-36.669235,144.42279,2020,6,June,9,Morning Peak,Weekend
T20200012484,2020-06-28,11:50:00,1,Collision with vehicle,7,Sunday,132,RIGHT REAR.,1,50937,T intersection,3,80,Arterial Highway,MURRAY VALLEY,TOWONG,-36.217224,147.19135,2020,6,June,11,Midday,Weekend
T20200012490,2020-06-28,13:22:00,6,Vehicle overturned (no collision),7,Sunday,170,OFF CARRIAGEWAY TO LEFT,1,667399,Not at intersection,3,100,Local Road,OLD MAIL,MILDURA,-34.156895,141.92953,2020,6,June,13,Midday,Weekend
T20200012491,2020-06-28,12:26:00,4,Collision with a fixed object,7,Sunday,171,LEFT OFF CARRIAGEWAY INTO OBJECT/PARKED VEHICLE,1,656708,Not at intersection,2,100,Local Road,UNNAMED,CAMPASPE,-36.074886,144.67918,2020,6,June,12,Midday,Weekend
T20200012783,2020-06-28,12:30:00,1,Collision with vehicle,7,Sunday,140,U TURN,1,667642,Not at intersection,2,60,Arterial Other,BACCHUS MARSH,MOORABOOL,-37.688225,144.4747,2020,6,June,12,Midday,Weekend
T20200012568,2020-06-28,18:00:00,1,Collision with vehicle,7,Sunday,130,REAR END(VEHICLES IN SAME LANE),2,660133,Not at intersection,3,80,Local Road,DRUNG-JUNG,HORSHAM,-36.720627,142.32877,2020,6,June,18,Afternoon Peak,Weekend
T20200012476,2020-06-28,11:17:00,1,Collision with vehicle,7,Sunday,160,VEHICLE COLLIDES WITH VEHICLE PARKED ON LEFT OF ROAD,1,657162,Not at intersection,2,60,Arterial Other,BEACH,BAYSIDE,-37.986465,145.02617,2020,6,June,11,Midday,Weekend
T20200012501,2020-06-28,15:14:00,1,Collision with vehicle,7,Sunday,150,HEAD ON(OVERTAKING),1,658393,Not at intersection,2,80,Arterial Other,MONBULK,YARRA RANGES,-37.84073,145.42577,2020,6,June,15,Afternoon Peak,Weekend
T20200012494,2020-06-28,16:00:00,1,Collision with vehicle,7,Sunday,130,REAR END(VEHICLES IN SAME LANE),1,667032,Not at intersection,2,80,Arterial Highway,MIDLAND,HEPBURN,-37.34602,144.12729,2020,6,June,16,Afternoon Peak,Weekend
T20200012474,2020-06-28,08:30:00,1,Collision with vehicle,7,Sunday,121,RIGHT THROUGH,1,50051,Cross intersection,3,70,Arterial Highway,LATROBE TERRACE -SETTLEMENT,GEELONG,-38.160397,144.35019,2020,6,June,8,Morning Peak,Weekend
T20200012813,2020-06-28,13:00:00,1,Collision with vehicle,7,Sunday,131,LEFT REAR,1,278771,Multiple intersection,3,60,Freeway,ANGLESEA ROAD -GEELONG RING OUT-ANGLESEA,GEELONG,-38.218166,144.28802,2020,6,June,13,Midday,Weekend
T20200012495,2020-06-28,15:30:00,1,Collision with vehicle,7,Sunday,113,RIGHT NEAR (INTERSECTIONS ONLY),1,298153,Multiple intersection,2,80,Freeway,PENINSULA LINK OUT-FRANKSTON-FLINDERS,MORNINGTON PENINSULA,-38.197353,145.15015,2020,6,June,15,Afternoon Peak,Weekend
T20200013276,2020-06-28,00:50:00,4,Collision with a fixed object,7,Sunday,171,LEFT OFF CARRIAGEWAY INTO OBJECT/PARKED VEHICLE,6,660212,Not at intersection,3,40,Local Road,JUSTIN,CASEY,-38.026226,145.27176,2020,6,June,0,Late Night,Weekend
T20200012470,2020-06-28,05:50:00,1,Collision with vehicle,7,Sunday,130,REAR END(VEHICLES IN SAME LANE),3,659154,Not at intersection,2,100,Freeway,CALDER,MOONEE VALLEY,-37.732132,144.87936,2020,6,June,5,Morning Peak,Weekend
T20200012469,2020-06-28,02:42:00,4,Collision with a fixed object,7,Sunday,183,OFF LEFT BEND INTO OBJECT/PARKED VEHICLE,3,668178,Not at intersection,3,50,Local Road,BAILLIE,HORSHAM,-36.7119,142.18784,2020,6,June,2,Late Night,Weekend
T20200012497,2020-06-28,14:45:00,1,Collision with vehicle,7,Sunday,113,RIGHT NEAR (INTERSECTIONS ONLY),1,656806,T intersection,2,100,Arterial Other,HEATHCOTE-ROCHESTER,BENDIGO,-36.807774,144.71507,2020,6,June,14,Midday,Weekend
T20200012493,2020-06-28,14:31:00,1,Collision with vehicle,7,Sunday,152,PULLING OUT (OVERTAKING),1,656709,Cross intersection,2,60,Local Road,CAMERON,BASS COAST,-38.61499,145.58534,2020,6,June,14,Midday,Weekend
T20200012468,2020-06-28,05:00:00,4,Collision with a fixed object,7,Sunday,171,LEFT OFF CARRIAGEWAY INTO OBJECT/PARKED VEHICLE,4,729324,Not at intersection,2,50,Local Road,REYNARD,MORELAND,-37.747776,144.95634,2020,6,June,5,Morning Peak,Weekend
T20200012500,2020-06-28,15:50:00,1,Collision with vehicle,7,Sunday,113,RIGHT NEAR (INTERSECTIONS ONLY),1,51770,T intersection,2,100,Arterial Highway,GOULBURN VALLEY,MITCHELL,-37.007706,145.14706,2020,6,June,15,Afternoon Peak,Weekend
T20200012504,2020-06-28,12:30:00,1,Collision with vehicle,7,Sunday,120,HEAD ON (NOT OVERTAKING),1,667643,Not at intersection,3,100,Local Road,LONG RANGE,INDIGO,-36.285187,146.614,2020,6,June,12,Midday,Weekend
T20200012505,2020-06-28,14:21:00,4,Collision with a fixed object,7,Sunday,181,OFF RIGHT BEND INTO OBJECT/PARKED VEHICLE,1,656297,T intersection,1,100,Arterial Other,MANSFIELD-WHITFIELD,WANGARATTA,-36.765778,146.3584,2020,6,June,14,Midday,Weekend
T20200012509,2020-06-28,17:30:00,4,Collision with a fixed object,7,Sunday,171,LEFT OFF CARRIAGEWAY INTO OBJECT/PARKED VEHICLE,5,657284,Not at intersection,2,80,Arterial Other,MELBOURNE,HEPBURN,-37.44422,143.92596,2020,6,June,17,Afternoon Peak,Weekend
T20200012514,2020-06-28,18:15:00,2,Struck Pedestrian,7,Sunday,103,PED PLAYING/LYING/WORKING/STANDING ON CARRIAGEWAY.,3,664671,Not at intersection,2,50,Local Road,LEAWARRA,BALLARAT,-37.584324,143.82425,2020,6,June,18,Afternoon Peak,Weekend
T20200012517,2020-06-28,22:30:00,4,Collision with a fixed object,7,Sunday,181,OFF RIGHT BEND INTO OBJECT/PARKED VEHICLE,3,661249,Not at intersection,2,50,Local Road,REBECCA,MELTON,-37.764256,144.74905,2020,6,June,22,Night,Weekend
T20200013313,2020-06-28,14:40:00,1,Collision with vehicle,7,Sunday,111,RIGHT FAR (INTERSECTIONS ONLY),1,29700,Cross intersection,3,80,Arterial Highway,NEPEAN,KINGSTON,-37.998302,145.0838,2020,6,June,14,Midday,Weekend
T20200012615,2020-06-28,07:30:00,3,Struck animal,7,Sunday,167,STRUCK ANIMAL,2,656711,Not at intersection,3,100,Local Road,PYALONG,MACEDON RANGES,-37.241333,144.75395,2020,6,June,7,Morning Peak,Weekend
T20200012549,2020-06-28,17:10:00,1,Collision with vehicle,7,Sunday,132,RIGHT REAR.,2,656426,T intersection,3,60,Local Road,LAKE VIEW,MOYNE,-38.308266,142.37355,2020,6,June,17,Afternoon Peak,Weekend
T20200014723,2020-06-28,15:00:00,1,Collision with vehicle,7,Sunday,121,RIGHT THROUGH,1,40191,T intersection,3,60,Arterial Other,ORRONG,STONNINGTON,-37.857788,145.01096,2020,6,June,15,Afternoon Peak,Weekend
T20200012526,2020-06-29,08:45:00,1,Collision with vehicle,1,Monday,130,REAR END(VEHICLES IN SAME LANE),1,667389,Not at intersection,2,60,Arterial Other,BURKE,STONNINGTON,-37.871796,145.04898,2020,6,June,8,Morning Peak,Weekday
T20200012555,2020-06-29,08:16:00,2,Struck Pedestrian,1,Monday,100,PED NEAR SIDE. PED HIT BY VEHICLE FROM THE RIGHT.,1,666923,Not at intersection,3,60,Arterial Other,GORDON,MARIBYRNONG,-37.79105,144.88953,2020,6,June,8,Morning Peak,Weekday
T20200012583,2020-06-29,18:21:00,2,Struck Pedestrian,1,Monday,102,FAR SIDE. PED HIT BY VEHICLE FROM THE LEFT,3,658014,Not at intersection,2,60,Arterial Highway,PUNT,STONNINGTON,-37.84579,144.985,2020,6,June,18,Afternoon Peak,Weekday
T20200012558,2020-06-29,12:53:00,1,Collision with vehicle,1,Monday,132,RIGHT REAR.,1,46960,Cross intersection,2,60,Local Road,DOHERTYS,WYNDHAM,-37.822685,144.7214,2020,6,June,12,Midday,Weekday
T20200012564,2020-06-29,13:15:00,1,Collision with vehicle,1,Monday,132,RIGHT REAR.,1,17640,Cross intersection,2,60,Arterial Highway,GREAT ALPINE,WANGARATTA,-36.394806,146.45412,2020,6,June,13,Midday,Weekday
T20200012565,2020-06-29,14:30:00,1,Collision with vehicle,1,Monday,121,RIGHT THROUGH,1,51395,Cross intersection,3,50,Local Road,HARE,CAMPASPE,-36.12845,144.74968,2020,6,June,14,Midday,Weekday
T20200012528,2020-06-29,08:40:00,2,Struck Pedestrian,1,Monday,100,PED NEAR SIDE. PED HIT BY VEHICLE FROM THE RIGHT.,1,667,Cross intersection,3,60,Arterial Highway,BRIGHTON ROAD -NEPEAN,BAYSIDE,-37.883804,144.99686,2020,6,June,8,Morning Peak,Weekday
T20200012581,2020-06-29,15:43:00,1,Collision with vehicle,1,Monday,120,HEAD ON (NOT OVERTAKING),1,677130,Not at intersection,2,70,Arterial Other,CANTERBURY,MAROONDAH,-37.832256,145.26564,2020,6,June,15,Afternoon Peak,Weekday
T20200012533,2020-06-29,07:26:00,1,Collision with vehicle,1,Monday,116,LEFT NEAR (INTERSECTIONS ONLY),1,43317,Cross intersection,3,60,Arterial Other,MCLEOD,KINGSTON,-38.0757,145.12491,2020,6,June,7,Morning Peak,Weekday
T20200012570,2020-06-29,09:30:00,4,Collision with a fixed object,1,Monday,183,OFF LEFT BEND INTO OBJECT/PARKED VEHICLE,1,660680,Not at intersection,1,80,Arterial Other,BONANG,EAST GIPPSLAND,-37.455788,148.57417,2020,6,June,9,Morning Peak,Weekday
T20200012579,2020-06-29,18:30:00,2,Struck Pedestrian,1,Monday,102,FAR SIDE. PED HIT BY VEHICLE FROM THE LEFT,3,38764,Cross intersection,3,60,Arterial Highway,GEELONG,MARIBYRNONG,-37.796494,144.89694,2020,6,June,18,Afternoon Peak,Weekday
T20200012572,2020-06-29,15:30:00,1,Collision with vehicle,1,Monday,110,CROSS TRAFFIC(INTERSECTIONS ONLY),1,668382,Cross intersection,2,50,Local Road,HUME,MOIRA,-36.011036,146.00594,2020,6,June,15,Afternoon Peak,Weekday
T20200012830,2020-06-29,17:45:00,1,Collision with vehicle,1,Monday,130,REAR END(VEHICLES IN SAME LANE),2,332697,Cross intersection,3,60,Arterial Highway,NEPEAN,MORNINGTON PENINSULA,-38.19075,145.09479,2020,6,June,17,Afternoon Peak,Weekday
T20200012574,2020-06-29,15:55:00,1,Collision with vehicle,1,Monday,147,VEHICLE STRIKES ANOTHER VEH WHILE EMERGING FROM DRIVEWAY,1,656933,T intersection,3,50,Local Road,PERIDOT,CARDINIA,-38.073666,145.43042,2020,6,June,15,Afternoon Peak,Weekday
T20200012621,2020-06-29,15:45:00,1,Collision with vehicle,1,Monday,111,RIGHT FAR (INTERSECTIONS ONLY),1,41217,Cross intersection,2,60,Local Road,CLARENCE,GLEN EIRA,-37.89197,145.00858,2020,6,June,15,Afternoon Peak,Weekday
T20200013240,2020-06-29,16:50:00,1,Collision with vehicle,1,Monday,147,VEHICLE STRIKES ANOTHER VEH WHILE EMERGING FROM DRIVEWAY,1,666921,Not at intersection,3,40,Arterial Other,TOORAK,MELBOURNE,-37.838284,144.98622,2020,6,June,16,Afternoon Peak,Weekday
T20200012578,2020-06-29,17:24:00,1,Collision with vehicle,1,Monday,121,RIGHT THROUGH,2,255498,Cross intersection,3,80,Local Road,COSGROVE-LEMNOS,SHEPPARTON,-36.347523,145.46196,2020,6,June,17,Afternoon Peak,Weekday
T20200012544,2020-06-29,09:05:00,1,Collision with vehicle,1,Monday,110,CROSS TRAFFIC(INTERSECTIONS ONLY),1,46152,Cross intersection,3,80,Arterial Highway,NEPEAN,MORNINGTON PENINSULA,-38.19511,145.09131,2020,6,June,9,Morning Peak,Weekday
T20200013747,2020-06-29,10:00:00,1,Collision with vehicle,1,Monday,130,REAR END(VEHICLES IN SAME LANE),1,678241,Cross intersection,3,60,Arterial Other,MAIN,HEPBURN,-37.318222,144.13858,2020,6,June,10,Midday,Weekday
T20200012683,2020-06-29,17:00:00,1,Collision with vehicle,1,Monday,121,RIGHT THROUGH,1,656619,T intersection,3,60,Local Road,EXETER,MAROONDAH,-37.769894,145.28883,2020,6,June,17,Afternoon Peak,Weekday
T20200014168,2020-06-29,16:09:00,1,Collision with vehicle,1,Monday,130,REAR END(VEHICLES IN SAME LANE),1,675403,Not at intersection,3,80,Freeway,MONASH,MONASH,-37.888966,145.11488,2020,6,June,16,Afternoon Peak,Weekday
T20200012607,2020-06-29,18:30:00,1,Collision with vehicle,1,Monday,142,LEAVING PARKING,1,110576,Not at intersection,3,60,Arterial Other,MAIN,BRIMBANK,-37.745667,144.81184,2020,6,June,18,Afternoon Peak,Weekday
T20200014486,2020-06-29,14:10:00,1,Collision with vehicle,1,Monday,135,LANE CHANGE LEFT (NOT OVERTAKING),1,658935,Not at intersection,3,100,Freeway,MONASH,MONASH,-37.926945,145.18214,2020,6,June,14,Midday,Weekday
T20200012545,2020-06-29,11:05:00,3,Struck animal,1,Monday,167,STRUCK ANIMAL,1,666922,Not at intersection,3,50,Local Road,BELMORE,WARRNAMBOOL,-38.391804,142.50063,2020,6,June,11,Midday,Weekday
T20200012608,2020-06-29,16:20:00,1,Collision with vehicle,1,Monday,142,LEAVING PARKING,2,657596,Not at intersection,2,50,Arterial Highway,NEILL,PYRENEES,-37.42979,143.38283,2020,6,June,16,Afternoon Peak,Weekday
T20200012609,2020-06-29,11:40:00,1,Collision with vehicle,1,Monday,130,REAR END(VEHICLES IN SAME LANE),1,337457,Cross intersection,2,60,Arterial Other,FITZGERALD,WYNDHAM,-37.844143,144.78186,2020,6,June,11,Midday,Weekday
T20200012589,2020-06-29,23:40:00,4,Collision with a fixed object,1,Monday,110,CROSS TRAFFIC(INTERSECTIONS ONLY),3,29424,Cross intersection,3,40,Local Road,DONALD,MARIBYRNONG,-37.798233,144.8984,2020,6,June,23,Night,Weekday
T20200012523,2020-06-29,06:50:00,2,Struck Pedestrian,1,Monday,102,FAR SIDE. PED HIT BY VEHICLE FROM THE LEFT,5,61028,T intersection,3,50,Local Road,BEE,HUME,-37.59663,144.94003,2020,6,June,6,Morning Peak,Weekday
T20200013941,2020-06-29,06:55:00,1,Collision with vehicle,1,Monday,130,REAR END(VEHICLES IN SAME LANE),3,658255,T intersection,3,60,Arterial Other,KINGSTON,KINGSTON,-37.953625,145.08063,2020,6,June,6,Morning Peak,Weekday
T20200012546,2020-06-29,12:10:00,1,Collision with vehicle,1,Monday,110,CROSS TRAFFIC(INTERSECTIONS ONLY),1,43090,Cross intersection,2,60,Arterial Highway,STUD,DANDENONG,-37.9856,145.22066,2020,6,June,12,Midday,Weekday
T20200012584,2020-06-29,17:47:00,1,Collision with vehicle,1,Monday,110,CROSS TRAFFIC(INTERSECTIONS ONLY),3,39660,Cross intersection,3,50,Local Road,CAROLINE,MAROONDAH,-37.819496,145.23419,2020,6,June,17,Afternoon Peak,Weekday
T20200012535,2020-06-29,08:15:00,4,Collision with a fixed object,1,Monday,171,LEFT OFF CARRIAGEWAY INTO OBJECT/PARKED VEHICLE,1,666913,Not at intersection,3,100,Arterial Other,BENDIGO-MARYBOROUGH,BENDIGO,-36.815002,144.10925,2020,6,June,8,Morning Peak,Weekday
T20200012547,2020-06-29,12:01:00,1,Collision with vehicle,1,Monday,121,RIGHT THROUGH,1,656540,Not at intersection,3,50,Local Road,MONAHANS,CASEY,-38.10344,145.26653,2020,6,June,12,Midday,Weekday
T20200012525,2020-06-29,06:10:00,1,Collision with vehicle,1,Monday,160,VEHICLE COLLIDES WITH VEHICLE PARKED ON LEFT OF ROAD,3,773496,Not at intersection,3,70,Arterial Highway,BELLARINE,GEELONG,-38.168976,144.38596,2020,6,June,6,Morning Peak,Weekday
T20200012576,2020-06-29,14:40:00,4,Collision with a fixed object,1,Monday,171,LEFT OFF CARRIAGEWAY INTO OBJECT/PARKED VEHICLE,1,662631,Not at intersection,2,100,Arterial Highway,WIMMERA,LODDON,-36.74056,143.8513,2020,6,June,14,Midday,Weekday
T20200012552,2020-06-29,09:00:00,1,Collision with vehicle,1,Monday,110,CROSS TRAFFIC(INTERSECTIONS ONLY),1,49794,Cross intersection,2,50,Local Road,DOYLE,GEELONG,-38.115273,144.34372,2020,6,June,9,Morning Peak,Weekday
T20200012527,2020-06-29,09:01:00,1,Collision with vehicle,1,Monday,116,LEFT NEAR (INTERSECTIONS ONLY),1,69891,Cross intersection,2,60,Arterial Highway,WORTHING,KINGSTON,-37.941124,145.0401,2020,6,June,9,Morning Peak,Weekday
T20200013030,2020-06-30,14:30:00,1,Collision with vehicle,2,Tuesday,131,LEFT REAR,1,42467,Cross intersection,3,30,Arterial Other,WESTALL,DANDENONG,-37.9314,145.14183,2020,6,June,14,Midday,Weekday
T20200012702,2020-06-30,19:30:00,1,Collision with vehicle,2,Tuesday,110,CROSS TRAFFIC(INTERSECTIONS ONLY),3,35363,Cross intersection,3,40,Local Road,LONSDALE,MELBOURNE,-37.81156,144.96474,2020,6,June,19,Night,Weekday
T20200013311,2020-06-30,16:00:00,1,Collision with vehicle,2,Tuesday,110,CROSS TRAFFIC(INTERSECTIONS ONLY),1,30166,Cross intersection,3,80,Arterial Other,DOYLES,SHEPPARTON,-36.398926,145.43182,2020,6,June,16,Afternoon Peak,Weekday
T20200015673,2020-06-30,09:23:00,1,Collision with vehicle,2,Tuesday,139,OTHER SAME DIRECTION-MANOUEVRES NOT INCLUDED IN DCAs 130-137,1,39892,Cross intersection,3,80,Arterial Other,MAIDSTONE,HOBSONS BAY,-37.847317,144.80942,2020,6,June,9,Morning Peak,Weekday
T20200013131,2020-06-30,07:30:00,5,collision with some other object,2,Tuesday,171,LEFT OFF CARRIAGEWAY INTO OBJECT/PARKED VEHICLE,1,658172,Not at intersection,3,60,Arterial Other,SCORESBY,KNOX,-37.862896,145.26581,2020,6,June,7,Morning Peak,Weekday
T20200012922,2020-06-30,17:15:00,1,Collision with vehicle,2,Tuesday,113,RIGHT NEAR (INTERSECTIONS ONLY),3,67861,T intersection,3,60,Arterial Other,HIGH STREET,MONASH,-37.86677,145.10143,2020,6,June,17,Afternoon Peak,Weekday
T20200013579,2020-06-30,11:45:00,1,Collision with vehicle,2,Tuesday,130,REAR END(VEHICLES IN SAME LANE),1,660446,Not at intersection,3,60,Arterial Other,ST ALBANS,BRIMBANK,-37.777157,144.82556,2020,6,June,11,Midday,Weekday
T20200012593,2020-06-30,01:40:00,4,Collision with a fixed object,2,Tuesday,183,OFF LEFT BEND INTO OBJECT/PARKED VEHICLE,3,661273,Not at intersection,2,60,Arterial Other,WONGA,MAROONDAH,-37.768234,145.2453,2020,6,June,1,Late Night,Weekday
T20200012598,2020-06-30,07:35:00,6,Vehicle overturned (no collision),2,Tuesday,182,OFF CARRIAGEWAY ON LEFT BEND,1,666321,Not at intersection,3,80,Arterial Other,ELTHAM-YARRA GLEN,NILLUMBIK,-37.664467,145.26448,2020,6,June,7,Morning Peak,Weekday