ACCIDENT_NO,ACCIDENT_DATE,ACCIDENT_TIME,ACCIDENT_TYPE,ACCIDENT_TYPE_DESC,DAY_OF_WEEK,DAY_WEEK_DESC,DCA_CODE,DCA_DESC,LIGHT_CONDITION,NODE_ID,ROAD_GEOMETRY_DESC,SEVERITY,SPEED_ZONE,RMA,ROAD_NAME,LGA_NAME,LATITUDE,LONGITUDE,YEAR,MONTH,MONTH_NAME,HOUR,TIME_PERIOD,DAY_TYPE
T20200012599,2020-06-30,06:30:00,4,Collision with a fixed object,2,Tuesday,171,LEFT OFF CARRIAGEWAY INTO OBJECT/PARKED VEHICLE,3,729584,Not at intersection,2,80,Arterial Other,PORTARLINGTON,GEELONG,-38.175343,144.4655,2020,6,June,6,Morning Peak,Weekday
T20200012604,2020-06-30,09:27:00,4,Collision with a fixed object,2,Tuesday,171,LEFT OFF CARRIAGEWAY INTO OBJECT/PARKED VEHICLE,1,38092,Cross intersection,3,60,Arterial Other,HEIDELBERG,YARRA,-37.78194,145.02504,2020,6,June,9,Morning Peak,Weekday
T20200012624,2020-06-30,14:30:00,1,Collision with vehicle,2,Tuesday,140,U TURN,1,656612,Not at intersection,3,40,Local Road,RUSSELL,MELBOURNE,-37.816113,144.96962,2020,6,June,14,Midday,Weekday
T20200015572,2020-06-30,09:00:00,1,Collision with vehicle,2,Tuesday,110,CROSS TRAFFIC(INTERSECTIONS ONLY),1,33748,Cross intersection,3,50,Local Road,CURIE,MORELAND,-37.716484,144.92421,2020,6,June,9,Morning Peak,Weekday
T20200012626,2020-06-30,14:30:00,8,No collision and no object struck,2,Tuesday,194,PARKED CAR RUN AWAY,1,656613,Not at intersection,2,50,Local Road,STOKES,NILLUMBIK,-37.71577,145.16844,2020,6,June,14,Midday,Weekday
T20200012627,2020-06-30,13:05:00,1,Collision with vehicle,2,Tuesday,135,LANE CHANGE LEFT (NOT OVERTAKING),1,657318,Not at intersection,2,60,Arterial Other,MT ALEXANDER,MOONEE VALLEY,-37.75603,144.91838,2020,6,June,13,Midday,Weekday
T20200012629,2020-06-30,09:50:00,1,Collision with vehicle,2,Tuesday,135,LANE CHANGE LEFT (NOT OVERTAKING),1,656712,Multiple intersection,3,80,Arterial Other,COOPER,WHITTLESEA,-37.64815,144.99161,2020,6,June,9,Morning Peak,Weekday
T20200012882,2020-06-30,14:45:00,1,Collision with vehicle,2,Tuesday,136,RIGHT TURN SIDESWIPE,1,35302,Cross intersection,3,40,Arterial Other,CLARENDON,PORT PHILLIP,-37.830788,144.95955,2020,6,June,14,Midday,Weekday
T20200012988,2020-06-30,04:45:00,4,Collision with a fixed object,2,Tuesday,183,OFF LEFT BEND INTO OBJECT/PARKED VEHICLE,5,666320,Not at intersection,3,100,Local Road,COLAC-LORNE,COLAC OTWAY,-38.371048,143.74632,2020,6,June,4,Late Night,Weekday
T20200012641,2020-06-30,16:23:00,1,Collision with vehicle,2,Tuesday,111,RIGHT FAR (INTERSECTIONS ONLY),1,41575,T intersection,3,60,Arterial Highway,NORTH,MONASH,-37.909977,145.0892,2020,6,June,16,Afternoon Peak,Weekday
T20200012653,2020-06-30,17:38:00,2,Struck Pedestrian,2,Tuesday,100,PED NEAR SIDE. PED HIT BY VEHICLE FROM THE RIGHT.,3,656616,Not at intersection,3,40,Arterial Other,MURRAY,DAREBIN,-37.73669,144.99113,2020,6,June,17,Afternoon Peak,Weekday
T20200012654,2020-06-30,19:35:00,2,Struck Pedestrian,2,Tuesday,103,PED PLAYING/LYING/WORKING/STANDING ON CARRIAGEWAY.,5,656617,Not at intersection,2,60,Arterial Other,GRUBB,GEELONG,-38.24857,144.5374,2020,6,June,19,Night,Weekday
T20200012656,2020-06-30,18:50:00,8,No collision and no object struck,2,Tuesday,194,PARKED CAR RUN AWAY,3,656713,Not at intersection,3,50,Local Road,VALLEY LAKE,MOONEE VALLEY,-37.739494,144.87543,2020,6,June,18,Afternoon Peak,Weekday
T20200012658,2020-06-30,21:04:00,5,collision with some other object,2,Tuesday,171,LEFT OFF CARRIAGEWAY INTO OBJECT/PARKED VEHICLE,3,66058,T intersection,3,40,Arterial Other,BRIDGE,YARRA,-37.81812,144.99507,2020,6,June,21,Night,Weekday
T20200013306,2020-06-30,20:15:00,6,Vehicle overturned (no collision),2,Tuesday,174,OUT OF CONTROL ON CARRIAGEWAY (ON STRAIGHT),3,309470,Cross intersection,3,70,Arterial Highway,KINGS,PORT PHILLIP,-37.830914,144.96512,2020,6,June,20,Night,Weekday
T20200012669,2020-06-30,15:30:00,1,Collision with vehicle,2,Tuesday,130,REAR END(VEHICLES IN SAME LANE),1,660373,Not at intersection,3,70,Arterial Highway,KINGS,PORT PHILLIP,-37.834267,144.96925,2020,6,June,15,Afternoon Peak,Weekday
T20200013994,2020-06-30,13:22:00,1,Collision with vehicle,2,Tuesday,132,RIGHT REAR.,1,658408,T intersection,3,60,Arterial Other,MITCHAM,WHITEHORSE,-37.806374,145.19084,2020,6,June,13,Midday,Weekday
T20200012644,2020-06-30,17:45:00,1,Collision with vehicle,2,Tuesday,160,VEHICLE COLLIDES WITH VEHICLE PARKED ON LEFT OF ROAD,3,657248,Not at intersection,3,50,Local Road,KELLY,KNOX,-37.8394,145.25423,2020,6,June,17,Afternoon Peak,Weekday
T20200012749,2020-07-01,21:33:00,1,Collision with vehicle,3,Wednesday,121,RIGHT THROUGH,3,355572,T intersection,3,80,Arterial Highway,DANDENONG,DANDENONG,-37.92479,145.14352,2020,7,July,21,Night,Weekday
T20200012733,2020-07-01,14:15:00,1,Collision with vehicle,3,Wednesday,114,TWO RIGHT TURNING (INTERSECTIONS ONLY),1,38462,T intersection,3,60,Local Road,BERESFORD,YARRA RANGES,-37.749676,145.33658,2020,7,July,14,Midday,Weekday
T20200012906,2020-07-01,03:00:00,1,Collision with vehicle,3,Wednesday,130,REAR END(VEHICLES IN SAME LANE),5,664719,Not at intersection,2,40,Freeway,MONASH,MONASH,-37.898636,145.14967,2020,7,July,3,Late Night,Weekday
T20200012739,2020-07-01,17:36:00,1,Collision with vehicle,3,Wednesday,111,RIGHT FAR (INTERSECTIONS ONLY),3,66517,T intersection,2,60,Arterial Other,BLACKSHAWS,HOBSONS BAY,-37.829796,144.83557,2020,7,July,17,Afternoon Peak,Weekday
T20200014316,2020-07-01,21:00:00,4,Collision with a fixed object,3,Wednesday,181,OFF RIGHT BEND INTO OBJECT/PARKED VEHICLE,5,664772,Not at intersection,3,100,Arterial Highway,BASS,BASS COAST,-38.330128,145.5485,2020,7,July,21,Night,Weekday
T20200012664,2020-07-01,01:15:00,4,Collision with a fixed object,3,Wednesday,171,LEFT OFF CARRIAGEWAY INTO OBJECT/PARKED VEHICLE,5,661362,Not at intersection,2,100,Freeway,PRINCES,CARDINIA,-38.076664,145.41838,2020,7,July,1,Late Night,Weekday
T20200013197,2020-07-01,06:30:00,1,Collision with vehicle,3,Wednesday,132,RIGHT REAR.,5,36276,Not at intersection,3,50,Arterial Highway,VENTNOR,BASS COAST,-38.463642,145.23898,2020,7,July,6,Morning Peak,Weekday
T20200012735,2020-07-01,14:15:00,2,Struck Pedestrian,3,Wednesday,102,FAR SIDE. PED HIT BY VEHICLE FROM THE LEFT,1,40246,T intersection,2,60,Local Road,KOOYONG,STONNINGTON,-37.857307,145.02039,2020,7,July,14,Midday,Weekday
T20200012717,2020-07-01,15:55:00,1,Collision with vehicle,3,Wednesday,121,RIGHT THROUGH,1,42310,T intersection,2,60,Arterial Highway,WARRIGAL,KINGSTON,-37.95472,145.07648,2020,7,July,15,Afternoon Peak,Weekday
T20200012743,2020-07-01,19:50:00,1,Collision with vehicle,3,Wednesday,121,RIGHT THROUGH,3,40612,Cross intersection,2,60,Arterial Highway,BURWOOD,WHITEHORSE,-37.85063,145.09921,2020,7,July,19,Night,Weekday
T20200012693,2020-07-01,12:00:00,1,Collision with vehicle,3,Wednesday,130,REAR END(VEHICLES IN SAME LANE),1,46627,T intersection,3,60,Local Road,COPPERFIELD,BRIMBANK,-37.725986,144.76788,2020,7,July,12,Midday,Weekday
T20200012707,2020-07-01,14:40:00,6,Vehicle overturned (no collision),3,Wednesday,174,OUT OF CONTROL ON CARRIAGEWAY (ON STRAIGHT),1,660134,Not at intersection,2,90,Arterial Highway,DANDENONG-HASTINGS,DANDENONG,-38.051754,145.24437,2020,7,July,14,Midday,Weekday
T20200012701,2020-07-01,13:49:00,1,Collision with vehicle,3,Wednesday,136,RIGHT TURN SIDESWIPE,1,668471,Not at intersection,3,50,Local Road,NAPIER,MOONEE VALLEY,-37.73506,144.91896,2020,7,July,13,Midday,Weekday
T20200012691,2020-07-01,12:52:00,1,Collision with vehicle,3,Wednesday,140,U TURN,1,51004,Cross intersection,3,50,Local Road,PERRY,WANGARATTA,-36.36296,146.3176,2020,7,July,12,Midday,Weekday
T20200013415,2020-07-01,11:00:00,1,Collision with vehicle,3,Wednesday,136,RIGHT TURN SIDESWIPE,1,658629,Not at intersection,3,50,Local Road,CHIFLEY,DAREBIN,-37.742214,145.03065,2020,7,July,11,Midday,Weekday
T20200012768,2020-07-01,13:41:00,4,Collision with a fixed object,3,Wednesday,181,OFF RIGHT BEND INTO OBJECT/PARKED VEHICLE,1,664702,Not at intersection,2,50,Local Road,GUEST,BRIMBANK,-37.74668,144.7706,2020,7,July,13,Midday,Weekday
T20200012763,2020-07-01,23:49:00,1,Collision with vehicle,3,Wednesday,169,OTHER ON PATH,3,662609,Not at intersection,3,50,Local Road,OLIVER,MAROONDAH,-37.808468,145.23714,2020,7,July,23,Night,Weekday
T20200012692,2020-07-01,12:45:00,1,Collision with vehicle,3,Wednesday,147,VEHICLE STRIKES ANOTHER VEH WHILE EMERGING FROM DRIVEWAY,1,656935,Not at intersection,2,50,Local Road,BREN,BENDIGO,-36.765804,144.30254,2020,7,July,12,Midday,Weekday
T20200012663,2020-07-01,00:45:00,1,Collision with vehicle,3,Wednesday,199,UNKNOWN-NO DETAILS ON MANOEUVRES OF ROAD-USERS IN ACCIDENT,3,699617,Not at intersection,3,80,Arterial Other,NARRE WARREN NORTH,CASEY,-37.986275,145.3127,2020,7,July,0,Late Night,Weekday
T20200012754,2020-07-01,22:50:00,4,Collision with a fixed object,3,Wednesday,183,OFF LEFT BEND INTO OBJECT/PARKED VEHICLE,5,656585,Not at intersection,1,100,Arterial Highway,MURRAY VALLEY,MOIRA,-35.95979,145.69412,2020,7,July,22,Night,Weekday
T20200014115,2020-07-01,13:08:00,1,Collision with vehicle,3,Wednesday,113,RIGHT NEAR (INTERSECTIONS ONLY),1,858,T intersection,2,60,Local Road,BENNET,DANDENONG,-37.989155,145.19908,2020,7,July,13,Midday,Weekday
T20200012751,2020-07-01,23:46:00,4,Collision with a fixed object,3,Wednesday,173,RIGHT OFF CARRIAGEWAY INTO OBJECT/PARKED VEHICLE,3,664718,Not at intersection,3,50,Local Road,COLLEGE,WANGARATTA,-36.3387,146.31282,2020,7,July,23,Night,Weekday
T20200012750,2020-07-01,19:00:00,1,Collision with vehicle,3,Wednesday,121,RIGHT THROUGH,3,68281,T intersection,3,60,Arterial Other,WAVERLEY,MONASH,-37.880848,145.09456,2020,7,July,19,Night,Weekday
T20200012722,2020-07-01,16:05:00,1,Collision with vehicle,3,Wednesday,130,REAR END(VEHICLES IN SAME LANE),1,656718,Not at intersection,3,70,Arterial Other,SYDNEY,HUME,-37.690697,144.95842,2020,7,July,16,Afternoon Peak,Weekday
T20200012744,2020-07-01,13:52:00,1,Collision with vehicle,3,Wednesday,132,RIGHT REAR.,1,661402,Not at intersection,3,100,Arterial Highway,DANDENONG-HASTINGS,FRANKSTON,-38.19948,145.21593,2020,7,July,13,Midday,Weekday
T20200012745,2020-07-01,21:50:00,1,Collision with vehicle,3,Wednesday,110,CROSS TRAFFIC(INTERSECTIONS ONLY),3,29785,Cross intersection,3,60,Arterial Other,HIGH,WHITTLESEA,-37.651882,145.02371,2020,7,July,21,Night,Weekday
T20200014473,2020-07-01,14:50:00,1,Collision with vehicle,3,Wednesday,135,LANE CHANGE LEFT (NOT OVERTAKING),1,773410,Not at intersection,3,60,Arterial Highway,BRIGHTON ROAD SERVICE,PORT PHILLIP,-37.869297,144.9878,2020,7,July,14,Midday,Weekday
T20200012720,2020-07-01,12:15:00,6,Vehicle overturned (no collision),3,Wednesday,174,OUT OF CONTROL ON CARRIAGEWAY (ON STRAIGHT),1,35609,Cross intersection,3,60,Local Road,COMO,KINGSTON,-37.9938,145.07678,2020,7,July,12,Midday,Weekday
T20200012746,2020-07-01,20:30:00,2,Struck Pedestrian,3,Wednesday,109,ANY MANOEUVRE INVOLVING PED NOT INCLUDED IN DCAs 100-108.,3,667317,Not at intersection,3,80,Arterial Other,BELGRAVE-HALLAM,CASEY,-38.005672,145.27345,2020,7,July,20,Night,Weekday
T20200012698,2020-07-01,08:00:00,1,Collision with vehicle,3,Wednesday,113,RIGHT NEAR (INTERSECTIONS ONLY),1,656715,T intersection,3,60,Arterial Other,DONNYBROOK,HUME,-37.536373,144.91171,2020,7,July,8,Morning Peak,Weekday
T20200012748,2020-07-01,23:30:00,4,Collision with a fixed object,3,Wednesday,171,LEFT OFF CARRIAGEWAY INTO OBJECT/PARKED VEHICLE,5,656945,Not at intersection,2,80,Local Road,BRIDGE INN,WHITTLESEA,-37.595356,145.04887,2020,7,July,23,Night,Weekday
T20200012685,2020-07-01,07:25:00,1,Collision with vehicle,3,Wednesday,147,VEHICLE STRIKES ANOTHER VEH WHILE EMERGING FROM DRIVEWAY,1,659289,Not at intersection,2,60,Arterial Other,BLUFF,BAYSIDE,-37.95594,145.02025,2020,7,July,7,Morning Peak,Weekday
T20200012694,2020-07-01,07:13:00,2,Struck Pedestrian,3,Wednesday,102,FAR SIDE. PED HIT BY VEHICLE FROM THE LEFT,2,252842,Cross intersection,2,70,Arterial Highway,PRINCES,GEELONG,-38.12314,144.35263,2020,7,July,7,Morning Peak,Weekday
T20200012740,2020-07-01,18:50:00,1,Collision with vehicle,3,Wednesday,134,LANE CHANGE RIGHT (NOT OVERTAKING),3,656812,Not at intersection,3,70,Arterial Highway,RAGLAN,WARRNAMBOOL,-38.386288,142.49815,2020,7,July,18,Afternoon Peak,Weekday
T20200012723,2020-07-01,15:20:00,1,Collision with vehicle,3,Wednesday,140,U TURN,1,658170,Not at intersection,2,80,Arterial Highway,BALLARAT,GEELONG,-38.10316,144.31673,2020,7,July,15,Afternoon Peak,Weekday
T20200012682,2020-07-01,05:15:00,2,Struck Pedestrian,3,Wednesday,100,PED NEAR SIDE. PED HIT BY VEHICLE FROM THE RIGHT.,3,229963,Cross intersection,3,60,Arterial Other,SAYERS,WYNDHAM,-37.852726,144.73128,2020,7,July,5,Morning Peak,Weekday
T20200012726,2020-07-01,15:15:00,1,Collision with vehicle,3,Wednesday,110,CROSS TRAFFIC(INTERSECTIONS ONLY),1,15375,Cross intersection,2,80,Local Road,EVANS,GEELONG,-38.06829,144.30989,2020,7,July,15,Afternoon Peak,Weekday
T20200012727,2020-07-01,17:47:00,1,Collision with vehicle,3,Wednesday,121,RIGHT THROUGH,2,617,Cross intersection,2,60,Arterial Other,BLACKBURN,MONASH,-37.872204,145.14839,2020,7,July,17,Afternoon Peak,Weekday
T20200014149,2020-07-01,16:15:00,6,Vehicle overturned (no collision),3,Wednesday,184,OUT OF CONTROL ON CARRIAGEWAY (ON BEND),1,659477,Not at intersection,2,100,Local Road,GLENWOOD,YARRA RANGES,-37.53773,145.42557,2020,7,July,16,Afternoon Peak,Weekday
T20200012827,2020-07-01,21:30:00,4,Collision with a fixed object,3,Wednesday,173,RIGHT OFF CARRIAGEWAY INTO OBJECT/PARKED VEHICLE,3,665168,Not at intersection,3,50,Local Road,THE PARKS,MELTON,-37.689632,144.74417,2020,7,July,21,Night,Weekday
T20200013067,2020-07-01,21:40:00,1,Collision with vehicle,3,Wednesday,110,CROSS TRAFFIC(INTERSECTIONS ONLY),3,50162,Cross intersection,3,60,Arterial Other,FELLMONGERS,GEELONG,-38.17939,144.3693,2020,7,July,21,Night,Weekday
T20200012719,2020-07-01,15:00:00,1,Collision with vehicle,3,Wednesday,111,RIGHT FAR (INTERSECTIONS ONLY),1,73797,T intersection,3,40,Local Road,BENTINCK,GLENELG,-38.34849,141.60628,2020,7,July,15,Afternoon Peak,Weekday
T20200012728,2020-07-01,18:30:00,1,Collision with vehicle,3,Wednesday,110,CROSS TRAFFIC(INTERSECTIONS ONLY),3,58082,Cross intersection,3,60,Local Road,GUYS HILL,BENDIGO,-36.8105,144.342,2020,7,July,18,Afternoon Peak,Weekday
T20200013425,2020-07-01,12:00:00,1,Collision with vehicle,3,Wednesday,130,REAR END(VEHICLES IN SAME LANE),1,29486,Cross intersection,3,60,Arterial Highway,ST GEORGES,DAREBIN,-37.74466,144.99744,2020,7,July,12,Midday,Weekday
T20200012730,2020-07-01,18:30:00,1,Collision with vehicle,3,Wednesday,130,REAR END(VEHICLES IN SAME LANE),3,664484,Not at intersection,2,100,Freeway,EASTLINK,FRANKSTON,-38.083965,145.17487,2020,7,July,18,Afternoon Peak,Weekday
T20200012679,2020-07-01,11:05:00,1,Collision with vehicle,3,Wednesday,113,RIGHT NEAR (INTERSECTIONS ONLY),1,52962,T intersection,3,60,Local Road,HILL,BALLARAT,-37.575424,143.85164,2020,7,July,11,Midday,Weekday
T20200012786,2020-07-01,08:20:00,1,Collision with vehicle,3,Wednesday,130,REAR END(VEHICLES IN SAME LANE),1,660374,Not at intersection,2,60,Arterial Other,GORDON,MARIBYRNONG,-37.80075,144.88782,2020,7,July,8,Morning Peak,Weekday
T20200012672,2020-07-01,08:45:00,8,No collision and no object struck,3,Wednesday,180,OFF CARRIAGEWAY ON RIGHT BEND,1,660514,Not at intersection,2,100,Local Road,GUMLEY,GOLDEN PLAINS,-37.90872,143.83444,2020,7,July,8,Morning Peak,Weekday
T20210024078,2020-07-01,13:30:00,1,Collision with vehicle,3,Wednesday,120,HEAD ON (NOT OVERTAKING),1,698087,T intersection,3,50,Local Road,LYNDHURST,HUME,-37.68123,144.88933,2020,7,July,13,Midday,Weekday
T20200012833,2020-07-02,21:48:00,1,Collision with vehicle,4,Thursday,132,RIGHT REAR.,5,57760,T intersection,3,70,Arterial Other,SHRIVES,CASEY,-38.03048,145.28403,2020,7,July,21,Night,Weekday
T20200012761,2020-07-02,05:18:00,4,Collision with a fixed object,4,Thursday,183,OFF LEFT BEND INTO OBJECT/PARKED VEHICLE,3,44222,Cross intersection,2,60,Arterial Other,HIGH,WHITTLESEA,-37.644615,145.02632,2020,7,July,5,Morning Peak,Weekday
T20200012767,2020-07-02,06:45:00,1,Collision with vehicle,4,Thursday,135,LANE CHANGE LEFT (NOT OVERTAKING),3,699618,Multiple intersection,2,80,Freeway,CITYLINK,MELBOURNE,-37.80012,144.93675,2020,7,July,6,Morning Peak,Weekday
T20200012773,2020-07-02,09:10:00,1,Collision with vehicle,4,Thursday,121,RIGHT THROUGH,1,350792,Cross intersection,3,60,Arterial Highway,BALLARAT,GEELONG,-38.126865,144.33936,2020,7,July,9,Morning Peak,Weekday
T20200013672,2020-07-02,12:30:00,2,Struck Pedestrian,4,Thursday,101,PED EMERGES FROM IN FRONT OF PARKED OR STATIONARY VEHICLE,1,661316,Not at intersection,3,40,Local Road,BRUNSWICK,YARRA,-37.80249,144.97775,2020,7,July,12,Midday,Weekday
T20200012953,2020-07-02,16:30:00,1,Collision with vehicle,4,Thursday,130,REAR END(VEHICLES IN SAME LANE),1,663407,T intersection,3,50,Local Road,COWIE,GEELONG,-38.10631,144.35352,2020,7,July,16,Afternoon Peak,Weekday
T20200014055,2020-07-02,16:35:00,1,Collision with vehicle,4,Thursday,130,REAR END(VEHICLES IN SAME LANE),1,668935,Not at intersection,3,60,Arterial Other,MAROONDAH,MAROONDAH,-37.785786,145.27753,2020,7,July,16,Afternoon Peak,Weekday
T20200012779,2020-07-02,06:54:00,4,Collision with a fixed object,4,Thursday,171,LEFT OFF CARRIAGEWAY INTO OBJECT/PARKED VEHICLE,5,656967,Not at intersection,2,80,Arterial Other,PORTARLINGTON,GEELONG,-38.18447,144.54266,2020,7,July,6,Morning Peak,Weekday
T20200012781,2020-07-02,10:40:00,1,Collision with vehicle,4,Thursday,121,RIGHT THROUGH,1,657433,Cross intersection,2,60,Freeway,ANAKIE,GEELONG,-38.07888,144.33513,2020,7,July,10,Midday,Weekday
T20200012834,2020-07-02,23:25:00,1,Collision with vehicle,4,Thursday,116,LEFT NEAR (INTERSECTIONS ONLY),3,241622,T intersection,3,50,Local Road,POTTER,DANDENONG,-37.98564,145.20541,2020,7,July,23,Night,Weekday
T20200012782,2020-07-02,10:25:00,1,Collision with vehicle,4,Thursday,130,REAR END(VEHICLES IN SAME LANE),1,712436,Not at intersection,3,50,Arterial Other,SWAN,MELBOURNE,-37.824295,144.98665,2020,7,July,10,Midday,Weekday
T20200016436,2020-07-02,21:25:00,4,Collision with a fixed object,4,Thursday,199,UNKNOWN-NO DETAILS ON MANOEUVRES OF ROAD-USERS IN ACCIDENT,5,665760,Not at intersection,3,100,Local Road,GIBLIN,MELTON,-37.65594,144.52992,2020,7,July,21,Night,Weekday
T20200012801,2020-07-02,13:40:00,1,Collision with vehicle,4,Thursday,113,RIGHT NEAR (INTERSECTIONS ONLY),1,222615,Cross intersection,2,60,Arterial Highway,PUNT,PORT PHILLIP,-37.85528,144.98314,2020,7,July,13,Midday,Weekday
T20200012807,2020-07-02,14:20:00,1,Collision with vehicle,4,Thursday,133,LANE SIDE SWIPE (VEHICLES IN PARALLEL LANES),1,848,T intersection,3,60,Arterial Other,SYDNEY,MORELAND,-37.72229,144.96344,2020,7,July,14,Midday,Weekday
T20200012811,2020-07-02,14:57:00,1,Collision with vehicle,4,Thursday,130,REAR END(VEHICLES IN SAME LANE),1,729732,T intersection,3,60,Local Road,BRIDGEWATER,HUME,-37.60382,144.92911,2020,7,July,14,Midday,Weekday
T20200013252,2020-07-02,22:00:00,1,Collision with vehicle,4,Thursday,130,REAR END(VEHICLES IN SAME LANE),3,35525,Cross intersection,3,80,Arterial Other,HIGHBURY,MONASH,-37.857563,145.13144,2020,7,July,22,Night,Weekday
T20200012812,2020-07-02,17:00:00,6,Vehicle overturned (no collision),4,Thursday,182,OFF CARRIAGEWAY ON LEFT BEND,2,656816,Not at intersection,3,80,Arterial Other,MOUNTAIN,YARRA RANGES,-37.863274,145.34694,2020,7,July,17,Afternoon Peak,Weekday
T20200012814,2020-07-02,14:14:00,1,Collision with vehicle,4,Thursday,130,REAR END(VEHICLES IN SAME LANE),1,656721,Not at intersection,2,60,Arterial Other,HEATHS,WYNDHAM,-37.8867,144.6449,2020,7,July,14,Midday,Weekday
T20200012846,2020-07-02,17:00:00,6,Vehicle overturned (no collision),4,Thursday,170,OFF CARRIAGEWAY TO LEFT,2,657007,Not at intersection,3,100,Local Road,TAMBORITHA,WELLINGTON,-37.429672,146.77794,2020,7,July,17,Afternoon Peak,Weekday
T20200012837,2020-07-02,23:40:00,4,Collision with a fixed object,4,Thursday,181,OFF RIGHT BEND INTO OBJECT/PARKED VEHICLE,5,662073,Not at intersection,3,100,Arterial Other,HEALESVILLE-KOO WEE RUP,YARRA RANGES,-37.86556,145.53152,2020,7,July,23,Night,Weekday
T20200012816,2020-07-02,17:48:00,1,Collision with vehicle,4,Thursday,132,RIGHT REAR.,3,664807,Not at intersection,3,60,Local Road,SUTTON,BAW BAW,-38.15195,145.93275,2020,7,July,17,Afternoon Peak,Weekday
T20200013124,2020-07-02,12:30:00,1,Collision with vehicle,4,Thursday,132,RIGHT REAR.,1,729333,T intersection,3,60,Local Road,GLENWOOD,BAYSIDE,-37.985855,145.03294,2020,7,July,12,Midday,Weekday
T20200012817,2020-07-02,14:28:00,2,Struck Pedestrian,4,Thursday,102,FAR SIDE. PED HIT BY VEHICLE FROM THE LEFT,1,129,T intersection,3,40,Arterial Other,NICHOLSON,YARRA,-37.80538,144.97362,2020,7,July,14,Midday,Weekday
T20200012815,2020-07-02,16:05:00,1,Collision with vehicle,4,Thursday,121,RIGHT THROUGH,1,44357,T intersection,3,60,Arterial Other,DUNCANS,WYNDHAM,-37.903828,144.66623,2020,7,July,16,Afternoon Peak,Weekday
T20200012843,2020-07-02,12:12:00,1,Collision with vehicle,4,Thursday,130,REAR END(VEHICLES IN SAME LANE),1,665021,Not at intersection,3,60,Arterial Other,KOROROIT CREEK,HOBSONS BAY,-37.85789,144.88928,2020,7,July,12,Midday,Weekday
T20200012795,2020-07-02,13:15:00,1,Collision with vehicle,4,Thursday,111,RIGHT FAR (INTERSECTIONS ONLY),1,49822,Cross intersection,2,50,Local Road,BACKWELL,GEELONG,-38.124317,144.3505,2020,7,July,13,Midday,Weekday
T20200012818,2020-07-02,18:00:00,2,Struck Pedestrian,4,Thursday,102,FAR SIDE. PED HIT BY VEHICLE FROM THE LEFT,3,656722,Not at intersection,2,70,Arterial Highway,NEPEAN,MORNINGTON PENINSULA,-38.234856,145.03809,2020,7,July,18,Afternoon Peak,Weekday
T20200012823,2020-07-02,06:30:00,1,Collision with vehicle,4,Thursday,130,REAR END(VEHICLES IN SAME LANE),2,656817,Cross intersection,3,50,Local Road,GREENFIELDS,WHITTLESEA,-37.626022,145.01558,2020,7,July,6,Morning Peak,Weekday
T20200012826,2020-07-02,19:20:00,1,Collision with vehicle,4,Thursday,121,RIGHT THROUGH,3,1015,Cross intersection,3,70,Arterial Other,CLYDE,CASEY,-38.05993,145.33846,2020,7,July,19,Night,Weekday
T20200012828,2020-07-02,17:20:00,1,Collision with vehicle,4,Thursday,160,VEHICLE COLLIDES WITH VEHICLE PARKED ON LEFT OF ROAD,3,773497,Not at intersection,2,50,Local Road,COVENTRY,PORT PHILLIP,-37.833782,144.95349,2020,7,July,17,Afternoon Peak,Weekday
T20200012829,2020-07-02,20:15:00,1,Collision with vehicle,4,Thursday,147,VEHICLE STRIKES ANOTHER VEH WHILE EMERGING FROM DRIVEWAY,5,665563,Not at intersection,2,80,Arterial Other,GRUBB,GEELONG,-38.233868,144.54033,2020,7,July,20,Night,Weekday
T20200012799,2020-07-02,11:24:00,1,Collision with vehicle,4,Thursday,113,RIGHT NEAR (INTERSECTIONS ONLY),1,62559,T intersection,3,60,Local Road,HIGH,DAREBIN,-37.72513,145.00627,2020,7,July,11,Midday,Weekday
T20200014173,2020-07-03,12:00:00,8,No collision and no object struck,5,Friday,174,OUT OF CONTROL ON CARRIAGEWAY (ON STRAIGHT),1,235333,Cross intersection,3,70,Arterial Other,POINT COOK,WYNDHAM,-37.896713,144.75415,2020,7,July,12,Midday,Weekday
T20200012917,2020-07-03,15:00:00,4,Collision with a fixed object,5,Friday,173,RIGHT OFF CARRIAGEWAY INTO OBJECT/PARKED VEHICLE,1,657378,Not at intersection,2,100,Local Road,GRAND RIDGE,SOUTH GIPPSLAND,-38.358997,146.07262,2020,7,July,15,Afternoon Peak,Weekday
T20200012873,2020-07-03,13:10:00,1,Collision with vehicle,5,Friday,121,RIGHT THROUGH,1,664910,Cross intersection,3,80,Local Road,GRICES,CASEY,-38.07451,145.33546,2020,7,July,13,Midday,Weekday
T20200012872,2020-07-03,09:55:00,1,Collision with vehicle,5,Friday,132,RIGHT REAR.,1,68800,T intersection,3,100,Arterial Highway,PRINCES,EAST GIPPSLAND,-37.85914,147.95027,2020,7,July,9,Morning Peak,Weekday
T20200012895,2020-07-03,18:10:00,1,Collision with vehicle,5,Friday,130,REAR END(VEHICLES IN SAME LANE),3,36298,Cross intersection,3,60,Local Road,CROYDON HILLS,MAROONDAH,-37.77449,145.27556,2020,7,July,18,Afternoon Peak,Weekday
T20200012875,2020-07-03,09:38:00,1,Collision with vehicle,5,Friday,121,RIGHT THROUGH,1,44691,T intersection,3,60,Arterial Highway,GREENSBOROUGH,BANYULE,-37.732105,145.07906,2020,7,July,9,Morning Peak,Weekday