ACCIDENT_NO,ACCIDENT_DATE,ACCIDENT_TIME,ACCIDENT_TYPE,ACCIDENT_TYPE_DESC,DAY_OF_WEEK,DAY_WEEK_DESC,DCA_CODE,DCA_DESC,LIGHT_CONDITION,NODE_ID,ROAD_GEOMETRY_DESC,SEVERITY,SPEED_ZONE,RMA,ROAD_NAME,LGA_NAME,LATITUDE,LONGITUDE,YEAR,MONTH,MONTH_NAME,HOUR,TIME_PERIOD,DAY_TYPE
T20200012892,2020-07-03,15:00:00,1,Collision with vehicle,5,Friday,120,HEAD ON (NOT OVERTAKING),1,658016,Not at intersection,2,100,Arterial Other,WALLAN,WHITTLESEA,-37.457012,145.0746,2020,7,July,15,Afternoon Peak,Weekday
T20200012867,2020-07-03,12:50:00,4,Collision with a fixed object,5,Friday,181,OFF RIGHT BEND INTO OBJECT/PARKED VEHICLE,1,664903,Not at intersection,3,80,Local Road,HIGHLANDS,MITCHELL,-37.03389,145.21811,2020,7,July,12,Midday,Weekday
T20200012878,2020-07-03,14:30:00,1,Collision with vehicle,5,Friday,120,HEAD ON (NOT OVERTAKING),1,658542,Not at intersection,2,60,Arterial Other,BULLA,HUME,-37.630672,144.79594,2020,7,July,14,Midday,Weekday
T20200012865,2020-07-03,12:30:00,1,Collision with vehicle,5,Friday,134,LANE CHANGE RIGHT (NOT OVERTAKING),1,660714,Not at intersection,2,70,Arterial Other,BALLARTO,FRANKSTON,-38.116787,145.19089,2020,7,July,12,Midday,Weekday
T20200012884,2020-07-03,15:15:00,4,Collision with a fixed object,5,Friday,171,LEFT OFF CARRIAGEWAY INTO OBJECT/PARKED VEHICLE,1,664822,Not at intersection,3,70,Arterial Highway,NAPIER,BENDIGO,-36.721317,144.31241,2020,7,July,15,Afternoon Peak,Weekday
T20200012913,2020-07-03,23:16:00,4,Collision with a fixed object,5,Friday,175,OFF END OF ROAD/T-INTERSECTION.,3,46792,T intersection,3,60,Arterial Other,ASHLEY,MARIBYRNONG,-37.79285,144.86328,2020,7,July,23,Night,Weekday
T20200013293,2020-07-03,08:00:00,1,Collision with vehicle,5,Friday,113,RIGHT NEAR (INTERSECTIONS ONLY),1,47589,T intersection,3,60,Arterial Other,BALCOMBE,BAYSIDE,-37.977093,145.02995,2020,7,July,8,Morning Peak,Weekday
T20200012897,2020-07-03,15:50:00,1,Collision with vehicle,5,Friday,120,HEAD ON (NOT OVERTAKING),1,657522,Not at intersection,2,80,Arterial Highway,GREAT ALPINE,(MOUNT HOTHAM),-37.002663,147.09923,2020,7,July,15,Afternoon Peak,Weekday
T20200012911,2020-07-03,19:40:00,4,Collision with a fixed object,5,Friday,173,RIGHT OFF CARRIAGEWAY INTO OBJECT/PARKED VEHICLE,3,665247,Not at intersection,3,60,Arterial Highway,DEAKIN,MILDURA,-34.195194,142.15016,2020,7,July,19,Night,Weekday
T20200012909,2020-07-03,15:49:00,1,Collision with vehicle,5,Friday,120,HEAD ON (NOT OVERTAKING),1,247693,Not at intersection,2,100,Arterial Highway,MELBA,YARRA RANGES,-37.672,145.38168,2020,7,July,15,Afternoon Peak,Weekday
T20200012840,2020-07-03,04:55:00,1,Collision with vehicle,5,Friday,121,RIGHT THROUGH,3,353871,Cross intersection,2,70,Arterial Other,FERNTREE GULLY,MONASH,-37.899235,145.12442,2020,7,July,4,Late Night,Weekday
T20200013082,2020-07-03,18:40:00,1,Collision with vehicle,5,Friday,137,LEFT TURN SIDESWIPE,2,729332,Not at intersection,3,50,Local Road,STANLEY,HUME,-37.628185,144.94496,2020,7,July,18,Afternoon Peak,Weekday
T20200012866,2020-07-03,12:30:00,1,Collision with vehicle,5,Friday,110,CROSS TRAFFIC(INTERSECTIONS ONLY),1,49469,Cross intersection,2,50,Local Road,QUEEN,MITCHELL,-37.413406,144.98233,2020,7,July,12,Midday,Weekday
T20200012860,2020-07-03,11:10:00,4,Collision with a fixed object,5,Friday,181,OFF RIGHT BEND INTO OBJECT/PARKED VEHICLE,1,666729,Y intersection,3,100,Arterial Other,YARRA JUNCTION-NOOJEE,BAW BAW,-37.89415,145.91638,2020,7,July,11,Midday,Weekday
T20200013178,2020-07-03,22:30:00,2,Struck Pedestrian,5,Friday,102,FAR SIDE. PED HIT BY VEHICLE FROM THE LEFT,3,38890,Cross intersection,3,60,Arterial Other,BURWOOD,BOROONDARA,-37.821564,145.02638,2020,7,July,22,Night,Weekday
T20200012859,2020-07-03,11:33:00,1,Collision with vehicle,5,Friday,152,PULLING OUT (OVERTAKING),1,659853,Not at intersection,3,100,Local Road,MORWELL-MARYVALE,LATROBE,-38.207195,146.41885,2020,7,July,11,Midday,Weekday
T20200012857,2020-07-03,10:50:00,1,Collision with vehicle,5,Friday,110,CROSS TRAFFIC(INTERSECTIONS ONLY),1,41438,Cross intersection,2,60,Arterial Other,NEERIM,GLEN EIRA,-37.88933,145.0581,2020,7,July,10,Midday,Weekday
T20200012955,2020-07-03,09:12:00,1,Collision with vehicle,5,Friday,130,REAR END(VEHICLES IN SAME LANE),1,660508,Not at intersection,3,80,Freeway,WEST GATE,MELBOURNE,-37.827553,144.9624,2020,7,July,9,Morning Peak,Weekday
T20200016376,2020-07-03,03:00:00,4,Collision with a fixed object,5,Friday,173,RIGHT OFF CARRIAGEWAY INTO OBJECT/PARKED VEHICLE,5,749830,Not at intersection,2,90,Arterial Other,WINCHELSEA-DEANS MARSH,SURF COAST,-38.380043,143.89706,2020,7,July,3,Late Night,Weekday
T20200013028,2020-07-03,16:00:00,6,Vehicle overturned (no collision),5,Friday,174,OUT OF CONTROL ON CARRIAGEWAY (ON STRAIGHT),1,657010,Not at intersection,2,100,Local Road,RIVER,GANNAWARRA,-35.89521,144.41,2020,7,July,16,Afternoon Peak,Weekday
T20200012914,2020-07-03,20:20:00,4,Collision with a fixed object,5,Friday,183,OFF LEFT BEND INTO OBJECT/PARKED VEHICLE,5,659155,Not at intersection,3,100,Local Road,GREEN HILL,WELLINGTON,-37.830486,146.8668,2020,7,July,20,Night,Weekday
T20200013686,2020-07-03,18:20:00,1,Collision with vehicle,5,Friday,130,REAR END(VEHICLES IN SAME LANE),3,48593,Cross intersection,3,60,Arterial Other,DUNNINGS,WYNDHAM,-37.886524,144.75005,2020,7,July,18,Afternoon Peak,Weekday
T20200012855,2020-07-03,09:56:00,1,Collision with vehicle,5,Friday,113,RIGHT NEAR (INTERSECTIONS ONLY),1,46193,T intersection,3,60,Local Road,MAIN,CARDINIA,-38.071682,145.47519,2020,7,July,9,Morning Peak,Weekday
T20200013273,2020-07-03,15:30:00,1,Collision with vehicle,5,Friday,147,VEHICLE STRIKES ANOTHER VEH WHILE EMERGING FROM DRIVEWAY,1,664904,Not at intersection,3,60,Local Road,HOGANS,WYNDHAM,-37.860798,144.66617,2020,7,July,15,Afternoon Peak,Weekday
T20200013320,2020-07-03,20:40:00,6,Vehicle overturned (no collision),5,Friday,174,OUT OF CONTROL ON CARRIAGEWAY (ON STRAIGHT),3,664818,Not at intersection,3,40,Local Road,AQUATIC,MARIBYRNONG,-37.776,144.8877,2020,7,July,20,Night,Weekday
T20200012854,2020-07-03,08:15:00,1,Collision with vehicle,5,Friday,121,RIGHT THROUGH,1,657672,Cross intersection,2,60,Arterial Other,WESTERN PORT,MORNINGTON PENINSULA,-38.285393,145.1884,2020,7,July,8,Morning Peak,Weekday
T20200012968,2020-07-03,22:50:00,1,Collision with vehicle,5,Friday,130,REAR END(VEHICLES IN SAME LANE),3,38741,Cross intersection,3,60,Arterial Highway,GEELONG,MARIBYRNONG,-37.79892,144.89236,2020,7,July,22,Night,Weekday
T20200013167,2020-07-03,17:15:00,1,Collision with vehicle,5,Friday,111,RIGHT FAR (INTERSECTIONS ONLY),2,73733,Cross intersection,3,70,Local Road,ABERLINE,WARRNAMBOOL,-38.35864,142.51897,2020,7,July,17,Afternoon Peak,Weekday
T20200012852,2020-07-03,09:35:00,1,Collision with vehicle,5,Friday,116,LEFT NEAR (INTERSECTIONS ONLY),1,657671,Cross intersection,2,60,Arterial Highway,CHELTENHAM,DANDENONG,-37.9899,145.2047,2020,7,July,9,Morning Peak,Weekday
T20200012849,2020-07-03,08:15:00,1,Collision with vehicle,5,Friday,120,HEAD ON (NOT OVERTAKING),1,656822,Not at intersection,3,70,Arterial Other,QUEEN,HOBSONS BAY,-37.876797,144.80797,2020,7,July,8,Morning Peak,Weekday
T20200013664,2020-07-03,12:55:00,4,Collision with a fixed object,5,Friday,173,RIGHT OFF CARRIAGEWAY INTO OBJECT/PARKED VEHICLE,1,665022,Not at intersection,2,100,Arterial Highway,HAMILTON,CORANGAMITE,-37.978493,143.49046,2020,7,July,12,Midday,Weekday
T20200012887,2020-07-03,15:22:00,1,Collision with vehicle,5,Friday,148,VEHICLE OFF FOOTPATH STRIKES VEH ON CARRIAGEWAY,1,656823,T intersection,3,50,Local Road,JOLLY,FRANKSTON,-38.14367,145.1354,2020,7,July,15,Afternoon Peak,Weekday
T20200012845,2020-07-03,08:20:00,1,Collision with vehicle,5,Friday,111,RIGHT FAR (INTERSECTIONS ONLY),1,656821,Multiple intersection,3,60,Arterial Highway,PUNT,PORT PHILLIP,-37.856285,144.98286,2020,7,July,8,Morning Peak,Weekday
T20200013173,2020-07-03,17:40:00,1,Collision with vehicle,5,Friday,130,REAR END(VEHICLES IN SAME LANE),2,657513,Not at intersection,3,80,Freeway,WELLINGTON-MONASH IN,MONASH,-37.92008,145.17299,2020,7,July,17,Afternoon Peak,Weekday
T20200012847,2020-07-03,06:45:00,1,Collision with vehicle,5,Friday,150,HEAD ON(OVERTAKING),2,729328,Not at intersection,3,100,Arterial Other,HEALESVILLE-KOO WEE RUP,YARRA RANGES,-37.702038,145.52188,2020,7,July,6,Morning Peak,Weekday
T20200012898,2020-07-03,19:47:00,1,Collision with vehicle,5,Friday,120,HEAD ON (NOT OVERTAKING),5,657377,Not at intersection,2,80,Local Road,EXFORD,MELTON,-37.748154,144.57523,2020,7,July,19,Night,Weekday
T20200012889,2020-07-03,13:49:00,4,Collision with a fixed object,5,Friday,173,RIGHT OFF CARRIAGEWAY INTO OBJECT/PARKED VEHICLE,1,657086,Not at intersection,3,80,Local Road,STUMPY GULLY,MORNINGTON PENINSULA,-38.265587,145.1272,2020,7,July,13,Midday,Weekday
T20200013051,2020-07-03,17:30:00,4,Collision with a fixed object,5,Friday,183,OFF LEFT BEND INTO OBJECT/PARKED VEHICLE,2,659290,Not at intersection,2,80,Arterial Highway,GREAT OCEAN,COLAC OTWAY,-38.755962,143.5539,2020,7,July,17,Afternoon Peak,Weekday
T20200015263,2020-07-03,18:30:00,1,Collision with vehicle,5,Friday,130,REAR END(VEHICLES IN SAME LANE),3,41872,Cross intersection,3,80,Arterial Highway,STUD,KNOX,-37.885887,145.2329,2020,7,July,18,Afternoon Peak,Weekday
T20200017438,2020-07-03,14:50:00,1,Collision with vehicle,5,Friday,130,REAR END(VEHICLES IN SAME LANE),1,300082,Cross intersection,3,60,Arterial Highway,BELL,DAREBIN,-37.74454,144.99747,2020,7,July,14,Midday,Weekday
T20200013342,2020-07-03,16:04:00,1,Collision with vehicle,5,Friday,132,RIGHT REAR.,1,345453,Cross intersection,3,60,Arterial Other,CANTERBURY,MAROONDAH,-37.83237,145.26941,2020,7,July,16,Afternoon Peak,Weekday
T20200014158,2020-07-03,15:00:00,1,Collision with vehicle,5,Friday,130,REAR END(VEHICLES IN SAME LANE),1,658421,Not at intersection,3,80,Arterial Other,MICKLEHAM,HUME,-37.65775,144.88304,2020,7,July,15,Afternoon Peak,Weekday
T20200014354,2020-07-03,17:50:00,6,Vehicle overturned (no collision),5,Friday,149,OTHER MANOEUVRING NOT INCLUDED IN DCAs 140-148,1,353871,Cross intersection,3,80,Arterial Other,FERNTREE GULLY,MONASH,-37.899235,145.12442,2020,7,July,17,Afternoon Peak,Weekday
T20200012961,2020-07-04,17:57:00,1,Collision with vehicle,6,Saturday,113,RIGHT NEAR (INTERSECTIONS ONLY),1,42433,T intersection,3,70,Arterial Other,HEATHERTON,KINGSTON,-37.959785,145.13065,2020,7,July,17,Afternoon Peak,Weekend
T20200012964,2020-07-04,18:05:00,1,Collision with vehicle,6,Saturday,130,REAR END(VEHICLES IN SAME LANE),6,657008,Not at intersection,3,70,Arterial Other,BALLAN,WYNDHAM,-37.89502,144.63539,2020,7,July,18,Afternoon Peak,Weekend
T20200012965,2020-07-04,22:00:00,1,Collision with vehicle,6,Saturday,120,HEAD ON (NOT OVERTAKING),3,665467,Not at intersection,2,60,Arterial Other,CANTERBURY,WHITEHORSE,-37.8321,145.1502,2020,7,July,22,Night,Weekend
T20200014043,2020-07-04,18:30:00,1,Collision with vehicle,6,Saturday,121,RIGHT THROUGH,3,43297,Cross intersection,3,40,Arterial Highway,NEPEAN,KINGSTON,-38.055855,145.11752,2020,7,July,18,Afternoon Peak,Weekend
T20200015476,2020-07-04,18:30:00,3,Struck animal,6,Saturday,167,STRUCK ANIMAL,5,660470,Not at intersection,3,100,Arterial Other,DROUIN-KORUMBURRA,BAW BAW,-38.220905,145.79813,2020,7,July,18,Afternoon Peak,Weekend
T20200013338,2020-07-04,19:30:00,6,Vehicle overturned (no collision),6,Saturday,174,OUT OF CONTROL ON CARRIAGEWAY (ON STRAIGHT),3,660068,Not at intersection,3,40,Arterial Other,BRIDGE,YARRA,-37.81949,145.00815,2020,7,July,19,Night,Weekend
T20200012930,2020-07-04,08:49:00,4,Collision with a fixed object,6,Saturday,183,OFF LEFT BEND INTO OBJECT/PARKED VEHICLE,1,780686,Not at intersection,3,70,Local Road,MACCLESFIELD,YARRA RANGES,-37.84616,145.48474,2020,7,July,8,Morning Peak,Weekend
T20200012934,2020-07-04,12:46:00,1,Collision with vehicle,6,Saturday,131,LEFT REAR,1,656937,Not at intersection,2,60,Local Road,NORTH,FRANKSTON,-38.165325,145.19127,2020,7,July,12,Midday,Weekend
T20200012935,2020-07-04,12:00:00,1,Collision with vehicle,6,Saturday,130,REAR END(VEHICLES IN SAME LANE),1,57357,Cross intersection,3,80,Arterial Other,PLENTY,WHITTLESEA,-37.678844,145.06966,2020,7,July,12,Midday,Weekend
T20200012938,2020-07-04,14:00:00,1,Collision with vehicle,6,Saturday,150,HEAD ON(OVERTAKING),1,657597,Cross intersection,3,70,Arterial Other,MELTON,MELTON,-37.682274,144.62437,2020,7,July,14,Midday,Weekend
T20200012939,2020-07-04,13:10:00,1,Collision with vehicle,6,Saturday,110,CROSS TRAFFIC(INTERSECTIONS ONLY),1,225695,Cross intersection,3,80,Freeway,COOPER,WHITTLESEA,-37.648434,144.99146,2020,7,July,13,Midday,Weekend
T20200012940,2020-07-04,12:00:00,1,Collision with vehicle,6,Saturday,110,CROSS TRAFFIC(INTERSECTIONS ONLY),1,244413,Cross intersection,3,100,Arterial Highway,SOUTH GIPPSLAND,SOUTH GIPPSLAND,-38.368828,145.71025,2020,7,July,12,Midday,Weekend
T20200012945,2020-07-04,14:30:00,8,No collision and no object struck,6,Saturday,174,OUT OF CONTROL ON CARRIAGEWAY (ON STRAIGHT),1,657087,Not at intersection,3,80,Local Road,MORSES CREEK,ALPINE,-36.808407,146.971,2020,7,July,14,Midday,Weekend
T20200012947,2020-07-04,11:44:00,1,Collision with vehicle,6,Saturday,116,LEFT NEAR (INTERSECTIONS ONLY),1,62721,T intersection,3,60,Arterial Other,PLENTY,DAREBIN,-37.729645,145.01656,2020,7,July,11,Midday,Weekend
T20200012948,2020-07-04,15:40:00,4,Collision with a fixed object,6,Saturday,175,OFF END OF ROAD/T-INTERSECTION.,1,664911,T intersection,3,50,Arterial Other,HOLDSWORTH,BENDIGO,-36.73461,144.26924,2020,7,July,15,Afternoon Peak,Weekend
T20200012971,2020-07-04,18:10:00,1,Collision with vehicle,6,Saturday,121,RIGHT THROUGH,3,82567,Cross intersection,3,40,Arterial Other,UPPER HEIDELBERG,BANYULE,-37.766857,145.0448,2020,7,July,18,Afternoon Peak,Weekend
T20200012976,2020-07-04,12:58:00,1,Collision with vehicle,6,Saturday,119,OTHER ADJACENT (INTERSECTIONS ONLY),1,247040,T intersection,3,60,Local Road,CORRIGAN,DANDENONG,-37.970303,145.16733,2020,7,July,12,Midday,Weekend
T20200012978,2020-07-04,19:45:00,4,Collision with a fixed object,6,Saturday,171,LEFT OFF CARRIAGEWAY INTO OBJECT/PARKED VEHICLE,5,780685,Not at intersection,3,100,Arterial Other,BALLARAT-CARNGHAM,GOLDEN PLAINS,-37.562363,143.68027,2020,7,July,19,Night,Weekend
T20210013618,2020-07-04,15:00:00,6,Vehicle overturned (no collision),6,Saturday,174,OUT OF CONTROL ON CARRIAGEWAY (ON STRAIGHT),1,37715,T intersection,3,40,Arterial Other,CHURCH,YARRA,-37.832848,144.9967,2020,7,July,15,Afternoon Peak,Weekend
T20200012952,2020-07-04,16:40:00,1,Collision with vehicle,6,Saturday,130,REAR END(VEHICLES IN SAME LANE),1,659156,Not at intersection,3,60,Local Road,POPLAR,SHEPPARTON,-36.399036,145.41025,2020,7,July,16,Afternoon Peak,Weekend
T20200012981,2020-07-04,10:42:00,1,Collision with vehicle,6,Saturday,113,RIGHT NEAR (INTERSECTIONS ONLY),1,266784,T intersection,3,70,Local Road,BABELE,WYNDHAM,-37.84546,144.66057,2020,7,July,10,Midday,Weekend
T20200012915,2020-07-04,01:30:00,2,Struck Pedestrian,6,Saturday,102,FAR SIDE. PED HIT BY VEHICLE FROM THE LEFT,3,650979,T intersection,2,60,Arterial Highway,CLOW,DANDENONG,-37.98481,145.21394,2020,7,July,1,Late Night,Weekend
T20200012919,2020-07-04,07:03:00,5,collision with some other object,6,Saturday,199,UNKNOWN-NO DETAILS ON MANOEUVRES OF ROAD-USERS IN ACCIDENT,3,793,Unknown,3,80,Arterial Highway,SPRINGVALE,MONASH,-37.932533,145.15622,2020,7,July,7,Morning Peak,Weekend
T20200013037,2020-07-04,12:40:00,1,Collision with vehicle,6,Saturday,130,REAR END(VEHICLES IN SAME LANE),9,661813,Not at intersection,2,60,Local Road,MARINE,MORNINGTON PENINSULA,-38.286568,145.18896,2020,7,July,12,Midday,Weekend
T20200012962,2020-07-04,19:16:00,1,Collision with vehicle,6,Saturday,137,LEFT TURN SIDESWIPE,3,45308,T intersection,3,60,Arterial Other,EPSOM,MOONEE VALLEY,-37.77248,144.90703,2020,7,July,19,Night,Weekend
T20200012957,2020-07-04,15:32:00,6,Vehicle overturned (no collision),6,Saturday,179,OTHER ACCIDENTS-OFF STRAIGHT NOT INCLUDED IN DCAs 170-175,1,664914,Not at intersection,3,40,Arterial Other,HIGH,BOROONDARA,-37.80585,145.0334,2020,7,July,15,Afternoon Peak,Weekend
T20200012958,2020-07-04,18:05:00,1,Collision with vehicle,6,Saturday,130,REAR END(VEHICLES IN SAME LANE),3,729734,Not at intersection,3,50,Arterial Highway,BELL,DAREBIN,-37.74735,145.02197,2020,7,July,18,Afternoon Peak,Weekend
T20200012960,2020-07-04,20:15:00,1,Collision with vehicle,6,Saturday,121,RIGHT THROUGH,3,315653,T intersection,2,80,Arterial Highway,DANDENONG VALLEY,KNOX,-37.914654,145.23557,2020,7,July,20,Night,Weekend
T20200013006,2020-07-05,15:20:00,1,Collision with vehicle,7,Sunday,142,LEAVING PARKING,1,729592,Not at intersection,2,40,Arterial Highway,LONSDALE STREET SERVICE,DANDENONG,-37.988297,145.21463,2020,7,July,15,Afternoon Peak,Weekend
T20200013017,2020-07-05,21:30:00,1,Collision with vehicle,7,Sunday,140,U TURN,4,657164,Not at intersection,3,60,Arterial Other,CLAYTON,MONASH,-37.914745,145.12173,2020,7,July,21,Night,Weekend
T20200012977,2020-07-05,04:30:00,4,Collision with a fixed object,7,Sunday,173,RIGHT OFF CARRIAGEWAY INTO OBJECT/PARKED VEHICLE,3,71856,Unknown,2,70,Arterial Highway,PRINCES,GEELONG,-38.13652,144.3524,2020,7,July,4,Late Night,Weekend
T20200013001,2020-07-05,15:25:00,8,No collision and no object struck,7,Sunday,180,OFF CARRIAGEWAY ON RIGHT BEND,1,657088,Not at intersection,3,60,Local Road,QUARRY,FRANKSTON,-38.1348,145.1894,2020,7,July,15,Afternoon Peak,Weekend
T20200013127,2020-07-05,21:50:00,1,Collision with vehicle,7,Sunday,169,OTHER ON PATH,3,665437,Not at intersection,3,50,Local Road,ANAHIT,WHITTLESEA,-37.620857,144.9932,2020,7,July,21,Night,Weekend
T20200013002,2020-07-05,15:10:00,1,Collision with vehicle,7,Sunday,116,LEFT NEAR (INTERSECTIONS ONLY),1,252226,T intersection,3,60,Local Road,DOWLING,BALLARAT,-37.539536,143.84032,2020,7,July,15,Afternoon Peak,Weekend
T20200013163,2020-07-05,19:40:00,3,Struck animal,7,Sunday,167,STRUCK ANIMAL,5,658398,Not at intersection,3,90,Arterial Other,WOORI YALLOCK,CARDINIA,-37.8814,145.53159,2020,7,July,19,Night,Weekend
T20200012984,2020-07-05,08:00:00,1,Collision with vehicle,7,Sunday,169,OTHER ON PATH,1,662896,Not at intersection,3,50,Local Road,HIGHMONT,GEELONG,-38.191273,144.33151,2020,7,July,8,Morning Peak,Weekend
T20200016931,2020-07-05,16:00:00,3,Struck animal,7,Sunday,167,STRUCK ANIMAL,1,662546,Not at intersection,3,100,Local Road,CLEARY,MILDURA,-34.50285,142.00139,2020,7,July,16,Afternoon Peak,Weekend
T20200013036,2020-07-05,11:00:00,6,Vehicle overturned (no collision),7,Sunday,184,OUT OF CONTROL ON CARRIAGEWAY (ON BEND),1,657011,Not at intersection,3,80,Local Road,LATROBE RIVER,BAW BAW,-38.011837,146.00168,2020,7,July,11,Midday,Weekend
T20200014468,2020-07-05,18:16:00,1,Collision with vehicle,7,Sunday,121,RIGHT THROUGH,3,221383,Cross intersection,3,80,Arterial Other,HUME HIGHWAY -SYDNEY,HUME,-37.643353,144.95146,2020,7,July,18,Afternoon Peak,Weekend
T20200013010,2020-07-05,15:00:00,1,Collision with vehicle,7,Sunday,121,RIGHT THROUGH,1,51593,Cross intersection,3,60,Arterial Other,BARNARD,BENDIGO,-36.755245,144.27408,2020,7,July,15,Afternoon Peak,Weekend
T20200013201,2020-07-05,12:45:00,1,Collision with vehicle,7,Sunday,130,REAR END(VEHICLES IN SAME LANE),1,657253,Not at intersection,3,100,Freeway,CALDER,BENDIGO,-36.904648,144.21944,2020,7,July,12,Midday,Weekend
T20200013365,2020-07-05,14:30:00,1,Collision with vehicle,7,Sunday,131,LEFT REAR,1,43873,Not at intersection,3,80,Arterial Highway,DANDENONG-HASTINGS,FRANKSTON,-38.121807,145.23058,2020,7,July,14,Midday,Weekend
T20200012991,2020-07-05,10:45:00,4,Collision with a fixed object,7,Sunday,183,OFF LEFT BEND INTO OBJECT/PARKED VEHICLE,1,661737,Not at intersection,3,80,Freeway,EASTLINK OUT-RINGWOOD OUT,MAROONDAH,-37.811817,145.21625,2020,7,July,10,Midday,Weekend
T20200012989,2020-07-05,11:25:00,1,Collision with vehicle,7,Sunday,130,REAR END(VEHICLES IN SAME LANE),1,39855,T intersection,3,60,Arterial Other,YORK,YARRA RANGES,-37.79705,145.36497,2020,7,July,11,Midday,Weekend
T20200013015,2020-07-05,22:50:00,6,Vehicle overturned (no collision),7,Sunday,179,OTHER ACCIDENTS-OFF STRAIGHT NOT INCLUDED IN DCAs 170-175,3,37612,T intersection,2,40,Arterial Other,TOORAK,MELBOURNE,-37.8381,144.98471,2020,7,July,22,Night,Weekend
T20200012986,2020-07-05,09:50:00,1,Collision with vehicle,7,Sunday,113,RIGHT NEAR (INTERSECTIONS ONLY),1,351474,T intersection,2,80,Arterial Highway,PRINCES,DANDENONG,-37.971313,145.19914,2020,7,July,9,Morning Peak,Weekend
T20200013003,2020-07-05,17:09:00,2,Struck Pedestrian,7,Sunday,100,PED NEAR SIDE. PED HIT BY VEHICLE FROM THE RIGHT.,2,43099,T intersection,2,50,Local Road,CLOW,DANDENONG,-37.986137,145.22543,2020,7,July,17,Afternoon Peak,Weekend
T20200013203,2020-07-05,14:10:00,6,Vehicle overturned (no collision),7,Sunday,174,OUT OF CONTROL ON CARRIAGEWAY (ON STRAIGHT),1,665343,Not at intersection,3,40,Arterial Other,TOORAK,STONNINGTON,-37.8389,144.99092,2020,7,July,14,Midday,Weekend
T20200013018,2020-07-05,22:40:00,4,Collision with a fixed object,7,Sunday,173,RIGHT OFF CARRIAGEWAY INTO OBJECT/PARKED VEHICLE,3,665333,T intersection,2,80,Arterial Other,PASCOE VALE,HUME,-37.657597,144.927,2020,7,July,22,Night,Weekend
T20200014382,2020-07-05,15:15:00,1,Collision with vehicle,7,Sunday,131,LEFT REAR,1,665335,Multiple intersection,3,80,Arterial Other,SPRINGVALE,KINGSTON,-38.026337,145.13281,2020,7,July,15,Afternoon Peak,Weekend
T20200013034,2020-07-06,11:10:00,2,Struck Pedestrian,1,Monday,102,FAR SIDE. PED HIT BY VEHICLE FROM THE LEFT,1,657166,Not at intersection,3,80,Arterial Other,THOMPSONS,CASEY,-38.0844,145.29266,2020,7,July,11,Midday,Weekday
T20200013110,2020-07-06,17:03:00,1,Collision with vehicle,1,Monday,121,RIGHT THROUGH,1,282647,T intersection,3,60,Local Road,BANGHOLME,DANDENONG,-38.034992,145.18678,2020,7,July,17,Afternoon Peak,Weekday
T20200013039,2020-07-06,10:45:00,2,Struck Pedestrian,1,Monday,100,PED NEAR SIDE. PED HIT BY VEHICLE FROM THE RIGHT.,1,49937,Cross intersection,2,50,Local Road,BELLERINE,GEELONG,-38.147648,144.36624,2020,7,July,10,Midday,Weekday
T20200013065,2020-07-06,18:40:00,2,Struck Pedestrian,1,Monday,100,PED NEAR SIDE. PED HIT BY VEHICLE FROM THE RIGHT.,3,349964,Cross intersection,3,80,Arterial Highway,DANDENONG,MONASH,-37.914455,145.12741,2020,7,July,18,Afternoon Peak,Weekday
T20200013020,2020-07-06,07:40:00,1,Collision with vehicle,1,Monday,121,RIGHT THROUGH,1,53343,Cross intersection,3,60,Arterial Highway,PRINCES,GEELONG,-38.07537,144.36877,2020,7,July,7,Morning Peak,Weekday
T20200013073,2020-07-06,06:40:00,1,Collision with vehicle,1,Monday,130,REAR END(VEHICLES IN SAME LANE),3,57918,Cross intersection,3,70,Arterial Highway,DANDENONG,STONNINGTON,-37.878128,145.04764,2020,7,July,6,Morning Peak,Weekday
T20200013060,2020-07-06,11:56:00,4,Collision with a fixed object,1,Monday,171,LEFT OFF CARRIAGEWAY INTO OBJECT/PARKED VEHICLE,1,665468,Not at intersection,2,100,Local Road,ARTHURS CREEK,NILLUMBIK,-37.57174,145.15746,2020,7,July,11,Midday,Weekday
T20200013421,2020-07-06,17:15:00,1,Collision with vehicle,1,Monday,113,RIGHT NEAR (INTERSECTIONS ONLY),2,72814,T intersection,3,70,Arterial Highway,PRINCES,LATROBE,-38.201733,146.5246,2020,7,July,17,Afternoon Peak,Weekday
T20200013074,2020-07-06,10:00:00,1,Collision with vehicle,1,Monday,110,CROSS TRAFFIC(INTERSECTIONS ONLY),1,661314,Cross intersection,2,100,Local Road,PEPPERTREE,CAMPASPE,-36.384308,145.01384,2020,7,July,10,Midday,Weekday
T20200013059,2020-07-06,16:04:00,1,Collision with vehicle,1,Monday,160,VEHICLE COLLIDES WITH VEHICLE PARKED ON LEFT OF ROAD,1,660820,Not at intersection,2,50,Local Road,REGENT,WHITTLESEA,-37.606014,145.07863,2020,7,July,16,Afternoon Peak,Weekday
T20200013078,2020-07-06,18:45:00,1,Collision with vehicle,1,Monday,121,RIGHT THROUGH,3,286698,Cross intersection,3,60,Arterial Other,FOLEYS,BRIMBANK,-37.782993,144.77289,2020,7,July,18,Afternoon Peak,Weekday
T20200013080,2020-07-06,21:35:00,4,Collision with a fixed object,1,Monday,173,RIGHT OFF CARRIAGEWAY INTO OBJECT/PARKED VEHICLE,3,40977,T intersection,2,60,Arterial Other,SCORESBY,KNOX,-37.85289,145.26854,2020,7,July,21,Night,Weekday
T20200013148,2020-07-06,22:50:00,1,Collision with vehicle,1,Monday,121,RIGHT THROUGH,3,56017,Cross intersection,3,60,Arterial Other,EDGARS,WHITTLESEA,-37.649986,145.00537,2020,7,July,22,Night,Weekday