ACCIDENT_NO,ACCIDENT_DATE,ACCIDENT_TIME,ACCIDENT_TYPE,ACCIDENT_TYPE_DESC,DAY_OF_WEEK,DAY_WEEK_DESC,DCA_CODE,DCA_DESC,LIGHT_CONDITION,NODE_ID,ROAD_GEOMETRY_DESC,SEVERITY,SPEED_ZONE,RMA,ROAD_NAME,LGA_NAME,LATITUDE,LONGITUDE,YEAR,MONTH,MONTH_NAME,HOUR,TIME_PERIOD,DAY_TYPE
T20200013084,2020-07-06,22:15:00,6,Vehicle overturned (no collision),1,Monday,174,OUT OF CONTROL ON CARRIAGEWAY (ON STRAIGHT),5,659293,T intersection,2,100,Arterial Highway,MOOLORT-BARINGHUP,CENTRAL GOLDFIELDS,-37.078304,143.92726,2020,7,July,22,Night,Weekday
T20200013054,2020-07-06,15:08:00,1,Collision with vehicle,1,Monday,113,RIGHT NEAR (INTERSECTIONS ONLY),1,40385,T intersection,3,60,Arterial Other,TOORONGA,BOROONDARA,-37.83426,145.04698,2020,7,July,15,Afternoon Peak,Weekday
T20200013085,2020-07-06,23:50:00,4,Collision with a fixed object,1,Monday,183,OFF LEFT BEND INTO OBJECT/PARKED VEHICLE,3,661274,Not at intersection,2,60,Arterial Other,PLENTY,DAREBIN,-37.731255,145.01445,2020,7,July,23,Night,Weekday
T20200013024,2020-07-06,08:53:00,4,Collision with a fixed object,1,Monday,171,LEFT OFF CARRIAGEWAY INTO OBJECT/PARKED VEHICLE,1,657009,Not at intersection,2,60,Arterial Other,WHITEHORSE,BOROONDARA,-37.8114,145.06934,2020,7,July,8,Morning Peak,Weekday
T20200013025,2020-07-06,08:20:00,4,Collision with a fixed object,1,Monday,181,OFF RIGHT BEND INTO OBJECT/PARKED VEHICLE,1,227378,T intersection,2,70,Arterial Highway,DANDENONG,GLEN EIRA,-37.875175,145.04013,2020,7,July,8,Morning Peak,Weekday
T20200013046,2020-07-06,13:09:00,1,Collision with vehicle,1,Monday,160,VEHICLE COLLIDES WITH VEHICLE PARKED ON LEFT OF ROAD,1,665345,Not at intersection,3,50,Local Road,KINGSWAY,WHITTLESEA,-37.66488,145.0104,2020,7,July,13,Midday,Weekday
T20200013214,2020-07-06,19:15:00,1,Collision with vehicle,1,Monday,163,VEHICLE STRIKES DOOR OF PARKED/STATIONARY VEHICLE,6,664507,Not at intersection,3,40,Arterial Other,KING,MELBOURNE,-37.81385,144.95456,2020,7,July,19,Night,Weekday
T20200013205,2020-07-06,10:00:00,1,Collision with vehicle,1,Monday,163,VEHICLE STRIKES DOOR OF PARKED/STATIONARY VEHICLE,1,657172,Not at intersection,3,40,Arterial Other,KING,MELBOURNE,-37.816242,144.95566,2020,7,July,10,Midday,Weekday
T20200013049,2020-07-06,12:52:00,1,Collision with vehicle,1,Monday,130,REAR END(VEHICLES IN SAME LANE),1,657319,Not at intersection,3,60,Arterial Other,ASHLEY,MARIBYRNONG,-37.781464,144.8654,2020,7,July,12,Midday,Weekday
T20200013032,2020-07-06,11:00:00,2,Struck Pedestrian,1,Monday,101,PED EMERGES FROM IN FRONT OF PARKED OR STATIONARY VEHICLE,1,657434,Not at intersection,3,50,Local Road,THE CENTREWAY,GEELONG,-38.02297,144.40794,2020,7,July,11,Midday,Weekday
T20200013033,2020-07-06,10:03:00,1,Collision with vehicle,1,Monday,113,RIGHT NEAR (INTERSECTIONS ONLY),1,729595,Multiple intersection,2,60,Freeway,MIDDLEBOROUGH,WHITEHORSE,-37.798412,145.14217,2020,7,July,10,Midday,Weekday
T20200015609,2020-07-06,15:27:00,1,Collision with vehicle,1,Monday,140,U TURN,1,1311,T intersection,3,70,Arterial Other,SYDNEY,HUME,-37.67068,144.95525,2020,7,July,15,Afternoon Peak,Weekday
T20200013079,2020-07-06,19:50:00,4,Collision with a fixed object,1,Monday,183,OFF LEFT BEND INTO OBJECT/PARKED VEHICLE,3,657209,Not at intersection,2,60,Local Road,BROAD GULLY,NILLUMBIK,-37.669224,145.16154,2020,7,July,19,Night,Weekday
T20200013050,2020-07-06,15:05:00,1,Collision with vehicle,1,Monday,111,RIGHT FAR (INTERSECTIONS ONLY),1,53687,Cross intersection,3,60,Arterial Highway,RAGLAN,WARRNAMBOOL,-38.380848,142.4857,2020,7,July,15,Afternoon Peak,Weekday
T20200013283,2020-07-06,19:25:00,4,Collision with a fixed object,1,Monday,171,LEFT OFF CARRIAGEWAY INTO OBJECT/PARKED VEHICLE,3,669658,Not at intersection,3,80,Arterial Highway,GEELONG ROAD SERVICE,MARIBYRNONG,-37.806396,144.87778,2020,7,July,19,Night,Weekday
T20200013132,2020-07-07,15:40:00,1,Collision with vehicle,2,Tuesday,147,VEHICLE STRIKES ANOTHER VEH WHILE EMERGING FROM DRIVEWAY,1,657169,Not at intersection,2,60,Arterial Other,ORMOND,PORT PHILLIP,-37.886215,144.98253,2020,7,July,15,Afternoon Peak,Weekday
T20200013087,2020-07-07,03:47:00,1,Collision with vehicle,2,Tuesday,130,REAR END(VEHICLES IN SAME LANE),3,675366,Not at intersection,3,40,Arterial Highway,PRINCES,CASEY,-38.001335,145.23361,2020,7,July,3,Late Night,Weekday
T20200013091,2020-07-07,05:30:00,1,Collision with vehicle,2,Tuesday,135,LANE CHANGE LEFT (NOT OVERTAKING),2,657167,Not at intersection,2,100,Freeway,MONASH,DANDENONG,-37.96549,145.23303,2020,7,July,5,Morning Peak,Weekday
T20200014063,2020-07-07,22:45:00,4,Collision with a fixed object,2,Tuesday,173,RIGHT OFF CARRIAGEWAY INTO OBJECT/PARKED VEHICLE,5,665644,Not at intersection,3,50,Local Road,160 SOUTH,WYNDHAM,-37.977688,144.65353,2020,7,July,22,Night,Weekday
T20200013092,2020-07-07,07:00:00,8,No collision and no object struck,2,Tuesday,174,OUT OF CONTROL ON CARRIAGEWAY (ON STRAIGHT),2,87289,Not at intersection,2,60,Arterial Highway,WHITEHORSE,WHITEHORSE,-37.816624,145.11278,2020,7,July,7,Morning Peak,Weekday
T20200013093,2020-07-07,07:45:00,1,Collision with vehicle,2,Tuesday,132,RIGHT REAR.,1,729596,Not at intersection,3,60,Arterial Other,SUNBURY,HUME,-37.6414,144.81767,2020,7,July,7,Morning Peak,Weekday
T20200013094,2020-07-07,06:32:00,1,Collision with vehicle,2,Tuesday,130,REAR END(VEHICLES IN SAME LANE),3,657090,T intersection,3,80,Arterial Highway,NEPEAN,KINGSTON,-37.982616,145.07419,2020,7,July,6,Morning Peak,Weekday
T20200013129,2020-07-07,16:47:00,1,Collision with vehicle,2,Tuesday,133,LANE SIDE SWIPE (VEHICLES IN PARALLEL LANES),2,729334,Not at intersection,3,80,Freeway,RINGWOOD,MAROONDAH,-37.810223,145.22202,2020,7,July,16,Afternoon Peak,Weekday
T20200013128,2020-07-07,16:50:00,1,Collision with vehicle,2,Tuesday,121,RIGHT THROUGH,1,665438,Cross intersection,3,80,Arterial Highway,STUD,DANDENONG,-37.955772,145.22614,2020,7,July,16,Afternoon Peak,Weekday
T20200013126,2020-07-07,16:21:00,4,Collision with a fixed object,2,Tuesday,181,OFF RIGHT BEND INTO OBJECT/PARKED VEHICLE,2,657168,Not at intersection,3,100,Local Road,DOCTORS,GOLDEN PLAINS,-37.681847,143.72687,2020,7,July,16,Afternoon Peak,Weekday
T20200013408,2020-07-07,14:35:00,4,Collision with a fixed object,2,Tuesday,171,LEFT OFF CARRIAGEWAY INTO OBJECT/PARKED VEHICLE,1,50103,T intersection,2,60,Arterial Other,PORTARLINGTON,GEELONG,-38.170753,144.42863,2020,7,July,14,Midday,Weekday
T20200013095,2020-07-07,06:20:00,3,Struck animal,2,Tuesday,167,STRUCK ANIMAL,6,661666,Not at intersection,3,60,Arterial Other,CHARLES,HINDMARSH,-36.145054,141.99313,2020,7,July,6,Morning Peak,Weekday
T20200013100,2020-07-07,08:25:00,4,Collision with a fixed object,2,Tuesday,183,OFF LEFT BEND INTO OBJECT/PARKED VEHICLE,1,675367,Multiple intersection,3,80,Freeway,SPRINGVALE-EASTERN IN,WHITEHORSE,-37.804626,145.17804,2020,7,July,8,Morning Peak,Weekday
T20200013101,2020-07-07,11:00:00,1,Collision with vehicle,2,Tuesday,113,RIGHT NEAR (INTERSECTIONS ONLY),1,42799,T intersection,3,50,Arterial Highway,WARRIGAL,KINGSTON,-37.962624,145.07504,2020,7,July,11,Midday,Weekday
T20200013105,2020-07-07,11:30:00,1,Collision with vehicle,2,Tuesday,121,RIGHT THROUGH,1,49846,Cross intersection,2,60,Arterial Highway,CHURCH,GEELONG,-38.1321,144.34993,2020,7,July,11,Midday,Weekday
T20200013123,2020-07-07,17:30:00,2,Struck Pedestrian,2,Tuesday,102,FAR SIDE. PED HIT BY VEHICLE FROM THE LEFT,1,773300,Cross intersection,2,80,Arterial Highway,QUEENS,PORT PHILLIP,-37.857716,144.99207,2020,7,July,17,Afternoon Peak,Weekday
T20200013125,2020-07-07,16:43:00,1,Collision with vehicle,2,Tuesday,113,RIGHT NEAR (INTERSECTIONS ONLY),2,49121,T intersection,2,50,Local Road,MUNRO,MORELAND,-37.744553,144.96138,2020,7,July,16,Afternoon Peak,Weekday
T20200013114,2020-07-07,13:05:00,1,Collision with vehicle,2,Tuesday,110,CROSS TRAFFIC(INTERSECTIONS ONLY),1,43047,Cross intersection,2,50,Local Road,CLEELAND,DANDENONG,-37.980927,145.21529,2020,7,July,13,Midday,Weekday
T20200013265,2020-07-07,16:00:00,1,Collision with vehicle,2,Tuesday,110,CROSS TRAFFIC(INTERSECTIONS ONLY),1,49140,Cross intersection,3,60,Arterial Other,KOROROIT CREEK,HOBSONS BAY,-37.856785,144.87856,2020,7,July,16,Afternoon Peak,Weekday
T20200013704,2020-07-07,19:30:00,2,Struck Pedestrian,2,Tuesday,100,PED NEAR SIDE. PED HIT BY VEHICLE FROM THE RIGHT.,6,37266,T intersection,3,50,Local Road,HIGHMONT,WHITEHORSE,-37.86035,145.18298,2020,7,July,19,Night,Weekday
T20200013179,2020-07-07,19:09:00,1,Collision with vehicle,2,Tuesday,110,CROSS TRAFFIC(INTERSECTIONS ONLY),3,40888,Cross intersection,3,80,Arterial Other,WANTIRNA,KNOX,-37.84769,145.22714,2020,7,July,19,Night,Weekday
T20200013180,2020-07-07,16:55:00,1,Collision with vehicle,2,Tuesday,140,U TURN,1,665640,Not at intersection,3,40,Arterial Other,DRUMMOND,BALLARAT,-37.56673,143.84636,2020,7,July,16,Afternoon Peak,Weekday
T20200013597,2020-07-07,11:26:00,6,Vehicle overturned (no collision),2,Tuesday,174,OUT OF CONTROL ON CARRIAGEWAY (ON STRAIGHT),1,41265,Cross intersection,2,60,Arterial Other,HAWTHORN,BAYSIDE,-37.904724,145.01854,2020,7,July,11,Midday,Weekday
T20200013107,2020-07-07,12:10:00,4,Collision with a fixed object,2,Tuesday,173,RIGHT OFF CARRIAGEWAY INTO OBJECT/PARKED VEHICLE,1,665439,Not at intersection,2,100,Local Road,ANDERSONS,GEELONG,-38.19167,144.60262,2020,7,July,12,Midday,Weekday
T20200013515,2020-07-07,18:00:00,1,Collision with vehicle,2,Tuesday,110,CROSS TRAFFIC(INTERSECTIONS ONLY),2,58190,Cross intersection,3,100,Local Road,DEAKIN,MILDURA,-34.251762,142.08182,2020,7,July,18,Afternoon Peak,Weekday
T20200013157,2020-07-07,12:00:00,1,Collision with vehicle,2,Tuesday,130,REAR END(VEHICLES IN SAME LANE),1,658397,Not at intersection,2,70,Arterial Highway,SETTLEMENT,GEELONG,-38.176647,144.35178,2020,7,July,12,Midday,Weekday
T20200013147,2020-07-07,23:00:00,4,Collision with a fixed object,2,Tuesday,173,RIGHT OFF CARRIAGEWAY INTO OBJECT/PARKED VEHICLE,3,29372,Cross intersection,2,60,Arterial Highway,RACECOURSE,MELBOURNE,-37.789406,144.94217,2020,7,July,23,Night,Weekday
T20200013141,2020-07-07,18:04:00,2,Struck Pedestrian,2,Tuesday,104,PED WALKING WITH TRAFFIC,5,657045,Not at intersection,1,100,Local Road,NEVINSON,BENDIGO,-36.799904,144.12238,2020,7,July,18,Afternoon Peak,Weekday
T20200013138,2020-07-07,18:00:00,1,Collision with vehicle,2,Tuesday,161,DOUBLE PARKED,3,657170,Not at intersection,3,60,Arterial Highway,ST KILDA,PORT PHILLIP,-37.858635,144.98386,2020,7,July,18,Afternoon Peak,Weekday
T20200013135,2020-07-07,16:59:00,4,Collision with a fixed object,2,Tuesday,181,OFF RIGHT BEND INTO OBJECT/PARKED VEHICLE,1,659295,Not at intersection,2,80,Arterial Highway,MELBA,YARRA RANGES,-37.582684,145.41081,2020,7,July,16,Afternoon Peak,Weekday
T20200013190,2020-07-08,13:32:00,1,Collision with vehicle,3,Wednesday,130,REAR END(VEHICLES IN SAME LANE),1,699619,Not at intersection,3,100,Freeway,CALDER,BRIMBANK,-37.691643,144.79538,2020,7,July,13,Midday,Weekday
T20200013217,2020-07-08,18:28:00,1,Collision with vehicle,3,Wednesday,113,RIGHT NEAR (INTERSECTIONS ONLY),3,1106,T intersection,3,50,Arterial Highway,POINT NEPEAN,MORNINGTON PENINSULA,-38.370663,144.82472,2020,7,July,18,Afternoon Peak,Weekday
T20200013182,2020-07-08,11:45:00,1,Collision with vehicle,3,Wednesday,113,RIGHT NEAR (INTERSECTIONS ONLY),1,42285,T intersection,2,60,Local Road,BERNARD,KINGSTON,-37.953915,145.06714,2020,7,July,11,Midday,Weekday
T20200013181,2020-07-08,12:15:00,1,Collision with vehicle,3,Wednesday,110,CROSS TRAFFIC(INTERSECTIONS ONLY),1,48483,Cross intersection,3,40,Local Road,LANGRIDGE,YARRA,-37.807297,144.9931,2020,7,July,12,Midday,Weekday
T20200013144,2020-07-08,03:30:00,5,collision with some other object,3,Wednesday,166,STRUCK OBJECT ON CARRIAGEWAY,5,657599,Not at intersection,3,100,Freeway,PRINCES,GEELONG,-37.974766,144.54695,2020,7,July,3,Late Night,Weekday
T20200013325,2020-07-08,15:50:00,1,Collision with vehicle,3,Wednesday,131,LEFT REAR,1,57958,T intersection,2,80,Freeway,JETTY ROAD -PENINSULA LINK,MORNINGTON PENINSULA,-38.369255,144.90869,2020,7,July,15,Afternoon Peak,Weekday
T20200016459,2020-07-08,06:50:00,1,Collision with vehicle,3,Wednesday,130,REAR END(VEHICLES IN SAME LANE),2,661898,Cross intersection,3,80,Arterial Highway,FRANKSTON-DANDENONG,DANDENONG,-38.00397,145.21747,2020,7,July,6,Morning Peak,Weekday
T20200014463,2020-07-08,15:30:00,4,Collision with a fixed object,3,Wednesday,130,REAR END(VEHICLES IN SAME LANE),1,658992,Not at intersection,3,50,Local Road,SANCTUARY LAKES NORTH,WYNDHAM,-37.89555,144.75813,2020,7,July,15,Afternoon Peak,Weekday
T20200015178,2020-07-08,19:00:00,1,Collision with vehicle,3,Wednesday,130,REAR END(VEHICLES IN SAME LANE),3,29466,Cross intersection,3,60,Arterial Highway,PUNT,STONNINGTON,-37.850666,144.9842,2020,7,July,19,Night,Weekday
T20200013219,2020-07-08,18:30:00,1,Collision with vehicle,3,Wednesday,130,REAR END(VEHICLES IN SAME LANE),2,658095,Not at intersection,3,60,Arterial Other,WHITE,KINGSTON,-37.999058,145.09004,2020,7,July,18,Afternoon Peak,Weekday
T20200016489,2020-07-08,14:45:00,1,Collision with vehicle,3,Wednesday,130,REAR END(VEHICLES IN SAME LANE),1,661958,Not at intersection,3,40,Arterial Other,MELTON,MELTON,-37.68998,144.72455,2020,7,July,14,Midday,Weekday
T20200013213,2020-07-08,18:32:00,1,Collision with vehicle,3,Wednesday,160,VEHICLE COLLIDES WITH VEHICLE PARKED ON LEFT OF ROAD,3,659296,Not at intersection,2,70,Arterial Highway,ORMOND,GEELONG,-38.16645,144.38232,2020,7,July,18,Afternoon Peak,Weekday
T20200013212,2020-07-08,18:00:00,4,Collision with a fixed object,3,Wednesday,171,LEFT OFF CARRIAGEWAY INTO OBJECT/PARKED VEHICLE,3,663306,Not at intersection,3,60,Local Road,HIGH,LATROBE,-38.179462,146.26695,2020,7,July,18,Afternoon Peak,Weekday
T20200013210,2020-07-08,15:20:00,1,Collision with vehicle,3,Wednesday,120,HEAD ON (NOT OVERTAKING),1,729736,Not at intersection,3,80,Arterial Other,WELLINGTON,YARRA RANGES,-37.949463,145.33241,2020,7,July,15,Afternoon Peak,Weekday
T20200013209,2020-07-08,18:30:00,1,Collision with vehicle,3,Wednesday,130,REAR END(VEHICLES IN SAME LANE),3,657436,Not at intersection,3,100,Freeway,EASTERN,WHITEHORSE,-37.800472,145.15161,2020,7,July,18,Afternoon Peak,Weekday
T20200013208,2020-07-08,10:50:00,1,Collision with vehicle,3,Wednesday,134,LANE CHANGE RIGHT (NOT OVERTAKING),9,729335,Not at intersection,3,80,Arterial Other,CRANBOURNE,FRANKSTON,-38.152664,145.15646,2020,7,July,10,Midday,Weekday
T20200013207,2020-07-08,16:15:00,4,Collision with a fixed object,3,Wednesday,181,OFF RIGHT BEND INTO OBJECT/PARKED VEHICLE,1,665646,Not at intersection,3,50,Local Road,BASIN-OLINDA,YARRA RANGES,-37.851673,145.34431,2020,7,July,16,Afternoon Peak,Weekday
T20200013218,2020-07-08,20:10:00,1,Collision with vehicle,3,Wednesday,160,VEHICLE COLLIDES WITH VEHICLE PARKED ON LEFT OF ROAD,3,669770,Not at intersection,2,80,Arterial Highway,MAROONDAH,MAROONDAH,-37.8025,145.24777,2020,7,July,20,Night,Weekday
T20200013174,2020-07-08,09:37:00,1,Collision with vehicle,3,Wednesday,121,RIGHT THROUGH,1,29643,Multiple intersection,3,60,Arterial Other,BOORAN ROAD -GLEN EIRA,GLEN EIRA,-37.881428,145.03459,2020,7,July,9,Morning Peak,Weekday
T20200013202,2020-07-08,17:30:00,1,Collision with vehicle,3,Wednesday,121,RIGHT THROUGH,2,359981,Not at intersection,3,70,Arterial Highway,GRANGE ROAD -JASPER,GLEN EIRA,-37.904514,145.04393,2020,7,July,17,Afternoon Peak,Weekday
T20200013281,2020-07-08,10:00:00,1,Collision with vehicle,3,Wednesday,130,REAR END(VEHICLES IN SAME LANE),1,657674,Not at intersection,2,40,Arterial Other,TOORAK,STONNINGTON,-37.84382,145.03172,2020,7,July,10,Midday,Weekday
T20200013199,2020-07-08,16:45:00,4,Collision with a fixed object,3,Wednesday,183,OFF LEFT BEND INTO OBJECT/PARKED VEHICLE,2,657252,T intersection,2,70,Local Road,BELL,GEELONG,-38.12743,144.35211,2020,7,July,16,Afternoon Peak,Weekday
T20200013175,2020-07-08,12:50:00,1,Collision with vehicle,3,Wednesday,136,RIGHT TURN SIDESWIPE,1,295113,T intersection,2,50,Arterial Other,COMMERCIAL,MELBOURNE,-37.845585,144.98425,2020,7,July,12,Midday,Weekday
T20200013196,2020-07-08,14:45:00,4,Collision with a fixed object,3,Wednesday,181,OFF RIGHT BEND INTO OBJECT/PARKED VEHICLE,1,750910,Not at intersection,2,80,Arterial Other,LANG LANG-POOWONG,SOUTH GIPPSLAND,-38.33304,145.72638,2020,7,July,14,Midday,Weekday
T20200013195,2020-07-08,08:30:00,1,Collision with vehicle,3,Wednesday,113,RIGHT NEAR (INTERSECTIONS ONLY),1,63109,T intersection,3,50,Local Road,JESSIE,DAREBIN,-37.74255,144.9942,2020,7,July,8,Morning Peak,Weekday
T20200013243,2020-07-08,17:00:00,1,Collision with vehicle,3,Wednesday,130,REAR END(VEHICLES IN SAME LANE),1,299540,T intersection,3,80,Arterial Highway,SOUTH GIPPSLAND,CASEY,-38.058773,145.26302,2020,7,July,17,Afternoon Peak,Weekday
T20200015405,2020-07-08,20:50:00,1,Collision with vehicle,3,Wednesday,130,REAR END(VEHICLES IN SAME LANE),3,667429,Not at intersection,3,100,Freeway,PRINCES OUT-CLYDE,CASEY,-38.043762,145.33994,2020,7,July,20,Night,Weekday
T20200013154,2020-07-08,08:40:00,1,Collision with vehicle,3,Wednesday,121,RIGHT THROUGH,1,41137,Cross intersection,2,60,Arterial Other,ST KILDA,BAYSIDE,-37.897785,144.98953,2020,7,July,8,Morning Peak,Weekday
T20200013155,2020-07-08,06:40:00,4,Collision with a fixed object,3,Wednesday,171,LEFT OFF CARRIAGEWAY INTO OBJECT/PARKED VEHICLE,3,658628,Not at intersection,3,60,Arterial Other,MAIN,BALLARAT,-37.580093,143.86806,2020,7,July,6,Morning Peak,Weekday
T20200013165,2020-07-08,07:30:00,1,Collision with vehicle,3,Wednesday,163,VEHICLE STRIKES DOOR OF PARKED/STATIONARY VEHICLE,1,668875,Not at intersection,3,40,Local Road,CHARMAN,KINGSTON,-37.97326,145.05421,2020,7,July,7,Morning Peak,Weekday
T20200013145,2020-07-08,02:13:00,4,Collision with a fixed object,3,Wednesday,171,LEFT OFF CARRIAGEWAY INTO OBJECT/PARKED VEHICLE,5,663408,Not at intersection,3,100,Arterial Other,BYRNESIDE-KYABRAM,CAMPASPE,-36.322987,145.13205,2020,7,July,2,Late Night,Weekday
T20200013168,2020-07-08,11:39:00,1,Collision with vehicle,3,Wednesday,110,CROSS TRAFFIC(INTERSECTIONS ONLY),1,32859,Cross intersection,3,60,Arterial Highway,CHELTENHAM,DANDENONG,-37.991413,145.2102,2020,7,July,11,Midday,Weekday
T20200013171,2020-07-08,08:30:00,1,Collision with vehicle,3,Wednesday,116,LEFT NEAR (INTERSECTIONS ONLY),1,56527,Cross intersection,3,60,Local Road,CHIRNSIDE,CASEY,-38.052437,145.3536,2020,7,July,8,Morning Peak,Weekday
T20200013172,2020-07-08,12:51:00,1,Collision with vehicle,3,Wednesday,149,OTHER MANOEUVRING NOT INCLUDED IN DCAs 140-148,1,657512,Not at intersection,2,60,Arterial Highway,WARRIGAL,MONASH,-37.894623,145.08789,2020,7,July,12,Midday,Weekday
T20200015310,2020-07-08,02:20:00,4,Collision with a fixed object,3,Wednesday,171,LEFT OFF CARRIAGEWAY INTO OBJECT/PARKED VEHICLE,3,663918,Not at intersection,2,50,Local Road,MONASH,BRIMBANK,-37.78962,144.84138,2020,7,July,2,Late Night,Weekday
T20200013544,2020-07-08,17:20:00,1,Collision with vehicle,3,Wednesday,131,LEFT REAR,2,658706,Not at intersection,3,60,Local Road,ASPIRE,MELTON,-37.702347,144.72623,2020,7,July,17,Afternoon Peak,Weekday
T20200013232,2020-07-09,05:55:00,2,Struck Pedestrian,4,Thursday,102,FAR SIDE. PED HIT BY VEHICLE FROM THE LEFT,2,38744,Cross intersection,2,60,Arterial Other,BUCKLEY,MARIBYRNONG,-37.803257,144.8924,2020,7,July,5,Morning Peak,Weekday
T20200013233,2020-07-09,00:10:00,4,Collision with a fixed object,4,Thursday,181,OFF RIGHT BEND INTO OBJECT/PARKED VEHICLE,5,190007,Not at intersection,3,60,Arterial Other,MOUNTAIN,YARRA RANGES,-37.87048,145.3333,2020,7,July,0,Late Night,Weekday
T20200013234,2020-07-09,07:15:00,1,Collision with vehicle,4,Thursday,135,LANE CHANGE LEFT (NOT OVERTAKING),1,780697,Not at intersection,3,60,Arterial Other,MT ALEXANDER,MOONEE VALLEY,-37.78354,144.93593,2020,7,July,7,Morning Peak,Weekday
T20200013238,2020-07-09,04:12:00,1,Collision with vehicle,4,Thursday,130,REAR END(VEHICLES IN SAME LANE),2,665696,Not at intersection,3,60,Arterial Other,ST KILDA ROAD SERVICE,MELBOURNE,-37.82738,144.97122,2020,7,July,4,Late Night,Weekday
T20200013241,2020-07-09,06:45:00,2,Struck Pedestrian,4,Thursday,102,FAR SIDE. PED HIT BY VEHICLE FROM THE LEFT,3,42815,Cross intersection,2,80,Arterial Highway,NEPEAN,KINGSTON,-37.990707,145.08134,2020,7,July,6,Morning Peak,Weekday
T20200013244,2020-07-09,12:20:00,1,Collision with vehicle,4,Thursday,140,U TURN,1,289043,Cross intersection,3,60,Arterial Other,FLEMINGTON,MELBOURNE,-37.799652,144.95503,2020,7,July,12,Midday,Weekday
T20200013245,2020-07-09,07:50:00,1,Collision with vehicle,4,Thursday,119,OTHER ADJACENT (INTERSECTIONS ONLY),1,68229,T intersection,1,60,Arterial Other,HUNTINGDALE,MONASH,-37.878365,145.10977,2020,7,July,7,Morning Peak,Weekday
T20200013248,2020-07-09,11:50:00,4,Collision with a fixed object,4,Thursday,146,REVERSING INTO FIXED OBJECT/PARKED VEHICLE,1,657255,Not at intersection,3,50,Local Road,SITELLA,FRANKSTON,-38.1069,145.17256,2020,7,July,11,Midday,Weekday
T20200013249,2020-07-09,07:55:00,4,Collision with a fixed object,4,Thursday,171,LEFT OFF CARRIAGEWAY INTO OBJECT/PARKED VEHICLE,1,675727,Not at intersection,2,80,Freeway,CLYDE-PRINCES IN,CASEY,-38.04566,145.3409,2020,7,July,7,Morning Peak,Weekday
T20200013261,2020-07-09,13:15:00,1,Collision with vehicle,4,Thursday,130,REAR END(VEHICLES IN SAME LANE),1,657437,Not at intersection,3,60,Local Road,WILLIAMSON,MARIBYRNONG,-37.775124,144.88187,2020,7,July,13,Midday,Weekday
T20210017219,2020-07-09,18:45:00,1,Collision with vehicle,4,Thursday,131,LEFT REAR,6,690209,Cross intersection,3,80,Arterial Other,MICKLEHAM,HUME,-37.63459,144.88152,2020,7,July,18,Afternoon Peak,Weekday
T20200013295,2020-07-09,12:50:00,1,Collision with vehicle,4,Thursday,132,RIGHT REAR.,1,55550,T intersection,2,60,Arterial Other,BRETT,FRANKSTON,-38.09817,145.16287,2020,7,July,12,Midday,Weekday
T20200013270,2020-07-09,08:22:00,4,Collision with a fixed object,4,Thursday,173,RIGHT OFF CARRIAGEWAY INTO OBJECT/PARKED VEHICLE,1,664165,Not at intersection,2,100,Arterial Highway,GREAT ALPINE,EAST GIPPSLAND,-37.33872,147.78981,2020,7,July,8,Morning Peak,Weekday
T20200014789,2020-07-09,08:15:00,2,Struck Pedestrian,4,Thursday,102,FAR SIDE. PED HIT BY VEHICLE FROM THE LEFT,1,40569,T intersection,2,60,Arterial Highway,WARRIGAL,WHITEHORSE,-37.853348,145.09511,2020,7,July,8,Morning Peak,Weekday
T20200013257,2020-07-09,13:30:00,1,Collision with vehicle,4,Thursday,135,LANE CHANGE LEFT (NOT OVERTAKING),1,773249,Not at intersection,3,80,Freeway,WEST GATE,HOBSONS BAY,-37.825394,144.88728,2020,7,July,13,Midday,Weekday
T20200013282,2020-07-09,15:40:00,1,Collision with vehicle,4,Thursday,110,CROSS TRAFFIC(INTERSECTIONS ONLY),1,1188,Cross intersection,3,60,Arterial Highway,ALBERT,DAREBIN,-37.740128,145.02336,2020,7,July,15,Afternoon Peak,Weekday
T20200013337,2020-07-09,20:20:00,1,Collision with vehicle,4,Thursday,130,REAR END(VEHICLES IN SAME LANE),3,661884,Not at intersection,3,80,Freeway,MULLUM MULLUM,MANNINGHAM,-37.804417,145.2049,2020,7,July,20,Night,Weekday
T20200013239,2020-07-09,07:30:00,1,Collision with vehicle,4,Thursday,130,REAR END(VEHICLES IN SAME LANE),1,668359,Not at intersection,3,60,Arterial Highway,MIDLAND,SHEPPARTON,-36.4137,145.52298,2020,7,July,7,Morning Peak,Weekday
T20200015002,2020-07-09,06:30:00,1,Collision with vehicle,4,Thursday,130,REAR END(VEHICLES IN SAME LANE),2,660063,Cross intersection,2,60,Arterial Highway,DON STREET -HIGH,BENDIGO,-36.763523,144.27052,2020,7,July,6,Morning Peak,Weekday
T20200022112,2020-07-09,10:55:00,1,Collision with vehicle,4,Thursday,110,CROSS TRAFFIC(INTERSECTIONS ONLY),1,49168,Cross intersection,3,60,Local Road,ANDERSON,EAST GIPPSLAND,-37.827297,147.60948,2020,7,July,10,Midday,Weekday
T20200013925,2020-07-09,22:30:00,1,Collision with vehicle,4,Thursday,120,HEAD ON (NOT OVERTAKING),3,729343,Not at intersection,3,70,Arterial Other,BALLARTO,FRANKSTON,-38.115154,145.17749,2020,7,July,22,Night,Weekday
T20200013278,2020-07-09,15:45:00,1,Collision with vehicle,4,Thursday,113,RIGHT NEAR (INTERSECTIONS ONLY),1,348296,Cross intersection,3,70,Freeway,BOUNDARY,WYNDHAM,-37.815388,144.80754,2020,7,July,15,Afternoon Peak,Weekday