ACCIDENT_NO,ACCIDENT_DATE,ACCIDENT_TIME,ACCIDENT_TYPE,ACCIDENT_TYPE_DESC,DAY_OF_WEEK,DAY_WEEK_DESC,DCA_CODE,DCA_DESC,LIGHT_CONDITION,NODE_ID,ROAD_GEOMETRY_DESC,SEVERITY,SPEED_ZONE,RMA,ROAD_NAME,LGA_NAME,LATITUDE,LONGITUDE,YEAR,MONTH,MONTH_NAME,HOUR,TIME_PERIOD,DAY_TYPE
T20200013279,2020-07-09,10:00:00,1,Collision with vehicle,4,Thursday,130,REAR END(VEHICLES IN SAME LANE),9,657438,Not at intersection,3,60,Local Road,MT RIDLEY,HUME,-37.565334,144.90404,2020,7,July,10,Midday,Weekday
T20200013299,2020-07-09,17:50:00,4,Collision with a fixed object,4,Thursday,173,RIGHT OFF CARRIAGEWAY INTO OBJECT/PARKED VEHICLE,3,672279,Not at intersection,2,60,Local Road,GRAND,HUME,-37.57749,144.93097,2020,7,July,17,Afternoon Peak,Weekday
T20200013229,2020-07-09,01:07:00,4,Collision with a fixed object,4,Thursday,175,OFF END OF ROAD/T-INTERSECTION.,5,663409,T intersection,3,100,Local Road,MACGREGOR,CAMPASPE,-36.34193,144.85037,2020,7,July,1,Late Night,Weekday
T20200013291,2020-07-09,17:19:00,4,Collision with a fixed object,4,Thursday,173,RIGHT OFF CARRIAGEWAY INTO OBJECT/PARKED VEHICLE,2,773475,Not at intersection,3,80,Arterial Other,KOO-WEE-RUP-LONGWARRY,CARDINIA,-38.205334,145.47781,2020,7,July,17,Afternoon Peak,Weekday
T20200013231,2020-07-09,03:16:00,4,Collision with a fixed object,4,Thursday,181,OFF RIGHT BEND INTO OBJECT/PARKED VEHICLE,5,668804,Not at intersection,2,100,Arterial Highway,MIDLAND,BENALLA,-36.438377,145.79433,2020,7,July,3,Late Night,Weekday
T20200013294,2020-07-09,17:54:00,1,Collision with vehicle,4,Thursday,130,REAR END(VEHICLES IN SAME LANE),5,657944,Not at intersection,3,80,Arterial Highway,SOUTH GIPPSLAND,CASEY,-38.073368,145.27095,2020,7,July,17,Afternoon Peak,Weekday
T20200013310,2020-07-10,08:45:00,1,Collision with vehicle,5,Friday,130,REAR END(VEHICLES IN SAME LANE),1,658017,T intersection,3,50,Arterial Other,ST GEORGES,YARRA,-37.783382,144.98378,2020,7,July,8,Morning Peak,Weekday
T20200013558,2020-07-10,17:50:00,1,Collision with vehicle,5,Friday,132,RIGHT REAR.,2,846,Cross intersection,3,60,Arterial Other,SYDNEY,MORELAND,-37.71867,144.96277,2020,7,July,17,Afternoon Peak,Weekday
T20200013878,2020-07-10,15:30:00,1,Collision with vehicle,5,Friday,130,REAR END(VEHICLES IN SAME LANE),1,54294,T intersection,3,80,Arterial Highway,DANDENONG-HASTINGS,CASEY,-38.05644,145.24373,2020,7,July,15,Afternoon Peak,Weekday
T20200013709,2020-07-10,18:17:00,1,Collision with vehicle,5,Friday,153,CUTTING IN (OVERTAKING),2,271,Cross intersection,2,50,Local Road,OLD WELLS,KINGSTON,-38.081783,145.1482,2020,7,July,18,Afternoon Peak,Weekday
T20200013364,2020-07-10,13:30:00,1,Collision with vehicle,5,Friday,111,RIGHT FAR (INTERSECTIONS ONLY),1,19580,T intersection,3,100,Arterial Highway,CALDER,BENDIGO,-36.861393,144.22232,2020,7,July,13,Midday,Weekday
T20200013304,2020-07-10,06:45:00,2,Struck Pedestrian,5,Friday,102,FAR SIDE. PED HIT BY VEHICLE FROM THE LEFT,6,657325,T intersection,2,50,Local Road,KIRKHAM,DANDENONG,-37.998444,145.20616,2020,7,July,6,Morning Peak,Weekday
T20200015502,2020-07-10,21:30:00,4,Collision with a fixed object,5,Friday,171,LEFT OFF CARRIAGEWAY INTO OBJECT/PARKED VEHICLE,5,773292,Not at intersection,2,80,Local Road,CAMP HILL,PYRENEES,-37.406025,143.39738,2020,7,July,21,Night,Weekday
T20200013328,2020-07-10,13:29:00,1,Collision with vehicle,5,Friday,121,RIGHT THROUGH,1,53719,T intersection,2,100,Arterial Highway,HENTY,HORSHAM,-36.50257,142.34569,2020,7,July,13,Midday,Weekday
T20200013351,2020-07-10,23:10:00,1,Collision with vehicle,5,Friday,121,RIGHT THROUGH,3,260158,T intersection,3,60,Arterial Other,COBURNS,MELTON,-37.68635,144.56778,2020,7,July,23,Night,Weekday
T20200014550,2020-07-10,10:30:00,1,Collision with vehicle,5,Friday,130,REAR END(VEHICLES IN SAME LANE),1,29822,Multiple intersection,3,60,Arterial Other,HAMPSTEAD ROAD -MITCHELL,MARIBYRNONG,-37.781754,144.87039,2020,7,July,10,Midday,Weekday
T20200013352,2020-07-10,21:33:00,6,Vehicle overturned (no collision),5,Friday,174,OUT OF CONTROL ON CARRIAGEWAY (ON STRAIGHT),3,661155,T intersection,3,50,Local Road,GAME,MILDURA,-34.169346,142.05605,2020,7,July,21,Night,Weekday
T20200013889,2020-07-10,09:40:00,1,Collision with vehicle,5,Friday,163,VEHICLE STRIKES DOOR OF PARKED/STATIONARY VEHICLE,1,665741,Not at intersection,3,40,Local Road,HIGH,DAREBIN,-37.74861,145.00226,2020,7,July,9,Morning Peak,Weekday
T20200013327,2020-07-10,13:24:00,1,Collision with vehicle,5,Friday,148,VEHICLE OFF FOOTPATH STRIKES VEH ON CARRIAGEWAY,1,657516,T intersection,3,40,Local Road,WOODS,MOONEE VALLEY,-37.770214,144.90192,2020,7,July,13,Midday,Weekday
T20200014036,2020-07-10,16:20:00,1,Collision with vehicle,5,Friday,145,REVERSING IN STREAM OF TRAFFIC,1,660449,Not at intersection,3,60,Arterial Other,HIGHBURY,MONASH,-37.857517,145.13103,2020,7,July,16,Afternoon Peak,Weekday
T20200013335,2020-07-10,14:59:00,1,Collision with vehicle,5,Friday,147,VEHICLE STRIKES ANOTHER VEH WHILE EMERGING FROM DRIVEWAY,1,663594,Not at intersection,2,60,Arterial Other,WARRANDYTE,MAROONDAH,-37.7924,145.23558,2020,7,July,14,Midday,Weekday
T20200013321,2020-07-10,10:20:00,1,Collision with vehicle,5,Friday,110,CROSS TRAFFIC(INTERSECTIONS ONLY),1,234609,Cross intersection,2,80,Arterial Highway,WELLINGTON,MONASH,-37.91615,145.14015,2020,7,July,10,Midday,Weekday
T20200013394,2020-07-11,19:15:00,6,Vehicle overturned (no collision),6,Saturday,174,OUT OF CONTROL ON CARRIAGEWAY (ON STRAIGHT),5,657602,Not at intersection,3,100,Arterial Highway,MURRAY VALLEY,INDIGO,-36.073196,146.23267,2020,7,July,19,Night,Weekend
T20200013393,2020-07-11,21:40:00,4,Collision with a fixed object,6,Saturday,173,RIGHT OFF CARRIAGEWAY INTO OBJECT/PARKED VEHICLE,3,661201,Y intersection,2,100,Freeway,MONASH IN-POLICE,DANDENONG,-37.94697,145.20618,2020,7,July,21,Night,Weekend
T20200013389,2020-07-11,15:05:00,1,Collision with vehicle,6,Saturday,112,LEFT FAR (INTERSECTIONS ONLY),1,657443,Cross intersection,3,50,Local Road,IAN,DANDENONG,-37.965534,145.17688,2020,7,July,15,Afternoon Peak,Weekend
T20200013374,2020-07-11,12:20:00,1,Collision with vehicle,6,Saturday,131,LEFT REAR,1,29761,Cross intersection,3,60,Arterial Other,THOMPSONS,CASEY,-38.079994,145.25813,2020,7,July,12,Midday,Weekend
T20200013409,2020-07-11,15:45:00,8,No collision and no object struck,6,Saturday,174,OUT OF CONTROL ON CARRIAGEWAY (ON STRAIGHT),1,657478,Not at intersection,3,100,Local Road,DONNELLYS CREEK,BAW BAW,-37.749725,146.4554,2020,7,July,15,Afternoon Peak,Weekend
T20200013398,2020-07-11,18:20:00,1,Collision with vehicle,6,Saturday,110,CROSS TRAFFIC(INTERSECTIONS ONLY),3,52209,Cross intersection,3,50,Arterial Other,GREY,LATROBE,-38.192932,146.5337,2020,7,July,18,Afternoon Peak,Weekend
T20200013407,2020-07-11,22:40:00,1,Collision with vehicle,6,Saturday,121,RIGHT THROUGH,3,43403,T intersection,3,60,Arterial Highway,BELL,DAREBIN,-37.74269,144.97981,2020,7,July,22,Night,Weekend
T20200013847,2020-07-11,21:10:00,1,Collision with vehicle,6,Saturday,117,LEFT/RIGHT FAR (INTERSECTIONS ONLY),3,39292,Cross intersection,2,50,Local Road,NELSON,WHITEHORSE,-37.813137,145.12012,2020,7,July,21,Night,Weekend
T20200013369,2020-07-11,11:32:00,1,Collision with vehicle,6,Saturday,146,REVERSING INTO FIXED OBJECT/PARKED VEHICLE,1,663675,Not at intersection,3,50,Local Road,YENDON,MELTON,-37.740505,144.7439,2020,7,July,11,Midday,Weekend
T20200013485,2020-07-11,11:00:00,2,Struck Pedestrian,6,Saturday,100,PED NEAR SIDE. PED HIT BY VEHICLE FROM THE RIGHT.,1,42608,T intersection,2,70,Arterial Highway,WELLINGTON,MONASH,-37.923126,145.19548,2020,7,July,11,Midday,Weekend
T20200013368,2020-07-11,09:10:00,4,Collision with a fixed object,6,Saturday,173,RIGHT OFF CARRIAGEWAY INTO OBJECT/PARKED VEHICLE,1,657440,Not at intersection,3,80,Arterial Other,MELBOURNE,HEPBURN,-37.454136,143.93794,2020,7,July,9,Morning Peak,Weekend
T20200013366,2020-07-11,09:45:00,4,Collision with a fixed object,6,Saturday,164,PERMANENT OBSTRUCTION ON CARRIAGEWAY,1,657383,Not at intersection,3,70,Local Road,FORSYTH,WYNDHAM,-37.851788,144.73135,2020,7,July,9,Morning Peak,Weekend
T20200013386,2020-07-11,17:43:00,1,Collision with vehicle,6,Saturday,113,RIGHT NEAR (INTERSECTIONS ONLY),3,38006,T intersection,2,60,Arterial Other,HEIDELBERG,DAREBIN,-37.78408,145.00963,2020,7,July,17,Afternoon Peak,Weekend
T20200013363,2020-07-11,09:15:00,1,Collision with vehicle,6,Saturday,113,RIGHT NEAR (INTERSECTIONS ONLY),1,957,T intersection,2,80,Arterial Highway,MOOROODUC,FRANKSTON,-38.171265,145.13873,2020,7,July,9,Morning Peak,Weekend
T20200013385,2020-07-11,17:50:00,1,Collision with vehicle,6,Saturday,113,RIGHT NEAR (INTERSECTIONS ONLY),3,50114,T intersection,2,60,Arterial Other,BARRABOOL,GEELONG,-38.171516,144.3244,2020,7,July,17,Afternoon Peak,Weekend
T20200014081,2020-07-11,18:00:00,1,Collision with vehicle,6,Saturday,147,VEHICLE STRIKES ANOTHER VEH WHILE EMERGING FROM DRIVEWAY,3,42135,Not at intersection,3,60,Arterial Other,BAY,BAYSIDE,-37.954426,145.02618,2020,7,July,18,Afternoon Peak,Weekend
T20200013384,2020-07-11,15:20:00,4,Collision with a fixed object,6,Saturday,173,RIGHT OFF CARRIAGEWAY INTO OBJECT/PARKED VEHICLE,1,660884,Not at intersection,2,100,Arterial Other,KIEWA VALLEY,INDIGO,-36.315624,147.03589,2020,7,July,15,Afternoon Peak,Weekend
T20200013852,2020-07-11,12:30:00,8,No collision and no object struck,6,Saturday,170,OFF CARRIAGEWAY TO LEFT,1,658022,Not at intersection,3,80,Local Road,WONGA,COLAC OTWAY,-38.453037,143.5259,2020,7,July,12,Midday,Weekend
T20200013360,2020-07-11,06:20:00,1,Collision with vehicle,6,Saturday,116,LEFT NEAR (INTERSECTIONS ONLY),2,278835,T intersection,2,60,Arterial Highway,CHELTENHAM,DANDENONG,-37.989697,145.20328,2020,7,July,6,Morning Peak,Weekend
T20200013395,2020-07-11,19:23:00,4,Collision with a fixed object,6,Saturday,175,OFF END OF ROAD/T-INTERSECTION.,5,45296,T intersection,3,100,Local Road,KONAGADERRA,HUME,-37.521194,144.80109,2020,7,July,19,Night,Weekend
T20200013354,2020-07-11,01:08:00,4,Collision with a fixed object,6,Saturday,171,LEFT OFF CARRIAGEWAY INTO OBJECT/PARKED VEHICLE,3,128180,Cross intersection,2,60,Arterial Highway,DANDENONG VALLEY,DANDENONG,-37.990112,145.21469,2020,7,July,1,Late Night,Weekend
T20200013383,2020-07-11,16:10:00,4,Collision with a fixed object,6,Saturday,173,RIGHT OFF CARRIAGEWAY INTO OBJECT/PARKED VEHICLE,1,659352,Not at intersection,3,50,Local Road,SMITH,YARRA,-37.792645,144.98535,2020,7,July,16,Afternoon Peak,Weekend
T20200013397,2020-07-11,23:37:00,8,No collision and no object struck,6,Saturday,179,OTHER ACCIDENTS-OFF STRAIGHT NOT INCLUDED IN DCAs 170-175,3,657945,Not at intersection,3,60,Arterial Other,WHITEHALL,MARIBYRNONG,-37.80495,144.90433,2020,7,July,23,Night,Weekend
T20200013530,2020-07-11,12:00:00,8,No collision and no object struck,6,Saturday,174,OUT OF CONTROL ON CARRIAGEWAY (ON STRAIGHT),1,658252,Not at intersection,3,40,Local Road,HASTINGS,TOWONG,-36.322624,147.53032,2020,7,July,12,Midday,Weekend
T20200013379,2020-07-11,14:26:00,4,Collision with a fixed object,6,Saturday,173,RIGHT OFF CARRIAGEWAY INTO OBJECT/PARKED VEHICLE,1,663863,Not at intersection,2,100,Local Road,CORNDALE SCHOOL,GLENELG,-37.52928,141.26938,2020,7,July,14,Midday,Weekend
T20200013430,2020-07-12,11:50:00,6,Vehicle overturned (no collision),7,Sunday,182,OFF CARRIAGEWAY ON LEFT BEND,1,666093,Not at intersection,2,80,Arterial Highway,GREAT ALPINE,(MOUNT HOTHAM),-36.973408,147.12874,2020,7,July,11,Midday,Weekend
T20200013429,2020-07-12,11:48:00,1,Collision with vehicle,7,Sunday,110,CROSS TRAFFIC(INTERSECTIONS ONLY),1,43129,Cross intersection,2,50,Local Road,BOX,CASEY,-37.995087,145.23802,2020,7,July,11,Midday,Weekend
T20200013419,2020-07-12,08:30:00,1,Collision with vehicle,7,Sunday,140,U TURN,1,1248,Cross intersection,2,70,Arterial Other,MICKLEHAM,HUME,-37.688087,144.88228,2020,7,July,8,Morning Peak,Weekend
T20200014034,2020-07-12,17:00:00,4,Collision with a fixed object,7,Sunday,173,RIGHT OFF CARRIAGEWAY INTO OBJECT/PARKED VEHICLE,5,667469,Not at intersection,2,100,Local Road,CRAWFORD,SHEPPARTON,-36.57198,145.16827,2020,7,July,17,Afternoon Peak,Weekend
T20200013469,2020-07-12,16:00:00,6,Vehicle overturned (no collision),7,Sunday,179,OTHER ACCIDENTS-OFF STRAIGHT NOT INCLUDED IN DCAs 170-175,1,37122,Cross intersection,2,50,Arterial Other,BRIDGE,YARRA,-37.818066,144.99463,2020,7,July,16,Afternoon Peak,Weekend
T20200013454,2020-07-12,18:22:00,1,Collision with vehicle,7,Sunday,143,ENTERING PARKING,3,657978,Not at intersection,2,40,Local Road,LANGTREE,MILDURA,-34.18666,142.15842,2020,7,July,18,Afternoon Peak,Weekend
T20200014772,2020-07-12,18:19:00,3,Struck animal,7,Sunday,167,STRUCK ANIMAL,5,779480,Not at intersection,3,100,Arterial Other,GRAHAM,CAMPASPE,-36.298836,144.97221,2020,7,July,18,Afternoon Peak,Weekend
T20200013444,2020-07-12,15:09:00,6,Vehicle overturned (no collision),7,Sunday,170,OFF CARRIAGEWAY TO LEFT,1,780698,Not at intersection,3,100,Arterial Other,ROSEDALE-LONGFORD,WELLINGTON,-38.167023,146.95671,2020,7,July,15,Afternoon Peak,Weekend
T20200013452,2020-07-12,01:30:00,1,Collision with vehicle,7,Sunday,113,RIGHT NEAR (INTERSECTIONS ONLY),3,279023,T intersection,2,60,Local Road,FORSYTH,WYNDHAM,-37.861282,144.73141,2020,7,July,1,Late Night,Weekend
T20200013432,2020-07-12,15:48:00,1,Collision with vehicle,7,Sunday,121,RIGHT THROUGH,1,667801,Cross intersection,3,80,Freeway,KEILOR PARK,BRIMBANK,-37.737343,144.85037,2020,7,July,15,Afternoon Peak,Weekend
T20200013451,2020-07-12,22:15:00,2,Struck Pedestrian,7,Sunday,102,FAR SIDE. PED HIT BY VEHICLE FROM THE LEFT,6,653355,Cross intersection,3,60,Arterial Other,BALLAN,WYNDHAM,-37.86938,144.60982,2020,7,July,22,Night,Weekend
T20200013433,2020-07-12,15:40:00,1,Collision with vehicle,7,Sunday,110,CROSS TRAFFIC(INTERSECTIONS ONLY),1,72870,Cross intersection,3,60,Local Road,BARKLY,MORNINGTON PENINSULA,-38.21913,145.04367,2020,7,July,15,Afternoon Peak,Weekend
T20200013434,2020-07-12,15:48:00,4,Collision with a fixed object,7,Sunday,181,OFF RIGHT BEND INTO OBJECT/PARKED VEHICLE,1,661156,Not at intersection,2,100,Arterial Highway,HENTY,SOUTHERN GRAMPIANS,-37.372276,142.1612,2020,7,July,15,Afternoon Peak,Weekend
T20200013435,2020-07-12,16:35:00,1,Collision with vehicle,7,Sunday,113,RIGHT NEAR (INTERSECTIONS ONLY),1,45057,T intersection,3,60,Arterial Other,BARRY,HUME,-37.665802,144.93985,2020,7,July,16,Afternoon Peak,Weekend
T20200017271,2020-07-12,13:00:00,1,Collision with vehicle,7,Sunday,130,REAR END(VEHICLES IN SAME LANE),1,339189,Not at intersection,3,60,Arterial Highway,BELL,DAREBIN,-37.747326,145.02177,2020,7,July,13,Midday,Weekend
T20200013439,2020-07-12,14:14:00,1,Collision with vehicle,7,Sunday,130,REAR END(VEHICLES IN SAME LANE),1,659412,Not at intersection,3,80,Arterial Other,PASCOE VALE,HUME,-37.64387,144.92891,2020,7,July,14,Midday,Weekend
T20200013445,2020-07-12,15:51:00,1,Collision with vehicle,7,Sunday,116,LEFT NEAR (INTERSECTIONS ONLY),1,277920,T intersection,3,60,Arterial Other,GORDON,MARIBYRNONG,-37.78226,144.89122,2020,7,July,15,Afternoon Peak,Weekend
T20200013568,2020-07-12,20:20:00,1,Collision with vehicle,7,Sunday,130,REAR END(VEHICLES IN SAME LANE),6,49748,T intersection,2,60,Arterial Other,THE BOULEVARD,GEELONG,-38.098717,144.35411,2020,7,July,20,Night,Weekend
T20200013422,2020-07-12,10:15:00,1,Collision with vehicle,7,Sunday,137,LEFT TURN SIDESWIPE,1,657675,Not at intersection,3,60,Arterial Other,HAWTHORN,BAYSIDE,-37.91364,145.01701,2020,7,July,10,Midday,Weekend
T20200013442,2020-07-12,16:14:00,1,Collision with vehicle,7,Sunday,110,CROSS TRAFFIC(INTERSECTIONS ONLY),2,45271,Cross intersection,2,100,Freeway,PRINCES,CARDINIA,-38.07538,145.71468,2020,7,July,16,Afternoon Peak,Weekend
T20200013418,2020-07-12,09:30:00,4,Collision with a fixed object,7,Sunday,171,LEFT OFF CARRIAGEWAY INTO OBJECT/PARKED VEHICLE,1,46432,T intersection,3,50,Local Road,COLEMAN,MONASH,-37.878002,145.15573,2020,7,July,9,Morning Peak,Weekend
T20200013441,2020-07-12,17:40:00,2,Struck Pedestrian,7,Sunday,100,PED NEAR SIDE. PED HIT BY VEHICLE FROM THE RIGHT.,3,660375,T intersection,2,60,Arterial Other,CANTERBURY,PORT PHILLIP,-37.855408,144.97247,2020,7,July,17,Afternoon Peak,Weekend
T20200013414,2020-07-12,08:35:00,4,Collision with a fixed object,7,Sunday,173,RIGHT OFF CARRIAGEWAY INTO OBJECT/PARKED VEHICLE,1,660509,Not at intersection,2,100,Arterial Highway,HAMILTON,GOLDEN PLAINS,-38.094337,144.00711,2020,7,July,8,Morning Peak,Weekend
T20200013440,2020-07-12,17:30:00,1,Collision with vehicle,7,Sunday,116,LEFT NEAR (INTERSECTIONS ONLY),2,49497,Cross intersection,2,80,Arterial Other,WHITTLESEA-KINGLAKE,MURRINDINDI,-37.48151,145.27882,2020,7,July,17,Afternoon Peak,Weekend
T20200017222,2020-07-13,17:30:00,3,Struck animal,1,Monday,167,STRUCK ANIMAL,2,666139,Not at intersection,3,80,Arterial Highway,MCIVOR,BENDIGO,-36.9048,144.69237,2020,7,July,17,Afternoon Peak,Weekday
T20200013478,2020-07-13,13:35:00,4,Collision with a fixed object,1,Monday,171,LEFT OFF CARRIAGEWAY INTO OBJECT/PARKED VEHICLE,1,679296,T intersection,2,60,Local Road,BLOOMFIELD,DANDENONG,-37.97911,145.17758,2020,7,July,13,Midday,Weekday
T20200014299,2020-07-13,12:00:00,1,Collision with vehicle,1,Monday,130,REAR END(VEHICLES IN SAME LANE),1,658642,Cross intersection,3,60,Arterial Other,FAIRFIELD-RESERVOIR,DAREBIN,-37.74745,145.02176,2020,7,July,12,Midday,Weekday
T20200014911,2020-07-13,16:00:00,1,Collision with vehicle,1,Monday,130,REAR END(VEHICLES IN SAME LANE),1,43570,Cross intersection,3,60,Local Road,BUNGOWER,MORNINGTON PENINSULA,-38.224915,145.07243,2020,7,July,16,Afternoon Peak,Weekday
T20200014784,2020-07-13,14:00:00,1,Collision with vehicle,1,Monday,130,REAR END(VEHICLES IN SAME LANE),1,659485,Not at intersection,3,50,Local Road,ROGERS,CARDINIA,-38.076508,145.47824,2020,7,July,14,Midday,Weekday
T20200014054,2020-07-13,17:18:00,1,Collision with vehicle,1,Monday,121,RIGHT THROUGH,1,713795,T intersection,2,60,Arterial Other,OLD GEELONG,WYNDHAM,-37.878445,144.70917,2020,7,July,17,Afternoon Peak,Weekday
T20200013581,2020-07-13,18:55:00,4,Collision with a fixed object,1,Monday,171,LEFT OFF CARRIAGEWAY INTO OBJECT/PARKED VEHICLE,5,682967,Not at intersection,2,80,Local Road,CRAIGIEBURN,HUME,-37.58602,144.84686,2020,7,July,18,Afternoon Peak,Weekday
T20200013506,2020-07-13,18:26:00,1,Collision with vehicle,1,Monday,121,RIGHT THROUGH,5,659299,T intersection,2,100,Arterial Highway,MURRAY VALLEY,SWAN HILL,-35.202133,143.39395,2020,7,July,18,Afternoon Peak,Weekday
T20200013470,2020-07-13,10:30:00,4,Collision with a fixed object,1,Monday,173,RIGHT OFF CARRIAGEWAY INTO OBJECT/PARKED VEHICLE,1,666097,Not at intersection,3,60,Local Road,CARPENTER,BENDIGO,-36.776184,144.28513,2020,7,July,10,Midday,Weekday
T20200014381,2020-07-13,08:00:00,1,Collision with vehicle,1,Monday,130,REAR END(VEHICLES IN SAME LANE),1,658714,Not at intersection,2,80,Arterial Other,HUME,HUME,-37.600346,144.94449,2020,7,July,8,Morning Peak,Weekday
T20200013500,2020-07-13,15:23:00,1,Collision with vehicle,1,Monday,130,REAR END(VEHICLES IN SAME LANE),1,45906,T intersection,3,80,Arterial Other,PRINCES,WYNDHAM,-37.884495,144.70096,2020,7,July,15,Afternoon Peak,Weekday
T20200013585,2020-07-13,07:30:00,1,Collision with vehicle,1,Monday,110,CROSS TRAFFIC(INTERSECTIONS ONLY),2,51386,Cross intersection,3,50,Arterial Highway,HEYGARTH STREET -HIGH,CAMPASPE,-36.124588,144.74715,2020,7,July,7,Morning Peak,Weekday
T20200014249,2020-07-13,06:45:00,6,Vehicle overturned (no collision),1,Monday,180,OFF CARRIAGEWAY ON RIGHT BEND,2,658712,Not at intersection,2,70,Local Road,ARTHURS SEAT,MORNINGTON PENINSULA,-38.375103,145.02524,2020,7,July,6,Morning Peak,Weekday
T20200013472,2020-07-13,10:40:00,1,Collision with vehicle,1,Monday,147,VEHICLE STRIKES ANOTHER VEH WHILE EMERGING FROM DRIVEWAY,1,666098,Not at intersection,3,50,Local Road,LOCH,DANDENONG,-37.958374,145.22179,2020,7,July,10,Midday,Weekday
T20200013965,2020-07-13,10:00:00,7,Fall from or in moving vehicle,1,Monday,190,FELL IN/FROM VEHICLE,1,658101,Not at intersection,3,50,Local Road,GOLF LINKS,MORELAND,-37.71062,144.92554,2020,7,July,10,Midday,Weekday
T20200013498,2020-07-13,15:15:00,2,Struck Pedestrian,1,Monday,100,PED NEAR SIDE. PED HIT BY VEHICLE FROM THE RIGHT.,1,29678,Cross intersection,3,40,Arterial Other,JASPER,GLEN EIRA,-37.926212,145.04027,2020,7,July,15,Afternoon Peak,Weekday
T20200013468,2020-07-13,07:55:00,1,Collision with vehicle,1,Monday,130,REAR END(VEHICLES IN SAME LANE),1,660376,Not at intersection,2,80,Arterial Other,PRINCES,WYNDHAM,-37.883114,144.70346,2020,7,July,7,Morning Peak,Weekday
T20200013495,2020-07-13,16:25:00,1,Collision with vehicle,1,Monday,132,RIGHT REAR.,1,62875,T intersection,3,60,Local Road,COOPER,DAREBIN,-37.734676,144.99063,2020,7,July,16,Afternoon Peak,Weekday
T20200013467,2020-07-13,07:05:00,1,Collision with vehicle,1,Monday,111,RIGHT FAR (INTERSECTIONS ONLY),1,38673,Cross intersection,3,60,Arterial Other,MELBOURNE,HOBSONS BAY,-37.82925,144.88135,2020,7,July,7,Morning Peak,Weekday
T20200013492,2020-07-13,17:43:00,1,Collision with vehicle,1,Monday,173,RIGHT OFF CARRIAGEWAY INTO OBJECT/PARKED VEHICLE,3,662074,Not at intersection,3,80,Freeway,WEST GATE OUT-WESTERN RING OUT,HOBSONS BAY,-37.825966,144.82355,2020,7,July,17,Afternoon Peak,Weekday
T20200013462,2020-07-13,06:45:00,2,Struck Pedestrian,1,Monday,102,FAR SIDE. PED HIT BY VEHICLE FROM THE LEFT,3,39498,Cross intersection,3,70,Arterial Highway,SPRINGVALE,WHITEHORSE,-37.813236,145.17683,2020,7,July,6,Morning Peak,Weekday
T20200013461,2020-07-13,02:03:00,6,Vehicle overturned (no collision),1,Monday,175,OFF END OF ROAD/T-INTERSECTION.,3,675368,Not at intersection,3,80,Arterial Highway,BURWOOD,KNOX,-37.888523,145.28738,2020,7,July,2,Late Night,Weekday
T20200013612,2020-07-13,17:25:00,1,Collision with vehicle,1,Monday,113,RIGHT NEAR (INTERSECTIONS ONLY),1,43258,T intersection,2,60,Local Road,PERRY,DANDENONG,-38.031605,145.18332,2020,7,July,17,Afternoon Peak,Weekday
T20200013499,2020-07-13,15:30:00,1,Collision with vehicle,1,Monday,120,HEAD ON (NOT OVERTAKING),1,657678,Not at intersection,3,100,Local Road,CENTRE,SURF COAST,-38.322544,144.0255,2020,7,July,15,Afternoon Peak,Weekday
T20200013501,2020-07-13,15:34:00,4,Collision with a fixed object,1,Monday,181,OFF RIGHT BEND INTO OBJECT/PARKED VEHICLE,1,657604,Not at intersection,3,70,Arterial Highway,WHITEHORSE ROAD SERVICE,WHITEHORSE,-37.815548,145.19815,2020,7,July,15,Afternoon Peak,Weekday
T20200013552,2020-07-14,13:36:00,1,Collision with vehicle,2,Tuesday,110,CROSS TRAFFIC(INTERSECTIONS ONLY),1,58190,Cross intersection,2,100,Local Road,DEAKIN,MILDURA,-34.251762,142.08182,2020,7,July,13,Midday,Weekday
T20200013588,2020-07-14,13:30:00,6,Vehicle overturned (no collision),2,Tuesday,174,OUT OF CONTROL ON CARRIAGEWAY (ON STRAIGHT),1,659157,T intersection,3,100,Local Road,CAVEDONS,ALPINE,-36.669216,146.87955,2020,7,July,13,Midday,Weekday
T20200014531,2020-07-14,09:55:00,6,Vehicle overturned (no collision),2,Tuesday,170,OFF CARRIAGEWAY TO LEFT,1,659164,Not at intersection,3,50,Local Road,WILLIAM,SHEPPARTON,-36.43477,145.22427,2020,7,July,9,Morning Peak,Weekday
T20200013590,2020-07-14,10:30:00,1,Collision with vehicle,2,Tuesday,120,HEAD ON (NOT OVERTAKING),1,658175,Not at intersection,2,80,Local Road,DAVIS,WYNDHAM,-37.81028,144.65779,2020,7,July,10,Midday,Weekday
T20200013560,2020-07-14,17:00:00,6,Vehicle overturned (no collision),2,Tuesday,198,OTHER ACCIDENTS NOT CLASSIFIABLE ELSEWHERE,1,666158,Not at intersection,3,40,Local Road,FAIRY,WARRNAMBOOL,-38.38123,142.47935,2020,7,July,17,Afternoon Peak,Weekday
T20200013795,2020-07-14,07:10:00,1,Collision with vehicle,2,Tuesday,120,HEAD ON (NOT OVERTAKING),3,43248,T intersection,2,60,Arterial Other,WELLS,KINGSTON,-38.03836,145.1369,2020,7,July,7,Morning Peak,Weekday
T20200014294,2020-07-14,13:42:00,1,Collision with vehicle,2,Tuesday,120,HEAD ON (NOT OVERTAKING),1,666220,Not at intersection,3,60,Arterial Other,QUEEN,HOBSONS BAY,-37.876537,144.80519,2020,7,July,13,Midday,Weekday
T20200013705,2020-07-14,13:11:00,1,Collision with vehicle,2,Tuesday,130,REAR END(VEHICLES IN SAME LANE),1,657838,Not at intersection,2,60,Arterial Other,ORMOND,PORT PHILLIP,-37.88806,144.98558,2020,7,July,13,Midday,Weekday