ACCIDENT_NO,ACCIDENT_DATE,ACCIDENT_TIME,ACCIDENT_TYPE,ACCIDENT_TYPE_DESC,DAY_OF_WEEK,DAY_WEEK_DESC,DCA_CODE,DCA_DESC,LIGHT_CONDITION,NODE_ID,ROAD_GEOMETRY_DESC,SEVERITY,SPEED_ZONE,RMA,ROAD_NAME,LGA_NAME,LATITUDE,LONGITUDE,YEAR,MONTH,MONTH_NAME,HOUR,TIME_PERIOD,DAY_TYPE
T20200013706,2020-07-14,05:20:00,1,Collision with vehicle,2,Tuesday,140,U TURN,2,34789,Not at intersection,3,50,Arterial Other,OLD GEELONG,WYNDHAM,-37.86891,144.7345,2020,7,July,5,Morning Peak,Weekday
T20200013571,2020-07-14,17:35:00,1,Collision with vehicle,2,Tuesday,142,LEAVING PARKING,5,660377,Not at intersection,2,50,Local Road,PARK,PORT PHILLIP,-37.836517,144.9571,2020,7,July,17,Afternoon Peak,Weekday
T20200013640,2020-07-14,12:05:00,1,Collision with vehicle,2,Tuesday,113,RIGHT NEAR (INTERSECTIONS ONLY),1,38024,Cross intersection,3,60,Local Road,CLYDE,DAREBIN,-37.761673,145.01277,2020,7,July,12,Midday,Weekday
T20200013575,2020-07-14,12:20:00,1,Collision with vehicle,2,Tuesday,130,REAR END(VEHICLES IN SAME LANE),1,658174,T intersection,3,60,Arterial Other,ROYAL,MELBOURNE,-37.78479,144.9594,2020,7,July,12,Midday,Weekday
T20200014485,2020-07-14,15:44:00,1,Collision with vehicle,2,Tuesday,113,RIGHT NEAR (INTERSECTIONS ONLY),1,39459,Cross intersection,3,70,Arterial Other,BLACKBURN,MANNINGHAM,-37.789165,145.16196,2020,7,July,15,Afternoon Peak,Weekday
T20200013539,2020-07-14,07:15:00,1,Collision with vehicle,2,Tuesday,130,REAR END(VEHICLES IN SAME LANE),2,657770,Not at intersection,2,70,Arterial Other,HIGH STREET,KNOX,-37.87704,145.23741,2020,7,July,7,Morning Peak,Weekday
T20200013621,2020-07-14,16:10:00,1,Collision with vehicle,2,Tuesday,130,REAR END(VEHICLES IN SAME LANE),1,658176,Not at intersection,3,60,Arterial Other,BULLA,MOONEE VALLEY,-37.736305,144.905,2020,7,July,16,Afternoon Peak,Weekday
T20200019410,2020-07-14,15:06:00,1,Collision with vehicle,2,Tuesday,130,REAR END(VEHICLES IN SAME LANE),1,773284,Not at intersection,3,40,Local Road,EXFORD,MELTON,-37.72177,144.57312,2020,7,July,15,Afternoon Peak,Weekday
T20200013561,2020-07-14,12:05:00,1,Collision with vehicle,2,Tuesday,121,RIGHT THROUGH,1,54466,T intersection,2,80,Arterial Other,ALEXANDERS,LATROBE,-38.23278,146.44014,2020,7,July,12,Midday,Weekday
T20200013547,2020-07-14,08:27:00,1,Collision with vehicle,2,Tuesday,113,RIGHT NEAR (INTERSECTIONS ONLY),1,657681,T intersection,2,60,Local Road,MT RIDLEY,HUME,-37.56778,144.92487,2020,7,July,8,Morning Peak,Weekday
T20200013846,2020-07-14,13:00:00,1,Collision with vehicle,2,Tuesday,140,U TURN,1,666104,Not at intersection,3,40,Local Road,GAMON,MARIBYRNONG,-37.80944,144.88992,2020,7,July,13,Midday,Weekday
T20200013531,2020-07-14,07:30:00,4,Collision with a fixed object,2,Tuesday,171,LEFT OFF CARRIAGEWAY INTO OBJECT/PARKED VEHICLE,1,660327,Not at intersection,2,50,Local Road,ORANGE,KNOX,-37.84787,145.26465,2020,7,July,7,Morning Peak,Weekday
T20200013979,2020-07-14,10:00:00,1,Collision with vehicle,2,Tuesday,110,CROSS TRAFFIC(INTERSECTIONS ONLY),1,44000,Cross intersection,3,60,Local Road,BUNGOWER,MORNINGTON PENINSULA,-38.238506,145.17226,2020,7,July,10,Midday,Weekday
T20200020456,2020-07-14,09:45:00,1,Collision with vehicle,2,Tuesday,130,REAR END(VEHICLES IN SAME LANE),1,683388,Cross intersection,3,80,Arterial Other,CRANBOURNE-FRANKSTON,CASEY,-38.133846,145.22853,2020,7,July,9,Morning Peak,Weekday
T20200013541,2020-07-14,12:00:00,1,Collision with vehicle,2,Tuesday,142,LEAVING PARKING,1,657679,Not at intersection,2,60,Local Road,METCALF,DANDENONG,-38.011734,145.20042,2020,7,July,12,Midday,Weekday
T20200013527,2020-07-14,10:45:00,1,Collision with vehicle,2,Tuesday,136,RIGHT TURN SIDESWIPE,1,666103,T intersection,3,60,Arterial Other,MOUNT ALEXANDER,MOONEE VALLEY,-37.76285,144.92218,2020,7,July,10,Midday,Weekday
T20200013566,2020-07-14,18:00:00,2,Struck Pedestrian,2,Tuesday,102,FAR SIDE. PED HIT BY VEHICLE FROM THE LEFT,3,44460,Cross intersection,2,60,Arterial Highway,ALBERT,DAREBIN,-37.742542,145.02255,2020,7,July,18,Afternoon Peak,Weekday
T20200013605,2020-07-14,14:50:00,1,Collision with vehicle,2,Tuesday,110,CROSS TRAFFIC(INTERSECTIONS ONLY),1,52964,Cross intersection,3,50,Local Road,CLAYTON,BALLARAT,-37.576153,143.8776,2020,7,July,14,Midday,Weekday
T20200015049,2020-07-14,06:45:00,1,Collision with vehicle,2,Tuesday,130,REAR END(VEHICLES IN SAME LANE),1,666202,T intersection,3,60,Freeway,GEELONG ROAD -PRINCES,WYNDHAM,-37.82408,144.82397,2020,7,July,6,Morning Peak,Weekday
T20200013524,2020-07-14,10:21:00,1,Collision with vehicle,2,Tuesday,113,RIGHT NEAR (INTERSECTIONS ONLY),1,729602,T intersection,3,60,Arterial Highway,CHARLTON-ST ARNAUD,NORTHERN GRAMPIANS,-36.611774,143.25581,2020,7,July,10,Midday,Weekday
T20200013518,2020-07-14,08:30:00,1,Collision with vehicle,2,Tuesday,130,REAR END(VEHICLES IN SAME LANE),1,663595,Not at intersection,3,80,Arterial Other,THOMPSONS,CASEY,-38.078274,145.24434,2020,7,July,8,Morning Peak,Weekday
T20200013577,2020-07-14,19:47:00,4,Collision with a fixed object,2,Tuesday,171,LEFT OFF CARRIAGEWAY INTO OBJECT/PARKED VEHICLE,5,657830,Not at intersection,2,100,Arterial Other,MERRIANG,WHITTLESEA,-37.52793,145.02823,2020,7,July,19,Night,Weekday
T20200013546,2020-07-14,14:25:00,1,Collision with vehicle,2,Tuesday,130,REAR END(VEHICLES IN SAME LANE),1,657680,Not at intersection,3,60,Arterial Highway,PLENTY,DAREBIN,-37.718945,145.0402,2020,7,July,14,Midday,Weekday
T20200013626,2020-07-14,10:00:00,1,Collision with vehicle,2,Tuesday,147,VEHICLE STRIKES ANOTHER VEH WHILE EMERGING FROM DRIVEWAY,1,657890,Not at intersection,3,50,Local Road,MCDONALDS,MONASH,-37.90863,145.15585,2020,7,July,10,Midday,Weekday
T20200013512,2020-07-14,05:04:00,4,Collision with a fixed object,2,Tuesday,173,RIGHT OFF CARRIAGEWAY INTO OBJECT/PARKED VEHICLE,5,662718,Not at intersection,2,100,Arterial Other,LANCASTER,CAMPASPE,-36.31349,145.09662,2020,7,July,5,Morning Peak,Weekday
T20200013763,2020-07-14,16:45:00,1,Collision with vehicle,2,Tuesday,121,RIGHT THROUGH,1,35553,Cross intersection,2,60,Arterial Highway,DANDENONG,GLEN EIRA,-37.887245,145.07817,2020,7,July,16,Afternoon Peak,Weekday
T20200013557,2020-07-14,14:50:00,1,Collision with vehicle,2,Tuesday,121,RIGHT THROUGH,1,50959,T intersection,3,60,Arterial Highway,NUMURKAH,SHEPPARTON,-36.354233,145.40227,2020,7,July,14,Midday,Weekday
T20200013587,2020-07-15,07:25:00,1,Collision with vehicle,3,Wednesday,131,LEFT REAR,1,277601,T intersection,3,80,Freeway,MONASH IN-HEATHERTON,CASEY,-37.972523,145.23625,2020,7,July,7,Morning Peak,Weekday
T20200013623,2020-07-15,13:45:00,1,Collision with vehicle,3,Wednesday,121,RIGHT THROUGH,1,278622,T intersection,3,60,Local Road,OHERNS,WHITTLESEA,-37.63635,145.0148,2020,7,July,13,Midday,Weekday
T20200013624,2020-07-15,15:50:00,1,Collision with vehicle,3,Wednesday,110,CROSS TRAFFIC(INTERSECTIONS ONLY),1,51223,Cross intersection,3,50,Local Road,ULTIMO,MANSFIELD,-37.055954,146.08252,2020,7,July,15,Afternoon Peak,Weekday
T20200013645,2020-07-15,20:40:00,4,Collision with a fixed object,3,Wednesday,173,RIGHT OFF CARRIAGEWAY INTO OBJECT/PARKED VEHICLE,3,658402,Not at intersection,3,70,Arterial Highway,WARRIGAL,KINGSTON,-37.951767,145.07706,2020,7,July,20,Night,Weekday
T20200013628,2020-07-15,18:30:00,1,Collision with vehicle,3,Wednesday,132,RIGHT REAR.,6,29526,Cross intersection,3,50,Arterial Other,BUCKLEY,MARIBYRNONG,-37.80398,144.89742,2020,7,July,18,Afternoon Peak,Weekday
T20200013715,2020-07-15,20:35:00,3,Struck animal,3,Wednesday,167,STRUCK ANIMAL,3,659618,T intersection,2,60,Local Road,HALLAM NORTH,CASEY,-37.9676,145.28139,2020,7,July,20,Night,Weekday
T20200014498,2020-07-15,17:55:00,1,Collision with vehicle,3,Wednesday,130,REAR END(VEHICLES IN SAME LANE),9,38058,T intersection,3,60,Arterial Other,ALBERT,DAREBIN,-37.750175,145.02132,2020,7,July,17,Afternoon Peak,Weekday
T20200014493,2020-07-15,06:30:00,5,collision with some other object,3,Wednesday,166,STRUCK OBJECT ON CARRIAGEWAY,2,659074,Not at intersection,3,80,Arterial Highway,GREAT ALPINE,EAST GIPPSLAND,-37.42533,147.83084,2020,7,July,6,Morning Peak,Weekday
T20200013708,2020-07-15,17:30:00,1,Collision with vehicle,3,Wednesday,111,RIGHT FAR (INTERSECTIONS ONLY),2,773359,T intersection,3,50,Local Road,YOUNG,BAW BAW,-38.134426,145.8566,2020,7,July,17,Afternoon Peak,Weekday
T20200013929,2020-07-15,09:00:00,1,Collision with vehicle,3,Wednesday,131,LEFT REAR,1,651074,Cross intersection,3,80,Arterial Other,CRANBOURNE-FRANKSTON,CASEY,-38.13384,145.22855,2020,7,July,9,Morning Peak,Weekday
T20200014356,2020-07-15,15:55:00,1,Collision with vehicle,3,Wednesday,121,RIGHT THROUGH,1,37909,Cross intersection,3,40,Local Road,CLARKE,DAREBIN,-37.776566,144.99754,2020,7,July,15,Afternoon Peak,Weekday
T20200013923,2020-07-15,15:30:00,1,Collision with vehicle,3,Wednesday,123,RIGHT/LEFT. ONE VEH TURNING RIGHT THE OTHER LEFT.,1,659544,Not at intersection,3,80,Arterial Other,CRANBOURNE,FRANKSTON,-38.156387,145.17032,2020,7,July,15,Afternoon Peak,Weekday
T20200013593,2020-07-15,09:27:00,1,Collision with vehicle,3,Wednesday,110,CROSS TRAFFIC(INTERSECTIONS ONLY),1,73577,Cross intersection,2,100,Local Road,BACK LARPENT,COLAC OTWAY,-38.350246,143.55771,2020,7,July,9,Morning Peak,Weekday
T20200013595,2020-07-15,08:19:00,1,Collision with vehicle,3,Wednesday,121,RIGHT THROUGH,1,42525,T intersection,2,70,Arterial Highway,SPRINGVALE,DANDENONG,-37.940804,145.15436,2020,7,July,8,Morning Peak,Weekday
T20200013837,2020-07-15,18:30:00,1,Collision with vehicle,3,Wednesday,162,ACCIDENT OR BROKEN DOWN,3,662899,Not at intersection,3,80,Arterial Other,NARRE WARREN,CASEY,-38.0809,145.29634,2020,7,July,18,Afternoon Peak,Weekday
T20200013589,2020-07-15,08:10:00,1,Collision with vehicle,3,Wednesday,113,RIGHT NEAR (INTERSECTIONS ONLY),1,659301,T intersection,2,80,Arterial Other,CRANBOURNE-FRANKSTON,FRANKSTON,-38.14641,145.20111,2020,7,July,8,Morning Peak,Weekday
T20200013658,2020-07-15,21:00:00,1,Collision with vehicle,3,Wednesday,133,LANE SIDE SWIPE (VEHICLES IN PARALLEL LANES),3,667290,Not at intersection,2,40,Freeway,MONASH,MONASH,-37.935356,145.19267,2020,7,July,21,Night,Weekday
T20200014338,2020-07-15,07:30:00,6,Vehicle overturned (no collision),3,Wednesday,174,OUT OF CONTROL ON CARRIAGEWAY (ON STRAIGHT),1,729351,Not at intersection,2,60,Arterial Other,ORMOND,PORT PHILLIP,-37.890465,144.98953,2020,7,July,7,Morning Peak,Weekday
T20200014003,2020-07-15,16:00:00,1,Collision with vehicle,3,Wednesday,135,LANE CHANGE LEFT (NOT OVERTAKING),1,658635,Not at intersection,3,100,Freeway,EASTERN,BOROONDARA,-37.791164,145.10565,2020,7,July,16,Afternoon Peak,Weekday
T20200013631,2020-07-15,20:30:00,5,collision with some other object,3,Wednesday,171,LEFT OFF CARRIAGEWAY INTO OBJECT/PARKED VEHICLE,3,657832,Not at intersection,2,50,Local Road,MASSEY,DAREBIN,-37.702988,144.98972,2020,7,July,20,Night,Weekday
T20210013086,2020-07-15,06:19:00,1,Collision with vehicle,3,Wednesday,120,HEAD ON (NOT OVERTAKING),2,688130,Not at intersection,3,80,Local Road,ARCHER,SHEPPARTON,-36.421158,145.4081,2020,7,July,6,Morning Peak,Weekday
T20200013584,2020-07-15,06:30:00,4,Collision with a fixed object,3,Wednesday,183,OFF LEFT BEND INTO OBJECT/PARKED VEHICLE,5,666237,Not at intersection,3,60,Arterial Highway,GREAT OCEAN,CORANGAMITE,-38.615574,142.99898,2020,7,July,6,Morning Peak,Weekday
T20200013620,2020-07-15,16:56:00,4,Collision with a fixed object,3,Wednesday,173,RIGHT OFF CARRIAGEWAY INTO OBJECT/PARKED VEHICLE,1,32079,Cross intersection,2,80,Arterial Highway,SPRINGVALE,WHITEHORSE,-37.85496,145.16924,2020,7,July,16,Afternoon Peak,Weekday
T20200013616,2020-07-15,13:40:00,1,Collision with vehicle,3,Wednesday,120,HEAD ON (NOT OVERTAKING),1,659936,Not at intersection,2,60,Local Road,STATION,MELTON,-37.70038,144.57556,2020,7,July,13,Midday,Weekday
T20200013695,2020-07-16,17:13:00,4,Collision with a fixed object,4,Thursday,183,OFF LEFT BEND INTO OBJECT/PARKED VEHICLE,1,670356,Not at intersection,1,100,Local Road,MURRINDINDI,MURRINDINDI,-37.310616,145.50095,2020,7,July,17,Afternoon Peak,Weekday
T20200013694,2020-07-16,19:55:00,1,Collision with vehicle,4,Thursday,160,VEHICLE COLLIDES WITH VEHICLE PARKED ON LEFT OF ROAD,3,661077,Not at intersection,2,60,Arterial Other,STATION,WHITEHORSE,-37.83634,145.12044,2020,7,July,19,Night,Weekday
T20200013688,2020-07-16,16:55:00,1,Collision with vehicle,4,Thursday,133,LANE SIDE SWIPE (VEHICLES IN PARALLEL LANES),1,663864,Not at intersection,3,50,Local Road,VICTORIA,SOUTH GIPPSLAND,-38.427902,145.81277,2020,7,July,16,Afternoon Peak,Weekday
T20200017913,2020-07-16,17:15:00,1,Collision with vehicle,4,Thursday,133,LANE SIDE SWIPE (VEHICLES IN PARALLEL LANES),1,618491,T intersection,3,50,Local Road,KIALLA LAKES,SHEPPARTON,-36.41737,145.40381,2020,7,July,17,Afternoon Peak,Weekday
T20200015655,2020-07-16,08:00:00,2,Struck Pedestrian,4,Thursday,109,ANY MANOEUVRE INVOLVING PED NOT INCLUDED IN DCAs 100-108.,1,660813,Not at intersection,3,80,Local Road,MADDEN,BALLARAT,-37.52416,143.70381,2020,7,July,8,Morning Peak,Weekday
T20200013644,2020-07-16,06:45:00,1,Collision with vehicle,4,Thursday,130,REAR END(VEHICLES IN SAME LANE),2,657771,T intersection,3,80,Arterial Highway,PRINCES,DANDENONG,-37.93986,145.16425,2020,7,July,6,Morning Peak,Weekday
T20200013648,2020-07-16,07:25:00,1,Collision with vehicle,4,Thursday,130,REAR END(VEHICLES IN SAME LANE),2,660000,Not at intersection,3,100,Freeway,MONASH OUT-SOUTH GIPPSLAND OUT,CASEY,-37.9946,145.25386,2020,7,July,7,Morning Peak,Weekday
T20200013649,2020-07-16,08:45:00,1,Collision with vehicle,4,Thursday,130,REAR END(VEHICLES IN SAME LANE),1,729609,Not at intersection,3,60,Arterial Other,THOMPSON,GEELONG,-38.106777,144.34418,2020,7,July,8,Morning Peak,Weekday
T20200013659,2020-07-16,09:35:00,1,Collision with vehicle,4,Thursday,111,RIGHT FAR (INTERSECTIONS ONLY),1,657891,T intersection,3,60,Arterial Highway,BELL,BANYULE,-37.753143,145.05118,2020,7,July,9,Morning Peak,Weekday
T20200014882,2020-07-16,21:40:00,1,Collision with vehicle,4,Thursday,130,REAR END(VEHICLES IN SAME LANE),3,664847,Cross intersection,3,80,Arterial Highway,PRINCES,GEELONG,-38.091366,144.35638,2020,7,July,21,Night,Weekday
T20200013646,2020-07-16,09:36:00,1,Collision with vehicle,4,Thursday,135,LANE CHANGE LEFT (NOT OVERTAKING),1,657833,Not at intersection,3,60,Arterial Other,VICTORIA,MELBOURNE,-37.806095,144.95796,2020,7,July,9,Morning Peak,Weekday
T20200013791,2020-07-16,13:27:00,1,Collision with vehicle,4,Thursday,163,VEHICLE STRIKES DOOR OF PARKED/STATIONARY VEHICLE,1,660550,T intersection,3,50,Local Road,MARYBOROUGH,DAREBIN,-37.71501,145.03827,2020,7,July,13,Midday,Weekday
T20200013792,2020-07-16,10:00:00,1,Collision with vehicle,4,Thursday,111,RIGHT FAR (INTERSECTIONS ONLY),1,657981,T intersection,2,60,Arterial Highway,MIDLAND,MOUNT ALEXANDER,-37.152214,144.16127,2020,7,July,10,Midday,Weekday
T20200014260,2020-07-16,17:35:00,5,collision with some other object,4,Thursday,166,STRUCK OBJECT ON CARRIAGEWAY,1,666319,Not at intersection,2,80,Arterial Other,LYSTERFIELD,YARRA RANGES,-37.923378,145.30278,2020,7,July,17,Afternoon Peak,Weekday
T20200013687,2020-07-16,19:16:00,4,Collision with a fixed object,4,Thursday,171,LEFT OFF CARRIAGEWAY INTO OBJECT/PARKED VEHICLE,5,658052,Not at intersection,2,80,Local Road,CORANGAMITE LAKE,COLAC OTWAY,-38.261993,143.52548,2020,7,July,19,Night,Weekday
T20200013682,2020-07-16,15:36:00,1,Collision with vehicle,4,Thursday,113,RIGHT NEAR (INTERSECTIONS ONLY),1,262318,T intersection,2,100,Arterial Highway,STRZELECKI,LATROBE,-38.28256,146.32071,2020,7,July,15,Afternoon Peak,Weekday
T20200013680,2020-07-16,15:40:00,1,Collision with vehicle,4,Thursday,120,HEAD ON (NOT OVERTAKING),1,660807,Not at intersection,2,60,Arterial Other,CARR,GEELONG,-38.168854,144.37547,2020,7,July,15,Afternoon Peak,Weekday
T20200013679,2020-07-16,16:40:00,1,Collision with vehicle,4,Thursday,160,VEHICLE COLLIDES WITH VEHICLE PARKED ON LEFT OF ROAD,1,658253,Not at intersection,2,60,Arterial Highway,WARRIGAL,MONASH,-37.90891,145.08519,2020,7,July,16,Afternoon Peak,Weekday
T20200013674,2020-07-16,15:32:00,1,Collision with vehicle,4,Thursday,121,RIGHT THROUGH,1,304636,Cross intersection,2,60,Local Road,AITKEN,HUME,-37.616432,144.91342,2020,7,July,15,Afternoon Peak,Weekday
T20200013671,2020-07-16,15:15:00,1,Collision with vehicle,4,Thursday,113,RIGHT NEAR (INTERSECTIONS ONLY),1,37779,T intersection,3,40,Local Road,BRUCE,STONNINGTON,-37.83752,145.01141,2020,7,July,15,Afternoon Peak,Weekday
T20200013670,2020-07-16,14:15:00,1,Collision with vehicle,4,Thursday,121,RIGHT THROUGH,1,36244,T intersection,2,70,Local Road,CURRAWONG,FRANKSTON,-38.10072,145.18265,2020,7,July,14,Midday,Weekday
T20200013723,2020-07-16,13:30:00,6,Vehicle overturned (no collision),4,Thursday,149,OTHER MANOEUVRING NOT INCLUDED IN DCAs 140-148,1,667292,Not at intersection,3,60,Arterial Other,PIPER,MACEDON RANGES,-37.24396,144.44725,2020,7,July,13,Midday,Weekday
T20200013665,2020-07-16,10:00:00,2,Struck Pedestrian,4,Thursday,100,PED NEAR SIDE. PED HIT BY VEHICLE FROM THE RIGHT.,1,49420,Cross intersection,2,60,Arterial Highway,BANYAN,WARRNAMBOOL,-38.381577,142.48824,2020,7,July,10,Midday,Weekday
T20200013663,2020-07-16,08:10:00,4,Collision with a fixed object,4,Thursday,181,OFF RIGHT BEND INTO OBJECT/PARKED VEHICLE,1,657726,Not at intersection,1,100,Arterial Highway,PRINCES,EAST GIPPSLAND,-37.706944,148.5453,2020,7,July,8,Morning Peak,Weekday
T20200013662,2020-07-16,10:25:00,1,Collision with vehicle,4,Thursday,110,CROSS TRAFFIC(INTERSECTIONS ONLY),1,20832,Cross intersection,3,60,Local Road,MCNAIRN,LATROBE,-38.203037,146.56067,2020,7,July,10,Midday,Weekday
T20200013660,2020-07-16,05:35:00,1,Collision with vehicle,4,Thursday,140,U TURN,3,657725,Not at intersection,1,80,Arterial Highway,SPRINGVALE,MONASH,-37.921974,145.158,2020,7,July,5,Morning Peak,Weekday
T20200014215,2020-07-17,17:40:00,1,Collision with vehicle,5,Friday,110,CROSS TRAFFIC(INTERSECTIONS ONLY),2,667293,Cross intersection,3,50,Local Road,HEYSEN,MELTON,-37.706123,144.73883,2020,7,July,17,Afternoon Peak,Weekday
T20200013714,2020-07-17,10:20:00,1,Collision with vehicle,5,Friday,140,U TURN,1,773360,Not at intersection,2,60,Arterial Other,MAIN,BALLARAT,-37.57854,143.8681,2020,7,July,10,Midday,Weekday
T20200019790,2020-07-17,09:16:00,8,No collision and no object struck,5,Friday,182,OFF CARRIAGEWAY ON LEFT BEND,1,666861,Not at intersection,3,60,Arterial Other,BELGRAVE-GEMBROOK,YARRA RANGES,-37.916473,145.40306,2020,7,July,9,Morning Peak,Weekday
T20200015729,2020-07-17,15:20:00,1,Collision with vehicle,5,Friday,130,REAR END(VEHICLES IN SAME LANE),1,661084,Cross intersection,3,40,Arterial Other,MELTON,MELTON,-37.6904,144.73033,2020,7,July,15,Afternoon Peak,Weekday
T20200020823,2020-07-17,18:20:00,1,Collision with vehicle,5,Friday,116,LEFT NEAR (INTERSECTIONS ONLY),3,64330,T intersection,3,60,Arterial Other,BRUNSWICK,MORELAND,-37.778843,144.97606,2020,7,July,18,Afternoon Peak,Weekday
T20200013697,2020-07-17,00:10:00,4,Collision with a fixed object,5,Friday,173,RIGHT OFF CARRIAGEWAY INTO OBJECT/PARKED VEHICLE,3,675369,Not at intersection,3,80,Arterial Other,CRAIGIEBURN,HUME,-37.59976,144.94728,2020,7,July,0,Late Night,Weekday
T20200013776,2020-07-17,21:39:00,1,Collision with vehicle,5,Friday,110,CROSS TRAFFIC(INTERSECTIONS ONLY),3,44899,Cross intersection,2,70,Arterial Other,BALLARAT,BRIMBANK,-37.768574,144.7681,2020,7,July,21,Night,Weekday
T20200013702,2020-07-17,06:50:00,2,Struck Pedestrian,5,Friday,100,PED NEAR SIDE. PED HIT BY VEHICLE FROM THE RIGHT.,3,39155,Cross intersection,3,60,Arterial Other,BALWYN,BOROONDARA,-37.812843,145.08134,2020,7,July,6,Morning Peak,Weekday
T20200014245,2020-07-17,13:00:00,8,No collision and no object struck,5,Friday,174,OUT OF CONTROL ON CARRIAGEWAY (ON STRAIGHT),1,659069,Not at intersection,2,80,Local Road,SALISBURY,CARDINIA,-38.01952,145.43343,2020,7,July,13,Midday,Weekday
T20200013742,2020-07-17,16:10:00,1,Collision with vehicle,5,Friday,130,REAR END(VEHICLES IN SAME LANE),1,729610,Not at intersection,2,100,Freeway,STUD-MONASH IN,DANDENONG,-37.958797,145.2234,2020,7,July,16,Afternoon Peak,Weekday
T20200013739,2020-07-17,17:14:00,1,Collision with vehicle,5,Friday,116,LEFT NEAR (INTERSECTIONS ONLY),2,71739,T intersection,2,50,Local Road,SLEVIN,GEELONG,-38.122814,144.34993,2020,7,July,17,Afternoon Peak,Weekday
T20200013728,2020-07-17,14:37:00,1,Collision with vehicle,5,Friday,121,RIGHT THROUGH,1,41747,Cross intersection,3,60,Arterial Other,BLACKBURN,MONASH,-37.876495,145.14758,2020,7,July,14,Midday,Weekday
T20200013707,2020-07-17,06:03:00,2,Struck Pedestrian,5,Friday,100,PED NEAR SIDE. PED HIT BY VEHICLE FROM THE RIGHT.,3,657946,Not at intersection,2,60,Arterial Highway,PRINCES,DANDENONG,-37.982414,145.21173,2020,7,July,6,Morning Peak,Weekday
T20200013725,2020-07-17,13:35:00,1,Collision with vehicle,5,Friday,113,RIGHT NEAR (INTERSECTIONS ONLY),1,41880,Cross intersection,3,60,Arterial Other,CUMBERLAND,MORELAND,-37.726505,144.93935,2020,7,July,13,Midday,Weekday
T20200013724,2020-07-17,12:30:00,1,Collision with vehicle,5,Friday,121,RIGHT THROUGH,1,36317,Cross intersection,3,50,Local Road,CARDIGAN,MELBOURNE,-37.804726,144.96474,2020,7,July,12,Midday,Weekday
T20200013711,2020-07-17,06:35:00,1,Collision with vehicle,5,Friday,110,CROSS TRAFFIC(INTERSECTIONS ONLY),5,59235,Cross intersection,2,100,Arterial Highway,MIDLAND,SHEPPARTON,-36.435738,145.0683,2020,7,July,6,Morning Peak,Weekday
T20200013740,2020-07-17,18:10:00,1,Collision with vehicle,5,Friday,113,RIGHT NEAR (INTERSECTIONS ONLY),3,71615,T intersection,2,60,Local Road,RAGLAN,WELLINGTON,-38.09812,147.06514,2020,7,July,18,Afternoon Peak,Weekday
T20200014476,2020-07-17,05:30:00,1,Collision with vehicle,5,Friday,132,RIGHT REAR.,3,663415,T intersection,3,60,Arterial Other,THOMPSON,GEELONG,-38.09718,144.34604,2020,7,July,5,Morning Peak,Weekday
T20200021782,2020-07-17,15:30:00,1,Collision with vehicle,5,Friday,130,REAR END(VEHICLES IN SAME LANE),1,669353,Not at intersection,2,100,Freeway,MONASH,CASEY,-37.988995,145.25266,2020,7,July,15,Afternoon Peak,Weekday
T20200013717,2020-07-17,12:15:00,1,Collision with vehicle,5,Friday,130,REAR END(VEHICLES IN SAME LANE),1,663331,T intersection,2,60,Arterial Other,HALLAM,CASEY,-38.05742,145.26247,2020,7,July,12,Midday,Weekday
T20200014778,2020-07-17,06:50:00,1,Collision with vehicle,5,Friday,131,LEFT REAR,3,298153,Cross intersection,3,80,Freeway,PENINSULA LINK OUT-FRANKSTON-FLINDERS,MORNINGTON PENINSULA,-38.197353,145.15015,2020,7,July,6,Morning Peak,Weekday
T20200013767,2020-07-17,13:00:00,4,Collision with a fixed object,5,Friday,171,LEFT OFF CARRIAGEWAY INTO OBJECT/PARKED VEHICLE,1,666323,Not at intersection,3,60,Arterial Other,HEIDELBERG-WARRANDYTE,MANNINGHAM,-37.754047,145.14839,2020,7,July,13,Midday,Weekday
T20200013816,2020-07-17,08:00:00,1,Collision with vehicle,5,Friday,163,VEHICLE STRIKES DOOR OF PARKED/STATIONARY VEHICLE,1,658097,Not at intersection,2,60,Arterial Other,CENTRE,BAYSIDE,-37.914993,145.00996,2020,7,July,8,Morning Peak,Weekday
T20200013904,2020-07-17,17:55:00,8,No collision and no object struck,5,Friday,179,OTHER ACCIDENTS-OFF STRAIGHT NOT INCLUDED IN DCAs 170-175,1,46774,Cross intersection,2,60,Arterial Other,VICTORIA,YARRA,-37.811855,145.01347,2020,7,July,17,Afternoon Peak,Weekday
T20200013721,2020-07-17,11:48:00,1,Collision with vehicle,5,Friday,133,LANE SIDE SWIPE (VEHICLES IN PARALLEL LANES),1,773361,Not at intersection,3,60,Local Road,WELSFORD,SHEPPARTON,-36.374546,145.3992,2020,7,July,11,Midday,Weekday
T20200013749,2020-07-17,18:30:00,1,Collision with vehicle,5,Friday,110,CROSS TRAFFIC(INTERSECTIONS ONLY),5,16885,Cross intersection,2,100,Arterial Other,CAMPERDOWN-COBDEN,CORANGAMITE,-38.27193,143.12288,2020,7,July,18,Afternoon Peak,Weekday
T20200013722,2020-07-17,13:14:00,1,Collision with vehicle,5,Friday,130,REAR END(VEHICLES IN SAME LANE),1,658177,Not at intersection,3,60,Arterial Other,ORIEL,BANYULE,-37.76264,145.03633,2020,7,July,13,Midday,Weekday
T20200014262,2020-07-17,09:15:00,4,Collision with a fixed object,5,Friday,181,OFF RIGHT BEND INTO OBJECT/PARKED VEHICLE,1,666325,Not at intersection,2,70,Local Road,GRANTULLA,YARRA RANGES,-37.907818,145.3935,2020,7,July,9,Morning Peak,Weekday