ACCIDENT_NO,ACCIDENT_DATE,ACCIDENT_TIME,ACCIDENT_TYPE,ACCIDENT_TYPE_DESC,DAY_OF_WEEK,DAY_WEEK_DESC,DCA_CODE,DCA_DESC,LIGHT_CONDITION,NODE_ID,ROAD_GEOMETRY_DESC,SEVERITY,SPEED_ZONE,RMA,ROAD_NAME,LGA_NAME,LATITUDE,LONGITUDE,YEAR,MONTH,MONTH_NAME,HOUR,TIME_PERIOD,DAY_TYPE
T20200013731,2020-07-17,14:20:00,6,Vehicle overturned (no collision),5,Friday,184,OUT OF CONTROL ON CARRIAGEWAY (ON BEND),1,666324,Not at intersection,2,100,Arterial Other,EUROA-MANSFIELD,STRATHBOGIE,-36.92776,145.65558,2020,7,July,14,Midday,Weekday
T20200013734,2020-07-17,12:58:00,1,Collision with vehicle,5,Friday,110,CROSS TRAFFIC(INTERSECTIONS ONLY),1,55175,Cross intersection,3,60,Arterial Other,HIGH,MITCHELL,-37.205444,145.04541,2020,7,July,12,Midday,Weekday
T20200013754,2020-07-17,18:42:00,4,Collision with a fixed object,5,Friday,175,OFF END OF ROAD/T-INTERSECTION.,3,52257,T intersection,3,50,Local Road,HOURIGAN,LATROBE,-38.228897,146.41109,2020,7,July,18,Afternoon Peak,Weekday
T20200013785,2020-07-18,20:15:00,1,Collision with vehicle,6,Saturday,132,RIGHT REAR.,3,53689,T intersection,2,60,Local Road,EXFORD,MELTON,-37.71399,144.57294,2020,7,July,20,Night,Weekend
T20200013777,2020-07-18,14:10:00,4,Collision with a fixed object,6,Saturday,181,OFF RIGHT BEND INTO OBJECT/PARKED VEHICLE,1,660448,Not at intersection,2,100,Arterial Other,MANSFIELD-WHITFIELD,WANGARATTA,-36.85565,146.33044,2020,7,July,14,Midday,Weekend
T20200013779,2020-07-18,17:35:00,1,Collision with vehicle,6,Saturday,130,REAR END(VEHICLES IN SAME LANE),2,42356,Cross intersection,3,60,Arterial Other,CENTRE,KINGSTON,-37.926292,145.10071,2020,7,July,17,Afternoon Peak,Weekend
T20200013945,2020-07-18,14:45:00,5,collision with some other object,6,Saturday,166,STRUCK OBJECT ON CARRIAGEWAY,1,318046,Cross intersection,2,80,Local Road,CAMP,SURF COAST,-38.389446,144.18733,2020,7,July,14,Midday,Weekend
T20200013866,2020-07-18,05:30:00,4,Collision with a fixed object,6,Saturday,164,PERMANENT OBSTRUCTION ON CARRIAGEWAY,3,729611,Not at intersection,3,80,Freeway,WESTERN RING,BRIMBANK,-37.757107,144.8236,2020,7,July,5,Morning Peak,Weekend
T20200013780,2020-07-18,19:36:00,1,Collision with vehicle,6,Saturday,134,LANE CHANGE RIGHT (NOT OVERTAKING),3,658019,T intersection,3,80,Arterial Other,BOUNDARY,KINGSTON,-37.996296,145.1061,2020,7,July,19,Night,Weekend
T20200013787,2020-07-18,21:18:00,1,Collision with vehicle,6,Saturday,130,REAR END(VEHICLES IN SAME LANE),3,359763,T intersection,3,80,Arterial Other,PASCOE VALE ROAD SERVICE,HUME,-37.664955,144.92207,2020,7,July,21,Night,Weekend
T20200013839,2020-07-18,09:19:00,1,Collision with vehicle,6,Saturday,116,LEFT NEAR (INTERSECTIONS ONLY),1,47892,Cross intersection,2,60,Arterial Highway,BYRON,PORT PHILLIP,-37.87632,144.99214,2020,7,July,9,Morning Peak,Weekend
T20200013849,2020-07-18,13:30:00,6,Vehicle overturned (no collision),6,Saturday,174,OUT OF CONTROL ON CARRIAGEWAY (ON STRAIGHT),1,661159,Not at intersection,2,100,Local Road,ROY BLAKES,HORSHAM,-37.12971,141.97078,2020,7,July,13,Midday,Weekend
T20200014086,2020-07-18,15:30:00,1,Collision with vehicle,6,Saturday,140,U TURN,1,658333,Not at intersection,3,60,Arterial Other,PLENTY,DAREBIN,-37.741856,145.00914,2020,7,July,15,Afternoon Peak,Weekend
T20200013823,2020-07-18,22:30:00,4,Collision with a fixed object,6,Saturday,183,OFF LEFT BEND INTO OBJECT/PARKED VEHICLE,5,679325,Not at intersection,2,100,Arterial Other,COLAC-FORREST,COLAC OTWAY,-38.421688,143.71088,2020,7,July,22,Night,Weekend
T20200013788,2020-07-18,22:44:00,4,Collision with a fixed object,6,Saturday,173,RIGHT OFF CARRIAGEWAY INTO OBJECT/PARKED VEHICLE,5,665024,Not at intersection,3,80,Arterial Other,TRARALGON WEST,LATROBE,-38.18898,146.4874,2020,7,July,22,Night,Weekend
T20200014410,2020-07-18,08:15:00,1,Collision with vehicle,6,Saturday,110,CROSS TRAFFIC(INTERSECTIONS ONLY),1,29554,Cross intersection,3,70,Arterial Other,KINGS,BRIMBANK,-37.734295,144.78087,2020,7,July,8,Morning Peak,Weekend
T20200013766,2020-07-18,06:47:00,1,Collision with vehicle,6,Saturday,120,HEAD ON (NOT OVERTAKING),2,671450,T intersection,3,60,Local Road,MARK ANTHONY,DANDENONG,-38.034847,145.19441,2020,7,July,6,Morning Peak,Weekend
T20200013801,2020-07-18,19:25:00,1,Collision with vehicle,6,Saturday,113,RIGHT NEAR (INTERSECTIONS ONLY),3,632962,Y intersection,3,80,Arterial Highway,BARMAH-SHEPPARTON,SHEPPARTON,-36.337036,145.40222,2020,7,July,19,Night,Weekend
T20200015364,2020-07-18,22:15:00,3,Struck animal,6,Saturday,167,STRUCK ANIMAL,5,666596,Not at intersection,3,100,Arterial Other,BENDIGO-MALDON,BENDIGO,-36.88465,144.14407,2020,7,July,22,Night,Weekend
T20200013771,2020-07-18,12:30:00,1,Collision with vehicle,6,Saturday,130,REAR END(VEHICLES IN SAME LANE),1,658633,Not at intersection,3,80,Arterial Other,BALLARTO,FRANKSTON,-38.115986,145.18427,2020,7,July,12,Midday,Weekend
T20200013774,2020-07-18,11:53:00,1,Collision with vehicle,6,Saturday,113,RIGHT NEAR (INTERSECTIONS ONLY),1,41018,T intersection,3,80,Arterial Other,DORSET,KNOX,-37.84836,145.28644,2020,7,July,11,Midday,Weekend
T20210013904,2020-07-19,19:00:00,1,Collision with vehicle,7,Sunday,140,U TURN,9,686801,Not at intersection,3,60,Arterial Other,WATERDALE,BANYULE,-37.736362,145.04878,2020,7,July,19,Night,Weekend
T20200015429,2020-07-19,12:00:00,1,Collision with vehicle,7,Sunday,148,VEHICLE OFF FOOTPATH STRIKES VEH ON CARRIAGEWAY,1,66021,T intersection,3,60,Arterial Other,BURNLEY,YARRA,-37.817333,145.00867,2020,7,July,12,Midday,Weekend
T20200013871,2020-07-19,18:20:00,1,Collision with vehicle,7,Sunday,110,CROSS TRAFFIC(INTERSECTIONS ONLY),3,20875,Cross intersection,3,60,Arterial Other,NERRENA,SOUTH GIPPSLAND,-38.533863,146.09454,2020,7,July,18,Afternoon Peak,Weekend
T20200013942,2020-07-19,10:30:00,1,Collision with vehicle,7,Sunday,140,U TURN,1,49936,Cross intersection,3,40,Local Road,GHERINGHAP,GEELONG,-38.147575,144.35776,2020,7,July,10,Midday,Weekend
T20200013829,2020-07-19,15:29:00,5,collision with some other object,7,Sunday,171,LEFT OFF CARRIAGEWAY INTO OBJECT/PARKED VEHICLE,1,660809,Not at intersection,2,100,Local Road,ARCHBOLDS,LATROBE,-38.15785,146.47972,2020,7,July,15,Afternoon Peak,Weekend
T20200013827,2020-07-19,19:20:00,1,Collision with vehicle,7,Sunday,136,RIGHT TURN SIDESWIPE,3,660061,T intersection,2,60,Arterial Other,BEACH,KINGSTON,-37.987583,145.05736,2020,7,July,19,Night,Weekend
T20200013804,2020-07-19,12:40:00,1,Collision with vehicle,7,Sunday,110,CROSS TRAFFIC(INTERSECTIONS ONLY),1,51175,Cross intersection,3,50,Arterial Highway,NUNN,BENALLA,-36.549755,145.98265,2020,7,July,12,Midday,Weekend
T20200013856,2020-07-19,21:20:00,5,collision with some other object,7,Sunday,166,STRUCK OBJECT ON CARRIAGEWAY,6,659066,Not at intersection,3,80,Freeway,FITZGERALD-WESTERN RING OUT,BRIMBANK,-37.798664,144.78874,2020,7,July,21,Night,Weekend
T20200013811,2020-07-19,14:45:00,1,Collision with vehicle,7,Sunday,113,RIGHT NEAR (INTERSECTIONS ONLY),1,15033,T intersection,3,60,Arterial Other,GILLIES,BALLARAT,-37.546658,143.8208,2020,7,July,14,Midday,Weekend
T20200013813,2020-07-19,13:16:00,4,Collision with a fixed object,7,Sunday,183,OFF LEFT BEND INTO OBJECT/PARKED VEHICLE,1,658020,Not at intersection,2,100,Arterial Other,WINCHELSEA-DEANS MARSH,SURF COAST,-38.368652,143.9331,2020,7,July,13,Midday,Weekend
T20200013821,2020-07-19,15:35:00,1,Collision with vehicle,7,Sunday,113,RIGHT NEAR (INTERSECTIONS ONLY),1,278622,T intersection,3,60,Local Road,OHERNS,WHITTLESEA,-37.63635,145.0148,2020,7,July,15,Afternoon Peak,Weekend
T20200013832,2020-07-19,20:19:00,1,Collision with vehicle,7,Sunday,160,VEHICLE COLLIDES WITH VEHICLE PARKED ON LEFT OF ROAD,3,779688,T intersection,3,50,Local Road,ROMINA,CARDINIA,-38.075237,145.45166,2020,7,July,20,Night,Weekend
T20200013882,2020-07-19,04:00:00,3,Struck animal,7,Sunday,167,STRUCK ANIMAL,5,658098,Not at intersection,2,100,Local Road,HAZELDEAN,BAW BAW,-38.21287,146.05222,2020,7,July,4,Late Night,Weekend
T20200013826,2020-07-19,18:10:00,1,Collision with vehicle,7,Sunday,130,REAR END(VEHICLES IN SAME LANE),5,729341,Not at intersection,3,80,Arterial Highway,SMYTHES,BALLARAT,-37.589058,143.81514,2020,7,July,18,Afternoon Peak,Weekend
T20200013822,2020-07-19,17:36:00,1,Collision with vehicle,7,Sunday,121,RIGHT THROUGH,3,35440,Cross intersection,2,60,Arterial Highway,PLENTY,WHITTLESEA,-37.694763,145.06009,2020,7,July,17,Afternoon Peak,Weekend
T20200013794,2020-07-19,07:30:00,4,Collision with a fixed object,7,Sunday,173,RIGHT OFF CARRIAGEWAY INTO OBJECT/PARKED VEHICLE,2,340540,Cross intersection,2,70,Arterial Other,BALLARAT,BRIMBANK,-37.776966,144.82874,2020,7,July,7,Morning Peak,Weekend
T20200013834,2020-07-19,22:04:00,4,Collision with a fixed object,7,Sunday,183,OFF LEFT BEND INTO OBJECT/PARKED VEHICLE,5,667295,Not at intersection,2,100,Arterial Other,AVENEL-NAGAMBIE,STRATHBOGIE,-36.8733,145.20345,2020,7,July,22,Night,Weekend
T20200013836,2020-07-19,22:05:00,4,Collision with a fixed object,7,Sunday,171,LEFT OFF CARRIAGEWAY INTO OBJECT/PARKED VEHICLE,3,662632,T intersection,2,70,Arterial Other,EAST BOUNDARY,GLEN EIRA,-37.932182,145.05699,2020,7,July,22,Night,Weekend
T20200013820,2020-07-19,17:05:00,1,Collision with vehicle,7,Sunday,110,CROSS TRAFFIC(INTERSECTIONS ONLY),2,40113,Cross intersection,3,40,Local Road,DICKENS,PORT PHILLIP,-37.873177,144.98244,2020,7,July,17,Afternoon Peak,Weekend
T20200013817,2020-07-19,15:30:00,1,Collision with vehicle,7,Sunday,113,RIGHT NEAR (INTERSECTIONS ONLY),1,658021,T intersection,2,60,Arterial Other,THOMPSON,GEELONG,-38.085,144.34839,2020,7,July,15,Afternoon Peak,Weekend
T20200014239,2020-07-19,13:09:00,1,Collision with vehicle,7,Sunday,130,REAR END(VEHICLES IN SAME LANE),1,662955,Not at intersection,2,50,Local Road,FRONTIER,MELTON,-37.721317,144.66272,2020,7,July,13,Midday,Weekend
T20200013844,2020-07-19,20:27:00,8,No collision and no object struck,7,Sunday,170,OFF CARRIAGEWAY TO LEFT,5,666598,Y intersection,2,100,Freeway,PRINCES,CARDINIA,-38.078266,145.42792,2020,7,July,20,Night,Weekend
T20200013975,2020-07-19,14:22:00,4,Collision with a fixed object,7,Sunday,171,LEFT OFF CARRIAGEWAY INTO OBJECT/PARKED VEHICLE,1,749723,Not at intersection,2,70,Arterial Other,COOPER,WHITTLESEA,-37.648914,144.9982,2020,7,July,14,Midday,Weekend
T20200013953,2020-07-19,10:40:00,1,Collision with vehicle,7,Sunday,116,LEFT NEAR (INTERSECTIONS ONLY),1,666601,T intersection,2,80,Arterial Other,CRANBOURNE-FRANKSTON,FRANKSTON,-38.153427,145.18687,2020,7,July,10,Midday,Weekend
T20200013875,2020-07-20,15:38:00,1,Collision with vehicle,1,Monday,160,VEHICLE COLLIDES WITH VEHICLE PARKED ON LEFT OF ROAD,1,661160,Not at intersection,2,50,Local Road,STRATHALBYN,BOROONDARA,-37.79894,145.05089,2020,7,July,15,Afternoon Peak,Weekday
T20200013845,2020-07-20,08:30:00,1,Collision with vehicle,1,Monday,121,RIGHT THROUGH,1,315653,T intersection,2,80,Arterial Highway,DANDENONG VALLEY,KNOX,-37.914654,145.23557,2020,7,July,8,Morning Peak,Weekday
T20200013946,2020-07-20,15:45:00,1,Collision with vehicle,1,Monday,111,RIGHT FAR (INTERSECTIONS ONLY),1,658789,T intersection,3,100,Local Road,SEBASTOPOL-SMYTHESDALE,GOLDEN PLAINS,-37.6363,143.73999,2020,7,July,15,Afternoon Peak,Weekday
T20200013886,2020-07-20,15:50:00,1,Collision with vehicle,1,Monday,130,REAR END(VEHICLES IN SAME LANE),1,658099,Not at intersection,3,70,Arterial Other,CAMP,HUME,-37.684956,144.91763,2020,7,July,15,Afternoon Peak,Weekday
T20200013840,2020-07-20,03:15:00,4,Collision with a fixed object,1,Monday,173,RIGHT OFF CARRIAGEWAY INTO OBJECT/PARKED VEHICLE,3,263474,Not at intersection,3,60,Local Road,HIGH,MELTON,-37.684647,144.56345,2020,7,July,3,Late Night,Weekday
T20200013972,2020-07-20,19:30:00,1,Collision with vehicle,1,Monday,133,LANE SIDE SWIPE (VEHICLES IN PARALLEL LANES),3,658256,Not at intersection,3,80,Freeway,PRINCES,HOBSONS BAY,-37.834225,144.80771,2020,7,July,19,Night,Weekday
T20200013966,2020-07-20,05:50:00,1,Collision with vehicle,1,Monday,110,CROSS TRAFFIC(INTERSECTIONS ONLY),1,44224,Cross intersection,3,60,Arterial Other,HIGH,WHITTLESEA,-37.648518,145.02585,2020,7,July,5,Morning Peak,Weekday
T20200014898,2020-07-20,12:10:00,1,Collision with vehicle,1,Monday,121,RIGHT THROUGH,1,57552,Cross intersection,3,80,Arterial Highway,WARRIGAL,STONNINGTON,-37.892857,145.08824,2020,7,July,12,Midday,Weekday
T20200013888,2020-07-20,18:15:00,1,Collision with vehicle,1,Monday,147,VEHICLE STRIKES ANOTHER VEH WHILE EMERGING FROM DRIVEWAY,3,668876,Not at intersection,3,60,Arterial Other,MAIN,BRIMBANK,-37.746994,144.82298,2020,7,July,18,Afternoon Peak,Weekday
T20200014125,2020-07-20,09:15:00,1,Collision with vehicle,1,Monday,130,REAR END(VEHICLES IN SAME LANE),1,658416,Not at intersection,2,80,Arterial Highway,CORIO-WAURN PONDS,GEELONG,-38.103138,144.35445,2020,7,July,9,Morning Peak,Weekday
T20200014005,2020-07-20,19:10:00,1,Collision with vehicle,1,Monday,113,RIGHT NEAR (INTERSECTIONS ONLY),3,45039,T intersection,3,50,Arterial Highway,PRINCES,LATROBE,-38.198875,146.53496,2020,7,July,19,Night,Weekday
T20200013890,2020-07-20,18:00:00,1,Collision with vehicle,1,Monday,121,RIGHT THROUGH,3,659245,Cross intersection,2,50,Local Road,NORTH,MOIRA,-36.05444,145.20541,2020,7,July,18,Afternoon Peak,Weekday
T20200013961,2020-07-20,12:21:00,1,Collision with vehicle,1,Monday,132,RIGHT REAR.,1,666694,Not at intersection,3,50,Local Road,UNDERWOOD,KNOX,-37.87262,145.29062,2020,7,July,12,Midday,Weekday
T20200013853,2020-07-20,09:48:00,1,Collision with vehicle,1,Monday,129,OTHER OPPOSING MANOEUVRES NOT INCLUDED IN DCAs 120-125.,1,254925,T intersection,2,80,Arterial Highway,BURWOOD,KNOX,-37.87024,145.23956,2020,7,July,9,Morning Peak,Weekday
T20200014501,2020-07-20,09:30:00,1,Collision with vehicle,1,Monday,130,REAR END(VEHICLES IN SAME LANE),1,773411,Not at intersection,2,60,Local Road,MORRIS,WYNDHAM,-37.880703,144.70107,2020,7,July,9,Morning Peak,Weekday
T20200013891,2020-07-20,16:41:00,4,Collision with a fixed object,1,Monday,171,LEFT OFF CARRIAGEWAY INTO OBJECT/PARKED VEHICLE,1,661683,Not at intersection,2,60,Local Road,FINDON,WHITTLESEA,-37.638157,145.03151,2020,7,July,16,Afternoon Peak,Weekday
T20200013854,2020-07-20,09:15:00,1,Collision with vehicle,1,Monday,160,VEHICLE COLLIDES WITH VEHICLE PARKED ON LEFT OF ROAD,1,665331,Not at intersection,2,50,Local Road,COPERNICUS,BRIMBANK,-37.718487,144.79266,2020,7,July,9,Morning Peak,Weekday
T20200013916,2020-07-20,18:00:00,1,Collision with vehicle,1,Monday,121,RIGHT THROUGH,3,67722,T intersection,2,50,Local Road,ALMA,PORT PHILLIP,-37.863125,145.00473,2020,7,July,18,Afternoon Peak,Weekday
T20200013848,2020-07-20,08:15:00,4,Collision with a fixed object,1,Monday,171,LEFT OFF CARRIAGEWAY INTO OBJECT/PARKED VEHICLE,1,668937,Not at intersection,2,100,Local Road,BURNSIDE,GOLDEN PLAINS,-38.08838,144.17555,2020,7,July,8,Morning Peak,Weekday
T20200013880,2020-07-20,16:05:00,1,Collision with vehicle,1,Monday,148,VEHICLE OFF FOOTPATH STRIKES VEH ON CARRIAGEWAY,1,658024,T intersection,3,50,Local Road,GLENCROFT,MONASH,-37.918564,145.18835,2020,7,July,16,Afternoon Peak,Weekday
T20200013881,2020-07-20,16:46:00,6,Vehicle overturned (no collision),1,Monday,170,OFF CARRIAGEWAY TO LEFT,1,687123,T intersection,2,50,Local Road,DAVID,DANDENONG,-37.97572,145.20547,2020,7,July,16,Afternoon Peak,Weekday
T20200015267,2020-07-20,04:30:00,4,Collision with a fixed object,1,Monday,171,LEFT OFF CARRIAGEWAY INTO OBJECT/PARKED VEHICLE,3,50119,Cross intersection,3,50,Arterial Other,NORTH VALLEY,GEELONG,-38.17252,144.31859,2020,7,July,4,Late Night,Weekday
T20200013857,2020-07-20,09:30:00,4,Collision with a fixed object,1,Monday,141,U TURN INTO FIXED OBJECT/PARKED VEHICLE,1,44216,T intersection,3,80,Arterial Other,COOPER,HUME,-37.6453,144.96283,2020,7,July,9,Morning Peak,Weekday
T20200013877,2020-07-20,16:20:00,2,Struck Pedestrian,1,Monday,102,FAR SIDE. PED HIT BY VEHICLE FROM THE LEFT,1,658254,Not at intersection,3,50,Local Road,CHESTERVILLE,GLEN EIRA,-37.935707,145.0615,2020,7,July,16,Afternoon Peak,Weekday
T20200013872,2020-07-20,14:51:00,4,Collision with a fixed object,1,Monday,171,LEFT OFF CARRIAGEWAY INTO OBJECT/PARKED VEHICLE,1,729342,Not at intersection,2,80,Freeway,MONASH,MONASH,-37.885574,145.10042,2020,7,July,14,Midday,Weekday
T20200013867,2020-07-20,12:30:00,1,Collision with vehicle,1,Monday,121,RIGHT THROUGH,1,660888,T intersection,2,50,Local Road,SOUTH,WODONGA,-36.117603,146.88435,2020,7,July,12,Midday,Weekday
T20200013920,2020-07-21,09:05:00,6,Vehicle overturned (no collision),2,Tuesday,174,OUT OF CONTROL ON CARRIAGEWAY (ON STRAIGHT),1,658100,Not at intersection,3,40,Arterial Other,BRIDGE,YARRA,-37.819176,145.00507,2020,7,July,9,Morning Peak,Weekday
T20200013919,2020-07-21,08:00:00,1,Collision with vehicle,2,Tuesday,140,U TURN,1,658181,T intersection,2,80,Arterial Other,LAWSON,DAREBIN,-37.692417,144.98631,2020,7,July,8,Morning Peak,Weekday
T20200013915,2020-07-21,06:25:00,1,Collision with vehicle,2,Tuesday,116,LEFT NEAR (INTERSECTIONS ONLY),3,659620,Cross intersection,2,80,Arterial Other,CLYDE-FIVE WAYS,CASEY,-38.133545,145.32425,2020,7,July,6,Morning Peak,Weekday
T20200013962,2020-07-21,18:10:00,1,Collision with vehicle,2,Tuesday,113,RIGHT NEAR (INTERSECTIONS ONLY),3,49921,T intersection,2,60,Arterial Highway,ABERDEEN,GEELONG,-38.145844,144.33942,2020,7,July,18,Afternoon Peak,Weekday
T20200013903,2020-07-21,03:36:00,6,Vehicle overturned (no collision),2,Tuesday,174,OUT OF CONTROL ON CARRIAGEWAY (ON STRAIGHT),3,660002,Not at intersection,2,100,Freeway,NARRE WARREN NORTH-MONASH IN,CASEY,-38.017017,145.30727,2020,7,July,3,Late Night,Weekday
T20200013910,2020-07-21,08:50:00,1,Collision with vehicle,2,Tuesday,110,CROSS TRAFFIC(INTERSECTIONS ONLY),1,759,Cross intersection,2,50,Local Road,HALIFAX,BAYSIDE,-37.918842,144.9981,2020,7,July,8,Morning Peak,Weekday
T20200013967,2020-07-21,18:50:00,1,Collision with vehicle,2,Tuesday,146,REVERSING INTO FIXED OBJECT/PARKED VEHICLE,3,729345,Not at intersection,2,50,Local Road,OBERON,BRIMBANK,-37.7382,144.80873,2020,7,July,18,Afternoon Peak,Weekday
T20200013958,2020-07-21,14:45:00,4,Collision with a fixed object,2,Tuesday,181,OFF RIGHT BEND INTO OBJECT/PARKED VEHICLE,1,660889,Not at intersection,2,100,Local Road,MALAKOFF,INDIGO,-36.357124,146.67168,2020,7,July,14,Midday,Weekday
T20200013908,2020-07-21,06:35:00,1,Collision with vehicle,2,Tuesday,110,CROSS TRAFFIC(INTERSECTIONS ONLY),2,667395,Cross intersection,2,80,Freeway,STUD-MONASH OUT,DANDENONG,-37.95775,145.22617,2020,7,July,6,Morning Peak,Weekday
T20200015463,2020-07-21,08:15:00,1,Collision with vehicle,2,Tuesday,110,CROSS TRAFFIC(INTERSECTIONS ONLY),1,225697,Cross intersection,3,60,Local Road,AVERYS,BENDIGO,-36.71778,144.27385,2020,7,July,8,Morning Peak,Weekday
T20200013947,2020-07-21,15:14:00,1,Collision with vehicle,2,Tuesday,113,RIGHT NEAR (INTERSECTIONS ONLY),1,52056,T intersection,2,60,Arterial Other,PRINCES,BAW BAW,-38.11967,145.84277,2020,7,July,15,Afternoon Peak,Weekday
T20200013960,2020-07-21,09:05:00,1,Collision with vehicle,2,Tuesday,130,REAR END(VEHICLES IN SAME LANE),1,658407,Not at intersection,3,80,Arterial Other,CANTERBURY,YARRA RANGES,-37.81777,145.3186,2020,7,July,9,Morning Peak,Weekday
T20200013939,2020-07-21,14:07:00,2,Struck Pedestrian,2,Tuesday,102,FAR SIDE. PED HIT BY VEHICLE FROM THE LEFT,1,35387,Cross intersection,3,40,Arterial Other,SWAN,YARRA,-37.826687,145.00706,2020,7,July,14,Midday,Weekday
T20200013956,2020-07-21,14:00:00,1,Collision with vehicle,2,Tuesday,130,REAR END(VEHICLES IN SAME LANE),1,677569,Not at intersection,3,100,Arterial Other,BALLARTO,CARDINIA,-38.155376,145.49823,2020,7,July,14,Midday,Weekday
T20200014562,2020-07-21,08:05:00,8,No collision and no object struck,2,Tuesday,174,OUT OF CONTROL ON CARRIAGEWAY (ON STRAIGHT),1,659077,Not at intersection,3,50,Local Road,MANNA GUM,BENDIGO,-36.709995,144.30453,2020,7,July,8,Morning Peak,Weekday
T20200013936,2020-07-21,06:05:00,1,Collision with vehicle,2,Tuesday,110,CROSS TRAFFIC(INTERSECTIONS ONLY),2,52987,Cross intersection,3,60,Arterial Other,GEELONG ROAD -MAIN,BALLARAT,-37.582397,143.86798,2020,7,July,6,Morning Peak,Weekday
T20200014039,2020-07-21,15:45:00,1,Collision with vehicle,2,Tuesday,130,REAR END(VEHICLES IN SAME LANE),1,729347,Not at intersection,3,80,Arterial Other,FERNTREE GULLY,KNOX,-37.900517,145.2201,2020,7,July,15,Afternoon Peak,Weekday
T20200013931,2020-07-21,12:30:00,1,Collision with vehicle,2,Tuesday,114,TWO RIGHT TURNING (INTERSECTIONS ONLY),1,42874,T intersection,2,50,Arterial Highway,SPRINGVALE,DANDENONG,-37.971027,145.14848,2020,7,July,12,Midday,Weekday
T20200013957,2020-07-21,14:49:00,1,Collision with vehicle,2,Tuesday,113,RIGHT NEAR (INTERSECTIONS ONLY),1,295475,T intersection,2,80,Arterial Highway,SOUTH GIPPSLAND,CASEY,-38.03674,145.24779,2020,7,July,14,Midday,Weekday
T20200014010,2020-07-21,12:05:00,4,Collision with a fixed object,2,Tuesday,181,OFF RIGHT BEND INTO OBJECT/PARKED VEHICLE,1,658259,Not at intersection,2,100,Arterial Other,FISH CREEK-FOSTER,SOUTH GIPPSLAND,-38.67321,146.15454,2020,7,July,12,Midday,Weekday
T20200013930,2020-07-21,10:57:00,5,collision with some other object,2,Tuesday,166,STRUCK OBJECT ON CARRIAGEWAY,1,81095,Not at intersection,2,60,Arterial Other,ALEXANDRA,STONNINGTON,-37.83476,145.0028,2020,7,July,10,Midday,Weekday
T20200013973,2020-07-21,17:18:00,1,Collision with vehicle,2,Tuesday,130,REAR END(VEHICLES IN SAME LANE),2,659159,Not at intersection,3,80,Arterial Highway,PRINCES,CASEY,-38.017094,145.29382,2020,7,July,17,Afternoon Peak,Weekday
T20200013955,2020-07-21,14:22:00,1,Collision with vehicle,2,Tuesday,148,VEHICLE OFF FOOTPATH STRIKES VEH ON CARRIAGEWAY,1,658405,Not at intersection,3,50,Local Road,MUNRO,MORNINGTON PENINSULA,-38.373035,144.77649,2020,7,July,14,Midday,Weekday
T20200013954,2020-07-21,14:40:00,6,Vehicle overturned (no collision),2,Tuesday,175,OFF END OF ROAD/T-INTERSECTION.,1,658403,T intersection,2,60,Local Road,NASH,MELTON,-37.73465,144.65215,2020,7,July,14,Midday,Weekday
T20200013969,2020-07-21,18:45:00,1,Collision with vehicle,2,Tuesday,160,VEHICLE COLLIDES WITH VEHICLE PARKED ON LEFT OF ROAD,3,659353,Not at intersection,2,60,Arterial Other,MAIN,BRIMBANK,-37.746387,144.81789,2020,7,July,18,Afternoon Peak,Weekday
T20200013952,2020-07-21,15:08:00,1,Collision with vehicle,2,Tuesday,160,VEHICLE COLLIDES WITH VEHICLE PARKED ON LEFT OF ROAD,1,749674,Not at intersection,2,60,Arterial Other,CUMBERLAND,MORELAND,-37.728123,144.93906,2020,7,July,15,Afternoon Peak,Weekday
T20200013906,2020-07-21,07:19:00,4,Collision with a fixed object,2,Tuesday,171,LEFT OFF CARRIAGEWAY INTO OBJECT/PARKED VEHICLE,1,659306,Not at intersection,2,60,Local Road,YARRA,MANNINGHAM,-37.752434,145.27199,2020,7,July,7,Morning Peak,Weekday
T20200013948,2020-07-21,14:20:00,1,Collision with vehicle,2,Tuesday,121,RIGHT THROUGH,1,65063,T intersection,3,60,Arterial Other,WARRANDYTE,MAROONDAH,-37.79527,145.23524,2020,7,July,14,Midday,Weekday
T20200014012,2020-07-22,06:50:00,1,Collision with vehicle,3,Wednesday,130,REAR END(VEHICLES IN SAME LANE),9,658412,Not at intersection,2,90,Arterial Other,THOMPSONS,FRANKSTON,-38.073082,145.20222,2020,7,July,6,Morning Peak,Weekday
T20200014013,2020-07-22,16:18:00,1,Collision with vehicle,3,Wednesday,130,REAR END(VEHICLES IN SAME LANE),1,773526,Not at intersection,3,80,Arterial Other,CRANBOURNE,FRANKSTON,-38.155266,145.16649,2020,7,July,16,Afternoon Peak,Weekday
T20200014306,2020-07-22,20:54:00,1,Collision with vehicle,3,Wednesday,134,LANE CHANGE RIGHT (NOT OVERTAKING),5,666802,Not at intersection,3,100,Freeway,PRINCES,HOBSONS BAY,-37.833836,144.80855,2020,7,July,20,Night,Weekday
T20200013996,2020-07-22,11:45:00,4,Collision with a fixed object,3,Wednesday,171,LEFT OFF CARRIAGEWAY INTO OBJECT/PARKED VEHICLE,1,71451,Cross intersection,2,60,Local Road,BRAUND,GEELONG,-38.097317,144.3236,2020,7,July,11,Midday,Weekday
T20200014014,2020-07-22,16:00:00,4,Collision with a fixed object,3,Wednesday,181,OFF RIGHT BEND INTO OBJECT/PARKED VEHICLE,2,658258,Not at intersection,3,80,Arterial Other,KORUMBURRA-WONTHAGGI,SOUTH GIPPSLAND,-38.46054,145.78883,2020,7,July,16,Afternoon Peak,Weekday
T20200014015,2020-07-22,15:00:00,4,Collision with a fixed object,3,Wednesday,183,OFF LEFT BEND INTO OBJECT/PARKED VEHICLE,1,660640,Not at intersection,3,100,Local Road,FORGE CREEK,EAST GIPPSLAND,-37.90151,147.62358,2020,7,July,15,Afternoon Peak,Weekday