ACCIDENT_NO,ACCIDENT_DATE,ACCIDENT_TIME,ACCIDENT_TYPE,ACCIDENT_TYPE_DESC,DAY_OF_WEEK,DAY_WEEK_DESC,DCA_CODE,DCA_DESC,LIGHT_CONDITION,NODE_ID,ROAD_GEOMETRY_DESC,SEVERITY,SPEED_ZONE,RMA,ROAD_NAME,LGA_NAME,LATITUDE,LONGITUDE,YEAR,MONTH,MONTH_NAME,HOUR,TIME_PERIOD,DAY_TYPE
T20200014017,2020-07-22,15:33:00,2,Struck Pedestrian,3,Wednesday,107,PED ON FOOTHPATH STRUCK BY VEHENTERING/LEAVING DRIVEWAY.,1,666752,Not at intersection,3,50,Local Road,NAPIER,BENDIGO,-36.719116,144.25159,2020,7,July,15,Afternoon Peak,Weekday
T20200014018,2020-07-22,15:55:00,1,Collision with vehicle,3,Wednesday,110,CROSS TRAFFIC(INTERSECTIONS ONLY),1,52545,Cross intersection,2,60,Local Road,KARADOC,MILDURA,-34.240044,142.15543,2020,7,July,15,Afternoon Peak,Weekday
T20200014019,2020-07-22,16:30:00,4,Collision with a fixed object,3,Wednesday,183,OFF LEFT BEND INTO OBJECT/PARKED VEHICLE,1,659246,Not at intersection,2,100,Local Road,WILDFLOWER,BENDIGO,-36.764416,144.32703,2020,7,July,16,Afternoon Peak,Weekday
T20200014022,2020-07-22,17:49:00,1,Collision with vehicle,3,Wednesday,116,LEFT NEAR (INTERSECTIONS ONLY),3,56323,T intersection,2,70,Arterial Highway,HODDLE,MELBOURNE,-37.815796,144.99028,2020,7,July,17,Afternoon Peak,Weekday
T20200014295,2020-07-22,12:40:00,1,Collision with vehicle,3,Wednesday,130,REAR END(VEHICLES IN SAME LANE),1,773252,Cross intersection,3,60,Local Road,URALLA,MORNINGTON PENINSULA,-38.2651,145.03673,2020,7,July,12,Midday,Weekday
T20200014023,2020-07-22,16:50:00,4,Collision with a fixed object,3,Wednesday,171,LEFT OFF CARRIAGEWAY INTO OBJECT/PARKED VEHICLE,1,666799,Not at intersection,3,50,Local Road,KALLAY,KINGSTON,-37.937244,145.11511,2020,7,July,16,Afternoon Peak,Weekday
T20200014027,2020-07-22,21:20:00,1,Collision with vehicle,3,Wednesday,160,VEHICLE COLLIDES WITH VEHICLE PARKED ON LEFT OF ROAD,3,661563,Not at intersection,2,50,Local Road,MCINDOE,KINGSTON,-37.998226,145.07855,2020,7,July,21,Night,Weekday
T20200014028,2020-07-22,06:30:00,1,Collision with vehicle,3,Wednesday,137,LEFT TURN SIDESWIPE,2,36230,Cross intersection,3,60,Arterial Other,ELIZABETH,MELBOURNE,-37.806293,144.9595,2020,7,July,6,Morning Peak,Weekday
T20200014029,2020-07-22,18:55:00,4,Collision with a fixed object,3,Wednesday,171,LEFT OFF CARRIAGEWAY INTO OBJECT/PARKED VEHICLE,3,658332,Not at intersection,2,80,Arterial Other,HEATHERTON,CASEY,-37.977074,145.27477,2020,7,July,18,Afternoon Peak,Weekday
T20200014061,2020-07-22,16:30:00,1,Collision with vehicle,3,Wednesday,130,REAR END(VEHICLES IN SAME LANE),1,54852,Cross intersection,3,60,Local Road,CHAPEL,DANDENONG,-38.000385,145.16168,2020,7,July,16,Afternoon Peak,Weekday
T20200014033,2020-07-22,05:52:00,1,Collision with vehicle,3,Wednesday,130,REAR END(VEHICLES IN SAME LANE),5,666800,Not at intersection,3,100,Freeway,PRINCES,WYNDHAM,-37.876884,144.72267,2020,7,July,5,Morning Peak,Weekday
T20200014261,2020-07-22,12:30:00,1,Collision with vehicle,3,Wednesday,111,RIGHT FAR (INTERSECTIONS ONLY),1,42256,T intersection,3,60,Arterial Other,CENTRE,GLEN EIRA,-37.921555,145.06216,2020,7,July,12,Midday,Weekday
T20200013986,2020-07-22,07:20:00,1,Collision with vehicle,3,Wednesday,116,LEFT NEAR (INTERSECTIONS ONLY),1,56095,Multiple intersection,3,50,Local Road,GOULBURN,CAMPASPE,-36.12741,144.7596,2020,7,July,7,Morning Peak,Weekday
T20200013997,2020-07-22,07:50:00,1,Collision with vehicle,3,Wednesday,110,CROSS TRAFFIC(INTERSECTIONS ONLY),2,56144,Cross intersection,3,100,Freeway,COUANGALT-CALDER OUT,MACEDON RANGES,-37.54076,144.6416,2020,7,July,7,Morning Peak,Weekday
T20200013995,2020-07-22,09:10:00,1,Collision with vehicle,3,Wednesday,137,LEFT TURN SIDESWIPE,1,658257,Not at intersection,2,60,Arterial Other,PRINCES,MELBOURNE,-37.79303,144.97554,2020,7,July,9,Morning Peak,Weekday
T20200013998,2020-07-22,08:30:00,1,Collision with vehicle,3,Wednesday,110,CROSS TRAFFIC(INTERSECTIONS ONLY),1,321722,Cross intersection,3,70,Arterial Other,STATION,BRIMBANK,-37.75261,144.77794,2020,7,July,8,Morning Peak,Weekday
T20200013993,2020-07-22,07:20:00,1,Collision with vehicle,3,Wednesday,163,VEHICLE STRIKES DOOR OF PARKED/STATIONARY VEHICLE,1,659354,Not at intersection,2,100,Freeway,WESTERN RING,WYNDHAM,-37.81602,144.80846,2020,7,July,7,Morning Peak,Weekday
T20200013991,2020-07-22,09:26:00,1,Collision with vehicle,3,Wednesday,113,RIGHT NEAR (INTERSECTIONS ONLY),1,721,T intersection,2,80,Arterial Highway,WELLINGTON,MONASH,-37.917057,145.14714,2020,7,July,9,Morning Peak,Weekday
T20200014000,2020-07-22,08:50:00,1,Collision with vehicle,3,Wednesday,121,RIGHT THROUGH,1,729615,Cross intersection,3,60,Arterial Other,WANTIRNA,MAROONDAH,-37.83239,145.22731,2020,7,July,8,Morning Peak,Weekday
T20200014002,2020-07-22,11:45:00,2,Struck Pedestrian,3,Wednesday,100,PED NEAR SIDE. PED HIT BY VEHICLE FROM THE RIGHT.,1,35353,Cross intersection,2,40,Local Road,LITTLE LONSDALE,MELBOURNE,-37.812027,144.95934,2020,7,July,11,Midday,Weekday
T20200013981,2020-07-22,06:20:00,1,Collision with vehicle,3,Wednesday,120,HEAD ON (NOT OVERTAKING),3,666707,Not at intersection,2,60,Arterial Other,RYANS,NILLUMBIK,-37.6765,145.1447,2020,7,July,6,Morning Peak,Weekday
T20200013978,2020-07-22,00:05:00,6,Vehicle overturned (no collision),3,Wednesday,170,OFF CARRIAGEWAY TO LEFT,5,662719,Not at intersection,2,100,Arterial Other,GRAHAM,CAMPASPE,-36.298843,144.99669,2020,7,July,0,Late Night,Weekday
T20200014009,2020-07-22,06:30:00,1,Collision with vehicle,3,Wednesday,116,LEFT NEAR (INTERSECTIONS ONLY),2,658331,T intersection,3,60,Local Road,SMITH,KINGSTON,-38.074673,145.12775,2020,7,July,6,Morning Peak,Weekday
T20200014011,2020-07-22,15:36:00,1,Collision with vehicle,3,Wednesday,130,REAR END(VEHICLES IN SAME LANE),1,658410,Not at intersection,2,70,Arterial Highway,DANDENONG,GLEN EIRA,-37.884274,145.05939,2020,7,July,15,Afternoon Peak,Weekday
T20200014648,2020-07-23,16:30:00,1,Collision with vehicle,4,Thursday,116,LEFT NEAR (INTERSECTIONS ONLY),1,278699,T intersection,3,50,Local Road,CHANCELLOR,WHITTLESEA,-37.679996,145.0718,2020,7,July,16,Afternoon Peak,Weekday
T20200014735,2020-07-23,18:10:00,1,Collision with vehicle,4,Thursday,163,VEHICLE STRIKES DOOR OF PARKED/STATIONARY VEHICLE,2,40128,Cross intersection,3,40,Local Road,CHAPEL,STONNINGTON,-37.85332,144.9931,2020,7,July,18,Afternoon Peak,Weekday
T20200014056,2020-07-23,14:18:00,1,Collision with vehicle,4,Thursday,148,VEHICLE OFF FOOTPATH STRIKES VEH ON CARRIAGEWAY,1,280243,Multiple intersection,2,80,Freeway,PENINSULA LINK IN-FRANKSTON-DANDENONG,FRANKSTON,-38.10943,145.1613,2020,7,July,14,Midday,Weekday
T20200016347,2020-07-23,17:30:00,1,Collision with vehicle,4,Thursday,130,REAR END(VEHICLES IN SAME LANE),2,661754,Not at intersection,3,60,Arterial Highway,QUEENS,PORT PHILLIP,-37.849384,144.97797,2020,7,July,17,Afternoon Peak,Weekday
T20200014073,2020-07-23,04:20:00,5,collision with some other object,4,Thursday,166,STRUCK OBJECT ON CARRIAGEWAY,5,658415,Not at intersection,2,100,Arterial Other,KATAMATITE-SHEPPARTON MAIN,SHEPPARTON,-36.274235,145.45822,2020,7,July,4,Late Night,Weekday
T20200014083,2020-07-23,21:20:00,4,Collision with a fixed object,4,Thursday,173,RIGHT OFF CARRIAGEWAY INTO OBJECT/PARKED VEHICLE,5,663412,Not at intersection,2,100,Freeway,CALDER,MOONEE VALLEY,-37.730923,144.87564,2020,7,July,21,Night,Weekday
T20200014052,2020-07-23,07:00:00,1,Collision with vehicle,4,Thursday,132,RIGHT REAR.,2,658870,T intersection,2,70,Arterial Other,KURRAK,NILLUMBIK,-37.650085,145.11673,2020,7,July,7,Morning Peak,Weekday
T20200014715,2020-07-23,06:00:00,1,Collision with vehicle,4,Thursday,110,CROSS TRAFFIC(INTERSECTIONS ONLY),3,234609,Cross intersection,3,80,Arterial Highway,WELLINGTON,MONASH,-37.91615,145.14015,2020,7,July,6,Morning Peak,Weekday
T20200014059,2020-07-23,14:11:00,1,Collision with vehicle,4,Thursday,113,RIGHT NEAR (INTERSECTIONS ONLY),1,658413,T intersection,3,50,Local Road,NULGARRAH,BANYULE,-37.695038,145.12398,2020,7,July,14,Midday,Weekday
T20200014075,2020-07-23,06:31:00,1,Collision with vehicle,4,Thursday,121,RIGHT THROUGH,2,658709,T intersection,3,70,Arterial Other,DIAMOND CREEK,NILLUMBIK,-37.682495,145.12021,2020,7,July,6,Morning Peak,Weekday
T20200014050,2020-07-23,10:45:00,1,Collision with vehicle,4,Thursday,110,CROSS TRAFFIC(INTERSECTIONS ONLY),1,49890,Cross intersection,2,50,Local Road,COQUETTE,GEELONG,-38.141785,144.34505,2020,7,July,10,Midday,Weekday
T20200017362,2020-07-23,14:30:00,1,Collision with vehicle,4,Thursday,134,LANE CHANGE RIGHT (NOT OVERTAKING),1,664366,Not at intersection,3,80,Freeway,MONASH,CASEY,-37.976948,145.23964,2020,7,July,14,Midday,Weekday
T20200014045,2020-07-23,11:30:00,4,Collision with a fixed object,4,Thursday,173,RIGHT OFF CARRIAGEWAY INTO OBJECT/PARKED VEHICLE,1,675081,Not at intersection,3,50,Arterial Highway,WOODS,BULOKE,-36.373047,142.98495,2020,7,July,11,Midday,Weekday
T20200014074,2020-07-23,04:35:00,4,Collision with a fixed object,4,Thursday,171,LEFT OFF CARRIAGEWAY INTO OBJECT/PARKED VEHICLE,3,665471,Not at intersection,2,60,Arterial Other,HIGH,BOROONDARA,-37.796658,145.05675,2020,7,July,4,Late Night,Weekday
T20200014097,2020-07-23,17:00:00,4,Collision with a fixed object,4,Thursday,171,LEFT OFF CARRIAGEWAY INTO OBJECT/PARKED VEHICLE,2,658334,Not at intersection,3,100,Local Road,EAGLEHAWK-NEILBOROUGH,BENDIGO,-36.665573,144.27216,2020,7,July,17,Afternoon Peak,Weekday
T20200014123,2020-07-24,14:30:00,5,collision with some other object,5,Friday,179,OTHER ACCIDENTS-OFF STRAIGHT NOT INCLUDED IN DCAs 170-175,1,661739,Not at intersection,2,50,Local Road,DONALD,DAREBIN,-37.73329,145.02252,2020,7,July,14,Midday,Weekday
T20200015514,2020-07-24,12:00:00,5,collision with some other object,5,Friday,166,STRUCK OBJECT ON CARRIAGEWAY,1,660472,Not at intersection,3,50,Local Road,SYMES,MANSFIELD,-37.258884,146.22903,2020,7,July,12,Midday,Weekday
T20200014100,2020-07-24,11:30:00,8,No collision and no object struck,5,Friday,189,OTHER ACCIDENTS ON CURVE NOT INCLUDED IN DCAs 180-184,1,658871,Not at intersection,3,60,Local Road,GRAND RIDGE,LATROBE,-38.491302,146.39902,2020,7,July,11,Midday,Weekday
T20200014251,2020-07-24,17:00:00,6,Vehicle overturned (no collision),5,Friday,174,OUT OF CONTROL ON CARRIAGEWAY (ON STRAIGHT),2,1238,T intersection,2,60,Arterial Other,RINGWOOD-WARRANDYTE,MANNINGHAM,-37.736958,145.22253,2020,7,July,17,Afternoon Peak,Weekday
T20200014252,2020-07-24,18:10:00,1,Collision with vehicle,5,Friday,130,REAR END(VEHICLES IN SAME LANE),9,658550,Multiple intersection,3,60,Arterial Other,EPPING,WHITTLESEA,-37.651955,145.02365,2020,7,July,18,Afternoon Peak,Weekday
T20200014099,2020-07-24,09:30:00,6,Vehicle overturned (no collision),5,Friday,182,OFF CARRIAGEWAY ON LEFT BEND,1,749672,Not at intersection,2,100,Local Road,FLEMINGS,HEPBURN,-37.216446,144.12874,2020,7,July,9,Morning Peak,Weekday
T20200014254,2020-07-24,19:30:00,1,Collision with vehicle,5,Friday,121,RIGHT THROUGH,6,45532,Cross intersection,3,50,Local Road,DAWSON,MORELAND,-37.769188,144.94179,2020,7,July,19,Night,Weekday
T20200014089,2020-07-24,06:30:00,4,Collision with a fixed object,5,Friday,173,RIGHT OFF CARRIAGEWAY INTO OBJECT/PARKED VEHICLE,3,345453,Cross intersection,2,80,Arterial Other,CANTERBURY,MAROONDAH,-37.83237,145.26941,2020,7,July,6,Morning Peak,Weekday
T20200014110,2020-07-24,12:24:00,4,Collision with a fixed object,5,Friday,181,OFF RIGHT BEND INTO OBJECT/PARKED VEHICLE,1,658463,Not at intersection,1,100,Local Road,SEYMOUR-PYALONG,MITCHELL,-37.051605,145.04665,2020,7,July,12,Midday,Weekday
T20200014286,2020-07-24,10:15:00,1,Collision with vehicle,5,Friday,120,HEAD ON (NOT OVERTAKING),1,663414,Not at intersection,3,80,Arterial Other,GISBORNE,MOORABOOL,-37.650967,144.45264,2020,7,July,10,Midday,Weekday
T20200014996,2020-07-24,13:31:00,1,Collision with vehicle,5,Friday,130,REAR END(VEHICLES IN SAME LANE),1,29854,Cross intersection,3,60,Freeway,BLACKBURN,MONASH,-37.893883,145.14427,2020,7,July,13,Midday,Weekday
T20200014098,2020-07-24,10:13:00,1,Collision with vehicle,5,Friday,134,LANE CHANGE RIGHT (NOT OVERTAKING),1,658637,Cross intersection,2,70,Arterial Highway,PRINCES,GEELONG,-38.091557,144.35634,2020,7,July,10,Midday,Weekday
T20200014087,2020-07-24,06:30:00,4,Collision with a fixed object,5,Friday,171,LEFT OFF CARRIAGEWAY INTO OBJECT/PARKED VEHICLE,2,751275,Not at intersection,2,80,Arterial Other,CANTERBURY,MAROONDAH,-37.832478,145.2307,2020,7,July,6,Morning Peak,Weekday
T20200014141,2020-07-24,21:46:00,4,Collision with a fixed object,5,Friday,181,OFF RIGHT BEND INTO OBJECT/PARKED VEHICLE,5,670357,Not at intersection,1,100,Arterial Other,CASTLEMAINE-MALDON,MOUNT ALEXANDER,-37.051033,144.15608,2020,7,July,21,Night,Weekday
T20200018555,2020-07-24,19:30:00,1,Collision with vehicle,5,Friday,132,RIGHT REAR.,3,672043,Not at intersection,3,80,Arterial Other,THOMPSONS,CASEY,-38.08453,145.29515,2020,7,July,19,Night,Weekday
T20200014090,2020-07-24,08:00:00,1,Collision with vehicle,5,Friday,130,REAR END(VEHICLES IN SAME LANE),1,54677,T intersection,2,70,Arterial Other,BALLARAT,BRIMBANK,-37.77085,144.79004,2020,7,July,8,Morning Peak,Weekday
T20200014096,2020-07-24,06:30:00,8,No collision and no object struck,5,Friday,179,OTHER ACCIDENTS-OFF STRAIGHT NOT INCLUDED IN DCAs 170-175,3,36693,T intersection,3,70,Arterial Highway,HODDLE,YARRA,-37.796986,144.99344,2020,7,July,6,Morning Peak,Weekday
T20200014095,2020-07-24,09:28:00,4,Collision with a fixed object,5,Friday,181,OFF RIGHT BEND INTO OBJECT/PARKED VEHICLE,1,658472,Not at intersection,2,40,Arterial Highway,SOUTH GIPPSLAND,CARDINIA,-38.255238,145.54918,2020,7,July,9,Morning Peak,Weekday
T20200014112,2020-07-24,11:00:00,1,Collision with vehicle,5,Friday,130,REAR END(VEHICLES IN SAME LANE),1,678401,Cross intersection,3,60,Arterial Other,ST KILDA,BAYSIDE,-37.895634,144.98994,2020,7,July,11,Midday,Weekday
T20200014119,2020-07-24,13:30:00,4,Collision with a fixed object,5,Friday,173,RIGHT OFF CARRIAGEWAY INTO OBJECT/PARKED VEHICLE,1,749673,Not at intersection,2,100,Freeway,MORNINGTON PENINSULA,MORNINGTON PENINSULA,-38.340805,144.96217,2020,7,July,13,Midday,Weekday
T20200014138,2020-07-24,21:00:00,4,Collision with a fixed object,5,Friday,173,RIGHT OFF CARRIAGEWAY INTO OBJECT/PARKED VEHICLE,5,658473,Not at intersection,2,100,Arterial Other,MURCHISON-VIOLET TOWN,STRATHBOGIE,-36.625446,145.67293,2020,7,July,21,Night,Weekday
T20200014079,2020-07-24,00:01:00,4,Collision with a fixed object,5,Friday,173,RIGHT OFF CARRIAGEWAY INTO OBJECT/PARKED VEHICLE,3,677929,Not at intersection,2,60,Arterial Other,SUNSHINE,MARIBYRNONG,-37.80007,144.86678,2020,7,July,0,Late Night,Weekday
T20200014120,2020-07-24,14:30:00,1,Collision with vehicle,5,Friday,130,REAR END(VEHICLES IN SAME LANE),1,1139,Cross intersection,3,80,Arterial Other,SYDNEY,HUME,-37.647507,144.95213,2020,7,July,14,Midday,Weekday
T20200014092,2020-07-24,10:00:00,1,Collision with vehicle,5,Friday,110,CROSS TRAFFIC(INTERSECTIONS ONLY),1,44606,Cross intersection,3,60,Arterial Other,MAIN,BALLARAT,-37.564983,143.8675,2020,7,July,10,Midday,Weekday
T20200014135,2020-07-24,20:45:00,1,Collision with vehicle,5,Friday,113,RIGHT NEAR (INTERSECTIONS ONLY),3,29719,T intersection,3,80,Arterial Highway,PRINCES,CASEY,-38.00517,145.2654,2020,7,July,20,Night,Weekday
T20200014111,2020-07-24,09:00:00,1,Collision with vehicle,5,Friday,116,LEFT NEAR (INTERSECTIONS ONLY),1,57546,Y intersection,2,80,Arterial Highway,NEPEAN,BAYSIDE,-37.889023,145.00096,2020,7,July,9,Morning Peak,Weekday
T20200014121,2020-07-24,15:00:00,4,Collision with a fixed object,5,Friday,171,LEFT OFF CARRIAGEWAY INTO OBJECT/PARKED VEHICLE,1,667398,Not at intersection,3,100,Freeway,MORNINGTON PENINSULA,MORNINGTON PENINSULA,-38.341324,144.96011,2020,7,July,15,Afternoon Peak,Weekday
T20200014375,2020-07-24,10:39:00,1,Collision with vehicle,5,Friday,113,RIGHT NEAR (INTERSECTIONS ONLY),1,51573,T intersection,2,60,Arterial Other,POWELLS AVENUE -STRICKLAND,BENDIGO,-36.7505,144.3176,2020,7,July,10,Midday,Weekday
T20200014409,2020-07-24,15:35:00,1,Collision with vehicle,5,Friday,113,RIGHT NEAR (INTERSECTIONS ONLY),1,39553,T intersection,3,60,Arterial Other,MITCHAM,WHITEHORSE,-37.81246,145.19331,2020,7,July,15,Afternoon Peak,Weekday
T20200014157,2020-07-24,11:05:00,1,Collision with vehicle,5,Friday,135,LANE CHANGE LEFT (NOT OVERTAKING),1,659161,Not at intersection,3,40,Freeway,HUME,WHITTLESEA,-37.61218,144.98575,2020,7,July,11,Midday,Weekday
T20200015394,2020-07-24,15:00:00,1,Collision with vehicle,5,Friday,121,RIGHT THROUGH,1,49304,T intersection,3,70,Arterial Highway,OGILVIE,CAMPASPE,-36.140465,144.74963,2020,7,July,15,Afternoon Peak,Weekday
T20200015473,2020-07-24,06:45:00,4,Collision with a fixed object,5,Friday,171,LEFT OFF CARRIAGEWAY INTO OBJECT/PARKED VEHICLE,1,780596,Not at intersection,3,50,Local Road,HIGHLAND,MAROONDAH,-37.793472,145.25458,2020,7,July,6,Morning Peak,Weekday
T20200014114,2020-07-24,11:50:00,4,Collision with a fixed object,5,Friday,171,LEFT OFF CARRIAGEWAY INTO OBJECT/PARKED VEHICLE,1,660717,Not at intersection,3,50,Local Road,ALBION,MORELAND,-37.76196,144.97272,2020,7,July,11,Midday,Weekday
T20200014165,2020-07-24,15:06:00,1,Collision with vehicle,5,Friday,110,CROSS TRAFFIC(INTERSECTIONS ONLY),1,327712,Cross intersection,2,80,Arterial Highway,NEPEAN,MORNINGTON PENINSULA,-38.244637,145.03737,2020,7,July,15,Afternoon Peak,Weekday
T20200014105,2020-07-24,12:40:00,1,Collision with vehicle,5,Friday,130,REAR END(VEHICLES IN SAME LANE),1,660292,Cross intersection,2,60,Arterial Other,ECHUCA,SHEPPARTON,-36.39491,145.35594,2020,7,July,12,Midday,Weekday
T20200014131,2020-07-24,19:00:00,1,Collision with vehicle,5,Friday,121,RIGHT THROUGH,3,36335,Cross intersection,3,60,Arterial Other,CEMETERY,MELBOURNE,-37.79226,144.96838,2020,7,July,19,Night,Weekday
T20200014128,2020-07-24,18:00:00,2,Struck Pedestrian,5,Friday,102,FAR SIDE. PED HIT BY VEHICLE FROM THE LEFT,2,658338,Not at intersection,3,50,Local Road,RACECOURSE,HUME,-37.574345,144.7281,2020,7,July,18,Afternoon Peak,Weekday
T20200014127,2020-07-24,18:34:00,1,Collision with vehicle,5,Friday,130,REAR END(VEHICLES IN SAME LANE),3,36782,Cross intersection,2,80,Arterial Other,WELLS,KINGSTON,-38.019108,145.11865,2020,7,July,18,Afternoon Peak,Weekday
T20200014126,2020-07-24,16:30:00,6,Vehicle overturned (no collision),5,Friday,182,OFF CARRIAGEWAY ON LEFT BEND,1,658337,Not at intersection,3,100,Local Road,SPRINGHILL,HEPBURN,-37.291397,144.30977,2020,7,July,16,Afternoon Peak,Weekday
T20200014140,2020-07-24,19:30:00,4,Collision with a fixed object,5,Friday,173,RIGHT OFF CARRIAGEWAY INTO OBJECT/PARKED VEHICLE,5,670748,Not at intersection,2,80,Local Road,HOWARD,BENDIGO,-36.70341,144.29262,2020,7,July,19,Night,Weekday
T20200014136,2020-07-24,19:15:00,4,Collision with a fixed object,5,Friday,173,RIGHT OFF CARRIAGEWAY INTO OBJECT/PARKED VEHICLE,3,658420,Not at intersection,1,50,Local Road,STUBBS,GEELONG,-38.12997,144.35034,2020,7,July,19,Night,Weekday
T20200014312,2020-07-25,09:00:00,1,Collision with vehicle,6,Saturday,163,VEHICLE STRIKES DOOR OF PARKED/STATIONARY VEHICLE,1,659415,Not at intersection,3,60,Arterial Other,HAWTHORN,GLEN EIRA,-37.870068,145.0252,2020,7,July,9,Morning Peak,Weekend
T20200014182,2020-07-25,21:00:00,1,Collision with vehicle,6,Saturday,110,CROSS TRAFFIC(INTERSECTIONS ONLY),3,49403,Cross intersection,3,50,Arterial Highway,LONSDALE,SOUTHERN GRAMPIANS,-37.741013,142.02383,2020,7,July,21,Night,Weekend
T20200014153,2020-07-25,10:30:00,1,Collision with vehicle,6,Saturday,130,REAR END(VEHICLES IN SAME LANE),1,658474,Not at intersection,2,80,Freeway,METROPOLITAN RING,WHITTLESEA,-37.68827,144.99492,2020,7,July,10,Midday,Weekend
T20200014177,2020-07-25,15:15:00,1,Collision with vehicle,6,Saturday,130,REAR END(VEHICLES IN SAME LANE),1,658639,Cross intersection,2,80,Arterial Highway,SOUTH GIPPSLAND,CASEY,-38.07424,145.2713,2020,7,July,15,Afternoon Peak,Weekend
T20200014367,2020-07-25,11:30:00,6,Vehicle overturned (no collision),6,Saturday,180,OFF CARRIAGEWAY ON RIGHT BEND,1,659308,Not at intersection,2,100,Arterial Other,MACARTHUR-PENSHURST,MOYNE,-37.971874,142.06754,2020,7,July,11,Midday,Weekend
T20200014775,2020-07-25,11:59:00,1,Collision with vehicle,6,Saturday,130,REAR END(VEHICLES IN SAME LANE),1,668098,T intersection,2,80,Arterial Highway,HEATHERTON LINK,DANDENONG,-37.969006,145.19646,2020,7,July,11,Midday,Weekend
T20200014187,2020-07-25,23:30:00,4,Collision with a fixed object,6,Saturday,173,RIGHT OFF CARRIAGEWAY INTO OBJECT/PARKED VEHICLE,5,667402,Not at intersection,2,80,Local Road,YARRABUBBA,CARDINIA,-38.029312,145.5876,2020,7,July,23,Night,Weekend
T20200014164,2020-07-25,14:15:00,4,Collision with a fixed object,6,Saturday,173,RIGHT OFF CARRIAGEWAY INTO OBJECT/PARKED VEHICLE,1,666924,Not at intersection,3,80,Local Road,KARDELLA,SOUTH GIPPSLAND,-38.431084,145.85971,2020,7,July,14,Midday,Weekend
T20200014195,2020-07-25,15:38:00,6,Vehicle overturned (no collision),6,Saturday,170,OFF CARRIAGEWAY TO LEFT,1,659300,Not at intersection,2,100,Local Road,AXEDALE-GOORNONG,BENDIGO,-36.733253,144.51172,2020,7,July,15,Afternoon Peak,Weekend
T20200014175,2020-07-25,14:56:00,8,No collision and no object struck,6,Saturday,149,OTHER MANOEUVRING NOT INCLUDED IN DCAs 140-148,1,658638,Not at intersection,2,40,Arterial Highway,SOUTH GIPPSLAND,CASEY,-38.080906,145.27573,2020,7,July,14,Midday,Weekend
T20200014651,2020-07-25,20:30:00,1,Collision with vehicle,6,Saturday,133,LANE SIDE SWIPE (VEHICLES IN PARALLEL LANES),3,659858,Not at intersection,3,60,Arterial Other,QUEEN,HOBSONS BAY,-37.87654,144.8052,2020,7,July,20,Night,Weekend
T20200014176,2020-07-25,16:57:00,4,Collision with a fixed object,6,Saturday,181,OFF RIGHT BEND INTO OBJECT/PARKED VEHICLE,1,659580,Not at intersection,2,80,Local Road,GLENFERN,KNOX,-37.9049,145.30424,2020,7,July,16,Afternoon Peak,Weekend
T20200014184,2020-07-25,21:40:00,1,Collision with vehicle,6,Saturday,130,REAR END(VEHICLES IN SAME LANE),5,659298,Not at intersection,2,80,Local Road,SAGO HILL,GOLDEN PLAINS,-37.582146,143.73132,2020,7,July,21,Night,Weekend
T20200014183,2020-07-25,04:00:00,8,No collision and no object struck,6,Saturday,179,OTHER ACCIDENTS-OFF STRAIGHT NOT INCLUDED IN DCAs 170-175,3,670598,Not at intersection,3,50,Local Road,ALKIRA,GEELONG,-38.093487,144.35034,2020,7,July,4,Late Night,Weekend
T20200014143,2020-07-25,02:48:00,4,Collision with a fixed object,6,Saturday,171,LEFT OFF CARRIAGEWAY INTO OBJECT/PARKED VEHICLE,5,659302,Not at intersection,3,80,Local Road,BOUNDARY,MELTON,-37.803688,144.68362,2020,7,July,2,Late Night,Weekend
T20200014147,2020-07-25,01:25:00,4,Collision with a fixed object,6,Saturday,171,LEFT OFF CARRIAGEWAY INTO OBJECT/PARKED VEHICLE,5,658470,Not at intersection,1,60,Arterial Other,MAIN,EAST GIPPSLAND,-37.80143,147.46718,2020,7,July,1,Late Night,Weekend
T20200017732,2020-07-25,21:45:00,7,Fall from or in moving vehicle,6,Saturday,190,FELL IN/FROM VEHICLE,6,663783,Not at intersection,3,60,Local Road,WILLIAMS,WANGARATTA,-36.346226,146.29912,2020,7,July,21,Night,Weekend
T20200014169,2020-07-25,15:45:00,2,Struck Pedestrian,6,Saturday,109,ANY MANOEUVRE INVOLVING PED NOT INCLUDED IN DCAs 100-108.,1,663307,Not at intersection,2,60,Arterial Other,WAVERLEY,MONASH,-37.89054,145.17885,2020,7,July,15,Afternoon Peak,Weekend
T20200014163,2020-07-25,14:10:00,1,Collision with vehicle,6,Saturday,121,RIGHT THROUGH,1,658476,T intersection,2,70,Local Road,BRIDGE,CARDINIA,-38.069653,145.41287,2020,7,July,14,Midday,Weekend
T20200014148,2020-07-25,00:07:00,1,Collision with vehicle,6,Saturday,160,VEHICLE COLLIDES WITH VEHICLE PARKED ON LEFT OF ROAD,3,665472,Not at intersection,3,50,Local Road,BIGGS,BRIMBANK,-37.738132,144.81184,2020,7,July,0,Late Night,Weekend
T20200014154,2020-07-25,12:28:00,1,Collision with vehicle,6,Saturday,159,OTHER OVERTAKING MANOEUVRES NOT INCLUDED IN DCAs 150-154,1,658475,Not at intersection,2,40,Arterial Other,HIGH,STONNINGTON,-37.851997,144.99446,2020,7,July,12,Midday,Weekend
T20200014197,2020-07-26,08:15:00,4,Collision with a fixed object,7,Sunday,171,LEFT OFF CARRIAGEWAY INTO OBJECT/PARKED VEHICLE,1,658478,Not at intersection,3,100,Arterial Highway,PRINCES,COLAC OTWAY,-38.300117,143.78555,2020,7,July,8,Morning Peak,Weekend