ACCIDENT_NO,ACCIDENT_DATE,ACCIDENT_TIME,ACCIDENT_TYPE,ACCIDENT_TYPE_DESC,DAY_OF_WEEK,DAY_WEEK_DESC,DCA_CODE,DCA_DESC,LIGHT_CONDITION,NODE_ID,ROAD_GEOMETRY_DESC,SEVERITY,SPEED_ZONE,RMA,ROAD_NAME,LGA_NAME,LATITUDE,LONGITUDE,YEAR,MONTH,MONTH_NAME,HOUR,TIME_PERIOD,DAY_TYPE
T20200014259,2020-07-26,18:00:00,1,Collision with vehicle,7,Sunday,130,REAR END(VEHICLES IN SAME LANE),3,729619,Not at intersection,2,80,Arterial Other,MELTON,BRIMBANK,-37.698605,144.78746,2020,7,July,18,Afternoon Peak,Weekend
T20200014191,2020-07-26,01:35:00,4,Collision with a fixed object,7,Sunday,183,OFF LEFT BEND INTO OBJECT/PARKED VEHICLE,3,666125,Not at intersection,2,60,Arterial Highway,SUTHERLAND,GOLDEN PLAINS,-37.84079,144.07645,2020,7,July,1,Late Night,Weekend
T20200015598,2020-07-26,12:10:00,1,Collision with vehicle,7,Sunday,132,RIGHT REAR.,1,41169,T intersection,3,60,Local Road,GLENROY,MORELAND,-37.705383,144.92091,2020,7,July,12,Midday,Weekend
T20200014560,2020-07-26,18:00:00,4,Collision with a fixed object,7,Sunday,181,OFF RIGHT BEND INTO OBJECT/PARKED VEHICLE,6,659076,Not at intersection,3,60,Local Road,AUSTIN,KNOX,-37.88614,145.28564,2020,7,July,18,Afternoon Peak,Weekend
T20200014220,2020-07-26,16:45:00,1,Collision with vehicle,7,Sunday,110,CROSS TRAFFIC(INTERSECTIONS ONLY),2,51636,Cross intersection,3,60,Local Road,BOOTH,BENDIGO,-36.762478,144.2576,2020,7,July,16,Afternoon Peak,Weekend
T20200014207,2020-07-26,12:50:00,4,Collision with a fixed object,7,Sunday,171,LEFT OFF CARRIAGEWAY INTO OBJECT/PARKED VEHICLE,1,46758,Cross intersection,2,50,Local Road,GALLIPOLI,MORELAND,-37.743202,144.9372,2020,7,July,12,Midday,Weekend
T20200014232,2020-07-26,15:25:00,1,Collision with vehicle,7,Sunday,110,CROSS TRAFFIC(INTERSECTIONS ONLY),1,51495,Cross intersection,3,50,Local Road,HUNTLY-FOSTERVILLE,BENDIGO,-36.66873,144.33423,2020,7,July,15,Afternoon Peak,Weekend
T20200014233,2020-07-26,10:30:00,6,Vehicle overturned (no collision),7,Sunday,184,OUT OF CONTROL ON CARRIAGEWAY (ON BEND),1,662614,Not at intersection,2,80,Local Road,LOWES,YARRA RANGES,-37.629883,145.50122,2020,7,July,10,Midday,Weekend
T20200014266,2020-07-26,21:15:00,8,No collision and no object struck,7,Sunday,174,OUT OF CONTROL ON CARRIAGEWAY (ON STRAIGHT),6,659297,Not at intersection,3,50,Local Road,THOMAS,GLEN EIRA,-37.902744,145.02588,2020,7,July,21,Night,Weekend
T20200014223,2020-07-26,17:45:00,4,Collision with a fixed object,7,Sunday,171,LEFT OFF CARRIAGEWAY INTO OBJECT/PARKED VEHICLE,9,37615,T intersection,3,60,Arterial Highway,PUNT,STONNINGTON,-37.840473,144.98608,2020,7,July,17,Afternoon Peak,Weekend
T20200014218,2020-07-26,13:20:00,1,Collision with vehicle,7,Sunday,110,CROSS TRAFFIC(INTERSECTIONS ONLY),1,67012,Cross intersection,3,60,Local Road,HERBERT,PORT PHILLIP,-37.84418,144.95714,2020,7,July,13,Midday,Weekend
T20200014224,2020-07-26,17:30:00,1,Collision with vehicle,7,Sunday,150,HEAD ON(OVERTAKING),5,672300,Not at intersection,3,80,Local Road,HARKAWAY,CASEY,-38.002968,145.34094,2020,7,July,17,Afternoon Peak,Weekend
T20200014200,2020-07-26,10:00:00,5,collision with some other object,7,Sunday,191,LOAD OR MISSILE STRUCK VEHICLE,1,666925,Not at intersection,3,70,Arterial Other,SOMERTON,HUME,-37.636204,144.89153,2020,7,July,10,Midday,Weekend
T20200014492,2020-07-26,14:00:00,8,No collision and no object struck,7,Sunday,174,OUT OF CONTROL ON CARRIAGEWAY (ON STRAIGHT),1,659416,T intersection,3,100,Local Road,A,STRATHBOGIE,-36.80251,145.86166,2020,7,July,14,Midday,Weekend
T20200014652,2020-07-26,16:00:00,6,Vehicle overturned (no collision),7,Sunday,172,OFF CARRIAGEWAY TO RIGHT,1,669695,Not at intersection,3,100,Arterial Other,HEALESVILLE-KOO-WEE-RUP,CARDINIA,-38.208317,145.47313,2020,7,July,16,Afternoon Peak,Weekend
T20200014190,2020-07-26,00:26:00,4,Collision with a fixed object,7,Sunday,175,OFF END OF ROAD/T-INTERSECTION.,3,658545,Not at intersection,3,50,Local Road,TYQUIN,HOBSONS BAY,-37.850323,144.77927,2020,7,July,0,Late Night,Weekend
T20200014229,2020-07-26,13:06:00,4,Collision with a fixed object,7,Sunday,181,OFF RIGHT BEND INTO OBJECT/PARKED VEHICLE,1,676297,Not at intersection,3,100,Local Road,MANDURANG,BENDIGO,-36.824642,144.30144,2020,7,July,13,Midday,Weekend
T20200014676,2020-07-26,09:30:00,1,Collision with vehicle,7,Sunday,150,HEAD ON(OVERTAKING),1,729625,Not at intersection,3,50,Local Road,MONTAGUE,BAW BAW,-38.139503,145.85924,2020,7,July,9,Morning Peak,Weekend
T20200014275,2020-07-27,15:46:00,2,Struck Pedestrian,1,Monday,100,PED NEAR SIDE. PED HIT BY VEHICLE FROM THE RIGHT.,1,666927,Cross intersection,3,50,Arterial Other,HIGH,WHITTLESEA,-37.65498,145.0216,2020,7,July,15,Afternoon Peak,Weekday
T20200014278,2020-07-27,17:59:00,2,Struck Pedestrian,1,Monday,100,PED NEAR SIDE. PED HIT BY VEHICLE FROM THE RIGHT.,3,42227,Cross intersection,2,60,Arterial Other,WICKHAM,KINGSTON,-37.94625,145.0515,2020,7,July,17,Afternoon Peak,Weekday
T20200014280,2020-07-27,17:50:00,1,Collision with vehicle,1,Monday,121,RIGHT THROUGH,2,323062,T intersection,3,50,Freeway,POLICE,DANDENONG,-37.93875,145.20619,2020,7,July,17,Afternoon Peak,Weekday
T20200014298,2020-07-27,18:00:00,1,Collision with vehicle,1,Monday,133,LANE SIDE SWIPE (VEHICLES IN PARALLEL LANES),3,666928,Not at intersection,3,80,Arterial Highway,WELLINGTON,KNOX,-37.925407,145.21242,2020,7,July,18,Afternoon Peak,Weekday
T20200014437,2020-07-27,09:15:00,1,Collision with vehicle,1,Monday,130,REAR END(VEHICLES IN SAME LANE),1,729352,Cross intersection,3,60,Local Road,RING,BALLARAT,-37.54507,143.79793,2020,7,July,9,Morning Peak,Weekday
T20200014289,2020-07-27,13:43:00,4,Collision with a fixed object,1,Monday,181,OFF RIGHT BEND INTO OBJECT/PARKED VEHICLE,1,665026,Not at intersection,1,80,Arterial Other,SKENES CREEK,COLAC OTWAY,-38.663746,143.7278,2020,7,July,13,Midday,Weekday
T20200014256,2020-07-27,10:14:00,4,Collision with a fixed object,1,Monday,173,RIGHT OFF CARRIAGEWAY INTO OBJECT/PARKED VEHICLE,1,660257,Not at intersection,2,60,Arterial Highway,BELL,DAREBIN,-37.74555,145.00671,2020,7,July,10,Midday,Weekday
T20200014359,2020-07-27,19:40:00,4,Collision with a fixed object,1,Monday,181,OFF RIGHT BEND INTO OBJECT/PARKED VEHICLE,5,773408,Not at intersection,3,100,Local Road,MILLERS,BAW BAW,-38.159958,146.22354,2020,7,July,19,Night,Weekday
T20200014285,2020-07-27,22:42:00,1,Collision with vehicle,1,Monday,121,RIGHT THROUGH,3,346616,Cross intersection,2,80,Freeway,PRINCES,CASEY,-38.02835,145.32202,2020,7,July,22,Night,Weekday
T20200014263,2020-07-27,06:38:00,4,Collision with a fixed object,1,Monday,171,LEFT OFF CARRIAGEWAY INTO OBJECT/PARKED VEHICLE,3,661741,Not at intersection,2,60,Arterial Highway,ST GEORGES,DAREBIN,-37.746384,144.99718,2020,7,July,6,Morning Peak,Weekday
T20200014264,2020-07-27,12:15:00,4,Collision with a fixed object,1,Monday,183,OFF LEFT BEND INTO OBJECT/PARKED VEHICLE,1,661319,Not at intersection,2,100,Local Road,SHEPPARTON-VIOLET TOWN,SHEPPARTON,-36.521275,145.58643,2020,7,July,12,Midday,Weekday
T20200014265,2020-07-27,15:43:00,2,Struck Pedestrian,1,Monday,100,PED NEAR SIDE. PED HIT BY VEHICLE FROM THE RIGHT.,1,661407,Not at intersection,2,50,Local Road,FOURTEENTH,MILDURA,-34.203087,142.15282,2020,7,July,15,Afternoon Peak,Weekday
T20200015001,2020-07-27,07:30:00,1,Collision with vehicle,1,Monday,130,REAR END(VEHICLES IN SAME LANE),1,773290,T intersection,3,60,Arterial Other,MORELAND,MORELAND,-37.75308,144.94412,2020,7,July,7,Morning Peak,Weekday
T20200014340,2020-07-27,23:48:00,6,Vehicle overturned (no collision),1,Monday,170,OFF CARRIAGEWAY TO LEFT,3,338480,Cross intersection,2,80,Arterial Other,BOUNDARY,BRIMBANK,-37.81188,144.76897,2020,7,July,23,Night,Weekday
T20200014536,2020-07-27,14:15:00,1,Collision with vehicle,1,Monday,130,REAR END(VEHICLES IN SAME LANE),1,658995,Cross intersection,3,80,Arterial Highway,NEPEAN,KINGSTON,-37.9448,145.04298,2020,7,July,14,Midday,Weekday
T20200014240,2020-07-27,05:50:00,3,Struck animal,1,Monday,167,STRUCK ANIMAL,5,658873,Not at intersection,2,60,Arterial Highway,GREAT OCEAN,SURF COAST,-38.55429,143.97612,2020,7,July,5,Morning Peak,Weekday
T20200014479,2020-07-27,11:28:00,1,Collision with vehicle,1,Monday,110,CROSS TRAFFIC(INTERSECTIONS ONLY),1,11736,Multiple intersection,2,60,Arterial Other,BOUNDARY,MELBOURNE,-37.787827,144.9405,2020,7,July,11,Midday,Weekday
T20200015013,2020-07-27,05:45:00,1,Collision with vehicle,1,Monday,130,REAR END(VEHICLES IN SAME LANE),5,659634,Not at intersection,3,60,Arterial Other,RESEARCH-WARRANDYTE,NILLUMBIK,-37.733772,145.21774,2020,7,July,5,Morning Peak,Weekday
T20200014248,2020-07-27,05:55:00,4,Collision with a fixed object,1,Monday,181,OFF RIGHT BEND INTO OBJECT/PARKED VEHICLE,5,56694,Cross intersection,3,60,Local Road,KINGLAKE-GLENBURN,MURRINDINDI,-37.521282,145.3534,2020,7,July,5,Morning Peak,Weekday
T20200014247,2020-07-27,09:30:00,4,Collision with a fixed object,1,Monday,173,RIGHT OFF CARRIAGEWAY INTO OBJECT/PARKED VEHICLE,1,659939,Not at intersection,3,100,Local Road,PARWAN-EXFORD,MELTON,-37.717705,144.49559,2020,7,July,9,Morning Peak,Weekday
T20200014242,2020-07-27,06:50:00,1,Collision with vehicle,1,Monday,130,REAR END(VEHICLES IN SAME LANE),3,39431,T intersection,3,60,Arterial Other,BLACKBURN,WHITEHORSE,-37.820496,145.15294,2020,7,July,6,Morning Peak,Weekday
T20200014241,2020-07-27,07:00:00,6,Vehicle overturned (no collision),1,Monday,172,OFF CARRIAGEWAY TO RIGHT,1,662795,Not at intersection,3,100,Local Road,LODDON WEST,LODDON,-36.38154,143.85558,2020,7,July,7,Morning Peak,Weekday
T20200014238,2020-07-27,06:56:00,2,Struck Pedestrian,1,Monday,100,PED NEAR SIDE. PED HIT BY VEHICLE FROM THE RIGHT.,2,666929,Cross intersection,2,40,Arterial Other,ALEXANDRA,STONNINGTON,-37.834885,144.99666,2020,7,July,6,Morning Peak,Weekday
T20200014237,2020-07-27,00:44:00,4,Collision with a fixed object,1,Monday,175,OFF END OF ROAD/T-INTERSECTION.,5,66117,T intersection,3,50,Local Road,ISABEL,MAROONDAH,-37.8188,145.25618,2020,7,July,0,Late Night,Weekday
T20200014641,2020-07-27,19:54:00,1,Collision with vehicle,1,Monday,113,RIGHT NEAR (INTERSECTIONS ONLY),3,313667,T intersection,3,60,Arterial Other,DORSET,MAROONDAH,-37.78662,145.29243,2020,7,July,19,Night,Weekday
T20200015426,2020-07-27,07:00:00,1,Collision with vehicle,1,Monday,130,REAR END(VEHICLES IN SAME LANE),2,663680,Not at intersection,3,50,Local Road,DENNIS,HUME,-37.64293,144.94162,2020,7,July,7,Morning Peak,Weekday
T20200014268,2020-07-27,16:03:00,1,Collision with vehicle,1,Monday,130,REAR END(VEHICLES IN SAME LANE),1,773407,Not at intersection,3,60,Local Road,PEEL,BALLARAT,-37.555023,143.86525,2020,7,July,16,Afternoon Peak,Weekday
T20200014272,2020-07-27,15:50:00,1,Collision with vehicle,1,Monday,173,RIGHT OFF CARRIAGEWAY INTO OBJECT/PARKED VEHICLE,1,660552,Not at intersection,2,80,Freeway,WEST GATE,HOBSONS BAY,-37.825428,144.83469,2020,7,July,15,Afternoon Peak,Weekday
T20200014274,2020-07-27,16:21:00,1,Collision with vehicle,1,Monday,130,REAR END(VEHICLES IN SAME LANE),1,57475,Cross intersection,2,60,Arterial Other,CITY,MELBOURNE,-37.825977,144.96007,2020,7,July,16,Afternoon Peak,Weekday
T20200014311,2020-07-28,13:20:00,1,Collision with vehicle,2,Tuesday,121,RIGHT THROUGH,1,53005,Cross intersection,3,50,Local Road,BEVERIN,BALLARAT,-37.59277,143.83966,2020,7,July,13,Midday,Weekday
T20200014328,2020-07-28,17:33:00,4,Collision with a fixed object,2,Tuesday,171,LEFT OFF CARRIAGEWAY INTO OBJECT/PARKED VEHICLE,5,665787,Not at intersection,2,100,Arterial Highway,PRINCES,EAST GIPPSLAND,-37.819572,147.7683,2020,7,July,17,Afternoon Peak,Weekday
T20200014329,2020-07-28,18:08:00,1,Collision with vehicle,2,Tuesday,110,CROSS TRAFFIC(INTERSECTIONS ONLY),3,36798,Cross intersection,2,60,Arterial Other,NORMANBY,PORT PHILLIP,-37.830566,144.9457,2020,7,July,18,Afternoon Peak,Weekday
T20200014293,2020-07-28,08:10:00,1,Collision with vehicle,2,Tuesday,130,REAR END(VEHICLES IN SAME LANE),1,659070,Not at intersection,3,60,Arterial Other,BRUNTON,MELBOURNE,-37.823074,144.98877,2020,7,July,8,Morning Peak,Weekday
T20200014392,2020-07-28,18:44:00,5,collision with some other object,2,Tuesday,175,OFF END OF ROAD/T-INTERSECTION.,5,667533,T intersection,3,50,Local Road,CURRY,MITCHELL,-37.318035,144.94804,2020,7,July,18,Afternoon Peak,Weekday
T20200014475,2020-07-28,15:00:00,1,Collision with vehicle,2,Tuesday,142,LEAVING PARKING,1,661603,Not at intersection,3,60,Local Road,NEVADA,GEELONG,-38.082493,144.35298,2020,7,July,15,Afternoon Peak,Weekday
T20200014315,2020-07-28,09:50:00,1,Collision with vehicle,2,Tuesday,120,HEAD ON (NOT OVERTAKING),1,659479,Not at intersection,2,100,Local Road,GRAND RIDGE,SOUTH GIPPSLAND,-38.342453,145.99782,2020,7,July,9,Morning Peak,Weekday
T20200014344,2020-07-28,09:30:00,1,Collision with vehicle,2,Tuesday,139,OTHER SAME DIRECTION-MANOUEVRES NOT INCLUDED IN DCAs 130-137,1,658933,Not at intersection,2,80,Arterial Highway,DANDENONG,DANDENONG,-38.001026,145.19041,2020,7,July,9,Morning Peak,Weekday
T20200014336,2020-07-28,18:58:00,4,Collision with a fixed object,2,Tuesday,183,OFF LEFT BEND INTO OBJECT/PARKED VEHICLE,5,662282,Not at intersection,2,60,Local Road,JEFFREYS,MITCHELL,-37.23458,145.02344,2020,7,July,18,Afternoon Peak,Weekday
T20200014704,2020-07-28,06:40:00,4,Collision with a fixed object,2,Tuesday,198,OTHER ACCIDENTS NOT CLASSIFIABLE ELSEWHERE,3,659173,Cross intersection,3,70,Arterial Highway,DANDENONG,GLEN EIRA,-37.860497,145.01112,2020,7,July,6,Morning Peak,Weekday
T20200014688,2020-07-28,09:45:00,8,No collision and no object struck,2,Tuesday,182,OFF CARRIAGEWAY ON LEFT BEND,1,661525,Not at intersection,2,80,Arterial Other,COLAC-FORREST,COLAC OTWAY,-38.504707,143.68457,2020,7,July,9,Morning Peak,Weekday
T20200014335,2020-07-28,21:19:00,1,Collision with vehicle,2,Tuesday,160,VEHICLE COLLIDES WITH VEHICLE PARKED ON LEFT OF ROAD,3,749671,Not at intersection,2,60,Local Road,SWAN,WANGARATTA,-36.354813,146.30977,2020,7,July,21,Night,Weekday
T20200014334,2020-07-28,18:13:00,1,Collision with vehicle,2,Tuesday,132,RIGHT REAR.,3,66631,T intersection,2,60,Arterial Other,BLACKSHAWS,HOBSONS BAY,-37.83319,144.86668,2020,7,July,18,Afternoon Peak,Weekday
T20200014346,2020-07-29,06:30:00,1,Collision with vehicle,3,Wednesday,147,VEHICLE STRIKES ANOTHER VEH WHILE EMERGING FROM DRIVEWAY,5,661162,Not at intersection,2,80,Local Road,HALL,FRANKSTON,-38.106907,145.23257,2020,7,July,6,Morning Peak,Weekday
T20200014386,2020-07-29,17:45:00,1,Collision with vehicle,3,Wednesday,116,LEFT NEAR (INTERSECTIONS ONLY),2,37516,T intersection,2,60,Local Road,MONTAGUE,PORT PHILLIP,-37.843834,144.95712,2020,7,July,17,Afternoon Peak,Weekday
T20200014974,2020-07-29,15:45:00,1,Collision with vehicle,3,Wednesday,160,VEHICLE COLLIDES WITH VEHICLE PARKED ON LEFT OF ROAD,1,660139,Not at intersection,2,60,Arterial Other,BLACKSHAWS,HOBSONS BAY,-37.83296,144.86453,2020,7,July,15,Afternoon Peak,Weekday
T20200014395,2020-07-29,17:00:00,1,Collision with vehicle,3,Wednesday,148,VEHICLE OFF FOOTPATH STRIKES VEH ON CARRIAGEWAY,1,658934,Not at intersection,3,50,Local Road,COLLEGE,MELBOURNE,-37.7922,144.9601,2020,7,July,17,Afternoon Peak,Weekday
T20200014357,2020-07-29,11:34:00,1,Collision with vehicle,3,Wednesday,110,CROSS TRAFFIC(INTERSECTIONS ONLY),1,50840,Cross intersection,3,50,Local Road,HIGH,INDIGO,-36.055176,146.45958,2020,7,July,11,Midday,Weekday
T20200014388,2020-07-29,14:45:00,1,Collision with vehicle,3,Wednesday,121,RIGHT THROUGH,1,35798,Cross intersection,2,50,Arterial Other,MELDRUM STREET -WARBY,WANGARATTA,-36.359978,146.3224,2020,7,July,14,Midday,Weekday
T20200014389,2020-07-29,16:55:00,1,Collision with vehicle,3,Wednesday,110,CROSS TRAFFIC(INTERSECTIONS ONLY),1,43608,Cross intersection,3,80,Arterial Other,BELGRAVE-HALLAM,CASEY,-37.98154,145.31042,2020,7,July,16,Afternoon Peak,Weekday
T20200014390,2020-07-29,16:50:00,4,Collision with a fixed object,3,Wednesday,181,OFF RIGHT BEND INTO OBJECT/PARKED VEHICLE,1,663686,Not at intersection,2,100,Local Road,BOWEYA,WANGARATTA,-36.244423,146.23209,2020,7,July,16,Afternoon Peak,Weekday
T20200014396,2020-07-29,16:50:00,8,No collision and no object struck,3,Wednesday,174,OUT OF CONTROL ON CARRIAGEWAY (ON STRAIGHT),1,661671,Not at intersection,2,50,Local Road,CAROVILLE,WARRNAMBOOL,-38.3806,142.51807,2020,7,July,16,Afternoon Peak,Weekday
T20210019235,2020-07-29,08:40:00,1,Collision with vehicle,3,Wednesday,111,RIGHT FAR (INTERSECTIONS ONLY),9,39131,Cross intersection,3,60,Arterial Other,BELMORE,BOROONDARA,-37.802586,145.0762,2020,7,July,8,Morning Peak,Weekday
T20200014430,2020-07-29,15:49:00,4,Collision with a fixed object,3,Wednesday,151,OUT OF CONTROL (OVERTAKING),1,667534,Not at intersection,2,60,Local Road,TAYLORS,MELTON,-37.724506,144.75514,2020,7,July,15,Afternoon Peak,Weekday
T20200014393,2020-07-29,14:27:00,8,No collision and no object struck,3,Wednesday,184,OUT OF CONTROL ON CARRIAGEWAY (ON BEND),1,360526,Cross intersection,3,60,Arterial Other,DALTON ROAD -SETTLEMENT,WHITTLESEA,-37.689594,145.0278,2020,7,July,14,Midday,Weekday
T20200014397,2020-07-29,16:39:00,1,Collision with vehicle,3,Wednesday,130,REAR END(VEHICLES IN SAME LANE),2,667409,Not at intersection,3,80,Freeway,PRINCES,CASEY,-38.0372,145.32964,2020,7,July,16,Afternoon Peak,Weekday
T20200014544,2020-07-29,14:44:00,1,Collision with vehicle,3,Wednesday,130,REAR END(VEHICLES IN SAME LANE),1,660563,Not at intersection,2,50,Arterial Other,SPRING,DAREBIN,-37.7365,144.99947,2020,7,July,14,Midday,Weekday
T20200014481,2020-07-29,22:30:00,4,Collision with a fixed object,3,Wednesday,171,LEFT OFF CARRIAGEWAY INTO OBJECT/PARKED VEHICLE,5,660453,Not at intersection,3,70,Local Road,PILLARS,DANDENONG,-38.026585,145.15535,2020,7,July,22,Night,Weekday
T20200014368,2020-07-29,07:20:00,1,Collision with vehicle,3,Wednesday,130,REAR END(VEHICLES IN SAME LANE),1,668473,Not at intersection,3,100,Freeway,MONASH,CASEY,-37.999043,145.28362,2020,7,July,7,Morning Peak,Weekday
T20200014411,2020-07-29,10:45:00,6,Vehicle overturned (no collision),3,Wednesday,172,OFF CARRIAGEWAY TO RIGHT,1,774929,Not at intersection,3,100,Arterial Other,INVERLOCH-KONGWAK,BASS COAST,-38.52862,145.72002,2020,7,July,10,Midday,Weekday
T20210005286,2020-07-29,06:15:00,3,Struck animal,3,Wednesday,167,STRUCK ANIMAL,2,681753,Not at intersection,3,60,Local Road,REGENT,WHITTLESEA,-37.605846,145.07722,2020,7,July,6,Morning Peak,Weekday
T20200014339,2020-07-29,01:15:00,4,Collision with a fixed object,3,Wednesday,173,RIGHT OFF CARRIAGEWAY INTO OBJECT/PARKED VEHICLE,3,665566,Not at intersection,3,60,Arterial Other,BAY,BAYSIDE,-37.956715,145.04594,2020,7,July,1,Late Night,Weekday
T20200014362,2020-07-29,07:30:00,1,Collision with vehicle,3,Wednesday,116,LEFT NEAR (INTERSECTIONS ONLY),1,52233,T intersection,3,60,Arterial Other,BANK,LATROBE,-38.201775,146.52753,2020,7,July,7,Morning Peak,Weekday
T20200014364,2020-07-29,12:30:00,1,Collision with vehicle,3,Wednesday,113,RIGHT NEAR (INTERSECTIONS ONLY),1,42899,T intersection,2,50,Local Road,CORRIGAN,DANDENONG,-37.97885,145.16571,2020,7,July,12,Midday,Weekday
T20200014418,2020-07-29,23:30:00,6,Vehicle overturned (no collision),3,Wednesday,184,OUT OF CONTROL ON CARRIAGEWAY (ON BEND),3,662078,T intersection,2,50,Local Road,BETKA,EAST GIPPSLAND,-37.56184,149.75424,2020,7,July,23,Night,Weekday
T20200014371,2020-07-29,13:06:00,1,Collision with vehicle,3,Wednesday,160,VEHICLE COLLIDES WITH VEHICLE PARKED ON LEFT OF ROAD,1,779903,Not at intersection,3,50,Local Road,ROWEN,BOROONDARA,-37.858597,145.09247,2020,7,July,13,Midday,Weekday
T20200014376,2020-07-29,15:40:00,2,Struck Pedestrian,3,Wednesday,102,FAR SIDE. PED HIT BY VEHICLE FROM THE LEFT,1,667404,Cross intersection,3,60,Local Road,SANCTUARY LAKES,WYNDHAM,-37.89671,144.75426,2020,7,July,15,Afternoon Peak,Weekday
T20200014353,2020-07-29,10:03:00,1,Collision with vehicle,3,Wednesday,110,CROSS TRAFFIC(INTERSECTIONS ONLY),1,42041,Cross intersection,3,50,Local Road,LANDELLS,MORELAND,-37.723125,144.94359,2020,7,July,10,Midday,Weekday
T20200014351,2020-07-29,08:40:00,1,Collision with vehicle,3,Wednesday,110,CROSS TRAFFIC(INTERSECTIONS ONLY),1,52979,Cross intersection,3,100,Local Road,FINCHS,BALLARAT,-37.57808,143.75288,2020,7,July,8,Morning Peak,Weekday
T20200014350,2020-07-29,06:30:00,2,Struck Pedestrian,3,Wednesday,100,PED NEAR SIDE. PED HIT BY VEHICLE FROM THE RIGHT.,3,663334,Cross intersection,2,50,Local Road,LEOPOLD,DANDENONG,-37.97571,145.1551,2020,7,July,6,Morning Peak,Weekday
T20200014379,2020-07-29,16:10:00,4,Collision with a fixed object,3,Wednesday,171,LEFT OFF CARRIAGEWAY INTO OBJECT/PARKED VEHICLE,1,667682,Not at intersection,2,50,Local Road,NEWTON,SHEPPARTON,-36.364574,145.3983,2020,7,July,16,Afternoon Peak,Weekday
T20200014385,2020-07-29,00:13:00,4,Collision with a fixed object,3,Wednesday,171,LEFT OFF CARRIAGEWAY INTO OBJECT/PARKED VEHICLE,3,667424,Not at intersection,2,70,Arterial Other,CAMP,HUME,-37.688576,144.94821,2020,7,July,0,Late Night,Weekday
T20200014412,2020-07-30,08:34:00,1,Collision with vehicle,4,Thursday,130,REAR END(VEHICLES IN SAME LANE),1,658876,Not at intersection,3,70,Arterial Other,SYDNEY,HUME,-37.648067,144.95221,2020,7,July,8,Morning Peak,Weekday
T20200014422,2020-07-30,13:39:00,1,Collision with vehicle,4,Thursday,133,LANE SIDE SWIPE (VEHICLES IN PARALLEL LANES),1,658794,Not at intersection,3,50,Local Road,GLENLYON,MORELAND,-37.77224,144.9676,2020,7,July,13,Midday,Weekday
T20200014414,2020-07-30,06:50:00,6,Vehicle overturned (no collision),4,Thursday,172,OFF CARRIAGEWAY TO RIGHT,1,780601,Not at intersection,3,100,Local Road,LINK,BENALLA,-36.502995,146.00752,2020,7,July,6,Morning Peak,Weekday
T20200014542,2020-07-30,06:30:00,1,Collision with vehicle,4,Thursday,130,REAR END(VEHICLES IN SAME LANE),5,659292,Not at intersection,2,80,Arterial Other,MELTON,MELTON,-37.680553,144.63834,2020,7,July,6,Morning Peak,Weekday
T20200014477,2020-07-30,13:55:00,4,Collision with a fixed object,4,Thursday,173,RIGHT OFF CARRIAGEWAY INTO OBJECT/PARKED VEHICLE,1,660950,Not at intersection,2,100,Freeway,MONASH,DANDENONG,-37.96318,145.23035,2020,7,July,13,Midday,Weekday
T20200014524,2020-07-30,19:20:00,2,Struck Pedestrian,4,Thursday,109,ANY MANOEUVRE INVOLVING PED NOT INCLUDED IN DCAs 100-108.,3,661163,Not at intersection,2,40,Local Road,LITTLE BOURKE,MELBOURNE,-37.815926,144.95346,2020,7,July,19,Night,Weekday
T20200014423,2020-07-30,11:35:00,6,Vehicle overturned (no collision),4,Thursday,174,OUT OF CONTROL ON CARRIAGEWAY (ON STRAIGHT),1,50007,Cross intersection,2,60,Local Road,KILGOUR,GEELONG,-38.15621,144.35947,2020,7,July,11,Midday,Weekday
T20200014452,2020-07-30,17:30:00,1,Collision with vehicle,4,Thursday,140,U TURN,2,672496,Not at intersection,2,80,Arterial Other,HUTTON,DANDENONG,-38.01205,145.1526,2020,7,July,17,Afternoon Peak,Weekday
T20200014433,2020-07-30,16:04:00,1,Collision with vehicle,4,Thursday,132,RIGHT REAR.,1,662901,T intersection,3,80,Arterial Other,LEARMONTH,BALLARAT,-37.522854,143.8078,2020,7,July,16,Afternoon Peak,Weekday
T20200016293,2020-07-30,15:24:00,4,Collision with a fixed object,4,Thursday,171,LEFT OFF CARRIAGEWAY INTO OBJECT/PARKED VEHICLE,1,676512,Not at intersection,3,60,Freeway,MONASH IN-SPRINGVALE,MONASH,-37.909386,145.16066,2020,7,July,15,Afternoon Peak,Weekday
T20200014451,2020-07-30,21:00:00,4,Collision with a fixed object,4,Thursday,173,RIGHT OFF CARRIAGEWAY INTO OBJECT/PARKED VEHICLE,3,773409,Not at intersection,2,80,Freeway,WEST GATE,HOBSONS BAY,-37.825684,144.83698,2020,7,July,21,Night,Weekday
T20200014450,2020-07-30,05:20:00,1,Collision with vehicle,4,Thursday,116,LEFT NEAR (INTERSECTIONS ONLY),3,278656,Cross intersection,2,60,Arterial Other,EPPING,WHITTLESEA,-37.612022,145.03072,2020,7,July,5,Morning Peak,Weekday
T20200014448,2020-07-30,19:00:00,4,Collision with a fixed object,4,Thursday,175,OFF END OF ROAD/T-INTERSECTION.,3,42085,T intersection,3,50,Arterial Highway,BELL,MORELAND,-37.738552,144.94035,2020,7,July,19,Night,Weekday
T20200014419,2020-07-30,13:00:00,1,Collision with vehicle,4,Thursday,150,HEAD ON(OVERTAKING),1,659163,Not at intersection,2,100,Arterial Other,MAFFRA-SALE,WELLINGTON,-37.98362,146.99196,2020,7,July,13,Midday,Weekday
T20200014446,2020-07-30,16:10:00,1,Collision with vehicle,4,Thursday,120,HEAD ON (NOT OVERTAKING),1,670978,Not at intersection,2,100,Arterial Highway,STRZELECKI,SOUTH GIPPSLAND,-38.337234,146.21857,2020,7,July,16,Afternoon Peak,Weekday