ACCIDENT_NO,ACCIDENT_DATE,ACCIDENT_TIME,ACCIDENT_TYPE,ACCIDENT_TYPE_DESC,DAY_OF_WEEK,DAY_WEEK_DESC,DCA_CODE,DCA_DESC,LIGHT_CONDITION,NODE_ID,ROAD_GEOMETRY_DESC,SEVERITY,SPEED_ZONE,RMA,ROAD_NAME,LGA_NAME,LATITUDE,LONGITUDE,YEAR,MONTH,MONTH_NAME,HOUR,TIME_PERIOD,DAY_TYPE
T20200014440,2020-07-30,17:00:00,1,Collision with vehicle,4,Thursday,130,REAR END(VEHICLES IN SAME LANE),3,658877,Not at intersection,3,80,Arterial Other,THOMPSONS,CASEY,-38.083466,145.28616,2020,7,July,17,Afternoon Peak,Weekday
T20210011328,2020-07-30,11:12:00,1,Collision with vehicle,4,Thursday,116,LEFT NEAR (INTERSECTIONS ONLY),1,289972,T intersection,3,70,Arterial Other,HALL,CASEY,-38.107475,145.23756,2020,7,July,11,Midday,Weekday
T20200014469,2020-07-30,15:45:00,6,Vehicle overturned (no collision),4,Thursday,174,OUT OF CONTROL ON CARRIAGEWAY (ON STRAIGHT),1,43268,T intersection,2,70,Local Road,ABBOTTS,DANDENONG,-38.033787,145.229,2020,7,July,15,Afternoon Peak,Weekday
T20200014432,2020-07-30,12:15:00,1,Collision with vehicle,4,Thursday,110,CROSS TRAFFIC(INTERSECTIONS ONLY),1,751,Multiple intersection,3,40,Arterial Other,BAYVIEW,YARRA RANGES,-37.90888,145.35605,2020,7,July,12,Midday,Weekday
T20200014434,2020-07-30,17:00:00,1,Collision with vehicle,4,Thursday,133,LANE SIDE SWIPE (VEHICLES IN PARALLEL LANES),2,660949,Not at intersection,2,100,Freeway,WESTERN RING,BRIMBANK,-37.77887,144.79326,2020,7,July,17,Afternoon Peak,Weekday
T20200014505,2020-07-30,07:35:00,2,Struck Pedestrian,4,Thursday,100,PED NEAR SIDE. PED HIT BY VEHICLE FROM THE RIGHT.,1,658936,Not at intersection,2,60,Local Road,ESPLANADE,MORNINGTON PENINSULA,-38.213966,145.04625,2020,7,July,7,Morning Peak,Weekday
T20200014406,2020-07-30,06:45:00,1,Collision with vehicle,4,Thursday,137,LEFT TURN SIDESWIPE,3,658875,T intersection,3,60,Arterial Highway,NORTH ROAD SERVICE,GLEN EIRA,-37.904915,145.0467,2020,7,July,6,Morning Peak,Weekday
T20200014426,2020-07-30,10:40:00,1,Collision with vehicle,4,Thursday,120,HEAD ON (NOT OVERTAKING),1,658759,Not at intersection,1,100,Arterial Highway,HAMILTON,CORANGAMITE,-37.99953,143.07118,2020,7,July,10,Midday,Weekday
T20200014453,2020-07-30,03:41:00,6,Vehicle overturned (no collision),4,Thursday,184,OUT OF CONTROL ON CARRIAGEWAY (ON BEND),5,667470,Not at intersection,2,100,Arterial Highway,MAROONA-GLENTHOMPSON,ARARAT,-37.487354,142.78464,2020,7,July,3,Late Night,Weekday
T20200014438,2020-07-30,16:50:00,1,Collision with vehicle,4,Thursday,121,RIGHT THROUGH,1,565,Cross intersection,3,60,Local Road,MARKET,HOBSONS BAY,-37.842407,144.88191,2020,7,July,16,Afternoon Peak,Weekday
T20200014657,2020-07-31,15:30:00,1,Collision with vehicle,5,Friday,148,VEHICLE OFF FOOTPATH STRIKES VEH ON CARRIAGEWAY,1,660138,Not at intersection,2,40,Local Road,GLENGATE,GEELONG,-38.115944,144.3253,2020,7,July,15,Afternoon Peak,Weekday
T20200014540,2020-07-31,16:00:00,6,Vehicle overturned (no collision),5,Friday,174,OUT OF CONTROL ON CARRIAGEWAY (ON STRAIGHT),1,676395,Not at intersection,3,50,Arterial Highway,ST GEORGES,DAREBIN,-37.7541,144.99463,2020,7,July,16,Afternoon Peak,Weekday
T20200014480,2020-07-31,12:25:00,1,Collision with vehicle,5,Friday,110,CROSS TRAFFIC(INTERSECTIONS ONLY),1,35626,Multiple intersection,2,60,Arterial Highway,MAIN,KINGSTON,-38.008427,145.08789,2020,7,July,12,Midday,Weekday
T20200015329,2020-07-31,13:00:00,1,Collision with vehicle,5,Friday,130,REAR END(VEHICLES IN SAME LANE),1,44628,Cross intersection,3,60,Arterial Highway,HIGH,BENDIGO,-36.77503,144.25539,2020,7,July,13,Midday,Weekday
T20200014779,2020-07-31,14:25:00,1,Collision with vehicle,5,Friday,130,REAR END(VEHICLES IN SAME LANE),1,659251,Cross intersection,3,60,Local Road,PERRY,DANDENONG,-38.005436,145.17313,2020,7,July,14,Midday,Weekday
T20200019557,2020-07-31,15:00:00,1,Collision with vehicle,5,Friday,113,RIGHT NEAR (INTERSECTIONS ONLY),1,47362,Y intersection,3,60,Local Road,EASTERN,PORT PHILLIP,-37.83305,144.96542,2020,7,July,15,Afternoon Peak,Weekday
T20200014487,2020-07-31,11:10:00,1,Collision with vehicle,5,Friday,120,HEAD ON (NOT OVERTAKING),1,659480,Not at intersection,2,100,Arterial Highway,BASS,BASS COAST,-38.56677,145.56126,2020,7,July,11,Midday,Weekday
T20200014483,2020-07-31,13:00:00,1,Collision with vehicle,5,Friday,110,CROSS TRAFFIC(INTERSECTIONS ONLY),1,35370,Cross intersection,2,40,Local Road,BLACK FOREST,WYNDHAM,-37.902695,144.63712,2020,7,July,13,Midday,Weekday
T20200016025,2020-07-31,17:30:00,1,Collision with vehicle,5,Friday,130,REAR END(VEHICLES IN SAME LANE),2,14845,T intersection,3,80,Arterial Other,SYDNEY,HUME,-37.655384,144.95303,2020,7,July,17,Afternoon Peak,Weekday
T20200014673,2020-07-31,08:55:00,1,Collision with vehicle,5,Friday,163,VEHICLE STRIKES DOOR OF PARKED/STATIONARY VEHICLE,1,779905,Not at intersection,3,40,Arterial Highway,NEPEAN,KINGSTON,-38.054432,145.11694,2020,7,July,8,Morning Peak,Weekday
T20200014556,2020-07-31,18:50:00,8,No collision and no object struck,5,Friday,199,UNKNOWN-NO DETAILS ON MANOEUVRES OF ROAD-USERS IN ACCIDENT,5,666092,Not at intersection,2,100,Local Road,SOLDIERS,BASS COAST,-38.470127,145.4582,2020,7,July,18,Afternoon Peak,Weekday
T20200014515,2020-07-31,16:10:00,4,Collision with a fixed object,5,Friday,171,LEFT OFF CARRIAGEWAY INTO OBJECT/PARKED VEHICLE,1,667535,Not at intersection,3,100,Arterial Highway,SUTTON,CENTRAL GOLDFIELDS,-37.049625,143.7646,2020,7,July,16,Afternoon Peak,Weekday
T20200014457,2020-07-31,01:00:00,4,Collision with a fixed object,5,Friday,171,LEFT OFF CARRIAGEWAY INTO OBJECT/PARKED VEHICLE,5,661742,Not at intersection,2,60,Local Road,BOUNDARY,MELTON,-37.805595,144.70099,2020,7,July,1,Late Night,Weekday
T20200014465,2020-07-31,09:50:00,1,Collision with vehicle,5,Friday,130,REAR END(VEHICLES IN SAME LANE),1,659624,Not at intersection,3,40,Arterial Other,CHURCH,YARRA,-37.82585,144.9979,2020,7,July,9,Morning Peak,Weekday
T20200014513,2020-07-31,18:30:00,1,Collision with vehicle,5,Friday,110,CROSS TRAFFIC(INTERSECTIONS ONLY),3,42054,Cross intersection,3,50,Local Road,ABBOTT,BAYSIDE,-37.948833,145.00458,2020,7,July,18,Afternoon Peak,Weekday
T20200014514,2020-07-31,15:50:00,6,Vehicle overturned (no collision),5,Friday,170,OFF CARRIAGEWAY TO LEFT,1,660454,Not at intersection,2,80,Arterial Highway,SOUTH GIPPSLAND,CASEY,-38.072655,145.27051,2020,7,July,15,Afternoon Peak,Weekday
T20200014484,2020-07-31,12:32:00,1,Collision with vehicle,5,Friday,130,REAR END(VEHICLES IN SAME LANE),1,658993,Not at intersection,2,100,Freeway,HUME,WHITTLESEA,-37.647804,144.99059,2020,7,July,12,Midday,Weekday
T20200014529,2020-07-31,20:20:00,1,Collision with vehicle,5,Friday,121,RIGHT THROUGH,3,263474,Not at intersection,3,60,Local Road,HIGH,MELTON,-37.684647,144.56345,2020,7,July,20,Night,Weekday
T20200014516,2020-07-31,17:25:00,1,Collision with vehicle,5,Friday,130,REAR END(VEHICLES IN SAME LANE),2,658994,Not at intersection,3,70,Arterial Highway,SPRINGVALE,MONASH,-37.86225,145.16919,2020,7,July,17,Afternoon Peak,Weekday
T20200014478,2020-07-31,08:30:00,1,Collision with vehicle,5,Friday,111,RIGHT FAR (INTERSECTIONS ONLY),1,780604,T intersection,3,100,Arterial Other,TATURA-UNDERA,SHEPPARTON,-36.372498,145.22287,2020,7,July,8,Morning Peak,Weekday
T20200014517,2020-07-31,15:40:00,2,Struck Pedestrian,5,Friday,103,PED PLAYING/LYING/WORKING/STANDING ON CARRIAGEWAY.,1,660455,Not at intersection,3,40,Local Road,NORTON,WANGARATTA,-36.357124,146.31638,2020,7,July,15,Afternoon Peak,Weekday
T20200014504,2020-07-31,17:10:00,1,Collision with vehicle,5,Friday,110,CROSS TRAFFIC(INTERSECTIONS ONLY),1,41379,Cross intersection,2,60,Arterial Other,RHODES,MORELAND,-37.715412,144.92688,2020,7,July,17,Afternoon Peak,Weekday
T20200014506,2020-07-31,17:15:00,1,Collision with vehicle,5,Friday,130,REAR END(VEHICLES IN SAME LANE),2,227378,T intersection,3,50,Arterial Highway,DANDENONG,GLEN EIRA,-37.875175,145.04013,2020,7,July,17,Afternoon Peak,Weekday
T20200015824,2020-07-31,17:30:00,1,Collision with vehicle,5,Friday,112,LEFT FAR (INTERSECTIONS ONLY),2,37627,T intersection,3,50,Arterial Highway,PUNT,STONNINGTON,-37.832493,144.9877,2020,7,July,17,Afternoon Peak,Weekday
T20200014523,2020-07-31,14:28:00,1,Collision with vehicle,5,Friday,121,RIGHT THROUGH,1,35355,Cross intersection,2,40,Local Road,ELIZABETH,MELBOURNE,-37.812283,144.96227,2020,7,July,14,Midday,Weekday
T20200014470,2020-07-31,09:15:00,1,Collision with vehicle,5,Friday,130,REAR END(VEHICLES IN SAME LANE),1,660137,Cross intersection,2,60,Arterial Other,BARKERS,BOROONDARA,-37.81366,145.028,2020,7,July,9,Morning Peak,Weekday
T20200014525,2020-07-31,19:06:00,1,Collision with vehicle,5,Friday,121,RIGHT THROUGH,2,322346,Cross intersection,2,70,Arterial Other,POUND,CASEY,-38.02831,145.26881,2020,7,July,19,Night,Weekday
T20200014526,2020-07-31,22:41:00,4,Collision with a fixed object,5,Friday,173,RIGHT OFF CARRIAGEWAY INTO OBJECT/PARKED VEHICLE,5,659291,Not at intersection,3,100,Arterial Other,NEW IRREWILLIPE,COLAC OTWAY,-38.434998,143.34265,2020,7,July,22,Night,Weekday
T20200015004,2020-07-31,12:10:00,1,Collision with vehicle,5,Friday,147,VEHICLE STRIKES ANOTHER VEH WHILE EMERGING FROM DRIVEWAY,1,659631,Not at intersection,3,40,Arterial Other,SYDNEY,MORELAND,-37.758137,144.96365,2020,7,July,12,Midday,Weekday
T20200014500,2020-07-31,14:16:00,2,Struck Pedestrian,5,Friday,102,FAR SIDE. PED HIT BY VEHICLE FROM THE LEFT,1,660006,T intersection,2,60,Arterial Highway,BELL,MORELAND,-37.742474,144.97798,2020,7,July,14,Midday,Weekday
T20200014538,2020-08-01,11:23:00,1,Collision with vehicle,6,Saturday,110,CROSS TRAFFIC(INTERSECTIONS ONLY),1,658937,Cross intersection,3,50,Local Road,BIBLE,NILLUMBIK,-37.7223,145.15047,2020,8,August,11,Midday,Weekend
T20200014539,2020-08-01,11:10:00,1,Collision with vehicle,6,Saturday,132,RIGHT REAR.,1,43553,Multiple intersection,3,60,Arterial Other,ESPLANADE,MORNINGTON PENINSULA,-38.223824,145.0325,2020,8,August,11,Midday,Weekend
T20200014541,2020-08-01,11:05:00,1,Collision with vehicle,6,Saturday,121,RIGHT THROUGH,1,235674,T intersection,3,60,Local Road,GWENO,FRANKSTON,-38.154617,145.11801,2020,8,August,11,Midday,Weekend
T20200014543,2020-08-01,08:49:00,1,Collision with vehicle,6,Saturday,121,RIGHT THROUGH,1,1013,Cross intersection,3,80,Arterial Highway,DANDENONG-HASTINGS,CASEY,-38.077694,145.23973,2020,8,August,8,Morning Peak,Weekend
T20200014545,2020-08-01,12:00:00,6,Vehicle overturned (no collision),6,Saturday,174,OUT OF CONTROL ON CARRIAGEWAY (ON STRAIGHT),1,659075,Not at intersection,2,100,Local Road,GOLDEN GULLY,LATROBE,-38.261494,146.29965,2020,8,August,12,Midday,Weekend
T20200014547,2020-08-01,09:30:00,1,Collision with vehicle,6,Saturday,130,REAR END(VEHICLES IN SAME LANE),1,659625,Not at intersection,2,80,Freeway,PRINCES,CARDINIA,-38.073772,145.39699,2020,8,August,9,Morning Peak,Weekend
T20200014551,2020-08-01,15:00:00,1,Collision with vehicle,6,Saturday,120,HEAD ON (NOT OVERTAKING),1,39829,T intersection,3,60,Local Road,LIVERPOOL,YARRA RANGES,-37.811028,145.31593,2020,8,August,15,Afternoon Peak,Weekend
T20200015390,2020-08-01,15:00:00,4,Collision with a fixed object,6,Saturday,171,LEFT OFF CARRIAGEWAY INTO OBJECT/PARKED VEHICLE,1,660468,Not at intersection,3,100,Arterial Highway,MOOROODUC,MORNINGTON PENINSULA,-38.215008,145.10884,2020,8,August,15,Afternoon Peak,Weekend
T20200016349,2020-08-01,22:30:00,3,Struck animal,6,Saturday,167,STRUCK ANIMAL,5,664096,Not at intersection,3,100,Arterial Highway,WESTERN,ARARAT,-37.34653,143.13231,2020,8,August,22,Night,Weekend
T20200014591,2020-08-01,11:08:00,1,Collision with vehicle,6,Saturday,113,RIGHT NEAR (INTERSECTIONS ONLY),1,337564,Cross intersection,2,70,Local Road,LEAKES,WYNDHAM,-37.837124,144.71951,2020,8,August,11,Midday,Weekend
T20200014583,2020-08-01,21:35:00,1,Collision with vehicle,6,Saturday,113,RIGHT NEAR (INTERSECTIONS ONLY),3,42802,T intersection,2,60,Arterial Other,CENTRE DANDENONG,KINGSTON,-37.968094,145.0776,2020,8,August,21,Night,Weekend
T20200014579,2020-08-01,17:35:00,1,Collision with vehicle,6,Saturday,147,VEHICLE STRIKES ANOTHER VEH WHILE EMERGING FROM DRIVEWAY,2,311691,T intersection,2,60,Local Road,MANOR LAKES,WYNDHAM,-37.876923,144.61333,2020,8,August,17,Afternoon Peak,Weekend
T20200014576,2020-08-01,13:18:00,4,Collision with a fixed object,6,Saturday,181,OFF RIGHT BEND INTO OBJECT/PARKED VEHICLE,1,663043,Not at intersection,1,60,Arterial Other,ESPLANADE,MORNINGTON PENINSULA,-38.28739,144.9914,2020,8,August,13,Midday,Weekend
T20200014574,2020-08-01,18:33:00,2,Struck Pedestrian,6,Saturday,102,FAR SIDE. PED HIT BY VEHICLE FROM THE LEFT,3,660381,Not at intersection,2,60,Arterial Other,BLACKBURN,MONASH,-37.8859,145.14584,2020,8,August,18,Afternoon Peak,Weekend
T20200014573,2020-08-01,18:00:00,1,Collision with vehicle,6,Saturday,121,RIGHT THROUGH,1,55254,Cross intersection,2,60,Arterial Highway,PRINCES HIGHWAY -ARGYLE,LATROBE,-38.19371,146.54456,2020,8,August,18,Afternoon Peak,Weekend
T20200014572,2020-08-01,18:40:00,6,Vehicle overturned (no collision),6,Saturday,170,OFF CARRIAGEWAY TO LEFT,3,667286,Not at intersection,2,60,Arterial Highway,LOWER DANDENONG,KINGSTON,-37.984535,145.09222,2020,8,August,18,Afternoon Peak,Weekend
T20200014571,2020-08-01,19:50:00,2,Struck Pedestrian,6,Saturday,102,FAR SIDE. PED HIT BY VEHICLE FROM THE LEFT,3,658996,Not at intersection,3,50,Arterial Other,BILLSON,BASS COAST,-38.60702,145.5887,2020,8,August,19,Night,Weekend
T20200014569,2020-08-01,17:00:00,2,Struck Pedestrian,6,Saturday,100,PED NEAR SIDE. PED HIT BY VEHICLE FROM THE RIGHT.,2,36,Multiple intersection,2,40,Arterial Other,KING,MELBOURNE,-37.808163,144.95169,2020,8,August,17,Afternoon Peak,Weekend
T20200014568,2020-08-01,16:15:00,2,Struck Pedestrian,6,Saturday,105,PED WALKING AGAINST TRAFFIC.,1,46713,T intersection,3,50,Local Road,EMILY,CASEY,-38.004852,145.28633,2020,8,August,16,Afternoon Peak,Weekend
T20200014566,2020-08-01,19:56:00,1,Collision with vehicle,6,Saturday,163,VEHICLE STRIKES DOOR OF PARKED/STATIONARY VEHICLE,3,665712,Not at intersection,2,60,Local Road,GLEN HUNTLY,GLEN EIRA,-37.887005,145.0228,2020,8,August,19,Night,Weekend
T20200014563,2020-08-01,15:30:00,4,Collision with a fixed object,6,Saturday,173,RIGHT OFF CARRIAGEWAY INTO OBJECT/PARKED VEHICLE,1,665748,Not at intersection,3,100,Local Road,CHOCOLYN,CORANGAMITE,-38.211304,143.15811,2020,8,August,15,Afternoon Peak,Weekend
T20200014557,2020-08-01,13:40:00,4,Collision with a fixed object,6,Saturday,183,OFF LEFT BEND INTO OBJECT/PARKED VEHICLE,1,658905,Not at intersection,1,100,Local Road,BAYNES GULLY,INDIGO,-36.232994,146.73128,2020,8,August,13,Midday,Weekend
T20200014554,2020-08-01,12:50:00,1,Collision with vehicle,6,Saturday,120,HEAD ON (NOT OVERTAKING),1,659482,Not at intersection,2,80,Arterial Highway,GREAT OCEAN,COLAC OTWAY,-38.74652,143.27007,2020,8,August,12,Midday,Weekend
T20200014553,2020-08-01,10:53:00,1,Collision with vehicle,6,Saturday,121,RIGHT THROUGH,1,281975,T intersection,2,60,Arterial Other,MILLERS,HOBSONS BAY,-37.844063,144.84607,2020,8,August,10,Midday,Weekend
T20200015145,2020-08-01,15:10:00,1,Collision with vehicle,6,Saturday,130,REAR END(VEHICLES IN SAME LANE),1,666426,Not at intersection,2,60,Arterial Other,CENTRAL,HOBSONS BAY,-37.87135,144.77509,2020,8,August,15,Afternoon Peak,Weekend
T20200014802,2020-08-01,16:15:00,8,No collision and no object struck,6,Saturday,174,OUT OF CONTROL ON CARRIAGEWAY (ON STRAIGHT),1,666207,Not at intersection,2,60,Local Road,MOUNT POREPUNKAH,ALPINE,-36.71266,146.96399,2020,8,August,16,Afternoon Peak,Weekend
T20200014814,2020-08-01,14:30:00,1,Collision with vehicle,6,Saturday,140,U TURN,1,65570,T intersection,3,40,Local Road,CHARLES,MARIBYRNONG,-37.806507,144.89043,2020,8,August,14,Midday,Weekend
T20200014707,2020-08-01,12:10:00,8,No collision and no object struck,6,Saturday,174,OUT OF CONTROL ON CARRIAGEWAY (ON STRAIGHT),1,748371,Not at intersection,2,60,Arterial Other,MIDDLEBOROUGH,WHITEHORSE,-37.83283,145.1359,2020,8,August,12,Midday,Weekend
T20200014970,2020-08-01,17:40:00,1,Collision with vehicle,6,Saturday,115,RIGHT/LEFT FAR (INTERSECTIONS ONLY),1,345933,T intersection,3,50,Local Road,WATERWAY,WHITTLESEA,-37.587723,145.1254,2020,8,August,17,Afternoon Peak,Weekend
T20200014534,2020-08-01,03:57:00,1,Collision with vehicle,6,Saturday,139,OTHER SAME DIRECTION-MANOUEVRES NOT INCLUDED IN DCAs 130-137,5,662534,Not at intersection,3,100,Arterial Highway,WESTERN,ARARAT,-37.319996,143.05612,2020,8,August,3,Late Night,Weekend
T20200015026,2020-08-01,11:00:00,1,Collision with vehicle,6,Saturday,163,VEHICLE STRIKES DOOR OF PARKED/STATIONARY VEHICLE,1,660297,Not at intersection,2,50,Local Road,FINCH,STONNINGTON,-37.872475,145.04312,2020,8,August,11,Midday,Weekend
T20200014836,2020-08-01,14:30:00,4,Collision with a fixed object,6,Saturday,179,OTHER ACCIDENTS-OFF STRAIGHT NOT INCLUDED IN DCAs 170-175,1,780609,Not at intersection,3,100,Local Road,RELIANCE,ALPINE,-36.777363,147.01382,2020,8,August,14,Midday,Weekend
T20200015624,2020-08-01,13:00:00,1,Collision with vehicle,6,Saturday,118,TWO LEFT TURNING (INTERSECTIONS ONLY),1,324500,T intersection,3,60,Local Road,LINTON,KINGSTON,-37.93416,145.04315,2020,8,August,13,Midday,Weekend
T20200014668,2020-08-01,10:00:00,8,No collision and no object struck,6,Saturday,174,OUT OF CONTROL ON CARRIAGEWAY (ON STRAIGHT),1,52721,Cross intersection,2,100,Local Road,PHILLIPS FLAT,ARARAT,-37.34538,142.87265,2020,8,August,10,Midday,Weekend
T20200014634,2020-08-02,18:15:00,4,Collision with a fixed object,7,Sunday,173,RIGHT OFF CARRIAGEWAY INTO OBJECT/PARKED VEHICLE,3,664943,Not at intersection,2,70,Arterial Highway,HODDLE,YARRA,-37.807842,144.99167,2020,8,August,18,Afternoon Peak,Weekend
T20200015017,2020-08-02,09:33:00,1,Collision with vehicle,7,Sunday,121,RIGHT THROUGH,1,52627,Multiple intersection,3,50,Local Road,BOLTON,HORSHAM,-36.720863,142.20236,2020,8,August,9,Morning Peak,Weekend
T20200014589,2020-08-02,03:30:00,1,Collision with vehicle,7,Sunday,169,OTHER ON PATH,3,665713,Not at intersection,2,50,Local Road,CLYDE,KNOX,-37.882698,145.26811,2020,8,August,3,Late Night,Weekend
T20200014590,2020-08-02,05:38:00,1,Collision with vehicle,7,Sunday,110,CROSS TRAFFIC(INTERSECTIONS ONLY),3,29540,Cross intersection,2,50,Arterial Other,EARL,BOROONDARA,-37.7953,145.03629,2020,8,August,5,Morning Peak,Weekend
T20200014596,2020-08-02,08:45:00,1,Collision with vehicle,7,Sunday,130,REAR END(VEHICLES IN SAME LANE),1,29486,Cross intersection,2,60,Arterial Highway,ST GEORGES,DAREBIN,-37.74466,144.99744,2020,8,August,8,Morning Peak,Weekend
T20200014674,2020-08-02,11:30:00,9,Other accident,7,Sunday,189,OTHER ACCIDENTS ON CURVE NOT INCLUDED IN DCAs 180-184,1,659170,Not at intersection,3,60,Local Road,GREENHILLS,MOORABOOL,-37.523952,144.27872,2020,8,August,11,Midday,Weekend
T20200014599,2020-08-02,09:30:00,1,Collision with vehicle,7,Sunday,110,CROSS TRAFFIC(INTERSECTIONS ONLY),1,39063,Cross intersection,3,60,Arterial Other,BURKE,BOROONDARA,-37.81037,145.06068,2020,8,August,9,Morning Peak,Weekend
T20200014601,2020-08-02,10:06:00,1,Collision with vehicle,7,Sunday,143,ENTERING PARKING,1,659713,T intersection,3,50,Local Road,BLYTH,MORELAND,-37.766155,144.96873,2020,8,August,10,Midday,Weekend
T20200014609,2020-08-02,13:36:00,1,Collision with vehicle,7,Sunday,113,RIGHT NEAR (INTERSECTIONS ONLY),1,39434,T intersection,3,60,Arterial Other,DONCASTER,MANNINGHAM,-37.788822,145.15924,2020,8,August,13,Midday,Weekend
T20200014610,2020-08-02,12:00:00,1,Collision with vehicle,7,Sunday,113,RIGHT NEAR (INTERSECTIONS ONLY),1,33445,T intersection,2,80,Arterial Highway,NEPEAN,MORNINGTON PENINSULA,-38.17025,145.10071,2020,8,August,12,Midday,Weekend
T20200015122,2020-08-02,11:10:00,1,Collision with vehicle,7,Sunday,130,REAR END(VEHICLES IN SAME LANE),1,729361,Not at intersection,3,60,Arterial Highway,WYNDHAM,SHEPPARTON,-36.385693,145.39839,2020,8,August,11,Midday,Weekend
T20200014660,2020-08-02,13:00:00,9,Other accident,7,Sunday,179,OTHER ACCIDENTS-OFF STRAIGHT NOT INCLUDED IN DCAs 170-175,1,659285,Not at intersection,2,60,Arterial Other,DYNON,MELBOURNE,-37.801823,144.91763,2020,8,August,13,Midday,Weekend
T20200014642,2020-08-02,13:00:00,1,Collision with vehicle,7,Sunday,121,RIGHT THROUGH,1,10475,Cross intersection,2,70,Arterial Highway,PRINCES,GEELONG,-38.09885,144.35526,2020,8,August,13,Midday,Weekend
T20200014744,2020-08-02,15:16:00,1,Collision with vehicle,7,Sunday,130,REAR END(VEHICLES IN SAME LANE),1,57353,T intersection,3,80,Arterial Other,PASCOE VALE,HUME,-37.67036,144.92378,2020,8,August,15,Afternoon Peak,Weekend
T20200014878,2020-08-02,10:00:00,1,Collision with vehicle,7,Sunday,121,RIGHT THROUGH,1,294710,T intersection,3,60,Arterial Other,MILLERS,HOBSONS BAY,-37.844063,144.84607,2020,8,August,10,Midday,Weekend
T20200014625,2020-08-02,16:55:00,2,Struck Pedestrian,7,Sunday,100,PED NEAR SIDE. PED HIT BY VEHICLE FROM THE RIGHT.,2,658998,Not at intersection,3,40,Local Road,CLEVELAND,WHITTLESEA,-37.677155,145.03305,2020,8,August,16,Afternoon Peak,Weekend
T20200015010,2020-08-02,16:19:00,1,Collision with vehicle,7,Sunday,130,REAR END(VEHICLES IN SAME LANE),1,659633,Not at intersection,3,60,Arterial Other,MIDDLEBOROUGH,WHITEHORSE,-37.831482,145.13612,2020,8,August,16,Afternoon Peak,Weekend
T20200015000,2020-08-02,11:00:00,5,collision with some other object,7,Sunday,166,STRUCK OBJECT ON CARRIAGEWAY,1,660458,Not at intersection,3,100,Local Road,POWERS,LATROBE,-38.301643,146.60509,2020,8,August,11,Midday,Weekend
T20200014622,2020-08-02,14:43:00,1,Collision with vehicle,7,Sunday,150,HEAD ON(OVERTAKING),1,773306,Not at intersection,3,60,Local Road,BROAD GULLY,NILLUMBIK,-37.65714,145.16507,2020,8,August,14,Midday,Weekend
T20200014806,2020-08-02,16:30:00,1,Collision with vehicle,7,Sunday,160,VEHICLE COLLIDES WITH VEHICLE PARKED ON LEFT OF ROAD,1,41112,T intersection,2,60,Arterial Other,ST KILDA,BAYSIDE,-37.906235,144.98796,2020,8,August,16,Afternoon Peak,Weekend
T20200015411,2020-08-02,17:00:00,6,Vehicle overturned (no collision),7,Sunday,170,OFF CARRIAGEWAY TO LEFT,2,662535,Not at intersection,2,100,Arterial Other,LAVERS HILL-COBDEN,CORANGAMITE,-38.369164,143.1156,2020,8,August,17,Afternoon Peak,Weekend
T20200014637,2020-08-02,20:00:00,4,Collision with a fixed object,7,Sunday,171,LEFT OFF CARRIAGEWAY INTO OBJECT/PARKED VEHICLE,3,29594,Cross intersection,3,60,Local Road,ALMA,PORT PHILLIP,-37.86146,144.99161,2020,8,August,20,Night,Weekend
T20200014777,2020-08-02,16:00:00,8,No collision and no object struck,7,Sunday,174,OUT OF CONTROL ON CARRIAGEWAY (ON STRAIGHT),1,660513,Not at intersection,3,100,Local Road,MT DORAN,MOORABOOL,-37.727814,144.05214,2020,8,August,16,Afternoon Peak,Weekend
T20210013594,2020-08-02,18:22:00,1,Collision with vehicle,7,Sunday,110,CROSS TRAFFIC(INTERSECTIONS ONLY),9,686164,Cross intersection,3,50,Local Road,ARUNDEL,MANNINGHAM,-37.777905,145.21962,2020,8,August,18,Afternoon Peak,Weekend
T20200015091,2020-08-02,17:50:00,2,Struck Pedestrian,7,Sunday,100,PED NEAR SIDE. PED HIT BY VEHICLE FROM THE RIGHT.,5,47028,T intersection,3,40,Arterial Other,BAY,BAYSIDE,-37.95222,145.00761,2020,8,August,17,Afternoon Peak,Weekend
T20200014631,2020-08-02,18:12:00,2,Struck Pedestrian,7,Sunday,102,FAR SIDE. PED HIT BY VEHICLE FROM THE LEFT,3,658987,Not at intersection,1,60,Arterial Other,FYANS,GEELONG,-38.16305,144.3589,2020,8,August,18,Afternoon Peak,Weekend
T20200014620,2020-08-02,15:06:00,1,Collision with vehicle,7,Sunday,159,OTHER OVERTAKING MANOEUVRES NOT INCLUDED IN DCAs 150-154,1,658997,Multiple intersection,3,60,Arterial Other,DALTON,WHITTLESEA,-37.661064,145.03072,2020,8,August,15,Afternoon Peak,Weekend
T20200014618,2020-08-02,09:50:00,9,Other accident,7,Sunday,179,OTHER ACCIDENTS-OFF STRAIGHT NOT INCLUDED IN DCAs 170-175,1,659166,Not at intersection,2,50,Local Road,ROSEDALE,GLEN EIRA,-37.890755,145.04378,2020,8,August,9,Morning Peak,Weekend
T20200014615,2020-08-02,00:10:00,4,Collision with a fixed object,7,Sunday,171,LEFT OFF CARRIAGEWAY INTO OBJECT/PARKED VEHICLE,3,698736,Not at intersection,3,50,Arterial Other,MITCHAM,WHITEHORSE,-37.824535,145.19435,2020,8,August,0,Late Night,Weekend