ACCIDENT_NO,ACCIDENT_DATE,ACCIDENT_TIME,ACCIDENT_TYPE,ACCIDENT_TYPE_DESC,DAY_OF_WEEK,DAY_WEEK_DESC,DCA_CODE,DCA_DESC,LIGHT_CONDITION,NODE_ID,ROAD_GEOMETRY_DESC,SEVERITY,SPEED_ZONE,RMA,ROAD_NAME,LGA_NAME,LATITUDE,LONGITUDE,YEAR,MONTH,MONTH_NAME,HOUR,TIME_PERIOD,DAY_TYPE
T20200014614,2020-08-02,13:12:00,1,Collision with vehicle,7,Sunday,140,U TURN,1,659940,Cross intersection,2,60,Arterial Other,MOUNTAIN,KNOX,-37.841244,145.26509,2020,8,August,13,Midday,Weekend
T20200014629,2020-08-02,15:00:00,6,Vehicle overturned (no collision),7,Sunday,184,OUT OF CONTROL ON CARRIAGEWAY (ON BEND),1,668363,Not at intersection,2,80,Local Road,FISHERS,LATROBE,-38.42213,146.26192,2020,8,August,15,Afternoon Peak,Weekend
T20200014683,2020-08-03,14:24:00,1,Collision with vehicle,1,Monday,121,RIGHT THROUGH,1,222100,T intersection,3,80,Freeway,GREENSBOROUGH,BANYULE,-37.695217,145.0923,2020,8,August,14,Midday,Weekday
T20200014684,2020-08-03,17:45:00,6,Vehicle overturned (no collision),1,Monday,174,OUT OF CONTROL ON CARRIAGEWAY (ON STRAIGHT),3,659171,Cross intersection,2,60,Arterial Other,BOUNDARY,GEELONG,-38.17082,144.38411,2020,8,August,17,Afternoon Peak,Weekday
T20200014675,2020-08-03,08:50:00,1,Collision with vehicle,1,Monday,145,REVERSING IN STREAM OF TRAFFIC,1,662216,T intersection,3,80,Local Road,BARDWELL,HUME,-37.550976,144.85947,2020,8,August,8,Morning Peak,Weekday
T20200014687,2020-08-03,15:30:00,2,Struck Pedestrian,1,Monday,100,PED NEAR SIDE. PED HIT BY VEHICLE FROM THE RIGHT.,1,659172,Not at intersection,3,60,Arterial Other,MITCHAM,WHITEHORSE,-37.83032,145.19482,2020,8,August,15,Afternoon Peak,Weekday
T20200014689,2020-08-03,15:46:00,1,Collision with vehicle,1,Monday,113,RIGHT NEAR (INTERSECTIONS ONLY),1,290374,T intersection,3,80,Freeway,CHELTENHAM,DANDENONG,-37.9924,145.1923,2020,8,August,15,Afternoon Peak,Weekday
T20200014697,2020-08-03,13:53:00,1,Collision with vehicle,1,Monday,133,LANE SIDE SWIPE (VEHICLES IN PARALLEL LANES),1,258252,Not at intersection,3,50,Arterial Highway,PALL MALL,BENDIGO,-36.757,144.28217,2020,8,August,13,Midday,Weekday
T20200014698,2020-08-03,15:00:00,1,Collision with vehicle,1,Monday,130,REAR END(VEHICLES IN SAME LANE),1,659626,Multiple intersection,3,60,Arterial Other,MELTON,MELTON,-37.69114,144.60466,2020,8,August,15,Afternoon Peak,Weekday
T20200014956,2020-08-03,17:00:00,1,Collision with vehicle,1,Monday,121,RIGHT THROUGH,1,48323,T intersection,3,70,Arterial Other,CENTRE DANDENONG,KINGSTON,-37.971703,145.10701,2020,8,August,17,Afternoon Peak,Weekday
T20200014994,2020-08-03,06:20:00,1,Collision with vehicle,1,Monday,130,REAR END(VEHICLES IN SAME LANE),9,39791,Cross intersection,3,50,Arterial Other,HULL,MAROONDAH,-37.797165,145.29034,2020,8,August,6,Morning Peak,Weekday
T20200014654,2020-08-03,11:14:00,1,Collision with vehicle,1,Monday,130,REAR END(VEHICLES IN SAME LANE),1,63392,T intersection,2,50,Arterial Other,MORELAND,MORELAND,-37.75167,144.93207,2020,8,August,11,Midday,Weekday
T20200014655,2020-08-03,10:50:00,2,Struck Pedestrian,1,Monday,103,PED PLAYING/LYING/WORKING/STANDING ON CARRIAGEWAY.,1,659417,Cross intersection,2,50,Local Road,HAMPTON,MOONEE VALLEY,-37.750847,144.88652,2020,8,August,10,Midday,Weekday
T20200017952,2020-08-03,13:55:00,1,Collision with vehicle,1,Monday,110,CROSS TRAFFIC(INTERSECTIONS ONLY),1,52067,Cross intersection,3,60,Local Road,INGLIS,WELLINGTON,-38.10886,147.0891,2020,8,August,13,Midday,Weekday
T20200014665,2020-08-03,13:48:00,1,Collision with vehicle,1,Monday,121,RIGHT THROUGH,1,659169,T intersection,3,50,Local Road,OSCAR,BALLARAT,-37.59293,143.82579,2020,8,August,13,Midday,Weekday
T20200014679,2020-08-03,14:08:00,1,Collision with vehicle,1,Monday,133,LANE SIDE SWIPE (VEHICLES IN PARALLEL LANES),1,659346,Not at intersection,3,80,Arterial Other,PASCOE VALE,HUME,-37.65524,144.9282,2020,8,August,14,Midday,Weekday
T20200014669,2020-08-03,10:15:00,1,Collision with vehicle,1,Monday,130,REAR END(VEHICLES IN SAME LANE),1,659037,Not at intersection,1,100,Arterial Other,FRANKSTON-FLINDERS,MORNINGTON PENINSULA,-38.408436,145.06285,2020,8,August,10,Midday,Weekday
T20200014645,2020-08-03,06:14:00,1,Collision with vehicle,1,Monday,120,HEAD ON (NOT OVERTAKING),5,667227,Not at intersection,2,80,Arterial Other,BALLARTO,CASEY,-38.135086,145.33725,2020,8,August,6,Morning Peak,Weekday
T20200014678,2020-08-03,15:55:00,1,Collision with vehicle,1,Monday,140,U TURN,1,48315,T intersection,3,50,Local Road,JORDAN,MORELAND,-37.772003,144.94235,2020,8,August,15,Afternoon Peak,Weekday
T20200014647,2020-08-03,09:30:00,1,Collision with vehicle,1,Monday,110,CROSS TRAFFIC(INTERSECTIONS ONLY),1,57107,Cross intersection,3,40,Local Road,EGLINTON,BOROONDARA,-37.799717,145.03398,2020,8,August,9,Morning Peak,Weekday
T20200014677,2020-08-03,14:25:00,4,Collision with a fixed object,1,Monday,171,LEFT OFF CARRIAGEWAY INTO OBJECT/PARKED VEHICLE,1,773307,Not at intersection,2,80,Arterial Highway,PRINCES HIGHWAY SERVICE,LATROBE,-38.191017,146.55852,2020,8,August,14,Midday,Weekday
T20200014649,2020-08-03,08:15:00,6,Vehicle overturned (no collision),1,Monday,172,OFF CARRIAGEWAY TO RIGHT,1,659168,Not at intersection,2,100,Local Road,SOLDIERS,BASS COAST,-38.47013,145.45824,2020,8,August,8,Morning Peak,Weekday
T20200014727,2020-08-04,12:01:00,1,Collision with vehicle,2,Tuesday,160,VEHICLE COLLIDES WITH VEHICLE PARKED ON LEFT OF ROAD,1,660216,Not at intersection,3,60,Local Road,GILBERT,DAREBIN,-37.720528,144.99306,2020,8,August,12,Midday,Weekday
T20200014726,2020-08-04,10:57:00,1,Collision with vehicle,2,Tuesday,130,REAR END(VEHICLES IN SAME LANE),1,648341,Not at intersection,3,80,Freeway,DANDENONG,DANDENONG,-38.001373,145.19133,2020,8,August,10,Midday,Weekday
T20200014702,2020-08-04,04:30:00,2,Struck Pedestrian,2,Tuesday,103,PED PLAYING/LYING/WORKING/STANDING ON CARRIAGEWAY.,3,41554,T intersection,2,60,Arterial Highway,WARRIGAL,STONNINGTON,-37.89167,145.08846,2020,8,August,4,Late Night,Weekday
T20200014710,2020-08-04,10:35:00,6,Vehicle overturned (no collision),2,Tuesday,180,OFF CARRIAGEWAY ON RIGHT BEND,1,659249,Not at intersection,2,100,Local Road,MARRETTS,LATROBE,-38.227463,146.3544,2020,8,August,10,Midday,Weekday
T20200014717,2020-08-04,11:35:00,1,Collision with vehicle,2,Tuesday,147,VEHICLE STRIKES ANOTHER VEH WHILE EMERGING FROM DRIVEWAY,1,660215,Not at intersection,2,80,Arterial Other,STUD,KNOX,-37.867054,145.23631,2020,8,August,11,Midday,Weekday
T20200014721,2020-08-04,11:40:00,1,Collision with vehicle,2,Tuesday,120,HEAD ON (NOT OVERTAKING),1,773412,Not at intersection,2,80,Arterial Highway,BALLARAT,GEELONG,-38.096233,144.30048,2020,8,August,11,Midday,Weekday
T20200014885,2020-08-04,11:00:00,1,Collision with vehicle,2,Tuesday,112,LEFT FAR (INTERSECTIONS ONLY),1,663869,T intersection,3,50,Local Road,TWEDDLE,MOIRA,-36.081593,145.4399,2020,8,August,11,Midday,Weekday
T20200014826,2020-08-04,10:00:00,3,Struck animal,2,Tuesday,167,STRUCK ANIMAL,1,660456,Not at intersection,2,100,Local Road,WALSHS,MANSFIELD,-37.175453,145.99858,2020,8,August,10,Midday,Weekday
T20210000197,2020-08-04,14:30:00,1,Collision with vehicle,2,Tuesday,110,CROSS TRAFFIC(INTERSECTIONS ONLY),1,43677,Cross intersection,3,60,Local Road,STEWARTS,HUME,-37.571228,144.71838,2020,8,August,14,Midday,Weekday
T20200014776,2020-08-04,17:40:00,1,Collision with vehicle,2,Tuesday,130,REAR END(VEHICLES IN SAME LANE),9,298145,Cross intersection,3,80,Arterial Other,CRAIGIEBURN,HUME,-37.59721,144.94293,2020,8,August,17,Afternoon Peak,Weekday
T20200014791,2020-08-04,12:45:00,1,Collision with vehicle,2,Tuesday,130,REAR END(VEHICLES IN SAME LANE),9,659253,Cross intersection,3,70,Arterial Highway,LATROBE,GEELONG,-38.147488,144.35262,2020,8,August,12,Midday,Weekday
T20200014762,2020-08-04,20:28:00,1,Collision with vehicle,2,Tuesday,121,RIGHT THROUGH,3,29523,T intersection,3,60,Arterial Other,BALLARAT,MARIBYRNONG,-37.792385,144.89348,2020,8,August,20,Night,Weekday
T20200014729,2020-08-04,12:15:00,4,Collision with a fixed object,2,Tuesday,181,OFF RIGHT BEND INTO OBJECT/PARKED VEHICLE,1,666206,Not at intersection,3,60,Freeway,GEELONG RING OUT-ANAKIE,GEELONG,-38.078564,144.33537,2020,8,August,12,Midday,Weekday
T20200014759,2020-08-04,17:00:00,1,Collision with vehicle,2,Tuesday,121,RIGHT THROUGH,3,50179,T intersection,2,70,Arterial Highway,SETTLEMENT,GEELONG,-38.180813,144.35043,2020,8,August,17,Afternoon Peak,Weekday
T20200014800,2020-08-04,12:30:00,1,Collision with vehicle,2,Tuesday,110,CROSS TRAFFIC(INTERSECTIONS ONLY),1,659254,Cross intersection,3,60,Local Road,MT GISBORNE,MACEDON RANGES,-37.499794,144.58916,2020,8,August,12,Midday,Weekday
T20200014753,2020-08-04,16:00:00,1,Collision with vehicle,2,Tuesday,113,RIGHT NEAR (INTERSECTIONS ONLY),1,38583,T intersection,3,60,Arterial Other,SETTLEMENT,WHITTLESEA,-37.697533,145.056,2020,8,August,16,Afternoon Peak,Weekday
T20200014745,2020-08-04,11:45:00,4,Collision with a fixed object,2,Tuesday,173,RIGHT OFF CARRIAGEWAY INTO OBJECT/PARKED VEHICLE,1,659484,Not at intersection,2,100,Freeway,MORNINGTON PENINSULA,MORNINGTON PENINSULA,-38.350224,144.93616,2020,8,August,11,Midday,Weekday
T20200015887,2020-08-04,17:30:00,1,Collision with vehicle,2,Tuesday,121,RIGHT THROUGH,3,337163,Cross intersection,3,60,Arterial Other,HUNTINGDALE,MONASH,-37.8762,145.11018,2020,8,August,17,Afternoon Peak,Weekday
T20200014742,2020-08-04,13:53:00,4,Collision with a fixed object,2,Tuesday,171,LEFT OFF CARRIAGEWAY INTO OBJECT/PARKED VEHICLE,1,665890,Not at intersection,3,50,Local Road,PLEASANT,BALLARAT,-37.575016,143.83623,2020,8,August,13,Midday,Weekday
T20200014736,2020-08-04,14:30:00,1,Collision with vehicle,2,Tuesday,110,CROSS TRAFFIC(INTERSECTIONS ONLY),1,60028,Cross intersection,3,60,Local Road,INKERMAN,CENTRAL GOLDFIELDS,-37.046368,143.73329,2020,8,August,14,Midday,Weekday
T20200014730,2020-08-04,13:20:00,1,Collision with vehicle,2,Tuesday,110,CROSS TRAFFIC(INTERSECTIONS ONLY),1,42362,Cross intersection,3,80,Arterial Other,OLD DANDENONG,KINGSTON,-37.955963,145.10019,2020,8,August,13,Midday,Weekday
T20200014803,2020-08-05,13:16:00,4,Collision with a fixed object,3,Wednesday,183,OFF LEFT BEND INTO OBJECT/PARKED VEHICLE,1,659486,Not at intersection,3,60,Arterial Other,BELGRAVE-GEMBROOK,CARDINIA,-37.92633,145.4561,2020,8,August,13,Midday,Weekday
T20200014819,2020-08-05,14:20:00,1,Collision with vehicle,3,Wednesday,130,REAR END(VEHICLES IN SAME LANE),1,661743,Not at intersection,3,60,Arterial Other,MT ALEXANDER,MOONEE VALLEY,-37.772823,144.92696,2020,8,August,14,Midday,Weekday
T20200017011,2020-08-05,09:50:00,1,Collision with vehicle,3,Wednesday,130,REAR END(VEHICLES IN SAME LANE),1,257388,Cross intersection,3,50,Local Road,BELLFIELD,HUME,-37.58688,144.90623,2020,8,August,9,Morning Peak,Weekday
T20200014793,2020-08-05,11:52:00,1,Collision with vehicle,3,Wednesday,130,REAR END(VEHICLES IN SAME LANE),1,44588,Cross intersection,3,60,Arterial Other,STURT,BALLARAT,-37.56018,143.8414,2020,8,August,11,Midday,Weekday
T20200014815,2020-08-05,19:32:00,8,No collision and no object struck,3,Wednesday,174,OUT OF CONTROL ON CARRIAGEWAY (ON STRAIGHT),3,665753,Not at intersection,3,60,Arterial Other,DONCASTER,BOROONDARA,-37.794617,145.08397,2020,8,August,19,Night,Weekday
T20200014813,2020-08-05,17:30:00,1,Collision with vehicle,3,Wednesday,130,REAR END(VEHICLES IN SAME LANE),2,666025,Not at intersection,2,60,Local Road,ORMOND,CASEY,-38.047695,145.26549,2020,8,August,17,Afternoon Peak,Weekday
T20200014811,2020-08-05,15:30:00,4,Collision with a fixed object,3,Wednesday,173,RIGHT OFF CARRIAGEWAY INTO OBJECT/PARKED VEHICLE,1,698873,Not at intersection,2,100,Local Road,STEWARTS BRIDGE,MOIRA,-36.05339,145.00937,2020,8,August,15,Afternoon Peak,Weekday
T20200014809,2020-08-05,14:30:00,1,Collision with vehicle,3,Wednesday,160,VEHICLE COLLIDES WITH VEHICLE PARKED ON LEFT OF ROAD,1,360414,Not at intersection,3,80,Arterial Other,MAHONEYS,HUME,-37.690285,144.96437,2020,8,August,14,Midday,Weekday
T20200014805,2020-08-05,14:10:00,1,Collision with vehicle,3,Wednesday,116,LEFT NEAR (INTERSECTIONS ONLY),1,29829,T intersection,2,100,Arterial Highway,SOUTH GIPPSLAND,CARDINIA,-38.21166,145.46841,2020,8,August,14,Midday,Weekday
T20200014801,2020-08-05,14:05:00,1,Collision with vehicle,3,Wednesday,130,REAR END(VEHICLES IN SAME LANE),1,660811,Not at intersection,3,60,Arterial Other,BURNLEY,YARRA,-37.820576,145.0081,2020,8,August,14,Midday,Weekday
T20200014799,2020-08-05,12:20:00,8,No collision and no object struck,3,Wednesday,149,OTHER MANOEUVRING NOT INCLUDED IN DCAs 140-148,1,38924,Cross intersection,3,60,Arterial Other,COTHAM,BOROONDARA,-37.807552,145.03674,2020,8,August,12,Midday,Weekday
T20200014797,2020-08-05,12:35:00,1,Collision with vehicle,3,Wednesday,113,RIGHT NEAR (INTERSECTIONS ONLY),1,308748,T intersection,3,50,Local Road,COBURNS,MELTON,-37.656178,144.57367,2020,8,August,12,Midday,Weekday
T20200014875,2020-08-05,17:10:00,1,Collision with vehicle,3,Wednesday,113,RIGHT NEAR (INTERSECTIONS ONLY),2,35303,T intersection,3,60,Arterial Other,DORSET,MAROONDAH,-37.78787,145.29222,2020,8,August,17,Afternoon Peak,Weekday
T20200014771,2020-08-05,01:25:00,1,Collision with vehicle,3,Wednesday,160,VEHICLE COLLIDES WITH VEHICLE PARKED ON LEFT OF ROAD,3,663416,Not at intersection,2,60,Local Road,MORRIS,WYNDHAM,-37.856293,144.70528,2020,8,August,1,Late Night,Weekday
T20200014780,2020-08-05,07:15:00,1,Collision with vehicle,3,Wednesday,169,OTHER ON PATH,2,664094,Not at intersection,2,50,Local Road,GRANDE BELMOND,CASEY,-38.129963,145.3219,2020,8,August,7,Morning Peak,Weekday
T20200014839,2020-08-06,11:30:00,1,Collision with vehicle,4,Thursday,110,CROSS TRAFFIC(INTERSECTIONS ONLY),1,44480,Cross intersection,2,50,Local Road,MALOP,GEELONG,-38.149414,144.36824,2020,8,August,11,Midday,Weekday
T20200014838,2020-08-06,11:00:00,1,Collision with vehicle,4,Thursday,169,OTHER ON PATH,1,666803,Not at intersection,3,50,Arterial Other,MOUNT DANDENONG TOURIST,YARRA RANGES,-37.856026,145.36417,2020,8,August,11,Midday,Weekday
T20200014860,2020-08-06,19:05:00,2,Struck Pedestrian,4,Thursday,102,FAR SIDE. PED HIT BY VEHICLE FROM THE LEFT,3,661408,Not at intersection,2,60,Arterial Highway,PLENTY VALLEY,DAREBIN,-37.724667,145.02693,2020,8,August,19,Night,Weekday
T20200014833,2020-08-06,10:15:00,1,Collision with vehicle,4,Thursday,131,LEFT REAR,1,1178,T intersection,3,60,Arterial Other,PRINCES,CARDINIA,-38.07081,145.49286,2020,8,August,10,Midday,Weekday
T20200014938,2020-08-06,14:15:00,1,Collision with vehicle,4,Thursday,145,REVERSING IN STREAM OF TRAFFIC,1,666100,Not at intersection,3,60,Local Road,CHESTERVILLE,GLEN EIRA,-37.936016,145.06143,2020,8,August,14,Midday,Weekday
T20200014865,2020-08-06,05:55:00,1,Collision with vehicle,4,Thursday,134,LANE CHANGE RIGHT (NOT OVERTAKING),3,659418,Not at intersection,3,80,Arterial Highway,GEELONG,MARIBYRNONG,-37.81115,144.86942,2020,8,August,5,Morning Peak,Weekday
T20200016971,2020-08-06,11:15:00,1,Collision with vehicle,4,Thursday,130,REAR END(VEHICLES IN SAME LANE),1,72345,T intersection,3,90,Arterial Other,KOO WEE RUP,CARDINIA,-38.168568,145.48228,2020,8,August,11,Midday,Weekday
T20200015275,2020-08-06,17:44:00,1,Collision with vehicle,4,Thursday,130,REAR END(VEHICLES IN SAME LANE),3,49274,Cross intersection,3,60,Arterial Other,HOWITT STREET -LEARMONTH,BALLARAT,-37.53891,143.8223,2020,8,August,17,Afternoon Peak,Weekday
T20200014863,2020-08-06,22:38:00,4,Collision with a fixed object,4,Thursday,173,RIGHT OFF CARRIAGEWAY INTO OBJECT/PARKED VEHICLE,6,666592,Not at intersection,3,60,Local Road,BRIDGEWATER,KNOX,-37.918606,145.24153,2020,8,August,22,Night,Weekday
T20200015464,2020-08-06,07:30:00,1,Collision with vehicle,4,Thursday,121,RIGHT THROUGH,1,42147,T intersection,3,60,Arterial Other,BAY,BAYSIDE,-37.954823,145.0296,2020,8,August,7,Morning Peak,Weekday
T20200016008,2020-08-06,15:30:00,1,Collision with vehicle,4,Thursday,130,REAR END(VEHICLES IN SAME LANE),1,661328,Not at intersection,3,60,Arterial Other,SUNBURY,HUME,-37.580193,144.72545,2020,8,August,15,Afternoon Peak,Weekday
T20200016517,2020-08-06,15:00:00,4,Collision with a fixed object,4,Thursday,181,OFF RIGHT BEND INTO OBJECT/PARKED VEHICLE,1,118336,Not at intersection,3,70,Local Road,BAILEY,CARDINIA,-37.93659,145.47577,2020,8,August,15,Afternoon Peak,Weekday
T20200014834,2020-08-06,10:59:00,1,Collision with vehicle,4,Thursday,130,REAR END(VEHICLES IN SAME LANE),1,659627,Not at intersection,2,80,Freeway,PRINCES,CASEY,-38.067993,145.37952,2020,8,August,10,Midday,Weekday
T20200015261,2020-08-06,14:27:00,1,Collision with vehicle,4,Thursday,132,RIGHT REAR.,1,660143,T intersection,3,60,Arterial Highway,PHILLIP ISLAND,BASS COAST,-38.52084,145.37541,2020,8,August,14,Midday,Weekday
T20200014856,2020-08-06,15:50:00,2,Struck Pedestrian,4,Thursday,101,PED EMERGES FROM IN FRONT OF PARKED OR STATIONARY VEHICLE,1,666213,Not at intersection,3,50,Local Road,MAURICE,EAST GIPPSLAND,-37.558147,149.7571,2020,8,August,15,Afternoon Peak,Weekday
T20200014855,2020-08-06,15:43:00,1,Collision with vehicle,4,Thursday,116,LEFT NEAR (INTERSECTIONS ONLY),1,42608,T intersection,2,80,Arterial Highway,WELLINGTON,MONASH,-37.923126,145.19548,2020,8,August,15,Afternoon Peak,Weekday
T20200014890,2020-08-07,13:45:00,4,Collision with a fixed object,5,Friday,181,OFF RIGHT BEND INTO OBJECT/PARKED VEHICLE,1,660457,Not at intersection,3,100,Arterial Highway,GLENELG,GOLDEN PLAINS,-37.6859,143.54218,2020,8,August,13,Midday,Weekday
T20200015566,2020-08-07,15:45:00,1,Collision with vehicle,5,Friday,130,REAR END(VEHICLES IN SAME LANE),1,660645,Cross intersection,3,60,Arterial Other,BARWON HEADS,GEELONG,-38.175266,144.35245,2020,8,August,15,Afternoon Peak,Weekday
T20200014918,2020-08-07,14:08:00,1,Collision with vehicle,5,Friday,163,VEHICLE STRIKES DOOR OF PARKED/STATIONARY VEHICLE,1,37706,T intersection,3,40,Local Road,CHAPEL,STONNINGTON,-37.852406,144.99327,2020,8,August,14,Midday,Weekday
T20200015646,2020-08-07,18:59:00,1,Collision with vehicle,5,Friday,111,RIGHT FAR (INTERSECTIONS ONLY),3,665636,T intersection,3,60,Arterial Other,MCINTYRE,BRIMBANK,-37.76459,144.83105,2020,8,August,18,Afternoon Peak,Weekday
T20200014892,2020-08-07,14:45:00,1,Collision with vehicle,5,Friday,130,REAR END(VEHICLES IN SAME LANE),1,666837,Cross intersection,3,60,Arterial Highway,FOOTSCRAY,MELBOURNE,-37.809616,144.93619,2020,8,August,14,Midday,Weekday
T20200014929,2020-08-07,20:50:00,8,No collision and no object struck,5,Friday,180,OFF CARRIAGEWAY ON RIGHT BEND,5,662956,Not at intersection,2,80,Local Road,POINT HENRY,GEELONG,-38.14878,144.4304,2020,8,August,20,Night,Weekday
T20200014910,2020-08-07,23:00:00,2,Struck Pedestrian,5,Friday,100,PED NEAR SIDE. PED HIT BY VEHICLE FROM THE RIGHT.,3,660642,T intersection,2,60,Arterial Other,FRANKSTON-FLINDERS,MORNINGTON PENINSULA,-38.373802,145.12689,2020,8,August,23,Night,Weekday
T20200014870,2020-08-07,06:20:00,8,No collision and no object struck,5,Friday,172,OFF CARRIAGEWAY TO RIGHT,3,665892,Not at intersection,2,50,Local Road,LYNDHURST,CASEY,-38.0732,145.24615,2020,8,August,6,Morning Peak,Weekday
T20200015269,2020-08-07,18:00:00,1,Collision with vehicle,5,Friday,113,RIGHT NEAR (INTERSECTIONS ONLY),2,37281,T intersection,3,60,Local Road,TARNEIT,WYNDHAM,-37.88107,144.66351,2020,8,August,18,Afternoon Peak,Weekday
T20200019830,2020-08-07,18:10:00,2,Struck Pedestrian,5,Friday,104,PED WALKING WITH TRAFFIC,9,667162,Not at intersection,3,60,Arterial Highway,HIGH,BENDIGO,-36.77323,144.25777,2020,8,August,18,Afternoon Peak,Weekday
T20200014873,2020-08-07,08:00:00,1,Collision with vehicle,5,Friday,110,CROSS TRAFFIC(INTERSECTIONS ONLY),1,35832,Cross intersection,3,80,Arterial Highway,MIDLAND,BALLARAT,-37.512737,143.84656,2020,8,August,8,Morning Peak,Weekday
T20200015236,2020-08-07,09:00:00,1,Collision with vehicle,5,Friday,135,LANE CHANGE LEFT (NOT OVERTAKING),1,668450,Not at intersection,3,80,Freeway,MONASH,MONASH,-37.925262,145.17955,2020,8,August,9,Morning Peak,Weekday
T20200014903,2020-08-07,18:55:00,4,Collision with a fixed object,5,Friday,173,RIGHT OFF CARRIAGEWAY INTO OBJECT/PARKED VEHICLE,3,665752,Not at intersection,3,60,Local Road,ELEVENTH,MILDURA,-34.20437,142.17511,2020,8,August,18,Afternoon Peak,Weekday
T20200014887,2020-08-07,12:33:00,1,Collision with vehicle,5,Friday,113,RIGHT NEAR (INTERSECTIONS ONLY),1,340552,T intersection,3,80,Freeway,HOPETOUN PARK,MOORABOOL,-37.68773,144.50232,2020,8,August,12,Midday,Weekday
T20200014886,2020-08-07,09:39:00,8,No collision and no object struck,5,Friday,174,OUT OF CONTROL ON CARRIAGEWAY (ON STRAIGHT),1,41418,Cross intersection,2,70,Arterial Highway,NORTH,GLEN EIRA,-37.905647,145.05394,2020,8,August,9,Morning Peak,Weekday
T20200014906,2020-08-07,21:01:00,1,Collision with vehicle,5,Friday,110,CROSS TRAFFIC(INTERSECTIONS ONLY),3,49914,Cross intersection,2,60,Arterial Highway,ABERDEEN,GEELONG,-38.14538,144.33546,2020,8,August,21,Night,Weekday
T20200014877,2020-08-07,10:55:00,1,Collision with vehicle,5,Friday,110,CROSS TRAFFIC(INTERSECTIONS ONLY),1,309825,Cross intersection,3,50,Local Road,FOLEYS,BRIMBANK,-37.781982,144.76154,2020,8,August,10,Midday,Weekday
T20200014907,2020-08-07,19:00:00,2,Struck Pedestrian,5,Friday,100,PED NEAR SIDE. PED HIT BY VEHICLE FROM THE RIGHT.,3,729359,Not at intersection,2,60,Local Road,DOVETON,BALLARAT,-37.55072,143.85683,2020,8,August,19,Night,Weekday
T20200014871,2020-08-07,07:40:00,1,Collision with vehicle,5,Friday,110,CROSS TRAFFIC(INTERSECTIONS ONLY),1,57670,Cross intersection,2,60,Arterial Highway,MANIFOLD,CORANGAMITE,-38.22938,143.14163,2020,8,August,7,Morning Peak,Weekday
T20200014904,2020-08-07,18:10:00,1,Collision with vehicle,5,Friday,150,HEAD ON(OVERTAKING),5,665027,Not at intersection,2,70,Arterial Other,CLYDE-FIVE WAYS,CASEY,-38.12426,145.32608,2020,8,August,18,Afternoon Peak,Weekday
T20200014893,2020-08-07,10:20:00,1,Collision with vehicle,5,Friday,112,LEFT FAR (INTERSECTIONS ONLY),1,20490,T intersection,3,100,Local Road,ELMORE-BARNADOWN,BENDIGO,-36.646458,144.54045,2020,8,August,10,Midday,Weekday
T20200014933,2020-08-07,19:40:00,1,Collision with vehicle,5,Friday,116,LEFT NEAR (INTERSECTIONS ONLY),9,320527,T intersection,2,60,Local Road,LINSELL,CASEY,-38.101276,145.31123,2020,8,August,19,Night,Weekday
T20200014930,2020-08-08,07:35:00,1,Collision with vehicle,6,Saturday,132,RIGHT REAR.,1,659488,Not at intersection,3,60,Local Road,KILMORE,MACEDON RANGES,-37.47824,144.61182,2020,8,August,7,Morning Peak,Weekend
T20200014925,2020-08-08,10:03:00,1,Collision with vehicle,6,Saturday,132,RIGHT REAR.,1,221987,Cross intersection,3,80,Freeway,HUME OUT-COOPER,WHITTLESEA,-37.64825,144.98973,2020,8,August,10,Midday,Weekend
T20200015154,2020-08-08,11:40:00,8,No collision and no object struck,6,Saturday,174,OUT OF CONTROL ON CARRIAGEWAY (ON STRAIGHT),1,659947,Not at intersection,3,60,Arterial Other,COTHAM,BOROONDARA,-37.80734,145.03488,2020,8,August,11,Midday,Weekend
T20200014931,2020-08-08,14:07:00,1,Collision with vehicle,6,Saturday,116,LEFT NEAR (INTERSECTIONS ONLY),1,15138,Cross intersection,3,60,Local Road,LITTLE BRIDGE,BALLARAT,-37.563347,143.86371,2020,8,August,14,Midday,Weekend
T20200014923,2020-08-08,11:30:00,4,Collision with a fixed object,6,Saturday,183,OFF LEFT BEND INTO OBJECT/PARKED VEHICLE,1,662616,Not at intersection,3,60,Freeway,PRINCES IN-JOHN FIELD,LATROBE,-38.192894,146.28403,2020,8,August,11,Midday,Weekend
T20200015115,2020-08-08,20:00:00,1,Collision with vehicle,6,Saturday,131,LEFT REAR,6,43159,T intersection,3,40,Local Road,CASTLECRAG,CASEY,-37.97301,145.26341,2020,8,August,20,Night,Weekend
T20200014937,2020-08-08,13:40:00,2,Struck Pedestrian,6,Saturday,105,PED WALKING AGAINST TRAFFIC.,1,659446,Not at intersection,1,60,Local Road,MYER,EAST GIPPSLAND,-37.868122,147.99634,2020,8,August,13,Midday,Weekend
T20200014941,2020-08-08,19:50:00,4,Collision with a fixed object,6,Saturday,171,LEFT OFF CARRIAGEWAY INTO OBJECT/PARKED VEHICLE,5,666873,Not at intersection,3,80,Local Road,EDWARD,YARRA RANGES,-37.732796,145.32101,2020,8,August,19,Night,Weekend
T20200014926,2020-08-08,11:15:00,4,Collision with a fixed object,6,Saturday,183,OFF LEFT BEND INTO OBJECT/PARKED VEHICLE,1,659860,Not at intersection,3,60,Local Road,ROCKBANK MIDDLE,MELTON,-37.746433,144.74332,2020,8,August,11,Midday,Weekend