ACCIDENT_NO,ACCIDENT_DATE,ACCIDENT_TIME,ACCIDENT_TYPE,ACCIDENT_TYPE_DESC,DAY_OF_WEEK,DAY_WEEK_DESC,DCA_CODE,DCA_DESC,LIGHT_CONDITION,NODE_ID,ROAD_GEOMETRY_DESC,SEVERITY,SPEED_ZONE,RMA,ROAD_NAME,LGA_NAME,LATITUDE,LONGITUDE,YEAR,MONTH,MONTH_NAME,HOUR,TIME_PERIOD,DAY_TYPE
T20200014953,2020-08-08,15:30:00,4,Collision with a fixed object,6,Saturday,181,OFF RIGHT BEND INTO OBJECT/PARKED VEHICLE,1,659861,Not at intersection,3,100,Arterial Other,HEIDELBERG-KINGLAKE,NILLUMBIK,-37.541336,145.339,2020,8,August,15,Afternoon Peak,Weekend
T20200014943,2020-08-08,20:00:00,1,Collision with vehicle,6,Saturday,113,RIGHT NEAR (INTERSECTIONS ONLY),3,660218,T intersection,3,80,Arterial Other,MICKLEHAM,HUME,-37.63997,144.88094,2020,8,August,20,Night,Weekend
T20200014934,2020-08-08,16:36:00,1,Collision with vehicle,6,Saturday,148,VEHICLE OFF FOOTPATH STRIKES VEH ON CARRIAGEWAY,1,670959,T intersection,2,50,Local Road,DOROTHY,GEELONG,-38.186474,144.46924,2020,8,August,16,Afternoon Peak,Weekend
T20200014966,2020-08-09,18:15:00,1,Collision with vehicle,7,Sunday,121,RIGHT THROUGH,3,44469,Cross intersection,3,60,Arterial Other,FYANS,GEELONG,-38.1617,144.35411,2020,8,August,18,Afternoon Peak,Weekend
T20200015089,2020-08-09,19:30:00,1,Collision with vehicle,7,Sunday,133,LANE SIDE SWIPE (VEHICLES IN PARALLEL LANES),3,665373,Not at intersection,2,100,Freeway,FRANKSTON,FRANKSTON,-38.091763,145.15143,2020,8,August,19,Night,Weekend
T20200014955,2020-08-09,11:35:00,1,Collision with vehicle,7,Sunday,160,VEHICLE COLLIDES WITH VEHICLE PARKED ON LEFT OF ROAD,1,660555,Not at intersection,3,50,Local Road,HELSTON,BOROONDARA,-37.785606,145.09401,2020,8,August,11,Midday,Weekend
T20200014968,2020-08-09,16:32:00,1,Collision with vehicle,7,Sunday,160,VEHICLE COLLIDES WITH VEHICLE PARKED ON LEFT OF ROAD,1,665430,Not at intersection,2,40,Arterial Other,SYDNEY,MORELAND,-37.773113,144.96109,2020,8,August,16,Afternoon Peak,Weekend
T20200014964,2020-08-09,14:50:00,4,Collision with a fixed object,7,Sunday,175,OFF END OF ROAD/T-INTERSECTION.,1,43712,T intersection,2,100,Arterial Other,LANCEFIELD,HUME,-37.579304,144.7602,2020,8,August,14,Midday,Weekend
T20200014958,2020-08-09,12:30:00,1,Collision with vehicle,7,Sunday,121,RIGHT THROUGH,1,748370,Not at intersection,2,60,Arterial Other,GRUBB,GEELONG,-38.225204,144.54205,2020,8,August,12,Midday,Weekend
T20200015320,2020-08-09,19:05:00,1,Collision with vehicle,7,Sunday,120,HEAD ON (NOT OVERTAKING),5,660298,Not at intersection,2,100,Local Road,PEARSONS,WELLINGTON,-38.651085,146.56296,2020,8,August,19,Night,Weekend
T20200016020,2020-08-10,17:45:00,1,Collision with vehicle,1,Monday,111,RIGHT FAR (INTERSECTIONS ONLY),2,729918,T intersection,3,100,Arterial Other,GARRETTS,WELLINGTON,-38.21688,147.13501,2020,8,August,17,Afternoon Peak,Weekday
T20200014986,2020-08-10,08:31:00,1,Collision with vehicle,1,Monday,160,VEHICLE COLLIDES WITH VEHICLE PARKED ON LEFT OF ROAD,1,659862,Not at intersection,2,50,Local Road,SWIFT,DANDENONG,-38.03426,145.20653,2020,8,August,8,Morning Peak,Weekday
T20200016050,2020-08-10,16:30:00,1,Collision with vehicle,1,Monday,116,LEFT NEAR (INTERSECTIONS ONLY),9,255677,T intersection,3,60,Arterial Highway,WELLINGTON,MONASH,-37.91792,145.15419,2020,8,August,16,Afternoon Peak,Weekday
T20200014987,2020-08-10,07:14:00,1,Collision with vehicle,1,Monday,120,HEAD ON (NOT OVERTAKING),1,663678,Not at intersection,3,70,Local Road,PILLARS,DANDENONG,-38.032825,145.178,2020,8,August,7,Morning Peak,Weekday
T20200014988,2020-08-10,08:02:00,1,Collision with vehicle,1,Monday,130,REAR END(VEHICLES IN SAME LANE),1,675436,Not at intersection,2,60,Arterial Other,WHITEHORSE,BALLARAT,-37.603176,143.8673,2020,8,August,8,Morning Peak,Weekday
T20200014979,2020-08-10,06:40:00,1,Collision with vehicle,1,Monday,121,RIGHT THROUGH,1,36948,Cross intersection,3,60,Arterial Other,EDGARS,WHITTLESEA,-37.664314,145.00526,2020,8,August,6,Morning Peak,Weekday
T20200014985,2020-08-10,07:15:00,1,Collision with vehicle,1,Monday,121,RIGHT THROUGH,2,659629,T intersection,3,50,Local Road,ODONNELL,ALPINE,-36.553455,146.72726,2020,8,August,7,Morning Peak,Weekday
T20200014982,2020-08-10,08:35:00,2,Struck Pedestrian,1,Monday,100,PED NEAR SIDE. PED HIT BY VEHICLE FROM THE RIGHT.,1,35507,Cross intersection,2,60,Arterial Other,MALVERN,STONNINGTON,-37.8505,145.02144,2020,8,August,8,Morning Peak,Weekday
T20200015589,2020-08-10,05:30:00,3,Struck animal,1,Monday,167,STRUCK ANIMAL,2,660646,Not at intersection,3,80,Arterial Other,YAN YEAN,NILLUMBIK,-37.622707,145.13522,2020,8,August,5,Morning Peak,Weekday
T20200014981,2020-08-10,08:19:00,1,Collision with vehicle,1,Monday,110,CROSS TRAFFIC(INTERSECTIONS ONLY),1,228894,Cross intersection,3,60,Arterial Highway,DEAKIN,MILDURA,-34.189587,142.15742,2020,8,August,8,Morning Peak,Weekday
T20200014978,2020-08-10,07:40:00,1,Collision with vehicle,1,Monday,110,CROSS TRAFFIC(INTERSECTIONS ONLY),1,47054,Cross intersection,2,60,Local Road,KANGAROO,GLEN EIRA,-37.89846,145.07602,2020,8,August,7,Morning Peak,Weekday
T20200014992,2020-08-10,11:50:00,1,Collision with vehicle,1,Monday,116,LEFT NEAR (INTERSECTIONS ONLY),1,55972,T intersection,3,60,Local Road,CHESSY PARK,MACEDON RANGES,-37.46416,144.59642,2020,8,August,11,Midday,Weekday
T20200015035,2020-08-10,08:25:00,1,Collision with vehicle,1,Monday,169,OTHER ON PATH,1,660140,Not at intersection,3,50,Local Road,HUGHES,DANDENONG,-37.96747,145.20906,2020,8,August,8,Morning Peak,Weekday
T20200014998,2020-08-10,10:19:00,1,Collision with vehicle,1,Monday,130,REAR END(VEHICLES IN SAME LANE),1,52917,Cross intersection,3,60,Arterial Other,DRUMMOND,BALLARAT,-37.567112,143.84628,2020,8,August,10,Midday,Weekday
T20200014999,2020-08-10,12:02:00,1,Collision with vehicle,1,Monday,120,HEAD ON (NOT OVERTAKING),1,661164,Not at intersection,3,60,Arterial Other,YARRA,MANNINGHAM,-37.74581,145.21063,2020,8,August,12,Midday,Weekday
T20200015033,2020-08-10,22:30:00,6,Vehicle overturned (no collision),1,Monday,170,OFF CARRIAGEWAY TO LEFT,3,662087,Not at intersection,3,50,Local Road,SOUTH,MARIBYRNONG,-37.79241,144.85977,2020,8,August,22,Night,Weekday
T20200015494,2020-08-10,16:30:00,1,Collision with vehicle,1,Monday,130,REAR END(VEHICLES IN SAME LANE),1,660471,Not at intersection,3,80,Freeway,PRINCES,CARDINIA,-38.069588,145.57645,2020,8,August,16,Afternoon Peak,Weekday
T20200014977,2020-08-10,07:15:00,1,Collision with vehicle,1,Monday,163,VEHICLE STRIKES DOOR OF PARKED/STATIONARY VEHICLE,1,663962,Not at intersection,3,60,Local Road,DERBY,MORELAND,-37.7238,144.94713,2020,8,August,7,Morning Peak,Weekday
T20200015003,2020-08-10,12:16:00,4,Collision with a fixed object,1,Monday,173,RIGHT OFF CARRIAGEWAY INTO OBJECT/PARKED VEHICLE,1,661782,Not at intersection,2,100,Freeway,WESTERN,MELTON,-37.734894,144.67168,2020,8,August,12,Midday,Weekday
T20200015039,2020-08-10,13:50:00,8,No collision and no object struck,1,Monday,174,OUT OF CONTROL ON CARRIAGEWAY (ON STRAIGHT),1,660141,T intersection,2,50,Local Road,ASHFORD,MANNINGHAM,-37.763687,145.12025,2020,8,August,13,Midday,Weekday
T20200015006,2020-08-10,14:45:00,1,Collision with vehicle,1,Monday,121,RIGHT THROUGH,1,8759,Cross intersection,2,60,Arterial Highway,SOUTH GIPPSLAND,CASEY,-38.113068,145.28278,2020,8,August,14,Midday,Weekday
T20200015007,2020-08-10,15:26:00,1,Collision with vehicle,1,Monday,135,LANE CHANGE LEFT (NOT OVERTAKING),1,659632,Not at intersection,3,60,Arterial Other,PASCOE VALE,MOONEE VALLEY,-37.747925,144.9251,2020,8,August,15,Afternoon Peak,Weekday
T20200015008,2020-08-10,15:20:00,1,Collision with vehicle,1,Monday,110,CROSS TRAFFIC(INTERSECTIONS ONLY),1,46782,Cross intersection,3,60,Arterial Other,ARTHURS SEAT,MORNINGTON PENINSULA,-38.342003,144.96002,2020,8,August,15,Afternoon Peak,Weekday
T20200015031,2020-08-10,20:30:00,4,Collision with a fixed object,1,Monday,171,LEFT OFF CARRIAGEWAY INTO OBJECT/PARKED VEHICLE,5,673304,Not at intersection,2,100,Arterial Highway,SUNRAYSIA,PYRENEES,-37.33617,143.60391,2020,8,August,20,Night,Weekday
T20200015028,2020-08-10,16:00:00,2,Struck Pedestrian,1,Monday,106,VEH STRIKES PED ON FOOTPATH/MEDIAN/TRAFFIC ISLAND.,1,780616,Not at intersection,3,50,Local Road,CAROLINE SPRINGS,MELTON,-37.73121,144.74158,2020,8,August,16,Afternoon Peak,Weekday
T20200015015,2020-08-10,16:37:00,7,Fall from or in moving vehicle,1,Monday,190,FELL IN/FROM VEHICLE,1,660719,T intersection,3,70,Arterial Highway,PUNT,MELBOURNE,-37.823315,144.98906,2020,8,August,16,Afternoon Peak,Weekday
T20200015016,2020-08-10,16:02:00,1,Collision with vehicle,1,Monday,154,PULLING OUT -REAR END,1,67607,T intersection,2,60,Local Road,ALBERT,KNOX,-37.85977,145.29372,2020,8,August,16,Afternoon Peak,Weekday
T20200015024,2020-08-10,16:20:00,2,Struck Pedestrian,1,Monday,100,PED NEAR SIDE. PED HIT BY VEHICLE FROM THE RIGHT.,1,35664,Cross intersection,3,60,Arterial Other,PLENTY,DAREBIN,-37.74107,145.00975,2020,8,August,16,Afternoon Peak,Weekday
T20200015020,2020-08-10,15:21:00,1,Collision with vehicle,1,Monday,119,OTHER ADJACENT (INTERSECTIONS ONLY),1,663963,T intersection,3,60,Local Road,LUCKNOW,WHITEHORSE,-37.82441,145.19423,2020,8,August,15,Afternoon Peak,Weekday
T20200015021,2020-08-10,12:50:00,1,Collision with vehicle,1,Monday,121,RIGHT THROUGH,1,663417,Not at intersection,3,60,Arterial Other,ASHLEY,MARIBYRNONG,-37.79434,144.86295,2020,8,August,12,Midday,Weekday
T20200015037,2020-08-11,00:05:00,6,Vehicle overturned (no collision),2,Tuesday,184,OUT OF CONTROL ON CARRIAGEWAY (ON BEND),5,773291,Not at intersection,2,100,Arterial Other,MOUNT DANDENONG TOURIST,YARRA RANGES,-37.84367,145.35945,2020,8,August,0,Late Night,Weekday
T20200015064,2020-08-11,13:20:00,1,Collision with vehicle,2,Tuesday,131,LEFT REAR,1,678954,T intersection,3,70,Arterial Other,MAHONEYS,DAREBIN,-37.692898,144.99101,2020,8,August,13,Midday,Weekday
T20200015087,2020-08-11,05:50:00,1,Collision with vehicle,2,Tuesday,110,CROSS TRAFFIC(INTERSECTIONS ONLY),2,770921,Cross intersection,3,60,Local Road,SAYERS,WYNDHAM,-37.848434,144.68802,2020,8,August,5,Morning Peak,Weekday
T20200015048,2020-08-11,12:30:00,1,Collision with vehicle,2,Tuesday,160,VEHICLE COLLIDES WITH VEHICLE PARKED ON LEFT OF ROAD,1,665733,Not at intersection,3,50,Arterial Other,RHODES,MORELAND,-37.71582,144.93008,2020,8,August,12,Midday,Weekday
T20200015046,2020-08-11,13:30:00,2,Struck Pedestrian,2,Tuesday,102,FAR SIDE. PED HIT BY VEHICLE FROM THE LEFT,9,44446,Cross intersection,3,50,Local Road,BOLDREWOOD,DAREBIN,-37.715084,145.02211,2020,8,August,13,Midday,Weekday
T20200015051,2020-08-11,09:45:00,1,Collision with vehicle,2,Tuesday,132,RIGHT REAR.,1,40169,Cross intersection,3,60,Arterial Other,HOTHAM,GLEN EIRA,-37.87367,144.99863,2020,8,August,9,Morning Peak,Weekday
T20200015067,2020-08-11,18:00:00,4,Collision with a fixed object,2,Tuesday,171,LEFT OFF CARRIAGEWAY INTO OBJECT/PARKED VEHICLE,3,44492,Cross intersection,3,60,Arterial Highway,ALBERT,DAREBIN,-37.732277,145.02496,2020,8,August,18,Afternoon Peak,Weekday
T20200015071,2020-08-11,16:47:00,4,Collision with a fixed object,2,Tuesday,173,RIGHT OFF CARRIAGEWAY INTO OBJECT/PARKED VEHICLE,1,662465,Not at intersection,3,80,Freeway,WESTERN RING OUT-CALDER IN,MOONEE VALLEY,-37.72797,144.86433,2020,8,August,16,Afternoon Peak,Weekday
T20200015055,2020-08-11,14:45:00,1,Collision with vehicle,2,Tuesday,130,REAR END(VEHICLES IN SAME LANE),1,663501,Not at intersection,3,100,Local Road,YARRARABULA CREEK,ALPINE,-36.717743,146.66714,2020,8,August,14,Midday,Weekday
T20200015073,2020-08-11,20:00:00,8,No collision and no object struck,2,Tuesday,174,OUT OF CONTROL ON CARRIAGEWAY (ON STRAIGHT),3,659941,Not at intersection,2,60,Arterial Other,HAWTHORN,GLEN EIRA,-37.873646,145.02452,2020,8,August,20,Night,Weekday
T20200015044,2020-08-11,10:17:00,1,Collision with vehicle,2,Tuesday,121,RIGHT THROUGH,1,277083,T intersection,2,80,Arterial Other,KELLETTS,KNOX,-37.925026,145.28543,2020,8,August,10,Midday,Weekday
T20200015058,2020-08-11,15:55:00,1,Collision with vehicle,2,Tuesday,130,REAR END(VEHICLES IN SAME LANE),1,662152,Not at intersection,2,80,Arterial Other,CLYDE,CASEY,-38.04813,145.34071,2020,8,August,15,Afternoon Peak,Weekday
T20200015787,2020-08-11,18:15:00,1,Collision with vehicle,2,Tuesday,113,RIGHT NEAR (INTERSECTIONS ONLY),3,42553,T intersection,3,60,Arterial Highway,BELL,MORELAND,-37.73983,144.95157,2020,8,August,18,Afternoon Peak,Weekday
T20200015060,2020-08-11,11:30:00,8,No collision and no object struck,2,Tuesday,174,OUT OF CONTROL ON CARRIAGEWAY (ON STRAIGHT),1,677103,Not at intersection,3,100,Local Road,WALKERS,MACEDON RANGES,-37.220753,144.6643,2020,8,August,11,Midday,Weekday
T20200015054,2020-08-11,14:00:00,1,Collision with vehicle,2,Tuesday,110,CROSS TRAFFIC(INTERSECTIONS ONLY),1,241387,Cross intersection,2,60,Local Road,GHAZEEPORE,GEELONG,-38.215145,144.30115,2020,8,August,14,Midday,Weekday
T20200015040,2020-08-11,07:30:00,8,No collision and no object struck,2,Tuesday,180,OFF CARRIAGEWAY ON RIGHT BEND,1,67107,T intersection,2,60,Local Road,MCKEAN,EAST GIPPSLAND,-37.817226,147.60883,2020,8,August,7,Morning Peak,Weekday
T20200015118,2020-08-11,21:15:00,4,Collision with a fixed object,2,Tuesday,171,LEFT OFF CARRIAGEWAY INTO OBJECT/PARKED VEHICLE,5,678667,Not at intersection,2,50,Local Road,MINTON,MITCHELL,-37.469257,144.97438,2020,8,August,21,Night,Weekday
T20200015076,2020-08-11,23:26:00,4,Collision with a fixed object,2,Tuesday,183,OFF LEFT BEND INTO OBJECT/PARKED VEHICLE,5,662153,Not at intersection,3,60,Local Road,QUARRY,LATROBE,-38.160217,146.38306,2020,8,August,23,Night,Weekday
T20200015057,2020-08-11,15:00:00,1,Collision with vehicle,2,Tuesday,133,LANE SIDE SWIPE (VEHICLES IN PARALLEL LANES),1,37250,T intersection,3,40,Arterial Other,VICTORIA,YARRA,-37.810825,145.0032,2020,8,August,15,Afternoon Peak,Weekday
T20200015195,2020-08-11,12:20:00,4,Collision with a fixed object,2,Tuesday,181,OFF RIGHT BEND INTO OBJECT/PARKED VEHICLE,1,780620,Not at intersection,3,100,Arterial Other,RUTHERGLEN-WAHGUNYAH,INDIGO,-36.039585,146.41556,2020,8,August,12,Midday,Weekday
T20200015038,2020-08-11,06:25:00,1,Collision with vehicle,2,Tuesday,133,LANE SIDE SWIPE (VEHICLES IN PARALLEL LANES),2,660095,Not at intersection,2,60,Arterial Highway,WURUNDJERI,MELBOURNE,-37.823067,144.94809,2020,8,August,6,Morning Peak,Weekday
T20200015074,2020-08-11,21:10:00,4,Collision with a fixed object,2,Tuesday,171,LEFT OFF CARRIAGEWAY INTO OBJECT/PARKED VEHICLE,3,663547,Not at intersection,2,70,Arterial Other,TAYLORS,BRIMBANK,-37.727867,144.7938,2020,8,August,21,Night,Weekday
T20200015120,2020-08-12,14:39:00,1,Collision with vehicle,3,Wednesday,132,RIGHT REAR.,1,663679,Not at intersection,2,80,Local Road,WORSLEY,DANDENONG,-38.04159,145.18658,2020,8,August,14,Midday,Weekday
T20200015121,2020-08-12,14:00:00,1,Collision with vehicle,3,Wednesday,121,RIGHT THROUGH,1,30033,Cross intersection,2,80,Arterial Other,COLLEGE,CASEY,-38.05,145.29831,2020,8,August,14,Midday,Weekday
T20200015123,2020-08-12,17:28:00,1,Collision with vehicle,3,Wednesday,147,VEHICLE STRIKES ANOTHER VEH WHILE EMERGING FROM DRIVEWAY,1,666101,Not at intersection,3,50,Local Road,COOPER,MOONEE VALLEY,-37.750034,144.89743,2020,8,August,17,Afternoon Peak,Weekday
T20200015124,2020-08-12,22:10:00,1,Collision with vehicle,3,Wednesday,110,CROSS TRAFFIC(INTERSECTIONS ONLY),4,29646,Cross intersection,2,60,Arterial Other,NEERIM,GLEN EIRA,-37.88727,145.04613,2020,8,August,22,Night,Weekday
T20200015450,2020-08-12,17:50:00,1,Collision with vehicle,3,Wednesday,133,LANE SIDE SWIPE (VEHICLES IN PARALLEL LANES),2,666593,T intersection,3,50,Arterial Highway,RACECOURSE,MELBOURNE,-37.78842,144.93297,2020,8,August,17,Afternoon Peak,Weekday
T20200015125,2020-08-12,14:30:00,4,Collision with a fixed object,3,Wednesday,175,OFF END OF ROAD/T-INTERSECTION.,1,749052,T intersection,2,50,Local Road,QUEENS,COLAC OTWAY,-38.33357,143.58406,2020,8,August,14,Midday,Weekday
T20200015133,2020-08-12,17:15:00,1,Collision with vehicle,3,Wednesday,130,REAR END(VEHICLES IN SAME LANE),1,671429,Not at intersection,3,60,Arterial Other,FELLMONGERS,GEELONG,-38.180176,144.38191,2020,8,August,17,Afternoon Peak,Weekday
T20200015134,2020-08-12,15:38:00,1,Collision with vehicle,3,Wednesday,130,REAR END(VEHICLES IN SAME LANE),1,52533,Cross intersection,3,80,Arterial Highway,FIFTEENTH,MILDURA,-34.219135,142.15121,2020,8,August,15,Afternoon Peak,Weekday
T20200015205,2020-08-12,06:30:00,1,Collision with vehicle,3,Wednesday,121,RIGHT THROUGH,2,45524,Cross intersection,2,40,Arterial Other,DERRIMUT ROAD -HOPKINS,MELTON,-37.80502,144.69594,2020,8,August,6,Morning Peak,Weekday
T20200015895,2020-08-12,07:24:00,1,Collision with vehicle,3,Wednesday,130,REAR END(VEHICLES IN SAME LANE),1,248700,Not at intersection,3,100,Freeway,SOUTH GIPPSLAND,CASEY,-38.0075,145.25137,2020,8,August,7,Morning Peak,Weekday
T20200015345,2020-08-12,17:45:00,1,Collision with vehicle,3,Wednesday,130,REAR END(VEHICLES IN SAME LANE),6,660300,Not at intersection,3,60,Arterial Other,HIGH,WHITTLESEA,-37.638042,145.0263,2020,8,August,17,Afternoon Peak,Weekday
T20200015079,2020-08-12,05:00:00,1,Collision with vehicle,3,Wednesday,160,VEHICLE COLLIDES WITH VEHICLE PARKED ON LEFT OF ROAD,2,660219,Not at intersection,3,60,Local Road,REMINGTON,DANDENONG,-38.030067,145.2303,2020,8,August,5,Morning Peak,Weekday
T20200015080,2020-08-12,05:30:00,4,Collision with a fixed object,3,Wednesday,173,RIGHT OFF CARRIAGEWAY INTO OBJECT/PARKED VEHICLE,5,659942,Not at intersection,2,100,Arterial Other,KORUMBURRA-WONTHAGGI,BASS COAST,-38.58641,145.61728,2020,8,August,5,Morning Peak,Weekday
T20200015082,2020-08-12,06:17:00,1,Collision with vehicle,3,Wednesday,132,RIGHT REAR.,3,660328,T intersection,2,80,Arterial Highway,SOUTH GIPPSLAND,DANDENONG,-38.029953,145.24417,2020,8,August,6,Morning Peak,Weekday
T20200015088,2020-08-12,09:50:00,2,Struck Pedestrian,3,Wednesday,102,FAR SIDE. PED HIT BY VEHICLE FROM THE LEFT,1,41249,Cross intersection,3,60,Arterial Other,GLEN EIRA,GLEN EIRA,-37.879154,145.01631,2020,8,August,9,Morning Peak,Weekday
T20200015103,2020-08-12,12:20:00,1,Collision with vehicle,3,Wednesday,147,VEHICLE STRIKES ANOTHER VEH WHILE EMERGING FROM DRIVEWAY,1,665191,Not at intersection,2,60,Arterial Highway,SYDNEY,MITCHELL,-37.28786,144.94933,2020,8,August,12,Midday,Weekday
T20200015104,2020-08-12,13:16:00,4,Collision with a fixed object,3,Wednesday,173,RIGHT OFF CARRIAGEWAY INTO OBJECT/PARKED VEHICLE,1,670163,Not at intersection,3,80,Arterial Other,HUME,HUME,-37.61497,144.9467,2020,8,August,13,Midday,Weekday
T20200015106,2020-08-12,10:45:00,4,Collision with a fixed object,3,Wednesday,175,OFF END OF ROAD/T-INTERSECTION.,1,35572,T intersection,3,60,Arterial Other,HAMPTON,BAYSIDE,-37.91844,145.00615,2020,8,August,10,Midday,Weekday
T20200015107,2020-08-12,15:15:00,1,Collision with vehicle,3,Wednesday,130,REAR END(VEHICLES IN SAME LANE),1,664652,Not at intersection,3,60,Arterial Other,EPPING,WHITTLESEA,-37.6299,145.02762,2020,8,August,15,Afternoon Peak,Weekday
T20200015109,2020-08-12,12:55:00,4,Collision with a fixed object,3,Wednesday,171,LEFT OFF CARRIAGEWAY INTO OBJECT/PARKED VEHICLE,1,665751,Not at intersection,3,80,Arterial Other,SOMERTON,HUME,-37.63399,144.8749,2020,8,August,12,Midday,Weekday
T20200015114,2020-08-12,14:05:00,1,Collision with vehicle,3,Wednesday,160,VEHICLE COLLIDES WITH VEHICLE PARKED ON LEFT OF ROAD,1,660097,Not at intersection,2,50,Local Road,FOGARTY,GEELONG,-38.19525,144.30685,2020,8,August,14,Midday,Weekday
T20200015116,2020-08-12,16:45:00,1,Collision with vehicle,3,Wednesday,110,CROSS TRAFFIC(INTERSECTIONS ONLY),1,60128,Cross intersection,3,50,Arterial Other,MAIN STREET -SEABY,NORTHERN GRAMPIANS,-37.058254,142.7726,2020,8,August,16,Afternoon Peak,Weekday
T20200015270,2020-08-13,19:30:00,1,Collision with vehicle,4,Thursday,130,REAR END(VEHICLES IN SAME LANE),2,39009,Cross intersection,3,60,Arterial Other,BURWOOD,BOROONDARA,-37.82418,145.04842,2020,8,August,19,Night,Weekday
T20200015218,2020-08-13,16:45:00,1,Collision with vehicle,4,Thursday,130,REAR END(VEHICLES IN SAME LANE),2,665348,Not at intersection,3,100,Freeway,WESTERN RING,BRIMBANK,-37.76829,144.81082,2020,8,August,16,Afternoon Peak,Weekday
T20200015137,2020-08-13,08:34:00,1,Collision with vehicle,4,Thursday,135,LANE CHANGE LEFT (NOT OVERTAKING),1,660385,Not at intersection,2,80,Freeway,METROPOLITAN RING,MORELAND,-37.691322,144.9677,2020,8,August,8,Morning Peak,Weekday
T20200015187,2020-08-13,16:00:00,8,No collision and no object struck,4,Thursday,174,OUT OF CONTROL ON CARRIAGEWAY (ON STRAIGHT),1,36618,T intersection,3,50,Local Road,NOONE,YARRA,-37.793133,144.98837,2020,8,August,16,Afternoon Peak,Weekday
T20200015156,2020-08-13,16:05:00,1,Collision with vehicle,4,Thursday,130,REAR END(VEHICLES IN SAME LANE),1,665350,Not at intersection,3,80,Freeway,PRINCES,CASEY,-38.038097,145.33049,2020,8,August,16,Afternoon Peak,Weekday
T20200015136,2020-08-13,09:00:00,4,Collision with a fixed object,4,Thursday,175,OFF END OF ROAD/T-INTERSECTION.,1,233303,T intersection,2,60,Local Road,AVERYS,BENDIGO,-36.71208,144.26485,2020,8,August,9,Morning Peak,Weekday
T20200015150,2020-08-13,13:32:00,1,Collision with vehicle,4,Thursday,113,RIGHT NEAR (INTERSECTIONS ONLY),1,729364,Cross intersection,3,50,Local Road,DAVID,BOROONDARA,-37.821487,145.09543,2020,8,August,13,Midday,Weekday
T20200015147,2020-08-13,12:45:00,1,Collision with vehicle,4,Thursday,120,HEAD ON (NOT OVERTAKING),1,71690,T intersection,2,60,Arterial Other,VINES,GEELONG,-38.11927,144.32857,2020,8,August,12,Midday,Weekday
T20200015135,2020-08-13,06:10:00,2,Struck Pedestrian,4,Thursday,108,PED STRUCK WALKING TO/FROM OR BOARDING/ALIGHTING VEHICLE.,5,663418,Not at intersection,2,80,Local Road,GREIGS,MELTON,-37.749065,144.58548,2020,8,August,6,Morning Peak,Weekday
T20200015128,2020-08-13,06:30:00,1,Collision with vehicle,4,Thursday,122,LEFT THROUGH,2,35449,Cross intersection,3,40,Arterial Highway,FOOTSCRAY,MELBOURNE,-37.807697,144.91617,2020,8,August,6,Morning Peak,Weekday
T20200020258,2020-08-13,09:00:00,1,Collision with vehicle,4,Thursday,113,RIGHT NEAR (INTERSECTIONS ONLY),1,41152,Cross intersection,3,60,Local Road,BENT,BAYSIDE,-37.888596,144.99617,2020,8,August,9,Morning Peak,Weekday
T20200015183,2020-08-13,20:30:00,1,Collision with vehicle,4,Thursday,120,HEAD ON (NOT OVERTAKING),3,669227,Not at intersection,3,60,Arterial Highway,ALBERT,BALLARAT,-37.602604,143.84088,2020,8,August,20,Night,Weekday
T20200015126,2020-08-13,05:34:00,4,Collision with a fixed object,4,Thursday,171,LEFT OFF CARRIAGEWAY INTO OBJECT/PARKED VEHICLE,3,659820,Not at intersection,1,60,Arterial Highway,GOULBURN VALLEY,SHEPPARTON,-36.36574,145.40208,2020,8,August,5,Morning Peak,Weekday
T20200015129,2020-08-13,09:00:00,8,No collision and no object struck,4,Thursday,174,OUT OF CONTROL ON CARRIAGEWAY (ON STRAIGHT),1,659944,Not at intersection,3,40,Arterial Other,RIVERSDALE,BOROONDARA,-37.833775,145.07756,2020,8,August,9,Morning Peak,Weekday
T20200016940,2020-08-13,11:15:00,1,Collision with vehicle,4,Thursday,130,REAR END(VEHICLES IN SAME LANE),1,52909,Cross intersection,3,60,Arterial Highway,DOVETON,BALLARAT,-37.565903,143.85402,2020,8,August,11,Midday,Weekday
T20200015158,2020-08-13,17:32:00,1,Collision with vehicle,4,Thursday,111,RIGHT FAR (INTERSECTIONS ONLY),2,773382,T intersection,3,100,Local Road,JACKSONS,BAW BAW,-38.034897,145.92279,2020,8,August,17,Afternoon Peak,Weekday
T20200015157,2020-08-13,17:45:00,2,Struck Pedestrian,4,Thursday,109,ANY MANOEUVRE INVOLVING PED NOT INCLUDED IN DCAs 100-108.,3,35999,T intersection,2,60,Local Road,LYGON,MELBOURNE,-37.785526,144.96953,2020,8,August,17,Afternoon Peak,Weekday
T20210000206,2020-08-13,13:30:00,4,Collision with a fixed object,4,Thursday,173,RIGHT OFF CARRIAGEWAY INTO OBJECT/PARKED VEHICLE,1,671946,Not at intersection,3,100,Freeway,CALDER,HUME,-37.616623,144.7119,2020,8,August,13,Midday,Weekday
T20200015170,2020-08-13,21:11:00,1,Collision with vehicle,4,Thursday,160,VEHICLE COLLIDES WITH VEHICLE PARKED ON LEFT OF ROAD,3,675305,Not at intersection,3,50,Local Road,RALPH,BRIMBANK,-37.79109,144.80017,2020,8,August,21,Night,Weekday
T20200015161,2020-08-13,14:38:00,1,Collision with vehicle,4,Thursday,112,LEFT FAR (INTERSECTIONS ONLY),1,664357,Cross intersection,2,100,Local Road,KILLEENS HILL,MURRINDINDI,-36.96816,145.55498,2020,8,August,14,Midday,Weekday