ACCIDENT_NO,ACCIDENT_DATE,ACCIDENT_TIME,ACCIDENT_TYPE,ACCIDENT_TYPE_DESC,DAY_OF_WEEK,DAY_WEEK_DESC,DCA_CODE,DCA_DESC,LIGHT_CONDITION,NODE_ID,ROAD_GEOMETRY_DESC,SEVERITY,SPEED_ZONE,RMA,ROAD_NAME,LGA_NAME,LATITUDE,LONGITUDE,YEAR,MONTH,MONTH_NAME,HOUR,TIME_PERIOD,DAY_TYPE
T20200015948,2020-08-14,19:40:00,2,Struck Pedestrian,5,Friday,102,FAR SIDE. PED HIT BY VEHICLE FROM THE LEFT,5,661172,Not at intersection,2,40,Local Road,WEBB,CASEY,-38.026543,145.30354,2020,8,August,19,Night,Weekday
T20200015717,2020-08-14,13:30:00,8,No collision and no object struck,5,Friday,174,OUT OF CONTROL ON CARRIAGEWAY (ON STRAIGHT),1,660817,T intersection,3,60,Local Road,COLCHESTER,MAROONDAH,-37.81318,145.30585,2020,8,August,13,Midday,Weekday
T20200015888,2020-08-14,17:05:00,1,Collision with vehicle,5,Friday,148,VEHICLE OFF FOOTPATH STRIKES VEH ON CARRIAGEWAY,1,35348,Cross intersection,3,40,Arterial Other,KING,MELBOURNE,-37.81345,144.95438,2020,8,August,17,Afternoon Peak,Weekday
T20200015200,2020-08-14,19:00:00,1,Collision with vehicle,5,Friday,110,CROSS TRAFFIC(INTERSECTIONS ONLY),3,665435,Cross intersection,3,80,Arterial Other,STUD,KNOX,-37.85284,145.24352,2020,8,August,19,Night,Weekday
T20200015197,2020-08-14,14:40:00,1,Collision with vehicle,5,Friday,113,RIGHT NEAR (INTERSECTIONS ONLY),1,37177,Cross intersection,3,80,Arterial Highway,STUD,KNOX,-37.902264,145.23509,2020,8,August,14,Midday,Weekday
T20200015190,2020-08-14,13:44:00,4,Collision with a fixed object,5,Friday,171,LEFT OFF CARRIAGEWAY INTO OBJECT/PARKED VEHICLE,1,665749,Not at intersection,3,60,Arterial Other,CHILDS,WHITTLESEA,-37.659958,145.02184,2020,8,August,13,Midday,Weekday
T20200015201,2020-08-14,17:16:00,1,Collision with vehicle,5,Friday,146,REVERSING INTO FIXED OBJECT/PARKED VEHICLE,3,660644,Not at intersection,3,50,Local Road,ELLIS,STONNINGTON,-37.844337,144.99716,2020,8,August,17,Afternoon Peak,Weekday
T20200015214,2020-08-14,18:00:00,1,Collision with vehicle,5,Friday,110,CROSS TRAFFIC(INTERSECTIONS ONLY),3,278529,Cross intersection,3,60,Arterial Highway,GEORGE,DANDENONG,-37.989765,145.20476,2020,8,August,18,Afternoon Peak,Weekday
T20200015179,2020-08-14,10:42:00,1,Collision with vehicle,5,Friday,130,REAR END(VEHICLES IN SAME LANE),1,773383,Not at intersection,3,80,Arterial Other,DIAMOND CREEK,NILLUMBIK,-37.68391,145.11864,2020,8,August,10,Midday,Weekday
T20210010492,2020-08-14,17:30:00,1,Collision with vehicle,5,Friday,149,OTHER MANOEUVRING NOT INCLUDED IN DCAs 140-148,2,70686,Cross intersection,3,80,Arterial Highway,LOWER DANDENONG,KINGSTON,-37.98858,145.12527,2020,8,August,17,Afternoon Peak,Weekday
T20200015211,2020-08-14,16:55:00,4,Collision with a fixed object,5,Friday,171,LEFT OFF CARRIAGEWAY INTO OBJECT/PARKED VEHICLE,1,660065,Not at intersection,3,100,Local Road,VOSTI,BENDIGO,-36.67553,144.17839,2020,8,August,16,Afternoon Peak,Weekday
T20200015191,2020-08-14,14:00:00,4,Collision with a fixed object,5,Friday,171,LEFT OFF CARRIAGEWAY INTO OBJECT/PARKED VEHICLE,1,660064,Not at intersection,1,60,Arterial Other,CLAYTON,KINGSTON,-37.936665,145.1175,2020,8,August,14,Midday,Weekday
T20200015188,2020-08-14,12:30:00,4,Collision with a fixed object,5,Friday,173,RIGHT OFF CARRIAGEWAY INTO OBJECT/PARKED VEHICLE,1,780627,Not at intersection,3,60,Local Road,ELSWORTH,BALLARAT,-37.58239,143.86758,2020,8,August,12,Midday,Weekday
T20200015925,2020-08-14,09:30:00,1,Collision with vehicle,5,Friday,110,CROSS TRAFFIC(INTERSECTIONS ONLY),1,38534,Cross intersection,2,60,Arterial Other,ANDERSON,BRIMBANK,-37.787975,144.82692,2020,8,August,9,Morning Peak,Weekday
T20200016737,2020-08-14,15:45:00,1,Collision with vehicle,5,Friday,113,RIGHT NEAR (INTERSECTIONS ONLY),9,36529,T intersection,3,70,Arterial Other,BOUNDARY,KINGSTON,-37.980095,145.11035,2020,8,August,15,Afternoon Peak,Weekday
T20200015772,2020-08-14,15:00:00,2,Struck Pedestrian,5,Friday,109,ANY MANOEUVRE INVOLVING PED NOT INCLUDED IN DCAs 100-108.,1,660954,Not at intersection,3,50,Local Road,SWAN,GEELONG,-38.03561,144.41441,2020,8,August,15,Afternoon Peak,Weekday
T20200016563,2020-08-14,06:25:00,8,No collision and no object struck,5,Friday,174,OUT OF CONTROL ON CARRIAGEWAY (ON STRAIGHT),5,662013,Not at intersection,2,100,Freeway,FRANKSTON,FRANKSTON,-38.101486,145.14143,2020,8,August,6,Morning Peak,Weekday
T20200015507,2020-08-14,08:48:00,1,Collision with vehicle,5,Friday,110,CROSS TRAFFIC(INTERSECTIONS ONLY),1,41133,Cross intersection,3,60,Arterial Other,ST KILDA,BAYSIDE,-37.895706,144.98993,2020,8,August,8,Morning Peak,Weekday
T20200015189,2020-08-14,16:05:00,1,Collision with vehicle,5,Friday,139,OTHER SAME DIRECTION-MANOUEVRES NOT INCLUDED IN DCAs 130-137,1,35815,Multiple intersection,3,50,Arterial Other,MILLER STREET -TOWNSEND,BENDIGO,-36.769127,144.2921,2020,8,August,16,Afternoon Peak,Weekday
T20200015579,2020-08-15,15:00:00,9,Other accident,6,Saturday,179,OTHER ACCIDENTS-OFF STRAIGHT NOT INCLUDED IN DCAs 170-175,1,660951,Not at intersection,3,60,Arterial Other,BRUNSWICK,MORELAND,-37.77708,144.96031,2020,8,August,15,Afternoon Peak,Weekend
T20200015231,2020-08-15,21:29:00,1,Collision with vehicle,6,Saturday,160,VEHICLE COLLIDES WITH VEHICLE PARKED ON LEFT OF ROAD,6,660142,Not at intersection,2,50,Local Road,ASCOT,DAREBIN,-37.75009,145.01033,2020,8,August,21,Night,Weekend
T20200015215,2020-08-15,13:45:00,8,No collision and no object struck,6,Saturday,174,OUT OF CONTROL ON CARRIAGEWAY (ON STRAIGHT),1,36969,T intersection,3,80,Arterial Highway,BURWOOD,KNOX,-37.875027,145.25362,2020,8,August,13,Midday,Weekend
T20200015216,2020-08-15,13:00:00,1,Collision with vehicle,6,Saturday,132,RIGHT REAR.,1,660329,Not at intersection,2,80,Local Road,ARCHER,SHEPPARTON,-36.42267,145.4081,2020,8,August,13,Midday,Weekend
T20200015241,2020-08-15,20:00:00,4,Collision with a fixed object,6,Saturday,171,LEFT OFF CARRIAGEWAY INTO OBJECT/PARKED VEHICLE,3,41012,Cross intersection,2,70,Arterial Other,MOUNTAIN,KNOX,-37.837566,145.28706,2020,8,August,20,Night,Weekend
T20200015219,2020-08-15,10:55:00,1,Collision with vehicle,6,Saturday,147,VEHICLE STRIKES ANOTHER VEH WHILE EMERGING FROM DRIVEWAY,1,660459,Not at intersection,3,50,Local Road,HICKFORD,WARRNAMBOOL,-38.393944,142.50145,2020,8,August,10,Midday,Weekend
T20200015251,2020-08-15,17:15:00,1,Collision with vehicle,6,Saturday,130,REAR END(VEHICLES IN SAME LANE),1,660460,T intersection,2,50,Local Road,NARRAWONG,GLEN EIRA,-37.89353,145.0322,2020,8,August,17,Afternoon Peak,Weekend
T20200015220,2020-08-15,12:40:00,2,Struck Pedestrian,6,Saturday,107,PED ON FOOTHPATH STRUCK BY VEHENTERING/LEAVING DRIVEWAY.,1,659973,Not at intersection,1,50,Local Road,MIRANG,FRANKSTON,-38.136803,145.14532,2020,8,August,12,Midday,Weekend
T20200015210,2020-08-15,08:58:00,1,Collision with vehicle,6,Saturday,147,VEHICLE STRIKES ANOTHER VEH WHILE EMERGING FROM DRIVEWAY,1,668170,Not at intersection,2,80,Arterial Other,CRANBOURNE,CASEY,-38.068996,145.29845,2020,8,August,8,Morning Peak,Weekend
T20200015221,2020-08-15,15:23:00,1,Collision with vehicle,6,Saturday,152,PULLING OUT (OVERTAKING),1,662217,Not at intersection,2,80,Arterial Other,LATROBE,LATROBE,-38.221233,146.39748,2020,8,August,15,Afternoon Peak,Weekend
T20200015222,2020-08-15,15:40:00,1,Collision with vehicle,6,Saturday,140,U TURN,1,729909,Cross intersection,3,40,Arterial Other,FITZROY,PORT PHILLIP,-37.858017,144.98035,2020,8,August,15,Afternoon Peak,Weekend
T20200015418,2020-08-16,07:25:00,4,Collision with a fixed object,7,Sunday,171,LEFT OFF CARRIAGEWAY INTO OBJECT/PARKED VEHICLE,2,660389,Not at intersection,3,100,Local Road,MALMSBURY-METCALFE,MOUNT ALEXANDER,-37.14151,144.40758,2020,8,August,7,Morning Peak,Weekend
T20200015313,2020-08-16,16:00:00,1,Collision with vehicle,7,Sunday,160,VEHICLE COLLIDES WITH VEHICLE PARKED ON LEFT OF ROAD,1,660812,Not at intersection,3,50,Local Road,VIDA,MOONEE VALLEY,-37.757053,144.8985,2020,8,August,16,Afternoon Peak,Weekend
T20200015947,2020-08-16,17:00:00,1,Collision with vehicle,7,Sunday,121,RIGHT THROUGH,1,41249,Cross intersection,2,60,Arterial Other,GLEN EIRA,GLEN EIRA,-37.879154,145.01631,2020,8,August,17,Afternoon Peak,Weekend
T20200015252,2020-08-16,11:55:00,4,Collision with a fixed object,7,Sunday,173,RIGHT OFF CARRIAGEWAY INTO OBJECT/PARKED VEHICLE,1,660066,Not at intersection,1,100,Arterial Highway,SOUTH GIPPSLAND,SOUTH GIPPSLAND,-38.64435,146.25012,2020,8,August,11,Midday,Weekend
T20200015246,2020-08-16,12:14:00,1,Collision with vehicle,7,Sunday,110,CROSS TRAFFIC(INTERSECTIONS ONLY),1,61079,Cross intersection,2,60,Local Road,GRANT,BALLARAT,-37.604946,143.83134,2020,8,August,12,Midday,Weekend
T20200015245,2020-08-16,12:10:00,1,Collision with vehicle,7,Sunday,110,CROSS TRAFFIC(INTERSECTIONS ONLY),1,246030,Cross intersection,3,60,Arterial Other,MT ALEXANDER,MOONEE VALLEY,-37.76147,144.92183,2020,8,August,12,Midday,Weekend
T20200016980,2020-08-16,10:00:00,1,Collision with vehicle,7,Sunday,160,VEHICLE COLLIDES WITH VEHICLE PARKED ON LEFT OF ROAD,9,665737,Not at intersection,3,50,Local Road,NAUTICAL,SURF COAST,-38.31202,144.33394,2020,8,August,10,Midday,Weekend
T20210001780,2020-08-16,13:00:00,1,Collision with vehicle,7,Sunday,130,REAR END(VEHICLES IN SAME LANE),1,673770,Not at intersection,3,50,Local Road,CROMWELL,BRIMBANK,-37.740047,144.77104,2020,8,August,13,Midday,Weekend
T20200015242,2020-08-16,11:37:00,1,Collision with vehicle,7,Sunday,110,CROSS TRAFFIC(INTERSECTIONS ONLY),1,36422,Cross intersection,3,60,Arterial Other,MORNINGTON-TYABB,MORNINGTON PENINSULA,-38.238914,145.06592,2020,8,August,11,Midday,Weekend
T20200015325,2020-08-16,16:00:00,1,Collision with vehicle,7,Sunday,113,RIGHT NEAR (INTERSECTIONS ONLY),1,660250,T intersection,3,50,Local Road,KIRKDALE,MORELAND,-37.76992,144.98053,2020,8,August,16,Afternoon Peak,Weekend
T20200015235,2020-08-16,01:23:00,4,Collision with a fixed object,7,Sunday,173,RIGHT OFF CARRIAGEWAY INTO OBJECT/PARKED VEHICLE,3,670201,Not at intersection,3,50,Local Road,JACKA,MORNINGTON PENINSULA,-38.347466,145.18657,2020,8,August,1,Late Night,Weekend
T20200015266,2020-08-17,07:30:00,1,Collision with vehicle,1,Monday,121,RIGHT THROUGH,1,42680,T intersection,2,80,Arterial Other,WELLINGTON,YARRA RANGES,-37.961178,145.36115,2020,8,August,7,Morning Peak,Weekday
T20200015298,2020-08-17,14:30:00,1,Collision with vehicle,1,Monday,121,RIGHT THROUGH,1,660223,Not at intersection,2,60,Arterial Other,CHILDS,WHITTLESEA,-37.66003,145.02252,2020,8,August,14,Midday,Weekday
T20200015299,2020-08-17,16:10:00,1,Collision with vehicle,1,Monday,130,REAR END(VEHICLES IN SAME LANE),1,751301,Not at intersection,2,60,Local Road,MORRIS,WYNDHAM,-37.850426,144.70638,2020,8,August,16,Afternoon Peak,Weekday
T20200015300,2020-08-17,17:10:00,4,Collision with a fixed object,1,Monday,171,LEFT OFF CARRIAGEWAY INTO OBJECT/PARKED VEHICLE,1,729911,T intersection,2,50,Local Road,BLACKWOOD,HUME,-37.678333,144.96524,2020,8,August,17,Afternoon Peak,Weekday
T20200015301,2020-08-17,19:24:00,1,Collision with vehicle,1,Monday,110,CROSS TRAFFIC(INTERSECTIONS ONLY),3,53401,Cross intersection,2,60,Arterial Highway,CRESWICK,BALLARAT,-37.542377,143.84998,2020,8,August,19,Night,Weekday
T20200015257,2020-08-17,01:15:00,4,Collision with a fixed object,1,Monday,171,LEFT OFF CARRIAGEWAY INTO OBJECT/PARKED VEHICLE,3,665893,Not at intersection,2,60,Arterial Other,GRANGE,GLEN EIRA,-37.89041,145.04504,2020,8,August,1,Late Night,Weekday
T20200015290,2020-08-17,14:00:00,1,Collision with vehicle,1,Monday,137,LEFT TURN SIDESWIPE,1,63579,T intersection,3,40,Local Road,BANKSIA,BANYULE,-37.757324,145.04718,2020,8,August,14,Midday,Weekday
T20200016312,2020-08-17,14:20:00,6,Vehicle overturned (no collision),1,Monday,174,OUT OF CONTROL ON CARRIAGEWAY (ON STRAIGHT),1,662702,Not at intersection,3,100,Local Road,LAMPARD,CAMPASPE,-36.268387,144.6496,2020,8,August,14,Midday,Weekday
T20200015289,2020-08-17,13:17:00,2,Struck Pedestrian,1,Monday,102,FAR SIDE. PED HIT BY VEHICLE FROM THE LEFT,1,667054,Not at intersection,2,50,Local Road,OGRADYS,FRANKSTON,-38.10543,145.16803,2020,8,August,13,Midday,Weekday
T20200015297,2020-08-17,14:50:00,8,No collision and no object struck,1,Monday,170,OFF CARRIAGEWAY TO LEFT,1,669027,Y intersection,2,50,Local Road,WEST,HEPBURN,-37.330296,144.13615,2020,8,August,14,Midday,Weekday
T20200015287,2020-08-17,14:30:00,1,Collision with vehicle,1,Monday,160,VEHICLE COLLIDES WITH VEHICLE PARKED ON LEFT OF ROAD,1,665906,Not at intersection,3,50,Local Road,COOLIBAH,WHITTLESEA,-37.608536,145.10875,2020,8,August,14,Midday,Weekday
T20200016824,2020-08-17,17:14:00,4,Collision with a fixed object,1,Monday,173,RIGHT OFF CARRIAGEWAY INTO OBJECT/PARKED VEHICLE,1,666518,Not at intersection,3,50,Local Road,WEDGE,WYNDHAM,-37.90023,144.65541,2020,8,August,17,Afternoon Peak,Weekday
T20200015293,2020-08-17,16:01:00,4,Collision with a fixed object,1,Monday,179,OTHER ACCIDENTS-OFF STRAIGHT NOT INCLUDED IN DCAs 170-175,1,729366,Not at intersection,3,60,Arterial Highway,WENTWORTH,MILDURA,-34.115696,141.98631,2020,8,August,16,Afternoon Peak,Weekday
T20200015294,2020-08-17,15:15:00,4,Collision with a fixed object,1,Monday,173,RIGHT OFF CARRIAGEWAY INTO OBJECT/PARKED VEHICLE,1,660228,T intersection,2,50,Local Road,THORNHILL,BRIMBANK,-37.725163,144.80286,2020,8,August,15,Afternoon Peak,Weekday
T20200015276,2020-08-17,09:40:00,2,Struck Pedestrian,1,Monday,103,PED PLAYING/LYING/WORKING/STANDING ON CARRIAGEWAY.,1,219377,Not at intersection,3,60,Arterial Other,MT ALEXANDER,MOONEE VALLEY,-37.77023,144.92598,2020,8,August,9,Morning Peak,Weekday
T20200015271,2020-08-17,08:45:00,1,Collision with vehicle,1,Monday,130,REAR END(VEHICLES IN SAME LANE),1,660461,Not at intersection,2,80,Freeway,PRINCES,CARDINIA,-38.074024,145.39981,2020,8,August,8,Morning Peak,Weekday
T20220025105,2020-08-17,19:08:00,1,Collision with vehicle,1,Monday,169,OTHER ON PATH,9,780240,Not at intersection,3,50,Local Road,YACHT,WYNDHAM,-37.913338,144.7821,2020,8,August,19,Night,Weekday
T20200015302,2020-08-17,20:20:00,4,Collision with a fixed object,1,Monday,171,LEFT OFF CARRIAGEWAY INTO OBJECT/PARKED VEHICLE,5,665907,Not at intersection,2,80,Local Road,GREIGS,MELTON,-37.745827,144.62267,2020,8,August,20,Night,Weekday
T20200015431,2020-08-17,11:00:00,1,Collision with vehicle,1,Monday,152,PULLING OUT (OVERTAKING),1,661010,T intersection,3,80,Arterial Highway,GREAT ALPINE,EAST GIPPSLAND,-37.504887,147.84032,2020,8,August,11,Midday,Weekday
T20200015305,2020-08-17,20:05:00,4,Collision with a fixed object,1,Monday,171,LEFT OFF CARRIAGEWAY INTO OBJECT/PARKED VEHICLE,3,355700,Multiple intersection,2,50,Arterial Other,BOLDREWOOD PARADE -GISBORNE,DAREBIN,-37.71832,145.02151,2020,8,August,20,Night,Weekday
T20200015323,2020-08-18,12:46:00,1,Collision with vehicle,2,Tuesday,130,REAR END(VEHICLES IN SAME LANE),1,662354,Cross intersection,2,80,Arterial Highway,WELLINGTON,MONASH,-37.92208,145.18625,2020,8,August,12,Midday,Weekday
T20200015346,2020-08-18,19:10:00,4,Collision with a fixed object,2,Tuesday,171,LEFT OFF CARRIAGEWAY INTO OBJECT/PARKED VEHICLE,5,689424,Not at intersection,2,100,Arterial Highway,HENTY,SOUTHERN GRAMPIANS,-37.83349,141.86115,2020,8,August,19,Night,Weekday
T20200015341,2020-08-18,16:45:00,4,Collision with a fixed object,2,Tuesday,173,RIGHT OFF CARRIAGEWAY INTO OBJECT/PARKED VEHICLE,1,729367,Not at intersection,2,50,Local Road,BURNSIDE,BRIMBANK,-37.770515,144.77235,2020,8,August,16,Afternoon Peak,Weekday
T20200015574,2020-08-18,07:45:00,1,Collision with vehicle,2,Tuesday,131,LEFT REAR,1,663336,Not at intersection,3,40,Local Road,HONEYEATER,CARDINIA,-38.085148,145.47757,2020,8,August,7,Morning Peak,Weekday
T20200020050,2020-08-18,15:30:00,1,Collision with vehicle,2,Tuesday,116,LEFT NEAR (INTERSECTIONS ONLY),1,51018,Cross intersection,3,60,Arterial Highway,WYNDHAM,SHEPPARTON,-36.374054,145.40077,2020,8,August,15,Afternoon Peak,Weekday
T20200015367,2020-08-18,09:17:00,4,Collision with a fixed object,2,Tuesday,181,OFF RIGHT BEND INTO OBJECT/PARKED VEHICLE,1,660420,Not at intersection,2,100,Arterial Other,BLOOMFIELD,BAW BAW,-38.127502,145.98613,2020,8,August,9,Morning Peak,Weekday
T20200015368,2020-08-18,14:45:00,4,Collision with a fixed object,2,Tuesday,171,LEFT OFF CARRIAGEWAY INTO OBJECT/PARKED VEHICLE,1,680427,Not at intersection,2,60,Local Road,MAGID,CASEY,-38.014263,145.3061,2020,8,August,14,Midday,Weekday
T20200015358,2020-08-18,19:20:00,1,Collision with vehicle,2,Tuesday,113,RIGHT NEAR (INTERSECTIONS ONLY),5,19480,T intersection,2,100,Arterial Highway,NORTHERN,MITCHELL,-37.32509,144.95692,2020,8,August,19,Night,Weekday
T20200015318,2020-08-18,09:10:00,1,Collision with vehicle,2,Tuesday,145,REVERSING IN STREAM OF TRAFFIC,1,661409,Not at intersection,3,40,Arterial Other,CARLISLE,PORT PHILLIP,-37.868755,144.99341,2020,8,August,9,Morning Peak,Weekday
T20200015324,2020-08-18,13:41:00,4,Collision with a fixed object,2,Tuesday,171,LEFT OFF CARRIAGEWAY INTO OBJECT/PARKED VEHICLE,1,668097,T intersection,2,50,Local Road,EAGLE,GEELONG,-38.090385,144.34848,2020,8,August,13,Midday,Weekday
T20200015328,2020-08-18,08:40:00,4,Collision with a fixed object,2,Tuesday,181,OFF RIGHT BEND INTO OBJECT/PARKED VEHICLE,9,663044,Not at intersection,1,100,Arterial Other,KIEWA VALLEY,ALPINE,-36.41388,147.03616,2020,8,August,8,Morning Peak,Weekday
T20200015330,2020-08-18,15:32:00,1,Collision with vehicle,2,Tuesday,113,RIGHT NEAR (INTERSECTIONS ONLY),1,52106,T intersection,2,60,Arterial Other,PRINCES,BAW BAW,-38.156628,145.91876,2020,8,August,15,Afternoon Peak,Weekday
T20200015349,2020-08-18,22:50:00,1,Collision with vehicle,2,Tuesday,116,LEFT NEAR (INTERSECTIONS ONLY),3,59549,T intersection,3,60,Arterial Other,KALKEE ROAD -URQUHART,HORSHAM,-36.70772,142.20233,2020,8,August,22,Night,Weekday
T20200015352,2020-08-18,23:25:00,4,Collision with a fixed object,2,Tuesday,173,RIGHT OFF CARRIAGEWAY INTO OBJECT/PARKED VEHICLE,3,668406,Not at intersection,2,80,Local Road,GOULBURN,CAMPASPE,-36.130062,144.77324,2020,8,August,23,Night,Weekday
T20200015311,2020-08-18,06:00:00,1,Collision with vehicle,2,Tuesday,113,RIGHT NEAR (INTERSECTIONS ONLY),4,303150,T intersection,3,70,Arterial Highway,WARBURTON,YARRA RANGES,-37.766773,145.40392,2020,8,August,6,Morning Peak,Weekday
T20200015321,2020-08-18,01:10:00,6,Vehicle overturned (no collision),2,Tuesday,172,OFF CARRIAGEWAY TO RIGHT,5,678473,Not at intersection,3,100,Arterial Highway,MURRAY VALLEY,TOWONG,-36.193172,147.28314,2020,8,August,1,Late Night,Weekday
T20200015774,2020-08-18,14:00:00,8,No collision and no object struck,2,Tuesday,174,OUT OF CONTROL ON CARRIAGEWAY (ON STRAIGHT),1,660897,Not at intersection,2,60,Arterial Other,WALHALLA,BAW BAW,-37.96916,146.39638,2020,8,August,14,Midday,Weekday
T20210019369,2020-08-18,17:00:00,1,Collision with vehicle,2,Tuesday,130,REAR END(VEHICLES IN SAME LANE),1,41275,Cross intersection,3,40,Arterial Other,HAWTHORN,GLEN EIRA,-37.886898,145.02197,2020,8,August,17,Afternoon Peak,Weekday
T20200015348,2020-08-18,19:14:00,1,Collision with vehicle,2,Tuesday,160,VEHICLE COLLIDES WITH VEHICLE PARKED ON LEFT OF ROAD,3,674438,Not at intersection,2,60,Local Road,CLOW,DANDENONG,-37.98643,145.22801,2020,8,August,19,Night,Weekday
T20200015370,2020-08-19,10:15:00,4,Collision with a fixed object,3,Wednesday,173,RIGHT OFF CARRIAGEWAY INTO OBJECT/PARKED VEHICLE,1,662415,Not at intersection,3,50,Local Road,HUTCHINSON,YARRA RANGES,-37.75884,145.3478,2020,8,August,10,Midday,Weekday
T20200015398,2020-08-19,19:25:00,3,Struck animal,3,Wednesday,167,STRUCK ANIMAL,5,660558,Not at intersection,2,100,Local Road,LANGHAM,SHEPPARTON,-36.54306,145.22859,2020,8,August,19,Night,Weekday
T20200015392,2020-08-19,16:28:00,1,Collision with vehicle,3,Wednesday,149,OTHER MANOEUVRING NOT INCLUDED IN DCAs 140-148,1,666874,Not at intersection,3,50,Local Road,ARBROATH,KNOX,-37.860508,145.24826,2020,8,August,16,Afternoon Peak,Weekday
T20200015389,2020-08-19,14:49:00,1,Collision with vehicle,3,Wednesday,132,RIGHT REAR.,1,669028,Not at intersection,3,60,Arterial Other,PASCOE VALE,MORELAND,-37.72877,144.92397,2020,8,August,14,Midday,Weekday
T20200015686,2020-08-19,18:10:00,2,Struck Pedestrian,3,Wednesday,102,FAR SIDE. PED HIT BY VEHICLE FROM THE LEFT,2,660726,T intersection,3,70,Local Road,HALL,FRANKSTON,-38.10093,145.18433,2020,8,August,18,Afternoon Peak,Weekday
T20200015395,2020-08-19,15:06:00,1,Collision with vehicle,3,Wednesday,120,HEAD ON (NOT OVERTAKING),1,660556,Not at intersection,3,50,Local Road,HAZEL GLEN,WHITTLESEA,-37.58813,145.11366,2020,8,August,15,Afternoon Peak,Weekday
T20200015422,2020-08-19,17:18:00,4,Collision with a fixed object,3,Wednesday,183,OFF LEFT BEND INTO OBJECT/PARKED VEHICLE,1,666689,Not at intersection,3,80,Arterial Other,BOGONG HIGH PLAINS,ALPINE,-36.750607,147.19293,2020,8,August,17,Afternoon Peak,Weekday
T20200015397,2020-08-19,13:20:00,4,Collision with a fixed object,3,Wednesday,171,LEFT OFF CARRIAGEWAY INTO OBJECT/PARKED VEHICLE,1,660721,Not at intersection,2,50,Local Road,VICTOR,CASEY,-38.02083,145.30856,2020,8,August,13,Midday,Weekday
T20200015354,2020-08-19,03:45:00,3,Struck animal,3,Wednesday,167,STRUCK ANIMAL,5,49510,T intersection,2,80,Arterial Other,WHITTLESEA-KINGLAKE,MURRINDINDI,-37.508484,145.3141,2020,8,August,3,Late Night,Weekday
T20200016913,2020-08-19,20:16:00,1,Collision with vehicle,3,Wednesday,110,CROSS TRAFFIC(INTERSECTIONS ONLY),3,665539,Cross intersection,3,80,Arterial Other,NARRE WARREN,CASEY,-38.08483,145.29532,2020,8,August,20,Night,Weekday
T20200015689,2020-08-19,13:00:00,1,Collision with vehicle,3,Wednesday,132,RIGHT REAR.,1,661817,Not at intersection,3,60,Arterial Other,FYANS,GEELONG,-38.165157,144.36624,2020,8,August,13,Midday,Weekday
T20200015365,2020-08-19,08:30:00,1,Collision with vehicle,3,Wednesday,111,RIGHT FAR (INTERSECTIONS ONLY),1,71972,Cross intersection,2,40,Arterial Other,BALLARTO,CARDINIA,-38.14611,145.42448,2020,8,August,8,Morning Peak,Weekday
T20200015393,2020-08-19,15:52:00,4,Collision with a fixed object,3,Wednesday,151,OUT OF CONTROL (OVERTAKING),1,780632,Not at intersection,3,100,Local Road,SHORELINE,WELLINGTON,-38.33754,147.2416,2020,8,August,15,Afternoon Peak,Weekday
T20200015360,2020-08-19,06:50:00,1,Collision with vehicle,3,Wednesday,133,LANE SIDE SWIPE (VEHICLES IN PARALLEL LANES),1,686107,Not at intersection,2,90,Freeway,WESTERN,MELTON,-37.702408,144.62082,2020,8,August,6,Morning Peak,Weekday
T20200015369,2020-08-19,10:50:00,1,Collision with vehicle,3,Wednesday,121,RIGHT THROUGH,1,51385,Cross intersection,3,50,Arterial Highway,HEYGARTH,CAMPASPE,-36.124355,144.7486,2020,8,August,10,Midday,Weekday
T20200016122,2020-08-19,07:00:00,1,Collision with vehicle,3,Wednesday,110,CROSS TRAFFIC(INTERSECTIONS ONLY),1,29847,Cross intersection,3,50,Local Road,STAWELL,WYNDHAM,-37.90088,144.65279,2020,8,August,7,Morning Peak,Weekday
T20200015402,2020-08-19,22:20:00,4,Collision with a fixed object,3,Wednesday,183,OFF LEFT BEND INTO OBJECT/PARKED VEHICLE,5,662165,Not at intersection,3,100,Local Road,BECKS BRIDGE,LATROBE,-38.150913,146.28394,2020,8,August,22,Night,Weekday
T20200015375,2020-08-19,13:00:00,1,Collision with vehicle,3,Wednesday,147,VEHICLE STRIKES ANOTHER VEH WHILE EMERGING FROM DRIVEWAY,1,319291,Not at intersection,2,60,Arterial Other,MAIN,BRIMBANK,-37.74364,144.7947,2020,8,August,13,Midday,Weekday
T20200015379,2020-08-19,14:10:00,1,Collision with vehicle,3,Wednesday,120,HEAD ON (NOT OVERTAKING),1,729368,Not at intersection,3,50,Local Road,TERAMA,WYNDHAM,-37.901554,144.62,2020,8,August,14,Midday,Weekday
T20200015382,2020-08-19,13:35:00,4,Collision with a fixed object,3,Wednesday,173,RIGHT OFF CARRIAGEWAY INTO OBJECT/PARKED VEHICLE,1,660516,Not at intersection,2,50,Local Road,QUEENS,WARRNAMBOOL,-38.37405,142.48737,2020,8,August,13,Midday,Weekday
T20200015384,2020-08-19,14:30:00,1,Collision with vehicle,3,Wednesday,136,RIGHT TURN SIDESWIPE,1,36128,Cross intersection,2,60,Local Road,RODEN,MELBOURNE,-37.80529,144.95073,2020,8,August,14,Midday,Weekday
T20200015451,2020-08-20,17:00:00,2,Struck Pedestrian,4,Thursday,104,PED WALKING WITH TRAFFIC,9,50032,Multiple intersection,3,60,Local Road,GARDEN,GEELONG,-38.159065,144.36948,2020,8,August,17,Afternoon Peak,Weekday