ACCIDENT_NO,ACCIDENT_DATE,ACCIDENT_TIME,ACCIDENT_TYPE,ACCIDENT_TYPE_DESC,DAY_OF_WEEK,DAY_WEEK_DESC,DCA_CODE,DCA_DESC,LIGHT_CONDITION,NODE_ID,ROAD_GEOMETRY_DESC,SEVERITY,SPEED_ZONE,RMA,ROAD_NAME,LGA_NAME,LATITUDE,LONGITUDE,YEAR,MONTH,MONTH_NAME,HOUR,TIME_PERIOD,DAY_TYPE
T20200015423,2020-08-20,10:46:00,4,Collision with a fixed object,4,Thursday,181,OFF RIGHT BEND INTO OBJECT/PARKED VEHICLE,1,663772,Not at intersection,2,100,Local Road,OLD KILMORE-LANCEFIELD,MITCHELL,-37.285446,144.85602,2020,8,August,10,Midday,Weekday
T20200015421,2020-08-20,13:00:00,8,No collision and no object struck,4,Thursday,174,OUT OF CONTROL ON CARRIAGEWAY (ON STRAIGHT),1,29663,Cross intersection,2,60,Arterial Other,FERNTREE GULLY,MONASH,-37.899086,145.12444,2020,8,August,13,Midday,Weekday
T20200015410,2020-08-20,06:55:00,1,Collision with vehicle,4,Thursday,120,HEAD ON (NOT OVERTAKING),1,660388,Not at intersection,3,60,Arterial Other,MOUNT DANDENONG TOURIST,YARRA RANGES,-37.863514,145.36057,2020,8,August,6,Morning Peak,Weekday
T20200015448,2020-08-20,18:45:00,1,Collision with vehicle,4,Thursday,121,RIGHT THROUGH,3,51393,Cross intersection,3,50,Local Road,HOVELL,CAMPASPE,-36.127598,144.75665,2020,8,August,18,Afternoon Peak,Weekday
T20200015449,2020-08-20,17:52:00,4,Collision with a fixed object,4,Thursday,171,LEFT OFF CARRIAGEWAY INTO OBJECT/PARKED VEHICLE,6,665909,Not at intersection,3,100,Freeway,HUME,HUME,-37.58288,144.9433,2020,8,August,17,Afternoon Peak,Weekday
T20200016929,2020-08-20,09:40:00,4,Collision with a fixed object,4,Thursday,179,OTHER ACCIDENTS-OFF STRAIGHT NOT INCLUDED IN DCAs 170-175,1,662545,Not at intersection,2,50,Local Road,NORTHSIDE,WHITTLESEA,-37.61842,145.01874,2020,8,August,9,Morning Peak,Weekday
T20200015420,2020-08-20,10:46:00,1,Collision with vehicle,4,Thursday,130,REAR END(VEHICLES IN SAME LANE),1,871,Cross intersection,3,60,Arterial Highway,FRANKSTON-DANDENONG,DANDENONG,-37.99988,145.21823,2020,8,August,10,Midday,Weekday
T20200015441,2020-08-20,16:30:00,4,Collision with a fixed object,4,Thursday,171,LEFT OFF CARRIAGEWAY INTO OBJECT/PARKED VEHICLE,1,665908,Not at intersection,2,50,Local Road,CRUSOE,BENDIGO,-36.805275,144.24026,2020,8,August,16,Afternoon Peak,Weekday
T20200015432,2020-08-20,14:45:00,1,Collision with vehicle,4,Thursday,110,CROSS TRAFFIC(INTERSECTIONS ONLY),1,35977,Cross intersection,2,50,Local Road,BARROW,MORELAND,-37.75927,144.96988,2020,8,August,14,Midday,Weekday
T20200015409,2020-08-20,08:35:00,1,Collision with vehicle,4,Thursday,116,LEFT NEAR (INTERSECTIONS ONLY),1,38607,T intersection,2,80,Arterial Highway,GEELONG,MARIBYRNONG,-37.81335,144.86148,2020,8,August,8,Morning Peak,Weekday
T20200015586,2020-08-20,15:50:00,1,Collision with vehicle,4,Thursday,113,RIGHT NEAR (INTERSECTIONS ONLY),1,16155,T intersection,3,70,Arterial Highway,SURF COAST,GEELONG,-38.18858,144.3436,2020,8,August,15,Afternoon Peak,Weekday
T20200015485,2020-08-21,21:13:00,4,Collision with a fixed object,5,Friday,173,RIGHT OFF CARRIAGEWAY INTO OBJECT/PARKED VEHICLE,5,661203,Not at intersection,2,100,Local Road,JEERALANG WEST,LATROBE,-38.337486,146.41483,2020,8,August,21,Night,Weekday
T20200015480,2020-08-21,18:20:00,4,Collision with a fixed object,5,Friday,151,OUT OF CONTROL (OVERTAKING),3,660561,Not at intersection,3,80,Arterial Highway,NEPEAN,BAYSIDE,-37.931072,145.03238,2020,8,August,18,Afternoon Peak,Weekday
T20200020377,2020-08-21,17:00:00,1,Collision with vehicle,5,Friday,110,CROSS TRAFFIC(INTERSECTIONS ONLY),6,291208,Cross intersection,3,50,Local Road,WATERVIEW,HUME,-37.58254,144.90746,2020,8,August,17,Afternoon Peak,Weekday
T20200015542,2020-08-21,22:00:00,1,Collision with vehicle,5,Friday,130,REAR END(VEHICLES IN SAME LANE),5,729913,T intersection,3,60,Local Road,MANGANS,YARRA RANGES,-37.762123,145.3715,2020,8,August,22,Night,Weekday
T20200017548,2020-08-21,08:30:00,1,Collision with vehicle,5,Friday,130,REAR END(VEHICLES IN SAME LANE),1,664588,Not at intersection,3,60,Arterial Other,UPPER HEIDELBERG,BANYULE,-37.764893,145.04655,2020,8,August,8,Morning Peak,Weekday
T20200015467,2020-08-21,12:00:00,1,Collision with vehicle,5,Friday,110,CROSS TRAFFIC(INTERSECTIONS ONLY),1,42038,Cross intersection,2,60,Arterial Other,HAMPTON,BAYSIDE,-37.92083,145.00569,2020,8,August,12,Midday,Weekday
T20200015486,2020-08-21,19:54:00,1,Collision with vehicle,5,Friday,113,RIGHT NEAR (INTERSECTIONS ONLY),3,665540,T intersection,3,60,Arterial Highway,DOVETON,BALLARAT,-37.55694,143.85562,2020,8,August,19,Night,Weekday
T20200015461,2020-08-21,08:00:00,4,Collision with a fixed object,5,Friday,173,RIGHT OFF CARRIAGEWAY INTO OBJECT/PARKED VEHICLE,1,660565,Not at intersection,2,80,Local Road,ECHUCA WEST SCHOOL,CAMPASPE,-36.164825,144.72147,2020,8,August,8,Morning Peak,Weekday
T20200015460,2020-08-21,06:15:00,1,Collision with vehicle,5,Friday,121,RIGHT THROUGH,2,37532,T intersection,2,60,Arterial Other,FITZGERALD,BRIMBANK,-37.8097,144.7878,2020,8,August,6,Morning Peak,Weekday
T20200015459,2020-08-21,08:30:00,1,Collision with vehicle,5,Friday,147,VEHICLE STRIKES ANOTHER VEH WHILE EMERGING FROM DRIVEWAY,1,665541,Not at intersection,3,60,Arterial Highway,MCKENZIE,BASS COAST,-38.596695,145.59221,2020,8,August,8,Morning Peak,Weekday
T20200015458,2020-08-21,06:11:00,6,Vehicle overturned (no collision),5,Friday,172,OFF CARRIAGEWAY TO RIGHT,5,660469,Not at intersection,3,100,Local Road,MCEWEN,SHEPPARTON,-36.431046,145.03186,2020,8,August,6,Morning Peak,Weekday
T20200016399,2020-08-21,12:55:00,1,Collision with vehicle,5,Friday,132,RIGHT REAR.,1,663422,Not at intersection,3,60,Arterial Other,KEYS,KINGSTON,-37.949493,145.07451,2020,8,August,12,Midday,Weekday
T20200015482,2020-08-21,18:30:00,1,Collision with vehicle,5,Friday,120,HEAD ON (NOT OVERTAKING),5,665641,Not at intersection,3,80,Arterial Other,HEIDELBERG-KINGLAKE,NILLUMBIK,-37.606644,145.25356,2020,8,August,18,Afternoon Peak,Weekday
T20200015500,2020-08-22,09:35:00,4,Collision with a fixed object,6,Saturday,171,LEFT OFF CARRIAGEWAY INTO OBJECT/PARKED VEHICLE,1,660517,Not at intersection,2,70,Arterial Other,LATHAMS,FRANKSTON,-38.09799,145.1615,2020,8,August,9,Morning Peak,Weekend
T20200015504,2020-08-22,11:55:00,1,Collision with vehicle,6,Saturday,113,RIGHT NEAR (INTERSECTIONS ONLY),1,40938,T intersection,2,60,Arterial Other,MOUNTAIN,KNOX,-37.84184,145.26135,2020,8,August,11,Midday,Weekend
T20200015600,2020-08-22,11:00:00,1,Collision with vehicle,6,Saturday,113,RIGHT NEAR (INTERSECTIONS ONLY),1,662416,T intersection,2,50,Local Road,MOUNT ERIN,FRANKSTON,-38.169975,145.1407,2020,8,August,11,Midday,Weekend
T20200015631,2020-08-22,15:00:00,4,Collision with a fixed object,6,Saturday,181,OFF RIGHT BEND INTO OBJECT/PARKED VEHICLE,1,661011,Not at intersection,3,100,Local Road,OLD TOLMIE,MANSFIELD,-36.964912,146.2225,2020,8,August,15,Afternoon Peak,Weekend
T20200015525,2020-08-22,17:30:00,1,Collision with vehicle,6,Saturday,121,RIGHT THROUGH,3,239275,T intersection,3,60,Local Road,SHAWS,WYNDHAM,-37.88902,144.65268,2020,8,August,17,Afternoon Peak,Weekend
T20200015501,2020-08-22,09:00:00,4,Collision with a fixed object,6,Saturday,183,OFF LEFT BEND INTO OBJECT/PARKED VEHICLE,1,749053,Not at intersection,2,100,Arterial Other,ACHERON,YARRA RANGES,-37.694427,145.72197,2020,8,August,9,Morning Peak,Weekend
T20200015503,2020-08-22,11:40:00,4,Collision with a fixed object,6,Saturday,173,RIGHT OFF CARRIAGEWAY INTO OBJECT/PARKED VEHICLE,1,326373,T intersection,2,70,Arterial Other,POUND,CASEY,-38.02689,145.25676,2020,8,August,11,Midday,Weekend
T20200015519,2020-08-22,18:05:00,5,collision with some other object,6,Saturday,166,STRUCK OBJECT ON CARRIAGEWAY,5,665739,Not at intersection,3,100,Arterial Other,MIDLAND,MANSFIELD,-37.001938,146.0741,2020,8,August,18,Afternoon Peak,Weekend
T20200015625,2020-08-22,11:30:00,1,Collision with vehicle,6,Saturday,132,RIGHT REAR.,1,663476,Not at intersection,2,60,Local Road,STANGER,MARIBYRNONG,-37.817623,144.86316,2020,8,August,11,Midday,Weekend
T20200015495,2020-08-22,08:05:00,1,Collision with vehicle,6,Saturday,130,REAR END(VEHICLES IN SAME LANE),1,661527,Not at intersection,2,100,Freeway,WESTERN RING,HUME,-37.692142,144.95012,2020,8,August,8,Morning Peak,Weekend
T20200015539,2020-08-22,09:25:00,8,No collision and no object struck,6,Saturday,199,UNKNOWN-NO DETAILS ON MANOEUVRES OF ROAD-USERS IN ACCIDENT,1,660566,Not at intersection,2,60,Arterial Other,BALACLAVA,GLEN EIRA,-37.872807,145.0257,2020,8,August,9,Morning Peak,Weekend
T20200015536,2020-08-22,19:40:00,1,Collision with vehicle,6,Saturday,120,HEAD ON (NOT OVERTAKING),3,661322,Not at intersection,3,60,Arterial Other,MELVILLE,MORELAND,-37.749348,144.94643,2020,8,August,19,Night,Weekend
T20200015528,2020-08-23,00:10:00,1,Collision with vehicle,7,Sunday,120,HEAD ON (NOT OVERTAKING),3,671910,Not at intersection,2,50,Local Road,BANK,GEELONG,-38.024117,144.39719,2020,8,August,0,Late Night,Weekend
T20200015554,2020-08-23,14:29:00,5,collision with some other object,7,Sunday,165,TEMPORARY ROADWORKS,1,662283,Not at intersection,3,40,Non Arterial,WURUNDJERI,MELBOURNE,-37.820976,144.95215,2020,8,August,14,Midday,Weekend
T20200016879,2020-08-23,16:10:00,1,Collision with vehicle,7,Sunday,113,RIGHT NEAR (INTERSECTIONS ONLY),1,68997,Y intersection,3,50,Local Road,HAUGHTON,MONASH,-37.90129,145.08899,2020,8,August,16,Afternoon Peak,Weekend
T20200015570,2020-08-23,11:30:00,2,Struck Pedestrian,7,Sunday,100,PED NEAR SIDE. PED HIT BY VEHICLE FROM THE RIGHT.,1,662284,Not at intersection,3,40,Local Road,NICHOLSON,YARRA,-37.80309,144.99718,2020,8,August,11,Midday,Weekend
T20200015556,2020-08-23,19:00:00,4,Collision with a fixed object,7,Sunday,171,LEFT OFF CARRIAGEWAY INTO OBJECT/PARKED VEHICLE,3,666696,T intersection,3,50,Local Road,WILLANDRA,WHITTLESEA,-37.64839,145.00883,2020,8,August,19,Night,Weekend
T20200015552,2020-08-23,15:05:00,1,Collision with vehicle,7,Sunday,110,CROSS TRAFFIC(INTERSECTIONS ONLY),1,660562,Cross intersection,2,80,Arterial Other,BANNOCKBURN-SHELFORD ROAD -MAIN,GOLDEN PLAINS,-38.029774,144.06538,2020,8,August,15,Afternoon Peak,Weekend
T20200016314,2020-08-23,18:30:00,1,Collision with vehicle,7,Sunday,145,REVERSING IN STREAM OF TRAFFIC,3,250803,Y intersection,2,40,Local Road,FRANKLIN,MELBOURNE,-37.808685,144.95781,2020,8,August,18,Afternoon Peak,Weekend
T20200015551,2020-08-23,15:55:00,1,Collision with vehicle,7,Sunday,120,HEAD ON (NOT OVERTAKING),1,78865,Not at intersection,2,60,Arterial Other,MACARTHUR,MELBOURNE,-37.788128,144.95485,2020,8,August,15,Afternoon Peak,Weekend
T20200015548,2020-08-23,13:49:00,1,Collision with vehicle,7,Sunday,130,REAR END(VEHICLES IN SAME LANE),1,669315,Not at intersection,3,80,Arterial Highway,WARBURTON,YARRA RANGES,-37.781013,145.4345,2020,8,August,13,Midday,Weekend
T20210009529,2020-08-23,12:30:00,2,Struck Pedestrian,7,Sunday,104,PED WALKING WITH TRAFFIC,1,682771,Cross intersection,3,100,Local Road,MYERS FLAT,BENDIGO,-36.68281,144.1162,2020,8,August,12,Midday,Weekend
T20200015553,2020-08-23,16:25:00,1,Collision with vehicle,7,Sunday,160,VEHICLE COLLIDES WITH VEHICLE PARKED ON LEFT OF ROAD,1,660473,Not at intersection,3,60,Arterial Other,ESPLANADE,MORNINGTON PENINSULA,-38.245544,145.02971,2020,8,August,16,Afternoon Peak,Weekend
T20200015676,2020-08-24,07:40:00,1,Collision with vehicle,1,Monday,131,LEFT REAR,1,51018,Cross intersection,3,50,Arterial Highway,WYNDHAM,SHEPPARTON,-36.374054,145.40077,2020,8,August,7,Morning Peak,Weekday
T20200015606,2020-08-24,21:08:00,1,Collision with vehicle,1,Monday,121,RIGHT THROUGH,3,221849,T intersection,3,70,Freeway,THOMPSONS,MANNINGHAM,-37.779137,145.08209,2020,8,August,21,Night,Weekday
T20200015604,2020-08-24,19:22:00,2,Struck Pedestrian,1,Monday,103,PED PLAYING/LYING/WORKING/STANDING ON CARRIAGEWAY.,3,667320,Not at intersection,2,60,Arterial Highway,NAPIER,BENDIGO,-36.733894,144.303,2020,8,August,19,Night,Weekday
T20200016263,2020-08-24,08:30:00,1,Collision with vehicle,1,Monday,130,REAR END(VEHICLES IN SAME LANE),1,773294,Not at intersection,3,40,Arterial Other,MELVILLE,MORELAND,-37.739296,144.9457,2020,8,August,8,Morning Peak,Weekday
T20200015594,2020-08-24,16:45:00,1,Collision with vehicle,1,Monday,130,REAR END(VEHICLES IN SAME LANE),1,660647,Not at intersection,2,100,Freeway,WESTERN,MELTON,-37.752743,144.72932,2020,8,August,16,Afternoon Peak,Weekday
T20200015603,2020-08-24,15:51:00,1,Collision with vehicle,1,Monday,110,CROSS TRAFFIC(INTERSECTIONS ONLY),1,94,Cross intersection,3,80,Arterial Other,SYDNEY,HUME,-37.651005,144.95267,2020,8,August,15,Afternoon Peak,Weekday
T20200016785,2020-08-24,21:00:00,1,Collision with vehicle,1,Monday,110,CROSS TRAFFIC(INTERSECTIONS ONLY),6,54837,Cross intersection,3,60,Arterial Highway,MCLENNAN,SHEPPARTON,-36.39405,145.36308,2020,8,August,21,Night,Weekday
T20200015830,2020-08-24,23:30:00,3,Struck animal,1,Monday,167,STRUCK ANIMAL,5,662700,Not at intersection,3,100,Arterial Other,BANNOCKBURN-SHELFORD,GOLDEN PLAINS,-38.045074,144.13315,2020,8,August,23,Night,Weekday
T20200015630,2020-08-24,13:30:00,1,Collision with vehicle,1,Monday,121,RIGHT THROUGH,1,52857,Cross intersection,3,60,Arterial Highway,DOVETON,BALLARAT,-37.559467,143.85521,2020,8,August,13,Midday,Weekday
T20200015605,2020-08-24,19:15:00,4,Collision with a fixed object,1,Monday,171,LEFT OFF CARRIAGEWAY INTO OBJECT/PARKED VEHICLE,3,669696,Not at intersection,2,80,Arterial Other,CRAIGIEBURN,HUME,-37.589897,144.88007,2020,8,August,19,Night,Weekday
T20200015588,2020-08-24,14:40:00,2,Struck Pedestrian,1,Monday,100,PED NEAR SIDE. PED HIT BY VEHICLE FROM THE RIGHT.,1,45410,Multiple intersection,3,50,Arterial Other,BUCKLEY,MOONEE VALLEY,-37.7581,144.92645,2020,8,August,14,Midday,Weekday
T20200015581,2020-08-24,13:42:00,1,Collision with vehicle,1,Monday,160,VEHICLE COLLIDES WITH VEHICLE PARKED ON LEFT OF ROAD,1,779886,Not at intersection,3,60,Arterial Other,BALLARAT,MARIBYRNONG,-37.792736,144.89462,2020,8,August,13,Midday,Weekday
T20200017876,2020-08-24,15:30:00,1,Collision with vehicle,1,Monday,113,RIGHT NEAR (INTERSECTIONS ONLY),1,37342,T intersection,3,60,Local Road,ALBATROSS,WYNDHAM,-37.88798,144.66989,2020,8,August,15,Afternoon Peak,Weekday
T20200015595,2020-08-24,17:04:00,1,Collision with vehicle,1,Monday,121,RIGHT THROUGH,2,39781,Cross intersection,3,80,Arterial Other,DORSET,MAROONDAH,-37.813393,145.28812,2020,8,August,17,Afternoon Peak,Weekday
T20200015859,2020-08-24,19:15:00,1,Collision with vehicle,1,Monday,160,VEHICLE COLLIDES WITH VEHICLE PARKED ON LEFT OF ROAD,3,773511,Not at intersection,2,50,Local Road,ADELE,KNOX,-37.88453,145.27432,2020,8,August,19,Night,Weekday
T20200016959,2020-08-24,08:45:00,1,Collision with vehicle,1,Monday,130,REAR END(VEHICLES IN SAME LANE),1,35556,Cross intersection,3,80,Arterial Highway,WARRIGAL,MONASH,-37.89309,145.0882,2020,8,August,8,Morning Peak,Weekday
T20200015633,2020-08-24,15:22:00,1,Collision with vehicle,1,Monday,130,REAR END(VEHICLES IN SAME LANE),1,729377,Not at intersection,3,70,Freeway,COLAC,GEELONG,-38.203438,144.30325,2020,8,August,15,Afternoon Peak,Weekday
T20200017000,2020-08-24,12:55:00,1,Collision with vehicle,1,Monday,119,OTHER ADJACENT (INTERSECTIONS ONLY),1,53085,T intersection,2,80,Arterial Other,GILLIES STREET S-WINTER,BALLARAT,-37.56862,143.81621,2020,8,August,12,Midday,Weekday
T20200015664,2020-08-24,04:33:00,6,Vehicle overturned (no collision),1,Monday,170,OFF CARRIAGEWAY TO LEFT,3,665839,Not at intersection,2,100,Local Road,CROSHER,WANGARATTA,-36.343163,146.3643,2020,8,August,4,Late Night,Weekday
T20200015651,2020-08-25,18:00:00,1,Collision with vehicle,2,Tuesday,121,RIGHT THROUGH,2,35319,Cross intersection,2,40,Arterial Other,VICTORIA,MELBOURNE,-37.806973,144.96585,2020,8,August,18,Afternoon Peak,Weekday
T20200015654,2020-08-25,16:00:00,2,Struck Pedestrian,2,Tuesday,100,PED NEAR SIDE. PED HIT BY VEHICLE FROM THE RIGHT.,1,354466,Cross intersection,3,60,Arterial Highway,MURRAY,DAREBIN,-37.740143,145.0235,2020,8,August,16,Afternoon Peak,Weekday
T20200015652,2020-08-25,19:50:00,3,Struck animal,2,Tuesday,167,STRUCK ANIMAL,5,665740,Not at intersection,2,80,Local Road,COUANGALT,MACEDON RANGES,-37.537163,144.58415,2020,8,August,19,Night,Weekday
T20200015618,2020-08-25,06:25:00,4,Collision with a fixed object,2,Tuesday,173,RIGHT OFF CARRIAGEWAY INTO OBJECT/PARKED VEHICLE,1,665911,Not at intersection,2,80,Local Road,BALLARTO,CASEY,-38.13209,145.31328,2020,8,August,6,Morning Peak,Weekday
T20200015648,2020-08-25,16:38:00,4,Collision with a fixed object,2,Tuesday,183,OFF LEFT BEND INTO OBJECT/PARKED VEHICLE,1,700547,Not at intersection,2,80,Arterial Highway,MAROONDAH,MAROONDAH,-37.77905,145.29164,2020,8,August,16,Afternoon Peak,Weekday
T20200015677,2020-08-25,17:20:00,8,No collision and no object struck,2,Tuesday,174,OUT OF CONTROL ON CARRIAGEWAY (ON STRAIGHT),1,661165,Not at intersection,3,50,Local Road,CLARICE,WHITEHORSE,-37.835865,145.13373,2020,8,August,17,Afternoon Peak,Weekday
T20200015644,2020-08-25,14:40:00,4,Collision with a fixed object,2,Tuesday,173,RIGHT OFF CARRIAGEWAY INTO OBJECT/PARKED VEHICLE,1,662617,Not at intersection,3,80,Arterial Highway,STUD,KNOX,-37.927494,145.23303,2020,8,August,14,Midday,Weekday
T20200015657,2020-08-25,20:50:00,2,Struck Pedestrian,2,Tuesday,100,PED NEAR SIDE. PED HIT BY VEHICLE FROM THE RIGHT.,3,661012,Cross intersection,2,80,Arterial Highway,PRINCES,GEELONG,-38.068855,144.37701,2020,8,August,20,Night,Weekday
T20200015672,2020-08-25,18:45:00,1,Collision with vehicle,2,Tuesday,145,REVERSING IN STREAM OF TRAFFIC,3,660893,Not at intersection,3,50,Local Road,CURACOA,MORNINGTON PENINSULA,-38.29635,145.1764,2020,8,August,18,Afternoon Peak,Weekday
T20200015781,2020-08-25,21:30:00,2,Struck Pedestrian,2,Tuesday,109,ANY MANOEUVRE INVOLVING PED NOT INCLUDED IN DCAs 100-108.,3,660955,Not at intersection,3,50,Local Road,LYLE,MOORABOOL,-37.670334,144.43143,2020,8,August,21,Night,Weekday
T20200015611,2020-08-25,00:15:00,1,Collision with vehicle,2,Tuesday,160,VEHICLE COLLIDES WITH VEHICLE PARKED ON LEFT OF ROAD,3,729376,Not at intersection,3,50,Local Road,CHADSTONE,STONNINGTON,-37.883133,145.07892,2020,8,August,0,Late Night,Weekday
T20200015981,2020-08-25,12:45:00,1,Collision with vehicle,2,Tuesday,116,LEFT NEAR (INTERSECTIONS ONLY),1,29492,T intersection,3,60,Local Road,ANDREW,DAREBIN,-37.769993,145.00444,2020,8,August,12,Midday,Weekday
T20200015740,2020-08-25,10:00:00,1,Collision with vehicle,2,Tuesday,111,RIGHT FAR (INTERSECTIONS ONLY),1,292051,T intersection,3,100,Arterial Other,BARWON HEADS,GEELONG,-38.266716,144.45627,2020,8,August,10,Midday,Weekday
T20200015660,2020-08-25,17:53:00,1,Collision with vehicle,2,Tuesday,110,CROSS TRAFFIC(INTERSECTIONS ONLY),1,58190,Cross intersection,1,100,Local Road,DEAKIN,MILDURA,-34.251762,142.08182,2020,8,August,17,Afternoon Peak,Weekday
T20200017878,2020-08-25,17:00:00,7,Fall from or in moving vehicle,2,Tuesday,190,FELL IN/FROM VEHICLE,9,663981,Not at intersection,3,50,Local Road,NORTON,MAROONDAH,-37.799503,145.2853,2020,8,August,17,Afternoon Peak,Weekday
T20200015656,2020-08-25,19:20:00,4,Collision with a fixed object,2,Tuesday,173,RIGHT OFF CARRIAGEWAY INTO OBJECT/PARKED VEHICLE,5,669536,Not at intersection,2,100,Arterial Other,EUROA-MANSFIELD,STRATHBOGIE,-36.85592,145.57608,2020,8,August,19,Night,Weekday
T20210013057,2020-08-25,18:20:00,1,Collision with vehicle,2,Tuesday,120,HEAD ON (NOT OVERTAKING),3,685659,Not at intersection,3,100,Arterial Highway,DANDENONG-HASTINGS,CASEY,-38.121643,145.23073,2020,8,August,18,Afternoon Peak,Weekday
T20200015718,2020-08-26,16:35:00,1,Collision with vehicle,3,Wednesday,121,RIGHT THROUGH,1,73954,T intersection,2,100,Arterial Other,CORINELLA,BASS COAST,-38.427032,145.46732,2020,8,August,16,Afternoon Peak,Weekday
T20200015663,2020-08-26,01:38:00,4,Collision with a fixed object,3,Wednesday,173,RIGHT OFF CARRIAGEWAY INTO OBJECT/PARKED VEHICLE,3,719272,Not at intersection,2,60,Local Road,ELIZABETH,HUME,-37.679035,144.89867,2020,8,August,1,Late Night,Weekday
T20200015716,2020-08-26,15:56:00,1,Collision with vehicle,3,Wednesday,133,LANE SIDE SWIPE (VEHICLES IN PARALLEL LANES),1,660816,Not at intersection,2,60,Arterial Other,BOUNDARY,GEELONG,-38.168407,144.38457,2020,8,August,15,Afternoon Peak,Weekday
T20200015670,2020-08-26,07:25:00,1,Collision with vehicle,3,Wednesday,135,LANE CHANGE LEFT (NOT OVERTAKING),1,665882,Not at intersection,3,60,Arterial Highway,BRIGHTON ROAD SERVICE,PORT PHILLIP,-37.86832,144.9872,2020,8,August,7,Morning Peak,Weekday
T20200015930,2020-08-26,14:43:00,1,Collision with vehicle,3,Wednesday,130,REAR END(VEHICLES IN SAME LANE),1,54276,Cross intersection,3,80,Arterial Other,CITY,MELBOURNE,-37.82567,144.96042,2020,8,August,14,Midday,Weekday
T20200015789,2020-08-26,13:25:00,1,Collision with vehicle,3,Wednesday,110,CROSS TRAFFIC(INTERSECTIONS ONLY),1,43139,Cross intersection,3,50,Local Road,ASH,CASEY,-37.992355,145.24214,2020,8,August,13,Midday,Weekday
T20200015697,2020-08-26,17:15:00,1,Collision with vehicle,3,Wednesday,136,RIGHT TURN SIDESWIPE,1,665879,Cross intersection,3,50,Local Road,LAKESIDE,CARDINIA,-38.061886,145.45529,2020,8,August,17,Afternoon Peak,Weekday
T20200015704,2020-08-26,16:00:00,4,Collision with a fixed object,3,Wednesday,173,RIGHT OFF CARRIAGEWAY INTO OBJECT/PARKED VEHICLE,1,660815,Not at intersection,2,50,Local Road,CEDAR,GLEN EIRA,-37.887127,145.02075,2020,8,August,16,Afternoon Peak,Weekday
T20200015703,2020-08-26,15:00:00,1,Collision with vehicle,3,Wednesday,110,CROSS TRAFFIC(INTERSECTIONS ONLY),1,49822,Cross intersection,2,60,Local Road,BACKWELL,GEELONG,-38.124317,144.3505,2020,8,August,15,Afternoon Peak,Weekday
T20200015701,2020-08-26,15:32:00,1,Collision with vehicle,3,Wednesday,130,REAR END(VEHICLES IN SAME LANE),1,36082,T intersection,3,60,Local Road,ARDEN,MELBOURNE,-37.800095,144.94199,2020,8,August,15,Afternoon Peak,Weekday
T20200015698,2020-08-26,14:30:00,1,Collision with vehicle,3,Wednesday,131,LEFT REAR,1,660896,Not at intersection,2,100,Arterial Other,LOCKWOOD,BENDIGO,-36.81043,144.16553,2020,8,August,14,Midday,Weekday
T20200016647,2020-08-26,17:25:00,1,Collision with vehicle,3,Wednesday,110,CROSS TRAFFIC(INTERSECTIONS ONLY),2,55601,Cross intersection,3,100,Local Road,KOONDROOK WEST,GANNAWARRA,-35.642796,144.1147,2020,8,August,17,Afternoon Peak,Weekday
T20200015699,2020-08-26,17:20:00,1,Collision with vehicle,3,Wednesday,160,VEHICLE COLLIDES WITH VEHICLE PARKED ON LEFT OF ROAD,2,665568,Not at intersection,3,60,Arterial Highway,POPE,SOUTHERN GRAMPIANS,-37.740627,142.01927,2020,8,August,17,Afternoon Peak,Weekday
T20200015667,2020-08-26,06:45:00,1,Collision with vehicle,3,Wednesday,139,OTHER SAME DIRECTION-MANOUEVRES NOT INCLUDED IN DCAs 130-137,1,299102,Not at intersection,2,100,Freeway,WESTERN RING,MORELAND,-37.6972,144.89919,2020,8,August,6,Morning Peak,Weekday
T20200015680,2020-08-26,12:52:00,2,Struck Pedestrian,3,Wednesday,103,PED PLAYING/LYING/WORKING/STANDING ON CARRIAGEWAY.,1,607396,Not at intersection,3,40,Local Road,LONSDALE,MELBOURNE,-37.811134,144.96619,2020,8,August,12,Midday,Weekday
T20200017382,2020-08-26,13:00:00,1,Collision with vehicle,3,Wednesday,131,LEFT REAR,1,52276,T intersection,3,50,Arterial Other,TRAMWAY,LATROBE,-38.23495,146.43837,2020,8,August,13,Midday,Weekday
T20200016311,2020-08-26,09:00:00,1,Collision with vehicle,3,Wednesday,163,VEHICLE STRIKES DOOR OF PARKED/STATIONARY VEHICLE,1,676513,Not at intersection,3,60,Arterial Other,ST KILDA ROAD SERVICE,PORT PHILLIP,-37.854202,144.98189,2020,8,August,9,Morning Peak,Weekday
T20200015681,2020-08-26,12:00:00,1,Collision with vehicle,3,Wednesday,134,LANE CHANGE RIGHT (NOT OVERTAKING),1,660895,Not at intersection,3,60,Arterial Other,GRANGE,DAREBIN,-37.778683,145.02516,2020,8,August,12,Midday,Weekday
T20200015683,2020-08-26,12:30:00,4,Collision with a fixed object,3,Wednesday,171,LEFT OFF CARRIAGEWAY INTO OBJECT/PARKED VEHICLE,1,665913,Not at intersection,2,100,Freeway,PRINCES,GEELONG,-38.002552,144.49142,2020,8,August,12,Midday,Weekday
T20200015684,2020-08-26,12:20:00,1,Collision with vehicle,3,Wednesday,116,LEFT NEAR (INTERSECTIONS ONLY),1,661890,T intersection,2,50,Local Road,SCHOOL,BAW BAW,-38.21463,146.15744,2020,8,August,12,Midday,Weekday