ACCIDENT_NO,ACCIDENT_DATE,ACCIDENT_TIME,ACCIDENT_TYPE,ACCIDENT_TYPE_DESC,DAY_OF_WEEK,DAY_WEEK_DESC,DCA_CODE,DCA_DESC,LIGHT_CONDITION,NODE_ID,ROAD_GEOMETRY_DESC,SEVERITY,SPEED_ZONE,RMA,ROAD_NAME,LGA_NAME,LATITUDE,LONGITUDE,YEAR,MONTH,MONTH_NAME,HOUR,TIME_PERIOD,DAY_TYPE
T20200015685,2020-08-26,10:56:00,1,Collision with vehicle,3,Wednesday,121,RIGHT THROUGH,1,228531,T intersection,3,60,Local Road,CAROLINE SPRINGS,MELTON,-37.72957,144.74161,2020,8,August,10,Midday,Weekday
T20200015688,2020-08-26,13:59:00,6,Vehicle overturned (no collision),3,Wednesday,170,OFF CARRIAGEWAY TO LEFT,1,665193,T intersection,3,60,Arterial Other,BULLA,HUME,-37.637306,144.80411,2020,8,August,13,Midday,Weekday
T20200015721,2020-08-26,08:31:00,1,Collision with vehicle,3,Wednesday,160,VEHICLE COLLIDES WITH VEHICLE PARKED ON LEFT OF ROAD,1,729915,Not at intersection,3,50,Local Road,PRINCE,DANDENONG,-37.946247,145.15572,2020,8,August,8,Morning Peak,Weekday
T20200017220,2020-08-27,17:50:00,4,Collision with a fixed object,4,Thursday,171,LEFT OFF CARRIAGEWAY INTO OBJECT/PARKED VEHICLE,2,665914,Not at intersection,3,50,Local Road,GLENELG,GEELONG,-38.075363,144.35403,2020,8,August,17,Afternoon Peak,Weekday
T20200015707,2020-08-27,02:31:00,2,Struck Pedestrian,4,Thursday,103,PED PLAYING/LYING/WORKING/STANDING ON CARRIAGEWAY.,3,660691,Not at intersection,1,70,Arterial Other,CANTERBURY,WHITEHORSE,-37.833607,145.20714,2020,8,August,2,Late Night,Weekday
T20200016368,2020-08-27,17:00:00,1,Collision with vehicle,4,Thursday,140,U TURN,1,661756,Not at intersection,3,60,Arterial Other,LA TROBE,BALLARAT,-37.571022,143.8205,2020,8,August,17,Afternoon Peak,Weekday
T20200015761,2020-08-27,22:25:00,4,Collision with a fixed object,4,Thursday,171,LEFT OFF CARRIAGEWAY INTO OBJECT/PARKED VEHICLE,3,664106,Cross intersection,2,60,Arterial Other,KEILOR PARK DRIVE -TULLAMARINE PARK,BRIMBANK,-37.713306,144.85953,2020,8,August,22,Night,Weekday
T20200015767,2020-08-27,19:00:00,4,Collision with a fixed object,4,Thursday,179,OTHER ACCIDENTS-OFF STRAIGHT NOT INCLUDED IN DCAs 170-175,5,773509,Not at intersection,3,100,Arterial Highway,PRINCES,WELLINGTON,-37.943153,147.13347,2020,8,August,19,Night,Weekday
T20200015748,2020-08-27,16:40:00,1,Collision with vehicle,4,Thursday,110,CROSS TRAFFIC(INTERSECTIONS ONLY),1,238262,Cross intersection,2,50,Local Road,LANGRIDGE,PORT PHILLIP,-37.8527,144.96707,2020,8,August,16,Afternoon Peak,Weekday
T20200015764,2020-08-27,23:00:00,1,Collision with vehicle,4,Thursday,121,RIGHT THROUGH,3,1246,Cross intersection,3,60,Arterial Other,BALLARAT,BRIMBANK,-37.77039,144.77472,2020,8,August,23,Night,Weekday
T20200015865,2020-08-27,15:15:00,1,Collision with vehicle,4,Thursday,163,VEHICLE STRIKES DOOR OF PARKED/STATIONARY VEHICLE,1,665744,Not at intersection,2,50,Local Road,SMITH,YARRA,-37.802532,144.98366,2020,8,August,15,Afternoon Peak,Weekday
T20220010535,2020-08-27,22:10:00,7,Fall from or in moving vehicle,4,Thursday,149,OTHER MANOEUVRING NOT INCLUDED IN DCAs 140-148,6,731462,Not at intersection,3,40,Arterial Other,BRIDGE,YARRA,-37.818577,144.99892,2020,8,August,22,Night,Weekday
T20200016751,2020-08-27,12:30:00,1,Collision with vehicle,4,Thursday,110,CROSS TRAFFIC(INTERSECTIONS ONLY),1,288354,Multiple intersection,3,60,Freeway,BULLA,MOONEE VALLEY,-37.735954,144.90494,2020,8,August,12,Midday,Weekday
T20200015745,2020-08-27,15:57:00,1,Collision with vehicle,4,Thursday,132,RIGHT REAR.,1,661466,Not at intersection,3,100,Local Road,FORGE CREEK,EAST GIPPSLAND,-37.85808,147.60472,2020,8,August,15,Afternoon Peak,Weekday
T20200015751,2020-08-27,18:34:00,1,Collision with vehicle,4,Thursday,160,VEHICLE COLLIDES WITH VEHICLE PARKED ON LEFT OF ROAD,5,729379,Not at intersection,2,50,Local Road,TENNYSON,DAREBIN,-37.731934,145.00893,2020,8,August,18,Afternoon Peak,Weekday
T20200015754,2020-08-27,17:57:00,5,collision with some other object,4,Thursday,198,OTHER ACCIDENTS NOT CLASSIFIABLE ELSEWHERE,4,661085,Not at intersection,3,70,Arterial Highway,SPRINGVALE,WHITEHORSE,-37.835777,145.17233,2020,8,August,17,Afternoon Peak,Weekday
T20200015757,2020-08-27,20:14:00,1,Collision with vehicle,4,Thursday,110,CROSS TRAFFIC(INTERSECTIONS ONLY),3,43915,Cross intersection,2,60,Arterial Other,CLYDE-FIVE WAYS,CASEY,-38.118744,145.32716,2020,8,August,20,Night,Weekday
T20200015715,2020-08-27,07:00:00,5,collision with some other object,4,Thursday,198,OTHER ACCIDENTS NOT CLASSIFIABLE ELSEWHERE,1,265681,Not at intersection,3,60,Arterial Other,MONBULK,YARRA RANGES,-37.787697,145.38559,2020,8,August,7,Morning Peak,Weekday
T20200015728,2020-08-27,13:17:00,1,Collision with vehicle,4,Thursday,113,RIGHT NEAR (INTERSECTIONS ONLY),1,663873,T intersection,3,60,Arterial Other,BORONIA,KNOX,-37.86304,145.29329,2020,8,August,13,Midday,Weekday
T20200015719,2020-08-27,10:30:00,8,No collision and no object struck,4,Thursday,174,OUT OF CONTROL ON CARRIAGEWAY (ON STRAIGHT),1,15303,T intersection,3,60,Local Road,BARRINGO,MACEDON RANGES,-37.45531,144.59967,2020,8,August,10,Midday,Weekday
T20200015989,2020-08-27,09:52:00,2,Struck Pedestrian,4,Thursday,104,PED WALKING WITH TRAFFIC,1,29377,Cross intersection,3,50,Arterial Other,KING,MELBOURNE,-37.805504,144.94865,2020,8,August,9,Morning Peak,Weekday
T20200015723,2020-08-27,05:40:00,1,Collision with vehicle,4,Thursday,160,VEHICLE COLLIDES WITH VEHICLE PARKED ON LEFT OF ROAD,3,662155,Not at intersection,2,60,Local Road,RICKETTS,MONASH,-37.895573,145.14153,2020,8,August,5,Morning Peak,Weekday
T20200015730,2020-08-27,12:00:00,4,Collision with a fixed object,4,Thursday,171,LEFT OFF CARRIAGEWAY INTO OBJECT/PARKED VEHICLE,1,662466,Not at intersection,2,80,Local Road,SHEEPWAYS,SOUTH GIPPSLAND,-38.489418,145.67793,2020,8,August,12,Midday,Weekday
T20200015733,2020-08-27,08:35:00,8,No collision and no object struck,4,Thursday,174,OUT OF CONTROL ON CARRIAGEWAY (ON STRAIGHT),1,661167,Cross intersection,2,60,Arterial Highway,FOOTSCRAY,MELBOURNE,-37.809082,144.93211,2020,8,August,8,Morning Peak,Weekday
T20200015735,2020-08-27,13:00:00,1,Collision with vehicle,4,Thursday,110,CROSS TRAFFIC(INTERSECTIONS ONLY),1,929,Cross intersection,2,80,Arterial Highway,FRANKSTON-DANDENONG,FRANKSTON,-38.105297,145.16763,2020,8,August,13,Midday,Weekday
T20200016007,2020-08-28,16:15:00,1,Collision with vehicle,5,Friday,148,VEHICLE OFF FOOTPATH STRIKES VEH ON CARRIAGEWAY,1,666700,Not at intersection,2,50,Local Road,MATTHEWS,GEELONG,-38.07058,144.33931,2020,8,August,16,Afternoon Peak,Weekday
T20200015810,2020-08-28,14:00:00,1,Collision with vehicle,5,Friday,132,RIGHT REAR.,1,45498,Cross intersection,3,60,Arterial Other,MORELAND,MORELAND,-37.752457,144.93872,2020,8,August,14,Midday,Weekday
T20200015808,2020-08-28,14:55:00,1,Collision with vehicle,5,Friday,139,OTHER SAME DIRECTION-MANOUEVRES NOT INCLUDED IN DCAs 130-137,1,663010,Not at intersection,3,100,Freeway,EASTLINK,DANDENONG,-37.991657,145.1918,2020,8,August,14,Midday,Weekday
T20200015806,2020-08-28,17:10:00,1,Collision with vehicle,5,Friday,135,LANE CHANGE LEFT (NOT OVERTAKING),3,780683,Not at intersection,3,70,Arterial Other,BALLARAT,MARIBYRNONG,-37.78073,144.86067,2020,8,August,17,Afternoon Peak,Weekday
T20200015801,2020-08-28,16:45:00,1,Collision with vehicle,5,Friday,132,RIGHT REAR.,2,60265,T intersection,2,80,Arterial Other,BURTON,MACEDON RANGES,-37.2414,144.43613,2020,8,August,16,Afternoon Peak,Weekday
T20200015879,2020-08-28,16:30:00,1,Collision with vehicle,5,Friday,140,U TURN,1,661170,Not at intersection,3,50,Local Road,JAMES,WELLINGTON,-38.565216,146.67664,2020,8,August,16,Afternoon Peak,Weekday
T20200015822,2020-08-28,08:15:00,9,Other accident,5,Friday,174,OUT OF CONTROL ON CARRIAGEWAY (ON STRAIGHT),1,661015,Not at intersection,3,50,Local Road,CHRISTMAS,DAREBIN,-37.766403,145.01012,2020,8,August,8,Morning Peak,Weekday
T20200016061,2020-08-28,20:00:00,1,Collision with vehicle,5,Friday,130,REAR END(VEHICLES IN SAME LANE),3,38029,Cross intersection,3,50,Local Road,MITCHELL,DAREBIN,-37.773525,145.01125,2020,8,August,20,Night,Weekday
T20200015790,2020-08-28,11:35:00,1,Collision with vehicle,5,Friday,148,VEHICLE OFF FOOTPATH STRIKES VEH ON CARRIAGEWAY,1,661086,Not at intersection,2,60,Local Road,GEORGE,KNOX,-37.87903,145.21242,2020,8,August,11,Midday,Weekday
T20200015784,2020-08-28,13:45:00,4,Collision with a fixed object,5,Friday,171,LEFT OFF CARRIAGEWAY INTO OBJECT/PARKED VEHICLE,1,663773,Not at intersection,2,50,Local Road,ALBION,MORELAND,-37.758377,144.9424,2020,8,August,13,Midday,Weekday
T20200015800,2020-08-28,14:08:00,4,Collision with a fixed object,5,Friday,151,OUT OF CONTROL (OVERTAKING),1,661242,Not at intersection,2,50,Local Road,HIGHFIELD,MELTON,-37.66183,144.57822,2020,8,August,14,Midday,Weekday
T20200015788,2020-08-28,14:40:00,1,Collision with vehicle,5,Friday,147,VEHICLE STRIKES ANOTHER VEH WHILE EMERGING FROM DRIVEWAY,1,661041,Not at intersection,2,60,Local Road,CLEELAND,DANDENONG,-37.98358,145.2148,2020,8,August,14,Midday,Weekday
T20200015766,2020-08-28,07:00:00,1,Collision with vehicle,5,Friday,130,REAR END(VEHICLES IN SAME LANE),1,676577,Not at intersection,3,40,Freeway,WEST GATE,HOBSONS BAY,-37.825523,144.82646,2020,8,August,7,Morning Peak,Weekday
T20200015770,2020-08-28,08:30:00,1,Collision with vehicle,5,Friday,199,UNKNOWN-NO DETAILS ON MANOEUVRES OF ROAD-USERS IN ACCIDENT,1,661013,Not at intersection,3,60,Local Road,HUMFFRAY,BALLARAT,-37.55447,143.88338,2020,8,August,8,Morning Peak,Weekday
T20200015799,2020-08-28,14:40:00,1,Collision with vehicle,5,Friday,163,VEHICLE STRIKES DOOR OF PARKED/STATIONARY VEHICLE,1,665746,Not at intersection,3,40,Arterial Other,HIGH,STONNINGTON,-37.85583,145.02324,2020,8,August,14,Midday,Weekday
T20200015776,2020-08-28,11:35:00,4,Collision with a fixed object,5,Friday,175,OFF END OF ROAD/T-INTERSECTION.,1,64229,T intersection,3,50,Local Road,MCDERMOTT,YARRA RANGES,-37.77558,145.31747,2020,8,August,11,Midday,Weekday
T20200015778,2020-08-28,12:50:00,1,Collision with vehicle,5,Friday,140,U TURN,1,664359,T intersection,2,60,Arterial Other,VINES,GEELONG,-38.11743,144.32893,2020,8,August,12,Midday,Weekday
T20200016465,2020-08-28,15:14:00,1,Collision with vehicle,5,Friday,147,VEHICLE STRIKES ANOTHER VEH WHILE EMERGING FROM DRIVEWAY,1,666699,Not at intersection,3,80,Arterial Other,BORONIA,KNOX,-37.84826,145.22993,2020,8,August,15,Afternoon Peak,Weekday
T20200015821,2020-08-28,14:40:00,1,Collision with vehicle,5,Friday,130,REAR END(VEHICLES IN SAME LANE),1,44628,Cross intersection,3,50,Arterial Highway,HIGH,BENDIGO,-36.77503,144.25539,2020,8,August,14,Midday,Weekday
T20200019758,2020-08-28,09:00:00,8,No collision and no object struck,5,Friday,174,OUT OF CONTROL ON CARRIAGEWAY (ON STRAIGHT),1,666653,Not at intersection,3,50,Local Road,CLARKES,MELTON,-37.692062,144.54826,2020,8,August,9,Morning Peak,Weekday
T20200015817,2020-08-28,22:40:00,1,Collision with vehicle,5,Friday,160,VEHICLE COLLIDES WITH VEHICLE PARKED ON LEFT OF ROAD,3,664511,Not at intersection,3,60,Arterial Other,BAY,BAYSIDE,-37.95336,145.01698,2020,8,August,22,Night,Weekday
T20200015815,2020-08-28,15:00:00,1,Collision with vehicle,5,Friday,113,RIGHT NEAR (INTERSECTIONS ONLY),1,62173,T intersection,2,40,Local Road,EXFORD,MELTON,-37.706978,144.57431,2020,8,August,15,Afternoon Peak,Weekday
T20200015813,2020-08-28,19:00:00,1,Collision with vehicle,5,Friday,130,REAR END(VEHICLES IN SAME LANE),3,661673,Not at intersection,3,60,Arterial Other,BUCKLEY,MOONEE VALLEY,-37.755337,144.90186,2020,8,August,19,Night,Weekday
T20200016302,2020-08-28,18:30:00,2,Struck Pedestrian,5,Friday,102,FAR SIDE. PED HIT BY VEHICLE FROM THE LEFT,5,666914,Not at intersection,3,60,Local Road,CALDER PARK,MELTON,-37.7119,144.75545,2020,8,August,18,Afternoon Peak,Weekday
T20200016162,2020-08-28,11:45:00,2,Struck Pedestrian,5,Friday,108,PED STRUCK WALKING TO/FROM OR BOARDING/ALIGHTING VEHICLE.,1,773293,Not at intersection,3,40,Local Road,KAVANAGH,MELBOURNE,-37.82493,144.96335,2020,8,August,11,Midday,Weekday
T20200015883,2020-08-29,18:55:00,1,Collision with vehicle,6,Saturday,149,OTHER MANOEUVRING NOT INCLUDED IN DCAs 140-148,4,668996,Not at intersection,3,60,Local Road,DEVENISH,MOIRA,-36.274403,145.89403,2020,8,August,18,Afternoon Peak,Weekend
T20200015838,2020-08-29,09:55:00,1,Collision with vehicle,6,Saturday,130,REAR END(VEHICLES IN SAME LANE),1,660922,Not at intersection,1,100,Arterial Highway,MIDLAND,HEPBURN,-37.35773,144.07573,2020,8,August,9,Morning Peak,Weekend
T20200015871,2020-08-29,20:50:00,1,Collision with vehicle,6,Saturday,160,VEHICLE COLLIDES WITH VEHICLE PARKED ON LEFT OF ROAD,3,661042,Not at intersection,2,50,Local Road,THORNBILL,FRANKSTON,-38.110657,145.18022,2020,8,August,20,Night,Weekend
T20200015867,2020-08-29,17:30:00,4,Collision with a fixed object,6,Saturday,171,LEFT OFF CARRIAGEWAY INTO OBJECT/PARKED VEHICLE,1,661324,Not at intersection,3,100,Local Road,DALE,WANGARATTA,-36.344543,146.3257,2020,8,August,17,Afternoon Peak,Weekend
T20200015856,2020-08-29,23:10:00,6,Vehicle overturned (no collision),6,Saturday,174,OUT OF CONTROL ON CARRIAGEWAY (ON STRAIGHT),3,45263,T intersection,2,100,Freeway,PRINCES,CARDINIA,-38.068233,145.59036,2020,8,August,23,Night,Weekend
T20200015853,2020-08-29,21:15:00,2,Struck Pedestrian,6,Saturday,108,PED STRUCK WALKING TO/FROM OR BOARDING/ALIGHTING VEHICLE.,3,661410,Not at intersection,2,60,Arterial Other,HIGH,STONNINGTON,-37.859943,145.05598,2020,8,August,21,Night,Weekend
T20200015848,2020-08-29,17:30:00,1,Collision with vehicle,6,Saturday,121,RIGHT THROUGH,1,69003,T intersection,2,50,Local Road,BLACK FOREST,WYNDHAM,-37.90098,144.62248,2020,8,August,17,Afternoon Peak,Weekend
T20200015842,2020-08-29,14:30:00,4,Collision with a fixed object,6,Saturday,171,LEFT OFF CARRIAGEWAY INTO OBJECT/PARKED VEHICLE,1,661168,Not at intersection,2,100,Arterial Other,BARNAWARTHA,INDIGO,-36.050488,146.67737,2020,8,August,14,Midday,Weekend
T20200015843,2020-08-29,17:41:00,1,Collision with vehicle,6,Saturday,130,REAR END(VEHICLES IN SAME LANE),1,252346,Cross intersection,3,60,Local Road,LEAKES,WYNDHAM,-37.836212,144.7088,2020,8,August,17,Afternoon Peak,Weekend
T20200015841,2020-08-29,15:43:00,4,Collision with a fixed object,6,Saturday,171,LEFT OFF CARRIAGEWAY INTO OBJECT/PARKED VEHICLE,1,39371,Cross intersection,2,80,Arterial Other,CANTERBURY,WHITEHORSE,-37.830406,145.1363,2020,8,August,15,Afternoon Peak,Weekend
T20200015832,2020-08-29,10:44:00,1,Collision with vehicle,6,Saturday,110,CROSS TRAFFIC(INTERSECTIONS ONLY),1,603064,Cross intersection,2,100,Arterial Other,CAPE OTWAY,SURF COAST,-38.21981,144.21637,2020,8,August,10,Midday,Weekend
T20200015828,2020-08-29,09:20:00,1,Collision with vehicle,6,Saturday,121,RIGHT THROUGH,1,20017,Cross intersection,2,60,Arterial Highway,HIGH,BENDIGO,-36.76339,144.27068,2020,8,August,9,Morning Peak,Weekend
T20200015907,2020-08-29,13:15:00,1,Collision with vehicle,6,Saturday,130,REAR END(VEHICLES IN SAME LANE),1,329920,T intersection,2,70,Arterial Highway,SETTLEMENT,GEELONG,-38.17521,144.35222,2020,8,August,13,Midday,Weekend
T20200015825,2020-08-29,12:02:00,1,Collision with vehicle,6,Saturday,134,LANE CHANGE RIGHT (NOT OVERTAKING),1,250526,Cross intersection,2,80,Arterial Other,PLENTY,WHITTLESEA,-37.682976,145.06862,2020,8,August,12,Midday,Weekend
T20200015851,2020-08-29,20:00:00,4,Collision with a fixed object,6,Saturday,171,LEFT OFF CARRIAGEWAY INTO OBJECT/PARKED VEHICLE,3,666915,Not at intersection,2,60,Local Road,HIGH,DAREBIN,-37.726364,145.00606,2020,8,August,20,Night,Weekend
T20200016096,2020-08-29,20:06:00,4,Collision with a fixed object,6,Saturday,181,OFF RIGHT BEND INTO OBJECT/PARKED VEHICLE,3,780771,Not at intersection,3,60,Arterial Other,ALEXANDRA,STONNINGTON,-37.834064,145.00958,2020,8,August,20,Night,Weekend
T20200016356,2020-08-29,18:06:00,1,Collision with vehicle,6,Saturday,152,PULLING OUT (OVERTAKING),3,661755,Not at intersection,3,60,Local Road,MERTON,HOBSONS BAY,-37.869514,144.77782,2020,8,August,18,Afternoon Peak,Weekend
T20200015845,2020-08-29,16:55:00,1,Collision with vehicle,6,Saturday,113,RIGHT NEAR (INTERSECTIONS ONLY),1,661169,T intersection,2,80,Arterial Other,BERWICK-CRANBOURNE,CASEY,-38.10709,145.32954,2020,8,August,16,Afternoon Peak,Weekend
T20200016142,2020-08-29,08:37:00,1,Collision with vehicle,6,Saturday,135,LANE CHANGE LEFT (NOT OVERTAKING),1,665889,Not at intersection,3,80,Freeway,TULLAMARINE,MOONEE VALLEY,-37.72763,144.89082,2020,8,August,8,Morning Peak,Weekend
T20200015844,2020-08-29,16:00:00,1,Collision with vehicle,6,Saturday,116,LEFT NEAR (INTERSECTIONS ONLY),1,17664,Cross intersection,3,60,Arterial Highway,PRINCE,ALPINE,-36.558342,146.71982,2020,8,August,16,Afternoon Peak,Weekend
T20200018448,2020-08-30,08:40:00,1,Collision with vehicle,7,Sunday,130,REAR END(VEHICLES IN SAME LANE),1,668601,T intersection,3,60,Freeway,MONASH OUT-WARRIGAL,STONNINGTON,-37.882362,145.0903,2020,8,August,8,Morning Peak,Weekend
T20200015860,2020-08-30,06:10:00,4,Collision with a fixed object,7,Sunday,173,RIGHT OFF CARRIAGEWAY INTO OBJECT/PARKED VEHICLE,2,661206,Not at intersection,2,60,Local Road,GIOT,BALLARAT,-37.52028,143.83986,2020,8,August,6,Morning Peak,Weekend
T20200015868,2020-08-30,10:40:00,4,Collision with a fixed object,7,Sunday,171,LEFT OFF CARRIAGEWAY INTO OBJECT/PARKED VEHICLE,1,676406,Not at intersection,3,60,Local Road,WIDFORD,HUME,-37.68902,144.92627,2020,8,August,10,Midday,Weekend
T20200017752,2020-08-30,12:00:00,8,No collision and no object struck,7,Sunday,179,OTHER ACCIDENTS-OFF STRAIGHT NOT INCLUDED IN DCAs 170-175,1,780774,Not at intersection,3,60,Local Road,POLICE,BENALLA,-36.829735,145.87677,2020,8,August,12,Midday,Weekend
T20200017853,2020-08-30,14:30:00,1,Collision with vehicle,7,Sunday,110,CROSS TRAFFIC(INTERSECTIONS ONLY),9,51793,Cross intersection,3,50,Local Road,RICHARDS,MOUNT ALEXANDER,-37.05735,144.20871,2020,8,August,14,Midday,Weekend
T20200016063,2020-08-30,14:00:00,1,Collision with vehicle,7,Sunday,121,RIGHT THROUGH,1,46621,Multiple intersection,3,50,Arterial Highway,WURUNDJERI,MELBOURNE,-37.821846,144.9522,2020,8,August,14,Midday,Weekend
T20200015954,2020-08-30,11:00:00,1,Collision with vehicle,7,Sunday,130,REAR END(VEHICLES IN SAME LANE),1,676511,T intersection,2,80,Arterial Highway,DANDENONG,GLEN EIRA,-37.876152,145.04503,2020,8,August,11,Midday,Weekend
T20200015964,2020-08-30,08:30:00,4,Collision with a fixed object,7,Sunday,171,LEFT OFF CARRIAGEWAY INTO OBJECT/PARKED VEHICLE,1,668180,Not at intersection,3,50,Local Road,THE PARKWAY,MELTON,-37.74779,144.73108,2020,8,August,8,Morning Peak,Weekend
T20200015872,2020-08-30,14:15:00,1,Collision with vehicle,7,Sunday,111,RIGHT FAR (INTERSECTIONS ONLY),1,51165,Cross intersection,3,100,Local Road,DHURRINGILE,SHEPPARTON,-36.48421,145.24103,2020,8,August,14,Midday,Weekend
T20200017287,2020-08-30,11:30:00,1,Collision with vehicle,7,Sunday,130,REAR END(VEHICLES IN SAME LANE),1,663970,Cross intersection,3,60,Local Road,TAYLORS,BRIMBANK,-37.7275,144.78165,2020,8,August,11,Midday,Weekend
T20200018611,2020-08-30,05:00:00,5,collision with some other object,7,Sunday,166,STRUCK OBJECT ON CARRIAGEWAY,5,672966,Not at intersection,2,100,Local Road,BARTONS,MOYNE,-38.40257,142.76266,2020,8,August,5,Morning Peak,Weekend
T20200015893,2020-08-30,22:24:00,1,Collision with vehicle,7,Sunday,113,RIGHT NEAR (INTERSECTIONS ONLY),3,674263,T intersection,2,50,Local Road,GREAVES,WYNDHAM,-37.896187,144.6455,2020,8,August,22,Night,Weekend
T20200015891,2020-08-30,19:12:00,1,Collision with vehicle,7,Sunday,130,REAR END(VEHICLES IN SAME LANE),3,663599,Multiple intersection,2,100,Freeway,GEELONG RING,GEELONG,-38.207108,144.29967,2020,8,August,19,Night,Weekend
T20200015919,2020-08-31,08:45:00,4,Collision with a fixed object,1,Monday,171,LEFT OFF CARRIAGEWAY INTO OBJECT/PARKED VEHICLE,1,662357,Not at intersection,2,60,Arterial Other,BLACKBURN,MONASH,-37.921577,145.13914,2020,8,August,8,Morning Peak,Weekday
T20200015932,2020-08-31,18:10:00,1,Collision with vehicle,1,Monday,134,LANE CHANGE RIGHT (NOT OVERTAKING),3,70797,T intersection,2,80,Arterial Highway,CAMBRIA,DANDENONG,-37.99332,145.18839,2020,8,August,18,Afternoon Peak,Weekday
T20200015933,2020-08-31,16:11:00,1,Collision with vehicle,1,Monday,130,REAR END(VEHICLES IN SAME LANE),1,661243,Not at intersection,3,60,Local Road,MT RIDLEY,HUME,-37.56224,144.87871,2020,8,August,16,Afternoon Peak,Weekday
T20200015934,2020-08-31,14:05:00,1,Collision with vehicle,1,Monday,121,RIGHT THROUGH,1,947,Cross intersection,3,70,Arterial Highway,MOOROODUC,FRANKSTON,-38.157513,145.13496,2020,8,August,14,Midday,Weekday
T20200015917,2020-08-31,10:40:00,4,Collision with a fixed object,1,Monday,181,OFF RIGHT BEND INTO OBJECT/PARKED VEHICLE,1,666920,Not at intersection,2,100,Arterial Other,COLAC-LAVERS HILL,COLAC OTWAY,-38.61348,143.51292,2020,8,August,10,Midday,Weekday
T20200015939,2020-08-31,10:00:00,1,Collision with vehicle,1,Monday,160,VEHICLE COLLIDES WITH VEHICLE PARKED ON LEFT OF ROAD,1,674839,T intersection,3,50,Local Road,PEMBROKE,HUME,-37.604706,144.92592,2020,8,August,10,Midday,Weekday
T20200015911,2020-08-31,11:33:00,8,No collision and no object struck,1,Monday,174,OUT OF CONTROL ON CARRIAGEWAY (ON STRAIGHT),1,661171,Not at intersection,3,80,Arterial Highway,FRANKSTON-DANDENONG,DANDENONG,-38.05267,145.20782,2020,8,August,11,Midday,Weekday
T20200015940,2020-08-31,15:26:00,8,No collision and no object struck,1,Monday,174,OUT OF CONTROL ON CARRIAGEWAY (ON STRAIGHT),1,661325,Not at intersection,2,60,Local Road,MORRIS,YARRA RANGES,-37.905785,145.32964,2020,8,August,15,Afternoon Peak,Weekday
T20200015909,2020-08-31,08:16:00,6,Vehicle overturned (no collision),1,Monday,174,OUT OF CONTROL ON CARRIAGEWAY (ON STRAIGHT),1,666919,Multiple intersection,3,50,Arterial Other,BOLDREWOOD PARADE -STRATHMERTON,DAREBIN,-37.718193,145.0215,2020,8,August,8,Morning Peak,Weekday
T20200017036,2020-08-31,15:50:00,1,Collision with vehicle,1,Monday,131,LEFT REAR,1,795,Cross intersection,3,80,Arterial Highway,WELLINGTON,MONASH,-37.918484,145.1587,2020,8,August,15,Afternoon Peak,Weekday
T20200015902,2020-08-31,08:20:00,4,Collision with a fixed object,1,Monday,171,LEFT OFF CARRIAGEWAY INTO OBJECT/PARKED VEHICLE,1,681741,Not at intersection,2,60,Arterial Highway,BELL,MORELAND,-37.741604,144.96887,2020,8,August,8,Morning Peak,Weekday
T20200015898,2020-08-31,08:48:00,1,Collision with vehicle,1,Monday,130,REAR END(VEHICLES IN SAME LANE),1,29421,T intersection,2,70,Arterial Other,EDGARS,WHITTLESEA,-37.69372,145.0008,2020,8,August,8,Morning Peak,Weekday
T20200015897,2020-08-31,08:39:00,1,Collision with vehicle,1,Monday,121,RIGHT THROUGH,1,331835,T intersection,2,80,Arterial Highway,GEELONG,HOBSONS BAY,-37.82219,144.82994,2020,8,August,8,Morning Peak,Weekday
T20200016684,2020-09-01,12:00:00,5,collision with some other object,2,Tuesday,166,STRUCK OBJECT ON CARRIAGEWAY,1,662621,Not at intersection,3,100,Local Road,BANGERANG,CAMPASPE,-36.108986,144.85382,2020,9,September,12,Midday,Weekday
T20200016003,2020-09-01,16:00:00,2,Struck Pedestrian,2,Tuesday,102,FAR SIDE. PED HIT BY VEHICLE FROM THE LEFT,1,42169,Cross intersection,3,50,Local Road,BREWER,GLEN EIRA,-37.922348,145.03891,2020,9,September,16,Afternoon Peak,Weekday
T20200015999,2020-09-01,22:00:00,4,Collision with a fixed object,2,Tuesday,183,OFF LEFT BEND INTO OBJECT/PARKED VEHICLE,3,669771,Not at intersection,3,60,Local Road,HAMILTON,HORSHAM,-36.733704,142.20518,2020,9,September,22,Night,Weekday
T20200015997,2020-09-01,22:50:00,8,No collision and no object struck,2,Tuesday,172,OFF CARRIAGEWAY TO RIGHT,5,661326,Not at intersection,3,60,Local Road,YARROWEE,BALLARAT,-37.57297,143.84813,2020,9,September,22,Night,Weekday
T20200015994,2020-09-01,19:05:00,4,Collision with a fixed object,2,Tuesday,183,OFF LEFT BEND INTO OBJECT/PARKED VEHICLE,3,53831,T intersection,3,60,Arterial Highway,PRINCES,EAST GIPPSLAND,-37.823383,147.6456,2020,9,September,19,Night,Weekday
T20200015992,2020-09-01,19:50:00,4,Collision with a fixed object,2,Tuesday,181,OFF RIGHT BEND INTO OBJECT/PARKED VEHICLE,5,661528,Not at intersection,3,80,Arterial Highway,NEPEAN,MORNINGTON PENINSULA,-38.18425,145.09708,2020,9,September,19,Night,Weekday