ACCIDENT_NO,ACCIDENT_DATE,ACCIDENT_TIME,ACCIDENT_TYPE,ACCIDENT_TYPE_DESC,DAY_OF_WEEK,DAY_WEEK_DESC,DCA_CODE,DCA_DESC,LIGHT_CONDITION,NODE_ID,ROAD_GEOMETRY_DESC,SEVERITY,SPEED_ZONE,RMA,ROAD_NAME,LGA_NAME,LATITUDE,LONGITUDE,YEAR,MONTH,MONTH_NAME,HOUR,TIME_PERIOD,DAY_TYPE
T20200015991,2020-09-01,19:30:00,1,Collision with vehicle,2,Tuesday,110,CROSS TRAFFIC(INTERSECTIONS ONLY),3,36422,Cross intersection,2,60,Arterial Other,MORNINGTON-TYABB,MORNINGTON PENINSULA,-38.238914,145.06592,2020,9,September,19,Night,Weekday
T20200015988,2020-09-01,19:10:00,8,No collision and no object struck,2,Tuesday,174,OUT OF CONTROL ON CARRIAGEWAY (ON STRAIGHT),3,239464,T intersection,3,80,Arterial Other,CRANBOURNE,FRANKSTON,-38.151653,145.15298,2020,9,September,19,Night,Weekday
T20200015986,2020-09-01,16:15:00,1,Collision with vehicle,2,Tuesday,120,HEAD ON (NOT OVERTAKING),2,661467,Not at intersection,2,50,Local Road,OLD CHUM CREEK,YARRA RANGES,-37.586975,145.48383,2020,9,September,16,Afternoon Peak,Weekday
T20200015984,2020-09-01,14:04:00,1,Collision with vehicle,2,Tuesday,136,RIGHT TURN SIDESWIPE,1,64232,T intersection,3,50,Local Road,BRADLEY,BRIMBANK,-37.776012,144.83607,2020,9,September,14,Midday,Weekday
T20200015963,2020-09-01,13:18:00,1,Collision with vehicle,2,Tuesday,121,RIGHT THROUGH,1,41064,T intersection,2,60,Arterial Other,PASCOE VALE,MORELAND,-37.71336,144.91731,2020,9,September,13,Midday,Weekday
T20200016137,2020-09-01,13:13:00,1,Collision with vehicle,2,Tuesday,152,PULLING OUT (OVERTAKING),1,39656,T intersection,3,50,Local Road,MULLUM MULLUM,MAROONDAH,-37.805046,145.23398,2020,9,September,13,Midday,Weekday
T20200015943,2020-09-01,03:48:00,1,Collision with vehicle,2,Tuesday,160,VEHICLE COLLIDES WITH VEHICLE PARKED ON LEFT OF ROAD,3,779725,Not at intersection,3,60,Arterial Other,THOMPSON,GEELONG,-38.11301,144.34297,2020,9,September,3,Late Night,Weekday
T20200015944,2020-09-01,02:15:00,6,Vehicle overturned (no collision),2,Tuesday,182,OFF CARRIAGEWAY ON LEFT BEND,5,663088,Not at intersection,2,100,Local Road,BOORCAN,CORANGAMITE,-38.195267,143.01297,2020,9,September,2,Late Night,Weekday
T20200015949,2020-09-01,07:50:00,1,Collision with vehicle,2,Tuesday,133,LANE SIDE SWIPE (VEHICLES IN PARALLEL LANES),1,663681,Not at intersection,3,60,Arterial Other,BEACH,BAYSIDE,-37.939644,144.99957,2020,9,September,7,Morning Peak,Weekday
T20200015952,2020-09-01,09:00:00,2,Struck Pedestrian,2,Tuesday,100,PED NEAR SIDE. PED HIT BY VEHICLE FROM THE RIGHT.,1,846,Cross intersection,2,50,Arterial Other,SYDNEY,MORELAND,-37.71867,144.96277,2020,9,September,9,Morning Peak,Weekday
T20200015956,2020-09-01,09:03:00,2,Struck Pedestrian,2,Tuesday,100,PED NEAR SIDE. PED HIT BY VEHICLE FROM THE RIGHT.,1,661891,T intersection,3,60,Arterial Highway,TOORAK,BOROONDARA,-37.8483,145.07732,2020,9,September,9,Morning Peak,Weekday
T20200015960,2020-09-01,08:15:00,1,Collision with vehicle,2,Tuesday,113,RIGHT NEAR (INTERSECTIONS ONLY),1,73343,T intersection,3,60,Local Road,HORSESHOE BEND,SURF COAST,-38.31909,144.33774,2020,9,September,8,Morning Peak,Weekday
T20200015975,2020-09-01,15:05:00,6,Vehicle overturned (no collision),2,Tuesday,174,OUT OF CONTROL ON CARRIAGEWAY (ON STRAIGHT),1,662467,T intersection,3,40,Local Road,EXHIBITION,MELBOURNE,-37.81561,144.9722,2020,9,September,15,Afternoon Peak,Weekday
T20200015977,2020-09-01,17:00:00,8,No collision and no object struck,2,Tuesday,182,OFF CARRIAGEWAY ON LEFT BEND,2,661174,Not at intersection,3,40,Local Road,EMMA,WHITTLESEA,-37.685658,144.98958,2020,9,September,17,Afternoon Peak,Weekday
T20200015978,2020-09-01,16:30:00,1,Collision with vehicle,2,Tuesday,160,VEHICLE COLLIDES WITH VEHICLE PARKED ON LEFT OF ROAD,1,661175,Not at intersection,2,50,Local Road,BAMBRA,GLEN EIRA,-37.88731,145.02887,2020,9,September,16,Afternoon Peak,Weekday
T20200015983,2020-09-01,16:30:00,1,Collision with vehicle,2,Tuesday,163,VEHICLE STRIKES DOOR OF PARKED/STATIONARY VEHICLE,1,661745,Not at intersection,3,40,Local Road,PRINCES PARK,MELBOURNE,-37.79127,144.96169,2020,9,September,16,Afternoon Peak,Weekday
T20200019511,2020-09-01,17:00:00,6,Vehicle overturned (no collision),2,Tuesday,184,OUT OF CONTROL ON CARRIAGEWAY (ON BEND),1,666275,Not at intersection,3,100,Local Road,ALLAMBEE-CHILDERS,BAW BAW,-38.297745,146.10893,2020,9,September,17,Afternoon Peak,Weekday
T20200016055,2020-09-02,12:00:00,1,Collision with vehicle,3,Wednesday,110,CROSS TRAFFIC(INTERSECTIONS ONLY),1,44427,Cross intersection,2,60,Arterial Other,SEPARATION,GEELONG,-38.109768,144.3347,2020,9,September,12,Midday,Weekday
T20200016023,2020-09-02,15:40:00,4,Collision with a fixed object,3,Wednesday,171,LEFT OFF CARRIAGEWAY INTO OBJECT/PARKED VEHICLE,1,661330,Not at intersection,3,40,Local Road,CLEARWATER,CARDINIA,-38.06507,145.45157,2020,9,September,15,Afternoon Peak,Weekday
T20200016022,2020-09-02,08:45:00,2,Struck Pedestrian,3,Wednesday,102,FAR SIDE. PED HIT BY VEHICLE FROM THE LEFT,1,400,Cross intersection,2,60,Arterial Other,ST GEORGES,YARRA,-37.77999,144.98668,2020,9,September,8,Morning Peak,Weekday
T20200016002,2020-09-02,06:42:00,8,No collision and no object struck,3,Wednesday,151,OUT OF CONTROL (OVERTAKING),1,667387,Not at intersection,3,80,Local Road,FISHERIES,CASEY,-38.173836,145.31569,2020,9,September,6,Morning Peak,Weekday
T20200022533,2020-09-02,10:00:00,1,Collision with vehicle,3,Wednesday,131,LEFT REAR,1,66215,T intersection,3,50,Local Road,CHATHAM,BOROONDARA,-37.82142,145.08667,2020,9,September,10,Midday,Weekday
T20200016019,2020-09-02,14:25:00,1,Collision with vehicle,3,Wednesday,132,RIGHT REAR.,1,729384,Not at intersection,2,40,Local Road,AUGHTIE,PORT PHILLIP,-37.842873,144.96248,2020,9,September,14,Midday,Weekday
T20200016014,2020-09-02,12:05:00,1,Collision with vehicle,3,Wednesday,169,OTHER ON PATH,1,661246,Not at intersection,2,50,Local Road,BEAUFORD,GEELONG,-38.094963,144.32954,2020,9,September,12,Midday,Weekday
T20200016016,2020-09-02,12:35:00,1,Collision with vehicle,3,Wednesday,120,HEAD ON (NOT OVERTAKING),1,225656,Cross intersection,3,80,Arterial Highway,BURWOOD,KNOX,-37.868797,145.2352,2020,9,September,12,Midday,Weekday
T20200016004,2020-09-02,07:40:00,1,Collision with vehicle,3,Wednesday,163,VEHICLE STRIKES DOOR OF PARKED/STATIONARY VEHICLE,1,661327,Not at intersection,3,50,Local Road,BATESFORD,STONNINGTON,-37.87604,145.08911,2020,9,September,7,Morning Peak,Weekday
T20200023796,2020-09-02,09:15:00,8,No collision and no object struck,3,Wednesday,174,OUT OF CONTROL ON CARRIAGEWAY (ON STRAIGHT),1,672725,T intersection,2,50,Arterial Other,TYERS,LATROBE,-38.16244,146.49178,2020,9,September,9,Morning Peak,Weekday
T20200016439,2020-09-02,07:20:00,8,No collision and no object struck,3,Wednesday,174,OUT OF CONTROL ON CARRIAGEWAY (ON STRAIGHT),2,664362,Not at intersection,3,60,Arterial Other,SUNSHINE,MARIBYRNONG,-37.798595,144.85371,2020,9,September,7,Morning Peak,Weekday
T20200016027,2020-09-02,17:16:00,2,Struck Pedestrian,3,Wednesday,100,PED NEAR SIDE. PED HIT BY VEHICLE FROM THE RIGHT.,1,29947,Cross intersection,2,60,Arterial Other,RYRIE,GEELONG,-38.15294,144.37234,2020,9,September,17,Afternoon Peak,Weekday
T20200016241,2020-09-02,12:00:00,6,Vehicle overturned (no collision),3,Wednesday,174,OUT OF CONTROL ON CARRIAGEWAY (ON STRAIGHT),1,661609,Not at intersection,2,100,Local Road,SNOW,INDIGO,-36.27085,146.58199,2020,9,September,12,Midday,Weekday
T20200016032,2020-09-02,18:05:00,4,Collision with a fixed object,3,Wednesday,173,RIGHT OFF CARRIAGEWAY INTO OBJECT/PARKED VEHICLE,2,672823,Not at intersection,2,50,Local Road,WARWICK,BRIMBANK,-37.769203,144.84155,2020,9,September,18,Afternoon Peak,Weekday
T20200016035,2020-09-02,16:36:00,4,Collision with a fixed object,3,Wednesday,181,OFF RIGHT BEND INTO OBJECT/PARKED VEHICLE,1,663600,Not at intersection,2,100,Freeway,GEELONG RING,GEELONG,-38.20038,144.30795,2020,9,September,16,Afternoon Peak,Weekday
T20200016034,2020-09-02,18:15:00,1,Collision with vehicle,3,Wednesday,121,RIGHT THROUGH,3,661331,Cross intersection,3,60,Local Road,LIVERPOOL,MAROONDAH,-37.818172,145.3168,2020,9,September,18,Afternoon Peak,Weekday
T20200016062,2020-09-02,23:20:00,4,Collision with a fixed object,3,Wednesday,181,OFF RIGHT BEND INTO OBJECT/PARKED VEHICLE,5,73827,Cross intersection,1,100,Local Road,CARPENDEIT-BUNGADOR,CORANGAMITE,-38.390465,143.25604,2020,9,September,23,Night,Weekday
T20200016044,2020-09-02,22:55:00,4,Collision with a fixed object,3,Wednesday,171,LEFT OFF CARRIAGEWAY INTO OBJECT/PARKED VEHICLE,3,674638,Multiple intersection,2,100,Freeway,EASTERN IN-BULLEEN,BOROONDARA,-37.779995,145.08232,2020,9,September,22,Night,Weekday
T20200016026,2020-09-02,16:26:00,1,Collision with vehicle,3,Wednesday,132,RIGHT REAR.,1,322457,T intersection,3,60,Arterial Other,PAYNESVILLE,EAST GIPPSLAND,-37.82743,147.64107,2020,9,September,16,Afternoon Peak,Weekday
T20200016135,2020-09-02,12:55:00,1,Collision with vehicle,3,Wednesday,130,REAR END(VEHICLES IN SAME LANE),1,661818,Not at intersection,3,40,Arterial Other,BURKE,BOROONDARA,-37.84215,145.05466,2020,9,September,12,Midday,Weekday
T20200016051,2020-09-03,07:45:00,1,Collision with vehicle,4,Thursday,199,UNKNOWN-NO DETAILS ON MANOEUVRES OF ROAD-USERS IN ACCIDENT,1,43167,T intersection,2,80,Arterial Other,HALLAM NORTH,CASEY,-37.986286,145.27708,2020,9,September,7,Morning Peak,Weekday
T20200016277,2020-09-03,15:00:00,1,Collision with vehicle,4,Thursday,121,RIGHT THROUGH,1,665569,Not at intersection,2,80,Local Road,CHURCH,SWAN HILL,-35.27674,143.46558,2020,9,September,15,Afternoon Peak,Weekday
T20200017377,2020-09-03,16:00:00,1,Collision with vehicle,4,Thursday,130,REAR END(VEHICLES IN SAME LANE),1,663436,Cross intersection,3,60,Arterial Other,TOORAK,STONNINGTON,-37.843773,145.03145,2020,9,September,16,Afternoon Peak,Weekday
T20200016084,2020-09-03,15:45:00,1,Collision with vehicle,4,Thursday,147,VEHICLE STRIKES ANOTHER VEH WHILE EMERGING FROM DRIVEWAY,1,661746,Not at intersection,3,80,Arterial Highway,BURWOOD,KNOX,-37.875774,145.25586,2020,9,September,15,Afternoon Peak,Weekday
T20200016059,2020-09-03,06:44:00,1,Collision with vehicle,4,Thursday,110,CROSS TRAFFIC(INTERSECTIONS ONLY),1,358222,Cross intersection,3,80,Arterial Highway,SOUTH GIPPSLAND,CASEY,-38.03685,145.24771,2020,9,September,6,Morning Peak,Weekday
T20200016058,2020-09-03,10:00:00,4,Collision with a fixed object,4,Thursday,171,LEFT OFF CARRIAGEWAY INTO OBJECT/PARKED VEHICLE,1,662015,T intersection,2,100,Arterial Other,LONGWARRY-DROUIN,BAW BAW,-38.11055,145.81416,2020,9,September,10,Midday,Weekday
T20200016074,2020-09-03,12:56:00,1,Collision with vehicle,4,Thursday,130,REAR END(VEHICLES IN SAME LANE),1,351458,Cross intersection,2,70,Arterial Other,PASCOE VALE,HUME,-37.64066,144.92877,2020,9,September,12,Midday,Weekday
T20200016076,2020-09-03,12:30:00,1,Collision with vehicle,4,Thursday,147,VEHICLE STRIKES ANOTHER VEH WHILE EMERGING FROM DRIVEWAY,1,358096,Not at intersection,3,70,Arterial Other,BERWICK-BEACONSFIELD,CARDINIA,-38.044792,145.36739,2020,9,September,12,Midday,Weekday
T20200016080,2020-09-03,10:00:00,1,Collision with vehicle,4,Thursday,134,LANE CHANGE RIGHT (NOT OVERTAKING),1,661675,Not at intersection,3,80,Arterial Highway,SPRINGVALE,WHITEHORSE,-37.835938,145.17226,2020,9,September,10,Midday,Weekday
T20200016098,2020-09-03,15:34:00,1,Collision with vehicle,4,Thursday,140,U TURN,1,49367,Cross intersection,3,50,Local Road,HAY,WANGARATTA,-36.36633,146.31042,2020,9,September,15,Afternoon Peak,Weekday
T20200016072,2020-09-03,12:38:00,6,Vehicle overturned (no collision),4,Thursday,174,OUT OF CONTROL ON CARRIAGEWAY (ON STRAIGHT),1,43606,Cross intersection,3,80,Local Road,ERAMOSA,MORNINGTON PENINSULA,-38.22388,145.1966,2020,9,September,12,Midday,Weekday
T20200016047,2020-09-03,08:55:00,1,Collision with vehicle,4,Thursday,147,VEHICLE STRIKES ANOTHER VEH WHILE EMERGING FROM DRIVEWAY,1,661332,Not at intersection,2,60,Arterial Other,SETTLEMENT,WHITTLESEA,-37.689148,145.02412,2020,9,September,8,Morning Peak,Weekday
T20200016103,2020-09-03,23:25:00,4,Collision with a fixed object,4,Thursday,175,OFF END OF ROAD/T-INTERSECTION.,3,729921,T intersection,2,80,Local Road,GROSSMANS,SURF COAST,-38.32069,144.30498,2020,9,September,23,Night,Weekday
T20200016340,2020-09-03,17:15:00,1,Collision with vehicle,4,Thursday,131,LEFT REAR,1,335706,Cross intersection,3,80,Arterial Other,HALLAM,CASEY,-38.02847,145.26877,2020,9,September,17,Afternoon Peak,Weekday
T20200016126,2020-09-03,16:30:00,1,Collision with vehicle,4,Thursday,130,REAR END(VEHICLES IN SAME LANE),1,662006,Not at intersection,2,60,Arterial Highway,SMYTHES,BALLARAT,-37.590355,143.80714,2020,9,September,16,Afternoon Peak,Weekday
T20200017870,2020-09-03,17:00:00,1,Collision with vehicle,4,Thursday,111,RIGHT FAR (INTERSECTIONS ONLY),9,729409,T intersection,3,50,Local Road,GILLWELL,WHITTLESEA,-37.659477,144.99692,2020,9,September,17,Afternoon Peak,Weekday
T20200016095,2020-09-03,18:00:00,1,Collision with vehicle,4,Thursday,121,RIGHT THROUGH,3,289584,Cross intersection,3,80,Arterial Highway,DANDENONG,DANDENONG,-38.00295,145.20798,2020,9,September,18,Afternoon Peak,Weekday
T20200016086,2020-09-03,16:54:00,4,Collision with a fixed object,4,Thursday,173,RIGHT OFF CARRIAGEWAY INTO OBJECT/PARKED VEHICLE,1,773386,Not at intersection,2,80,Freeway,MONASH,STONNINGTON,-37.860004,145.05925,2020,9,September,16,Afternoon Peak,Weekday
T20200016083,2020-09-03,14:50:00,1,Collision with vehicle,4,Thursday,110,CROSS TRAFFIC(INTERSECTIONS ONLY),1,51443,Cross intersection,3,100,Arterial Other,GRAHAM,CAMPASPE,-36.29884,144.98126,2020,9,September,14,Midday,Weekday
T20200016085,2020-09-03,14:05:00,2,Struck Pedestrian,4,Thursday,109,ANY MANOEUVRE INVOLVING PED NOT INCLUDED IN DCAs 100-108.,1,661335,Not at intersection,2,60,Arterial Highway,SPRINGVALE,DANDENONG,-37.94338,145.15387,2020,9,September,14,Midday,Weekday
T20200016079,2020-09-03,13:30:00,1,Collision with vehicle,4,Thursday,130,REAR END(VEHICLES IN SAME LANE),1,44938,T intersection,3,40,Arterial Other,MAIN,BRIMBANK,-37.744446,144.80171,2020,9,September,13,Midday,Weekday
T20200016060,2020-09-03,11:00:00,4,Collision with a fixed object,4,Thursday,183,OFF LEFT BEND INTO OBJECT/PARKED VEHICLE,1,665790,Not at intersection,2,100,Arterial Highway,PRINCES,MOYNE,-38.333595,142.35667,2020,9,September,11,Midday,Weekday
T20200016053,2020-09-03,07:44:00,1,Collision with vehicle,4,Thursday,113,RIGHT NEAR (INTERSECTIONS ONLY),1,64467,T intersection,2,60,Arterial Other,HIGH,MANNINGHAM,-37.78221,145.11008,2020,9,September,7,Morning Peak,Weekday
T20200016077,2020-09-03,08:00:00,1,Collision with vehicle,4,Thursday,121,RIGHT THROUGH,1,46621,T intersection,3,60,Arterial Highway,WURUNDJERI,MELBOURNE,-37.821846,144.9522,2020,9,September,8,Morning Peak,Weekday
T20200016118,2020-09-03,20:00:00,1,Collision with vehicle,4,Thursday,111,RIGHT FAR (INTERSECTIONS ONLY),3,773387,T intersection,3,60,Local Road,WESTMEADOWS,WYNDHAM,-37.84253,144.72063,2020,9,September,20,Night,Weekday
T20200016144,2020-09-03,15:30:00,1,Collision with vehicle,4,Thursday,113,RIGHT NEAR (INTERSECTIONS ONLY),1,71615,Cross intersection,3,70,Local Road,RAGLAN,WELLINGTON,-38.09812,147.06514,2020,9,September,15,Afternoon Peak,Weekday
T20200016073,2020-09-03,13:45:00,1,Collision with vehicle,4,Thursday,137,LEFT TURN SIDESWIPE,1,667388,Not at intersection,3,50,Local Road,OAK,MELBOURNE,-37.782253,144.9417,2020,9,September,13,Midday,Weekday
T20200016149,2020-09-04,16:40:00,1,Collision with vehicle,5,Friday,113,RIGHT NEAR (INTERSECTIONS ONLY),1,673447,T intersection,3,100,Arterial Highway,SUNRAYSIA,BULOKE,-36.443123,143.04482,2020,9,September,16,Afternoon Peak,Weekday
T20200016145,2020-09-04,15:38:00,1,Collision with vehicle,5,Friday,121,RIGHT THROUGH,1,645336,T intersection,2,60,Arterial Other,SLADEN,CASEY,-38.112717,145.28076,2020,9,September,15,Afternoon Peak,Weekday
T20200016138,2020-09-04,16:53:00,1,Collision with vehicle,5,Friday,132,RIGHT REAR.,1,69613,T intersection,3,50,Local Road,CARINISH,MONASH,-37.927345,145.12459,2020,9,September,16,Afternoon Peak,Weekday
T20200016139,2020-09-04,10:30:00,1,Collision with vehicle,5,Friday,134,LANE CHANGE RIGHT (NOT OVERTAKING),1,142824,Not at intersection,3,60,Arterial Other,HIGH,WHITTLESEA,-37.67756,145.01434,2020,9,September,10,Midday,Weekday
T20200016117,2020-09-04,11:55:00,1,Collision with vehicle,5,Friday,110,CROSS TRAFFIC(INTERSECTIONS ONLY),1,45407,Cross intersection,2,50,Arterial Other,PASCOE VALE,MOONEE VALLEY,-37.753784,144.92574,2020,9,September,11,Midday,Weekday
T20200016140,2020-09-04,15:10:00,1,Collision with vehicle,5,Friday,160,VEHICLE COLLIDES WITH VEHICLE PARKED ON LEFT OF ROAD,1,661468,Not at intersection,2,60,Local Road,BAMBRA,GLEN EIRA,-37.894035,145.02759,2020,9,September,15,Afternoon Peak,Weekday
T20200018894,2020-09-04,15:00:00,1,Collision with vehicle,5,Friday,130,REAR END(VEHICLES IN SAME LANE),1,773280,Not at intersection,3,40,Local Road,THAMES,WYNDHAM,-37.878445,144.6597,2020,9,September,15,Afternoon Peak,Weekday
T20200017431,2020-09-04,11:57:00,1,Collision with vehicle,5,Friday,113,RIGHT NEAR (INTERSECTIONS ONLY),1,44490,Cross intersection,3,60,Local Road,TOWNSEND,GEELONG,-38.181145,144.38945,2020,9,September,11,Midday,Weekday
T20200016182,2020-09-04,16:00:00,1,Collision with vehicle,5,Friday,147,VEHICLE STRIKES ANOTHER VEH WHILE EMERGING FROM DRIVEWAY,1,128076,Not at intersection,3,60,Local Road,EDWARDES,DAREBIN,-37.71536,144.99702,2020,9,September,16,Afternoon Peak,Weekday
T20200016115,2020-09-04,06:12:00,1,Collision with vehicle,5,Friday,130,REAR END(VEHICLES IN SAME LANE),1,669772,Not at intersection,3,100,Freeway,MONASH,CASEY,-37.98521,145.24835,2020,9,September,6,Morning Peak,Weekday
T20200016108,2020-09-04,09:28:00,1,Collision with vehicle,5,Friday,113,RIGHT NEAR (INTERSECTIONS ONLY),1,44207,T intersection,2,80,Arterial Other,SOMERTON,HUME,-37.633694,144.8719,2020,9,September,9,Morning Peak,Weekday
T20200016109,2020-09-04,08:57:00,1,Collision with vehicle,5,Friday,113,RIGHT NEAR (INTERSECTIONS ONLY),1,41282,T intersection,3,60,Arterial Other,HAWTHORN,GLEN EIRA,-37.890614,145.02127,2020,9,September,8,Morning Peak,Weekday
T20200016331,2020-09-04,12:15:00,2,Struck Pedestrian,5,Friday,100,PED NEAR SIDE. PED HIT BY VEHICLE FROM THE RIGHT.,1,661955,Not at intersection,3,60,Arterial Other,BELMORE,BOROONDARA,-37.8031,145.10275,2020,9,September,12,Midday,Weekday
T20200016119,2020-09-04,09:41:00,1,Collision with vehicle,5,Friday,148,VEHICLE OFF FOOTPATH STRIKES VEH ON CARRIAGEWAY,1,306534,T intersection,2,60,Local Road,BRIDGE,CARDINIA,-38.07461,145.43367,2020,9,September,9,Morning Peak,Weekday
T20200016124,2020-09-04,13:31:00,1,Collision with vehicle,5,Friday,160,VEHICLE COLLIDES WITH VEHICLE PARKED ON LEFT OF ROAD,1,729385,T intersection,2,60,Local Road,NORTH,MORELAND,-37.70506,144.94464,2020,9,September,13,Midday,Weekday
T20200016125,2020-09-04,10:25:00,1,Collision with vehicle,5,Friday,160,VEHICLE COLLIDES WITH VEHICLE PARKED ON LEFT OF ROAD,1,662503,Not at intersection,2,60,Arterial Other,BEACH,BAYSIDE,-37.967056,145.01225,2020,9,September,10,Midday,Weekday
T20200016130,2020-09-04,13:50:00,4,Collision with a fixed object,5,Friday,181,OFF RIGHT BEND INTO OBJECT/PARKED VEHICLE,1,270359,Not at intersection,3,60,Local Road,BAILEY,CARDINIA,-37.936607,145.4757,2020,9,September,13,Midday,Weekday
T20200016131,2020-09-04,13:31:00,1,Collision with vehicle,5,Friday,111,RIGHT FAR (INTERSECTIONS ONLY),1,44485,Cross intersection,2,60,Arterial Other,CARR,GEELONG,-38.168995,144.37611,2020,9,September,13,Midday,Weekday
T20200016132,2020-09-04,13:58:00,2,Struck Pedestrian,5,Friday,100,PED NEAR SIDE. PED HIT BY VEHICLE FROM THE RIGHT.,1,668475,T intersection,2,40,Arterial Other,MURRAY,DAREBIN,-37.737843,145.00272,2020,9,September,13,Midday,Weekday
T20200021635,2020-09-04,18:11:00,2,Struck Pedestrian,5,Friday,100,PED NEAR SIDE. PED HIT BY VEHICLE FROM THE RIGHT.,2,58969,Cross intersection,3,50,Arterial Other,MURPHY STREET -PARFITT,WANGARATTA,-36.353977,146.32864,2020,9,September,18,Afternoon Peak,Weekday
T20200016134,2020-09-04,14:30:00,2,Struck Pedestrian,5,Friday,194,PARKED CAR RUN AWAY,1,661676,Not at intersection,2,60,Arterial Other,CHESTERVILLE,KINGSTON,-37.93812,145.06097,2020,9,September,14,Midday,Weekday
T20200016153,2020-09-04,17:50:00,4,Collision with a fixed object,5,Friday,181,OFF RIGHT BEND INTO OBJECT/PARKED VEHICLE,1,663420,Not at intersection,2,100,Freeway,WESTERN RING,BRIMBANK,-37.80126,144.80363,2020,9,September,17,Afternoon Peak,Weekday
T20200016750,2020-09-04,08:00:00,1,Collision with vehicle,5,Friday,163,VEHICLE STRIKES DOOR OF PARKED/STATIONARY VEHICLE,1,662362,Not at intersection,3,50,Local Road,CLARENCE,GLEN EIRA,-37.89251,145.01312,2020,9,September,8,Morning Peak,Weekday
T20200016266,2020-09-04,17:50:00,8,No collision and no object struck,5,Friday,174,OUT OF CONTROL ON CARRIAGEWAY (ON STRAIGHT),2,37099,Not at intersection,2,60,Local Road,CUMBERLAND,FRANKSTON,-38.113483,145.14145,2020,9,September,17,Afternoon Peak,Weekday
T20200016150,2020-09-04,16:55:00,4,Collision with a fixed object,5,Friday,141,U TURN INTO FIXED OBJECT/PARKED VEHICLE,1,667589,Not at intersection,3,50,Local Road,MCMILLAN,SURF COAST,-38.411213,144.18054,2020,9,September,16,Afternoon Peak,Weekday
T20200017720,2020-09-04,16:00:00,1,Collision with vehicle,5,Friday,132,RIGHT REAR.,1,664273,T intersection,3,60,Arterial Highway,TALLAROOK,MITCHELL,-37.020313,145.12973,2020,9,September,16,Afternoon Peak,Weekday
T20200016156,2020-09-04,18:16:00,1,Collision with vehicle,5,Friday,121,RIGHT THROUGH,3,667401,Not at intersection,2,60,Arterial Other,WELLS,KINGSTON,-38.029476,145.13208,2020,9,September,18,Afternoon Peak,Weekday
T20200016333,2020-09-04,08:30:00,1,Collision with vehicle,5,Friday,130,REAR END(VEHICLES IN SAME LANE),1,661751,Not at intersection,3,40,Arterial Other,PASCOE VALE,MOONEE VALLEY,-37.738358,144.92735,2020,9,September,8,Morning Peak,Weekday
T20200016159,2020-09-04,19:45:00,3,Struck animal,5,Friday,167,STRUCK ANIMAL,5,662358,Not at intersection,3,100,Arterial Other,KORUMBURRA-WARRAGUL,BAW BAW,-38.332798,145.90245,2020,9,September,19,Night,Weekday
T20200016161,2020-09-04,16:20:00,1,Collision with vehicle,5,Friday,130,REAR END(VEHICLES IN SAME LANE),1,661469,Not at intersection,3,40,Arterial Other,BRIDGE,YARRA,-37.81936,145.00688,2020,9,September,16,Afternoon Peak,Weekday
T20200016165,2020-09-04,22:08:00,4,Collision with a fixed object,5,Friday,173,RIGHT OFF CARRIAGEWAY INTO OBJECT/PARKED VEHICLE,3,664654,Not at intersection,3,50,Local Road,JOHN,BOROONDARA,-37.809692,145.05235,2020,9,September,22,Night,Weekday
T20200016205,2020-09-05,19:30:00,1,Collision with vehicle,6,Saturday,121,RIGHT THROUGH,3,29766,Cross intersection,2,60,Arterial Highway,SOUTH GIPPSLAND,CASEY,-38.113033,145.28279,2020,9,September,19,Night,Weekend
T20200016186,2020-09-05,12:39:00,1,Collision with vehicle,6,Saturday,134,LANE CHANGE RIGHT (NOT OVERTAKING),1,663421,Not at intersection,2,80,Freeway,MONASH,STONNINGTON,-37.854637,145.05699,2020,9,September,12,Midday,Weekend
T20200016206,2020-09-05,04:49:00,1,Collision with vehicle,6,Saturday,110,CROSS TRAFFIC(INTERSECTIONS ONLY),3,35449,Cross intersection,2,40,Arterial Highway,FOOTSCRAY,MELBOURNE,-37.807697,144.91617,2020,9,September,4,Late Night,Weekend
T20200017747,2020-09-05,12:00:00,8,No collision and no object struck,6,Saturday,179,OTHER ACCIDENTS-OFF STRAIGHT NOT INCLUDED IN DCAs 170-175,9,773257,Not at intersection,3,100,Local Road,MEDLAND,SHEPPARTON,-36.258694,145.34546,2020,9,September,12,Midday,Weekend
T20200016208,2020-09-05,17:55:00,4,Collision with a fixed object,6,Saturday,175,OFF END OF ROAD/T-INTERSECTION.,3,673118,T intersection,2,50,Local Road,MILOS,WODONGA,-36.127224,146.90758,2020,9,September,17,Afternoon Peak,Weekend
T20200016324,2020-09-05,15:40:00,1,Collision with vehicle,6,Saturday,160,VEHICLE COLLIDES WITH VEHICLE PARKED ON LEFT OF ROAD,1,667523,Not at intersection,2,60,Local Road,CITY VISTA,MELTON,-37.719032,144.72595,2020,9,September,15,Afternoon Peak,Weekend
T20200016210,2020-09-05,16:20:00,4,Collision with a fixed object,6,Saturday,183,OFF LEFT BEND INTO OBJECT/PARKED VEHICLE,1,661529,Not at intersection,3,80,Local Road,TROTTING,BENDIGO,-36.777225,144.36394,2020,9,September,16,Afternoon Peak,Weekend