ACCIDENT_NO,ACCIDENT_DATE,ACCIDENT_TIME,ACCIDENT_TYPE,ACCIDENT_TYPE_DESC,DAY_OF_WEEK,DAY_WEEK_DESC,DCA_CODE,DCA_DESC,LIGHT_CONDITION,NODE_ID,ROAD_GEOMETRY_DESC,SEVERITY,SPEED_ZONE,RMA,ROAD_NAME,LGA_NAME,LATITUDE,LONGITUDE,YEAR,MONTH,MONTH_NAME,HOUR,TIME_PERIOD,DAY_TYPE
T20200016211,2020-09-05,23:05:00,4,Collision with a fixed object,6,Saturday,173,RIGHT OFF CARRIAGEWAY INTO OBJECT/PARKED VEHICLE,3,664655,Not at intersection,2,60,Arterial Other,DROUIN,BAW BAW,-38.10703,145.78214,2020,9,September,23,Night,Weekend
T20200016216,2020-09-05,22:12:00,1,Collision with vehicle,6,Saturday,113,RIGHT NEAR (INTERSECTIONS ONLY),3,653184,Cross intersection,2,60,Local Road,LEAKES,WYNDHAM,-37.829826,144.65402,2020,9,September,22,Night,Weekend
T20200016171,2020-09-05,03:45:00,1,Collision with vehicle,6,Saturday,160,VEHICLE COLLIDES WITH VEHICLE PARKED ON LEFT OF ROAD,3,90743,Not at intersection,3,60,Local Road,INKERMAN,PORT PHILLIP,-37.86517,144.98979,2020,9,September,3,Late Night,Weekend
T20200016172,2020-09-05,05:20:00,1,Collision with vehicle,6,Saturday,160,VEHICLE COLLIDES WITH VEHICLE PARKED ON LEFT OF ROAD,3,662537,Not at intersection,2,60,Arterial Other,MELVILLE,MORELAND,-37.742195,144.94519,2020,9,September,5,Morning Peak,Weekend
T20200016175,2020-09-05,07:32:00,4,Collision with a fixed object,6,Saturday,173,RIGHT OFF CARRIAGEWAY INTO OBJECT/PARKED VEHICLE,1,43620,Not at intersection,3,80,Arterial Highway,PRINCES,CASEY,-38.01419,145.29015,2020,9,September,7,Morning Peak,Weekend
T20200016180,2020-09-05,10:23:00,1,Collision with vehicle,6,Saturday,113,RIGHT NEAR (INTERSECTIONS ONLY),1,662797,Cross intersection,3,100,Arterial Other,BENDIGO-MARYBOROUGH,CENTRAL GOLDFIELDS,-36.885796,143.85852,2020,9,September,10,Midday,Weekend
T20200016166,2020-09-05,01:12:00,4,Collision with a fixed object,6,Saturday,181,OFF RIGHT BEND INTO OBJECT/PARKED VEHICLE,3,663816,Not at intersection,2,60,Arterial Other,GRANGE,GLEN EIRA,-37.889328,145.04497,2020,9,September,1,Late Night,Weekend
T20200016183,2020-09-05,10:30:00,1,Collision with vehicle,6,Saturday,140,U TURN,1,231179,Cross intersection,2,100,Arterial Other,STRATHFIELDSAYE,BENDIGO,-36.80917,144.37708,2020,9,September,10,Midday,Weekend
T20200016170,2020-09-05,00:25:00,4,Collision with a fixed object,6,Saturday,173,RIGHT OFF CARRIAGEWAY INTO OBJECT/PARKED VEHICLE,5,748369,Not at intersection,2,80,Freeway,MONASH,MONASH,-37.894505,145.14401,2020,9,September,0,Late Night,Weekend
T20200016187,2020-09-05,12:23:00,4,Collision with a fixed object,6,Saturday,181,OFF RIGHT BEND INTO OBJECT/PARKED VEHICLE,1,661471,Not at intersection,3,60,Arterial Other,MONBULK,YARRA RANGES,-37.8827,145.38928,2020,9,September,12,Midday,Weekend
T20200016189,2020-09-05,14:00:00,1,Collision with vehicle,6,Saturday,148,VEHICLE OFF FOOTPATH STRIKES VEH ON CARRIAGEWAY,1,661747,T intersection,3,40,Local Road,GRAHAM,HOBSONS BAY,-37.833893,144.86862,2020,9,September,14,Midday,Weekend
T20200016191,2020-09-05,14:00:00,6,Vehicle overturned (no collision),6,Saturday,174,OUT OF CONTROL ON CARRIAGEWAY (ON STRAIGHT),1,729386,Not at intersection,2,60,Local Road,MCCLELLAND,GEELONG,-38.02638,144.42842,2020,9,September,14,Midday,Weekend
T20200016193,2020-09-05,15:00:00,1,Collision with vehicle,6,Saturday,121,RIGHT THROUGH,1,739594,T intersection,3,70,Arterial Other,TEMPLESTOWE ROAD SERVICE,MANNINGHAM,-37.755928,145.09186,2020,9,September,15,Afternoon Peak,Weekend
T20200016188,2020-09-05,13:35:00,2,Struck Pedestrian,6,Saturday,109,ANY MANOEUVRE INVOLVING PED NOT INCLUDED IN DCAs 100-108.,1,661954,Not at intersection,2,50,Arterial Highway,MAIN STREET SERVICE,YARRA RANGES,-37.757782,145.3525,2020,9,September,13,Midday,Weekend
T20200016198,2020-09-05,15:40:00,1,Collision with vehicle,6,Saturday,113,RIGHT NEAR (INTERSECTIONS ONLY),1,661893,T intersection,3,50,Local Road,HEMINGWAY,MANNINGHAM,-37.764194,145.1603,2020,9,September,15,Afternoon Peak,Weekend
T20200016199,2020-09-05,14:55:00,1,Collision with vehicle,6,Saturday,110,CROSS TRAFFIC(INTERSECTIONS ONLY),1,59800,Cross intersection,2,100,Arterial Highway,WIMMERA,HORSHAM,-36.738983,142.04504,2020,9,September,14,Midday,Weekend
T20200016201,2020-09-05,14:35:00,1,Collision with vehicle,6,Saturday,120,HEAD ON (NOT OVERTAKING),1,661437,Not at intersection,1,70,Arterial Other,MOLLISON,MACEDON RANGES,-37.190323,144.39238,2020,9,September,14,Midday,Weekend
T20200016174,2020-09-05,05:15:00,4,Collision with a fixed object,6,Saturday,171,LEFT OFF CARRIAGEWAY INTO OBJECT/PARKED VEHICLE,6,675705,Not at intersection,2,40,Local Road,KURRAJONG,CASEY,-38.00857,145.31606,2020,9,September,5,Morning Peak,Weekend
T20200016202,2020-09-05,16:45:00,1,Collision with vehicle,6,Saturday,110,CROSS TRAFFIC(INTERSECTIONS ONLY),1,245951,Cross intersection,3,80,Freeway,PRINCES,CARDINIA,-38.091187,145.47115,2020,9,September,16,Afternoon Peak,Weekend
T20200016203,2020-09-05,16:35:00,2,Struck Pedestrian,6,Saturday,100,PED NEAR SIDE. PED HIT BY VEHICLE FROM THE RIGHT.,1,37300,Cross intersection,3,40,Local Road,DAVISON,YARRA,-37.816742,145.00732,2020,9,September,16,Afternoon Peak,Weekend
T20200016772,2020-09-05,13:05:00,1,Collision with vehicle,6,Saturday,110,CROSS TRAFFIC(INTERSECTIONS ONLY),1,63143,Cross intersection,3,50,Local Road,LINSEY,MORELAND,-37.743645,144.95285,2020,9,September,13,Midday,Weekend
T20200016184,2020-09-05,11:40:00,2,Struck Pedestrian,6,Saturday,100,PED NEAR SIDE. PED HIT BY VEHICLE FROM THE RIGHT.,1,661470,Cross intersection,3,60,Arterial Other,HEATHERTON,DANDENONG,-37.969604,145.21124,2020,9,September,11,Midday,Weekend
T20200016215,2020-09-05,22:55:00,1,Collision with vehicle,6,Saturday,130,REAR END(VEHICLES IN SAME LANE),3,278528,Cross intersection,1,80,Arterial Other,THE STRAND,WYNDHAM,-37.88118,144.74786,2020,9,September,22,Night,Weekend
T20200017048,2020-09-05,16:00:00,1,Collision with vehicle,6,Saturday,147,VEHICLE STRIKES ANOTHER VEH WHILE EMERGING FROM DRIVEWAY,1,664773,Not at intersection,2,60,Local Road,PARKLANDS,MORNINGTON PENINSULA,-38.392986,145.15631,2020,9,September,16,Afternoon Peak,Weekend
T20200016229,2020-09-06,11:09:00,1,Collision with vehicle,7,Sunday,110,CROSS TRAFFIC(INTERSECTIONS ONLY),1,39697,Cross intersection,3,80,Arterial Highway,MAROONDAH,MAROONDAH,-37.79783,145.25394,2020,9,September,11,Midday,Weekend
T20200016228,2020-09-06,10:19:00,1,Collision with vehicle,7,Sunday,113,RIGHT NEAR (INTERSECTIONS ONLY),1,229012,T intersection,2,50,Local Road,HARKAWAY,CASEY,-38.026962,145.34776,2020,9,September,10,Midday,Weekend
T20200016227,2020-09-06,10:00:00,1,Collision with vehicle,7,Sunday,121,RIGHT THROUGH,1,668768,T intersection,3,60,Arterial Other,GLEN EIRA,GLEN EIRA,-37.880672,145.02838,2020,9,September,10,Midday,Weekend
T20200016224,2020-09-06,09:30:00,1,Collision with vehicle,7,Sunday,121,RIGHT THROUGH,1,44549,Cross intersection,3,60,Arterial Other,SOUTHERN,BANYULE,-37.740997,145.0368,2020,9,September,9,Morning Peak,Weekend
T20200016222,2020-09-06,08:08:00,4,Collision with a fixed object,7,Sunday,171,LEFT OFF CARRIAGEWAY INTO OBJECT/PARKED VEHICLE,1,664169,Not at intersection,3,100,Local Road,NUMBER FIVE DRAIN,CARDINIA,-38.189266,145.5502,2020,9,September,8,Morning Peak,Weekend
T20200016642,2020-09-06,17:00:00,1,Collision with vehicle,7,Sunday,132,RIGHT REAR.,1,263870,Cross intersection,3,40,Arterial Other,TOORAK,MELBOURNE,-37.836987,144.97606,2020,9,September,17,Afternoon Peak,Weekend
T20200016281,2020-09-06,15:25:00,1,Collision with vehicle,7,Sunday,132,RIGHT REAR.,1,42548,T intersection,3,60,Arterial Other,POLICE,DANDENONG,-37.933956,145.16328,2020,9,September,15,Afternoon Peak,Weekend
T20200016217,2020-09-06,06:48:00,1,Collision with vehicle,7,Sunday,160,VEHICLE COLLIDES WITH VEHICLE PARKED ON LEFT OF ROAD,1,668946,Not at intersection,3,60,Local Road,MILLERS,HOBSONS BAY,-37.868557,144.83852,2020,9,September,6,Morning Peak,Weekend
T20200016271,2020-09-06,20:50:00,1,Collision with vehicle,7,Sunday,130,REAR END(VEHICLES IN SAME LANE),3,662218,Not at intersection,2,60,Local Road,POWER,CASEY,-37.974953,145.2419,2020,9,September,20,Night,Weekend
T20200016250,2020-09-06,18:00:00,1,Collision with vehicle,7,Sunday,132,RIGHT REAR.,3,307819,T intersection,2,60,Local Road,SILVESTER,HUME,-37.629494,144.91685,2020,9,September,18,Afternoon Peak,Weekend
T20200016247,2020-09-06,15:20:00,4,Collision with a fixed object,7,Sunday,173,RIGHT OFF CARRIAGEWAY INTO OBJECT/PARKED VEHICLE,1,668769,Not at intersection,3,100,Arterial Other,DARLINGTON-CAMPERDOWN,CORANGAMITE,-38.037918,143.06342,2020,9,September,15,Afternoon Peak,Weekend
T20200016246,2020-09-06,17:05:00,3,Struck animal,7,Sunday,167,STRUCK ANIMAL,1,661532,Not at intersection,3,100,Freeway,METROPOLITAN RING OUT-HUME,WHITTLESEA,-37.68647,144.98438,2020,9,September,17,Afternoon Peak,Weekend
T20200018934,2020-09-06,10:00:00,8,No collision and no object struck,7,Sunday,174,OUT OF CONTROL ON CARRIAGEWAY (ON STRAIGHT),1,665596,Not at intersection,2,50,Arterial Other,CHURCH,BOROONDARA,-37.81773,145.01889,2020,9,September,10,Midday,Weekend
T20200016244,2020-09-06,17:10:00,1,Collision with vehicle,7,Sunday,171,LEFT OFF CARRIAGEWAY INTO OBJECT/PARKED VEHICLE,1,666127,T intersection,2,50,Local Road,ARGYLL,MELTON,-37.675926,144.56119,2020,9,September,17,Afternoon Peak,Weekend
T20200016243,2020-09-06,17:20:00,1,Collision with vehicle,7,Sunday,148,VEHICLE OFF FOOTPATH STRIKES VEH ON CARRIAGEWAY,1,667626,T intersection,3,40,Local Road,DAVISON,MORELAND,-37.76366,144.95726,2020,9,September,17,Afternoon Peak,Weekend
T20200016240,2020-09-06,11:25:00,1,Collision with vehicle,7,Sunday,148,VEHICLE OFF FOOTPATH STRIKES VEH ON CARRIAGEWAY,1,225939,Cross intersection,3,60,Arterial Highway,ST GEORGES,DAREBIN,-37.758762,144.99358,2020,9,September,11,Midday,Weekend
T20200016239,2020-09-06,17:00:00,6,Vehicle overturned (no collision),7,Sunday,170,OFF CARRIAGEWAY TO LEFT,1,661608,Not at intersection,3,80,Local Road,MCGREGOR,CARDINIA,-38.11232,145.46654,2020,9,September,17,Afternoon Peak,Weekend
T20200016238,2020-09-06,13:30:00,2,Struck Pedestrian,7,Sunday,102,FAR SIDE. PED HIT BY VEHICLE FROM THE LEFT,1,668593,Cross intersection,2,80,Arterial Other,CRANBOURNE-FRANKSTON ROAD -SLADEN,CASEY,-38.110874,145.26492,2020,9,September,13,Midday,Weekend
T20200016235,2020-09-06,14:20:00,6,Vehicle overturned (no collision),7,Sunday,174,OUT OF CONTROL ON CARRIAGEWAY (ON STRAIGHT),1,664850,Not at intersection,3,100,Local Road,SIX MILE,INDIGO,-36.403442,146.69963,2020,9,September,14,Midday,Weekend
T20200016232,2020-09-06,11:43:00,4,Collision with a fixed object,7,Sunday,171,LEFT OFF CARRIAGEWAY INTO OBJECT/PARKED VEHICLE,1,667627,Not at intersection,3,100,Arterial Other,RUSHWORTH-TATURA,SHEPPARTON,-36.446434,145.19461,2020,9,September,11,Midday,Weekend
T20200016310,2020-09-07,16:15:00,1,Collision with vehicle,1,Monday,133,LANE SIDE SWIPE (VEHICLES IN PARALLEL LANES),1,669562,Not at intersection,2,60,Arterial Highway,CASTLEMAINE,HEPBURN,-37.418945,143.89708,2020,9,September,16,Afternoon Peak,Weekday
T20200016280,2020-09-07,14:59:00,1,Collision with vehicle,1,Monday,137,LEFT TURN SIDESWIPE,1,51556,T intersection,2,60,Arterial Other,WEEROONA,BENDIGO,-36.744434,144.29025,2020,9,September,14,Midday,Weekday
T20200016292,2020-09-07,17:10:00,1,Collision with vehicle,1,Monday,113,RIGHT NEAR (INTERSECTIONS ONLY),1,780784,Cross intersection,3,60,Arterial Other,COX ROAD -THOMPSON,GEELONG,-38.08295,144.34879,2020,9,September,17,Afternoon Peak,Weekday
T20200016286,2020-09-07,10:30:00,4,Collision with a fixed object,1,Monday,171,LEFT OFF CARRIAGEWAY INTO OBJECT/PARKED VEHICLE,1,661679,Not at intersection,3,50,Local Road,ORBIT,GEELONG,-38.175415,144.39432,2020,9,September,10,Midday,Weekday
T20200016285,2020-09-07,16:13:00,1,Collision with vehicle,1,Monday,163,VEHICLE STRIKES DOOR OF PARKED/STATIONARY VEHICLE,1,661678,Not at intersection,3,60,Arterial Other,FLEMINGTON ROAD SERVICE,MELBOURNE,-37.79914,144.9547,2020,9,September,16,Afternoon Peak,Weekday
T20200016284,2020-09-07,15:54:00,2,Struck Pedestrian,1,Monday,100,PED NEAR SIDE. PED HIT BY VEHICLE FROM THE RIGHT.,1,43340,Cross intersection,2,60,Arterial Other,THOMPSON,KINGSTON,-38.06797,145.14511,2020,9,September,15,Afternoon Peak,Weekday
T20200016275,2020-09-07,10:00:00,1,Collision with vehicle,1,Monday,132,RIGHT REAR.,1,667634,T intersection,3,60,Arterial Other,CONDON,BENDIGO,-36.77763,144.31126,2020,9,September,10,Midday,Weekday
T20200016297,2020-09-07,19:45:00,2,Struck Pedestrian,1,Monday,102,FAR SIDE. PED HIT BY VEHICLE FROM THE LEFT,3,662008,T intersection,2,50,Local Road,FELIX,WYNDHAM,-37.835575,144.66013,2020,9,September,19,Night,Weekday
T20200017137,2020-09-07,13:00:00,1,Collision with vehicle,1,Monday,130,REAR END(VEHICLES IN SAME LANE),1,44466,Cross intersection,3,40,Arterial Other,RYRIE,GEELONG,-38.148613,144.3573,2020,9,September,13,Midday,Weekday
T20200016274,2020-09-07,12:13:00,1,Collision with vehicle,1,Monday,121,RIGHT THROUGH,1,277614,T intersection,3,80,Arterial Other,CLYDE,CASEY,-38.035725,145.34282,2020,9,September,12,Midday,Weekday
T20200016474,2020-09-07,12:00:00,8,No collision and no object struck,1,Monday,184,OUT OF CONTROL ON CARRIAGEWAY (ON BEND),1,662620,Not at intersection,2,100,Local Road,GLANVILLE,CAMPASPE,-36.12631,144.9787,2020,9,September,12,Midday,Weekday
T20200017006,2020-09-07,15:00:00,5,collision with some other object,1,Monday,166,STRUCK OBJECT ON CARRIAGEWAY,1,667635,Not at intersection,3,60,Arterial Other,SYDNEY,MORELAND,-37.734432,144.96553,2020,9,September,15,Afternoon Peak,Weekday
T20200016283,2020-09-07,15:20:00,1,Collision with vehicle,1,Monday,147,VEHICLE STRIKES ANOTHER VEH WHILE EMERGING FROM DRIVEWAY,1,221904,Not at intersection,2,80,Arterial Highway,NEPEAN,KINGSTON,-37.959026,145.05307,2020,9,September,15,Afternoon Peak,Weekday
T20200016267,2020-09-07,08:40:00,4,Collision with a fixed object,1,Monday,173,RIGHT OFF CARRIAGEWAY INTO OBJECT/PARKED VEHICLE,1,667636,Not at intersection,3,80,Local Road,HUNTER,YARRA RANGES,-37.803467,145.4131,2020,9,September,8,Morning Peak,Weekday
T20200016273,2020-09-07,09:16:00,1,Collision with vehicle,1,Monday,140,U TURN,1,66296,Cross intersection,3,60,Local Road,CAPRICE,MELBOURNE,-37.824005,144.9216,2020,9,September,9,Morning Peak,Weekday
T20200016296,2020-09-07,18:38:00,4,Collision with a fixed object,1,Monday,171,LEFT OFF CARRIAGEWAY INTO OBJECT/PARKED VEHICLE,3,667632,Not at intersection,2,60,Arterial Other,HOTHAM,GLEN EIRA,-37.868324,144.99968,2020,9,September,18,Afternoon Peak,Weekday
T20200016299,2020-09-07,14:50:00,1,Collision with vehicle,1,Monday,110,CROSS TRAFFIC(INTERSECTIONS ONLY),1,316726,Cross intersection,2,60,Arterial Other,CRAIGIEBURN,HUME,-37.589855,144.87968,2020,9,September,14,Midday,Weekday
T20200016294,2020-09-07,16:16:00,6,Vehicle overturned (no collision),1,Monday,151,OUT OF CONTROL (OVERTAKING),1,664360,Not at intersection,2,100,Local Road,BERRYS,BASS COAST,-38.6271,145.58415,2020,9,September,16,Afternoon Peak,Weekday
T20200016295,2020-09-07,17:30:00,4,Collision with a fixed object,1,Monday,183,OFF LEFT BEND INTO OBJECT/PARKED VEHICLE,1,666193,Not at intersection,2,100,Local Road,GOORAMADDA,INDIGO,-36.04938,146.47995,2020,9,September,17,Afternoon Peak,Weekday
T20210003164,2020-09-08,13:40:00,3,Struck animal,2,Tuesday,167,STRUCK ANIMAL,1,679760,Not at intersection,3,50,Local Road,DAVIS,WELLINGTON,-37.960037,146.9891,2020,9,September,13,Midday,Weekday
T20200016315,2020-09-08,07:40:00,4,Collision with a fixed object,2,Tuesday,171,LEFT OFF CARRIAGEWAY INTO OBJECT/PARKED VEHICLE,1,661783,Not at intersection,2,60,Arterial Highway,DEAKIN,MILDURA,-34.22553,142.11337,2020,9,September,7,Morning Peak,Weekday
T20200016353,2020-09-08,06:10:00,4,Collision with a fixed object,2,Tuesday,173,RIGHT OFF CARRIAGEWAY INTO OBJECT/PARKED VEHICLE,1,667644,Not at intersection,3,60,Arterial Other,NAR NAR GOON-LONGWARRY,CARDINIA,-38.08527,145.62622,2020,9,September,6,Morning Peak,Weekday
T20200016342,2020-09-08,12:45:00,1,Collision with vehicle,2,Tuesday,147,VEHICLE STRIKES ANOTHER VEH WHILE EMERGING FROM DRIVEWAY,1,661753,Not at intersection,3,50,Local Road,BROOKLYN,FRANKSTON,-38.164474,145.1426,2020,9,September,12,Midday,Weekday
T20200020189,2020-09-08,17:20:00,1,Collision with vehicle,2,Tuesday,132,RIGHT REAR.,1,43333,T intersection,2,60,Local Road,CLOVELLY,FRANKSTON,-38.089787,145.12822,2020,9,September,17,Afternoon Peak,Weekday
T20200016345,2020-09-08,16:14:00,6,Vehicle overturned (no collision),2,Tuesday,170,OFF CARRIAGEWAY TO LEFT,1,677654,Not at intersection,2,100,Arterial Other,SNOW,WANGARATTA,-36.50661,146.5619,2020,9,September,16,Afternoon Peak,Weekday
T20200018346,2020-09-08,11:35:00,1,Collision with vehicle,2,Tuesday,130,REAR END(VEHICLES IN SAME LANE),1,666140,Not at intersection,3,60,Arterial Other,MELVILLE,MORELAND,-37.758816,144.94484,2020,9,September,11,Midday,Weekday
T20200016329,2020-09-08,12:20:00,1,Collision with vehicle,2,Tuesday,121,RIGHT THROUGH,1,46691,Cross intersection,3,60,Local Road,LYNEDOCH,GLEN EIRA,-37.868633,145.00897,2020,9,September,12,Midday,Weekday
T20200016307,2020-09-08,06:23:00,1,Collision with vehicle,2,Tuesday,110,CROSS TRAFFIC(INTERSECTIONS ONLY),1,661680,Cross intersection,3,70,Local Road,GARDEN GROVE,WHITTLESEA,-37.67741,145.0542,2020,9,September,6,Morning Peak,Weekday
T20200016306,2020-09-08,05:10:00,1,Collision with vehicle,2,Tuesday,113,RIGHT NEAR (INTERSECTIONS ONLY),3,780789,Cross intersection,3,60,Arterial Highway,BELL,DAREBIN,-37.745632,145.00613,2020,9,September,5,Morning Peak,Weekday
T20200016334,2020-09-08,14:00:00,1,Collision with vehicle,2,Tuesday,123,RIGHT/LEFT. ONE VEH TURNING RIGHT THE OTHER LEFT.,1,35130,T intersection,2,50,Local Road,HOLLY,DAREBIN,-37.73522,145.0287,2020,9,September,14,Midday,Weekday
T20200016355,2020-09-08,19:46:00,4,Collision with a fixed object,2,Tuesday,171,LEFT OFF CARRIAGEWAY INTO OBJECT/PARKED VEHICLE,3,62041,T intersection,2,60,Local Road,BROOKLYN,MELTON,-37.70101,144.55861,2020,9,September,19,Night,Weekday
T20200016327,2020-09-08,13:20:00,2,Struck Pedestrian,2,Tuesday,102,FAR SIDE. PED HIT BY VEHICLE FROM THE LEFT,1,664361,Cross intersection,3,50,Arterial Other,MCCALLUM,SWAN HILL,-35.338863,143.55812,2020,9,September,13,Midday,Weekday
T20200016326,2020-09-08,11:58:00,4,Collision with a fixed object,2,Tuesday,183,OFF LEFT BEND INTO OBJECT/PARKED VEHICLE,1,662043,Not at intersection,2,80,Arterial Highway,SOUTH GIPPSLAND,CASEY,-38.143795,145.31076,2020,9,September,11,Midday,Weekday
T20200016336,2020-09-08,13:10:00,1,Collision with vehicle,2,Tuesday,160,VEHICLE COLLIDES WITH VEHICLE PARKED ON LEFT OF ROAD,1,667648,Not at intersection,3,80,Arterial Other,TYERS,LATROBE,-38.160065,146.49217,2020,9,September,13,Midday,Weekday
T20200016468,2020-09-09,16:30:00,1,Collision with vehicle,3,Wednesday,130,REAR END(VEHICLES IN SAME LANE),1,666246,Not at intersection,3,70,Local Road,MCCLELLAND,FRANKSTON,-38.177433,145.1654,2020,9,September,16,Afternoon Peak,Weekday
T20200017862,2020-09-09,15:45:00,1,Collision with vehicle,3,Wednesday,121,RIGHT THROUGH,1,355448,Cross intersection,2,60,Arterial Highway,MCIVOR,BENDIGO,-36.75728,144.29182,2020,9,September,15,Afternoon Peak,Weekday
T20200018920,2020-09-09,05:50:00,5,collision with some other object,3,Wednesday,171,LEFT OFF CARRIAGEWAY INTO OBJECT/PARKED VEHICLE,2,665595,Not at intersection,3,100,Arterial Other,GISBORNE,MOORABOOL,-37.58879,144.46031,2020,9,September,5,Morning Peak,Weekday
T20200016592,2020-09-09,17:00:00,6,Vehicle overturned (no collision),3,Wednesday,184,OUT OF CONTROL ON CARRIAGEWAY (ON BEND),2,662085,Not at intersection,3,40,Local Road,MCKEON,DANDENONG,-37.952263,145.21925,2020,9,September,17,Afternoon Peak,Weekday
T20200016386,2020-09-09,15:15:00,1,Collision with vehicle,3,Wednesday,130,REAR END(VEHICLES IN SAME LANE),1,41267,Cross intersection,3,80,Arterial Highway,NEPEAN,BAYSIDE,-37.91583,145.0177,2020,9,September,15,Afternoon Peak,Weekday
T20200016384,2020-09-09,13:21:00,1,Collision with vehicle,3,Wednesday,110,CROSS TRAFFIC(INTERSECTIONS ONLY),1,773388,Cross intersection,3,60,Arterial Highway,MARKHAM,GLENELG,-38.134495,141.62927,2020,9,September,13,Midday,Weekday
T20200016382,2020-09-09,11:35:00,1,Collision with vehicle,3,Wednesday,153,CUTTING IN (OVERTAKING),1,663339,Not at intersection,2,50,Local Road,HAZEL GLEN,WHITTLESEA,-37.588154,145.12012,2020,9,September,11,Midday,Weekday
T20200016359,2020-09-09,07:14:00,1,Collision with vehicle,3,Wednesday,110,CROSS TRAFFIC(INTERSECTIONS ONLY),1,360526,Multiple intersection,3,60,Arterial Other,DALTON ROAD -SETTLEMENT,WHITTLESEA,-37.689594,145.0278,2020,9,September,7,Morning Peak,Weekday
T20200016397,2020-09-09,16:55:00,4,Collision with a fixed object,3,Wednesday,183,OFF LEFT BEND INTO OBJECT/PARKED VEHICLE,1,664481,Not at intersection,2,70,Arterial Other,KINGS,BRIMBANK,-37.71757,144.7814,2020,9,September,16,Afternoon Peak,Weekday
T20200016358,2020-09-09,04:21:00,5,collision with some other object,3,Wednesday,179,OTHER ACCIDENTS-OFF STRAIGHT NOT INCLUDED IN DCAs 170-175,3,663553,Not at intersection,2,70,Arterial Other,TEMPLESTOWE,MANNINGHAM,-37.75589,145.10858,2020,9,September,4,Late Night,Weekday
T20200016401,2020-09-09,17:47:00,1,Collision with vehicle,3,Wednesday,121,RIGHT THROUGH,1,39259,Cross intersection,3,60,Arterial Other,CANTERBURY,WHITEHORSE,-37.82772,145.11288,2020,9,September,17,Afternoon Peak,Weekday
T20200016389,2020-09-09,16:05:00,1,Collision with vehicle,3,Wednesday,116,LEFT NEAR (INTERSECTIONS ONLY),1,359448,T intersection,3,80,Arterial Other,GRUBB,GEELONG,-38.21413,144.54414,2020,9,September,16,Afternoon Peak,Weekday
T20200016403,2020-09-09,14:30:00,6,Vehicle overturned (no collision),3,Wednesday,180,OFF CARRIAGEWAY ON RIGHT BEND,1,663558,Not at intersection,2,100,Arterial Other,KULKYNE,MILDURA,-34.52931,142.3667,2020,9,September,14,Midday,Weekday
T20200016404,2020-09-09,19:34:00,2,Struck Pedestrian,3,Wednesday,103,PED PLAYING/LYING/WORKING/STANDING ON CARRIAGEWAY.,5,661714,Not at intersection,1,50,Arterial Highway,HIGH STREET SERVICE,BENDIGO,-36.806984,144.24089,2020,9,September,19,Night,Weekday
T20200016378,2020-09-09,12:38:00,4,Collision with a fixed object,3,Wednesday,173,RIGHT OFF CARRIAGEWAY INTO OBJECT/PARKED VEHICLE,1,667056,Not at intersection,2,60,Arterial Other,BUCKNALL,CENTRAL GOLDFIELDS,-37.04497,143.8136,2020,9,September,12,Midday,Weekday
T20200016411,2020-09-09,12:22:00,4,Collision with a fixed object,3,Wednesday,171,LEFT OFF CARRIAGEWAY INTO OBJECT/PARKED VEHICLE,1,675402,Not at intersection,3,70,Arterial Highway,SPRINGVALE,DANDENONG,-37.9406,145.15445,2020,9,September,12,Midday,Weekday
T20200016374,2020-09-09,11:10:00,4,Collision with a fixed object,3,Wednesday,171,LEFT OFF CARRIAGEWAY INTO OBJECT/PARKED VEHICLE,1,667723,Not at intersection,3,80,Arterial Other,HUME,HUME,-37.640453,144.95099,2020,9,September,11,Midday,Weekday
T20200016396,2020-09-09,14:21:00,1,Collision with vehicle,3,Wednesday,121,RIGHT THROUGH,1,42310,T intersection,3,80,Arterial Highway,WARRIGAL,KINGSTON,-37.95472,145.07648,2020,9,September,14,Midday,Weekday
T20200016433,2020-09-09,20:00:00,4,Collision with a fixed object,3,Wednesday,171,LEFT OFF CARRIAGEWAY INTO OBJECT/PARKED VEHICLE,3,664698,Not at intersection,2,50,Local Road,HELSTON,BOROONDARA,-37.7857,145.09396,2020,9,September,20,Night,Weekday
T20200016617,2020-09-09,19:30:00,3,Struck animal,3,Wednesday,167,STRUCK ANIMAL,5,662086,Not at intersection,3,100,Arterial Other,MAFFRA-SALE,WELLINGTON,-38.07424,147.04227,2020,9,September,19,Night,Weekday
T20200016392,2020-09-09,14:56:00,1,Collision with vehicle,3,Wednesday,160,VEHICLE COLLIDES WITH VEHICLE PARKED ON LEFT OF ROAD,1,671070,Not at intersection,3,60,Local Road,TANTI,MORNINGTON PENINSULA,-38.218403,145.04315,2020,9,September,14,Midday,Weekday
T20200016400,2020-09-09,15:00:00,6,Vehicle overturned (no collision),3,Wednesday,174,OUT OF CONTROL ON CARRIAGEWAY (ON STRAIGHT),1,672210,T intersection,2,50,Local Road,DAVID,YARRA RANGES,-37.765766,145.31018,2020,9,September,15,Afternoon Peak,Weekday
T20200016380,2020-09-09,13:00:00,1,Collision with vehicle,3,Wednesday,110,CROSS TRAFFIC(INTERSECTIONS ONLY),1,55377,Cross intersection,3,60,Local Road,OLYMPIC,BAW BAW,-38.164562,145.94202,2020,9,September,13,Midday,Weekday