ACCIDENT_NO,ACCIDENT_DATE,ACCIDENT_TIME,ACCIDENT_TYPE,ACCIDENT_TYPE_DESC,DAY_OF_WEEK,DAY_WEEK_DESC,DCA_CODE,DCA_DESC,LIGHT_CONDITION,NODE_ID,ROAD_GEOMETRY_DESC,SEVERITY,SPEED_ZONE,RMA,ROAD_NAME,LGA_NAME,LATITUDE,LONGITUDE,YEAR,MONTH,MONTH_NAME,HOUR,TIME_PERIOD,DAY_TYPE
T20200016381,2020-09-09,14:00:00,1,Collision with vehicle,3,Wednesday,110,CROSS TRAFFIC(INTERSECTIONS ONLY),1,269900,Cross intersection,3,50,Local Road,CLARKSON,BALLARAT,-37.583813,143.83861,2020,9,September,14,Midday,Weekday
T20200016362,2020-09-09,07:00:00,1,Collision with vehicle,3,Wednesday,110,CROSS TRAFFIC(INTERSECTIONS ONLY),1,883,Cross intersection,3,70,Arterial Other,SYDNEY,MORELAND,-37.73776,144.96695,2020,9,September,7,Morning Peak,Weekday
T20200016395,2020-09-09,14:10:00,4,Collision with a fixed object,3,Wednesday,171,LEFT OFF CARRIAGEWAY INTO OBJECT/PARKED VEHICLE,1,662044,Not at intersection,2,60,Arterial Other,MYRTLE,BENDIGO,-36.76416,144.27162,2020,9,September,14,Midday,Weekday
T20200016972,2020-09-09,16:35:00,1,Collision with vehicle,3,Wednesday,133,LANE SIDE SWIPE (VEHICLES IN PARALLEL LANES),1,57783,T intersection,3,80,Arterial Highway,SURF COAST,GEELONG,-38.20121,144.34135,2020,9,September,16,Afternoon Peak,Weekday
T20200016393,2020-09-09,16:30:00,1,Collision with vehicle,3,Wednesday,132,RIGHT REAR.,1,39153,T intersection,3,60,Arterial Other,BALWYN,BOROONDARA,-37.8106,145.08177,2020,9,September,16,Afternoon Peak,Weekday
T20200016800,2020-09-10,16:25:00,1,Collision with vehicle,4,Thursday,137,LEFT TURN SIDESWIPE,1,57059,Cross intersection,3,60,Local Road,CAROLINE SPRINGS,MELTON,-37.730984,144.74162,2020,9,September,16,Afternoon Peak,Weekday
T20200017410,2020-09-10,17:42:00,1,Collision with vehicle,4,Thursday,113,RIGHT NEAR (INTERSECTIONS ONLY),1,354699,Cross intersection,3,70,Arterial Other,ANDERSONS CREEK,MANNINGHAM,-37.76431,145.17258,2020,9,September,17,Afternoon Peak,Weekday
T20200017335,2020-09-10,15:10:00,1,Collision with vehicle,4,Thursday,121,RIGHT THROUGH,1,49211,Cross intersection,2,80,Arterial Other,PRINCES,LATROBE,-38.23601,146.42656,2020,9,September,15,Afternoon Peak,Weekday
T20200016443,2020-09-10,16:45:00,1,Collision with vehicle,4,Thursday,160,VEHICLE COLLIDES WITH VEHICLE PARKED ON LEFT OF ROAD,1,662046,Not at intersection,2,50,Local Road,CADLES,FRANKSTON,-38.092632,145.18727,2020,9,September,16,Afternoon Peak,Weekday
T20200016444,2020-09-10,13:35:00,1,Collision with vehicle,4,Thursday,113,RIGHT NEAR (INTERSECTIONS ONLY),1,661956,T intersection,3,70,Local Road,GREIGS,MELTON,-37.75053,144.69908,2020,9,September,13,Midday,Weekday
T20200016446,2020-09-10,17:27:00,1,Collision with vehicle,4,Thursday,130,REAR END(VEHICLES IN SAME LANE),1,189810,Cross intersection,3,60,Local Road,GOVERNOR,KINGSTON,-38.007263,145.10368,2020,9,September,17,Afternoon Peak,Weekday
T20200016450,2020-09-10,16:00:00,1,Collision with vehicle,4,Thursday,130,REAR END(VEHICLES IN SAME LANE),1,778493,Not at intersection,3,60,Arterial Highway,LOWER DANDENONG,KINGSTON,-37.98552,145.10028,2020,9,September,16,Afternoon Peak,Weekday
T20200016451,2020-09-10,17:00:00,1,Collision with vehicle,4,Thursday,147,VEHICLE STRIKES ANOTHER VEH WHILE EMERGING FROM DRIVEWAY,1,662045,Not at intersection,2,60,Local Road,GLENDONALD,LATROBE,-38.323975,146.42044,2020,9,September,17,Afternoon Peak,Weekday
T20200016455,2020-09-10,19:32:00,4,Collision with a fixed object,4,Thursday,171,LEFT OFF CARRIAGEWAY INTO OBJECT/PARKED VEHICLE,5,665338,Not at intersection,2,60,Arterial Other,BULLA,HUME,-37.629017,144.79436,2020,9,September,19,Night,Weekday
T20200016460,2020-09-10,18:50:00,4,Collision with a fixed object,4,Thursday,173,RIGHT OFF CARRIAGEWAY INTO OBJECT/PARKED VEHICLE,5,673894,Not at intersection,3,100,Arterial Highway,MELBA,YARRA RANGES,-37.669865,145.3803,2020,9,September,18,Afternoon Peak,Weekday
T20210013364,2020-09-10,21:17:00,1,Collision with vehicle,4,Thursday,121,RIGHT THROUGH,3,851,Cross intersection,3,60,Arterial Other,SYDNEY,MORELAND,-37.72746,144.96368,2020,9,September,21,Night,Weekday
T20200016467,2020-09-10,13:58:00,1,Collision with vehicle,4,Thursday,148,VEHICLE OFF FOOTPATH STRIKES VEH ON CARRIAGEWAY,1,661899,T intersection,3,40,Local Road,OUTHWAITE,MANNINGHAM,-37.78314,145.10306,2020,9,September,13,Midday,Weekday
T20200016471,2020-09-10,09:00:00,1,Collision with vehicle,4,Thursday,137,LEFT TURN SIDESWIPE,1,359958,T intersection,3,40,Local Road,BEACH,SURF COAST,-38.32705,144.32654,2020,9,September,9,Morning Peak,Weekday
T20200016438,2020-09-10,15:04:00,1,Collision with vehicle,4,Thursday,132,RIGHT REAR.,1,65642,T intersection,3,60,Arterial Other,WARRANDYTE,MAROONDAH,-37.808018,145.2305,2020,9,September,15,Afternoon Peak,Weekday
T20200016434,2020-09-10,15:45:00,1,Collision with vehicle,4,Thursday,130,REAR END(VEHICLES IN SAME LANE),9,40720,T intersection,3,60,Arterial Other,STEPHENSONS,MONASH,-37.860115,145.13191,2020,9,September,15,Afternoon Peak,Weekday
T20200016428,2020-09-10,12:30:00,1,Collision with vehicle,4,Thursday,130,REAR END(VEHICLES IN SAME LANE),1,221849,T intersection,3,70,Freeway,THOMPSONS,MANNINGHAM,-37.779137,145.08209,2020,9,September,12,Midday,Weekday
T20200016425,2020-09-10,09:15:00,1,Collision with vehicle,4,Thursday,147,VEHICLE STRIKES ANOTHER VEH WHILE EMERGING FROM DRIVEWAY,1,667725,Not at intersection,3,60,Arterial Other,LORIMER,MELBOURNE,-37.824017,144.94218,2020,9,September,9,Morning Peak,Weekday
T20200016422,2020-09-10,10:32:00,2,Struck Pedestrian,4,Thursday,100,PED NEAR SIDE. PED HIT BY VEHICLE FROM THE RIGHT.,1,36952,Cross intersection,2,40,Local Road,BOURKE,MELBOURNE,-37.81281,144.96811,2020,9,September,10,Midday,Weekday
T20200016412,2020-09-10,07:15:00,1,Collision with vehicle,4,Thursday,113,RIGHT NEAR (INTERSECTIONS ONLY),1,1140,Cross intersection,2,70,Arterial Other,COOPER,WHITTLESEA,-37.651485,145.01932,2020,9,September,7,Morning Peak,Weekday
T20200016475,2020-09-10,16:20:00,1,Collision with vehicle,4,Thursday,121,RIGHT THROUGH,1,39876,Cross intersection,3,60,Arterial Other,CENTRAL,HOBSONS BAY,-37.871178,144.77306,2020,9,September,16,Afternoon Peak,Weekday
T20210003221,2020-09-10,23:00:00,2,Struck Pedestrian,4,Thursday,103,PED PLAYING/LYING/WORKING/STANDING ON CARRIAGEWAY.,3,221296,Not at intersection,3,40,Freeway,MONASH,MONASH,-37.892708,145.12813,2020,9,September,23,Night,Weekday
T20200017101,2020-09-10,02:13:00,4,Collision with a fixed object,4,Thursday,171,LEFT OFF CARRIAGEWAY INTO OBJECT/PARKED VEHICLE,5,729398,Not at intersection,3,100,Arterial Other,LISMORE-SKIPTON,CORANGAMITE,-37.855644,143.31981,2020,9,September,2,Late Night,Weekday
T20200016492,2020-09-11,19:45:00,2,Struck Pedestrian,5,Friday,102,FAR SIDE. PED HIT BY VEHICLE FROM THE LEFT,3,662011,Not at intersection,2,60,Local Road,TANTI,MORNINGTON PENINSULA,-38.223373,145.0467,2020,9,September,19,Night,Weekday
T20200016670,2020-09-11,08:50:00,1,Collision with vehicle,5,Friday,130,REAR END(VEHICLES IN SAME LANE),1,51974,Cross intersection,3,50,Arterial Highway,PRINCES,EAST GIPPSLAND,-37.873096,148.00922,2020,9,September,8,Morning Peak,Weekday
T20200016493,2020-09-11,19:15:00,1,Collision with vehicle,5,Friday,113,RIGHT NEAR (INTERSECTIONS ONLY),3,43954,T intersection,3,60,Arterial Other,BAXTER-TOORADIN,CASEY,-38.195152,145.3465,2020,9,September,19,Night,Weekday
T20210001374,2020-09-11,19:30:00,1,Collision with vehicle,5,Friday,121,RIGHT THROUGH,3,37705,Cross intersection,2,40,Arterial Other,HIGH,STONNINGTON,-37.85185,144.99338,2020,9,September,19,Night,Weekday
T20200016623,2020-09-11,17:30:00,1,Collision with vehicle,5,Friday,130,REAR END(VEHICLES IN SAME LANE),9,668049,Not at intersection,3,60,Arterial Other,BURKE,BOROONDARA,-37.804108,145.06189,2020,9,September,17,Afternoon Peak,Weekday
T20200016498,2020-09-11,22:00:00,3,Struck animal,5,Friday,167,STRUCK ANIMAL,5,662814,Not at intersection,1,100,Arterial Highway,SOUTH GIPPSLAND,SOUTH GIPPSLAND,-38.64392,146.23535,2020,9,September,22,Night,Weekday
T20200016487,2020-09-11,15:30:00,6,Vehicle overturned (no collision),5,Friday,180,OFF CARRIAGEWAY ON RIGHT BEND,1,667768,Not at intersection,3,100,Arterial Other,HEATHCOTE-REDESDALE,BENDIGO,-36.987873,144.5926,2020,9,September,15,Afternoon Peak,Weekday
T20200016472,2020-09-11,10:52:00,1,Collision with vehicle,5,Friday,135,LANE CHANGE LEFT (NOT OVERTAKING),1,122646,Not at intersection,2,80,Arterial Highway,SPRINGVALE,MONASH,-37.92564,145.1572,2020,9,September,10,Midday,Weekday
T20210000630,2020-09-11,15:00:00,1,Collision with vehicle,5,Friday,132,RIGHT REAR.,1,672671,Not at intersection,3,80,Arterial Other,MORNINGTON-TYABB,MORNINGTON PENINSULA,-38.24437,145.08475,2020,9,September,15,Afternoon Peak,Weekday
T20200016479,2020-09-11,14:30:00,1,Collision with vehicle,5,Friday,121,RIGHT THROUGH,1,39314,Cross intersection,3,60,Arterial Other,STATION,WHITEHORSE,-37.81368,145.12477,2020,9,September,14,Midday,Weekday
T20200018104,2020-09-11,15:00:00,1,Collision with vehicle,5,Friday,132,RIGHT REAR.,1,47422,T intersection,3,60,Arterial Other,KEILOR,MOONEE VALLEY,-37.740593,144.90051,2020,9,September,15,Afternoon Peak,Weekday
T20200016458,2020-09-11,00:59:00,4,Collision with a fixed object,5,Friday,173,RIGHT OFF CARRIAGEWAY INTO OBJECT/PARKED VEHICLE,3,70963,T intersection,2,50,Local Road,CLOVERSET,CASEY,-38.01092,145.29958,2020,9,September,0,Late Night,Weekday
T20200016470,2020-09-11,09:35:00,2,Struck Pedestrian,5,Friday,100,PED NEAR SIDE. PED HIT BY VEHICLE FROM THE RIGHT.,1,309470,Cross intersection,2,60,Arterial Highway,KINGS,PORT PHILLIP,-37.830914,144.96512,2020,9,September,9,Morning Peak,Weekday
T20200016477,2020-09-11,12:30:00,1,Collision with vehicle,5,Friday,110,CROSS TRAFFIC(INTERSECTIONS ONLY),1,43480,Cross intersection,3,50,Local Road,BAILEYANA,FRANKSTON,-38.16359,145.1281,2020,9,September,12,Midday,Weekday
T20200016457,2020-09-11,00:08:00,1,Collision with vehicle,5,Friday,173,RIGHT OFF CARRIAGEWAY INTO OBJECT/PARKED VEHICLE,3,259275,Cross intersection,3,60,Arterial Highway,SHAKESPEARE,LATROBE,-38.199497,146.53305,2020,9,September,0,Late Night,Weekday
T20200016476,2020-09-11,12:56:00,1,Collision with vehicle,5,Friday,120,HEAD ON (NOT OVERTAKING),1,61318,T intersection,3,50,Local Road,BREAMLEA,HUME,-37.65969,144.9146,2020,9,September,12,Midday,Weekday
T20200016511,2020-09-11,09:35:00,1,Collision with vehicle,5,Friday,121,RIGHT THROUGH,1,37219,Cross intersection,2,60,Arterial Other,CHURCH,YARRA,-37.81057,145.00064,2020,9,September,9,Morning Peak,Weekday
T20200016473,2020-09-11,12:51:00,2,Struck Pedestrian,5,Friday,100,PED NEAR SIDE. PED HIT BY VEHICLE FROM THE RIGHT.,1,43877,Cross intersection,2,80,Arterial Other,CRANBOURNE-FRANKSTON ROAD -SLADEN,CASEY,-38.11089,145.26501,2020,9,September,12,Midday,Weekday
T20200017304,2020-09-11,10:30:00,1,Collision with vehicle,5,Friday,130,REAR END(VEHICLES IN SAME LANE),1,670541,Not at intersection,3,60,Arterial Other,MACARTHUR,MELBOURNE,-37.787807,144.95212,2020,9,September,10,Midday,Weekday
T20200016469,2020-09-11,11:00:00,4,Collision with a fixed object,5,Friday,171,LEFT OFF CARRIAGEWAY INTO OBJECT/PARKED VEHICLE,1,661900,Not at intersection,3,40,Arterial Highway,MAIN STREET SERVICE,KINGSTON,-38.00659,145.08612,2020,9,September,11,Midday,Weekday
T20200016754,2020-09-11,06:40:00,1,Collision with vehicle,5,Friday,149,OTHER MANOEUVRING NOT INCLUDED IN DCAs 140-148,1,662624,Not at intersection,3,70,Arterial Other,MT DANDENONG,MAROONDAH,-37.801434,145.30566,2020,9,September,6,Morning Peak,Weekday
T20200016485,2020-09-11,15:45:00,1,Collision with vehicle,5,Friday,130,REAR END(VEHICLES IN SAME LANE),1,347864,T intersection,3,60,Arterial Highway,NEPEAN,FRANKSTON,-38.13866,145.12318,2020,9,September,15,Afternoon Peak,Weekday
T20200016484,2020-09-11,15:20:00,1,Collision with vehicle,5,Friday,130,REAR END(VEHICLES IN SAME LANE),1,662703,Not at intersection,2,80,Arterial Other,MELTON,MELTON,-37.680508,144.6441,2020,9,September,15,Afternoon Peak,Weekday
T20200016483,2020-09-11,12:10:00,1,Collision with vehicle,5,Friday,120,HEAD ON (NOT OVERTAKING),1,665476,Not at intersection,2,100,Arterial Highway,MURRAY VALLEY,SWAN HILL,-35.094376,143.33318,2020,9,September,12,Midday,Weekday
T20200016590,2020-09-11,12:48:00,5,collision with some other object,5,Friday,166,STRUCK OBJECT ON CARRIAGEWAY,1,667772,Not at intersection,3,100,Freeway,MONASH OUT-SOUTH GIPPSLAND OUT,CASEY,-37.99232,145.25456,2020,9,September,12,Midday,Weekday
T20200016520,2020-09-12,14:50:00,1,Collision with vehicle,6,Saturday,110,CROSS TRAFFIC(INTERSECTIONS ONLY),1,49007,Multiple intersection,2,80,Arterial Highway,GOULBURN VALLEY,MOIRA,-36.099236,145.43178,2020,9,September,14,Midday,Weekend
T20200016537,2020-09-12,21:59:00,4,Collision with a fixed object,6,Saturday,171,LEFT OFF CARRIAGEWAY INTO OBJECT/PARKED VEHICLE,3,20803,T intersection,2,80,Arterial Other,DROUIN-KORUMBURRA ROAD -WESTERNPORT,BAW BAW,-38.17239,145.82039,2020,9,September,21,Night,Weekend
T20200016548,2020-09-12,12:58:00,1,Collision with vehicle,6,Saturday,152,PULLING OUT (OVERTAKING),1,662360,Not at intersection,3,60,Local Road,NAPIER,MOONEE VALLEY,-37.754547,144.91786,2020,9,September,12,Midday,Weekend
T20200016986,2020-09-12,21:00:00,6,Vehicle overturned (no collision),6,Saturday,174,OUT OF CONTROL ON CARRIAGEWAY (ON STRAIGHT),3,663014,Not at intersection,3,40,Arterial Other,CLARENDON,PORT PHILLIP,-37.832798,144.96048,2020,9,September,21,Night,Weekend
T20200016497,2020-09-12,00:12:00,8,No collision and no object struck,6,Saturday,170,OFF CARRIAGEWAY TO LEFT,5,669029,Not at intersection,2,80,Arterial Other,TRARALGON WEST,LATROBE,-38.18629,146.47804,2020,9,September,0,Late Night,Weekend
T20200016512,2020-09-12,13:30:00,4,Collision with a fixed object,6,Saturday,183,OFF LEFT BEND INTO OBJECT/PARKED VEHICLE,1,662359,Not at intersection,3,60,Arterial Other,OLINDA-MONBULK,YARRA RANGES,-37.870174,145.39023,2020,9,September,13,Midday,Weekend
T20200016522,2020-09-12,16:05:00,1,Collision with vehicle,6,Saturday,113,RIGHT NEAR (INTERSECTIONS ONLY),1,780794,T intersection,3,60,Local Road,UNNAMED,BANYULE,-37.71523,145.11533,2020,9,September,16,Afternoon Peak,Weekend
T20200016513,2020-09-12,09:30:00,6,Vehicle overturned (no collision),6,Saturday,172,OFF CARRIAGEWAY TO RIGHT,1,661927,Not at intersection,1,100,Local Road,CURR,CAMPASPE,-36.168964,144.98126,2020,9,September,9,Morning Peak,Weekend
T20200016536,2020-09-12,21:26:00,1,Collision with vehicle,6,Saturday,169,OTHER ON PATH,6,692473,Not at intersection,3,50,Local Road,RAYMOND,BRIMBANK,-37.789158,144.8112,2020,9,September,21,Night,Weekend
T20200016534,2020-09-12,03:14:00,4,Collision with a fixed object,6,Saturday,171,LEFT OFF CARRIAGEWAY INTO OBJECT/PARKED VEHICLE,3,50056,Cross intersection,2,60,Arterial Other,BOUNDARY,GEELONG,-38.16138,144.3859,2020,9,September,3,Late Night,Weekend
T20200016533,2020-09-12,17:30:00,4,Collision with a fixed object,6,Saturday,171,LEFT OFF CARRIAGEWAY INTO OBJECT/PARKED VEHICLE,1,661928,Not at intersection,1,100,Local Road,COACH,SHEPPARTON,-36.437252,145.49818,2020,9,September,17,Afternoon Peak,Weekend
T20200017680,2020-09-12,14:58:00,1,Collision with vehicle,6,Saturday,113,RIGHT NEAR (INTERSECTIONS ONLY),1,331835,T intersection,3,60,Arterial Highway,GEELONG,HOBSONS BAY,-37.82219,144.82994,2020,9,September,14,Midday,Weekend
T20200016528,2020-09-12,19:30:00,1,Collision with vehicle,6,Saturday,130,REAR END(VEHICLES IN SAME LANE),1,258566,Cross intersection,2,50,Local Road,CAIRNLEA,BRIMBANK,-37.76091,144.79016,2020,9,September,19,Night,Weekend
T20200016527,2020-09-12,19:04:00,1,Collision with vehicle,6,Saturday,110,CROSS TRAFFIC(INTERSECTIONS ONLY),5,311121,Cross intersection,3,50,Local Road,YARRA,GEELONG,-38.15724,144.359,2020,9,September,19,Night,Weekend
T20200018068,2020-09-12,19:00:00,8,No collision and no object struck,6,Saturday,179,OTHER ACCIDENTS-OFF STRAIGHT NOT INCLUDED IN DCAs 170-175,3,729411,T intersection,3,40,Arterial Other,KEILOR,MOONEE VALLEY,-37.738598,144.89566,2020,9,September,19,Night,Weekend
T20200016516,2020-09-12,09:05:00,4,Collision with a fixed object,6,Saturday,183,OFF LEFT BEND INTO OBJECT/PARKED VEHICLE,1,662903,Not at intersection,2,100,Local Road,BIGGINS,BENDIGO,-36.94448,144.80212,2020,9,September,9,Morning Peak,Weekend
T20200018951,2020-09-12,21:40:00,1,Collision with vehicle,6,Saturday,160,VEHICLE COLLIDES WITH VEHICLE PARKED ON LEFT OF ROAD,6,668783,Not at intersection,2,40,Local Road,RICHARD,GEELONG,-38.16582,144.3981,2020,9,September,21,Night,Weekend
T20200020789,2020-09-12,18:10:00,1,Collision with vehicle,6,Saturday,110,CROSS TRAFFIC(INTERSECTIONS ONLY),3,668259,Cross intersection,3,50,Local Road,WILLIAM THWAITES,CASEY,-38.076454,145.3163,2020,9,September,18,Afternoon Peak,Weekend
T20200016523,2020-09-12,16:50:00,4,Collision with a fixed object,6,Saturday,181,OFF RIGHT BEND INTO OBJECT/PARKED VEHICLE,1,662220,Not at intersection,2,60,Arterial Other,RINGWOOD-WARRANDYTE,MANNINGHAM,-37.75411,145.23386,2020,9,September,16,Afternoon Peak,Weekend
T20200016526,2020-09-12,14:15:00,4,Collision with a fixed object,6,Saturday,171,LEFT OFF CARRIAGEWAY INTO OBJECT/PARKED VEHICLE,1,672772,Not at intersection,3,80,Arterial Highway,NEPEAN,MORNINGTON PENINSULA,-38.22347,145.05292,2020,9,September,14,Midday,Weekend
T20200016500,2020-09-12,01:11:00,1,Collision with vehicle,6,Saturday,133,LANE SIDE SWIPE (VEHICLES IN PARALLEL LANES),3,729928,Not at intersection,2,100,Arterial Other,KEILOR PARK,BRIMBANK,-37.72635,144.84967,2020,9,September,1,Late Night,Weekend
T20200016538,2020-09-12,23:00:00,2,Struck Pedestrian,6,Saturday,109,ANY MANOEUVRE INVOLVING PED NOT INCLUDED IN DCAs 100-108.,3,43231,T intersection,2,60,Arterial Highway,NEPEAN,KINGSTON,-38.04665,145.11325,2020,9,September,23,Night,Weekend
T20200016685,2020-09-13,09:30:00,6,Vehicle overturned (no collision),7,Sunday,184,OUT OF CONTROL ON CARRIAGEWAY (ON BEND),1,729392,Not at intersection,2,80,Local Road,TANNERS,SURF COAST,-38.330673,144.07782,2020,9,September,9,Morning Peak,Weekend
T20200017214,2020-09-13,16:28:00,1,Collision with vehicle,7,Sunday,130,REAR END(VEHICLES IN SAME LANE),1,641139,Cross intersection,3,80,Arterial Other,WANTIRNA,KNOX,-37.84754,145.22714,2020,9,September,16,Afternoon Peak,Weekend
T20200016542,2020-09-13,02:52:00,4,Collision with a fixed object,7,Sunday,171,LEFT OFF CARRIAGEWAY INTO OBJECT/PARKED VEHICLE,3,662088,Not at intersection,2,60,Arterial Other,HIGH,STONNINGTON,-37.850693,144.98439,2020,9,September,2,Late Night,Weekend
T20200016582,2020-09-13,23:35:00,2,Struck Pedestrian,7,Sunday,108,PED STRUCK WALKING TO/FROM OR BOARDING/ALIGHTING VEHICLE.,3,663424,Not at intersection,2,50,Local Road,HART,COLAC OTWAY,-38.3461,143.5801,2020,9,September,23,Night,Weekend
T20200016561,2020-09-13,09:27:00,2,Struck Pedestrian,7,Sunday,104,PED WALKING WITH TRAFFIC,1,662221,Not at intersection,3,40,Local Road,CHAPEL,STONNINGTON,-37.854435,144.99287,2020,9,September,9,Morning Peak,Weekend
T20200016589,2020-09-13,15:00:00,6,Vehicle overturned (no collision),7,Sunday,172,OFF CARRIAGEWAY TO RIGHT,1,662084,T intersection,3,50,Local Road,VALLEY PARK,YARRA RANGES,-37.785137,145.34424,2020,9,September,15,Afternoon Peak,Weekend
T20200016588,2020-09-13,16:45:00,1,Collision with vehicle,7,Sunday,132,RIGHT REAR.,1,729930,Not at intersection,3,60,Arterial Other,BRANDY CREEK,BAW BAW,-38.143017,145.93872,2020,9,September,16,Afternoon Peak,Weekend
T20200016578,2020-09-13,17:30:00,1,Collision with vehicle,7,Sunday,110,CROSS TRAFFIC(INTERSECTIONS ONLY),1,73078,Cross intersection,3,60,Local Road,BOOTH,LATROBE,-38.237442,146.40996,2020,9,September,17,Afternoon Peak,Weekend
T20200016547,2020-09-13,00:28:00,1,Collision with vehicle,7,Sunday,160,VEHICLE COLLIDES WITH VEHICLE PARKED ON LEFT OF ROAD,3,662798,Not at intersection,2,50,Local Road,THE AVENUE,STONNINGTON,-37.858124,144.99747,2020,9,September,0,Late Night,Weekend
T20200016608,2020-09-13,17:30:00,1,Collision with vehicle,7,Sunday,139,OTHER SAME DIRECTION-MANOUEVRES NOT INCLUDED IN DCAs 130-137,2,662417,T intersection,3,60,Local Road,THE BOULEVARD,SHEPPARTON,-36.3633,145.37451,2020,9,September,17,Afternoon Peak,Weekend
T20200016581,2020-09-13,20:00:00,2,Struck Pedestrian,7,Sunday,102,FAR SIDE. PED HIT BY VEHICLE FROM THE LEFT,3,71552,Cross intersection,2,50,Local Road,CODRINGTON,CASEY,-38.109722,145.2854,2020,9,September,20,Night,Weekend
T20200016551,2020-09-13,09:30:00,4,Collision with a fixed object,7,Sunday,171,LEFT OFF CARRIAGEWAY INTO OBJECT/PARKED VEHICLE,1,66628,Cross intersection,3,70,Arterial Other,CANTERBURY,WHITEHORSE,-37.83309,145.15916,2020,9,September,9,Morning Peak,Weekend
T20200016579,2020-09-13,16:55:00,2,Struck Pedestrian,7,Sunday,103,PED PLAYING/LYING/WORKING/STANDING ON CARRIAGEWAY.,1,662470,Not at intersection,3,100,Local Road,GRAYS,BAW BAW,-38.088158,145.95293,2020,9,September,16,Afternoon Peak,Weekend
T20200016556,2020-09-13,08:25:00,1,Collision with vehicle,7,Sunday,113,RIGHT NEAR (INTERSECTIONS ONLY),1,237099,T intersection,2,100,Local Road,CAPE OTWAY,SURF COAST,-38.301582,144.0427,2020,9,September,8,Morning Peak,Weekend
T20200017122,2020-09-13,13:45:00,1,Collision with vehicle,7,Sunday,131,LEFT REAR,1,223204,Not at intersection,2,80,Arterial Highway,PRINCES,GEELONG,-38.09892,144.35501,2020,9,September,13,Midday,Weekend
T20200016567,2020-09-13,14:30:00,1,Collision with vehicle,7,Sunday,130,REAR END(VEHICLES IN SAME LANE),1,15435,Cross intersection,3,70,Arterial Highway,SURF COAST,GEELONG,-38.19567,144.3424,2020,9,September,14,Midday,Weekend
T20200016635,2020-09-13,16:15:00,1,Collision with vehicle,7,Sunday,130,REAR END(VEHICLES IN SAME LANE),1,278703,T intersection,3,60,Freeway,BACCHUS MARSH,GEELONG,-38.05862,144.35825,2020,9,September,16,Afternoon Peak,Weekend
T20200016573,2020-09-13,13:30:00,7,Fall from or in moving vehicle,7,Sunday,190,FELL IN/FROM VEHICLE,1,254841,Not at intersection,2,40,Arterial Other,HIGH,STONNINGTON,-37.85387,145.00821,2020,9,September,13,Midday,Weekend
T20200016570,2020-09-13,18:00:00,1,Collision with vehicle,7,Sunday,143,ENTERING PARKING,3,668009,Not at intersection,3,40,Local Road,HOPKINS,MARIBYRNONG,-37.80002,144.9018,2020,9,September,18,Afternoon Peak,Weekend
T20200016576,2020-09-13,16:15:00,1,Collision with vehicle,7,Sunday,113,RIGHT NEAR (INTERSECTIONS ONLY),2,29648,Cross intersection,3,60,Arterial Other,WAVERLEY,STONNINGTON,-37.875977,145.04817,2020,9,September,16,Afternoon Peak,Weekend
T20200020642,2020-09-13,21:00:00,6,Vehicle overturned (no collision),7,Sunday,174,OUT OF CONTROL ON CARRIAGEWAY (ON STRAIGHT),5,667835,Not at intersection,3,100,Arterial Highway,GOULBURN VALLEY,SHEPPARTON,-36.26191,145.4318,2020,9,September,21,Night,Weekend
T20200016618,2020-09-14,16:20:00,1,Collision with vehicle,1,Monday,130,REAR END(VEHICLES IN SAME LANE),1,663340,Not at intersection,2,80,Arterial Highway,STUD,KNOX,-37.924145,145.2337,2020,9,September,16,Afternoon Peak,Weekday
T20200016616,2020-09-14,16:05:00,4,Collision with a fixed object,1,Monday,171,LEFT OFF CARRIAGEWAY INTO OBJECT/PARKED VEHICLE,1,50447,T intersection,2,60,Arterial Highway,GRAHAM,BASS COAST,-38.60518,145.59975,2020,9,September,16,Afternoon Peak,Weekday
T20200016584,2020-09-14,02:00:00,4,Collision with a fixed object,1,Monday,171,LEFT OFF CARRIAGEWAY INTO OBJECT/PARKED VEHICLE,5,670958,Not at intersection,2,100,Arterial Other,MURRADOC,GEELONG,-38.176174,144.59692,2020,9,September,2,Late Night,Weekday
T20200016619,2020-09-14,17:30:00,1,Collision with vehicle,1,Monday,136,RIGHT TURN SIDESWIPE,1,37899,Cross intersection,2,70,Arterial Highway,ST GEORGES,DAREBIN,-37.75526,144.99387,2020,9,September,17,Afternoon Peak,Weekday
T20200016727,2020-09-14,11:20:00,1,Collision with vehicle,1,Monday,160,VEHICLE COLLIDES WITH VEHICLE PARKED ON LEFT OF ROAD,1,662504,Not at intersection,2,50,Local Road,EMPIRE,CASEY,-38.015263,145.26971,2020,9,September,11,Midday,Weekday
T20200017265,2020-09-14,08:20:00,1,Collision with vehicle,1,Monday,132,RIGHT REAR.,1,664039,Not at intersection,3,60,Arterial Other,BLACKSHAWS,HOBSONS BAY,-37.832664,144.86182,2020,9,September,8,Morning Peak,Weekday
T20200016625,2020-09-14,06:24:00,8,No collision and no object struck,1,Monday,170,OFF CARRIAGEWAY TO LEFT,1,729391,Not at intersection,2,100,Local Road,OLD SYDNEY,MITCHELL,-37.48852,144.91357,2020,9,September,6,Morning Peak,Weekday