ACCIDENT_NO,ACCIDENT_DATE,ACCIDENT_TIME,ACCIDENT_TYPE,ACCIDENT_TYPE_DESC,DAY_OF_WEEK,DAY_WEEK_DESC,DCA_CODE,DCA_DESC,LIGHT_CONDITION,NODE_ID,ROAD_GEOMETRY_DESC,SEVERITY,SPEED_ZONE,RMA,ROAD_NAME,LGA_NAME,LATITUDE,LONGITUDE,YEAR,MONTH,MONTH_NAME,HOUR,TIME_PERIOD,DAY_TYPE
T20200016655,2020-09-14,19:20:00,1,Collision with vehicle,1,Monday,132,RIGHT REAR.,2,37649,T intersection,3,40,Arterial Other,HIGH,WHITTLESEA,-37.678337,145.01419,2020,9,September,19,Night,Weekday
T20200016846,2020-09-14,21:05:00,1,Collision with vehicle,1,Monday,113,RIGHT NEAR (INTERSECTIONS ONLY),3,42874,T intersection,3,80,Arterial Highway,SPRINGVALE,DANDENONG,-37.971027,145.14848,2020,9,September,21,Night,Weekday
T20200016610,2020-09-14,13:39:00,1,Collision with vehicle,1,Monday,137,LEFT TURN SIDESWIPE,1,678565,T intersection,2,60,Local Road,DALRAY,MELTON,-37.659737,144.58559,2020,9,September,13,Midday,Weekday
T20200016614,2020-09-14,15:08:00,1,Collision with vehicle,1,Monday,110,CROSS TRAFFIC(INTERSECTIONS ONLY),1,38437,Cross intersection,2,80,Arterial Highway,MAROONDAH,YARRA RANGES,-37.761288,145.31041,2020,9,September,15,Afternoon Peak,Weekday
T20200016621,2020-09-14,16:23:00,1,Collision with vehicle,1,Monday,148,VEHICLE OFF FOOTPATH STRIKES VEH ON CARRIAGEWAY,1,667322,Cross intersection,2,50,Arterial Other,CRANBOURNE-FRANKSTON ROAD SERVICE,FRANKSTON,-38.15341,145.18787,2020,9,September,16,Afternoon Peak,Weekday
T20200016620,2020-09-14,11:30:00,1,Collision with vehicle,1,Monday,116,LEFT NEAR (INTERSECTIONS ONLY),1,35607,Cross intersection,3,60,Arterial Other,WARRIGAL,KINGSTON,-37.99112,145.06966,2020,9,September,11,Midday,Weekday
T20200016603,2020-09-14,12:20:00,1,Collision with vehicle,1,Monday,133,LANE SIDE SWIPE (VEHICLES IN PARALLEL LANES),1,696224,Not at intersection,3,50,Local Road,TAIT,WARRNAMBOOL,-38.36789,142.46782,2020,9,September,12,Midday,Weekday
T20200016607,2020-09-14,13:20:00,4,Collision with a fixed object,1,Monday,171,LEFT OFF CARRIAGEWAY INTO OBJECT/PARKED VEHICLE,1,669870,Not at intersection,3,100,Arterial Highway,PRINCES,EAST GIPPSLAND,-37.824097,147.87738,2020,9,September,13,Midday,Weekday
T20200016606,2020-09-14,14:16:00,1,Collision with vehicle,1,Monday,110,CROSS TRAFFIC(INTERSECTIONS ONLY),1,50106,Cross intersection,2,60,Local Road,BARWON,GEELONG,-38.170937,144.367,2020,9,September,14,Midday,Weekday
T20200016609,2020-09-14,13:30:00,1,Collision with vehicle,1,Monday,143,ENTERING PARKING,1,662361,Not at intersection,2,40,Arterial Other,STATION,DAREBIN,-37.777466,145.01839,2020,9,September,13,Midday,Weekday
T20210000271,2020-09-15,17:30:00,1,Collision with vehicle,2,Tuesday,121,RIGHT THROUGH,1,343864,T intersection,3,60,Local Road,MONT ALBERT,BOROONDARA,-37.820736,145.10059,2020,9,September,17,Afternoon Peak,Weekday
T20200016649,2020-09-15,12:51:00,6,Vehicle overturned (no collision),2,Tuesday,170,OFF CARRIAGEWAY TO LEFT,1,674661,Not at intersection,2,100,Arterial Highway,SOUTH GIPPSLAND,SOUTH GIPPSLAND,-38.577904,146.03958,2020,9,September,12,Midday,Weekday
T20200016643,2020-09-15,09:10:00,1,Collision with vehicle,2,Tuesday,121,RIGHT THROUGH,1,57519,T intersection,3,50,Local Road,EVELYN,EAST GIPPSLAND,-37.830643,147.61597,2020,9,September,9,Morning Peak,Weekday
T20200016656,2020-09-15,15:02:00,5,collision with some other object,2,Tuesday,166,STRUCK OBJECT ON CARRIAGEWAY,1,662285,Not at intersection,2,80,Arterial Other,HEALESVILLE-KINGLAKE,MURRINDINDI,-37.54142,145.36732,2020,9,September,15,Afternoon Peak,Weekday
T20200016668,2020-09-15,16:30:00,6,Vehicle overturned (no collision),2,Tuesday,174,OUT OF CONTROL ON CARRIAGEWAY (ON STRAIGHT),1,662222,Not at intersection,3,60,Arterial Other,MURRUMBEENA,GLEN EIRA,-37.904972,145.06218,2020,9,September,16,Afternoon Peak,Weekday
T20200016640,2020-09-15,08:45:00,1,Collision with vehicle,2,Tuesday,120,HEAD ON (NOT OVERTAKING),1,662799,Not at intersection,2,50,Local Road,ORCHARD,KNOX,-37.839233,145.26083,2020,9,September,8,Morning Peak,Weekday
T20200016666,2020-09-15,19:00:00,4,Collision with a fixed object,2,Tuesday,171,LEFT OFF CARRIAGEWAY INTO OBJECT/PARKED VEHICLE,5,678045,Not at intersection,3,100,Local Road,IRON PUNT,GANNAWARRA,-35.730038,144.19093,2020,9,September,19,Night,Weekday
T20200016662,2020-09-15,17:50:00,1,Collision with vehicle,2,Tuesday,116,LEFT NEAR (INTERSECTIONS ONLY),2,357532,Multiple intersection,2,50,Local Road,THOMAS MITCHELL,WODONGA,-36.12495,146.88841,2020,9,September,17,Afternoon Peak,Weekday
T20200016630,2020-09-15,01:00:00,4,Collision with a fixed object,2,Tuesday,173,RIGHT OFF CARRIAGEWAY INTO OBJECT/PARKED VEHICLE,3,662705,Not at intersection,3,50,Local Road,LAHINCH,DAREBIN,-37.74614,145.01703,2020,9,September,1,Late Night,Weekday
T20200016632,2020-09-15,06:50:00,1,Collision with vehicle,2,Tuesday,136,RIGHT TURN SIDESWIPE,1,668555,Not at intersection,3,60,Local Road,BARCLAY,MORNINGTON PENINSULA,-38.289165,145.19366,2020,9,September,6,Morning Peak,Weekday
T20200016660,2020-09-15,17:40:00,1,Collision with vehicle,2,Tuesday,121,RIGHT THROUGH,1,325660,Cross intersection,2,80,Arterial Other,FERNTREE GULLY,MONASH,-37.905712,145.17973,2020,9,September,17,Afternoon Peak,Weekday
T20200017200,2020-09-15,18:50:00,1,Collision with vehicle,2,Tuesday,134,LANE CHANGE RIGHT (NOT OVERTAKING),3,663016,Not at intersection,3,80,Freeway,HUME,WHITTLESEA,-37.66411,144.98288,2020,9,September,18,Afternoon Peak,Weekday
T20200016659,2020-09-15,17:48:00,1,Collision with vehicle,2,Tuesday,110,CROSS TRAFFIC(INTERSECTIONS ONLY),1,45187,Cross intersection,2,50,Arterial Highway,HIGH,SHEPPARTON,-36.381943,145.40582,2020,9,September,17,Afternoon Peak,Weekday
T20200017320,2020-09-15,18:57:00,1,Collision with vehicle,2,Tuesday,111,RIGHT FAR (INTERSECTIONS ONLY),1,663560,T intersection,2,70,Arterial Other,FOOTSCRAY-CAROLINE SPRINGS,BRIMBANK,-37.775986,144.82042,2020,9,September,18,Afternoon Peak,Weekday
T20200017736,2020-09-15,15:30:00,1,Collision with vehicle,2,Tuesday,130,REAR END(VEHICLES IN SAME LANE),1,668557,Not at intersection,3,50,Local Road,EXFORD,MELTON,-37.703228,144.57501,2020,9,September,15,Afternoon Peak,Weekday
T20200016637,2020-09-15,06:55:00,1,Collision with vehicle,2,Tuesday,123,RIGHT/LEFT. ONE VEH TURNING RIGHT THE OTHER LEFT.,1,662471,Cross intersection,2,60,Arterial Other,SPENCER,MELBOURNE,-37.81006,144.94994,2020,9,September,6,Morning Peak,Weekday
T20200016650,2020-09-15,11:55:00,5,collision with some other object,2,Tuesday,166,STRUCK OBJECT ON CARRIAGEWAY,1,665340,Not at intersection,2,80,Local Road,MACINTYRE,YARRA RANGES,-37.698597,145.36296,2020,9,September,11,Midday,Weekday
T20200017008,2020-09-15,14:45:00,4,Collision with a fixed object,2,Tuesday,171,LEFT OFF CARRIAGEWAY INTO OBJECT/PARKED VEHICLE,1,662808,Not at intersection,3,100,Local Road,BUNINYONG-MT MERCER,GOLDEN PLAINS,-37.74068,143.89009,2020,9,September,14,Midday,Weekday
T20200016661,2020-09-15,18:30:00,1,Collision with vehicle,2,Tuesday,110,CROSS TRAFFIC(INTERSECTIONS ONLY),3,336613,Cross intersection,3,70,Freeway,FERNTREE GULLY,MONASH,-37.903133,145.15721,2020,9,September,18,Afternoon Peak,Weekday
T20200016690,2020-09-16,08:50:00,1,Collision with vehicle,3,Wednesday,116,LEFT NEAR (INTERSECTIONS ONLY),1,662224,T intersection,2,50,Local Road,WATTLE,CASEY,-37.997753,145.23451,2020,9,September,8,Morning Peak,Weekday
T20200016680,2020-09-16,06:39:00,1,Collision with vehicle,3,Wednesday,135,LANE CHANGE LEFT (NOT OVERTAKING),1,662223,Multiple intersection,2,80,Freeway,MONASH IN-EASTLINK IN,DANDENONG,-37.94042,145.20627,2020,9,September,6,Morning Peak,Weekday
T20200016992,2020-09-16,12:00:00,2,Struck Pedestrian,3,Wednesday,100,PED NEAR SIDE. PED HIT BY VEHICLE FROM THE RIGHT.,1,664754,Cross intersection,3,60,Arterial Other,CENTRE,GLEN EIRA,-37.921135,145.05891,2020,9,September,12,Midday,Weekday
T20200016723,2020-09-16,21:30:00,2,Struck Pedestrian,3,Wednesday,102,FAR SIDE. PED HIT BY VEHICLE FROM THE LEFT,3,664852,Not at intersection,3,70,Arterial Other,SYDNEY,MORELAND,-37.714558,144.96198,2020,9,September,21,Night,Weekday
T20200016998,2020-09-16,12:00:00,4,Collision with a fixed object,3,Wednesday,181,OFF RIGHT BEND INTO OBJECT/PARKED VEHICLE,1,662713,Not at intersection,3,50,Local Road,MAHOGANY,FRANKSTON,-38.121128,145.14825,2020,9,September,12,Midday,Weekday
T20200016717,2020-09-16,18:10:00,1,Collision with vehicle,3,Wednesday,130,REAR END(VEHICLES IN SAME LANE),2,662472,Not at intersection,3,80,Freeway,PRINCES,WYNDHAM,-37.953823,144.58453,2020,9,September,18,Afternoon Peak,Weekday
T20200016679,2020-09-16,07:07:00,2,Struck Pedestrian,3,Wednesday,100,PED NEAR SIDE. PED HIT BY VEHICLE FROM THE RIGHT.,1,643492,Cross intersection,2,50,Local Road,HUMMINGBIRD,WYNDHAM,-37.83484,144.65312,2020,9,September,7,Morning Peak,Weekday
T20200016711,2020-09-16,13:10:00,1,Collision with vehicle,3,Wednesday,111,RIGHT FAR (INTERSECTIONS ONLY),1,667230,Multiple intersection,2,60,Arterial Other,HASTINGS,FRANKSTON,-38.153214,145.13278,2020,9,September,13,Midday,Weekday
T20200016712,2020-09-16,18:16:00,4,Collision with a fixed object,3,Wednesday,171,LEFT OFF CARRIAGEWAY INTO OBJECT/PARKED VEHICLE,1,668560,Not at intersection,3,50,Local Road,KULMANI,BENDIGO,-36.719585,144.28291,2020,9,September,18,Afternoon Peak,Weekday
T20200016704,2020-09-16,13:58:00,4,Collision with a fixed object,3,Wednesday,173,RIGHT OFF CARRIAGEWAY INTO OBJECT/PARKED VEHICLE,1,668561,Not at intersection,3,60,Local Road,GOURLAY,MELTON,-37.69996,144.74269,2020,9,September,13,Midday,Weekday
T20200016682,2020-09-16,08:40:00,4,Collision with a fixed object,3,Wednesday,181,OFF RIGHT BEND INTO OBJECT/PARKED VEHICLE,1,668566,Not at intersection,3,100,Local Road,BROADFORD-WANDONG,MITCHELL,-37.319675,145.04736,2020,9,September,8,Morning Peak,Weekday
T20200016703,2020-09-16,17:15:00,1,Collision with vehicle,3,Wednesday,162,ACCIDENT OR BROKEN DOWN,2,664946,Not at intersection,3,80,Freeway,WESTERN RING,BRIMBANK,-37.724228,144.86418,2020,9,September,17,Afternoon Peak,Weekday
T20200016699,2020-09-16,13:55:00,1,Collision with vehicle,3,Wednesday,130,REAR END(VEHICLES IN SAME LANE),1,35533,Cross intersection,3,60,Arterial Other,SCORESBY,KNOX,-37.860413,145.26707,2020,9,September,13,Midday,Weekday
T20210006650,2020-09-16,17:00:00,4,Collision with a fixed object,3,Wednesday,171,LEFT OFF CARRIAGEWAY INTO OBJECT/PARKED VEHICLE,1,699966,Not at intersection,2,80,Arterial Highway,DANDENONG VALLEY,FRANKSTON,-38.087315,145.1821,2020,9,September,17,Afternoon Peak,Weekday
T20200016696,2020-09-16,13:35:00,1,Collision with vehicle,3,Wednesday,110,CROSS TRAFFIC(INTERSECTIONS ONLY),1,50592,Cross intersection,2,50,Arterial Other,VICTORIA,CORANGAMITE,-38.328583,143.0772,2020,9,September,13,Midday,Weekday
T20200016695,2020-09-16,11:30:00,4,Collision with a fixed object,3,Wednesday,171,LEFT OFF CARRIAGEWAY INTO OBJECT/PARKED VEHICLE,1,44444,Cross intersection,3,70,Arterial Highway,PRINCES,GEELONG,-38.12316,144.3528,2020,9,September,11,Midday,Weekday
T20200016935,2020-09-16,16:15:00,1,Collision with vehicle,3,Wednesday,130,REAR END(VEHICLES IN SAME LANE),1,662711,Not at intersection,3,50,Arterial Other,STANHOPE,BOROONDARA,-37.82237,145.06569,2020,9,September,16,Afternoon Peak,Weekday
T20200016694,2020-09-16,12:43:00,1,Collision with vehicle,3,Wednesday,147,VEHICLE STRIKES ANOTHER VEH WHILE EMERGING FROM DRIVEWAY,1,662294,Not at intersection,2,70,Arterial Highway,WELLINGTON,MONASH,-37.916325,145.13983,2020,9,September,12,Midday,Weekday
T20200016693,2020-09-16,08:30:00,4,Collision with a fixed object,3,Wednesday,183,OFF LEFT BEND INTO OBJECT/PARKED VEHICLE,1,673305,Not at intersection,3,80,Arterial Other,FRANKSTON-FLINDERS,MORNINGTON PENINSULA,-38.38236,145.10892,2020,9,September,8,Morning Peak,Weekday
T20200017083,2020-09-17,11:20:00,8,No collision and no object struck,4,Thursday,174,OUT OF CONTROL ON CARRIAGEWAY (ON STRAIGHT),1,662812,Not at intersection,3,50,Arterial Other,KEILOR,MOONEE VALLEY,-37.736115,144.88928,2020,9,September,11,Midday,Weekday
T20200016919,2020-09-17,18:49:00,1,Collision with vehicle,4,Thursday,113,RIGHT NEAR (INTERSECTIONS ONLY),3,41762,T intersection,2,80,Arterial Highway,WELLINGTON,MONASH,-37.91727,145.1471,2020,9,September,18,Afternoon Peak,Weekday
T20200016797,2020-09-17,09:00:00,2,Struck Pedestrian,4,Thursday,102,FAR SIDE. PED HIT BY VEHICLE FROM THE LEFT,1,297134,Cross intersection,3,40,Arterial Other,FLEMINGTON,MELBOURNE,-37.796597,144.9512,2020,9,September,9,Morning Peak,Weekday
T20200016817,2020-09-17,16:15:00,1,Collision with vehicle,4,Thursday,113,RIGHT NEAR (INTERSECTIONS ONLY),1,729934,T intersection,3,50,Local Road,ELLIOTT,KNOX,-37.86166,145.28989,2020,9,September,16,Afternoon Peak,Weekday
T20200020436,2020-09-17,12:30:00,2,Struck Pedestrian,4,Thursday,103,PED PLAYING/LYING/WORKING/STANDING ON CARRIAGEWAY.,9,668911,Not at intersection,3,50,Arterial Other,HIGH,MANSFIELD,-37.052227,146.09013,2020,9,September,12,Midday,Weekday
T20200020255,2020-09-17,17:30:00,2,Struck Pedestrian,4,Thursday,109,ANY MANOEUVRE INVOLVING PED NOT INCLUDED IN DCAs 100-108.,1,671924,Not at intersection,3,70,Local Road,HOGANS,WYNDHAM,-37.863346,144.6892,2020,9,September,17,Afternoon Peak,Weekday
T20200018115,2020-09-17,14:15:00,1,Collision with vehicle,4,Thursday,121,RIGHT THROUGH,1,35689,T intersection,3,60,Arterial Other,STATION,BRIMBANK,-37.77322,144.77435,2020,9,September,14,Midday,Weekday
T20200016728,2020-09-17,07:00:00,2,Struck Pedestrian,4,Thursday,102,FAR SIDE. PED HIT BY VEHICLE FROM THE LEFT,2,35605,Cross intersection,2,80,Arterial Highway,WARRIGAL,KINGSTON,-37.982174,145.07135,2020,9,September,7,Morning Peak,Weekday
T20200016731,2020-09-17,08:20:00,6,Vehicle overturned (no collision),4,Thursday,174,OUT OF CONTROL ON CARRIAGEWAY (ON STRAIGHT),1,662622,T intersection,3,40,Arterial Other,CHURCH,YARRA,-37.81399,145.00002,2020,9,September,8,Morning Peak,Weekday
T20200016733,2020-09-17,08:23:00,1,Collision with vehicle,4,Thursday,140,U TURN,1,662288,Not at intersection,2,60,Local Road,BAMBRA,GLEN EIRA,-37.897682,145.02687,2020,9,September,8,Morning Peak,Weekday
T20200016738,2020-09-17,11:39:00,2,Struck Pedestrian,4,Thursday,100,PED NEAR SIDE. PED HIT BY VEHICLE FROM THE RIGHT.,1,36614,Cross intersection,2,60,Arterial Other,QUEENS,YARRA,-37.789425,144.989,2020,9,September,11,Midday,Weekday
T20200016741,2020-09-17,12:35:00,2,Struck Pedestrian,4,Thursday,100,PED NEAR SIDE. PED HIT BY VEHICLE FROM THE RIGHT.,1,664098,Not at intersection,3,50,Local Road,KENILWORTH,DAREBIN,-37.714275,145.00769,2020,9,September,12,Midday,Weekday
T20200016742,2020-09-17,08:00:00,1,Collision with vehicle,4,Thursday,110,CROSS TRAFFIC(INTERSECTIONS ONLY),1,50635,Cross intersection,2,80,Arterial Highway,HENTY,GLENELG,-38.32367,141.59784,2020,9,September,8,Morning Peak,Weekday
T20200016744,2020-09-17,13:28:00,1,Collision with vehicle,4,Thursday,130,REAR END(VEHICLES IN SAME LANE),1,729932,Not at intersection,2,60,Arterial Other,BALACLAVA,GLEN EIRA,-37.870136,145.00443,2020,9,September,13,Midday,Weekday
T20200016756,2020-09-17,16:00:00,1,Collision with vehicle,4,Thursday,110,CROSS TRAFFIC(INTERSECTIONS ONLY),1,43788,Cross intersection,2,60,Arterial Other,CLEGG,YARRA RANGES,-37.782345,145.41853,2020,9,September,16,Afternoon Peak,Weekday
T20200016757,2020-09-17,11:38:00,2,Struck Pedestrian,4,Thursday,100,PED NEAR SIDE. PED HIT BY VEHICLE FROM THE RIGHT.,1,40209,Cross intersection,2,40,Arterial Other,ORRONG,STONNINGTON,-37.854313,145.01157,2020,9,September,11,Midday,Weekday
T20200016758,2020-09-17,08:15:00,1,Collision with vehicle,4,Thursday,116,LEFT NEAR (INTERSECTIONS ONLY),1,51672,Cross intersection,3,50,Arterial Other,RUSSELL,BENDIGO,-36.77039,144.27797,2020,9,September,8,Morning Peak,Weekday
T20200016762,2020-09-17,16:40:00,4,Collision with a fixed object,4,Thursday,171,LEFT OFF CARRIAGEWAY INTO OBJECT/PARKED VEHICLE,1,678242,Not at intersection,2,50,Local Road,EDWARDS,BALLARAT,-37.60054,143.83603,2020,9,September,16,Afternoon Peak,Weekday
T20200016764,2020-09-17,17:38:00,1,Collision with vehicle,4,Thursday,120,HEAD ON (NOT OVERTAKING),1,665867,Not at intersection,2,60,Arterial Other,GEMBROOK,CARDINIA,-37.956608,145.55022,2020,9,September,17,Afternoon Peak,Weekday
T20200017025,2020-09-17,06:45:00,1,Collision with vehicle,4,Thursday,130,REAR END(VEHICLES IN SAME LANE),1,690843,T intersection,3,60,Local Road,ALFRED,WYNDHAM,-37.919697,144.63025,2020,9,September,6,Morning Peak,Weekday
T20200016771,2020-09-17,16:00:00,4,Collision with a fixed object,4,Thursday,173,RIGHT OFF CARRIAGEWAY INTO OBJECT/PARKED VEHICLE,1,677486,Not at intersection,2,100,Local Road,ALMA-BOWENVALE,CENTRAL GOLDFIELDS,-37.007423,143.69872,2020,9,September,16,Afternoon Peak,Weekday
T20200016773,2020-09-17,20:15:00,7,Fall from or in moving vehicle,4,Thursday,190,FELL IN/FROM VEHICLE,3,52062,Cross intersection,2,60,Local Road,MACARTHUR,WELLINGTON,-38.105373,147.06097,2020,9,September,20,Night,Weekday
T20200016774,2020-09-17,20:50:00,4,Collision with a fixed object,4,Thursday,171,LEFT OFF CARRIAGEWAY INTO OBJECT/PARKED VEHICLE,3,684458,Not at intersection,3,50,Local Road,BURNISTON,HUME,-37.5753,144.92938,2020,9,September,20,Night,Weekday
T20200016775,2020-09-17,21:00:00,6,Vehicle overturned (no collision),4,Thursday,180,OFF CARRIAGEWAY ON RIGHT BEND,5,662473,Not at intersection,2,100,Local Road,GOROKE-HARROW,WEST WIMMERA,-37.011078,141.55229,2020,9,September,21,Night,Weekday
T20200016776,2020-09-17,19:14:00,1,Collision with vehicle,4,Thursday,154,PULLING OUT -REAR END,4,675514,Not at intersection,3,80,Freeway,WESTERN,MOORABOOL,-37.685802,144.49808,2020,9,September,19,Night,Weekday
T20200017149,2020-09-17,06:40:00,1,Collision with vehicle,4,Thursday,130,REAR END(VEHICLES IN SAME LANE),1,729399,Cross intersection,3,80,Arterial Other,BOUNDARY ROAD -GOVERNOR,KINGSTON,-38.007538,145.10393,2020,9,September,6,Morning Peak,Weekday
T20200016816,2020-09-18,14:40:00,1,Collision with vehicle,5,Friday,137,LEFT TURN SIDESWIPE,1,665378,Not at intersection,2,60,Arterial Other,LORIMER,MELBOURNE,-37.82078,144.92316,2020,9,September,14,Midday,Weekday
T20200016796,2020-09-18,13:30:00,1,Collision with vehicle,5,Friday,120,HEAD ON (NOT OVERTAKING),1,664586,Not at intersection,3,50,Local Road,CARRICK,HUME,-37.684143,144.89627,2020,9,September,13,Midday,Weekday
T20200018515,2020-09-18,12:30:00,1,Collision with vehicle,5,Friday,110,CROSS TRAFFIC(INTERSECTIONS ONLY),1,52516,Cross intersection,3,60,Arterial Highway,DEAKIN,MILDURA,-34.19823,142.14699,2020,9,September,12,Midday,Weekday
T20200016820,2020-09-18,19:23:00,1,Collision with vehicle,5,Friday,110,CROSS TRAFFIC(INTERSECTIONS ONLY),3,582109,Cross intersection,2,50,Local Road,WICKFORD,WYNDHAM,-37.839584,144.67575,2020,9,September,19,Night,Weekday
T20200017195,2020-09-18,20:50:00,1,Collision with vehicle,5,Friday,121,RIGHT THROUGH,3,35421,T intersection,3,50,Local Road,DUNDAS,DAREBIN,-37.753723,145.01411,2020,9,September,20,Night,Weekday
T20200017189,2020-09-18,11:35:00,1,Collision with vehicle,5,Friday,110,CROSS TRAFFIC(INTERSECTIONS ONLY),1,51975,Multiple intersection,3,60,Local Road,COATES,EAST GIPPSLAND,-37.873432,148.00084,2020,9,September,11,Midday,Weekday
T20200016829,2020-09-18,23:46:00,6,Vehicle overturned (no collision),5,Friday,172,OFF CARRIAGEWAY TO RIGHT,3,35651,Cross intersection,3,60,Arterial Other,SPRING,DAREBIN,-37.722828,145.00182,2020,9,September,23,Night,Weekday
T20200017229,2020-09-18,15:30:00,6,Vehicle overturned (no collision),5,Friday,174,OUT OF CONTROL ON CARRIAGEWAY (ON STRAIGHT),1,668874,Not at intersection,2,50,Local Road,CHAPEL,STONNINGTON,-37.847565,144.99402,2020,9,September,15,Afternoon Peak,Weekday
T20200018649,2020-09-18,13:55:00,4,Collision with a fixed object,5,Friday,173,RIGHT OFF CARRIAGEWAY INTO OBJECT/PARKED VEHICLE,1,665682,Not at intersection,2,50,Local Road,FIELDSTONE,CARDINIA,-38.041386,145.37863,2020,9,September,13,Midday,Weekday
T20200016811,2020-09-18,16:13:00,1,Collision with vehicle,5,Friday,132,RIGHT REAR.,1,663012,T intersection,2,60,Local Road,CRAIG,CASEY,-38.136967,145.29436,2020,9,September,16,Afternoon Peak,Weekday
T20200016808,2020-09-18,13:45:00,6,Vehicle overturned (no collision),5,Friday,170,OFF CARRIAGEWAY TO LEFT,1,662539,Not at intersection,2,50,Local Road,BOYES,WODONGA,-36.169018,146.94211,2020,9,September,13,Midday,Weekday
T20200016836,2020-09-18,18:30:00,1,Collision with vehicle,5,Friday,113,RIGHT NEAR (INTERSECTIONS ONLY),3,69708,T intersection,2,60,Local Road,BROSNAN,GLEN EIRA,-37.93222,145.06224,2020,9,September,18,Afternoon Peak,Weekday
T20200017023,2020-09-18,09:40:00,1,Collision with vehicle,5,Friday,113,RIGHT NEAR (INTERSECTIONS ONLY),1,662714,T intersection,3,80,Local Road,HARKAWAY,CASEY,-37.990715,145.35133,2020,9,September,9,Morning Peak,Weekday
T20200016804,2020-09-18,13:46:00,1,Collision with vehicle,5,Friday,110,CROSS TRAFFIC(INTERSECTIONS ONLY),1,44860,Cross intersection,3,60,Arterial Other,ELEVENTH,MILDURA,-34.185295,142.15231,2020,9,September,13,Midday,Weekday
T20200016826,2020-09-18,19:11:00,4,Collision with a fixed object,5,Friday,179,OTHER ACCIDENTS-OFF STRAIGHT NOT INCLUDED IN DCAs 170-175,5,49337,Multiple intersection,2,100,Arterial Highway,MURRAY VALLEY,MOIRA,-35.9604,145.69565,2020,9,September,19,Night,Weekday
T20200020905,2020-09-18,12:29:00,1,Collision with vehicle,5,Friday,147,VEHICLE STRIKES ANOTHER VEH WHILE EMERGING FROM DRIVEWAY,1,353658,Not at intersection,3,80,Arterial Other,AINSDALE,KNOX,-37.848476,145.23013,2020,9,September,12,Midday,Weekday
T20200016798,2020-09-18,13:20:00,1,Collision with vehicle,5,Friday,121,RIGHT THROUGH,1,35414,Cross intersection,3,40,Arterial Other,ALEXANDRA,STONNINGTON,-37.834843,144.99655,2020,9,September,13,Midday,Weekday
T20200016792,2020-09-18,10:45:00,1,Collision with vehicle,5,Friday,142,LEAVING PARKING,1,729393,Not at intersection,3,50,Local Road,COOPER,DANDENONG,-37.99918,145.22206,2020,9,September,10,Midday,Weekday
T20200016790,2020-09-18,10:00:00,1,Collision with vehicle,5,Friday,110,CROSS TRAFFIC(INTERSECTIONS ONLY),1,776891,Cross intersection,3,60,Local Road,THOMAS MITCHELL,WODONGA,-36.134014,146.90411,2020,9,September,10,Midday,Weekday
T20200016786,2020-09-18,10:10:00,1,Collision with vehicle,5,Friday,135,LANE CHANGE LEFT (NOT OVERTAKING),1,662625,Not at intersection,3,60,Arterial Other,HIGH,STONNINGTON,-37.853115,145.00262,2020,9,September,10,Midday,Weekday
T20200017053,2020-09-18,16:30:00,8,No collision and no object struck,5,Friday,174,OUT OF CONTROL ON CARRIAGEWAY (ON STRAIGHT),1,665944,Multiple intersection,2,60,Arterial Other,BENETOOK,MILDURA,-34.201942,142.17204,2020,9,September,16,Afternoon Peak,Weekday
T20200016822,2020-09-18,19:41:00,4,Collision with a fixed object,5,Friday,173,RIGHT OFF CARRIAGEWAY INTO OBJECT/PARKED VEHICLE,3,55210,Cross intersection,3,75,Local Road,DANA,BALLARAT,-37.564526,143.86032,2020,9,September,19,Night,Weekday
T20200017035,2020-09-18,14:15:00,4,Collision with a fixed object,5,Friday,183,OFF LEFT BEND INTO OBJECT/PARKED VEHICLE,1,669659,Unknown,2,100,Local Road,WILLIS,EAST GIPPSLAND,-37.06085,148.55246,2020,9,September,14,Midday,Weekday
T20200017285,2020-09-18,12:00:00,1,Collision with vehicle,5,Friday,130,REAR END(VEHICLES IN SAME LANE),1,663350,Not at intersection,3,50,Local Road,ROKEWOOD,HUME,-37.66105,144.91408,2020,9,September,12,Midday,Weekday
T20200016789,2020-09-18,11:10:00,1,Collision with vehicle,5,Friday,131,LEFT REAR,1,665891,Not at intersection,3,100,Arterial Highway,SOUTH GIPPSLAND,SOUTH GIPPSLAND,-38.490017,145.95197,2020,9,September,11,Midday,Weekday
T20200018403,2020-09-18,19:50:00,1,Collision with vehicle,5,Friday,140,U TURN,3,676724,Not at intersection,3,60,Arterial Other,CITY,MELBOURNE,-37.82453,144.96176,2020,9,September,19,Night,Weekday
T20200016847,2020-09-19,13:43:00,1,Collision with vehicle,6,Saturday,149,OTHER MANOEUVRING NOT INCLUDED IN DCAs 140-148,1,662801,Not at intersection,2,60,Arterial Other,CITY,MELBOURNE,-37.825523,144.96059,2020,9,September,13,Midday,Weekend
T20200016840,2020-09-19,06:00:00,1,Collision with vehicle,6,Saturday,137,LEFT TURN SIDESWIPE,2,266143,T intersection,2,80,Local Road,HIGHCLIFF,GEELONG,-38.183666,144.411,2020,9,September,6,Morning Peak,Weekend