ACCIDENT_NO,ACCIDENT_DATE,ACCIDENT_TIME,ACCIDENT_TYPE,ACCIDENT_TYPE_DESC,DAY_OF_WEEK,DAY_WEEK_DESC,DCA_CODE,DCA_DESC,LIGHT_CONDITION,NODE_ID,ROAD_GEOMETRY_DESC,SEVERITY,SPEED_ZONE,RMA,ROAD_NAME,LGA_NAME,LATITUDE,LONGITUDE,YEAR,MONTH,MONTH_NAME,HOUR,TIME_PERIOD,DAY_TYPE
T20200016854,2020-09-19,01:15:00,7,Fall from or in moving vehicle,6,Saturday,190,FELL IN/FROM VEHICLE,3,667232,Cross intersection,2,50,Local Road,NAPIER,BENDIGO,-36.716347,144.25449,2020,9,September,1,Late Night,Weekend
T20200017028,2020-09-19,17:30:00,1,Collision with vehicle,6,Saturday,112,LEFT FAR (INTERSECTIONS ONLY),1,680205,T intersection,3,50,Local Road,CLARKE,HUME,-37.677437,144.95996,2020,9,September,17,Afternoon Peak,Weekend
T20200017086,2020-09-19,10:30:00,8,No collision and no object struck,6,Saturday,174,OUT OF CONTROL ON CARRIAGEWAY (ON STRAIGHT),1,662813,Not at intersection,2,80,Local Road,PADDYS SWAMP,SURF COAST,-38.357956,143.98898,2020,9,September,10,Midday,Weekend
T20200016887,2020-09-19,11:30:00,1,Collision with vehicle,6,Saturday,147,VEHICLE STRIKES ANOTHER VEH WHILE EMERGING FROM DRIVEWAY,1,669917,Not at intersection,2,60,Arterial Highway,HODDLE,YARRA,-37.807945,144.99164,2020,9,September,11,Midday,Weekend
T20200016857,2020-09-19,13:35:00,1,Collision with vehicle,6,Saturday,160,VEHICLE COLLIDES WITH VEHICLE PARKED ON LEFT OF ROAD,1,664854,Not at intersection,2,50,Local Road,BERRY,WHITEHORSE,-37.820198,145.20105,2020,9,September,13,Midday,Weekend
T20200016871,2020-09-19,18:20:00,4,Collision with a fixed object,6,Saturday,181,OFF RIGHT BEND INTO OBJECT/PARKED VEHICLE,2,673405,Not at intersection,2,60,Local Road,STRICKLAND,BENDIGO,-36.704548,144.32834,2020,9,September,18,Afternoon Peak,Weekend
T20200016868,2020-09-19,16:55:00,1,Collision with vehicle,6,Saturday,110,CROSS TRAFFIC(INTERSECTIONS ONLY),1,51011,Cross intersection,3,60,Arterial Other,GRETA,WANGARATTA,-36.365192,146.31488,2020,9,September,16,Afternoon Peak,Weekend
T20210006667,2020-09-19,16:00:00,2,Struck Pedestrian,6,Saturday,100,PED NEAR SIDE. PED HIT BY VEHICLE FROM THE RIGHT.,1,782263,T intersection,3,50,Local Road,WOOLLAHRA,MELTON,-37.712646,144.74254,2020,9,September,16,Afternoon Peak,Weekend
T20200016866,2020-09-19,17:04:00,4,Collision with a fixed object,6,Saturday,171,LEFT OFF CARRIAGEWAY INTO OBJECT/PARKED VEHICLE,1,668991,Not at intersection,2,80,Arterial Other,CLYDE,CASEY,-38.0637,145.3375,2020,9,September,17,Afternoon Peak,Weekend
T20200016848,2020-09-19,13:10:00,1,Collision with vehicle,6,Saturday,163,VEHICLE STRIKES DOOR OF PARKED/STATIONARY VEHICLE,1,37267,T intersection,3,50,Local Road,COPPIN,YARRA,-37.819714,145.00368,2020,9,September,13,Midday,Weekend
T20200016852,2020-09-19,14:10:00,1,Collision with vehicle,6,Saturday,140,U TURN,1,663876,Not at intersection,3,100,Arterial Highway,PRINCES,GLENELG,-38.296314,141.60416,2020,9,September,14,Midday,Weekend
T20200016861,2020-09-19,13:51:00,1,Collision with vehicle,6,Saturday,147,VEHICLE STRIKES ANOTHER VEH WHILE EMERGING FROM DRIVEWAY,1,682646,Not at intersection,3,50,Local Road,MIRALIE,CASEY,-38.093285,145.25731,2020,9,September,13,Midday,Weekend
T20210000408,2020-09-19,14:30:00,1,Collision with vehicle,6,Saturday,148,VEHICLE OFF FOOTPATH STRIKES VEH ON CARRIAGEWAY,1,673138,T intersection,3,50,Local Road,TOWER,WODONGA,-36.12589,146.88976,2020,9,September,14,Midday,Weekend
T20200016883,2020-09-19,12:40:00,4,Collision with a fixed object,6,Saturday,181,OFF RIGHT BEND INTO OBJECT/PARKED VEHICLE,1,663344,Not at intersection,3,100,Arterial Highway,GOULBURN VALLEY,MURRINDINDI,-37.181454,145.4935,2020,9,September,12,Midday,Weekend
T20200021968,2020-09-19,11:00:00,6,Vehicle overturned (no collision),6,Saturday,184,OUT OF CONTROL ON CARRIAGEWAY (ON BEND),1,669600,Not at intersection,3,80,Arterial Highway,GREAT OCEAN,SURF COAST,-38.48571,144.02887,2020,9,September,11,Midday,Weekend
T20200016864,2020-09-19,18:30:00,1,Collision with vehicle,6,Saturday,116,LEFT NEAR (INTERSECTIONS ONLY),3,668998,T intersection,3,40,Local Road,LITTLE COLLINS,MELBOURNE,-37.816483,144.95926,2020,9,September,18,Afternoon Peak,Weekend
T20200016912,2020-09-20,18:30:00,1,Collision with vehicle,7,Sunday,130,REAR END(VEHICLES IN SAME LANE),3,664480,Not at intersection,2,100,Freeway,PENINSULA LINK,MORNINGTON PENINSULA,-38.201866,145.13857,2020,9,September,18,Afternoon Peak,Weekend
T20200016886,2020-09-20,09:30:00,1,Collision with vehicle,7,Sunday,110,CROSS TRAFFIC(INTERSECTIONS ONLY),1,63638,Cross intersection,2,40,Local Road,BUCKLEY,MOONEE VALLEY,-37.758366,144.92874,2020,9,September,9,Morning Peak,Weekend
T20200016914,2020-09-20,16:40:00,1,Collision with vehicle,7,Sunday,140,U TURN,1,664101,Not at intersection,2,40,Local Road,EDWARDES,DAREBIN,-37.716118,145.00412,2020,9,September,16,Afternoon Peak,Weekend
T20200016881,2020-09-20,07:00:00,4,Collision with a fixed object,7,Sunday,173,RIGHT OFF CARRIAGEWAY INTO OBJECT/PARKED VEHICLE,1,729935,Not at intersection,3,60,Arterial Other,BORONIA,KNOX,-37.859917,145.26547,2020,9,September,7,Morning Peak,Weekend
T20200016900,2020-09-20,04:30:00,4,Collision with a fixed object,7,Sunday,181,OFF RIGHT BEND INTO OBJECT/PARKED VEHICLE,5,670448,Not at intersection,2,100,Arterial Highway,MURRAY VALLEY,TOWONG,-36.19373,147.64732,2020,9,September,4,Late Night,Weekend
T20200016915,2020-09-20,21:45:00,1,Collision with vehicle,7,Sunday,160,VEHICLE COLLIDES WITH VEHICLE PARKED ON LEFT OF ROAD,3,662655,Not at intersection,2,40,Local Road,LAUREL,CASEY,-37.990837,145.24371,2020,9,September,21,Night,Weekend
T20200016926,2020-09-20,17:47:00,4,Collision with a fixed object,7,Sunday,175,OFF END OF ROAD/T-INTERSECTION.,2,264976,T intersection,2,100,Arterial Highway,GOULBURN VALLEY,MOIRA,-36.069054,145.43184,2020,9,September,17,Afternoon Peak,Weekend
T20200016903,2020-09-20,08:50:00,1,Collision with vehicle,7,Sunday,110,CROSS TRAFFIC(INTERSECTIONS ONLY),1,308783,Cross intersection,2,80,Arterial Highway,DINGLEY,KINGSTON,-37.95942,145.11278,2020,9,September,8,Morning Peak,Weekend
T20200016905,2020-09-20,17:30:00,1,Collision with vehicle,7,Sunday,121,RIGHT THROUGH,1,662543,T intersection,3,50,Local Road,SCOTT,GLEN EIRA,-37.898468,145.03116,2020,9,September,17,Afternoon Peak,Weekend
T20200016982,2020-09-20,17:32:00,2,Struck Pedestrian,7,Sunday,100,PED NEAR SIDE. PED HIT BY VEHICLE FROM THE RIGHT.,1,662805,Not at intersection,3,50,Local Road,WEST,MOONEE VALLEY,-37.74511,144.8535,2020,9,September,17,Afternoon Peak,Weekend
T20200019883,2020-09-20,18:05:00,1,Collision with vehicle,7,Sunday,110,CROSS TRAFFIC(INTERSECTIONS ONLY),2,41152,Cross intersection,3,50,Local Road,BENT,BAYSIDE,-37.888596,144.99617,2020,9,September,18,Afternoon Peak,Weekend
T20200018460,2020-09-20,19:30:00,6,Vehicle overturned (no collision),7,Sunday,174,OUT OF CONTROL ON CARRIAGEWAY (ON STRAIGHT),3,665203,T intersection,3,50,Local Road,WASHINGTON,KINGSTON,-37.936672,145.08824,2020,9,September,19,Night,Weekend
T20200016906,2020-09-20,08:00:00,4,Collision with a fixed object,7,Sunday,171,LEFT OFF CARRIAGEWAY INTO OBJECT/PARKED VEHICLE,1,670358,Not at intersection,1,100,Arterial Highway,SUNRAYSIA,BULOKE,-35.994164,142.91313,2020,9,September,8,Morning Peak,Weekend
T20200016907,2020-09-20,17:30:00,1,Collision with vehicle,7,Sunday,121,RIGHT THROUGH,1,29714,T intersection,2,60,Arterial Other,HEATHERTON,DANDENONG,-37.970325,145.2173,2020,9,September,17,Afternoon Peak,Weekend
T20200016880,2020-09-20,05:14:00,4,Collision with a fixed object,7,Sunday,173,RIGHT OFF CARRIAGEWAY INTO OBJECT/PARKED VEHICLE,3,665675,Not at intersection,2,80,Local Road,EMBLETON,MELTON,-37.737682,144.57632,2020,9,September,5,Morning Peak,Weekend
T20200016908,2020-09-20,19:10:00,1,Collision with vehicle,7,Sunday,110,CROSS TRAFFIC(INTERSECTIONS ONLY),3,121918,Cross intersection,2,80,Arterial Other,HALLAM SOUTH,CASEY,-38.00646,145.27332,2020,9,September,19,Night,Weekend
T20200017387,2020-09-20,10:30:00,6,Vehicle overturned (no collision),7,Sunday,174,OUT OF CONTROL ON CARRIAGEWAY (ON STRAIGHT),1,665108,Not at intersection,3,60,Local Road,STRINGER RIDGE,INDIGO,-36.370045,146.8052,2020,9,September,10,Midday,Weekend
T20200016910,2020-09-20,21:15:00,1,Collision with vehicle,7,Sunday,131,LEFT REAR,3,57854,Cross intersection,3,60,Arterial Other,BACCHUS MARSH,GEELONG,-38.08346,144.35817,2020,9,September,21,Night,Weekend
T20200016911,2020-09-20,19:39:00,2,Struck Pedestrian,7,Sunday,109,ANY MANOEUVRE INVOLVING PED NOT INCLUDED IN DCAs 100-108.,4,662548,Not at intersection,2,60,Arterial Other,DONNYBROOK,WHITTLESEA,-37.544857,144.99078,2020,9,September,19,Night,Weekend
T20200016891,2020-09-20,12:55:00,1,Collision with vehicle,7,Sunday,121,RIGHT THROUGH,1,50016,Cross intersection,3,60,Arterial Highway,MCKILLOP,GEELONG,-38.157074,144.37044,2020,9,September,12,Midday,Weekend
T20200016893,2020-09-20,13:19:00,1,Collision with vehicle,7,Sunday,169,OTHER ON PATH,1,662541,Not at intersection,2,50,Local Road,CENTRAL,YARRA RANGES,-37.788,145.31029,2020,9,September,13,Midday,Weekend
T20200016894,2020-09-20,12:45:00,1,Collision with vehicle,7,Sunday,160,VEHICLE COLLIDES WITH VEHICLE PARKED ON LEFT OF ROAD,1,662542,Not at intersection,2,60,Arterial Other,BEACH,BAYSIDE,-37.986084,145.02574,2020,9,September,12,Midday,Weekend
T20200017121,2020-09-20,14:30:00,4,Collision with a fixed object,7,Sunday,183,OFF LEFT BEND INTO OBJECT/PARKED VEHICLE,1,663050,Not at intersection,2,60,Local Road,CRUTES,HORSHAM,-36.916153,142.4678,2020,9,September,14,Midday,Weekend
T20200017056,2020-09-21,06:00:00,6,Vehicle overturned (no collision),1,Monday,170,OFF CARRIAGEWAY TO LEFT,2,673,Cross intersection,3,30,Arterial Highway,NEPEAN,GLEN EIRA,-37.89761,145.00566,2020,9,September,6,Morning Peak,Weekday
T20200017633,2020-09-21,15:50:00,1,Collision with vehicle,1,Monday,130,REAR END(VEHICLES IN SAME LANE),1,664178,Not at intersection,3,100,Local Road,MCDONALDS,CARDINIA,-38.28376,145.60632,2020,9,September,15,Afternoon Peak,Weekday
T20200016960,2020-09-21,15:30:00,1,Collision with vehicle,1,Monday,121,RIGHT THROUGH,1,43917,Cross intersection,3,80,Arterial Other,CLYDE-FIVE WAYS,CASEY,-38.1335,145.32426,2020,9,September,15,Afternoon Peak,Weekday
T20200017435,2020-09-21,13:30:00,1,Collision with vehicle,1,Monday,132,RIGHT REAR.,1,29400,Multiple intersection,3,60,Arterial Highway,ALEXANDRA,MELBOURNE,-37.793045,144.97572,2020,9,September,13,Midday,Weekday
T20200016917,2020-09-21,03:30:00,4,Collision with a fixed object,1,Monday,173,RIGHT OFF CARRIAGEWAY INTO OBJECT/PARKED VEHICLE,3,667893,Not at intersection,3,60,Arterial Other,COMMERCIAL,MILDURA,-34.16914,142.0711,2020,9,September,3,Late Night,Weekday
T20200016920,2020-09-21,05:00:00,1,Collision with vehicle,1,Monday,120,HEAD ON (NOT OVERTAKING),5,675230,Not at intersection,2,100,Arterial Highway,GREAT ALPINE,EAST GIPPSLAND,-37.791916,147.67633,2020,9,September,5,Morning Peak,Weekday
T20200016924,2020-09-21,09:45:00,2,Struck Pedestrian,1,Monday,100,PED NEAR SIDE. PED HIT BY VEHICLE FROM THE RIGHT.,1,42233,T intersection,3,60,Arterial Other,CENTRE,GLEN EIRA,-37.920876,145.05692,2020,9,September,9,Morning Peak,Weekday
T20200016938,2020-09-21,06:30:00,6,Vehicle overturned (no collision),1,Monday,151,OUT OF CONTROL (OVERTAKING),1,667143,Not at intersection,2,80,Local Road,TROUPS,MELTON,-37.777313,144.66327,2020,9,September,6,Morning Peak,Weekday
T20200016941,2020-09-21,08:38:00,1,Collision with vehicle,1,Monday,137,LEFT TURN SIDESWIPE,1,662628,T intersection,3,40,Local Road,RATHDOWNE,MELBOURNE,-37.803196,144.96954,2020,9,September,8,Morning Peak,Weekday
T20200016942,2020-09-21,13:40:00,1,Collision with vehicle,1,Monday,135,LANE CHANGE LEFT (NOT OVERTAKING),1,662547,Not at intersection,2,60,Arterial Other,BEACH,BAYSIDE,-37.950706,145.0024,2020,9,September,13,Midday,Weekday
T20200016952,2020-09-21,16:24:00,1,Collision with vehicle,1,Monday,121,RIGHT THROUGH,1,264588,Cross intersection,3,50,Arterial Other,MCCALLUM,SWAN HILL,-35.338486,143.55925,2020,9,September,16,Afternoon Peak,Weekday
T20200016953,2020-09-21,15:20:00,1,Collision with vehicle,1,Monday,116,LEFT NEAR (INTERSECTIONS ONLY),1,780801,Cross intersection,3,80,Freeway,MANSFIELD-HUME IN,BENALLA,-36.58619,145.9607,2020,9,September,15,Afternoon Peak,Weekday
T20200016955,2020-09-21,16:00:00,3,Struck animal,1,Monday,167,STRUCK ANIMAL,1,664270,Not at intersection,3,100,Local Road,KOONWARRA-INVERLOCH,SOUTH GIPPSLAND,-38.566994,145.8903,2020,9,September,16,Afternoon Peak,Weekday
T20200016958,2020-09-21,16:10:00,1,Collision with vehicle,1,Monday,121,RIGHT THROUGH,1,656715,Cross intersection,3,50,Arterial Other,DONNYBROOK,HUME,-37.536373,144.91171,2020,9,September,16,Afternoon Peak,Weekday
T20200016961,2020-09-21,19:07:00,1,Collision with vehicle,1,Monday,110,CROSS TRAFFIC(INTERSECTIONS ONLY),3,29705,Cross intersection,3,60,Arterial Other,CHANDLER,DANDENONG,-37.966652,145.1872,2020,9,September,19,Night,Weekday
T20200016965,2020-09-21,21:50:00,1,Collision with vehicle,1,Monday,110,CROSS TRAFFIC(INTERSECTIONS ONLY),3,652271,Cross intersection,2,80,Arterial Highway,CHELTENHAM,DANDENONG,-37.994614,145.1754,2020,9,September,21,Night,Weekday
T20200017042,2020-09-21,17:45:00,4,Collision with a fixed object,1,Monday,164,PERMANENT OBSTRUCTION ON CARRIAGEWAY,1,662809,Not at intersection,2,100,Local Road,MORROW,LODDON,-36.573032,143.85434,2020,9,September,17,Afternoon Peak,Weekday
T20200017018,2020-09-22,20:13:00,1,Collision with vehicle,2,Tuesday,130,REAR END(VEHICLES IN SAME LANE),3,57964,T intersection,2,60,Local Road,GOURLAY,MELTON,-37.71423,144.73996,2020,9,September,20,Night,Weekday
T20200018126,2020-09-22,06:55:00,1,Collision with vehicle,2,Tuesday,130,REAR END(VEHICLES IN SAME LANE),1,664433,T intersection,3,80,Arterial Other,COOPER,WHITTLESEA,-37.649006,144.99907,2020,9,September,6,Morning Peak,Weekday
T20200016999,2020-09-22,10:40:00,4,Collision with a fixed object,2,Tuesday,175,OFF END OF ROAD/T-INTERSECTION.,1,44876,T intersection,3,60,Arterial Other,RESEARCH-WARRANDYTE,NILLUMBIK,-37.735367,145.22249,2020,9,September,10,Midday,Weekday
T20200017003,2020-09-22,14:11:00,6,Vehicle overturned (no collision),2,Tuesday,182,OFF CARRIAGEWAY ON LEFT BEND,1,773391,Not at intersection,3,60,Arterial Other,BOUNDARY,BRIMBANK,-37.81447,144.7987,2020,9,September,14,Midday,Weekday
T20200017284,2020-09-22,15:25:00,1,Collision with vehicle,2,Tuesday,130,REAR END(VEHICLES IN SAME LANE),1,663430,T intersection,3,60,Arterial Highway,GREAT ALPINE,WANGARATTA,-36.433506,146.54272,2020,9,September,15,Afternoon Peak,Weekday
T20200017013,2020-09-22,19:36:00,1,Collision with vehicle,2,Tuesday,110,CROSS TRAFFIC(INTERSECTIONS ONLY),3,289584,Cross intersection,3,80,Arterial Highway,DANDENONG,DANDENONG,-38.00295,145.20798,2020,9,September,19,Night,Weekday
T20200016969,2020-09-22,05:45:00,1,Collision with vehicle,2,Tuesday,113,RIGHT NEAR (INTERSECTIONS ONLY),2,662804,T intersection,2,60,Local Road,REGENT,DAREBIN,-37.73055,145.0027,2020,9,September,5,Morning Peak,Weekday
T20200017007,2020-09-22,17:30:00,6,Vehicle overturned (no collision),2,Tuesday,174,OUT OF CONTROL ON CARRIAGEWAY (ON STRAIGHT),1,40774,Multiple intersection,3,60,Arterial Other,BLACKBURN,WHITEHORSE,-37.83283,145.15662,2020,9,September,17,Afternoon Peak,Weekday
T20200016988,2020-09-22,10:30:00,1,Collision with vehicle,2,Tuesday,132,RIGHT REAR.,1,57148,T intersection,2,100,Arterial Highway,MAROONA-GLENTHOMPSON,ARARAT,-37.58513,142.59567,2020,9,September,10,Midday,Weekday
T20200017010,2020-09-22,17:55:00,1,Collision with vehicle,2,Tuesday,113,RIGHT NEAR (INTERSECTIONS ONLY),1,43876,T intersection,2,80,Arterial Other,EVANS,CASEY,-38.10937,145.2524,2020,9,September,17,Afternoon Peak,Weekday
T20200016962,2020-09-22,20:00:00,3,Struck animal,2,Tuesday,167,STRUCK ANIMAL,5,662629,Not at intersection,3,100,Arterial Highway,PRINCES,GLENELG,-38.24054,141.7491,2020,9,September,20,Night,Weekday
T20200016994,2020-09-22,13:41:00,1,Collision with vehicle,2,Tuesday,110,CROSS TRAFFIC(INTERSECTIONS ONLY),1,315886,Cross intersection,3,50,Local Road,BIRDWOOD,BALLARAT,-37.59764,143.83653,2020,9,September,13,Midday,Weekday
T20200017005,2020-09-22,16:30:00,1,Collision with vehicle,2,Tuesday,130,REAR END(VEHICLES IN SAME LANE),2,663878,Not at intersection,2,80,Freeway,WEST GATE,MELBOURNE,-37.83005,144.89891,2020,9,September,16,Afternoon Peak,Weekday
T20200016993,2020-09-22,13:32:00,1,Collision with vehicle,2,Tuesday,116,LEFT NEAR (INTERSECTIONS ONLY),1,303305,Cross intersection,2,80,Arterial Other,PERRY,DANDENONG,-38.01147,145.17162,2020,9,September,13,Midday,Weekday
T20200017052,2020-09-22,11:25:00,4,Collision with a fixed object,2,Tuesday,181,OFF RIGHT BEND INTO OBJECT/PARKED VEHICLE,1,669011,Not at intersection,3,60,Arterial Highway,FRANKSTON-DANDENONG,DANDENONG,-38.057655,145.20656,2020,9,September,11,Midday,Weekday
T20200017032,2020-09-22,20:30:00,4,Collision with a fixed object,2,Tuesday,181,OFF RIGHT BEND INTO OBJECT/PARKED VEHICLE,5,669010,T intersection,2,80,Arterial Highway,MIDLAND,HEPBURN,-37.35454,144.1054,2020,9,September,20,Night,Weekday
T20200017333,2020-09-22,20:30:00,4,Collision with a fixed object,2,Tuesday,173,RIGHT OFF CARRIAGEWAY INTO OBJECT/PARKED VEHICLE,3,669107,Not at intersection,3,60,Local Road,BROWNS,MORNINGTON PENINSULA,-38.395126,144.81587,2020,9,September,20,Night,Weekday
T20200016981,2020-09-22,10:40:00,1,Collision with vehicle,2,Tuesday,110,CROSS TRAFFIC(INTERSECTIONS ONLY),1,50248,Cross intersection,3,60,Local Road,BURDOO,GEELONG,-38.207447,144.33038,2020,9,September,10,Midday,Weekday
T20200017015,2020-09-22,16:41:00,1,Collision with vehicle,2,Tuesday,130,REAR END(VEHICLES IN SAME LANE),1,773392,Not at intersection,3,80,Arterial Highway,SOUTH GIPPSLAND,CASEY,-38.047604,145.25568,2020,9,September,16,Afternoon Peak,Weekday
T20200017012,2020-09-22,16:50:00,4,Collision with a fixed object,2,Tuesday,171,LEFT OFF CARRIAGEWAY INTO OBJECT/PARKED VEHICLE,1,663051,Not at intersection,2,60,Arterial Other,NICHOLSON,MORELAND,-37.745148,144.97763,2020,9,September,16,Afternoon Peak,Weekday
T20200017074,2020-09-22,17:25:00,1,Collision with vehicle,2,Tuesday,130,REAR END(VEHICLES IN SAME LANE),1,355285,Cross intersection,3,80,Arterial Highway,STUD,KNOX,-37.917576,145.23517,2020,9,September,17,Afternoon Peak,Weekday
T20200018734,2020-09-22,17:00:00,1,Collision with vehicle,2,Tuesday,116,LEFT NEAR (INTERSECTIONS ONLY),1,40260,T intersection,2,40,Arterial Other,TOORAK,STONNINGTON,-37.843338,145.02762,2020,9,September,17,Afternoon Peak,Weekday
T20200017016,2020-09-22,18:01:00,1,Collision with vehicle,2,Tuesday,110,CROSS TRAFFIC(INTERSECTIONS ONLY),1,249439,Cross intersection,3,100,Arterial Other,DIGGERS REST-COIMADAI,MELTON,-37.619858,144.62569,2020,9,September,18,Afternoon Peak,Weekday
T20200017954,2020-09-22,21:30:00,4,Collision with a fixed object,2,Tuesday,173,RIGHT OFF CARRIAGEWAY INTO OBJECT/PARKED VEHICLE,5,664311,Not at intersection,2,60,Local Road,KING,CASEY,-38.003822,145.37057,2020,9,September,21,Night,Weekday
T20200018751,2020-09-22,13:30:00,1,Collision with vehicle,2,Tuesday,140,U TURN,9,29380,T intersection,3,50,Local Road,ARDEN,MELBOURNE,-37.80114,144.95146,2020,9,September,13,Midday,Weekday
T20200016967,2020-09-22,04:30:00,4,Collision with a fixed object,2,Tuesday,173,RIGHT OFF CARRIAGEWAY INTO OBJECT/PARKED VEHICLE,2,662630,Not at intersection,2,40,Local Road,MASON,HOBSONS BAY,-37.84199,144.87843,2020,9,September,4,Late Night,Weekday
T20200016990,2020-09-22,13:00:00,8,No collision and no object struck,2,Tuesday,174,OUT OF CONTROL ON CARRIAGEWAY (ON STRAIGHT),1,666030,Not at intersection,2,50,Local Road,KINETIC,MELTON,-37.680428,144.74695,2020,9,September,13,Midday,Weekday
T20200016991,2020-09-22,06:38:00,1,Collision with vehicle,2,Tuesday,130,REAR END(VEHICLES IN SAME LANE),1,669773,Not at intersection,2,80,Freeway,PRINCES,WYNDHAM,-37.959286,144.57454,2020,9,September,6,Morning Peak,Weekday
T20200017242,2020-09-22,15:40:00,1,Collision with vehicle,2,Tuesday,132,RIGHT REAR.,1,47674,Cross intersection,3,50,Arterial Highway,GEELONG,MARIBYRNONG,-37.811203,144.86923,2020,9,September,15,Afternoon Peak,Weekday
T20200017102,2020-09-23,13:00:00,1,Collision with vehicle,3,Wednesday,113,RIGHT NEAR (INTERSECTIONS ONLY),1,37154,T intersection,3,40,Arterial Other,VICTORIA,YARRA,-37.810146,144.99657,2020,9,September,13,Midday,Weekday
T20200017704,2020-09-23,11:45:00,1,Collision with vehicle,3,Wednesday,130,REAR END(VEHICLES IN SAME LANE),1,29718,Cross intersection,3,80,Arterial Highway,PRINCES,CASEY,-38.001484,145.23485,2020,9,September,11,Midday,Weekday
T20200017027,2020-09-23,07:56:00,1,Collision with vehicle,3,Wednesday,110,CROSS TRAFFIC(INTERSECTIONS ONLY),1,30008,Cross intersection,3,50,Arterial Other,STURT,BALLARAT,-37.55988,143.84145,2020,9,September,7,Morning Peak,Weekday
T20200017047,2020-09-23,13:00:00,1,Collision with vehicle,3,Wednesday,110,CROSS TRAFFIC(INTERSECTIONS ONLY),1,44420,Cross intersection,3,50,Local Road,MCCOLL,DAREBIN,-37.73159,145.01889,2020,9,September,13,Midday,Weekday
T20200017077,2020-09-23,17:30:00,1,Collision with vehicle,3,Wednesday,130,REAR END(VEHICLES IN SAME LANE),1,664755,Not at intersection,2,60,Arterial Highway,TOORAK,BOROONDARA,-37.84585,145.05528,2020,9,September,17,Afternoon Peak,Weekday
T20200017317,2020-09-23,00:01:00,8,No collision and no object struck,3,Wednesday,174,OUT OF CONTROL ON CARRIAGEWAY (ON STRAIGHT),3,663351,Not at intersection,2,60,Arterial Highway,ST KILDA,PORT PHILLIP,-37.861164,144.98434,2020,9,September,0,Late Night,Weekday
T20200017084,2020-09-23,19:05:00,1,Collision with vehicle,3,Wednesday,110,CROSS TRAFFIC(INTERSECTIONS ONLY),5,680597,Cross intersection,2,100,Local Road,MURPHY,CAMPASPE,-36.203163,144.92268,2020,9,September,19,Night,Weekday
T20200017063,2020-09-23,15:41:00,1,Collision with vehicle,3,Wednesday,130,REAR END(VEHICLES IN SAME LANE),1,662811,T intersection,3,60,Arterial Other,ORMOND,PORT PHILLIP,-37.888817,144.98682,2020,9,September,15,Afternoon Peak,Weekday
T20200017054,2020-09-23,16:45:00,4,Collision with a fixed object,3,Wednesday,171,LEFT OFF CARRIAGEWAY INTO OBJECT/PARKED VEHICLE,1,773485,Not at intersection,2,60,Local Road,BOUNDARY,GEELONG,-38.221268,144.35283,2020,9,September,16,Afternoon Peak,Weekday
T20200017057,2020-09-23,16:27:00,8,No collision and no object struck,3,Wednesday,174,OUT OF CONTROL ON CARRIAGEWAY (ON STRAIGHT),1,671911,Not at intersection,2,70,Arterial Other,HOPKINS,MELTON,-37.797943,144.69699,2020,9,September,16,Afternoon Peak,Weekday
T20200017058,2020-09-23,13:50:00,1,Collision with vehicle,3,Wednesday,160,VEHICLE COLLIDES WITH VEHICLE PARKED ON LEFT OF ROAD,1,669109,Not at intersection,3,50,Local Road,NEWLANDS,MORELAND,-37.731285,144.97174,2020,9,September,13,Midday,Weekday
T20200017064,2020-09-23,18:15:00,1,Collision with vehicle,3,Wednesday,160,VEHICLE COLLIDES WITH VEHICLE PARKED ON LEFT OF ROAD,1,672024,Not at intersection,2,50,Local Road,LEUMEAR,MONASH,-37.903564,145.1191,2020,9,September,18,Afternoon Peak,Weekday
T20200017069,2020-09-23,19:10:00,4,Collision with a fixed object,3,Wednesday,173,RIGHT OFF CARRIAGEWAY INTO OBJECT/PARKED VEHICLE,3,666582,Not at intersection,3,80,Arterial Other,BALLARAT-BURRUMBEET,BALLARAT,-37.55837,143.8944,2020,9,September,19,Night,Weekday
T20200017071,2020-09-23,16:55:00,1,Collision with vehicle,3,Wednesday,130,REAR END(VEHICLES IN SAME LANE),1,605900,Not at intersection,3,60,Arterial Other,CRAIGIEBURN,HUME,-37.598698,144.93893,2020,9,September,16,Afternoon Peak,Weekday
T20200017072,2020-09-23,14:45:00,1,Collision with vehicle,3,Wednesday,113,RIGHT NEAR (INTERSECTIONS ONLY),1,669030,T intersection,3,100,Arterial Other,BRUTHEN-BUCHAN,EAST GIPPSLAND,-37.57823,148.12529,2020,9,September,14,Midday,Weekday
T20200017185,2020-09-23,13:30:00,2,Struck Pedestrian,3,Wednesday,100,PED NEAR SIDE. PED HIT BY VEHICLE FROM THE RIGHT.,1,29563,T intersection,3,50,Arterial Other,TRAM,MANNINGHAM,-37.793907,145.12596,2020,9,September,13,Midday,Weekday
T20200017123,2020-09-23,16:20:00,1,Collision with vehicle,3,Wednesday,116,LEFT NEAR (INTERSECTIONS ONLY),1,39195,Cross intersection,3,60,Arterial Other,MAIN,BRIMBANK,-37.742332,144.78291,2020,9,September,16,Afternoon Peak,Weekday