ACCIDENT_NO,ACCIDENT_DATE,ACCIDENT_TIME,ACCIDENT_TYPE,ACCIDENT_TYPE_DESC,DAY_OF_WEEK,DAY_WEEK_DESC,DCA_CODE,DCA_DESC,LIGHT_CONDITION,NODE_ID,ROAD_GEOMETRY_DESC,SEVERITY,SPEED_ZONE,RMA,ROAD_NAME,LGA_NAME,LATITUDE,LONGITUDE,YEAR,MONTH,MONTH_NAME,HOUR,TIME_PERIOD,DAY_TYPE
T20200017247,2020-09-23,15:45:00,1,Collision with vehicle,3,Wednesday,130,REAR END(VEHICLES IN SAME LANE),1,665106,Not at intersection,2,80,Arterial Highway,PRINCES,CASEY,-38.001442,145.2345,2020,9,September,15,Afternoon Peak,Weekday
T20200017541,2020-09-24,15:10:00,1,Collision with vehicle,4,Thursday,121,RIGHT THROUGH,1,45524,Cross intersection,3,60,Arterial Other,DERRIMUT ROAD -HOPKINS,MELTON,-37.80502,144.69594,2020,9,September,15,Afternoon Peak,Weekday
T20200017106,2020-09-24,14:15:00,1,Collision with vehicle,4,Thursday,132,RIGHT REAR.,1,43547,T intersection,2,80,Local Road,BARRETTS,FRANKSTON,-38.179096,145.17816,2020,9,September,14,Midday,Weekday
T20200017094,2020-09-24,13:50:00,1,Collision with vehicle,4,Thursday,116,LEFT NEAR (INTERSECTIONS ONLY),1,689838,T intersection,2,50,Local Road,QUINN,MOIRA,-36.09036,145.43907,2020,9,September,13,Midday,Weekday
T20200017414,2020-09-24,16:00:00,4,Collision with a fixed object,4,Thursday,173,RIGHT OFF CARRIAGEWAY INTO OBJECT/PARKED VEHICLE,1,682030,Not at intersection,2,100,Arterial Other,MELBOURNE LANCEFIELD,MACEDON RANGES,-37.391453,144.74797,2020,9,September,16,Afternoon Peak,Weekday
T20200017078,2020-09-24,07:00:00,6,Vehicle overturned (no collision),4,Thursday,172,OFF CARRIAGEWAY TO RIGHT,1,674952,Not at intersection,2,100,Arterial Other,WAHRING-MURCHISON EAST,STRATHBOGIE,-36.65283,145.24031,2020,9,September,7,Morning Peak,Weekday
T20200018100,2020-09-24,19:30:00,3,Struck animal,4,Thursday,167,STRUCK ANIMAL,5,667063,Not at intersection,3,100,Local Road,FAIRBURNS,SOUTHERN GRAMPIANS,-37.733337,141.9853,2020,9,September,19,Night,Weekday
T20200017080,2020-09-24,09:38:00,1,Collision with vehicle,4,Thursday,121,RIGHT THROUGH,1,277250,Cross intersection,3,80,Arterial Other,THOMPSON,DANDENONG,-38.069965,145.17848,2020,9,September,9,Morning Peak,Weekday
T20200017114,2020-09-24,21:49:00,1,Collision with vehicle,4,Thursday,110,CROSS TRAFFIC(INTERSECTIONS ONLY),3,67571,Cross intersection,2,60,Arterial Highway,DANDENONG,STONNINGTON,-37.85887,145.00139,2020,9,September,21,Night,Weekday
T20200017103,2020-09-24,18:15:00,1,Collision with vehicle,4,Thursday,130,REAR END(VEHICLES IN SAME LANE),3,676721,Not at intersection,2,100,Freeway,WESTERN RING,BRIMBANK,-37.73982,144.85004,2020,9,September,18,Afternoon Peak,Weekday
T20200017104,2020-09-24,17:38:00,1,Collision with vehicle,4,Thursday,148,VEHICLE OFF FOOTPATH STRIKES VEH ON CARRIAGEWAY,1,56532,Cross intersection,2,80,Arterial Highway,NEPEAN,BAYSIDE,-37.89758,145.00543,2020,9,September,17,Afternoon Peak,Weekday
T20200017082,2020-09-24,12:18:00,2,Struck Pedestrian,4,Thursday,103,PED PLAYING/LYING/WORKING/STANDING ON CARRIAGEWAY.,1,662906,Not at intersection,3,40,Local Road,ELOISE,CARDINIA,-38.058086,145.40349,2020,9,September,12,Midday,Weekday
T20200017110,2020-09-24,20:05:00,1,Collision with vehicle,4,Thursday,160,VEHICLE COLLIDES WITH VEHICLE PARKED ON LEFT OF ROAD,3,729943,Not at intersection,3,60,Local Road,CAPE NELSON,GLENELG,-38.3629,141.60344,2020,9,September,20,Night,Weekday
T20200017100,2020-09-24,14:05:00,1,Collision with vehicle,4,Thursday,113,RIGHT NEAR (INTERSECTIONS ONLY),1,49229,Cross intersection,3,60,Arterial Highway,FIFTEENTH,MILDURA,-34.21099,142.14137,2020,9,September,14,Midday,Weekday
T20200017092,2020-09-24,11:30:00,2,Struck Pedestrian,4,Thursday,104,PED WALKING WITH TRAFFIC,1,669198,Cross intersection,3,50,Local Road,MOUNTAIN VIEW,BANYULE,-37.70878,145.11946,2020,9,September,11,Midday,Weekday
T20200017091,2020-09-24,14:12:00,1,Collision with vehicle,4,Thursday,140,U TURN,1,46001,T intersection,3,60,Arterial Other,WARRANDYTE,MAROONDAH,-37.795563,145.23521,2020,9,September,14,Midday,Weekday
T20200017090,2020-09-24,14:02:00,1,Collision with vehicle,4,Thursday,192,STRUCK TRAIN,1,674553,Not at intersection,2,80,Local Road,FULLER,GOLDEN PLAINS,-38.105743,144.03311,2020,9,September,14,Midday,Weekday
T20200017087,2020-09-24,10:30:00,6,Vehicle overturned (no collision),4,Thursday,180,OFF CARRIAGEWAY ON RIGHT BEND,1,669197,Not at intersection,2,60,Local Road,PERRINS CREEK,YARRA RANGES,-37.863544,145.36674,2020,9,September,10,Midday,Weekday
T20200017085,2020-09-24,13:01:00,4,Collision with a fixed object,4,Thursday,173,RIGHT OFF CARRIAGEWAY INTO OBJECT/PARKED VEHICLE,1,663506,Not at intersection,2,60,Local Road,MAIR,BALLARAT,-37.557915,143.84232,2020,9,September,13,Midday,Weekday
T20200017076,2020-09-24,08:00:00,6,Vehicle overturned (no collision),4,Thursday,175,OFF END OF ROAD/T-INTERSECTION.,1,342203,T intersection,2,100,Arterial Other,TRENTHAM,MACEDON RANGES,-37.28627,144.44635,2020,9,September,8,Morning Peak,Weekday
T20200017173,2020-09-24,11:30:00,1,Collision with vehicle,4,Thursday,130,REAR END(VEHICLES IN SAME LANE),1,40894,Cross intersection,3,80,Arterial Other,MOUNTAIN,KNOX,-37.84803,145.22874,2020,9,September,11,Midday,Weekday
T20200017097,2020-09-24,14:40:00,1,Collision with vehicle,4,Thursday,137,LEFT TURN SIDESWIPE,1,231563,Cross intersection,2,40,Arterial Other,LINLITHGOW,MELBOURNE,-37.82326,144.97034,2020,9,September,14,Midday,Weekday
T20200017160,2020-09-25,18:40:00,4,Collision with a fixed object,5,Friday,151,OUT OF CONTROL (OVERTAKING),4,662962,Not at intersection,2,50,Local Road,BLYTH,MORELAND,-37.767277,144.97952,2020,9,September,18,Afternoon Peak,Weekday
T20200017159,2020-09-25,15:00:00,1,Collision with vehicle,5,Friday,121,RIGHT THROUGH,1,58274,Cross intersection,3,50,Local Road,CAMPBELL,SWAN HILL,-35.340775,143.56003,2020,9,September,15,Afternoon Peak,Weekday
T20200017158,2020-09-25,19:25:00,1,Collision with vehicle,5,Friday,110,CROSS TRAFFIC(INTERSECTIONS ONLY),3,15481,Cross intersection,3,60,Local Road,JUSTICE,BASS COAST,-38.45613,145.2107,2020,9,September,19,Night,Weekday
T20200017157,2020-09-25,18:47:00,4,Collision with a fixed object,5,Friday,171,LEFT OFF CARRIAGEWAY INTO OBJECT/PARKED VEHICLE,3,665336,Not at intersection,3,50,Local Road,GRAVESEND,COLAC OTWAY,-38.344486,143.58533,2020,9,September,18,Afternoon Peak,Weekday
T20200017156,2020-09-25,17:07:00,4,Collision with a fixed object,5,Friday,151,OUT OF CONTROL (OVERTAKING),1,669202,Not at intersection,2,50,Local Road,ANDERSON,MORELAND,-37.695034,144.96173,2020,9,September,17,Afternoon Peak,Weekday
T20200017155,2020-09-25,19:00:00,6,Vehicle overturned (no collision),5,Friday,149,OTHER MANOEUVRING NOT INCLUDED IN DCAs 140-148,3,66448,T intersection,2,50,Local Road,CECIL,MELBOURNE,-37.828133,144.95496,2020,9,September,19,Night,Weekday
T20200017597,2020-09-25,16:30:00,1,Collision with vehicle,5,Friday,121,RIGHT THROUGH,1,49719,Cross intersection,3,70,Arterial Highway,PRINCES,GEELONG,-38.091473,144.35667,2020,9,September,16,Afternoon Peak,Weekday
T20200017153,2020-09-25,16:40:00,1,Collision with vehicle,5,Friday,130,REAR END(VEHICLES IN SAME LANE),1,57579,T intersection,3,80,Arterial Highway,NEPEAN,BAYSIDE,-37.925507,145.02684,2020,9,September,16,Afternoon Peak,Weekday
T20200017148,2020-09-25,14:29:00,4,Collision with a fixed object,5,Friday,175,OFF END OF ROAD/T-INTERSECTION.,1,289096,T intersection,3,80,Arterial Other,BEACONSFIELD-EMERALD,CARDINIA,-37.946964,145.46474,2020,9,September,14,Midday,Weekday
T20200017143,2020-09-25,15:45:00,1,Collision with vehicle,5,Friday,160,VEHICLE COLLIDES WITH VEHICLE PARKED ON LEFT OF ROAD,1,663082,Not at intersection,3,70,Arterial Other,KINGS,BRIMBANK,-37.74028,144.77986,2020,9,September,15,Afternoon Peak,Weekday
T20200017141,2020-09-25,12:13:00,1,Collision with vehicle,5,Friday,110,CROSS TRAFFIC(INTERSECTIONS ONLY),1,663428,Cross intersection,3,60,Arterial Other,MONTBELIARD,WHITTLESEA,-37.605347,144.99829,2020,9,September,12,Midday,Weekday
T20200017279,2020-09-25,05:12:00,1,Collision with vehicle,5,Friday,121,RIGHT THROUGH,3,344220,Cross intersection,3,70,Arterial Other,MELTON,BRIMBANK,-37.69727,144.7814,2020,9,September,5,Morning Peak,Weekday
T20200017674,2020-09-25,19:30:00,1,Collision with vehicle,5,Friday,110,CROSS TRAFFIC(INTERSECTIONS ONLY),3,52621,Cross intersection,3,40,Local Road,FIREBRACE,HORSHAM,-36.71784,142.19974,2020,9,September,19,Night,Weekday
T20200017794,2020-09-25,11:57:00,1,Collision with vehicle,5,Friday,110,CROSS TRAFFIC(INTERSECTIONS ONLY),1,729952,Cross intersection,3,50,Local Road,WELLSFORD,WELLINGTON,-37.966774,147.08517,2020,9,September,11,Midday,Weekday
T20200017138,2020-09-25,15:35:00,6,Vehicle overturned (no collision),5,Friday,174,OUT OF CONTROL ON CARRIAGEWAY (ON STRAIGHT),1,45332,T intersection,3,60,Arterial Other,LANGS,MELBOURNE,-37.77939,144.91359,2020,9,September,15,Afternoon Peak,Weekday
T20200017700,2020-09-25,16:16:00,1,Collision with vehicle,5,Friday,130,REAR END(VEHICLES IN SAME LANE),9,670891,T intersection,3,60,Arterial Other,CANTERBURY,BOROONDARA,-37.824677,145.08662,2020,9,September,16,Afternoon Peak,Weekday
T20200018259,2020-09-25,13:26:00,1,Collision with vehicle,5,Friday,130,REAR END(VEHICLES IN SAME LANE),1,929,Cross intersection,3,80,Arterial Highway,FRANKSTON-DANDENONG,FRANKSTON,-38.105297,145.16763,2020,9,September,13,Midday,Weekday
T20200017134,2020-09-25,10:59:00,4,Collision with a fixed object,5,Friday,151,OUT OF CONTROL (OVERTAKING),1,729944,Not at intersection,2,60,Local Road,BUSH,WHITTLESEA,-37.652603,145.07616,2020,9,September,10,Midday,Weekday
T20200017129,2020-09-25,06:40:00,1,Collision with vehicle,5,Friday,130,REAR END(VEHICLES IN SAME LANE),2,665796,Not at intersection,2,100,Freeway,MORNINGTON PENINSULA,DANDENONG,-38.061592,145.14856,2020,9,September,6,Morning Peak,Weekday
T20200017125,2020-09-25,09:15:00,1,Collision with vehicle,5,Friday,113,RIGHT NEAR (INTERSECTIONS ONLY),1,669031,T intersection,2,80,Arterial Highway,WELLINGTON,MONASH,-37.916733,145.14305,2020,9,September,9,Morning Peak,Weekday
T20200017119,2020-09-25,08:55:00,4,Collision with a fixed object,5,Friday,181,OFF RIGHT BEND INTO OBJECT/PARKED VEHICLE,1,669205,Not at intersection,3,50,Local Road,WAVERLEY PARK,CASEY,-38.0682,145.26971,2020,9,September,8,Morning Peak,Weekday
T20200017743,2020-09-25,12:30:00,1,Collision with vehicle,5,Friday,130,REAR END(VEHICLES IN SAME LANE),1,221383,Cross intersection,2,80,Arterial Other,HUME HIGHWAY -SYDNEY,HUME,-37.643353,144.95146,2020,9,September,12,Midday,Weekday
T20200017098,2020-09-25,15:13:00,1,Collision with vehicle,5,Friday,163,VEHICLE STRIKES DOOR OF PARKED/STATIONARY VEHICLE,1,669199,Not at intersection,2,40,Local Road,CHAPEL,STONNINGTON,-37.84873,144.99384,2020,9,September,15,Afternoon Peak,Weekday
T20200017115,2020-09-25,05:59:00,1,Collision with vehicle,5,Friday,160,VEHICLE COLLIDES WITH VEHICLE PARKED ON LEFT OF ROAD,2,666994,Not at intersection,2,100,Freeway,MORNINGTON PENINSULA,KINGSTON,-38.073425,145.15054,2020,9,September,5,Morning Peak,Weekday
T20200017182,2020-09-25,18:29:00,1,Collision with vehicle,5,Friday,149,OTHER MANOEUVRING NOT INCLUDED IN DCAs 140-148,5,729401,Not at intersection,3,100,Freeway,PRINCES,CARDINIA,-38.06941,145.58714,2020,9,September,18,Afternoon Peak,Weekday
T20200017117,2020-09-25,07:00:00,4,Collision with a fixed object,5,Friday,171,LEFT OFF CARRIAGEWAY INTO OBJECT/PARKED VEHICLE,1,669200,Not at intersection,3,40,Local Road,WERE,BANYULE,-37.716106,145.12128,2020,9,September,7,Morning Peak,Weekday
T20200017191,2020-09-25,15:25:00,8,No collision and no object struck,5,Friday,170,OFF CARRIAGEWAY TO LEFT,1,663015,Not at intersection,3,100,Arterial Highway,HAMILTON,GOLDEN PLAINS,-38.117374,144.18431,2020,9,September,15,Afternoon Peak,Weekday
T20230022618,2020-09-25,13:45:00,6,Vehicle overturned (no collision),5,Friday,184,OUT OF CONTROL ON CARRIAGEWAY (ON BEND),9,704526,T intersection,3,60,Arterial Other,MARYSVILLE-WOODS POINT,MURRINDINDI,-37.530148,145.82394,2020,9,September,13,Midday,Weekday
T20200017416,2020-09-25,16:20:00,1,Collision with vehicle,5,Friday,130,REAR END(VEHICLES IN SAME LANE),1,668228,Not at intersection,2,80,Arterial Highway,NEPEAN,BAYSIDE,-37.925144,145.02649,2020,9,September,16,Afternoon Peak,Weekday
T20200017161,2020-09-25,20:36:00,4,Collision with a fixed object,5,Friday,183,OFF LEFT BEND INTO OBJECT/PARKED VEHICLE,6,663089,Not at intersection,2,80,Freeway,WEST GATE IN-KINGS,MELBOURNE,-37.827194,144.96431,2020,9,September,20,Night,Weekday
T20200017259,2020-09-25,16:15:00,2,Struck Pedestrian,5,Friday,100,PED NEAR SIDE. PED HIT BY VEHICLE FROM THE RIGHT.,1,729945,Not at intersection,3,50,Local Road,SELINA,FRANKSTON,-38.15538,145.16315,2020,9,September,16,Afternoon Peak,Weekday
T20200017169,2020-09-26,09:25:00,1,Collision with vehicle,6,Saturday,121,RIGHT THROUGH,1,478,Multiple intersection,3,60,Arterial Other,HIGH STREET -HIGH,BOROONDARA,-37.80748,145.02888,2020,9,September,9,Morning Peak,Weekend
T20200017210,2020-09-26,22:00:00,4,Collision with a fixed object,6,Saturday,181,OFF RIGHT BEND INTO OBJECT/PARKED VEHICLE,3,35641,Cross intersection,3,80,Arterial Other,CRANBOURNE-FRANKSTON,FRANKSTON,-38.15072,145.19511,2020,9,September,22,Night,Weekend
T20200019209,2020-09-26,16:30:00,1,Collision with vehicle,6,Saturday,130,REAR END(VEHICLES IN SAME LANE),9,773379,Not at intersection,3,60,Arterial Other,GILLIES,BALLARAT,-37.555897,143.8189,2020,9,September,16,Afternoon Peak,Weekend
T20200017179,2020-09-26,12:13:00,2,Struck Pedestrian,6,Saturday,102,FAR SIDE. PED HIT BY VEHICLE FROM THE LEFT,1,663083,Not at intersection,2,50,Local Road,VAUCLUSE,HUME,-37.696674,144.89581,2020,9,September,12,Midday,Weekend
T20200017180,2020-09-26,13:00:00,4,Collision with a fixed object,6,Saturday,171,LEFT OFF CARRIAGEWAY INTO OBJECT/PARKED VEHICLE,1,670699,Not at intersection,2,100,Local Road,LEONGATHA-YARRAGON,SOUTH GIPPSLAND,-38.369267,146.01582,2020,9,September,13,Midday,Weekend
T20210004666,2020-09-26,11:00:00,1,Collision with vehicle,6,Saturday,143,ENTERING PARKING,1,60832,T intersection,3,50,Arterial Other,MAIR,BALLARAT,-37.559875,143.8591,2020,9,September,11,Midday,Weekend
T20200017184,2020-09-26,14:35:00,1,Collision with vehicle,6,Saturday,121,RIGHT THROUGH,1,663562,T intersection,2,60,Arterial Other,MELROSE,WODONGA,-36.106342,146.8705,2020,9,September,14,Midday,Weekend
T20200017186,2020-09-26,14:53:00,1,Collision with vehicle,6,Saturday,143,ENTERING PARKING,1,663084,Not at intersection,3,50,Local Road,FRANKLIN,MELBOURNE,-37.808758,144.95837,2020,9,September,14,Midday,Weekend
T20200017175,2020-09-26,09:00:00,1,Collision with vehicle,6,Saturday,130,REAR END(VEHICLES IN SAME LANE),1,664949,Not at intersection,3,80,Arterial Other,MICKLEHAM,HUME,-37.64004,144.8807,2020,9,September,9,Morning Peak,Weekend
T20200017196,2020-09-26,17:25:00,1,Collision with vehicle,6,Saturday,111,RIGHT FAR (INTERSECTIONS ONLY),1,1208,Cross intersection,3,50,Local Road,DUNNE,DAREBIN,-37.714333,145.03873,2020,9,September,17,Afternoon Peak,Weekend
T20200017199,2020-09-26,16:55:00,4,Collision with a fixed object,6,Saturday,183,OFF LEFT BEND INTO OBJECT/PARKED VEHICLE,1,663779,Not at intersection,3,60,Local Road,BAILLIEU,CAMPASPE,-36.0381,144.575,2020,9,September,16,Afternoon Peak,Weekend
T20210002433,2020-09-26,19:40:00,1,Collision with vehicle,6,Saturday,110,CROSS TRAFFIC(INTERSECTIONS ONLY),3,63660,Cross intersection,3,60,Arterial Other,ORIEL,BANYULE,-37.75892,145.0374,2020,9,September,19,Night,Weekend
T20200017201,2020-09-26,15:30:00,6,Vehicle overturned (no collision),6,Saturday,174,OUT OF CONTROL ON CARRIAGEWAY (ON STRAIGHT),1,663561,Not at intersection,2,50,Local Road,WEEAH,LODDON,-36.582287,143.8719,2020,9,September,15,Afternoon Peak,Weekend
T20200017205,2020-09-26,16:30:00,6,Vehicle overturned (no collision),6,Saturday,170,OFF CARRIAGEWAY TO LEFT,1,39157,Cross intersection,3,60,Arterial Other,BALWYN,BOROONDARA,-37.81832,145.0803,2020,9,September,16,Afternoon Peak,Weekend
T20200017207,2020-09-26,21:12:00,1,Collision with vehicle,6,Saturday,130,REAR END(VEHICLES IN SAME LANE),3,45258,T intersection,3,60,Arterial Other,RALEIGH,MARIBYRNONG,-37.769493,144.89655,2020,9,September,21,Night,Weekend
T20200017208,2020-09-26,19:57:00,1,Collision with vehicle,6,Saturday,113,RIGHT NEAR (INTERSECTIONS ONLY),3,359007,Multiple intersection,2,70,Freeway,KOROROIT CREEK,HOBSONS BAY,-37.844734,144.78877,2020,9,September,19,Night,Weekend
T20200019146,2020-09-27,15:00:00,1,Collision with vehicle,7,Sunday,160,VEHICLE COLLIDES WITH VEHICLE PARKED ON LEFT OF ROAD,1,666362,Not at intersection,3,50,Local Road,PARK,PORT PHILLIP,-37.85594,144.96796,2020,9,September,15,Afternoon Peak,Weekend
T20210001303,2020-09-27,11:20:00,5,collision with some other object,7,Sunday,166,STRUCK OBJECT ON CARRIAGEWAY,1,673242,T intersection,3,80,Arterial Highway,SOUTH GIPPSLAND,CASEY,-38.13612,145.29976,2020,9,September,11,Midday,Weekend
T20200017227,2020-09-27,12:05:00,1,Collision with vehicle,7,Sunday,160,VEHICLE COLLIDES WITH VEHICLE PARKED ON LEFT OF ROAD,1,675898,Not at intersection,3,50,Local Road,LAKES,HUME,-37.60828,144.92068,2020,9,September,12,Midday,Weekend
T20200017235,2020-09-27,18:00:00,4,Collision with a fixed object,7,Sunday,183,OFF LEFT BEND INTO OBJECT/PARKED VEHICLE,2,663507,Not at intersection,2,100,Local Road,OLD BOORT,LODDON,-36.34514,143.64655,2020,9,September,18,Afternoon Peak,Weekend
T20200017237,2020-09-27,17:25:00,2,Struck Pedestrian,7,Sunday,102,FAR SIDE. PED HIT BY VEHICLE FROM THE LEFT,2,664950,Not at intersection,3,40,Local Road,SACKVILLE,YARRA,-37.798416,144.98596,2020,9,September,17,Afternoon Peak,Weekend
T20200017240,2020-09-27,20:15:00,4,Collision with a fixed object,7,Sunday,183,OFF LEFT BEND INTO OBJECT/PARKED VEHICLE,3,668268,Not at intersection,2,50,Local Road,LAWLESS,CASEY,-38.06935,145.27812,2020,9,September,20,Night,Weekend
T20200017212,2020-09-27,03:53:00,1,Collision with vehicle,7,Sunday,171,LEFT OFF CARRIAGEWAY INTO OBJECT/PARKED VEHICLE,3,274673,Not at intersection,3,60,Arterial Other,MILLEARA,MOONEE VALLEY,-37.74998,144.86208,2020,9,September,3,Late Night,Weekend
T20200017218,2020-09-27,10:00:00,5,collision with some other object,7,Sunday,166,STRUCK OBJECT ON CARRIAGEWAY,1,663429,Not at intersection,2,60,Local Road,WORMBETE STATION,SURF COAST,-38.318398,144.05365,2020,9,September,10,Midday,Weekend
T20200017249,2020-09-27,13:50:00,1,Collision with vehicle,7,Sunday,132,RIGHT REAR.,1,63159,T intersection,3,60,Arterial Highway,ROSANNA,BANYULE,-37.744263,145.07191,2020,9,September,13,Midday,Weekend
T20200017250,2020-09-27,21:00:00,1,Collision with vehicle,7,Sunday,169,OTHER ON PATH,3,663347,Not at intersection,3,50,Local Road,ANDERSON,WODONGA,-36.116787,146.86958,2020,9,September,21,Night,Weekend
T20200019339,2020-09-27,17:55:00,1,Collision with vehicle,7,Sunday,110,CROSS TRAFFIC(INTERSECTIONS ONLY),1,36317,Cross intersection,3,50,Local Road,CARDIGAN,MELBOURNE,-37.804726,144.96474,2020,9,September,17,Afternoon Peak,Weekend
T20200017262,2020-09-28,09:10:00,4,Collision with a fixed object,1,Monday,171,LEFT OFF CARRIAGEWAY INTO OBJECT/PARKED VEHICLE,1,669460,Not at intersection,1,50,Local Road,PATERSON,SHEPPARTON,-36.39567,145.41428,2020,9,September,9,Morning Peak,Weekday
T20200017267,2020-09-28,11:26:00,6,Vehicle overturned (no collision),1,Monday,174,OUT OF CONTROL ON CARRIAGEWAY (ON STRAIGHT),1,269684,Not at intersection,2,40,Arterial Other,DUNCANS,WYNDHAM,-37.90996,144.67769,2020,9,September,11,Midday,Weekday
T20200017269,2020-09-28,13:30:00,1,Collision with vehicle,1,Monday,110,CROSS TRAFFIC(INTERSECTIONS ONLY),1,294323,Cross intersection,2,50,Local Road,HOLSKAMP,MONASH,-37.873978,145.12642,2020,9,September,13,Midday,Weekday
T20200017321,2020-09-28,13:20:00,1,Collision with vehicle,1,Monday,130,REAR END(VEHICLES IN SAME LANE),9,670890,Not at intersection,3,60,Local Road,ROCKBANK MIDDLE,MELTON,-37.743267,144.73586,2020,9,September,13,Midday,Weekday
T20200017273,2020-09-28,14:30:00,1,Collision with vehicle,1,Monday,135,LANE CHANGE LEFT (NOT OVERTAKING),1,32247,T intersection,3,80,Arterial Highway,BURWOOD,WHITEHORSE,-37.85751,145.19017,2020,9,September,14,Midday,Weekday
T20200017277,2020-09-28,15:24:00,2,Struck Pedestrian,1,Monday,107,PED ON FOOTHPATH STRUCK BY VEHENTERING/LEAVING DRIVEWAY.,1,666131,Not at intersection,3,40,Local Road,ROUSE,PORT PHILLIP,-37.842327,144.93982,2020,9,September,15,Afternoon Peak,Weekday
T20200017353,2020-09-28,21:50:00,4,Collision with a fixed object,1,Monday,173,RIGHT OFF CARRIAGEWAY INTO OBJECT/PARKED VEHICLE,5,780803,Not at intersection,3,80,Arterial Highway,GOULBURN VALLEY,SHEPPARTON,-36.4334,145.38884,2020,9,September,21,Night,Weekday
T20200017283,2020-09-28,17:29:00,6,Vehicle overturned (no collision),1,Monday,172,OFF CARRIAGEWAY TO RIGHT,1,665946,Not at intersection,3,100,Local Road,HOSIE,SHEPPARTON,-36.398983,145.51743,2020,9,September,17,Afternoon Peak,Weekday
T20200017298,2020-09-28,23:19:00,1,Collision with vehicle,1,Monday,169,OTHER ON PATH,3,665575,Not at intersection,3,50,Local Road,COXON,GEELONG,-38.12731,144.34943,2020,9,September,23,Night,Weekday
T20200018545,2020-09-28,12:30:00,1,Collision with vehicle,1,Monday,130,REAR END(VEHICLES IN SAME LANE),1,664960,Not at intersection,3,80,Arterial Highway,DANDENONG,MONASH,-37.912945,145.12498,2020,9,September,12,Midday,Weekday
T20200017703,2020-09-28,14:40:00,1,Collision with vehicle,1,Monday,169,OTHER ON PATH,1,668997,Not at intersection,3,50,Local Road,LAWSON,CASEY,-37.97794,145.26509,2020,9,September,14,Midday,Weekday
T20200017654,2020-09-28,12:00:00,5,collision with some other object,1,Monday,191,LOAD OR MISSILE STRUCK VEHICLE,1,665482,Not at intersection,3,80,Arterial Other,BOOLARRA SOUTH-MIRBOO NORTH,SOUTH GIPPSLAND,-38.419025,146.17915,2020,9,September,12,Midday,Weekday
T20200017248,2020-09-28,03:11:00,4,Collision with a fixed object,1,Monday,173,RIGHT OFF CARRIAGEWAY INTO OBJECT/PARKED VEHICLE,3,665330,Not at intersection,1,60,Arterial Highway,MCCRAE,BENDIGO,-36.75343,144.28711,2020,9,September,3,Late Night,Weekday
T20200017338,2020-09-28,09:30:00,1,Collision with vehicle,1,Monday,111,RIGHT FAR (INTERSECTIONS ONLY),1,664515,Cross intersection,2,80,Arterial Highway,MAROONDAH HIGHWAY SERVICE,YARRA RANGES,-37.758713,145.32079,2020,9,September,9,Morning Peak,Weekday
T20200017293,2020-09-28,19:00:00,8,No collision and no object struck,1,Monday,174,OUT OF CONTROL ON CARRIAGEWAY (ON STRAIGHT),5,675691,Not at intersection,3,80,Local Road,DERRIL,GLENELG,-38.369843,141.59782,2020,9,September,19,Night,Weekday
T20200017252,2020-09-28,09:28:00,4,Collision with a fixed object,1,Monday,173,RIGHT OFF CARRIAGEWAY INTO OBJECT/PARKED VEHICLE,1,663348,Not at intersection,2,100,Local Road,ONEILS,GEELONG,-37.929283,144.24861,2020,9,September,9,Morning Peak,Weekday
T20200021125,2020-09-28,17:24:00,1,Collision with vehicle,1,Monday,110,CROSS TRAFFIC(INTERSECTIONS ONLY),1,45109,Cross intersection,3,60,Local Road,ANZAC PARADE -CHAPPLE,WODONGA,-36.13417,146.90425,2020,9,September,17,Afternoon Peak,Weekday
T20200017442,2020-09-28,08:50:00,1,Collision with vehicle,1,Monday,113,RIGHT NEAR (INTERSECTIONS ONLY),1,596,T intersection,2,80,Arterial Highway,DANDENONG,GLEN EIRA,-37.8713,145.03552,2020,9,September,8,Morning Peak,Weekday
T20200017339,2020-09-29,10:09:00,1,Collision with vehicle,2,Tuesday,110,CROSS TRAFFIC(INTERSECTIONS ONLY),1,60588,Cross intersection,1,100,Local Road,AVENUE,BALLARAT,-37.460606,143.67802,2020,9,September,10,Midday,Weekday
T20200017337,2020-09-29,10:45:00,4,Collision with a fixed object,2,Tuesday,171,LEFT OFF CARRIAGEWAY INTO OBJECT/PARKED VEHICLE,1,672520,Not at intersection,2,100,Local Road,CULGOA-ULTIMA,BULOKE,-35.5751,143.11882,2020,9,September,10,Midday,Weekday
T20210002949,2020-09-29,03:30:00,7,Fall from or in moving vehicle,2,Tuesday,190,FELL IN/FROM VEHICLE,3,689119,Not at intersection,3,60,Arterial Other,HOWITT,BALLARAT,-37.540787,143.83664,2020,9,September,3,Late Night,Weekday
T20200017351,2020-09-29,19:50:00,4,Collision with a fixed object,2,Tuesday,173,RIGHT OFF CARRIAGEWAY INTO OBJECT/PARKED VEHICLE,5,669002,Not at intersection,2,100,Arterial Other,COLAC-BALLARAT,COLAC OTWAY,-38.307655,143.6332,2020,9,September,19,Night,Weekday