ACCIDENT_NO,ACCIDENT_DATE,ACCIDENT_TIME,ACCIDENT_TYPE,ACCIDENT_TYPE_DESC,DAY_OF_WEEK,DAY_WEEK_DESC,DCA_CODE,DCA_DESC,LIGHT_CONDITION,NODE_ID,ROAD_GEOMETRY_DESC,SEVERITY,SPEED_ZONE,RMA,ROAD_NAME,LGA_NAME,LATITUDE,LONGITUDE,YEAR,MONTH,MONTH_NAME,HOUR,TIME_PERIOD,DAY_TYPE
T20200017308,2020-09-29,08:10:00,1,Collision with vehicle,2,Tuesday,111,RIGHT FAR (INTERSECTIONS ONLY),1,531,Y intersection,2,60,Arterial Other,HULL,YARRA RANGES,-37.78917,145.31036,2020,9,September,8,Morning Peak,Weekday
T20200017327,2020-09-29,13:57:00,1,Collision with vehicle,2,Tuesday,139,OTHER SAME DIRECTION-MANOUEVRES NOT INCLUDED IN DCAs 130-137,1,668480,Cross intersection,3,40,Local Road,ELIZABETH,MELBOURNE,-37.810402,144.9614,2020,9,September,13,Midday,Weekday
T20200017686,2020-09-29,06:30:00,1,Collision with vehicle,2,Tuesday,130,REAR END(VEHICLES IN SAME LANE),1,682514,Not at intersection,3,60,Arterial Other,MICKLEHAM,HUME,-37.68797,144.88249,2020,9,September,6,Morning Peak,Weekday
T20200017345,2020-09-29,18:10:00,1,Collision with vehicle,2,Tuesday,160,VEHICLE COLLIDES WITH VEHICLE PARKED ON LEFT OF ROAD,1,729946,Not at intersection,3,50,Local Road,GLADSTONE,BAW BAW,-38.163746,145.93558,2020,9,September,18,Afternoon Peak,Weekday
T20200017349,2020-09-29,16:50:00,2,Struck Pedestrian,2,Tuesday,107,PED ON FOOTHPATH STRUCK BY VEHENTERING/LEAVING DRIVEWAY.,1,4052,Not at intersection,2,60,Local Road,UNNAMED,HUME,-37.67379,144.93076,2020,9,September,16,Afternoon Peak,Weekday
T20200017305,2020-09-29,08:50:00,1,Collision with vehicle,2,Tuesday,130,REAR END(VEHICLES IN SAME LANE),1,37128,T intersection,3,60,Arterial Other,SOMERTON,HUME,-37.639442,144.91948,2020,9,September,8,Morning Peak,Weekday
T20210019470,2020-09-29,08:00:00,1,Collision with vehicle,2,Tuesday,111,RIGHT FAR (INTERSECTIONS ONLY),1,49331,T intersection,3,60,Arterial Other,EDGECOMBE,MACEDON RANGES,-37.23821,144.46481,2020,9,September,8,Morning Peak,Weekday
T20200017379,2020-09-29,10:20:00,1,Collision with vehicle,2,Tuesday,113,RIGHT NEAR (INTERSECTIONS ONLY),1,65552,T intersection,2,60,Arterial Other,WARRANDYTE,MAROONDAH,-37.805893,145.23038,2020,9,September,10,Midday,Weekday
T20200017331,2020-09-29,12:05:00,4,Collision with a fixed object,2,Tuesday,171,LEFT OFF CARRIAGEWAY INTO OBJECT/PARKED VEHICLE,1,44035,Cross intersection,2,50,Local Road,HIGH,MORNINGTON PENINSULA,-38.30771,145.18808,2020,9,September,12,Midday,Weekday
T20200019858,2020-09-29,04:30:00,8,No collision and no object struck,2,Tuesday,172,OFF CARRIAGEWAY TO RIGHT,5,669001,Not at intersection,2,80,Local Road,ARMY,CARDINIA,-38.02861,145.49396,2020,9,September,4,Late Night,Weekday
T20200017347,2020-09-29,17:10:00,1,Collision with vehicle,2,Tuesday,130,REAR END(VEHICLES IN SAME LANE),1,663434,Not at intersection,2,60,Arterial Other,BACCHUS MARSH,GEELONG,-38.0688,144.35875,2020,9,September,17,Afternoon Peak,Weekday
T20200017328,2020-09-29,13:25:00,1,Collision with vehicle,2,Tuesday,129,OTHER OPPOSING MANOEUVRES NOT INCLUDED IN DCAs 120-125.,1,663354,Not at intersection,2,50,Arterial Other,MOUNT DANDENONG TOURIST,YARRA RANGES,-37.85611,145.36537,2020,9,September,13,Midday,Weekday
T20200018498,2020-09-29,20:45:00,4,Collision with a fixed object,2,Tuesday,173,RIGHT OFF CARRIAGEWAY INTO OBJECT/PARKED VEHICLE,6,665245,Not at intersection,3,60,Local Road,KOOYONG,GLEN EIRA,-37.89691,145.01291,2020,9,September,20,Night,Weekday
T20200017322,2020-09-29,07:30:00,1,Collision with vehicle,2,Tuesday,132,RIGHT REAR.,1,663353,Cross intersection,3,80,Arterial Highway,WHITEHORSE,WHITEHORSE,-37.81857,145.17613,2020,9,September,7,Morning Peak,Weekday
T20200017457,2020-09-29,17:00:00,7,Fall from or in moving vehicle,2,Tuesday,190,FELL IN/FROM VEHICLE,9,663356,Not at intersection,1,60,Arterial Other,GLENFERRIE,BOROONDARA,-37.831783,145.03366,2020,9,September,17,Afternoon Peak,Weekday
T20200017325,2020-09-29,12:00:00,1,Collision with vehicle,2,Tuesday,149,OTHER MANOEUVRING NOT INCLUDED IN DCAs 140-148,1,663508,Not at intersection,3,50,Local Road,COMMUNITY,MELTON,-37.700504,144.74889,2020,9,September,12,Midday,Weekday
T20200017341,2020-09-29,17:20:00,2,Struck Pedestrian,2,Tuesday,109,ANY MANOEUVRE INVOLVING PED NOT INCLUDED IN DCAs 100-108.,1,699962,Not at intersection,2,50,Local Road,WELLS,KINGSTON,-38.047794,145.1412,2020,9,September,17,Afternoon Peak,Weekday
T20200017357,2020-09-29,18:50:00,1,Collision with vehicle,2,Tuesday,120,HEAD ON (NOT OVERTAKING),5,691148,Not at intersection,2,100,Arterial Highway,PRINCES,EAST GIPPSLAND,-37.84813,147.56477,2020,9,September,18,Afternoon Peak,Weekday
T20200017355,2020-09-29,16:30:00,1,Collision with vehicle,2,Tuesday,148,VEHICLE OFF FOOTPATH STRIKES VEH ON CARRIAGEWAY,1,663435,Not at intersection,3,50,Local Road,REDLEAP,WHITTLESEA,-37.66514,145.0655,2020,9,September,16,Afternoon Peak,Weekday
T20200018268,2020-09-29,17:20:00,1,Collision with vehicle,2,Tuesday,163,VEHICLE STRIKES DOOR OF PARKED/STATIONARY VEHICLE,1,674590,Not at intersection,3,60,Arterial Other,HOTHAM,GLEN EIRA,-37.87226,144.99892,2020,9,September,17,Afternoon Peak,Weekday
T20200017340,2020-09-29,14:45:00,1,Collision with vehicle,2,Tuesday,119,OTHER ADJACENT (INTERSECTIONS ONLY),1,664174,T intersection,2,60,Local Road,BROWN,SOUTH GIPPSLAND,-38.481026,145.93652,2020,9,September,14,Midday,Weekday
T20200017313,2020-09-29,10:00:00,1,Collision with vehicle,2,Tuesday,110,CROSS TRAFFIC(INTERSECTIONS ONLY),1,663431,Cross intersection,3,60,Arterial Other,PASCOE VALE,MOONEE VALLEY,-37.734962,144.925,2020,9,September,10,Midday,Weekday
T20200017576,2020-09-29,01:20:00,1,Collision with vehicle,2,Tuesday,130,REAR END(VEHICLES IN SAME LANE),9,47029,T intersection,3,60,Arterial Highway,WURUNDJERI,MELBOURNE,-37.817955,144.9503,2020,9,September,1,Late Night,Weekday
T20200017352,2020-09-29,21:15:00,1,Collision with vehicle,2,Tuesday,147,VEHICLE STRIKES ANOTHER VEH WHILE EMERGING FROM DRIVEWAY,3,667144,Not at intersection,3,50,Local Road,BRIDGEFORD,BANYULE,-37.743107,145.04662,2020,9,September,21,Night,Weekday
T20200017311,2020-09-29,09:57:00,1,Collision with vehicle,2,Tuesday,130,REAR END(VEHICLES IN SAME LANE),1,341716,T intersection,3,60,Arterial Other,BAKEWELL,CASEY,-38.111507,145.29019,2020,9,September,9,Morning Peak,Weekday
T20200017762,2020-09-29,20:05:00,1,Collision with vehicle,2,Tuesday,130,REAR END(VEHICLES IN SAME LANE),9,663784,Not at intersection,3,60,Arterial Highway,WARRIGAL,MONASH,-37.88791,145.0892,2020,9,September,20,Night,Weekday
T20200017344,2020-09-29,17:15:00,1,Collision with vehicle,2,Tuesday,113,RIGHT NEAR (INTERSECTIONS ONLY),2,664103,T intersection,3,50,Local Road,ENDEAVOUR,WYNDHAM,-37.81638,144.8207,2020,9,September,17,Afternoon Peak,Weekday
T20200017393,2020-09-30,13:40:00,1,Collision with vehicle,3,Wednesday,173,RIGHT OFF CARRIAGEWAY INTO OBJECT/PARKED VEHICLE,1,667283,Not at intersection,2,80,Arterial Other,BERWICK-CRANBOURNE,CASEY,-38.09345,145.33197,2020,9,September,13,Midday,Weekday
T20200017681,2020-09-30,09:00:00,2,Struck Pedestrian,3,Wednesday,194,PARKED CAR RUN AWAY,1,672301,Not at intersection,3,100,Local Road,DEPOT,BAW BAW,-37.956264,146.40717,2020,9,September,9,Morning Peak,Weekday
T20200017884,2020-09-30,12:50:00,1,Collision with vehicle,3,Wednesday,132,RIGHT REAR.,9,729410,Not at intersection,3,60,Local Road,SPRINGFIELD,WHITEHORSE,-37.809235,145.14139,2020,9,September,12,Midday,Weekday
T20200017419,2020-09-30,20:05:00,4,Collision with a fixed object,3,Wednesday,173,RIGHT OFF CARRIAGEWAY INTO OBJECT/PARKED VEHICLE,3,679371,Not at intersection,2,50,Local Road,ALLENDALE,NILLUMBIK,-37.68719,145.14626,2020,9,September,20,Night,Weekday
T20200017380,2020-09-30,11:05:00,1,Collision with vehicle,3,Wednesday,121,RIGHT THROUGH,1,748281,Cross intersection,2,70,Arterial Other,KINGS ROAD -TAYLORS,BRIMBANK,-37.72742,144.7823,2020,9,September,11,Midday,Weekday
T20200017385,2020-09-30,13:04:00,4,Collision with a fixed object,3,Wednesday,171,LEFT OFF CARRIAGEWAY INTO OBJECT/PARKED VEHICLE,1,671451,Not at intersection,2,80,Freeway,TULLAMARINE,MOONEE VALLEY,-37.735283,144.9,2020,9,September,13,Midday,Weekday
T20200017403,2020-09-30,16:30:00,4,Collision with a fixed object,3,Wednesday,171,LEFT OFF CARRIAGEWAY INTO OBJECT/PARKED VEHICLE,1,780804,Not at intersection,3,60,Arterial Other,JACKSONS,DANDENONG,-37.943794,145.19206,2020,9,September,16,Afternoon Peak,Weekday
T20200017415,2020-09-30,20:57:00,4,Collision with a fixed object,3,Wednesday,173,RIGHT OFF CARRIAGEWAY INTO OBJECT/PARKED VEHICLE,3,669000,Not at intersection,2,60,Arterial Other,SPRINGVALE,KINGSTON,-38.034245,145.12181,2020,9,September,20,Night,Weekday
T20200018413,2020-09-30,17:30:00,8,No collision and no object struck,3,Wednesday,170,OFF CARRIAGEWAY TO LEFT,2,665385,Not at intersection,3,100,Arterial Other,MURTOA-GLENORCHY,YARRIAMBIACK,-36.737415,142.513,2020,9,September,17,Afternoon Peak,Weekday
T20200017392,2020-09-30,15:35:00,1,Collision with vehicle,3,Wednesday,130,REAR END(VEHICLES IN SAME LANE),1,73514,Cross intersection,3,50,Arterial Other,CORANGAMITE,COLAC OTWAY,-38.340992,143.58447,2020,9,September,15,Afternoon Peak,Weekday
T20200017428,2020-09-30,20:26:00,1,Collision with vehicle,3,Wednesday,160,VEHICLE COLLIDES WITH VEHICLE PARKED ON LEFT OF ROAD,3,668990,Not at intersection,3,50,Local Road,LIBERTY,KNOX,-37.928806,145.24174,2020,9,September,20,Night,Weekday
T20210014147,2020-09-30,20:37:00,1,Collision with vehicle,3,Wednesday,113,RIGHT NEAR (INTERSECTIONS ONLY),3,687415,Cross intersection,3,40,Arterial Other,ANZAC,LATROBE,-38.174885,146.26526,2020,9,September,20,Night,Weekday
T20200017413,2020-09-30,19:51:00,1,Collision with vehicle,3,Wednesday,147,VEHICLE STRIKES ANOTHER VEH WHILE EMERGING FROM DRIVEWAY,3,664756,Not at intersection,2,80,Arterial Other,BORONIA,KNOX,-37.84869,145.2312,2020,9,September,19,Night,Weekday
T20200017365,2020-09-30,07:25:00,1,Collision with vehicle,3,Wednesday,130,REAR END(VEHICLES IN SAME LANE),1,663355,Multiple intersection,3,40,Freeway,CALDER IN-WESTERN RING OUT,BRIMBANK,-37.725643,144.86205,2020,9,September,7,Morning Peak,Weekday
T20200017372,2020-09-30,06:49:00,4,Collision with a fixed object,3,Wednesday,173,RIGHT OFF CARRIAGEWAY INTO OBJECT/PARKED VEHICLE,1,663879,Not at intersection,1,80,Arterial Other,BORONIA,KNOX,-37.854366,145.24846,2020,9,September,6,Morning Peak,Weekday
T20200017389,2020-09-30,13:45:00,1,Collision with vehicle,3,Wednesday,113,RIGHT NEAR (INTERSECTIONS ONLY),1,663437,T intersection,3,60,Arterial Other,RIVERSDALE,BOROONDARA,-37.829105,145.03723,2020,9,September,13,Midday,Weekday
T20200017402,2020-09-30,14:09:00,6,Vehicle overturned (no collision),3,Wednesday,174,OUT OF CONTROL ON CARRIAGEWAY (ON STRAIGHT),1,663607,Not at intersection,2,50,Local Road,WALLENJOE,BENDIGO,-36.697475,144.30823,2020,9,September,14,Midday,Weekday
T20200017408,2020-09-30,16:30:00,1,Collision with vehicle,3,Wednesday,110,CROSS TRAFFIC(INTERSECTIONS ONLY),1,39774,Cross intersection,2,60,Arterial Other,MT DANDENONG,MAROONDAH,-37.799644,145.28981,2020,9,September,16,Afternoon Peak,Weekday
T20200017401,2020-09-30,13:57:00,1,Collision with vehicle,3,Wednesday,132,RIGHT REAR.,1,667687,Cross intersection,2,80,Arterial Highway,MELBOURNE ROAD -PRINCES,GEELONG,-38.09879,144.35527,2020,9,September,13,Midday,Weekday
T20200017397,2020-09-30,09:40:00,1,Collision with vehicle,3,Wednesday,113,RIGHT NEAR (INTERSECTIONS ONLY),1,666250,T intersection,2,80,Arterial Other,MOUNTAIN,KNOX,-37.84887,145.22722,2020,9,September,9,Morning Peak,Weekday
T20200017364,2020-09-30,07:30:00,1,Collision with vehicle,3,Wednesday,162,ACCIDENT OR BROKEN DOWN,1,663606,Not at intersection,2,80,Arterial Other,THOMPSON,FRANKSTON,-38.071842,145.1925,2020,9,September,7,Morning Peak,Weekday
T20200017373,2020-09-30,09:34:00,4,Collision with a fixed object,3,Wednesday,173,RIGHT OFF CARRIAGEWAY INTO OBJECT/PARKED VEHICLE,1,663640,Not at intersection,2,60,Arterial Other,WALLACE,COLAC OTWAY,-38.34089,143.60255,2020,9,September,9,Morning Peak,Weekday
T20200019113,2020-10-01,12:35:00,7,Fall from or in moving vehicle,4,Thursday,190,FELL IN/FROM VEHICLE,9,666267,Not at intersection,2,60,Arterial Highway,DEAKIN,MILDURA,-34.192028,142.15446,2020,10,October,12,Midday,Weekday
T20200017556,2020-10-01,11:00:00,6,Vehicle overturned (no collision),4,Thursday,189,OTHER ACCIDENTS ON CURVE NOT INCLUDED IN DCAs 180-184,1,776894,T intersection,3,100,Local Road,TARRONE,MOYNE,-38.217533,142.19296,2020,10,October,11,Midday,Weekday
T20200017705,2020-10-01,16:50:00,6,Vehicle overturned (no collision),4,Thursday,179,OTHER ACCIDENTS-OFF STRAIGHT NOT INCLUDED IN DCAs 170-175,1,301467,T intersection,3,60,Local Road,HORSESHOE BEND,SURF COAST,-38.3121,144.33904,2020,10,October,16,Afternoon Peak,Weekday
T20200017450,2020-10-01,11:15:00,1,Collision with vehicle,4,Thursday,133,LANE SIDE SWIPE (VEHICLES IN PARALLEL LANES),1,68997,Y intersection,3,40,Local Road,HAUGHTON,MONASH,-37.90129,145.08899,2020,10,October,11,Midday,Weekday
T20200020531,2020-10-01,18:05:00,8,No collision and no object struck,4,Thursday,180,OFF CARRIAGEWAY ON RIGHT BEND,1,667718,Not at intersection,3,100,Arterial Other,BONEGILLA,WODONGA,-36.11127,147.01343,2020,10,October,18,Afternoon Peak,Weekday
T20200017451,2020-10-01,14:40:00,1,Collision with vehicle,4,Thursday,131,LEFT REAR,1,1309,Cross intersection,2,80,Arterial Other,MICKLEHAM,HUME,-37.562,144.87666,2020,10,October,14,Midday,Weekday
T20200017443,2020-10-01,08:14:00,2,Struck Pedestrian,4,Thursday,103,PED PLAYING/LYING/WORKING/STANDING ON CARRIAGEWAY.,1,664963,Not at intersection,2,40,Local Road,MCCUBBIN,BRIMBANK,-37.693375,144.7744,2020,10,October,8,Morning Peak,Weekday
T20200017423,2020-10-01,01:50:00,3,Struck animal,4,Thursday,167,STRUCK ANIMAL,5,663438,Not at intersection,2,100,Local Road,EXFORD,MELTON,-37.74304,144.5346,2020,10,October,1,Late Night,Weekday
T20200017484,2020-10-01,19:50:00,1,Collision with vehicle,4,Thursday,113,RIGHT NEAR (INTERSECTIONS ONLY),3,29565,T intersection,2,60,Arterial Highway,WHITEHORSE,WHITEHORSE,-37.8189,145.13062,2020,10,October,19,Night,Weekday
T20200017448,2020-10-01,11:30:00,1,Collision with vehicle,4,Thursday,121,RIGHT THROUGH,1,57552,Cross intersection,3,80,Arterial Highway,WARRIGAL,STONNINGTON,-37.892857,145.08824,2020,10,October,11,Midday,Weekday
T20200017421,2020-10-01,01:00:00,1,Collision with vehicle,4,Thursday,160,VEHICLE COLLIDES WITH VEHICLE PARKED ON LEFT OF ROAD,3,729947,Not at intersection,3,60,Local Road,ONTARIO,MILDURA,-34.19243,142.13383,2020,10,October,1,Late Night,Weekday
T20200017446,2020-10-01,12:00:00,1,Collision with vehicle,4,Thursday,121,RIGHT THROUGH,1,39092,T intersection,3,60,Arterial Other,CANTERBURY,BOROONDARA,-37.82226,145.0657,2020,10,October,12,Midday,Weekday
T20200017458,2020-10-01,14:50:00,1,Collision with vehicle,4,Thursday,110,CROSS TRAFFIC(INTERSECTIONS ONLY),1,37563,Cross intersection,3,50,Arterial Other,CLARENDON,PORT PHILLIP,-37.837406,144.9626,2020,10,October,14,Midday,Weekday
T20200017426,2020-10-01,07:50:00,8,No collision and no object struck,4,Thursday,179,OTHER ACCIDENTS-OFF STRAIGHT NOT INCLUDED IN DCAs 170-175,1,43538,Cross intersection,3,70,Local Road,MCCLELLAND,FRANKSTON,-38.17756,145.16537,2020,10,October,7,Morning Peak,Weekday
T20200017463,2020-10-01,18:00:00,1,Collision with vehicle,4,Thursday,121,RIGHT THROUGH,1,35408,Cross intersection,2,60,Arterial Other,HIGH,MELBOURNE,-37.85022,144.98064,2020,10,October,18,Afternoon Peak,Weekday
T20200017628,2020-10-01,17:20:00,1,Collision with vehicle,4,Thursday,149,OTHER MANOEUVRING NOT INCLUDED IN DCAs 140-148,1,729949,Not at intersection,3,60,Arterial Highway,NORTH,MONASH,-37.91218,145.10693,2020,10,October,17,Afternoon Peak,Weekday
T20200017467,2020-10-01,19:18:00,1,Collision with vehicle,4,Thursday,130,REAR END(VEHICLES IN SAME LANE),3,663509,Not at intersection,3,50,Arterial Other,PRINCES,MELBOURNE,-37.792286,144.96863,2020,10,October,19,Night,Weekday
T20200017468,2020-10-01,16:15:00,1,Collision with vehicle,4,Thursday,142,LEAVING PARKING,1,773394,Not at intersection,2,50,Local Road,PAKINGTON,GEELONG,-38.134827,144.34944,2020,10,October,16,Afternoon Peak,Weekday
T20200017425,2020-10-01,07:10:00,1,Collision with vehicle,4,Thursday,121,RIGHT THROUGH,2,38105,T intersection,3,40,Arterial Other,HEIDELBERG,YARRA,-37.78107,145.02951,2020,10,October,7,Morning Peak,Weekday
T20200017507,2020-10-01,15:30:00,2,Struck Pedestrian,4,Thursday,107,PED ON FOOTHPATH STRUCK BY VEHENTERING/LEAVING DRIVEWAY.,1,667587,Not at intersection,2,60,Arterial Other,PARK,CENTRAL GOLDFIELDS,-37.027378,143.74838,2020,10,October,15,Afternoon Peak,Weekday
T20200017433,2020-10-01,10:00:00,2,Struck Pedestrian,4,Thursday,100,PED NEAR SIDE. PED HIT BY VEHICLE FROM THE RIGHT.,1,666960,Not at intersection,2,50,Local Road,ROOKS,WHITEHORSE,-37.81782,145.18542,2020,10,October,10,Midday,Weekday
T20200017441,2020-10-01,11:30:00,1,Collision with vehicle,4,Thursday,132,RIGHT REAR.,1,666570,Not at intersection,1,60,Local Road,VICTORIA,HOBSONS BAY,-37.869,144.78719,2020,10,October,11,Midday,Weekday
T20200017456,2020-10-01,13:15:00,4,Collision with a fixed object,4,Thursday,171,LEFT OFF CARRIAGEWAY INTO OBJECT/PARKED VEHICLE,1,663929,Not at intersection,2,100,Arterial Highway,HENTY,YARRIAMBIACK,-35.96013,142.41302,2020,10,October,13,Midday,Weekday
T20200017460,2020-10-01,16:10:00,1,Collision with vehicle,4,Thursday,110,CROSS TRAFFIC(INTERSECTIONS ONLY),1,664175,Cross intersection,2,100,Arterial Highway,SOUTH GIPPSLAND,SOUTH GIPPSLAND,-38.496727,145.95197,2020,10,October,16,Afternoon Peak,Weekday
T20200017476,2020-10-02,06:28:00,1,Collision with vehicle,5,Friday,121,RIGHT THROUGH,1,57187,Cross intersection,3,70,Arterial Other,EDGARS,WHITTLESEA,-37.64975,145.00542,2020,10,October,6,Morning Peak,Weekday
T20200017474,2020-10-02,00:15:00,4,Collision with a fixed object,5,Friday,171,LEFT OFF CARRIAGEWAY INTO OBJECT/PARKED VEHICLE,3,747686,Not at intersection,2,100,Freeway,SOUTH GIPPSLAND,CASEY,-38.020477,145.24835,2020,10,October,0,Late Night,Weekday
T20200017482,2020-10-02,09:10:00,1,Collision with vehicle,5,Friday,110,CROSS TRAFFIC(INTERSECTIONS ONLY),1,713,Cross intersection,3,80,Arterial Highway,DANDENONG,MONASH,-37.91125,145.12233,2020,10,October,9,Morning Peak,Weekday
T20200017818,2020-10-02,23:00:00,4,Collision with a fixed object,5,Friday,181,OFF RIGHT BEND INTO OBJECT/PARKED VEHICLE,5,667653,Not at intersection,3,100,Local Road,ALBACUTYA,HINDMARSH,-35.81142,141.97284,2020,10,October,23,Night,Weekday
T20200018380,2020-10-02,18:08:00,1,Collision with vehicle,5,Friday,130,REAR END(VEHICLES IN SAME LANE),1,669799,Not at intersection,3,100,Freeway,WESTERN RING,HUME,-37.693134,144.938,2020,10,October,18,Afternoon Peak,Weekday
T20200018547,2020-10-02,15:30:00,1,Collision with vehicle,5,Friday,147,VEHICLE STRIKES ANOTHER VEH WHILE EMERGING FROM DRIVEWAY,1,664961,Not at intersection,2,80,Arterial Highway,FRANKSTON-DANDENONG,DANDENONG,-38.01502,145.21532,2020,10,October,15,Afternoon Peak,Weekday
T20200017577,2020-10-02,17:00:00,1,Collision with vehicle,5,Friday,163,VEHICLE STRIKES DOOR OF PARKED/STATIONARY VEHICLE,1,667659,Not at intersection,3,40,Local Road,CHAPEL,STONNINGTON,-37.854908,144.99278,2020,10,October,17,Afternoon Peak,Weekday
T20200017655,2020-10-02,07:35:00,2,Struck Pedestrian,5,Friday,107,PED ON FOOTHPATH STRUCK BY VEHENTERING/LEAVING DRIVEWAY.,2,665799,Not at intersection,3,40,Local Road,QUEENS,PORT PHILLIP,-37.83854,144.97507,2020,10,October,7,Morning Peak,Weekday
T20200017611,2020-10-02,20:30:00,2,Struck Pedestrian,5,Friday,194,PARKED CAR RUN AWAY,3,663514,Not at intersection,3,50,Local Road,LOCKHART,BOROONDARA,-37.83501,145.08838,2020,10,October,20,Night,Weekday
T20200017568,2020-10-02,15:40:00,1,Collision with vehicle,5,Friday,120,HEAD ON (NOT OVERTAKING),1,666133,Not at intersection,2,80,Arterial Other,BEECHWORTH-CHILTERN,INDIGO,-36.334805,146.68759,2020,10,October,15,Afternoon Peak,Weekday
T20200017530,2020-10-02,23:59:00,1,Collision with vehicle,5,Friday,183,OFF LEFT BEND INTO OBJECT/PARKED VEHICLE,5,669961,Not at intersection,2,60,Arterial Other,HATTAM,BENDIGO,-36.781746,144.26881,2020,10,October,23,Night,Weekday
T20200017528,2020-10-02,21:44:00,4,Collision with a fixed object,5,Friday,183,OFF LEFT BEND INTO OBJECT/PARKED VEHICLE,3,664884,Not at intersection,2,50,Local Road,TARCOOLA,BANYULE,-37.72547,145.10516,2020,10,October,21,Night,Weekday
T20200017523,2020-10-02,18:30:00,1,Collision with vehicle,5,Friday,121,RIGHT THROUGH,2,779892,Cross intersection,3,60,Arterial Other,CAMP,HUME,-37.68613,144.9268,2020,10,October,18,Afternoon Peak,Weekday
T20200017521,2020-10-02,17:48:00,1,Collision with vehicle,5,Friday,130,REAR END(VEHICLES IN SAME LANE),1,704080,Not at intersection,2,80,Arterial Highway,CHELTENHAM,DANDENONG,-37.994457,145.17557,2020,10,October,17,Afternoon Peak,Weekday
T20200017550,2020-10-02,16:00:00,1,Collision with vehicle,5,Friday,110,CROSS TRAFFIC(INTERSECTIONS ONLY),1,37503,Cross intersection,3,50,Local Road,KERFERD,PORT PHILLIP,-37.84684,144.95372,2020,10,October,16,Afternoon Peak,Weekday
T20200017491,2020-10-02,11:40:00,2,Struck Pedestrian,5,Friday,100,PED NEAR SIDE. PED HIT BY VEHICLE FROM THE RIGHT.,1,57789,T intersection,2,50,Arterial Other,CHANDLER,DANDENONG,-37.97417,145.18573,2020,10,October,11,Midday,Weekday
T20200017500,2020-10-02,12:15:00,2,Struck Pedestrian,5,Friday,100,PED NEAR SIDE. PED HIT BY VEHICLE FROM THE RIGHT.,1,663443,Cross intersection,3,60,Arterial Other,MELVILLE,MORELAND,-37.758602,144.94487,2020,10,October,12,Midday,Weekday
T20200017504,2020-10-02,11:40:00,1,Collision with vehicle,5,Friday,130,REAR END(VEHICLES IN SAME LANE),1,675007,Not at intersection,2,70,Local Road,BERGINS,KNOX,-37.940495,145.24367,2020,10,October,11,Midday,Weekday
T20200017505,2020-10-02,13:25:00,1,Collision with vehicle,5,Friday,116,LEFT NEAR (INTERSECTIONS ONLY),1,36943,T intersection,3,50,Local Road,ENTERPRISE,CASEY,-38.035427,145.26526,2020,10,October,13,Midday,Weekday
T20200017509,2020-10-02,15:35:00,1,Collision with vehicle,5,Friday,130,REAR END(VEHICLES IN SAME LANE),1,663444,Not at intersection,3,80,Local Road,HALL,FRANKSTON,-38.10618,145.2271,2020,10,October,15,Afternoon Peak,Weekday
T20200017512,2020-10-02,14:40:00,6,Vehicle overturned (no collision),5,Friday,184,OUT OF CONTROL ON CARRIAGEWAY (ON BEND),1,664757,Not at intersection,2,100,Arterial Other,MT VICTORY,NORTHERN GRAMPIANS,-37.10929,142.40019,2020,10,October,14,Midday,Weekday
T20200017516,2020-10-02,16:48:00,4,Collision with a fixed object,5,Friday,173,RIGHT OFF CARRIAGEWAY INTO OBJECT/PARKED VEHICLE,1,663609,Not at intersection,2,70,Local Road,ROBBS,WYNDHAM,-37.940086,144.71329,2020,10,October,16,Afternoon Peak,Weekday
T20200017519,2020-10-02,18:30:00,1,Collision with vehicle,5,Friday,160,VEHICLE COLLIDES WITH VEHICLE PARKED ON LEFT OF ROAD,3,672184,Not at intersection,3,50,Local Road,THE AVENUE,STONNINGTON,-37.8541,144.9982,2020,10,October,18,Afternoon Peak,Weekday
T20200017480,2020-10-02,06:57:00,1,Collision with vehicle,5,Friday,120,HEAD ON (NOT OVERTAKING),1,773520,Not at intersection,3,80,Local Road,TROUPS,MELTON,-37.754665,144.66638,2020,10,October,6,Morning Peak,Weekday
T20200017479,2020-10-02,06:20:00,1,Collision with vehicle,5,Friday,121,RIGHT THROUGH,1,67861,T intersection,2,70,Arterial Other,HIGH STREET,MONASH,-37.86677,145.10143,2020,10,October,6,Morning Peak,Weekday
T20200022942,2020-10-02,15:30:00,1,Collision with vehicle,5,Friday,130,REAR END(VEHICLES IN SAME LANE),1,682829,Not at intersection,2,70,Arterial Other,SYDNEY,MORELAND,-37.692944,144.95851,2020,10,October,15,Afternoon Peak,Weekday
T20200017551,2020-10-02,17:50:00,2,Struck Pedestrian,5,Friday,101,PED EMERGES FROM IN FRONT OF PARKED OR STATIONARY VEHICLE,2,77597,Not at intersection,3,60,Arterial Other,BRIDGE,YARRA,-37.818035,144.99435,2020,10,October,17,Afternoon Peak,Weekday
T20200017478,2020-10-02,06:50:00,1,Collision with vehicle,5,Friday,110,CROSS TRAFFIC(INTERSECTIONS ONLY),1,714,Cross intersection,2,60,Arterial Other,WAVERLEY,MONASH,-37.884705,145.12735,2020,10,October,6,Morning Peak,Weekday
T20200017923,2020-10-03,09:45:00,1,Collision with vehicle,6,Saturday,113,RIGHT NEAR (INTERSECTIONS ONLY),1,35374,T intersection,2,60,Arterial Highway,PUNT,MELBOURNE,-37.82312,144.98909,2020,10,October,9,Morning Peak,Weekend