ACCIDENT_NO,ACCIDENT_DATE,ACCIDENT_TIME,ACCIDENT_TYPE,ACCIDENT_TYPE_DESC,DAY_OF_WEEK,DAY_WEEK_DESC,DCA_CODE,DCA_DESC,LIGHT_CONDITION,NODE_ID,ROAD_GEOMETRY_DESC,SEVERITY,SPEED_ZONE,RMA,ROAD_NAME,LGA_NAME,LATITUDE,LONGITUDE,YEAR,MONTH,MONTH_NAME,HOUR,TIME_PERIOD,DAY_TYPE
T20200017580,2020-10-03,15:40:00,4,Collision with a fixed object,6,Saturday,179,OTHER ACCIDENTS-OFF STRAIGHT NOT INCLUDED IN DCAs 170-175,1,670478,T intersection,3,50,Local Road,LYNDHURST,HUME,-37.682526,144.89137,2020,10,October,15,Afternoon Peak,Weekend
T20200018176,2020-10-03,09:30:00,6,Vehicle overturned (no collision),6,Saturday,174,OUT OF CONTROL ON CARRIAGEWAY (ON STRAIGHT),9,43915,Cross intersection,3,80,Arterial Other,CLYDE-FIVE WAYS,CASEY,-38.118744,145.32716,2020,10,October,9,Morning Peak,Weekend
T20200017564,2020-10-03,13:30:00,4,Collision with a fixed object,6,Saturday,171,LEFT OFF CARRIAGEWAY INTO OBJECT/PARKED VEHICLE,1,667724,Not at intersection,2,100,Freeway,PENINSULA LINK,MORNINGTON PENINSULA,-38.27056,145.07724,2020,10,October,13,Midday,Weekend
T20200017557,2020-10-03,11:00:00,4,Collision with a fixed object,6,Saturday,171,LEFT OFF CARRIAGEWAY INTO OBJECT/PARKED VEHICLE,1,666253,Not at intersection,2,60,Local Road,GLENVALE,MANNINGHAM,-37.794662,145.21657,2020,10,October,11,Midday,Weekend
T20200017588,2020-10-03,21:35:00,4,Collision with a fixed object,6,Saturday,171,LEFT OFF CARRIAGEWAY INTO OBJECT/PARKED VEHICLE,3,52159,Cross intersection,2,60,Local Road,MONASH,LATROBE,-38.182137,146.29688,2020,10,October,21,Night,Weekend
T20200017567,2020-10-03,13:00:00,1,Collision with vehicle,6,Saturday,130,REAR END(VEHICLES IN SAME LANE),1,663511,T intersection,3,80,Freeway,PRINCES OUT-CLYDE,CASEY,-38.043972,145.34132,2020,10,October,13,Midday,Weekend
T20200017558,2020-10-03,12:15:00,1,Collision with vehicle,6,Saturday,121,RIGHT THROUGH,1,56336,T intersection,3,50,Arterial Other,NEERIM,GLEN EIRA,-37.88816,145.05324,2020,10,October,12,Midday,Weekend
T20200017742,2020-10-03,13:45:00,1,Collision with vehicle,6,Saturday,163,VEHICLE STRIKES DOOR OF PARKED/STATIONARY VEHICLE,1,666353,Not at intersection,2,50,Arterial Other,VICTORIA,YARRA,-37.810314,144.99817,2020,10,October,13,Midday,Weekend
T20200017586,2020-10-03,20:30:00,1,Collision with vehicle,6,Saturday,121,RIGHT THROUGH,3,251441,Cross intersection,2,60,Local Road,FINDON,WHITTLESEA,-37.64225,145.06921,2020,10,October,20,Night,Weekend
T20200017764,2020-10-03,14:45:00,8,No collision and no object struck,6,Saturday,184,OUT OF CONTROL ON CARRIAGEWAY (ON BEND),1,682515,Not at intersection,3,60,Local Road,TANTARABOO,MITCHELL,-37.234665,144.83258,2020,10,October,14,Midday,Weekend
T20200017562,2020-10-03,10:00:00,4,Collision with a fixed object,6,Saturday,151,OUT OF CONTROL (OVERTAKING),1,663780,Not at intersection,3,100,Arterial Highway,DANDENONG-HASTINGS,MORNINGTON PENINSULA,-38.267212,145.1965,2020,10,October,10,Midday,Weekend
T20200017578,2020-10-03,17:19:00,1,Collision with vehicle,6,Saturday,132,RIGHT REAR.,1,67379,T intersection,3,60,Arterial Other,HIGHBURY,MONASH,-37.855,145.10948,2020,10,October,17,Afternoon Peak,Weekend
T20200017864,2020-10-03,17:00:00,7,Fall from or in moving vehicle,6,Saturday,190,FELL IN/FROM VEHICLE,1,667714,Not at intersection,3,50,Local Road,STONY CREEK,ALPINE,-36.851402,147.08011,2020,10,October,17,Afternoon Peak,Weekend
T20200017560,2020-10-03,13:00:00,1,Collision with vehicle,6,Saturday,130,REAR END(VEHICLES IN SAME LANE),1,664177,Not at intersection,3,100,Arterial Highway,BASS,BASS COAST,-38.616573,145.74153,2020,10,October,13,Midday,Weekend
T20200017582,2020-10-03,16:55:00,1,Collision with vehicle,6,Saturday,110,CROSS TRAFFIC(INTERSECTIONS ONLY),1,305836,Cross intersection,2,50,Arterial Highway,HIGH,MANSFIELD,-37.052032,146.08836,2020,10,October,16,Afternoon Peak,Weekend
T20200017543,2020-10-03,02:13:00,4,Collision with a fixed object,6,Saturday,181,OFF RIGHT BEND INTO OBJECT/PARKED VEHICLE,5,670284,Not at intersection,1,60,Local Road,LAKE BOGA-ULTIMA,SWAN HILL,-35.467503,143.26817,2020,10,October,2,Late Night,Weekend
T20200017535,2020-10-03,00:40:00,4,Collision with a fixed object,6,Saturday,181,OFF RIGHT BEND INTO OBJECT/PARKED VEHICLE,5,669872,Not at intersection,2,100,Local Road,LOCK 10,MILDURA,-34.140354,141.91725,2020,10,October,0,Late Night,Weekend
T20200017555,2020-10-03,10:40:00,1,Collision with vehicle,6,Saturday,121,RIGHT THROUGH,1,35297,Cross intersection,3,40,Arterial Other,SYDNEY,MORELAND,-37.76084,144.9632,2020,10,October,10,Midday,Weekend
T20200017566,2020-10-03,14:00:00,1,Collision with vehicle,6,Saturday,113,RIGHT NEAR (INTERSECTIONS ONLY),1,346764,T intersection,2,60,Arterial Other,KEILOR,MOONEE VALLEY,-37.7398,144.89859,2020,10,October,14,Midday,Weekend
T20200017534,2020-10-03,02:21:00,4,Collision with a fixed object,6,Saturday,183,OFF LEFT BEND INTO OBJECT/PARKED VEHICLE,3,667727,Not at intersection,2,50,Local Road,JUNE,BAYSIDE,-37.94527,145.02359,2020,10,October,2,Late Night,Weekend
T20200017575,2020-10-03,16:50:00,4,Collision with a fixed object,6,Saturday,194,PARKED CAR RUN AWAY,1,663512,Not at intersection,2,50,Local Road,FAIRWEATHER,MELTON,-37.74449,144.74799,2020,10,October,16,Afternoon Peak,Weekend
T20200017572,2020-10-03,12:07:00,4,Collision with a fixed object,6,Saturday,173,RIGHT OFF CARRIAGEWAY INTO OBJECT/PARKED VEHICLE,1,739595,Not at intersection,3,100,Local Road,COCHRANES,WELLINGTON,-38.297405,147.15277,2020,10,October,12,Midday,Weekend
T20200017569,2020-10-03,10:00:00,1,Collision with vehicle,6,Saturday,120,HEAD ON (NOT OVERTAKING),1,669873,Not at intersection,2,100,Arterial Other,MAIN NEERIM,BAW BAW,-37.96792,145.95442,2020,10,October,10,Midday,Weekend
T20200017574,2020-10-03,16:30:00,1,Collision with vehicle,6,Saturday,113,RIGHT NEAR (INTERSECTIONS ONLY),1,54903,T intersection,2,60,Arterial Other,HAZELWOOD,LATROBE,-38.257313,146.48738,2020,10,October,16,Afternoon Peak,Weekend
T20200017552,2020-10-03,11:01:00,1,Collision with vehicle,6,Saturday,110,CROSS TRAFFIC(INTERSECTIONS ONLY),1,50672,Cross intersection,3,60,Arterial Highway,RAGLAN,WARRNAMBOOL,-38.37365,142.47757,2020,10,October,11,Midday,Weekend
T20200017773,2020-10-03,10:15:00,1,Collision with vehicle,6,Saturday,132,RIGHT REAR.,1,729408,Cross intersection,2,60,Arterial Other,CANTERBURY,WHITEHORSE,-37.836018,145.19531,2020,10,October,10,Midday,Weekend
T20200018520,2020-10-03,07:30:00,8,No collision and no object struck,6,Saturday,179,OTHER ACCIDENTS-OFF STRAIGHT NOT INCLUDED IN DCAs 170-175,2,36221,Cross intersection,3,60,Arterial Other,ROYAL,MELBOURNE,-37.792553,144.95845,2020,10,October,7,Morning Peak,Weekend
T20200019505,2020-10-03,20:30:00,1,Collision with vehicle,6,Saturday,110,CROSS TRAFFIC(INTERSECTIONS ONLY),3,63143,Cross intersection,3,60,Local Road,LINSEY,MORELAND,-37.743645,144.95285,2020,10,October,20,Night,Weekend
T20200017797,2020-10-03,19:27:00,4,Collision with a fixed object,6,Saturday,175,OFF END OF ROAD/T-INTERSECTION.,5,51126,T intersection,3,60,Local Road,FEIGLIN,SHEPPARTON,-36.39899,145.42537,2020,10,October,19,Night,Weekend
T20200017601,2020-10-03,09:45:00,4,Collision with a fixed object,6,Saturday,171,LEFT OFF CARRIAGEWAY INTO OBJECT/PARKED VEHICLE,1,663513,Not at intersection,2,100,Local Road,CAPTAINS GULLY,MOUNT ALEXANDER,-37.12502,144.01436,2020,10,October,9,Morning Peak,Weekend
T20200018458,2020-10-03,19:15:00,4,Collision with a fixed object,6,Saturday,171,LEFT OFF CARRIAGEWAY INTO OBJECT/PARKED VEHICLE,1,664870,Not at intersection,3,100,Local Road,LARPENT,COLAC OTWAY,-38.315376,143.49905,2020,10,October,19,Night,Weekend
T20200017600,2020-10-04,12:30:00,1,Collision with vehicle,7,Sunday,132,RIGHT REAR.,1,50254,T intersection,3,60,Arterial Other,GRUBB,GEELONG,-38.21295,144.5444,2020,10,October,12,Midday,Weekend
T20200017603,2020-10-04,11:16:00,1,Collision with vehicle,7,Sunday,148,VEHICLE OFF FOOTPATH STRIKES VEH ON CARRIAGEWAY,1,65638,T intersection,2,80,Arterial Other,DORSET,MAROONDAH,-37.807793,145.28833,2020,10,October,11,Midday,Weekend
T20200017605,2020-10-04,13:47:00,1,Collision with vehicle,7,Sunday,148,VEHICLE OFF FOOTPATH STRIKES VEH ON CARRIAGEWAY,1,37276,T intersection,3,50,Local Road,SOMERVILLE,CASEY,-38.031754,145.26428,2020,10,October,13,Midday,Weekend
T20200017609,2020-10-04,10:00:00,8,No collision and no object struck,7,Sunday,170,OFF CARRIAGEWAY TO LEFT,1,667763,Not at intersection,3,80,Arterial Other,BARWON HEADS,GEELONG,-38.265366,144.44481,2020,10,October,10,Midday,Weekend
T20200018783,2020-10-04,05:00:00,4,Collision with a fixed object,7,Sunday,173,RIGHT OFF CARRIAGEWAY INTO OBJECT/PARKED VEHICLE,5,669959,Not at intersection,2,50,Local Road,ELLEN,DANDENONG,-37.95529,145.14165,2020,10,October,5,Morning Peak,Weekend
T20200017617,2020-10-04,18:30:00,4,Collision with a fixed object,7,Sunday,173,RIGHT OFF CARRIAGEWAY INTO OBJECT/PARKED VEHICLE,2,668772,Not at intersection,2,100,Local Road,CULGOA-ULTIMA,SWAN HILL,-35.50683,143.20706,2020,10,October,18,Afternoon Peak,Weekend
T20200017619,2020-10-04,20:15:00,1,Collision with vehicle,7,Sunday,160,VEHICLE COLLIDES WITH VEHICLE PARKED ON LEFT OF ROAD,3,663781,Not at intersection,3,40,Local Road,VICTORIA,MORELAND,-37.76728,144.96428,2020,10,October,20,Night,Weekend
T20200017648,2020-10-04,20:19:00,1,Collision with vehicle,7,Sunday,140,U TURN,5,664143,Not at intersection,1,100,Arterial Other,COLAC-BALLARAT,GOLDEN PLAINS,-37.66444,143.83089,2020,10,October,20,Night,Weekend
T20200017613,2020-10-04,17:00:00,1,Collision with vehicle,7,Sunday,110,CROSS TRAFFIC(INTERSECTIONS ONLY),1,43460,Cross intersection,2,60,Local Road,WILLIAMS,FRANKSTON,-38.152542,145.12523,2020,10,October,17,Afternoon Peak,Weekend
T20200017612,2020-10-04,14:45:00,4,Collision with a fixed object,7,Sunday,181,OFF RIGHT BEND INTO OBJECT/PARKED VEHICLE,1,663930,Not at intersection,2,100,Arterial Other,BEECHWORTH-CHILTERN,INDIGO,-36.31414,146.67511,2020,10,October,14,Midday,Weekend
T20200017598,2020-10-04,09:40:00,4,Collision with a fixed object,7,Sunday,171,LEFT OFF CARRIAGEWAY INTO OBJECT/PARKED VEHICLE,1,42096,Cross intersection,2,80,Arterial Highway,NEPEAN,BAYSIDE,-37.92007,145.0221,2020,10,October,9,Morning Peak,Weekend
T20200018581,2020-10-05,15:00:00,1,Collision with vehicle,1,Monday,163,VEHICLE STRIKES DOOR OF PARKED/STATIONARY VEHICLE,1,667766,Not at intersection,3,50,Local Road,PARK,BAYSIDE,-37.912914,144.98953,2020,10,October,15,Afternoon Peak,Weekday
T20200017632,2020-10-05,08:27:00,1,Collision with vehicle,1,Monday,121,RIGHT THROUGH,1,39781,Cross intersection,3,60,Arterial Other,DORSET,MAROONDAH,-37.813393,145.28812,2020,10,October,8,Morning Peak,Weekday
T20200017623,2020-10-05,01:30:00,4,Collision with a fixed object,1,Monday,173,RIGHT OFF CARRIAGEWAY INTO OBJECT/PARKED VEHICLE,6,666963,Cross intersection,2,60,Arterial Other,BALLAN,WYNDHAM,-37.875507,144.61566,2020,10,October,1,Late Night,Weekday
T20200017634,2020-10-05,08:09:00,1,Collision with vehicle,1,Monday,120,HEAD ON (NOT OVERTAKING),1,773521,Not at intersection,3,100,Arterial Highway,NORTHERN,MITCHELL,-37.36306,144.96338,2020,10,October,8,Morning Peak,Weekday
T20200017637,2020-10-05,09:30:00,1,Collision with vehicle,1,Monday,130,REAR END(VEHICLES IN SAME LANE),1,663972,Multiple intersection,2,80,Freeway,PRINCES IN-KOO WEE RUP,CARDINIA,-38.09323,145.49092,2020,10,October,9,Morning Peak,Weekday
T20200017646,2020-10-05,10:38:00,1,Collision with vehicle,1,Monday,120,HEAD ON (NOT OVERTAKING),1,663880,Not at intersection,2,100,Local Road,SEYMOUR-PYALONG,MITCHELL,-37.125557,144.8794,2020,10,October,10,Midday,Weekday
T20200017622,2020-10-05,02:59:00,4,Collision with a fixed object,1,Monday,181,OFF RIGHT BEND INTO OBJECT/PARKED VEHICLE,3,664443,Not at intersection,2,60,Local Road,ROOKS,WHITEHORSE,-37.834965,145.18825,2020,10,October,2,Late Night,Weekday
T20200017669,2020-10-05,18:06:00,1,Collision with vehicle,1,Monday,113,RIGHT NEAR (INTERSECTIONS ONLY),1,1015,Cross intersection,3,80,Arterial Other,CLYDE,CASEY,-38.05993,145.33846,2020,10,October,18,Afternoon Peak,Weekday
T20200017647,2020-10-05,12:10:00,1,Collision with vehicle,1,Monday,110,CROSS TRAFFIC(INTERSECTIONS ONLY),1,35968,Cross intersection,2,50,Local Road,COBURG,MORELAND,-37.745583,144.97118,2020,10,October,12,Midday,Weekday
T20200017659,2020-10-05,15:46:00,1,Collision with vehicle,1,Monday,121,RIGHT THROUGH,1,891,T intersection,2,80,Arterial Highway,FRANKSTON-DANDENONG,DANDENONG,-38.00607,145.21704,2020,10,October,15,Afternoon Peak,Weekday
T20200017642,2020-10-05,10:22:00,4,Collision with a fixed object,1,Monday,151,OUT OF CONTROL (OVERTAKING),1,667764,Not at intersection,2,100,Arterial Other,MERRIANG,WHITTLESEA,-37.54693,145.03036,2020,10,October,10,Midday,Weekday
T20200018102,2020-10-05,07:00:00,8,No collision and no object struck,1,Monday,174,OUT OF CONTROL ON CARRIAGEWAY (ON STRAIGHT),1,633270,Cross intersection,3,60,Arterial Other,BOUNDARY ROAD -FOUNDATION,WYNDHAM,-37.812054,144.76591,2020,10,October,7,Morning Peak,Weekday
T20200017640,2020-10-05,10:50:00,1,Collision with vehicle,1,Monday,132,RIGHT REAR.,1,663610,T intersection,3,60,Local Road,ST HELENA,BANYULE,-37.68832,145.13379,2020,10,October,10,Midday,Weekday
T20200017643,2020-10-05,11:44:00,1,Collision with vehicle,1,Monday,121,RIGHT THROUGH,1,45391,T intersection,3,50,Local Road,GLADSTONE,MOONEE VALLEY,-37.768665,144.9217,2020,10,October,11,Midday,Weekday
T20210004234,2020-10-05,06:30:00,8,No collision and no object struck,1,Monday,184,OUT OF CONTROL ON CARRIAGEWAY (ON BEND),5,676811,Not at intersection,3,100,Freeway,FRANKSTON,FRANKSTON,-38.102238,145.14093,2020,10,October,6,Morning Peak,Weekday
T20200017784,2020-10-05,04:38:00,1,Collision with vehicle,1,Monday,160,VEHICLE COLLIDES WITH VEHICLE PARKED ON LEFT OF ROAD,3,663884,Not at intersection,3,60,Arterial Other,ELONERA,DANDENONG,-37.95701,145.19165,2020,10,October,4,Late Night,Weekday
T20200017660,2020-10-05,12:10:00,1,Collision with vehicle,1,Monday,110,CROSS TRAFFIC(INTERSECTIONS ONLY),1,59874,Cross intersection,3,60,Local Road,CHURCH,BENDIGO,-36.80324,144.2438,2020,10,October,12,Midday,Weekday
T20200018444,2020-10-05,04:15:00,4,Collision with a fixed object,1,Monday,141,U TURN INTO FIXED OBJECT/PARKED VEHICLE,3,669232,Not at intersection,3,60,Arterial Other,BAY,BAYSIDE,-37.953846,145.02112,2020,10,October,4,Late Night,Weekday
T20200017644,2020-10-05,13:00:00,1,Collision with vehicle,1,Monday,130,REAR END(VEHICLES IN SAME LANE),1,56447,T intersection,3,60,Arterial Highway,ARGYLE,LATROBE,-38.194633,146.54228,2020,10,October,13,Midday,Weekday
T20200018127,2020-10-05,18:45:00,1,Collision with vehicle,1,Monday,110,CROSS TRAFFIC(INTERSECTIONS ONLY),2,50822,Cross intersection,3,50,Local Road,MURPHY,MOIRA,-36.011063,146.00865,2020,10,October,18,Afternoon Peak,Weekday
T20200017639,2020-10-05,07:02:00,1,Collision with vehicle,1,Monday,121,RIGHT THROUGH,1,44311,Cross intersection,2,40,Arterial Other,SAYERS,WYNDHAM,-37.853886,144.74507,2020,10,October,7,Morning Peak,Weekday
T20210003867,2020-10-06,14:00:00,4,Collision with a fixed object,2,Tuesday,181,OFF RIGHT BEND INTO OBJECT/PARKED VEHICLE,1,676616,Not at intersection,3,100,Local Road,BRIDGE,WELLINGTON,-38.637066,146.7186,2020,10,October,14,Midday,Weekday
T20200017691,2020-10-06,11:53:00,1,Collision with vehicle,2,Tuesday,132,RIGHT REAR.,1,672098,T intersection,3,80,Arterial Other,FITZGERALD,BRIMBANK,-37.798862,144.78944,2020,10,October,11,Midday,Weekday
T20200017692,2020-10-06,09:49:00,4,Collision with a fixed object,2,Tuesday,171,LEFT OFF CARRIAGEWAY INTO OBJECT/PARKED VEHICLE,1,663882,Not at intersection,2,100,Local Road,NEAVES,LATROBE,-38.347942,146.57503,2020,10,October,9,Morning Peak,Weekday
T20200017746,2020-10-06,09:58:00,1,Collision with vehicle,2,Tuesday,130,REAR END(VEHICLES IN SAME LANE),1,50161,Multiple intersection,2,50,Arterial Other,BREAKWATER ROAD -FELLMONGERS,GEELONG,-38.17933,144.36758,2020,10,October,9,Morning Peak,Weekday
T20200017695,2020-10-06,12:48:00,1,Collision with vehicle,2,Tuesday,111,RIGHT FAR (INTERSECTIONS ONLY),1,43057,Cross intersection,3,60,Local Road,MASON,DANDENONG,-37.988308,145.21127,2020,10,October,12,Midday,Weekday
T20200017783,2020-10-06,23:28:00,1,Collision with vehicle,2,Tuesday,121,RIGHT THROUGH,3,671525,Not at intersection,3,60,Arterial Highway,STUD,DANDENONG,-37.984135,145.22093,2020,10,October,23,Night,Weekday
T20200018432,2020-10-06,11:15:00,1,Collision with vehicle,2,Tuesday,110,CROSS TRAFFIC(INTERSECTIONS ONLY),1,60481,Cross intersection,3,60,Arterial Other,HIGH,MACEDON RANGES,-37.357956,144.52711,2020,10,October,11,Midday,Weekday
T20200017810,2020-10-06,16:10:00,8,No collision and no object struck,2,Tuesday,179,OTHER ACCIDENTS-OFF STRAIGHT NOT INCLUDED IN DCAs 170-175,1,668369,Not at intersection,3,60,Local Road,PIGDONS,GEELONG,-38.191467,144.30579,2020,10,October,16,Afternoon Peak,Weekday
T20200019114,2020-10-06,07:15:00,3,Struck animal,2,Tuesday,167,STRUCK ANIMAL,2,665829,Not at intersection,3,80,Arterial Other,BENALLA-TATONG,BENALLA,-36.72386,146.1038,2020,10,October,7,Morning Peak,Weekday
T20200019842,2020-10-06,14:15:00,1,Collision with vehicle,2,Tuesday,130,REAR END(VEHICLES IN SAME LANE),1,672047,Not at intersection,3,80,Arterial Highway,PLENTY,BANYULE,-37.686954,145.06775,2020,10,October,14,Midday,Weekday
T20200017699,2020-10-06,13:58:00,2,Struck Pedestrian,2,Tuesday,100,PED NEAR SIDE. PED HIT BY VEHICLE FROM THE RIGHT.,1,729951,T intersection,3,60,Arterial Highway,MIDLAND,SHEPPARTON,-36.379433,145.39586,2020,10,October,13,Midday,Weekday
T20200017727,2020-10-06,22:00:00,4,Collision with a fixed object,2,Tuesday,171,LEFT OFF CARRIAGEWAY INTO OBJECT/PARKED VEHICLE,3,780805,Not at intersection,3,50,Local Road,RAIL,MITCHELL,-37.371918,145.02866,2020,10,October,22,Night,Weekday
T20200017712,2020-10-06,18:01:00,5,collision with some other object,2,Tuesday,165,TEMPORARY ROADWORKS,1,667771,Not at intersection,2,80,Freeway,WESTERN RING,MORELAND,-37.693645,144.93488,2020,10,October,18,Afternoon Peak,Weekday
T20200017676,2020-10-06,01:00:00,4,Collision with a fixed object,2,Tuesday,171,LEFT OFF CARRIAGEWAY INTO OBJECT/PARKED VEHICLE,5,668938,Cross intersection,2,80,Local Road,HORSESHOE BEND,GEELONG,-38.239838,144.35286,2020,10,October,1,Late Night,Weekday
T20200017679,2020-10-06,06:30:00,8,No collision and no object struck,2,Tuesday,174,OUT OF CONTROL ON CARRIAGEWAY (ON STRAIGHT),2,666629,Not at intersection,2,60,Arterial Other,VICTORIA,YARRA,-37.8114,145.0092,2020,10,October,6,Morning Peak,Weekday
T20200018512,2020-10-06,17:20:00,1,Collision with vehicle,2,Tuesday,111,RIGHT FAR (INTERSECTIONS ONLY),1,263109,T intersection,3,70,Arterial Highway,NORTH,MONASH,-37.913914,145.12439,2020,10,October,17,Afternoon Peak,Weekday
T20200017715,2020-10-06,18:54:00,1,Collision with vehicle,2,Tuesday,140,U TURN,2,281975,T intersection,3,60,Arterial Other,MILLERS,HOBSONS BAY,-37.844063,144.84607,2020,10,October,18,Afternoon Peak,Weekday
T20200017734,2020-10-06,18:45:00,4,Collision with a fixed object,2,Tuesday,181,OFF RIGHT BEND INTO OBJECT/PARKED VEHICLE,2,669874,Not at intersection,3,100,Local Road,BOGGY CREEK,WANGARATTA,-36.717014,146.33376,2020,10,October,18,Afternoon Peak,Weekday
T20200017725,2020-10-06,20:45:00,1,Collision with vehicle,2,Tuesday,110,CROSS TRAFFIC(INTERSECTIONS ONLY),3,35078,Cross intersection,3,100,Freeway,PRINCES,CARDINIA,-38.075645,145.71494,2020,10,October,20,Night,Weekday
T20200017707,2020-10-06,17:20:00,1,Collision with vehicle,2,Tuesday,110,CROSS TRAFFIC(INTERSECTIONS ONLY),2,233917,Cross intersection,3,80,Local Road,DAVIS,WYNDHAM,-37.815388,144.65686,2020,10,October,17,Afternoon Peak,Weekday
T20200017683,2020-10-06,08:57:00,1,Collision with vehicle,2,Tuesday,110,CROSS TRAFFIC(INTERSECTIONS ONLY),1,52514,Cross intersection,3,30,Arterial Other,ELEVENTH,MILDURA,-34.197777,142.16722,2020,10,October,8,Morning Peak,Weekday
T20200018167,2020-10-06,17:10:00,1,Collision with vehicle,2,Tuesday,130,REAR END(VEHICLES IN SAME LANE),1,664439,Not at intersection,3,60,Local Road,MANCHESTER,YARRA RANGES,-37.78893,145.3104,2020,10,October,17,Afternoon Peak,Weekday
T20200017684,2020-10-06,09:00:00,1,Collision with vehicle,2,Tuesday,113,RIGHT NEAR (INTERSECTIONS ONLY),1,324500,T intersection,2,70,Local Road,LINTON,KINGSTON,-37.93416,145.04315,2020,10,October,9,Morning Peak,Weekday
T20200017721,2020-10-06,19:55:00,1,Collision with vehicle,2,Tuesday,131,LEFT REAR,3,663782,Not at intersection,2,70,Arterial Highway,BELLARINE,GEELONG,-38.17328,144.40112,2020,10,October,19,Night,Weekday
T20200019005,2020-10-07,19:07:00,1,Collision with vehicle,3,Wednesday,130,REAR END(VEHICLES IN SAME LANE),4,667778,Cross intersection,3,80,Arterial Other,MICKLEHAM,HUME,-37.589947,144.87958,2020,10,October,19,Night,Weekday
T20200017770,2020-10-07,17:30:00,4,Collision with a fixed object,3,Wednesday,183,OFF LEFT BEND INTO OBJECT/PARKED VEHICLE,1,674611,Not at intersection,2,100,Arterial Other,MANSFIELD-WOODS POINT,MANSFIELD,-37.21761,146.16231,2020,10,October,17,Afternoon Peak,Weekday
T20200017807,2020-10-07,15:36:00,1,Collision with vehicle,3,Wednesday,130,REAR END(VEHICLES IN SAME LANE),9,47579,T intersection,3,60,Local Road,CLIVE,CASEY,-38.02987,145.24983,2020,10,October,15,Afternoon Peak,Weekday
T20200018905,2020-10-07,17:10:00,1,Collision with vehicle,3,Wednesday,110,CROSS TRAFFIC(INTERSECTIONS ONLY),1,29756,Cross intersection,3,50,Local Road,GILBERT,DAREBIN,-37.718433,144.99342,2020,10,October,17,Afternoon Peak,Weekday
T20200017787,2020-10-07,21:30:00,4,Collision with a fixed object,3,Wednesday,183,OFF LEFT BEND INTO OBJECT/PARKED VEHICLE,3,670979,Not at intersection,2,60,Arterial Other,MEENIYAN-MIRBOO NORTH,SOUTH GIPPSLAND,-38.534367,146.09444,2020,10,October,21,Night,Weekday
T20200017796,2020-10-07,20:00:00,2,Struck Pedestrian,3,Wednesday,107,PED ON FOOTHPATH STRUCK BY VEHENTERING/LEAVING DRIVEWAY.,3,663974,Not at intersection,3,40,Local Road,GLENFERN,KNOX,-37.8893,145.28806,2020,10,October,20,Night,Weekday
T20200018234,2020-10-07,06:30:00,1,Collision with vehicle,3,Wednesday,130,REAR END(VEHICLES IN SAME LANE),2,680112,Not at intersection,3,100,Freeway,MONASH,CASEY,-37.996044,145.26826,2020,10,October,6,Morning Peak,Weekday
T20210025243,2020-10-07,13:30:00,1,Collision with vehicle,3,Wednesday,130,REAR END(VEHICLES IN SAME LANE),1,55100,Cross intersection,3,50,Local Road,AMBERLY PARK,CASEY,-38.05013,145.28468,2020,10,October,13,Midday,Weekday
T20200019026,2020-10-07,05:50:00,1,Collision with vehicle,3,Wednesday,132,RIGHT REAR.,2,729419,Not at intersection,3,100,Arterial Highway,DANDENONG-HASTINGS,FRANKSTON,-38.19965,145.2159,2020,10,October,5,Morning Peak,Weekday
T20200017748,2020-10-07,10:40:00,1,Collision with vehicle,3,Wednesday,130,REAR END(VEHICLES IN SAME LANE),1,57482,T intersection,3,60,Arterial Other,CANTERBURY,WHITEHORSE,-37.827988,145.1152,2020,10,October,10,Midday,Weekday
T20200017788,2020-10-07,23:55:00,1,Collision with vehicle,3,Wednesday,130,REAR END(VEHICLES IN SAME LANE),3,761901,Not at intersection,3,80,Freeway,MONASH,DANDENONG,-37.95356,145.21667,2020,10,October,23,Night,Weekday
T20200017758,2020-10-07,12:10:00,2,Struck Pedestrian,3,Wednesday,102,FAR SIDE. PED HIT BY VEHICLE FROM THE LEFT,1,773395,Not at intersection,3,50,Local Road,RAYMOND,WELLINGTON,-38.10635,147.06552,2020,10,October,12,Midday,Weekday
T20200017761,2020-10-07,16:44:00,1,Collision with vehicle,3,Wednesday,110,CROSS TRAFFIC(INTERSECTIONS ONLY),1,44856,Cross intersection,3,50,Local Road,KRONK,BENDIGO,-36.77243,144.24017,2020,10,October,16,Afternoon Peak,Weekday
T20200017780,2020-10-07,20:05:00,1,Collision with vehicle,3,Wednesday,198,OTHER ACCIDENTS NOT CLASSIFIABLE ELSEWHERE,3,663883,Not at intersection,3,50,Local Road,ISABELLA,WYNDHAM,-37.838425,144.65727,2020,10,October,20,Night,Weekday
T20200017740,2020-10-07,08:25:00,1,Collision with vehicle,3,Wednesday,116,LEFT NEAR (INTERSECTIONS ONLY),1,666034,Cross intersection,2,80,Arterial Highway,STUD,KNOX,-37.92277,145.23416,2020,10,October,8,Morning Peak,Weekday
T20200017778,2020-10-07,17:09:00,4,Collision with a fixed object,3,Wednesday,171,LEFT OFF CARRIAGEWAY INTO OBJECT/PARKED VEHICLE,1,45540,T intersection,3,60,Arterial Other,MELVILLE,MORELAND,-37.749687,144.9464,2020,10,October,17,Afternoon Peak,Weekday