ACCIDENT_NO,ACCIDENT_DATE,ACCIDENT_TIME,ACCIDENT_TYPE,ACCIDENT_TYPE_DESC,DAY_OF_WEEK,DAY_WEEK_DESC,DCA_CODE,DCA_DESC,LIGHT_CONDITION,NODE_ID,ROAD_GEOMETRY_DESC,SEVERITY,SPEED_ZONE,RMA,ROAD_NAME,LGA_NAME,LATITUDE,LONGITUDE,YEAR,MONTH,MONTH_NAME,HOUR,TIME_PERIOD,DAY_TYPE
T20200017776,2020-10-07,14:15:00,1,Collision with vehicle,3,Wednesday,130,REAR END(VEHICLES IN SAME LANE),1,84267,Not at intersection,2,80,Arterial Other,BOUNDARY,WYNDHAM,-37.81458,144.7984,2020,10,October,14,Midday,Weekday
T20200018144,2020-10-07,16:30:00,6,Vehicle overturned (no collision),3,Wednesday,174,OUT OF CONTROL ON CARRIAGEWAY (ON STRAIGHT),1,664436,Cross intersection,3,50,Local Road,HICKFORD,DAREBIN,-37.7039,145.01665,2020,10,October,16,Afternoon Peak,Weekday
T20200017755,2020-10-07,14:30:00,1,Collision with vehicle,3,Wednesday,130,REAR END(VEHICLES IN SAME LANE),1,663973,Not at intersection,3,70,Arterial Highway,SETTLEMENT,GEELONG,-38.17544,144.35214,2020,10,October,14,Midday,Weekday
T20200017737,2020-10-07,08:40:00,4,Collision with a fixed object,3,Wednesday,179,OTHER ACCIDENTS-OFF STRAIGHT NOT INCLUDED IN DCAs 170-175,1,664181,Cross intersection,3,50,Local Road,FRISWELL,BENDIGO,-36.78398,144.2976,2020,10,October,8,Morning Peak,Weekday
T20200018105,2020-10-08,16:45:00,6,Vehicle overturned (no collision),4,Thursday,174,OUT OF CONTROL ON CARRIAGEWAY (ON STRAIGHT),1,664762,Cross intersection,3,50,Local Road,SILVERSTONE,CASEY,-38.121,145.25667,2020,10,October,16,Afternoon Peak,Weekday
T20200017871,2020-10-08,13:10:00,1,Collision with vehicle,4,Thursday,121,RIGHT THROUGH,1,668052,Not at intersection,3,70,Arterial Other,EDGARS,WHITTLESEA,-37.68808,145.00233,2020,10,October,13,Midday,Weekday
T20200017845,2020-10-08,20:15:00,2,Struck Pedestrian,4,Thursday,100,PED NEAR SIDE. PED HIT BY VEHICLE FROM THE RIGHT.,3,63516,Cross intersection,3,50,Arterial Other,BURGUNDY,BANYULE,-37.755733,145.06213,2020,10,October,20,Night,Weekday
T20200017826,2020-10-08,12:07:00,2,Struck Pedestrian,4,Thursday,100,PED NEAR SIDE. PED HIT BY VEHICLE FROM THE RIGHT.,1,44585,Cross intersection,2,60,Arterial Other,SOUTHERN,BANYULE,-37.742172,145.04782,2020,10,October,12,Midday,Weekday
T20200017861,2020-10-08,23:00:00,6,Vehicle overturned (no collision),4,Thursday,170,OFF CARRIAGEWAY TO LEFT,5,668059,T intersection,3,50,Local Road,EDGARS,WHITTLESEA,-37.61419,145.00546,2020,10,October,23,Night,Weekday
T20200018940,2020-10-08,11:00:00,1,Collision with vehicle,4,Thursday,142,LEAVING PARKING,1,665690,Not at intersection,3,50,Local Road,LIME,MILDURA,-34.183968,142.15976,2020,10,October,11,Midday,Weekday
T20200017839,2020-10-08,16:40:00,1,Collision with vehicle,4,Thursday,120,HEAD ON (NOT OVERTAKING),1,665800,Not at intersection,2,100,Arterial Highway,SOUTH GIPPSLAND,BASS COAST,-38.294434,145.55544,2020,10,October,16,Afternoon Peak,Weekday
T20200017841,2020-10-08,16:15:00,1,Collision with vehicle,4,Thursday,113,RIGHT NEAR (INTERSECTIONS ONLY),1,666134,T intersection,2,60,Local Road,TULLAMARINE PARK,BRIMBANK,-37.7146,144.86623,2020,10,October,16,Afternoon Peak,Weekday
T20200017848,2020-10-08,20:28:00,1,Collision with vehicle,4,Thursday,110,CROSS TRAFFIC(INTERSECTIONS ONLY),3,304737,Cross intersection,3,80,Local Road,POWER,CASEY,-37.97314,145.24226,2020,10,October,20,Night,Weekday
T20200017849,2020-10-08,21:20:00,2,Struck Pedestrian,4,Thursday,102,FAR SIDE. PED HIT BY VEHICLE FROM THE LEFT,3,234609,Cross intersection,2,70,Arterial Highway,WELLINGTON,MONASH,-37.91615,145.14015,2020,10,October,21,Night,Weekday
T20200017875,2020-10-08,16:00:00,8,No collision and no object struck,4,Thursday,175,OFF END OF ROAD/T-INTERSECTION.,1,664105,T intersection,2,50,Local Road,LOON,WYNDHAM,-37.861176,144.73393,2020,10,October,16,Afternoon Peak,Weekday
T20200018399,2020-10-08,10:00:00,8,No collision and no object struck,4,Thursday,149,OTHER MANOEUVRING NOT INCLUDED IN DCAs 140-148,1,670112,Not at intersection,3,50,Local Road,OLD ELTHAM,BANYULE,-37.731346,145.1237,2020,10,October,10,Midday,Weekday
T20200017791,2020-10-08,01:20:00,1,Collision with vehicle,4,Thursday,160,VEHICLE COLLIDES WITH VEHICLE PARKED ON LEFT OF ROAD,5,664367,Not at intersection,2,50,Local Road,FLINDERS,DAREBIN,-37.756306,145.0078,2020,10,October,1,Late Night,Weekday
T20200017836,2020-10-08,16:27:00,1,Collision with vehicle,4,Thursday,110,CROSS TRAFFIC(INTERSECTIONS ONLY),1,33879,Multiple intersection,3,60,Arterial Highway,ST KILDA,PORT PHILLIP,-37.85786,144.9831,2020,10,October,16,Afternoon Peak,Weekday
T20200017838,2020-10-08,18:00:00,1,Collision with vehicle,4,Thursday,140,U TURN,1,663977,Not at intersection,3,100,Arterial Highway,MIDLAND,HEPBURN,-37.269432,144.14159,2020,10,October,18,Afternoon Peak,Weekday
T20200017882,2020-10-08,06:20:00,3,Struck animal,4,Thursday,167,STRUCK ANIMAL,2,668046,Not at intersection,3,100,Arterial Highway,GREAT OCEAN,SURF COAST,-38.3797,144.20815,2020,10,October,6,Morning Peak,Weekday
T20200017829,2020-10-08,17:30:00,8,No collision and no object struck,4,Thursday,174,OUT OF CONTROL ON CARRIAGEWAY (ON STRAIGHT),1,663976,Not at intersection,2,60,Arterial Other,CHURCH,YARRA,-37.812214,145.00034,2020,10,October,17,Afternoon Peak,Weekday
T20200017798,2020-10-08,08:56:00,1,Collision with vehicle,4,Thursday,113,RIGHT NEAR (INTERSECTIONS ONLY),1,45558,T intersection,3,50,Local Road,FLEMING,MORELAND,-37.776222,144.94513,2020,10,October,8,Morning Peak,Weekday
T20200017801,2020-10-08,08:55:00,1,Collision with vehicle,4,Thursday,121,RIGHT THROUGH,1,32011,Cross intersection,3,80,Arterial Highway,PRINCES,EAST GIPPSLAND,-37.8204,147.66287,2020,10,October,8,Morning Peak,Weekday
T20200017805,2020-10-08,10:15:00,4,Collision with a fixed object,4,Thursday,183,OFF LEFT BEND INTO OBJECT/PARKED VEHICLE,1,668205,Not at intersection,2,80,Arterial Other,AVENUE OF HONOUR,MACEDON RANGES,-37.33826,144.52611,2020,10,October,10,Midday,Weekday
T20200017806,2020-10-08,12:11:00,1,Collision with vehicle,4,Thursday,132,RIGHT REAR.,1,19681,T intersection,3,60,Arterial Other,SPARROWHAWK,BENDIGO,-36.74738,144.2525,2020,10,October,12,Midday,Weekday
T20200018313,2020-10-08,11:30:00,1,Collision with vehicle,4,Thursday,130,REAR END(VEHICLES IN SAME LANE),1,226568,T intersection,3,40,Local Road,ERIN,YARRA,-37.816387,144.99115,2020,10,October,11,Midday,Weekday
T20200018871,2020-10-08,16:12:00,1,Collision with vehicle,4,Thursday,110,CROSS TRAFFIC(INTERSECTIONS ONLY),1,58082,Cross intersection,3,60,Local Road,GUYS HILL,BENDIGO,-36.8105,144.342,2020,10,October,16,Afternoon Peak,Weekday
T20200017795,2020-10-08,06:45:00,2,Struck Pedestrian,4,Thursday,100,PED NEAR SIDE. PED HIT BY VEHICLE FROM THE RIGHT.,1,664758,Cross intersection,2,60,Arterial Other,SYDNEY,MORELAND,-37.741253,144.96661,2020,10,October,6,Morning Peak,Weekday
T20200017811,2020-10-08,12:43:00,2,Struck Pedestrian,4,Thursday,102,FAR SIDE. PED HIT BY VEHICLE FROM THE LEFT,1,668019,T intersection,3,60,Local Road,SAYERS,WYNDHAM,-37.84492,144.6536,2020,10,October,12,Midday,Weekday
T20200017802,2020-10-08,08:55:00,1,Collision with vehicle,4,Thursday,135,LANE CHANGE LEFT (NOT OVERTAKING),1,668229,Not at intersection,3,100,Freeway,PRINCES,WYNDHAM,-37.837112,144.80072,2020,10,October,8,Morning Peak,Weekday
T20200017804,2020-10-08,10:00:00,1,Collision with vehicle,4,Thursday,130,REAR END(VEHICLES IN SAME LANE),1,663975,T intersection,3,70,Arterial Highway,LATROBE,GEELONG,-38.144493,144.35316,2020,10,October,10,Midday,Weekday
T20200017904,2020-10-09,05:45:00,1,Collision with vehicle,5,Friday,121,RIGHT THROUGH,2,353633,T intersection,2,80,Arterial Other,CRANBOURNE-FRANKSTON,CASEY,-38.109997,145.25334,2020,10,October,5,Morning Peak,Weekday
T20200017905,2020-10-09,21:10:00,1,Collision with vehicle,5,Friday,198,OTHER ACCIDENTS NOT CLASSIFIABLE ELSEWHERE,3,664428,Not at intersection,3,80,Arterial Other,HEATHERTON,DANDENONG,-37.97177,145.23079,2020,10,October,21,Night,Weekday
T20200017857,2020-10-09,05:30:00,1,Collision with vehicle,5,Friday,169,OTHER ON PATH,3,667689,Not at intersection,3,50,Local Road,IVAN,CASEY,-38.03764,145.26086,2020,10,October,5,Morning Peak,Weekday
T20200017903,2020-10-09,22:46:00,1,Collision with vehicle,5,Friday,160,VEHICLE COLLIDES WITH VEHICLE PARKED ON LEFT OF ROAD,3,692251,T intersection,3,60,Local Road,ALEXANDRA,PORT PHILLIP,-37.861965,145.00359,2020,10,October,22,Night,Weekday
T20200017892,2020-10-09,18:42:00,4,Collision with a fixed object,5,Friday,181,OFF RIGHT BEND INTO OBJECT/PARKED VEHICLE,2,668071,Not at intersection,2,70,Arterial Other,EMERALD-MONBULK,CARDINIA,-37.914433,145.44452,2020,10,October,18,Afternoon Peak,Weekday
T20200017890,2020-10-09,16:28:00,1,Collision with vehicle,5,Friday,135,LANE CHANGE LEFT (NOT OVERTAKING),1,663982,Not at intersection,3,80,Freeway,MONASH,BOROONDARA,-37.837696,145.036,2020,10,October,16,Afternoon Peak,Weekday
T20200018111,2020-10-09,10:30:00,1,Collision with vehicle,5,Friday,163,VEHICLE STRIKES DOOR OF PARKED/STATIONARY VEHICLE,1,664763,Not at intersection,2,60,Arterial Other,BEACH,KINGSTON,-37.990376,145.06282,2020,10,October,10,Midday,Weekday
T20200017880,2020-10-09,11:45:00,1,Collision with vehicle,5,Friday,113,RIGHT NEAR (INTERSECTIONS ONLY),1,48859,Cross intersection,2,60,Arterial Other,BEACONSFIELD-EMERALD,CARDINIA,-38.004837,145.40955,2020,10,October,11,Midday,Weekday
T20200017867,2020-10-09,14:30:00,1,Collision with vehicle,5,Friday,130,REAR END(VEHICLES IN SAME LANE),1,664427,Cross intersection,3,60,Arterial Other,STATION,DAREBIN,-37.76011,145.0213,2020,10,October,14,Midday,Weekday
T20200017889,2020-10-09,15:00:00,1,Collision with vehicle,5,Friday,110,CROSS TRAFFIC(INTERSECTIONS ONLY),1,51981,Multiple intersection,3,50,Local Road,CHURCH,EAST GIPPSLAND,-37.877823,147.9941,2020,10,October,15,Afternoon Peak,Weekday
T20200018386,2020-10-09,17:00:00,4,Collision with a fixed object,5,Friday,171,LEFT OFF CARRIAGEWAY INTO OBJECT/PARKED VEHICLE,1,664890,Not at intersection,2,60,Local Road,RIDGE,YARRA RANGES,-37.907063,145.40965,2020,10,October,17,Afternoon Peak,Weekday
T20200017860,2020-10-09,08:10:00,4,Collision with a fixed object,5,Friday,181,OFF RIGHT BEND INTO OBJECT/PARKED VEHICLE,1,665949,Not at intersection,3,80,Local Road,JUMBUK,LATROBE,-38.325005,146.33083,2020,10,October,8,Morning Peak,Weekday
T20200017897,2020-10-09,15:30:00,1,Collision with vehicle,5,Friday,130,REAR END(VEHICLES IN SAME LANE),1,663938,Not at intersection,1,100,Arterial Highway,SOUTH GIPPSLAND,SOUTH GIPPSLAND,-38.44633,145.85576,2020,10,October,15,Afternoon Peak,Weekday
T20200017888,2020-10-09,15:15:00,1,Collision with vehicle,5,Friday,130,REAR END(VEHICLES IN SAME LANE),1,43723,Cross intersection,3,60,Arterial Other,COBURNS,MELTON,-37.687576,144.56755,2020,10,October,15,Afternoon Peak,Weekday
T20200017886,2020-10-09,16:30:00,4,Collision with a fixed object,5,Friday,171,LEFT OFF CARRIAGEWAY INTO OBJECT/PARKED VEHICLE,1,664475,Not at intersection,2,100,Local Road,NICHOLS,MURRINDINDI,-37.462715,145.26697,2020,10,October,16,Afternoon Peak,Weekday
T20200017863,2020-10-09,09:10:00,4,Collision with a fixed object,5,Friday,175,OFF END OF ROAD/T-INTERSECTION.,1,59423,T intersection,2,50,Local Road,NAPIER,NORTHERN GRAMPIANS,-36.614998,143.25691,2020,10,October,9,Morning Peak,Weekday
T20200017928,2020-10-10,12:10:00,6,Vehicle overturned (no collision),6,Saturday,180,OFF CARRIAGEWAY ON RIGHT BEND,1,675900,T intersection,2,80,Arterial Other,HYLAND,WELLINGTON,-38.349075,146.71465,2020,10,October,12,Midday,Weekend
T20200017929,2020-10-10,13:20:00,4,Collision with a fixed object,6,Saturday,183,OFF LEFT BEND INTO OBJECT/PARKED VEHICLE,1,671679,Not at intersection,3,100,Local Road,THREE CHAIN,WELLINGTON,-37.913322,146.94379,2020,10,October,13,Midday,Weekend
T20200017932,2020-10-10,16:00:00,4,Collision with a fixed object,6,Saturday,164,PERMANENT OBSTRUCTION ON CARRIAGEWAY,1,666255,Not at intersection,3,100,Arterial Other,MELBOURNE LANCEFIELD,MACEDON RANGES,-37.391754,144.748,2020,10,October,16,Afternoon Peak,Weekend
T20200017936,2020-10-10,13:00:00,1,Collision with vehicle,6,Saturday,130,REAR END(VEHICLES IN SAME LANE),1,665201,Not at intersection,3,60,Arterial Other,LITTLE BOUNDARY,WYNDHAM,-37.81705,144.81749,2020,10,October,13,Midday,Weekend
T20200017940,2020-10-10,18:36:00,2,Struck Pedestrian,6,Saturday,100,PED NEAR SIDE. PED HIT BY VEHICLE FROM THE RIGHT.,1,52494,Cross intersection,2,50,Arterial Highway,DEAKIN,MILDURA,-34.18939,142.1572,2020,10,October,18,Afternoon Peak,Weekend
T20200017941,2020-10-10,19:07:00,1,Collision with vehicle,6,Saturday,130,REAR END(VEHICLES IN SAME LANE),2,668131,Not at intersection,3,60,Arterial Other,CRAIGIEBURN,HUME,-37.59755,144.92824,2020,10,October,19,Night,Weekend
T20200017942,2020-10-10,18:30:00,1,Collision with vehicle,6,Saturday,116,LEFT NEAR (INTERSECTIONS ONLY),1,52547,Cross intersection,2,80,Arterial Highway,FIFTEENTH,MILDURA,-34.243694,142.18057,2020,10,October,18,Afternoon Peak,Weekend
T20200017943,2020-10-10,18:00:00,1,Collision with vehicle,6,Saturday,110,CROSS TRAFFIC(INTERSECTIONS ONLY),1,22422,Cross intersection,3,100,Arterial Other,BLUE RIBBON,YARRIAMBIACK,-36.437496,142.22562,2020,10,October,18,Afternoon Peak,Weekend
T20200017946,2020-10-10,15:53:00,1,Collision with vehicle,6,Saturday,132,RIGHT REAR.,1,30015,T intersection,2,60,Arterial Other,GREAVES,CASEY,-38.05705,145.316,2020,10,October,15,Afternoon Peak,Weekend
T20200017960,2020-10-10,15:00:00,1,Collision with vehicle,6,Saturday,121,RIGHT THROUGH,1,668130,Multiple intersection,2,80,Arterial Highway,GREENSBOROUGH,BANYULE,-37.695274,145.09229,2020,10,October,15,Afternoon Peak,Weekend
T20200017981,2020-10-10,18:00:00,2,Struck Pedestrian,6,Saturday,109,ANY MANOEUVRE INVOLVING PED NOT INCLUDED IN DCAs 100-108.,1,664431,Not at intersection,3,50,Local Road,CAMERON,BANYULE,-37.698605,145.07545,2020,10,October,18,Afternoon Peak,Weekend
T20200018958,2020-10-10,22:49:00,1,Collision with vehicle,6,Saturday,111,RIGHT FAR (INTERSECTIONS ONLY),3,44311,Cross intersection,3,40,Arterial Other,SAYERS,WYNDHAM,-37.853886,144.74507,2020,10,October,22,Night,Weekend
T20200018169,2020-10-10,14:30:00,8,No collision and no object struck,6,Saturday,179,OTHER ACCIDENTS-OFF STRAIGHT NOT INCLUDED IN DCAs 170-175,1,664441,Not at intersection,3,40,Local Road,GLEN HUNTLY,GLEN EIRA,-37.885166,145.00774,2020,10,October,14,Midday,Weekend
T20200019024,2020-10-10,14:30:00,8,No collision and no object struck,6,Saturday,174,OUT OF CONTROL ON CARRIAGEWAY (ON STRAIGHT),1,665824,T intersection,3,60,Local Road,ROLORAN,MAROONDAH,-37.785316,145.30296,2020,10,October,14,Midday,Weekend
T20200017909,2020-10-10,02:12:00,4,Collision with a fixed object,6,Saturday,173,RIGHT OFF CARRIAGEWAY INTO OBJECT/PARKED VEHICLE,3,665033,Not at intersection,2,50,Local Road,EIGHTH,MILDURA,-34.174988,142.15059,2020,10,October,2,Late Night,Weekend
T20200017912,2020-10-10,05:10:00,4,Collision with a fixed object,6,Saturday,173,RIGHT OFF CARRIAGEWAY INTO OBJECT/PARKED VEHICLE,3,674625,Not at intersection,2,50,Local Road,DUKE,BRIMBANK,-37.784954,144.84624,2020,10,October,5,Morning Peak,Weekend
T20200017917,2020-10-10,06:00:00,5,collision with some other object,6,Saturday,173,RIGHT OFF CARRIAGEWAY INTO OBJECT/PARKED VEHICLE,9,668077,Not at intersection,3,80,Arterial Highway,PRINCES,EAST GIPPSLAND,-37.746403,148.17456,2020,10,October,6,Morning Peak,Weekend
T20200018055,2020-10-11,10:55:00,1,Collision with vehicle,7,Sunday,110,CROSS TRAFFIC(INTERSECTIONS ONLY),1,36037,Cross intersection,3,40,Local Road,GLENLYON,MORELAND,-37.772663,144.9715,2020,10,October,10,Midday,Weekend
T20200018539,2020-10-11,13:00:00,4,Collision with a fixed object,7,Sunday,146,REVERSING INTO FIXED OBJECT/PARKED VEHICLE,1,665122,Not at intersection,3,50,Local Road,ELGIN,BOROONDARA,-37.814224,145.02614,2020,10,October,13,Midday,Weekend
T20200017951,2020-10-11,01:35:00,4,Collision with a fixed object,7,Sunday,181,OFF RIGHT BEND INTO OBJECT/PARKED VEHICLE,5,669230,Not at intersection,2,100,Arterial Other,MARYSVILLE,MURRINDINDI,-37.534985,145.71323,2020,10,October,1,Late Night,Weekend
T20200017968,2020-10-11,13:10:00,6,Vehicle overturned (no collision),7,Sunday,182,OFF CARRIAGEWAY ON LEFT BEND,1,672522,Not at intersection,3,100,Local Road,ANNUELLO-WEMEN,SWAN HILL,-34.798702,142.65195,2020,10,October,13,Midday,Weekend
T20200018558,2020-10-11,05:48:00,1,Collision with vehicle,7,Sunday,120,HEAD ON (NOT OVERTAKING),3,672706,T intersection,3,80,Arterial Other,VINEYARD,MELTON,-37.62542,144.70802,2020,10,October,5,Morning Peak,Weekend
T20200017963,2020-10-11,13:24:00,1,Collision with vehicle,7,Sunday,120,HEAD ON (NOT OVERTAKING),1,670110,Not at intersection,2,60,Arterial Other,MOLLISON,MACEDON RANGES,-37.237442,144.45786,2020,10,October,13,Midday,Weekend
T20200017980,2020-10-11,18:25:00,1,Collision with vehicle,7,Sunday,121,RIGHT THROUGH,1,225891,Cross intersection,2,60,Local Road,BETHANY,WYNDHAM,-37.852608,144.66843,2020,10,October,18,Afternoon Peak,Weekend
T20200017977,2020-10-11,18:15:00,1,Collision with vehicle,7,Sunday,120,HEAD ON (NOT OVERTAKING),1,666036,Not at intersection,3,80,Local Road,WILDWOOD,HUME,-37.613117,144.81094,2020,10,October,18,Afternoon Peak,Weekend
T20200019353,2020-10-11,15:05:00,1,Collision with vehicle,7,Sunday,119,OTHER ADJACENT (INTERSECTIONS ONLY),1,668191,T intersection,3,50,Local Road,RENOWN,MORELAND,-37.72884,144.9624,2020,10,October,15,Afternoon Peak,Weekend
T20200017976,2020-10-11,19:00:00,1,Collision with vehicle,7,Sunday,110,CROSS TRAFFIC(INTERSECTIONS ONLY),3,43788,Cross intersection,2,70,Arterial Other,CLEGG,YARRA RANGES,-37.782345,145.41853,2020,10,October,19,Night,Weekend
T20200017975,2020-10-11,18:33:00,1,Collision with vehicle,7,Sunday,173,RIGHT OFF CARRIAGEWAY INTO OBJECT/PARKED VEHICLE,1,664952,Not at intersection,2,50,Local Road,NOEL,BANYULE,-37.767887,145.04604,2020,10,October,18,Afternoon Peak,Weekend
T20200018344,2020-10-11,11:00:00,4,Collision with a fixed object,7,Sunday,181,OFF RIGHT BEND INTO OBJECT/PARKED VEHICLE,1,664669,Not at intersection,3,80,Local Road,COSTINS,BAW BAW,-37.93136,146.15042,2020,10,October,11,Midday,Weekend
T20200018101,2020-10-11,16:20:00,1,Collision with vehicle,7,Sunday,135,LANE CHANGE LEFT (NOT OVERTAKING),1,668192,Y intersection,3,60,Arterial Highway,WARRIGAL,MONASH,-37.89772,145.0874,2020,10,October,16,Afternoon Peak,Weekend
T20200017972,2020-10-11,15:10:00,4,Collision with a fixed object,7,Sunday,181,OFF RIGHT BEND INTO OBJECT/PARKED VEHICLE,1,698874,Not at intersection,2,100,Local Road,PICOLA-BARMAH,MOIRA,-36.00145,145.02574,2020,10,October,15,Afternoon Peak,Weekend
T20200017956,2020-10-11,07:20:00,4,Collision with a fixed object,7,Sunday,171,LEFT OFF CARRIAGEWAY INTO OBJECT/PARKED VEHICLE,2,664429,Not at intersection,2,60,Arterial Other,STATION,BRIMBANK,-37.77191,144.77452,2020,10,October,7,Morning Peak,Weekend
T20200018031,2020-10-12,18:25:00,4,Collision with a fixed object,1,Monday,173,RIGHT OFF CARRIAGEWAY INTO OBJECT/PARKED VEHICLE,1,669632,Not at intersection,3,100,Arterial Other,BALLARAT-DAYLESFORD,MOORABOOL,-37.496765,143.97382,2020,10,October,18,Afternoon Peak,Weekday
T20200018033,2020-10-12,17:45:00,1,Collision with vehicle,1,Monday,121,RIGHT THROUGH,1,270567,Not at intersection,2,60,Arterial Other,POINT COOK,WYNDHAM,-37.89551,144.75444,2020,10,October,17,Afternoon Peak,Weekday
T20200018034,2020-10-12,15:40:00,1,Collision with vehicle,1,Monday,130,REAR END(VEHICLES IN SAME LANE),1,665486,Not at intersection,3,60,Local Road,MORRIS,WYNDHAM,-37.852592,144.70598,2020,10,October,15,Afternoon Peak,Weekday
T20200019443,2020-10-12,16:47:00,1,Collision with vehicle,1,Monday,130,REAR END(VEHICLES IN SAME LANE),1,36904,T intersection,3,80,Arterial Highway,SOUTH GIPPSLAND,CASEY,-38.0686,145.26793,2020,10,October,16,Afternoon Peak,Weekday
T20200018038,2020-10-12,18:54:00,1,Collision with vehicle,1,Monday,110,CROSS TRAFFIC(INTERSECTIONS ONLY),1,52530,Cross intersection,3,60,Local Road,COWRA,MILDURA,-34.214592,142.16656,2020,10,October,18,Afternoon Peak,Weekday
T20200018041,2020-10-12,16:00:00,1,Collision with vehicle,1,Monday,121,RIGHT THROUGH,1,42021,Not at intersection,3,70,Arterial Other,SOUTH,BAYSIDE,-37.928062,144.99408,2020,10,October,16,Afternoon Peak,Weekday
T20200019331,2020-10-12,16:10:00,1,Collision with vehicle,1,Monday,130,REAR END(VEHICLES IN SAME LANE),1,665962,Not at intersection,3,60,Arterial Other,HIGH,WHITTLESEA,-37.643764,145.02637,2020,10,October,16,Afternoon Peak,Weekday
T20210002867,2020-10-12,15:00:00,4,Collision with a fixed object,1,Monday,173,RIGHT OFF CARRIAGEWAY INTO OBJECT/PARKED VEHICLE,1,677346,Not at intersection,3,50,Local Road,DOUGLAS,HOBSONS BAY,-37.856667,144.89766,2020,10,October,15,Afternoon Peak,Weekday
T20200018505,2020-10-12,13:30:00,8,No collision and no object struck,1,Monday,189,OTHER ACCIDENTS ON CURVE NOT INCLUDED IN DCAs 180-184,1,667693,Not at intersection,3,60,Arterial Other,BROADFORD-FLOWERDALE,MURRINDINDI,-37.24563,145.17244,2020,10,October,13,Midday,Weekday
T20200019213,2020-10-12,15:00:00,8,No collision and no object struck,1,Monday,170,OFF CARRIAGEWAY TO LEFT,1,689731,Not at intersection,2,100,Local Road,HURLEYS,LODDON,-36.236008,143.62845,2020,10,October,15,Afternoon Peak,Weekday
T20200018224,2020-10-12,07:56:00,1,Collision with vehicle,1,Monday,130,REAR END(VEHICLES IN SAME LANE),1,42270,T intersection,3,60,Arterial Highway,BELL,MORELAND,-37.739197,144.94571,2020,10,October,7,Morning Peak,Weekday
T20200018147,2020-10-12,20:00:00,4,Collision with a fixed object,1,Monday,183,OFF LEFT BEND INTO OBJECT/PARKED VEHICLE,9,668235,Not at intersection,2,80,Arterial Other,MT BULLER,(MOUNT BULLER),-37.117783,146.43684,2020,10,October,20,Night,Weekday
T20200018043,2020-10-12,19:25:00,4,Collision with a fixed object,1,Monday,171,LEFT OFF CARRIAGEWAY INTO OBJECT/PARKED VEHICLE,1,668840,Not at intersection,2,50,Local Road,LATITUDE,WHITTLESEA,-37.684776,145.01804,2020,10,October,19,Night,Weekday
T20200017997,2020-10-12,07:56:00,4,Collision with a fixed object,1,Monday,173,RIGHT OFF CARRIAGEWAY INTO OBJECT/PARKED VEHICLE,1,664188,Not at intersection,3,50,Local Road,FENTON,BENDIGO,-36.7452,144.27141,2020,10,October,7,Morning Peak,Weekday
T20200017983,2020-10-12,06:30:00,1,Collision with vehicle,1,Monday,135,LANE CHANGE LEFT (NOT OVERTAKING),2,665485,Not at intersection,3,100,Freeway,WESTERN,MELTON,-37.769024,144.74492,2020,10,October,6,Morning Peak,Weekday
T20200017987,2020-10-12,08:10:00,1,Collision with vehicle,1,Monday,132,RIGHT REAR.,1,671680,T intersection,2,80,Local Road,LEUMEAH,WODONGA,-36.15077,146.93066,2020,10,October,8,Morning Peak,Weekday
T20200017989,2020-10-12,06:54:00,1,Collision with vehicle,1,Monday,160,VEHICLE COLLIDES WITH VEHICLE PARKED ON LEFT OF ROAD,1,664187,Not at intersection,3,70,Arterial Other,FOOTE,MANNINGHAM,-37.760452,145.14154,2020,10,October,6,Morning Peak,Weekday
T20200017992,2020-10-12,06:58:00,4,Collision with a fixed object,1,Monday,173,RIGHT OFF CARRIAGEWAY INTO OBJECT/PARKED VEHICLE,1,11,T intersection,2,60,Arterial Highway,RACECOURSE,MOONEE VALLEY,-37.78844,144.93317,2020,10,October,6,Morning Peak,Weekday
T20200017993,2020-10-12,08:20:00,1,Collision with vehicle,1,Monday,110,CROSS TRAFFIC(INTERSECTIONS ONLY),1,53608,Cross intersection,3,50,Arterial Highway,MAIN,EAST GIPPSLAND,-37.828243,147.62187,2020,10,October,8,Morning Peak,Weekday
T20200017995,2020-10-12,06:19:00,4,Collision with a fixed object,1,Monday,183,OFF LEFT BEND INTO OBJECT/PARKED VEHICLE,2,664275,Not at intersection,2,80,Freeway,WEST GATE OUT-CITYLINK OUT,PORT PHILLIP,-37.827427,144.92854,2020,10,October,6,Morning Peak,Weekday
T20200018000,2020-10-12,08:50:00,2,Struck Pedestrian,1,Monday,101,PED EMERGES FROM IN FRONT OF PARKED OR STATIONARY VEHICLE,1,664189,Not at intersection,3,40,Local Road,NICHOLSON,HOBSONS BAY,-37.8678,144.77919,2020,10,October,8,Morning Peak,Weekday
T20200018001,2020-10-12,07:28:00,1,Collision with vehicle,1,Monday,130,REAR END(VEHICLES IN SAME LANE),1,729826,T intersection,3,70,Arterial Other,POUND,CASEY,-38.026485,145.25371,2020,10,October,7,Morning Peak,Weekday