ACCIDENT_NO,ACCIDENT_DATE,ACCIDENT_TIME,ACCIDENT_TYPE,ACCIDENT_TYPE_DESC,DAY_OF_WEEK,DAY_WEEK_DESC,DCA_CODE,DCA_DESC,LIGHT_CONDITION,NODE_ID,ROAD_GEOMETRY_DESC,SEVERITY,SPEED_ZONE,RMA,ROAD_NAME,LGA_NAME,LATITUDE,LONGITUDE,YEAR,MONTH,MONTH_NAME,HOUR,TIME_PERIOD,DAY_TYPE
T20200018002,2020-10-12,11:15:00,4,Collision with a fixed object,1,Monday,173,RIGHT OFF CARRIAGEWAY INTO OBJECT/PARKED VEHICLE,1,664432,Not at intersection,2,100,Local Road,STEEL,BENALLA,-36.551212,145.94606,2020,10,October,11,Midday,Weekday
T20200018010,2020-10-12,10:35:00,1,Collision with vehicle,1,Monday,130,REAR END(VEHICLES IN SAME LANE),1,664660,Not at intersection,3,60,Arterial Highway,BELL,DAREBIN,-37.744095,144.99136,2020,10,October,10,Midday,Weekday
T20200018011,2020-10-12,12:50:00,4,Collision with a fixed object,1,Monday,171,LEFT OFF CARRIAGEWAY INTO OBJECT/PARKED VEHICLE,1,668231,Not at intersection,3,100,Local Road,HENRYS,SOUTH GIPPSLAND,-38.346603,145.67413,2020,10,October,12,Midday,Weekday
T20200018012,2020-10-12,09:50:00,1,Collision with vehicle,1,Monday,121,RIGHT THROUGH,1,57552,Cross intersection,2,80,Arterial Highway,WARRIGAL,STONNINGTON,-37.892857,145.08824,2020,10,October,9,Morning Peak,Weekday
T20200018015,2020-10-12,13:19:00,1,Collision with vehicle,1,Monday,160,VEHICLE COLLIDES WITH VEHICLE PARKED ON LEFT OF ROAD,1,668232,Not at intersection,3,60,Arterial Other,GRANGE,DAREBIN,-37.77718,145.02544,2020,10,October,13,Midday,Weekday
T20200018496,2020-10-12,10:55:00,1,Collision with vehicle,1,Monday,110,CROSS TRAFFIC(INTERSECTIONS ONLY),1,35316,Cross intersection,3,40,Local Road,CARDIGAN,MELBOURNE,-37.797,144.96608,2020,10,October,10,Midday,Weekday
T20200018017,2020-10-12,14:20:00,6,Vehicle overturned (no collision),1,Monday,174,OUT OF CONTROL ON CARRIAGEWAY (ON STRAIGHT),1,682654,Not at intersection,2,100,Arterial Other,LANCEFIELD-TOOBORAC,MACEDON RANGES,-37.232685,144.74,2020,10,October,14,Midday,Weekday
T20200018018,2020-10-12,15:10:00,4,Collision with a fixed object,1,Monday,183,OFF LEFT BEND INTO OBJECT/PARKED VEHICLE,1,666844,T intersection,2,40,Local Road,JUKES,MORELAND,-37.702717,144.97354,2020,10,October,15,Afternoon Peak,Weekday
T20200018020,2020-10-12,16:30:00,1,Collision with vehicle,1,Monday,132,RIGHT REAR.,1,664760,Not at intersection,3,60,Local Road,GRIFFITH,MOORABOOL,-37.68726,144.41951,2020,10,October,16,Afternoon Peak,Weekday
T20200018021,2020-10-12,15:58:00,4,Collision with a fixed object,1,Monday,171,LEFT OFF CARRIAGEWAY INTO OBJECT/PARKED VEHICLE,1,669003,Not at intersection,3,60,Arterial Highway,NORTH,MONASH,-37.910194,145.09102,2020,10,October,15,Afternoon Peak,Weekday
T20200018022,2020-10-12,15:25:00,1,Collision with vehicle,1,Monday,130,REAR END(VEHICLES IN SAME LANE),1,666631,Not at intersection,2,70,Arterial Highway,SURFCOAST,GEELONG,-38.22419,144.33708,2020,10,October,15,Afternoon Peak,Weekday
T20200018029,2020-10-12,15:44:00,1,Collision with vehicle,1,Monday,160,VEHICLE COLLIDES WITH VEHICLE PARKED ON LEFT OF ROAD,1,729827,Not at intersection,2,60,Local Road,LENNON,WYNDHAM,-37.898197,144.73904,2020,10,October,15,Afternoon Peak,Weekday
T20200018090,2020-10-13,17:01:00,1,Collision with vehicle,2,Tuesday,110,CROSS TRAFFIC(INTERSECTIONS ONLY),1,234963,Cross intersection,3,80,Arterial Other,THOMPSONS,CASEY,-38.08313,145.2832,2020,10,October,17,Afternoon Peak,Weekday
T20200018060,2020-10-13,09:58:00,1,Collision with vehicle,2,Tuesday,110,CROSS TRAFFIC(INTERSECTIONS ONLY),1,664590,Cross intersection,2,60,Arterial Other,BAY,BAYSIDE,-37.95342,145.01746,2020,10,October,9,Morning Peak,Weekday
T20200020236,2020-10-13,18:26:00,1,Collision with vehicle,2,Tuesday,130,REAR END(VEHICLES IN SAME LANE),1,651087,T intersection,2,50,Local Road,RAILWAY,DAREBIN,-37.765675,144.99661,2020,10,October,18,Afternoon Peak,Weekday
T20200018064,2020-10-13,08:50:00,1,Collision with vehicle,2,Tuesday,134,LANE CHANGE RIGHT (NOT OVERTAKING),1,668233,Not at intersection,3,80,Arterial Highway,FRANKSTON-DANDENONG,DANDENONG,-38.020847,145.21408,2020,10,October,8,Morning Peak,Weekday
T20200018048,2020-10-13,02:50:00,4,Collision with a fixed object,2,Tuesday,173,RIGHT OFF CARRIAGEWAY INTO OBJECT/PARKED VEHICLE,5,668330,Not at intersection,3,80,Arterial Other,CRAIGIEBURN,WHITTLESEA,-37.602905,144.97469,2020,10,October,2,Late Night,Weekday
T20200018075,2020-10-13,13:37:00,1,Collision with vehicle,2,Tuesday,160,VEHICLE COLLIDES WITH VEHICLE PARKED ON LEFT OF ROAD,1,664277,Not at intersection,3,50,Local Road,CARAVAN,BOROONDARA,-37.805668,145.09679,2020,10,October,13,Midday,Weekday
T20200018080,2020-10-13,15:45:00,1,Collision with vehicle,2,Tuesday,110,CROSS TRAFFIC(INTERSECTIONS ONLY),1,279270,Cross intersection,2,80,Freeway,CALDER,MOUNT ALEXANDER,-36.95593,144.23605,2020,10,October,15,Afternoon Peak,Weekday
T20200018081,2020-10-13,10:36:00,1,Collision with vehicle,2,Tuesday,110,CROSS TRAFFIC(INTERSECTIONS ONLY),1,43334,Cross intersection,3,50,Local Road,ARMSTRONGS,FRANKSTON,-38.09323,145.12842,2020,10,October,10,Midday,Weekday
T20200018088,2020-10-13,21:15:00,1,Collision with vehicle,2,Tuesday,160,VEHICLE COLLIDES WITH VEHICLE PARKED ON LEFT OF ROAD,3,665034,Not at intersection,2,50,Local Road,FAULKNER,GLEN EIRA,-37.932396,145.03781,2020,10,October,21,Night,Weekday
T20200018194,2020-10-13,06:45:00,1,Collision with vehicle,2,Tuesday,121,RIGHT THROUGH,1,39047,Cross intersection,2,60,Arterial Other,RATHMINES,BOROONDARA,-37.821392,145.0586,2020,10,October,6,Morning Peak,Weekday
T20200018954,2020-10-13,12:20:00,2,Struck Pedestrian,2,Tuesday,103,PED PLAYING/LYING/WORKING/STANDING ON CARRIAGEWAY.,1,669486,Not at intersection,3,50,Local Road,JULIANA,GLEN EIRA,-37.914467,145.05919,2020,10,October,12,Midday,Weekday
T20200018097,2020-10-13,23:45:00,1,Collision with vehicle,2,Tuesday,110,CROSS TRAFFIC(INTERSECTIONS ONLY),5,35803,Cross intersection,1,100,Arterial Highway,GOULBURN VALLEY,SHEPPARTON,-36.49906,145.3886,2020,10,October,23,Night,Weekday
T20200018052,2020-10-13,06:22:00,1,Collision with vehicle,2,Tuesday,130,REAR END(VEHICLES IN SAME LANE),1,668331,Not at intersection,3,40,Arterial Other,MICKLEHAM,HUME,-37.631413,144.8821,2020,10,October,6,Morning Peak,Weekday
T20200018914,2020-10-13,17:17:00,1,Collision with vehicle,2,Tuesday,130,REAR END(VEHICLES IN SAME LANE),1,668334,Not at intersection,3,60,Local Road,BROOKVILLE,HUME,-37.565243,144.94875,2020,10,October,17,Afternoon Peak,Weekday
T20200020720,2020-10-13,20:48:00,4,Collision with a fixed object,2,Tuesday,173,RIGHT OFF CARRIAGEWAY INTO OBJECT/PARKED VEHICLE,3,672049,Not at intersection,3,60,Local Road,ST HELENA,BANYULE,-37.68805,145.13414,2020,10,October,20,Night,Weekday
T20200018053,2020-10-13,07:54:00,1,Collision with vehicle,2,Tuesday,113,RIGHT NEAR (INTERSECTIONS ONLY),1,50909,T intersection,2,60,Arterial Other,MELROSE,WODONGA,-36.13247,146.86505,2020,10,October,7,Morning Peak,Weekday
T20200018051,2020-10-13,00:50:00,4,Collision with a fixed object,2,Tuesday,171,LEFT OFF CARRIAGEWAY INTO OBJECT/PARKED VEHICLE,5,668332,Not at intersection,3,60,Arterial Other,BRIDGE INN,WHITTLESEA,-37.601772,145.10574,2020,10,October,0,Late Night,Weekday
T20200018050,2020-10-13,03:20:00,1,Collision with vehicle,2,Tuesday,160,VEHICLE COLLIDES WITH VEHICLE PARKED ON LEFT OF ROAD,3,668333,Not at intersection,3,50,Local Road,BOTANICA SPRINGS,MELTON,-37.69577,144.54272,2020,10,October,3,Late Night,Weekday
T20200018117,2020-10-14,07:49:00,1,Collision with vehicle,3,Wednesday,116,LEFT NEAR (INTERSECTIONS ONLY),1,664591,T intersection,2,80,Arterial Other,MELTON,BRIMBANK,-37.694378,144.76492,2020,10,October,7,Morning Peak,Weekday
T20200018134,2020-10-14,17:05:00,1,Collision with vehicle,3,Wednesday,110,CROSS TRAFFIC(INTERSECTIONS ONLY),1,250713,Cross intersection,3,50,Local Road,BARKLY,CASEY,-38.101345,145.28752,2020,10,October,17,Afternoon Peak,Weekday
T20200018149,2020-10-14,17:30:00,1,Collision with vehicle,3,Wednesday,130,REAR END(VEHICLES IN SAME LANE),1,669564,Not at intersection,3,60,Local Road,BARRYMORE,HUME,-37.65509,144.8832,2020,10,October,17,Afternoon Peak,Weekday
T20200018151,2020-10-14,17:15:00,1,Collision with vehicle,3,Wednesday,121,RIGHT THROUGH,1,670198,Not at intersection,3,60,Arterial Other,PASCOE VALE,HUME,-37.66175,144.92325,2020,10,October,17,Afternoon Peak,Weekday
T20200018152,2020-10-14,18:54:00,4,Collision with a fixed object,3,Wednesday,183,OFF LEFT BEND INTO OBJECT/PARKED VEHICLE,1,671358,Not at intersection,3,100,Local Road,STEWART,SHEPPARTON,-36.5977,145.18643,2020,10,October,18,Afternoon Peak,Weekday
T20200018156,2020-10-14,16:45:00,1,Collision with vehicle,3,Wednesday,130,REAR END(VEHICLES IN SAME LANE),1,676533,Not at intersection,2,80,Arterial Other,CRAIGIEBURN,HUME,-37.590576,144.88562,2020,10,October,16,Afternoon Peak,Weekday
T20200018160,2020-10-14,04:45:00,4,Collision with a fixed object,3,Wednesday,181,OFF RIGHT BEND INTO OBJECT/PARKED VEHICLE,5,747442,Not at intersection,2,100,Local Road,EDWARDS,BENDIGO,-36.763165,144.17863,2020,10,October,4,Late Night,Weekday
T20200018161,2020-10-14,17:22:00,1,Collision with vehicle,3,Wednesday,116,LEFT NEAR (INTERSECTIONS ONLY),1,48898,T intersection,1,80,Arterial Highway,PRINCES,GEELONG,-38.10169,144.35449,2020,10,October,17,Afternoon Peak,Weekday
T20200018247,2020-10-14,11:30:00,8,No collision and no object struck,3,Wednesday,174,OUT OF CONTROL ON CARRIAGEWAY (ON STRAIGHT),1,667487,Not at intersection,2,60,Local Road,BAMBRA,GLEN EIRA,-37.888954,145.02856,2020,10,October,11,Midday,Weekday
T20200018132,2020-10-14,15:40:00,1,Collision with vehicle,3,Wednesday,116,LEFT NEAR (INTERSECTIONS ONLY),1,38935,T intersection,2,40,Arterial Other,GLENFERRIE,BOROONDARA,-37.819874,145.03586,2020,10,October,15,Afternoon Peak,Weekday
T20200018131,2020-10-14,16:27:00,1,Collision with vehicle,3,Wednesday,140,U TURN,1,668453,Not at intersection,2,70,Arterial Other,MAHONEYS,HUME,-37.690254,144.96402,2020,10,October,16,Afternoon Peak,Weekday
T20200018122,2020-10-14,13:15:00,4,Collision with a fixed object,3,Wednesday,175,OFF END OF ROAD/T-INTERSECTION.,1,670109,T intersection,2,50,Local Road,FOREST,EAST GIPPSLAND,-37.705254,148.45262,2020,10,October,13,Midday,Weekday
T20200018173,2020-10-14,16:00:00,3,Struck animal,3,Wednesday,167,STRUCK ANIMAL,1,664519,Not at intersection,2,100,Local Road,TEHAN,BENDIGO,-36.939915,144.67018,2020,10,October,16,Afternoon Peak,Weekday
T20200018511,2020-10-14,16:45:00,1,Collision with vehicle,3,Wednesday,130,REAR END(VEHICLES IN SAME LANE),1,665580,T intersection,3,60,Local Road,NOLAN,BENDIGO,-36.75021,144.29135,2020,10,October,16,Afternoon Peak,Weekday
T20200018119,2020-10-14,10:30:00,4,Collision with a fixed object,3,Wednesday,183,OFF LEFT BEND INTO OBJECT/PARKED VEHICLE,1,729829,Not at intersection,3,60,Arterial Other,BULLA,HUME,-37.632168,144.79726,2020,10,October,10,Midday,Weekday
T20200018118,2020-10-14,11:25:00,1,Collision with vehicle,3,Wednesday,130,REAR END(VEHICLES IN SAME LANE),1,664592,Not at intersection,3,80,Freeway,MONASH,MONASH,-37.892925,145.13022,2020,10,October,11,Midday,Weekday
T20200018092,2020-10-14,00:45:00,1,Collision with vehicle,3,Wednesday,130,REAR END(VEHICLES IN SAME LANE),5,729828,Not at intersection,2,100,Arterial Other,GRETA,WANGARATTA,-36.426502,146.29204,2020,10,October,0,Late Night,Weekday
T20200018094,2020-10-14,00:54:00,4,Collision with a fixed object,3,Wednesday,171,LEFT OFF CARRIAGEWAY INTO OBJECT/PARKED VEHICLE,3,672381,Not at intersection,2,60,Local Road,IBBOTSON,GEELONG,-38.143192,144.70728,2020,10,October,0,Late Night,Weekday
T20200018137,2020-10-14,18:30:00,1,Collision with vehicle,3,Wednesday,148,VEHICLE OFF FOOTPATH STRIKES VEH ON CARRIAGEWAY,1,664435,T intersection,2,50,Local Road,CEDARWOOD,CASEY,-38.065773,145.3376,2020,10,October,18,Afternoon Peak,Weekday
T20200018099,2020-10-14,03:30:00,4,Collision with a fixed object,3,Wednesday,173,RIGHT OFF CARRIAGEWAY INTO OBJECT/PARKED VEHICLE,3,667810,Not at intersection,2,80,Arterial Highway,PRINCES,DANDENONG,-37.965282,145.19244,2020,10,October,3,Late Night,Weekday
T20200019935,2020-10-14,20:30:00,6,Vehicle overturned (no collision),3,Wednesday,170,OFF CARRIAGEWAY TO LEFT,5,673417,Not at intersection,3,100,Local Road,PYRAMID-YARRABERB,LODDON,-36.29015,144.13159,2020,10,October,20,Night,Weekday
T20200019908,2020-10-14,17:00:00,1,Collision with vehicle,3,Wednesday,110,CROSS TRAFFIC(INTERSECTIONS ONLY),1,29361,Cross intersection,3,40,Local Road,CANNING,YARRA,-37.784916,144.97507,2020,10,October,17,Afternoon Peak,Weekday
T20200018385,2020-10-14,16:30:00,8,No collision and no object struck,3,Wednesday,174,OUT OF CONTROL ON CARRIAGEWAY (ON STRAIGHT),1,664954,Not at intersection,3,60,Arterial Other,RIVERSDALE,BOROONDARA,-37.83423,145.08183,2020,10,October,16,Afternoon Peak,Weekday
T20200018096,2020-10-14,00:15:00,4,Collision with a fixed object,3,Wednesday,183,OFF LEFT BEND INTO OBJECT/PARKED VEHICLE,5,664236,Not at intersection,1,100,Local Road,NYORA-ST HELIER,BASS COAST,-38.380974,145.61554,2020,10,October,0,Late Night,Weekday
T20200018139,2020-10-14,08:30:00,4,Collision with a fixed object,3,Wednesday,171,LEFT OFF CARRIAGEWAY INTO OBJECT/PARKED VEHICLE,1,672183,Not at intersection,3,60,Local Road,ONEIL,CARDINIA,-38.03437,145.40067,2020,10,October,8,Morning Peak,Weekday
T20200018138,2020-10-14,18:14:00,1,Collision with vehicle,3,Wednesday,110,CROSS TRAFFIC(INTERSECTIONS ONLY),1,287450,Cross intersection,2,40,Local Road,DENHAM,BOROONDARA,-37.819347,145.02231,2020,10,October,18,Afternoon Peak,Weekday
T20200018135,2020-10-14,17:06:00,1,Collision with vehicle,3,Wednesday,130,REAR END(VEHICLES IN SAME LANE),1,665329,Not at intersection,2,80,Freeway,PRINCES,CASEY,-38.044308,145.34009,2020,10,October,17,Afternoon Peak,Weekday
T20200018148,2020-10-14,08:50:00,1,Collision with vehicle,3,Wednesday,110,CROSS TRAFFIC(INTERSECTIONS ONLY),1,664437,Cross intersection,3,50,Local Road,WOIWURUNG,MORELAND,-37.73594,144.97447,2020,10,October,8,Morning Peak,Weekday
T20210000694,2020-10-15,17:45:00,1,Collision with vehicle,4,Thursday,130,REAR END(VEHICLES IN SAME LANE),9,672630,T intersection,3,80,Arterial Highway,SOUTH GIPPSLAND,CASEY,-38.057407,145.26236,2020,10,October,17,Afternoon Peak,Weekday
T20200018168,2020-10-15,07:30:00,6,Vehicle overturned (no collision),4,Thursday,179,OTHER ACCIDENTS-OFF STRAIGHT NOT INCLUDED IN DCAs 170-175,1,784524,Not at intersection,3,50,Local Road,PANORAMA,NILLUMBIK,-37.663013,145.16792,2020,10,October,7,Morning Peak,Weekday
T20200018170,2020-10-15,09:10:00,1,Collision with vehicle,4,Thursday,132,RIGHT REAR.,1,70993,T intersection,3,60,Local Road,LYLE,KINGSTON,-38.01963,145.09723,2020,10,October,9,Morning Peak,Weekday
T20200018171,2020-10-15,10:28:00,1,Collision with vehicle,4,Thursday,194,PARKED CAR RUN AWAY,1,672881,T intersection,2,50,Local Road,LIARDET,PORT PHILLIP,-37.838196,144.94167,2020,10,October,10,Midday,Weekday
T20200018172,2020-10-15,09:11:00,4,Collision with a fixed object,4,Thursday,173,RIGHT OFF CARRIAGEWAY INTO OBJECT/PARKED VEHICLE,1,664595,Not at intersection,2,60,Arterial Other,KINGSBURY,DAREBIN,-37.72882,145.0556,2020,10,October,9,Morning Peak,Weekday
T20200018181,2020-10-15,11:03:00,1,Collision with vehicle,4,Thursday,110,CROSS TRAFFIC(INTERSECTIONS ONLY),1,357713,Cross intersection,3,60,Arterial Highway,WHITEHORSE,WHITEHORSE,-37.81698,145.11502,2020,10,October,11,Midday,Weekday
T20200018185,2020-10-15,12:44:00,1,Collision with vehicle,4,Thursday,110,CROSS TRAFFIC(INTERSECTIONS ONLY),1,664442,Cross intersection,2,100,Local Road,AXE CREEK,BENDIGO,-36.88418,144.371,2020,10,October,12,Midday,Weekday
T20200018186,2020-10-15,10:19:00,1,Collision with vehicle,4,Thursday,110,CROSS TRAFFIC(INTERSECTIONS ONLY),1,35463,Cross intersection,2,60,Arterial Other,CANTERBURY,BOROONDARA,-37.825947,145.09723,2020,10,October,10,Midday,Weekday
T20200018223,2020-10-15,11:56:00,4,Collision with a fixed object,4,Thursday,183,OFF LEFT BEND INTO OBJECT/PARKED VEHICLE,1,664520,Not at intersection,3,60,Local Road,BERKSHIRE,BRIMBANK,-37.764492,144.8314,2020,10,October,11,Midday,Weekday
T20200018209,2020-10-15,19:20:00,1,Collision with vehicle,4,Thursday,160,VEHICLE COLLIDES WITH VEHICLE PARKED ON LEFT OF ROAD,2,668562,Not at intersection,3,50,Local Road,BARKLY,HUME,-37.586777,144.72784,2020,10,October,19,Night,Weekday
T20200018238,2020-10-15,11:45:00,1,Collision with vehicle,4,Thursday,159,OTHER OVERTAKING MANOEUVRES NOT INCLUDED IN DCAs 150-154,1,773522,Not at intersection,3,60,Arterial Other,CENTRAL,HOBSONS BAY,-37.87123,144.77368,2020,10,October,11,Midday,Weekday
T20200018198,2020-10-15,14:00:00,4,Collision with a fixed object,4,Thursday,181,OFF RIGHT BEND INTO OBJECT/PARKED VEHICLE,1,665804,Not at intersection,3,80,Local Road,BUCKLAND RIVER,ALPINE,-36.961475,146.93063,2020,10,October,14,Midday,Weekday
T20200018196,2020-10-15,12:00:00,4,Collision with a fixed object,4,Thursday,171,LEFT OFF CARRIAGEWAY INTO OBJECT/PARKED VEHICLE,1,670325,Not at intersection,3,100,Local Road,LIMA,BENALLA,-36.748486,145.9484,2020,10,October,12,Midday,Weekday
T20200018193,2020-10-15,12:00:00,6,Vehicle overturned (no collision),4,Thursday,182,OFF CARRIAGEWAY ON LEFT BEND,1,694015,T intersection,3,100,Local Road,SUTHERLAND,LODDON,-35.915707,143.87195,2020,10,October,12,Midday,Weekday
T20200018192,2020-10-15,07:57:00,1,Collision with vehicle,4,Thursday,135,LANE CHANGE LEFT (NOT OVERTAKING),1,665115,Not at intersection,3,80,Freeway,MONASH,MONASH,-37.89502,145.14528,2020,10,October,7,Morning Peak,Weekday
T20200018189,2020-10-15,14:42:00,1,Collision with vehicle,4,Thursday,111,RIGHT FAR (INTERSECTIONS ONLY),1,40020,T intersection,2,50,Local Road,FERGUSON,HOBSONS BAY,-37.859444,144.90222,2020,10,October,14,Midday,Weekday
T20200018348,2020-10-15,11:30:00,1,Collision with vehicle,4,Thursday,160,VEHICLE COLLIDES WITH VEHICLE PARKED ON LEFT OF ROAD,1,668564,Not at intersection,3,60,Local Road,ELIZABETH,HUME,-37.56949,144.72337,2020,10,October,11,Midday,Weekday
T20200018219,2020-10-15,20:42:00,1,Collision with vehicle,4,Thursday,130,REAR END(VEHICLES IN SAME LANE),5,672882,Not at intersection,3,100,Freeway,WESTERN,MELTON,-37.758026,144.73654,2020,10,October,20,Night,Weekday
T20200018208,2020-10-15,16:48:00,8,No collision and no object struck,4,Thursday,175,OFF END OF ROAD/T-INTERSECTION.,1,780806,T intersection,3,50,Local Road,WENDOUREE,MELTON,-37.7497,144.73795,2020,10,October,16,Afternoon Peak,Weekday
T20200018188,2020-10-15,09:11:00,4,Collision with a fixed object,4,Thursday,173,RIGHT OFF CARRIAGEWAY INTO OBJECT/PARKED VEHICLE,1,676357,Not at intersection,2,100,Arterial Highway,MURRAY VALLEY,GANNAWARRA,-35.769547,143.98676,2020,10,October,9,Morning Peak,Weekday
T20200018288,2020-10-15,12:00:00,1,Collision with vehicle,4,Thursday,131,LEFT REAR,9,664664,Multiple intersection,2,50,Local Road,ST GEORGES,STONNINGTON,-37.834724,145.01816,2020,10,October,12,Midday,Weekday
T20200018214,2020-10-15,16:30:00,1,Collision with vehicle,4,Thursday,130,REAR END(VEHICLES IN SAME LANE),1,40970,T intersection,3,60,Arterial Other,SCORESBY,KNOX,-37.847065,145.26964,2020,10,October,16,Afternoon Peak,Weekday
T20200018203,2020-10-15,14:59:00,1,Collision with vehicle,4,Thursday,121,RIGHT THROUGH,1,41705,T intersection,3,60,Arterial Other,WAVERLEY,MONASH,-37.884293,145.12384,2020,10,October,14,Midday,Weekday
T20200018197,2020-10-15,15:30:00,4,Collision with a fixed object,4,Thursday,173,RIGHT OFF CARRIAGEWAY INTO OBJECT/PARKED VEHICLE,1,674557,Not at intersection,3,100,Arterial Highway,MIDLAND,GOLDEN PLAINS,-37.94081,144.12431,2020,10,October,15,Afternoon Peak,Weekday
T20200018229,2020-10-16,07:51:00,1,Collision with vehicle,5,Friday,121,RIGHT THROUGH,1,221537,Not at intersection,3,80,Arterial Highway,PRINCES HIGHWAY,STONNINGTON,-37.888344,145.0812,2020,10,October,7,Morning Peak,Weekday
T20200018228,2020-10-16,06:50:00,1,Collision with vehicle,5,Friday,113,RIGHT NEAR (INTERSECTIONS ONLY),1,40764,Cross intersection,2,60,Arterial Other,HIGHBURY,MONASH,-37.85977,145.15076,2020,10,October,6,Morning Peak,Weekday
T20200018227,2020-10-16,08:20:00,2,Struck Pedestrian,5,Friday,107,PED ON FOOTHPATH STRUCK BY VEHENTERING/LEAVING DRIVEWAY.,1,669104,Not at intersection,3,50,Local Road,KAMMICH,CASEY,-37.97548,145.27556,2020,10,October,8,Morning Peak,Weekday
T20200018226,2020-10-16,07:40:00,1,Collision with vehicle,5,Friday,160,VEHICLE COLLIDES WITH VEHICLE PARKED ON LEFT OF ROAD,1,664662,Not at intersection,2,40,Local Road,AUGHTIE,PORT PHILLIP,-37.84723,144.96617,2020,10,October,7,Morning Peak,Weekday
T20200018410,2020-10-16,23:30:00,8,No collision and no object struck,5,Friday,174,OUT OF CONTROL ON CARRIAGEWAY (ON STRAIGHT),6,664769,Not at intersection,2,30,Local Road,DOMAIN,MELBOURNE,-37.833855,144.98027,2020,10,October,23,Night,Weekday
T20200021914,2020-10-16,08:30:00,1,Collision with vehicle,5,Friday,132,RIGHT REAR.,1,670340,T intersection,3,50,Local Road,VICTORIA,BENDIGO,-36.715893,144.25774,2020,10,October,8,Morning Peak,Weekday
T20200018362,2020-10-16,12:00:00,1,Collision with vehicle,5,Friday,147,VEHICLE STRIKES ANOTHER VEH WHILE EMERGING FROM DRIVEWAY,1,670107,Not at intersection,3,50,Local Road,MCINDOE,KINGSTON,-37.998756,145.07846,2020,10,October,12,Midday,Weekday
T20200018355,2020-10-16,15:15:00,2,Struck Pedestrian,5,Friday,101,PED EMERGES FROM IN FRONT OF PARKED OR STATIONARY VEHICLE,1,664766,Not at intersection,2,40,Local Road,TREVALLYN,YARRA RANGES,-37.808784,145.34393,2020,10,October,15,Afternoon Peak,Weekday
T20200018327,2020-10-16,20:30:00,8,No collision and no object struck,5,Friday,174,OUT OF CONTROL ON CARRIAGEWAY (ON STRAIGHT),3,664668,Not at intersection,2,40,Arterial Other,GLENFERRIE,STONNINGTON,-37.86595,145.02774,2020,10,October,20,Night,Weekday
T20200018724,2020-10-16,17:54:00,2,Struck Pedestrian,5,Friday,101,PED EMERGES FROM IN FRONT OF PARKED OR STATIONARY VEHICLE,1,665285,T intersection,2,40,Local Road,SMITH,YARRA,-37.8013,144.98387,2020,10,October,17,Afternoon Peak,Weekday
T20200018574,2020-10-16,07:00:00,6,Vehicle overturned (no collision),5,Friday,180,OFF CARRIAGEWAY ON RIGHT BEND,1,665810,Not at intersection,3,100,Local Road,WANGANDARY,WANGARATTA,-36.316765,146.22621,2020,10,October,7,Morning Peak,Weekday
T20210024829,2020-10-16,06:30:00,4,Collision with a fixed object,5,Friday,171,LEFT OFF CARRIAGEWAY INTO OBJECT/PARKED VEHICLE,1,780606,Not at intersection,3,60,Arterial Other,BALLARAT,MARIBYRNONG,-37.78166,144.86583,2020,10,October,6,Morning Peak,Weekday
T20200018314,2020-10-16,19:15:00,1,Collision with vehicle,5,Friday,110,CROSS TRAFFIC(INTERSECTIONS ONLY),3,47473,Cross intersection,3,50,Local Road,CLINTON,BAYSIDE,-37.91425,145.02046,2020,10,October,19,Night,Weekday
T20200018299,2020-10-16,17:25:00,4,Collision with a fixed object,5,Friday,151,OUT OF CONTROL (OVERTAKING),1,780605,Not at intersection,3,100,Freeway,WESTERN,MELTON,-37.73826,144.68167,2020,10,October,17,Afternoon Peak,Weekday
T20200018297,2020-10-16,14:55:00,1,Collision with vehicle,5,Friday,113,RIGHT NEAR (INTERSECTIONS ONLY),1,49763,T intersection,3,60,Arterial Other,ANAKIE,GEELONG,-38.105804,144.33249,2020,10,October,14,Midday,Weekday
T20200018293,2020-10-16,18:59:00,1,Collision with vehicle,5,Friday,113,RIGHT NEAR (INTERSECTIONS ONLY),1,683064,Y intersection,3,100,Local Road,WADDELLS,EAST GIPPSLAND,-37.762604,147.75752,2020,10,October,18,Afternoon Peak,Weekday
T20200018441,2020-10-16,15:15:00,1,Collision with vehicle,5,Friday,130,REAR END(VEHICLES IN SAME LANE),9,669664,Not at intersection,3,70,Arterial Highway,PUNT,MELBOURNE,-37.822357,144.98923,2020,10,October,15,Afternoon Peak,Weekday
T20200018278,2020-10-16,22:33:00,4,Collision with a fixed object,5,Friday,171,LEFT OFF CARRIAGEWAY INTO OBJECT/PARKED VEHICLE,3,38163,T intersection,3,60,Arterial Other,LOWER HEIDELBERG,BANYULE,-37.77172,145.04991,2020,10,October,22,Night,Weekday
T20210012213,2020-10-16,12:00:00,1,Collision with vehicle,5,Friday,130,REAR END(VEHICLES IN SAME LANE),9,684728,Not at intersection,3,80,Arterial Other,BALLARAT,BRIMBANK,-37.76613,144.76323,2020,10,October,12,Midday,Weekday
T20200018276,2020-10-16,18:15:00,4,Collision with a fixed object,5,Friday,173,RIGHT OFF CARRIAGEWAY INTO OBJECT/PARKED VEHICLE,1,686331,Not at intersection,3,60,Local Road,FENTON,SOUTHERN GRAMPIANS,-37.744034,142.03003,2020,10,October,18,Afternoon Peak,Weekday