ACCIDENT_NO,ACCIDENT_DATE,ACCIDENT_TIME,ACCIDENT_TYPE,ACCIDENT_TYPE_DESC,DAY_OF_WEEK,DAY_WEEK_DESC,DCA_CODE,DCA_DESC,LIGHT_CONDITION,NODE_ID,ROAD_GEOMETRY_DESC,SEVERITY,SPEED_ZONE,RMA,ROAD_NAME,LGA_NAME,LATITUDE,LONGITUDE,YEAR,MONTH,MONTH_NAME,HOUR,TIME_PERIOD,DAY_TYPE
T20200018491,2020-10-16,08:25:00,1,Collision with vehicle,5,Friday,113,RIGHT NEAR (INTERSECTIONS ONLY),1,664958,T intersection,3,80,Arterial Other,KELLETTS,KNOX,-37.910686,145.2365,2020,10,October,8,Morning Peak,Weekday
T20200018272,2020-10-16,18:42:00,1,Collision with vehicle,5,Friday,113,RIGHT NEAR (INTERSECTIONS ONLY),1,46060,Cross intersection,3,80,Arterial Highway,STUD,KNOX,-37.8731,145.23286,2020,10,October,18,Afternoon Peak,Weekday
T20200018270,2020-10-16,15:21:00,4,Collision with a fixed object,5,Friday,173,RIGHT OFF CARRIAGEWAY INTO OBJECT/PARKED VEHICLE,1,665905,Not at intersection,2,50,Local Road,ORMONDE,KNOX,-37.894833,145.27568,2020,10,October,15,Afternoon Peak,Weekday
T20200018265,2020-10-16,17:42:00,1,Collision with vehicle,5,Friday,130,REAR END(VEHICLES IN SAME LANE),1,665488,T intersection,2,50,Arterial Other,AITKEN,MACEDON RANGES,-37.49145,144.59053,2020,10,October,17,Afternoon Peak,Weekday
T20200018264,2020-10-16,17:25:00,1,Collision with vehicle,5,Friday,121,RIGHT THROUGH,1,39131,T intersection,3,60,Arterial Other,BELMORE,BOROONDARA,-37.802586,145.0762,2020,10,October,17,Afternoon Peak,Weekday
T20200018261,2020-10-16,07:11:00,2,Struck Pedestrian,5,Friday,106,VEH STRIKES PED ON FOOTPATH/MEDIAN/TRAFFIC ISLAND.,1,668567,Not at intersection,3,50,Local Road,PLANTATION,GEELONG,-38.067387,144.36331,2020,10,October,7,Morning Peak,Weekday
T20200018260,2020-10-16,16:01:00,1,Collision with vehicle,5,Friday,160,VEHICLE COLLIDES WITH VEHICLE PARKED ON LEFT OF ROAD,1,666095,Not at intersection,2,60,Arterial Other,BENETOOK,MILDURA,-34.20907,142.1634,2020,10,October,16,Afternoon Peak,Weekday
T20200018258,2020-10-16,16:30:00,8,No collision and no object struck,5,Friday,174,OUT OF CONTROL ON CARRIAGEWAY (ON STRAIGHT),1,664596,Not at intersection,3,60,Arterial Other,CHURCH,BOROONDARA,-37.818684,145.01794,2020,10,October,16,Afternoon Peak,Weekday
T20210013161,2020-10-16,15:30:00,1,Collision with vehicle,5,Friday,130,REAR END(VEHICLES IN SAME LANE),1,685877,Cross intersection,3,80,Arterial Other,DIAMOND CREEK,NILLUMBIK,-37.689056,145.11385,2020,10,October,15,Afternoon Peak,Weekday
T20200018252,2020-10-16,12:39:00,4,Collision with a fixed object,5,Friday,173,RIGHT OFF CARRIAGEWAY INTO OBJECT/PARKED VEHICLE,1,684090,Not at intersection,2,100,Arterial Highway,SOUTH GIPPSLAND,WELLINGTON,-38.50301,146.89609,2020,10,October,12,Midday,Weekday
T20200018248,2020-10-16,15:50:00,1,Collision with vehicle,5,Friday,140,U TURN,1,665805,Not at intersection,3,60,Arterial Highway,CURLEWIS,SWAN HILL,-35.334965,143.55989,2020,10,October,15,Afternoon Peak,Weekday
T20200018246,2020-10-16,14:20:00,2,Struck Pedestrian,5,Friday,103,PED PLAYING/LYING/WORKING/STANDING ON CARRIAGEWAY.,1,664663,Not at intersection,3,50,Local Road,MORDEN,WHITEHORSE,-37.82619,145.17226,2020,10,October,14,Midday,Weekday
T20200018245,2020-10-16,15:50:00,1,Collision with vehicle,5,Friday,137,LEFT TURN SIDESWIPE,1,42404,Cross intersection,3,40,Arterial Other,CLAYTON,MONASH,-37.923866,145.11998,2020,10,October,15,Afternoon Peak,Weekday
T20200018244,2020-10-16,09:47:00,1,Collision with vehicle,5,Friday,139,OTHER SAME DIRECTION-MANOUEVRES NOT INCLUDED IN DCAs 130-137,1,668572,Not at intersection,3,80,Arterial Highway,PRINCES,LATROBE,-38.191475,146.55667,2020,10,October,9,Morning Peak,Weekday
T20200018242,2020-10-16,11:20:00,8,No collision and no object struck,5,Friday,149,OTHER MANOEUVRING NOT INCLUDED IN DCAs 140-148,1,664862,Not at intersection,3,100,Local Road,MYRTLEFORD-STANLEY,ALPINE,-36.474934,146.7566,2020,10,October,11,Midday,Weekday
T20200018232,2020-10-16,12:05:00,1,Collision with vehicle,5,Friday,113,RIGHT NEAR (INTERSECTIONS ONLY),1,729830,Y intersection,2,60,Local Road,STEPHENSONS,MONASH,-37.858967,145.13213,2020,10,October,12,Midday,Weekday
T20200018231,2020-10-16,08:44:00,1,Collision with vehicle,5,Friday,148,VEHICLE OFF FOOTPATH STRIKES VEH ON CARRIAGEWAY,1,664521,Not at intersection,3,50,Local Road,MORSHEAD,MELTON,-37.709656,144.57916,2020,10,October,8,Morning Peak,Weekday
T20200018230,2020-10-16,09:44:00,1,Collision with vehicle,5,Friday,135,LANE CHANGE LEFT (NOT OVERTAKING),1,668571,Not at intersection,3,70,Arterial Other,HEATHS,WYNDHAM,-37.875965,144.66884,2020,10,October,9,Morning Peak,Weekday
T20200018332,2020-10-17,17:15:00,4,Collision with a fixed object,6,Saturday,171,LEFT OFF CARRIAGEWAY INTO OBJECT/PARKED VEHICLE,1,664553,Not at intersection,1,100,Arterial Other,MERRIANG,WHITTLESEA,-37.503986,145.02629,2020,10,October,17,Afternoon Peak,Weekend
T20200019264,2020-10-17,15:15:00,1,Collision with vehicle,6,Saturday,121,RIGHT THROUGH,1,280084,Cross intersection,3,80,Freeway,BURWOOD,KNOX,-37.861015,145.2112,2020,10,October,15,Afternoon Peak,Weekend
T20200018323,2020-10-17,20:15:00,4,Collision with a fixed object,6,Saturday,183,OFF LEFT BEND INTO OBJECT/PARKED VEHICLE,6,669402,Not at intersection,2,50,Local Road,HODDLE,HOBSONS BAY,-37.887074,144.78586,2020,10,October,20,Night,Weekend
T20200018321,2020-10-17,20:12:00,4,Collision with a fixed object,6,Saturday,183,OFF LEFT BEND INTO OBJECT/PARKED VEHICLE,2,664666,Not at intersection,2,100,Local Road,FITZGERALD,MACEDON RANGES,-37.474907,144.47144,2020,10,October,20,Night,Weekend
T20200019736,2020-10-17,15:30:00,6,Vehicle overturned (no collision),6,Saturday,184,OUT OF CONTROL ON CARRIAGEWAY (ON BEND),1,729427,Not at intersection,2,50,Local Road,HORNE,GLEN EIRA,-37.884182,144.99957,2020,10,October,15,Afternoon Peak,Weekend
T20200021621,2020-10-17,14:00:00,8,No collision and no object struck,6,Saturday,174,OUT OF CONTROL ON CARRIAGEWAY (ON STRAIGHT),1,669159,Not at intersection,3,90,Arterial Other,WELLINGTON,YARRA RANGES,-37.952026,145.34152,2020,10,October,14,Midday,Weekend
T20200018317,2020-10-17,14:00:00,4,Collision with a fixed object,6,Saturday,171,LEFT OFF CARRIAGEWAY INTO OBJECT/PARKED VEHICLE,1,47472,T intersection,2,60,Local Road,IRONBARK,WYNDHAM,-37.85378,144.70575,2020,10,October,14,Midday,Weekend
T20200018303,2020-10-17,10:30:00,5,collision with some other object,6,Saturday,181,OFF RIGHT BEND INTO OBJECT/PARKED VEHICLE,1,664551,Not at intersection,1,100,Local Road,GREVILLEA,INDIGO,-36.114372,146.62488,2020,10,October,10,Midday,Weekend
T20200018315,2020-10-17,17:08:00,2,Struck Pedestrian,6,Saturday,102,FAR SIDE. PED HIT BY VEHICLE FROM THE LEFT,1,664597,T intersection,2,60,Local Road,SISSINGHURST,WHITTLESEA,-37.60023,145.09319,2020,10,October,17,Afternoon Peak,Weekend
T20200018300,2020-10-17,05:55:00,4,Collision with a fixed object,6,Saturday,171,LEFT OFF CARRIAGEWAY INTO OBJECT/PARKED VEHICLE,3,645627,T intersection,2,80,Arterial Highway,HUNTINGDALE,MONASH,-37.90124,145.1054,2020,10,October,5,Morning Peak,Weekend
T20200018336,2020-10-17,14:01:00,4,Collision with a fixed object,6,Saturday,171,LEFT OFF CARRIAGEWAY INTO OBJECT/PARKED VEHICLE,1,41755,Cross intersection,3,60,Arterial Other,WAVERLEY,MONASH,-37.88673,145.14569,2020,10,October,14,Midday,Weekend
T20200020094,2020-10-17,07:30:00,1,Collision with vehicle,6,Saturday,121,RIGHT THROUGH,1,323886,Cross intersection,3,80,Freeway,PLENTY,NILLUMBIK,-37.686226,145.06813,2020,10,October,7,Morning Peak,Weekend
T20200019204,2020-10-17,17:20:00,1,Collision with vehicle,6,Saturday,139,OTHER SAME DIRECTION-MANOUEVRES NOT INCLUDED IN DCAs 130-137,1,44621,Cross intersection,3,60,Arterial Other,KINGSBURY,DAREBIN,-37.729725,145.06085,2020,10,October,17,Afternoon Peak,Weekend
T20200018351,2020-10-17,19:20:00,4,Collision with a fixed object,6,Saturday,173,RIGHT OFF CARRIAGEWAY INTO OBJECT/PARKED VEHICLE,1,635770,Cross intersection,3,80,Arterial Highway,CAMMS,CASEY,-38.098053,145.283,2020,10,October,19,Night,Weekend
T20200018543,2020-10-17,14:00:00,1,Collision with vehicle,6,Saturday,162,ACCIDENT OR BROKEN DOWN,1,665042,Not at intersection,3,80,Freeway,WEST GATE IN-KINGS,MELBOURNE,-37.827976,144.95976,2020,10,October,14,Midday,Weekend
T20200018305,2020-10-17,12:30:00,1,Collision with vehicle,6,Saturday,160,VEHICLE COLLIDES WITH VEHICLE PARKED ON LEFT OF ROAD,1,666138,Not at intersection,2,50,Local Road,NORMANBY,GLEN EIRA,-37.87601,145.03995,2020,10,October,12,Midday,Weekend
T20200018290,2020-10-17,07:45:00,1,Collision with vehicle,6,Saturday,160,VEHICLE COLLIDES WITH VEHICLE PARKED ON LEFT OF ROAD,1,672963,Not at intersection,3,60,Local Road,MORRISS,WARRNAMBOOL,-38.356434,142.46582,2020,10,October,7,Morning Peak,Weekend
T20200018295,2020-10-17,10:37:00,1,Collision with vehicle,6,Saturday,111,RIGHT FAR (INTERSECTIONS ONLY),1,35546,Cross intersection,2,70,Arterial Highway,DANDENONG,STONNINGTON,-37.88389,145.05807,2020,10,October,10,Midday,Weekend
T20200018608,2020-10-17,14:45:00,1,Collision with vehicle,6,Saturday,130,REAR END(VEHICLES IN SAME LANE),1,665045,Cross intersection,3,70,Arterial Highway,SETTLEMENT,GEELONG,-38.18243,144.34503,2020,10,October,14,Midday,Weekend
T20200018326,2020-10-17,18:35:00,1,Collision with vehicle,6,Saturday,147,VEHICLE STRIKES ANOTHER VEH WHILE EMERGING FROM DRIVEWAY,1,665116,Not at intersection,3,50,Local Road,HOTHAM,DAREBIN,-37.746315,145.00748,2020,10,October,18,Afternoon Peak,Weekend
T20200018289,2020-10-17,08:20:00,1,Collision with vehicle,6,Saturday,110,CROSS TRAFFIC(INTERSECTIONS ONLY),1,38056,Cross intersection,3,60,Arterial Highway,ALBERT,DAREBIN,-37.747173,145.02182,2020,10,October,8,Morning Peak,Weekend
T20200018325,2020-10-17,22:13:00,1,Collision with vehicle,6,Saturday,134,LANE CHANGE RIGHT (NOT OVERTAKING),3,664667,Not at intersection,3,60,Arterial Other,DERRIMUT,WYNDHAM,-37.853172,144.68733,2020,10,October,22,Night,Weekend
T20200019633,2020-10-17,20:10:00,1,Collision with vehicle,6,Saturday,120,HEAD ON (NOT OVERTAKING),3,669635,Not at intersection,3,60,Local Road,ONEILLS,MELTON,-37.676598,144.57787,2020,10,October,20,Night,Weekend
T20200019077,2020-10-17,14:00:00,8,No collision and no object struck,6,Saturday,174,OUT OF CONTROL ON CARRIAGEWAY (ON STRAIGHT),1,666146,Not at intersection,2,100,Local Road,RUSSELLS,YARRIAMBIACK,-35.605865,142.45569,2020,10,October,14,Midday,Weekend
T20200018353,2020-10-18,13:37:00,1,Collision with vehicle,7,Sunday,121,RIGHT THROUGH,1,42570,Cross intersection,3,60,Arterial Other,POLICE,MONASH,-37.93499,145.17162,2020,10,October,13,Midday,Weekend
T20200018357,2020-10-18,14:00:00,1,Collision with vehicle,7,Sunday,113,RIGHT NEAR (INTERSECTIONS ONLY),1,37076,T intersection,2,80,Arterial Other,KANGAROO GROUND-ST ANDREWS,NILLUMBIK,-37.687954,145.21625,2020,10,October,14,Midday,Weekend
T20200018359,2020-10-18,15:00:00,1,Collision with vehicle,7,Sunday,160,VEHICLE COLLIDES WITH VEHICLE PARKED ON LEFT OF ROAD,1,664865,Not at intersection,2,70,Arterial Other,FERNTREE GULLY,MONASH,-37.8968,145.10388,2020,10,October,15,Afternoon Peak,Weekend
T20200018360,2020-10-18,13:20:00,1,Collision with vehicle,7,Sunday,110,CROSS TRAFFIC(INTERSECTIONS ONLY),1,44078,Cross intersection,3,50,Local Road,CHARLES,MORNINGTON PENINSULA,-38.333534,144.97246,2020,10,October,13,Midday,Weekend
T20200018361,2020-10-18,14:45:00,1,Collision with vehicle,7,Sunday,120,HEAD ON (NOT OVERTAKING),1,665489,Not at intersection,3,80,Arterial Highway,SPRINGVALE,MONASH,-37.89877,145.16245,2020,10,October,14,Midday,Weekend
T20200019767,2020-10-18,14:30:00,6,Vehicle overturned (no collision),7,Sunday,184,OUT OF CONTROL ON CARRIAGEWAY (ON BEND),1,667161,Not at intersection,3,80,Local Road,MERIDIAN,MILDURA,-34.47819,141.99724,2020,10,October,14,Midday,Weekend
T20200018655,2020-10-18,15:00:00,8,No collision and no object struck,7,Sunday,174,OUT OF CONTROL ON CARRIAGEWAY (ON STRAIGHT),1,665209,Not at intersection,3,50,Local Road,MCMULLINS,MOORABOOL,-37.59105,144.46068,2020,10,October,15,Afternoon Peak,Weekend
T20200018387,2020-10-18,10:53:00,1,Collision with vehicle,7,Sunday,135,LANE CHANGE LEFT (NOT OVERTAKING),1,39084,Cross intersection,3,60,Arterial Other,WHITEHORSE,BOROONDARA,-37.81093,145.0654,2020,10,October,10,Midday,Weekend
T20200018654,2020-10-18,15:00:00,8,No collision and no object struck,7,Sunday,174,OUT OF CONTROL ON CARRIAGEWAY (ON STRAIGHT),1,301553,Cross intersection,3,50,Local Road,GADD,DAREBIN,-37.7628,144.99255,2020,10,October,15,Afternoon Peak,Weekend
T20200018371,2020-10-18,21:26:00,8,No collision and no object struck,7,Sunday,172,OFF CARRIAGEWAY TO RIGHT,3,38559,Cross intersection,2,60,Local Road,CORNWALL,BRIMBANK,-37.789547,144.84073,2020,10,October,21,Night,Weekend
T20200018364,2020-10-18,17:00:00,6,Vehicle overturned (no collision),7,Sunday,174,OUT OF CONTROL ON CARRIAGEWAY (ON STRAIGHT),1,44050,Cross intersection,2,60,Local Road,BACK BEACH,MORNINGTON PENINSULA,-38.330944,144.7085,2020,10,October,17,Afternoon Peak,Weekend
T20200018365,2020-10-18,18:00:00,1,Collision with vehicle,7,Sunday,169,OTHER ON PATH,1,665490,Not at intersection,3,50,Local Road,CLIFTON,STONNINGTON,-37.8501,144.99536,2020,10,October,18,Afternoon Peak,Weekend
T20200018366,2020-10-18,18:48:00,1,Collision with vehicle,7,Sunday,141,U TURN INTO FIXED OBJECT/PARKED VEHICLE,2,665491,Not at intersection,3,40,Local Road,HISCOCK,MONASH,-37.881676,145.09912,2020,10,October,18,Afternoon Peak,Weekend
T20200018367,2020-10-18,19:45:00,4,Collision with a fixed object,7,Sunday,171,LEFT OFF CARRIAGEWAY INTO OBJECT/PARKED VEHICLE,2,251441,Cross intersection,2,60,Local Road,FINDON,WHITTLESEA,-37.64225,145.06921,2020,10,October,19,Night,Weekend
T20200018497,2020-10-18,21:30:00,2,Struck Pedestrian,7,Sunday,100,PED NEAR SIDE. PED HIT BY VEHICLE FROM THE RIGHT.,3,668603,Not at intersection,3,40,Arterial Other,VICTORIA,YARRA,-37.809963,144.99481,2020,10,October,21,Night,Weekend
T20200019518,2020-10-18,17:30:00,6,Vehicle overturned (no collision),7,Sunday,170,OFF CARRIAGEWAY TO LEFT,2,667160,Not at intersection,3,50,Local Road,BRUNEL,STONNINGTON,-37.870445,145.05899,2020,10,October,17,Afternoon Peak,Weekend
T20200018370,2020-10-18,20:03:00,6,Vehicle overturned (no collision),7,Sunday,184,OUT OF CONTROL ON CARRIAGEWAY (ON BEND),1,669729,Not at intersection,3,50,Local Road,PICKFORD,WHITEHORSE,-37.8513,145.1608,2020,10,October,20,Night,Weekend
T20200021498,2020-10-18,11:25:00,1,Collision with vehicle,7,Sunday,121,RIGHT THROUGH,1,20017,Cross intersection,3,60,Arterial Highway,HIGH,BENDIGO,-36.76339,144.27068,2020,10,October,11,Midday,Weekend
T20200018374,2020-10-18,18:15:00,4,Collision with a fixed object,7,Sunday,173,RIGHT OFF CARRIAGEWAY INTO OBJECT/PARKED VEHICLE,1,747424,Not at intersection,2,100,Arterial Other,BALLARAT-MARYBOROUGH,CENTRAL GOLDFIELDS,-37.189934,143.70578,2020,10,October,18,Afternoon Peak,Weekend
T20200018368,2020-10-18,19:45:00,4,Collision with a fixed object,7,Sunday,171,LEFT OFF CARRIAGEWAY INTO OBJECT/PARKED VEHICLE,2,670236,Not at intersection,3,60,Freeway,METROPOLITAN RING IN-HUME,MORELAND,-37.692135,144.96028,2020,10,October,19,Night,Weekend
T20200018635,2020-10-18,14:30:00,1,Collision with vehicle,7,Sunday,130,REAR END(VEHICLES IN SAME LANE),1,669848,Not at intersection,2,100,Arterial Other,SHELLEY,TOWONG,-36.12107,147.61267,2020,10,October,14,Midday,Weekend
T20200018377,2020-10-18,21:40:00,1,Collision with vehicle,7,Sunday,120,HEAD ON (NOT OVERTAKING),5,669318,Not at intersection,3,80,Local Road,BRIDGE INN,WHITTLESEA,-37.596943,145.06354,2020,10,October,21,Night,Weekend
T20200021274,2020-10-19,06:10:00,1,Collision with vehicle,1,Monday,153,CUTTING IN (OVERTAKING),2,669254,Not at intersection,3,80,Arterial Highway,SOUTH GIPPSLAND,CASEY,-38.0982,145.2832,2020,10,October,6,Morning Peak,Weekday
T20200018411,2020-10-19,15:30:00,8,No collision and no object struck,1,Monday,180,OFF CARRIAGEWAY ON RIGHT BEND,1,669733,Not at intersection,3,60,Local Road,BRUNEL,FRANKSTON,-38.100563,145.14282,2020,10,October,15,Afternoon Peak,Weekday
T20200018927,2020-10-19,07:15:00,1,Collision with vehicle,1,Monday,113,RIGHT NEAR (INTERSECTIONS ONLY),1,39968,T intersection,3,70,Arterial Other,KOROROIT CREEK,HOBSONS BAY,-37.855003,144.8623,2020,10,October,7,Morning Peak,Weekday
T20200018417,2020-10-19,16:17:00,1,Collision with vehicle,1,Monday,130,REAR END(VEHICLES IN SAME LANE),1,665119,Not at intersection,2,80,Freeway,COOPER-HUME OUT,WHITTLESEA,-37.644966,144.99089,2020,10,October,16,Afternoon Peak,Weekday
T20200018873,2020-10-19,05:45:00,1,Collision with vehicle,1,Monday,130,REAR END(VEHICLES IN SAME LANE),2,665502,Not at intersection,3,80,Arterial Highway,WESTERN PORT,DANDENONG,-38.072254,145.24037,2020,10,October,5,Morning Peak,Weekday
T20200018388,2020-10-19,12:15:00,1,Collision with vehicle,1,Monday,130,REAR END(VEHICLES IN SAME LANE),1,664767,Not at intersection,3,70,Arterial Other,BALLARAT,BRIMBANK,-37.77556,144.81526,2020,10,October,12,Midday,Weekday
T20200018420,2020-10-19,17:30:00,1,Collision with vehicle,1,Monday,148,VEHICLE OFF FOOTPATH STRIKES VEH ON CARRIAGEWAY,1,667437,Not at intersection,3,60,Local Road,WESTWOOD,MELTON,-37.742744,144.74957,2020,10,October,17,Afternoon Peak,Weekday
T20200018472,2020-10-19,23:45:00,1,Collision with vehicle,1,Monday,140,U TURN,3,665807,Cross intersection,2,80,Arterial Other,COOPER,WHITTLESEA,-37.648132,144.99149,2020,10,October,23,Night,Weekday
T20200018383,2020-10-19,09:00:00,4,Collision with a fixed object,1,Monday,181,OFF RIGHT BEND INTO OBJECT/PARKED VEHICLE,1,669640,Not at intersection,3,50,Local Road,HOLYROOD,MAROONDAH,-37.792744,145.24725,2020,10,October,9,Morning Peak,Weekday
T20200018382,2020-10-19,08:10:00,1,Collision with vehicle,1,Monday,121,RIGHT THROUGH,1,71195,Cross intersection,3,100,Local Road,AIRLY,WELLINGTON,-38.036156,147.08986,2020,10,October,8,Morning Peak,Weekday
T20200018959,2020-10-19,17:00:00,1,Collision with vehicle,1,Monday,120,HEAD ON (NOT OVERTAKING),1,665597,Not at intersection,2,50,Local Road,RIGGALL,HUME,-37.675148,144.92267,2020,10,October,17,Afternoon Peak,Weekday
T20200018405,2020-10-19,12:55:00,1,Collision with vehicle,1,Monday,130,REAR END(VEHICLES IN SAME LANE),1,665118,Not at intersection,2,60,Arterial Other,POINT COOK,WYNDHAM,-37.89836,144.7539,2020,10,October,12,Midday,Weekday
T20200018393,2020-10-19,13:10:00,1,Collision with vehicle,1,Monday,147,VEHICLE STRIKES ANOTHER VEH WHILE EMERGING FROM DRIVEWAY,1,669566,Not at intersection,2,50,Local Road,LITTLE LITHGOW,YARRA,-37.807743,144.99817,2020,10,October,13,Midday,Weekday
T20200018431,2020-10-19,22:00:00,1,Collision with vehicle,1,Monday,110,CROSS TRAFFIC(INTERSECTIONS ONLY),3,120,Cross intersection,2,80,Arterial Highway,NEPEAN,GLEN EIRA,-37.932945,145.03452,2020,10,October,22,Night,Weekday
T20200018429,2020-10-19,15:30:00,4,Collision with a fixed object,1,Monday,171,LEFT OFF CARRIAGEWAY INTO OBJECT/PARKED VEHICLE,1,64155,T intersection,3,50,Local Road,AYR,MANNINGHAM,-37.774246,145.10446,2020,10,October,15,Afternoon Peak,Weekday
T20200018394,2020-10-19,12:00:00,1,Collision with vehicle,1,Monday,140,U TURN,1,40415,T intersection,3,60,Arterial Other,BURKE,BOROONDARA,-37.84375,145.05435,2020,10,October,12,Midday,Weekday
T20200018425,2020-10-19,15:50:00,1,Collision with vehicle,1,Monday,130,REAR END(VEHICLES IN SAME LANE),1,665038,Not at intersection,1,70,Arterial Other,MT DANDENONG,YARRA RANGES,-37.811253,145.33932,2020,10,October,15,Afternoon Peak,Weekday
T20200018424,2020-10-19,16:22:00,1,Collision with vehicle,1,Monday,119,OTHER ADJACENT (INTERSECTIONS ONLY),1,70119,T intersection,1,100,Arterial Other,WELLINGTON,YARRA RANGES,-37.9563,145.38177,2020,10,October,16,Afternoon Peak,Weekday
T20200018397,2020-10-19,14:00:00,1,Collision with vehicle,1,Monday,148,VEHICLE OFF FOOTPATH STRIKES VEH ON CARRIAGEWAY,1,670165,Not at intersection,2,80,Arterial Other,WERRIBEE MAIN,WYNDHAM,-37.888203,144.69261,2020,10,October,14,Midday,Weekday
T20200018398,2020-10-19,11:40:00,4,Collision with a fixed object,1,Monday,183,OFF LEFT BEND INTO OBJECT/PARKED VEHICLE,1,665036,Not at intersection,2,60,Arterial Other,MT BULLER,(MOUNT BULLER),-37.13656,146.46028,2020,10,October,11,Midday,Weekday
T20200018400,2020-10-19,15:30:00,6,Vehicle overturned (no collision),1,Monday,174,OUT OF CONTROL ON CARRIAGEWAY (ON STRAIGHT),1,680382,Not at intersection,2,40,Arterial Other,SPENCER,MELBOURNE,-37.81968,144.95442,2020,10,October,15,Afternoon Peak,Weekday
T20200018402,2020-10-19,11:40:00,6,Vehicle overturned (no collision),1,Monday,170,OFF CARRIAGEWAY TO LEFT,1,664768,Not at intersection,2,100,Local Road,MCEWEN,SHEPPARTON,-36.399483,145.03195,2020,10,October,11,Midday,Weekday
T20200018421,2020-10-19,17:00:00,1,Collision with vehicle,1,Monday,133,LANE SIDE SWIPE (VEHICLES IN PARALLEL LANES),1,42287,T intersection,3,60,Arterial Other,CENTRE,GLEN EIRA,-37.922737,145.07158,2020,10,October,17,Afternoon Peak,Weekday
T20200018406,2020-10-19,12:15:00,1,Collision with vehicle,1,Monday,130,REAR END(VEHICLES IN SAME LANE),1,665037,Not at intersection,2,60,Local Road,MORRIS,WYNDHAM,-37.852203,144.70604,2020,10,October,12,Midday,Weekday
T20200018601,2020-10-19,19:23:00,4,Collision with a fixed object,1,Monday,171,LEFT OFF CARRIAGEWAY INTO OBJECT/PARKED VEHICLE,2,667695,Not at intersection,2,80,Arterial Other,BERWICK-CRANBOURNE,CASEY,-38.097233,145.33154,2020,10,October,19,Night,Weekday
T20200018408,2020-10-19,16:44:00,1,Collision with vehicle,1,Monday,110,CROSS TRAFFIC(INTERSECTIONS ONLY),1,50672,Cross intersection,3,60,Arterial Highway,RAGLAN,WARRNAMBOOL,-38.37365,142.47757,2020,10,October,16,Afternoon Peak,Weekday
T20200019136,2020-10-19,14:13:00,1,Collision with vehicle,1,Monday,130,REAR END(VEHICLES IN SAME LANE),1,670814,Not at intersection,3,60,Arterial Highway,POWER,MELBOURNE,-37.824505,144.96365,2020,10,October,14,Midday,Weekday
T20200018493,2020-10-19,16:15:00,1,Collision with vehicle,1,Monday,148,VEHICLE OFF FOOTPATH STRIKES VEH ON CARRIAGEWAY,1,131393,Not at intersection,3,60,Local Road,MOUNT ELIZA,MORNINGTON PENINSULA,-38.18311,145.09013,2020,10,October,16,Afternoon Peak,Weekday
T20200020245,2020-10-19,09:40:00,1,Collision with vehicle,1,Monday,113,RIGHT NEAR (INTERSECTIONS ONLY),1,72664,T intersection,3,60,Arterial Other,TYERS,LATROBE,-38.188377,146.5044,2020,10,October,9,Morning Peak,Weekday
T20200018527,2020-10-19,08:35:00,1,Collision with vehicle,1,Monday,130,REAR END(VEHICLES IN SAME LANE),1,669639,Not at intersection,3,40,Arterial Other,BRIDGE INN,WHITTLESEA,-37.600777,145.0973,2020,10,October,8,Morning Peak,Weekday
T20200019127,2020-10-19,15:36:00,1,Collision with vehicle,1,Monday,110,CROSS TRAFFIC(INTERSECTIONS ONLY),1,35388,Cross intersection,3,80,Arterial Other,WESTALL,KINGSTON,-37.979908,145.14267,2020,10,October,15,Afternoon Peak,Weekday
T20200018390,2020-10-19,11:50:00,1,Collision with vehicle,1,Monday,160,VEHICLE COLLIDES WITH VEHICLE PARKED ON LEFT OF ROAD,1,670479,Not at intersection,3,50,Local Road,MARSHALL,WODONGA,-36.129944,146.856,2020,10,October,11,Midday,Weekday
T20200018482,2020-10-20,17:30:00,1,Collision with vehicle,2,Tuesday,133,LANE SIDE SWIPE (VEHICLES IN PARALLEL LANES),1,665205,Not at intersection,3,60,Arterial Other,BURKE,STONNINGTON,-37.852898,145.05278,2020,10,October,17,Afternoon Peak,Weekday
T20200018468,2020-10-20,11:53:00,1,Collision with vehicle,2,Tuesday,160,VEHICLE COLLIDES WITH VEHICLE PARKED ON LEFT OF ROAD,1,666259,T intersection,3,60,Local Road,EFFICIENT,MELTON,-37.80546,144.74004,2020,10,October,11,Midday,Weekday
T20200018469,2020-10-20,12:10:00,2,Struck Pedestrian,2,Tuesday,100,PED NEAR SIDE. PED HIT BY VEHICLE FROM THE RIGHT.,1,682517,Not at intersection,3,50,Local Road,SCOTCHMER,YARRA,-37.78349,144.98553,2020,10,October,12,Midday,Weekday
T20200020119,2020-10-20,12:00:00,1,Collision with vehicle,2,Tuesday,130,REAR END(VEHICLES IN SAME LANE),1,669735,Cross intersection,3,80,Arterial Other,CARRUM DOWNS-SEAFORD,FRANKSTON,-38.099476,145.17276,2020,10,October,12,Midday,Weekday
T20200018528,2020-10-20,16:30:00,1,Collision with vehicle,2,Tuesday,135,LANE CHANGE LEFT (NOT OVERTAKING),1,290,Cross intersection,3,40,Arterial Other,CHURCH,YARRA,-37.81182,145.00041,2020,10,October,16,Afternoon Peak,Weekday