ACCIDENT_NO,ACCIDENT_DATE,ACCIDENT_TIME,ACCIDENT_TYPE,ACCIDENT_TYPE_DESC,DAY_OF_WEEK,DAY_WEEK_DESC,DCA_CODE,DCA_DESC,LIGHT_CONDITION,NODE_ID,ROAD_GEOMETRY_DESC,SEVERITY,SPEED_ZONE,RMA,ROAD_NAME,LGA_NAME,LATITUDE,LONGITUDE,YEAR,MONTH,MONTH_NAME,HOUR,TIME_PERIOD,DAY_TYPE
T20210017387,2020-10-20,14:30:00,1,Collision with vehicle,2,Tuesday,130,REAR END(VEHICLES IN SAME LANE),1,35510,T intersection,3,60,Arterial Other,TOORAK,STONNINGTON,-37.843655,145.03038,2020,10,October,14,Midday,Weekday
T20200018485,2020-10-20,17:00:00,6,Vehicle overturned (no collision),2,Tuesday,172,OFF CARRIAGEWAY TO RIGHT,1,665327,Not at intersection,2,100,Local Road,KURWEETON LARRA,CORANGAMITE,-38.05786,143.16748,2020,10,October,17,Afternoon Peak,Weekday
T20200018443,2020-10-20,08:14:00,1,Collision with vehicle,2,Tuesday,116,LEFT NEAR (INTERSECTIONS ONLY),1,664902,Multiple intersection,2,50,Arterial Other,MELROSE,HUME,-37.70278,144.8829,2020,10,October,8,Morning Peak,Weekday
T20200018436,2020-10-20,00:20:00,6,Vehicle overturned (no collision),2,Tuesday,174,OUT OF CONTROL ON CARRIAGEWAY (ON STRAIGHT),3,669985,Cross intersection,2,50,Local Road,EYNESBURY,MELTON,-37.792416,144.55951,2020,10,October,0,Late Night,Weekday
T20200018733,2020-10-20,12:35:00,1,Collision with vehicle,2,Tuesday,163,VEHICLE STRIKES DOOR OF PARKED/STATIONARY VEHICLE,1,665813,Not at intersection,2,40,Arterial Other,BEACONSFIELD,PORT PHILLIP,-37.85704,144.96747,2020,10,October,12,Midday,Weekday
T20200020249,2020-10-20,17:45:00,1,Collision with vehicle,2,Tuesday,130,REAR END(VEHICLES IN SAME LANE),2,729764,Not at intersection,3,60,Arterial Other,CLAYTON,MONASH,-37.915215,145.12164,2020,10,October,17,Afternoon Peak,Weekday
T20200018475,2020-10-20,16:09:00,1,Collision with vehicle,2,Tuesday,110,CROSS TRAFFIC(INTERSECTIONS ONLY),1,243224,Cross intersection,3,80,Local Road,RING,BALLARAT,-37.53989,143.80081,2020,10,October,16,Afternoon Peak,Weekday
T20200018476,2020-10-20,16:00:00,1,Collision with vehicle,2,Tuesday,130,REAR END(VEHICLES IN SAME LANE),1,664956,Not at intersection,3,40,Arterial Other,STURT,BALLARAT,-37.557114,143.82211,2020,10,October,16,Afternoon Peak,Weekday
T20200020388,2020-10-20,16:55:00,1,Collision with vehicle,2,Tuesday,121,RIGHT THROUGH,1,38966,Cross intersection,3,60,Arterial Other,RIVERSDALE,BOROONDARA,-37.829315,145.039,2020,10,October,16,Afternoon Peak,Weekday
T20200018623,2020-10-20,18:30:00,6,Vehicle overturned (no collision),2,Tuesday,184,OUT OF CONTROL ON CARRIAGEWAY (ON BEND),2,979,Y intersection,3,50,Arterial Other,HIGH,CASEY,-38.031315,145.34789,2020,10,October,18,Afternoon Peak,Weekday
T20200018913,2020-10-20,22:00:00,7,Fall from or in moving vehicle,2,Tuesday,190,FELL IN/FROM VEHICLE,3,670898,Not at intersection,2,50,Local Road,MIRKA,WHITTLESEA,-37.66637,144.99179,2020,10,October,22,Night,Weekday
T20200018470,2020-10-20,12:45:00,1,Collision with vehicle,2,Tuesday,130,REAR END(VEHICLES IN SAME LANE),1,773503,Not at intersection,3,50,Arterial Other,VICTORIA,BAW BAW,-38.16108,145.93024,2020,10,October,12,Midday,Weekday
T20200020066,2020-10-20,14:00:00,4,Collision with a fixed object,2,Tuesday,173,RIGHT OFF CARRIAGEWAY INTO OBJECT/PARKED VEHICLE,1,671923,Not at intersection,3,100,Arterial Other,MURCHISON-VIOLET TOWN,SHEPPARTON,-36.613453,145.29309,2020,10,October,14,Midday,Weekday
T20200018450,2020-10-20,09:15:00,4,Collision with a fixed object,2,Tuesday,171,LEFT OFF CARRIAGEWAY INTO OBJECT/PARKED VEHICLE,1,349834,Not at intersection,3,60,Arterial Other,HALLAM SOUTH,CASEY,-38.017887,145.27089,2020,10,October,9,Morning Peak,Weekday
T20200018494,2020-10-20,22:50:00,4,Collision with a fixed object,2,Tuesday,179,OTHER ACCIDENTS-OFF STRAIGHT NOT INCLUDED IN DCAs 170-175,5,673413,Not at intersection,2,60,Local Road,PATTERSONS,CASEY,-38.12335,145.36578,2020,10,October,22,Night,Weekday
T20200018459,2020-10-20,10:15:00,1,Collision with vehicle,2,Tuesday,120,HEAD ON (NOT OVERTAKING),1,729743,Not at intersection,3,50,Arterial Other,WARRIGAL,KINGSTON,-37.987007,145.07045,2020,10,October,10,Midday,Weekday
T20200018509,2020-10-20,22:49:00,4,Collision with a fixed object,2,Tuesday,171,LEFT OFF CARRIAGEWAY INTO OBJECT/PARKED VEHICLE,5,665538,Not at intersection,2,100,Arterial Highway,MURRAY VALLEY,MOIRA,-36.022007,146.05948,2020,10,October,22,Night,Weekday
T20200018492,2020-10-20,15:14:00,1,Collision with vehicle,2,Tuesday,120,HEAD ON (NOT OVERTAKING),1,666740,Not at intersection,3,50,Local Road,NEWPORT,KINGSTON,-37.93272,145.11682,2020,10,October,15,Afternoon Peak,Weekday
T20200018903,2020-10-20,06:45:00,1,Collision with vehicle,2,Tuesday,110,CROSS TRAFFIC(INTERSECTIONS ONLY),1,44654,Cross intersection,3,50,Local Road,CARWARP,BANYULE,-37.728024,145.07158,2020,10,October,6,Morning Peak,Weekday
T20200020458,2020-10-20,13:14:00,6,Vehicle overturned (no collision),2,Tuesday,174,OUT OF CONTROL ON CARRIAGEWAY (ON STRAIGHT),1,667711,Not at intersection,2,60,Arterial Other,CENTRE,GLEN EIRA,-37.919357,145.04544,2020,10,October,13,Midday,Weekday
T20200018487,2020-10-20,17:00:00,4,Collision with a fixed object,2,Tuesday,171,LEFT OFF CARRIAGEWAY INTO OBJECT/PARKED VEHICLE,1,722978,T intersection,2,80,Arterial Highway,MURRAY VALLEY,SWAN HILL,-35.43766,143.6121,2020,10,October,17,Afternoon Peak,Weekday
T20200018486,2020-10-20,17:00:00,1,Collision with vehicle,2,Tuesday,130,REAR END(VEHICLES IN SAME LANE),1,664957,Not at intersection,3,80,Freeway,YARRA-CITYLINK OUT,YARRA,-37.830647,145.01834,2020,10,October,17,Afternoon Peak,Weekday
T20200018465,2020-10-20,13:20:00,4,Collision with a fixed object,2,Tuesday,173,RIGHT OFF CARRIAGEWAY INTO OBJECT/PARKED VEHICLE,1,669736,Not at intersection,3,40,Local Road,PARK,KNOX,-37.86383,145.28287,2020,10,October,13,Midday,Weekday
T20200018467,2020-10-20,11:00:00,4,Collision with a fixed object,2,Tuesday,171,LEFT OFF CARRIAGEWAY INTO OBJECT/PARKED VEHICLE,1,675174,Cross intersection,2,50,Local Road,DALRAY,MELTON,-37.657112,144.59488,2020,10,October,11,Midday,Weekday
T20200019372,2020-10-20,16:30:00,1,Collision with vehicle,2,Tuesday,142,LEAVING PARKING,1,666975,Not at intersection,3,60,Local Road,CHURCH,MANNINGHAM,-37.781147,145.1389,2020,10,October,16,Afternoon Peak,Weekday
T20200018583,2020-10-21,15:42:00,2,Struck Pedestrian,3,Wednesday,106,VEH STRIKES PED ON FOOTPATH/MEDIAN/TRAFFIC ISLAND.,1,670213,Not at intersection,2,50,Local Road,ROWAN,MANNINGHAM,-37.780422,145.15086,2020,10,October,15,Afternoon Peak,Weekday
T20200018824,2020-10-21,21:00:00,6,Vehicle overturned (no collision),3,Wednesday,184,OUT OF CONTROL ON CARRIAGEWAY (ON BEND),3,665394,T intersection,3,50,Local Road,LANGMORE,MELTON,-37.682564,144.7465,2020,10,October,21,Night,Weekday
T20200018546,2020-10-21,17:20:00,1,Collision with vehicle,3,Wednesday,110,CROSS TRAFFIC(INTERSECTIONS ONLY),1,665043,Cross intersection,3,60,Local Road,DOHERTYS,WYNDHAM,-37.815384,144.6568,2020,10,October,17,Afternoon Peak,Weekday
T20200018566,2020-10-21,23:25:00,1,Collision with vehicle,3,Wednesday,120,HEAD ON (NOT OVERTAKING),3,29372,Cross intersection,3,60,Arterial Highway,RACECOURSE,MELBOURNE,-37.789406,144.94217,2020,10,October,23,Night,Weekday
T20200018564,2020-10-21,21:34:00,4,Collision with a fixed object,3,Wednesday,183,OFF LEFT BEND INTO OBJECT/PARKED VEHICLE,3,689546,Not at intersection,2,50,Local Road,AITKINS,WARRNAMBOOL,-38.373634,142.47263,2020,10,October,21,Night,Weekday
T20200018563,2020-10-21,19:36:00,1,Collision with vehicle,3,Wednesday,130,REAR END(VEHICLES IN SAME LANE),1,668239,Not at intersection,3,50,Local Road,VARDON,DANDENONG,-37.95883,145.15562,2020,10,October,19,Night,Weekday
T20200018562,2020-10-21,16:29:00,1,Collision with vehicle,3,Wednesday,130,REAR END(VEHICLES IN SAME LANE),1,146,Cross intersection,3,60,Arterial Highway,ALEXANDRA,YARRA,-37.79372,144.98517,2020,10,October,16,Afternoon Peak,Weekday
T20200018500,2020-10-21,04:00:00,4,Collision with a fixed object,3,Wednesday,173,RIGHT OFF CARRIAGEWAY INTO OBJECT/PARKED VEHICLE,3,672884,Not at intersection,2,40,Arterial Other,HIGH,STONNINGTON,-37.85266,144.99927,2020,10,October,4,Late Night,Weekday
T20200018557,2020-10-21,17:18:00,1,Collision with vehicle,3,Wednesday,147,VEHICLE STRIKES ANOTHER VEH WHILE EMERGING FROM DRIVEWAY,1,665044,Not at intersection,2,80,Arterial Other,FERNTREE GULLY,KNOX,-37.88329,145.27428,2020,10,October,17,Afternoon Peak,Weekday
T20200018503,2020-10-21,06:40:00,1,Collision with vehicle,3,Wednesday,140,U TURN,1,665039,Not at intersection,3,60,Arterial Other,BARWON HEADS,GEELONG,-38.230713,144.37334,2020,10,October,6,Morning Peak,Weekday
T20200018504,2020-10-21,08:48:00,1,Collision with vehicle,3,Wednesday,121,RIGHT THROUGH,1,37959,T intersection,3,60,Arterial Other,WESTGARTH,DAREBIN,-37.78125,144.99852,2020,10,October,8,Morning Peak,Weekday
T20200018516,2020-10-21,11:46:00,4,Collision with a fixed object,3,Wednesday,171,LEFT OFF CARRIAGEWAY INTO OBJECT/PARKED VEHICLE,1,669739,Not at intersection,3,60,Arterial Other,MILLEARA,MOONEE VALLEY,-37.746773,144.86264,2020,10,October,11,Midday,Weekday
T20200018518,2020-10-21,10:50:00,8,No collision and no object struck,3,Wednesday,182,OFF CARRIAGEWAY ON LEFT BEND,1,669744,Not at intersection,3,100,Arterial Other,STANLEY,INDIGO,-36.377857,146.7272,2020,10,October,10,Midday,Weekday
T20200018519,2020-10-21,13:00:00,1,Collision with vehicle,3,Wednesday,137,LEFT TURN SIDESWIPE,1,405,T intersection,3,40,Local Road,CANDY,DAREBIN,-37.77962,144.99695,2020,10,October,13,Midday,Weekday
T20200018929,2020-10-21,06:45:00,1,Collision with vehicle,3,Wednesday,130,REAR END(VEHICLES IN SAME LANE),2,677215,Not at intersection,3,40,Arterial Highway,MURRAY VALLEY,CAMPASPE,-36.15765,144.79105,2020,10,October,6,Morning Peak,Weekday
T20200018522,2020-10-21,12:57:00,1,Collision with vehicle,3,Wednesday,119,OTHER ADJACENT (INTERSECTIONS ONLY),1,36640,T intersection,2,60,Arterial Other,HIGHBURY,MONASH,-37.85811,145.13635,2020,10,October,12,Midday,Weekday
T20200018548,2020-10-21,15:20:00,1,Collision with vehicle,3,Wednesday,130,REAR END(VEHICLES IN SAME LANE),1,30848,T intersection,3,60,Arterial Other,DORSET,MAROONDAH,-37.78942,145.29185,2020,10,October,15,Afternoon Peak,Weekday
T20200018550,2020-10-21,17:38:00,8,No collision and no object struck,3,Wednesday,184,OUT OF CONTROL ON CARRIAGEWAY (ON BEND),1,664962,Multiple intersection,3,40,Arterial Other,BONA VISTA ROAD -KORUMBURRA-WARRAGUL,BAW BAW,-38.17287,145.93172,2020,10,October,17,Afternoon Peak,Weekday
T20200018544,2020-10-21,17:15:00,1,Collision with vehicle,3,Wednesday,110,CROSS TRAFFIC(INTERSECTIONS ONLY),1,747407,Cross intersection,2,60,Local Road,LYNOTT,HORSHAM,-36.705345,142.20094,2020,10,October,17,Afternoon Peak,Weekday
T20200019389,2020-10-21,16:40:00,1,Collision with vehicle,3,Wednesday,119,OTHER ADJACENT (INTERSECTIONS ONLY),1,52778,Cross intersection,3,50,Local Road,LYDIARD,BALLARAT,-37.541737,143.86151,2020,10,October,16,Afternoon Peak,Weekday
T20200018524,2020-10-21,12:53:00,1,Collision with vehicle,3,Wednesday,130,REAR END(VEHICLES IN SAME LANE),1,665206,Not at intersection,3,60,Arterial Other,BELGRAVE,STONNINGTON,-37.87933,145.06848,2020,10,October,12,Midday,Weekday
T20200018523,2020-10-21,13:30:00,1,Collision with vehicle,3,Wednesday,110,CROSS TRAFFIC(INTERSECTIONS ONLY),1,354492,Cross intersection,3,60,Arterial Highway,STUD,DANDENONG,-37.971024,145.22357,2020,10,October,13,Midday,Weekday
T20200018542,2020-10-21,16:00:00,4,Collision with a fixed object,3,Wednesday,181,OFF RIGHT BEND INTO OBJECT/PARKED VEHICLE,1,675696,T intersection,2,60,Arterial Other,GLADSTONE,CENTRAL GOLDFIELDS,-37.035526,143.73752,2020,10,October,16,Afternoon Peak,Weekday
T20200021006,2020-10-21,08:30:00,1,Collision with vehicle,3,Wednesday,130,REAR END(VEHICLES IN SAME LANE),1,668511,Not at intersection,3,60,Arterial Other,SURREY,WHITEHORSE,-37.80708,145.1585,2020,10,October,8,Morning Peak,Weekday
T20200019309,2020-10-21,10:20:00,1,Collision with vehicle,3,Wednesday,130,REAR END(VEHICLES IN SAME LANE),1,290159,Cross intersection,3,80,Arterial Highway,SPRINGVALE,WHITEHORSE,-37.85474,145.16928,2020,10,October,10,Midday,Weekday
T20200018529,2020-10-21,13:30:00,4,Collision with a fixed object,3,Wednesday,181,OFF RIGHT BEND INTO OBJECT/PARKED VEHICLE,1,688014,Not at intersection,2,100,Arterial Other,BAIRNSDALE-DARGO,EAST GIPPSLAND,-37.802937,147.47643,2020,10,October,13,Midday,Weekday
T20200018536,2020-10-21,13:30:00,1,Collision with vehicle,3,Wednesday,120,HEAD ON (NOT OVERTAKING),1,670134,Not at intersection,2,100,Local Road,EAST BEENAK,CARDINIA,-37.897087,145.66916,2020,10,October,13,Midday,Weekday
T20200018541,2020-10-21,12:15:00,1,Collision with vehicle,3,Wednesday,132,RIGHT REAR.,1,665582,Not at intersection,2,60,Arterial Other,BAY,KINGSTON,-37.95715,145.04932,2020,10,October,12,Midday,Weekday
T20200019072,2020-10-21,13:15:00,1,Collision with vehicle,3,Wednesday,132,RIGHT REAR.,1,301787,Cross intersection,3,40,Local Road,STATION,KINGSTON,-38.05594,145.11803,2020,10,October,13,Midday,Weekday
T20200018540,2020-10-21,14:15:00,2,Struck Pedestrian,3,Wednesday,106,VEH STRIKES PED ON FOOTPATH/MEDIAN/TRAFFIC ISLAND.,1,665284,Not at intersection,3,50,Local Road,RAYMOND,WELLINGTON,-38.10648,147.06552,2020,10,October,14,Midday,Weekday
T20200018580,2020-10-22,08:40:00,1,Collision with vehicle,4,Thursday,120,HEAD ON (NOT OVERTAKING),1,669747,Not at intersection,3,80,Arterial Highway,MIDLAND,GOLDEN PLAINS,-38.081245,144.25275,2020,10,October,8,Morning Peak,Weekday
T20200018576,2020-10-22,09:00:00,1,Collision with vehicle,4,Thursday,130,REAR END(VEHICLES IN SAME LANE),1,669845,Not at intersection,2,40,Arterial Other,GLEN HUNTLY,PORT PHILLIP,-37.882797,144.9879,2020,10,October,9,Morning Peak,Weekday
T20200018573,2020-10-22,07:15:00,1,Collision with vehicle,4,Thursday,121,RIGHT THROUGH,1,37117,T intersection,3,60,Arterial Other,KOROROIT CREEK,HOBSONS BAY,-37.85726,144.88307,2020,10,October,7,Morning Peak,Weekday
T20200018648,2020-10-22,22:49:00,1,Collision with vehicle,4,Thursday,140,U TURN,3,140760,Not at intersection,1,60,Arterial Other,ORMOND,PORT PHILLIP,-37.88865,144.98653,2020,10,October,22,Night,Weekday
T20200018600,2020-10-22,07:30:00,1,Collision with vehicle,4,Thursday,160,VEHICLE COLLIDES WITH VEHICLE PARKED ON LEFT OF ROAD,1,669849,Not at intersection,2,70,Arterial Other,SOUTH,GLEN EIRA,-37.93364,145.04024,2020,10,October,7,Morning Peak,Weekday
T20200018643,2020-10-22,20:30:00,1,Collision with vehicle,4,Thursday,130,REAR END(VEHICLES IN SAME LANE),3,671530,Not at intersection,2,80,Arterial Other,PRINCES,CARDINIA,-38.060116,145.40987,2020,10,October,20,Night,Weekday
T20200018639,2020-10-22,20:22:00,6,Vehicle overturned (no collision),4,Thursday,182,OFF CARRIAGEWAY ON LEFT BEND,3,669235,Not at intersection,3,100,Arterial Other,CAPE PATERSON,BASS COAST,-38.635677,145.60303,2020,10,October,20,Night,Weekday
T20200018840,2020-10-22,07:15:00,1,Collision with vehicle,4,Thursday,134,LANE CHANGE RIGHT (NOT OVERTAKING),1,669844,Not at intersection,3,80,Arterial Highway,PRINCES,DANDENONG,-37.957165,145.18335,2020,10,October,7,Morning Peak,Weekday
T20200018636,2020-10-22,15:20:00,1,Collision with vehicle,4,Thursday,132,RIGHT REAR.,1,52809,Cross intersection,3,40,Local Road,ARMSTRONG,BALLARAT,-37.550987,143.85828,2020,10,October,15,Afternoon Peak,Weekday
T20200018633,2020-10-22,16:35:00,6,Vehicle overturned (no collision),4,Thursday,174,OUT OF CONTROL ON CARRIAGEWAY (ON STRAIGHT),1,665128,Multiple intersection,2,60,Arterial Other,WELLS,KINGSTON,-38.043846,145.13968,2020,10,October,16,Afternoon Peak,Weekday
T20200018598,2020-10-22,07:00:00,1,Collision with vehicle,4,Thursday,130,REAR END(VEHICLES IN SAME LANE),1,41362,T intersection,3,60,Arterial Highway,NORTH,GLEN EIRA,-37.903763,145.03903,2020,10,October,7,Morning Peak,Weekday
T20200018596,2020-10-22,13:40:00,1,Collision with vehicle,4,Thursday,133,LANE SIDE SWIPE (VEHICLES IN PARALLEL LANES),1,665124,Not at intersection,2,50,Local Road,PICKINGS,MORNINGTON PENINSULA,-38.31906,145.00024,2020,10,October,13,Midday,Weekday
T20200018595,2020-10-22,11:55:00,1,Collision with vehicle,4,Thursday,116,LEFT NEAR (INTERSECTIONS ONLY),1,35555,Cross intersection,2,60,Arterial Highway,NORTH,MONASH,-37.909508,145.08524,2020,10,October,11,Midday,Weekday
T20200018591,2020-10-22,12:27:00,1,Collision with vehicle,4,Thursday,121,RIGHT THROUGH,1,36357,Cross intersection,2,60,Arterial Highway,WARBURTON,YARRA RANGES,-37.777317,145.52399,2020,10,October,12,Midday,Weekday
T20200018587,2020-10-22,11:20:00,1,Collision with vehicle,4,Thursday,163,VEHICLE STRIKES DOOR OF PARKED/STATIONARY VEHICLE,1,80847,Not at intersection,3,40,Arterial Other,TOORAK,STONNINGTON,-37.83848,144.98773,2020,10,October,11,Midday,Weekday
T20220016205,2020-10-22,16:20:00,1,Collision with vehicle,4,Thursday,130,REAR END(VEHICLES IN SAME LANE),9,722670,Not at intersection,3,100,Freeway,PRINCES IN-AVIATION,WYNDHAM,-37.86883,144.75923,2020,10,October,16,Afternoon Peak,Weekday
T20200018615,2020-10-22,15:42:00,1,Collision with vehicle,4,Thursday,113,RIGHT NEAR (INTERSECTIONS ONLY),1,666040,T intersection,3,60,Arterial Other,JACKSONS,DANDENONG,-37.941013,145.19258,2020,10,October,15,Afternoon Peak,Weekday
T20200018586,2020-10-22,06:45:00,8,No collision and no object struck,4,Thursday,174,OUT OF CONTROL ON CARRIAGEWAY (ON STRAIGHT),2,668899,Not at intersection,2,100,Local Road,ODONOGHUES,INDIGO,-36.03316,146.42204,2020,10,October,6,Morning Peak,Weekday
T20200018585,2020-10-22,10:40:00,1,Collision with vehicle,4,Thursday,130,REAR END(VEHICLES IN SAME LANE),1,42546,T intersection,2,60,Arterial Other,PASCOE VALE,HUME,-37.691143,144.91557,2020,10,October,10,Midday,Weekday
T20200018599,2020-10-22,13:05:00,1,Collision with vehicle,4,Thursday,134,LANE CHANGE RIGHT (NOT OVERTAKING),1,665126,Not at intersection,2,80,Arterial Highway,STATE (BELL/SPRINGVALE),MONASH,-37.913784,145.15956,2020,10,October,13,Midday,Weekday
T20200018614,2020-10-22,16:16:00,1,Collision with vehicle,4,Thursday,147,VEHICLE STRIKES ANOTHER VEH WHILE EMERGING FROM DRIVEWAY,1,671075,Not at intersection,2,50,Arterial Other,HEIDELBERG-KINGLAKE,NILLUMBIK,-37.63642,145.1981,2020,10,October,16,Afternoon Peak,Weekday
T20200019168,2020-10-22,16:30:00,1,Collision with vehicle,4,Thursday,130,REAR END(VEHICLES IN SAME LANE),1,684750,Not at intersection,3,70,Arterial Other,POUND,CASEY,-38.027756,145.26474,2020,10,October,16,Afternoon Peak,Weekday
T20200018741,2020-10-22,12:40:00,1,Collision with vehicle,4,Thursday,130,REAR END(VEHICLES IN SAME LANE),1,665814,Not at intersection,3,80,Arterial Highway,GEELONG,MARIBYRNONG,-37.81097,144.87004,2020,10,October,12,Midday,Weekday
T20200018589,2020-10-22,12:20:00,1,Collision with vehicle,4,Thursday,134,LANE CHANGE RIGHT (NOT OVERTAKING),1,665208,Not at intersection,2,70,Arterial Other,CAMP,HUME,-37.689438,144.95656,2020,10,October,12,Midday,Weekday
T20200018588,2020-10-22,11:53:00,1,Collision with vehicle,4,Thursday,130,REAR END(VEHICLES IN SAME LANE),1,35642,Cross intersection,3,80,Arterial Highway,NEPEAN,MORNINGTON PENINSULA,-38.2204,145.05681,2020,10,October,11,Midday,Weekday
T20200018714,2020-10-22,21:40:00,1,Collision with vehicle,4,Thursday,130,REAR END(VEHICLES IN SAME LANE),5,39791,Cross intersection,3,60,Arterial Other,HULL,MAROONDAH,-37.797165,145.29034,2020,10,October,21,Night,Weekday
T20200018627,2020-10-22,15:00:00,1,Collision with vehicle,4,Thursday,160,VEHICLE COLLIDES WITH VEHICLE PARKED ON LEFT OF ROAD,1,669832,Not at intersection,3,100,Freeway,WESTERN,MELTON,-37.74232,144.69223,2020,10,October,15,Afternoon Peak,Weekday
T20200018610,2020-10-22,15:50:00,1,Collision with vehicle,4,Thursday,142,LEAVING PARKING,1,665127,Not at intersection,2,50,Local Road,SOMERVILLE,MARIBYRNONG,-37.812504,144.88065,2020,10,October,15,Afternoon Peak,Weekday
T20200018628,2020-10-22,18:05:00,4,Collision with a fixed object,4,Thursday,181,OFF RIGHT BEND INTO OBJECT/PARKED VEHICLE,1,671043,Not at intersection,3,100,Arterial Other,SKIPTON,PYRENEES,-37.46889,143.38223,2020,10,October,18,Afternoon Peak,Weekday
T20200018675,2020-10-22,03:40:00,1,Collision with vehicle,4,Thursday,130,REAR END(VEHICLES IN SAME LANE),9,45527,Cross intersection,3,60,Arterial Other,MELVILLE,MORELAND,-37.764828,144.94377,2020,10,October,3,Late Night,Weekday
T20200018674,2020-10-22,11:50:00,1,Collision with vehicle,4,Thursday,135,LANE CHANGE LEFT (NOT OVERTAKING),1,668241,Not at intersection,2,80,Arterial Highway,CHELTENHAM,DANDENONG,-37.994106,145.17267,2020,10,October,11,Midday,Weekday
T20200018626,2020-10-22,16:25:00,1,Collision with vehicle,4,Thursday,130,REAR END(VEHICLES IN SAME LANE),1,665495,Cross intersection,3,70,Arterial Highway,DANDENONG,PORT PHILLIP,-37.859535,145.00412,2020,10,October,16,Afternoon Peak,Weekday
T20200018616,2020-10-22,16:50:00,1,Collision with vehicle,4,Thursday,130,REAR END(VEHICLES IN SAME LANE),1,669842,Not at intersection,3,80,Arterial Other,WESTALL,DANDENONG,-37.974705,145.13934,2020,10,October,16,Afternoon Peak,Weekday
T20200019915,2020-10-22,07:20:00,1,Collision with vehicle,4,Thursday,133,LANE SIDE SWIPE (VEHICLES IN PARALLEL LANES),9,671921,Not at intersection,3,60,Arterial Other,LORIMER,MELBOURNE,-37.82079,144.92259,2020,10,October,7,Morning Peak,Weekday
T20210000364,2020-10-22,16:15:00,1,Collision with vehicle,4,Thursday,130,REAR END(VEHICLES IN SAME LANE),1,302721,Cross intersection,3,40,Arterial Highway,HODDLE,YARRA,-37.809612,144.99138,2020,10,October,16,Afternoon Peak,Weekday
T20200018607,2020-10-22,14:52:00,1,Collision with vehicle,4,Thursday,130,REAR END(VEHICLES IN SAME LANE),1,43855,Cross intersection,3,80,Arterial Highway,SOUTH GIPPSLAND,CASEY,-38.074142,145.27145,2020,10,October,14,Midday,Weekday
T20200018606,2020-10-22,15:15:00,1,Collision with vehicle,4,Thursday,148,VEHICLE OFF FOOTPATH STRIKES VEH ON CARRIAGEWAY,1,665583,Multiple intersection,2,60,Local Road,OUTER,BAYSIDE,-37.906395,144.99504,2020,10,October,15,Afternoon Peak,Weekday
T20200018602,2020-10-22,14:09:00,1,Collision with vehicle,4,Thursday,113,RIGHT NEAR (INTERSECTIONS ONLY),1,44463,T intersection,2,60,Arterial Highway,LATROBE,GEELONG,-38.151726,144.35197,2020,10,October,14,Midday,Weekday
T20200018650,2020-10-22,16:20:00,1,Collision with vehicle,4,Thursday,110,CROSS TRAFFIC(INTERSECTIONS ONLY),9,61103,Cross intersection,3,100,Arterial Other,SKIPTON,PYRENEES,-37.613075,143.34859,2020,10,October,16,Afternoon Peak,Weekday
T20200019745,2020-10-23,11:30:00,6,Vehicle overturned (no collision),5,Friday,174,OUT OF CONTROL ON CARRIAGEWAY (ON STRAIGHT),1,669952,Not at intersection,3,80,Local Road,MCCARTINS,SOUTH GIPPSLAND,-38.545403,146.22867,2020,10,October,11,Midday,Weekday
T20200019397,2020-10-23,17:40:00,1,Collision with vehicle,5,Friday,148,VEHICLE OFF FOOTPATH STRIKES VEH ON CARRIAGEWAY,1,253557,Cross intersection,3,60,Local Road,ROCKBANK MIDDLE,MELTON,-37.74694,144.74895,2020,10,October,17,Afternoon Peak,Weekday
T20200018687,2020-10-23,20:01:00,8,No collision and no object struck,5,Friday,174,OUT OF CONTROL ON CARRIAGEWAY (ON STRAIGHT),3,665130,T intersection,3,60,Arterial Other,HIGH,STONNINGTON,-37.85886,145.04688,2020,10,October,20,Night,Weekday
T20200018689,2020-10-23,14:40:00,6,Vehicle overturned (no collision),5,Friday,180,OFF CARRIAGEWAY ON RIGHT BEND,1,665497,Not at intersection,3,70,Arterial Other,LYSTERFIELD,YARRA RANGES,-37.92008,145.30046,2020,10,October,14,Midday,Weekday
T20200020324,2020-10-23,18:30:00,1,Collision with vehicle,5,Friday,135,LANE CHANGE LEFT (NOT OVERTAKING),9,669331,Not at intersection,3,60,Arterial Other,STEPHENSONS,MONASH,-37.858192,145.1316,2020,10,October,18,Afternoon Peak,Weekday
T20200018699,2020-10-23,22:34:00,4,Collision with a fixed object,5,Friday,173,RIGHT OFF CARRIAGEWAY INTO OBJECT/PARKED VEHICLE,3,672096,Not at intersection,3,50,Local Road,MASCOMA,MOONEE VALLEY,-37.715122,144.89684,2020,10,October,22,Night,Weekday
T20200018924,2020-10-23,19:00:00,1,Collision with vehicle,5,Friday,121,RIGHT THROUGH,1,36812,Cross intersection,2,50,Arterial Other,MONTAGUE,PORT PHILLIP,-37.82841,144.94792,2020,10,October,19,Night,Weekday
T20200018695,2020-10-23,23:00:00,4,Collision with a fixed object,5,Friday,173,RIGHT OFF CARRIAGEWAY INTO OBJECT/PARKED VEHICLE,5,677690,Not at intersection,3,100,Arterial Highway,CALDER,LODDON,-36.55516,143.84157,2020,10,October,23,Night,Weekday