ACCIDENT_NO,ACCIDENT_DATE,ACCIDENT_TIME,ACCIDENT_TYPE,ACCIDENT_TYPE_DESC,DAY_OF_WEEK,DAY_WEEK_DESC,DCA_CODE,DCA_DESC,LIGHT_CONDITION,NODE_ID,ROAD_GEOMETRY_DESC,SEVERITY,SPEED_ZONE,RMA,ROAD_NAME,LGA_NAME,LATITUDE,LONGITUDE,YEAR,MONTH,MONTH_NAME,HOUR,TIME_PERIOD,DAY_TYPE
T20200020566,2020-10-23,14:30:00,1,Collision with vehicle,5,Friday,121,RIGHT THROUGH,1,39287,T intersection,3,60,Arterial Other,ELGAR,WHITEHORSE,-37.79922,145.11826,2020,10,October,14,Midday,Weekday
T20200018691,2020-10-23,22:50:00,4,Collision with a fixed object,5,Friday,173,RIGHT OFF CARRIAGEWAY INTO OBJECT/PARKED VEHICLE,3,729415,Not at intersection,2,60,Arterial Other,FLEMINGTON,MELBOURNE,-37.78944,144.94221,2020,10,October,22,Night,Weekday
T20210004148,2020-10-23,19:45:00,8,No collision and no object struck,5,Friday,174,OUT OF CONTROL ON CARRIAGEWAY (ON STRAIGHT),9,676570,T intersection,3,60,Arterial Other,RALEIGH,MARIBYRNONG,-37.769028,144.89255,2020,10,October,19,Night,Weekday
T20200018677,2020-10-23,18:00:00,1,Collision with vehicle,5,Friday,160,VEHICLE COLLIDES WITH VEHICLE PARKED ON LEFT OF ROAD,1,192246,Not at intersection,3,60,Arterial Other,ARNOLD,BENDIGO,-36.7462,144.27744,2020,10,October,18,Afternoon Peak,Weekday
T20200021150,2020-10-23,17:50:00,8,No collision and no object struck,5,Friday,174,OUT OF CONTROL ON CARRIAGEWAY (ON STRAIGHT),9,221629,T intersection,2,70,Arterial Other,SYDNEY,HUME,-37.68399,144.95726,2020,10,October,17,Afternoon Peak,Weekday
T20200018669,2020-10-23,13:35:00,1,Collision with vehicle,5,Friday,111,RIGHT FAR (INTERSECTIONS ONLY),1,36675,T intersection,3,70,Arterial Other,PASCOE VALE,HUME,-37.6518,144.93039,2020,10,October,13,Midday,Weekday
T20200018664,2020-10-23,11:24:00,1,Collision with vehicle,5,Friday,110,CROSS TRAFFIC(INTERSECTIONS ONLY),1,53011,Cross intersection,3,60,Arterial Highway,ALBERT,BALLARAT,-37.598743,143.84117,2020,10,October,11,Midday,Weekday
T20200018656,2020-10-23,10:40:00,4,Collision with a fixed object,5,Friday,181,OFF RIGHT BEND INTO OBJECT/PARKED VEHICLE,1,669847,Not at intersection,3,60,Arterial Highway,BARKER,MOUNT ALEXANDER,-37.048054,144.22096,2020,10,October,10,Midday,Weekday
T20200018884,2020-10-23,16:45:00,1,Collision with vehicle,5,Friday,160,VEHICLE COLLIDES WITH VEHICLE PARKED ON LEFT OF ROAD,2,780087,Not at intersection,3,50,Local Road,BILLINGHAM,BRIMBANK,-37.759197,144.76941,2020,10,October,16,Afternoon Peak,Weekday
T20200020102,2020-10-23,20:16:00,1,Collision with vehicle,5,Friday,130,REAR END(VEHICLES IN SAME LANE),3,43874,Multiple intersection,3,80,Arterial Highway,DANDENONG-HASTINGS,FRANKSTON,-38.107105,145.23355,2020,10,October,20,Night,Weekday
T20200018696,2020-10-23,21:25:00,8,No collision and no object struck,5,Friday,180,OFF CARRIAGEWAY ON RIGHT BEND,3,669951,Not at intersection,3,50,Local Road,QUINN,FRANKSTON,-38.121586,145.13683,2020,10,October,21,Night,Weekday
T20200018686,2020-10-23,18:35:00,4,Collision with a fixed object,5,Friday,181,OFF RIGHT BEND INTO OBJECT/PARKED VEHICLE,1,665585,Not at intersection,2,80,Arterial Highway,GREAT OCEAN,COLAC OTWAY,-38.661797,143.86424,2020,10,October,18,Afternoon Peak,Weekday
T20200018678,2020-10-23,14:30:00,9,Other accident,5,Friday,149,OTHER MANOEUVRING NOT INCLUDED IN DCAs 140-148,1,679935,Not at intersection,3,60,Local Road,MELALUKA,GEELONG,-38.18781,144.45532,2020,10,October,14,Midday,Weekday
T20200018653,2020-10-23,09:15:00,1,Collision with vehicle,5,Friday,110,CROSS TRAFFIC(INTERSECTIONS ONLY),1,35794,Cross intersection,3,60,Arterial Highway,RAGLAN,WARRNAMBOOL,-38.38395,142.49258,2020,10,October,9,Morning Peak,Weekday
T20200018706,2020-10-23,18:35:00,2,Struck Pedestrian,5,Friday,102,FAR SIDE. PED HIT BY VEHICLE FROM THE LEFT,1,667441,Cross intersection,3,50,Local Road,BARNAWARTHA-HOWLONG,INDIGO,-36.10064,146.67644,2020,10,October,18,Afternoon Peak,Weekday
T20200019112,2020-10-24,12:20:00,1,Collision with vehicle,6,Saturday,130,REAR END(VEHICLES IN SAME LANE),1,665828,Not at intersection,3,40,Local Road,HIGH,GEELONG,-38.17266,144.34528,2020,10,October,12,Midday,Weekend
T20200018742,2020-10-24,16:35:00,1,Collision with vehicle,6,Saturday,134,LANE CHANGE RIGHT (NOT OVERTAKING),1,672805,Not at intersection,3,100,Freeway,WESTERN RING,BRIMBANK,-37.80118,144.80247,2020,10,October,16,Afternoon Peak,Weekend
T20200019150,2020-10-24,18:24:00,4,Collision with a fixed object,6,Saturday,171,LEFT OFF CARRIAGEWAY INTO OBJECT/PARKED VEHICLE,1,676659,Not at intersection,3,60,Local Road,LAKELAND,WHITTLESEA,-37.590084,145.13576,2020,10,October,18,Afternoon Peak,Weekend
T20200018728,2020-10-24,14:15:00,1,Collision with vehicle,6,Saturday,121,RIGHT THROUGH,1,29816,Cross intersection,2,70,Arterial Other,BALLARAT,BRIMBANK,-37.777145,144.8287,2020,10,October,14,Midday,Weekend
T20200023327,2020-10-24,15:30:00,4,Collision with a fixed object,6,Saturday,175,OFF END OF ROAD/T-INTERSECTION.,1,671625,T intersection,3,50,Local Road,JABONE,GEELONG,-38.0968,144.33656,2020,10,October,15,Afternoon Peak,Weekend
T20200018738,2020-10-24,16:30:00,1,Collision with vehicle,6,Saturday,130,REAR END(VEHICLES IN SAME LANE),1,665498,Not at intersection,3,70,Arterial Other,CANTERBURY,WHITEHORSE,-37.83683,145.192,2020,10,October,16,Afternoon Peak,Weekend
T20200018785,2020-10-24,18:55:00,2,Struck Pedestrian,6,Saturday,109,ANY MANOEUVRE INVOLVING PED NOT INCLUDED IN DCAs 100-108.,1,669955,Not at intersection,3,100,Freeway,MIDDLEBOROUGH-EASTERN OUT,MANNINGHAM,-37.799526,145.14754,2020,10,October,18,Afternoon Peak,Weekend
T20200020246,2020-10-24,11:20:00,1,Collision with vehicle,6,Saturday,130,REAR END(VEHICLES IN SAME LANE),1,842,Cross intersection,3,80,Arterial Highway,SPRINGVALE,DANDENONG,-37.978523,145.14696,2020,10,October,11,Midday,Weekend
T20200018703,2020-10-24,05:58:00,4,Collision with a fixed object,6,Saturday,173,RIGHT OFF CARRIAGEWAY INTO OBJECT/PARKED VEHICLE,2,773279,Not at intersection,2,80,Arterial Other,CRANBOURNE,FRANKSTON,-38.14847,145.14545,2020,10,October,5,Morning Peak,Weekend
T20200018766,2020-10-24,12:00:00,1,Collision with vehicle,6,Saturday,121,RIGHT THROUGH,1,37954,Cross intersection,3,40,Local Road,ARTHURTON,DAREBIN,-37.769344,144.99902,2020,10,October,12,Midday,Weekend
T20200018798,2020-10-24,04:00:00,5,collision with some other object,6,Saturday,175,OFF END OF ROAD/T-INTERSECTION.,5,299951,T intersection,3,100,Arterial Other,BENALLA-TOCUMWAL,MOIRA,-35.98932,145.63164,2020,10,October,4,Late Night,Weekend
T20200018726,2020-10-24,11:40:00,4,Collision with a fixed object,6,Saturday,173,RIGHT OFF CARRIAGEWAY INTO OBJECT/PARKED VEHICLE,1,669953,Not at intersection,3,60,Arterial Other,EDGARS,WHITTLESEA,-37.66554,145.005,2020,10,October,11,Midday,Weekend
T20200018763,2020-10-24,23:50:00,4,Collision with a fixed object,6,Saturday,171,LEFT OFF CARRIAGEWAY INTO OBJECT/PARKED VEHICLE,5,666264,Not at intersection,2,100,Local Road,SWAN BAY,GEELONG,-38.222313,144.61438,2020,10,October,23,Night,Weekend
T20200018784,2020-10-24,21:45:00,4,Collision with a fixed object,6,Saturday,173,RIGHT OFF CARRIAGEWAY INTO OBJECT/PARKED VEHICLE,5,669962,Not at intersection,3,100,Arterial Other,TIMBOON-COLAC,CORANGAMITE,-38.459473,143.01631,2020,10,October,21,Night,Weekend
T20200018755,2020-10-24,20:05:00,1,Collision with vehicle,6,Saturday,148,VEHICLE OFF FOOTPATH STRIKES VEH ON CARRIAGEWAY,2,46757,Cross intersection,2,50,Arterial Other,DIAMOND CREEK,NILLUMBIK,-37.679993,145.1227,2020,10,October,20,Night,Weekend
T20200018737,2020-10-24,16:55:00,1,Collision with vehicle,6,Saturday,110,CROSS TRAFFIC(INTERSECTIONS ONLY),1,776891,Multiple intersection,3,50,Local Road,THOMAS MITCHELL,WODONGA,-36.134014,146.90411,2020,10,October,16,Afternoon Peak,Weekend
T20200018730,2020-10-24,14:30:00,1,Collision with vehicle,6,Saturday,136,RIGHT TURN SIDESWIPE,1,58160,T intersection,3,60,Local Road,ETIWANDA,MILDURA,-34.200455,142.16396,2020,10,October,14,Midday,Weekend
T20200018740,2020-10-24,16:40:00,1,Collision with vehicle,6,Saturday,160,VEHICLE COLLIDES WITH VEHICLE PARKED ON LEFT OF ROAD,1,666879,Not at intersection,2,100,Freeway,MONASH,DANDENONG,-37.95981,145.22551,2020,10,October,16,Afternoon Peak,Weekend
T20200018801,2020-10-24,18:59:00,1,Collision with vehicle,6,Saturday,110,CROSS TRAFFIC(INTERSECTIONS ONLY),1,65831,Cross intersection,1,40,Arterial Other,KING,MELBOURNE,-37.812466,144.95392,2020,10,October,18,Afternoon Peak,Weekend
T20200018711,2020-10-24,06:31:00,4,Collision with a fixed object,6,Saturday,173,RIGHT OFF CARRIAGEWAY INTO OBJECT/PARKED VEHICLE,2,36794,Cross intersection,2,60,Arterial Highway,FOOTSCRAY ROAD -WURUNDJERI,MELBOURNE,-37.812824,144.94296,2020,10,October,6,Morning Peak,Weekend
T20200018872,2020-10-24,11:00:00,3,Struck animal,6,Saturday,167,STRUCK ANIMAL,9,667070,Not at intersection,2,80,Local Road,WYE,COLAC OTWAY,-38.60038,143.84222,2020,10,October,11,Midday,Weekend
T20200018773,2020-10-24,21:30:00,1,Collision with vehicle,6,Saturday,120,HEAD ON (NOT OVERTAKING),5,667443,Not at intersection,3,60,Local Road,TROUPS,MELTON,-37.750736,144.66695,2020,10,October,21,Night,Weekend
T20200018720,2020-10-24,13:00:00,1,Collision with vehicle,6,Saturday,113,RIGHT NEAR (INTERSECTIONS ONLY),1,49317,Cross intersection,3,50,Arterial Highway,PALL MALL,BENDIGO,-36.757698,144.28117,2020,10,October,13,Midday,Weekend
T20200018713,2020-10-24,09:34:00,4,Collision with a fixed object,6,Saturday,183,OFF LEFT BEND INTO OBJECT/PARKED VEHICLE,1,45265,Y intersection,3,100,Local Road,DALY,CARDINIA,-38.117172,145.6109,2020,10,October,9,Morning Peak,Weekend
T20200018719,2020-10-24,11:30:00,4,Collision with a fixed object,6,Saturday,183,OFF LEFT BEND INTO OBJECT/PARKED VEHICLE,1,667151,Not at intersection,2,100,Arterial Highway,SOUTH GIPPSLAND,SOUTH GIPPSLAND,-38.597733,146.12794,2020,10,October,11,Midday,Weekend
T20200018747,2020-10-24,14:10:00,1,Collision with vehicle,6,Saturday,140,U TURN,1,665213,Not at intersection,2,60,Arterial Other,BALLARAT,MARIBYRNONG,-37.78675,144.87854,2020,10,October,14,Midday,Weekend
T20200018723,2020-10-24,09:46:00,1,Collision with vehicle,6,Saturday,121,RIGHT THROUGH,1,278622,T intersection,3,40,Local Road,OHERNS,WHITTLESEA,-37.63635,145.0148,2020,10,October,9,Morning Peak,Weekend
T20200018727,2020-10-24,12:55:00,1,Collision with vehicle,6,Saturday,121,RIGHT THROUGH,1,666969,Y intersection,2,60,Arterial Other,ALEXANDRA,STONNINGTON,-37.83528,145.00569,2020,10,October,12,Midday,Weekend
T20200018782,2020-10-25,00:03:00,4,Collision with a fixed object,7,Sunday,183,OFF LEFT BEND INTO OBJECT/PARKED VEHICLE,5,729744,Not at intersection,2,100,Arterial Other,COBDEN-PORT CAMPBELL,CORANGAMITE,-38.354618,143.05699,2020,10,October,0,Late Night,Weekend
T20200018786,2020-10-25,14:10:00,2,Struck Pedestrian,7,Sunday,104,PED WALKING WITH TRAFFIC,1,665684,Not at intersection,2,40,Local Road,ATHERTON,MONASH,-37.898968,145.09192,2020,10,October,14,Midday,Weekend
T20200018787,2020-10-25,11:10:00,2,Struck Pedestrian,7,Sunday,100,PED NEAR SIDE. PED HIT BY VEHICLE FROM THE RIGHT.,1,665250,T intersection,1,50,Local Road,SILVESTER,HUME,-37.62949,144.91693,2020,10,October,11,Midday,Weekend
T20200018790,2020-10-25,16:48:00,1,Collision with vehicle,7,Sunday,110,CROSS TRAFFIC(INTERSECTIONS ONLY),1,226283,Cross intersection,3,50,Local Road,GREVILLEA,BALLARAT,-37.52645,143.8235,2020,10,October,16,Afternoon Peak,Weekend
T20200018765,2020-10-25,00:05:00,4,Collision with a fixed object,7,Sunday,173,RIGHT OFF CARRIAGEWAY INTO OBJECT/PARKED VEHICLE,5,43807,T intersection,2,80,Arterial Other,MONBULK,YARRA RANGES,-37.811,145.40625,2020,10,October,0,Late Night,Weekend
T20200018799,2020-10-25,19:30:00,2,Struck Pedestrian,7,Sunday,101,PED EMERGES FROM IN FRONT OF PARKED OR STATIONARY VEHICLE,2,665499,Not at intersection,2,60,Arterial Other,SURREY,WHITEHORSE,-37.816612,145.15648,2020,10,October,19,Night,Weekend
T20200018804,2020-10-25,14:23:00,4,Collision with a fixed object,7,Sunday,171,LEFT OFF CARRIAGEWAY INTO OBJECT/PARKED VEHICLE,1,665391,Not at intersection,3,80,Arterial Highway,WESTERN PORT,CASEY,-38.072773,145.24054,2020,10,October,14,Midday,Weekend
T20200018802,2020-10-25,20:06:00,4,Collision with a fixed object,7,Sunday,171,LEFT OFF CARRIAGEWAY INTO OBJECT/PARKED VEHICLE,3,666194,Not at intersection,2,60,Local Road,GOLDSWORTHY,GEELONG,-38.077335,144.34921,2020,10,October,20,Night,Weekend
T20200019082,2020-10-25,17:45:00,1,Collision with vehicle,7,Sunday,121,RIGHT THROUGH,1,39584,Cross intersection,2,60,Arterial Highway,MAROONDAH HIGHWAY -WHITEHORSE,WHITEHORSE,-37.81717,145.21336,2020,10,October,17,Afternoon Peak,Weekend
T20200018844,2020-10-25,11:40:00,1,Collision with vehicle,7,Sunday,113,RIGHT NEAR (INTERSECTIONS ONLY),1,666437,T intersection,3,100,Local Road,TANWOOD,PYRENEES,-37.014874,143.3738,2020,10,October,11,Midday,Weekend
T20200020036,2020-10-25,13:00:00,1,Collision with vehicle,7,Sunday,113,RIGHT NEAR (INTERSECTIONS ONLY),1,43239,T intersection,3,60,Arterial Highway,NEPEAN,KINGSTON,-38.047592,145.1137,2020,10,October,13,Midday,Weekend
T20210000867,2020-10-25,14:00:00,6,Vehicle overturned (no collision),7,Sunday,184,OUT OF CONTROL ON CARRIAGEWAY (ON BEND),1,672907,Not at intersection,3,100,Local Road,NOLANS CREEK,ALPINE,-36.855347,146.98595,2020,10,October,14,Midday,Weekend
T20200018973,2020-10-25,11:35:00,1,Collision with vehicle,7,Sunday,142,LEAVING PARKING,9,36458,Not at intersection,3,50,Arterial Other,JOHNSTON,YARRA,-37.79807,144.97597,2020,10,October,11,Midday,Weekend
T20200020518,2020-10-25,02:00:00,8,No collision and no object struck,7,Sunday,174,OUT OF CONTROL ON CARRIAGEWAY (ON STRAIGHT),3,729770,Not at intersection,2,70,Arterial Highway,PUNT,MELBOURNE,-37.828007,144.98824,2020,10,October,2,Late Night,Weekend
T20200018768,2020-10-25,06:33:00,4,Collision with a fixed object,7,Sunday,171,LEFT OFF CARRIAGEWAY INTO OBJECT/PARKED VEHICLE,2,677960,Not at intersection,3,60,Local Road,SUTTON,BAW BAW,-38.15102,145.9251,2020,10,October,6,Morning Peak,Weekend
T20200018819,2020-10-26,08:00:00,2,Struck Pedestrian,1,Monday,100,PED NEAR SIDE. PED HIT BY VEHICLE FROM THE RIGHT.,1,73138,T intersection,2,50,Local Road,BLUE WATERS,GEELONG,-38.25772,144.51146,2020,10,October,8,Morning Peak,Weekday
T20200018856,2020-10-26,05:25:00,1,Collision with vehicle,1,Monday,121,RIGHT THROUGH,2,223472,Cross intersection,3,80,Arterial Other,SYDNEY,HUME,-37.651073,144.95236,2020,10,October,5,Morning Peak,Weekday
T20200018943,2020-10-26,07:00:00,1,Collision with vehicle,1,Monday,130,REAR END(VEHICLES IN SAME LANE),2,42113,Cross intersection,3,60,Arterial Other,BAY,BAYSIDE,-37.9538,145.02069,2020,10,October,7,Morning Peak,Weekday
T20200018814,2020-10-26,09:00:00,1,Collision with vehicle,1,Monday,135,LANE CHANGE LEFT (NOT OVERTAKING),1,665392,Not at intersection,2,70,Arterial Other,STATION,BRIMBANK,-37.768764,144.77515,2020,10,October,9,Morning Peak,Weekday
T20200018812,2020-10-26,08:00:00,1,Collision with vehicle,1,Monday,148,VEHICLE OFF FOOTPATH STRIKES VEH ON CARRIAGEWAY,1,51952,Cross intersection,3,60,Local Road,GRANT,EAST GIPPSLAND,-37.826775,147.62135,2020,10,October,8,Morning Peak,Weekday
T20200018810,2020-10-26,05:01:00,1,Collision with vehicle,1,Monday,121,RIGHT THROUGH,3,320474,Cross intersection,2,80,Arterial Other,GREENS ROAD -HUTTON,DANDENONG,-38.011658,145.1717,2020,10,October,5,Morning Peak,Weekday
T20200018822,2020-10-26,09:46:00,1,Collision with vehicle,1,Monday,113,RIGHT NEAR (INTERSECTIONS ONLY),1,816,T intersection,3,60,Arterial Other,SYDNEY,MORELAND,-37.704514,144.96037,2020,10,October,9,Morning Peak,Weekday
T20200018865,2020-10-26,13:59:00,1,Collision with vehicle,1,Monday,110,CROSS TRAFFIC(INTERSECTIONS ONLY),1,305441,Cross intersection,2,100,Arterial Other,KATAMATITE-SHEPPARTON MAIN,SHEPPARTON,-36.23879,145.49052,2020,10,October,13,Midday,Weekday
T20200018861,2020-10-26,16:50:00,1,Collision with vehicle,1,Monday,121,RIGHT THROUGH,1,670214,T intersection,3,50,Local Road,TOOLERN WATERS,MELTON,-37.718323,144.55815,2020,10,October,16,Afternoon Peak,Weekday
T20200018895,2020-10-26,16:30:00,5,collision with some other object,1,Monday,198,OTHER ACCIDENTS NOT CLASSIFIABLE ELSEWHERE,1,665592,T intersection,2,50,Local Road,THE GEORGIAN,YARRA RANGES,-37.854095,145.36882,2020,10,October,16,Afternoon Peak,Weekday
T20200019575,2020-10-26,08:30:00,1,Collision with vehicle,1,Monday,110,CROSS TRAFFIC(INTERSECTIONS ONLY),1,29647,Cross intersection,3,60,Arterial Other,GRANGE,GLEN EIRA,-37.900524,145.0447,2020,10,October,8,Morning Peak,Weekday
T20200018857,2020-10-26,18:05:00,4,Collision with a fixed object,1,Monday,171,LEFT OFF CARRIAGEWAY INTO OBJECT/PARKED VEHICLE,1,67296,T intersection,3,40,Arterial Other,HIGH,STONNINGTON,-37.8526,144.99884,2020,10,October,18,Afternoon Peak,Weekday
T20200018852,2020-10-26,17:20:00,1,Collision with vehicle,1,Monday,130,REAR END(VEHICLES IN SAME LANE),1,627736,T intersection,2,80,Arterial Other,DONNYBROOK,HUME,-37.535656,144.90555,2020,10,October,17,Afternoon Peak,Weekday
T20200019573,2020-10-26,15:00:00,1,Collision with vehicle,1,Monday,147,VEHICLE STRIKES ANOTHER VEH WHILE EMERGING FROM DRIVEWAY,1,272976,Not at intersection,3,60,Arterial Other,SAYERS,WYNDHAM,-37.851875,144.72131,2020,10,October,15,Afternoon Peak,Weekday
T20200018808,2020-10-26,02:20:00,4,Collision with a fixed object,1,Monday,179,OTHER ACCIDENTS-OFF STRAIGHT NOT INCLUDED IN DCAs 170-175,3,243234,Cross intersection,3,60,Local Road,ARMY,CARDINIA,-38.06699,145.4958,2020,10,October,2,Late Night,Weekday
T20200018851,2020-10-26,17:20:00,1,Collision with vehicle,1,Monday,150,HEAD ON(OVERTAKING),1,666849,Not at intersection,3,50,Local Road,ROSEBANK,CASEY,-38.07588,145.28474,2020,10,October,17,Afternoon Peak,Weekday
T20200018848,2020-10-26,15:30:00,1,Collision with vehicle,1,Monday,110,CROSS TRAFFIC(INTERSECTIONS ONLY),1,50032,Cross intersection,2,50,Local Road,GARDEN,GEELONG,-38.159065,144.36948,2020,10,October,15,Afternoon Peak,Weekday
T20200018859,2020-10-26,19:45:00,4,Collision with a fixed object,1,Monday,173,RIGHT OFF CARRIAGEWAY INTO OBJECT/PARKED VEHICLE,2,665685,Not at intersection,2,100,Arterial Other,TRARALGON-MAFFRA,LATROBE,-38.110863,146.5858,2020,10,October,19,Night,Weekday
T20200018834,2020-10-26,12:35:00,1,Collision with vehicle,1,Monday,140,U TURN,1,666529,Not at intersection,2,60,Arterial Highway,GREAT OCEAN,SURF COAST,-38.555447,143.97887,2020,10,October,12,Midday,Weekday
T20200018833,2020-10-26,10:45:00,1,Collision with vehicle,1,Monday,160,VEHICLE COLLIDES WITH VEHICLE PARKED ON LEFT OF ROAD,1,116075,Not at intersection,2,70,Arterial Other,MAHONEYS,WHITTLESEA,-37.691593,144.9796,2020,10,October,10,Midday,Weekday
T20200018847,2020-10-26,14:23:00,1,Collision with vehicle,1,Monday,130,REAR END(VEHICLES IN SAME LANE),1,729745,Not at intersection,3,60,Arterial Other,JASPER,GLEN EIRA,-37.920147,145.04144,2020,10,October,14,Midday,Weekday
T20200018916,2020-10-26,15:30:00,1,Collision with vehicle,1,Monday,142,LEAVING PARKING,1,173238,Not at intersection,3,40,Local Road,HARE,CAMPASPE,-36.12714,144.74934,2020,10,October,15,Afternoon Peak,Weekday
T20200018888,2020-10-26,19:30:00,2,Struck Pedestrian,1,Monday,102,FAR SIDE. PED HIT BY VEHICLE FROM THE LEFT,1,667071,Not at intersection,2,40,Local Road,STERLING,MOONEE VALLEY,-37.741398,144.85924,2020,10,October,19,Night,Weekday
T20200019273,2020-10-26,15:15:00,1,Collision with vehicle,1,Monday,110,CROSS TRAFFIC(INTERSECTIONS ONLY),1,36056,Cross intersection,3,60,Arterial Other,DERRIMUT,WYNDHAM,-37.819614,144.6936,2020,10,October,15,Afternoon Peak,Weekday
T20200018863,2020-10-26,21:47:00,4,Collision with a fixed object,1,Monday,175,OFF END OF ROAD/T-INTERSECTION.,5,783528,T intersection,3,100,Local Road,PATONS,BENDIGO,-36.8558,144.428,2020,10,October,21,Night,Weekday
T20200018838,2020-10-26,13:24:00,1,Collision with vehicle,1,Monday,110,CROSS TRAFFIC(INTERSECTIONS ONLY),1,16795,Cross intersection,3,80,Arterial Highway,MORTLAKE,WARRNAMBOOL,-38.35686,142.50156,2020,10,October,13,Midday,Weekday
T20200018862,2020-10-26,23:30:00,4,Collision with a fixed object,1,Monday,171,LEFT OFF CARRIAGEWAY INTO OBJECT/PARKED VEHICLE,3,667285,Not at intersection,2,80,Arterial Other,BOUNDARY,KINGSTON,-37.987354,145.10904,2020,10,October,23,Night,Weekday
T20200019902,2020-10-26,15:00:00,1,Collision with vehicle,1,Monday,130,REAR END(VEHICLES IN SAME LANE),1,29605,T intersection,3,60,Arterial Other,BALACLAVA,GLEN EIRA,-37.87351,145.0314,2020,10,October,15,Afternoon Peak,Weekday
T20200018835,2020-10-26,12:59:00,1,Collision with vehicle,1,Monday,113,RIGHT NEAR (INTERSECTIONS ONLY),1,55272,T intersection,3,60,Arterial Other,ADAM,BENDIGO,-36.776043,144.27377,2020,10,October,12,Midday,Weekday
T20200018897,2020-10-27,09:14:00,6,Vehicle overturned (no collision),2,Tuesday,174,OUT OF CONTROL ON CARRIAGEWAY (ON STRAIGHT),1,50423,T intersection,3,80,Arterial Highway,PHILLIP ISLAND,BASS COAST,-38.519676,145.34082,2020,10,October,9,Morning Peak,Weekday
T20200018898,2020-10-27,12:55:00,1,Collision with vehicle,2,Tuesday,120,HEAD ON (NOT OVERTAKING),1,685153,Not at intersection,2,60,Local Road,PATTERSONS,CASEY,-38.118988,145.32918,2020,10,October,12,Midday,Weekday
T20200018878,2020-10-27,05:30:00,1,Collision with vehicle,2,Tuesday,110,CROSS TRAFFIC(INTERSECTIONS ONLY),3,43415,Cross intersection,3,50,Local Road,BROADHURST,DAREBIN,-37.706642,144.9832,2020,10,October,5,Morning Peak,Weekday
T20200018901,2020-10-27,11:57:00,1,Collision with vehicle,2,Tuesday,131,LEFT REAR,1,671430,Not at intersection,3,60,Local Road,ABEY,MELTON,-37.70549,144.5951,2020,10,October,11,Midday,Weekday
T20200018902,2020-10-27,14:10:00,1,Collision with vehicle,2,Tuesday,133,LANE SIDE SWIPE (VEHICLES IN PARALLEL LANES),1,665504,Not at intersection,3,60,Arterial Other,PASCOE VALE,HUME,-37.663242,144.92247,2020,10,October,14,Midday,Weekday
T20200018906,2020-10-27,14:40:00,2,Struck Pedestrian,2,Tuesday,102,FAR SIDE. PED HIT BY VEHICLE FROM THE LEFT,1,665593,Not at intersection,3,50,Local Road,WARDS,GLEN EIRA,-37.92174,145.06213,2020,10,October,14,Midday,Weekday
T20200018911,2020-10-27,14:50:00,1,Collision with vehicle,2,Tuesday,113,RIGHT NEAR (INTERSECTIONS ONLY),1,615012,T intersection,3,80,Arterial Other,MOUNTAIN,KNOX,-37.849144,145.22678,2020,10,October,14,Midday,Weekday
T20200020008,2020-10-27,15:30:00,6,Vehicle overturned (no collision),2,Tuesday,179,OTHER ACCIDENTS-OFF STRAIGHT NOT INCLUDED IN DCAs 170-175,1,265007,Not at intersection,3,40,Local Road,CHAPEL,STONNINGTON,-37.8548,144.99281,2020,10,October,15,Afternoon Peak,Weekday
T20200018867,2020-10-27,04:58:00,4,Collision with a fixed object,2,Tuesday,171,LEFT OFF CARRIAGEWAY INTO OBJECT/PARKED VEHICLE,5,683068,Not at intersection,2,50,Arterial Other,BARWON HEADS-OCEAN GROVE,GEELONG,-38.281544,144.49916,2020,10,October,4,Late Night,Weekday
T20200018899,2020-10-27,14:00:00,1,Collision with vehicle,2,Tuesday,130,REAR END(VEHICLES IN SAME LANE),1,668111,Not at intersection,3,60,Arterial Other,MELVILLE,MORELAND,-37.7589,144.94482,2020,10,October,14,Midday,Weekday
T20200019643,2020-10-27,15:38:00,1,Collision with vehicle,2,Tuesday,148,VEHICLE OFF FOOTPATH STRIKES VEH ON CARRIAGEWAY,1,669102,Not at intersection,2,40,Local Road,AUSTIN,MONASH,-37.907593,145.07822,2020,10,October,15,Afternoon Peak,Weekday
T20200018882,2020-10-27,10:05:00,1,Collision with vehicle,2,Tuesday,130,REAR END(VEHICLES IN SAME LANE),1,668245,Cross intersection,3,50,Local Road,TUCKER,GLEN EIRA,-37.912884,145.05215,2020,10,October,10,Midday,Weekday
T20200020780,2020-10-27,09:20:00,4,Collision with a fixed object,2,Tuesday,181,OFF RIGHT BEND INTO OBJECT/PARKED VEHICLE,1,670820,Not at intersection,3,100,Arterial Other,HAPPY VALLEY,ALPINE,-36.585266,146.7911,2020,10,October,9,Morning Peak,Weekday
T20200018918,2020-10-27,08:33:00,1,Collision with vehicle,2,Tuesday,130,REAR END(VEHICLES IN SAME LANE),1,665594,Not at intersection,3,80,Arterial Other,CARDINIA,CARDINIA,-38.082268,145.43341,2020,10,October,8,Morning Peak,Weekday
T20200019473,2020-10-27,09:20:00,1,Collision with vehicle,2,Tuesday,135,LANE CHANGE LEFT (NOT OVERTAKING),1,670060,Not at intersection,3,50,Arterial Other,ST GEORGES ROAD BRIDGE,DAREBIN,-37.77663,144.98962,2020,10,October,9,Morning Peak,Weekday