ACCIDENT_NO,ACCIDENT_DATE,ACCIDENT_TIME,ACCIDENT_TYPE,ACCIDENT_TYPE_DESC,DAY_OF_WEEK,DAY_WEEK_DESC,DCA_CODE,DCA_DESC,LIGHT_CONDITION,NODE_ID,ROAD_GEOMETRY_DESC,SEVERITY,SPEED_ZONE,RMA,ROAD_NAME,LGA_NAME,LATITUDE,LONGITUDE,YEAR,MONTH,MONTH_NAME,HOUR,TIME_PERIOD,DAY_TYPE
T20200018885,2020-10-27,08:30:00,4,Collision with a fixed object,2,Tuesday,181,OFF RIGHT BEND INTO OBJECT/PARKED VEHICLE,1,665818,Not at intersection,2,100,Local Road,FORGE CREEK,EAST GIPPSLAND,-37.901577,147.64667,2020,10,October,8,Morning Peak,Weekday
T20200019074,2020-10-27,21:00:00,3,Struck animal,2,Tuesday,167,STRUCK ANIMAL,5,773378,Not at intersection,3,100,Arterial Highway,MURRAY VALLEY,CAMPASPE,-36.19824,144.93024,2020,10,October,21,Night,Weekday
T20200019031,2020-10-27,10:09:00,1,Collision with vehicle,2,Tuesday,116,LEFT NEAR (INTERSECTIONS ONLY),1,36205,Cross intersection,2,60,Local Road,SOMERVILLE,MARIBYRNONG,-37.81411,144.8948,2020,10,October,10,Midday,Weekday
T20200023329,2020-10-27,14:00:00,1,Collision with vehicle,2,Tuesday,134,LANE CHANGE RIGHT (NOT OVERTAKING),1,675916,Not at intersection,3,80,Arterial Other,PLENTY,WHITTLESEA,-37.674423,145.07047,2020,10,October,14,Midday,Weekday
T20200018874,2020-10-27,08:23:00,2,Struck Pedestrian,2,Tuesday,100,PED NEAR SIDE. PED HIT BY VEHICLE FROM THE RIGHT.,1,666639,T intersection,2,50,Local Road,MORINDA,MAROONDAH,-37.809742,145.25829,2020,10,October,8,Morning Peak,Weekday
T20200019040,2020-10-27,21:00:00,1,Collision with vehicle,2,Tuesday,139,OTHER SAME DIRECTION-MANOUEVRES NOT INCLUDED IN DCAs 130-137,3,340753,Multiple intersection,3,40,Local Road,POINT NEPEAN,MORNINGTON PENINSULA,-38.35546,144.90619,2020,10,October,21,Night,Weekday
T20200019049,2020-10-27,17:30:00,1,Collision with vehicle,2,Tuesday,137,LEFT TURN SIDESWIPE,9,36467,T intersection,2,60,Local Road,BRUNSWICK,YARRA,-37.804092,144.97748,2020,10,October,17,Afternoon Peak,Weekday
T20200019508,2020-10-27,11:38:00,1,Collision with vehicle,2,Tuesday,130,REAR END(VEHICLES IN SAME LANE),1,683070,Not at intersection,3,60,Arterial Other,ANDERSON,BRIMBANK,-37.77743,144.82866,2020,10,October,11,Midday,Weekday
T20200018915,2020-10-27,16:05:00,1,Collision with vehicle,2,Tuesday,147,VEHICLE STRIKES ANOTHER VEH WHILE EMERGING FROM DRIVEWAY,1,747374,Not at intersection,2,40,Arterial Other,TOORAK,MELBOURNE,-37.837414,144.97937,2020,10,October,16,Afternoon Peak,Weekday
T20200018879,2020-10-27,09:48:00,4,Collision with a fixed object,2,Tuesday,183,OFF LEFT BEND INTO OBJECT/PARKED VEHICLE,1,666045,Not at intersection,2,100,Arterial Other,MOE-RAWSON,BAW BAW,-38.063328,146.33632,2020,10,October,9,Morning Peak,Weekday
T20200018917,2020-10-27,16:00:00,4,Collision with a fixed object,2,Tuesday,171,LEFT OFF CARRIAGEWAY INTO OBJECT/PARKED VEHICLE,1,729417,Not at intersection,3,60,Local Road,BUTLERS,MOORABOOL,-37.611645,143.93254,2020,10,October,16,Afternoon Peak,Weekday
T20200018880,2020-10-27,09:50:00,1,Collision with vehicle,2,Tuesday,132,RIGHT REAR.,1,669101,Not at intersection,2,60,Arterial Other,HIGH,WHITTLESEA,-37.688766,145.0124,2020,10,October,9,Morning Peak,Weekday
T20200018921,2020-10-27,15:30:00,1,Collision with vehicle,2,Tuesday,130,REAR END(VEHICLES IN SAME LANE),1,667701,Not at intersection,3,60,Arterial Highway,MIDLAND,BENDIGO,-36.707977,144.31561,2020,10,October,15,Afternoon Peak,Weekday
T20200019378,2020-10-27,06:45:00,9,Other accident,2,Tuesday,179,OTHER ACCIDENTS-OFF STRAIGHT NOT INCLUDED IN DCAs 170-175,1,666151,Not at intersection,3,60,Arterial Other,RESEARCH-WARRANDYTE,NILLUMBIK,-37.705715,145.18098,2020,10,October,6,Morning Peak,Weekday
T20200019454,2020-10-27,16:00:00,2,Struck Pedestrian,2,Tuesday,109,ANY MANOEUVRE INVOLVING PED NOT INCLUDED IN DCAs 100-108.,1,666976,Not at intersection,3,50,Arterial Highway,THOMPSON,BASS COAST,-38.455616,145.23898,2020,10,October,16,Afternoon Peak,Weekday
T20200018881,2020-10-27,08:30:00,9,Other accident,2,Tuesday,174,OUT OF CONTROL ON CARRIAGEWAY (ON STRAIGHT),1,836,T intersection,3,60,Local Road,OHEA,MORELAND,-37.73721,144.96133,2020,10,October,8,Morning Peak,Weekday
T20200018925,2020-10-27,14:35:00,4,Collision with a fixed object,2,Tuesday,183,OFF LEFT BEND INTO OBJECT/PARKED VEHICLE,1,694016,Not at intersection,3,100,Local Road,NYORA-ST HELIER,BASS COAST,-38.36268,145.63849,2020,10,October,14,Midday,Weekday
T20200018893,2020-10-27,08:06:00,1,Collision with vehicle,2,Tuesday,160,VEHICLE COLLIDES WITH VEHICLE PARKED ON LEFT OF ROAD,1,666046,Not at intersection,2,50,Local Road,MENIN,WHITEHORSE,-37.826775,145.17831,2020,10,October,8,Morning Peak,Weekday
T20200018945,2020-10-27,15:40:00,1,Collision with vehicle,2,Tuesday,110,CROSS TRAFFIC(INTERSECTIONS ONLY),1,57302,Cross intersection,3,50,Local Road,BANNISTER,BENDIGO,-36.74472,144.2799,2020,10,October,15,Afternoon Peak,Weekday
T20200018979,2020-10-28,17:20:00,1,Collision with vehicle,3,Wednesday,121,RIGHT THROUGH,1,665692,Not at intersection,2,80,Arterial Highway,SOUTH GIPPSLAND,CASEY,-38.08433,145.27756,2020,10,October,17,Afternoon Peak,Weekday
T20200018980,2020-10-28,17:45:00,1,Collision with vehicle,3,Wednesday,163,VEHICLE STRIKES DOOR OF PARKED/STATIONARY VEHICLE,1,665693,Not at intersection,2,50,Local Road,ELSTER,GLEN EIRA,-37.89598,145.00618,2020,10,October,17,Afternoon Peak,Weekday
T20210016839,2020-10-28,18:10:00,1,Collision with vehicle,3,Wednesday,130,REAR END(VEHICLES IN SAME LANE),2,689843,Not at intersection,3,100,Freeway,PRINCES,CASEY,-38.048496,145.34978,2020,10,October,18,Afternoon Peak,Weekday
T20200018981,2020-10-28,18:32:00,2,Struck Pedestrian,3,Wednesday,102,FAR SIDE. PED HIT BY VEHICLE FROM THE LEFT,1,665694,Not at intersection,2,60,Arterial Highway,POINT NEPEAN,MORNINGTON PENINSULA,-38.333775,144.9626,2020,10,October,18,Afternoon Peak,Weekday
T20200018982,2020-10-28,14:13:00,1,Collision with vehicle,3,Wednesday,121,RIGHT THROUGH,1,277699,T intersection,2,80,Arterial Other,PRINCES,CARDINIA,-38.061806,145.44264,2020,10,October,14,Midday,Weekday
T20200018983,2020-10-28,16:40:00,1,Collision with vehicle,3,Wednesday,110,CROSS TRAFFIC(INTERSECTIONS ONLY),1,668805,Cross intersection,3,60,Arterial Highway,DON,BENDIGO,-36.761837,144.26994,2020,10,October,16,Afternoon Peak,Weekday
T20200019116,2020-10-28,08:30:00,1,Collision with vehicle,3,Wednesday,130,REAR END(VEHICLES IN SAME LANE),1,665830,T intersection,3,60,Arterial Other,BARWON HEADS,GEELONG,-38.18455,144.35434,2020,10,October,8,Morning Peak,Weekday
T20200018986,2020-10-28,16:00:00,2,Struck Pedestrian,3,Wednesday,102,FAR SIDE. PED HIT BY VEHICLE FROM THE LEFT,1,773281,Not at intersection,2,40,Arterial Other,GLEN EIRA,GLEN EIRA,-37.877743,145.00468,2020,10,October,16,Afternoon Peak,Weekday
T20200018987,2020-10-28,19:15:00,2,Struck Pedestrian,3,Wednesday,103,PED PLAYING/LYING/WORKING/STANDING ON CARRIAGEWAY.,1,665599,Not at intersection,3,50,Local Road,WILLIAM,DANDENONG,-37.99804,145.21248,2020,10,October,19,Night,Weekday
T20200021417,2020-10-28,07:45:00,1,Collision with vehicle,3,Wednesday,135,LANE CHANGE LEFT (NOT OVERTAKING),1,670092,Cross intersection,3,40,Arterial Other,FITZROY,PORT PHILLIP,-37.859753,144.9774,2020,10,October,7,Morning Peak,Weekday
T20200018988,2020-10-28,18:55:00,1,Collision with vehicle,3,Wednesday,147,VEHICLE STRIKES ANOTHER VEH WHILE EMERGING FROM DRIVEWAY,1,729418,Not at intersection,2,50,Local Road,BADEN POWELL,WYNDHAM,-37.841183,144.69116,2020,10,October,18,Afternoon Peak,Weekday
T20200018989,2020-10-28,14:36:00,1,Collision with vehicle,3,Wednesday,140,U TURN,1,665821,Not at intersection,3,50,Local Road,BANKSIA,BANYULE,-37.75648,145.03844,2020,10,October,14,Midday,Weekday
T20200018996,2020-10-28,15:48:00,1,Collision with vehicle,3,Wednesday,121,RIGHT THROUGH,1,65834,T intersection,1,50,Local Road,ANDERSON,MELBOURNE,-37.812527,144.92546,2020,10,October,15,Afternoon Peak,Weekday
T20200019022,2020-10-28,17:00:00,1,Collision with vehicle,3,Wednesday,110,CROSS TRAFFIC(INTERSECTIONS ONLY),1,47637,Cross intersection,3,60,Local Road,DUMFRIES,BRIMBANK,-37.762238,144.77135,2020,10,October,17,Afternoon Peak,Weekday
T20200019060,2020-10-28,14:50:00,1,Collision with vehicle,3,Wednesday,116,LEFT NEAR (INTERSECTIONS ONLY),1,36228,T intersection,3,50,Local Road,BELMONT,BRIMBANK,-37.7216,144.80121,2020,10,October,14,Midday,Weekday
T20200019081,2020-10-28,16:30:00,1,Collision with vehicle,3,Wednesday,130,REAR END(VEHICLES IN SAME LANE),1,666749,Not at intersection,2,70,Freeway,METROPOLITAN RING,NILLUMBIK,-37.68917,145.08315,2020,10,October,16,Afternoon Peak,Weekday
T20200020013,2020-10-28,17:00:00,1,Collision with vehicle,3,Wednesday,121,RIGHT THROUGH,1,40475,T intersection,3,60,Arterial Other,HIGH,BOROONDARA,-37.861973,145.06743,2020,10,October,17,Afternoon Peak,Weekday
T20210001325,2020-10-28,18:00:00,6,Vehicle overturned (no collision),3,Wednesday,174,OUT OF CONTROL ON CARRIAGEWAY (ON STRAIGHT),1,673243,Not at intersection,3,100,Local Road,MOUNTAIN GLEN,BAW BAW,-38.191856,146.21533,2020,10,October,18,Afternoon Peak,Weekday
T20200019945,2020-10-28,16:00:00,1,Collision with vehicle,3,Wednesday,130,REAR END(VEHICLES IN SAME LANE),1,666871,Not at intersection,3,80,Arterial Other,KOROROIT CREEK,HOBSONS BAY,-37.848797,144.82292,2020,10,October,16,Afternoon Peak,Weekday
T20200019916,2020-10-28,00:25:00,1,Collision with vehicle,3,Wednesday,130,REAR END(VEHICLES IN SAME LANE),9,668386,Not at intersection,3,60,Arterial Other,HEATHS,WYNDHAM,-37.875835,144.65994,2020,10,October,0,Late Night,Weekday
T20200020615,2020-10-28,01:00:00,1,Collision with vehicle,3,Wednesday,160,VEHICLE COLLIDES WITH VEHICLE PARKED ON LEFT OF ROAD,6,688063,Not at intersection,3,50,Local Road,DINGLEY,DANDENONG,-37.9945,145.19568,2020,10,October,1,Late Night,Weekday
T20200019844,2020-10-28,06:15:00,8,No collision and no object struck,3,Wednesday,174,OUT OF CONTROL ON CARRIAGEWAY (ON STRAIGHT),2,84249,Cross intersection,3,60,Arterial Other,BOUNDARY,WYNDHAM,-37.813778,144.78726,2020,10,October,6,Morning Peak,Weekday
T20200018937,2020-10-28,05:54:00,1,Collision with vehicle,3,Wednesday,131,LEFT REAR,2,665689,Not at intersection,3,60,Local Road,COLDSTREAM WEST,YARRA RANGES,-37.715515,145.33089,2020,10,October,5,Morning Peak,Weekday
T20200018948,2020-10-28,12:34:00,4,Collision with a fixed object,3,Wednesday,171,LEFT OFF CARRIAGEWAY INTO OBJECT/PARKED VEHICLE,1,669840,Not at intersection,3,60,Arterial Other,BALACLAVA,GLEN EIRA,-37.871826,145.01793,2020,10,October,12,Midday,Weekday
T20200021653,2020-10-28,17:00:00,4,Collision with a fixed object,3,Wednesday,171,LEFT OFF CARRIAGEWAY INTO OBJECT/PARKED VEHICLE,1,780623,Not at intersection,3,70,Local Road,OLD DAIRY FLAT,MITCHELL,-36.97661,144.71895,2020,10,October,17,Afternoon Peak,Weekday
T20200018949,2020-10-28,12:58:00,1,Collision with vehicle,3,Wednesday,130,REAR END(VEHICLES IN SAME LANE),1,669884,Not at intersection,2,60,Arterial Other,STURT,BALLARAT,-37.556168,143.8199,2020,10,October,12,Midday,Weekday
T20200018950,2020-10-28,07:05:00,2,Struck Pedestrian,3,Wednesday,103,PED PLAYING/LYING/WORKING/STANDING ON CARRIAGEWAY.,1,670082,Not at intersection,3,50,Local Road,EDWARDES,DAREBIN,-37.714443,144.9884,2020,10,October,7,Morning Peak,Weekday
T20200018960,2020-10-28,15:17:00,1,Collision with vehicle,3,Wednesday,121,RIGHT THROUGH,1,43902,Cross intersection,3,60,Arterial Other,SLADEN,CASEY,-38.113274,145.28471,2020,10,October,15,Afternoon Peak,Weekday
T20200018961,2020-10-28,13:45:00,1,Collision with vehicle,3,Wednesday,160,VEHICLE COLLIDES WITH VEHICLE PARKED ON LEFT OF ROAD,1,668784,Not at intersection,3,60,Arterial Other,RIVERSDALE,WHITEHORSE,-37.83697,145.10509,2020,10,October,13,Midday,Weekday
T20200018962,2020-10-28,15:16:00,1,Collision with vehicle,3,Wednesday,121,RIGHT THROUGH,1,40238,T intersection,2,60,Arterial Other,TOORAK,STONNINGTON,-37.842545,145.02118,2020,10,October,15,Afternoon Peak,Weekday
T20200018963,2020-10-28,15:33:00,2,Struck Pedestrian,3,Wednesday,102,FAR SIDE. PED HIT BY VEHICLE FROM THE LEFT,1,666641,Not at intersection,3,50,Local Road,SANDELLS,YARRA RANGES,-37.90579,145.34427,2020,10,October,15,Afternoon Peak,Weekday
T20200018966,2020-10-28,14:39:00,4,Collision with a fixed object,3,Wednesday,171,LEFT OFF CARRIAGEWAY INTO OBJECT/PARKED VEHICLE,1,669005,Not at intersection,3,60,Local Road,BURVILLES,GEELONG,-38.23186,144.35136,2020,10,October,14,Midday,Weekday
T20200018971,2020-10-28,15:00:00,1,Collision with vehicle,3,Wednesday,113,RIGHT NEAR (INTERSECTIONS ONLY),1,41352,T intersection,2,50,Local Road,SMITH,GLEN EIRA,-37.876915,145.03941,2020,10,October,15,Afternoon Peak,Weekday
T20200018972,2020-10-28,16:15:00,1,Collision with vehicle,3,Wednesday,121,RIGHT THROUGH,1,72071,T intersection,2,80,Arterial Other,CRANBOURNE,FRANKSTON,-38.152706,145.15663,2020,10,October,16,Afternoon Peak,Weekday
T20200021984,2020-10-28,17:00:00,1,Collision with vehicle,3,Wednesday,130,REAR END(VEHICLES IN SAME LANE),1,357876,Cross intersection,3,60,Arterial Highway,ST GEORGES,DAREBIN,-37.744576,144.9978,2020,10,October,17,Afternoon Peak,Weekday
T20200018974,2020-10-28,16:40:00,1,Collision with vehicle,3,Wednesday,135,LANE CHANGE LEFT (NOT OVERTAKING),1,666853,Not at intersection,3,80,Freeway,WESTERN,BRIMBANK,-37.799896,144.78993,2020,10,October,16,Afternoon Peak,Weekday
T20200018978,2020-10-28,15:00:00,1,Collision with vehicle,3,Wednesday,148,VEHICLE OFF FOOTPATH STRIKES VEH ON CARRIAGEWAY,1,669138,Not at intersection,3,60,Local Road,CLARKES,MELTON,-37.690357,144.5486,2020,10,October,15,Afternoon Peak,Weekday
T20200020594,2020-10-29,15:20:00,1,Collision with vehicle,4,Thursday,130,REAR END(VEHICLES IN SAME LANE),1,752,T intersection,3,60,Arterial Other,ESPLANADE,BAYSIDE,-37.918888,144.98799,2020,10,October,15,Afternoon Peak,Weekday
T20200019045,2020-10-29,15:50:00,1,Collision with vehicle,4,Thursday,154,PULLING OUT -REAR END,1,666746,Not at intersection,2,60,Local Road,MELTON VALLEY,MELTON,-37.68277,144.599,2020,10,October,15,Afternoon Peak,Weekday
T20200019044,2020-10-29,16:03:00,1,Collision with vehicle,4,Thursday,148,VEHICLE OFF FOOTPATH STRIKES VEH ON CARRIAGEWAY,1,668859,Not at intersection,3,50,Local Road,BARRY,MORELAND,-37.772648,144.95274,2020,10,October,16,Afternoon Peak,Weekday
T20200019034,2020-10-29,14:20:00,1,Collision with vehicle,4,Thursday,140,U TURN,1,669487,Not at intersection,3,50,Local Road,OVENS,WANGARATTA,-36.35734,146.31969,2020,10,October,14,Midday,Weekday
T20210018067,2020-10-29,11:15:00,4,Collision with a fixed object,4,Thursday,194,PARKED CAR RUN AWAY,1,691180,T intersection,3,50,Local Road,BAILEY,GEELONG,-38.18346,144.35017,2020,10,October,11,Midday,Weekday
T20200019028,2020-10-29,11:10:00,1,Collision with vehicle,4,Thursday,121,RIGHT THROUGH,1,234028,T intersection,2,70,Arterial Other,MT DANDENONG,MAROONDAH,-37.80816,145.2518,2020,10,October,11,Midday,Weekday
T20200019012,2020-10-29,08:46:00,1,Collision with vehicle,4,Thursday,130,REAR END(VEHICLES IN SAME LANE),1,773504,Not at intersection,2,60,Local Road,MASON,HOBSONS BAY,-37.839195,144.85368,2020,10,October,8,Morning Peak,Weekday
T20200019093,2020-10-29,11:45:00,1,Collision with vehicle,4,Thursday,149,OTHER MANOEUVRING NOT INCLUDED IN DCAs 140-148,1,669831,Not at intersection,2,60,Arterial Other,WELLINGTON,BENDIGO,-36.80642,144.3564,2020,10,October,11,Midday,Weekday
T20200019308,2020-10-29,15:30:00,1,Collision with vehicle,4,Thursday,133,LANE SIDE SWIPE (VEHICLES IN PARALLEL LANES),1,684985,Not at intersection,3,60,Arterial Other,BEACONSFIELD,PORT PHILLIP,-37.859215,144.97054,2020,10,October,15,Afternoon Peak,Weekday
T20200022365,2020-10-29,17:00:00,1,Collision with vehicle,4,Thursday,132,RIGHT REAR.,2,53048,T intersection,3,50,Local Road,ERRETT,HORSHAM,-36.706562,142.19217,2020,10,October,17,Afternoon Peak,Weekday
T20200019922,2020-10-29,15:49:00,1,Collision with vehicle,4,Thursday,136,RIGHT TURN SIDESWIPE,1,29446,Cross intersection,3,40,Arterial Other,BRIDGE,YARRA,-37.819187,145.0052,2020,10,October,15,Afternoon Peak,Weekday
T20200019820,2020-10-29,08:40:00,1,Collision with vehicle,4,Thursday,130,REAR END(VEHICLES IN SAME LANE),1,353751,Cross intersection,3,50,Arterial Highway,BELL,DAREBIN,-37.743893,144.98915,2020,10,October,8,Morning Peak,Weekday
T20200019025,2020-10-29,10:00:00,1,Collision with vehicle,4,Thursday,110,CROSS TRAFFIC(INTERSECTIONS ONLY),1,673312,Cross intersection,3,50,Local Road,KENDALL,MILDURA,-34.16722,142.06087,2020,10,October,10,Midday,Weekday
T20200022187,2020-10-29,09:20:00,1,Collision with vehicle,4,Thursday,140,U TURN,1,669963,Not at intersection,3,60,Arterial Highway,BELL,BANYULE,-37.753307,145.0516,2020,10,October,9,Morning Peak,Weekday
T20200019018,2020-10-29,09:32:00,2,Struck Pedestrian,4,Thursday,108,PED STRUCK WALKING TO/FROM OR BOARDING/ALIGHTING VEHICLE.,1,672095,Not at intersection,2,40,Local Road,MONASH,MONASH,-37.915398,145.16354,2020,10,October,9,Morning Peak,Weekday
T20200019015,2020-10-29,08:10:00,1,Collision with vehicle,4,Thursday,120,HEAD ON (NOT OVERTAKING),1,677963,Not at intersection,3,60,Arterial Highway,PRINCES,EAST GIPPSLAND,-37.881187,147.96579,2020,10,October,8,Morning Peak,Weekday
T20200019010,2020-10-29,08:30:00,1,Collision with vehicle,4,Thursday,113,RIGHT NEAR (INTERSECTIONS ONLY),1,668848,T intersection,2,60,Arterial Other,GEELONG,GOLDEN PLAINS,-38.044395,144.17354,2020,10,October,8,Morning Peak,Weekday
T20200019009,2020-10-29,06:36:00,1,Collision with vehicle,4,Thursday,113,RIGHT NEAR (INTERSECTIONS ONLY),2,35776,T intersection,2,80,Arterial Other,BACCHUS MARSH,GEELONG,-38.01468,144.35147,2020,10,October,6,Morning Peak,Weekday
T20200019004,2020-10-29,05:10:00,1,Collision with vehicle,4,Thursday,130,REAR END(VEHICLES IN SAME LANE),2,38709,Cross intersection,3,60,Arterial Other,BALLARAT,MARIBYRNONG,-37.791183,144.8895,2020,10,October,5,Morning Peak,Weekday
T20200019095,2020-10-29,18:30:00,1,Collision with vehicle,4,Thursday,130,REAR END(VEHICLES IN SAME LANE),1,729747,Cross intersection,3,40,Local Road,COURTNEY,MELBOURNE,-37.80204,144.95404,2020,10,October,18,Afternoon Peak,Weekday
T20200019003,2020-10-29,06:40:00,1,Collision with vehicle,4,Thursday,111,RIGHT FAR (INTERSECTIONS ONLY),2,277120,Multiple intersection,3,80,Arterial Highway,ANZAC PARADE -KIEWA VALLEY,WODONGA,-36.147717,146.92815,2020,10,October,6,Morning Peak,Weekday
T20200019001,2020-10-29,00:35:00,4,Collision with a fixed object,4,Thursday,173,RIGHT OFF CARRIAGEWAY INTO OBJECT/PARKED VEHICLE,3,670480,Not at intersection,2,50,Local Road,AHERN,CARDINIA,-38.0546,145.48833,2020,10,October,0,Late Night,Weekday
T20200018997,2020-10-29,01:00:00,4,Collision with a fixed object,4,Thursday,181,OFF RIGHT BEND INTO OBJECT/PARKED VEHICLE,3,681651,Not at intersection,2,70,Arterial Other,CANTERBURY,MAROONDAH,-37.827656,145.26103,2020,10,October,1,Late Night,Weekday
T20200019087,2020-10-29,23:00:00,8,No collision and no object struck,4,Thursday,172,OFF CARRIAGEWAY TO RIGHT,5,677467,Not at intersection,3,50,Local Road,BENALLA,MOIRA,-36.020687,145.99924,2020,10,October,23,Night,Weekday
T20200019080,2020-10-29,15:45:00,7,Fall from or in moving vehicle,4,Thursday,190,FELL IN/FROM VEHICLE,1,666748,Not at intersection,3,50,Local Road,SPRINGLANDS,MELTON,-37.712494,144.7242,2020,10,October,15,Afternoon Peak,Weekday
T20200019073,2020-10-29,17:15:00,1,Collision with vehicle,4,Thursday,121,RIGHT THROUGH,1,39673,Cross intersection,3,40,Local Road,OBAN,MAROONDAH,-37.794605,145.24155,2020,10,October,17,Afternoon Peak,Weekday
T20200019070,2020-10-29,23:00:00,1,Collision with vehicle,4,Thursday,135,LANE CHANGE LEFT (NOT OVERTAKING),3,669834,Not at intersection,3,80,Arterial Highway,PRINCES,CASEY,-38.00352,145.25174,2020,10,October,23,Night,Weekday
T20200019068,2020-10-29,23:46:00,4,Collision with a fixed object,4,Thursday,183,OFF LEFT BEND INTO OBJECT/PARKED VEHICLE,3,670207,Not at intersection,2,60,Local Road,BEACH,WYNDHAM,-37.973003,144.69897,2020,10,October,23,Night,Weekday
T20200019065,2020-10-29,17:15:00,1,Collision with vehicle,4,Thursday,120,HEAD ON (NOT OVERTAKING),1,669325,T intersection,3,60,Arterial Other,NICHOLSON,MORELAND,-37.748486,144.97705,2020,10,October,17,Afternoon Peak,Weekday
T20200019062,2020-10-29,20:24:00,1,Collision with vehicle,4,Thursday,160,VEHICLE COLLIDES WITH VEHICLE PARKED ON LEFT OF ROAD,3,670671,Not at intersection,3,60,Local Road,AUSTIN,MORELAND,-37.726883,144.92775,2020,10,October,20,Night,Weekday
T20200019061,2020-10-29,17:25:00,1,Collision with vehicle,4,Thursday,116,LEFT NEAR (INTERSECTIONS ONLY),1,61538,T intersection,3,50,Local Road,BULMANS,MELTON,-37.674477,144.55167,2020,10,October,17,Afternoon Peak,Weekday
T20200019054,2020-10-29,14:40:00,4,Collision with a fixed object,4,Thursday,171,LEFT OFF CARRIAGEWAY INTO OBJECT/PARKED VEHICLE,1,677217,Not at intersection,2,100,Arterial Highway,PRINCES,EAST GIPPSLAND,-37.706707,148.57283,2020,10,October,14,Midday,Weekday
T20200019053,2020-10-29,17:03:00,4,Collision with a fixed object,4,Thursday,171,LEFT OFF CARRIAGEWAY INTO OBJECT/PARKED VEHICLE,1,665825,Not at intersection,3,100,Local Road,GAP,MACEDON RANGES,-37.435833,144.66246,2020,10,October,17,Afternoon Peak,Weekday
T20200019300,2020-10-29,14:47:00,1,Collision with vehicle,4,Thursday,130,REAR END(VEHICLES IN SAME LANE),1,39704,Y intersection,3,70,Arterial Other,CANTERBURY,MAROONDAH,-37.82514,145.25162,2020,10,October,14,Midday,Weekday
T20200022933,2020-10-29,09:10:00,1,Collision with vehicle,4,Thursday,143,ENTERING PARKING,1,780624,Not at intersection,3,50,Local Road,LYDIARD,BALLARAT,-37.559204,143.85826,2020,10,October,9,Morning Peak,Weekday
T20200019629,2020-10-29,06:45:00,1,Collision with vehicle,4,Thursday,130,REAR END(VEHICLES IN SAME LANE),1,670902,Not at intersection,2,100,Arterial Highway,MIDLAND,GOLDEN PLAINS,-38.03856,144.1872,2020,10,October,6,Morning Peak,Weekday
T20200019352,2020-10-29,13:00:00,1,Collision with vehicle,4,Thursday,121,RIGHT THROUGH,1,36335,Cross intersection,3,60,Arterial Other,CEMETERY,MELBOURNE,-37.79226,144.96838,2020,10,October,13,Midday,Weekday
T20200020146,2020-10-30,20:30:00,4,Collision with a fixed object,5,Friday,183,OFF LEFT BEND INTO OBJECT/PARKED VEHICLE,5,46829,T intersection,3,60,Arterial Other,RYANS,NILLUMBIK,-37.677723,145.14453,2020,10,October,20,Night,Weekday
T20200019174,2020-10-30,15:58:00,1,Collision with vehicle,5,Friday,130,REAR END(VEHICLES IN SAME LANE),1,671431,Not at intersection,3,80,Local Road,SANDY,MORNINGTON PENINSULA,-38.41911,144.8603,2020,10,October,15,Afternoon Peak,Weekday
T20210010611,2020-10-30,20:15:00,1,Collision with vehicle,5,Friday,110,CROSS TRAFFIC(INTERSECTIONS ONLY),9,42396,Cross intersection,3,60,Arterial Other,BOUNDARY,MORELAND,-37.718067,144.9517,2020,10,October,20,Night,Weekday
T20200019099,2020-10-30,14:40:00,1,Collision with vehicle,5,Friday,121,RIGHT THROUGH,1,45433,Cross intersection,3,60,Arterial Other,MT ALEXANDER,MOONEE VALLEY,-37.772705,144.92691,2020,10,October,14,Midday,Weekday
T20200019119,2020-10-30,18:48:00,2,Struck Pedestrian,5,Friday,100,PED NEAR SIDE. PED HIT BY VEHICLE FROM THE RIGHT.,1,37674,T intersection,2,40,Arterial Other,COMMERCIAL,STONNINGTON,-37.846634,144.99236,2020,10,October,18,Afternoon Peak,Weekday
T20200019088,2020-10-30,11:43:00,2,Struck Pedestrian,5,Friday,102,FAR SIDE. PED HIT BY VEHICLE FROM THE LEFT,1,665958,Not at intersection,2,40,Local Road,FIREBRACE,HORSHAM,-36.714886,142.19972,2020,10,October,11,Midday,Weekday
T20200019125,2020-10-30,19:00:00,2,Struck Pedestrian,5,Friday,102,FAR SIDE. PED HIT BY VEHICLE FROM THE LEFT,2,665832,T intersection,2,80,Arterial Other,HALLAM,CASEY,-38.032257,145.26808,2020,10,October,19,Night,Weekday
T20200019085,2020-10-30,08:00:00,1,Collision with vehicle,5,Friday,199,UNKNOWN-NO DETAILS ON MANOEUVRES OF ROAD-USERS IN ACCIDENT,1,670900,T intersection,2,80,Arterial Highway,BURWOOD,KNOX,-37.88594,145.28406,2020,10,October,8,Morning Peak,Weekday
T20200019084,2020-10-30,09:55:00,4,Collision with a fixed object,5,Friday,171,LEFT OFF CARRIAGEWAY INTO OBJECT/PARKED VEHICLE,1,67298,Cross intersection,3,50,Local Road,MULLENS,WHITEHORSE,-37.85253,145.176,2020,10,October,9,Morning Peak,Weekday