ACCIDENT_NO,ACCIDENT_DATE,ACCIDENT_TIME,ACCIDENT_TYPE,ACCIDENT_TYPE_DESC,DAY_OF_WEEK,DAY_WEEK_DESC,DCA_CODE,DCA_DESC,LIGHT_CONDITION,NODE_ID,ROAD_GEOMETRY_DESC,SEVERITY,SPEED_ZONE,RMA,ROAD_NAME,LGA_NAME,LATITUDE,LONGITUDE,YEAR,MONTH,MONTH_NAME,HOUR,TIME_PERIOD,DAY_TYPE
T20200019126,2020-10-30,22:19:00,1,Collision with vehicle,5,Friday,135,LANE CHANGE LEFT (NOT OVERTAKING),3,57190,Cross intersection,2,80,Arterial Other,COOPER,WHITTLESEA,-37.64728,144.98027,2020,10,October,22,Night,Weekday
T20200019128,2020-10-30,23:25:00,1,Collision with vehicle,5,Friday,113,RIGHT NEAR (INTERSECTIONS ONLY),3,38827,T intersection,3,50,Local Road,DERBY,MELBOURNE,-37.794937,144.92628,2020,10,October,23,Night,Weekday
T20200019131,2020-10-30,16:00:00,1,Collision with vehicle,5,Friday,135,LANE CHANGE LEFT (NOT OVERTAKING),1,687775,Not at intersection,2,100,Freeway,TULLAMARINE IN-WESTERN RING IN,HUME,-37.69959,144.8883,2020,10,October,16,Afternoon Peak,Weekday
T20200019118,2020-10-30,17:10:00,1,Collision with vehicle,5,Friday,119,OTHER ADJACENT (INTERSECTIONS ONLY),1,48440,T intersection,3,40,Local Road,BARRETT,PORT PHILLIP,-37.843002,144.94794,2020,10,October,17,Afternoon Peak,Weekday
T20200020592,2020-10-30,16:15:00,1,Collision with vehicle,5,Friday,145,REVERSING IN STREAM OF TRAFFIC,1,780628,Not at intersection,3,40,Local Road,SALISBURY,MORELAND,-37.7433,144.97385,2020,10,October,16,Afternoon Peak,Weekday
T20200019134,2020-10-30,23:05:00,1,Collision with vehicle,5,Friday,116,LEFT NEAR (INTERSECTIONS ONLY),3,669885,T intersection,2,70,Arterial Highway,MOOROODUC,FRANKSTON,-38.152622,145.13339,2020,10,October,23,Night,Weekday
T20200019069,2020-10-30,03:40:00,4,Collision with a fixed object,5,Friday,171,LEFT OFF CARRIAGEWAY INTO OBJECT/PARKED VEHICLE,3,665957,Not at intersection,3,70,Arterial Highway,MELBOURNE,GEELONG,-38.111988,144.35391,2020,10,October,3,Late Night,Weekday
T20200019107,2020-10-30,15:00:00,4,Collision with a fixed object,5,Friday,183,OFF LEFT BEND INTO OBJECT/PARKED VEHICLE,1,670359,Not at intersection,1,100,Freeway,HUME IN-MURRAY VALLEY,WODONGA,-36.081646,146.7343,2020,10,October,15,Afternoon Peak,Weekday
T20200019101,2020-10-30,14:10:00,1,Collision with vehicle,5,Friday,160,VEHICLE COLLIDES WITH VEHICLE PARKED ON LEFT OF ROAD,1,669161,Not at intersection,2,40,Arterial Highway,ESPLANADE,EAST GIPPSLAND,-37.881264,147.9857,2020,10,October,14,Midday,Weekday
T20210002300,2020-10-30,20:00:00,1,Collision with vehicle,5,Friday,113,RIGHT NEAR (INTERSECTIONS ONLY),3,295108,T intersection,3,70,Arterial Highway,SMYTHES,BALLARAT,-37.58912,143.81474,2020,10,October,20,Night,Weekday
T20200022851,2020-10-30,16:00:00,1,Collision with vehicle,5,Friday,110,CROSS TRAFFIC(INTERSECTIONS ONLY),1,61054,Cross intersection,2,50,Local Road,BIRDWOOD,BALLARAT,-37.597706,143.8315,2020,10,October,16,Afternoon Peak,Weekday
T20200020086,2020-10-30,16:45:00,1,Collision with vehicle,5,Friday,132,RIGHT REAR.,1,148037,Not at intersection,3,60,Arterial Highway,JOHNSTONE,MOUNT ALEXANDER,-37.071144,144.2106,2020,10,October,16,Afternoon Peak,Weekday
T20200019282,2020-10-30,16:50:00,1,Collision with vehicle,5,Friday,113,RIGHT NEAR (INTERSECTIONS ONLY),1,662509,T intersection,3,60,Arterial Other,POINT COOK,WYNDHAM,-37.90175,144.75328,2020,10,October,16,Afternoon Peak,Weekday
T20200019096,2020-10-30,13:51:00,2,Struck Pedestrian,5,Friday,100,PED NEAR SIDE. PED HIT BY VEHICLE FROM THE RIGHT.,1,353818,Cross intersection,2,80,Arterial Highway,STUD,KNOX,-37.86886,145.23538,2020,10,October,13,Midday,Weekday
T20200019196,2020-10-30,21:30:00,1,Collision with vehicle,5,Friday,130,REAR END(VEHICLES IN SAME LANE),3,666048,Not at intersection,3,60,Arterial Other,HEATHS,WYNDHAM,-37.87709,144.67924,2020,10,October,21,Night,Weekday
T20200019115,2020-10-30,14:55:00,1,Collision with vehicle,5,Friday,121,RIGHT THROUGH,1,29393,T intersection,2,70,Arterial Other,SOUTH,GLEN EIRA,-37.93317,145.03638,2020,10,October,14,Midday,Weekday
T20210008025,2020-10-30,10:35:00,1,Collision with vehicle,5,Friday,147,VEHICLE STRIKES ANOTHER VEH WHILE EMERGING FROM DRIVEWAY,1,680674,Not at intersection,3,50,Local Road,COLLINS,BRIMBANK,-37.742188,144.80214,2020,10,October,10,Midday,Weekday
T20200019109,2020-10-30,15:01:00,4,Collision with a fixed object,5,Friday,173,RIGHT OFF CARRIAGEWAY INTO OBJECT/PARKED VEHICLE,1,11101,Cross intersection,3,80,Freeway,SEAFORD-FRANKSTON IN,FRANKSTON,-38.10867,145.13852,2020,10,October,15,Afternoon Peak,Weekday
T20200019227,2020-10-30,23:30:00,5,collision with some other object,5,Friday,183,OFF LEFT BEND INTO OBJECT/PARKED VEHICLE,6,748269,Not at intersection,2,60,Arterial Other,RIDGE,YARRA RANGES,-37.819916,145.36412,2020,10,October,23,Night,Weekday
T20200019827,2020-10-30,12:00:00,1,Collision with vehicle,5,Friday,130,REAR END(VEHICLES IN SAME LANE),9,298900,Cross intersection,3,50,Freeway,PRINCES IN-CLYDE,CASEY,-38.04574,145.34106,2020,10,October,12,Midday,Weekday
T20200019801,2020-10-31,15:30:00,1,Collision with vehicle,6,Saturday,110,CROSS TRAFFIC(INTERSECTIONS ONLY),1,358716,Cross intersection,3,60,Arterial Other,DAVEY-HASTINGS,FRANKSTON,-38.153168,145.13274,2020,10,October,15,Afternoon Peak,Weekend
T20200020063,2020-10-31,18:30:00,7,Fall from or in moving vehicle,6,Saturday,190,FELL IN/FROM VEHICLE,1,667255,Not at intersection,2,50,Local Road,INDUSTRIAL,KINGSTON,-38.005325,145.11024,2020,10,October,18,Afternoon Peak,Weekend
T20200019155,2020-10-31,10:04:00,1,Collision with vehicle,6,Saturday,116,LEFT NEAR (INTERSECTIONS ONLY),1,669748,T intersection,2,80,Arterial Highway,NEPEAN,MORNINGTON PENINSULA,-38.25569,145.03584,2020,10,October,10,Midday,Weekend
T20200019165,2020-10-31,00:01:00,4,Collision with a fixed object,6,Saturday,179,OTHER ACCIDENTS-OFF STRAIGHT NOT INCLUDED IN DCAs 170-175,6,156295,Dead end,2,80,Arterial Other,WAURN PONDS,GEELONG,-38.211273,144.25647,2020,10,October,0,Late Night,Weekend
T20200019890,2020-10-31,12:20:00,1,Collision with vehicle,6,Saturday,135,LANE CHANGE LEFT (NOT OVERTAKING),1,667078,Not at intersection,3,60,Arterial Highway,HIGH,BENDIGO,-36.76226,144.27191,2020,10,October,12,Midday,Weekend
T20200021463,2020-10-31,18:00:00,1,Collision with vehicle,6,Saturday,111,RIGHT FAR (INTERSECTIONS ONLY),2,59575,Cross intersection,3,80,Arterial Highway,CALDER,BENDIGO,-36.742058,144.1994,2020,10,October,18,Afternoon Peak,Weekend
T20200019173,2020-10-31,12:23:00,1,Collision with vehicle,6,Saturday,132,RIGHT REAR.,1,665834,T intersection,3,60,Local Road,WARRALILY,GEELONG,-38.237217,144.37704,2020,10,October,12,Midday,Weekend
T20200019172,2020-10-31,14:25:00,1,Collision with vehicle,6,Saturday,111,RIGHT FAR (INTERSECTIONS ONLY),1,243224,T intersection,2,60,Local Road,RING,BALLARAT,-37.53989,143.80081,2020,10,October,14,Midday,Weekend
T20200019180,2020-10-31,15:00:00,1,Collision with vehicle,6,Saturday,121,RIGHT THROUGH,1,666047,Cross intersection,2,70,Arterial Other,NARRE WARREN,CASEY,-38.10039,145.29234,2020,10,October,15,Afternoon Peak,Weekend
T20200019178,2020-10-31,15:45:00,1,Collision with vehicle,6,Saturday,130,REAR END(VEHICLES IN SAME LANE),1,682657,Not at intersection,2,80,Arterial Other,BERWICK-CRANBOURNE,CASEY,-38.105366,145.3299,2020,10,October,15,Afternoon Peak,Weekend
T20200019176,2020-10-31,13:50:00,1,Collision with vehicle,6,Saturday,110,CROSS TRAFFIC(INTERSECTIONS ONLY),1,67969,Cross intersection,3,50,Local Road,ROSAMOND,PORT PHILLIP,-37.869984,144.99191,2020,10,October,13,Midday,Weekend
T20200019175,2020-10-31,14:45:00,1,Collision with vehicle,6,Saturday,142,LEAVING PARKING,1,666855,Not at intersection,3,60,Arterial Other,CUMBERLAND,MORELAND,-37.73238,144.93834,2020,10,October,14,Midday,Weekend
T20200019140,2020-10-31,04:29:00,1,Collision with vehicle,6,Saturday,160,VEHICLE COLLIDES WITH VEHICLE PARKED ON LEFT OF ROAD,3,670449,Not at intersection,2,40,Arterial Other,BURKE,BOROONDARA,-37.827564,145.05742,2020,10,October,4,Late Night,Weekend
T20200019160,2020-10-31,09:14:00,1,Collision with vehicle,6,Saturday,139,OTHER SAME DIRECTION-MANOUEVRES NOT INCLUDED IN DCAs 130-137,1,668380,Cross intersection,2,80,Arterial Highway,SURF COAST,SURF COAST,-38.300697,144.3224,2020,10,October,9,Morning Peak,Weekend
T20200019577,2020-10-31,22:30:00,3,Struck animal,6,Saturday,167,STRUCK ANIMAL,5,669753,Not at intersection,3,100,Freeway,DROUIN-WARRAGUL-PRINCES OUT,BAW BAW,-38.14141,145.88428,2020,10,October,22,Night,Weekend
T20200019170,2020-10-31,08:24:00,1,Collision with vehicle,6,Saturday,119,OTHER ADJACENT (INTERSECTIONS ONLY),1,672125,T intersection,3,80,Arterial Other,BERWICK-CRANBOURNE,CASEY,-38.10125,145.33063,2020,10,October,8,Morning Peak,Weekend
T20200019223,2020-10-31,17:45:00,1,Collision with vehicle,6,Saturday,130,REAR END(VEHICLES IN SAME LANE),1,666363,Multiple intersection,3,80,Arterial Highway,BURWOOD HIGHWAY SERVICE,KNOX,-37.893063,145.30577,2020,10,October,17,Afternoon Peak,Weekend
T20200019216,2020-10-31,09:30:00,4,Collision with a fixed object,6,Saturday,171,LEFT OFF CARRIAGEWAY INTO OBJECT/PARKED VEHICLE,1,666690,Not at intersection,2,70,Arterial Highway,WELLINGTON,MONASH,-37.91817,145.15628,2020,10,October,9,Morning Peak,Weekend
T20200019211,2020-10-31,23:43:00,1,Collision with vehicle,6,Saturday,160,VEHICLE COLLIDES WITH VEHICLE PARKED ON LEFT OF ROAD,3,666049,Not at intersection,3,50,Local Road,MCFEES,DANDENONG,-37.963703,145.212,2020,10,October,23,Night,Weekend
T20200019189,2020-10-31,16:11:00,1,Collision with vehicle,6,Saturday,121,RIGHT THROUGH,1,343995,Cross intersection,3,80,Arterial Other,CRANBOURNE,CASEY,-38.06525,145.2989,2020,10,October,16,Afternoon Peak,Weekend
T20200019202,2020-10-31,22:11:00,1,Collision with vehicle,6,Saturday,120,HEAD ON (NOT OVERTAKING),5,669750,Not at intersection,3,80,Arterial Other,KANGAROO GROUND-ST ANDREWS,NILLUMBIK,-37.642494,145.23788,2020,10,October,22,Night,Weekend
T20200019197,2020-10-31,15:45:00,2,Struck Pedestrian,6,Saturday,101,PED EMERGES FROM IN FRONT OF PARKED OR STATIONARY VEHICLE,1,669752,Not at intersection,3,60,Local Road,LUDSTONE,BAYSIDE,-37.93368,145.00891,2020,10,October,15,Afternoon Peak,Weekend
T20200019195,2020-10-31,15:16:00,1,Collision with vehicle,6,Saturday,121,RIGHT THROUGH,1,37250,T intersection,2,40,Arterial Other,VICTORIA,YARRA,-37.810825,145.0032,2020,10,October,15,Afternoon Peak,Weekend
T20200019193,2020-10-31,16:05:00,4,Collision with a fixed object,6,Saturday,183,OFF LEFT BEND INTO OBJECT/PARKED VEHICLE,1,669751,Not at intersection,3,100,Arterial Other,TRARALGON-MAFFRA,WELLINGTON,-38.004227,146.78069,2020,10,October,16,Afternoon Peak,Weekend
T20200019191,2020-10-31,19:55:00,1,Collision with vehicle,6,Saturday,113,RIGHT NEAR (INTERSECTIONS ONLY),2,43341,Cross intersection,2,40,Local Road,GLADESVILLE,KINGSTON,-38.070744,145.14569,2020,10,October,19,Night,Weekend
T20200019188,2020-10-31,18:41:00,2,Struck Pedestrian,6,Saturday,194,PARKED CAR RUN AWAY,1,668786,Not at intersection,3,100,Local Road,SINCLAIR,CAMPASPE,-36.284065,144.99084,2020,10,October,18,Afternoon Peak,Weekend
T20200019182,2020-10-31,17:28:00,1,Collision with vehicle,6,Saturday,130,REAR END(VEHICLES IN SAME LANE),1,677399,Not at intersection,3,40,Local Road,WELLINGTON,YARRA,-37.80353,144.98659,2020,10,October,17,Afternoon Peak,Weekend
T20200019181,2020-10-31,14:47:00,1,Collision with vehicle,6,Saturday,113,RIGHT NEAR (INTERSECTIONS ONLY),1,39378,T intersection,3,60,Arterial Other,WETHERBY,MANNINGHAM,-37.792343,145.14276,2020,10,October,14,Midday,Weekend
T20200019267,2020-11-01,23:03:00,4,Collision with a fixed object,7,Sunday,173,RIGHT OFF CARRIAGEWAY INTO OBJECT/PARKED VEHICLE,5,676846,Not at intersection,2,100,Arterial Highway,SUNRAYSIA,NORTHERN GRAMPIANS,-36.807888,143.28903,2020,11,November,23,Night,Weekend
T20200020529,2020-11-01,18:30:00,1,Collision with vehicle,7,Sunday,160,VEHICLE COLLIDES WITH VEHICLE PARKED ON LEFT OF ROAD,9,674338,Not at intersection,3,40,Arterial Other,TOORAK,STONNINGTON,-37.84197,145.01634,2020,11,November,18,Afternoon Peak,Weekend
T20200019265,2020-11-01,22:30:00,6,Vehicle overturned (no collision),7,Sunday,182,OFF CARRIAGEWAY ON LEFT BEND,5,676617,Not at intersection,3,80,Local Road,OLD MAIL,MILDURA,-34.167953,141.84692,2020,11,November,22,Night,Weekend
T20200019226,2020-11-01,11:15:00,1,Collision with vehicle,7,Sunday,110,CROSS TRAFFIC(INTERSECTIONS ONLY),1,51721,Cross intersection,2,60,Local Road,ALLINGHAM,BENDIGO,-36.792454,144.2502,2020,11,November,11,Midday,Weekend
T20200022570,2020-11-01,13:21:00,1,Collision with vehicle,7,Sunday,130,REAR END(VEHICLES IN SAME LANE),1,729903,Not at intersection,3,60,Arterial Other,MICKLEHAM,HUME,-37.689243,144.88231,2020,11,November,13,Midday,Weekend
T20200019206,2020-11-01,01:31:00,1,Collision with vehicle,7,Sunday,130,REAR END(VEHICLES IN SAME LANE),3,671919,Not at intersection,3,60,Arterial Other,STATION,DAREBIN,-37.777924,145.01831,2020,11,November,1,Late Night,Weekend
T20200019266,2020-11-01,21:54:00,1,Collision with vehicle,7,Sunday,169,OTHER ON PATH,3,681752,Not at intersection,3,50,Local Road,GOOLWA,BALLARAT,-37.58699,143.82126,2020,11,November,21,Night,Weekend
T20200019253,2020-11-01,12:00:00,6,Vehicle overturned (no collision),7,Sunday,180,OFF CARRIAGEWAY ON RIGHT BEND,1,665836,Not at intersection,2,80,Arterial Other,OMEO,EAST GIPPSLAND,-36.965595,147.47815,2020,11,November,12,Midday,Weekend
T20200019250,2020-11-01,18:00:00,1,Collision with vehicle,7,Sunday,116,LEFT NEAR (INTERSECTIONS ONLY),1,226603,Cross intersection,2,60,Arterial Other,PLENTY,WHITTLESEA,-37.656113,145.07994,2020,11,November,18,Afternoon Peak,Weekend
T20200019224,2020-11-01,06:45:00,5,collision with some other object,7,Sunday,171,LEFT OFF CARRIAGEWAY INTO OBJECT/PARKED VEHICLE,1,697962,Not at intersection,2,100,Arterial Other,TERANG-MORTLAKE,MOYNE,-38.107082,142.83424,2020,11,November,6,Morning Peak,Weekend
T20200019232,2020-11-01,10:30:00,4,Collision with a fixed object,7,Sunday,181,OFF RIGHT BEND INTO OBJECT/PARKED VEHICLE,1,669944,Not at intersection,2,80,Arterial Highway,GREAT OCEAN,COLAC OTWAY,-38.73094,143.25328,2020,11,November,10,Midday,Weekend
T20200019230,2020-11-01,12:00:00,1,Collision with vehicle,7,Sunday,130,REAR END(VEHICLES IN SAME LANE),1,666533,Not at intersection,3,80,Arterial Other,CANTERBURY,MAROONDAH,-37.821518,145.30475,2020,11,November,12,Midday,Weekend
T20200019203,2020-11-01,01:30:00,4,Collision with a fixed object,7,Sunday,171,LEFT OFF CARRIAGEWAY INTO OBJECT/PARKED VEHICLE,3,46154,T intersection,2,50,Local Road,BREWSTER,MOONEE VALLEY,-37.751057,144.92113,2020,11,November,1,Late Night,Weekend
T20200019241,2020-11-01,14:15:00,2,Struck Pedestrian,7,Sunday,102,FAR SIDE. PED HIT BY VEHICLE FROM THE LEFT,1,15403,Cross intersection,2,40,Local Road,LITTLE MALOP,GEELONG,-38.14823,144.3603,2020,11,November,14,Midday,Weekend
T20200019248,2020-11-01,18:25:00,1,Collision with vehicle,7,Sunday,120,HEAD ON (NOT OVERTAKING),1,670672,Not at intersection,2,60,Arterial Other,COBURNS,MELTON,-37.690044,144.56708,2020,11,November,18,Afternoon Peak,Weekend
T20210018829,2020-11-01,16:00:00,1,Collision with vehicle,7,Sunday,130,REAR END(VEHICLES IN SAME LANE),1,692179,Not at intersection,3,70,Arterial Other,SYDNEY,MORELAND,-37.70067,144.96005,2020,11,November,16,Afternoon Peak,Weekend
T20200021969,2020-11-01,00:01:00,1,Collision with vehicle,7,Sunday,160,VEHICLE COLLIDES WITH VEHICLE PARKED ON LEFT OF ROAD,3,670909,Not at intersection,3,60,Arterial Other,BROADWAY,DAREBIN,-37.718285,145.02042,2020,11,November,0,Late Night,Weekend
T20200019243,2020-11-01,11:01:00,1,Collision with vehicle,7,Sunday,110,CROSS TRAFFIC(INTERSECTIONS ONLY),1,52498,Cross intersection,2,50,Local Road,NINTH,MILDURA,-34.190746,142.16588,2020,11,November,11,Midday,Weekend
T20200019239,2020-11-01,12:11:00,1,Collision with vehicle,7,Sunday,142,LEAVING PARKING,1,665835,Not at intersection,3,50,Local Road,ALEXANDRA,MELBOURNE,-37.82808,144.98322,2020,11,November,12,Midday,Weekend
T20200019257,2020-11-01,20:11:00,1,Collision with vehicle,7,Sunday,130,REAR END(VEHICLES IN SAME LANE),3,666441,Not at intersection,2,60,Arterial Other,ST KILDA,BAYSIDE,-37.901577,144.98883,2020,11,November,20,Night,Weekend
T20200020343,2020-11-01,15:15:00,6,Vehicle overturned (no collision),7,Sunday,184,OUT OF CONTROL ON CARRIAGEWAY (ON BEND),1,681950,Not at intersection,2,60,Local Road,HOBSON,SWAN HILL,-35.1922,143.373,2020,11,November,15,Afternoon Peak,Weekend
T20200019231,2020-11-01,12:15:00,1,Collision with vehicle,7,Sunday,130,REAR END(VEHICLES IN SAME LANE),1,667246,Not at intersection,3,80,Arterial Other,MELTON,BRIMBANK,-37.694054,144.7622,2020,11,November,12,Midday,Weekend
T20200019236,2020-11-01,08:00:00,1,Collision with vehicle,7,Sunday,147,VEHICLE STRIKES ANOTHER VEH WHILE EMERGING FROM DRIVEWAY,1,669208,Not at intersection,3,60,Arterial Other,EARL,BOROONDARA,-37.793125,145.03181,2020,11,November,8,Morning Peak,Weekend
T20200019235,2020-11-01,12:45:00,1,Collision with vehicle,7,Sunday,134,LANE CHANGE RIGHT (NOT OVERTAKING),1,773505,Cross intersection,3,70,Arterial Other,NARRE WARREN,CASEY,-38.08453,145.29532,2020,11,November,12,Midday,Weekend
T20200020468,2020-11-01,11:00:00,8,No collision and no object struck,7,Sunday,174,OUT OF CONTROL ON CARRIAGEWAY (ON STRAIGHT),1,672048,Not at intersection,2,100,Local Road,MORROW,LODDON,-36.57296,143.85591,2020,11,November,11,Midday,Weekend
T20200019296,2020-11-01,19:15:00,1,Collision with vehicle,7,Sunday,134,LANE CHANGE RIGHT (NOT OVERTAKING),2,289646,T intersection,3,60,Arterial Other,MARINE PARADE -ORMOND,PORT PHILLIP,-37.88192,144.97789,2020,11,November,19,Night,Weekend
T20210019771,2020-11-01,13:20:00,1,Collision with vehicle,7,Sunday,130,REAR END(VEHICLES IN SAME LANE),1,694756,Not at intersection,3,60,Arterial Other,MORELAND,MORELAND,-37.752647,144.94038,2020,11,November,13,Midday,Weekend
T20200019527,2020-11-01,18:40:00,5,collision with some other object,7,Sunday,166,STRUCK OBJECT ON CARRIAGEWAY,1,666279,Not at intersection,3,60,Arterial Other,WAVERLEY,MONASH,-37.882607,145.10971,2020,11,November,18,Afternoon Peak,Weekend
T20200019254,2020-11-01,16:15:00,1,Collision with vehicle,7,Sunday,130,REAR END(VEHICLES IN SAME LANE),1,667156,Not at intersection,3,40,Local Road,SUSSEX,MORELAND,-37.731422,144.94962,2020,11,November,16,Afternoon Peak,Weekend
T20200020535,2020-11-02,13:30:00,4,Collision with a fixed object,1,Monday,181,OFF RIGHT BEND INTO OBJECT/PARKED VEHICLE,1,681473,Not at intersection,2,80,Local Road,KING PARROT CREEK,MURRINDINDI,-37.18064,145.2509,2020,11,November,13,Midday,Weekday
T20200019272,2020-11-02,06:20:00,2,Struck Pedestrian,1,Monday,100,PED NEAR SIDE. PED HIT BY VEHICLE FROM THE RIGHT.,1,43423,T intersection,2,60,Arterial Other,BALLARTO,FRANKSTON,-38.117172,145.19403,2020,11,November,6,Morning Peak,Weekday
T20200020049,2020-11-02,15:00:00,8,No collision and no object struck,1,Monday,174,OUT OF CONTROL ON CARRIAGEWAY (ON STRAIGHT),1,669299,Not at intersection,2,60,Local Road,BAYNES GULLY,INDIGO,-36.24071,146.7373,2020,11,November,15,Afternoon Peak,Weekday
T20200020593,2020-11-02,06:40:00,2,Struck Pedestrian,1,Monday,100,PED NEAR SIDE. PED HIT BY VEHICLE FROM THE RIGHT.,1,668913,Cross intersection,3,60,Arterial Other,ST KILDA,MELBOURNE,-37.8414,144.97743,2020,11,November,6,Morning Peak,Weekday
T20200019688,2020-11-02,17:15:00,2,Struck Pedestrian,1,Monday,103,PED PLAYING/LYING/WORKING/STANDING ON CARRIAGEWAY.,1,37758,Not at intersection,3,40,Arterial Other,MALVERN,STONNINGTON,-37.84827,145.00447,2020,11,November,17,Afternoon Peak,Weekday
T20200019284,2020-11-02,09:45:00,1,Collision with vehicle,1,Monday,142,LEAVING PARKING,1,666856,Not at intersection,3,50,Local Road,WILLS,ALPINE,-36.728264,146.96188,2020,11,November,9,Morning Peak,Weekday
T20200019303,2020-11-02,14:02:00,1,Collision with vehicle,1,Monday,152,PULLING OUT (OVERTAKING),1,666973,Not at intersection,3,40,Local Road,ROSSLYN,MELBOURNE,-37.808712,144.95056,2020,11,November,14,Midday,Weekday
T20200019295,2020-11-02,08:35:00,6,Vehicle overturned (no collision),1,Monday,170,OFF CARRIAGEWAY TO LEFT,1,667157,Not at intersection,3,100,Local Road,DALYSTON-GLEN FORBES,BASS COAST,-38.539856,145.55655,2020,11,November,8,Morning Peak,Weekday
T20200019368,2020-11-02,20:40:00,4,Collision with a fixed object,1,Monday,181,OFF RIGHT BEND INTO OBJECT/PARKED VEHICLE,5,670423,Not at intersection,3,60,Local Road,SOUTH AJAX,HEPBURN,-37.361046,144.13817,2020,11,November,20,Night,Weekday
T20200019399,2020-11-02,14:20:00,1,Collision with vehicle,1,Monday,163,VEHICLE STRIKES DOOR OF PARKED/STATIONARY VEHICLE,1,666365,Not at intersection,2,40,Local Road,CHAPEL,STONNINGTON,-37.85156,144.99341,2020,11,November,14,Midday,Weekday
T20200019367,2020-11-02,13:00:00,6,Vehicle overturned (no collision),1,Monday,174,OUT OF CONTROL ON CARRIAGEWAY (ON STRAIGHT),1,667248,T intersection,2,60,Local Road,TINDALS,MANNINGHAM,-37.76704,145.19936,2020,11,November,13,Midday,Weekday
T20200019369,2020-11-02,10:00:00,1,Collision with vehicle,1,Monday,121,RIGHT THROUGH,1,41200,Cross intersection,3,40,Local Road,MARTIN,BAYSIDE,-37.89744,145.0043,2020,11,November,10,Midday,Weekday
T20200019299,2020-11-02,14:00:00,1,Collision with vehicle,1,Monday,133,LANE SIDE SWIPE (VEHICLES IN PARALLEL LANES),1,43085,Cross intersection,2,60,Arterial Highway,STUD,DANDENONG,-37.97967,145.22179,2020,11,November,14,Midday,Weekday
T20200019328,2020-11-02,19:33:00,1,Collision with vehicle,1,Monday,113,RIGHT NEAR (INTERSECTIONS ONLY),1,71061,Cross intersection,3,60,Arterial Other,EDITHVALE,KINGSTON,-38.029663,145.12888,2020,11,November,19,Night,Weekday
T20200019355,2020-11-02,16:30:00,4,Collision with a fixed object,1,Monday,181,OFF RIGHT BEND INTO OBJECT/PARKED VEHICLE,1,669538,Not at intersection,3,100,Arterial Other,EUROA-MANSFIELD,STRATHBOGIE,-36.92831,145.6596,2020,11,November,16,Afternoon Peak,Weekday
T20200019321,2020-11-02,17:30:00,1,Collision with vehicle,1,Monday,130,REAR END(VEHICLES IN SAME LANE),1,670138,Not at intersection,2,100,Freeway,WESTERN RING,BRIMBANK,-37.723946,144.86455,2020,11,November,17,Afternoon Peak,Weekday
T20200019319,2020-11-02,18:47:00,1,Collision with vehicle,1,Monday,119,OTHER ADJACENT (INTERSECTIONS ONLY),1,669728,Cross intersection,3,50,Local Road,UPFIELD BIKE,MORELAND,-37.771317,144.95934,2020,11,November,18,Afternoon Peak,Weekday
T20200019315,2020-11-02,15:45:00,1,Collision with vehicle,1,Monday,130,REAR END(VEHICLES IN SAME LANE),1,669537,Cross intersection,2,70,Arterial Other,YAN YEAN,NILLUMBIK,-37.670998,145.12505,2020,11,November,15,Afternoon Peak,Weekday
T20200019313,2020-11-02,14:30:00,1,Collision with vehicle,1,Monday,110,CROSS TRAFFIC(INTERSECTIONS ONLY),1,55377,Cross intersection,3,50,Local Road,OLYMPIC,BAW BAW,-38.164562,145.94202,2020,11,November,14,Midday,Weekday
T20200019312,2020-11-02,08:39:00,1,Collision with vehicle,1,Monday,162,ACCIDENT OR BROKEN DOWN,1,670450,Not at intersection,3,50,Arterial Other,CLAYTON,MONASH,-37.924915,145.11977,2020,11,November,8,Morning Peak,Weekday
T20200019311,2020-11-02,13:37:00,1,Collision with vehicle,1,Monday,110,CROSS TRAFFIC(INTERSECTIONS ONLY),1,45523,Cross intersection,2,80,Local Road,BOUNDARY,WYNDHAM,-37.800945,144.65945,2020,11,November,13,Midday,Weekday
T20200019332,2020-11-02,14:30:00,1,Collision with vehicle,1,Monday,121,RIGHT THROUGH,1,663,T intersection,2,60,Arterial Other,ESPLANADE,BAYSIDE,-37.910786,144.98605,2020,11,November,14,Midday,Weekday
T20200019382,2020-11-02,21:00:00,1,Collision with vehicle,1,Monday,121,RIGHT THROUGH,3,713,Cross intersection,3,60,Arterial Highway,DANDENONG,MONASH,-37.91125,145.12233,2020,11,November,21,Night,Weekday
T20200021834,2020-11-02,09:35:00,1,Collision with vehicle,1,Monday,131,LEFT REAR,9,29543,Cross intersection,3,60,Arterial Other,RIVERSDALE,BOROONDARA,-37.82874,145.03421,2020,11,November,9,Morning Peak,Weekday
T20210003386,2020-11-02,13:15:00,8,No collision and no object struck,1,Monday,174,OUT OF CONTROL ON CARRIAGEWAY (ON STRAIGHT),1,675952,Not at intersection,2,50,Local Road,DOMAIN,MELBOURNE,-37.833477,144.97739,2020,11,November,13,Midday,Weekday
T20200019305,2020-11-02,13:45:00,1,Collision with vehicle,1,Monday,113,RIGHT NEAR (INTERSECTIONS ONLY),1,43876,T intersection,2,70,Arterial Other,EVANS,CASEY,-38.10937,145.2524,2020,11,November,13,Midday,Weekday