ACCIDENT_NO,ACCIDENT_DATE,ACCIDENT_TIME,ACCIDENT_TYPE,ACCIDENT_TYPE_DESC,DAY_OF_WEEK,DAY_WEEK_DESC,DCA_CODE,DCA_DESC,LIGHT_CONDITION,NODE_ID,ROAD_GEOMETRY_DESC,SEVERITY,SPEED_ZONE,RMA,ROAD_NAME,LGA_NAME,LATITUDE,LONGITUDE,YEAR,MONTH,MONTH_NAME,HOUR,TIME_PERIOD,DAY_TYPE
T20200020390,2020-11-02,15:28:00,1,Collision with vehicle,1,Monday,121,RIGHT THROUGH,1,851,Cross intersection,3,60,Arterial Other,SYDNEY,MORELAND,-37.72746,144.96368,2020,11,November,15,Afternoon Peak,Weekday
T20200019307,2020-11-02,12:00:00,1,Collision with vehicle,1,Monday,122,LEFT THROUGH,1,29588,Cross intersection,3,40,Arterial Other,CANTERBURY,PORT PHILLIP,-37.85981,144.97731,2020,11,November,12,Midday,Weekday
T20200019435,2020-11-02,18:00:00,5,collision with some other object,1,Monday,166,STRUCK OBJECT ON CARRIAGEWAY,1,666153,Not at intersection,2,60,Arterial Other,CAMP,HUME,-37.68737,144.93692,2020,11,November,18,Afternoon Peak,Weekday
T20200019430,2020-11-02,14:05:00,1,Collision with vehicle,1,Monday,130,REAR END(VEHICLES IN SAME LANE),1,677053,T intersection,3,60,Arterial Other,HEATHS,WYNDHAM,-37.87637,144.67265,2020,11,November,14,Midday,Weekday
T20200019379,2020-11-02,15:40:00,2,Struck Pedestrian,1,Monday,102,FAR SIDE. PED HIT BY VEHICLE FROM THE LEFT,1,669730,T intersection,3,40,Local Road,BREADALBANE,WHITTLESEA,-37.600517,145.08842,2020,11,November,15,Afternoon Peak,Weekday
T20200019298,2020-11-02,12:24:00,1,Collision with vehicle,1,Monday,133,LANE SIDE SWIPE (VEHICLES IN PARALLEL LANES),1,666050,Not at intersection,3,100,Freeway,WESTERN RING,MORELAND,-37.698566,144.89748,2020,11,November,12,Midday,Weekday
T20200019329,2020-11-02,17:30:00,1,Collision with vehicle,1,Monday,130,REAR END(VEHICLES IN SAME LANE),1,68191,T intersection,3,60,Local Road,ORRONG,GLEN EIRA,-37.87726,145.00732,2020,11,November,17,Afternoon Peak,Weekday
T20200019574,2020-11-02,17:15:00,1,Collision with vehicle,1,Monday,130,REAR END(VEHICLES IN SAME LANE),1,667574,Multiple intersection,3,50,Freeway,AIRPORT,BRIMBANK,-37.716335,144.87685,2020,11,November,17,Afternoon Peak,Weekday
T20200021452,2020-11-02,16:00:00,4,Collision with a fixed object,1,Monday,149,OTHER MANOEUVRING NOT INCLUDED IN DCAs 140-148,1,669734,Not at intersection,3,50,Local Road,MACLEOD,EAST GIPPSLAND,-37.8278,147.62921,2020,11,November,16,Afternoon Peak,Weekday
T20200019380,2020-11-03,13:14:00,1,Collision with vehicle,2,Tuesday,130,REAR END(VEHICLES IN SAME LANE),1,671392,Not at intersection,2,50,Local Road,POWER,CASEY,-37.99792,145.2375,2020,11,November,13,Midday,Weekday
T20200019364,2020-11-03,11:58:00,1,Collision with vehicle,2,Tuesday,119,OTHER ADJACENT (INTERSECTIONS ONLY),1,666536,T intersection,2,50,Arterial Other,BOUNDARY,MORELAND,-37.71881,144.9616,2020,11,November,11,Midday,Weekday
T20200019361,2020-11-03,09:57:00,1,Collision with vehicle,2,Tuesday,111,RIGHT FAR (INTERSECTIONS ONLY),1,223391,Cross intersection,3,50,Local Road,FLAXEN HILLS,WHITTLESEA,-37.59322,145.13168,2020,11,November,9,Morning Peak,Weekday
T20200019377,2020-11-03,12:35:00,1,Collision with vehicle,2,Tuesday,110,CROSS TRAFFIC(INTERSECTIONS ONLY),1,670673,Cross intersection,2,60,Local Road,DANKS,PORT PHILLIP,-37.84798,144.95297,2020,11,November,12,Midday,Weekday
T20200019360,2020-11-03,09:40:00,6,Vehicle overturned (no collision),2,Tuesday,174,OUT OF CONTROL ON CARRIAGEWAY (ON STRAIGHT),1,67752,T intersection,2,60,Arterial Other,MOUNTAIN,KNOX,-37.8635,145.31967,2020,11,November,9,Morning Peak,Weekday
T20200019408,2020-11-03,19:01:00,1,Collision with vehicle,2,Tuesday,121,RIGHT THROUGH,1,319218,T intersection,2,80,Arterial Highway,WESTALL,DANDENONG,-37.965427,145.13483,2020,11,November,19,Night,Weekday
T20200020835,2020-11-03,15:55:00,1,Collision with vehicle,2,Tuesday,114,TWO RIGHT TURNING (INTERSECTIONS ONLY),1,669415,T intersection,3,50,Local Road,PRIOR,HUME,-37.688534,144.8872,2020,11,November,15,Afternoon Peak,Weekday
T20200019416,2020-11-03,22:40:00,4,Collision with a fixed object,2,Tuesday,173,RIGHT OFF CARRIAGEWAY INTO OBJECT/PARKED VEHICLE,3,666003,Cross intersection,1,60,Local Road,HOPPERS,WYNDHAM,-37.885777,144.70038,2020,11,November,22,Night,Weekday
T20200019383,2020-11-03,10:15:00,1,Collision with vehicle,2,Tuesday,137,LEFT TURN SIDESWIPE,1,36757,T intersection,3,40,Arterial Other,HIGH,BOROONDARA,-37.799873,145.04938,2020,11,November,10,Midday,Weekday
T20200019411,2020-11-03,20:50:00,1,Collision with vehicle,2,Tuesday,135,LANE CHANGE LEFT (NOT OVERTAKING),3,282528,T intersection,2,60,Arterial Other,ROYAL,MELBOURNE,-37.78472,144.9594,2020,11,November,20,Night,Weekday
T20200019381,2020-11-03,13:50:00,1,Collision with vehicle,2,Tuesday,121,RIGHT THROUGH,1,46621,Multiple intersection,2,50,Arterial Highway,WURUNDJERI,MELBOURNE,-37.821846,144.9522,2020,11,November,13,Midday,Weekday
T20210001703,2020-11-03,20:45:00,1,Collision with vehicle,2,Tuesday,121,RIGHT THROUGH,3,673853,T intersection,3,60,Arterial Highway,ANDERSON STREET -ROUGHEAD,SOUTH GIPPSLAND,-38.475876,145.94678,2020,11,November,20,Night,Weekday
T20200019374,2020-11-03,08:15:00,4,Collision with a fixed object,2,Tuesday,171,LEFT OFF CARRIAGEWAY INTO OBJECT/PARKED VEHICLE,1,670215,Not at intersection,3,70,Arterial Other,WILLIAMSTOWN,PORT PHILLIP,-37.835255,144.9236,2020,11,November,8,Morning Peak,Weekday
T20200019414,2020-11-03,21:30:00,4,Collision with a fixed object,2,Tuesday,183,OFF LEFT BEND INTO OBJECT/PARKED VEHICLE,5,678478,Not at intersection,2,80,Local Road,WILDWOOD,HUME,-37.613132,144.81079,2020,11,November,21,Night,Weekday
T20200019560,2020-11-03,12:00:00,1,Collision with vehicle,2,Tuesday,121,RIGHT THROUGH,1,237941,T intersection,3,50,Local Road,DONCASTER EAST,WHITEHORSE,-37.811604,145.19456,2020,11,November,12,Midday,Weekday
T20210002448,2020-11-03,16:30:00,1,Collision with vehicle,2,Tuesday,137,LEFT TURN SIDESWIPE,1,675037,Not at intersection,3,40,Local Road,BEACH,PORT PHILLIP,-37.8861,144.98506,2020,11,November,16,Afternoon Peak,Weekday
T20200019405,2020-11-03,17:20:00,4,Collision with a fixed object,2,Tuesday,171,LEFT OFF CARRIAGEWAY INTO OBJECT/PARKED VEHICLE,1,669162,Not at intersection,3,100,Arterial Highway,PRINCES,GLENELG,-38.16476,141.62672,2020,11,November,17,Afternoon Peak,Weekday
T20200019403,2020-11-03,17:35:00,1,Collision with vehicle,2,Tuesday,111,RIGHT FAR (INTERSECTIONS ONLY),1,71108,Cross intersection,2,60,Arterial Other,FOREST,GEELONG,-38.033997,144.39441,2020,11,November,17,Afternoon Peak,Weekday
T20200019402,2020-11-03,11:30:00,6,Vehicle overturned (no collision),2,Tuesday,170,OFF CARRIAGEWAY TO LEFT,1,666197,Not at intersection,2,80,Arterial Other,WELLINGTON,KNOX,-37.932827,145.30264,2020,11,November,11,Midday,Weekday
T20200019388,2020-11-03,15:00:00,1,Collision with vehicle,2,Tuesday,121,RIGHT THROUGH,1,29868,Cross intersection,2,80,Freeway,PLENTY-METROPOLITAN RING IN,WHITTLESEA,-37.687008,145.0673,2020,11,November,15,Afternoon Peak,Weekday
T20200019384,2020-11-03,10:40:00,6,Vehicle overturned (no collision),2,Tuesday,182,OFF CARRIAGEWAY ON LEFT BEND,1,669328,Not at intersection,2,100,Local Road,HARRYS CREEK,STRATHBOGIE,-36.66295,145.73717,2020,11,November,10,Midday,Weekday
T20200020349,2020-11-03,09:30:00,1,Collision with vehicle,2,Tuesday,136,RIGHT TURN SIDESWIPE,1,34171,Cross intersection,3,60,Arterial Highway,WELLINGTON,MONASH,-37.922073,145.18617,2020,11,November,9,Morning Peak,Weekday
T20210003687,2020-11-03,11:15:00,1,Collision with vehicle,2,Tuesday,135,LANE CHANGE LEFT (NOT OVERTAKING),1,676176,Not at intersection,3,60,Arterial Other,BEACH,KINGSTON,-38.008335,145.08534,2020,11,November,11,Midday,Weekday
T20200019387,2020-11-03,14:26:00,1,Collision with vehicle,2,Tuesday,148,VEHICLE OFF FOOTPATH STRIKES VEH ON CARRIAGEWAY,1,671365,T intersection,3,50,Local Road,OAKWOOD,DANDENONG,-37.959873,145.1911,2020,11,November,14,Midday,Weekday
T20200019523,2020-11-03,15:00:00,1,Collision with vehicle,2,Tuesday,160,VEHICLE COLLIDES WITH VEHICLE PARKED ON LEFT OF ROAD,1,667822,Not at intersection,2,80,Arterial Highway,GREAT OCEAN,COLAC OTWAY,-38.65015,143.87752,2020,11,November,15,Afternoon Peak,Weekday
T20200021697,2020-11-03,10:30:00,6,Vehicle overturned (no collision),2,Tuesday,174,OUT OF CONTROL ON CARRIAGEWAY (ON STRAIGHT),1,669263,Not at intersection,2,50,Local Road,ILANI,WHITTLESEA,-37.63691,145.04402,2020,11,November,10,Midday,Weekday
T20200020898,2020-11-03,21:15:00,4,Collision with a fixed object,2,Tuesday,181,OFF RIGHT BEND INTO OBJECT/PARKED VEHICLE,5,668265,Not at intersection,3,80,Local Road,DUNCAN,CARDINIA,-38.119328,145.41411,2020,11,November,21,Night,Weekday
T20200019407,2020-11-03,17:35:00,6,Vehicle overturned (no collision),2,Tuesday,170,OFF CARRIAGEWAY TO LEFT,1,666152,Not at intersection,2,80,Local Road,THOMSON DAM ACCESS,BAW BAW,-37.857132,146.38919,2020,11,November,17,Afternoon Peak,Weekday
T20200019502,2020-11-03,13:30:00,1,Collision with vehicle,2,Tuesday,147,VEHICLE STRIKES ANOTHER VEH WHILE EMERGING FROM DRIVEWAY,1,666538,Not at intersection,3,50,Local Road,BERKELEY,MOUNT ALEXANDER,-37.059868,144.219,2020,11,November,13,Midday,Weekday
T20200023011,2020-11-03,22:06:00,4,Collision with a fixed object,2,Tuesday,171,LEFT OFF CARRIAGEWAY INTO OBJECT/PARKED VEHICLE,5,673091,Not at intersection,2,100,Local Road,BEAUFORT-CARNGHAM,PYRENEES,-37.577614,143.56448,2020,11,November,22,Night,Weekday
T20200019464,2020-11-04,15:38:00,1,Collision with vehicle,3,Wednesday,121,RIGHT THROUGH,1,35515,Multiple intersection,2,60,Freeway,CALDER OUT-KEILOR,MOONEE VALLEY,-37.733955,144.88316,2020,11,November,15,Afternoon Peak,Weekday
T20200019465,2020-11-04,16:24:00,4,Collision with a fixed object,3,Wednesday,173,RIGHT OFF CARRIAGEWAY INTO OBJECT/PARKED VEHICLE,1,666157,Not at intersection,3,60,Arterial Other,MAIN,NILLUMBIK,-37.73301,145.13808,2020,11,November,16,Afternoon Peak,Weekday
T20200019466,2020-11-04,15:40:00,2,Struck Pedestrian,3,Wednesday,102,FAR SIDE. PED HIT BY VEHICLE FROM THE LEFT,1,52069,Cross intersection,3,40,Arterial Highway,YORK,WELLINGTON,-38.10935,147.0684,2020,11,November,15,Afternoon Peak,Weekday
T20200019781,2020-11-04,14:40:00,2,Struck Pedestrian,3,Wednesday,103,PED PLAYING/LYING/WORKING/STANDING ON CARRIAGEWAY.,1,666757,Not at intersection,2,40,Local Road,SWANSTON,MELBOURNE,-37.81,144.96402,2020,11,November,14,Midday,Weekday
T20200019468,2020-11-04,15:14:00,1,Collision with vehicle,3,Wednesday,148,VEHICLE OFF FOOTPATH STRIKES VEH ON CARRIAGEWAY,1,38598,T intersection,3,60,Arterial Other,ASHLEY,MARIBYRNONG,-37.797665,144.86238,2020,11,November,15,Afternoon Peak,Weekday
T20200019470,2020-11-04,17:50:00,1,Collision with vehicle,3,Wednesday,113,RIGHT NEAR (INTERSECTIONS ONLY),1,38595,T intersection,2,60,Arterial Other,ASHLEY,MARIBYRNONG,-37.792027,144.86343,2020,11,November,17,Afternoon Peak,Weekday
T20200019478,2020-11-04,19:36:00,4,Collision with a fixed object,3,Wednesday,173,RIGHT OFF CARRIAGEWAY INTO OBJECT/PARKED VEHICLE,2,675907,Not at intersection,2,50,Local Road,ABBOTSFORD,MELBOURNE,-37.794792,144.94693,2020,11,November,19,Night,Weekday
T20200019479,2020-11-04,20:50:00,1,Collision with vehicle,3,Wednesday,113,RIGHT NEAR (INTERSECTIONS ONLY),3,29875,Multiple intersection,2,70,Freeway,TULLAMARINE OUT-MICKLEHAM,HUME,-37.6912,144.88199,2020,11,November,20,Night,Weekday
T20200019481,2020-11-04,17:45:00,1,Collision with vehicle,3,Wednesday,130,REAR END(VEHICLES IN SAME LANE),1,729751,Not at intersection,3,70,Arterial Other,SYDNEY,HUME,-37.680958,144.95705,2020,11,November,17,Afternoon Peak,Weekday
T20200019794,2020-11-04,15:10:00,2,Struck Pedestrian,3,Wednesday,100,PED NEAR SIDE. PED HIT BY VEHICLE FROM THE RIGHT.,1,667339,Not at intersection,3,60,Arterial Other,BELMORE,BOROONDARA,-37.802055,145.07219,2020,11,November,15,Afternoon Peak,Weekday
T20200019482,2020-11-04,19:25:00,4,Collision with a fixed object,3,Wednesday,171,LEFT OFF CARRIAGEWAY INTO OBJECT/PARKED VEHICLE,1,669540,Not at intersection,3,100,Arterial Highway,SOUTH GIPPSLAND,SOUTH GIPPSLAND,-38.59586,146.1076,2020,11,November,19,Night,Weekday
T20200019484,2020-11-04,21:19:00,6,Vehicle overturned (no collision),3,Wednesday,170,OFF CARRIAGEWAY TO LEFT,5,674562,Not at intersection,3,100,Local Road,MILLS,GANNAWARRA,-35.84829,144.0735,2020,11,November,21,Night,Weekday
T20200019485,2020-11-04,18:30:00,4,Collision with a fixed object,3,Wednesday,183,OFF LEFT BEND INTO OBJECT/PARKED VEHICLE,1,667449,Not at intersection,3,60,Arterial Other,BULLA,HUME,-37.630264,144.80019,2020,11,November,18,Afternoon Peak,Weekday
T20200020256,2020-11-04,17:57:00,4,Collision with a fixed object,3,Wednesday,181,OFF RIGHT BEND INTO OBJECT/PARKED VEHICLE,1,667461,Not at intersection,2,60,Arterial Other,ST GEORGES,DAREBIN,-37.73795,145.0001,2020,11,November,17,Afternoon Peak,Weekday
T20200019553,2020-11-04,21:50:00,1,Collision with vehicle,3,Wednesday,113,RIGHT NEAR (INTERSECTIONS ONLY),3,65093,T intersection,3,60,Freeway,HODDLE,YARRA,-37.796055,144.9936,2020,11,November,21,Night,Weekday
T20200020211,2020-11-04,12:30:00,3,Struck animal,3,Wednesday,167,STRUCK ANIMAL,1,668699,Not at intersection,3,100,Local Road,STOCKDALE-FERNBANK,WELLINGTON,-37.831173,147.24011,2020,11,November,12,Midday,Weekday
T20200020171,2020-11-04,14:03:00,4,Collision with a fixed object,3,Wednesday,181,OFF RIGHT BEND INTO OBJECT/PARKED VEHICLE,9,667344,Not at intersection,3,70,Arterial Other,PAKENHAM,CARDINIA,-37.97377,145.51195,2020,11,November,14,Midday,Weekday
T20200020177,2020-11-04,17:11:00,4,Collision with a fixed object,3,Wednesday,183,OFF LEFT BEND INTO OBJECT/PARKED VEHICLE,6,667345,Not at intersection,3,70,Arterial Other,PAKENHAM,CARDINIA,-38.027504,145.49464,2020,11,November,17,Afternoon Peak,Weekday
T20200019545,2020-11-04,08:30:00,8,No collision and no object struck,3,Wednesday,174,OUT OF CONTROL ON CARRIAGEWAY (ON STRAIGHT),1,41468,Cross intersection,3,60,Arterial Other,NEERIM,GLEN EIRA,-37.8901,145.06477,2020,11,November,8,Morning Peak,Weekday
T20200019433,2020-11-04,12:00:00,1,Collision with vehicle,3,Wednesday,115,RIGHT/LEFT FAR (INTERSECTIONS ONLY),1,36388,T intersection,2,60,Local Road,BANGHOLME,DANDENONG,-38.03802,145.20091,2020,11,November,12,Midday,Weekday
T20200019431,2020-11-04,10:52:00,1,Collision with vehicle,3,Wednesday,113,RIGHT NEAR (INTERSECTIONS ONLY),1,39272,T intersection,3,60,Arterial Other,ELGAR,WHITEHORSE,-37.8137,145.1156,2020,11,November,10,Midday,Weekday
T20200019428,2020-11-04,08:45:00,4,Collision with a fixed object,3,Wednesday,171,LEFT OFF CARRIAGEWAY INTO OBJECT/PARKED VEHICLE,1,729424,Not at intersection,3,80,Local Road,COLOES,WELLINGTON,-37.873196,146.95207,2020,11,November,8,Morning Peak,Weekday
T20200019426,2020-11-04,10:35:00,1,Collision with vehicle,3,Wednesday,130,REAR END(VEHICLES IN SAME LANE),1,29938,Cross intersection,2,80,Arterial Highway,PRINCES,GEELONG,-38.091434,144.35637,2020,11,November,10,Midday,Weekday
T20200019422,2020-11-04,07:38:00,1,Collision with vehicle,3,Wednesday,116,LEFT NEAR (INTERSECTIONS ONLY),1,341100,Cross intersection,2,80,Local Road,KILLARA,YARRA RANGES,-37.72265,145.4164,2020,11,November,7,Morning Peak,Weekday
T20200023742,2020-11-04,12:30:00,4,Collision with a fixed object,3,Wednesday,171,LEFT OFF CARRIAGEWAY INTO OBJECT/PARKED VEHICLE,9,671554,Not at intersection,3,50,Local Road,EARLSTOWN,MONASH,-37.89926,145.0853,2020,11,November,12,Midday,Weekday
T20200019419,2020-11-04,00:30:00,4,Collision with a fixed object,3,Wednesday,173,RIGHT OFF CARRIAGEWAY INTO OBJECT/PARKED VEHICLE,5,671432,Not at intersection,2,100,Arterial Highway,GLENELG,SOUTHERN GRAMPIANS,-37.653084,142.41298,2020,11,November,0,Late Night,Weekday
T20200019893,2020-11-04,15:00:00,1,Collision with vehicle,3,Wednesday,148,VEHICLE OFF FOOTPATH STRIKES VEH ON CARRIAGEWAY,1,681106,Not at intersection,3,60,Arterial Other,BEACH,BAYSIDE,-37.964123,145.0122,2020,11,November,15,Afternoon Peak,Weekday
T20200019417,2020-11-04,01:30:00,4,Collision with a fixed object,3,Wednesday,171,LEFT OFF CARRIAGEWAY INTO OBJECT/PARKED VEHICLE,3,666096,Not at intersection,2,80,Arterial Highway,LOWER DANDENONG,KINGSTON,-37.989372,145.1317,2020,11,November,1,Late Night,Weekday
T20200019843,2020-11-04,16:00:00,1,Collision with vehicle,3,Wednesday,130,REAR END(VEHICLES IN SAME LANE),1,12930,Cross intersection,3,60,Arterial Highway,GLEN EIRA,PORT PHILLIP,-37.87625,144.99237,2020,11,November,16,Afternoon Peak,Weekday
T20200021406,2020-11-04,09:40:00,1,Collision with vehicle,3,Wednesday,163,VEHICLE STRIKES DOOR OF PARKED/STATIONARY VEHICLE,1,668930,Cross intersection,3,60,Local Road,KILGOUR,GEELONG,-38.157623,144.36438,2020,11,November,9,Morning Peak,Weekday
T20200019438,2020-11-04,06:50:00,4,Collision with a fixed object,3,Wednesday,181,OFF RIGHT BEND INTO OBJECT/PARKED VEHICLE,1,677161,Not at intersection,2,60,Arterial Other,BELGRAVE-GEMBROOK,YARRA RANGES,-37.9094,145.37732,2020,11,November,6,Morning Peak,Weekday
T20200019440,2020-11-04,14:05:00,6,Vehicle overturned (no collision),3,Wednesday,174,OUT OF CONTROL ON CARRIAGEWAY (ON STRAIGHT),1,670755,Not at intersection,2,60,Arterial Other,TOORAK,STONNINGTON,-37.842636,145.02194,2020,11,November,14,Midday,Weekday
T20200019515,2020-11-04,13:35:00,1,Collision with vehicle,3,Wednesday,130,REAR END(VEHICLES IN SAME LANE),9,126560,Cross intersection,3,50,Arterial Highway,DANDENONG,MONASH,-37.91472,145.12782,2020,11,November,13,Midday,Weekday
T20200019447,2020-11-04,13:00:00,1,Collision with vehicle,3,Wednesday,113,RIGHT NEAR (INTERSECTIONS ONLY),1,669539,T intersection,3,50,Local Road,LANDSCAPE,YARRA RANGES,-37.77032,145.33032,2020,11,November,13,Midday,Weekday
T20200019453,2020-11-04,11:16:00,1,Collision with vehicle,3,Wednesday,120,HEAD ON (NOT OVERTAKING),1,667249,Not at intersection,3,70,Arterial Other,TAYLORS,BRIMBANK,-37.72916,144.81018,2020,11,November,11,Midday,Weekday
T20200019506,2020-11-04,13:38:00,1,Collision with vehicle,3,Wednesday,120,HEAD ON (NOT OVERTAKING),1,316535,Not at intersection,3,80,Arterial Other,CLEGG,YARRA RANGES,-37.78232,145.41429,2020,11,November,13,Midday,Weekday
T20200022997,2020-11-04,14:00:00,8,No collision and no object struck,3,Wednesday,170,OFF CARRIAGEWAY TO LEFT,1,677575,Not at intersection,3,60,Arterial Other,SYDNEY,MORELAND,-37.727352,144.96367,2020,11,November,14,Midday,Weekday
T20200019458,2020-11-04,14:50:00,1,Collision with vehicle,3,Wednesday,110,CROSS TRAFFIC(INTERSECTIONS ONLY),1,667250,Cross intersection,3,50,Local Road,THISTLE,BENDIGO,-36.76993,144.2678,2020,11,November,14,Midday,Weekday
T20200019459,2020-11-04,11:15:00,1,Collision with vehicle,3,Wednesday,110,CROSS TRAFFIC(INTERSECTIONS ONLY),1,668382,Cross intersection,3,50,Local Road,HUME,MOIRA,-36.011036,146.00594,2020,11,November,11,Midday,Weekday
T20200023758,2020-11-04,14:25:00,1,Collision with vehicle,3,Wednesday,121,RIGHT THROUGH,9,29655,T intersection,3,60,Arterial Highway,WARRIGAL,MONASH,-37.895138,145.0878,2020,11,November,14,Midday,Weekday
T20200019462,2020-11-04,12:56:00,4,Collision with a fixed object,3,Wednesday,171,LEFT OFF CARRIAGEWAY INTO OBJECT/PARKED VEHICLE,1,680559,Not at intersection,2,100,Arterial Highway,GREAT ALPINE,ALPINE,-36.641987,146.8638,2020,11,November,12,Midday,Weekday
T20200019463,2020-11-04,14:36:00,1,Collision with vehicle,3,Wednesday,121,RIGHT THROUGH,1,666156,T intersection,2,50,Local Road,SEQUOIA,HUME,-37.53164,144.95822,2020,11,November,14,Midday,Weekday
T20200020821,2020-11-04,16:23:00,1,Collision with vehicle,3,Wednesday,130,REAR END(VEHICLES IN SAME LANE),1,778376,Cross intersection,3,60,Arterial Other,SPRING,DAREBIN,-37.73031,145.00055,2020,11,November,16,Afternoon Peak,Weekday
T20200019552,2020-11-05,00:17:00,4,Collision with a fixed object,4,Thursday,171,LEFT OFF CARRIAGEWAY INTO OBJECT/PARKED VEHICLE,5,672152,Not at intersection,2,60,Arterial Other,BELGRAVE-HALLAM,YARRA RANGES,-37.927113,145.36246,2020,11,November,0,Late Night,Weekday
T20200020107,2020-11-05,16:00:00,1,Collision with vehicle,4,Thursday,122,LEFT THROUGH,1,355230,Cross intersection,3,70,Arterial Highway,OGILVIE,CAMPASPE,-36.140575,144.7512,2020,11,November,16,Afternoon Peak,Weekday
T20200019554,2020-11-05,22:42:00,4,Collision with a fixed object,4,Thursday,171,LEFT OFF CARRIAGEWAY INTO OBJECT/PARKED VEHICLE,3,674368,Not at intersection,2,50,Local Road,VALLEY,MONASH,-37.91784,145.10768,2020,11,November,22,Night,Weekday
T20200019819,2020-11-05,23:47:00,1,Collision with vehicle,4,Thursday,130,REAR END(VEHICLES IN SAME LANE),3,668613,Not at intersection,2,60,Local Road,THE BOULEVARD,WHITTLESEA,-37.67865,145.02153,2020,11,November,23,Night,Weekday
T20200019543,2020-11-05,07:52:00,1,Collision with vehicle,4,Thursday,121,RIGHT THROUGH,1,666444,T intersection,3,50,Local Road,STATION,MAROONDAH,-37.816196,145.22939,2020,11,November,7,Morning Peak,Weekday
T20200019812,2020-11-05,13:23:00,4,Collision with a fixed object,4,Thursday,171,LEFT OFF CARRIAGEWAY INTO OBJECT/PARKED VEHICLE,1,666798,Not at intersection,2,80,Local Road,HOWARD,BENDIGO,-36.702953,144.29584,2020,11,November,13,Midday,Weekday
T20200019489,2020-11-05,05:20:00,4,Collision with a fixed object,4,Thursday,171,LEFT OFF CARRIAGEWAY INTO OBJECT/PARKED VEHICLE,3,666644,Not at intersection,2,60,Arterial Other,MAIN,BRIMBANK,-37.74779,144.82967,2020,11,November,5,Morning Peak,Weekday
T20200021746,2020-11-05,15:15:00,2,Struck Pedestrian,4,Thursday,107,PED ON FOOTHPATH STRUCK BY VEHENTERING/LEAVING DRIVEWAY.,1,669424,Not at intersection,3,40,Local Road,HALL,MOONEE VALLEY,-37.766273,144.92398,2020,11,November,15,Afternoon Peak,Weekday
T20200019640,2020-11-05,16:12:00,1,Collision with vehicle,4,Thursday,132,RIGHT REAR.,9,42473,T intersection,3,50,Local Road,BAKERS,MORELAND,-37.726017,144.95044,2020,11,November,16,Afternoon Peak,Weekday
T20200019892,2020-11-05,09:34:00,1,Collision with vehicle,4,Thursday,113,RIGHT NEAR (INTERSECTIONS ONLY),1,317499,T intersection,3,60,Local Road,REDESDALE,MACEDON RANGES,-37.234253,144.45367,2020,11,November,9,Morning Peak,Weekday
T20200019631,2020-11-05,04:10:00,1,Collision with vehicle,4,Thursday,130,REAR END(VEHICLES IN SAME LANE),3,666542,Not at intersection,3,40,Local Road,COTTRELL,WYNDHAM,-37.901615,144.65404,2020,11,November,4,Late Night,Weekday
T20200019533,2020-11-05,16:05:00,1,Collision with vehicle,4,Thursday,147,VEHICLE STRIKES ANOTHER VEH WHILE EMERGING FROM DRIVEWAY,1,683303,Not at intersection,3,60,Arterial Other,ST ALBANS,BRIMBANK,-37.747223,144.80219,2020,11,November,16,Afternoon Peak,Weekday
T20200019532,2020-11-05,15:30:00,1,Collision with vehicle,4,Thursday,160,VEHICLE COLLIDES WITH VEHICLE PARKED ON LEFT OF ROAD,1,729425,Not at intersection,2,50,Local Road,AUTUMN,GEELONG,-38.142452,144.34293,2020,11,November,15,Afternoon Peak,Weekday
T20200019645,2020-11-05,10:10:00,1,Collision with vehicle,4,Thursday,130,REAR END(VEHICLES IN SAME LANE),1,667907,Not at intersection,2,60,Local Road,THAMES,KINGSTON,-38.04437,145.13916,2020,11,November,10,Midday,Weekday
T20200019535,2020-11-05,15:30:00,4,Collision with a fixed object,4,Thursday,171,LEFT OFF CARRIAGEWAY INTO OBJECT/PARKED VEHICLE,1,670608,Not at intersection,3,100,Local Road,MEENIYAN-NERRENA,SOUTH GIPPSLAND,-38.545918,145.9986,2020,11,November,15,Afternoon Peak,Weekday
T20200019526,2020-11-05,14:30:00,8,No collision and no object struck,4,Thursday,179,OTHER ACCIDENTS-OFF STRAIGHT NOT INCLUDED IN DCAs 170-175,1,696099,Not at intersection,2,50,Local Road,MARK,CASEY,-38.02918,145.25081,2020,11,November,14,Midday,Weekday
T20200019546,2020-11-05,18:27:00,4,Collision with a fixed object,4,Thursday,171,LEFT OFF CARRIAGEWAY INTO OBJECT/PARKED VEHICLE,1,666221,Not at intersection,1,60,Local Road,RIVERMOUTH,EAST GIPPSLAND,-37.890633,147.67708,2020,11,November,18,Afternoon Peak,Weekday
T20200019486,2020-11-05,01:44:00,8,No collision and no object struck,4,Thursday,180,OFF CARRIAGEWAY ON RIGHT BEND,3,676632,Not at intersection,3,80,Arterial Other,COOPER,HUME,-37.646996,144.97362,2020,11,November,1,Late Night,Weekday
T20200019521,2020-11-05,08:10:00,1,Collision with vehicle,4,Thursday,113,RIGHT NEAR (INTERSECTIONS ONLY),1,45253,T intersection,1,60,Arterial Other,KOO WEE RUP,CARDINIA,-38.128582,145.49031,2020,11,November,8,Morning Peak,Weekday