ACCIDENT_NO,ACCIDENT_DATE,ACCIDENT_TIME,ACCIDENT_TYPE,ACCIDENT_TYPE_DESC,DAY_OF_WEEK,DAY_WEEK_DESC,DCA_CODE,DCA_DESC,LIGHT_CONDITION,NODE_ID,ROAD_GEOMETRY_DESC,SEVERITY,SPEED_ZONE,RMA,ROAD_NAME,LGA_NAME,LATITUDE,LONGITUDE,YEAR,MONTH,MONTH_NAME,HOUR,TIME_PERIOD,DAY_TYPE
T20200019519,2020-11-05,12:01:00,1,Collision with vehicle,4,Thursday,113,RIGHT NEAR (INTERSECTIONS ONLY),1,45683,Cross intersection,2,60,Freeway,MIDDLEBOROUGH-EASTERN OUT,WHITEHORSE,-37.797764,145.1422,2020,11,November,12,Midday,Weekday
T20200019517,2020-11-05,13:24:00,1,Collision with vehicle,4,Thursday,133,LANE SIDE SWIPE (VEHICLES IN PARALLEL LANES),1,675908,Not at intersection,2,50,Local Road,GLEN DHU,MAROONDAH,-37.80159,145.30806,2020,11,November,13,Midday,Weekday
T20200019987,2020-11-05,17:30:00,1,Collision with vehicle,4,Thursday,136,RIGHT TURN SIDESWIPE,1,46504,T intersection,3,80,Freeway,BURKE,STONNINGTON,-37.851685,145.05257,2020,11,November,17,Afternoon Peak,Weekday
T20200019514,2020-11-05,10:45:00,1,Collision with vehicle,4,Thursday,113,RIGHT NEAR (INTERSECTIONS ONLY),1,47464,T intersection,2,70,Arterial Highway,PRINCES,GEELONG,-38.127613,144.35188,2020,11,November,10,Midday,Weekday
T20200019513,2020-11-05,08:50:00,1,Collision with vehicle,4,Thursday,132,RIGHT REAR.,1,667573,Not at intersection,2,60,Local Road,ABBOTTS,DANDENONG,-38.032322,145.21727,2020,11,November,8,Morning Peak,Weekday
T20200019886,2020-11-05,08:45:00,1,Collision with vehicle,4,Thursday,130,REAR END(VEHICLES IN SAME LANE),1,61034,T intersection,2,60,Arterial Other,GEELONG,BALLARAT,-37.5926,143.86723,2020,11,November,8,Morning Peak,Weekday
T20200019510,2020-11-05,06:45:00,1,Collision with vehicle,4,Thursday,130,REAR END(VEHICLES IN SAME LANE),1,691269,Not at intersection,3,60,Freeway,SOUTH GIPPSLAND,DANDENONG,-38.036068,145.24689,2020,11,November,6,Morning Peak,Weekday
T20200020259,2020-11-05,10:00:00,1,Collision with vehicle,4,Thursday,137,LEFT TURN SIDESWIPE,1,37684,T intersection,3,40,Local Road,BOND,STONNINGTON,-37.84107,144.9953,2020,11,November,10,Midday,Weekday
T20200019972,2020-11-05,09:30:00,1,Collision with vehicle,4,Thursday,111,RIGHT FAR (INTERSECTIONS ONLY),1,37622,T intersection,3,40,Arterial Other,HIGH,STONNINGTON,-37.8508,144.98523,2020,11,November,9,Morning Peak,Weekday
T20200020691,2020-11-05,14:55:00,1,Collision with vehicle,4,Thursday,135,LANE CHANGE LEFT (NOT OVERTAKING),9,35342,Cross intersection,3,60,Arterial Other,HODDLE,YARRA,-37.792397,144.99442,2020,11,November,14,Midday,Weekday
T20200019509,2020-11-05,09:00:00,1,Collision with vehicle,4,Thursday,121,RIGHT THROUGH,1,19554,Cross intersection,3,60,Arterial Highway,BARKER,MOUNT ALEXANDER,-37.059734,144.2178,2020,11,November,9,Morning Peak,Weekday
T20210024106,2020-11-05,18:20:00,1,Collision with vehicle,4,Thursday,121,RIGHT THROUGH,1,731025,Cross intersection,3,50,Local Road,EDGARS,WHITTLESEA,-37.6208,145.00525,2020,11,November,18,Afternoon Peak,Weekday
T20200019503,2020-11-05,10:30:00,1,Collision with vehicle,4,Thursday,121,RIGHT THROUGH,1,309683,Cross intersection,3,80,Arterial Other,OSHEA,CASEY,-38.05993,145.33846,2020,11,November,10,Midday,Weekday
T20200019875,2020-11-05,10:25:00,1,Collision with vehicle,4,Thursday,121,RIGHT THROUGH,1,41843,Cross intersection,3,60,Arterial Other,HIGH STREET,MONASH,-37.876457,145.18587,2020,11,November,10,Midday,Weekday
T20200019549,2020-11-05,15:43:00,1,Collision with vehicle,4,Thursday,153,CUTTING IN (OVERTAKING),1,4,Cross intersection,2,50,Local Road,BARROW,MORELAND,-37.75527,144.97057,2020,11,November,15,Afternoon Peak,Weekday
T20200022035,2020-11-05,15:15:00,2,Struck Pedestrian,4,Thursday,100,PED NEAR SIDE. PED HIT BY VEHICLE FROM THE RIGHT.,1,670614,Not at intersection,3,60,Local Road,HALL,MOONEE VALLEY,-37.766296,144.92421,2020,11,November,15,Afternoon Peak,Weekday
T20200019550,2020-11-05,17:30:00,1,Collision with vehicle,4,Thursday,147,VEHICLE STRIKES ANOTHER VEH WHILE EMERGING FROM DRIVEWAY,1,666539,T intersection,3,60,Arterial Other,MAIN HURSTBRIDGE,NILLUMBIK,-37.67457,145.16196,2020,11,November,17,Afternoon Peak,Weekday
T20200019501,2020-11-05,06:10:00,1,Collision with vehicle,4,Thursday,110,CROSS TRAFFIC(INTERSECTIONS ONLY),2,324909,Cross intersection,2,70,Arterial Other,BLACKBURN,MONASH,-37.901165,145.14297,2020,11,November,6,Morning Peak,Weekday
T20200019497,2020-11-05,08:57:00,1,Collision with vehicle,4,Thursday,113,RIGHT NEAR (INTERSECTIONS ONLY),1,289107,T intersection,3,60,Freeway,LEAKES,MELTON,-37.725754,144.65128,2020,11,November,8,Morning Peak,Weekday
T20200019495,2020-11-05,09:00:00,1,Collision with vehicle,4,Thursday,142,LEAVING PARKING,1,666273,Not at intersection,3,50,Local Road,BARKLY,MARIBYRNONG,-37.79904,144.89345,2020,11,November,9,Morning Peak,Weekday
T20200019542,2020-11-05,14:30:00,1,Collision with vehicle,4,Thursday,136,RIGHT TURN SIDESWIPE,1,4743,Not at intersection,3,60,Arterial Other,ROYAL,MELBOURNE,-37.78383,144.9595,2020,11,November,14,Midday,Weekday
T20200022068,2020-11-05,17:45:00,1,Collision with vehicle,4,Thursday,140,U TURN,1,669897,Not at intersection,3,60,Arterial Other,HIGH,MANNINGHAM,-37.774025,145.11424,2020,11,November,17,Afternoon Peak,Weekday
T20200019491,2020-11-05,06:25:00,1,Collision with vehicle,4,Thursday,110,CROSS TRAFFIC(INTERSECTIONS ONLY),1,43608,Cross intersection,2,80,Arterial Other,BELGRAVE-HALLAM,CASEY,-37.98154,145.31042,2020,11,November,6,Morning Peak,Weekday
T20200019541,2020-11-05,17:50:00,4,Collision with a fixed object,4,Thursday,171,LEFT OFF CARRIAGEWAY INTO OBJECT/PARKED VEHICLE,1,666367,Not at intersection,2,80,Local Road,KOBYBOYN,MITCHELL,-37.04129,145.19875,2020,11,November,17,Afternoon Peak,Weekday
T20200019551,2020-11-05,17:03:00,2,Struck Pedestrian,4,Thursday,100,PED NEAR SIDE. PED HIT BY VEHICLE FROM THE RIGHT.,1,669546,Not at intersection,3,50,Arterial Highway,GLENELG,SOUTHERN GRAMPIANS,-37.741646,142.02269,2020,11,November,17,Afternoon Peak,Weekday
T20200019534,2020-11-05,16:56:00,1,Collision with vehicle,4,Thursday,142,LEAVING PARKING,1,669544,Not at intersection,3,40,Local Road,HIGH,DAREBIN,-37.77242,144.99838,2020,11,November,16,Afternoon Peak,Weekday
T20200019562,2020-11-06,09:55:00,1,Collision with vehicle,5,Friday,137,LEFT TURN SIDESWIPE,1,70165,Cross intersection,2,50,Arterial Highway,MAY,KINGSTON,-37.960464,145.05382,2020,11,November,9,Morning Peak,Weekday
T20200019563,2020-11-06,10:02:00,1,Collision with vehicle,5,Friday,110,CROSS TRAFFIC(INTERSECTIONS ONLY),1,228078,Cross intersection,2,60,Arterial Highway,ALBERT,BALLARAT,-37.59276,143.84094,2020,11,November,10,Midday,Weekday
T20200019566,2020-11-06,10:27:00,1,Collision with vehicle,5,Friday,130,REAR END(VEHICLES IN SAME LANE),1,666541,Not at intersection,2,70,Arterial Other,SYDNEY,MORELAND,-37.701263,144.96014,2020,11,November,10,Midday,Weekday
T20200019568,2020-11-06,08:50:00,1,Collision with vehicle,5,Friday,130,REAR END(VEHICLES IN SAME LANE),1,666446,Not at intersection,3,40,Local Road,KOOKABURRA,WYNDHAM,-37.885002,144.6766,2020,11,November,8,Morning Peak,Weekday
T20200019571,2020-11-06,07:20:00,1,Collision with vehicle,5,Friday,120,HEAD ON (NOT OVERTAKING),1,668251,Not at intersection,2,50,Local Road,TANGERINE,CASEY,-38.066925,145.29626,2020,11,November,7,Morning Peak,Weekday
T20200019583,2020-11-06,06:00:00,3,Struck animal,5,Friday,167,STRUCK ANIMAL,2,677465,Not at intersection,3,100,Arterial Highway,NORTHERN,CAMPASPE,-36.37613,144.68967,2020,11,November,6,Morning Peak,Weekday
T20200019584,2020-11-06,13:00:00,1,Collision with vehicle,5,Friday,113,RIGHT NEAR (INTERSECTIONS ONLY),1,294955,T intersection,3,80,Freeway,BURWOOD,KNOX,-37.86121,145.21114,2020,11,November,13,Midday,Weekday
T20200019764,2020-11-06,20:44:00,1,Collision with vehicle,5,Friday,130,REAR END(VEHICLES IN SAME LANE),3,666755,Not at intersection,3,70,Arterial Highway,DANDENONG,GLEN EIRA,-37.873993,145.03842,2020,11,November,20,Night,Weekday
T20200019596,2020-11-06,15:45:00,1,Collision with vehicle,5,Friday,130,REAR END(VEHICLES IN SAME LANE),1,50921,T intersection,3,50,Local Road,MITCHELL,WODONGA,-36.13835,146.88814,2020,11,November,15,Afternoon Peak,Weekday
T20210006414,2020-11-06,10:45:00,2,Struck Pedestrian,5,Friday,109,ANY MANOEUVRE INVOLVING PED NOT INCLUDED IN DCAs 100-108.,1,678794,Not at intersection,3,60,Local Road,DUDLEY,GEELONG,-38.173885,144.71376,2020,11,November,10,Midday,Weekday
T20200019599,2020-11-06,16:05:00,2,Struck Pedestrian,5,Friday,102,FAR SIDE. PED HIT BY VEHICLE FROM THE LEFT,1,668252,Cross intersection,2,40,Arterial Other,HENDERSON,KNOX,-37.896515,145.24721,2020,11,November,16,Afternoon Peak,Weekday
T20200019600,2020-11-06,15:55:00,1,Collision with vehicle,5,Friday,130,REAR END(VEHICLES IN SAME LANE),1,666978,Cross intersection,2,80,Arterial Other,COOPER,HUME,-37.645603,144.96803,2020,11,November,15,Afternoon Peak,Weekday
T20200019601,2020-11-06,08:00:00,1,Collision with vehicle,5,Friday,160,VEHICLE COLLIDES WITH VEHICLE PARKED ON LEFT OF ROAD,1,666368,Not at intersection,3,50,Local Road,KOONANGURT,GEELONG,-38.190453,144.45944,2020,11,November,8,Morning Peak,Weekday
T20200019610,2020-11-06,21:57:00,1,Collision with vehicle,5,Friday,110,CROSS TRAFFIC(INTERSECTIONS ONLY),3,49355,Cross intersection,2,80,Arterial Highway,MURRAY VALLEY,WODONGA,-36.141445,147.00702,2020,11,November,21,Night,Weekday
T20200019611,2020-11-06,22:35:00,1,Collision with vehicle,5,Friday,132,RIGHT REAR.,3,221381,T intersection,3,80,Arterial Other,HUME,HUME,-37.63805,144.95059,2020,11,November,22,Night,Weekday
T20200019616,2020-11-06,22:20:00,4,Collision with a fixed object,5,Friday,173,RIGHT OFF CARRIAGEWAY INTO OBJECT/PARKED VEHICLE,3,50253,Unknown,3,70,Arterial Highway,SURF COAST,GEELONG,-38.208572,144.33986,2020,11,November,22,Night,Weekday
T20200019617,2020-11-06,22:45:00,4,Collision with a fixed object,5,Friday,181,OFF RIGHT BEND INTO OBJECT/PARKED VEHICLE,3,729754,Not at intersection,2,60,Arterial Other,HYLAND,GEELONG,-38.137226,144.31697,2020,11,November,22,Night,Weekday
T20200019650,2020-11-06,18:00:00,1,Collision with vehicle,5,Friday,132,RIGHT REAR.,1,42680,T intersection,2,70,Arterial Other,WELLINGTON,YARRA RANGES,-37.961178,145.36115,2020,11,November,18,Afternoon Peak,Weekday
T20200019803,2020-11-06,10:30:00,1,Collision with vehicle,5,Friday,163,VEHICLE STRIKES DOOR OF PARKED/STATIONARY VEHICLE,1,36039,T intersection,2,50,Local Road,LYGON,MORELAND,-37.7741,144.97128,2020,11,November,10,Midday,Weekday
T20200021441,2020-11-06,16:35:00,1,Collision with vehicle,5,Friday,130,REAR END(VEHICLES IN SAME LANE),1,678144,Not at intersection,3,70,Arterial Other,CANTERBURY,MAROONDAH,-37.830444,145.27446,2020,11,November,16,Afternoon Peak,Weekday
T20200019579,2020-11-06,12:30:00,1,Collision with vehicle,5,Friday,121,RIGHT THROUGH,1,673215,Not at intersection,2,50,Local Road,REX,HUME,-37.646713,144.96303,2020,11,November,12,Midday,Weekday
T20200019864,2020-11-06,23:30:00,1,Collision with vehicle,5,Friday,130,REAR END(VEHICLES IN SAME LANE),5,668697,Not at intersection,3,80,Freeway,WESTERN RING OUT-PASCOE VALE,HUME,-37.693546,144.90947,2020,11,November,23,Night,Weekday
T20200019942,2020-11-06,10:00:00,1,Collision with vehicle,5,Friday,130,REAR END(VEHICLES IN SAME LANE),1,678247,Not at intersection,3,60,Arterial Other,PEEL,MELBOURNE,-37.806767,144.95573,2020,11,November,10,Midday,Weekday
T20200019558,2020-11-06,06:40:00,1,Collision with vehicle,5,Friday,147,VEHICLE STRIKES ANOTHER VEH WHILE EMERGING FROM DRIVEWAY,1,666540,Not at intersection,2,50,Local Road,LORNE,MORELAND,-37.715313,144.96632,2020,11,November,6,Morning Peak,Weekday
T20200019559,2020-11-06,07:44:00,1,Collision with vehicle,5,Friday,160,VEHICLE COLLIDES WITH VEHICLE PARKED ON LEFT OF ROAD,1,751412,Not at intersection,2,50,Local Road,LYNDARUM,WHITTLESEA,-37.62942,145.01361,2020,11,November,7,Morning Peak,Weekday
T20200020643,2020-11-06,16:40:00,1,Collision with vehicle,5,Friday,130,REAR END(VEHICLES IN SAME LANE),1,669850,Not at intersection,3,80,Freeway,TULLAMARINE,MOONEE VALLEY,-37.73001,144.89052,2020,11,November,16,Afternoon Peak,Weekday
T20200019651,2020-11-07,14:30:00,1,Collision with vehicle,6,Saturday,121,RIGHT THROUGH,1,304636,Cross intersection,2,60,Local Road,AITKEN,HUME,-37.616432,144.91342,2020,11,November,14,Midday,Weekend
T20200019652,2020-11-07,08:00:00,6,Vehicle overturned (no collision),6,Saturday,174,OUT OF CONTROL ON CARRIAGEWAY (ON STRAIGHT),1,666543,Not at intersection,3,100,Arterial Highway,GREAT ALPINE,(MOUNT HOTHAM),-36.98495,147.11385,2020,11,November,8,Morning Peak,Weekend
T20200019659,2020-11-07,17:15:00,4,Collision with a fixed object,6,Saturday,171,LEFT OFF CARRIAGEWAY INTO OBJECT/PARKED VEHICLE,1,81724,Not at intersection,3,60,Arterial Highway,ST GEORGES,DAREBIN,-37.75489,144.99397,2020,11,November,17,Afternoon Peak,Weekend
T20200023240,2020-11-07,12:00:00,1,Collision with vehicle,6,Saturday,160,VEHICLE COLLIDES WITH VEHICLE PARKED ON LEFT OF ROAD,1,671306,Not at intersection,3,60,Arterial Other,HEATHS,WYNDHAM,-37.87923,144.69974,2020,11,November,12,Midday,Weekend
T20200019663,2020-11-07,14:05:00,1,Collision with vehicle,6,Saturday,130,REAR END(VEHICLES IN SAME LANE),1,680093,Not at intersection,3,70,Arterial Other,BALLARAT,BRIMBANK,-37.770123,144.77423,2020,11,November,14,Midday,Weekend
T20200019733,2020-11-07,09:30:00,8,No collision and no object struck,6,Saturday,172,OFF CARRIAGEWAY TO RIGHT,1,667908,T intersection,2,100,Arterial Other,COLAC-BALLARAT,GOLDEN PLAINS,-37.836937,143.75464,2020,11,November,9,Morning Peak,Weekend
T20200019660,2020-11-07,17:20:00,2,Struck Pedestrian,6,Saturday,102,FAR SIDE. PED HIT BY VEHICLE FROM THE LEFT,1,29415,T intersection,3,40,Arterial Other,SPENCER,MELBOURNE,-37.817093,144.95325,2020,11,November,17,Afternoon Peak,Weekend
T20200019649,2020-11-07,14:00:00,1,Collision with vehicle,6,Saturday,130,REAR END(VEHICLES IN SAME LANE),1,40603,Cross intersection,3,60,Arterial Other,RIVERSDALE,WHITEHORSE,-37.835976,145.0982,2020,11,November,14,Midday,Weekend
T20200019786,2020-11-07,16:20:00,1,Collision with vehicle,6,Saturday,140,U TURN,1,667253,Not at intersection,3,60,Arterial Other,CANTERBURY,WHITEHORSE,-37.828926,145.12346,2020,11,November,16,Afternoon Peak,Weekend
T20200019668,2020-11-07,19:00:00,1,Collision with vehicle,6,Saturday,136,RIGHT TURN SIDESWIPE,1,669853,T intersection,3,100,Arterial Highway,MURRAY VALLEY,CAMPASPE,-36.199238,145.079,2020,11,November,19,Night,Weekend
T20200019666,2020-11-07,16:50:00,1,Collision with vehicle,6,Saturday,140,U TURN,1,666544,Not at intersection,3,50,Arterial Other,YARRA,BOROONDARA,-37.805737,145.00114,2020,11,November,16,Afternoon Peak,Weekend
T20200019665,2020-11-07,18:11:00,1,Collision with vehicle,6,Saturday,121,RIGHT THROUGH,1,51145,T intersection,3,60,Arterial Highway,GOULBURN VALLEY,SHEPPARTON,-36.41375,145.39246,2020,11,November,18,Afternoon Peak,Weekend
T20200019613,2020-11-07,00:15:00,1,Collision with vehicle,6,Saturday,160,VEHICLE COLLIDES WITH VEHICLE PARKED ON LEFT OF ROAD,3,323239,Not at intersection,3,60,Local Road,BAMBRA,GLEN EIRA,-37.89932,145.02655,2020,11,November,0,Late Night,Weekend
T20200019621,2020-11-07,00:00:00,6,Vehicle overturned (no collision),6,Saturday,174,OUT OF CONTROL ON CARRIAGEWAY (ON STRAIGHT),5,666448,Not at intersection,3,100,Local Road,BOGGY GATE,MACEDON RANGES,-37.485474,144.79433,2020,11,November,0,Late Night,Weekend
T20200020603,2020-11-07,07:45:00,8,No collision and no object struck,6,Saturday,184,OUT OF CONTROL ON CARRIAGEWAY (ON BEND),9,668120,Not at intersection,2,60,Arterial Highway,GREAT OCEAN,SURF COAST,-38.483356,144.0253,2020,11,November,7,Morning Peak,Weekend
T20200019627,2020-11-07,05:35:00,1,Collision with vehicle,6,Saturday,152,PULLING OUT (OVERTAKING),2,666449,Not at intersection,2,60,Local Road,MALCOLM,KINGSTON,-38.00063,145.10608,2020,11,November,5,Morning Peak,Weekend
T20200021170,2020-11-07,13:30:00,1,Collision with vehicle,6,Saturday,113,RIGHT NEAR (INTERSECTIONS ONLY),1,44154,T intersection,3,60,Arterial Other,EASTBOURNE,MORNINGTON PENINSULA,-38.367245,144.88054,2020,11,November,13,Midday,Weekend
T20210008421,2020-11-07,07:20:00,6,Vehicle overturned (no collision),6,Saturday,184,OUT OF CONTROL ON CARRIAGEWAY (ON BEND),2,681792,Not at intersection,2,80,Arterial Highway,GREAT OCEAN,SURF COAST,-38.482002,144.02538,2020,11,November,7,Morning Peak,Weekend
T20200020485,2020-11-07,13:00:00,1,Collision with vehicle,6,Saturday,132,RIGHT REAR.,1,668912,T intersection,3,50,Local Road,MESSMATE,SURF COAST,-38.314934,144.30164,2020,11,November,13,Midday,Weekend
T20200019634,2020-11-07,08:47:00,1,Collision with vehicle,6,Saturday,110,CROSS TRAFFIC(INTERSECTIONS ONLY),1,667338,Cross intersection,3,80,Arterial Highway,MAROONDAH,YARRA RANGES,-37.758385,145.31616,2020,11,November,8,Morning Peak,Weekend
T20200019684,2020-11-07,22:20:00,1,Collision with vehicle,6,Saturday,130,REAR END(VEHICLES IN SAME LANE),3,676219,Not at intersection,2,60,Arterial Other,SYDNEY,MORELAND,-37.77442,144.96088,2020,11,November,22,Night,Weekend
T20200019636,2020-11-07,10:35:00,1,Collision with vehicle,6,Saturday,130,REAR END(VEHICLES IN SAME LANE),1,673825,Not at intersection,3,100,Freeway,WESTERN RING,BRIMBANK,-37.767624,144.80493,2020,11,November,10,Midday,Weekend
T20200019647,2020-11-07,14:00:00,1,Collision with vehicle,6,Saturday,130,REAR END(VEHICLES IN SAME LANE),1,666645,Not at intersection,2,60,Local Road,STATION,MELTON,-37.696907,144.5762,2020,11,November,14,Midday,Weekend
T20200019681,2020-11-07,21:30:00,1,Collision with vehicle,6,Saturday,173,RIGHT OFF CARRIAGEWAY INTO OBJECT/PARKED VEHICLE,3,670425,Not at intersection,2,50,Local Road,WATSON,MORNINGTON PENINSULA,-38.330166,144.98332,2020,11,November,21,Night,Weekend
T20200019664,2020-11-07,14:41:00,4,Collision with a fixed object,6,Saturday,171,LEFT OFF CARRIAGEWAY INTO OBJECT/PARKED VEHICLE,1,45834,T intersection,2,60,Arterial Other,WAVERLEY,STONNINGTON,-37.87833,145.07983,2020,11,November,14,Midday,Weekend
T20200019672,2020-11-07,19:40:00,1,Collision with vehicle,6,Saturday,163,VEHICLE STRIKES DOOR OF PARKED/STATIONARY VEHICLE,3,675082,Not at intersection,3,40,Arterial Other,JOHNSTON,YARRA,-37.800167,144.99628,2020,11,November,19,Night,Weekend
T20200020003,2020-11-08,13:30:00,5,collision with some other object,7,Sunday,166,STRUCK OBJECT ON CARRIAGEWAY,1,670789,Not at intersection,3,100,Local Road,LIMESTONE,EAST GIPPSLAND,-36.987522,148.23048,2020,11,November,13,Midday,Weekend
T20200019730,2020-11-08,22:30:00,4,Collision with a fixed object,7,Sunday,183,OFF LEFT BEND INTO OBJECT/PARKED VEHICLE,5,673216,Not at intersection,3,100,Local Road,WARRUMYEA,MOYNE,-38.303314,142.6959,2020,11,November,22,Night,Weekend
T20200019728,2020-11-08,21:52:00,1,Collision with vehicle,7,Sunday,133,LANE SIDE SWIPE (VEHICLES IN PARALLEL LANES),3,773287,Not at intersection,3,80,Freeway,CALDER,BRIMBANK,-37.7029,144.81297,2020,11,November,21,Night,Weekend
T20200019726,2020-11-08,22:58:00,1,Collision with vehicle,7,Sunday,121,RIGHT THROUGH,3,102689,T intersection,2,60,Arterial Highway,SOUTH GIPPSLAND,DANDENONG,-38.000668,145.22559,2020,11,November,22,Night,Weekend
T20200020837,2020-11-08,13:30:00,1,Collision with vehicle,7,Sunday,110,CROSS TRAFFIC(INTERSECTIONS ONLY),1,668915,Cross intersection,2,80,Arterial Other,BERWICK-CRANBOURNE,CASEY,-38.089645,145.33263,2020,11,November,13,Midday,Weekend
T20200019693,2020-11-08,11:10:00,1,Collision with vehicle,7,Sunday,113,RIGHT NEAR (INTERSECTIONS ONLY),1,311977,T intersection,2,60,Arterial Highway,FRANKSTON-DANDENONG,FRANKSTON,-38.113266,145.15665,2020,11,November,11,Midday,Weekend
T20200019692,2020-11-08,10:10:00,1,Collision with vehicle,7,Sunday,121,RIGHT THROUGH,1,666590,T intersection,3,60,Arterial Other,HEIDELBERG,BANYULE,-37.777542,145.03722,2020,11,November,10,Midday,Weekend
T20200019690,2020-11-08,06:00:00,4,Collision with a fixed object,7,Sunday,171,LEFT OFF CARRIAGEWAY INTO OBJECT/PARKED VEHICLE,1,676185,Not at intersection,2,60,Local Road,FOURTEENTH,MILDURA,-34.20534,142.15549,2020,11,November,6,Morning Peak,Weekend
T20200019683,2020-11-08,00:17:00,4,Collision with a fixed object,7,Sunday,171,LEFT OFF CARRIAGEWAY INTO OBJECT/PARKED VEHICLE,3,669947,Not at intersection,3,40,Arterial Other,SPENCER,MELBOURNE,-37.820847,144.95496,2020,11,November,0,Late Night,Weekend
T20200019718,2020-11-08,19:30:00,1,Collision with vehicle,7,Sunday,121,RIGHT THROUGH,2,227929,Multiple intersection,2,80,Arterial Other,PRINCES,CARDINIA,-38.055233,145.3816,2020,11,November,19,Night,Weekend
T20200019710,2020-11-08,15:58:00,1,Collision with vehicle,7,Sunday,133,LANE SIDE SWIPE (VEHICLES IN PARALLEL LANES),1,49773,T intersection,3,60,Arterial Other,ANAKIE,GEELONG,-38.10942,144.33179,2020,11,November,15,Afternoon Peak,Weekend
T20200019707,2020-11-08,14:40:00,1,Collision with vehicle,7,Sunday,130,REAR END(VEHICLES IN SAME LANE),1,685722,Not at intersection,2,60,Arterial Highway,GEELONG,MARIBYRNONG,-37.7997,144.89088,2020,11,November,14,Midday,Weekend
T20200019694,2020-11-08,10:54:00,1,Collision with vehicle,7,Sunday,111,RIGHT FAR (INTERSECTIONS ONLY),1,773286,T intersection,3,50,Arterial Other,FOREST,KNOX,-37.85994,145.31041,2020,11,November,10,Midday,Weekend
T20200019699,2020-11-08,10:35:00,6,Vehicle overturned (no collision),7,Sunday,174,OUT OF CONTROL ON CARRIAGEWAY (ON STRAIGHT),1,669950,Cross intersection,3,70,Arterial Other,DOHERTYS ROAD -GRIEVE,HOBSONS BAY,-37.831554,144.82695,2020,11,November,10,Midday,Weekend
T20200019697,2020-11-08,10:23:00,1,Collision with vehicle,7,Sunday,143,ENTERING PARKING,1,78083,Not at intersection,3,40,Local Road,AUGHTIE,PORT PHILLIP,-37.84802,144.96642,2020,11,November,10,Midday,Weekend
T20200019696,2020-11-08,11:10:00,1,Collision with vehicle,7,Sunday,136,RIGHT TURN SIDESWIPE,1,41082,Cross intersection,2,60,Arterial Other,GLEN HUNTLY,PORT PHILLIP,-37.88176,144.97835,2020,11,November,11,Midday,Weekend
T20210003377,2020-11-08,20:00:00,8,No collision and no object struck,7,Sunday,182,OFF CARRIAGEWAY ON LEFT BEND,5,780687,Not at intersection,3,80,Arterial Other,KORUMBURRA-WARRAGUL,BAW BAW,-38.2072,145.9249,2020,11,November,20,Night,Weekend
T20200019721,2020-11-08,19:26:00,2,Struck Pedestrian,7,Sunday,102,FAR SIDE. PED HIT BY VEHICLE FROM THE LEFT,1,666493,Not at intersection,1,60,Arterial Other,CHILDS,WHITTLESEA,-37.66122,145.03438,2020,11,November,19,Night,Weekend
T20200019695,2020-11-08,11:30:00,1,Collision with vehicle,7,Sunday,111,RIGHT FAR (INTERSECTIONS ONLY),1,666647,T intersection,3,80,Arterial Highway,SPRINGVALE,MONASH,-37.92545,145.15701,2020,11,November,11,Midday,Weekend
T20200019714,2020-11-08,20:00:00,1,Collision with vehicle,7,Sunday,148,VEHICLE OFF FOOTPATH STRIKES VEH ON CARRIAGEWAY,2,666692,Not at intersection,2,60,Local Road,BROADWAY,MELTON,-37.728874,144.7479,2020,11,November,20,Night,Weekend
T20200019713,2020-11-08,15:15:00,2,Struck Pedestrian,7,Sunday,102,FAR SIDE. PED HIT BY VEHICLE FROM THE LEFT,1,666648,Not at intersection,3,60,Arterial Other,ESPLANADE,BAYSIDE,-37.91604,144.98718,2020,11,November,15,Afternoon Peak,Weekend
T20200019712,2020-11-08,19:02:00,1,Collision with vehicle,7,Sunday,113,RIGHT NEAR (INTERSECTIONS ONLY),2,70533,T intersection,2,50,Local Road,KINGSCLERE,DANDENONG,-37.981686,145.16765,2020,11,November,19,Night,Weekend
T20200019723,2020-11-08,23:58:00,1,Collision with vehicle,7,Sunday,121,RIGHT THROUGH,3,36737,T intersection,2,80,Arterial Highway,PRINCES,DANDENONG,-37.941467,145.16606,2020,11,November,23,Night,Weekend
T20200019778,2020-11-09,16:30:00,4,Collision with a fixed object,1,Monday,171,LEFT OFF CARRIAGEWAY INTO OBJECT/PARKED VEHICLE,1,668385,Not at intersection,2,100,Local Road,YOUARANG,MOIRA,-36.00258,145.77762,2020,11,November,16,Afternoon Peak,Weekday
T20200019780,2020-11-09,17:50:00,1,Collision with vehicle,1,Monday,130,REAR END(VEHICLES IN SAME LANE),1,673895,Not at intersection,3,60,Arterial Highway,STATE (BELL/SPRINGVALE),DAREBIN,-37.747852,145.02768,2020,11,November,17,Afternoon Peak,Weekday
T20200019779,2020-11-09,13:07:00,1,Collision with vehicle,1,Monday,130,REAR END(VEHICLES IN SAME LANE),1,670203,Not at intersection,3,100,Freeway,WESTERN RING,BRIMBANK,-37.714504,144.8769,2020,11,November,13,Midday,Weekday