ACCIDENT_NO,ACCIDENT_DATE,ACCIDENT_TIME,ACCIDENT_TYPE,ACCIDENT_TYPE_DESC,DAY_OF_WEEK,DAY_WEEK_DESC,DCA_CODE,DCA_DESC,LIGHT_CONDITION,NODE_ID,ROAD_GEOMETRY_DESC,SEVERITY,SPEED_ZONE,RMA,ROAD_NAME,LGA_NAME,LATITUDE,LONGITUDE,YEAR,MONTH,MONTH_NAME,HOUR,TIME_PERIOD,DAY_TYPE
T20200019738,2020-11-09,09:49:00,4,Collision with a fixed object,1,Monday,179,OTHER ACCIDENTS-OFF STRAIGHT NOT INCLUDED IN DCAs 170-175,1,666649,Not at intersection,3,50,Local Road,WATERLOO,BOROONDARA,-37.83181,145.0621,2020,11,November,9,Morning Peak,Weekday
T20200019775,2020-11-09,15:55:00,1,Collision with vehicle,1,Monday,110,CROSS TRAFFIC(INTERSECTIONS ONLY),1,328063,Cross intersection,2,50,Local Road,BARINGA PARK,CASEY,-38.05844,145.29785,2020,11,November,15,Afternoon Peak,Weekday
T20200019741,2020-11-09,10:30:00,4,Collision with a fixed object,1,Monday,171,LEFT OFF CARRIAGEWAY INTO OBJECT/PARKED VEHICLE,1,670221,Not at intersection,3,50,Local Road,MCLEANS,WHITTLESEA,-37.694527,145.048,2020,11,November,10,Midday,Weekday
T20200019742,2020-11-09,10:18:00,1,Collision with vehicle,1,Monday,130,REAR END(VEHICLES IN SAME LANE),1,666651,T intersection,2,80,Arterial Other,KEILOR PARK,BRIMBANK,-37.718063,144.85484,2020,11,November,10,Midday,Weekday
T20200020088,2020-11-09,11:03:00,1,Collision with vehicle,1,Monday,163,VEHICLE STRIKES DOOR OF PARKED/STATIONARY VEHICLE,1,667167,Not at intersection,2,50,Local Road,HOPKINS,MARIBYRNONG,-37.80009,144.9024,2020,11,November,11,Midday,Weekday
T20200019840,2020-11-09,16:04:00,6,Vehicle overturned (no collision),1,Monday,174,OUT OF CONTROL ON CARRIAGEWAY (ON STRAIGHT),1,29420,Multiple intersection,3,40,Local Road,FLINDERS,MELBOURNE,-37.819614,144.96002,2020,11,November,16,Afternoon Peak,Weekday
T20200019743,2020-11-09,08:40:00,1,Collision with vehicle,1,Monday,113,RIGHT NEAR (INTERSECTIONS ONLY),1,35729,T intersection,2,60,Freeway,STATION STREET -TRAM,WHITEHORSE,-37.797756,145.12695,2020,11,November,8,Morning Peak,Weekday
T20200019748,2020-11-09,11:08:00,2,Struck Pedestrian,1,Monday,102,FAR SIDE. PED HIT BY VEHICLE FROM THE LEFT,1,691384,T intersection,2,50,Arterial Other,THOMPSONS,CASEY,-38.0825,145.2791,2020,11,November,11,Midday,Weekday
T20200020038,2020-11-09,09:30:00,1,Collision with vehicle,1,Monday,130,REAR END(VEHICLES IN SAME LANE),1,667163,Not at intersection,3,60,Arterial Highway,NORTHERN,MITCHELL,-37.406467,144.97983,2020,11,November,9,Morning Peak,Weekday
T20200019747,2020-11-09,07:20:00,1,Collision with vehicle,1,Monday,121,RIGHT THROUGH,1,358222,T intersection,3,80,Arterial Highway,SOUTH GIPPSLAND,CASEY,-38.03685,145.24771,2020,11,November,7,Morning Peak,Weekday
T20200019796,2020-11-09,22:06:00,1,Collision with vehicle,1,Monday,140,U TURN,3,666863,T intersection,3,50,Local Road,GRIFFITH,CASEY,-37.975525,145.24176,2020,11,November,22,Night,Weekday
T20200020163,2020-11-09,06:28:00,2,Struck Pedestrian,1,Monday,100,PED NEAR SIDE. PED HIT BY VEHICLE FROM THE RIGHT.,2,670263,Cross intersection,3,60,Arterial Highway,ST KILDA,PORT PHILLIP,-37.86058,144.9845,2020,11,November,6,Morning Peak,Weekday
T20200020637,2020-11-09,06:37:00,1,Collision with vehicle,1,Monday,121,RIGHT THROUGH,1,773278,T intersection,3,40,Arterial Other,WAGNER,WYNDHAM,-37.917763,144.6372,2020,11,November,6,Morning Peak,Weekday
T20200019760,2020-11-09,13:50:00,1,Collision with vehicle,1,Monday,130,REAR END(VEHICLES IN SAME LANE),1,668384,Not at intersection,2,80,Freeway,MONASH,MONASH,-37.897182,145.14838,2020,11,November,13,Midday,Weekday
T20200019804,2020-11-09,16:20:00,1,Collision with vehicle,1,Monday,130,REAR END(VEHICLES IN SAME LANE),1,668858,Not at intersection,2,80,Freeway,MONASH,DANDENONG,-37.940895,145.1996,2020,11,November,16,Afternoon Peak,Weekday
T20200019905,2020-11-09,13:00:00,1,Collision with vehicle,1,Monday,130,REAR END(VEHICLES IN SAME LANE),1,666868,Not at intersection,3,80,Arterial Other,WERRIBEE MAIN,WYNDHAM,-37.88676,144.69603,2020,11,November,13,Midday,Weekday
T20200019761,2020-11-09,14:28:00,1,Collision with vehicle,1,Monday,130,REAR END(VEHICLES IN SAME LANE),1,670063,T intersection,3,80,Arterial Highway,GREENSBOROUGH BYPASS -GREENSBOROUGH,NILLUMBIK,-37.69393,145.09323,2020,11,November,14,Midday,Weekday
T20200019751,2020-11-09,11:30:00,2,Struck Pedestrian,1,Monday,109,ANY MANOEUVRE INVOLVING PED NOT INCLUDED IN DCAs 100-108.,1,666754,Not at intersection,3,50,Local Road,TUAGGRA,CENTRAL GOLDFIELDS,-37.045616,143.73875,2020,11,November,11,Midday,Weekday
T20200019727,2020-11-09,01:25:00,4,Collision with a fixed object,1,Monday,173,RIGHT OFF CARRIAGEWAY INTO OBJECT/PARKED VEHICLE,5,675083,Not at intersection,3,100,Arterial Other,BAIRNSDALE-DARGO,EAST GIPPSLAND,-37.8068,147.47806,2020,11,November,1,Late Night,Weekday
T20200019757,2020-11-09,09:00:00,1,Collision with vehicle,1,Monday,130,REAR END(VEHICLES IN SAME LANE),1,678479,Not at intersection,3,50,Local Road,GILBERT,DAREBIN,-37.728294,144.99173,2020,11,November,9,Morning Peak,Weekday
T20200020548,2020-11-09,20:30:00,4,Collision with a fixed object,1,Monday,181,OFF RIGHT BEND INTO OBJECT/PARKED VEHICLE,9,47175,T intersection,3,100,Arterial Other,GEMBROOK,CARDINIA,-37.97145,145.54684,2020,11,November,20,Night,Weekday
T20200019756,2020-11-09,10:35:00,1,Collision with vehicle,1,Monday,134,LANE CHANGE RIGHT (NOT OVERTAKING),1,780688,Not at intersection,3,70,Arterial Other,OLD GEELONG,WYNDHAM,-37.876587,144.71425,2020,11,November,10,Midday,Weekday
T20200019768,2020-11-09,15:29:00,1,Collision with vehicle,1,Monday,111,RIGHT FAR (INTERSECTIONS ONLY),1,38699,Cross intersection,2,60,Arterial Other,WILLIAMSTOWN,MARIBYRNONG,-37.81579,144.8829,2020,11,November,15,Afternoon Peak,Weekday
T20200019769,2020-11-09,12:15:00,2,Struck Pedestrian,1,Monday,100,PED NEAR SIDE. PED HIT BY VEHICLE FROM THE RIGHT.,1,38810,Cross intersection,2,60,Arterial Other,HOPKINS,MARIBYRNONG,-37.80072,144.90787,2020,11,November,12,Midday,Weekday
T20200019770,2020-11-09,15:33:00,4,Collision with a fixed object,1,Monday,181,OFF RIGHT BEND INTO OBJECT/PARKED VEHICLE,1,667824,Not at intersection,2,80,Arterial Other,DEANS MARSH-LORNE,SURF COAST,-38.486996,143.93983,2020,11,November,15,Afternoon Peak,Weekday
T20200019771,2020-11-09,16:25:00,4,Collision with a fixed object,1,Monday,171,LEFT OFF CARRIAGEWAY INTO OBJECT/PARKED VEHICLE,1,670202,Not at intersection,3,50,Local Road,LILLEYS,BAW BAW,-38.161087,145.91595,2020,11,November,16,Afternoon Peak,Weekday
T20200019750,2020-11-09,09:00:00,1,Collision with vehicle,1,Monday,148,VEHICLE OFF FOOTPATH STRIKES VEH ON CARRIAGEWAY,1,42815,Cross intersection,3,80,Arterial Highway,NEPEAN,KINGSTON,-37.990707,145.08134,2020,11,November,9,Morning Peak,Weekday
T20200019752,2020-11-09,12:53:00,1,Collision with vehicle,1,Monday,130,REAR END(VEHICLES IN SAME LANE),1,71380,T intersection,2,60,Local Road,CAMELLIA,GEELONG,-38.088142,144.36108,2020,11,November,12,Midday,Weekday
T20200019776,2020-11-09,17:14:00,1,Collision with vehicle,1,Monday,121,RIGHT THROUGH,1,667705,Not at intersection,3,40,Local Road,AUGHTIE,PORT PHILLIP,-37.852062,144.97409,2020,11,November,17,Afternoon Peak,Weekday
T20200019777,2020-11-09,16:43:00,1,Collision with vehicle,1,Monday,130,REAR END(VEHICLES IN SAME LANE),1,666981,Not at intersection,3,50,Arterial Other,BARKLY,PORT PHILLIP,-37.872112,144.98027,2020,11,November,16,Afternoon Peak,Weekday
T20200019968,2020-11-09,08:20:00,1,Collision with vehicle,1,Monday,116,LEFT NEAR (INTERSECTIONS ONLY),1,38201,Cross intersection,3,50,Local Road,DAREBIN,BANYULE,-37.753757,145.06248,2020,11,November,8,Morning Peak,Weekday
T20200019732,2020-11-09,07:05:00,4,Collision with a fixed object,1,Monday,173,RIGHT OFF CARRIAGEWAY INTO OBJECT/PARKED VEHICLE,1,677543,Not at intersection,2,100,Local Road,GLENROWAN,WANGARATTA,-36.44516,146.2423,2020,11,November,7,Morning Peak,Weekday
T20200019793,2020-11-09,19:09:00,1,Collision with vehicle,1,Monday,121,RIGHT THROUGH,1,304636,Cross intersection,3,60,Local Road,AITKEN,HUME,-37.616432,144.91342,2020,11,November,19,Night,Weekday
T20200019789,2020-11-09,19:50:00,1,Collision with vehicle,1,Monday,130,REAR END(VEHICLES IN SAME LANE),1,670816,Not at intersection,2,100,Freeway,WESTERN RING,BRIMBANK,-37.800102,144.79465,2020,11,November,19,Night,Weekday
T20200019788,2020-11-09,19:53:00,1,Collision with vehicle,1,Monday,110,CROSS TRAFFIC(INTERSECTIONS ONLY),1,49504,Cross intersection,2,50,Arterial Other,AITKEN,MACEDON RANGES,-37.49,144.59079,2020,11,November,19,Night,Weekday
T20200019784,2020-11-09,18:39:00,1,Collision with vehicle,1,Monday,121,RIGHT THROUGH,1,36335,Cross intersection,3,60,Arterial Other,CEMETERY,MELBOURNE,-37.79226,144.96838,2020,11,November,18,Afternoon Peak,Weekday
T20200020933,2020-11-09,14:00:00,8,No collision and no object struck,1,Monday,170,OFF CARRIAGEWAY TO LEFT,1,668795,Not at intersection,3,60,Local Road,REID PARK,BALLARAT,-37.618706,143.87152,2020,11,November,14,Midday,Weekday
T20200019850,2020-11-09,19:30:00,6,Vehicle overturned (no collision),1,Monday,174,OUT OF CONTROL ON CARRIAGEWAY (ON STRAIGHT),2,51636,Cross intersection,2,50,Local Road,BOOTH,BENDIGO,-36.762478,144.2576,2020,11,November,19,Night,Weekday
T20200020959,2020-11-09,15:30:00,1,Collision with vehicle,1,Monday,110,CROSS TRAFFIC(INTERSECTIONS ONLY),1,39908,Cross intersection,3,50,Local Road,MCBAIN,HOBSONS BAY,-37.869312,144.82738,2020,11,November,15,Afternoon Peak,Weekday
T20200022281,2020-11-09,15:00:00,1,Collision with vehicle,1,Monday,121,RIGHT THROUGH,1,38365,T intersection,2,60,Local Road,KING,MANNINGHAM,-37.77409,145.15508,2020,11,November,15,Afternoon Peak,Weekday
T20200019854,2020-11-09,18:20:00,2,Struck Pedestrian,1,Monday,100,PED NEAR SIDE. PED HIT BY VEHICLE FROM THE RIGHT.,2,670243,Not at intersection,3,50,Local Road,HAZEL GLEN,WHITTLESEA,-37.58658,145.12856,2020,11,November,18,Afternoon Peak,Weekday
T20200020005,2020-11-09,14:55:00,4,Collision with a fixed object,1,Monday,183,OFF LEFT BEND INTO OBJECT/PARKED VEHICLE,1,271673,Not at intersection,3,80,Arterial Other,MARYSVILLE-WOODS POINT,MURRINDINDI,-37.53042,145.82256,2020,11,November,14,Midday,Weekday
T20200020042,2020-11-10,17:58:00,2,Struck Pedestrian,2,Tuesday,102,FAR SIDE. PED HIT BY VEHICLE FROM THE LEFT,1,50001,Cross intersection,3,60,Arterial Highway,MCKILLOP,GEELONG,-38.155567,144.36542,2020,11,November,17,Afternoon Peak,Weekday
T20200021423,2020-11-10,12:00:00,6,Vehicle overturned (no collision),2,Tuesday,174,OUT OF CONTROL ON CARRIAGEWAY (ON STRAIGHT),1,776830,T intersection,3,50,Local Road,CHILLINGOLLAH,SWAN HILL,-35.26032,143.04956,2020,11,November,12,Midday,Weekday
T20200019814,2020-11-10,09:50:00,1,Collision with vehicle,2,Tuesday,113,RIGHT NEAR (INTERSECTIONS ONLY),1,668791,T intersection,3,100,Arterial Other,PLENTY,WHITTLESEA,-37.568897,145.10658,2020,11,November,9,Morning Peak,Weekday
T20200020397,2020-11-10,10:15:00,1,Collision with vehicle,2,Tuesday,114,TWO RIGHT TURNING (INTERSECTIONS ONLY),1,63019,T intersection,3,60,Arterial Other,MURRAY,DAREBIN,-37.73904,145.01366,2020,11,November,10,Midday,Weekday
T20200019982,2020-11-10,14:46:00,1,Collision with vehicle,2,Tuesday,140,U TURN,1,666990,Not at intersection,2,100,Arterial Highway,WESTERN,HINDMARSH,-36.459927,142.0588,2020,11,November,14,Midday,Weekday
T20200020923,2020-11-10,09:00:00,1,Collision with vehicle,2,Tuesday,113,RIGHT NEAR (INTERSECTIONS ONLY),1,36869,T intersection,3,60,Arterial Other,CRAIGIEBURN,HUME,-37.59684,144.92188,2020,11,November,9,Morning Peak,Weekday
T20200021029,2020-11-10,17:45:00,4,Collision with a fixed object,2,Tuesday,173,RIGHT OFF CARRIAGEWAY INTO OBJECT/PARKED VEHICLE,2,669249,Multiple intersection,2,100,Freeway,CLYDE-PRINCES IN,CASEY,-38.04418,145.33871,2020,11,November,17,Afternoon Peak,Weekday
T20200021339,2020-11-10,15:30:00,1,Collision with vehicle,2,Tuesday,130,REAR END(VEHICLES IN SAME LANE),1,63507,Cross intersection,3,40,Arterial Other,BUCKLEY,MOONEE VALLEY,-37.755413,144.90251,2020,11,November,15,Afternoon Peak,Weekday
T20200019829,2020-11-10,12:30:00,2,Struck Pedestrian,2,Tuesday,101,PED EMERGES FROM IN FRONT OF PARKED OR STATIONARY VEHICLE,1,667453,Not at intersection,3,50,Local Road,BLYTH,MORELAND,-37.76737,144.98044,2020,11,November,12,Midday,Weekday
T20200019871,2020-11-10,18:55:00,1,Collision with vehicle,2,Tuesday,121,RIGHT THROUGH,1,43319,T intersection,1,60,Arterial Other,MCLEOD ROAD -STATION,KINGSTON,-38.076363,145.1232,2020,11,November,18,Afternoon Peak,Weekday
T20200020295,2020-11-10,19:15:00,1,Collision with vehicle,2,Tuesday,130,REAR END(VEHICLES IN SAME LANE),1,675129,Not at intersection,3,60,Arterial Other,MCLEOD,KINGSTON,-38.070698,145.13788,2020,11,November,19,Night,Weekday
T20200019807,2020-11-10,08:05:00,1,Collision with vehicle,2,Tuesday,148,VEHICLE OFF FOOTPATH STRIKES VEH ON CARRIAGEWAY,1,667077,Not at intersection,3,60,Freeway,SNEYDES-PRINCES IN,WYNDHAM,-37.897667,144.70448,2020,11,November,8,Morning Peak,Weekday
T20200020279,2020-11-10,15:19:00,1,Collision with vehicle,2,Tuesday,111,RIGHT FAR (INTERSECTIONS ONLY),1,656104,T intersection,3,60,Local Road,AUSTRALIS,BRIMBANK,-37.803223,144.75386,2020,11,November,15,Afternoon Peak,Weekday
T20200021013,2020-11-10,09:30:00,1,Collision with vehicle,2,Tuesday,130,REAR END(VEHICLES IN SAME LANE),1,669145,Not at intersection,3,40,Arterial Highway,PRINCES,CORANGAMITE,-38.253853,143.18706,2020,11,November,9,Morning Peak,Weekday
T20200019823,2020-11-10,10:35:00,6,Vehicle overturned (no collision),2,Tuesday,184,OUT OF CONTROL ON CARRIAGEWAY (ON BEND),1,670483,Not at intersection,2,100,Arterial Other,LOCKHARTS GAP,TOWONG,-36.360397,147.18945,2020,11,November,10,Midday,Weekday
T20200019861,2020-11-10,19:00:00,1,Collision with vehicle,2,Tuesday,147,VEHICLE STRIKES ANOTHER VEH WHILE EMERGING FROM DRIVEWAY,1,666758,T intersection,3,50,Local Road,BEVERIN,BALLARAT,-37.58722,143.83955,2020,11,November,19,Night,Weekday
T20200019847,2020-11-10,16:30:00,4,Collision with a fixed object,2,Tuesday,171,LEFT OFF CARRIAGEWAY INTO OBJECT/PARKED VEHICLE,1,670212,Not at intersection,3,80,Arterial Other,MONBULK,YARRA RANGES,-37.856804,145.41682,2020,11,November,16,Afternoon Peak,Weekday
T20200019951,2020-11-10,19:30:00,1,Collision with vehicle,2,Tuesday,163,VEHICLE STRIKES DOOR OF PARKED/STATIONARY VEHICLE,1,667577,T intersection,3,40,Local Road,WILLIAM,PORT PHILLIP,-37.869213,144.99432,2020,11,November,19,Night,Weekday
T20200019848,2020-11-10,13:30:00,4,Collision with a fixed object,2,Tuesday,183,OFF LEFT BEND INTO OBJECT/PARKED VEHICLE,1,210028,T intersection,2,100,Arterial Other,STANLEY,INDIGO,-36.377853,146.72699,2020,11,November,13,Midday,Weekday
T20200019851,2020-11-10,15:34:00,1,Collision with vehicle,2,Tuesday,148,VEHICLE OFF FOOTPATH STRIKES VEH ON CARRIAGEWAY,1,682035,Not at intersection,3,40,Arterial Other,DUNCANS,WYNDHAM,-37.91013,144.67801,2020,11,November,15,Afternoon Peak,Weekday
T20200020559,2020-11-10,09:00:00,1,Collision with vehicle,2,Tuesday,130,REAR END(VEHICLES IN SAME LANE),1,679535,Not at intersection,3,60,Arterial Other,HOTHAM,GLEN EIRA,-37.872005,144.99896,2020,11,November,9,Morning Peak,Weekday
T20200019852,2020-11-10,18:00:00,1,Collision with vehicle,2,Tuesday,110,CROSS TRAFFIC(INTERSECTIONS ONLY),1,47296,Cross intersection,3,60,Local Road,DAVID MUNROE,HUME,-37.63679,144.93259,2020,11,November,18,Afternoon Peak,Weekday
T20200019826,2020-11-10,10:31:00,1,Collision with vehicle,2,Tuesday,121,RIGHT THROUGH,1,239081,Cross intersection,2,80,Arterial Highway,DANDENONG,MONASH,-37.893784,145.09335,2020,11,November,10,Midday,Weekday
T20200019810,2020-11-10,07:48:00,1,Collision with vehicle,2,Tuesday,130,REAR END(VEHICLES IN SAME LANE),1,43909,Cross intersection,3,80,Arterial Other,BERWICK-CRANBOURNE ROAD -SLADEN,CASEY,-38.113888,145.28973,2020,11,November,7,Morning Peak,Weekday
T20200019919,2020-11-10,15:20:00,1,Collision with vehicle,2,Tuesday,148,VEHICLE OFF FOOTPATH STRIKES VEH ON CARRIAGEWAY,1,808,T intersection,3,40,Local Road,BOURKE,MORELAND,-37.73683,144.9575,2020,11,November,15,Afternoon Peak,Weekday
T20200020373,2020-11-10,17:30:00,4,Collision with a fixed object,2,Tuesday,173,RIGHT OFF CARRIAGEWAY INTO OBJECT/PARKED VEHICLE,1,671294,Not at intersection,2,100,Arterial Other,EDENHOPE-PENOLA,WEST WIMMERA,-37.026802,141.23495,2020,11,November,17,Afternoon Peak,Weekday
T20200019860,2020-11-10,18:50:00,1,Collision with vehicle,2,Tuesday,110,CROSS TRAFFIC(INTERSECTIONS ONLY),1,29931,Cross intersection,3,60,Arterial Other,ROMSEY,MACEDON RANGES,-37.348454,144.537,2020,11,November,18,Afternoon Peak,Weekday
T20200019868,2020-11-10,16:00:00,1,Collision with vehicle,2,Tuesday,130,REAR END(VEHICLES IN SAME LANE),2,683304,T intersection,3,60,Arterial Other,STEPHENSONS,MONASH,-37.862385,145.13152,2020,11,November,16,Afternoon Peak,Weekday
T20200022666,2020-11-10,15:20:00,1,Collision with vehicle,2,Tuesday,130,REAR END(VEHICLES IN SAME LANE),1,729478,Not at intersection,3,100,Freeway,MONASH,CASEY,-37.96638,145.23404,2020,11,November,15,Afternoon Peak,Weekday
T20200019824,2020-11-10,10:26:00,1,Collision with vehicle,2,Tuesday,134,LANE CHANGE RIGHT (NOT OVERTAKING),1,670486,Not at intersection,3,100,Freeway,WESTERN RING,BRIMBANK,-37.76834,144.80922,2020,11,November,10,Midday,Weekday
T20200019863,2020-11-10,20:40:00,1,Collision with vehicle,2,Tuesday,130,REAR END(VEHICLES IN SAME LANE),2,666865,Not at intersection,3,40,Freeway,WEST GATE,HOBSONS BAY,-37.82471,144.85675,2020,11,November,20,Night,Weekday
T20200019880,2020-11-10,10:15:00,1,Collision with vehicle,2,Tuesday,130,REAR END(VEHICLES IN SAME LANE),1,29604,T intersection,2,70,Arterial Highway,DANDENONG,STONNINGTON,-37.868477,145.03127,2020,11,November,10,Midday,Weekday
T20200019862,2020-11-10,18:28:00,1,Collision with vehicle,2,Tuesday,130,REAR END(VEHICLES IN SAME LANE),1,670426,T intersection,2,60,Arterial Other,SYDNEY,MORELAND,-37.73557,144.96602,2020,11,November,18,Afternoon Peak,Weekday
T20200019924,2020-11-10,14:45:00,1,Collision with vehicle,2,Tuesday,121,RIGHT THROUGH,1,670482,T intersection,3,60,Arterial Other,SYMONDS,YARRA RANGES,-37.652473,145.37619,2020,11,November,14,Midday,Weekday
T20200019816,2020-11-10,10:30:00,1,Collision with vehicle,2,Tuesday,140,U TURN,1,666864,Not at intersection,3,70,Arterial Other,BARWON HEADS,GEELONG,-38.2301,144.37306,2020,11,November,10,Midday,Weekday
T20200019834,2020-11-10,12:05:00,1,Collision with vehicle,2,Tuesday,120,HEAD ON (NOT OVERTAKING),1,674846,Not at intersection,2,100,Arterial Highway,GOULBURN VALLEY,MURRINDINDI,-37.197586,145.3407,2020,11,November,12,Midday,Weekday
T20200019835,2020-11-10,12:15:00,4,Collision with a fixed object,2,Tuesday,181,OFF RIGHT BEND INTO OBJECT/PARKED VEHICLE,1,667825,Not at intersection,3,60,Local Road,MACCLESFIELD,YARRA RANGES,-37.897045,145.47208,2020,11,November,12,Midday,Weekday
T20200019802,2020-11-10,06:43:00,1,Collision with vehicle,2,Tuesday,148,VEHICLE OFF FOOTPATH STRIKES VEH ON CARRIAGEWAY,2,667909,Not at intersection,2,80,Local Road,TWENTIETH,MILDURA,-34.24869,142.07765,2020,11,November,6,Morning Peak,Weekday
T20200019917,2020-11-11,11:50:00,4,Collision with a fixed object,3,Wednesday,181,OFF RIGHT BEND INTO OBJECT/PARKED VEHICLE,1,670574,Not at intersection,3,80,Arterial Other,COLAC-LAVERS HILL,COLAC OTWAY,-38.601402,143.52858,2020,11,November,11,Midday,Weekday
T20200019999,2020-11-11,07:50:00,2,Struck Pedestrian,3,Wednesday,100,PED NEAR SIDE. PED HIT BY VEHICLE FROM THE RIGHT.,1,666992,Not at intersection,3,60,Arterial Other,MALVERN,STONNINGTON,-37.851242,145.02715,2020,11,November,7,Morning Peak,Weekday
T20200020020,2020-11-11,14:30:00,2,Struck Pedestrian,3,Wednesday,109,ANY MANOEUVRE INVOLVING PED NOT INCLUDED IN DCAs 100-108.,1,678542,Not at intersection,2,40,Arterial Other,CHAPEL,STONNINGTON,-37.83902,144.99571,2020,11,November,14,Midday,Weekday
T20200019911,2020-11-11,12:12:00,1,Collision with vehicle,3,Wednesday,134,LANE CHANGE RIGHT (NOT OVERTAKING),1,666986,Not at intersection,3,60,Arterial Other,MITCHAM,WHITEHORSE,-37.805847,145.19048,2020,11,November,12,Midday,Weekday
T20200023608,2020-11-11,13:15:00,1,Collision with vehicle,3,Wednesday,131,LEFT REAR,1,675917,Cross intersection,3,80,Arterial Other,BRIDGE,CARDINIA,-38.074715,145.43495,2020,11,November,13,Midday,Weekday
T20200019956,2020-11-11,16:50:00,1,Collision with vehicle,3,Wednesday,111,RIGHT FAR (INTERSECTIONS ONLY),1,49594,Cross intersection,2,100,Arterial Other,BACCHUS MARSH-GEELONG,GEELONG,-37.87374,144.38184,2020,11,November,16,Afternoon Peak,Weekday
T20200020662,2020-11-11,16:30:00,1,Collision with vehicle,3,Wednesday,132,RIGHT REAR.,1,46730,T intersection,3,60,Arterial Other,PLYMOUTH,MAROONDAH,-37.78168,145.25789,2020,11,November,16,Afternoon Peak,Weekday
T20200021043,2020-11-11,17:30:00,1,Collision with vehicle,3,Wednesday,130,REAR END(VEHICLES IN SAME LANE),1,669493,Not at intersection,3,70,Arterial Other,FERNTREE GULLY,MONASH,-37.90344,145.16129,2020,11,November,17,Afternoon Peak,Weekday
T20200019903,2020-11-11,08:58:00,1,Collision with vehicle,3,Wednesday,130,REAR END(VEHICLES IN SAME LANE),1,666985,Not at intersection,2,80,Arterial Highway,MAROONDAH,MAROONDAH,-37.7824,145.28522,2020,11,November,8,Morning Peak,Weekday
T20200019958,2020-11-11,19:15:00,4,Collision with a fixed object,3,Wednesday,181,OFF RIGHT BEND INTO OBJECT/PARKED VEHICLE,3,671153,Not at intersection,2,60,Local Road,KENT,MAROONDAH,-37.789417,145.2767,2020,11,November,19,Night,Weekday
T20200021686,2020-11-11,23:15:00,1,Collision with vehicle,3,Wednesday,130,REAR END(VEHICLES IN SAME LANE),3,669499,Cross intersection,3,80,Arterial Highway,DANDENONG,STONNINGTON,-37.87805,145.04758,2020,11,November,23,Night,Weekday
T20200019978,2020-11-11,16:25:00,4,Collision with a fixed object,3,Wednesday,183,OFF LEFT BEND INTO OBJECT/PARKED VEHICLE,1,667079,T intersection,3,50,Local Road,FISHERMANS,CASEY,-38.21265,145.34036,2020,11,November,16,Afternoon Peak,Weekday
T20200023302,2020-11-11,15:15:00,1,Collision with vehicle,3,Wednesday,132,RIGHT REAR.,1,672101,Cross intersection,3,60,Arterial Other,MAIN,NILLUMBIK,-37.673046,145.14975,2020,11,November,15,Afternoon Peak,Weekday
T20200022502,2020-11-11,15:30:00,8,No collision and no object struck,3,Wednesday,174,OUT OF CONTROL ON CARRIAGEWAY (ON STRAIGHT),1,670575,Not at intersection,3,70,Arterial Other,MOUNTAIN HIGHWAY SERVICE,KNOX,-37.8459,145.23824,2020,11,November,15,Afternoon Peak,Weekday
T20200019954,2020-11-11,17:15:00,1,Collision with vehicle,3,Wednesday,130,REAR END(VEHICLES IN SAME LANE),1,672807,Not at intersection,3,60,Local Road,COLCHESTER,KNOX,-37.84382,145.30014,2020,11,November,17,Afternoon Peak,Weekday
T20200019950,2020-11-11,17:30:00,8,No collision and no object struck,3,Wednesday,174,OUT OF CONTROL ON CARRIAGEWAY (ON STRAIGHT),1,670576,Not at intersection,3,80,Local Road,MOUNT LOOKOUT,EAST GIPPSLAND,-37.769997,147.58167,2020,11,November,17,Afternoon Peak,Weekday
T20200019900,2020-11-11,09:50:00,1,Collision with vehicle,3,Wednesday,159,OTHER OVERTAKING MANOEUVRES NOT INCLUDED IN DCAs 150-154,1,673186,Not at intersection,2,80,Freeway,MELTON-WESTERN IN,MELTON,-37.693604,144.60486,2020,11,November,9,Morning Peak,Weekday
T20200019957,2020-11-11,19:41:00,1,Collision with vehicle,3,Wednesday,111,RIGHT FAR (INTERSECTIONS ONLY),3,20974,Cross intersection,2,60,Arterial Other,MAIN,EAST GIPPSLAND,-37.80034,147.4584,2020,11,November,19,Night,Weekday
T20200019929,2020-11-11,15:00:00,1,Collision with vehicle,3,Wednesday,160,VEHICLE COLLIDES WITH VEHICLE PARKED ON LEFT OF ROAD,1,666987,Not at intersection,3,40,Local Road,HIGH,DAREBIN,-37.75113,145.00185,2020,11,November,15,Afternoon Peak,Weekday
T20200019932,2020-11-11,14:52:00,1,Collision with vehicle,3,Wednesday,113,RIGHT NEAR (INTERSECTIONS ONLY),1,94,T intersection,2,80,Arterial Other,SYDNEY,HUME,-37.651005,144.95267,2020,11,November,14,Midday,Weekday
T20200019948,2020-11-11,12:27:00,4,Collision with a fixed object,3,Wednesday,173,RIGHT OFF CARRIAGEWAY INTO OBJECT/PARKED VEHICLE,1,232637,Cross intersection,3,60,Arterial Highway,NEPEAN,KINGSTON,-37.963154,145.05598,2020,11,November,12,Midday,Weekday
T20200019901,2020-11-11,11:10:00,1,Collision with vehicle,3,Wednesday,110,CROSS TRAFFIC(INTERSECTIONS ONLY),1,773381,Cross intersection,3,80,Freeway,WESTERN OUT-HOPKINS,MELTON,-37.747913,144.70172,2020,11,November,11,Midday,Weekday