ACCIDENT_NO,ACCIDENT_DATE,ACCIDENT_TIME,ACCIDENT_TYPE,ACCIDENT_TYPE_DESC,DAY_OF_WEEK,DAY_WEEK_DESC,DCA_CODE,DCA_DESC,LIGHT_CONDITION,NODE_ID,ROAD_GEOMETRY_DESC,SEVERITY,SPEED_ZONE,RMA,ROAD_NAME,LGA_NAME,LATITUDE,LONGITUDE,YEAR,MONTH,MONTH_NAME,HOUR,TIME_PERIOD,DAY_TYPE
T20200019899,2020-11-11,08:47:00,2,Struck Pedestrian,3,Wednesday,100,PED NEAR SIDE. PED HIT BY VEHICLE FROM THE RIGHT.,1,666984,Not at intersection,3,50,Local Road,COOPER,MOONEE VALLEY,-37.75,144.89745,2020,11,November,8,Morning Peak,Weekday
T20200019933,2020-11-11,16:30:00,1,Collision with vehicle,3,Wednesday,113,RIGHT NEAR (INTERSECTIONS ONLY),1,129,T intersection,3,60,Arterial Other,NICHOLSON,YARRA,-37.80538,144.97362,2020,11,November,16,Afternoon Peak,Weekday
T20200019921,2020-11-11,12:51:00,1,Collision with vehicle,3,Wednesday,110,CROSS TRAFFIC(INTERSECTIONS ONLY),1,36278,Cross intersection,2,60,Local Road,QUEENSBERRY,MELBOURNE,-37.80456,144.96326,2020,11,November,12,Midday,Weekday
T20200020047,2020-11-11,16:35:00,1,Collision with vehicle,3,Wednesday,171,LEFT OFF CARRIAGEWAY INTO OBJECT/PARKED VEHICLE,1,704249,Not at intersection,3,60,Local Road,NORTH,FRANKSTON,-38.166977,145.20537,2020,11,November,16,Afternoon Peak,Weekday
T20200019920,2020-11-11,14:37:00,1,Collision with vehicle,3,Wednesday,110,CROSS TRAFFIC(INTERSECTIONS ONLY),1,44864,Cross intersection,3,60,Local Road,FOURTEENTH,MILDURA,-34.202293,142.15186,2020,11,November,14,Midday,Weekday
T20200019939,2020-11-11,15:50:00,2,Struck Pedestrian,3,Wednesday,102,FAR SIDE. PED HIT BY VEHICLE FROM THE LEFT,1,29721,T intersection,2,40,Arterial Other,BEACH,KINGSTON,-38.008068,145.08502,2020,11,November,15,Afternoon Peak,Weekday
T20200019891,2020-11-11,09:15:00,1,Collision with vehicle,3,Wednesday,160,VEHICLE COLLIDES WITH VEHICLE PARKED ON LEFT OF ROAD,1,776865,T intersection,3,50,Local Road,HEALY,HUME,-37.58743,144.7052,2020,11,November,9,Morning Peak,Weekday
T20200019940,2020-11-11,15:25:00,8,No collision and no object struck,3,Wednesday,172,OFF CARRIAGEWAY TO RIGHT,1,66429,T intersection,2,50,Local Road,HAROLD,BOROONDARA,-37.8278,145.05502,2020,11,November,15,Afternoon Peak,Weekday
T20200020015,2020-11-12,18:15:00,1,Collision with vehicle,4,Thursday,134,LANE CHANGE RIGHT (NOT OVERTAKING),1,670580,Not at intersection,2,100,Freeway,MORNINGTON PENINSULA,KINGSTON,-38.06256,145.14839,2020,11,November,18,Afternoon Peak,Weekday
T20200020017,2020-11-12,08:05:00,1,Collision with vehicle,4,Thursday,130,REAR END(VEHICLES IN SAME LANE),1,672268,Not at intersection,1,100,Local Road,SEA LAKE-LASCELLES,BULOKE,-35.504208,142.8311,2020,11,November,8,Morning Peak,Weekday
T20200020021,2020-11-12,17:22:00,1,Collision with vehicle,4,Thursday,120,HEAD ON (NOT OVERTAKING),1,690168,Not at intersection,2,70,Local Road,LEAKES,WYNDHAM,-37.833225,144.68181,2020,11,November,17,Afternoon Peak,Weekday
T20200020022,2020-11-12,17:28:00,1,Collision with vehicle,4,Thursday,110,CROSS TRAFFIC(INTERSECTIONS ONLY),1,676660,Cross intersection,2,50,Local Road,MATTHEW,BASS COAST,-38.61572,145.59245,2020,11,November,17,Afternoon Peak,Weekday
T20200020025,2020-11-12,15:30:00,2,Struck Pedestrian,4,Thursday,101,PED EMERGES FROM IN FRONT OF PARKED OR STATIONARY VEHICLE,1,670427,T intersection,3,60,Local Road,BLENHEIM,HOBSONS BAY,-37.840885,144.86435,2020,11,November,15,Afternoon Peak,Weekday
T20200023208,2020-11-12,14:00:00,1,Collision with vehicle,4,Thursday,119,OTHER ADJACENT (INTERSECTIONS ONLY),1,66588,Cross intersection,3,60,Arterial Other,CANTERBURY,WHITEHORSE,-37.832073,145.14995,2020,11,November,14,Midday,Weekday
T20210008800,2020-11-12,12:05:00,1,Collision with vehicle,4,Thursday,113,RIGHT NEAR (INTERSECTIONS ONLY),1,50479,T intersection,3,100,Arterial Highway,CALDER,MILDURA,-34.260628,142.18031,2020,11,November,12,Midday,Weekday
T20200020154,2020-11-12,16:45:00,1,Collision with vehicle,4,Thursday,121,RIGHT THROUGH,1,40053,T intersection,3,60,Arterial Other,BEACONSFIELD,PORT PHILLIP,-37.855686,144.96458,2020,11,November,16,Afternoon Peak,Weekday
T20200020056,2020-11-12,11:45:00,4,Collision with a fixed object,4,Thursday,173,RIGHT OFF CARRIAGEWAY INTO OBJECT/PARKED VEHICLE,9,729435,Not at intersection,3,50,Arterial Other,WHITE,KINGSTON,-37.999657,145.09499,2020,11,November,11,Midday,Weekday
T20200020027,2020-11-12,20:05:00,6,Vehicle overturned (no collision),4,Thursday,174,OUT OF CONTROL ON CARRIAGEWAY (ON STRAIGHT),2,667580,Not at intersection,2,50,Local Road,ST GEORGES,HUME,-37.532856,144.90622,2020,11,November,20,Night,Weekday
T20210002348,2020-11-12,08:00:00,1,Collision with vehicle,4,Thursday,111,RIGHT FAR (INTERSECTIONS ONLY),1,675941,Cross intersection,3,50,Local Road,KIRKHAM,HUME,-37.644222,144.9057,2020,11,November,8,Morning Peak,Weekday
T20200019986,2020-11-12,08:28:00,4,Collision with a fixed object,4,Thursday,181,OFF RIGHT BEND INTO OBJECT/PARKED VEHICLE,1,44018,T intersection,3,80,Local Road,GRAYDENS,MORNINGTON PENINSULA,-38.28033,145.1131,2020,11,November,8,Morning Peak,Weekday
T20200021494,2020-11-12,15:20:00,2,Struck Pedestrian,4,Thursday,103,PED PLAYING/LYING/WORKING/STANDING ON CARRIAGEWAY.,1,669339,Not at intersection,3,40,Local Road,DOUGLAS,HOBSONS BAY,-37.85046,144.89429,2020,11,November,15,Afternoon Peak,Weekday
T20200019970,2020-11-12,05:37:00,1,Collision with vehicle,4,Thursday,110,CROSS TRAFFIC(INTERSECTIONS ONLY),3,72356,Multiple intersection,3,60,Arterial Other,BARRABOOL ROAD -SHANNON,GEELONG,-38.16822,144.33093,2020,11,November,5,Morning Peak,Weekday
T20200020828,2020-11-12,15:00:00,1,Collision with vehicle,4,Thursday,111,RIGHT FAR (INTERSECTIONS ONLY),1,43318,T intersection,3,60,Arterial Other,MCLEOD,KINGSTON,-38.075253,145.12607,2020,11,November,15,Afternoon Peak,Weekday
T20200019973,2020-11-12,08:41:00,2,Struck Pedestrian,4,Thursday,106,VEH STRIKES PED ON FOOTPATH/MEDIAN/TRAFFIC ISLAND.,1,666988,Not at intersection,3,60,Arterial Other,PRINCESS,BOROONDARA,-37.799667,145.03023,2020,11,November,8,Morning Peak,Weekday
T20200019979,2020-11-12,11:14:00,1,Collision with vehicle,4,Thursday,142,LEAVING PARKING,1,667254,Not at intersection,2,40,Local Road,VIEW,BENDIGO,-36.75621,144.27486,2020,11,November,11,Midday,Weekday
T20200019980,2020-11-12,08:25:00,1,Collision with vehicle,4,Thursday,113,RIGHT NEAR (INTERSECTIONS ONLY),1,45834,T intersection,3,60,Arterial Other,WAVERLEY,STONNINGTON,-37.87833,145.07983,2020,11,November,8,Morning Peak,Weekday
T20210018036,2020-11-12,16:20:00,1,Collision with vehicle,4,Thursday,130,REAR END(VEHICLES IN SAME LANE),1,691055,Not at intersection,3,80,Arterial Other,PORTARLINGTON,GEELONG,-38.167534,144.42282,2020,11,November,16,Afternoon Peak,Weekday
T20200020010,2020-11-12,17:10:00,1,Collision with vehicle,4,Thursday,132,RIGHT REAR.,1,667578,T intersection,3,60,Arterial Other,GRAMPIANS,NORTHERN GRAMPIANS,-37.06013,142.75667,2020,11,November,17,Afternoon Peak,Weekday
T20200022629,2020-11-12,10:00:00,1,Collision with vehicle,4,Thursday,129,OTHER OPPOSING MANOEUVRES NOT INCLUDED IN DCAs 120-125.,1,54508,T intersection,3,40,Arterial Other,GLENFERRIE,STONNINGTON,-37.858803,145.02893,2020,11,November,10,Midday,Weekday
T20200020014,2020-11-12,15:30:00,1,Collision with vehicle,4,Thursday,130,REAR END(VEHICLES IN SAME LANE),1,747037,Not at intersection,2,100,Freeway,WESTERN RING,BRIMBANK,-37.797623,144.78853,2020,11,November,15,Afternoon Peak,Weekday
T20200019992,2020-11-12,12:31:00,1,Collision with vehicle,4,Thursday,132,RIGHT REAR.,1,241515,Not at intersection,3,50,Arterial Other,HORNE,HUME,-37.58456,144.72227,2020,11,November,12,Midday,Weekday
T20200021015,2020-11-13,15:30:00,6,Vehicle overturned (no collision),5,Friday,184,OUT OF CONTROL ON CARRIAGEWAY (ON BEND),1,668402,Not at intersection,3,100,Local Road,TWO CHAIN,CAMPASPE,-36.57654,144.73642,2020,11,November,15,Afternoon Peak,Weekday
T20200020116,2020-11-13,13:48:00,4,Collision with a fixed object,5,Friday,173,RIGHT OFF CARRIAGEWAY INTO OBJECT/PARKED VEHICLE,1,42529,T intersection,2,50,Arterial Highway,SPRINGVALE,DANDENONG,-37.944775,145.15361,2020,11,November,13,Midday,Weekday
T20200020093,2020-11-13,18:30:00,1,Collision with vehicle,5,Friday,160,VEHICLE COLLIDES WITH VEHICLE PARKED ON LEFT OF ROAD,1,672969,Not at intersection,2,40,Local Road,MYRNONG,MOONEE VALLEY,-37.775684,144.93373,2020,11,November,18,Afternoon Peak,Weekday
T20200020039,2020-11-13,09:08:00,6,Vehicle overturned (no collision),5,Friday,149,OTHER MANOEUVRING NOT INCLUDED IN DCAs 140-148,1,667082,Not at intersection,2,80,Arterial Highway,SOUTH GIPPSLAND,CASEY,-38.17231,145.33116,2020,11,November,9,Morning Peak,Weekday
T20200020288,2020-11-13,17:52:00,1,Collision with vehicle,5,Friday,130,REAR END(VEHICLES IN SAME LANE),2,288347,Not at intersection,3,100,Freeway,MONASH,CASEY,-37.97218,145.2374,2020,11,November,17,Afternoon Peak,Weekday
T20200020041,2020-11-13,09:30:00,1,Collision with vehicle,5,Friday,110,CROSS TRAFFIC(INTERSECTIONS ONLY),1,52907,Cross intersection,3,60,Local Road,DAWSON,BALLARAT,-37.565723,143.85258,2020,11,November,9,Morning Peak,Weekday
T20200020043,2020-11-13,10:30:00,1,Collision with vehicle,5,Friday,116,LEFT NEAR (INTERSECTIONS ONLY),1,40290,T intersection,2,50,Arterial Other,GLENFERRIE,STONNINGTON,-37.841503,145.03195,2020,11,November,10,Midday,Weekday
T20200023241,2020-11-13,15:30:00,1,Collision with vehicle,5,Friday,110,CROSS TRAFFIC(INTERSECTIONS ONLY),1,45113,Cross intersection,3,50,Local Road,BIGGS,BASS COAST,-38.605156,145.5884,2020,11,November,15,Afternoon Peak,Weekday
T20200020044,2020-11-13,09:24:00,1,Collision with vehicle,5,Friday,147,VEHICLE STRIKES ANOTHER VEH WHILE EMERGING FROM DRIVEWAY,1,667164,Not at intersection,3,60,Arterial Other,SUNBURY,HUME,-37.57995,144.72563,2020,11,November,9,Morning Peak,Weekday
T20200020062,2020-11-13,13:10:00,1,Collision with vehicle,5,Friday,130,REAR END(VEHICLES IN SAME LANE),1,670609,Not at intersection,3,40,Arterial Highway,SOUTH GIPPSLAND,SOUTH GIPPSLAND,-38.57718,146.03633,2020,11,November,13,Midday,Weekday
T20200020502,2020-11-13,09:50:00,1,Collision with vehicle,5,Friday,130,REAR END(VEHICLES IN SAME LANE),1,8496,Cross intersection,3,60,Arterial Highway,WARRIGAL,KINGSTON,-37.967663,145.07414,2020,11,November,9,Morning Peak,Weekday
T20200020084,2020-11-13,14:50:00,1,Collision with vehicle,5,Friday,130,REAR END(VEHICLES IN SAME LANE),1,667166,Cross intersection,2,70,Arterial Highway,WARRIGAL,KINGSTON,-37.95325,145.07675,2020,11,November,14,Midday,Weekday
T20200020046,2020-11-13,09:10:00,1,Collision with vehicle,5,Friday,121,RIGHT THROUGH,1,57358,T intersection,3,60,Arterial Other,HIGH,MELTON,-37.68375,144.59492,2020,11,November,9,Morning Peak,Weekday
T20200020048,2020-11-13,11:15:00,1,Collision with vehicle,5,Friday,120,HEAD ON (NOT OVERTAKING),1,667083,Not at intersection,2,60,Local Road,NEW,BAYSIDE,-37.924408,144.99448,2020,11,November,11,Midday,Weekday
T20200020098,2020-11-13,15:59:00,4,Collision with a fixed object,5,Friday,171,LEFT OFF CARRIAGEWAY INTO OBJECT/PARKED VEHICLE,1,64078,Cross intersection,3,40,Arterial Other,LOWER HEIDELBERG,BANYULE,-37.77182,145.04553,2020,11,November,15,Afternoon Peak,Weekday
T20200020051,2020-11-13,11:50:00,6,Vehicle overturned (no collision),5,Friday,174,OUT OF CONTROL ON CARRIAGEWAY (ON STRAIGHT),1,671922,T intersection,2,50,Arterial Highway,WARBURTON,YARRA RANGES,-37.78175,145.61148,2020,11,November,11,Midday,Weekday
T20200020903,2020-11-13,13:47:00,1,Collision with vehicle,5,Friday,110,CROSS TRAFFIC(INTERSECTIONS ONLY),1,44803,Cross intersection,3,50,Local Road,ELLIOTT,HUME,-37.69205,144.92993,2020,11,November,13,Midday,Weekday
T20200020055,2020-11-13,09:48:00,1,Collision with vehicle,5,Friday,136,RIGHT TURN SIDESWIPE,1,37404,T intersection,2,60,Arterial Other,BEACH,PORT PHILLIP,-37.84382,144.9393,2020,11,November,9,Morning Peak,Weekday
T20200020522,2020-11-13,18:29:00,1,Collision with vehicle,5,Friday,152,PULLING OUT (OVERTAKING),2,672102,Not at intersection,2,50,Local Road,NEALE,BRIMBANK,-37.751156,144.76418,2020,11,November,18,Afternoon Peak,Weekday
T20200020110,2020-11-13,15:19:00,1,Collision with vehicle,5,Friday,121,RIGHT THROUGH,1,667343,Not at intersection,2,80,Arterial Highway,PRINCES,CASEY,-38.00195,145.23865,2020,11,November,15,Afternoon Peak,Weekday
T20200020100,2020-11-13,21:15:00,1,Collision with vehicle,5,Friday,116,LEFT NEAR (INTERSECTIONS ONLY),3,292154,Cross intersection,2,80,Arterial Other,GRICES,CASEY,-38.07453,145.33563,2020,11,November,21,Night,Weekday
T20200020103,2020-11-13,19:55:00,5,collision with some other object,5,Friday,198,OTHER ACCIDENTS NOT CLASSIFIABLE ELSEWHERE,2,667256,Not at intersection,3,100,Arterial Highway,GOULBURN VALLEY,SHEPPARTON,-36.513977,145.37955,2020,11,November,19,Night,Weekday
T20200020108,2020-11-13,20:30:00,1,Collision with vehicle,5,Friday,130,REAR END(VEHICLES IN SAME LANE),9,674343,Not at intersection,2,80,Freeway,MONASH,MONASH,-37.88538,145.10088,2020,11,November,20,Night,Weekday
T20200020081,2020-11-13,16:40:00,1,Collision with vehicle,5,Friday,120,HEAD ON (NOT OVERTAKING),1,667342,Not at intersection,3,100,Local Road,CANAVANS,SOUTH GIPPSLAND,-38.363777,145.98192,2020,11,November,16,Afternoon Peak,Weekday
T20200020605,2020-11-13,16:00:00,8,No collision and no object struck,5,Friday,174,OUT OF CONTROL ON CARRIAGEWAY (ON STRAIGHT),1,328151,Cross intersection,3,100,Arterial Other,RUSHWORTH-TATURA,SHEPPARTON,-36.454784,145.1817,2020,11,November,16,Afternoon Peak,Weekday
T20200020611,2020-11-13,16:30:00,1,Collision with vehicle,5,Friday,130,REAR END(VEHICLES IN SAME LANE),1,668701,Not at intersection,3,100,Freeway,CALDER,MOONEE VALLEY,-37.73232,144.87936,2020,11,November,16,Afternoon Peak,Weekday
T20200021434,2020-11-13,09:35:00,2,Struck Pedestrian,5,Friday,103,PED PLAYING/LYING/WORKING/STANDING ON CARRIAGEWAY.,1,675706,Not at intersection,3,50,Local Road,HORTENSE,BOROONDARA,-37.857788,145.08018,2020,11,November,9,Morning Peak,Weekday
T20200020598,2020-11-13,16:00:00,1,Collision with vehicle,5,Friday,130,REAR END(VEHICLES IN SAME LANE),1,317514,T intersection,3,60,Arterial Other,BROADMEADOWS-TULLAMARINE,HUME,-37.687763,144.94057,2020,11,November,16,Afternoon Peak,Weekday
T20200020148,2020-11-13,20:20:00,1,Collision with vehicle,5,Friday,121,RIGHT THROUGH,3,40091,Cross intersection,2,60,Arterial Highway,PUNT,PORT PHILLIP,-37.853474,144.98349,2020,11,November,20,Night,Weekday
T20200022141,2020-11-13,12:23:00,1,Collision with vehicle,5,Friday,110,CROSS TRAFFIC(INTERSECTIONS ONLY),1,42918,Cross intersection,3,80,Arterial Other,HEATHERTON,DANDENONG,-37.965015,145.17332,2020,11,November,12,Midday,Weekday
T20210000201,2020-11-13,17:00:00,1,Collision with vehicle,5,Friday,113,RIGHT NEAR (INTERSECTIONS ONLY),1,35668,T intersection,3,70,Arterial Other,OLD PRINCES,CARDINIA,-38.053772,145.379,2020,11,November,17,Afternoon Peak,Weekday
T20200020215,2020-11-13,16:30:00,2,Struck Pedestrian,5,Friday,109,ANY MANOEUVRE INVOLVING PED NOT INCLUDED IN DCAs 100-108.,1,684579,Not at intersection,2,50,Local Road,BLAIR,BULOKE,-36.37207,142.98424,2020,11,November,16,Afternoon Peak,Weekday
T20200020143,2020-11-13,17:45:00,1,Collision with vehicle,5,Friday,130,REAR END(VEHICLES IN SAME LANE),1,729761,Not at intersection,2,40,Local Road,DOUGLAS,HOBSONS BAY,-37.855846,144.89754,2020,11,November,17,Afternoon Peak,Weekday
T20200020131,2020-11-13,17:30:00,1,Collision with vehicle,5,Friday,130,REAR END(VEHICLES IN SAME LANE),1,673217,Cross intersection,3,60,Local Road,AITKEN,HUME,-37.593987,144.91005,2020,11,November,17,Afternoon Peak,Weekday
T20200021655,2020-11-13,12:02:00,1,Collision with vehicle,5,Friday,121,RIGHT THROUGH,1,51145,T intersection,3,60,Arterial Highway,GOULBURN VALLEY,SHEPPARTON,-36.41375,145.39246,2020,11,November,12,Midday,Weekday
T20200020997,2020-11-13,17:45:00,1,Collision with vehicle,5,Friday,113,RIGHT NEAR (INTERSECTIONS ONLY),1,20793,Multiple intersection,3,60,Arterial Other,MAIN SOUTH,BAW BAW,-38.14235,145.85524,2020,11,November,17,Afternoon Peak,Weekday
T20200020073,2020-11-13,16:15:00,6,Vehicle overturned (no collision),5,Friday,180,OFF CARRIAGEWAY ON RIGHT BEND,1,676184,Not at intersection,2,100,Local Road,RUSSELLS BRIDGE,GOLDEN PLAINS,-38.011127,144.179,2020,11,November,16,Afternoon Peak,Weekday
T20200020109,2020-11-13,22:02:00,4,Collision with a fixed object,5,Friday,171,LEFT OFF CARRIAGEWAY INTO OBJECT/PARKED VEHICLE,5,678643,Not at intersection,2,100,Freeway,CALDER,MELTON,-37.654953,144.73976,2020,11,November,22,Night,Weekday
T20200020070,2020-11-13,16:05:00,1,Collision with vehicle,5,Friday,110,CROSS TRAFFIC(INTERSECTIONS ONLY),1,44462,Cross intersection,3,50,Local Road,FENWICK,GEELONG,-38.150967,144.35336,2020,11,November,16,Afternoon Peak,Weekday
T20200020274,2020-11-13,17:00:00,1,Collision with vehicle,5,Friday,133,LANE SIDE SWIPE (VEHICLES IN PARALLEL LANES),1,45192,T intersection,2,60,Arterial Other,CANNING STREET -MILITARY,MOONEE VALLEY,-37.77058,144.86565,2020,11,November,17,Afternoon Peak,Weekday
T20200020247,2020-11-14,12:20:00,1,Collision with vehicle,6,Saturday,110,CROSS TRAFFIC(INTERSECTIONS ONLY),1,342077,Cross intersection,2,60,Arterial Other,OLD PRINCES,CARDINIA,-38.051502,145.37468,2020,11,November,12,Midday,Weekend
T20200020355,2020-11-14,14:40:00,1,Collision with vehicle,6,Saturday,130,REAR END(VEHICLES IN SAME LANE),1,667467,Not at intersection,3,60,Arterial Other,MELTON-WERRIBEE,WYNDHAM,-37.876167,144.68318,2020,11,November,14,Midday,Weekend
T20200020150,2020-11-14,15:52:00,1,Collision with vehicle,6,Saturday,130,REAR END(VEHICLES IN SAME LANE),1,35855,Cross intersection,3,60,Local Road,CAIRNLEA,BRIMBANK,-37.757862,144.79134,2020,11,November,15,Afternoon Peak,Weekend
T20200020149,2020-11-14,15:23:00,1,Collision with vehicle,6,Saturday,110,CROSS TRAFFIC(INTERSECTIONS ONLY),1,328269,Cross intersection,2,100,Arterial Highway,WESTERN,MOORABOOL,-37.557922,143.95825,2020,11,November,15,Afternoon Peak,Weekend
T20210001844,2020-11-14,10:00:00,1,Collision with vehicle,6,Saturday,130,REAR END(VEHICLES IN SAME LANE),1,673859,Not at intersection,3,60,Freeway,BATMAN,MELBOURNE,-37.82317,144.97836,2020,11,November,10,Midday,Weekend
T20200020144,2020-11-14,15:40:00,1,Collision with vehicle,6,Saturday,147,VEHICLE STRIKES ANOTHER VEH WHILE EMERGING FROM DRIVEWAY,1,672186,Not at intersection,3,50,Local Road,GRANTER,WARRNAMBOOL,-38.37502,142.45638,2020,11,November,15,Afternoon Peak,Weekend
T20200020139,2020-11-14,11:40:00,1,Collision with vehicle,6,Saturday,120,HEAD ON (NOT OVERTAKING),1,673218,Not at intersection,2,100,Local Road,MT BEENAK,YARRA RANGES,-37.869667,145.66986,2020,11,November,11,Midday,Weekend
T20200020136,2020-11-14,14:10:00,1,Collision with vehicle,6,Saturday,121,RIGHT THROUGH,1,54438,Cross intersection,2,60,Arterial Highway,RAGLAN,WARRNAMBOOL,-38.381874,142.488,2020,11,November,14,Midday,Weekend
T20200020135,2020-11-14,11:45:00,1,Collision with vehicle,6,Saturday,148,VEHICLE OFF FOOTPATH STRIKES VEH ON CARRIAGEWAY,1,668910,Cross intersection,3,60,Local Road,GEORGE,WELLINGTON,-37.98058,146.78683,2020,11,November,11,Midday,Weekend
T20200020130,2020-11-14,12:17:00,1,Collision with vehicle,6,Saturday,130,REAR END(VEHICLES IN SAME LANE),1,670244,Not at intersection,2,60,Local Road,MORRIS,WYNDHAM,-37.863106,144.70407,2020,11,November,12,Midday,Weekend
T20200020128,2020-11-14,11:50:00,8,No collision and no object struck,6,Saturday,174,OUT OF CONTROL ON CARRIAGEWAY (ON STRAIGHT),1,668499,Not at intersection,2,100,Local Road,DOWNIES,LATROBE,-38.29812,146.51442,2020,11,November,11,Midday,Weekend
T20200020126,2020-11-14,12:06:00,2,Struck Pedestrian,6,Saturday,100,PED NEAR SIDE. PED HIT BY VEHICLE FROM THE RIGHT.,1,667169,T intersection,2,50,Arterial Other,RATHMINES,BOROONDARA,-37.82125,145.05745,2020,11,November,12,Midday,Weekend
T20200020125,2020-11-14,08:25:00,5,collision with some other object,6,Saturday,166,STRUCK OBJECT ON CARRIAGEWAY,1,672581,Not at intersection,3,50,Arterial Other,WHITE HILL,MORNINGTON PENINSULA,-38.334866,145.0083,2020,11,November,8,Morning Peak,Weekend
T20200020117,2020-11-14,06:45:00,8,No collision and no object struck,6,Saturday,182,OFF CARRIAGEWAY ON LEFT BEND,1,667457,Not at intersection,3,100,Arterial Highway,MAROONA-GLENTHOMPSON,ARARAT,-37.486977,142.78934,2020,11,November,6,Morning Peak,Weekend
T20200020115,2020-11-14,01:38:00,4,Collision with a fixed object,6,Saturday,173,RIGHT OFF CARRIAGEWAY INTO OBJECT/PARKED VEHICLE,3,674526,Not at intersection,2,60,Local Road,CAITLYN,MELTON,-37.65988,144.56433,2020,11,November,1,Late Night,Weekend
T20200020113,2020-11-14,01:53:00,1,Collision with vehicle,6,Saturday,111,RIGHT FAR (INTERSECTIONS ONLY),3,43917,Cross intersection,2,80,Arterial Other,CLYDE-FIVE WAYS,CASEY,-38.1335,145.32426,2020,11,November,1,Late Night,Weekend
T20200020112,2020-11-14,01:56:00,1,Collision with vehicle,6,Saturday,160,VEHICLE COLLIDES WITH VEHICLE PARKED ON LEFT OF ROAD,3,672185,T intersection,3,60,Arterial Highway,TOORAK,BOROONDARA,-37.846764,145.06343,2020,11,November,1,Late Night,Weekend
T20200021242,2020-11-14,14:44:00,1,Collision with vehicle,6,Saturday,134,LANE CHANGE RIGHT (NOT OVERTAKING),9,343632,Not at intersection,3,60,Arterial Other,SYDNEY,MORELAND,-37.72723,144.96367,2020,11,November,14,Midday,Weekend
T20200021098,2020-11-14,08:25:00,1,Collision with vehicle,6,Saturday,147,VEHICLE STRIKES ANOTHER VEH WHILE EMERGING FROM DRIVEWAY,1,54361,Not at intersection,3,60,Arterial Other,KINGS,BRIMBANK,-37.69912,144.7806,2020,11,November,8,Morning Peak,Weekend
T20210000223,2020-11-14,23:00:00,4,Collision with a fixed object,6,Saturday,173,RIGHT OFF CARRIAGEWAY INTO OBJECT/PARKED VEHICLE,5,673840,Not at intersection,3,100,Arterial Highway,BASS,BASS COAST,-38.42757,145.50821,2020,11,November,23,Night,Weekend
T20200021018,2020-11-14,10:00:00,6,Vehicle overturned (no collision),6,Saturday,184,OUT OF CONTROL ON CARRIAGEWAY (ON BEND),1,672281,Not at intersection,3,100,Local Road,OLD MOROKA,WELLINGTON,-37.710087,146.97368,2020,11,November,10,Midday,Weekend
T20210015987,2020-11-14,16:30:00,8,No collision and no object struck,6,Saturday,182,OFF CARRIAGEWAY ON LEFT BEND,1,691718,Cross intersection,3,60,Local Road,BLUE ROCK,BAW BAW,-38.046844,146.21638,2020,11,November,16,Afternoon Peak,Weekend
T20200020222,2020-11-14,22:05:00,1,Collision with vehicle,6,Saturday,130,REAR END(VEHICLES IN SAME LANE),6,667262,Not at intersection,3,100,Arterial Highway,MIDLAND,GOLDEN PLAINS,-38.004383,144.1568,2020,11,November,22,Night,Weekend
T20200020193,2020-11-14,08:00:00,1,Collision with vehicle,6,Saturday,110,CROSS TRAFFIC(INTERSECTIONS ONLY),1,50691,Cross intersection,2,50,Local Road,KEPLER,WARRNAMBOOL,-38.380814,142.48271,2020,11,November,8,Morning Peak,Weekend
T20200020187,2020-11-14,10:25:00,4,Collision with a fixed object,6,Saturday,173,RIGHT OFF CARRIAGEWAY INTO OBJECT/PARKED VEHICLE,1,667260,Not at intersection,3,60,Local Road,LLOYD,MELBOURNE,-37.8004,144.93324,2020,11,November,10,Midday,Weekend
T20210000780,2020-11-14,10:30:00,1,Collision with vehicle,6,Saturday,130,REAR END(VEHICLES IN SAME LANE),1,672635,Cross intersection,3,60,Arterial Other,GORDON,MARIBYRNONG,-37.783875,144.8909,2020,11,November,10,Midday,Weekend
T20200020186,2020-11-14,12:04:00,6,Vehicle overturned (no collision),6,Saturday,174,OUT OF CONTROL ON CARRIAGEWAY (ON STRAIGHT),1,689357,Not at intersection,2,60,Arterial Highway,MAIN,EAST GIPPSLAND,-37.82928,147.61528,2020,11,November,12,Midday,Weekend
T20200020181,2020-11-14,05:58:00,1,Collision with vehicle,6,Saturday,120,HEAD ON (NOT OVERTAKING),2,673125,Not at intersection,2,100,Arterial Other,WESTERNPORT,CARDINIA,-38.254208,145.60393,2020,11,November,5,Morning Peak,Weekend
T20200020179,2020-11-14,22:10:00,4,Collision with a fixed object,6,Saturday,181,OFF RIGHT BEND INTO OBJECT/PARKED VEHICLE,5,674929,Not at intersection,2,100,Arterial Highway,BASS,SOUTH GIPPSLAND,-38.552105,145.84543,2020,11,November,22,Night,Weekend
T20200020176,2020-11-14,21:55:00,4,Collision with a fixed object,6,Saturday,173,RIGHT OFF CARRIAGEWAY INTO OBJECT/PARKED VEHICLE,3,667205,Not at intersection,1,60,Local Road,JONES,MORNINGTON PENINSULA,-38.243988,145.17091,2020,11,November,21,Night,Weekend