ACCIDENT_NO,ACCIDENT_DATE,ACCIDENT_TIME,ACCIDENT_TYPE,ACCIDENT_TYPE_DESC,DAY_OF_WEEK,DAY_WEEK_DESC,DCA_CODE,DCA_DESC,LIGHT_CONDITION,NODE_ID,ROAD_GEOMETRY_DESC,SEVERITY,SPEED_ZONE,RMA,ROAD_NAME,LGA_NAME,LATITUDE,LONGITUDE,YEAR,MONTH,MONTH_NAME,HOUR,TIME_PERIOD,DAY_TYPE
T20200020174,2020-11-14,23:00:00,4,Collision with a fixed object,6,Saturday,175,OFF END OF ROAD/T-INTERSECTION.,5,303402,T intersection,2,60,Arterial Other,BARRABOOL,GEELONG,-38.17097,144.27202,2020,11,November,23,Night,Weekend
T20200020172,2020-11-14,16:40:00,1,Collision with vehicle,6,Saturday,121,RIGHT THROUGH,1,260358,Not at intersection,3,60,Local Road,ROSAMOND,MARIBYRNONG,-37.7728,144.88615,2020,11,November,16,Afternoon Peak,Weekend
T20200020170,2020-11-14,20:52:00,1,Collision with vehicle,6,Saturday,169,OTHER ON PATH,6,671154,Not at intersection,3,50,Local Road,SWEET GUM,CASEY,-38.011158,145.2966,2020,11,November,20,Night,Weekend
T20200020169,2020-11-14,21:00:00,1,Collision with vehicle,6,Saturday,121,RIGHT THROUGH,3,321927,Multiple intersection,2,60,Arterial Other,BALLARAT,MARIBYRNONG,-37.781353,144.86542,2020,11,November,21,Night,Weekend
T20200020168,2020-11-14,16:30:00,4,Collision with a fixed object,6,Saturday,181,OFF RIGHT BEND INTO OBJECT/PARKED VEHICLE,1,667300,Not at intersection,1,100,Arterial Other,BENDIGO-MARYBOROUGH,LODDON,-36.887054,143.86351,2020,11,November,16,Afternoon Peak,Weekend
T20200021184,2020-11-14,20:00:00,1,Collision with vehicle,6,Saturday,130,REAR END(VEHICLES IN SAME LANE),3,668626,Not at intersection,3,60,Arterial Other,SWAN,MELBOURNE,-37.824207,144.98593,2020,11,November,20,Night,Weekend
T20200020165,2020-11-14,16:00:00,1,Collision with vehicle,6,Saturday,110,CROSS TRAFFIC(INTERSECTIONS ONLY),1,54018,Multiple intersection,2,80,Freeway,GAP-CALDER IN,HUME,-37.57567,144.68182,2020,11,November,16,Afternoon Peak,Weekend
T20210002604,2020-11-14,16:00:00,1,Collision with vehicle,6,Saturday,148,VEHICLE OFF FOOTPATH STRIKES VEH ON CARRIAGEWAY,1,35619,Multiple intersection,3,40,Arterial Highway,LONSDALE STREET -PRINCES,DANDENONG,-37.98481,145.2141,2020,11,November,16,Afternoon Peak,Weekend
T20200020159,2020-11-14,18:00:00,8,No collision and no object struck,6,Saturday,174,OUT OF CONTROL ON CARRIAGEWAY (ON STRAIGHT),1,667912,T intersection,3,50,Local Road,BRYSONS,MURRINDINDI,-37.270557,145.20969,2020,11,November,18,Afternoon Peak,Weekend
T20200020151,2020-11-14,16:55:00,1,Collision with vehicle,6,Saturday,142,LEAVING PARKING,1,667259,Not at intersection,3,60,Arterial Other,HEIDELBERG,YARRA,-37.784225,145.01189,2020,11,November,16,Afternoon Peak,Weekend
T20200020777,2020-11-14,11:36:00,2,Struck Pedestrian,6,Saturday,101,PED EMERGES FROM IN FRONT OF PARKED OR STATIONARY VEHICLE,1,669333,Not at intersection,3,50,Local Road,DOCKER,PORT PHILLIP,-37.88814,144.98601,2020,11,November,11,Midday,Weekend
T20200020838,2020-11-14,14:50:00,1,Collision with vehicle,6,Saturday,133,LANE SIDE SWIPE (VEHICLES IN PARALLEL LANES),1,41103,T intersection,3,60,Arterial Other,ORMOND,PORT PHILLIP,-37.888256,144.9859,2020,11,November,14,Midday,Weekend
T20200022643,2020-11-14,14:05:00,1,Collision with vehicle,6,Saturday,140,U TURN,1,673425,Y intersection,3,50,Local Road,WELSFORD,SHEPPARTON,-36.374016,145.39934,2020,11,November,14,Midday,Weekend
T20200020252,2020-11-14,18:30:00,1,Collision with vehicle,6,Saturday,130,REAR END(VEHICLES IN SAME LANE),9,671155,T intersection,3,50,Local Road,FOLEYS,BRIMBANK,-37.782623,144.76967,2020,11,November,18,Afternoon Peak,Weekend
T20210017830,2020-11-15,15:15:00,1,Collision with vehicle,7,Sunday,130,REAR END(VEHICLES IN SAME LANE),9,690755,Not at intersection,3,50,Local Road,BERNARD,KINGSTON,-37.95353,145.06409,2020,11,November,15,Afternoon Peak,Weekend
T20210003068,2020-11-15,09:45:00,1,Collision with vehicle,7,Sunday,121,RIGHT THROUGH,1,32828,Cross intersection,3,60,Arterial Highway,LOWER DANDENONG,KINGSTON,-37.984215,145.08957,2020,11,November,9,Morning Peak,Weekend
T20200020239,2020-11-15,22:10:00,4,Collision with a fixed object,7,Sunday,171,LEFT OFF CARRIAGEWAY INTO OBJECT/PARKED VEHICLE,3,139253,Not at intersection,2,70,Arterial Highway,DANDENONG,STONNINGTON,-37.875412,145.04274,2020,11,November,22,Night,Weekend
T20200020205,2020-11-15,05:30:00,5,collision with some other object,7,Sunday,183,OFF LEFT BEND INTO OBJECT/PARKED VEHICLE,5,669578,Not at intersection,2,60,Local Road,MEURANT,INDIGO,-36.377823,146.85075,2020,11,November,5,Morning Peak,Weekend
T20200020220,2020-11-15,17:20:00,4,Collision with a fixed object,7,Sunday,181,OFF RIGHT BEND INTO OBJECT/PARKED VEHICLE,1,62083,T intersection,3,60,Arterial Other,KARINGAL,BANYULE,-37.70373,145.1261,2020,11,November,17,Afternoon Peak,Weekend
T20200020201,2020-11-15,09:20:00,4,Collision with a fixed object,7,Sunday,183,OFF LEFT BEND INTO OBJECT/PARKED VEHICLE,1,675793,Not at intersection,3,50,Local Road,EEL RACE,FRANKSTON,-38.08401,145.13127,2020,11,November,9,Morning Peak,Weekend
T20200020226,2020-11-15,19:35:00,1,Collision with vehicle,7,Sunday,110,CROSS TRAFFIC(INTERSECTIONS ONLY),1,65374,Cross intersection,3,40,Local Road,PARK,YARRA,-37.802082,144.99509,2020,11,November,19,Night,Weekend
T20200021329,2020-11-15,12:29:00,1,Collision with vehicle,7,Sunday,116,LEFT NEAR (INTERSECTIONS ONLY),1,668801,T intersection,3,50,Local Road,CLAYTON,BALLARAT,-37.57589,143.8774,2020,11,November,12,Midday,Weekend
T20200020198,2020-11-15,10:10:00,1,Collision with vehicle,7,Sunday,132,RIGHT REAR.,1,44435,Cross intersection,2,60,Arterial Other,SEPARATION,GEELONG,-38.110107,144.33751,2020,11,November,10,Midday,Weekend
T20220009462,2020-11-15,14:00:00,6,Vehicle overturned (no collision),7,Sunday,170,OFF CARRIAGEWAY TO LEFT,1,713355,Not at intersection,3,100,Local Road,BRIGGS GAP,TOWONG,-36.162052,147.80234,2020,11,November,14,Midday,Weekend
T20200020178,2020-11-15,00:12:00,4,Collision with a fixed object,7,Sunday,181,OFF RIGHT BEND INTO OBJECT/PARKED VEHICLE,3,671841,Not at intersection,3,50,Local Road,MEDBURY,BANYULE,-37.709545,145.09511,2020,11,November,0,Late Night,Weekend
T20200020228,2020-11-15,18:42:00,1,Collision with vehicle,7,Sunday,132,RIGHT REAR.,1,55681,T intersection,3,80,Local Road,HARKAWAY,CASEY,-37.990765,145.35127,2020,11,November,18,Afternoon Peak,Weekend
T20200021892,2020-11-15,07:10:00,1,Collision with vehicle,7,Sunday,163,VEHICLE STRIKES DOOR OF PARKED/STATIONARY VEHICLE,1,669503,Not at intersection,3,60,Local Road,HITCHCOCK,GEELONG,-38.27972,144.49202,2020,11,November,7,Morning Peak,Weekend
T20200020218,2020-11-15,17:30:00,1,Collision with vehicle,7,Sunday,121,RIGHT THROUGH,1,684477,T intersection,3,60,Arterial Other,SCORESBY,SOUTHERN GRAMPIANS,-37.74297,142.01788,2020,11,November,17,Afternoon Peak,Weekend
T20200020231,2020-11-15,18:00:00,1,Collision with vehicle,7,Sunday,134,LANE CHANGE RIGHT (NOT OVERTAKING),1,773492,Not at intersection,3,60,Arterial Other,PLENTY,DAREBIN,-37.728676,145.01805,2020,11,November,18,Afternoon Peak,Weekend
T20200020254,2020-11-15,18:00:00,1,Collision with vehicle,7,Sunday,140,U TURN,1,36023,Cross intersection,3,60,Arterial Other,HOLMES,MORELAND,-37.75977,144.97433,2020,11,November,18,Afternoon Peak,Weekend
T20200022223,2020-11-15,17:00:00,5,collision with some other object,7,Sunday,166,STRUCK OBJECT ON CARRIAGEWAY,1,670262,Not at intersection,3,50,Local Road,BONNIE DOON,STRATHBOGIE,-36.805378,145.85246,2020,11,November,17,Afternoon Peak,Weekend
T20200020216,2020-11-15,15:20:00,4,Collision with a fixed object,7,Sunday,171,LEFT OFF CARRIAGEWAY INTO OBJECT/PARKED VEHICLE,1,35451,Cross intersection,2,60,Arterial Other,RYANS,NILLUMBIK,-37.68677,145.14294,2020,11,November,15,Afternoon Peak,Weekend
T20200020213,2020-11-15,16:00:00,1,Collision with vehicle,7,Sunday,121,RIGHT THROUGH,1,669579,Cross intersection,3,60,Freeway,HIGH STREET -LINCOLN,WODONGA,-36.11027,146.89389,2020,11,November,16,Afternoon Peak,Weekend
T20200020292,2020-11-15,21:50:00,1,Collision with vehicle,7,Sunday,121,RIGHT THROUGH,3,292174,Cross intersection,2,60,Arterial Highway,KINGS,PORT PHILLIP,-37.83346,144.96767,2020,11,November,21,Night,Weekend
T20200021122,2020-11-15,18:45:00,1,Collision with vehicle,7,Sunday,130,REAR END(VEHICLES IN SAME LANE),2,46876,T intersection,3,60,Arterial Other,CHANDLER,DANDENONG,-37.974403,145.18568,2020,11,November,18,Afternoon Peak,Weekend
T20200020210,2020-11-15,11:37:00,1,Collision with vehicle,7,Sunday,148,VEHICLE OFF FOOTPATH STRIKES VEH ON CARRIAGEWAY,1,667583,Not at intersection,3,50,Local Road,LAHINCH,HUME,-37.692722,144.92487,2020,11,November,11,Midday,Weekend
T20200020206,2020-11-15,11:50:00,4,Collision with a fixed object,7,Sunday,173,RIGHT OFF CARRIAGEWAY INTO OBJECT/PARKED VEHICLE,1,667726,Not at intersection,2,60,Arterial Highway,TORQUAY,GEELONG,-38.188046,144.34369,2020,11,November,11,Midday,Weekend
T20200020461,2020-11-15,09:30:00,8,No collision and no object struck,7,Sunday,189,OTHER ACCIDENTS ON CURVE NOT INCLUDED IN DCAs 180-184,1,668502,Not at intersection,3,100,Local Road,COBBLER LAKE,ALPINE,-36.989395,146.67542,2020,11,November,9,Morning Peak,Weekend
T20200022896,2020-11-15,13:30:00,8,No collision and no object struck,7,Sunday,182,OFF CARRIAGEWAY ON LEFT BEND,1,670622,Not at intersection,3,80,Local Road,MAIN MOUNTAIN,MITCHELL,-37.382996,145.1026,2020,11,November,13,Midday,Weekend
T20200020183,2020-11-15,05:58:00,1,Collision with vehicle,7,Sunday,160,VEHICLE COLLIDES WITH VEHICLE PARKED ON LEFT OF ROAD,1,678872,Not at intersection,2,60,Local Road,ROBERTS,MARIBYRNONG,-37.808258,144.87022,2020,11,November,5,Morning Peak,Weekend
T20200022909,2020-11-15,22:53:00,4,Collision with a fixed object,7,Sunday,175,OFF END OF ROAD/T-INTERSECTION.,3,729927,T intersection,2,50,Local Road,NEBULA,BRIMBANK,-37.739586,144.82895,2020,11,November,22,Night,Weekend
T20200020709,2020-11-15,20:00:00,1,Collision with vehicle,7,Sunday,113,RIGHT NEAR (INTERSECTIONS ONLY),9,668504,T intersection,3,60,Local Road,CHAPEL,DANDENONG,-38.00553,145.16066,2020,11,November,20,Night,Weekend
T20200020237,2020-11-15,21:29:00,4,Collision with a fixed object,7,Sunday,175,OFF END OF ROAD/T-INTERSECTION.,3,670245,Not at intersection,3,60,Local Road,ISON,WYNDHAM,-37.86321,144.59833,2020,11,November,21,Night,Weekend
T20200021166,2020-11-16,14:30:00,1,Collision with vehicle,1,Monday,169,OTHER ON PATH,1,668625,Not at intersection,3,60,Local Road,NORTHPARK,HUME,-37.641403,144.96872,2020,11,November,14,Midday,Weekday
T20200020446,2020-11-16,08:30:00,1,Collision with vehicle,1,Monday,153,CUTTING IN (OVERTAKING),1,682888,Multiple intersection,3,60,Arterial Other,GLEN HUNTLY,PORT PHILLIP,-37.88178,144.97824,2020,11,November,8,Morning Peak,Weekday
T20200020408,2020-11-16,16:35:00,1,Collision with vehicle,1,Monday,110,CROSS TRAFFIC(INTERSECTIONS ONLY),1,61270,Cross intersection,3,80,Arterial Other,GISBORNE-MELTON,MELTON,-37.65494,144.60168,2020,11,November,16,Afternoon Peak,Weekday
T20200020419,2020-11-16,15:40:00,1,Collision with vehicle,1,Monday,130,REAR END(VEHICLES IN SAME LANE),1,673219,Not at intersection,3,70,Arterial Highway,CHURCH,GEELONG,-38.1315,144.34558,2020,11,November,15,Afternoon Peak,Weekday
T20200020301,2020-11-16,17:20:00,1,Collision with vehicle,1,Monday,113,RIGHT NEAR (INTERSECTIONS ONLY),1,46417,Multiple intersection,3,80,Arterial Highway,WARBURTON,YARRA RANGES,-37.749794,145.37326,2020,11,November,17,Afternoon Peak,Weekday
T20200020325,2020-11-16,12:26:00,4,Collision with a fixed object,1,Monday,181,OFF RIGHT BEND INTO OBJECT/PARKED VEHICLE,1,668389,T intersection,2,100,Local Road,OLD KILMORE-LANCEFIELD,MACEDON RANGES,-37.298996,144.82332,2020,11,November,12,Midday,Weekday
T20200020321,2020-11-16,22:28:00,1,Collision with vehicle,1,Monday,130,REAR END(VEHICLES IN SAME LANE),3,729766,Not at intersection,3,50,Local Road,PARER,MOONEE VALLEY,-37.718826,144.87567,2020,11,November,22,Night,Weekday
T20200020320,2020-11-16,23:20:00,4,Collision with a fixed object,1,Monday,173,RIGHT OFF CARRIAGEWAY INTO OBJECT/PARKED VEHICLE,3,43667,Cross intersection,2,50,Local Road,ELIZABETH,HUME,-37.584614,144.70808,2020,11,November,23,Night,Weekday
T20200021111,2020-11-16,12:00:00,1,Collision with vehicle,1,Monday,130,REAR END(VEHICLES IN SAME LANE),1,675443,Not at intersection,3,40,Arterial Other,COOPER,HUME,-37.64585,144.9702,2020,11,November,12,Midday,Weekday
T20200021193,2020-11-16,12:45:00,1,Collision with vehicle,1,Monday,137,LEFT TURN SIDESWIPE,1,44442,Not at intersection,2,50,Local Road,CLARENCE,GEELONG,-38.139885,144.34845,2020,11,November,12,Midday,Weekday
T20200020352,2020-11-16,17:30:00,1,Collision with vehicle,1,Monday,130,REAR END(VEHICLES IN SAME LANE),1,667585,Not at intersection,3,70,Arterial Highway,LATROBE,GEELONG,-38.14336,144.35338,2020,11,November,17,Afternoon Peak,Weekday
T20200020374,2020-11-16,16:00:00,6,Vehicle overturned (no collision),1,Monday,174,OUT OF CONTROL ON CARRIAGEWAY (ON STRAIGHT),1,667829,Cross intersection,3,60,Arterial Other,HEATHS ROAD -ROWES,WYNDHAM,-37.886917,144.63481,2020,11,November,16,Afternoon Peak,Weekday
T20200021787,2020-11-16,15:50:00,1,Collision with vehicle,1,Monday,121,RIGHT THROUGH,1,36332,T intersection,3,60,Local Road,LYGON,MELBOURNE,-37.793743,144.96814,2020,11,November,15,Afternoon Peak,Weekday
T20200020250,2020-11-16,07:30:00,1,Collision with vehicle,1,Monday,134,LANE CHANGE RIGHT (NOT OVERTAKING),1,669676,Not at intersection,2,60,Arterial Highway,DINGLEY,KINGSTON,-37.96046,145.11935,2020,11,November,7,Morning Peak,Weekday
T20200020282,2020-11-16,09:30:00,6,Vehicle overturned (no collision),1,Monday,174,OUT OF CONTROL ON CARRIAGEWAY (ON STRAIGHT),1,667914,Cross intersection,3,60,Arterial Other,COBURNS ROAD -HIGH,MELTON,-37.68435,144.56818,2020,11,November,9,Morning Peak,Weekday
T20200020334,2020-11-16,14:05:00,8,No collision and no object struck,1,Monday,170,OFF CARRIAGEWAY TO LEFT,1,667464,Not at intersection,2,100,Arterial Highway,SUNRAYSIA,BALLARAT,-37.38695,143.68608,2020,11,November,14,Midday,Weekday
T20200020242,2020-11-16,02:10:00,4,Collision with a fixed object,1,Monday,173,RIGHT OFF CARRIAGEWAY INTO OBJECT/PARKED VEHICLE,3,65936,Cross intersection,3,50,Local Road,ELM,WHITEHORSE,-37.815273,145.16373,2020,11,November,2,Late Night,Weekday
T20200020264,2020-11-16,08:48:00,2,Struck Pedestrian,1,Monday,101,PED EMERGES FROM IN FRONT OF PARKED OR STATIONARY VEHICLE,1,667348,T intersection,3,60,Arterial Other,BLUFF,BAYSIDE,-37.948254,145.02182,2020,11,November,8,Morning Peak,Weekday
T20200020265,2020-11-16,11:35:00,1,Collision with vehicle,1,Monday,110,CROSS TRAFFIC(INTERSECTIONS ONLY),1,29607,Cross intersection,3,60,Arterial Other,WATTLETREE,STONNINGTON,-37.86391,145.04013,2020,11,November,11,Midday,Weekday
T20200020267,2020-11-16,10:26:00,1,Collision with vehicle,1,Monday,139,OTHER SAME DIRECTION-MANOUEVRES NOT INCLUDED IN DCAs 130-137,1,670610,Not at intersection,3,80,Freeway,WEST GATE,HOBSONS BAY,-37.825623,144.83853,2020,11,November,10,Midday,Weekday
T20200020271,2020-11-16,11:45:00,1,Collision with vehicle,1,Monday,121,RIGHT THROUGH,1,51911,T intersection,2,60,Arterial Highway,HIGH,CAMPASPE,-36.130737,144.74872,2020,11,November,11,Midday,Weekday
T20200020272,2020-11-16,13:57:00,4,Collision with a fixed object,1,Monday,181,OFF RIGHT BEND INTO OBJECT/PARKED VEHICLE,1,671047,Not at intersection,3,40,Local Road,SIMON,KNOX,-37.921085,145.24055,2020,11,November,13,Midday,Weekday
T20200020315,2020-11-16,18:50:00,1,Collision with vehicle,1,Monday,147,VEHICLE STRIKES ANOTHER VEH WHILE EMERGING FROM DRIVEWAY,1,670903,Not at intersection,3,60,Local Road,SOUTH,MARIBYRNONG,-37.79258,144.8611,2020,11,November,18,Afternoon Peak,Weekday
T20200020285,2020-11-16,12:30:00,2,Struck Pedestrian,1,Monday,101,PED EMERGES FROM IN FRONT OF PARKED OR STATIONARY VEHICLE,1,677278,Cross intersection,2,50,Arterial Other,NICHOLSON,YARRA,-37.789253,144.97643,2020,11,November,12,Midday,Weekday
T20200020286,2020-11-16,14:40:00,1,Collision with vehicle,1,Monday,113,RIGHT NEAR (INTERSECTIONS ONLY),1,39010,T intersection,3,50,Arterial Other,RIVERSDALE,BOROONDARA,-37.830322,145.0477,2020,11,November,14,Midday,Weekday
T20200020241,2020-11-16,02:59:00,2,Struck Pedestrian,1,Monday,102,FAR SIDE. PED HIT BY VEHICLE FROM THE LEFT,5,686249,Not at intersection,2,80,Arterial Other,CRANBOURNE,CASEY,-38.036263,145.30524,2020,11,November,2,Late Night,Weekday
T20200022250,2020-11-16,08:35:00,1,Collision with vehicle,1,Monday,113,RIGHT NEAR (INTERSECTIONS ONLY),1,39568,T intersection,3,60,Arterial Other,MITCHAM,WHITEHORSE,-37.82441,145.19434,2020,11,November,8,Morning Peak,Weekday
T20200020291,2020-11-16,16:05:00,1,Collision with vehicle,1,Monday,110,CROSS TRAFFIC(INTERSECTIONS ONLY),1,38532,Cross intersection,2,60,Local Road,GLENGALA,BRIMBANK,-37.78842,144.82458,2020,11,November,16,Afternoon Peak,Weekday
T20200020294,2020-11-16,16:40:00,1,Collision with vehicle,1,Monday,133,LANE SIDE SWIPE (VEHICLES IN PARALLEL LANES),1,670817,Not at intersection,2,60,Arterial Other,SANDHURST,BENDIGO,-36.7328,144.26434,2020,11,November,16,Afternoon Peak,Weekday
T20200020300,2020-11-16,17:00:00,1,Collision with vehicle,1,Monday,134,LANE CHANGE RIGHT (NOT OVERTAKING),1,66901,T intersection,2,60,Arterial Other,TOORAK,STONNINGTON,-37.842094,145.01743,2020,11,November,17,Afternoon Peak,Weekday
T20200020314,2020-11-16,21:34:00,1,Collision with vehicle,1,Monday,131,LEFT REAR,3,134478,T intersection,3,80,Freeway,MONASH IN-HEATHERTON,CASEY,-37.97256,145.2363,2020,11,November,21,Night,Weekday
T20200021521,2020-11-16,16:40:00,1,Collision with vehicle,1,Monday,113,RIGHT NEAR (INTERSECTIONS ONLY),1,40338,T intersection,3,60,Local Road,AUBURN,BOROONDARA,-37.844044,145.04102,2020,11,November,16,Afternoon Peak,Weekday
T20200021031,2020-11-16,08:54:00,1,Collision with vehicle,1,Monday,130,REAR END(VEHICLES IN SAME LANE),1,669051,T intersection,3,80,Arterial Highway,BURWOOD,KNOX,-37.88425,145.28186,2020,11,November,8,Morning Peak,Weekday
T20200020316,2020-11-16,05:15:00,1,Collision with vehicle,1,Monday,134,LANE CHANGE RIGHT (NOT OVERTAKING),3,670738,Cross intersection,2,60,Arterial Other,ST KILDA,PORT PHILLIP,-37.853203,144.98174,2020,11,November,5,Morning Peak,Weekday
T20200020319,2020-11-16,23:02:00,1,Collision with vehicle,1,Monday,169,OTHER ON PATH,5,667350,Not at intersection,2,60,Local Road,COLEMAN,GEELONG,-38.085846,144.3471,2020,11,November,23,Night,Weekday
T20210004493,2020-11-16,19:23:00,1,Collision with vehicle,1,Monday,130,REAR END(VEHICLES IN SAME LANE),2,676904,Not at intersection,3,60,Local Road,COBURNS,MELTON,-37.6714,144.57077,2020,11,November,19,Night,Weekday
T20210011746,2020-11-16,14:30:00,4,Collision with a fixed object,1,Monday,173,RIGHT OFF CARRIAGEWAY INTO OBJECT/PARKED VEHICLE,1,684553,Not at intersection,3,80,Arterial Other,HEALESVILLE-KOO WEE RUP,YARRA RANGES,-37.7362,145.5209,2020,11,November,14,Midday,Weekday
T20210014019,2020-11-17,10:00:00,1,Collision with vehicle,2,Tuesday,130,REAR END(VEHICLES IN SAME LANE),1,730731,Not at intersection,3,60,Local Road,SOMERVILLE,BENDIGO,-36.77382,144.29031,2020,11,November,10,Midday,Weekday
T20200020588,2020-11-17,14:30:00,1,Collision with vehicle,2,Tuesday,130,REAR END(VEHICLES IN SAME LANE),1,670141,Not at intersection,3,80,Arterial Other,BALLARAT,BRIMBANK,-37.764454,144.75914,2020,11,November,14,Midday,Weekday
T20200020330,2020-11-17,07:50:00,1,Collision with vehicle,2,Tuesday,110,CROSS TRAFFIC(INTERSECTIONS ONLY),1,667915,Cross intersection,3,60,Arterial Other,MITCHELL,STRATHBOGIE,-36.90632,145.23698,2020,11,November,7,Morning Peak,Weekday
T20200021100,2020-11-17,14:15:00,1,Collision with vehicle,2,Tuesday,133,LANE SIDE SWIPE (VEHICLES IN PARALLEL LANES),1,216602,Not at intersection,3,60,Arterial Other,THOMPSON,KINGSTON,-38.06887,145.14261,2020,11,November,14,Midday,Weekday
T20200020337,2020-11-17,06:00:00,1,Collision with vehicle,2,Tuesday,121,RIGHT THROUGH,1,653876,T intersection,3,60,Non Arterial,SNEYDES,WYNDHAM,-37.89847,144.71104,2020,11,November,6,Morning Peak,Weekday
T20200020526,2020-11-17,15:51:00,1,Collision with vehicle,2,Tuesday,121,RIGHT THROUGH,1,40317,T intersection,3,60,Arterial Other,TOORAK,STONNINGTON,-37.844307,145.03557,2020,11,November,15,Afternoon Peak,Weekday
T20200020378,2020-11-17,15:35:00,2,Struck Pedestrian,2,Tuesday,107,PED ON FOOTHPATH STRUCK BY VEHENTERING/LEAVING DRIVEWAY.,1,667468,Not at intersection,3,40,Arterial Other,SOUTH,BAYSIDE,-37.92931,145.00464,2020,11,November,15,Afternoon Peak,Weekday
T20200021893,2020-11-17,14:45:00,1,Collision with vehicle,2,Tuesday,130,REAR END(VEHICLES IN SAME LANE),1,671619,Not at intersection,3,80,Freeway,CITYLINK,MOONEE VALLEY,-37.73274,144.91425,2020,11,November,14,Midday,Weekday
T20200020379,2020-11-17,10:30:00,1,Collision with vehicle,2,Tuesday,110,CROSS TRAFFIC(INTERSECTIONS ONLY),1,58067,Cross intersection,1,100,Arterial Highway,PRINCES,WELLINGTON,-38.098923,146.97719,2020,11,November,10,Midday,Weekday
T20200020347,2020-11-17,11:46:00,1,Collision with vehicle,2,Tuesday,160,VEHICLE COLLIDES WITH VEHICLE PARKED ON LEFT OF ROAD,1,773275,Not at intersection,3,60,Arterial Other,CANTERBURY,WHITEHORSE,-37.8325,145.15375,2020,11,November,11,Midday,Weekday
T20200020348,2020-11-17,10:25:00,1,Collision with vehicle,2,Tuesday,140,U TURN,1,729767,Not at intersection,3,60,Arterial Highway,DIMBOOLA,HORSHAM,-36.706516,142.18782,2020,11,November,10,Midday,Weekday
T20200021654,2020-11-17,05:30:00,1,Collision with vehicle,2,Tuesday,121,RIGHT THROUGH,2,43053,T intersection,3,60,Arterial Highway,BELL,MORELAND,-37.741203,144.9653,2020,11,November,5,Morning Peak,Weekday
T20200020381,2020-11-17,15:45:00,1,Collision with vehicle,2,Tuesday,121,RIGHT THROUGH,1,109,Cross intersection,3,40,Local Road,ELGIN,MELBOURNE,-37.79716,144.96756,2020,11,November,15,Afternoon Peak,Weekday
T20200020353,2020-11-17,11:10:00,6,Vehicle overturned (no collision),2,Tuesday,174,OUT OF CONTROL ON CARRIAGEWAY (ON STRAIGHT),1,233592,Not at intersection,2,80,Freeway,MONASH,MONASH,-37.89851,145.14957,2020,11,November,11,Midday,Weekday
T20200020332,2020-11-17,09:04:00,1,Collision with vehicle,2,Tuesday,121,RIGHT THROUGH,1,683157,T intersection,3,60,Arterial Other,SUNSHINE,BRIMBANK,-37.732983,144.81812,2020,11,November,9,Morning Peak,Weekday
T20200023205,2020-11-17,15:45:00,1,Collision with vehicle,2,Tuesday,113,RIGHT NEAR (INTERSECTIONS ONLY),1,670960,T intersection,3,60,Local Road,BARRABOOL,GEELONG,-38.16744,144.35059,2020,11,November,15,Afternoon Peak,Weekday
T20200020326,2020-11-17,07:30:00,4,Collision with a fixed object,2,Tuesday,171,LEFT OFF CARRIAGEWAY INTO OBJECT/PARKED VEHICLE,1,672584,Not at intersection,3,100,Local Road,SEYMOUR-PYALONG,MITCHELL,-37.052265,145.04382,2020,11,November,7,Morning Peak,Weekday
T20200020366,2020-11-17,13:10:00,1,Collision with vehicle,2,Tuesday,147,VEHICLE STRIKES ANOTHER VEH WHILE EMERGING FROM DRIVEWAY,1,675700,Not at intersection,2,60,Local Road,BUNGOWER,MORNINGTON PENINSULA,-38.220745,145.058,2020,11,November,13,Midday,Weekday
T20200020385,2020-11-17,12:00:00,2,Struck Pedestrian,2,Tuesday,106,VEH STRIKES PED ON FOOTPATH/MEDIAN/TRAFFIC ISLAND.,1,671925,Not at intersection,3,40,Arterial Other,MURPHY,WANGARATTA,-36.35579,146.32608,2020,11,November,12,Midday,Weekday
T20200020357,2020-11-17,12:32:00,1,Collision with vehicle,2,Tuesday,111,RIGHT FAR (INTERSECTIONS ONLY),1,29863,Multiple intersection,3,60,Freeway,KEILOR PARK-CALDER IN,BRIMBANK,-37.725388,144.84975,2020,11,November,12,Midday,Weekday
T20200020391,2020-11-17,15:14:00,1,Collision with vehicle,2,Tuesday,130,REAR END(VEHICLES IN SAME LANE),1,729769,Not at intersection,3,60,Arterial Other,ASHLEY,MARIBYRNONG,-37.796566,144.86258,2020,11,November,15,Afternoon Peak,Weekday
T20200020364,2020-11-17,10:35:00,1,Collision with vehicle,2,Tuesday,130,REAR END(VEHICLES IN SAME LANE),1,729768,Not at intersection,3,80,Freeway,STUD-MONASH IN,DANDENONG,-37.959557,145.22417,2020,11,November,10,Midday,Weekday
T20200020394,2020-11-17,16:15:00,4,Collision with a fixed object,2,Tuesday,171,LEFT OFF CARRIAGEWAY INTO OBJECT/PARKED VEHICLE,1,674442,Not at intersection,3,100,Arterial Other,TRARALGON-MAFFRA,WELLINGTON,-38.002037,146.78029,2020,11,November,16,Afternoon Peak,Weekday