ACCIDENT_NO,ACCIDENT_DATE,ACCIDENT_TIME,ACCIDENT_TYPE,ACCIDENT_TYPE_DESC,DAY_OF_WEEK,DAY_WEEK_DESC,DCA_CODE,DCA_DESC,LIGHT_CONDITION,NODE_ID,ROAD_GEOMETRY_DESC,SEVERITY,SPEED_ZONE,RMA,ROAD_NAME,LGA_NAME,LATITUDE,LONGITUDE,YEAR,MONTH,MONTH_NAME,HOUR,TIME_PERIOD,DAY_TYPE
T20200020370,2020-11-17,10:23:00,8,No collision and no object struck,2,Tuesday,174,OUT OF CONTROL ON CARRIAGEWAY (ON STRAIGHT),1,776859,Not at intersection,3,60,Local Road,WIRRAWAY,MOONEE VALLEY,-37.71489,144.89468,2020,11,November,10,Midday,Weekday
T20200020369,2020-11-17,13:37:00,1,Collision with vehicle,2,Tuesday,121,RIGHT THROUGH,1,40951,Cross intersection,2,60,Arterial Other,MOUNTAIN,KNOX,-37.841267,145.26505,2020,11,November,13,Midday,Weekday
T20200021439,2020-11-17,10:33:00,1,Collision with vehicle,2,Tuesday,160,VEHICLE COLLIDES WITH VEHICLE PARKED ON LEFT OF ROAD,1,669151,Not at intersection,3,50,Local Road,TAYLORS,KNOX,-37.9173,145.24596,2020,11,November,10,Midday,Weekday
T20200020327,2020-11-17,07:40:00,1,Collision with vehicle,2,Tuesday,113,RIGHT NEAR (INTERSECTIONS ONLY),1,43588,T intersection,2,50,Local Road,HUMPHRIES,MORNINGTON PENINSULA,-38.183483,145.11578,2020,11,November,7,Morning Peak,Weekday
T20200021041,2020-11-17,09:15:00,1,Collision with vehicle,2,Tuesday,132,RIGHT REAR.,1,668404,T intersection,3,50,Local Road,GREAT BROME,WHITTLESEA,-37.630756,145.02016,2020,11,November,9,Morning Peak,Weekday
T20200020409,2020-11-17,21:12:00,1,Collision with vehicle,2,Tuesday,110,CROSS TRAFFIC(INTERSECTIONS ONLY),3,44336,Cross intersection,3,60,Arterial Other,WERRIBEE STREET -WERRIBEE,WYNDHAM,-37.90456,144.6555,2020,11,November,21,Night,Weekday
T20200020407,2020-11-17,20:08:00,1,Collision with vehicle,2,Tuesday,160,VEHICLE COLLIDES WITH VEHICLE PARKED ON LEFT OF ROAD,3,673092,Not at intersection,3,50,Local Road,DOVETON,BALLARAT,-37.538776,143.85931,2020,11,November,20,Night,Weekday
T20200020405,2020-11-17,20:20:00,8,No collision and no object struck,2,Tuesday,174,OUT OF CONTROL ON CARRIAGEWAY (ON STRAIGHT),2,676661,Not at intersection,2,100,Local Road,SEAVIEW,SURF COAST,-38.43401,143.95728,2020,11,November,20,Night,Weekday
T20200021178,2020-11-17,17:37:00,1,Collision with vehicle,2,Tuesday,140,U TURN,1,669053,Cross intersection,3,80,Arterial Highway,MAROONDAH,MAROONDAH,-37.791393,145.26328,2020,11,November,17,Afternoon Peak,Weekday
T20200020329,2020-11-17,08:55:00,2,Struck Pedestrian,2,Tuesday,100,PED NEAR SIDE. PED HIT BY VEHICLE FROM THE RIGHT.,1,52471,Cross intersection,2,60,Arterial Other,ELEVENTH,MILDURA,-34.18124,142.14742,2020,11,November,8,Morning Peak,Weekday
T20200020389,2020-11-17,16:30:00,4,Collision with a fixed object,2,Tuesday,171,LEFT OFF CARRIAGEWAY INTO OBJECT/PARKED VEHICLE,1,675661,Not at intersection,3,60,Local Road,HAZELWOOD,LATROBE,-38.249664,146.41026,2020,11,November,16,Afternoon Peak,Weekday
T20200020450,2020-11-17,16:45:00,1,Collision with vehicle,2,Tuesday,130,REAR END(VEHICLES IN SAME LANE),1,668501,Not at intersection,3,60,Arterial Other,CANTERBURY,BOROONDARA,-37.82459,145.08588,2020,11,November,16,Afternoon Peak,Weekday
T20200020395,2020-11-17,18:53:00,1,Collision with vehicle,2,Tuesday,147,VEHICLE STRIKES ANOTHER VEH WHILE EMERGING FROM DRIVEWAY,1,672241,Not at intersection,3,50,Local Road,KELWAY,HUME,-37.57911,144.91113,2020,11,November,18,Afternoon Peak,Weekday
T20200020448,2020-11-17,15:40:00,2,Struck Pedestrian,2,Tuesday,100,PED NEAR SIDE. PED HIT BY VEHICLE FROM THE RIGHT.,1,672309,Not at intersection,3,40,Arterial Other,BEACH,KINGSTON,-38.008656,145.08751,2020,11,November,15,Afternoon Peak,Weekday
T20210001569,2020-11-17,15:45:00,1,Collision with vehicle,2,Tuesday,130,REAR END(VEHICLES IN SAME LANE),1,673538,Not at intersection,3,50,Arterial Highway,POINT NEPEAN,MORNINGTON PENINSULA,-38.369827,144.81827,2020,11,November,15,Afternoon Peak,Weekday
T20200020497,2020-11-17,18:50:00,1,Collision with vehicle,2,Tuesday,113,RIGHT NEAR (INTERSECTIONS ONLY),1,45059,T intersection,2,60,Arterial Other,MCINTYRE,BRIMBANK,-37.771603,144.82973,2020,11,November,18,Afternoon Peak,Weekday
T20200020367,2020-11-17,12:35:00,1,Collision with vehicle,2,Tuesday,130,REAR END(VEHICLES IN SAME LANE),1,671367,Cross intersection,3,80,Arterial Highway,SOUTH,DANDENONG,-38.020992,145.23906,2020,11,November,12,Midday,Weekday
T20200020444,2020-11-17,18:12:00,9,Other accident,2,Tuesday,139,OTHER SAME DIRECTION-MANOUEVRES NOT INCLUDED IN DCAs 130-137,1,667917,Not at intersection,3,60,Arterial Other,HEIDELBERG,YARRA,-37.784325,145.00443,2020,11,November,18,Afternoon Peak,Weekday
T20220016154,2020-11-17,12:00:00,8,No collision and no object struck,2,Tuesday,170,OFF CARRIAGEWAY TO LEFT,1,719745,Not at intersection,3,60,Local Road,HUGHES,MORNINGTON PENINSULA,-38.35558,144.76047,2020,11,November,12,Midday,Weekday
T20200020437,2020-11-18,08:30:00,1,Collision with vehicle,3,Wednesday,130,REAR END(VEHICLES IN SAME LANE),1,670990,Not at intersection,3,80,Arterial Highway,FRANKSTON-DANDENONG,FRANKSTON,-38.109207,145.16164,2020,11,November,8,Morning Peak,Weekday
T20200020427,2020-11-18,06:50:00,1,Collision with vehicle,3,Wednesday,121,RIGHT THROUGH,1,335372,Multiple intersection,2,70,Freeway,CANTERBURY,MAROONDAH,-37.832294,145.21703,2020,11,November,6,Morning Peak,Weekday
T20200020519,2020-11-18,11:30:00,1,Collision with vehicle,3,Wednesday,131,LEFT REAR,1,672673,Cross intersection,3,70,Arterial Other,SYDNEY,HUME,-37.689663,144.95827,2020,11,November,11,Midday,Weekday
T20200020422,2020-11-18,08:30:00,1,Collision with vehicle,3,Wednesday,110,CROSS TRAFFIC(INTERSECTIONS ONLY),1,239570,Cross intersection,3,40,Local Road,MACAULAY,MELBOURNE,-37.79429,144.92882,2020,11,November,8,Morning Peak,Weekday
T20200020508,2020-11-18,08:45:00,1,Collision with vehicle,3,Wednesday,147,VEHICLE STRIKES ANOTHER VEH WHILE EMERGING FROM DRIVEWAY,1,673373,Not at intersection,3,40,Arterial Other,COMMERCIAL,MOYNE,-38.29171,142.36362,2020,11,November,8,Morning Peak,Weekday
T20200020420,2020-11-18,10:06:00,1,Collision with vehicle,3,Wednesday,132,RIGHT REAR.,1,668500,Not at intersection,3,60,Local Road,SAVIGES,LATROBE,-38.172398,146.25601,2020,11,November,10,Midday,Weekday
T20200021105,2020-11-18,18:00:00,1,Collision with vehicle,3,Wednesday,140,U TURN,1,670430,Not at intersection,2,60,Local Road,BENNET,DANDENONG,-37.98604,145.19969,2020,11,November,18,Afternoon Peak,Weekday
T20200021596,2020-11-18,12:25:00,6,Vehicle overturned (no collision),3,Wednesday,174,OUT OF CONTROL ON CARRIAGEWAY (ON STRAIGHT),1,669340,T intersection,3,60,Local Road,HORNSBY,DANDENONG,-37.99186,145.20775,2020,11,November,12,Midday,Weekday
T20200021414,2020-11-18,15:00:00,1,Collision with vehicle,3,Wednesday,130,REAR END(VEHICLES IN SAME LANE),1,671156,Not at intersection,3,70,Arterial Other,COBURG-CRAIGIEBURN,MORELAND,-37.712856,144.962,2020,11,November,15,Afternoon Peak,Weekday
T20200020573,2020-11-18,14:45:00,1,Collision with vehicle,3,Wednesday,130,REAR END(VEHICLES IN SAME LANE),1,729442,Not at intersection,3,60,Arterial Other,DERRIMUT,WYNDHAM,-37.86327,144.68535,2020,11,November,14,Midday,Weekday
T20200020569,2020-11-18,15:20:00,1,Collision with vehicle,3,Wednesday,121,RIGHT THROUGH,1,36253,T intersection,3,60,Arterial Other,CANTERBURY,BOROONDARA,-37.826164,145.0992,2020,11,November,15,Afternoon Peak,Weekday
T20200021126,2020-11-18,07:40:00,9,Other accident,3,Wednesday,149,OTHER MANOEUVRING NOT INCLUDED IN DCAs 140-148,1,668515,Not at intersection,2,60,Arterial Highway,ALEXANDRA,YARRA,-37.793377,144.97865,2020,11,November,7,Morning Peak,Weekday
T20200021051,2020-11-18,11:30:00,6,Vehicle overturned (no collision),3,Wednesday,174,OUT OF CONTROL ON CARRIAGEWAY (ON STRAIGHT),1,668405,T intersection,2,100,Local Road,BIRREGUN,EAST GIPPSLAND,-37.210392,147.51025,2020,11,November,11,Midday,Weekday
T20200022735,2020-11-18,23:15:00,3,Struck animal,3,Wednesday,167,STRUCK ANIMAL,5,248284,Not at intersection,3,80,Arterial Highway,GREAT OCEAN,SURF COAST,-38.34922,144.25833,2020,11,November,23,Night,Weekday
T20210002060,2020-11-18,11:00:00,6,Vehicle overturned (no collision),3,Wednesday,174,OUT OF CONTROL ON CARRIAGEWAY (ON STRAIGHT),1,263785,Not at intersection,3,60,Arterial Other,BEACH,KINGSTON,-37.988388,145.05907,2020,11,November,11,Midday,Weekday
T20200020445,2020-11-18,13:00:00,1,Collision with vehicle,3,Wednesday,132,RIGHT REAR.,1,221373,T intersection,3,80,Arterial Other,HUME,HUME,-37.61251,144.94661,2020,11,November,13,Midday,Weekday
T20200020449,2020-11-18,08:25:00,1,Collision with vehicle,3,Wednesday,160,VEHICLE COLLIDES WITH VEHICLE PARKED ON LEFT OF ROAD,1,667918,Not at intersection,2,50,Local Road,CRAIGIE,MORNINGTON PENINSULA,-38.25486,145.03033,2020,11,November,8,Morning Peak,Weekday
T20200020453,2020-11-18,15:02:00,1,Collision with vehicle,3,Wednesday,130,REAR END(VEHICLES IN SAME LANE),1,44370,T intersection,3,80,Arterial Other,PRINCES,WYNDHAM,-37.892693,144.68323,2020,11,November,15,Afternoon Peak,Weekday
T20200020457,2020-11-18,16:30:00,1,Collision with vehicle,3,Wednesday,113,RIGHT NEAR (INTERSECTIONS ONLY),1,38438,T intersection,3,60,Local Road,DIANE,YARRA RANGES,-37.78254,145.31152,2020,11,November,16,Afternoon Peak,Weekday
T20200020463,2020-11-18,17:15:00,1,Collision with vehicle,3,Wednesday,121,RIGHT THROUGH,1,42303,Cross intersection,3,60,Arterial Other,PASCOE VALE,HUME,-37.684917,144.91737,2020,11,November,17,Afternoon Peak,Weekday
T20200020467,2020-11-18,16:54:00,1,Collision with vehicle,3,Wednesday,113,RIGHT NEAR (INTERSECTIONS ONLY),1,352524,Cross intersection,3,80,Arterial Highway,HINRICHSEN,CASEY,-38.00887,145.2785,2020,11,November,16,Afternoon Peak,Weekday
T20200020469,2020-11-18,16:19:00,4,Collision with a fixed object,3,Wednesday,173,RIGHT OFF CARRIAGEWAY INTO OBJECT/PARKED VEHICLE,1,672585,Not at intersection,3,50,Local Road,KAREELA,MORNINGTON PENINSULA,-38.380997,144.85323,2020,11,November,16,Afternoon Peak,Weekday
T20200020474,2020-11-18,16:20:00,1,Collision with vehicle,3,Wednesday,173,RIGHT OFF CARRIAGEWAY INTO OBJECT/PARKED VEHICLE,1,193607,Not at intersection,2,80,Freeway,WEST GATE,MELBOURNE,-37.830025,144.89885,2020,11,November,16,Afternoon Peak,Weekday
T20200020481,2020-11-18,15:20:00,2,Struck Pedestrian,3,Wednesday,107,PED ON FOOTHPATH STRUCK BY VEHENTERING/LEAVING DRIVEWAY.,1,668069,Not at intersection,3,70,Arterial Highway,BELLARINE,GEELONG,-38.169563,144.38808,2020,11,November,15,Afternoon Peak,Weekday
T20200020482,2020-11-18,18:32:00,6,Vehicle overturned (no collision),3,Wednesday,172,OFF CARRIAGEWAY TO RIGHT,1,668257,Not at intersection,2,80,Arterial Other,VINEYARD,HUME,-37.60925,144.71144,2020,11,November,18,Afternoon Peak,Weekday
T20200020483,2020-11-18,20:04:00,1,Collision with vehicle,3,Wednesday,143,ENTERING PARKING,3,668118,Not at intersection,2,40,Local Road,HIGHETT,BAYSIDE,-37.948643,145.04103,2020,11,November,20,Night,Weekday
T20200020489,2020-11-18,22:08:00,1,Collision with vehicle,3,Wednesday,121,RIGHT THROUGH,3,225695,Cross intersection,3,70,Freeway,COOPER,WHITTLESEA,-37.648434,144.99146,2020,11,November,22,Night,Weekday
T20200020490,2020-11-18,22:30:00,1,Collision with vehicle,3,Wednesday,120,HEAD ON (NOT OVERTAKING),3,667713,Not at intersection,2,60,Arterial Other,WILLIAMSTOWN,PORT PHILLIP,-37.835564,144.92201,2020,11,November,22,Night,Weekday
T20200020495,2020-11-18,22:45:00,4,Collision with a fixed object,3,Wednesday,171,LEFT OFF CARRIAGEWAY INTO OBJECT/PARKED VEHICLE,3,675274,Not at intersection,2,60,Local Road,FAIRBAIRN,BRIMBANK,-37.798477,144.81827,2020,11,November,22,Night,Weekday
T20200020500,2020-11-18,17:30:00,6,Vehicle overturned (no collision),3,Wednesday,175,OFF END OF ROAD/T-INTERSECTION.,1,747041,T intersection,2,100,Arterial Other,DONALD-STAWELL,NORTHERN GRAMPIANS,-36.81935,142.7856,2020,11,November,17,Afternoon Peak,Weekday
T20200021282,2020-11-18,14:20:00,1,Collision with vehicle,3,Wednesday,110,CROSS TRAFFIC(INTERSECTIONS ONLY),1,61054,Cross intersection,3,60,Local Road,BIRDWOOD,BALLARAT,-37.597706,143.8315,2020,11,November,14,Midday,Weekday
T20200020612,2020-11-18,15:50:00,8,No collision and no object struck,3,Wednesday,174,OUT OF CONTROL ON CARRIAGEWAY (ON STRAIGHT),1,670192,Not at intersection,3,50,Local Road,WITT,MOIRA,-36.009018,146.01717,2020,11,November,15,Afternoon Peak,Weekday
T20200020616,2020-11-18,16:20:00,1,Collision with vehicle,3,Wednesday,120,HEAD ON (NOT OVERTAKING),1,674847,Not at intersection,3,100,Local Road,HIGHLANDS,MITCHELL,-37.0551,145.31094,2020,11,November,16,Afternoon Peak,Weekday
T20200020618,2020-11-18,07:15:00,1,Collision with vehicle,3,Wednesday,116,LEFT NEAR (INTERSECTIONS ONLY),2,669581,T intersection,3,80,Arterial Other,WILLIAMSONS,MANNINGHAM,-37.778683,145.12386,2020,11,November,7,Morning Peak,Weekday
T20200020733,2020-11-18,15:00:00,1,Collision with vehicle,3,Wednesday,113,RIGHT NEAR (INTERSECTIONS ONLY),1,311994,T intersection,3,80,Arterial Other,MELTON,MELTON,-37.692562,144.75003,2020,11,November,15,Afternoon Peak,Weekday
T20200020536,2020-11-18,23:30:00,7,Fall from or in moving vehicle,3,Wednesday,190,FELL IN/FROM VEHICLE,3,673221,Not at intersection,1,50,Local Road,EAST DERRIMUT,BRIMBANK,-37.807087,144.75691,2020,11,November,23,Night,Weekday
T20200020441,2020-11-18,13:27:00,1,Collision with vehicle,3,Wednesday,134,LANE CHANGE RIGHT (NOT OVERTAKING),1,232074,Not at intersection,2,100,Freeway,WESTERN RING,BRIMBANK,-37.747852,144.83687,2020,11,November,13,Midday,Weekday
T20200020530,2020-11-18,18:30:00,1,Collision with vehicle,3,Wednesday,132,RIGHT REAR.,1,672676,Not at intersection,3,60,Arterial Other,DUDLEY,MELBOURNE,-37.809944,144.95047,2020,11,November,18,Afternoon Peak,Weekday
T20200020440,2020-11-18,11:37:00,1,Collision with vehicle,3,Wednesday,135,LANE CHANGE LEFT (NOT OVERTAKING),1,671536,Not at intersection,2,100,Freeway,PRINCES,WYNDHAM,-37.841328,144.79176,2020,11,November,11,Midday,Weekday
T20200020439,2020-11-18,12:40:00,6,Vehicle overturned (no collision),3,Wednesday,151,OUT OF CONTROL (OVERTAKING),1,667916,Not at intersection,2,80,Arterial Other,MEENIYAN-MIRBOO NORTH,SOUTH GIPPSLAND,-38.41147,146.15213,2020,11,November,12,Midday,Weekday
T20200020551,2020-11-19,16:45:00,1,Collision with vehicle,4,Thursday,130,REAR END(VEHICLES IN SAME LANE),1,669414,Not at intersection,2,80,Arterial Highway,WHITEHORSE,WHITEHORSE,-37.81643,145.20459,2020,11,November,16,Afternoon Peak,Weekday
T20200020534,2020-11-19,14:15:00,2,Struck Pedestrian,4,Thursday,102,FAR SIDE. PED HIT BY VEHICLE FROM THE LEFT,1,337564,Cross intersection,2,50,Local Road,LEAKES,WYNDHAM,-37.837124,144.71951,2020,11,November,14,Midday,Weekday
T20200020564,2020-11-19,14:35:00,4,Collision with a fixed object,4,Thursday,171,LEFT OFF CARRIAGEWAY INTO OBJECT/PARKED VEHICLE,1,747039,Not at intersection,2,60,Arterial Other,WARRIGAL,KINGSTON,-37.983463,145.0711,2020,11,November,14,Midday,Weekday
T20200020524,2020-11-19,13:48:00,1,Collision with vehicle,4,Thursday,130,REAR END(VEHICLES IN SAME LANE),1,670064,Not at intersection,3,60,Local Road,VICTORIA,DAREBIN,-37.77854,145.01033,2020,11,November,13,Midday,Weekday
T20200020532,2020-11-19,12:40:00,4,Collision with a fixed object,4,Thursday,173,RIGHT OFF CARRIAGEWAY INTO OBJECT/PARKED VEHICLE,1,671689,Not at intersection,2,100,Freeway,PRINCES,WYNDHAM,-37.871548,144.7438,2020,11,November,12,Midday,Weekday
T20200022826,2020-11-19,04:30:00,1,Collision with vehicle,4,Thursday,139,OTHER SAME DIRECTION-MANOUEVRES NOT INCLUDED IN DCAs 130-137,3,671544,Not at intersection,2,50,Local Road,MICHAEL,BRIMBANK,-37.730644,144.81409,2020,11,November,4,Late Night,Weekday
T20200020576,2020-11-19,22:41:00,1,Collision with vehicle,4,Thursday,110,CROSS TRAFFIC(INTERSECTIONS ONLY),3,67904,Cross intersection,2,50,Local Road,OSBORNE,HOBSONS BAY,-37.868233,144.90286,2020,11,November,22,Night,Weekday
T20210026942,2020-11-19,17:32:00,1,Collision with vehicle,4,Thursday,140,U TURN,1,39942,T intersection,3,70,Arterial Other,KEILOR PARK,BRIMBANK,-37.71819,144.85492,2020,11,November,17,Afternoon Peak,Weekday
T20200020585,2020-11-19,10:55:00,1,Collision with vehicle,4,Thursday,132,RIGHT REAR.,1,680115,Not at intersection,2,60,Arterial Other,GEELONG,GEELONG,-38.11671,144.64253,2020,11,November,10,Midday,Weekday
T20200020619,2020-11-19,18:00:00,4,Collision with a fixed object,4,Thursday,171,LEFT OFF CARRIAGEWAY INTO OBJECT/PARKED VEHICLE,1,671766,Not at intersection,2,100,Arterial Other,KERANG-MURRABIT,GANNAWARRA,-35.706413,143.94315,2020,11,November,18,Afternoon Peak,Weekday
T20200022113,2020-11-19,18:40:00,1,Collision with vehicle,4,Thursday,130,REAR END(VEHICLES IN SAME LANE),1,24017,T intersection,2,80,Arterial Highway,SPRINGVALE,DANDENONG,-38.01613,145.13982,2020,11,November,18,Afternoon Peak,Weekday
T20200020516,2020-11-19,08:30:00,1,Collision with vehicle,4,Thursday,160,VEHICLE COLLIDES WITH VEHICLE PARKED ON LEFT OF ROAD,1,669048,Not at intersection,3,60,Local Road,ASHLEY,MARIBYRNONG,-37.780724,144.86548,2020,11,November,8,Morning Peak,Weekday
T20200020579,2020-11-19,23:15:00,6,Vehicle overturned (no collision),4,Thursday,182,OFF CARRIAGEWAY ON LEFT BEND,5,747040,Not at intersection,2,100,Arterial Highway,PYRENEES,ARARAT,-37.205215,143.02275,2020,11,November,23,Night,Weekday
T20200022028,2020-11-19,18:00:00,1,Collision with vehicle,4,Thursday,110,CROSS TRAFFIC(INTERSECTIONS ONLY),1,23933,Cross intersection,3,60,Local Road,BOARDWALK,WYNDHAM,-37.88459,144.73285,2020,11,November,18,Afternoon Peak,Weekday
T20200020521,2020-11-19,10:08:00,2,Struck Pedestrian,4,Thursday,102,FAR SIDE. PED HIT BY VEHICLE FROM THE LEFT,1,668119,Not at intersection,3,50,Arterial Other,BALCOMBE,KINGSTON,-37.981033,145.0629,2020,11,November,10,Midday,Weekday
T20200020538,2020-11-19,14:45:00,4,Collision with a fixed object,4,Thursday,171,LEFT OFF CARRIAGEWAY INTO OBJECT/PARKED VEHICLE,1,672774,Not at intersection,3,100,Arterial Other,DUNACH-EDDINGTON,CENTRAL GOLDFIELDS,-37.205994,143.73581,2020,11,November,14,Midday,Weekday
T20200020542,2020-11-19,16:13:00,1,Collision with vehicle,4,Thursday,110,CROSS TRAFFIC(INTERSECTIONS ONLY),1,49471,Cross intersection,3,50,Local Road,RAGLAN,MITCHELL,-37.415886,144.97485,2020,11,November,16,Afternoon Peak,Weekday
T20200020766,2020-11-19,16:57:00,1,Collision with vehicle,4,Thursday,130,REAR END(VEHICLES IN SAME LANE),1,669786,Cross intersection,3,60,Arterial Other,MAIDSTONE,HOBSONS BAY,-37.87229,144.81287,2020,11,November,16,Afternoon Peak,Weekday
T20200020533,2020-11-19,14:10:00,1,Collision with vehicle,4,Thursday,113,RIGHT NEAR (INTERSECTIONS ONLY),1,40317,T intersection,2,60,Arterial Other,TOORAK,STONNINGTON,-37.844307,145.03557,2020,11,November,14,Midday,Weekday
T20200020496,2020-11-19,00:50:00,4,Collision with a fixed object,4,Thursday,173,RIGHT OFF CARRIAGEWAY INTO OBJECT/PARKED VEHICLE,3,672310,Unknown,2,50,Local Road,CENTENARY,MELTON,-37.67049,144.55272,2020,11,November,0,Late Night,Weekday
T20200020568,2020-11-19,19:38:00,1,Collision with vehicle,4,Thursday,160,VEHICLE COLLIDES WITH VEHICLE PARKED ON LEFT OF ROAD,1,668001,T intersection,3,50,Local Road,OAKPARK,MONASH,-37.89038,145.10045,2020,11,November,19,Night,Weekday
T20200020572,2020-11-19,16:00:00,1,Collision with vehicle,4,Thursday,130,REAR END(VEHICLES IN SAME LANE),1,667832,Not at intersection,3,60,Local Road,EXFORD,MELTON,-37.71464,144.57285,2020,11,November,16,Afternoon Peak,Weekday
T20200020574,2020-11-19,20:43:00,1,Collision with vehicle,4,Thursday,121,RIGHT THROUGH,2,29521,Cross intersection,2,50,Arterial Other,WILLIAMSTOWN,MARIBYRNONG,-37.812824,144.88347,2020,11,November,20,Night,Weekday
T20200021402,2020-11-19,06:20:00,1,Collision with vehicle,4,Thursday,113,RIGHT NEAR (INTERSECTIONS ONLY),2,54399,T intersection,3,60,Arterial Other,MALVERN,STONNINGTON,-37.853848,145.04726,2020,11,November,6,Morning Peak,Weekday
T20200020715,2020-11-19,14:00:00,4,Collision with a fixed object,4,Thursday,173,RIGHT OFF CARRIAGEWAY INTO OBJECT/PARKED VEHICLE,1,675339,Not at intersection,3,80,Arterial Other,MAHONEYS,DAREBIN,-37.692917,144.99124,2020,11,November,14,Midday,Weekday
T20210000257,2020-11-19,12:30:00,1,Collision with vehicle,4,Thursday,116,LEFT NEAR (INTERSECTIONS ONLY),1,221877,T intersection,3,50,Local Road,LINK,CASEY,-38.015644,145.30286,2020,11,November,12,Midday,Weekday
T20200020577,2020-11-19,06:03:00,4,Collision with a fixed object,4,Thursday,173,RIGHT OFF CARRIAGEWAY INTO OBJECT/PARKED VEHICLE,2,672674,Not at intersection,2,70,Arterial Highway,PRINCES HIGHWAY,EAST GIPPSLAND,-37.83262,147.60822,2020,11,November,6,Morning Peak,Weekday
T20200020558,2020-11-19,17:32:00,1,Collision with vehicle,4,Thursday,130,REAR END(VEHICLES IN SAME LANE),1,286857,Not at intersection,3,60,Arterial Other,POLICE,DANDENONG,-37.9371,145.18842,2020,11,November,17,Afternoon Peak,Weekday
T20200020557,2020-11-19,17:55:00,1,Collision with vehicle,4,Thursday,132,RIGHT REAR.,1,352194,T intersection,2,60,Local Road,EAST,MITCHELL,-37.288254,144.95998,2020,11,November,17,Afternoon Peak,Weekday
T20200020556,2020-11-19,16:02:00,1,Collision with vehicle,4,Thursday,142,LEAVING PARKING,1,667920,Not at intersection,2,60,Local Road,DAVID,DANDENONG,-37.97666,145.21342,2020,11,November,16,Afternoon Peak,Weekday
T20200020555,2020-11-19,16:46:00,1,Collision with vehicle,4,Thursday,130,REAR END(VEHICLES IN SAME LANE),1,667721,Not at intersection,3,100,Freeway,CALDER,MOONEE VALLEY,-37.731606,144.87805,2020,11,November,16,Afternoon Peak,Weekday
T20200020552,2020-11-19,16:05:00,1,Collision with vehicle,4,Thursday,130,REAR END(VEHICLES IN SAME LANE),1,667720,Not at intersection,3,80,Freeway,TULLAMARINE,HUME,-37.685547,144.87654,2020,11,November,16,Afternoon Peak,Weekday
T20200020613,2020-11-19,16:00:00,1,Collision with vehicle,4,Thursday,130,REAR END(VEHICLES IN SAME LANE),1,514,Cross intersection,3,60,Arterial Highway,MAROONDAH,MAROONDAH,-37.814587,145.23103,2020,11,November,16,Afternoon Peak,Weekday
T20200020513,2020-11-19,08:00:00,1,Collision with vehicle,4,Thursday,130,REAR END(VEHICLES IN SAME LANE),1,667919,Not at intersection,3,80,Local Road,BUNGOWER,MORNINGTON PENINSULA,-38.233963,145.1423,2020,11,November,8,Morning Peak,Weekday
T20200020550,2020-11-19,13:45:00,1,Collision with vehicle,4,Thursday,133,LANE SIDE SWIPE (VEHICLES IN PARALLEL LANES),1,685458,Not at intersection,3,100,Freeway,WESTERN RING,HUME,-37.6942,144.9148,2020,11,November,13,Midday,Weekday
T20200020980,2020-11-19,18:00:00,1,Collision with vehicle,4,Thursday,130,REAR END(VEHICLES IN SAME LANE),2,668508,Not at intersection,2,80,Arterial Highway,PRINCES,LATROBE,-38.20797,146.49901,2020,11,November,18,Afternoon Peak,Weekday
T20200021001,2020-11-19,18:04:00,1,Collision with vehicle,4,Thursday,130,REAR END(VEHICLES IN SAME LANE),1,57274,T intersection,3,60,Local Road,MELBOURNE,WODONGA,-36.11537,146.8694,2020,11,November,18,Afternoon Peak,Weekday
T20200020511,2020-11-19,09:47:00,1,Collision with vehicle,4,Thursday,110,CROSS TRAFFIC(INTERSECTIONS ONLY),1,43626,Cross intersection,3,60,Arterial Other,CENTRE,CASEY,-38.029064,145.30089,2020,11,November,9,Morning Peak,Weekday
T20200020547,2020-11-19,15:15:00,6,Vehicle overturned (no collision),4,Thursday,174,OUT OF CONTROL ON CARRIAGEWAY (ON STRAIGHT),1,672890,Dead end,2,50,Local Road,FORSYTH,HORSHAM,-36.703457,142.213,2020,11,November,15,Afternoon Peak,Weekday
T20200020546,2020-11-19,16:10:00,1,Collision with vehicle,4,Thursday,130,REAR END(VEHICLES IN SAME LANE),1,773377,Not at intersection,2,100,Freeway,WESTERN RING,BRIMBANK,-37.76527,144.81721,2020,11,November,16,Afternoon Peak,Weekday
T20200020543,2020-11-19,12:09:00,1,Collision with vehicle,4,Thursday,111,RIGHT FAR (INTERSECTIONS ONLY),1,45407,Cross intersection,3,60,Arterial Other,PASCOE VALE,MOONEE VALLEY,-37.753784,144.92574,2020,11,November,12,Midday,Weekday
T20200020510,2020-11-19,07:10:00,6,Vehicle overturned (no collision),4,Thursday,174,OUT OF CONTROL ON CARRIAGEWAY (ON STRAIGHT),1,41967,Cross intersection,2,60,Arterial Other,NAPOLEON,KNOX,-37.900494,145.29459,2020,11,November,7,Morning Peak,Weekday
T20200020507,2020-11-19,09:20:00,1,Collision with vehicle,4,Thursday,121,RIGHT THROUGH,1,47356,T intersection,3,60,Local Road,HUME,BRIMBANK,-37.70973,144.76813,2020,11,November,9,Morning Peak,Weekday