ACCIDENT_NO,ACCIDENT_DATE,ACCIDENT_TIME,ACCIDENT_TYPE,ACCIDENT_TYPE_DESC,DAY_OF_WEEK,DAY_WEEK_DESC,DCA_CODE,DCA_DESC,LIGHT_CONDITION,NODE_ID,ROAD_GEOMETRY_DESC,SEVERITY,SPEED_ZONE,RMA,ROAD_NAME,LGA_NAME,LATITUDE,LONGITUDE,YEAR,MONTH,MONTH_NAME,HOUR,TIME_PERIOD,DAY_TYPE
T20200020505,2020-11-19,07:20:00,1,Collision with vehicle,4,Thursday,121,RIGHT THROUGH,2,277108,T intersection,2,60,Arterial Other,KERR,YARRA RANGES,-37.81421,145.35156,2020,11,November,7,Morning Peak,Weekday
T20200020503,2020-11-19,08:01:00,1,Collision with vehicle,4,Thursday,120,HEAD ON (NOT OVERTAKING),1,779342,Not at intersection,3,60,Arterial Highway,SMITHFIELD,MELBOURNE,-37.7904,144.92105,2020,11,November,8,Morning Peak,Weekday
T20200020501,2020-11-19,08:25:00,1,Collision with vehicle,4,Thursday,110,CROSS TRAFFIC(INTERSECTIONS ONLY),1,52176,Cross intersection,3,40,Local Road,ELIZABETH,LATROBE,-38.18849,146.24983,2020,11,November,8,Morning Peak,Weekday
T20200021666,2020-11-19,08:30:00,1,Collision with vehicle,4,Thursday,135,LANE CHANGE LEFT (NOT OVERTAKING),1,670994,Not at intersection,3,60,Arterial Other,RIVERSDALE,BOROONDARA,-37.83297,145.07065,2020,11,November,8,Morning Peak,Weekday
T20200021454,2020-11-19,20:36:00,2,Struck Pedestrian,4,Thursday,194,PARKED CAR RUN AWAY,1,675341,Not at intersection,2,50,Local Road,NIGEL,HUME,-37.683746,144.89723,2020,11,November,20,Night,Weekday
T20200020561,2020-11-19,15:45:00,1,Collision with vehicle,4,Thursday,130,REAR END(VEHICLES IN SAME LANE),1,668503,Not at intersection,2,80,Freeway,WEST GATE,MELBOURNE,-37.828087,144.95627,2020,11,November,15,Afternoon Peak,Weekday
T20200020562,2020-11-19,15:55:00,4,Collision with a fixed object,4,Thursday,171,LEFT OFF CARRIAGEWAY INTO OBJECT/PARKED VEHICLE,1,668000,Not at intersection,2,100,Arterial Highway,STRZELECKI,LATROBE,-38.280853,146.3207,2020,11,November,15,Afternoon Peak,Weekday
T20200020563,2020-11-19,15:32:00,2,Struck Pedestrian,4,Thursday,102,FAR SIDE. PED HIT BY VEHICLE FROM THE LEFT,1,667781,T intersection,1,60,Arterial Highway,BELL,BANYULE,-37.750187,145.04239,2020,11,November,15,Afternoon Peak,Weekday
T20200020620,2020-11-20,11:45:00,1,Collision with vehicle,5,Friday,130,REAR END(VEHICLES IN SAME LANE),1,679116,Cross intersection,2,80,Arterial Other,FERNTREE GULLY,KNOX,-37.891846,145.25793,2020,11,November,11,Midday,Weekday
T20200020889,2020-11-20,18:05:00,1,Collision with vehicle,5,Friday,132,RIGHT REAR.,1,668916,Not at intersection,2,50,Local Road,CAMDEN,GEELONG,-38.154896,144.32933,2020,11,November,18,Afternoon Peak,Weekday
T20200020677,2020-11-20,22:09:00,1,Collision with vehicle,5,Friday,120,HEAD ON (NOT OVERTAKING),3,674029,Not at intersection,2,70,Local Road,SNEYDES,WYNDHAM,-37.90022,144.75342,2020,11,November,22,Night,Weekday
T20200020674,2020-11-20,18:35:00,1,Collision with vehicle,5,Friday,130,REAR END(VEHICLES IN SAME LANE),1,667925,Not at intersection,3,100,Freeway,MONASH,CASEY,-37.995308,145.26604,2020,11,November,18,Afternoon Peak,Weekday
T20200020679,2020-11-20,20:30:00,1,Collision with vehicle,5,Friday,113,RIGHT NEAR (INTERSECTIONS ONLY),2,42608,T intersection,3,80,Arterial Highway,WELLINGTON,MONASH,-37.923126,145.19548,2020,11,November,20,Night,Weekday
T20200020728,2020-11-20,15:19:00,1,Collision with vehicle,5,Friday,130,REAR END(VEHICLES IN SAME LANE),1,668122,Not at intersection,2,60,Arterial Highway,SPRINGVALE,KINGSTON,-38.022087,145.1366,2020,11,November,15,Afternoon Peak,Weekday
T20200021194,2020-11-20,18:00:00,1,Collision with vehicle,5,Friday,121,RIGHT THROUGH,1,45557,Cross intersection,3,60,Arterial Other,BRUNSWICK,MORELAND,-37.775276,144.94531,2020,11,November,18,Afternoon Peak,Weekday
T20200021157,2020-11-20,10:55:00,1,Collision with vehicle,5,Friday,147,VEHICLE STRIKES ANOTHER VEH WHILE EMERGING FROM DRIVEWAY,1,672780,Not at intersection,2,60,Arterial Other,ST KILDA,BAYSIDE,-37.906715,144.98787,2020,11,November,10,Midday,Weekday
T20210004779,2020-11-20,13:30:00,8,No collision and no object struck,5,Friday,199,UNKNOWN-NO DETAILS ON MANOEUVRES OF ROAD-USERS IN ACCIDENT,1,29372,Cross intersection,3,60,Arterial Highway,RACECOURSE,MELBOURNE,-37.789406,144.94217,2020,11,November,13,Midday,Weekday
T20200020638,2020-11-20,14:00:00,1,Collision with vehicle,5,Friday,140,U TURN,1,671460,Not at intersection,3,60,Local Road,MELTON VALLEY,MELTON,-37.68279,144.59814,2020,11,November,14,Midday,Weekday
T20200020584,2020-11-20,01:58:00,1,Collision with vehicle,5,Friday,139,OTHER SAME DIRECTION-MANOUEVRES NOT INCLUDED IN DCAs 130-137,6,692393,Not at intersection,2,50,Local Road,SOMERSET,HUME,-37.67846,144.95825,2020,11,November,1,Late Night,Weekday
T20200021342,2020-11-20,19:00:00,8,No collision and no object struck,5,Friday,174,OUT OF CONTROL ON CARRIAGEWAY (ON STRAIGHT),2,669055,T intersection,2,50,Local Road,BEENAK EAST,CARDINIA,-37.955505,145.56754,2020,11,November,19,Night,Weekday
T20200020655,2020-11-20,16:03:00,6,Vehicle overturned (no collision),5,Friday,174,OUT OF CONTROL ON CARRIAGEWAY (ON STRAIGHT),1,681293,Not at intersection,2,100,Freeway,HUME,HUME,-37.585487,144.94481,2020,11,November,16,Afternoon Peak,Weekday
T20200020656,2020-11-20,18:15:00,1,Collision with vehicle,5,Friday,148,VEHICLE OFF FOOTPATH STRIKES VEH ON CARRIAGEWAY,1,51040,Cross intersection,3,50,Arterial Highway,WYNDHAM,SHEPPARTON,-36.379063,145.39973,2020,11,November,18,Afternoon Peak,Weekday
T20200020850,2020-11-20,12:00:00,1,Collision with vehicle,5,Friday,140,U TURN,1,729776,Not at intersection,2,60,Arterial Highway,NEPEAN,FRANKSTON,-38.1053,145.12585,2020,11,November,12,Midday,Weekday
T20200020678,2020-11-20,22:15:00,1,Collision with vehicle,5,Friday,121,RIGHT THROUGH,3,38139,Cross intersection,3,50,Local Road,BANKSIA,BANYULE,-37.757084,145.04497,2020,11,November,22,Night,Weekday
T20200020586,2020-11-20,06:40:00,1,Collision with vehicle,5,Friday,147,VEHICLE STRIKES ANOTHER VEH WHILE EMERGING FROM DRIVEWAY,1,187793,Not at intersection,3,70,Arterial Other,COOPER,WHITTLESEA,-37.651184,145.01591,2020,11,November,6,Morning Peak,Weekday
T20200020658,2020-11-20,17:45:00,1,Collision with vehicle,5,Friday,130,REAR END(VEHICLES IN SAME LANE),1,48055,T intersection,3,70,Arterial Highway,PLENTY,DAREBIN,-37.711605,145.0479,2020,11,November,17,Afternoon Peak,Weekday
T20200021174,2020-11-20,06:30:00,6,Vehicle overturned (no collision),5,Friday,174,OUT OF CONTROL ON CARRIAGEWAY (ON STRAIGHT),1,668800,Not at intersection,3,80,Arterial Highway,FRANKSTON-DANDENONG,FRANKSTON,-38.094357,145.1767,2020,11,November,6,Morning Peak,Weekday
T20200020659,2020-11-20,16:57:00,2,Struck Pedestrian,5,Friday,108,PED STRUCK WALKING TO/FROM OR BOARDING/ALIGHTING VEHICLE.,1,687910,Not at intersection,3,100,Arterial Other,BROWN COALMINE,LATROBE,-38.162174,146.40053,2020,11,November,16,Afternoon Peak,Weekday
T20200021064,2020-11-20,17:45:00,1,Collision with vehicle,5,Friday,130,REAR END(VEHICLES IN SAME LANE),1,668514,Cross intersection,3,80,Arterial Highway,STUD,KNOX,-37.927944,145.23317,2020,11,November,17,Afternoon Peak,Weekday
T20200020681,2020-11-20,21:30:00,6,Vehicle overturned (no collision),5,Friday,174,OUT OF CONTROL ON CARRIAGEWAY (ON STRAIGHT),5,671768,Not at intersection,2,40,Local Road,MURRABIT WEST,GANNAWARRA,-35.500423,143.87044,2020,11,November,21,Night,Weekday
T20200020657,2020-11-20,17:15:00,4,Collision with a fixed object,5,Friday,146,REVERSING INTO FIXED OBJECT/PARKED VEHICLE,1,673667,Not at intersection,3,50,Local Road,FRANKLIN,MANNINGHAM,-37.789696,145.15732,2020,11,November,17,Afternoon Peak,Weekday
T20200020602,2020-11-20,08:27:00,1,Collision with vehicle,5,Friday,148,VEHICLE OFF FOOTPATH STRIKES VEH ON CARRIAGEWAY,1,667921,Cross intersection,3,80,Local Road,MARRIOT,CASEY,-38.078884,145.25117,2020,11,November,8,Morning Peak,Weekday
T20200020597,2020-11-20,09:06:00,1,Collision with vehicle,5,Friday,130,REAR END(VEHICLES IN SAME LANE),1,672773,Not at intersection,3,50,Arterial Highway,MCIVOR,BENDIGO,-36.75805,144.28882,2020,11,November,9,Morning Peak,Weekday
T20200020595,2020-11-20,08:13:00,1,Collision with vehicle,5,Friday,111,RIGHT FAR (INTERSECTIONS ONLY),1,56842,Cross intersection,2,50,Arterial Other,SCENIC,GEELONG,-38.161564,144.31117,2020,11,November,8,Morning Peak,Weekday
T20200020590,2020-11-20,06:35:00,1,Collision with vehicle,5,Friday,160,VEHICLE COLLIDES WITH VEHICLE PARKED ON LEFT OF ROAD,1,667833,Not at intersection,3,50,Local Road,ESPLANADE,HOBSONS BAY,-37.8712,144.83769,2020,11,November,6,Morning Peak,Weekday
T20210002857,2020-11-20,16:00:00,1,Collision with vehicle,5,Friday,135,LANE CHANGE LEFT (NOT OVERTAKING),9,675267,Not at intersection,3,60,Arterial Other,NICHOLSON,MORELAND,-37.755222,144.9754,2020,11,November,16,Afternoon Peak,Weekday
T20200020661,2020-11-20,15:31:00,1,Collision with vehicle,5,Friday,121,RIGHT THROUGH,1,41767,T intersection,2,70,Arterial Other,FERNTREE GULLY,MONASH,-37.90198,145.14919,2020,11,November,15,Afternoon Peak,Weekday
T20200020640,2020-11-20,14:20:00,4,Collision with a fixed object,5,Friday,171,LEFT OFF CARRIAGEWAY INTO OBJECT/PARKED VEHICLE,1,691151,Not at intersection,3,100,Arterial Other,STAWELL-AVOCA,NORTHERN GRAMPIANS,-36.898937,143.06242,2020,11,November,14,Midday,Weekday
T20200020664,2020-11-20,18:45:00,1,Collision with vehicle,5,Friday,110,CROSS TRAFFIC(INTERSECTIONS ONLY),1,43341,Cross intersection,3,40,Local Road,GLADESVILLE,KINGSTON,-38.070744,145.14569,2020,11,November,18,Afternoon Peak,Weekday
T20200020665,2020-11-20,18:27:00,5,collision with some other object,5,Friday,173,RIGHT OFF CARRIAGEWAY INTO OBJECT/PARKED VEHICLE,1,669946,Not at intersection,2,80,Local Road,WALKENHORST,SOUTHERN GRAMPIANS,-37.76475,142.10289,2020,11,November,18,Afternoon Peak,Weekday
T20200020757,2020-11-20,06:15:00,1,Collision with vehicle,5,Friday,133,LANE SIDE SWIPE (VEHICLES IN PARALLEL LANES),1,668123,Not at intersection,2,80,Arterial Other,THOMPSONS,CASEY,-38.081398,145.26965,2020,11,November,6,Morning Peak,Weekday
T20200020641,2020-11-20,14:18:00,1,Collision with vehicle,5,Friday,113,RIGHT NEAR (INTERSECTIONS ONLY),1,289627,T intersection,3,60,Arterial Other,STATION,BRIMBANK,-37.777058,144.77385,2020,11,November,14,Midday,Weekday
T20200020666,2020-11-20,15:15:00,1,Collision with vehicle,5,Friday,130,REAR END(VEHICLES IN SAME LANE),1,667923,Not at intersection,2,80,Arterial Other,CRANBOURNE,CASEY,-38.054516,145.30118,2020,11,November,15,Afternoon Peak,Weekday
T20200020913,2020-11-20,11:45:00,4,Collision with a fixed object,5,Friday,179,OTHER ACCIDENTS-OFF STRAIGHT NOT INCLUDED IN DCAs 170-175,1,668308,Not at intersection,2,50,Local Road,ELIZABETH,MELBOURNE,-37.810986,144.96167,2020,11,November,11,Midday,Weekday
T20200020669,2020-11-20,18:45:00,1,Collision with vehicle,5,Friday,130,REAR END(VEHICLES IN SAME LANE),1,667924,Not at intersection,3,80,Freeway,PRINCES,CASEY,-38.028477,145.32141,2020,11,November,18,Afternoon Peak,Weekday
T20200020645,2020-11-20,14:30:00,6,Vehicle overturned (no collision),5,Friday,182,OFF CARRIAGEWAY ON LEFT BEND,1,670387,Not at intersection,2,100,Arterial Other,PITFIELD-SCARSDALE,GOLDEN PLAINS,-37.81227,143.59657,2020,11,November,14,Midday,Weekday
T20200020912,2020-11-20,17:30:00,3,Struck animal,5,Friday,167,STRUCK ANIMAL,1,668394,Not at intersection,3,80,Local Road,BROAD GULLY,NILLUMBIK,-37.639694,145.16466,2020,11,November,17,Afternoon Peak,Weekday
T20200020587,2020-11-20,06:30:00,1,Collision with vehicle,5,Friday,110,CROSS TRAFFIC(INTERSECTIONS ONLY),1,45041,Cross intersection,2,60,Arterial Other,SHAKESPEARE STREET -TRARALGON CREEK,LATROBE,-38.201504,146.54456,2020,11,November,6,Morning Peak,Weekday
T20200020647,2020-11-20,14:55:00,1,Collision with vehicle,5,Friday,111,RIGHT FAR (INTERSECTIONS ONLY),1,231052,T intersection,2,80,Arterial Highway,CHELTENHAM,DANDENONG,-37.993587,145.16846,2020,11,November,14,Midday,Weekday
T20200020648,2020-11-20,16:24:00,1,Collision with vehicle,5,Friday,130,REAR END(VEHICLES IN SAME LANE),1,673838,Not at intersection,2,80,Arterial Highway,DANDENONG-HASTINGS,DANDENONG,-38.05534,145.24365,2020,11,November,16,Afternoon Peak,Weekday
T20200021610,2020-11-20,17:29:00,1,Collision with vehicle,5,Friday,143,ENTERING PARKING,1,783850,Not at intersection,3,50,Local Road,KIRTAIN,MAROONDAH,-37.78494,145.26926,2020,11,November,17,Afternoon Peak,Weekday
T20200020676,2020-11-20,13:57:00,1,Collision with vehicle,5,Friday,135,LANE CHANGE LEFT (NOT OVERTAKING),1,668003,Not at intersection,2,60,Arterial Other,WILLIAMS,STONNINGTON,-37.836575,145.00548,2020,11,November,13,Midday,Weekday
T20200020795,2020-11-20,16:45:00,1,Collision with vehicle,5,Friday,130,REAR END(VEHICLES IN SAME LANE),1,331282,Not at intersection,3,50,Local Road,SHELL,GEELONG,-38.2583,144.54156,2020,11,November,16,Afternoon Peak,Weekday
T20200020636,2020-11-20,10:27:00,1,Collision with vehicle,5,Friday,120,HEAD ON (NOT OVERTAKING),1,670429,Not at intersection,2,60,Local Road,MILLER,WHITTLESEA,-37.649418,145.01965,2020,11,November,10,Midday,Weekday
T20200020651,2020-11-20,16:15:00,1,Collision with vehicle,5,Friday,113,RIGHT NEAR (INTERSECTIONS ONLY),1,42818,Cross intersection,2,50,Arterial Other,CENTRE DANDENONG,KINGSTON,-37.96872,145.08267,2020,11,November,16,Afternoon Peak,Weekday
T20200020632,2020-11-20,12:20:00,4,Collision with a fixed object,5,Friday,179,OTHER ACCIDENTS-OFF STRAIGHT NOT INCLUDED IN DCAs 170-175,1,773277,Not at intersection,3,70,Arterial Other,MANNINGHAM,MANNINGHAM,-37.77242,145.1052,2020,11,November,12,Midday,Weekday
T20200020654,2020-11-20,14:30:00,1,Collision with vehicle,5,Friday,135,LANE CHANGE LEFT (NOT OVERTAKING),1,670756,Not at intersection,2,70,Arterial Other,COOPER,WHITTLESEA,-37.651302,145.01723,2020,11,November,14,Midday,Weekday
T20200020627,2020-11-20,12:15:00,1,Collision with vehicle,5,Friday,113,RIGHT NEAR (INTERSECTIONS ONLY),1,57599,T intersection,2,50,Arterial Other,BLUFF,BAYSIDE,-37.975494,145.01591,2020,11,November,12,Midday,Weekday
T20200020626,2020-11-20,15:41:00,1,Collision with vehicle,5,Friday,142,LEAVING PARKING,1,672672,Not at intersection,3,40,Local Road,PINDARI,WHITTLESEA,-37.65725,145.05191,2020,11,November,15,Afternoon Peak,Weekday
T20200020625,2020-11-20,09:40:00,1,Collision with vehicle,5,Friday,131,LEFT REAR,1,22688,T intersection,2,80,Arterial Other,DAYLESFORD-MALMSBURY,HEPBURN,-37.282913,144.28827,2020,11,November,9,Morning Peak,Weekday
T20200020621,2020-11-20,08:35:00,1,Collision with vehicle,5,Friday,130,REAR END(VEHICLES IN SAME LANE),1,669332,Not at intersection,3,70,Arterial Other,YAN YEAN,NILLUMBIK,-37.617085,145.13629,2020,11,November,8,Morning Peak,Weekday
T20200022382,2020-11-20,18:10:00,1,Collision with vehicle,5,Friday,130,REAR END(VEHICLES IN SAME LANE),1,670827,Cross intersection,3,60,Arterial Other,SCORESBY,KNOX,-37.89169,145.2577,2020,11,November,18,Afternoon Peak,Weekday
T20200020744,2020-11-21,17:20:00,4,Collision with a fixed object,6,Saturday,171,LEFT OFF CARRIAGEWAY INTO OBJECT/PARKED VEHICLE,1,672859,Not at intersection,3,100,Local Road,SIMMIE,CAMPASPE,-36.120712,144.81364,2020,11,November,17,Afternoon Peak,Weekend
T20200020751,2020-11-21,05:43:00,4,Collision with a fixed object,6,Saturday,171,LEFT OFF CARRIAGEWAY INTO OBJECT/PARKED VEHICLE,1,673097,Not at intersection,3,100,Freeway,PRINCES,WYNDHAM,-37.95558,144.58131,2020,11,November,5,Morning Peak,Weekend
T20200020745,2020-11-21,19:05:00,1,Collision with vehicle,6,Saturday,130,REAR END(VEHICLES IN SAME LANE),1,668005,Not at intersection,2,60,Arterial Other,BARRY,HUME,-37.664043,144.92432,2020,11,November,19,Night,Weekend
T20200020753,2020-11-21,00:07:00,4,Collision with a fixed object,6,Saturday,171,LEFT OFF CARRIAGEWAY INTO OBJECT/PARKED VEHICLE,5,673094,Not at intersection,2,100,Arterial Other,ARARAT-HALLS GAP,ARARAT,-37.29156,142.89162,2020,11,November,0,Late Night,Weekend
T20200021040,2020-11-21,13:30:00,1,Collision with vehicle,6,Saturday,130,REAR END(VEHICLES IN SAME LANE),1,61112,Cross intersection,3,60,Arterial Other,EPPING,WHITTLESEA,-37.62839,145.02788,2020,11,November,13,Midday,Weekend
T20200020762,2020-11-21,15:14:00,1,Collision with vehicle,6,Saturday,133,LANE SIDE SWIPE (VEHICLES IN PARALLEL LANES),1,670333,Not at intersection,3,70,Arterial Highway,PLENTY,DAREBIN,-37.72046,145.03607,2020,11,November,15,Afternoon Peak,Weekend
T20200020853,2020-11-21,21:15:00,1,Collision with vehicle,6,Saturday,140,U TURN,3,672860,Not at intersection,3,60,Arterial Other,HIGH,BOROONDARA,-37.805183,145.03525,2020,11,November,21,Night,Weekend
T20200021410,2020-11-21,09:45:00,1,Collision with vehicle,6,Saturday,130,REAR END(VEHICLES IN SAME LANE),1,682338,Not at intersection,3,80,Arterial Other,THOMPSONS,CASEY,-38.07998,145.25801,2020,11,November,9,Morning Peak,Weekend
T20200020788,2020-11-21,14:30:00,2,Struck Pedestrian,6,Saturday,100,PED NEAR SIDE. PED HIT BY VEHICLE FROM THE RIGHT.,1,37913,Cross intersection,3,50,Local Road,CUNNINGHAM,DAREBIN,-37.781822,144.99373,2020,11,November,14,Midday,Weekend
T20200020730,2020-11-21,14:12:00,1,Collision with vehicle,6,Saturday,134,LANE CHANGE RIGHT (NOT OVERTAKING),1,668258,Not at intersection,3,60,Local Road,THOMAS BRUNTON,HUME,-37.634705,144.92944,2020,11,November,14,Midday,Weekend
T20200021947,2020-11-21,07:00:00,1,Collision with vehicle,6,Saturday,130,REAR END(VEHICLES IN SAME LANE),1,773325,Not at intersection,3,100,Arterial Other,BUFFALO RIVER,ALPINE,-36.628563,146.69029,2020,11,November,7,Morning Peak,Weekend
T20200020999,2020-11-21,12:36:00,1,Collision with vehicle,6,Saturday,140,U TURN,1,668399,Not at intersection,3,40,Arterial Other,CRAIGIEBURN,HUME,-37.59667,144.92035,2020,11,November,12,Midday,Weekend
T20200020735,2020-11-21,16:00:00,4,Collision with a fixed object,6,Saturday,173,RIGHT OFF CARRIAGEWAY INTO OBJECT/PARKED VEHICLE,1,682402,Not at intersection,2,100,Local Road,COBB AND CO,MACEDON RANGES,-37.300858,144.5138,2020,11,November,16,Afternoon Peak,Weekend
T20200020688,2020-11-21,04:00:00,4,Collision with a fixed object,6,Saturday,171,LEFT OFF CARRIAGEWAY INTO OBJECT/PARKED VEHICLE,3,672861,Not at intersection,3,50,Local Road,YARROWEE,BALLARAT,-37.577545,143.8468,2020,11,November,4,Late Night,Weekend
T20200020692,2020-11-21,06:45:00,1,Collision with vehicle,6,Saturday,113,RIGHT NEAR (INTERSECTIONS ONLY),1,50178,Cross intersection,2,60,Arterial Other,BARWON HEADS,GEELONG,-38.1808,144.35396,2020,11,November,6,Morning Peak,Weekend
T20200020695,2020-11-21,09:11:00,1,Collision with vehicle,6,Saturday,133,LANE SIDE SWIPE (VEHICLES IN PARALLEL LANES),1,669049,Not at intersection,2,80,Arterial Other,BORONIA,KNOX,-37.858414,145.26085,2020,11,November,9,Morning Peak,Weekend
T20200020736,2020-11-21,11:00:00,1,Collision with vehicle,6,Saturday,163,VEHICLE STRIKES DOOR OF PARKED/STATIONARY VEHICLE,1,668914,Not at intersection,3,60,Arterial Other,VICTORIA,YARRA,-37.810535,145.00035,2020,11,November,11,Midday,Weekend
T20210021139,2020-11-21,00:00:00,2,Struck Pedestrian,6,Saturday,105,PED WALKING AGAINST TRAFFIC.,3,699571,Not at intersection,3,50,Local Road,WAKEHAM,NORTHERN GRAMPIANS,-37.06,142.77298,2020,11,November,0,Late Night,Weekend
T20200021026,2020-11-21,10:00:00,6,Vehicle overturned (no collision),6,Saturday,174,OUT OF CONTROL ON CARRIAGEWAY (ON STRAIGHT),1,673098,Not at intersection,3,100,Local Road,MAIN MOUNTAIN,MITCHELL,-37.307846,145.1203,2020,11,November,10,Midday,Weekend
T20200020702,2020-11-21,10:30:00,1,Collision with vehicle,6,Saturday,121,RIGHT THROUGH,1,277083,T intersection,2,80,Arterial Other,KELLETTS,KNOX,-37.925026,145.28543,2020,11,November,10,Midday,Weekend
T20200020704,2020-11-21,05:52:00,1,Collision with vehicle,6,Saturday,111,RIGHT FAR (INTERSECTIONS ONLY),1,669245,Cross intersection,3,80,Arterial Other,PRINCES,CARDINIA,-38.061916,145.4552,2020,11,November,5,Morning Peak,Weekend
T20200020706,2020-11-21,07:10:00,1,Collision with vehicle,6,Saturday,130,REAR END(VEHICLES IN SAME LANE),1,667927,Not at intersection,2,80,Arterial Highway,BURWOOD,KNOX,-37.87934,145.26743,2020,11,November,7,Morning Peak,Weekend
T20200020707,2020-11-21,10:30:00,1,Collision with vehicle,6,Saturday,110,CROSS TRAFFIC(INTERSECTIONS ONLY),1,61114,Cross intersection,2,80,Arterial Other,MICKLEHAM,HUME,-37.628723,144.88261,2020,11,November,10,Midday,Weekend
T20200020710,2020-11-21,11:30:00,4,Collision with a fixed object,6,Saturday,181,OFF RIGHT BEND INTO OBJECT/PARKED VEHICLE,1,669246,Not at intersection,2,80,Arterial Highway,GREAT ALPINE,ALPINE,-36.922085,147.04976,2020,11,November,11,Midday,Weekend
T20200020712,2020-11-21,11:20:00,1,Collision with vehicle,6,Saturday,152,PULLING OUT (OVERTAKING),1,691519,Not at intersection,2,100,Arterial Highway,GREAT ALPINE,EAST GIPPSLAND,-37.795776,147.66698,2020,11,November,11,Midday,Weekend
T20200020716,2020-11-21,13:30:00,1,Collision with vehicle,6,Saturday,132,RIGHT REAR.,1,668617,T intersection,2,60,Local Road,RESERVE,GEELONG,-38.207806,144.36584,2020,11,November,13,Midday,Weekend
T20200020721,2020-11-21,11:30:00,8,No collision and no object struck,6,Saturday,184,OUT OF CONTROL ON CARRIAGEWAY (ON BEND),1,672775,Not at intersection,2,80,Local Road,LATROBE RIVER,BAW BAW,-37.996044,146.04181,2020,11,November,11,Midday,Weekend
T20200020723,2020-11-21,13:32:00,1,Collision with vehicle,6,Saturday,110,CROSS TRAFFIC(INTERSECTIONS ONLY),1,35546,Cross intersection,3,80,Arterial Highway,DANDENONG,STONNINGTON,-37.88389,145.05807,2020,11,November,13,Midday,Weekend
T20200020726,2020-11-21,14:18:00,1,Collision with vehicle,6,Saturday,130,REAR END(VEHICLES IN SAME LANE),1,45252,T intersection,3,70,Arterial Other,CAMP,HUME,-37.68848,144.94731,2020,11,November,14,Midday,Weekend
T20200022294,2020-11-21,13:20:00,1,Collision with vehicle,6,Saturday,121,RIGHT THROUGH,1,41095,T intersection,3,60,Arterial Other,ORMOND,PORT PHILLIP,-37.88658,144.98314,2020,11,November,13,Midday,Weekend
T20200020891,2020-11-21,02:00:00,2,Struck Pedestrian,6,Saturday,105,PED WALKING AGAINST TRAFFIC.,3,670991,Not at intersection,2,50,Local Road,PARK,BENDIGO,-36.75471,144.28178,2020,11,November,2,Late Night,Weekend
T20200020921,2020-11-21,11:20:00,1,Collision with vehicle,6,Saturday,119,OTHER ADJACENT (INTERSECTIONS ONLY),1,661785,T intersection,2,80,Arterial Highway,PRINCES,CASEY,-38.019535,145.29713,2020,11,November,11,Midday,Weekend
T20200021472,2020-11-21,02:00:00,2,Struck Pedestrian,6,Saturday,105,PED WALKING AGAINST TRAFFIC.,6,668934,Not at intersection,3,50,Local Road,PARK,BENDIGO,-36.75421,144.28136,2020,11,November,2,Late Night,Weekend
T20210000726,2020-11-21,20:40:00,4,Collision with a fixed object,6,Saturday,171,LEFT OFF CARRIAGEWAY INTO OBJECT/PARKED VEHICLE,5,672631,Not at intersection,3,60,Local Road,WOORALLA,MORNINGTON PENINSULA,-38.213993,145.09177,2020,11,November,20,Night,Weekend
T20200022399,2020-11-21,17:35:00,1,Collision with vehicle,6,Saturday,140,U TURN,1,672776,Not at intersection,3,50,Local Road,PERCY,GLENELG,-38.343254,141.60388,2020,11,November,17,Afternoon Peak,Weekend
T20200021419,2020-11-21,12:30:00,4,Collision with a fixed object,6,Saturday,183,OFF LEFT BEND INTO OBJECT/PARKED VEHICLE,1,669059,Not at intersection,3,100,Local Road,PINE,MURRINDINDI,-37.380608,145.82193,2020,11,November,12,Midday,Weekend
T20200020740,2020-11-21,16:08:00,4,Collision with a fixed object,6,Saturday,175,OFF END OF ROAD/T-INTERSECTION.,1,671964,Dead end,3,50,Local Road,FACEY,CASEY,-38.008865,145.30945,2020,11,November,16,Afternoon Peak,Weekend
T20200020747,2020-11-21,20:50:00,1,Collision with vehicle,6,Saturday,110,CROSS TRAFFIC(INTERSECTIONS ONLY),3,668702,Cross intersection,2,70,Local Road,ROSENEATH,YARRA,-37.792404,144.9945,2020,11,November,20,Night,Weekend
T20200020987,2020-11-22,05:50:00,1,Collision with vehicle,7,Sunday,121,RIGHT THROUGH,2,672612,T intersection,3,80,Arterial Highway,PRINCES,DANDENONG,-38.00314,145.24712,2020,11,November,5,Morning Peak,Weekend
T20200020783,2020-11-22,16:22:00,4,Collision with a fixed object,7,Sunday,181,OFF RIGHT BEND INTO OBJECT/PARKED VEHICLE,1,668390,Not at intersection,2,60,Local Road,WRIGHT,CENTRAL GOLDFIELDS,-37.059635,143.75728,2020,11,November,16,Afternoon Peak,Weekend
T20200020787,2020-11-22,14:05:00,1,Collision with vehicle,7,Sunday,142,LEAVING PARKING,1,670578,Not at intersection,3,40,Local Road,LONSDALE,MELBOURNE,-37.81422,144.95555,2020,11,November,14,Midday,Weekend