ACCIDENT_NO,ACCIDENT_DATE,ACCIDENT_TIME,ACCIDENT_TYPE,ACCIDENT_TYPE_DESC,DAY_OF_WEEK,DAY_WEEK_DESC,DCA_CODE,DCA_DESC,LIGHT_CONDITION,NODE_ID,ROAD_GEOMETRY_DESC,SEVERITY,SPEED_ZONE,RMA,ROAD_NAME,LGA_NAME,LATITUDE,LONGITUDE,YEAR,MONTH,MONTH_NAME,HOUR,TIME_PERIOD,DAY_TYPE
T20200020786,2020-11-22,17:16:00,6,Vehicle overturned (no collision),7,Sunday,174,OUT OF CONTROL ON CARRIAGEWAY (ON STRAIGHT),1,668127,Not at intersection,3,40,Arterial Other,HIGH,STONNINGTON,-37.85722,145.03386,2020,11,November,17,Afternoon Peak,Weekend
T20200020928,2020-11-22,12:15:00,1,Collision with vehicle,7,Sunday,131,LEFT REAR,1,668266,T intersection,3,60,Local Road,WIRRAWAY,LATROBE,-38.17882,146.25435,2020,11,November,12,Midday,Weekend
T20200022197,2020-11-22,12:15:00,1,Collision with vehicle,7,Sunday,130,REAR END(VEHICLES IN SAME LANE),1,42830,T intersection,3,60,Arterial Highway,BELL,MORELAND,-37.740826,144.96147,2020,11,November,12,Midday,Weekend
T20200020803,2020-11-22,19:00:00,4,Collision with a fixed object,7,Sunday,173,RIGHT OFF CARRIAGEWAY INTO OBJECT/PARKED VEHICLE,2,668505,Not at intersection,2,80,Local Road,CREAMERY,GEELONG,-38.09782,144.30956,2020,11,November,19,Night,Weekend
T20200020846,2020-11-22,11:20:00,1,Collision with vehicle,7,Sunday,132,RIGHT REAR.,1,670572,Not at intersection,3,50,Arterial Other,HEATHS,WYNDHAM,-37.877308,144.67998,2020,11,November,11,Midday,Weekend
T20200020785,2020-11-22,16:00:00,1,Collision with vehicle,7,Sunday,119,OTHER ADJACENT (INTERSECTIONS ONLY),1,704334,T intersection,3,50,Local Road,BLUE JAY,WYNDHAM,-37.832775,144.67151,2020,11,November,16,Afternoon Peak,Weekend
T20200023316,2020-11-22,12:00:00,1,Collision with vehicle,7,Sunday,121,RIGHT THROUGH,1,671381,T intersection,2,70,Local Road,MELBOURNE,MORNINGTON PENINSULA,-38.37847,144.78316,2020,11,November,12,Midday,Weekend
T20200020860,2020-11-22,18:30:00,6,Vehicle overturned (no collision),7,Sunday,174,OUT OF CONTROL ON CARRIAGEWAY (ON STRAIGHT),9,668393,T intersection,3,50,Local Road,BARKLY,MORELAND,-37.77731,144.97145,2020,11,November,18,Afternoon Peak,Weekend
T20200021766,2020-11-22,17:26:00,1,Collision with vehicle,7,Sunday,160,VEHICLE COLLIDES WITH VEHICLE PARKED ON LEFT OF ROAD,1,669352,Not at intersection,3,50,Local Road,NAPIER,MOONEE VALLEY,-37.747204,144.92194,2020,11,November,17,Afternoon Peak,Weekend
T20200020801,2020-11-22,18:56:00,6,Vehicle overturned (no collision),7,Sunday,174,OUT OF CONTROL ON CARRIAGEWAY (ON STRAIGHT),1,676727,Not at intersection,2,60,Local Road,EASTBOURNE,MORNINGTON PENINSULA,-38.36772,144.89995,2020,11,November,18,Afternoon Peak,Weekend
T20200020798,2020-11-22,17:36:00,6,Vehicle overturned (no collision),7,Sunday,174,OUT OF CONTROL ON CARRIAGEWAY (ON STRAIGHT),1,671843,T intersection,3,50,Local Road,MCCONNELL,HUME,-37.630978,144.93532,2020,11,November,17,Afternoon Peak,Weekend
T20200020776,2020-11-22,14:18:00,1,Collision with vehicle,7,Sunday,110,CROSS TRAFFIC(INTERSECTIONS ONLY),1,668126,Cross intersection,2,60,Local Road,RUBY,DAREBIN,-37.741943,145.01656,2020,11,November,14,Midday,Weekend
T20200020797,2020-11-22,19:15:00,8,No collision and no object struck,7,Sunday,180,OFF CARRIAGEWAY ON RIGHT BEND,2,668391,Not at intersection,3,100,Arterial Highway,WESTERN,HORSHAM,-36.926575,142.53038,2020,11,November,19,Night,Weekend
T20200020819,2020-11-22,12:45:00,4,Collision with a fixed object,7,Sunday,183,OFF LEFT BEND INTO OBJECT/PARKED VEHICLE,1,669247,Not at intersection,2,70,Arterial Other,PAKENHAM,CARDINIA,-38.026447,145.49985,2020,11,November,12,Midday,Weekend
T20200020782,2020-11-22,15:30:00,8,No collision and no object struck,7,Sunday,172,OFF CARRIAGEWAY TO RIGHT,1,687582,Not at intersection,2,60,Arterial Other,DONNYBROOK,HUME,-37.537865,144.92465,2020,11,November,15,Afternoon Peak,Weekend
T20200020826,2020-11-22,18:37:00,1,Collision with vehicle,7,Sunday,121,RIGHT THROUGH,1,38885,Cross intersection,3,60,Arterial Other,DENMARK STREET -POWER,BOROONDARA,-37.81365,145.02788,2020,11,November,18,Afternoon Peak,Weekend
T20200021045,2020-11-22,18:00:00,1,Collision with vehicle,7,Sunday,140,U TURN,2,668620,Not at intersection,3,50,Arterial Other,YARRA,BOROONDARA,-37.80208,145.01009,2020,11,November,18,Afternoon Peak,Weekend
T20200022081,2020-11-22,14:45:00,5,collision with some other object,7,Sunday,166,STRUCK OBJECT ON CARRIAGEWAY,1,670826,Not at intersection,3,100,Arterial Other,MANSFIELD-WHITFIELD,WANGARATTA,-36.85774,146.32944,2020,11,November,14,Midday,Weekend
T20200020793,2020-11-22,18:46:00,1,Collision with vehicle,7,Sunday,130,REAR END(VEHICLES IN SAME LANE),1,673921,Not at intersection,3,60,Arterial Other,DONCASTER,MANNINGHAM,-37.787025,145.14388,2020,11,November,18,Afternoon Peak,Weekend
T20200020790,2020-11-22,14:21:00,1,Collision with vehicle,7,Sunday,110,CROSS TRAFFIC(INTERSECTIONS ONLY),1,43631,Cross intersection,3,80,Arterial Highway,PRINCES,CASEY,-38.026066,145.30669,2020,11,November,14,Midday,Weekend
T20200020815,2020-11-22,14:39:00,1,Collision with vehicle,7,Sunday,130,REAR END(VEHICLES IN SAME LANE),1,668128,T intersection,3,70,Arterial Other,BROADMEADOWS,HUME,-37.68097,144.89267,2020,11,November,14,Midday,Weekend
T20200020774,2020-11-22,13:30:00,1,Collision with vehicle,7,Sunday,119,OTHER ADJACENT (INTERSECTIONS ONLY),1,42305,T intersection,2,50,Arterial Highway,BELL,MORELAND,-37.739323,144.94678,2020,11,November,13,Midday,Weekend
T20200020809,2020-11-22,22:43:00,4,Collision with a fixed object,7,Sunday,173,RIGHT OFF CARRIAGEWAY INTO OBJECT/PARKED VEHICLE,3,670513,Cross intersection,2,70,Local Road,FORSYTH,WYNDHAM,-37.849678,144.73141,2020,11,November,22,Night,Weekend
T20210000695,2020-11-22,16:00:00,4,Collision with a fixed object,7,Sunday,173,RIGHT OFF CARRIAGEWAY INTO OBJECT/PARKED VEHICLE,1,672858,Not at intersection,3,70,Arterial Other,STURT,BALLARAT,-37.546474,143.79745,2020,11,November,16,Afternoon Peak,Weekend
T20200020763,2020-11-22,07:37:00,4,Collision with a fixed object,7,Sunday,173,RIGHT OFF CARRIAGEWAY INTO OBJECT/PARKED VEHICLE,1,667963,Not at intersection,1,50,Local Road,BINDTS,WHITTLESEA,-37.600784,145.04614,2020,11,November,7,Morning Peak,Weekend
T20200020807,2020-11-22,23:20:00,4,Collision with a fixed object,7,Sunday,173,RIGHT OFF CARRIAGEWAY INTO OBJECT/PARKED VEHICLE,5,668006,Multiple intersection,3,100,Freeway,BACCHUS MARSH-GEELONG RING OUT,GEELONG,-38.059513,144.35529,2020,11,November,23,Night,Weekend
T20200020772,2020-11-22,11:15:00,1,Collision with vehicle,7,Sunday,120,HEAD ON (NOT OVERTAKING),1,675701,Not at intersection,2,100,Local Road,TRARALGON CREEK,LATROBE,-38.384956,146.53003,2020,11,November,11,Midday,Weekend
T20200020771,2020-11-22,07:14:00,4,Collision with a fixed object,7,Sunday,171,LEFT OFF CARRIAGEWAY INTO OBJECT/PARKED VEHICLE,1,670577,Not at intersection,3,100,Arterial Highway,SOUTH GIPPSLAND,WELLINGTON,-38.13616,147.0773,2020,11,November,7,Morning Peak,Weekend
T20200020770,2020-11-22,12:10:00,1,Collision with vehicle,7,Sunday,120,HEAD ON (NOT OVERTAKING),1,668125,Not at intersection,2,60,Arterial Other,NICHOLSON,MORELAND,-37.75287,144.97627,2020,11,November,12,Midday,Weekend
T20200020768,2020-11-22,09:59:00,1,Collision with vehicle,7,Sunday,110,CROSS TRAFFIC(INTERSECTIONS ONLY),1,233917,Cross intersection,2,80,Local Road,DAVIS,WYNDHAM,-37.815388,144.65686,2020,11,November,9,Morning Peak,Weekend
T20200020764,2020-11-22,10:10:00,1,Collision with vehicle,7,Sunday,110,CROSS TRAFFIC(INTERSECTIONS ONLY),1,52750,Cross intersection,3,60,Local Road,DOVETON,BALLARAT,-37.528988,143.86118,2020,11,November,10,Midday,Weekend
T20200020958,2020-11-22,09:00:00,1,Collision with vehicle,7,Sunday,129,OTHER OPPOSING MANOEUVRES NOT INCLUDED IN DCAs 120-125.,1,39832,Cross intersection,3,70,Arterial Other,CANTERBURY,YARRA RANGES,-37.818104,145.3168,2020,11,November,9,Morning Peak,Weekend
T20200022135,2020-11-22,19:30:00,1,Collision with vehicle,7,Sunday,130,REAR END(VEHICLES IN SAME LANE),2,670435,T intersection,2,80,Arterial Highway,PRINCES,DANDENONG,-37.941418,145.166,2020,11,November,19,Night,Weekend
T20200020805,2020-11-22,16:09:00,1,Collision with vehicle,7,Sunday,110,CROSS TRAFFIC(INTERSECTIONS ONLY),1,29956,Cross intersection,2,50,Local Road,PRESIDENTS,GEELONG,-38.26786,144.52191,2020,11,November,16,Afternoon Peak,Weekend
T20200020760,2020-11-22,09:00:00,1,Collision with vehicle,7,Sunday,121,RIGHT THROUGH,1,672709,T intersection,2,50,Local Road,GRAND,HUME,-37.56949,144.8926,2020,11,November,9,Morning Peak,Weekend
T20200020792,2020-11-22,18:05:00,1,Collision with vehicle,7,Sunday,121,RIGHT THROUGH,1,36335,Cross intersection,3,60,Arterial Other,CEMETERY,MELBOURNE,-37.79226,144.96838,2020,11,November,18,Afternoon Peak,Weekend
T20200021272,2020-11-22,19:35:00,1,Collision with vehicle,7,Sunday,139,OTHER SAME DIRECTION-MANOUEVRES NOT INCLUDED IN DCAs 130-137,1,669418,Not at intersection,2,100,Freeway,PRINCES,HOBSONS BAY,-37.849384,144.77997,2020,11,November,19,Night,Weekend
T20200020758,2020-11-22,09:30:00,2,Struck Pedestrian,7,Sunday,100,PED NEAR SIDE. PED HIT BY VEHICLE FROM THE RIGHT.,1,668124,Cross intersection,2,40,Local Road,PARK,KINGSTON,-37.965424,145.05579,2020,11,November,9,Morning Peak,Weekend
T20200022244,2020-11-22,11:30:00,6,Vehicle overturned (no collision),7,Sunday,174,OUT OF CONTROL ON CARRIAGEWAY (ON STRAIGHT),9,673277,Not at intersection,3,60,Arterial Other,BELGRAVE-GEMBROOK,CARDINIA,-37.932114,145.4394,2020,11,November,11,Midday,Weekend
T20200020824,2020-11-23,07:56:00,6,Vehicle overturned (no collision),1,Monday,180,OFF CARRIAGEWAY ON RIGHT BEND,1,675702,Not at intersection,2,100,Local Road,LONGERENONG,HORSHAM,-36.686462,142.33151,2020,11,November,7,Morning Peak,Weekday
T20200020830,2020-11-23,08:30:00,1,Collision with vehicle,1,Monday,130,REAR END(VEHICLES IN SAME LANE),1,668129,Not at intersection,3,100,Freeway,HUME,WHITTLESEA,-37.64867,144.99065,2020,11,November,8,Morning Peak,Weekday
T20200020976,2020-11-23,22:10:00,1,Collision with vehicle,1,Monday,121,RIGHT THROUGH,3,50001,Cross intersection,3,60,Arterial Highway,MCKILLOP,GEELONG,-38.155567,144.36542,2020,11,November,22,Night,Weekday
T20200020839,2020-11-23,09:27:00,4,Collision with a fixed object,1,Monday,181,OFF RIGHT BEND INTO OBJECT/PARKED VEHICLE,1,670484,Not at intersection,3,100,Arterial Other,SNOW,WANGARATTA,-36.53418,146.60301,2020,11,November,9,Morning Peak,Weekday
T20200020859,2020-11-23,14:47:00,1,Collision with vehicle,1,Monday,110,CROSS TRAFFIC(INTERSECTIONS ONLY),1,35636,Cross intersection,3,60,Arterial Highway,OVERTON,FRANKSTON,-38.13007,145.13147,2020,11,November,14,Midday,Weekday
T20200020857,2020-11-23,12:18:00,4,Collision with a fixed object,1,Monday,181,OFF RIGHT BEND INTO OBJECT/PARKED VEHICLE,1,669248,Not at intersection,2,80,Local Road,PATERNOSTER,CARDINIA,-37.960915,145.49619,2020,11,November,12,Midday,Weekday
T20200020855,2020-11-23,08:30:00,1,Collision with vehicle,1,Monday,130,REAR END(VEHICLES IN SAME LANE),9,668262,Not at intersection,3,40,Local Road,OGRADYS,MITCHELL,-37.289253,144.98007,2020,11,November,8,Morning Peak,Weekday
T20200020854,2020-11-23,12:30:00,4,Collision with a fixed object,1,Monday,171,LEFT OFF CARRIAGEWAY INTO OBJECT/PARKED VEHICLE,1,251586,Cross intersection,3,60,Local Road,GORDONS,WHITTLESEA,-37.62884,145.07845,2020,11,November,12,Midday,Weekday
T20200020849,2020-11-23,11:50:00,1,Collision with vehicle,1,Monday,113,RIGHT NEAR (INTERSECTIONS ONLY),1,47360,T intersection,3,60,Arterial Other,BLACKBURN,MONASH,-37.86967,145.14888,2020,11,November,11,Midday,Weekday
T20200020848,2020-11-23,18:00:00,8,No collision and no object struck,1,Monday,149,OTHER MANOEUVRING NOT INCLUDED IN DCAs 140-148,1,670579,Multiple intersection,3,40,Arterial Other,GEELONG RING IN-ANGLESEA,GEELONG,-38.216366,144.28647,2020,11,November,18,Afternoon Peak,Weekday
T20200021413,2020-11-23,08:25:00,4,Collision with a fixed object,1,Monday,183,OFF LEFT BEND INTO OBJECT/PARKED VEHICLE,1,162714,Not at intersection,3,60,Local Road,CHANNEL,SHEPPARTON,-36.411034,145.42625,2020,11,November,8,Morning Peak,Weekday
T20200020833,2020-11-23,09:38:00,1,Collision with vehicle,1,Monday,121,RIGHT THROUGH,1,37539,Cross intersection,2,60,Arterial Other,FERRARS,PORT PHILLIP,-37.83998,144.95818,2020,11,November,9,Morning Peak,Weekday
T20200020832,2020-11-23,08:20:00,2,Struck Pedestrian,1,Monday,106,VEH STRIKES PED ON FOOTPATH/MEDIAN/TRAFFIC ISLAND.,1,670514,Not at intersection,2,50,Arterial Other,MOUNT DANDENONG TOURIST ROAD SERVICE,YARRA RANGES,-37.847797,145.3609,2020,11,November,8,Morning Peak,Weekday
T20200020831,2020-11-23,09:55:00,8,No collision and no object struck,1,Monday,174,OUT OF CONTROL ON CARRIAGEWAY (ON STRAIGHT),1,668260,Not at intersection,3,60,Arterial Other,BARKERS,BOROONDARA,-37.81303,145.02269,2020,11,November,9,Morning Peak,Weekday
T20200020877,2020-11-23,15:35:00,1,Collision with vehicle,1,Monday,130,REAR END(VEHICLES IN SAME LANE),1,671613,Not at intersection,2,70,Arterial Highway,BELLARINE,GEELONG,-38.185425,144.44902,2020,11,November,15,Afternoon Peak,Weekday
T20200020876,2020-11-23,18:00:00,1,Collision with vehicle,1,Monday,130,REAR END(VEHICLES IN SAME LANE),1,670515,Not at intersection,2,80,Freeway,WESTERN RING,HUME,-37.691906,144.95816,2020,11,November,18,Afternoon Peak,Weekday
T20200021080,2020-11-23,04:08:00,1,Collision with vehicle,1,Monday,142,LEAVING PARKING,3,729452,Not at intersection,3,60,Arterial Other,BRUNTON,MELBOURNE,-37.823036,144.98846,2020,11,November,4,Late Night,Weekday
T20200020873,2020-11-23,14:39:00,1,Collision with vehicle,1,Monday,133,LANE SIDE SWIPE (VEHICLES IN PARALLEL LANES),1,29967,T intersection,2,80,Arterial Highway,GOULBURN VALLEY,SHEPPARTON,-36.302776,145.43149,2020,11,November,14,Midday,Weekday
T20200020861,2020-11-23,15:22:00,6,Vehicle overturned (no collision),1,Monday,174,OUT OF CONTROL ON CARRIAGEWAY (ON STRAIGHT),1,670485,Not at intersection,3,60,Local Road,FISKEN,MOORABOOL,-37.683887,144.44328,2020,11,November,15,Afternoon Peak,Weekday
T20200020872,2020-11-23,16:20:00,1,Collision with vehicle,1,Monday,113,RIGHT NEAR (INTERSECTIONS ONLY),1,64483,T intersection,2,60,Local Road,FORREST,BRIMBANK,-37.78241,144.79883,2020,11,November,16,Afternoon Peak,Weekday
T20200020871,2020-11-23,13:30:00,1,Collision with vehicle,1,Monday,130,REAR END(VEHICLES IN SAME LANE),1,231516,T intersection,3,80,Arterial Highway,LOWER DANDENONG,KINGSTON,-37.982594,145.07411,2020,11,November,13,Midday,Weekday
T20200020878,2020-11-23,15:30:00,1,Collision with vehicle,1,Monday,130,REAR END(VEHICLES IN SAME LANE),1,675521,Not at intersection,2,80,Freeway,WEST GATE OUT-WEST GATE OUT,MELBOURNE,-37.82706,144.92906,2020,11,November,15,Afternoon Peak,Weekday
T20200020880,2020-11-23,15:55:00,2,Struck Pedestrian,1,Monday,100,PED NEAR SIDE. PED HIT BY VEHICLE FROM THE RIGHT.,1,729777,Cross intersection,3,50,Local Road,JOHN,CARDINIA,-38.07772,145.48178,2020,11,November,15,Afternoon Peak,Weekday
T20200020882,2020-11-23,16:25:00,6,Vehicle overturned (no collision),1,Monday,151,OUT OF CONTROL (OVERTAKING),1,680428,Not at intersection,3,100,Arterial Other,BENDIGO-PYRAMID,LODDON,-36.149014,144.13155,2020,11,November,16,Afternoon Peak,Weekday
T20200020884,2020-11-23,15:04:00,1,Collision with vehicle,1,Monday,110,CROSS TRAFFIC(INTERSECTIONS ONLY),1,331737,Cross intersection,2,60,Arterial Other,HALLAM,CASEY,-38.04767,145.265,2020,11,November,15,Afternoon Peak,Weekday
T20200020926,2020-11-23,08:45:00,1,Collision with vehicle,1,Monday,120,HEAD ON (NOT OVERTAKING),1,669679,Not at intersection,2,100,Local Road,TOORONGO,BAW BAW,-37.816853,145.99788,2020,11,November,8,Morning Peak,Weekday
T20200021289,2020-11-23,16:47:00,1,Collision with vehicle,1,Monday,130,REAR END(VEHICLES IN SAME LANE),1,672710,Not at intersection,2,60,Arterial Other,WERRIBEE MAIN,WYNDHAM,-37.88741,144.69463,2020,11,November,16,Afternoon Peak,Weekday
T20200021268,2020-11-23,10:30:00,8,No collision and no object struck,1,Monday,170,OFF CARRIAGEWAY TO LEFT,1,673127,Not at intersection,3,50,Local Road,DRYANDRA,WHITTLESEA,-37.648132,145.04308,2020,11,November,10,Midday,Weekday
T20200020867,2020-11-23,14:00:00,1,Collision with vehicle,1,Monday,152,PULLING OUT (OVERTAKING),1,729447,Not at intersection,3,50,Local Road,WILLIAM,DANDENONG,-37.995075,145.21304,2020,11,November,14,Midday,Weekday
T20200020899,2020-11-23,15:55:00,2,Struck Pedestrian,1,Monday,108,PED STRUCK WALKING TO/FROM OR BOARDING/ALIGHTING VEHICLE.,1,669678,Not at intersection,3,50,Arterial Other,PLENTY,DAREBIN,-37.743683,145.00769,2020,11,November,15,Afternoon Peak,Weekday
T20200020954,2020-11-23,14:30:00,6,Vehicle overturned (no collision),1,Monday,180,OFF CARRIAGEWAY ON RIGHT BEND,1,673922,Not at intersection,2,80,Arterial Other,WALHALLA,BAW BAW,-37.95216,146.4345,2020,11,November,14,Midday,Weekday
T20200020897,2020-11-23,06:30:00,1,Collision with vehicle,1,Monday,130,REAR END(VEHICLES IN SAME LANE),2,729778,Not at intersection,3,100,Arterial Highway,HENTY,HORSHAM,-36.690857,142.22826,2020,11,November,6,Morning Peak,Weekday
T20200020895,2020-11-23,06:00:00,1,Collision with vehicle,1,Monday,121,RIGHT THROUGH,1,668264,Not at intersection,2,60,Arterial Other,THOMPSON,KINGSTON,-38.067398,145.14723,2020,11,November,6,Morning Peak,Weekday
T20200020840,2020-11-23,05:45:00,4,Collision with a fixed object,1,Monday,171,LEFT OFF CARRIAGEWAY INTO OBJECT/PARKED VEHICLE,5,773533,Not at intersection,2,100,Arterial Highway,PRINCES,SURF COAST,-38.221813,144.06236,2020,11,November,5,Morning Peak,Weekday
T20200020893,2020-11-23,20:25:00,2,Struck Pedestrian,1,Monday,102,FAR SIDE. PED HIT BY VEHICLE FROM THE LEFT,2,51076,Cross intersection,3,50,Arterial Highway,WYNDHAM,SHEPPARTON,-36.385227,145.3985,2020,11,November,20,Night,Weekday
T20200020845,2020-11-23,10:58:00,4,Collision with a fixed object,1,Monday,183,OFF LEFT BEND INTO OBJECT/PARKED VEHICLE,1,670821,Not at intersection,2,80,Freeway,EASTLINK OUT-RINGWOOD OUT,MAROONDAH,-37.81181,145.21638,2020,11,November,10,Midday,Weekday
T20200020818,2020-11-23,05:50:00,1,Collision with vehicle,1,Monday,120,HEAD ON (NOT OVERTAKING),1,669993,Not at intersection,3,50,Arterial Other,BURWOOD,YARRA RANGES,-37.908085,145.35155,2020,11,November,5,Morning Peak,Weekday
T20200021491,2020-11-23,15:45:00,1,Collision with vehicle,1,Monday,121,RIGHT THROUGH,1,669063,Not at intersection,3,80,Arterial Other,DORSET,MAROONDAH,-37.824066,145.28766,2020,11,November,15,Afternoon Peak,Weekday
T20200020817,2020-11-23,04:51:00,4,Collision with a fixed object,1,Monday,171,LEFT OFF CARRIAGEWAY INTO OBJECT/PARKED VEHICLE,3,670928,Not at intersection,2,60,Arterial Other,MOUNTAIN,KNOX,-37.83797,145.28056,2020,11,November,4,Late Night,Weekday
T20200020888,2020-11-23,16:54:00,1,Collision with vehicle,1,Monday,160,VEHICLE COLLIDES WITH VEHICLE PARKED ON LEFT OF ROAD,1,669334,Not at intersection,3,50,Local Road,ROSENTHAL,HUME,-37.598564,144.71114,2020,11,November,16,Afternoon Peak,Weekday
T20200021033,2020-11-23,19:55:00,1,Collision with vehicle,1,Monday,130,REAR END(VEHICLES IN SAME LANE),1,671369,Cross intersection,3,60,Local Road,KOOYONG,GLEN EIRA,-37.86881,145.01831,2020,11,November,19,Night,Weekday
T20200020843,2020-11-23,09:50:00,1,Collision with vehicle,1,Monday,121,RIGHT THROUGH,1,41800,Cross intersection,3,60,Arterial Highway,SPRINGVALE,MONASH,-37.888885,145.16414,2020,11,November,9,Morning Peak,Weekday
T20200021398,2020-11-23,11:23:00,1,Collision with vehicle,1,Monday,120,HEAD ON (NOT OVERTAKING),1,773535,Not at intersection,2,50,Local Road,JUMPING CREEK,MANNINGHAM,-37.74591,145.23615,2020,11,November,11,Midday,Weekday
T20200020890,2020-11-23,18:23:00,1,Collision with vehicle,1,Monday,162,ACCIDENT OR BROKEN DOWN,1,675662,Not at intersection,2,80,Freeway,METROPOLITAN RING,WHITTLESEA,-37.688904,144.9896,2020,11,November,18,Afternoon Peak,Weekday
T20210000179,2020-11-23,08:20:00,1,Collision with vehicle,1,Monday,130,REAR END(VEHICLES IN SAME LANE),1,675020,Not at intersection,3,80,Arterial Other,BALLARAT-BURRUMBEET,BALLARAT,-37.55978,143.90733,2020,11,November,8,Morning Peak,Weekday
T20210004422,2020-11-24,18:00:00,1,Collision with vehicle,2,Tuesday,121,RIGHT THROUGH,1,44345,Cross intersection,3,60,Arterial Other,HEATHS,WYNDHAM,-37.875736,144.6644,2020,11,November,18,Afternoon Peak,Weekday
T20200020918,2020-11-24,10:48:00,1,Collision with vehicle,2,Tuesday,113,RIGHT NEAR (INTERSECTIONS ONLY),1,42852,T intersection,3,80,Arterial Other,BOUNDARY,KINGSTON,-37.992737,145.10677,2020,11,November,10,Midday,Weekday
T20200020907,2020-11-24,08:16:00,2,Struck Pedestrian,2,Tuesday,102,FAR SIDE. PED HIT BY VEHICLE FROM THE LEFT,1,688029,Not at intersection,3,60,Local Road,BRIDGE,MELTON,-37.71536,144.59007,2020,11,November,8,Morning Peak,Weekday
T20200020906,2020-11-24,05:46:00,4,Collision with a fixed object,2,Tuesday,171,LEFT OFF CARRIAGEWAY INTO OBJECT/PARKED VEHICLE,1,53612,Cross intersection,2,100,Local Road,FINLAY,CAMPASPE,-36.25469,144.93204,2020,11,November,5,Morning Peak,Weekday
T20200021717,2020-11-24,17:45:00,1,Collision with vehicle,2,Tuesday,130,REAR END(VEHICLES IN SAME LANE),1,670247,Multiple intersection,3,80,Freeway,TULLAMARINE IN-BULLA,MOONEE VALLEY,-37.73368,144.89404,2020,11,November,17,Afternoon Peak,Weekday
T20200021036,2020-11-24,18:45:00,2,Struck Pedestrian,2,Tuesday,100,PED NEAR SIDE. PED HIT BY VEHICLE FROM THE RIGHT.,1,670298,Cross intersection,3,80,Arterial Other,BLACKBURN,WHITEHORSE,-37.852646,145.15196,2020,11,November,18,Afternoon Peak,Weekday
T20200021761,2020-11-24,09:50:00,1,Collision with vehicle,2,Tuesday,119,OTHER ADJACENT (INTERSECTIONS ONLY),1,43161,T intersection,3,50,Local Road,JAMES COOK,CASEY,-37.987633,145.26158,2020,11,November,9,Morning Peak,Weekday
T20200021624,2020-11-24,07:20:00,1,Collision with vehicle,2,Tuesday,110,CROSS TRAFFIC(INTERSECTIONS ONLY),1,57854,Cross intersection,3,60,Arterial Other,BACCHUS MARSH,GEELONG,-38.08346,144.35817,2020,11,November,7,Morning Peak,Weekday
T20200021004,2020-11-24,13:43:00,1,Collision with vehicle,2,Tuesday,121,RIGHT THROUGH,1,46134,T intersection,3,60,Arterial Other,CLYDE,CASEY,-38.03295,145.34334,2020,11,November,13,Midday,Weekday
T20200020988,2020-11-24,20:53:00,1,Collision with vehicle,2,Tuesday,110,CROSS TRAFFIC(INTERSECTIONS ONLY),3,30407,Cross intersection,3,80,Arterial Other,MELTON,BRIMBANK,-37.693577,144.7565,2020,11,November,20,Night,Weekday
T20200020965,2020-11-24,15:05:00,1,Collision with vehicle,2,Tuesday,110,CROSS TRAFFIC(INTERSECTIONS ONLY),1,69657,Cross intersection,3,50,Local Road,CRAWFORD,KINGSTON,-37.92995,145.10129,2020,11,November,15,Afternoon Peak,Weekday
T20200020968,2020-11-24,18:20:00,1,Collision with vehicle,2,Tuesday,110,CROSS TRAFFIC(INTERSECTIONS ONLY),1,67337,Cross intersection,3,60,Local Road,FRANCIS,EAST GIPPSLAND,-37.82453,147.62604,2020,11,November,18,Afternoon Peak,Weekday
T20200020986,2020-11-24,20:40:00,6,Vehicle overturned (no collision),2,Tuesday,174,OUT OF CONTROL ON CARRIAGEWAY (ON STRAIGHT),3,672611,Not at intersection,3,60,Arterial Other,BEACH,KINGSTON,-37.99957,145.0754,2020,11,November,20,Night,Weekday
T20200020936,2020-11-24,13:25:00,1,Collision with vehicle,2,Tuesday,116,LEFT NEAR (INTERSECTIONS ONLY),1,52817,T intersection,2,60,Arterial Other,GILLIES,BALLARAT,-37.553356,143.81953,2020,11,November,13,Midday,Weekday
T20200021011,2020-11-24,16:46:00,1,Collision with vehicle,2,Tuesday,142,LEAVING PARKING,1,668401,Not at intersection,3,50,Local Road,VICTOR,CASEY,-38.022346,145.3123,2020,11,November,16,Afternoon Peak,Weekday
T20200020937,2020-11-24,08:15:00,1,Collision with vehicle,2,Tuesday,110,CROSS TRAFFIC(INTERSECTIONS ONLY),1,43300,Cross intersection,2,40,Local Road,FOWLER,KINGSTON,-38.053604,145.12227,2020,11,November,8,Morning Peak,Weekday
T20200021012,2020-11-24,16:00:00,4,Collision with a fixed object,2,Tuesday,171,LEFT OFF CARRIAGEWAY INTO OBJECT/PARKED VEHICLE,1,310071,Cross intersection,3,50,Local Road,SAXONY,WHITTLESEA,-37.635895,145.02113,2020,11,November,16,Afternoon Peak,Weekday
T20200020938,2020-11-24,13:06:00,1,Collision with vehicle,2,Tuesday,121,RIGHT THROUGH,1,41720,Cross intersection,3,60,Arterial Other,FORSTER,MONASH,-37.89492,145.13004,2020,11,November,13,Midday,Weekday