ACCIDENT_NO,ACCIDENT_DATE,ACCIDENT_TIME,ACCIDENT_TYPE,ACCIDENT_TYPE_DESC,DAY_OF_WEEK,DAY_WEEK_DESC,DCA_CODE,DCA_DESC,LIGHT_CONDITION,NODE_ID,ROAD_GEOMETRY_DESC,SEVERITY,SPEED_ZONE,RMA,ROAD_NAME,LGA_NAME,LATITUDE,LONGITUDE,YEAR,MONTH,MONTH_NAME,HOUR,TIME_PERIOD,DAY_TYPE
T20200020984,2020-11-24,10:00:00,1,Collision with vehicle,2,Tuesday,139,OTHER SAME DIRECTION-MANOUEVRES NOT INCLUDED IN DCAs 130-137,1,277084,Multiple intersection,3,80,Freeway,WESTERN IN-BACCHUS MARSH,MOORABOOL,-37.664097,144.41553,2020,11,November,10,Midday,Weekday
T20200020945,2020-11-24,08:20:00,4,Collision with a fixed object,2,Tuesday,181,OFF RIGHT BEND INTO OBJECT/PARKED VEHICLE,1,676195,Not at intersection,3,100,Arterial Other,LANCEFIELD-TOOBORAC,MITCHELL,-37.197075,144.73817,2020,11,November,8,Morning Peak,Weekday
T20200020948,2020-11-24,14:15:00,1,Collision with vehicle,2,Tuesday,145,REVERSING IN STREAM OF TRAFFIC,1,669335,Not at intersection,3,60,Local Road,TALL TREE,GOLDEN PLAINS,-37.96805,144.12791,2020,11,November,14,Midday,Weekday
T20200020950,2020-11-24,13:51:00,1,Collision with vehicle,2,Tuesday,113,RIGHT NEAR (INTERSECTIONS ONLY),1,44014,T intersection,2,80,Arterial Highway,NEPEAN,MORNINGTON PENINSULA,-38.285767,145.03093,2020,11,November,13,Midday,Weekday
T20200020964,2020-11-24,12:15:00,1,Collision with vehicle,2,Tuesday,130,REAR END(VEHICLES IN SAME LANE),1,673126,Cross intersection,3,60,Local Road,MACARTHUR,WELLINGTON,-38.105164,147.06793,2020,11,November,12,Midday,Weekday
T20200020962,2020-11-24,16:00:00,1,Collision with vehicle,2,Tuesday,140,U TURN,1,668917,T intersection,3,60,Local Road,MCKIMMIES,WHITTLESEA,-37.678284,145.0635,2020,11,November,16,Afternoon Peak,Weekday
T20200020961,2020-11-24,16:10:00,1,Collision with vehicle,2,Tuesday,116,LEFT NEAR (INTERSECTIONS ONLY),1,52261,Unknown,2,60,Local Road,CHESTNUT,LATROBE,-38.23124,146.43199,2020,11,November,16,Afternoon Peak,Weekday
T20200020969,2020-11-24,17:39:00,1,Collision with vehicle,2,Tuesday,147,VEHICLE STRIKES ANOTHER VEH WHILE EMERGING FROM DRIVEWAY,1,669050,Not at intersection,2,60,Arterial Other,ELTHAM-YARRA GLEN,YARRA RANGES,-37.64629,145.36446,2020,11,November,17,Afternoon Peak,Weekday
T20200020982,2020-11-24,18:04:00,1,Collision with vehicle,2,Tuesday,110,CROSS TRAFFIC(INTERSECTIONS ONLY),1,29588,Cross intersection,2,60,Arterial Other,CANTERBURY,PORT PHILLIP,-37.85981,144.97731,2020,11,November,18,Afternoon Peak,Weekday
T20200022831,2020-11-24,13:00:00,1,Collision with vehicle,2,Tuesday,134,LANE CHANGE RIGHT (NOT OVERTAKING),1,670746,Not at intersection,3,60,Local Road,PRINCES,PORT PHILLIP,-37.85995,144.98225,2020,11,November,13,Midday,Weekday
T20200020957,2020-11-24,11:20:00,1,Collision with vehicle,2,Tuesday,147,VEHICLE STRIKES ANOTHER VEH WHILE EMERGING FROM DRIVEWAY,1,668703,Not at intersection,1,100,Arterial Other,BALLARAT-MARYBOROUGH,CENTRAL GOLDFIELDS,-37.085613,143.72488,2020,11,November,11,Midday,Weekday
T20200023198,2020-11-24,13:10:00,1,Collision with vehicle,2,Tuesday,142,LEAVING PARKING,9,670922,Not at intersection,3,60,Arterial Other,BLUFF,BAYSIDE,-37.96668,145.01799,2020,11,November,13,Midday,Weekday
T20200020956,2020-11-24,16:00:00,1,Collision with vehicle,2,Tuesday,130,REAR END(VEHICLES IN SAME LANE),1,688306,Not at intersection,3,60,Arterial Other,BARNARD,BENDIGO,-36.75074,144.28275,2020,11,November,16,Afternoon Peak,Weekday
T20200020979,2020-11-24,14:00:00,1,Collision with vehicle,2,Tuesday,113,RIGHT NEAR (INTERSECTIONS ONLY),1,45294,Cross intersection,3,60,Arterial Other,WAVERLEY,MOONEE VALLEY,-37.757973,144.90692,2020,11,November,14,Midday,Weekday
T20200020990,2020-11-24,23:09:00,1,Collision with vehicle,2,Tuesday,130,REAR END(VEHICLES IN SAME LANE),5,668509,Not at intersection,3,80,Arterial Highway,GEELONG,HOBSONS BAY,-37.81758,144.84604,2020,11,November,23,Night,Weekday
T20200020970,2020-11-24,15:12:00,4,Collision with a fixed object,2,Tuesday,171,LEFT OFF CARRIAGEWAY INTO OBJECT/PARKED VEHICLE,1,668398,Not at intersection,3,60,Arterial Highway,WARRIGAL,MONASH,-37.85725,145.0944,2020,11,November,15,Afternoon Peak,Weekday
T20200020955,2020-11-24,16:05:00,1,Collision with vehicle,2,Tuesday,119,OTHER ADJACENT (INTERSECTIONS ONLY),1,66062,T intersection,3,40,Arterial Other,BRIDGE,YARRA,-37.81824,144.99614,2020,11,November,16,Afternoon Peak,Weekday
T20200020971,2020-11-24,18:30:00,1,Collision with vehicle,2,Tuesday,145,REVERSING IN STREAM OF TRAFFIC,1,729451,Not at intersection,3,30,Local Road,WELSFORD,SHEPPARTON,-36.381348,145.39778,2020,11,November,18,Afternoon Peak,Weekday
T20200020974,2020-11-24,14:41:00,2,Struck Pedestrian,2,Tuesday,102,FAR SIDE. PED HIT BY VEHICLE FROM THE LEFT,1,35722,T intersection,1,60,Freeway,FLEMINGTON,MELBOURNE,-37.788467,144.94101,2020,11,November,14,Midday,Weekday
T20200021213,2020-11-24,17:30:00,1,Collision with vehicle,2,Tuesday,121,RIGHT THROUGH,1,668710,Cross intersection,3,70,Local Road,MILES,BRIMBANK,-37.76977,144.77133,2020,11,November,17,Afternoon Peak,Weekday
T20200023215,2020-11-24,10:40:00,1,Collision with vehicle,2,Tuesday,134,LANE CHANGE RIGHT (NOT OVERTAKING),1,670923,Not at intersection,3,80,Arterial Highway,CORIO-WAURN PONDS,GEELONG,-38.0826,144.36002,2020,11,November,10,Midday,Weekday
T20200021316,2020-11-24,18:38:00,1,Collision with vehicle,2,Tuesday,163,VEHICLE STRIKES DOOR OF PARKED/STATIONARY VEHICLE,9,343773,Not at intersection,3,50,Local Road,ALEXANDRA,STONNINGTON,-37.83274,145.00464,2020,11,November,18,Afternoon Peak,Weekday
T20200020994,2020-11-24,00:05:00,6,Vehicle overturned (no collision),2,Tuesday,174,OUT OF CONTROL ON CARRIAGEWAY (ON STRAIGHT),3,674468,Unknown,2,60,Arterial Highway,BALLARAT,GEELONG,-38.13003,144.34206,2020,11,November,0,Late Night,Weekday
T20200020901,2020-11-24,03:03:00,4,Collision with a fixed object,2,Tuesday,171,LEFT OFF CARRIAGEWAY INTO OBJECT/PARKED VEHICLE,3,671393,Not at intersection,2,60,Arterial Other,CANTERBURY,WHITEHORSE,-37.828815,145.1225,2020,11,November,3,Late Night,Weekday
T20200020989,2020-11-24,21:03:00,2,Struck Pedestrian,2,Tuesday,100,PED NEAR SIDE. PED HIT BY VEHICLE FROM THE RIGHT.,3,675606,Not at intersection,2,60,Arterial Other,TOORAK,STONNINGTON,-37.842415,145.0201,2020,11,November,21,Night,Weekday
T20200020924,2020-11-24,11:53:00,4,Collision with a fixed object,2,Tuesday,189,OTHER ACCIDENTS ON CURVE NOT INCLUDED IN DCAs 180-184,1,47130,T intersection,3,40,Local Road,DURHAM,BRIMBANK,-37.788372,144.83107,2020,11,November,11,Midday,Weekday
T20200021028,2020-11-25,10:00:00,1,Collision with vehicle,3,Wednesday,130,REAR END(VEHICLES IN SAME LANE),1,668919,Not at intersection,2,100,Arterial Highway,GREAT OCEAN,SURF COAST,-38.337097,144.27348,2020,11,November,10,Midday,Weekday
T20200021065,2020-11-25,15:00:00,6,Vehicle overturned (no collision),3,Wednesday,170,OFF CARRIAGEWAY TO LEFT,1,669846,Not at intersection,3,80,Local Road,NARINGAL-PANMURE,MOYNE,-38.358414,142.69649,2020,11,November,15,Afternoon Peak,Weekday
T20200021066,2020-11-25,18:05:00,1,Collision with vehicle,3,Wednesday,113,RIGHT NEAR (INTERSECTIONS ONLY),1,122018,Multiple intersection,3,60,Freeway,MIDDLEBOROUGH,WHITEHORSE,-37.79884,145.14218,2020,11,November,18,Afternoon Peak,Weekday
T20200021071,2020-11-25,15:56:00,1,Collision with vehicle,3,Wednesday,121,RIGHT THROUGH,1,35443,Cross intersection,2,60,Arterial Highway,GEELONG,MARIBYRNONG,-37.802174,144.88622,2020,11,November,15,Afternoon Peak,Weekday
T20200021073,2020-11-25,20:30:00,4,Collision with a fixed object,3,Wednesday,181,OFF RIGHT BEND INTO OBJECT/PARKED VEHICLE,2,669843,Not at intersection,2,100,Arterial Other,BACCHUS MARSH,MACEDON RANGES,-37.5346,144.47429,2020,11,November,20,Night,Weekday
T20200021074,2020-11-25,15:40:00,1,Collision with vehicle,3,Wednesday,121,RIGHT THROUGH,1,38216,Cross intersection,2,60,Arterial Other,LOWER HEIDELBERG,BANYULE,-37.76351,145.06784,2020,11,November,15,Afternoon Peak,Weekday
T20200021075,2020-11-25,09:00:00,2,Struck Pedestrian,3,Wednesday,109,ANY MANOEUVRE INVOLVING PED NOT INCLUDED IN DCAs 100-108.,1,669787,Not at intersection,3,50,Local Road,TRUGANINI,GLEN EIRA,-37.890053,145.05434,2020,11,November,9,Morning Peak,Weekday
T20200021077,2020-11-25,15:23:00,2,Struck Pedestrian,3,Wednesday,100,PED NEAR SIDE. PED HIT BY VEHICLE FROM THE RIGHT.,1,669251,T intersection,2,50,Local Road,BAMBIL,MONASH,-37.88043,145.10199,2020,11,November,15,Afternoon Peak,Weekday
T20200021078,2020-11-25,19:58:00,4,Collision with a fixed object,3,Wednesday,175,OFF END OF ROAD/T-INTERSECTION.,1,681474,T intersection,2,50,Local Road,DENNIS,HUME,-37.64303,144.9416,2020,11,November,19,Night,Weekday
T20210002552,2020-11-25,14:45:00,1,Collision with vehicle,3,Wednesday,130,REAR END(VEHICLES IN SAME LANE),1,674784,Cross intersection,2,80,Arterial Highway,DANDENONG,STONNINGTON,-37.86009,145.01045,2020,11,November,14,Midday,Weekday
T20200022225,2020-11-25,10:32:00,1,Collision with vehicle,3,Wednesday,113,RIGHT NEAR (INTERSECTIONS ONLY),1,58039,T intersection,3,40,Arterial Other,PLENTY,WHITTLESEA,-37.613087,145.093,2020,11,November,10,Midday,Weekday
T20200021079,2020-11-25,10:20:00,1,Collision with vehicle,3,Wednesday,113,RIGHT NEAR (INTERSECTIONS ONLY),9,230844,T intersection,3,70,Arterial Other,COOPER,WHITTLESEA,-37.65119,145.016,2020,11,November,10,Midday,Weekday
T20200021106,2020-11-25,21:15:00,3,Struck animal,3,Wednesday,167,STRUCK ANIMAL,5,668920,Not at intersection,2,100,Local Road,RIVER,MILDURA,-34.196777,142.05835,2020,11,November,21,Night,Weekday
T20200021021,2020-11-25,09:00:00,1,Collision with vehicle,3,Wednesday,121,RIGHT THROUGH,1,670065,T intersection,2,60,Local Road,LEATHER,GEELONG,-38.18607,144.37753,2020,11,November,9,Morning Peak,Weekday
T20200021081,2020-11-25,21:44:00,1,Collision with vehicle,3,Wednesday,130,REAR END(VEHICLES IN SAME LANE),3,669494,Not at intersection,2,100,Freeway,WESTERN RING,BRIMBANK,-37.79135,144.78734,2020,11,November,21,Night,Weekday
T20200021020,2020-11-25,09:30:00,1,Collision with vehicle,3,Wednesday,130,REAR END(VEHICLES IN SAME LANE),1,671537,Not at intersection,2,60,Arterial Other,ORMOND,PORT PHILLIP,-37.89053,144.98964,2020,11,November,9,Morning Peak,Weekday
T20200021014,2020-11-25,10:10:00,1,Collision with vehicle,3,Wednesday,113,RIGHT NEAR (INTERSECTIONS ONLY),1,45008,T intersection,3,60,Arterial Other,MAIN,BRIMBANK,-37.74672,144.8207,2020,11,November,10,Midday,Weekday
T20200021047,2020-11-25,13:27:00,1,Collision with vehicle,3,Wednesday,113,RIGHT NEAR (INTERSECTIONS ONLY),1,49196,T intersection,3,80,Arterial Other,TRAMWAY,LATROBE,-38.23869,146.4381,2020,11,November,13,Midday,Weekday
T20200021049,2020-11-25,14:01:00,1,Collision with vehicle,3,Wednesday,130,REAR END(VEHICLES IN SAME LANE),1,688356,T intersection,3,80,Arterial Other,THOMPSONS,CASEY,-38.08265,145.279,2020,11,November,14,Midday,Weekday
T20200021050,2020-11-25,14:15:00,1,Collision with vehicle,3,Wednesday,130,REAR END(VEHICLES IN SAME LANE),1,670336,Not at intersection,3,40,Arterial Other,COBDEN-PORT CAMPBELL,CORANGAMITE,-38.596973,143.00307,2020,11,November,14,Midday,Weekday
T20210002257,2020-11-25,11:30:00,1,Collision with vehicle,3,Wednesday,142,LEAVING PARKING,1,676186,Not at intersection,3,60,Arterial Other,CHURCH,BOROONDARA,-37.814255,145.02238,2020,11,November,11,Midday,Weekday
T20200021008,2020-11-25,08:20:00,1,Collision with vehicle,3,Wednesday,130,REAR END(VEHICLES IN SAME LANE),1,352386,Cross intersection,3,60,Arterial Highway,CAPE,BANYULE,-37.75949,145.06656,2020,11,November,8,Morning Peak,Weekday
T20200021005,2020-11-25,08:43:00,1,Collision with vehicle,3,Wednesday,130,REAR END(VEHICLES IN SAME LANE),1,668400,Not at intersection,3,80,Arterial Other,BAXTER-TOORADIN,FRANKSTON,-38.199184,145.18486,2020,11,November,8,Morning Peak,Weekday
T20200021002,2020-11-25,06:30:00,1,Collision with vehicle,3,Wednesday,130,REAR END(VEHICLES IN SAME LANE),1,670334,Not at intersection,2,80,Freeway,SUNBURY,HUME,-37.66236,144.85466,2020,11,November,6,Morning Peak,Weekday
T20200021632,2020-11-25,07:00:00,8,No collision and no object struck,3,Wednesday,199,UNKNOWN-NO DETAILS ON MANOEUVRES OF ROAD-USERS IN ACCIDENT,2,780708,Not at intersection,3,60,Arterial Other,DEANS MARSH-LORNE,SURF COAST,-38.500755,143.96028,2020,11,November,7,Morning Peak,Weekday
T20200021286,2020-11-25,14:50:00,4,Collision with a fixed object,3,Wednesday,173,RIGHT OFF CARRIAGEWAY INTO OBJECT/PARKED VEHICLE,1,671929,Not at intersection,3,50,Arterial Other,WELLINGTON,KNOX,-37.927303,145.25208,2020,11,November,14,Midday,Weekday
T20200021084,2020-11-25,20:10:00,1,Collision with vehicle,3,Wednesday,121,RIGHT THROUGH,2,108337,Not at intersection,2,50,Local Road,WATTON,WYNDHAM,-37.9043,144.65598,2020,11,November,20,Night,Weekday
T20200021057,2020-11-25,15:40:00,1,Collision with vehicle,3,Wednesday,131,LEFT REAR,1,747035,Not at intersection,2,100,Local Road,YENDON NO 1,MOORABOOL,-37.63915,143.95306,2020,11,November,15,Afternoon Peak,Weekday
T20200021039,2020-11-25,13:35:00,1,Collision with vehicle,3,Wednesday,113,RIGHT NEAR (INTERSECTIONS ONLY),1,35402,T intersection,2,60,Arterial Other,CANTERBURY,PORT PHILLIP,-37.851868,144.96777,2020,11,November,13,Midday,Weekday
T20200021058,2020-11-25,17:40:00,1,Collision with vehicle,3,Wednesday,121,RIGHT THROUGH,1,5025,Cross intersection,2,60,Arterial Other,CITY,MELBOURNE,-37.825806,144.96027,2020,11,November,17,Afternoon Peak,Weekday
T20200021062,2020-11-25,08:50:00,1,Collision with vehicle,3,Wednesday,121,RIGHT THROUGH,1,583552,T intersection,3,80,Arterial Other,GALLAGHERS,MONASH,-37.875748,145.17896,2020,11,November,8,Morning Peak,Weekday
T20200021035,2020-11-25,13:00:00,1,Collision with vehicle,3,Wednesday,120,HEAD ON (NOT OVERTAKING),1,670992,T intersection,2,50,Local Road,WARRALILY,GEELONG,-38.24083,144.36714,2020,11,November,13,Midday,Weekday
T20200022608,2020-11-25,16:35:00,8,No collision and no object struck,3,Wednesday,184,OUT OF CONTROL ON CARRIAGEWAY (ON BEND),1,670353,Not at intersection,3,50,Local Road,LANGBOURNE,CASEY,-38.05632,145.28273,2020,11,November,16,Afternoon Peak,Weekday
T20200021063,2020-11-25,15:45:00,1,Collision with vehicle,3,Wednesday,137,LEFT TURN SIDESWIPE,1,36390,T intersection,2,40,Local Road,DAVIS,YARRA,-37.79191,144.97147,2020,11,November,15,Afternoon Peak,Weekday
T20200021143,2020-11-26,15:35:00,1,Collision with vehicle,4,Thursday,131,LEFT REAR,1,46142,Multiple intersection,3,60,Freeway,MONASH IN-HUNTINGDALE,MONASH,-37.88753,145.10802,2020,11,November,15,Afternoon Peak,Weekday
T20200021146,2020-11-26,22:03:00,2,Struck Pedestrian,4,Thursday,100,PED NEAR SIDE. PED HIT BY VEHICLE FROM THE RIGHT.,5,672528,Not at intersection,2,50,Local Road,MURLONG,SWAN HILL,-35.33929,143.54428,2020,11,November,22,Night,Weekday
T20200022349,2020-11-26,15:52:00,1,Collision with vehicle,4,Thursday,130,REAR END(VEHICLES IN SAME LANE),1,729475,Not at intersection,3,80,Arterial Other,STUD,KNOX,-37.86695,145.23636,2020,11,November,15,Afternoon Peak,Weekday
T20210009034,2020-11-26,08:30:00,1,Collision with vehicle,4,Thursday,131,LEFT REAR,1,682769,Cross intersection,3,100,Local Road,GIRGARRE EAST,SHEPPARTON,-36.45471,145.14987,2020,11,November,8,Morning Peak,Weekday
T20200022098,2020-11-26,11:23:00,1,Collision with vehicle,4,Thursday,130,REAR END(VEHICLES IN SAME LANE),1,669898,Not at intersection,3,60,Arterial Other,CENTRE,KINGSTON,-37.929592,145.12743,2020,11,November,11,Midday,Weekday
T20200021103,2020-11-26,08:33:00,1,Collision with vehicle,4,Thursday,147,VEHICLE STRIKES ANOTHER VEH WHILE EMERGING FROM DRIVEWAY,1,669841,Not at intersection,3,50,Local Road,ALMA,GLEN EIRA,-37.865543,145.02437,2020,11,November,8,Morning Peak,Weekday
T20200021087,2020-11-26,05:10:00,2,Struck Pedestrian,4,Thursday,108,PED STRUCK WALKING TO/FROM OR BOARDING/ALIGHTING VEHICLE.,3,673278,Not at intersection,3,60,Local Road,DAVID COLLINS,CASEY,-37.991047,145.26515,2020,11,November,5,Morning Peak,Weekday
T20200021091,2020-11-26,08:00:00,1,Collision with vehicle,4,Thursday,171,LEFT OFF CARRIAGEWAY INTO OBJECT/PARKED VEHICLE,1,673246,Not at intersection,3,60,Local Road,WILLUNGA,GLENELG,-38.367435,141.61311,2020,11,November,8,Morning Peak,Weekday
T20200021092,2020-11-26,08:05:00,1,Collision with vehicle,4,Thursday,130,REAR END(VEHICLES IN SAME LANE),1,668704,Not at intersection,3,100,Freeway,WESTERN,MELTON,-37.792095,144.74986,2020,11,November,8,Morning Peak,Weekday
T20200022915,2020-11-26,07:45:00,6,Vehicle overturned (no collision),4,Thursday,180,OFF CARRIAGEWAY ON RIGHT BEND,1,670623,Not at intersection,3,50,Local Road,BASIN-OLINDA,YARRA RANGES,-37.8521,145.36053,2020,11,November,7,Morning Peak,Weekday
T20200021101,2020-11-26,11:10:00,1,Collision with vehicle,4,Thursday,147,VEHICLE STRIKES ANOTHER VEH WHILE EMERGING FROM DRIVEWAY,1,668621,Not at intersection,3,50,Local Road,TURNER,CASEY,-38.037746,145.36009,2020,11,November,11,Midday,Weekday
T20200021179,2020-11-26,14:08:00,1,Collision with vehicle,4,Thursday,110,CROSS TRAFFIC(INTERSECTIONS ONLY),1,39892,Cross intersection,2,60,Arterial Other,MAIDSTONE,HOBSONS BAY,-37.847317,144.80942,2020,11,November,14,Midday,Weekday
T20200021163,2020-11-26,12:00:00,1,Collision with vehicle,4,Thursday,132,RIGHT REAR.,9,670904,T intersection,3,60,Local Road,LIVERPOOL,YARRA RANGES,-37.809,145.31534,2020,11,November,12,Midday,Weekday
T20200021389,2020-11-26,13:08:00,1,Collision with vehicle,4,Thursday,148,VEHICLE OFF FOOTPATH STRIKES VEH ON CARRIAGEWAY,1,57356,T intersection,3,60,Arterial Other,MAIN,MOORABOOL,-37.675858,144.43767,2020,11,November,13,Midday,Weekday
T20200021748,2020-11-26,17:15:00,1,Collision with vehicle,4,Thursday,130,REAR END(VEHICLES IN SAME LANE),1,591009,Not at intersection,3,100,Freeway,EASTERN,WHITEHORSE,-37.797676,145.1356,2020,11,November,17,Afternoon Peak,Weekday
T20200021108,2020-11-26,07:15:00,1,Collision with vehicle,4,Thursday,121,RIGHT THROUGH,1,45181,Cross intersection,3,40,Arterial Highway,HIGH STREET -MIDLAND,SHEPPARTON,-36.380898,145.39789,2020,11,November,7,Morning Peak,Weekday
T20200021109,2020-11-26,10:54:00,4,Collision with a fixed object,4,Thursday,175,OFF END OF ROAD/T-INTERSECTION.,1,776884,Not at intersection,3,80,Local Road,WISHART,GANNAWARRA,-35.889427,144.06445,2020,11,November,10,Midday,Weekday
T20200021115,2020-11-26,12:00:00,1,Collision with vehicle,4,Thursday,120,HEAD ON (NOT OVERTAKING),1,68606,T intersection,2,60,Arterial Other,HUNTINGDALE,MONASH,-37.888454,145.10783,2020,11,November,12,Midday,Weekday
T20200021123,2020-11-26,17:00:00,1,Collision with vehicle,4,Thursday,134,LANE CHANGE RIGHT (NOT OVERTAKING),1,671461,Not at intersection,3,80,Arterial Highway,WELLINGTON,KNOX,-37.925266,145.21144,2020,11,November,17,Afternoon Peak,Weekday
T20200021127,2020-11-26,17:10:00,1,Collision with vehicle,4,Thursday,130,REAR END(VEHICLES IN SAME LANE),1,668622,Not at intersection,3,80,Arterial Highway,WARBURTON,YARRA RANGES,-37.775616,145.49075,2020,11,November,17,Afternoon Peak,Weekday
T20200021128,2020-11-26,18:50:00,1,Collision with vehicle,4,Thursday,135,LANE CHANGE LEFT (NOT OVERTAKING),1,669637,Not at intersection,3,60,Arterial Highway,NORTH,GLEN EIRA,-37.90887,145.08011,2020,11,November,18,Afternoon Peak,Weekday
T20200021129,2020-11-26,18:25:00,1,Collision with vehicle,4,Thursday,131,LEFT REAR,1,49904,T intersection,2,70,Arterial Highway,LATROBE,GEELONG,-38.14376,144.3533,2020,11,November,18,Afternoon Peak,Weekday
T20200021130,2020-11-26,18:55:00,1,Collision with vehicle,4,Thursday,130,REAR END(VEHICLES IN SAME LANE),1,30043,T intersection,2,80,Arterial Highway,PRINCES,CASEY,-38.002953,145.24709,2020,11,November,18,Afternoon Peak,Weekday
T20200021136,2020-11-26,14:26:00,1,Collision with vehicle,4,Thursday,110,CROSS TRAFFIC(INTERSECTIONS ONLY),1,729779,Cross intersection,3,100,Arterial Other,MARYBOROUGH-DUNOLLY,CENTRAL GOLDFIELDS,-36.947845,143.76546,2020,11,November,14,Midday,Weekday
T20200021138,2020-11-26,02:00:00,4,Collision with a fixed object,4,Thursday,173,RIGHT OFF CARRIAGEWAY INTO OBJECT/PARKED VEHICLE,3,683586,Not at intersection,2,50,Local Road,SHANNAHAN,GEELONG,-38.095444,144.34271,2020,11,November,2,Late Night,Weekday
T20200021140,2020-11-26,18:05:00,1,Collision with vehicle,4,Thursday,148,VEHICLE OFF FOOTPATH STRIKES VEH ON CARRIAGEWAY,1,669146,Not at intersection,3,40,Local Road,WELLINGTON,YARRA,-37.805454,144.98627,2020,11,November,18,Afternoon Peak,Weekday
T20200021102,2020-11-26,11:20:00,2,Struck Pedestrian,4,Thursday,102,FAR SIDE. PED HIT BY VEHICLE FROM THE LEFT,1,773421,Not at intersection,2,60,Arterial Other,BLACKBURN,MONASH,-37.873775,145.14813,2020,11,November,11,Midday,Weekday
T20200021203,2020-11-27,15:15:00,1,Collision with vehicle,5,Friday,130,REAR END(VEHICLES IN SAME LANE),1,202891,Not at intersection,3,50,Local Road,RINGWOOD,MAROONDAH,-37.811993,145.22733,2020,11,November,15,Afternoon Peak,Weekday
T20200021186,2020-11-27,12:55:00,1,Collision with vehicle,5,Friday,130,REAR END(VEHICLES IN SAME LANE),1,50273,Cross intersection,2,60,Arterial Highway,MAIN,SURF COAST,-38.243416,143.98938,2020,11,November,12,Midday,Weekday
T20200021202,2020-11-27,16:00:00,1,Collision with vehicle,5,Friday,111,RIGHT FAR (INTERSECTIONS ONLY),1,17922,Cross intersection,2,80,Arterial Highway,GOSHAWK,WODONGA,-36.140087,146.9146,2020,11,November,16,Afternoon Peak,Weekday
T20200022015,2020-11-27,17:15:00,1,Collision with vehicle,5,Friday,132,RIGHT REAR.,1,675709,Y intersection,3,60,Arterial Other,BELGRAVE-GEMBROOK,CARDINIA,-37.934666,145.49216,2020,11,November,17,Afternoon Peak,Weekday
T20200021227,2020-11-27,17:55:00,1,Collision with vehicle,5,Friday,150,HEAD ON(OVERTAKING),1,669253,Not at intersection,3,60,Arterial Other,ELGAR,WHITEHORSE,-37.82369,145.11374,2020,11,November,17,Afternoon Peak,Weekday
T20200021230,2020-11-27,20:55:00,1,Collision with vehicle,5,Friday,110,CROSS TRAFFIC(INTERSECTIONS ONLY),5,49375,Cross intersection,3,80,Arterial Highway,GOULBURN VALLEY,SHEPPARTON,-36.456993,145.3888,2020,11,November,20,Night,Weekday
T20200021231,2020-11-27,16:30:00,1,Collision with vehicle,5,Friday,147,VEHICLE STRIKES ANOTHER VEH WHILE EMERGING FROM DRIVEWAY,1,668712,Not at intersection,3,50,Local Road,VERDUN,MARIBYRNONG,-37.781902,144.88321,2020,11,November,16,Afternoon Peak,Weekday
T20200021233,2020-11-27,16:15:00,8,No collision and no object struck,5,Friday,174,OUT OF CONTROL ON CARRIAGEWAY (ON STRAIGHT),1,729456,Not at intersection,2,60,Arterial Other,ESPLANADE,MORNINGTON PENINSULA,-38.2831,144.99454,2020,11,November,16,Afternoon Peak,Weekday
T20200021234,2020-11-27,15:00:00,1,Collision with vehicle,5,Friday,130,REAR END(VEHICLES IN SAME LANE),1,668925,Not at intersection,3,80,Freeway,PRINCES,HOBSONS BAY,-37.829845,144.81506,2020,11,November,15,Afternoon Peak,Weekday
T20200021195,2020-11-27,13:09:00,1,Collision with vehicle,5,Friday,130,REAR END(VEHICLES IN SAME LANE),1,670905,Not at intersection,3,80,Arterial Other,SYDNEY,HUME,-37.646023,144.95189,2020,11,November,13,Midday,Weekday
T20200021235,2020-11-27,21:10:00,4,Collision with a fixed object,5,Friday,171,LEFT OFF CARRIAGEWAY INTO OBJECT/PARKED VEHICLE,5,668713,Not at intersection,3,80,Local Road,COUANGALT,MACEDON RANGES,-37.54115,144.61696,2020,11,November,21,Night,Weekday
T20200021226,2020-11-27,20:05:00,1,Collision with vehicle,5,Friday,121,RIGHT THROUGH,3,42396,Cross intersection,3,50,Arterial Other,BOUNDARY,MORELAND,-37.718067,144.9517,2020,11,November,20,Night,Weekday
T20200021753,2020-11-27,21:05:00,1,Collision with vehicle,5,Friday,121,RIGHT THROUGH,3,290,Cross intersection,3,40,Arterial Other,CHURCH,YARRA,-37.81182,145.00041,2020,11,November,21,Night,Weekday
T20200021786,2020-11-27,15:30:00,6,Vehicle overturned (no collision),5,Friday,184,OUT OF CONTROL ON CARRIAGEWAY (ON BEND),1,671160,Not at intersection,3,100,Arterial Highway,GREAT ALPINE,ALPINE,-36.930523,147.0607,2020,11,November,15,Afternoon Peak,Weekday
T20200021154,2020-11-27,06:50:00,5,collision with some other object,5,Friday,166,STRUCK OBJECT ON CARRIAGEWAY,2,671370,Not at intersection,2,80,Arterial Other,MANSFIELD-WHITFIELD,MANSFIELD,-37.042732,146.09987,2020,11,November,6,Morning Peak,Weekday
T20200021355,2020-11-27,15:40:00,1,Collision with vehicle,5,Friday,130,REAR END(VEHICLES IN SAME LANE),1,669056,Not at intersection,3,80,Arterial Other,CRANBOURNE-NARRE WARREN,CASEY,-38.053143,145.30164,2020,11,November,15,Afternoon Peak,Weekday