ACCIDENT_NO,ACCIDENT_DATE,ACCIDENT_TIME,ACCIDENT_TYPE,ACCIDENT_TYPE_DESC,DAY_OF_WEEK,DAY_WEEK_DESC,DCA_CODE,DCA_DESC,LIGHT_CONDITION,NODE_ID,ROAD_GEOMETRY_DESC,SEVERITY,SPEED_ZONE,RMA,ROAD_NAME,LGA_NAME,LATITUDE,LONGITUDE,YEAR,MONTH,MONTH_NAME,HOUR,TIME_PERIOD,DAY_TYPE
T20200021681,2020-11-27,11:00:00,1,Collision with vehicle,5,Friday,130,REAR END(VEHICLES IN SAME LANE),1,57629,Cross intersection,3,80,Arterial Highway,PRINCES,GEELONG,-38.084152,144.3583,2020,11,November,11,Midday,Weekday
T20200021599,2020-11-27,12:30:00,2,Struck Pedestrian,5,Friday,100,PED NEAR SIDE. PED HIT BY VEHICLE FROM THE RIGHT.,1,40978,T intersection,3,50,Arterial Other,PASCOE VALE,MORELAND,-37.70446,144.91573,2020,11,November,12,Midday,Weekday
T20210000727,2020-11-27,08:25:00,1,Collision with vehicle,5,Friday,171,LEFT OFF CARRIAGEWAY INTO OBJECT/PARKED VEHICLE,1,672632,Not at intersection,3,80,Freeway,METROPOLITAN RING,MORELAND,-37.69111,144.96977,2020,11,November,8,Morning Peak,Weekday
T20200021238,2020-11-27,21:30:00,2,Struck Pedestrian,5,Friday,100,PED NEAR SIDE. PED HIT BY VEHICLE FROM THE RIGHT.,5,36487,T intersection,3,50,Local Road,GLEN KATHERINE,BANYULE,-37.692837,145.136,2020,11,November,21,Night,Weekday
T20200021237,2020-11-27,21:20:00,1,Collision with vehicle,5,Friday,113,RIGHT NEAR (INTERSECTIONS ONLY),3,773534,T intersection,2,60,Arterial Other,CENTRE DANDENONG ROAD SERVICE,KINGSTON,-37.977287,145.124,2020,11,November,21,Night,Weekday
T20200021663,2020-11-27,13:00:00,1,Collision with vehicle,5,Friday,130,REAR END(VEHICLES IN SAME LANE),1,669498,Not at intersection,2,80,Arterial Other,CENTRE,KINGSTON,-37.930492,145.13467,2020,11,November,13,Midday,Weekday
T20200021218,2020-11-27,18:02:00,1,Collision with vehicle,5,Friday,121,RIGHT THROUGH,1,228,Cross intersection,2,60,Arterial Highway,POWER,MELBOURNE,-37.824577,144.96375,2020,11,November,18,Afternoon Peak,Weekday
T20210001729,2020-11-27,17:36:00,8,No collision and no object struck,5,Friday,184,OUT OF CONTROL ON CARRIAGEWAY (ON BEND),1,675027,Not at intersection,2,100,Local Road,MORWELL RIVER,LATROBE,-38.429066,146.31107,2020,11,November,17,Afternoon Peak,Weekday
T20200021210,2020-11-27,16:20:00,1,Collision with vehicle,5,Friday,140,U TURN,1,668924,Not at intersection,3,60,Arterial Other,HAWTHORN,GLEN EIRA,-37.89001,145.02138,2020,11,November,16,Afternoon Peak,Weekday
T20200021263,2020-11-27,16:30:00,1,Collision with vehicle,5,Friday,147,VEHICLE STRIKES ANOTHER VEH WHILE EMERGING FROM DRIVEWAY,1,42072,T intersection,3,60,Arterial Other,BEACH,BAYSIDE,-37.95771,145.00879,2020,11,November,16,Afternoon Peak,Weekday
T20200021208,2020-11-27,14:45:00,1,Collision with vehicle,5,Friday,121,RIGHT THROUGH,1,35817,Cross intersection,2,60,Arterial Highway,HIGH,BENDIGO,-36.77115,144.26147,2020,11,November,14,Midday,Weekday
T20200021207,2020-11-27,15:41:00,1,Collision with vehicle,5,Friday,120,HEAD ON (NOT OVERTAKING),1,669681,Not at intersection,3,80,Arterial Other,WHITTLESEA-YEA,WHITTLESEA,-37.489822,145.18161,2020,11,November,15,Afternoon Peak,Weekday
T20200021205,2020-11-27,15:40:00,2,Struck Pedestrian,5,Friday,100,PED NEAR SIDE. PED HIT BY VEHICLE FROM THE RIGHT.,1,729455,Not at intersection,3,50,Local Road,HARDY,COLAC OTWAY,-38.754986,143.6688,2020,11,November,15,Afternoon Peak,Weekday
T20200021240,2020-11-27,04:25:00,4,Collision with a fixed object,5,Friday,175,OFF END OF ROAD/T-INTERSECTION.,3,69862,T intersection,3,50,Local Road,MAIN,KINGSTON,-37.939213,145.12662,2020,11,November,4,Late Night,Weekday
T20210000906,2020-11-27,07:50:00,1,Collision with vehicle,5,Friday,130,REAR END(VEHICLES IN SAME LANE),1,672908,Cross intersection,3,60,Arterial Other,NORMANBY,DAREBIN,-37.758778,144.9937,2020,11,November,7,Morning Peak,Weekday
T20200021243,2020-11-27,14:15:00,6,Vehicle overturned (no collision),5,Friday,180,OFF CARRIAGEWAY ON RIGHT BEND,1,674527,Not at intersection,2,100,Local Road,FREESTONE CREEK,WELLINGTON,-37.73746,147.10704,2020,11,November,14,Midday,Weekday
T20200021453,2020-11-27,13:30:00,1,Collision with vehicle,5,Friday,154,PULLING OUT -REAR END,1,1192,Cross intersection,2,40,Arterial Other,RYRIE,GEELONG,-38.149323,144.3598,2020,11,November,13,Midday,Weekday
T20200022326,2020-11-27,16:00:00,8,No collision and no object struck,5,Friday,170,OFF CARRIAGEWAY TO LEFT,9,670074,T intersection,3,100,Local Road,EILDON-JAMIESON,MURRINDINDI,-37.376568,146.05484,2020,11,November,16,Afternoon Peak,Weekday
T20200021679,2020-11-27,12:30:00,1,Collision with vehicle,5,Friday,130,REAR END(VEHICLES IN SAME LANE),1,669343,Not at intersection,3,60,Local Road,BERKSHIRE,BRIMBANK,-37.76448,144.83194,2020,11,November,12,Midday,Weekday
T20200021192,2020-11-27,15:00:00,1,Collision with vehicle,5,Friday,120,HEAD ON (NOT OVERTAKING),1,780709,Not at intersection,3,50,Local Road,HOTHLYN,HUME,-37.60955,144.92929,2020,11,November,15,Afternoon Peak,Weekday
T20200021191,2020-11-27,11:49:00,2,Struck Pedestrian,5,Friday,102,FAR SIDE. PED HIT BY VEHICLE FROM THE LEFT,1,668988,Not at intersection,2,40,Local Road,HOPKINS,MARIBYRNONG,-37.799873,144.9005,2020,11,November,11,Midday,Weekday
T20200021190,2020-11-27,13:32:00,1,Collision with vehicle,5,Friday,120,HEAD ON (NOT OVERTAKING),1,669054,Not at intersection,2,50,Local Road,RYAN,DAREBIN,-37.701675,144.99815,2020,11,November,13,Midday,Weekday
T20200021183,2020-11-27,07:20:00,5,collision with some other object,5,Friday,166,STRUCK OBJECT ON CARRIAGEWAY,1,681713,Not at intersection,2,100,Local Road,NILMA-SHADY CREEK,BAW BAW,-38.116924,146.03381,2020,11,November,7,Morning Peak,Weekday
T20200021691,2020-11-27,18:15:00,1,Collision with vehicle,5,Friday,131,LEFT REAR,1,292801,Cross intersection,3,70,Arterial Other,CHILDS,WHITTLESEA,-37.66232,145.05428,2020,11,November,18,Afternoon Peak,Weekday
T20210001502,2020-11-27,22:08:00,2,Struck Pedestrian,5,Friday,103,PED PLAYING/LYING/WORKING/STANDING ON CARRIAGEWAY.,9,673607,Not at intersection,2,60,Local Road,COBDEN,PORT PHILLIP,-37.836765,144.96278,2020,11,November,22,Night,Weekday
T20200021182,2020-11-27,13:53:00,4,Collision with a fixed object,5,Friday,146,REVERSING INTO FIXED OBJECT/PARKED VEHICLE,1,670142,Not at intersection,3,50,Local Road,ALFRIEDA,BRIMBANK,-37.74143,144.80107,2020,11,November,13,Midday,Weekday
T20200021175,2020-11-27,12:30:00,1,Collision with vehicle,5,Friday,111,RIGHT FAR (INTERSECTIONS ONLY),1,671692,T intersection,2,60,Local Road,BAYVIEW,FRANKSTON,-38.157063,145.12549,2020,11,November,12,Midday,Weekday
T20200021173,2020-11-27,07:30:00,1,Collision with vehicle,5,Friday,121,RIGHT THROUGH,2,241799,T intersection,2,80,Local Road,GREIGS,MELTON,-37.74466,144.66783,2020,11,November,7,Morning Peak,Weekday
T20200021169,2020-11-27,12:18:00,1,Collision with vehicle,5,Friday,130,REAR END(VEHICLES IN SAME LANE),1,668708,Not at intersection,3,60,Arterial Other,GAP,HUME,-37.578667,144.71219,2020,11,November,12,Midday,Weekday
T20200021168,2020-11-27,08:18:00,1,Collision with vehicle,5,Friday,113,RIGHT NEAR (INTERSECTIONS ONLY),1,39894,Cross intersection,2,60,Arterial Other,MAIDSTONE,HOBSONS BAY,-37.86316,144.81203,2020,11,November,8,Morning Peak,Weekday
T20200021167,2020-11-27,12:34:00,1,Collision with vehicle,5,Friday,147,VEHICLE STRIKES ANOTHER VEH WHILE EMERGING FROM DRIVEWAY,1,668923,Not at intersection,3,60,Local Road,MERTON,HOBSONS BAY,-37.85747,144.7795,2020,11,November,12,Midday,Weekday
T20200021161,2020-11-27,09:14:00,1,Collision with vehicle,5,Friday,113,RIGHT NEAR (INTERSECTIONS ONLY),1,48624,T intersection,3,60,Local Road,CHANDRA,MAROONDAH,-37.828533,145.30295,2020,11,November,9,Morning Peak,Weekday
T20200021214,2020-11-27,18:10:00,1,Collision with vehicle,5,Friday,110,CROSS TRAFFIC(INTERSECTIONS ONLY),1,51700,Cross intersection,3,60,Arterial Highway,HIGH,BENDIGO,-36.779793,144.25024,2020,11,November,18,Afternoon Peak,Weekday
T20200021525,2020-11-27,13:30:00,1,Collision with vehicle,5,Friday,145,REVERSING IN STREAM OF TRAFFIC,9,669634,Not at intersection,3,50,Local Road,ELGIN,WELLINGTON,-38.10333,147.07814,2020,11,November,13,Midday,Weekday
T20200021158,2020-11-27,08:30:00,1,Collision with vehicle,5,Friday,121,RIGHT THROUGH,1,57629,Cross intersection,2,80,Arterial Highway,PRINCES,GEELONG,-38.084152,144.3583,2020,11,November,8,Morning Peak,Weekday
T20200021145,2020-11-27,00:24:00,1,Collision with vehicle,5,Friday,130,REAR END(VEHICLES IN SAME LANE),5,670516,Multiple intersection,3,80,Freeway,BEACH-PRINCES OUT,GEELONG,-38.016056,144.4688,2020,11,November,0,Late Night,Weekday
T20200021147,2020-11-27,05:45:00,1,Collision with vehicle,5,Friday,110,CROSS TRAFFIC(INTERSECTIONS ONLY),1,41745,Cross intersection,2,80,Arterial Highway,WELLINGTON,MONASH,-37.91636,145.1401,2020,11,November,5,Morning Peak,Weekday
T20200021149,2020-11-27,04:30:00,4,Collision with a fixed object,5,Friday,171,LEFT OFF CARRIAGEWAY INTO OBJECT/PARKED VEHICLE,3,673279,Not at intersection,3,70,Arterial Highway,PLENTY,DAREBIN,-37.710697,145.04861,2020,11,November,4,Late Night,Weekday
T20200021153,2020-11-27,08:04:00,1,Collision with vehicle,5,Friday,110,CROSS TRAFFIC(INTERSECTIONS ONLY),1,780710,Cross intersection,3,70,Arterial Other,HEIDELBERG-WARRANDYTE,MANNINGHAM,-37.752563,145.13503,2020,11,November,8,Morning Peak,Weekday
T20200021317,2020-11-28,20:56:00,6,Vehicle overturned (no collision),6,Saturday,170,OFF CARRIAGEWAY TO LEFT,2,669584,Not at intersection,3,100,Local Road,THEWLIS,CARDINIA,-38.02949,145.45155,2020,11,November,20,Night,Weekend
T20200021302,2020-11-28,16:30:00,1,Collision with vehicle,6,Saturday,152,PULLING OUT (OVERTAKING),1,669889,Not at intersection,2,60,Arterial Other,BONEO,MORNINGTON PENINSULA,-38.473377,144.92786,2020,11,November,16,Afternoon Peak,Weekend
T20200021318,2020-11-28,15:00:00,1,Collision with vehicle,6,Saturday,163,VEHICLE STRIKES DOOR OF PARKED/STATIONARY VEHICLE,1,669585,Not at intersection,3,40,Local Road,ELIZABETH,MELBOURNE,-37.814377,144.96323,2020,11,November,15,Afternoon Peak,Weekend
T20200021319,2020-11-28,15:30:00,1,Collision with vehicle,6,Saturday,116,LEFT NEAR (INTERSECTIONS ONLY),1,224261,T intersection,2,100,Arterial Highway,MOOROODUC,MORNINGTON PENINSULA,-38.26508,145.0729,2020,11,November,15,Afternoon Peak,Weekend
T20200021320,2020-11-28,17:50:00,1,Collision with vehicle,6,Saturday,110,CROSS TRAFFIC(INTERSECTIONS ONLY),1,43618,Cross intersection,2,50,Local Road,BANBURY,DAREBIN,-37.707214,144.99013,2020,11,November,17,Afternoon Peak,Weekend
T20200021326,2020-11-28,23:52:00,1,Collision with vehicle,6,Saturday,116,LEFT NEAR (INTERSECTIONS ONLY),3,225712,Multiple intersection,3,80,Freeway,PLENTY VALLEY,WHITTLESEA,-37.686172,145.06775,2020,11,November,23,Night,Weekend
T20200021267,2020-11-28,06:25:00,1,Collision with vehicle,6,Saturday,110,CROSS TRAFFIC(INTERSECTIONS ONLY),2,38799,Cross intersection,3,50,Local Road,COWPER,MARIBYRNONG,-37.806698,144.90193,2020,11,November,6,Morning Peak,Weekend
T20200021700,2020-11-28,11:15:00,1,Collision with vehicle,6,Saturday,110,CROSS TRAFFIC(INTERSECTIONS ONLY),1,44025,Cross intersection,3,80,Local Road,BOES,MORNINGTON PENINSULA,-38.29993,145.16699,2020,11,November,11,Midday,Weekend
T20200021244,2020-11-28,00:09:00,4,Collision with a fixed object,6,Saturday,173,RIGHT OFF CARRIAGEWAY INTO OBJECT/PARKED VEHICLE,3,118658,Not at intersection,3,60,Arterial Other,BRIDGE,YARRA,-37.81832,144.99677,2020,11,November,0,Late Night,Weekend
T20200021248,2020-11-28,02:40:00,6,Vehicle overturned (no collision),6,Saturday,172,OFF CARRIAGEWAY TO RIGHT,3,63530,T intersection,2,60,Local Road,COX,BRIMBANK,-37.755825,144.80794,2020,11,November,2,Late Night,Weekend
T20200021249,2020-11-28,00:27:00,1,Collision with vehicle,6,Saturday,160,VEHICLE COLLIDES WITH VEHICLE PARKED ON LEFT OF ROAD,3,678009,Not at intersection,2,60,Local Road,MONT ALBERT,BOROONDARA,-37.819897,145.09355,2020,11,November,0,Late Night,Weekend
T20200021331,2020-11-28,23:52:00,1,Collision with vehicle,6,Saturday,133,LANE SIDE SWIPE (VEHICLES IN PARALLEL LANES),3,265522,Cross intersection,3,50,Local Road,EAGLEVIEW,WYNDHAM,-37.887707,144.7641,2020,11,November,23,Night,Weekend
T20200021281,2020-11-28,13:15:00,1,Collision with vehicle,6,Saturday,110,CROSS TRAFFIC(INTERSECTIONS ONLY),1,25396,Cross intersection,2,50,Arterial Highway,DEAKIN,MILDURA,-34.186665,142.16101,2020,11,November,13,Midday,Weekend
T20200021250,2020-11-28,03:00:00,4,Collision with a fixed object,6,Saturday,181,OFF RIGHT BEND INTO OBJECT/PARKED VEHICLE,5,668714,Not at intersection,2,100,Local Road,LANCEFIELD-PYALONG,MITCHELL,-37.187733,144.82172,2020,11,November,3,Late Night,Weekend
T20200021253,2020-11-28,04:36:00,1,Collision with vehicle,6,Saturday,110,CROSS TRAFFIC(INTERSECTIONS ONLY),3,30939,Cross intersection,3,40,Arterial Highway,ALEXANDRA,YARRA,-37.79312,144.97934,2020,11,November,4,Late Night,Weekend
T20200021255,2020-11-28,04:32:00,2,Struck Pedestrian,6,Saturday,102,FAR SIDE. PED HIT BY VEHICLE FROM THE LEFT,3,669887,Not at intersection,3,80,Arterial Highway,GEELONG,MARIBYRNONG,-37.811005,144.86993,2020,11,November,4,Late Night,Weekend
T20200021303,2020-11-28,16:30:00,4,Collision with a fixed object,6,Saturday,183,OFF LEFT BEND INTO OBJECT/PARKED VEHICLE,1,676799,Not at intersection,2,100,Local Road,MOONLIGHT HEAD,CORANGAMITE,-38.745476,143.25424,2020,11,November,16,Afternoon Peak,Weekend
T20200021283,2020-11-28,11:15:00,8,No collision and no object struck,6,Saturday,184,OUT OF CONTROL ON CARRIAGEWAY (ON BEND),1,672824,Not at intersection,3,100,Arterial Other,VICTORIA VALLEY,SOUTHERN GRAMPIANS,-37.424374,142.44695,2020,11,November,11,Midday,Weekend
T20200021291,2020-11-28,11:30:00,6,Vehicle overturned (no collision),6,Saturday,182,OFF CARRIAGEWAY ON LEFT BEND,1,672243,Not at intersection,2,100,Local Road,UPPER DARGO,WELLINGTON,-37.384968,147.27423,2020,11,November,11,Midday,Weekend
T20200021767,2020-11-28,20:41:00,1,Collision with vehicle,6,Saturday,169,OTHER ON PATH,3,681952,Not at intersection,3,50,Local Road,BARROW,MORELAND,-37.76322,144.96924,2020,11,November,20,Night,Weekend
T20200021287,2020-11-28,14:19:00,6,Vehicle overturned (no collision),6,Saturday,170,OFF CARRIAGEWAY TO LEFT,1,669542,Not at intersection,2,100,Local Road,EVANS,GEELONG,-38.05312,144.31287,2020,11,November,14,Midday,Weekend
T20200021305,2020-11-28,17:00:00,4,Collision with a fixed object,6,Saturday,173,RIGHT OFF CARRIAGEWAY INTO OBJECT/PARKED VEHICLE,1,668989,Not at intersection,2,60,Local Road,ORIEL,BANYULE,-37.74628,145.04198,2020,11,November,17,Afternoon Peak,Weekend
T20200021266,2020-11-28,10:30:00,1,Collision with vehicle,6,Saturday,110,CROSS TRAFFIC(INTERSECTIONS ONLY),1,233917,Cross intersection,2,80,Local Road,DAVIS,WYNDHAM,-37.815388,144.65686,2020,11,November,10,Midday,Weekend
T20200021299,2020-11-28,17:05:00,1,Collision with vehicle,6,Saturday,148,VEHICLE OFF FOOTPATH STRIKES VEH ON CARRIAGEWAY,1,669255,Not at intersection,2,50,Local Road,TRAMWAY,BAYSIDE,-37.987015,145.04333,2020,11,November,17,Afternoon Peak,Weekend
T20200021296,2020-11-28,16:30:00,4,Collision with a fixed object,6,Saturday,173,RIGHT OFF CARRIAGEWAY INTO OBJECT/PARKED VEHICLE,1,50449,Cross intersection,3,50,Arterial Highway,GRAHAM STREET -MCKENZIE,BASS COAST,-38.605804,145.59372,2020,11,November,16,Afternoon Peak,Weekend
T20200021332,2020-11-28,22:21:00,4,Collision with a fixed object,6,Saturday,171,LEFT OFF CARRIAGEWAY INTO OBJECT/PARKED VEHICLE,5,670067,Not at intersection,2,80,Local Road,SUTHERLANDS CREEK,GEELONG,-37.9905,144.25665,2020,11,November,22,Night,Weekend
T20200021288,2020-11-28,13:00:00,2,Struck Pedestrian,6,Saturday,101,PED EMERGES FROM IN FRONT OF PARKED OR STATIONARY VEHICLE,1,688021,Not at intersection,3,40,Local Road,FREDERICK,MANNINGHAM,-37.787563,145.12683,2020,11,November,13,Midday,Weekend
T20200021308,2020-11-28,20:49:00,4,Collision with a fixed object,6,Saturday,173,RIGHT OFF CARRIAGEWAY INTO OBJECT/PARKED VEHICLE,1,751727,Not at intersection,2,100,Arterial Other,MAFFRA-BRIAGOLONG,WELLINGTON,-37.941288,146.98982,2020,11,November,20,Night,Weekend
T20200021275,2020-11-28,12:40:00,1,Collision with vehicle,6,Saturday,130,REAR END(VEHICLES IN SAME LANE),1,675703,Not at intersection,3,60,Arterial Other,BERWICK-CRANBOURNE,CASEY,-38.114643,145.29471,2020,11,November,12,Midday,Weekend
T20200021310,2020-11-28,18:55:00,1,Collision with vehicle,6,Saturday,113,RIGHT NEAR (INTERSECTIONS ONLY),2,229680,T intersection,2,70,Local Road,ERNST WANKE,CASEY,-38.01532,145.3282,2020,11,November,18,Afternoon Peak,Weekend
T20200022110,2020-11-28,23:30:00,1,Collision with vehicle,6,Saturday,130,REAR END(VEHICLES IN SAME LANE),6,671933,Not at intersection,3,60,Local Road,HOPE,CARDINIA,-38.097275,145.71548,2020,11,November,23,Night,Weekend
T20200021312,2020-11-28,19:49:00,6,Vehicle overturned (no collision),6,Saturday,174,OUT OF CONTROL ON CARRIAGEWAY (ON STRAIGHT),2,671614,Not at intersection,3,60,Arterial Highway,PRINCES HIGHWAY,MARIBYRNONG,-37.794544,144.90189,2020,11,November,19,Night,Weekend
T20200021314,2020-11-28,16:43:00,4,Collision with a fixed object,6,Saturday,171,LEFT OFF CARRIAGEWAY INTO OBJECT/PARKED VEHICLE,1,673190,T intersection,3,50,Local Road,SELANDRA,CASEY,-38.106384,145.3249,2020,11,November,16,Afternoon Peak,Weekend
T20200021295,2020-11-28,12:50:00,4,Collision with a fixed object,6,Saturday,183,OFF LEFT BEND INTO OBJECT/PARKED VEHICLE,1,668663,T intersection,1,100,Local Road,GOORAMADDA,INDIGO,-36.000736,146.54393,2020,11,November,12,Midday,Weekend
T20200021276,2020-11-28,10:50:00,5,collision with some other object,6,Saturday,166,STRUCK OBJECT ON CARRIAGEWAY,1,681475,Not at intersection,2,100,Arterial Other,HEALESVILLE-KINGLAKE,MURRINDINDI,-37.5313,145.44205,2020,11,November,10,Midday,Weekend
T20200021284,2020-11-28,14:00:00,4,Collision with a fixed object,6,Saturday,171,LEFT OFF CARRIAGEWAY INTO OBJECT/PARKED VEHICLE,1,675909,Not at intersection,2,100,Arterial Other,CENTRAL KIALLA,SHEPPARTON,-36.464302,145.43184,2020,11,November,14,Midday,Weekend
T20200021292,2020-11-28,15:20:00,1,Collision with vehicle,6,Saturday,110,CROSS TRAFFIC(INTERSECTIONS ONLY),1,54028,Cross intersection,3,50,Arterial Other,STURT,BALLARAT,-37.56095,143.85045,2020,11,November,15,Afternoon Peak,Weekend
T20210000348,2020-11-29,16:40:00,1,Collision with vehicle,7,Sunday,130,REAR END(VEHICLES IN SAME LANE),1,49246,T intersection,3,80,Arterial Highway,GLENELG HIGHWAY -SMYTHES,BALLARAT,-37.5904,143.80649,2020,11,November,16,Afternoon Peak,Weekend
T20200021325,2020-11-29,01:30:00,1,Collision with vehicle,7,Sunday,130,REAR END(VEHICLES IN SAME LANE),3,672891,T intersection,3,40,Arterial Highway,KINGS,MELBOURNE,-37.820866,144.9578,2020,11,November,1,Late Night,Weekend
T20200021334,2020-11-29,01:55:00,4,Collision with a fixed object,7,Sunday,173,RIGHT OFF CARRIAGEWAY INTO OBJECT/PARKED VEHICLE,5,676882,Not at intersection,2,80,Arterial Highway,MAROONDAH,YARRA RANGES,-37.592957,145.64,2020,11,November,1,Late Night,Weekend
T20200021340,2020-11-29,04:25:00,4,Collision with a fixed object,7,Sunday,173,RIGHT OFF CARRIAGEWAY INTO OBJECT/PARKED VEHICLE,3,36737,T intersection,3,80,Arterial Highway,PRINCES,DANDENONG,-37.941467,145.16606,2020,11,November,4,Late Night,Weekend
T20200021348,2020-11-29,09:30:00,4,Collision with a fixed object,7,Sunday,173,RIGHT OFF CARRIAGEWAY INTO OBJECT/PARKED VEHICLE,1,683357,Not at intersection,2,100,Local Road,NAGAMBIE-RUSHWORTH,STRATHBOGIE,-36.7295,145.03831,2020,11,November,9,Morning Peak,Weekend
T20200021350,2020-11-29,10:47:00,4,Collision with a fixed object,7,Sunday,181,OFF RIGHT BEND INTO OBJECT/PARKED VEHICLE,1,669065,Not at intersection,2,80,Local Road,U T CREEK,MURRINDINDI,-37.199512,145.82193,2020,11,November,10,Midday,Weekend
T20200021357,2020-11-29,12:04:00,4,Collision with a fixed object,7,Sunday,173,RIGHT OFF CARRIAGEWAY INTO OBJECT/PARKED VEHICLE,1,670068,Not at intersection,2,50,Local Road,GRAY,SOUTHERN GRAMPIANS,-37.744686,142.02145,2020,11,November,12,Midday,Weekend
T20200021358,2020-11-29,12:30:00,1,Collision with vehicle,7,Sunday,113,RIGHT NEAR (INTERSECTIONS ONLY),1,58010,Cross intersection,2,80,Arterial Highway,FRANKSTON-DANDENONG,FRANKSTON,-38.099445,145.1725,2020,11,November,12,Midday,Weekend
T20200021363,2020-11-29,12:30:00,6,Vehicle overturned (no collision),7,Sunday,174,OUT OF CONTROL ON CARRIAGEWAY (ON STRAIGHT),1,669149,Cross intersection,2,100,Local Road,TELEPHONE,WELLINGTON,-38.1686,146.87624,2020,11,November,12,Midday,Weekend
T20200021364,2020-11-29,10:52:00,4,Collision with a fixed object,7,Sunday,183,OFF LEFT BEND INTO OBJECT/PARKED VEHICLE,1,682998,Not at intersection,2,100,Arterial Other,MEENIYAN-PROMONTORY,SOUTH GIPPSLAND,-38.647976,146.0104,2020,11,November,10,Midday,Weekend
T20200021367,2020-11-29,13:00:00,4,Collision with a fixed object,7,Sunday,193,STRUCK RAILWAY CROSSING FURNITURE,1,672498,Not at intersection,2,60,Local Road,FLAXMILL,COLAC OTWAY,-38.327087,143.6141,2020,11,November,13,Midday,Weekend
T20200021371,2020-11-29,13:10:00,1,Collision with vehicle,7,Sunday,116,LEFT NEAR (INTERSECTIONS ONLY),1,36427,T intersection,2,80,Arterial Highway,WARBURTON,YARRA RANGES,-37.77624,145.57648,2020,11,November,13,Midday,Weekend
T20200021372,2020-11-29,14:19:00,1,Collision with vehicle,7,Sunday,130,REAR END(VEHICLES IN SAME LANE),1,668802,Not at intersection,2,40,Arterial Other,TOORAK,STONNINGTON,-37.840652,145.00522,2020,11,November,14,Midday,Weekend
T20200021374,2020-11-29,14:30:00,1,Collision with vehicle,7,Sunday,132,RIGHT REAR.,1,672126,Not at intersection,2,80,Arterial Highway,MELBA,YARRA RANGES,-37.56498,145.41595,2020,11,November,14,Midday,Weekend
T20200021377,2020-11-29,01:55:00,6,Vehicle overturned (no collision),7,Sunday,170,OFF CARRIAGEWAY TO LEFT,5,675444,Not at intersection,3,100,Local Road,LAKE,TOWONG,-36.202698,147.19328,2020,11,November,1,Late Night,Weekend
T20210018558,2020-11-29,07:40:00,5,collision with some other object,7,Sunday,166,STRUCK OBJECT ON CARRIAGEWAY,1,691885,Not at intersection,3,100,Local Road,OLD SALE,BAW BAW,-38.09648,146.14421,2020,11,November,7,Morning Peak,Weekend
T20200021378,2020-11-29,16:15:00,1,Collision with vehicle,7,Sunday,120,HEAD ON (NOT OVERTAKING),1,669057,Not at intersection,2,60,Arterial Other,HIGH,MELTON,-37.68414,144.57083,2020,11,November,16,Afternoon Peak,Weekend
T20200021385,2020-11-29,13:45:00,1,Collision with vehicle,7,Sunday,130,REAR END(VEHICLES IN SAME LANE),9,674563,Not at intersection,3,80,Arterial Highway,DANDENONG-HASTINGS,DANDENONG,-38.054882,145.24374,2020,11,November,13,Midday,Weekend
T20200021386,2020-11-29,16:31:00,8,No collision and no object struck,7,Sunday,172,OFF CARRIAGEWAY TO RIGHT,1,773422,Not at intersection,2,80,Arterial Other,HEIDELBERG-KINGLAKE,NILLUMBIK,-37.62513,145.2164,2020,11,November,16,Afternoon Peak,Weekend
T20200021388,2020-11-29,19:30:00,1,Collision with vehicle,7,Sunday,113,RIGHT NEAR (INTERSECTIONS ONLY),1,332044,Cross intersection,3,60,Local Road,COLTMAN,BALLARAT,-37.54413,143.7866,2020,11,November,19,Night,Weekend
T20200021394,2020-11-29,20:01:00,1,Collision with vehicle,7,Sunday,130,REAR END(VEHICLES IN SAME LANE),2,729781,Not at intersection,3,80,Freeway,CITYLINK,MELBOURNE,-37.823505,144.93086,2020,11,November,20,Night,Weekend
T20200021400,2020-11-29,21:30:00,1,Collision with vehicle,7,Sunday,132,RIGHT REAR.,3,55575,T intersection,3,60,Local Road,BAMBRA,GLEN EIRA,-37.87754,145.03067,2020,11,November,21,Night,Weekend
T20200021401,2020-11-29,22:37:00,1,Collision with vehicle,7,Sunday,160,VEHICLE COLLIDES WITH VEHICLE PARKED ON LEFT OF ROAD,3,672050,Not at intersection,3,60,Arterial Other,BEACH,BAYSIDE,-37.97417,145.015,2020,11,November,22,Night,Weekend
T20200021404,2020-11-29,23:50:00,3,Struck animal,7,Sunday,167,STRUCK ANIMAL,5,672312,Not at intersection,2,60,Local Road,KARADOC,MILDURA,-34.233234,142.16368,2020,11,November,23,Night,Weekend
T20200023078,2020-11-29,22:10:00,1,Collision with vehicle,7,Sunday,121,RIGHT THROUGH,3,617,Cross intersection,3,60,Arterial Other,BLACKBURN,MONASH,-37.872204,145.14839,2020,11,November,22,Night,Weekend
T20200021565,2020-11-29,05:45:00,1,Collision with vehicle,7,Sunday,113,RIGHT NEAR (INTERSECTIONS ONLY),1,57609,T intersection,2,60,Local Road,ERNST WANKE,CASEY,-37.998367,145.29367,2020,11,November,5,Morning Peak,Weekend