ACCIDENT_NO,ACCIDENT_DATE,ACCIDENT_TIME,ACCIDENT_TYPE,ACCIDENT_TYPE_DESC,DAY_OF_WEEK,DAY_WEEK_DESC,DCA_CODE,DCA_DESC,LIGHT_CONDITION,NODE_ID,ROAD_GEOMETRY_DESC,SEVERITY,SPEED_ZONE,RMA,ROAD_NAME,LGA_NAME,LATITUDE,LONGITUDE,YEAR,MONTH,MONTH_NAME,HOUR,TIME_PERIOD,DAY_TYPE
T20200021392,2020-11-29,18:55:00,1,Collision with vehicle,7,Sunday,135,LANE CHANGE LEFT (NOT OVERTAKING),2,43950,Cross intersection,2,100,Arterial Other,BAXTER-TOORADIN,CASEY,-38.20252,145.2813,2020,11,November,18,Afternoon Peak,Weekend
T20200021424,2020-11-29,21:30:00,4,Collision with a fixed object,7,Sunday,181,OFF RIGHT BEND INTO OBJECT/PARKED VEHICLE,5,676819,Not at intersection,2,50,Local Road,HARRAP,MORNINGTON PENINSULA,-38.25049,145.04507,2020,11,November,21,Night,Weekend
T20200021426,2020-11-29,11:30:00,1,Collision with vehicle,7,Sunday,130,REAR END(VEHICLES IN SAME LANE),9,699021,Not at intersection,3,100,Freeway,CITYLINK,MORELAND,-37.75001,144.93451,2020,11,November,11,Midday,Weekend
T20200021735,2020-11-30,15:40:00,1,Collision with vehicle,1,Monday,147,VEHICLE STRIKES ANOTHER VEH WHILE EMERGING FROM DRIVEWAY,1,672615,Not at intersection,3,80,Local Road,CRAIG,CASEY,-38.17004,145.28802,2020,11,November,15,Afternoon Peak,Weekday
T20200021647,2020-11-30,16:10:00,1,Collision with vehicle,1,Monday,145,REVERSING IN STREAM OF TRAFFIC,1,669683,Not at intersection,3,100,Arterial Highway,PRINCES,EAST GIPPSLAND,-37.86037,147.95193,2020,11,November,16,Afternoon Peak,Weekday
T20200022000,2020-11-30,15:00:00,1,Collision with vehicle,1,Monday,121,RIGHT THROUGH,1,38064,Cross intersection,3,60,Arterial Other,STATION,DAREBIN,-37.758575,145.02156,2020,11,November,15,Afternoon Peak,Weekday
T20200021496,2020-11-30,15:47:00,1,Collision with vehicle,1,Monday,130,REAR END(VEHICLES IN SAME LANE),1,669588,T intersection,3,60,Arterial Other,MT ALEXANDER,MOONEE VALLEY,-37.777702,144.92986,2020,11,November,15,Afternoon Peak,Weekday
T20210000720,2020-11-30,07:30:00,1,Collision with vehicle,1,Monday,120,HEAD ON (NOT OVERTAKING),1,69098,T intersection,3,60,Arterial Highway,WARRIGAL,MONASH,-37.905567,145.08582,2020,11,November,7,Morning Peak,Weekday
T20200021589,2020-11-30,13:30:00,1,Collision with vehicle,1,Monday,113,RIGHT NEAR (INTERSECTIONS ONLY),1,44140,Cross intersection,3,50,Local Road,DARVALL,MORNINGTON PENINSULA,-38.375755,144.8563,2020,11,November,13,Midday,Weekday
T20210004127,2020-11-30,12:00:00,8,No collision and no object struck,1,Monday,184,OUT OF CONTROL ON CARRIAGEWAY (ON BEND),1,676567,Not at intersection,3,40,Local Road,FREESTONE CREEK,WELLINGTON,-37.66206,147.1942,2020,11,November,12,Midday,Weekday
T20200021420,2020-11-30,08:00:00,1,Collision with vehicle,1,Monday,130,REAR END(VEHICLES IN SAME LANE),1,669541,Not at intersection,3,100,Freeway,WESTERN,MELTON,-37.717094,144.642,2020,11,November,8,Morning Peak,Weekday
T20200021421,2020-11-30,08:30:00,1,Collision with vehicle,1,Monday,134,LANE CHANGE RIGHT (NOT OVERTAKING),1,669789,Not at intersection,3,60,Arterial Other,HIGH,WHITTLESEA,-37.672157,145.01538,2020,11,November,8,Morning Peak,Weekday
T20200022478,2020-11-30,19:49:00,1,Collision with vehicle,1,Monday,131,LEFT REAR,1,776837,Not at intersection,3,60,Arterial Highway,ALBERT,DAREBIN,-37.72592,145.02391,2020,11,November,19,Night,Weekday
T20200021435,2020-11-30,07:30:00,1,Collision with vehicle,1,Monday,121,RIGHT THROUGH,1,332044,Not at intersection,3,60,Local Road,COLTMAN,BALLARAT,-37.54413,143.7866,2020,11,November,7,Morning Peak,Weekday
T20200022707,2020-11-30,21:30:00,6,Vehicle overturned (no collision),1,Monday,182,OFF CARRIAGEWAY ON LEFT BEND,5,671001,Not at intersection,3,100,Local Road,GLENDALE,MURRINDINDI,-37.344765,145.66693,2020,11,November,21,Night,Weekday
T20200022211,2020-11-30,14:17:00,1,Collision with vehicle,1,Monday,130,REAR END(VEHICLES IN SAME LANE),1,760925,Not at intersection,3,80,Arterial Highway,ALEXANDRA,YARRA,-37.794044,144.9848,2020,11,November,14,Midday,Weekday
T20200022834,2020-11-30,17:00:00,1,Collision with vehicle,1,Monday,131,LEFT REAR,1,575,Cross intersection,3,50,Arterial Other,BEACONSFIELD,PORT PHILLIP,-37.858273,144.96988,2020,11,November,17,Afternoon Peak,Weekday
T20200021455,2020-11-30,14:55:00,5,collision with some other object,1,Monday,199,UNKNOWN-NO DETAILS ON MANOEUVRES OF ROAD-USERS IN ACCIDENT,1,673419,Not at intersection,2,50,Local Road,SHAMROCK,BENDIGO,-36.767185,144.26471,2020,11,November,14,Midday,Weekday
T20200021459,2020-11-30,15:36:00,1,Collision with vehicle,1,Monday,132,RIGHT REAR.,1,38800,Cross intersection,2,60,Arterial Highway,MORELAND,MARIBYRNONG,-37.807358,144.90414,2020,11,November,15,Afternoon Peak,Weekday
T20200021408,2020-11-30,05:19:00,1,Collision with vehicle,1,Monday,120,HEAD ON (NOT OVERTAKING),2,674030,Not at intersection,2,80,Arterial Other,REMEMBRANCE,BALLARAT,-37.532623,143.76425,2020,11,November,5,Morning Peak,Weekday
T20200021403,2020-11-30,04:10:00,1,Collision with vehicle,1,Monday,117,LEFT/RIGHT FAR (INTERSECTIONS ONLY),3,471,Cross intersection,2,60,Arterial Other,RACECOURSE,MELBOURNE,-37.78746,144.92131,2020,11,November,4,Late Night,Weekday
T20200021467,2020-11-30,15:45:00,1,Collision with vehicle,1,Monday,194,PARKED CAR RUN AWAY,1,670208,Not at intersection,3,50,Local Road,PLUMMER,FRANKSTON,-38.156258,145.10948,2020,11,November,15,Afternoon Peak,Weekday
T20200021469,2020-11-30,17:45:00,1,Collision with vehicle,1,Monday,113,RIGHT NEAR (INTERSECTIONS ONLY),1,342077,Cross intersection,2,80,Arterial Other,OLD PRINCES,CARDINIA,-38.051502,145.37468,2020,11,November,17,Afternoon Peak,Weekday
T20200021471,2020-11-30,14:00:00,5,collision with some other object,1,Monday,166,STRUCK OBJECT ON CARRIAGEWAY,9,704332,Not at intersection,3,40,Arterial Highway,NEPEAN,KINGSTON,-38.05203,145.1158,2020,11,November,14,Midday,Weekday
T20200021474,2020-11-30,16:20:00,1,Collision with vehicle,1,Monday,110,CROSS TRAFFIC(INTERSECTIONS ONLY),1,35078,Cross intersection,2,100,Freeway,PRINCES,CARDINIA,-38.075645,145.71494,2020,11,November,16,Afternoon Peak,Weekday
T20200021476,2020-11-30,18:47:00,1,Collision with vehicle,1,Monday,133,LANE SIDE SWIPE (VEHICLES IN PARALLEL LANES),1,29419,Cross intersection,3,40,Local Road,BOURKE,MELBOURNE,-37.81568,144.9582,2020,11,November,18,Afternoon Peak,Weekday
T20200021477,2020-11-30,18:00:00,1,Collision with vehicle,1,Monday,110,CROSS TRAFFIC(INTERSECTIONS ONLY),1,52463,Cross intersection,2,50,Local Road,EIGHTH,MILDURA,-34.176807,142.15277,2020,11,November,18,Afternoon Peak,Weekday
T20200021478,2020-11-30,21:06:00,1,Collision with vehicle,1,Monday,121,RIGHT THROUGH,3,71697,T intersection,2,60,Local Road,MARLOCK,FRANKSTON,-38.121246,145.16629,2020,11,November,21,Night,Weekday
T20200021479,2020-11-30,17:30:00,1,Collision with vehicle,1,Monday,130,REAR END(VEHICLES IN SAME LANE),1,669296,Not at intersection,3,60,Arterial Other,BEACONSFIELD,PORT PHILLIP,-37.84526,144.94336,2020,11,November,17,Afternoon Peak,Weekday
T20200021445,2020-11-30,12:30:00,2,Struck Pedestrian,1,Monday,102,FAR SIDE. PED HIT BY VEHICLE FROM THE LEFT,1,38770,T intersection,2,50,Local Road,BYRON,MARIBYRNONG,-37.799103,144.89969,2020,11,November,12,Midday,Weekday
T20200021481,2020-11-30,21:51:00,1,Collision with vehicle,1,Monday,120,HEAD ON (NOT OVERTAKING),3,672530,Not at intersection,3,80,Arterial Highway,NEPEAN,MORNINGTON PENINSULA,-38.2955,145.0303,2020,11,November,21,Night,Weekday
T20200021483,2020-11-30,20:51:00,1,Collision with vehicle,1,Monday,120,HEAD ON (NOT OVERTAKING),5,300812,Not at intersection,2,70,Arterial Other,LYSTERFIELD,KNOX,-37.90506,145.29555,2020,11,November,20,Night,Weekday
T20200022123,2020-11-30,15:45:00,1,Collision with vehicle,1,Monday,130,REAR END(VEHICLES IN SAME LANE),1,773372,Not at intersection,3,100,Freeway,MONASH,CASEY,-37.98476,145.24817,2020,11,November,15,Afternoon Peak,Weekday
T20200021583,2020-12-01,13:54:00,1,Collision with vehicle,2,Tuesday,120,HEAD ON (NOT OVERTAKING),1,729786,Not at intersection,3,100,Arterial Other,BALLAN-DAYLESFORD,HEPBURN,-37.40285,144.12468,2020,12,December,13,Midday,Weekday
T20200021516,2020-12-01,14:25:00,1,Collision with vehicle,2,Tuesday,116,LEFT NEAR (INTERSECTIONS ONLY),1,670200,T intersection,3,80,Arterial Other,MAFFRA-SALE,WELLINGTON,-38.064568,147.02945,2020,12,December,14,Midday,Weekday
T20200021518,2020-12-01,08:25:00,4,Collision with a fixed object,2,Tuesday,171,LEFT OFF CARRIAGEWAY INTO OBJECT/PARKED VEHICLE,1,671406,Not at intersection,3,100,Arterial Other,BENDIGO-MURCHISON,CAMPASPE,-36.603436,145.08875,2020,12,December,8,Morning Peak,Weekday
T20200021526,2020-12-01,16:16:00,1,Collision with vehicle,2,Tuesday,111,RIGHT FAR (INTERSECTIONS ONLY),1,328180,Cross intersection,3,80,Freeway,VINEYARD-CALDER IN,HUME,-37.611485,144.71048,2020,12,December,16,Afternoon Peak,Weekday
T20200021770,2020-12-01,16:15:00,1,Collision with vehicle,2,Tuesday,113,RIGHT NEAR (INTERSECTIONS ONLY),1,41037,T intersection,3,60,Arterial Other,DORSET,KNOX,-37.86906,145.28525,2020,12,December,16,Afternoon Peak,Weekday
T20200021497,2020-12-01,08:08:00,1,Collision with vehicle,2,Tuesday,130,REAR END(VEHICLES IN SAME LANE),1,670196,Not at intersection,3,80,Freeway,WESTERN RING OUT-PASCOE VALE,HUME,-37.693916,144.91461,2020,12,December,8,Morning Peak,Weekday
T20200021531,2020-12-01,14:25:00,4,Collision with a fixed object,2,Tuesday,183,OFF LEFT BEND INTO OBJECT/PARKED VEHICLE,1,678960,Not at intersection,3,100,Arterial Highway,SOUTH GIPPSLAND,SOUTH GIPPSLAND,-38.61628,146.14334,2020,12,December,14,Midday,Weekday
T20200021533,2020-12-01,17:59:00,4,Collision with a fixed object,2,Tuesday,171,LEFT OFF CARRIAGEWAY INTO OBJECT/PARKED VEHICLE,1,749881,Not at intersection,2,70,Local Road,STINTONS,MANNINGHAM,-37.771664,145.20724,2020,12,December,17,Afternoon Peak,Weekday
T20200022364,2020-12-01,18:32:00,1,Collision with vehicle,2,Tuesday,121,RIGHT THROUGH,1,41786,Cross intersection,3,80,Arterial Highway,SPRINGVALE,MONASH,-37.910885,145.16008,2020,12,December,18,Afternoon Peak,Weekday
T20200021534,2020-12-01,08:55:00,1,Collision with vehicle,2,Tuesday,147,VEHICLE STRIKES ANOTHER VEH WHILE EMERGING FROM DRIVEWAY,1,670195,Not at intersection,3,60,Local Road,UNNAMED,GEELONG,-38.17411,144.37115,2020,12,December,8,Morning Peak,Weekday
T20210001639,2020-12-01,15:00:00,1,Collision with vehicle,2,Tuesday,131,LEFT REAR,1,282758,T intersection,3,60,Arterial Other,MELTON,MELTON,-37.691334,144.74,2020,12,December,15,Afternoon Peak,Weekday
T20200021557,2020-12-01,23:05:00,2,Struck Pedestrian,2,Tuesday,102,FAR SIDE. PED HIT BY VEHICLE FROM THE LEFT,3,72522,T intersection,2,80,Arterial Highway,BELLARINE,GEELONG,-38.18227,144.43565,2020,12,December,23,Night,Weekday
T20200021501,2020-12-01,09:40:00,1,Collision with vehicle,2,Tuesday,121,RIGHT THROUGH,1,223511,T intersection,2,70,Arterial Other,MT DANDENONG,MAROONDAH,-37.800037,145.26701,2020,12,December,9,Morning Peak,Weekday
T20200021558,2020-12-01,21:40:00,1,Collision with vehicle,2,Tuesday,110,CROSS TRAFFIC(INTERSECTIONS ONLY),4,46372,Cross intersection,2,80,Arterial Other,BALLARTO,CASEY,-38.142998,145.39948,2020,12,December,21,Night,Weekday
T20200021507,2020-12-01,14:10:00,1,Collision with vehicle,2,Tuesday,113,RIGHT NEAR (INTERSECTIONS ONLY),1,41700,T intersection,3,50,Arterial Other,CLAYTON,MONASH,-37.918144,145.12108,2020,12,December,14,Midday,Weekday
T20200021564,2020-12-01,23:25:00,4,Collision with a fixed object,2,Tuesday,171,LEFT OFF CARRIAGEWAY INTO OBJECT/PARKED VEHICLE,3,672809,T intersection,3,50,Local Road,GILBERT,DAREBIN,-37.73234,144.99103,2020,12,December,23,Night,Weekday
T20200021541,2020-12-01,18:58:00,1,Collision with vehicle,2,Tuesday,111,RIGHT FAR (INTERSECTIONS ONLY),1,729784,T intersection,3,80,Arterial Highway,WELLINGTON,MONASH,-37.921867,145.18623,2020,12,December,18,Afternoon Peak,Weekday
T20200021543,2020-12-01,15:30:00,1,Collision with vehicle,2,Tuesday,130,REAR END(VEHICLES IN SAME LANE),1,729460,Unknown,3,80,Arterial Highway,DANDENONG,MONASH,-37.914402,145.12732,2020,12,December,15,Afternoon Peak,Weekday
T20200021542,2020-12-01,17:30:00,1,Collision with vehicle,2,Tuesday,120,HEAD ON (NOT OVERTAKING),1,670145,Not at intersection,3,100,Arterial Other,YARRA JUNCTION-NOOJEE,YARRA RANGES,-37.871098,145.78139,2020,12,December,17,Afternoon Peak,Weekday
T20200021511,2020-12-01,13:15:00,1,Collision with vehicle,2,Tuesday,147,VEHICLE STRIKES ANOTHER VEH WHILE EMERGING FROM DRIVEWAY,1,729783,Cross intersection,2,80,Arterial Highway,MAROONDAH,YARRA RANGES,-37.75316,145.36543,2020,12,December,13,Midday,Weekday
T20200021512,2020-12-01,13:30:00,4,Collision with a fixed object,2,Tuesday,173,RIGHT OFF CARRIAGEWAY INTO OBJECT/PARKED VEHICLE,1,673374,Not at intersection,3,100,Arterial Other,MEENIYAN-MIRBOO NORTH,SOUTH GIPPSLAND,-38.518414,146.11526,2020,12,December,13,Midday,Weekday
T20200021513,2020-12-01,14:25:00,6,Vehicle overturned (no collision),2,Tuesday,174,OUT OF CONTROL ON CARRIAGEWAY (ON STRAIGHT),1,671773,Cross intersection,3,50,Local Road,FIRESTONE,WODONGA,-36.11959,146.8358,2020,12,December,14,Midday,Weekday
T20200021556,2020-12-01,14:58:00,1,Collision with vehicle,2,Tuesday,147,VEHICLE STRIKES ANOTHER VEH WHILE EMERGING FROM DRIVEWAY,1,685645,Not at intersection,3,80,Arterial Other,THOMPSONS,CASEY,-38.078014,145.24225,2020,12,December,14,Midday,Weekday
T20200021550,2020-12-01,21:30:00,1,Collision with vehicle,2,Tuesday,142,LEAVING PARKING,3,670612,Not at intersection,2,40,Local Road,DORCAS,PORT PHILLIP,-37.83281,144.96126,2020,12,December,21,Night,Weekday
T20200021544,2020-12-01,19:20:00,1,Collision with vehicle,2,Tuesday,116,LEFT NEAR (INTERSECTIONS ONLY),1,669064,T intersection,3,80,Arterial Highway,VESPER,CASEY,-38.018032,145.29509,2020,12,December,19,Night,Weekday
T20200023341,2020-12-01,15:20:00,1,Collision with vehicle,2,Tuesday,110,CROSS TRAFFIC(INTERSECTIONS ONLY),1,42926,Cross intersection,3,50,Local Road,LEONARD,DANDENONG,-37.973118,145.17502,2020,12,December,15,Afternoon Peak,Weekday
T20200021545,2020-12-01,19:40:00,1,Collision with vehicle,2,Tuesday,113,RIGHT NEAR (INTERSECTIONS ONLY),1,35320,Cross intersection,2,80,Arterial Highway,MOOROODUC,FRANKSTON,-38.146645,145.1358,2020,12,December,19,Night,Weekday
T20200021486,2020-12-01,04:55:00,1,Collision with vehicle,2,Tuesday,110,CROSS TRAFFIC(INTERSECTIONS ONLY),3,299287,Cross intersection,2,80,Arterial Other,THOMPSONS,CASEY,-38.084538,145.29578,2020,12,December,4,Late Night,Weekday
T20200021739,2020-12-01,13:00:00,6,Vehicle overturned (no collision),2,Tuesday,174,OUT OF CONTROL ON CARRIAGEWAY (ON STRAIGHT),1,669349,Not at intersection,2,50,Arterial Other,TIMBOON-NULLAWARRE,MOYNE,-38.46936,142.75002,2020,12,December,13,Midday,Weekday
T20200021546,2020-12-01,12:15:00,1,Collision with vehicle,2,Tuesday,130,REAR END(VEHICLES IN SAME LANE),1,29585,T intersection,3,60,Arterial Other,MELBOURNE,HOBSONS BAY,-37.840485,144.88287,2020,12,December,12,Midday,Weekday
T20200022636,2020-12-01,13:30:00,5,collision with some other object,2,Tuesday,191,LOAD OR MISSILE STRUCK VEHICLE,1,671777,Not at intersection,3,40,Arterial Other,WANGARATTA-WHITFIELD,WANGARATTA,-36.389374,146.33328,2020,12,December,13,Midday,Weekday
T20200021514,2020-12-01,13:59:00,1,Collision with vehicle,2,Tuesday,130,REAR END(VEHICLES IN SAME LANE),1,669420,Not at intersection,3,100,Freeway,SOUTH GIPPSLAND OUT-POUND,CASEY,-38.025436,145.24843,2020,12,December,13,Midday,Weekday
T20200021577,2020-12-01,11:24:00,1,Collision with vehicle,2,Tuesday,116,LEFT NEAR (INTERSECTIONS ONLY),1,669258,T intersection,3,100,Arterial Other,KOO WEE RUP-LONGWARRY,CARDINIA,-38.18556,145.54367,2020,12,December,11,Midday,Weekday
T20200022646,2020-12-01,21:00:00,1,Collision with vehicle,2,Tuesday,130,REAR END(VEHICLES IN SAME LANE),9,168,T intersection,3,80,Arterial Highway,FRANKSTON-DANDENONG,DANDENONG,-38.031662,145.21194,2020,12,December,21,Night,Weekday
T20200021551,2020-12-01,21:17:00,1,Collision with vehicle,2,Tuesday,130,REAR END(VEHICLES IN SAME LANE),5,61605,T intersection,3,50,Local Road,MAIN,WHITTLESEA,-37.678413,144.99603,2020,12,December,21,Night,Weekday
T20200021553,2020-12-01,22:00:00,1,Collision with vehicle,2,Tuesday,140,U TURN,3,674627,Not at intersection,2,60,Arterial Other,CENTRE,DANDENONG,-37.932774,145.15295,2020,12,December,22,Night,Weekday
T20200021580,2020-12-01,12:10:00,1,Collision with vehicle,2,Tuesday,130,REAR END(VEHICLES IN SAME LANE),1,278529,Cross intersection,3,60,Arterial Highway,GEORGE,DANDENONG,-37.989765,145.20476,2020,12,December,12,Midday,Weekday
T20210004527,2020-12-02,16:00:00,1,Collision with vehicle,3,Wednesday,130,REAR END(VEHICLES IN SAME LANE),1,33233,T intersection,3,80,Arterial Other,NARRE WARREN,CASEY,-38.09299,145.29378,2020,12,December,16,Afternoon Peak,Weekday
T20200021618,2020-12-02,16:20:00,1,Collision with vehicle,3,Wednesday,130,REAR END(VEHICLES IN SAME LANE),1,45782,T intersection,2,60,Arterial Other,SAGES,FRANKSTON,-38.19451,145.14691,2020,12,December,16,Afternoon Peak,Weekday
T20200021623,2020-12-02,18:15:00,4,Collision with a fixed object,3,Wednesday,183,OFF LEFT BEND INTO OBJECT/PARKED VEHICLE,1,673828,Not at intersection,3,80,Arterial Highway,MAROONDAH,YARRA RANGES,-37.637135,145.58304,2020,12,December,18,Afternoon Peak,Weekday
T20200021628,2020-12-02,16:28:00,2,Struck Pedestrian,3,Wednesday,101,PED EMERGES FROM IN FRONT OF PARKED OR STATIONARY VEHICLE,1,669260,Not at intersection,2,50,Local Road,GLENELG,HOBSONS BAY,-37.88029,144.75919,2020,12,December,16,Afternoon Peak,Weekday
T20200021609,2020-12-02,14:00:00,6,Vehicle overturned (no collision),3,Wednesday,170,OFF CARRIAGEWAY TO LEFT,1,729462,Not at intersection,3,100,Arterial Highway,MAROONDAH,MANSFIELD,-37.021637,145.90326,2020,12,December,14,Midday,Weekday
T20200021630,2020-12-02,19:05:00,4,Collision with a fixed object,3,Wednesday,171,LEFT OFF CARRIAGEWAY INTO OBJECT/PARKED VEHICLE,1,673375,Not at intersection,2,60,Arterial Other,STEPHENSONS,MONASH,-37.894863,145.12518,2020,12,December,19,Night,Weekday
T20200021633,2020-12-02,17:21:00,1,Collision with vehicle,3,Wednesday,130,REAR END(VEHICLES IN SAME LANE),1,729787,Not at intersection,3,60,Arterial Other,CANTERBURY,WHITEHORSE,-37.829414,145.12775,2020,12,December,17,Afternoon Peak,Weekday
T20200021634,2020-12-02,16:00:00,1,Collision with vehicle,3,Wednesday,140,U TURN,1,669261,Not at intersection,3,50,Local Road,WATERVIEW,HUME,-37.602753,144.90376,2020,12,December,16,Afternoon Peak,Weekday
T20200021756,2020-12-02,14:30:00,8,No collision and no object struck,3,Wednesday,174,OUT OF CONTROL ON CARRIAGEWAY (ON STRAIGHT),1,39184,T intersection,3,60,Arterial Other,WHITEHORSE,BOROONDARA,-37.813496,145.08678,2020,12,December,14,Midday,Weekday
T20200021636,2020-12-02,14:00:00,1,Collision with vehicle,3,Wednesday,140,U TURN,1,669160,Not at intersection,2,60,Local Road,CHUM,BENDIGO,-36.7637,144.2511,2020,12,December,14,Midday,Weekday
T20200021637,2020-12-02,18:06:00,1,Collision with vehicle,3,Wednesday,110,CROSS TRAFFIC(INTERSECTIONS ONLY),1,340956,Cross intersection,3,60,Local Road,FORSYTH,WYNDHAM,-37.843407,144.73167,2020,12,December,18,Afternoon Peak,Weekday
T20200021639,2020-12-02,21:39:00,1,Collision with vehicle,3,Wednesday,113,RIGHT NEAR (INTERSECTIONS ONLY),3,299841,T intersection,2,70,Arterial Highway,STAWELL,HORSHAM,-36.73347,142.20554,2020,12,December,21,Night,Weekday
T20200021640,2020-12-02,21:35:00,1,Collision with vehicle,3,Wednesday,140,U TURN,3,669341,Not at intersection,3,60,Arterial Other,DORSET,KNOX,-37.88172,145.28447,2020,12,December,21,Night,Weekday
T20200021607,2020-12-02,15:00:00,1,Collision with vehicle,3,Wednesday,110,CROSS TRAFFIC(INTERSECTIONS ONLY),1,59245,Cross intersection,2,100,Arterial Highway,MIDLAND,SHEPPARTON,-36.440815,145.03186,2020,12,December,15,Afternoon Peak,Weekday
T20200021642,2020-12-02,13:30:00,1,Collision with vehicle,3,Wednesday,163,VEHICLE STRIKES DOOR OF PARKED/STATIONARY VEHICLE,1,669342,Not at intersection,3,40,Local Road,HIGH,DAREBIN,-37.759155,145.0005,2020,12,December,13,Midday,Weekday
T20200023332,2020-12-02,11:30:00,1,Collision with vehicle,3,Wednesday,130,REAR END(VEHICLES IN SAME LANE),1,673280,Not at intersection,3,60,Freeway,WESTERN,MELTON,-37.73552,144.67229,2020,12,December,11,Midday,Weekday
T20210003333,2020-12-02,13:30:00,1,Collision with vehicle,3,Wednesday,130,REAR END(VEHICLES IN SAME LANE),1,29883,Multiple intersection,3,50,Local Road,HUMPHRIES,FRANKSTON,-38.19378,145.12386,2020,12,December,13,Midday,Weekday
T20200021615,2020-12-02,17:00:00,1,Collision with vehicle,3,Wednesday,130,REAR END(VEHICLES IN SAME LANE),1,670205,T intersection,3,50,Local Road,WIDFORD,HUME,-37.687077,144.92667,2020,12,December,17,Afternoon Peak,Weekday
T20200021616,2020-12-02,14:04:00,1,Collision with vehicle,3,Wednesday,130,REAR END(VEHICLES IN SAME LANE),1,669259,Not at intersection,2,70,Arterial Highway,DANDENONG,PORT PHILLIP,-37.8598,145.00604,2020,12,December,14,Midday,Weekday
T20200021568,2020-12-02,05:45:00,4,Collision with a fixed object,3,Wednesday,151,OUT OF CONTROL (OVERTAKING),2,784592,Not at intersection,2,80,Freeway,HUME-METROPOLITAN RING IN,WHITTLESEA,-37.687088,144.98616,2020,12,December,5,Morning Peak,Weekday
T20200021582,2020-12-02,05:20:00,4,Collision with a fixed object,3,Wednesday,173,RIGHT OFF CARRIAGEWAY INTO OBJECT/PARKED VEHICLE,2,671297,Not at intersection,3,100,Arterial Highway,PRINCES,SURF COAST,-38.25778,143.9447,2020,12,December,5,Morning Peak,Weekday
T20200021620,2020-12-02,17:09:00,1,Collision with vehicle,3,Wednesday,171,LEFT OFF CARRIAGEWAY INTO OBJECT/PARKED VEHICLE,1,671616,Not at intersection,2,100,Freeway,DUNCANS-PRINCES IN,WYNDHAM,-37.910706,144.68413,2020,12,December,17,Afternoon Peak,Weekday
T20200022055,2020-12-02,16:00:00,8,No collision and no object struck,3,Wednesday,174,OUT OF CONTROL ON CARRIAGEWAY (ON STRAIGHT),9,35307,Cross intersection,3,60,Local Road,HOWARD,MELBOURNE,-37.805626,144.95369,2020,12,December,16,Afternoon Peak,Weekday
T20200022510,2020-12-02,16:00:00,1,Collision with vehicle,3,Wednesday,132,RIGHT REAR.,1,673323,Not at intersection,3,60,Arterial Other,CENTRE,KINGSTON,-37.929813,145.12924,2020,12,December,16,Afternoon Peak,Weekday
T20200021605,2020-12-02,14:00:00,1,Collision with vehicle,3,Wednesday,120,HEAD ON (NOT OVERTAKING),1,684689,Not at intersection,2,60,Local Road,ETIWANDA,MILDURA,-34.210506,142.1518,2020,12,December,14,Midday,Weekday
T20200022054,2020-12-02,06:50:00,1,Collision with vehicle,3,Wednesday,134,LANE CHANGE RIGHT (NOT OVERTAKING),1,670250,Not at intersection,3,80,Arterial Highway,PRINCES,CASEY,-38.02757,145.31696,2020,12,December,6,Morning Peak,Weekday
T20200021603,2020-12-02,12:30:00,1,Collision with vehicle,3,Wednesday,113,RIGHT NEAR (INTERSECTIONS ONLY),1,50807,Cross intersection,2,80,Arterial Highway,MURRAY VALLEY,MOIRA,-35.92548,145.55954,2020,12,December,12,Midday,Weekday
T20200021600,2020-12-02,13:36:00,4,Collision with a fixed object,3,Wednesday,171,LEFT OFF CARRIAGEWAY INTO OBJECT/PARKED VEHICLE,1,670206,Not at intersection,2,60,Local Road,CALDER PARK,BRIMBANK,-37.702827,144.75652,2020,12,December,13,Midday,Weekday
T20200021784,2020-12-02,08:20:00,1,Collision with vehicle,3,Wednesday,139,OTHER SAME DIRECTION-MANOUEVRES NOT INCLUDED IN DCAs 130-137,1,776885,Not at intersection,3,40,Local Road,AUGUS,MELTON,-37.71088,144.62633,2020,12,December,8,Morning Peak,Weekday
T20200021595,2020-12-02,08:21:00,1,Collision with vehicle,3,Wednesday,148,VEHICLE OFF FOOTPATH STRIKES VEH ON CARRIAGEWAY,1,673129,Not at intersection,2,70,Local Road,HULL,YARRA RANGES,-37.775055,145.3326,2020,12,December,8,Morning Peak,Weekday
T20200021570,2020-12-02,07:48:00,1,Collision with vehicle,3,Wednesday,121,RIGHT THROUGH,1,35318,Cross intersection,3,40,Local Road,LYGON,MELBOURNE,-37.804893,144.96622,2020,12,December,7,Morning Peak,Weekday
T20200021974,2020-12-02,21:30:00,1,Collision with vehicle,3,Wednesday,132,RIGHT REAR.,9,669894,Not at intersection,3,60,Arterial Other,SYDNEY,MORELAND,-37.718304,144.96294,2020,12,December,21,Night,Weekday
T20200021572,2020-12-02,07:05:00,1,Collision with vehicle,3,Wednesday,121,RIGHT THROUGH,1,669155,Cross intersection,2,60,Local Road,BURGUNDY,MORELAND,-37.730457,144.92834,2020,12,December,7,Morning Peak,Weekday