ACCIDENT_NO,ACCIDENT_DATE,ACCIDENT_TIME,ACCIDENT_TYPE,ACCIDENT_TYPE_DESC,DAY_OF_WEEK,DAY_WEEK_DESC,DCA_CODE,DCA_DESC,LIGHT_CONDITION,NODE_ID,ROAD_GEOMETRY_DESC,SEVERITY,SPEED_ZONE,RMA,ROAD_NAME,LGA_NAME,LATITUDE,LONGITUDE,YEAR,MONTH,MONTH_NAME,HOUR,TIME_PERIOD,DAY_TYPE
T20200021836,2020-12-02,09:20:00,1,Collision with vehicle,3,Wednesday,111,RIGHT FAR (INTERSECTIONS ONLY),1,308661,T intersection,3,60,Local Road,EXFORD,MELTON,-37.732224,144.57635,2020,12,December,9,Morning Peak,Weekday
T20200021594,2020-12-02,12:20:00,6,Vehicle overturned (no collision),3,Wednesday,172,OFF CARRIAGEWAY TO RIGHT,1,670338,Not at intersection,3,80,Freeway,AIRPORT,BRIMBANK,-37.70814,144.86708,2020,12,December,12,Midday,Weekday
T20200021592,2020-12-02,09:45:00,1,Collision with vehicle,3,Wednesday,121,RIGHT THROUGH,1,54649,T intersection,3,80,Arterial Highway,MAIN,EAST GIPPSLAND,-37.84195,147.59189,2020,12,December,9,Morning Peak,Weekday
T20200021591,2020-12-02,10:45:00,1,Collision with vehicle,3,Wednesday,113,RIGHT NEAR (INTERSECTIONS ONLY),1,71165,Y intersection,2,60,Arterial Other,GEELONG,GOLDEN PLAINS,-38.044456,144.17332,2020,12,December,10,Midday,Weekday
T20200021590,2020-12-02,07:15:00,4,Collision with a fixed object,3,Wednesday,173,RIGHT OFF CARRIAGEWAY INTO OBJECT/PARKED VEHICLE,1,254500,Not at intersection,3,80,Freeway,MONASH,MONASH,-37.91513,145.16852,2020,12,December,7,Morning Peak,Weekday
T20200022006,2020-12-02,16:30:00,1,Collision with vehicle,3,Wednesday,139,OTHER SAME DIRECTION-MANOUEVRES NOT INCLUDED IN DCAs 130-137,1,669689,Not at intersection,3,80,Arterial Highway,WELLINGTON,KNOX,-37.925793,145.21536,2020,12,December,16,Afternoon Peak,Weekday
T20200021774,2020-12-02,18:56:00,1,Collision with vehicle,3,Wednesday,121,RIGHT THROUGH,1,65831,Cross intersection,3,40,Arterial Other,KING,MELBOURNE,-37.812466,144.95392,2020,12,December,18,Afternoon Peak,Weekday
T20200022548,2020-12-02,14:05:00,1,Collision with vehicle,3,Wednesday,130,REAR END(VEHICLES IN SAME LANE),1,670745,Not at intersection,3,70,Arterial Highway,ST GEORGES,DAREBIN,-37.75626,144.99365,2020,12,December,14,Midday,Weekday
T20200023465,2020-12-02,13:04:00,1,Collision with vehicle,3,Wednesday,110,CROSS TRAFFIC(INTERSECTIONS ONLY),1,45420,Cross intersection,3,60,Arterial Other,MT ALEXANDER,MOONEE VALLEY,-37.765263,144.92372,2020,12,December,13,Midday,Weekday
T20200021586,2020-12-02,08:20:00,1,Collision with vehicle,3,Wednesday,148,VEHICLE OFF FOOTPATH STRIKES VEH ON CARRIAGEWAY,1,669421,Not at intersection,2,40,Local Road,DOCK LINK,MELBOURNE,-37.80779,144.91612,2020,12,December,8,Morning Peak,Weekday
T20200021566,2020-12-02,00:25:00,4,Collision with a fixed object,3,Wednesday,171,LEFT OFF CARRIAGEWAY INTO OBJECT/PARKED VEHICLE,3,669294,Not at intersection,2,60,Arterial Other,BAYSWATER,MAROONDAH,-37.812244,145.26945,2020,12,December,0,Late Night,Weekday
T20200022233,2020-12-03,12:44:00,1,Collision with vehicle,4,Thursday,121,RIGHT THROUGH,1,45212,T intersection,3,60,Local Road,ROSAMOND,MARIBYRNONG,-37.773823,144.88596,2020,12,December,12,Midday,Weekday
T20210011652,2020-12-03,16:28:00,1,Collision with vehicle,4,Thursday,121,RIGHT THROUGH,1,730232,T intersection,3,60,Local Road,BENNET,DANDENONG,-37.990368,145.19885,2020,12,December,16,Afternoon Peak,Weekday
T20210004280,2020-12-03,15:15:00,1,Collision with vehicle,4,Thursday,147,VEHICLE STRIKES ANOTHER VEH WHILE EMERGING FROM DRIVEWAY,1,780782,Not at intersection,3,40,Local Road,TEDDINGTON,BAYSIDE,-37.93625,145.02098,2020,12,December,15,Afternoon Peak,Weekday
T20200021646,2020-12-03,07:14:00,4,Collision with a fixed object,4,Thursday,171,LEFT OFF CARRIAGEWAY INTO OBJECT/PARKED VEHICLE,1,670147,Not at intersection,2,70,Arterial Other,KINGS,BRIMBANK,-37.741234,144.7795,2020,12,December,7,Morning Peak,Weekday
T20200021649,2020-12-03,07:45:00,1,Collision with vehicle,4,Thursday,120,HEAD ON (NOT OVERTAKING),1,669589,T intersection,3,50,Local Road,STEVEDORE,HOBSONS BAY,-37.856693,144.8959,2020,12,December,7,Morning Peak,Weekday
T20200021652,2020-12-03,10:14:00,1,Collision with vehicle,4,Thursday,121,RIGHT THROUGH,1,359583,Cross intersection,3,60,Arterial Highway,WARBURTON,YARRA RANGES,-37.781586,145.43245,2020,12,December,10,Midday,Weekday
T20200021660,2020-12-03,11:05:00,1,Collision with vehicle,4,Thursday,142,LEAVING PARKING,1,672128,Not at intersection,2,50,Local Road,TANTI,MORNINGTON PENINSULA,-38.22297,145.04642,2020,12,December,11,Midday,Weekday
T20200021661,2020-12-03,12:40:00,2,Struck Pedestrian,4,Thursday,102,FAR SIDE. PED HIT BY VEHICLE FROM THE LEFT,1,673315,T intersection,3,50,Local Road,HENRY,BOROONDARA,-37.82279,145.04234,2020,12,December,12,Midday,Weekday
T20200021662,2020-12-03,04:45:00,3,Struck animal,4,Thursday,167,STRUCK ANIMAL,2,671013,Not at intersection,3,100,Local Road,CORADJIL,CORANGAMITE,-38.46701,143.22832,2020,12,December,4,Late Night,Weekday
T20200021664,2020-12-03,09:00:00,1,Collision with vehicle,4,Thursday,139,OTHER SAME DIRECTION-MANOUEVRES NOT INCLUDED IN DCAs 130-137,1,683546,Not at intersection,3,70,Arterial Highway,PLENTY VALLEY,WHITTLESEA,-37.689808,145.06482,2020,12,December,9,Morning Peak,Weekday
T20200021671,2020-12-03,11:17:00,4,Collision with a fixed object,4,Thursday,181,OFF RIGHT BEND INTO OBJECT/PARKED VEHICLE,1,672680,Not at intersection,3,60,Arterial Other,KORUMBURRA-WONTHAGGI,SOUTH GIPPSLAND,-38.484074,145.75188,2020,12,December,11,Midday,Weekday
T20200021672,2020-12-03,12:30:00,1,Collision with vehicle,4,Thursday,134,LANE CHANGE RIGHT (NOT OVERTAKING),1,224910,T intersection,3,80,Arterial Highway,COLERAINE,SOUTHERN GRAMPIANS,-37.723335,141.99582,2020,12,December,12,Midday,Weekday
T20200021675,2020-12-03,14:22:00,1,Collision with vehicle,4,Thursday,130,REAR END(VEHICLES IN SAME LANE),1,670209,Not at intersection,3,80,Freeway,WESTERN RING IN-PRINCES OUT,HOBSONS BAY,-37.832153,144.81204,2020,12,December,14,Midday,Weekday
T20200021677,2020-12-03,10:23:00,1,Collision with vehicle,4,Thursday,130,REAR END(VEHICLES IN SAME LANE),1,688311,Not at intersection,3,80,Freeway,MONASH,MONASH,-37.88525,145.09839,2020,12,December,10,Midday,Weekday
T20200023435,2020-12-03,09:00:00,1,Collision with vehicle,4,Thursday,110,CROSS TRAFFIC(INTERSECTIONS ONLY),9,57874,Cross intersection,3,50,Arterial Other,ALBION,MORELAND,-37.757427,144.93443,2020,12,December,9,Morning Peak,Weekday
T20200021683,2020-12-03,13:50:00,1,Collision with vehicle,4,Thursday,130,REAR END(VEHICLES IN SAME LANE),1,673829,Not at intersection,3,80,Arterial Highway,NEPEAN,KINGSTON,-37.983955,145.07591,2020,12,December,13,Midday,Weekday
T20200021688,2020-12-03,12:45:00,1,Collision with vehicle,4,Thursday,110,CROSS TRAFFIC(INTERSECTIONS ONLY),1,685528,Cross intersection,2,100,Local Road,DEVENISH-WANGARATTA,BENALLA,-36.317375,146.03773,2020,12,December,12,Midday,Weekday
T20200021689,2020-12-03,15:30:00,1,Collision with vehicle,4,Thursday,110,CROSS TRAFFIC(INTERSECTIONS ONLY),1,36066,Cross intersection,2,60,Arterial Highway,RACECOURSE,MELBOURNE,-37.789173,144.94002,2020,12,December,15,Afternoon Peak,Weekday
T20200021696,2020-12-03,16:10:00,1,Collision with vehicle,4,Thursday,130,REAR END(VEHICLES IN SAME LANE),1,669262,Not at intersection,2,100,Freeway,MONASH,CASEY,-37.984577,145.24797,2020,12,December,16,Afternoon Peak,Weekday
T20200021698,2020-12-03,16:45:00,1,Collision with vehicle,4,Thursday,130,REAR END(VEHICLES IN SAME LANE),1,669346,Not at intersection,3,80,Freeway,WESTERN RING OUT-PASCOE VALE,HUME,-37.693527,144.9092,2020,12,December,16,Afternoon Peak,Weekday
T20200021705,2020-12-03,17:35:00,1,Collision with vehicle,4,Thursday,130,REAR END(VEHICLES IN SAME LANE),1,44736,Not at intersection,3,60,Arterial Other,GRIMSHAW,BANYULE,-37.70436,145.10068,2020,12,December,17,Afternoon Peak,Weekday
T20200021708,2020-12-03,17:05:00,1,Collision with vehicle,4,Thursday,121,RIGHT THROUGH,1,35718,Cross intersection,3,60,Arterial Other,JOHNSTONE,HUME,-37.683914,144.91374,2020,12,December,17,Afternoon Peak,Weekday
T20200021710,2020-12-03,14:16:00,1,Collision with vehicle,4,Thursday,142,LEAVING PARKING,1,679213,Not at intersection,3,60,Arterial Other,MORELAND,MORELAND,-37.753094,144.94423,2020,12,December,14,Midday,Weekday
T20200021711,2020-12-03,16:45:00,2,Struck Pedestrian,4,Thursday,104,PED WALKING WITH TRAFFIC,1,673420,Not at intersection,3,50,Local Road,MAUDE,SHEPPARTON,-36.372974,145.40245,2020,12,December,16,Afternoon Peak,Weekday
T20200021714,2020-12-03,20:54:00,4,Collision with a fixed object,4,Thursday,173,RIGHT OFF CARRIAGEWAY INTO OBJECT/PARKED VEHICLE,3,35577,T intersection,3,60,Arterial Other,PASCOE VALE,HUME,-37.68369,144.91829,2020,12,December,20,Night,Weekday
T20200021715,2020-12-03,15:40:00,1,Collision with vehicle,4,Thursday,121,RIGHT THROUGH,1,670995,Cross intersection,3,50,Arterial Highway,ELIMATTA,GLEN EIRA,-37.905865,145.05627,2020,12,December,15,Afternoon Peak,Weekday
T20200021718,2020-12-03,17:15:00,1,Collision with vehicle,4,Thursday,121,RIGHT THROUGH,1,41659,Cross intersection,2,60,Arterial Other,WAVERLEY,MONASH,-37.882515,145.109,2020,12,December,17,Afternoon Peak,Weekday
T20200021719,2020-12-03,22:03:00,1,Collision with vehicle,4,Thursday,121,RIGHT THROUGH,3,10986,Cross intersection,3,80,Arterial Other,NARRE WARREN NORTH,CASEY,-38.02077,145.30801,2020,12,December,22,Night,Weekday
T20200021721,2020-12-03,22:29:00,4,Collision with a fixed object,4,Thursday,173,RIGHT OFF CARRIAGEWAY INTO OBJECT/PARKED VEHICLE,3,671223,Not at intersection,2,80,Arterial Highway,NEPEAN,BAYSIDE,-37.90367,145.00732,2020,12,December,22,Night,Weekday
T20200021722,2020-12-03,21:12:00,1,Collision with vehicle,4,Thursday,121,RIGHT THROUGH,3,36813,Cross intersection,2,60,Arterial Other,NORMANBY,PORT PHILLIP,-37.828957,144.94844,2020,12,December,21,Night,Weekday
T20200021723,2020-12-03,23:29:00,1,Collision with vehicle,4,Thursday,110,CROSS TRAFFIC(INTERSECTIONS ONLY),3,32692,Cross intersection,3,80,Arterial Highway,WELLINGTON,MONASH,-37.91869,145.15866,2020,12,December,23,Night,Weekday
T20200021726,2020-12-03,21:03:00,1,Collision with vehicle,4,Thursday,130,REAR END(VEHICLES IN SAME LANE),3,675523,T intersection,2,70,Arterial Other,BALLARAT,BRIMBANK,-37.777473,144.83333,2020,12,December,21,Night,Weekday
T20200021742,2020-12-03,15:40:00,1,Collision with vehicle,4,Thursday,130,REAR END(VEHICLES IN SAME LANE),1,669592,Not at intersection,3,100,Freeway,EASTERN,WHITEHORSE,-37.79796,145.13852,2020,12,December,15,Afternoon Peak,Weekday
T20200021759,2020-12-03,15:30:00,3,Struck animal,4,Thursday,167,STRUCK ANIMAL,1,669502,Not at intersection,3,80,Arterial Other,KIEWA VALLEY,WODONGA,-36.16835,146.94872,2020,12,December,15,Afternoon Peak,Weekday
T20200021896,2020-12-03,14:00:00,6,Vehicle overturned (no collision),4,Thursday,174,OUT OF CONTROL ON CARRIAGEWAY (ON STRAIGHT),1,669504,Not at intersection,2,100,Local Road,OLD SYDNEY,MITCHELL,-37.37691,144.96535,2020,12,December,14,Midday,Weekday
T20200022940,2020-12-03,18:00:00,1,Collision with vehicle,4,Thursday,130,REAR END(VEHICLES IN SAME LANE),1,670681,Not at intersection,3,60,Arterial Other,BALLARAT,MARIBYRNONG,-37.785217,144.87474,2020,12,December,18,Afternoon Peak,Weekday
T20210007723,2020-12-03,15:45:00,1,Collision with vehicle,4,Thursday,110,CROSS TRAFFIC(INTERSECTIONS ONLY),1,730098,Cross intersection,3,60,Local Road,ROCKBANK MIDDLE,MELTON,-37.743233,144.73552,2020,12,December,15,Afternoon Peak,Weekday
T20200021981,2020-12-03,19:07:00,1,Collision with vehicle,4,Thursday,147,VEHICLE STRIKES ANOTHER VEH WHILE EMERGING FROM DRIVEWAY,1,670211,Not at intersection,2,50,Local Road,SHELL,GEELONG,-38.259064,144.54811,2020,12,December,19,Night,Weekday
T20200022040,2020-12-03,17:45:00,8,No collision and no object struck,4,Thursday,175,OFF END OF ROAD/T-INTERSECTION.,1,610171,T intersection,2,100,Freeway,SNOW,WANGARATTA,-36.42624,146.2583,2020,12,December,17,Afternoon Peak,Weekday
T20200021643,2020-12-03,06:53:00,1,Collision with vehicle,4,Thursday,135,LANE CHANGE LEFT (NOT OVERTAKING),1,671539,Not at intersection,2,70,Arterial Other,SOUTH,KINGSTON,-37.935425,145.05336,2020,12,December,6,Morning Peak,Weekday
T20200021799,2020-12-04,19:44:00,1,Collision with vehicle,5,Friday,135,LANE CHANGE LEFT (NOT OVERTAKING),1,673247,Not at intersection,2,80,Arterial Highway,DANDENONG,MONASH,-37.92121,145.13786,2020,12,December,19,Night,Weekday
T20200021780,2020-12-04,17:30:00,1,Collision with vehicle,5,Friday,130,REAR END(VEHICLES IN SAME LANE),1,37604,T intersection,2,40,Arterial Other,TOORAK,MELBOURNE,-37.837723,144.98178,2020,12,December,17,Afternoon Peak,Weekday
T20200022097,2020-12-04,08:30:00,6,Vehicle overturned (no collision),5,Friday,174,OUT OF CONTROL ON CARRIAGEWAY (ON STRAIGHT),1,672682,Not at intersection,2,60,Arterial Other,GORDON,MARIBYRNONG,-37.796227,144.88861,2020,12,December,8,Morning Peak,Weekday
T20200021825,2020-12-04,14:46:00,1,Collision with vehicle,5,Friday,160,VEHICLE COLLIDES WITH VEHICLE PARKED ON LEFT OF ROAD,1,679119,Not at intersection,3,50,Local Road,LAURA,CASEY,-38.044224,145.27869,2020,12,December,14,Midday,Weekday
T20200021740,2020-12-04,09:50:00,2,Struck Pedestrian,5,Friday,100,PED NEAR SIDE. PED HIT BY VEHICLE FROM THE RIGHT.,1,670249,Not at intersection,2,60,Arterial Other,MAIN,NILLUMBIK,-37.702774,145.16667,2020,12,December,9,Morning Peak,Weekday
T20200022132,2020-12-04,16:20:00,1,Collision with vehicle,5,Friday,130,REAR END(VEHICLES IN SAME LANE),1,43231,T intersection,3,40,Arterial Highway,NEPEAN,KINGSTON,-38.04665,145.11325,2020,12,December,16,Afternoon Peak,Weekday
T20200021728,2020-12-04,02:08:00,6,Vehicle overturned (no collision),5,Friday,172,OFF CARRIAGEWAY TO RIGHT,3,773323,T intersection,3,50,Local Road,ALEXANDER,WHITTLESEA,-37.68126,145.02287,2020,12,December,2,Late Night,Weekday
T20200021803,2020-12-04,22:15:00,8,No collision and no object struck,5,Friday,172,OFF CARRIAGEWAY TO RIGHT,3,669997,Not at intersection,2,60,Local Road,WILLIAM ANGLISS,WYNDHAM,-37.81362,144.7823,2020,12,December,22,Night,Weekday
T20200021790,2020-12-04,18:10:00,1,Collision with vehicle,5,Friday,147,VEHICLE STRIKES ANOTHER VEH WHILE EMERGING FROM DRIVEWAY,1,682037,Not at intersection,2,60,Arterial Other,HOLMES,MORELAND,-37.7586,144.97455,2020,12,December,18,Afternoon Peak,Weekday
T20200021769,2020-12-04,12:40:00,6,Vehicle overturned (no collision),5,Friday,180,OFF CARRIAGEWAY ON RIGHT BEND,1,671541,Not at intersection,2,100,Arterial Other,COLERAINE-EDENHOPE,WEST WIMMERA,-37.083973,141.36201,2020,12,December,12,Midday,Weekday
T20200023450,2020-12-04,11:45:00,1,Collision with vehicle,5,Friday,113,RIGHT NEAR (INTERSECTIONS ONLY),1,11101,Cross intersection,3,70,Freeway,SEAFORD-FRANKSTON IN,FRANKSTON,-38.10867,145.13852,2020,12,December,11,Midday,Weekday
T20200021749,2020-12-04,12:22:00,2,Struck Pedestrian,5,Friday,102,FAR SIDE. PED HIT BY VEHICLE FROM THE LEFT,1,773324,Not at intersection,3,40,Local Road,BEVERIDGE,SWAN HILL,-35.340157,143.55843,2020,12,December,12,Midday,Weekday
T20210000681,2020-12-04,19:23:00,1,Collision with vehicle,5,Friday,130,REAR END(VEHICLES IN SAME LANE),1,672546,Cross intersection,3,50,Local Road,CLEELAND,DANDENONG,-37.97902,145.21565,2020,12,December,19,Night,Weekday
T20200021768,2020-12-04,15:15:00,1,Collision with vehicle,5,Friday,135,LANE CHANGE LEFT (NOT OVERTAKING),1,670150,Not at intersection,2,80,Freeway,CITYLINK,MELBOURNE,-37.790646,144.9371,2020,12,December,15,Afternoon Peak,Weekday
T20200021800,2020-12-04,21:20:00,1,Collision with vehicle,5,Friday,148,VEHICLE OFF FOOTPATH STRIKES VEH ON CARRIAGEWAY,3,671373,Cross intersection,3,60,Local Road,BARKLY,MARIBYRNONG,-37.798557,144.88812,2020,12,December,21,Night,Weekday
T20200021727,2020-12-04,04:16:00,4,Collision with a fixed object,5,Friday,183,OFF LEFT BEND INTO OBJECT/PARKED VEHICLE,5,669348,Not at intersection,2,100,Local Road,HEARTSRIDGE,BAW BAW,-38.16608,146.21034,2020,12,December,4,Late Night,Weekday
T20200021760,2020-12-04,13:33:00,1,Collision with vehicle,5,Friday,147,VEHICLE STRIKES ANOTHER VEH WHILE EMERGING FROM DRIVEWAY,1,669351,Not at intersection,2,50,Local Road,BARRY,HUME,-37.667667,144.96114,2020,12,December,13,Midday,Weekday
T20200021724,2020-12-04,01:43:00,1,Collision with vehicle,5,Friday,160,VEHICLE COLLIDES WITH VEHICLE PARKED ON LEFT OF ROAD,3,27094,Not at intersection,3,70,Arterial Highway,NEPEAN,FRANKSTON,-38.13733,145.12386,2020,12,December,1,Late Night,Weekday
T20200021725,2020-12-04,02:10:00,1,Collision with vehicle,5,Friday,142,LEAVING PARKING,3,729804,Not at intersection,3,70,Arterial Highway,TORQUAY,GEELONG,-38.200817,144.3413,2020,12,December,2,Late Night,Weekday
T20200021960,2020-12-04,21:43:00,1,Collision with vehicle,5,Friday,110,CROSS TRAFFIC(INTERSECTIONS ONLY),4,780798,Cross intersection,3,80,Arterial Other,PASCOE VALE,HUME,-37.66377,144.92216,2020,12,December,21,Night,Weekday
T20200021757,2020-12-04,10:09:00,4,Collision with a fixed object,5,Friday,171,LEFT OFF CARRIAGEWAY INTO OBJECT/PARKED VEHICLE,1,670149,Not at intersection,3,60,Local Road,SHERBROOKE,YARRA RANGES,-37.87812,145.35217,2020,12,December,10,Midday,Weekday
T20200021797,2020-12-04,17:30:00,2,Struck Pedestrian,5,Friday,100,PED NEAR SIDE. PED HIT BY VEHICLE FROM THE RIGHT.,1,703548,Cross intersection,3,60,Local Road,THIRTEENTH,MILDURA,-34.188305,142.14882,2020,12,December,17,Afternoon Peak,Weekday
T20210000552,2020-12-04,18:30:00,1,Collision with vehicle,5,Friday,134,LANE CHANGE RIGHT (NOT OVERTAKING),1,672397,Not at intersection,2,70,Arterial Other,EDGARS,WHITTLESEA,-37.66576,145.00478,2020,12,December,18,Afternoon Peak,Weekday
T20200021793,2020-12-04,17:41:00,4,Collision with a fixed object,5,Friday,181,OFF RIGHT BEND INTO OBJECT/PARKED VEHICLE,1,669461,Not at intersection,1,80,Local Road,CHERRY TREE,NILLUMBIK,-37.64637,145.22597,2020,12,December,17,Afternoon Peak,Weekday
T20200021792,2020-12-04,19:14:00,1,Collision with vehicle,5,Friday,120,HEAD ON (NOT OVERTAKING),1,670299,Not at intersection,3,60,Local Road,DEEP CREEK,WHITEHORSE,-37.814976,145.20905,2020,12,December,19,Night,Weekday
T20200022125,2020-12-04,22:00:00,1,Collision with vehicle,5,Friday,131,LEFT REAR,6,698091,Not at intersection,2,80,Arterial Other,CLYDE-FIVE WAYS,CASEY,-38.15476,145.31985,2020,12,December,22,Night,Weekday
T20200023148,2020-12-04,08:00:00,1,Collision with vehicle,5,Friday,130,REAR END(VEHICLES IN SAME LANE),1,670918,Not at intersection,3,80,Freeway,BULLA-CALDER OUT,MOONEE VALLEY,-37.735287,144.89767,2020,12,December,8,Morning Peak,Weekday
T20200021816,2020-12-04,05:20:00,1,Collision with vehicle,5,Friday,113,RIGHT NEAR (INTERSECTIONS ONLY),1,35737,Cross intersection,2,80,Arterial Other,CRANBOURNE,CASEY,-38.065277,145.29912,2020,12,December,5,Morning Peak,Weekday
T20200021755,2020-12-04,11:50:00,1,Collision with vehicle,5,Friday,110,CROSS TRAFFIC(INTERSECTIONS ONLY),1,669350,Cross intersection,3,50,Local Road,BELLAVISTA,WHITTLESEA,-37.613945,145.01495,2020,12,December,11,Midday,Weekday
T20200021781,2020-12-04,13:57:00,1,Collision with vehicle,5,Friday,130,REAR END(VEHICLES IN SAME LANE),1,682432,Not at intersection,2,80,Local Road,REYNOLDS,MANNINGHAM,-37.76558,145.18764,2020,12,December,13,Midday,Weekday
T20200021783,2020-12-04,15:47:00,1,Collision with vehicle,5,Friday,131,LEFT REAR,1,669425,Cross intersection,3,60,Local Road,GOURLAY,MELTON,-37.692123,144.7442,2020,12,December,15,Afternoon Peak,Weekday
T20200021789,2020-12-04,17:48:00,8,No collision and no object struck,5,Friday,174,OUT OF CONTROL ON CARRIAGEWAY (ON STRAIGHT),1,37122,Cross intersection,3,40,Arterial Other,BRIDGE,YARRA,-37.818066,144.99463,2020,12,December,17,Afternoon Peak,Weekday
T20200021745,2020-12-04,07:20:00,1,Collision with vehicle,5,Friday,110,CROSS TRAFFIC(INTERSECTIONS ONLY),1,234221,Cross intersection,3,100,Arterial Other,MURTOA-GLENORCHY,YARRIAMBIACK,-36.746952,142.52286,2020,12,December,7,Morning Peak,Weekday
T20200021734,2020-12-04,06:15:00,1,Collision with vehicle,5,Friday,110,CROSS TRAFFIC(INTERSECTIONS ONLY),1,776834,Cross intersection,3,60,Arterial Other,PALMERS,WYNDHAM,-37.857395,144.74774,2020,12,December,6,Morning Peak,Weekday
T20200021938,2020-12-04,16:20:00,1,Collision with vehicle,5,Friday,137,LEFT TURN SIDESWIPE,1,47916,T intersection,3,60,Arterial Other,BURKE,BOROONDARA,-37.802708,145.06215,2020,12,December,16,Afternoon Peak,Weekday
T20200022710,2020-12-04,09:00:00,1,Collision with vehicle,5,Friday,130,REAR END(VEHICLES IN SAME LANE),1,688565,Not at intersection,3,80,Arterial Highway,NEPEAN,BAYSIDE,-37.88815,145.00052,2020,12,December,9,Morning Peak,Weekday
T20200021902,2020-12-04,19:45:00,1,Collision with vehicle,5,Friday,163,VEHICLE STRIKES DOOR OF PARKED/STATIONARY VEHICLE,2,676542,Not at intersection,3,40,Local Road,CHAPEL,STONNINGTON,-37.852474,144.99326,2020,12,December,19,Night,Weekday
T20210008492,2020-12-04,14:40:00,1,Collision with vehicle,5,Friday,130,REAR END(VEHICLES IN SAME LANE),1,681490,T intersection,3,60,Arterial Other,MURRAY,DAREBIN,-37.737373,144.99799,2020,12,December,14,Midday,Weekday
T20200021822,2020-12-05,09:06:00,5,collision with some other object,6,Saturday,166,STRUCK OBJECT ON CARRIAGEWAY,1,675638,Not at intersection,2,80,Arterial Highway,GREAT OCEAN,SURF COAST,-38.431602,144.13902,2020,12,December,9,Morning Peak,Weekend
T20200021832,2020-12-05,11:30:00,1,Collision with vehicle,6,Saturday,147,VEHICLE STRIKES ANOTHER VEH WHILE EMERGING FROM DRIVEWAY,1,669429,Not at intersection,2,60,Arterial Highway,BULLEEN,BOROONDARA,-37.778797,145.0787,2020,12,December,11,Midday,Weekend
T20200021828,2020-12-05,10:42:00,1,Collision with vehicle,6,Saturday,121,RIGHT THROUGH,1,669792,T intersection,3,70,Arterial Other,BAYSWATER,MAROONDAH,-37.830723,145.26907,2020,12,December,10,Midday,Weekend
T20200021827,2020-12-05,09:15:00,4,Collision with a fixed object,6,Saturday,171,LEFT OFF CARRIAGEWAY INTO OBJECT/PARKED VEHICLE,1,670301,Not at intersection,2,60,Local Road,WILSONS,GEELONG,-38.196537,144.38664,2020,12,December,9,Morning Peak,Weekend
T20200023672,2020-12-05,14:00:00,7,Fall from or in moving vehicle,6,Saturday,184,OUT OF CONTROL ON CARRIAGEWAY (ON BEND),1,671474,T intersection,3,100,Local Road,NORTH HARCOURT,BENDIGO,-36.927803,144.2843,2020,12,December,14,Midday,Weekend
T20200021824,2020-12-05,10:20:00,1,Collision with vehicle,6,Saturday,147,VEHICLE STRIKES ANOTHER VEH WHILE EMERGING FROM DRIVEWAY,1,669427,Not at intersection,3,50,Local Road,TYERS,GLENELG,-38.344303,141.60611,2020,12,December,10,Midday,Weekend
T20200021823,2020-12-05,07:07:00,1,Collision with vehicle,6,Saturday,113,RIGHT NEAR (INTERSECTIONS ONLY),1,59838,T intersection,2,60,Local Road,COOK,BENDIGO,-36.78514,144.28865,2020,12,December,7,Morning Peak,Weekend
T20200021820,2020-12-05,07:50:00,1,Collision with vehicle,6,Saturday,120,HEAD ON (NOT OVERTAKING),1,596,T intersection,2,70,Arterial Highway,DANDENONG,GLEN EIRA,-37.8713,145.03552,2020,12,December,7,Morning Peak,Weekend
T20200021818,2020-12-05,06:40:00,4,Collision with a fixed object,6,Saturday,171,LEFT OFF CARRIAGEWAY INTO OBJECT/PARKED VEHICLE,1,670741,Not at intersection,2,100,Arterial Highway,SOUTH GIPPSLAND,CARDINIA,-38.213696,145.45769,2020,12,December,6,Morning Peak,Weekend
T20200021813,2020-12-05,04:00:00,4,Collision with a fixed object,6,Saturday,171,LEFT OFF CARRIAGEWAY INTO OBJECT/PARKED VEHICLE,3,675087,Not at intersection,3,60,Arterial Highway,NEPEAN,KINGSTON,-38.013443,145.09117,2020,12,December,4,Late Night,Weekend
T20200021972,2020-12-05,11:30:00,6,Vehicle overturned (no collision),6,Saturday,184,OUT OF CONTROL ON CARRIAGEWAY (ON BEND),1,669687,Not at intersection,3,100,Local Road,WARNERS,INDIGO,-36.27614,146.63107,2020,12,December,11,Midday,Weekend
T20210005257,2020-12-05,11:30:00,6,Vehicle overturned (no collision),6,Saturday,184,OUT OF CONTROL ON CARRIAGEWAY (ON BEND),1,729999,Not at intersection,2,100,Local Road,LOWER FRANKLIN,SOUTH GIPPSLAND,-38.678337,146.24866,2020,12,December,11,Midday,Weekend
T20210000086,2020-12-05,15:02:00,1,Collision with vehicle,6,Saturday,121,RIGHT THROUGH,1,773515,Not at intersection,2,60,Local Road,TAYLORS,BRIMBANK,-37.72601,144.76807,2020,12,December,15,Afternoon Peak,Weekend