ACCIDENT_NO,ACCIDENT_DATE,ACCIDENT_TIME,ACCIDENT_TYPE,ACCIDENT_TYPE_DESC,DAY_OF_WEEK,DAY_WEEK_DESC,DCA_CODE,DCA_DESC,LIGHT_CONDITION,NODE_ID,ROAD_GEOMETRY_DESC,SEVERITY,SPEED_ZONE,RMA,ROAD_NAME,LGA_NAME,LATITUDE,LONGITUDE,YEAR,MONTH,MONTH_NAME,HOUR,TIME_PERIOD,DAY_TYPE
T20200022409,2020-12-05,06:00:00,8,No collision and no object struck,6,Saturday,199,UNKNOWN-NO DETAILS ON MANOEUVRES OF ROAD-USERS IN ACCIDENT,1,682310,Not at intersection,3,50,Local Road,LAKESIDE,PORT PHILLIP,-37.855274,144.97873,2020,12,December,6,Morning Peak,Weekend
T20200021879,2020-12-05,19:25:00,4,Collision with a fixed object,6,Saturday,173,RIGHT OFF CARRIAGEWAY INTO OBJECT/PARKED VEHICLE,1,669595,Not at intersection,3,70,Arterial Highway,TORQUAY,GEELONG,-38.203377,144.34094,2020,12,December,19,Night,Weekend
T20200021873,2020-12-05,21:16:00,2,Struck Pedestrian,6,Saturday,194,PARKED CAR RUN AWAY,3,674434,Not at intersection,3,50,Local Road,MANNA GUM,BENDIGO,-36.70972,144.30437,2020,12,December,21,Night,Weekend
T20200021872,2020-12-05,20:25:00,4,Collision with a fixed object,6,Saturday,183,OFF LEFT BEND INTO OBJECT/PARKED VEHICLE,1,670264,Not at intersection,2,100,Freeway,SOUTH GIPPSLAND IN-MONASH IN,CASEY,-37.992504,145.25374,2020,12,December,20,Night,Weekend
T20200021866,2020-12-05,18:55:00,4,Collision with a fixed object,6,Saturday,173,RIGHT OFF CARRIAGEWAY INTO OBJECT/PARKED VEHICLE,1,32830,T intersection,2,60,Arterial Highway,LOWER DANDENONG,KINGSTON,-37.987953,145.1202,2020,12,December,18,Afternoon Peak,Weekend
T20200021864,2020-12-05,18:15:00,1,Collision with vehicle,6,Saturday,110,CROSS TRAFFIC(INTERSECTIONS ONLY),1,51717,Cross intersection,3,60,Local Road,BROWNING,BENDIGO,-36.7887,144.24083,2020,12,December,18,Afternoon Peak,Weekend
T20200021862,2020-12-05,14:30:00,4,Collision with a fixed object,6,Saturday,173,RIGHT OFF CARRIAGEWAY INTO OBJECT/PARKED VEHICLE,1,669383,Not at intersection,1,100,Arterial Highway,MURRAY VALLEY,GANNAWARRA,-35.634583,143.82196,2020,12,December,14,Midday,Weekend
T20200021855,2020-12-05,17:30:00,4,Collision with a fixed object,6,Saturday,173,RIGHT OFF CARRIAGEWAY INTO OBJECT/PARKED VEHICLE,1,673378,Not at intersection,3,80,Arterial Other,BELGRAVE-HALLAM,YARRA RANGES,-37.960484,145.34462,2020,12,December,17,Afternoon Peak,Weekend
T20200021854,2020-12-05,16:48:00,1,Collision with vehicle,6,Saturday,132,RIGHT REAR.,1,45163,T intersection,2,80,Arterial Highway,WARBURTON,YARRA RANGES,-37.775787,145.48825,2020,12,December,16,Afternoon Peak,Weekend
T20200022282,2020-12-05,19:20:00,1,Collision with vehicle,6,Saturday,135,LANE CHANGE LEFT (NOT OVERTAKING),1,670151,Not at intersection,3,40,Arterial Other,BRIDGE,YARRA,-37.819614,145.00935,2020,12,December,19,Night,Weekend
T20200021853,2020-12-05,13:55:00,1,Collision with vehicle,6,Saturday,147,VEHICLE STRIKES ANOTHER VEH WHILE EMERGING FROM DRIVEWAY,1,241967,Not at intersection,2,50,Local Road,WEST,MORELAND,-37.708775,144.938,2020,12,December,13,Midday,Weekend
T20200022205,2020-12-05,02:10:00,1,Collision with vehicle,6,Saturday,113,RIGHT NEAR (INTERSECTIONS ONLY),3,36103,Cross intersection,3,30,Arterial Other,CURZON,MELBOURNE,-37.804985,144.94777,2020,12,December,2,Late Night,Weekend
T20200023212,2020-12-05,16:45:00,1,Collision with vehicle,6,Saturday,121,RIGHT THROUGH,1,671005,T intersection,3,80,Arterial Highway,SOUTH GIPPSLAND,CASEY,-38.047123,145.25514,2020,12,December,16,Afternoon Peak,Weekend
T20200021811,2020-12-05,01:39:00,1,Collision with vehicle,6,Saturday,130,REAR END(VEHICLES IN SAME LANE),3,37962,Cross intersection,3,60,Arterial Highway,BELL,DAREBIN,-37.745495,145.0063,2020,12,December,1,Late Night,Weekend
T20200023680,2020-12-05,19:26:00,1,Collision with vehicle,6,Saturday,121,RIGHT THROUGH,1,36311,T intersection,3,60,Local Road,BELLBRIDGE,WYNDHAM,-37.874413,144.70218,2020,12,December,19,Night,Weekend
T20200021852,2020-12-05,16:00:00,4,Collision with a fixed object,6,Saturday,181,OFF RIGHT BEND INTO OBJECT/PARKED VEHICLE,1,740340,Not at intersection,3,100,Local Road,KING PARROT CREEK,MURRINDINDI,-37.22722,145.2229,2020,12,December,16,Afternoon Peak,Weekend
T20200021810,2020-12-05,00:45:00,1,Collision with vehicle,6,Saturday,110,CROSS TRAFFIC(INTERSECTIONS ONLY),3,304636,Cross intersection,3,60,Local Road,AITKEN,HUME,-37.616432,144.91342,2020,12,December,0,Late Night,Weekend
T20200021845,2020-12-05,13:55:00,1,Collision with vehicle,6,Saturday,110,CROSS TRAFFIC(INTERSECTIONS ONLY),1,49597,Cross intersection,2,100,Arterial Highway,MIDLAND,GOLDEN PLAINS,-37.943157,144.12587,2020,12,December,13,Midday,Weekend
T20200021936,2020-12-05,17:41:00,8,No collision and no object struck,6,Saturday,174,OUT OF CONTROL ON CARRIAGEWAY (ON STRAIGHT),1,669598,Not at intersection,3,60,Arterial Other,DONCASTER,BOROONDARA,-37.793793,145.07724,2020,12,December,17,Afternoon Peak,Weekend
T20200021907,2020-12-05,15:10:00,6,Vehicle overturned (no collision),6,Saturday,180,OFF CARRIAGEWAY ON RIGHT BEND,1,729469,Not at intersection,3,60,Arterial Other,HEIDELBERG-KINGLAKE,MURRINDINDI,-37.539757,145.33806,2020,12,December,15,Afternoon Peak,Weekend
T20200021840,2020-12-05,14:00:00,4,Collision with a fixed object,6,Saturday,171,LEFT OFF CARRIAGEWAY INTO OBJECT/PARKED VEHICLE,1,671995,Not at intersection,2,70,Local Road,HENRY,CARDINIA,-38.08582,145.46823,2020,12,December,14,Midday,Weekend
T20200021897,2020-12-05,11:00:00,1,Collision with vehicle,6,Saturday,130,REAR END(VEHICLES IN SAME LANE),1,688466,Not at intersection,3,80,Freeway,WEST GATE,MELBOURNE,-37.826214,144.94649,2020,12,December,11,Midday,Weekend
T20200021889,2020-12-05,19:28:00,1,Collision with vehicle,6,Saturday,120,HEAD ON (NOT OVERTAKING),1,672130,Not at intersection,2,100,Arterial Highway,MAROONDAH,MANSFIELD,-36.98236,145.72224,2020,12,December,19,Night,Weekend
T20200021835,2020-12-05,13:00:00,4,Collision with a fixed object,6,Saturday,173,RIGHT OFF CARRIAGEWAY INTO OBJECT/PARKED VEHICLE,1,729468,Not at intersection,2,100,Local Road,DAISYBURN,MITCHELL,-37.055492,145.03053,2020,12,December,13,Midday,Weekend
T20200021953,2020-12-06,00:45:00,4,Collision with a fixed object,7,Sunday,175,OFF END OF ROAD/T-INTERSECTION.,3,669599,T intersection,2,80,Local Road,CHARLES STURT,NILLUMBIK,-37.629025,145.15257,2020,12,December,0,Late Night,Weekend
T20200021945,2020-12-06,23:12:00,4,Collision with a fixed object,7,Sunday,171,LEFT OFF CARRIAGEWAY INTO OBJECT/PARKED VEHICLE,3,673720,T intersection,3,60,Local Road,WEST,MORELAND,-37.707317,144.93828,2020,12,December,23,Night,Weekend
T20200021944,2020-12-06,19:35:00,4,Collision with a fixed object,7,Sunday,183,OFF LEFT BEND INTO OBJECT/PARKED VEHICLE,2,670303,Not at intersection,3,60,Arterial Other,MOUNT DANDENONG TOURIST,YARRA RANGES,-37.81138,145.3756,2020,12,December,19,Night,Weekend
T20200021943,2020-12-06,21:20:00,4,Collision with a fixed object,7,Sunday,181,OFF RIGHT BEND INTO OBJECT/PARKED VEHICLE,5,670305,Not at intersection,3,80,Arterial Other,PAKENHAM,CARDINIA,-37.98876,145.5088,2020,12,December,21,Night,Weekend
T20200022018,2020-12-06,15:50:00,6,Vehicle overturned (no collision),7,Sunday,180,OFF CARRIAGEWAY ON RIGHT BEND,1,681778,Not at intersection,3,100,Arterial Highway,GOULBURN VALLEY,MURRINDINDI,-37.185093,145.32251,2020,12,December,15,Afternoon Peak,Weekend
T20200021940,2020-12-06,19:30:00,1,Collision with vehicle,7,Sunday,120,HEAD ON (NOT OVERTAKING),1,673038,Not at intersection,3,70,Arterial Other,PAKENHAM,CARDINIA,-37.95844,145.50287,2020,12,December,19,Night,Weekend
T20200021935,2020-12-06,18:11:00,1,Collision with vehicle,7,Sunday,142,LEAVING PARKING,1,670908,Not at intersection,3,60,Local Road,TULLAMARINE PARK,BRIMBANK,-37.71205,144.8702,2020,12,December,18,Afternoon Peak,Weekend
T20200021934,2020-12-06,19:39:00,4,Collision with a fixed object,7,Sunday,171,LEFT OFF CARRIAGEWAY INTO OBJECT/PARKED VEHICLE,2,673379,Not at intersection,3,70,Arterial Highway,WHITEHORSE,WHITEHORSE,-37.81656,145.19188,2020,12,December,19,Night,Weekend
T20200021931,2020-12-06,16:25:00,4,Collision with a fixed object,7,Sunday,171,LEFT OFF CARRIAGEWAY INTO OBJECT/PARKED VEHICLE,1,676288,Not at intersection,2,50,Local Road,FRYERS,SHEPPARTON,-36.37894,145.39679,2020,12,December,16,Afternoon Peak,Weekend
T20200021930,2020-12-06,17:50:00,1,Collision with vehicle,7,Sunday,113,RIGHT NEAR (INTERSECTIONS ONLY),1,57045,T intersection,3,80,Arterial Other,MAFFRA-SALE,WELLINGTON,-38.06235,147.0289,2020,12,December,17,Afternoon Peak,Weekend
T20200021929,2020-12-06,12:30:00,4,Collision with a fixed object,7,Sunday,173,RIGHT OFF CARRIAGEWAY INTO OBJECT/PARKED VEHICLE,1,669462,Not at intersection,1,100,Local Road,KATANDRA MAIN,MOIRA,-36.215874,145.711,2020,12,December,12,Midday,Weekend
T20200021923,2020-12-06,15:55:00,4,Collision with a fixed object,7,Sunday,183,OFF LEFT BEND INTO OBJECT/PARKED VEHICLE,1,676847,Not at intersection,3,100,Local Road,FERRIERS,SOUTH GIPPSLAND,-38.361233,145.70682,2020,12,December,15,Afternoon Peak,Weekend
T20200021921,2020-12-06,15:10:00,1,Collision with vehicle,7,Sunday,136,RIGHT TURN SIDESWIPE,1,669597,Not at intersection,2,50,Local Road,STODDARTS,BAW BAW,-38.14297,145.9448,2020,12,December,15,Afternoon Peak,Weekend
T20200021920,2020-12-06,13:57:00,4,Collision with a fixed object,7,Sunday,173,RIGHT OFF CARRIAGEWAY INTO OBJECT/PARKED VEHICLE,1,671996,Not at intersection,2,50,Local Road,SPROAT,GEELONG,-38.113415,144.6464,2020,12,December,13,Midday,Weekend
T20200022208,2020-12-06,16:50:00,1,Collision with vehicle,7,Sunday,130,REAR END(VEHICLES IN SAME LANE),1,40087,T intersection,3,60,Arterial Other,MARINE,PORT PHILLIP,-37.872047,144.97644,2020,12,December,16,Afternoon Peak,Weekend
T20200021906,2020-12-06,11:45:00,1,Collision with vehicle,7,Sunday,169,OTHER ON PATH,1,669685,Not at intersection,3,50,Local Road,ILUKA,BAYSIDE,-37.97375,145.02591,2020,12,December,11,Midday,Weekend
T20200021904,2020-12-06,12:35:00,1,Collision with vehicle,7,Sunday,137,LEFT TURN SIDESWIPE,1,675089,Not at intersection,3,40,Arterial Other,VICTORIA,YARRA,-37.81072,145.0021,2020,12,December,12,Midday,Weekend
T20200023176,2020-12-06,11:00:00,1,Collision with vehicle,7,Sunday,137,LEFT TURN SIDESWIPE,1,356846,T intersection,3,70,Arterial Highway,NORTH,GLEN EIRA,-37.904846,145.04662,2020,12,December,11,Midday,Weekend
T20200021895,2020-12-06,11:00:00,1,Collision with vehicle,7,Sunday,140,U TURN,1,669893,T intersection,2,80,Arterial Other,MORNINGTON-TYABB,MORNINGTON PENINSULA,-38.25668,145.13358,2020,12,December,11,Midday,Weekend
T20200022045,2020-12-06,13:15:00,1,Collision with vehicle,7,Sunday,120,HEAD ON (NOT OVERTAKING),1,682828,Not at intersection,3,50,Local Road,NORTHUMBERLAND,MORELAND,-37.721626,144.93271,2020,12,December,13,Midday,Weekend
T20200022529,2020-12-06,02:00:00,6,Vehicle overturned (no collision),7,Sunday,174,OUT OF CONTROL ON CARRIAGEWAY (ON STRAIGHT),3,671699,Not at intersection,2,50,Local Road,FOAM,PORT PHILLIP,-37.88454,144.9909,2020,12,December,2,Late Night,Weekend
T20200021964,2020-12-07,09:30:00,1,Collision with vehicle,1,Monday,121,RIGHT THROUGH,1,358547,Cross intersection,3,60,Arterial Other,MAHONEYS,HUME,-37.68964,144.95801,2020,12,December,9,Morning Peak,Weekday
T20200022021,2020-12-07,17:45:00,1,Collision with vehicle,1,Monday,120,HEAD ON (NOT OVERTAKING),1,669895,Not at intersection,3,50,Local Road,MT EIRENE,CARDINIA,-37.97302,145.54735,2020,12,December,17,Afternoon Peak,Weekday
T20200021965,2020-12-07,10:10:00,1,Collision with vehicle,1,Monday,110,CROSS TRAFFIC(INTERSECTIONS ONLY),1,689214,Cross intersection,3,50,Local Road,ANDERSON,STRATHBOGIE,-36.757603,145.5768,2020,12,December,10,Midday,Weekday
T20200022016,2020-12-07,17:30:00,4,Collision with a fixed object,1,Monday,173,RIGHT OFF CARRIAGEWAY INTO OBJECT/PARKED VEHICLE,1,676999,Not at intersection,2,100,Local Road,REEDY LAKE,STRATHBOGIE,-36.664124,145.04402,2020,12,December,17,Afternoon Peak,Weekday
T20200022198,2020-12-07,14:00:00,4,Collision with a fixed object,1,Monday,181,OFF RIGHT BEND INTO OBJECT/PARKED VEHICLE,1,673722,Not at intersection,3,50,Local Road,BROWNS,DANDENONG,-37.949707,145.187,2020,12,December,14,Midday,Weekday
T20200022076,2020-12-07,11:29:00,1,Collision with vehicle,1,Monday,152,PULLING OUT (OVERTAKING),1,17819,T intersection,3,100,Arterial Other,MYRTLEFORD-YACKANDANDAH,ALPINE,-36.496197,146.78918,2020,12,December,11,Midday,Weekday
T20200022284,2020-12-07,20:56:00,1,Collision with vehicle,1,Monday,147,VEHICLE STRIKES ANOTHER VEH WHILE EMERGING FROM DRIVEWAY,3,670152,Not at intersection,3,60,Local Road,MCCORMICKS,FRANKSTON,-38.1159,145.19427,2020,12,December,20,Night,Weekday
T20200022014,2020-12-07,17:25:00,1,Collision with vehicle,1,Monday,130,REAR END(VEHICLES IN SAME LANE),1,669690,Not at intersection,3,80,Arterial Other,PRINCES,CASEY,-38.029457,145.33221,2020,12,December,17,Afternoon Peak,Weekday
T20200022012,2020-12-07,14:45:00,1,Collision with vehicle,1,Monday,110,CROSS TRAFFIC(INTERSECTIONS ONLY),1,231470,Cross intersection,3,80,Local Road,BOUNDARY,WYNDHAM,-37.796814,144.62302,2020,12,December,14,Midday,Weekday
T20200022011,2020-12-07,15:53:00,2,Struck Pedestrian,1,Monday,100,PED NEAR SIDE. PED HIT BY VEHICLE FROM THE RIGHT.,1,37899,Cross intersection,2,70,Arterial Highway,ST GEORGES,DAREBIN,-37.75526,144.99387,2020,12,December,15,Afternoon Peak,Weekday
T20200022008,2020-12-07,07:40:00,1,Collision with vehicle,1,Monday,139,OTHER SAME DIRECTION-MANOUEVRES NOT INCLUDED IN DCAs 130-137,1,681210,Not at intersection,2,50,Arterial Other,ISAACS,INDIGO,-36.31264,146.84184,2020,12,December,7,Morning Peak,Weekday
T20210009963,2020-12-07,13:30:00,4,Collision with a fixed object,1,Monday,171,LEFT OFF CARRIAGEWAY INTO OBJECT/PARKED VEHICLE,1,682775,Not at intersection,3,60,Local Road,RED BOX,BENDIGO,-36.888462,144.37236,2020,12,December,13,Midday,Weekday
T20200022064,2020-12-07,11:01:00,1,Collision with vehicle,1,Monday,113,RIGHT NEAR (INTERSECTIONS ONLY),1,49761,T intersection,3,60,Arterial Other,THOMPSON,GEELONG,-38.104645,144.34457,2020,12,December,11,Midday,Weekday
T20200022046,2020-12-07,18:52:00,1,Collision with vehicle,1,Monday,135,LANE CHANGE LEFT (NOT OVERTAKING),1,729898,Cross intersection,3,60,Arterial Other,ROYAL,MELBOURNE,-37.78982,144.95877,2020,12,December,18,Afternoon Peak,Weekday
T20200022171,2020-12-07,17:30:00,1,Collision with vehicle,1,Monday,163,VEHICLE STRIKES DOOR OF PARKED/STATIONARY VEHICLE,1,773326,Not at intersection,3,40,Local Road,PAKINGTON,GEELONG,-38.141674,144.34811,2020,12,December,17,Afternoon Peak,Weekday
T20200021979,2020-12-07,12:06:00,1,Collision with vehicle,1,Monday,110,CROSS TRAFFIC(INTERSECTIONS ONLY),1,652271,Cross intersection,3,80,Arterial Highway,CHELTENHAM,DANDENONG,-37.994614,145.1754,2020,12,December,12,Midday,Weekday
T20210003908,2020-12-07,19:40:00,1,Collision with vehicle,1,Monday,110,CROSS TRAFFIC(INTERSECTIONS ONLY),2,37784,Cross intersection,3,60,Arterial Other,ORRONG,STONNINGTON,-37.849285,145.01231,2020,12,December,19,Night,Weekday
T20200021986,2020-12-07,07:22:00,1,Collision with vehicle,1,Monday,113,RIGHT NEAR (INTERSECTIONS ONLY),1,50121,Cross intersection,2,70,Arterial Highway,BELLARINE,GEELONG,-38.173534,144.4025,2020,12,December,7,Morning Peak,Weekday
T20200021988,2020-12-07,09:00:00,1,Collision with vehicle,1,Monday,110,CROSS TRAFFIC(INTERSECTIONS ONLY),1,225697,Cross intersection,3,60,Local Road,AVERYS,BENDIGO,-36.71778,144.27385,2020,12,December,9,Morning Peak,Weekday
T20200021992,2020-12-07,11:24:00,1,Collision with vehicle,1,Monday,152,PULLING OUT (OVERTAKING),1,674567,Not at intersection,3,100,Local Road,MANKS,CASEY,-38.167282,145.35782,2020,12,December,11,Midday,Weekday
T20200021994,2020-12-07,11:28:00,1,Collision with vehicle,1,Monday,132,RIGHT REAR.,1,894,Cross intersection,2,60,Local Road,CHELSEA,KINGSTON,-38.051594,145.11609,2020,12,December,11,Midday,Weekday
T20200021995,2020-12-07,12:15:00,1,Collision with vehicle,1,Monday,147,VEHICLE STRIKES ANOTHER VEH WHILE EMERGING FROM DRIVEWAY,1,670676,Not at intersection,2,60,Arterial Other,SYDNEY,MORELAND,-37.73639,144.96637,2020,12,December,12,Midday,Weekday
T20200021997,2020-12-07,13:40:00,6,Vehicle overturned (no collision),1,Monday,170,OFF CARRIAGEWAY TO LEFT,1,678010,Not at intersection,2,100,Local Road,SPENCES,MOIRA,-35.98441,145.46617,2020,12,December,13,Midday,Weekday
T20200021998,2020-12-07,07:08:00,1,Collision with vehicle,1,Monday,113,RIGHT NEAR (INTERSECTIONS ONLY),1,41759,T intersection,2,70,Arterial Other,BLACKBURN,MONASH,-37.892956,145.14445,2020,12,December,7,Morning Peak,Weekday
T20200022023,2020-12-07,19:25:00,1,Collision with vehicle,1,Monday,132,RIGHT REAR.,1,47353,T intersection,3,40,Local Road,STATION,KINGSTON,-38.062016,145.11984,2020,12,December,19,Night,Weekday
T20200022001,2020-12-07,16:02:00,1,Collision with vehicle,1,Monday,121,RIGHT THROUGH,1,871,Cross intersection,3,60,Arterial Highway,FRANKSTON-DANDENONG,DANDENONG,-37.99988,145.21823,2020,12,December,16,Afternoon Peak,Weekday
T20200022002,2020-12-07,14:45:00,1,Collision with vehicle,1,Monday,116,LEFT NEAR (INTERSECTIONS ONLY),1,678068,Cross intersection,3,40,Arterial Other,VICTORIA,YARRA,-37.810574,145.0007,2020,12,December,14,Midday,Weekday
T20200022090,2020-12-07,22:53:00,1,Collision with vehicle,1,Monday,139,OTHER SAME DIRECTION-MANOUEVRES NOT INCLUDED IN DCAs 130-137,3,44300,Cross intersection,3,60,Local Road,HOGANS,WYNDHAM,-37.860874,144.66702,2020,12,December,22,Night,Weekday
T20200022004,2020-12-07,15:45:00,2,Struck Pedestrian,1,Monday,102,FAR SIDE. PED HIT BY VEHICLE FROM THE LEFT,1,672618,T intersection,3,60,Local Road,BEACON POINT,GEELONG,-38.155796,144.57416,2020,12,December,15,Afternoon Peak,Weekday
T20210002824,2020-12-07,17:23:00,1,Collision with vehicle,1,Monday,139,OTHER SAME DIRECTION-MANOUEVRES NOT INCLUDED IN DCAs 130-137,1,51677,Cross intersection,3,60,Arterial Highway,HIGH,BENDIGO,-36.772198,144.25926,2020,12,December,17,Afternoon Peak,Weekday
T20200022142,2020-12-07,16:30:00,1,Collision with vehicle,1,Monday,130,REAR END(VEHICLES IN SAME LANE),1,669999,Not at intersection,2,60,Arterial Other,KINGS,BRIMBANK,-37.710625,144.77794,2020,12,December,16,Afternoon Peak,Weekday
T20200023289,2020-12-07,17:05:00,1,Collision with vehicle,1,Monday,121,RIGHT THROUGH,1,42632,T intersection,3,60,Local Road,GLADSTONE,DANDENONG,-37.94537,145.20947,2020,12,December,17,Afternoon Peak,Weekday
T20200022279,2020-12-07,04:30:00,4,Collision with a fixed object,1,Monday,171,LEFT OFF CARRIAGEWAY INTO OBJECT/PARKED VEHICLE,5,670481,Not at intersection,2,100,Local Road,BORALMA-RUTHERGLEN,WANGARATTA,-36.224346,146.41551,2020,12,December,4,Late Night,Weekday
T20200022257,2020-12-07,13:55:00,6,Vehicle overturned (no collision),1,Monday,184,OUT OF CONTROL ON CARRIAGEWAY (ON BEND),1,670001,Not at intersection,3,50,Local Road,THE DEVIATION,MONASH,-37.909885,145.18805,2020,12,December,13,Midday,Weekday
T20200023136,2020-12-07,16:40:00,1,Collision with vehicle,1,Monday,130,REAR END(VEHICLES IN SAME LANE),1,670838,Not at intersection,3,100,Freeway,MONASH,CASEY,-37.9984,145.28049,2020,12,December,16,Afternoon Peak,Weekday
T20200021952,2020-12-07,01:36:00,3,Struck animal,1,Monday,167,STRUCK ANIMAL,5,674432,Not at intersection,3,100,Local Road,BOXWOOD,BENALLA,-36.32184,145.86256,2020,12,December,1,Late Night,Weekday
T20200021951,2020-12-07,01:40:00,4,Collision with a fixed object,1,Monday,173,RIGHT OFF CARRIAGEWAY INTO OBJECT/PARKED VEHICLE,3,677544,Not at intersection,2,80,Arterial Other,WANGARATTA,WANGARATTA,-36.365456,146.29984,2020,12,December,1,Late Night,Weekday
T20200021958,2020-12-07,02:38:00,1,Collision with vehicle,1,Monday,110,CROSS TRAFFIC(INTERSECTIONS ONLY),3,39259,Cross intersection,2,60,Arterial Other,CANTERBURY,WHITEHORSE,-37.82772,145.11288,2020,12,December,2,Late Night,Weekday
T20200021959,2020-12-07,05:58:00,1,Collision with vehicle,1,Monday,133,LANE SIDE SWIPE (VEHICLES IN PARALLEL LANES),2,306043,Not at intersection,2,100,Freeway,PRINCES,WYNDHAM,-37.869568,144.7548,2020,12,December,5,Morning Peak,Weekday
T20200022029,2020-12-07,22:36:00,2,Struck Pedestrian,1,Monday,102,FAR SIDE. PED HIT BY VEHICLE FROM THE LEFT,5,669691,Not at intersection,2,80,Arterial Highway,GEELONG,BRIMBANK,-37.820904,144.83432,2020,12,December,22,Night,Weekday
T20210000715,2020-12-07,18:53:00,1,Collision with vehicle,1,Monday,130,REAR END(VEHICLES IN SAME LANE),1,29372,Cross intersection,3,60,Arterial Highway,RACECOURSE,MELBOURNE,-37.789406,144.94217,2020,12,December,18,Afternoon Peak,Weekday
T20200022166,2020-12-08,05:20:00,1,Collision with vehicle,2,Tuesday,130,REAR END(VEHICLES IN SAME LANE),2,670393,Cross intersection,3,60,Arterial Other,SYDNEY,HUME,-37.689625,144.95801,2020,12,December,5,Morning Peak,Weekday
T20200022039,2020-12-08,08:25:00,1,Collision with vehicle,2,Tuesday,110,CROSS TRAFFIC(INTERSECTIONS ONLY),1,62310,Cross intersection,3,50,Local Road,CARROL,DAREBIN,-37.713806,145.01268,2020,12,December,8,Morning Peak,Weekday
T20200022099,2020-12-08,07:53:00,1,Collision with vehicle,2,Tuesday,113,RIGHT NEAR (INTERSECTIONS ONLY),1,39291,T intersection,3,50,Local Road,NELSON,WHITEHORSE,-37.809902,145.1207,2020,12,December,7,Morning Peak,Weekday
T20200022260,2020-12-08,18:19:00,1,Collision with vehicle,2,Tuesday,121,RIGHT THROUGH,1,780780,Not at intersection,3,60,Arterial Other,LITTLE BOUNDARY,WYNDHAM,-37.816986,144.81743,2020,12,December,18,Afternoon Peak,Weekday
T20200022063,2020-12-08,13:44:00,1,Collision with vehicle,2,Tuesday,147,VEHICLE STRIKES ANOTHER VEH WHILE EMERGING FROM DRIVEWAY,1,669796,T intersection,3,60,Local Road,CROSS,MARIBYRNONG,-37.800957,144.88301,2020,12,December,13,Midday,Weekday
T20210003261,2020-12-08,17:00:00,1,Collision with vehicle,2,Tuesday,110,CROSS TRAFFIC(INTERSECTIONS ONLY),1,35815,Multiple intersection,3,60,Arterial Other,MILLER STREET -TOWNSEND,BENDIGO,-36.769127,144.2921,2020,12,December,17,Afternoon Peak,Weekday
T20200022071,2020-12-08,14:08:00,4,Collision with a fixed object,2,Tuesday,171,LEFT OFF CARRIAGEWAY INTO OBJECT/PARKED VEHICLE,1,39833,T intersection,3,60,Local Road,LIVERPOOL,MAROONDAH,-37.826553,145.318,2020,12,December,14,Midday,Weekday
T20200022079,2020-12-08,15:47:00,1,Collision with vehicle,2,Tuesday,110,CROSS TRAFFIC(INTERSECTIONS ONLY),1,38274,Cross intersection,2,60,Arterial Other,THOMPSONS,MANNINGHAM,-37.767937,145.10335,2020,12,December,15,Afternoon Peak,Weekday
T20200022296,2020-12-08,22:35:00,1,Collision with vehicle,2,Tuesday,130,REAR END(VEHICLES IN SAME LANE),3,29486,Cross intersection,3,60,Arterial Highway,ST GEORGES,DAREBIN,-37.74466,144.99744,2020,12,December,22,Night,Weekday
T20200022096,2020-12-08,14:01:00,1,Collision with vehicle,2,Tuesday,147,VEHICLE STRIKES ANOTHER VEH WHILE EMERGING FROM DRIVEWAY,1,222913,Cross intersection,3,60,Arterial Other,GILLIES,BALLARAT,-37.53352,143.82332,2020,12,December,14,Midday,Weekday
T20200022057,2020-12-08,12:10:00,1,Collision with vehicle,2,Tuesday,130,REAR END(VEHICLES IN SAME LANE),1,669795,Cross intersection,3,60,Arterial Other,BORONIA,KNOX,-37.86257,145.28552,2020,12,December,12,Midday,Weekday
T20200022091,2020-12-08,18:15:00,1,Collision with vehicle,2,Tuesday,130,REAR END(VEHICLES IN SAME LANE),1,1013,Cross intersection,3,80,Arterial Highway,DANDENONG-HASTINGS,CASEY,-38.077694,145.23973,2020,12,December,18,Afternoon Peak,Weekday
T20200022101,2020-12-08,17:30:00,1,Collision with vehicle,2,Tuesday,113,RIGHT NEAR (INTERSECTIONS ONLY),1,62072,T intersection,3,60,Arterial Other,MAIN,NILLUMBIK,-37.703274,145.17642,2020,12,December,17,Afternoon Peak,Weekday
T20200022232,2020-12-08,14:45:00,6,Vehicle overturned (no collision),2,Tuesday,170,OFF CARRIAGEWAY TO LEFT,1,672057,Not at intersection,3,100,Arterial Other,WEBB,CAMPASPE,-36.35794,144.72905,2020,12,December,14,Midday,Weekday
T20200022042,2020-12-08,08:45:00,1,Collision with vehicle,2,Tuesday,132,RIGHT REAR.,1,669693,Not at intersection,3,80,Arterial Highway,MCIVOR,BENDIGO,-36.77045,144.34596,2020,12,December,8,Morning Peak,Weekday
T20200022103,2020-12-08,20:00:00,1,Collision with vehicle,2,Tuesday,110,CROSS TRAFFIC(INTERSECTIONS ONLY),1,52605,Cross intersection,2,50,Arterial Highway,DIMBOOLA,HORSHAM,-36.710403,142.19626,2020,12,December,20,Night,Weekday