ACCIDENT_NO,ACCIDENT_DATE,ACCIDENT_TIME,ACCIDENT_TYPE,ACCIDENT_TYPE_DESC,DAY_OF_WEEK,DAY_WEEK_DESC,DCA_CODE,DCA_DESC,LIGHT_CONDITION,NODE_ID,ROAD_GEOMETRY_DESC,SEVERITY,SPEED_ZONE,RMA,ROAD_NAME,LGA_NAME,LATITUDE,LONGITUDE,YEAR,MONTH,MONTH_NAME,HOUR,TIME_PERIOD,DAY_TYPE
T20200022037,2020-12-08,07:45:00,4,Collision with a fixed object,2,Tuesday,183,OFF LEFT BEND INTO OBJECT/PARKED VEHICLE,1,673386,Not at intersection,3,100,Local Road,MCCORMICKS,BENDIGO,-36.701256,144.49754,2020,12,December,7,Morning Peak,Weekday
T20200022031,2020-12-08,03:40:00,4,Collision with a fixed object,2,Tuesday,175,OFF END OF ROAD/T-INTERSECTION.,3,57473,T intersection,2,60,Arterial Other,BLACKBURN,WHITEHORSE,-37.824158,145.15222,2020,12,December,3,Late Night,Weekday
T20200022105,2020-12-08,17:44:00,1,Collision with vehicle,2,Tuesday,110,CROSS TRAFFIC(INTERSECTIONS ONLY),1,57371,Cross intersection,3,50,Local Road,CUTHBERT,DAREBIN,-37.716385,145.01295,2020,12,December,17,Afternoon Peak,Weekday
T20200022655,2020-12-08,22:58:00,6,Vehicle overturned (no collision),2,Tuesday,184,OUT OF CONTROL ON CARRIAGEWAY (ON BEND),3,673479,Not at intersection,2,50,Local Road,LAKESIDE,PORT PHILLIP,-37.848072,144.97314,2020,12,December,22,Night,Weekday
T20200022107,2020-12-08,03:50:00,4,Collision with a fixed object,2,Tuesday,171,LEFT OFF CARRIAGEWAY INTO OBJECT/PARKED VEHICLE,6,729899,T intersection,2,60,Arterial Other,BARRY,HUME,-37.66505,144.93324,2020,12,December,3,Late Night,Weekday
T20200022056,2020-12-08,11:25:00,1,Collision with vehicle,2,Tuesday,113,RIGHT NEAR (INTERSECTIONS ONLY),1,243783,T intersection,2,70,Arterial Other,NARRE WARREN,CASEY,-38.098442,145.29272,2020,12,December,11,Midday,Weekday
T20200022051,2020-12-08,09:50:00,4,Collision with a fixed object,2,Tuesday,171,LEFT OFF CARRIAGEWAY INTO OBJECT/PARKED VEHICLE,1,670519,Not at intersection,3,80,Arterial Highway,BURWOOD,WHITEHORSE,-37.857574,145.19055,2020,12,December,9,Morning Peak,Weekday
T20200022147,2020-12-08,17:30:00,1,Collision with vehicle,2,Tuesday,130,REAR END(VEHICLES IN SAME LANE),1,669900,Not at intersection,3,80,Freeway,PRINCES IN-WESTERN RING OUT,WYNDHAM,-37.82946,144.81462,2020,12,December,17,Afternoon Peak,Weekday
T20200022200,2020-12-08,21:00:00,4,Collision with a fixed object,2,Tuesday,183,OFF LEFT BEND INTO OBJECT/PARKED VEHICLE,5,669908,Not at intersection,2,60,Local Road,TOOMUC VALLEY,CARDINIA,-38.04909,145.46983,2020,12,December,21,Night,Weekday
T20200022087,2020-12-08,17:00:00,1,Collision with vehicle,2,Tuesday,121,RIGHT THROUGH,1,355572,T intersection,2,80,Arterial Highway,DANDENONG,DANDENONG,-37.92479,145.14352,2020,12,December,17,Afternoon Peak,Weekday
T20200022086,2020-12-08,15:10:00,1,Collision with vehicle,2,Tuesday,130,REAR END(VEHICLES IN SAME LANE),1,248331,Not at intersection,3,60,Arterial Other,HIGH,WHITTLESEA,-37.65936,145.01924,2020,12,December,15,Afternoon Peak,Weekday
T20200022085,2020-12-08,16:55:00,1,Collision with vehicle,2,Tuesday,113,RIGHT NEAR (INTERSECTIONS ONLY),1,38179,Cross intersection,3,60,Arterial Other,SOUTHERN,BANYULE,-37.74305,145.05695,2020,12,December,16,Afternoon Peak,Weekday
T20200022082,2020-12-08,16:00:00,1,Collision with vehicle,2,Tuesday,130,REAR END(VEHICLES IN SAME LANE),1,669694,T intersection,3,60,Arterial Other,SHANNON,GEELONG,-38.147552,144.33507,2020,12,December,16,Afternoon Peak,Weekday
T20200022100,2020-12-08,20:07:00,4,Collision with a fixed object,2,Tuesday,146,REVERSING INTO FIXED OBJECT/PARKED VEHICLE,2,671848,Not at intersection,2,60,Local Road,FAIRBAIRN,GEELONG,-38.062862,144.37575,2020,12,December,20,Night,Weekday
T20200022303,2020-12-08,07:45:00,1,Collision with vehicle,2,Tuesday,130,REAR END(VEHICLES IN SAME LANE),1,729474,Not at intersection,3,100,Freeway,MONASH,CASEY,-37.995293,145.26598,2020,12,December,7,Morning Peak,Weekday
T20210001477,2020-12-08,21:36:00,1,Collision with vehicle,2,Tuesday,135,LANE CHANGE LEFT (NOT OVERTAKING),3,674591,Not at intersection,3,80,Freeway,WEST GATE,MELBOURNE,-37.826992,144.9505,2020,12,December,21,Night,Weekday
T20200022048,2020-12-08,09:15:00,1,Collision with vehicle,2,Tuesday,113,RIGHT NEAR (INTERSECTIONS ONLY),1,50235,Multiple intersection,2,60,Arterial Other,BARWON HEADS,GEELONG,-38.197926,144.36258,2020,12,December,9,Morning Peak,Weekday
T20200022173,2020-12-09,18:35:00,1,Collision with vehicle,3,Wednesday,110,CROSS TRAFFIC(INTERSECTIONS ONLY),1,50699,Cross intersection,3,60,Arterial Highway,RAGLAN,WARRNAMBOOL,-38.382908,142.49031,2020,12,December,18,Afternoon Peak,Weekday
T20200022167,2020-12-09,16:30:00,1,Collision with vehicle,3,Wednesday,130,REAR END(VEHICLES IN SAME LANE),1,673040,T intersection,3,50,Local Road,KILFEERA,BENALLA,-36.557037,145.9983,2020,12,December,16,Afternoon Peak,Weekday
T20200022164,2020-12-09,17:10:00,1,Collision with vehicle,3,Wednesday,130,REAR END(VEHICLES IN SAME LANE),1,669904,Not at intersection,3,60,Arterial Highway,GOULBURN VALLEY,SHEPPARTON,-36.406273,145.3939,2020,12,December,17,Afternoon Peak,Weekday
T20210001950,2020-12-09,20:45:00,1,Collision with vehicle,3,Wednesday,130,REAR END(VEHICLES IN SAME LANE),9,36401,T intersection,3,80,Arterial Highway,SOUTH GIPPSLAND,CASEY,-38.077747,145.27374,2020,12,December,20,Night,Weekday
T20200022137,2020-12-09,06:52:00,4,Collision with a fixed object,3,Wednesday,181,OFF RIGHT BEND INTO OBJECT/PARKED VEHICLE,1,673480,Not at intersection,3,100,Arterial Highway,PRINCES,EAST GIPPSLAND,-37.864307,147.95238,2020,12,December,6,Morning Peak,Weekday
T20200022201,2020-12-09,15:20:00,6,Vehicle overturned (no collision),3,Wednesday,184,OUT OF CONTROL ON CARRIAGEWAY (ON BEND),1,745869,Not at intersection,2,100,Local Road,YENDON-EGERTON,MOORABOOL,-37.627636,144.04048,2020,12,December,15,Afternoon Peak,Weekday
T20200022172,2020-12-09,19:25:00,1,Collision with vehicle,3,Wednesday,130,REAR END(VEHICLES IN SAME LANE),1,676031,Cross intersection,3,80,Arterial Other,KOROROIT CREEK,HOBSONS BAY,-37.850098,144.84512,2020,12,December,19,Night,Weekday
T20200022115,2020-12-09,07:30:00,8,No collision and no object struck,3,Wednesday,174,OUT OF CONTROL ON CARRIAGEWAY (ON STRAIGHT),1,671374,Not at intersection,3,100,Arterial Highway,BASS,SOUTH GIPPSLAND,-38.57221,145.83649,2020,12,December,7,Morning Peak,Weekday
T20200022114,2020-12-09,08:34:00,1,Collision with vehicle,3,Wednesday,152,PULLING OUT (OVERTAKING),1,68993,T intersection,2,60,Local Road,BAMBRA,GLEN EIRA,-37.901234,145.02617,2020,12,December,8,Morning Peak,Weekday
T20200022566,2020-12-09,17:00:00,1,Collision with vehicle,3,Wednesday,130,REAR END(VEHICLES IN SAME LANE),1,670260,Not at intersection,3,60,Arterial Other,HEATHS,WYNDHAM,-37.880314,144.65068,2020,12,December,17,Afternoon Peak,Weekday
T20210003324,2020-12-09,16:55:00,4,Collision with a fixed object,3,Wednesday,173,RIGHT OFF CARRIAGEWAY INTO OBJECT/PARKED VEHICLE,1,675950,Not at intersection,3,50,Local Road,SURREY,MORELAND,-37.712925,144.94951,2020,12,December,16,Afternoon Peak,Weekday
T20210007382,2020-12-09,08:00:00,6,Vehicle overturned (no collision),3,Wednesday,174,OUT OF CONTROL ON CARRIAGEWAY (ON STRAIGHT),1,54497,T intersection,3,50,Arterial Highway,MCKILLOP,GEELONG,-38.151993,144.35289,2020,12,December,8,Morning Peak,Weekday
T20200022117,2020-12-09,09:23:00,1,Collision with vehicle,3,Wednesday,121,RIGHT THROUGH,1,64859,T intersection,3,60,Arterial Other,MONBULK,YARRA RANGES,-37.79001,145.3879,2020,12,December,9,Morning Peak,Weekday
T20200022119,2020-12-09,10:20:00,4,Collision with a fixed object,3,Wednesday,181,OFF RIGHT BEND INTO OBJECT/PARKED VEHICLE,1,673481,Not at intersection,3,50,Local Road,TOORAK,ALPINE,-36.724213,146.96037,2020,12,December,10,Midday,Weekday
T20200022507,2020-12-09,16:00:00,1,Collision with vehicle,3,Wednesday,121,RIGHT THROUGH,1,784615,Cross intersection,3,70,Local Road,KINGS,BRIMBANK,-37.72743,144.78218,2020,12,December,16,Afternoon Peak,Weekday
T20200022509,2020-12-09,14:27:00,1,Collision with vehicle,3,Wednesday,113,RIGHT NEAR (INTERSECTIONS ONLY),1,729900,T intersection,3,80,Arterial Other,ARTHURS SEAT ROAD -WHITE HILL,MORNINGTON PENINSULA,-38.369297,145.00513,2020,12,December,14,Midday,Weekday
T20200022121,2020-12-09,06:40:00,1,Collision with vehicle,3,Wednesday,152,PULLING OUT (OVERTAKING),1,49376,Cross intersection,2,80,Arterial Other,CENTRAL KIALLA,SHEPPARTON,-36.456966,145.43184,2020,12,December,6,Morning Peak,Weekday
T20200022145,2020-12-09,15:10:00,1,Collision with vehicle,3,Wednesday,111,RIGHT FAR (INTERSECTIONS ONLY),1,703935,T intersection,3,50,Local Road,CLOW,DANDENONG,-37.984947,145.215,2020,12,December,15,Afternoon Peak,Weekday
T20200022160,2020-12-09,12:00:00,1,Collision with vehicle,3,Wednesday,142,LEAVING PARKING,1,669903,Not at intersection,3,50,Local Road,FELIX,GEELONG,-38.204704,144.33882,2020,12,December,12,Midday,Weekday
T20200022124,2020-12-09,07:00:00,6,Vehicle overturned (no collision),3,Wednesday,172,OFF CARRIAGEWAY TO RIGHT,1,672222,Not at intersection,2,80,Local Road,TROUPS,MELTON,-37.75974,144.66566,2020,12,December,7,Morning Peak,Weekday
T20200022158,2020-12-09,15:00:00,1,Collision with vehicle,3,Wednesday,121,RIGHT THROUGH,1,35342,Cross intersection,3,60,Arterial Other,HODDLE,YARRA,-37.792397,144.99442,2020,12,December,15,Afternoon Peak,Weekday
T20200022157,2020-12-09,15:45:00,1,Collision with vehicle,3,Wednesday,121,RIGHT THROUGH,1,44713,Cross intersection,3,60,Arterial Other,GRIMSHAW,BANYULE,-37.703682,145.09454,2020,12,December,15,Afternoon Peak,Weekday
T20200022155,2020-12-09,17:22:00,1,Collision with vehicle,3,Wednesday,129,OTHER OPPOSING MANOEUVRES NOT INCLUDED IN DCAs 120-125.,1,675240,Not at intersection,3,60,Arterial Other,DONCASTER,BOROONDARA,-37.79291,145.07216,2020,12,December,17,Afternoon Peak,Weekday
T20200022153,2020-12-09,17:45:00,1,Collision with vehicle,3,Wednesday,130,REAR END(VEHICLES IN SAME LANE),1,348290,Cross intersection,3,60,Arterial Other,HEATHERTON,CASEY,-37.975006,145.25816,2020,12,December,17,Afternoon Peak,Weekday
T20200022146,2020-12-09,14:50:00,1,Collision with vehicle,3,Wednesday,130,REAR END(VEHICLES IN SAME LANE),1,676325,Not at intersection,3,100,Arterial Highway,GEELONG RING,GEELONG,-38.21163,144.25522,2020,12,December,14,Midday,Weekday
T20200023475,2020-12-09,12:25:00,1,Collision with vehicle,3,Wednesday,130,REAR END(VEHICLES IN SAME LANE),1,692716,Cross intersection,3,60,Arterial Highway,MAIN,EAST GIPPSLAND,-37.83104,147.61064,2020,12,December,12,Midday,Weekday
T20200022144,2020-12-09,14:21:00,6,Vehicle overturned (no collision),3,Wednesday,170,OFF CARRIAGEWAY TO LEFT,1,671410,Not at intersection,2,80,Local Road,TROUPS,MELTON,-37.768147,144.66444,2020,12,December,14,Midday,Weekday
T20200022143,2020-12-09,14:15:00,1,Collision with vehicle,3,Wednesday,113,RIGHT NEAR (INTERSECTIONS ONLY),1,43974,T intersection,2,70,Arterial Highway,NEPEAN,MORNINGTON PENINSULA,-38.24053,145.03653,2020,12,December,14,Midday,Weekday
T20200022126,2020-12-09,09:40:00,2,Struck Pedestrian,3,Wednesday,100,PED NEAR SIDE. PED HIT BY VEHICLE FROM THE RIGHT.,1,67106,T intersection,2,60,Arterial Highway,TOORAK,BOROONDARA,-37.846504,145.06113,2020,12,December,9,Morning Peak,Weekday
T20200022297,2020-12-09,15:40:00,1,Collision with vehicle,3,Wednesday,111,RIGHT FAR (INTERSECTIONS ONLY),1,52886,Cross intersection,3,40,Local Road,DANA,BALLARAT,-37.56366,143.85294,2020,12,December,15,Afternoon Peak,Weekday
T20200022129,2020-12-09,10:13:00,1,Collision with vehicle,3,Wednesday,113,RIGHT NEAR (INTERSECTIONS ONLY),1,35374,T intersection,3,60,Arterial Highway,PUNT,MELBOURNE,-37.82312,144.98909,2020,12,December,10,Midday,Weekday
T20200022227,2020-12-09,20:55:00,1,Collision with vehicle,3,Wednesday,132,RIGHT REAR.,9,673133,Not at intersection,3,60,Arterial Other,CHILDS,WHITTLESEA,-37.65986,145.02092,2020,12,December,20,Night,Weekday
T20210003195,2020-12-09,08:36:00,1,Collision with vehicle,3,Wednesday,130,REAR END(VEHICLES IN SAME LANE),1,773301,Not at intersection,3,80,Freeway,WEST GATE,MELBOURNE,-37.826797,144.92865,2020,12,December,8,Morning Peak,Weekday
T20200022897,2020-12-09,18:00:00,1,Collision with vehicle,3,Wednesday,148,VEHICLE OFF FOOTPATH STRIKES VEH ON CARRIAGEWAY,1,41230,Cross intersection,3,40,Local Road,GLEN HUNTLY,GLEN EIRA,-37.886036,145.01495,2020,12,December,18,Afternoon Peak,Weekday
T20210000692,2020-12-09,08:30:00,1,Collision with vehicle,3,Wednesday,130,REAR END(VEHICLES IN SAME LANE),1,685143,Not at intersection,3,80,Arterial Other,CANTERBURY,MAROONDAH,-37.825954,145.28838,2020,12,December,8,Morning Peak,Weekday
T20210000388,2020-12-09,21:45:00,8,No collision and no object struck,3,Wednesday,174,OUT OF CONTROL ON CARRIAGEWAY (ON STRAIGHT),3,729527,Not at intersection,3,40,Local Road,LONSDALE,MELBOURNE,-37.81197,144.96333,2020,12,December,21,Night,Weekday
T20210000396,2020-12-09,16:00:00,1,Collision with vehicle,3,Wednesday,146,REVERSING INTO FIXED OBJECT/PARKED VEHICLE,1,675140,Not at intersection,3,50,Local Road,CHILDERS,CASEY,-38.111904,145.28366,2020,12,December,16,Afternoon Peak,Weekday
T20200022190,2020-12-09,21:13:00,2,Struck Pedestrian,3,Wednesday,102,FAR SIDE. PED HIT BY VEHICLE FROM THE LEFT,3,669965,Not at intersection,1,70,Arterial Other,BALLARAT,MARIBYRNONG,-37.77973,144.85371,2020,12,December,21,Night,Weekday
T20200022189,2020-12-09,17:00:00,1,Collision with vehicle,3,Wednesday,130,REAR END(VEHICLES IN SAME LANE),1,683477,Not at intersection,3,60,Arterial Other,GAFFNEY,MORELAND,-37.733665,144.96185,2020,12,December,17,Afternoon Peak,Weekday
T20200022139,2020-12-09,07:55:00,4,Collision with a fixed object,3,Wednesday,181,OFF RIGHT BEND INTO OBJECT/PARKED VEHICLE,1,673926,Not at intersection,2,100,Arterial Other,WARBURTON-WOODS POINT,BAW BAW,-37.62205,146.16089,2020,12,December,7,Morning Peak,Weekday
T20200022188,2020-12-09,21:50:00,1,Collision with vehicle,3,Wednesday,121,RIGHT THROUGH,3,330885,T intersection,2,80,Freeway,EASTLINK OUT-WELLINGTON,KNOX,-37.92559,145.21379,2020,12,December,21,Night,Weekday
T20200022186,2020-12-09,14:45:00,1,Collision with vehicle,3,Wednesday,113,RIGHT NEAR (INTERSECTIONS ONLY),1,41762,T intersection,2,80,Arterial Highway,WELLINGTON,MONASH,-37.91727,145.1471,2020,12,December,14,Midday,Weekday
T20200022184,2020-12-09,21:20:00,4,Collision with a fixed object,3,Wednesday,181,OFF RIGHT BEND INTO OBJECT/PARKED VEHICLE,5,672577,Not at intersection,2,100,Arterial Other,BIRREGURRA,COLAC OTWAY,-38.316536,143.78767,2020,12,December,21,Night,Weekday
T20200022183,2020-12-09,19:44:00,1,Collision with vehicle,3,Wednesday,113,RIGHT NEAR (INTERSECTIONS ONLY),1,19536,T intersection,3,100,Arterial Other,BURTON,MACEDON RANGES,-37.236988,144.41977,2020,12,December,19,Night,Weekday
T20200023869,2020-12-09,07:00:00,1,Collision with vehicle,3,Wednesday,130,REAR END(VEHICLES IN SAME LANE),1,760662,Not at intersection,3,70,Arterial Other,FOOTE,MANNINGHAM,-37.759544,145.13379,2020,12,December,7,Morning Peak,Weekday
T20200022215,2020-12-09,21:08:00,2,Struck Pedestrian,3,Wednesday,104,PED WALKING WITH TRAFFIC,5,670342,Not at intersection,3,60,Local Road,SETTLEMENT,BASS COAST,-38.45613,145.21002,2020,12,December,21,Night,Weekday
T20200022182,2020-12-09,18:45:00,1,Collision with vehicle,3,Wednesday,113,RIGHT NEAR (INTERSECTIONS ONLY),1,45386,T intersection,2,40,Local Road,PRATT,MOONEE VALLEY,-37.766827,144.92198,2020,12,December,18,Afternoon Peak,Weekday
T20200022179,2020-12-09,18:00:00,4,Collision with a fixed object,3,Wednesday,171,LEFT OFF CARRIAGEWAY INTO OBJECT/PARKED VEHICLE,1,780785,Not at intersection,3,70,Arterial Other,ST GEORGES,DAREBIN,-37.74049,144.99922,2020,12,December,18,Afternoon Peak,Weekday
T20200022178,2020-12-09,15:10:00,4,Collision with a fixed object,3,Wednesday,173,RIGHT OFF CARRIAGEWAY INTO OBJECT/PARKED VEHICLE,1,669754,Not at intersection,1,100,Arterial Other,CASTLEMAINE-MALDON,MOUNT ALEXANDER,-37.05794,144.16544,2020,12,December,15,Afternoon Peak,Weekday
T20200022237,2020-12-10,12:13:00,1,Collision with vehicle,4,Thursday,130,REAR END(VEHICLES IN SAME LANE),1,675400,Not at intersection,2,50,Local Road,PEARCEDALE,HUME,-37.681164,144.91646,2020,12,December,12,Midday,Weekday
T20200023354,2020-12-10,16:00:00,1,Collision with vehicle,4,Thursday,135,LANE CHANGE LEFT (NOT OVERTAKING),1,671093,Not at intersection,3,60,Arterial Other,MARIBYRNONG,MOONEE VALLEY,-37.771107,144.9105,2020,12,December,16,Afternoon Peak,Weekday
T20200022264,2020-12-10,13:58:00,1,Collision with vehicle,4,Thursday,130,REAR END(VEHICLES IN SAME LANE),1,39774,Cross intersection,3,60,Arterial Other,MT DANDENONG,MAROONDAH,-37.799644,145.28981,2020,12,December,13,Midday,Weekday
T20200022263,2020-12-10,17:25:00,1,Collision with vehicle,4,Thursday,121,RIGHT THROUGH,1,41940,T intersection,3,60,Arterial Other,DORSET,KNOX,-37.877174,145.28479,2020,12,December,17,Afternoon Peak,Weekday
T20210018756,2020-12-10,17:45:00,1,Collision with vehicle,4,Thursday,135,LANE CHANGE LEFT (NOT OVERTAKING),1,692124,Not at intersection,3,70,Arterial Other,SYDNEY,HUME,-37.65282,144.95296,2020,12,December,17,Afternoon Peak,Weekday
T20200022255,2020-12-10,18:24:00,1,Collision with vehicle,4,Thursday,149,OTHER MANOEUVRING NOT INCLUDED IN DCAs 140-148,1,679215,Not at intersection,2,40,Local Road,TENNYSON,PORT PHILLIP,-37.88068,144.99129,2020,12,December,18,Afternoon Peak,Weekday
T20200022230,2020-12-10,13:48:00,1,Collision with vehicle,4,Thursday,150,HEAD ON(OVERTAKING),1,671620,T intersection,2,100,Local Road,GILLIES,BALLARAT,-37.434402,143.84274,2020,12,December,13,Midday,Weekday
T20200022304,2020-12-10,11:35:00,1,Collision with vehicle,4,Thursday,130,REAR END(VEHICLES IN SAME LANE),1,773362,Unknown,3,80,Freeway,MONASH,MONASH,-37.915398,145.16878,2020,12,December,11,Midday,Weekday
T20200022202,2020-12-10,08:57:00,1,Collision with vehicle,4,Thursday,148,VEHICLE OFF FOOTPATH STRIKES VEH ON CARRIAGEWAY,1,44862,Cross intersection,3,50,Arterial Highway,DEAKIN,MILDURA,-34.190865,142.1554,2020,12,December,8,Morning Peak,Weekday
T20200022203,2020-12-10,07:48:00,1,Collision with vehicle,4,Thursday,130,REAR END(VEHICLES IN SAME LANE),1,12683,Not at intersection,2,100,Freeway,WESTERN RING,HUME,-37.692158,144.94965,2020,12,December,7,Morning Peak,Weekday
T20200022234,2020-12-10,13:50:00,1,Collision with vehicle,4,Thursday,130,REAR END(VEHICLES IN SAME LANE),1,674125,Not at intersection,3,40,Arterial Other,HIGH,BOROONDARA,-37.863262,145.07835,2020,12,December,13,Midday,Weekday
T20200022254,2020-12-10,18:23:00,2,Struck Pedestrian,4,Thursday,107,PED ON FOOTHPATH STRUCK BY VEHENTERING/LEAVING DRIVEWAY.,1,673483,Not at intersection,3,80,Arterial Highway,SPRINGVALE,MONASH,-37.90235,145.16167,2020,12,December,18,Afternoon Peak,Weekday
T20200022206,2020-12-10,08:28:00,1,Collision with vehicle,4,Thursday,132,RIGHT REAR.,1,685459,Not at intersection,3,80,Arterial Highway,MANSFIELD,BENALLA,-36.57076,145.96092,2020,12,December,8,Morning Peak,Weekday
T20200022207,2020-12-10,08:30:00,1,Collision with vehicle,4,Thursday,130,REAR END(VEHICLES IN SAME LANE),1,166727,Not at intersection,2,100,Arterial Highway,MAROONDAH,MURRINDINDI,-37.156986,145.65959,2020,12,December,8,Morning Peak,Weekday
T20200022241,2020-12-10,14:57:00,1,Collision with vehicle,4,Thursday,123,RIGHT/LEFT. ONE VEH TURNING RIGHT THE OTHER LEFT.,1,604,Multiple intersection,3,40,Arterial Other,FULLARTON ROAD -KEILOR,MOONEE VALLEY,-37.732944,144.8834,2020,12,December,14,Midday,Weekday
T20200023169,2020-12-10,17:25:00,1,Collision with vehicle,4,Thursday,120,HEAD ON (NOT OVERTAKING),1,675134,Not at intersection,3,40,Local Road,PAKINGTON,GEELONG,-38.13551,144.3493,2020,12,December,17,Afternoon Peak,Weekday
T20200022253,2020-12-10,18:00:00,1,Collision with vehicle,4,Thursday,110,CROSS TRAFFIC(INTERSECTIONS ONLY),1,63329,Cross intersection,3,50,Local Road,DRESDEN,BANYULE,-37.74969,145.05518,2020,12,December,18,Afternoon Peak,Weekday
T20200022252,2020-12-10,16:56:00,1,Collision with vehicle,4,Thursday,121,RIGHT THROUGH,1,670253,Cross intersection,3,50,Local Road,RYELANDS,CASEY,-38.013893,145.30934,2020,12,December,16,Afternoon Peak,Weekday
T20200022266,2020-12-10,18:39:00,1,Collision with vehicle,4,Thursday,110,CROSS TRAFFIC(INTERSECTIONS ONLY),1,59464,Cross intersection,3,40,Local Road,IRONSTONE,BENDIGO,-36.696552,144.3227,2020,12,December,18,Afternoon Peak,Weekday
T20200022271,2020-12-10,20:34:00,6,Vehicle overturned (no collision),4,Thursday,172,OFF CARRIAGEWAY TO RIGHT,2,683355,Not at intersection,2,100,Local Road,LORQUON,HINDMARSH,-36.116802,141.87413,2020,12,December,20,Night,Weekday
T20200022265,2020-12-10,16:20:00,1,Collision with vehicle,4,Thursday,120,HEAD ON (NOT OVERTAKING),1,670002,T intersection,3,50,Local Road,PIERBROOK,WYNDHAM,-37.865646,144.59688,2020,12,December,16,Afternoon Peak,Weekday
T20200022212,2020-12-10,08:45:00,1,Collision with vehicle,4,Thursday,120,HEAD ON (NOT OVERTAKING),1,674372,Not at intersection,2,80,Arterial Highway,WARBURTON,YARRA RANGES,-37.775494,145.5839,2020,12,December,8,Morning Peak,Weekday
T20200022248,2020-12-10,16:50:00,4,Collision with a fixed object,4,Thursday,173,RIGHT OFF CARRIAGEWAY INTO OBJECT/PARKED VEHICLE,1,670266,Not at intersection,2,100,Local Road,WATERLOO,BAW BAW,-38.20487,146.16922,2020,12,December,16,Afternoon Peak,Weekday
T20200022246,2020-12-10,15:55:00,1,Collision with vehicle,4,Thursday,110,CROSS TRAFFIC(INTERSECTIONS ONLY),1,1309,Cross intersection,3,80,Arterial Other,MICKLEHAM,HUME,-37.562,144.87666,2020,12,December,15,Afternoon Peak,Weekday
T20200022222,2020-12-10,07:55:00,1,Collision with vehicle,4,Thursday,113,RIGHT NEAR (INTERSECTIONS ONLY),1,43136,Multiple intersection,3,80,Arterial Other,BARRY,HUME,-37.663754,144.92218,2020,12,December,7,Morning Peak,Weekday
T20210005186,2020-12-10,11:30:00,1,Collision with vehicle,4,Thursday,130,REAR END(VEHICLES IN SAME LANE),9,680571,Not at intersection,3,100,Freeway,MONASH IN-WELLINGTON,MONASH,-37.92324,145.17674,2020,12,December,11,Midday,Weekday
T20210000807,2020-12-10,19:14:00,1,Collision with vehicle,4,Thursday,121,RIGHT THROUGH,1,58191,T intersection,3,100,Local Road,DAIRTNUNK,MILDURA,-34.25766,142.14102,2020,12,December,19,Night,Weekday
T20200022385,2020-12-10,12:18:00,1,Collision with vehicle,4,Thursday,121,RIGHT THROUGH,1,40403,T intersection,2,60,Arterial Other,BURKE,STONNINGTON,-37.873943,145.04857,2020,12,December,12,Midday,Weekday
T20200022194,2020-12-10,05:00:00,6,Vehicle overturned (no collision),4,Thursday,172,OFF CARRIAGEWAY TO RIGHT,2,669907,Not at intersection,2,80,Local Road,MOUNT COTTRELL,WYNDHAM,-37.79644,144.60443,2020,12,December,5,Morning Peak,Weekday
T20200022218,2020-12-10,11:45:00,1,Collision with vehicle,4,Thursday,121,RIGHT THROUGH,1,1176,Cross intersection,3,80,Arterial Other,PRINCES,CARDINIA,-38.071945,145.48506,2020,12,December,11,Midday,Weekday
T20200022220,2020-12-10,12:44:00,4,Collision with a fixed object,4,Thursday,171,LEFT OFF CARRIAGEWAY INTO OBJECT/PARKED VEHICLE,1,669909,Not at intersection,3,100,Freeway,EASTERN,WHITEHORSE,-37.800896,145.15715,2020,12,December,12,Midday,Weekday
T20200022592,2020-12-10,23:58:00,4,Collision with a fixed object,4,Thursday,181,OFF RIGHT BEND INTO OBJECT/PARKED VEHICLE,5,673135,Not at intersection,3,70,Local Road,POINT COOK HOMESTEAD,WYNDHAM,-37.91839,144.78639,2020,12,December,23,Night,Weekday
T20200022242,2020-12-10,13:40:00,1,Collision with vehicle,4,Thursday,110,CROSS TRAFFIC(INTERSECTIONS ONLY),1,43090,Cross intersection,2,60,Arterial Highway,STUD,DANDENONG,-37.9856,145.22066,2020,12,December,13,Midday,Weekday
T20200022307,2020-12-11,11:45:00,1,Collision with vehicle,5,Friday,130,REAR END(VEHICLES IN SAME LANE),1,671465,Not at intersection,3,60,Arterial Other,CRAIGIEBURN,HUME,-37.59753,144.92805,2020,12,December,11,Midday,Weekday
T20200022301,2020-12-11,12:10:00,1,Collision with vehicle,5,Friday,120,HEAD ON (NOT OVERTAKING),1,45957,T intersection,3,60,Arterial Other,WATTLETREE,STONNINGTON,-37.86274,145.03114,2020,12,December,12,Midday,Weekday
T20200022308,2020-12-11,14:30:00,1,Collision with vehicle,5,Friday,121,RIGHT THROUGH,1,230199,Cross intersection,3,80,Freeway,CANTERBURY,MAROONDAH,-37.832302,145.2182,2020,12,December,14,Midday,Weekday
T20200022780,2020-12-11,16:00:00,1,Collision with vehicle,5,Friday,130,REAR END(VEHICLES IN SAME LANE),1,57918,Cross intersection,3,60,Arterial Highway,DANDENONG,STONNINGTON,-37.878128,145.04764,2020,12,December,16,Afternoon Peak,Weekday