ACCIDENT_NO,ACCIDENT_DATE,ACCIDENT_TIME,ACCIDENT_TYPE,ACCIDENT_TYPE_DESC,DAY_OF_WEEK,DAY_WEEK_DESC,DCA_CODE,DCA_DESC,LIGHT_CONDITION,NODE_ID,ROAD_GEOMETRY_DESC,SEVERITY,SPEED_ZONE,RMA,ROAD_NAME,LGA_NAME,LATITUDE,LONGITUDE,YEAR,MONTH,MONTH_NAME,HOUR,TIME_PERIOD,DAY_TYPE
T20200022278,2020-12-11,06:05:00,1,Collision with vehicle,5,Friday,121,RIGHT THROUGH,2,40679,T intersection,3,60,Arterial Other,HOFFMANS,MOONEE VALLEY,-37.737328,144.89233,2020,12,December,6,Morning Peak,Weekday
T20200022276,2020-12-11,00:05:00,1,Collision with vehicle,5,Friday,113,RIGHT NEAR (INTERSECTIONS ONLY),3,47857,T intersection,2,70,Arterial Highway,SPRINGVALE,MONASH,-37.893955,145.16333,2020,12,December,0,Late Night,Weekday
T20200022274,2020-12-11,01:32:00,4,Collision with a fixed object,5,Friday,173,RIGHT OFF CARRIAGEWAY INTO OBJECT/PARKED VEHICLE,3,332044,Cross intersection,3,60,Local Road,COLTMAN,BALLARAT,-37.54413,143.7866,2020,12,December,1,Late Night,Weekday
T20200022334,2020-12-11,15:41:00,1,Collision with vehicle,5,Friday,130,REAR END(VEHICLES IN SAME LANE),1,226851,T intersection,3,80,Arterial Other,COOPER,WHITTLESEA,-37.649258,144.99911,2020,12,December,15,Afternoon Peak,Weekday
T20210000873,2020-12-11,15:00:00,1,Collision with vehicle,5,Friday,160,VEHICLE COLLIDES WITH VEHICLE PARKED ON LEFT OF ROAD,1,672741,Cross intersection,3,50,Arterial Other,YARRA,BOROONDARA,-37.80048,145.02051,2020,12,December,15,Afternoon Peak,Weekday
T20200022316,2020-12-11,14:56:00,1,Collision with vehicle,5,Friday,110,CROSS TRAFFIC(INTERSECTIONS ONLY),1,43917,Cross intersection,2,80,Arterial Other,CLYDE-FIVE WAYS,CASEY,-38.1335,145.32426,2020,12,December,14,Midday,Weekday
T20200022333,2020-12-11,17:00:00,1,Collision with vehicle,5,Friday,130,REAR END(VEHICLES IN SAME LANE),1,670076,Not at intersection,3,80,Arterial Other,COOPER,WHITTLESEA,-37.64943,145.00272,2020,12,December,17,Afternoon Peak,Weekday
T20200022332,2020-12-11,17:10:00,1,Collision with vehicle,5,Friday,147,VEHICLE STRIKES ANOTHER VEH WHILE EMERGING FROM DRIVEWAY,1,670394,Not at intersection,3,60,Arterial Other,FELLMONGERS,GEELONG,-38.179462,144.37158,2020,12,December,17,Afternoon Peak,Weekday
T20200022329,2020-12-11,17:14:00,1,Collision with vehicle,5,Friday,121,RIGHT THROUGH,1,670075,Not at intersection,2,80,Arterial Other,WILTSHIRE,BALLARAT,-37.589333,143.8067,2020,12,December,17,Afternoon Peak,Weekday
T20200022615,2020-12-11,16:45:00,1,Collision with vehicle,5,Friday,121,RIGHT THROUGH,2,1030,Cross intersection,3,60,Arterial Other,WESTERN PORT,MORNINGTON PENINSULA,-38.285446,145.18843,2020,12,December,16,Afternoon Peak,Weekday
T20200022324,2020-12-11,17:15:00,1,Collision with vehicle,5,Friday,130,REAR END(VEHICLES IN SAME LANE),1,672457,Not at intersection,3,60,Arterial Other,CANTERBURY,WHITEHORSE,-37.82769,145.11261,2020,12,December,17,Afternoon Peak,Weekday
T20210002265,2020-12-11,20:40:00,1,Collision with vehicle,5,Friday,147,VEHICLE STRIKES ANOTHER VEH WHILE EMERGING FROM DRIVEWAY,3,676289,Not at intersection,3,50,Local Road,PERRY,DANDENONG,-37.998253,145.17459,2020,12,December,20,Night,Weekday
T20210000227,2020-12-11,09:30:00,1,Collision with vehicle,5,Friday,160,VEHICLE COLLIDES WITH VEHICLE PARKED ON LEFT OF ROAD,1,773403,Not at intersection,3,40,Local Road,LOUIS,STONNINGTON,-37.862286,145.04799,2020,12,December,9,Morning Peak,Weekday
T20200022323,2020-12-11,16:19:00,2,Struck Pedestrian,5,Friday,102,FAR SIDE. PED HIT BY VEHICLE FROM THE LEFT,1,671225,T intersection,2,60,Arterial Other,HIGHBURY,WHITEHORSE,-37.85362,145.09743,2020,12,December,16,Afternoon Peak,Weekday
T20200022321,2020-12-11,17:06:00,1,Collision with vehicle,5,Friday,163,VEHICLE STRIKES DOOR OF PARKED/STATIONARY VEHICLE,1,670154,T intersection,3,40,Arterial Other,SWAN,YARRA,-37.82508,144.99258,2020,12,December,17,Afternoon Peak,Weekday
T20200023331,2020-12-11,08:40:00,1,Collision with vehicle,5,Friday,135,LANE CHANGE LEFT (NOT OVERTAKING),1,671165,Not at intersection,3,30,Arterial Other,BULLA,MOONEE VALLEY,-37.73553,144.90466,2020,12,December,8,Morning Peak,Weekday
T20200022789,2020-12-11,16:00:00,1,Collision with vehicle,5,Friday,121,RIGHT THROUGH,1,240956,T intersection,3,60,Local Road,ARGYLE,MELBOURNE,-37.803383,144.96497,2020,12,December,16,Afternoon Peak,Weekday
T20210000824,2020-12-11,17:30:00,2,Struck Pedestrian,5,Friday,107,PED ON FOOTHPATH STRUCK BY VEHENTERING/LEAVING DRIVEWAY.,1,674433,Not at intersection,3,60,Arterial Other,STATION,BRIMBANK,-37.743214,144.77934,2020,12,December,17,Afternoon Peak,Weekday
T20200022320,2020-12-11,15:06:00,1,Collision with vehicle,5,Friday,132,RIGHT REAR.,1,37289,T intersection,3,60,Local Road,BRUSH,WHITTLESEA,-37.63795,145.02948,2020,12,December,15,Afternoon Peak,Weekday
T20200022298,2020-12-11,10:40:00,1,Collision with vehicle,5,Friday,130,REAR END(VEHICLES IN SAME LANE),1,672716,Not at intersection,3,80,Freeway,MONASH,MONASH,-37.914574,145.16751,2020,12,December,10,Midday,Weekday
T20210001953,2020-12-11,23:30:00,1,Collision with vehicle,5,Friday,146,REVERSING INTO FIXED OBJECT/PARKED VEHICLE,6,674340,Not at intersection,3,50,Local Road,CHERYLNNE,YARRA RANGES,-37.812843,145.32318,2020,12,December,23,Night,Weekday
T20200022317,2020-12-11,15:10:00,8,No collision and no object struck,5,Friday,182,OFF CARRIAGEWAY ON LEFT BEND,1,677219,Not at intersection,2,80,Freeway,AIRPORT,BRIMBANK,-37.714844,144.8719,2020,12,December,15,Afternoon Peak,Weekday
T20200022314,2020-12-11,15:05:00,1,Collision with vehicle,5,Friday,110,CROSS TRAFFIC(INTERSECTIONS ONLY),1,71458,Cross intersection,3,50,Local Road,BEAUFORD,GEELONG,-38.09795,144.32896,2020,12,December,15,Afternoon Peak,Weekday
T20200022293,2020-12-11,10:00:00,1,Collision with vehicle,5,Friday,132,RIGHT REAR.,1,145816,Not at intersection,2,60,Arterial Highway,POINT NEPEAN,MORNINGTON PENINSULA,-38.36698,144.86276,2020,12,December,10,Midday,Weekday
T20200023270,2020-12-11,05:17:00,6,Vehicle overturned (no collision),5,Friday,184,OUT OF CONTROL ON CARRIAGEWAY (ON BEND),3,671009,Not at intersection,3,60,Local Road,COLLEGE,MELBOURNE,-37.793495,144.9647,2020,12,December,5,Morning Peak,Weekday
T20200022746,2020-12-11,14:30:00,1,Collision with vehicle,5,Friday,163,VEHICLE STRIKES DOOR OF PARKED/STATIONARY VEHICLE,1,677461,Not at intersection,3,40,Arterial Other,SYDNEY,MORELAND,-37.776657,144.96051,2020,12,December,14,Midday,Weekday
T20200022355,2020-12-11,18:33:00,1,Collision with vehicle,5,Friday,140,U TURN,1,61655,T intersection,1,60,Arterial Other,GRANT,MOORABOOL,-37.680813,144.43442,2020,12,December,18,Afternoon Peak,Weekday
T20200022354,2020-12-11,02:40:00,4,Collision with a fixed object,5,Friday,181,OFF RIGHT BEND INTO OBJECT/PARKED VEHICLE,5,676884,Not at intersection,2,80,Arterial Highway,PRINCES,LATROBE,-38.211483,146.48595,2020,12,December,2,Late Night,Weekday
T20200022353,2020-12-11,22:03:00,4,Collision with a fixed object,5,Friday,171,LEFT OFF CARRIAGEWAY INTO OBJECT/PARKED VEHICLE,3,41391,Cross intersection,2,60,Arterial Other,JASPER,GLEN EIRA,-37.91165,145.04286,2020,12,December,22,Night,Weekday
T20200022351,2020-12-11,22:00:00,1,Collision with vehicle,5,Friday,121,RIGHT THROUGH,3,34518,Multiple intersection,3,60,Arterial Other,LINCOLN,MOONEE VALLEY,-37.74463,144.91008,2020,12,December,22,Night,Weekday
T20200022348,2020-12-11,16:37:00,8,No collision and no object struck,5,Friday,170,OFF CARRIAGEWAY TO LEFT,1,747685,Not at intersection,2,80,Local Road,EVANS,CASEY,-38.094765,145.2553,2020,12,December,16,Afternoon Peak,Weekday
T20200022347,2020-12-11,17:52:00,1,Collision with vehicle,5,Friday,121,RIGHT THROUGH,1,44038,T intersection,2,60,Arterial Other,SPRING,DAREBIN,-37.719627,145.00482,2020,12,December,17,Afternoon Peak,Weekday
T20200022343,2020-12-11,16:00:00,2,Struck Pedestrian,5,Friday,100,PED NEAR SIDE. PED HIT BY VEHICLE FROM THE RIGHT.,1,670743,T intersection,2,40,Local Road,CAMDEN,PORT PHILLIP,-37.86843,144.99152,2020,12,December,16,Afternoon Peak,Weekday
T20200022341,2020-12-11,16:10:00,1,Collision with vehicle,5,Friday,132,RIGHT REAR.,1,671696,Not at intersection,3,100,Local Road,CAIRNBROOK,WELLINGTON,-38.11389,146.6694,2020,12,December,16,Afternoon Peak,Weekday
T20200022339,2020-12-11,17:25:00,1,Collision with vehicle,5,Friday,160,VEHICLE COLLIDES WITH VEHICLE PARKED ON LEFT OF ROAD,1,671084,Not at intersection,3,50,Local Road,RUDD,SURF COAST,-38.335957,144.31839,2020,12,December,17,Afternoon Peak,Weekday
T20200022338,2020-12-11,16:45:00,1,Collision with vehicle,5,Friday,163,VEHICLE STRIKES DOOR OF PARKED/STATIONARY VEHICLE,1,670155,Not at intersection,3,80,Arterial Other,WESTALL,DANDENONG,-37.980278,145.14355,2020,12,December,16,Afternoon Peak,Weekday
T20200022336,2020-12-11,19:22:00,1,Collision with vehicle,5,Friday,130,REAR END(VEHICLES IN SAME LANE),1,670254,Multiple intersection,3,70,Freeway,WESTERN OUT-HOPKINS,MELTON,-37.747906,144.70174,2020,12,December,19,Night,Weekday
T20200022290,2020-12-11,07:30:00,1,Collision with vehicle,5,Friday,121,RIGHT THROUGH,1,157,Cross intersection,2,50,Arterial Other,FARNSWORTH,MARIBYRNONG,-37.790283,144.9008,2020,12,December,7,Morning Peak,Weekday
T20200022328,2020-12-11,18:20:00,1,Collision with vehicle,5,Friday,110,CROSS TRAFFIC(INTERSECTIONS ONLY),1,243224,Cross intersection,3,60,Local Road,RING,BALLARAT,-37.53989,143.80081,2020,12,December,18,Afternoon Peak,Weekday
T20200022555,2020-12-11,04:30:00,1,Collision with vehicle,5,Friday,147,VEHICLE STRIKES ANOTHER VEH WHILE EMERGING FROM DRIVEWAY,3,670998,Not at intersection,3,70,Arterial Highway,NEPEAN,FRANKSTON,-38.0918,145.12549,2020,12,December,4,Late Night,Weekday
T20200022402,2020-12-11,21:57:00,1,Collision with vehicle,5,Friday,160,VEHICLE COLLIDES WITH VEHICLE PARKED ON LEFT OF ROAD,3,671226,Not at intersection,2,50,Local Road,OXFORD,GEELONG,-38.17435,144.38582,2020,12,December,21,Night,Weekday
T20200023259,2020-12-11,16:22:00,1,Collision with vehicle,5,Friday,130,REAR END(VEHICLES IN SAME LANE),1,673388,Not at intersection,3,80,Arterial Highway,GEELONG,BRIMBANK,-37.820267,144.83656,2020,12,December,16,Afternoon Peak,Weekday
T20200022662,2020-12-11,12:55:00,6,Vehicle overturned (no collision),5,Friday,184,OUT OF CONTROL ON CARRIAGEWAY (ON BEND),1,673486,T intersection,3,100,Arterial Other,LICOLA,WELLINGTON,-37.899082,146.72815,2020,12,December,12,Midday,Weekday
T20210005405,2020-12-11,19:12:00,1,Collision with vehicle,5,Friday,110,CROSS TRAFFIC(INTERSECTIONS ONLY),1,35933,Cross intersection,3,50,Local Road,CAMPBELL,MORELAND,-37.75339,144.9664,2020,12,December,19,Night,Weekday
T20200022288,2020-12-11,09:38:00,1,Collision with vehicle,5,Friday,121,RIGHT THROUGH,1,670153,Not at intersection,2,60,Local Road,TAYLORS,BRIMBANK,-37.72745,144.78116,2020,12,December,9,Morning Peak,Weekday
T20200022313,2020-12-11,13:34:00,1,Collision with vehicle,5,Friday,135,LANE CHANGE LEFT (NOT OVERTAKING),1,673321,Not at intersection,3,100,Freeway,WESTERN RING,MORELAND,-37.693825,144.93303,2020,12,December,13,Midday,Weekday
T20200022306,2020-12-11,12:16:00,1,Collision with vehicle,5,Friday,134,LANE CHANGE RIGHT (NOT OVERTAKING),1,670073,Not at intersection,3,40,Arterial Other,DOUGLAS,HOBSONS BAY,-37.82937,144.89583,2020,12,December,12,Midday,Weekday
T20200022756,2020-12-11,15:30:00,1,Collision with vehicle,5,Friday,130,REAR END(VEHICLES IN SAME LANE),1,729481,Not at intersection,3,60,Freeway,WEST GATE,HOBSONS BAY,-37.829376,144.89813,2020,12,December,15,Afternoon Peak,Weekday
T20200022599,2020-12-11,14:19:00,1,Collision with vehicle,5,Friday,116,LEFT NEAR (INTERSECTIONS ONLY),1,38246,T intersection,3,60,Arterial Other,BULLEEN,BOROONDARA,-37.784096,145.07805,2020,12,December,14,Midday,Weekday
T20200022513,2020-12-12,16:00:00,1,Collision with vehicle,6,Saturday,121,RIGHT THROUGH,1,1121,T intersection,3,60,Arterial Highway,POINT NEPEAN,MORNINGTON PENINSULA,-38.368313,144.85658,2020,12,December,16,Afternoon Peak,Weekend
T20200022413,2020-12-12,15:10:00,1,Collision with vehicle,6,Saturday,121,RIGHT THROUGH,1,40034,Cross intersection,2,60,Arterial Other,PLUMMER,PORT PHILLIP,-37.832794,144.9243,2020,12,December,15,Afternoon Peak,Weekend
T20200022459,2020-12-12,18:20:00,8,No collision and no object struck,6,Saturday,199,UNKNOWN-NO DETAILS ON MANOEUVRES OF ROAD-USERS IN ACCIDENT,1,671085,T intersection,3,50,Local Road,MURROWONG,MORNINGTON PENINSULA,-38.364388,144.89146,2020,12,December,18,Afternoon Peak,Weekend
T20210002419,2020-12-12,17:30:00,1,Collision with vehicle,6,Saturday,132,RIGHT REAR.,1,675152,T intersection,3,50,Local Road,ARENA,HUME,-37.61965,144.91861,2020,12,December,17,Afternoon Peak,Weekend
T20210005813,2020-12-12,08:10:00,1,Collision with vehicle,6,Saturday,142,LEAVING PARKING,1,680290,Not at intersection,3,60,Local Road,EXETER,MAROONDAH,-37.77062,145.29413,2020,12,December,8,Morning Peak,Weekend
T20210001320,2020-12-12,13:30:00,6,Vehicle overturned (no collision),6,Saturday,174,OUT OF CONTROL ON CARRIAGEWAY (ON STRAIGHT),1,674938,Not at intersection,2,100,Arterial Other,DARGO,WELLINGTON,-37.47361,147.22253,2020,12,December,13,Midday,Weekend
T20200022918,2020-12-12,06:30:00,1,Collision with vehicle,6,Saturday,133,LANE SIDE SWIPE (VEHICLES IN PARALLEL LANES),1,29726,Cross intersection,3,80,Arterial Highway,PRINCES,CASEY,-38.006256,145.27335,2020,12,December,6,Morning Peak,Weekend
T20200022458,2020-12-12,13:25:00,1,Collision with vehicle,6,Saturday,121,RIGHT THROUGH,1,36056,Cross intersection,3,40,Arterial Other,DERRIMUT,WYNDHAM,-37.819614,144.6936,2020,12,December,13,Midday,Weekend
T20200022620,2020-12-12,13:30:00,6,Vehicle overturned (no collision),6,Saturday,184,OUT OF CONTROL ON CARRIAGEWAY (ON BEND),1,670441,Not at intersection,3,60,Local Road,BASIN-OLINDA,KNOX,-37.85655,145.34306,2020,12,December,13,Midday,Weekend
T20200022493,2020-12-12,21:45:00,1,Collision with vehicle,6,Saturday,160,VEHICLE COLLIDES WITH VEHICLE PARKED ON LEFT OF ROAD,3,678116,Not at intersection,2,50,Arterial Other,ASHBY,BAW BAW,-38.211033,146.15213,2020,12,December,21,Night,Weekend
T20210000817,2020-12-12,15:00:00,6,Vehicle overturned (no collision),6,Saturday,182,OFF CARRIAGEWAY ON LEFT BEND,1,673491,Not at intersection,3,100,Arterial Other,GEMBROOK-LAUNCHING PLACE,CARDINIA,-37.912365,145.57396,2020,12,December,15,Afternoon Peak,Weekend
T20200022410,2020-12-12,14:15:00,4,Collision with a fixed object,6,Saturday,173,RIGHT OFF CARRIAGEWAY INTO OBJECT/PARKED VEHICLE,1,670199,Not at intersection,3,80,Arterial Highway,MAROONDAH,MURRINDINDI,-37.572384,145.63803,2020,12,December,14,Midday,Weekend
T20200023314,2020-12-12,21:30:00,1,Collision with vehicle,6,Saturday,110,CROSS TRAFFIC(INTERSECTIONS ONLY),4,324832,Cross intersection,3,80,Arterial Other,FERNTREE GULLY,MONASH,-37.896923,145.1062,2020,12,December,21,Night,Weekend
T20200022514,2020-12-12,22:00:00,4,Collision with a fixed object,6,Saturday,171,LEFT OFF CARRIAGEWAY INTO OBJECT/PARKED VEHICLE,3,681062,Not at intersection,3,50,Local Road,MARGARET,BENALLA,-36.560246,145.97066,2020,12,December,22,Night,Weekend
T20200022451,2020-12-12,13:30:00,1,Collision with vehicle,6,Saturday,130,REAR END(VEHICLES IN SAME LANE),1,670160,Not at intersection,3,60,Arterial Other,HIGH,WHITTLESEA,-37.64998,145.02492,2020,12,December,13,Midday,Weekend
T20200022444,2020-12-12,23:48:00,1,Collision with vehicle,6,Saturday,110,CROSS TRAFFIC(INTERSECTIONS ONLY),3,746085,Cross intersection,2,60,Local Road,COBURNS,MELTON,-37.672924,144.57037,2020,12,December,23,Night,Weekend
T20200022440,2020-12-12,23:40:00,1,Collision with vehicle,6,Saturday,130,REAR END(VEHICLES IN SAME LANE),3,38581,T intersection,2,60,Arterial Other,MILLERS,HOBSONS BAY,-37.82892,144.84863,2020,12,December,23,Night,Weekend
T20200022431,2020-12-12,21:05:00,1,Collision with vehicle,6,Saturday,136,RIGHT TURN SIDESWIPE,3,670521,Cross intersection,3,60,Arterial Highway,ALEXANDRA,YARRA,-37.793056,144.9758,2020,12,December,21,Night,Weekend
T20200022401,2020-12-12,06:45:00,1,Collision with vehicle,6,Saturday,133,LANE SIDE SWIPE (VEHICLES IN PARALLEL LANES),2,673489,Not at intersection,3,60,Arterial Other,BEACH,BAYSIDE,-37.98729,145.04955,2020,12,December,6,Morning Peak,Weekend
T20200022392,2020-12-12,13:53:00,1,Collision with vehicle,6,Saturday,121,RIGHT THROUGH,1,843,T intersection,2,60,Arterial Other,SYDNEY,MORELAND,-37.716793,144.96263,2020,12,December,13,Midday,Weekend
T20200022389,2020-12-12,10:49:00,1,Collision with vehicle,6,Saturday,120,HEAD ON (NOT OVERTAKING),1,47309,T intersection,3,80,Local Road,BINDTS,WHITTLESEA,-37.59513,145.047,2020,12,December,10,Midday,Weekend
T20200022384,2020-12-12,09:07:00,4,Collision with a fixed object,6,Saturday,181,OFF RIGHT BEND INTO OBJECT/PARKED VEHICLE,1,679120,Not at intersection,2,100,Arterial Other,GEMBROOK-LAUNCHING PLACE,CARDINIA,-37.9083,145.5907,2020,12,December,9,Morning Peak,Weekend
T20200023222,2020-12-12,08:00:00,2,Struck Pedestrian,6,Saturday,102,FAR SIDE. PED HIT BY VEHICLE FROM THE LEFT,1,38578,Cross intersection,3,60,Arterial Other,MILLERS,HOBSONS BAY,-37.827072,144.84892,2020,12,December,8,Morning Peak,Weekend
T20210000752,2020-12-12,14:00:00,1,Collision with vehicle,6,Saturday,163,VEHICLE STRIKES DOOR OF PARKED/STATIONARY VEHICLE,1,672734,Not at intersection,3,40,Local Road,COLLINS,MELBOURNE,-37.81608,144.96454,2020,12,December,14,Midday,Weekend
T20200022361,2020-12-12,03:35:00,1,Collision with vehicle,6,Saturday,130,REAR END(VEHICLES IN SAME LANE),3,676964,Not at intersection,3,70,Arterial Other,BALLARAT,BRIMBANK,-37.777863,144.83519,2020,12,December,3,Late Night,Weekend
T20200022362,2020-12-12,02:45:00,4,Collision with a fixed object,6,Saturday,173,RIGHT OFF CARRIAGEWAY INTO OBJECT/PARKED VEHICLE,5,674851,T intersection,3,80,Arterial Other,WELLINGTON,YARRA RANGES,-37.950497,145.3364,2020,12,December,2,Late Night,Weekend
T20200022367,2020-12-12,06:15:00,1,Collision with vehicle,6,Saturday,130,REAR END(VEHICLES IN SAME LANE),1,670156,Not at intersection,2,80,Arterial Other,WESTERN,MELTON,-37.762215,144.75475,2020,12,December,6,Morning Peak,Weekend
T20200022370,2020-12-12,09:00:00,1,Collision with vehicle,6,Saturday,133,LANE SIDE SWIPE (VEHICLES IN PARALLEL LANES),1,673490,Not at intersection,2,100,Local Road,DIGGORA,CAMPASPE,-36.35213,144.68674,2020,12,December,9,Morning Peak,Weekend
T20200022371,2020-12-12,07:58:00,1,Collision with vehicle,6,Saturday,121,RIGHT THROUGH,1,26,Cross intersection,3,80,Arterial Highway,FRANKSTON-DANDENONG,DANDENONG,-38.02378,145.2135,2020,12,December,7,Morning Peak,Weekend
T20200022374,2020-12-12,07:02:00,1,Collision with vehicle,6,Saturday,121,RIGHT THROUGH,1,671424,Not at intersection,2,50,Arterial Highway,POINT NEPEAN,MORNINGTON PENINSULA,-38.371014,144.82756,2020,12,December,7,Morning Peak,Weekend
T20200022376,2020-12-12,07:20:00,1,Collision with vehicle,6,Saturday,160,VEHICLE COLLIDES WITH VEHICLE PARKED ON LEFT OF ROAD,1,670344,Not at intersection,2,60,Arterial Highway,WHITEHORSE,WHITEHORSE,-37.81554,145.1037,2020,12,December,7,Morning Peak,Weekend
T20200022377,2020-12-12,11:05:00,8,No collision and no object struck,6,Saturday,184,OUT OF CONTROL ON CARRIAGEWAY (ON BEND),1,673487,Not at intersection,2,50,Arterial Other,YARRA,BOROONDARA,-37.803364,145.0214,2020,12,December,11,Midday,Weekend
T20200022427,2020-12-12,20:00:00,1,Collision with vehicle,6,Saturday,130,REAR END(VEHICLES IN SAME LANE),2,682311,Not at intersection,3,50,Local Road,POWER,CASEY,-37.967983,145.24342,2020,12,December,20,Night,Weekend
T20200022425,2020-12-12,18:48:00,1,Collision with vehicle,6,Saturday,110,CROSS TRAFFIC(INTERSECTIONS ONLY),1,40406,Cross intersection,2,40,Arterial Other,RIVERSDALE,BOROONDARA,-37.83092,145.0528,2020,12,December,18,Afternoon Peak,Weekend
T20200022423,2020-12-12,19:25:00,1,Collision with vehicle,6,Saturday,114,TWO RIGHT TURNING (INTERSECTIONS ONLY),1,36126,T intersection,3,60,Arterial Other,MCDONALDS,WHITTLESEA,-37.647053,145.05106,2020,12,December,19,Night,Weekend
T20200022420,2020-12-12,19:00:00,4,Collision with a fixed object,6,Saturday,171,LEFT OFF CARRIAGEWAY INTO OBJECT/PARKED VEHICLE,1,41764,T intersection,2,50,Local Road,MALMSBURY,HUME,-37.660507,144.91452,2020,12,December,19,Night,Weekend
T20200022419,2020-12-12,18:47:00,2,Struck Pedestrian,6,Saturday,102,FAR SIDE. PED HIT BY VEHICLE FROM THE LEFT,1,41467,Cross intersection,2,60,Arterial Other,MURRUMBEENA,GLEN EIRA,-37.890285,145.0664,2020,12,December,18,Afternoon Peak,Weekend
T20200022415,2020-12-12,15:45:00,6,Vehicle overturned (no collision),6,Saturday,180,OFF CARRIAGEWAY ON RIGHT BEND,1,672318,Not at intersection,2,80,Arterial Highway,GREAT OCEAN,CORANGAMITE,-38.735718,143.2509,2020,12,December,15,Afternoon Peak,Weekend
T20200023002,2020-12-12,10:10:00,1,Collision with vehicle,6,Saturday,147,VEHICLE STRIKES ANOTHER VEH WHILE EMERGING FROM DRIVEWAY,1,240715,T intersection,2,80,Arterial Other,PRINCES,CARDINIA,-38.071285,145.4778,2020,12,December,10,Midday,Weekend
T20200022414,2020-12-12,16:45:00,1,Collision with vehicle,6,Saturday,121,RIGHT THROUGH,1,674690,Not at intersection,2,40,Arterial Other,BARKLY,PORT PHILLIP,-37.867718,144.98111,2020,12,December,16,Afternoon Peak,Weekend
T20210000904,2020-12-12,12:18:00,1,Collision with vehicle,6,Saturday,110,CROSS TRAFFIC(INTERSECTIONS ONLY),1,52495,Cross intersection,2,50,Local Road,LANGTREE,MILDURA,-34.18979,142.15413,2020,12,December,12,Midday,Weekend
T20200022505,2020-12-13,19:10:00,1,Collision with vehicle,7,Sunday,147,VEHICLE STRIKES ANOTHER VEH WHILE EMERGING FROM DRIVEWAY,2,670346,Not at intersection,3,50,Local Road,GORDONS,WHITTLESEA,-37.626194,145.07497,2020,12,December,19,Night,Weekend
T20210002731,2020-12-13,13:00:00,1,Collision with vehicle,7,Sunday,121,RIGHT THROUGH,1,342439,T intersection,3,80,Arterial Other,RIVER,SHEPPARTON,-36.440796,145.40851,2020,12,December,13,Midday,Weekend
T20200022554,2020-12-13,18:46:00,1,Collision with vehicle,7,Sunday,132,RIGHT REAR.,1,684661,T intersection,3,100,Arterial Highway,MAROONDAH,MANSFIELD,-36.984737,145.70102,2020,12,December,18,Afternoon Peak,Weekend
T20200022482,2020-12-13,10:20:00,4,Collision with a fixed object,7,Sunday,181,OFF RIGHT BEND INTO OBJECT/PARKED VEHICLE,1,670161,Not at intersection,2,80,Arterial Other,ELTHAM-YARRA GLEN,NILLUMBIK,-37.649826,145.33708,2020,12,December,10,Midday,Weekend
T20200022485,2020-12-13,14:30:00,1,Collision with vehicle,7,Sunday,121,RIGHT THROUGH,1,243783,T intersection,2,70,Arterial Other,NARRE WARREN,CASEY,-38.098442,145.29272,2020,12,December,14,Midday,Weekend
T20210005480,2020-12-13,14:00:00,1,Collision with vehicle,7,Sunday,130,REAR END(VEHICLES IN SAME LANE),1,53671,Cross intersection,3,60,Arterial Other,EUROA-MANSFIELD ROAD -MANSFIELD,STRATHBOGIE,-36.7635,145.57639,2020,12,December,14,Midday,Weekend
T20200022497,2020-12-13,19:10:00,1,Collision with vehicle,7,Sunday,110,CROSS TRAFFIC(INTERSECTIONS ONLY),1,39774,Cross intersection,3,70,Arterial Other,MT DANDENONG,MAROONDAH,-37.799644,145.28981,2020,12,December,19,Night,Weekend
T20200022511,2020-12-13,21:20:00,4,Collision with a fixed object,7,Sunday,198,OTHER ACCIDENTS NOT CLASSIFIABLE ELSEWHERE,3,673496,Not at intersection,3,40,Local Road,HARBOURSIDE,MORNINGTON PENINSULA,-38.306355,145.00314,2020,12,December,21,Night,Weekend
T20200022495,2020-12-13,17:20:00,1,Collision with vehicle,7,Sunday,121,RIGHT THROUGH,1,37865,Cross intersection,3,60,Arterial Highway,ST GEORGES,DAREBIN,-37.758785,144.99313,2020,12,December,17,Afternoon Peak,Weekend
T20200022518,2020-12-13,23:45:00,1,Collision with vehicle,7,Sunday,162,ACCIDENT OR BROKEN DOWN,3,673928,Multiple intersection,3,80,Freeway,HUME-METROPOLITAN RING IN,WHITTLESEA,-37.69062,144.98389,2020,12,December,23,Night,Weekend
T20210003768,2020-12-13,11:00:00,1,Collision with vehicle,7,Sunday,121,RIGHT THROUGH,1,41247,Cross intersection,3,50,Local Road,MARGARET,MORELAND,-37.721466,144.91992,2020,12,December,11,Midday,Weekend
T20200022508,2020-12-13,21:40:00,1,Collision with vehicle,7,Sunday,160,VEHICLE COLLIDES WITH VEHICLE PARKED ON LEFT OF ROAD,3,672135,Not at intersection,3,60,Arterial Other,FISHER,MOONEE VALLEY,-37.78577,144.90518,2020,12,December,21,Night,Weekend