ACCIDENT_NO,ACCIDENT_DATE,ACCIDENT_TIME,ACCIDENT_TYPE,ACCIDENT_TYPE_DESC,DAY_OF_WEEK,DAY_WEEK_DESC,DCA_CODE,DCA_DESC,LIGHT_CONDITION,NODE_ID,ROAD_GEOMETRY_DESC,SEVERITY,SPEED_ZONE,RMA,ROAD_NAME,LGA_NAME,LATITUDE,LONGITUDE,YEAR,MONTH,MONTH_NAME,HOUR,TIME_PERIOD,DAY_TYPE
T20200022498,2020-12-13,18:30:00,6,Vehicle overturned (no collision),7,Sunday,170,OFF CARRIAGEWAY TO LEFT,1,671228,T intersection,2,50,Local Road,KAROOLA,BAYSIDE,-37.94403,145.00722,2020,12,December,18,Afternoon Peak,Weekend
T20210000847,2020-12-13,13:30:00,5,collision with some other object,7,Sunday,166,STRUCK OBJECT ON CARRIAGEWAY,1,672906,Not at intersection,3,80,Local Road,EILDON-JAMIESON,MANSFIELD,-37.28826,146.12337,2020,12,December,13,Midday,Weekend
T20210000688,2020-12-13,03:09:00,1,Collision with vehicle,7,Sunday,130,REAR END(VEHICLES IN SAME LANE),3,329775,T intersection,3,80,Arterial Highway,GEELONG,HOBSONS BAY,-37.822266,144.82964,2020,12,December,3,Late Night,Weekend
T20200022443,2020-12-13,05:00:00,4,Collision with a fixed object,7,Sunday,173,RIGHT OFF CARRIAGEWAY INTO OBJECT/PARKED VEHICLE,2,38137,Not at intersection,3,60,Arterial Highway,BELL,BANYULE,-37.75001,145.04247,2020,12,December,5,Morning Peak,Weekend
T20200022910,2020-12-13,09:00:00,1,Collision with vehicle,7,Sunday,110,CROSS TRAFFIC(INTERSECTIONS ONLY),1,50729,Cross intersection,3,50,Local Road,COX,MOYNE,-38.385517,142.23671,2020,12,December,9,Morning Peak,Weekend
T20200022474,2020-12-13,12:30:00,1,Collision with vehicle,7,Sunday,130,REAR END(VEHICLES IN SAME LANE),1,674672,Not at intersection,2,100,Local Road,SLATE QUARRY,GOLDEN PLAINS,-37.82596,144.1216,2020,12,December,12,Midday,Weekend
T20200022454,2020-12-13,09:40:00,4,Collision with a fixed object,7,Sunday,171,LEFT OFF CARRIAGEWAY INTO OBJECT/PARKED VEHICLE,1,676438,Not at intersection,2,60,Local Road,DELATITE,MITCHELL,-37.02709,145.15717,2020,12,December,9,Morning Peak,Weekend
T20200022462,2020-12-13,11:30:00,6,Vehicle overturned (no collision),7,Sunday,174,OUT OF CONTROL ON CARRIAGEWAY (ON STRAIGHT),1,671934,Not at intersection,2,100,Local Road,WEE CREEK,MURRINDINDI,-37.45298,145.43146,2020,12,December,11,Midday,Weekend
T20200022494,2020-12-13,17:39:00,1,Collision with vehicle,7,Sunday,132,RIGHT REAR.,1,671698,Not at intersection,3,100,Arterial Other,TRARALGON-MAFFRA,WELLINGTON,-37.96848,146.94289,2020,12,December,17,Afternoon Peak,Weekend
T20200022464,2020-12-13,11:00:00,1,Collision with vehicle,7,Sunday,121,RIGHT THROUGH,1,35451,Cross intersection,2,50,Arterial Other,RYANS,NILLUMBIK,-37.68677,145.14294,2020,12,December,11,Midday,Weekend
T20200022512,2020-12-13,19:36:00,4,Collision with a fixed object,7,Sunday,175,OFF END OF ROAD/T-INTERSECTION.,1,674051,T intersection,3,50,Local Road,BURGUNDY,MORELAND,-37.73152,144.92853,2020,12,December,19,Night,Weekend
T20200022504,2020-12-13,20:58:00,4,Collision with a fixed object,7,Sunday,181,OFF RIGHT BEND INTO OBJECT/PARKED VEHICLE,5,670523,Not at intersection,3,80,Arterial Highway,MAROONDAH,YARRA RANGES,-37.633354,145.58336,2020,12,December,20,Night,Weekend
T20200022466,2020-12-13,06:40:00,4,Collision with a fixed object,7,Sunday,181,OFF RIGHT BEND INTO OBJECT/PARKED VEHICLE,1,682312,Not at intersection,2,100,Freeway,PENINSULA LINK,FRANKSTON,-38.128124,145.1721,2020,12,December,6,Morning Peak,Weekend
T20200022448,2020-12-13,01:54:00,2,Struck Pedestrian,7,Sunday,108,PED STRUCK WALKING TO/FROM OR BOARDING/ALIGHTING VEHICLE.,3,673495,Not at intersection,3,60,Arterial Other,PLENTY,DAREBIN,-37.739326,145.01112,2020,12,December,1,Late Night,Weekend
T20200023325,2020-12-13,20:00:00,1,Collision with vehicle,7,Sunday,169,OTHER ON PATH,2,671236,Not at intersection,3,50,Local Road,KANOOKA,WHITTLESEA,-37.625324,145.09097,2020,12,December,20,Night,Weekend
T20200022449,2020-12-13,01:35:00,8,No collision and no object struck,7,Sunday,182,OFF CARRIAGEWAY ON LEFT BEND,5,673494,Not at intersection,3,80,Arterial Other,HEIDELBERG-KINGLAKE,NILLUMBIK,-37.579124,145.28786,2020,12,December,1,Late Night,Weekend
T20200022506,2020-12-13,18:00:00,2,Struck Pedestrian,7,Sunday,100,PED NEAR SIDE. PED HIT BY VEHICLE FROM THE RIGHT.,1,670258,Not at intersection,3,40,Local Road,BRAMBLE,WHITTLESEA,-37.684418,145.05246,2020,12,December,18,Afternoon Peak,Weekend
T20200022472,2020-12-13,13:15:00,6,Vehicle overturned (no collision),7,Sunday,172,OFF CARRIAGEWAY TO RIGHT,1,675344,Not at intersection,2,100,Local Road,WOODCUTTERS,MOYNE,-37.959835,142.74046,2020,12,December,13,Midday,Weekend
T20200023180,2020-12-13,10:00:00,1,Collision with vehicle,7,Sunday,110,CROSS TRAFFIC(INTERSECTIONS ONLY),1,42328,Cross intersection,3,50,Local Road,DOMAIN,MORELAND,-37.70582,144.95097,2020,12,December,10,Midday,Weekend
T20200022475,2020-12-13,13:25:00,1,Collision with vehicle,7,Sunday,130,REAR END(VEHICLES IN SAME LANE),1,43194,T intersection,3,60,Arterial Highway,NEPEAN,KINGSTON,-38.025936,145.10106,2020,12,December,13,Midday,Weekend
T20200022492,2020-12-13,16:05:00,4,Collision with a fixed object,7,Sunday,175,OFF END OF ROAD/T-INTERSECTION.,1,61148,T intersection,3,80,Arterial Highway,GLENELG,SOUTHERN GRAMPIANS,-37.591938,141.67691,2020,12,December,16,Afternoon Peak,Weekend
T20200022480,2020-12-13,11:41:00,1,Collision with vehicle,7,Sunday,120,HEAD ON (NOT OVERTAKING),1,41076,T intersection,2,60,Arterial Other,MOUNTAIN,YARRA RANGES,-37.860664,145.33893,2020,12,December,11,Midday,Weekend
T20200022520,2020-12-13,00:35:00,8,No collision and no object struck,7,Sunday,199,UNKNOWN-NO DETAILS ON MANOEUVRES OF ROAD-USERS IN ACCIDENT,3,673834,Not at intersection,3,50,Local Road,BRONTE,CARDINIA,-38.07488,145.42465,2020,12,December,0,Late Night,Weekend
T20200022535,2020-12-14,07:54:00,1,Collision with vehicle,1,Monday,121,RIGHT THROUGH,1,356846,T intersection,2,70,Arterial Highway,NORTH,GLEN EIRA,-37.904846,145.04662,2020,12,December,7,Morning Peak,Weekday
T20200022534,2020-12-14,09:45:00,1,Collision with vehicle,1,Monday,116,LEFT NEAR (INTERSECTIONS ONLY),1,46193,T intersection,2,60,Local Road,MAIN,CARDINIA,-38.071682,145.47519,2020,12,December,9,Morning Peak,Weekday
T20200022621,2020-12-14,12:00:00,1,Collision with vehicle,1,Monday,130,REAR END(VEHICLES IN SAME LANE),1,684690,Not at intersection,3,60,Arterial Highway,QUEENS,PORT PHILLIP,-37.849922,144.978,2020,12,December,12,Midday,Weekday
T20200022613,2020-12-14,10:38:00,1,Collision with vehicle,1,Monday,140,U TURN,9,681381,Not at intersection,2,80,Arterial Highway,DANDENONG,GLEN EIRA,-37.884705,145.0695,2020,12,December,10,Midday,Weekday
T20200022600,2020-12-14,15:19:00,1,Collision with vehicle,1,Monday,135,LANE CHANGE LEFT (NOT OVERTAKING),1,670524,Not at intersection,2,70,Arterial Highway,ORMOND,GEELONG,-38.168396,144.38417,2020,12,December,15,Afternoon Peak,Weekday
T20200022598,2020-12-14,18:39:00,1,Collision with vehicle,1,Monday,130,REAR END(VEHICLES IN SAME LANE),1,670352,Not at intersection,3,100,Freeway,WESTERN RING,BRIMBANK,-37.77035,144.79547,2020,12,December,18,Afternoon Peak,Weekday
T20200022595,2020-12-14,10:10:00,1,Collision with vehicle,1,Monday,120,HEAD ON (NOT OVERTAKING),1,682293,Not at intersection,1,100,Arterial Highway,GREAT ALPINE,EAST GIPPSLAND,-37.711624,147.81012,2020,12,December,10,Midday,Weekday
T20200022591,2020-12-14,19:35:00,1,Collision with vehicle,1,Monday,113,RIGHT NEAR (INTERSECTIONS ONLY),1,47521,T intersection,2,60,Local Road,CUMMING,WYNDHAM,-37.86397,144.69496,2020,12,December,19,Night,Weekday
T20200022589,2020-12-14,18:05:00,1,Collision with vehicle,1,Monday,134,LANE CHANGE RIGHT (NOT OVERTAKING),1,673835,Not at intersection,2,100,Freeway,WESTERN RING,BRIMBANK,-37.788734,144.78812,2020,12,December,18,Afternoon Peak,Weekday
T20200022580,2020-12-14,16:00:00,4,Collision with a fixed object,1,Monday,173,RIGHT OFF CARRIAGEWAY INTO OBJECT/PARKED VEHICLE,1,39686,T intersection,3,50,Local Road,LAURENCE,MAROONDAH,-37.812435,145.2495,2020,12,December,16,Afternoon Peak,Weekday
T20200022577,2020-12-14,16:41:00,4,Collision with a fixed object,1,Monday,171,LEFT OFF CARRIAGEWAY INTO OBJECT/PARKED VEHICLE,1,749799,Not at intersection,2,60,Arterial Other,POINT COOK,HOBSONS BAY,-37.870228,144.76009,2020,12,December,16,Afternoon Peak,Weekday
T20200022576,2020-12-14,15:30:00,1,Collision with vehicle,1,Monday,130,REAR END(VEHICLES IN SAME LANE),1,689959,Not at intersection,2,80,Arterial Other,HUME,HUME,-37.63769,144.95053,2020,12,December,15,Afternoon Peak,Weekday
T20200022575,2020-12-14,16:05:00,1,Collision with vehicle,1,Monday,130,REAR END(VEHICLES IN SAME LANE),1,670351,Not at intersection,3,60,Arterial Highway,KINGS,PORT PHILLIP,-37.83488,144.97047,2020,12,December,16,Afternoon Peak,Weekday
T20200022573,2020-12-14,15:20:00,1,Collision with vehicle,1,Monday,113,RIGHT NEAR (INTERSECTIONS ONLY),1,43629,T intersection,2,80,Arterial Other,CRANBOURNE,CASEY,-38.041546,145.3042,2020,12,December,15,Afternoon Peak,Weekday
T20210001754,2020-12-14,10:55:00,1,Collision with vehicle,1,Monday,160,VEHICLE COLLIDES WITH VEHICLE PARKED ON LEFT OF ROAD,1,313692,Multiple intersection,3,80,Freeway,MONASH,MONASH,-37.88513,145.09766,2020,12,December,10,Midday,Weekday
T20200023384,2020-12-14,19:40:00,1,Collision with vehicle,1,Monday,134,LANE CHANGE RIGHT (NOT OVERTAKING),9,671470,Not at intersection,3,60,Arterial Other,BAY,KINGSTON,-37.957344,145.05113,2020,12,December,19,Night,Weekday
T20200022688,2020-12-14,15:00:00,1,Collision with vehicle,1,Monday,132,RIGHT REAR.,1,300082,Cross intersection,3,50,Arterial Highway,BELL,DAREBIN,-37.74454,144.99747,2020,12,December,15,Afternoon Peak,Weekday
T20200022527,2020-12-14,08:35:00,1,Collision with vehicle,1,Monday,121,RIGHT THROUGH,1,729901,Not at intersection,2,60,Arterial Other,EPSOM,MOONEE VALLEY,-37.77091,144.90553,2020,12,December,8,Morning Peak,Weekday
T20200022526,2020-12-14,07:10:00,1,Collision with vehicle,1,Monday,160,VEHICLE COLLIDES WITH VEHICLE PARKED ON LEFT OF ROAD,2,670347,T intersection,3,50,Local Road,OUTER,BAYSIDE,-37.906216,145.00021,2020,12,December,7,Morning Peak,Weekday
T20200022525,2020-12-14,09:04:00,1,Collision with vehicle,1,Monday,121,RIGHT THROUGH,1,45229,Cross intersection,3,60,Arterial Other,BUCKLEY,MOONEE VALLEY,-37.753933,144.88948,2020,12,December,9,Morning Peak,Weekday
T20200022638,2020-12-14,17:52:00,1,Collision with vehicle,1,Monday,152,PULLING OUT (OVERTAKING),1,670442,Not at intersection,3,70,Arterial Other,REMEMBRANCE,BALLARAT,-37.54152,143.78531,2020,12,December,17,Afternoon Peak,Weekday
T20210006059,2020-12-14,17:54:00,1,Collision with vehicle,1,Monday,131,LEFT REAR,1,160,Multiple intersection,3,60,Arterial Highway,ALEXANDRA,YARRA,-37.79468,144.9899,2020,12,December,17,Afternoon Peak,Weekday
T20200022545,2020-12-14,10:15:00,1,Collision with vehicle,1,Monday,130,REAR END(VEHICLES IN SAME LANE),1,672536,Not at intersection,2,80,Freeway,MONASH,MONASH,-37.937454,145.19481,2020,12,December,10,Midday,Weekday
T20200022568,2020-12-14,14:20:00,1,Collision with vehicle,1,Monday,130,REAR END(VEHICLES IN SAME LANE),1,729902,Not at intersection,2,80,Arterial Other,CASTLEMAINE-MALDON,MOUNT ALEXANDER,-37.01255,144.07954,2020,12,December,14,Midday,Weekday
T20200022716,2020-12-14,16:00:00,1,Collision with vehicle,1,Monday,148,VEHICLE OFF FOOTPATH STRIKES VEH ON CARRIAGEWAY,1,670444,Not at intersection,3,50,Local Road,SOUTHERN,KINGSTON,-37.983498,145.08743,2020,12,December,16,Afternoon Peak,Weekday
T20200022853,2020-12-14,17:30:00,1,Collision with vehicle,1,Monday,147,VEHICLE STRIKES ANOTHER VEH WHILE EMERGING FROM DRIVEWAY,9,673497,Not at intersection,3,50,Local Road,RIDDELL,GLEN EIRA,-37.887825,145.00342,2020,12,December,17,Afternoon Peak,Weekday
T20200022734,2020-12-14,14:50:00,1,Collision with vehicle,1,Monday,130,REAR END(VEHICLES IN SAME LANE),1,773442,Not at intersection,3,80,Arterial Highway,GREENSBOROUGH,BANYULE,-37.7084,145.08705,2020,12,December,14,Midday,Weekday
T20200022561,2020-12-14,09:30:00,1,Collision with vehicle,1,Monday,121,RIGHT THROUGH,1,43643,Cross intersection,3,50,Arterial Other,CLYDE,CASEY,-38.03295,145.34334,2020,12,December,9,Morning Peak,Weekday
T20200022517,2020-12-14,01:35:00,4,Collision with a fixed object,1,Monday,175,OFF END OF ROAD/T-INTERSECTION.,3,673725,T intersection,3,50,Local Road,RANDELL,KINGSTON,-38.00029,145.08209,2020,12,December,1,Late Night,Weekday
T20200022549,2020-12-14,10:20:00,1,Collision with vehicle,1,Monday,120,HEAD ON (NOT OVERTAKING),1,702521,Not at intersection,2,100,Local Road,EILDON-JAMIESON,MANSFIELD,-37.286633,146.12466,2020,12,December,10,Midday,Weekday
T20200023230,2020-12-14,13:43:00,1,Collision with vehicle,1,Monday,132,RIGHT REAR.,1,29830,T intersection,3,60,Arterial Other,PASCOE VALE,MOONEE VALLEY,-37.75152,144.92534,2020,12,December,13,Midday,Weekday
T20200022647,2020-12-14,11:10:00,1,Collision with vehicle,1,Monday,111,RIGHT FAR (INTERSECTIONS ONLY),1,670526,T intersection,3,80,Arterial Other,OLD PRINCES,CARDINIA,-38.05391,145.3789,2020,12,December,11,Midday,Weekday
T20200022602,2020-12-14,20:14:00,5,collision with some other object,1,Monday,191,LOAD OR MISSILE STRUCK VEHICLE,1,670525,Not at intersection,3,60,Arterial Other,MELBOURNE,HOBSONS BAY,-37.84007,144.88283,2020,12,December,20,Night,Weekday
T20200022894,2020-12-14,11:55:00,1,Collision with vehicle,1,Monday,133,LANE SIDE SWIPE (VEHICLES IN PARALLEL LANES),1,676885,Not at intersection,3,40,Local Road,VICTORIA,YARRA,-37.806236,144.99815,2020,12,December,11,Midday,Weekday
T20200022551,2020-12-14,13:07:00,1,Collision with vehicle,1,Monday,111,RIGHT FAR (INTERSECTIONS ONLY),1,36737,Cross intersection,2,80,Arterial Highway,PRINCES,DANDENONG,-37.941467,145.16606,2020,12,December,13,Midday,Weekday
T20200022553,2020-12-14,10:00:00,1,Collision with vehicle,1,Monday,135,LANE CHANGE LEFT (NOT OVERTAKING),1,670842,T intersection,3,80,Arterial Other,HUME,HUME,-37.634727,144.95004,2020,12,December,10,Midday,Weekday
T20210002582,2020-12-14,13:30:00,1,Collision with vehicle,1,Monday,116,LEFT NEAR (INTERSECTIONS ONLY),1,40093,Cross intersection,3,60,Arterial Other,UNION,PORT PHILLIP,-37.853268,144.98175,2020,12,December,13,Midday,Weekday
T20200022563,2020-12-14,12:40:00,1,Collision with vehicle,1,Monday,110,CROSS TRAFFIC(INTERSECTIONS ONLY),1,255810,Cross intersection,1,60,Arterial Other,MAIN NEERIM,BAW BAW,-38.11856,145.84654,2020,12,December,12,Midday,Weekday
T20200023417,2020-12-14,09:23:00,1,Collision with vehicle,1,Monday,130,REAR END(VEHICLES IN SAME LANE),1,676118,Not at intersection,3,80,Arterial Highway,WELLINGTON,MONASH,-37.919727,145.167,2020,12,December,9,Morning Peak,Weekday
T20200022564,2020-12-14,14:20:00,1,Collision with vehicle,1,Monday,134,LANE CHANGE RIGHT (NOT OVERTAKING),1,670350,Not at intersection,3,60,Local Road,HIGH,DAREBIN,-37.717194,145.00761,2020,12,December,14,Midday,Weekday
T20210001849,2020-12-14,11:00:00,1,Collision with vehicle,1,Monday,130,REAR END(VEHICLES IN SAME LANE),1,676803,Not at intersection,3,60,Arterial Other,BARWON HEADS,GEELONG,-38.19777,144.36249,2020,12,December,11,Midday,Weekday
T20200022530,2020-12-14,09:40:00,1,Collision with vehicle,1,Monday,132,RIGHT REAR.,1,670259,T intersection,3,40,Arterial Highway,MIDLAND,BALLARAT,-37.653355,143.90123,2020,12,December,9,Morning Peak,Weekday
T20200022560,2020-12-14,14:00:00,1,Collision with vehicle,1,Monday,110,CROSS TRAFFIC(INTERSECTIONS ONLY),1,670349,Cross intersection,2,80,Arterial Highway,FRANKSTON-DANDENONG ROAD -THOMPSON,DANDENONG,-38.071938,145.19482,2020,12,December,14,Midday,Weekday
T20200022631,2020-12-15,11:15:00,1,Collision with vehicle,2,Tuesday,133,LANE SIDE SWIPE (VEHICLES IN PARALLEL LANES),1,672009,Not at intersection,2,80,Arterial Highway,GREAT OCEAN,SURF COAST,-38.383392,144.20724,2020,12,December,11,Midday,Weekday
T20200022630,2020-12-15,09:59:00,1,Collision with vehicle,2,Tuesday,110,CROSS TRAFFIC(INTERSECTIONS ONLY),1,59283,Cross intersection,2,100,Local Road,HARSTON,SHEPPARTON,-36.469913,145.06836,2020,12,December,9,Morning Peak,Weekday
T20200022626,2020-12-15,07:06:00,1,Collision with vehicle,2,Tuesday,130,REAR END(VEHICLES IN SAME LANE),1,671229,Not at intersection,2,100,Freeway,EASTERN,WHITEHORSE,-37.803368,145.16887,2020,12,December,7,Morning Peak,Weekday
T20200022634,2020-12-15,11:30:00,1,Collision with vehicle,2,Tuesday,110,CROSS TRAFFIC(INTERSECTIONS ONLY),1,43077,Cross intersection,2,50,Arterial Highway,FOSTER,DANDENONG,-37.98933,145.21684,2020,12,December,11,Midday,Weekday
T20200022787,2020-12-15,15:20:00,4,Collision with a fixed object,2,Tuesday,171,LEFT OFF CARRIAGEWAY INTO OBJECT/PARKED VEHICLE,1,729482,Not at intersection,2,80,Arterial Other,MORNINGTON-FLINDERS,MORNINGTON PENINSULA,-38.436836,144.9748,2020,12,December,15,Afternoon Peak,Weekday
T20200022800,2020-12-15,20:00:00,4,Collision with a fixed object,2,Tuesday,173,RIGHT OFF CARRIAGEWAY INTO OBJECT/PARKED VEHICLE,2,670619,Cross intersection,3,60,Local Road,GRAF,MORNINGTON PENINSULA,-38.226192,145.16824,2020,12,December,20,Night,Weekday
T20200022642,2020-12-15,09:40:00,1,Collision with vehicle,2,Tuesday,120,HEAD ON (NOT OVERTAKING),1,678482,Not at intersection,2,100,Arterial Other,BALLAN,MOORABOOL,-37.786175,144.45955,2020,12,December,9,Morning Peak,Weekday
T20200022633,2020-12-15,08:05:00,1,Collision with vehicle,2,Tuesday,162,ACCIDENT OR BROKEN DOWN,1,671376,Not at intersection,2,100,Freeway,MONASH,CASEY,-37.971493,145.23726,2020,12,December,8,Morning Peak,Weekday
T20200022802,2020-12-15,16:32:00,5,collision with some other object,2,Tuesday,171,LEFT OFF CARRIAGEWAY INTO OBJECT/PARKED VEHICLE,1,675448,Not at intersection,3,100,Arterial Other,WAHRING-MURCHISON EAST,STRATHBOGIE,-36.643078,145.24034,2020,12,December,16,Afternoon Peak,Weekday
T20200022664,2020-12-15,15:47:00,1,Collision with vehicle,2,Tuesday,130,REAR END(VEHICLES IN SAME LANE),1,671000,Not at intersection,3,60,Local Road,KOROROIT CREEK,HOBSONS BAY,-37.857037,144.88007,2020,12,December,15,Afternoon Peak,Weekday
T20200022657,2020-12-15,13:40:00,1,Collision with vehicle,2,Tuesday,110,CROSS TRAFFIC(INTERSECTIONS ONLY),1,41755,Cross intersection,2,70,Arterial Other,WAVERLEY,MONASH,-37.88673,145.14569,2020,12,December,13,Midday,Weekday
T20200022656,2020-12-15,11:55:00,6,Vehicle overturned (no collision),2,Tuesday,172,OFF CARRIAGEWAY TO RIGHT,1,58506,T intersection,3,100,Arterial Highway,HENTY,YARRIAMBIACK,-36.069386,142.42166,2020,12,December,11,Midday,Weekday
T20200022745,2020-12-15,19:00:00,1,Collision with vehicle,2,Tuesday,132,RIGHT REAR.,9,37739,T intersection,3,40,Arterial Other,MALVERN,STONNINGTON,-37.847836,145.00122,2020,12,December,19,Night,Weekday
T20200023162,2020-12-15,23:35:00,1,Collision with vehicle,2,Tuesday,121,RIGHT THROUGH,3,36160,Cross intersection,3,60,Arterial Highway,NEPEAN,FRANKSTON,-38.145336,145.12013,2020,12,December,23,Night,Weekday
T20210000696,2020-12-15,11:00:00,1,Collision with vehicle,2,Tuesday,111,RIGHT FAR (INTERSECTIONS ONLY),1,674676,T intersection,3,80,Arterial Highway,PRINCES,DANDENONG,-37.93988,145.16428,2020,12,December,11,Midday,Weekday
T20200022685,2020-12-15,16:32:00,1,Collision with vehicle,2,Tuesday,110,CROSS TRAFFIC(INTERSECTIONS ONLY),1,60128,Cross intersection,3,60,Arterial Other,MAIN STREET -SEABY,NORTHERN GRAMPIANS,-37.058254,142.7726,2020,12,December,16,Afternoon Peak,Weekday
T20200022857,2020-12-15,17:00:00,1,Collision with vehicle,2,Tuesday,121,RIGHT THROUGH,1,43725,Cross intersection,3,60,Local Road,COBURNS,MELTON,-37.65164,144.57454,2020,12,December,17,Afternoon Peak,Weekday
T20200022679,2020-12-15,19:25:00,1,Collision with vehicle,2,Tuesday,121,RIGHT THROUGH,1,36335,Cross intersection,2,60,Arterial Other,CEMETERY,MELBOURNE,-37.79226,144.96838,2020,12,December,19,Night,Weekday
T20200022645,2020-12-15,07:53:00,8,No collision and no object struck,2,Tuesday,199,UNKNOWN-NO DETAILS ON MANOEUVRES OF ROAD-USERS IN ACCIDENT,1,671231,Not at intersection,3,80,Freeway,AIRPORT,BRIMBANK,-37.715096,144.87244,2020,12,December,7,Morning Peak,Weekday
T20200022644,2020-12-15,06:35:00,1,Collision with vehicle,2,Tuesday,134,LANE CHANGE RIGHT (NOT OVERTAKING),1,671230,Not at intersection,3,60,Arterial Highway,BALLARAT,MARIBYRNONG,-37.794746,144.90393,2020,12,December,6,Morning Peak,Weekday
T20200023859,2020-12-15,05:49:00,1,Collision with vehicle,2,Tuesday,130,REAR END(VEHICLES IN SAME LANE),2,729961,Not at intersection,3,60,Non Arterial,MCGREGOR,CARDINIA,-38.093636,145.4704,2020,12,December,5,Morning Peak,Weekday
T20210001039,2020-12-15,16:45:00,6,Vehicle overturned (no collision),2,Tuesday,174,OUT OF CONTROL ON CARRIAGEWAY (ON STRAIGHT),9,672912,Not at intersection,3,60,Arterial Other,KEILOR,MOONEE VALLEY,-37.73439,144.88501,2020,12,December,16,Afternoon Peak,Weekday
T20210002766,2020-12-15,15:30:00,1,Collision with vehicle,2,Tuesday,130,REAR END(VEHICLES IN SAME LANE),1,675042,Not at intersection,3,40,Arterial Highway,NEPEAN,KINGSTON,-38.05277,145.11615,2020,12,December,15,Afternoon Peak,Weekday
T20200022764,2020-12-15,15:50:00,1,Collision with vehicle,2,Tuesday,116,LEFT NEAR (INTERSECTIONS ONLY),1,39265,Cross intersection,3,60,Arterial Other,ELGAR,WHITEHORSE,-37.808308,145.1166,2020,12,December,15,Afternoon Peak,Weekday
T20200022774,2020-12-15,21:10:00,1,Collision with vehicle,2,Tuesday,121,RIGHT THROUGH,6,912,Cross intersection,3,60,Arterial Other,SEAFORD,FRANKSTON,-38.110058,145.14236,2020,12,December,21,Night,Weekday
T20200023201,2020-12-15,12:23:00,1,Collision with vehicle,2,Tuesday,135,LANE CHANGE LEFT (NOT OVERTAKING),1,780795,Not at intersection,3,80,Freeway,MONASH,MONASH,-37.89368,145.13727,2020,12,December,12,Midday,Weekday
T20200022677,2020-12-15,15:50:00,1,Collision with vehicle,2,Tuesday,116,LEFT NEAR (INTERSECTIONS ONLY),1,69363,T intersection,3,50,Local Road,BRANDON PARK,MONASH,-37.91442,145.16882,2020,12,December,15,Afternoon Peak,Weekday
T20200022676,2020-12-15,14:28:00,8,No collision and no object struck,2,Tuesday,174,OUT OF CONTROL ON CARRIAGEWAY (ON STRAIGHT),1,262832,Not at intersection,3,40,Local Road,BOURKE,MELBOURNE,-37.81545,144.95901,2020,12,December,14,Midday,Weekday
T20200022674,2020-12-15,15:30:00,1,Collision with vehicle,2,Tuesday,130,REAR END(VEHICLES IN SAME LANE),1,670529,Not at intersection,2,80,Arterial Highway,DANDENONG VALLEY,KNOX,-37.901188,145.2342,2020,12,December,15,Afternoon Peak,Weekday
T20200022673,2020-12-15,17:05:00,2,Struck Pedestrian,2,Tuesday,102,FAR SIDE. PED HIT BY VEHICLE FROM THE LEFT,1,670528,Not at intersection,2,30,Local Road,ELSTEAD,BALLARAT,-37.54474,143.81485,2020,12,December,17,Afternoon Peak,Weekday
T20200022672,2020-12-15,16:25:00,1,Collision with vehicle,2,Tuesday,130,REAR END(VEHICLES IN SAME LANE),1,673498,Not at intersection,2,80,Freeway,MONASH,CASEY,-38.013317,145.30385,2020,12,December,16,Afternoon Peak,Weekday
T20200022671,2020-12-15,14:00:00,1,Collision with vehicle,2,Tuesday,130,REAR END(VEHICLES IN SAME LANE),1,35078,Cross intersection,2,100,Freeway,PRINCES,CARDINIA,-38.075645,145.71494,2020,12,December,14,Midday,Weekday
T20200022670,2020-12-15,17:25:00,1,Collision with vehicle,2,Tuesday,121,RIGHT THROUGH,1,929,Cross intersection,3,80,Arterial Highway,FRANKSTON-DANDENONG,FRANKSTON,-38.105297,145.16763,2020,12,December,17,Afternoon Peak,Weekday
T20200022669,2020-12-15,17:15:00,1,Collision with vehicle,2,Tuesday,113,RIGHT NEAR (INTERSECTIONS ONLY),1,43634,T intersection,3,80,Arterial Other,NARRE WARREN NORTH,CASEY,-38.01139,145.30972,2020,12,December,17,Afternoon Peak,Weekday
T20200022691,2020-12-15,22:02:00,1,Collision with vehicle,2,Tuesday,121,RIGHT THROUGH,4,668938,Cross intersection,3,60,Local Road,HORSESHOE BEND,GEELONG,-38.239838,144.35286,2020,12,December,22,Night,Weekday
T20210000821,2020-12-15,08:40:00,1,Collision with vehicle,2,Tuesday,133,LANE SIDE SWIPE (VEHICLES IN PARALLEL LANES),1,673142,Not at intersection,3,100,Freeway,EASTERN,MANNINGHAM,-37.79973,145.14755,2020,12,December,8,Morning Peak,Weekday
T20200022667,2020-12-15,16:48:00,1,Collision with vehicle,2,Tuesday,120,HEAD ON (NOT OVERTAKING),1,675914,Not at intersection,2,80,Local Road,CAMERONS,MOORABOOL,-37.630245,144.43741,2020,12,December,16,Afternoon Peak,Weekday
T20200022693,2020-12-15,19:55:00,4,Collision with a fixed object,2,Tuesday,173,RIGHT OFF CARRIAGEWAY INTO OBJECT/PARKED VEHICLE,1,304744,Cross intersection,3,50,Local Road,NEWLYN,HUME,-37.607063,144.92332,2020,12,December,19,Night,Weekday