ACCIDENT_NO,ACCIDENT_DATE,ACCIDENT_TIME,ACCIDENT_TYPE,ACCIDENT_TYPE_DESC,DAY_OF_WEEK,DAY_WEEK_DESC,DCA_CODE,DCA_DESC,LIGHT_CONDITION,NODE_ID,ROAD_GEOMETRY_DESC,SEVERITY,SPEED_ZONE,RMA,ROAD_NAME,LGA_NAME,LATITUDE,LONGITUDE,YEAR,MONTH,MONTH_NAME,HOUR,TIME_PERIOD,DAY_TYPE
T20200022696,2020-12-15,23:15:00,6,Vehicle overturned (no collision),2,Tuesday,180,OFF CARRIAGEWAY ON RIGHT BEND,5,672667,Not at intersection,2,100,Arterial Highway,PRINCES,MOYNE,-38.367126,142.639,2020,12,December,23,Night,Weekday
T20200022698,2020-12-15,21:50:00,1,Collision with vehicle,2,Tuesday,110,CROSS TRAFFIC(INTERSECTIONS ONLY),5,693438,Cross intersection,2,100,Local Road,CRAMBS,CORANGAMITE,-37.873226,143.40437,2020,12,December,21,Night,Weekday
T20200022700,2020-12-15,22:30:00,1,Collision with vehicle,2,Tuesday,160,VEHICLE COLLIDES WITH VEHICLE PARKED ON LEFT OF ROAD,3,672537,Not at intersection,3,50,Local Road,AJAY,MELTON,-37.659786,144.57909,2020,12,December,22,Night,Weekday
T20200022665,2020-12-15,15:03:00,2,Struck Pedestrian,2,Tuesday,100,PED NEAR SIDE. PED HIT BY VEHICLE FROM THE RIGHT.,1,670355,Cross intersection,2,60,Arterial Other,ASHLEY,MARIBYRNONG,-37.786747,144.86435,2020,12,December,15,Afternoon Peak,Weekday
T20210008192,2020-12-15,08:50:00,1,Collision with vehicle,2,Tuesday,110,CROSS TRAFFIC(INTERSECTIONS ONLY),1,686765,Cross intersection,3,60,Local Road,KING,CASEY,-38.00128,145.34973,2020,12,December,8,Morning Peak,Weekday
T20200022718,2020-12-16,09:42:00,1,Collision with vehicle,3,Wednesday,130,REAR END(VEHICLES IN SAME LANE),1,682306,Not at intersection,2,100,Freeway,WESTERN,MELTON,-37.73146,144.66475,2020,12,December,9,Morning Peak,Weekday
T20200022719,2020-12-16,08:16:00,1,Collision with vehicle,3,Wednesday,121,RIGHT THROUGH,1,41545,Cross intersection,2,60,Arterial Highway,WARRIGAL,MONASH,-37.917213,145.08379,2020,12,December,8,Morning Peak,Weekday
T20200022720,2020-12-16,10:30:00,6,Vehicle overturned (no collision),3,Wednesday,174,OUT OF CONTROL ON CARRIAGEWAY (ON STRAIGHT),1,58017,Cross intersection,2,60,Arterial Highway,PRINCES,GEELONG,-38.201008,144.31163,2020,12,December,10,Midday,Weekday
T20200022724,2020-12-16,10:30:00,1,Collision with vehicle,3,Wednesday,114,TWO RIGHT TURNING (INTERSECTIONS ONLY),1,52882,Cross intersection,2,50,Local Road,DANA,BALLARAT,-37.56313,143.84856,2020,12,December,10,Midday,Weekday
T20200022763,2020-12-16,18:05:00,1,Collision with vehicle,3,Wednesday,121,RIGHT THROUGH,1,46742,T intersection,2,80,Arterial Other,CLYDE-FIVE WAYS,CASEY,-38.12717,145.32552,2020,12,December,18,Afternoon Peak,Weekday
T20200022702,2020-12-16,05:00:00,1,Collision with vehicle,3,Wednesday,169,OTHER ON PATH,2,670530,Not at intersection,3,50,Local Road,MAINE HEY,DANDENONG,-37.955116,145.15437,2020,12,December,5,Morning Peak,Weekday
T20200022703,2020-12-16,06:04:00,4,Collision with a fixed object,3,Wednesday,171,LEFT OFF CARRIAGEWAY INTO OBJECT/PARKED VEHICLE,2,673896,Not at intersection,2,70,Arterial Highway,POINT NEPEAN,MORNINGTON PENINSULA,-38.36862,144.85516,2020,12,December,6,Morning Peak,Weekday
T20200022840,2020-12-16,16:32:00,1,Collision with vehicle,3,Wednesday,160,VEHICLE COLLIDES WITH VEHICLE PARKED ON LEFT OF ROAD,1,729825,Not at intersection,3,60,Local Road,WALNUT,MILDURA,-34.18613,142.15132,2020,12,December,16,Afternoon Peak,Weekday
T20200022761,2020-12-16,16:30:00,1,Collision with vehicle,3,Wednesday,130,REAR END(VEHICLES IN SAME LANE),1,670446,Not at intersection,3,80,Arterial Other,HOPKINS,MELTON,-37.804356,144.69604,2020,12,December,16,Afternoon Peak,Weekday
T20200022753,2020-12-16,16:00:00,2,Struck Pedestrian,3,Wednesday,102,FAR SIDE. PED HIT BY VEHICLE FROM THE LEFT,1,51462,T intersection,2,50,Arterial Other,ALLAN,CAMPASPE,-36.313522,145.05228,2020,12,December,16,Afternoon Peak,Weekday
T20210010065,2020-12-16,06:00:00,4,Collision with a fixed object,3,Wednesday,183,OFF LEFT BEND INTO OBJECT/PARKED VEHICLE,2,683111,Not at intersection,3,80,Arterial Other,WOODS POINT,YARRA RANGES,-37.688396,145.84639,2020,12,December,6,Morning Peak,Weekday
T20200022747,2020-12-16,12:25:00,4,Collision with a fixed object,3,Wednesday,181,OFF RIGHT BEND INTO OBJECT/PARKED VEHICLE,1,702185,Not at intersection,2,50,Local Road,MIRRABOOKA,EAST GIPPSLAND,-37.554153,149.75249,2020,12,December,12,Midday,Weekday
T20200022792,2020-12-16,15:30:00,4,Collision with a fixed object,3,Wednesday,171,LEFT OFF CARRIAGEWAY INTO OBJECT/PARKED VEHICLE,1,674530,Not at intersection,3,100,Arterial Highway,PRINCES,MOYNE,-38.318516,142.07173,2020,12,December,15,Afternoon Peak,Weekday
T20200022751,2020-12-16,12:05:00,1,Collision with vehicle,3,Wednesday,132,RIGHT REAR.,1,42779,T intersection,2,60,Arterial Other,BEACH,KINGSTON,-37.99423,145.06908,2020,12,December,12,Midday,Weekday
T20200022741,2020-12-16,14:40:00,1,Collision with vehicle,3,Wednesday,121,RIGHT THROUGH,1,44469,Cross intersection,3,60,Arterial Other,FYANS,GEELONG,-38.1617,144.35411,2020,12,December,14,Midday,Weekday
T20200022740,2020-12-16,14:09:00,1,Collision with vehicle,3,Wednesday,130,REAR END(VEHICLES IN SAME LANE),1,57958,T intersection,3,60,Freeway,JETTY ROAD -PENINSULA LINK,MORNINGTON PENINSULA,-38.369255,144.90869,2020,12,December,14,Midday,Weekday
T20200022736,2020-12-16,12:00:00,1,Collision with vehicle,3,Wednesday,130,REAR END(VEHICLES IN SAME LANE),1,247333,Not at intersection,2,70,Arterial Highway,SETTLEMENT,GEELONG,-38.181652,144.34846,2020,12,December,12,Midday,Weekday
T20200023601,2020-12-16,16:00:00,4,Collision with a fixed object,3,Wednesday,141,U TURN INTO FIXED OBJECT/PARKED VEHICLE,1,40765,T intersection,3,60,Arterial Other,BLACKBURN,WHITEHORSE,-37.856613,145.15126,2020,12,December,16,Afternoon Peak,Weekday
T20200022842,2020-12-16,15:30:00,1,Collision with vehicle,3,Wednesday,130,REAR END(VEHICLES IN SAME LANE),1,767382,Not at intersection,3,60,Arterial Other,UPPER HEIDELBERG,BANYULE,-37.749287,145.05745,2020,12,December,15,Afternoon Peak,Weekday
T20200022769,2020-12-16,16:50:00,1,Collision with vehicle,3,Wednesday,130,REAR END(VEHICLES IN SAME LANE),1,41433,Cross intersection,2,40,Arterial Other,NEERIM,GLEN EIRA,-37.889214,145.05708,2020,12,December,16,Afternoon Peak,Weekday
T20200022798,2020-12-16,14:20:00,1,Collision with vehicle,3,Wednesday,110,CROSS TRAFFIC(INTERSECTIONS ONLY),1,44427,Cross intersection,2,60,Arterial Other,SEPARATION,GEELONG,-38.109768,144.3347,2020,12,December,14,Midday,Weekday
T20200022827,2020-12-16,13:56:00,1,Collision with vehicle,3,Wednesday,116,LEFT NEAR (INTERSECTIONS ONLY),1,40039,T intersection,3,60,Arterial Other,MILLEARA,MOONEE VALLEY,-37.736336,144.86447,2020,12,December,13,Midday,Weekday
T20200022797,2020-12-16,22:55:00,2,Struck Pedestrian,3,Wednesday,102,FAR SIDE. PED HIT BY VEHICLE FROM THE LEFT,3,670534,Not at intersection,3,60,Arterial Other,CANTERBURY,BOROONDARA,-37.82491,145.0886,2020,12,December,22,Night,Weekday
T20200022765,2020-12-16,16:45:00,1,Collision with vehicle,3,Wednesday,121,RIGHT THROUGH,1,324500,T intersection,2,70,Local Road,LINTON,KINGSTON,-37.93416,145.04315,2020,12,December,16,Afternoon Peak,Weekday
T20200022793,2020-12-16,20:00:00,1,Collision with vehicle,3,Wednesday,130,REAR END(VEHICLES IN SAME LANE),2,767394,Not at intersection,3,60,Arterial Other,ASCOT VALE,MOONEE VALLEY,-37.772667,144.9239,2020,12,December,20,Night,Weekday
T20200023431,2020-12-16,11:15:00,1,Collision with vehicle,3,Wednesday,147,VEHICLE STRIKES ANOTHER VEH WHILE EMERGING FROM DRIVEWAY,9,671384,Not at intersection,3,60,Arterial Other,ASHLEY,MARIBYRNONG,-37.78194,144.86531,2020,12,December,11,Midday,Weekday
T20200022791,2020-12-16,22:00:00,2,Struck Pedestrian,3,Wednesday,109,ANY MANOEUVRE INVOLVING PED NOT INCLUDED IN DCAs 100-108.,3,673672,Cross intersection,2,40,Arterial Other,HIGH,STONNINGTON,-37.851837,144.99326,2020,12,December,22,Night,Weekday
T20200022845,2020-12-16,15:10:00,1,Collision with vehicle,3,Wednesday,130,REAR END(VEHICLES IN SAME LANE),1,670912,Not at intersection,3,100,Freeway,SOUTH GIPPSLAND,CASEY,-37.99961,145.25252,2020,12,December,15,Afternoon Peak,Weekday
T20200022766,2020-12-16,17:15:00,1,Collision with vehicle,3,Wednesday,140,U TURN,1,670447,Not at intersection,2,60,Arterial Other,BARRY,HUME,-37.666626,144.94847,2020,12,December,17,Afternoon Peak,Weekday
T20200022770,2020-12-16,17:05:00,2,Struck Pedestrian,3,Wednesday,103,PED PLAYING/LYING/WORKING/STANDING ON CARRIAGEWAY.,1,673987,Not at intersection,3,60,Arterial Highway,WARRIGAL,KINGSTON,-37.968887,145.07391,2020,12,December,17,Afternoon Peak,Weekday
T20200022786,2020-12-16,20:05:00,1,Collision with vehicle,3,Wednesday,136,RIGHT TURN SIDESWIPE,1,672897,T intersection,2,60,Arterial Other,FLEMINGTON ROAD SERVICE,MELBOURNE,-37.800877,144.95657,2020,12,December,20,Night,Weekday
T20200022771,2020-12-16,17:18:00,1,Collision with vehicle,3,Wednesday,147,VEHICLE STRIKES ANOTHER VEH WHILE EMERGING FROM DRIVEWAY,1,670911,Not at intersection,3,40,Arterial Other,HIGH,STONNINGTON,-37.854202,145.01074,2020,12,December,17,Afternoon Peak,Weekday
T20210004596,2020-12-16,19:45:00,1,Collision with vehicle,3,Wednesday,110,CROSS TRAFFIC(INTERSECTIONS ONLY),1,225697,Cross intersection,3,60,Local Road,AVERYS,BENDIGO,-36.71778,144.27385,2020,12,December,19,Night,Weekday
T20200022784,2020-12-16,19:42:00,1,Collision with vehicle,3,Wednesday,169,OTHER ON PATH,1,671088,Not at intersection,3,50,Local Road,BRONHILL,WYNDHAM,-37.894047,144.73178,2020,12,December,19,Night,Weekday
T20200023137,2020-12-16,17:00:00,1,Collision with vehicle,3,Wednesday,132,RIGHT REAR.,1,729933,Not at intersection,3,50,Local Road,CHAPMAN,SWAN HILL,-35.33265,143.54947,2020,12,December,17,Afternoon Peak,Weekday
T20200022732,2020-12-16,11:42:00,1,Collision with vehicle,3,Wednesday,148,VEHICLE OFF FOOTPATH STRIKES VEH ON CARRIAGEWAY,1,43502,T intersection,3,70,Arterial Other,CRANBOURNE,FRANKSTON,-38.14712,145.14021,2020,12,December,11,Midday,Weekday
T20200023717,2020-12-16,22:30:00,6,Vehicle overturned (no collision),3,Wednesday,174,OUT OF CONTROL ON CARRIAGEWAY (ON STRAIGHT),3,49747,Cross intersection,2,60,Arterial Other,ANAKIE,GEELONG,-38.098488,144.3339,2020,12,December,22,Night,Weekday
T20200022773,2020-12-16,17:21:00,2,Struck Pedestrian,3,Wednesday,101,PED EMERGES FROM IN FRONT OF PARKED OR STATIONARY VEHICLE,1,670832,Not at intersection,2,60,Arterial Other,HIGH STREET,MONASH,-37.87213,145.14777,2020,12,December,17,Afternoon Peak,Weekday
T20200022799,2020-12-16,09:00:00,1,Collision with vehicle,3,Wednesday,140,U TURN,1,49430,Cross intersection,3,100,Arterial Other,CHAUNCEY STREET -ROCHFORD,MACEDON RANGES,-37.27973,144.71313,2020,12,December,9,Morning Peak,Weekday
T20200022863,2020-12-16,16:04:00,1,Collision with vehicle,3,Wednesday,130,REAR END(VEHICLES IN SAME LANE),1,670712,Not at intersection,2,80,Freeway,MONASH,MONASH,-37.929947,145.18544,2020,12,December,16,Afternoon Peak,Weekday
T20210003397,2020-12-16,15:15:00,1,Collision with vehicle,3,Wednesday,130,REAR END(VEHICLES IN SAME LANE),1,729597,Not at intersection,3,80,Arterial Other,SOMERTON,HUME,-37.638058,144.90874,2020,12,December,15,Afternoon Peak,Weekday
T20200022924,2020-12-16,11:15:00,5,collision with some other object,3,Wednesday,191,LOAD OR MISSILE STRUCK VEHICLE,1,671232,Not at intersection,3,60,Local Road,BUNGOWER,MORNINGTON PENINSULA,-38.223415,145.06723,2020,12,December,11,Midday,Weekday
T20200022762,2020-12-16,17:22:00,1,Collision with vehicle,3,Wednesday,110,CROSS TRAFFIC(INTERSECTIONS ONLY),1,670532,Cross intersection,2,40,Local Road,RAGLAN,BALLARAT,-37.561195,143.8504,2020,12,December,17,Afternoon Peak,Weekday
T20200022782,2020-12-16,17:30:00,1,Collision with vehicle,3,Wednesday,131,LEFT REAR,1,670618,Not at intersection,3,60,Local Road,FORREST,BRIMBANK,-37.781662,144.79181,2020,12,December,17,Afternoon Peak,Weekday
T20200022839,2020-12-16,08:48:00,1,Collision with vehicle,3,Wednesday,130,REAR END(VEHICLES IN SAME LANE),1,673324,Not at intersection,2,80,Arterial Highway,DANDENONG VALLEY,KNOX,-37.92471,145.23378,2020,12,December,8,Morning Peak,Weekday
T20200022701,2020-12-16,03:13:00,1,Collision with vehicle,3,Wednesday,169,OTHER ON PATH,3,773441,Not at intersection,2,50,Local Road,BRADMAN,LATROBE,-38.183174,146.52809,2020,12,December,3,Late Night,Weekday
T20200022867,2020-12-17,19:00:00,1,Collision with vehicle,4,Thursday,130,REAR END(VEHICLES IN SAME LANE),1,36675,T intersection,2,80,Arterial Other,PASCOE VALE,HUME,-37.6518,144.93039,2020,12,December,19,Night,Weekday
T20200022812,2020-12-17,09:15:00,1,Collision with vehicle,4,Thursday,147,VEHICLE STRIKES ANOTHER VEH WHILE EMERGING FROM DRIVEWAY,1,673993,Not at intersection,2,60,Local Road,BEACH,SURF COAST,-38.325836,144.31612,2020,12,December,9,Morning Peak,Weekday
T20210002514,2020-12-17,14:00:00,6,Vehicle overturned (no collision),4,Thursday,174,OUT OF CONTROL ON CARRIAGEWAY (ON STRAIGHT),1,36430,Multiple intersection,3,60,Arterial Other,NICHOLSON,MELBOURNE,-37.79795,144.97488,2020,12,December,14,Midday,Weekday
T20200022823,2020-12-17,11:10:00,2,Struck Pedestrian,4,Thursday,101,PED EMERGES FROM IN FRONT OF PARKED OR STATIONARY VEHICLE,1,673994,Not at intersection,2,60,Local Road,FOOT,FRANKSTON,-38.157948,145.13045,2020,12,December,11,Midday,Weekday
T20200022805,2020-12-17,08:14:00,1,Collision with vehicle,4,Thursday,147,VEHICLE STRIKES ANOTHER VEH WHILE EMERGING FROM DRIVEWAY,1,671050,Not at intersection,3,50,Local Road,BARNES,HORSHAM,-36.724934,142.19308,2020,12,December,8,Morning Peak,Weekday
T20200023122,2020-12-17,12:10:00,4,Collision with a fixed object,4,Thursday,171,LEFT OFF CARRIAGEWAY INTO OBJECT/PARKED VEHICLE,1,729493,Not at intersection,3,100,Arterial Other,ROKEWOOD-SKIPTON,GOLDEN PLAINS,-37.882275,143.67856,2020,12,December,12,Midday,Weekday
T20200022882,2020-12-17,22:40:00,1,Collision with vehicle,4,Thursday,110,CROSS TRAFFIC(INTERSECTIONS ONLY),3,729926,Cross intersection,3,60,Local Road,ELIZABETH,HUME,-37.57281,144.71527,2020,12,December,22,Night,Weekday
T20200022818,2020-12-17,09:40:00,2,Struck Pedestrian,4,Thursday,100,PED NEAR SIDE. PED HIT BY VEHICLE FROM THE RIGHT.,1,672683,Not at intersection,3,40,Local Road,IRVING,WHITEHORSE,-37.815773,145.12125,2020,12,December,9,Morning Peak,Weekday
T20200022811,2020-12-17,07:25:00,1,Collision with vehicle,4,Thursday,121,RIGHT THROUGH,1,671302,T intersection,2,70,Arterial Other,SOUTH,KINGSTON,-37.93387,145.04071,2020,12,December,7,Morning Peak,Weekday
T20200023559,2020-12-17,14:25:00,1,Collision with vehicle,4,Thursday,132,RIGHT REAR.,1,673992,Not at intersection,3,70,Arterial Other,HALLAM,CASEY,-38.03215,145.26811,2020,12,December,14,Midday,Weekday
T20200022877,2020-12-17,17:30:00,8,No collision and no object struck,4,Thursday,174,OUT OF CONTROL ON CARRIAGEWAY (ON STRAIGHT),1,671778,Not at intersection,2,80,Arterial Other,SYDNEY,HUME,-37.669586,144.95537,2020,12,December,17,Afternoon Peak,Weekday
T20200022876,2020-12-17,20:05:00,4,Collision with a fixed object,4,Thursday,181,OFF RIGHT BEND INTO OBJECT/PARKED VEHICLE,1,676249,Not at intersection,2,100,Local Road,EDWARDS,BENDIGO,-36.76338,144.17654,2020,12,December,20,Night,Weekday
T20200022875,2020-12-17,18:30:00,1,Collision with vehicle,4,Thursday,110,CROSS TRAFFIC(INTERSECTIONS ONLY),1,677986,Cross intersection,2,100,Local Road,KATUNGA NORTH,MOIRA,-35.964172,145.46042,2020,12,December,18,Afternoon Peak,Weekday
T20200022872,2020-12-17,15:26:00,2,Struck Pedestrian,4,Thursday,100,PED NEAR SIDE. PED HIT BY VEHICLE FROM THE RIGHT.,1,71561,Cross intersection,2,40,Local Road,BAKEWELL,CASEY,-38.1112,145.28769,2020,12,December,15,Afternoon Peak,Weekday
T20200022836,2020-12-17,13:15:00,8,No collision and no object struck,4,Thursday,109,ANY MANOEUVRE INVOLVING PED NOT INCLUDED IN DCAs 100-108.,1,670538,Not at intersection,2,40,Arterial Other,MURRAY,DAREBIN,-37.73779,145.00218,2020,12,December,13,Midday,Weekday
T20200022869,2020-12-17,16:18:00,6,Vehicle overturned (no collision),4,Thursday,170,OFF CARRIAGEWAY TO LEFT,1,671377,Not at intersection,3,50,Local Road,YALLAMBEE,CASEY,-38.136086,145.33504,2020,12,December,16,Afternoon Peak,Weekday
T20200022838,2020-12-17,13:45:00,1,Collision with vehicle,4,Thursday,130,REAR END(VEHICLES IN SAME LANE),1,38668,Cross intersection,3,60,Arterial Highway,FRANCIS,MARIBYRNONG,-37.820267,144.88213,2020,12,December,13,Midday,Weekday
T20200022866,2020-12-17,10:30:00,6,Vehicle overturned (no collision),4,Thursday,149,OTHER MANOEUVRING NOT INCLUDED IN DCAs 140-148,1,670488,Not at intersection,1,50,Local Road,WILLIAM,YARRA RANGES,-37.783947,145.35724,2020,12,December,10,Midday,Weekday
T20200022819,2020-12-17,11:45:00,1,Collision with vehicle,4,Thursday,148,VEHICLE OFF FOOTPATH STRIKES VEH ON CARRIAGEWAY,1,670536,T intersection,3,60,Local Road,GYPSY,KINGSTON,-38.011124,145.08931,2020,12,December,11,Midday,Weekday
T20200022922,2020-12-17,21:15:00,1,Collision with vehicle,4,Thursday,130,REAR END(VEHICLES IN SAME LANE),3,269694,Not at intersection,3,70,Arterial Other,NARRE WARREN,CASEY,-38.08406,145.29568,2020,12,December,21,Night,Weekday
T20200022846,2020-12-17,14:00:00,1,Collision with vehicle,4,Thursday,134,LANE CHANGE RIGHT (NOT OVERTAKING),1,670540,Not at intersection,2,70,Arterial Other,SOUTH,KINGSTON,-37.933575,145.0383,2020,12,December,14,Midday,Weekday
T20200023109,2020-12-17,15:40:00,1,Collision with vehicle,4,Thursday,121,RIGHT THROUGH,1,37914,Cross intersection,3,60,Arterial Other,WESTGARTH,DAREBIN,-37.780743,144.99396,2020,12,December,15,Afternoon Peak,Weekday
T20200022796,2020-12-17,01:30:00,1,Collision with vehicle,4,Thursday,139,OTHER SAME DIRECTION-MANOUEVRES NOT INCLUDED IN DCAs 130-137,3,704079,Not at intersection,2,60,Local Road,JOSEPH,BALLARAT,-37.579967,143.87645,2020,12,December,1,Late Night,Weekday
T20210001558,2020-12-17,07:45:00,1,Collision with vehicle,4,Thursday,140,U TURN,1,673537,Not at intersection,3,60,Arterial Other,CUMBERLAND,MORELAND,-37.738,144.9373,2020,12,December,7,Morning Peak,Weekday
T20200022856,2020-12-17,14:22:00,1,Collision with vehicle,4,Thursday,121,RIGHT THROUGH,1,38710,T intersection,3,60,Arterial Other,GORDON,MARIBYRNONG,-37.790684,144.8896,2020,12,December,14,Midday,Weekday
T20200023441,2020-12-17,10:50:00,2,Struck Pedestrian,4,Thursday,103,PED PLAYING/LYING/WORKING/STANDING ON CARRIAGEWAY.,1,671626,Not at intersection,3,50,Local Road,GORDON,STONNINGTON,-37.86368,145.02995,2020,12,December,10,Midday,Weekday
T20200023172,2020-12-17,10:15:00,1,Collision with vehicle,4,Thursday,130,REAR END(VEHICLES IN SAME LANE),9,673758,Not at intersection,3,70,Arterial Other,FERNTREE GULLY,MONASH,-37.901154,145.14273,2020,12,December,10,Midday,Weekday
T20200022817,2020-12-17,10:17:00,1,Collision with vehicle,4,Thursday,160,VEHICLE COLLIDES WITH VEHICLE PARKED ON LEFT OF ROAD,1,670535,Not at intersection,3,50,Local Road,LOONGANA,MORELAND,-37.7083,144.90529,2020,12,December,10,Midday,Weekday
T20200023173,2020-12-17,07:10:00,2,Struck Pedestrian,4,Thursday,107,PED ON FOOTHPATH STRUCK BY VEHENTERING/LEAVING DRIVEWAY.,1,670841,Not at intersection,3,60,Arterial Other,DANDENONG,FRANKSTON,-38.130848,145.13112,2020,12,December,7,Morning Peak,Weekday
T20200022841,2020-12-17,11:00:00,4,Collision with a fixed object,4,Thursday,175,OFF END OF ROAD/T-INTERSECTION.,1,49811,T intersection,2,50,Local Road,OSBORNE,GEELONG,-38.121906,144.34244,2020,12,December,11,Midday,Weekday
T20210001468,2020-12-17,11:18:00,1,Collision with vehicle,4,Thursday,116,LEFT NEAR (INTERSECTIONS ONLY),1,678252,Cross intersection,3,60,Local Road,TWELFTH,MILDURA,-34.1911,142.15569,2020,12,December,11,Midday,Weekday
T20210007725,2020-12-17,01:55:00,4,Collision with a fixed object,4,Thursday,181,OFF RIGHT BEND INTO OBJECT/PARKED VEHICLE,5,680046,T intersection,3,80,Local Road,ROTHWELL,WYNDHAM,-37.97179,144.50616,2020,12,December,1,Late Night,Weekday
T20200023657,2020-12-17,08:40:00,1,Collision with vehicle,4,Thursday,113,RIGHT NEAR (INTERSECTIONS ONLY),1,68427,T intersection,3,60,Arterial Other,SCORESBY,KNOX,-37.882206,145.25758,2020,12,December,8,Morning Peak,Weekday
T20200022821,2020-12-17,09:56:00,1,Collision with vehicle,4,Thursday,130,REAR END(VEHICLES IN SAME LANE),1,671543,Not at intersection,3,80,Arterial Other,OLD PRINCES,CARDINIA,-38.054996,145.38197,2020,12,December,9,Morning Peak,Weekday
T20200022947,2020-12-17,16:50:00,2,Struck Pedestrian,4,Thursday,102,FAR SIDE. PED HIT BY VEHICLE FROM THE LEFT,1,29938,Cross intersection,2,80,Arterial Highway,PRINCES,GEELONG,-38.091434,144.35637,2020,12,December,16,Afternoon Peak,Weekday
T20200022963,2020-12-18,15:30:00,1,Collision with vehicle,5,Friday,113,RIGHT NEAR (INTERSECTIONS ONLY),1,225712,Multiple intersection,3,80,Freeway,PLENTY VALLEY,WHITTLESEA,-37.686172,145.06775,2020,12,December,15,Afternoon Peak,Weekday
T20200022958,2020-12-18,17:31:00,1,Collision with vehicle,5,Friday,130,REAR END(VEHICLES IN SAME LANE),1,684554,Not at intersection,3,100,Freeway,EASTERN,BOROONDARA,-37.77976,145.0953,2020,12,December,17,Afternoon Peak,Weekday
T20210000307,2020-12-18,17:11:00,1,Collision with vehicle,5,Friday,131,LEFT REAR,1,672233,T intersection,3,50,Local Road,ANDREW,WYNDHAM,-37.84324,144.70767,2020,12,December,17,Afternoon Peak,Weekday
T20200022954,2020-12-18,19:18:00,1,Collision with vehicle,5,Friday,133,LANE SIDE SWIPE (VEHICLES IN PARALLEL LANES),1,186977,Not at intersection,3,80,Freeway,MONASH,MONASH,-37.92026,145.1734,2020,12,December,19,Night,Weekday
T20200022949,2020-12-18,16:11:00,1,Collision with vehicle,5,Friday,121,RIGHT THROUGH,1,35319,Cross intersection,2,60,Arterial Other,VICTORIA,MELBOURNE,-37.806973,144.96585,2020,12,December,16,Afternoon Peak,Weekday
T20200022979,2020-12-18,23:20:00,1,Collision with vehicle,5,Friday,130,REAR END(VEHICLES IN SAME LANE),3,670682,Not at intersection,3,80,Freeway,MONASH,MONASH,-37.885246,145.10004,2020,12,December,23,Night,Weekday
T20200022948,2020-12-18,14:30:00,1,Collision with vehicle,5,Friday,130,REAR END(VEHICLES IN SAME LANE),1,42147,T intersection,2,60,Arterial Other,BAY,BAYSIDE,-37.954823,145.0296,2020,12,December,14,Midday,Weekday
T20200022946,2020-12-18,17:50:00,1,Collision with vehicle,5,Friday,120,HEAD ON (NOT OVERTAKING),1,670834,Not at intersection,2,50,Local Road,HODGSON,BANYULE,-37.746822,145.07578,2020,12,December,17,Afternoon Peak,Weekday
T20200022945,2020-12-18,15:30:00,1,Collision with vehicle,5,Friday,134,LANE CHANGE RIGHT (NOT OVERTAKING),1,670747,Not at intersection,3,100,Freeway,SOUTH GIPPSLAND,CASEY,-38.006184,145.25165,2020,12,December,15,Afternoon Peak,Weekday
T20200022944,2020-12-18,17:00:00,1,Collision with vehicle,5,Friday,111,RIGHT FAR (INTERSECTIONS ONLY),1,40229,T intersection,3,50,Arterial Other,WATTLETREE,STONNINGTON,-37.860855,145.01665,2020,12,December,17,Afternoon Peak,Weekday
T20200023488,2020-12-18,12:40:00,1,Collision with vehicle,5,Friday,121,RIGHT THROUGH,1,36378,T intersection,3,60,Local Road,RATHDOWNE,MELBOURNE,-37.799667,144.97012,2020,12,December,12,Midday,Weekday
T20200022934,2020-12-18,12:00:00,1,Collision with vehicle,5,Friday,110,CROSS TRAFFIC(INTERSECTIONS ONLY),1,45115,Cross intersection,3,60,Local Road,DEVONSHIRE,BRIMBANK,-37.78647,144.84598,2020,12,December,12,Midday,Weekday
T20210004239,2020-12-18,20:30:00,1,Collision with vehicle,5,Friday,199,UNKNOWN-NO DETAILS ON MANOEUVRES OF ROAD-USERS IN ACCIDENT,2,676678,T intersection,3,50,Local Road,ROSS,DAREBIN,-37.69621,144.98845,2020,12,December,20,Night,Weekday
T20210000646,2020-12-18,07:40:00,4,Collision with a fixed object,5,Friday,173,RIGHT OFF CARRIAGEWAY INTO OBJECT/PARKED VEHICLE,1,672627,Not at intersection,2,70,Arterial Other,DIAMOND CREEK,NILLUMBIK,-37.68777,145.11516,2020,12,December,7,Morning Peak,Weekday
T20200022932,2020-12-18,14:45:00,1,Collision with vehicle,5,Friday,135,LANE CHANGE LEFT (NOT OVERTAKING),1,672136,Not at intersection,2,60,Arterial Highway,MAROONDAH,MAROONDAH,-37.81739,145.21402,2020,12,December,14,Midday,Weekday
T20200022925,2020-12-18,11:45:00,2,Struck Pedestrian,5,Friday,100,PED NEAR SIDE. PED HIT BY VEHICLE FROM THE RIGHT.,1,35528,T intersection,3,50,Arterial Other,CANTERBURY,WHITEHORSE,-37.831512,145.14548,2020,12,December,11,Midday,Weekday