ACCIDENT_NO,ACCIDENT_DATE,ACCIDENT_TIME,ACCIDENT_TYPE,ACCIDENT_TYPE_DESC,DAY_OF_WEEK,DAY_WEEK_DESC,DCA_CODE,DCA_DESC,LIGHT_CONDITION,NODE_ID,ROAD_GEOMETRY_DESC,SEVERITY,SPEED_ZONE,RMA,ROAD_NAME,LGA_NAME,LATITUDE,LONGITUDE,YEAR,MONTH,MONTH_NAME,HOUR,TIME_PERIOD,DAY_TYPE
T20210001181,2020-12-18,19:35:00,1,Collision with vehicle,5,Friday,130,REAR END(VEHICLES IN SAME LANE),1,689947,Not at intersection,3,60,Arterial Highway,ALBERT,DAREBIN,-37.725628,145.02322,2020,12,December,19,Night,Weekday
T20200022984,2020-12-18,13:20:00,2,Struck Pedestrian,5,Friday,100,PED NEAR SIDE. PED HIT BY VEHICLE FROM THE RIGHT.,1,670750,Not at intersection,2,60,Arterial Other,WATTLETREE,STONNINGTON,-37.862305,145.02782,2020,12,December,13,Midday,Weekday
T20210003718,2020-12-18,18:40:00,1,Collision with vehicle,5,Friday,147,VEHICLE STRIKES ANOTHER VEH WHILE EMERGING FROM DRIVEWAY,1,685241,Not at intersection,3,60,Local Road,WESTWOOD,MELTON,-37.761814,144.75447,2020,12,December,18,Afternoon Peak,Weekday
T20200022905,2020-12-18,08:15:00,2,Struck Pedestrian,5,Friday,102,FAR SIDE. PED HIT BY VEHICLE FROM THE LEFT,1,36123,Cross intersection,3,50,Local Road,ERROL,MELBOURNE,-37.805145,144.94934,2020,12,December,8,Morning Peak,Weekday
T20200022904,2020-12-18,08:24:00,5,collision with some other object,5,Friday,198,OTHER ACCIDENTS NOT CLASSIFIABLE ELSEWHERE,1,671622,Not at intersection,2,80,Arterial Highway,WARBURTON,YARRA RANGES,-37.776485,145.60176,2020,12,December,8,Morning Peak,Weekday
T20200022917,2020-12-18,10:30:00,1,Collision with vehicle,5,Friday,121,RIGHT THROUGH,1,230199,Multiple intersection,3,80,Freeway,CANTERBURY,MAROONDAH,-37.832302,145.2182,2020,12,December,10,Midday,Weekday
T20200022903,2020-12-18,08:45:00,1,Collision with vehicle,5,Friday,147,VEHICLE STRIKES ANOTHER VEH WHILE EMERGING FROM DRIVEWAY,1,675241,Not at intersection,2,50,Local Road,MEADOWBANK,BRIMBANK,-37.759846,144.82327,2020,12,December,8,Morning Peak,Weekday
T20200022914,2020-12-18,10:00:00,1,Collision with vehicle,5,Friday,130,REAR END(VEHICLES IN SAME LANE),1,40961,Cross intersection,3,70,Arterial Other,BAYSWATER,MAROONDAH,-37.83217,145.26938,2020,12,December,10,Midday,Weekday
T20200022913,2020-12-18,11:00:00,1,Collision with vehicle,5,Friday,147,VEHICLE STRIKES ANOTHER VEH WHILE EMERGING FROM DRIVEWAY,1,226252,Not at intersection,3,60,Local Road,CAROLINE SPRINGS,MELTON,-37.754898,144.73978,2020,12,December,11,Midday,Weekday
T20210000975,2020-12-18,23:00:00,1,Collision with vehicle,5,Friday,113,RIGHT NEAR (INTERSECTIONS ONLY),3,277083,T intersection,3,80,Arterial Other,KELLETTS,KNOX,-37.925026,145.28543,2020,12,December,23,Night,Weekday
T20200022902,2020-12-18,08:20:00,1,Collision with vehicle,5,Friday,130,REAR END(VEHICLES IN SAME LANE),1,674001,Not at intersection,2,80,Freeway,WEST GATE,MELBOURNE,-37.82675,144.9289,2020,12,December,8,Morning Peak,Weekday
T20200022901,2020-12-18,06:28:00,4,Collision with a fixed object,5,Friday,171,LEFT OFF CARRIAGEWAY INTO OBJECT/PARKED VEHICLE,1,671545,Not at intersection,2,60,Local Road,TAYLORS,MELTON,-37.723774,144.74838,2020,12,December,6,Morning Peak,Weekday
T20200023228,2020-12-18,06:00:00,1,Collision with vehicle,5,Friday,130,REAR END(VEHICLES IN SAME LANE),2,676851,Cross intersection,3,60,Arterial Highway,KINGS,MELBOURNE,-37.82747,144.96204,2020,12,December,6,Morning Peak,Weekday
T20200022880,2020-12-18,01:10:00,4,Collision with a fixed object,5,Friday,173,RIGHT OFF CARRIAGEWAY INTO OBJECT/PARKED VEHICLE,3,723358,T intersection,3,60,Arterial Other,GILLIES,BALLARAT,-37.550484,143.82007,2020,12,December,1,Late Night,Weekday
T20200022889,2020-12-18,06:45:00,1,Collision with vehicle,5,Friday,147,VEHICLE STRIKES ANOTHER VEH WHILE EMERGING FROM DRIVEWAY,1,673995,Not at intersection,2,60,Arterial Highway,TOORAK,BOROONDARA,-37.84511,145.04225,2020,12,December,6,Morning Peak,Weekday
T20200022892,2020-12-18,04:54:00,6,Vehicle overturned (no collision),5,Friday,175,OFF END OF ROAD/T-INTERSECTION.,5,45345,T intersection,2,100,Arterial Other,KOO WEE RUP-LONGWARRY,CARDINIA,-38.185284,145.61894,2020,12,December,4,Late Night,Weekday
T20200022893,2020-12-18,06:00:00,1,Collision with vehicle,5,Friday,130,REAR END(VEHICLES IN SAME LANE),1,673997,Not at intersection,2,100,Arterial Other,FOREST,GEELONG,-38.04465,144.3924,2020,12,December,6,Morning Peak,Weekday
T20200022899,2020-12-18,08:42:00,4,Collision with a fixed object,5,Friday,171,LEFT OFF CARRIAGEWAY INTO OBJECT/PARKED VEHICLE,1,671049,Not at intersection,2,60,Arterial Highway,PLENTY,BANYULE,-37.698772,145.05872,2020,12,December,8,Morning Peak,Weekday
T20200022978,2020-12-18,21:28:00,1,Collision with vehicle,5,Friday,130,REAR END(VEHICLES IN SAME LANE),5,670581,Not at intersection,1,100,Arterial Other,ROKEWOOD-SKIPTON,GOLDEN PLAINS,-37.892532,143.69955,2020,12,December,21,Night,Weekday
T20200022972,2020-12-18,21:44:00,2,Struck Pedestrian,5,Friday,103,PED PLAYING/LYING/WORKING/STANDING ON CARRIAGEWAY.,3,671467,Not at intersection,2,50,Local Road,GRINSTEAD,HUME,-37.605736,144.93356,2020,12,December,21,Night,Weekday
T20210000104,2020-12-18,11:30:00,6,Vehicle overturned (no collision),5,Friday,174,OUT OF CONTROL ON CARRIAGEWAY (ON STRAIGHT),1,671943,Not at intersection,2,100,Local Road,BLUE RAG RANGE,ALPINE,-37.105648,147.041,2020,12,December,11,Midday,Weekday
T20200023152,2020-12-18,14:30:00,1,Collision with vehicle,5,Friday,130,REAR END(VEHICLES IN SAME LANE),1,670919,Not at intersection,3,80,Freeway,TULLAMARINE,MOONEE VALLEY,-37.72797,144.89085,2020,12,December,14,Midday,Weekday
T20200023734,2020-12-18,20:30:00,1,Collision with vehicle,5,Friday,133,LANE SIDE SWIPE (VEHICLES IN PARALLEL LANES),2,671478,Not at intersection,2,80,Arterial Highway,PRINCES,GEELONG,-38.086926,144.35724,2020,12,December,20,Night,Weekday
T20210001811,2020-12-18,11:30:00,1,Collision with vehicle,5,Friday,130,REAR END(VEHICLES IN SAME LANE),9,674043,Not at intersection,3,80,Arterial Other,SOMERTON,HUME,-37.64049,144.92865,2020,12,December,11,Midday,Weekday
T20200023661,2020-12-18,15:06:00,1,Collision with vehicle,5,Friday,130,REAR END(VEHICLES IN SAME LANE),1,677576,Not at intersection,3,80,Freeway,CALDER,MOONEE VALLEY,-37.73364,144.88438,2020,12,December,15,Afternoon Peak,Weekday
T20210000822,2020-12-18,14:20:00,1,Collision with vehicle,5,Friday,130,REAR END(VEHICLES IN SAME LANE),1,780800,Not at intersection,3,60,Freeway,WEST GATE,HOBSONS BAY,-37.825512,144.88936,2020,12,December,14,Midday,Weekday
T20200023057,2020-12-18,23:11:00,1,Collision with vehicle,5,Friday,110,CROSS TRAFFIC(INTERSECTIONS ONLY),3,49186,Cross intersection,3,80,Arterial Highway,PRINCES,BAW BAW,-38.203438,146.06203,2020,12,December,23,Night,Weekday
T20200023054,2020-12-18,19:00:00,7,Fall from or in moving vehicle,5,Friday,190,FELL IN/FROM VEHICLE,1,45835,Cross intersection,3,60,Arterial Other,VICTORIA,MELBOURNE,-37.807133,144.96735,2020,12,December,19,Night,Weekday
T20200022968,2020-12-18,16:35:00,1,Collision with vehicle,5,Friday,111,RIGHT FAR (INTERSECTIONS ONLY),1,38202,Cross intersection,3,50,Local Road,CASTLE,BANYULE,-37.759792,145.06142,2020,12,December,16,Afternoon Peak,Weekday
T20200023556,2020-12-18,19:15:00,1,Collision with vehicle,5,Friday,134,LANE CHANGE RIGHT (NOT OVERTAKING),9,671386,Not at intersection,3,60,Arterial Other,CHESTERVILLE,KINGSTON,-37.9533,145.05794,2020,12,December,19,Night,Weekday
T20200022971,2020-12-18,19:15:00,1,Collision with vehicle,5,Friday,130,REAR END(VEHICLES IN SAME LANE),1,673929,Not at intersection,3,100,Freeway,EASTLINK,MANNINGHAM,-37.801693,145.1859,2020,12,December,19,Night,Weekday
T20210003400,2020-12-18,14:00:00,1,Collision with vehicle,5,Friday,152,PULLING OUT (OVERTAKING),1,773418,Not at intersection,3,60,Local Road,FERGUSON,SHEPPARTON,-36.44007,145.24483,2020,12,December,14,Midday,Weekday
T20200022966,2020-12-18,17:40:00,1,Collision with vehicle,5,Friday,130,REAR END(VEHICLES IN SAME LANE),1,671546,Not at intersection,3,80,Arterial Other,WESTALL,DANDENONG,-37.976437,145.14043,2020,12,December,17,Afternoon Peak,Weekday
T20200022965,2020-12-18,18:50:00,1,Collision with vehicle,5,Friday,140,U TURN,1,672539,Not at intersection,3,60,Arterial Other,PLUMMER,PORT PHILLIP,-37.83332,144.92157,2020,12,December,18,Afternoon Peak,Weekday
T20200022999,2020-12-19,10:36:00,6,Vehicle overturned (no collision),6,Saturday,174,OUT OF CONTROL ON CARRIAGEWAY (ON STRAIGHT),1,674673,Not at intersection,2,50,Local Road,ALBERT,MORELAND,-37.767956,144.95442,2020,12,December,10,Midday,Weekend
T20200023049,2020-12-19,15:45:00,5,collision with some other object,6,Saturday,181,OFF RIGHT BEND INTO OBJECT/PARKED VEHICLE,1,680785,Not at intersection,2,80,Arterial Highway,MAROONDAH,YARRA RANGES,-37.60111,145.63432,2020,12,December,15,Afternoon Peak,Weekend
T20200022996,2020-12-19,08:50:00,6,Vehicle overturned (no collision),6,Saturday,174,OUT OF CONTROL ON CARRIAGEWAY (ON STRAIGHT),1,780860,Not at intersection,3,100,Arterial Other,CRESWICK-NEWSTEAD,HEPBURN,-37.250317,143.93951,2020,12,December,8,Morning Peak,Weekend
T20210002918,2020-12-19,12:40:00,1,Collision with vehicle,6,Saturday,130,REAR END(VEHICLES IN SAME LANE),1,677060,Not at intersection,3,60,Arterial Other,CANTERBURY,WHITEHORSE,-37.827854,145.11404,2020,12,December,12,Midday,Weekend
T20210003122,2020-12-19,20:20:00,1,Collision with vehicle,6,Saturday,132,RIGHT REAR.,2,304214,Multiple intersection,3,60,Freeway,WARRIGAL,MONASH,-37.883427,145.09009,2020,12,December,20,Night,Weekend
T20200023017,2020-12-19,12:56:00,1,Collision with vehicle,6,Saturday,152,PULLING OUT (OVERTAKING),1,673325,Not at intersection,2,50,Local Road,PAKINGTON,BOROONDARA,-37.79828,145.03558,2020,12,December,12,Midday,Weekend
T20200023029,2020-12-19,17:38:00,1,Collision with vehicle,6,Saturday,147,VEHICLE STRIKES ANOTHER VEH WHILE EMERGING FROM DRIVEWAY,1,671045,Not at intersection,3,60,Local Road,MOLAN,MAROONDAH,-37.819256,145.21895,2020,12,December,17,Afternoon Peak,Weekend
T20200023440,2020-12-19,14:30:00,6,Vehicle overturned (no collision),6,Saturday,180,OFF CARRIAGEWAY ON RIGHT BEND,1,671385,Not at intersection,2,100,Local Road,ANCONA,MANSFIELD,-36.963085,145.78996,2020,12,December,14,Midday,Weekend
T20200023257,2020-12-19,10:15:00,1,Collision with vehicle,6,Saturday,131,LEFT REAR,1,42013,Cross intersection,3,50,Arterial Other,MONBULK,YARRA RANGES,-37.884888,145.36925,2020,12,December,10,Midday,Weekend
T20200022988,2020-12-19,09:07:00,1,Collision with vehicle,6,Saturday,148,VEHICLE OFF FOOTPATH STRIKES VEH ON CARRIAGEWAY,1,47996,T intersection,3,60,Arterial Other,NICHOLSON,MELBOURNE,-37.80006,144.97452,2020,12,December,9,Morning Peak,Weekend
T20200023019,2020-12-19,13:06:00,1,Collision with vehicle,6,Saturday,134,LANE CHANGE RIGHT (NOT OVERTAKING),1,681399,Not at intersection,3,100,Freeway,PRINCES,WYNDHAM,-37.974064,144.54878,2020,12,December,13,Midday,Weekend
T20200023076,2020-12-19,10:00:00,1,Collision with vehicle,6,Saturday,160,VEHICLE COLLIDES WITH VEHICLE PARKED ON LEFT OF ROAD,1,671379,Not at intersection,3,60,Arterial Highway,LONSDALE,DANDENONG,-37.993107,145.2161,2020,12,December,10,Midday,Weekend
T20200023018,2020-12-19,13:20:00,6,Vehicle overturned (no collision),6,Saturday,172,OFF CARRIAGEWAY TO RIGHT,1,674088,Not at intersection,3,100,Local Road,DEAD HORSE,SWAN HILL,-35.359222,143.53049,2020,12,December,13,Midday,Weekend
T20200023027,2020-12-19,16:25:00,1,Collision with vehicle,6,Saturday,113,RIGHT NEAR (INTERSECTIONS ONLY),1,670752,T intersection,2,80,Local Road,CAMPBELLS,CASEY,-38.14868,145.32951,2020,12,December,16,Afternoon Peak,Weekend
T20200022995,2020-12-19,09:05:00,1,Collision with vehicle,6,Saturday,113,RIGHT NEAR (INTERSECTIONS ONLY),1,43876,Cross intersection,2,80,Arterial Other,EVANS,CASEY,-38.10937,145.2524,2020,12,December,9,Morning Peak,Weekend
T20200023055,2020-12-19,21:40:00,4,Collision with a fixed object,6,Saturday,173,RIGHT OFF CARRIAGEWAY INTO OBJECT/PARKED VEHICLE,5,745977,Not at intersection,2,100,Arterial Highway,MURRAY VALLEY,MOIRA,-35.991283,145.78563,2020,12,December,21,Night,Weekend
T20200023508,2020-12-19,17:20:00,1,Collision with vehicle,6,Saturday,113,RIGHT NEAR (INTERSECTIONS ONLY),1,671239,T intersection,3,50,Local Road,PARMELIA,BRIMBANK,-37.706738,144.79037,2020,12,December,17,Afternoon Peak,Weekend
T20200023005,2020-12-19,08:15:00,6,Vehicle overturned (no collision),6,Saturday,174,OUT OF CONTROL ON CARRIAGEWAY (ON STRAIGHT),1,42695,T intersection,2,60,Arterial Other,BALCOMBE,BAYSIDE,-37.97567,145.0176,2020,12,December,8,Morning Peak,Weekend
T20210000870,2020-12-19,13:00:00,1,Collision with vehicle,6,Saturday,130,REAR END(VEHICLES IN SAME LANE),1,674052,Not at intersection,3,100,Arterial Highway,DANDENONG-HASTINGS,CASEY,-38.159344,145.22357,2020,12,December,13,Midday,Weekend
T20210000432,2020-12-19,15:00:00,2,Struck Pedestrian,6,Saturday,104,PED WALKING WITH TRAFFIC,1,679431,T intersection,3,50,Local Road,ALBATROSS,WYNDHAM,-37.888565,144.66902,2020,12,December,15,Afternoon Peak,Weekend
T20200023010,2020-12-19,12:30:00,1,Collision with vehicle,6,Saturday,121,RIGHT THROUGH,1,673999,T intersection,3,60,Freeway,SUNSHINE,BRIMBANK,-37.75154,144.8328,2020,12,December,12,Midday,Weekend
T20200023021,2020-12-19,11:30:00,1,Collision with vehicle,6,Saturday,132,RIGHT REAR.,1,678678,Multiple intersection,2,100,Arterial Highway,MURRAY VALLEY,GANNAWARRA,-35.870262,144.30943,2020,12,December,11,Midday,Weekend
T20200023355,2020-12-19,19:20:00,6,Vehicle overturned (no collision),6,Saturday,174,OUT OF CONTROL ON CARRIAGEWAY (ON STRAIGHT),1,671166,Cross intersection,3,60,Arterial Other,SANDHURST,BENDIGO,-36.725872,144.25877,2020,12,December,19,Night,Weekend
T20200022994,2020-12-19,08:22:00,1,Collision with vehicle,6,Saturday,130,REAR END(VEHICLES IN SAME LANE),1,671700,Not at intersection,2,80,Arterial Highway,SOUTH GIPPSLAND,DANDENONG,-38.02645,145.24368,2020,12,December,8,Morning Peak,Weekend
T20200023062,2020-12-19,00:40:00,1,Collision with vehicle,6,Saturday,147,VEHICLE STRIKES ANOTHER VEH WHILE EMERGING FROM DRIVEWAY,3,729931,Not at intersection,3,50,Local Road,OLEANDER,WHITTLESEA,-37.6537,145.07825,2020,12,December,0,Late Night,Weekend
T20200023072,2020-12-19,16:25:00,1,Collision with vehicle,6,Saturday,160,VEHICLE COLLIDES WITH VEHICLE PARKED ON LEFT OF ROAD,1,674085,Not at intersection,3,60,Local Road,HIGH,LATROBE,-38.18106,146.26749,2020,12,December,16,Afternoon Peak,Weekend
T20210008112,2020-12-19,06:00:00,1,Collision with vehicle,6,Saturday,134,LANE CHANGE RIGHT (NOT OVERTAKING),2,780854,T intersection,3,100,Freeway,DALTON-METROPOLITAN RING OUT,WHITTLESEA,-37.687286,145.03622,2020,12,December,6,Morning Peak,Weekend
T20200023084,2020-12-19,14:00:00,1,Collision with vehicle,6,Saturday,169,OTHER ON PATH,1,670916,Not at intersection,2,50,Local Road,HERALD,CASEY,-38.040207,145.30951,2020,12,December,14,Midday,Weekend
T20200023036,2020-12-19,17:45:00,1,Collision with vehicle,6,Saturday,124,RIGHT/RIGHT BOTH VEHs FROM OPPOSITE DIRECTIONS TURNING RIGHT,1,672226,T intersection,3,60,Arterial Other,TOORAK,STONNINGTON,-37.844296,145.0355,2020,12,December,17,Afternoon Peak,Weekend
T20200023037,2020-12-19,18:00:00,1,Collision with vehicle,6,Saturday,140,U TURN,1,674475,Cross intersection,2,70,Arterial Highway,BALLARAT,GEELONG,-38.089664,144.28206,2020,12,December,18,Afternoon Peak,Weekend
T20200022980,2020-12-19,03:25:00,1,Collision with vehicle,6,Saturday,110,CROSS TRAFFIC(INTERSECTIONS ONLY),3,44621,Cross intersection,3,60,Arterial Other,KINGSBURY,DAREBIN,-37.729725,145.06085,2020,12,December,3,Late Night,Weekend
T20200022982,2020-12-19,02:00:00,4,Collision with a fixed object,6,Saturday,171,LEFT OFF CARRIAGEWAY INTO OBJECT/PARKED VEHICLE,3,704686,Not at intersection,2,60,Arterial Other,HALLAM SOUTH,CASEY,-38.010426,145.27252,2020,12,December,2,Late Night,Weekend
T20200023040,2020-12-19,15:40:00,1,Collision with vehicle,6,Saturday,140,U TURN,1,672227,Not at intersection,2,100,Arterial Other,BONEO,MORNINGTON PENINSULA,-38.475098,144.92981,2020,12,December,15,Afternoon Peak,Weekend
T20200023013,2020-12-19,12:45:00,1,Collision with vehicle,6,Saturday,110,CROSS TRAFFIC(INTERSECTIONS ONLY),1,52549,Cross intersection,3,80,Local Road,BENETOOK,MILDURA,-34.245144,142.1197,2020,12,December,12,Midday,Weekend
T20200023095,2020-12-19,19:06:00,1,Collision with vehicle,6,Saturday,130,REAR END(VEHICLES IN SAME LANE),1,278934,Multiple intersection,3,60,Freeway,BARRABOOL,GEELONG,-38.171867,144.29279,2020,12,December,19,Night,Weekend
T20200023091,2020-12-19,10:36:00,1,Collision with vehicle,6,Saturday,121,RIGHT THROUGH,1,69477,T intersection,2,50,Local Road,DENDY,BAYSIDE,-37.920208,144.99985,2020,12,December,10,Midday,Weekend
T20200023123,2020-12-20,20:00:00,1,Collision with vehicle,7,Sunday,131,LEFT REAR,2,671425,Not at intersection,2,40,Arterial Other,SAYERS,WYNDHAM,-37.84899,144.6929,2020,12,December,20,Night,Weekend
T20200023131,2020-12-20,23:20:00,1,Collision with vehicle,7,Sunday,160,VEHICLE COLLIDES WITH VEHICLE PARKED ON LEFT OF ROAD,3,675798,Not at intersection,2,50,Local Road,OSBORNE,GEELONG,-38.11778,144.34325,2020,12,December,23,Night,Weekend
T20210001037,2020-12-20,16:15:00,1,Collision with vehicle,7,Sunday,130,REAR END(VEHICLES IN SAME LANE),1,673096,Not at intersection,2,60,Arterial Other,MT ALEXANDER,MOONEE VALLEY,-37.78669,144.93967,2020,12,December,16,Afternoon Peak,Weekend
T20200023111,2020-12-20,16:20:00,1,Collision with vehicle,7,Sunday,110,CROSS TRAFFIC(INTERSECTIONS ONLY),1,43813,Cross intersection,2,60,Local Road,BEENAK,YARRA RANGES,-37.79066,145.43617,2020,12,December,16,Afternoon Peak,Weekend
T20210002532,2020-12-20,12:30:00,1,Collision with vehicle,7,Sunday,112,LEFT FAR (INTERSECTIONS ONLY),1,68545,T intersection,3,80,Arterial Highway,BOWEN,STONNINGTON,-37.886543,145.07707,2020,12,December,12,Midday,Weekend
T20200023082,2020-12-20,10:46:00,4,Collision with a fixed object,7,Sunday,173,RIGHT OFF CARRIAGEWAY INTO OBJECT/PARKED VEHICLE,1,44752,T intersection,2,60,Arterial Other,HAILES STREET E-MAIN,BANYULE,-37.70292,145.10521,2020,12,December,10,Midday,Weekend
T20200023177,2020-12-20,11:30:00,6,Vehicle overturned (no collision),7,Sunday,184,OUT OF CONTROL ON CARRIAGEWAY (ON BEND),1,729494,Not at intersection,2,80,Arterial Other,DEANS MARSH-LORNE,SURF COAST,-38.516735,143.9717,2020,12,December,11,Midday,Weekend
T20200023083,2020-12-20,10:20:00,1,Collision with vehicle,7,Sunday,110,CROSS TRAFFIC(INTERSECTIONS ONLY),1,69986,Cross intersection,3,50,Local Road,KING,EAST GIPPSLAND,-37.915283,147.72041,2020,12,December,10,Midday,Weekend
T20200023086,2020-12-20,11:25:00,2,Struck Pedestrian,7,Sunday,101,PED EMERGES FROM IN FRONT OF PARKED OR STATIONARY VEHICLE,1,670754,Not at intersection,2,80,Arterial Highway,MAROONDAH,MAROONDAH,-37.771755,145.29404,2020,12,December,11,Midday,Weekend
T20210000953,2020-12-20,22:41:00,4,Collision with a fixed object,7,Sunday,171,LEFT OFF CARRIAGEWAY INTO OBJECT/PARKED VEHICLE,5,729533,Not at intersection,2,100,Arterial Other,MIDLAND,MANSFIELD,-37.02332,146.09407,2020,12,December,22,Night,Weekend
T20200023063,2020-12-20,00:40:00,4,Collision with a fixed object,7,Sunday,173,RIGHT OFF CARRIAGEWAY INTO OBJECT/PARKED VEHICLE,5,682577,Not at intersection,3,100,Arterial Other,LANCASTER,CAMPASPE,-36.3135,145.08116,2020,12,December,0,Late Night,Weekend
T20200023247,2020-12-20,11:09:00,1,Collision with vehicle,7,Sunday,139,OTHER SAME DIRECTION-MANOUEVRES NOT INCLUDED IN DCAs 130-137,1,670926,Not at intersection,1,50,Local Road,VICTORIA,GEELONG,-38.12235,144.34608,2020,12,December,11,Midday,Weekend
T20200023075,2020-12-20,09:00:00,1,Collision with vehicle,7,Sunday,160,VEHICLE COLLIDES WITH VEHICLE PARKED ON LEFT OF ROAD,1,671044,Not at intersection,3,60,Arterial Other,COTHAM,BOROONDARA,-37.809338,145.05205,2020,12,December,9,Morning Peak,Weekend
T20200023077,2020-12-20,09:24:00,1,Collision with vehicle,7,Sunday,131,LEFT REAR,1,670915,T intersection,3,70,Arterial Other,SYDNEY,MORELAND,-37.710705,144.96169,2020,12,December,9,Morning Peak,Weekend
T20200023127,2020-12-20,20:26:00,1,Collision with vehicle,7,Sunday,115,RIGHT/LEFT FAR (INTERSECTIONS ONLY),1,29822,Multiple intersection,3,60,Arterial Other,HAMPSTEAD ROAD -MITCHELL,MARIBYRNONG,-37.781754,144.87039,2020,12,December,20,Night,Weekend
T20200023073,2020-12-20,07:40:00,1,Collision with vehicle,7,Sunday,121,RIGHT THROUGH,1,40564,T intersection,2,50,Arterial Other,RIVERSDALE,BOROONDARA,-37.83543,145.09341,2020,12,December,7,Morning Peak,Weekend
T20200023132,2020-12-20,20:20:00,1,Collision with vehicle,7,Sunday,160,VEHICLE COLLIDES WITH VEHICLE PARKED ON LEFT OF ROAD,3,681400,Not at intersection,3,50,Local Road,DANIEL SOLANDER,CASEY,-37.978043,145.25642,2020,12,December,20,Night,Weekend
T20200023108,2020-12-20,11:04:00,4,Collision with a fixed object,7,Sunday,181,OFF RIGHT BEND INTO OBJECT/PARKED VEHICLE,1,671997,Not at intersection,2,100,Arterial Other,WHITTLESEA-YEA,MURRINDINDI,-37.296577,145.37683,2020,12,December,11,Midday,Weekend
T20200023880,2020-12-20,17:00:00,1,Collision with vehicle,7,Sunday,111,RIGHT FAR (INTERSECTIONS ONLY),1,671939,T intersection,2,100,Arterial Highway,MURRAY VALLEY,INDIGO,-36.083855,146.33275,2020,12,December,17,Afternoon Peak,Weekend
T20200023130,2020-12-20,22:11:00,1,Collision with vehicle,7,Sunday,121,RIGHT THROUGH,3,35737,Cross intersection,2,80,Arterial Other,CRANBOURNE,CASEY,-38.065277,145.29912,2020,12,December,22,Night,Weekend
T20200023238,2020-12-20,22:30:00,1,Collision with vehicle,7,Sunday,163,VEHICLE STRIKES DOOR OF PARKED/STATIONARY VEHICLE,9,678219,Not at intersection,3,50,Local Road,BENITA,GEELONG,-38.18165,144.4591,2020,12,December,22,Night,Weekend
T20200023087,2020-12-20,11:20:00,1,Collision with vehicle,7,Sunday,121,RIGHT THROUGH,1,46350,T intersection,2,80,Arterial Highway,SOUTH GIPPSLAND,CASEY,-38.160824,145.31871,2020,12,December,11,Midday,Weekend
T20200023129,2020-12-20,23:43:00,1,Collision with vehicle,7,Sunday,152,PULLING OUT (OVERTAKING),3,36402,T intersection,2,60,Arterial Other,TOORAK,STONNINGTON,-37.842358,145.01962,2020,12,December,23,Night,Weekend
T20200023509,2020-12-20,11:39:00,2,Struck Pedestrian,7,Sunday,100,PED NEAR SIDE. PED HIT BY VEHICLE FROM THE RIGHT.,1,29781,Cross intersection,3,50,Local Road,CRAMER,DAREBIN,-37.74037,145.00365,2020,12,December,11,Midday,Weekend
T20200023107,2020-12-20,13:54:00,1,Collision with vehicle,7,Sunday,113,RIGHT NEAR (INTERSECTIONS ONLY),1,947,Cross intersection,2,80,Arterial Highway,MOOROODUC,FRANKSTON,-38.157513,145.13496,2020,12,December,13,Midday,Weekend
T20200023081,2020-12-20,09:25:00,1,Collision with vehicle,7,Sunday,116,LEFT NEAR (INTERSECTIONS ONLY),1,42328,Cross intersection,3,50,Local Road,DOMAIN,MORELAND,-37.70582,144.95097,2020,12,December,9,Morning Peak,Weekend
T20200023128,2020-12-20,21:10:00,1,Collision with vehicle,7,Sunday,160,VEHICLE COLLIDES WITH VEHICLE PARKED ON LEFT OF ROAD,3,676394,Not at intersection,3,60,Arterial Highway,EAGLEHAWK,BENDIGO,-36.723713,144.2579,2020,12,December,21,Night,Weekend
T20200023182,2020-12-21,15:12:00,1,Collision with vehicle,1,Monday,121,RIGHT THROUGH,1,15419,Cross intersection,3,60,Local Road,MT PLEASANT,GEELONG,-38.170612,144.34268,2020,12,December,15,Afternoon Peak,Weekday
T20210004319,2020-12-21,09:00:00,1,Collision with vehicle,1,Monday,134,LANE CHANGE RIGHT (NOT OVERTAKING),1,677460,Not at intersection,3,80,Freeway,PRINCES,WYNDHAM,-37.828476,144.81613,2020,12,December,9,Morning Peak,Weekday
T20210000459,2020-12-21,05:45:00,1,Collision with vehicle,1,Monday,110,CROSS TRAFFIC(INTERSECTIONS ONLY),2,39144,Cross intersection,3,40,Local Road,BYRON,BOROONDARA,-37.83016,145.07428,2020,12,December,5,Morning Peak,Weekday
T20200023206,2020-12-21,23:21:00,1,Collision with vehicle,1,Monday,130,REAR END(VEHICLES IN SAME LANE),3,617,Cross intersection,3,40,Arterial Other,BLACKBURN,MONASH,-37.872204,145.14839,2020,12,December,23,Night,Weekday
T20200023207,2020-12-21,07:35:00,1,Collision with vehicle,1,Monday,110,CROSS TRAFFIC(INTERSECTIONS ONLY),1,42352,Cross intersection,2,60,Arterial Other,CLARINDA,KINGSTON,-37.94067,145.09793,2020,12,December,7,Morning Peak,Weekday
T20200023243,2020-12-21,17:00:00,1,Collision with vehicle,1,Monday,130,REAR END(VEHICLES IN SAME LANE),1,281978,Not at intersection,3,50,Arterial Other,MORELAND,MORELAND,-37.755543,144.96484,2020,12,December,17,Afternoon Peak,Weekday