ACCIDENT_NO,ACCIDENT_DATE,ACCIDENT_TIME,ACCIDENT_TYPE,ACCIDENT_TYPE_DESC,DAY_OF_WEEK,DAY_WEEK_DESC,DCA_CODE,DCA_DESC,LIGHT_CONDITION,NODE_ID,ROAD_GEOMETRY_DESC,SEVERITY,SPEED_ZONE,RMA,ROAD_NAME,LGA_NAME,LATITUDE,LONGITUDE,YEAR,MONTH,MONTH_NAME,HOUR,TIME_PERIOD,DAY_TYPE
T20200023185,2020-12-21,17:10:00,1,Collision with vehicle,1,Monday,121,RIGHT THROUGH,1,37638,T intersection,2,60,Arterial Other,COMMERCIAL,STONNINGTON,-37.846077,144.98804,2020,12,December,17,Afternoon Peak,Weekday
T20200023186,2020-12-21,19:52:00,4,Collision with a fixed object,1,Monday,181,OFF RIGHT BEND INTO OBJECT/PARKED VEHICLE,2,671090,Not at intersection,3,80,Arterial Other,HEIDELBERG-KINGLAKE,NILLUMBIK,-37.62912,145.21278,2020,12,December,19,Night,Weekday
T20200023135,2020-12-21,06:25:00,1,Collision with vehicle,1,Monday,116,LEFT NEAR (INTERSECTIONS ONLY),1,49677,T intersection,2,60,Arterial Other,BACCHUS MARSH,GEELONG,-38.077187,144.35847,2020,12,December,6,Morning Peak,Weekday
T20200023188,2020-12-21,19:45:00,1,Collision with vehicle,1,Monday,113,RIGHT NEAR (INTERSECTIONS ONLY),1,36906,T intersection,3,80,Arterial Other,WELLINGTON,KNOX,-37.928226,145.25957,2020,12,December,19,Night,Weekday
T20200023178,2020-12-21,18:26:00,1,Collision with vehicle,1,Monday,113,RIGHT NEAR (INTERSECTIONS ONLY),1,673931,T intersection,2,60,Arterial Other,BELMORE,BOROONDARA,-37.80383,145.0857,2020,12,December,18,Afternoon Peak,Weekday
T20200023649,2020-12-21,21:10:00,1,Collision with vehicle,1,Monday,130,REAR END(VEHICLES IN SAME LANE),3,672139,Cross intersection,3,80,Arterial Other,WILLIAMSONS,MANNINGHAM,-37.777714,145.1245,2020,12,December,21,Night,Weekday
T20200023334,2020-12-21,14:45:00,4,Collision with a fixed object,1,Monday,173,RIGHT OFF CARRIAGEWAY INTO OBJECT/PARKED VEHICLE,1,43632,Cross intersection,2,80,Arterial Other,FULLARD,CASEY,-38.031284,145.30594,2020,12,December,14,Midday,Weekday
T20200023147,2020-12-21,09:45:00,1,Collision with vehicle,1,Monday,110,CROSS TRAFFIC(INTERSECTIONS ONLY),1,298501,Cross intersection,3,60,Local Road,HOWARD,BENDIGO,-36.705803,144.32155,2020,12,December,9,Morning Peak,Weekday
T20200023352,2020-12-21,21:15:00,4,Collision with a fixed object,1,Monday,181,OFF RIGHT BEND INTO OBJECT/PARKED VEHICLE,5,676291,Not at intersection,3,100,Arterial Other,KATAMATITE-SHEPPARTON,MOIRA,-36.13026,145.6427,2020,12,December,21,Night,Weekday
T20200023175,2020-12-21,16:04:00,1,Collision with vehicle,1,Monday,121,RIGHT THROUGH,1,729936,Not at intersection,3,60,Local Road,EXFORD,MELTON,-37.723286,144.57289,2020,12,December,16,Afternoon Peak,Weekday
T20200023191,2020-12-21,22:30:00,2,Struck Pedestrian,1,Monday,100,PED NEAR SIDE. PED HIT BY VEHICLE FROM THE RIGHT.,3,675242,T intersection,2,60,Arterial Highway,SPRINGVALE,DANDENONG,-37.954315,145.15189,2020,12,December,22,Night,Weekday
T20200023255,2020-12-21,17:30:00,4,Collision with a fixed object,1,Monday,181,OFF RIGHT BEND INTO OBJECT/PARKED VEHICLE,1,713741,Not at intersection,3,80,Local Road,MCDONALDS,BAW BAW,-38.27083,146.23581,2020,12,December,17,Afternoon Peak,Weekday
T20200023134,2020-12-21,02:40:00,4,Collision with a fixed object,1,Monday,173,RIGHT OFF CARRIAGEWAY INTO OBJECT/PARKED VEHICLE,5,684226,Not at intersection,2,60,Arterial Other,SKIPTON,PYRENEES,-37.45267,143.38062,2020,12,December,2,Late Night,Weekday
T20200023194,2020-12-21,21:10:00,4,Collision with a fixed object,1,Monday,183,OFF LEFT BEND INTO OBJECT/PARKED VEHICLE,5,673891,Not at intersection,2,80,Local Road,TOWER HILL,GEELONG,-38.061573,144.34103,2020,12,December,21,Night,Weekday
T20200023395,2020-12-21,15:00:00,1,Collision with vehicle,1,Monday,148,VEHICLE OFF FOOTPATH STRIKES VEH ON CARRIAGEWAY,1,674769,Cross intersection,2,60,Arterial Other,CANTERBURY,PORT PHILLIP,-37.859787,144.97722,2020,12,December,15,Afternoon Peak,Weekday
T20200023767,2020-12-21,11:50:00,1,Collision with vehicle,1,Monday,134,LANE CHANGE RIGHT (NOT OVERTAKING),1,672323,Not at intersection,3,60,Arterial Highway,SOUTH GIPPSLAND,CASEY,-38.107666,145.28317,2020,12,December,11,Midday,Weekday
T20200023167,2020-12-21,10:49:00,6,Vehicle overturned (no collision),1,Monday,174,OUT OF CONTROL ON CARRIAGEWAY (ON STRAIGHT),1,672228,Not at intersection,3,100,Arterial Other,PORTLAND-NELSON,GLENELG,-38.042496,140.98889,2020,12,December,10,Midday,Weekday
T20200023171,2020-12-21,14:00:00,1,Collision with vehicle,1,Monday,163,VEHICLE STRIKES DOOR OF PARKED/STATIONARY VEHICLE,1,673044,Not at intersection,3,40,Local Road,LITTLE LONSDALE,MELBOURNE,-37.813026,144.95586,2020,12,December,14,Midday,Weekday
T20200023174,2020-12-21,11:00:00,1,Collision with vehicle,1,Monday,133,LANE SIDE SWIPE (VEHICLES IN PARALLEL LANES),1,675135,Not at intersection,3,50,Arterial Highway,POINT NEPEAN,MORNINGTON PENINSULA,-38.354855,144.90753,2020,12,December,11,Midday,Weekday
T20200023146,2020-12-21,07:50:00,1,Collision with vehicle,1,Monday,130,REAR END(VEHICLES IN SAME LANE),1,681928,Not at intersection,2,100,Freeway,WESTERN RING,BRIMBANK,-37.710217,144.88254,2020,12,December,7,Morning Peak,Weekday
T20200023181,2020-12-21,18:10:00,4,Collision with a fixed object,1,Monday,146,REVERSING INTO FIXED OBJECT/PARKED VEHICLE,1,674342,Not at intersection,3,50,Local Road,STRETTLE,CASEY,-38.079967,145.32877,2020,12,December,18,Afternoon Peak,Weekday
T20210000828,2020-12-21,18:00:00,1,Collision with vehicle,1,Monday,160,VEHICLE COLLIDES WITH VEHICLE PARKED ON LEFT OF ROAD,2,674037,Not at intersection,3,50,Local Road,BOTANY,FRANKSTON,-38.100918,145.1893,2020,12,December,18,Afternoon Peak,Weekday
T20200023149,2020-12-21,10:00:00,2,Struck Pedestrian,1,Monday,109,ANY MANOEUVRE INVOLVING PED NOT INCLUDED IN DCAs 100-108.,1,670843,Not at intersection,2,50,Local Road,FREEMAN,MOUNT ALEXANDER,-37.07796,144.20894,2020,12,December,10,Midday,Weekday
T20200023161,2020-12-21,11:50:00,1,Collision with vehicle,1,Monday,121,RIGHT THROUGH,1,39511,T intersection,2,70,Arterial Highway,SPRINGVALE,WHITEHORSE,-37.82168,145.1754,2020,12,December,11,Midday,Weekday
T20200023139,2020-12-21,08:27:00,1,Collision with vehicle,1,Monday,110,CROSS TRAFFIC(INTERSECTIONS ONLY),1,52967,Cross intersection,3,60,Local Road,KLINE,BALLARAT,-37.577003,143.88333,2020,12,December,8,Morning Peak,Weekday
T20200023141,2020-12-21,08:39:00,1,Collision with vehicle,1,Monday,137,LEFT TURN SIDESWIPE,1,674533,Not at intersection,2,40,Arterial Highway,POINT NEPEAN ROAD SERVICE,MORNINGTON PENINSULA,-38.32005,144.71448,2020,12,December,8,Morning Peak,Weekday
T20200023166,2020-12-21,07:40:00,1,Collision with vehicle,1,Monday,160,VEHICLE COLLIDES WITH VEHICLE PARKED ON LEFT OF ROAD,1,670921,Not at intersection,3,50,Local Road,DANKS,PORT PHILLIP,-37.84301,144.94348,2020,12,December,7,Morning Peak,Weekday
T20200023219,2020-12-22,03:00:00,4,Collision with a fixed object,2,Tuesday,173,RIGHT OFF CARRIAGEWAY INTO OBJECT/PARKED VEHICLE,3,670944,Not at intersection,3,50,Local Road,PEPPERELL,BAW BAW,-38.10967,145.85503,2020,12,December,3,Late Night,Weekday
T20200023271,2020-12-22,17:45:00,1,Collision with vehicle,2,Tuesday,130,REAR END(VEHICLES IN SAME LANE),1,673838,T intersection,2,80,Arterial Highway,DANDENONG-HASTINGS,DANDENONG,-38.055298,145.24365,2020,12,December,17,Afternoon Peak,Weekday
T20200023268,2020-12-22,16:20:00,1,Collision with vehicle,2,Tuesday,121,RIGHT THROUGH,1,44463,T intersection,3,70,Arterial Highway,LATROBE,GEELONG,-38.151726,144.35197,2020,12,December,16,Afternoon Peak,Weekday
T20200023278,2020-12-22,18:30:00,6,Vehicle overturned (no collision),2,Tuesday,174,OUT OF CONTROL ON CARRIAGEWAY (ON STRAIGHT),2,671092,Not at intersection,3,50,Arterial Other,BRIDGE,YARRA,-37.81843,144.99771,2020,12,December,18,Afternoon Peak,Weekday
T20200023279,2020-12-22,14:59:00,4,Collision with a fixed object,2,Tuesday,181,OFF RIGHT BEND INTO OBJECT/PARKED VEHICLE,1,674094,Not at intersection,3,60,Arterial Other,MOUNT DANDENONG TOURIST,YARRA RANGES,-37.81074,145.3705,2020,12,December,14,Midday,Weekday
T20200023242,2020-12-22,12:50:00,4,Collision with a fixed object,2,Tuesday,173,RIGHT OFF CARRIAGEWAY INTO OBJECT/PARKED VEHICLE,1,278771,Multiple intersection,2,60,Freeway,ANGLESEA ROAD -GEELONG RING OUT-ANGLESEA,GEELONG,-38.218166,144.28802,2020,12,December,12,Midday,Weekday
T20200023874,2020-12-22,12:30:00,1,Collision with vehicle,2,Tuesday,130,REAR END(VEHICLES IN SAME LANE),1,39620,T intersection,3,60,Local Road,RINGWOOD,MAROONDAH,-37.815,145.22733,2020,12,December,12,Midday,Weekday
T20200023239,2020-12-22,07:56:00,1,Collision with vehicle,2,Tuesday,130,REAR END(VEHICLES IN SAME LANE),1,675345,Not at intersection,3,60,Arterial Highway,PLENTY,WHITTLESEA,-37.692562,145.06215,2020,12,December,7,Morning Peak,Weekday
T20210000743,2020-12-22,19:50:00,6,Vehicle overturned (no collision),2,Tuesday,172,OFF CARRIAGEWAY TO RIGHT,2,674097,Not at intersection,3,60,Local Road,SHERWOOD,BENDIGO,-36.661457,144.35886,2020,12,December,19,Night,Weekday
T20200023236,2020-12-22,12:28:00,4,Collision with a fixed object,2,Tuesday,183,OFF LEFT BEND INTO OBJECT/PARKED VEHICLE,1,681927,Not at intersection,3,80,Arterial Other,MOUNT DANDENONG TOURIST,YARRA RANGES,-37.814034,145.37904,2020,12,December,12,Midday,Weekday
T20200023251,2020-12-22,15:08:00,4,Collision with a fixed object,2,Tuesday,173,RIGHT OFF CARRIAGEWAY INTO OBJECT/PARKED VEHICLE,1,683179,Not at intersection,2,100,Local Road,NAGAMBIE-RUSHWORTH,STRATHBOGIE,-36.758682,145.07239,2020,12,December,15,Afternoon Peak,Weekday
T20200023281,2020-12-22,17:08:00,4,Collision with a fixed object,2,Tuesday,181,OFF RIGHT BEND INTO OBJECT/PARKED VEHICLE,1,674092,Not at intersection,2,80,Arterial Other,WOODS POINT,YARRA RANGES,-37.70587,145.82436,2020,12,December,17,Afternoon Peak,Weekday
T20210000699,2020-12-22,16:30:00,1,Collision with vehicle,2,Tuesday,121,RIGHT THROUGH,1,38809,Cross intersection,3,60,Arterial Other,WHITEHALL,MARIBYRNONG,-37.801216,144.90605,2020,12,December,16,Afternoon Peak,Weekday
T20200023283,2020-12-22,17:00:00,1,Collision with vehicle,2,Tuesday,130,REAR END(VEHICLES IN SAME LANE),1,729500,Not at intersection,3,60,Arterial Other,HOPKINS,MELTON,-37.802387,144.69633,2020,12,December,17,Afternoon Peak,Weekday
T20200023286,2020-12-22,20:30:00,2,Struck Pedestrian,2,Tuesday,100,PED NEAR SIDE. PED HIT BY VEHICLE FROM THE RIGHT.,2,675663,Not at intersection,3,60,Arterial Other,UPPER HEIDELBERG,BANYULE,-37.76735,145.04419,2020,12,December,20,Night,Weekday
T20200023290,2020-12-22,18:00:00,4,Collision with a fixed object,2,Tuesday,181,OFF RIGHT BEND INTO OBJECT/PARKED VEHICLE,1,675265,Not at intersection,2,100,Arterial Highway,PYRENEES,ARARAT,-37.16871,143.20663,2020,12,December,18,Afternoon Peak,Weekday
T20210010164,2020-12-22,14:27:00,1,Collision with vehicle,2,Tuesday,131,LEFT REAR,1,34725,Cross intersection,3,80,Arterial Highway,SPRINGVALE,WHITEHORSE,-37.85474,145.16928,2020,12,December,14,Midday,Weekday
T20200023203,2020-12-22,02:37:00,4,Collision with a fixed object,2,Tuesday,171,LEFT OFF CARRIAGEWAY INTO OBJECT/PARKED VEHICLE,3,676434,Not at intersection,2,60,Arterial Other,MELVILLE,MORELAND,-37.76602,144.94348,2020,12,December,2,Late Night,Weekday
T20200023291,2020-12-22,23:09:00,1,Collision with vehicle,2,Tuesday,121,RIGHT THROUGH,3,43620,T intersection,3,80,Arterial Highway,PRINCES,CASEY,-38.01419,145.29015,2020,12,December,23,Night,Weekday
T20200023339,2020-12-22,16:15:00,1,Collision with vehicle,2,Tuesday,130,REAR END(VEHICLES IN SAME LANE),1,676478,Not at intersection,3,60,Local Road,EYRE,BALLARAT,-37.564014,143.83794,2020,12,December,16,Afternoon Peak,Weekday
T20200023246,2020-12-22,14:30:00,1,Collision with vehicle,2,Tuesday,130,REAR END(VEHICLES IN SAME LANE),1,729937,Not at intersection,2,60,Arterial Other,AUBURN,BOROONDARA,-37.82729,145.04413,2020,12,December,14,Midday,Weekday
T20200023252,2020-12-22,14:32:00,1,Collision with vehicle,2,Tuesday,120,HEAD ON (NOT OVERTAKING),1,729938,Not at intersection,3,80,Local Road,LARDNERS,BAW BAW,-38.149376,145.89235,2020,12,December,14,Midday,Weekday
T20210000244,2020-12-22,15:45:00,6,Vehicle overturned (no collision),2,Tuesday,174,OUT OF CONTROL ON CARRIAGEWAY (ON STRAIGHT),1,680563,Not at intersection,2,40,Local Road,WIMMERA,HINDMARSH,-36.45434,142.03041,2020,12,December,15,Afternoon Peak,Weekday
T20200023249,2020-12-22,13:27:00,1,Collision with vehicle,2,Tuesday,120,HEAD ON (NOT OVERTAKING),1,671234,Not at intersection,3,60,Arterial Other,BELGRAVE-HALLAM,YARRA RANGES,-37.92441,145.35808,2020,12,December,13,Midday,Weekday
T20210000934,2020-12-22,17:45:00,1,Collision with vehicle,2,Tuesday,121,RIGHT THROUGH,1,22,Cross intersection,3,60,Arterial Other,HARKER,MELBOURNE,-37.796597,144.9512,2020,12,December,17,Afternoon Peak,Weekday
T20200023250,2020-12-22,15:45:00,2,Struck Pedestrian,2,Tuesday,102,FAR SIDE. PED HIT BY VEHICLE FROM THE LEFT,1,745975,Not at intersection,2,80,Local Road,TILBURN,BRIMBANK,-37.778206,144.77487,2020,12,December,15,Afternoon Peak,Weekday
T20200023297,2020-12-22,02:40:00,1,Collision with vehicle,2,Tuesday,160,VEHICLE COLLIDES WITH VEHICLE PARKED ON LEFT OF ROAD,3,91360,Not at intersection,2,60,Arterial Other,TOORAK,STONNINGTON,-37.843185,145.02638,2020,12,December,2,Late Night,Weekday
T20200023233,2020-12-22,10:58:00,1,Collision with vehicle,2,Tuesday,140,U TURN,1,670924,Not at intersection,2,80,Arterial Other,MICKLEHAM,HUME,-37.59062,144.87978,2020,12,December,10,Midday,Weekday
T20200023277,2020-12-22,15:51:00,1,Collision with vehicle,2,Tuesday,147,VEHICLE STRIKES ANOTHER VEH WHILE EMERGING FROM DRIVEWAY,1,671164,Not at intersection,2,40,Local Road,EDWARD,MORELAND,-37.77407,144.96313,2020,12,December,15,Afternoon Peak,Weekday
T20210005048,2020-12-22,12:22:00,1,Collision with vehicle,2,Tuesday,120,HEAD ON (NOT OVERTAKING),1,69228,Cross intersection,3,60,Local Road,CLIFFORD,YARRA RANGES,-37.90888,145.34409,2020,12,December,12,Midday,Weekday
T20200023282,2020-12-22,19:43:00,2,Struck Pedestrian,2,Tuesday,102,FAR SIDE. PED HIT BY VEHICLE FROM THE LEFT,3,43078,Cross intersection,2,60,Arterial Highway,FOSTER,DANDENONG,-37.98862,145.21805,2020,12,December,19,Night,Weekday
T20210000988,2020-12-22,15:30:00,1,Collision with vehicle,2,Tuesday,160,VEHICLE COLLIDES WITH VEHICLE PARKED ON LEFT OF ROAD,1,674095,Not at intersection,2,50,Local Road,CARINISH,MONASH,-37.926647,145.12366,2020,12,December,15,Afternoon Peak,Weekday
T20200023231,2020-12-22,11:20:00,1,Collision with vehicle,2,Tuesday,130,REAR END(VEHICLES IN SAME LANE),1,673230,T intersection,3,60,Arterial Highway,CHURCH,GEELONG,-38.13167,144.34703,2020,12,December,11,Midday,Weekday
T20200023266,2020-12-22,14:54:00,1,Collision with vehicle,2,Tuesday,130,REAR END(VEHICLES IN SAME LANE),1,670927,T intersection,3,60,Arterial Other,DALTON,WHITTLESEA,-37.68018,145.03003,2020,12,December,14,Midday,Weekday
T20200023265,2020-12-22,16:42:00,1,Collision with vehicle,2,Tuesday,121,RIGHT THROUGH,2,38190,T intersection,3,60,Arterial Other,UPPER HEIDELBERG,BANYULE,-37.75225,145.0569,2020,12,December,16,Afternoon Peak,Weekday
T20210000394,2020-12-22,18:30:00,8,No collision and no object struck,2,Tuesday,174,OUT OF CONTROL ON CARRIAGEWAY (ON STRAIGHT),1,672237,Not at intersection,3,50,Local Road,WEST,MORELAND,-37.709427,144.9379,2020,12,December,18,Afternoon Peak,Weekday
T20200023273,2020-12-22,19:40:00,6,Vehicle overturned (no collision),2,Tuesday,174,OUT OF CONTROL ON CARRIAGEWAY (ON STRAIGHT),2,671010,Not at intersection,3,60,Arterial Highway,TOORAK,BOROONDARA,-37.848347,145.07771,2020,12,December,19,Night,Weekday
T20200023220,2020-12-22,11:00:00,4,Collision with a fixed object,2,Tuesday,171,LEFT OFF CARRIAGEWAY INTO OBJECT/PARKED VEHICLE,1,780870,T intersection,3,60,Local Road,STUBBS,MELBOURNE,-37.788803,144.93605,2020,12,December,11,Midday,Weekday
T20200023276,2020-12-22,17:05:00,1,Collision with vehicle,2,Tuesday,120,HEAD ON (NOT OVERTAKING),1,693525,Not at intersection,2,100,Arterial Highway,MELBA,YARRA RANGES,-37.632294,145.40514,2020,12,December,17,Afternoon Peak,Weekday
T20200023293,2020-12-22,23:40:00,4,Collision with a fixed object,2,Tuesday,171,LEFT OFF CARRIAGEWAY INTO OBJECT/PARKED VEHICLE,5,680487,Not at intersection,2,50,Local Road,CAMPBELLS CREEK-FRYERS,MOUNT ALEXANDER,-37.09907,144.20872,2020,12,December,23,Night,Weekday
T20200023262,2020-12-22,15:11:00,2,Struck Pedestrian,2,Tuesday,101,PED EMERGES FROM IN FRONT OF PARKED OR STATIONARY VEHICLE,1,671008,Not at intersection,2,50,Local Road,BARRIES,MELTON,-37.68744,144.56647,2020,12,December,15,Afternoon Peak,Weekday
T20200023221,2020-12-22,10:23:00,4,Collision with a fixed object,2,Tuesday,181,OFF RIGHT BEND INTO OBJECT/PARKED VEHICLE,1,672666,Not at intersection,2,50,Local Road,WARRINGAL,MANNINGHAM,-37.76144,145.08809,2020,12,December,10,Midday,Weekday
T20200023204,2020-12-22,03:43:00,4,Collision with a fixed object,2,Tuesday,181,OFF RIGHT BEND INTO OBJECT/PARKED VEHICLE,5,691268,Not at intersection,3,80,Arterial Other,WOORI YALLOCK,CARDINIA,-37.91674,145.50102,2020,12,December,3,Late Night,Weekday
T20200023260,2020-12-22,15:23:00,1,Collision with vehicle,2,Tuesday,130,REAR END(VEHICLES IN SAME LANE),1,729498,T intersection,3,80,Arterial Other,THOMPSON,CASEY,-38.07982,145.25671,2020,12,December,15,Afternoon Peak,Weekday
T20200023223,2020-12-22,11:54:00,1,Collision with vehicle,2,Tuesday,113,RIGHT NEAR (INTERSECTIONS ONLY),1,919,T intersection,2,80,Arterial Highway,FRANKSTON-DANDENONG,FRANKSTON,-38.1174,145.1505,2020,12,December,11,Midday,Weekday
T20200023304,2020-12-22,14:00:00,1,Collision with vehicle,2,Tuesday,130,REAR END(VEHICLES IN SAME LANE),1,671851,Not at intersection,3,80,Local Road,LEARMONTH,BALLARAT,-37.56778,143.81087,2020,12,December,14,Midday,Weekday
T20200023211,2020-12-22,08:20:00,3,Struck animal,2,Tuesday,167,STRUCK ANIMAL,1,672899,Not at intersection,2,100,Arterial Highway,GREAT ALPINE,ALPINE,-36.745193,147.01576,2020,12,December,8,Morning Peak,Weekday
T20200023256,2020-12-22,15:25:00,1,Collision with vehicle,2,Tuesday,119,OTHER ADJACENT (INTERSECTIONS ONLY),1,671007,T intersection,3,60,Local Road,TAVERN,WANGARATTA,-36.374683,146.29944,2020,12,December,15,Afternoon Peak,Weekday
T20200023224,2020-12-22,10:45:00,4,Collision with a fixed object,2,Tuesday,181,OFF RIGHT BEND INTO OBJECT/PARKED VEHICLE,1,671548,Not at intersection,3,80,Local Road,OLD SALE,BAW BAW,-38.102573,145.95566,2020,12,December,10,Midday,Weekday
T20200023214,2020-12-22,10:38:00,1,Collision with vehicle,2,Tuesday,130,REAR END(VEHICLES IN SAME LANE),1,671006,Not at intersection,3,50,Arterial Highway,HIGH,BENDIGO,-36.7942,144.24449,2020,12,December,10,Midday,Weekday
T20200023269,2020-12-22,14:48:00,1,Collision with vehicle,2,Tuesday,116,LEFT NEAR (INTERSECTIONS ONLY),1,51629,Cross intersection,3,60,Local Road,SKENE,BENDIGO,-36.761593,144.29239,2020,12,December,14,Midday,Weekday
T20200023311,2020-12-23,07:55:00,1,Collision with vehicle,3,Wednesday,129,OTHER OPPOSING MANOEUVRES NOT INCLUDED IN DCAs 120-125.,1,44810,T intersection,2,50,Arterial Other,BRIDGE STREET -SHERBOURNE,BANYULE,-37.718067,145.13783,2020,12,December,7,Morning Peak,Weekday
T20200023310,2020-12-23,09:30:00,1,Collision with vehicle,3,Wednesday,116,LEFT NEAR (INTERSECTIONS ONLY),1,37014,T intersection,3,50,Local Road,ALBERT,MELBOURNE,-37.810127,144.98094,2020,12,December,9,Morning Peak,Weekday
T20200023305,2020-12-23,02:23:00,4,Collision with a fixed object,3,Wednesday,171,LEFT OFF CARRIAGEWAY INTO OBJECT/PARKED VEHICLE,3,277991,Multiple intersection,3,80,Freeway,SYDNEY,MORELAND,-37.692177,144.95839,2020,12,December,2,Late Night,Weekday
T20200023342,2020-12-23,12:15:00,1,Collision with vehicle,3,Wednesday,130,REAR END(VEHICLES IN SAME LANE),1,671307,Not at intersection,3,60,Arterial Other,SPRINGVALE,MANNINGHAM,-37.792988,145.17987,2020,12,December,12,Midday,Weekday
T20200023345,2020-12-23,14:10:00,1,Collision with vehicle,3,Wednesday,137,LEFT TURN SIDESWIPE,1,249,Cross intersection,2,50,Freeway,BATMAN,MELBOURNE,-37.82329,144.9785,2020,12,December,14,Midday,Weekday
T20200023385,2020-12-23,17:15:00,1,Collision with vehicle,3,Wednesday,130,REAR END(VEHICLES IN SAME LANE),1,773268,Not at intersection,3,60,Local Road,BARWON,GEELONG,-38.169582,144.3655,2020,12,December,17,Afternoon Peak,Weekday
T20200023383,2020-12-23,14:58:00,1,Collision with vehicle,3,Wednesday,130,REAR END(VEHICLES IN SAME LANE),1,671096,Not at intersection,3,60,Arterial Highway,GEELONG,MARIBYRNONG,-37.801304,144.88785,2020,12,December,14,Midday,Weekday
T20200023549,2020-12-23,12:05:00,1,Collision with vehicle,3,Wednesday,130,REAR END(VEHICLES IN SAME LANE),1,773399,Not at intersection,3,50,Local Road,PAKENHAM,CAMPASPE,-36.128216,144.751,2020,12,December,12,Midday,Weekday
T20210002340,2020-12-23,18:30:00,8,No collision and no object struck,3,Wednesday,174,OUT OF CONTROL ON CARRIAGEWAY (ON STRAIGHT),1,675252,T intersection,3,100,Local Road,BARANDUDA,WODONGA,-36.16667,146.89795,2020,12,December,18,Afternoon Peak,Weekday
T20200023351,2020-12-23,13:44:00,4,Collision with a fixed object,3,Wednesday,141,U TURN INTO FIXED OBJECT/PARKED VEHICLE,1,676820,Not at intersection,2,50,Local Road,ALPHA,BOROONDARA,-37.79896,145.09454,2020,12,December,13,Midday,Weekday
T20200023381,2020-12-23,18:30:00,1,Collision with vehicle,3,Wednesday,132,RIGHT REAR.,1,671382,T intersection,3,60,Local Road,NEYLON,CORANGAMITE,-38.324738,143.07253,2020,12,December,18,Afternoon Peak,Weekday
T20200023479,2020-12-23,17:45:00,1,Collision with vehicle,3,Wednesday,121,RIGHT THROUGH,1,52901,Cross intersection,3,60,Local Road,EUREKA,BALLARAT,-37.565636,143.87425,2020,12,December,17,Afternoon Peak,Weekday
T20200023357,2020-12-23,11:10:00,1,Collision with vehicle,3,Wednesday,130,REAR END(VEHICLES IN SAME LANE),1,671094,Not at intersection,2,60,Arterial Other,CIVIC,HOBSONS BAY,-37.86521,144.83743,2020,12,December,11,Midday,Weekday
T20200023358,2020-12-23,13:05:00,1,Collision with vehicle,3,Wednesday,130,REAR END(VEHICLES IN SAME LANE),1,672977,Not at intersection,3,60,Arterial Highway,HIGH,BENDIGO,-36.78328,144.24768,2020,12,December,13,Midday,Weekday
T20210000258,2020-12-23,11:07:00,1,Collision with vehicle,3,Wednesday,113,RIGHT NEAR (INTERSECTIONS ONLY),1,296639,T intersection,3,60,Arterial Other,BALLAN,WYNDHAM,-37.8645,144.60297,2020,12,December,11,Midday,Weekday
T20200023360,2020-12-23,14:20:00,1,Collision with vehicle,3,Wednesday,120,HEAD ON (NOT OVERTAKING),1,671095,Not at intersection,2,60,Arterial Highway,MAROONDAH,MAROONDAH,-37.81708,145.21838,2020,12,December,14,Midday,Weekday
T20200023375,2020-12-23,16:40:00,1,Collision with vehicle,3,Wednesday,121,RIGHT THROUGH,1,46502,T intersection,3,70,Arterial Other,BAYSWATER,MAROONDAH,-37.818882,145.26909,2020,12,December,16,Afternoon Peak,Weekday
T20200023374,2020-12-23,15:30:00,1,Collision with vehicle,3,Wednesday,132,RIGHT REAR.,1,674344,Not at intersection,3,60,Local Road,LAUDERDALE,CASEY,-38.02378,145.30916,2020,12,December,15,Afternoon Peak,Weekday
T20200023834,2020-12-23,05:50:00,1,Collision with vehicle,3,Wednesday,140,U TURN,9,671706,Not at intersection,3,60,Arterial Highway,LOWER DANDENONG,KINGSTON,-37.98485,145.0948,2020,12,December,5,Morning Peak,Weekday
T20210001970,2020-12-23,22:10:00,1,Collision with vehicle,3,Wednesday,139,OTHER SAME DIRECTION-MANOUEVRES NOT INCLUDED IN DCAs 130-137,3,675030,Not at intersection,3,80,Arterial Highway,DANDENONG,STONNINGTON,-37.88587,145.07494,2020,12,December,22,Night,Weekday
T20200023373,2020-12-23,17:25:00,2,Struck Pedestrian,3,Wednesday,107,PED ON FOOTHPATH STRUCK BY VEHENTERING/LEAVING DRIVEWAY.,1,37131,T intersection,3,80,Arterial Other,THOMPSONS,CASEY,-38.08249,145.27904,2020,12,December,17,Afternoon Peak,Weekday
T20200023394,2020-12-23,18:30:00,1,Collision with vehicle,3,Wednesday,148,VEHICLE OFF FOOTPATH STRIKES VEH ON CARRIAGEWAY,1,675136,T intersection,3,50,Local Road,BENWERRIN,WHITEHORSE,-37.851418,145.14117,2020,12,December,18,Afternoon Peak,Weekday
T20200023369,2020-12-23,16:06:00,1,Collision with vehicle,3,Wednesday,147,VEHICLE STRIKES ANOTHER VEH WHILE EMERGING FROM DRIVEWAY,1,671014,Not at intersection,3,60,Local Road,ORRONG,STONNINGTON,-37.835888,145.01482,2020,12,December,16,Afternoon Peak,Weekday