ACCIDENT_NO,ACCIDENT_DATE,ACCIDENT_TIME,ACCIDENT_TYPE,ACCIDENT_TYPE_DESC,DAY_OF_WEEK,DAY_WEEK_DESC,DCA_CODE,DCA_DESC,LIGHT_CONDITION,NODE_ID,ROAD_GEOMETRY_DESC,SEVERITY,SPEED_ZONE,RMA,ROAD_NAME,LGA_NAME,LATITUDE,LONGITUDE,YEAR,MONTH,MONTH_NAME,HOUR,TIME_PERIOD,DAY_TYPE
T20200023347,2020-12-23,07:50:00,1,Collision with vehicle,3,Wednesday,163,VEHICLE STRIKES DOOR OF PARKED/STATIONARY VEHICLE,1,672815,Not at intersection,3,40,Arterial Other,RYRIE,GEELONG,-38.150253,144.36308,2020,12,December,7,Morning Peak,Weekday
T20200023292,2020-12-23,00:30:00,1,Collision with vehicle,3,Wednesday,110,CROSS TRAFFIC(INTERSECTIONS ONLY),3,169,Cross intersection,2,70,Arterial Highway,HODDLE,YARRA,-37.804993,144.99213,2020,12,December,0,Late Night,Weekday
T20200023392,2020-12-23,14:30:00,5,collision with some other object,3,Wednesday,181,OFF RIGHT BEND INTO OBJECT/PARKED VEHICLE,1,674091,Not at intersection,3,100,Arterial Other,WOORI YALLOCK,CARDINIA,-37.907066,145.50308,2020,12,December,14,Midday,Weekday
T20200023408,2020-12-23,23:03:00,1,Collision with vehicle,3,Wednesday,130,REAR END(VEHICLES IN SAME LANE),3,671549,Not at intersection,3,60,Arterial Other,GAP,HUME,-37.58074,144.72488,2020,12,December,23,Night,Weekday
T20200023741,2020-12-23,17:26:00,1,Collision with vehicle,3,Wednesday,113,RIGHT NEAR (INTERSECTIONS ONLY),1,41882,T intersection,3,80,Arterial Other,FERNTREE GULLY,KNOX,-37.897915,145.24043,2020,12,December,17,Afternoon Peak,Weekday
T20200023365,2020-12-23,16:18:00,2,Struck Pedestrian,3,Wednesday,102,FAR SIDE. PED HIT BY VEHICLE FROM THE LEFT,1,40094,T intersection,2,60,Arterial Highway,PUNT,PORT PHILLIP,-37.85411,144.98337,2020,12,December,16,Afternoon Peak,Weekday
T20200023299,2020-12-23,01:30:00,1,Collision with vehicle,3,Wednesday,121,RIGHT THROUGH,3,304636,Cross intersection,2,60,Local Road,AITKEN,HUME,-37.616432,144.91342,2020,12,December,1,Late Night,Weekday
T20200023403,2020-12-23,14:38:00,1,Collision with vehicle,3,Wednesday,113,RIGHT NEAR (INTERSECTIONS ONLY),1,42390,T intersection,2,60,Arterial Other,CLAYTON,KINGSTON,-37.938026,145.11723,2020,12,December,14,Midday,Weekday
T20200023399,2020-12-23,19:20:00,6,Vehicle overturned (no collision),3,Wednesday,170,OFF CARRIAGEWAY TO LEFT,2,698756,Not at intersection,2,100,Local Road,BOURKE,MOIRA,-36.055183,145.7074,2020,12,December,19,Night,Weekday
T20200023387,2020-12-23,14:00:00,1,Collision with vehicle,3,Wednesday,130,REAR END(VEHICLES IN SAME LANE),1,671471,Not at intersection,3,80,Arterial Highway,BURWOOD,KNOX,-37.87055,145.23991,2020,12,December,14,Midday,Weekday
T20200023421,2020-12-23,16:52:00,1,Collision with vehicle,3,Wednesday,121,RIGHT THROUGH,1,304636,Cross intersection,3,60,Local Road,AITKEN,HUME,-37.616432,144.91342,2020,12,December,16,Afternoon Peak,Weekday
T20200023397,2020-12-23,16:24:00,8,No collision and no object struck,3,Wednesday,179,OTHER ACCIDENTS-OFF STRAIGHT NOT INCLUDED IN DCAs 170-175,1,671097,Not at intersection,3,50,Local Road,HAILES,BANYULE,-37.700665,145.10207,2020,12,December,16,Afternoon Peak,Weekday
T20200023448,2020-12-23,13:15:00,1,Collision with vehicle,3,Wednesday,148,VEHICLE OFF FOOTPATH STRIKES VEH ON CARRIAGEWAY,1,29540,Cross intersection,2,60,Arterial Other,EARL,BOROONDARA,-37.7953,145.03629,2020,12,December,13,Midday,Weekday
T20200023445,2020-12-23,14:30:00,1,Collision with vehicle,3,Wednesday,132,RIGHT REAR.,1,274895,T intersection,3,100,Arterial Other,COLAC-FORREST,COLAC OTWAY,-38.343052,143.62408,2020,12,December,14,Midday,Weekday
T20200023363,2020-12-23,12:03:00,1,Collision with vehicle,3,Wednesday,121,RIGHT THROUGH,1,675664,Cross intersection,2,50,Local Road,MAUD,GEELONG,-38.153744,144.35492,2020,12,December,12,Midday,Weekday
T20200023336,2020-12-23,08:45:00,1,Collision with vehicle,3,Wednesday,132,RIGHT REAR.,1,91485,Not at intersection,3,40,Arterial Other,TOORAK,STONNINGTON,-37.843853,145.03198,2020,12,December,8,Morning Peak,Weekday
T20200023335,2020-12-23,07:31:00,1,Collision with vehicle,3,Wednesday,121,RIGHT THROUGH,1,37447,Cross intersection,2,60,Arterial Other,CROCKFORD,PORT PHILLIP,-37.83453,144.9476,2020,12,December,7,Morning Peak,Weekday
T20200023326,2020-12-23,09:18:00,2,Struck Pedestrian,3,Wednesday,102,FAR SIDE. PED HIT BY VEHICLE FROM THE LEFT,1,671469,Cross intersection,2,60,Arterial Other,MICKLEHAM,HUME,-37.684494,144.88309,2020,12,December,9,Morning Peak,Weekday
T20210000218,2020-12-23,11:30:00,6,Vehicle overturned (no collision),3,Wednesday,174,OUT OF CONTROL ON CARRIAGEWAY (ON STRAIGHT),1,672461,Not at intersection,3,60,Arterial Other,WEST FYANS,GEELONG,-38.160137,144.34956,2020,12,December,11,Midday,Weekday
T20200023323,2020-12-23,09:45:00,1,Collision with vehicle,3,Wednesday,140,U TURN,1,671235,Not at intersection,3,60,Arterial Other,STATION,DAREBIN,-37.774517,145.01888,2020,12,December,9,Morning Peak,Weekday
T20200023322,2020-12-23,00:40:00,1,Collision with vehicle,3,Wednesday,120,HEAD ON (NOT OVERTAKING),5,670961,Not at intersection,1,100,Arterial Highway,WESTERN,HORSHAM,-36.825577,142.37337,2020,12,December,0,Late Night,Weekday
T20200023470,2020-12-23,15:30:00,1,Collision with vehicle,3,Wednesday,130,REAR END(VEHICLES IN SAME LANE),1,671426,Not at intersection,2,80,Arterial Other,NARRE WARREN,CASEY,-38.09276,145.29382,2020,12,December,15,Afternoon Peak,Weekday
T20200023412,2020-12-23,21:40:00,1,Collision with vehicle,3,Wednesday,160,VEHICLE COLLIDES WITH VEHICLE PARKED ON LEFT OF ROAD,3,779547,Not at intersection,3,50,Local Road,CORNWALL,BRIMBANK,-37.786915,144.84117,2020,12,December,21,Night,Weekday
T20200023312,2020-12-23,08:30:00,4,Collision with a fixed object,3,Wednesday,173,RIGHT OFF CARRIAGEWAY INTO OBJECT/PARKED VEHICLE,1,745971,Not at intersection,2,80,Local Road,HALL,FRANKSTON,-38.10423,145.21092,2020,12,December,8,Morning Peak,Weekday
T20200023391,2020-12-23,19:43:00,1,Collision with vehicle,3,Wednesday,110,CROSS TRAFFIC(INTERSECTIONS ONLY),2,73502,Cross intersection,2,50,Local Road,TARRANT,CORANGAMITE,-38.33092,143.07678,2020,12,December,19,Night,Weekday
T20200023511,2020-12-24,20:50:00,1,Collision with vehicle,4,Thursday,110,CROSS TRAFFIC(INTERSECTIONS ONLY),2,52709,Cross intersection,3,50,Arterial Other,VINCENT STREET -VINCENT,HEPBURN,-37.33947,144.14311,2020,12,December,20,Night,Weekday
T20200023416,2020-12-24,03:30:00,6,Vehicle overturned (no collision),4,Thursday,174,OUT OF CONTROL ON CARRIAGEWAY (ON STRAIGHT),5,671098,Not at intersection,3,100,Freeway,FRANKSTON,FRANKSTON,-38.101597,145.14136,2020,12,December,3,Late Night,Weekday
T20200023447,2020-12-24,10:40:00,4,Collision with a fixed object,4,Thursday,183,OFF LEFT BEND INTO OBJECT/PARKED VEHICLE,1,671550,Not at intersection,3,100,Arterial Other,KORUMBURRA-WARRAGUL,BAW BAW,-38.304623,145.89908,2020,12,December,10,Midday,Weekday
T20200023507,2020-12-24,18:47:00,4,Collision with a fixed object,4,Thursday,173,RIGHT OFF CARRIAGEWAY INTO OBJECT/PARKED VEHICLE,1,674084,Not at intersection,3,100,Arterial Highway,SOUTH GIPPSLAND,CARDINIA,-38.239006,145.52225,2020,12,December,18,Afternoon Peak,Weekday
T20200023505,2020-12-24,22:33:00,1,Collision with vehicle,4,Thursday,110,CROSS TRAFFIC(INTERSECTIONS ONLY),3,52472,Cross intersection,3,60,Local Road,ONTARIO,MILDURA,-34.182686,142.14565,2020,12,December,22,Night,Weekday
T20200023501,2020-12-24,13:15:00,1,Collision with vehicle,4,Thursday,132,RIGHT REAR.,1,21080,T intersection,1,100,Arterial Highway,PRINCES,LATROBE,-38.173904,146.65857,2020,12,December,13,Midday,Weekday
T20200023499,2020-12-24,21:30:00,1,Collision with vehicle,4,Thursday,110,CROSS TRAFFIC(INTERSECTIONS ONLY),5,61054,Cross intersection,3,60,Local Road,BIRDWOOD,BALLARAT,-37.597706,143.8315,2020,12,December,21,Night,Weekday
T20200023498,2020-12-24,21:00:00,2,Struck Pedestrian,4,Thursday,101,PED EMERGES FROM IN FRONT OF PARKED OR STATIONARY VEHICLE,3,671238,Not at intersection,2,50,Local Road,VICTORIA,WHITEHORSE,-37.814598,145.19064,2020,12,December,21,Night,Weekday
T20200023491,2020-12-24,19:30:00,5,collision with some other object,4,Thursday,166,STRUCK OBJECT ON CARRIAGEWAY,1,780871,Not at intersection,3,100,Freeway,PRINCES,GEELONG,-38.00043,144.49596,2020,12,December,19,Night,Weekday
T20200023494,2020-12-24,16:45:00,1,Collision with vehicle,4,Thursday,121,RIGHT THROUGH,1,673998,Not at intersection,3,50,Local Road,FLETCHER,YARRA RANGES,-37.7615,145.31172,2020,12,December,16,Afternoon Peak,Weekday
T20210002932,2020-12-24,07:30:00,4,Collision with a fixed object,4,Thursday,171,LEFT OFF CARRIAGEWAY INTO OBJECT/PARKED VEHICLE,1,675168,Cross intersection,3,80,Arterial Other,CRANBOURNE,CASEY,-38.02658,145.30681,2020,12,December,7,Morning Peak,Weekday
T20210000204,2020-12-24,14:40:00,1,Collision with vehicle,4,Thursday,140,U TURN,1,671945,Not at intersection,3,60,Local Road,STATION,KNOX,-37.843475,145.26886,2020,12,December,14,Midday,Weekday
T20200023462,2020-12-24,13:44:00,1,Collision with vehicle,4,Thursday,113,RIGHT NEAR (INTERSECTIONS ONLY),1,671308,T intersection,3,50,Local Road,KINGSMERE,CASEY,-38.057564,145.3592,2020,12,December,13,Midday,Weekday
T20210005261,2020-12-24,10:55:00,1,Collision with vehicle,4,Thursday,130,REAR END(VEHICLES IN SAME LANE),1,677843,Not at intersection,3,70,Arterial Highway,RAGLAN,WARRNAMBOOL,-38.358227,142.44302,2020,12,December,10,Midday,Weekday
T20210000342,2020-12-24,15:25:00,1,Collision with vehicle,4,Thursday,121,RIGHT THROUGH,1,324360,Not at intersection,3,60,Arterial Other,YORK,YARRA RANGES,-37.78656,145.38075,2020,12,December,15,Afternoon Peak,Weekday
T20200023476,2020-12-24,12:10:00,4,Collision with a fixed object,4,Thursday,173,RIGHT OFF CARRIAGEWAY INTO OBJECT/PARKED VEHICLE,1,671427,Not at intersection,2,60,Arterial Other,ST GEORGES,DAREBIN,-37.74165,144.99883,2020,12,December,12,Midday,Weekday
T20200023489,2020-12-24,18:50:00,4,Collision with a fixed object,4,Thursday,173,RIGHT OFF CARRIAGEWAY INTO OBJECT/PARKED VEHICLE,2,679538,Not at intersection,3,100,Arterial Highway,MIDLAND,SHEPPARTON,-36.408985,145.25893,2020,12,December,18,Afternoon Peak,Weekday
T20200023466,2020-12-24,15:20:00,1,Collision with vehicle,4,Thursday,110,CROSS TRAFFIC(INTERSECTIONS ONLY),1,52058,Cross intersection,3,60,Local Road,LANSDOWNE,WELLINGTON,-38.10488,147.0767,2020,12,December,15,Afternoon Peak,Weekday
T20200023468,2020-12-24,14:23:00,1,Collision with vehicle,4,Thursday,140,U TURN,1,35965,T intersection,3,60,Arterial Other,BRUNSWICK,MORELAND,-37.777836,144.9668,2020,12,December,14,Midday,Weekday
T20200023471,2020-12-24,10:24:00,1,Collision with vehicle,4,Thursday,120,HEAD ON (NOT OVERTAKING),1,671052,Not at intersection,1,100,Arterial Other,PORTLAND-NELSON,GLENELG,-38.19816,141.35907,2020,12,December,10,Midday,Weekday
T20200023420,2020-12-24,04:00:00,1,Collision with vehicle,4,Thursday,110,CROSS TRAFFIC(INTERSECTIONS ONLY),3,53014,Cross intersection,2,60,Arterial Other,BRIDGE,BALLARAT,-37.59902,143.84277,2020,12,December,4,Late Night,Weekday
T20200023411,2020-12-24,00:25:00,4,Collision with a fixed object,4,Thursday,175,OFF END OF ROAD/T-INTERSECTION.,5,671428,T intersection,2,80,Local Road,LARDNERS,BAW BAW,-38.15126,145.89198,2020,12,December,0,Late Night,Weekday
T20210000852,2020-12-24,16:00:00,1,Collision with vehicle,4,Thursday,134,LANE CHANGE RIGHT (NOT OVERTAKING),1,673052,T intersection,3,60,Arterial Highway,KINGS,PORT PHILLIP,-37.835217,144.9711,2020,12,December,16,Afternoon Peak,Weekday
T20200023724,2020-12-24,16:30:00,1,Collision with vehicle,4,Thursday,132,RIGHT REAR.,1,278656,Cross intersection,3,60,Arterial Other,EPPING,WHITTLESEA,-37.612022,145.03072,2020,12,December,16,Afternoon Peak,Weekday
T20210000687,2020-12-24,09:10:00,4,Collision with a fixed object,4,Thursday,171,LEFT OFF CARRIAGEWAY INTO OBJECT/PARKED VEHICLE,1,780873,Not at intersection,3,100,Arterial Highway,LODDON VALLEY,LODDON,-36.528343,144.05367,2020,12,December,9,Morning Peak,Weekday
T20210000220,2020-12-24,23:33:00,1,Collision with vehicle,4,Thursday,120,HEAD ON (NOT OVERTAKING),5,677137,Not at intersection,3,60,Local Road,WHITELAW,BALLARAT,-37.57949,143.81706,2020,12,December,23,Night,Weekday
T20200023474,2020-12-24,15:13:00,1,Collision with vehicle,4,Thursday,113,RIGHT NEAR (INTERSECTIONS ONLY),1,672138,T intersection,3,50,Local Road,MONT ALBERT,WHITEHORSE,-37.82172,145.10934,2020,12,December,15,Afternoon Peak,Weekday
T20200023483,2020-12-24,15:42:00,1,Collision with vehicle,4,Thursday,121,RIGHT THROUGH,1,355790,Not at intersection,3,60,Local Road,ROSAMOND,MARIBYRNONG,-37.774353,144.88586,2020,12,December,15,Afternoon Peak,Weekday
T20200023616,2020-12-24,15:15:00,6,Vehicle overturned (no collision),4,Thursday,174,OUT OF CONTROL ON CARRIAGEWAY (ON STRAIGHT),1,673932,Cross intersection,3,40,Arterial Other,KING,MELBOURNE,-37.81844,144.95667,2020,12,December,15,Afternoon Peak,Weekday
T20200023617,2020-12-24,17:40:00,1,Collision with vehicle,4,Thursday,110,CROSS TRAFFIC(INTERSECTIONS ONLY),1,53780,Cross intersection,3,100,Local Road,BOUNDARY,SHEPPARTON,-36.37767,145.49811,2020,12,December,17,Afternoon Peak,Weekday
T20200023415,2020-12-24,02:35:00,1,Collision with vehicle,4,Thursday,135,LANE CHANGE LEFT (NOT OVERTAKING),5,672460,Not at intersection,2,100,Arterial Highway,SOUTH GIPPSLAND,CASEY,-38.165833,145.32478,2020,12,December,2,Late Night,Weekday
T20200023418,2020-12-24,04:07:00,3,Struck animal,4,Thursday,167,STRUCK ANIMAL,3,30007,T intersection,2,80,Arterial Other,PORTARLINGTON,GEELONG,-38.16189,144.4047,2020,12,December,4,Late Night,Weekday
T20200023482,2020-12-24,18:40:00,1,Collision with vehicle,4,Thursday,121,RIGHT THROUGH,1,36221,Cross intersection,2,60,Arterial Other,ROYAL,MELBOURNE,-37.792553,144.95845,2020,12,December,18,Afternoon Peak,Weekday
T20210001912,2020-12-24,15:00:00,1,Collision with vehicle,4,Thursday,163,VEHICLE STRIKES DOOR OF PARKED/STATIONARY VEHICLE,1,36564,T intersection,3,40,Local Road,CONDELL,YARRA,-37.802807,144.98361,2020,12,December,15,Afternoon Peak,Weekday
T20200023434,2020-12-24,08:10:00,1,Collision with vehicle,4,Thursday,121,RIGHT THROUGH,1,42396,Cross intersection,2,60,Arterial Other,BOUNDARY,MORELAND,-37.718067,144.9517,2020,12,December,8,Morning Peak,Weekday
T20200023430,2020-12-24,09:05:00,1,Collision with vehicle,4,Thursday,114,TWO RIGHT TURNING (INTERSECTIONS ONLY),1,73266,T intersection,2,80,Local Road,FOREST,MORNINGTON PENINSULA,-38.2907,145.0163,2020,12,December,9,Morning Peak,Weekday
T20200023422,2020-12-24,06:15:00,1,Collision with vehicle,4,Thursday,160,VEHICLE COLLIDES WITH VEHICLE PARKED ON LEFT OF ROAD,2,674090,Not at intersection,3,70,Arterial Highway,NORTH,GLEN EIRA,-37.90198,145.02496,2020,12,December,6,Morning Peak,Weekday
T20200023442,2020-12-24,11:00:00,1,Collision with vehicle,4,Thursday,113,RIGHT NEAR (INTERSECTIONS ONLY),1,676358,T intersection,2,80,Arterial Highway,MOOROODUC,MORNINGTON PENINSULA,-38.20047,145.1278,2020,12,December,11,Midday,Weekday
T20210000262,2020-12-24,20:50:00,1,Collision with vehicle,4,Thursday,134,LANE CHANGE RIGHT (NOT OVERTAKING),3,682434,Not at intersection,3,40,Local Road,LONSDALE,MELBOURNE,-37.810028,144.97,2020,12,December,20,Night,Weekday
T20200023523,2020-12-24,10:48:00,1,Collision with vehicle,4,Thursday,142,LEAVING PARKING,1,671167,Not at intersection,3,50,Local Road,SURREY,STONNINGTON,-37.846283,144.99814,2020,12,December,10,Midday,Weekday
T20210002845,2020-12-24,08:00:00,1,Collision with vehicle,4,Thursday,132,RIGHT REAR.,1,42027,T intersection,3,60,Arterial Other,BEACH,BAYSIDE,-37.93921,144.99931,2020,12,December,8,Morning Peak,Weekday
T20200023513,2020-12-24,12:00:00,6,Vehicle overturned (no collision),4,Thursday,180,OFF CARRIAGEWAY ON RIGHT BEND,1,729502,Not at intersection,2,100,Arterial Other,BENAMBRA-CORRYONG,EAST GIPPSLAND,-36.81485,147.71033,2020,12,December,12,Midday,Weekday
T20210001785,2020-12-25,14:50:00,6,Vehicle overturned (no collision),5,Friday,184,OUT OF CONTROL ON CARRIAGEWAY (ON BEND),1,675094,Not at intersection,3,100,Local Road,CASSILIS,EAST GIPPSLAND,-37.166252,147.55682,2020,12,December,14,Midday,Weekday
T20200023520,2020-12-25,13:28:00,1,Collision with vehicle,5,Friday,120,HEAD ON (NOT OVERTAKING),1,672720,T intersection,3,60,Arterial Other,MONBULK,YARRA RANGES,-37.90614,145.35573,2020,12,December,13,Midday,Weekday
T20200023591,2020-12-25,16:55:00,4,Collision with a fixed object,5,Friday,171,LEFT OFF CARRIAGEWAY INTO OBJECT/PARKED VEHICLE,1,773401,Not at intersection,2,100,Freeway,PRINCES,WYNDHAM,-37.961697,144.57008,2020,12,December,16,Afternoon Peak,Weekday
T20200023515,2020-12-25,10:30:00,1,Collision with vehicle,5,Friday,121,RIGHT THROUGH,1,67275,Cross intersection,3,50,Local Road,GOOLD,EAST GIPPSLAND,-37.822975,147.613,2020,12,December,10,Midday,Weekday
T20210002242,2020-12-25,22:00:00,1,Collision with vehicle,5,Friday,154,PULLING OUT -REAR END,3,674394,Not at intersection,2,100,Freeway,FRANKSTON,FRANKSTON,-38.09211,145.15126,2020,12,December,22,Night,Weekday
T20210000282,2020-12-25,09:30:00,1,Collision with vehicle,5,Friday,110,CROSS TRAFFIC(INTERSECTIONS ONLY),1,73402,Cross intersection,3,50,Local Road,BEACH,SURF COAST,-38.326717,144.32367,2020,12,December,9,Morning Peak,Weekday
T20210009146,2020-12-25,19:15:00,4,Collision with a fixed object,5,Friday,181,OFF RIGHT BEND INTO OBJECT/PARKED VEHICLE,1,780875,Not at intersection,3,60,Local Road,SOUTH FACE,BAW BAW,-37.925453,146.32994,2020,12,December,19,Night,Weekday
T20200023573,2020-12-25,22:00:00,1,Collision with vehicle,5,Friday,121,RIGHT THROUGH,3,681805,Multiple intersection,2,60,Arterial Other,HEATHERTON,CASEY,-37.9727,145.23833,2020,12,December,22,Night,Weekday
T20200023544,2020-12-25,22:50:00,6,Vehicle overturned (no collision),5,Friday,174,OUT OF CONTROL ON CARRIAGEWAY (ON STRAIGHT),5,679430,Not at intersection,2,100,Arterial Other,BENDIGO-MURCHISON,SHEPPARTON,-36.61484,145.19601,2020,12,December,22,Night,Weekday
T20200023543,2020-12-25,22:49:00,4,Collision with a fixed object,5,Friday,173,RIGHT OFF CARRIAGEWAY INTO OBJECT/PARKED VEHICLE,3,249397,Not at intersection,2,60,Arterial Highway,ST KILDA,PORT PHILLIP,-37.86753,144.9866,2020,12,December,22,Night,Weekday
T20200023542,2020-12-25,20:50:00,1,Collision with vehicle,5,Friday,130,REAR END(VEHICLES IN SAME LANE),3,45236,Cross intersection,3,60,Arterial Other,GORDON,MARIBYRNONG,-37.784634,144.89075,2020,12,December,20,Night,Weekday
T20200023535,2020-12-25,14:50:00,8,No collision and no object struck,5,Friday,170,OFF CARRIAGEWAY TO LEFT,1,671168,Not at intersection,2,100,Arterial Other,BALLARAT-MARYBOROUGH,HEPBURN,-37.276794,143.74818,2020,12,December,14,Midday,Weekday
T20200023534,2020-12-25,22:13:00,1,Collision with vehicle,5,Friday,142,LEAVING PARKING,3,192088,Not at intersection,3,40,Local Road,ELIZABETH,MELBOURNE,-37.81206,144.96216,2020,12,December,22,Night,Weekday
T20200023532,2020-12-25,18:35:00,4,Collision with a fixed object,5,Friday,171,LEFT OFF CARRIAGEWAY INTO OBJECT/PARKED VEHICLE,1,687209,Not at intersection,2,80,Local Road,PARKER,YARRA RANGES,-37.823315,145.44629,2020,12,December,18,Afternoon Peak,Weekday
T20200023644,2020-12-26,18:00:00,1,Collision with vehicle,6,Saturday,147,VEHICLE STRIKES ANOTHER VEH WHILE EMERGING FROM DRIVEWAY,1,671703,Not at intersection,2,80,Local Road,MOUNTAIN GLEN,BAW BAW,-38.20321,146.187,2020,12,December,18,Afternoon Peak,Weekend
T20200023560,2020-12-26,12:50:00,1,Collision with vehicle,6,Saturday,130,REAR END(VEHICLES IN SAME LANE),1,671387,Not at intersection,3,60,Local Road,BANNONS,NILLUMBIK,-37.62746,145.1673,2020,12,December,12,Midday,Weekend
T20200023562,2020-12-26,12:18:00,1,Collision with vehicle,6,Saturday,120,HEAD ON (NOT OVERTAKING),1,680431,Not at intersection,3,60,Arterial Other,SOMERVILLE,MARIBYRNONG,-37.810165,144.8601,2020,12,December,12,Midday,Weekend
T20200023614,2020-12-26,16:30:00,4,Collision with a fixed object,6,Saturday,183,OFF LEFT BEND INTO OBJECT/PARKED VEHICLE,1,675918,Not at intersection,2,80,Arterial Other,COLAC-LAVERS HILL,COLAC OTWAY,-38.53859,143.52925,2020,12,December,16,Afternoon Peak,Weekend
T20200023586,2020-12-26,19:10:00,1,Collision with vehicle,6,Saturday,121,RIGHT THROUGH,1,674674,T intersection,3,50,Local Road,GARETH,WHITEHORSE,-37.85753,145.1475,2020,12,December,19,Night,Weekend
T20200023563,2020-12-26,12:54:00,1,Collision with vehicle,6,Saturday,121,RIGHT THROUGH,1,672721,Not at intersection,3,60,Arterial Highway,MARONG,BENDIGO,-36.757057,144.26097,2020,12,December,12,Midday,Weekend
T20200023564,2020-12-26,09:20:00,1,Collision with vehicle,6,Saturday,142,LEAVING PARKING,1,678011,Not at intersection,3,50,Local Road,WENDOUREE,BALLARAT,-37.54469,143.8245,2020,12,December,9,Morning Peak,Weekend
T20200023576,2020-12-26,18:23:00,1,Collision with vehicle,6,Saturday,121,RIGHT THROUGH,1,73188,Cross intersection,2,50,Arterial Other,HODGSON,GEELONG,-38.26875,144.52461,2020,12,December,18,Afternoon Peak,Weekend
T20200023599,2020-12-26,16:05:00,4,Collision with a fixed object,6,Saturday,181,OFF RIGHT BEND INTO OBJECT/PARKED VEHICLE,1,673726,Not at intersection,3,100,Arterial Highway,GREAT ALPINE,ALPINE,-36.679028,146.89091,2020,12,December,16,Afternoon Peak,Weekend
T20200023598,2020-12-26,09:41:00,1,Collision with vehicle,6,Saturday,113,RIGHT NEAR (INTERSECTIONS ONLY),1,35852,Multiple intersection,3,80,Arterial Highway,SOUTH GIPPSLAND,DANDENONG,-38.035515,145.24594,2020,12,December,9,Morning Peak,Weekend
T20210000195,2020-12-26,22:40:00,1,Collision with vehicle,6,Saturday,160,VEHICLE COLLIDES WITH VEHICLE PARKED ON LEFT OF ROAD,3,673839,T intersection,3,60,Local Road,JOSEPH,BALLARAT,-37.574,143.87802,2020,12,December,22,Night,Weekend
T20210000272,2020-12-26,12:50:00,1,Collision with vehicle,6,Saturday,130,REAR END(VEHICLES IN SAME LANE),1,357899,Cross intersection,3,80,Arterial Other,BERWICK-CRANBOURNE,CASEY,-38.111065,145.32858,2020,12,December,12,Midday,Weekend
T20200023579,2020-12-26,14:45:00,4,Collision with a fixed object,6,Saturday,173,RIGHT OFF CARRIAGEWAY INTO OBJECT/PARKED VEHICLE,1,773400,Not at intersection,3,100,Arterial Highway,MAROONDAH,MURRINDINDI,-37.052486,145.66785,2020,12,December,14,Midday,Weekend
T20210000933,2020-12-26,09:00:00,1,Collision with vehicle,6,Saturday,113,RIGHT NEAR (INTERSECTIONS ONLY),1,66419,T intersection,3,70,Arterial Other,CANTERBURY,MAROONDAH,-37.82708,145.25917,2020,12,December,9,Morning Peak,Weekend
T20200023571,2020-12-26,15:25:00,1,Collision with vehicle,6,Saturday,160,VEHICLE COLLIDES WITH VEHICLE PARKED ON LEFT OF ROAD,1,677825,Not at intersection,3,70,Arterial Other,MT DANDENONG,MAROONDAH,-37.811127,145.24283,2020,12,December,15,Afternoon Peak,Weekend
T20200023568,2020-12-26,17:00:00,1,Collision with vehicle,6,Saturday,116,LEFT NEAR (INTERSECTIONS ONLY),1,19402,Cross intersection,2,100,Arterial Other,BENDIGO-MURCHISON,BENDIGO,-36.591003,144.56372,2020,12,December,17,Afternoon Peak,Weekend
T20200023552,2020-12-26,10:35:00,1,Collision with vehicle,6,Saturday,110,CROSS TRAFFIC(INTERSECTIONS ONLY),1,49252,Cross intersection,2,60,Local Road,FOURTEENTH,MILDURA,-34.193935,142.14186,2020,12,December,10,Midday,Weekend
T20200023590,2020-12-26,20:00:00,1,Collision with vehicle,6,Saturday,133,LANE SIDE SWIPE (VEHICLES IN PARALLEL LANES),1,36828,T intersection,3,40,Arterial Other,SPENCER,MELBOURNE,-37.815136,144.95235,2020,12,December,20,Night,Weekend
T20200023597,2020-12-26,13:22:00,1,Collision with vehicle,6,Saturday,113,RIGHT NEAR (INTERSECTIONS ONLY),1,615,T intersection,3,60,Arterial Other,CANTERBURY,WHITEHORSE,-37.83188,145.14839,2020,12,December,13,Midday,Weekend
T20200023554,2020-12-26,09:25:00,6,Vehicle overturned (no collision),6,Saturday,174,OUT OF CONTROL ON CARRIAGEWAY (ON STRAIGHT),1,773270,Not at intersection,3,100,Arterial Highway,WESTERN,HINDMARSH,-36.358257,141.78104,2020,12,December,9,Morning Peak,Weekend
T20200023555,2020-12-26,11:40:00,4,Collision with a fixed object,6,Saturday,171,LEFT OFF CARRIAGEWAY INTO OBJECT/PARKED VEHICLE,1,671702,Not at intersection,2,100,Local Road,JEFFREYS,MITCHELL,-37.2204,145.00456,2020,12,December,11,Midday,Weekend
T20200023565,2020-12-26,09:50:00,1,Collision with vehicle,6,Saturday,160,VEHICLE COLLIDES WITH VEHICLE PARKED ON LEFT OF ROAD,1,674694,Not at intersection,2,50,Arterial Highway,PRINCES HIGHWAY SERVICE,DANDENONG,-37.941143,145.16504,2020,12,December,9,Morning Peak,Weekend