ACCIDENT_NO,ACCIDENT_DATE,ACCIDENT_TIME,ACCIDENT_TYPE,ACCIDENT_TYPE_DESC,DAY_OF_WEEK,DAY_WEEK_DESC,DCA_CODE,DCA_DESC,LIGHT_CONDITION,NODE_ID,ROAD_GEOMETRY_DESC,SEVERITY,SPEED_ZONE,RMA,ROAD_NAME,LGA_NAME,LATITUDE,LONGITUDE,YEAR,MONTH,MONTH_NAME,HOUR,TIME_PERIOD,DAY_TYPE
T20210000167,2020-12-26,12:30:00,8,No collision and no object struck,6,Saturday,184,OUT OF CONTROL ON CARRIAGEWAY (ON BEND),1,672061,Not at intersection,2,100,Arterial Other,MT BAW BAW TOURIST,BAW BAW,-37.84203,146.1558,2020,12,December,12,Midday,Weekend
T20200023593,2020-12-26,23:04:00,1,Collision with vehicle,6,Saturday,130,REAR END(VEHICLES IN SAME LANE),3,773402,Not at intersection,2,40,Local Road,BRUNSWICK,YARRA,-37.805653,144.97722,2020,12,December,23,Night,Weekend
T20200023588,2020-12-26,17:50:00,1,Collision with vehicle,6,Saturday,130,REAR END(VEHICLES IN SAME LANE),1,114078,Not at intersection,2,60,Arterial Other,MT ALEXANDER,MOONEE VALLEY,-37.7857,144.93889,2020,12,December,17,Afternoon Peak,Weekend
T20200023781,2020-12-26,11:10:00,1,Collision with vehicle,6,Saturday,134,LANE CHANGE RIGHT (NOT OVERTAKING),1,675450,Not at intersection,2,70,Arterial Other,CANTERBURY,WHITEHORSE,-37.836617,145.18723,2020,12,December,11,Midday,Weekend
T20200023557,2020-12-26,09:00:00,1,Collision with vehicle,6,Saturday,153,CUTTING IN (OVERTAKING),1,676544,Not at intersection,3,40,Arterial Other,MAIN,NILLUMBIK,-37.71216,145.14903,2020,12,December,9,Morning Peak,Weekend
T20200023633,2020-12-27,15:55:00,1,Collision with vehicle,7,Sunday,130,REAR END(VEHICLES IN SAME LANE),1,671310,Cross intersection,2,80,Arterial Highway,SURF COAST,SURF COAST,-38.307724,144.32025,2020,12,December,15,Afternoon Peak,Weekend
T20200023609,2020-12-27,10:55:00,1,Collision with vehicle,7,Sunday,140,U TURN,1,322083,T intersection,2,100,Arterial Highway,WIMMERA,LODDON,-36.621994,143.49075,2020,12,December,10,Midday,Weekend
T20200023606,2020-12-27,11:30:00,1,Collision with vehicle,7,Sunday,116,LEFT NEAR (INTERSECTIONS ONLY),1,851,Cross intersection,2,60,Arterial Other,SYDNEY,MORELAND,-37.72746,144.96368,2020,12,December,11,Midday,Weekend
T20210015594,2020-12-27,15:00:00,4,Collision with a fixed object,7,Sunday,173,RIGHT OFF CARRIAGEWAY INTO OBJECT/PARKED VEHICLE,1,688225,Not at intersection,3,50,Local Road,STATION,MORELAND,-37.706436,144.91756,2020,12,December,15,Afternoon Peak,Weekend
T20200023600,2020-12-27,05:00:00,6,Vehicle overturned (no collision),7,Sunday,170,OFF CARRIAGEWAY TO LEFT,5,697931,Not at intersection,2,100,Arterial Highway,HAMILTON,CORANGAMITE,-37.947323,143.25192,2020,12,December,5,Morning Peak,Weekend
T20200023626,2020-12-27,15:57:00,1,Collision with vehicle,7,Sunday,163,VEHICLE STRIKES DOOR OF PARKED/STATIONARY VEHICLE,1,258696,Not at intersection,2,40,Arterial Other,SYDNEY,MORELAND,-37.77557,144.9607,2020,12,December,15,Afternoon Peak,Weekend
T20200023603,2020-12-27,09:58:00,1,Collision with vehicle,7,Sunday,110,CROSS TRAFFIC(INTERSECTIONS ONLY),1,51838,Cross intersection,3,50,Arterial Other,HIGH,MACEDON RANGES,-37.253838,144.4619,2020,12,December,9,Morning Peak,Weekend
T20200023622,2020-12-27,12:54:00,1,Collision with vehicle,7,Sunday,148,VEHICLE OFF FOOTPATH STRIKES VEH ON CARRIAGEWAY,1,729510,T intersection,2,50,Local Road,BRODERICK,FRANKSTON,-38.10274,145.1702,2020,12,December,12,Midday,Weekend
T20200023621,2020-12-27,15:18:00,1,Collision with vehicle,7,Sunday,110,CROSS TRAFFIC(INTERSECTIONS ONLY),1,60125,Cross intersection,3,50,Local Road,MAIN,NORTHERN GRAMPIANS,-37.056564,142.78008,2020,12,December,15,Afternoon Peak,Weekend
T20200023620,2020-12-27,13:00:00,1,Collision with vehicle,7,Sunday,130,REAR END(VEHICLES IN SAME LANE),1,678249,Not at intersection,2,100,Freeway,MONASH,CASEY,-37.982628,145.24554,2020,12,December,13,Midday,Weekend
T20200023619,2020-12-27,13:50:00,1,Collision with vehicle,7,Sunday,147,VEHICLE STRIKES ANOTHER VEH WHILE EMERGING FROM DRIVEWAY,1,673724,Not at intersection,2,60,Arterial Other,MALVERN,STONNINGTON,-37.84922,145.01181,2020,12,December,13,Midday,Weekend
T20200023846,2020-12-27,13:00:00,4,Collision with a fixed object,7,Sunday,173,RIGHT OFF CARRIAGEWAY INTO OBJECT/PARKED VEHICLE,1,671854,Not at intersection,2,80,Arterial Highway,PHILLIP ISLAND,BASS COAST,-38.516945,145.31801,2020,12,December,13,Midday,Weekend
T20200023655,2020-12-27,23:53:00,4,Collision with a fixed object,7,Sunday,173,RIGHT OFF CARRIAGEWAY INTO OBJECT/PARKED VEHICLE,4,671473,Cross intersection,3,50,Arterial Highway,COMMERCIAL STREET E-COMMERCIAL,WEST WIMMERA,-36.37835,141.23715,2020,12,December,23,Night,Weekend
T20200023596,2020-12-27,00:20:00,1,Collision with vehicle,7,Sunday,110,CROSS TRAFFIC(INTERSECTIONS ONLY),3,52972,Cross intersection,2,60,Local Road,BARKLY,BALLARAT,-37.577927,143.85228,2020,12,December,0,Late Night,Weekend
T20200023650,2020-12-27,21:58:00,4,Collision with a fixed object,7,Sunday,181,OFF RIGHT BEND INTO OBJECT/PARKED VEHICLE,5,673721,Not at intersection,3,100,Arterial Other,RUTHERGLEN-WAHGUNYAH,INDIGO,-36.029854,146.41551,2020,12,December,21,Night,Weekend
T20200023730,2020-12-27,23:00:00,8,No collision and no object struck,7,Sunday,174,OUT OF CONTROL ON CARRIAGEWAY (ON STRAIGHT),6,392,T intersection,2,50,Arterial Other,HIGH,WHITTLESEA,-37.666252,145.01645,2020,12,December,23,Night,Weekend
T20200023640,2020-12-27,15:32:00,1,Collision with vehicle,7,Sunday,121,RIGHT THROUGH,1,38311,Cross intersection,3,60,Local Road,HIGH,MANNINGHAM,-37.76799,145.11852,2020,12,December,15,Afternoon Peak,Weekend
T20200023810,2020-12-27,10:25:00,1,Collision with vehicle,7,Sunday,110,CROSS TRAFFIC(INTERSECTIONS ONLY),1,40477,Cross intersection,3,50,Local Road,ALBION,BOROONDARA,-37.866325,145.06786,2020,12,December,10,Midday,Weekend
T20210009710,2020-12-27,04:16:00,5,collision with some other object,7,Sunday,166,STRUCK OBJECT ON CARRIAGEWAY,5,780878,Not at intersection,3,100,Arterial Highway,GREAT ALPINE,ALPINE,-36.716637,146.93192,2020,12,December,4,Late Night,Weekend
T20210001965,2020-12-27,13:50:00,1,Collision with vehicle,7,Sunday,163,VEHICLE STRIKES DOOR OF PARKED/STATIONARY VEHICLE,9,729558,Not at intersection,3,60,Local Road,TUCKER,GLEN EIRA,-37.916714,145.05154,2020,12,December,13,Midday,Weekend
T20200023643,2020-12-27,17:13:00,1,Collision with vehicle,7,Sunday,152,PULLING OUT (OVERTAKING),1,42594,T intersection,3,60,Arterial Other,JACKSONS,DANDENONG,-37.94183,145.19241,2020,12,December,17,Afternoon Peak,Weekend
T20200023645,2020-12-27,18:58:00,1,Collision with vehicle,7,Sunday,121,RIGHT THROUGH,2,32012,Cross intersection,3,60,Arterial Highway,BURWOOD,WHITEHORSE,-37.850708,145.11993,2020,12,December,18,Afternoon Peak,Weekend
T20200023662,2020-12-27,19:15:00,1,Collision with vehicle,7,Sunday,121,RIGHT THROUGH,3,678843,T intersection,3,80,Arterial Highway,GOULBURN VALLEY,MOIRA,-35.8169,145.55746,2020,12,December,19,Night,Weekend
T20200023638,2020-12-27,17:55:00,4,Collision with a fixed object,7,Sunday,181,OFF RIGHT BEND INTO OBJECT/PARKED VEHICLE,1,673989,Not at intersection,2,100,Arterial Other,ST ARNAUD-WYCHEPROOF,NORTHERN GRAMPIANS,-36.570892,143.23694,2020,12,December,17,Afternoon Peak,Weekend
T20200023635,2020-12-27,17:45:00,1,Collision with vehicle,7,Sunday,160,VEHICLE COLLIDES WITH VEHICLE PARKED ON LEFT OF ROAD,1,679292,Not at intersection,2,50,Local Road,PLUMMER,KINGSTON,-37.98183,145.05844,2020,12,December,17,Afternoon Peak,Weekend
T20210000032,2020-12-27,17:30:00,1,Collision with vehicle,7,Sunday,198,OTHER ACCIDENTS NOT CLASSIFIABLE ELSEWHERE,2,676545,T intersection,3,50,Local Road,SOCRATES,MELTON,-37.733517,144.66399,2020,12,December,17,Afternoon Peak,Weekend
T20200023819,2020-12-27,21:00:00,4,Collision with a fixed object,7,Sunday,171,LEFT OFF CARRIAGEWAY INTO OBJECT/PARKED VEHICLE,5,673723,Not at intersection,3,80,Arterial Other,OAKLANDS,HUME,-37.63234,144.83583,2020,12,December,21,Night,Weekend
T20210000686,2020-12-27,11:00:00,8,No collision and no object struck,7,Sunday,174,OUT OF CONTROL ON CARRIAGEWAY (ON STRAIGHT),1,676190,Not at intersection,2,50,Local Road,METUNG,EAST GIPPSLAND,-37.893635,147.85335,2020,12,December,11,Midday,Weekend
T20200023627,2020-12-27,16:19:00,1,Collision with vehicle,7,Sunday,130,REAR END(VEHICLES IN SAME LANE),1,729959,Not at intersection,2,50,Arterial Highway,POINT NEPEAN,MORNINGTON PENINSULA,-38.370865,144.83803,2020,12,December,16,Afternoon Peak,Weekend
T20210000898,2020-12-27,19:17:00,5,collision with some other object,7,Sunday,191,LOAD OR MISSILE STRUCK VEHICLE,2,55629,T intersection,3,70,Arterial Other,JORGENSEN,NILLUMBIK,-37.619762,145.1358,2020,12,December,19,Night,Weekend
T20210000999,2020-12-28,13:20:00,5,collision with some other object,1,Monday,191,LOAD OR MISSILE STRUCK VEHICLE,1,673492,Not at intersection,3,100,Freeway,WESTERN,MOORABOOL,-37.684986,144.47707,2020,12,December,13,Midday,Weekday
T20210000683,2020-12-28,08:00:00,1,Collision with vehicle,1,Monday,160,VEHICLE COLLIDES WITH VEHICLE PARKED ON LEFT OF ROAD,1,673049,Not at intersection,3,50,Local Road,CORNWALL,BRIMBANK,-37.78633,144.84126,2020,12,December,8,Morning Peak,Weekday
T20200023695,2020-12-28,17:00:00,1,Collision with vehicle,1,Monday,171,LEFT OFF CARRIAGEWAY INTO OBJECT/PARKED VEHICLE,1,686073,Not at intersection,2,50,Local Road,KALLIOOTA,BALLARAT,-37.552006,143.80466,2020,12,December,17,Afternoon Peak,Weekday
T20200023688,2020-12-28,15:22:00,1,Collision with vehicle,1,Monday,110,CROSS TRAFFIC(INTERSECTIONS ONLY),1,29981,Cross intersection,3,50,Arterial Highway,HIGH,BENDIGO,-36.760883,144.27547,2020,12,December,15,Afternoon Peak,Weekday
T20200023687,2020-12-28,16:06:00,1,Collision with vehicle,1,Monday,135,LANE CHANGE LEFT (NOT OVERTAKING),1,671475,Not at intersection,3,40,Arterial Other,VICTORIA,YARRA,-37.81023,144.99736,2020,12,December,16,Afternoon Peak,Weekday
T20200023696,2020-12-28,16:45:00,4,Collision with a fixed object,1,Monday,171,LEFT OFF CARRIAGEWAY INTO OBJECT/PARKED VEHICLE,1,672003,Not at intersection,2,100,Local Road,BUNG BONG-LONGS,CENTRAL GOLDFIELDS,-37.046913,143.61433,2020,12,December,16,Afternoon Peak,Weekday
T20200023712,2020-12-28,22:45:00,4,Collision with a fixed object,1,Monday,171,LEFT OFF CARRIAGEWAY INTO OBJECT/PARKED VEHICLE,3,680212,Not at intersection,2,80,Freeway,MONASH,MONASH,-37.908894,145.16055,2020,12,December,22,Night,Weekday
T20200023652,2020-12-28,02:00:00,2,Struck Pedestrian,1,Monday,103,PED PLAYING/LYING/WORKING/STANDING ON CARRIAGEWAY.,3,672722,Not at intersection,2,50,Local Road,CHELMSFORD,MELTON,-37.67959,144.56648,2020,12,December,2,Late Night,Weekday
T20200023659,2020-12-28,08:20:00,8,No collision and no object struck,1,Monday,174,OUT OF CONTROL ON CARRIAGEWAY (ON STRAIGHT),1,671552,Not at intersection,2,60,Arterial Other,ST GEORGES,YARRA,-37.785576,144.98189,2020,12,December,8,Morning Peak,Weekday
T20200023671,2020-12-28,10:20:00,6,Vehicle overturned (no collision),1,Monday,180,OFF CARRIAGEWAY ON RIGHT BEND,1,672229,Not at intersection,2,100,Local Road,GHIN GHIN,MURRINDINDI,-37.12489,145.37592,2020,12,December,10,Midday,Weekday
T20200023675,2020-12-28,12:43:00,2,Struck Pedestrian,1,Monday,102,FAR SIDE. PED HIT BY VEHICLE FROM THE LEFT,1,38885,Cross intersection,2,60,Arterial Other,DENMARK STREET -POWER,BOROONDARA,-37.81365,145.02788,2020,12,December,12,Midday,Weekday
T20200023678,2020-12-28,12:20:00,4,Collision with a fixed object,1,Monday,183,OFF LEFT BEND INTO OBJECT/PARKED VEHICLE,1,678483,Not at intersection,3,80,Arterial Other,MANSFIELD-WHITFIELD,MANSFIELD,-36.93287,146.2132,2020,12,December,12,Midday,Weekday
T20200023681,2020-12-28,14:00:00,1,Collision with vehicle,1,Monday,121,RIGHT THROUGH,1,672723,T intersection,2,60,Arterial Other,HIGH,MELTON,-37.683723,144.59486,2020,12,December,14,Midday,Weekday
T20200023719,2020-12-28,12:39:00,1,Collision with vehicle,1,Monday,110,CROSS TRAFFIC(INTERSECTIONS ONLY),1,671476,Cross intersection,2,80,Arterial Highway,HENTY,GLENELG,-38.323563,141.59799,2020,12,December,12,Midday,Weekday
T20200023697,2020-12-28,17:00:00,1,Collision with vehicle,1,Monday,121,RIGHT THROUGH,1,55215,T intersection,3,60,Local Road,DUNDAS,MORNINGTON PENINSULA,-38.384075,144.81671,2020,12,December,17,Afternoon Peak,Weekday
T20200023699,2020-12-28,13:00:00,6,Vehicle overturned (no collision),1,Monday,182,OFF CARRIAGEWAY ON LEFT BEND,1,54623,Not at intersection,2,60,Arterial Other,WOODS POINT,YARRA RANGES,-37.70616,145.82396,2020,12,December,13,Midday,Weekday
T20200023700,2020-12-28,16:15:00,1,Collision with vehicle,1,Monday,111,RIGHT FAR (INTERSECTIONS ONLY),1,677136,T intersection,2,50,Local Road,MERINO,WHITTLESEA,-37.592888,145.08267,2020,12,December,16,Afternoon Peak,Weekday
T20200023769,2020-12-28,23:50:00,8,No collision and no object struck,1,Monday,174,OUT OF CONTROL ON CARRIAGEWAY (ON STRAIGHT),3,672140,Multiple intersection,2,60,Local Road,MELBOURNE,MORNINGTON PENINSULA,-38.34013,144.73643,2020,12,December,23,Night,Weekday
T20200023780,2020-12-28,21:45:00,1,Collision with vehicle,1,Monday,130,REAR END(VEHICLES IN SAME LANE),5,692717,Not at intersection,2,100,Arterial Highway,BASS,BASS COAST,-38.393585,145.54,2020,12,December,21,Night,Weekday
T20210004904,2020-12-28,09:34:00,1,Collision with vehicle,1,Monday,134,LANE CHANGE RIGHT (NOT OVERTAKING),1,84642,Not at intersection,3,80,Arterial Highway,GEELONG,BRIMBANK,-37.818928,144.84135,2020,12,December,9,Morning Peak,Weekday
T20210000998,2020-12-28,13:20:00,1,Collision with vehicle,1,Monday,120,HEAD ON (NOT OVERTAKING),1,779838,Not at intersection,3,40,Local Road,NORTHCROFT,HUME,-37.57777,144.91008,2020,12,December,13,Midday,Weekday
T20200023682,2020-12-28,14:10:00,4,Collision with a fixed object,1,Monday,141,U TURN INTO FIXED OBJECT/PARKED VEHICLE,1,671389,Not at intersection,2,50,Local Road,MAWSON,CASEY,-38.081093,145.27003,2020,12,December,14,Midday,Weekday
T20210000924,2020-12-28,11:47:00,1,Collision with vehicle,1,Monday,163,VEHICLE STRIKES DOOR OF PARKED/STATIONARY VEHICLE,1,676293,T intersection,3,40,Local Road,CHAPEL,STONNINGTON,-37.845604,144.99438,2020,12,December,11,Midday,Weekday
T20200023704,2020-12-28,18:14:00,1,Collision with vehicle,1,Monday,121,RIGHT THROUGH,1,240343,Multiple intersection,3,60,Arterial Highway,MONTAGUE,MELBOURNE,-37.82523,144.94835,2020,12,December,18,Afternoon Peak,Weekday
T20200023707,2020-12-28,17:15:00,1,Collision with vehicle,1,Monday,140,U TURN,1,676033,Not at intersection,2,40,Local Road,BANGS,STONNINGTON,-37.85137,144.99663,2020,12,December,17,Afternoon Peak,Weekday
T20200023689,2020-12-28,13:50:00,6,Vehicle overturned (no collision),1,Monday,174,OUT OF CONTROL ON CARRIAGEWAY (ON STRAIGHT),1,671390,T intersection,3,60,Arterial Other,SPRING,DAREBIN,-37.732292,145.00021,2020,12,December,13,Midday,Weekday
T20200023691,2020-12-28,14:20:00,1,Collision with vehicle,1,Monday,150,HEAD ON(OVERTAKING),1,675919,T intersection,2,70,Arterial Other,BALLARTO,FRANKSTON,-38.118286,145.203,2020,12,December,14,Midday,Weekday
T20200023709,2020-12-28,19:20:00,1,Collision with vehicle,1,Monday,120,HEAD ON (NOT OVERTAKING),2,729960,Not at intersection,3,50,Local Road,CHALEYER,DAREBIN,-37.727566,145.02213,2020,12,December,19,Night,Weekday
T20210000300,2020-12-29,15:30:00,2,Struck Pedestrian,2,Tuesday,102,FAR SIDE. PED HIT BY VEHICLE FROM THE LEFT,1,672065,Not at intersection,3,50,Local Road,JOHNSON,BRIMBANK,-37.76947,144.84096,2020,12,December,15,Afternoon Peak,Weekday
T20200023763,2020-12-29,17:55:00,4,Collision with a fixed object,2,Tuesday,181,OFF RIGHT BEND INTO OBJECT/PARKED VEHICLE,1,780883,Not at intersection,3,80,Arterial Other,CURR,CAMPASPE,-36.399525,144.98213,2020,12,December,17,Afternoon Peak,Weekday
T20210000144,2020-12-29,15:25:00,1,Collision with vehicle,2,Tuesday,132,RIGHT REAR.,1,37460,Cross intersection,3,60,Arterial Other,MONTAGUE,PORT PHILLIP,-37.830982,144.95038,2020,12,December,15,Afternoon Peak,Weekday
T20210000155,2020-12-29,11:00:00,1,Collision with vehicle,2,Tuesday,130,REAR END(VEHICLES IN SAME LANE),1,671944,Not at intersection,2,60,Arterial Highway,ROSANNA,BANYULE,-37.747772,145.07123,2020,12,December,11,Midday,Weekday
T20200023774,2020-12-29,23:21:00,1,Collision with vehicle,2,Tuesday,114,TWO RIGHT TURNING (INTERSECTIONS ONLY),5,585334,Cross intersection,3,80,Local Road,GOLF COURSE,BENDIGO,-36.71388,144.31999,2020,12,December,23,Night,Weekday
T20210000092,2020-12-29,10:23:00,2,Struck Pedestrian,2,Tuesday,103,PED PLAYING/LYING/WORKING/STANDING ON CARRIAGEWAY.,9,126063,Not at intersection,3,40,Local Road,LONSDALE,MELBOURNE,-37.811623,144.96452,2020,12,December,10,Midday,Weekday
T20200023740,2020-12-29,11:27:00,4,Collision with a fixed object,2,Tuesday,183,OFF LEFT BEND INTO OBJECT/PARKED VEHICLE,1,729513,Not at intersection,3,100,Local Road,FERNBANK-GLENALADALE,EAST GIPPSLAND,-37.89884,147.3235,2020,12,December,11,Midday,Weekday
T20200023716,2020-12-29,03:30:00,1,Collision with vehicle,2,Tuesday,120,HEAD ON (NOT OVERTAKING),3,697171,Not at intersection,3,60,Arterial Other,BALLAN,WYNDHAM,-37.88401,144.62372,2020,12,December,3,Late Night,Weekday
T20200023794,2020-12-29,21:21:00,4,Collision with a fixed object,2,Tuesday,173,RIGHT OFF CARRIAGEWAY INTO OBJECT/PARKED VEHICLE,5,671853,Not at intersection,3,100,Local Road,CARNGHAM-STREATHAM,PYRENEES,-37.674377,143.12393,2020,12,December,21,Night,Weekday
T20200023726,2020-12-29,08:52:00,1,Collision with vehicle,2,Tuesday,110,CROSS TRAFFIC(INTERSECTIONS ONLY),1,35836,Cross intersection,2,80,Arterial Highway,SEVENTEENTH,MILDURA,-34.21573,142.10559,2020,12,December,8,Morning Peak,Weekday
T20200023824,2020-12-29,16:00:00,1,Collision with vehicle,2,Tuesday,121,RIGHT THROUGH,9,43194,T intersection,2,60,Arterial Highway,NEPEAN,KINGSTON,-38.025936,145.10106,2020,12,December,16,Afternoon Peak,Weekday
T20200023759,2020-12-29,15:45:00,6,Vehicle overturned (no collision),2,Tuesday,174,OUT OF CONTROL ON CARRIAGEWAY (ON STRAIGHT),1,672322,Not at intersection,2,70,Arterial Highway,MELBOURNE,GEELONG,-38.131557,144.35101,2020,12,December,15,Afternoon Peak,Weekday
T20200023777,2020-12-29,22:30:00,2,Struck Pedestrian,2,Tuesday,102,FAR SIDE. PED HIT BY VEHICLE FROM THE LEFT,3,672541,Not at intersection,3,40,Local Road,GRAND,HUME,-37.57531,144.92012,2020,12,December,22,Night,Weekday
T20200023761,2020-12-29,16:30:00,1,Collision with vehicle,2,Tuesday,130,REAR END(VEHICLES IN SAME LANE),1,675017,Not at intersection,3,80,Arterial Highway,DANDENONG,DANDENONG,-38.00322,145.20837,2020,12,December,16,Afternoon Peak,Weekday
T20210003916,2020-12-29,16:50:00,4,Collision with a fixed object,2,Tuesday,173,RIGHT OFF CARRIAGEWAY INTO OBJECT/PARKED VEHICLE,1,676246,Not at intersection,3,60,Local Road,LITHGOW,MITCHELL,-37.472347,144.96323,2020,12,December,16,Afternoon Peak,Weekday
T20200023749,2020-12-29,13:50:00,1,Collision with vehicle,2,Tuesday,121,RIGHT THROUGH,1,304309,T intersection,3,60,Arterial Other,CHILDS,WHITTLESEA,-37.662403,145.04738,2020,12,December,13,Midday,Weekday
T20210000872,2020-12-29,13:15:00,1,Collision with vehicle,2,Tuesday,121,RIGHT THROUGH,1,695963,Not at intersection,3,50,Local Road,VICTOR,CASEY,-38.025574,145.31293,2020,12,December,13,Midday,Weekday
T20200023766,2020-12-29,14:15:00,1,Collision with vehicle,2,Tuesday,110,CROSS TRAFFIC(INTERSECTIONS ONLY),1,43917,Cross intersection,3,60,Arterial Other,CLYDE-FIVE WAYS,CASEY,-38.1335,145.32426,2020,12,December,14,Midday,Weekday
T20200023715,2020-12-29,03:00:00,4,Collision with a fixed object,2,Tuesday,173,RIGHT OFF CARRIAGEWAY INTO OBJECT/PARKED VEHICLE,5,673488,Not at intersection,3,100,Arterial Other,BENALLA-YARRAWONGA,BENALLA,-36.499184,146.02109,2020,12,December,3,Late Night,Weekday
T20210015902,2020-12-29,11:00:00,1,Collision with vehicle,2,Tuesday,145,REVERSING IN STREAM OF TRAFFIC,1,688432,Not at intersection,3,60,Local Road,ALBION,MORELAND,-37.762074,144.97368,2020,12,December,11,Midday,Weekday
T20200023770,2020-12-29,16:20:00,2,Struck Pedestrian,2,Tuesday,100,PED NEAR SIDE. PED HIT BY VEHICLE FROM THE RIGHT.,1,673484,Not at intersection,3,60,Local Road,BUNGOWER,MORNINGTON PENINSULA,-38.221413,145.05995,2020,12,December,16,Afternoon Peak,Weekday
T20200023765,2020-12-29,19:25:00,1,Collision with vehicle,2,Tuesday,110,CROSS TRAFFIC(INTERSECTIONS ONLY),1,588964,Cross intersection,3,80,Arterial Other,STUD,KNOX,-37.8529,145.24368,2020,12,December,19,Night,Weekday
T20200023747,2020-12-29,10:51:00,1,Collision with vehicle,2,Tuesday,130,REAR END(VEHICLES IN SAME LANE),1,684642,Not at intersection,2,80,Freeway,WEST GATE,MELBOURNE,-37.826546,144.94841,2020,12,December,10,Midday,Weekday
T20200023799,2020-12-30,13:40:00,1,Collision with vehicle,3,Wednesday,113,RIGHT NEAR (INTERSECTIONS ONLY),1,42031,T intersection,3,40,Arterial Other,HAMPTON,BAYSIDE,-37.94071,145.0019,2020,12,December,13,Midday,Weekday
T20200023882,2020-12-30,12:00:00,8,No collision and no object struck,3,Wednesday,170,OFF CARRIAGEWAY TO LEFT,1,703549,Not at intersection,3,100,Local Road,BONNIE DOON,STRATHBOGIE,-36.781773,145.79549,2020,12,December,12,Midday,Weekday
T20200023791,2020-12-30,12:30:00,1,Collision with vehicle,3,Wednesday,130,REAR END(VEHICLES IN SAME LANE),1,671781,Not at intersection,3,40,Arterial Other,UPPER HEIDELBERG,BANYULE,-37.766655,145.04506,2020,12,December,12,Midday,Weekday
T20200023813,2020-12-30,12:40:00,1,Collision with vehicle,3,Wednesday,120,HEAD ON (NOT OVERTAKING),1,671704,Not at intersection,2,80,Arterial Highway,PHILLIP ISLAND,BASS COAST,-38.50019,145.2763,2020,12,December,12,Midday,Weekday
T20200023833,2020-12-30,19:00:00,4,Collision with a fixed object,3,Wednesday,173,RIGHT OFF CARRIAGEWAY INTO OBJECT/PARKED VEHICLE,1,677401,Not at intersection,2,100,Arterial Other,BALLARAT-CARNGHAM,BALLARAT,-37.559746,143.7235,2020,12,December,19,Night,Weekday
T20200023838,2020-12-30,20:35:00,4,Collision with a fixed object,3,Wednesday,181,OFF RIGHT BEND INTO OBJECT/PARKED VEHICLE,5,672726,Not at intersection,3,100,Local Road,DUNNETTS,WHITTLESEA,-37.54894,145.12294,2020,12,December,20,Night,Weekday
T20200023828,2020-12-30,19:00:00,6,Vehicle overturned (no collision),3,Wednesday,174,OUT OF CONTROL ON CARRIAGEWAY (ON STRAIGHT),2,671629,Not at intersection,2,50,Local Road,RHONDA,MOONEE VALLEY,-37.772842,144.8551,2020,12,December,19,Night,Weekday
T20210000658,2020-12-30,12:08:00,1,Collision with vehicle,3,Wednesday,130,REAR END(VEHICLES IN SAME LANE),1,685239,Cross intersection,3,80,Arterial Other,MICKLEHAM,HUME,-37.63511,144.88135,2020,12,December,12,Midday,Weekday
T20200023812,2020-12-30,13:35:00,1,Collision with vehicle,3,Wednesday,120,HEAD ON (NOT OVERTAKING),1,679830,Not at intersection,3,70,Arterial Other,HOPKINS,MELTON,-37.752136,144.70392,2020,12,December,13,Midday,Weekday
T20210002001,2020-12-30,22:15:00,7,Fall from or in moving vehicle,3,Wednesday,190,FELL IN/FROM VEHICLE,3,674339,Not at intersection,3,60,Arterial Other,MAIN,BRIMBANK,-37.747334,144.82585,2020,12,December,22,Night,Weekday
T20200023789,2020-12-30,11:30:00,4,Collision with a fixed object,3,Wednesday,146,REVERSING INTO FIXED OBJECT/PARKED VEHICLE,1,112627,Not at intersection,3,40,Local Road,PUCKLE,MOONEE VALLEY,-37.766804,144.92175,2020,12,December,11,Midday,Weekday
T20200023809,2020-12-30,13:00:00,1,Collision with vehicle,3,Wednesday,110,CROSS TRAFFIC(INTERSECTIONS ONLY),1,63938,Cross intersection,3,40,Local Road,CHRISTMAS,DAREBIN,-37.767773,145.02304,2020,12,December,13,Midday,Weekday
T20210000286,2020-12-30,19:15:00,1,Collision with vehicle,3,Wednesday,130,REAR END(VEHICLES IN SAME LANE),1,729523,Cross intersection,3,60,Local Road,GILBERT,DAREBIN,-37.718346,144.99341,2020,12,December,19,Night,Weekday
T20200023782,2020-12-30,07:43:00,1,Collision with vehicle,3,Wednesday,111,RIGHT FAR (INTERSECTIONS ONLY),1,40203,Cross intersection,2,60,Local Road,INKERMAN,PORT PHILLIP,-37.867596,145.00917,2020,12,December,7,Morning Peak,Weekday
T20210000431,2020-12-30,18:00:00,1,Collision with vehicle,3,Wednesday,130,REAR END(VEHICLES IN SAME LANE),2,672395,T intersection,3,80,Arterial Other,CLYDE,CASEY,-38.050655,145.34001,2020,12,December,18,Afternoon Peak,Weekday