ACCIDENT_NO,ACCIDENT_DATE,ACCIDENT_TIME,ACCIDENT_TYPE,ACCIDENT_TYPE_DESC,DAY_OF_WEEK,DAY_WEEK_DESC,DCA_CODE,DCA_DESC,LIGHT_CONDITION,NODE_ID,ROAD_GEOMETRY_DESC,SEVERITY,SPEED_ZONE,RMA,ROAD_NAME,LGA_NAME,LATITUDE,LONGITUDE,YEAR,MONTH,MONTH_NAME,HOUR,TIME_PERIOD,DAY_TYPE
T20200023825,2020-12-30,18:50:00,1,Collision with vehicle,3,Wednesday,163,VEHICLE STRIKES DOOR OF PARKED/STATIONARY VEHICLE,1,779835,Not at intersection,3,40,Arterial Other,MALVERN,STONNINGTON,-37.84802,145.00258,2020,12,December,18,Afternoon Peak,Weekday
T20200023784,2020-12-30,07:35:00,1,Collision with vehicle,3,Wednesday,110,CROSS TRAFFIC(INTERSECTIONS ONLY),1,29581,Cross intersection,3,60,Arterial Other,MAIDSTONE,HOBSONS BAY,-37.873734,144.81395,2020,12,December,7,Morning Peak,Weekday
T20200023814,2020-12-30,15:15:00,1,Collision with vehicle,3,Wednesday,113,RIGHT NEAR (INTERSECTIONS ONLY),1,260604,T intersection,2,60,Arterial Highway,GEELONG,SURF COAST,-38.333008,144.31644,2020,12,December,15,Afternoon Peak,Weekday
T20200023815,2020-12-30,14:20:00,1,Collision with vehicle,3,Wednesday,113,RIGHT NEAR (INTERSECTIONS ONLY),1,596,T intersection,2,70,Arterial Highway,DANDENONG,GLEN EIRA,-37.8713,145.03552,2020,12,December,14,Midday,Weekday
T20200023790,2020-12-30,11:40:00,1,Collision with vehicle,3,Wednesday,120,HEAD ON (NOT OVERTAKING),1,672141,Not at intersection,2,80,Local Road,MACINTYRE,YARRA RANGES,-37.699474,145.3704,2020,12,December,11,Midday,Weekday
T20200023885,2020-12-30,15:30:00,4,Collision with a fixed object,3,Wednesday,181,OFF RIGHT BEND INTO OBJECT/PARKED VEHICLE,1,672727,Not at intersection,2,80,Arterial Highway,NEPEAN,MORNINGTON PENINSULA,-38.23678,145.03589,2020,12,December,15,Afternoon Peak,Weekday
T20210004580,2020-12-30,10:50:00,1,Collision with vehicle,3,Wednesday,140,U TURN,1,680019,Not at intersection,2,60,Arterial Other,CHANDLER,DANDENONG,-37.990467,145.18265,2020,12,December,10,Midday,Weekday
T20200023797,2020-12-30,11:58:00,4,Collision with a fixed object,3,Wednesday,183,OFF LEFT BEND INTO OBJECT/PARKED VEHICLE,1,676034,Not at intersection,3,100,Local Road,OLD WARBURTON,YARRA RANGES,-37.77255,145.6579,2020,12,December,11,Midday,Weekday
T20210001206,2020-12-30,08:00:00,1,Collision with vehicle,3,Wednesday,113,RIGHT NEAR (INTERSECTIONS ONLY),1,35386,T intersection,2,80,Arterial Highway,PRINCES,CASEY,-38.02709,145.31268,2020,12,December,8,Morning Peak,Weekday
T20200023804,2020-12-30,14:25:00,1,Collision with vehicle,3,Wednesday,132,RIGHT REAR.,1,663873,T intersection,3,60,Arterial Other,BORONIA,KNOX,-37.86304,145.29329,2020,12,December,14,Midday,Weekday
T20200023817,2020-12-30,13:41:00,4,Collision with a fixed object,3,Wednesday,175,OFF END OF ROAD/T-INTERSECTION.,1,681138,T intersection,2,50,Local Road,HICKOX,LATROBE,-38.214035,146.53075,2020,12,December,13,Midday,Weekday
T20200023851,2020-12-30,19:45:00,4,Collision with a fixed object,3,Wednesday,181,OFF RIGHT BEND INTO OBJECT/PARKED VEHICLE,2,674374,Not at intersection,3,100,Local Road,BOOLARRA-MIRBOO NORTH,SOUTH GIPPSLAND,-38.40985,146.20909,2020,12,December,19,Night,Weekday
T20210000641,2020-12-31,12:30:00,9,Other accident,4,Thursday,189,OTHER ACCIDENTS ON CURVE NOT INCLUDED IN DCAs 180-184,1,676036,Not at intersection,3,50,Local Road,FISHER CREEK,MURRINDINDI,-37.579254,145.687,2020,12,December,12,Midday,Weekday
T20200023897,2020-12-31,16:13:00,1,Collision with vehicle,4,Thursday,110,CROSS TRAFFIC(INTERSECTIONS ONLY),1,244234,Cross intersection,2,80,Arterial Highway,CALDER,BENDIGO,-36.742226,144.20416,2020,12,December,16,Afternoon Peak,Weekday
T20210003218,2020-12-31,18:50:00,1,Collision with vehicle,4,Thursday,130,REAR END(VEHICLES IN SAME LANE),1,675464,Not at intersection,3,50,Local Road,SANCTUARY LAKES SOUTH,WYNDHAM,-37.90098,144.76181,2020,12,December,18,Afternoon Peak,Weekday
T20200023875,2020-12-31,13:00:00,4,Collision with a fixed object,4,Thursday,173,RIGHT OFF CARRIAGEWAY INTO OBJECT/PARKED VEHICLE,1,675137,Not at intersection,3,100,Local Road,SCHOOL,TOWONG,-36.177956,147.8873,2020,12,December,13,Midday,Weekday
T20200023852,2020-12-31,07:52:00,1,Collision with vehicle,4,Thursday,110,CROSS TRAFFIC(INTERSECTIONS ONLY),1,51127,Cross intersection,2,80,Local Road,ORRVALE,SHEPPARTON,-36.399002,145.4467,2020,12,December,7,Morning Peak,Weekday
T20200023863,2020-12-31,11:00:00,4,Collision with a fixed object,4,Thursday,171,LEFT OFF CARRIAGEWAY INTO OBJECT/PARKED VEHICLE,1,681009,Not at intersection,3,100,Local Road,U T CREEK,MURRINDINDI,-37.195053,145.73431,2020,12,December,11,Midday,Weekday
T20200023870,2020-12-31,04:07:00,1,Collision with vehicle,4,Thursday,148,VEHICLE OFF FOOTPATH STRIKES VEH ON CARRIAGEWAY,9,672230,Not at intersection,3,50,Local Road,CARRINGTON,WHITEHORSE,-37.81968,145.11647,2020,12,December,4,Late Night,Weekday
T20210000041,2020-12-31,22:07:00,1,Collision with vehicle,4,Thursday,130,REAR END(VEHICLES IN SAME LANE),3,40520,T intersection,3,60,Arterial Highway,TOORAK,BOROONDARA,-37.84883,145.08199,2020,12,December,22,Night,Weekday
T20210000046,2020-12-31,13:30:00,1,Collision with vehicle,4,Thursday,116,LEFT NEAR (INTERSECTIONS ONLY),1,1124,T intersection,3,60,Arterial Highway,POINT NEPEAN,MORNINGTON PENINSULA,-38.366154,144.86612,2020,12,December,13,Midday,Weekday
T20200023898,2020-12-31,19:00:00,1,Collision with vehicle,4,Thursday,130,REAR END(VEHICLES IN SAME LANE),1,672231,Not at intersection,2,100,Arterial Other,BENALLA-YARRAWONGA,BENALLA,-36.44894,145.98885,2020,12,December,19,Night,Weekday
T20200023876,2020-12-31,14:30:00,6,Vehicle overturned (no collision),4,Thursday,174,OUT OF CONTROL ON CARRIAGEWAY (ON STRAIGHT),1,672142,Not at intersection,2,100,Local Road,RIVER,CAMPASPE,-35.970863,144.5008,2020,12,December,14,Midday,Weekday
T20210000049,2020-12-31,16:00:00,1,Collision with vehicle,4,Thursday,152,PULLING OUT (OVERTAKING),1,674200,Not at intersection,3,50,Local Road,MADELEINE,MONASH,-37.920013,145.11932,2020,12,December,16,Afternoon Peak,Weekday
T20210000219,2020-12-31,02:00:00,4,Collision with a fixed object,4,Thursday,171,LEFT OFF CARRIAGEWAY INTO OBJECT/PARKED VEHICLE,3,729953,Not at intersection,2,60,Arterial Other,NARRE WARREN ROAD -NARRE WARREN-CRANBOURNE,CASEY,-38.10572,145.29132,2020,12,December,2,Late Night,Weekday
T20210001620,2020-12-31,16:00:00,9,Other accident,4,Thursday,198,OTHER ACCIDENTS NOT CLASSIFIABLE ELSEWHERE,1,680077,Not at intersection,2,60,Arterial Other,VICTORIA,MELBOURNE,-37.80657,144.96207,2020,12,December,16,Afternoon Peak,Weekday
T20200023883,2020-12-31,14:35:00,1,Collision with vehicle,4,Thursday,130,REAR END(VEHICLES IN SAME LANE),1,703,T intersection,3,60,Arterial Highway,WARRIGAL,MONASH,-37.881245,145.09059,2020,12,December,14,Midday,Weekday
T20200023840,2020-12-31,01:10:00,1,Collision with vehicle,4,Thursday,130,REAR END(VEHICLES IN SAME LANE),3,36264,Cross intersection,3,40,Arterial Other,VICTORIA,MELBOURNE,-37.806656,144.96289,2020,12,December,1,Late Night,Weekday
T20200023878,2020-12-31,14:45:00,1,Collision with vehicle,4,Thursday,110,CROSS TRAFFIC(INTERSECTIONS ONLY),1,50793,Cross intersection,3,60,Arterial Other,MOOKARII,MOIRA,-35.91709,145.65985,2020,12,December,14,Midday,Weekday
T20210000002,2020-12-31,03:51:00,1,Collision with vehicle,4,Thursday,130,REAR END(VEHICLES IN SAME LANE),3,681401,Not at intersection,3,50,Arterial Other,CARLISLE,PORT PHILLIP,-37.86764,144.98479,2020,12,December,3,Late Night,Weekday
T20200023857,2020-12-31,05:45:00,6,Vehicle overturned (no collision),4,Thursday,180,OFF CARRIAGEWAY ON RIGHT BEND,5,784617,Not at intersection,2,100,Local Road,BORUNG-HURSTWOOD,LODDON,-36.294365,143.777,2020,12,December,5,Morning Peak,Weekday
T20210000410,2020-12-31,11:20:00,1,Collision with vehicle,4,Thursday,130,REAR END(VEHICLES IN SAME LANE),1,679831,Multiple intersection,3,80,Freeway,METROPOLITAN RING,NILLUMBIK,-37.693806,145.09323,2020,12,December,11,Midday,Weekday
T20210000236,2020-12-31,15:30:00,1,Collision with vehicle,4,Thursday,136,RIGHT TURN SIDESWIPE,1,61112,Cross intersection,3,60,Arterial Other,EPPING,WHITTLESEA,-37.62839,145.02788,2020,12,December,15,Afternoon Peak,Weekday
T20210002967,2020-12-31,20:00:00,1,Collision with vehicle,4,Thursday,110,CROSS TRAFFIC(INTERSECTIONS ONLY),1,38570,Cross intersection,3,60,Local Road,CHURCHILL,MARIBYRNONG,-37.786896,144.85062,2020,12,December,20,Night,Weekday
T20210000003,2020-12-31,22:18:00,6,Vehicle overturned (no collision),4,Thursday,170,OFF CARRIAGEWAY TO LEFT,5,684085,Not at intersection,3,100,Local Road,ST ARNAUD-DUNOLLY,CENTRAL GOLDFIELDS,-36.79516,143.64665,2020,12,December,22,Night,Weekday
T20200023842,2020-12-31,03:20:00,6,Vehicle overturned (no collision),4,Thursday,182,OFF CARRIAGEWAY ON LEFT BEND,3,680658,Not at intersection,2,60,Arterial Highway,DUKE,MOUNT ALEXANDER,-37.070557,144.22847,2020,12,December,3,Late Night,Weekday
T20210000111,2020-12-31,22:00:00,4,Collision with a fixed object,4,Thursday,181,OFF RIGHT BEND INTO OBJECT/PARKED VEHICLE,5,745799,Not at intersection,2,50,Arterial Other,JAMIESON-LICOLA,MANSFIELD,-37.294476,146.20576,2020,12,December,22,Night,Weekday
T20210000054,2020-12-31,18:22:00,6,Vehicle overturned (no collision),4,Thursday,170,OFF CARRIAGEWAY TO LEFT,1,672002,Not at intersection,3,100,Local Road,CARNGHAM-STREATHAM,PYRENEES,-37.660954,143.16547,2020,12,December,18,Afternoon Peak,Weekday
T20210000005,2020-12-31,23:36:00,4,Collision with a fixed object,4,Thursday,173,RIGHT OFF CARRIAGEWAY INTO OBJECT/PARKED VEHICLE,4,673427,Not at intersection,2,60,Local Road,NELSON,BENDIGO,-36.728867,144.26161,2020,12,December,23,Night,Weekday
T20200023887,2020-12-31,17:00:00,1,Collision with vehicle,4,Thursday,147,VEHICLE STRIKES ANOTHER VEH WHILE EMERGING FROM DRIVEWAY,1,671782,Not at intersection,2,80,Arterial Other,MOUNTAIN,KNOX,-37.84998,145.2255,2020,12,December,17,Afternoon Peak,Weekday
T20200023889,2020-12-31,17:20:00,1,Collision with vehicle,4,Thursday,116,LEFT NEAR (INTERSECTIONS ONLY),1,50258,Cross intersection,2,100,Arterial Highway,PRINCES,SURF COAST,-38.21283,144.18077,2020,12,December,17,Afternoon Peak,Weekday
T20210000014,2020-12-31,23:50:00,4,Collision with a fixed object,4,Thursday,171,LEFT OFF CARRIAGEWAY INTO OBJECT/PARKED VEHICLE,5,700784,Not at intersection,2,100,Local Road,SEBASTIAN,LODDON,-36.603535,143.9867,2020,12,December,23,Night,Weekday
T20210000088,2020-12-31,16:30:00,1,Collision with vehicle,4,Thursday,130,REAR END(VEHICLES IN SAME LANE),1,671856,T intersection,3,80,Local Road,EMMELINE,KNOX,-37.914654,145.23558,2020,12,December,16,Afternoon Peak,Weekday
T20200023890,2020-12-31,17:00:00,1,Collision with vehicle,4,Thursday,130,REAR END(VEHICLES IN SAME LANE),1,672394,Not at intersection,3,60,Arterial Other,MURRAY,MORELAND,-37.735542,144.97462,2020,12,December,17,Afternoon Peak,Weekday
T20200023899,2020-12-31,17:00:00,1,Collision with vehicle,4,Thursday,130,REAR END(VEHICLES IN SAME LANE),1,686386,Not at intersection,2,60,Arterial Other,BLACKBURN,MONASH,-37.871548,145.14851,2020,12,December,17,Afternoon Peak,Weekday
T20200023872,2020-12-31,12:40:00,4,Collision with a fixed object,4,Thursday,171,LEFT OFF CARRIAGEWAY INTO OBJECT/PARKED VEHICLE,1,673377,Not at intersection,2,50,Arterial Other,KEILOR,MOONEE VALLEY,-37.736797,144.89099,2020,12,December,12,Midday,Weekday
T20200023873,2020-12-31,14:16:00,1,Collision with vehicle,4,Thursday,110,CROSS TRAFFIC(INTERSECTIONS ONLY),1,53008,Cross intersection,3,60,Local Road,GRANT,BALLARAT,-37.595352,143.83145,2020,12,December,14,Midday,Weekday
T20210000077,2021-01-01,23:19:00,2,Struck Pedestrian,5,Friday,106,VEH STRIKES PED ON FOOTPATH/MEDIAN/TRAFFIC ISLAND.,3,690963,Not at intersection,2,40,Local Road,BEACH,PORT PHILLIP,-37.842915,144.93768,2021,1,January,23,Night,Weekday
T20210002191,2021-01-01,12:45:00,1,Collision with vehicle,5,Friday,130,REAR END(VEHICLES IN SAME LANE),1,35583,Cross intersection,3,60,Arterial Highway,WARRIGAL,KINGSTON,-37.944572,145.07857,2021,1,January,12,Midday,Weekday
T20210000060,2021-01-01,16:42:00,1,Collision with vehicle,5,Friday,160,VEHICLE COLLIDES WITH VEHICLE PARKED ON LEFT OF ROAD,1,679331,Not at intersection,3,50,Local Road,VICTORIA,DAREBIN,-37.751904,145.01599,2021,1,January,16,Afternoon Peak,Weekday
T20210000069,2021-01-01,17:10:00,1,Collision with vehicle,5,Friday,130,REAR END(VEHICLES IN SAME LANE),1,729962,Not at intersection,3,50,Arterial Highway,SPRINGVALE,KINGSTON,-38.023884,145.13492,2021,1,January,17,Afternoon Peak,Weekday
T20210000076,2021-01-01,04:30:00,5,collision with some other object,5,Friday,166,STRUCK OBJECT ON CARRIAGEWAY,5,677753,Not at intersection,3,80,Local Road,LARDNERS,BAW BAW,-38.184517,145.88763,2021,1,January,4,Late Night,Weekday
T20210000590,2021-01-01,22:30:00,5,collision with some other object,5,Friday,166,STRUCK OBJECT ON CARRIAGEWAY,9,673046,Not at intersection,3,100,Freeway,PENINSULA LINK,MORNINGTON PENINSULA,-38.270767,145.07835,2021,1,January,22,Night,Weekday
T20210000068,2021-01-01,21:18:00,4,Collision with a fixed object,5,Friday,181,OFF RIGHT BEND INTO OBJECT/PARKED VEHICLE,3,672728,Not at intersection,3,60,Arterial Other,PASCOE VALE,MOONEE VALLEY,-37.742756,144.92842,2021,1,January,21,Night,Weekday
T20210007687,2021-01-01,14:00:00,6,Vehicle overturned (no collision),5,Friday,174,OUT OF CONTROL ON CARRIAGEWAY (ON STRAIGHT),1,680148,Not at intersection,3,100,Local Road,XL,MOORABOOL,-37.469837,144.38498,2021,1,January,14,Midday,Weekday
T20210000040,2021-01-01,10:00:00,4,Collision with a fixed object,5,Friday,151,OUT OF CONTROL (OVERTAKING),1,678805,Cross intersection,2,100,Arterial Other,MCINTYRES CROSSING,SOUTHERN GRAMPIANS,-37.55635,142.32526,2021,1,January,10,Midday,Weekday
T20210000078,2021-01-01,23:58:00,8,No collision and no object struck,5,Friday,172,OFF CARRIAGEWAY TO RIGHT,3,38563,Cross intersection,2,60,Local Road,BETULA,WHITTLESEA,-37.6777,145.05821,2021,1,January,23,Night,Weekday
T20210000067,2021-01-01,21:05:00,1,Collision with vehicle,5,Friday,137,LEFT TURN SIDESWIPE,3,672001,Not at intersection,3,70,Arterial Other,SYDNEY,MORELAND,-37.70043,144.95972,2021,1,January,21,Night,Weekday
T20210000059,2021-01-01,17:07:00,4,Collision with a fixed object,5,Friday,173,RIGHT OFF CARRIAGEWAY INTO OBJECT/PARKED VEHICLE,1,679906,Not at intersection,2,100,Arterial Highway,MURRAY VALLEY,CAMPASPE,-36.091713,144.65895,2021,1,January,17,Afternoon Peak,Weekday
T20210000027,2021-01-01,11:04:00,1,Collision with vehicle,5,Friday,160,VEHICLE COLLIDES WITH VEHICLE PARKED ON LEFT OF ROAD,1,676327,Not at intersection,3,50,Local Road,GREENVALE GARDENS,HUME,-37.622623,144.88243,2021,1,January,11,Midday,Weekday
T20210000458,2021-01-01,18:05:00,1,Collision with vehicle,5,Friday,130,REAR END(VEHICLES IN SAME LANE),1,38233,Cross intersection,3,40,Arterial Highway,ROSANNA,BANYULE,-37.752697,145.07033,2021,1,January,18,Afternoon Peak,Weekday
T20210000048,2021-01-01,01:01:00,1,Collision with vehicle,5,Friday,133,LANE SIDE SWIPE (VEHICLES IN PARALLEL LANES),3,780886,Not at intersection,3,100,Freeway,WESTERN RING,MORELAND,-37.70729,144.88634,2021,1,January,1,Late Night,Weekday
T20210001246,2021-01-01,02:15:00,7,Fall from or in moving vehicle,5,Friday,190,FELL IN/FROM VEHICLE,3,682408,Not at intersection,3,50,Local Road,GLENVIEW,FRANKSTON,-38.155834,145.15042,2021,1,January,2,Late Night,Weekday
T20210000136,2021-01-01,03:00:00,4,Collision with a fixed object,5,Friday,171,LEFT OFF CARRIAGEWAY INTO OBJECT/PARKED VEHICLE,3,738412,Not at intersection,2,60,Arterial Other,ALEXANDRA,STONNINGTON,-37.83458,145.0026,2021,1,January,3,Late Night,Weekday
T20210000053,2021-01-01,16:15:00,1,Collision with vehicle,5,Friday,145,REVERSING IN STREAM OF TRAFFIC,1,49688,T intersection,3,60,Arterial Highway,PRINCES,GEELONG,-38.082542,144.36043,2021,1,January,16,Afternoon Peak,Weekday
T20210000051,2021-01-01,13:15:00,1,Collision with vehicle,5,Friday,169,OTHER ON PATH,1,675018,T intersection,3,50,Local Road,CAWOOD,COLAC OTWAY,-38.750023,143.6688,2021,1,January,13,Midday,Weekday
T20210000082,2021-01-01,03:46:00,4,Collision with a fixed object,5,Friday,173,RIGHT OFF CARRIAGEWAY INTO OBJECT/PARKED VEHICLE,3,680520,Not at intersection,3,50,Local Road,AMAROO,KINGSTON,-38.035442,145.13144,2021,1,January,3,Late Night,Weekday
T20210001152,2021-01-01,10:35:00,1,Collision with vehicle,5,Friday,136,RIGHT TURN SIDESWIPE,1,57763,Multiple intersection,2,80,Freeway,EASTLINK OUT-THOMPSON,FRANKSTON,-38.070675,145.1827,2021,1,January,10,Midday,Weekday
T20210000039,2021-01-01,11:53:00,1,Collision with vehicle,5,Friday,110,CROSS TRAFFIC(INTERSECTIONS ONLY),1,70854,Cross intersection,3,50,Local Road,DOVETON,CASEY,-37.996426,145.2505,2021,1,January,11,Midday,Weekday
T20210000038,2021-01-01,10:50:00,1,Collision with vehicle,5,Friday,140,U TURN,1,681382,Not at intersection,2,60,Arterial Other,STATION,BRIMBANK,-37.774483,144.77419,2021,1,January,10,Midday,Weekday
T20210000019,2021-01-01,07:55:00,4,Collision with a fixed object,5,Friday,181,OFF RIGHT BEND INTO OBJECT/PARKED VEHICLE,1,672276,Not at intersection,2,100,Arterial Other,HEATHCOTE-NAGAMBIE,STRATHBOGIE,-36.788696,145.06914,2021,1,January,7,Morning Peak,Weekday
T20210000065,2021-01-01,17:05:00,8,No collision and no object struck,5,Friday,174,OUT OF CONTROL ON CARRIAGEWAY (ON STRAIGHT),1,675019,T intersection,2,50,Local Road,WARADGERY,KNOX,-37.92246,145.22719,2021,1,January,17,Afternoon Peak,Weekday
T20210006981,2021-01-01,01:15:00,1,Collision with vehicle,5,Friday,129,OTHER OPPOSING MANOEUVRES NOT INCLUDED IN DCAs 120-125.,3,471,Multiple intersection,3,60,Arterial Other,RACECOURSE,MELBOURNE,-37.78746,144.92131,2021,1,January,1,Late Night,Weekday
T20210000024,2021-01-01,11:45:00,4,Collision with a fixed object,5,Friday,173,RIGHT OFF CARRIAGEWAY INTO OBJECT/PARKED VEHICLE,1,678043,Not at intersection,3,80,Arterial Highway,MELBA,MURRINDINDI,-37.421875,145.42395,2021,1,January,11,Midday,Weekday
T20210000007,2021-01-01,00:28:00,4,Collision with a fixed object,5,Friday,183,OFF LEFT BEND INTO OBJECT/PARKED VEHICLE,3,678250,Not at intersection,2,50,Local Road,TONELLI,WHITTLESEA,-37.66532,145.05046,2021,1,January,0,Late Night,Weekday
T20210000148,2021-01-01,05:30:00,6,Vehicle overturned (no collision),5,Friday,180,OFF CARRIAGEWAY ON RIGHT BEND,2,780890,Not at intersection,3,100,Arterial Other,HATTAH-ROBINVALE,MILDURA,-34.76966,142.35112,2021,1,January,5,Morning Peak,Weekday
T20210000023,2021-01-01,07:06:00,1,Collision with vehicle,5,Friday,110,CROSS TRAFFIC(INTERSECTIONS ONLY),1,45638,Cross intersection,3,60,Arterial Other,SYDNEY,MORELAND,-37.777096,144.96043,2021,1,January,7,Morning Peak,Weekday
T20210000016,2021-01-01,04:42:00,1,Collision with vehicle,5,Friday,110,CROSS TRAFFIC(INTERSECTIONS ONLY),5,43788,Cross intersection,2,60,Arterial Other,CLEGG,YARRA RANGES,-37.782345,145.41853,2021,1,January,4,Late Night,Weekday
T20210000062,2021-01-01,18:10:00,4,Collision with a fixed object,5,Friday,173,RIGHT OFF CARRIAGEWAY INTO OBJECT/PARKED VEHICLE,1,674531,Not at intersection,2,100,Arterial Highway,MIDLAND,GOLDEN PLAINS,-38.055,144.20735,2021,1,January,18,Afternoon Peak,Weekday
T20210000034,2021-01-01,09:30:00,1,Collision with vehicle,5,Friday,121,RIGHT THROUGH,1,36898,T intersection,2,60,Arterial Other,HEATHS,WYNDHAM,-37.876503,144.67274,2021,1,January,9,Morning Peak,Weekday
T20210000011,2021-01-01,01:00:00,2,Struck Pedestrian,5,Friday,105,PED WALKING AGAINST TRAFFIC.,3,672324,T intersection,3,50,Local Road,VICTORY,FRANKSTON,-38.088398,145.18994,2021,1,January,1,Late Night,Weekday
T20210000021,2021-01-01,09:10:00,4,Collision with a fixed object,5,Friday,173,RIGHT OFF CARRIAGEWAY INTO OBJECT/PARKED VEHICLE,1,40641,Cross intersection,3,60,Arterial Other,ELGAR,WHITEHORSE,-37.830505,145.11253,2021,1,January,9,Morning Peak,Weekday
T20210000050,2021-01-01,11:23:00,4,Collision with a fixed object,5,Friday,183,OFF LEFT BEND INTO OBJECT/PARKED VEHICLE,1,685527,Not at intersection,2,100,Arterial Other,EUROA-MANSFIELD,STRATHBOGIE,-36.928368,145.66104,2021,1,January,11,Midday,Weekday
T20210000128,2021-01-02,22:11:00,1,Collision with vehicle,6,Saturday,110,CROSS TRAFFIC(INTERSECTIONS ONLY),3,29811,Cross intersection,3,70,Arterial Other,MAIN,BANYULE,-37.732098,145.13489,2021,1,January,22,Night,Weekend
T20210000133,2021-01-02,19:45:00,4,Collision with a fixed object,6,Saturday,173,RIGHT OFF CARRIAGEWAY INTO OBJECT/PARKED VEHICLE,1,671783,Not at intersection,2,100,Arterial Highway,PRINCES,COLAC OTWAY,-38.27661,143.87729,2021,1,January,19,Night,Weekend
T20210000093,2021-01-02,13:15:00,1,Collision with vehicle,6,Saturday,132,RIGHT REAR.,1,729516,T intersection,2,100,Arterial Other,PORTARLINGTON,GEELONG,-38.133865,144.61597,2021,1,January,13,Midday,Weekend
T20210000100,2021-01-02,11:15:00,1,Collision with vehicle,6,Saturday,120,HEAD ON (NOT OVERTAKING),1,678484,Not at intersection,2,100,Arterial Highway,WESTERN,ARARAT,-37.342342,143.12311,2021,1,January,11,Midday,Weekend
T20210012826,2021-01-02,13:00:00,5,collision with some other object,6,Saturday,166,STRUCK OBJECT ON CARRIAGEWAY,1,685347,Not at intersection,3,100,Arterial Highway,PRINCES,WELLINGTON,-38.10595,146.90654,2021,1,January,13,Midday,Weekend
T20210000091,2021-01-02,10:40:00,4,Collision with a fixed object,6,Saturday,173,RIGHT OFF CARRIAGEWAY INTO OBJECT/PARKED VEHICLE,1,671942,Not at intersection,3,100,Arterial Highway,PRINCES,SURF COAST,-38.218994,144.07011,2021,1,January,10,Midday,Weekend
T20210002287,2021-01-02,18:00:00,4,Collision with a fixed object,6,Saturday,181,OFF RIGHT BEND INTO OBJECT/PARKED VEHICLE,1,674865,Not at intersection,3,100,Local Road,EUROA-STRATHBOGIE,STRATHBOGIE,-36.776657,145.6019,2021,1,January,18,Afternoon Peak,Weekend
T20210000081,2021-01-02,05:14:00,4,Collision with a fixed object,6,Saturday,173,RIGHT OFF CARRIAGEWAY INTO OBJECT/PARKED VEHICLE,2,672232,Not at intersection,3,80,Arterial Highway,DANDENONG,MONASH,-37.91326,145.12549,2021,1,January,5,Morning Peak,Weekend
T20210000344,2021-01-02,11:25:00,6,Vehicle overturned (no collision),6,Saturday,174,OUT OF CONTROL ON CARRIAGEWAY (ON STRAIGHT),1,672151,Not at intersection,3,40,Arterial Highway,MAIN,INDIGO,-36.055347,146.46214,2021,1,January,11,Midday,Weekend
T20210000169,2021-01-02,13:00:00,3,Struck animal,6,Saturday,167,STRUCK ANIMAL,1,672144,Y intersection,3,100,Local Road,TALLANGALOOK,MANSFIELD,-36.90607,145.8842,2021,1,January,13,Midday,Weekend
T20210000141,2021-01-02,12:08:00,1,Collision with vehicle,6,Saturday,135,LANE CHANGE LEFT (NOT OVERTAKING),1,671859,Not at intersection,2,100,Freeway,MONASH,DANDENONG,-37.959625,145.22525,2021,1,January,12,Midday,Weekend
T20210000099,2021-01-02,09:44:00,1,Collision with vehicle,6,Saturday,110,CROSS TRAFFIC(INTERSECTIONS ONLY),1,675138,Cross intersection,2,50,Local Road,BRADMAN,CASEY,-38.10984,145.24228,2021,1,January,9,Morning Peak,Weekend
T20210000102,2021-01-02,15:03:00,1,Collision with vehicle,6,Saturday,110,CROSS TRAFFIC(INTERSECTIONS ONLY),1,324391,Cross intersection,2,70,Arterial Other,SOUTH,GLEN EIRA,-37.93633,145.06137,2021,1,January,15,Afternoon Peak,Weekend
T20210000457,2021-01-02,14:00:00,6,Vehicle overturned (no collision),6,Saturday,174,OUT OF CONTROL ON CARRIAGEWAY (ON STRAIGHT),1,677222,Not at intersection,3,100,Local Road,RIVER,CAMPASPE,-35.97145,144.50229,2021,1,January,14,Midday,Weekend
T20210000106,2021-01-02,14:00:00,4,Collision with a fixed object,6,Saturday,181,OFF RIGHT BEND INTO OBJECT/PARKED VEHICLE,1,678679,Not at intersection,3,60,Local Road,OLSENS,LATROBE,-38.484375,146.32683,2021,1,January,14,Midday,Weekend
T20210000107,2021-01-02,16:25:00,4,Collision with a fixed object,6,Saturday,171,LEFT OFF CARRIAGEWAY INTO OBJECT/PARKED VEHICLE,1,675829,Not at intersection,2,60,Arterial Other,JACKSONS,MONASH,-37.931526,145.1938,2021,1,January,16,Afternoon Peak,Weekend
T20210000265,2021-01-02,16:30:00,1,Collision with vehicle,6,Saturday,113,RIGHT NEAR (INTERSECTIONS ONLY),1,675921,T intersection,3,60,Local Road,MACQUARIE,WYNDHAM,-37.882954,144.62456,2021,1,January,16,Afternoon Peak,Weekend
T20210000113,2021-01-02,17:13:00,6,Vehicle overturned (no collision),6,Saturday,182,OFF CARRIAGEWAY ON LEFT BEND,1,780891,Not at intersection,3,80,Arterial Other,MONBULK-SEVILLE,YARRA RANGES,-37.792183,145.47072,2021,1,January,17,Afternoon Peak,Weekend