ACCIDENT_NO,ACCIDENT_DATE,ACCIDENT_TIME,ACCIDENT_TYPE,ACCIDENT_TYPE_DESC,DAY_OF_WEEK,DAY_WEEK_DESC,DCA_CODE,DCA_DESC,LIGHT_CONDITION,NODE_ID,ROAD_GEOMETRY_DESC,SEVERITY,SPEED_ZONE,RMA,ROAD_NAME,LGA_NAME,LATITUDE,LONGITUDE,YEAR,MONTH,MONTH_NAME,HOUR,TIME_PERIOD,DAY_TYPE
T20210000123,2021-01-02,18:10:00,1,Collision with vehicle,6,Saturday,131,LEFT REAR,1,672143,Not at intersection,3,60,Local Road,LINEHAM,CASEY,-38.124523,145.3032,2021,1,January,18,Afternoon Peak,Weekend
T20210000098,2021-01-02,11:38:00,4,Collision with a fixed object,6,Saturday,173,RIGHT OFF CARRIAGEWAY INTO OBJECT/PARKED VEHICLE,1,729964,Not at intersection,2,50,Local Road,QUEENS,MANNINGHAM,-37.787422,145.13713,2021,1,January,11,Midday,Weekend
T20210000117,2021-01-02,15:10:00,1,Collision with vehicle,6,Saturday,121,RIGHT THROUGH,1,51076,Cross intersection,3,60,Arterial Highway,WYNDHAM,SHEPPARTON,-36.385227,145.3985,2021,1,January,15,Afternoon Peak,Weekend
T20210000085,2021-01-02,08:50:00,1,Collision with vehicle,6,Saturday,130,REAR END(VEHICLES IN SAME LANE),1,691934,Not at intersection,3,80,Local Road,GILLIES,BALLARAT,-37.432323,143.84317,2021,1,January,8,Morning Peak,Weekend
T20210000121,2021-01-02,18:45:00,1,Collision with vehicle,6,Saturday,111,RIGHT FAR (INTERSECTIONS ONLY),1,46918,T intersection,2,80,Local Road,DUFF,CASEY,-38.102154,145.25386,2021,1,January,18,Afternoon Peak,Weekend
T20210000084,2021-01-02,08:00:00,5,collision with some other object,6,Saturday,166,STRUCK OBJECT ON CARRIAGEWAY,1,671855,Not at intersection,3,80,Arterial Highway,NEPEAN,MORNINGTON PENINSULA,-38.17551,145.09688,2021,1,January,8,Morning Peak,Weekend
T20210000221,2021-01-03,11:35:00,1,Collision with vehicle,7,Sunday,130,REAR END(VEHICLES IN SAME LANE),1,729520,Not at intersection,3,80,Arterial Highway,BURWOOD,KNOX,-37.87324,145.24797,2021,1,January,11,Midday,Weekend
T20210000172,2021-01-03,16:08:00,4,Collision with a fixed object,7,Sunday,173,RIGHT OFF CARRIAGEWAY INTO OBJECT/PARKED VEHICLE,1,674201,Not at intersection,2,100,Arterial Other,BENDIGO-MARYBOROUGH,CENTRAL GOLDFIELDS,-36.940197,143.79665,2021,1,January,16,Afternoon Peak,Weekend
T20210000173,2021-01-03,14:40:00,4,Collision with a fixed object,7,Sunday,183,OFF LEFT BEND INTO OBJECT/PARKED VEHICLE,1,674275,Not at intersection,3,100,Arterial Other,COLAC-LAVERS HILL,COLAC OTWAY,-38.395172,143.58578,2021,1,January,14,Midday,Weekend
T20210000184,2021-01-03,22:30:00,1,Collision with vehicle,7,Sunday,124,RIGHT/RIGHT BOTH VEHs FROM OPPOSITE DIRECTIONS TURNING RIGHT,6,41722,T intersection,3,60,Local Road,BAYVIEW,MONASH,-37.90711,145.12785,2021,1,January,22,Night,Weekend
T20210000194,2021-01-03,14:05:00,1,Collision with vehicle,7,Sunday,130,REAR END(VEHICLES IN SAME LANE),1,45919,T intersection,3,60,Local Road,LIVERPOOL,YARRA RANGES,-37.806274,145.31528,2021,1,January,14,Midday,Weekend
T20210000163,2021-01-03,13:50:00,4,Collision with a fixed object,7,Sunday,183,OFF LEFT BEND INTO OBJECT/PARKED VEHICLE,1,684265,Not at intersection,3,100,Local Road,SOLDIERS,SOUTH GIPPSLAND,-38.769337,146.1125,2021,1,January,13,Midday,Weekend
T20210003918,2021-01-03,23:00:00,3,Struck animal,7,Sunday,167,STRUCK ANIMAL,9,676247,Not at intersection,3,80,Freeway,WATSON-HUME OUT,MITCHELL,-37.415375,144.99712,2021,1,January,23,Night,Weekend
T20210000209,2021-01-03,10:20:00,1,Collision with vehicle,7,Sunday,131,LEFT REAR,1,680561,T intersection,3,60,Arterial Other,WARRAGUL,SOUTH GIPPSLAND,-38.428246,145.8206,2021,1,January,10,Midday,Weekend
T20210000190,2021-01-03,20:50:00,4,Collision with a fixed object,7,Sunday,171,LEFT OFF CARRIAGEWAY INTO OBJECT/PARKED VEHICLE,5,674951,Not at intersection,1,100,Local Road,PROPODOLLAH,HINDMARSH,-36.258797,141.61032,2021,1,January,20,Night,Weekend
T20210000139,2021-01-03,01:51:00,1,Collision with vehicle,7,Sunday,160,VEHICLE COLLIDES WITH VEHICLE PARKED ON LEFT OF ROAD,3,773516,Not at intersection,2,60,Arterial Other,COTHAM,BOROONDARA,-37.807022,145.03215,2021,1,January,1,Late Night,Weekend
T20210002015,2021-01-03,19:55:00,1,Collision with vehicle,7,Sunday,110,CROSS TRAFFIC(INTERSECTIONS ONLY),1,61203,Cross intersection,3,60,Arterial Other,HIGH,WHITTLESEA,-37.647366,145.02611,2021,1,January,19,Night,Weekend
T20210000178,2021-01-03,19:57:00,8,No collision and no object struck,7,Sunday,184,OUT OF CONTROL ON CARRIAGEWAY (ON BEND),1,672622,Not at intersection,2,50,Local Road,GLASSFORD,DANDENONG,-37.97809,145.1543,2021,1,January,19,Night,Weekend
T20210000189,2021-01-03,22:30:00,4,Collision with a fixed object,7,Sunday,173,RIGHT OFF CARRIAGEWAY INTO OBJECT/PARKED VEHICLE,3,679912,Not at intersection,3,80,Arterial Highway,HIGH,BENDIGO,-36.818542,144.23816,2021,1,January,22,Night,Weekend
T20210000146,2021-01-03,09:50:00,1,Collision with vehicle,7,Sunday,113,RIGHT NEAR (INTERSECTIONS ONLY),1,49670,T intersection,3,40,Local Road,GLENELG,GEELONG,-38.07542,144.35449,2021,1,January,9,Morning Peak,Weekend
T20210000188,2021-01-03,19:58:00,6,Vehicle overturned (no collision),7,Sunday,174,OUT OF CONTROL ON CARRIAGEWAY (ON STRAIGHT),2,672468,Not at intersection,1,100,Local Road,OLD GRAHAMVALE,SHEPPARTON,-36.31827,145.43237,2021,1,January,19,Night,Weekend
T20210000150,2021-01-03,10:00:00,2,Struck Pedestrian,7,Sunday,102,FAR SIDE. PED HIT BY VEHICLE FROM THE LEFT,1,42920,T intersection,2,40,Local Road,DOUGLAS,DANDENONG,-37.965576,145.17393,2021,1,January,10,Midday,Weekend
T20210000152,2021-01-03,11:50:00,1,Collision with vehicle,7,Sunday,160,VEHICLE COLLIDES WITH VEHICLE PARKED ON LEFT OF ROAD,1,672816,Not at intersection,3,50,Local Road,BURBIDGE,MOORABOOL,-37.665325,144.42027,2021,1,January,11,Midday,Weekend
T20210000154,2021-01-03,11:43:00,1,Collision with vehicle,7,Sunday,113,RIGHT NEAR (INTERSECTIONS ONLY),1,20793,Multiple intersection,2,60,Arterial Other,MAIN SOUTH,BAW BAW,-38.14235,145.85524,2021,1,January,11,Midday,Weekend
T20210000433,2021-01-03,12:35:00,1,Collision with vehicle,7,Sunday,121,RIGHT THROUGH,1,352248,Cross intersection,3,80,Arterial Other,THOMPSONS,CASEY,-38.078243,145.24406,2021,1,January,12,Midday,Weekend
T20210000185,2021-01-03,21:56:00,1,Collision with vehicle,7,Sunday,111,RIGHT FAR (INTERSECTIONS ONLY),3,729966,T intersection,3,50,Local Road,HAYWOOD,LATROBE,-38.21794,146.41948,2021,1,January,21,Night,Weekend
T20210000156,2021-01-03,13:00:00,1,Collision with vehicle,7,Sunday,121,RIGHT THROUGH,1,44233,T intersection,2,50,Arterial Other,COOPER,WHITTLESEA,-37.652187,145.02951,2021,1,January,13,Midday,Weekend
T20210001167,2021-01-03,22:10:00,4,Collision with a fixed object,7,Sunday,181,OFF RIGHT BEND INTO OBJECT/PARKED VEHICLE,3,673060,Not at intersection,3,50,Local Road,PARKVIEW,KNOX,-37.892574,145.28497,2021,1,January,22,Night,Weekend
T20210000159,2021-01-03,09:38:00,1,Collision with vehicle,7,Sunday,160,VEHICLE COLLIDES WITH VEHICLE PARKED ON LEFT OF ROAD,1,2704,Not at intersection,2,60,Arterial Other,ORMOND,PORT PHILLIP,-37.883633,144.9791,2021,1,January,9,Morning Peak,Weekend
T20210000187,2021-01-03,22:26:00,4,Collision with a fixed object,7,Sunday,183,OFF LEFT BEND INTO OBJECT/PARKED VEHICLE,5,706510,T intersection,2,50,Local Road,DEE,YARRA RANGES,-37.750988,145.64702,2021,1,January,22,Night,Weekend
T20210000196,2021-01-03,20:50:00,6,Vehicle overturned (no collision),7,Sunday,170,OFF CARRIAGEWAY TO LEFT,5,672008,Not at intersection,2,80,Arterial Other,HEALESVILLE-KOO WEE RUP,YARRA RANGES,-37.76437,145.5327,2021,1,January,20,Night,Weekend
T20210000160,2021-01-03,12:40:00,1,Collision with vehicle,7,Sunday,130,REAR END(VEHICLES IN SAME LANE),1,692254,Not at intersection,3,80,Arterial Highway,GREAT ALPINE,EAST GIPPSLAND,-37.568996,147.88992,2021,1,January,12,Midday,Weekend
T20210000181,2021-01-03,16:55:00,1,Collision with vehicle,7,Sunday,131,LEFT REAR,1,628,Cross intersection,2,80,Arterial Highway,BURWOOD,WHITEHORSE,-37.858574,145.19795,2021,1,January,16,Afternoon Peak,Weekend
T20210000170,2021-01-03,14:45:00,1,Collision with vehicle,7,Sunday,110,CROSS TRAFFIC(INTERSECTIONS ONLY),1,29708,Cross intersection,2,60,Local Road,BENNET,DANDENONG,-37.983894,145.2004,2021,1,January,14,Midday,Weekend
T20210000182,2021-01-03,21:00:00,1,Collision with vehicle,7,Sunday,110,CROSS TRAFFIC(INTERSECTIONS ONLY),3,51776,Cross intersection,2,50,Local Road,OAK,MITCHELL,-37.02436,145.14517,2021,1,January,21,Night,Weekend
T20210000175,2021-01-03,16:15:00,1,Collision with vehicle,7,Sunday,162,ACCIDENT OR BROKEN DOWN,1,729518,Not at intersection,2,100,Freeway,MONASH,STONNINGTON,-37.85559,145.05794,2021,1,January,16,Afternoon Peak,Weekend
T20210000166,2021-01-03,15:35:00,4,Collision with a fixed object,7,Sunday,183,OFF LEFT BEND INTO OBJECT/PARKED VEHICLE,1,675665,Not at intersection,3,40,Local Road,SILVERTOP,FRANKSTON,-38.1282,145.14958,2021,1,January,15,Afternoon Peak,Weekend
T20210000401,2021-01-04,11:05:00,1,Collision with vehicle,1,Monday,130,REAR END(VEHICLES IN SAME LANE),1,672239,Unknown,3,80,Arterial Highway,PRINCES HIGHWAY,DANDENONG,-37.953716,145.17946,2021,1,January,11,Midday,Weekday
T20210001168,2021-01-04,15:30:00,3,Struck animal,1,Monday,167,STRUCK ANIMAL,1,673146,Not at intersection,3,100,Arterial Other,KIEWA VALLEY,INDIGO,-36.35996,147.02995,2021,1,January,15,Afternoon Peak,Weekday
T20210000243,2021-01-04,16:15:00,4,Collision with a fixed object,1,Monday,181,OFF RIGHT BEND INTO OBJECT/PARKED VEHICLE,1,678540,Not at intersection,2,100,Local Road,BROWNS,GOLDEN PLAINS,-37.674915,143.68066,2021,1,January,16,Afternoon Peak,Weekday
T20210000322,2021-01-04,14:35:00,1,Collision with vehicle,1,Monday,130,REAR END(VEHICLES IN SAME LANE),1,729524,Not at intersection,2,50,Arterial Highway,POINT NEPEAN,MORNINGTON PENINSULA,-38.358257,144.89574,2021,1,January,14,Midday,Weekday
T20210000306,2021-01-04,08:15:00,1,Collision with vehicle,1,Monday,131,LEFT REAR,1,89654,Cross intersection,3,60,Arterial Other,YORK,YARRA RANGES,-37.796906,145.35968,2021,1,January,8,Morning Peak,Weekday
T20210000217,2021-01-04,10:20:00,1,Collision with vehicle,1,Monday,113,RIGHT NEAR (INTERSECTIONS ONLY),1,672147,T intersection,3,50,Local Road,MONAHANS,CASEY,-38.090195,145.26909,2021,1,January,10,Midday,Weekday
T20210000199,2021-01-04,07:45:00,1,Collision with vehicle,1,Monday,160,VEHICLE COLLIDES WITH VEHICLE PARKED ON LEFT OF ROAD,1,674532,Not at intersection,2,60,Local Road,BRIDGEWATER,HUME,-37.602142,144.92944,2021,1,January,7,Morning Peak,Weekday
T20210000200,2021-01-04,06:00:00,4,Collision with a fixed object,1,Monday,181,OFF RIGHT BEND INTO OBJECT/PARKED VEHICLE,1,676250,Not at intersection,2,100,Arterial Other,BENALLA-TOCUMWAL,MOIRA,-36.23887,145.79222,2021,1,January,6,Morning Peak,Weekday
T20210000278,2021-01-04,22:00:00,1,Collision with vehicle,1,Monday,171,LEFT OFF CARRIAGEWAY INTO OBJECT/PARKED VEHICLE,5,673841,Not at intersection,2,80,Local Road,COGHLAN,BASS COAST,-38.475376,145.25764,2021,1,January,22,Night,Weekday
T20210000877,2021-01-04,15:30:00,1,Collision with vehicle,1,Monday,130,REAR END(VEHICLES IN SAME LANE),1,45303,Cross intersection,3,60,Arterial Other,EPSOM ROAD -SCOTIA,MOONEE VALLEY,-37.77052,144.90521,2021,1,January,15,Afternoon Peak,Weekday
T20210000233,2021-01-04,13:10:00,8,No collision and no object struck,1,Monday,170,OFF CARRIAGEWAY TO LEFT,1,690964,Not at intersection,2,100,Local Road,THREE CHAIN,MACEDON RANGES,-37.254448,144.68909,2021,1,January,13,Midday,Weekday
T20210000232,2021-01-04,14:50:00,4,Collision with a fixed object,1,Monday,183,OFF LEFT BEND INTO OBJECT/PARKED VEHICLE,1,671998,Not at intersection,3,80,Arterial Other,WHITTLESEA-YEA,WHITTLESEA,-37.489037,145.1823,2021,1,January,14,Midday,Weekday
T20210000207,2021-01-04,09:00:00,1,Collision with vehicle,1,Monday,130,REAR END(VEHICLES IN SAME LANE),1,672145,Not at intersection,2,80,Local Road,BUNGOWER,MORNINGTON PENINSULA,-38.231075,145.09517,2021,1,January,9,Morning Peak,Weekday
T20210000212,2021-01-04,12:10:00,6,Vehicle overturned (no collision),1,Monday,174,OUT OF CONTROL ON CARRIAGEWAY (ON STRAIGHT),1,672062,Not at intersection,3,50,Local Road,GUYMER,BANYULE,-37.718533,145.1296,2021,1,January,12,Midday,Weekday
T20210000214,2021-01-04,11:55:00,1,Collision with vehicle,1,Monday,152,PULLING OUT (OVERTAKING),1,672146,Not at intersection,3,50,Local Road,ALISMA,CASEY,-38.079082,145.33119,2021,1,January,11,Midday,Weekday
T20210000811,2021-01-04,21:11:00,4,Collision with a fixed object,1,Monday,183,OFF LEFT BEND INTO OBJECT/PARKED VEHICLE,3,739518,Not at intersection,2,60,Arterial Other,ESPLANADE,BAYSIDE,-37.9128,144.98586,2021,1,January,21,Night,Weekday
T20210000230,2021-01-04,15:00:00,6,Vehicle overturned (no collision),1,Monday,184,OUT OF CONTROL ON CARRIAGEWAY (ON BEND),1,671947,Not at intersection,3,100,Arterial Other,GEMBROOK-LAUNCHING PLACE,CARDINIA,-37.924347,145.56036,2021,1,January,15,Afternoon Peak,Weekday
T20210000225,2021-01-04,13:20:00,1,Collision with vehicle,1,Monday,132,RIGHT REAR.,1,674933,Cross intersection,3,60,Arterial Highway,BASS,BASS COAST,-38.563774,145.543,2021,1,January,13,Midday,Weekday
T20210000346,2021-01-04,14:00:00,6,Vehicle overturned (no collision),1,Monday,174,OUT OF CONTROL ON CARRIAGEWAY (ON STRAIGHT),1,681780,Not at intersection,3,100,Local Road,DRY CREEK,MANSFIELD,-36.99217,145.8583,2021,1,January,14,Midday,Weekday
T20210000222,2021-01-04,12:00:00,1,Collision with vehicle,1,Monday,120,HEAD ON (NOT OVERTAKING),1,676295,Not at intersection,2,50,Local Road,PIGEON BANK,NILLUMBIK,-37.715908,145.23251,2021,1,January,12,Midday,Weekday
T20210002720,2021-01-04,15:00:00,4,Collision with a fixed object,1,Monday,181,OFF RIGHT BEND INTO OBJECT/PARKED VEHICLE,1,674874,Multiple intersection,3,60,Freeway,KOROROIT CREEK-PRINCES IN,WYNDHAM,-37.843426,144.7839,2021,1,January,15,Afternoon Peak,Weekday
T20210000253,2021-01-04,20:40:00,4,Collision with a fixed object,1,Monday,173,RIGHT OFF CARRIAGEWAY INTO OBJECT/PARKED VEHICLE,1,671893,Not at intersection,1,60,Arterial Other,MT DANDENONG,YARRA RANGES,-37.8041,145.31827,2021,1,January,20,Night,Weekday
T20210000252,2021-01-04,22:00:00,4,Collision with a fixed object,1,Monday,171,LEFT OFF CARRIAGEWAY INTO OBJECT/PARKED VEHICLE,3,278548,Multiple intersection,2,60,Freeway,CHRISTIES,MELTON,-37.759163,144.73952,2021,1,January,22,Night,Weekday
T20210000771,2021-01-04,13:20:00,1,Collision with vehicle,1,Monday,132,RIGHT REAR.,1,674631,Not at intersection,3,60,Arterial Other,MAIN,NILLUMBIK,-37.706707,145.15079,2021,1,January,13,Midday,Weekday
T20210000767,2021-01-04,22:28:00,2,Struck Pedestrian,1,Monday,100,PED NEAR SIDE. PED HIT BY VEHICLE FROM THE RIGHT.,3,674630,Not at intersection,3,60,Local Road,MATTHEWS,MOONEE VALLEY,-37.720722,144.89154,2021,1,January,22,Night,Weekday
T20210000241,2021-01-04,13:00:00,1,Collision with vehicle,1,Monday,111,RIGHT FAR (INTERSECTIONS ONLY),1,36463,T intersection,3,50,Local Road,GLEN HUNTLY,GLEN EIRA,-37.884724,145.00415,2021,1,January,13,Midday,Weekday
T20210003150,2021-01-04,12:30:00,4,Collision with a fixed object,1,Monday,175,OFF END OF ROAD/T-INTERSECTION.,1,675364,Not at intersection,3,80,Local Road,STACEY,BULOKE,-35.491817,142.82954,2021,1,January,12,Midday,Weekday
T20210000240,2021-01-04,13:04:00,1,Collision with vehicle,1,Monday,111,RIGHT FAR (INTERSECTIONS ONLY),1,36463,T intersection,3,40,Local Road,GLEN HUNTLY,GLEN EIRA,-37.884724,145.00415,2021,1,January,13,Midday,Weekday
T20210002415,2021-01-04,16:30:00,6,Vehicle overturned (no collision),1,Monday,184,OUT OF CONTROL ON CARRIAGEWAY (ON BEND),1,676047,Cross intersection,2,50,Local Road,PLANTATION,MURRINDINDI,-37.523724,145.59666,2021,1,January,16,Afternoon Peak,Weekday
T20210000679,2021-01-04,20:30:00,7,Fall from or in moving vehicle,1,Monday,190,FELL IN/FROM VEHICLE,2,674573,Not at intersection,2,100,Arterial Highway,MURRAY VALLEY,GANNAWARRA,-35.52654,143.7358,2021,1,January,20,Night,Weekday
T20210000247,2021-01-04,16:06:00,1,Collision with vehicle,1,Monday,130,REAR END(VEHICLES IN SAME LANE),1,729954,T intersection,2,80,Arterial Other,PASCOE VALE,HUME,-37.657604,144.927,2021,1,January,16,Afternoon Peak,Weekday
T20210000266,2021-01-05,08:30:00,1,Collision with vehicle,2,Tuesday,110,CROSS TRAFFIC(INTERSECTIONS ONLY),1,52888,Cross intersection,2,50,Arterial Highway,DOVETON,BALLARAT,-37.563828,143.8544,2021,1,January,8,Morning Peak,Weekday
T20210000308,2021-01-05,20:20:00,1,Collision with vehicle,2,Tuesday,110,CROSS TRAFFIC(INTERSECTIONS ONLY),1,43917,Cross intersection,2,80,Arterial Other,CLYDE-FIVE WAYS,CASEY,-38.1335,145.32426,2021,1,January,20,Night,Weekday
T20210000332,2021-01-05,17:07:00,1,Collision with vehicle,2,Tuesday,121,RIGHT THROUGH,1,37954,Cross intersection,3,40,Local Road,ARTHURTON,DAREBIN,-37.769344,144.99902,2021,1,January,17,Afternoon Peak,Weekday
T20210000256,2021-01-05,03:06:00,4,Collision with a fixed object,2,Tuesday,179,OTHER ACCIDENTS-OFF STRAIGHT NOT INCLUDED IN DCAs 170-175,5,672064,Not at intersection,3,60,Arterial Other,SAYERS,WYNDHAM,-37.848717,144.69049,2021,1,January,3,Late Night,Weekday
T20210000291,2021-01-05,15:12:00,1,Collision with vehicle,2,Tuesday,120,HEAD ON (NOT OVERTAKING),1,672149,Not at intersection,3,60,Arterial Other,KARINGAL,BANYULE,-37.70742,145.13141,2021,1,January,15,Afternoon Peak,Weekday
T20210000269,2021-01-05,10:09:00,1,Collision with vehicle,2,Tuesday,114,TWO RIGHT TURNING (INTERSECTIONS ONLY),1,675243,T intersection,2,40,Arterial Other,GRANGE,GLEN EIRA,-37.881283,145.04948,2021,1,January,10,Midday,Weekday
T20210000294,2021-01-05,16:05:00,1,Collision with vehicle,2,Tuesday,113,RIGHT NEAR (INTERSECTIONS ONLY),1,353037,T intersection,3,70,Arterial Other,FERNTREE GULLY,MONASH,-37.898415,145.11789,2021,1,January,16,Afternoon Peak,Weekday
T20210000293,2021-01-05,15:50:00,1,Collision with vehicle,2,Tuesday,113,RIGHT NEAR (INTERSECTIONS ONLY),1,249099,T intersection,3,80,Arterial Highway,HENTY,GLENELG,-38.308205,141.59497,2021,1,January,15,Afternoon Peak,Weekday
T20210000289,2021-01-05,13:30:00,8,No collision and no object struck,2,Tuesday,174,OUT OF CONTROL ON CARRIAGEWAY (ON STRAIGHT),1,674934,Not at intersection,2,100,Local Road,RED BLUFF FIREBREAK,WEST WIMMERA,-35.913162,141.04173,2021,1,January,13,Midday,Weekday
T20210000273,2021-01-05,10:49:00,2,Struck Pedestrian,2,Tuesday,100,PED NEAR SIDE. PED HIT BY VEHICLE FROM THE RIGHT.,1,672148,Not at intersection,2,60,Arterial Other,DANDENONG,FRANKSTON,-38.135296,145.12918,2021,1,January,10,Midday,Weekday
T20210000285,2021-01-05,14:30:00,1,Collision with vehicle,2,Tuesday,120,HEAD ON (NOT OVERTAKING),1,773404,Not at intersection,2,60,Local Road,HODGINS,MORNINGTON PENINSULA,-38.29991,145.17719,2021,1,January,14,Midday,Weekday
T20210000277,2021-01-05,09:37:00,1,Collision with vehicle,2,Tuesday,113,RIGHT NEAR (INTERSECTIONS ONLY),1,1258,T intersection,3,50,Local Road,HAMPSHIRE,BRIMBANK,-37.781246,144.83272,2021,1,January,9,Morning Peak,Weekday
T20210000399,2021-01-05,17:30:00,1,Collision with vehicle,2,Tuesday,130,REAR END(VEHICLES IN SAME LANE),1,672238,Not at intersection,3,60,Arterial Other,MELVILLE,MORELAND,-37.757957,144.945,2021,1,January,17,Afternoon Peak,Weekday
T20210001251,2021-01-05,12:45:00,1,Collision with vehicle,2,Tuesday,121,RIGHT THROUGH,1,35690,Cross intersection,3,50,Arterial Other,VICTORIA,BAW BAW,-38.158916,145.93016,2021,1,January,12,Midday,Weekday
T20210000287,2021-01-05,14:45:00,4,Collision with a fixed object,2,Tuesday,179,OTHER ACCIDENTS-OFF STRAIGHT NOT INCLUDED IN DCAs 170-175,1,672269,Not at intersection,2,50,Local Road,ROSEBUD,MORNINGTON PENINSULA,-38.35582,144.90617,2021,1,January,14,Midday,Weekday
T20210000330,2021-01-05,19:45:00,1,Collision with vehicle,2,Tuesday,132,RIGHT REAR.,2,676965,Cross intersection,2,80,Local Road,GRASSY POINT,GEELONG,-38.15723,144.68556,2021,1,January,19,Night,Weekday
T20210000296,2021-01-05,15:50:00,1,Collision with vehicle,2,Tuesday,110,CROSS TRAFFIC(INTERSECTIONS ONLY),1,44566,Cross intersection,3,80,Arterial Highway,GREAT ALPINE,EAST GIPPSLAND,-37.808952,147.6484,2021,1,January,15,Afternoon Peak,Weekday
T20210006375,2021-01-05,10:28:00,1,Collision with vehicle,2,Tuesday,130,REAR END(VEHICLES IN SAME LANE),1,678610,Cross intersection,3,60,Local Road,CLARKE,DAREBIN,-37.77658,144.99765,2021,1,January,10,Midday,Weekday
T20210000474,2021-01-05,20:30:00,3,Struck animal,2,Tuesday,167,STRUCK ANIMAL,5,674634,Not at intersection,3,100,Local Road,WILDWOOD,HUME,-37.569897,144.79076,2021,1,January,20,Night,Weekday
T20210000268,2021-01-05,09:50:00,1,Collision with vehicle,2,Tuesday,132,RIGHT REAR.,1,49337,Cross intersection,3,100,Arterial Highway,MURRAY VALLEY,MOIRA,-35.9604,145.69565,2021,1,January,9,Morning Peak,Weekday
T20210000299,2021-01-05,09:45:00,6,Vehicle overturned (no collision),2,Tuesday,180,OFF CARRIAGEWAY ON RIGHT BEND,1,674628,Not at intersection,2,80,Arterial Other,ARARAT-ST ARNAUD,PYRENEES,-37.15594,143.10277,2021,1,January,9,Morning Peak,Weekday
T20210000708,2021-01-05,18:30:00,1,Collision with vehicle,2,Tuesday,132,RIGHT REAR.,1,343266,Cross intersection,3,60,Arterial Highway,CITY ROAD -POWER,MELBOURNE,-37.823807,144.96266,2021,1,January,18,Afternoon Peak,Weekday
T20210000304,2021-01-05,18:30:00,4,Collision with a fixed object,2,Tuesday,181,OFF RIGHT BEND INTO OBJECT/PARKED VEHICLE,1,690004,Not at intersection,3,100,Local Road,ROMSEY,MACEDON RANGES,-37.355797,144.80304,2021,1,January,18,Afternoon Peak,Weekday
T20210000297,2021-01-05,17:20:00,1,Collision with vehicle,2,Tuesday,160,VEHICLE COLLIDES WITH VEHICLE PARKED ON LEFT OF ROAD,2,674633,Not at intersection,3,50,Local Road,DUNNE,DAREBIN,-37.71339,145.0336,2021,1,January,17,Afternoon Peak,Weekday
T20210003097,2021-01-05,04:45:00,1,Collision with vehicle,2,Tuesday,130,REAR END(VEHICLES IN SAME LANE),9,675540,Not at intersection,3,60,Arterial Highway,WARRIGAL,KINGSTON,-37.95449,145.07652,2021,1,January,4,Late Night,Weekday
T20210000280,2021-01-05,11:27:00,1,Collision with vehicle,2,Tuesday,110,CROSS TRAFFIC(INTERSECTIONS ONLY),1,17754,Cross intersection,3,100,Arterial Other,KATAMATITE-NATHALIA,MOIRA,-36.074177,145.33174,2021,1,January,11,Midday,Weekday
T20210000375,2021-01-06,20:49:00,1,Collision with vehicle,3,Wednesday,110,CROSS TRAFFIC(INTERSECTIONS ONLY),2,49358,Cross intersection,3,100,Local Road,LABUAN,SHEPPARTON,-36.199192,145.53159,2021,1,January,20,Night,Weekday
T20210000357,2021-01-06,09:00:00,1,Collision with vehicle,3,Wednesday,130,REAR END(VEHICLES IN SAME LANE),1,672244,Not at intersection,3,60,Local Road,HAWTHORY,YARRA RANGES,-37.795322,145.31363,2021,1,January,9,Morning Peak,Weekday
T20210000467,2021-01-06,17:00:00,8,No collision and no object struck,3,Wednesday,174,OUT OF CONTROL ON CARRIAGEWAY (ON STRAIGHT),1,36002,T intersection,3,70,Local Road,CORDUROY,YARRA RANGES,-37.774883,145.60498,2021,1,January,17,Afternoon Peak,Weekday
T20210003027,2021-01-06,19:10:00,1,Collision with vehicle,3,Wednesday,110,CROSS TRAFFIC(INTERSECTIONS ONLY),1,59730,Cross intersection,3,60,Local Road,MUNDY,BENDIGO,-36.763695,144.29233,2021,1,January,19,Night,Weekday
T20230004303,2021-01-06,09:00:00,1,Collision with vehicle,3,Wednesday,130,REAR END(VEHICLES IN SAME LANE),1,778396,T intersection,3,60,Arterial Other,PASCOE VALE,HUME,-37.651787,144.93039,2021,1,January,9,Morning Peak,Weekday
T20210000372,2021-01-06,18:50:00,4,Collision with a fixed object,3,Wednesday,171,LEFT OFF CARRIAGEWAY INTO OBJECT/PARKED VEHICLE,1,679685,Not at intersection,2,100,Arterial Other,MURCHISON-VIOLET TOWN,STRATHBOGIE,-36.62227,145.63364,2021,1,January,18,Afternoon Peak,Weekday
T20210000371,2021-01-06,18:00:00,1,Collision with vehicle,3,Wednesday,140,U TURN,1,672901,Cross intersection,3,50,Local Road,THE AVENUE,BRIMBANK,-37.79899,144.80115,2021,1,January,18,Afternoon Peak,Weekday
T20210002258,2021-01-06,12:00:00,2,Struck Pedestrian,3,Wednesday,108,PED STRUCK WALKING TO/FROM OR BOARDING/ALIGHTING VEHICLE.,1,81012,Not at intersection,3,40,Local Road,CHAPEL,STONNINGTON,-37.8479,144.99397,2021,1,January,12,Midday,Weekday
T20210000380,2021-01-06,23:14:00,1,Collision with vehicle,3,Wednesday,110,CROSS TRAFFIC(INTERSECTIONS ONLY),3,42380,Cross intersection,2,80,Arterial Other,BOUNDARY ROAD -CLAYTON,KINGSTON,-37.957657,145.11348,2021,1,January,23,Night,Weekday
T20210000336,2021-01-06,11:35:00,1,Collision with vehicle,3,Wednesday,133,LANE SIDE SWIPE (VEHICLES IN PARALLEL LANES),1,672234,Not at intersection,3,80,Arterial Highway,BURWOOD,KNOX,-37.885395,145.2837,2021,1,January,11,Midday,Weekday