ACCIDENT_NO,ACCIDENT_DATE,ACCIDENT_TIME,ACCIDENT_TYPE,ACCIDENT_TYPE_DESC,DAY_OF_WEEK,DAY_WEEK_DESC,DCA_CODE,DCA_DESC,LIGHT_CONDITION,NODE_ID,ROAD_GEOMETRY_DESC,SEVERITY,SPEED_ZONE,RMA,ROAD_NAME,LGA_NAME,LATITUDE,LONGITUDE,YEAR,MONTH,MONTH_NAME,HOUR,TIME_PERIOD,DAY_TYPE
T20210000374,2021-01-06,16:10:00,1,Collision with vehicle,3,Wednesday,121,RIGHT THROUGH,1,411,Cross intersection,3,40,Arterial Other,STATION,DAREBIN,-37.774384,145.01889,2021,1,January,16,Afternoon Peak,Weekday
T20210000359,2021-01-06,15:35:00,1,Collision with vehicle,3,Wednesday,113,RIGHT NEAR (INTERSECTIONS ONLY),1,672235,T intersection,3,60,Arterial Other,BLACKBURN,WHITEHORSE,-37.820908,145.15285,2021,1,January,15,Afternoon Peak,Weekday
T20210000744,2021-01-06,14:15:00,1,Collision with vehicle,3,Wednesday,111,RIGHT FAR (INTERSECTIONS ONLY),1,61728,T intersection,3,60,Arterial Other,SETTLEMENT,WHITTLESEA,-37.687954,145.01375,2021,1,January,14,Midday,Weekday
T20210000368,2021-01-06,19:30:00,1,Collision with vehicle,3,Wednesday,130,REAR END(VEHICLES IN SAME LANE),2,45513,Cross intersection,2,60,Arterial Other,MELVILLE,MORELAND,-37.762108,144.94426,2021,1,January,19,Night,Weekday
T20210000329,2021-01-06,06:48:00,4,Collision with a fixed object,3,Wednesday,151,OUT OF CONTROL (OVERTAKING),1,729834,Not at intersection,2,70,Arterial Other,MAIDSTONE,HOBSONS BAY,-37.851818,144.80856,2021,1,January,6,Morning Peak,Weekday
T20210000367,2021-01-06,17:50:00,1,Collision with vehicle,3,Wednesday,147,VEHICLE STRIKES ANOTHER VEH WHILE EMERGING FROM DRIVEWAY,1,226252,Not at intersection,3,60,Local Road,CAROLINE SPRINGS,MELTON,-37.754898,144.73978,2021,1,January,17,Afternoon Peak,Weekday
T20210000366,2021-01-06,19:45:00,1,Collision with vehicle,3,Wednesday,110,CROSS TRAFFIC(INTERSECTIONS ONLY),1,51563,Cross intersection,2,60,Local Road,BENNETT,BENDIGO,-36.747368,144.26099,2021,1,January,19,Night,Weekday
T20210000316,2021-01-06,01:20:00,8,No collision and no object struck,3,Wednesday,172,OFF CARRIAGEWAY TO RIGHT,5,672249,Not at intersection,3,100,Arterial Other,BACCHUS MARSH,MACEDON RANGES,-37.492256,144.50624,2021,1,January,1,Late Night,Weekday
T20210000422,2021-01-06,17:30:00,1,Collision with vehicle,3,Wednesday,120,HEAD ON (NOT OVERTAKING),1,22695,T intersection,3,80,Local Road,JONES,PYRENEES,-37.337864,143.51433,2021,1,January,17,Afternoon Peak,Weekday
T20210004065,2021-01-06,17:45:00,1,Collision with vehicle,3,Wednesday,130,REAR END(VEHICLES IN SAME LANE),1,305008,Cross intersection,3,60,Arterial Other,BUTCHER,BENDIGO,-36.77077,144.31407,2021,1,January,17,Afternoon Peak,Weekday
T20210000365,2021-01-06,18:25:00,6,Vehicle overturned (no collision),3,Wednesday,172,OFF CARRIAGEWAY TO RIGHT,1,674629,Not at intersection,2,60,Local Road,WATCHEM-WARRACKNABEAL,BULOKE,-36.14304,142.7353,2021,1,January,18,Afternoon Peak,Weekday
T20210000340,2021-01-06,10:33:00,1,Collision with vehicle,3,Wednesday,135,LANE CHANGE LEFT (NOT OVERTAKING),1,689640,Not at intersection,3,80,Arterial Other,CANTERBURY,MAROONDAH,-37.81971,145.31137,2021,1,January,10,Midday,Weekday
T20210000337,2021-01-06,12:40:00,4,Collision with a fixed object,3,Wednesday,171,LEFT OFF CARRIAGEWAY INTO OBJECT/PARKED VEHICLE,1,672278,Not at intersection,2,80,Arterial Highway,MAROONDAH,YARRA RANGES,-37.6939,145.42162,2021,1,January,12,Midday,Weekday
T20210000379,2021-01-06,16:57:00,1,Collision with vehicle,3,Wednesday,132,RIGHT REAR.,1,675712,T intersection,2,100,Arterial Highway,WIMMERA,WEST WIMMERA,-36.97772,141.11362,2021,1,January,16,Afternoon Peak,Weekday
T20210000353,2021-01-06,16:40:00,4,Collision with a fixed object,3,Wednesday,173,RIGHT OFF CARRIAGEWAY INTO OBJECT/PARKED VEHICLE,1,674855,Not at intersection,2,80,Local Road,BALLARTO,CASEY,-38.132385,145.3156,2021,1,January,16,Afternoon Peak,Weekday
T20210000355,2021-01-06,17:45:00,1,Collision with vehicle,3,Wednesday,110,CROSS TRAFFIC(INTERSECTIONS ONLY),1,36298,Cross intersection,2,50,Local Road,CROYDON HILLS,MAROONDAH,-37.77449,145.27556,2021,1,January,17,Afternoon Peak,Weekday
T20210000378,2021-01-06,06:20:00,4,Collision with a fixed object,3,Wednesday,173,RIGHT OFF CARRIAGEWAY INTO OBJECT/PARKED VEHICLE,1,672277,Not at intersection,2,50,Local Road,EDGAR,GLENELG,-38.36481,141.61292,2021,1,January,6,Morning Peak,Weekday
T20210000349,2021-01-06,13:10:00,5,collision with some other object,3,Wednesday,183,OFF LEFT BEND INTO OBJECT/PARKED VEHICLE,1,672900,Not at intersection,3,100,Local Road,WATTS,EAST GIPPSLAND,-37.794945,147.77759,2021,1,January,13,Midday,Weekday
T20210000437,2021-01-07,15:56:00,1,Collision with vehicle,4,Thursday,130,REAR END(VEHICLES IN SAME LANE),1,95773,Not at intersection,2,60,Arterial Highway,NORTH,GLEN EIRA,-37.90749,145.0688,2021,1,January,15,Afternoon Peak,Weekday
T20210001274,2021-01-07,15:30:00,1,Collision with vehicle,4,Thursday,113,RIGHT NEAR (INTERSECTIONS ONLY),1,61902,T intersection,3,60,Arterial Other,SETTLEMENT,WHITTLESEA,-37.696392,145.04733,2021,1,January,15,Afternoon Peak,Weekday
T20210000438,2021-01-07,16:30:00,4,Collision with a fixed object,4,Thursday,171,LEFT OFF CARRIAGEWAY INTO OBJECT/PARKED VEHICLE,1,675097,Not at intersection,3,60,Local Road,ABBOTTS,DANDENONG,-38.032158,145.21596,2021,1,January,16,Afternoon Peak,Weekday
T20210000443,2021-01-07,22:55:00,1,Collision with vehicle,4,Thursday,110,CROSS TRAFFIC(INTERSECTIONS ONLY),3,226245,Cross intersection,2,80,Arterial Highway,NEPEAN,BAYSIDE,-37.90637,145.00873,2021,1,January,22,Night,Weekday
T20210001496,2021-01-07,13:00:00,7,Fall from or in moving vehicle,4,Thursday,190,FELL IN/FROM VEHICLE,1,673445,Not at intersection,2,50,Local Road,HAMMERSLEY,GEELONG,-38.103897,144.33397,2021,1,January,13,Midday,Weekday
T20210000434,2021-01-07,18:50:00,1,Collision with vehicle,4,Thursday,130,REAR END(VEHICLES IN SAME LANE),1,292537,T intersection,3,70,Arterial Other,POUND,CASEY,-38.029648,145.27765,2021,1,January,18,Afternoon Peak,Weekday
T20210001033,2021-01-07,15:30:00,1,Collision with vehicle,4,Thursday,135,LANE CHANGE LEFT (NOT OVERTAKING),1,673056,Not at intersection,3,50,Local Road,KOOYONG,GLEN EIRA,-37.86335,145.01933,2021,1,January,15,Afternoon Peak,Weekday
T20210000834,2021-01-07,20:30:00,6,Vehicle overturned (no collision),4,Thursday,184,OUT OF CONTROL ON CARRIAGEWAY (ON BEND),1,681296,Not at intersection,2,100,Arterial Other,LAKE MOUNTAIN,(LAKE MOUNTAIN),-37.52363,145.87463,2021,1,January,20,Night,Weekday
T20210002360,2021-01-07,19:30:00,1,Collision with vehicle,4,Thursday,148,VEHICLE OFF FOOTPATH STRIKES VEH ON CARRIAGEWAY,1,674781,Multiple intersection,2,80,Freeway,HIGH STREET-EASTLINK IN,KNOX,-37.87665,145.21193,2021,1,January,19,Night,Weekday
T20210000426,2021-01-07,18:16:00,1,Collision with vehicle,4,Thursday,121,RIGHT THROUGH,1,292572,T intersection,2,70,Arterial Other,CRANBOURNE,FRANKSTON,-38.146694,145.13857,2021,1,January,18,Afternoon Peak,Weekday
T20210000417,2021-01-07,14:50:00,5,collision with some other object,4,Thursday,198,OTHER ACCIDENTS NOT CLASSIFIABLE ELSEWHERE,1,672328,Not at intersection,3,60,Arterial Other,BELGRAVE-GEMBROOK,CARDINIA,-37.92388,145.46138,2021,1,January,14,Midday,Weekday
T20210000416,2021-01-07,13:16:00,1,Collision with vehicle,4,Thursday,130,REAR END(VEHICLES IN SAME LANE),1,672624,Not at intersection,2,100,Freeway,PRINCES,HOBSONS BAY,-37.836315,144.80324,2021,1,January,13,Midday,Weekday
T20210000414,2021-01-07,12:34:00,7,Fall from or in moving vehicle,4,Thursday,190,FELL IN/FROM VEHICLE,1,673428,Not at intersection,3,50,Local Road,MAY,HOBSONS BAY,-37.83404,144.8576,2021,1,January,12,Midday,Weekday
T20210000413,2021-01-07,12:25:00,2,Struck Pedestrian,4,Thursday,100,PED NEAR SIDE. PED HIT BY VEHICLE FROM THE RIGHT.,1,672729,Not at intersection,2,50,Local Road,CHAMBERS,HOBSONS BAY,-37.827217,144.84395,2021,1,January,12,Midday,Weekday
T20210000801,2021-01-07,17:45:00,1,Collision with vehicle,4,Thursday,130,REAR END(VEHICLES IN SAME LANE),1,672735,Not at intersection,2,70,Arterial Other,BALLARAT,BRIMBANK,-37.777687,144.83362,2021,1,January,17,Afternoon Peak,Weekday
T20210001332,2021-01-07,14:30:00,1,Collision with vehicle,4,Thursday,130,REAR END(VEHICLES IN SAME LANE),1,674637,Not at intersection,3,100,Arterial Other,MT BAW BAW TOURIST,BAW BAW,-37.89788,145.981,2021,1,January,14,Midday,Weekday
T20210000442,2021-01-07,23:55:00,4,Collision with a fixed object,4,Thursday,171,LEFT OFF CARRIAGEWAY INTO OBJECT/PARKED VEHICLE,3,255897,T intersection,3,50,Local Road,ALBATROSS,MORNINGTON PENINSULA,-38.19471,145.07454,2021,1,January,23,Night,Weekday
T20210000397,2021-01-07,08:49:00,1,Collision with vehicle,4,Thursday,130,REAR END(VEHICLES IN SAME LANE),1,43658,Cross intersection,3,50,Arterial Other,GAP,HUME,-37.576736,144.69377,2021,1,January,8,Morning Peak,Weekday
T20210003219,2021-01-07,19:10:00,1,Collision with vehicle,4,Thursday,130,REAR END(VEHICLES IN SAME LANE),2,675543,Multiple intersection,3,60,Freeway,WEST GATE OUT-GRIEVE,HOBSONS BAY,-37.825924,144.83096,2021,1,January,19,Night,Weekday
T20210000439,2021-01-07,14:22:00,1,Collision with vehicle,4,Thursday,142,LEAVING PARKING,1,672817,Not at intersection,3,60,Arterial Other,STURT,BALLARAT,-37.561176,143.84975,2021,1,January,14,Midday,Weekday
T20210002151,2021-01-07,13:00:00,1,Collision with vehicle,4,Thursday,130,REAR END(VEHICLES IN SAME LANE),9,674212,T intersection,3,60,Local Road,CHARLES,MARIBYRNONG,-37.8066,144.89116,2021,1,January,13,Midday,Weekday
T20210000403,2021-01-07,05:50:00,1,Collision with vehicle,4,Thursday,130,REAR END(VEHICLES IN SAME LANE),9,222991,Cross intersection,3,100,Arterial Highway,DANDENONG-HASTINGS,DANDENONG,-38.06285,145.24219,2021,1,January,5,Morning Peak,Weekday
T20210000764,2021-01-07,12:57:00,1,Collision with vehicle,4,Thursday,121,RIGHT THROUGH,1,335706,Cross intersection,3,80,Arterial Other,HALLAM,CASEY,-38.02847,145.26877,2021,1,January,12,Midday,Weekday
T20210000480,2021-01-08,11:02:00,2,Struck Pedestrian,5,Friday,102,FAR SIDE. PED HIT BY VEHICLE FROM THE LEFT,1,673045,Not at intersection,2,70,Arterial Other,EAST BOUNDARY,GLEN EIRA,-37.915134,145.06018,2021,1,January,11,Midday,Weekday
T20210000485,2021-01-08,14:00:00,6,Vehicle overturned (no collision),5,Friday,184,OUT OF CONTROL ON CARRIAGEWAY (ON BEND),1,675244,Not at intersection,3,50,Local Road,WARRUGA,WHITTLESEA,-37.61362,145.04176,2021,1,January,14,Midday,Weekday
T20210000479,2021-01-08,13:30:00,1,Collision with vehicle,5,Friday,121,RIGHT THROUGH,1,49914,Cross intersection,2,60,Arterial Highway,ABERDEEN,GEELONG,-38.14538,144.33546,2021,1,January,13,Midday,Weekday
T20210000475,2021-01-08,12:53:00,1,Collision with vehicle,5,Friday,110,CROSS TRAFFIC(INTERSECTIONS ONLY),1,35958,Cross intersection,2,80,Arterial Other,LOWER DUNEED,SURF COAST,-38.25055,144.35078,2021,1,January,12,Midday,Weekday
T20210000471,2021-01-08,11:50:00,1,Collision with vehicle,5,Friday,130,REAR END(VEHICLES IN SAME LANE),1,35605,Cross intersection,3,80,Arterial Highway,WARRIGAL,KINGSTON,-37.982174,145.07135,2021,1,January,11,Midday,Weekday
T20210000492,2021-01-08,14:12:00,2,Struck Pedestrian,5,Friday,108,PED STRUCK WALKING TO/FROM OR BOARDING/ALIGHTING VEHICLE.,1,673139,Cross intersection,2,40,Local Road,PARK,PORT PHILLIP,-37.83519,144.9617,2021,1,January,14,Midday,Weekday
T20210000469,2021-01-08,11:28:00,2,Struck Pedestrian,5,Friday,101,PED EMERGES FROM IN FRONT OF PARKED OR STATIONARY VEHICLE,1,729838,Not at intersection,2,40,Arterial Other,CARLISLE,PORT PHILLIP,-37.868526,144.9916,2021,1,January,11,Midday,Weekday
T20210000739,2021-01-08,18:30:00,1,Collision with vehicle,5,Friday,130,REAR END(VEHICLES IN SAME LANE),1,674728,T intersection,3,60,Arterial Highway,DIGGERS,SURF COAST,-38.339333,144.31157,2021,1,January,18,Afternoon Peak,Weekday
T20210001460,2021-01-08,15:00:00,1,Collision with vehicle,5,Friday,130,REAR END(VEHICLES IN SAME LANE),1,676333,Not at intersection,3,80,Arterial Other,BONEO,MORNINGTON PENINSULA,-38.38179,144.88893,2021,1,January,15,Afternoon Peak,Weekday
T20210000831,2021-01-08,14:20:00,1,Collision with vehicle,5,Friday,130,REAR END(VEHICLES IN SAME LANE),9,45262,T intersection,3,60,Arterial Other,BARRY,HUME,-37.666714,144.94942,2021,1,January,14,Midday,Weekday
T20210000494,2021-01-08,15:31:00,1,Collision with vehicle,5,Friday,154,PULLING OUT -REAR END,1,672334,Not at intersection,2,60,Arterial Other,GRANGE,GLEN EIRA,-37.889393,145.04494,2021,1,January,15,Afternoon Peak,Weekday
T20210000511,2021-01-08,23:20:00,1,Collision with vehicle,5,Friday,116,LEFT NEAR (INTERSECTIONS ONLY),3,84819,Cross intersection,3,60,Arterial Other,DEMPSTER,MARIBYRNONG,-37.799545,144.8621,2021,1,January,23,Night,Weekday
T20210000537,2021-01-08,11:05:00,1,Collision with vehicle,5,Friday,130,REAR END(VEHICLES IN SAME LANE),1,673328,Not at intersection,2,100,Arterial Highway,MIDLAND,HEPBURN,-37.28278,144.1566,2021,1,January,11,Midday,Weekday
T20210000506,2021-01-08,23:59:00,4,Collision with a fixed object,5,Friday,173,RIGHT OFF CARRIAGEWAY INTO OBJECT/PARKED VEHICLE,3,683391,T intersection,2,80,Arterial Highway,DANDENONG,MONASH,-37.92352,145.14148,2021,1,January,23,Night,Weekday
T20210000503,2021-01-08,14:50:00,1,Collision with vehicle,5,Friday,135,LANE CHANGE LEFT (NOT OVERTAKING),1,674572,Not at intersection,2,60,Arterial Highway,ROSANNA,BANYULE,-37.740715,145.0738,2021,1,January,14,Midday,Weekday
T20210001549,2021-01-08,23:00:00,1,Collision with vehicle,5,Friday,120,HEAD ON (NOT OVERTAKING),3,673681,Not at intersection,3,50,Arterial Other,BURWOOD,YARRA RANGES,-37.907837,145.35062,2021,1,January,23,Night,Weekday
T20210000500,2021-01-08,17:20:00,1,Collision with vehicle,5,Friday,121,RIGHT THROUGH,1,69099,T intersection,2,50,Local Road,BAY,BAYSIDE,-37.905697,145.0038,2021,1,January,17,Afternoon Peak,Weekday
T20210002493,2021-01-08,15:16:00,1,Collision with vehicle,5,Friday,121,RIGHT THROUGH,1,35507,Cross intersection,3,60,Arterial Other,MALVERN,STONNINGTON,-37.8505,145.02144,2021,1,January,15,Afternoon Peak,Weekday
T20210000523,2021-01-08,15:45:00,1,Collision with vehicle,5,Friday,130,REAR END(VEHICLES IN SAME LANE),1,683306,T intersection,2,60,Arterial Other,BULLA,MOONEE VALLEY,-37.741375,144.90813,2021,1,January,15,Afternoon Peak,Weekday
T20210000666,2021-01-08,18:00:00,1,Collision with vehicle,5,Friday,130,REAR END(VEHICLES IN SAME LANE),9,672818,Not at intersection,3,100,Freeway,PRINCES,CASEY,-38.051765,145.35847,2021,1,January,18,Afternoon Peak,Weekday
T20210000455,2021-01-08,06:20:00,4,Collision with a fixed object,5,Friday,173,RIGHT OFF CARRIAGEWAY INTO OBJECT/PARKED VEHICLE,1,676035,Not at intersection,2,80,Arterial Highway,NEPEAN,KINGSTON,-37.98411,145.07607,2021,1,January,6,Morning Peak,Weekday
T20210000516,2021-01-08,23:53:00,4,Collision with a fixed object,5,Friday,173,RIGHT OFF CARRIAGEWAY INTO OBJECT/PARKED VEHICLE,3,677026,Not at intersection,3,50,Local Road,BADDELEY,MAROONDAH,-37.780964,145.29543,2021,1,January,23,Night,Weekday
T20210000491,2021-01-08,12:10:00,6,Vehicle overturned (no collision),5,Friday,184,OUT OF CONTROL ON CARRIAGEWAY (ON BEND),1,681861,Not at intersection,2,100,Arterial Other,EUROA-MANSFIELD,STRATHBOGIE,-36.92607,145.65451,2021,1,January,12,Midday,Weekday
T20210000659,2021-01-08,20:20:00,1,Collision with vehicle,5,Friday,113,RIGHT NEAR (INTERSECTIONS ONLY),2,40438,T intersection,3,60,Arterial Highway,TOORAK,BOROONDARA,-37.846016,145.05676,2021,1,January,20,Night,Weekday
T20210002291,2021-01-08,17:30:00,1,Collision with vehicle,5,Friday,130,REAR END(VEHICLES IN SAME LANE),1,52773,Not at intersection,3,50,Arterial Other,HOWITT,BALLARAT,-37.540283,143.83128,2021,1,January,17,Afternoon Peak,Weekday
T20210000489,2021-01-08,14:40:00,1,Collision with vehicle,5,Friday,111,RIGHT FAR (INTERSECTIONS ONLY),1,36285,T intersection,3,40,Arterial Other,HIGH,WHITTLESEA,-37.682747,145.01341,2021,1,January,14,Midday,Weekday
T20210000501,2021-01-08,15:45:00,1,Collision with vehicle,5,Friday,121,RIGHT THROUGH,1,676729,T intersection,3,60,Local Road,EDINBURGH,YARRA,-37.82644,145.00545,2021,1,January,15,Afternoon Peak,Weekday
T20210000449,2021-01-08,03:30:00,1,Collision with vehicle,5,Friday,169,OTHER ON PATH,3,680117,Not at intersection,2,50,Local Road,ELECTRIC,HUME,-37.6935,144.91624,2021,1,January,3,Late Night,Weekday
T20210001777,2021-01-08,21:45:00,1,Collision with vehicle,5,Friday,140,U TURN,3,45100,T intersection,3,60,Arterial Other,BALLARAT,BRIMBANK,-37.77845,144.84044,2021,1,January,21,Night,Weekday
T20210000487,2021-01-08,14:18:00,1,Collision with vehicle,5,Friday,130,REAR END(VEHICLES IN SAME LANE),1,675452,Multiple intersection,2,100,Freeway,AVALON-PRINCES OUT,GEELONG,-38.032272,144.42744,2021,1,January,14,Midday,Weekday
T20210000486,2021-01-08,15:15:00,4,Collision with a fixed object,5,Friday,175,OFF END OF ROAD/T-INTERSECTION.,1,673429,T intersection,3,70,Arterial Other,HOPKINS,MELTON,-37.757256,144.70306,2021,1,January,15,Afternoon Peak,Weekday
T20210001933,2021-01-08,12:45:00,8,No collision and no object struck,5,Friday,174,OUT OF CONTROL ON CARRIAGEWAY (ON STRAIGHT),1,674046,Not at intersection,3,60,Arterial Other,HUNTINGDALE,MONASH,-37.88224,145.10905,2021,1,January,12,Midday,Weekday
T20210000450,2021-01-08,05:20:00,1,Collision with vehicle,5,Friday,113,RIGHT NEAR (INTERSECTIONS ONLY),2,43239,T intersection,2,40,Arterial Highway,NEPEAN,KINGSTON,-38.047592,145.1137,2021,1,January,5,Morning Peak,Weekday
T20210000522,2021-01-09,07:15:00,8,No collision and no object struck,6,Saturday,174,OUT OF CONTROL ON CARRIAGEWAY (ON STRAIGHT),1,43213,T intersection,2,40,Arterial Highway,NEPEAN,KINGSTON,-38.037415,145.10783,2021,1,January,7,Morning Peak,Weekend
T20210000517,2021-01-09,03:40:00,6,Vehicle overturned (no collision),6,Saturday,170,OFF CARRIAGEWAY TO LEFT,5,694437,Not at intersection,2,100,Arterial Other,DONALD-SWAN HILL,GANNAWARRA,-35.687275,143.3739,2021,1,January,3,Late Night,Weekend
T20210000571,2021-01-09,22:51:00,4,Collision with a fixed object,6,Saturday,171,LEFT OFF CARRIAGEWAY INTO OBJECT/PARKED VEHICLE,3,675175,Not at intersection,2,60,Arterial Other,HIGH,WHITTLESEA,-37.65004,145.02487,2021,1,January,22,Night,Weekend
T20210000572,2021-01-09,22:50:00,6,Vehicle overturned (no collision),6,Saturday,172,OFF CARRIAGEWAY TO RIGHT,5,682403,Not at intersection,3,100,Local Road,UNNAMED,MANSFIELD,-37.059017,145.89171,2021,1,January,22,Night,Weekend
T20210000576,2021-01-09,23:53:00,6,Vehicle overturned (no collision),6,Saturday,180,OFF CARRIAGEWAY ON RIGHT BEND,5,680490,Not at intersection,3,100,Local Road,BARKSTEAD,MOORABOOL,-37.55041,144.01627,2021,1,January,23,Night,Weekend
T20210000577,2021-01-09,23:40:00,4,Collision with a fixed object,6,Saturday,181,OFF RIGHT BEND INTO OBJECT/PARKED VEHICLE,5,684751,Not at intersection,3,100,Arterial Other,WINCHELSEA-DEANS MARSH,SURF COAST,-38.373894,143.89859,2021,1,January,23,Night,Weekend
T20210000579,2021-01-09,21:55:00,1,Collision with vehicle,6,Saturday,110,CROSS TRAFFIC(INTERSECTIONS ONLY),3,351849,Cross intersection,3,80,Arterial Other,RESERVOIR,HUME,-37.643764,144.92908,2021,1,January,21,Night,Weekend
T20210000585,2021-01-09,23:15:00,4,Collision with a fixed object,6,Saturday,173,RIGHT OFF CARRIAGEWAY INTO OBJECT/PARKED VEHICLE,3,677402,T intersection,3,80,Arterial Other,CRANBOURNE ROAD -NARRE WARREN,CASEY,-38.07184,145.29774,2021,1,January,23,Night,Weekend
T20210000594,2021-01-09,11:30:00,5,collision with some other object,6,Saturday,166,STRUCK OBJECT ON CARRIAGEWAY,1,673674,Cross intersection,3,100,Local Road,ROCKLYN,HEPBURN,-37.434265,144.0787,2021,1,January,11,Midday,Weekend
T20210000596,2021-01-09,15:40:00,5,collision with some other object,6,Saturday,173,RIGHT OFF CARRIAGEWAY INTO OBJECT/PARKED VEHICLE,1,693983,Not at intersection,3,100,Arterial Highway,MIDLAND,CAMPASPE,-36.455704,144.77486,2021,1,January,15,Afternoon Peak,Weekend
T20210000598,2021-01-09,12:30:00,1,Collision with vehicle,6,Saturday,130,REAR END(VEHICLES IN SAME LANE),1,674202,Not at intersection,2,100,Arterial Highway,GREAT ALPINE,WANGARATTA,-36.38483,146.41911,2021,1,January,12,Midday,Weekend
T20210000515,2021-01-09,03:10:00,4,Collision with a fixed object,6,Saturday,183,OFF LEFT BEND INTO OBJECT/PARKED VEHICLE,3,249910,T intersection,2,50,Local Road,ELLENVALE,CASEY,-38.002663,145.31691,2021,1,January,3,Late Night,Weekend
T20210001187,2021-01-09,09:30:00,1,Collision with vehicle,6,Saturday,147,VEHICLE STRIKES ANOTHER VEH WHILE EMERGING FROM DRIVEWAY,1,683180,Not at intersection,3,60,Arterial Other,CENTRE,GLEN EIRA,-37.92393,145.08185,2021,1,January,9,Morning Peak,Weekend
T20210000510,2021-01-09,02:25:00,2,Struck Pedestrian,6,Saturday,108,PED STRUCK WALKING TO/FROM OR BOARDING/ALIGHTING VEHICLE.,3,672396,Not at intersection,3,60,Local Road,LEWIS,KNOX,-37.86084,145.25174,2021,1,January,2,Late Night,Weekend
T20210000530,2021-01-09,09:43:00,4,Collision with a fixed object,6,Saturday,183,OFF LEFT BEND INTO OBJECT/PARKED VEHICLE,1,672625,Not at intersection,3,50,Local Road,ALMA,NILLUMBIK,-37.65879,145.25102,2021,1,January,9,Morning Peak,Weekend
T20210000533,2021-01-09,10:00:00,1,Collision with vehicle,6,Saturday,147,VEHICLE STRIKES ANOTHER VEH WHILE EMERGING FROM DRIVEWAY,1,68645,T intersection,3,60,Arterial Other,STEPHENSONS,MONASH,-37.89031,145.12627,2021,1,January,10,Midday,Weekend
T20210000534,2021-01-09,12:10:00,1,Collision with vehicle,6,Saturday,148,VEHICLE OFF FOOTPATH STRIKES VEH ON CARRIAGEWAY,1,673934,Not at intersection,3,50,Local Road,DANA,MORNINGTON PENINSULA,-38.37039,144.77344,2021,1,January,12,Midday,Weekend
T20210000535,2021-01-09,12:00:00,1,Collision with vehicle,6,Saturday,134,LANE CHANGE RIGHT (NOT OVERTAKING),1,672626,Unknown,2,70,Arterial Other,CAMPBELLFIELD-GREENSBOROUGH,WHITTLESEA,-37.69131,144.9768,2021,1,January,12,Midday,Weekend
T20210000536,2021-01-09,12:00:00,1,Collision with vehicle,6,Saturday,110,CROSS TRAFFIC(INTERSECTIONS ONLY),1,17594,Cross intersection,2,100,Local Road,KATANDRA MAIN,SHEPPARTON,-36.239246,145.58414,2021,1,January,12,Midday,Weekend
T20210000538,2021-01-09,12:50:00,1,Collision with vehicle,6,Saturday,129,OTHER OPPOSING MANOEUVRES NOT INCLUDED IN DCAs 120-125.,1,781470,Not at intersection,3,60,Arterial Other,KURRAK,WHITTLESEA,-37.649708,145.10417,2021,1,January,12,Midday,Weekend
T20210000541,2021-01-09,14:10:00,1,Collision with vehicle,6,Saturday,110,CROSS TRAFFIC(INTERSECTIONS ONLY),1,676966,Cross intersection,2,50,Local Road,BOLTON,BAYSIDE,-37.931114,144.99596,2021,1,January,14,Midday,Weekend
T20210000545,2021-01-09,15:00:00,1,Collision with vehicle,6,Saturday,113,RIGHT NEAR (INTERSECTIONS ONLY),1,729841,T intersection,2,60,Local Road,ESPLANADE,MORNINGTON PENINSULA,-38.214054,145.04532,2021,1,January,15,Afternoon Peak,Weekend
T20210000547,2021-01-09,12:00:00,2,Struck Pedestrian,6,Saturday,103,PED PLAYING/LYING/WORKING/STANDING ON CARRIAGEWAY.,1,676498,Not at intersection,3,50,Local Road,PROSPECTOR,MONASH,-37.904297,145.19217,2021,1,January,12,Midday,Weekend
T20210000548,2021-01-09,13:50:00,1,Collision with vehicle,6,Saturday,160,VEHICLE COLLIDES WITH VEHICLE PARKED ON LEFT OF ROAD,1,682406,Not at intersection,3,60,Local Road,EDGECOMBE,MACEDON RANGES,-37.245216,144.46352,2021,1,January,13,Midday,Weekend
T20210000550,2021-01-09,15:15:00,1,Collision with vehicle,6,Saturday,132,RIGHT REAR.,9,52519,T intersection,3,60,Local Road,BIRRALEE,MILDURA,-34.199654,142.1487,2021,1,January,15,Afternoon Peak,Weekend
T20210000554,2021-01-09,16:24:00,1,Collision with vehicle,6,Saturday,120,HEAD ON (NOT OVERTAKING),1,683443,Y intersection,2,80,Local Road,COOLART,MORNINGTON PENINSULA,-38.36128,145.14565,2021,1,January,16,Afternoon Peak,Weekend
T20210000555,2021-01-09,16:11:00,1,Collision with vehicle,6,Saturday,130,REAR END(VEHICLES IN SAME LANE),1,677827,Not at intersection,3,80,Arterial Highway,BURWOOD,WHITEHORSE,-37.858643,145.19852,2021,1,January,16,Afternoon Peak,Weekend
T20210000557,2021-01-09,16:56:00,1,Collision with vehicle,6,Saturday,132,RIGHT REAR.,1,672542,Not at intersection,3,40,Arterial Other,HIGH,STONNINGTON,-37.85145,144.99028,2021,1,January,16,Afternoon Peak,Weekend