ACCIDENT_NO,ACCIDENT_DATE,ACCIDENT_TIME,ACCIDENT_TYPE,ACCIDENT_TYPE_DESC,DAY_OF_WEEK,DAY_WEEK_DESC,DCA_CODE,DCA_DESC,LIGHT_CONDITION,NODE_ID,ROAD_GEOMETRY_DESC,SEVERITY,SPEED_ZONE,RMA,ROAD_NAME,LGA_NAME,LATITUDE,LONGITUDE,YEAR,MONTH,MONTH_NAME,HOUR,TIME_PERIOD,DAY_TYPE
T20210000558,2021-01-09,17:45:00,1,Collision with vehicle,6,Saturday,130,REAR END(VEHICLES IN SAME LANE),1,672731,Not at intersection,2,60,Arterial Highway,GEELONG,SURF COAST,-38.32284,144.31819,2021,1,January,17,Afternoon Peak,Weekend
T20210000559,2021-01-09,14:15:00,1,Collision with vehicle,6,Saturday,130,REAR END(VEHICLES IN SAME LANE),1,672398,Not at intersection,2,60,Arterial Other,BEACH,BAYSIDE,-37.963036,145.01195,2021,1,January,14,Midday,Weekend
T20210000603,2021-01-09,09:30:00,1,Collision with vehicle,6,Saturday,148,VEHICLE OFF FOOTPATH STRIKES VEH ON CARRIAGEWAY,1,672902,Cross intersection,2,80,Local Road,CORPORATE,KNOX,-37.926395,145.22018,2021,1,January,9,Morning Peak,Weekend
T20210001029,2021-01-09,14:55:00,1,Collision with vehicle,6,Saturday,130,REAR END(VEHICLES IN SAME LANE),1,675246,Cross intersection,3,80,Arterial Highway,DANDENONG-HASTINGS,DANDENONG,-38.062943,145.24217,2021,1,January,14,Midday,Weekend
T20210001079,2021-01-09,19:40:00,1,Collision with vehicle,6,Saturday,121,RIGHT THROUGH,1,235110,T intersection,3,80,Arterial Highway,NEPEAN,BAYSIDE,-37.91464,145.01683,2021,1,January,19,Night,Weekend
T20210002319,2021-01-09,17:47:00,1,Collision with vehicle,6,Saturday,130,REAR END(VEHICLES IN SAME LANE),1,677498,Not at intersection,3,60,Arterial Highway,QUEENS,PORT PHILLIP,-37.838562,144.974,2021,1,January,17,Afternoon Peak,Weekend
T20210000942,2021-01-09,01:30:00,1,Collision with vehicle,6,Saturday,113,RIGHT NEAR (INTERSECTIONS ONLY),3,35729,T intersection,3,80,Freeway,STATION STREET -TRAM,WHITEHORSE,-37.797756,145.12695,2021,1,January,1,Late Night,Weekend
T20210000790,2021-01-09,04:15:00,4,Collision with a fixed object,6,Saturday,171,LEFT OFF CARRIAGEWAY INTO OBJECT/PARKED VEHICLE,3,688873,Not at intersection,2,60,Arterial Other,MELTON-WERRIBEE,WYNDHAM,-37.875282,144.68315,2021,1,January,4,Late Night,Weekend
T20210000651,2021-01-09,14:15:00,2,Struck Pedestrian,6,Saturday,101,PED EMERGES FROM IN FRONT OF PARKED OR STATIONARY VEHICLE,1,675922,Not at intersection,2,40,Arterial Other,BELMORE,MOIRA,-36.01424,146.00458,2021,1,January,14,Midday,Weekend
T20210000570,2021-01-09,22:03:00,1,Collision with vehicle,6,Saturday,121,RIGHT THROUGH,3,559,Cross intersection,3,60,Arterial Other,CIVIC,HOBSONS BAY,-37.8654,144.83904,2021,1,January,22,Night,Weekend
T20210004417,2021-01-09,15:00:00,1,Collision with vehicle,6,Saturday,111,RIGHT FAR (INTERSECTIONS ONLY),1,672673,Cross intersection,3,70,Arterial Other,SYDNEY,HUME,-37.689663,144.95827,2021,1,January,15,Afternoon Peak,Weekend
T20210000567,2021-01-09,14:30:00,3,Struck animal,6,Saturday,167,STRUCK ANIMAL,1,672467,Not at intersection,2,100,Arterial Other,GEMBROOK-LAUNCHING PLACE,CARDINIA,-37.91921,145.57169,2021,1,January,14,Midday,Weekend
T20210003134,2021-01-09,12:00:00,8,No collision and no object struck,6,Saturday,180,OFF CARRIAGEWAY ON RIGHT BEND,1,675624,Not at intersection,2,80,Arterial Other,GEMBROOK-LAUNCHING PLACE,CARDINIA,-37.920303,145.57127,2021,1,January,12,Midday,Weekend
T20210000566,2021-01-09,18:45:00,1,Collision with vehicle,6,Saturday,120,HEAD ON (NOT OVERTAKING),1,674935,Not at intersection,3,100,Arterial Highway,ANDERSON LINK,BASS COAST,-38.51266,145.44331,2021,1,January,18,Afternoon Peak,Weekend
T20210000563,2021-01-09,16:10:00,4,Collision with a fixed object,6,Saturday,181,OFF RIGHT BEND INTO OBJECT/PARKED VEHICLE,1,677545,Not at intersection,2,100,Arterial Other,KIEWA VALLEY,ALPINE,-36.634987,147.11644,2021,1,January,16,Afternoon Peak,Weekend
T20210000562,2021-01-09,16:30:00,6,Vehicle overturned (no collision),6,Saturday,170,OFF CARRIAGEWAY TO LEFT,1,674739,Not at intersection,2,100,Local Road,STORYS,BENDIGO,-36.849846,144.33235,2021,1,January,16,Afternoon Peak,Weekend
T20210000561,2021-01-09,18:05:00,1,Collision with vehicle,6,Saturday,150,HEAD ON(OVERTAKING),1,672576,Not at intersection,2,80,Arterial Other,MONBULK,YARRA RANGES,-37.837437,145.42766,2021,1,January,18,Afternoon Peak,Weekend
T20210000560,2021-01-09,15:40:00,1,Collision with vehicle,6,Saturday,130,REAR END(VEHICLES IN SAME LANE),1,672466,Not at intersection,3,70,Arterial Other,BALLARAT,BRIMBANK,-37.776554,144.82507,2021,1,January,15,Afternoon Peak,Weekend
T20210001224,2021-01-09,11:25:00,1,Collision with vehicle,6,Saturday,130,REAR END(VEHICLES IN SAME LANE),1,673150,Not at intersection,3,60,Local Road,MT RIDLEY,HUME,-37.583866,144.93892,2021,1,January,11,Midday,Weekend
T20210000830,2021-01-09,07:10:00,8,No collision and no object struck,6,Saturday,182,OFF CARRIAGEWAY ON LEFT BEND,1,672738,Not at intersection,2,50,Arterial Highway,GREAT OCEAN,SURF COAST,-38.481937,144.03215,2021,1,January,7,Morning Peak,Weekend
T20210001578,2021-01-09,07:00:00,8,No collision and no object struck,6,Saturday,174,OUT OF CONTROL ON CARRIAGEWAY (ON STRAIGHT),2,340540,Cross intersection,2,60,Arterial Other,BALLARAT,BRIMBANK,-37.776966,144.82874,2021,1,January,7,Morning Peak,Weekend
T20210001231,2021-01-09,16:30:00,1,Collision with vehicle,6,Saturday,121,RIGHT THROUGH,1,674735,T intersection,2,60,Arterial Highway,ROBINSON,DANDENONG,-37.98281,145.21188,2021,1,January,16,Afternoon Peak,Weekend
T20210000528,2021-01-09,09:50:00,1,Collision with vehicle,6,Saturday,121,RIGHT THROUGH,1,35507,Cross intersection,2,60,Arterial Other,MALVERN,STONNINGTON,-37.8505,145.02144,2021,1,January,9,Morning Peak,Weekend
T20210000595,2021-01-10,10:52:00,1,Collision with vehicle,7,Sunday,130,REAR END(VEHICLES IN SAME LANE),1,729842,Not at intersection,2,60,Local Road,BUNGOWER,MORNINGTON PENINSULA,-38.222836,145.06528,2021,1,January,10,Midday,Weekend
T20210005205,2021-01-10,16:30:00,1,Collision with vehicle,7,Sunday,130,REAR END(VEHICLES IN SAME LANE),1,36105,Cross intersection,3,60,Arterial Other,SPENCER,MELBOURNE,-37.80709,144.94698,2021,1,January,16,Afternoon Peak,Weekend
T20210000601,2021-01-10,11:10:00,1,Collision with vehicle,7,Sunday,130,REAR END(VEHICLES IN SAME LANE),1,45906,Not at intersection,3,80,Arterial Other,PRINCES,WYNDHAM,-37.884495,144.70096,2021,1,January,11,Midday,Weekend
T20210000725,2021-01-10,01:30:00,1,Collision with vehicle,7,Sunday,120,HEAD ON (NOT OVERTAKING),5,677280,Unknown,3,80,Arterial Highway,DANDENONG,DANDENONG,-37.98813,145.15317,2021,1,January,1,Late Night,Weekend
T20210009868,2021-01-10,14:00:00,1,Collision with vehicle,7,Sunday,130,REAR END(VEHICLES IN SAME LANE),1,685220,Not at intersection,3,80,Arterial Highway,MURRAY VALLEY,MOIRA,-35.92548,145.62343,2021,1,January,14,Midday,Weekend
T20210000622,2021-01-10,14:45:00,4,Collision with a fixed object,7,Sunday,181,OFF RIGHT BEND INTO OBJECT/PARKED VEHICLE,1,739571,Not at intersection,2,100,Local Road,NORTH HARCOURT,BENDIGO,-36.928097,144.28354,2021,1,January,14,Midday,Weekend
T20210000661,2021-01-10,20:30:00,2,Struck Pedestrian,7,Sunday,100,PED NEAR SIDE. PED HIT BY VEHICLE FROM THE RIGHT.,2,672629,Not at intersection,3,60,Arterial Highway,PRINCES,DANDENONG,-37.98014,145.20891,2021,1,January,20,Night,Weekend
T20210000606,2021-01-10,11:41:00,8,No collision and no object struck,7,Sunday,184,OUT OF CONTROL ON CARRIAGEWAY (ON BEND),1,673140,Not at intersection,3,100,Arterial Other,YARRA JUNCTION-NOOJEE,YARRA RANGES,-37.87108,145.78119,2021,1,January,11,Midday,Weekend
T20210000624,2021-01-10,21:00:00,4,Collision with a fixed object,7,Sunday,173,RIGHT OFF CARRIAGEWAY INTO OBJECT/PARKED VEHICLE,3,22502,Cross intersection,2,80,Arterial Other,LEARMONTH,BALLARAT,-37.524853,143.80957,2021,1,January,21,Night,Weekend
T20210000613,2021-01-10,12:50:00,8,No collision and no object struck,7,Sunday,170,OFF CARRIAGEWAY TO LEFT,1,673047,Not at intersection,3,100,Local Road,CAPE CONRAN,EAST GIPPSLAND,-37.800076,148.73375,2021,1,January,12,Midday,Weekend
T20210000625,2021-01-10,21:34:00,1,Collision with vehicle,7,Sunday,150,HEAD ON(OVERTAKING),5,780997,Not at intersection,3,50,Local Road,BULBAN,WYNDHAM,-37.91451,144.621,2021,1,January,21,Night,Weekend
T20210000626,2021-01-10,22:05:00,1,Collision with vehicle,7,Sunday,130,REAR END(VEHICLES IN SAME LANE),3,675141,Not at intersection,3,80,Freeway,METROPOLITAN RING,WHITTLESEA,-37.687523,144.99971,2021,1,January,22,Night,Weekend
T20210000629,2021-01-10,21:45:00,1,Collision with vehicle,7,Sunday,130,REAR END(VEHICLES IN SAME LANE),3,672427,Not at intersection,1,80,Arterial Other,NARRE WARREN NORTH,CASEY,-38.001907,145.3116,2021,1,January,21,Night,Weekend
T20210000616,2021-01-10,15:57:00,1,Collision with vehicle,7,Sunday,130,REAR END(VEHICLES IN SAME LANE),1,729843,Not at intersection,2,80,Arterial Highway,BURWOOD,KNOX,-37.88739,145.28593,2021,1,January,15,Afternoon Peak,Weekend
T20210000785,2021-01-10,12:30:00,4,Collision with a fixed object,7,Sunday,181,OFF RIGHT BEND INTO OBJECT/PARKED VEHICLE,1,673602,Not at intersection,3,80,Arterial Other,MARYSVILLE-WOODS POINT,YARRA RANGES,-37.54092,145.8454,2021,1,January,12,Midday,Weekend
T20210000597,2021-01-10,11:30:00,1,Collision with vehicle,7,Sunday,147,VEHICLE STRIKES ANOTHER VEH WHILE EMERGING FROM DRIVEWAY,1,674741,Not at intersection,3,50,Local Road,PARK,YARRA,-37.78447,145.01555,2021,1,January,11,Midday,Weekend
T20210000617,2021-01-10,17:45:00,1,Collision with vehicle,7,Sunday,116,LEFT NEAR (INTERSECTIONS ONLY),1,729844,T intersection,3,50,Local Road,LAURIMAR,WHITTLESEA,-37.586098,145.12518,2021,1,January,17,Afternoon Peak,Weekend
T20210000937,2021-01-10,10:55:00,1,Collision with vehicle,7,Sunday,130,REAR END(VEHICLES IN SAME LANE),1,675714,Not at intersection,2,60,Arterial Other,NARRE WARREN NORTH,CASEY,-38.01705,145.30856,2021,1,January,10,Midday,Weekend
T20210001104,2021-01-10,12:53:00,1,Collision with vehicle,7,Sunday,130,REAR END(VEHICLES IN SAME LANE),1,674277,Not at intersection,3,80,Arterial Highway,SPRINGVALE,KINGSTON,-38.009197,145.14107,2021,1,January,12,Midday,Weekend
T20210002342,2021-01-10,07:00:00,4,Collision with a fixed object,7,Sunday,171,LEFT OFF CARRIAGEWAY INTO OBJECT/PARKED VEHICLE,1,676889,T intersection,3,60,Arterial Other,MORWELL-TRARALGON ROAD -TONERS,LATROBE,-38.232536,146.38344,2021,1,January,7,Morning Peak,Weekend
T20210001045,2021-01-10,18:30:00,8,No collision and no object struck,7,Sunday,174,OUT OF CONTROL ON CARRIAGEWAY (ON STRAIGHT),1,673235,Not at intersection,3,50,Local Road,SYCAMORE,HUME,-37.70262,144.88054,2021,1,January,18,Afternoon Peak,Weekend
T20210002266,2021-01-10,15:00:00,6,Vehicle overturned (no collision),7,Sunday,170,OFF CARRIAGEWAY TO LEFT,1,674491,Not at intersection,3,50,Local Road,MOUNTAIN,YARRA RANGES,-37.80293,145.37099,2021,1,January,15,Afternoon Peak,Weekend
T20210003517,2021-01-10,12:00:00,1,Collision with vehicle,7,Sunday,121,RIGHT THROUGH,1,1044,T intersection,3,60,Arterial Highway,POINT NEPEAN,MORNINGTON PENINSULA,-38.322227,144.72455,2021,1,January,12,Midday,Weekend
T20210000751,2021-01-10,14:48:00,4,Collision with a fixed object,7,Sunday,183,OFF LEFT BEND INTO OBJECT/PARKED VEHICLE,1,681836,Not at intersection,2,60,Local Road,KING PARROT CREEK,MURRINDINDI,-37.180996,145.2508,2021,1,January,14,Midday,Weekend
T20210003006,2021-01-10,17:30:00,6,Vehicle overturned (no collision),7,Sunday,174,OUT OF CONTROL ON CARRIAGEWAY (ON STRAIGHT),9,675459,Not at intersection,2,50,Local Road,CERRIDWEN,WHITTLESEA,-37.62208,144.99399,2021,1,January,17,Afternoon Peak,Weekend
T20210003147,2021-01-10,11:00:00,6,Vehicle overturned (no collision),7,Sunday,184,OUT OF CONTROL ON CARRIAGEWAY (ON BEND),1,675363,Not at intersection,3,100,Arterial Other,YARRA JUNCTION-NOOJEE,BAW BAW,-37.876366,145.7921,2021,1,January,11,Midday,Weekend
T20210000592,2021-01-10,08:40:00,4,Collision with a fixed object,7,Sunday,173,RIGHT OFF CARRIAGEWAY INTO OBJECT/PARKED VEHICLE,1,674740,T intersection,3,60,Local Road,HOLLINGROVE,CASEY,-38.081627,145.36589,2021,1,January,8,Morning Peak,Weekend
T20210000842,2021-01-10,09:30:00,8,No collision and no object struck,7,Sunday,184,OUT OF CONTROL ON CARRIAGEWAY (ON BEND),1,672905,Not at intersection,3,100,Arterial Other,MOUNT BUFFALO,ALPINE,-36.71457,146.79135,2021,1,January,9,Morning Peak,Weekend
T20210013674,2021-01-10,13:00:00,1,Collision with vehicle,7,Sunday,130,REAR END(VEHICLES IN SAME LANE),1,696675,Not at intersection,3,100,Freeway,PENINSULA LINK,MORNINGTON PENINSULA,-38.269444,145.09439,2021,1,January,13,Midday,Weekend
T20210000707,2021-01-10,14:55:00,1,Collision with vehicle,7,Sunday,130,REAR END(VEHICLES IN SAME LANE),1,677403,Not at intersection,3,80,Arterial Highway,MURRAY VALLEY,MOIRA,-35.925163,145.63239,2021,1,January,14,Midday,Weekend
T20210000583,2021-01-10,01:48:00,1,Collision with vehicle,7,Sunday,110,CROSS TRAFFIC(INTERSECTIONS ONLY),3,29909,Cross intersection,2,60,Local Road,DONALD CAMERON,HUME,-37.6329,144.91939,2021,1,January,1,Late Night,Weekend
T20210000600,2021-01-10,04:50:00,1,Collision with vehicle,7,Sunday,120,HEAD ON (NOT OVERTAKING),3,679461,T intersection,2,80,Local Road,LEAKES,WYNDHAM,-37.83669,144.71439,2021,1,January,4,Late Night,Weekend
T20210001363,2021-01-10,16:30:00,6,Vehicle overturned (no collision),7,Sunday,174,OUT OF CONTROL ON CARRIAGEWAY (ON STRAIGHT),1,673848,Not at intersection,3,60,Local Road,DAFYDD,BASS COAST,-38.45428,145.20433,2021,1,January,16,Afternoon Peak,Weekend
T20210000745,2021-01-11,17:30:00,1,Collision with vehicle,1,Monday,110,CROSS TRAFFIC(INTERSECTIONS ONLY),1,50594,Cross intersection,3,50,Local Road,POLLACK,COLAC OTWAY,-38.33599,143.59221,2021,1,January,17,Afternoon Peak,Weekday
T20210013900,2021-01-11,19:15:00,6,Vehicle overturned (no collision),1,Monday,170,OFF CARRIAGEWAY TO LEFT,1,686353,Not at intersection,3,60,Arterial Other,TOORAK,STONNINGTON,-37.843822,145.03174,2021,1,January,19,Night,Weekday
T20210000660,2021-01-11,10:50:00,1,Collision with vehicle,1,Monday,132,RIGHT REAR.,1,62559,T intersection,3,60,Local Road,HIGH,DAREBIN,-37.72513,145.00627,2021,1,January,10,Midday,Weekday
T20210000702,2021-01-11,17:18:00,1,Collision with vehicle,1,Monday,130,REAR END(VEHICLES IN SAME LANE),1,44772,T intersection,2,70,Arterial Other,PARA,BANYULE,-37.72702,145.11359,2021,1,January,17,Afternoon Peak,Weekday
T20210000706,2021-01-11,09:15:00,1,Collision with vehicle,1,Monday,147,VEHICLE STRIKES ANOTHER VEH WHILE EMERGING FROM DRIVEWAY,1,675102,Not at intersection,3,70,Local Road,SAYERS,WYNDHAM,-37.847675,144.681,2021,1,January,9,Morning Peak,Weekday
T20210000657,2021-01-11,08:19:00,1,Collision with vehicle,1,Monday,121,RIGHT THROUGH,1,54738,Multiple intersection,2,80,Freeway,MACEDON-WOODEND,MACEDON RANGES,-37.456234,144.57913,2021,1,January,8,Morning Peak,Weekday
T20210000631,2021-01-11,00:25:00,4,Collision with a fixed object,1,Monday,181,OFF RIGHT BEND INTO OBJECT/PARKED VEHICLE,5,677493,Not at intersection,2,80,Arterial Highway,GREAT OCEAN,CORANGAMITE,-38.616844,142.99342,2021,1,January,0,Late Night,Weekday
T20210000719,2021-01-11,22:15:00,6,Vehicle overturned (no collision),1,Monday,172,OFF CARRIAGEWAY TO RIGHT,5,690676,Not at intersection,2,60,Local Road,BOAT,GEELONG,-38.11102,144.6378,2021,1,January,22,Night,Weekday
T20210000860,2021-01-11,16:30:00,4,Collision with a fixed object,1,Monday,181,OFF RIGHT BEND INTO OBJECT/PARKED VEHICLE,9,676284,Not at intersection,2,100,Arterial Other,NORTHERN GRAMPIANS,HORSHAM,-36.857964,142.3272,2021,1,January,16,Afternoon Peak,Weekday
T20210000663,2021-01-11,09:10:00,1,Collision with vehicle,1,Monday,131,LEFT REAR,1,675103,T intersection,3,70,Arterial Other,CANTERBURY,WHITEHORSE,-37.836067,145.18279,2021,1,January,9,Morning Peak,Weekday
T20210003653,2021-01-11,17:50:00,1,Collision with vehicle,1,Monday,130,REAR END(VEHICLES IN SAME LANE),1,675965,Not at intersection,3,70,Arterial Other,MELTON,BRIMBANK,-37.698612,144.78653,2021,1,January,17,Afternoon Peak,Weekday
T20210000820,2021-01-11,16:40:00,1,Collision with vehicle,1,Monday,113,RIGHT NEAR (INTERSECTIONS ONLY),1,39092,T intersection,2,60,Arterial Other,CANTERBURY,BOROONDARA,-37.82226,145.0657,2021,1,January,16,Afternoon Peak,Weekday
T20210000676,2021-01-11,13:30:00,1,Collision with vehicle,1,Monday,140,U TURN,1,673430,Not at intersection,3,40,Local Road,THE ESPLANADE,SURF COAST,-38.324146,144.3295,2021,1,January,13,Midday,Weekday
T20210000711,2021-01-11,19:05:00,1,Collision with vehicle,1,Monday,147,VEHICLE STRIKES ANOTHER VEH WHILE EMERGING FROM DRIVEWAY,1,673951,Not at intersection,2,70,Local Road,GOLF COURSE,HORSHAM,-36.735886,142.19969,2021,1,January,19,Night,Weekday
T20210000654,2021-01-11,09:10:00,1,Collision with vehicle,1,Monday,120,HEAD ON (NOT OVERTAKING),1,675101,Not at intersection,3,60,Local Road,ERNST WANKE,CASEY,-37.99543,145.30273,2021,1,January,9,Morning Peak,Weekday
T20210000693,2021-01-11,15:10:00,1,Collision with vehicle,1,Monday,130,REAR END(VEHICLES IN SAME LANE),1,675923,Not at intersection,2,80,Arterial Other,BERWICK-CRANBOURNE,CASEY,-38.082527,145.33394,2021,1,January,15,Afternoon Peak,Weekday
T20210000670,2021-01-11,12:00:00,1,Collision with vehicle,1,Monday,148,VEHICLE OFF FOOTPATH STRIKES VEH ON CARRIAGEWAY,1,672819,Not at intersection,2,60,Arterial Other,TOORAK,BASS COAST,-38.6371,145.715,2021,1,January,12,Midday,Weekday
T20210000636,2021-01-11,06:00:00,4,Collision with a fixed object,1,Monday,171,LEFT OFF CARRIAGEWAY INTO OBJECT/PARKED VEHICLE,2,672825,Not at intersection,3,60,Local Road,WESTWOOD,MELTON,-37.740498,144.74928,2021,1,January,6,Morning Peak,Weekday
T20210001470,2021-01-11,21:30:00,4,Collision with a fixed object,1,Monday,173,RIGHT OFF CARRIAGEWAY INTO OBJECT/PARKED VEHICLE,5,773529,Not at intersection,3,100,Arterial Other,MERRIANG,WHITTLESEA,-37.53396,145.0289,2021,1,January,21,Night,Weekday
T20210000680,2021-01-11,14:04:00,1,Collision with vehicle,1,Monday,132,RIGHT REAR.,1,70213,T intersection,3,60,Arterial Other,BEACH,BAYSIDE,-37.96352,145.01213,2021,1,January,14,Midday,Weekday
T20210004059,2021-01-11,12:50:00,1,Collision with vehicle,1,Monday,147,VEHICLE STRIKES ANOTHER VEH WHILE EMERGING FROM DRIVEWAY,1,676457,Not at intersection,3,50,Local Road,HAWDON,BANYULE,-37.756695,145.06451,2021,1,January,12,Midday,Weekday
T20210000673,2021-01-11,13:40:00,2,Struck Pedestrian,1,Monday,100,PED NEAR SIDE. PED HIT BY VEHICLE FROM THE RIGHT.,1,224040,Not at intersection,3,60,Arterial Other,COVENTRY,MELBOURNE,-37.82871,144.97112,2021,1,January,13,Midday,Weekday
T20210000697,2021-01-11,17:15:00,1,Collision with vehicle,1,Monday,113,RIGHT NEAR (INTERSECTIONS ONLY),1,278692,Cross intersection,2,70,Freeway,GOLF LINKS,FRANKSTON,-38.180996,145.15881,2021,1,January,17,Afternoon Peak,Weekday
T20210000677,2021-01-11,12:36:00,4,Collision with a fixed object,1,Monday,171,LEFT OFF CARRIAGEWAY INTO OBJECT/PARKED VEHICLE,1,678117,Not at intersection,2,100,Arterial Other,MCEWEN,CAMPASPE,-36.29993,145.03201,2021,1,January,12,Midday,Weekday
T20210000714,2021-01-11,21:30:00,1,Collision with vehicle,1,Monday,121,RIGHT THROUGH,3,39631,T intersection,3,60,Arterial Other,WANTIRNA,MAROONDAH,-37.822735,145.22731,2021,1,January,21,Night,Weekday
T20210000662,2021-01-11,10:26:00,2,Struck Pedestrian,1,Monday,103,PED PLAYING/LYING/WORKING/STANDING ON CARRIAGEWAY.,1,773518,Not at intersection,3,50,Local Road,MURRAY,MONASH,-37.91825,145.1219,2021,1,January,10,Midday,Weekday
T20210000721,2021-01-12,04:00:00,1,Collision with vehicle,2,Tuesday,113,RIGHT NEAR (INTERSECTIONS ONLY),3,45110,Cross intersection,3,60,Arterial Other,BALLARAT,BRIMBANK,-37.779194,144.84718,2021,1,January,4,Late Night,Weekday
T20210000738,2021-01-12,07:40:00,4,Collision with a fixed object,2,Tuesday,173,RIGHT OFF CARRIAGEWAY INTO OBJECT/PARKED VEHICLE,1,699985,Not at intersection,2,100,Arterial Highway,SUNRAYSIA,PYRENEES,-37.03028,143.42874,2021,1,January,7,Morning Peak,Weekday
T20210000747,2021-01-12,05:00:00,4,Collision with a fixed object,2,Tuesday,173,RIGHT OFF CARRIAGEWAY INTO OBJECT/PARKED VEHICLE,9,676328,Cross intersection,3,50,Local Road,LAVENDER PARK,NILLUMBIK,-37.729637,145.15076,2021,1,January,5,Morning Peak,Weekday
T20210001225,2021-01-12,18:32:00,1,Collision with vehicle,2,Tuesday,130,REAR END(VEHICLES IN SAME LANE),2,677909,Not at intersection,3,60,Arterial Other,BRUNSWICK,MORELAND,-37.776714,144.95728,2021,1,January,18,Afternoon Peak,Weekday
T20210001218,2021-01-12,16:46:00,1,Collision with vehicle,2,Tuesday,160,VEHICLE COLLIDES WITH VEHICLE PARKED ON LEFT OF ROAD,1,682110,Not at intersection,3,40,Arterial Other,NICHOLSON,MELBOURNE,-37.79455,144.97546,2021,1,January,16,Afternoon Peak,Weekday
T20210000756,2021-01-12,13:34:00,1,Collision with vehicle,2,Tuesday,113,RIGHT NEAR (INTERSECTIONS ONLY),1,647627,T intersection,2,80,Arterial Other,BALNARRING ROAD -OLD MOOROODUC,MORNINGTON PENINSULA,-38.283264,145.06787,2021,1,January,13,Midday,Weekday
T20210000755,2021-01-12,11:30:00,4,Collision with a fixed object,2,Tuesday,171,LEFT OFF CARRIAGEWAY INTO OBJECT/PARKED VEHICLE,1,673050,Not at intersection,3,100,Local Road,MYERS FLAT,BENDIGO,-36.685734,144.14151,2021,1,January,11,Midday,Weekday
T20210000753,2021-01-12,07:25:00,1,Collision with vehicle,2,Tuesday,130,REAR END(VEHICLES IN SAME LANE),1,767178,Not at intersection,3,60,Arterial Highway,BELL,MORELAND,-37.742653,144.9795,2021,1,January,7,Morning Peak,Weekday
T20210000857,2021-01-12,14:36:00,4,Collision with a fixed object,2,Tuesday,171,LEFT OFF CARRIAGEWAY INTO OBJECT/PARKED VEHICLE,1,677695,Not at intersection,3,60,Arterial Other,MAIN,BRIMBANK,-37.74668,144.82036,2021,1,January,14,Midday,Weekday
T20210000864,2021-01-12,15:30:00,1,Collision with vehicle,2,Tuesday,130,REAR END(VEHICLES IN SAME LANE),1,680491,Not at intersection,3,80,Freeway,METROPOLITAN RING,HUME,-37.691086,144.96849,2021,1,January,15,Afternoon Peak,Weekday
T20210000773,2021-01-12,15:05:00,2,Struck Pedestrian,2,Tuesday,103,PED PLAYING/LYING/WORKING/STANDING ON CARRIAGEWAY.,1,684827,Not at intersection,3,100,Local Road,CURR,CAMPASPE,-36.221394,144.98137,2021,1,January,15,Afternoon Peak,Weekday
T20210000748,2021-01-12,10:55:00,1,Collision with vehicle,2,Tuesday,110,CROSS TRAFFIC(INTERSECTIONS ONLY),1,57291,Cross intersection,2,100,Local Road,BREWER,CAMPASPE,-36.398705,145.03195,2021,1,January,10,Midday,Weekday
T20210001270,2021-01-12,16:15:00,1,Collision with vehicle,2,Tuesday,130,REAR END(VEHICLES IN SAME LANE),1,673437,Not at intersection,3,60,Arterial Other,MCLEOD,KINGSTON,-38.07423,145.12872,2021,1,January,16,Afternoon Peak,Weekday
T20210000778,2021-01-12,14:10:00,1,Collision with vehicle,2,Tuesday,121,RIGHT THROUGH,1,70284,Cross intersection,3,80,Freeway,PRINCES,DANDENONG,-37.966667,145.19429,2021,1,January,14,Midday,Weekday
T20210002458,2021-01-12,16:10:00,4,Collision with a fixed object,2,Tuesday,181,OFF RIGHT BEND INTO OBJECT/PARKED VEHICLE,1,29694,T intersection,3,60,Arterial Other,BEACH,BAYSIDE,-37.989677,145.04419,2021,1,January,16,Afternoon Peak,Weekday
T20210000793,2021-01-12,18:08:00,1,Collision with vehicle,2,Tuesday,110,CROSS TRAFFIC(INTERSECTIONS ONLY),1,342077,Cross intersection,3,70,Arterial Other,OLD PRINCES,CARDINIA,-38.051502,145.37468,2021,1,January,18,Afternoon Peak,Weekday
T20210000795,2021-01-12,21:13:00,1,Collision with vehicle,2,Tuesday,163,VEHICLE STRIKES DOOR OF PARKED/STATIONARY VEHICLE,3,672978,Not at intersection,3,40,Local Road,LYGON,MORELAND,-37.76554,144.97278,2021,1,January,21,Night,Weekday
T20210000796,2021-01-12,20:19:00,4,Collision with a fixed object,2,Tuesday,171,LEFT OFF CARRIAGEWAY INTO OBJECT/PARKED VEHICLE,1,47635,Cross intersection,3,60,Local Road,BOARDWALK,WYNDHAM,-37.879234,144.73578,2021,1,January,20,Night,Weekday
T20210000799,2021-01-12,21:35:00,2,Struck Pedestrian,2,Tuesday,109,ANY MANOEUVRE INVOLVING PED NOT INCLUDED IN DCAs 100-108.,3,672903,Not at intersection,3,50,Local Road,MARKET,PORT PHILLIP,-37.82993,144.95818,2021,1,January,21,Night,Weekday
T20210000776,2021-01-12,13:54:00,1,Collision with vehicle,2,Tuesday,110,CROSS TRAFFIC(INTERSECTIONS ONLY),1,39932,Cross intersection,2,70,Arterial Other,KOROROIT CREEK,HOBSONS BAY,-37.85008,144.84505,2021,1,January,13,Midday,Weekday
T20210000774,2021-01-12,15:50:00,1,Collision with vehicle,2,Tuesday,130,REAR END(VEHICLES IN SAME LANE),1,673051,Not at intersection,3,60,Arterial Other,MONBULK,YARRA RANGES,-37.87642,145.39809,2021,1,January,15,Afternoon Peak,Weekday