ACCIDENT_NO,ACCIDENT_DATE,ACCIDENT_TIME,ACCIDENT_TYPE,ACCIDENT_TYPE_DESC,DAY_OF_WEEK,DAY_WEEK_DESC,DCA_CODE,DCA_DESC,LIGHT_CONDITION,NODE_ID,ROAD_GEOMETRY_DESC,SEVERITY,SPEED_ZONE,RMA,ROAD_NAME,LGA_NAME,LATITUDE,LONGITUDE,YEAR,MONTH,MONTH_NAME,HOUR,TIME_PERIOD,DAY_TYPE
T20210000782,2021-01-12,16:15:00,1,Collision with vehicle,2,Tuesday,131,LEFT REAR,1,1303,Cross intersection,3,60,Arterial Other,BARRY,HUME,-37.66725,144.95479,2021,1,January,16,Afternoon Peak,Weekday
T20210000769,2021-01-12,15:00:00,2,Struck Pedestrian,2,Tuesday,102,FAR SIDE. PED HIT BY VEHICLE FROM THE LEFT,1,1124,T intersection,2,60,Arterial Highway,POINT NEPEAN,MORNINGTON PENINSULA,-38.366154,144.86612,2021,1,January,15,Afternoon Peak,Weekday
T20210000763,2021-01-12,08:00:00,6,Vehicle overturned (no collision),2,Tuesday,180,OFF CARRIAGEWAY ON RIGHT BEND,1,682803,Not at intersection,2,100,Local Road,BUCKRABANYULE NORTH,BULOKE,-36.23091,143.49513,2021,1,January,8,Morning Peak,Weekday
T20210000731,2021-01-12,07:30:00,1,Collision with vehicle,2,Tuesday,130,REAR END(VEHICLES IN SAME LANE),1,672636,Not at intersection,2,100,Freeway,WESTERN RING IN-BOUNDARY,BRIMBANK,-37.811493,144.80812,2021,1,January,7,Morning Peak,Weekday
T20210000760,2021-01-12,08:54:00,1,Collision with vehicle,2,Tuesday,136,RIGHT TURN SIDESWIPE,1,780999,Not at intersection,3,60,Local Road,BLACK FOREST,WYNDHAM,-37.9,144.61395,2021,1,January,8,Morning Peak,Weekday
T20210000732,2021-01-12,09:05:00,1,Collision with vehicle,2,Tuesday,113,RIGHT NEAR (INTERSECTIONS ONLY),1,29477,T intersection,3,50,Arterial Other,ALEXANDRA,STONNINGTON,-37.832005,145.00636,2021,1,January,9,Morning Peak,Weekday
T20210000759,2021-01-12,13:35:00,1,Collision with vehicle,2,Tuesday,113,RIGHT NEAR (INTERSECTIONS ONLY),1,44525,T intersection,2,60,Arterial Other,WALLAN,WHITTLESEA,-37.510994,145.11351,2021,1,January,13,Midday,Weekday
T20210000758,2021-01-12,13:46:00,1,Collision with vehicle,2,Tuesday,110,CROSS TRAFFIC(INTERSECTIONS ONLY),1,54662,Cross intersection,2,60,Arterial Highway,RAGLAN,WARRNAMBOOL,-38.384666,142.49513,2021,1,January,13,Midday,Weekday
T20210005701,2021-01-12,12:00:00,1,Collision with vehicle,2,Tuesday,130,REAR END(VEHICLES IN SAME LANE),1,678006,Not at intersection,2,80,Arterial Highway,MOOROODUC,FRANKSTON,-38.153885,145.13371,2021,1,January,12,Midday,Weekday
T20210001028,2021-01-12,18:50:00,1,Collision with vehicle,2,Tuesday,110,CROSS TRAFFIC(INTERSECTIONS ONLY),1,51570,Cross intersection,2,60,Arterial Highway,NAPIER,BENDIGO,-36.74978,144.29076,2021,1,January,18,Afternoon Peak,Weekday
T20210000757,2021-01-12,13:00:00,5,collision with some other object,2,Tuesday,183,OFF LEFT BEND INTO OBJECT/PARKED VEHICLE,1,672840,Not at intersection,3,100,Local Road,WEST BERRY,BALLARAT,-37.361935,143.8568,2021,1,January,13,Midday,Weekday
T20210018506,2021-01-12,08:15:00,2,Struck Pedestrian,2,Tuesday,104,PED WALKING WITH TRAFFIC,1,694484,Not at intersection,2,70,Arterial Other,MT DERRIMUT,BRIMBANK,-37.802433,144.77048,2021,1,January,8,Morning Peak,Weekday
T20210006558,2021-01-12,17:00:00,1,Collision with vehicle,2,Tuesday,130,REAR END(VEHICLES IN SAME LANE),1,678801,Not at intersection,3,70,Arterial Other,BALLARAT,BRIMBANK,-37.76894,144.76888,2021,1,January,17,Afternoon Peak,Weekday
T20210001031,2021-01-12,17:17:00,1,Collision with vehicle,2,Tuesday,130,REAR END(VEHICLES IN SAME LANE),1,674678,Not at intersection,3,60,Arterial Other,WHITE,KINGSTON,-37.999187,145.0911,2021,1,January,17,Afternoon Peak,Weekday
T20210004158,2021-01-12,14:50:00,1,Collision with vehicle,2,Tuesday,121,RIGHT THROUGH,1,847,Cross intersection,3,60,Arterial Other,SYDNEY,MORELAND,-37.724033,144.96356,2021,1,January,14,Midday,Weekday
T20210000734,2021-01-12,09:56:00,1,Collision with vehicle,2,Tuesday,160,VEHICLE COLLIDES WITH VEHICLE PARKED ON LEFT OF ROAD,1,676453,Not at intersection,2,60,Arterial Other,BEACONSFIELD,PORT PHILLIP,-37.85801,144.96838,2021,1,January,9,Morning Peak,Weekday
T20210001504,2021-01-12,07:00:00,8,No collision and no object struck,2,Tuesday,174,OUT OF CONTROL ON CARRIAGEWAY (ON STRAIGHT),1,701697,Not at intersection,3,60,Local Road,MONAHANS,CASEY,-38.11,145.26518,2021,1,January,7,Morning Peak,Weekday
T20210000883,2021-01-13,19:00:00,4,Collision with a fixed object,3,Wednesday,173,RIGHT OFF CARRIAGEWAY INTO OBJECT/PARKED VEHICLE,1,675210,Not at intersection,3,40,Local Road,UNNAMED,BENDIGO,-36.764454,144.33107,2021,1,January,19,Night,Weekday
T20210000930,2021-01-13,12:06:00,1,Collision with vehicle,3,Wednesday,130,REAR END(VEHICLES IN SAME LANE),1,674376,Cross intersection,3,70,Arterial Other,HIGH,WHITTLESEA,-37.644707,145.02629,2021,1,January,12,Midday,Weekday
T20210005163,2021-01-13,12:30:00,1,Collision with vehicle,3,Wednesday,121,RIGHT THROUGH,1,50051,Cross intersection,3,70,Arterial Highway,LATROBE TERRACE -SETTLEMENT,GEELONG,-38.160397,144.35019,2021,1,January,12,Midday,Weekday
T20210000826,2021-01-13,11:54:00,1,Collision with vehicle,3,Wednesday,147,VEHICLE STRIKES ANOTHER VEH WHILE EMERGING FROM DRIVEWAY,1,672904,Not at intersection,2,60,Local Road,TINDALS,MANNINGHAM,-37.772255,145.19794,2021,1,January,11,Midday,Weekday
T20210000896,2021-01-13,21:23:00,4,Collision with a fixed object,3,Wednesday,171,LEFT OFF CARRIAGEWAY INTO OBJECT/PARKED VEHICLE,3,679177,Not at intersection,3,60,Arterial Other,WOODLAND,MOONEE VALLEY,-37.7415,144.9099,2021,1,January,21,Night,Weekday
T20210002950,2021-01-13,18:30:00,8,No collision and no object struck,3,Wednesday,174,OUT OF CONTROL ON CARRIAGEWAY (ON STRAIGHT),1,675171,Not at intersection,3,60,Local Road,QUEENS BRIDGE,MELBOURNE,-37.821445,144.96141,2021,1,January,18,Afternoon Peak,Weekday
T20210000897,2021-01-13,22:00:00,4,Collision with a fixed object,3,Wednesday,183,OFF LEFT BEND INTO OBJECT/PARKED VEHICLE,5,688240,Not at intersection,2,100,Arterial Other,PORT WELSHPOOL,SOUTH GIPPSLAND,-38.685604,146.45503,2021,1,January,22,Night,Weekday
T20210000888,2021-01-13,15:20:00,1,Collision with vehicle,3,Wednesday,121,RIGHT THROUGH,1,41848,T intersection,2,60,Arterial Other,JELLS,MONASH,-37.91315,145.18793,2021,1,January,15,Afternoon Peak,Weekday
T20210000848,2021-01-13,12:48:00,1,Collision with vehicle,3,Wednesday,130,REAR END(VEHICLES IN SAME LANE),1,673432,Not at intersection,3,80,Arterial Other,PLENTY,WHITTLESEA,-37.67827,145.06975,2021,1,January,12,Midday,Weekday
T20210009611,2021-01-13,09:45:00,1,Collision with vehicle,3,Wednesday,140,U TURN,1,42214,T intersection,2,70,Arterial Other,SOUTH,GLEN EIRA,-37.934605,145.04832,2021,1,January,9,Morning Peak,Weekday
T20210005065,2021-01-13,17:21:00,1,Collision with vehicle,3,Wednesday,121,RIGHT THROUGH,1,314960,Cross intersection,3,50,Arterial Highway,MIDLAND,SHEPPARTON,-36.394768,145.35944,2021,1,January,17,Afternoon Peak,Weekday
T20210000827,2021-01-13,11:00:00,2,Struck Pedestrian,3,Wednesday,100,PED NEAR SIDE. PED HIT BY VEHICLE FROM THE RIGHT.,1,673143,T intersection,2,50,Local Road,RAILWAY,WHITEHORSE,-37.819714,145.15298,2021,1,January,11,Midday,Weekday
T20210000891,2021-01-13,16:00:00,1,Collision with vehicle,3,Wednesday,135,LANE CHANGE LEFT (NOT OVERTAKING),1,729847,Not at intersection,3,80,Freeway,WEST GATE,MELBOURNE,-37.832874,144.90393,2021,1,January,16,Afternoon Peak,Weekday
T20210000892,2021-01-13,17:10:00,1,Collision with vehicle,3,Wednesday,148,VEHICLE OFF FOOTPATH STRIKES VEH ON CARRIAGEWAY,1,35449,Cross intersection,2,80,Arterial Highway,FOOTSCRAY,MELBOURNE,-37.807697,144.91617,2021,1,January,17,Afternoon Peak,Weekday
T20210000849,2021-01-13,11:00:00,1,Collision with vehicle,3,Wednesday,132,RIGHT REAR.,1,227388,T intersection,2,40,Arterial Other,HIGH,BOROONDARA,-37.804573,145.03694,2021,1,January,11,Midday,Weekday
T20210003374,2021-01-13,13:00:00,1,Collision with vehicle,3,Wednesday,130,REAR END(VEHICLES IN SAME LANE),1,53031,Multiple intersection,3,60,Arterial Other,ELEVENTH,MILDURA,-34.20186,142.17207,2021,1,January,13,Midday,Weekday
T20210000895,2021-01-13,17:50:00,1,Collision with vehicle,3,Wednesday,169,OTHER ON PATH,1,677907,T intersection,3,50,Local Road,VERE,YARRA,-37.802036,144.98775,2021,1,January,17,Afternoon Peak,Weekday
T20210000818,2021-01-13,10:26:00,1,Collision with vehicle,3,Wednesday,130,REAR END(VEHICLES IN SAME LANE),1,36181,T intersection,3,70,Arterial Other,MOOROOLBARK,YARRA RANGES,-37.768055,145.33296,2021,1,January,10,Midday,Weekday
T20210002761,2021-01-13,15:45:00,1,Collision with vehicle,3,Wednesday,130,REAR END(VEHICLES IN SAME LANE),1,677580,Not at intersection,3,60,Arterial Highway,BELL,MORELAND,-37.73833,144.93852,2021,1,January,15,Afternoon Peak,Weekday
T20210000890,2021-01-13,16:30:00,1,Collision with vehicle,3,Wednesday,113,RIGHT NEAR (INTERSECTIONS ONLY),1,57616,T intersection,3,60,Arterial Highway,SPRINGVALE,DANDENONG,-38.022224,145.13647,2021,1,January,16,Afternoon Peak,Weekday
T20210000850,2021-01-13,14:21:00,2,Struck Pedestrian,3,Wednesday,103,PED PLAYING/LYING/WORKING/STANDING ON CARRIAGEWAY.,1,687844,Not at intersection,2,60,Arterial Other,JACKSONS,MONASH,-37.934605,145.19316,2021,1,January,14,Midday,Weekday
T20210000832,2021-01-13,11:45:00,1,Collision with vehicle,3,Wednesday,121,RIGHT THROUGH,1,43922,T intersection,2,100,Arterial Highway,DANDENONG-HASTINGS,CASEY,-38.15793,145.22385,2021,1,January,11,Midday,Weekday
T20210000815,2021-01-13,09:07:00,1,Collision with vehicle,3,Wednesday,130,REAR END(VEHICLES IN SAME LANE),1,29758,Multiple intersection,3,70,Arterial Highway,WARBURTON,YARRA RANGES,-37.78155,145.43138,2021,1,January,9,Morning Peak,Weekday
T20210000862,2021-01-13,14:52:00,1,Collision with vehicle,3,Wednesday,130,REAR END(VEHICLES IN SAME LANE),1,676730,T intersection,2,70,Arterial Other,BARWON HEADS,GEELONG,-38.214565,144.36862,2021,1,January,14,Midday,Weekday
T20210005772,2021-01-13,17:25:00,1,Collision with vehicle,3,Wednesday,130,REAR END(VEHICLES IN SAME LANE),9,692522,Not at intersection,3,80,Arterial Highway,SPRINGVALE,KINGSTON,-38.021458,145.13719,2021,1,January,17,Afternoon Peak,Weekday
T20210000809,2021-01-13,07:27:00,1,Collision with vehicle,3,Wednesday,121,RIGHT THROUGH,1,42003,T intersection,2,60,Arterial Other,MONBULK,YARRA RANGES,-37.901608,145.35693,2021,1,January,7,Morning Peak,Weekday
T20210000804,2021-01-13,01:30:00,4,Collision with a fixed object,3,Wednesday,175,OFF END OF ROAD/T-INTERSECTION.,5,61155,T intersection,3,80,Local Road,DUNNSTOWN-YENDON,MOORABOOL,-37.635292,143.98415,2021,1,January,1,Late Night,Weekday
T20210000844,2021-01-13,12:55:00,1,Collision with vehicle,3,Wednesday,130,REAR END(VEHICLES IN SAME LANE),1,672739,Not at intersection,3,80,Arterial Highway,NEPEAN,GLEN EIRA,-37.89965,145.00641,2021,1,January,12,Midday,Weekday
T20210000985,2021-01-13,23:50:00,1,Collision with vehicle,3,Wednesday,153,CUTTING IN (OVERTAKING),3,673330,Cross intersection,3,60,Arterial Other,ST GEORGES,YARRA,-37.77995,144.98672,2021,1,January,23,Night,Weekday
T20210001009,2021-01-13,08:40:00,4,Collision with a fixed object,3,Wednesday,181,OFF RIGHT BEND INTO OBJECT/PARKED VEHICLE,1,739572,Not at intersection,2,60,Local Road,THE ESPLANADE,GEELONG,-38.09986,144.36888,2021,1,January,8,Morning Peak,Weekday
T20210001005,2021-01-13,17:20:00,1,Collision with vehicle,3,Wednesday,130,REAR END(VEHICLES IN SAME LANE),1,44550,Not at intersection,3,60,Arterial Other,CAMP,HUME,-37.68613,144.92683,2021,1,January,17,Afternoon Peak,Weekday
T20210000989,2021-01-14,15:45:00,1,Collision with vehicle,4,Thursday,130,REAR END(VEHICLES IN SAME LANE),1,676547,Not at intersection,3,60,Arterial Other,OLYMPIC,MELBOURNE,-37.824528,144.98865,2021,1,January,15,Afternoon Peak,Weekday
T20210001601,2021-01-14,10:50:00,1,Collision with vehicle,4,Thursday,130,REAR END(VEHICLES IN SAME LANE),1,327930,Not at intersection,3,40,Local Road,GLEN HUNTLY,GLEN EIRA,-37.88485,145.00514,2021,1,January,10,Midday,Weekday
T20210000931,2021-01-14,09:30:00,1,Collision with vehicle,4,Thursday,132,RIGHT REAR.,1,56736,T intersection,3,60,Arterial Other,BOUNDARY,MORELAND,-37.718475,144.95557,2021,1,January,9,Morning Peak,Weekday
T20210000911,2021-01-14,09:00:00,1,Collision with vehicle,4,Thursday,130,REAR END(VEHICLES IN SAME LANE),1,673842,Not at intersection,3,60,Arterial Other,GILLIES,BALLARAT,-37.550316,143.8201,2021,1,January,9,Morning Peak,Weekday
T20210000910,2021-01-14,08:05:00,1,Collision with vehicle,4,Thursday,142,LEAVING PARKING,1,679121,Not at intersection,2,60,Arterial Other,GILLIES,BALLARAT,-37.525906,143.82478,2021,1,January,8,Morning Peak,Weekday
T20210000932,2021-01-14,13:33:00,1,Collision with vehicle,4,Thursday,121,RIGHT THROUGH,1,45642,T intersection,3,60,Arterial Other,ROYAL,MELBOURNE,-37.78472,144.9594,2021,1,January,13,Midday,Weekday
T20210000923,2021-01-14,09:45:00,4,Collision with a fixed object,4,Thursday,173,RIGHT OFF CARRIAGEWAY INTO OBJECT/PARKED VEHICLE,1,678146,Not at intersection,2,50,Local Road,LOCH,DANDENONG,-37.956448,145.21918,2021,1,January,9,Morning Peak,Weekday
T20210004568,2021-01-14,19:24:00,4,Collision with a fixed object,4,Thursday,171,LEFT OFF CARRIAGEWAY INTO OBJECT/PARKED VEHICLE,1,676995,Not at intersection,3,100,Arterial Other,INVERLOCH-VENUS BAY,SOUTH GIPPSLAND,-38.643814,145.85112,2021,1,January,19,Night,Weekday
T20210000908,2021-01-14,08:11:00,4,Collision with a fixed object,4,Thursday,171,LEFT OFF CARRIAGEWAY INTO OBJECT/PARKED VEHICLE,1,675212,Not at intersection,2,100,Arterial Other,GRAHAM,CAMPASPE,-36.29884,144.98013,2021,1,January,8,Morning Peak,Weekday
T20210001038,2021-01-14,17:42:00,1,Collision with vehicle,4,Thursday,132,RIGHT REAR.,1,43711,T intersection,3,50,Local Road,GILBERT,DAREBIN,-37.732353,144.99103,2021,1,January,17,Afternoon Peak,Weekday
T20210000952,2021-01-14,15:17:00,1,Collision with vehicle,4,Thursday,129,OTHER OPPOSING MANOEUVRES NOT INCLUDED IN DCAs 120-125.,1,675925,Not at intersection,2,60,Arterial Other,BARRY,HUME,-37.666412,144.94641,2021,1,January,15,Afternoon Peak,Weekday
T20210000978,2021-01-14,22:39:00,1,Collision with vehicle,4,Thursday,132,RIGHT REAR.,3,48357,T intersection,2,50,Local Road,MACKELLAR,HUME,-37.623894,144.9242,2021,1,January,22,Night,Weekday
T20210000929,2021-01-14,12:45:00,4,Collision with a fixed object,4,Thursday,183,OFF LEFT BEND INTO OBJECT/PARKED VEHICLE,1,693725,Not at intersection,2,100,Arterial Other,MT VICTORY,NORTHERN GRAMPIANS,-37.148296,142.49467,2021,1,January,12,Midday,Weekday
T20210002194,2021-01-14,15:00:00,1,Collision with vehicle,4,Thursday,130,REAR END(VEHICLES IN SAME LANE),1,674293,T intersection,3,70,Arterial Highway,LONSDALE,DANDENONG,-37.999935,145.22403,2021,1,January,15,Afternoon Peak,Weekday
T20210000941,2021-01-14,13:50:00,1,Collision with vehicle,4,Thursday,120,HEAD ON (NOT OVERTAKING),1,675803,Not at intersection,2,100,Arterial Highway,MELBA,YARRA RANGES,-37.687305,145.37648,2021,1,January,13,Midday,Weekday
T20210000957,2021-01-14,17:31:00,1,Collision with vehicle,4,Thursday,160,VEHICLE COLLIDES WITH VEHICLE PARKED ON LEFT OF ROAD,1,675143,Not at intersection,3,40,Arterial Other,HIGH,BOROONDARA,-37.800205,145.04861,2021,1,January,17,Afternoon Peak,Weekday
T20210000943,2021-01-14,10:50:00,1,Collision with vehicle,4,Thursday,140,U TURN,1,691634,Not at intersection,3,70,Arterial Other,ALBION,CAMPASPE,-36.302296,145.0496,2021,1,January,10,Midday,Weekday
T20210000901,2021-01-14,01:30:00,4,Collision with a fixed object,4,Thursday,173,RIGHT OFF CARRIAGEWAY INTO OBJECT/PARKED VEHICLE,3,678335,Not at intersection,3,50,Local Road,GALLAGHERS,MONASH,-37.88606,145.177,2021,1,January,1,Late Night,Weekday
T20210001259,2021-01-14,17:00:00,1,Collision with vehicle,4,Thursday,131,LEFT REAR,1,678148,Cross intersection,3,60,Arterial Other,WATERDALE,BANYULE,-37.751,145.04614,2021,1,January,17,Afternoon Peak,Weekday
T20210000916,2021-01-14,07:46:00,4,Collision with a fixed object,4,Thursday,173,RIGHT OFF CARRIAGEWAY INTO OBJECT/PARKED VEHICLE,1,65426,Cross intersection,3,50,Local Road,HEATHFIELD,WHITEHORSE,-37.802937,145.13907,2021,1,January,7,Morning Peak,Weekday
T20210000902,2021-01-14,04:10:00,4,Collision with a fixed object,4,Thursday,171,LEFT OFF CARRIAGEWAY INTO OBJECT/PARKED VEHICLE,3,675211,Not at intersection,2,60,Arterial Other,PASCOE VALE,MORELAND,-37.723465,144.92201,2021,1,January,4,Late Night,Weekday
T20210000922,2021-01-14,12:16:00,1,Collision with vehicle,4,Thursday,142,LEAVING PARKING,1,675802,Not at intersection,3,60,Local Road,PEMBROKE,YARRA RANGES,-37.793304,145.32814,2021,1,January,12,Midday,Weekday
T20210000927,2021-01-14,06:40:00,1,Collision with vehicle,4,Thursday,121,RIGHT THROUGH,1,42026,Cross intersection,2,60,Arterial Other,SOUTH,BAYSIDE,-37.92897,145.00163,2021,1,January,6,Morning Peak,Weekday
T20210001297,2021-01-14,00:10:00,1,Collision with vehicle,4,Thursday,135,LANE CHANGE LEFT (NOT OVERTAKING),3,773311,Not at intersection,3,70,Arterial Other,DONCASTER,MANNINGHAM,-37.78816,145.11938,2021,1,January,0,Late Night,Weekday
T20210000928,2021-01-14,13:40:00,1,Collision with vehicle,4,Thursday,137,LEFT TURN SIDESWIPE,1,678548,Not at intersection,2,70,Arterial Other,CANTERBURY,WHITEHORSE,-37.83295,145.15718,2021,1,January,13,Midday,Weekday
T20210001300,2021-01-14,07:30:00,1,Collision with vehicle,4,Thursday,121,RIGHT THROUGH,1,29881,Multiple intersection,2,40,Local Road,ANZAC,MELBOURNE,-37.82663,144.97238,2021,1,January,7,Morning Peak,Weekday
T20210000944,2021-01-14,14:35:00,1,Collision with vehicle,4,Thursday,147,VEHICLE STRIKES ANOTHER VEH WHILE EMERGING FROM DRIVEWAY,1,672910,Not at intersection,3,50,Local Road,HAWTHORN,WHITEHORSE,-37.84664,145.16628,2021,1,January,14,Midday,Weekday
T20210000948,2021-01-14,16:15:00,1,Collision with vehicle,4,Thursday,113,RIGHT NEAR (INTERSECTIONS ONLY),1,42635,Cross intersection,3,60,Arterial Other,GAFFNEY,MORELAND,-37.732952,144.9542,2021,1,January,16,Afternoon Peak,Weekday
T20210000907,2021-01-14,07:56:00,1,Collision with vehicle,4,Thursday,110,CROSS TRAFFIC(INTERSECTIONS ONLY),1,672909,Cross intersection,2,50,Local Road,MOUNTAINVIEW,CASEY,-38.07816,145.3235,2021,1,January,7,Morning Peak,Weekday
T20210000962,2021-01-14,18:08:00,1,Collision with vehicle,4,Thursday,171,LEFT OFF CARRIAGEWAY INTO OBJECT/PARKED VEHICLE,1,673053,Not at intersection,2,50,Local Road,STRINGYBARK,YARRA RANGES,-37.78221,145.39392,2021,1,January,18,Afternoon Peak,Weekday
T20210001073,2021-01-14,22:50:00,4,Collision with a fixed object,4,Thursday,173,RIGHT OFF CARRIAGEWAY INTO OBJECT/PARKED VEHICLE,3,683071,Not at intersection,3,60,Local Road,HUGHES,DAREBIN,-37.699123,144.99582,2021,1,January,22,Night,Weekday
T20210001022,2021-01-14,09:50:00,1,Collision with vehicle,4,Thursday,130,REAR END(VEHICLES IN SAME LANE),1,683001,Not at intersection,3,30,Freeway,MORNINGTON PENINSULA IN-THOMPSON,KINGSTON,-38.067657,145.147,2021,1,January,9,Morning Peak,Weekday
T20210000945,2021-01-14,16:20:00,2,Struck Pedestrian,4,Thursday,100,PED NEAR SIDE. PED HIT BY VEHICLE FROM THE RIGHT.,1,677663,Not at intersection,3,60,Local Road,RINGWOOD,MAROONDAH,-37.812443,145.22734,2021,1,January,16,Afternoon Peak,Weekday
T20210000921,2021-01-14,11:00:00,6,Vehicle overturned (no collision),4,Thursday,170,OFF CARRIAGEWAY TO LEFT,1,675612,Not at intersection,3,100,Local Road,ARCADIA TWO CHAIN,STRATHBOGIE,-36.615032,145.40895,2021,1,January,11,Midday,Weekday
T20210001024,2021-01-15,07:30:00,1,Collision with vehicle,5,Friday,130,REAR END(VEHICLES IN SAME LANE),1,594537,T intersection,2,60,Arterial Highway,BALLARAT,MARIBYRNONG,-37.794785,144.90434,2021,1,January,7,Morning Peak,Weekday
T20210001020,2021-01-15,14:10:00,1,Collision with vehicle,5,Friday,130,REAR END(VEHICLES IN SAME LANE),1,673055,Not at intersection,3,80,Arterial Highway,LONSDALE,DANDENONG,-37.994114,145.21707,2021,1,January,14,Midday,Weekday
T20210001092,2021-01-15,13:24:00,1,Collision with vehicle,5,Friday,120,HEAD ON (NOT OVERTAKING),1,672981,Not at intersection,2,40,Arterial Other,TOORAK,STONNINGTON,-37.8396,144.99641,2021,1,January,13,Midday,Weekday
T20210003890,2021-01-15,11:12:00,1,Collision with vehicle,5,Friday,113,RIGHT NEAR (INTERSECTIONS ONLY),1,42986,T intersection,3,60,Arterial Other,HEATHERTON,DANDENONG,-37.968037,145.19818,2021,1,January,11,Midday,Weekday
T20220008844,2021-01-15,17:15:00,1,Collision with vehicle,5,Friday,121,RIGHT THROUGH,1,49748,T intersection,3,60,Arterial Other,THE BOULEVARD,GEELONG,-38.098717,144.35411,2021,1,January,17,Afternoon Peak,Weekday
T20210001121,2021-01-15,10:30:00,4,Collision with a fixed object,5,Friday,171,LEFT OFF CARRIAGEWAY INTO OBJECT/PARKED VEHICLE,1,773310,Not at intersection,2,60,Local Road,COCHRANES,KINGSTON,-37.941963,145.06067,2021,1,January,10,Midday,Weekday
T20210001241,2021-01-15,17:00:00,6,Vehicle overturned (no collision),5,Friday,174,OUT OF CONTROL ON CARRIAGEWAY (ON STRAIGHT),1,673238,Not at intersection,3,60,Arterial Other,MT ALEXANDER,MOONEE VALLEY,-37.777306,144.9296,2021,1,January,17,Afternoon Peak,Weekday
T20210001720,2021-01-15,16:30:00,8,No collision and no object struck,5,Friday,174,OUT OF CONTROL ON CARRIAGEWAY (ON STRAIGHT),1,673688,Not at intersection,2,50,Local Road,WOOD,DAREBIN,-37.73612,145.02849,2021,1,January,16,Afternoon Peak,Weekday
T20210001102,2021-01-15,12:30:00,1,Collision with vehicle,5,Friday,130,REAR END(VEHICLES IN SAME LANE),1,673057,Not at intersection,3,60,Arterial Other,BALLARAT,MARIBYRNONG,-37.791058,144.88918,2021,1,January,12,Midday,Weekday
T20210001506,2021-01-15,16:04:00,1,Collision with vehicle,5,Friday,121,RIGHT THROUGH,1,29385,Cross intersection,3,60,Arterial Other,PEEL,MELBOURNE,-37.80587,144.95589,2021,1,January,16,Afternoon Peak,Weekday
T20210001034,2021-01-15,15:30:00,1,Collision with vehicle,5,Friday,110,CROSS TRAFFIC(INTERSECTIONS ONLY),1,50833,Cross intersection,3,100,Arterial Highway,MURRAY VALLEY,INDIGO,-36.045315,146.61931,2021,1,January,15,Afternoon Peak,Weekday
T20210001313,2021-01-15,17:00:00,5,collision with some other object,5,Friday,166,STRUCK OBJECT ON CARRIAGEWAY,1,674577,Not at intersection,3,100,Local Road,QUAMBATOOK-SWAN HILL,GANNAWARRA,-35.652145,143.52654,2021,1,January,17,Afternoon Peak,Weekday
T20210001074,2021-01-15,23:00:00,4,Collision with a fixed object,5,Friday,171,LEFT OFF CARRIAGEWAY INTO OBJECT/PARKED VEHICLE,3,675348,T intersection,3,60,Arterial Other,BALLARAT,MARIBYRNONG,-37.793144,144.89598,2021,1,January,23,Night,Weekday
T20210001067,2021-01-15,18:33:00,1,Collision with vehicle,5,Friday,116,LEFT NEAR (INTERSECTIONS ONLY),1,675347,T intersection,3,50,Local Road,ACADEMY,HUME,-37.674603,144.94217,2021,1,January,18,Afternoon Peak,Weekday
T20210001064,2021-01-15,16:20:00,1,Collision with vehicle,5,Friday,113,RIGHT NEAR (INTERSECTIONS ONLY),1,674130,T intersection,3,80,Arterial Other,BEECH FOREST-MOUNT SABINE,COLAC OTWAY,-38.632397,143.62357,2021,1,January,16,Afternoon Peak,Weekday
T20210001063,2021-01-15,20:00:00,1,Collision with vehicle,5,Friday,130,REAR END(VEHICLES IN SAME LANE),1,683914,Not at intersection,3,50,Arterial Other,MORELAND,MORELAND,-37.756783,144.97581,2021,1,January,20,Night,Weekday
T20210001062,2021-01-15,19:15:00,5,collision with some other object,5,Friday,183,OFF LEFT BEND INTO OBJECT/PARKED VEHICLE,1,11557,Not at intersection,3,60,Local Road,STONYFORD,YARRA RANGES,-37.824127,145.4019,2021,1,January,19,Night,Weekday
T20210001061,2021-01-15,17:33:00,1,Collision with vehicle,5,Friday,130,REAR END(VEHICLES IN SAME LANE),1,673236,Not at intersection,3,70,Freeway,METROPOLITAN RING IN-DALTON,WHITTLESEA,-37.68751,145.02888,2021,1,January,17,Afternoon Peak,Weekday
T20210001060,2021-01-15,16:13:00,1,Collision with vehicle,5,Friday,110,CROSS TRAFFIC(INTERSECTIONS ONLY),1,49990,Cross intersection,3,70,Arterial Highway,LATROBE,GEELONG,-38.15462,144.35126,2021,1,January,16,Afternoon Peak,Weekday
T20210001058,2021-01-15,18:24:00,1,Collision with vehicle,5,Friday,160,VEHICLE COLLIDES WITH VEHICLE PARKED ON LEFT OF ROAD,1,36244,T intersection,3,70,Local Road,CURRAWONG,FRANKSTON,-38.10072,145.18265,2021,1,January,18,Afternoon Peak,Weekday
T20210001054,2021-01-15,17:20:00,1,Collision with vehicle,5,Friday,113,RIGHT NEAR (INTERSECTIONS ONLY),1,60811,T intersection,3,60,Local Road,HUMFFRAY,BALLARAT,-37.557648,143.87311,2021,1,January,17,Afternoon Peak,Weekday