ACCIDENT_NO,ACCIDENT_DATE,ACCIDENT_TIME,ACCIDENT_TYPE,ACCIDENT_TYPE_DESC,DAY_OF_WEEK,DAY_WEEK_DESC,DCA_CODE,DCA_DESC,LIGHT_CONDITION,NODE_ID,ROAD_GEOMETRY_DESC,SEVERITY,SPEED_ZONE,RMA,ROAD_NAME,LGA_NAME,LATITUDE,LONGITUDE,YEAR,MONTH,MONTH_NAME,HOUR,TIME_PERIOD,DAY_TYPE
T20210001051,2021-01-15,18:00:00,1,Collision with vehicle,5,Friday,137,LEFT TURN SIDESWIPE,1,700052,Cross intersection,2,60,Local Road,BARNARD,BENDIGO,-36.758453,144.26797,2021,1,January,18,Afternoon Peak,Weekday
T20210001050,2021-01-15,18:15:00,1,Collision with vehicle,5,Friday,152,PULLING OUT (OVERTAKING),1,670958,Not at intersection,3,100,Arterial Other,MURRADOC,GEELONG,-38.176174,144.59692,2021,1,January,18,Afternoon Peak,Weekday
T20210001651,2021-01-15,16:25:00,1,Collision with vehicle,5,Friday,113,RIGHT NEAR (INTERSECTIONS ONLY),1,67942,T intersection,3,60,Local Road,LEWIS,KNOX,-37.86906,145.24998,2021,1,January,16,Afternoon Peak,Weekday
T20210000993,2021-01-15,08:00:00,1,Collision with vehicle,5,Friday,130,REAR END(VEHICLES IN SAME LANE),1,729849,Not at intersection,3,60,Local Road,HENDERSON,KNOX,-37.89876,145.2482,2021,1,January,8,Morning Peak,Weekday
T20210001052,2021-01-15,18:30:00,1,Collision with vehicle,5,Friday,130,REAR END(VEHICLES IN SAME LANE),1,675411,Not at intersection,3,80,Freeway,MONASH,MONASH,-37.931572,145.18747,2021,1,January,18,Afternoon Peak,Weekday
T20210001000,2021-01-15,11:40:00,1,Collision with vehicle,5,Friday,130,REAR END(VEHICLES IN SAME LANE),1,673145,Not at intersection,2,70,Arterial Highway,HIGH,GEELONG,-38.18813,144.32912,2021,1,January,11,Midday,Weekday
T20210001001,2021-01-15,11:30:00,4,Collision with a fixed object,5,Friday,171,LEFT OFF CARRIAGEWAY INTO OBJECT/PARKED VEHICLE,1,673234,Multiple intersection,2,80,Freeway,NARRE WARREN NORTH-MONASH IN,CASEY,-38.01808,145.30821,2021,1,January,11,Midday,Weekday
T20210001003,2021-01-15,10:18:00,1,Collision with vehicle,5,Friday,111,RIGHT FAR (INTERSECTIONS ONLY),1,46148,T intersection,3,50,Arterial Other,GAFFNEY,MORELAND,-37.733177,144.95659,2021,1,January,10,Midday,Weekday
T20210001004,2021-01-15,07:45:00,1,Collision with vehicle,5,Friday,133,LANE SIDE SWIPE (VEHICLES IN PARALLEL LANES),1,676967,Not at intersection,3,100,Freeway,MONASH,MONASH,-37.896973,145.14818,2021,1,January,7,Morning Peak,Weekday
T20210001007,2021-01-15,11:50:00,4,Collision with a fixed object,5,Friday,171,LEFT OFF CARRIAGEWAY INTO OBJECT/PARKED VEHICLE,1,267438,T intersection,2,60,Local Road,DONNYBROOK,GEELONG,-38.085823,144.34036,2021,1,January,11,Midday,Weekday
T20210001630,2021-01-15,11:30:00,1,Collision with vehicle,5,Friday,147,VEHICLE STRIKES ANOTHER VEH WHILE EMERGING FROM DRIVEWAY,1,781062,Not at intersection,3,60,Local Road,SOUTH DUDLEY,BASS COAST,-38.592102,145.58029,2021,1,January,11,Midday,Weekday
T20210001011,2021-01-15,12:05:00,1,Collision with vehicle,5,Friday,120,HEAD ON (NOT OVERTAKING),1,681687,Not at intersection,2,80,Arterial Other,MAIN SOUTH,BAW BAW,-38.16619,145.8284,2021,1,January,12,Midday,Weekday
T20210001016,2021-01-15,13:30:00,1,Collision with vehicle,5,Friday,147,VEHICLE STRIKES ANOTHER VEH WHILE EMERGING FROM DRIVEWAY,1,672911,Not at intersection,3,60,Arterial Other,CANTERBURY,BOROONDARA,-37.82478,145.0875,2021,1,January,13,Midday,Weekday
T20210001254,2021-01-15,18:35:00,4,Collision with a fixed object,5,Friday,171,LEFT OFF CARRIAGEWAY INTO OBJECT/PARKED VEHICLE,1,675927,Not at intersection,2,70,Arterial Other,WOODS POINT,YARRA RANGES,-37.749836,145.72986,2021,1,January,18,Afternoon Peak,Weekday
T20210001048,2021-01-15,17:16:00,1,Collision with vehicle,5,Friday,130,REAR END(VEHICLES IN SAME LANE),1,729851,Not at intersection,2,80,Freeway,MONASH,MONASH,-37.893597,145.13889,2021,1,January,17,Afternoon Peak,Weekday
T20210001047,2021-01-15,17:30:00,1,Collision with vehicle,5,Friday,132,RIGHT REAR.,1,681781,T intersection,3,100,Arterial Highway,MELBA,MURRINDINDI,-37.276867,145.4614,2021,1,January,17,Afternoon Peak,Weekday
T20210004139,2021-01-15,10:30:00,8,No collision and no object struck,5,Friday,174,OUT OF CONTROL ON CARRIAGEWAY (ON STRAIGHT),1,676568,T intersection,2,60,Arterial Highway,BELL,DAREBIN,-37.748062,145.02815,2021,1,January,10,Midday,Weekday
T20210001046,2021-01-15,17:35:00,1,Collision with vehicle,5,Friday,131,LEFT REAR,1,67261,T intersection,2,70,Arterial Highway,BURWOOD,WHITEHORSE,-37.8514,145.12769,2021,1,January,17,Afternoon Peak,Weekday
T20210001044,2021-01-15,15:27:00,1,Collision with vehicle,5,Friday,130,REAR END(VEHICLES IN SAME LANE),1,680564,Not at intersection,3,60,Arterial Highway,RACECOURSE,MOONEE VALLEY,-37.78827,144.9305,2021,1,January,15,Afternoon Peak,Weekday
T20210001043,2021-01-15,16:47:00,1,Collision with vehicle,5,Friday,160,VEHICLE COLLIDES WITH VEHICLE PARKED ON LEFT OF ROAD,1,729850,Not at intersection,2,50,Local Road,CHARLES,DANDENONG,-37.974632,145.21255,2021,1,January,16,Afternoon Peak,Weekday
T20210001041,2021-01-15,16:27:00,1,Collision with vehicle,5,Friday,130,REAR END(VEHICLES IN SAME LANE),1,49719,Cross intersection,2,80,Arterial Highway,PRINCES,GEELONG,-38.091473,144.35667,2021,1,January,16,Afternoon Peak,Weekday
T20210001040,2021-01-15,15:40:00,1,Collision with vehicle,5,Friday,132,RIGHT REAR.,1,71977,T intersection,2,80,Arterial Other,PORTARLINGTON,GEELONG,-38.146484,144.5968,2021,1,January,15,Afternoon Peak,Weekday
T20210001027,2021-01-15,15:05:00,1,Collision with vehicle,5,Friday,121,RIGHT THROUGH,1,29542,Cross intersection,3,60,Arterial Other,GLENFERRIE,BOROONDARA,-37.814693,145.03682,2021,1,January,15,Afternoon Peak,Weekday
T20210001142,2021-01-16,23:30:00,4,Collision with a fixed object,6,Saturday,173,RIGHT OFF CARRIAGEWAY INTO OBJECT/PARKED VEHICLE,5,679832,Not at intersection,2,100,Local Road,MURMUNGEE,WANGARATTA,-36.448994,146.65366,2021,1,January,23,Night,Weekend
T20210001148,2021-01-16,21:59:00,4,Collision with a fixed object,6,Saturday,171,LEFT OFF CARRIAGEWAY INTO OBJECT/PARKED VEHICLE,5,675145,Not at intersection,2,100,Freeway,SOUTH GIPPSLAND,CASEY,-38.020134,145.24844,2021,1,January,21,Night,Weekend
T20210001129,2021-01-16,12:55:00,1,Collision with vehicle,6,Saturday,147,VEHICLE STRIKES ANOTHER VEH WHILE EMERGING FROM DRIVEWAY,1,676968,Not at intersection,3,50,Local Road,HUTCHINSON,CASEY,-38.05546,145.25879,2021,1,January,12,Midday,Weekend
T20210001115,2021-01-16,11:50:00,6,Vehicle overturned (no collision),6,Saturday,180,OFF CARRIAGEWAY ON RIGHT BEND,1,675762,Not at intersection,2,100,Arterial Other,OMEO,EAST GIPPSLAND,-36.91916,147.46577,2021,1,January,11,Midday,Weekend
T20210001409,2021-01-16,15:00:00,1,Collision with vehicle,6,Saturday,130,REAR END(VEHICLES IN SAME LANE),1,15421,Cross intersection,3,60,Local Road,HIGH,GEELONG,-38.171158,144.34688,2021,1,January,15,Afternoon Peak,Weekend
T20210001133,2021-01-16,16:36:00,1,Collision with vehicle,6,Saturday,120,HEAD ON (NOT OVERTAKING),1,683705,Not at intersection,2,60,Arterial Highway,PRINCES,EAST GIPPSLAND,-37.819675,147.65715,2021,1,January,16,Afternoon Peak,Weekend
T20210001150,2021-01-16,22:43:00,4,Collision with a fixed object,6,Saturday,171,LEFT OFF CARRIAGEWAY INTO OBJECT/PARKED VEHICLE,3,685988,T intersection,2,50,Local Road,YAMMERBOOK,CASEY,-38.10063,145.31366,2021,1,January,22,Night,Weekend
T20210002894,2021-01-16,13:15:00,1,Collision with vehicle,6,Saturday,163,VEHICLE STRIKES DOOR OF PARKED/STATIONARY VEHICLE,1,739776,Not at intersection,2,60,Arterial Other,NICHOLSON,MORELAND,-37.772594,144.97935,2021,1,January,13,Midday,Weekend
T20210001138,2021-01-16,22:00:00,1,Collision with vehicle,6,Saturday,113,RIGHT NEAR (INTERSECTIONS ONLY),3,863,Cross intersection,3,60,Arterial Highway,BELL,MORELAND,-37.741314,144.9666,2021,1,January,22,Night,Weekend
T20210001088,2021-01-16,06:20:00,1,Collision with vehicle,6,Saturday,120,HEAD ON (NOT OVERTAKING),2,673237,T intersection,2,60,Arterial Other,HIGH,WHITTLESEA,-37.643185,145.0264,2021,1,January,6,Morning Peak,Weekend
T20210001135,2021-01-16,22:40:00,1,Collision with vehicle,6,Saturday,130,REAR END(VEHICLES IN SAME LANE),3,314487,T intersection,3,70,Freeway,BULLEEN,BOROONDARA,-37.780884,145.07852,2021,1,January,22,Night,Weekend
T20210001094,2021-01-16,12:25:00,1,Collision with vehicle,6,Saturday,137,LEFT TURN SIDESWIPE,1,38051,Cross intersection,3,60,Arterial Other,HEIDELBERG,DAREBIN,-37.7834,145.01738,2021,1,January,12,Midday,Weekend
T20210001082,2021-01-16,08:09:00,4,Collision with a fixed object,6,Saturday,173,RIGHT OFF CARRIAGEWAY INTO OBJECT/PARKED VEHICLE,1,675415,Not at intersection,3,50,Arterial Highway,MELBA,YARRA RANGES,-37.66361,145.376,2021,1,January,8,Morning Peak,Weekend
T20210001907,2021-01-16,16:00:00,1,Collision with vehicle,6,Saturday,139,OTHER SAME DIRECTION-MANOUEVRES NOT INCLUDED IN DCAs 130-137,1,685723,Not at intersection,3,80,Arterial Other,HEATHERTON,CASEY,-37.972893,145.2415,2021,1,January,16,Afternoon Peak,Weekend
T20210001396,2021-01-16,19:00:00,1,Collision with vehicle,6,Saturday,137,LEFT TURN SIDESWIPE,1,37150,Cross intersection,3,60,Arterial Other,VICTORIA,YARRA,-37.810093,144.99603,2021,1,January,19,Night,Weekend
T20210001080,2021-01-16,06:50:00,1,Collision with vehicle,6,Saturday,110,CROSS TRAFFIC(INTERSECTIONS ONLY),1,44609,Cross intersection,3,60,Arterial Other,MAIN,BALLARAT,-37.569946,143.87057,2021,1,January,6,Morning Peak,Weekend
T20210001444,2021-01-16,13:30:00,4,Collision with a fixed object,6,Saturday,183,OFF LEFT BEND INTO OBJECT/PARKED VEHICLE,1,677283,Not at intersection,2,80,Arterial Other,DEANS MARSH ROAD -DEANS MARSH-LORNE,SURF COAST,-38.525135,143.98027,2021,1,January,13,Midday,Weekend
T20210003075,2021-01-16,13:00:00,1,Collision with vehicle,6,Saturday,111,RIGHT FAR (INTERSECTIONS ONLY),1,341933,T intersection,3,80,Arterial Other,PRINCES,CASEY,-38.02963,145.33224,2021,1,January,13,Midday,Weekend
T20210001107,2021-01-16,09:20:00,1,Collision with vehicle,6,Saturday,121,RIGHT THROUGH,1,267589,Cross intersection,3,80,Arterial Highway,BURWOOD,WHITEHORSE,-37.8588,145.1979,2021,1,January,9,Morning Peak,Weekend
T20210001096,2021-01-16,10:47:00,4,Collision with a fixed object,6,Saturday,183,OFF LEFT BEND INTO OBJECT/PARKED VEHICLE,1,781065,Not at intersection,3,100,Arterial Other,WESTERNPORT,BAW BAW,-38.228413,145.74661,2021,1,January,10,Midday,Weekend
T20210001095,2021-01-16,09:56:00,4,Collision with a fixed object,6,Saturday,183,OFF LEFT BEND INTO OBJECT/PARKED VEHICLE,1,773309,Not at intersection,3,100,Arterial Other,MAIN NEERIM,BAW BAW,-38.06208,145.93929,2021,1,January,9,Morning Peak,Weekend
T20210001093,2021-01-16,10:15:00,1,Collision with vehicle,6,Saturday,132,RIGHT REAR.,1,43978,T intersection,2,80,Arterial Highway,NEPEAN,MORNINGTON PENINSULA,-38.260834,145.0354,2021,1,January,10,Midday,Weekend
T20210001106,2021-01-16,14:20:00,4,Collision with a fixed object,6,Saturday,183,OFF LEFT BEND INTO OBJECT/PARKED VEHICLE,1,210028,Not at intersection,2,100,Arterial Other,STANLEY,INDIGO,-36.377853,146.72699,2021,1,January,14,Midday,Weekend
T20210001100,2021-01-16,08:00:00,1,Collision with vehicle,6,Saturday,116,LEFT NEAR (INTERSECTIONS ONLY),1,44506,T intersection,3,50,Local Road,LAUREL,DAREBIN,-37.734383,145.02869,2021,1,January,8,Morning Peak,Weekend
T20210001098,2021-01-16,11:47:00,4,Collision with a fixed object,6,Saturday,181,OFF RIGHT BEND INTO OBJECT/PARKED VEHICLE,1,298153,Cross intersection,2,60,Freeway,PENINSULA LINK OUT-FRANKSTON-FLINDERS,MORNINGTON PENINSULA,-38.197353,145.15015,2021,1,January,11,Midday,Weekend
T20210001461,2021-01-16,12:00:00,1,Collision with vehicle,6,Saturday,137,LEFT TURN SIDESWIPE,1,729544,T intersection,3,80,Arterial Other,MICKLEHAM,HUME,-37.69097,144.88177,2021,1,January,12,Midday,Weekend
T20210001197,2021-01-17,20:00:00,8,No collision and no object struck,7,Sunday,184,OUT OF CONTROL ON CARRIAGEWAY (ON BEND),2,674937,Not at intersection,3,50,Local Road,BLADIN,HOBSONS BAY,-37.851105,144.77542,2021,1,January,20,Night,Weekend
T20210001177,2021-01-17,12:55:00,2,Struck Pedestrian,7,Sunday,100,PED NEAR SIDE. PED HIT BY VEHICLE FROM THE RIGHT.,1,673676,Not at intersection,2,40,Local Road,KEYS,FRANKSTON,-38.14308,145.12225,2021,1,January,12,Midday,Weekend
T20210001198,2021-01-17,21:30:00,1,Collision with vehicle,7,Sunday,121,RIGHT THROUGH,3,351562,Cross intersection,2,60,Arterial Other,HEATHS,WYNDHAM,-37.87766,144.68294,2021,1,January,21,Night,Weekend
T20210001200,2021-01-17,21:15:00,4,Collision with a fixed object,7,Sunday,173,RIGHT OFF CARRIAGEWAY INTO OBJECT/PARKED VEHICLE,5,675614,Not at intersection,2,80,Arterial Other,FRANKSTON-FLINDERS,MORNINGTON PENINSULA,-38.325127,145.18298,2021,1,January,21,Night,Weekend
T20210001349,2021-01-17,09:30:00,6,Vehicle overturned (no collision),7,Sunday,184,OUT OF CONTROL ON CARRIAGEWAY (ON BEND),1,680531,Not at intersection,3,60,Arterial Other,HEALESVILLE-KINGLAKE,YARRA RANGES,-37.654358,145.50339,2021,1,January,9,Morning Peak,Weekend
T20210001157,2021-01-17,09:35:00,1,Collision with vehicle,7,Sunday,110,CROSS TRAFFIC(INTERSECTIONS ONLY),1,29984,Cross intersection,3,60,Local Road,CARPENTER,BENDIGO,-36.77642,144.2851,2021,1,January,9,Morning Peak,Weekend
T20210001169,2021-01-17,13:21:00,1,Collision with vehicle,7,Sunday,160,VEHICLE COLLIDES WITH VEHICLE PARKED ON LEFT OF ROAD,1,773413,Not at intersection,2,50,Local Road,GEORGE,GEELONG,-38.146214,144.33824,2021,1,January,13,Midday,Weekend
T20210001171,2021-01-17,12:00:00,4,Collision with a fixed object,7,Sunday,181,OFF RIGHT BEND INTO OBJECT/PARKED VEHICLE,1,673185,Not at intersection,2,60,Arterial Other,HEIDELBERG-KINGLAKE,NILLUMBIK,-37.561844,145.31554,2021,1,January,12,Midday,Weekend
T20210001202,2021-01-17,21:56:00,1,Collision with vehicle,7,Sunday,160,VEHICLE COLLIDES WITH VEHICLE PARKED ON LEFT OF ROAD,6,673061,Not at intersection,2,50,Local Road,GRAY,DANDENONG,-37.93795,145.1575,2021,1,January,21,Night,Weekend
T20210001205,2021-01-17,21:34:00,4,Collision with a fixed object,7,Sunday,175,OFF END OF ROAD/T-INTERSECTION.,3,52478,T intersection,2,50,Local Road,ONTARIO,MILDURA,-34.18414,142.14389,2021,1,January,21,Night,Weekend
T20210001147,2021-01-17,03:06:00,1,Collision with vehicle,7,Sunday,120,HEAD ON (NOT OVERTAKING),3,680213,Not at intersection,2,100,Freeway,EASTERN,BOROONDARA,-37.78838,145.05501,2021,1,January,3,Late Night,Weekend
T20210002471,2021-01-17,13:15:00,1,Collision with vehicle,7,Sunday,131,LEFT REAR,1,348200,Multiple intersection,3,70,Arterial Highway,BULLEEN,BOROONDARA,-37.779644,145.07869,2021,1,January,13,Midday,Weekend
T20210001238,2021-01-17,20:35:00,1,Collision with vehicle,7,Sunday,130,REAR END(VEHICLES IN SAME LANE),2,673154,Not at intersection,2,60,Arterial Other,SOUTH VALLEY,GEELONG,-38.196625,144.31847,2021,1,January,20,Night,Weekend
T20210001176,2021-01-17,13:00:00,4,Collision with a fixed object,7,Sunday,181,OFF RIGHT BEND INTO OBJECT/PARKED VEHICLE,1,675763,Not at intersection,2,80,Arterial Highway,GREAT OCEAN,COLAC OTWAY,-38.761497,143.48773,2021,1,January,13,Midday,Weekend
T20210001186,2021-01-17,14:20:00,1,Collision with vehicle,7,Sunday,110,CROSS TRAFFIC(INTERSECTIONS ONLY),1,29775,Cross intersection,3,80,Arterial Other,FRANKSTON-FLINDERS,MORNINGTON PENINSULA,-38.238575,145.18924,2021,1,January,14,Midday,Weekend
T20210001397,2021-01-17,09:00:00,1,Collision with vehicle,7,Sunday,121,RIGHT THROUGH,1,37460,Cross intersection,3,60,Arterial Other,MONTAGUE,PORT PHILLIP,-37.830982,144.95038,2021,1,January,9,Morning Peak,Weekend
T20210002205,2021-01-17,11:30:00,1,Collision with vehicle,7,Sunday,130,REAR END(VEHICLES IN SAME LANE),1,674295,Not at intersection,3,40,Freeway,PRINCES,WYNDHAM,-37.832294,144.81088,2021,1,January,11,Midday,Weekend
T20210001317,2021-01-17,09:30:00,5,collision with some other object,7,Sunday,166,STRUCK OBJECT ON CARRIAGEWAY,1,680750,Not at intersection,3,50,Local Road,STONIER,GOLDEN PLAINS,-37.675247,143.78004,2021,1,January,9,Morning Peak,Weekend
T20210002091,2021-01-17,17:00:00,1,Collision with vehicle,7,Sunday,130,REAR END(VEHICLES IN SAME LANE),1,674582,Not at intersection,3,60,Freeway,MONASH OUT-JACKSONS,MONASH,-37.934036,145.19223,2021,1,January,17,Afternoon Peak,Weekend
T20210003759,2021-01-17,16:00:00,8,No collision and no object struck,7,Sunday,174,OUT OF CONTROL ON CARRIAGEWAY (ON STRAIGHT),1,676134,Not at intersection,3,50,Local Road,PITMAN,MOUNT ALEXANDER,-37.082146,144.26675,2021,1,January,16,Afternoon Peak,Weekend
T20210001196,2021-01-17,15:35:00,1,Collision with vehicle,7,Sunday,139,OTHER SAME DIRECTION-MANOUEVRES NOT INCLUDED IN DCAs 130-137,1,729854,Not at intersection,2,60,Arterial Highway,ALBERT,DAREBIN,-37.740715,145.02336,2021,1,January,15,Afternoon Peak,Weekend
T20210001174,2021-01-17,13:10:00,1,Collision with vehicle,7,Sunday,147,VEHICLE STRIKES ANOTHER VEH WHILE EMERGING FROM DRIVEWAY,1,673147,Not at intersection,2,50,Local Road,PHEASANT,YARRA RANGES,-37.756718,145.70972,2021,1,January,13,Midday,Weekend
T20210001183,2021-01-17,07:45:00,5,collision with some other object,7,Sunday,179,OTHER ACCIDENTS-OFF STRAIGHT NOT INCLUDED IN DCAs 170-175,1,673436,Cross intersection,3,50,Local Road,WAIORA,DAREBIN,-37.724255,145.06139,2021,1,January,7,Morning Peak,Weekend
T20210001172,2021-01-17,12:05:00,1,Collision with vehicle,7,Sunday,120,HEAD ON (NOT OVERTAKING),1,673435,Not at intersection,2,60,Local Road,SHANDS,MORNINGTON PENINSULA,-38.404255,145.00491,2021,1,January,12,Midday,Weekend
T20210010245,2021-01-17,01:15:00,1,Collision with vehicle,7,Sunday,130,REAR END(VEHICLES IN SAME LANE),3,43517,T intersection,3,80,Arterial Other,CRANBOURNE,FRANKSTON,-38.150913,145.15123,2021,1,January,1,Late Night,Weekend
T20210001180,2021-01-17,15:10:00,1,Collision with vehicle,7,Sunday,110,CROSS TRAFFIC(INTERSECTIONS ONLY),1,42230,Cross intersection,3,50,Local Road,DERBY,MORELAND,-37.727272,144.94656,2021,1,January,15,Afternoon Peak,Weekend
T20210001281,2021-01-18,23:37:00,1,Collision with vehicle,1,Monday,147,VEHICLE STRIKES ANOTHER VEH WHILE EMERGING FROM DRIVEWAY,5,674480,Not at intersection,3,50,Local Road,FLETCHER,YARRA RANGES,-37.76168,145.31334,2021,1,January,23,Night,Weekday
T20210001255,2021-01-18,13:15:00,1,Collision with vehicle,1,Monday,111,RIGHT FAR (INTERSECTIONS ONLY),1,225238,T intersection,3,70,Arterial Highway,HIGH STREET -PRINCES,GEELONG,-38.189365,144.32776,2021,1,January,13,Midday,Weekday
T20210001260,2021-01-18,16:30:00,1,Collision with vehicle,1,Monday,121,RIGHT THROUGH,1,317091,Not at intersection,2,60,Arterial Other,BROADMEADOWS-TULLAMARINE,HUME,-37.68728,144.93616,2021,1,January,16,Afternoon Peak,Weekday
T20210001258,2021-01-18,11:32:00,1,Collision with vehicle,1,Monday,120,HEAD ON (NOT OVERTAKING),1,680214,Not at intersection,2,50,Local Road,COOLIBAR,FRANKSTON,-38.088207,145.13123,2021,1,January,11,Midday,Weekday
T20210001256,2021-01-18,16:45:00,1,Collision with vehicle,1,Monday,137,LEFT TURN SIDESWIPE,1,347776,T intersection,3,60,Arterial Other,GRIEVE,HOBSONS BAY,-37.82743,144.82915,2021,1,January,16,Afternoon Peak,Weekday
T20210001355,2021-01-18,14:00:00,1,Collision with vehicle,1,Monday,110,CROSS TRAFFIC(INTERSECTIONS ONLY),1,50672,Cross intersection,3,60,Arterial Highway,RAGLAN,WARRNAMBOOL,-38.37365,142.47757,2021,1,January,14,Midday,Weekday
T20210001271,2021-01-18,17:20:00,1,Collision with vehicle,1,Monday,137,LEFT TURN SIDESWIPE,1,342065,T intersection,3,100,Arterial Highway,STRZELECKI,SOUTH GIPPSLAND,-38.375263,146.17778,2021,1,January,17,Afternoon Peak,Weekday
T20210001280,2021-01-18,16:30:00,4,Collision with a fixed object,1,Monday,171,LEFT OFF CARRIAGEWAY INTO OBJECT/PARKED VEHICLE,1,691768,Not at intersection,3,80,Local Road,WILDWOOD,HUME,-37.61046,144.8022,2021,1,January,16,Afternoon Peak,Weekday
T20210001210,2021-01-18,02:45:00,4,Collision with a fixed object,1,Monday,173,RIGHT OFF CARRIAGEWAY INTO OBJECT/PARKED VEHICLE,5,682804,Not at intersection,2,100,Local Road,BOLANGUM INN,NORTHERN GRAMPIANS,-36.707573,142.90489,2021,1,January,2,Late Night,Weekday
T20210001408,2021-01-18,10:15:00,1,Collision with vehicle,1,Monday,130,REAR END(VEHICLES IN SAME LANE),1,36298,Cross intersection,2,50,Local Road,CROYDON HILLS,MAROONDAH,-37.77449,145.27556,2021,1,January,10,Midday,Weekday
T20210001249,2021-01-18,14:00:00,1,Collision with vehicle,1,Monday,130,REAR END(VEHICLES IN SAME LANE),1,675766,Not at intersection,3,80,Arterial Highway,DANDENONG VALLEY,KNOX,-37.903522,145.23634,2021,1,January,14,Midday,Weekday
T20210001248,2021-01-18,13:25:00,1,Collision with vehicle,1,Monday,110,CROSS TRAFFIC(INTERSECTIONS ONLY),1,54370,Cross intersection,3,50,Local Road,DARLING,BALLARAT,-37.574875,143.84026,2021,1,January,13,Midday,Weekday
T20210001290,2021-01-18,05:50:00,1,Collision with vehicle,1,Monday,134,LANE CHANGE RIGHT (NOT OVERTAKING),2,673603,Multiple intersection,2,100,Freeway,2900R 5137B,BRIMBANK,-37.788242,144.78836,2021,1,January,5,Morning Peak,Weekday
T20210001635,2021-01-18,13:40:00,1,Collision with vehicle,1,Monday,135,LANE CHANGE LEFT (NOT OVERTAKING),1,673610,Not at intersection,3,70,Arterial Other,BLACKBURN,MONASH,-37.893597,145.14433,2021,1,January,13,Midday,Weekday
T20210001211,2021-01-18,05:20:00,1,Collision with vehicle,1,Monday,121,RIGHT THROUGH,3,350769,Cross intersection,2,80,Arterial Other,OLD GEELONG,WYNDHAM,-37.871906,144.72531,2021,1,January,5,Morning Peak,Weekday
T20210001245,2021-01-18,06:00:00,1,Collision with vehicle,1,Monday,171,LEFT OFF CARRIAGEWAY INTO OBJECT/PARKED VEHICLE,2,781073,Not at intersection,3,60,Local Road,KAROOK,MOIRA,-35.91155,145.64047,2021,1,January,6,Morning Peak,Weekday
T20210001263,2021-01-18,17:20:00,1,Collision with vehicle,1,Monday,110,CROSS TRAFFIC(INTERSECTIONS ONLY),1,50934,Cross intersection,3,50,Local Road,HARRIS,TOWONG,-36.196564,147.89946,2021,1,January,17,Afternoon Peak,Weekday
T20210001242,2021-01-18,14:45:00,1,Collision with vehicle,1,Monday,110,CROSS TRAFFIC(INTERSECTIONS ONLY),1,675767,Cross intersection,3,60,Local Road,BACKHAUS,BENDIGO,-36.71867,144.29341,2021,1,January,14,Midday,Weekday
T20210001267,2021-01-18,18:30:00,1,Collision with vehicle,1,Monday,137,LEFT TURN SIDESWIPE,9,673240,T intersection,3,60,Local Road,THOMSON,GLEN EIRA,-37.896385,145.06535,2021,1,January,18,Afternoon Peak,Weekday
T20210003754,2021-01-18,15:20:00,2,Struck Pedestrian,1,Monday,103,PED PLAYING/LYING/WORKING/STANDING ON CARRIAGEWAY.,1,679044,T intersection,3,40,Local Road,DUNSTAN,MONASH,-37.92547,145.11954,2021,1,January,15,Afternoon Peak,Weekday
T20210001268,2021-01-18,15:30:00,1,Collision with vehicle,1,Monday,110,CROSS TRAFFIC(INTERSECTIONS ONLY),1,39951,Cross intersection,2,50,Local Road,MASON,HOBSONS BAY,-37.83938,144.85507,2021,1,January,15,Afternoon Peak,Weekday
T20210002420,2021-01-18,18:00:00,1,Collision with vehicle,1,Monday,132,RIGHT REAR.,1,35581,T intersection,3,60,Arterial Highway,BELL,MORELAND,-37.73951,144.94847,2021,1,January,18,Afternoon Peak,Weekday
T20210001215,2021-01-18,06:25:00,6,Vehicle overturned (no collision),1,Monday,182,OFF CARRIAGEWAY ON LEFT BEND,1,663421,Not at intersection,2,100,Freeway,MONASH,STONNINGTON,-37.854637,145.05699,2021,1,January,6,Morning Peak,Weekday
T20210001277,2021-01-18,21:30:00,2,Struck Pedestrian,1,Monday,102,FAR SIDE. PED HIT BY VEHICLE FROM THE LEFT,3,673241,Not at intersection,2,70,Arterial Other,SYDNEY,MORELAND,-37.700737,144.96007,2021,1,January,21,Night,Weekday
T20210001232,2021-01-18,10:50:00,1,Collision with vehicle,1,Monday,120,HEAD ON (NOT OVERTAKING),1,674379,Not at intersection,3,60,Arterial Other,CLEGG,YARRA RANGES,-37.78949,145.39473,2021,1,January,10,Midday,Weekday
T20210001216,2021-01-18,05:35:00,4,Collision with a fixed object,1,Monday,173,RIGHT OFF CARRIAGEWAY INTO OBJECT/PARKED VEHICLE,5,687218,Not at intersection,2,80,Arterial Highway,STURT,MILDURA,-34.215645,142.03387,2021,1,January,5,Morning Peak,Weekday
T20210001223,2021-01-18,05:55:00,1,Collision with vehicle,1,Monday,121,RIGHT THROUGH,2,299670,T intersection,2,80,Local Road,PERRY,DANDENONG,-38.017635,145.17867,2021,1,January,5,Morning Peak,Weekday
T20210001235,2021-01-18,11:55:00,1,Collision with vehicle,1,Monday,113,RIGHT NEAR (INTERSECTIONS ONLY),1,315776,T intersection,3,60,Arterial Other,FYANSFORD-CORIO,GEELONG,-38.095184,144.33453,2021,1,January,11,Midday,Weekday