ACCIDENT_NO,ACCIDENT_DATE,ACCIDENT_TIME,ACCIDENT_TYPE,ACCIDENT_TYPE_DESC,DAY_OF_WEEK,DAY_WEEK_DESC,DCA_CODE,DCA_DESC,LIGHT_CONDITION,NODE_ID,ROAD_GEOMETRY_DESC,SEVERITY,SPEED_ZONE,RMA,ROAD_NAME,LGA_NAME,LATITUDE,LONGITUDE,YEAR,MONTH,MONTH_NAME,HOUR,TIME_PERIOD,DAY_TYPE
T20210001261,2021-01-18,16:35:00,1,Collision with vehicle,1,Monday,130,REAR END(VEHICLES IN SAME LANE),1,221475,T intersection,3,60,Arterial Other,SYDNEY,MORELAND,-37.706593,144.96103,2021,1,January,16,Afternoon Peak,Weekday
T20210001227,2021-01-18,08:00:00,4,Collision with a fixed object,1,Monday,173,RIGHT OFF CARRIAGEWAY INTO OBJECT/PARKED VEHICLE,1,673151,Not at intersection,3,50,Local Road,WOLVERHAMPTON,MARIBYRNONG,-37.796535,144.89156,2021,1,January,8,Morning Peak,Weekday
T20210001252,2021-01-18,12:00:00,1,Collision with vehicle,1,Monday,147,VEHICLE STRIKES ANOTHER VEH WHILE EMERGING FROM DRIVEWAY,1,677828,Not at intersection,2,50,Local Road,RUSSELL,MORNINGTON PENINSULA,-38.37305,145.12424,2021,1,January,12,Midday,Weekday
T20210001237,2021-01-18,08:47:00,1,Collision with vehicle,1,Monday,130,REAR END(VEHICLES IN SAME LANE),1,37559,Cross intersection,3,50,Local Road,MORAY,PORT PHILLIP,-37.834503,144.96407,2021,1,January,8,Morning Peak,Weekday
T20210001442,2021-01-19,21:30:00,1,Collision with vehicle,2,Tuesday,132,RIGHT REAR.,3,63399,T intersection,2,50,Local Road,CONCORD,BRIMBANK,-37.75074,144.76868,2021,1,January,21,Night,Weekday
T20210001440,2021-01-19,21:40:00,1,Collision with vehicle,2,Tuesday,140,U TURN,3,685056,T intersection,3,40,Local Road,SWANSTON,MELBOURNE,-37.811237,144.96458,2021,1,January,21,Night,Weekday
T20210001352,2021-01-19,22:08:00,1,Collision with vehicle,2,Tuesday,130,REAR END(VEHICLES IN SAME LANE),3,702880,T intersection,3,70,Arterial Other,BALLARTO,FRANKSTON,-38.118294,145.20305,2021,1,January,22,Night,Weekday
T20210001351,2021-01-19,21:50:00,1,Collision with vehicle,2,Tuesday,139,OTHER SAME DIRECTION-MANOUEVRES NOT INCLUDED IN DCAs 130-137,3,673338,T intersection,3,40,Local Road,GRENVILLE,BALLARAT,-37.562428,143.86066,2021,1,January,21,Night,Weekday
T20210001348,2021-01-19,19:35:00,1,Collision with vehicle,2,Tuesday,121,RIGHT THROUGH,2,51131,T intersection,2,80,Arterial Highway,MIDLAND,SHEPPARTON,-36.401176,145.31349,2021,1,January,19,Night,Weekday
T20210001347,2021-01-19,19:45:00,2,Struck Pedestrian,2,Tuesday,108,PED STRUCK WALKING TO/FROM OR BOARDING/ALIGHTING VEHICLE.,1,673337,Not at intersection,2,40,Local Road,GLEN HUNTLY,GLEN EIRA,-37.883854,144.99763,2021,1,January,19,Night,Weekday
T20210001299,2021-01-19,07:30:00,1,Collision with vehicle,2,Tuesday,133,LANE SIDE SWIPE (VEHICLES IN PARALLEL LANES),1,674481,Not at intersection,3,60,Arterial Other,PRINCES,BAW BAW,-38.155796,145.91667,2021,1,January,7,Morning Peak,Weekday
T20210001345,2021-01-19,19:10:00,1,Collision with vehicle,2,Tuesday,121,RIGHT THROUGH,1,326828,T intersection,2,60,Arterial Other,MT DERRIMUT ROAD -STATION,BRIMBANK,-37.777897,144.77377,2021,1,January,19,Night,Weekday
T20210001342,2021-01-19,16:20:00,1,Collision with vehicle,2,Tuesday,130,REAR END(VEHICLES IN SAME LANE),1,675085,Not at intersection,2,70,Arterial Other,HOPKINS,MELTON,-37.799446,144.69676,2021,1,January,16,Afternoon Peak,Weekday
T20210001341,2021-01-19,17:01:00,1,Collision with vehicle,2,Tuesday,140,U TURN,1,673845,T intersection,3,50,Arterial Highway,MOUNTJOY,SURF COAST,-38.54355,143.97784,2021,1,January,17,Afternoon Peak,Weekday
T20210001339,2021-01-19,17:59:00,2,Struck Pedestrian,2,Tuesday,102,FAR SIDE. PED HIT BY VEHICLE FROM THE LEFT,1,48283,T intersection,3,60,Arterial Other,SPRING,DAREBIN,-37.726418,145.0012,2021,1,January,17,Afternoon Peak,Weekday
T20210001338,2021-01-19,18:58:00,1,Collision with vehicle,2,Tuesday,113,RIGHT NEAR (INTERSECTIONS ONLY),1,350037,Cross intersection,2,80,Arterial Highway,FERNTREE GULLY,KNOX,-37.899086,145.23296,2021,1,January,18,Afternoon Peak,Weekday
T20210001331,2021-01-19,16:07:00,1,Collision with vehicle,2,Tuesday,110,CROSS TRAFFIC(INTERSECTIONS ONLY),1,41002,Cross intersection,2,50,Local Road,NARCISSUS,KNOX,-37.866714,145.2785,2021,1,January,16,Afternoon Peak,Weekday
T20210006817,2021-01-19,19:20:00,1,Collision with vehicle,2,Tuesday,135,LANE CHANGE LEFT (NOT OVERTAKING),1,679061,T intersection,3,60,Arterial Other,MCINTYRE,BRIMBANK,-37.754612,144.83281,2021,1,January,19,Night,Weekday
T20210001295,2021-01-19,07:00:00,1,Collision with vehicle,2,Tuesday,121,RIGHT THROUGH,1,45519,T intersection,2,80,Local Road,GREIGS,MELTON,-37.744793,144.66899,2021,1,January,7,Morning Peak,Weekday
T20210001523,2021-01-19,17:00:00,2,Struck Pedestrian,2,Tuesday,102,FAR SIDE. PED HIT BY VEHICLE FROM THE LEFT,1,773530,Not at intersection,3,40,Local Road,LONSDALE,DANDENONG,-37.99869,145.22153,2021,1,January,17,Afternoon Peak,Weekday
T20210001422,2021-01-19,18:30:00,1,Collision with vehicle,2,Tuesday,121,RIGHT THROUGH,1,355448,Cross intersection,3,60,Arterial Highway,MCIVOR,BENDIGO,-36.75728,144.29182,2021,1,January,18,Afternoon Peak,Weekday
T20210001330,2021-01-19,17:25:00,1,Collision with vehicle,2,Tuesday,113,RIGHT NEAR (INTERSECTIONS ONLY),1,221898,Multiple intersection,3,80,Freeway,NEPEAN,MORNINGTON PENINSULA,-38.302914,145.03152,2021,1,January,17,Afternoon Peak,Weekday
T20210001326,2021-01-19,16:00:00,9,Other accident,2,Tuesday,174,OUT OF CONTROL ON CARRIAGEWAY (ON STRAIGHT),1,673335,Cross intersection,3,60,Arterial Other,BURKE,BOROONDARA,-37.789406,145.06473,2021,1,January,16,Afternoon Peak,Weekday
T20210009477,2021-01-19,12:00:00,1,Collision with vehicle,2,Tuesday,130,REAR END(VEHICLES IN SAME LANE),1,682457,Not at intersection,3,60,Arterial Other,MAIN,BANYULE,-37.732037,145.13469,2021,1,January,12,Midday,Weekday
T20210001309,2021-01-19,11:30:00,1,Collision with vehicle,2,Tuesday,132,RIGHT REAR.,1,49729,T intersection,2,60,Arterial Other,ANAKIE,GEELONG,-38.09442,144.33469,2021,1,January,11,Midday,Weekday
T20210003247,2021-01-19,15:35:00,1,Collision with vehicle,2,Tuesday,130,REAR END(VEHICLES IN SAME LANE),1,675545,T intersection,3,60,Arterial Other,SOUTH,KINGSTON,-37.936413,145.06023,2021,1,January,15,Afternoon Peak,Weekday
T20210001314,2021-01-19,10:30:00,2,Struck Pedestrian,2,Tuesday,100,PED NEAR SIDE. PED HIT BY VEHICLE FROM THE RIGHT.,1,673333,Not at intersection,2,30,Arterial Other,ST KILDA,MELBOURNE,-37.849743,144.98047,2021,1,January,10,Midday,Weekday
T20210001398,2021-01-19,07:58:00,4,Collision with a fixed object,2,Tuesday,183,OFF LEFT BEND INTO OBJECT/PARKED VEHICLE,1,675863,Not at intersection,3,50,Local Road,NORTHSIDE,WHITTLESEA,-37.61949,145.01855,2021,1,January,7,Morning Peak,Weekday
T20210003462,2021-01-19,14:14:00,1,Collision with vehicle,2,Tuesday,130,REAR END(VEHICLES IN SAME LANE),1,675957,Cross intersection,3,50,Local Road,BARRY,HUME,-37.66371,144.92198,2021,1,January,14,Midday,Weekday
T20210001391,2021-01-19,07:05:00,1,Collision with vehicle,2,Tuesday,110,CROSS TRAFFIC(INTERSECTIONS ONLY),1,38070,Cross intersection,3,60,Arterial Other,STATION,DAREBIN,-37.76746,145.02005,2021,1,January,7,Morning Peak,Weekday
T20210001294,2021-01-19,08:10:00,4,Collision with a fixed object,2,Tuesday,171,LEFT OFF CARRIAGEWAY INTO OBJECT/PARKED VEHICLE,1,673677,Not at intersection,3,100,Arterial Highway,DANDENONG-HASTINGS,CASEY,-38.126526,145.22981,2021,1,January,8,Morning Peak,Weekday
T20210004267,2021-01-19,17:00:00,2,Struck Pedestrian,2,Tuesday,100,PED NEAR SIDE. PED HIT BY VEHICLE FROM THE RIGHT.,1,29634,Cross intersection,3,60,Arterial Other,MARINE,PORT PHILLIP,-37.87534,144.97688,2021,1,January,17,Afternoon Peak,Weekday
T20210001289,2021-01-19,03:40:00,4,Collision with a fixed object,2,Tuesday,173,RIGHT OFF CARRIAGEWAY INTO OBJECT/PARKED VEHICLE,5,673155,Not at intersection,3,100,Arterial Highway,MURRAY VALLEY,INDIGO,-36.051357,146.48735,2021,1,January,3,Late Night,Weekday
T20210001285,2021-01-19,00:00:00,4,Collision with a fixed object,2,Tuesday,171,LEFT OFF CARRIAGEWAY INTO OBJECT/PARKED VEHICLE,5,673529,Not at intersection,3,100,Arterial Other,BENALLA-YARRAWONGA,MOIRA,-36.072598,145.99544,2021,1,January,0,Late Night,Weekday
T20220014620,2021-01-19,09:00:00,9,Other accident,2,Tuesday,179,OTHER ACCIDENTS-OFF STRAIGHT NOT INCLUDED IN DCAs 170-175,1,719877,Not at intersection,3,60,Arterial Other,PASCOE VALE,HUME,-37.674328,144.92308,2021,1,January,9,Morning Peak,Weekday
T20210001550,2021-01-19,13:00:00,1,Collision with vehicle,2,Tuesday,110,CROSS TRAFFIC(INTERSECTIONS ONLY),1,59501,Cross intersection,3,50,Local Road,BRAZIER,BENDIGO,-36.721558,144.25461,2021,1,January,13,Midday,Weekday
T20210001291,2021-01-19,07:05:00,1,Collision with vehicle,2,Tuesday,113,RIGHT NEAR (INTERSECTIONS ONLY),2,37669,T intersection,2,40,Arterial Other,TOORAK,STONNINGTON,-37.839104,144.9925,2021,1,January,7,Morning Peak,Weekday
T20210001305,2021-01-19,08:30:00,1,Collision with vehicle,2,Tuesday,110,CROSS TRAFFIC(INTERSECTIONS ONLY),1,63608,Cross intersection,3,50,Local Road,DE CARLE,MORELAND,-37.757725,144.96564,2021,1,January,8,Morning Peak,Weekday
T20210001494,2021-01-20,16:56:00,1,Collision with vehicle,3,Wednesday,142,LEAVING PARKING,1,675864,Not at intersection,2,60,Arterial Other,JACKSONS,DANDENONG,-37.940025,145.1926,2021,1,January,16,Afternoon Peak,Weekday
T20210001404,2021-01-20,14:15:00,2,Struck Pedestrian,3,Wednesday,101,PED EMERGES FROM IN FRONT OF PARKED OR STATIONARY VEHICLE,1,673439,Not at intersection,2,50,Local Road,TIMBOON-CURDIEVALE,CORANGAMITE,-38.48481,142.97964,2021,1,January,14,Midday,Weekday
T20210001405,2021-01-20,13:55:00,1,Collision with vehicle,3,Wednesday,134,LANE CHANGE RIGHT (NOT OVERTAKING),1,677495,T intersection,3,60,Arterial Highway,DEAKIN,MILDURA,-34.204853,142.13898,2021,1,January,13,Midday,Weekday
T20210001742,2021-01-20,13:30:00,1,Collision with vehicle,3,Wednesday,145,REVERSING IN STREAM OF TRAFFIC,1,676335,Not at intersection,2,50,Local Road,FLEISCHER,EAST GIPPSLAND,-37.91981,147.7237,2021,1,January,13,Midday,Weekday
T20210001406,2021-01-20,08:00:00,1,Collision with vehicle,3,Wednesday,121,RIGHT THROUGH,1,45118,T intersection,3,60,Arterial Other,BALLARAT,MARIBYRNONG,-37.779396,144.84943,2021,1,January,8,Morning Peak,Weekday
T20220002390,2021-01-20,17:55:00,1,Collision with vehicle,3,Wednesday,113,RIGHT NEAR (INTERSECTIONS ONLY),1,712329,T intersection,3,60,Arterial Other,GAP,HUME,-37.57884,144.71379,2021,1,January,17,Afternoon Peak,Weekday
T20210001372,2021-01-20,08:30:00,1,Collision with vehicle,3,Wednesday,135,LANE CHANGE LEFT (NOT OVERTAKING),1,147809,Not at intersection,2,100,Freeway,EASTERN,BOROONDARA,-37.779922,145.08327,2021,1,January,8,Morning Peak,Weekday
T20210001410,2021-01-20,15:16:00,1,Collision with vehicle,3,Wednesday,116,LEFT NEAR (INTERSECTIONS ONLY),1,773414,T intersection,2,50,Local Road,PARER,MOONEE VALLEY,-37.723,144.86984,2021,1,January,15,Afternoon Peak,Weekday
T20210001439,2021-01-20,13:55:00,1,Collision with vehicle,3,Wednesday,137,LEFT TURN SIDESWIPE,1,673440,T intersection,3,50,Local Road,ALBERT,MELBOURNE,-37.80992,144.97916,2021,1,January,13,Midday,Weekday
T20210001411,2021-01-20,16:15:00,1,Collision with vehicle,3,Wednesday,121,RIGHT THROUGH,1,39718,T intersection,2,70,Arterial Other,MT DANDENONG,MAROONDAH,-37.800556,145.26346,2021,1,January,16,Afternoon Peak,Weekday
T20210001435,2021-01-20,17:21:00,2,Struck Pedestrian,3,Wednesday,102,FAR SIDE. PED HIT BY VEHICLE FROM THE LEFT,1,673534,Not at intersection,2,60,Arterial Highway,PLENTY VALLEY,DAREBIN,-37.746464,145.02188,2021,1,January,17,Afternoon Peak,Weekday
T20210001434,2021-01-20,18:20:00,1,Collision with vehicle,3,Wednesday,140,U TURN,1,675616,Not at intersection,3,60,Local Road,JONES,MORNINGTON PENINSULA,-38.2369,145.17265,2021,1,January,18,Afternoon Peak,Weekday
T20210001433,2021-01-20,08:45:00,1,Collision with vehicle,3,Wednesday,130,REAR END(VEHICLES IN SAME LANE),1,673533,Not at intersection,3,80,Arterial Highway,DANDENONG,PORT PHILLIP,-37.85823,144.99458,2021,1,January,8,Morning Peak,Weekday
T20210001430,2021-01-20,15:15:00,1,Collision with vehicle,3,Wednesday,120,HEAD ON (NOT OVERTAKING),1,676040,Not at intersection,2,100,Arterial Other,BEAUFORT-LEXTON,PYRENEES,-37.41685,143.40881,2021,1,January,15,Afternoon Peak,Weekday
T20210001428,2021-01-20,18:15:00,1,Collision with vehicle,3,Wednesday,148,VEHICLE OFF FOOTPATH STRIKES VEH ON CARRIAGEWAY,1,674280,Cross intersection,3,50,Local Road,KIMBERLEY,WYNDHAM,-37.894775,144.63463,2021,1,January,18,Afternoon Peak,Weekday
T20210001412,2021-01-20,16:15:00,1,Collision with vehicle,3,Wednesday,132,RIGHT REAR.,1,675026,Not at intersection,3,60,Local Road,SMITH,DANDENONG,-37.94136,145.16621,2021,1,January,16,Afternoon Peak,Weekday
T20210001413,2021-01-20,15:30:00,1,Collision with vehicle,3,Wednesday,120,HEAD ON (NOT OVERTAKING),1,673343,Not at intersection,3,80,Arterial Other,FYANSFORD-GHERINGHAP,GEELONG,-38.119717,144.2697,2021,1,January,15,Afternoon Peak,Weekday
T20210001380,2021-01-20,09:50:00,1,Collision with vehicle,3,Wednesday,121,RIGHT THROUGH,1,674939,T intersection,2,60,Local Road,AGAR,BASS COAST,-38.431847,145.44737,2021,1,January,9,Morning Peak,Weekday
T20210001509,2021-01-20,07:50:00,1,Collision with vehicle,3,Wednesday,121,RIGHT THROUGH,1,39539,T intersection,3,70,Arterial Other,MITCHAM,MANNINGHAM,-37.80405,145.18925,2021,1,January,7,Morning Peak,Weekday
T20210001415,2021-01-20,12:20:00,1,Collision with vehicle,3,Wednesday,152,PULLING OUT (OVERTAKING),1,673319,Not at intersection,1,80,Arterial Highway,MURRAY VALLEY,SWAN HILL,-35.237675,143.48164,2021,1,January,12,Midday,Weekday
T20210001371,2021-01-20,06:45:00,1,Collision with vehicle,3,Wednesday,121,RIGHT THROUGH,1,608716,Cross intersection,2,80,Local Road,AIRPORT,HUME,-37.692474,144.86603,2021,1,January,6,Morning Peak,Weekday
T20210001381,2021-01-20,11:30:00,4,Collision with a fixed object,3,Wednesday,171,LEFT OFF CARRIAGEWAY INTO OBJECT/PARKED VEHICLE,9,684648,Not at intersection,3,100,Local Road,SAMARIA,BENALLA,-36.725857,146.04803,2021,1,January,11,Midday,Weekday
T20210007752,2021-01-20,13:30:00,1,Collision with vehicle,3,Wednesday,130,REAR END(VEHICLES IN SAME LANE),1,680074,Not at intersection,3,80,Arterial Other,COOPER,WHITTLESEA,-37.64951,145.0034,2021,1,January,13,Midday,Weekday
T20210001416,2021-01-20,15:30:00,4,Collision with a fixed object,3,Wednesday,141,U TURN INTO FIXED OBJECT/PARKED VEHICLE,1,680752,Not at intersection,2,100,Local Road,TIMOR-DUNLUCE,CENTRAL GOLDFIELDS,-36.96494,143.66595,2021,1,January,15,Afternoon Peak,Weekday
T20210001383,2021-01-20,07:32:00,1,Collision with vehicle,3,Wednesday,121,RIGHT THROUGH,1,674039,T intersection,2,60,Arterial Other,DAREBIN,DAREBIN,-37.766567,145.0306,2021,1,January,7,Morning Peak,Weekday
T20210001450,2021-01-20,22:05:00,4,Collision with a fixed object,3,Wednesday,173,RIGHT OFF CARRIAGEWAY INTO OBJECT/PARKED VEHICLE,5,679189,Not at intersection,2,100,Local Road,KANGAROO GULLY,BENDIGO,-36.82072,144.25931,2021,1,January,22,Night,Weekday
T20210005799,2021-01-20,19:30:00,4,Collision with a fixed object,3,Wednesday,173,RIGHT OFF CARRIAGEWAY INTO OBJECT/PARKED VEHICLE,9,36675,T intersection,3,80,Arterial Other,PASCOE VALE,HUME,-37.6518,144.93039,2021,1,January,19,Night,Weekday
T20210001800,2021-01-20,18:10:00,1,Collision with vehicle,3,Wednesday,130,REAR END(VEHICLES IN SAME LANE),2,673855,Not at intersection,2,60,Local Road,HYDE,MARIBYRNONG,-37.821625,144.89589,2021,1,January,18,Afternoon Peak,Weekday
T20210001385,2021-01-20,09:03:00,6,Vehicle overturned (no collision),3,Wednesday,174,OUT OF CONTROL ON CARRIAGEWAY (ON STRAIGHT),1,673341,Not at intersection,2,80,Arterial Other,DONCASTER-MORDIALLOC,KINGSTON,-38.008366,145.10376,2021,1,January,9,Morning Peak,Weekday
T20210001388,2021-01-20,10:56:00,1,Collision with vehicle,3,Wednesday,147,VEHICLE STRIKES ANOTHER VEH WHILE EMERGING FROM DRIVEWAY,1,615012,Not at intersection,3,80,Arterial Other,MOUNTAIN,KNOX,-37.849144,145.22678,2021,1,January,10,Midday,Weekday
T20210001389,2021-01-20,10:04:00,1,Collision with vehicle,3,Wednesday,160,VEHICLE COLLIDES WITH VEHICLE PARKED ON LEFT OF ROAD,1,673342,T intersection,3,50,Local Road,BARRAGOWA,MORNINGTON PENINSULA,-38.3727,144.88138,2021,1,January,10,Midday,Weekday
T20210002273,2021-01-20,17:05:00,1,Collision with vehicle,3,Wednesday,130,REAR END(VEHICLES IN SAME LANE),1,674395,Not at intersection,2,90,Arterial Other,WESTERN PORT,MORNINGTON PENINSULA,-38.279156,145.18906,2021,1,January,17,Afternoon Peak,Weekday
T20210001978,2021-01-20,07:30:00,1,Collision with vehicle,3,Wednesday,139,OTHER SAME DIRECTION-MANOUEVRES NOT INCLUDED IN DCAs 130-137,1,674049,Multiple intersection,2,60,Local Road,MATTHEWS,MOONEE VALLEY,-37.72576,144.89073,2021,1,January,7,Morning Peak,Weekday
T20210001365,2021-01-20,08:00:00,2,Struck Pedestrian,3,Wednesday,102,FAR SIDE. PED HIT BY VEHICLE FROM THE LEFT,1,674381,Cross intersection,2,60,Arterial Highway,WHITEHORSE,WHITEHORSE,-37.818287,145.1237,2021,1,January,8,Morning Peak,Weekday
T20210001454,2021-01-20,22:25:00,1,Collision with vehicle,3,Wednesday,130,REAR END(VEHICLES IN SAME LANE),5,773415,Not at intersection,3,60,Freeway,PRINCES,CASEY,-38.04188,145.3347,2021,1,January,22,Night,Weekday
T20210001360,2021-01-20,07:00:00,1,Collision with vehicle,3,Wednesday,121,RIGHT THROUGH,1,674984,Not at intersection,2,60,Arterial Other,SOMERVILLE,BRIMBANK,-37.808487,144.84384,2021,1,January,7,Morning Peak,Weekday
T20210001358,2021-01-20,06:30:00,1,Collision with vehicle,3,Wednesday,130,REAR END(VEHICLES IN SAME LANE),1,673847,Not at intersection,3,100,Freeway,MONASH,DANDENONG,-37.95414,145.21696,2021,1,January,6,Morning Peak,Weekday
T20210002008,2021-01-20,12:30:00,1,Collision with vehicle,3,Wednesday,130,REAR END(VEHICLES IN SAME LANE),1,683394,Not at intersection,3,80,Arterial Highway,SOUTH GIPPSLAND,CASEY,-38.074883,145.27171,2021,1,January,12,Midday,Weekday
T20210001356,2021-01-20,06:08:00,4,Collision with a fixed object,3,Wednesday,173,RIGHT OFF CARRIAGEWAY INTO OBJECT/PARKED VEHICLE,1,675928,Not at intersection,2,100,Arterial Highway,PRINCES,COLAC OTWAY,-38.34416,143.3842,2021,1,January,6,Morning Peak,Weekday
T20210002686,2021-01-20,09:00:00,1,Collision with vehicle,3,Wednesday,135,LANE CHANGE LEFT (NOT OVERTAKING),1,729575,Not at intersection,3,80,Arterial Other,WESTALL,DANDENONG,-37.962128,145.13622,2021,1,January,9,Morning Peak,Weekday
T20210001464,2021-01-20,18:03:00,1,Collision with vehicle,3,Wednesday,130,REAR END(VEHICLES IN SAME LANE),1,673605,Cross intersection,3,80,Arterial Other,SOMERTON,HUME,-37.642277,144.94185,2021,1,January,18,Afternoon Peak,Weekday
T20210001394,2021-01-20,11:30:00,1,Collision with vehicle,3,Wednesday,130,REAR END(VEHICLES IN SAME LANE),1,673530,Not at intersection,3,80,Local Road,EUREKA,BALLARAT,-37.57245,143.90688,2021,1,January,11,Midday,Weekday
T20210001449,2021-01-20,20:30:00,4,Collision with a fixed object,3,Wednesday,173,RIGHT OFF CARRIAGEWAY INTO OBJECT/PARKED VEHICLE,1,676041,Not at intersection,2,100,Arterial Other,PITFIELD-SCARSDALE,GOLDEN PLAINS,-37.714134,143.6566,2021,1,January,20,Night,Weekday
T20210001448,2021-01-20,19:15:00,1,Collision with vehicle,3,Wednesday,113,RIGHT NEAR (INTERSECTIONS ONLY),1,657037,T intersection,2,70,Arterial Other,DONNYBROOK,HUME,-37.541042,144.95439,2021,1,January,19,Night,Weekday
T20210001519,2021-01-20,11:45:00,1,Collision with vehicle,3,Wednesday,111,RIGHT FAR (INTERSECTIONS ONLY),1,72670,T intersection,3,60,Local Road,CHERRY,CASEY,-38.19826,145.236,2021,1,January,11,Midday,Weekday
T20210001418,2021-01-20,16:10:00,1,Collision with vehicle,3,Wednesday,113,RIGHT NEAR (INTERSECTIONS ONLY),1,222093,T intersection,2,80,Arterial Other,MAIN NEERIM,BAW BAW,-38.090942,145.85399,2021,1,January,16,Afternoon Peak,Weekday
T20210001446,2021-01-20,21:30:00,1,Collision with vehicle,3,Wednesday,113,RIGHT NEAR (INTERSECTIONS ONLY),3,653495,T intersection,3,70,Arterial Other,BALLARAT,BRIMBANK,-37.778507,144.84259,2021,1,January,21,Night,Weekday
T20210001353,2021-01-20,01:18:00,6,Vehicle overturned (no collision),3,Wednesday,170,OFF CARRIAGEWAY TO LEFT,3,684086,Not at intersection,3,60,Local Road,BROOKLYN,MELTON,-37.70094,144.55803,2021,1,January,1,Late Night,Weekday
T20210001400,2021-01-20,14:00:00,6,Vehicle overturned (no collision),3,Wednesday,184,OUT OF CONTROL ON CARRIAGEWAY (ON BEND),1,673532,Not at intersection,3,100,Local Road,OLD SALE,BAW BAW,-38.0747,146.07812,2021,1,January,14,Midday,Weekday
T20210001402,2021-01-20,10:15:00,1,Collision with vehicle,3,Wednesday,120,HEAD ON (NOT OVERTAKING),1,678877,Not at intersection,2,80,Arterial Highway,GREAT OCEAN,COLAC OTWAY,-38.587746,143.93341,2021,1,January,10,Midday,Weekday
T20210001445,2021-01-20,20:15:00,6,Vehicle overturned (no collision),3,Wednesday,174,OUT OF CONTROL ON CARRIAGEWAY (ON STRAIGHT),2,49633,Cross intersection,2,80,Arterial Other,BACCHUS MARSH,GEELONG,-38.048016,144.35799,2021,1,January,20,Night,Weekday
T20210003248,2021-01-21,06:00:00,4,Collision with a fixed object,4,Thursday,171,LEFT OFF CARRIAGEWAY INTO OBJECT/PARKED VEHICLE,2,675724,Not at intersection,2,80,Freeway,MONASH,STONNINGTON,-37.880325,145.0862,2021,1,January,6,Morning Peak,Weekday
T20210001552,2021-01-21,19:45:00,1,Collision with vehicle,4,Thursday,159,OTHER OVERTAKING MANOEUVRES NOT INCLUDED IN DCAs 150-154,1,264830,T intersection,3,50,Local Road,SASSES,KNOX,-37.853424,145.25961,2021,1,January,19,Night,Weekday
T20210001551,2021-01-21,16:45:00,1,Collision with vehicle,4,Thursday,130,REAR END(VEHICLES IN SAME LANE),1,776886,Multiple intersection,3,80,Freeway,PRINCES OUT-CARDINIA,CARDINIA,-38.07744,145.43414,2021,1,January,16,Afternoon Peak,Weekday
T20210001547,2021-01-21,22:10:00,1,Collision with vehicle,4,Thursday,120,HEAD ON (NOT OVERTAKING),5,677666,Not at intersection,3,100,Arterial Highway,SOUTH GIPPSLAND,CARDINIA,-38.219933,145.50797,2021,1,January,22,Night,Weekday
T20210001536,2021-01-21,20:52:00,4,Collision with a fixed object,4,Thursday,171,LEFT OFF CARRIAGEWAY INTO OBJECT/PARKED VEHICLE,5,679905,Not at intersection,2,100,Local Road,EMBLETONS,BAW BAW,-38.16347,146.17445,2021,1,January,20,Night,Weekday
T20210001534,2021-01-21,21:30:00,1,Collision with vehicle,4,Thursday,121,RIGHT THROUGH,3,673680,T intersection,2,60,Local Road,LAWRENCE,WODONGA,-36.121044,146.86334,2021,1,January,21,Night,Weekday
T20210001533,2021-01-21,22:00:00,1,Collision with vehicle,4,Thursday,113,RIGHT NEAR (INTERSECTIONS ONLY),3,46035,T intersection,3,60,Arterial Other,THOMPSONS,MANNINGHAM,-37.773888,145.09444,2021,1,January,22,Night,Weekday
T20210001531,2021-01-21,16:12:00,1,Collision with vehicle,4,Thursday,130,REAR END(VEHICLES IN SAME LANE),1,675806,Not at intersection,3,100,Freeway,TULLAMARINE,MORELAND,-37.70536,144.88942,2021,1,January,16,Afternoon Peak,Weekday
T20210001522,2021-01-21,19:00:00,1,Collision with vehicle,4,Thursday,121,RIGHT THROUGH,1,29676,Cross intersection,3,60,Arterial Other,BLUFF,BAYSIDE,-37.93765,145.02382,2021,1,January,19,Night,Weekday
T20210006240,2021-01-21,05:00:00,4,Collision with a fixed object,4,Thursday,173,RIGHT OFF CARRIAGEWAY INTO OBJECT/PARKED VEHICLE,3,45406,T intersection,3,60,Arterial Other,PASCOE VALE,MOONEE VALLEY,-37.75086,144.92526,2021,1,January,5,Morning Peak,Weekday
T20210009810,2021-01-21,10:30:00,1,Collision with vehicle,4,Thursday,130,REAR END(VEHICLES IN SAME LANE),1,682559,Not at intersection,3,60,Arterial Other,WAVERLEY,MOONEE VALLEY,-37.764153,144.90591,2021,1,January,10,Midday,Weekday
T20210001469,2021-01-21,08:57:00,1,Collision with vehicle,4,Thursday,111,RIGHT FAR (INTERSECTIONS ONLY),1,235611,Cross intersection,3,60,Local Road,BRIDGEWATER,HUME,-37.62017,144.93214,2021,1,January,8,Morning Peak,Weekday
T20210001466,2021-01-21,09:30:00,1,Collision with vehicle,4,Thursday,130,REAR END(VEHICLES IN SAME LANE),1,673606,Not at intersection,3,60,Arterial Highway,SURF COAST,SURF COAST,-38.322037,144.31854,2021,1,January,9,Morning Peak,Weekday
T20210001465,2021-01-21,07:30:00,1,Collision with vehicle,4,Thursday,130,REAR END(VEHICLES IN SAME LANE),1,676042,Not at intersection,2,80,Freeway,MONASH,MONASH,-37.914604,145.16754,2021,1,January,7,Morning Peak,Weekday