ACCIDENT_NO,ACCIDENT_DATE,ACCIDENT_TIME,ACCIDENT_TYPE,ACCIDENT_TYPE_DESC,DAY_OF_WEEK,DAY_WEEK_DESC,DCA_CODE,DCA_DESC,LIGHT_CONDITION,NODE_ID,ROAD_GEOMETRY_DESC,SEVERITY,SPEED_ZONE,RMA,ROAD_NAME,LGA_NAME,LATITUDE,LONGITUDE,YEAR,MONTH,MONTH_NAME,HOUR,TIME_PERIOD,DAY_TYPE
T20210001462,2021-01-21,08:06:00,1,Collision with vehicle,4,Thursday,121,RIGHT THROUGH,1,44549,Cross intersection,2,60,Arterial Other,SOUTHERN,BANYULE,-37.740997,145.0368,2021,1,January,8,Morning Peak,Weekday
T20210001458,2021-01-21,06:25:00,1,Collision with vehicle,4,Thursday,133,LANE SIDE SWIPE (VEHICLES IN PARALLEL LANES),1,673679,Not at intersection,2,100,Freeway,PRINCES FREEWAY,CARDINIA,-38.07204,145.6554,2021,1,January,6,Morning Peak,Weekday
T20210001456,2021-01-21,06:50:00,1,Collision with vehicle,4,Thursday,142,LEAVING PARKING,1,673442,Not at intersection,2,40,Local Road,CHAPEL,STONNINGTON,-37.854515,144.99287,2021,1,January,6,Morning Peak,Weekday
T20210001516,2021-01-21,17:25:00,1,Collision with vehicle,4,Thursday,133,LANE SIDE SWIPE (VEHICLES IN PARALLEL LANES),1,686414,Not at intersection,2,40,Local Road,PARK,PORT PHILLIP,-37.832478,144.97112,2021,1,January,17,Afternoon Peak,Weekday
T20210001513,2021-01-21,15:50:00,1,Collision with vehicle,4,Thursday,136,RIGHT TURN SIDESWIPE,1,46169,T intersection,2,40,Arterial Other,BRIDGE,YARRA,-37.819683,145.01001,2021,1,January,15,Afternoon Peak,Weekday
T20210001508,2021-01-21,14:20:00,4,Collision with a fixed object,4,Thursday,183,OFF LEFT BEND INTO OBJECT/PARKED VEHICLE,1,677059,Not at intersection,2,100,Local Road,EILDON-JAMIESON,MURRINDINDI,-37.377785,146.04947,2021,1,January,14,Midday,Weekday
T20210001503,2021-01-21,16:28:00,1,Collision with vehicle,4,Thursday,113,RIGHT NEAR (INTERSECTIONS ONLY),1,51521,Cross intersection,3,60,Arterial Highway,NAPIER,BENDIGO,-36.72613,144.309,2021,1,January,16,Afternoon Peak,Weekday
T20210001500,2021-01-21,09:00:00,1,Collision with vehicle,4,Thursday,121,RIGHT THROUGH,1,56144,Multiple intersection,2,80,Freeway,COUANGALT-CALDER OUT,MACEDON RANGES,-37.54076,144.6416,2021,1,January,9,Morning Peak,Weekday
T20210001499,2021-01-21,14:25:00,1,Collision with vehicle,4,Thursday,113,RIGHT NEAR (INTERSECTIONS ONLY),1,53817,T intersection,3,70,Arterial Other,KIRKWOOD,CASEY,-38.034508,145.2851,2021,1,January,14,Midday,Weekday
T20210001498,2021-01-21,15:50:00,1,Collision with vehicle,4,Thursday,130,REAR END(VEHICLES IN SAME LANE),1,29775,Cross intersection,2,80,Arterial Other,FRANKSTON-FLINDERS,MORNINGTON PENINSULA,-38.238575,145.18924,2021,1,January,15,Afternoon Peak,Weekday
T20210001493,2021-01-21,14:55:00,1,Collision with vehicle,4,Thursday,133,LANE SIDE SWIPE (VEHICLES IN PARALLEL LANES),1,673444,Not at intersection,2,70,Arterial Highway,DANDENONG,GLEN EIRA,-37.87977,145.0486,2021,1,January,14,Midday,Weekday
T20210001491,2021-01-21,13:20:00,1,Collision with vehicle,4,Thursday,173,RIGHT OFF CARRIAGEWAY INTO OBJECT/PARKED VEHICLE,1,29782,Cross intersection,3,60,Arterial Other,BONEO,MORNINGTON PENINSULA,-38.36746,144.88942,2021,1,January,13,Midday,Weekday
T20210001489,2021-01-21,08:15:00,1,Collision with vehicle,4,Thursday,121,RIGHT THROUGH,1,39371,Cross intersection,3,60,Arterial Other,CANTERBURY,WHITEHORSE,-37.830406,145.1363,2021,1,January,8,Morning Peak,Weekday
T20210001478,2021-01-21,11:15:00,1,Collision with vehicle,4,Thursday,160,VEHICLE COLLIDES WITH VEHICLE PARKED ON LEFT OF ROAD,1,673938,Not at intersection,2,60,Arterial Other,NORTH,BAYSIDE,-37.89797,144.99115,2021,1,January,11,Midday,Weekday
T20210001476,2021-01-21,11:35:00,1,Collision with vehicle,4,Thursday,110,CROSS TRAFFIC(INTERSECTIONS ONLY),1,51407,Cross intersection,3,50,Local Road,EYRE,CAMPASPE,-36.134563,144.75124,2021,1,January,11,Midday,Weekday
T20210001475,2021-01-21,11:30:00,1,Collision with vehicle,4,Thursday,121,RIGHT THROUGH,1,151461,T intersection,2,60,Local Road,STATION LAKE,GEELONG,-38.024155,144.4087,2021,1,January,11,Midday,Weekday
T20210001474,2021-01-21,10:02:00,1,Collision with vehicle,4,Thursday,121,RIGHT THROUGH,1,43797,Cross intersection,2,50,Arterial Highway,WARBURTON,YARRA RANGES,-37.778168,145.45847,2021,1,January,10,Midday,Weekday
T20210001669,2021-01-21,16:43:00,1,Collision with vehicle,4,Thursday,120,HEAD ON (NOT OVERTAKING),1,679988,Not at intersection,3,50,Local Road,ELGAN,MORNINGTON PENINSULA,-38.37127,144.81491,2021,1,January,16,Afternoon Peak,Weekday
T20210001686,2021-01-21,20:42:00,1,Collision with vehicle,4,Thursday,133,LANE SIDE SWIPE (VEHICLES IN PARALLEL LANES),2,684582,Not at intersection,3,40,Freeway,PRINCES,WYNDHAM,-37.844048,144.786,2021,1,January,20,Night,Weekday
T20210002935,2021-01-21,12:00:00,1,Collision with vehicle,4,Thursday,130,REAR END(VEHICLES IN SAME LANE),1,676735,Cross intersection,3,50,Local Road,BELL,SURF COAST,-38.337563,144.31912,2021,1,January,12,Midday,Weekday
T20210002416,2021-01-21,17:42:00,1,Collision with vehicle,4,Thursday,130,REAR END(VEHICLES IN SAME LANE),1,675534,Not at intersection,3,80,Freeway,MONASH,MONASH,-37.89225,145.12637,2021,1,January,17,Afternoon Peak,Weekday
T20210003463,2021-01-21,15:30:00,1,Collision with vehicle,4,Thursday,134,LANE CHANGE RIGHT (NOT OVERTAKING),1,41552,T intersection,2,60,Arterial Highway,WARRIGAL,MONASH,-37.886997,145.08939,2021,1,January,15,Afternoon Peak,Weekday
T20210001886,2021-01-21,18:20:00,8,No collision and no object struck,4,Thursday,174,OUT OF CONTROL ON CARRIAGEWAY (ON STRAIGHT),1,675029,Not at intersection,2,70,Local Road,ABBOTTS,DANDENONG,-38.03307,145.22322,2021,1,January,18,Afternoon Peak,Weekday
T20210001484,2021-01-21,08:30:00,1,Collision with vehicle,4,Thursday,135,LANE CHANGE LEFT (NOT OVERTAKING),1,673535,Not at intersection,2,80,Arterial Other,COOPER,WHITTLESEA,-37.64818,144.99185,2021,1,January,8,Morning Peak,Weekday
T20210001831,2021-01-21,15:15:00,1,Collision with vehicle,4,Thursday,130,REAR END(VEHICLES IN SAME LANE),1,36664,T intersection,3,60,Local Road,ADRIAN,CASEY,-38.130077,145.29749,2021,1,January,15,Afternoon Peak,Weekday
T20210001988,2021-01-21,15:30:00,8,No collision and no object struck,4,Thursday,174,OUT OF CONTROL ON CARRIAGEWAY (ON STRAIGHT),1,674206,Not at intersection,3,60,Freeway,2997B 2998B,MELBOURNE,-37.825096,144.98001,2021,1,January,15,Afternoon Peak,Weekday
T20210001653,2021-01-21,14:30:00,1,Collision with vehicle,4,Thursday,130,REAR END(VEHICLES IN SAME LANE),1,41947,T intersection,3,60,Arterial Highway,BURWOOD,KNOX,-37.886467,145.28476,2021,1,January,14,Midday,Weekday
T20210005867,2021-01-21,10:00:00,8,No collision and no object struck,4,Thursday,149,OTHER MANOEUVRING NOT INCLUDED IN DCAs 140-148,1,678216,Not at intersection,3,70,Arterial Other,CANTERBURY,MAROONDAH,-37.825665,145.25356,2021,1,January,10,Midday,Weekday
T20210005847,2021-01-21,21:00:00,1,Collision with vehicle,4,Thursday,130,REAR END(VEHICLES IN SAME LANE),2,680127,Not at intersection,3,40,Freeway,METROPOLITAN RING OUT-EDGARS,WHITTLESEA,-37.686813,145.00116,2021,1,January,21,Night,Weekday
T20210002048,2021-01-21,17:45:00,1,Collision with vehicle,4,Thursday,113,RIGHT NEAR (INTERSECTIONS ONLY),1,42312,T intersection,3,60,Arterial Highway,WARRIGAL,KINGSTON,-37.96036,145.07542,2021,1,January,17,Afternoon Peak,Weekday
T20210001587,2021-01-21,15:50:00,1,Collision with vehicle,4,Thursday,130,REAR END(VEHICLES IN SAME LANE),1,680536,Cross intersection,3,60,Arterial Other,DANDENONG ROAD W-WELLS,FRANKSTON,-38.130135,145.13144,2021,1,January,15,Afternoon Peak,Weekday
T20210001626,2021-01-22,19:18:00,1,Collision with vehicle,5,Friday,110,CROSS TRAFFIC(INTERSECTIONS ONLY),1,227305,Cross intersection,3,80,Arterial Other,BALLARTO,CASEY,-38.140427,145.3797,2021,1,January,19,Night,Weekday
T20210001603,2021-01-22,16:30:00,1,Collision with vehicle,5,Friday,132,RIGHT REAR.,1,320610,T intersection,3,100,Arterial Highway,MCIVOR,BENDIGO,-36.777775,144.45769,2021,1,January,16,Afternoon Peak,Weekday
T20210001605,2021-01-22,15:30:00,1,Collision with vehicle,5,Friday,131,LEFT REAR,1,34212,Not at intersection,2,60,Arterial Highway,BLACKBURN,MONASH,-37.92139,145.13918,2021,1,January,15,Afternoon Peak,Weekday
T20210001608,2021-01-22,07:30:00,4,Collision with a fixed object,5,Friday,181,OFF RIGHT BEND INTO OBJECT/PARKED VEHICLE,1,673609,Not at intersection,3,60,Arterial Other,BULLA,HUME,-37.631187,144.79622,2021,1,January,7,Morning Peak,Weekday
T20210002280,2021-01-22,17:15:00,1,Collision with vehicle,5,Friday,130,REAR END(VEHICLES IN SAME LANE),1,729570,Not at intersection,3,100,Freeway,WESTERN RING,BRIMBANK,-37.722454,144.86688,2021,1,January,17,Afternoon Peak,Weekday
T20210002045,2021-01-22,14:10:00,8,No collision and no object struck,5,Friday,170,OFF CARRIAGEWAY TO LEFT,9,729564,Not at intersection,3,50,Local Road,DANDELION,KNOX,-37.921234,145.25526,2021,1,January,14,Midday,Weekday
T20210001579,2021-01-22,08:25:00,1,Collision with vehicle,5,Friday,113,RIGHT NEAR (INTERSECTIONS ONLY),1,323693,Y intersection,2,80,Arterial Highway,WIMMERA,LODDON,-36.735706,143.91362,2021,1,January,8,Morning Peak,Weekday
T20210002922,2021-01-22,10:30:00,4,Collision with a fixed object,5,Friday,181,OFF RIGHT BEND INTO OBJECT/PARKED VEHICLE,1,675166,Not at intersection,3,60,Local Road,MILNERS,YARRA RANGES,-37.798935,145.60745,2021,1,January,10,Midday,Weekday
T20210001648,2021-01-22,09:08:00,1,Collision with vehicle,5,Friday,121,RIGHT THROUGH,1,36066,Cross intersection,3,60,Arterial Highway,RACECOURSE,MELBOURNE,-37.789173,144.94002,2021,1,January,9,Morning Peak,Weekday
T20210001676,2021-01-22,21:50:00,1,Collision with vehicle,5,Friday,121,RIGHT THROUGH,3,1030,Cross intersection,3,60,Arterial Other,WESTERN PORT,MORNINGTON PENINSULA,-38.285446,145.18843,2021,1,January,21,Night,Weekday
T20210001607,2021-01-22,15:44:00,1,Collision with vehicle,5,Friday,147,VEHICLE STRIKES ANOTHER VEH WHILE EMERGING FROM DRIVEWAY,1,676397,Not at intersection,2,50,Local Road,EFFICIENT,MELTON,-37.805283,144.74007,2021,1,January,15,Afternoon Peak,Weekday
T20210001667,2021-01-22,16:30:00,1,Collision with vehicle,5,Friday,130,REAR END(VEHICLES IN SAME LANE),2,35631,Cross intersection,2,60,Arterial Highway,SOUTH GIPPSLAND,DANDENONG,-38.026653,145.24374,2021,1,January,16,Afternoon Peak,Weekday
T20210001610,2021-01-22,18:05:00,2,Struck Pedestrian,5,Friday,103,PED PLAYING/LYING/WORKING/STANDING ON CARRIAGEWAY.,1,676508,Not at intersection,3,50,Local Road,MELVILLE,MOIRA,-36.089233,145.44234,2021,1,January,18,Afternoon Peak,Weekday
T20210001564,2021-01-22,09:37:00,2,Struck Pedestrian,5,Friday,107,PED ON FOOTHPATH STRUCK BY VEHENTERING/LEAVING DRIVEWAY.,1,676396,Not at intersection,3,60,Arterial Other,MITCHAM,MANNINGHAM,-37.798923,145.18152,2021,1,January,9,Morning Peak,Weekday
T20210001666,2021-01-22,20:30:00,6,Vehicle overturned (no collision),5,Friday,170,OFF CARRIAGEWAY TO LEFT,5,706221,Not at intersection,2,100,Local Road,WALHALLA,BAW BAW,-37.60088,146.32033,2021,1,January,20,Night,Weekday
T20210001721,2021-01-22,20:00:00,1,Collision with vehicle,5,Friday,130,REAR END(VEHICLES IN SAME LANE),9,676399,Not at intersection,2,40,Arterial Other,FITZROY,PORT PHILLIP,-37.858444,144.97961,2021,1,January,20,Night,Weekday
T20210001665,2021-01-22,21:25:00,1,Collision with vehicle,5,Friday,111,RIGHT FAR (INTERSECTIONS ONLY),2,278464,T intersection,3,50,Arterial Other,PLENTY,WHITTLESEA,-37.608456,145.0945,2021,1,January,21,Night,Weekday
T20210003672,2021-01-22,16:50:00,1,Collision with vehicle,5,Friday,142,LEAVING PARKING,1,681346,Not at intersection,2,60,Arterial Other,HAWTHORN,GLEN EIRA,-37.878708,145.02354,2021,1,January,16,Afternoon Peak,Weekday
T20210001572,2021-01-22,10:34:00,1,Collision with vehicle,5,Friday,110,CROSS TRAFFIC(INTERSECTIONS ONLY),1,56181,Cross intersection,2,50,Local Road,GARDNER,CARDINIA,-38.197247,145.4886,2021,1,January,10,Midday,Weekday
T20210001557,2021-01-22,08:45:00,1,Collision with vehicle,5,Friday,110,CROSS TRAFFIC(INTERSECTIONS ONLY),1,50878,Cross intersection,3,50,Local Road,SMYTHE,WODONGA,-36.12186,146.88345,2021,1,January,8,Morning Peak,Weekday
T20210003008,2021-01-22,11:13:00,1,Collision with vehicle,5,Friday,131,LEFT REAR,1,39300,Cross intersection,3,60,Arterial Other,WILLIAMSONS,MANNINGHAM,-37.787407,145.12503,2021,1,January,11,Midday,Weekday
T20210002263,2021-01-22,17:00:00,1,Collision with vehicle,5,Friday,130,REAR END(VEHICLES IN SAME LANE),1,75407,T intersection,3,60,Arterial Other,DUDLEY,MELBOURNE,-37.808464,144.95532,2021,1,January,17,Afternoon Peak,Weekday
T20210008662,2021-01-22,13:30:00,1,Collision with vehicle,5,Friday,130,REAR END(VEHICLES IN SAME LANE),9,730133,T intersection,3,70,Arterial Other,BALLARAT,BRIMBANK,-37.765404,144.7612,2021,1,January,13,Midday,Weekday
T20210001613,2021-01-22,18:00:00,1,Collision with vehicle,5,Friday,143,ENTERING PARKING,1,676398,Not at intersection,2,50,Arterial Other,QUEENS PARADE SERVICE,YARRA,-37.787975,144.99188,2021,1,January,18,Afternoon Peak,Weekday
T20210001599,2021-01-22,16:15:00,1,Collision with vehicle,5,Friday,110,CROSS TRAFFIC(INTERSECTIONS ONLY),1,54321,Cross intersection,3,50,Arterial Highway,DEAKIN,MILDURA,-34.191067,142.15564,2021,1,January,16,Afternoon Peak,Weekday
T20210001598,2021-01-22,16:00:00,1,Collision with vehicle,5,Friday,121,RIGHT THROUGH,1,43319,T intersection,2,60,Arterial Other,MCLEOD ROAD -STATION,KINGSTON,-38.076363,145.1232,2021,1,January,16,Afternoon Peak,Weekday
T20210001618,2021-01-22,15:53:00,4,Collision with a fixed object,5,Friday,181,OFF RIGHT BEND INTO OBJECT/PARKED VEHICLE,1,674428,Not at intersection,1,100,Arterial Other,MORNINGTON-FLINDERS,MORNINGTON PENINSULA,-38.429893,144.97375,2021,1,January,15,Afternoon Peak,Weekday
T20210001588,2021-01-22,14:26:00,1,Collision with vehicle,5,Friday,133,LANE SIDE SWIPE (VEHICLES IN PARALLEL LANES),1,678071,Not at intersection,2,80,Freeway,CITYLINK,YARRA,-37.831127,145.0085,2021,1,January,14,Midday,Weekday
T20210001577,2021-01-22,13:15:00,2,Struck Pedestrian,5,Friday,101,PED EMERGES FROM IN FRONT OF PARKED OR STATIONARY VEHICLE,1,673608,Not at intersection,2,40,Local Road,HAZEL GLEN,WHITTLESEA,-37.58661,145.1272,2021,1,January,13,Midday,Weekday
T20210001574,2021-01-22,13:33:00,1,Collision with vehicle,5,Friday,113,RIGHT NEAR (INTERSECTIONS ONLY),1,37273,T intersection,3,70,Arterial Other,CRANBOURNE,CASEY,-38.034668,145.30554,2021,1,January,13,Midday,Weekday
T20210001621,2021-01-22,17:25:00,1,Collision with vehicle,5,Friday,110,CROSS TRAFFIC(INTERSECTIONS ONLY),1,676124,Cross intersection,3,100,Local Road,GIRGARRE EAST,SHEPPARTON,-36.4548,145.18637,2021,1,January,17,Afternoon Peak,Weekday
T20210003267,2021-01-22,12:15:00,1,Collision with vehicle,5,Friday,131,LEFT REAR,1,588438,Cross intersection,3,80,Arterial Other,HUME,HUME,-37.643047,144.95111,2021,1,January,12,Midday,Weekday
T20210001540,2021-01-22,03:18:00,4,Collision with a fixed object,5,Friday,175,OFF END OF ROAD/T-INTERSECTION.,3,676857,T intersection,3,50,Local Road,RICHARDS,MOUNT ALEXANDER,-37.062283,144.20879,2021,1,January,3,Late Night,Weekday
T20210001624,2021-01-22,18:28:00,1,Collision with vehicle,5,Friday,130,REAR END(VEHICLES IN SAME LANE),1,675618,Not at intersection,2,100,Freeway,WESTERN,BRIMBANK,-37.79882,144.77489,2021,1,January,18,Afternoon Peak,Weekday
T20210001625,2021-01-22,03:30:00,1,Collision with vehicle,5,Friday,169,OTHER ON PATH,3,279013,Cross intersection,3,40,Arterial Other,PALMERS,WYNDHAM,-37.857304,144.74773,2021,1,January,3,Late Night,Weekday
T20210002540,2021-01-22,10:30:00,1,Collision with vehicle,5,Friday,110,CROSS TRAFFIC(INTERSECTIONS ONLY),1,50041,Cross intersection,2,50,Local Road,HUMBLE,GEELONG,-38.159843,144.38039,2021,1,January,10,Midday,Weekday
T20210001685,2021-01-23,10:00:00,1,Collision with vehicle,6,Saturday,120,HEAD ON (NOT OVERTAKING),1,673570,Not at intersection,1,80,Arterial Highway,MAIN,NORTHERN GRAMPIANS,-37.14708,142.84543,2021,1,January,10,Midday,Weekend
T20210001699,2021-01-23,21:45:00,1,Collision with vehicle,6,Saturday,121,RIGHT THROUGH,3,35340,Cross intersection,2,60,Arterial Other,QUEENS,YARRA,-37.78865,144.99088,2021,1,January,21,Night,Weekend
T20210001701,2021-01-23,16:57:00,1,Collision with vehicle,6,Saturday,120,HEAD ON (NOT OVERTAKING),1,673571,Not at intersection,1,100,Local Road,DARGO HIGH PLAINS,WELLINGTON,-37.32283,147.2054,2021,1,January,16,Afternoon Peak,Weekend
T20210001704,2021-01-23,21:30:00,1,Collision with vehicle,6,Saturday,147,VEHICLE STRIKES ANOTHER VEH WHILE EMERGING FROM DRIVEWAY,3,360547,Not at intersection,3,60,Arterial Other,DORSET,MAROONDAH,-37.80294,145.28922,2021,1,January,21,Night,Weekend
T20210001680,2021-01-23,16:00:00,1,Collision with vehicle,6,Saturday,140,U TURN,1,729861,Not at intersection,3,60,Arterial Highway,POINT NEPEAN,MORNINGTON PENINSULA,-38.36876,144.81255,2021,1,January,16,Afternoon Peak,Weekend
T20210001647,2021-01-23,12:00:00,1,Collision with vehicle,6,Saturday,113,RIGHT NEAR (INTERSECTIONS ONLY),1,48995,T intersection,2,80,Arterial Other,FRANKSTON-FLINDERS,MORNINGTON PENINSULA,-38.389355,145.09135,2021,1,January,12,Midday,Weekend
T20210001728,2021-01-23,16:00:00,1,Collision with vehicle,6,Saturday,130,REAR END(VEHICLES IN SAME LANE),1,39642,T intersection,3,60,Arterial Other,WARRANDYTE,MAROONDAH,-37.80454,145.2303,2021,1,January,16,Afternoon Peak,Weekend
T20210001643,2021-01-23,10:15:00,1,Collision with vehicle,6,Saturday,148,VEHICLE OFF FOOTPATH STRIKES VEH ON CARRIAGEWAY,1,673684,Not at intersection,2,50,Local Road,KLINE,BALLARAT,-37.570484,143.88506,2021,1,January,10,Midday,Weekend
T20210001717,2021-01-23,10:51:00,1,Collision with vehicle,6,Saturday,152,PULLING OUT (OVERTAKING),1,781080,Not at intersection,3,60,Arterial Other,GRETA,WANGARATTA,-36.370476,146.31285,2021,1,January,10,Midday,Weekend
T20210001681,2021-01-23,17:20:00,8,No collision and no object struck,6,Saturday,170,OFF CARRIAGEWAY TO LEFT,1,773416,Not at intersection,2,60,Arterial Highway,NEPEAN,KINGSTON,-38.02891,145.10281,2021,1,January,17,Afternoon Peak,Weekend
T20210001899,2021-01-23,08:05:00,1,Collision with vehicle,6,Saturday,121,RIGHT THROUGH,1,674775,Not at intersection,3,50,Local Road,WENDOUREE,BALLARAT,-37.543446,143.83165,2021,1,January,8,Morning Peak,Weekend
T20210003708,2021-01-23,12:30:00,8,No collision and no object struck,6,Saturday,174,OUT OF CONTROL ON CARRIAGEWAY (ON STRAIGHT),1,675970,Not at intersection,3,60,Arterial Other,HIGH,BOROONDARA,-37.803284,145.04053,2021,1,January,12,Midday,Weekend
T20210001712,2021-01-23,22:05:00,1,Collision with vehicle,6,Saturday,147,VEHICLE STRIKES ANOTHER VEH WHILE EMERGING FROM DRIVEWAY,3,691373,Not at intersection,3,80,Arterial Other,MICKLEHAM,HUME,-37.639305,144.88103,2021,1,January,22,Night,Weekend
T20210001697,2021-01-23,18:00:00,1,Collision with vehicle,6,Saturday,148,VEHICLE OFF FOOTPATH STRIKES VEH ON CARRIAGEWAY,1,673852,Not at intersection,3,60,Arterial Other,THOMPSON,KINGSTON,-38.068012,145.145,2021,1,January,18,Afternoon Peak,Weekend
T20210001698,2021-01-23,19:30:00,4,Collision with a fixed object,6,Saturday,171,LEFT OFF CARRIAGEWAY INTO OBJECT/PARKED VEHICLE,1,693726,Not at intersection,2,100,Local Road,RAZORBACK SPUR,TOWONG,-36.636158,147.4901,2021,1,January,19,Night,Weekend
T20210001682,2021-01-23,15:00:00,4,Collision with a fixed object,6,Saturday,171,LEFT OFF CARRIAGEWAY INTO OBJECT/PARKED VEHICLE,1,680418,Not at intersection,3,100,Local Road,BOX FOREST,GEELONG,-37.876713,144.34996,2021,1,January,15,Afternoon Peak,Weekend
T20210001652,2021-01-23,11:20:00,1,Collision with vehicle,6,Saturday,130,REAR END(VEHICLES IN SAME LANE),1,674383,Not at intersection,2,80,Arterial Highway,PRINCES,BAW BAW,-38.209293,146.14317,2021,1,January,11,Midday,Weekend
T20210001655,2021-01-23,12:30:00,4,Collision with a fixed object,6,Saturday,171,LEFT OFF CARRIAGEWAY INTO OBJECT/PARKED VEHICLE,1,673685,Not at intersection,2,100,Freeway,SOUTH GIPPSLAND,CASEY,-38.02948,145.24698,2021,1,January,12,Midday,Weekend
T20210001688,2021-01-23,16:30:00,4,Collision with a fixed object,6,Saturday,171,LEFT OFF CARRIAGEWAY INTO OBJECT/PARKED VEHICLE,1,694077,Not at intersection,3,100,Local Road,NAGAMBIE-RUSHWORTH,CAMPASPE,-36.599545,145.02072,2021,1,January,16,Afternoon Peak,Weekend
T20210001633,2021-01-23,01:35:00,4,Collision with a fixed object,6,Saturday,173,RIGHT OFF CARRIAGEWAY INTO OBJECT/PARKED VEHICLE,5,675931,Not at intersection,2,100,Local Road,SHENFIELDS,CORANGAMITE,-38.34405,143.11583,2021,1,January,1,Late Night,Weekend
T20210001679,2021-01-23,17:10:00,4,Collision with a fixed object,6,Saturday,173,RIGHT OFF CARRIAGEWAY INTO OBJECT/PARKED VEHICLE,1,673851,Not at intersection,2,100,Arterial Other,BALLARTO,CARDINIA,-38.151684,145.46936,2021,1,January,17,Afternoon Peak,Weekend
T20210001636,2021-01-23,02:00:00,4,Collision with a fixed object,6,Saturday,173,RIGHT OFF CARRIAGEWAY INTO OBJECT/PARKED VEHICLE,5,688277,Not at intersection,2,100,Arterial Highway,WESTERN,HINDMARSH,-36.343143,141.73528,2021,1,January,2,Late Night,Weekend
T20210001637,2021-01-23,08:34:00,1,Collision with vehicle,6,Saturday,110,CROSS TRAFFIC(INTERSECTIONS ONLY),1,37268,Cross intersection,2,40,Local Road,COPPIN,YARRA,-37.822674,145.00311,2021,1,January,8,Morning Peak,Weekend
T20210001678,2021-01-23,01:00:00,4,Collision with a fixed object,6,Saturday,173,RIGHT OFF CARRIAGEWAY INTO OBJECT/PARKED VEHICLE,3,677831,Not at intersection,2,60,Arterial Other,FURLONG,BRIMBANK,-37.761265,144.81973,2021,1,January,1,Late Night,Weekend
T20210003889,2021-01-23,11:40:00,4,Collision with a fixed object,6,Saturday,183,OFF LEFT BEND INTO OBJECT/PARKED VEHICLE,1,676243,Not at intersection,3,80,Arterial Highway,PYRENEES,MOUNT ALEXANDER,-37.08852,144.28175,2021,1,January,11,Midday,Weekend
T20210002153,2021-01-23,06:00:00,4,Collision with a fixed object,6,Saturday,173,RIGHT OFF CARRIAGEWAY INTO OBJECT/PARKED VEHICLE,2,674292,Not at intersection,3,80,Arterial Other,BALLAN-DAYLESFORD,MOORABOOL,-37.47083,144.14522,2021,1,January,6,Morning Peak,Weekend
T20210001672,2021-01-23,01:28:00,1,Collision with vehicle,6,Saturday,160,VEHICLE COLLIDES WITH VEHICLE PARKED ON LEFT OF ROAD,5,779885,Not at intersection,3,40,Local Road,ROBERTS,MORNINGTON PENINSULA,-38.377132,144.81717,2021,1,January,1,Late Night,Weekend
T20210001752,2021-01-23,13:45:00,1,Collision with vehicle,6,Saturday,143,ENTERING PARKING,1,70103,T intersection,3,60,Arterial Other,BEACH,BAYSIDE,-37.956326,145.00757,2021,1,January,13,Midday,Weekend
T20210001670,2021-01-23,14:20:00,6,Vehicle overturned (no collision),6,Saturday,180,OFF CARRIAGEWAY ON RIGHT BEND,1,676401,Not at intersection,2,100,Local Road,CREAMERY,LATROBE,-38.32721,146.29654,2021,1,January,14,Midday,Weekend
T20210001668,2021-01-23,12:30:00,4,Collision with a fixed object,6,Saturday,171,LEFT OFF CARRIAGEWAY INTO OBJECT/PARKED VEHICLE,1,683743,Not at intersection,3,100,Local Road,BURNT STORE,BAW BAW,-38.203957,145.87521,2021,1,January,12,Midday,Weekend
T20210001690,2021-01-23,16:15:00,2,Struck Pedestrian,6,Saturday,103,PED PLAYING/LYING/WORKING/STANDING ON CARRIAGEWAY.,1,690112,Not at intersection,2,40,Arterial Highway,NEPEAN HIGHWAY SERVICE,BAYSIDE,-37.908325,145.01083,2021,1,January,16,Afternoon Peak,Weekend
T20210001684,2021-01-23,13:56:00,1,Collision with vehicle,6,Saturday,130,REAR END(VEHICLES IN SAME LANE),1,36261,Cross intersection,3,40,Arterial Other,VICTORIA,MELBOURNE,-37.8065,144.96141,2021,1,January,13,Midday,Weekend
T20210001695,2021-01-23,19:00:00,1,Collision with vehicle,6,Saturday,110,CROSS TRAFFIC(INTERSECTIONS ONLY),1,50701,Cross intersection,3,50,Local Road,BANYAN,WARRNAMBOOL,-38.382862,142.4873,2021,1,January,19,Night,Weekend
T20210001663,2021-01-23,12:31:00,1,Collision with vehicle,6,Saturday,135,LANE CHANGE LEFT (NOT OVERTAKING),1,673687,Not at intersection,2,40,Arterial Other,HIGH,STONNINGTON,-37.85403,145.00945,2021,1,January,12,Midday,Weekend
T20210001662,2021-01-23,14:30:00,1,Collision with vehicle,6,Saturday,160,VEHICLE COLLIDES WITH VEHICLE PARKED ON LEFT OF ROAD,1,676400,Not at intersection,3,60,Arterial Other,DRUMMOND,BALLARAT,-37.56555,143.84657,2021,1,January,14,Midday,Weekend
T20210004726,2021-01-23,12:10:00,1,Collision with vehicle,6,Saturday,130,REAR END(VEHICLES IN SAME LANE),1,678164,Not at intersection,3,100,Freeway,MONASH,STONNINGTON,-37.88039,145.08662,2021,1,January,12,Midday,Weekend