ACCIDENT_NO,ACCIDENT_DATE,ACCIDENT_TIME,ACCIDENT_TYPE,ACCIDENT_TYPE_DESC,DAY_OF_WEEK,DAY_WEEK_DESC,DCA_CODE,DCA_DESC,LIGHT_CONDITION,NODE_ID,ROAD_GEOMETRY_DESC,SEVERITY,SPEED_ZONE,RMA,ROAD_NAME,LGA_NAME,LATITUDE,LONGITUDE,YEAR,MONTH,MONTH_NAME,HOUR,TIME_PERIOD,DAY_TYPE
T20210003471,2021-01-23,11:00:00,2,Struck Pedestrian,6,Saturday,100,PED NEAR SIDE. PED HIT BY VEHICLE FROM THE RIGHT.,1,675828,Not at intersection,3,40,Arterial Other,JOHNSON STREET SERVICE,WELLINGTON,-37.967014,146.97675,2021,1,January,11,Midday,Weekend
T20210001658,2021-01-23,08:00:00,1,Collision with vehicle,6,Saturday,169,OTHER ON PATH,1,673767,Not at intersection,2,60,Local Road,FLETCHER,MOONEE VALLEY,-37.755558,144.92267,2021,1,January,8,Morning Peak,Weekend
T20210002288,2021-01-23,16:27:00,1,Collision with vehicle,6,Saturday,130,REAR END(VEHICLES IN SAME LANE),1,674492,Cross intersection,3,60,Arterial Other,HAWTHORN,BAYSIDE,-37.90858,145.01787,2021,1,January,16,Afternoon Peak,Weekend
T20210002140,2021-01-23,10:00:00,1,Collision with vehicle,6,Saturday,131,LEFT REAR,1,683072,Not at intersection,3,60,Arterial Other,WINCHELSEA-DEANS MARSH,SURF COAST,-38.365753,143.94823,2021,1,January,10,Midday,Weekend
T20210001783,2021-01-24,12:30:00,1,Collision with vehicle,7,Sunday,131,LEFT REAR,9,322184,Cross intersection,3,70,Arterial Other,PLENTY,WHITTLESEA,-37.670273,145.07101,2021,1,January,12,Midday,Weekend
T20210003042,2021-01-24,21:45:00,4,Collision with a fixed object,7,Sunday,183,OFF LEFT BEND INTO OBJECT/PARKED VEHICLE,5,675725,Not at intersection,2,100,Local Road,BAMBRA,SURF COAST,-38.434593,144.07645,2021,1,January,21,Night,Weekend
T20210001825,2021-01-24,11:30:00,4,Collision with a fixed object,7,Sunday,183,OFF LEFT BEND INTO OBJECT/PARKED VEHICLE,1,675933,Not at intersection,3,80,Arterial Other,WOODS POINT,YARRA RANGES,-37.663956,145.85568,2021,1,January,11,Midday,Weekend
T20210001841,2021-01-24,14:20:00,4,Collision with a fixed object,7,Sunday,171,LEFT OFF CARRIAGEWAY INTO OBJECT/PARKED VEHICLE,1,680533,Not at intersection,2,80,Arterial Other,CAPE OTWAY,SURF COAST,-38.239452,144.18822,2021,1,January,14,Midday,Weekend
T20210001733,2021-01-24,14:00:00,4,Collision with a fixed object,7,Sunday,171,LEFT OFF CARRIAGEWAY INTO OBJECT/PARKED VEHICLE,1,674773,T intersection,3,60,Local Road,FOXBOROUGH,CASEY,-37.995636,145.30463,2021,1,January,14,Midday,Weekend
T20210001724,2021-01-24,11:05:00,1,Collision with vehicle,7,Sunday,130,REAR END(VEHICLES IN SAME LANE),1,673854,Not at intersection,3,60,Arterial Highway,POINT NEPEAN,MORNINGTON PENINSULA,-38.34774,144.93018,2021,1,January,11,Midday,Weekend
T20210004171,2021-01-24,18:48:00,1,Collision with vehicle,7,Sunday,160,VEHICLE COLLIDES WITH VEHICLE PARKED ON LEFT OF ROAD,1,676677,Not at intersection,3,50,Local Road,APHRASIA,GEELONG,-38.1508,144.3433,2021,1,January,18,Afternoon Peak,Weekend
T20210003121,2021-01-24,11:00:00,4,Collision with a fixed object,7,Sunday,189,OTHER ACCIDENTS ON CURVE NOT INCLUDED IN DCAs 180-184,1,729586,Not at intersection,3,80,Arterial Other,MT BAW BAW TOURIST,(MOUNT BAW BAW),-37.83608,146.25888,2021,1,January,11,Midday,Weekend
T20210003063,2021-01-24,07:45:00,1,Collision with vehicle,7,Sunday,110,CROSS TRAFFIC(INTERSECTIONS ONLY),1,41572,Cross intersection,3,50,Local Road,HATTER,MONASH,-37.907013,145.08765,2021,1,January,7,Morning Peak,Weekend
T20210001707,2021-01-24,01:10:00,4,Collision with a fixed object,7,Sunday,173,RIGHT OFF CARRIAGEWAY INTO OBJECT/PARKED VEHICLE,3,674703,Not at intersection,2,60,Arterial Highway,NEPEAN,KINGSTON,-38.03248,145.10492,2021,1,January,1,Late Night,Weekend
T20210003570,2021-01-24,09:30:00,2,Struck Pedestrian,7,Sunday,109,ANY MANOEUVRE INVOLVING PED NOT INCLUDED IN DCAs 100-108.,1,676285,Not at intersection,3,50,Local Road,BROOKVILLE,STONNINGTON,-37.844345,145.00847,2021,1,January,9,Morning Peak,Weekend
T20210002982,2021-01-24,16:00:00,8,No collision and no object struck,7,Sunday,170,OFF CARRIAGEWAY TO LEFT,9,49876,Cross intersection,3,50,Local Road,FRASER,GEELONG,-38.138477,144.3214,2021,1,January,16,Afternoon Peak,Weekend
T20210001765,2021-01-24,23:07:00,1,Collision with vehicle,7,Sunday,110,CROSS TRAFFIC(INTERSECTIONS ONLY),3,32012,Cross intersection,2,70,Arterial Highway,BURWOOD,WHITEHORSE,-37.850708,145.11993,2021,1,January,23,Night,Weekend
T20210001731,2021-01-24,11:15:00,1,Collision with vehicle,7,Sunday,137,LEFT TURN SIDESWIPE,1,676404,Y intersection,3,80,Arterial Highway,GREAT OCEAN,SURF COAST,-38.390663,144.20483,2021,1,January,11,Midday,Weekend
T20210001730,2021-01-24,12:55:00,4,Collision with a fixed object,7,Sunday,181,OFF RIGHT BEND INTO OBJECT/PARKED VEHICLE,1,673719,T intersection,2,60,Arterial Highway,DUKE STREET -FOREST,MOUNT ALEXANDER,-37.06743,144.22232,2021,1,January,12,Midday,Weekend
T20210001755,2021-01-24,22:00:00,2,Struck Pedestrian,7,Sunday,102,FAR SIDE. PED HIT BY VEHICLE FROM THE LEFT,3,1107,T intersection,2,60,Arterial Highway,POINT NEPEAN,MORNINGTON PENINSULA,-38.37084,144.82614,2021,1,January,22,Night,Weekend
T20210006420,2021-01-24,19:45:00,8,No collision and no object struck,7,Sunday,174,OUT OF CONTROL ON CARRIAGEWAY (ON STRAIGHT),1,39843,T intersection,3,80,Arterial Other,CANTERBURY,YARRA RANGES,-37.81415,145.33145,2021,1,January,19,Night,Weekend
T20210001748,2021-01-24,18:37:00,4,Collision with a fixed object,7,Sunday,183,OFF LEFT BEND INTO OBJECT/PARKED VEHICLE,1,681480,Not at intersection,2,30,Local Road,SHAWS,MOORABOOL,-37.609097,144.20056,2021,1,January,18,Afternoon Peak,Weekend
T20210001744,2021-01-24,15:54:00,4,Collision with a fixed object,7,Sunday,173,RIGHT OFF CARRIAGEWAY INTO OBJECT/PARKED VEHICLE,1,674861,Not at intersection,2,100,Arterial Other,BALLAN,GEELONG,-38.010384,144.2845,2021,1,January,15,Afternoon Peak,Weekend
T20210001726,2021-01-24,10:25:00,4,Collision with a fixed object,7,Sunday,181,OFF RIGHT BEND INTO OBJECT/PARKED VEHICLE,1,691767,Not at intersection,2,80,Arterial Other,MANSFIELD-WHITFIELD,MANSFIELD,-36.946793,146.20212,2021,1,January,10,Midday,Weekend
T20210003445,2021-01-24,01:30:00,8,No collision and no object struck,7,Sunday,182,OFF CARRIAGEWAY ON LEFT BEND,3,680726,Not at intersection,3,60,Arterial Other,MARLO-CONRAN,EAST GIPPSLAND,-37.79619,148.55098,2021,1,January,1,Late Night,Weekend
T20210001716,2021-01-24,04:30:00,6,Vehicle overturned (no collision),7,Sunday,172,OFF CARRIAGEWAY TO RIGHT,3,729862,Not at intersection,2,80,Arterial Highway,FRANKSTON-DANDENONG,DANDENONG,-38.054367,145.20749,2021,1,January,4,Late Night,Weekend
T20210001713,2021-01-24,00:50:00,4,Collision with a fixed object,7,Sunday,179,OTHER ACCIDENTS-OFF STRAIGHT NOT INCLUDED IN DCAs 170-175,3,291213,T intersection,3,80,Arterial Other,THOMPSONS,CASEY,-38.087273,145.3163,2021,1,January,0,Late Night,Weekend
T20210007704,2021-01-24,22:30:00,8,No collision and no object struck,7,Sunday,184,OUT OF CONTROL ON CARRIAGEWAY (ON BEND),6,680582,Not at intersection,2,40,Local Road,ALEXANDRA,MELBOURNE,-37.826286,144.9791,2021,1,January,22,Night,Weekend
T20210001705,2021-01-24,00:41:00,6,Vehicle overturned (no collision),7,Sunday,170,OFF CARRIAGEWAY TO LEFT,3,674681,Not at intersection,2,60,Arterial Other,SOMERTON,HUME,-37.640152,144.92586,2021,1,January,0,Late Night,Weekend
T20210001761,2021-01-24,22:32:00,1,Collision with vehicle,7,Sunday,110,CROSS TRAFFIC(INTERSECTIONS ONLY),3,42918,Cross intersection,3,60,Arterial Other,HEATHERTON,DANDENONG,-37.965015,145.17332,2021,1,January,22,Night,Weekend
T20210001735,2021-01-24,11:00:00,4,Collision with a fixed object,7,Sunday,171,LEFT OFF CARRIAGEWAY INTO OBJECT/PARKED VEHICLE,1,682112,Not at intersection,3,40,Local Road,COBB,MORNINGTON PENINSULA,-38.211296,145.08693,2021,1,January,11,Midday,Weekend
T20210001769,2021-01-24,11:31:00,1,Collision with vehicle,7,Sunday,130,REAR END(VEHICLES IN SAME LANE),1,314942,Not at intersection,3,80,Freeway,PRINCES FREEWAY,WYNDHAM,-37.83248,144.8105,2021,1,January,11,Midday,Weekend
T20210018752,2021-01-24,21:35:00,3,Struck animal,7,Sunday,167,STRUCK ANIMAL,5,730870,Not at intersection,3,100,Arterial Highway,GREAT OCEAN,COLAC OTWAY,-38.740925,143.42168,2021,1,January,21,Night,Weekend
T20210001778,2021-01-24,09:30:00,1,Collision with vehicle,7,Sunday,130,REAR END(VEHICLES IN SAME LANE),1,675808,Not at intersection,3,80,Arterial Other,TAWONGA GAP,ALPINE,-36.717297,147.09299,2021,1,January,9,Morning Peak,Weekend
T20210001798,2021-01-24,22:44:00,4,Collision with a fixed object,7,Sunday,171,LEFT OFF CARRIAGEWAY INTO OBJECT/PARKED VEHICLE,3,679123,Not at intersection,3,60,Local Road,WINDROCK,HUME,-37.578735,144.928,2021,1,January,22,Night,Weekend
T20210002022,2021-01-24,18:00:00,1,Collision with vehicle,7,Sunday,140,U TURN,1,326936,T intersection,3,50,Local Road,KINGSCLERE,DANDENONG,-37.981255,145.16724,2021,1,January,18,Afternoon Peak,Weekend
T20210001725,2021-01-24,08:06:00,1,Collision with vehicle,7,Sunday,130,REAR END(VEHICLES IN SAME LANE),1,691127,T intersection,3,60,Arterial Other,BURKE,BOROONDARA,-37.81742,145.05934,2021,1,January,8,Morning Peak,Weekend
T20210001743,2021-01-24,16:05:00,4,Collision with a fixed object,7,Sunday,171,LEFT OFF CARRIAGEWAY INTO OBJECT/PARKED VEHICLE,1,729552,Not at intersection,2,100,Arterial Highway,PRINCES,GLENELG,-37.944344,141.31613,2021,1,January,16,Afternoon Peak,Weekend
T20210001741,2021-01-24,11:00:00,1,Collision with vehicle,7,Sunday,147,VEHICLE STRIKES ANOTHER VEH WHILE EMERGING FROM DRIVEWAY,1,674579,Not at intersection,2,80,Arterial Highway,FRANKSTON-DANDENONG,DANDENONG,-38.001705,145.21786,2021,1,January,11,Midday,Weekend
T20210001738,2021-01-24,15:30:00,4,Collision with a fixed object,7,Sunday,171,LEFT OFF CARRIAGEWAY INTO OBJECT/PARKED VEHICLE,1,349917,T intersection,2,60,Arterial Highway,MAROONDAH,MAROONDAH,-37.80993,145.23904,2021,1,January,15,Afternoon Peak,Weekend
T20210006508,2021-01-24,10:40:00,2,Struck Pedestrian,7,Sunday,109,ANY MANOEUVRE INVOLVING PED NOT INCLUDED IN DCAs 100-108.,1,678798,Not at intersection,2,50,Local Road,RIVER,MOONEE VALLEY,-37.751564,144.85498,2021,1,January,10,Midday,Weekend
T20210001736,2021-01-24,03:30:00,4,Collision with a fixed object,7,Sunday,173,RIGHT OFF CARRIAGEWAY INTO OBJECT/PARKED VEHICLE,3,695741,Not at intersection,1,80,Arterial Highway,STUD,DANDENONG,-37.96891,145.2238,2021,1,January,3,Late Night,Weekend
T20210002146,2021-01-25,13:30:00,1,Collision with vehicle,1,Monday,140,U TURN,1,674291,Not at intersection,3,60,Local Road,RAILWAY,WYNDHAM,-37.8927,144.67656,2021,1,January,13,Midday,Weekday
T20210001759,2021-01-25,01:35:00,1,Collision with vehicle,1,Monday,130,REAR END(VEHICLES IN SAME LANE),3,36951,Cross intersection,2,40,Local Road,LITTLE BOURKE,MELBOURNE,-37.811825,144.96765,2021,1,January,1,Late Night,Weekday
T20210003209,2021-01-25,22:00:00,1,Collision with vehicle,1,Monday,160,VEHICLE COLLIDES WITH VEHICLE PARKED ON LEFT OF ROAD,3,678154,Not at intersection,3,60,Arterial Other,HOFFMANS,MOONEE VALLEY,-37.748253,144.89055,2021,1,January,22,Night,Weekday
T20210001801,2021-01-25,17:00:00,1,Collision with vehicle,1,Monday,160,VEHICLE COLLIDES WITH VEHICLE PARKED ON LEFT OF ROAD,1,676125,Not at intersection,2,50,Local Road,PECHAM,MORELAND,-37.697624,144.9114,2021,1,January,17,Afternoon Peak,Weekday
T20210001961,2021-01-25,12:45:00,1,Collision with vehicle,1,Monday,130,REAR END(VEHICLES IN SAME LANE),1,29542,Cross intersection,3,60,Arterial Other,GLENFERRIE,BOROONDARA,-37.814693,145.03682,2021,1,January,12,Midday,Weekday
T20210001766,2021-01-25,05:48:00,1,Collision with vehicle,1,Monday,140,U TURN,5,682113,Not at intersection,3,100,Arterial Highway,MANSFIELD,BENALLA,-36.677536,145.97661,2021,1,January,5,Morning Peak,Weekday
T20210001768,2021-01-25,06:13:00,1,Collision with vehicle,1,Monday,130,REAR END(VEHICLES IN SAME LANE),2,675084,Not at intersection,2,80,Freeway,MONASH,MONASH,-37.932064,145.1881,2021,1,January,6,Morning Peak,Weekday
T20210009565,2021-01-25,08:15:00,1,Collision with vehicle,1,Monday,134,LANE CHANGE RIGHT (NOT OVERTAKING),1,781100,Not at intersection,3,80,Freeway,WEST GATE IN-KINGS,MELBOURNE,-37.825493,144.94249,2021,1,January,8,Morning Peak,Weekday
T20210001928,2021-01-25,16:30:00,1,Collision with vehicle,1,Monday,137,LEFT TURN SIDESWIPE,1,673947,Not at intersection,3,30,Arterial Highway,POINT NEPEAN,MORNINGTON PENINSULA,-38.331387,144.96759,2021,1,January,16,Afternoon Peak,Weekday
T20210005780,2021-01-25,10:30:00,1,Collision with vehicle,1,Monday,130,REAR END(VEHICLES IN SAME LANE),1,678181,Not at intersection,3,70,Arterial Other,FOOTSCRAY-CAROLINE SPRINGS,BRIMBANK,-37.77606,144.82101,2021,1,January,10,Midday,Weekday
T20210002636,2021-01-25,10:30:00,8,No collision and no object struck,1,Monday,184,OUT OF CONTROL ON CARRIAGEWAY (ON BEND),1,676501,Not at intersection,2,100,Local Road,YENDON-EGERTON,MOORABOOL,-37.62744,144.04007,2021,1,January,10,Midday,Weekday
T20210002869,2021-01-25,19:40:00,6,Vehicle overturned (no collision),1,Monday,174,OUT OF CONTROL ON CARRIAGEWAY (ON STRAIGHT),2,675358,Not at intersection,2,60,Arterial Other,MORNINGTON-TYABB,MORNINGTON PENINSULA,-38.26131,145.18675,2021,1,January,19,Night,Weekday
T20210001787,2021-01-25,11:42:00,1,Collision with vehicle,1,Monday,113,RIGHT NEAR (INTERSECTIONS ONLY),1,337322,T intersection,3,60,Freeway,SKYE,FRANKSTON,-38.14154,145.1736,2021,1,January,11,Midday,Weekday
T20210001788,2021-01-25,12:58:00,1,Collision with vehicle,1,Monday,113,RIGHT NEAR (INTERSECTIONS ONLY),1,37359,T intersection,3,80,Arterial Other,WELLINGTON,KNOX,-37.928867,145.26512,2021,1,January,12,Midday,Weekday
T20210001790,2021-01-25,13:10:00,1,Collision with vehicle,1,Monday,110,CROSS TRAFFIC(INTERSECTIONS ONLY),1,49223,Cross intersection,3,50,Arterial Highway,DEAKIN,MILDURA,-34.18792,142.15897,2021,1,January,13,Midday,Weekday
T20210001812,2021-01-25,16:58:00,1,Collision with vehicle,1,Monday,113,RIGHT NEAR (INTERSECTIONS ONLY),1,1298,T intersection,1,80,Freeway,PRINCES,CARDINIA,-38.072052,145.65578,2021,1,January,16,Afternoon Peak,Weekday
T20210001806,2021-01-25,14:59:00,1,Collision with vehicle,1,Monday,130,REAR END(VEHICLES IN SAME LANE),1,673941,Not at intersection,3,50,Arterial Other,BARWON HEADS-OCEAN GROVE,GEELONG,-38.282696,144.49414,2021,1,January,14,Midday,Weekday
T20210001804,2021-01-25,19:07:00,2,Struck Pedestrian,1,Monday,108,PED STRUCK WALKING TO/FROM OR BOARDING/ALIGHTING VEHICLE.,1,673940,Cross intersection,2,40,Arterial Other,BURKE,BOROONDARA,-37.84989,145.05313,2021,1,January,19,Night,Weekday
T20210001792,2021-01-25,13:55:00,1,Collision with vehicle,1,Monday,120,HEAD ON (NOT OVERTAKING),1,673939,Not at intersection,2,80,Arterial Highway,MELBA,YARRA RANGES,-37.69248,145.38408,2021,1,January,13,Midday,Weekday
T20210002276,2021-01-25,13:25:00,1,Collision with vehicle,1,Monday,130,REAR END(VEHICLES IN SAME LANE),1,729569,Not at intersection,3,100,Arterial Highway,HUME,HUME,-37.520668,144.9488,2021,1,January,13,Midday,Weekday
T20210001793,2021-01-25,13:22:00,1,Collision with vehicle,1,Monday,113,RIGHT NEAR (INTERSECTIONS ONLY),1,29478,T intersection,3,60,Arterial Other,WILLIAMS,STONNINGTON,-37.83771,145.00525,2021,1,January,13,Midday,Weekday
T20210001973,2021-01-25,21:51:00,1,Collision with vehicle,1,Monday,130,REAR END(VEHICLES IN SAME LANE),3,675765,Not at intersection,2,80,Freeway,WEST GATE,HOBSONS BAY,-37.824688,144.87416,2021,1,January,21,Night,Weekday
T20210001776,2021-01-25,09:15:00,8,No collision and no object struck,1,Monday,170,OFF CARRIAGEWAY TO LEFT,1,673769,Not at intersection,3,60,Arterial Other,PLENTY,WHITTLESEA,-37.648903,145.09068,2021,1,January,9,Morning Peak,Weekday
T20210005068,2021-01-25,05:00:00,1,Collision with vehicle,1,Monday,113,RIGHT NEAR (INTERSECTIONS ONLY),6,679543,T intersection,3,50,Local Road,GRUCHY,KINGSTON,-38.04815,145.13774,2021,1,January,5,Morning Peak,Weekday
T20210003954,2021-01-25,18:20:00,1,Collision with vehicle,1,Monday,163,VEHICLE STRIKES DOOR OF PARKED/STATIONARY VEHICLE,1,37818,Cross intersection,3,40,Arterial Other,NICHOLSON,YARRA,-37.779076,144.97829,2021,1,January,18,Afternoon Peak,Weekday
T20210001828,2021-01-25,10:30:00,4,Collision with a fixed object,1,Monday,175,OFF END OF ROAD/T-INTERSECTION.,1,676337,T intersection,3,50,Local Road,NATIONAL PARK,WELLINGTON,-38.0344,147.5988,2021,1,January,10,Midday,Weekday
T20210001815,2021-01-25,23:40:00,1,Collision with vehicle,1,Monday,132,RIGHT REAR.,3,676230,Cross intersection,3,60,Arterial Other,SYDNEY,MORELAND,-37.737694,144.96692,2021,1,January,23,Night,Weekday
T20210010571,2021-01-25,23:47:00,8,No collision and no object struck,1,Monday,174,OUT OF CONTROL ON CARRIAGEWAY (ON STRAIGHT),3,683356,Not at intersection,3,60,Arterial Other,CITY,MELBOURNE,-37.824383,144.96193,2021,1,January,23,Night,Weekday
T20210002599,2021-01-25,07:30:00,6,Vehicle overturned (no collision),1,Monday,179,OTHER ACCIDENTS-OFF STRAIGHT NOT INCLUDED IN DCAs 170-175,2,675153,Not at intersection,3,50,Local Road,BRULU,MORNINGTON PENINSULA,-38.205395,145.09026,2021,1,January,7,Morning Peak,Weekday
T20210004611,2021-01-25,11:40:00,1,Collision with vehicle,1,Monday,120,HEAD ON (NOT OVERTAKING),1,773297,Not at intersection,2,60,Local Road,GRANT,BALLARAT,-37.60707,143.8313,2021,1,January,11,Midday,Weekday
T20210001816,2021-01-25,23:30:00,4,Collision with a fixed object,1,Monday,183,OFF LEFT BEND INTO OBJECT/PARKED VEHICLE,5,673892,Not at intersection,2,100,Freeway,NEWLAND-PRINCES OUT,HOBSONS BAY,-37.8666,144.77505,2021,1,January,23,Night,Weekday
T20210001817,2021-01-25,23:36:00,2,Struck Pedestrian,1,Monday,108,PED STRUCK WALKING TO/FROM OR BOARDING/ALIGHTING VEHICLE.,3,676576,Not at intersection,2,40,Arterial Other,BURKE,BOROONDARA,-37.830143,145.05693,2021,1,January,23,Night,Weekday
T20210003526,2021-01-25,20:10:00,1,Collision with vehicle,1,Monday,153,CUTTING IN (OVERTAKING),1,677835,Not at intersection,3,60,Local Road,KALORAMA,HUME,-37.614048,144.91022,2021,1,January,20,Night,Weekday
T20210001969,2021-01-25,22:00:00,3,Struck animal,1,Monday,167,STRUCK ANIMAL,5,674138,Not at intersection,2,100,Arterial Other,BALLAN,WYNDHAM,-37.80376,144.49599,2021,1,January,22,Night,Weekday
T20210002071,2021-01-25,14:25:00,1,Collision with vehicle,1,Monday,131,LEFT REAR,1,1303,Cross intersection,3,60,Arterial Other,BARRY,HUME,-37.66725,144.95479,2021,1,January,14,Midday,Weekday
T20210001893,2021-01-26,10:00:00,1,Collision with vehicle,2,Tuesday,130,REAR END(VEHICLES IN SAME LANE),1,676970,T intersection,2,80,Arterial Highway,NEPEAN,KINGSTON,-37.981422,145.07054,2021,1,January,10,Midday,Weekday
T20210001832,2021-01-26,07:55:00,4,Collision with a fixed object,2,Tuesday,171,LEFT OFF CARRIAGEWAY INTO OBJECT/PARKED VEHICLE,1,781106,Not at intersection,3,60,Arterial Other,CLAYTON,MONASH,-37.90595,145.12332,2021,1,January,7,Morning Peak,Weekday
T20210001859,2021-01-26,14:37:00,1,Collision with vehicle,2,Tuesday,130,REAR END(VEHICLES IN SAME LANE),1,729866,Not at intersection,3,80,Arterial Other,MONBULK,YARRA RANGES,-37.85554,145.41768,2021,1,January,14,Midday,Weekday
T20210001822,2021-01-26,00:13:00,4,Collision with a fixed object,2,Tuesday,183,OFF LEFT BEND INTO OBJECT/PARKED VEHICLE,9,673727,Not at intersection,1,70,Arterial Highway,NEPEAN,MORNINGTON PENINSULA,-38.237118,145.03603,2021,1,January,0,Late Night,Weekday
T20210001857,2021-01-26,14:30:00,4,Collision with a fixed object,2,Tuesday,171,LEFT OFF CARRIAGEWAY INTO OBJECT/PARKED VEHICLE,1,678577,Not at intersection,3,50,Local Road,WEBB,MANNINGHAM,-37.739048,145.22112,2021,1,January,14,Midday,Weekday
T20210003432,2021-01-26,11:30:00,1,Collision with vehicle,2,Tuesday,131,LEFT REAR,1,680570,Not at intersection,3,80,Arterial Other,BORONIA,KNOX,-37.848473,145.23058,2021,1,January,11,Midday,Weekday
T20210001937,2021-01-26,07:12:00,1,Collision with vehicle,2,Tuesday,130,REAR END(VEHICLES IN SAME LANE),1,700567,T intersection,3,80,Arterial Highway,PRINCES,CASEY,-38.014317,145.28996,2021,1,January,7,Morning Peak,Weekday
T20210001854,2021-01-26,14:20:00,1,Collision with vehicle,2,Tuesday,130,REAR END(VEHICLES IN SAME LANE),1,677832,Not at intersection,2,80,Arterial Highway,BURWOOD,KNOX,-37.881554,145.27365,2021,1,January,14,Midday,Weekday
T20210002848,2021-01-26,15:24:00,1,Collision with vehicle,2,Tuesday,153,CUTTING IN (OVERTAKING),1,675160,Not at intersection,3,60,Arterial Highway,QUEENS,PORT PHILLIP,-37.849194,144.97783,2021,1,January,15,Afternoon Peak,Weekday
T20210001820,2021-01-26,02:40:00,1,Collision with vehicle,2,Tuesday,160,VEHICLE COLLIDES WITH VEHICLE PARKED ON LEFT OF ROAD,3,773532,Not at intersection,2,50,Local Road,NEW,MAROONDAH,-37.813328,145.22049,2021,1,January,2,Late Night,Weekday
T20210001851,2021-01-26,11:50:00,6,Vehicle overturned (no collision),2,Tuesday,174,OUT OF CONTROL ON CARRIAGEWAY (ON STRAIGHT),1,675934,Not at intersection,3,70,Arterial Other,CHILDS,WHITTLESEA,-37.662304,145.05362,2021,1,January,11,Midday,Weekday
T20210003509,2021-01-26,22:19:00,7,Fall from or in moving vehicle,2,Tuesday,190,FELL IN/FROM VEHICLE,3,676343,Not at intersection,2,50,Local Road,THORBURN,GEELONG,-38.11148,144.3341,2021,1,January,22,Night,Weekday
T20210002760,2021-01-26,13:00:00,4,Collision with a fixed object,2,Tuesday,181,OFF RIGHT BEND INTO OBJECT/PARKED VEHICLE,1,781103,Not at intersection,3,100,Local Road,SEBASTOPOL-SMYTHESDALE,GOLDEN PLAINS,-37.643314,143.7141,2021,1,January,13,Midday,Weekday
T20210001850,2021-01-26,14:00:00,4,Collision with a fixed object,2,Tuesday,173,RIGHT OFF CARRIAGEWAY INTO OBJECT/PARKED VEHICLE,1,674863,Not at intersection,2,60,Arterial Other,RHODES,MORELAND,-37.715893,144.93066,2021,1,January,14,Midday,Weekday
T20210001835,2021-01-26,08:40:00,4,Collision with a fixed object,2,Tuesday,171,LEFT OFF CARRIAGEWAY INTO OBJECT/PARKED VEHICLE,1,681172,Not at intersection,3,60,Arterial Other,OGILVY,SOUTH GIPPSLAND,-38.479134,145.9528,2021,1,January,8,Morning Peak,Weekday
T20210001873,2021-01-26,23:55:00,4,Collision with a fixed object,2,Tuesday,171,LEFT OFF CARRIAGEWAY INTO OBJECT/PARKED VEHICLE,3,676732,Not at intersection,3,100,Freeway,EASTLINK,FRANKSTON,-38.085583,145.17114,2021,1,January,23,Night,Weekday
T20210001898,2021-01-26,20:00:00,6,Vehicle overturned (no collision),2,Tuesday,172,OFF CARRIAGEWAY TO RIGHT,5,683838,Not at intersection,2,100,Local Road,LOWER DARLINGTON,CORANGAMITE,-38.00705,143.29962,2021,1,January,20,Night,Weekday
T20210002285,2021-01-26,18:25:00,1,Collision with vehicle,2,Tuesday,130,REAR END(VEHICLES IN SAME LANE),1,681864,Not at intersection,3,40,Arterial Other,VICTORIA,YARRA,-37.810287,144.99792,2021,1,January,18,Afternoon Peak,Weekday
T20210001869,2021-01-26,15:45:00,1,Collision with vehicle,2,Tuesday,132,RIGHT REAR.,1,675935,Not at intersection,3,50,Arterial Other,CENTRE,GLEN EIRA,-37.91893,145.04225,2021,1,January,15,Afternoon Peak,Weekday
T20210001843,2021-01-26,09:18:00,1,Collision with vehicle,2,Tuesday,147,VEHICLE STRIKES ANOTHER VEH WHILE EMERGING FROM DRIVEWAY,1,675353,Not at intersection,2,50,Arterial Other,RATHMINES,BOROONDARA,-37.820194,145.0487,2021,1,January,9,Morning Peak,Weekday
T20210001875,2021-01-26,01:26:00,4,Collision with a fixed object,2,Tuesday,171,LEFT OFF CARRIAGEWAY INTO OBJECT/PARKED VEHICLE,3,675311,Not at intersection,2,60,Arterial Other,WICKLOW,MAROONDAH,-37.795532,145.27922,2021,1,January,1,Late Night,Weekday
T20210001836,2021-01-26,11:45:00,4,Collision with a fixed object,2,Tuesday,181,OFF RIGHT BEND INTO OBJECT/PARKED VEHICLE,1,673943,Not at intersection,3,100,Arterial Other,LONGWARRY-DROUIN,BAW BAW,-38.112267,145.82109,2021,1,January,11,Midday,Weekday
T20210001861,2021-01-26,14:45:00,4,Collision with a fixed object,2,Tuesday,183,OFF LEFT BEND INTO OBJECT/PARKED VEHICLE,1,683744,Not at intersection,2,100,Local Road,FORGE CREEK,EAST GIPPSLAND,-37.901455,147.64832,2021,1,January,14,Midday,Weekday
T20210002074,2021-01-26,17:08:00,4,Collision with a fixed object,2,Tuesday,141,U TURN INTO FIXED OBJECT/PARKED VEHICLE,1,719878,Not at intersection,3,50,Local Road,GLENORA,MAROONDAH,-37.79591,145.27458,2021,1,January,17,Afternoon Peak,Weekday
T20210001830,2021-01-26,09:30:00,1,Collision with vehicle,2,Tuesday,133,LANE SIDE SWIPE (VEHICLES IN PARALLEL LANES),1,674134,Not at intersection,2,100,Arterial Highway,SOUTH GIPPSLAND,CARDINIA,-38.26961,145.54794,2021,1,January,9,Morning Peak,Weekday