ACCIDENT_NO,ACCIDENT_DATE,ACCIDENT_TIME,ACCIDENT_TYPE,ACCIDENT_TYPE_DESC,DAY_OF_WEEK,DAY_WEEK_DESC,DCA_CODE,DCA_DESC,LIGHT_CONDITION,NODE_ID,ROAD_GEOMETRY_DESC,SEVERITY,SPEED_ZONE,RMA,ROAD_NAME,LGA_NAME,LATITUDE,LONGITUDE,YEAR,MONTH,MONTH_NAME,HOUR,TIME_PERIOD,DAY_TYPE
T20210001920,2021-01-27,16:58:00,8,No collision and no object struck,3,Wednesday,172,OFF CARRIAGEWAY TO RIGHT,1,674044,Not at intersection,3,100,Freeway,WESTERN,BRIMBANK,-37.797302,144.75847,2021,1,January,16,Afternoon Peak,Weekday
T20210001917,2021-01-27,15:57:00,1,Collision with vehicle,3,Wednesday,121,RIGHT THROUGH,1,29372,Cross intersection,2,60,Arterial Highway,RACECOURSE,MELBOURNE,-37.789406,144.94217,2021,1,January,15,Afternoon Peak,Weekday
T20210001916,2021-01-27,17:33:00,1,Collision with vehicle,3,Wednesday,135,LANE CHANGE LEFT (NOT OVERTAKING),1,45646,T intersection,3,40,Arterial Other,SYDNEY,MORELAND,-37.743187,144.96626,2021,1,January,17,Afternoon Peak,Weekday
T20210001915,2021-01-27,14:50:00,1,Collision with vehicle,3,Wednesday,133,LANE SIDE SWIPE (VEHICLES IN PARALLEL LANES),1,685304,Cross intersection,3,60,Local Road,SHAWS,WYNDHAM,-37.889023,144.6527,2021,1,January,14,Midday,Weekday
T20210002231,2021-01-27,16:10:00,1,Collision with vehicle,3,Wednesday,133,LANE SIDE SWIPE (VEHICLES IN PARALLEL LANES),1,674583,Not at intersection,3,70,Arterial Other,VINEYARD,HUME,-37.58671,144.71898,2021,1,January,16,Afternoon Peak,Weekday
T20210001910,2021-01-27,15:41:00,6,Vehicle overturned (no collision),3,Wednesday,174,OUT OF CONTROL ON CARRIAGEWAY (ON STRAIGHT),1,673984,Not at intersection,2,60,Arterial Other,WHITEHORSE,BOROONDARA,-37.811066,145.06654,2021,1,January,15,Afternoon Peak,Weekday
T20210002082,2021-01-27,07:15:00,1,Collision with vehicle,3,Wednesday,112,LEFT FAR (INTERSECTIONS ONLY),1,265863,T intersection,2,60,Arterial Other,HIGH,MITCHELL,-37.20306,145.05612,2021,1,January,7,Morning Peak,Weekday
T20210001971,2021-01-27,16:00:00,1,Collision with vehicle,3,Wednesday,130,REAR END(VEHICLES IN SAME LANE),1,675308,Not at intersection,3,70,Arterial Highway,DANDENONG,STONNINGTON,-37.85843,144.99806,2021,1,January,16,Afternoon Peak,Weekday
T20210001968,2021-01-27,16:04:00,5,collision with some other object,3,Wednesday,171,LEFT OFF CARRIAGEWAY INTO OBJECT/PARKED VEHICLE,1,675414,Not at intersection,3,100,Local Road,RIVER,SHEPPARTON,-36.440758,145.47488,2021,1,January,16,Afternoon Peak,Weekday
T20210004176,2021-01-27,07:40:00,1,Collision with vehicle,3,Wednesday,130,REAR END(VEHICLES IN SAME LANE),1,677416,Not at intersection,3,80,Arterial Other,MICKLEHAM,HUME,-37.664997,144.88509,2021,1,January,7,Morning Peak,Weekday
T20210011661,2021-01-27,08:00:00,1,Collision with vehicle,3,Wednesday,131,LEFT REAR,1,680633,T intersection,3,60,Arterial Highway,BELL,MORELAND,-37.742607,144.97806,2021,1,January,8,Morning Peak,Weekday
T20210001877,2021-01-27,06:20:00,6,Vehicle overturned (no collision),3,Wednesday,180,OFF CARRIAGEWAY ON RIGHT BEND,2,673983,Not at intersection,2,100,Local Road,WATERS,TOWONG,-36.22432,147.84215,2021,1,January,6,Morning Peak,Weekday
T20210001878,2021-01-27,07:45:00,4,Collision with a fixed object,3,Wednesday,173,RIGHT OFF CARRIAGEWAY INTO OBJECT/PARKED VEHICLE,1,773312,Not at intersection,2,80,Arterial Other,WELLS,KINGSTON,-38.026886,145.12999,2021,1,January,7,Morning Peak,Weekday
T20210001881,2021-01-27,09:30:00,4,Collision with a fixed object,3,Wednesday,183,OFF LEFT BEND INTO OBJECT/PARKED VEHICLE,1,686302,Not at intersection,3,100,Local Road,WOOLSHED,WANGARATTA,-36.318447,146.54068,2021,1,January,9,Morning Peak,Weekday
T20210002017,2021-01-27,17:54:00,1,Collision with vehicle,3,Wednesday,140,U TURN,1,676733,Not at intersection,3,40,Local Road,LYGON,MELBOURNE,-37.80678,144.96588,2021,1,January,17,Afternoon Peak,Weekday
T20210001884,2021-01-27,08:15:00,1,Collision with vehicle,3,Wednesday,113,RIGHT NEAR (INTERSECTIONS ONLY),1,222047,T intersection,3,60,Freeway,BAYVIEW,MORNINGTON PENINSULA,-38.355564,144.9286,2021,1,January,8,Morning Peak,Weekday
T20210001890,2021-01-27,10:00:00,1,Collision with vehicle,3,Wednesday,140,U TURN,1,74151,T intersection,3,40,Local Road,MCBRIDE,BASS COAST,-38.60726,145.59132,2021,1,January,10,Midday,Weekday
T20210002580,2021-01-27,07:00:00,4,Collision with a fixed object,3,Wednesday,183,OFF LEFT BEND INTO OBJECT/PARKED VEHICLE,1,674868,Not at intersection,3,100,Local Road,LONGWOOD-GOBUR,STRATHBOGIE,-36.856445,145.47427,2021,1,January,7,Morning Peak,Weekday
T20210001905,2021-01-27,14:13:00,1,Collision with vehicle,3,Wednesday,135,LANE CHANGE LEFT (NOT OVERTAKING),1,729867,Not at intersection,2,80,Freeway,CITYLINK,MOONEE VALLEY,-37.732796,144.91354,2021,1,January,14,Midday,Weekday
T20210001900,2021-01-27,10:10:00,1,Collision with vehicle,3,Wednesday,110,CROSS TRAFFIC(INTERSECTIONS ONLY),1,22699,Cross intersection,2,100,Local Road,DAYLESFORD-CLUNES,HEPBURN,-37.364697,144.01573,2021,1,January,10,Midday,Weekday
T20210001897,2021-01-27,12:04:00,4,Collision with a fixed object,3,Wednesday,173,RIGHT OFF CARRIAGEWAY INTO OBJECT/PARKED VEHICLE,1,673946,Not at intersection,3,80,Arterial Highway,SOUTH GIPPSLAND,CASEY,-38.215237,145.38583,2021,1,January,12,Midday,Weekday
T20210001895,2021-01-27,09:18:00,1,Collision with vehicle,3,Wednesday,130,REAR END(VEHICLES IN SAME LANE),1,677667,Not at intersection,3,60,Arterial Other,BALWYN,BOROONDARA,-37.8113,145.08163,2021,1,January,9,Morning Peak,Weekday
T20210001894,2021-01-27,12:06:00,1,Collision with vehicle,3,Wednesday,110,CROSS TRAFFIC(INTERSECTIONS ONLY),1,35698,Cross intersection,3,50,Local Road,DINAH,MOONEE VALLEY,-37.746384,144.87209,2021,1,January,12,Midday,Weekday
T20210001892,2021-01-27,09:21:00,1,Collision with vehicle,3,Wednesday,148,VEHICLE OFF FOOTPATH STRIKES VEH ON CARRIAGEWAY,1,677139,Not at intersection,3,40,Arterial Other,SYDNEY,MORELAND,-37.744793,144.96599,2021,1,January,9,Morning Peak,Weekday
T20210001891,2021-01-27,01:11:00,4,Collision with a fixed object,3,Wednesday,173,RIGHT OFF CARRIAGEWAY INTO OBJECT/PARKED VEHICLE,5,690113,Not at intersection,2,100,Arterial Highway,MURRAY VALLEY,MOIRA,-35.92548,145.33386,2021,1,January,1,Late Night,Weekday
T20210003492,2021-01-27,14:10:00,2,Struck Pedestrian,3,Wednesday,100,PED NEAR SIDE. PED HIT BY VEHICLE FROM THE RIGHT.,1,26083,Cross intersection,3,50,Local Road,HAMP,BAW BAW,-38.135063,145.85614,2021,1,January,14,Midday,Weekday
T20210001975,2021-01-27,18:00:00,1,Collision with vehicle,3,Wednesday,113,RIGHT NEAR (INTERSECTIONS ONLY),1,48399,T intersection,3,60,Arterial Other,ELONERA ROAD -JACKSONS,DANDENONG,-37.956455,145.19176,2021,1,January,18,Afternoon Peak,Weekday
T20210001924,2021-01-27,17:12:00,1,Collision with vehicle,3,Wednesday,113,RIGHT NEAR (INTERSECTIONS ONLY),1,729519,T intersection,2,80,Arterial Highway,PRINCES,WELLINGTON,-38.079784,147.07166,2021,1,January,17,Afternoon Peak,Weekday
T20210002134,2021-01-27,01:00:00,2,Struck Pedestrian,3,Wednesday,103,PED PLAYING/LYING/WORKING/STANDING ON CARRIAGEWAY.,3,684759,Dead end,3,50,Local Road,ELVA,MARIBYRNONG,-37.788876,144.8575,2021,1,January,1,Late Night,Weekday
T20210002331,2021-01-27,18:00:00,1,Collision with vehicle,3,Wednesday,121,RIGHT THROUGH,1,323062,Multiple intersection,3,50,Freeway,POLICE,DANDENONG,-37.93875,145.20619,2021,1,January,18,Afternoon Peak,Weekday
T20210002208,2021-01-27,17:45:00,1,Collision with vehicle,3,Wednesday,130,REAR END(VEHICLES IN SAME LANE),1,686415,Not at intersection,3,60,Arterial Other,POUND,CASEY,-38.028496,145.26897,2021,1,January,17,Afternoon Peak,Weekday
T20210001929,2021-01-27,15:00:00,4,Collision with a fixed object,3,Wednesday,141,U TURN INTO FIXED OBJECT/PARKED VEHICLE,1,773417,Dead end,2,50,Local Road,THE GLADES,MANNINGHAM,-37.781612,145.12914,2021,1,January,15,Afternoon Peak,Weekday
T20210001926,2021-01-27,16:27:00,1,Collision with vehicle,3,Wednesday,130,REAR END(VEHICLES IN SAME LANE),1,675150,Not at intersection,3,70,Arterial Other,FERNTREE GULLY,MONASH,-37.89896,145.12337,2021,1,January,16,Afternoon Peak,Weekday
T20210001930,2021-01-27,17:35:00,1,Collision with vehicle,3,Wednesday,130,REAR END(VEHICLES IN SAME LANE),1,674386,T intersection,3,50,Local Road,GREENVALE,HUME,-37.64271,144.88573,2021,1,January,17,Afternoon Peak,Weekday
T20210001931,2021-01-27,18:42:00,1,Collision with vehicle,3,Wednesday,118,TWO LEFT TURNING (INTERSECTIONS ONLY),1,674387,T intersection,2,50,Local Road,AFTON,MOONEE VALLEY,-37.75412,144.89043,2021,1,January,18,Afternoon Peak,Weekday
T20210001934,2021-01-27,09:27:00,1,Collision with vehicle,3,Wednesday,130,REAR END(VEHICLES IN SAME LANE),1,39558,Cross intersection,3,80,Arterial Highway,WHITEHORSE,WHITEHORSE,-37.816303,145.19366,2021,1,January,9,Morning Peak,Weekday
T20210001936,2021-01-27,15:50:00,1,Collision with vehicle,3,Wednesday,121,RIGHT THROUGH,1,675532,T intersection,3,80,Arterial Other,COOPER,HUME,-37.64386,144.95561,2021,1,January,15,Afternoon Peak,Weekday
T20210001939,2021-01-27,16:45:00,1,Collision with vehicle,3,Wednesday,130,REAR END(VEHICLES IN SAME LANE),1,677406,T intersection,3,60,Arterial Other,HALLAM SOUTH,CASEY,-38.011677,145.27226,2021,1,January,16,Afternoon Peak,Weekday
T20210001943,2021-01-27,23:45:00,2,Struck Pedestrian,3,Wednesday,109,ANY MANOEUVRE INVOLVING PED NOT INCLUDED IN DCAs 100-108.,3,680120,T intersection,3,50,Local Road,ENA,BRIMBANK,-37.74587,144.79965,2021,1,January,23,Night,Weekday
T20210002042,2021-01-27,14:40:00,1,Collision with vehicle,3,Wednesday,147,VEHICLE STRIKES ANOTHER VEH WHILE EMERGING FROM DRIVEWAY,1,675672,Not at intersection,3,40,Local Road,BENT,BANYULE,-37.69803,145.05977,2021,1,January,14,Midday,Weekday
T20210001977,2021-01-27,17:25:00,1,Collision with vehicle,3,Wednesday,130,REAR END(VEHICLES IN SAME LANE),1,729560,Cross intersection,3,70,Arterial Other,SOUTH,GLEN EIRA,-37.935696,145.0563,2021,1,January,17,Afternoon Peak,Weekday
T20210001921,2021-01-27,16:54:00,1,Collision with vehicle,3,Wednesday,130,REAR END(VEHICLES IN SAME LANE),1,679124,Not at intersection,2,90,Arterial Other,KOO WEE RUP,CARDINIA,-38.122536,145.48965,2021,1,January,16,Afternoon Peak,Weekday
T20210001987,2021-01-28,11:41:00,1,Collision with vehicle,4,Thursday,140,U TURN,1,675810,Not at intersection,2,80,Arterial Other,FRANKSTON-FLINDERS,MORNINGTON PENINSULA,-38.31189,145.18364,2021,1,January,11,Midday,Weekday
T20210002000,2021-01-28,15:25:00,1,Collision with vehicle,4,Thursday,147,VEHICLE STRIKES ANOTHER VEH WHILE EMERGING FROM DRIVEWAY,1,674285,Not at intersection,3,60,Local Road,OBAN,MAROONDAH,-37.797363,145.25328,2021,1,January,15,Afternoon Peak,Weekday
T20210002850,2021-01-28,22:00:00,1,Collision with vehicle,4,Thursday,121,RIGHT THROUGH,6,699533,T intersection,3,70,Arterial Other,SOMERTON,HUME,-37.63993,144.92365,2021,1,January,22,Night,Weekday
T20210002490,2021-01-28,17:00:00,1,Collision with vehicle,4,Thursday,130,REAR END(VEHICLES IN SAME LANE),1,729878,T intersection,3,60,Arterial Other,HIGH STREET,MONASH,-37.869198,145.12282,2021,1,January,17,Afternoon Peak,Weekday
T20210002289,2021-01-28,18:00:00,1,Collision with vehicle,4,Thursday,110,CROSS TRAFFIC(INTERSECTIONS ONLY),9,36205,Cross intersection,3,50,Local Road,SOMERVILLE,MARIBYRNONG,-37.81411,144.8948,2021,1,January,18,Afternoon Peak,Weekday
T20210002004,2021-01-28,18:16:00,1,Collision with vehicle,4,Thursday,147,VEHICLE STRIKES ANOTHER VEH WHILE EMERGING FROM DRIVEWAY,1,674487,Not at intersection,3,60,Arterial Other,BARKERS,BOROONDARA,-37.814503,145.03519,2021,1,January,18,Afternoon Peak,Weekday
T20210001980,2021-01-28,14:00:00,1,Collision with vehicle,4,Thursday,120,HEAD ON (NOT OVERTAKING),1,65884,T intersection,2,70,Arterial Other,BAYSWATER,MAROONDAH,-37.813526,145.2694,2021,1,January,14,Midday,Weekday
T20210001947,2021-01-28,05:42:00,1,Collision with vehicle,4,Thursday,110,CROSS TRAFFIC(INTERSECTIONS ONLY),2,39063,Cross intersection,2,60,Arterial Other,BURKE,BOROONDARA,-37.81037,145.06068,2021,1,January,5,Morning Peak,Weekday
T20210001983,2021-01-28,08:10:00,1,Collision with vehicle,4,Thursday,113,RIGHT NEAR (INTERSECTIONS ONLY),1,49692,T intersection,2,60,Arterial Other,COX,GEELONG,-38.083363,144.35281,2021,1,January,8,Morning Peak,Weekday
T20210001984,2021-01-28,13:40:00,4,Collision with a fixed object,4,Thursday,173,RIGHT OFF CARRIAGEWAY INTO OBJECT/PARKED VEHICLE,1,676442,Not at intersection,2,100,Arterial Highway,PRINCES,GLENELG,-38.239925,141.74919,2021,1,January,13,Midday,Weekday
T20210002003,2021-01-28,16:30:00,1,Collision with vehicle,4,Thursday,147,VEHICLE STRIKES ANOTHER VEH WHILE EMERGING FROM DRIVEWAY,1,674734,Not at intersection,3,50,Local Road,RUTHERFORD,BANYULE,-37.742348,145.09018,2021,1,January,16,Afternoon Peak,Weekday
T20210001959,2021-01-28,09:18:00,1,Collision with vehicle,4,Thursday,140,U TURN,1,674137,Not at intersection,2,50,Local Road,GEORGE,MELBOURNE,-37.815403,144.98672,2021,1,January,9,Morning Peak,Weekday
T20210001990,2021-01-28,15:24:00,4,Collision with a fixed object,4,Thursday,183,OFF LEFT BEND INTO OBJECT/PARKED VEHICLE,1,675031,Not at intersection,2,80,Arterial Other,WHITTLESEA-YEA,WHITTLESEA,-37.489483,145.18202,2021,1,January,15,Afternoon Peak,Weekday
T20210001991,2021-01-28,14:00:00,1,Collision with vehicle,4,Thursday,120,HEAD ON (NOT OVERTAKING),1,677579,Not at intersection,2,100,Local Road,JOHNSONS,WELLINGTON,-38.192146,147.20285,2021,1,January,14,Midday,Weekday
T20210001992,2021-01-28,12:00:00,1,Collision with vehicle,4,Thursday,131,LEFT REAR,1,304268,Multiple intersection,3,80,Freeway,EASTERN IN-CHANDLER,BOROONDARA,-37.79205,145.02989,2021,1,January,12,Midday,Weekday
T20210001997,2021-01-28,15:27:00,1,Collision with vehicle,4,Thursday,142,LEAVING PARKING,1,674390,Not at intersection,3,70,Arterial Highway,NEPEAN,FRANKSTON,-38.114746,145.12563,2021,1,January,15,Afternoon Peak,Weekday
T20210001998,2021-01-28,07:10:00,1,Collision with vehicle,4,Thursday,130,REAR END(VEHICLES IN SAME LANE),1,674736,Not at intersection,3,60,Arterial Other,PRINCESS,BOROONDARA,-37.804455,145.0293,2021,1,January,7,Morning Peak,Weekday
T20210002013,2021-01-28,17:17:00,1,Collision with vehicle,4,Thursday,110,CROSS TRAFFIC(INTERSECTIONS ONLY),1,43917,Cross intersection,3,80,Arterial Other,CLYDE-FIVE WAYS,CASEY,-38.1335,145.32426,2021,1,January,17,Afternoon Peak,Weekday
T20210003194,2021-01-28,16:22:00,2,Struck Pedestrian,4,Thursday,104,PED WALKING WITH TRAFFIC,1,678222,Not at intersection,3,50,Local Road,CHAPEL,STONNINGTON,-37.848602,144.99385,2021,1,January,16,Afternoon Peak,Weekday
T20210002388,2021-01-28,15:40:00,1,Collision with vehicle,4,Thursday,130,REAR END(VEHICLES IN SAME LANE),1,674738,Not at intersection,2,60,Arterial Other,PLENTY,WHITTLESEA,-37.656784,145.07881,2021,1,January,15,Afternoon Peak,Weekday
T20210002085,2021-01-28,17:22:00,4,Collision with a fixed object,4,Thursday,171,LEFT OFF CARRIAGEWAY INTO OBJECT/PARKED VEHICLE,1,679173,Not at intersection,3,80,Arterial Other,SUNSHINE,BRIMBANK,-37.71889,144.80371,2021,1,January,17,Afternoon Peak,Weekday
T20210002299,2021-01-28,16:48:00,1,Collision with vehicle,4,Thursday,133,LANE SIDE SWIPE (VEHICLES IN PARALLEL LANES),1,683073,Not at intersection,2,100,Freeway,EASTLINK,DANDENONG,-37.950798,145.20372,2021,1,January,16,Afternoon Peak,Weekday
T20210003069,2021-01-28,12:26:00,1,Collision with vehicle,4,Thursday,132,RIGHT REAR.,1,29417,Cross intersection,3,40,Arterial Other,KING,MELBOURNE,-37.816383,144.95573,2021,1,January,12,Midday,Weekday
T20210002079,2021-01-28,08:00:00,1,Collision with vehicle,4,Thursday,147,VEHICLE STRIKES ANOTHER VEH WHILE EMERGING FROM DRIVEWAY,1,674210,Not at intersection,3,40,Local Road,ALBERT,MELBOURNE,-37.81017,144.98134,2021,1,January,8,Morning Peak,Weekday
T20210002078,2021-01-28,11:55:00,6,Vehicle overturned (no collision),4,Thursday,170,OFF CARRIAGEWAY TO LEFT,1,675033,Not at intersection,3,40,Local Road,OLD BEACONSFIELD,CARDINIA,-37.946526,145.44856,2021,1,January,11,Midday,Weekday
T20210003513,2021-01-28,17:10:00,1,Collision with vehicle,4,Thursday,130,REAR END(VEHICLES IN SAME LANE),1,729603,Not at intersection,3,60,Arterial Highway,WHITEHORSE,WHITEHORSE,-37.819817,145.13858,2021,1,January,17,Afternoon Peak,Weekday
T20210002019,2021-01-28,21:50:00,4,Collision with a fixed object,4,Thursday,175,OFF END OF ROAD/T-INTERSECTION.,3,674002,T intersection,1,60,Local Road,DALTONS,WARRNAMBOOL,-38.363228,142.47444,2021,1,January,21,Night,Weekday
T20210002062,2021-01-29,14:04:00,1,Collision with vehicle,5,Friday,132,RIGHT REAR.,1,675671,Not at intersection,3,60,Arterial Other,SCORESBY,KNOX,-37.873123,145.25934,2021,1,January,14,Midday,Weekday
T20210002116,2021-01-29,16:05:00,2,Struck Pedestrian,5,Friday,100,PED NEAR SIDE. PED HIT BY VEHICLE FROM THE RIGHT.,1,674289,Not at intersection,3,60,Arterial Other,MCDONALDS,WHITTLESEA,-37.645916,145.04015,2021,1,January,16,Afternoon Peak,Weekday
T20210002692,2021-01-29,17:40:00,4,Collision with a fixed object,5,Friday,171,LEFT OFF CARRIAGEWAY INTO OBJECT/PARKED VEHICLE,1,675406,Not at intersection,3,60,Arterial Other,ELGAR,WHITEHORSE,-37.816425,145.11511,2021,1,January,17,Afternoon Peak,Weekday
T20210002063,2021-01-29,13:27:00,1,Collision with vehicle,5,Friday,133,LANE SIDE SWIPE (VEHICLES IN PARALLEL LANES),1,729566,Not at intersection,2,100,Freeway,WESTERN RING,BRIMBANK,-37.778816,144.79329,2021,1,January,13,Midday,Weekday
T20210002489,2021-01-29,12:50:00,1,Collision with vehicle,5,Friday,150,HEAD ON(OVERTAKING),1,675811,Not at intersection,2,70,Arterial Other,CENTRE DANDENONG,KINGSTON,-37.970524,145.09741,2021,1,January,12,Midday,Weekday
T20210002065,2021-01-29,14:30:00,2,Struck Pedestrian,5,Friday,100,PED NEAR SIDE. PED HIT BY VEHICLE FROM THE RIGHT.,1,674208,Not at intersection,2,40,Local Road,MOORABOOL,GEELONG,-38.147778,144.36052,2021,1,January,14,Midday,Weekday
T20210002109,2021-01-29,15:39:00,1,Collision with vehicle,5,Friday,130,REAR END(VEHICLES IN SAME LANE),1,674726,Not at intersection,2,70,Arterial Highway,PRINCES,CASEY,-38.02355,145.30295,2021,1,January,15,Afternoon Peak,Weekday
T20210002107,2021-01-29,17:35:00,4,Collision with a fixed object,5,Friday,171,LEFT OFF CARRIAGEWAY INTO OBJECT/PARKED VEHICLE,1,674731,Not at intersection,3,100,Local Road,DAIRY FLAT,BENDIGO,-36.960827,144.72221,2021,1,January,17,Afternoon Peak,Weekday
T20210002590,2021-01-29,09:25:00,1,Collision with vehicle,5,Friday,130,REAR END(VEHICLES IN SAME LANE),1,35665,T intersection,3,60,Arterial Other,PRINCES HIGHWAY -SYNNOT,WYNDHAM,-37.90017,144.66716,2021,1,January,9,Morning Peak,Weekday
T20210002106,2021-01-29,18:20:00,1,Collision with vehicle,5,Friday,130,REAR END(VEHICLES IN SAME LANE),1,678151,Not at intersection,2,100,Arterial Other,BENDIGO-TENNYSON,BENDIGO,-36.56294,144.37347,2021,1,January,18,Afternoon Peak,Weekday
T20210006018,2021-01-29,19:30:00,6,Vehicle overturned (no collision),5,Friday,174,OUT OF CONTROL ON CARRIAGEWAY (ON STRAIGHT),9,678281,Not at intersection,3,60,Arterial Other,SOUTHERN,BANYULE,-37.740795,145.03378,2021,1,January,19,Night,Weekday
T20210002105,2021-01-29,18:57:00,1,Collision with vehicle,5,Friday,116,LEFT NEAR (INTERSECTIONS ONLY),1,64253,T intersection,3,50,Local Road,MILLER,YARRA,-37.776535,144.98132,2021,1,January,18,Afternoon Peak,Weekday
T20210002031,2021-01-29,08:45:00,1,Collision with vehicle,5,Friday,111,RIGHT FAR (INTERSECTIONS ONLY),1,4,Cross intersection,3,50,Local Road,BARROW,MORELAND,-37.75527,144.97057,2021,1,January,8,Morning Peak,Weekday
T20210002125,2021-01-29,22:19:00,1,Collision with vehicle,5,Friday,140,U TURN,3,44133,T intersection,3,40,Local Road,DALGETY,DAREBIN,-37.741947,145.00339,2021,1,January,22,Night,Weekday
T20210002147,2021-01-29,20:00:00,4,Collision with a fixed object,5,Friday,183,OFF LEFT BEND INTO OBJECT/PARKED VEHICLE,3,140301,Multiple intersection,2,60,Freeway,MONASH OUT-HEATHERTON,CASEY,-37.972443,145.2386,2021,1,January,20,Night,Weekday
T20210002103,2021-01-29,20:18:00,1,Collision with vehicle,5,Friday,121,RIGHT THROUGH,1,29400,Multiple intersection,3,60,Arterial Highway,ALEXANDRA,MELBOURNE,-37.793045,144.97572,2021,1,January,20,Night,Weekday
T20210002102,2021-01-29,18:30:00,1,Collision with vehicle,5,Friday,130,REAR END(VEHICLES IN SAME LANE),1,676734,Cross intersection,2,60,Arterial Other,HIGH STREET,MONASH,-37.874374,145.16672,2021,1,January,18,Afternoon Peak,Weekday
T20210002101,2021-01-29,17:30:00,1,Collision with vehicle,5,Friday,132,RIGHT REAR.,1,342200,Cross intersection,3,80,Arterial Other,DORSET,MAROONDAH,-37.82617,145.28758,2021,1,January,17,Afternoon Peak,Weekday
T20210002099,2021-01-29,18:35:00,1,Collision with vehicle,5,Friday,134,LANE CHANGE RIGHT (NOT OVERTAKING),1,674211,Not at intersection,3,40,Local Road,DOHERTYS,WYNDHAM,-37.81758,144.67546,2021,1,January,18,Afternoon Peak,Weekday
T20210002095,2021-01-29,14:45:00,1,Collision with vehicle,5,Friday,130,REAR END(VEHICLES IN SAME LANE),1,678774,Not at intersection,3,70,Arterial Highway,NEPEAN,MORNINGTON PENINSULA,-38.23476,145.03821,2021,1,January,14,Midday,Weekday
T20210002075,2021-01-29,15:10:00,4,Collision with a fixed object,5,Friday,183,OFF LEFT BEND INTO OBJECT/PARKED VEHICLE,1,674727,Multiple intersection,2,80,Freeway,PRINCES OUT-CARDINIA,CARDINIA,-38.078163,145.43246,2021,1,January,15,Afternoon Peak,Weekday
T20210002094,2021-01-29,17:40:00,1,Collision with vehicle,5,Friday,130,REAR END(VEHICLES IN SAME LANE),1,674722,Not at intersection,3,80,Freeway,PRINCES,WYNDHAM,-37.83259,144.81027,2021,1,January,17,Afternoon Peak,Weekday
T20210002093,2021-01-29,18:15:00,4,Collision with a fixed object,5,Friday,173,RIGHT OFF CARRIAGEWAY INTO OBJECT/PARKED VEHICLE,1,677619,Not at intersection,2,100,Local Road,CEMETERY,MILDURA,-34.19455,142.21677,2021,1,January,18,Afternoon Peak,Weekday
T20210003350,2021-01-29,06:30:00,1,Collision with vehicle,5,Friday,130,REAR END(VEHICLES IN SAME LANE),9,675819,Not at intersection,3,80,Arterial Highway,DANDENONG,GLEN EIRA,-37.8734,145.0378,2021,1,January,6,Morning Peak,Weekday
T20210002118,2021-01-29,16:22:00,1,Collision with vehicle,5,Friday,130,REAR END(VEHICLES IN SAME LANE),1,674290,Not at intersection,3,80,Arterial Highway,GEELONG,HOBSONS BAY,-37.81449,144.85727,2021,1,January,16,Afternoon Peak,Weekday
T20210002122,2021-01-29,14:30:00,1,Collision with vehicle,5,Friday,130,REAR END(VEHICLES IN SAME LANE),1,289942,Not at intersection,3,80,Arterial Highway,NEPEAN,BAYSIDE,-37.89922,145.00606,2021,1,January,14,Midday,Weekday
T20210002090,2021-01-29,16:30:00,1,Collision with vehicle,5,Friday,121,RIGHT THROUGH,1,41007,Not at intersection,3,60,Arterial Other,BORONIA,KNOX,-37.86214,145.28178,2021,1,January,16,Afternoon Peak,Weekday
T20210002089,2021-01-29,11:20:00,1,Collision with vehicle,5,Friday,134,LANE CHANGE RIGHT (NOT OVERTAKING),1,677604,Multiple intersection,2,100,Freeway,MORNINGTON PENINSULA,FRANKSTON,-38.085728,145.1488,2021,1,January,11,Midday,Weekday
T20210004246,2021-01-29,12:50:00,1,Collision with vehicle,5,Friday,130,REAR END(VEHICLES IN SAME LANE),1,678161,Not at intersection,2,80,Arterial Highway,DANDENONG,DANDENONG,-38.00576,145.22739,2021,1,January,12,Midday,Weekday
T20210002087,2021-01-29,15:30:00,1,Collision with vehicle,5,Friday,113,RIGHT NEAR (INTERSECTIONS ONLY),1,278642,T intersection,2,70,Local Road,PENROSE,WYNDHAM,-37.832474,144.67615,2021,1,January,15,Afternoon Peak,Weekday
T20210003084,2021-01-29,14:25:00,1,Collision with vehicle,5,Friday,130,REAR END(VEHICLES IN SAME LANE),1,675361,Not at intersection,3,60,Arterial Other,CAMP,HUME,-37.686115,144.92668,2021,1,January,14,Midday,Weekday
T20210002027,2021-01-29,08:17:00,1,Collision with vehicle,5,Friday,110,CROSS TRAFFIC(INTERSECTIONS ONLY),1,679759,Cross intersection,2,60,Local Road,COATES,EAST GIPPSLAND,-37.87389,148.00395,2021,1,January,8,Morning Peak,Weekday
T20210011111,2021-01-29,20:30:00,1,Collision with vehicle,5,Friday,110,CROSS TRAFFIC(INTERSECTIONS ONLY),1,49050,Cross intersection,3,50,Local Road,ATHELSTANE,BANYULE,-37.762676,145.04118,2021,1,January,20,Night,Weekday
T20210002029,2021-01-29,07:45:00,4,Collision with a fixed object,5,Friday,171,LEFT OFF CARRIAGEWAY INTO OBJECT/PARKED VEHICLE,1,674733,Not at intersection,3,70,Local Road,HOMESTEAD,YARRA RANGES,-37.736794,145.2825,2021,1,January,7,Morning Peak,Weekday