ACCIDENT_NO,ACCIDENT_DATE,ACCIDENT_TIME,ACCIDENT_TYPE,ACCIDENT_TYPE_DESC,DAY_OF_WEEK,DAY_WEEK_DESC,DCA_CODE,DCA_DESC,LIGHT_CONDITION,NODE_ID,ROAD_GEOMETRY_DESC,SEVERITY,SPEED_ZONE,RMA,ROAD_NAME,LGA_NAME,LATITUDE,LONGITUDE,YEAR,MONTH,MONTH_NAME,HOUR,TIME_PERIOD,DAY_TYPE
T20210005034,2021-01-29,16:00:00,1,Collision with vehicle,5,Friday,130,REAR END(VEHICLES IN SAME LANE),2,773435,Cross intersection,3,60,Arterial Other,EPPING,WHITTLESEA,-37.623173,145.02876,2021,1,January,16,Afternoon Peak,Weekday
T20210002050,2021-01-29,11:55:00,1,Collision with vehicle,5,Friday,133,LANE SIDE SWIPE (VEHICLES IN PARALLEL LANES),1,781110,Not at intersection,3,100,Arterial Highway,DANDENONG-HASTINGS,FRANKSTON,-38.10658,145.23357,2021,1,January,11,Midday,Weekday
T20210002054,2021-01-29,12:50:00,2,Struck Pedestrian,5,Friday,102,FAR SIDE. PED HIT BY VEHICLE FROM THE LEFT,1,39010,T intersection,3,60,Arterial Other,RIVERSDALE,BOROONDARA,-37.830322,145.0477,2021,1,January,12,Midday,Weekday
T20210002055,2021-01-29,08:08:00,2,Struck Pedestrian,5,Friday,102,FAR SIDE. PED HIT BY VEHICLE FROM THE LEFT,1,49956,Cross intersection,2,40,Local Road,FENWICK,GEELONG,-38.149937,144.35385,2021,1,January,8,Morning Peak,Weekday
T20210002200,2021-01-29,07:45:00,1,Collision with vehicle,5,Friday,130,REAR END(VEHICLES IN SAME LANE),1,675304,Multiple intersection,3,80,Freeway,MONASH,STONNINGTON,-37.847813,145.0421,2021,1,January,7,Morning Peak,Weekday
T20210003984,2021-01-29,07:58:00,6,Vehicle overturned (no collision),5,Friday,170,OFF CARRIAGEWAY TO LEFT,1,677287,Not at intersection,3,80,Freeway,CALDER,BRIMBANK,-37.70825,144.82115,2021,1,January,7,Morning Peak,Weekday
T20210002047,2021-01-29,12:32:00,1,Collision with vehicle,5,Friday,135,LANE CHANGE LEFT (NOT OVERTAKING),1,242925,T intersection,3,60,Arterial Other,MARIBYRNONG,MOONEE VALLEY,-37.77166,144.9155,2021,1,January,12,Midday,Weekday
T20210002056,2021-01-29,09:00:00,1,Collision with vehicle,5,Friday,110,CROSS TRAFFIC(INTERSECTIONS ONLY),1,45237,Cross intersection,3,60,Arterial Other,GORDON,MARIBYRNONG,-37.783794,144.89091,2021,1,January,9,Morning Peak,Weekday
T20210005159,2021-01-29,13:34:00,1,Collision with vehicle,5,Friday,121,RIGHT THROUGH,1,243678,T intersection,3,60,Arterial Other,BAY,KINGSTON,-37.95716,145.04941,2021,1,January,13,Midday,Weekday
T20210002137,2021-01-29,13:07:00,1,Collision with vehicle,5,Friday,130,REAR END(VEHICLES IN SAME LANE),1,111472,Not at intersection,3,60,Arterial Other,MILLEARA,MOONEE VALLEY,-37.74565,144.86284,2021,1,January,13,Midday,Weekday
T20210002138,2021-01-29,20:15:00,6,Vehicle overturned (no collision),5,Friday,180,OFF CARRIAGEWAY ON RIGHT BEND,2,249407,Not at intersection,3,80,Arterial Highway,GREAT OCEAN,CORANGAMITE,-38.747627,143.27582,2021,1,January,20,Night,Weekday
T20210002057,2021-01-29,11:50:00,4,Collision with a fixed object,5,Friday,181,OFF RIGHT BEND INTO OBJECT/PARKED VEHICLE,1,675086,Not at intersection,2,50,Local Road,OAK,MITCHELL,-37.02043,145.14615,2021,1,January,11,Midday,Weekday
T20210003771,2021-01-29,14:00:00,4,Collision with a fixed object,5,Friday,181,OFF RIGHT BEND INTO OBJECT/PARKED VEHICLE,1,676933,Not at intersection,3,60,Arterial Other,CLEGG,YARRA RANGES,-37.78232,145.41428,2021,1,January,14,Midday,Weekday
T20210002026,2021-01-29,07:50:00,1,Collision with vehicle,5,Friday,130,REAR END(VEHICLES IN SAME LANE),2,674864,Not at intersection,3,60,Arterial Other,HOPKINS,MELTON,-37.777187,144.70016,2021,1,January,7,Morning Peak,Weekday
T20210002115,2021-01-29,12:15:00,1,Collision with vehicle,5,Friday,120,HEAD ON (NOT OVERTAKING),1,674098,Not at intersection,1,100,Arterial Other,SEA LAKE-SWAN HILL,BULOKE,-35.50422,142.90633,2021,1,January,12,Midday,Weekday
T20210002077,2021-01-29,15:50:00,4,Collision with a fixed object,5,Friday,173,RIGHT OFF CARRIAGEWAY INTO OBJECT/PARKED VEHICLE,1,674730,Not at intersection,3,60,Arterial Other,RESEARCH-WARRANDYTE,NILLUMBIK,-37.732796,145.21912,2021,1,January,15,Afternoon Peak,Weekday
T20210002941,2021-01-29,17:35:00,1,Collision with vehicle,5,Friday,120,HEAD ON (NOT OVERTAKING),1,675814,Not at intersection,3,100,Arterial Highway,MELBA,YARRA RANGES,-37.672073,145.3817,2021,1,January,17,Afternoon Peak,Weekday
T20210002028,2021-01-29,08:10:00,2,Struck Pedestrian,5,Friday,100,PED NEAR SIDE. PED HIT BY VEHICLE FROM THE RIGHT.,1,674286,Cross intersection,2,40,Local Road,RUDDUCK,DANDENONG,-37.989243,145.20909,2021,1,January,8,Morning Peak,Weekday
T20210002245,2021-01-29,16:52:00,1,Collision with vehicle,5,Friday,130,REAR END(VEHICLES IN SAME LANE),1,36373,T intersection,3,60,Arterial Other,POLICE,MONASH,-37.935886,145.17845,2021,1,January,16,Afternoon Peak,Weekday
T20210002059,2021-01-29,14:00:00,4,Collision with a fixed object,5,Friday,171,LEFT OFF CARRIAGEWAY INTO OBJECT/PARKED VEHICLE,1,674732,Not at intersection,3,60,Local Road,ALLINGHAM,BENDIGO,-36.79634,144.24915,2021,1,January,14,Midday,Weekday
T20210002346,2021-01-29,16:40:00,4,Collision with a fixed object,5,Friday,181,OFF RIGHT BEND INTO OBJECT/PARKED VEHICLE,1,674780,Not at intersection,3,80,Arterial Other,KANGAROO GROUND-WARRANDYTE,NILLUMBIK,-37.70076,145.22527,2021,1,January,16,Afternoon Peak,Weekday
T20210002024,2021-01-29,08:19:00,8,No collision and no object struck,5,Friday,174,OUT OF CONTROL ON CARRIAGEWAY (ON STRAIGHT),1,57408,Cross intersection,2,60,Arterial Other,MT ALEXANDER,MOONEE VALLEY,-37.752903,144.91585,2021,1,January,8,Morning Peak,Weekday
T20210002049,2021-01-29,11:45:00,4,Collision with a fixed object,5,Friday,171,LEFT OFF CARRIAGEWAY INTO OBJECT/PARKED VEHICLE,1,677990,T intersection,3,60,Arterial Other,SHANNON,GEELONG,-38.153824,144.3339,2021,1,January,11,Midday,Weekday
T20210002301,2021-01-29,16:40:00,2,Struck Pedestrian,5,Friday,105,PED WALKING AGAINST TRAFFIC.,1,677961,Not at intersection,3,70,Arterial Other,DYNON,MELBOURNE,-37.80232,144.92215,2021,1,January,16,Afternoon Peak,Weekday
T20210002021,2021-01-29,02:20:00,8,No collision and no object struck,5,Friday,180,OFF CARRIAGEWAY ON RIGHT BEND,5,680713,Not at intersection,2,100,Arterial Highway,MURRAY VALLEY,INDIGO,-36.253048,147.0933,2021,1,January,2,Late Night,Weekday
T20210002142,2021-01-29,12:25:00,1,Collision with vehicle,5,Friday,130,REAR END(VEHICLES IN SAME LANE),1,675937,Not at intersection,3,40,Arterial Other,LINCOLN,WODONGA,-36.09388,146.90273,2021,1,January,12,Midday,Weekday
T20210002110,2021-01-29,14:42:00,1,Collision with vehicle,5,Friday,130,REAR END(VEHICLES IN SAME LANE),1,729567,T intersection,2,80,Arterial Highway,GOULBURN VALLEY,SHEPPARTON,-36.34076,145.40224,2021,1,January,14,Midday,Weekday
T20210002035,2021-01-29,09:04:00,1,Collision with vehicle,5,Friday,130,REAR END(VEHICLES IN SAME LANE),1,674140,Not at intersection,3,60,Local Road,PEARCE,WODONGA,-36.13768,146.88269,2021,1,January,9,Morning Peak,Weekday
T20210002112,2021-01-29,18:46:00,1,Collision with vehicle,5,Friday,110,CROSS TRAFFIC(INTERSECTIONS ONLY),1,51004,Cross intersection,3,50,Local Road,PERRY,WANGARATTA,-36.36296,146.3176,2021,1,January,18,Afternoon Peak,Weekday
T20210002073,2021-01-29,09:30:00,6,Vehicle overturned (no collision),5,Friday,180,OFF CARRIAGEWAY ON RIGHT BEND,1,679610,Not at intersection,3,100,Arterial Other,MANSFIELD-WOODS POINT,MANSFIELD,-37.182556,146.14107,2021,1,January,9,Morning Peak,Weekday
T20210002072,2021-01-29,15:36:00,1,Collision with vehicle,5,Friday,120,HEAD ON (NOT OVERTAKING),1,674209,Not at intersection,3,100,Local Road,EXFORD,MELTON,-37.74819,144.57516,2021,1,January,15,Afternoon Peak,Weekday
T20210002111,2021-01-29,19:30:00,1,Collision with vehicle,5,Friday,140,U TURN,1,677407,Not at intersection,3,60,Arterial Other,FAIRFIELD-RESERVOIR,DAREBIN,-37.74766,145.02173,2021,1,January,19,Night,Weekday
T20210002069,2021-01-29,13:43:00,1,Collision with vehicle,5,Friday,120,HEAD ON (NOT OVERTAKING),1,675936,Not at intersection,2,100,Arterial Other,CARAMUT,WARRNAMBOOL,-38.32909,142.46118,2021,1,January,13,Midday,Weekday
T20210002067,2021-01-29,14:18:00,4,Collision with a fixed object,5,Friday,181,OFF RIGHT BEND INTO OBJECT/PARKED VEHICLE,1,686047,Not at intersection,3,50,Local Road,TRUDEWIND,WODONGA,-36.129242,146.86824,2021,1,January,14,Midday,Weekday
T20210002174,2021-01-30,23:44:00,1,Collision with vehicle,6,Saturday,130,REAR END(VEHICLES IN SAME LANE),3,729868,Not at intersection,2,100,Arterial Other,PORTARLINGTON,GEELONG,-38.173817,144.45258,2021,1,January,23,Night,Weekend
T20210002175,2021-01-30,21:48:00,1,Collision with vehicle,6,Saturday,130,REAR END(VEHICLES IN SAME LANE),5,680186,Not at intersection,1,100,Arterial Other,LOCKWOOD,BENDIGO,-36.811256,144.17236,2021,1,January,21,Night,Weekend
T20210002279,2021-01-30,12:00:00,1,Collision with vehicle,6,Saturday,131,LEFT REAR,1,51677,Cross intersection,3,50,Arterial Highway,HIGH,BENDIGO,-36.772198,144.25926,2021,1,January,12,Midday,Weekend
T20210008382,2021-01-30,22:25:00,1,Collision with vehicle,6,Saturday,130,REAR END(VEHICLES IN SAME LANE),3,680780,Not at intersection,2,80,Arterial Other,SLADEN,CASEY,-38.11092,145.26523,2021,1,January,22,Night,Weekend
T20210002639,2021-01-30,16:00:00,6,Vehicle overturned (no collision),6,Saturday,174,OUT OF CONTROL ON CARRIAGEWAY (ON STRAIGHT),1,224975,Cross intersection,3,100,Local Road,HARPER,BENDIGO,-36.70121,144.3714,2021,1,January,16,Afternoon Peak,Weekend
T20210002206,2021-01-30,15:00:00,1,Collision with vehicle,6,Saturday,130,REAR END(VEHICLES IN SAME LANE),1,61112,Cross intersection,3,60,Arterial Other,EPPING,WHITTLESEA,-37.62839,145.02788,2021,1,January,15,Afternoon Peak,Weekend
T20210002201,2021-01-30,17:18:00,1,Collision with vehicle,6,Saturday,160,VEHICLE COLLIDES WITH VEHICLE PARKED ON LEFT OF ROAD,1,674488,Not at intersection,2,60,Arterial Other,KALKEE,HORSHAM,-36.698452,142.20189,2021,1,January,17,Afternoon Peak,Weekend
T20210003144,2021-01-30,12:45:00,1,Collision with vehicle,6,Saturday,130,REAR END(VEHICLES IN SAME LANE),1,675404,Not at intersection,3,80,Arterial Highway,NEPEAN,KINGSTON,-37.960827,145.05435,2021,1,January,12,Midday,Weekend
T20210006824,2021-01-30,20:00:00,1,Collision with vehicle,6,Saturday,163,VEHICLE STRIKES DOOR OF PARKED/STATIONARY VEHICLE,1,683482,Not at intersection,3,40,Arterial Other,GLENFERRIE,BOROONDARA,-37.82,145.03584,2021,1,January,20,Night,Weekend
T20210002422,2021-01-30,12:30:00,1,Collision with vehicle,6,Saturday,120,HEAD ON (NOT OVERTAKING),1,679611,Not at intersection,3,100,Local Road,PEARSONS,WELLINGTON,-38.64045,146.55492,2021,1,January,12,Midday,Weekend
T20210004205,2021-01-30,19:28:00,1,Collision with vehicle,6,Saturday,163,VEHICLE STRIKES DOOR OF PARKED/STATIONARY VEHICLE,1,679689,Not at intersection,2,50,Local Road,BLESSINGTON,PORT PHILLIP,-37.87011,144.98143,2021,1,January,19,Night,Weekend
T20210007176,2021-01-30,19:44:00,2,Struck Pedestrian,6,Saturday,107,PED ON FOOTHPATH STRUCK BY VEHENTERING/LEAVING DRIVEWAY.,1,682354,Dead end,2,50,Local Road,LANSELL,FRANKSTON,-38.107212,145.18109,2021,1,January,19,Night,Weekend
T20210017506,2021-01-30,11:30:00,1,Collision with vehicle,6,Saturday,137,LEFT TURN SIDESWIPE,1,690332,Not at intersection,3,50,Local Road,BIRDWOOD,FRANKSTON,-38.147186,145.12823,2021,1,January,11,Midday,Weekend
T20210003076,2021-01-30,13:30:00,1,Collision with vehicle,6,Saturday,130,REAR END(VEHICLES IN SAME LANE),1,33233,Cross intersection,3,80,Arterial Other,NARRE WARREN,CASEY,-38.09299,145.29378,2021,1,January,13,Midday,Weekend
T20210007302,2021-01-30,15:20:00,1,Collision with vehicle,6,Saturday,137,LEFT TURN SIDESWIPE,1,335498,T intersection,3,60,Local Road,ST HELENA,BANYULE,-37.686024,145.13708,2021,1,January,15,Afternoon Peak,Weekend
T20210002133,2021-01-30,03:10:00,4,Collision with a fixed object,6,Saturday,175,OFF END OF ROAD/T-INTERSECTION.,3,781115,T intersection,3,50,Local Road,UNNAMED,GEELONG,-38.16115,144.37979,2021,1,January,3,Late Night,Weekend
T20210002135,2021-01-30,03:50:00,4,Collision with a fixed object,6,Saturday,173,RIGHT OFF CARRIAGEWAY INTO OBJECT/PARKED VEHICLE,3,91353,Not at intersection,2,60,Arterial Other,KEILOR,MOONEE VALLEY,-37.740696,144.90076,2021,1,January,3,Late Night,Weekend
T20210002139,2021-01-30,08:30:00,1,Collision with vehicle,6,Saturday,130,REAR END(VEHICLES IN SAME LANE),1,42809,T intersection,3,60,Arterial Other,BEACH,KINGSTON,-37.999752,145.0756,2021,1,January,8,Morning Peak,Weekend
T20210002351,2021-01-30,16:45:00,4,Collision with a fixed object,6,Saturday,181,OFF RIGHT BEND INTO OBJECT/PARKED VEHICLE,1,773314,Not at intersection,2,80,Arterial Highway,GREAT OCEAN,COLAC OTWAY,-38.7476,143.27574,2021,1,January,16,Afternoon Peak,Weekend
T20210002141,2021-01-30,11:10:00,1,Collision with vehicle,6,Saturday,110,CROSS TRAFFIC(INTERSECTIONS ONLY),1,51105,Cross intersection,3,50,Local Road,MACINTOSH,SHEPPARTON,-36.393566,145.4058,2021,1,January,11,Midday,Weekend
T20210002143,2021-01-30,07:45:00,1,Collision with vehicle,6,Saturday,113,RIGHT NEAR (INTERSECTIONS ONLY),1,38286,T intersection,2,60,Arterial Other,HIGH,MANNINGHAM,-37.786453,145.10556,2021,1,January,7,Morning Peak,Weekend
T20210005363,2021-01-30,06:30:00,4,Collision with a fixed object,6,Saturday,183,OFF LEFT BEND INTO OBJECT/PARKED VEHICLE,2,677718,Not at intersection,2,80,Arterial Other,GEMBROOK-LAUNCHING PLACE,CARDINIA,-37.905216,145.59479,2021,1,January,6,Morning Peak,Weekend
T20210002149,2021-01-30,09:00:00,1,Collision with vehicle,6,Saturday,130,REAR END(VEHICLES IN SAME LANE),1,36545,Cross intersection,3,60,Local Road,GERTRUDE,YARRA,-37.80624,144.98181,2021,1,January,9,Morning Peak,Weekend
T20210002158,2021-01-30,14:30:00,1,Collision with vehicle,6,Saturday,132,RIGHT REAR.,1,48357,T intersection,3,60,Local Road,MACKELLAR,HUME,-37.623894,144.9242,2021,1,January,14,Midday,Weekend
T20210002161,2021-01-30,18:30:00,1,Collision with vehicle,6,Saturday,133,LANE SIDE SWIPE (VEHICLES IN PARALLEL LANES),1,110253,Not at intersection,2,60,Arterial Other,STATION,BRIMBANK,-37.77004,144.77478,2021,1,January,18,Afternoon Peak,Weekend
T20210002162,2021-01-30,17:30:00,4,Collision with a fixed object,6,Saturday,183,OFF LEFT BEND INTO OBJECT/PARKED VEHICLE,1,685032,T intersection,2,60,Arterial Highway,WHITEHORSE,WHITEHORSE,-37.817787,145.14478,2021,1,January,17,Afternoon Peak,Weekend
T20210002163,2021-01-30,14:11:00,1,Collision with vehicle,6,Saturday,113,RIGHT NEAR (INTERSECTIONS ONLY),1,302170,Multiple intersection,2,80,Freeway,GREENS,DANDENONG,-38.011387,145.18932,2021,1,January,14,Midday,Weekend
T20210002169,2021-01-30,21:38:00,1,Collision with vehicle,6,Saturday,148,VEHICLE OFF FOOTPATH STRIKES VEH ON CARRIAGEWAY,3,37938,T intersection,3,40,Local Road,FLINDERS,DAREBIN,-37.755566,145.0011,2021,1,January,21,Night,Weekend
T20210002170,2021-01-30,20:15:00,1,Collision with vehicle,6,Saturday,116,LEFT NEAR (INTERSECTIONS ONLY),2,45637,T intersection,3,60,Arterial Other,BRUNSWICK,MORELAND,-37.77701,144.95976,2021,1,January,20,Night,Weekend
T20210002171,2021-01-30,22:20:00,1,Collision with vehicle,6,Saturday,120,HEAD ON (NOT OVERTAKING),5,676554,Not at intersection,2,100,Local Road,SEEREYS,MOORABOOL,-37.60865,144.44574,2021,1,January,22,Night,Weekend
T20210002172,2021-01-30,15:00:00,1,Collision with vehicle,6,Saturday,120,HEAD ON (NOT OVERTAKING),1,680567,Not at intersection,2,80,Arterial Other,MICKLEHAM,HUME,-37.607075,144.88388,2021,1,January,15,Afternoon Peak,Weekend
T20210002210,2021-01-31,15:05:00,1,Collision with vehicle,7,Sunday,143,ENTERING PARKING,1,674296,Not at intersection,3,40,Local Road,ELIZABETH,MELBOURNE,-37.816643,144.96426,2021,1,January,15,Afternoon Peak,Weekend
T20210002823,2021-01-31,17:40:00,4,Collision with a fixed object,7,Sunday,171,LEFT OFF CARRIAGEWAY INTO OBJECT/PARKED VEHICLE,1,679834,Not at intersection,2,50,Local Road,MOYHU-MEADOW CREEK,WANGARATTA,-36.58293,146.423,2021,1,January,17,Afternoon Peak,Weekend
T20210002180,2021-01-31,03:20:00,1,Collision with vehicle,7,Sunday,140,U TURN,3,36888,Cross intersection,2,40,Local Road,LITTLE COLLINS,MELBOURNE,-37.815945,144.96114,2021,1,January,3,Late Night,Weekend
T20210002283,2021-01-31,23:22:00,6,Vehicle overturned (no collision),7,Sunday,172,OFF CARRIAGEWAY TO RIGHT,3,686564,T intersection,3,60,Local Road,GRAND,HUME,-37.583878,144.93825,2021,1,January,23,Night,Weekend
T20210002204,2021-01-31,13:18:00,1,Collision with vehicle,7,Sunday,121,RIGHT THROUGH,1,48126,T intersection,3,60,Local Road,THE GATEWAY,YARRA RANGES,-37.742756,145.33786,2021,1,January,13,Midday,Weekend
T20210002203,2021-01-31,10:30:00,6,Vehicle overturned (no collision),7,Sunday,184,OUT OF CONTROL ON CARRIAGEWAY (ON BEND),1,674778,Not at intersection,3,60,Local Road,SOLDIERS,CARDINIA,-37.89911,145.5768,2021,1,January,10,Midday,Weekend
T20210002202,2021-01-31,13:30:00,4,Collision with a fixed object,7,Sunday,181,OFF RIGHT BEND INTO OBJECT/PARKED VEHICLE,1,674294,Not at intersection,3,80,Arterial Other,GREENDALE-TRENTHAM,MOORABOOL,-37.55723,144.3025,2021,1,January,13,Midday,Weekend
T20210002216,2021-01-31,16:14:00,1,Collision with vehicle,7,Sunday,136,RIGHT TURN SIDESWIPE,1,674393,Cross intersection,3,50,Local Road,DUMFRIES,BRIMBANK,-37.762417,144.76808,2021,1,January,16,Afternoon Peak,Weekend
T20210002227,2021-01-31,13:23:00,1,Collision with vehicle,7,Sunday,113,RIGHT NEAR (INTERSECTIONS ONLY),1,883,Cross intersection,3,50,Arterial Other,SYDNEY,MORELAND,-37.73776,144.96695,2021,1,January,13,Midday,Weekend
T20210002212,2021-01-31,15:40:00,1,Collision with vehicle,7,Sunday,110,CROSS TRAFFIC(INTERSECTIONS ONLY),1,308076,Multiple intersection,3,60,Freeway,LEAKES,MELTON,-37.721573,144.65309,2021,1,January,15,Afternoon Peak,Weekend
T20210002197,2021-01-31,08:30:00,4,Collision with a fixed object,7,Sunday,175,OFF END OF ROAD/T-INTERSECTION.,1,674635,T intersection,3,50,Local Road,LEVENDALE,YARRA RANGES,-37.798462,145.32971,2021,1,January,8,Morning Peak,Weekend
T20210002224,2021-01-31,18:55:00,4,Collision with a fixed object,7,Sunday,183,OFF LEFT BEND INTO OBJECT/PARKED VEHICLE,1,675301,Not at intersection,3,80,Local Road,MYERS CREEK,YARRA RANGES,-37.569775,145.50903,2021,1,January,18,Afternoon Peak,Weekend
T20210002186,2021-01-31,01:02:00,4,Collision with a fixed object,7,Sunday,171,LEFT OFF CARRIAGEWAY INTO OBJECT/PARKED VEHICLE,3,53586,Cross intersection,3,60,Arterial Highway,MCLENNAN,SHEPPARTON,-36.395313,145.35577,2021,1,January,1,Late Night,Weekend
T20210002195,2021-01-31,09:30:00,4,Collision with a fixed object,7,Sunday,141,U TURN INTO FIXED OBJECT/PARKED VEHICLE,1,674632,Not at intersection,2,50,Local Road,BIRRONG,DANDENONG,-37.98036,145.17422,2021,1,January,9,Morning Peak,Weekend
T20210005144,2021-01-31,11:40:00,1,Collision with vehicle,7,Sunday,121,RIGHT THROUGH,1,31004,T intersection,3,50,Local Road,BARKLY,MARIBYRNONG,-37.797367,144.87692,2021,1,January,11,Midday,Weekend
T20210002334,2021-01-31,15:00:00,1,Collision with vehicle,7,Sunday,132,RIGHT REAR.,1,680288,Not at intersection,3,60,Local Road,ERAMOSA,MORNINGTON PENINSULA,-38.223843,145.18584,2021,1,January,15,Afternoon Peak,Weekend
T20210002221,2021-01-31,15:03:00,1,Collision with vehicle,7,Sunday,120,HEAD ON (NOT OVERTAKING),9,679436,Not at intersection,2,80,Arterial Other,GEMBROOK,CARDINIA,-37.959457,145.54749,2021,1,January,15,Afternoon Peak,Weekend
T20210002252,2021-01-31,18:30:00,1,Collision with vehicle,7,Sunday,120,HEAD ON (NOT OVERTAKING),1,729870,Not at intersection,3,60,Arterial Other,CURDIE,CORANGAMITE,-38.327686,143.06914,2021,1,January,18,Afternoon Peak,Weekend
T20210002218,2021-01-31,17:05:00,6,Vehicle overturned (no collision),7,Sunday,180,OFF CARRIAGEWAY ON RIGHT BEND,1,674297,Not at intersection,2,70,Arterial Other,LYSTERFIELD,YARRA RANGES,-37.92026,145.30043,2021,1,January,17,Afternoon Peak,Weekend
T20210002190,2021-01-31,10:00:00,1,Collision with vehicle,7,Sunday,147,VEHICLE STRIKES ANOTHER VEH WHILE EMERGING FROM DRIVEWAY,1,676443,Not at intersection,3,50,Local Road,FRANCIS,HORSHAM,-36.70008,142.19781,2021,1,January,10,Midday,Weekend
T20210002373,2021-01-31,14:00:00,1,Collision with vehicle,7,Sunday,130,REAR END(VEHICLES IN SAME LANE),9,677499,Not at intersection,3,60,Arterial Highway,ALBERT,DAREBIN,-37.73943,145.02362,2021,1,January,14,Midday,Weekend
T20210002188,2021-01-31,05:39:00,4,Collision with a fixed object,7,Sunday,183,OFF LEFT BEND INTO OBJECT/PARKED VEHICLE,9,677497,Not at intersection,3,50,Local Road,PULFORD,WHITTLESEA,-37.657223,145.06784,2021,1,January,5,Morning Peak,Weekend
T20210002187,2021-01-31,01:01:00,4,Collision with a fixed object,7,Sunday,173,RIGHT OFF CARRIAGEWAY INTO OBJECT/PARKED VEHICLE,3,46301,Cross intersection,2,80,Arterial Other,KINGS,BRIMBANK,-37.71561,144.78041,2021,1,January,1,Late Night,Weekend
T20210002243,2021-01-31,19:43:00,2,Struck Pedestrian,7,Sunday,100,PED NEAR SIDE. PED HIT BY VEHICLE FROM THE RIGHT.,1,683003,Cross intersection,2,50,Local Road,WINDROCK,HUME,-37.587784,144.9158,2021,1,January,19,Night,Weekend
T20210002184,2021-01-31,01:45:00,4,Collision with a fixed object,7,Sunday,173,RIGHT OFF CARRIAGEWAY INTO OBJECT/PARKED VEHICLE,5,680568,Not at intersection,2,50,Local Road,SHANNON,WARRNAMBOOL,-38.346794,142.44873,2021,1,January,1,Late Night,Weekend
T20210002241,2021-01-31,18:24:00,1,Collision with vehicle,7,Sunday,160,VEHICLE COLLIDES WITH VEHICLE PARKED ON LEFT OF ROAD,1,683692,Not at intersection,3,50,Local Road,KENT,MORELAND,-37.72062,144.94475,2021,1,January,18,Afternoon Peak,Weekend
T20210014820,2021-01-31,14:20:00,1,Collision with vehicle,7,Sunday,139,OTHER SAME DIRECTION-MANOUEVRES NOT INCLUDED IN DCAs 130-137,1,781511,Not at intersection,3,80,Arterial Highway,BROUGHTON,WELLINGTON,-38.619923,146.66821,2021,1,January,14,Midday,Weekend
T20210002239,2021-01-31,17:38:00,1,Collision with vehicle,7,Sunday,130,REAR END(VEHICLES IN SAME LANE),1,41850,T intersection,3,60,Arterial Other,JELLS,MONASH,-37.918163,145.187,2021,1,January,17,Afternoon Peak,Weekend
T20210002182,2021-01-31,00:43:00,4,Collision with a fixed object,7,Sunday,171,LEFT OFF CARRIAGEWAY INTO OBJECT/PARKED VEHICLE,3,44205,T intersection,2,80,Arterial Other,OAKLANDS,HUME,-37.64415,144.83383,2021,1,January,0,Late Night,Weekend
T20210002511,2021-01-31,16:15:00,1,Collision with vehicle,7,Sunday,110,CROSS TRAFFIC(INTERSECTIONS ONLY),1,351578,Cross intersection,3,60,Arterial Other,FOOT,FRANKSTON,-38.15326,145.13261,2021,1,January,16,Afternoon Peak,Weekend
T20210002236,2021-01-31,20:40:00,7,Fall from or in moving vehicle,7,Sunday,190,FELL IN/FROM VEHICLE,3,676046,Not at intersection,2,60,Local Road,BEACH,PORT PHILLIP,-37.840305,144.9322,2021,1,January,20,Night,Weekend
T20210002234,2021-01-31,17:25:00,1,Collision with vehicle,7,Sunday,130,REAR END(VEHICLES IN SAME LANE),1,676045,Not at intersection,3,80,Arterial Highway,DINGLEY,KINGSTON,-37.955956,145.10358,2021,1,January,17,Afternoon Peak,Weekend
T20210002223,2021-01-31,12:50:00,4,Collision with a fixed object,7,Sunday,183,OFF LEFT BEND INTO OBJECT/PARKED VEHICLE,1,688423,Not at intersection,2,80,Arterial Other,MANSFIELD-WOODS POINT,MANSFIELD,-37.505432,146.2136,2021,1,January,12,Midday,Weekend
T20210002233,2021-01-31,17:46:00,1,Collision with vehicle,7,Sunday,120,HEAD ON (NOT OVERTAKING),1,729869,Not at intersection,3,50,Local Road,HERLITZ,WHITTLESEA,-37.6324,145.0133,2021,1,January,17,Afternoon Peak,Weekend
T20210002229,2021-01-31,17:30:00,6,Vehicle overturned (no collision),7,Sunday,180,OFF CARRIAGEWAY ON RIGHT BEND,1,71931,T intersection,2,100,Local Road,EARLY,LATROBE,-38.137115,146.2937,2021,1,January,17,Afternoon Peak,Weekend
T20210005443,2021-01-31,12:00:00,1,Collision with vehicle,7,Sunday,130,REAR END(VEHICLES IN SAME LANE),1,680666,Cross intersection,3,60,Local Road,GEORGE,YARRA,-37.798786,144.98186,2021,1,January,12,Midday,Weekend
T20210008883,2021-01-31,16:30:00,8,No collision and no object struck,7,Sunday,174,OUT OF CONTROL ON CARRIAGEWAY (ON STRAIGHT),1,51641,Cross intersection,3,60,Local Road,MCLAREN,BENDIGO,-36.763172,144.28535,2021,1,January,16,Afternoon Peak,Weekend
T20210002268,2021-01-31,20:35:00,1,Collision with vehicle,7,Sunday,163,VEHICLE STRIKES DOOR OF PARKED/STATIONARY VEHICLE,9,677408,Cross intersection,3,50,Arterial Other,HIGH,STONNINGTON,-37.851875,144.99355,2021,1,January,20,Night,Weekend