ACCIDENT_NO,ACCIDENT_DATE,ACCIDENT_TIME,ACCIDENT_TYPE,ACCIDENT_TYPE_DESC,DAY_OF_WEEK,DAY_WEEK_DESC,DCA_CODE,DCA_DESC,LIGHT_CONDITION,NODE_ID,ROAD_GEOMETRY_DESC,SEVERITY,SPEED_ZONE,RMA,ROAD_NAME,LGA_NAME,LATITUDE,LONGITUDE,YEAR,MONTH,MONTH_NAME,HOUR,TIME_PERIOD,DAY_TYPE
T20210002330,2021-01-31,16:11:00,1,Collision with vehicle,7,Sunday,110,CROSS TRAFFIC(INTERSECTIONS ONLY),1,49839,Cross intersection,2,60,Arterial Other,SHANNON,GEELONG,-38.13066,144.3383,2021,1,January,16,Afternoon Peak,Weekend
T20210006402,2021-01-31,13:30:00,1,Collision with vehicle,7,Sunday,130,REAR END(VEHICLES IN SAME LANE),1,61224,T intersection,3,60,Arterial Other,KURRAK,NILLUMBIK,-37.64981,145.11278,2021,1,January,13,Midday,Weekend
T20210002456,2021-01-31,14:30:00,6,Vehicle overturned (no collision),7,Sunday,174,OUT OF CONTROL ON CARRIAGEWAY (ON STRAIGHT),1,675176,Not at intersection,2,100,Local Road,OLD ROSEDALE,WELLINGTON,-38.32041,146.83568,2021,1,January,14,Midday,Weekend
T20210002178,2021-01-31,00:55:00,2,Struck Pedestrian,7,Sunday,102,FAR SIDE. PED HIT BY VEHICLE FROM THE LEFT,3,674214,Not at intersection,2,60,Arterial Highway,NAPIER,BENDIGO,-36.726433,144.30878,2021,1,January,0,Late Night,Weekend
T20210002225,2021-01-31,06:50:00,4,Collision with a fixed object,7,Sunday,181,OFF RIGHT BEND INTO OBJECT/PARKED VEHICLE,5,681863,Not at intersection,2,100,Local Road,NORTH CREEK,MANSFIELD,-36.986717,145.73494,2021,1,January,6,Morning Peak,Weekend
T20210003614,2021-01-31,01:00:00,1,Collision with vehicle,7,Sunday,121,RIGHT THROUGH,3,40370,T intersection,3,60,Arterial Highway,TOORAK,BOROONDARA,-37.845432,145.04498,2021,1,January,1,Late Night,Weekend
T20210002304,2021-02-01,17:17:00,1,Collision with vehicle,1,Monday,131,LEFT REAR,1,729872,Not at intersection,3,60,Arterial Other,MT ALEXANDER,MOONEE VALLEY,-37.785534,144.93875,2021,2,February,17,Afternoon Peak,Weekday
T20210002293,2021-02-01,18:00:00,1,Collision with vehicle,1,Monday,160,VEHICLE COLLIDES WITH VEHICLE PARKED ON LEFT OF ROAD,1,729571,Not at intersection,2,50,Local Road,COUNTRY CLUB,MORNINGTON PENINSULA,-38.32815,144.98625,2021,2,February,18,Afternoon Peak,Weekday
T20210002417,2021-02-01,15:45:00,1,Collision with vehicle,1,Monday,131,LEFT REAR,1,674687,T intersection,3,50,Arterial Other,GARDEN,WHITTLESEA,-37.60484,145.13223,2021,2,February,15,Afternoon Peak,Weekday
T20210002352,2021-02-01,15:40:00,1,Collision with vehicle,1,Monday,113,RIGHT NEAR (INTERSECTIONS ONLY),1,60980,T intersection,3,60,Local Road,WALLIS,BALLARAT,-37.579823,143.81992,2021,2,February,15,Afternoon Peak,Weekday
T20210002275,2021-02-01,14:00:00,5,collision with some other object,1,Monday,181,OFF RIGHT BEND INTO OBJECT/PARKED VEHICLE,1,674779,Not at intersection,2,50,Arterial Other,YARRA,BOROONDARA,-37.80523,145.00174,2021,2,February,14,Midday,Weekday
T20210003041,2021-02-01,16:10:00,1,Collision with vehicle,1,Monday,113,RIGHT NEAR (INTERSECTIONS ONLY),1,729583,T intersection,3,60,Arterial Other,MURDOCH,WANGARATTA,-36.368446,146.32321,2021,2,February,16,Afternoon Peak,Weekday
T20210004263,2021-02-01,16:40:00,1,Collision with vehicle,1,Monday,113,RIGHT NEAR (INTERSECTIONS ONLY),1,677104,T intersection,3,60,Arterial Other,BERWICK-CRANBOURNE,CASEY,-38.114864,145.2965,2021,2,February,16,Afternoon Peak,Weekday
T20210002244,2021-02-01,01:30:00,4,Collision with a fixed object,1,Monday,171,LEFT OFF CARRIAGEWAY INTO OBJECT/PARKED VEHICLE,3,677721,Not at intersection,3,60,Local Road,MONT ALBERT,BOROONDARA,-37.817604,145.0742,2021,2,February,1,Late Night,Weekday
T20210002272,2021-02-01,11:19:00,1,Collision with vehicle,1,Monday,113,RIGHT NEAR (INTERSECTIONS ONLY),1,765602,T intersection,2,80,Arterial Other,KOROIT-PORT FAIRY,MOYNE,-38.311485,142.34724,2021,2,February,11,Midday,Weekday
T20210002354,2021-02-01,23:59:00,4,Collision with a fixed object,1,Monday,181,OFF RIGHT BEND INTO OBJECT/PARKED VEHICLE,3,781118,Not at intersection,3,60,Arterial Highway,GAVAN,ALPINE,-36.728905,146.95071,2021,2,February,23,Night,Weekday
T20210002259,2021-02-01,09:15:00,2,Struck Pedestrian,1,Monday,100,PED NEAR SIDE. PED HIT BY VEHICLE FROM THE RIGHT.,1,39506,T intersection,2,70,Arterial Highway,SPRINGVALE,WHITEHORSE,-37.817425,145.17616,2021,2,February,9,Morning Peak,Weekday
T20210002663,2021-02-01,18:20:00,1,Collision with vehicle,1,Monday,130,REAR END(VEHICLES IN SAME LANE),1,676972,Not at intersection,2,50,Arterial Other,COBURNS,MELTON,-37.68602,144.56786,2021,2,February,18,Afternoon Peak,Weekday
T20210002255,2021-02-01,07:15:00,1,Collision with vehicle,1,Monday,136,RIGHT TURN SIDESWIPE,1,674490,T intersection,3,80,Local Road,COOMBES,SURF COAST,-38.311325,144.28816,2021,2,February,7,Morning Peak,Weekday
T20210002286,2021-02-01,16:16:00,1,Collision with vehicle,1,Monday,121,RIGHT THROUGH,1,32492,T intersection,3,60,Arterial Other,BLACKBURN,MONASH,-37.879505,145.14702,2021,2,February,16,Afternoon Peak,Weekday
T20210002341,2021-02-01,21:25:00,4,Collision with a fixed object,1,Monday,173,RIGHT OFF CARRIAGEWAY INTO OBJECT/PARKED VEHICLE,5,687363,Not at intersection,3,80,Arterial Other,MEREDITH-STEIGLITZ,GOLDEN PLAINS,-37.878067,144.17848,2021,2,February,21,Night,Weekday
T20210002254,2021-02-01,09:15:00,1,Collision with vehicle,1,Monday,130,REAR END(VEHICLES IN SAME LANE),1,675719,T intersection,3,50,Local Road,TINKS,CASEY,-38.009228,145.29156,2021,2,February,9,Morning Peak,Weekday
T20210002278,2021-02-01,14:30:00,1,Collision with vehicle,1,Monday,110,CROSS TRAFFIC(INTERSECTIONS ONLY),1,67337,Cross intersection,2,50,Local Road,FRANCIS,EAST GIPPSLAND,-37.82453,147.62604,2021,2,February,14,Midday,Weekday
T20210002318,2021-02-01,22:40:00,1,Collision with vehicle,1,Monday,130,REAR END(VEHICLES IN SAME LANE),5,691606,Not at intersection,2,100,Freeway,WESTERN RING,BRIMBANK,-37.756996,144.8237,2021,2,February,22,Night,Weekday
T20210004438,2021-02-01,15:42:00,1,Collision with vehicle,1,Monday,130,REAR END(VEHICLES IN SAME LANE),1,677288,Not at intersection,3,60,Arterial Other,PRINCES,MELBOURNE,-37.79296,144.97491,2021,2,February,15,Afternoon Peak,Weekday
T20210002317,2021-02-01,21:52:00,1,Collision with vehicle,1,Monday,135,LANE CHANGE LEFT (NOT OVERTAKING),3,674685,Not at intersection,3,70,Arterial Other,SYDNEY,HUME,-37.6712,144.95532,2021,2,February,21,Night,Weekday
T20210007764,2021-02-01,19:27:00,1,Collision with vehicle,1,Monday,130,REAR END(VEHICLES IN SAME LANE),1,682836,Not at intersection,3,80,Freeway,TULLAMARINE,MOONEE VALLEY,-37.72878,144.89069,2021,2,February,19,Night,Weekday
T20210002325,2021-02-01,23:05:00,1,Collision with vehicle,1,Monday,130,REAR END(VEHICLES IN SAME LANE),3,234416,T intersection,3,60,Arterial Highway,PLENTY,WHITTLESEA,-37.696053,145.05936,2021,2,February,23,Night,Weekday
T20210005175,2021-02-01,07:20:00,1,Collision with vehicle,1,Monday,130,REAR END(VEHICLES IN SAME LANE),9,678338,Cross intersection,3,80,Arterial Highway,STUD,KNOX,-37.917633,145.23499,2021,2,February,7,Morning Peak,Weekday
T20210002322,2021-02-01,06:10:00,4,Collision with a fixed object,1,Monday,171,LEFT OFF CARRIAGEWAY INTO OBJECT/PARKED VEHICLE,2,686820,T intersection,2,80,Arterial Highway,PRINCES HIGHWAY -STAMMERS,LATROBE,-38.18809,146.57574,2021,2,February,6,Morning Peak,Weekday
T20210002314,2021-02-01,20:15:00,1,Collision with vehicle,1,Monday,137,LEFT TURN SIDESWIPE,9,675720,T intersection,3,40,Local Road,WELLINGTON,YARRA,-37.80437,144.98645,2021,2,February,20,Night,Weekday
T20210002284,2021-02-01,08:00:00,1,Collision with vehicle,1,Monday,130,REAR END(VEHICLES IN SAME LANE),1,675151,Multiple intersection,2,50,Local Road,JETTY ROAD -PENINSULA LINK,MORNINGTON PENINSULA,-38.369255,144.90869,2021,2,February,8,Morning Peak,Weekday
T20210002336,2021-02-02,08:09:00,1,Collision with vehicle,2,Tuesday,135,LANE CHANGE LEFT (NOT OVERTAKING),1,674944,Not at intersection,2,40,Arterial Other,SYDNEY,MORELAND,-37.766953,144.96214,2021,2,February,8,Morning Peak,Weekday
T20210002893,2021-02-02,16:50:00,1,Collision with vehicle,2,Tuesday,130,REAR END(VEHICLES IN SAME LANE),1,681182,Not at intersection,3,80,Arterial Highway,DANDENONG,DANDENONG,-38.001144,145.19131,2021,2,February,16,Afternoon Peak,Weekday
T20210002347,2021-02-02,12:30:00,4,Collision with a fixed object,2,Tuesday,181,OFF RIGHT BEND INTO OBJECT/PARKED VEHICLE,1,676623,Not at intersection,3,50,Local Road,PARK,GLEN EIRA,-37.92333,145.03346,2021,2,February,12,Midday,Weekday
T20210002356,2021-02-02,07:45:00,6,Vehicle overturned (no collision),2,Tuesday,170,OFF CARRIAGEWAY TO LEFT,1,688171,Not at intersection,3,100,Arterial Highway,SUNRAYSIA,NORTHERN GRAMPIANS,-36.502815,143.0885,2021,2,February,7,Morning Peak,Weekday
T20210002361,2021-02-02,14:00:00,1,Collision with vehicle,2,Tuesday,131,LEFT REAR,1,299559,Cross intersection,3,60,Arterial Other,PLENTY,DAREBIN,-37.717274,145.04292,2021,2,February,14,Midday,Weekday
T20210002333,2021-02-02,08:20:00,1,Collision with vehicle,2,Tuesday,130,REAR END(VEHICLES IN SAME LANE),1,675457,Not at intersection,3,60,Arterial Other,BEACH,KINGSTON,-38.00849,145.08777,2021,2,February,8,Morning Peak,Weekday
T20210002371,2021-02-02,16:05:00,1,Collision with vehicle,2,Tuesday,120,HEAD ON (NOT OVERTAKING),1,676624,Not at intersection,3,100,Arterial Other,WALLAN,WHITTLESEA,-37.464447,145.09671,2021,2,February,16,Afternoon Peak,Weekday
T20210002385,2021-02-02,16:15:00,1,Collision with vehicle,2,Tuesday,130,REAR END(VEHICLES IN SAME LANE),1,674495,T intersection,3,60,Arterial Other,GRANGE,GLEN EIRA,-37.902565,145.0443,2021,2,February,16,Afternoon Peak,Weekday
T20210002332,2021-02-02,06:30:00,1,Collision with vehicle,2,Tuesday,160,VEHICLE COLLIDES WITH VEHICLE PARKED ON LEFT OF ROAD,2,291656,Not at intersection,2,60,Arterial Other,BEACH,BAYSIDE,-37.936123,144.99693,2021,2,February,6,Morning Peak,Weekday
T20210004298,2021-02-02,10:35:00,1,Collision with vehicle,2,Tuesday,113,RIGHT NEAR (INTERSECTIONS ONLY),1,353357,T intersection,3,60,Arterial Other,MOSSFIEL,WYNDHAM,-37.87881,144.69525,2021,2,February,10,Midday,Weekday
T20210002390,2021-02-02,18:00:00,4,Collision with a fixed object,2,Tuesday,171,LEFT OFF CARRIAGEWAY INTO OBJECT/PARKED VEHICLE,1,674686,Not at intersection,3,100,Local Road,PETTAVEL,SURF COAST,-38.22406,144.24373,2021,2,February,18,Afternoon Peak,Weekday
T20210002392,2021-02-02,16:20:00,1,Collision with vehicle,2,Tuesday,169,OTHER ON PATH,1,674866,Not at intersection,2,50,Local Road,CRANWELL,HUME,-37.582226,144.92857,2021,2,February,16,Afternoon Peak,Weekday
T20210002393,2021-02-02,10:00:00,1,Collision with vehicle,2,Tuesday,160,VEHICLE COLLIDES WITH VEHICLE PARKED ON LEFT OF ROAD,9,243533,T intersection,2,60,Arterial Other,BALCOMBE,BAYSIDE,-37.976498,145.02448,2021,2,February,10,Midday,Weekday
T20210002449,2021-02-02,20:11:00,6,Vehicle overturned (no collision),2,Tuesday,174,OUT OF CONTROL ON CARRIAGEWAY (ON STRAIGHT),2,742853,Not at intersection,3,60,Local Road,GRAND,HUME,-37.57829,144.93213,2021,2,February,20,Night,Weekday
T20210002454,2021-02-02,09:00:00,1,Collision with vehicle,2,Tuesday,110,CROSS TRAFFIC(INTERSECTIONS ONLY),1,359552,Cross intersection,3,50,Local Road,WALPOLE,BOROONDARA,-37.80239,145.0322,2021,2,February,9,Morning Peak,Weekday
T20210002601,2021-02-02,15:45:00,1,Collision with vehicle,2,Tuesday,130,REAR END(VEHICLES IN SAME LANE),1,674870,Not at intersection,3,80,Arterial Highway,WELLINGTON,KNOX,-37.927902,145.23212,2021,2,February,15,Afternoon Peak,Weekday
T20210003744,2021-02-02,16:45:00,1,Collision with vehicle,2,Tuesday,130,REAR END(VEHICLES IN SAME LANE),1,224920,Not at intersection,3,70,Arterial Highway,STATE (BELL/SPRINGVALE),MONASH,-37.86501,145.16867,2021,2,February,16,Afternoon Peak,Weekday
T20210003233,2021-02-02,12:24:00,1,Collision with vehicle,2,Tuesday,135,LANE CHANGE LEFT (NOT OVERTAKING),1,680530,Not at intersection,3,60,Arterial Other,NORTH,BAYSIDE,-37.897835,144.98997,2021,2,February,12,Midday,Weekday
T20210002587,2021-02-02,08:40:00,1,Collision with vehicle,2,Tuesday,113,RIGHT NEAR (INTERSECTIONS ONLY),1,702465,T intersection,2,80,Arterial Highway,PRINCES,DANDENONG,-37.93805,145.16196,2021,2,February,8,Morning Peak,Weekday
T20210002397,2021-02-02,17:00:00,1,Collision with vehicle,2,Tuesday,121,RIGHT THROUGH,1,29813,Cross intersection,2,70,Arterial Other,BALLARAT,BRIMBANK,-37.769783,144.77133,2021,2,February,17,Afternoon Peak,Weekday
T20210002395,2021-02-02,21:36:00,1,Collision with vehicle,2,Tuesday,119,OTHER ADJACENT (INTERSECTIONS ONLY),3,359918,T intersection,2,80,Arterial Other,KENSINGTON,GEELONG,-38.175537,144.46716,2021,2,February,21,Night,Weekday
T20210002364,2021-02-02,15:25:00,2,Struck Pedestrian,2,Tuesday,100,PED NEAR SIDE. PED HIT BY VEHICLE FROM THE RIGHT.,1,39136,T intersection,3,50,Arterial Other,WHITEHORSE,BOROONDARA,-37.812115,145.07527,2021,2,February,15,Afternoon Peak,Weekday
T20210002842,2021-02-02,08:55:00,1,Collision with vehicle,2,Tuesday,130,REAR END(VEHICLES IN SAME LANE),1,681742,Not at intersection,2,40,Freeway,WESTERN,BRIMBANK,-37.798447,144.7702,2021,2,February,8,Morning Peak,Weekday
T20210002439,2021-02-02,13:00:00,4,Collision with a fixed object,2,Tuesday,173,RIGHT OFF CARRIAGEWAY INTO OBJECT/PARKED VEHICLE,1,57018,Cross intersection,2,60,Local Road,CLARE BRENNAN,BRIMBANK,-37.759075,144.78178,2021,2,February,13,Midday,Weekday
T20210002653,2021-02-02,17:30:00,1,Collision with vehicle,2,Tuesday,135,LANE CHANGE LEFT (NOT OVERTAKING),1,688276,Not at intersection,3,70,Arterial Highway,NEPEAN,FRANKSTON,-38.13275,145.12477,2021,2,February,17,Afternoon Peak,Weekday
T20210002418,2021-02-02,08:15:00,1,Collision with vehicle,2,Tuesday,147,VEHICLE STRIKES ANOTHER VEH WHILE EMERGING FROM DRIVEWAY,1,686605,T intersection,2,60,Local Road,HARKAWAY,CASEY,-38.025723,145.34741,2021,2,February,8,Morning Peak,Weekday
T20210002320,2021-02-02,01:38:00,4,Collision with a fixed object,2,Tuesday,171,LEFT OFF CARRIAGEWAY INTO OBJECT/PARKED VEHICLE,3,683693,Not at intersection,3,60,Arterial Highway,POINT NEPEAN,MORNINGTON PENINSULA,-38.3688,144.85434,2021,2,February,1,Late Night,Weekday
T20210002492,2021-02-02,21:51:00,1,Collision with vehicle,2,Tuesday,110,CROSS TRAFFIC(INTERSECTIONS ONLY),3,29595,Cross intersection,2,60,Local Road,CHAPEL,PORT PHILLIP,-37.865322,144.9909,2021,2,February,21,Night,Weekday
T20210002343,2021-02-02,08:50:00,1,Collision with vehicle,2,Tuesday,130,REAR END(VEHICLES IN SAME LANE),1,675533,Not at intersection,2,80,Arterial Highway,WELLINGTON,MONASH,-37.923916,145.20186,2021,2,February,8,Morning Peak,Weekday
T20210002406,2021-02-03,06:08:00,1,Collision with vehicle,3,Wednesday,121,RIGHT THROUGH,2,12246,Multiple intersection,2,60,Freeway,TOORAK,STONNINGTON,-37.84471,145.03928,2021,2,February,6,Morning Peak,Weekday
T20210002518,2021-02-03,10:45:00,4,Collision with a fixed object,3,Wednesday,181,OFF RIGHT BEND INTO OBJECT/PARKED VEHICLE,1,780788,Not at intersection,3,80,Arterial Other,WILSONS PROMONTORY,SOUTH GIPPSLAND,-39.013977,146.2981,2021,2,February,10,Midday,Weekday
T20210002517,2021-02-03,17:45:00,1,Collision with vehicle,3,Wednesday,130,REAR END(VEHICLES IN SAME LANE),1,681385,Not at intersection,3,50,Arterial Other,BUCKLEY,MARIBYRNONG,-37.803814,144.8961,2021,2,February,17,Afternoon Peak,Weekday
T20210002408,2021-02-03,08:23:00,1,Collision with vehicle,3,Wednesday,130,REAR END(VEHICLES IN SAME LANE),1,773315,Not at intersection,2,80,Arterial Highway,DANDENONG,DANDENONG,-37.924957,145.1438,2021,2,February,8,Morning Peak,Weekday
T20210003411,2021-02-03,15:30:00,1,Collision with vehicle,3,Wednesday,137,LEFT TURN SIDESWIPE,1,676556,Not at intersection,2,60,Local Road,ARDEN,MELBOURNE,-37.80035,144.94429,2021,2,February,15,Afternoon Peak,Weekday
T20210002410,2021-02-03,08:00:00,1,Collision with vehicle,3,Wednesday,130,REAR END(VEHICLES IN SAME LANE),1,678963,Not at intersection,2,80,Arterial Other,COBURG-CRAIGIEBURN,HUME,-37.61348,144.94678,2021,2,February,8,Morning Peak,Weekday
T20210002412,2021-02-03,05:20:00,1,Collision with vehicle,3,Wednesday,130,REAR END(VEHICLES IN SAME LANE),1,729875,Not at intersection,3,60,Arterial Other,CENTRE,KINGSTON,-37.925793,145.09688,2021,2,February,5,Morning Peak,Weekday
T20210002414,2021-02-03,08:45:00,6,Vehicle overturned (no collision),3,Wednesday,174,OUT OF CONTROL ON CARRIAGEWAY (ON STRAIGHT),1,676338,Not at intersection,3,80,Freeway,WEST GATE,HOBSONS BAY,-37.828484,144.89626,2021,2,February,8,Morning Peak,Weekday
T20210014453,2021-02-03,16:30:00,1,Collision with vehicle,3,Wednesday,130,REAR END(VEHICLES IN SAME LANE),9,686816,Not at intersection,3,100,Freeway,MONASH,MONASH,-37.92014,145.17328,2021,2,February,16,Afternoon Peak,Weekday
T20210004672,2021-02-03,16:00:00,1,Collision with vehicle,3,Wednesday,113,RIGHT NEAR (INTERSECTIONS ONLY),1,596,T intersection,3,70,Arterial Highway,DANDENONG,GLEN EIRA,-37.8713,145.03552,2021,2,February,16,Afternoon Peak,Weekday
T20230012631,2021-02-03,20:00:00,3,Struck animal,3,Wednesday,167,STRUCK ANIMAL,5,775434,Not at intersection,3,100,Arterial Other,BALLARAT-MARYBOROUGH,HEPBURN,-37.269833,143.74387,2021,2,February,20,Night,Weekday
T20210002864,2021-02-03,21:05:00,1,Collision with vehicle,3,Wednesday,147,VEHICLE STRIKES ANOTHER VEH WHILE EMERGING FROM DRIVEWAY,3,780786,Not at intersection,3,60,Local Road,TOM ROBERTS,WYNDHAM,-37.89333,144.72777,2021,2,February,21,Night,Weekday
T20210002427,2021-02-03,08:41:00,1,Collision with vehicle,3,Wednesday,130,REAR END(VEHICLES IN SAME LANE),1,675036,Not at intersection,2,100,Freeway,MONASH,CASEY,-37.976376,145.23909,2021,2,February,8,Morning Peak,Weekday
T20210002538,2021-02-03,08:45:00,1,Collision with vehicle,3,Wednesday,130,REAR END(VEHICLES IN SAME LANE),1,679989,Not at intersection,3,100,Freeway,PRINCES,HOBSONS BAY,-37.867905,144.77011,2021,2,February,8,Morning Peak,Weekday
T20210002423,2021-02-03,08:10:00,1,Collision with vehicle,3,Wednesday,130,REAR END(VEHICLES IN SAME LANE),1,729876,Not at intersection,3,80,Arterial Other,BORONIA,KNOX,-37.848713,145.23128,2021,2,February,8,Morning Peak,Weekday
T20210002531,2021-02-03,13:50:00,2,Struck Pedestrian,3,Wednesday,100,PED NEAR SIDE. PED HIT BY VEHICLE FROM THE RIGHT.,1,675813,Not at intersection,2,60,Arterial Other,CRAIGIEBURN,HUME,-37.59886,144.94028,2021,2,February,13,Midday,Weekday
T20210007390,2021-02-03,15:30:00,1,Collision with vehicle,3,Wednesday,148,VEHICLE OFF FOOTPATH STRIKES VEH ON CARRIAGEWAY,1,681964,T intersection,3,60,Arterial Other,BEACH,BAYSIDE,-37.946968,145.00076,2021,2,February,15,Afternoon Peak,Weekday
T20210002443,2021-02-03,15:30:00,2,Struck Pedestrian,3,Wednesday,100,PED NEAR SIDE. PED HIT BY VEHICLE FROM THE RIGHT.,1,729877,Not at intersection,2,60,Arterial Other,PASCOE VALE,MORELAND,-37.719643,144.92058,2021,2,February,15,Afternoon Peak,Weekday
T20210002440,2021-02-03,14:00:00,6,Vehicle overturned (no collision),3,Wednesday,151,OUT OF CONTROL (OVERTAKING),1,676971,Not at intersection,2,100,Arterial Highway,HENTY,HORSHAM,-36.50429,142.34401,2021,2,February,14,Midday,Weekday
T20210003118,2021-02-03,17:24:00,4,Collision with a fixed object,3,Wednesday,171,LEFT OFF CARRIAGEWAY INTO OBJECT/PARKED VEHICLE,1,676936,Not at intersection,3,50,Local Road,CADLES,FRANKSTON,-38.087902,145.18825,2021,2,February,17,Afternoon Peak,Weekday
T20210002450,2021-02-03,09:30:00,1,Collision with vehicle,3,Wednesday,113,RIGHT NEAR (INTERSECTIONS ONLY),1,427,T intersection,3,70,Arterial Other,HEIDELBERG-WARRANDYTE,MANNINGHAM,-37.752407,145.17436,2021,2,February,9,Morning Peak,Weekday
T20210002437,2021-02-03,14:00:00,1,Collision with vehicle,3,Wednesday,120,HEAD ON (NOT OVERTAKING),1,674782,T intersection,3,60,Local Road,JUMPING CREEK,MANNINGHAM,-37.735245,145.26918,2021,2,February,14,Midday,Weekday
T20210002455,2021-02-03,18:00:00,2,Struck Pedestrian,3,Wednesday,100,PED NEAR SIDE. PED HIT BY VEHICLE FROM THE RIGHT.,2,36028,Cross intersection,2,50,Local Road,LYGON,MORELAND,-37.76814,144.9723,2021,2,February,18,Afternoon Peak,Weekday
T20210002460,2021-02-03,17:33:00,1,Collision with vehicle,3,Wednesday,130,REAR END(VEHICLES IN SAME LANE),1,684662,Not at intersection,2,80,Arterial Highway,NEPEAN,KINGSTON,-37.993504,145.0828,2021,2,February,17,Afternoon Peak,Weekday
T20210002436,2021-02-03,11:30:00,4,Collision with a fixed object,3,Wednesday,173,RIGHT OFF CARRIAGEWAY INTO OBJECT/PARKED VEHICLE,1,677955,Not at intersection,2,100,Arterial Other,DAYLESFORD-MALMSBURY,HEPBURN,-37.313934,144.22598,2021,2,February,11,Midday,Weekday
T20210002465,2021-02-03,17:00:00,1,Collision with vehicle,3,Wednesday,134,LANE CHANGE RIGHT (NOT OVERTAKING),1,46814,T intersection,3,70,Arterial Highway,PLENTY,BANYULE,-37.704082,145.05583,2021,2,February,17,Afternoon Peak,Weekday
T20210002466,2021-02-03,19:26:00,2,Struck Pedestrian,3,Wednesday,102,FAR SIDE. PED HIT BY VEHICLE FROM THE LEFT,1,115267,Not at intersection,3,60,Arterial Other,WAVERLEY,MONASH,-37.880993,145.09583,2021,2,February,19,Night,Weekday
T20210002468,2021-02-03,14:50:00,1,Collision with vehicle,3,Wednesday,121,RIGHT THROUGH,1,674589,Cross intersection,3,80,Arterial Highway,SOUTH GIPPSLAND,CASEY,-38.103565,145.2821,2021,2,February,14,Midday,Weekday
T20210002470,2021-02-03,17:33:00,1,Collision with vehicle,3,Wednesday,137,LEFT TURN SIDESWIPE,1,237656,Multiple intersection,3,40,Arterial Other,WADEY,MELBOURNE,-37.826122,144.97108,2021,2,February,17,Afternoon Peak,Weekday
T20210002474,2021-02-03,19:44:00,1,Collision with vehicle,3,Wednesday,110,CROSS TRAFFIC(INTERSECTIONS ONLY),1,45226,Cross intersection,2,50,Arterial Other,HOFFMANS,MOONEE VALLEY,-37.751183,144.89,2021,2,February,19,Night,Weekday
T20210002475,2021-02-03,18:40:00,1,Collision with vehicle,3,Wednesday,110,CROSS TRAFFIC(INTERSECTIONS ONLY),1,246851,Cross intersection,2,80,Arterial Highway,FRANKSTON-DANDENONG,FRANKSTON,-38.08591,145.18315,2021,2,February,18,Afternoon Peak,Weekday
T20210002435,2021-02-03,12:45:00,1,Collision with vehicle,3,Wednesday,113,RIGHT NEAR (INTERSECTIONS ONLY),9,258577,T intersection,2,80,Arterial Highway,GOULBURN VALLEY,SHEPPARTON,-36.303734,145.43103,2021,2,February,12,Midday,Weekday
T20210005519,2021-02-03,17:30:00,1,Collision with vehicle,3,Wednesday,110,CROSS TRAFFIC(INTERSECTIONS ONLY),1,677850,Cross intersection,3,50,Local Road,HENRY,CARDINIA,-38.085148,145.4631,2021,2,February,17,Afternoon Peak,Weekday
T20210002482,2021-02-03,18:50:00,1,Collision with vehicle,3,Wednesday,110,CROSS TRAFFIC(INTERSECTIONS ONLY),1,51032,Cross intersection,2,80,Local Road,CENTRAL,SHEPPARTON,-36.377594,145.46196,2021,2,February,18,Afternoon Peak,Weekday
T20210005534,2021-02-03,13:00:00,1,Collision with vehicle,3,Wednesday,137,LEFT TURN SIDESWIPE,1,678780,T intersection,3,40,Arterial Other,TOORAK,STONNINGTON,-37.838604,144.98866,2021,2,February,13,Midday,Weekday
T20210002432,2021-02-03,08:55:00,1,Collision with vehicle,3,Wednesday,121,RIGHT THROUGH,1,29886,Cross intersection,3,50,Freeway,FORSYTH,WYNDHAM,-37.873013,144.73668,2021,2,February,8,Morning Peak,Weekday
T20210002966,2021-02-03,15:55:00,6,Vehicle overturned (no collision),3,Wednesday,184,OUT OF CONTROL ON CARRIAGEWAY (ON BEND),1,675815,T intersection,2,50,Local Road,HEDWIG,YARRA RANGES,-37.76894,145.3089,2021,2,February,15,Afternoon Peak,Weekday
T20210002602,2021-02-03,16:00:00,1,Collision with vehicle,3,Wednesday,134,LANE CHANGE RIGHT (NOT OVERTAKING),1,729880,Not at intersection,3,80,Arterial Other,DONNYBROOK,HUME,-37.53684,144.91573,2021,2,February,16,Afternoon Peak,Weekday
T20210002830,2021-02-03,08:11:00,1,Collision with vehicle,3,Wednesday,130,REAR END(VEHICLES IN SAME LANE),1,676935,T intersection,2,80,Arterial Other,PASCOE VALE,HUME,-37.65188,144.93057,2021,2,February,8,Morning Peak,Weekday
T20210002710,2021-02-03,06:10:00,1,Collision with vehicle,3,Wednesday,113,RIGHT NEAR (INTERSECTIONS ONLY),2,229117,Multiple intersection,3,50,Arterial Other,SHAKESPEARE,LATROBE,-38.200306,146.53343,2021,2,February,6,Morning Peak,Weekday
T20210002545,2021-02-03,19:30:00,1,Collision with vehicle,3,Wednesday,130,REAR END(VEHICLES IN SAME LANE),1,863,Cross intersection,3,60,Arterial Highway,BELL,MORELAND,-37.741314,144.9666,2021,2,February,19,Night,Weekday
T20210002853,2021-02-03,13:45:00,1,Collision with vehicle,3,Wednesday,120,HEAD ON (NOT OVERTAKING),1,677992,Not at intersection,3,50,Local Road,DAVID,DANDENONG,-37.97668,145.21358,2021,2,February,13,Midday,Weekday