ACCIDENT_NO,ACCIDENT_DATE,ACCIDENT_TIME,ACCIDENT_TYPE,ACCIDENT_TYPE_DESC,DAY_OF_WEEK,DAY_WEEK_DESC,DCA_CODE,DCA_DESC,LIGHT_CONDITION,NODE_ID,ROAD_GEOMETRY_DESC,SEVERITY,SPEED_ZONE,RMA,ROAD_NAME,LGA_NAME,LATITUDE,LONGITUDE,YEAR,MONTH,MONTH_NAME,HOUR,TIME_PERIOD,DAY_TYPE
T20210002505,2021-02-03,08:30:00,5,collision with some other object,3,Wednesday,166,STRUCK OBJECT ON CARRIAGEWAY,1,675812,Not at intersection,2,50,Local Road,SHORTS,MORELAND,-37.72358,144.95872,2021,2,February,8,Morning Peak,Weekday
T20210002859,2021-02-03,06:00:00,1,Collision with vehicle,3,Wednesday,140,U TURN,9,677410,T intersection,3,70,Arterial Highway,SCOTT,GLEN EIRA,-37.902805,145.0303,2021,2,February,6,Morning Peak,Weekday
T20210002508,2021-02-03,17:30:00,1,Collision with vehicle,3,Wednesday,132,RIGHT REAR.,1,685290,Not at intersection,3,60,Freeway,WESTERN RING OUT-WESTERN,BRIMBANK,-37.770657,144.79419,2021,2,February,17,Afternoon Peak,Weekday
T20210005889,2021-02-03,14:20:00,1,Collision with vehicle,3,Wednesday,111,RIGHT FAR (INTERSECTIONS ONLY),1,43610,T intersection,3,80,Arterial Other,BELGRAVE-HALLAM,CASEY,-37.967842,145.317,2021,2,February,14,Midday,Weekday
T20210005898,2021-02-03,11:15:00,1,Collision with vehicle,3,Wednesday,130,REAR END(VEHICLES IN SAME LANE),1,246507,Not at intersection,3,40,Local Road,COLLINS,MELBOURNE,-37.81363,144.97289,2021,2,February,11,Midday,Weekday
T20210002429,2021-02-03,13:42:00,1,Collision with vehicle,3,Wednesday,130,REAR END(VEHICLES IN SAME LANE),1,674587,Not at intersection,2,60,Local Road,EASTFIELD,MAROONDAH,-37.812366,145.27962,2021,2,February,13,Midday,Weekday
T20210003123,2021-02-03,15:30:00,1,Collision with vehicle,3,Wednesday,130,REAR END(VEHICLES IN SAME LANE),1,686416,T intersection,3,50,Arterial Highway,POINT NEPEAN,MORNINGTON PENINSULA,-38.35575,144.90373,2021,2,February,15,Afternoon Peak,Weekday
T20210002401,2021-02-03,00:55:00,1,Collision with vehicle,3,Wednesday,113,RIGHT NEAR (INTERSECTIONS ONLY),3,42986,T intersection,3,60,Arterial Other,HEATHERTON,DANDENONG,-37.968037,145.19818,2021,2,February,0,Late Night,Weekday
T20210002519,2021-02-04,10:25:00,1,Collision with vehicle,4,Thursday,110,CROSS TRAFFIC(INTERSECTIONS ONLY),1,43447,Cross intersection,3,50,Local Road,HIGH,FRANKSTON,-38.148556,145.12068,2021,2,February,10,Midday,Weekday
T20210002539,2021-02-04,15:40:00,2,Struck Pedestrian,4,Thursday,100,PED NEAR SIDE. PED HIT BY VEHICLE FROM THE RIGHT.,1,674945,Cross intersection,3,60,Arterial Other,EDITHVALE,KINGSTON,-38.038525,145.10913,2021,2,February,15,Afternoon Peak,Weekday
T20210003210,2021-02-04,10:28:00,1,Collision with vehicle,4,Thursday,116,LEFT NEAR (INTERSECTIONS ONLY),1,677029,T intersection,3,50,Local Road,TINDALE,WYNDHAM,-37.921986,144.63055,2021,2,February,10,Midday,Weekday
T20210016897,2021-02-04,15:41:00,1,Collision with vehicle,4,Thursday,147,VEHICLE STRIKES ANOTHER VEH WHILE EMERGING FROM DRIVEWAY,1,730817,T intersection,3,80,Arterial Other,FERNTREE GULLY ROAD SERVICE,KNOX,-37.883358,145.27422,2021,2,February,15,Afternoon Peak,Weekday
T20210003773,2021-02-04,21:00:00,6,Vehicle overturned (no collision),4,Thursday,172,OFF CARRIAGEWAY TO RIGHT,5,676135,Not at intersection,3,100,Arterial Other,LISMORE-SKIPTON,CORANGAMITE,-37.95582,143.31607,2021,2,February,21,Night,Weekday
T20210002586,2021-02-04,15:10:00,4,Collision with a fixed object,4,Thursday,173,RIGHT OFF CARRIAGEWAY INTO OBJECT/PARKED VEHICLE,1,677547,Not at intersection,2,60,Arterial Highway,ANZAC,WODONGA,-36.138687,146.91202,2021,2,February,15,Afternoon Peak,Weekday
T20210002570,2021-02-04,19:30:00,6,Vehicle overturned (no collision),4,Thursday,172,OFF CARRIAGEWAY TO RIGHT,1,681173,Not at intersection,3,60,Local Road,DREWS,GEELONG,-38.20303,144.35631,2021,2,February,19,Night,Weekday
T20210002569,2021-02-04,20:39:00,4,Collision with a fixed object,4,Thursday,173,RIGHT OFF CARRIAGEWAY INTO OBJECT/PARKED VEHICLE,3,680857,Not at intersection,2,70,Arterial Highway,BELLARINE,GEELONG,-38.158756,144.37523,2021,2,February,20,Night,Weekday
T20210002684,2021-02-04,08:20:00,1,Collision with vehicle,4,Thursday,132,RIGHT REAR.,1,675356,T intersection,3,70,Arterial Other,DONNYBROOK,HUME,-37.5409,144.95004,2021,2,February,8,Morning Peak,Weekday
T20210002542,2021-02-04,16:00:00,1,Collision with vehicle,4,Thursday,130,REAR END(VEHICLES IN SAME LANE),1,675255,Not at intersection,2,70,Arterial Other,BALLARTO,FRANKSTON,-38.11417,145.1695,2021,2,February,16,Afternoon Peak,Weekday
T20210004689,2021-02-04,16:00:00,1,Collision with vehicle,4,Thursday,130,REAR END(VEHICLES IN SAME LANE),1,733,T intersection,3,60,Arterial Highway,BELL,MORELAND,-37.73818,144.93727,2021,2,February,16,Afternoon Peak,Weekday
T20210002543,2021-02-04,15:00:00,1,Collision with vehicle,4,Thursday,130,REAR END(VEHICLES IN SAME LANE),1,687389,Not at intersection,3,80,Arterial Highway,DANDENONG,DANDENONG,-38.003105,145.20738,2021,2,February,15,Afternoon Peak,Weekday
T20210007387,2021-02-04,11:30:00,1,Collision with vehicle,4,Thursday,120,HEAD ON (NOT OVERTAKING),1,682447,Not at intersection,3,60,Arterial Other,GISBORNE-MELTON,MELTON,-37.672302,144.59837,2021,2,February,11,Midday,Weekday
T20210002544,2021-02-04,16:00:00,1,Collision with vehicle,4,Thursday,149,OTHER MANOEUVRING NOT INCLUDED IN DCAs 140-148,1,674689,Not at intersection,3,80,Arterial Other,DIAMOND CREEK,NILLUMBIK,-37.678024,145.12523,2021,2,February,16,Afternoon Peak,Weekday
T20210002556,2021-02-04,19:45:00,1,Collision with vehicle,4,Thursday,148,VEHICLE OFF FOOTPATH STRIKES VEH ON CARRIAGEWAY,2,674785,T intersection,2,50,Local Road,BERRABRI,KNOX,-37.89124,145.22224,2021,2,February,19,Night,Weekday
T20210005147,2021-02-04,08:00:00,1,Collision with vehicle,4,Thursday,130,REAR END(VEHICLES IN SAME LANE),1,684459,Not at intersection,3,100,Arterial Highway,SOUTH GIPPSLAND,WELLINGTON,-38.13271,147.07481,2021,2,February,8,Morning Peak,Weekday
T20210003215,2021-02-04,17:55:00,1,Collision with vehicle,4,Thursday,130,REAR END(VEHICLES IN SAME LANE),1,299595,Not at intersection,2,60,Arterial Other,SCORESBY,KNOX,-37.87225,145.25978,2021,2,February,17,Afternoon Peak,Weekday
T20210004837,2021-02-04,17:30:00,1,Collision with vehicle,4,Thursday,130,REAR END(VEHICLES IN SAME LANE),2,677722,Not at intersection,3,70,Arterial Other,BROADMEADOWS,HUME,-37.680878,144.89145,2021,2,February,17,Afternoon Peak,Weekday
T20210002605,2021-02-04,17:30:00,2,Struck Pedestrian,4,Thursday,100,PED NEAR SIDE. PED HIT BY VEHICLE FROM THE RIGHT.,1,55529,T intersection,3,50,Arterial Other,LITTLE YARRA,YARRA RANGES,-37.782326,145.61435,2021,2,February,17,Afternoon Peak,Weekday
T20210002565,2021-02-04,16:00:00,1,Collision with vehicle,4,Thursday,130,REAR END(VEHICLES IN SAME LANE),1,676231,Not at intersection,3,100,Freeway,CALDER,BRIMBANK,-37.72505,144.84715,2021,2,February,16,Afternoon Peak,Weekday
T20210002585,2021-02-04,08:00:00,1,Collision with vehicle,4,Thursday,113,RIGHT NEAR (INTERSECTIONS ONLY),1,677834,T intersection,3,60,Local Road,FLICKA,CASEY,-38.104725,145.24973,2021,2,February,8,Morning Peak,Weekday
T20210002654,2021-02-04,11:10:00,1,Collision with vehicle,4,Thursday,130,REAR END(VEHICLES IN SAME LANE),1,242388,Not at intersection,3,80,Arterial Highway,BELLARINE,GEELONG,-38.179783,144.42558,2021,2,February,11,Midday,Weekday
T20210002618,2021-02-04,20:00:00,1,Collision with vehicle,4,Thursday,160,VEHICLE COLLIDES WITH VEHICLE PARKED ON LEFT OF ROAD,1,683530,Not at intersection,3,60,Arterial Other,ORRONG,STONNINGTON,-37.854824,145.01147,2021,2,February,20,Night,Weekday
T20210006221,2021-02-04,10:20:00,1,Collision with vehicle,4,Thursday,130,REAR END(VEHICLES IN SAME LANE),1,678506,Not at intersection,3,70,Arterial Other,CENTRE DANDENONG,KINGSTON,-37.969288,145.08731,2021,2,February,10,Midday,Weekday
T20210002567,2021-02-04,20:35:00,4,Collision with a fixed object,4,Thursday,173,RIGHT OFF CARRIAGEWAY INTO OBJECT/PARKED VEHICLE,2,677285,Not at intersection,3,80,Local Road,BOUNDARY,WYNDHAM,-37.802063,144.6693,2021,2,February,20,Night,Weekday
T20210002500,2021-02-04,05:45:00,1,Collision with vehicle,4,Thursday,113,RIGHT NEAR (INTERSECTIONS ONLY),2,50347,T intersection,2,100,Arterial Highway,SOUTH GIPPSLAND,SOUTH GIPPSLAND,-38.343082,145.645,2021,2,February,5,Morning Peak,Weekday
T20210002501,2021-02-04,05:47:00,1,Collision with vehicle,4,Thursday,135,LANE CHANGE LEFT (NOT OVERTAKING),1,676444,T intersection,3,60,Arterial Highway,PRINCES HIGHWAY -LONSDALE,DANDENONG,-38.000694,145.22725,2021,2,February,5,Morning Peak,Weekday
T20210002504,2021-02-04,08:45:00,1,Collision with vehicle,4,Thursday,147,VEHICLE STRIKES ANOTHER VEH WHILE EMERGING FROM DRIVEWAY,1,675088,Not at intersection,2,40,Arterial Highway,NAPIER,BENDIGO,-36.731323,144.30498,2021,2,February,8,Morning Peak,Weekday
T20210002506,2021-02-04,08:00:00,1,Collision with vehicle,4,Thursday,120,HEAD ON (NOT OVERTAKING),1,674642,Not at intersection,1,90,Arterial Other,KOO WEE RUP,CARDINIA,-38.138092,145.48857,2021,2,February,8,Morning Peak,Weekday
T20210003935,2021-02-04,12:45:00,1,Collision with vehicle,4,Thursday,133,LANE SIDE SWIPE (VEHICLES IN PARALLEL LANES),1,10805,T intersection,2,80,Freeway,MILLERS-WEST GATE IN,HOBSONS BAY,-37.824364,144.84874,2021,2,February,12,Midday,Weekday
T20210004226,2021-02-04,10:50:00,1,Collision with vehicle,4,Thursday,130,REAR END(VEHICLES IN SAME LANE),1,687030,Not at intersection,3,60,Local Road,STATION,STONNINGTON,-37.86532,145.0287,2021,2,February,10,Midday,Weekday
T20210002558,2021-02-04,17:50:00,1,Collision with vehicle,4,Thursday,130,REAR END(VEHICLES IN SAME LANE),1,680569,Cross intersection,2,60,Arterial Other,SLADEN,CASEY,-38.112568,145.27959,2021,2,February,17,Afternoon Peak,Weekday
T20210003174,2021-02-04,08:15:00,1,Collision with vehicle,4,Thursday,159,OTHER OVERTAKING MANOEUVRES NOT INCLUDED IN DCAs 150-154,1,690242,Not at intersection,3,100,Arterial Other,COBDEN-PORT CAMPBELL,CORANGAMITE,-38.453358,143.044,2021,2,February,8,Morning Peak,Weekday
T20210002554,2021-02-04,19:00:00,4,Collision with a fixed object,4,Thursday,171,LEFT OFF CARRIAGEWAY INTO OBJECT/PARKED VEHICLE,1,281695,Multiple intersection,3,60,Freeway,GISBORNE,MOORABOOL,-37.663166,144.43968,2021,2,February,19,Night,Weekday
T20210002551,2021-02-04,17:31:00,1,Collision with vehicle,4,Thursday,137,LEFT TURN SIDESWIPE,1,675355,T intersection,2,70,Arterial Other,COOPER,WHITTLESEA,-37.65029,145.00885,2021,2,February,17,Afternoon Peak,Weekday
T20210002548,2021-02-04,17:20:00,2,Struck Pedestrian,4,Thursday,102,FAR SIDE. PED HIT BY VEHICLE FROM THE LEFT,1,675038,Not at intersection,3,60,Arterial Highway,MCIVOR,BENDIGO,-36.757965,144.28874,2021,2,February,17,Afternoon Peak,Weekday
T20210002781,2021-02-04,08:45:00,1,Collision with vehicle,4,Thursday,140,U TURN,1,675044,Not at intersection,3,60,Local Road,TAYLOR,BENDIGO,-36.71638,144.31541,2021,2,February,8,Morning Peak,Weekday
T20210002546,2021-02-04,16:28:00,4,Collision with a fixed object,4,Thursday,171,LEFT OFF CARRIAGEWAY INTO OBJECT/PARKED VEHICLE,1,677106,Not at intersection,3,60,Local Road,GLENROY,MORELAND,-37.707043,144.93484,2021,2,February,16,Afternoon Peak,Weekday
T20210002559,2021-02-04,17:45:00,1,Collision with vehicle,4,Thursday,134,LANE CHANGE RIGHT (NOT OVERTAKING),1,683623,Not at intersection,3,60,Arterial Other,MCINTYRE,BRIMBANK,-37.767426,144.83052,2021,2,February,17,Afternoon Peak,Weekday
T20210002723,2021-02-04,10:20:00,1,Collision with vehicle,4,Thursday,130,REAR END(VEHICLES IN SAME LANE),1,674948,Not at intersection,3,80,Arterial Highway,WELLINGTON,MONASH,-37.91953,145.16539,2021,2,February,10,Midday,Weekday
T20210002534,2021-02-04,13:45:00,1,Collision with vehicle,4,Thursday,120,HEAD ON (NOT OVERTAKING),1,677616,Not at intersection,2,80,Local Road,BUNGOWER,MORNINGTON PENINSULA,-38.228302,145.08415,2021,2,February,13,Midday,Weekday
T20210002537,2021-02-04,14:06:00,1,Collision with vehicle,4,Thursday,139,OTHER SAME DIRECTION-MANOUEVRES NOT INCLUDED IN DCAs 130-137,1,687726,T intersection,2,60,Arterial Other,HEATHS,WYNDHAM,-37.877197,144.67894,2021,2,February,14,Midday,Weekday
T20210003213,2021-02-05,14:20:00,1,Collision with vehicle,5,Friday,130,REAR END(VEHICLES IN SAME LANE),1,40113,Cross intersection,3,40,Local Road,DICKENS,PORT PHILLIP,-37.873177,144.98244,2021,2,February,14,Midday,Weekday
T20210002886,2021-02-05,22:30:00,6,Vehicle overturned (no collision),5,Friday,174,OUT OF CONTROL ON CARRIAGEWAY (ON STRAIGHT),6,677109,T intersection,3,50,Local Road,SUNLIT,BAYSIDE,-37.943195,145.03297,2021,2,February,22,Night,Weekday
T20210002846,2021-02-05,21:45:00,1,Collision with vehicle,5,Friday,116,LEFT NEAR (INTERSECTIONS ONLY),3,71728,Cross intersection,3,50,Local Road,BUNA,FRANKSTON,-38.123703,145.12935,2021,2,February,21,Night,Weekday
T20210002576,2021-02-05,01:45:00,4,Collision with a fixed object,5,Friday,183,OFF LEFT BEND INTO OBJECT/PARKED VEHICLE,3,686431,Not at intersection,2,60,Arterial Other,ALEXANDRA,STONNINGTON,-37.833954,145.00905,2021,2,February,1,Late Night,Weekday
T20210002574,2021-02-05,00:50:00,4,Collision with a fixed object,5,Friday,171,LEFT OFF CARRIAGEWAY INTO OBJECT/PARKED VEHICLE,3,323509,Not at intersection,3,60,Arterial Highway,FIFTEENTH STREET SERVICE,MILDURA,-34.231087,142.1655,2021,2,February,0,Late Night,Weekday
T20210002738,2021-02-05,14:20:00,1,Collision with vehicle,5,Friday,113,RIGHT NEAR (INTERSECTIONS ONLY),1,48641,T intersection,3,60,Arterial Other,GLENFERRIE,BOROONDARA,-37.83231,145.03357,2021,2,February,14,Midday,Weekday
T20210002608,2021-02-05,10:50:00,4,Collision with a fixed object,5,Friday,183,OFF LEFT BEND INTO OBJECT/PARKED VEHICLE,1,677108,Not at intersection,3,60,Local Road,BUTTERMANS,NILLUMBIK,-37.606842,145.31007,2021,2,February,10,Midday,Weekday
T20210011692,2021-02-05,17:35:00,6,Vehicle overturned (no collision),5,Friday,170,OFF CARRIAGEWAY TO LEFT,2,684280,Not at intersection,3,80,Local Road,COOMBS,WHITTLESEA,-37.512695,145.19879,2021,2,February,17,Afternoon Peak,Weekday
T20210002588,2021-02-05,06:25:00,4,Collision with a fixed object,5,Friday,171,LEFT OFF CARRIAGEWAY INTO OBJECT/PARKED VEHICLE,1,692580,Not at intersection,3,60,Local Road,SWALES,YARRA RANGES,-37.858578,145.45941,2021,2,February,6,Morning Peak,Weekday
T20210002615,2021-02-05,12:25:00,1,Collision with vehicle,5,Friday,121,RIGHT THROUGH,1,37933,T intersection,3,40,Local Road,BENJAMIN,DAREBIN,-37.75323,145.0015,2021,2,February,12,Midday,Weekday
T20210002613,2021-02-05,08:50:00,1,Collision with vehicle,5,Friday,121,RIGHT THROUGH,1,221562,T intersection,2,80,Arterial Other,PRINCES,CARDINIA,-38.05924,145.40515,2021,2,February,8,Morning Peak,Weekday
T20210002649,2021-02-05,15:31:00,4,Collision with a fixed object,5,Friday,175,OFF END OF ROAD/T-INTERSECTION.,1,674946,T intersection,2,50,Local Road,SPENCER,DAREBIN,-37.76228,144.9969,2021,2,February,15,Afternoon Peak,Weekday
T20210003053,2021-02-05,18:30:00,1,Collision with vehicle,5,Friday,147,VEHICLE STRIKES ANOTHER VEH WHILE EMERGING FROM DRIVEWAY,2,679687,Not at intersection,3,70,Arterial Other,DALTON,WHITTLESEA,-37.684853,145.02908,2021,2,February,18,Afternoon Peak,Weekday
T20210004076,2021-02-05,14:15:00,1,Collision with vehicle,5,Friday,130,REAR END(VEHICLES IN SAME LANE),1,676563,Not at intersection,3,80,Arterial Highway,NEPEAN,GLEN EIRA,-37.932697,145.03427,2021,2,February,14,Midday,Weekday
T20210003316,2021-02-05,10:00:00,1,Collision with vehicle,5,Friday,134,LANE CHANGE RIGHT (NOT OVERTAKING),1,598504,Not at intersection,3,80,Arterial Highway,NEPEAN,MORNINGTON PENINSULA,-38.220543,145.05663,2021,2,February,10,Midday,Weekday
T20210002600,2021-02-05,09:50:00,4,Collision with a fixed object,5,Friday,151,OUT OF CONTROL (OVERTAKING),1,677107,Not at intersection,3,100,Freeway,HUME OUT-NORTHERN,MITCHELL,-37.44501,144.97928,2021,2,February,9,Morning Peak,Weekday
T20210002597,2021-02-05,09:12:00,1,Collision with vehicle,5,Friday,110,CROSS TRAFFIC(INTERSECTIONS ONLY),1,352248,Cross intersection,3,80,Arterial Other,THOMPSONS,CASEY,-38.078243,145.24406,2021,2,February,9,Morning Peak,Weekday
T20210002595,2021-02-05,09:00:00,1,Collision with vehicle,5,Friday,130,REAR END(VEHICLES IN SAME LANE),1,43876,T intersection,3,80,Arterial Other,EVANS,CASEY,-38.10937,145.2524,2021,2,February,9,Morning Peak,Weekday
T20210002614,2021-02-05,12:40:00,1,Collision with vehicle,5,Friday,116,LEFT NEAR (INTERSECTIONS ONLY),1,40938,T intersection,2,60,Arterial Other,MOUNTAIN,KNOX,-37.84184,145.26135,2021,2,February,12,Midday,Weekday
T20210004888,2021-02-05,15:00:00,1,Collision with vehicle,5,Friday,130,REAR END(VEHICLES IN SAME LANE),9,29926,Cross intersection,3,60,Arterial Other,DRUMMOND,BALLARAT,-37.562965,143.84705,2021,2,February,15,Afternoon Peak,Weekday
T20210002616,2021-02-05,08:15:00,1,Collision with vehicle,5,Friday,110,CROSS TRAFFIC(INTERSECTIONS ONLY),1,62202,Cross intersection,3,50,Local Road,ALBERT,MELTON,-37.70803,144.56374,2021,2,February,8,Morning Peak,Weekday
T20210002656,2021-02-05,17:30:00,4,Collision with a fixed object,5,Friday,181,OFF RIGHT BEND INTO OBJECT/PARKED VEHICLE,1,693727,Not at intersection,2,100,Arterial Other,LOCKHARTS GAP,TOWONG,-36.35432,147.18709,2021,2,February,17,Afternoon Peak,Weekday
T20210002799,2021-02-05,16:44:00,1,Collision with vehicle,5,Friday,121,RIGHT THROUGH,1,683994,Not at intersection,3,60,Arterial Highway,TOORAK,BOROONDARA,-37.84578,145.05464,2021,2,February,16,Afternoon Peak,Weekday
T20210002658,2021-02-05,18:50:00,1,Collision with vehicle,5,Friday,133,LANE SIDE SWIPE (VEHICLES IN PARALLEL LANES),9,677030,Not at intersection,3,40,Arterial Other,SYDNEY,MORELAND,-37.763817,144.96268,2021,2,February,18,Afternoon Peak,Weekday
T20210002628,2021-02-05,14:45:00,4,Collision with a fixed object,5,Friday,173,RIGHT OFF CARRIAGEWAY INTO OBJECT/PARKED VEHICLE,1,36254,T intersection,2,80,Arterial Other,WELLINGTON,KNOX,-37.92765,145.24062,2021,2,February,14,Midday,Weekday
T20210002629,2021-02-05,09:00:00,1,Collision with vehicle,5,Friday,110,CROSS TRAFFIC(INTERSECTIONS ONLY),1,52917,Cross intersection,3,50,Arterial Other,DRUMMOND,BALLARAT,-37.567112,143.84628,2021,2,February,9,Morning Peak,Weekday
T20210002630,2021-02-05,14:15:00,1,Collision with vehicle,5,Friday,135,LANE CHANGE LEFT (NOT OVERTAKING),1,674790,Not at intersection,3,80,Arterial Other,THOMPSONS,CASEY,-38.083134,145.28204,2021,2,February,14,Midday,Weekday
T20210002632,2021-02-05,14:30:00,1,Collision with vehicle,5,Friday,121,RIGHT THROUGH,1,352523,T intersection,3,50,Local Road,HORTON,CASEY,-38.042202,145.2594,2021,2,February,14,Midday,Weekday
T20210002634,2021-02-05,11:35:00,1,Collision with vehicle,5,Friday,120,HEAD ON (NOT OVERTAKING),1,729881,Cross intersection,2,50,Local Road,PARK,PORT PHILLIP,-37.85957,144.97307,2021,2,February,11,Midday,Weekday
T20210002635,2021-02-05,14:15:00,6,Vehicle overturned (no collision),5,Friday,170,OFF CARRIAGEWAY TO LEFT,1,700137,Not at intersection,2,50,Local Road,SOUTHWELL,LATROBE,-38.179283,146.28912,2021,2,February,14,Midday,Weekday
T20210007874,2021-02-05,15:10:00,1,Collision with vehicle,5,Friday,147,VEHICLE STRIKES ANOTHER VEH WHILE EMERGING FROM DRIVEWAY,9,680439,Not at intersection,3,60,Arterial Other,BLUFF,BAYSIDE,-37.955887,145.02025,2021,2,February,15,Afternoon Peak,Weekday
T20210002643,2021-02-05,17:05:00,1,Collision with vehicle,5,Friday,134,LANE CHANGE RIGHT (NOT OVERTAKING),1,674871,Not at intersection,2,40,Local Road,ST EDMONDS,STONNINGTON,-37.850487,144.99176,2021,2,February,17,Afternoon Peak,Weekday
T20210002647,2021-02-05,17:38:00,1,Collision with vehicle,5,Friday,130,REAR END(VEHICLES IN SAME LANE),1,675942,Not at intersection,3,50,Arterial Highway,STUD,DANDENONG,-37.985207,145.22081,2021,2,February,17,Afternoon Peak,Weekday
T20210002620,2021-02-05,13:20:00,1,Collision with vehicle,5,Friday,130,REAR END(VEHICLES IN SAME LANE),1,677500,Not at intersection,3,50,Arterial Highway,MAIN,YARRA RANGES,-37.757427,145.35641,2021,2,February,13,Midday,Weekday
T20210003388,2021-02-05,08:30:00,1,Collision with vehicle,5,Friday,140,U TURN,1,60815,Cross intersection,2,60,Local Road,HUMFFRAY,BALLARAT,-37.558067,143.87164,2021,2,February,8,Morning Peak,Weekday
T20210002907,2021-02-05,14:20:00,1,Collision with vehicle,5,Friday,110,CROSS TRAFFIC(INTERSECTIONS ONLY),1,71024,Cross intersection,2,60,Local Road,STATION LAKE,GEELONG,-38.023952,144.40672,2021,2,February,14,Midday,Weekday
T20210002623,2021-02-05,13:00:00,8,No collision and no object struck,5,Friday,182,OFF CARRIAGEWAY ON LEFT BEND,1,678544,Not at intersection,3,100,Arterial Other,MEENIYAN-PROMONTORY,SOUTH GIPPSLAND,-38.784073,146.16664,2021,2,February,13,Midday,Weekday
T20210002870,2021-02-05,17:49:00,1,Collision with vehicle,5,Friday,140,U TURN,1,317896,T intersection,3,60,Arterial Other,LORIMER,MELBOURNE,-37.82515,144.94519,2021,2,February,17,Afternoon Peak,Weekday
T20210002659,2021-02-05,19:00:00,8,No collision and no object struck,5,Friday,174,OUT OF CONTROL ON CARRIAGEWAY (ON STRAIGHT),1,675154,T intersection,3,50,Local Road,LEICHHARDT,MELTON,-37.735435,144.75554,2021,2,February,19,Night,Weekday
T20210002662,2021-02-05,16:30:00,1,Collision with vehicle,5,Friday,133,LANE SIDE SWIPE (VEHICLES IN PARALLEL LANES),1,44715,Cross intersection,3,50,Arterial Highway,HIGH,BENDIGO,-36.71865,144.2537,2021,2,February,16,Afternoon Peak,Weekday
T20210002673,2021-02-05,15:22:00,1,Collision with vehicle,5,Friday,130,REAR END(VEHICLES IN SAME LANE),1,675256,Not at intersection,3,100,Freeway,MONASH,CASEY,-37.978817,145.24194,2021,2,February,15,Afternoon Peak,Weekday
T20210002703,2021-02-05,10:30:00,1,Collision with vehicle,5,Friday,163,VEHICLE STRIKES DOOR OF PARKED/STATIONARY VEHICLE,9,680121,Not at intersection,3,50,Local Road,DAGONET,MOONEE VALLEY,-37.7272,144.91403,2021,2,February,10,Midday,Weekday
T20210002704,2021-02-05,16:00:00,1,Collision with vehicle,5,Friday,113,RIGHT NEAR (INTERSECTIONS ONLY),1,39308,T intersection,3,70,Arterial Other,TAYLORS,BRIMBANK,-37.727917,144.79741,2021,2,February,16,Afternoon Peak,Weekday
T20210002676,2021-02-05,16:23:00,1,Collision with vehicle,5,Friday,110,CROSS TRAFFIC(INTERSECTIONS ONLY),1,45074,Cross intersection,2,50,Local Road,EASTCOTE,BRIMBANK,-37.773952,144.83527,2021,2,February,16,Afternoon Peak,Weekday
T20210002594,2021-02-05,09:12:00,6,Vehicle overturned (no collision),5,Friday,182,OFF CARRIAGEWAY ON LEFT BEND,1,674788,Not at intersection,2,60,Local Road,WATSON,WODONGA,-36.118145,146.88152,2021,2,February,9,Morning Peak,Weekday
T20210002679,2021-02-05,22:55:00,1,Collision with vehicle,5,Friday,121,RIGHT THROUGH,3,32079,Cross intersection,3,80,Arterial Highway,SPRINGVALE,WHITEHORSE,-37.85496,145.16924,2021,2,February,22,Night,Weekday
T20210002683,2021-02-05,23:05:00,6,Vehicle overturned (no collision),5,Friday,170,OFF CARRIAGEWAY TO LEFT,5,683479,Not at intersection,2,100,Arterial Other,GIRGARRE-RUSHWORTH,CAMPASPE,-36.521732,144.98624,2021,2,February,23,Night,Weekday
T20210002685,2021-02-05,23:50:00,1,Collision with vehicle,5,Friday,175,OFF END OF ROAD/T-INTERSECTION.,3,64269,T intersection,2,50,Local Road,CHARLES,DAREBIN,-37.77688,144.99263,2021,2,February,23,Night,Weekday
T20210016247,2021-02-05,17:15:00,1,Collision with vehicle,5,Friday,130,REAR END(VEHICLES IN SAME LANE),1,730795,Not at intersection,3,60,Arterial Other,BARRY,HUME,-37.66645,144.94678,2021,2,February,17,Afternoon Peak,Weekday
T20210002592,2021-02-05,06:40:00,1,Collision with vehicle,5,Friday,113,RIGHT NEAR (INTERSECTIONS ONLY),1,68094,T intersection,2,50,Arterial Other,HOTHAM,GLEN EIRA,-37.87449,144.99847,2021,2,February,6,Morning Peak,Weekday
T20210002713,2021-02-06,12:13:00,1,Collision with vehicle,6,Saturday,130,REAR END(VEHICLES IN SAME LANE),1,678775,Not at intersection,2,80,Arterial Highway,MAROONDAH,YARRA RANGES,-37.767376,145.30063,2021,2,February,12,Midday,Weekend
T20210002696,2021-02-06,07:55:00,1,Collision with vehicle,6,Saturday,111,RIGHT FAR (INTERSECTIONS ONLY),1,52021,T intersection,3,100,Arterial Other,MAFFRA-SALE,WELLINGTON,-38.0271,147.01335,2021,2,February,7,Morning Peak,Weekend
T20210002725,2021-02-06,15:03:00,1,Collision with vehicle,6,Saturday,130,REAR END(VEHICLES IN SAME LANE),1,729577,Not at intersection,2,80,Arterial Highway,PRINCES,BAW BAW,-38.207848,146.11392,2021,2,February,15,Afternoon Peak,Weekend