ACCIDENT_NO,ACCIDENT_DATE,ACCIDENT_TIME,ACCIDENT_TYPE,ACCIDENT_TYPE_DESC,DAY_OF_WEEK,DAY_WEEK_DESC,DCA_CODE,DCA_DESC,LIGHT_CONDITION,NODE_ID,ROAD_GEOMETRY_DESC,SEVERITY,SPEED_ZONE,RMA,ROAD_NAME,LGA_NAME,LATITUDE,LONGITUDE,YEAR,MONTH,MONTH_NAME,HOUR,TIME_PERIOD,DAY_TYPE
T20210002688,2021-02-06,03:45:00,1,Collision with vehicle,6,Saturday,130,REAR END(VEHICLES IN SAME LANE),9,675155,Not at intersection,3,60,Arterial Highway,PRINCES HIGHWAY,PORT PHILLIP,-37.836163,144.97311,2021,2,February,3,Late Night,Weekend
T20210002716,2021-02-06,12:10:00,2,Struck Pedestrian,6,Saturday,100,PED NEAR SIDE. PED HIT BY VEHICLE FROM THE RIGHT.,1,56573,T intersection,2,40,Local Road,ARTHURTON,DAREBIN,-37.768883,144.99518,2021,2,February,12,Midday,Weekend
T20210002726,2021-02-06,14:35:00,1,Collision with vehicle,6,Saturday,130,REAR END(VEHICLES IN SAME LANE),1,675040,Not at intersection,3,80,Arterial Other,CLYDE,CASEY,-38.050026,145.34036,2021,2,February,14,Midday,Weekend
T20210003162,2021-02-06,18:30:00,1,Collision with vehicle,6,Saturday,163,VEHICLE STRIKES DOOR OF PARKED/STATIONARY VEHICLE,2,779891,Not at intersection,3,50,Local Road,VANBERG,MOONEE VALLEY,-37.754177,144.93236,2021,2,February,18,Afternoon Peak,Weekend
T20210003160,2021-02-06,15:45:00,8,No collision and no object struck,6,Saturday,180,OFF CARRIAGEWAY ON RIGHT BEND,1,50372,T intersection,3,60,Local Road,STEWART,BASS COAST,-38.41069,145.57231,2021,2,February,15,Afternoon Peak,Weekend
T20210004331,2021-02-06,07:50:00,1,Collision with vehicle,6,Saturday,111,RIGHT FAR (INTERSECTIONS ONLY),1,43641,T intersection,3,80,Arterial Other,CLYDE,CASEY,-38.050674,145.34024,2021,2,February,7,Morning Peak,Weekend
T20210003256,2021-02-06,15:00:00,6,Vehicle overturned (no collision),6,Saturday,184,OUT OF CONTROL ON CARRIAGEWAY (ON BEND),1,675465,Not at intersection,2,80,Arterial Other,DEANS MARSH-LORNE,SURF COAST,-38.501488,143.95937,2021,2,February,15,Afternoon Peak,Weekend
T20210002743,2021-02-06,21:23:00,1,Collision with vehicle,6,Saturday,132,RIGHT REAR.,3,41131,Cross intersection,3,60,Arterial Other,ST KILDA,BAYSIDE,-37.892708,144.9905,2021,2,February,21,Night,Weekend
T20210002745,2021-02-06,22:30:00,1,Collision with vehicle,6,Saturday,130,REAR END(VEHICLES IN SAME LANE),6,682173,Not at intersection,2,100,Freeway,HUME,WHITTLESEA,-37.603058,144.96864,2021,2,February,22,Night,Weekend
T20210002749,2021-02-06,22:30:00,1,Collision with vehicle,6,Saturday,140,U TURN,3,677669,Not at intersection,2,60,Local Road,BARKLY,BALLARAT,-37.5724,143.85953,2021,2,February,22,Night,Weekend
T20210004953,2021-02-06,19:35:00,8,No collision and no object struck,6,Saturday,174,OUT OF CONTROL ON CARRIAGEWAY (ON STRAIGHT),1,677296,Not at intersection,3,100,Arterial Highway,HENTY,HORSHAM,-36.670193,142.24373,2021,2,February,19,Night,Weekend
T20210003531,2021-02-06,01:20:00,1,Collision with vehicle,6,Saturday,133,LANE SIDE SWIPE (VEHICLES IN PARALLEL LANES),3,685333,Cross intersection,3,80,Arterial Highway,PRINCES,DANDENONG,-37.947445,145.17268,2021,2,February,1,Late Night,Weekend
T20210002729,2021-02-06,18:14:00,1,Collision with vehicle,6,Saturday,130,REAR END(VEHICLES IN SAME LANE),1,729578,Not at intersection,2,80,Arterial Other,MELTON,BRIMBANK,-37.696873,144.77956,2021,2,February,18,Afternoon Peak,Weekend
T20210002735,2021-02-06,19:20:00,4,Collision with a fixed object,6,Saturday,171,LEFT OFF CARRIAGEWAY INTO OBJECT/PARKED VEHICLE,1,679289,Not at intersection,3,80,Local Road,CANNONS CREEK,CASEY,-38.202274,145.30998,2021,2,February,19,Night,Weekend
T20210002734,2021-02-06,18:30:00,1,Collision with vehicle,6,Saturday,130,REAR END(VEHICLES IN SAME LANE),1,675157,Not at intersection,2,100,Freeway,PRINCES,WYNDHAM,-37.868904,144.75972,2021,2,February,18,Afternoon Peak,Weekend
T20210002755,2021-02-06,12:45:00,1,Collision with vehicle,6,Saturday,130,REAR END(VEHICLES IN SAME LANE),1,729883,Not at intersection,3,50,Local Road,CLARKE,DANDENONG,-37.97381,145.144,2021,2,February,12,Midday,Weekend
T20210002698,2021-02-06,08:51:00,4,Collision with a fixed object,6,Saturday,181,OFF RIGHT BEND INTO OBJECT/PARKED VEHICLE,1,674947,Not at intersection,3,100,Local Road,NANNYS CREEK,MITCHELL,-37.283318,145.00623,2021,2,February,8,Morning Peak,Weekend
T20210005256,2021-02-06,12:05:00,7,Fall from or in moving vehicle,6,Saturday,190,FELL IN/FROM VEHICLE,1,679863,Not at intersection,1,70,Arterial Highway,OGILVIE,CAMPASPE,-36.140465,144.7386,2021,2,February,12,Midday,Weekend
T20210002727,2021-02-06,10:30:00,6,Vehicle overturned (no collision),6,Saturday,174,OUT OF CONTROL ON CARRIAGEWAY (ON STRAIGHT),1,675156,Not at intersection,3,50,Local Road,RIDGE PICNIC AREA,NILLUMBIK,-37.66027,145.29187,2021,2,February,10,Midday,Weekend
T20210002793,2021-02-06,13:00:00,1,Collision with vehicle,6,Saturday,130,REAR END(VEHICLES IN SAME LANE),1,729580,Not at intersection,3,60,Arterial Other,MORNINGTON-TYABB,MORNINGTON PENINSULA,-38.239494,145.06796,2021,2,February,13,Midday,Weekend
T20210002702,2021-02-06,10:30:00,1,Collision with vehicle,6,Saturday,110,CROSS TRAFFIC(INTERSECTIONS ONLY),1,50032,Multiple intersection,2,60,Local Road,GARDEN,GEELONG,-38.159065,144.36948,2021,2,February,10,Midday,Weekend
T20210002728,2021-02-06,18:10:00,2,Struck Pedestrian,6,Saturday,101,PED EMERGES FROM IN FRONT OF PARKED OR STATIONARY VEHICLE,1,677185,Not at intersection,3,40,Local Road,CHANCERY,MELTON,-37.719925,144.74786,2021,2,February,18,Afternoon Peak,Weekend
T20210002871,2021-02-06,10:30:00,1,Collision with vehicle,6,Saturday,130,REAR END(VEHICLES IN SAME LANE),1,232994,T intersection,3,60,Arterial Other,BEACH,KINGSTON,-37.99212,145.06572,2021,2,February,10,Midday,Weekend
T20210002706,2021-02-06,10:45:00,1,Collision with vehicle,6,Saturday,111,RIGHT FAR (INTERSECTIONS ONLY),1,681481,T intersection,3,80,Arterial Other,KELLETTS,KNOX,-37.913403,145.26013,2021,2,February,10,Midday,Weekend
T20210002709,2021-02-06,13:40:00,1,Collision with vehicle,6,Saturday,121,RIGHT THROUGH,1,359958,T intersection,3,50,Local Road,BEACH,SURF COAST,-38.32705,144.32654,2021,2,February,13,Midday,Weekend
T20210004074,2021-02-06,19:45:00,1,Collision with vehicle,6,Saturday,121,RIGHT THROUGH,3,711,T intersection,3,60,Arterial Other,RHODES,MORELAND,-37.716267,144.93361,2021,2,February,19,Night,Weekend
T20210002711,2021-02-06,14:39:00,1,Collision with vehicle,6,Saturday,113,RIGHT NEAR (INTERSECTIONS ONLY),1,35471,T intersection,3,50,Arterial Other,BLACKBURN ROAD -RAILWAY,WHITEHORSE,-37.819695,145.15305,2021,2,February,14,Midday,Weekend
T20210002693,2021-02-06,06:00:00,1,Collision with vehicle,6,Saturday,199,UNKNOWN-NO DETAILS ON MANOEUVRES OF ROAD-USERS IN ACCIDENT,2,131892,Cross intersection,3,60,Arterial Highway,DANDENONG VALLEY,DANDENONG,-37.990116,145.21461,2021,2,February,6,Morning Peak,Weekend
T20210002740,2021-02-06,19:15:00,4,Collision with a fixed object,6,Saturday,181,OFF RIGHT BEND INTO OBJECT/PARKED VEHICLE,1,682976,Not at intersection,2,100,Local Road,COGHILLS CREEK,BALLARAT,-37.370335,143.74791,2021,2,February,19,Night,Weekend
T20210003724,2021-02-06,18:00:00,1,Collision with vehicle,6,Saturday,130,REAR END(VEHICLES IN SAME LANE),1,778421,Not at intersection,3,80,Arterial Highway,PRINCES,CASEY,-38.02508,145.30505,2021,2,February,18,Afternoon Peak,Weekend
T20210002776,2021-02-07,13:00:00,1,Collision with vehicle,7,Sunday,120,HEAD ON (NOT OVERTAKING),1,678152,Not at intersection,2,100,Local Road,DIAMOND HILL,BENDIGO,-36.81665,144.26382,2021,2,February,13,Midday,Weekend
T20210002987,2021-02-07,13:45:00,8,No collision and no object struck,7,Sunday,184,OUT OF CONTROL ON CARRIAGEWAY (ON BEND),1,675359,Not at intersection,3,60,Local Road,OLD OCEAN,COLAC OTWAY,-38.77302,143.4303,2021,2,February,13,Midday,Weekend
T20210002806,2021-02-07,19:20:00,5,collision with some other object,7,Sunday,171,LEFT OFF CARRIAGEWAY INTO OBJECT/PARKED VEHICLE,1,678008,Not at intersection,2,100,Arterial Other,KATAMATITE-NATHALIA,MOIRA,-36.07422,145.39925,2021,2,February,19,Night,Weekend
T20210002800,2021-02-07,19:00:00,2,Struck Pedestrian,7,Sunday,101,PED EMERGES FROM IN FRONT OF PARKED OR STATIONARY VEHICLE,2,675620,Not at intersection,3,40,Local Road,BRUNSWICK,YARRA,-37.79646,144.97879,2021,2,February,19,Night,Weekend
T20210002797,2021-02-07,15:15:00,1,Collision with vehicle,7,Sunday,121,RIGHT THROUGH,1,666,T intersection,3,60,Arterial Other,ESPLANADE,BAYSIDE,-37.91568,144.98717,2021,2,February,15,Afternoon Peak,Weekend
T20210002796,2021-02-07,14:15:00,4,Collision with a fixed object,7,Sunday,173,RIGHT OFF CARRIAGEWAY INTO OBJECT/PARKED VEHICLE,1,705425,Not at intersection,3,100,Freeway,EASTLINK,DANDENONG,-37.99931,145.19154,2021,2,February,14,Midday,Weekend
T20210002794,2021-02-07,16:30:00,4,Collision with a fixed object,7,Sunday,173,RIGHT OFF CARRIAGEWAY INTO OBJECT/PARKED VEHICLE,1,675045,Not at intersection,2,50,Local Road,NEW,MAROONDAH,-37.815865,145.22049,2021,2,February,16,Afternoon Peak,Weekend
T20210002792,2021-02-07,15:47:00,1,Collision with vehicle,7,Sunday,116,LEFT NEAR (INTERSECTIONS ONLY),1,47639,Cross intersection,2,100,Freeway,PRINCES,CARDINIA,-38.07973,145.74539,2021,2,February,15,Afternoon Peak,Weekend
T20210002817,2021-02-07,21:14:00,1,Collision with vehicle,7,Sunday,121,RIGHT THROUGH,3,251441,Cross intersection,3,60,Local Road,FINDON,WHITTLESEA,-37.64225,145.06921,2021,2,February,21,Night,Weekend
T20210002843,2021-02-07,12:30:00,5,collision with some other object,7,Sunday,181,OFF RIGHT BEND INTO OBJECT/PARKED VEHICLE,1,675046,Not at intersection,3,100,Local Road,WOOLSHED,WANGARATTA,-36.30563,146.61981,2021,2,February,12,Midday,Weekend
T20210003132,2021-02-07,11:00:00,8,No collision and no object struck,7,Sunday,149,OTHER MANOEUVRING NOT INCLUDED IN DCAs 140-148,1,675541,T intersection,3,80,Arterial Highway,MIDLAND,BENALLA,-36.528557,145.978,2021,2,February,11,Midday,Weekend
T20210002808,2021-02-07,15:04:00,1,Collision with vehicle,7,Sunday,140,U TURN,1,676890,Not at intersection,3,60,Arterial Highway,BRIGHTON,PORT PHILLIP,-37.88169,144.99567,2021,2,February,15,Afternoon Peak,Weekend
T20210002765,2021-02-07,08:45:00,2,Struck Pedestrian,7,Sunday,100,PED NEAR SIDE. PED HIT BY VEHICLE FROM THE RIGHT.,1,676127,Cross intersection,2,60,Arterial Highway,FIFTEENTH,MILDURA,-34.231464,142.16594,2021,2,February,8,Morning Peak,Weekend
T20210002807,2021-02-07,17:40:00,1,Collision with vehicle,7,Sunday,120,HEAD ON (NOT OVERTAKING),1,684839,Not at intersection,2,60,Arterial Highway,MURRAY,COLAC OTWAY,-38.337765,143.57378,2021,2,February,17,Afternoon Peak,Weekend
T20210002815,2021-02-07,15:30:00,1,Collision with vehicle,7,Sunday,120,HEAD ON (NOT OVERTAKING),1,677409,Not at intersection,1,80,Arterial Highway,GREAT OCEAN,COLAC OTWAY,-38.692043,143.83568,2021,2,February,15,Afternoon Peak,Weekend
T20210002812,2021-02-07,17:35:00,1,Collision with vehicle,7,Sunday,130,REAR END(VEHICLES IN SAME LANE),1,354492,Cross intersection,3,80,Arterial Highway,STUD,DANDENONG,-37.971024,145.22357,2021,2,February,17,Afternoon Peak,Weekend
T20210003519,2021-02-07,14:30:00,1,Collision with vehicle,7,Sunday,131,LEFT REAR,1,676236,Not at intersection,3,100,Arterial Other,STRATH CREEK,MITCHELL,-37.20927,145.08545,2021,2,February,14,Midday,Weekend
T20210002762,2021-02-07,09:23:00,4,Collision with a fixed object,7,Sunday,181,OFF RIGHT BEND INTO OBJECT/PARKED VEHICLE,1,677188,Not at intersection,3,60,Local Road,SUGARLOAF CREEK,MITCHELL,-37.189384,145.03928,2021,2,February,9,Morning Peak,Weekend
T20210002763,2021-02-07,09:21:00,4,Collision with a fixed object,7,Sunday,181,OFF RIGHT BEND INTO OBJECT/PARKED VEHICLE,1,675041,Multiple intersection,2,100,Freeway,STUD-MONASH IN,DANDENONG,-37.96062,145.22458,2021,2,February,9,Morning Peak,Weekend
T20210002769,2021-02-07,09:49:00,1,Collision with vehicle,7,Sunday,130,REAR END(VEHICLES IN SAME LANE),1,677186,Cross intersection,3,80,Arterial Highway,DINGLEY,KINGSTON,-37.956287,145.10364,2021,2,February,9,Morning Peak,Weekend
T20210002771,2021-02-07,03:15:00,1,Collision with vehicle,7,Sunday,132,RIGHT REAR.,3,36402,T intersection,3,60,Arterial Other,TOORAK,STONNINGTON,-37.842358,145.01962,2021,2,February,3,Late Night,Weekend
T20210002774,2021-02-07,12:00:00,1,Collision with vehicle,7,Sunday,136,RIGHT TURN SIDESWIPE,1,64330,T intersection,2,60,Arterial Other,BRUNSWICK,MORELAND,-37.778843,144.97606,2021,2,February,12,Midday,Weekend
T20210002816,2021-02-07,20:48:00,4,Collision with a fixed object,7,Sunday,175,OFF END OF ROAD/T-INTERSECTION.,2,17824,T intersection,2,100,Arterial Other,RUNNING CREEK,ALPINE,-36.56405,146.99323,2021,2,February,20,Night,Weekend
T20210002866,2021-02-07,19:15:00,4,Collision with a fixed object,7,Sunday,183,OFF LEFT BEND INTO OBJECT/PARKED VEHICLE,1,265200,Not at intersection,3,60,Arterial Other,HEIDELBERG-KINGLAKE,NILLUMBIK,-37.55953,145.32382,2021,2,February,19,Night,Weekend
T20210002809,2021-02-07,17:45:00,1,Collision with vehicle,7,Sunday,130,REAR END(VEHICLES IN SAME LANE),1,679438,Not at intersection,2,70,Arterial Other,BALLARAT,BRIMBANK,-37.777203,144.8293,2021,2,February,17,Afternoon Peak,Weekend
T20210002779,2021-02-07,15:00:00,4,Collision with a fixed object,7,Sunday,179,OTHER ACCIDENTS-OFF STRAIGHT NOT INCLUDED IN DCAs 170-175,1,675158,Not at intersection,3,50,Local Road,NICHOLSON,EAST GIPPSLAND,-37.825268,147.62825,2021,2,February,15,Afternoon Peak,Weekend
T20210002752,2021-02-07,02:52:00,4,Collision with a fixed object,7,Sunday,171,LEFT OFF CARRIAGEWAY INTO OBJECT/PARKED VEHICLE,4,729882,Not at intersection,3,60,Local Road,BENETOOK,MILDURA,-34.194965,142.18346,2021,2,February,2,Late Night,Weekend
T20210002789,2021-02-07,16:47:00,1,Collision with vehicle,7,Sunday,110,CROSS TRAFFIC(INTERSECTIONS ONLY),1,16821,Cross intersection,2,60,Local Road,BANYAN,WARRNAMBOOL,-38.386497,142.48466,2021,2,February,16,Afternoon Peak,Weekend
T20210002791,2021-02-07,14:00:00,4,Collision with a fixed object,7,Sunday,171,LEFT OFF CARRIAGEWAY INTO OBJECT/PARKED VEHICLE,1,679437,Not at intersection,3,100,Local Road,MCDONALDS,CARDINIA,-38.28365,145.60414,2021,2,February,14,Midday,Weekend
T20210004582,2021-02-07,06:40:00,1,Collision with vehicle,7,Sunday,139,OTHER SAME DIRECTION-MANOUEVRES NOT INCLUDED IN DCAs 130-137,1,29427,Cross intersection,3,40,Local Road,COLLINS,MELBOURNE,-37.81549,144.96654,2021,2,February,6,Morning Peak,Weekend
T20210002780,2021-02-07,14:22:00,1,Collision with vehicle,7,Sunday,148,VEHICLE OFF FOOTPATH STRIKES VEH ON CARRIAGEWAY,1,675043,T intersection,3,80,Local Road,RICHARDS,YARRA RANGES,-37.807186,145.35007,2021,2,February,14,Midday,Weekend
T20210002786,2021-02-07,14:30:00,1,Collision with vehicle,7,Sunday,147,VEHICLE STRIKES ANOTHER VEH WHILE EMERGING FROM DRIVEWAY,1,677726,Not at intersection,3,60,Local Road,KIDDS,CASEY,-37.98684,145.2318,2021,2,February,14,Midday,Weekend
T20210002877,2021-02-08,15:10:00,4,Collision with a fixed object,1,Monday,171,LEFT OFF CARRIAGEWAY INTO OBJECT/PARKED VEHICLE,1,780810,Not at intersection,3,60,Arterial Other,ESPLANADE,MORNINGTON PENINSULA,-38.24711,145.02939,2021,2,February,15,Afternoon Peak,Weekday
T20210002880,2021-02-08,15:00:00,4,Collision with a fixed object,1,Monday,173,RIGHT OFF CARRIAGEWAY INTO OBJECT/PARKED VEHICLE,1,677727,Not at intersection,3,100,Local Road,PARK,MILDURA,-34.184826,142.21141,2021,2,February,15,Afternoon Peak,Weekday
T20210002882,2021-02-08,15:10:00,1,Collision with vehicle,1,Monday,110,CROSS TRAFFIC(INTERSECTIONS ONLY),1,50536,Cross intersection,3,60,Arterial Highway,DUNLOP,MOYNE,-38.080463,142.80281,2021,2,February,15,Afternoon Peak,Weekday
T20210002838,2021-02-08,08:20:00,1,Collision with vehicle,1,Monday,148,VEHICLE OFF FOOTPATH STRIKES VEH ON CARRIAGEWAY,1,675666,Cross intersection,2,50,Local Road,MAYFIELD,CASEY,-38.109985,145.30994,2021,2,February,8,Morning Peak,Weekday
T20210023308,2021-02-08,15:10:00,1,Collision with vehicle,1,Monday,130,REAR END(VEHICLES IN SAME LANE),1,697300,Not at intersection,3,50,Local Road,FIVEWAYS,DANDENONG,-37.988083,145.14966,2021,2,February,15,Afternoon Peak,Weekday
T20210004440,2021-02-08,15:10:00,1,Collision with vehicle,1,Monday,130,REAR END(VEHICLES IN SAME LANE),1,676817,Not at intersection,3,70,Local Road,POWER,CASEY,-37.9783,145.24121,2021,2,February,15,Afternoon Peak,Weekday
T20210002977,2021-02-08,17:20:00,1,Collision with vehicle,1,Monday,131,LEFT REAR,1,657670,Multiple intersection,3,70,Freeway,SUNSHINE,BRIMBANK,-37.702053,144.80214,2021,2,February,17,Afternoon Peak,Weekday
T20210002863,2021-02-08,12:37:00,1,Collision with vehicle,1,Monday,116,LEFT NEAR (INTERSECTIONS ONLY),1,36192,Cross intersection,3,40,Local Road,CAPEL,MELBOURNE,-37.803707,144.95552,2021,2,February,12,Midday,Weekday
T20210002883,2021-02-08,14:06:00,4,Collision with a fixed object,1,Monday,171,LEFT OFF CARRIAGEWAY INTO OBJECT/PARKED VEHICLE,1,675266,Not at intersection,2,100,Local Road,HURSTBRIDGE-ARTHURS CREEK,NILLUMBIK,-37.605705,145.18452,2021,2,February,14,Midday,Weekday
T20210003605,2021-02-08,16:00:00,1,Collision with vehicle,1,Monday,130,REAR END(VEHICLES IN SAME LANE),1,686790,T intersection,3,60,Local Road,COLCHESTER,YARRA RANGES,-37.8172,145.30508,2021,2,February,16,Afternoon Peak,Weekday
T20210003319,2021-02-08,15:00:00,1,Collision with vehicle,1,Monday,130,REAR END(VEHICLES IN SAME LANE),1,678776,Not at intersection,3,60,Arterial Other,BALLARAT,BRIMBANK,-37.77818,144.83963,2021,2,February,15,Afternoon Peak,Weekday
T20210003012,2021-02-08,18:20:00,1,Collision with vehicle,1,Monday,130,REAR END(VEHICLES IN SAME LANE),1,125412,Cross intersection,3,60,Arterial Highway,CITY,MELBOURNE,-37.825752,144.96033,2021,2,February,18,Afternoon Peak,Weekday
T20210003479,2021-02-08,22:30:00,6,Vehicle overturned (no collision),1,Monday,174,OUT OF CONTROL ON CARRIAGEWAY (ON STRAIGHT),5,678683,Not at intersection,3,100,Arterial Other,KERANG-QUAMBATOOK,GANNAWARRA,-35.735435,143.8538,2021,2,February,22,Night,Weekday
T20210005038,2021-02-08,15:30:00,1,Collision with vehicle,1,Monday,121,RIGHT THROUGH,1,49826,Cross intersection,3,60,Arterial Highway,BALLARAT,GEELONG,-38.126926,144.33925,2021,2,February,15,Afternoon Peak,Weekday
T20210002855,2021-02-08,09:38:00,1,Collision with vehicle,1,Monday,121,RIGHT THROUGH,1,29868,Multiple intersection,3,80,Freeway,PLENTY-METROPOLITAN RING IN,WHITTLESEA,-37.687008,145.0673,2021,2,February,9,Morning Peak,Weekday
T20210002946,2021-02-08,14:15:00,1,Collision with vehicle,1,Monday,130,REAR END(VEHICLES IN SAME LANE),9,322508,Not at intersection,3,60,Arterial Other,BLACKBURN,MANNINGHAM,-37.789528,145.1619,2021,2,February,14,Midday,Weekday
T20210013215,2021-02-08,08:30:00,1,Collision with vehicle,1,Monday,116,LEFT NEAR (INTERSECTIONS ONLY),1,65035,Cross intersection,3,40,Local Road,WESTGARTH,YARRA,-37.79486,144.98027,2021,2,February,8,Morning Peak,Weekday
T20210002896,2021-02-08,17:10:00,1,Collision with vehicle,1,Monday,130,REAR END(VEHICLES IN SAME LANE),1,675163,Not at intersection,3,70,Arterial Other,SYDNEY,HUME,-37.68377,144.95723,2021,2,February,17,Afternoon Peak,Weekday
T20210002828,2021-02-08,06:32:00,1,Collision with vehicle,1,Monday,110,CROSS TRAFFIC(INTERSECTIONS ONLY),2,13900,Cross intersection,2,60,Local Road,GOLDEN SQUARE,WYNDHAM,-37.868427,144.6656,2021,2,February,6,Morning Peak,Weekday
T20210002897,2021-02-08,18:10:00,1,Collision with vehicle,1,Monday,121,RIGHT THROUGH,1,35606,Cross intersection,2,60,Arterial Other,WARRIGAL,KINGSTON,-37.98814,145.07024,2021,2,February,18,Afternoon Peak,Weekday
T20210002900,2021-02-08,18:50:00,1,Collision with vehicle,1,Monday,121,RIGHT THROUGH,1,675259,T intersection,2,80,Local Road,DAVIS,WYNDHAM,-37.81961,144.65602,2021,2,February,18,Afternoon Peak,Weekday
T20210002905,2021-02-08,15:00:00,1,Collision with vehicle,1,Monday,121,RIGHT THROUGH,1,676128,Not at intersection,2,40,Local Road,BRIMPTON,WYNDHAM,-37.898514,144.61505,2021,2,February,15,Afternoon Peak,Weekday
T20210002829,2021-02-08,05:50:00,1,Collision with vehicle,1,Monday,148,VEHICLE OFF FOOTPATH STRIKES VEH ON CARRIAGEWAY,3,675943,T intersection,2,70,Arterial Other,KEILOR-DERRIMUT,BRIMBANK,-37.751095,144.77818,2021,2,February,5,Morning Peak,Weekday
T20210002854,2021-02-08,12:05:00,1,Collision with vehicle,1,Monday,110,CROSS TRAFFIC(INTERSECTIONS ONLY),1,52991,Cross intersection,2,60,Local Road,ALFRED,BALLARAT,-37.583885,143.83461,2021,2,February,12,Midday,Weekday
T20210002904,2021-02-08,14:15:00,1,Collision with vehicle,1,Monday,120,HEAD ON (NOT OVERTAKING),1,675945,Not at intersection,3,50,Local Road,FEATHERBROOK,WYNDHAM,-37.90885,144.73067,2021,2,February,14,Midday,Weekday
T20210002911,2021-02-08,22:30:00,1,Collision with vehicle,1,Monday,110,CROSS TRAFFIC(INTERSECTIONS ONLY),3,44312,Cross intersection,2,80,Arterial Other,LEAKES,WYNDHAM,-37.83944,144.74709,2021,2,February,22,Night,Weekday
T20210003112,2021-02-08,19:35:00,1,Collision with vehicle,1,Monday,110,CROSS TRAFFIC(INTERSECTIONS ONLY),1,55878,Cross intersection,3,40,Local Road,ARMSTRONG,BALLARAT,-37.561623,143.85632,2021,2,February,19,Night,Weekday
T20210002868,2021-02-08,06:20:00,3,Struck animal,1,Monday,167,STRUCK ANIMAL,2,675162,Not at intersection,2,100,Arterial Other,STAWELL-AVOCA,PYRENEES,-37.000797,143.23532,2021,2,February,6,Morning Peak,Weekday
T20210002885,2021-02-08,15:35:00,2,Struck Pedestrian,1,Monday,102,FAR SIDE. PED HIT BY VEHICLE FROM THE LEFT,1,676232,Not at intersection,3,40,Local Road,SOMERVILLE,BENDIGO,-36.804047,144.35864,2021,2,February,15,Afternoon Peak,Weekday
T20210004599,2021-02-08,17:10:00,1,Collision with vehicle,1,Monday,131,LEFT REAR,9,299726,Multiple intersection,3,80,Freeway,WELLINGTON,KNOX,-37.925407,145.21242,2021,2,February,17,Afternoon Peak,Weekday
T20210002926,2021-02-08,15:20:00,1,Collision with vehicle,1,Monday,142,LEAVING PARKING,1,36742,T intersection,3,40,Local Road,GIPPS,YARRA,-37.80551,144.99802,2021,2,February,15,Afternoon Peak,Weekday
T20210002887,2021-02-08,16:00:00,1,Collision with vehicle,1,Monday,130,REAR END(VEHICLES IN SAME LANE),1,221629,T intersection,3,70,Arterial Other,SYDNEY,HUME,-37.68399,144.95726,2021,2,February,16,Afternoon Peak,Weekday
T20210002851,2021-02-08,08:33:00,1,Collision with vehicle,1,Monday,113,RIGHT NEAR (INTERSECTIONS ONLY),1,55539,T intersection,2,80,Arterial Other,FITZGERALD,WYNDHAM,-37.823196,144.78604,2021,2,February,8,Morning Peak,Weekday
T20210003073,2021-02-08,08:00:00,4,Collision with a fixed object,1,Monday,171,LEFT OFF CARRIAGEWAY INTO OBJECT/PARKED VEHICLE,1,675816,Not at intersection,3,100,Local Road,TUCKETTS,MACEDON RANGES,-37.401485,144.61263,2021,2,February,8,Morning Peak,Weekday
T20210002865,2021-02-08,12:47:00,4,Collision with a fixed object,1,Monday,181,OFF RIGHT BEND INTO OBJECT/PARKED VEHICLE,1,675258,Not at intersection,2,80,Local Road,MACINTYRE,YARRA RANGES,-37.698174,145.36224,2021,2,February,12,Midday,Weekday
T20210002888,2021-02-08,11:50:00,6,Vehicle overturned (no collision),1,Monday,172,OFF CARRIAGEWAY TO RIGHT,1,674987,Not at intersection,1,90,Freeway,WESTERN,MELTON,-37.73182,144.66536,2021,2,February,11,Midday,Weekday
T20210002889,2021-02-08,16:50:00,4,Collision with a fixed object,1,Monday,171,LEFT OFF CARRIAGEWAY INTO OBJECT/PARKED VEHICLE,1,675944,Not at intersection,2,50,Local Road,GLEN VISTA,CASEY,-37.99071,145.28415,2021,2,February,16,Afternoon Peak,Weekday
T20210002840,2021-02-08,08:23:00,4,Collision with a fixed object,1,Monday,171,LEFT OFF CARRIAGEWAY INTO OBJECT/PARKED VEHICLE,1,675401,Not at intersection,2,50,Local Road,BALMORAL,DANDENONG,-37.949577,145.15178,2021,2,February,8,Morning Peak,Weekday
T20210005970,2021-02-08,16:20:00,1,Collision with vehicle,1,Monday,130,REAR END(VEHICLES IN SAME LANE),1,730025,Not at intersection,3,50,Local Road,HARGREAVES,BENDIGO,-36.76624,144.27171,2021,2,February,16,Afternoon Peak,Weekday
T20210003018,2021-02-09,20:20:00,6,Vehicle overturned (no collision),2,Tuesday,172,OFF CARRIAGEWAY TO RIGHT,2,739781,Not at intersection,2,100,Local Road,NATHALIA-WAAIA,MOIRA,-36.053715,145.31543,2021,2,February,20,Night,Weekday
T20210021718,2021-02-09,15:00:00,8,No collision and no object struck,2,Tuesday,170,OFF CARRIAGEWAY TO LEFT,9,696123,Not at intersection,3,100,Arterial Other,KORUMBURRA-WARRAGUL,SOUTH GIPPSLAND,-38.36249,145.86499,2021,2,February,15,Afternoon Peak,Weekday