ACCIDENT_NO,ACCIDENT_DATE,ACCIDENT_TIME,ACCIDENT_TYPE,ACCIDENT_TYPE_DESC,DAY_OF_WEEK,DAY_WEEK_DESC,DCA_CODE,DCA_DESC,LIGHT_CONDITION,NODE_ID,ROAD_GEOMETRY_DESC,SEVERITY,SPEED_ZONE,RMA,ROAD_NAME,LGA_NAME,LATITUDE,LONGITUDE,YEAR,MONTH,MONTH_NAME,HOUR,TIME_PERIOD,DAY_TYPE
T20210010632,2021-02-09,08:30:00,2,Struck Pedestrian,2,Tuesday,100,PED NEAR SIDE. PED HIT BY VEHICLE FROM THE RIGHT.,9,683359,Not at intersection,3,80,Local Road,GUYS HILL,BENDIGO,-36.80188,144.33423,2021,2,February,8,Morning Peak,Weekday
T20210003326,2021-02-09,11:00:00,1,Collision with vehicle,2,Tuesday,110,CROSS TRAFFIC(INTERSECTIONS ONLY),1,678879,Cross intersection,2,40,Local Road,NEPEAN,BANYULE,-37.71052,145.08916,2021,2,February,11,Midday,Weekday
T20210003329,2021-02-09,08:00:00,1,Collision with vehicle,2,Tuesday,130,REAR END(VEHICLES IN SAME LANE),1,678156,Not at intersection,3,60,Arterial Other,CHANDLER,BOROONDARA,-37.79126,145.02852,2021,2,February,8,Morning Peak,Weekday
T20210003968,2021-02-09,11:00:00,4,Collision with a fixed object,2,Tuesday,183,OFF LEFT BEND INTO OBJECT/PARKED VEHICLE,1,678041,Not at intersection,2,100,Local Road,VALENCIA CREEK-BRIAGOLONG,WELLINGTON,-37.82544,146.9802,2021,2,February,11,Midday,Weekday
T20210003537,2021-02-09,10:00:00,1,Collision with vehicle,2,Tuesday,137,LEFT TURN SIDESWIPE,1,10475,Cross intersection,3,60,Arterial Highway,PRINCES,GEELONG,-38.09885,144.35526,2021,2,February,10,Midday,Weekday
T20210017310,2021-02-09,12:00:00,1,Collision with vehicle,2,Tuesday,115,RIGHT/LEFT FAR (INTERSECTIONS ONLY),1,60794,T intersection,3,60,Local Road,HUNT,BALLARAT,-37.556557,143.86629,2021,2,February,12,Midday,Weekday
T20210002919,2021-02-09,07:16:00,1,Collision with vehicle,2,Tuesday,160,VEHICLE COLLIDES WITH VEHICLE PARKED ON LEFT OF ROAD,9,729581,Not at intersection,2,50,Local Road,OVERLAND,CARDINIA,-38.082066,145.46976,2021,2,February,7,Morning Peak,Weekday
T20210002920,2021-02-09,06:55:00,3,Struck animal,2,Tuesday,167,STRUCK ANIMAL,1,678964,Not at intersection,3,100,Arterial Other,CLUNES,HEPBURN,-37.404423,143.8845,2021,2,February,6,Morning Peak,Weekday
T20210002925,2021-02-09,05:20:00,1,Collision with vehicle,2,Tuesday,130,REAR END(VEHICLES IN SAME LANE),3,778424,Not at intersection,3,80,Arterial Other,POUND,CASEY,-38.028362,145.26796,2021,2,February,5,Morning Peak,Weekday
T20210002929,2021-02-09,08:00:00,1,Collision with vehicle,2,Tuesday,130,REAR END(VEHICLES IN SAME LANE),1,678153,Not at intersection,2,80,Arterial Highway,SPRINGVALE,KINGSTON,-38.01157,145.14066,2021,2,February,8,Morning Peak,Weekday
T20210002930,2021-02-09,06:25:00,1,Collision with vehicle,2,Tuesday,120,HEAD ON (NOT OVERTAKING),1,675167,Not at intersection,1,80,Arterial Other,PAKENHAM,CARDINIA,-38.055855,145.47714,2021,2,February,6,Morning Peak,Weekday
T20210002934,2021-02-09,08:20:00,1,Collision with vehicle,2,Tuesday,121,RIGHT THROUGH,1,36382,Cross intersection,2,40,Local Road,FENWICK,YARRA,-37.78761,144.97221,2021,2,February,8,Morning Peak,Weekday
T20210002936,2021-02-09,09:35:00,1,Collision with vehicle,2,Tuesday,120,HEAD ON (NOT OVERTAKING),1,678965,Not at intersection,3,60,Local Road,RUBICON,BALLARAT,-37.581062,143.83032,2021,2,February,9,Morning Peak,Weekday
T20210002937,2021-02-09,06:44:00,4,Collision with a fixed object,2,Tuesday,181,OFF RIGHT BEND INTO OBJECT/PARKED VEHICLE,1,729582,Not at intersection,2,50,Local Road,FRANCIS,HUME,-37.58397,144.74986,2021,2,February,6,Morning Peak,Weekday
T20210002938,2021-02-09,11:25:00,1,Collision with vehicle,2,Tuesday,163,VEHICLE STRIKES DOOR OF PARKED/STATIONARY VEHICLE,1,675169,Not at intersection,2,50,Local Road,ELEEBANA,MONASH,-37.90801,145.08144,2021,2,February,11,Midday,Weekday
T20210002942,2021-02-09,09:00:00,1,Collision with vehicle,2,Tuesday,111,RIGHT FAR (INTERSECTIONS ONLY),1,679439,T intersection,3,80,Arterial Other,SPRINGHILL,CASEY,-38.084194,145.29097,2021,2,February,9,Morning Peak,Weekday
T20210002951,2021-02-09,11:55:00,1,Collision with vehicle,2,Tuesday,121,RIGHT THROUGH,1,675458,Not at intersection,3,60,Local Road,GRANT,MORNINGTON PENINSULA,-38.217186,145.17746,2021,2,February,11,Midday,Weekday
T20210002952,2021-02-09,11:50:00,1,Collision with vehicle,2,Tuesday,121,RIGHT THROUGH,1,32828,Cross intersection,3,60,Arterial Highway,LOWER DANDENONG,KINGSTON,-37.984215,145.08957,2021,2,February,11,Midday,Weekday
T20210002953,2021-02-09,12:15:00,1,Collision with vehicle,2,Tuesday,110,CROSS TRAFFIC(INTERSECTIONS ONLY),1,41332,Cross intersection,3,50,Local Road,KAMBROOK,GLEN EIRA,-37.885746,145.03381,2021,2,February,12,Midday,Weekday
T20210002954,2021-02-09,08:39:00,1,Collision with vehicle,2,Tuesday,111,RIGHT FAR (INTERSECTIONS ONLY),1,65827,T intersection,3,50,Local Road,DORKING,WHITEHORSE,-37.812305,145.1319,2021,2,February,8,Morning Peak,Weekday
T20210002955,2021-02-09,08:05:00,2,Struck Pedestrian,2,Tuesday,100,PED NEAR SIDE. PED HIT BY VEHICLE FROM THE RIGHT.,1,675172,Not at intersection,3,50,Local Road,FLORENCE,KINGSTON,-37.98256,145.06248,2021,2,February,8,Morning Peak,Weekday
T20210002956,2021-02-09,08:45:00,1,Collision with vehicle,2,Tuesday,136,RIGHT TURN SIDESWIPE,1,36889,Cross intersection,2,40,Local Road,COLLINS,MELBOURNE,-37.816933,144.96158,2021,2,February,8,Morning Peak,Weekday
T20210002959,2021-02-09,12:43:00,1,Collision with vehicle,2,Tuesday,160,VEHICLE COLLIDES WITH VEHICLE PARKED ON LEFT OF ROAD,1,676234,Not at intersection,2,60,Arterial Other,TOORAK,STONNINGTON,-37.843388,145.028,2021,2,February,12,Midday,Weekday
T20210002961,2021-02-09,13:45:00,1,Collision with vehicle,2,Tuesday,134,LANE CHANGE RIGHT (NOT OVERTAKING),1,729795,T intersection,2,70,Local Road,RUSKIN,MAROONDAH,-37.80039,145.29565,2021,2,February,13,Midday,Weekday
T20210002963,2021-02-09,12:54:00,1,Collision with vehicle,2,Tuesday,110,CROSS TRAFFIC(INTERSECTIONS ONLY),1,58841,Cross intersection,3,100,Local Road,DULLARD,CAMPASPE,-36.285946,144.48163,2021,2,February,12,Midday,Weekday
T20210002964,2021-02-09,10:00:00,1,Collision with vehicle,2,Tuesday,132,RIGHT REAR.,1,675623,Not at intersection,2,100,Arterial Other,KILMORE-LANCEFIELD,MACEDON RANGES,-37.29728,144.80609,2021,2,February,10,Midday,Weekday
T20210002969,2021-02-09,14:25:00,1,Collision with vehicle,2,Tuesday,121,RIGHT THROUGH,1,44549,Cross intersection,3,60,Arterial Other,SOUTHERN,BANYULE,-37.740997,145.0368,2021,2,February,14,Midday,Weekday
T20210002973,2021-02-09,15:21:00,1,Collision with vehicle,2,Tuesday,111,RIGHT FAR (INTERSECTIONS ONLY),1,675261,Cross intersection,3,40,Local Road,SHAWS,WYNDHAM,-37.88901,144.65262,2021,2,February,15,Afternoon Peak,Weekday
T20210002976,2021-02-09,16:00:00,1,Collision with vehicle,2,Tuesday,130,REAR END(VEHICLES IN SAME LANE),1,678040,Not at intersection,3,60,Freeway,PRINCES OUT-KORUMBURRA-WARRAGUL,BAW BAW,-38.169655,145.93175,2021,2,February,16,Afternoon Peak,Weekday
T20210002978,2021-02-09,16:20:00,1,Collision with vehicle,2,Tuesday,132,RIGHT REAR.,1,58566,Cross intersection,3,100,Local Road,BANGERANG,CAMPASPE,-36.128063,144.79549,2021,2,February,16,Afternoon Peak,Weekday
T20210002991,2021-02-09,15:45:00,1,Collision with vehicle,2,Tuesday,130,REAR END(VEHICLES IN SAME LANE),1,675535,Not at intersection,3,60,Arterial Other,BORONIA,KNOX,-37.85956,145.26434,2021,2,February,15,Afternoon Peak,Weekday
T20210002992,2021-02-09,15:48:00,1,Collision with vehicle,2,Tuesday,119,OTHER ADJACENT (INTERSECTIONS ONLY),1,36891,T intersection,3,40,Arterial Other,PLYMOUTH,MAROONDAH,-37.782936,145.26855,2021,2,February,15,Afternoon Peak,Weekday
T20210002993,2021-02-09,18:00:00,1,Collision with vehicle,2,Tuesday,130,REAR END(VEHICLES IN SAME LANE),1,675360,Not at intersection,3,60,Arterial Other,BEACH,BAYSIDE,-37.984715,145.02422,2021,2,February,18,Afternoon Peak,Weekday
T20210002995,2021-02-09,14:00:00,4,Collision with a fixed object,2,Tuesday,175,OFF END OF ROAD/T-INTERSECTION.,1,29573,T intersection,3,80,Arterial Highway,WHITEHORSE,WHITEHORSE,-37.81748,145.18538,2021,2,February,14,Midday,Weekday
T20210002997,2021-02-09,09:30:00,1,Collision with vehicle,2,Tuesday,132,RIGHT REAR.,1,690639,Not at intersection,3,60,Local Road,STUDLEY,BANYULE,-37.757977,145.05936,2021,2,February,9,Morning Peak,Weekday
T20210002999,2021-02-09,17:51:00,1,Collision with vehicle,2,Tuesday,153,CUTTING IN (OVERTAKING),1,237238,Not at intersection,3,90,Freeway,MONASH,CASEY,-37.985897,145.24908,2021,2,February,17,Afternoon Peak,Weekday
T20210003000,2021-02-09,19:43:00,1,Collision with vehicle,2,Tuesday,114,TWO RIGHT TURNING (INTERSECTIONS ONLY),1,64503,T intersection,3,60,Arterial Other,HEREFORD,YARRA RANGES,-37.782448,145.3824,2021,2,February,19,Night,Weekday
T20210003001,2021-02-09,19:00:00,1,Collision with vehicle,2,Tuesday,160,VEHICLE COLLIDES WITH VEHICLE PARKED ON LEFT OF ROAD,1,682616,Not at intersection,3,50,Local Road,PECKS,BRIMBANK,-37.698418,144.76985,2021,2,February,19,Night,Weekday
T20210003002,2021-02-09,17:04:00,1,Collision with vehicle,2,Tuesday,133,LANE SIDE SWIPE (VEHICLES IN PARALLEL LANES),1,678072,Not at intersection,2,60,Local Road,RAILWAY,WYNDHAM,-37.89356,144.67441,2021,2,February,17,Afternoon Peak,Weekday
T20210003003,2021-02-09,20:40:00,1,Collision with vehicle,2,Tuesday,110,CROSS TRAFFIC(INTERSECTIONS ONLY),3,36108,Multiple intersection,3,40,Local Road,COURTNEY,MELBOURNE,-37.798916,144.95036,2021,2,February,20,Night,Weekday
T20210003005,2021-02-09,20:00:00,1,Collision with vehicle,2,Tuesday,121,RIGHT THROUGH,1,278496,T intersection,3,70,Local Road,ENTERPRISE,WHITTLESEA,-37.684563,145.06863,2021,2,February,20,Night,Weekday
T20210003009,2021-02-09,18:50:00,1,Collision with vehicle,2,Tuesday,130,REAR END(VEHICLES IN SAME LANE),1,304914,Not at intersection,3,60,Arterial Highway,BELL,MORELAND,-37.738144,144.93697,2021,2,February,18,Afternoon Peak,Weekday
T20210003010,2021-02-09,16:00:00,1,Collision with vehicle,2,Tuesday,113,RIGHT NEAR (INTERSECTIONS ONLY),1,44690,T intersection,2,50,Arterial Highway,GREENSBOROUGH,BANYULE,-37.733456,145.07884,2021,2,February,16,Afternoon Peak,Weekday
T20210003011,2021-02-09,16:45:00,1,Collision with vehicle,2,Tuesday,121,RIGHT THROUGH,1,675262,Not at intersection,3,60,Local Road,DUKE,BRIMBANK,-37.781517,144.8468,2021,2,February,16,Afternoon Peak,Weekday
T20210003014,2021-02-09,19:33:00,3,Struck animal,2,Tuesday,167,STRUCK ANIMAL,2,675460,Not at intersection,2,100,Arterial Other,BROADFORD-FLOWERDALE,MURRINDINDI,-37.247383,145.17778,2021,2,February,19,Night,Weekday
T20210003015,2021-02-09,15:16:00,7,Fall from or in moving vehicle,2,Tuesday,190,FELL IN/FROM VEHICLE,1,675461,Not at intersection,3,50,Local Road,WILLIAM LEAKE,HOBSONS BAY,-37.884983,144.75945,2021,2,February,15,Afternoon Peak,Weekday
T20210003019,2021-02-09,18:56:00,1,Collision with vehicle,2,Tuesday,153,CUTTING IN (OVERTAKING),1,676089,Not at intersection,1,90,Arterial Other,KOO WEE RUP,CARDINIA,-38.145885,145.48723,2021,2,February,18,Afternoon Peak,Weekday
T20210003023,2021-02-09,15:40:00,1,Collision with vehicle,2,Tuesday,147,VEHICLE STRIKES ANOTHER VEH WHILE EMERGING FROM DRIVEWAY,1,675263,Not at intersection,2,50,Local Road,BURGESS,HOBSONS BAY,-37.821297,144.83539,2021,2,February,15,Afternoon Peak,Weekday
T20210003024,2021-02-09,23:15:00,4,Collision with a fixed object,2,Tuesday,171,LEFT OFF CARRIAGEWAY INTO OBJECT/PARKED VEHICLE,3,70154,T intersection,2,60,Local Road,LIGHTWOOD,DANDENONG,-37.95998,145.16682,2021,2,February,23,Night,Weekday
T20210003050,2021-02-09,07:10:00,8,No collision and no object struck,2,Tuesday,172,OFF CARRIAGEWAY TO RIGHT,1,43447,Cross intersection,3,60,Local Road,HIGH,FRANKSTON,-38.148556,145.12068,2021,2,February,7,Morning Peak,Weekday
T20210003061,2021-02-09,16:03:00,6,Vehicle overturned (no collision),2,Tuesday,172,OFF CARRIAGEWAY TO RIGHT,1,50815,Cross intersection,2,100,Local Road,KATUNGA-PICOLA,MOIRA,-35.99916,145.33177,2021,2,February,16,Afternoon Peak,Weekday
T20210014742,2021-02-09,06:00:00,8,No collision and no object struck,2,Tuesday,174,OUT OF CONTROL ON CARRIAGEWAY (ON STRAIGHT),6,687152,Cross intersection,3,50,Local Road,WATSON,MITCHELL,-37.416035,144.9762,2021,2,February,6,Morning Peak,Weekday
T20210003137,2021-02-09,09:30:00,1,Collision with vehicle,2,Tuesday,131,LEFT REAR,1,58010,Cross intersection,3,60,Arterial Highway,FRANKSTON-DANDENONG,FRANKSTON,-38.099445,145.1725,2021,2,February,9,Morning Peak,Weekday
T20210003231,2021-02-09,16:40:00,1,Collision with vehicle,2,Tuesday,160,VEHICLE COLLIDES WITH VEHICLE PARKED ON LEFT OF ROAD,1,681013,Not at intersection,2,40,Local Road,DIMORA,CORANGAMITE,-38.235443,143.13896,2021,2,February,16,Afternoon Peak,Weekday
T20210006783,2021-02-09,16:41:00,1,Collision with vehicle,2,Tuesday,130,REAR END(VEHICLES IN SAME LANE),1,679551,T intersection,3,60,Arterial Other,BEACONSFIELD,PORT PHILLIP,-37.84908,144.95128,2021,2,February,16,Afternoon Peak,Weekday
T20210003240,2021-02-09,18:46:00,2,Struck Pedestrian,2,Tuesday,102,FAR SIDE. PED HIT BY VEHICLE FROM THE LEFT,1,679835,Cross intersection,2,60,Local Road,LYDIARD,BALLARAT,-37.559875,143.85814,2021,2,February,18,Afternoon Peak,Weekday
T20210004972,2021-02-10,16:20:00,1,Collision with vehicle,3,Wednesday,121,RIGHT THROUGH,1,41985,Cross intersection,3,70,Arterial Other,BURWOOD,YARRA RANGES,-37.902203,145.3302,2021,2,February,16,Afternoon Peak,Weekday
T20210003029,2021-02-10,06:00:00,1,Collision with vehicle,3,Wednesday,110,CROSS TRAFFIC(INTERSECTIONS ONLY),6,52897,Cross intersection,3,60,Arterial Other,DRUMMOND,BALLARAT,-37.565033,143.84666,2021,2,February,6,Morning Peak,Weekday
T20210003152,2021-02-10,08:15:00,1,Collision with vehicle,3,Wednesday,113,RIGHT NEAR (INTERSECTIONS ONLY),1,679218,T intersection,2,100,Local Road,ODEA,CAMPASPE,-36.18997,144.94838,2021,2,February,8,Morning Peak,Weekday
T20210003151,2021-02-10,09:45:00,2,Struck Pedestrian,3,Wednesday,102,FAR SIDE. PED HIT BY VEHICLE FROM THE LEFT,1,37748,Cross intersection,2,40,Arterial Other,MALVERN,STONNINGTON,-37.848103,145.00319,2021,2,February,9,Morning Peak,Weekday
T20210003066,2021-02-10,11:10:00,1,Collision with vehicle,3,Wednesday,121,RIGHT THROUGH,1,675947,T intersection,2,70,Local Road,PATTERSONS,CASEY,-38.122272,145.35689,2021,2,February,11,Midday,Weekday
T20210003067,2021-02-10,09:20:00,1,Collision with vehicle,3,Wednesday,160,VEHICLE COLLIDES WITH VEHICLE PARKED ON LEFT OF ROAD,1,675538,Not at intersection,3,50,Local Road,WALNUT,BOROONDARA,-37.789078,145.09058,2021,2,February,9,Morning Peak,Weekday
T20210003070,2021-02-10,11:15:00,1,Collision with vehicle,3,Wednesday,113,RIGHT NEAR (INTERSECTIONS ONLY),1,675539,T intersection,3,100,Arterial Other,LYELL,BENDIGO,-36.94629,144.48004,2021,2,February,11,Midday,Weekday
T20210003030,2021-02-10,06:34:00,1,Collision with vehicle,3,Wednesday,121,RIGHT THROUGH,1,38804,Cross intersection,2,60,Arterial Highway,WHITEHALL,MARIBYRNONG,-37.807114,144.90334,2021,2,February,6,Morning Peak,Weekday
T20210003072,2021-02-10,13:47:00,1,Collision with vehicle,3,Wednesday,113,RIGHT NEAR (INTERSECTIONS ONLY),1,42147,T intersection,2,60,Arterial Other,BAY,BAYSIDE,-37.954823,145.0296,2021,2,February,13,Midday,Weekday
T20210003026,2021-02-10,05:00:00,1,Collision with vehicle,3,Wednesday,121,RIGHT THROUGH,2,358274,T intersection,3,80,Arterial Highway,FRANKSTON-DANDENONG,FRANKSTON,-38.095284,145.17593,2021,2,February,5,Morning Peak,Weekday
T20210003074,2021-02-10,06:38:00,1,Collision with vehicle,3,Wednesday,121,RIGHT THROUGH,2,686969,T intersection,2,70,Arterial Other,BALLARAT,BRIMBANK,-37.76868,144.76877,2021,2,February,6,Morning Peak,Weekday
T20210003031,2021-02-10,06:00:00,2,Struck Pedestrian,3,Wednesday,100,PED NEAR SIDE. PED HIT BY VEHICLE FROM THE RIGHT.,2,29710,Cross intersection,2,80,Arterial Highway,PRINCES,DANDENONG,-37.975204,145.2037,2021,2,February,6,Morning Peak,Weekday
T20210003044,2021-02-10,06:55:00,1,Collision with vehicle,3,Wednesday,121,RIGHT THROUGH,1,223472,Cross intersection,1,80,Arterial Other,SYDNEY,HUME,-37.651073,144.95236,2021,2,February,6,Morning Peak,Weekday
T20210003034,2021-02-10,07:50:00,1,Collision with vehicle,3,Wednesday,110,CROSS TRAFFIC(INTERSECTIONS ONLY),2,49287,Cross intersection,2,50,Local Road,EASTWOOD,BALLARAT,-37.564976,143.86461,2021,2,February,7,Morning Peak,Weekday
T20210003037,2021-02-10,08:30:00,1,Collision with vehicle,3,Wednesday,130,REAR END(VEHICLES IN SAME LANE),1,675264,Not at intersection,2,40,Local Road,YORK,PORT PHILLIP,-37.831093,144.9585,2021,2,February,8,Morning Peak,Weekday
T20210004642,2021-02-10,20:00:00,1,Collision with vehicle,3,Wednesday,110,CROSS TRAFFIC(INTERSECTIONS ONLY),2,39884,Cross intersection,3,60,Arterial Other,CENTRAL,HOBSONS BAY,-37.871548,144.77756,2021,2,February,20,Night,Weekday
T20210003064,2021-02-10,10:45:00,6,Vehicle overturned (no collision),3,Wednesday,182,OFF CARRIAGEWAY ON LEFT BEND,1,675462,Not at intersection,3,100,Local Road,ROSE RIVER,WANGARATTA,-36.81625,146.59937,2021,2,February,10,Midday,Weekday
T20210003611,2021-02-10,15:30:00,1,Collision with vehicle,3,Wednesday,130,REAR END(VEHICLES IN SAME LANE),1,38311,Cross intersection,3,60,Local Road,HIGH,MANNINGHAM,-37.76799,145.11852,2021,2,February,15,Afternoon Peak,Weekday
T20210003193,2021-02-10,23:45:00,2,Struck Pedestrian,3,Wednesday,102,FAR SIDE. PED HIT BY VEHICLE FROM THE LEFT,3,676806,Cross intersection,2,60,Arterial Other,VICTORIA,MELBOURNE,-37.8063,144.95958,2021,2,February,23,Night,Weekday
T20210005568,2021-02-10,17:30:00,1,Collision with vehicle,3,Wednesday,130,REAR END(VEHICLES IN SAME LANE),1,678341,Not at intersection,3,80,Arterial Highway,SOUTH GIPPSLAND,DANDENONG,-38.011024,145.23038,2021,2,February,17,Afternoon Peak,Weekday
T20210003090,2021-02-10,16:40:00,1,Collision with vehicle,3,Wednesday,116,LEFT NEAR (INTERSECTIONS ONLY),1,50318,Cross intersection,2,80,Local Road,BLACKGATE,SURF COAST,-38.28844,144.34355,2021,2,February,16,Afternoon Peak,Weekday
T20210003562,2021-02-10,16:15:00,1,Collision with vehicle,3,Wednesday,114,TWO RIGHT TURNING (INTERSECTIONS ONLY),1,38109,Cross intersection,3,60,Arterial Other,ORIEL,BANYULE,-37.76377,145.03577,2021,2,February,16,Afternoon Peak,Weekday
T20210003111,2021-02-10,15:39:00,1,Collision with vehicle,3,Wednesday,121,RIGHT THROUGH,1,282647,T intersection,2,60,Local Road,BANGHOLME,DANDENONG,-38.034992,145.18678,2021,2,February,15,Afternoon Peak,Weekday
T20210003054,2021-02-10,08:00:00,1,Collision with vehicle,3,Wednesday,110,CROSS TRAFFIC(INTERSECTIONS ONLY),1,54963,Cross intersection,3,50,Local Road,JORDAN,STONNINGTON,-37.859283,145.03876,2021,2,February,8,Morning Peak,Weekday
T20210003980,2021-02-10,02:45:00,1,Collision with vehicle,3,Wednesday,130,REAR END(VEHICLES IN SAME LANE),3,45206,Cross intersection,3,60,Arterial Other,HAMPSTEAD ROAD -WESTS,MARIBYRNONG,-37.775032,144.8811,2021,2,February,2,Late Night,Weekday
T20210003091,2021-02-10,15:38:00,1,Collision with vehicle,3,Wednesday,120,HEAD ON (NOT OVERTAKING),1,678806,Not at intersection,2,60,Local Road,GLADSTONE,DANDENONG,-37.946335,145.20929,2021,2,February,15,Afternoon Peak,Weekday
T20210003055,2021-02-10,10:15:00,5,collision with some other object,3,Wednesday,181,OFF RIGHT BEND INTO OBJECT/PARKED VEHICLE,1,675297,Not at intersection,2,60,Arterial Other,RIDGE,YARRA RANGES,-37.836777,145.35272,2021,2,February,10,Midday,Weekday
T20210003093,2021-02-10,14:00:00,1,Collision with vehicle,3,Wednesday,113,RIGHT NEAR (INTERSECTIONS ONLY),1,668938,Cross intersection,3,50,Local Road,HORSESHOE BEND,GEELONG,-38.239838,144.35286,2021,2,February,14,Midday,Weekday
T20210006458,2021-02-10,08:00:00,1,Collision with vehicle,3,Wednesday,130,REAR END(VEHICLES IN SAME LANE),1,678796,Not at intersection,3,80,Freeway,PRINCES,CARDINIA,-38.07073,145.3858,2021,2,February,8,Morning Peak,Weekday
T20210003158,2021-02-10,17:30:00,1,Collision with vehicle,3,Wednesday,131,LEFT REAR,1,43078,Cross intersection,3,60,Arterial Highway,FOSTER,DANDENONG,-37.98862,145.21805,2021,2,February,17,Afternoon Peak,Weekday
T20210003472,2021-02-10,07:35:00,1,Collision with vehicle,3,Wednesday,132,RIGHT REAR.,1,45097,Cross intersection,3,60,Arterial Highway,HIGH,MITCHELL,-37.41637,144.97911,2021,2,February,7,Morning Peak,Weekday
T20210003096,2021-02-10,04:00:00,1,Collision with vehicle,3,Wednesday,116,LEFT NEAR (INTERSECTIONS ONLY),9,51047,Cross intersection,2,60,Local Road,BYASS,SHEPPARTON,-36.379787,145.41628,2021,2,February,4,Late Night,Weekday
T20210005139,2021-02-10,10:44:00,1,Collision with vehicle,3,Wednesday,160,VEHICLE COLLIDES WITH VEHICLE PARKED ON LEFT OF ROAD,1,677728,Not at intersection,3,40,Local Road,THROUGH,BOROONDARA,-37.838623,145.09286,2021,2,February,10,Midday,Weekday
T20210003101,2021-02-10,15:10:00,1,Collision with vehicle,3,Wednesday,130,REAR END(VEHICLES IN SAME LANE),1,683995,Not at intersection,2,100,Freeway,PRINCES,HOBSONS BAY,-37.865173,144.7758,2021,2,February,15,Afternoon Peak,Weekday
T20210003104,2021-02-10,16:15:00,4,Collision with a fixed object,3,Wednesday,173,RIGHT OFF CARRIAGEWAY INTO OBJECT/PARKED VEHICLE,1,676359,Not at intersection,3,60,Local Road,FAIRBANK,KINGSTON,-37.94206,145.13045,2021,2,February,16,Afternoon Peak,Weekday
T20210003113,2021-02-10,15:30:00,1,Collision with vehicle,3,Wednesday,110,CROSS TRAFFIC(INTERSECTIONS ONLY),1,41528,Cross intersection,3,50,Local Road,SNELL,MORELAND,-37.717213,144.92886,2021,2,February,15,Afternoon Peak,Weekday
T20210004328,2021-02-10,15:30:00,1,Collision with vehicle,3,Wednesday,130,REAR END(VEHICLES IN SAME LANE),1,679222,Not at intersection,3,70,Arterial Other,GRIEVE,HOBSONS BAY,-37.833996,144.82626,2021,2,February,15,Afternoon Peak,Weekday
T20210003028,2021-02-10,07:05:00,1,Collision with vehicle,3,Wednesday,110,CROSS TRAFFIC(INTERSECTIONS ONLY),1,52979,Cross intersection,3,100,Local Road,FINCHS,BALLARAT,-37.57808,143.75288,2021,2,February,7,Morning Peak,Weekday
T20210003094,2021-02-10,15:43:00,6,Vehicle overturned (no collision),3,Wednesday,172,OFF CARRIAGEWAY TO RIGHT,1,59399,Cross intersection,2,80,Local Road,BAY CREEK,ALPINE,-36.5847,147.09334,2021,2,February,15,Afternoon Peak,Weekday
T20210003081,2021-02-10,15:33:00,1,Collision with vehicle,3,Wednesday,121,RIGHT THROUGH,1,340540,Cross intersection,3,80,Arterial Other,BALLARAT,BRIMBANK,-37.776966,144.82874,2021,2,February,15,Afternoon Peak,Weekday
T20210003060,2021-02-10,10:20:00,1,Collision with vehicle,3,Wednesday,140,U TURN,1,675537,Not at intersection,3,80,Arterial Highway,HUME,HUME,-37.520786,144.94879,2021,2,February,10,Midday,Weekday
T20210003086,2021-02-10,10:30:00,1,Collision with vehicle,3,Wednesday,111,RIGHT FAR (INTERSECTIONS ONLY),1,50116,T intersection,3,50,Local Road,BELLE VUE,GEELONG,-38.17183,144.32436,2021,2,February,10,Midday,Weekday
T20210003117,2021-02-11,00:31:00,1,Collision with vehicle,4,Thursday,152,PULLING OUT (OVERTAKING),3,287749,T intersection,2,50,Local Road,MT RIDLEY,HUME,-37.567997,144.9268,2021,2,February,0,Late Night,Weekday
T20210004536,2021-02-11,13:00:00,1,Collision with vehicle,4,Thursday,131,LEFT REAR,1,43906,T intersection,3,60,Arterial Other,CAMERON,CASEY,-38.108887,145.29071,2021,2,February,13,Midday,Weekday
T20210003671,2021-02-11,18:45:00,1,Collision with vehicle,4,Thursday,120,HEAD ON (NOT OVERTAKING),1,675968,Not at intersection,3,60,Local Road,PUNT,EAST GIPPSLAND,-37.85102,147.8369,2021,2,February,18,Afternoon Peak,Weekday
T20210003125,2021-02-11,06:40:00,1,Collision with vehicle,4,Thursday,130,REAR END(VEHICLES IN SAME LANE),1,680661,Cross intersection,3,80,Arterial Other,STUD,KNOX,-37.860966,145.23949,2021,2,February,6,Morning Peak,Weekday
T20210003128,2021-02-11,06:50:00,1,Collision with vehicle,4,Thursday,130,REAR END(VEHICLES IN SAME LANE),1,676891,Not at intersection,3,100,Arterial Highway,MIDLAND,SHEPPARTON,-36.420044,145.17972,2021,2,February,6,Morning Peak,Weekday
T20210003847,2021-02-11,11:05:00,1,Collision with vehicle,4,Thursday,130,REAR END(VEHICLES IN SAME LANE),1,676448,Not at intersection,2,100,Freeway,WESTERN,MELTON,-37.785515,144.74837,2021,2,February,11,Midday,Weekday
T20210003192,2021-02-11,18:55:00,1,Collision with vehicle,4,Thursday,132,RIGHT REAR.,1,679334,Not at intersection,2,60,Arterial Other,SETTLEMENT,WHITTLESEA,-37.68907,145.02345,2021,2,February,18,Afternoon Peak,Weekday