ACCIDENT_NO,ACCIDENT_DATE,ACCIDENT_TIME,ACCIDENT_TYPE,ACCIDENT_TYPE_DESC,DAY_OF_WEEK,DAY_WEEK_DESC,DCA_CODE,DCA_DESC,LIGHT_CONDITION,NODE_ID,ROAD_GEOMETRY_DESC,SEVERITY,SPEED_ZONE,RMA,ROAD_NAME,LGA_NAME,LATITUDE,LONGITUDE,YEAR,MONTH,MONTH_NAME,HOUR,TIME_PERIOD,DAY_TYPE
T20210003188,2021-02-11,09:10:00,1,Collision with vehicle,4,Thursday,130,REAR END(VEHICLES IN SAME LANE),1,677140,Cross intersection,3,60,Arterial Other,GILLIES,BALLARAT,-37.55588,143.81891,2021,2,February,9,Morning Peak,Weekday
T20210003185,2021-02-11,16:57:00,1,Collision with vehicle,4,Thursday,147,VEHICLE STRIKES ANOTHER VEH WHILE EMERGING FROM DRIVEWAY,1,677226,Not at intersection,2,80,Arterial Other,KOROROIT CREEK,HOBSONS BAY,-37.85062,144.84695,2021,2,February,16,Afternoon Peak,Weekday
T20210003173,2021-02-11,15:05:00,1,Collision with vehicle,4,Thursday,147,VEHICLE STRIKES ANOTHER VEH WHILE EMERGING FROM DRIVEWAY,1,729796,Not at intersection,3,50,Local Road,JOHNSTON,DANDENONG,-38.00697,145.21938,2021,2,February,15,Afternoon Peak,Weekday
T20210003181,2021-02-11,17:00:00,1,Collision with vehicle,4,Thursday,130,REAR END(VEHICLES IN SAME LANE),1,675948,Not at intersection,3,40,Local Road,WENDOUREE,BALLARAT,-37.54758,143.82254,2021,2,February,17,Afternoon Peak,Weekday
T20210003202,2021-02-11,21:51:00,1,Collision with vehicle,4,Thursday,121,RIGHT THROUGH,3,133812,Cross intersection,1,80,Arterial Highway,PRINCES,DANDENONG,-37.933228,145.157,2021,2,February,21,Night,Weekday
T20210003356,2021-02-11,16:00:00,1,Collision with vehicle,4,Thursday,137,LEFT TURN SIDESWIPE,1,678409,Not at intersection,3,60,Arterial Other,BEACH,KINGSTON,-37.98869,145.05975,2021,2,February,16,Afternoon Peak,Weekday
T20210003155,2021-02-11,02:25:00,1,Collision with vehicle,4,Thursday,130,REAR END(VEHICLES IN SAME LANE),5,675314,Not at intersection,1,100,Arterial Highway,WESTERN,WEST WIMMERA,-36.347294,140.98976,2021,2,February,2,Late Night,Weekday
T20210003207,2021-02-11,12:00:00,2,Struck Pedestrian,4,Thursday,106,VEH STRIKES PED ON FOOTPATH/MEDIAN/TRAFFIC ISLAND.,1,48998,Cross intersection,3,70,Arterial Highway,PRINCES,GEELONG,-38.075462,144.36894,2021,2,February,12,Midday,Weekday
T20210003197,2021-02-11,21:19:00,6,Vehicle overturned (no collision),4,Thursday,170,OFF CARRIAGEWAY TO LEFT,3,780816,Not at intersection,3,60,Arterial Highway,DANDENONG VALLEY,DANDENONG,-37.997524,145.21873,2021,2,February,21,Night,Weekday
T20210003196,2021-02-11,16:00:00,1,Collision with vehicle,4,Thursday,110,CROSS TRAFFIC(INTERSECTIONS ONLY),1,338238,Cross intersection,3,50,Local Road,WARATAH,MORNINGTON PENINSULA,-38.375126,144.8369,2021,2,February,16,Afternoon Peak,Weekday
T20210003277,2021-02-11,13:57:00,1,Collision with vehicle,4,Thursday,147,VEHICLE STRIKES ANOTHER VEH WHILE EMERGING FROM DRIVEWAY,1,680075,Not at intersection,3,50,Arterial Other,JUMBUNNA,SOUTH GIPPSLAND,-38.438637,145.8136,2021,2,February,13,Midday,Weekday
T20210003279,2021-02-11,12:52:00,2,Struck Pedestrian,4,Thursday,100,PED NEAR SIDE. PED HIT BY VEHICLE FROM THE RIGHT.,1,590,Cross intersection,3,40,Arterial Other,GLENFERRIE,STONNINGTON,-37.85662,145.02928,2021,2,February,12,Midday,Weekday
T20210003153,2021-02-11,11:18:00,1,Collision with vehicle,4,Thursday,121,RIGHT THROUGH,1,41106,Cross intersection,2,60,Arterial Other,ST KILDA,BAYSIDE,-37.903812,144.98842,2021,2,February,11,Midday,Weekday
T20210006438,2021-02-11,14:00:00,1,Collision with vehicle,4,Thursday,130,REAR END(VEHICLES IN SAME LANE),1,678707,T intersection,3,60,Local Road,ORMOND,PORT PHILLIP,-37.883633,144.9847,2021,2,February,14,Midday,Weekday
T20210003436,2021-02-11,16:30:00,1,Collision with vehicle,4,Thursday,130,REAR END(VEHICLES IN SAME LANE),1,64590,T intersection,3,60,Arterial Other,HEREFORD,YARRA RANGES,-37.784523,145.38208,2021,2,February,16,Afternoon Peak,Weekday
T20210003141,2021-02-11,10:30:00,1,Collision with vehicle,4,Thursday,112,LEFT FAR (INTERSECTIONS ONLY),1,38427,T intersection,3,50,Local Road,CASEY,WHITTLESEA,-37.67438,145.04005,2021,2,February,10,Midday,Weekday
T20210005088,2021-02-11,17:05:00,1,Collision with vehicle,4,Thursday,113,RIGHT NEAR (INTERSECTIONS ONLY),1,49575,T intersection,3,60,Arterial Other,BACCHUS MARSH,MOORABOOL,-37.68529,144.46286,2021,2,February,17,Afternoon Peak,Weekday
T20210003189,2021-02-11,14:49:00,1,Collision with vehicle,4,Thursday,110,CROSS TRAFFIC(INTERSECTIONS ONLY),1,52991,Cross intersection,3,50,Local Road,ALFRED,BALLARAT,-37.583885,143.83461,2021,2,February,14,Midday,Weekday
T20210003148,2021-02-11,08:47:00,1,Collision with vehicle,4,Thursday,130,REAR END(VEHICLES IN SAME LANE),1,677581,Not at intersection,3,60,Arterial Other,PLENTY,WHITTLESEA,-37.625645,145.0969,2021,2,February,8,Morning Peak,Weekday
T20210003139,2021-02-11,09:30:00,1,Collision with vehicle,4,Thursday,137,LEFT TURN SIDESWIPE,1,675817,Cross intersection,2,60,Local Road,PLEASANT,BALLARAT,-37.57268,143.83664,2021,2,February,9,Morning Peak,Weekday
T20210004369,2021-02-11,17:45:00,1,Collision with vehicle,4,Thursday,130,REAR END(VEHICLES IN SAME LANE),1,39314,Cross intersection,3,60,Arterial Other,STATION,WHITEHORSE,-37.81368,145.12477,2021,2,February,17,Afternoon Peak,Weekday
T20210006316,2021-02-11,22:59:00,1,Collision with vehicle,4,Thursday,121,RIGHT THROUGH,3,29400,Cross intersection,3,60,Arterial Highway,ALEXANDRA,MELBOURNE,-37.793045,144.97572,2021,2,February,22,Night,Weekday
T20210004692,2021-02-11,17:30:00,1,Collision with vehicle,4,Thursday,132,RIGHT REAR.,1,42504,T intersection,3,60,Arterial Highway,SPRINGVALE,DANDENONG,-37.95437,145.15187,2021,2,February,17,Afternoon Peak,Weekday
T20210016145,2021-02-11,14:30:00,1,Collision with vehicle,4,Thursday,121,RIGHT THROUGH,1,51643,Cross intersection,2,50,Local Road,EDWARD,BENDIGO,-36.76428,144.28052,2021,2,February,14,Midday,Weekday
T20210003555,2021-02-11,08:00:00,1,Collision with vehicle,4,Thursday,116,LEFT NEAR (INTERSECTIONS ONLY),1,218,Cross intersection,3,80,Arterial Other,HUME,HUME,-37.63808,144.9503,2021,2,February,8,Morning Peak,Weekday
T20210003199,2021-02-11,17:48:00,1,Collision with vehicle,4,Thursday,130,REAR END(VEHICLES IN SAME LANE),2,73687,Multiple intersection,2,80,Freeway,PENINSULA LINK,MORNINGTON PENINSULA,-38.376717,144.88911,2021,2,February,17,Afternoon Peak,Weekday
T20210012757,2021-02-12,16:30:00,1,Collision with vehicle,5,Friday,137,LEFT TURN SIDESWIPE,9,29832,T intersection,3,60,Arterial Other,MT ALEXANDER,MOONEE VALLEY,-37.7755,144.9284,2021,2,February,16,Afternoon Peak,Weekday
T20210003318,2021-02-12,21:08:00,2,Struck Pedestrian,5,Friday,102,FAR SIDE. PED HIT BY VEHICLE FROM THE LEFT,5,680755,Not at intersection,2,70,Local Road,BANK,LATROBE,-38.205128,146.51395,2021,2,February,21,Night,Weekday
T20210003475,2021-02-12,22:50:00,1,Collision with vehicle,5,Friday,121,RIGHT THROUGH,3,332806,Cross intersection,2,80,Arterial Other,NARRE WARREN NORTH,CASEY,-37.9967,145.31282,2021,2,February,22,Night,Weekday
T20210003474,2021-02-12,22:00:00,1,Collision with vehicle,5,Friday,130,REAR END(VEHICLES IN SAME LANE),3,43113,T intersection,3,60,Local Road,KIDDS,CASEY,-37.987244,145.23534,2021,2,February,22,Night,Weekday
T20210003320,2021-02-12,21:47:00,2,Struck Pedestrian,5,Friday,100,PED NEAR SIDE. PED HIT BY VEHICLE FROM THE RIGHT.,3,677061,Not at intersection,2,60,Arterial Highway,NORTH,GLEN EIRA,-37.903957,145.03952,2021,2,February,21,Night,Weekday
T20210003891,2021-02-12,13:00:00,1,Collision with vehicle,5,Friday,130,REAR END(VEHICLES IN SAME LANE),1,729897,Not at intersection,3,70,Arterial Highway,SETTLEMENT,GEELONG,-38.174583,144.35257,2021,2,February,13,Midday,Weekday
T20210003241,2021-02-12,06:38:00,1,Collision with vehicle,5,Friday,110,CROSS TRAFFIC(INTERSECTIONS ONLY),1,266135,Cross intersection,2,70,Arterial Highway,BELLARINE,GEELONG,-38.17063,144.39145,2021,2,February,6,Morning Peak,Weekday
T20210003690,2021-02-12,16:35:00,1,Collision with vehicle,5,Friday,120,HEAD ON (NOT OVERTAKING),1,676133,T intersection,3,60,Arterial Highway,NEILL,PYRENEES,-37.430058,143.38638,2021,2,February,16,Afternoon Peak,Weekday
T20210003577,2021-02-12,13:57:00,1,Collision with vehicle,5,Friday,130,REAR END(VEHICLES IN SAME LANE),1,677141,Not at intersection,3,60,Arterial Highway,POINT NEPEAN,MORNINGTON PENINSULA,-38.35094,144.92241,2021,2,February,13,Midday,Weekday
T20210003691,2021-02-12,22:42:00,1,Collision with vehicle,5,Friday,121,RIGHT THROUGH,3,676740,Cross intersection,3,80,Arterial Other,SHARPS,HUME,-37.70684,144.86786,2021,2,February,22,Night,Weekday
T20210003694,2021-02-12,15:15:00,2,Struck Pedestrian,5,Friday,102,FAR SIDE. PED HIT BY VEHICLE FROM THE LEFT,1,668,T intersection,3,50,Local Road,GLEN HUNTLY,GLEN EIRA,-37.884193,145.00018,2021,2,February,15,Afternoon Peak,Weekday
T20210005584,2021-02-12,09:40:00,1,Collision with vehicle,5,Friday,121,RIGHT THROUGH,1,345969,Multiple intersection,3,80,Arterial Highway,SOUTH GIPPSLAND,CASEY,-38.13268,145.29549,2021,2,February,9,Morning Peak,Weekday
T20210005486,2021-02-12,13:10:00,1,Collision with vehicle,5,Friday,130,REAR END(VEHICLES IN SAME LANE),1,679841,Not at intersection,3,80,Arterial Highway,NEPEAN,GLEN EIRA,-37.925034,145.02682,2021,2,February,13,Midday,Weekday
T20210004809,2021-02-12,22:00:00,1,Collision with vehicle,5,Friday,130,REAR END(VEHICLES IN SAME LANE),3,36483,Not at intersection,3,60,Arterial Other,BRUNSWICK,YARRA,-37.790676,144.97977,2021,2,February,22,Night,Weekday
T20210003328,2021-02-12,15:30:00,1,Collision with vehicle,5,Friday,130,REAR END(VEHICLES IN SAME LANE),1,675548,Not at intersection,3,40,Local Road,GEORGE,MANNINGHAM,-37.780968,145.14993,2021,2,February,15,Afternoon Peak,Weekday
T20210003336,2021-02-12,20:05:00,1,Collision with vehicle,5,Friday,111,RIGHT FAR (INTERSECTIONS ONLY),1,35833,Cross intersection,2,80,Arterial Other,BUNGAREE-CRESWICK,MOORABOOL,-37.52267,143.96796,2021,2,February,20,Night,Weekday
T20210004471,2021-02-12,08:50:00,1,Collision with vehicle,5,Friday,121,RIGHT THROUGH,1,260358,Not at intersection,3,60,Local Road,ROSAMOND,MARIBYRNONG,-37.7728,144.88615,2021,2,February,8,Morning Peak,Weekday
T20210003214,2021-02-12,07:48:00,1,Collision with vehicle,5,Friday,121,RIGHT THROUGH,2,714,Cross intersection,3,60,Arterial Other,WAVERLEY,MONASH,-37.884705,145.12735,2021,2,February,7,Morning Peak,Weekday
T20210003335,2021-02-12,21:40:00,4,Collision with a fixed object,5,Friday,181,OFF RIGHT BEND INTO OBJECT/PARKED VEHICLE,5,682805,Not at intersection,2,100,Local Road,RIDGE,MACEDON RANGES,-37.257248,144.62166,2021,2,February,21,Night,Weekday
T20210003238,2021-02-12,12:11:00,1,Collision with vehicle,5,Friday,121,RIGHT THROUGH,1,42243,T intersection,2,60,Arterial Other,WICKHAM,KINGSTON,-37.947247,145.0591,2021,2,February,12,Midday,Weekday
T20210003761,2021-02-12,17:05:00,1,Collision with vehicle,5,Friday,130,REAR END(VEHICLES IN SAME LANE),1,691769,Not at intersection,3,60,Arterial Highway,BULLEEN,BOROONDARA,-37.780655,145.0787,2021,2,February,17,Afternoon Peak,Weekday
T20210003200,2021-02-12,01:20:00,3,Struck animal,5,Friday,167,STRUCK ANIMAL,5,677729,Not at intersection,3,90,Arterial Highway,MURRAY VALLEY,CAMPASPE,-36.156765,144.78981,2021,2,February,1,Late Night,Weekday
T20210003237,2021-02-12,11:15:00,8,No collision and no object struck,5,Friday,184,OUT OF CONTROL ON CARRIAGEWAY (ON BEND),1,677192,Not at intersection,2,50,Local Road,BUNYIP RIVER,CARDINIA,-37.95681,145.70972,2021,2,February,11,Midday,Weekday
T20210007187,2021-02-12,19:00:00,1,Collision with vehicle,5,Friday,130,REAR END(VEHICLES IN SAME LANE),1,346509,Not at intersection,3,80,Arterial Highway,KINGS,MELBOURNE,-37.826817,144.96138,2021,2,February,19,Night,Weekday
T20210003235,2021-02-12,11:19:00,8,No collision and no object struck,5,Friday,182,OFF CARRIAGEWAY ON LEFT BEND,1,773770,Not at intersection,3,100,Arterial Other,BROADFORD-FLOWERDALE,MURRINDINDI,-37.247654,145.17064,2021,2,February,11,Midday,Weekday
T20210004859,2021-02-12,16:30:00,1,Collision with vehicle,5,Friday,132,RIGHT REAR.,1,689996,Multiple intersection,3,80,Arterial Highway,SOUTH GIPPSLAND,CASEY,-38.03672,145.24777,2021,2,February,16,Afternoon Peak,Weekday
T20210003441,2021-02-12,00:30:00,1,Collision with vehicle,5,Friday,131,LEFT REAR,9,675823,T intersection,3,50,Local Road,GREENWOOD,MORELAND,-37.73933,144.94737,2021,2,February,0,Late Night,Weekday
T20210003383,2021-02-12,15:50:00,1,Collision with vehicle,5,Friday,142,LEAVING PARKING,1,678073,Not at intersection,2,40,Arterial Other,CHAPEL,STONNINGTON,-37.836082,144.99632,2021,2,February,15,Afternoon Peak,Weekday
T20210003600,2021-02-12,10:50:00,1,Collision with vehicle,5,Friday,137,LEFT TURN SIDESWIPE,1,677502,Not at intersection,2,60,Local Road,BRIDGE,PORT PHILLIP,-37.834072,144.94026,2021,2,February,10,Midday,Weekday
T20210003228,2021-02-12,09:05:00,1,Collision with vehicle,5,Friday,130,REAR END(VEHICLES IN SAME LANE),1,675544,Cross intersection,2,50,Local Road,PECK,MOONEE VALLEY,-37.729954,144.9228,2021,2,February,9,Morning Peak,Weekday
T20210003227,2021-02-12,08:30:00,1,Collision with vehicle,5,Friday,121,RIGHT THROUGH,1,876,Cross intersection,3,60,Arterial Other,HEATHERTON,CASEY,-37.972965,145.24231,2021,2,February,8,Morning Peak,Weekday
T20210003224,2021-02-12,08:30:00,1,Collision with vehicle,5,Friday,121,RIGHT THROUGH,1,41226,T intersection,3,40,Arterial Other,GLEN EIRA,GLEN EIRA,-37.87876,145.01303,2021,2,February,8,Morning Peak,Weekday
T20210003220,2021-02-12,08:30:00,1,Collision with vehicle,5,Friday,130,REAR END(VEHICLES IN SAME LANE),1,729884,Not at intersection,3,40,Freeway,WESTERN,MOORABOOL,-37.591434,144.17369,2021,2,February,8,Morning Peak,Weekday
T20210003216,2021-02-12,07:35:00,1,Collision with vehicle,5,Friday,121,RIGHT THROUGH,1,42755,T intersection,2,60,Arterial Other,CENTRE DANDENONG,KINGSTON,-37.966026,145.06078,2021,2,February,7,Morning Peak,Weekday
T20210003477,2021-02-12,16:30:00,1,Collision with vehicle,5,Friday,110,CROSS TRAFFIC(INTERSECTIONS ONLY),1,29737,Cross intersection,2,50,Local Road,PLAYNE,FRANKSTON,-38.145275,145.12311,2021,2,February,16,Afternoon Peak,Weekday
T20210008470,2021-02-12,07:50:00,1,Collision with vehicle,5,Friday,124,RIGHT/RIGHT BOTH VEHs FROM OPPOSITE DIRECTIONS TURNING RIGHT,1,43935,T intersection,3,80,Arterial Highway,SOUTH GIPPSLAND,CASEY,-38.159912,145.31857,2021,2,February,7,Morning Peak,Weekday
T20210003281,2021-02-12,17:40:00,1,Collision with vehicle,5,Friday,111,RIGHT FAR (INTERSECTIONS ONLY),1,70484,Cross intersection,2,60,Arterial Other,BALCOMBE,BAYSIDE,-37.97967,145.05176,2021,2,February,17,Afternoon Peak,Weekday
T20210003271,2021-02-12,16:35:00,1,Collision with vehicle,5,Friday,147,VEHICLE STRIKES ANOTHER VEH WHILE EMERGING FROM DRIVEWAY,1,780802,Not at intersection,3,50,Local Road,CLOSE,DANDENONG,-37.98262,145.20985,2021,2,February,16,Afternoon Peak,Weekday
T20210003266,2021-02-12,06:55:00,4,Collision with a fixed object,5,Friday,173,RIGHT OFF CARRIAGEWAY INTO OBJECT/PARKED VEHICLE,1,675466,Not at intersection,2,100,Freeway,EASTLINK,DANDENONG,-38.047012,145.1861,2021,2,February,6,Morning Peak,Weekday
T20210003260,2021-02-12,08:20:00,6,Vehicle overturned (no collision),5,Friday,179,OTHER ACCIDENTS-OFF STRAIGHT NOT INCLUDED IN DCAs 170-175,1,677723,Not at intersection,3,50,Local Road,CLISSOLD,SURF COAST,-38.535618,143.97049,2021,2,February,8,Morning Peak,Weekday
T20210003259,2021-02-12,14:50:00,1,Collision with vehicle,5,Friday,160,VEHICLE COLLIDES WITH VEHICLE PARKED ON LEFT OF ROAD,1,729593,Not at intersection,2,40,Arterial Other,SHANNON,GEELONG,-38.137474,144.33699,2021,2,February,14,Midday,Weekday
T20210003255,2021-02-12,11:20:00,1,Collision with vehicle,5,Friday,147,VEHICLE STRIKES ANOTHER VEH WHILE EMERGING FROM DRIVEWAY,1,678547,Not at intersection,3,50,Local Road,FILLO,HUME,-37.63852,144.95665,2021,2,February,11,Midday,Weekday
T20210003254,2021-02-12,13:52:00,1,Collision with vehicle,5,Friday,121,RIGHT THROUGH,1,779894,Cross intersection,3,60,Local Road,LORNE,PORT PHILLIP,-37.850487,144.97948,2021,2,February,13,Midday,Weekday
T20210003252,2021-02-12,12:00:00,1,Collision with vehicle,5,Friday,139,OTHER SAME DIRECTION-MANOUEVRES NOT INCLUDED IN DCAs 130-137,1,729886,Not at intersection,2,80,Freeway,CITYLINK,YARRA,-37.829487,144.9883,2021,2,February,12,Midday,Weekday
T20210003250,2021-02-12,13:05:00,1,Collision with vehicle,5,Friday,132,RIGHT REAR.,1,684101,T intersection,3,60,Arterial Other,PASCOE VALE,HUME,-37.687828,144.91643,2021,2,February,13,Midday,Weekday
T20210003246,2021-02-12,12:30:00,4,Collision with a fixed object,5,Friday,183,OFF LEFT BEND INTO OBJECT/PARKED VEHICLE,1,729885,Not at intersection,3,100,Local Road,FORD,SHEPPARTON,-36.34742,145.46002,2021,2,February,12,Midday,Weekday
T20210003243,2021-02-12,12:40:00,2,Struck Pedestrian,5,Friday,100,PED NEAR SIDE. PED HIT BY VEHICLE FROM THE RIGHT.,1,675949,Not at intersection,2,50,Arterial Highway,MANIFOLD STREET SERVICE,CORANGAMITE,-38.2313,143.1454,2021,2,February,12,Midday,Weekday
T20210003242,2021-02-12,13:15:00,1,Collision with vehicle,5,Friday,147,VEHICLE STRIKES ANOTHER VEH WHILE EMERGING FROM DRIVEWAY,1,675722,Not at intersection,3,70,Arterial Other,MIDDLEBOROUGH,WHITEHORSE,-37.831615,145.1361,2021,2,February,13,Midday,Weekday
T20210003283,2021-02-12,16:45:00,6,Vehicle overturned (no collision),5,Friday,170,OFF CARRIAGEWAY TO LEFT,1,675625,Not at intersection,3,100,Arterial Other,NATIMUK-FRANCES,WEST WIMMERA,-36.760784,141.08421,2021,2,February,16,Afternoon Peak,Weekday
T20210012009,2021-02-12,15:15:00,1,Collision with vehicle,5,Friday,111,RIGHT FAR (INTERSECTIONS ONLY),1,685873,T intersection,3,40,Local Road,BROUGHAM,GEELONG,-38.143963,144.35732,2021,2,February,15,Afternoon Peak,Weekday
T20210003288,2021-02-12,16:40:00,1,Collision with vehicle,5,Friday,113,RIGHT NEAR (INTERSECTIONS ONLY),1,52835,T intersection,3,50,Local Road,WEBSTER,BALLARAT,-37.557194,143.8543,2021,2,February,16,Afternoon Peak,Weekday
T20210003290,2021-02-12,18:28:00,1,Collision with vehicle,5,Friday,121,RIGHT THROUGH,1,49138,T intersection,3,60,Local Road,LINCOLN,MAROONDAH,-37.788345,145.30037,2021,2,February,18,Afternoon Peak,Weekday
T20210003293,2021-02-12,19:46:00,1,Collision with vehicle,5,Friday,148,VEHICLE OFF FOOTPATH STRIKES VEH ON CARRIAGEWAY,1,675626,Not at intersection,2,70,Arterial Other,BONEO,MORNINGTON PENINSULA,-38.36175,144.88965,2021,2,February,19,Night,Weekday
T20210003295,2021-02-12,13:30:00,1,Collision with vehicle,5,Friday,130,REAR END(VEHICLES IN SAME LANE),1,679219,Not at intersection,3,90,Arterial Other,KOO WEE RUP,CARDINIA,-38.109165,145.48657,2021,2,February,13,Midday,Weekday
T20210003298,2021-02-12,13:55:00,1,Collision with vehicle,5,Friday,130,REAR END(VEHICLES IN SAME LANE),1,22522,Cross intersection,3,50,Arterial Other,DRUMMOND,BALLARAT,-37.55856,143.84785,2021,2,February,13,Midday,Weekday
T20210003299,2021-02-12,17:12:00,1,Collision with vehicle,5,Friday,140,U TURN,1,65926,T intersection,3,50,Local Road,HARBOUR,MELBOURNE,-37.814995,144.945,2021,2,February,17,Afternoon Peak,Weekday
T20210003300,2021-02-12,20:20:00,1,Collision with vehicle,5,Friday,130,REAR END(VEHICLES IN SAME LANE),1,784807,Not at intersection,2,80,Freeway,MONASH,MONASH,-37.92479,145.17896,2021,2,February,20,Night,Weekday
T20210003309,2021-02-12,22:07:00,6,Vehicle overturned (no collision),5,Friday,174,OUT OF CONTROL ON CARRIAGEWAY (ON STRAIGHT),3,675547,Not at intersection,2,60,Arterial Other,MURRAY,MORELAND,-37.735905,144.98239,2021,2,February,22,Night,Weekday
T20210004197,2021-02-12,08:00:00,6,Vehicle overturned (no collision),5,Friday,182,OFF CARRIAGEWAY ON LEFT BEND,1,676574,Not at intersection,2,50,Local Road,SUMMERHILL,WHITTLESEA,-37.5731,144.96796,2021,2,February,8,Morning Peak,Weekday
T20210003317,2021-02-12,23:10:00,1,Collision with vehicle,5,Friday,160,VEHICLE COLLIDES WITH VEHICLE PARKED ON LEFT OF ROAD,3,678155,Not at intersection,2,50,Local Road,HILL,GLEN EIRA,-37.92172,145.06096,2021,2,February,23,Night,Weekday
T20210003351,2021-02-13,15:05:00,1,Collision with vehicle,6,Saturday,121,RIGHT THROUGH,1,265011,T intersection,2,50,Local Road,DEVIRA,DANDENONG,-37.96405,145.21489,2021,2,February,15,Afternoon Peak,Weekend
T20210003343,2021-02-13,14:25:00,1,Collision with vehicle,6,Saturday,110,CROSS TRAFFIC(INTERSECTIONS ONLY),1,38020,Cross intersection,2,50,Local Road,ROSSMOYNE,DAREBIN,-37.7585,145.0133,2021,2,February,14,Midday,Weekend
T20210003345,2021-02-13,15:00:00,4,Collision with a fixed object,6,Saturday,171,LEFT OFF CARRIAGEWAY INTO OBJECT/PARKED VEHICLE,1,677191,Not at intersection,3,60,Local Road,ARUNDEL,HUME,-37.693836,144.83073,2021,2,February,15,Afternoon Peak,Weekend
T20210023720,2021-02-13,15:28:00,4,Collision with a fixed object,6,Saturday,171,LEFT OFF CARRIAGEWAY INTO OBJECT/PARKED VEHICLE,1,702229,Not at intersection,2,60,Local Road,COONANS,MORELAND,-37.748257,144.93542,2021,2,February,15,Afternoon Peak,Weekend
T20210003330,2021-02-13,06:50:00,4,Collision with a fixed object,6,Saturday,171,LEFT OFF CARRIAGEWAY INTO OBJECT/PARKED VEHICLE,2,676194,Not at intersection,2,100,Arterial Highway,MELBA,MURRINDINDI,-37.51088,145.42432,2021,2,February,6,Morning Peak,Weekend
T20210004084,2021-02-13,18:30:00,1,Collision with vehicle,6,Saturday,110,CROSS TRAFFIC(INTERSECTIONS ONLY),1,41249,Cross intersection,3,60,Arterial Other,GLEN EIRA,GLEN EIRA,-37.879154,145.01631,2021,2,February,18,Afternoon Peak,Weekend
T20210006548,2021-02-13,13:30:00,4,Collision with a fixed object,6,Saturday,171,LEFT OFF CARRIAGEWAY INTO OBJECT/PARKED VEHICLE,1,70440,T intersection,3,50,Local Road,VALERIE,DANDENONG,-37.976894,145.17896,2021,2,February,13,Midday,Weekend
T20210005506,2021-02-13,01:30:00,4,Collision with a fixed object,6,Saturday,175,OFF END OF ROAD/T-INTERSECTION.,3,679615,T intersection,2,50,Local Road,GEORGE,SURF COAST,-38.545013,143.97142,2021,2,February,1,Late Night,Weekend
T20210006436,2021-02-13,10:00:00,6,Vehicle overturned (no collision),6,Saturday,174,OUT OF CONTROL ON CARRIAGEWAY (ON STRAIGHT),1,678743,Not at intersection,3,80,Local Road,BONA VISTA,BAW BAW,-38.199448,145.9456,2021,2,February,10,Midday,Weekend
T20210003314,2021-02-13,00:00:00,4,Collision with a fixed object,6,Saturday,173,RIGHT OFF CARRIAGEWAY INTO OBJECT/PARKED VEHICLE,5,681014,Not at intersection,3,100,Arterial Other,DARLINGTON-CAMPERDOWN,CORANGAMITE,-38.100834,143.09506,2021,2,February,0,Late Night,Weekend
T20210003322,2021-02-13,01:54:00,4,Collision with a fixed object,6,Saturday,181,OFF RIGHT BEND INTO OBJECT/PARKED VEHICLE,5,679904,Not at intersection,2,80,Arterial Other,BUFFALO RIVER,ALPINE,-36.57497,146.7113,2021,2,February,1,Late Night,Weekend
T20210003313,2021-02-13,00:56:00,6,Vehicle overturned (no collision),6,Saturday,174,OUT OF CONTROL ON CARRIAGEWAY (ON STRAIGHT),3,43161,T intersection,2,50,Local Road,JAMES COOK,CASEY,-37.987633,145.26158,2021,2,February,0,Late Night,Weekend
T20210003358,2021-02-13,16:00:00,6,Vehicle overturned (no collision),6,Saturday,184,OUT OF CONTROL ON CARRIAGEWAY (ON BEND),1,677501,Y intersection,3,100,Local Road,FLAT ROCK,INDIGO,-36.3678,146.64525,2021,2,February,16,Afternoon Peak,Weekend
T20210003407,2021-02-14,15:15:00,4,Collision with a fixed object,7,Sunday,181,OFF RIGHT BEND INTO OBJECT/PARKED VEHICLE,1,689642,Not at intersection,2,100,Local Road,FRAMLINGHAM,MOYNE,-38.2563,142.65994,2021,2,February,15,Afternoon Peak,Weekend
T20210003393,2021-02-14,16:33:00,1,Collision with vehicle,7,Sunday,130,REAR END(VEHICLES IN SAME LANE),1,677411,Not at intersection,3,80,Arterial Other,PRINCES,WYNDHAM,-37.88443,144.70108,2021,2,February,16,Afternoon Peak,Weekend
T20210003395,2021-02-14,18:38:00,1,Collision with vehicle,7,Sunday,120,HEAD ON (NOT OVERTAKING),1,682436,Not at intersection,3,60,Local Road,REES,MELTON,-37.708363,144.5637,2021,2,February,18,Afternoon Peak,Weekend
T20210003422,2021-02-14,14:00:00,1,Collision with vehicle,7,Sunday,140,U TURN,1,773419,Not at intersection,2,40,Arterial Other,JOHNSTON,YARRA,-37.798885,144.98358,2021,2,February,14,Midday,Weekend
T20210005455,2021-02-14,18:40:00,1,Collision with vehicle,7,Sunday,132,RIGHT REAR.,1,43136,Cross intersection,3,60,Arterial Other,BARRY,HUME,-37.663754,144.92218,2021,2,February,18,Afternoon Peak,Weekend