ACCIDENT_NO,ACCIDENT_DATE,ACCIDENT_TIME,ACCIDENT_TYPE,ACCIDENT_TYPE_DESC,DAY_OF_WEEK,DAY_WEEK_DESC,DCA_CODE,DCA_DESC,LIGHT_CONDITION,NODE_ID,ROAD_GEOMETRY_DESC,SEVERITY,SPEED_ZONE,RMA,ROAD_NAME,LGA_NAME,LATITUDE,LONGITUDE,YEAR,MONTH,MONTH_NAME,HOUR,TIME_PERIOD,DAY_TYPE
T20210003378,2021-02-14,12:10:00,8,No collision and no object struck,7,Sunday,174,OUT OF CONTROL ON CARRIAGEWAY (ON STRAIGHT),1,675723,Cross intersection,2,70,Local Road,HIGH,BENDIGO,-36.933453,144.7158,2021,2,February,12,Midday,Weekend
T20210003382,2021-02-14,14:00:00,1,Collision with vehicle,7,Sunday,110,CROSS TRAFFIC(INTERSECTIONS ONLY),1,29790,Cross intersection,2,70,Local Road,SAYERS,WYNDHAM,-37.84638,144.66946,2021,2,February,14,Midday,Weekend
T20210003367,2021-02-14,03:40:00,1,Collision with vehicle,7,Sunday,120,HEAD ON (NOT OVERTAKING),5,729887,Not at intersection,3,60,Arterial Other,OLD GEELONG,WYNDHAM,-37.85365,144.76399,2021,2,February,3,Late Night,Weekend
T20210003440,2021-02-14,18:00:00,6,Vehicle overturned (no collision),7,Sunday,174,OUT OF CONTROL ON CARRIAGEWAY (ON STRAIGHT),1,676667,Cross intersection,2,50,Local Road,WALPOLE,MORNINGTON PENINSULA,-38.366367,144.88591,2021,2,February,18,Afternoon Peak,Weekend
T20210005693,2021-02-14,16:42:00,1,Collision with vehicle,7,Sunday,130,REAR END(VEHICLES IN SAME LANE),1,678088,Not at intersection,3,100,Freeway,PRINCES,HOBSONS BAY,-37.860985,144.77718,2021,2,February,16,Afternoon Peak,Weekend
T20210003398,2021-02-14,19:49:00,4,Collision with a fixed object,7,Sunday,171,LEFT OFF CARRIAGEWAY INTO OBJECT/PARKED VEHICLE,2,675953,Not at intersection,1,100,Local Road,LEWIS,YARRA RANGES,-37.804146,145.42108,2021,2,February,19,Night,Weekend
T20210003364,2021-02-14,00:00:00,2,Struck Pedestrian,7,Sunday,104,PED WALKING WITH TRAFFIC,3,675951,Not at intersection,2,80,Arterial Highway,CHELTENHAM,DANDENONG,-37.993347,145.16646,2021,2,February,0,Late Night,Weekend
T20210005708,2021-02-14,16:15:00,1,Collision with vehicle,7,Sunday,147,VEHICLE STRIKES ANOTHER VEH WHILE EMERGING FROM DRIVEWAY,1,678089,Not at intersection,3,60,Arterial Other,ANAKIE,GEELONG,-38.096924,144.3342,2021,2,February,16,Afternoon Peak,Weekend
T20210003366,2021-02-14,02:58:00,4,Collision with a fixed object,7,Sunday,171,LEFT OFF CARRIAGEWAY INTO OBJECT/PARKED VEHICLE,3,684084,Not at intersection,2,100,Freeway,MONASH IN-HEATHERTON,CASEY,-37.973648,145.23712,2021,2,February,2,Late Night,Weekend
T20210003391,2021-02-14,16:18:00,1,Collision with vehicle,7,Sunday,121,RIGHT THROUGH,1,427,T intersection,3,70,Arterial Other,HEIDELBERG-WARRANDYTE,MANNINGHAM,-37.752407,145.17436,2021,2,February,16,Afternoon Peak,Weekend
T20210003488,2021-02-14,14:27:00,1,Collision with vehicle,7,Sunday,130,REAR END(VEHICLES IN SAME LANE),1,698463,T intersection,2,70,Arterial Other,SOUTH,KINGSTON,-37.9353,145.0523,2021,2,February,14,Midday,Weekend
T20210003437,2021-02-15,15:58:00,1,Collision with vehicle,1,Monday,148,VEHICLE OFF FOOTPATH STRIKES VEH ON CARRIAGEWAY,1,675822,Not at intersection,3,40,Local Road,SCOTCHMER,YARRA,-37.783493,144.98557,2021,2,February,15,Afternoon Peak,Weekday
T20210006342,2021-02-15,18:30:00,4,Collision with a fixed object,1,Monday,193,STRUCK RAILWAY CROSSING FURNITURE,1,690072,Not at intersection,3,100,Local Road,WOORINEN,SWAN HILL,-35.30164,143.48616,2021,2,February,18,Afternoon Peak,Weekday
T20210003417,2021-02-15,09:40:00,4,Collision with a fixed object,1,Monday,173,RIGHT OFF CARRIAGEWAY INTO OBJECT/PARKED VEHICLE,1,51081,Cross intersection,2,50,Local Road,MAUDE,SHEPPARTON,-36.386703,145.39967,2021,2,February,9,Morning Peak,Weekday
T20210003467,2021-02-15,15:00:00,2,Struck Pedestrian,1,Monday,103,PED PLAYING/LYING/WORKING/STANDING ON CARRIAGEWAY.,1,675830,T intersection,2,50,Local Road,TIVERTON,MONASH,-37.926033,145.17915,2021,2,February,15,Afternoon Peak,Weekday
T20210005382,2021-02-15,05:54:00,1,Collision with vehicle,1,Monday,133,LANE SIDE SWIPE (VEHICLES IN PARALLEL LANES),2,677768,Not at intersection,3,50,Arterial Other,CHURCH,YARRA,-37.816563,144.99954,2021,2,February,5,Morning Peak,Weekday
T20210003442,2021-02-15,16:30:00,1,Collision with vehicle,1,Monday,113,RIGHT NEAR (INTERSECTIONS ONLY),1,67855,T intersection,3,80,Arterial Highway,DANDENONG,STONNINGTON,-37.866142,145.02771,2021,2,February,16,Afternoon Peak,Weekday
T20210003416,2021-02-15,11:50:00,1,Collision with vehicle,1,Monday,132,RIGHT REAR.,1,51124,T intersection,3,60,Local Road,PATERSON,SHEPPARTON,-36.39903,145.41331,2021,2,February,11,Midday,Weekday
T20210003487,2021-02-15,21:10:00,8,No collision and no object struck,1,Monday,180,OFF CARRIAGEWAY ON RIGHT BEND,5,681867,Not at intersection,2,100,Arterial Other,BALLAN,WYNDHAM,-37.794994,144.47977,2021,2,February,21,Night,Weekday
T20210003443,2021-02-15,16:15:00,1,Collision with vehicle,1,Monday,148,VEHICLE OFF FOOTPATH STRIKES VEH ON CARRIAGEWAY,1,676342,T intersection,3,50,Local Road,HIGH,KINGSTON,-38.004337,145.08472,2021,2,February,16,Afternoon Peak,Weekday
T20210003412,2021-02-15,10:45:00,4,Collision with a fixed object,1,Monday,175,OFF END OF ROAD/T-INTERSECTION.,1,675955,Dead end,3,50,Local Road,BUNDY,FRANKSTON,-38.11476,145.16014,2021,2,February,10,Midday,Weekday
T20210004399,2021-02-15,14:15:00,1,Collision with vehicle,1,Monday,131,LEFT REAR,1,69298,Cross intersection,3,60,Arterial Highway,PRINCES,EAST GIPPSLAND,-37.8737,148.00864,2021,2,February,14,Midday,Weekday
T20210003429,2021-02-15,07:36:00,1,Collision with vehicle,1,Monday,111,RIGHT FAR (INTERSECTIONS ONLY),1,675821,T intersection,3,50,Local Road,EASTSTONE,WHITTLESEA,-37.616623,144.99985,2021,2,February,7,Morning Peak,Weekday
T20210003448,2021-02-15,20:38:00,1,Collision with vehicle,1,Monday,134,LANE CHANGE RIGHT (NOT OVERTAKING),9,682649,Not at intersection,2,60,Arterial Other,STUDLEY PARK,BOROONDARA,-37.80672,145.0212,2021,2,February,20,Night,Weekday
T20210003434,2021-02-15,15:49:00,1,Collision with vehicle,1,Monday,121,RIGHT THROUGH,1,37177,Cross intersection,2,80,Arterial Highway,STUD,KNOX,-37.902264,145.23509,2021,2,February,15,Afternoon Peak,Weekday
T20210003439,2021-02-15,17:30:00,2,Struck Pedestrian,1,Monday,109,ANY MANOEUVRE INVOLVING PED NOT INCLUDED IN DCAs 100-108.,1,676892,Not at intersection,3,50,Local Road,PATTERSON,WHITEHORSE,-37.82583,145.16815,2021,2,February,17,Afternoon Peak,Weekday
T20210003457,2021-02-15,23:45:00,4,Collision with a fixed object,1,Monday,173,RIGHT OFF CARRIAGEWAY INTO OBJECT/PARKED VEHICLE,3,679221,Not at intersection,3,60,Local Road,FINDON,WHITTLESEA,-37.64451,145.06383,2021,2,February,23,Night,Weekday
T20210003450,2021-02-15,21:11:00,1,Collision with vehicle,1,Monday,136,RIGHT TURN SIDESWIPE,3,278819,T intersection,2,60,Local Road,MCKIMMIES,WHITTLESEA,-37.67665,145.04443,2021,2,February,21,Night,Weekday
T20210003427,2021-02-15,12:14:00,1,Collision with vehicle,1,Monday,130,REAR END(VEHICLES IN SAME LANE),1,679220,Not at intersection,3,50,Local Road,BALMORAL,CARDINIA,-38.065044,145.47496,2021,2,February,12,Midday,Weekday
T20210003444,2021-02-15,17:51:00,3,Struck animal,1,Monday,167,STRUCK ANIMAL,1,680017,Not at intersection,2,100,Local Road,PATYAH,WEST WIMMERA,-36.988068,141.28069,2021,2,February,17,Afternoon Peak,Weekday
T20210003456,2021-02-15,22:52:00,4,Collision with a fixed object,1,Monday,173,RIGHT OFF CARRIAGEWAY INTO OBJECT/PARKED VEHICLE,3,684665,Not at intersection,2,60,Arterial Highway,KINGS,PORT PHILLIP,-37.832123,144.96664,2021,2,February,22,Night,Weekday
T20210003453,2021-02-15,23:00:00,1,Collision with vehicle,1,Monday,120,HEAD ON (NOT OVERTAKING),5,691707,Not at intersection,3,60,Arterial Highway,CALDER,MILDURA,-34.860073,142.29945,2021,2,February,23,Night,Weekday
T20210003402,2021-02-15,02:00:00,6,Vehicle overturned (no collision),1,Monday,180,OFF CARRIAGEWAY ON RIGHT BEND,5,773137,Not at intersection,2,100,Arterial Highway,PRINCES,MOYNE,-38.328453,142.40224,2021,2,February,2,Late Night,Weekday
T20210005551,2021-02-15,12:50:00,1,Collision with vehicle,1,Monday,130,REAR END(VEHICLES IN SAME LANE),1,677852,T intersection,3,80,Arterial Other,CRANBOURNE-FRANKSTON,CASEY,-38.11009,145.25842,2021,2,February,12,Midday,Weekday
T20210003421,2021-02-15,13:38:00,1,Collision with vehicle,1,Monday,121,RIGHT THROUGH,1,676666,Cross intersection,2,60,Arterial Other,CLAYTON,MONASH,-37.91907,145.1209,2021,2,February,13,Midday,Weekday
T20210003431,2021-02-15,14:32:00,1,Collision with vehicle,1,Monday,121,RIGHT THROUGH,1,514,Cross intersection,3,60,Arterial Highway,MAROONDAH,MAROONDAH,-37.814587,145.23103,2021,2,February,14,Midday,Weekday
T20210003473,2021-02-16,08:00:00,1,Collision with vehicle,2,Tuesday,111,RIGHT FAR (INTERSECTIONS ONLY),1,38525,Multiple intersection,3,50,Local Road,FAIRBAIRN,BRIMBANK,-37.79306,144.81953,2021,2,February,8,Morning Peak,Weekday
T20210003582,2021-02-16,05:40:00,8,No collision and no object struck,2,Tuesday,174,OUT OF CONTROL ON CARRIAGEWAY (ON STRAIGHT),2,676975,Not at intersection,3,60,Arterial Other,TOORAK,STONNINGTON,-37.84217,145.01807,2021,2,February,5,Morning Peak,Weekday
T20210003535,2021-02-16,18:15:00,6,Vehicle overturned (no collision),2,Tuesday,174,OUT OF CONTROL ON CARRIAGEWAY (ON STRAIGHT),1,773304,Not at intersection,3,50,Local Road,OLD WARRANDYTE,MANNINGHAM,-37.776234,145.2335,2021,2,February,18,Afternoon Peak,Weekday
T20210003504,2021-02-16,21:30:00,4,Collision with a fixed object,2,Tuesday,171,LEFT OFF CARRIAGEWAY INTO OBJECT/PARKED VEHICLE,5,675768,Not at intersection,1,60,Local Road,SINCLAIRS,MELTON,-37.724823,144.70929,2021,2,February,21,Night,Weekday
T20210003489,2021-02-16,16:10:00,1,Collision with vehicle,2,Tuesday,135,LANE CHANGE LEFT (NOT OVERTAKING),1,675959,Cross intersection,3,80,Arterial Other,THOMPSONS,CASEY,-38.08314,145.28331,2021,2,February,16,Afternoon Peak,Weekday
T20210004063,2021-02-16,17:30:00,6,Vehicle overturned (no collision),2,Tuesday,180,OFF CARRIAGEWAY ON RIGHT BEND,1,676459,Not at intersection,2,80,Local Road,PEELERS,MOUNT ALEXANDER,-37.02159,144.24797,2021,2,February,17,Afternoon Peak,Weekday
T20210003476,2021-02-16,12:43:00,2,Struck Pedestrian,2,Tuesday,100,PED NEAR SIDE. PED HIT BY VEHICLE FROM THE RIGHT.,1,352623,T intersection,2,60,Arterial Other,MALVERN,STONNINGTON,-37.85122,145.02695,2021,2,February,12,Midday,Weekday
T20210003480,2021-02-16,12:11:00,1,Collision with vehicle,2,Tuesday,110,CROSS TRAFFIC(INTERSECTIONS ONLY),1,44103,Multiple intersection,2,60,Arterial Other,STONY POINT,MORNINGTON PENINSULA,-38.33879,145.18762,2021,2,February,12,Midday,Weekday
T20210003465,2021-02-16,10:56:00,1,Collision with vehicle,2,Tuesday,132,RIGHT REAR.,1,675826,T intersection,3,60,Local Road,TOWNSEND,GEELONG,-38.181377,144.39136,2021,2,February,10,Midday,Weekday
T20210003490,2021-02-16,18:17:00,4,Collision with a fixed object,2,Tuesday,183,OFF LEFT BEND INTO OBJECT/PARKED VEHICLE,1,677413,Not at intersection,3,80,Arterial Other,TRARALGON CREEK,LATROBE,-38.286358,146.54253,2021,2,February,18,Afternoon Peak,Weekday
T20210003491,2021-02-16,16:25:00,1,Collision with vehicle,2,Tuesday,110,CROSS TRAFFIC(INTERSECTIONS ONLY),1,331667,Cross intersection,2,60,Arterial Highway,NEPEAN,FRANKSTON,-38.140194,145.12231,2021,2,February,16,Afternoon Peak,Weekday
T20210003494,2021-02-16,18:50:00,1,Collision with vehicle,2,Tuesday,121,RIGHT THROUGH,1,42146,T intersection,3,60,Arterial Other,BAY,BAYSIDE,-37.95484,145.02977,2021,2,February,18,Afternoon Peak,Weekday
T20210003501,2021-02-16,13:00:00,2,Struck Pedestrian,2,Tuesday,109,ANY MANOEUVRE INVOLVING PED NOT INCLUDED IN DCAs 100-108.,1,681785,Not at intersection,2,50,Local Road,BRISTOL,KNOX,-37.915848,145.25945,2021,2,February,13,Midday,Weekday
T20210004133,2021-02-16,17:00:00,1,Collision with vehicle,2,Tuesday,130,REAR END(VEHICLES IN SAME LANE),1,647471,Not at intersection,3,50,Local Road,DEVENY,WHITTLESEA,-37.659145,145.01485,2021,2,February,17,Afternoon Peak,Weekday
T20210003566,2021-02-16,08:00:00,1,Collision with vehicle,2,Tuesday,121,RIGHT THROUGH,1,682617,Not at intersection,3,60,Arterial Other,SOUTH,KINGSTON,-37.93503,145.0502,2021,2,February,8,Morning Peak,Weekday
T20210003464,2021-02-16,10:40:00,1,Collision with vehicle,2,Tuesday,135,LANE CHANGE LEFT (NOT OVERTAKING),1,677113,Not at intersection,3,100,Freeway,PRINCES,GEELONG,-38.038525,144.41487,2021,2,February,10,Midday,Weekday
T20210007850,2021-02-17,19:42:00,1,Collision with vehicle,3,Wednesday,116,LEFT NEAR (INTERSECTIONS ONLY),2,54460,T intersection,3,50,Local Road,COOTAMUNDRA,CASEY,-37.98117,145.2365,2021,2,February,19,Night,Weekday
T20210003512,2021-02-17,07:34:00,1,Collision with vehicle,3,Wednesday,130,REAR END(VEHICLES IN SAME LANE),1,676235,Not at intersection,3,80,Local Road,COUANGALT,MACEDON RANGES,-37.537052,144.58324,2021,2,February,7,Morning Peak,Weekday
T20210003510,2021-02-17,07:20:00,1,Collision with vehicle,3,Wednesday,121,RIGHT THROUGH,1,57542,Cross intersection,2,50,Arterial Highway,NEPEAN,GLEN EIRA,-37.88616,144.9992,2021,2,February,7,Morning Peak,Weekday
T20210003508,2021-02-17,06:38:00,1,Collision with vehicle,3,Wednesday,113,RIGHT NEAR (INTERSECTIONS ONLY),2,52444,T intersection,2,80,Arterial Other,LATROBE RIVER,LATROBE,-38.178356,146.33301,2021,2,February,6,Morning Peak,Weekday
T20210019628,2021-02-17,17:03:00,1,Collision with vehicle,3,Wednesday,136,RIGHT TURN SIDESWIPE,1,45803,T intersection,3,50,Local Road,GOLF LINKS,WHITTLESEA,-37.65933,145.04578,2021,2,February,17,Afternoon Peak,Weekday
T20210004482,2021-02-17,08:15:00,1,Collision with vehicle,3,Wednesday,110,CROSS TRAFFIC(INTERSECTIONS ONLY),1,69312,Cross intersection,3,50,Local Road,MALE,BAYSIDE,-37.912766,145.00128,2021,2,February,8,Morning Peak,Weekday
T20210003561,2021-02-17,23:43:00,4,Collision with a fixed object,3,Wednesday,173,RIGHT OFF CARRIAGEWAY INTO OBJECT/PARKED VEHICLE,3,675961,Not at intersection,3,60,Local Road,DONNYBROOK,GEELONG,-38.086456,144.34563,2021,2,February,23,Night,Weekday
T20210003533,2021-02-17,08:25:00,1,Collision with vehicle,3,Wednesday,110,CROSS TRAFFIC(INTERSECTIONS ONLY),1,44641,Cross intersection,3,40,Local Road,MOLLISON,BENDIGO,-36.76229,144.28436,2021,2,February,8,Morning Peak,Weekday
T20210003557,2021-02-17,17:04:00,1,Collision with vehicle,3,Wednesday,120,HEAD ON (NOT OVERTAKING),1,686075,Not at intersection,2,50,Local Road,CHIRNSIDE,CASEY,-38.051983,145.34985,2021,2,February,17,Afternoon Peak,Weekday
T20210003529,2021-02-17,11:50:00,6,Vehicle overturned (no collision),3,Wednesday,174,OUT OF CONTROL ON CARRIAGEWAY (ON STRAIGHT),1,675960,T intersection,2,50,Local Road,BANOOL,BOROONDARA,-37.807014,145.02547,2021,2,February,11,Midday,Weekday
T20210003528,2021-02-17,12:28:00,1,Collision with vehicle,3,Wednesday,121,RIGHT THROUGH,1,227538,Cross intersection,2,60,Arterial Highway,PLENTY,BANYULE,-37.688423,145.06656,2021,2,February,12,Midday,Weekday
T20210003521,2021-02-17,11:10:00,1,Collision with vehicle,3,Wednesday,134,LANE CHANGE RIGHT (NOT OVERTAKING),1,45531,Y intersection,2,60,Arterial Other,MELVILLE,MORELAND,-37.7694,144.94356,2021,2,February,11,Midday,Weekday
T20210003520,2021-02-17,09:40:00,1,Collision with vehicle,3,Wednesday,110,CROSS TRAFFIC(INTERSECTIONS ONLY),1,180807,Cross intersection,3,60,Arterial Highway,NORMAN,BALLARAT,-37.535313,143.8494,2021,2,February,9,Morning Peak,Weekday
T20210003543,2021-02-17,15:09:00,4,Collision with a fixed object,3,Wednesday,183,OFF LEFT BEND INTO OBJECT/PARKED VEHICLE,1,677112,Not at intersection,3,100,Arterial Highway,MAROONDAH,MURRINDINDI,-37.017273,145.69626,2021,2,February,15,Afternoon Peak,Weekday
T20210004885,2021-02-17,21:30:00,5,collision with some other object,3,Wednesday,166,STRUCK OBJECT ON CARRIAGEWAY,5,680827,T intersection,3,50,Local Road,ORR,BANYULE,-37.729664,145.05919,2021,2,February,21,Night,Weekday
T20210003549,2021-02-17,17:56:00,8,No collision and no object struck,3,Wednesday,170,OFF CARRIAGEWAY TO LEFT,1,677630,Not at intersection,2,50,Local Road,EVOLVE,WHITTLESEA,-37.60988,145.0141,2021,2,February,17,Afternoon Peak,Weekday
T20210003544,2021-02-17,14:30:00,1,Collision with vehicle,3,Wednesday,148,VEHICLE OFF FOOTPATH STRIKES VEH ON CARRIAGEWAY,1,677993,Not at intersection,2,60,Local Road,GLENROY,MORELAND,-37.707268,144.9368,2021,2,February,14,Midday,Weekday
T20210003540,2021-02-17,08:25:00,1,Collision with vehicle,3,Wednesday,110,CROSS TRAFFIC(INTERSECTIONS ONLY),1,51952,Cross intersection,3,50,Local Road,GRANT,EAST GIPPSLAND,-37.826775,147.62135,2021,2,February,8,Morning Peak,Weekday
T20210003575,2021-02-17,10:50:00,4,Collision with a fixed object,3,Wednesday,181,OFF RIGHT BEND INTO OBJECT/PARKED VEHICLE,1,679688,Not at intersection,3,80,Local Road,BEALIBA-BURKES FLAT,LODDON,-36.718994,143.55109,2021,2,February,10,Midday,Weekday
T20210003542,2021-02-17,15:55:00,1,Collision with vehicle,3,Wednesday,111,RIGHT FAR (INTERSECTIONS ONLY),1,261240,Cross intersection,3,60,Arterial Other,BEECHWORTH-WODONGA,WODONGA,-36.15502,146.8806,2021,2,February,15,Afternoon Peak,Weekday
T20210003603,2021-02-17,10:45:00,1,Collision with vehicle,3,Wednesday,116,LEFT NEAR (INTERSECTIONS ONLY),1,676131,Cross intersection,3,50,Local Road,SANCTUARY LAKES NORTH,WYNDHAM,-37.88921,144.77132,2021,2,February,10,Midday,Weekday
T20210003689,2021-02-17,18:00:00,1,Collision with vehicle,3,Wednesday,110,CROSS TRAFFIC(INTERSECTIONS ONLY),1,51730,Cross intersection,3,60,Local Road,MANDURANG,BENDIGO,-36.798775,144.28737,2021,2,February,18,Afternoon Peak,Weekday
T20210004277,2021-02-18,16:30:00,1,Collision with vehicle,4,Thursday,130,REAR END(VEHICLES IN SAME LANE),1,680756,Not at intersection,3,60,Arterial Other,WATERDALE,BANYULE,-37.731133,145.04971,2021,2,February,16,Afternoon Peak,Weekday
T20210011039,2021-02-18,17:08:00,1,Collision with vehicle,4,Thursday,120,HEAD ON (NOT OVERTAKING),1,683633,Not at intersection,3,50,Local Road,FORDSON,HUME,-37.674564,144.95955,2021,2,February,17,Afternoon Peak,Weekday
T20210008424,2021-02-18,07:30:00,1,Collision with vehicle,4,Thursday,130,REAR END(VEHICLES IN SAME LANE),9,683398,Not at intersection,2,100,Freeway,MONASH,MONASH,-37.911602,145.16418,2021,2,February,7,Morning Peak,Weekday
T20210005479,2021-02-18,07:05:00,1,Collision with vehicle,4,Thursday,110,CROSS TRAFFIC(INTERSECTIONS ONLY),2,677776,Cross intersection,2,60,Local Road,STATION,CARDINIA,-38.07968,145.4864,2021,2,February,7,Morning Peak,Weekday
T20210003647,2021-02-18,17:00:00,1,Collision with vehicle,4,Thursday,160,VEHICLE COLLIDES WITH VEHICLE PARKED ON LEFT OF ROAD,1,729608,Not at intersection,2,80,Freeway,TULLAMARINE,MOONEE VALLEY,-37.73519,144.89917,2021,2,February,17,Afternoon Peak,Weekday
T20210003654,2021-02-18,20:54:00,1,Collision with vehicle,4,Thursday,130,REAR END(VEHICLES IN SAME LANE),3,675966,Not at intersection,3,70,Arterial Other,BALLARAT,BRIMBANK,-37.770138,144.77432,2021,2,February,20,Night,Weekday
T20210003615,2021-02-18,17:46:00,1,Collision with vehicle,4,Thursday,142,LEAVING PARKING,1,679499,Not at intersection,3,50,Local Road,STRADA,MONASH,-37.91146,145.16939,2021,2,February,17,Afternoon Peak,Weekday
T20210003613,2021-02-18,13:50:00,1,Collision with vehicle,4,Thursday,130,REAR END(VEHICLES IN SAME LANE),1,773420,Not at intersection,3,80,Arterial Other,SYDNEY,HUME,-37.686047,144.95782,2021,2,February,13,Midday,Weekday
T20210003604,2021-02-18,15:45:00,6,Vehicle overturned (no collision),4,Thursday,170,OFF CARRIAGEWAY TO LEFT,1,678488,Not at intersection,3,60,Local Road,RECREATION,BALLARAT,-37.604786,143.88559,2021,2,February,15,Afternoon Peak,Weekday
T20210003958,2021-02-18,11:15:00,1,Collision with vehicle,4,Thursday,130,REAR END(VEHICLES IN SAME LANE),1,676560,Not at intersection,3,80,Freeway,WESTERN RING IN-BOUNDARY,BRIMBANK,-37.815086,144.80898,2021,2,February,11,Midday,Weekday
T20210003623,2021-02-18,16:40:00,4,Collision with a fixed object,4,Thursday,171,LEFT OFF CARRIAGEWAY INTO OBJECT/PARKED VEHICLE,1,682910,Not at intersection,3,50,Local Road,GARDEN,YARRA RANGES,-37.81575,145.3059,2021,2,February,16,Afternoon Peak,Weekday
T20210006974,2021-02-18,15:28:00,1,Collision with vehicle,4,Thursday,130,REAR END(VEHICLES IN SAME LANE),1,329221,Not at intersection,3,100,Freeway,WESTERN RING,MORELAND,-37.694397,144.91501,2021,2,February,15,Afternoon Peak,Weekday
T20210003668,2021-02-18,22:25:00,4,Collision with a fixed object,4,Thursday,183,OFF LEFT BEND INTO OBJECT/PARKED VEHICLE,5,679478,Not at intersection,2,80,Arterial Other,WINCHELSEA-DEANS MARSH,SURF COAST,-38.390736,143.88782,2021,2,February,22,Night,Weekday
T20210003606,2021-02-18,16:30:00,1,Collision with vehicle,4,Thursday,130,REAR END(VEHICLES IN SAME LANE),1,676193,Not at intersection,2,100,Freeway,WESTERN,BRIMBANK,-37.79869,144.77567,2021,2,February,16,Afternoon Peak,Weekday
T20210003666,2021-02-18,15:00:00,1,Collision with vehicle,4,Thursday,163,VEHICLE STRIKES DOOR OF PARKED/STATIONARY VEHICLE,1,676845,Not at intersection,3,60,Arterial Other,HAWTHORN,GLEN EIRA,-37.874554,145.02435,2021,2,February,15,Afternoon Peak,Weekday
T20210003593,2021-02-18,11:41:00,1,Collision with vehicle,4,Thursday,147,VEHICLE STRIKES ANOTHER VEH WHILE EMERGING FROM DRIVEWAY,1,676738,Not at intersection,2,60,Local Road,BLANTON,MONASH,-37.93886,145.21156,2021,2,February,11,Midday,Weekday
T20210003821,2021-02-18,08:05:00,1,Collision with vehicle,4,Thursday,115,RIGHT/LEFT FAR (INTERSECTIONS ONLY),1,72819,T intersection,3,60,Local Road,KOSCIUSZKO,LATROBE,-38.202644,146.51474,2021,2,February,8,Morning Peak,Weekday
T20210003591,2021-02-18,09:30:00,6,Vehicle overturned (no collision),4,Thursday,184,OUT OF CONTROL ON CARRIAGEWAY (ON BEND),1,677078,Not at intersection,2,100,Arterial Other,OMEO,TOWONG,-36.45595,147.22052,2021,2,February,9,Morning Peak,Weekday
T20210003757,2021-02-18,08:45:00,1,Collision with vehicle,4,Thursday,130,REAR END(VEHICLES IN SAME LANE),1,676939,Not at intersection,3,80,Freeway,PRINCES,WYNDHAM,-37.870796,144.7468,2021,2,February,8,Morning Peak,Weekday
T20210003638,2021-02-18,20:15:00,8,No collision and no object struck,4,Thursday,184,OUT OF CONTROL ON CARRIAGEWAY (ON BEND),2,686388,Not at intersection,2,80,Arterial Highway,MAROONDAH,YARRA RANGES,-37.59322,145.63976,2021,2,February,20,Night,Weekday
T20210003639,2021-02-18,21:00:00,2,Struck Pedestrian,4,Thursday,100,PED NEAR SIDE. PED HIT BY VEHICLE FROM THE RIGHT.,3,670,T intersection,3,40,Local Road,GLEN HUNTLY,GLEN EIRA,-37.88454,145.0028,2021,2,February,21,Night,Weekday
T20210004009,2021-02-18,15:40:00,1,Collision with vehicle,4,Thursday,135,LANE CHANGE LEFT (NOT OVERTAKING),1,676353,T intersection,2,60,Arterial Other,BALLARAT,MARIBYRNONG,-37.78412,144.87202,2021,2,February,15,Afternoon Peak,Weekday
T20210003589,2021-02-18,13:00:00,4,Collision with a fixed object,4,Thursday,183,OFF LEFT BEND INTO OBJECT/PARKED VEHICLE,1,676446,Not at intersection,3,50,Local Road,BENDEMERE,FRANKSTON,-38.15337,145.19609,2021,2,February,13,Midday,Weekday
T20210003642,2021-02-18,18:41:00,1,Collision with vehicle,4,Thursday,130,REAR END(VEHICLES IN SAME LANE),1,676895,Not at intersection,3,60,Local Road,WRIGHT,BRIMBANK,-37.795197,144.82416,2021,2,February,18,Afternoon Peak,Weekday
T20210003567,2021-02-18,08:20:00,1,Collision with vehicle,4,Thursday,121,RIGHT THROUGH,1,44857,T intersection,3,60,Arterial Other,MAIN,NILLUMBIK,-37.70278,145.16652,2021,2,February,8,Morning Peak,Weekday
T20210005369,2021-02-18,16:45:00,1,Collision with vehicle,4,Thursday,132,RIGHT REAR.,1,678170,T intersection,3,50,Arterial Highway,WHITEHORSE,WHITEHORSE,-37.817635,145.18541,2021,2,February,16,Afternoon Peak,Weekday
T20210003585,2021-02-18,12:00:00,5,collision with some other object,4,Thursday,166,STRUCK OBJECT ON CARRIAGEWAY,1,680724,Not at intersection,3,100,Arterial Other,DONNA BUANG,YARRA RANGES,-37.726665,145.70049,2021,2,February,12,Midday,Weekday
T20210003880,2021-02-18,21:30:00,1,Collision with vehicle,4,Thursday,130,REAR END(VEHICLES IN SAME LANE),3,729896,Not at intersection,3,80,Arterial Highway,DANDENONG,MONASH,-37.893055,145.09027,2021,2,February,21,Night,Weekday
T20210003685,2021-02-18,14:00:00,1,Collision with vehicle,4,Thursday,152,PULLING OUT (OVERTAKING),1,50050,T intersection,2,60,Local Road,BARONGAROOK,GEELONG,-38.161255,144.57312,2021,2,February,14,Midday,Weekday