ACCIDENT_NO,ACCIDENT_DATE,ACCIDENT_TIME,ACCIDENT_TYPE,ACCIDENT_TYPE_DESC,DAY_OF_WEEK,DAY_WEEK_DESC,DCA_CODE,DCA_DESC,LIGHT_CONDITION,NODE_ID,ROAD_GEOMETRY_DESC,SEVERITY,SPEED_ZONE,RMA,ROAD_NAME,LGA_NAME,LATITUDE,LONGITUDE,YEAR,MONTH,MONTH_NAME,HOUR,TIME_PERIOD,DAY_TYPE
T20210003992,2021-02-18,15:21:00,1,Collision with vehicle,4,Thursday,130,REAR END(VEHICLES IN SAME LANE),1,678254,Not at intersection,3,80,Arterial Highway,HIGH,BENDIGO,-36.80444,144.24182,2021,2,February,15,Afternoon Peak,Weekday
T20210004492,2021-02-18,20:00:00,1,Collision with vehicle,4,Thursday,130,REAR END(VEHICLES IN SAME LANE),2,676989,Not at intersection,2,100,Freeway,METROPOLITAN RING,WHITTLESEA,-37.688087,144.99623,2021,2,February,20,Night,Weekday
T20210003571,2021-02-18,07:00:00,1,Collision with vehicle,4,Thursday,120,HEAD ON (NOT OVERTAKING),1,684273,Not at intersection,2,100,Arterial Other,BROWN COALMINE,LATROBE,-38.148346,146.44931,2021,2,February,7,Morning Peak,Weekday
T20210003627,2021-02-18,17:16:00,1,Collision with vehicle,4,Thursday,121,RIGHT THROUGH,1,51570,Cross intersection,3,60,Arterial Highway,NAPIER,BENDIGO,-36.74978,144.29076,2021,2,February,17,Afternoon Peak,Weekday
T20210003633,2021-02-18,17:20:00,1,Collision with vehicle,4,Thursday,130,REAR END(VEHICLES IN SAME LANE),1,676132,Not at intersection,3,50,Local Road,HARVEY,GEELONG,-38.16418,144.70932,2021,2,February,17,Afternoon Peak,Weekday
T20210003579,2021-02-18,11:34:00,2,Struck Pedestrian,4,Thursday,100,PED NEAR SIDE. PED HIT BY VEHICLE FROM THE RIGHT.,1,676238,Not at intersection,2,40,Local Road,PERCY,GLENELG,-38.347485,141.60367,2021,2,February,11,Midday,Weekday
T20210003634,2021-02-18,19:27:00,1,Collision with vehicle,4,Thursday,111,RIGHT FAR (INTERSECTIONS ONLY),1,323114,Multiple intersection,3,80,Freeway,BALLARAT,BRIMBANK,-37.770313,144.79631,2021,2,February,19,Night,Weekday
T20210003625,2021-02-18,16:08:00,8,No collision and no object struck,4,Thursday,170,OFF CARRIAGEWAY TO LEFT,1,676461,Not at intersection,2,80,Arterial Highway,STATE (BELL/SPRINGVALE),WHITEHORSE,-37.844288,145.17096,2021,2,February,16,Afternoon Peak,Weekday
T20210003592,2021-02-18,13:18:00,1,Collision with vehicle,4,Thursday,110,CROSS TRAFFIC(INTERSECTIONS ONLY),1,19380,Cross intersection,2,100,Arterial Other,WEBB,CAMPASPE,-36.35734,144.77759,2021,2,February,13,Midday,Weekday
T20210003636,2021-02-18,18:00:00,1,Collision with vehicle,4,Thursday,110,CROSS TRAFFIC(INTERSECTIONS ONLY),1,42791,Cross intersection,2,80,Arterial Highway,NEPEAN,KINGSTON,-37.980606,145.06985,2021,2,February,18,Afternoon Peak,Weekday
T20210003799,2021-02-18,21:10:00,1,Collision with vehicle,4,Thursday,131,LEFT REAR,3,38653,Cross intersection,3,60,Arterial Other,BALLARAT,MARIBYRNONG,-37.787052,144.87929,2021,2,February,21,Night,Weekday
T20210003565,2021-02-18,06:40:00,1,Collision with vehicle,4,Thursday,110,CROSS TRAFFIC(INTERSECTIONS ONLY),1,45294,Cross intersection,2,60,Arterial Other,WAVERLEY,MOONEE VALLEY,-37.757973,144.90692,2021,2,February,6,Morning Peak,Weekday
T20210003963,2021-02-18,21:36:00,1,Collision with vehicle,4,Thursday,135,LANE CHANGE LEFT (NOT OVERTAKING),3,729808,Not at intersection,3,60,Arterial Other,BARKLY,PORT PHILLIP,-37.86818,144.98103,2021,2,February,21,Night,Weekday
T20210003699,2021-02-18,15:45:00,1,Collision with vehicle,4,Thursday,130,REAR END(VEHICLES IN SAME LANE),1,62081,T intersection,3,60,Local Road,MCKELLAR,BANYULE,-37.703793,145.08391,2021,2,February,15,Afternoon Peak,Weekday
T20210003569,2021-02-18,07:40:00,1,Collision with vehicle,4,Thursday,121,RIGHT THROUGH,1,35301,T intersection,3,60,Arterial Other,ALEXANDRA AVENUE -WILLIAMS,STONNINGTON,-37.83475,145.00446,2021,2,February,7,Morning Peak,Weekday
T20210003711,2021-02-18,21:40:00,1,Collision with vehicle,4,Thursday,130,REAR END(VEHICLES IN SAME LANE),3,45156,T intersection,2,60,Arterial Other,MILITARY,MOONEE VALLEY,-37.7613,144.86162,2021,2,February,21,Night,Weekday
T20210003667,2021-02-19,09:15:00,1,Collision with vehicle,5,Friday,130,REAR END(VEHICLES IN SAME LANE),1,47131,T intersection,3,60,Arterial Other,NARRE WARREN,CASEY,-38.096493,145.29309,2021,2,February,9,Morning Peak,Weekday
T20210009681,2021-02-19,09:54:00,1,Collision with vehicle,5,Friday,133,LANE SIDE SWIPE (VEHICLES IN PARALLEL LANES),1,683714,Not at intersection,3,60,Arterial Other,MURRAY,MORELAND,-37.735355,144.97017,2021,2,February,9,Morning Peak,Weekday
T20210003670,2021-02-19,08:30:00,1,Collision with vehicle,5,Friday,163,VEHICLE STRIKES DOOR OF PARKED/STATIONARY VEHICLE,1,679402,Not at intersection,3,50,Local Road,LANGRIDGE,YARRA,-37.806614,144.98619,2021,2,February,8,Morning Peak,Weekday
T20210003673,2021-02-19,11:15:00,1,Collision with vehicle,5,Friday,148,VEHICLE OFF FOOTPATH STRIKES VEH ON CARRIAGEWAY,1,41958,T intersection,2,50,Local Road,UNDERWOOD,KNOX,-37.877953,145.29361,2021,2,February,11,Midday,Weekday
T20210004556,2021-02-19,06:10:00,1,Collision with vehicle,5,Friday,110,CROSS TRAFFIC(INTERSECTIONS ONLY),1,45115,Cross intersection,3,60,Local Road,DEVONSHIRE,BRIMBANK,-37.78647,144.84598,2021,2,February,6,Morning Peak,Weekday
T20210003735,2021-02-19,17:40:00,1,Collision with vehicle,5,Friday,121,RIGHT THROUGH,1,57538,T intersection,3,80,Arterial Highway,DANDENONG,GLEN EIRA,-37.884502,145.06094,2021,2,February,17,Afternoon Peak,Weekday
T20210003736,2021-02-19,20:07:00,1,Collision with vehicle,5,Friday,121,RIGHT THROUGH,2,14433,T intersection,2,60,Arterial Other,EDITHVALE,KINGSTON,-38.028736,145.13016,2021,2,February,20,Night,Weekday
T20210003674,2021-02-19,10:05:00,4,Collision with a fixed object,5,Friday,173,RIGHT OFF CARRIAGEWAY INTO OBJECT/PARKED VEHICLE,1,690760,Not at intersection,2,70,Arterial Other,EMERALD-MONBULK,CARDINIA,-37.91055,145.44275,2021,2,February,10,Midday,Weekday
T20210003737,2021-02-19,16:35:00,1,Collision with vehicle,5,Friday,121,RIGHT THROUGH,1,729895,Not at intersection,3,50,Local Road,ROSAMOND,MARIBYRNONG,-37.772076,144.88625,2021,2,February,16,Afternoon Peak,Weekday
T20210003677,2021-02-19,10:00:00,1,Collision with vehicle,5,Friday,142,LEAVING PARKING,1,676085,Not at intersection,3,60,Arterial Other,OGILVY,SOUTH GIPPSLAND,-38.479137,145.95284,2021,2,February,10,Midday,Weekday
T20210003740,2021-02-19,19:35:00,1,Collision with vehicle,5,Friday,110,CROSS TRAFFIC(INTERSECTIONS ONLY),1,688241,Cross intersection,2,100,Local Road,POUND,WELLINGTON,-38.5867,146.72563,2021,2,February,19,Night,Weekday
T20210003750,2021-02-19,23:37:00,4,Collision with a fixed object,5,Friday,175,OFF END OF ROAD/T-INTERSECTION.,3,64436,T intersection,2,50,Local Road,HERTFORD,BRIMBANK,-37.78141,144.83418,2021,2,February,23,Night,Weekday
T20210003681,2021-02-19,13:30:00,1,Collision with vehicle,5,Friday,110,CROSS TRAFFIC(INTERSECTIONS ONLY),1,35138,Cross intersection,2,60,Local Road,MCKIERNAN,WARRNAMBOOL,-38.375988,142.51562,2021,2,February,13,Midday,Weekday
T20210003684,2021-02-19,09:47:00,1,Collision with vehicle,5,Friday,121,RIGHT THROUGH,1,73235,Cross intersection,3,50,Arterial Other,BRIDGE,GEELONG,-38.282345,144.49153,2021,2,February,9,Morning Peak,Weekday
T20210006937,2021-02-19,09:30:00,1,Collision with vehicle,5,Friday,130,REAR END(VEHICLES IN SAME LANE),1,679140,Not at intersection,2,60,Arterial Other,PLENTY,WHITTLESEA,-37.605762,145.09465,2021,2,February,9,Morning Peak,Weekday
T20210006190,2021-02-19,09:30:00,1,Collision with vehicle,5,Friday,147,VEHICLE STRIKES ANOTHER VEH WHILE EMERGING FROM DRIVEWAY,1,681271,Not at intersection,3,50,Local Road,KENNETT,COLAC OTWAY,-38.656914,143.85104,2021,2,February,9,Morning Peak,Weekday
T20210003662,2021-02-19,08:30:00,1,Collision with vehicle,5,Friday,110,CROSS TRAFFIC(INTERSECTIONS ONLY),1,20750,Cross intersection,2,100,Arterial Other,SWAN REACH,EAST GIPPSLAND,-37.76803,147.81274,2021,2,February,8,Morning Peak,Weekday
T20210003742,2021-02-19,23:00:00,1,Collision with vehicle,5,Friday,121,RIGHT THROUGH,3,678579,T intersection,2,80,Arterial Other,CRANBOURNE-FRANKSTON,CASEY,-38.10994,145.25839,2021,2,February,23,Night,Weekday
T20210004985,2021-02-19,17:20:00,1,Collision with vehicle,5,Friday,130,REAR END(VEHICLES IN SAME LANE),1,677590,Not at intersection,3,60,Arterial Highway,PUNT,STONNINGTON,-37.84276,144.98563,2021,2,February,17,Afternoon Peak,Weekday
T20210003738,2021-02-19,21:26:00,1,Collision with vehicle,5,Friday,140,U TURN,3,677286,Not at intersection,2,40,Arterial Other,CHURCH,YARRA,-37.832623,144.99672,2021,2,February,21,Night,Weekday
T20210011059,2021-02-19,12:15:00,1,Collision with vehicle,5,Friday,132,RIGHT REAR.,1,686871,Not at intersection,3,100,Arterial Highway,MALLEE,MILDURA,-35.262833,141.22328,2021,2,February,12,Midday,Weekday
T20210004026,2021-02-19,10:55:00,4,Collision with a fixed object,5,Friday,173,RIGHT OFF CARRIAGEWAY INTO OBJECT/PARKED VEHICLE,1,676355,Not at intersection,3,80,Local Road,TUERONG,MORNINGTON PENINSULA,-38.275646,145.09723,2021,2,February,10,Midday,Weekday
T20210006574,2021-02-19,18:30:00,1,Collision with vehicle,5,Friday,121,RIGHT THROUGH,1,665,T intersection,2,60,Arterial Other,ESPLANADE,BAYSIDE,-37.916985,144.98723,2021,2,February,18,Afternoon Peak,Weekday
T20210008533,2021-02-19,07:30:00,1,Collision with vehicle,5,Friday,131,LEFT REAR,1,358547,Cross intersection,3,70,Arterial Other,MAHONEYS,HUME,-37.68964,144.95801,2021,2,February,7,Morning Peak,Weekday
T20210003743,2021-02-19,23:02:00,1,Collision with vehicle,5,Friday,121,RIGHT THROUGH,3,221383,Cross intersection,3,80,Arterial Other,HUME HIGHWAY -SYDNEY,HUME,-37.643353,144.95146,2021,2,February,23,Night,Weekday
T20210005307,2021-02-19,18:15:00,6,Vehicle overturned (no collision),5,Friday,180,OFF CARRIAGEWAY ON RIGHT BEND,2,677601,Not at intersection,3,100,Local Road,MEREDITH-STEIGLITZ,GOLDEN PLAINS,-37.86877,144.16124,2021,2,February,18,Afternoon Peak,Weekday
T20210003656,2021-02-19,08:10:00,1,Collision with vehicle,5,Friday,160,VEHICLE COLLIDES WITH VEHICLE PARKED ON LEFT OF ROAD,1,676050,Not at intersection,3,50,Local Road,HERMAN,WHITTLESEA,-37.67004,144.9894,2021,2,February,8,Morning Peak,Weekday
T20210003657,2021-02-19,08:45:00,1,Collision with vehicle,5,Friday,121,RIGHT THROUGH,1,36426,T intersection,2,40,Arterial Other,RIVERSDALE,BOROONDARA,-37.832664,145.06808,2021,2,February,8,Morning Peak,Weekday
T20210004244,2021-02-19,11:00:00,1,Collision with vehicle,5,Friday,130,REAR END(VEHICLES IN SAME LANE),1,678546,Not at intersection,3,80,Arterial Highway,NEPEAN,BAYSIDE,-37.906525,145.00885,2021,2,February,11,Midday,Weekday
T20210003752,2021-02-19,22:35:00,1,Collision with vehicle,5,Friday,110,CROSS TRAFFIC(INTERSECTIONS ONLY),3,37986,Cross intersection,3,50,Local Road,DUNDAS,DAREBIN,-37.75336,145.01091,2021,2,February,22,Night,Weekday
T20210003658,2021-02-19,08:40:00,1,Collision with vehicle,5,Friday,137,LEFT TURN SIDESWIPE,1,29430,Cross intersection,3,50,Local Road,ALBERT,MELBOURNE,-37.809536,144.97565,2021,2,February,8,Morning Peak,Weekday
T20210005991,2021-02-19,09:55:00,1,Collision with vehicle,5,Friday,131,LEFT REAR,1,42848,T intersection,3,40,Local Road,BONWICK,MORELAND,-37.701694,144.96564,2021,2,February,9,Morning Peak,Weekday
T20210003660,2021-02-19,08:25:00,1,Collision with vehicle,5,Friday,130,REAR END(VEHICLES IN SAME LANE),1,676669,Not at intersection,2,100,Freeway,WESTERN,BRIMBANK,-37.79832,144.77112,2021,2,February,8,Morning Peak,Weekday
T20210004557,2021-02-19,19:00:00,3,Struck animal,5,Friday,167,STRUCK ANIMAL,2,677000,Not at intersection,2,100,Arterial Highway,PRINCES,EAST GIPPSLAND,-37.752186,148.2941,2021,2,February,19,Night,Weekday
T20210003661,2021-02-19,09:15:00,1,Collision with vehicle,5,Friday,163,VEHICLE STRIKES DOOR OF PARKED/STATIONARY VEHICLE,1,676619,Not at intersection,3,40,Local Road,CHAPEL,STONNINGTON,-37.846455,144.99422,2021,2,February,9,Morning Peak,Weekday
T20210003688,2021-02-19,13:33:00,1,Collision with vehicle,5,Friday,134,LANE CHANGE RIGHT (NOT OVERTAKING),1,675969,Not at intersection,3,60,Arterial Other,AUBURN,BOROONDARA,-37.825436,145.04448,2021,2,February,13,Midday,Weekday
T20210003697,2021-02-19,15:40:00,1,Collision with vehicle,5,Friday,113,RIGHT NEAR (INTERSECTIONS ONLY),1,676620,T intersection,3,80,Arterial Other,MOUNTAIN,KNOX,-37.845192,145.24055,2021,2,February,15,Afternoon Peak,Weekday
T20210003663,2021-02-19,09:21:00,1,Collision with vehicle,5,Friday,130,REAR END(VEHICLES IN SAME LANE),1,729892,Not at intersection,3,60,Local Road,DOVETON,BALLARAT,-37.541725,143.85876,2021,2,February,9,Morning Peak,Weekday
T20210003705,2021-02-19,16:00:00,6,Vehicle overturned (no collision),5,Friday,174,OUT OF CONTROL ON CARRIAGEWAY (ON STRAIGHT),1,680727,Not at intersection,2,80,Arterial Highway,DANDENONG,MONASH,-37.918736,145.13391,2021,2,February,16,Afternoon Peak,Weekday
T20210003709,2021-02-19,16:48:00,1,Collision with vehicle,5,Friday,110,CROSS TRAFFIC(INTERSECTIONS ONLY),1,17751,Cross intersection,2,50,Local Road,CHANNEL,MOIRA,-36.040844,146.01358,2021,2,February,16,Afternoon Peak,Weekday
T20210003664,2021-02-19,06:22:00,1,Collision with vehicle,5,Friday,110,CROSS TRAFFIC(INTERSECTIONS ONLY),1,42918,Cross intersection,2,60,Arterial Other,HEATHERTON,DANDENONG,-37.965015,145.17332,2021,2,February,6,Morning Peak,Weekday
T20210005345,2021-02-19,19:30:00,2,Struck Pedestrian,5,Friday,105,PED WALKING AGAINST TRAFFIC.,5,678079,Not at intersection,3,80,Local Road,MYERS CREEK,YARRA RANGES,-37.605537,145.51926,2021,2,February,19,Night,Weekday
T20210003712,2021-02-19,17:00:00,2,Struck Pedestrian,5,Friday,100,PED NEAR SIDE. PED HIT BY VEHICLE FROM THE RIGHT.,1,677672,Not at intersection,3,40,Local Road,SWANSTON,MELBOURNE,-37.8187,144.96802,2021,2,February,17,Afternoon Peak,Weekday
T20210003713,2021-02-19,15:50:00,1,Collision with vehicle,5,Friday,140,U TURN,1,41,T intersection,2,80,Arterial Other,PRINCES,CARDINIA,-38.068226,145.49698,2021,2,February,15,Afternoon Peak,Weekday
T20210003714,2021-02-19,15:10:00,4,Collision with a fixed object,5,Friday,181,OFF RIGHT BEND INTO OBJECT/PARKED VEHICLE,1,679442,Not at intersection,2,60,Local Road,OLINDA CREEK,YARRA RANGES,-37.820103,145.37181,2021,2,February,15,Afternoon Peak,Weekday
T20210003720,2021-02-19,16:04:00,1,Collision with vehicle,5,Friday,132,RIGHT REAR.,1,679401,Not at intersection,3,40,Local Road,JAMES COOK,CASEY,-37.98279,145.24725,2021,2,February,16,Afternoon Peak,Weekday
T20210003726,2021-02-19,19:55:00,1,Collision with vehicle,5,Friday,134,LANE CHANGE RIGHT (NOT OVERTAKING),2,729894,Not at intersection,3,40,Local Road,LEONARD,MELBOURNE,-37.78767,144.95857,2021,2,February,19,Night,Weekday
T20210003727,2021-02-19,18:51:00,1,Collision with vehicle,5,Friday,132,RIGHT REAR.,1,675971,Not at intersection,3,60,Arterial Other,CANTERBURY,WHITEHORSE,-37.830048,145.1332,2021,2,February,18,Afternoon Peak,Weekday
T20210003728,2021-02-19,19:20:00,1,Collision with vehicle,5,Friday,140,U TURN,2,676618,Not at intersection,3,80,Arterial Highway,BURWOOD,WHITEHORSE,-37.853985,145.16081,2021,2,February,19,Night,Weekday
T20210003731,2021-02-19,20:40:00,2,Struck Pedestrian,5,Friday,100,PED NEAR SIDE. PED HIT BY VEHICLE FROM THE RIGHT.,3,676741,Cross intersection,3,60,Arterial Highway,SOUTH GIPPSLAND,CASEY,-38.1079,145.28311,2021,2,February,20,Night,Weekday
T20210003733,2021-02-19,19:15:00,1,Collision with vehicle,5,Friday,110,CROSS TRAFFIC(INTERSECTIONS ONLY),1,679836,Cross intersection,2,100,Arterial Other,KNOTTS SIDING ROAD -THOMSON VALLEY,BAW BAW,-37.95109,146.38905,2021,2,February,19,Night,Weekday
T20210003706,2021-02-19,14:54:00,1,Collision with vehicle,5,Friday,160,VEHICLE COLLIDES WITH VEHICLE PARKED ON LEFT OF ROAD,1,678966,Not at intersection,3,50,Local Road,PALM BEACH,KINGSTON,-38.082184,145.13724,2021,2,February,14,Midday,Weekday
T20210004857,2021-02-20,01:37:00,1,Collision with vehicle,6,Saturday,140,U TURN,3,686204,Not at intersection,3,40,Local Road,QUEEN,MELBOURNE,-37.817635,144.9619,2021,2,February,1,Late Night,Weekend
T20210004852,2021-02-20,06:55:00,6,Vehicle overturned (no collision),6,Saturday,174,OUT OF CONTROL ON CARRIAGEWAY (ON STRAIGHT),2,50119,Cross intersection,3,60,Arterial Other,NORTH VALLEY,GEELONG,-38.17252,144.31859,2021,2,February,6,Morning Peak,Weekend
T20210003806,2021-02-20,00:25:00,6,Vehicle overturned (no collision),6,Saturday,180,OFF CARRIAGEWAY ON RIGHT BEND,5,679400,T intersection,3,80,Arterial Other,GEELONG-BACCHUS MARSH,MOORABOOL,-37.697937,144.45013,2021,2,February,0,Late Night,Weekend
T20210003804,2021-02-20,21:28:00,1,Collision with vehicle,6,Saturday,130,REAR END(VEHICLES IN SAME LANE),3,352524,Cross intersection,3,80,Arterial Highway,HINRICHSEN,CASEY,-38.00887,145.2785,2021,2,February,21,Night,Weekend
T20210003803,2021-02-20,21:40:00,1,Collision with vehicle,6,Saturday,130,REAR END(VEHICLES IN SAME LANE),3,684161,T intersection,3,70,Arterial Other,SOMERTON,HUME,-37.640057,144.92393,2021,2,February,21,Night,Weekend
T20210003801,2021-02-20,13:19:00,1,Collision with vehicle,6,Saturday,121,RIGHT THROUGH,1,29738,Cross intersection,3,60,Arterial Other,MURRAY,MORELAND,-37.735954,144.98291,2021,2,February,13,Midday,Weekend
T20210010768,2021-02-20,17:30:00,1,Collision with vehicle,6,Saturday,130,REAR END(VEHICLES IN SAME LANE),1,730206,T intersection,3,30,Arterial Highway,BELL,MORELAND,-37.740223,144.95549,2021,2,February,17,Afternoon Peak,Weekend
T20210004078,2021-02-20,15:30:00,1,Collision with vehicle,6,Saturday,148,VEHICLE OFF FOOTPATH STRIKES VEH ON CARRIAGEWAY,1,676938,Not at intersection,3,50,Local Road,EVANS,CASEY,-38.069893,145.26013,2021,2,February,15,Afternoon Peak,Weekend
T20210003763,2021-02-20,10:30:00,1,Collision with vehicle,6,Saturday,130,REAR END(VEHICLES IN SAME LANE),1,680723,Not at intersection,3,60,Local Road,FERRIS,MELTON,-37.713314,144.60054,2021,2,February,10,Midday,Weekend
T20210003745,2021-02-20,00:46:00,4,Collision with a fixed object,6,Saturday,171,LEFT OFF CARRIAGEWAY INTO OBJECT/PARKED VEHICLE,5,685291,Not at intersection,3,100,Local Road,PLUMPTON,MELTON,-37.658527,144.70268,2021,2,February,0,Late Night,Weekend
T20210004029,2021-02-20,13:00:00,1,Collision with vehicle,6,Saturday,130,REAR END(VEHICLES IN SAME LANE),1,43915,Cross intersection,3,60,Arterial Other,CLYDE-FIVE WAYS,CASEY,-38.118744,145.32716,2021,2,February,13,Midday,Weekend
T20210003791,2021-02-20,16:48:00,4,Collision with a fixed object,6,Saturday,171,LEFT OFF CARRIAGEWAY INTO OBJECT/PARKED VEHICLE,1,676192,Not at intersection,2,100,Arterial Highway,PYRENEES,CENTRAL GOLDFIELDS,-37.070984,143.59128,2021,2,February,16,Afternoon Peak,Weekend
T20210003789,2021-02-20,15:35:00,6,Vehicle overturned (no collision),6,Saturday,184,OUT OF CONTROL ON CARRIAGEWAY (ON BEND),1,678312,Not at intersection,2,80,Arterial Other,GEMBROOK-LAUNCHING PLACE,CARDINIA,-37.909332,145.58917,2021,2,February,15,Afternoon Peak,Weekend
T20210003774,2021-02-20,12:37:00,1,Collision with vehicle,6,Saturday,113,RIGHT NEAR (INTERSECTIONS ONLY),1,57434,T intersection,3,70,Arterial Other,DONCASTER,MANNINGHAM,-37.788185,145.106,2021,2,February,12,Midday,Weekend
T20210003769,2021-02-20,11:40:00,1,Collision with vehicle,6,Saturday,121,RIGHT THROUGH,1,37890,T intersection,3,60,Arterial Highway,BELL,DAREBIN,-37.7442,144.99394,2021,2,February,11,Midday,Weekend
T20210003820,2021-02-20,19:25:00,4,Collision with a fixed object,6,Saturday,171,LEFT OFF CARRIAGEWAY INTO OBJECT/PARKED VEHICLE,1,676241,Not at intersection,2,100,Local Road,NATRASS,GOLDEN PLAINS,-37.664436,143.78522,2021,2,February,19,Night,Weekend
T20210003818,2021-02-20,12:50:00,1,Collision with vehicle,6,Saturday,113,RIGHT NEAR (INTERSECTIONS ONLY),1,677065,T intersection,2,50,Arterial Other,NEWCOMBE,GEELONG,-38.11457,144.6492,2021,2,February,12,Midday,Weekend
T20210003812,2021-02-20,22:25:00,4,Collision with a fixed object,6,Saturday,173,RIGHT OFF CARRIAGEWAY INTO OBJECT/PARKED VEHICLE,5,676087,Not at intersection,1,100,Local Road,BOWEY,SHEPPARTON,-36.23641,145.3752,2021,2,February,22,Night,Weekend
T20210003809,2021-02-20,22:39:00,1,Collision with vehicle,6,Saturday,121,RIGHT THROUGH,3,57552,Cross intersection,2,80,Arterial Highway,WARRIGAL,STONNINGTON,-37.892857,145.08824,2021,2,February,22,Night,Weekend
T20210005632,2021-02-20,12:50:00,1,Collision with vehicle,6,Saturday,121,RIGHT THROUGH,1,730013,Not at intersection,3,80,Arterial Highway,WELLINGTON,KNOX,-37.92779,145.23122,2021,2,February,12,Midday,Weekend
T20210003749,2021-02-20,00:17:00,1,Collision with vehicle,6,Saturday,120,HEAD ON (NOT OVERTAKING),3,681546,Not at intersection,3,60,Arterial Other,SCORESBY,KNOX,-37.86929,145.26135,2021,2,February,0,Late Night,Weekend
T20210003758,2021-02-20,07:54:00,1,Collision with vehicle,6,Saturday,130,REAR END(VEHICLES IN SAME LANE),1,29938,Cross intersection,3,80,Arterial Highway,PRINCES,GEELONG,-38.091434,144.35637,2021,2,February,7,Morning Peak,Weekend
T20210004538,2021-02-20,11:00:00,5,collision with some other object,6,Saturday,166,STRUCK OBJECT ON CARRIAGEWAY,1,676991,Not at intersection,3,50,Local Road,YAMBUNA BRIDGE,MOIRA,-36.119164,145.04202,2021,2,February,11,Midday,Weekend
T20210003765,2021-02-20,11:15:00,6,Vehicle overturned (no collision),6,Saturday,184,OUT OF CONTROL ON CARRIAGEWAY (ON BEND),1,677110,Not at intersection,2,80,Arterial Other,HEALESVILLE-KINGLAKE,YARRA RANGES,-37.579967,145.48906,2021,2,February,11,Midday,Weekend
T20210006736,2021-02-20,09:00:00,1,Collision with vehicle,6,Saturday,111,RIGHT FAR (INTERSECTIONS ONLY),1,29792,Cross intersection,3,60,Arterial Other,SYNNOT,WYNDHAM,-37.903107,144.66074,2021,2,February,9,Morning Peak,Weekend
T20210006346,2021-02-21,03:00:00,1,Collision with vehicle,7,Sunday,171,LEFT OFF CARRIAGEWAY INTO OBJECT/PARKED VEHICLE,3,678640,Cross intersection,2,60,Local Road,HIGH,MACEDON RANGES,-37.275192,144.72562,2021,2,February,3,Late Night,Weekend
T20210003866,2021-02-21,19:20:00,6,Vehicle overturned (no collision),7,Sunday,172,OFF CARRIAGEWAY TO RIGHT,2,676612,Not at intersection,2,80,Local Road,OLD TOOLANGI-DIXONS CREEK,YARRA RANGES,-37.596115,145.4286,2021,2,February,19,Night,Weekend
T20210003862,2021-02-21,16:08:00,8,No collision and no object struck,7,Sunday,174,OUT OF CONTROL ON CARRIAGEWAY (ON STRAIGHT),1,676907,Not at intersection,2,50,Local Road,GARDINER,DAREBIN,-37.704243,145.04816,2021,2,February,16,Afternoon Peak,Weekend
T20210003855,2021-02-21,14:16:00,4,Collision with a fixed object,7,Sunday,181,OFF RIGHT BEND INTO OBJECT/PARKED VEHICLE,1,286842,T intersection,2,100,Local Road,FERNBANK-GLENALADALE,EAST GIPPSLAND,-37.760048,147.35677,2021,2,February,14,Midday,Weekend
T20210003854,2021-02-21,15:20:00,4,Collision with a fixed object,7,Sunday,181,OFF RIGHT BEND INTO OBJECT/PARKED VEHICLE,1,679941,Not at intersection,2,80,Local Road,OLD SYDNEY,MITCHELL,-37.504826,144.8969,2021,2,February,15,Afternoon Peak,Weekend
T20210003851,2021-02-21,09:56:00,1,Collision with vehicle,7,Sunday,120,HEAD ON (NOT OVERTAKING),1,681690,Not at intersection,2,60,Arterial Other,DUNCANS,WYNDHAM,-37.907707,144.6735,2021,2,February,9,Morning Peak,Weekend
T20210003850,2021-02-21,11:50:00,4,Collision with a fixed object,7,Sunday,171,LEFT OFF CARRIAGEWAY INTO OBJECT/PARKED VEHICLE,1,38109,Cross intersection,2,60,Arterial Other,ORIEL,BANYULE,-37.76377,145.03577,2021,2,February,11,Midday,Weekend
T20210003846,2021-02-21,11:00:00,8,No collision and no object struck,7,Sunday,180,OFF CARRIAGEWAY ON RIGHT BEND,1,676978,Not at intersection,2,100,Local Road,CASSILIS,EAST GIPPSLAND,-37.204582,147.58665,2021,2,February,11,Midday,Weekend
T20210003843,2021-02-21,11:35:00,4,Collision with a fixed object,7,Sunday,171,LEFT OFF CARRIAGEWAY INTO OBJECT/PARKED VEHICLE,1,47368,T intersection,3,70,Local Road,COBURNS,MELTON,-37.66584,144.57182,2021,2,February,11,Midday,Weekend
T20210003838,2021-02-21,12:00:00,1,Collision with vehicle,7,Sunday,133,LANE SIDE SWIPE (VEHICLES IN PARALLEL LANES),1,685293,Not at intersection,2,100,Freeway,MONASH,STONNINGTON,-37.849804,145.04881,2021,2,February,12,Midday,Weekend
T20210003836,2021-02-21,11:45:00,1,Collision with vehicle,7,Sunday,130,REAR END(VEHICLES IN SAME LANE),1,729612,Not at intersection,3,80,Freeway,PRINCES,CARDINIA,-38.077465,145.42398,2021,2,February,11,Midday,Weekend