ACCIDENT_NO,ACCIDENT_DATE,ACCIDENT_TIME,ACCIDENT_TYPE,ACCIDENT_TYPE_DESC,DAY_OF_WEEK,DAY_WEEK_DESC,DCA_CODE,DCA_DESC,LIGHT_CONDITION,NODE_ID,ROAD_GEOMETRY_DESC,SEVERITY,SPEED_ZONE,RMA,ROAD_NAME,LGA_NAME,LATITUDE,LONGITUDE,YEAR,MONTH,MONTH_NAME,HOUR,TIME_PERIOD,DAY_TYPE
T20210003834,2021-02-21,09:20:00,4,Collision with a fixed object,7,Sunday,171,LEFT OFF CARRIAGEWAY INTO OBJECT/PARKED VEHICLE,1,682584,Not at intersection,3,100,Arterial Other,BENALLA-YARRAWONGA,MOIRA,-36.2202,145.96715,2021,2,February,9,Morning Peak,Weekend
T20210003832,2021-02-21,10:30:00,1,Collision with vehicle,7,Sunday,121,RIGHT THROUGH,1,36737,T intersection,2,80,Arterial Highway,PRINCES,DANDENONG,-37.941467,145.16606,2021,2,February,10,Midday,Weekend
T20210003829,2021-02-21,10:30:00,1,Collision with vehicle,7,Sunday,116,LEFT NEAR (INTERSECTIONS ONLY),1,301467,T intersection,2,50,Local Road,HORSESHOE BEND,SURF COAST,-38.3121,144.33904,2021,2,February,10,Midday,Weekend
T20210003826,2021-02-21,10:00:00,4,Collision with a fixed object,7,Sunday,171,LEFT OFF CARRIAGEWAY INTO OBJECT/PARKED VEHICLE,1,676346,Not at intersection,3,50,Local Road,HUTCHINSONS,MACEDON RANGES,-37.33958,144.74477,2021,2,February,10,Midday,Weekend
T20210003869,2021-02-21,19:53:00,1,Collision with vehicle,7,Sunday,130,REAR END(VEHICLES IN SAME LANE),2,676347,Not at intersection,2,40,Arterial Other,MICKLEHAM,HUME,-37.6369,144.88112,2021,2,February,19,Night,Weekend
T20210003995,2021-02-21,13:00:00,1,Collision with vehicle,7,Sunday,130,REAR END(VEHICLES IN SAME LANE),1,676455,Not at intersection,3,100,Freeway,PRINCES,WYNDHAM,-37.838936,144.79683,2021,2,February,13,Midday,Weekend
T20210007895,2021-02-21,15:03:00,1,Collision with vehicle,7,Sunday,147,VEHICLE STRIKES ANOTHER VEH WHILE EMERGING FROM DRIVEWAY,1,681124,Not at intersection,3,60,Arterial Other,CARLISLE,PORT PHILLIP,-37.86718,144.98131,2021,2,February,15,Afternoon Peak,Weekend
T20210003871,2021-02-21,15:20:00,4,Collision with a fixed object,7,Sunday,181,OFF RIGHT BEND INTO OBJECT/PARKED VEHICLE,1,677067,Not at intersection,3,80,Arterial Other,WOODS POINT,YARRA RANGES,-37.65987,145.85985,2021,2,February,15,Afternoon Peak,Weekend
T20210003919,2021-02-21,12:30:00,1,Collision with vehicle,7,Sunday,120,HEAD ON (NOT OVERTAKING),9,676559,Not at intersection,2,100,Arterial Other,TARRA VALLEY,WELLINGTON,-38.46972,146.55586,2021,2,February,12,Midday,Weekend
T20210003944,2021-02-21,11:30:00,1,Collision with vehicle,7,Sunday,130,REAR END(VEHICLES IN SAME LANE),1,676937,Not at intersection,3,100,Freeway,PRINCES,WYNDHAM,-37.911892,144.68102,2021,2,February,11,Midday,Weekend
T20210009429,2021-02-21,11:45:00,1,Collision with vehicle,7,Sunday,121,RIGHT THROUGH,9,36460,T intersection,3,50,Local Road,JOHN FAWKNER,CASEY,-37.979202,145.26926,2021,2,February,11,Midday,Weekend
T20210005375,2021-02-21,12:30:00,1,Collision with vehicle,7,Sunday,120,HEAD ON (NOT OVERTAKING),9,680216,Not at intersection,2,60,Arterial Other,BENAMBRA-CORRYONG,EAST GIPPSLAND,-36.794594,147.71178,2021,2,February,12,Midday,Weekend
T20210011761,2021-02-21,21:00:00,3,Struck animal,7,Sunday,167,STRUCK ANIMAL,5,730238,Not at intersection,3,80,Local Road,LIMESTONE,EAST GIPPSLAND,-36.913174,147.80241,2021,2,February,21,Night,Weekend
T20210003258,2021-02-21,13:30:00,1,Collision with vehicle,7,Sunday,130,REAR END(VEHICLES IN SAME LANE),1,773302,Not at intersection,3,60,Local Road,SOMERVILLE,MARIBYRNONG,-37.814335,144.89682,2021,2,February,13,Midday,Weekend
T20210003997,2021-02-21,21:00:00,1,Collision with vehicle,7,Sunday,110,CROSS TRAFFIC(INTERSECTIONS ONLY),3,686505,Cross intersection,2,40,Local Road,SECCULL,KINGSTON,-38.045616,145.14029,2021,2,February,21,Night,Weekend
T20210004053,2021-02-21,13:00:00,1,Collision with vehicle,7,Sunday,140,U TURN,1,678580,Cross intersection,3,40,Arterial Other,GRIEVE,HOBSONS BAY,-37.82303,144.82985,2021,2,February,13,Midday,Weekend
T20210003877,2021-02-21,21:15:00,1,Collision with vehicle,7,Sunday,110,CROSS TRAFFIC(INTERSECTIONS ONLY),3,233917,Cross intersection,2,60,Local Road,DAVIS,WYNDHAM,-37.815388,144.65686,2021,2,February,21,Night,Weekend
T20210003879,2021-02-21,20:29:00,1,Collision with vehicle,7,Sunday,121,RIGHT THROUGH,3,65851,Cross intersection,3,50,Arterial Other,SPENCER,MELBOURNE,-37.813168,144.95143,2021,2,February,20,Night,Weekend
T20210003882,2021-02-21,16:10:00,1,Collision with vehicle,7,Sunday,113,RIGHT NEAR (INTERSECTIONS ONLY),1,681483,T intersection,2,50,Local Road,CLARENDON,HUME,-37.590187,144.91727,2021,2,February,16,Afternoon Peak,Weekend
T20210008561,2021-02-21,02:07:00,4,Collision with a fixed object,7,Sunday,173,RIGHT OFF CARRIAGEWAY INTO OBJECT/PARKED VEHICLE,3,680956,T intersection,3,60,Local Road,FERRIS,MELTON,-37.71315,144.60057,2021,2,February,2,Late Night,Weekend
T20210007834,2021-02-21,15:30:00,1,Collision with vehicle,7,Sunday,130,REAR END(VEHICLES IN SAME LANE),1,680175,Not at intersection,3,50,Local Road,CHIFLEY,DAREBIN,-37.748447,145.02971,2021,2,February,15,Afternoon Peak,Weekend
T20210005719,2021-02-21,16:30:00,5,collision with some other object,7,Sunday,166,STRUCK OBJECT ON CARRIAGEWAY,1,680289,Not at intersection,3,100,Local Road,MARGINAL,MURRINDINDI,-37.457493,145.43256,2021,2,February,16,Afternoon Peak,Weekend
T20210003926,2021-02-21,11:42:00,1,Collision with vehicle,7,Sunday,131,LEFT REAR,1,676248,Cross intersection,3,80,Arterial Other,THOMPSONS,CASEY,-38.08936,145.33246,2021,2,February,11,Midday,Weekend
T20210003813,2021-02-21,01:20:00,6,Vehicle overturned (no collision),7,Sunday,170,OFF CARRIAGEWAY TO LEFT,5,691770,Not at intersection,3,100,Arterial Other,MELBOURNE,HEPBURN,-37.44376,143.91571,2021,2,February,1,Late Night,Weekend
T20210004520,2021-02-21,15:09:00,5,collision with some other object,7,Sunday,166,STRUCK OBJECT ON CARRIAGEWAY,1,678218,Not at intersection,3,100,Arterial Other,EUROA-MANSFIELD,STRATHBOGIE,-36.901962,145.62724,2021,2,February,15,Afternoon Peak,Weekend
T20210003863,2021-02-21,16:10:00,4,Collision with a fixed object,7,Sunday,181,OFF RIGHT BEND INTO OBJECT/PARKED VEHICLE,1,681347,Not at intersection,2,80,Arterial Other,HEIDELBERG-KINGLAKE,NILLUMBIK,-37.60917,145.25043,2021,2,February,16,Afternoon Peak,Weekend
T20210003864,2021-02-21,17:05:00,1,Collision with vehicle,7,Sunday,148,VEHICLE OFF FOOTPATH STRIKES VEH ON CARRIAGEWAY,1,681482,Not at intersection,3,40,Local Road,HOVELL,WODONGA,-36.123333,146.88893,2021,2,February,17,Afternoon Peak,Weekend
T20210003865,2021-02-21,14:30:00,4,Collision with a fixed object,7,Sunday,181,OFF RIGHT BEND INTO OBJECT/PARKED VEHICLE,1,684164,Not at intersection,2,60,Arterial Other,HEIDELBERG-KINGLAKE,NILLUMBIK,-37.560253,145.32285,2021,2,February,14,Midday,Weekend
T20210003895,2021-02-22,08:45:00,1,Collision with vehicle,1,Monday,111,RIGHT FAR (INTERSECTIONS ONLY),1,1333,T intersection,2,70,Arterial Other,SYDNEY,MORELAND,-37.694714,144.95879,2021,2,February,8,Morning Peak,Weekday
T20210003940,2021-02-22,16:30:00,1,Collision with vehicle,1,Monday,110,CROSS TRAFFIC(INTERSECTIONS ONLY),1,50815,Cross intersection,2,100,Local Road,KATUNGA-PICOLA,MOIRA,-35.99916,145.33177,2021,2,February,16,Afternoon Peak,Weekday
T20210003929,2021-02-22,08:43:00,1,Collision with vehicle,1,Monday,110,CROSS TRAFFIC(INTERSECTIONS ONLY),1,52545,Cross intersection,3,80,Local Road,KARADOC,MILDURA,-34.240044,142.15543,2021,2,February,8,Morning Peak,Weekday
T20210005492,2021-02-22,07:37:00,4,Collision with a fixed object,1,Monday,171,LEFT OFF CARRIAGEWAY INTO OBJECT/PARKED VEHICLE,1,773438,Not at intersection,3,60,Non Arterial,MCGREGOR,CARDINIA,-38.089386,145.47168,2021,2,February,7,Morning Peak,Weekday
T20210003931,2021-02-22,10:00:00,6,Vehicle overturned (no collision),1,Monday,172,OFF CARRIAGEWAY TO RIGHT,1,676452,Not at intersection,3,100,Local Road,INGLEWOOD-RHEOLA,LODDON,-36.625225,143.71042,2021,2,February,10,Midday,Weekday
T20210003955,2021-02-22,16:50:00,1,Collision with vehicle,1,Monday,110,CROSS TRAFFIC(INTERSECTIONS ONLY),1,682174,Cross intersection,2,100,Local Road,JESSE PLANT,NORTHERN GRAMPIANS,-36.5947,143.07736,2021,2,February,16,Afternoon Peak,Weekday
T20210003956,2021-02-22,20:10:00,1,Collision with vehicle,1,Monday,113,RIGHT NEAR (INTERSECTIONS ONLY),3,676980,Multiple intersection,3,80,Freeway,BURWOOD,KNOX,-37.861446,145.2125,2021,2,February,20,Night,Weekday
T20210003910,2021-02-22,09:01:00,2,Struck Pedestrian,1,Monday,102,FAR SIDE. PED HIT BY VEHICLE FROM THE LEFT,1,676979,Not at intersection,2,60,Local Road,FINDON,WHITTLESEA,-37.641365,145.05641,2021,2,February,9,Morning Peak,Weekday
T20210004014,2021-02-22,16:00:00,1,Collision with vehicle,1,Monday,130,REAR END(VEHICLES IN SAME LANE),1,676354,Not at intersection,3,60,Freeway,GEELONG RING OUT-HAMILTON,GEELONG,-38.141342,144.29634,2021,2,February,16,Afternoon Peak,Weekday
T20210003902,2021-02-22,06:58:00,1,Collision with vehicle,1,Monday,110,CROSS TRAFFIC(INTERSECTIONS ONLY),1,67571,Cross intersection,2,70,Arterial Highway,DANDENONG,STONNINGTON,-37.85887,145.00139,2021,2,February,6,Morning Peak,Weekday
T20210003957,2021-02-22,16:35:00,4,Collision with a fixed object,1,Monday,183,OFF LEFT BEND INTO OBJECT/PARKED VEHICLE,1,690914,Not at intersection,2,60,Local Road,AUBREYS,BALLARAT,-37.63776,143.85233,2021,2,February,16,Afternoon Peak,Weekday
T20210003896,2021-02-22,08:24:00,1,Collision with vehicle,1,Monday,130,REAR END(VEHICLES IN SAME LANE),1,729904,Not at intersection,3,70,Arterial Highway,HODDLE,YARRA,-37.802387,144.99255,2021,2,February,8,Morning Peak,Weekday
T20210003927,2021-02-22,11:09:00,8,No collision and no object struck,1,Monday,174,OUT OF CONTROL ON CARRIAGEWAY (ON STRAIGHT),1,677190,Not at intersection,3,60,Arterial Highway,NORTH,GLEN EIRA,-37.909412,145.08447,2021,2,February,11,Midday,Weekday
T20210004090,2021-02-22,16:00:00,1,Collision with vehicle,1,Monday,130,REAR END(VEHICLES IN SAME LANE),1,676460,Not at intersection,3,40,Arterial Other,BRIDGE INN,WHITTLESEA,-37.60275,145.11417,2021,2,February,16,Afternoon Peak,Weekday
T20210004395,2021-02-22,18:25:00,1,Collision with vehicle,1,Monday,113,RIGHT NEAR (INTERSECTIONS ONLY),1,30038,T intersection,3,80,Arterial Highway,COBDEN-WARRNAMBOOL,MOYNE,-38.389816,142.62787,2021,2,February,18,Afternoon Peak,Weekday
T20210005190,2021-02-22,14:59:00,1,Collision with vehicle,1,Monday,113,RIGHT NEAR (INTERSECTIONS ONLY),1,256,T intersection,3,50,Local Road,BLIND CREEK,KNOX,-37.880623,145.21767,2021,2,February,14,Midday,Weekday
T20210004013,2021-02-22,18:00:00,1,Collision with vehicle,1,Monday,131,LEFT REAR,2,302721,Not at intersection,3,50,Arterial Highway,HODDLE,YARRA,-37.809612,144.99138,2021,2,February,18,Afternoon Peak,Weekday
T20210003909,2021-02-22,08:50:00,4,Collision with a fixed object,1,Monday,183,OFF LEFT BEND INTO OBJECT/PARKED VEHICLE,1,685242,Not at intersection,2,100,Arterial Other,BLOOMFIELD,BAW BAW,-38.089947,145.96793,2021,2,February,8,Morning Peak,Weekday
T20210003941,2021-02-22,15:28:00,1,Collision with vehicle,1,Monday,113,RIGHT NEAR (INTERSECTIONS ONLY),1,51695,T intersection,3,60,Arterial Other,MACKENZIE STREET W-OAK,BENDIGO,-36.7775,144.24799,2021,2,February,15,Afternoon Peak,Weekday
T20210003905,2021-02-22,09:05:00,4,Collision with a fixed object,1,Monday,173,RIGHT OFF CARRIAGEWAY INTO OBJECT/PARKED VEHICLE,1,679125,Cross intersection,2,80,Arterial Highway,SOUTH GIPPSLAND,CASEY,-38.09812,145.2832,2021,2,February,9,Morning Peak,Weekday
T20210004917,2021-02-22,16:00:00,2,Struck Pedestrian,1,Monday,101,PED EMERGES FROM IN FRONT OF PARKED OR STATIONARY VEHICLE,1,729985,Not at intersection,3,50,Arterial Other,PARK,MORELAND,-37.72884,144.92577,2021,2,February,16,Afternoon Peak,Weekday
T20210003951,2021-02-22,15:04:00,6,Vehicle overturned (no collision),1,Monday,184,OUT OF CONTROL ON CARRIAGEWAY (ON BEND),1,681955,Not at intersection,2,100,Local Road,RIVER,WANGARATTA,-36.405666,146.45206,2021,2,February,15,Afternoon Peak,Weekday
T20210003952,2021-02-22,15:30:00,2,Struck Pedestrian,1,Monday,108,PED STRUCK WALKING TO/FROM OR BOARDING/ALIGHTING VEHICLE.,1,676454,Not at intersection,3,40,Arterial Other,SYDNEY,MORELAND,-37.76197,144.963,2021,2,February,15,Afternoon Peak,Weekday
T20210014805,2021-02-22,18:34:00,1,Collision with vehicle,1,Monday,121,RIGHT THROUGH,2,673299,Cross intersection,3,60,Local Road,ELEVATION,HUME,-37.598625,144.89328,2021,2,February,18,Afternoon Peak,Weekday
T20210003936,2021-02-22,15:31:00,1,Collision with vehicle,1,Monday,111,RIGHT FAR (INTERSECTIONS ONLY),1,60756,T intersection,3,60,Local Road,MACARTHUR,BALLARAT,-37.550285,143.85223,2021,2,February,15,Afternoon Peak,Weekday
T20210020228,2021-02-22,17:00:00,1,Collision with vehicle,1,Monday,130,REAR END(VEHICLES IN SAME LANE),1,695635,Not at intersection,3,80,Arterial Other,PRINCES,CARDINIA,-38.07082,145.47493,2021,2,February,17,Afternoon Peak,Weekday
T20210003947,2021-02-22,17:30:00,1,Collision with vehicle,1,Monday,113,RIGHT NEAR (INTERSECTIONS ONLY),2,61725,T intersection,3,60,Local Road,ST HELENA,BANYULE,-37.687683,145.13463,2021,2,February,17,Afternoon Peak,Weekday
T20210004016,2021-02-22,15:45:00,2,Struck Pedestrian,1,Monday,100,PED NEAR SIDE. PED HIT BY VEHICLE FROM THE RIGHT.,1,676510,Not at intersection,3,40,Local Road,MOUNT ELIZA,MORNINGTON PENINSULA,-38.182617,145.09111,2021,2,February,15,Afternoon Peak,Weekday
T20210003906,2021-02-22,07:15:00,1,Collision with vehicle,1,Monday,110,CROSS TRAFFIC(INTERSECTIONS ONLY),1,45529,Cross intersection,3,60,Arterial Other,DAWSON,MORELAND,-37.769444,144.94391,2021,2,February,7,Morning Peak,Weekday
T20210003903,2021-02-22,09:08:00,1,Collision with vehicle,1,Monday,130,REAR END(VEHICLES IN SAME LANE),1,729905,Not at intersection,2,80,Arterial Other,SLADEN,CASEY,-38.111988,145.27351,2021,2,February,9,Morning Peak,Weekday
T20210004695,2021-02-22,16:40:00,1,Collision with vehicle,1,Monday,130,REAR END(VEHICLES IN SAME LANE),1,679943,Not at intersection,3,60,Arterial Other,GRIMSHAW,BANYULE,-37.7026,145.08481,2021,2,February,16,Afternoon Peak,Weekday
T20210003925,2021-02-22,06:30:00,1,Collision with vehicle,1,Monday,113,RIGHT NEAR (INTERSECTIONS ONLY),1,39806,T intersection,2,70,Arterial Other,MT DANDENONG,MAROONDAH,-37.800846,145.3001,2021,2,February,6,Morning Peak,Weekday
T20210003924,2021-02-22,09:35:00,1,Collision with vehicle,1,Monday,111,RIGHT FAR (INTERSECTIONS ONLY),1,40156,T intersection,3,50,Local Road,GERTRUDE,STONNINGTON,-37.855392,144.99797,2021,2,February,9,Morning Peak,Weekday
T20210003923,2021-02-22,07:05:00,1,Collision with vehicle,1,Monday,110,CROSS TRAFFIC(INTERSECTIONS ONLY),1,41152,Cross intersection,2,60,Local Road,BENT,BAYSIDE,-37.888596,144.99617,2021,2,February,7,Morning Peak,Weekday
T20210003915,2021-02-22,10:10:00,1,Collision with vehicle,1,Monday,147,VEHICLE STRIKES ANOTHER VEH WHILE EMERGING FROM DRIVEWAY,1,676808,Not at intersection,2,60,Local Road,GREGORY,BALLARAT,-37.541004,143.80927,2021,2,February,10,Midday,Weekday
T20210003914,2021-02-22,10:25:00,1,Collision with vehicle,1,Monday,110,CROSS TRAFFIC(INTERSECTIONS ONLY),1,50454,Cross intersection,3,60,Arterial Other,BILLSON,BASS COAST,-38.60952,145.58975,2021,2,February,10,Midday,Weekday
T20210003911,2021-02-22,08:30:00,1,Collision with vehicle,1,Monday,130,REAR END(VEHICLES IN SAME LANE),1,676349,Not at intersection,3,60,Arterial Other,TAYLORS,BRIMBANK,-37.727875,144.7966,2021,2,February,8,Morning Peak,Weekday
T20210003991,2021-02-22,08:00:00,1,Collision with vehicle,1,Monday,113,RIGHT NEAR (INTERSECTIONS ONLY),1,681180,T intersection,3,50,Local Road,MAIN,DAREBIN,-37.714375,145.0553,2021,2,February,8,Morning Peak,Weekday
T20210006966,2021-02-22,08:00:00,1,Collision with vehicle,1,Monday,130,REAR END(VEHICLES IN SAME LANE),1,679250,Not at intersection,3,100,Freeway,EASTERN,WHITEHORSE,-37.800625,145.15422,2021,2,February,8,Morning Peak,Weekday
T20210003885,2021-02-22,00:30:00,4,Collision with a fixed object,1,Monday,181,OFF RIGHT BEND INTO OBJECT/PARKED VEHICLE,5,735369,Not at intersection,2,100,Local Road,RINGIN,BAW BAW,-38.159298,145.80847,2021,2,February,0,Late Night,Weekday
T20210003973,2021-02-23,08:00:00,8,No collision and no object struck,2,Tuesday,174,OUT OF CONTROL ON CARRIAGEWAY (ON STRAIGHT),1,38767,Multiple intersection,3,50,Local Road,BARKLY,MARIBYRNONG,-37.799713,144.89958,2021,2,February,8,Morning Peak,Weekday
T20210003975,2021-02-23,06:00:00,1,Collision with vehicle,2,Tuesday,120,HEAD ON (NOT OVERTAKING),5,676981,Not at intersection,2,100,Arterial Other,BARWON HEADS,GEELONG,-38.271954,144.47997,2021,2,February,6,Morning Peak,Weekday
T20210003977,2021-02-23,07:16:00,1,Collision with vehicle,2,Tuesday,110,CROSS TRAFFIC(INTERSECTIONS ONLY),1,50843,Cross intersection,3,100,Local Road,NARING,MOIRA,-36.069107,145.45047,2021,2,February,7,Morning Peak,Weekday
T20210003978,2021-02-23,07:45:00,1,Collision with vehicle,2,Tuesday,160,VEHICLE COLLIDES WITH VEHICLE PARKED ON LEFT OF ROAD,1,681691,Not at intersection,2,80,Arterial Highway,WELLINGTON,MONASH,-37.919373,145.16599,2021,2,February,7,Morning Peak,Weekday
T20210004040,2021-02-23,19:00:00,1,Collision with vehicle,2,Tuesday,110,CROSS TRAFFIC(INTERSECTIONS ONLY),1,52986,Cross intersection,3,60,Local Road,CLARKSON,BALLARAT,-37.58206,143.83894,2021,2,February,19,Night,Weekday
T20210005718,2021-02-23,11:11:00,1,Collision with vehicle,2,Tuesday,121,RIGHT THROUGH,1,37219,Cross intersection,3,40,Arterial Other,CHURCH,YARRA,-37.81057,145.00064,2021,2,February,11,Midday,Weekday
T20210008514,2021-02-23,19:30:00,1,Collision with vehicle,2,Tuesday,130,REAR END(VEHICLES IN SAME LANE),1,680954,Not at intersection,3,60,Arterial Highway,BELL,MORELAND,-37.736877,144.93016,2021,2,February,19,Night,Weekday
T20210007110,2021-02-23,21:45:00,1,Collision with vehicle,2,Tuesday,121,RIGHT THROUGH,3,322346,Cross intersection,3,80,Arterial Other,POUND,CASEY,-38.02831,145.26881,2021,2,February,21,Night,Weekday
T20210004027,2021-02-23,18:00:00,2,Struck Pedestrian,2,Tuesday,108,PED STRUCK WALKING TO/FROM OR BOARDING/ALIGHTING VEHICLE.,1,710524,Not at intersection,3,50,Local Road,MARTIN,BRIMBANK,-37.788,144.8349,2021,2,February,18,Afternoon Peak,Weekday
T20210005756,2021-02-23,19:15:00,8,No collision and no object struck,2,Tuesday,174,OUT OF CONTROL ON CARRIAGEWAY (ON STRAIGHT),2,29596,Cross intersection,3,50,Arterial Other,CARLISLE,PORT PHILLIP,-37.868366,144.99036,2021,2,February,19,Night,Weekday
T20210004456,2021-02-23,05:50:00,1,Collision with vehicle,2,Tuesday,130,REAR END(VEHICLES IN SAME LANE),3,680757,Not at intersection,3,60,Arterial Highway,BELL,MORELAND,-37.74132,144.96643,2021,2,February,5,Morning Peak,Weekday
T20210004708,2021-02-23,18:45:00,4,Collision with a fixed object,2,Tuesday,179,OTHER ACCIDENTS-OFF STRAIGHT NOT INCLUDED IN DCAs 170-175,1,679903,Not at intersection,3,50,Local Road,GERMAIN,BRIMBANK,-37.726303,144.80157,2021,2,February,18,Afternoon Peak,Weekday
T20210004125,2021-02-23,05:25:00,1,Collision with vehicle,2,Tuesday,130,REAR END(VEHICLES IN SAME LANE),3,729620,T intersection,2,80,Arterial Highway,DANDENONG VALLEY,KNOX,-37.929565,145.23265,2021,2,February,5,Morning Peak,Weekday
T20210006606,2021-02-23,09:24:00,1,Collision with vehicle,2,Tuesday,130,REAR END(VEHICLES IN SAME LANE),1,29640,Cross intersection,3,80,Arterial Highway,NORTH,GLEN EIRA,-37.902107,145.026,2021,2,February,9,Morning Peak,Weekday
T20210005141,2021-02-23,07:23:00,2,Struck Pedestrian,2,Tuesday,100,PED NEAR SIDE. PED HIT BY VEHICLE FROM THE RIGHT.,1,347414,T intersection,3,60,Arterial Other,PLYMOUTH,MAROONDAH,-37.78294,145.26855,2021,2,February,7,Morning Peak,Weekday
T20210004019,2021-02-23,14:13:00,1,Collision with vehicle,2,Tuesday,110,CROSS TRAFFIC(INTERSECTIONS ONLY),1,49612,Cross intersection,2,50,Local Road,WALKERS,GEELONG,-38.021465,144.41069,2021,2,February,14,Midday,Weekday
T20210004020,2021-02-23,16:14:00,1,Collision with vehicle,2,Tuesday,132,RIGHT REAR.,1,677069,Cross intersection,3,80,Arterial Other,HEALESVILLE-YARRA GLEN,YARRA RANGES,-37.655453,145.47766,2021,2,February,16,Afternoon Peak,Weekday
T20210004021,2021-02-23,07:00:00,1,Collision with vehicle,2,Tuesday,130,REAR END(VEHICLES IN SAME LANE),1,682911,Not at intersection,3,80,Arterial Other,MT DUNEED,GEELONG,-38.24863,144.33218,2021,2,February,7,Morning Peak,Weekday
T20210004022,2021-02-23,15:51:00,1,Collision with vehicle,2,Tuesday,113,RIGHT NEAR (INTERSECTIONS ONLY),1,890,Cross intersection,3,80,Arterial Highway,FRANKSTON-DANDENONG,DANDENONG,-38.01461,145.21535,2021,2,February,15,Afternoon Peak,Weekday
T20210006457,2021-02-23,16:12:00,8,No collision and no object struck,2,Tuesday,170,OFF CARRIAGEWAY TO LEFT,1,678844,Not at intersection,3,100,Arterial Other,BARWON HEADS,GEELONG,-38.27012,144.47377,2021,2,February,16,Afternoon Peak,Weekday
T20210003969,2021-02-23,06:20:00,1,Collision with vehicle,2,Tuesday,113,RIGHT NEAR (INTERSECTIONS ONLY),3,282284,T intersection,2,60,Arterial Other,CRAIGIEBURN,HUME,-37.59776,144.93028,2021,2,February,6,Morning Peak,Weekday
T20210004028,2021-02-23,17:57:00,4,Collision with a fixed object,2,Tuesday,173,RIGHT OFF CARRIAGEWAY INTO OBJECT/PARKED VEHICLE,1,677673,Not at intersection,2,100,Freeway,HUME,WHITTLESEA,-37.602894,144.96588,2021,2,February,17,Afternoon Peak,Weekday
T20210004004,2021-02-23,13:49:00,4,Collision with a fixed object,2,Tuesday,173,RIGHT OFF CARRIAGEWAY INTO OBJECT/PARKED VEHICLE,1,676670,Not at intersection,3,50,Local Road,SANCTUARY LAKES NORTH,WYNDHAM,-37.893604,144.76015,2021,2,February,13,Midday,Weekday
T20210004023,2021-02-23,16:15:00,1,Collision with vehicle,2,Tuesday,110,CROSS TRAFFIC(INTERSECTIONS ONLY),1,43814,Cross intersection,3,80,Local Road,QUEENS,YARRA RANGES,-37.802357,145.44327,2021,2,February,16,Afternoon Peak,Weekday
T20210003965,2021-02-23,01:15:00,1,Collision with vehicle,2,Tuesday,130,REAR END(VEHICLES IN SAME LANE),3,765138,Not at intersection,3,100,Freeway,MONASH,MONASH,-37.88526,145.09846,2021,2,February,1,Late Night,Weekday
T20210004043,2021-02-23,20:00:00,1,Collision with vehicle,2,Tuesday,120,HEAD ON (NOT OVERTAKING),2,729810,Not at intersection,2,60,Local Road,LEE,FRANKSTON,-38.15231,145.15063,2021,2,February,20,Night,Weekday
T20210007128,2021-02-23,17:47:00,1,Collision with vehicle,2,Tuesday,130,REAR END(VEHICLES IN SAME LANE),1,679990,Not at intersection,3,80,Freeway,WEST GATE IN-MONTAGUE,MELBOURNE,-37.825798,144.94556,2021,2,February,17,Afternoon Peak,Weekday
T20210004044,2021-02-23,18:00:00,1,Collision with vehicle,2,Tuesday,121,RIGHT THROUGH,1,29424,Cross intersection,3,60,Local Road,DONALD,MARIBYRNONG,-37.798233,144.8984,2021,2,February,18,Afternoon Peak,Weekday
T20210004045,2021-02-23,17:45:00,1,Collision with vehicle,2,Tuesday,114,TWO RIGHT TURNING (INTERSECTIONS ONLY),1,71972,T intersection,3,60,Arterial Other,BALLARTO,CARDINIA,-38.14611,145.42448,2021,2,February,17,Afternoon Peak,Weekday
T20210003988,2021-02-23,09:02:00,1,Collision with vehicle,2,Tuesday,110,CROSS TRAFFIC(INTERSECTIONS ONLY),1,50843,Cross intersection,3,100,Local Road,NARING,MOIRA,-36.069107,145.45047,2021,2,February,9,Morning Peak,Weekday
T20210004024,2021-02-23,16:45:00,1,Collision with vehicle,2,Tuesday,130,REAR END(VEHICLES IN SAME LANE),1,676743,Not at intersection,3,50,Local Road,GEORGE,MANNINGHAM,-37.778282,145.12953,2021,2,February,16,Afternoon Peak,Weekday
T20210003998,2021-02-23,07:55:00,1,Collision with vehicle,2,Tuesday,110,CROSS TRAFFIC(INTERSECTIONS ONLY),1,258416,Cross intersection,2,60,Arterial Highway,HAMILTON,GOLDEN PLAINS,-38.10079,144.05829,2021,2,February,7,Morning Peak,Weekday
T20210004025,2021-02-23,17:21:00,1,Collision with vehicle,2,Tuesday,114,TWO RIGHT TURNING (INTERSECTIONS ONLY),1,67930,T intersection,3,60,Arterial Other,MALVERN,STONNINGTON,-37.869057,145.06044,2021,2,February,17,Afternoon Peak,Weekday
T20210004010,2021-02-23,12:00:00,8,No collision and no object struck,2,Tuesday,174,OUT OF CONTROL ON CARRIAGEWAY (ON STRAIGHT),1,29621,Cross intersection,2,50,Arterial Other,HIGH STREET,MONASH,-37.87148,145.14221,2021,2,February,12,Midday,Weekday
T20210004054,2021-02-23,14:15:00,1,Collision with vehicle,2,Tuesday,130,REAR END(VEHICLES IN SAME LANE),1,73433,Cross intersection,3,100,Arterial Highway,SOUTH GIPPSLAND,BASS COAST,-38.33487,145.6184,2021,2,February,14,Midday,Weekday