ACCIDENT_NO,ACCIDENT_DATE,ACCIDENT_TIME,ACCIDENT_TYPE,ACCIDENT_TYPE_DESC,DAY_OF_WEEK,DAY_WEEK_DESC,DCA_CODE,DCA_DESC,LIGHT_CONDITION,NODE_ID,ROAD_GEOMETRY_DESC,SEVERITY,SPEED_ZONE,RMA,ROAD_NAME,LGA_NAME,LATITUDE,LONGITUDE,YEAR,MONTH,MONTH_NAME,HOUR,TIME_PERIOD,DAY_TYPE
T20210004046,2021-02-23,20:40:00,1,Collision with vehicle,2,Tuesday,121,RIGHT THROUGH,3,337370,T intersection,2,50,Local Road,OAK,MELBOURNE,-37.777668,144.94273,2021,2,February,20,Night,Weekday
T20210004047,2021-02-23,22:00:00,1,Collision with vehicle,2,Tuesday,160,VEHICLE COLLIDES WITH VEHICLE PARKED ON LEFT OF ROAD,3,739783,Not at intersection,2,50,Local Road,RAE,KINGSTON,-38.03393,145.1134,2021,2,February,22,Night,Weekday
T20210007096,2021-02-23,16:30:00,1,Collision with vehicle,2,Tuesday,135,LANE CHANGE LEFT (NOT OVERTAKING),1,679700,Not at intersection,3,60,Arterial Highway,WARRIGAL,KINGSTON,-37.965195,145.07457,2021,2,February,16,Afternoon Peak,Weekday
T20210004008,2021-02-23,15:15:00,1,Collision with vehicle,2,Tuesday,121,RIGHT THROUGH,1,36576,T intersection,2,60,Arterial Other,VICTORIA,YARRA,-37.808727,144.98259,2021,2,February,15,Afternoon Peak,Weekday
T20210004039,2021-02-23,19:40:00,1,Collision with vehicle,2,Tuesday,130,REAR END(VEHICLES IN SAME LANE),2,224806,Cross intersection,3,60,Arterial Highway,HODDLE,MELBOURNE,-37.80991,144.99132,2021,2,February,19,Night,Weekday
T20210004003,2021-02-23,12:45:00,1,Collision with vehicle,2,Tuesday,152,PULLING OUT (OVERTAKING),1,676561,Not at intersection,3,80,Arterial Other,BACCHUS MARSH,MACEDON RANGES,-37.492275,144.50621,2021,2,February,12,Midday,Weekday
T20210004041,2021-02-23,18:55:00,1,Collision with vehicle,2,Tuesday,111,RIGHT FAR (INTERSECTIONS ONLY),2,299089,Cross intersection,3,60,Arterial Other,GRIMSHAW,BANYULE,-37.703403,145.09187,2021,2,February,18,Afternoon Peak,Weekday
T20210004032,2021-02-23,19:14:00,2,Struck Pedestrian,2,Tuesday,100,PED NEAR SIDE. PED HIT BY VEHICLE FROM THE RIGHT.,1,676744,Not at intersection,2,50,Local Road,FOKKER,MOONEE VALLEY,-37.711334,144.89827,2021,2,February,19,Night,Weekday
T20210004005,2021-02-23,08:00:00,1,Collision with vehicle,2,Tuesday,133,LANE SIDE SWIPE (VEHICLES IN PARALLEL LANES),1,729809,Not at intersection,3,80,Freeway,METROPOLITAN RING OUT-PLENTY,WHITTLESEA,-37.686123,145.06526,2021,2,February,8,Morning Peak,Weekday
T20210008532,2021-02-23,18:00:00,1,Collision with vehicle,2,Tuesday,147,VEHICLE STRIKES ANOTHER VEH WHILE EMERGING FROM DRIVEWAY,1,681186,Not at intersection,3,60,Local Road,UNNAMED,BENDIGO,-36.70528,144.31718,2021,2,February,18,Afternoon Peak,Weekday
T20210004181,2021-02-23,17:37:00,1,Collision with vehicle,2,Tuesday,132,RIGHT REAR.,2,676746,Multiple intersection,3,60,Freeway,NEPEAN-MORNINGTON PENINSULA IN,MORNINGTON PENINSULA,-38.298267,145.03249,2021,2,February,17,Afternoon Peak,Weekday
T20210004002,2021-02-23,11:30:00,1,Collision with vehicle,2,Tuesday,132,RIGHT REAR.,1,699151,T intersection,2,60,Arterial Other,BELMORE,WHITEHORSE,-37.801594,145.10733,2021,2,February,11,Midday,Weekday
T20210004017,2021-02-23,15:03:00,4,Collision with a fixed object,2,Tuesday,171,LEFT OFF CARRIAGEWAY INTO OBJECT/PARKED VEHICLE,1,70414,T intersection,2,60,Local Road,CHARMAN,KINGSTON,-37.97548,145.05382,2021,2,February,15,Afternoon Peak,Weekday
T20210004037,2021-02-23,15:21:00,1,Collision with vehicle,2,Tuesday,130,REAR END(VEHICLES IN SAME LANE),1,676356,Not at intersection,3,80,Arterial Highway,SOUTH GIPPSLAND,DANDENONG,-38.01868,145.23584,2021,2,February,15,Afternoon Peak,Weekday
T20210003999,2021-02-23,10:15:00,2,Struck Pedestrian,2,Tuesday,102,FAR SIDE. PED HIT BY VEHICLE FROM THE LEFT,1,676351,Not at intersection,2,60,Arterial Highway,ABERDEEN,GEELONG,-38.14671,144.34671,2021,2,February,10,Midday,Weekday
T20210004584,2021-02-23,15:30:00,1,Collision with vehicle,2,Tuesday,130,REAR END(VEHICLES IN SAME LANE),1,765123,Not at intersection,3,60,Arterial Other,MAFFRA-SALE,WELLINGTON,-38.093227,147.06891,2021,2,February,15,Afternoon Peak,Weekday
T20210004018,2021-02-23,13:35:00,1,Collision with vehicle,2,Tuesday,130,REAR END(VEHICLES IN SAME LANE),1,676742,Not at intersection,2,100,Arterial Highway,SOUTH GIPPSLAND,SOUTH GIPPSLAND,-38.590874,146.07002,2021,2,February,13,Midday,Weekday
T20210004236,2021-02-24,13:00:00,6,Vehicle overturned (no collision),3,Wednesday,184,OUT OF CONTROL ON CARRIAGEWAY (ON BEND),1,677143,Not at intersection,3,100,Local Road,CASSILIS,EAST GIPPSLAND,-37.261112,147.6696,2021,2,February,13,Midday,Weekday
T20210004336,2021-02-24,08:30:00,1,Collision with vehicle,3,Wednesday,121,RIGHT THROUGH,1,676896,T intersection,3,60,Local Road,DESCHAMPS,YARRA RANGES,-37.75736,145.35677,2021,2,February,8,Morning Peak,Weekday
T20210004071,2021-02-24,10:00:00,1,Collision with vehicle,3,Wednesday,113,RIGHT NEAR (INTERSECTIONS ONLY),1,676745,Cross intersection,3,60,Arterial Highway,MAROONDAH,MAROONDAH,-37.817497,145.21501,2021,2,February,10,Midday,Weekday
T20210004089,2021-02-24,08:45:00,4,Collision with a fixed object,3,Wednesday,171,LEFT OFF CARRIAGEWAY INTO OBJECT/PARKED VEHICLE,1,687914,Not at intersection,3,100,Arterial Other,FISH CREEK-FOSTER,SOUTH GIPPSLAND,-38.665165,146.18272,2021,2,February,8,Morning Peak,Weekday
T20210004070,2021-02-24,07:05:00,1,Collision with vehicle,3,Wednesday,130,REAR END(VEHICLES IN SAME LANE),1,678158,Not at intersection,3,40,Freeway,MORNINGTON PENINSULA,KINGSTON,-38.02738,145.13437,2021,2,February,7,Morning Peak,Weekday
T20210004067,2021-02-24,08:12:00,1,Collision with vehicle,3,Wednesday,169,OTHER ON PATH,1,680466,T intersection,3,50,Local Road,RADIATA,FRANKSTON,-38.117706,145.15375,2021,2,February,8,Morning Peak,Weekday
T20210004101,2021-02-24,16:20:00,1,Collision with vehicle,3,Wednesday,110,CROSS TRAFFIC(INTERSECTIONS ONLY),1,50712,Cross intersection,2,50,Local Road,BARKLY,GLENELG,-38.363037,141.61845,2021,2,February,16,Afternoon Peak,Weekday
T20210004064,2021-02-24,07:26:00,2,Struck Pedestrian,3,Wednesday,100,PED NEAR SIDE. PED HIT BY VEHICLE FROM THE RIGHT.,1,44766,Cross intersection,3,60,Arterial Other,ST HELENA,BANYULE,-37.699886,145.11476,2021,2,February,7,Morning Peak,Weekday
T20210007840,2021-02-24,19:00:00,8,No collision and no object struck,3,Wednesday,174,OUT OF CONTROL ON CARRIAGEWAY (ON STRAIGHT),1,680143,Not at intersection,3,40,Arterial Other,HIGH,STONNINGTON,-37.85251,144.99817,2021,2,February,19,Night,Weekday
T20210004119,2021-02-24,18:30:00,4,Collision with a fixed object,3,Wednesday,173,RIGHT OFF CARRIAGEWAY INTO OBJECT/PARKED VEHICLE,1,37055,T intersection,3,70,Arterial Highway,HODDLE,MELBOURNE,-37.811256,144.99109,2021,2,February,18,Afternoon Peak,Weekday
T20210004121,2021-02-24,16:45:00,1,Collision with vehicle,3,Wednesday,110,CROSS TRAFFIC(INTERSECTIONS ONLY),1,52533,Cross intersection,2,60,Arterial Highway,FIFTEENTH,MILDURA,-34.219135,142.15121,2021,2,February,16,Afternoon Peak,Weekday
T20210004122,2021-02-24,22:10:00,1,Collision with vehicle,3,Wednesday,121,RIGHT THROUGH,3,280084,Multiple intersection,3,80,Freeway,BURWOOD,KNOX,-37.861015,145.2112,2021,2,February,22,Night,Weekday
T20210004124,2021-02-24,21:13:00,6,Vehicle overturned (no collision),3,Wednesday,174,OUT OF CONTROL ON CARRIAGEWAY (ON STRAIGHT),3,676675,Multiple intersection,2,70,Arterial Other,SYDNEY,HUME,-37.691643,144.95857,2021,2,February,21,Night,Weekday
T20210004227,2021-02-24,15:30:00,1,Collision with vehicle,3,Wednesday,140,U TURN,9,676747,Not at intersection,3,60,Arterial Other,DORSET,MAROONDAH,-37.803013,145.2892,2021,2,February,15,Afternoon Peak,Weekday
T20210004104,2021-02-24,17:05:00,1,Collision with vehicle,3,Wednesday,130,REAR END(VEHICLES IN SAME LANE),1,676672,T intersection,2,50,Arterial Highway,HIGH,BENDIGO,-36.76022,144.2773,2021,2,February,17,Afternoon Peak,Weekday
T20210005308,2021-02-24,20:51:00,1,Collision with vehicle,3,Wednesday,113,RIGHT NEAR (INTERSECTIONS ONLY),3,42264,T intersection,3,60,Arterial Other,CHESTERVILLE,KINGSTON,-37.941895,145.06017,2021,2,February,20,Night,Weekday
T20210004105,2021-02-24,16:06:00,1,Collision with vehicle,3,Wednesday,130,REAR END(VEHICLES IN SAME LANE),1,679837,Not at intersection,3,100,Freeway,WESTERN RING,HUME,-37.69209,144.95178,2021,2,February,16,Afternoon Peak,Weekday
T20210004110,2021-02-24,17:15:00,1,Collision with vehicle,3,Wednesday,121,RIGHT THROUGH,1,37402,Cross intersection,2,50,Arterial Other,BAY,PORT PHILLIP,-37.841976,144.93921,2021,2,February,17,Afternoon Peak,Weekday
T20210004106,2021-02-24,17:04:00,1,Collision with vehicle,3,Wednesday,113,RIGHT NEAR (INTERSECTIONS ONLY),1,43751,Multiple intersection,3,60,Local Road,CENTENARY,MELTON,-37.676117,144.59657,2021,2,February,17,Afternoon Peak,Weekday
T20210004113,2021-02-24,17:38:00,1,Collision with vehicle,3,Wednesday,130,REAR END(VEHICLES IN SAME LANE),1,676809,Cross intersection,3,60,Arterial Other,TRAM,MANNINGHAM,-37.78753,145.12476,2021,2,February,17,Afternoon Peak,Weekday
T20210004096,2021-02-24,13:30:00,1,Collision with vehicle,3,Wednesday,132,RIGHT REAR.,1,682571,Cross intersection,3,80,Arterial Other,LIVERPOOL,MAROONDAH,-37.818268,145.31682,2021,2,February,13,Midday,Weekday
T20210004114,2021-02-24,15:30:00,1,Collision with vehicle,3,Wednesday,110,CROSS TRAFFIC(INTERSECTIONS ONLY),1,57190,Cross intersection,3,70,Arterial Other,COOPER,WHITTLESEA,-37.64728,144.98027,2021,2,February,15,Afternoon Peak,Weekday
T20210004170,2021-02-24,09:34:00,1,Collision with vehicle,3,Wednesday,110,CROSS TRAFFIC(INTERSECTIONS ONLY),1,19347,Cross intersection,3,50,Arterial Other,COHUNA-MCMILLANS,GANNAWARRA,-35.808945,144.21954,2021,2,February,9,Morning Peak,Weekday
T20210004167,2021-02-24,20:40:00,4,Collision with a fixed object,3,Wednesday,181,OFF RIGHT BEND INTO OBJECT/PARKED VEHICLE,5,682007,Not at intersection,2,100,Arterial Highway,SOUTH GIPPSLAND,CARDINIA,-38.21985,145.5079,2021,2,February,20,Night,Weekday
T20210004767,2021-02-24,14:15:00,1,Collision with vehicle,3,Wednesday,112,LEFT FAR (INTERSECTIONS ONLY),1,678165,T intersection,3,50,Local Road,PACIFIC,MORNINGTON PENINSULA,-38.28667,144.99469,2021,2,February,14,Midday,Weekday
T20210004116,2021-02-24,17:15:00,1,Collision with vehicle,3,Wednesday,130,REAR END(VEHICLES IN SAME LANE),1,44459,Cross intersection,2,70,Arterial Highway,SETTLEMENT,GEELONG,-38.18178,144.34778,2021,2,February,17,Afternoon Peak,Weekday
T20210004349,2021-02-24,16:30:00,1,Collision with vehicle,3,Wednesday,147,VEHICLE STRIKES ANOTHER VEH WHILE EMERGING FROM DRIVEWAY,1,676752,Not at intersection,3,50,Local Road,HYDE,MARIBYRNONG,-37.818798,144.8964,2021,2,February,16,Afternoon Peak,Weekday
T20210004056,2021-02-24,06:25:00,1,Collision with vehicle,3,Wednesday,130,REAR END(VEHICLES IN SAME LANE),1,676859,Not at intersection,3,80,Freeway,MELBOURNE-WEST GATE OUT,HOBSONS BAY,-37.825222,144.87752,2021,2,February,6,Morning Peak,Weekday
T20210004060,2021-02-24,08:05:00,1,Collision with vehicle,3,Wednesday,130,REAR END(VEHICLES IN SAME LANE),1,676562,Not at intersection,3,100,Freeway,HUME,WHITTLESEA,-37.64453,144.99149,2021,2,February,8,Morning Peak,Weekday
T20210004062,2021-02-24,08:00:00,1,Collision with vehicle,3,Wednesday,152,PULLING OUT (OVERTAKING),1,676458,Cross intersection,3,50,Local Road,AIRLIE,BANYULE,-37.722824,145.11717,2021,2,February,8,Morning Peak,Weekday
T20210006455,2021-02-24,16:10:00,1,Collision with vehicle,3,Wednesday,121,RIGHT THROUGH,9,45429,T intersection,3,50,Arterial Other,MT ALEXANDER,MOONEE VALLEY,-37.77188,144.92659,2021,2,February,16,Afternoon Peak,Weekday
T20210004274,2021-02-24,13:30:00,1,Collision with vehicle,3,Wednesday,130,REAR END(VEHICLES IN SAME LANE),9,784827,T intersection,2,60,Arterial Other,MCINTYRE,BRIMBANK,-37.773254,144.82942,2021,2,February,13,Midday,Weekday
T20210004087,2021-02-24,09:49:00,1,Collision with vehicle,3,Wednesday,110,CROSS TRAFFIC(INTERSECTIONS ONLY),1,42032,Cross intersection,2,50,Arterial Other,HAMPTON,BAYSIDE,-37.94203,145.00166,2021,2,February,9,Morning Peak,Weekday
T20210004091,2021-02-24,13:42:00,6,Vehicle overturned (no collision),3,Wednesday,174,OUT OF CONTROL ON CARRIAGEWAY (ON STRAIGHT),1,676982,Not at intersection,3,60,Arterial Other,MURRAY,MORELAND,-37.73554,144.97446,2021,2,February,13,Midday,Weekday
T20210005367,2021-02-24,12:15:00,1,Collision with vehicle,3,Wednesday,116,LEFT NEAR (INTERSECTIONS ONLY),1,42186,T intersection,3,60,Arterial Other,BAY,BAYSIDE,-37.956238,145.04207,2021,2,February,12,Midday,Weekday
T20210004082,2021-02-24,10:21:00,1,Collision with vehicle,3,Wednesday,139,OTHER SAME DIRECTION-MANOUEVRES NOT INCLUDED IN DCAs 130-137,1,678687,Not at intersection,3,60,Local Road,KARINIE,SWAN HILL,-35.326298,143.54408,2021,2,February,10,Midday,Weekday
T20210004073,2021-02-24,09:30:00,1,Collision with vehicle,3,Wednesday,110,CROSS TRAFFIC(INTERSECTIONS ONLY),1,17654,Cross intersection,3,100,Arterial Other,SNOW,WANGARATTA,-36.46168,146.50914,2021,2,February,9,Morning Peak,Weekday
T20210004193,2021-02-25,17:14:00,1,Collision with vehicle,4,Thursday,130,REAR END(VEHICLES IN SAME LANE),1,321927,Multiple intersection,3,60,Arterial Other,BALLARAT,MARIBYRNONG,-37.781353,144.86542,2021,2,February,17,Afternoon Peak,Weekday
T20210004191,2021-02-25,13:40:00,1,Collision with vehicle,4,Thursday,140,U TURN,1,729812,Not at intersection,2,80,Arterial Other,BONEO,MORNINGTON PENINSULA,-38.380627,144.88893,2021,2,February,13,Midday,Weekday
T20210004190,2021-02-25,16:30:00,2,Struck Pedestrian,4,Thursday,107,PED ON FOOTHPATH STRUCK BY VEHENTERING/LEAVING DRIVEWAY.,1,676848,Not at intersection,2,50,Local Road,ELDER,KINGSTON,-37.927464,145.1044,2021,2,February,16,Afternoon Peak,Weekday
T20210004189,2021-02-25,15:00:00,4,Collision with a fixed object,4,Thursday,171,LEFT OFF CARRIAGEWAY INTO OBJECT/PARKED VEHICLE,1,780808,Not at intersection,3,50,Local Road,CONNECT,GEELONG,-38.216694,144.32663,2021,2,February,15,Afternoon Peak,Weekday
T20210004183,2021-02-25,10:05:00,1,Collision with vehicle,4,Thursday,116,LEFT NEAR (INTERSECTIONS ONLY),1,43624,Cross intersection,2,80,Arterial Highway,PRINCES,CASEY,-38.02005,145.2982,2021,2,February,10,Midday,Weekday
T20210004217,2021-02-25,21:11:00,2,Struck Pedestrian,4,Thursday,102,FAR SIDE. PED HIT BY VEHICLE FROM THE LEFT,3,42963,T intersection,2,60,Arterial Other,CHANDLER,DANDENONG,-37.96374,145.18777,2021,2,February,21,Night,Weekday
T20210004215,2021-02-25,17:20:00,1,Collision with vehicle,4,Thursday,130,REAR END(VEHICLES IN SAME LANE),1,765378,Not at intersection,2,80,Arterial Other,CLYDE,CASEY,-38.058,145.3388,2021,2,February,17,Afternoon Peak,Weekday
T20210004222,2021-02-25,23:14:00,1,Collision with vehicle,4,Thursday,130,REAR END(VEHICLES IN SAME LANE),3,36666,Cross intersection,3,70,Arterial Highway,HODDLE,YARRA,-37.799847,144.99298,2021,2,February,23,Night,Weekday
T20210004225,2021-02-25,06:10:00,3,Struck animal,4,Thursday,167,STRUCK ANIMAL,2,676849,Not at intersection,2,100,Arterial Other,SWAN REACH,EAST GIPPSLAND,-37.762497,147.81258,2021,2,February,6,Morning Peak,Weekday
T20210004152,2021-02-25,11:20:00,1,Collision with vehicle,4,Thursday,130,REAR END(VEHICLES IN SAME LANE),1,676571,Not at intersection,2,50,Arterial Highway,GREAT OCEAN,SURF COAST,-38.406628,144.18678,2021,2,February,11,Midday,Weekday
T20210004160,2021-02-25,08:24:00,2,Struck Pedestrian,4,Thursday,100,PED NEAR SIDE. PED HIT BY VEHICLE FROM THE RIGHT.,1,676810,Not at intersection,2,80,Arterial Other,HEIDELBERG-KINGLAKE,NILLUMBIK,-37.654358,145.18922,2021,2,February,8,Morning Peak,Weekday
T20210004179,2021-02-25,15:00:00,1,Collision with vehicle,4,Thursday,121,RIGHT THROUGH,1,224287,T intersection,3,60,Arterial Highway,LOWER DANDENONG,KINGSTON,-37.982563,145.07596,2021,2,February,15,Afternoon Peak,Weekday
T20210004924,2021-02-25,16:00:00,4,Collision with a fixed object,4,Thursday,183,OFF LEFT BEND INTO OBJECT/PARKED VEHICLE,1,680361,Not at intersection,3,60,Local Road,BASIN-OLINDA,YARRA RANGES,-37.853504,145.34749,2021,2,February,16,Afternoon Peak,Weekday
T20210004138,2021-02-25,08:50:00,1,Collision with vehicle,4,Thursday,111,RIGHT FAR (INTERSECTIONS ONLY),1,773390,T intersection,3,60,Local Road,MORUYA,GEELONG,-38.207165,144.31766,2021,2,February,8,Morning Peak,Weekday
T20210004172,2021-02-25,12:54:00,4,Collision with a fixed object,4,Thursday,183,OFF LEFT BEND INTO OBJECT/PARKED VEHICLE,1,677415,Not at intersection,2,80,Arterial Other,HEALESVILLE-KOO WEE RUP,YARRA RANGES,-37.73225,145.518,2021,2,February,12,Midday,Weekday
T20210004177,2021-02-25,14:45:00,1,Collision with vehicle,4,Thursday,110,CROSS TRAFFIC(INTERSECTIONS ONLY),1,42380,Cross intersection,2,60,Arterial Other,BOUNDARY ROAD -CLAYTON,KINGSTON,-37.957657,145.11348,2021,2,February,14,Midday,Weekday
T20210005215,2021-02-25,13:15:00,1,Collision with vehicle,4,Thursday,130,REAR END(VEHICLES IN SAME LANE),1,677997,Not at intersection,3,40,Arterial Other,SYDNEY,MORELAND,-37.741524,144.96655,2021,2,February,13,Midday,Weekday
T20210004173,2021-02-25,10:29:00,1,Collision with vehicle,4,Thursday,130,REAR END(VEHICLES IN SAME LANE),1,221383,Not at intersection,2,60,Arterial Other,HUME HIGHWAY -SYDNEY,HUME,-37.643353,144.95146,2021,2,February,10,Midday,Weekday
T20210004146,2021-02-25,07:55:00,1,Collision with vehicle,4,Thursday,110,CROSS TRAFFIC(INTERSECTIONS ONLY),1,47296,Cross intersection,3,60,Local Road,DAVID MUNROE,HUME,-37.63679,144.93259,2021,2,February,7,Morning Peak,Weekday
T20210004196,2021-02-25,18:13:00,1,Collision with vehicle,4,Thursday,110,CROSS TRAFFIC(INTERSECTIONS ONLY),1,729813,Cross intersection,3,50,Local Road,NIXON,SHEPPARTON,-36.37677,145.39867,2021,2,February,18,Afternoon Peak,Weekday
T20210004566,2021-02-25,15:40:00,1,Collision with vehicle,4,Thursday,130,REAR END(VEHICLES IN SAME LANE),1,676994,T intersection,3,80,Arterial Highway,STUD,KNOX,-37.890736,145.23288,2021,2,February,15,Afternoon Peak,Weekday
T20210004137,2021-02-25,08:30:00,2,Struck Pedestrian,4,Thursday,100,PED NEAR SIDE. PED HIT BY VEHICLE FROM THE RIGHT.,1,51916,Cross intersection,3,60,Arterial Highway,MIDLAND,BENDIGO,-36.705154,144.31616,2021,2,February,8,Morning Peak,Weekday
T20210004145,2021-02-25,09:15:00,1,Collision with vehicle,4,Thursday,134,LANE CHANGE RIGHT (NOT OVERTAKING),1,677719,Not at intersection,3,60,Arterial Other,MITCHELL,MARIBYRNONG,-37.7814,144.86664,2021,2,February,9,Morning Peak,Weekday
T20210004623,2021-02-25,07:45:00,1,Collision with vehicle,4,Thursday,110,CROSS TRAFFIC(INTERSECTIONS ONLY),1,29926,Cross intersection,3,60,Arterial Other,DRUMMOND,BALLARAT,-37.562965,143.84705,2021,2,February,7,Morning Peak,Weekday
T20210004163,2021-02-25,11:35:00,8,No collision and no object struck,4,Thursday,174,OUT OF CONTROL ON CARRIAGEWAY (ON STRAIGHT),1,677636,Not at intersection,3,80,Arterial Other,MOUNT MACEDON,MACEDON RANGES,-37.430195,144.5806,2021,2,February,11,Midday,Weekday
T20210004488,2021-02-25,10:05:00,1,Collision with vehicle,4,Thursday,120,HEAD ON (NOT OVERTAKING),1,676988,Not at intersection,3,60,Arterial Other,MANSFIELD-WHITFIELD,WANGARATTA,-36.76555,146.41116,2021,2,February,10,Midday,Weekday
T20210004211,2021-02-25,17:05:00,2,Struck Pedestrian,4,Thursday,105,PED WALKING AGAINST TRAFFIC.,1,681267,Not at intersection,2,30,Local Road,GOLDEN,DANDENONG,-37.981247,145.1452,2021,2,February,17,Afternoon Peak,Weekday
T20210004210,2021-02-25,14:13:00,1,Collision with vehicle,4,Thursday,131,LEFT REAR,1,681110,Cross intersection,3,60,Arterial Other,PRINCES,WYNDHAM,-37.896374,144.6754,2021,2,February,14,Midday,Weekday
T20210004209,2021-02-25,17:40:00,1,Collision with vehicle,4,Thursday,135,LANE CHANGE LEFT (NOT OVERTAKING),1,729814,Not at intersection,2,80,Freeway,METROPOLITAN RING,WHITTLESEA,-37.688004,144.99673,2021,2,February,17,Afternoon Peak,Weekday
T20210004164,2021-02-25,13:30:00,2,Struck Pedestrian,4,Thursday,109,ANY MANOEUVRE INVOLVING PED NOT INCLUDED IN DCAs 100-108.,1,36884,Cross intersection,2,40,Local Road,HARDWARE,MELBOURNE,-37.812702,144.9608,2021,2,February,13,Midday,Weekday
T20210004204,2021-02-25,15:35:00,1,Collision with vehicle,4,Thursday,130,REAR END(VEHICLES IN SAME LANE),1,278642,T intersection,2,70,Local Road,PENROSE,WYNDHAM,-37.832474,144.67615,2021,2,February,15,Afternoon Peak,Weekday
T20210004206,2021-02-25,19:50:00,4,Collision with a fixed object,4,Thursday,171,LEFT OFF CARRIAGEWAY INTO OBJECT/PARKED VEHICLE,2,677756,T intersection,3,50,Local Road,BIRD,NILLUMBIK,-37.71318,145.13864,2021,2,February,19,Night,Weekday
T20210004149,2021-02-25,08:09:00,1,Collision with vehicle,4,Thursday,130,REAR END(VEHICLES IN SAME LANE),1,677674,Not at intersection,2,60,Arterial Other,CLYDE,CASEY,-38.0583,145.33875,2021,2,February,8,Morning Peak,Weekday
T20210004270,2021-02-25,14:45:00,4,Collision with a fixed object,4,Thursday,171,LEFT OFF CARRIAGEWAY INTO OBJECT/PARKED VEHICLE,1,677635,Not at intersection,3,100,Local Road,SNOWGUM,GOLDEN PLAINS,-37.787327,143.70096,2021,2,February,14,Midday,Weekday
T20210004199,2021-02-25,15:45:00,1,Collision with vehicle,4,Thursday,130,REAR END(VEHICLES IN SAME LANE),1,677675,Not at intersection,3,40,Local Road,SPRING,MELBOURNE,-37.814655,144.97458,2021,2,February,15,Afternoon Peak,Weekday
T20210004169,2021-02-25,13:20:00,4,Collision with a fixed object,4,Thursday,173,RIGHT OFF CARRIAGEWAY INTO OBJECT/PARKED VEHICLE,1,36072,Cross intersection,3,80,Arterial Other,EPPING,WHITTLESEA,-37.594006,145.03372,2021,2,February,13,Midday,Weekday
T20210004220,2021-02-25,20:39:00,2,Struck Pedestrian,4,Thursday,100,PED NEAR SIDE. PED HIT BY VEHICLE FROM THE RIGHT.,3,43087,Cross intersection,1,60,Arterial Highway,STUD,DANDENONG,-37.981647,145.2214,2021,2,February,20,Night,Weekday
T20210004219,2021-02-25,10:30:00,1,Collision with vehicle,4,Thursday,110,CROSS TRAFFIC(INTERSECTIONS ONLY),9,56784,Cross intersection,2,60,Local Road,BRIDGEWATER,HUME,-37.619022,144.92783,2021,2,February,10,Midday,Weekday
T20210004195,2021-02-25,18:38:00,6,Vehicle overturned (no collision),4,Thursday,174,OUT OF CONTROL ON CARRIAGEWAY (ON STRAIGHT),1,585887,T intersection,3,50,Local Road,CHALLENGER,GEELONG,-38.180855,144.39445,2021,2,February,18,Afternoon Peak,Weekday
T20210011402,2021-02-25,11:00:00,1,Collision with vehicle,4,Thursday,110,CROSS TRAFFIC(INTERSECTIONS ONLY),1,287496,Cross intersection,3,100,Arterial Highway,PYRENEES,MOUNT ALEXANDER,-37.096043,144.32663,2021,2,February,11,Midday,Weekday
T20210005790,2021-02-25,14:27:00,1,Collision with vehicle,4,Thursday,130,REAR END(VEHICLES IN SAME LANE),1,682176,Not at intersection,3,60,Arterial Other,EPPING,WHITTLESEA,-37.623302,145.02873,2021,2,February,14,Midday,Weekday
T20210004194,2021-02-25,17:20:00,4,Collision with a fixed object,4,Thursday,146,REVERSING INTO FIXED OBJECT/PARKED VEHICLE,1,735368,Not at intersection,2,50,Local Road,BELTANA,GEELONG,-38.2034,144.33324,2021,2,February,17,Afternoon Peak,Weekday
T20210004198,2021-02-25,19:20:00,1,Collision with vehicle,4,Thursday,110,CROSS TRAFFIC(INTERSECTIONS ONLY),2,49376,Cross intersection,2,100,Arterial Other,CENTRAL KIALLA,SHEPPARTON,-36.456966,145.43184,2021,2,February,19,Night,Weekday
T20210005033,2021-02-26,14:45:00,1,Collision with vehicle,5,Friday,131,LEFT REAR,1,677429,T intersection,3,70,Arterial Other,SYDNEY,MORELAND,-37.70458,144.96039,2021,2,February,14,Midday,Weekday
T20210004341,2021-02-26,15:30:00,1,Collision with vehicle,5,Friday,130,REAR END(VEHICLES IN SAME LANE),1,56878,T intersection,3,60,Local Road,ELDER,WYNDHAM,-37.86332,144.68895,2021,2,February,15,Afternoon Peak,Weekday
T20210004362,2021-02-26,16:30:00,1,Collision with vehicle,5,Friday,130,REAR END(VEHICLES IN SAME LANE),9,676985,Not at intersection,2,80,Arterial Other,MELTON,MELTON,-37.69051,144.73111,2021,2,February,16,Afternoon Peak,Weekday
T20210004661,2021-02-26,06:10:00,1,Collision with vehicle,5,Friday,119,OTHER ADJACENT (INTERSECTIONS ONLY),2,678337,Cross intersection,3,60,Arterial Other,SOMERTON,HUME,-37.634773,144.88147,2021,2,February,6,Morning Peak,Weekday
T20210004323,2021-02-26,11:57:00,1,Collision with vehicle,5,Friday,160,VEHICLE COLLIDES WITH VEHICLE PARKED ON LEFT OF ROAD,1,681015,Not at intersection,3,50,Local Road,LIVINGSTONE,WHITEHORSE,-37.848896,145.1811,2021,2,February,11,Midday,Weekday
T20210004322,2021-02-26,10:00:00,1,Collision with vehicle,5,Friday,130,REAR END(VEHICLES IN SAME LANE),1,729817,Not at intersection,3,100,Freeway,PRINCES,HOBSONS BAY,-37.850864,144.77962,2021,2,February,10,Midday,Weekday