ACCIDENT_NO,ACCIDENT_DATE,ACCIDENT_TIME,ACCIDENT_TYPE,ACCIDENT_TYPE_DESC,DAY_OF_WEEK,DAY_WEEK_DESC,DCA_CODE,DCA_DESC,LIGHT_CONDITION,NODE_ID,ROAD_GEOMETRY_DESC,SEVERITY,SPEED_ZONE,RMA,ROAD_NAME,LGA_NAME,LATITUDE,LONGITUDE,YEAR,MONTH,MONTH_NAME,HOUR,TIME_PERIOD,DAY_TYPE
T20210004310,2021-02-26,22:20:00,4,Collision with a fixed object,5,Friday,171,LEFT OFF CARRIAGEWAY INTO OBJECT/PARKED VEHICLE,3,677634,Not at intersection,3,50,Arterial Highway,WARBURTON,YARRA RANGES,-37.78176,145.61082,2021,2,February,22,Night,Weekday
T20210004307,2021-02-26,23:00:00,1,Collision with vehicle,5,Friday,132,RIGHT REAR.,3,36022,Cross intersection,2,40,Arterial Other,HOLMES,MORELAND,-37.758762,144.9745,2021,2,February,23,Night,Weekday
T20210004306,2021-02-26,21:26:00,4,Collision with a fixed object,5,Friday,181,OFF RIGHT BEND INTO OBJECT/PARKED VEHICLE,5,699026,Not at intersection,2,100,Arterial Other,PORT WELSHPOOL,SOUTH GIPPSLAND,-38.66883,146.43716,2021,2,February,21,Night,Weekday
T20210004305,2021-02-26,22:08:00,4,Collision with a fixed object,5,Friday,171,LEFT OFF CARRIAGEWAY INTO OBJECT/PARKED VEHICLE,3,38376,T intersection,2,60,Arterial Other,BLACKBURN,MANNINGHAM,-37.782505,145.16318,2021,2,February,22,Night,Weekday
T20210004304,2021-02-26,07:00:00,1,Collision with vehicle,5,Friday,130,REAR END(VEHICLES IN SAME LANE),1,677838,Not at intersection,3,60,Arterial Other,PLENTY,WHITTLESEA,-37.60869,145.09447,2021,2,February,7,Morning Peak,Weekday
T20210004303,2021-02-26,15:20:00,4,Collision with a fixed object,5,Friday,171,LEFT OFF CARRIAGEWAY INTO OBJECT/PARKED VEHICLE,1,678545,Not at intersection,3,100,Arterial Other,SEYMOUR-TOOBORAC,MITCHELL,-37.01614,144.92377,2021,2,February,15,Afternoon Peak,Weekday
T20210004302,2021-02-26,19:34:00,1,Collision with vehicle,5,Friday,154,PULLING OUT -REAR END,1,681216,Not at intersection,3,60,Local Road,SHAKESPEARE,LATROBE,-38.201508,146.54503,2021,2,February,19,Night,Weekday
T20210004297,2021-02-26,18:30:00,2,Struck Pedestrian,5,Friday,102,FAR SIDE. PED HIT BY VEHICLE FROM THE LEFT,1,682345,T intersection,1,60,Arterial Other,ELLIOTT,MELBOURNE,-37.789486,144.94565,2021,2,February,18,Afternoon Peak,Weekday
T20210004296,2021-02-26,19:10:00,1,Collision with vehicle,5,Friday,110,CROSS TRAFFIC(INTERSECTIONS ONLY),1,676750,Cross intersection,2,100,Arterial Highway,PRINCES,SURF COAST,-38.212105,144.21846,2021,2,February,19,Night,Weekday
T20210004295,2021-02-26,14:41:00,1,Collision with vehicle,5,Friday,110,CROSS TRAFFIC(INTERSECTIONS ONLY),1,44475,Cross intersection,2,40,Local Road,BELLERINE,GEELONG,-38.156937,144.36197,2021,2,February,14,Midday,Weekday
T20210004293,2021-02-26,17:27:00,1,Collision with vehicle,5,Friday,148,VEHICLE OFF FOOTPATH STRIKES VEH ON CARRIAGEWAY,1,677837,T intersection,2,60,Arterial Other,ANDERSON,BRIMBANK,-37.795376,144.82637,2021,2,February,17,Afternoon Peak,Weekday
T20210004289,2021-02-26,18:12:00,8,No collision and no object struck,5,Friday,180,OFF CARRIAGEWAY ON RIGHT BEND,1,676984,Not at intersection,2,50,Local Road,GAMALITE,MELTON,-37.66741,144.56348,2021,2,February,18,Afternoon Peak,Weekday
T20210004286,2021-02-26,16:44:00,1,Collision with vehicle,5,Friday,110,CROSS TRAFFIC(INTERSECTIONS ONLY),1,51118,Cross intersection,2,100,Arterial Highway,MIDLAND,SHEPPARTON,-36.396717,145.46193,2021,2,February,16,Afternoon Peak,Weekday
T20210004284,2021-02-26,15:10:00,4,Collision with a fixed object,5,Friday,171,LEFT OFF CARRIAGEWAY INTO OBJECT/PARKED VEHICLE,1,676854,Not at intersection,2,80,Local Road,SANDY CREEK,GEELONG,-37.895,144.40132,2021,2,February,15,Afternoon Peak,Weekday
T20210004275,2021-02-26,14:39:00,1,Collision with vehicle,5,Friday,123,RIGHT/LEFT. ONE VEH TURNING RIGHT THE OTHER LEFT.,1,676930,Cross intersection,2,70,Local Road,AIRPORT,HUME,-37.70658,144.86745,2021,2,February,14,Midday,Weekday
T20210004283,2021-02-26,16:09:00,1,Collision with vehicle,5,Friday,113,RIGHT NEAR (INTERSECTIONS ONLY),1,729816,T intersection,3,60,Local Road,JAMES MIRAMS,HUME,-37.617043,144.9156,2021,2,February,16,Afternoon Peak,Weekday
T20210004271,2021-02-26,14:00:00,1,Collision with vehicle,5,Friday,110,CROSS TRAFFIC(INTERSECTIONS ONLY),1,44594,Cross intersection,2,60,Arterial Highway,SKIPTON,BALLARAT,-37.579613,143.84206,2021,2,February,14,Midday,Weekday
T20210004872,2021-02-26,20:30:00,1,Collision with vehicle,5,Friday,160,VEHICLE COLLIDES WITH VEHICLE PARKED ON LEFT OF ROAD,3,677424,Not at intersection,3,50,Local Road,WHITEBARK,WHITTLESEA,-37.612053,145.04109,2021,2,February,20,Night,Weekday
T20210004414,2021-02-26,17:00:00,1,Collision with vehicle,5,Friday,135,LANE CHANGE LEFT (NOT OVERTAKING),1,677717,Not at intersection,3,100,Freeway,MONASH,MONASH,-37.89355,145.13847,2021,2,February,17,Afternoon Peak,Weekday
T20210005262,2021-02-26,11:20:00,1,Collision with vehicle,5,Friday,130,REAR END(VEHICLES IN SAME LANE),1,53206,Cross intersection,2,60,Arterial Other,STURT,BALLARAT,-37.560265,143.8445,2021,2,February,11,Midday,Weekday
T20210004577,2021-02-26,23:00:00,1,Collision with vehicle,5,Friday,135,LANE CHANGE LEFT (NOT OVERTAKING),3,676996,Not at intersection,3,80,Freeway,METROPOLITAN RING,HUME,-37.691696,144.96288,2021,2,February,23,Night,Weekday
T20210004663,2021-02-26,17:15:00,1,Collision with vehicle,5,Friday,121,RIGHT THROUGH,1,29627,T intersection,3,60,Arterial Other,MOUNTAIN,KNOX,-37.841595,145.2633,2021,2,February,17,Afternoon Peak,Weekday
T20210004709,2021-02-26,18:15:00,1,Collision with vehicle,5,Friday,130,REAR END(VEHICLES IN SAME LANE),1,677076,Not at intersection,3,80,Arterial Highway,BURWOOD,WHITEHORSE,-37.854294,145.16556,2021,2,February,18,Afternoon Peak,Weekday
T20210006081,2021-02-26,20:00:00,1,Collision with vehicle,5,Friday,113,RIGHT NEAR (INTERSECTIONS ONLY),2,222043,Multiple intersection,3,60,Freeway,MORNINGTON PENINSULA,KINGSTON,-38.025883,145.13304,2021,2,February,20,Night,Weekday
T20210010166,2021-02-26,06:40:00,1,Collision with vehicle,5,Friday,130,REAR END(VEHICLES IN SAME LANE),2,730186,Not at intersection,2,80,Arterial Other,COOPER,WHITTLESEA,-37.65058,145.01022,2021,2,February,6,Morning Peak,Weekday
T20210004269,2021-02-26,13:50:00,1,Collision with vehicle,5,Friday,110,CROSS TRAFFIC(INTERSECTIONS ONLY),1,54423,Cross intersection,2,100,Arterial Highway,GLENELG,ARARAT,-37.6831,143.07579,2021,2,February,13,Midday,Weekday
T20210004268,2021-02-26,10:01:00,1,Collision with vehicle,5,Friday,132,RIGHT REAR.,1,59865,T intersection,2,50,Arterial Other,LOCKWOOD,BENDIGO,-36.796326,144.24063,2021,2,February,10,Midday,Weekday
T20210004266,2021-02-26,11:20:00,1,Collision with vehicle,5,Friday,120,HEAD ON (NOT OVERTAKING),1,687819,Not at intersection,2,50,Local Road,REID,MORNINGTON PENINSULA,-38.316055,145.1868,2021,2,February,11,Midday,Weekday
T20210004265,2021-02-26,12:05:00,1,Collision with vehicle,5,Friday,114,TWO RIGHT TURNING (INTERSECTIONS ONLY),1,68006,T intersection,3,60,Arterial Other,HAWTHORN,GLEN EIRA,-37.871086,145.02501,2021,2,February,12,Midday,Weekday
T20210004261,2021-02-26,12:55:00,1,Collision with vehicle,5,Friday,121,RIGHT THROUGH,1,678220,Cross intersection,3,60,Arterial Other,AIRPORT,HUME,-37.70679,144.8674,2021,2,February,12,Midday,Weekday
T20210004260,2021-02-26,10:50:00,1,Collision with vehicle,5,Friday,113,RIGHT NEAR (INTERSECTIONS ONLY),1,65812,T intersection,2,60,Local Road,THREADNEEDLE,BOROONDARA,-37.812016,145.09998,2021,2,February,10,Midday,Weekday
T20210004258,2021-02-26,10:00:00,3,Struck animal,5,Friday,167,STRUCK ANIMAL,1,676748,Not at intersection,3,100,Local Road,OWENS,WELLINGTON,-38.368458,147.15123,2021,2,February,10,Midday,Weekday
T20210004255,2021-02-26,09:25:00,1,Collision with vehicle,5,Friday,130,REAR END(VEHICLES IN SAME LANE),1,677227,Not at intersection,2,60,Arterial Other,LYSTERFIELD,KNOX,-37.933,145.30385,2021,2,February,9,Morning Peak,Weekday
T20210004250,2021-02-26,09:00:00,1,Collision with vehicle,5,Friday,110,CROSS TRAFFIC(INTERSECTIONS ONLY),1,36400,Cross intersection,3,40,Local Road,CANNING,MELBOURNE,-37.79657,144.97308,2021,2,February,9,Morning Peak,Weekday
T20210004249,2021-02-26,11:25:00,4,Collision with a fixed object,5,Friday,171,LEFT OFF CARRIAGEWAY INTO OBJECT/PARKED VEHICLE,1,689643,Not at intersection,3,80,Local Road,COBDEN-TERANG,CORANGAMITE,-38.249626,142.92435,2021,2,February,11,Midday,Weekday
T20210004923,2021-02-26,07:30:00,1,Collision with vehicle,5,Friday,121,RIGHT THROUGH,1,677995,T intersection,2,80,Arterial Highway,MOOROODUC,FRANKSTON,-38.15371,145.13365,2021,2,February,7,Morning Peak,Weekday
T20210004242,2021-02-26,09:15:00,1,Collision with vehicle,5,Friday,140,U TURN,1,59066,Cross intersection,3,50,Local Road,NIXON,SHEPPARTON,-36.376778,145.39873,2021,2,February,9,Morning Peak,Weekday
T20210021066,2021-02-26,17:45:00,1,Collision with vehicle,5,Friday,121,RIGHT THROUGH,1,45835,Cross intersection,3,60,Arterial Other,VICTORIA,MELBOURNE,-37.807133,144.96735,2021,2,February,17,Afternoon Peak,Weekday
T20210004233,2021-02-26,08:00:00,1,Collision with vehicle,5,Friday,137,LEFT TURN SIDESWIPE,2,679127,Cross intersection,2,100,Local Road,BANYENA,NORTHERN GRAMPIANS,-36.580265,143.07971,2021,2,February,8,Morning Peak,Weekday
T20210004229,2021-02-26,01:58:00,1,Collision with vehicle,5,Friday,137,LEFT TURN SIDESWIPE,3,35945,T intersection,2,40,Arterial Other,SYDNEY,MORELAND,-37.75965,144.9634,2021,2,February,1,Late Night,Weekday
T20210004344,2021-02-27,12:34:00,1,Collision with vehicle,6,Saturday,137,LEFT TURN SIDESWIPE,1,676815,Not at intersection,2,60,Arterial Highway,BRIGHTON ROAD SERVICE,PORT PHILLIP,-37.875435,144.9916,2021,2,February,12,Midday,Weekend
T20210004505,2021-02-27,17:30:00,1,Collision with vehicle,6,Saturday,113,RIGHT NEAR (INTERSECTIONS ONLY),1,44751,T intersection,3,60,Arterial Other,PARA,BANYULE,-37.703693,145.10732,2021,2,February,17,Afternoon Peak,Weekend
T20210004484,2021-02-27,23:00:00,7,Fall from or in moving vehicle,6,Saturday,190,FELL IN/FROM VEHICLE,3,678845,Not at intersection,3,50,Local Road,MOORABOOL,GEELONG,-38.150047,144.35947,2021,2,February,23,Night,Weekend
T20210004372,2021-02-27,22:30:00,4,Collision with a fixed object,6,Saturday,194,PARKED CAR RUN AWAY,5,676987,Not at intersection,2,50,Local Road,DAVIES,HOBSONS BAY,-37.866398,144.83334,2021,2,February,22,Night,Weekend
T20210004353,2021-02-27,10:25:00,1,Collision with vehicle,6,Saturday,130,REAR END(VEHICLES IN SAME LANE),1,677162,Not at intersection,2,60,Arterial Other,ROYAL PARADE SERVICE,MELBOURNE,-37.795586,144.9579,2021,2,February,10,Midday,Weekend
T20210004401,2021-02-27,14:15:00,8,No collision and no object struck,6,Saturday,182,OFF CARRIAGEWAY ON LEFT BEND,1,677716,Not at intersection,3,100,Local Road,SYDENHAM INLET,EAST GIPPSLAND,-37.740364,148.95055,2021,2,February,14,Midday,Weekend
T20210004402,2021-02-27,14:15:00,4,Collision with a fixed object,6,Saturday,181,OFF RIGHT BEND INTO OBJECT/PARKED VEHICLE,1,679500,Not at intersection,2,100,Local Road,SYDENHAM INLET,EAST GIPPSLAND,-37.737255,148.9476,2021,2,February,14,Midday,Weekend
T20210004393,2021-02-27,11:20:00,1,Collision with vehicle,6,Saturday,121,RIGHT THROUGH,1,1019,T intersection,3,60,Arterial Highway,SOUTH GIPPSLAND,CASEY,-38.111835,145.28311,2021,2,February,11,Midday,Weekend
T20210004424,2021-02-27,15:07:00,1,Collision with vehicle,6,Saturday,140,U TURN,1,729968,Not at intersection,3,50,Arterial Other,MORELAND,MORELAND,-37.756023,144.96907,2021,2,February,15,Afternoon Peak,Weekend
T20210004507,2021-02-27,11:30:00,6,Vehicle overturned (no collision),6,Saturday,174,OUT OF CONTROL ON CARRIAGEWAY (ON STRAIGHT),1,682175,Not at intersection,3,60,Local Road,DALY,HEPBURN,-37.343052,144.14778,2021,2,February,11,Midday,Weekend
T20210012755,2021-02-27,12:00:00,1,Collision with vehicle,6,Saturday,130,REAR END(VEHICLES IN SAME LANE),1,39486,T intersection,3,80,Arterial Highway,SPRINGVALE,WHITEHORSE,-37.829536,145.17381,2021,2,February,12,Midday,Weekend
T20210004509,2021-02-27,15:50:00,1,Collision with vehicle,6,Saturday,130,REAR END(VEHICLES IN SAME LANE),1,676905,Not at intersection,3,70,Arterial Other,VINEYARD,HUME,-37.58911,144.71501,2021,2,February,15,Afternoon Peak,Weekend
T20210004334,2021-02-27,12:00:00,1,Collision with vehicle,6,Saturday,121,RIGHT THROUGH,1,36196,T intersection,2,50,Local Road,ROSSLYN,MELBOURNE,-37.806923,144.95421,2021,2,February,12,Midday,Weekend
T20210004351,2021-02-27,12:00:00,1,Collision with vehicle,6,Saturday,132,RIGHT REAR.,1,69961,T intersection,2,60,Arterial Other,JACKSONS,DANDENONG,-37.94436,145.19196,2021,2,February,12,Midday,Weekend
T20210004387,2021-02-27,23:37:00,1,Collision with vehicle,6,Saturday,120,HEAD ON (NOT OVERTAKING),5,676704,Not at intersection,1,100,Arterial Highway,NORTHERN,MITCHELL,-37.439278,144.9775,2021,2,February,23,Night,Weekend
T20210004365,2021-02-27,18:15:00,1,Collision with vehicle,6,Saturday,110,CROSS TRAFFIC(INTERSECTIONS ONLY),1,677145,Cross intersection,2,80,Arterial Other,COOLART,MORNINGTON PENINSULA,-38.258617,145.14558,2021,2,February,18,Afternoon Peak,Weekend
T20210005195,2021-02-27,13:00:00,1,Collision with vehicle,6,Saturday,140,U TURN,1,677683,Cross intersection,3,60,Arterial Other,BREAKWATER,GEELONG,-38.180817,144.35408,2021,2,February,13,Midday,Weekend
T20210004368,2021-02-27,18:37:00,2,Struck Pedestrian,6,Saturday,103,PED PLAYING/LYING/WORKING/STANDING ON CARRIAGEWAY.,1,676986,Not at intersection,3,50,Local Road,TOWERHILL,WHITTLESEA,-37.60455,145.10852,2021,2,February,18,Afternoon Peak,Weekend
T20210004321,2021-02-27,04:20:00,1,Collision with vehicle,6,Saturday,111,RIGHT FAR (INTERSECTIONS ONLY),3,29843,Multiple intersection,3,60,Freeway,WILLIAMSTOWN-WEST GATE IN,MARIBYRNONG,-37.82495,144.88113,2021,2,February,4,Late Night,Weekend
T20210004377,2021-02-27,18:08:00,4,Collision with a fixed object,6,Saturday,171,LEFT OFF CARRIAGEWAY INTO OBJECT/PARKED VEHICLE,1,697280,Not at intersection,2,80,Arterial Highway,GREAT ALPINE,ALPINE,-36.703747,146.91368,2021,2,February,18,Afternoon Peak,Weekend
T20210004350,2021-02-27,12:15:00,1,Collision with vehicle,6,Saturday,130,REAR END(VEHICLES IN SAME LANE),1,681300,Not at intersection,2,100,Arterial Highway,DANDENONG-HASTINGS,CASEY,-38.104618,145.2342,2021,2,February,12,Midday,Weekend
T20210008160,2021-02-27,15:00:00,1,Collision with vehicle,6,Saturday,130,REAR END(VEHICLES IN SAME LANE),1,681230,T intersection,3,80,Arterial Highway,PRINCES,DANDENONG,-37.941612,145.16594,2021,2,February,15,Afternoon Peak,Weekend
T20210006630,2021-02-27,17:30:00,8,No collision and no object struck,6,Saturday,149,OTHER MANOEUVRING NOT INCLUDED IN DCAs 140-148,1,679241,Not at intersection,3,100,Local Road,LOOKER,CAMPASPE,-36.12985,144.83168,2021,2,February,17,Afternoon Peak,Weekend
T20210004405,2021-02-27,14:45:00,4,Collision with a fixed object,6,Saturday,171,LEFT OFF CARRIAGEWAY INTO OBJECT/PARKED VEHICLE,1,676778,Not at intersection,1,60,Arterial Other,BARKLY,YARRA,-37.830635,145.00935,2021,2,February,14,Midday,Weekend
T20210004633,2021-02-27,11:15:00,1,Collision with vehicle,6,Saturday,142,LEAVING PARKING,1,677105,Not at intersection,2,40,Local Road,BRUNSWICK,YARRA,-37.80124,144.97797,2021,2,February,11,Midday,Weekend
T20210004542,2021-02-27,19:15:00,1,Collision with vehicle,6,Saturday,132,RIGHT REAR.,2,71990,T intersection,3,50,Local Road,BELLERINE,GEELONG,-38.146282,144.36687,2021,2,February,19,Night,Weekend
T20210005441,2021-02-27,11:06:00,1,Collision with vehicle,6,Saturday,110,CROSS TRAFFIC(INTERSECTIONS ONLY),1,45537,Cross intersection,3,60,Local Road,FOURTEENTH,MILDURA,-34.21868,142.17142,2021,2,February,11,Midday,Weekend
T20210004315,2021-02-27,00:54:00,2,Struck Pedestrian,6,Saturday,106,VEH STRIKES PED ON FOOTPATH/MEDIAN/TRAFFIC ISLAND.,3,676856,Not at intersection,3,50,Local Road,KARINA,FRANKSTON,-38.177277,145.11868,2021,2,February,0,Late Night,Weekend
T20210004316,2021-02-27,01:10:00,4,Collision with a fixed object,6,Saturday,173,RIGHT OFF CARRIAGEWAY INTO OBJECT/PARKED VEHICLE,5,676776,Not at intersection,1,100,Arterial Other,BENDIGO-PYRAMID,BENDIGO,-36.68116,144.2224,2021,2,February,1,Late Night,Weekend
T20210005388,2021-02-27,17:00:00,1,Collision with vehicle,6,Saturday,130,REAR END(VEHICLES IN SAME LANE),1,678584,Cross intersection,3,60,Arterial Other,HIGH,WHITTLESEA,-37.65976,145.01907,2021,2,February,17,Afternoon Peak,Weekend
T20210004397,2021-02-27,12:21:00,6,Vehicle overturned (no collision),6,Saturday,170,OFF CARRIAGEWAY TO LEFT,1,676898,Not at intersection,2,100,Arterial Other,PRINCES,CARDINIA,-38.067356,145.55733,2021,2,February,12,Midday,Weekend
T20210004420,2021-02-27,23:49:00,4,Collision with a fixed object,6,Saturday,183,OFF LEFT BEND INTO OBJECT/PARKED VEHICLE,5,246109,Not at intersection,2,80,Local Road,QUEENS,YARRA RANGES,-37.81646,145.42206,2021,2,February,23,Night,Weekend
T20210004774,2021-02-27,17:00:00,1,Collision with vehicle,6,Saturday,139,OTHER SAME DIRECTION-MANOUEVRES NOT INCLUDED IN DCAs 130-137,1,43766,T intersection,3,60,Local Road,EXFORD,MELTON,-37.709023,144.57391,2021,2,February,17,Afternoon Peak,Weekend
T20210004347,2021-02-27,14:10:00,1,Collision with vehicle,6,Saturday,110,CROSS TRAFFIC(INTERSECTIONS ONLY),1,68550,Cross intersection,3,60,Local Road,ORRONG,GLEN EIRA,-37.886936,145.00577,2021,2,February,14,Midday,Weekend
T20210004346,2021-02-27,12:10:00,1,Collision with vehicle,6,Saturday,160,VEHICLE COLLIDES WITH VEHICLE PARKED ON LEFT OF ROAD,1,688305,Not at intersection,3,50,Local Road,VICTORIA,WHITTLESEA,-37.684055,144.99438,2021,2,February,12,Midday,Weekend
T20210005547,2021-02-27,12:53:00,1,Collision with vehicle,6,Saturday,113,RIGHT NEAR (INTERSECTIONS ONLY),1,266784,T intersection,3,70,Local Road,BABELE,WYNDHAM,-37.84546,144.66057,2021,2,February,12,Midday,Weekend
T20210004325,2021-02-27,07:35:00,1,Collision with vehicle,6,Saturday,133,LANE SIDE SWIPE (VEHICLES IN PARALLEL LANES),1,676813,Not at intersection,2,60,Arterial Other,BEACH,KINGSTON,-38.007263,145.0841,2021,2,February,7,Morning Peak,Weekend
T20210004391,2021-02-27,23:41:00,4,Collision with a fixed object,6,Saturday,173,RIGHT OFF CARRIAGEWAY INTO OBJECT/PARKED VEHICLE,3,739784,Not at intersection,2,60,Arterial Other,BEACH,BAYSIDE,-37.99405,145.03972,2021,2,February,23,Night,Weekend
T20210004754,2021-02-27,14:30:00,1,Collision with vehicle,6,Saturday,131,LEFT REAR,1,45297,T intersection,3,80,Arterial Other,DONNYBROOK,HUME,-37.533195,144.88454,2021,2,February,14,Midday,Weekend
T20210004339,2021-02-27,12:50:00,1,Collision with vehicle,6,Saturday,121,RIGHT THROUGH,1,32079,Cross intersection,3,80,Arterial Highway,SPRINGVALE,WHITEHORSE,-37.85496,145.16924,2021,2,February,12,Midday,Weekend
T20210004337,2021-02-27,09:33:00,1,Collision with vehicle,6,Saturday,130,REAR END(VEHICLES IN SAME LANE),1,66760,T intersection,3,80,Arterial Highway,SPRINGVALE,WHITEHORSE,-37.83709,145.17207,2021,2,February,9,Morning Peak,Weekend
T20210004361,2021-02-27,14:15:00,2,Struck Pedestrian,6,Saturday,102,FAR SIDE. PED HIT BY VEHICLE FROM THE LEFT,1,49931,T intersection,2,40,Local Road,CORIO,GEELONG,-38.14695,144.36372,2021,2,February,14,Midday,Weekend
T20210004335,2021-02-27,09:30:00,1,Collision with vehicle,6,Saturday,120,HEAD ON (NOT OVERTAKING),1,17595,Not at intersection,2,100,Arterial Other,BARMAH-SHEPPARTON,SHEPPARTON,-36.245884,145.35074,2021,2,February,9,Morning Peak,Weekend
T20210004359,2021-02-27,16:43:00,1,Collision with vehicle,6,Saturday,130,REAR END(VEHICLES IN SAME LANE),1,729818,Cross intersection,3,60,Arterial Highway,ST GEORGES,DAREBIN,-37.749462,144.99573,2021,2,February,16,Afternoon Peak,Weekend
T20210004383,2021-02-27,21:47:00,4,Collision with a fixed object,6,Saturday,173,RIGHT OFF CARRIAGEWAY INTO OBJECT/PARKED VEHICLE,5,686496,Not at intersection,2,100,Local Road,OLD SYDNEY,MITCHELL,-37.47581,144.92075,2021,2,February,21,Night,Weekend
T20210004356,2021-02-27,13:10:00,1,Collision with vehicle,6,Saturday,120,HEAD ON (NOT OVERTAKING),1,680663,Not at intersection,2,100,Arterial Other,OMEO,EAST GIPPSLAND,-36.931694,147.4705,2021,2,February,13,Midday,Weekend
T20210006032,2021-02-27,22:30:00,1,Collision with vehicle,6,Saturday,140,U TURN,3,701699,Cross intersection,3,80,Arterial Highway,WELLINGTON,KNOX,-37.92803,145.23315,2021,2,February,22,Night,Weekend
T20210004400,2021-02-28,07:25:00,4,Collision with a fixed object,7,Sunday,164,PERMANENT OBSTRUCTION ON CARRIAGEWAY,1,676816,Not at intersection,3,40,Arterial Other,TOORAK,STONNINGTON,-37.84371,145.03087,2021,2,February,7,Morning Peak,Weekend
T20210004464,2021-02-28,21:25:00,1,Collision with vehicle,7,Sunday,113,RIGHT NEAR (INTERSECTIONS ONLY),3,41870,Cross intersection,2,80,Arterial Other,FERNTREE GULLY,KNOX,-37.89911,145.23033,2021,2,February,21,Night,Weekend
T20210004449,2021-02-28,17:15:00,4,Collision with a fixed object,7,Sunday,173,RIGHT OFF CARRIAGEWAY INTO OBJECT/PARKED VEHICLE,1,680816,Not at intersection,2,80,Arterial Other,COLAC-BALLARAT,GOLDEN PLAINS,-37.826443,143.75507,2021,2,February,17,Afternoon Peak,Weekend
T20210004447,2021-02-28,18:44:00,1,Collision with vehicle,7,Sunday,111,RIGHT FAR (INTERSECTIONS ONLY),1,282284,T intersection,3,60,Arterial Other,CRAIGIEBURN,HUME,-37.59776,144.93028,2021,2,February,18,Afternoon Peak,Weekend
T20210004445,2021-02-28,17:15:00,1,Collision with vehicle,7,Sunday,130,REAR END(VEHICLES IN SAME LANE),1,729969,Not at intersection,3,80,Arterial Other,EPPING-KILMORE,WHITTLESEA,-37.617393,145.02977,2021,2,February,17,Afternoon Peak,Weekend
T20210004443,2021-02-28,15:00:00,1,Collision with vehicle,7,Sunday,140,U TURN,1,677582,Not at intersection,2,60,Arterial Highway,GREAT OCEAN,SURF COAST,-38.420685,144.17422,2021,2,February,15,Afternoon Peak,Weekend
T20210004441,2021-02-28,15:10:00,1,Collision with vehicle,7,Sunday,121,RIGHT THROUGH,1,328768,Cross intersection,2,70,Arterial Other,SOUTH,KINGSTON,-37.93748,145.06859,2021,2,February,15,Afternoon Peak,Weekend
T20210004433,2021-02-28,13:00:00,4,Collision with a fixed object,7,Sunday,171,LEFT OFF CARRIAGEWAY INTO OBJECT/PARKED VEHICLE,1,1254,Cross intersection,2,60,Arterial Highway,MCIVOR,BENDIGO,-36.759624,144.31743,2021,2,February,13,Midday,Weekend
T20210004431,2021-02-28,10:00:00,8,No collision and no object struck,7,Sunday,174,OUT OF CONTROL ON CARRIAGEWAY (ON STRAIGHT),1,51705,Cross intersection,3,60,Arterial Other,HATTAM,BENDIGO,-36.78261,144.26526,2021,2,February,10,Midday,Weekend
T20210004429,2021-02-28,11:58:00,1,Collision with vehicle,7,Sunday,120,HEAD ON (NOT OVERTAKING),1,678256,Not at intersection,2,80,Arterial Other,WARBURTON-WOODS POINT,YARRA RANGES,-37.56654,145.9075,2021,2,February,11,Midday,Weekend
T20210004427,2021-02-28,08:27:00,4,Collision with a fixed object,7,Sunday,173,RIGHT OFF CARRIAGEWAY INTO OBJECT/PARKED VEHICLE,1,689547,Not at intersection,2,50,Local Road,MULLOWAY,WYNDHAM,-37.915806,144.76454,2021,2,February,8,Morning Peak,Weekend
T20210004426,2021-02-28,12:04:00,1,Collision with vehicle,7,Sunday,130,REAR END(VEHICLES IN SAME LANE),1,682437,Not at intersection,2,80,Freeway,WESTERN RING,WYNDHAM,-37.82186,144.81065,2021,2,February,12,Midday,Weekend
T20210004412,2021-02-28,09:35:00,1,Collision with vehicle,7,Sunday,160,VEHICLE COLLIDES WITH VEHICLE PARKED ON LEFT OF ROAD,1,773432,Not at intersection,3,50,Local Road,LORIS,DANDENONG,-37.970936,145.15146,2021,2,February,9,Morning Peak,Weekend
T20210004816,2021-02-28,08:30:00,1,Collision with vehicle,7,Sunday,130,REAR END(VEHICLES IN SAME LANE),1,278920,Multiple intersection,3,60,Local Road,PEARL RIVER,MELBOURNE,-37.80978,144.9359,2021,2,February,8,Morning Peak,Weekend
T20210004416,2021-02-28,11:00:00,4,Collision with a fixed object,7,Sunday,183,OFF LEFT BEND INTO OBJECT/PARKED VEHICLE,1,677070,Not at intersection,3,100,Local Road,OLD SALE,BAW BAW,-38.102657,146.15576,2021,2,February,11,Midday,Weekend
T20210006446,2021-02-28,19:20:00,1,Collision with vehicle,7,Sunday,123,RIGHT/LEFT. ONE VEH TURNING RIGHT THE OTHER LEFT.,2,678795,Cross intersection,3,80,Arterial Other,HUME,HUME,-37.584194,144.94083,2021,2,February,19,Night,Weekend
T20210004415,2021-02-28,11:00:00,4,Collision with a fixed object,7,Sunday,173,RIGHT OFF CARRIAGEWAY INTO OBJECT/PARKED VEHICLE,1,729967,Not at intersection,2,100,Freeway,EASTERN,BOROONDARA,-37.790726,145.04245,2021,2,February,11,Midday,Weekend