ACCIDENT_NO,ACCIDENT_DATE,ACCIDENT_TIME,ACCIDENT_TYPE,ACCIDENT_TYPE_DESC,DAY_OF_WEEK,DAY_WEEK_DESC,DCA_CODE,DCA_DESC,LIGHT_CONDITION,NODE_ID,ROAD_GEOMETRY_DESC,SEVERITY,SPEED_ZONE,RMA,ROAD_NAME,LGA_NAME,LATITUDE,LONGITUDE,YEAR,MONTH,MONTH_NAME,HOUR,TIME_PERIOD,DAY_TYPE
T20210021495,2021-02-28,14:30:00,1,Collision with vehicle,7,Sunday,116,LEFT NEAR (INTERSECTIONS ONLY),1,585614,T intersection,3,80,Arterial Highway,WHITEHORSE,WHITEHORSE,-37.81836,145.16844,2021,2,February,14,Midday,Weekend
T20210004411,2021-02-28,09:55:00,1,Collision with vehicle,7,Sunday,110,CROSS TRAFFIC(INTERSECTIONS ONLY),1,53331,Cross intersection,3,60,Arterial Highway,PRINCES,LATROBE,-38.19232,146.55241,2021,2,February,9,Morning Peak,Weekend
T20210004461,2021-02-28,21:17:00,1,Collision with vehicle,7,Sunday,130,REAR END(VEHICLES IN SAME LANE),3,288893,Cross intersection,3,80,Local Road,LEAKES,WYNDHAM,-37.840714,144.76208,2021,2,February,21,Night,Weekend
T20210004409,2021-02-28,09:50:00,2,Struck Pedestrian,7,Sunday,100,PED NEAR SIDE. PED HIT BY VEHICLE FROM THE RIGHT.,1,676900,Not at intersection,3,50,Local Road,THE STRAND,MOONEE VALLEY,-37.760822,144.92435,2021,2,February,9,Morning Peak,Weekend
T20210004408,2021-02-28,06:10:00,3,Struck animal,7,Sunday,167,STRUCK ANIMAL,2,729820,Not at intersection,3,100,Arterial Highway,MURRAY VALLEY,INDIGO,-36.050987,146.50034,2021,2,February,6,Morning Peak,Weekend
T20210005224,2021-02-28,00:10:00,4,Collision with a fixed object,7,Sunday,181,OFF RIGHT BEND INTO OBJECT/PARKED VEHICLE,3,218109,Not at intersection,3,50,Arterial Other,SEAFORD,FRANKSTON,-38.11081,145.13298,2021,2,February,0,Late Night,Weekend
T20210004682,2021-02-28,13:45:00,1,Collision with vehicle,7,Sunday,110,CROSS TRAFFIC(INTERSECTIONS ONLY),1,251031,Cross intersection,3,50,Local Road,FOX,BRIMBANK,-37.733677,144.8114,2021,2,February,13,Midday,Weekend
T20210004499,2021-02-28,22:15:00,1,Collision with vehicle,7,Sunday,110,CROSS TRAFFIC(INTERSECTIONS ONLY),3,38514,Cross intersection,3,50,Local Road,GLENGALA,BRIMBANK,-37.788177,144.80792,2021,2,February,22,Night,Weekend
T20210004421,2021-02-28,12:15:00,1,Collision with vehicle,7,Sunday,147,VEHICLE STRIKES ANOTHER VEH WHILE EMERGING FROM DRIVEWAY,1,679986,Not at intersection,2,80,Arterial Highway,SOUTH GIPPSLAND,DANDENONG,-38.011932,145.23082,2021,2,February,12,Midday,Weekend
T20210004558,2021-02-28,10:00:00,1,Collision with vehicle,7,Sunday,130,REAR END(VEHICLES IN SAME LANE),1,36685,Cross intersection,3,60,Arterial Highway,HODDLE,YARRA,-37.80716,144.99178,2021,2,February,10,Midday,Weekend
T20210004374,2021-02-28,00:17:00,1,Collision with vehicle,7,Sunday,135,LANE CHANGE LEFT (NOT OVERTAKING),3,38675,Cross intersection,3,60,Arterial Other,MELBOURNE,HOBSONS BAY,-37.827225,144.88107,2021,2,February,0,Late Night,Weekend
T20210004386,2021-02-28,01:03:00,1,Collision with vehicle,7,Sunday,169,OTHER ON PATH,3,676703,Not at intersection,1,50,Local Road,SHARON,DANDENONG,-37.965252,145.15561,2021,2,February,1,Late Night,Weekend
T20210004378,2021-02-28,01:30:00,4,Collision with a fixed object,7,Sunday,173,RIGHT OFF CARRIAGEWAY INTO OBJECT/PARKED VEHICLE,3,784829,Not at intersection,3,70,Arterial Highway,PRINCES HIGHWAY,STONNINGTON,-37.882244,145.05109,2021,2,February,1,Late Night,Weekend
T20210004380,2021-02-28,00:10:00,1,Collision with vehicle,7,Sunday,160,VEHICLE COLLIDES WITH VEHICLE PARKED ON LEFT OF ROAD,5,686111,Not at intersection,2,50,Local Road,WEATHERALL,BENDIGO,-36.734215,144.26067,2021,2,February,0,Late Night,Weekend
T20210004452,2021-02-28,19:10:00,1,Collision with vehicle,7,Sunday,120,HEAD ON (NOT OVERTAKING),1,729970,Not at intersection,2,60,Local Road,HAYES,SHEPPARTON,-36.388733,145.40532,2021,2,February,19,Night,Weekend
T20210004453,2021-02-28,13:05:00,4,Collision with a fixed object,7,Sunday,183,OFF LEFT BEND INTO OBJECT/PARKED VEHICLE,1,680018,Not at intersection,2,60,Arterial Other,MOUNT BUFFALO,ALPINE,-36.749313,146.79329,2021,2,February,13,Midday,Weekend
T20210004457,2021-02-28,17:00:00,1,Collision with vehicle,7,Sunday,135,LANE CHANGE LEFT (NOT OVERTAKING),1,780867,Not at intersection,3,80,Arterial Other,CRANBOURNE,CASEY,-38.04274,145.30392,2021,2,February,17,Afternoon Peak,Weekend
T20210004381,2021-02-28,02:40:00,2,Struck Pedestrian,7,Sunday,100,PED NEAR SIDE. PED HIT BY VEHICLE FROM THE RIGHT.,3,29403,Cross intersection,2,40,Arterial Other,JOHNSTON,YARRA,-37.798832,144.98308,2021,2,February,2,Late Night,Weekend
T20220004095,2021-02-28,14:30:00,8,No collision and no object struck,7,Sunday,172,OFF CARRIAGEWAY TO RIGHT,1,731401,Not at intersection,3,100,Local Road,OLD COACH,MANSFIELD,-37.534184,146.22273,2021,2,February,14,Midday,Weekend
T20210004423,2021-02-28,11:35:00,1,Collision with vehicle,7,Sunday,130,REAR END(VEHICLES IN SAME LANE),1,260534,Not at intersection,2,60,Arterial Highway,POINT NEPEAN,MORNINGTON PENINSULA,-38.365482,144.86873,2021,2,February,11,Midday,Weekend
T20210004382,2021-02-28,01:13:00,2,Struck Pedestrian,7,Sunday,100,PED NEAR SIDE. PED HIT BY VEHICLE FROM THE RIGHT.,5,729819,Not at intersection,3,80,Local Road,WOORALLA,MORNINGTON PENINSULA,-38.21676,145.09358,2021,2,February,1,Late Night,Weekend
T20210004425,2021-02-28,13:30:00,1,Collision with vehicle,7,Sunday,135,LANE CHANGE LEFT (NOT OVERTAKING),1,780874,Not at intersection,3,60,Arterial Highway,SMITHFIELD,MELBOURNE,-37.790127,144.92148,2021,2,February,13,Midday,Weekend
T20210006003,2021-02-28,09:30:00,6,Vehicle overturned (no collision),7,Sunday,184,OUT OF CONTROL ON CARRIAGEWAY (ON BEND),1,678352,Not at intersection,3,100,Local Road,ABBEYARD,ALPINE,-36.846523,146.67624,2021,2,February,9,Morning Peak,Weekend
T20210004434,2021-02-28,12:12:00,4,Collision with a fixed object,7,Sunday,181,OFF RIGHT BEND INTO OBJECT/PARKED VEHICLE,1,681217,T intersection,2,50,Local Road,DOWLING,WYNDHAM,-37.862778,144.676,2021,2,February,12,Midday,Weekend
T20210004406,2021-02-28,08:45:00,1,Collision with vehicle,7,Sunday,113,RIGHT NEAR (INTERSECTIONS ONLY),1,29817,T intersection,3,60,Arterial Other,MCINTYRE,BRIMBANK,-37.76479,144.83107,2021,2,February,8,Morning Peak,Weekend
T20210004654,2021-02-28,08:00:00,1,Collision with vehicle,7,Sunday,110,CROSS TRAFFIC(INTERSECTIONS ONLY),1,57552,Cross intersection,3,80,Arterial Highway,WARRIGAL,STONNINGTON,-37.892857,145.08824,2021,2,February,8,Morning Peak,Weekend
T20210004458,2021-02-28,20:10:00,4,Collision with a fixed object,7,Sunday,171,LEFT OFF CARRIAGEWAY INTO OBJECT/PARKED VEHICLE,2,680440,Not at intersection,3,80,Arterial Other,TIMBOON-PORT CAMPBELL,CORANGAMITE,-38.4885,142.98448,2021,2,February,20,Night,Weekend
T20210004459,2021-02-28,17:35:00,6,Vehicle overturned (no collision),7,Sunday,170,OFF CARRIAGEWAY TO LEFT,1,694041,Not at intersection,2,60,Local Road,MORSES CREEK,ALPINE,-36.770466,146.98166,2021,2,February,17,Afternoon Peak,Weekend
T20220009644,2021-02-28,17:00:00,1,Collision with vehicle,7,Sunday,113,RIGHT NEAR (INTERSECTIONS ONLY),1,65819,Cross intersection,3,50,Local Road,GREY,MELBOURNE,-37.81217,144.98857,2021,2,February,17,Afternoon Peak,Weekend
T20210004385,2021-02-28,02:00:00,1,Collision with vehicle,7,Sunday,146,REVERSING INTO FIXED OBJECT/PARKED VEHICLE,3,682886,Not at intersection,2,50,Local Road,HARBOURSIDE,MILDURA,-34.186657,142.17151,2021,2,February,2,Late Night,Weekend
T20210004460,2021-02-28,19:13:00,4,Collision with a fixed object,7,Sunday,173,RIGHT OFF CARRIAGEWAY INTO OBJECT/PARKED VEHICLE,1,729971,Not at intersection,2,50,Local Road,OLYMPIA,MARIBYRNONG,-37.802246,144.85735,2021,2,February,19,Night,Weekend
T20210004468,2021-02-28,15:57:00,1,Collision with vehicle,7,Sunday,121,RIGHT THROUGH,1,42248,Cross intersection,3,60,Arterial Other,CHESTERVILLE,KINGSTON,-37.95802,145.05707,2021,2,February,15,Afternoon Peak,Weekend
T20210004606,2021-02-28,10:50:00,6,Vehicle overturned (no collision),7,Sunday,174,OUT OF CONTROL ON CARRIAGEWAY (ON STRAIGHT),1,679985,Not at intersection,3,80,Arterial Other,GEMBROOK,CARDINIA,-37.97305,145.5419,2021,2,February,10,Midday,Weekend
T20210004467,2021-02-28,13:45:00,1,Collision with vehicle,7,Sunday,148,VEHICLE OFF FOOTPATH STRIKES VEH ON CARRIAGEWAY,1,679612,Cross intersection,3,80,Arterial Highway,LOWER DANDENONG,KINGSTON,-37.988693,145.1252,2021,2,February,13,Midday,Weekend
T20210004450,2021-02-28,14:40:00,1,Collision with vehicle,7,Sunday,121,RIGHT THROUGH,1,779552,T intersection,3,50,Local Road,LEMONWOOD,HUME,-37.628174,144.87802,2021,2,February,14,Midday,Weekend
T20210004485,2021-03-01,07:24:00,1,Collision with vehicle,1,Monday,135,LANE CHANGE LEFT (NOT OVERTAKING),3,683076,Not at intersection,2,80,Freeway,DOMAIN,MELBOURNE,-37.825947,144.96825,2021,3,March,7,Morning Peak,Weekday
T20210008688,2021-03-01,15:30:00,1,Collision with vehicle,1,Monday,130,REAR END(VEHICLES IN SAME LANE),1,682922,Not at intersection,2,60,Arterial Other,MAHONEYS,HUME,-37.689533,144.95709,2021,3,March,15,Afternoon Peak,Weekday
T20210004481,2021-03-01,08:40:00,1,Collision with vehicle,1,Monday,136,RIGHT TURN SIDESWIPE,1,45617,T intersection,3,40,Arterial Other,MORELAND,MORELAND,-37.754845,144.95906,2021,3,March,8,Morning Peak,Weekday
T20210004480,2021-03-01,05:55:00,1,Collision with vehicle,1,Monday,111,RIGHT FAR (INTERSECTIONS ONLY),3,55868,T intersection,2,60,Arterial Highway,OGILVIE,CAMPASPE,-36.140488,144.7652,2021,3,March,5,Morning Peak,Weekday
T20210004476,2021-03-01,02:35:00,4,Collision with a fixed object,1,Monday,171,LEFT OFF CARRIAGEWAY INTO OBJECT/PARKED VEHICLE,5,773433,Not at intersection,2,100,Arterial Other,EPPING-KILMORE,MITCHELL,-37.403954,145.02353,2021,3,March,2,Late Night,Weekday
T20210004675,2021-03-01,07:20:00,1,Collision with vehicle,1,Monday,121,RIGHT THROUGH,1,677150,T intersection,3,60,Local Road,HAZEL GLEN,WHITTLESEA,-37.587063,145.10385,2021,3,March,7,Morning Peak,Weekday
T20210004533,2021-03-01,14:25:00,1,Collision with vehicle,1,Monday,110,CROSS TRAFFIC(INTERSECTIONS ONLY),1,275591,Cross intersection,2,100,Arterial Other,BENDIGO-PYRAMID,BENDIGO,-36.545513,144.19954,2021,3,March,14,Midday,Weekday
T20210004992,2021-03-01,19:00:00,1,Collision with vehicle,1,Monday,130,REAR END(VEHICLES IN SAME LANE),1,321157,Cross intersection,3,60,Arterial Other,BALLARAT,BRIMBANK,-37.777145,144.8287,2021,3,March,19,Night,Weekday
T20210005764,2021-03-01,14:05:00,1,Collision with vehicle,1,Monday,110,CROSS TRAFFIC(INTERSECTIONS ONLY),1,40333,Cross intersection,3,60,Arterial Other,BALACLAVA,GLEN EIRA,-37.874073,145.03596,2021,3,March,14,Midday,Weekday
T20210004530,2021-03-01,10:50:00,6,Vehicle overturned (no collision),1,Monday,180,OFF CARRIAGEWAY ON RIGHT BEND,1,679838,Not at intersection,2,100,Arterial Highway,PRINCES,EAST GIPPSLAND,-37.60958,148.89363,2021,3,March,10,Midday,Weekday
T20210004686,2021-03-01,20:30:00,1,Collision with vehicle,1,Monday,160,VEHICLE COLLIDES WITH VEHICLE PARKED ON LEFT OF ROAD,3,680523,Not at intersection,3,60,Arterial Other,BULLEEN,MANNINGHAM,-37.76085,145.0837,2021,3,March,20,Night,Weekday
T20210004524,2021-03-01,12:13:00,1,Collision with vehicle,1,Monday,130,REAR END(VEHICLES IN SAME LANE),1,265941,Not at intersection,3,100,Freeway,WESTERN RING,BRIMBANK,-37.77432,144.7941,2021,3,March,12,Midday,Weekday
T20210004521,2021-03-01,13:05:00,1,Collision with vehicle,1,Monday,120,HEAD ON (NOT OVERTAKING),1,681301,Not at intersection,2,100,Arterial Highway,PRINCES,CORANGAMITE,-38.29551,143.29869,2021,3,March,13,Midday,Weekday
T20210007113,2021-03-01,08:30:00,1,Collision with vehicle,1,Monday,130,REAR END(VEHICLES IN SAME LANE),9,685286,Not at intersection,3,80,Arterial Other,WELLINGTON,YARRA RANGES,-37.95346,145.34631,2021,3,March,8,Morning Peak,Weekday
T20210004514,2021-03-01,12:18:00,1,Collision with vehicle,1,Monday,120,HEAD ON (NOT OVERTAKING),1,679128,Not at intersection,2,60,Arterial Other,RESEARCH-WARRANDYTE,NILLUMBIK,-37.72091,145.20483,2021,3,March,12,Midday,Weekday
T20210005440,2021-03-01,05:55:00,1,Collision with vehicle,1,Monday,130,REAR END(VEHICLES IN SAME LANE),3,730006,Not at intersection,3,100,Freeway,PRINCES,WYNDHAM,-37.869377,144.75452,2021,3,March,5,Morning Peak,Weekday
T20210004510,2021-03-01,13:35:00,1,Collision with vehicle,1,Monday,130,REAR END(VEHICLES IN SAME LANE),1,677583,Not at intersection,3,50,Local Road,HEATH,GEELONG,-38.257698,144.52899,2021,3,March,13,Midday,Weekday
T20210005642,2021-03-01,06:50:00,1,Collision with vehicle,1,Monday,131,LEFT REAR,1,348914,Cross intersection,3,60,Arterial Other,CANTERBURY,MAROONDAH,-37.821674,145.3042,2021,3,March,6,Morning Peak,Weekday
T20210004503,2021-03-01,08:00:00,1,Collision with vehicle,1,Monday,130,REAR END(VEHICLES IN SAME LANE),1,773296,Not at intersection,2,80,Arterial Highway,DANDENONG ROAD SERVICE,MONASH,-37.91913,145.13432,2021,3,March,8,Morning Peak,Weekday
T20210004496,2021-03-01,10:50:00,1,Collision with vehicle,1,Monday,148,VEHICLE OFF FOOTPATH STRIKES VEH ON CARRIAGEWAY,1,675822,Not at intersection,2,40,Local Road,SCOTCHMER,YARRA,-37.783493,144.98557,2021,3,March,10,Midday,Weekday
T20210004681,2021-03-01,13:00:00,1,Collision with vehicle,1,Monday,120,HEAD ON (NOT OVERTAKING),1,772621,Not at intersection,3,100,Arterial Other,BENAMBRA-CORRYONG,TOWONG,-36.455845,147.81816,2021,3,March,13,Midday,Weekday
T20210004489,2021-03-01,06:45:00,1,Collision with vehicle,1,Monday,121,RIGHT THROUGH,2,679942,Not at intersection,2,80,Local Road,WORSLEY,DANDENONG,-38.063183,145.18236,2021,3,March,6,Morning Peak,Weekday
T20210005237,2021-03-01,13:41:00,6,Vehicle overturned (no collision),1,Monday,184,OUT OF CONTROL ON CARRIAGEWAY (ON BEND),1,225221,T intersection,3,80,Arterial Highway,MAROONDAH,MANSFIELD,-37.02917,145.86845,2021,3,March,13,Midday,Weekday
T20210006818,2021-03-01,18:30:00,1,Collision with vehicle,1,Monday,140,U TURN,9,659662,T intersection,3,70,Arterial Highway,MAROONDAH,MAROONDAH,-37.790043,145.26633,2021,3,March,18,Afternoon Peak,Weekday
T20210004617,2021-03-01,20:00:00,1,Collision with vehicle,1,Monday,110,CROSS TRAFFIC(INTERSECTIONS ONLY),3,42520,Cross intersection,3,50,Arterial Other,GAFFNEY,MORELAND,-37.732513,144.94955,2021,3,March,20,Night,Weekday
T20210004610,2021-03-01,19:05:00,1,Collision with vehicle,1,Monday,121,RIGHT THROUGH,1,278557,Cross intersection,3,80,Arterial Other,THOMPSONS,CASEY,-38.078148,145.24408,2021,3,March,19,Night,Weekday
T20210004607,2021-03-01,16:40:00,1,Collision with vehicle,1,Monday,148,VEHICLE OFF FOOTPATH STRIKES VEH ON CARRIAGEWAY,1,53208,Cross intersection,3,50,Arterial Highway,BELLARINE,GEELONG,-38.18918,144.4643,2021,3,March,16,Afternoon Peak,Weekday
T20210010121,2021-03-01,08:10:00,4,Collision with a fixed object,1,Monday,181,OFF RIGHT BEND INTO OBJECT/PARKED VEHICLE,1,682562,Not at intersection,3,80,Arterial Other,PAKENHAM,CARDINIA,-38.030666,145.49072,2021,3,March,8,Morning Peak,Weekday
T20210006476,2021-03-01,14:30:00,2,Struck Pedestrian,1,Monday,101,PED EMERGES FROM IN FRONT OF PARKED OR STATIONARY VEHICLE,1,57349,Cross intersection,3,80,Arterial Other,PLENTY,WHITTLESEA,-37.65635,145.08011,2021,3,March,14,Midday,Weekday
T20210004540,2021-03-01,17:10:00,1,Collision with vehicle,1,Monday,169,OTHER ON PATH,1,678881,Not at intersection,3,50,Local Road,BECKETT,BRIMBANK,-37.731705,144.85944,2021,3,March,17,Afternoon Peak,Weekday
T20210005569,2021-03-01,17:00:00,1,Collision with vehicle,1,Monday,132,RIGHT REAR.,1,685,Cross intersection,2,60,Local Road,BOORAN,GLEN EIRA,-37.888878,145.03766,2021,3,March,17,Afternoon Peak,Weekday
T20210009165,2021-03-01,17:30:00,2,Struck Pedestrian,1,Monday,101,PED EMERGES FROM IN FRONT OF PARKED OR STATIONARY VEHICLE,1,682968,Not at intersection,3,60,Arterial Other,WARRANDYTE,MAROONDAH,-37.809696,145.2306,2021,3,March,17,Afternoon Peak,Weekday
T20210004933,2021-03-01,14:30:00,1,Collision with vehicle,1,Monday,130,REAR END(VEHICLES IN SAME LANE),1,680467,Not at intersection,3,80,Arterial Highway,SURF COAST,SURF COAST,-38.3076,144.3203,2021,3,March,14,Midday,Weekday
T20210008716,2021-03-01,07:30:00,1,Collision with vehicle,1,Monday,130,REAR END(VEHICLES IN SAME LANE),1,682979,Not at intersection,2,100,Freeway,MONASH,CASEY,-37.96765,145.23514,2021,3,March,7,Morning Peak,Weekday
T20210004544,2021-03-01,15:45:00,1,Collision with vehicle,1,Monday,121,RIGHT THROUGH,1,40644,Cross intersection,3,60,Arterial Other,RIVERSDALE,WHITEHORSE,-37.837505,145.11137,2021,3,March,15,Afternoon Peak,Weekday
T20210004545,2021-03-01,14:38:00,4,Collision with a fixed object,1,Monday,181,OFF RIGHT BEND INTO OBJECT/PARKED VEHICLE,1,681829,Not at intersection,2,100,Freeway,MURCHISON-VIOLET TOWN-GOULBURN VALLEY OUT,SHEPPARTON,-36.61219,145.31442,2021,3,March,14,Midday,Weekday
T20210004546,2021-03-01,17:10:00,2,Struck Pedestrian,1,Monday,102,FAR SIDE. PED HIT BY VEHICLE FROM THE LEFT,1,677758,Not at intersection,2,60,Arterial Other,ELGAR,MANNINGHAM,-37.79433,145.12024,2021,3,March,17,Afternoon Peak,Weekday
T20210004548,2021-03-01,17:44:00,1,Collision with vehicle,1,Monday,130,REAR END(VEHICLES IN SAME LANE),1,678221,Not at intersection,3,100,Freeway,EASTERN,BOROONDARA,-37.779926,145.08423,2021,3,March,17,Afternoon Peak,Weekday
T20210013130,2021-03-01,11:00:00,1,Collision with vehicle,1,Monday,130,REAR END(VEHICLES IN SAME LANE),1,685663,Multiple intersection,3,80,Arterial Other,MELTON,BRIMBANK,-37.701717,144.80157,2021,3,March,11,Midday,Weekday
T20210004550,2021-03-01,17:15:00,1,Collision with vehicle,1,Monday,120,HEAD ON (NOT OVERTAKING),1,677457,Not at intersection,2,50,Local Road,PIONEER,NILLUMBIK,-37.64572,145.13681,2021,3,March,17,Afternoon Peak,Weekday
T20210004551,2021-03-01,17:45:00,2,Struck Pedestrian,1,Monday,103,PED PLAYING/LYING/WORKING/STANDING ON CARRIAGEWAY.,1,676992,Not at intersection,3,50,Local Road,LANDALE,MAROONDAH,-37.798088,145.28752,2021,3,March,17,Afternoon Peak,Weekday
T20210004579,2021-03-01,18:50:00,1,Collision with vehicle,1,Monday,121,RIGHT THROUGH,1,321653,Cross intersection,3,60,Arterial Other,CLYDE,CASEY,-38.059914,145.33823,2021,3,March,18,Afternoon Peak,Weekday
T20210004487,2021-03-01,08:16:00,1,Collision with vehicle,1,Monday,130,REAR END(VEHICLES IN SAME LANE),1,678581,Not at intersection,2,100,Freeway,PRINCES,CARDINIA,-38.08329,145.4455,2021,3,March,8,Morning Peak,Weekday
T20210004589,2021-03-01,07:10:00,2,Struck Pedestrian,1,Monday,100,PED NEAR SIDE. PED HIT BY VEHICLE FROM THE RIGHT.,1,677228,Not at intersection,3,60,Arterial Highway,BELL,BANYULE,-37.75098,145.04578,2021,3,March,7,Morning Peak,Weekday
T20210004702,2021-03-01,14:30:00,1,Collision with vehicle,1,Monday,130,REAR END(VEHICLES IN SAME LANE),1,709354,T intersection,3,60,Arterial Other,DONCASTER-ELTHAM,BANYULE,-37.733116,145.13712,2021,3,March,14,Midday,Weekday
T20210006256,2021-03-01,22:45:00,1,Collision with vehicle,1,Monday,130,REAR END(VEHICLES IN SAME LANE),3,679901,Cross intersection,3,80,Arterial Highway,DANDENONG,DANDENONG,-37.99762,145.16238,2021,3,March,22,Night,Weekday
T20210004640,2021-03-02,23:15:00,4,Collision with a fixed object,2,Tuesday,171,LEFT OFF CARRIAGEWAY INTO OBJECT/PARKED VEHICLE,3,56532,Cross intersection,3,80,Arterial Highway,NEPEAN,BAYSIDE,-37.89758,145.00543,2021,3,March,23,Night,Weekday
T20210004639,2021-03-02,22:03:00,1,Collision with vehicle,2,Tuesday,121,RIGHT THROUGH,3,332537,Cross intersection,3,60,Arterial Highway,KINGSBURY,DAREBIN,-37.71695,145.04283,2021,3,March,22,Night,Weekday
T20210005450,2021-03-02,18:20:00,4,Collision with a fixed object,2,Tuesday,173,RIGHT OFF CARRIAGEWAY INTO OBJECT/PARKED VEHICLE,1,773437,Not at intersection,3,100,Local Road,MOOLORT,MOUNT ALEXANDER,-37.023186,143.93707,2021,3,March,18,Afternoon Peak,Weekday
T20210006610,2021-03-02,17:00:00,1,Collision with vehicle,2,Tuesday,131,LEFT REAR,1,49813,T intersection,2,60,Local Road,DOURO,GEELONG,-38.12254,144.34764,2021,3,March,17,Afternoon Peak,Weekday
T20210004638,2021-03-02,05:00:00,2,Struck Pedestrian,2,Tuesday,109,ANY MANOEUVRE INVOLVING PED NOT INCLUDED IN DCAs 100-108.,2,678032,Not at intersection,2,50,Local Road,RAVENHALL,MELTON,-37.77359,144.75053,2021,3,March,5,Morning Peak,Weekday
T20210004612,2021-03-02,13:34:00,1,Collision with vehicle,2,Tuesday,113,RIGHT NEAR (INTERSECTIONS ONLY),1,45511,T intersection,2,60,Local Road,ALBION,MORELAND,-37.758392,144.94254,2021,3,March,13,Midday,Weekday
T20210004636,2021-03-02,16:35:00,1,Collision with vehicle,2,Tuesday,110,CROSS TRAFFIC(INTERSECTIONS ONLY),1,30166,Cross intersection,1,80,Arterial Other,DOYLES,SHEPPARTON,-36.398926,145.43182,2021,3,March,16,Afternoon Peak,Weekday
T20210004575,2021-03-02,06:45:00,1,Collision with vehicle,2,Tuesday,130,REAR END(VEHICLES IN SAME LANE),1,679335,Not at intersection,3,100,Freeway,PRINCES,WYNDHAM,-37.87113,144.74548,2021,3,March,6,Morning Peak,Weekday
T20210004573,2021-03-02,06:25:00,1,Collision with vehicle,2,Tuesday,121,RIGHT THROUGH,2,680489,Not at intersection,2,60,Local Road,BARWON,GEELONG,-38.167557,144.36327,2021,3,March,6,Morning Peak,Weekday
T20210004583,2021-03-02,10:05:00,1,Collision with vehicle,2,Tuesday,133,LANE SIDE SWIPE (VEHICLES IN PARALLEL LANES),1,677072,Not at intersection,3,80,Freeway,WEST GATE,HOBSONS BAY,-37.82551,144.82817,2021,3,March,10,Midday,Weekday
T20210010332,2021-03-02,18:09:00,1,Collision with vehicle,2,Tuesday,110,CROSS TRAFFIC(INTERSECTIONS ONLY),1,799,Cross intersection,3,60,Local Road,CORRIGAN,DANDENONG,-37.961704,145.1691,2021,3,March,18,Afternoon Peak,Weekday
T20210005177,2021-03-02,11:43:00,1,Collision with vehicle,2,Tuesday,132,RIGHT REAR.,1,677682,Not at intersection,3,60,Arterial Highway,MARONG,BENDIGO,-36.758835,144.2545,2021,3,March,11,Midday,Weekday
T20210004646,2021-03-02,23:30:00,1,Collision with vehicle,2,Tuesday,169,OTHER ON PATH,3,677420,Not at intersection,2,60,Local Road,BRIDGE,BAYSIDE,-37.94449,145.00233,2021,3,March,23,Night,Weekday
T20210004570,2021-03-02,06:30:00,1,Collision with vehicle,2,Tuesday,110,CROSS TRAFFIC(INTERSECTIONS ONLY),5,253296,Cross intersection,3,60,Local Road,HODGKINSON,BENDIGO,-36.75955,144.29538,2021,3,March,6,Morning Peak,Weekday
T20210004635,2021-03-02,15:10:00,2,Struck Pedestrian,2,Tuesday,102,FAR SIDE. PED HIT BY VEHICLE FROM THE LEFT,1,677419,Not at intersection,3,40,Local Road,MERRILANDS,DAREBIN,-37.697014,145.00284,2021,3,March,15,Afternoon Peak,Weekday
T20210006925,2021-03-02,16:00:00,1,Collision with vehicle,2,Tuesday,130,REAR END(VEHICLES IN SAME LANE),1,679403,Not at intersection,3,100,Freeway,WESTERN RING,HUME,-37.69311,144.93817,2021,3,March,16,Afternoon Peak,Weekday
T20210004622,2021-03-02,17:00:00,1,Collision with vehicle,2,Tuesday,130,REAR END(VEHICLES IN SAME LANE),1,773434,Not at intersection,2,100,Freeway,EASTLINK,FRANKSTON,-38.086372,145.16985,2021,3,March,17,Afternoon Peak,Weekday
T20210005188,2021-03-02,10:00:00,1,Collision with vehicle,2,Tuesday,110,CROSS TRAFFIC(INTERSECTIONS ONLY),1,59916,Cross intersection,3,50,Local Road,CHAUNCEY,BENDIGO,-36.91974,144.70442,2021,3,March,10,Midday,Weekday
T20210004604,2021-03-02,14:06:00,8,No collision and no object struck,2,Tuesday,174,OUT OF CONTROL ON CARRIAGEWAY (ON STRAIGHT),1,335831,T intersection,3,40,Arterial Other,BRIDGE,YARRA,-37.817944,144.9935,2021,3,March,14,Midday,Weekday
T20210004602,2021-03-02,12:00:00,8,No collision and no object struck,2,Tuesday,184,OUT OF CONTROL ON CARRIAGEWAY (ON BEND),1,677074,Not at intersection,2,100,Local Road,UNNAMED,MITCHELL,-37.401108,145.07799,2021,3,March,12,Midday,Weekday
T20210004651,2021-03-02,12:25:00,4,Collision with a fixed object,2,Tuesday,171,LEFT OFF CARRIAGEWAY INTO OBJECT/PARKED VEHICLE,1,678223,Not at intersection,3,90,Arterial Other,THOMPSONS,DANDENONG,-38.077087,145.23428,2021,3,March,12,Midday,Weekday
T20210004598,2021-03-02,10:40:00,1,Collision with vehicle,2,Tuesday,120,HEAD ON (NOT OVERTAKING),1,679045,Not at intersection,2,80,Local Road,PERRY,DANDENONG,-38.018997,145.18019,2021,3,March,10,Midday,Weekday
T20210005802,2021-03-02,07:00:00,6,Vehicle overturned (no collision),2,Tuesday,174,OUT OF CONTROL ON CARRIAGEWAY (ON STRAIGHT),9,678183,Not at intersection,2,60,Local Road,CARINISH,MONASH,-37.920113,145.11497,2021,3,March,7,Morning Peak,Weekday