ACCIDENT_NO,ACCIDENT_DATE,ACCIDENT_TIME,ACCIDENT_TYPE,ACCIDENT_TYPE_DESC,DAY_OF_WEEK,DAY_WEEK_DESC,DCA_CODE,DCA_DESC,LIGHT_CONDITION,NODE_ID,ROAD_GEOMETRY_DESC,SEVERITY,SPEED_ZONE,RMA,ROAD_NAME,LGA_NAME,LATITUDE,LONGITUDE,YEAR,MONTH,MONTH_NAME,HOUR,TIME_PERIOD,DAY_TYPE
T20210004595,2021-03-02,12:55:00,2,Struck Pedestrian,2,Tuesday,103,PED PLAYING/LYING/WORKING/STANDING ON CARRIAGEWAY.,1,45938,T intersection,3,60,Arterial Other,VICTORIA,YARRA,-37.80801,144.9759,2021,3,March,12,Midday,Weekday
T20210005086,2021-03-02,17:45:00,1,Collision with vehicle,2,Tuesday,114,TWO RIGHT TURNING (INTERSECTIONS ONLY),1,41061,T intersection,3,60,Arterial Other,PASCOE VALE,MORELAND,-37.712555,144.91719,2021,3,March,17,Afternoon Peak,Weekday
T20210004731,2021-03-02,20:39:00,4,Collision with a fixed object,2,Tuesday,149,OTHER MANOEUVRING NOT INCLUDED IN DCAs 140-148,3,681430,Multiple intersection,2,60,Arterial Highway,WILLIS,SURF COAST,-38.239876,143.99196,2021,3,March,20,Night,Weekday
T20210018254,2021-03-02,16:30:00,1,Collision with vehicle,2,Tuesday,133,LANE SIDE SWIPE (VEHICLES IN PARALLEL LANES),1,48593,Cross intersection,3,60,Arterial Other,DUNNINGS,WYNDHAM,-37.886524,144.75005,2021,3,March,16,Afternoon Peak,Weekday
T20210004629,2021-03-02,18:20:00,1,Collision with vehicle,2,Tuesday,121,RIGHT THROUGH,1,676998,Not at intersection,2,60,Arterial Other,SYNNOT,WYNDHAM,-37.904774,144.65775,2021,3,March,18,Afternoon Peak,Weekday
T20210004588,2021-03-02,09:15:00,1,Collision with vehicle,2,Tuesday,116,LEFT NEAR (INTERSECTIONS ONLY),1,677759,T intersection,3,40,Local Road,TIMMS,KINGSTON,-37.98087,145.12157,2021,3,March,9,Morning Peak,Weekday
T20210004624,2021-03-02,16:00:00,1,Collision with vehicle,2,Tuesday,140,U TURN,1,677075,Not at intersection,3,60,Arterial Other,HOFFMANS,MOONEE VALLEY,-37.744747,144.8912,2021,3,March,16,Afternoon Peak,Weekday
T20210004614,2021-03-02,15:56:00,1,Collision with vehicle,2,Tuesday,163,VEHICLE STRIKES DOOR OF PARKED/STATIONARY VEHICLE,1,678489,Not at intersection,3,40,Local Road,SMITH,YARRA,-37.804344,144.98334,2021,3,March,15,Afternoon Peak,Weekday
T20210004591,2021-03-02,09:30:00,1,Collision with vehicle,2,Tuesday,110,CROSS TRAFFIC(INTERSECTIONS ONLY),1,71024,Cross intersection,2,60,Local Road,STATION LAKE,GEELONG,-38.023952,144.40672,2021,3,March,9,Morning Peak,Weekday
T20210004931,2021-03-02,16:50:00,6,Vehicle overturned (no collision),2,Tuesday,184,OUT OF CONTROL ON CARRIAGEWAY (ON BEND),1,677353,Not at intersection,3,100,Local Road,BUTTERCUP,MANSFIELD,-37.082764,146.30573,2021,3,March,16,Afternoon Peak,Weekday
T20210004585,2021-03-02,08:50:00,1,Collision with vehicle,2,Tuesday,135,LANE CHANGE LEFT (NOT OVERTAKING),1,685608,Not at intersection,3,80,Local Road,AIRPORT,HUME,-37.68659,144.8651,2021,3,March,8,Morning Peak,Weekday
T20210007140,2021-03-02,15:40:00,1,Collision with vehicle,2,Tuesday,110,CROSS TRAFFIC(INTERSECTIONS ONLY),1,224428,Cross intersection,3,80,Arterial Highway,DANDENONG-HASTINGS,MORNINGTON PENINSULA,-38.252876,145.21469,2021,3,March,15,Afternoon Peak,Weekday
T20210004613,2021-03-02,15:23:00,1,Collision with vehicle,2,Tuesday,137,LEFT TURN SIDESWIPE,1,57610,T intersection,3,60,Arterial Other,BEACH,KINGSTON,-38.005848,145.08252,2021,3,March,15,Afternoon Peak,Weekday
T20210004684,2021-03-03,14:43:00,4,Collision with a fixed object,3,Wednesday,173,RIGHT OFF CARRIAGEWAY INTO OBJECT/PARKED VEHICLE,1,677151,Not at intersection,2,60,Arterial Highway,HIGH,BENDIGO,-36.76521,144.26863,2021,3,March,14,Midday,Weekday
T20220001076,2021-03-03,15:30:00,1,Collision with vehicle,3,Wednesday,130,REAR END(VEHICLES IN SAME LANE),1,702277,Not at intersection,3,40,Local Road,KOOKABURRA,WYNDHAM,-37.88516,144.67622,2021,3,March,15,Afternoon Peak,Weekday
T20210004685,2021-03-03,11:00:00,2,Struck Pedestrian,3,Wednesday,102,FAR SIDE. PED HIT BY VEHICLE FROM THE LEFT,1,688822,Not at intersection,3,60,Arterial Other,ASHLEY,MARIBYRNONG,-37.793663,144.86307,2021,3,March,11,Midday,Weekday
T20210004687,2021-03-03,15:00:00,1,Collision with vehicle,3,Wednesday,147,VEHICLE STRIKES ANOTHER VEH WHILE EMERGING FROM DRIVEWAY,1,677504,Not at intersection,3,70,Local Road,MELBOURNE,MORNINGTON PENINSULA,-38.35739,144.75674,2021,3,March,15,Afternoon Peak,Weekday
T20210004704,2021-03-03,14:20:00,1,Collision with vehicle,3,Wednesday,110,CROSS TRAFFIC(INTERSECTIONS ONLY),1,61601,Cross intersection,3,50,Local Road,MYRTLE,WHITTLESEA,-37.678284,145.02898,2021,3,March,14,Midday,Weekday
T20210004693,2021-03-03,15:40:00,1,Collision with vehicle,3,Wednesday,130,REAR END(VEHICLES IN SAME LANE),1,677421,Not at intersection,3,80,Arterial Other,PRINCES,WYNDHAM,-37.890785,144.68733,2021,3,March,15,Afternoon Peak,Weekday
T20210004706,2021-03-03,16:15:00,1,Collision with vehicle,3,Wednesday,130,REAR END(VEHICLES IN SAME LANE),1,678490,Not at intersection,3,100,Freeway,WESTERN RING,MORELAND,-37.69207,144.95692,2021,3,March,16,Afternoon Peak,Weekday
T20210004707,2021-03-03,14:36:00,1,Collision with vehicle,3,Wednesday,120,HEAD ON (NOT OVERTAKING),1,679542,Not at intersection,2,100,Arterial Highway,MELBA,YARRA RANGES,-37.681107,145.37819,2021,3,March,14,Midday,Weekday
T20210004732,2021-03-03,21:01:00,1,Collision with vehicle,3,Wednesday,130,REAR END(VEHICLES IN SAME LANE),3,689003,Not at intersection,2,80,Arterial Other,CENTRE,DANDENONG,-37.932667,145.15207,2021,3,March,21,Night,Weekday
T20210005326,2021-03-03,21:30:00,4,Collision with a fixed object,3,Wednesday,183,OFF LEFT BEND INTO OBJECT/PARKED VEHICLE,5,705391,Not at intersection,2,100,Arterial Other,MARYSVILLE-WOODS POINT,MURRINDINDI,-37.519375,145.79695,2021,3,March,21,Night,Weekday
T20210004710,2021-03-03,17:39:00,1,Collision with vehicle,3,Wednesday,135,LANE CHANGE LEFT (NOT OVERTAKING),1,729977,Not at intersection,3,80,Freeway,MONASH,MONASH,-37.93205,145.18855,2021,3,March,17,Afternoon Peak,Weekday
T20210004712,2021-03-03,17:30:00,1,Collision with vehicle,3,Wednesday,110,CROSS TRAFFIC(INTERSECTIONS ONLY),1,51611,Multiple intersection,3,50,Local Road,HOPETOUN,BENDIGO,-36.75856,144.2842,2021,3,March,17,Afternoon Peak,Weekday
T20210004714,2021-03-03,17:40:00,1,Collision with vehicle,3,Wednesday,110,CROSS TRAFFIC(INTERSECTIONS ONLY),1,50791,Cross intersection,3,60,Arterial Other,BROADWAY,MOIRA,-35.91674,145.64694,2021,3,March,17,Afternoon Peak,Weekday
T20210004717,2021-03-03,19:06:00,4,Collision with a fixed object,3,Wednesday,183,OFF LEFT BEND INTO OBJECT/PARKED VEHICLE,1,689390,Not at intersection,2,60,Local Road,ARUNDEL,BENALLA,-36.54422,145.97272,2021,3,March,19,Night,Weekday
T20210004718,2021-03-03,16:58:00,4,Collision with a fixed object,3,Wednesday,171,LEFT OFF CARRIAGEWAY INTO OBJECT/PARKED VEHICLE,1,677031,Not at intersection,1,60,Local Road,KOORLONG,MILDURA,-34.239655,142.16576,2021,3,March,16,Afternoon Peak,Weekday
T20210004719,2021-03-03,15:30:00,1,Collision with vehicle,3,Wednesday,130,REAR END(VEHICLES IN SAME LANE),1,677546,Not at intersection,2,70,Arterial Highway,PLENTY,DAREBIN,-37.716328,145.04356,2021,3,March,15,Afternoon Peak,Weekday
T20210004721,2021-03-03,16:25:00,1,Collision with vehicle,3,Wednesday,113,RIGHT NEAR (INTERSECTIONS ONLY),1,261035,Cross intersection,3,80,Local Road,SINCLAIRS,MELTON,-37.741543,144.70628,2021,3,March,16,Afternoon Peak,Weekday
T20210004722,2021-03-03,15:20:00,1,Collision with vehicle,3,Wednesday,120,HEAD ON (NOT OVERTAKING),1,677912,T intersection,2,70,Arterial Other,HIGH,CASEY,-38.03829,145.35835,2021,3,March,15,Afternoon Peak,Weekday
T20210004723,2021-03-03,18:45:00,1,Collision with vehicle,3,Wednesday,110,CROSS TRAFFIC(INTERSECTIONS ONLY),1,37986,Cross intersection,2,50,Local Road,DUNDAS,DAREBIN,-37.75336,145.01091,2021,3,March,18,Afternoon Peak,Weekday
T20210004725,2021-03-03,15:48:00,1,Collision with vehicle,3,Wednesday,130,REAR END(VEHICLES IN SAME LANE),1,40600,T intersection,2,60,Arterial Other,WARRIGAL,WHITEHORSE,-37.837067,145.098,2021,3,March,15,Afternoon Peak,Weekday
T20210004727,2021-03-03,21:00:00,4,Collision with a fixed object,3,Wednesday,171,LEFT OFF CARRIAGEWAY INTO OBJECT/PARKED VEHICLE,3,682913,Not at intersection,2,80,Arterial Highway,SOUTH GIPPSLAND,DANDENONG,-38.03628,145.24695,2021,3,March,21,Night,Weekday
T20210004728,2021-03-03,21:30:00,1,Collision with vehicle,3,Wednesday,121,RIGHT THROUGH,3,40569,T intersection,3,60,Arterial Highway,WARRIGAL,WHITEHORSE,-37.853348,145.09511,2021,3,March,21,Night,Weekday
T20210004760,2021-03-03,14:45:00,8,No collision and no object struck,3,Wednesday,184,OUT OF CONTROL ON CARRIAGEWAY (ON BEND),1,36932,Cross intersection,2,60,Arterial Highway,CITY,MELBOURNE,-37.823734,144.96255,2021,3,March,14,Midday,Weekday
T20210004756,2021-03-03,16:50:00,1,Collision with vehicle,3,Wednesday,139,OTHER SAME DIRECTION-MANOUEVRES NOT INCLUDED IN DCAs 130-137,1,683077,T intersection,3,60,Arterial Other,GEELONG,BALLARAT,-37.592663,143.86725,2021,3,March,16,Afternoon Peak,Weekday
T20210004735,2021-03-03,22:03:00,3,Struck animal,3,Wednesday,167,STRUCK ANIMAL,3,682245,Not at intersection,3,60,Arterial Other,BAY,BAYSIDE,-37.952686,145.01128,2021,3,March,22,Night,Weekday
T20210004740,2021-03-03,14:00:00,1,Collision with vehicle,3,Wednesday,131,LEFT REAR,1,58046,Cross intersection,3,60,Freeway,CAROLINE SPRINGS BOULEVARD -WESTERN,MELTON,-37.755943,144.73969,2021,3,March,14,Midday,Weekday
T20210006245,2021-03-03,17:40:00,1,Collision with vehicle,3,Wednesday,110,CROSS TRAFFIC(INTERSECTIONS ONLY),1,51450,Cross intersection,3,60,Arterial Other,EDIS,CAMPASPE,-36.308094,145.0496,2021,3,March,17,Afternoon Peak,Weekday
T20210004912,2021-03-03,13:53:00,1,Collision with vehicle,3,Wednesday,113,RIGHT NEAR (INTERSECTIONS ONLY),1,41023,Cross intersection,3,60,Arterial Other,DORSET,KNOX,-37.856075,145.28598,2021,3,March,13,Midday,Weekday
T20210006627,2021-03-03,15:45:00,1,Collision with vehicle,3,Wednesday,132,RIGHT REAR.,1,680861,T intersection,3,60,Local Road,WALNUT,MILDURA,-34.19457,142.14108,2021,3,March,15,Afternoon Peak,Weekday
T20210004649,2021-03-03,01:16:00,4,Collision with a fixed object,3,Wednesday,171,LEFT OFF CARRIAGEWAY INTO OBJECT/PARKED VEHICLE,3,1335,Cross intersection,3,60,Arterial Other,PASCOE VALE,MOONEE VALLEY,-37.75594,144.9261,2021,3,March,1,Late Night,Weekday
T20210006089,2021-03-03,22:00:00,1,Collision with vehicle,3,Wednesday,160,VEHICLE COLLIDES WITH VEHICLE PARKED ON LEFT OF ROAD,3,37698,Cross intersection,3,40,Local Road,CARLTON,STONNINGTON,-37.84777,144.99399,2021,3,March,22,Night,Weekday
T20210004713,2021-03-03,16:45:00,1,Collision with vehicle,3,Wednesday,130,REAR END(VEHICLES IN SAME LANE),1,729978,Not at intersection,3,80,Arterial Other,MELTON,BRIMBANK,-37.69339,144.75685,2021,3,March,16,Afternoon Peak,Weekday
T20210005491,2021-03-03,17:50:00,1,Collision with vehicle,3,Wednesday,130,REAR END(VEHICLES IN SAME LANE),1,678883,Not at intersection,3,80,Arterial Highway,FRANKSTON-DANDENONG,FRANKSTON,-38.101387,145.1709,2021,3,March,17,Afternoon Peak,Weekday
T20210009860,2021-03-03,08:20:00,1,Collision with vehicle,3,Wednesday,137,LEFT TURN SIDESWIPE,1,693985,Not at intersection,3,40,Arterial Other,HOTHAM,GLEN EIRA,-37.86721,144.9999,2021,3,March,8,Morning Peak,Weekday
T20210007211,2021-03-03,17:00:00,1,Collision with vehicle,3,Wednesday,130,REAR END(VEHICLES IN SAME LANE),1,765047,Not at intersection,3,100,Freeway,MONASH,CASEY,-37.99542,145.26637,2021,3,March,17,Afternoon Peak,Weekday
T20210009050,2021-03-03,05:00:00,6,Vehicle overturned (no collision),3,Wednesday,170,OFF CARRIAGEWAY TO LEFT,9,730145,Not at intersection,3,100,Local Road,PICOLA NORTH,MOIRA,-35.937103,145.12405,2021,3,March,5,Morning Peak,Weekday
T20210007574,2021-03-03,06:00:00,1,Collision with vehicle,3,Wednesday,130,REAR END(VEHICLES IN SAME LANE),3,679956,Not at intersection,3,100,Freeway,WESTERN,MELTON,-37.766808,144.74356,2021,3,March,6,Morning Peak,Weekday
T20210004650,2021-03-03,02:00:00,4,Collision with a fixed object,3,Wednesday,171,LEFT OFF CARRIAGEWAY INTO OBJECT/PARKED VEHICLE,3,677584,Multiple intersection,3,80,Freeway,PRINCES-MONASH OUT,CASEY,-38.030342,145.32341,2021,3,March,2,Late Night,Weekday
T20210004652,2021-03-03,04:30:00,1,Collision with vehicle,3,Wednesday,110,CROSS TRAFFIC(INTERSECTIONS ONLY),3,29372,Cross intersection,3,60,Arterial Highway,RACECOURSE,MELBOURNE,-37.789406,144.94217,2021,3,March,4,Late Night,Weekday
T20210004656,2021-03-03,06:43:00,1,Collision with vehicle,3,Wednesday,132,RIGHT REAR.,1,678777,Not at intersection,2,60,Arterial Other,POLICE,DANDENONG,-37.933197,145.15714,2021,3,March,6,Morning Peak,Weekday
T20210004658,2021-03-03,07:10:00,4,Collision with a fixed object,3,Wednesday,173,RIGHT OFF CARRIAGEWAY INTO OBJECT/PARKED VEHICLE,1,686674,Not at intersection,2,80,Arterial Other,ALEXANDERS,LATROBE,-38.210926,146.44559,2021,3,March,7,Morning Peak,Weekday
T20210004659,2021-03-03,08:00:00,1,Collision with vehicle,3,Wednesday,121,RIGHT THROUGH,1,39115,T intersection,3,60,Local Road,MONT ALBERT,BOROONDARA,-37.81732,145.0718,2021,3,March,8,Morning Peak,Weekday
T20210004660,2021-03-03,08:00:00,1,Collision with vehicle,3,Wednesday,130,REAR END(VEHICLES IN SAME LANE),1,765059,Not at intersection,3,100,Arterial Other,PRAIRIE-ROCHESTER,CAMPASPE,-36.29886,144.62503,2021,3,March,8,Morning Peak,Weekday
T20210004662,2021-03-03,09:15:00,1,Collision with vehicle,3,Wednesday,121,RIGHT THROUGH,1,222476,Not at intersection,3,80,Arterial Highway,WELLINGTON,MONASH,-37.915,145.13133,2021,3,March,9,Morning Peak,Weekday
T20210004667,2021-03-03,11:15:00,1,Collision with vehicle,3,Wednesday,110,CROSS TRAFFIC(INTERSECTIONS ONLY),1,29766,Cross intersection,3,60,Arterial Highway,SOUTH GIPPSLAND,CASEY,-38.113033,145.28279,2021,3,March,11,Midday,Weekday
T20210004668,2021-03-03,11:05:00,1,Collision with vehicle,3,Wednesday,136,RIGHT TURN SIDESWIPE,1,677289,Not at intersection,2,50,Local Road,DUNNE,DAREBIN,-37.713932,145.02547,2021,3,March,11,Midday,Weekday
T20210004669,2021-03-03,13:10:00,1,Collision with vehicle,3,Wednesday,130,REAR END(VEHICLES IN SAME LANE),1,41558,T intersection,3,60,Arterial Highway,WARRIGAL,MONASH,-37.89425,145.08797,2021,3,March,13,Midday,Weekday
T20210004673,2021-03-03,07:53:00,1,Collision with vehicle,3,Wednesday,121,RIGHT THROUGH,1,355802,T intersection,2,80,Arterial Other,WELLS,KINGSTON,-38.017117,145.10999,2021,3,March,7,Morning Peak,Weekday
T20210004729,2021-03-03,21:44:00,1,Collision with vehicle,3,Wednesday,133,LANE SIDE SWIPE (VEHICLES IN PARALLEL LANES),3,41012,Cross intersection,2,70,Arterial Other,MOUNTAIN,KNOX,-37.837566,145.28706,2021,3,March,21,Night,Weekday
T20210004699,2021-03-03,15:00:00,2,Struck Pedestrian,3,Wednesday,100,PED NEAR SIDE. PED HIT BY VEHICLE FROM THE RIGHT.,1,559,Cross intersection,2,40,Arterial Other,CIVIC,HOBSONS BAY,-37.8654,144.83904,2021,3,March,15,Afternoon Peak,Weekday
T20210004700,2021-03-03,15:40:00,1,Collision with vehicle,3,Wednesday,130,REAR END(VEHICLES IN SAME LANE),1,685305,Not at intersection,2,40,Local Road,FOREST,BALLARAT,-37.538677,143.83159,2021,3,March,15,Afternoon Peak,Weekday
T20210005005,2021-03-04,08:55:00,1,Collision with vehicle,4,Thursday,131,LEFT REAR,1,342499,T intersection,3,80,Arterial Highway,PRINCES,EAST GIPPSLAND,-37.821976,147.86386,2021,3,March,8,Morning Peak,Weekday
T20210005409,2021-03-04,13:00:00,1,Collision with vehicle,4,Thursday,120,HEAD ON (NOT OVERTAKING),1,677770,Not at intersection,3,70,Local Road,LUCKMANS,WELLINGTON,-37.843872,146.93672,2021,3,March,13,Midday,Weekday
T20210004820,2021-03-04,20:15:00,1,Collision with vehicle,4,Thursday,120,HEAD ON (NOT OVERTAKING),5,677422,T intersection,3,50,Local Road,ALBERT,MELTON,-37.71014,144.55931,2021,3,March,20,Night,Weekday
T20210004823,2021-03-04,17:10:00,1,Collision with vehicle,4,Thursday,160,VEHICLE COLLIDES WITH VEHICLE PARKED ON LEFT OF ROAD,1,729981,Not at intersection,3,50,Local Road,CAMBRIDGE,HUME,-37.677135,144.96663,2021,3,March,17,Afternoon Peak,Weekday
T20210005072,2021-03-04,11:30:00,7,Fall from or in moving vehicle,4,Thursday,190,FELL IN/FROM VEHICLE,1,678411,Not at intersection,2,50,Local Road,ARMSTRONG,WYNDHAM,-37.87414,144.60918,2021,3,March,11,Midday,Weekday
T20210007740,2021-03-04,13:43:00,1,Collision with vehicle,4,Thursday,129,OTHER OPPOSING MANOEUVRES NOT INCLUDED IN DCAs 120-125.,1,780879,Not at intersection,3,60,Arterial Highway,BELL,MORELAND,-37.739796,144.95125,2021,3,March,13,Midday,Weekday
T20210004793,2021-03-04,15:45:00,2,Struck Pedestrian,4,Thursday,102,FAR SIDE. PED HIT BY VEHICLE FROM THE LEFT,1,677350,Not at intersection,3,40,Local Road,MENTONE,KINGSTON,-37.983643,145.06485,2021,3,March,15,Afternoon Peak,Weekday
T20210004829,2021-03-04,23:42:00,1,Collision with vehicle,4,Thursday,140,U TURN,3,680758,Not at intersection,3,80,Arterial Other,LEARMONTH,BALLARAT,-37.51984,143.8051,2021,3,March,23,Night,Weekday
T20210004874,2021-03-04,17:30:00,1,Collision with vehicle,4,Thursday,130,REAR END(VEHICLES IN SAME LANE),1,677351,Not at intersection,2,50,Local Road,TARNEIT,WYNDHAM,-37.829918,144.67325,2021,3,March,17,Afternoon Peak,Weekday
T20210005469,2021-03-04,09:05:00,1,Collision with vehicle,4,Thursday,148,VEHICLE OFF FOOTPATH STRIKES VEH ON CARRIAGEWAY,1,677774,T intersection,3,60,Local Road,CUTHBERTS,BALLARAT,-37.553318,143.7964,2021,3,March,9,Morning Peak,Weekday
T20210004818,2021-03-04,20:55:00,5,collision with some other object,4,Thursday,173,RIGHT OFF CARRIAGEWAY INTO OBJECT/PARKED VEHICLE,3,681067,Not at intersection,3,60,Arterial Other,RESERVOIR,BENDIGO,-36.760845,144.31741,2021,3,March,20,Night,Weekday
T20210004800,2021-03-04,17:13:00,4,Collision with a fixed object,4,Thursday,181,OFF RIGHT BEND INTO OBJECT/PARKED VEHICLE,1,678650,Not at intersection,2,50,Local Road,TERRARA,WHITEHORSE,-37.851887,145.18922,2021,3,March,17,Afternoon Peak,Weekday
T20210005907,2021-03-04,12:00:00,1,Collision with vehicle,4,Thursday,130,REAR END(VEHICLES IN SAME LANE),9,773317,Not at intersection,3,80,Arterial Other,MICKLEHAM,HUME,-37.6285,144.88266,2021,3,March,12,Midday,Weekday
T20210004776,2021-03-04,13:10:00,1,Collision with vehicle,4,Thursday,136,RIGHT TURN SIDESWIPE,1,729979,Cross intersection,3,100,Arterial Highway,DANDENONG-HASTINGS,CASEY,-38.121914,145.23067,2021,3,March,13,Midday,Weekday
T20210004777,2021-03-04,13:09:00,1,Collision with vehicle,4,Thursday,132,RIGHT REAR.,1,729980,T intersection,2,60,Arterial Other,MILITARY,MOONEE VALLEY,-37.76615,144.86368,2021,3,March,13,Midday,Weekday
T20210004791,2021-03-04,16:15:00,1,Collision with vehicle,4,Thursday,110,CROSS TRAFFIC(INTERSECTIONS ONLY),1,58082,Cross intersection,3,60,Local Road,GUYS HILL,BENDIGO,-36.8105,144.342,2021,3,March,16,Afternoon Peak,Weekday
T20210004790,2021-03-04,15:40:00,1,Collision with vehicle,4,Thursday,132,RIGHT REAR.,1,36697,T intersection,2,50,Local Road,HIGHBURY,WHITEHORSE,-37.86358,145.18236,2021,3,March,15,Afternoon Peak,Weekday
T20210004744,2021-03-04,08:30:00,1,Collision with vehicle,4,Thursday,120,HEAD ON (NOT OVERTAKING),1,681016,Not at intersection,3,50,Arterial Other,BURWOOD,YARRA RANGES,-37.909863,145.35265,2021,3,March,8,Morning Peak,Weekday
T20210015353,2021-03-04,18:30:00,6,Vehicle overturned (no collision),4,Thursday,174,OUT OF CONTROL ON CARRIAGEWAY (ON STRAIGHT),1,687802,T intersection,3,50,Local Road,DOWLING,KINGSTON,-37.93632,145.09647,2021,3,March,18,Afternoon Peak,Weekday
T20210004799,2021-03-04,14:00:00,6,Vehicle overturned (no collision),4,Thursday,174,OUT OF CONTROL ON CARRIAGEWAY (ON STRAIGHT),1,355448,Cross intersection,3,60,Arterial Highway,MCIVOR,BENDIGO,-36.75728,144.29182,2021,3,March,14,Midday,Weekday
T20210004784,2021-03-04,14:31:00,1,Collision with vehicle,4,Thursday,132,RIGHT REAR.,1,678648,T intersection,3,60,Arterial Highway,BELL,BANYULE,-37.752003,145.04816,2021,3,March,14,Midday,Weekday
T20210004798,2021-03-04,14:57:00,1,Collision with vehicle,4,Thursday,130,REAR END(VEHICLES IN SAME LANE),1,682438,Not at intersection,3,60,Arterial Other,MT ALEXANDER,MOONEE VALLEY,-37.78359,144.93604,2021,3,March,14,Midday,Weekday
T20210007011,2021-03-04,17:40:00,1,Collision with vehicle,4,Thursday,147,VEHICLE STRIKES ANOTHER VEH WHILE EMERGING FROM DRIVEWAY,9,679362,Not at intersection,2,60,Local Road,MCKILLOP,GEELONG,-38.158436,144.37544,2021,3,March,17,Afternoon Peak,Weekday
T20210004808,2021-03-04,15:05:00,2,Struck Pedestrian,4,Thursday,102,FAR SIDE. PED HIT BY VEHICLE FROM THE LEFT,1,678582,Not at intersection,3,40,Local Road,NEWARK,LATROBE,-38.176743,146.28629,2021,3,March,15,Afternoon Peak,Weekday
T20210004801,2021-03-04,14:17:00,2,Struck Pedestrian,4,Thursday,100,PED NEAR SIDE. PED HIT BY VEHICLE FROM THE RIGHT.,1,683850,Not at intersection,2,40,Local Road,CLOW,DANDENONG,-37.98462,145.21211,2021,3,March,14,Midday,Weekday
T20210004804,2021-03-04,11:35:00,6,Vehicle overturned (no collision),4,Thursday,170,OFF CARRIAGEWAY TO LEFT,1,688424,Not at intersection,2,100,Arterial Other,MANSFIELD-WOODS POINT,MANSFIELD,-37.11727,146.13232,2021,3,March,11,Midday,Weekday
T20210004806,2021-03-04,15:47:00,1,Collision with vehicle,4,Thursday,130,REAR END(VEHICLES IN SAME LANE),1,687900,Not at intersection,3,60,Arterial Other,CAMP,HUME,-37.68516,144.91904,2021,3,March,15,Afternoon Peak,Weekday
T20210009946,2021-03-04,08:30:00,1,Collision with vehicle,4,Thursday,135,LANE CHANGE LEFT (NOT OVERTAKING),1,682373,Not at intersection,3,80,Freeway,WEST GATE,HOBSONS BAY,-37.82476,144.87482,2021,3,March,8,Morning Peak,Weekday
T20210004807,2021-03-04,19:20:00,6,Vehicle overturned (no collision),4,Thursday,172,OFF CARRIAGEWAY TO RIGHT,1,44602,Cross intersection,3,50,Local Road,ALBERT,BALLARAT,-37.564346,143.85881,2021,3,March,19,Night,Weekday
T20210004770,2021-03-04,11:05:00,1,Collision with vehicle,4,Thursday,116,LEFT NEAR (INTERSECTIONS ONLY),1,241387,Cross intersection,2,60,Local Road,GHAZEEPORE,GEELONG,-38.215145,144.30115,2021,3,March,11,Midday,Weekday
T20210004769,2021-03-04,11:50:00,5,collision with some other object,4,Thursday,166,STRUCK OBJECT ON CARRIAGEWAY,1,678688,Not at intersection,2,100,Local Road,HIGHLANDS,MURRINDINDI,-37.084846,145.45665,2021,3,March,11,Midday,Weekday
T20210004746,2021-03-04,09:05:00,1,Collision with vehicle,4,Thursday,133,LANE SIDE SWIPE (VEHICLES IN PARALLEL LANES),1,677155,Not at intersection,2,60,Arterial Other,BAYSWATER,MAROONDAH,-37.812477,145.26944,2021,3,March,9,Morning Peak,Weekday
T20210004826,2021-03-04,22:20:00,1,Collision with vehicle,4,Thursday,110,CROSS TRAFFIC(INTERSECTIONS ONLY),3,42747,Cross intersection,2,60,Local Road,CHARMAN,KINGSTON,-37.965412,145.0557,2021,3,March,22,Night,Weekday
T20210005781,2021-03-04,08:00:00,1,Collision with vehicle,4,Thursday,130,REAR END(VEHICLES IN SAME LANE),1,678649,Not at intersection,3,50,Arterial Other,MILLEARA,MOONEE VALLEY,-37.74086,144.86368,2021,3,March,8,Morning Peak,Weekday
T20210004765,2021-03-04,12:01:00,1,Collision with vehicle,4,Thursday,152,PULLING OUT (OVERTAKING),1,682953,Not at intersection,2,100,Local Road,SWAN MARSH-IRREWILLIPE,COLAC OTWAY,-38.396893,143.39645,2021,3,March,12,Midday,Weekday
T20210004788,2021-03-04,16:20:00,4,Collision with a fixed object,4,Thursday,171,LEFT OFF CARRIAGEWAY INTO OBJECT/PARKED VEHICLE,1,677678,Not at intersection,3,40,Local Road,BROUGHAM,BOROONDARA,-37.806717,145.03008,2021,3,March,16,Afternoon Peak,Weekday
T20210004813,2021-03-04,19:30:00,1,Collision with vehicle,4,Thursday,110,CROSS TRAFFIC(INTERSECTIONS ONLY),1,279270,Cross intersection,2,80,Freeway,CALDER,MOUNT ALEXANDER,-36.95593,144.23605,2021,3,March,19,Night,Weekday
T20210004755,2021-03-04,08:30:00,1,Collision with vehicle,4,Thursday,130,REAR END(VEHICLES IN SAME LANE),1,680020,Not at intersection,2,80,Arterial Other,KEILOR PARK,BRIMBANK,-37.73921,144.85217,2021,3,March,8,Morning Peak,Weekday
T20210004757,2021-03-04,09:53:00,1,Collision with vehicle,4,Thursday,121,RIGHT THROUGH,1,221792,Multiple intersection,2,80,Freeway,COOPER-HUME OUT,WHITTLESEA,-37.64797,144.98982,2021,3,March,9,Morning Peak,Weekday
T20210004761,2021-03-04,11:20:00,1,Collision with vehicle,4,Thursday,121,RIGHT THROUGH,1,41034,T intersection,2,60,Arterial Other,DORSET,KNOX,-37.86723,145.28535,2021,3,March,11,Midday,Weekday
T20210004786,2021-03-04,15:36:00,1,Collision with vehicle,4,Thursday,121,RIGHT THROUGH,1,677291,T intersection,2,60,Local Road,NORMAN,BALLARAT,-37.533077,143.81894,2021,3,March,15,Afternoon Peak,Weekday