ACCIDENT_NO,ACCIDENT_DATE,ACCIDENT_TIME,ACCIDENT_TYPE,ACCIDENT_TYPE_DESC,DAY_OF_WEEK,DAY_WEEK_DESC,DCA_CODE,DCA_DESC,LIGHT_CONDITION,NODE_ID,ROAD_GEOMETRY_DESC,SEVERITY,SPEED_ZONE,RMA,ROAD_NAME,LGA_NAME,LATITUDE,LONGITUDE,YEAR,MONTH,MONTH_NAME,HOUR,TIME_PERIOD,DAY_TYPE
T20210005940,2021-03-04,17:15:00,1,Collision with vehicle,4,Thursday,110,CROSS TRAFFIC(INTERSECTIONS ONLY),1,29993,Cross intersection,3,60,Local Road,ADAIR,BALLARAT,-37.570602,143.83316,2021,3,March,17,Afternoon Peak,Weekday
T20210004830,2021-03-04,20:11:00,4,Collision with a fixed object,4,Thursday,171,LEFT OFF CARRIAGEWAY INTO OBJECT/PARKED VEHICLE,2,677423,Not at intersection,2,70,Arterial Other,DIAMOND CREEK,NILLUMBIK,-37.675385,145.13533,2021,3,March,20,Night,Weekday
T20210004763,2021-03-04,11:20:00,1,Collision with vehicle,4,Thursday,120,HEAD ON (NOT OVERTAKING),1,677229,Not at intersection,2,80,Local Road,RENNIE,GEELONG,-38.05535,144.39034,2021,3,March,11,Midday,Weekday
T20210004824,2021-03-04,21:10:00,1,Collision with vehicle,4,Thursday,130,REAR END(VEHICLES IN SAME LANE),3,680664,Not at intersection,3,70,Arterial Other,EDGARS,WHITTLESEA,-37.692116,145.00203,2021,3,March,21,Night,Weekday
T20210005651,2021-03-04,14:01:00,1,Collision with vehicle,4,Thursday,153,CUTTING IN (OVERTAKING),1,685214,Not at intersection,2,80,Arterial Other,FERNTREE GULLY,MONASH,-37.90495,145.17476,2021,3,March,14,Midday,Weekday
T20210004795,2021-03-04,17:28:00,1,Collision with vehicle,4,Thursday,147,VEHICLE STRIKES ANOTHER VEH WHILE EMERGING FROM DRIVEWAY,1,677159,Not at intersection,3,50,Local Road,MOONLIGHT,BRIMBANK,-37.70883,144.775,2021,3,March,17,Afternoon Peak,Weekday
T20210005667,2021-03-04,11:10:00,1,Collision with vehicle,4,Thursday,140,U TURN,1,678265,Not at intersection,3,80,Local Road,LEARMONTH,BALLARAT,-37.56366,143.81161,2021,3,March,11,Midday,Weekday
T20210004785,2021-03-04,14:48:00,4,Collision with a fixed object,4,Thursday,181,OFF RIGHT BEND INTO OBJECT/PARKED VEHICLE,1,692256,Not at intersection,2,100,Arterial Other,KORUMBURRA-WARRAGUL,SOUTH GIPPSLAND,-38.399624,145.8344,2021,3,March,14,Midday,Weekday
T20210004766,2021-03-04,13:04:00,2,Struck Pedestrian,4,Thursday,102,FAR SIDE. PED HIT BY VEHICLE FROM THE LEFT,1,69809,Cross intersection,3,50,Local Road,BAKER,KINGSTON,-37.935722,145.04901,2021,3,March,13,Midday,Weekday
T20210004867,2021-03-05,12:13:00,4,Collision with a fixed object,5,Friday,181,OFF RIGHT BEND INTO OBJECT/PARKED VEHICLE,1,680078,Not at intersection,3,80,Arterial Other,MANSFIELD-WHITFIELD,WANGARATTA,-36.88348,146.3094,2021,3,March,12,Midday,Weekday
T20210006410,2021-03-05,14:20:00,1,Collision with vehicle,5,Friday,130,REAR END(VEHICLES IN SAME LANE),1,684008,Not at intersection,3,40,Freeway,WEST GATE,HOBSONS BAY,-37.82864,144.89651,2021,3,March,14,Midday,Weekday
T20210006812,2021-03-05,12:30:00,1,Collision with vehicle,5,Friday,130,REAR END(VEHICLES IN SAME LANE),1,694513,Not at intersection,3,80,Arterial Other,THOMPSON,KINGSTON,-38.067932,145.14525,2021,3,March,12,Midday,Weekday
T20210004878,2021-03-05,15:20:00,2,Struck Pedestrian,5,Friday,106,VEH STRIKES PED ON FOOTPATH/MEDIAN/TRAFFIC ISLAND.,1,677508,Not at intersection,2,50,Local Road,LODGE,MITCHELL,-37.09368,145.10316,2021,3,March,15,Afternoon Peak,Weekday
T20210016854,2021-03-05,15:40:00,6,Vehicle overturned (no collision),5,Friday,170,OFF CARRIAGEWAY TO LEFT,1,690017,Not at intersection,3,100,Local Road,BRAUND,CAMPASPE,-36.098766,144.69781,2021,3,March,15,Afternoon Peak,Weekday
T20210004879,2021-03-05,14:45:00,4,Collision with a fixed object,5,Friday,171,LEFT OFF CARRIAGEWAY INTO OBJECT/PARKED VEHICLE,1,677233,Not at intersection,3,60,Arterial Highway,ANZAC,MITCHELL,-37.02555,145.13522,2021,3,March,14,Midday,Weekday
T20210004891,2021-03-05,15:30:00,1,Collision with vehicle,5,Friday,160,VEHICLE COLLIDES WITH VEHICLE PARKED ON LEFT OF ROAD,1,677293,Not at intersection,3,60,Local Road,TOOLERN WATERS,MELTON,-37.71845,144.5605,2021,3,March,15,Afternoon Peak,Weekday
T20210004892,2021-03-05,19:15:00,4,Collision with a fixed object,5,Friday,183,OFF LEFT BEND INTO OBJECT/PARKED VEHICLE,1,677459,Not at intersection,2,100,Freeway,PRINCES OUT-KOO WEE RUP,CARDINIA,-38.091442,145.48814,2021,3,March,19,Night,Weekday
T20210004894,2021-03-05,13:30:00,1,Collision with vehicle,5,Friday,130,REAR END(VEHICLES IN SAME LANE),1,677679,Not at intersection,3,60,Arterial Other,QUEEN,HOBSONS BAY,-37.872353,144.78148,2021,3,March,13,Midday,Weekday
T20210004896,2021-03-05,13:40:00,1,Collision with vehicle,5,Friday,110,CROSS TRAFFIC(INTERSECTIONS ONLY),1,390,Cross intersection,2,60,Arterial Other,TOORAK,STONNINGTON,-37.84059,145.0047,2021,3,March,13,Midday,Weekday
T20210004899,2021-03-05,19:00:00,1,Collision with vehicle,5,Friday,130,REAR END(VEHICLES IN SAME LANE),1,338775,T intersection,3,80,Arterial Other,CRANBOURNE,CASEY,-38.044056,145.30345,2021,3,March,19,Night,Weekday
T20210004902,2021-03-05,18:50:00,4,Collision with a fixed object,5,Friday,173,RIGHT OFF CARRIAGEWAY INTO OBJECT/PARKED VEHICLE,1,683707,Not at intersection,2,100,Local Road,OGRADYS,MITCHELL,-37.32246,145.00987,2021,3,March,18,Afternoon Peak,Weekday
T20210004839,2021-03-05,10:15:00,4,Collision with a fixed object,5,Friday,173,RIGHT OFF CARRIAGEWAY INTO OBJECT/PARKED VEHICLE,1,677231,Not at intersection,3,50,Local Road,TARWIN,LATROBE,-38.238373,146.39742,2021,3,March,10,Midday,Weekday
T20210006356,2021-03-05,16:30:00,8,No collision and no object struck,5,Friday,174,OUT OF CONTROL ON CARRIAGEWAY (ON STRAIGHT),1,57599,T intersection,2,60,Arterial Other,BLUFF,BAYSIDE,-37.975494,145.01591,2021,3,March,16,Afternoon Peak,Weekday
T20210006895,2021-03-05,21:20:00,1,Collision with vehicle,5,Friday,130,REAR END(VEHICLES IN SAME LANE),9,38332,Cross intersection,3,80,Arterial Other,KING,MANNINGHAM,-37.769993,145.12967,2021,3,March,21,Night,Weekday
T20210004838,2021-03-05,07:46:00,1,Collision with vehicle,5,Friday,120,HEAD ON (NOT OVERTAKING),1,680721,Not at intersection,2,60,Local Road,MCCORMICKS,FRANKSTON,-38.098965,145.19763,2021,3,March,7,Morning Peak,Weekday
T20210004832,2021-03-05,06:15:00,1,Collision with vehicle,5,Friday,130,REAR END(VEHICLES IN SAME LANE),6,677292,Not at intersection,3,100,Freeway,WESTERN,BRIMBANK,-37.797356,144.75902,2021,3,March,6,Morning Peak,Weekday
T20210009356,2021-03-05,21:00:00,8,No collision and no object struck,5,Friday,174,OUT OF CONTROL ON CARRIAGEWAY (ON STRAIGHT),3,559,Cross intersection,3,60,Arterial Other,CIVIC,HOBSONS BAY,-37.8654,144.83904,2021,3,March,21,Night,Weekday
T20210006086,2021-03-05,12:53:00,1,Collision with vehicle,5,Friday,129,OTHER OPPOSING MANOEUVRES NOT INCLUDED IN DCAs 120-125.,1,678358,Not at intersection,2,80,Arterial Other,PAKENHAM,CARDINIA,-38.008297,145.51387,2021,3,March,12,Midday,Weekday
T20220002132,2021-03-05,08:00:00,1,Collision with vehicle,5,Friday,153,CUTTING IN (OVERTAKING),1,704315,Not at intersection,3,60,Arterial Highway,BULLEEN,BOROONDARA,-37.779198,145.0787,2021,3,March,8,Morning Peak,Weekday
T20210005871,2021-03-05,14:45:00,1,Collision with vehicle,5,Friday,130,REAR END(VEHICLES IN SAME LANE),1,678345,Not at intersection,3,60,Arterial Other,PIONEER,GEELONG,-38.20308,144.34062,2021,3,March,14,Midday,Weekday
T20210005358,2021-03-05,07:31:00,1,Collision with vehicle,5,Friday,130,REAR END(VEHICLES IN SAME LANE),1,677845,Not at intersection,2,80,Freeway,WEST GATE,MELBOURNE,-37.82731,144.9626,2021,3,March,7,Morning Peak,Weekday
T20210005905,2021-03-05,17:00:00,1,Collision with vehicle,5,Friday,139,OTHER SAME DIRECTION-MANOUEVRES NOT INCLUDED IN DCAs 130-137,9,773316,Not at intersection,3,60,Arterial Other,CRAIGIEBURN,HUME,-37.597206,144.92493,2021,3,March,17,Afternoon Peak,Weekday
T20210005990,2021-03-05,18:30:00,8,No collision and no object struck,5,Friday,174,OUT OF CONTROL ON CARRIAGEWAY (ON STRAIGHT),1,678421,Not at intersection,2,50,Local Road,BUCKLAND,CASEY,-37.96801,145.24986,2021,3,March,18,Afternoon Peak,Weekday
T20210005201,2021-03-05,11:22:00,2,Struck Pedestrian,5,Friday,102,FAR SIDE. PED HIT BY VEHICLE FROM THE LEFT,1,342200,Cross intersection,3,70,Arterial Other,DORSET,MAROONDAH,-37.82617,145.28758,2021,3,March,11,Midday,Weekday
T20210004884,2021-03-05,15:45:00,1,Collision with vehicle,5,Friday,130,REAR END(VEHICLES IN SAME LANE),1,677509,Not at intersection,3,100,Arterial Highway,SUNRAYSIA,NORTHERN GRAMPIANS,-36.80906,143.29118,2021,3,March,15,Afternoon Peak,Weekday
T20210007001,2021-03-05,16:18:00,1,Collision with vehicle,5,Friday,130,REAR END(VEHICLES IN SAME LANE),1,679404,Not at intersection,3,100,Freeway,CALDER,MOONEE VALLEY,-37.73083,144.87535,2021,3,March,16,Afternoon Peak,Weekday
T20210004907,2021-03-05,20:30:00,1,Collision with vehicle,5,Friday,160,VEHICLE COLLIDES WITH VEHICLE PARKED ON LEFT OF ROAD,3,679255,Not at intersection,2,50,Local Road,ALBION,MORELAND,-37.76026,144.95831,2021,3,March,20,Night,Weekday
T20210008481,2021-03-05,11:00:00,1,Collision with vehicle,5,Friday,140,U TURN,1,681128,Not at intersection,3,60,Arterial Other,DAWSON,MORELAND,-37.769478,144.9442,2021,3,March,11,Midday,Weekday
T20210004911,2021-03-05,23:00:00,1,Collision with vehicle,5,Friday,121,RIGHT THROUGH,3,696201,T intersection,3,70,Local Road,SNEYDES,WYNDHAM,-37.897614,144.73041,2021,3,March,23,Night,Weekday
T20210007132,2021-03-05,16:00:00,1,Collision with vehicle,5,Friday,121,RIGHT THROUGH,1,35391,Multiple intersection,3,60,Local Road,TAMARIND,WYNDHAM,-37.887768,144.66234,2021,3,March,16,Afternoon Peak,Weekday
T20210013232,2021-03-05,08:30:00,1,Collision with vehicle,5,Friday,130,REAR END(VEHICLES IN SAME LANE),1,689599,T intersection,3,60,Arterial Other,POINT COOK,WYNDHAM,-37.889233,144.75562,2021,3,March,8,Morning Peak,Weekday
T20210005518,2021-03-05,16:46:00,1,Collision with vehicle,5,Friday,121,RIGHT THROUGH,1,50075,T intersection,3,60,Arterial Other,SCENIC,GEELONG,-38.164307,144.31068,2021,3,March,16,Afternoon Peak,Weekday
T20210004842,2021-03-05,10:30:00,1,Collision with vehicle,5,Friday,110,CROSS TRAFFIC(INTERSECTIONS ONLY),1,29818,Cross intersection,3,60,Arterial Other,MELBOURNE,WODONGA,-36.114845,146.86862,2021,3,March,10,Midday,Weekday
T20210004849,2021-03-05,11:22:00,2,Struck Pedestrian,5,Friday,100,PED NEAR SIDE. PED HIT BY VEHICLE FROM THE RIGHT.,1,679305,Not at intersection,1,40,Arterial Highway,MAROONDAH,MAROONDAH,-37.81629,145.22606,2021,3,March,11,Midday,Weekday
T20210004851,2021-03-05,12:05:00,1,Collision with vehicle,5,Friday,110,CROSS TRAFFIC(INTERSECTIONS ONLY),1,355716,Cross intersection,2,80,Arterial Other,YORKMINSTER,KNOX,-37.849766,145.23405,2021,3,March,12,Midday,Weekday
T20210004860,2021-03-05,06:15:00,1,Collision with vehicle,5,Friday,130,REAR END(VEHICLES IN SAME LANE),3,678847,Not at intersection,2,100,Freeway,WESTERN RING,BRIMBANK,-37.779198,144.79335,2021,3,March,6,Morning Peak,Weekday
T20210004861,2021-03-05,12:54:00,1,Collision with vehicle,5,Friday,147,VEHICLE STRIKES ANOTHER VEH WHILE EMERGING FROM DRIVEWAY,1,678849,Not at intersection,3,50,Arterial Other,GLENFERRIE,STONNINGTON,-37.839027,145.0324,2021,3,March,12,Midday,Weekday
T20210005170,2021-03-06,11:15:00,1,Collision with vehicle,6,Saturday,130,REAR END(VEHICLES IN SAME LANE),1,677841,Not at intersection,3,60,Arterial Highway,BASS,BASS COAST,-38.605785,145.59392,2021,3,March,11,Midday,Weekend
T20210004966,2021-03-06,19:04:00,1,Collision with vehicle,6,Saturday,130,REAR END(VEHICLES IN SAME LANE),2,677426,Not at intersection,3,70,Arterial Other,SOMERTON,HUME,-37.63842,144.91167,2021,3,March,19,Night,Weekend
T20210004964,2021-03-06,18:45:00,1,Collision with vehicle,6,Saturday,132,RIGHT REAR.,1,677588,Not at intersection,3,40,Local Road,MORAY,MELBOURNE,-37.82746,144.96082,2021,3,March,18,Afternoon Peak,Weekend
T20210004963,2021-03-06,09:45:00,1,Collision with vehicle,6,Saturday,130,REAR END(VEHICLES IN SAME LANE),1,677297,Not at intersection,3,100,Arterial Highway,PHILLIP ISLAND,BASS COAST,-38.52297,145.40929,2021,3,March,9,Morning Peak,Weekend
T20210004962,2021-03-06,17:40:00,1,Collision with vehicle,6,Saturday,121,RIGHT THROUGH,1,583552,T intersection,3,60,Arterial Other,GALLAGHERS,MONASH,-37.875748,145.17896,2021,3,March,17,Afternoon Peak,Weekend
T20210005873,2021-03-06,13:02:00,1,Collision with vehicle,6,Saturday,152,PULLING OUT (OVERTAKING),1,678190,Not at intersection,3,60,Local Road,MCKINNON,GLEN EIRA,-37.91082,145.03625,2021,3,March,13,Midday,Weekend
T20210004950,2021-03-06,15:40:00,5,collision with some other object,6,Saturday,171,LEFT OFF CARRIAGEWAY INTO OBJECT/PARKED VEHICLE,1,677586,Not at intersection,3,100,Arterial Other,DONNYBROOK,WHITTLESEA,-37.54507,144.99286,2021,3,March,15,Afternoon Peak,Weekend
T20210004949,2021-03-06,11:45:00,4,Collision with a fixed object,6,Saturday,181,OFF RIGHT BEND INTO OBJECT/PARKED VEHICLE,1,677377,Not at intersection,1,100,Local Road,KURRAJONG GAP,TOWONG,-36.111088,147.07848,2021,3,March,11,Midday,Weekend
T20210004946,2021-03-06,09:57:00,1,Collision with vehicle,6,Saturday,121,RIGHT THROUGH,1,46836,T intersection,1,60,Arterial Other,BELGRAVE-GEMBROOK,CARDINIA,-37.92934,145.42749,2021,3,March,9,Morning Peak,Weekend
T20210004944,2021-03-06,14:05:00,4,Collision with a fixed object,6,Saturday,173,RIGHT OFF CARRIAGEWAY INTO OBJECT/PARKED VEHICLE,1,685525,Not at intersection,2,60,Arterial Other,SYDNEY,BENALLA,-36.54832,145.99794,2021,3,March,14,Midday,Weekend
T20210004988,2021-03-06,11:15:00,5,collision with some other object,6,Saturday,166,STRUCK OBJECT ON CARRIAGEWAY,1,681112,Not at intersection,2,80,Arterial Other,WOODS POINT,YARRA RANGES,-37.70373,145.83018,2021,3,March,11,Midday,Weekend
T20210004943,2021-03-06,10:50:00,1,Collision with vehicle,6,Saturday,131,LEFT REAR,1,221411,Cross intersection,2,80,Arterial Other,BARRY,HUME,-37.66723,144.9551,2021,3,March,10,Midday,Weekend
T20210011432,2021-03-06,10:11:00,1,Collision with vehicle,6,Saturday,139,OTHER SAME DIRECTION-MANOUEVRES NOT INCLUDED IN DCAs 130-137,1,689449,Not at intersection,3,80,Arterial Highway,SPRINGVALE,MONASH,-37.90381,145.16135,2021,3,March,10,Midday,Weekend
T20210004941,2021-03-06,06:35:00,1,Collision with vehicle,6,Saturday,113,RIGHT NEAR (INTERSECTIONS ONLY),3,44463,T intersection,2,70,Arterial Highway,LATROBE,GEELONG,-38.151726,144.35197,2021,3,March,6,Morning Peak,Weekend
T20210004969,2021-03-06,19:19:00,1,Collision with vehicle,6,Saturday,160,VEHICLE COLLIDES WITH VEHICLE PARKED ON LEFT OF ROAD,1,677589,Not at intersection,3,50,Local Road,FLEMINGTON,WYNDHAM,-37.90929,144.63234,2021,3,March,19,Night,Weekend
T20210020355,2021-03-06,18:20:00,3,Struck animal,6,Saturday,167,STRUCK ANIMAL,2,694253,Not at intersection,3,80,Arterial Other,MICKLEHAM,HUME,-37.652004,144.87982,2021,3,March,18,Afternoon Peak,Weekend
T20210004938,2021-03-06,07:04:00,1,Collision with vehicle,6,Saturday,160,VEHICLE COLLIDES WITH VEHICLE PARKED ON LEFT OF ROAD,2,131482,Not at intersection,2,40,Arterial Other,CARLISLE,PORT PHILLIP,-37.869236,144.99721,2021,3,March,7,Morning Peak,Weekend
T20210012758,2021-03-06,10:30:00,1,Collision with vehicle,6,Saturday,137,LEFT TURN SIDESWIPE,1,692675,Not at intersection,3,60,Arterial Highway,MAROONDAH,YARRA RANGES,-37.655952,145.51173,2021,3,March,10,Midday,Weekend
T20210010284,2021-03-06,18:13:00,1,Collision with vehicle,6,Saturday,110,CROSS TRAFFIC(INTERSECTIONS ONLY),1,58588,Cross intersection,3,60,Local Road,ELGIN,WODONGA,-36.119453,146.88123,2021,3,March,18,Afternoon Peak,Weekend
T20210004937,2021-03-06,09:35:00,1,Collision with vehicle,6,Saturday,113,RIGHT NEAR (INTERSECTIONS ONLY),1,54903,T intersection,1,100,Arterial Other,HAZELWOOD,LATROBE,-38.257313,146.48738,2021,3,March,9,Morning Peak,Weekend
T20210005386,2021-03-06,11:05:00,1,Collision with vehicle,6,Saturday,130,REAR END(VEHICLES IN SAME LANE),1,677769,Not at intersection,3,60,Arterial Other,MORELAND,MORELAND,-37.753696,144.94931,2021,3,March,11,Midday,Weekend
T20210005270,2021-03-06,11:30:00,1,Collision with vehicle,6,Saturday,140,U TURN,1,677600,Not at intersection,3,60,Local Road,ST ALBANS,GEELONG,-38.163067,144.37277,2021,3,March,11,Midday,Weekend
T20210005271,2021-03-06,15:00:00,4,Collision with a fixed object,6,Saturday,171,LEFT OFF CARRIAGEWAY INTO OBJECT/PARKED VEHICLE,9,672279,Not at intersection,2,60,Local Road,GRAND,HUME,-37.57749,144.93097,2021,3,March,15,Afternoon Peak,Weekend
T20210004936,2021-03-06,11:54:00,1,Collision with vehicle,6,Saturday,121,RIGHT THROUGH,1,678851,Not at intersection,2,80,Local Road,VICTORIA,YARRA RANGES,-37.71892,145.34229,2021,3,March,11,Midday,Weekend
T20210004971,2021-03-06,20:35:00,1,Collision with vehicle,6,Saturday,140,U TURN,3,56250,Cross intersection,3,80,Arterial Highway,CHELTENHAM,DANDENONG,-37.991478,145.15057,2021,3,March,20,Night,Weekend
T20210004974,2021-03-06,21:00:00,4,Collision with a fixed object,6,Saturday,173,RIGHT OFF CARRIAGEWAY INTO OBJECT/PARKED VEHICLE,3,677427,T intersection,3,80,Arterial Other,SWANSEA,YARRA RANGES,-37.79189,145.36073,2021,3,March,21,Night,Weekend
T20210004976,2021-03-06,22:18:00,4,Collision with a fixed object,6,Saturday,173,RIGHT OFF CARRIAGEWAY INTO OBJECT/PARKED VEHICLE,5,678850,Not at intersection,2,100,Local Road,LITTLE RIVER-RIPLEY,GEELONG,-37.936142,144.46584,2021,3,March,22,Night,Weekend
T20210004932,2021-03-06,09:29:00,1,Collision with vehicle,6,Saturday,113,RIGHT NEAR (INTERSECTIONS ONLY),1,359708,Cross intersection,2,100,Arterial Other,MURRADOC,GEELONG,-38.186096,144.67993,2021,3,March,9,Morning Peak,Weekend
T20210009512,2021-03-06,06:45:00,8,No collision and no object struck,6,Saturday,174,OUT OF CONTROL ON CARRIAGEWAY (ON STRAIGHT),2,682057,Not at intersection,3,60,Local Road,GERTRUDE,YARRA,-37.805534,144.9751,2021,3,March,6,Morning Peak,Weekend
T20210004990,2021-03-06,23:51:00,1,Collision with vehicle,6,Saturday,121,RIGHT THROUGH,3,729988,Cross intersection,3,50,Arterial Other,PLENTY,WHITTLESEA,-37.656376,145.08006,2021,3,March,23,Night,Weekend
T20210004979,2021-03-06,22:23:00,1,Collision with vehicle,6,Saturday,110,CROSS TRAFFIC(INTERSECTIONS ONLY),5,49785,Cross intersection,2,100,Arterial Other,FYANSFORD-GHERINGHAP,GOLDEN PLAINS,-38.112896,144.26436,2021,3,March,22,Night,Weekend
T20210005472,2021-03-06,13:25:00,1,Collision with vehicle,6,Saturday,130,REAR END(VEHICLES IN SAME LANE),1,678414,Multiple intersection,3,60,Freeway,MORNINGTON PENINSULA,KINGSTON,-38.025944,145.1331,2021,3,March,13,Midday,Weekend
T20210004991,2021-03-06,09:30:00,1,Collision with vehicle,6,Saturday,115,RIGHT/LEFT FAR (INTERSECTIONS ONLY),1,678491,T intersection,2,100,Local Road,OLD TOLMIE,MANSFIELD,-37.044083,146.15727,2021,3,March,9,Morning Peak,Weekend
T20210006759,2021-03-06,15:00:00,5,collision with some other object,6,Saturday,191,LOAD OR MISSILE STRUCK VEHICLE,9,679176,Not at intersection,3,100,Freeway,WESTERN,MELTON,-37.735798,144.67313,2021,3,March,15,Afternoon Peak,Weekend
T20210004928,2021-03-06,12:00:00,1,Collision with vehicle,6,Saturday,132,RIGHT REAR.,1,679336,T intersection,3,100,Local Road,LINEENS,COLAC OTWAY,-38.269154,143.49045,2021,3,March,12,Midday,Weekend
T20210010153,2021-03-06,10:30:00,2,Struck Pedestrian,6,Saturday,107,PED ON FOOTHPATH STRUCK BY VEHENTERING/LEAVING DRIVEWAY.,1,689987,Not at intersection,3,60,Arterial Other,WELLS,FRANKSTON,-38.122894,145.13457,2021,3,March,10,Midday,Weekend
T20210004967,2021-03-06,16:55:00,1,Collision with vehicle,6,Saturday,152,PULLING OUT (OVERTAKING),1,52262,T intersection,2,50,Local Road,TOBRUK,LATROBE,-38.232258,146.41692,2021,3,March,16,Afternoon Peak,Weekend
T20210004920,2021-03-06,09:00:00,1,Collision with vehicle,6,Saturday,148,VEHICLE OFF FOOTPATH STRIKES VEH ON CARRIAGEWAY,1,29588,Cross intersection,3,40,Arterial Other,CANTERBURY,PORT PHILLIP,-37.85981,144.97731,2021,3,March,9,Morning Peak,Weekend
T20210004926,2021-03-06,11:20:00,1,Collision with vehicle,6,Saturday,130,REAR END(VEHICLES IN SAME LANE),1,677295,Not at intersection,3,100,Freeway,EASTLINK,FRANKSTON,-38.08398,145.17484,2021,3,March,11,Midday,Weekend
T20210005152,2021-03-06,16:00:00,1,Collision with vehicle,6,Saturday,131,LEFT REAR,1,697667,Cross intersection,3,50,Local Road,DIMBOOLA,HUME,-37.68226,144.9155,2021,3,March,16,Afternoon Peak,Weekend
T20210004987,2021-03-06,12:30:00,1,Collision with vehicle,6,Saturday,131,LEFT REAR,1,678969,Not at intersection,3,60,Arterial Other,FARNSWORTH,MARIBYRNONG,-37.79009,144.8989,2021,3,March,12,Midday,Weekend
T20210004921,2021-03-06,10:59:00,8,No collision and no object struck,6,Saturday,179,OTHER ACCIDENTS-OFF STRAIGHT NOT INCLUDED IN DCAs 170-175,1,729986,Not at intersection,2,60,Local Road,EPSOM,MELBOURNE,-37.789608,144.92339,2021,3,March,10,Midday,Weekend
T20210005179,2021-03-06,13:00:00,2,Struck Pedestrian,6,Saturday,101,PED EMERGES FROM IN FRONT OF PARKED OR STATIONARY VEHICLE,1,677518,Not at intersection,3,50,Arterial Highway,BARKER,MOUNT ALEXANDER,-37.06502,144.2169,2021,3,March,13,Midday,Weekend
T20210005193,2021-03-06,11:30:00,8,No collision and no object struck,6,Saturday,182,OFF CARRIAGEWAY ON LEFT BEND,1,685791,Not at intersection,3,80,Local Road,SUNNY CREEK,BAW BAW,-38.22914,146.12775,2021,3,March,11,Midday,Weekend
T20210005047,2021-03-07,20:33:00,4,Collision with a fixed object,7,Sunday,171,LEFT OFF CARRIAGEWAY INTO OBJECT/PARKED VEHICLE,6,56147,Cross intersection,2,50,Local Road,CAVE HILL,YARRA RANGES,-37.746567,145.34503,2021,3,March,20,Night,Weekend
T20210005049,2021-03-07,18:18:00,4,Collision with a fixed object,7,Sunday,173,RIGHT OFF CARRIAGEWAY INTO OBJECT/PARKED VEHICLE,1,684791,Not at intersection,3,60,Arterial Highway,KINGS,PORT PHILLIP,-37.83488,144.97047,2021,3,March,18,Afternoon Peak,Weekend
T20210005052,2021-03-07,17:51:00,8,No collision and no object struck,7,Sunday,182,OFF CARRIAGEWAY ON LEFT BEND,1,677591,Not at intersection,3,80,Local Road,HURSTBRIDGE-ARTHURS CREEK,NILLUMBIK,-37.59679,145.19324,2021,3,March,17,Afternoon Peak,Weekend
T20210009061,2021-03-07,11:56:00,1,Collision with vehicle,7,Sunday,110,CROSS TRAFFIC(INTERSECTIONS ONLY),1,39122,Cross intersection,3,60,Local Road,PROSPECT HILL,BOROONDARA,-37.829758,145.07086,2021,3,March,11,Midday,Weekend
T20210005053,2021-03-07,16:53:00,1,Collision with vehicle,7,Sunday,130,REAR END(VEHICLES IN SAME LANE),1,45501,T intersection,3,60,Arterial Other,MT ALEXANDER,MOONEE VALLEY,-37.784107,144.93713,2021,3,March,16,Afternoon Peak,Weekend
T20210005071,2021-03-07,09:17:00,1,Collision with vehicle,7,Sunday,130,REAR END(VEHICLES IN SAME LANE),1,679046,T intersection,3,100,Arterial Other,BALLAN,WYNDHAM,-37.832264,144.54332,2021,3,March,9,Morning Peak,Weekend
T20210005074,2021-03-07,12:30:00,1,Collision with vehicle,7,Sunday,130,REAR END(VEHICLES IN SAME LANE),1,311447,Not at intersection,3,50,Arterial Highway,HIGH,MITCHELL,-37.41467,144.97926,2021,3,March,12,Midday,Weekend
T20210005419,2021-03-07,13:00:00,7,Fall from or in moving vehicle,7,Sunday,190,FELL IN/FROM VEHICLE,1,681835,Not at intersection,3,60,Local Road,PEARSON,WHITTLESEA,-37.58856,145.0872,2021,3,March,13,Midday,Weekend
T20210005396,2021-03-07,11:15:00,5,collision with some other object,7,Sunday,166,STRUCK OBJECT ON CARRIAGEWAY,1,678305,Not at intersection,2,80,Arterial Highway,GREAT ALPINE,EAST GIPPSLAND,-37.095795,147.40192,2021,3,March,11,Midday,Weekend
T20210005142,2021-03-07,22:30:00,2,Struck Pedestrian,7,Sunday,100,PED NEAR SIDE. PED HIT BY VEHICLE FROM THE RIGHT.,3,677516,Not at intersection,2,40,Arterial Other,GRAHAM,PORT PHILLIP,-37.839912,144.94016,2021,3,March,22,Night,Weekend
T20210005014,2021-03-07,14:00:00,6,Vehicle overturned (no collision),7,Sunday,172,OFF CARRIAGEWAY TO RIGHT,1,681830,Not at intersection,2,50,Local Road,TUCKETT,SHEPPARTON,-36.464783,145.3839,2021,3,March,14,Midday,Weekend
T20210005108,2021-03-07,16:05:00,4,Collision with a fixed object,7,Sunday,181,OFF RIGHT BEND INTO OBJECT/PARKED VEHICLE,1,679184,Not at intersection,2,60,Arterial Other,CLEGG,YARRA RANGES,-37.782314,145.41438,2021,3,March,16,Afternoon Peak,Weekend
T20210005203,2021-03-07,10:30:00,6,Vehicle overturned (no collision),7,Sunday,174,OUT OF CONTROL ON CARRIAGEWAY (ON STRAIGHT),1,678931,Not at intersection,3,60,Local Road,SOUTH DURHAM BRIDGE,BALLARAT,-37.70225,143.87979,2021,3,March,10,Midday,Weekend