ACCIDENT_NO,ACCIDENT_DATE,ACCIDENT_TIME,ACCIDENT_TYPE,ACCIDENT_TYPE_DESC,DAY_OF_WEEK,DAY_WEEK_DESC,DCA_CODE,DCA_DESC,LIGHT_CONDITION,NODE_ID,ROAD_GEOMETRY_DESC,SEVERITY,SPEED_ZONE,RMA,ROAD_NAME,LGA_NAME,LATITUDE,LONGITUDE,YEAR,MONTH,MONTH_NAME,HOUR,TIME_PERIOD,DAY_TYPE
T20210005012,2021-03-07,12:45:00,1,Collision with vehicle,7,Sunday,110,CROSS TRAFFIC(INTERSECTIONS ONLY),1,57552,Cross intersection,2,80,Arterial Highway,WARRIGAL,STONNINGTON,-37.892857,145.08824,2021,3,March,12,Midday,Weekend
T20210005011,2021-03-07,12:50:00,1,Collision with vehicle,7,Sunday,120,HEAD ON (NOT OVERTAKING),1,677761,Not at intersection,2,100,Local Road,GLENISLA,BALLARAT,-37.53249,143.90854,2021,3,March,12,Midday,Weekend
T20210005010,2021-03-07,10:20:00,1,Collision with vehicle,7,Sunday,113,RIGHT NEAR (INTERSECTIONS ONLY),1,41882,T intersection,3,50,Arterial Other,FERNTREE GULLY,KNOX,-37.897915,145.24043,2021,3,March,10,Midday,Weekend
T20210005009,2021-03-07,12:40:00,7,Fall from or in moving vehicle,7,Sunday,190,FELL IN/FROM VEHICLE,1,681652,Not at intersection,3,80,Arterial Highway,GREAT OCEAN,COLAC OTWAY,-38.72932,143.70062,2021,3,March,12,Midday,Weekend
T20210005007,2021-03-07,11:42:00,1,Collision with vehicle,7,Sunday,113,RIGHT NEAR (INTERSECTIONS ONLY),1,11603,Multiple intersection,2,70,Freeway,MELROSE,BRIMBANK,-37.708683,144.887,2021,3,March,11,Midday,Weekend
T20210005003,2021-03-07,12:09:00,1,Collision with vehicle,7,Sunday,148,VEHICLE OFF FOOTPATH STRIKES VEH ON CARRIAGEWAY,1,239172,T intersection,2,60,Arterial Highway,ST KILDA,PORT PHILLIP,-37.866627,144.98622,2021,3,March,12,Midday,Weekend
T20210004999,2021-03-07,10:50:00,1,Collision with vehicle,7,Sunday,121,RIGHT THROUGH,1,324648,T intersection,2,70,Arterial Other,CRANBOURNE ROAD -NARRE WARREN,CASEY,-38.07179,145.29774,2021,3,March,10,Midday,Weekend
T20210004998,2021-03-07,02:20:00,7,Fall from or in moving vehicle,7,Sunday,190,FELL IN/FROM VEHICLE,3,685058,Not at intersection,3,50,Local Road,PARLIAMENT,WYNDHAM,-37.914375,144.75804,2021,3,March,2,Late Night,Weekend
T20210004996,2021-03-07,07:10:00,1,Collision with vehicle,7,Sunday,110,CROSS TRAFFIC(INTERSECTIONS ONLY),1,677510,Cross intersection,2,80,Arterial Highway,MANCHESTER,YARRA RANGES,-37.758575,145.31621,2021,3,March,7,Morning Peak,Weekend
T20210004995,2021-03-07,09:15:00,1,Collision with vehicle,7,Sunday,131,LEFT REAR,1,686077,T intersection,2,50,Local Road,DERBY,MORELAND,-37.71791,144.97273,2021,3,March,9,Morning Peak,Weekend
T20210009521,2021-03-07,12:56:00,4,Collision with a fixed object,7,Sunday,171,LEFT OFF CARRIAGEWAY INTO OBJECT/PARKED VEHICLE,1,730164,Not at intersection,2,100,Local Road,BOWLANDS,GANNAWARRA,-35.921272,144.3029,2021,3,March,12,Midday,Weekend
T20210004994,2021-03-07,06:45:00,1,Collision with vehicle,7,Sunday,148,VEHICLE OFF FOOTPATH STRIKES VEH ON CARRIAGEWAY,1,214,T intersection,2,30,Local Road,ELIZABETH,MELBOURNE,-37.809765,144.9611,2021,3,March,6,Morning Peak,Weekend
T20210005751,2021-03-07,11:45:00,4,Collision with a fixed object,7,Sunday,171,LEFT OFF CARRIAGEWAY INTO OBJECT/PARKED VEHICLE,1,678267,Not at intersection,2,100,Local Road,WHITELAWS,WELLINGTON,-38.51273,146.63072,2021,3,March,11,Midday,Weekend
T20210004984,2021-03-07,04:15:00,6,Vehicle overturned (no collision),7,Sunday,172,OFF CARRIAGEWAY TO RIGHT,5,780848,Not at intersection,3,100,Local Road,WINTER,CAMPASPE,-36.368202,144.81468,2021,3,March,4,Late Night,Weekend
T20210004982,2021-03-07,03:44:00,1,Collision with vehicle,7,Sunday,140,U TURN,3,236714,T intersection,2,40,Local Road,LONSDALE,MELBOURNE,-37.81412,144.9559,2021,3,March,3,Late Night,Weekend
T20210004981,2021-03-07,00:33:00,1,Collision with vehicle,7,Sunday,163,VEHICLE STRIKES DOOR OF PARKED/STATIONARY VEHICLE,3,682217,T intersection,3,40,Local Road,CHAPEL,STONNINGTON,-37.84448,144.99461,2021,3,March,0,Late Night,Weekend
T20210005733,2021-03-07,18:00:00,4,Collision with a fixed object,7,Sunday,173,RIGHT OFF CARRIAGEWAY INTO OBJECT/PARKED VEHICLE,1,693556,Not at intersection,3,60,Local Road,AGAR,MELTON,-37.799393,144.75198,2021,3,March,18,Afternoon Peak,Weekend
T20210004978,2021-03-07,03:25:00,2,Struck Pedestrian,7,Sunday,100,PED NEAR SIDE. PED HIT BY VEHICLE FROM THE RIGHT.,3,35500,Cross intersection,3,40,Arterial Highway,DANDENONG ROAD -QUEENS,STONNINGTON,-37.857506,144.9923,2021,3,March,3,Late Night,Weekend
T20210006182,2021-03-07,17:00:00,4,Collision with a fixed object,7,Sunday,171,LEFT OFF CARRIAGEWAY INTO OBJECT/PARKED VEHICLE,1,678977,Not at intersection,2,100,Local Road,PIGICK-PELLA,HINDMARSH,-35.850914,141.91315,2021,3,March,17,Afternoon Peak,Weekend
T20210005015,2021-03-07,11:43:00,3,Struck animal,7,Sunday,167,STRUCK ANIMAL,1,678410,Not at intersection,2,100,Local Road,BEVERLEYS,EAST GIPPSLAND,-37.7405,147.30788,2021,3,March,11,Midday,Weekend
T20210005017,2021-03-07,12:02:00,1,Collision with vehicle,7,Sunday,132,RIGHT REAR.,1,281176,Multiple intersection,1,60,Freeway,CHANDLER,BOROONDARA,-37.78985,145.02643,2021,3,March,12,Midday,Weekend
T20210005565,2021-03-07,14:30:00,1,Collision with vehicle,7,Sunday,130,REAR END(VEHICLES IN SAME LANE),1,679842,Not at intersection,3,60,Arterial Other,BRUNSWICK,MORELAND,-37.7769,144.95883,2021,3,March,14,Midday,Weekend
T20210005020,2021-03-07,01:49:00,6,Vehicle overturned (no collision),7,Sunday,170,OFF CARRIAGEWAY TO LEFT,5,677321,Not at intersection,1,100,Arterial Highway,STAWELL-WARRACKNABEAL,YARRIAMBIACK,-36.420258,142.55211,2021,3,March,1,Late Night,Weekend
T20210005156,2021-03-07,16:40:00,1,Collision with vehicle,7,Sunday,133,LANE SIDE SWIPE (VEHICLES IN PARALLEL LANES),1,729995,Not at intersection,3,40,Freeway,WESTERN-WESTERN RING OUT,BRIMBANK,-37.769756,144.79486,2021,3,March,16,Afternoon Peak,Weekend
T20210005023,2021-03-07,14:20:00,1,Collision with vehicle,7,Sunday,120,HEAD ON (NOT OVERTAKING),1,680981,T intersection,1,100,Arterial Other,CASTLEMAINE-MALDON,MOUNT ALEXANDER,-37.047977,144.1311,2021,3,March,14,Midday,Weekend
T20210005024,2021-03-07,15:30:00,1,Collision with vehicle,7,Sunday,132,RIGHT REAR.,1,35537,Cross intersection,3,60,Arterial Highway,NEPEAN,BAYSIDE,-37.886272,144.999,2021,3,March,15,Afternoon Peak,Weekend
T20210005029,2021-03-07,14:45:00,1,Collision with vehicle,7,Sunday,120,HEAD ON (NOT OVERTAKING),1,36357,Cross intersection,2,60,Arterial Highway,WARBURTON,YARRA RANGES,-37.777317,145.52399,2021,3,March,14,Midday,Weekend
T20210005031,2021-03-07,12:30:00,1,Collision with vehicle,7,Sunday,137,LEFT TURN SIDESWIPE,1,65003,Cross intersection,3,40,Arterial Highway,ALEXANDRA,YARRA,-37.794052,144.9882,2021,3,March,12,Midday,Weekend
T20210005083,2021-03-07,21:00:00,1,Collision with vehicle,7,Sunday,121,RIGHT THROUGH,3,45008,T intersection,3,60,Arterial Other,MAIN,BRIMBANK,-37.74672,144.8207,2021,3,March,21,Night,Weekend
T20210005032,2021-03-07,17:10:00,1,Collision with vehicle,7,Sunday,140,U TURN,1,682218,T intersection,2,60,Local Road,PRATTS PARK,BENDIGO,-36.759388,144.32472,2021,3,March,17,Afternoon Peak,Weekend
T20210005037,2021-03-07,14:50:00,1,Collision with vehicle,7,Sunday,120,HEAD ON (NOT OVERTAKING),1,691424,Not at intersection,2,100,Arterial Other,WELLINGTON,CARDINIA,-37.955925,145.3823,2021,3,March,14,Midday,Weekend
T20210005041,2021-03-07,19:10:00,1,Collision with vehicle,7,Sunday,110,CROSS TRAFFIC(INTERSECTIONS ONLY),1,53781,Cross intersection,2,80,Local Road,BATTERS,MACEDON RANGES,-37.24571,144.48167,2021,3,March,19,Night,Weekend
T20210005042,2021-03-07,20:26:00,1,Collision with vehicle,7,Sunday,132,RIGHT REAR.,3,43768,T intersection,3,60,Local Road,EXFORD,MELTON,-37.71111,144.57349,2021,3,March,20,Night,Weekend
T20210005043,2021-03-07,17:00:00,8,No collision and no object struck,7,Sunday,180,OFF CARRIAGEWAY ON RIGHT BEND,1,677430,Not at intersection,2,80,Arterial Highway,MELBA,YARRA RANGES,-37.632736,145.404,2021,3,March,17,Afternoon Peak,Weekend
T20210005044,2021-03-07,19:05:00,1,Collision with vehicle,7,Sunday,139,OTHER SAME DIRECTION-MANOUEVRES NOT INCLUDED IN DCAs 130-137,1,678778,Not at intersection,2,50,Local Road,COLQUHOUN,NORTHERN GRAMPIANS,-37.06299,142.78297,2021,3,March,19,Night,Weekend
T20210005114,2021-03-08,18:36:00,1,Collision with vehicle,1,Monday,130,REAR END(VEHICLES IN SAME LANE),1,682440,Not at intersection,3,70,Arterial Other,TAYLORS,BRIMBANK,-37.729202,144.81187,2021,3,March,18,Afternoon Peak,Weekday
T20210005731,2021-03-08,14:15:00,1,Collision with vehicle,1,Monday,130,REAR END(VEHICLES IN SAME LANE),1,680572,Not at intersection,3,100,Freeway,MORNINGTON PENINSULA,MORNINGTON PENINSULA,-38.285854,145.05055,2021,3,March,14,Midday,Weekday
T20210005129,2021-03-08,19:55:00,1,Collision with vehicle,1,Monday,121,RIGHT THROUGH,2,32012,Cross intersection,2,60,Arterial Highway,BURWOOD,WHITEHORSE,-37.850708,145.11993,2021,3,March,19,Night,Weekday
T20210008593,2021-03-08,20:40:00,1,Collision with vehicle,1,Monday,110,CROSS TRAFFIC(INTERSECTIONS ONLY),3,43154,Cross intersection,3,60,Local Road,DANIEL SOLANDER,CASEY,-37.978157,145.25742,2021,3,March,20,Night,Weekday
T20210021795,2021-03-08,09:30:00,4,Collision with a fixed object,1,Monday,171,LEFT OFF CARRIAGEWAY INTO OBJECT/PARKED VEHICLE,1,698313,Not at intersection,3,50,Local Road,SILVAN,GEELONG,-38.067028,144.33974,2021,3,March,9,Morning Peak,Weekday
T20210005107,2021-03-08,16:05:00,1,Collision with vehicle,1,Monday,113,RIGHT NEAR (INTERSECTIONS ONLY),1,677433,T intersection,2,80,Arterial Highway,SUNSHINE,KNOX,-37.93345,145.23212,2021,3,March,16,Afternoon Peak,Weekday
T20210005059,2021-03-08,00:20:00,6,Vehicle overturned (no collision),1,Monday,174,OUT OF CONTROL ON CARRIAGEWAY (ON STRAIGHT),3,682439,Not at intersection,3,60,Local Road,CHURCH,BASS COAST,-38.45233,145.24248,2021,3,March,0,Late Night,Weekday
T20210005106,2021-03-08,12:30:00,4,Collision with a fixed object,1,Monday,181,OFF RIGHT BEND INTO OBJECT/PARKED VEHICLE,1,679372,Not at intersection,2,80,Arterial Highway,GREAT OCEAN,COLAC OTWAY,-38.746597,143.2715,2021,3,March,12,Midday,Weekday
T20210005132,2021-03-08,21:30:00,1,Collision with vehicle,1,Monday,130,REAR END(VEHICLES IN SAME LANE),3,33879,Cross intersection,3,60,Arterial Highway,ST KILDA,PORT PHILLIP,-37.85786,144.9831,2021,3,March,21,Night,Weekday
T20210005105,2021-03-08,16:30:00,1,Collision with vehicle,1,Monday,130,REAR END(VEHICLES IN SAME LANE),1,677594,Not at intersection,2,60,Arterial Highway,RACECOURSE,MELBOURNE,-37.7889,144.93742,2021,3,March,16,Afternoon Peak,Weekday
T20210005135,2021-03-08,21:15:00,4,Collision with a fixed object,1,Monday,181,OFF RIGHT BEND INTO OBJECT/PARKED VEHICLE,3,677958,Multiple intersection,2,100,Freeway,PRINCES-GEELONG RING OUT,GEELONG,-38.204914,144.30212,2021,3,March,21,Night,Weekday
T20210005102,2021-03-08,15:35:00,1,Collision with vehicle,1,Monday,120,HEAD ON (NOT OVERTAKING),1,680940,Not at intersection,2,80,Arterial Highway,WARBURTON,YARRA RANGES,-37.779198,145.4443,2021,3,March,15,Afternoon Peak,Weekday
T20210005154,2021-03-08,14:20:00,1,Collision with vehicle,1,Monday,110,CROSS TRAFFIC(INTERSECTIONS ONLY),1,70472,Cross intersection,3,50,Local Road,FITZROY,WELLINGTON,-37.960606,147.08376,2021,3,March,14,Midday,Weekday
T20210005285,2021-03-08,16:41:00,1,Collision with vehicle,1,Monday,113,RIGHT NEAR (INTERSECTIONS ONLY),1,280692,T intersection,3,60,Arterial Highway,NEPEAN,MORNINGTON PENINSULA,-38.232906,145.04033,2021,3,March,16,Afternoon Peak,Weekday
T20210005468,2021-03-08,14:00:00,6,Vehicle overturned (no collision),1,Monday,184,OUT OF CONTROL ON CARRIAGEWAY (ON BEND),9,679405,Not at intersection,3,80,Freeway,METROPOLITAN RING OUT-GREENSBOROUGH,NILLUMBIK,-37.693542,145.09322,2021,3,March,14,Midday,Weekday
T20210005143,2021-03-08,11:20:00,1,Collision with vehicle,1,Monday,160,VEHICLE COLLIDES WITH VEHICLE PARKED ON LEFT OF ROAD,9,682977,Not at intersection,3,60,Local Road,ORRONG,GLEN EIRA,-37.870434,145.00865,2021,3,March,11,Midday,Weekday
T20210005101,2021-03-08,12:30:00,1,Collision with vehicle,1,Monday,120,HEAD ON (NOT OVERTAKING),1,677763,Not at intersection,2,60,Arterial Highway,GREAT OCEAN,SURF COAST,-38.49776,144.00876,2021,3,March,12,Midday,Weekday
T20210005099,2021-03-08,14:56:00,4,Collision with a fixed object,1,Monday,171,LEFT OFF CARRIAGEWAY INTO OBJECT/PARKED VEHICLE,1,755009,Not at intersection,2,50,Arterial Other,HIGHETT,MANSFIELD,-37.04788,146.089,2021,3,March,14,Midday,Weekday
T20210005098,2021-03-08,15:00:00,1,Collision with vehicle,1,Monday,113,RIGHT NEAR (INTERSECTIONS ONLY),1,42570,Cross intersection,2,60,Arterial Other,POLICE,MONASH,-37.93499,145.17162,2021,3,March,15,Afternoon Peak,Weekday
T20210005097,2021-03-08,15:18:00,1,Collision with vehicle,1,Monday,132,RIGHT REAR.,1,22400,T intersection,3,60,Local Road,ETIWANDA,MILDURA,-34.202137,142.16194,2021,3,March,15,Afternoon Peak,Weekday
T20210005094,2021-03-08,14:40:00,1,Collision with vehicle,1,Monday,110,CROSS TRAFFIC(INTERSECTIONS ONLY),1,49168,Cross intersection,2,50,Local Road,ANDERSON,EAST GIPPSLAND,-37.827297,147.60948,2021,3,March,14,Midday,Weekday
T20210005505,2021-03-08,18:30:00,4,Collision with a fixed object,1,Monday,173,RIGHT OFF CARRIAGEWAY INTO OBJECT/PARKED VEHICLE,1,678082,Cross intersection,3,60,Local Road,OBAN,MAROONDAH,-37.79463,145.24161,2021,3,March,18,Afternoon Peak,Weekday
T20210005092,2021-03-08,12:00:00,4,Collision with a fixed object,1,Monday,175,OFF END OF ROAD/T-INTERSECTION.,1,701634,T intersection,2,50,Local Road,HAMBLEDON,BOROONDARA,-37.83335,145.03021,2021,3,March,12,Midday,Weekday
T20210005090,2021-03-08,12:35:00,4,Collision with a fixed object,1,Monday,181,OFF RIGHT BEND INTO OBJECT/PARKED VEHICLE,1,681653,Not at intersection,2,100,Local Road,CRUSOE,BENDIGO,-36.828102,144.17842,2021,3,March,12,Midday,Weekday
T20210005089,2021-03-08,13:45:00,1,Collision with vehicle,1,Monday,113,RIGHT NEAR (INTERSECTIONS ONLY),1,677511,T intersection,2,60,Arterial Other,RUSSO,YARRA RANGES,-37.80238,145.31201,2021,3,March,13,Midday,Weekday
T20210009509,2021-03-08,07:30:00,5,collision with some other object,1,Monday,166,STRUCK OBJECT ON CARRIAGEWAY,1,683067,Not at intersection,3,100,Freeway,WESTERN,MELTON,-37.748226,144.70953,2021,3,March,7,Morning Peak,Weekday
T20210005118,2021-03-08,19:16:00,6,Vehicle overturned (no collision),1,Monday,174,OUT OF CONTROL ON CARRIAGEWAY (ON STRAIGHT),3,677512,Not at intersection,2,60,Arterial Other,MALVERN,STONNINGTON,-37.853893,145.04765,2021,3,March,19,Night,Weekday
T20210005087,2021-03-08,13:50:00,8,No collision and no object struck,1,Monday,174,OUT OF CONTROL ON CARRIAGEWAY (ON STRAIGHT),1,36972,Cross intersection,3,40,Local Road,COLLINS,MELBOURNE,-37.81477,144.96901,2021,3,March,13,Midday,Weekday
T20210005085,2021-03-08,13:20:00,1,Collision with vehicle,1,Monday,130,REAR END(VEHICLES IN SAME LANE),1,52787,Cross intersection,3,50,Local Road,HOWITT,BALLARAT,-37.543816,143.86111,2021,3,March,13,Midday,Weekday
T20210005287,2021-03-08,14:00:00,1,Collision with vehicle,1,Monday,130,REAR END(VEHICLES IN SAME LANE),1,40713,Cross intersection,2,60,Arterial Highway,BURWOOD,WHITEHORSE,-37.851883,145.1324,2021,3,March,14,Midday,Weekday
T20210006465,2021-03-08,22:50:00,1,Collision with vehicle,1,Monday,110,CROSS TRAFFIC(INTERSECTIONS ONLY),3,360256,Cross intersection,3,60,Arterial Highway,EAGLEHAWK,BENDIGO,-36.746906,144.25824,2021,3,March,22,Night,Weekday
T20210005082,2021-03-08,13:00:00,1,Collision with vehicle,1,Monday,130,REAR END(VEHICLES IN SAME LANE),1,729993,Not at intersection,3,100,Freeway,PRINCES,HOBSONS BAY,-37.868004,144.76926,2021,3,March,13,Midday,Weekday
T20210005081,2021-03-08,12:00:00,3,Struck animal,1,Monday,167,STRUCK ANIMAL,1,729992,Not at intersection,3,80,Freeway,CALDER,BRIMBANK,-37.708992,144.82301,2021,3,March,12,Midday,Weekday
T20210005080,2021-03-08,10:40:00,4,Collision with a fixed object,1,Monday,151,OUT OF CONTROL (OVERTAKING),1,682219,Not at intersection,2,100,Arterial Other,MCEWEN,CAMPASPE,-36.32814,145.03197,2021,3,March,10,Midday,Weekday
T20210005076,2021-03-08,11:38:00,1,Collision with vehicle,1,Monday,121,RIGHT THROUGH,1,30027,Cross intersection,3,50,Arterial Other,RYLEY,WANGARATTA,-36.357933,146.32092,2021,3,March,11,Midday,Weekday
T20210008754,2021-03-08,10:20:00,6,Vehicle overturned (no collision),1,Monday,174,OUT OF CONTROL ON CARRIAGEWAY (ON STRAIGHT),1,35534,T intersection,3,60,Arterial Other,BORONIA,KNOX,-37.86288,145.29161,2021,3,March,10,Midday,Weekday
T20210005075,2021-03-08,12:10:00,1,Collision with vehicle,1,Monday,113,RIGHT NEAR (INTERSECTIONS ONLY),1,249985,T intersection,3,60,Arterial Other,FRANKSTON-FLINDERS,MORNINGTON PENINSULA,-38.2271,145.17873,2021,3,March,12,Midday,Weekday
T20210005146,2021-03-08,22:35:00,4,Collision with a fixed object,1,Monday,171,LEFT OFF CARRIAGEWAY INTO OBJECT/PARKED VEHICLE,5,729994,Not at intersection,3,100,Arterial Other,DONNYBROOK,WHITTLESEA,-37.5548,145.0825,2021,3,March,22,Night,Weekday
T20210005126,2021-03-08,18:15:00,4,Collision with a fixed object,1,Monday,171,LEFT OFF CARRIAGEWAY INTO OBJECT/PARKED VEHICLE,1,677514,Not at intersection,3,60,Local Road,PATULLOS,HUME,-37.620163,144.93253,2021,3,March,18,Afternoon Peak,Weekday
T20210006976,2021-03-08,13:30:00,6,Vehicle overturned (no collision),1,Monday,174,OUT OF CONTROL ON CARRIAGEWAY (ON STRAIGHT),1,36806,Cross intersection,3,60,Local Road,ADDERLEY,MELBOURNE,-37.809635,144.94678,2021,3,March,13,Midday,Weekday
T20210005171,2021-03-08,14:40:00,4,Collision with a fixed object,1,Monday,173,RIGHT OFF CARRIAGEWAY INTO OBJECT/PARKED VEHICLE,1,679407,Not at intersection,3,60,Local Road,CHEDDAR,DAREBIN,-37.704735,145.01665,2021,3,March,14,Midday,Weekday
T20210005125,2021-03-08,16:30:00,1,Collision with vehicle,1,Monday,140,U TURN,1,678690,Not at intersection,3,60,Local Road,MURRAY,BASS COAST,-38.604866,145.59132,2021,3,March,16,Afternoon Peak,Weekday
T20210005335,2021-03-08,15:30:00,6,Vehicle overturned (no collision),1,Monday,174,OUT OF CONTROL ON CARRIAGEWAY (ON STRAIGHT),1,44224,Cross intersection,2,60,Arterial Other,HIGH,WHITTLESEA,-37.648518,145.02585,2021,3,March,15,Afternoon Peak,Weekday
T20210005789,2021-03-08,13:00:00,1,Collision with vehicle,1,Monday,163,VEHICLE STRIKES DOOR OF PARKED/STATIONARY VEHICLE,1,679616,Not at intersection,3,50,Local Road,WESTON,MORELAND,-37.775745,144.96994,2021,3,March,13,Midday,Weekday
T20210008360,2021-03-08,15:35:00,1,Collision with vehicle,1,Monday,130,REAR END(VEHICLES IN SAME LANE),1,680815,Not at intersection,2,100,Arterial Highway,PRINCES HIGHWAY,HOBSONS BAY,-37.823425,144.82542,2021,3,March,15,Afternoon Peak,Weekday
T20210007311,2021-03-08,15:10:00,1,Collision with vehicle,1,Monday,130,REAR END(VEHICLES IN SAME LANE),1,278662,T intersection,3,60,Local Road,DIMBOOLA,HUME,-37.681244,144.91412,2021,3,March,15,Afternoon Peak,Weekday
T20210005526,2021-03-08,22:50:00,1,Collision with vehicle,1,Monday,133,LANE SIDE SWIPE (VEHICLES IN PARALLEL LANES),6,678083,Not at intersection,3,80,Arterial Highway,GREENSBOROUGH,BANYULE,-37.703304,145.08975,2021,3,March,22,Night,Weekday
T20210005119,2021-03-08,18:00:00,4,Collision with a fixed object,1,Monday,183,OFF LEFT BEND INTO OBJECT/PARKED VEHICLE,1,678259,Not at intersection,2,70,Local Road,MACCLESFIELD,YARRA RANGES,-37.846443,145.48495,2021,3,March,18,Afternoon Peak,Weekday
T20210005214,2021-03-08,19:00:00,1,Collision with vehicle,1,Monday,113,RIGHT NEAR (INTERSECTIONS ONLY),1,678692,T intersection,3,70,Arterial Other,PASCOE VALE,MORELAND,-37.72853,144.92389,2021,3,March,19,Night,Weekday
T20210005883,2021-03-08,16:30:00,1,Collision with vehicle,1,Monday,132,RIGHT REAR.,9,42363,T intersection,2,60,Arterial Other,PASCOE VALE,HUME,-37.687893,144.91641,2021,3,March,16,Afternoon Peak,Weekday
T20210005128,2021-03-08,17:30:00,1,Collision with vehicle,1,Monday,121,RIGHT THROUGH,1,223477,T intersection,2,50,Local Road,MENDIP,DAREBIN,-37.72457,145.01549,2021,3,March,17,Afternoon Peak,Weekday
T20210005123,2021-03-08,17:00:00,1,Collision with vehicle,1,Monday,130,REAR END(VEHICLES IN SAME LANE),1,677513,T intersection,3,80,Arterial Highway,PRINCES HIGHWAY,MONASH,-37.889126,145.08168,2021,3,March,17,Afternoon Peak,Weekday
T20210005116,2021-03-08,17:00:00,1,Collision with vehicle,1,Monday,110,CROSS TRAFFIC(INTERSECTIONS ONLY),1,235503,Cross intersection,3,50,Local Road,MAIDA,BRIMBANK,-37.754826,144.83492,2021,3,March,17,Afternoon Peak,Weekday
T20210006986,2021-03-08,15:25:00,1,Collision with vehicle,1,Monday,113,RIGHT NEAR (INTERSECTIONS ONLY),1,293293,Cross intersection,3,80,Arterial Other,DONCASTER,MANNINGHAM,-37.788334,145.10484,2021,3,March,15,Afternoon Peak,Weekday
T20210005169,2021-03-09,06:14:00,1,Collision with vehicle,2,Tuesday,120,HEAD ON (NOT OVERTAKING),5,681547,Not at intersection,2,100,Local Road,MANKS,CARDINIA,-38.18095,145.46259,2021,3,March,6,Morning Peak,Weekday
T20210005167,2021-03-09,08:30:00,6,Vehicle overturned (no collision),2,Tuesday,174,OUT OF CONTROL ON CARRIAGEWAY (ON STRAIGHT),1,683457,Not at intersection,2,70,Arterial Highway,DANDENONG,PORT PHILLIP,-37.859997,145.00748,2021,3,March,8,Morning Peak,Weekday
T20210005196,2021-03-09,12:30:00,2,Struck Pedestrian,2,Tuesday,106,VEH STRIKES PED ON FOOTPATH/MEDIAN/TRAFFIC ISLAND.,1,678691,Not at intersection,3,40,Local Road,BROWN,GEELONG,-38.115505,144.65395,2021,3,March,12,Midday,Weekday
T20210005208,2021-03-09,12:50:00,1,Collision with vehicle,2,Tuesday,121,RIGHT THROUGH,1,281975,T intersection,3,60,Arterial Other,MILLERS,HOBSONS BAY,-37.844063,144.84607,2021,3,March,12,Midday,Weekday
T20210008433,2021-03-09,13:55:00,1,Collision with vehicle,2,Tuesday,130,REAR END(VEHICLES IN SAME LANE),1,681127,Not at intersection,3,40,Local Road,TUCKER,GLEN EIRA,-37.90771,145.05309,2021,3,March,13,Midday,Weekday
T20210005181,2021-03-09,06:41:00,1,Collision with vehicle,2,Tuesday,111,RIGHT FAR (INTERSECTIONS ONLY),3,780861,Cross intersection,3,60,Arterial Highway,WARRIGAL,KINGSTON,-37.982143,145.07137,2021,3,March,6,Morning Peak,Weekday
T20210005207,2021-03-09,11:04:00,2,Struck Pedestrian,2,Tuesday,100,PED NEAR SIDE. PED HIT BY VEHICLE FROM THE RIGHT.,1,45175,Cross intersection,2,60,Arterial Highway,BASS,BASS COAST,-38.40758,145.53038,2021,3,March,11,Midday,Weekday
T20210005161,2021-03-09,07:07:00,1,Collision with vehicle,2,Tuesday,136,RIGHT TURN SIDESWIPE,1,66356,T intersection,2,60,Local Road,HUME,WYNDHAM,-37.825726,144.79675,2021,3,March,7,Morning Peak,Weekday
T20210005206,2021-03-09,08:20:00,4,Collision with a fixed object,2,Tuesday,181,OFF RIGHT BEND INTO OBJECT/PARKED VEHICLE,1,677549,Not at intersection,1,100,Arterial Other,COBDEN-STONYFORD,CORANGAMITE,-38.320072,143.09239,2021,3,March,8,Morning Peak,Weekday
T20210005204,2021-03-09,11:41:00,1,Collision with vehicle,2,Tuesday,110,CROSS TRAFFIC(INTERSECTIONS ONLY),1,681692,Cross intersection,3,50,Arterial Highway,GOWER,DAREBIN,-37.74256,145.02269,2021,3,March,11,Midday,Weekday
T20210005191,2021-03-09,12:50:00,1,Collision with vehicle,2,Tuesday,130,REAR END(VEHICLES IN SAME LANE),1,678168,Not at intersection,3,60,Arterial Other,WAVERLEY,MOONEE VALLEY,-37.76146,144.90623,2021,3,March,12,Midday,Weekday
T20210006469,2021-03-09,17:25:00,1,Collision with vehicle,2,Tuesday,130,REAR END(VEHICLES IN SAME LANE),9,37600,Cross intersection,2,60,Arterial Other,ST KILDA,MELBOURNE,-37.84772,144.97974,2021,3,March,17,Afternoon Peak,Weekday
T20210005392,2021-03-09,06:40:00,1,Collision with vehicle,2,Tuesday,130,REAR END(VEHICLES IN SAME LANE),2,685114,Not at intersection,3,60,Arterial Other,SAYERS,WYNDHAM,-37.85205,144.72346,2021,3,March,6,Morning Peak,Weekday
T20210005249,2021-03-09,21:39:00,1,Collision with vehicle,2,Tuesday,169,OTHER ON PATH,3,677842,Not at intersection,3,50,Local Road,WESTON,MORELAND,-37.776093,144.97305,2021,3,March,21,Night,Weekday
T20210005245,2021-03-09,04:46:00,4,Collision with a fixed object,2,Tuesday,173,RIGHT OFF CARRIAGEWAY INTO OBJECT/PARKED VEHICLE,5,685479,Not at intersection,2,100,Freeway,PRINCES,CARDINIA,-38.08214,145.75174,2021,3,March,4,Late Night,Weekday
T20210005219,2021-03-09,16:18:00,2,Struck Pedestrian,2,Tuesday,102,FAR SIDE. PED HIT BY VEHICLE FROM THE LEFT,1,47705,Multiple intersection,3,70,Arterial Highway,PRINCES,GEELONG,-38.084167,144.35867,2021,3,March,16,Afternoon Peak,Weekday