ACCIDENT_NO,ACCIDENT_DATE,ACCIDENT_TIME,ACCIDENT_TYPE,ACCIDENT_TYPE_DESC,DAY_OF_WEEK,DAY_WEEK_DESC,DCA_CODE,DCA_DESC,LIGHT_CONDITION,NODE_ID,ROAD_GEOMETRY_DESC,SEVERITY,SPEED_ZONE,RMA,ROAD_NAME,LGA_NAME,LATITUDE,LONGITUDE,YEAR,MONTH,MONTH_NAME,HOUR,TIME_PERIOD,DAY_TYPE
T20210005330,2021-03-09,07:20:00,4,Collision with a fixed object,2,Tuesday,171,LEFT OFF CARRIAGEWAY INTO OBJECT/PARKED VEHICLE,1,730004,Not at intersection,3,100,Arterial Highway,GLENELG,CORANGAMITE,-37.682903,143.3913,2021,3,March,7,Morning Peak,Weekday
T20210005176,2021-03-09,11:39:00,1,Collision with vehicle,2,Tuesday,145,REVERSING IN STREAM OF TRAFFIC,1,677596,T intersection,3,70,Arterial Other,MICKLEHAM,HUME,-37.67799,144.8841,2021,3,March,11,Midday,Weekday
T20210005172,2021-03-09,11:17:00,4,Collision with a fixed object,2,Tuesday,173,RIGHT OFF CARRIAGEWAY INTO OBJECT/PARKED VEHICLE,1,678076,Not at intersection,2,100,Freeway,SOUTH GIPPSLAND IN-MONASH IN,CASEY,-37.98754,145.25052,2021,3,March,11,Midday,Weekday
T20210005243,2021-03-09,20:35:00,2,Struck Pedestrian,2,Tuesday,101,PED EMERGES FROM IN FRONT OF PARKED OR STATIONARY VEHICLE,3,689425,Not at intersection,3,50,Local Road,BRUSH,WHITTLESEA,-37.636795,145.02971,2021,3,March,20,Night,Weekday
T20210005242,2021-03-09,21:20:00,4,Collision with a fixed object,2,Tuesday,149,OTHER MANOEUVRING NOT INCLUDED IN DCAs 140-148,3,677720,Not at intersection,2,50,Local Road,KOKARIBB,GLEN EIRA,-37.887005,145.0562,2021,3,March,21,Night,Weekday
T20210005241,2021-03-09,19:30:00,1,Collision with vehicle,2,Tuesday,130,REAR END(VEHICLES IN SAME LANE),1,677913,Not at intersection,3,80,Freeway,CITYLINK,MOONEE VALLEY,-37.732903,144.91278,2021,3,March,19,Night,Weekday
T20210005240,2021-03-09,16:19:00,1,Collision with vehicle,2,Tuesday,130,REAR END(VEHICLES IN SAME LANE),1,44959,T intersection,3,60,Arterial Other,CAMP,HUME,-37.687107,144.93474,2021,3,March,16,Afternoon Peak,Weekday
T20210005239,2021-03-09,10:25:00,1,Collision with vehicle,2,Tuesday,137,LEFT TURN SIDESWIPE,1,42779,T intersection,2,60,Arterial Other,BEACH,KINGSTON,-37.99423,145.06908,2021,3,March,10,Midday,Weekday
T20210010635,2021-03-09,09:20:00,1,Collision with vehicle,2,Tuesday,130,REAR END(VEHICLES IN SAME LANE),1,41931,T intersection,3,40,Arterial Other,DORSET,KNOX,-37.879887,145.28462,2021,3,March,9,Morning Peak,Weekday
T20210006725,2021-03-09,06:15:00,1,Collision with vehicle,2,Tuesday,130,REAR END(VEHICLES IN SAME LANE),3,679501,Not at intersection,3,100,Freeway,CALDER,BRIMBANK,-37.68967,144.79282,2021,3,March,6,Morning Peak,Weekday
T20210005233,2021-03-09,15:00:00,4,Collision with a fixed object,2,Tuesday,171,LEFT OFF CARRIAGEWAY INTO OBJECT/PARKED VEHICLE,1,683572,Not at intersection,2,80,Freeway,MONASH,MONASH,-37.885742,145.10147,2021,3,March,15,Afternoon Peak,Weekday
T20210005157,2021-03-09,06:45:00,1,Collision with vehicle,2,Tuesday,121,RIGHT THROUGH,2,296274,T intersection,2,80,Arterial Other,BELGRAVE-HALLAM ROAD -HALLAM NORTH,CASEY,-37.990284,145.27638,2021,3,March,6,Morning Peak,Weekday
T20210005229,2021-03-09,18:00:00,4,Collision with a fixed object,2,Tuesday,171,LEFT OFF CARRIAGEWAY INTO OBJECT/PARKED VEHICLE,1,681266,Not at intersection,3,100,Local Road,LIMA,BENALLA,-36.741203,145.95633,2021,3,March,18,Afternoon Peak,Weekday
T20210005227,2021-03-09,16:50:00,2,Struck Pedestrian,2,Tuesday,100,PED NEAR SIDE. PED HIT BY VEHICLE FROM THE RIGHT.,1,679337,Not at intersection,2,50,Local Road,WHITEMAN,MELBOURNE,-37.826443,144.95596,2021,3,March,16,Afternoon Peak,Weekday
T20210005226,2021-03-09,16:50:00,4,Collision with a fixed object,2,Tuesday,171,LEFT OFF CARRIAGEWAY INTO OBJECT/PARKED VEHICLE,1,677684,Not at intersection,2,100,Arterial Highway,MIDLAND,GOLDEN PLAINS,-38.047184,144.19792,2021,3,March,16,Afternoon Peak,Weekday
T20210005223,2021-03-09,08:05:00,1,Collision with vehicle,2,Tuesday,130,REAR END(VEHICLES IN SAME LANE),1,677597,Not at intersection,3,80,Arterial Other,CRANBOURNE,CASEY,-38.02672,145.30653,2021,3,March,8,Morning Peak,Weekday
T20210005220,2021-03-09,16:40:00,1,Collision with vehicle,2,Tuesday,110,CROSS TRAFFIC(INTERSECTIONS ONLY),1,45336,Cross intersection,3,100,Local Road,MANKS,CASEY,-38.17196,145.39323,2021,3,March,16,Afternoon Peak,Weekday
T20210015433,2021-03-09,19:26:00,1,Collision with vehicle,2,Tuesday,130,REAR END(VEHICLES IN SAME LANE),1,303572,Not at intersection,3,60,Local Road,MORRIS,WYNDHAM,-37.846478,144.70709,2021,3,March,19,Night,Weekday
T20210011789,2021-03-09,16:05:00,1,Collision with vehicle,2,Tuesday,110,CROSS TRAFFIC(INTERSECTIONS ONLY),1,687114,Cross intersection,3,40,Local Road,CHAPEL,MOIRA,-36.05723,145.20813,2021,3,March,16,Afternoon Peak,Weekday
T20210006996,2021-03-09,08:50:00,1,Collision with vehicle,2,Tuesday,113,RIGHT NEAR (INTERSECTIONS ONLY),1,318494,T intersection,3,40,Local Road,RIVERSIDE,WHITTLESEA,-37.652775,145.09601,2021,3,March,8,Morning Peak,Weekday
T20210005634,2021-03-09,16:00:00,1,Collision with vehicle,2,Tuesday,130,REAR END(VEHICLES IN SAME LANE),1,680363,Not at intersection,3,60,Arterial Other,FRANKSTON-FLINDERS,MORNINGTON PENINSULA,-38.285152,145.18721,2021,3,March,16,Afternoon Peak,Weekday
T20210005199,2021-03-09,11:20:00,2,Struck Pedestrian,2,Tuesday,101,PED EMERGES FROM IN FRONT OF PARKED OR STATIONARY VEHICLE,1,39334,T intersection,3,60,Arterial Other,DONCASTER,MANNINGHAM,-37.787403,145.12932,2021,3,March,11,Midday,Weekday
T20210005160,2021-03-09,08:39:00,1,Collision with vehicle,2,Tuesday,130,REAR END(VEHICLES IN SAME LANE),1,679690,Not at intersection,2,80,Freeway,MORNINGTON PENINSULA,KINGSTON,-38.042267,145.14093,2021,3,March,8,Morning Peak,Weekday
T20210005166,2021-03-09,09:30:00,1,Collision with vehicle,2,Tuesday,130,REAR END(VEHICLES IN SAME LANE),1,682246,Not at intersection,2,60,Local Road,TUCKER,GEELONG,-38.17913,144.36766,2021,3,March,9,Morning Peak,Weekday
T20210005164,2021-03-09,08:05:00,1,Collision with vehicle,2,Tuesday,130,REAR END(VEHICLES IN SAME LANE),1,686335,Not at intersection,3,100,Freeway,SPRINGVALE-EASTERN IN,WHITEHORSE,-37.80418,145.17323,2021,3,March,8,Morning Peak,Weekday
T20210005162,2021-03-09,08:15:00,1,Collision with vehicle,2,Tuesday,113,RIGHT NEAR (INTERSECTIONS ONLY),1,57548,T intersection,2,80,Arterial Highway,BURWOOD,KNOX,-37.888683,145.2913,2021,3,March,8,Morning Peak,Weekday
T20210008122,2021-03-09,15:25:00,1,Collision with vehicle,2,Tuesday,130,REAR END(VEHICLES IN SAME LANE),1,730109,Not at intersection,3,100,Freeway,WEST GATE OUT-GRIEVE,HOBSONS BAY,-37.8259,144.83124,2021,3,March,15,Afternoon Peak,Weekday
T20210005216,2021-03-09,16:30:00,1,Collision with vehicle,2,Tuesday,119,OTHER ADJACENT (INTERSECTIONS ONLY),1,1176,T intersection,3,80,Arterial Other,PRINCES,CARDINIA,-38.071945,145.48506,2021,3,March,16,Afternoon Peak,Weekday
T20210005217,2021-03-09,16:05:00,1,Collision with vehicle,2,Tuesday,130,REAR END(VEHICLES IN SAME LANE),1,684990,Not at intersection,2,80,Arterial Other,CARDINIA,CARDINIA,-38.083145,145.43321,2021,3,March,16,Afternoon Peak,Weekday
T20210005218,2021-03-09,16:37:00,6,Vehicle overturned (no collision),2,Tuesday,170,OFF CARRIAGEWAY TO LEFT,1,677765,Not at intersection,2,100,Arterial Other,BENDIGO-MARYBOROUGH,CENTRAL GOLDFIELDS,-36.943497,143.79105,2021,3,March,16,Afternoon Peak,Weekday
T20210007111,2021-03-09,15:15:00,1,Collision with vehicle,2,Tuesday,130,REAR END(VEHICLES IN SAME LANE),1,912,Cross intersection,3,60,Arterial Other,SEAFORD,FRANKSTON,-38.110058,145.14236,2021,3,March,15,Afternoon Peak,Weekday
T20210005273,2021-03-09,14:20:00,1,Collision with vehicle,2,Tuesday,140,U TURN,1,681077,Not at intersection,3,60,Arterial Other,SETTLEMENT,WHITTLESEA,-37.688553,145.01895,2021,3,March,14,Midday,Weekday
T20210005265,2021-03-09,16:20:00,1,Collision with vehicle,2,Tuesday,130,REAR END(VEHICLES IN SAME LANE),1,730002,Not at intersection,2,80,Freeway,MONASH,MONASH,-37.925777,145.18068,2021,3,March,16,Afternoon Peak,Weekday
T20210010728,2021-03-09,12:41:00,1,Collision with vehicle,2,Tuesday,134,LANE CHANGE RIGHT (NOT OVERTAKING),1,683324,T intersection,2,80,Arterial Highway,FRANKSTON-DANDENONG,FRANKSTON,-38.099785,145.17223,2021,3,March,12,Midday,Weekday
T20210005221,2021-03-09,16:35:00,1,Collision with vehicle,2,Tuesday,130,REAR END(VEHICLES IN SAME LANE),1,729998,Not at intersection,2,80,Arterial Other,PORTARLINGTON,GEELONG,-38.174072,144.45644,2021,3,March,16,Afternoon Peak,Weekday
T20210005183,2021-03-09,06:42:00,4,Collision with a fixed object,2,Tuesday,173,RIGHT OFF CARRIAGEWAY INTO OBJECT/PARKED VEHICLE,2,729997,Not at intersection,3,60,Arterial Highway,MAROONDAH,MAROONDAH,-37.81719,145.21352,2021,3,March,6,Morning Peak,Weekday
T20210005155,2021-03-09,07:00:00,1,Collision with vehicle,2,Tuesday,110,CROSS TRAFFIC(INTERSECTIONS ONLY),2,45274,Cross intersection,2,50,Local Road,MCCRACKEN,MOONEE VALLEY,-37.75061,144.9035,2021,3,March,7,Morning Peak,Weekday
T20210006037,2021-03-09,07:20:00,1,Collision with vehicle,2,Tuesday,130,REAR END(VEHICLES IN SAME LANE),1,683447,Not at intersection,3,100,Freeway,CALDER,BRIMBANK,-37.694656,144.80083,2021,3,March,7,Morning Peak,Weekday
T20210005983,2021-03-09,14:50:00,1,Collision with vehicle,2,Tuesday,130,REAR END(VEHICLES IN SAME LANE),1,351849,Cross intersection,3,80,Arterial Other,RESERVOIR,HUME,-37.643764,144.92908,2021,3,March,14,Midday,Weekday
T20210008443,2021-03-09,09:19:00,1,Collision with vehicle,2,Tuesday,130,REAR END(VEHICLES IN SAME LANE),1,683253,Not at intersection,3,60,Arterial Other,MERRI,DAREBIN,-37.77898,144.99112,2021,3,March,9,Morning Peak,Weekday
T20210005212,2021-03-09,15:00:00,1,Collision with vehicle,2,Tuesday,131,LEFT REAR,1,37532,T intersection,3,60,Arterial Other,FITZGERALD,BRIMBANK,-37.8097,144.7878,2021,3,March,15,Afternoon Peak,Weekday
T20210006729,2021-03-10,16:10:00,1,Collision with vehicle,3,Wednesday,135,LANE CHANGE LEFT (NOT OVERTAKING),1,685293,Not at intersection,2,80,Freeway,MONASH,STONNINGTON,-37.849804,145.04881,2021,3,March,16,Afternoon Peak,Weekday
T20210005810,2021-03-10,18:00:00,1,Collision with vehicle,3,Wednesday,131,LEFT REAR,1,678184,T intersection,2,40,Local Road,SOVEREIGN,GEELONG,-38.21739,144.32613,2021,3,March,18,Afternoon Peak,Weekday
T20210007768,2021-03-10,15:30:00,1,Collision with vehicle,3,Wednesday,142,LEAVING PARKING,9,681023,Not at intersection,3,60,Arterial Other,BURWOOD,YARRA RANGES,-37.909733,145.35376,2021,3,March,15,Afternoon Peak,Weekday
T20210005278,2021-03-10,10:52:00,1,Collision with vehicle,3,Wednesday,121,RIGHT THROUGH,1,65772,Cross intersection,2,40,Local Road,LA TROBE,MELBOURNE,-37.81104,144.9589,2021,3,March,10,Midday,Weekday
T20210005305,2021-03-10,15:30:00,1,Collision with vehicle,3,Wednesday,111,RIGHT FAR (INTERSECTIONS ONLY),1,68004,T intersection,3,40,Arterial Other,BALACLAVA,GLEN EIRA,-37.870968,145.0111,2021,3,March,15,Afternoon Peak,Weekday
T20210005267,2021-03-10,08:40:00,2,Struck Pedestrian,3,Wednesday,100,PED NEAR SIDE. PED HIT BY VEHICLE FROM THE RIGHT.,1,39861,Cross intersection,3,50,Arterial Other,POINT COOK,HOBSONS BAY,-37.882603,144.75684,2021,3,March,8,Morning Peak,Weekday
T20210021020,2021-03-10,20:54:00,2,Struck Pedestrian,3,Wednesday,103,PED PLAYING/LYING/WORKING/STANDING ON CARRIAGEWAY.,3,695020,Not at intersection,2,40,Local Road,ELIZABETH,MELBOURNE,-37.809536,144.961,2021,3,March,20,Night,Weekday
T20210005277,2021-03-10,07:55:00,4,Collision with a fixed object,3,Wednesday,183,OFF LEFT BEND INTO OBJECT/PARKED VEHICLE,1,685039,Not at intersection,2,100,Arterial Other,ARARAT-ST ARNAUD,NORTHERN GRAMPIANS,-36.726334,143.15422,2021,3,March,7,Morning Peak,Weekday
T20210005284,2021-03-10,11:47:00,1,Collision with vehicle,3,Wednesday,116,LEFT NEAR (INTERSECTIONS ONLY),1,43103,T intersection,2,60,Local Road,BOX,DANDENONG,-37.99593,145.22464,2021,3,March,11,Midday,Weekday
T20210005387,2021-03-10,16:10:00,1,Collision with vehicle,3,Wednesday,148,VEHICLE OFF FOOTPATH STRIKES VEH ON CARRIAGEWAY,1,681081,Not at intersection,3,60,Arterial Other,HIGH,DAREBIN,-37.712814,145.00826,2021,3,March,16,Afternoon Peak,Weekday
T20210006364,2021-03-10,08:55:00,1,Collision with vehicle,3,Wednesday,130,REAR END(VEHICLES IN SAME LANE),1,681962,T intersection,3,40,Arterial Other,MURPHY STREET -RYLEY,WANGARATTA,-36.35666,146.32451,2021,3,March,8,Morning Peak,Weekday
T20210005250,2021-03-10,00:48:00,4,Collision with a fixed object,3,Wednesday,198,OTHER ACCIDENTS NOT CLASSIFIABLE ELSEWHERE,3,679763,Not at intersection,3,60,Arterial Other,KARINGAL,BANYULE,-37.702583,145.12462,2021,3,March,0,Late Night,Weekday
T20210005297,2021-03-10,15:15:00,1,Collision with vehicle,3,Wednesday,121,RIGHT THROUGH,1,37719,Cross intersection,3,40,Arterial Other,CHAPEL,STONNINGTON,-37.8395,144.99562,2021,3,March,15,Afternoon Peak,Weekday
T20210005380,2021-03-10,08:08:00,1,Collision with vehicle,3,Wednesday,130,REAR END(VEHICLES IN SAME LANE),1,677767,Not at intersection,3,100,Freeway,EASTERN,WHITEHORSE,-37.802845,145.16708,2021,3,March,8,Morning Peak,Weekday
T20210007371,2021-03-10,15:45:00,1,Collision with vehicle,3,Wednesday,132,RIGHT REAR.,1,42288,T intersection,3,60,Arterial Other,CENTRE,GLEN EIRA,-37.922916,145.07309,2021,3,March,15,Afternoon Peak,Weekday
T20210005280,2021-03-10,11:39:00,1,Collision with vehicle,3,Wednesday,121,RIGHT THROUGH,1,1301,T intersection,2,80,Arterial Other,SYDNEY,HUME,-37.663265,144.95428,2021,3,March,11,Midday,Weekday
T20210005372,2021-03-10,22:34:00,6,Vehicle overturned (no collision),3,Wednesday,170,OFF CARRIAGEWAY TO LEFT,5,773436,Not at intersection,2,100,Local Road,SELLINGS,WELLINGTON,-37.91116,146.97688,2021,3,March,22,Night,Weekday
T20210005303,2021-03-10,15:31:00,1,Collision with vehicle,3,Wednesday,113,RIGHT NEAR (INTERSECTIONS ONLY),1,57019,T intersection,3,60,Local Road,CUNNINGHAM,CARDINIA,-38.073784,145.47476,2021,3,March,15,Afternoon Peak,Weekday
T20210005302,2021-03-10,14:00:00,1,Collision with vehicle,3,Wednesday,113,RIGHT NEAR (INTERSECTIONS ONLY),1,156,T intersection,2,50,Arterial Highway,KINGS,MELBOURNE,-37.824352,144.95853,2021,3,March,14,Midday,Weekday
T20210005567,2021-03-10,21:00:00,2,Struck Pedestrian,3,Wednesday,102,FAR SIDE. PED HIT BY VEHICLE FROM THE LEFT,6,678172,Cross intersection,3,30,Local Road,TARNEIT,WYNDHAM,-37.842453,144.6707,2021,3,March,21,Night,Weekday
T20210005296,2021-03-10,15:15:00,1,Collision with vehicle,3,Wednesday,121,RIGHT THROUGH,1,42803,T intersection,3,60,Arterial Other,GAFFNEY,MORELAND,-37.733517,144.96024,2021,3,March,15,Afternoon Peak,Weekday
T20210005255,2021-03-10,08:14:00,1,Collision with vehicle,3,Wednesday,148,VEHICLE OFF FOOTPATH STRIKES VEH ON CARRIAGEWAY,1,783152,Cross intersection,3,70,Local Road,HAVERFIELD,CAMPASPE,-36.14042,144.74664,2021,3,March,8,Morning Peak,Weekday
T20210005254,2021-03-10,06:20:00,2,Struck Pedestrian,3,Wednesday,100,PED NEAR SIDE. PED HIT BY VEHICLE FROM THE RIGHT.,2,677685,Cross intersection,3,60,Arterial Highway,DANDENONG,MONASH,-37.900726,145.10551,2021,3,March,6,Morning Peak,Weekday
T20210005263,2021-03-10,04:45:00,6,Vehicle overturned (no collision),3,Wednesday,180,OFF CARRIAGEWAY ON RIGHT BEND,5,678169,Not at intersection,2,100,Arterial Other,BONEO,MORNINGTON PENINSULA,-38.47952,144.94853,2021,3,March,4,Late Night,Weekday
T20210005346,2021-03-10,23:32:00,1,Collision with vehicle,3,Wednesday,133,LANE SIDE SWIPE (VEHICLES IN PARALLEL LANES),3,677914,Not at intersection,2,80,Arterial Highway,DANDENONG,DANDENONG,-38.004025,145.21729,2021,3,March,23,Night,Weekday
T20210006614,2021-03-10,10:40:00,2,Struck Pedestrian,3,Wednesday,104,PED WALKING WITH TRAFFIC,1,773318,T intersection,3,50,Local Road,REGENT,DAREBIN,-37.72954,144.993,2021,3,March,10,Midday,Weekday
T20210005322,2021-03-10,18:34:00,1,Collision with vehicle,3,Wednesday,133,LANE SIDE SWIPE (VEHICLES IN PARALLEL LANES),1,35623,T intersection,2,60,Arterial Highway,STUD,DANDENONG,-37.978683,145.22197,2021,3,March,18,Afternoon Peak,Weekday
T20210005341,2021-03-10,21:05:00,4,Collision with a fixed object,3,Wednesday,171,LEFT OFF CARRIAGEWAY INTO OBJECT/PARKED VEHICLE,3,684840,Not at intersection,2,70,Arterial Other,OLD GEELONG ROAD SERVICE,WYNDHAM,-37.87107,144.72752,2021,3,March,21,Night,Weekday
T20210005340,2021-03-10,19:55:00,1,Collision with vehicle,3,Wednesday,120,HEAD ON (NOT OVERTAKING),2,681078,Not at intersection,3,100,Freeway,CALDER,BENDIGO,-36.902092,144.2182,2021,3,March,19,Night,Weekday
T20210005333,2021-03-10,16:00:00,1,Collision with vehicle,3,Wednesday,171,LEFT OFF CARRIAGEWAY INTO OBJECT/PARKED VEHICLE,1,678078,Not at intersection,1,100,Freeway,MONASH,CASEY,-37.98019,145.24341,2021,3,March,16,Afternoon Peak,Weekday
T20210005259,2021-03-10,08:38:00,2,Struck Pedestrian,3,Wednesday,108,PED STRUCK WALKING TO/FROM OR BOARDING/ALIGHTING VEHICLE.,1,680362,Not at intersection,2,40,Local Road,DRYDEN,MANNINGHAM,-37.782898,145.16016,2021,3,March,8,Morning Peak,Weekday
T20210005329,2021-03-10,15:50:00,1,Collision with vehicle,3,Wednesday,150,HEAD ON(OVERTAKING),1,681219,Not at intersection,2,100,Arterial Other,WODONGA-YACKANDANDAH,INDIGO,-36.279636,146.89062,2021,3,March,15,Afternoon Peak,Weekday
T20210006143,2021-03-10,15:10:00,1,Collision with vehicle,3,Wednesday,130,REAR END(VEHICLES IN SAME LANE),1,692689,T intersection,3,60,Arterial Other,KINGSBURY,DAREBIN,-37.72767,145.0528,2021,3,March,15,Afternoon Peak,Weekday
T20210005324,2021-03-10,18:00:00,1,Collision with vehicle,3,Wednesday,130,REAR END(VEHICLES IN SAME LANE),2,677602,Not at intersection,3,60,Arterial Other,GRIMSHAW,BANYULE,-37.70361,145.09384,2021,3,March,18,Afternoon Peak,Weekday
T20210005293,2021-03-10,08:38:00,1,Collision with vehicle,3,Wednesday,110,CROSS TRAFFIC(INTERSECTIONS ONLY),1,44394,Cross intersection,2,100,Local Road,BROWN,CARDINIA,-38.048187,145.41765,2021,3,March,8,Morning Peak,Weekday
T20210005313,2021-03-10,16:55:00,1,Collision with vehicle,3,Wednesday,121,RIGHT THROUGH,1,46240,Multiple intersection,3,70,Freeway,MELTON,MELTON,-37.693317,144.6043,2021,3,March,16,Afternoon Peak,Weekday
T20210005312,2021-03-10,16:20:00,1,Collision with vehicle,3,Wednesday,152,PULLING OUT (OVERTAKING),1,730003,Not at intersection,3,100,Local Road,POUND,WELLINGTON,-38.5903,146.75084,2021,3,March,16,Afternoon Peak,Weekday
T20210005311,2021-03-10,14:05:00,1,Collision with vehicle,3,Wednesday,160,VEHICLE COLLIDES WITH VEHICLE PARKED ON LEFT OF ROAD,1,683358,Not at intersection,2,60,Arterial Other,CENTRE,GLEN EIRA,-37.921707,145.06337,2021,3,March,14,Midday,Weekday
T20210005798,2021-03-10,02:05:00,1,Collision with vehicle,3,Wednesday,160,VEHICLE COLLIDES WITH VEHICLE PARKED ON LEFT OF ROAD,3,730017,Not at intersection,3,50,Local Road,THE CREST,FRANKSTON,-38.1598,145.1183,2021,3,March,2,Late Night,Weekday
T20210005292,2021-03-10,11:30:00,1,Collision with vehicle,3,Wednesday,132,RIGHT REAR.,1,72089,T intersection,2,60,Local Road,BLOOM,FRANKSTON,-38.15355,145.14397,2021,3,March,11,Midday,Weekday
T20210006575,2021-03-10,09:00:00,1,Collision with vehicle,3,Wednesday,132,RIGHT REAR.,1,679240,T intersection,3,50,Local Road,LAWRENCE,WODONGA,-36.124,146.88428,2021,3,March,9,Morning Peak,Weekday
T20210014401,2021-03-10,12:00:00,1,Collision with vehicle,3,Wednesday,130,REAR END(VEHICLES IN SAME LANE),1,701038,T intersection,3,80,Local Road,VERNEY,SHEPPARTON,-36.34419,145.41579,2021,3,March,12,Midday,Weekday
T20210005291,2021-03-10,13:00:00,1,Collision with vehicle,3,Wednesday,123,RIGHT/LEFT. ONE VEH TURNING RIGHT THE OTHER LEFT.,1,40202,Cross intersection,3,60,Arterial Other,BALACLAVA,GLEN EIRA,-37.87066,145.0086,2021,3,March,13,Midday,Weekday
T20210005289,2021-03-10,12:12:00,1,Collision with vehicle,3,Wednesday,130,REAR END(VEHICLES IN SAME LANE),1,689024,Not at intersection,2,80,Arterial Other,HEATHERTON,CASEY,-37.97227,145.2353,2021,3,March,12,Midday,Weekday
T20210005288,2021-03-10,03:19:00,4,Collision with a fixed object,3,Wednesday,173,RIGHT OFF CARRIAGEWAY INTO OBJECT/PARKED VEHICLE,3,685599,Not at intersection,1,80,Arterial Highway,NEPEAN,KINGSTON,-37.98236,145.07278,2021,3,March,3,Late Night,Weekday
T20210005740,2021-03-10,16:30:00,1,Collision with vehicle,3,Wednesday,132,RIGHT REAR.,1,678178,T intersection,3,60,Arterial Other,EASTBOURNE,MORNINGTON PENINSULA,-38.367332,144.88403,2021,3,March,16,Afternoon Peak,Weekday
T20210005971,2021-03-10,11:46:00,1,Collision with vehicle,3,Wednesday,130,REAR END(VEHICLES IN SAME LANE),1,764212,Not at intersection,3,60,Arterial Other,PASCOE VALE,HUME,-37.675465,144.92285,2021,3,March,11,Midday,Weekday
T20210005384,2021-03-11,08:20:00,1,Collision with vehicle,4,Thursday,121,RIGHT THROUGH,1,65200,T intersection,2,60,Local Road,ADELAIDE,MARIBYRNONG,-37.798435,144.88693,2021,3,March,8,Morning Peak,Weekday
T20210005435,2021-03-11,23:20:00,1,Collision with vehicle,4,Thursday,121,RIGHT THROUGH,3,29607,Cross intersection,3,60,Arterial Other,WATTLETREE,STONNINGTON,-37.86391,145.04013,2021,3,March,23,Night,Weekday
T20210005359,2021-03-11,07:25:00,1,Collision with vehicle,4,Thursday,131,LEFT REAR,1,17876,T intersection,3,100,Arterial Highway,MAROONDAH,MURRINDINDI,-37.353283,145.7117,2021,3,March,7,Morning Peak,Weekday
T20210005400,2021-03-11,16:01:00,1,Collision with vehicle,4,Thursday,120,HEAD ON (NOT OVERTAKING),1,681017,Not at intersection,2,80,Arterial Other,SYDNEY,BENALLA,-36.54287,146.01088,2021,3,March,16,Afternoon Peak,Weekday
T20210005357,2021-03-11,05:45:00,1,Collision with vehicle,4,Thursday,169,OTHER ON PATH,3,682041,T intersection,3,50,Local Road,WILLORA,CASEY,-38.10288,145.25598,2021,3,March,5,Morning Peak,Weekday
T20210005353,2021-03-11,07:30:00,4,Collision with a fixed object,4,Thursday,181,OFF RIGHT BEND INTO OBJECT/PARKED VEHICLE,1,682247,Not at intersection,3,100,Arterial Highway,MURRAY VALLEY,MOIRA,-35.996174,145.93317,2021,3,March,7,Morning Peak,Weekday
T20210005351,2021-03-11,06:34:00,1,Collision with vehicle,4,Thursday,154,PULLING OUT -REAR END,2,55890,Cross intersection,3,80,Freeway,WESTERN,BALLARAT,-37.563564,143.93198,2021,3,March,6,Morning Peak,Weekday
T20210005349,2021-03-11,06:25:00,2,Struck Pedestrian,4,Thursday,100,PED NEAR SIDE. PED HIT BY VEHICLE FROM THE RIGHT.,3,677687,Cross intersection,3,40,Arterial Other,KING,MELBOURNE,-37.80917,144.95232,2021,3,March,6,Morning Peak,Weekday
T20210005347,2021-03-11,00:30:00,4,Collision with a fixed object,4,Thursday,173,RIGHT OFF CARRIAGEWAY INTO OBJECT/PARKED VEHICLE,6,677766,T intersection,3,100,Arterial Highway,STAWELL-WARRACKNABEAL,YARRIAMBIACK,-36.761353,142.6315,2021,3,March,0,Late Night,Weekday
T20210005485,2021-03-11,17:45:00,1,Collision with vehicle,4,Thursday,148,VEHICLE OFF FOOTPATH STRIKES VEH ON CARRIAGEWAY,1,250423,T intersection,3,50,Local Road,ALMA,PORT PHILLIP,-37.861855,144.99466,2021,3,March,17,Afternoon Peak,Weekday
T20210007158,2021-03-11,06:40:00,1,Collision with vehicle,4,Thursday,131,LEFT REAR,1,680535,Not at intersection,3,70,Local Road,ABBOTTS,DANDENONG,-38.032776,145.22089,2021,3,March,6,Morning Peak,Weekday
T20210005398,2021-03-11,15:10:00,1,Collision with vehicle,4,Thursday,148,VEHICLE OFF FOOTPATH STRIKES VEH ON CARRIAGEWAY,1,776786,Not at intersection,3,40,Local Road,VARY,LATROBE,-38.226475,146.42369,2021,3,March,15,Afternoon Peak,Weekday
T20210005420,2021-03-11,10:00:00,1,Collision with vehicle,4,Thursday,135,LANE CHANGE LEFT (NOT OVERTAKING),1,54280,Cross intersection,3,60,Arterial Highway,POWER,MELBOURNE,-37.824665,144.96365,2021,3,March,10,Midday,Weekday
T20210005397,2021-03-11,13:55:00,4,Collision with a fixed object,4,Thursday,183,OFF LEFT BEND INTO OBJECT/PARKED VEHICLE,1,681693,Not at intersection,3,60,Arterial Other,SHELL PARADE -WHARF,GEELONG,-38.08386,144.38246,2021,3,March,13,Midday,Weekday
T20210005425,2021-03-11,16:30:00,1,Collision with vehicle,4,Thursday,130,REAR END(VEHICLES IN SAME LANE),1,681220,Not at intersection,3,60,Arterial Other,MT ALEXANDER,MOONEE VALLEY,-37.77124,144.92636,2021,3,March,16,Afternoon Peak,Weekday
T20210008707,2021-03-11,16:40:00,1,Collision with vehicle,4,Thursday,130,REAR END(VEHICLES IN SAME LANE),1,35553,Cross intersection,3,80,Arterial Highway,DANDENONG,GLEN EIRA,-37.887245,145.07817,2021,3,March,16,Afternoon Peak,Weekday