ACCIDENT_NO,ACCIDENT_DATE,ACCIDENT_TIME,ACCIDENT_TYPE,ACCIDENT_TYPE_DESC,DAY_OF_WEEK,DAY_WEEK_DESC,DCA_CODE,DCA_DESC,LIGHT_CONDITION,NODE_ID,ROAD_GEOMETRY_DESC,SEVERITY,SPEED_ZONE,RMA,ROAD_NAME,LGA_NAME,LATITUDE,LONGITUDE,YEAR,MONTH,MONTH_NAME,HOUR,TIME_PERIOD,DAY_TYPE
T20210005445,2021-03-11,20:40:00,6,Vehicle overturned (no collision),4,Thursday,174,OUT OF CONTROL ON CARRIAGEWAY (ON STRAIGHT),5,677847,Not at intersection,2,100,Arterial Highway,STRZELECKI,SOUTH GIPPSLAND,-38.45955,145.97052,2021,3,March,20,Night,Weekday
T20210005394,2021-03-11,08:26:00,1,Collision with vehicle,4,Thursday,132,RIGHT REAR.,1,45330,T intersection,3,60,Arterial Other,EPSOM,MOONEE VALLEY,-37.77747,144.91177,2021,3,March,8,Morning Peak,Weekday
T20210005393,2021-03-11,11:44:00,2,Struck Pedestrian,4,Thursday,106,VEH STRIKES PED ON FOOTPATH/MEDIAN/TRAFFIC ISLAND.,1,690622,Not at intersection,3,50,Local Road,CHURCHILL,MOONEE VALLEY,-37.779266,144.92178,2021,3,March,11,Midday,Weekday
T20210009063,2021-03-11,15:42:00,1,Collision with vehicle,4,Thursday,130,REAR END(VEHICLES IN SAME LANE),1,681739,Not at intersection,3,100,Freeway,EASTERN,WHITEHORSE,-37.800697,145.15489,2021,3,March,15,Afternoon Peak,Weekday
T20210005344,2021-03-11,03:50:00,6,Vehicle overturned (no collision),4,Thursday,174,OUT OF CONTROL ON CARRIAGEWAY (ON STRAIGHT),5,677686,Not at intersection,3,60,Local Road,DAWSON,EAST GIPPSLAND,-37.82236,147.61435,2021,3,March,3,Late Night,Weekday
T20210005411,2021-03-11,17:20:00,3,Struck animal,4,Thursday,167,STRUCK ANIMAL,1,677771,Not at intersection,2,50,Local Road,DENBY,MORNINGTON PENINSULA,-38.357548,144.75395,2021,3,March,17,Afternoon Peak,Weekday
T20210005390,2021-03-11,13:10:00,1,Collision with vehicle,4,Thursday,110,CROSS TRAFFIC(INTERSECTIONS ONLY),1,49417,Multiple intersection,2,50,Arterial Highway,BANYAN STREET -MORTLAKE,WARRNAMBOOL,-38.373768,142.49236,2021,3,March,13,Midday,Weekday
T20210006601,2021-03-11,07:05:00,1,Collision with vehicle,4,Thursday,162,ACCIDENT OR BROKEN DOWN,1,680026,Not at intersection,2,70,Freeway,SOUTH GIPPSLAND IN-PRINCES,DANDENONG,-38.00419,145.25148,2021,3,March,7,Morning Peak,Weekday
T20210005379,2021-03-11,08:00:00,1,Collision with vehicle,4,Thursday,133,LANE SIDE SWIPE (VEHICLES IN PARALLEL LANES),1,686685,Not at intersection,3,60,Arterial Other,HIGH,DAREBIN,-37.711826,145.00842,2021,3,March,8,Morning Peak,Weekday
T20210005378,2021-03-11,11:45:00,1,Collision with vehicle,4,Thursday,113,RIGHT NEAR (INTERSECTIONS ONLY),1,44899,Cross intersection,3,70,Arterial Other,BALLARAT,BRIMBANK,-37.768574,144.7681,2021,3,March,11,Midday,Weekday
T20210005376,2021-03-11,11:40:00,1,Collision with vehicle,4,Thursday,133,LANE SIDE SWIPE (VEHICLES IN PARALLEL LANES),1,35392,Multiple intersection,2,60,Freeway,WEST GATE OUT-TODD,MELBOURNE,-37.833645,144.91292,2021,3,March,11,Midday,Weekday
T20210005362,2021-03-11,08:45:00,1,Collision with vehicle,4,Thursday,163,VEHICLE STRIKES DOOR OF PARKED/STATIONARY VEHICLE,1,82726,Not at intersection,2,40,Arterial Other,LOWER HEIDELBERG,BANYULE,-37.77279,145.05905,2021,3,March,8,Morning Peak,Weekday
T20210005360,2021-03-11,10:15:00,1,Collision with vehicle,4,Thursday,130,REAR END(VEHICLES IN SAME LANE),1,678262,Not at intersection,2,60,Arterial Highway,MAROONDAH,MAROONDAH,-37.81096,145.23775,2021,3,March,10,Midday,Weekday
T20210005421,2021-03-11,18:15:00,1,Collision with vehicle,4,Thursday,113,RIGHT NEAR (INTERSECTIONS ONLY),1,730005,Cross intersection,2,70,Arterial Other,SOUTH,BAYSIDE,-37.929085,145.00162,2021,3,March,18,Afternoon Peak,Weekday
T20210005463,2021-03-11,22:30:00,4,Collision with a fixed object,4,Thursday,181,OFF RIGHT BEND INTO OBJECT/PARKED VEHICLE,5,685204,Not at intersection,3,100,Arterial Other,COBRAM SOUTH,MOIRA,-35.98908,145.63187,2021,3,March,22,Night,Weekday
T20210005412,2021-03-11,18:12:00,4,Collision with a fixed object,4,Thursday,171,LEFT OFF CARRIAGEWAY INTO OBJECT/PARKED VEHICLE,1,678307,Not at intersection,2,50,Local Road,MARKET,YARRA RANGES,-37.756283,145.35342,2021,3,March,18,Afternoon Peak,Weekday
T20210005428,2021-03-11,14:45:00,1,Collision with vehicle,4,Thursday,130,REAR END(VEHICLES IN SAME LANE),1,14845,T intersection,2,80,Arterial Other,SYDNEY,HUME,-37.655384,144.95303,2021,3,March,14,Midday,Weekday
T20210005427,2021-03-11,16:17:00,1,Collision with vehicle,4,Thursday,110,CROSS TRAFFIC(INTERSECTIONS ONLY),1,36192,Cross intersection,2,40,Local Road,CAPEL,MELBOURNE,-37.803707,144.95552,2021,3,March,16,Afternoon Peak,Weekday
T20210005498,2021-03-11,09:00:00,1,Collision with vehicle,4,Thursday,110,CROSS TRAFFIC(INTERSECTIONS ONLY),9,57056,Cross intersection,3,40,Local Road,NAPIER,YARRA,-37.794968,144.98132,2021,3,March,9,Morning Peak,Weekday
T20210005997,2021-03-11,12:00:00,8,No collision and no object struck,4,Thursday,174,OUT OF CONTROL ON CARRIAGEWAY (ON STRAIGHT),1,679693,Not at intersection,2,80,Arterial Other,MICKLEHAM,HUME,-37.565033,144.87607,2021,3,March,12,Midday,Weekday
T20210005408,2021-03-11,17:20:00,6,Vehicle overturned (no collision),4,Thursday,174,OUT OF CONTROL ON CARRIAGEWAY (ON STRAIGHT),1,677917,Not at intersection,2,60,Arterial Other,BALLARAT-MARYBOROUGH,CENTRAL GOLDFIELDS,-37.05527,143.72957,2021,3,March,17,Afternoon Peak,Weekday
T20210005407,2021-03-11,15:15:00,6,Vehicle overturned (no collision),4,Thursday,184,OUT OF CONTROL ON CARRIAGEWAY (ON BEND),1,677689,Not at intersection,3,80,Local Road,MCMAHENS,DANDENONG,-38.03423,145.18129,2021,3,March,15,Afternoon Peak,Weekday
T20210005467,2021-03-11,10:00:00,1,Collision with vehicle,4,Thursday,160,VEHICLE COLLIDES WITH VEHICLE PARKED ON LEFT OF ROAD,1,678494,Not at intersection,3,50,Local Road,WEST BEACH,PORT PHILLIP,-37.859577,144.97627,2021,3,March,10,Midday,Weekday
T20210005496,2021-03-11,15:53:00,1,Collision with vehicle,4,Thursday,147,VEHICLE STRIKES ANOTHER VEH WHILE EMERGING FROM DRIVEWAY,1,680629,Not at intersection,3,60,Arterial Other,MCDONALDS,WHITTLESEA,-37.65079,145.08388,2021,3,March,15,Afternoon Peak,Weekday
T20210008105,2021-03-11,18:05:00,1,Collision with vehicle,4,Thursday,130,REAR END(VEHICLES IN SAME LANE),9,680630,Not at intersection,3,90,Freeway,WESTERN,MELTON,-37.736546,144.67538,2021,3,March,18,Afternoon Peak,Weekday
T20210008944,2021-03-11,17:55:00,1,Collision with vehicle,4,Thursday,110,CROSS TRAFFIC(INTERSECTIONS ONLY),1,681396,Cross intersection,3,60,Arterial Other,HOLDSWORTH ROAD -LYONS,BENDIGO,-36.730843,144.30363,2021,3,March,17,Afternoon Peak,Weekday
T20210005923,2021-03-11,17:00:00,1,Collision with vehicle,4,Thursday,130,REAR END(VEHICLES IN SAME LANE),1,690033,T intersection,3,80,Arterial Other,COOPER,WHITTLESEA,-37.649265,144.99918,2021,3,March,17,Afternoon Peak,Weekday
T20210005426,2021-03-11,21:04:00,2,Struck Pedestrian,4,Thursday,109,ANY MANOEUVRE INVOLVING PED NOT INCLUDED IN DCAs 100-108.,3,682248,Not at intersection,3,50,Local Road,ACLAND,PORT PHILLIP,-37.86694,144.97823,2021,3,March,21,Night,Weekday
T20210005432,2021-03-11,23:00:00,1,Collision with vehicle,4,Thursday,110,CROSS TRAFFIC(INTERSECTIONS ONLY),3,292163,Cross intersection,2,80,Arterial Other,MICKLEHAM,HUME,-37.62269,144.88385,2021,3,March,23,Night,Weekday
T20210005433,2021-03-11,23:30:00,1,Collision with vehicle,4,Thursday,130,REAR END(VEHICLES IN SAME LANE),3,45069,T intersection,3,60,Arterial Other,BARRY,HUME,-37.665573,144.93782,2021,3,March,23,Night,Weekday
T20210005343,2021-03-11,00:15:00,4,Collision with a fixed object,4,Thursday,181,OFF RIGHT BEND INTO OBJECT/PARKED VEHICLE,3,680086,Y intersection,3,60,Arterial Highway,COLLEGE,MOYNE,-38.38463,142.22644,2021,3,March,0,Late Night,Weekday
T20210005539,2021-03-12,16:42:00,6,Vehicle overturned (no collision),5,Friday,174,OUT OF CONTROL ON CARRIAGEWAY (ON STRAIGHT),1,678587,Not at intersection,2,80,Arterial Highway,GREAT OCEAN,COLAC OTWAY,-38.770542,143.4249,2021,3,March,16,Afternoon Peak,Weekday
T20210005536,2021-03-12,20:45:00,1,Collision with vehicle,5,Friday,121,RIGHT THROUGH,5,589463,T intersection,3,60,Local Road,BRIGHTON,MOONEE VALLEY,-37.78381,144.93018,2021,3,March,20,Night,Weekday
T20210005535,2021-03-12,18:33:00,4,Collision with a fixed object,5,Friday,173,RIGHT OFF CARRIAGEWAY INTO OBJECT/PARKED VEHICLE,1,690136,Not at intersection,3,50,Local Road,FOLKESTONE,MONASH,-37.862236,145.15398,2021,3,March,18,Afternoon Peak,Weekday
T20210005532,2021-03-12,19:15:00,1,Collision with vehicle,5,Friday,135,LANE CHANGE LEFT (NOT OVERTAKING),2,781017,Not at intersection,3,100,Freeway,WESTERN RING,BRIMBANK,-37.786427,144.78859,2021,3,March,19,Night,Weekday
T20210005530,2021-03-12,17:55:00,1,Collision with vehicle,5,Friday,130,REAR END(VEHICLES IN SAME LANE),1,680468,Not at intersection,3,80,Arterial Highway,PRINCES,CASEY,-38.003372,145.25053,2021,3,March,17,Afternoon Peak,Weekday
T20210005529,2021-03-12,18:58:00,1,Collision with vehicle,5,Friday,151,OUT OF CONTROL (OVERTAKING),2,680217,Not at intersection,2,100,Freeway,WESTERN RING,BRIMBANK,-37.717094,144.8735,2021,3,March,18,Afternoon Peak,Weekday
T20210006220,2021-03-12,13:15:00,1,Collision with vehicle,5,Friday,131,LEFT REAR,1,63088,T intersection,3,50,Local Road,REYNOLDS,MORELAND,-37.741833,144.93976,2021,3,March,13,Midday,Weekday
T20210005446,2021-03-12,06:50:00,1,Collision with vehicle,5,Friday,120,HEAD ON (NOT OVERTAKING),5,688172,Not at intersection,2,100,Local Road,WOORINEN,SWAN HILL,-35.311123,143.49806,2021,3,March,6,Morning Peak,Weekday
T20210005523,2021-03-12,18:26:00,6,Vehicle overturned (no collision),5,Friday,174,OUT OF CONTROL ON CARRIAGEWAY (ON STRAIGHT),1,677851,Not at intersection,2,70,Arterial Highway,ST GEORGES,DAREBIN,-37.756863,144.99396,2021,3,March,18,Afternoon Peak,Weekday
T20210005442,2021-03-12,07:40:00,2,Struck Pedestrian,5,Friday,102,FAR SIDE. PED HIT BY VEHICLE FROM THE LEFT,1,781016,Cross intersection,3,60,Arterial Other,THOMPSON,GEELONG,-38.11083,144.3434,2021,3,March,7,Morning Peak,Weekday
T20210005521,2021-03-12,15:00:00,1,Collision with vehicle,5,Friday,130,REAR END(VEHICLES IN SAME LANE),1,679546,Not at intersection,3,40,Arterial Other,MOUNTAIN,KNOX,-37.859295,145.20845,2021,3,March,15,Afternoon Peak,Weekday
T20210005520,2021-03-12,16:15:00,1,Collision with vehicle,5,Friday,132,RIGHT REAR.,1,681960,Not at intersection,2,80,Arterial Other,WELLINGTON,CARDINIA,-37.935753,145.40585,2021,3,March,16,Afternoon Peak,Weekday
T20210005436,2021-03-12,02:30:00,4,Collision with a fixed object,5,Friday,171,LEFT OFF CARRIAGEWAY INTO OBJECT/PARKED VEHICLE,3,689095,Not at intersection,3,70,Arterial Highway,BELLARINE,GEELONG,-38.169785,144.38847,2021,3,March,2,Late Night,Weekday
T20210005516,2021-03-12,15:05:00,1,Collision with vehicle,5,Friday,113,RIGHT NEAR (INTERSECTIONS ONLY),1,677849,Cross intersection,2,80,Arterial Highway,PRINCES HIGHWAY,CASEY,-38.00107,145.23128,2021,3,March,15,Afternoon Peak,Weekday
T20210005515,2021-03-12,17:15:00,1,Collision with vehicle,5,Friday,130,REAR END(VEHICLES IN SAME LANE),1,730011,Not at intersection,3,100,Freeway,EASTLINK,KNOX,-37.838673,145.21779,2021,3,March,17,Afternoon Peak,Weekday
T20210005514,2021-03-12,16:08:00,1,Collision with vehicle,5,Friday,130,REAR END(VEHICLES IN SAME LANE),1,730010,T intersection,3,80,Arterial Other,CLYDE,CASEY,-38.057922,145.33882,2021,3,March,16,Afternoon Peak,Weekday
T20210005807,2021-03-12,16:20:00,1,Collision with vehicle,5,Friday,130,REAR END(VEHICLES IN SAME LANE),9,678417,Not at intersection,3,70,Arterial Other,CANTERBURY,WHITEHORSE,-37.83686,145.19081,2021,3,March,16,Afternoon Peak,Weekday
T20210005494,2021-03-12,15:47:00,1,Collision with vehicle,5,Friday,110,CROSS TRAFFIC(INTERSECTIONS ONLY),1,730009,Cross intersection,3,60,Local Road,NEW,GLENELG,-38.332043,141.60225,2021,3,March,15,Afternoon Peak,Weekday
T20210005488,2021-03-12,13:36:00,4,Collision with a fixed object,5,Friday,173,RIGHT OFF CARRIAGEWAY INTO OBJECT/PARKED VEHICLE,1,677848,Not at intersection,2,80,Arterial Highway,PRINCES,GEELONG,-38.065464,144.38081,2021,3,March,13,Midday,Weekday
T20210005842,2021-03-12,14:10:00,1,Collision with vehicle,5,Friday,133,LANE SIDE SWIPE (VEHICLES IN PARALLEL LANES),9,240,Cross intersection,3,40,Local Road,FLINDERS,MELBOURNE,-37.816734,144.9699,2021,3,March,14,Midday,Weekday
T20210005484,2021-03-12,11:55:00,1,Collision with vehicle,5,Friday,121,RIGHT THROUGH,1,680184,Not at intersection,2,80,Local Road,LONGS HILL,BALLARAT,-37.53067,143.92593,2021,3,March,11,Midday,Weekday
T20210005483,2021-03-12,12:10:00,4,Collision with a fixed object,5,Friday,181,OFF RIGHT BEND INTO OBJECT/PARKED VEHICLE,1,678586,Not at intersection,2,100,Local Road,EDWARDS,BENDIGO,-36.77046,144.1635,2021,3,March,12,Midday,Weekday
T20210005482,2021-03-12,12:57:00,1,Collision with vehicle,5,Friday,130,REAR END(VEHICLES IN SAME LANE),1,678081,Not at intersection,2,60,Arterial Highway,SOUTH GIPPSLAND,CASEY,-38.106747,145.2826,2021,3,March,12,Midday,Weekday
T20210005476,2021-03-12,13:05:00,1,Collision with vehicle,5,Friday,113,RIGHT NEAR (INTERSECTIONS ONLY),1,660608,Multiple intersection,3,60,Freeway,LITHGOW,MITCHELL,-37.473568,144.9725,2021,3,March,13,Midday,Weekday
T20210005473,2021-03-12,11:27:00,1,Collision with vehicle,5,Friday,152,PULLING OUT (OVERTAKING),1,741115,Not at intersection,2,40,Arterial Highway,NEPEAN,KINGSTON,-38.037964,145.10815,2021,3,March,11,Midday,Weekday
T20210005874,2021-03-12,16:45:00,2,Struck Pedestrian,5,Friday,109,ANY MANOEUVRE INVOLVING PED NOT INCLUDED IN DCAs 100-108.,1,678191,Cross intersection,3,60,Arterial Other,MT ALEXANDER,MOONEE VALLEY,-37.766346,144.92438,2021,3,March,16,Afternoon Peak,Weekday
T20210006064,2021-03-12,09:00:00,2,Struck Pedestrian,5,Friday,102,FAR SIDE. PED HIT BY VEHICLE FROM THE LEFT,1,42747,Cross intersection,3,60,Local Road,CHARMAN,KINGSTON,-37.965412,145.0557,2021,3,March,9,Morning Peak,Weekday
T20210005470,2021-03-12,11:30:00,1,Collision with vehicle,5,Friday,133,LANE SIDE SWIPE (VEHICLES IN PARALLEL LANES),1,677775,Not at intersection,3,60,Arterial Highway,POINT NEPEAN,MORNINGTON PENINSULA,-38.353798,144.76247,2021,3,March,11,Midday,Weekday
T20210005511,2021-03-12,13:50:00,1,Collision with vehicle,5,Friday,110,CROSS TRAFFIC(INTERSECTIONS ONLY),1,29636,Cross intersection,3,60,Arterial Other,GLEN EIRA,GLEN EIRA,-37.87692,144.998,2021,3,March,13,Midday,Weekday
T20210005510,2021-03-12,15:30:00,4,Collision with a fixed object,5,Friday,173,RIGHT OFF CARRIAGEWAY INTO OBJECT/PARKED VEHICLE,1,682404,Not at intersection,3,100,Arterial Other,MCKENZIE,CAMPASPE,-36.18183,144.76657,2021,3,March,15,Afternoon Peak,Weekday
T20210005590,2021-03-12,22:47:00,1,Collision with vehicle,5,Friday,120,HEAD ON (NOT OVERTAKING),3,678263,Not at intersection,3,60,Arterial Other,ALEXANDRA,STONNINGTON,-37.83376,144.99196,2021,3,March,22,Night,Weekday
T20210005587,2021-03-12,05:15:00,2,Struck Pedestrian,5,Friday,102,FAR SIDE. PED HIT BY VEHICLE FROM THE LEFT,1,653832,Not at intersection,3,40,Local Road,SCOTCHMER,YARRA,-37.78349,144.98553,2021,3,March,5,Morning Peak,Weekday
T20210005509,2021-03-12,16:57:00,1,Collision with vehicle,5,Friday,121,RIGHT THROUGH,1,35668,T intersection,3,60,Arterial Other,OLD PRINCES,CARDINIA,-38.053772,145.379,2021,3,March,16,Afternoon Peak,Weekday
T20210005543,2021-03-12,21:25:00,4,Collision with a fixed object,5,Friday,164,PERMANENT OBSTRUCTION ON CARRIAGEWAY,3,678696,Not at intersection,2,40,Arterial Other,SWAN,YARRA,-37.824783,144.99011,2021,3,March,21,Night,Weekday
T20210005502,2021-03-12,17:08:00,1,Collision with vehicle,5,Friday,110,CROSS TRAFFIC(INTERSECTIONS ONLY),1,255810,Cross intersection,3,60,Arterial Other,MAIN NEERIM,BAW BAW,-38.11856,145.84654,2021,3,March,17,Afternoon Peak,Weekday
T20210005550,2021-03-12,18:00:00,4,Collision with a fixed object,5,Friday,171,LEFT OFF CARRIAGEWAY INTO OBJECT/PARKED VEHICLE,1,680185,Not at intersection,3,100,Arterial Highway,MIDLAND,GOLDEN PLAINS,-37.94079,144.1243,2021,3,March,18,Afternoon Peak,Weekday
T20210005500,2021-03-12,15:58:00,1,Collision with vehicle,5,Friday,110,CROSS TRAFFIC(INTERSECTIONS ONLY),1,61270,Cross intersection,3,80,Arterial Other,GISBORNE-MELTON,MELTON,-37.65494,144.60168,2021,3,March,15,Afternoon Peak,Weekday
T20210005552,2021-03-12,14:00:00,1,Collision with vehicle,5,Friday,121,RIGHT THROUGH,1,54013,Not at intersection,2,60,Arterial Other,HIGH,WHITTLESEA,-37.655163,145.02148,2021,3,March,14,Midday,Weekday
T20210005555,2021-03-12,18:50:00,5,collision with some other object,5,Friday,166,STRUCK OBJECT ON CARRIAGEWAY,2,677919,Not at intersection,2,60,Local Road,TANNERS,SURF COAST,-38.332363,144.12225,2021,3,March,18,Afternoon Peak,Weekday
T20210005512,2021-03-12,15:53:00,2,Struck Pedestrian,5,Friday,108,PED STRUCK WALKING TO/FROM OR BOARDING/ALIGHTING VEHICLE.,1,679766,Not at intersection,2,40,Arterial Other,BURKE,BOROONDARA,-37.831474,145.05667,2021,3,March,15,Afternoon Peak,Weekday
T20210012505,2021-03-12,16:10:00,1,Collision with vehicle,5,Friday,130,REAR END(VEHICLES IN SAME LANE),1,684920,T intersection,3,40,Arterial Highway,BELL,MORELAND,-37.741753,144.9701,2021,3,March,16,Afternoon Peak,Weekday
T20210005465,2021-03-12,07:45:00,1,Collision with vehicle,5,Friday,148,VEHICLE OFF FOOTPATH STRIKES VEH ON CARRIAGEWAY,1,60834,Multiple intersection,3,40,Arterial Other,DURHAM,BALLARAT,-37.55977,143.83723,2021,3,March,7,Morning Peak,Weekday
T20210007014,2021-03-12,17:30:00,1,Collision with vehicle,5,Friday,130,REAR END(VEHICLES IN SAME LANE),2,680864,Not at intersection,3,60,Freeway,2500F 5010B,GEELONG,-38.218014,144.28806,2021,3,March,17,Afternoon Peak,Weekday
T20210005462,2021-03-12,12:00:00,1,Collision with vehicle,5,Friday,113,RIGHT NEAR (INTERSECTIONS ONLY),1,52841,Cross intersection,3,60,Local Road,QUEEN,BALLARAT,-37.5582,143.87628,2021,3,March,12,Midday,Weekday
T20210005451,2021-03-12,08:49:00,2,Struck Pedestrian,5,Friday,102,FAR SIDE. PED HIT BY VEHICLE FROM THE LEFT,1,680125,Cross intersection,3,60,Arterial Other,BENETOOK,MILDURA,-34.20181,142.17213,2021,3,March,8,Morning Peak,Weekday
T20210005453,2021-03-12,10:23:00,1,Collision with vehicle,5,Friday,110,CROSS TRAFFIC(INTERSECTIONS ONLY),1,58262,Cross intersection,3,50,Local Road,BEVERIDGE,SWAN HILL,-35.336693,143.5574,2021,3,March,10,Midday,Weekday
T20210005608,2021-03-12,12:00:00,1,Collision with vehicle,5,Friday,130,REAR END(VEHICLES IN SAME LANE),1,35386,T intersection,3,80,Arterial Highway,PRINCES,CASEY,-38.02709,145.31268,2021,3,March,12,Midday,Weekday
T20210005456,2021-03-12,07:27:00,1,Collision with vehicle,5,Friday,135,LANE CHANGE LEFT (NOT OVERTAKING),1,685156,Not at intersection,2,80,Arterial Other,THOMPSONS,CASEY,-38.078197,145.24371,2021,3,March,7,Morning Peak,Weekday
T20210005457,2021-03-12,09:45:00,6,Vehicle overturned (no collision),5,Friday,184,OUT OF CONTROL ON CARRIAGEWAY (ON BEND),1,681694,Not at intersection,2,50,Local Road,HERBERT,FRANKSTON,-38.089806,145.18379,2021,3,March,9,Morning Peak,Weekday
T20210006129,2021-03-12,15:10:00,1,Collision with vehicle,5,Friday,135,LANE CHANGE LEFT (NOT OVERTAKING),1,679344,Not at intersection,3,60,Arterial Highway,ALBERT,DAREBIN,-37.735893,145.02411,2021,3,March,15,Afternoon Peak,Weekday
T20210005636,2021-03-12,13:00:00,8,No collision and no object struck,5,Friday,174,OUT OF CONTROL ON CARRIAGEWAY (ON STRAIGHT),1,37685,Cross intersection,2,50,Local Road,CHAPEL,STONNINGTON,-37.840443,144.99542,2021,3,March,13,Midday,Weekday
T20210005641,2021-03-12,14:55:00,1,Collision with vehicle,5,Friday,130,REAR END(VEHICLES IN SAME LANE),1,684841,Not at intersection,3,80,Arterial Other,FITZSIMONS,BANYULE,-37.735588,145.13457,2021,3,March,14,Midday,Weekday
T20210005542,2021-03-12,22:30:00,4,Collision with a fixed object,5,Friday,183,OFF LEFT BEND INTO OBJECT/PARKED VEHICLE,5,678695,Not at intersection,2,60,Local Road,POINT HENRY,GEELONG,-38.140526,144.42139,2021,3,March,22,Night,Weekday
T20210006102,2021-03-13,16:00:00,1,Collision with vehicle,6,Saturday,130,REAR END(VEHICLES IN SAME LANE),1,682551,Not at intersection,3,50,Arterial Other,KING,MELBOURNE,-37.813267,144.95428,2021,3,March,16,Afternoon Peak,Weekend
T20210005617,2021-03-13,21:00:00,4,Collision with a fixed object,6,Saturday,171,LEFT OFF CARRIAGEWAY INTO OBJECT/PARKED VEHICLE,5,685568,Not at intersection,2,80,Freeway,PRINCES,CASEY,-38.034462,145.32709,2021,3,March,21,Night,Weekend
T20210005597,2021-03-13,14:55:00,4,Collision with a fixed object,6,Saturday,183,OFF LEFT BEND INTO OBJECT/PARKED VEHICLE,1,683004,Not at intersection,3,100,Arterial Other,TARWIN LOWER,SOUTH GIPPSLAND,-38.579086,145.98427,2021,3,March,14,Midday,Weekend
T20210011728,2021-03-13,14:54:00,1,Collision with vehicle,6,Saturday,120,HEAD ON (NOT OVERTAKING),1,684049,Not at intersection,3,60,Arterial Other,BELGRAVE-GEMBROOK,YARRA RANGES,-37.908684,145.36456,2021,3,March,14,Midday,Weekend
T20210006107,2021-03-13,10:53:00,1,Collision with vehicle,6,Saturday,112,LEFT FAR (INTERSECTIONS ONLY),1,45806,T intersection,3,50,Local Road,RHODES,DANDENONG,-37.947727,145.1579,2021,3,March,10,Midday,Weekend
T20210005611,2021-03-13,16:52:00,4,Collision with a fixed object,6,Saturday,171,LEFT OFF CARRIAGEWAY INTO OBJECT/PARKED VEHICLE,1,680633,T intersection,3,60,Arterial Highway,BELL,MORELAND,-37.742607,144.97806,2021,3,March,16,Afternoon Peak,Weekend
T20210005914,2021-03-13,13:54:00,1,Collision with vehicle,6,Saturday,130,REAR END(VEHICLES IN SAME LANE),9,689919,Not at intersection,3,60,Arterial Other,CRAIGIEBURN,HUME,-37.59772,144.92992,2021,3,March,13,Midday,Weekend
T20210005594,2021-03-13,15:30:00,1,Collision with vehicle,6,Saturday,130,REAR END(VEHICLES IN SAME LANE),1,678085,Cross intersection,3,60,Arterial Other,COLLEGE,MELBOURNE,-37.79176,144.96115,2021,3,March,15,Afternoon Peak,Weekend
T20210005544,2021-03-13,00:22:00,4,Collision with a fixed object,6,Saturday,171,LEFT OFF CARRIAGEWAY INTO OBJECT/PARKED VEHICLE,3,686185,Not at intersection,2,70,Arterial Highway,QUEENS,STONNINGTON,-37.856625,144.99052,2021,3,March,0,Late Night,Weekend
T20210005545,2021-03-13,03:10:00,1,Collision with vehicle,6,Saturday,130,REAR END(VEHICLES IN SAME LANE),3,773439,Not at intersection,3,100,Freeway,EASTERN,MANNINGHAM,-37.79499,145.1126,2021,3,March,3,Late Night,Weekend
T20210005554,2021-03-13,07:33:00,1,Collision with vehicle,6,Saturday,113,RIGHT NEAR (INTERSECTIONS ONLY),1,229303,T intersection,3,60,Local Road,ORMOND,CASEY,-38.048126,145.26923,2021,3,March,7,Morning Peak,Weekend
T20210005599,2021-03-13,16:05:00,4,Collision with a fixed object,6,Saturday,183,OFF LEFT BEND INTO OBJECT/PARKED VEHICLE,1,677855,Not at intersection,3,100,Arterial Highway,SOUTH GIPPSLAND,BASS COAST,-38.342854,145.64436,2021,3,March,16,Afternoon Peak,Weekend
T20210005557,2021-03-13,09:38:00,1,Collision with vehicle,6,Saturday,121,RIGHT THROUGH,1,29618,Cross intersection,3,60,Arterial Other,HIGHBURY,WHITEHORSE,-37.85423,145.10269,2021,3,March,9,Morning Peak,Weekend
T20210005558,2021-03-13,09:50:00,1,Collision with vehicle,6,Saturday,137,LEFT TURN SIDESWIPE,1,677853,T intersection,3,60,Local Road,ROSAMOND,MARIBYRNONG,-37.78306,144.88411,2021,3,March,9,Morning Peak,Weekend
T20210005563,2021-03-13,10:50:00,1,Collision with vehicle,6,Saturday,147,VEHICLE STRIKES ANOTHER VEH WHILE EMERGING FROM DRIVEWAY,1,678416,Not at intersection,3,60,Arterial Other,MELTON-WERRIBEE,WYNDHAM,-37.86097,144.68593,2021,3,March,10,Midday,Weekend
T20210005582,2021-03-13,10:00:00,2,Struck Pedestrian,6,Saturday,102,FAR SIDE. PED HIT BY VEHICLE FROM THE LEFT,1,321330,Cross intersection,2,50,Arterial Other,SOUTH,BAYSIDE,-37.92923,145.00406,2021,3,March,10,Midday,Weekend
T20210005729,2021-03-13,13:25:00,6,Vehicle overturned (no collision),6,Saturday,180,OFF CARRIAGEWAY ON RIGHT BEND,1,678176,Not at intersection,2,80,Local Road,LODERS,MORNINGTON PENINSULA,-38.280228,145.11307,2021,3,March,13,Midday,Weekend
T20210005822,2021-03-13,12:10:00,1,Collision with vehicle,6,Saturday,116,LEFT NEAR (INTERSECTIONS ONLY),1,29643,Cross intersection,2,60,Arterial Other,BOORAN ROAD -GLEN EIRA,GLEN EIRA,-37.881428,145.03459,2021,3,March,12,Midday,Weekend
T20210005687,2021-03-13,11:20:00,1,Collision with vehicle,6,Saturday,136,RIGHT TURN SIDESWIPE,9,781019,Cross intersection,3,60,Arterial Other,HIGH,DAREBIN,-37.715614,145.008,2021,3,March,11,Midday,Weekend
T20210005595,2021-03-13,11:04:00,1,Collision with vehicle,6,Saturday,137,LEFT TURN SIDESWIPE,1,688744,Not at intersection,3,80,Arterial Highway,MELBOURNE,GEELONG,-38.101475,144.35452,2021,3,March,11,Midday,Weekend