ACCIDENT_NO,ACCIDENT_DATE,ACCIDENT_TIME,ACCIDENT_TYPE,ACCIDENT_TYPE_DESC,DAY_OF_WEEK,DAY_WEEK_DESC,DCA_CODE,DCA_DESC,LIGHT_CONDITION,NODE_ID,ROAD_GEOMETRY_DESC,SEVERITY,SPEED_ZONE,RMA,ROAD_NAME,LGA_NAME,LATITUDE,LONGITUDE,YEAR,MONTH,MONTH_NAME,HOUR,TIME_PERIOD,DAY_TYPE
T20210005709,2021-03-13,14:00:00,1,Collision with vehicle,6,Saturday,130,REAR END(VEHICLES IN SAME LANE),1,678588,Cross intersection,3,70,Arterial Highway,COLAC,GEELONG,-38.196804,144.31848,2021,3,March,14,Midday,Weekend
T20210005620,2021-03-13,17:55:00,4,Collision with a fixed object,6,Saturday,173,RIGHT OFF CARRIAGEWAY INTO OBJECT/PARKED VEHICLE,1,685955,T intersection,3,60,Arterial Other,PRINCES,BAW BAW,-38.139065,145.86221,2021,3,March,17,Afternoon Peak,Weekend
T20210005592,2021-03-13,14:20:00,4,Collision with a fixed object,6,Saturday,181,OFF RIGHT BEND INTO OBJECT/PARKED VEHICLE,1,143161,Not at intersection,3,60,Arterial Other,KANGAROO GROUND-ST ANDREWS,NILLUMBIK,-37.643227,145.23595,2021,3,March,14,Midday,Weekend
T20210006095,2021-03-13,11:45:00,1,Collision with vehicle,6,Saturday,147,VEHICLE STRIKES ANOTHER VEH WHILE EMERGING FROM DRIVEWAY,1,686205,Not at intersection,2,80,Arterial Highway,MOOROODUC,MORNINGTON PENINSULA,-38.202267,145.1244,2021,3,March,11,Midday,Weekend
T20210005622,2021-03-13,20:20:00,6,Vehicle overturned (no collision),6,Saturday,182,OFF CARRIAGEWAY ON LEFT BEND,5,685205,Not at intersection,3,60,Arterial Highway,GREAT ALPINE,ALPINE,-36.5523,146.70978,2021,3,March,20,Night,Weekend
T20210005627,2021-03-13,23:00:00,6,Vehicle overturned (no collision),6,Saturday,174,OUT OF CONTROL ON CARRIAGEWAY (ON STRAIGHT),3,100161,Not at intersection,2,80,Arterial Highway,PRINCES,DANDENONG,-37.95331,145.17924,2021,3,March,23,Night,Weekend
T20210007666,2021-03-13,12:39:00,4,Collision with a fixed object,6,Saturday,171,LEFT OFF CARRIAGEWAY INTO OBJECT/PARKED VEHICLE,1,781020,T intersection,3,60,Arterial Other,BRUNSWICK,MORELAND,-37.775684,144.94872,2021,3,March,12,Midday,Weekend
T20210005618,2021-03-13,19:50:00,1,Collision with vehicle,6,Saturday,120,HEAD ON (NOT OVERTAKING),5,678000,Not at intersection,3,60,Arterial Other,MOUNT DANDENONG TOURIST,YARRA RANGES,-37.860703,145.35596,2021,3,March,19,Night,Weekend
T20210005646,2021-03-13,19:45:00,1,Collision with vehicle,6,Saturday,121,RIGHT THROUGH,3,707912,Multiple intersection,2,80,Arterial Other,HEATHERTON,CASEY,-37.972393,145.23657,2021,3,March,19,Night,Weekend
T20210005616,2021-03-13,21:20:00,1,Collision with vehicle,6,Saturday,121,RIGHT THROUGH,3,50959,T intersection,3,60,Arterial Highway,NUMURKAH,SHEPPARTON,-36.354233,145.40227,2021,3,March,21,Night,Weekend
T20210005724,2021-03-13,16:15:00,1,Collision with vehicle,6,Saturday,110,CROSS TRAFFIC(INTERSECTIONS ONLY),1,52891,Cross intersection,2,40,Local Road,EYRE,BALLARAT,-37.564053,143.83824,2021,3,March,16,Afternoon Peak,Weekend
T20210005588,2021-03-13,15:36:00,1,Collision with vehicle,6,Saturday,110,CROSS TRAFFIC(INTERSECTIONS ONLY),1,50595,Cross intersection,3,50,Local Road,HESSE,COLAC OTWAY,-38.336075,143.58954,2021,3,March,15,Afternoon Peak,Weekend
T20210005712,2021-03-13,13:50:00,1,Collision with vehicle,6,Saturday,130,REAR END(VEHICLES IN SAME LANE),1,686186,Not at intersection,2,60,Arterial Other,WEST FYANS,GEELONG,-38.15986,144.3471,2021,3,March,13,Midday,Weekend
T20210005605,2021-03-13,16:20:00,1,Collision with vehicle,6,Saturday,160,VEHICLE COLLIDES WITH VEHICLE PARKED ON LEFT OF ROAD,1,682346,Not at intersection,3,50,Local Road,BRUNEL,STONNINGTON,-37.869987,145.05524,2021,3,March,16,Afternoon Peak,Weekend
T20210005602,2021-03-13,18:00:00,4,Collision with a fixed object,6,Saturday,173,RIGHT OFF CARRIAGEWAY INTO OBJECT/PARKED VEHICLE,2,677856,Not at intersection,2,100,Freeway,WESTERN,MELTON,-37.728798,144.66098,2021,3,March,18,Afternoon Peak,Weekend
T20210005581,2021-03-13,07:50:00,4,Collision with a fixed object,6,Saturday,183,OFF LEFT BEND INTO OBJECT/PARKED VEHICLE,1,681221,Not at intersection,3,80,Freeway,7808F 2810F,MORELAND,-37.706043,144.88943,2021,3,March,7,Morning Peak,Weekend
T20210005580,2021-03-13,14:50:00,2,Struck Pedestrian,6,Saturday,102,FAR SIDE. PED HIT BY VEHICLE FROM THE LEFT,1,677854,Not at intersection,3,60,Arterial Other,MELVILLE,MORELAND,-37.75371,144.94583,2021,3,March,14,Midday,Weekend
T20210005576,2021-03-13,12:15:00,1,Collision with vehicle,6,Saturday,140,U TURN,1,678173,Not at intersection,2,70,Arterial Highway,NORTHERN,CAMPASPE,-36.34916,144.69644,2021,3,March,12,Midday,Weekend
T20210005574,2021-03-13,06:37:00,4,Collision with a fixed object,6,Saturday,183,OFF LEFT BEND INTO OBJECT/PARKED VEHICLE,9,680720,Not at intersection,2,100,Local Road,MUNRO-STOCKDALE,WELLINGTON,-37.86743,147.19559,2021,3,March,6,Morning Peak,Weekend
T20210005570,2021-03-13,05:05:00,1,Collision with vehicle,6,Saturday,135,LANE CHANGE LEFT (NOT OVERTAKING),5,679048,Not at intersection,2,100,Freeway,PRINCES,GEELONG,-37.99771,144.50179,2021,3,March,5,Morning Peak,Weekend
T20210005808,2021-03-14,12:10:00,1,Collision with vehicle,7,Sunday,130,REAR END(VEHICLES IN SAME LANE),1,678589,Not at intersection,2,80,Arterial Highway,DANDENONG-HASTINGS,DANDENONG,-38.06557,145.24165,2021,3,March,12,Midday,Weekend
T20210005999,2021-03-14,21:45:00,1,Collision with vehicle,7,Sunday,130,REAR END(VEHICLES IN SAME LANE),5,35597,Cross intersection,3,80,Arterial Other,BELGRAVE-HALLAM,YARRA RANGES,-37.954052,145.34772,2021,3,March,21,Night,Weekend
T20210005994,2021-03-14,16:50:00,1,Collision with vehicle,7,Sunday,137,LEFT TURN SIDESWIPE,1,38778,Cross intersection,3,60,Local Road,HYDE,MARIBYRNONG,-37.814377,144.89717,2021,3,March,16,Afternoon Peak,Weekend
T20210005660,2021-03-14,14:30:00,1,Collision with vehicle,7,Sunday,116,LEFT NEAR (INTERSECTIONS ONLY),1,677922,Cross intersection,3,50,Arterial Highway,BARKER,MOUNT ALEXANDER,-37.056187,144.21844,2021,3,March,14,Midday,Weekend
T20210008698,2021-03-14,15:00:00,1,Collision with vehicle,7,Sunday,130,REAR END(VEHICLES IN SAME LANE),1,681232,Not at intersection,3,60,Arterial Other,POUND,CASEY,-38.0285,145.26898,2021,3,March,15,Afternoon Peak,Weekend
T20210005742,2021-03-14,19:15:00,1,Collision with vehicle,7,Sunday,110,CROSS TRAFFIC(INTERSECTIONS ONLY),9,690915,Cross intersection,3,60,Arterial Other,CRAIGIEBURN ROAD -WATERVIEW,HUME,-37.592983,144.90517,2021,3,March,19,Night,Weekend
T20210005658,2021-03-14,13:05:00,1,Collision with vehicle,7,Sunday,140,U TURN,1,678782,Not at intersection,2,80,Arterial Other,WELLINGTON,YARRA RANGES,-37.951736,145.34055,2021,3,March,13,Midday,Weekend
T20210005656,2021-03-14,12:45:00,1,Collision with vehicle,7,Sunday,120,HEAD ON (NOT OVERTAKING),1,677921,Not at intersection,2,60,Arterial Highway,GREAT OCEAN,SURF COAST,-38.48308,144.02538,2021,3,March,12,Midday,Weekend
T20210005654,2021-03-14,13:30:00,1,Collision with vehicle,7,Sunday,140,U TURN,1,35329,T intersection,2,60,Arterial Other,HIGH STREET,BOROONDARA,-37.865562,145.09172,2021,3,March,13,Midday,Weekend
T20210005645,2021-03-14,06:56:00,1,Collision with vehicle,7,Sunday,121,RIGHT THROUGH,2,682441,Multiple intersection,2,60,Arterial Other,MELROSE,WODONGA,-36.106358,146.87048,2021,3,March,6,Morning Peak,Weekend
T20210006664,2021-03-14,15:00:00,8,No collision and no object struck,7,Sunday,184,OUT OF CONTROL ON CARRIAGEWAY (ON BEND),1,678986,Not at intersection,3,100,Local Road,GUM CREEK,MURRINDINDI,-37.414494,145.30728,2021,3,March,15,Afternoon Peak,Weekend
T20210005643,2021-03-14,12:57:00,8,No collision and no object struck,7,Sunday,174,OUT OF CONTROL ON CARRIAGEWAY (ON STRAIGHT),1,677920,Not at intersection,2,50,Local Road,BEETHOVEN,CASEY,-38.066612,145.28996,2021,3,March,12,Midday,Weekend
T20210005640,2021-03-14,11:40:00,1,Collision with vehicle,7,Sunday,121,RIGHT THROUGH,1,37621,Cross intersection,2,60,Arterial Highway,PUNT,STONNINGTON,-37.848343,144.98457,2021,3,March,11,Midday,Weekend
T20210006512,2021-03-14,02:30:00,2,Struck Pedestrian,7,Sunday,102,FAR SIDE. PED HIT BY VEHICLE FROM THE LEFT,3,221904,Not at intersection,2,80,Arterial Highway,NEPEAN,KINGSTON,-37.959026,145.05307,2021,3,March,2,Late Night,Weekend
T20210013571,2021-03-14,13:35:00,1,Collision with vehicle,7,Sunday,140,U TURN,1,686149,Not at intersection,3,60,Local Road,AVERYS,BENDIGO,-36.721607,144.27849,2021,3,March,13,Midday,Weekend
T20210005754,2021-03-14,19:30:00,8,No collision and no object struck,7,Sunday,174,OUT OF CONTROL ON CARRIAGEWAY (ON STRAIGHT),1,679844,Not at intersection,3,60,Arterial Other,BUCKLEY,MOONEE VALLEY,-37.75605,144.90785,2021,3,March,19,Night,Weekend
T20210005631,2021-03-14,05:20:00,4,Collision with a fixed object,7,Sunday,173,RIGHT OFF CARRIAGEWAY INTO OBJECT/PARKED VEHICLE,3,678781,Not at intersection,3,60,Arterial Other,THOMPSON,KINGSTON,-38.070408,145.13863,2021,3,March,5,Morning Peak,Weekend
T20210005625,2021-03-14,01:45:00,1,Collision with vehicle,7,Sunday,121,RIGHT THROUGH,3,54280,Cross intersection,3,60,Arterial Highway,POWER,MELBOURNE,-37.824665,144.96365,2021,3,March,1,Late Night,Weekend
T20210005652,2021-03-14,14:05:00,1,Collision with vehicle,7,Sunday,148,VEHICLE OFF FOOTPATH STRIKES VEH ON CARRIAGEWAY,1,680632,Not at intersection,3,50,Local Road,THE LAKES,WHITTLESEA,-37.630226,145.06859,2021,3,March,14,Midday,Weekend
T20210005686,2021-03-14,18:30:00,1,Collision with vehicle,7,Sunday,116,LEFT NEAR (INTERSECTIONS ONLY),1,773524,T intersection,2,70,Arterial Highway,NEPEAN,MORNINGTON PENINSULA,-38.217167,145.06097,2021,3,March,18,Afternoon Peak,Weekend
T20210006016,2021-03-14,13:30:00,4,Collision with a fixed object,7,Sunday,181,OFF RIGHT BEND INTO OBJECT/PARKED VEHICLE,1,678597,Not at intersection,3,100,Local Road,MCMAHONS,MITCHELL,-37.295994,145.21141,2021,3,March,13,Midday,Weekend
T20210005648,2021-03-14,12:38:00,1,Collision with vehicle,7,Sunday,121,RIGHT THROUGH,1,29370,Cross intersection,3,60,Arterial Other,CRAIGIEBURN,WHITTLESEA,-37.608517,145.03133,2021,3,March,12,Midday,Weekend
T20210005647,2021-03-14,12:55:00,1,Collision with vehicle,7,Sunday,147,VEHICLE STRIKES ANOTHER VEH WHILE EMERGING FROM DRIVEWAY,1,679512,T intersection,3,50,Arterial Other,WARRANWOOD,MAROONDAH,-37.778797,145.2522,2021,3,March,12,Midday,Weekend
T20210005675,2021-03-14,16:15:00,1,Collision with vehicle,7,Sunday,110,CROSS TRAFFIC(INTERSECTIONS ONLY),1,43874,Cross intersection,2,100,Arterial Highway,DANDENONG-HASTINGS,FRANKSTON,-38.107105,145.23355,2021,3,March,16,Afternoon Peak,Weekend
T20210005673,2021-03-14,16:05:00,1,Collision with vehicle,7,Sunday,132,RIGHT REAR.,1,679843,T intersection,2,60,Arterial Other,BROADFORD-KILMORE,MITCHELL,-37.207287,145.04213,2021,3,March,16,Afternoon Peak,Weekend
T20210005671,2021-03-14,16:45:00,1,Collision with vehicle,7,Sunday,113,RIGHT NEAR (INTERSECTIONS ONLY),1,30033,Cross intersection,2,70,Arterial Other,COLLEGE,CASEY,-38.05,145.29831,2021,3,March,16,Afternoon Peak,Weekend
T20210005670,2021-03-14,13:57:00,1,Collision with vehicle,7,Sunday,130,REAR END(VEHICLES IN SAME LANE),1,678002,Not at intersection,3,60,Arterial Highway,COLAC,GEELONG,-38.197807,144.31717,2021,3,March,13,Midday,Weekend
T20210006157,2021-03-14,12:15:00,1,Collision with vehicle,7,Sunday,119,OTHER ADJACENT (INTERSECTIONS ONLY),1,50648,Cross intersection,3,60,Local Road,FERN,GLENELG,-38.340057,141.60403,2021,3,March,12,Midday,Weekend
T20210005629,2021-03-14,04:10:00,4,Collision with a fixed object,7,Sunday,171,LEFT OFF CARRIAGEWAY INTO OBJECT/PARKED VEHICLE,3,696131,Not at intersection,2,80,Arterial Other,KOROROIT CREEK,HOBSONS BAY,-37.84779,144.8134,2021,3,March,4,Late Night,Weekend
T20210005682,2021-03-14,15:50:00,4,Collision with a fixed object,7,Sunday,171,LEFT OFF CARRIAGEWAY INTO OBJECT/PARKED VEHICLE,1,677954,Not at intersection,1,100,Arterial Other,WINCHELSEA-DEANS MARSH,SURF COAST,-38.35793,143.95424,2021,3,March,15,Afternoon Peak,Weekend
T20210005681,2021-03-14,15:33:00,1,Collision with vehicle,7,Sunday,131,LEFT REAR,1,656418,Multiple intersection,2,50,Freeway,STUD-MONASH IN,DANDENONG,-37.959183,145.22382,2021,3,March,15,Afternoon Peak,Weekend
T20210005679,2021-03-14,17:56:00,1,Collision with vehicle,7,Sunday,110,CROSS TRAFFIC(INTERSECTIONS ONLY),1,43734,Cross intersection,3,60,Local Road,BARRIES,MELTON,-37.688786,144.57776,2021,3,March,17,Afternoon Peak,Weekend
T20210007184,2021-03-14,13:15:00,6,Vehicle overturned (no collision),7,Sunday,182,OFF CARRIAGEWAY ON LEFT BEND,1,680130,Not at intersection,2,80,Arterial Highway,GREAT OCEAN,COLAC OTWAY,-38.684685,143.37868,2021,3,March,13,Midday,Weekend
T20210005666,2021-03-14,15:00:00,1,Collision with vehicle,7,Sunday,130,REAR END(VEHICLES IN SAME LANE),1,679511,Not at intersection,3,60,Arterial Other,MAIN,BRIMBANK,-37.747234,144.82501,2021,3,March,15,Afternoon Peak,Weekend
T20210019697,2021-03-15,12:30:00,8,No collision and no object struck,1,Monday,179,OTHER ACCIDENTS-OFF STRAIGHT NOT INCLUDED IN DCAs 170-175,1,693367,Not at intersection,3,80,Arterial Other,HEATHERTON,CASEY,-37.97733,145.27692,2021,3,March,12,Midday,Weekday
T20210008879,2021-03-15,08:15:00,1,Collision with vehicle,1,Monday,130,REAR END(VEHICLES IN SAME LANE),1,681493,Not at intersection,3,80,Freeway,MONASH,MONASH,-37.88557,145.10039,2021,3,March,8,Morning Peak,Weekday
T20210005721,2021-03-15,12:05:00,4,Collision with a fixed object,1,Monday,181,OFF RIGHT BEND INTO OBJECT/PARKED VEHICLE,1,679508,Not at intersection,2,80,Arterial Other,FORREST-APOLLO BAY,COLAC OTWAY,-38.590263,143.70412,2021,3,March,12,Midday,Weekday
T20210005896,2021-03-15,18:00:00,1,Collision with vehicle,1,Monday,130,REAR END(VEHICLES IN SAME LANE),1,277798,Not at intersection,3,80,Freeway,MONASH,DANDENONG,-37.938606,145.19675,2021,3,March,18,Afternoon Peak,Weekday
T20210005743,2021-03-15,17:49:00,1,Collision with vehicle,1,Monday,130,REAR END(VEHICLES IN SAME LANE),1,678179,Not at intersection,2,80,Arterial Highway,STUD,DANDENONG,-37.971756,145.22327,2021,3,March,17,Afternoon Peak,Weekday
T20210005747,2021-03-15,16:33:00,1,Collision with vehicle,1,Monday,130,REAR END(VEHICLES IN SAME LANE),1,684584,Not at intersection,3,60,Arterial Highway,SYDNEY,MITCHELL,-37.288136,144.94946,2021,3,March,16,Afternoon Peak,Weekday
T20210005904,2021-03-15,16:00:00,1,Collision with vehicle,1,Monday,134,LANE CHANGE RIGHT (NOT OVERTAKING),1,678273,Not at intersection,3,60,Arterial Other,PALMERS,WYNDHAM,-37.85283,144.74521,2021,3,March,16,Afternoon Peak,Weekday
T20210005750,2021-03-15,17:45:00,2,Struck Pedestrian,1,Monday,102,FAR SIDE. PED HIT BY VEHICLE FROM THE LEFT,1,678090,Not at intersection,3,60,Arterial Other,CHESTERVILLE,KINGSTON,-37.952374,145.05812,2021,3,March,17,Afternoon Peak,Weekday
T20210005755,2021-03-15,17:11:00,1,Collision with vehicle,1,Monday,147,VEHICLE STRIKES ANOTHER VEH WHILE EMERGING FROM DRIVEWAY,1,678092,Not at intersection,3,50,Arterial Other,HIGH,MELTON,-37.68992,144.60336,2021,3,March,17,Afternoon Peak,Weekday
T20210005699,2021-03-15,07:38:00,1,Collision with vehicle,1,Monday,121,RIGHT THROUGH,1,427,T intersection,3,70,Arterial Other,HEIDELBERG-WARRANDYTE,MANNINGHAM,-37.752407,145.17436,2021,3,March,7,Morning Peak,Weekday
T20220004633,2021-03-15,16:45:00,1,Collision with vehicle,1,Monday,130,REAR END(VEHICLES IN SAME LANE),1,42185,T intersection,3,60,Arterial Other,BAY,BAYSIDE,-37.95587,145.0389,2021,3,March,16,Afternoon Peak,Weekday
T20210006761,2021-03-15,20:15:00,1,Collision with vehicle,1,Monday,135,LANE CHANGE LEFT (NOT OVERTAKING),3,685335,T intersection,3,50,Arterial Other,DUDLEY,MELBOURNE,-37.80848,144.95496,2021,3,March,20,Night,Weekday
T20210005767,2021-03-15,08:30:00,1,Collision with vehicle,1,Monday,121,RIGHT THROUGH,1,678342,Not at intersection,3,60,Local Road,BARWON,GEELONG,-38.16474,144.35686,2021,3,March,8,Morning Peak,Weekday
T20210005720,2021-03-15,13:05:00,1,Collision with vehicle,1,Monday,130,REAR END(VEHICLES IN SAME LANE),1,678783,Not at intersection,2,60,Arterial Highway,GLENELG,BALLARAT,-37.59044,143.80559,2021,3,March,13,Midday,Weekday
T20210005821,2021-03-15,15:15:00,1,Collision with vehicle,1,Monday,169,OTHER ON PATH,1,678590,Not at intersection,3,40,Arterial Other,SYDNEY,MORELAND,-37.758812,144.96355,2021,3,March,15,Afternoon Peak,Weekday
T20210005713,2021-03-15,08:06:00,1,Collision with vehicle,1,Monday,147,VEHICLE STRIKES ANOTHER VEH WHILE EMERGING FROM DRIVEWAY,1,269062,Not at intersection,2,60,Arterial Other,CRAIGIEBURN,HUME,-37.59889,144.9405,2021,3,March,8,Morning Peak,Weekday
T20210005766,2021-03-15,23:58:00,4,Collision with a fixed object,1,Monday,171,LEFT OFF CARRIAGEWAY INTO OBJECT/PARKED VEHICLE,3,687089,Not at intersection,2,50,Local Road,LEWIS,KNOX,-37.859425,145.25208,2021,3,March,23,Night,Weekday
T20210006117,2021-03-15,17:40:00,1,Collision with vehicle,1,Monday,135,LANE CHANGE LEFT (NOT OVERTAKING),9,678359,Not at intersection,3,60,Arterial Other,SUNSHINE,MARIBYRNONG,-37.800533,144.87085,2021,3,March,17,Afternoon Peak,Weekday
T20210005765,2021-03-15,23:15:00,2,Struck Pedestrian,1,Monday,100,PED NEAR SIDE. PED HIT BY VEHICLE FROM THE RIGHT.,3,325897,Cross intersection,2,60,Arterial Highway,NEPEAN,FRANKSTON,-38.145245,145.11992,2021,3,March,23,Night,Weekday
T20210005732,2021-03-15,13:36:00,1,Collision with vehicle,1,Monday,130,REAR END(VEHICLES IN SAME LANE),1,69624,T intersection,2,60,Arterial Highway,WARRIGAL,KINGSTON,-37.928055,145.08163,2021,3,March,13,Midday,Weekday
T20210005846,2021-03-15,08:20:00,1,Collision with vehicle,1,Monday,131,LEFT REAR,1,37735,T intersection,2,40,Arterial Other,HIGH,STONNINGTON,-37.852554,144.99849,2021,3,March,8,Morning Peak,Weekday
T20210007730,2021-03-15,07:15:00,1,Collision with vehicle,1,Monday,130,REAR END(VEHICLES IN SAME LANE),1,730099,Cross intersection,3,80,Arterial Highway,WARRIGAL,MONASH,-37.909416,145.08522,2021,3,March,7,Morning Peak,Weekday
T20210005734,2021-03-15,12:50:00,1,Collision with vehicle,1,Monday,130,REAR END(VEHICLES IN SAME LANE),1,681434,Not at intersection,2,80,Arterial Highway,STATE (BELL/SPRINGVALE),MONASH,-37.912254,145.15984,2021,3,March,12,Midday,Weekday
T20210006141,2021-03-15,13:30:00,1,Collision with vehicle,1,Monday,139,OTHER SAME DIRECTION-MANOUEVRES NOT INCLUDED IN DCAs 130-137,1,690410,T intersection,3,60,Local Road,GREENS,WYNDHAM,-37.885666,144.60132,2021,3,March,13,Midday,Weekday
T20210005692,2021-03-15,12:45:00,1,Collision with vehicle,1,Monday,130,REAR END(VEHICLES IN SAME LANE),1,678004,T intersection,2,80,Arterial Highway,DANDENONG,STONNINGTON,-37.86847,145.03114,2021,3,March,12,Midday,Weekday
T20210005722,2021-03-15,08:47:00,1,Collision with vehicle,1,Monday,135,LANE CHANGE LEFT (NOT OVERTAKING),1,685276,Not at intersection,3,80,Local Road,AUSTRAK,HUME,-37.638065,144.95044,2021,3,March,8,Morning Peak,Weekday
T20210005735,2021-03-15,13:57:00,1,Collision with vehicle,1,Monday,140,U TURN,1,781021,Cross intersection,3,80,Arterial Highway,PRINCES,DANDENONG,-37.96779,145.19556,2021,3,March,13,Midday,Weekday
T20210006680,2021-03-15,07:40:00,1,Collision with vehicle,1,Monday,121,RIGHT THROUGH,1,29393,T intersection,3,70,Arterial Other,SOUTH,GLEN EIRA,-37.93317,145.03638,2021,3,March,7,Morning Peak,Weekday
T20210005737,2021-03-15,15:08:00,2,Struck Pedestrian,1,Monday,102,FAR SIDE. PED HIT BY VEHICLE FROM THE LEFT,1,679340,T intersection,2,50,Local Road,CLARENDON,MELBOURNE,-37.81166,144.98334,2021,3,March,15,Afternoon Peak,Weekday
T20210005738,2021-03-15,15:05:00,1,Collision with vehicle,1,Monday,147,VEHICLE STRIKES ANOTHER VEH WHILE EMERGING FROM DRIVEWAY,1,678177,Not at intersection,3,60,Arterial Other,POWELLS,BENDIGO,-36.75914,144.31743,2021,3,March,15,Afternoon Peak,Weekday
T20210005795,2021-03-15,16:30:00,9,Other accident,1,Monday,179,OTHER ACCIDENTS-OFF STRAIGHT NOT INCLUDED IN DCAs 170-175,1,680717,Not at intersection,3,80,Arterial Other,WESTALL,DANDENONG,-37.973778,145.1388,2021,3,March,16,Afternoon Peak,Weekday
T20210005893,2021-03-15,13:45:00,1,Collision with vehicle,1,Monday,147,VEHICLE STRIKES ANOTHER VEH WHILE EMERGING FROM DRIVEWAY,1,730022,Not at intersection,3,50,Local Road,MAUDE,SHEPPARTON,-36.37624,145.40178,2021,3,March,13,Midday,Weekday
T20210005761,2021-03-15,22:05:00,1,Collision with vehicle,1,Monday,121,RIGHT THROUGH,3,679304,Cross intersection,3,70,Arterial Other,MELTON,MELTON,-37.69185,144.74426,2021,3,March,22,Night,Weekday
T20210005707,2021-03-15,08:13:00,2,Struck Pedestrian,1,Monday,102,FAR SIDE. PED HIT BY VEHICLE FROM THE LEFT,1,39431,T intersection,3,50,Arterial Other,BLACKBURN,WHITEHORSE,-37.820496,145.15294,2021,3,March,8,Morning Peak,Weekday
T20210005704,2021-03-15,08:40:00,1,Collision with vehicle,1,Monday,130,REAR END(VEHICLES IN SAME LANE),1,678007,Not at intersection,3,80,Freeway,WESTERN RING OUT-PASCOE VALE,HUME,-37.693813,144.9132,2021,3,March,8,Morning Peak,Weekday
T20210007190,2021-03-15,09:00:00,1,Collision with vehicle,1,Monday,130,REAR END(VEHICLES IN SAME LANE),1,92135,T intersection,3,60,Arterial Highway,TOORAK,BOROONDARA,-37.84885,145.08215,2021,3,March,9,Morning Peak,Weekday
T20210005794,2021-03-15,15:15:00,1,Collision with vehicle,1,Monday,130,REAR END(VEHICLES IN SAME LANE),1,773525,Unknown,3,80,Arterial Other,CRAIGIEBURN,WHITTLESEA,-37.605686,145.0019,2021,3,March,15,Afternoon Peak,Weekday
T20210006320,2021-03-16,13:30:00,1,Collision with vehicle,2,Tuesday,130,REAR END(VEHICLES IN SAME LANE),1,42332,T intersection,3,60,Arterial Highway,WARRIGAL,MONASH,-37.919193,145.08337,2021,3,March,13,Midday,Weekday
T20210005954,2021-03-16,23:45:00,4,Collision with a fixed object,2,Tuesday,173,RIGHT OFF CARRIAGEWAY INTO OBJECT/PARKED VEHICLE,3,678348,T intersection,2,80,Arterial Highway,STUD,DANDENONG,-37.965218,145.22453,2021,3,March,23,Night,Weekday
T20210006270,2021-03-16,19:53:00,1,Collision with vehicle,2,Tuesday,130,REAR END(VEHICLES IN SAME LANE),2,685626,Not at intersection,3,60,Local Road,CRAMER,DAREBIN,-37.739937,144.9992,2021,3,March,19,Night,Weekday
T20210006670,2021-03-16,15:50:00,1,Collision with vehicle,2,Tuesday,130,REAR END(VEHICLES IN SAME LANE),1,679303,Not at intersection,3,100,Freeway,WESTERN RING,BRIMBANK,-37.719433,144.87042,2021,3,March,15,Afternoon Peak,Weekday
T20210005863,2021-03-16,16:36:00,1,Collision with vehicle,2,Tuesday,130,REAR END(VEHICLES IN SAME LANE),1,678189,Not at intersection,3,80,Freeway,CALDER,MOONEE VALLEY,-37.73382,144.8855,2021,3,March,16,Afternoon Peak,Weekday
T20210005862,2021-03-16,21:15:00,4,Collision with a fixed object,2,Tuesday,175,OFF END OF ROAD/T-INTERSECTION.,3,291008,T intersection,2,60,Local Road,TOLL,HOBSONS BAY,-37.841274,144.83046,2021,3,March,21,Night,Weekday
T20210005860,2021-03-16,21:44:00,2,Struck Pedestrian,2,Tuesday,102,FAR SIDE. PED HIT BY VEHICLE FROM THE LEFT,3,678269,Not at intersection,3,60,Arterial Other,VICTORIA,YARRA,-37.811306,145.00813,2021,3,March,21,Night,Weekday
T20210005859,2021-03-16,20:40:00,4,Collision with a fixed object,2,Tuesday,171,LEFT OFF CARRIAGEWAY INTO OBJECT/PARKED VEHICLE,3,154659,Not at intersection,2,60,Arterial Other,THOMPSON,GEELONG,-38.089752,144.34747,2021,3,March,20,Night,Weekday
T20210005855,2021-03-16,19:30:00,4,Collision with a fixed object,2,Tuesday,171,LEFT OFF CARRIAGEWAY INTO OBJECT/PARKED VEHICLE,3,691841,Not at intersection,3,60,Local Road,TINKS,CASEY,-38.00781,145.29185,2021,3,March,19,Night,Weekday
T20210005853,2021-03-16,17:05:00,1,Collision with vehicle,2,Tuesday,121,RIGHT THROUGH,1,352427,T intersection,2,80,Arterial Highway,FAIRVIEW,DANDENONG,-37.934875,145.15533,2021,3,March,17,Afternoon Peak,Weekday
T20210005851,2021-03-16,19:30:00,4,Collision with a fixed object,2,Tuesday,171,LEFT OFF CARRIAGEWAY INTO OBJECT/PARKED VEHICLE,2,678419,Not at intersection,3,100,Arterial Highway,WESTERN,ARARAT,-37.22039,142.89116,2021,3,March,19,Night,Weekday
T20210005844,2021-03-16,17:15:00,4,Collision with a fixed object,2,Tuesday,171,LEFT OFF CARRIAGEWAY INTO OBJECT/PARKED VEHICLE,1,682216,Not at intersection,3,100,Arterial Highway,MIDLAND,BENDIGO,-36.52751,144.58585,2021,3,March,17,Afternoon Peak,Weekday
T20210005797,2021-03-16,09:05:00,1,Collision with vehicle,2,Tuesday,121,RIGHT THROUGH,1,73880,Cross intersection,2,60,Arterial Highway,RAGLAN,WARRNAMBOOL,-38.384502,142.51234,2021,3,March,9,Morning Peak,Weekday