ACCIDENT_NO,ACCIDENT_DATE,ACCIDENT_TIME,ACCIDENT_TYPE,ACCIDENT_TYPE_DESC,DAY_OF_WEEK,DAY_WEEK_DESC,DCA_CODE,DCA_DESC,LIGHT_CONDITION,NODE_ID,ROAD_GEOMETRY_DESC,SEVERITY,SPEED_ZONE,RMA,ROAD_NAME,LGA_NAME,LATITUDE,LONGITUDE,YEAR,MONTH,MONTH_NAME,HOUR,TIME_PERIOD,DAY_TYPE
T20210005838,2021-03-16,16:39:00,1,Collision with vehicle,2,Tuesday,121,RIGHT THROUGH,1,37177,Cross intersection,3,80,Arterial Highway,STUD,KNOX,-37.902264,145.23509,2021,3,March,16,Afternoon Peak,Weekday
T20210005934,2021-03-16,13:30:00,1,Collision with vehicle,2,Tuesday,132,RIGHT REAR.,1,299559,Cross intersection,3,60,Arterial Other,KINGSBURY,DAREBIN,-37.71709,145.04309,2021,3,March,13,Midday,Weekday
T20210005782,2021-03-16,06:43:00,1,Collision with vehicle,2,Tuesday,130,REAR END(VEHICLES IN SAME LANE),3,730015,Not at intersection,2,60,Arterial Other,SYNNOT,WYNDHAM,-37.902134,144.66249,2021,3,March,6,Morning Peak,Weekday
T20210005778,2021-03-16,08:20:00,1,Collision with vehicle,2,Tuesday,110,CROSS TRAFFIC(INTERSECTIONS ONLY),1,308330,Cross intersection,3,50,Local Road,PLUMRIDGE,BENDIGO,-36.725807,144.29811,2021,3,March,8,Morning Peak,Weekday
T20210005774,2021-03-16,05:24:00,4,Collision with a fixed object,2,Tuesday,171,LEFT OFF CARRIAGEWAY INTO OBJECT/PARKED VEHICLE,3,682762,Not at intersection,3,50,Arterial Other,JOHNSTON,YARRA,-37.798676,144.98161,2021,3,March,5,Morning Peak,Weekday
T20210006984,2021-03-16,15:30:00,1,Collision with vehicle,2,Tuesday,130,REAR END(VEHICLES IN SAME LANE),9,680529,Not at intersection,3,100,Freeway,WESTERN RING,BRIMBANK,-37.810345,144.80774,2021,3,March,15,Afternoon Peak,Weekday
T20210006624,2021-03-16,08:31:00,1,Collision with vehicle,2,Tuesday,110,CROSS TRAFFIC(INTERSECTIONS ONLY),1,36320,Cross intersection,2,60,Arterial Other,MORNINGTON-TYABB,MORNINGTON PENINSULA,-38.231327,145.04599,2021,3,March,8,Morning Peak,Weekday
T20210005768,2021-03-16,02:30:00,6,Vehicle overturned (no collision),2,Tuesday,170,OFF CARRIAGEWAY TO LEFT,5,682008,Not at intersection,2,100,Arterial Other,SEA LAKE-SWAN HILL,BULOKE,-35.504204,142.87354,2021,3,March,2,Late Night,Weekday
T20210006283,2021-03-16,13:00:00,2,Struck Pedestrian,2,Tuesday,107,PED ON FOOTHPATH STRUCK BY VEHENTERING/LEAVING DRIVEWAY.,1,678790,Not at intersection,3,50,Local Road,ST EDMONDS,STONNINGTON,-37.849987,144.99184,2021,3,March,13,Midday,Weekday
T20210005812,2021-03-16,06:50:00,4,Collision with a fixed object,2,Tuesday,183,OFF LEFT BEND INTO OBJECT/PARKED VEHICLE,2,678185,Not at intersection,2,100,Local Road,TAMBO UPPER,EAST GIPPSLAND,-37.740288,147.8594,2021,3,March,6,Morning Peak,Weekday
T20210005806,2021-03-16,13:42:00,8,No collision and no object struck,2,Tuesday,174,OUT OF CONTROL ON CARRIAGEWAY (ON STRAIGHT),1,678416,Not at intersection,2,60,Arterial Other,MELTON-WERRIBEE,WYNDHAM,-37.86097,144.68593,2021,3,March,13,Midday,Weekday
T20210005827,2021-03-16,17:05:00,2,Struck Pedestrian,2,Tuesday,100,PED NEAR SIDE. PED HIT BY VEHICLE FROM THE RIGHT.,1,730019,Not at intersection,2,50,Local Road,FITZGERALD,GLENELG,-38.340168,141.58984,2021,3,March,17,Afternoon Peak,Weekday
T20210005820,2021-03-16,15:35:00,1,Collision with vehicle,2,Tuesday,153,CUTTING IN (OVERTAKING),1,681916,Not at intersection,3,100,Freeway,PRINCES,WYNDHAM,-37.838314,144.79816,2021,3,March,15,Afternoon Peak,Weekday
T20210005828,2021-03-16,10:15:00,1,Collision with vehicle,2,Tuesday,131,LEFT REAR,1,56955,Cross intersection,3,60,Arterial Other,TONE,WANGARATTA,-36.3606,146.31004,2021,3,March,10,Midday,Weekday
T20210005829,2021-03-16,16:36:00,6,Vehicle overturned (no collision),2,Tuesday,174,OUT OF CONTROL ON CARRIAGEWAY (ON STRAIGHT),1,55020,T intersection,2,70,Arterial Highway,WARBURTON,YARRA RANGES,-37.774765,145.64406,2021,3,March,16,Afternoon Peak,Weekday
T20210008319,2021-03-16,16:30:00,1,Collision with vehicle,2,Tuesday,130,REAR END(VEHICLES IN SAME LANE),1,680776,Not at intersection,3,60,Local Road,AIRPORT,HUME,-37.67566,144.85246,2021,3,March,16,Afternoon Peak,Weekday
T20210005787,2021-03-16,09:04:00,4,Collision with a fixed object,2,Tuesday,173,RIGHT OFF CARRIAGEWAY INTO OBJECT/PARKED VEHICLE,1,680626,Not at intersection,2,100,Arterial Highway,MIDLAND,CAMPASPE,-36.452065,144.95152,2021,3,March,9,Morning Peak,Weekday
T20210005982,2021-03-16,10:15:00,1,Collision with vehicle,2,Tuesday,145,REVERSING IN STREAM OF TRAFFIC,1,678350,Cross intersection,3,70,Local Road,BOUNDARY,MELTON,-37.80501,144.69586,2021,3,March,10,Midday,Weekday
T20210005831,2021-03-16,17:12:00,1,Collision with vehicle,2,Tuesday,130,REAR END(VEHICLES IN SAME LANE),1,678188,Not at intersection,3,60,Arterial Highway,HERTFORD,BALLARAT,-37.58679,143.82967,2021,3,March,17,Afternoon Peak,Weekday
T20210005814,2021-03-16,11:30:00,1,Collision with vehicle,2,Tuesday,129,OTHER OPPOSING MANOEUVRES NOT INCLUDED IN DCAs 120-125.,1,730018,T intersection,3,70,Local Road,GLASSCOCKS,CASEY,-38.07068,145.29337,2021,3,March,11,Midday,Weekday
T20210006038,2021-03-16,11:15:00,1,Collision with vehicle,2,Tuesday,110,CROSS TRAFFIC(INTERSECTIONS ONLY),1,44485,Cross intersection,3,60,Arterial Other,CARR,GEELONG,-38.168995,144.37611,2021,3,March,11,Midday,Weekday
T20210005785,2021-03-16,10:30:00,6,Vehicle overturned (no collision),2,Tuesday,182,OFF CARRIAGEWAY ON LEFT BEND,1,680092,Not at intersection,2,100,Local Road,LANCEFIELD-PYALONG,MITCHELL,-37.152027,144.8471,2021,3,March,10,Midday,Weekday
T20210005826,2021-03-16,16:04:00,1,Collision with vehicle,2,Tuesday,169,OTHER ON PATH,1,681222,Not at intersection,2,50,Local Road,ST JOHNS,DANDENONG,-37.955883,145.14832,2021,3,March,16,Afternoon Peak,Weekday
T20210005792,2021-03-16,06:46:00,1,Collision with vehicle,2,Tuesday,113,RIGHT NEAR (INTERSECTIONS ONLY),2,48260,T intersection,2,60,Arterial Other,QUEEN,HOBSONS BAY,-37.87423,144.81288,2021,3,March,6,Morning Peak,Weekday
T20210005788,2021-03-16,10:40:00,1,Collision with vehicle,2,Tuesday,111,RIGHT FAR (INTERSECTIONS ONLY),1,678311,T intersection,3,80,Arterial Other,CRANBOURNE-FRANKSTON,CASEY,-38.11475,145.25145,2021,3,March,10,Midday,Weekday
T20210005803,2021-03-16,07:04:00,1,Collision with vehicle,2,Tuesday,130,REAR END(VEHICLES IN SAME LANE),1,252398,Not at intersection,2,80,Freeway,WEST GATE,MELBOURNE,-37.825607,144.937,2021,3,March,7,Morning Peak,Weekday
T20210009120,2021-03-16,20:00:00,2,Struck Pedestrian,2,Tuesday,104,PED WALKING WITH TRAFFIC,5,682256,Not at intersection,3,60,Arterial Other,NEERIM,GLEN EIRA,-37.888607,145.05516,2021,3,March,20,Night,Weekday
T20210005836,2021-03-16,16:12:00,1,Collision with vehicle,2,Tuesday,121,RIGHT THROUGH,1,42214,T intersection,2,70,Arterial Other,SOUTH,GLEN EIRA,-37.934605,145.04832,2021,3,March,16,Afternoon Peak,Weekday
T20210005916,2021-03-17,15:35:00,4,Collision with a fixed object,3,Wednesday,173,RIGHT OFF CARRIAGEWAY INTO OBJECT/PARKED VEHICLE,1,695514,Not at intersection,3,70,Arterial Other,SYDNEY,HUME,-37.684128,144.95728,2021,3,March,15,Afternoon Peak,Weekday
T20210005913,2021-03-17,12:50:00,1,Collision with vehicle,3,Wednesday,130,REAR END(VEHICLES IN SAME LANE),1,55229,T intersection,2,50,Local Road,BOX FOREST,MORELAND,-37.703896,144.95448,2021,3,March,12,Midday,Weekday
T20210005903,2021-03-17,12:20:00,1,Collision with vehicle,3,Wednesday,130,REAR END(VEHICLES IN SAME LANE),1,688122,Cross intersection,2,80,Local Road,MCCLELLAND,FRANKSTON,-38.17749,145.16539,2021,3,March,12,Midday,Weekday
T20210005897,2021-03-17,09:35:00,1,Collision with vehicle,3,Wednesday,110,CROSS TRAFFIC(INTERSECTIONS ONLY),1,44550,Cross intersection,3,60,Arterial Other,CAMP,HUME,-37.68613,144.92683,2021,3,March,9,Morning Peak,Weekday
T20210005891,2021-03-17,11:00:00,1,Collision with vehicle,3,Wednesday,179,OTHER ACCIDENTS-OFF STRAIGHT NOT INCLUDED IN DCAs 170-175,1,680716,Not at intersection,2,60,Local Road,UNNAMED,GLEN EIRA,-37.921795,145.06517,2021,3,March,11,Midday,Weekday
T20210005888,2021-03-17,08:43:00,1,Collision with vehicle,3,Wednesday,135,LANE CHANGE LEFT (NOT OVERTAKING),1,678272,Multiple intersection,2,100,Freeway,WESTERN RING,BRIMBANK,-37.800728,144.79874,2021,3,March,8,Morning Peak,Weekday
T20210005887,2021-03-17,10:12:00,1,Collision with vehicle,3,Wednesday,160,VEHICLE COLLIDES WITH VEHICLE PARKED ON LEFT OF ROAD,1,678592,Not at intersection,3,50,Local Road,CHALCOT,CASEY,-37.9722,145.24861,2021,3,March,10,Midday,Weekday
T20210005886,2021-03-17,08:06:00,1,Collision with vehicle,3,Wednesday,130,REAR END(VEHICLES IN SAME LANE),1,730021,T intersection,3,60,Arterial Highway,PRINCES,EAST GIPPSLAND,-37.81995,147.64905,2021,3,March,8,Morning Peak,Weekday
T20210005885,2021-03-17,07:00:00,1,Collision with vehicle,3,Wednesday,116,LEFT NEAR (INTERSECTIONS ONLY),1,50281,T intersection,2,80,Local Road,BONNYVALE,GEELONG,-38.259598,144.55734,2021,3,March,7,Morning Peak,Weekday
T20210008296,2021-03-17,19:30:00,8,No collision and no object struck,3,Wednesday,170,OFF CARRIAGEWAY TO LEFT,2,70880,Cross intersection,3,50,Local Road,CHARLES,CASEY,-37.99891,145.25659,2021,3,March,19,Night,Weekday
T20210007717,2021-03-17,08:40:00,1,Collision with vehicle,3,Wednesday,132,RIGHT REAR.,1,680139,T intersection,2,60,Local Road,WILLIAM,MITCHELL,-37.40618,144.9756,2021,3,March,8,Morning Peak,Weekday
T20210005884,2021-03-17,07:20:00,1,Collision with vehicle,3,Wednesday,140,U TURN,1,36695,T intersection,3,40,Arterial Other,JOHNSTON,YARRA,-37.800037,144.99495,2021,3,March,7,Morning Peak,Weekday
T20210005882,2021-03-17,09:06:00,2,Struck Pedestrian,3,Wednesday,100,PED NEAR SIDE. PED HIT BY VEHICLE FROM THE RIGHT.,1,678271,Cross intersection,3,40,Local Road,SOUTH,YARRA,-37.791985,144.99042,2021,3,March,9,Morning Peak,Weekday
T20210005881,2021-03-17,09:20:00,6,Vehicle overturned (no collision),3,Wednesday,149,OTHER MANOEUVRING NOT INCLUDED IN DCAs 140-148,1,678270,T intersection,2,50,Local Road,CALROSSIE,BANYULE,-37.714188,145.1268,2021,3,March,9,Morning Peak,Weekday
T20210005872,2021-03-17,05:40:00,1,Collision with vehicle,3,Wednesday,113,RIGHT NEAR (INTERSECTIONS ONLY),5,53459,Cross intersection,2,100,Arterial Highway,CALDER ALTERNATIVE,BENDIGO,-36.79513,144.1578,2021,3,March,5,Morning Peak,Weekday
T20210006813,2021-03-17,10:39:00,1,Collision with vehicle,3,Wednesday,160,VEHICLE COLLIDES WITH VEHICLE PARKED ON LEFT OF ROAD,1,679455,Not at intersection,2,50,Local Road,MERTON,PORT PHILLIP,-37.84048,144.95328,2021,3,March,10,Midday,Weekday
T20210006820,2021-03-17,13:34:00,4,Collision with a fixed object,3,Wednesday,171,LEFT OFF CARRIAGEWAY INTO OBJECT/PARKED VEHICLE,1,679063,Not at intersection,3,80,Freeway,METROPOLITAN RING,WHITTLESEA,-37.68804,144.9965,2021,3,March,13,Midday,Weekday
T20210006075,2021-03-17,09:20:00,1,Collision with vehicle,3,Wednesday,130,REAR END(VEHICLES IN SAME LANE),1,22618,T intersection,3,60,Arterial Other,MAIR STREET -MAIR,BALLARAT,-37.560116,143.86111,2021,3,March,9,Morning Peak,Weekday
T20210006299,2021-03-17,10:15:00,1,Collision with vehicle,3,Wednesday,131,LEFT REAR,1,297478,Multiple intersection,3,60,Freeway,SOUTH GIPPSLAND OUT-POUND,CASEY,-38.025856,145.24863,2021,3,March,10,Midday,Weekday
T20210005864,2021-03-17,00:24:00,6,Vehicle overturned (no collision),3,Wednesday,174,OUT OF CONTROL ON CARRIAGEWAY (ON STRAIGHT),3,684525,Not at intersection,2,60,Arterial Other,HIGH,STONNINGTON,-37.859776,145.05457,2021,3,March,0,Late Night,Weekday
T20210006708,2021-03-17,06:55:00,1,Collision with vehicle,3,Wednesday,130,REAR END(VEHICLES IN SAME LANE),2,680575,Not at intersection,3,60,Local Road,RACECOURSE,MORNINGTON PENINSULA,-38.23922,145.06573,2021,3,March,6,Morning Peak,Weekday
T20210008056,2021-03-17,16:00:00,1,Collision with vehicle,3,Wednesday,130,REAR END(VEHICLES IN SAME LANE),1,680528,Not at intersection,3,100,Freeway,WESTERN RING,BRIMBANK,-37.767815,144.81322,2021,3,March,16,Afternoon Peak,Weekday
T20210008034,2021-03-17,08:30:00,1,Collision with vehicle,3,Wednesday,131,LEFT REAR,1,35331,Cross intersection,3,60,Arterial Highway,GREENSBOROUGH,BANYULE,-37.70317,145.08983,2021,3,March,8,Morning Peak,Weekday
T20210006988,2021-03-17,07:30:00,6,Vehicle overturned (no collision),3,Wednesday,170,OFF CARRIAGEWAY TO LEFT,1,681304,Not at intersection,3,40,Arterial Other,EMERALD-MONBULK,CARDINIA,-37.914955,145.44626,2021,3,March,7,Morning Peak,Weekday
T20220003626,2021-03-17,17:10:00,1,Collision with vehicle,3,Wednesday,130,REAR END(VEHICLES IN SAME LANE),1,731390,T intersection,3,50,Arterial Other,BARKLY,BALLARAT,-37.566833,143.8657,2021,3,March,17,Afternoon Peak,Weekday
T20210010860,2021-03-17,18:00:00,1,Collision with vehicle,3,Wednesday,130,REAR END(VEHICLES IN SAME LANE),2,683206,Not at intersection,3,100,Freeway,MONASH,CASEY,-37.98223,145.2451,2021,3,March,18,Afternoon Peak,Weekday
T20210005969,2021-03-17,23:51:00,8,No collision and no object struck,3,Wednesday,174,OUT OF CONTROL ON CARRIAGEWAY (ON STRAIGHT),3,678277,Not at intersection,2,60,Arterial Other,GORDON,MARIBYRNONG,-37.799965,144.88795,2021,3,March,23,Night,Weekday
T20210011987,2021-03-17,14:08:00,1,Collision with vehicle,3,Wednesday,130,REAR END(VEHICLES IN SAME LANE),1,687862,Not at intersection,3,80,Freeway,CITYLINK,MELBOURNE,-37.80788,144.93333,2021,3,March,14,Midday,Weekday
T20210005963,2021-03-17,07:55:00,1,Collision with vehicle,3,Wednesday,120,HEAD ON (NOT OVERTAKING),1,678276,Not at intersection,3,60,Local Road,COULSONS,BALLARAT,-37.567066,143.92517,2021,3,March,7,Morning Peak,Weekday
T20210005962,2021-03-17,23:50:00,1,Collision with vehicle,3,Wednesday,110,CROSS TRAFFIC(INTERSECTIONS ONLY),3,29594,Cross intersection,2,50,Local Road,ALMA,PORT PHILLIP,-37.86146,144.99161,2021,3,March,23,Night,Weekday
T20210006123,2021-03-17,19:00:00,1,Collision with vehicle,3,Wednesday,130,REAR END(VEHICLES IN SAME LANE),1,679767,Not at intersection,3,80,Freeway,MONASH,CASEY,-37.982273,145.24513,2021,3,March,19,Night,Weekday
T20210006169,2021-03-17,04:45:00,4,Collision with a fixed object,3,Wednesday,171,LEFT OFF CARRIAGEWAY INTO OBJECT/PARKED VEHICLE,5,680714,Not at intersection,2,80,Local Road,GOLF LINKS,MORNINGTON PENINSULA,-38.192787,145.17345,2021,3,March,4,Late Night,Weekday
T20210006541,2021-03-17,13:00:00,4,Collision with a fixed object,3,Wednesday,164,PERMANENT OBSTRUCTION ON CARRIAGEWAY,1,678799,Not at intersection,3,50,Local Road,FIRST,MOONEE VALLEY,-37.734818,144.90796,2021,3,March,13,Midday,Weekday
T20210005961,2021-03-17,20:10:00,1,Collision with vehicle,3,Wednesday,160,VEHICLE COLLIDES WITH VEHICLE PARKED ON LEFT OF ROAD,3,689920,Not at intersection,2,60,Local Road,OLLERTON,LATROBE,-38.181484,146.2794,2021,3,March,20,Night,Weekday
T20210005958,2021-03-17,20:25:00,4,Collision with a fixed object,3,Wednesday,173,RIGHT OFF CARRIAGEWAY INTO OBJECT/PARKED VEHICLE,5,683361,Not at intersection,3,80,Local Road,SYKES,GOLDEN PLAINS,-37.77637,143.70045,2021,3,March,20,Night,Weekday
T20210005956,2021-03-17,17:24:00,1,Collision with vehicle,3,Wednesday,113,RIGHT NEAR (INTERSECTIONS ONLY),1,52228,T intersection,2,80,Local Road,OLD MELBOURNE,LATROBE,-38.20076,146.47984,2021,3,March,17,Afternoon Peak,Weekday
T20210005973,2021-03-17,08:20:00,1,Collision with vehicle,3,Wednesday,113,RIGHT NEAR (INTERSECTIONS ONLY),1,355793,T intersection,3,60,Arterial Highway,PHILLIP ISLAND,BASS COAST,-38.5212,145.37828,2021,3,March,8,Morning Peak,Weekday
T20210005947,2021-03-17,18:32:00,2,Struck Pedestrian,3,Wednesday,102,FAR SIDE. PED HIT BY VEHICLE FROM THE LEFT,1,686336,Not at intersection,2,50,Local Road,LIBERTY,KNOX,-37.928658,145.24493,2021,3,March,18,Afternoon Peak,Weekday
T20210005946,2021-03-17,18:40:00,1,Collision with vehicle,3,Wednesday,129,OTHER OPPOSING MANOEUVRES NOT INCLUDED IN DCAs 120-125.,1,683309,T intersection,2,50,Local Road,JEWELL,BENDIGO,-36.742516,144.3065,2021,3,March,18,Afternoon Peak,Weekday
T20210005943,2021-03-17,19:09:00,1,Collision with vehicle,3,Wednesday,121,RIGHT THROUGH,2,294710,T intersection,2,60,Arterial Other,MILLERS,HOBSONS BAY,-37.844063,144.84607,2021,3,March,19,Night,Weekday
T20210005939,2021-03-17,17:20:00,1,Collision with vehicle,3,Wednesday,121,RIGHT THROUGH,1,35525,Cross intersection,3,60,Arterial Other,HIGHBURY,MONASH,-37.857563,145.13144,2021,3,March,17,Afternoon Peak,Weekday
T20210005937,2021-03-17,17:15:00,1,Collision with vehicle,3,Wednesday,110,CROSS TRAFFIC(INTERSECTIONS ONLY),1,678274,Cross intersection,3,50,Local Road,HAZEL GLEN,WHITTLESEA,-37.58826,145.13715,2021,3,March,17,Afternoon Peak,Weekday
T20210005936,2021-03-17,17:30:00,1,Collision with vehicle,3,Wednesday,113,RIGHT NEAR (INTERSECTIONS ONLY),1,678347,T intersection,2,80,Arterial Other,LEWIS,KNOX,-37.856228,145.25375,2021,3,March,17,Afternoon Peak,Weekday
T20210012487,2021-03-17,08:30:00,8,No collision and no object struck,3,Wednesday,199,UNKNOWN-NO DETAILS ON MANOEUVRES OF ROAD-USERS IN ACCIDENT,1,685406,Not at intersection,3,50,Local Road,ROBINSON,DANDENONG,-37.985477,145.2113,2021,3,March,8,Morning Peak,Weekday
T20210005933,2021-03-17,15:25:00,1,Collision with vehicle,3,Wednesday,113,RIGHT NEAR (INTERSECTIONS ONLY),1,72150,T intersection,3,80,Arterial Highway,SOUTH GIPPSLAND,CASEY,-38.156685,145.31743,2021,3,March,15,Afternoon Peak,Weekday
T20210005932,2021-03-17,15:45:00,1,Collision with vehicle,3,Wednesday,110,CROSS TRAFFIC(INTERSECTIONS ONLY),1,71108,Cross intersection,3,60,Arterial Other,FOREST,GEELONG,-38.033997,144.39441,2021,3,March,15,Afternoon Peak,Weekday
T20210006239,2021-03-17,05:50:00,1,Collision with vehicle,3,Wednesday,130,REAR END(VEHICLES IN SAME LANE),2,681063,Not at intersection,2,100,Freeway,WESTERN,MELTON,-37.745808,144.70229,2021,3,March,5,Morning Peak,Weekday
T20210005928,2021-03-17,14:40:00,1,Collision with vehicle,3,Wednesday,134,LANE CHANGE RIGHT (NOT OVERTAKING),1,682042,Not at intersection,3,80,Freeway,FITZGERALD-WESTERN RING IN,BRIMBANK,-37.7942,144.78778,2021,3,March,14,Midday,Weekday
T20210007690,2021-03-17,15:00:00,6,Vehicle overturned (no collision),3,Wednesday,174,OUT OF CONTROL ON CARRIAGEWAY (ON STRAIGHT),1,680043,Not at intersection,3,80,Freeway,2997B 2998B,YARRA,-37.830856,145.00716,2021,3,March,15,Afternoon Peak,Weekday
T20210006450,2021-03-17,10:37:00,6,Vehicle overturned (no collision),3,Wednesday,184,OUT OF CONTROL ON CARRIAGEWAY (ON BEND),1,682445,Multiple intersection,2,100,Freeway,WESTERN RING IN-WESTERN,BRIMBANK,-37.799904,144.7816,2021,3,March,10,Midday,Weekday
T20210005981,2021-03-17,17:30:00,1,Collision with vehicle,3,Wednesday,137,LEFT TURN SIDESWIPE,1,29528,T intersection,3,60,Arterial Highway,RACECOURSE ROAD -SMITHFIELD,MELBOURNE,-37.787704,144.92525,2021,3,March,17,Afternoon Peak,Weekday
T20210006567,2021-03-17,15:30:00,7,Fall from or in moving vehicle,3,Wednesday,190,FELL IN/FROM VEHICLE,1,678893,Not at intersection,2,60,Local Road,TANNER,GEELONG,-38.18332,144.3691,2021,3,March,15,Afternoon Peak,Weekday
T20210006431,2021-03-17,15:17:00,1,Collision with vehicle,3,Wednesday,148,VEHICLE OFF FOOTPATH STRIKES VEH ON CARRIAGEWAY,1,679769,Not at intersection,3,50,Local Road,STATION,MOORABOOL,-37.68694,144.43617,2021,3,March,15,Afternoon Peak,Weekday
T20210006063,2021-03-17,23:05:00,1,Collision with vehicle,3,Wednesday,110,CROSS TRAFFIC(INTERSECTIONS ONLY),3,49839,Cross intersection,3,60,Arterial Other,SHANNON,GEELONG,-38.13066,144.3383,2021,3,March,23,Night,Weekday
T20210005919,2021-03-17,13:14:00,4,Collision with a fixed object,3,Wednesday,173,RIGHT OFF CARRIAGEWAY INTO OBJECT/PARKED VEHICLE,1,678971,Not at intersection,2,100,Local Road,EILDON-JAMIESON,MANSFIELD,-37.282806,146.10838,2021,3,March,13,Midday,Weekday
T20210005918,2021-03-17,14:25:00,1,Collision with vehicle,3,Wednesday,111,RIGHT FAR (INTERSECTIONS ONLY),1,45624,T intersection,2,80,Arterial Other,MAHONEYS,WHITTLESEA,-37.691135,144.97504,2021,3,March,14,Midday,Weekday
T20210005986,2021-03-18,12:20:00,2,Struck Pedestrian,4,Thursday,102,FAR SIDE. PED HIT BY VEHICLE FROM THE LEFT,1,679230,Not at intersection,2,60,Arterial Other,HIGH STREET SERVICE,MACEDON RANGES,-37.3564,144.5281,2021,3,March,12,Midday,Weekday
T20210006060,2021-03-18,20:25:00,1,Collision with vehicle,4,Thursday,121,RIGHT THROUGH,3,11736,Cross intersection,3,60,Arterial Other,BOUNDARY,MELBOURNE,-37.787827,144.9405,2021,3,March,20,Night,Weekday
T20210007279,2021-03-18,13:00:00,2,Struck Pedestrian,4,Thursday,100,PED NEAR SIDE. PED HIT BY VEHICLE FROM THE RIGHT.,1,679628,Cross intersection,3,50,Local Road,FRISWELL,BENDIGO,-36.783978,144.29765,2021,3,March,13,Midday,Weekday
T20210007568,2021-03-18,13:40:00,1,Collision with vehicle,4,Thursday,121,RIGHT THROUGH,1,29356,T intersection,2,60,Arterial Other,SYDNEY,MORELAND,-37.76549,144.96239,2021,3,March,13,Midday,Weekday
T20210006046,2021-03-18,18:55:00,6,Vehicle overturned (no collision),4,Thursday,170,OFF CARRIAGEWAY TO LEFT,2,678700,Not at intersection,3,60,Local Road,PYRAMID ROCK,BASS COAST,-38.4671,145.22017,2021,3,March,18,Afternoon Peak,Weekday
T20210005992,2021-03-18,13:25:00,1,Collision with vehicle,4,Thursday,171,LEFT OFF CARRIAGEWAY INTO OBJECT/PARKED VEHICLE,1,678308,Not at intersection,2,60,Arterial Highway,HIGH,BENDIGO,-36.77256,144.25868,2021,3,March,13,Midday,Weekday
T20210006047,2021-03-18,15:00:00,1,Collision with vehicle,4,Thursday,130,REAR END(VEHICLES IN SAME LANE),1,730029,Not at intersection,3,60,Local Road,CORRIGAN,DANDENONG,-37.96073,145.1693,2021,3,March,15,Afternoon Peak,Weekday
T20210005995,2021-03-18,13:18:00,1,Collision with vehicle,4,Thursday,110,CROSS TRAFFIC(INTERSECTIONS ONLY),1,29647,Cross intersection,2,60,Arterial Other,GRANGE,GLEN EIRA,-37.900524,145.0447,2021,3,March,13,Midday,Weekday
T20210006004,2021-03-18,10:59:00,1,Collision with vehicle,4,Thursday,113,RIGHT NEAR (INTERSECTIONS ONLY),1,47639,Cross intersection,1,100,Freeway,PRINCES,CARDINIA,-38.07973,145.74539,2021,3,March,10,Midday,Weekday
T20210006557,2021-03-18,15:30:00,1,Collision with vehicle,4,Thursday,130,REAR END(VEHICLES IN SAME LANE),1,763747,Not at intersection,2,100,Freeway,SOUTH GIPPSLAND,DANDENONG,-38.008022,145.25096,2021,3,March,15,Afternoon Peak,Weekday
T20210006000,2021-03-18,13:50:00,6,Vehicle overturned (no collision),4,Thursday,174,OUT OF CONTROL ON CARRIAGEWAY (ON STRAIGHT),1,678351,Not at intersection,2,100,Local Road,BRIDGEWATER LAKES,GLENELG,-38.326126,141.41031,2021,3,March,13,Midday,Weekday
T20210011185,2021-03-18,21:29:00,2,Struck Pedestrian,4,Thursday,109,ANY MANOEUVRE INVOLVING PED NOT INCLUDED IN DCAs 100-108.,3,42920,T intersection,3,50,Local Road,DOUGLAS,DANDENONG,-37.965576,145.17393,2021,3,March,21,Night,Weekday
T20210006051,2021-03-18,20:15:00,2,Struck Pedestrian,4,Thursday,102,FAR SIDE. PED HIT BY VEHICLE FROM THE LEFT,3,679505,Not at intersection,3,70,Arterial Other,KEON,DAREBIN,-37.6952,145.01384,2021,3,March,20,Night,Weekday
T20210006057,2021-03-18,06:20:00,1,Collision with vehicle,4,Thursday,113,RIGHT NEAR (INTERSECTIONS ONLY),2,52373,Multiple intersection,2,70,Arterial Highway,PRINCES,WELLINGTON,-38.09357,147.06886,2021,3,March,6,Morning Peak,Weekday
T20210005959,2021-03-18,16:00:00,1,Collision with vehicle,4,Thursday,160,VEHICLE COLLIDES WITH VEHICLE PARKED ON LEFT OF ROAD,1,678972,Not at intersection,2,50,Local Road,SANDOVER,HUME,-37.614204,144.9282,2021,3,March,16,Afternoon Peak,Weekday
T20210005960,2021-03-18,16:28:00,2,Struck Pedestrian,4,Thursday,102,FAR SIDE. PED HIT BY VEHICLE FROM THE LEFT,1,405,T intersection,2,40,Local Road,CANDY,DAREBIN,-37.77962,144.99695,2021,3,March,16,Afternoon Peak,Weekday
T20210006056,2021-03-18,17:25:00,1,Collision with vehicle,4,Thursday,134,LANE CHANGE RIGHT (NOT OVERTAKING),1,682347,Not at intersection,2,60,Arterial Highway,WARRIGAL,STONNINGTON,-37.891193,145.08855,2021,3,March,17,Afternoon Peak,Weekday
T20210006055,2021-03-18,18:35:00,1,Collision with vehicle,4,Thursday,137,LEFT TURN SIDESWIPE,1,679506,Not at intersection,3,50,Local Road,ALBERT,MELBOURNE,-37.80968,144.97696,2021,3,March,18,Afternoon Peak,Weekday
T20210006024,2021-03-18,16:30:00,1,Collision with vehicle,4,Thursday,121,RIGHT THROUGH,1,678498,Not at intersection,2,80,Arterial Highway,SPRINGVALE,DANDENONG,-37.963455,145.15002,2021,3,March,16,Afternoon Peak,Weekday
T20210006204,2021-03-18,15:20:00,1,Collision with vehicle,4,Thursday,121,RIGHT THROUGH,1,44996,T intersection,3,60,Arterial Other,FURLONG,BRIMBANK,-37.760677,144.81465,2021,3,March,15,Afternoon Peak,Weekday