ACCIDENT_NO,ACCIDENT_DATE,ACCIDENT_TIME,ACCIDENT_TYPE,ACCIDENT_TYPE_DESC,DAY_OF_WEEK,DAY_WEEK_DESC,DCA_CODE,DCA_DESC,LIGHT_CONDITION,NODE_ID,ROAD_GEOMETRY_DESC,SEVERITY,SPEED_ZONE,RMA,ROAD_NAME,LGA_NAME,LATITUDE,LONGITUDE,YEAR,MONTH,MONTH_NAME,HOUR,TIME_PERIOD,DAY_TYPE
T20210006025,2021-03-18,16:42:00,1,Collision with vehicle,4,Thursday,121,RIGHT THROUGH,1,44003,T intersection,2,60,Arterial Other,FRANKSTON-FLINDERS,MORNINGTON PENINSULA,-38.25784,145.18982,2021,3,March,16,Afternoon Peak,Weekday
T20210005984,2021-03-18,08:50:00,1,Collision with vehicle,4,Thursday,110,CROSS TRAFFIC(INTERSECTIONS ONLY),1,678278,Cross intersection,2,100,Local Road,FOREST,COLAC OTWAY,-38.398617,143.59578,2021,3,March,8,Morning Peak,Weekday
T20210005985,2021-03-18,11:45:00,1,Collision with vehicle,4,Thursday,130,REAR END(VEHICLES IN SAME LANE),1,54245,T intersection,3,60,Local Road,MAIR,BALLARAT,-37.558907,143.85081,2021,3,March,11,Midday,Weekday
T20210006028,2021-03-18,16:51:00,1,Collision with vehicle,4,Thursday,113,RIGHT NEAR (INTERSECTIONS ONLY),1,588856,T intersection,3,70,Arterial Other,FERNTREE GULLY,MONASH,-37.897842,145.1136,2021,3,March,16,Afternoon Peak,Weekday
T20210006029,2021-03-18,17:17:00,1,Collision with vehicle,4,Thursday,130,REAR END(VEHICLES IN SAME LANE),1,678786,Not at intersection,2,80,Arterial Other,MELTON,MELTON,-37.690235,144.72809,2021,3,March,17,Afternoon Peak,Weekday
T20210007276,2021-03-18,17:00:00,1,Collision with vehicle,4,Thursday,130,REAR END(VEHICLES IN SAME LANE),1,107729,T intersection,3,60,Arterial Other,BULLA,HUME,-37.63727,144.80441,2021,3,March,17,Afternoon Peak,Weekday
T20210006030,2021-03-18,16:00:00,1,Collision with vehicle,4,Thursday,130,REAR END(VEHICLES IN SAME LANE),1,684205,Not at intersection,3,60,Arterial Other,GILLIES,BALLARAT,-37.53357,143.8233,2021,3,March,16,Afternoon Peak,Weekday
T20210006031,2021-03-18,16:50:00,1,Collision with vehicle,4,Thursday,148,VEHICLE OFF FOOTPATH STRIKES VEH ON CARRIAGEWAY,1,730028,T intersection,2,50,Local Road,BROADWAY,PORT PHILLIP,-37.879047,144.98322,2021,3,March,16,Afternoon Peak,Weekday
T20210006034,2021-03-18,16:08:00,1,Collision with vehicle,4,Thursday,130,REAR END(VEHICLES IN SAME LANE),1,781022,T intersection,3,60,Local Road,KERRISON,BRIMBANK,-37.727715,144.78989,2021,3,March,16,Afternoon Peak,Weekday
T20210006035,2021-03-18,14:20:00,1,Collision with vehicle,4,Thursday,110,CROSS TRAFFIC(INTERSECTIONS ONLY),1,17546,Cross intersection,1,100,Arterial Other,CHILTERN-HOWLONG,INDIGO,-36.015594,146.61623,2021,3,March,14,Midday,Weekday
T20210006040,2021-03-18,15:15:00,1,Collision with vehicle,4,Thursday,113,RIGHT NEAR (INTERSECTIONS ONLY),1,44258,T intersection,3,60,Arterial Other,KANGAROO GROUND-WATTLE GLEN,NILLUMBIK,-37.68622,145.21657,2021,3,March,15,Afternoon Peak,Weekday
T20210012082,2021-03-18,15:30:00,1,Collision with vehicle,4,Thursday,120,HEAD ON (NOT OVERTAKING),1,684349,Not at intersection,3,60,Local Road,OVERPORT,FRANKSTON,-38.16906,145.12184,2021,3,March,15,Afternoon Peak,Weekday
T20210005988,2021-03-18,18:00:00,1,Collision with vehicle,4,Thursday,130,REAR END(VEHICLES IN SAME LANE),2,678595,Not at intersection,3,40,Arterial Other,MORELAND,MORELAND,-37.75241,144.93837,2021,3,March,18,Afternoon Peak,Weekday
T20210005989,2021-03-18,10:30:00,6,Vehicle overturned (no collision),4,Thursday,182,OFF CARRIAGEWAY ON LEFT BEND,1,730026,Not at intersection,3,80,Local Road,SKYLINE,MURRINDINDI,-37.151432,145.80745,2021,3,March,10,Midday,Weekday
T20210006094,2021-03-18,15:40:00,1,Collision with vehicle,4,Thursday,110,CROSS TRAFFIC(INTERSECTIONS ONLY),1,253557,Cross intersection,3,60,Local Road,ROCKBANK MIDDLE,MELTON,-37.74694,144.74895,2021,3,March,15,Afternoon Peak,Weekday
T20210006582,2021-03-18,21:30:00,1,Collision with vehicle,4,Thursday,152,PULLING OUT (OVERTAKING),9,691637,T intersection,2,40,Local Road,LANSDOWNE,PORT PHILLIP,-37.861122,145.00679,2021,3,March,21,Night,Weekday
T20210006385,2021-03-18,06:00:00,1,Collision with vehicle,4,Thursday,135,LANE CHANGE LEFT (NOT OVERTAKING),3,679949,Not at intersection,3,80,Freeway,MONASH,DANDENONG,-37.946274,145.206,2021,3,March,6,Morning Peak,Weekday
T20210012464,2021-03-18,18:36:00,1,Collision with vehicle,4,Thursday,137,LEFT TURN SIDESWIPE,1,684918,T intersection,3,80,Local Road,MICKLEHAM,HUME,-37.68476,144.88309,2021,3,March,18,Afternoon Peak,Weekday
T20210006087,2021-03-18,11:45:00,1,Collision with vehicle,4,Thursday,130,REAR END(VEHICLES IN SAME LANE),1,678500,Not at intersection,3,80,Arterial Other,BALLARAT,BRIMBANK,-37.771454,144.78494,2021,3,March,11,Midday,Weekday
T20210008753,2021-03-18,08:45:00,1,Collision with vehicle,4,Thursday,147,VEHICLE STRIKES ANOTHER VEH WHILE EMERGING FROM DRIVEWAY,1,681435,Not at intersection,3,50,Local Road,GRANGE,KINGSTON,-37.976013,145.08626,2021,3,March,8,Morning Peak,Weekday
T20220005484,2021-03-18,15:00:00,1,Collision with vehicle,4,Thursday,113,RIGHT NEAR (INTERSECTIONS ONLY),1,706485,T intersection,3,60,Arterial Other,BALWYN,BOROONDARA,-37.79961,145.0839,2021,3,March,15,Afternoon Peak,Weekday
T20210015340,2021-03-18,17:00:00,1,Collision with vehicle,4,Thursday,130,REAR END(VEHICLES IN SAME LANE),1,688110,Not at intersection,3,60,Arterial Other,SHRIVES,CASEY,-38.030582,145.29913,2021,3,March,17,Afternoon Peak,Weekday
T20210006083,2021-03-18,19:40:00,1,Collision with vehicle,4,Thursday,111,RIGHT FAR (INTERSECTIONS ONLY),3,41261,Cross intersection,3,60,Arterial Highway,NORTH,GLEN EIRA,-37.901302,145.0192,2021,3,March,19,Night,Weekday
T20210011076,2021-03-18,17:40:00,1,Collision with vehicle,4,Thursday,121,RIGHT THROUGH,1,39005,T intersection,2,60,Arterial Other,BARKERS,BOROONDARA,-37.81592,145.04721,2021,3,March,17,Afternoon Peak,Weekday
T20210008705,2021-03-18,06:30:00,1,Collision with vehicle,4,Thursday,130,REAR END(VEHICLES IN SAME LANE),1,280263,Multiple intersection,3,80,Freeway,NARRE WARREN NORTH-MONASH IN,CASEY,-38.01811,145.30835,2021,3,March,6,Morning Peak,Weekday
T20210009218,2021-03-18,09:50:00,1,Collision with vehicle,4,Thursday,121,RIGHT THROUGH,1,278622,T intersection,3,60,Local Road,OHERNS,WHITTLESEA,-37.63635,145.0148,2021,3,March,9,Morning Peak,Weekday
T20210006073,2021-03-18,11:15:00,1,Collision with vehicle,4,Thursday,121,RIGHT THROUGH,1,282647,T intersection,2,60,Local Road,BANGHOLME,DANDENONG,-38.034992,145.18678,2021,3,March,11,Midday,Weekday
T20210010407,2021-03-18,14:00:00,1,Collision with vehicle,4,Thursday,130,REAR END(VEHICLES IN SAME LANE),1,234377,T intersection,2,70,Arterial Other,SYDNEY,HUME,-37.674004,144.95575,2021,3,March,14,Midday,Weekday
T20210006961,2021-03-18,10:10:00,1,Collision with vehicle,4,Thursday,114,TWO RIGHT TURNING (INTERSECTIONS ONLY),1,29853,Cross intersection,2,60,Local Road,FOUNDRY,BRIMBANK,-37.779217,144.82954,2021,3,March,10,Midday,Weekday
T20210005979,2021-03-18,09:03:00,1,Collision with vehicle,4,Thursday,130,REAR END(VEHICLES IN SAME LANE),1,678349,Not at intersection,3,70,Arterial Other,BURWOOD,YARRA RANGES,-37.900494,145.32674,2021,3,March,9,Morning Peak,Weekday
T20210005966,2021-03-18,00:50:00,2,Struck Pedestrian,4,Thursday,104,PED WALKING WITH TRAFFIC,3,678593,Not at intersection,3,50,Local Road,ANDERSON,MORELAND,-37.695198,144.9632,2021,3,March,0,Late Night,Weekday
T20210006017,2021-03-18,16:45:00,1,Collision with vehicle,4,Thursday,130,REAR END(VEHICLES IN SAME LANE),1,679947,Not at intersection,2,50,Local Road,DEVONSHIRE,BANYULE,-37.71285,145.0818,2021,3,March,16,Afternoon Peak,Weekday
T20210005977,2021-03-18,06:55:00,4,Collision with a fixed object,4,Thursday,183,OFF LEFT BEND INTO OBJECT/PARKED VEHICLE,2,685671,Not at intersection,2,80,Freeway,MONASH IN-WELLINGTON,MONASH,-37.920654,145.17291,2021,3,March,6,Morning Peak,Weekday
T20210006014,2021-03-18,11:15:00,1,Collision with vehicle,4,Thursday,131,LEFT REAR,1,678353,Not at intersection,3,60,Freeway,CITYLINK OUT-BULLA,MOONEE VALLEY,-37.73583,144.9051,2021,3,March,11,Midday,Weekday
T20210006044,2021-03-18,16:00:00,1,Collision with vehicle,4,Thursday,148,VEHICLE OFF FOOTPATH STRIKES VEH ON CARRIAGEWAY,1,29653,Cross intersection,3,50,Arterial Highway,WARRIGAL,MONASH,-37.903133,145.08629,2021,3,March,16,Afternoon Peak,Weekday
T20210006011,2021-03-18,15:40:00,1,Collision with vehicle,4,Thursday,111,RIGHT FAR (INTERSECTIONS ONLY),1,679341,T intersection,3,60,Arterial Other,CARLISLE,PORT PHILLIP,-37.867264,144.98193,2021,3,March,15,Afternoon Peak,Weekday
T20210006495,2021-03-18,16:30:00,1,Collision with vehicle,4,Thursday,111,RIGHT FAR (INTERSECTIONS ONLY),1,678708,Cross intersection,2,60,Local Road,HOLT,GEELONG,-38.154987,144.37979,2021,3,March,16,Afternoon Peak,Weekday
T20210008222,2021-03-18,09:25:00,1,Collision with vehicle,4,Thursday,110,CROSS TRAFFIC(INTERSECTIONS ONLY),1,49882,Cross intersection,3,30,Local Road,ALBERT,GEELONG,-38.139812,144.34004,2021,3,March,9,Morning Peak,Weekday
T20210006045,2021-03-18,16:10:00,1,Collision with vehicle,4,Thursday,121,RIGHT THROUGH,1,680573,Not at intersection,3,50,Arterial Highway,POINT NEPEAN,MORNINGTON PENINSULA,-38.33114,144.9681,2021,3,March,16,Afternoon Peak,Weekday
T20210006062,2021-03-18,23:00:00,2,Struck Pedestrian,4,Thursday,100,PED NEAR SIDE. PED HIT BY VEHICLE FROM THE RIGHT.,5,43694,Cross intersection,3,50,Local Road,CORNISH,HUME,-37.577927,144.72539,2021,3,March,23,Night,Weekday
T20210006138,2021-03-19,19:20:00,1,Collision with vehicle,5,Friday,148,VEHICLE OFF FOOTPATH STRIKES VEH ON CARRIAGEWAY,3,56036,T intersection,2,60,Arterial Other,SEAFORD,FRANKSTON,-38.111225,145.14563,2021,3,March,19,Night,Weekday
T20210006368,2021-03-19,08:45:00,1,Collision with vehicle,5,Friday,131,LEFT REAR,1,222171,T intersection,2,80,Arterial Highway,WESTERN,BALLARAT,-37.563736,143.93266,2021,3,March,8,Morning Peak,Weekday
T20210006134,2021-03-19,17:29:00,1,Collision with vehicle,5,Friday,130,REAR END(VEHICLES IN SAME LANE),3,680860,Not at intersection,2,80,Freeway,BURNLEY,MELBOURNE,-37.824642,144.9857,2021,3,March,17,Afternoon Peak,Weekday
T20210006106,2021-03-19,13:30:00,1,Collision with vehicle,5,Friday,130,REAR END(VEHICLES IN SAME LANE),1,682348,Not at intersection,3,80,Freeway,MORNINGTON PENINSULA IN-THOMPSON,KINGSTON,-38.067593,145.14671,2021,3,March,13,Midday,Weekday
T20210006750,2021-03-19,15:21:00,1,Collision with vehicle,5,Friday,110,CROSS TRAFFIC(INTERSECTIONS ONLY),1,678991,Cross intersection,2,100,Arterial Highway,DANDENONG-HASTINGS ROAD -NORTH,FRANKSTON,-38.168877,145.22148,2021,3,March,15,Afternoon Peak,Weekday
T20210006127,2021-03-19,16:13:00,2,Struck Pedestrian,5,Friday,101,PED EMERGES FROM IN FRONT OF PARKED OR STATIONARY VEHICLE,1,678788,Not at intersection,3,50,Local Road,CIMBERWOOD,HUME,-37.595562,144.9261,2021,3,March,16,Afternoon Peak,Weekday
T20210006126,2021-03-19,15:50:00,1,Collision with vehicle,5,Friday,130,REAR END(VEHICLES IN SAME LANE),1,682350,Not at intersection,3,40,Arterial Other,GREY,LATROBE,-38.19334,146.5386,2021,3,March,15,Afternoon Peak,Weekday
T20210006120,2021-03-19,12:05:00,6,Vehicle overturned (no collision),5,Friday,180,OFF CARRIAGEWAY ON RIGHT BEND,1,692594,Not at intersection,2,100,Arterial Highway,MAROONA-GLENTHOMPSON,ARARAT,-37.487247,142.78519,2021,3,March,12,Midday,Weekday
T20210006069,2021-03-19,04:40:00,1,Collision with vehicle,5,Friday,160,VEHICLE COLLIDES WITH VEHICLE PARKED ON LEFT OF ROAD,3,686546,Not at intersection,2,80,Arterial Highway,SPRINGVALE,DANDENONG,-37.941063,145.15431,2021,3,March,4,Late Night,Weekday
T20210006070,2021-03-19,05:33:00,1,Collision with vehicle,5,Friday,140,U TURN,3,678701,Not at intersection,3,60,Arterial Other,DONNYBROOK,HUME,-37.538334,144.92882,2021,3,March,5,Morning Peak,Weekday
T20210006072,2021-03-19,08:15:00,1,Collision with vehicle,5,Friday,110,CROSS TRAFFIC(INTERSECTIONS ONLY),1,37262,Cross intersection,3,50,Local Road,BALACLAVA,HOBSONS BAY,-37.87424,144.77718,2021,3,March,8,Morning Peak,Weekday
T20210006119,2021-03-19,14:49:00,4,Collision with a fixed object,5,Friday,173,RIGHT OFF CARRIAGEWAY INTO OBJECT/PARKED VEHICLE,1,679618,Not at intersection,2,100,Local Road,AXE CREEK,BENDIGO,-36.892593,144.36331,2021,3,March,14,Midday,Weekday
T20210006118,2021-03-19,14:50:00,1,Collision with vehicle,5,Friday,120,HEAD ON (NOT OVERTAKING),1,678599,Not at intersection,3,60,Local Road,PLAIN CREEK,MANSFIELD,-37.097797,146.37129,2021,3,March,14,Midday,Weekday
T20210006111,2021-03-19,12:55:00,2,Struck Pedestrian,5,Friday,100,PED NEAR SIDE. PED HIT BY VEHICLE FROM THE RIGHT.,1,685784,Not at intersection,2,50,Arterial Highway,COMMERCIAL,WEST WIMMERA,-36.37848,141.23795,2021,3,March,12,Midday,Weekday
T20210006639,2021-03-19,06:45:00,1,Collision with vehicle,5,Friday,140,U TURN,3,683709,T intersection,3,40,Local Road,COLLINS,MELBOURNE,-37.815243,144.96739,2021,3,March,6,Morning Peak,Weekday
T20210006076,2021-03-19,08:38:00,4,Collision with a fixed object,5,Friday,173,RIGHT OFF CARRIAGEWAY INTO OBJECT/PARKED VEHICLE,1,40195,Cross intersection,3,70,Arterial Highway,DANDENONG,STONNINGTON,-37.8601,145.01054,2021,3,March,8,Morning Peak,Weekday
T20210009031,2021-03-19,16:52:00,4,Collision with a fixed object,5,Friday,171,LEFT OFF CARRIAGEWAY INTO OBJECT/PARKED VEHICLE,1,730144,Not at intersection,3,80,Local Road,CLEAR VIEW,WELLINGTON,-38.16049,147.08307,2021,3,March,16,Afternoon Peak,Weekday
T20210006082,2021-03-19,11:21:00,1,Collision with vehicle,5,Friday,147,VEHICLE STRIKES ANOTHER VEH WHILE EMERGING FROM DRIVEWAY,1,349744,Not at intersection,2,60,Local Road,PURNELL,GEELONG,-38.07412,144.3583,2021,3,March,11,Midday,Weekday
T20210006714,2021-03-19,12:30:00,1,Collision with vehicle,5,Friday,110,CROSS TRAFFIC(INTERSECTIONS ONLY),1,60236,Cross intersection,3,50,Local Road,GOVETT,MITCHELL,-37.209675,145.04585,2021,3,March,12,Midday,Weekday
T20210006109,2021-03-19,10:15:00,1,Collision with vehicle,5,Friday,147,VEHICLE STRIKES ANOTHER VEH WHILE EMERGING FROM DRIVEWAY,1,241525,Not at intersection,2,60,Local Road,BARWON HEADS,GEELONG,-38.16935,144.35046,2021,3,March,10,Midday,Weekday
T20210006088,2021-03-19,07:31:00,1,Collision with vehicle,5,Friday,113,RIGHT NEAR (INTERSECTIONS ONLY),1,266784,T intersection,3,60,Local Road,BABELE,WYNDHAM,-37.84546,144.66057,2021,3,March,7,Morning Peak,Weekday
T20220023638,2021-03-19,09:26:00,7,Fall from or in moving vehicle,5,Friday,190,FELL IN/FROM VEHICLE,9,735158,Not at intersection,3,50,Local Road,COLEMAN,KNOX,-37.862144,145.24287,2021,3,March,9,Morning Peak,Weekday
T20210017190,2021-03-19,12:20:00,1,Collision with vehicle,5,Friday,133,LANE SIDE SWIPE (VEHICLES IN PARALLEL LANES),1,689941,Not at intersection,3,80,Arterial Other,CRANBOURNE-FRANKSTON,CASEY,-38.11088,145.25233,2021,3,March,12,Midday,Weekday
T20210006293,2021-03-19,18:00:00,1,Collision with vehicle,5,Friday,119,OTHER ADJACENT (INTERSECTIONS ONLY),1,299035,T intersection,2,50,Local Road,MEADOWVALE,GEELONG,-38.203117,144.31956,2021,3,March,18,Afternoon Peak,Weekday
T20210006482,2021-03-19,17:10:00,1,Collision with vehicle,5,Friday,130,REAR END(VEHICLES IN SAME LANE),1,679549,Not at intersection,3,100,Arterial Other,GEELONG-BACCHUS MARSH,MOORABOOL,-37.758335,144.44136,2021,3,March,17,Afternoon Peak,Weekday
T20210006098,2021-03-19,13:35:00,1,Collision with vehicle,5,Friday,121,RIGHT THROUGH,1,36068,Cross intersection,2,60,Arterial Other,BOUNDARY,MELBOURNE,-37.792206,144.93945,2021,3,March,13,Midday,Weekday
T20210006099,2021-03-19,12:36:00,1,Collision with vehicle,5,Friday,163,VEHICLE STRIKES DOOR OF PARKED/STATIONARY VEHICLE,1,679342,Not at intersection,3,40,Local Road,SCOTCHMER,YARRA,-37.78322,144.98296,2021,3,March,12,Midday,Weekday
T20210006226,2021-03-19,16:50:00,1,Collision with vehicle,5,Friday,152,PULLING OUT (OVERTAKING),1,694512,Not at intersection,3,60,Local Road,PEACOCK,MORNINGTON PENINSULA,-38.26077,145.1859,2021,3,March,16,Afternoon Peak,Weekday
T20210006527,2021-03-19,07:50:00,1,Collision with vehicle,5,Friday,130,REAR END(VEHICLES IN SAME LANE),1,685705,Not at intersection,3,60,Arterial Other,ROYAL PARADE SERVICE,MELBOURNE,-37.794106,144.95844,2021,3,March,7,Morning Peak,Weekday
T20210010179,2021-03-19,12:40:00,6,Vehicle overturned (no collision),5,Friday,184,OUT OF CONTROL ON CARRIAGEWAY (ON BEND),1,682662,Not at intersection,3,60,Arterial Other,STATION,DAREBIN,-37.757336,145.02158,2021,3,March,12,Midday,Weekday
T20210006493,2021-03-19,10:15:00,1,Collision with vehicle,5,Friday,147,VEHICLE STRIKES ANOTHER VEH WHILE EMERGING FROM DRIVEWAY,1,678797,Not at intersection,3,50,Local Road,PICKERING,MONASH,-37.90835,145.15422,2021,3,March,10,Midday,Weekday
T20210010805,2021-03-19,11:30:00,8,No collision and no object struck,5,Friday,180,OFF CARRIAGEWAY ON RIGHT BEND,1,683204,Not at intersection,3,100,Arterial Other,MURRAY RIVER,TOWONG,-35.981895,147.58508,2021,3,March,11,Midday,Weekday
T20210007640,2021-03-19,12:00:00,1,Collision with vehicle,5,Friday,130,REAR END(VEHICLES IN SAME LANE),1,763738,Not at intersection,3,60,Local Road,BRIDGEWATER,HUME,-37.60365,144.92915,2021,3,March,12,Midday,Weekday
T20210006289,2021-03-19,19:10:00,1,Collision with vehicle,5,Friday,130,REAR END(VEHICLES IN SAME LANE),2,680093,Not at intersection,2,70,Arterial Other,BALLARAT,BRIMBANK,-37.770123,144.77423,2021,3,March,19,Night,Weekday
T20210008199,2021-03-19,16:30:00,1,Collision with vehicle,5,Friday,130,REAR END(VEHICLES IN SAME LANE),1,680486,Not at intersection,3,80,Arterial Other,THOMPSONS,DANDENONG,-38.07648,145.22908,2021,3,March,16,Afternoon Peak,Weekday
T20210006206,2021-03-19,15:50:00,2,Struck Pedestrian,5,Friday,100,PED NEAR SIDE. PED HIT BY VEHICLE FROM THE RIGHT.,1,324029,Cross intersection,2,50,Arterial Other,BERWICK-CRANBOURNE,CASEY,-38.117744,145.31926,2021,3,March,15,Afternoon Peak,Weekday
T20210006171,2021-03-19,18:23:00,2,Struck Pedestrian,5,Friday,102,FAR SIDE. PED HIT BY VEHICLE FROM THE LEFT,1,678313,Not at intersection,1,60,Arterial Other,ANAKIE,GEELONG,-38.08563,144.3364,2021,3,March,18,Afternoon Peak,Weekday
T20210006105,2021-03-19,07:35:00,1,Collision with vehicle,5,Friday,121,RIGHT THROUGH,1,590746,T intersection,3,80,Arterial Highway,SOUTH GIPPSLAND,CASEY,-38.046204,145.25452,2021,3,March,7,Morning Peak,Weekday
T20210006164,2021-03-19,22:40:00,2,Struck Pedestrian,5,Friday,109,ANY MANOEUVRE INVOLVING PED NOT INCLUDED IN DCAs 100-108.,3,679345,Not at intersection,2,50,Local Road,ILVIA,BALLARAT,-37.598553,143.82951,2021,3,March,22,Night,Weekday
T20210006163,2021-03-19,18:04:00,1,Collision with vehicle,5,Friday,121,RIGHT THROUGH,1,678425,T intersection,3,60,Local Road,LINSELL,CASEY,-38.099648,145.3022,2021,3,March,18,Afternoon Peak,Weekday
T20210006162,2021-03-19,22:00:00,1,Collision with vehicle,5,Friday,130,REAR END(VEHICLES IN SAME LANE),3,95829,Not at intersection,3,80,Arterial Highway,DANDENONG,GLEN EIRA,-37.887157,145.07793,2021,3,March,22,Night,Weekday
T20210007294,2021-03-19,15:20:00,1,Collision with vehicle,5,Friday,135,LANE CHANGE LEFT (NOT OVERTAKING),1,679558,Not at intersection,3,100,Freeway,PRINCES,HOBSONS BAY,-37.846146,144.78212,2021,3,March,15,Afternoon Peak,Weekday
T20210006066,2021-03-19,00:50:00,4,Collision with a fixed object,5,Friday,181,OFF RIGHT BEND INTO OBJECT/PARKED VEHICLE,5,688692,Not at intersection,2,60,Arterial Other,ELTHAM-YARRA GLEN,NILLUMBIK,-37.700035,145.19531,2021,3,March,0,Late Night,Weekday
T20210006154,2021-03-19,17:13:00,2,Struck Pedestrian,5,Friday,100,PED NEAR SIDE. PED HIT BY VEHICLE FROM THE RIGHT.,1,678424,T intersection,3,40,Local Road,HIGH,DAREBIN,-37.77155,144.99857,2021,3,March,17,Afternoon Peak,Weekday
T20210006148,2021-03-19,18:57:00,1,Collision with vehicle,5,Friday,130,REAR END(VEHICLES IN SAME LANE),1,684289,Not at intersection,2,80,Arterial Other,PRINCES,CARDINIA,-38.07177,145.48471,2021,3,March,18,Afternoon Peak,Weekday
T20210006142,2021-03-19,17:40:00,1,Collision with vehicle,5,Friday,130,REAR END(VEHICLES IN SAME LANE),1,678423,Not at intersection,3,100,Freeway,HUME FREEWAY -METROPOLITAN RING OUT-HUME,WHITTLESEA,-37.68578,144.98466,2021,3,March,17,Afternoon Peak,Weekday
T20210006331,2021-03-20,15:20:00,1,Collision with vehicle,6,Saturday,120,HEAD ON (NOT OVERTAKING),1,682443,Not at intersection,3,50,Local Road,MUNTZ,GLEN EIRA,-37.866093,145.02011,2021,3,March,15,Afternoon Peak,Weekend
T20210006244,2021-03-20,20:53:00,2,Struck Pedestrian,6,Saturday,109,ANY MANOEUVRE INVOLVING PED NOT INCLUDED IN DCAs 100-108.,3,679846,Not at intersection,2,50,Local Road,MACPHERSON,HINDMARSH,-36.335148,141.65485,2021,3,March,20,Night,Weekend
T20210006207,2021-03-20,12:15:00,1,Collision with vehicle,6,Saturday,113,RIGHT NEAR (INTERSECTIONS ONLY),1,57616,T intersection,2,60,Arterial Highway,SPRINGVALE,DANDENONG,-38.022224,145.13647,2021,3,March,12,Midday,Weekend
T20210006178,2021-03-20,04:45:00,4,Collision with a fixed object,6,Saturday,171,LEFT OFF CARRIAGEWAY INTO OBJECT/PARKED VEHICLE,5,688015,Not at intersection,3,100,Arterial Highway,MIDLAND,BENALLA,-36.809093,146.007,2021,3,March,4,Late Night,Weekend
T20210006219,2021-03-20,13:09:00,1,Collision with vehicle,6,Saturday,130,REAR END(VEHICLES IN SAME LANE),1,43115,T intersection,3,50,Local Road,FUGOSIA,CASEY,-37.996876,145.23769,2021,3,March,13,Midday,Weekend
T20210016242,2021-03-20,11:50:00,1,Collision with vehicle,6,Saturday,130,REAR END(VEHICLES IN SAME LANE),1,763734,Cross intersection,3,70,Arterial Highway,BURWOOD,KNOX,-37.89325,145.31308,2021,3,March,11,Midday,Weekend
T20210008952,2021-03-20,23:30:00,1,Collision with vehicle,6,Saturday,133,LANE SIDE SWIPE (VEHICLES IN PARALLEL LANES),3,681797,Not at intersection,3,100,Freeway,EASTLINK,DANDENONG,-38.06049,145.18344,2021,3,March,23,Night,Weekend
T20210006198,2021-03-20,13:29:00,1,Collision with vehicle,6,Saturday,148,VEHICLE OFF FOOTPATH STRIKES VEH ON CARRIAGEWAY,1,678789,Not at intersection,2,50,Local Road,DUKE,PORT PHILLIP,-37.867405,144.98926,2021,3,March,13,Midday,Weekend
T20210008649,2021-03-20,15:30:00,1,Collision with vehicle,6,Saturday,130,REAR END(VEHICLES IN SAME LANE),1,681033,Not at intersection,3,60,Arterial Other,KURRAK,NILLUMBIK,-37.649853,145.1044,2021,3,March,15,Afternoon Peak,Weekend
T20210006202,2021-03-20,13:00:00,1,Collision with vehicle,6,Saturday,139,OTHER SAME DIRECTION-MANOUEVRES NOT INCLUDED IN DCAs 130-137,1,678426,Not at intersection,2,100,Arterial Other,HENDY MAIN,SURF COAST,-38.29095,144.19432,2021,3,March,13,Midday,Weekend
T20210006205,2021-03-20,11:50:00,4,Collision with a fixed object,6,Saturday,181,OFF RIGHT BEND INTO OBJECT/PARKED VEHICLE,1,679298,Not at intersection,3,100,Local Road,ELMORE-BARNADOWN,BENDIGO,-36.645832,144.5402,2021,3,March,11,Midday,Weekend
T20210006166,2021-03-20,01:13:00,1,Collision with vehicle,6,Saturday,120,HEAD ON (NOT OVERTAKING),3,678503,Not at intersection,3,60,Local Road,CENTENARY,MELTON,-37.674828,144.5858,2021,3,March,1,Late Night,Weekend
T20210006209,2021-03-20,15:05:00,1,Collision with vehicle,6,Saturday,140,U TURN,1,773131,Not at intersection,3,60,Arterial Other,SALE,WELLINGTON,-37.972908,146.98476,2021,3,March,15,Afternoon Peak,Weekend
T20210008962,2021-03-20,18:18:00,1,Collision with vehicle,6,Saturday,130,REAR END(VEHICLES IN SAME LANE),1,36862,Cross intersection,3,60,Arterial Other,CITY,PORT PHILLIP,-37.829334,144.95609,2021,3,March,18,Afternoon Peak,Weekend
T20210006211,2021-03-20,14:40:00,1,Collision with vehicle,6,Saturday,116,LEFT NEAR (INTERSECTIONS ONLY),1,679291,T intersection,3,80,Local Road,OLD MELBOURNE,BALLARAT,-37.56834,143.93462,2021,3,March,14,Midday,Weekend
T20210006224,2021-03-20,16:10:00,1,Collision with vehicle,6,Saturday,111,RIGHT FAR (INTERSECTIONS ONLY),1,44350,T intersection,3,40,Local Road,GLEN,WYNDHAM,-37.89791,144.66376,2021,3,March,16,Afternoon Peak,Weekend
T20210006225,2021-03-20,14:25:00,6,Vehicle overturned (no collision),6,Saturday,174,OUT OF CONTROL ON CARRIAGEWAY (ON STRAIGHT),1,678507,Cross intersection,3,50,Local Road,BRIGALOW,WYNDHAM,-37.837887,144.71661,2021,3,March,14,Midday,Weekend
T20210006228,2021-03-20,18:00:00,1,Collision with vehicle,6,Saturday,113,RIGHT NEAR (INTERSECTIONS ONLY),1,45488,T intersection,2,80,Arterial Highway,MELBA,YARRA RANGES,-37.690926,145.37538,2021,3,March,18,Afternoon Peak,Weekend