ACCIDENT_NO,ACCIDENT_DATE,ACCIDENT_TIME,ACCIDENT_TYPE,ACCIDENT_TYPE_DESC,DAY_OF_WEEK,DAY_WEEK_DESC,DCA_CODE,DCA_DESC,LIGHT_CONDITION,NODE_ID,ROAD_GEOMETRY_DESC,SEVERITY,SPEED_ZONE,RMA,ROAD_NAME,LGA_NAME,LATITUDE,LONGITUDE,YEAR,MONTH,MONTH_NAME,HOUR,TIME_PERIOD,DAY_TYPE
T20210006229,2021-03-20,15:42:00,4,Collision with a fixed object,6,Saturday,171,LEFT OFF CARRIAGEWAY INTO OBJECT/PARKED VEHICLE,1,678455,Not at intersection,1,100,Arterial Other,WINCHELSEA-DEANS MARSH,SURF COAST,-38.31845,143.97424,2021,3,March,15,Afternoon Peak,Weekend
T20210006231,2021-03-20,23:45:00,2,Struck Pedestrian,6,Saturday,102,FAR SIDE. PED HIT BY VEHICLE FROM THE LEFT,3,678703,Not at intersection,2,40,Arterial Other,CANTERBURY,PORT PHILLIP,-37.859776,144.97719,2021,3,March,23,Night,Weekend
T20210006234,2021-03-20,23:57:00,4,Collision with a fixed object,6,Saturday,171,LEFT OFF CARRIAGEWAY INTO OBJECT/PARKED VEHICLE,5,691543,Not at intersection,3,80,Local Road,TAYLORS,MELTON,-37.716675,144.69318,2021,3,March,23,Night,Weekend
T20210006646,2021-03-20,21:24:00,1,Collision with vehicle,6,Saturday,131,LEFT REAR,3,679697,T intersection,3,70,Local Road,HENRY,CARDINIA,-38.08428,145.45653,2021,3,March,21,Night,Weekend
T20210006170,2021-03-20,00:24:00,6,Vehicle overturned (no collision),6,Saturday,172,OFF CARRIAGEWAY TO RIGHT,3,683098,Not at intersection,2,60,Arterial Other,GRAVESEND,COLAC OTWAY,-38.34855,143.58456,2021,3,March,0,Late Night,Weekend
T20210007003,2021-03-20,09:45:00,1,Collision with vehicle,6,Saturday,119,OTHER ADJACENT (INTERSECTIONS ONLY),1,54736,Cross intersection,3,60,Arterial Other,WELLINGTON,BENDIGO,-36.80666,144.35825,2021,3,March,9,Morning Peak,Weekend
T20210006181,2021-03-20,08:50:00,1,Collision with vehicle,6,Saturday,163,VEHICLE STRIKES DOOR OF PARKED/STATIONARY VEHICLE,1,678504,Not at intersection,3,50,Local Road,WATSONIA,BANYULE,-37.708984,145.08301,2021,3,March,8,Morning Peak,Weekend
T20210006547,2021-03-20,09:30:00,1,Collision with vehicle,6,Saturday,113,RIGHT NEAR (INTERSECTIONS ONLY),1,341208,T intersection,2,60,Local Road,OSHEA,CASEY,-38.06161,145.3505,2021,3,March,9,Morning Peak,Weekend
T20210006405,2021-03-20,10:05:00,1,Collision with vehicle,6,Saturday,130,REAR END(VEHICLES IN SAME LANE),1,682351,Not at intersection,3,60,Arterial Other,PRINCES,CARDINIA,-38.055378,145.38338,2021,3,March,10,Midday,Weekend
T20210006186,2021-03-20,10:51:00,1,Collision with vehicle,6,Saturday,120,HEAD ON (NOT OVERTAKING),1,679234,Not at intersection,2,50,Local Road,THE LAKES,WHITTLESEA,-37.638687,145.06743,2021,3,March,10,Midday,Weekend
T20210006520,2021-03-20,08:00:00,1,Collision with vehicle,6,Saturday,121,RIGHT THROUGH,1,840,T intersection,3,60,Arterial Other,WHITE,KINGSTON,-38.00058,145.1024,2021,3,March,8,Morning Peak,Weekend
T20210006189,2021-03-20,11:55:00,1,Collision with vehicle,6,Saturday,152,PULLING OUT (OVERTAKING),1,678505,Not at intersection,2,50,Local Road,FOREST,BALLARAT,-37.535454,143.8322,2021,3,March,11,Midday,Weekend
T20210006188,2021-03-20,11:45:00,1,Collision with vehicle,6,Saturday,121,RIGHT THROUGH,1,353205,T intersection,3,60,Arterial Highway,CLYDESDALE,CASEY,-38.11108,145.28308,2021,3,March,11,Midday,Weekend
T20210006673,2021-03-20,11:30:00,1,Collision with vehicle,6,Saturday,140,U TURN,1,690255,Not at intersection,3,60,Arterial Highway,WARRIGAL,BOROONDARA,-37.864483,145.0931,2021,3,March,11,Midday,Weekend
T20210006177,2021-03-20,04:30:00,4,Collision with a fixed object,6,Saturday,171,LEFT OFF CARRIAGEWAY INTO OBJECT/PARKED VEHICLE,4,691308,T intersection,3,50,Local Road,PATTEN,WELLINGTON,-38.115536,147.08775,2021,3,March,4,Late Night,Weekend
T20210006194,2021-03-20,12:10:00,1,Collision with vehicle,6,Saturday,130,REAR END(VEHICLES IN SAME LANE),1,679134,Not at intersection,3,70,Arterial Highway,COLAC,GEELONG,-38.19999,144.31352,2021,3,March,12,Midday,Weekend
T20210006480,2021-03-20,16:00:00,1,Collision with vehicle,6,Saturday,130,REAR END(VEHICLES IN SAME LANE),1,304187,T intersection,3,40,Arterial Other,WINDSOR,WYNDHAM,-37.886223,144.62756,2021,3,March,16,Afternoon Peak,Weekend
T20210006196,2021-03-20,12:30:00,1,Collision with vehicle,6,Saturday,121,RIGHT THROUGH,1,50298,T intersection,2,50,Arterial Highway,BELLARINE HIGHWAY -FLINDERS,QUEENSCLIFFE,-38.270008,144.64415,2021,3,March,12,Midday,Weekend
T20210006197,2021-03-20,13:08:00,1,Collision with vehicle,6,Saturday,162,ACCIDENT OR BROKEN DOWN,1,681485,Not at intersection,2,100,Arterial Other,WINCHELSEA-DEANS MARSH,SURF COAST,-38.365086,143.94902,2021,3,March,13,Midday,Weekend
T20210006263,2021-03-21,11:35:00,4,Collision with a fixed object,7,Sunday,183,OFF LEFT BEND INTO OBJECT/PARKED VEHICLE,1,679899,Not at intersection,2,50,Local Road,BOAK,BALLARAT,-37.62614,143.87668,2021,3,March,11,Midday,Weekend
T20210006243,2021-03-21,06:20:00,1,Collision with vehicle,7,Sunday,121,RIGHT THROUGH,2,45063,T intersection,2,70,Arterial Other,BALLARAT,BRIMBANK,-37.77766,144.83337,2021,3,March,6,Morning Peak,Weekend
T20210006274,2021-03-21,13:40:00,1,Collision with vehicle,7,Sunday,133,LANE SIDE SWIPE (VEHICLES IN PARALLEL LANES),1,678603,Multiple intersection,3,70,Arterial Other,GISBORNE-MELTON,MELTON,-37.676174,144.59824,2021,3,March,13,Midday,Weekend
T20210006275,2021-03-21,12:25:00,6,Vehicle overturned (no collision),7,Sunday,174,OUT OF CONTROL ON CARRIAGEWAY (ON STRAIGHT),1,679696,T intersection,2,40,Arterial Other,BRIDGE,YARRA,-37.817924,144.99332,2021,3,March,12,Midday,Weekend
T20210006262,2021-03-21,12:08:00,4,Collision with a fixed object,7,Sunday,181,OFF RIGHT BEND INTO OBJECT/PARKED VEHICLE,1,679178,Not at intersection,2,60,Arterial Other,RINGWOOD-WARRANDYTE,MANNINGHAM,-37.75498,145.2333,2021,3,March,12,Midday,Weekend
T20210006261,2021-03-21,11:25:00,1,Collision with vehicle,7,Sunday,120,HEAD ON (NOT OVERTAKING),1,678509,Not at intersection,2,80,Arterial Other,ELTHAM-YARRA GLEN,YARRA RANGES,-37.646713,145.35683,2021,3,March,11,Midday,Weekend
T20210006308,2021-03-21,19:45:00,4,Collision with a fixed object,7,Sunday,171,LEFT OFF CARRIAGEWAY INTO OBJECT/PARKED VEHICLE,5,679286,Not at intersection,3,100,Arterial Other,BACCHUS MARSH,MACEDON RANGES,-37.479107,144.54803,2021,3,March,19,Night,Weekend
T20210007538,2021-03-21,16:50:00,1,Collision with vehicle,7,Sunday,130,REAR END(VEHICLES IN SAME LANE),9,680438,Not at intersection,3,60,Arterial Highway,ST GEORGES,DAREBIN,-37.75492,144.99397,2021,3,March,16,Afternoon Peak,Weekend
T20210006325,2021-03-21,18:09:00,4,Collision with a fixed object,7,Sunday,175,OFF END OF ROAD/T-INTERSECTION.,1,48757,T intersection,3,50,Local Road,SORBONNE,HUME,-37.57867,144.75346,2021,3,March,18,Afternoon Peak,Weekend
T20210007637,2021-03-21,18:00:00,1,Collision with vehicle,7,Sunday,130,REAR END(VEHICLES IN SAME LANE),1,680436,Not at intersection,3,60,Arterial Highway,ST KILDA,PORT PHILLIP,-37.85934,144.98373,2021,3,March,18,Afternoon Peak,Weekend
T20210006324,2021-03-21,14:30:00,4,Collision with a fixed object,7,Sunday,181,OFF RIGHT BEND INTO OBJECT/PARKED VEHICLE,1,681549,Not at intersection,3,60,Arterial Other,MOUNT DANDENONG TOURIST,YARRA RANGES,-37.811344,145.3743,2021,3,March,14,Midday,Weekend
T20210006319,2021-03-21,19:35:00,4,Collision with a fixed object,7,Sunday,189,OTHER ACCIDENTS ON CURVE NOT INCLUDED IN DCAs 180-184,3,730032,Not at intersection,3,40,Arterial Other,NICHOLSON,MORELAND,-37.76268,144.97891,2021,3,March,19,Night,Weekend
T20210007739,2021-03-21,17:00:00,1,Collision with vehicle,7,Sunday,130,REAR END(VEHICLES IN SAME LANE),1,680301,Cross intersection,3,50,Local Road,DE ROSSI,WHITTLESEA,-37.61201,145.03061,2021,3,March,17,Afternoon Peak,Weekend
T20210006318,2021-03-21,19:25:00,4,Collision with a fixed object,7,Sunday,171,LEFT OFF CARRIAGEWAY INTO OBJECT/PARKED VEHICLE,3,679347,Not at intersection,3,60,Arterial Other,ELGAR,WHITEHORSE,-37.838627,145.11095,2021,3,March,19,Night,Weekend
T20210006317,2021-03-21,18:30:00,1,Collision with vehicle,7,Sunday,130,REAR END(VEHICLES IN SAME LANE),1,679236,Cross intersection,2,60,Arterial Other,WHITE,KINGSTON,-38.000824,145.10509,2021,3,March,18,Afternoon Peak,Weekend
T20210006313,2021-03-21,16:43:00,4,Collision with a fixed object,7,Sunday,183,OFF LEFT BEND INTO OBJECT/PARKED VEHICLE,1,679054,Not at intersection,2,80,Freeway,CITYLINK IN-WEST GATE IN,MELBOURNE,-37.82495,144.93073,2021,3,March,16,Afternoon Peak,Weekend
T20210008859,2021-03-21,16:35:00,1,Collision with vehicle,7,Sunday,130,REAR END(VEHICLES IN SAME LANE),1,681343,Not at intersection,3,80,Arterial Highway,GREENSBOROUGH,BANYULE,-37.70634,145.08841,2021,3,March,16,Afternoon Peak,Weekend
T20210006312,2021-03-21,20:24:00,1,Collision with vehicle,7,Sunday,121,RIGHT THROUGH,3,36402,T intersection,3,60,Arterial Other,TOORAK,STONNINGTON,-37.842358,145.01962,2021,3,March,20,Night,Weekend
T20210006995,2021-03-21,22:30:00,1,Collision with vehicle,7,Sunday,130,REAR END(VEHICLES IN SAME LANE),3,684528,Not at intersection,3,60,Arterial Other,SETTLEMENT,WHITTLESEA,-37.68949,145.02707,2021,3,March,22,Night,Weekend
T20210006309,2021-03-21,19:44:00,6,Vehicle overturned (no collision),7,Sunday,180,OFF CARRIAGEWAY ON RIGHT BEND,5,678607,Not at intersection,3,60,Arterial Other,ELTHAM-YARRA GLEN,NILLUMBIK,-37.667923,145.26062,2021,3,March,19,Night,Weekend
T20210006236,2021-03-21,02:50:00,2,Struck Pedestrian,7,Sunday,108,PED STRUCK WALKING TO/FROM OR BOARDING/ALIGHTING VEHICLE.,3,680292,Not at intersection,3,40,Local Road,QUEEN,MELBOURNE,-37.8123,144.95947,2021,3,March,2,Late Night,Weekend
T20210006306,2021-03-21,09:40:00,1,Collision with vehicle,7,Sunday,130,REAR END(VEHICLES IN SAME LANE),1,678978,Not at intersection,3,80,Local Road,VICTORIA,YARRA RANGES,-37.695507,145.34592,2021,3,March,9,Morning Peak,Weekend
T20210006305,2021-03-21,16:55:00,1,Collision with vehicle,7,Sunday,120,HEAD ON (NOT OVERTAKING),1,684396,Not at intersection,2,80,Arterial Other,PAKENHAM,CARDINIA,-37.986034,145.50618,2021,3,March,16,Afternoon Peak,Weekend
T20210006258,2021-03-21,09:15:00,1,Collision with vehicle,7,Sunday,130,REAR END(VEHICLES IN SAME LANE),1,63159,T intersection,3,60,Arterial Highway,ROSANNA,BANYULE,-37.744263,145.07191,2021,3,March,9,Morning Peak,Weekend
T20210006304,2021-03-21,13:35:00,1,Collision with vehicle,7,Sunday,130,REAR END(VEHICLES IN SAME LANE),1,678791,Not at intersection,2,60,Arterial Other,NARRE WARREN,CASEY,-38.10129,145.29218,2021,3,March,13,Midday,Weekend
T20210006251,2021-03-21,09:30:00,8,No collision and no object struck,7,Sunday,174,OUT OF CONTROL ON CARRIAGEWAY (ON STRAIGHT),1,678508,T intersection,3,40,Local Road,CHAPEL,STONNINGTON,-37.84573,144.99437,2021,3,March,9,Morning Peak,Weekend
T20210006404,2021-03-21,05:50:00,4,Collision with a fixed object,7,Sunday,183,OFF LEFT BEND INTO OBJECT/PARKED VEHICLE,5,681963,Not at intersection,2,80,Arterial Highway,NEPEAN,MORNINGTON PENINSULA,-38.17415,145.0973,2021,3,March,5,Morning Peak,Weekend
T20210015095,2021-03-21,11:30:00,8,No collision and no object struck,7,Sunday,174,OUT OF CONTROL ON CARRIAGEWAY (ON STRAIGHT),1,689710,Not at intersection,3,60,Local Road,HANLON,GLENELG,-38.32845,141.60388,2021,3,March,11,Midday,Weekend
T20210006585,2021-03-21,17:00:00,1,Collision with vehicle,7,Sunday,130,REAR END(VEHICLES IN SAME LANE),1,679851,Not at intersection,3,50,Arterial Other,BOUNDARY,MORELAND,-37.718933,144.96107,2021,3,March,17,Afternoon Peak,Weekend
T20210006301,2021-03-21,16:50:00,1,Collision with vehicle,7,Sunday,173,RIGHT OFF CARRIAGEWAY INTO OBJECT/PARKED VEHICLE,1,39791,Cross intersection,3,60,Arterial Other,HULL,MAROONDAH,-37.797165,145.29034,2021,3,March,16,Afternoon Peak,Weekend
T20210006300,2021-03-21,15:45:00,1,Collision with vehicle,7,Sunday,130,REAR END(VEHICLES IN SAME LANE),1,683099,Not at intersection,3,60,Arterial Other,EPPING,WHITTLESEA,-37.60918,145.03122,2021,3,March,15,Afternoon Peak,Weekend
T20210007317,2021-03-21,16:19:00,4,Collision with a fixed object,7,Sunday,173,RIGHT OFF CARRIAGEWAY INTO OBJECT/PARKED VEHICLE,1,679629,Not at intersection,2,60,Arterial Other,SOMERVILLE,BRIMBANK,-37.806355,144.82399,2021,3,March,16,Afternoon Peak,Weekend
T20210007913,2021-03-21,16:23:00,4,Collision with a fixed object,7,Sunday,183,OFF LEFT BEND INTO OBJECT/PARKED VEHICLE,1,781024,Not at intersection,3,40,Local Road,BROWNS,DANDENONG,-37.949455,145.18724,2021,3,March,16,Afternoon Peak,Weekend
T20210006276,2021-03-21,13:30:00,6,Vehicle overturned (no collision),7,Sunday,172,OFF CARRIAGEWAY TO RIGHT,1,682764,Not at intersection,2,100,Freeway,SOUTH GIPPSLAND,DANDENONG,-38.021408,145.24782,2021,3,March,13,Midday,Weekend
T20210009403,2021-03-21,14:20:00,1,Collision with vehicle,7,Sunday,110,CROSS TRAFFIC(INTERSECTIONS ONLY),1,43626,Cross intersection,3,50,Arterial Other,CENTRE,CASEY,-38.029064,145.30089,2021,3,March,14,Midday,Weekend
T20210009437,2021-03-21,11:20:00,1,Collision with vehicle,7,Sunday,134,LANE CHANGE RIGHT (NOT OVERTAKING),1,42815,Cross intersection,2,80,Arterial Highway,NEPEAN,KINGSTON,-37.990707,145.08134,2021,3,March,11,Midday,Weekend
T20210006278,2021-03-21,11:42:00,1,Collision with vehicle,7,Sunday,120,HEAD ON (NOT OVERTAKING),1,678510,Not at intersection,2,60,Arterial Other,NICHOLSON,MORELAND,-37.752808,144.9763,2021,3,March,11,Midday,Weekend
T20210006280,2021-03-21,14:35:00,1,Collision with vehicle,7,Sunday,115,RIGHT/LEFT FAR (INTERSECTIONS ONLY),1,678604,T intersection,3,60,Local Road,CALEDONIA,BENDIGO,-36.74438,144.29022,2021,3,March,14,Midday,Weekend
T20210007032,2021-03-21,13:13:00,6,Vehicle overturned (no collision),7,Sunday,180,OFF CARRIAGEWAY ON RIGHT BEND,9,680437,Not at intersection,3,80,Arterial Other,PAKENHAM,CARDINIA,-37.975212,145.51071,2021,3,March,13,Midday,Weekend
T20210006492,2021-03-21,20:30:00,8,No collision and no object struck,7,Sunday,174,OUT OF CONTROL ON CARRIAGEWAY (ON STRAIGHT),6,29895,T intersection,3,60,Arterial Other,ORFORD STREET -WAVERLEY,MOONEE VALLEY,-37.7664,144.90552,2021,3,March,20,Night,Weekend
T20210006583,2021-03-21,18:15:00,4,Collision with a fixed object,7,Sunday,183,OFF LEFT BEND INTO OBJECT/PARKED VEHICLE,1,692340,Not at intersection,2,100,Local Road,WHITELAWS,LATROBE,-38.416855,146.36922,2021,3,March,18,Afternoon Peak,Weekend
T20210006281,2021-03-21,12:00:00,4,Collision with a fixed object,7,Sunday,173,RIGHT OFF CARRIAGEWAY INTO OBJECT/PARKED VEHICLE,1,678456,Not at intersection,1,100,Local Road,BRIDGEWATER-RAYWOOD,LODDON,-36.54538,143.98613,2021,3,March,12,Midday,Weekend
T20210006253,2021-03-21,08:45:00,6,Vehicle overturned (no collision),7,Sunday,182,OFF CARRIAGEWAY ON LEFT BEND,1,683615,Not at intersection,3,60,Arterial Other,FORBES,MURRINDINDI,-37.236443,145.22054,2021,3,March,8,Morning Peak,Weekend
T20210006284,2021-03-21,15:38:00,1,Collision with vehicle,7,Sunday,160,VEHICLE COLLIDES WITH VEHICLE PARKED ON LEFT OF ROAD,1,679620,Not at intersection,3,40,Arterial Other,CAMBERWELL,BOROONDARA,-37.834328,145.06021,2021,3,March,15,Afternoon Peak,Weekend
T20210006294,2021-03-21,16:10:00,1,Collision with vehicle,7,Sunday,120,HEAD ON (NOT OVERTAKING),1,685674,Not at intersection,2,100,Arterial Highway,SOUTH GIPPSLAND,BASS COAST,-38.34259,145.64189,2021,3,March,16,Afternoon Peak,Weekend
T20210006260,2021-03-21,06:30:00,4,Collision with a fixed object,7,Sunday,171,LEFT OFF CARRIAGEWAY INTO OBJECT/PARKED VEHICLE,6,679346,Not at intersection,3,50,Local Road,JOHNSON,HORSHAM,-36.708897,142.21323,2021,3,March,6,Morning Peak,Weekend
T20210006285,2021-03-21,15:15:00,4,Collision with a fixed object,7,Sunday,181,OFF RIGHT BEND INTO OBJECT/PARKED VEHICLE,1,678605,Not at intersection,2,100,Arterial Other,GRANYA,TOWONG,-36.123955,147.3219,2021,3,March,15,Afternoon Peak,Weekend
T20210006286,2021-03-21,16:25:00,1,Collision with vehicle,7,Sunday,113,RIGHT NEAR (INTERSECTIONS ONLY),1,37971,T intersection,3,40,Local Road,MILTON,DAREBIN,-37.750256,145.00307,2021,3,March,16,Afternoon Peak,Weekend
T20210016527,2021-03-21,16:20:00,1,Collision with vehicle,7,Sunday,120,HEAD ON (NOT OVERTAKING),1,730808,Not at intersection,3,100,Arterial Other,MAIN NEERIM,BAW BAW,-38.063007,145.9323,2021,3,March,16,Afternoon Peak,Weekend
T20210007231,2021-03-21,12:00:00,6,Vehicle overturned (no collision),7,Sunday,180,OFF CARRIAGEWAY ON RIGHT BEND,1,681022,Not at intersection,2,100,Local Road,SOLDIERS,SOUTH GIPPSLAND,-38.7546,146.1318,2021,3,March,12,Midday,Weekend
T20210006272,2021-03-21,11:45:00,5,collision with some other object,7,Sunday,173,RIGHT OFF CARRIAGEWAY INTO OBJECT/PARKED VEHICLE,1,316055,T intersection,2,100,Arterial Other,CRESWICK-NEWSTEAD,MOUNT ALEXANDER,-37.166904,144.04037,2021,3,March,11,Midday,Weekend
T20210006350,2021-03-22,10:35:00,1,Collision with vehicle,1,Monday,110,CROSS TRAFFIC(INTERSECTIONS ONLY),1,36085,Cross intersection,3,60,Arterial Other,DRYBURGH,MELBOURNE,-37.802387,144.9436,2021,3,March,10,Midday,Weekday
T20210006348,2021-03-22,06:40:00,1,Collision with vehicle,1,Monday,130,REAR END(VEHICLES IN SAME LANE),2,678609,Not at intersection,3,100,Freeway,WESTERN RING,MORELAND,-37.69205,144.95757,2021,3,March,6,Morning Peak,Weekday
T20210007097,2021-03-22,06:25:00,1,Collision with vehicle,1,Monday,116,LEFT NEAR (INTERSECTIONS ONLY),1,38357,T intersection,3,60,Arterial Other,VICTORIA,MANNINGHAM,-37.786125,145.14386,2021,3,March,6,Morning Peak,Weekday
T20210007734,2021-03-22,19:30:00,6,Vehicle overturned (no collision),1,Monday,174,OUT OF CONTROL ON CARRIAGEWAY (ON STRAIGHT),1,680426,Not at intersection,3,40,Local Road,GILBERT,DAREBIN,-37.733845,144.99077,2021,3,March,19,Night,Weekday
T20210006553,2021-03-22,17:20:00,6,Vehicle overturned (no collision),1,Monday,174,OUT OF CONTROL ON CARRIAGEWAY (ON STRAIGHT),2,678836,Not at intersection,2,60,Arterial Other,STATION,GEELONG,-38.09659,144.3652,2021,3,March,17,Afternoon Peak,Weekday
T20210007214,2021-03-22,22:15:00,1,Collision with vehicle,1,Monday,135,LANE CHANGE LEFT (NOT OVERTAKING),6,680032,Not at intersection,3,40,Freeway,MONASH,MONASH,-37.886272,145.1069,2021,3,March,22,Night,Weekday
T20210007234,2021-03-22,17:30:00,1,Collision with vehicle,1,Monday,130,REAR END(VEHICLES IN SAME LANE),1,698312,Not at intersection,3,100,Freeway,HUME OUT-NORTHERN,MITCHELL,-37.441975,144.97816,2021,3,March,17,Afternoon Peak,Weekday
T20210006486,2021-03-22,15:25:00,1,Collision with vehicle,1,Monday,130,REAR END(VEHICLES IN SAME LANE),1,730037,Not at intersection,3,60,Arterial Highway,ALEXANDRA,YARRA,-37.79349,144.98308,2021,3,March,15,Afternoon Peak,Weekday
T20210006428,2021-03-22,12:51:00,1,Collision with vehicle,1,Monday,113,RIGHT NEAR (INTERSECTIONS ONLY),1,36647,T intersection,3,60,Arterial Other,JOHNSTON,YARRA,-37.79958,144.99033,2021,3,March,12,Midday,Weekday
T20210006559,2021-03-22,18:00:00,4,Collision with a fixed object,1,Monday,171,LEFT OFF CARRIAGEWAY INTO OBJECT/PARKED VEHICLE,2,43939,Cross intersection,3,100,Arterial Highway,DANDENONG-HASTINGS,CASEY,-38.200577,145.21568,2021,3,March,18,Afternoon Peak,Weekday
T20210006411,2021-03-22,21:25:00,1,Collision with vehicle,1,Monday,140,U TURN,5,682852,Not at intersection,2,100,Arterial Highway,GREAT OCEAN,MOYNE,-38.50847,142.79826,2021,3,March,21,Night,Weekday
T20210006409,2021-03-22,20:56:00,6,Vehicle overturned (no collision),1,Monday,174,OUT OF CONTROL ON CARRIAGEWAY (ON STRAIGHT),3,678705,Not at intersection,2,60,Arterial Other,GLENFERRIE,BOROONDARA,-37.83182,145.03366,2021,3,March,20,Night,Weekday
T20210006406,2021-03-22,17:58:00,1,Collision with vehicle,1,Monday,152,PULLING OUT (OVERTAKING),1,730034,T intersection,3,50,Local Road,MACULATA,WHITTLESEA,-37.6808,145.05624,2021,3,March,17,Afternoon Peak,Weekday
T20210006403,2021-03-22,17:25:00,4,Collision with a fixed object,1,Monday,171,LEFT OFF CARRIAGEWAY INTO OBJECT/PARKED VEHICLE,1,678793,Not at intersection,2,100,Local Road,NUMBER FIVE DRAIN,CARDINIA,-38.191017,145.55215,2021,3,March,17,Afternoon Peak,Weekday
T20210023110,2021-03-22,15:30:00,1,Collision with vehicle,1,Monday,140,U TURN,1,697315,Not at intersection,3,50,Local Road,MT PLEASANT,GEELONG,-38.169804,144.33601,2021,3,March,15,Afternoon Peak,Weekday
T20210006400,2021-03-22,18:45:00,1,Collision with vehicle,1,Monday,130,REAR END(VEHICLES IN SAME LANE),3,678937,Not at intersection,3,60,Arterial Other,SOMERTON,HUME,-37.641075,144.93213,2021,3,March,18,Afternoon Peak,Weekday
T20210006710,2021-03-22,14:30:00,1,Collision with vehicle,1,Monday,140,U TURN,1,64738,T intersection,3,60,Arterial Other,CHANDLER,BOROONDARA,-37.78821,145.02548,2021,3,March,14,Midday,Weekday
T20210007040,2021-03-22,16:00:00,1,Collision with vehicle,1,Monday,130,REAR END(VEHICLES IN SAME LANE),1,44810,T intersection,3,50,Arterial Other,BRIDGE STREET -SHERBOURNE,BANYULE,-37.718067,145.13783,2021,3,March,16,Afternoon Peak,Weekday
T20210006394,2021-03-22,16:30:00,1,Collision with vehicle,1,Monday,116,LEFT NEAR (INTERSECTIONS ONLY),1,39326,T intersection,3,60,Arterial Other,STATION,WHITEHORSE,-37.824245,145.12267,2021,3,March,16,Afternoon Peak,Weekday
T20210006392,2021-03-22,17:20:00,1,Collision with vehicle,1,Monday,169,OTHER ON PATH,1,688361,Not at intersection,2,50,Local Road,EDGAR,GLENELG,-38.36277,141.59216,2021,3,March,17,Afternoon Peak,Weekday
T20210006391,2021-03-22,17:20:00,1,Collision with vehicle,1,Monday,111,RIGHT FAR (INTERSECTIONS ONLY),1,261064,Cross intersection,3,50,Local Road,BERNBANKS,BRIMBANK,-37.745564,144.81895,2021,3,March,17,Afternoon Peak,Weekday
T20210006389,2021-03-22,17:00:00,4,Collision with a fixed object,1,Monday,173,RIGHT OFF CARRIAGEWAY INTO OBJECT/PARKED VEHICLE,1,689644,Not at intersection,2,50,Local Road,BURKE,MOYNE,-38.07856,142.80325,2021,3,March,17,Afternoon Peak,Weekday
T20210006383,2021-03-22,16:15:00,1,Collision with vehicle,1,Monday,130,REAR END(VEHICLES IN SAME LANE),1,678792,T intersection,3,60,Arterial Other,TUCKFIELD,GEELONG,-38.259876,144.53511,2021,3,March,16,Afternoon Peak,Weekday
T20210006382,2021-03-22,15:40:00,1,Collision with vehicle,1,Monday,110,CROSS TRAFFIC(INTERSECTIONS ONLY),1,678887,Cross intersection,3,50,Local Road,WILLIAM THWAITES,CASEY,-38.074528,145.31607,2021,3,March,15,Afternoon Peak,Weekday
T20210006380,2021-03-22,14:55:00,1,Collision with vehicle,1,Monday,148,VEHICLE OFF FOOTPATH STRIKES VEH ON CARRIAGEWAY,1,678979,Cross intersection,3,60,Local Road,NORMAN,BALLARAT,-37.5322,143.82338,2021,3,March,14,Midday,Weekday
T20210006378,2021-03-22,15:11:00,1,Collision with vehicle,1,Monday,160,VEHICLE COLLIDES WITH VEHICLE PARKED ON LEFT OF ROAD,1,682444,Not at intersection,3,50,Local Road,WELWYN,BRIMBANK,-37.761513,144.77136,2021,3,March,15,Afternoon Peak,Weekday
T20210006377,2021-03-22,14:13:00,1,Collision with vehicle,1,Monday,121,RIGHT THROUGH,1,29783,T intersection,3,60,Arterial Other,HIGH,DAREBIN,-37.70884,145.00894,2021,3,March,14,Midday,Weekday
T20210006376,2021-03-22,15:40:00,1,Collision with vehicle,1,Monday,111,RIGHT FAR (INTERSECTIONS ONLY),1,22459,Cross intersection,3,60,Arterial Highway,LONGFIELD,NORTHERN GRAMPIANS,-37.063236,142.76262,2021,3,March,15,Afternoon Peak,Weekday
T20210006374,2021-03-22,12:00:00,2,Struck Pedestrian,1,Monday,102,FAR SIDE. PED HIT BY VEHICLE FROM THE LEFT,1,679179,Not at intersection,2,60,Local Road,GLADSTONE,DANDENONG,-37.95269,145.20807,2021,3,March,12,Midday,Weekday
T20210006371,2021-03-22,14:15:00,4,Collision with a fixed object,1,Monday,173,RIGHT OFF CARRIAGEWAY INTO OBJECT/PARKED VEHICLE,1,47385,Cross intersection,2,50,Local Road,DEVON,MORELAND,-37.721367,144.92255,2021,3,March,14,Midday,Weekday
T20210006344,2021-03-22,09:29:00,1,Collision with vehicle,1,Monday,110,CROSS TRAFFIC(INTERSECTIONS ONLY),1,52034,Cross intersection,3,60,Local Road,COBAINS,WELLINGTON,-38.088215,147.086,2021,3,March,9,Morning Peak,Weekday
T20210006343,2021-03-22,07:00:00,1,Collision with vehicle,1,Monday,120,HEAD ON (NOT OVERTAKING),2,681175,Not at intersection,2,60,Arterial Other,SAYERS,WYNDHAM,-37.8543,144.74997,2021,3,March,7,Morning Peak,Weekday
T20210006370,2021-03-22,08:40:00,1,Collision with vehicle,1,Monday,148,VEHICLE OFF FOOTPATH STRIKES VEH ON CARRIAGEWAY,1,685216,Cross intersection,3,60,Local Road,TARNEIT,WYNDHAM,-37.86082,144.66704,2021,3,March,8,Morning Peak,Weekday
T20210006366,2021-03-22,14:00:00,4,Collision with a fixed object,1,Monday,146,REVERSING INTO FIXED OBJECT/PARKED VEHICLE,1,678646,Not at intersection,3,50,Local Road,DUNDEE,MONASH,-37.888245,145.09285,2021,3,March,14,Midday,Weekday