ACCIDENT_NO,ACCIDENT_DATE,ACCIDENT_TIME,ACCIDENT_TYPE,ACCIDENT_TYPE_DESC,DAY_OF_WEEK,DAY_WEEK_DESC,DCA_CODE,DCA_DESC,LIGHT_CONDITION,NODE_ID,ROAD_GEOMETRY_DESC,SEVERITY,SPEED_ZONE,RMA,ROAD_NAME,LGA_NAME,LATITUDE,LONGITUDE,YEAR,MONTH,MONTH_NAME,HOUR,TIME_PERIOD,DAY_TYPE
T20210009541,2021-03-22,06:45:00,1,Collision with vehicle,1,Monday,121,RIGHT THROUGH,1,35360,Cross intersection,3,40,Local Road,COLLINS,MELBOURNE,-37.816216,144.96407,2021,3,March,6,Morning Peak,Weekday
T20210006362,2021-03-22,08:42:00,8,No collision and no object struck,1,Monday,174,OUT OF CONTROL ON CARRIAGEWAY (ON STRAIGHT),1,54393,T intersection,3,60,Arterial Other,BALCOMBE,BAYSIDE,-37.975983,145.02022,2021,3,March,8,Morning Peak,Weekday
T20210006329,2021-03-22,04:12:00,4,Collision with a fixed object,1,Monday,175,OFF END OF ROAD/T-INTERSECTION.,3,45536,T intersection,3,40,Local Road,PARK,MELBOURNE,-37.775967,144.94304,2021,3,March,4,Late Night,Weekday
T20210006361,2021-03-22,12:30:00,1,Collision with vehicle,1,Monday,110,CROSS TRAFFIC(INTERSECTIONS ONLY),1,51105,Cross intersection,3,60,Local Road,MACINTOSH,SHEPPARTON,-36.393566,145.4058,2021,3,March,12,Midday,Weekday
T20210006359,2021-03-22,09:40:00,6,Vehicle overturned (no collision),1,Monday,182,OFF CARRIAGEWAY ON LEFT BEND,1,682044,Not at intersection,3,100,Local Road,CHILDERS SETTLEMENT,BAW BAW,-38.310856,146.11319,2021,3,March,9,Morning Peak,Weekday
T20210006357,2021-03-22,11:42:00,1,Collision with vehicle,1,Monday,130,REAR END(VEHICLES IN SAME LANE),1,681869,Not at intersection,2,60,Local Road,RAILWAY,DANDENONG,-37.97367,145.18596,2021,3,March,11,Midday,Weekday
T20210008399,2021-03-23,16:30:00,1,Collision with vehicle,2,Tuesday,120,HEAD ON (NOT OVERTAKING),1,682605,Not at intersection,3,100,Local Road,MAIDMENT,MOIRA,-35.89908,145.56181,2021,3,March,16,Afternoon Peak,Weekday
T20210006468,2021-03-23,06:33:00,5,collision with some other object,2,Tuesday,166,STRUCK OBJECT ON CARRIAGEWAY,2,678936,Not at intersection,3,80,Local Road,BEENAK,YARRA RANGES,-37.799706,145.47408,2021,3,March,6,Morning Peak,Weekday
T20210006501,2021-03-23,17:20:00,4,Collision with a fixed object,2,Tuesday,173,RIGHT OFF CARRIAGEWAY INTO OBJECT/PARKED VEHICLE,1,683448,Not at intersection,2,80,Local Road,PEARCEDALE,CASEY,-38.18785,145.23792,2021,3,March,17,Afternoon Peak,Weekday
T20210006660,2021-03-23,06:20:00,1,Collision with vehicle,2,Tuesday,110,CROSS TRAFFIC(INTERSECTIONS ONLY),2,51389,Cross intersection,3,50,Local Road,ANSTRUTHER,CAMPASPE,-36.126427,144.74916,2021,3,March,6,Morning Peak,Weekday
T20210006471,2021-03-23,15:45:00,1,Collision with vehicle,2,Tuesday,142,LEAVING PARKING,1,37778,T intersection,2,50,Local Road,GRANGE,STONNINGTON,-37.83598,145.01169,2021,3,March,15,Afternoon Peak,Weekday
T20210006573,2021-03-23,22:50:00,1,Collision with vehicle,2,Tuesday,136,RIGHT TURN SIDESWIPE,3,36847,T intersection,2,50,Local Road,WILLIAM,MELBOURNE,-37.810677,144.95595,2021,3,March,22,Night,Weekday
T20210006474,2021-03-23,14:43:00,1,Collision with vehicle,2,Tuesday,110,CROSS TRAFFIC(INTERSECTIONS ONLY),1,678980,Cross intersection,3,80,Arterial Other,AMESBURY,KNOX,-37.85164,145.2398,2021,3,March,14,Midday,Weekday
T20210006481,2021-03-23,15:13:00,1,Collision with vehicle,2,Tuesday,130,REAR END(VEHICLES IN SAME LANE),1,730036,Cross intersection,3,80,Arterial Highway,PRINCES,CASEY,-38.0015,145.23494,2021,3,March,15,Afternoon Peak,Weekday
T20210006417,2021-03-23,04:00:00,1,Collision with vehicle,2,Tuesday,120,HEAD ON (NOT OVERTAKING),2,684511,Dead end,3,50,Local Road,YIANNIS,DANDENONG,-37.933437,145.14404,2021,3,March,4,Late Night,Weekday
T20210006412,2021-03-23,00:01:00,4,Collision with a fixed object,2,Tuesday,183,OFF LEFT BEND INTO OBJECT/PARKED VEHICLE,4,681224,Not at intersection,3,70,Arterial Other,KINGS,BRIMBANK,-37.68849,144.78511,2021,3,March,0,Late Night,Weekday
T20210006502,2021-03-23,20:00:00,3,Struck animal,2,Tuesday,167,STRUCK ANIMAL,5,786123,Not at intersection,2,100,Arterial Highway,SUNRAYSIA,MILDURA,-35.176697,142.37802,2021,3,March,20,Night,Weekday
T20210006422,2021-03-23,06:20:00,1,Collision with vehicle,2,Tuesday,133,LANE SIDE SWIPE (VEHICLES IN PARALLEL LANES),5,678706,Not at intersection,3,100,Freeway,CALDER,MELTON,-37.659187,144.74182,2021,3,March,6,Morning Peak,Weekday
T20210006972,2021-03-23,13:56:00,1,Collision with vehicle,2,Tuesday,160,VEHICLE COLLIDES WITH VEHICLE PARKED ON LEFT OF ROAD,1,680863,Not at intersection,3,40,Local Road,ANDERSON,MARIBYRNONG,-37.816383,144.88821,2021,3,March,13,Midday,Weekday
T20210006483,2021-03-23,18:17:00,1,Collision with vehicle,2,Tuesday,130,REAR END(VEHICLES IN SAME LANE),2,30033,Cross intersection,3,60,Arterial Other,COLLEGE,CASEY,-38.05,145.29831,2021,3,March,18,Afternoon Peak,Weekday
T20210006588,2021-03-23,08:00:00,1,Collision with vehicle,2,Tuesday,134,LANE CHANGE RIGHT (NOT OVERTAKING),1,680942,Not at intersection,3,70,Arterial Other,DALTON,WHITTLESEA,-37.660385,145.03069,2021,3,March,8,Morning Peak,Weekday
T20210006424,2021-03-23,06:45:00,4,Collision with a fixed object,2,Tuesday,183,OFF LEFT BEND INTO OBJECT/PARKED VEHICLE,5,679183,Not at intersection,3,80,Local Road,KILMORE EAST,MITCHELL,-37.2883,144.97594,2021,3,March,6,Morning Peak,Weekday
T20210006623,2021-03-23,07:00:00,1,Collision with vehicle,2,Tuesday,121,RIGHT THROUGH,1,686390,T intersection,3,60,Arterial Highway,BELL,MORELAND,-37.73843,144.93933,2021,3,March,7,Morning Peak,Weekday
T20210006425,2021-03-23,06:15:00,1,Collision with vehicle,2,Tuesday,130,REAR END(VEHICLES IN SAME LANE),3,679182,Not at intersection,3,70,Arterial Other,BAANIP,GEELONG,-38.21889,144.28831,2021,3,March,6,Morning Peak,Weekday
T20210008765,2021-03-23,22:30:00,1,Collision with vehicle,2,Tuesday,111,RIGHT FAR (INTERSECTIONS ONLY),9,229131,T intersection,3,60,Arterial Highway,PLENTY,BANYULE,-37.692158,145.06293,2021,3,March,22,Night,Weekday
T20210006744,2021-03-23,07:30:00,6,Vehicle overturned (no collision),2,Tuesday,174,OUT OF CONTROL ON CARRIAGEWAY (ON STRAIGHT),1,41230,Cross intersection,3,50,Local Road,GLEN HUNTLY,GLEN EIRA,-37.886036,145.01495,2021,3,March,7,Morning Peak,Weekday
T20210006570,2021-03-23,06:45:00,1,Collision with vehicle,2,Tuesday,130,REAR END(VEHICLES IN SAME LANE),3,681073,Not at intersection,3,80,Arterial Highway,BURWOOD,WHITEHORSE,-37.85854,145.19595,2021,3,March,6,Morning Peak,Weekday
T20210006433,2021-03-23,07:04:00,1,Collision with vehicle,2,Tuesday,121,RIGHT THROUGH,1,44436,Cross intersection,3,60,Arterial Other,THOMPSON,GEELONG,-38.121765,144.34128,2021,3,March,7,Morning Peak,Weekday
T20210006484,2021-03-23,18:55:00,1,Collision with vehicle,2,Tuesday,148,VEHICLE OFF FOOTPATH STRIKES VEH ON CARRIAGEWAY,2,681870,T intersection,3,50,Local Road,SANDOVER,HUME,-37.61433,144.92862,2021,3,March,18,Afternoon Peak,Weekday
T20210006435,2021-03-23,08:05:00,1,Collision with vehicle,2,Tuesday,133,LANE SIDE SWIPE (VEHICLES IN PARALLEL LANES),1,678888,Not at intersection,2,80,Arterial Highway,WELLINGTON,MONASH,-37.92329,145.19682,2021,3,March,8,Morning Peak,Weekday
T20210006491,2021-03-23,17:54:00,1,Collision with vehicle,2,Tuesday,160,VEHICLE COLLIDES WITH VEHICLE PARKED ON LEFT OF ROAD,1,678890,Not at intersection,2,50,Local Road,MANDOWIE,MONASH,-37.877724,145.17496,2021,3,March,17,Afternoon Peak,Weekday
T20210006447,2021-03-23,05:56:00,2,Struck Pedestrian,2,Tuesday,102,FAR SIDE. PED HIT BY VEHICLE FROM THE LEFT,3,37230,T intersection,2,60,Arterial Other,BRIDGE,YARRA,-37.818726,145.00076,2021,3,March,5,Morning Peak,Weekday
T20210006533,2021-03-23,18:30:00,1,Collision with vehicle,2,Tuesday,163,VEHICLE STRIKES DOOR OF PARKED/STATIONARY VEHICLE,2,679181,Not at intersection,3,40,Local Road,LA TROBE,MELBOURNE,-37.814365,144.94722,2021,3,March,18,Afternoon Peak,Weekday
T20210006556,2021-03-23,20:19:00,1,Collision with vehicle,2,Tuesday,160,VEHICLE COLLIDES WITH VEHICLE PARKED ON LEFT OF ROAD,3,681787,Not at intersection,3,60,Arterial Other,WAVERLEY,MONASH,-37.887005,145.14774,2021,3,March,20,Night,Weekday
T20210006488,2021-03-23,18:35:00,4,Collision with a fixed object,2,Tuesday,171,LEFT OFF CARRIAGEWAY INTO OBJECT/PARKED VEHICLE,5,679849,Not at intersection,2,100,Arterial Other,BROWN COALMINE,LATROBE,-38.153,146.43658,2021,3,March,18,Afternoon Peak,Weekday
T20210007326,2021-03-23,07:00:00,1,Collision with vehicle,2,Tuesday,131,LEFT REAR,2,38237,Cross intersection,3,60,Arterial Highway,BANKSIA,BANYULE,-37.75997,145.07155,2021,3,March,7,Morning Peak,Weekday
T20210006437,2021-03-23,08:45:00,1,Collision with vehicle,2,Tuesday,130,REAR END(VEHICLES IN SAME LANE),1,41096,T intersection,3,60,Arterial Other,ORMOND,PORT PHILLIP,-37.886036,144.98222,2021,3,March,8,Morning Peak,Weekday
T20210006760,2021-03-23,08:45:00,1,Collision with vehicle,2,Tuesday,130,REAR END(VEHICLES IN SAME LANE),1,679057,Not at intersection,3,70,Arterial Highway,NEPEAN,MORNINGTON PENINSULA,-38.22961,145.04456,2021,3,March,8,Morning Peak,Weekday
T20210006452,2021-03-23,07:20:00,1,Collision with vehicle,2,Tuesday,135,LANE CHANGE LEFT (NOT OVERTAKING),1,686547,Not at intersection,2,80,Freeway,PRINCES,CASEY,-38.029755,145.32234,2021,3,March,7,Morning Peak,Weekday
T20210006453,2021-03-23,11:50:00,4,Collision with a fixed object,2,Tuesday,173,RIGHT OFF CARRIAGEWAY INTO OBJECT/PARKED VEHICLE,1,730035,Not at intersection,3,100,Arterial Other,WILLOW GROVE,BAW BAW,-38.019646,146.15929,2021,3,March,11,Midday,Weekday
T20210006439,2021-03-23,11:10:00,1,Collision with vehicle,2,Tuesday,110,CROSS TRAFFIC(INTERSECTIONS ONLY),1,49469,Cross intersection,2,50,Local Road,QUEEN,MITCHELL,-37.413406,144.98233,2021,3,March,11,Midday,Weekday
T20210006441,2021-03-23,07:15:00,1,Collision with vehicle,2,Tuesday,113,RIGHT NEAR (INTERSECTIONS ONLY),1,55973,T intersection,2,80,Local Road,EVANS,CASEY,-38.091694,145.2559,2021,3,March,7,Morning Peak,Weekday
T20210006461,2021-03-23,14:00:00,1,Collision with vehicle,2,Tuesday,110,CROSS TRAFFIC(INTERSECTIONS ONLY),1,360334,Cross intersection,3,60,Arterial Other,EDGARS,WHITTLESEA,-37.678772,144.9994,2021,3,March,14,Midday,Weekday
T20210006462,2021-03-23,15:10:00,1,Collision with vehicle,2,Tuesday,133,LANE SIDE SWIPE (VEHICLES IN PARALLEL LANES),1,292174,Cross intersection,3,60,Arterial Highway,KINGS,PORT PHILLIP,-37.83346,144.96767,2021,3,March,15,Afternoon Peak,Weekday
T20210006463,2021-03-23,11:30:00,6,Vehicle overturned (no collision),2,Tuesday,174,OUT OF CONTROL ON CARRIAGEWAY (ON STRAIGHT),1,42013,Cross intersection,3,50,Arterial Other,MONBULK,YARRA RANGES,-37.884888,145.36925,2021,3,March,11,Midday,Weekday
T20210006464,2021-03-23,13:55:00,1,Collision with vehicle,2,Tuesday,130,REAR END(VEHICLES IN SAME LANE),1,679548,Not at intersection,2,60,Arterial Other,ELLIOTT,MELBOURNE,-37.789413,144.94232,2021,3,March,13,Midday,Weekday
T20210006466,2021-03-23,12:15:00,1,Collision with vehicle,2,Tuesday,113,RIGHT NEAR (INTERSECTIONS ONLY),1,57548,T intersection,3,80,Arterial Highway,BURWOOD,KNOX,-37.888683,145.2913,2021,3,March,12,Midday,Weekday
T20210007365,2021-03-23,22:40:00,2,Struck Pedestrian,2,Tuesday,102,FAR SIDE. PED HIT BY VEHICLE FROM THE LEFT,3,47257,T intersection,3,60,Arterial Other,STEPHENSONS,MONASH,-37.881363,145.12799,2021,3,March,22,Night,Weekday
T20210007098,2021-03-23,15:30:00,6,Vehicle overturned (no collision),2,Tuesday,174,OUT OF CONTROL ON CARRIAGEWAY (ON STRAIGHT),1,36143,T intersection,2,50,Arterial Other,SETTLEMENT,WHITTLESEA,-37.688095,145.01501,2021,3,March,15,Afternoon Peak,Weekday
T20210007978,2021-03-24,15:48:00,1,Collision with vehicle,3,Wednesday,121,RIGHT THROUGH,1,45230,T intersection,3,60,Arterial Other,BUCKLEY,MOONEE VALLEY,-37.75404,144.89044,2021,3,March,15,Afternoon Peak,Weekday
T20210006853,2021-03-24,15:54:00,4,Collision with a fixed object,3,Wednesday,171,LEFT OFF CARRIAGEWAY INTO OBJECT/PARKED VEHICLE,1,730050,T intersection,3,60,Arterial Other,ROKEWOOD-SKIPTON ROAD -SKIPTON-GEELONG,CORANGAMITE,-37.686935,143.3703,2021,3,March,15,Afternoon Peak,Weekday
T20210006578,2021-03-24,15:38:00,1,Collision with vehicle,3,Wednesday,130,REAR END(VEHICLES IN SAME LANE),1,684761,Not at intersection,3,40,Local Road,WALNUT,MILDURA,-34.1865,142.15086,2021,3,March,15,Afternoon Peak,Weekday
T20210007301,2021-03-24,12:30:00,1,Collision with vehicle,3,Wednesday,130,REAR END(VEHICLES IN SAME LANE),1,683100,Not at intersection,3,40,Arterial Highway,PUNT,MELBOURNE,-37.82323,144.98907,2021,3,March,12,Midday,Weekday
T20210006584,2021-03-24,16:12:00,1,Collision with vehicle,3,Wednesday,120,HEAD ON (NOT OVERTAKING),1,678982,Not at intersection,3,90,Arterial Other,WELLINGTON,YARRA RANGES,-37.94439,145.32236,2021,3,March,16,Afternoon Peak,Weekday
T20210006586,2021-03-24,17:05:00,1,Collision with vehicle,3,Wednesday,113,RIGHT NEAR (INTERSECTIONS ONLY),1,678803,T intersection,3,60,Local Road,BEENAK,YARRA RANGES,-37.784184,145.43268,2021,3,March,17,Afternoon Peak,Weekday
T20210006515,2021-03-24,03:30:00,4,Collision with a fixed object,3,Wednesday,181,OFF RIGHT BEND INTO OBJECT/PARKED VEHICLE,5,694709,Not at intersection,2,100,Arterial Other,WOOLSTHORPE-HEYWOOD,MOYNE,-38.14882,142.33054,2021,3,March,3,Late Night,Weekday
T20210011167,2021-03-24,08:45:00,1,Collision with vehicle,3,Wednesday,130,REAR END(VEHICLES IN SAME LANE),9,687758,Not at intersection,3,60,Arterial Highway,HIGH,BENDIGO,-36.765923,144.26784,2021,3,March,8,Morning Peak,Weekday
T20210006592,2021-03-24,17:00:00,1,Collision with vehicle,3,Wednesday,110,CROSS TRAFFIC(INTERSECTIONS ONLY),1,40195,Cross intersection,3,60,Arterial Highway,DANDENONG,STONNINGTON,-37.8601,145.01054,2021,3,March,17,Afternoon Peak,Weekday
T20210006521,2021-03-24,07:30:00,1,Collision with vehicle,3,Wednesday,121,RIGHT THROUGH,1,29607,Cross intersection,3,60,Arterial Other,WATTLETREE,STONNINGTON,-37.86391,145.04013,2021,3,March,7,Morning Peak,Weekday
T20210006819,2021-03-24,17:00:00,1,Collision with vehicle,3,Wednesday,136,RIGHT TURN SIDESWIPE,1,679062,Multiple intersection,3,60,Arterial Other,MELTON,BRIMBANK,-37.701633,144.80179,2021,3,March,17,Afternoon Peak,Weekday
T20210006526,2021-03-24,09:15:00,4,Collision with a fixed object,3,Wednesday,183,OFF LEFT BEND INTO OBJECT/PARKED VEHICLE,1,678933,Not at intersection,2,80,Freeway,MONASH-PRINCES IN,LATROBE,-38.244923,146.42445,2021,3,March,9,Morning Peak,Weekday
T20210006551,2021-03-24,12:40:00,1,Collision with vehicle,3,Wednesday,130,REAR END(VEHICLES IN SAME LANE),1,678800,Not at intersection,3,80,Arterial Highway,SOUTH GIPPSLAND,DANDENONG,-38.028633,145.2438,2021,3,March,12,Midday,Weekday
T20210006522,2021-03-24,08:29:00,1,Collision with vehicle,3,Wednesday,148,VEHICLE OFF FOOTPATH STRIKES VEH ON CARRIAGEWAY,1,684350,Cross intersection,3,50,Local Road,ST GEORGES BIKE,DAREBIN,-37.760662,144.99301,2021,3,March,8,Morning Peak,Weekday
T20210006545,2021-03-24,12:13:00,4,Collision with a fixed object,3,Wednesday,151,OUT OF CONTROL (OVERTAKING),1,678892,Not at intersection,3,100,Arterial Highway,BELLARINE,GEELONG,-38.21271,144.51706,2021,3,March,12,Midday,Weekday
T20210006543,2021-03-24,08:50:00,4,Collision with a fixed object,3,Wednesday,181,OFF RIGHT BEND INTO OBJECT/PARKED VEHICLE,1,678929,Not at intersection,3,80,Arterial Other,GEMBROOK,CARDINIA,-38.004856,145.51665,2021,3,March,8,Morning Peak,Weekday
T20210006542,2021-03-24,11:45:00,4,Collision with a fixed object,3,Wednesday,171,LEFT OFF CARRIAGEWAY INTO OBJECT/PARKED VEHICLE,1,678925,Not at intersection,2,80,Arterial Highway,NEPEAN,GLEN EIRA,-37.88794,145.00064,2021,3,March,11,Midday,Weekday
T20210006537,2021-03-24,08:00:00,1,Collision with vehicle,3,Wednesday,110,CROSS TRAFFIC(INTERSECTIONS ONLY),1,996,Cross intersection,3,50,Arterial Other,MURRAY,DAREBIN,-37.736584,144.9903,2021,3,March,8,Morning Peak,Weekday
T20210007468,2021-03-24,17:40:00,1,Collision with vehicle,3,Wednesday,142,LEAVING PARKING,9,681872,Not at intersection,3,40,Arterial Other,JOHNSON STREET SERVICE,WELLINGTON,-37.96701,146.97589,2021,3,March,17,Afternoon Peak,Weekday
T20210006628,2021-03-24,09:00:00,1,Collision with vehicle,3,Wednesday,130,REAR END(VEHICLES IN SAME LANE),1,685060,T intersection,3,70,Arterial Highway,SETTLEMENT,GEELONG,-38.174118,144.35252,2021,3,March,9,Morning Peak,Weekday
T20210006626,2021-03-24,18:35:00,1,Collision with vehicle,3,Wednesday,120,HEAD ON (NOT OVERTAKING),1,682302,Not at intersection,2,50,Arterial Other,HIGH,CASEY,-38.032646,145.34962,2021,3,March,18,Afternoon Peak,Weekday
T20210006539,2021-03-24,09:25:00,1,Collision with vehicle,3,Wednesday,110,CROSS TRAFFIC(INTERSECTIONS ONLY),1,43130,Cross intersection,2,50,Local Road,FUGOSIA,CASEY,-37.995277,145.24127,2021,3,March,9,Morning Peak,Weekday
T20210007972,2021-03-24,12:30:00,6,Vehicle overturned (no collision),3,Wednesday,174,OUT OF CONTROL ON CARRIAGEWAY (ON STRAIGHT),1,680424,Not at intersection,3,60,Arterial Other,CENTRE,KINGSTON,-37.92731,145.10896,2021,3,March,12,Midday,Weekday
T20210006550,2021-03-24,09:58:00,4,Collision with a fixed object,3,Wednesday,173,RIGHT OFF CARRIAGEWAY INTO OBJECT/PARKED VEHICLE,1,678935,Not at intersection,3,100,Freeway,LITHGOW-HUME OUT,MITCHELL,-37.472805,144.97255,2021,3,March,9,Morning Peak,Weekday
T20210006717,2021-03-24,22:30:00,3,Struck animal,3,Wednesday,167,STRUCK ANIMAL,5,682251,Not at intersection,3,100,Arterial Other,COBDEN-PORT CAMPBELL,CORANGAMITE,-38.449776,143.0499,2021,3,March,22,Night,Weekday
T20210006621,2021-03-24,21:15:00,1,Collision with vehicle,3,Wednesday,130,REAR END(VEHICLES IN SAME LANE),3,689721,Not at intersection,2,80,Freeway,EASTLINK,MANNINGHAM,-37.80058,145.18867,2021,3,March,21,Night,Weekday
T20210006528,2021-03-24,09:20:00,1,Collision with vehicle,3,Wednesday,130,REAR END(VEHICLES IN SAME LANE),1,678934,Not at intersection,3,60,Arterial Other,MIDDLEBOROUGH,WHITEHORSE,-37.814426,145.13963,2021,3,March,9,Morning Peak,Weekday
T20210006531,2021-03-24,09:30:00,4,Collision with a fixed object,3,Wednesday,171,LEFT OFF CARRIAGEWAY INTO OBJECT/PARKED VEHICLE,1,687309,Not at intersection,2,50,Local Road,HUMFFRAY,BALLARAT,-37.586987,143.85269,2021,3,March,9,Morning Peak,Weekday
T20210006538,2021-03-24,11:15:00,2,Struck Pedestrian,3,Wednesday,100,PED NEAR SIDE. PED HIT BY VEHICLE FROM THE RIGHT.,1,40134,T intersection,3,60,Local Road,ARGYLE,PORT PHILLIP,-37.863434,144.99124,2021,3,March,11,Midday,Weekday
T20210007753,2021-03-24,10:00:00,1,Collision with vehicle,3,Wednesday,130,REAR END(VEHICLES IN SAME LANE),1,684173,Not at intersection,3,60,Arterial Highway,WARBURTON,YARRA RANGES,-37.779755,145.5298,2021,3,March,10,Midday,Weekday
T20210019137,2021-03-24,06:30:00,1,Collision with vehicle,3,Wednesday,130,REAR END(VEHICLES IN SAME LANE),1,693584,Not at intersection,3,100,Freeway,WESTERN,MELTON,-37.75516,144.73422,2021,3,March,6,Morning Peak,Weekday
T20210010415,2021-03-24,17:00:00,1,Collision with vehicle,3,Wednesday,130,REAR END(VEHICLES IN SAME LANE),1,682874,Not at intersection,3,80,Freeway,WESTERN RING,BRIMBANK,-37.747917,144.83676,2021,3,March,17,Afternoon Peak,Weekday
T20210006609,2021-03-24,08:15:00,6,Vehicle overturned (no collision),3,Wednesday,174,OUT OF CONTROL ON CARRIAGEWAY (ON STRAIGHT),1,679898,Not at intersection,3,70,Arterial Highway,HODDLE,MELBOURNE,-37.810436,144.99123,2021,3,March,8,Morning Peak,Weekday
T20210006604,2021-03-24,22:30:00,4,Collision with a fixed object,3,Wednesday,181,OFF RIGHT BEND INTO OBJECT/PARKED VEHICLE,5,682607,Not at intersection,2,100,Arterial Other,MAIN NEERIM,BAW BAW,-38.059418,145.94243,2021,3,March,22,Night,Weekday
T20210006602,2021-03-24,20:31:00,1,Collision with vehicle,3,Wednesday,121,RIGHT THROUGH,3,56017,Cross intersection,3,80,Arterial Other,EDGARS,WHITTLESEA,-37.649986,145.00537,2021,3,March,20,Night,Weekday
T20210007642,2021-03-24,07:30:00,1,Collision with vehicle,3,Wednesday,130,REAR END(VEHICLES IN SAME LANE),1,680039,Not at intersection,2,100,Freeway,WESTERN RING,MORELAND,-37.694626,144.9202,2021,3,March,7,Morning Peak,Weekday
T20210006534,2021-03-24,07:45:00,2,Struck Pedestrian,3,Wednesday,102,FAR SIDE. PED HIT BY VEHICLE FROM THE LEFT,1,342240,Not at intersection,3,50,Local Road,YARRA BEND,YARRA,-37.78688,145.00935,2021,3,March,7,Morning Peak,Weekday
T20210007244,2021-03-24,18:00:00,1,Collision with vehicle,3,Wednesday,130,REAR END(VEHICLES IN SAME LANE),1,730070,Not at intersection,3,70,Arterial Other,BALLARAT,BRIMBANK,-37.771008,144.77986,2021,3,March,18,Afternoon Peak,Weekday
T20210008512,2021-03-24,12:00:00,1,Collision with vehicle,3,Wednesday,113,RIGHT NEAR (INTERSECTIONS ONLY),1,41799,T intersection,3,70,Arterial Highway,SPRINGVALE,MONASH,-37.88524,145.1648,2021,3,March,12,Midday,Weekday
T20210006600,2021-03-24,04:00:00,1,Collision with vehicle,3,Wednesday,113,RIGHT NEAR (INTERSECTIONS ONLY),6,29404,Cross intersection,2,30,Arterial Other,PRINCES,CASEY,-38.028954,145.32799,2021,3,March,4,Late Night,Weekday
T20210006597,2021-03-24,20:30:00,1,Collision with vehicle,3,Wednesday,110,CROSS TRAFFIC(INTERSECTIONS ONLY),3,986,Cross intersection,2,70,Arterial Other,HIGH,CASEY,-38.03961,145.36034,2021,3,March,20,Night,Weekday
T20210006633,2021-03-24,11:00:00,1,Collision with vehicle,3,Wednesday,153,CUTTING IN (OVERTAKING),1,679351,Not at intersection,3,50,Local Road,ARNOLD,WHITEHORSE,-37.81399,145.11607,2021,3,March,11,Midday,Weekday
T20210008251,2021-03-24,19:45:00,1,Collision with vehicle,3,Wednesday,131,LEFT REAR,3,683103,T intersection,3,70,Arterial Highway,CHURCH,GEELONG,-38.133396,144.35123,2021,3,March,19,Night,Weekday
T20210006552,2021-03-24,11:16:00,1,Collision with vehicle,3,Wednesday,113,RIGHT NEAR (INTERSECTIONS ONLY),1,44160,T intersection,2,70,Arterial Other,BONEO,MORNINGTON PENINSULA,-38.36436,144.88954,2021,3,March,11,Midday,Weekday
T20210006532,2021-03-24,09:30:00,1,Collision with vehicle,3,Wednesday,130,REAR END(VEHICLES IN SAME LANE),1,43564,T intersection,2,80,Arterial Highway,NEPEAN,MORNINGTON PENINSULA,-38.224854,145.05107,2021,3,March,9,Morning Peak,Weekday
T20210006845,2021-03-24,12:12:00,1,Collision with vehicle,3,Wednesday,110,CROSS TRAFFIC(INTERSECTIONS ONLY),1,54423,Cross intersection,3,100,Arterial Highway,GLENELG,ARARAT,-37.6831,143.07579,2021,3,March,12,Midday,Weekday
T20210007732,2021-03-24,15:00:00,1,Collision with vehicle,3,Wednesday,130,REAR END(VEHICLES IN SAME LANE),1,685077,Not at intersection,3,60,Arterial Other,GORGE,WHITTLESEA,-37.652126,145.09662,2021,3,March,15,Afternoon Peak,Weekday
T20210006540,2021-03-24,06:40:00,1,Collision with vehicle,3,Wednesday,130,REAR END(VEHICLES IN SAME LANE),3,679056,Not at intersection,3,100,Freeway,MONASH,DANDENONG,-37.954723,145.21779,2021,3,March,6,Morning Peak,Weekday
T20210006651,2021-03-24,10:30:00,1,Collision with vehicle,3,Wednesday,132,RIGHT REAR.,1,679852,Not at intersection,2,60,Local Road,TOWNSEND,GEELONG,-38.181633,144.39355,2021,3,March,10,Midday,Weekday
T20210006659,2021-03-25,07:05:00,2,Struck Pedestrian,4,Thursday,100,PED NEAR SIDE. PED HIT BY VEHICLE FROM THE RIGHT.,3,39491,Cross intersection,3,70,Arterial Other,MITCHAM,MANNINGHAM,-37.796482,145.17915,2021,3,March,7,Morning Peak,Weekday
T20210006631,2021-03-25,07:20:00,4,Collision with a fixed object,4,Thursday,181,OFF RIGHT BEND INTO OBJECT/PARKED VEHICLE,1,680183,Not at intersection,3,70,Arterial Other,RINGWOOD-WARRANDYTE,MANNINGHAM,-37.75694,145.23227,2021,3,March,7,Morning Peak,Weekday
T20210006636,2021-03-25,08:49:00,1,Collision with vehicle,4,Thursday,148,VEHICLE OFF FOOTPATH STRIKES VEH ON CARRIAGEWAY,1,300017,Cross intersection,3,60,Arterial Other,POINT COOK,WYNDHAM,-37.90987,144.75183,2021,3,March,8,Morning Peak,Weekday
T20210006625,2021-03-25,09:30:00,4,Collision with a fixed object,4,Thursday,171,LEFT OFF CARRIAGEWAY INTO OBJECT/PARKED VEHICLE,1,625803,Multiple intersection,2,60,Freeway,ROBINSONS,MELTON,-37.794666,144.75302,2021,3,March,9,Morning Peak,Weekday
T20210011717,2021-03-25,08:50:00,1,Collision with vehicle,4,Thursday,121,RIGHT THROUGH,1,41364,T intersection,3,60,Arterial Highway,NORTH,GLEN EIRA,-37.90403,145.04114,2021,3,March,8,Morning Peak,Weekday
T20210006619,2021-03-25,08:20:00,1,Collision with vehicle,4,Thursday,147,VEHICLE STRIKES ANOTHER VEH WHILE EMERGING FROM DRIVEWAY,1,680521,Not at intersection,3,50,Local Road,DALTON,CASEY,-38.097733,145.31816,2021,3,March,8,Morning Peak,Weekday