ACCIDENT_NO,ACCIDENT_DATE,ACCIDENT_TIME,ACCIDENT_TYPE,ACCIDENT_TYPE_DESC,DAY_OF_WEEK,DAY_WEEK_DESC,DCA_CODE,DCA_DESC,LIGHT_CONDITION,NODE_ID,ROAD_GEOMETRY_DESC,SEVERITY,SPEED_ZONE,RMA,ROAD_NAME,LGA_NAME,LATITUDE,LONGITUDE,YEAR,MONTH,MONTH_NAME,HOUR,TIME_PERIOD,DAY_TYPE
T20210008368,2021-03-25,19:15:00,1,Collision with vehicle,4,Thursday,113,RIGHT NEAR (INTERSECTIONS ONLY),1,37635,T intersection,3,50,Arterial Other,TOORAK,STONNINGTON,-37.83841,144.98718,2021,3,March,19,Night,Weekday
T20210006617,2021-03-25,06:14:00,1,Collision with vehicle,4,Thursday,160,VEHICLE COLLIDES WITH VEHICLE PARKED ON LEFT OF ROAD,3,681391,Not at intersection,2,60,Arterial Other,CROCKFORD,PORT PHILLIP,-37.83423,144.94879,2021,3,March,6,Morning Peak,Weekday
T20210006611,2021-03-25,06:03:00,1,Collision with vehicle,4,Thursday,113,RIGHT NEAR (INTERSECTIONS ONLY),5,63375,T intersection,3,50,Local Road,BREWSTER,MOONEE VALLEY,-37.751236,144.92282,2021,3,March,6,Morning Peak,Weekday
T20210006662,2021-03-25,13:40:00,2,Struck Pedestrian,4,Thursday,107,PED ON FOOTHPATH STRUCK BY VEHENTERING/LEAVING DRIVEWAY.,1,680027,Not at intersection,2,40,Arterial Other,EPSOM,MELBOURNE,-37.782364,144.91643,2021,3,March,13,Midday,Weekday
T20210006663,2021-03-25,08:55:00,1,Collision with vehicle,4,Thursday,121,RIGHT THROUGH,1,679914,Not at intersection,1,100,Local Road,HIGGS,BAW BAW,-38.109512,145.86772,2021,3,March,8,Morning Peak,Weekday
T20210006655,2021-03-25,10:10:00,4,Collision with a fixed object,4,Thursday,183,OFF LEFT BEND INTO OBJECT/PARKED VEHICLE,1,679136,Not at intersection,2,80,Freeway,SOUTH GIPPSLAND-SOUTH GIPPSLAND IN,DANDENONG,-38.037212,145.24661,2021,3,March,10,Midday,Weekday
T20210006716,2021-03-25,05:40:00,1,Collision with vehicle,4,Thursday,142,LEAVING PARKING,3,684036,Not at intersection,3,40,Local Road,GLEN HUNTLY,GLEN EIRA,-37.889187,145.04019,2021,3,March,5,Morning Peak,Weekday
T20210006676,2021-03-25,09:00:00,6,Vehicle overturned (no collision),4,Thursday,174,OUT OF CONTROL ON CARRIAGEWAY (ON STRAIGHT),1,678987,Not at intersection,3,40,Arterial Other,MALVERN,STONNINGTON,-37.852146,145.03384,2021,3,March,9,Morning Peak,Weekday
T20210006674,2021-03-25,13:35:00,1,Collision with vehicle,4,Thursday,130,REAR END(VEHICLES IN SAME LANE),1,36915,T intersection,2,80,Arterial Other,BONEO,MORNINGTON PENINSULA,-38.383457,144.8888,2021,3,March,13,Midday,Weekday
T20210006719,2021-03-25,12:10:00,1,Collision with vehicle,4,Thursday,116,LEFT NEAR (INTERSECTIONS ONLY),1,610015,Cross intersection,3,80,Arterial Highway,NEPEAN,MORNINGTON PENINSULA,-38.166702,145.1016,2021,3,March,12,Midday,Weekday
T20210006703,2021-03-25,23:20:00,2,Struck Pedestrian,4,Thursday,102,FAR SIDE. PED HIT BY VEHICLE FROM THE LEFT,5,678988,Not at intersection,2,40,Arterial Other,MURRAY,DAREBIN,-37.73771,145.00134,2021,3,March,23,Night,Weekday
T20210006677,2021-03-25,17:03:00,1,Collision with vehicle,4,Thursday,113,RIGHT NEAR (INTERSECTIONS ONLY),1,39327,Cross intersection,3,40,Arterial Other,STATION,WHITEHORSE,-37.8257,145.12239,2021,3,March,17,Afternoon Peak,Weekday
T20210006657,2021-03-25,11:04:00,1,Collision with vehicle,4,Thursday,121,RIGHT THROUGH,1,730043,Not at intersection,3,100,Arterial Other,BEECHWORTH-CHILTERN,INDIGO,-36.29648,146.66435,2021,3,March,11,Midday,Weekday
T20210006653,2021-03-25,11:20:00,1,Collision with vehicle,4,Thursday,121,RIGHT THROUGH,1,12928,Multiple intersection,2,60,Freeway,MT ALEXANDER,MOONEE VALLEY,-37.785995,144.93912,2021,3,March,11,Midday,Weekday
T20210006672,2021-03-25,13:28:00,2,Struck Pedestrian,4,Thursday,107,PED ON FOOTHPATH STRUCK BY VEHENTERING/LEAVING DRIVEWAY.,1,682509,Not at intersection,2,60,Local Road,MONTEREY,FRANKSTON,-38.12435,145.1593,2021,3,March,13,Midday,Weekday
T20210006688,2021-03-25,19:09:00,1,Collision with vehicle,4,Thursday,137,LEFT TURN SIDESWIPE,1,48068,T intersection,2,60,Arterial Highway,ST KILDA,PORT PHILLIP,-37.863613,144.9855,2021,3,March,19,Night,Weekday
T20210006690,2021-03-25,19:00:00,1,Collision with vehicle,4,Thursday,110,CROSS TRAFFIC(INTERSECTIONS ONLY),1,45407,Cross intersection,2,60,Arterial Other,PASCOE VALE,MOONEE VALLEY,-37.753784,144.92574,2021,3,March,19,Night,Weekday
T20210006645,2021-03-25,11:30:00,1,Collision with vehicle,4,Thursday,132,RIGHT REAR.,1,43258,T intersection,3,70,Local Road,PERRY,DANDENONG,-38.031605,145.18332,2021,3,March,11,Midday,Weekday
T20210009508,2021-03-25,09:20:00,1,Collision with vehicle,4,Thursday,130,REAR END(VEHICLES IN SAME LANE),1,683627,Not at intersection,3,100,Freeway,EASTLINK,MANNINGHAM,-37.80346,145.18083,2021,3,March,9,Morning Peak,Weekday
T20210006687,2021-03-25,18:44:00,1,Collision with vehicle,4,Thursday,142,LEAVING PARKING,1,679354,Not at intersection,2,60,Local Road,GEORGE,MANNINGHAM,-37.780903,145.1494,2021,3,March,18,Afternoon Peak,Weekday
T20210006692,2021-03-25,18:55:00,1,Collision with vehicle,4,Thursday,169,OTHER ON PATH,1,679243,Not at intersection,2,50,Arterial Highway,MAIN STREET SERVICE,YARRA RANGES,-37.757862,145.35031,2021,3,March,18,Afternoon Peak,Weekday
T20210006693,2021-03-25,16:52:00,1,Collision with vehicle,4,Thursday,130,REAR END(VEHICLES IN SAME LANE),1,683481,Not at intersection,3,100,Arterial Highway,PRINCES,EAST GIPPSLAND,-37.861057,147.51405,2021,3,March,16,Afternoon Peak,Weekday
T20210006757,2021-03-25,18:49:00,1,Collision with vehicle,4,Thursday,113,RIGHT NEAR (INTERSECTIONS ONLY),2,681788,T intersection,3,50,Local Road,WENTWORTH,CASEY,-38.073654,145.26866,2021,3,March,18,Afternoon Peak,Weekday
T20210006689,2021-03-25,14:15:00,1,Collision with vehicle,4,Thursday,132,RIGHT REAR.,1,679242,T intersection,3,60,Arterial Other,EASTBOURNE,MORNINGTON PENINSULA,-38.36724,144.88046,2021,3,March,14,Midday,Weekday
T20210006686,2021-03-25,14:53:00,4,Collision with a fixed object,4,Thursday,173,RIGHT OFF CARRIAGEWAY INTO OBJECT/PARKED VEHICLE,1,681697,Not at intersection,2,60,Arterial Other,HEIDELBERG,YARRA,-37.78457,145.00345,2021,3,March,14,Midday,Weekday
T20210006696,2021-03-25,17:30:00,1,Collision with vehicle,4,Thursday,130,REAR END(VEHICLES IN SAME LANE),1,670196,Not at intersection,2,60,Freeway,WESTERN RING OUT-PASCOE VALE,HUME,-37.693916,144.91461,2021,3,March,17,Afternoon Peak,Weekday
T20210006642,2021-03-25,07:25:00,5,collision with some other object,4,Thursday,166,STRUCK OBJECT ON CARRIAGEWAY,1,679352,T intersection,3,60,Local Road,ALLINGHAM,BENDIGO,-36.78608,144.25194,2021,3,March,7,Morning Peak,Weekday
T20210011397,2021-03-25,09:00:00,1,Collision with vehicle,4,Thursday,139,OTHER SAME DIRECTION-MANOUEVRES NOT INCLUDED IN DCAs 130-137,1,683939,Not at intersection,3,60,Arterial Other,CANTERBURY,PORT PHILLIP,-37.85412,144.9707,2021,3,March,9,Morning Peak,Weekday
T20210006697,2021-03-25,19:31:00,2,Struck Pedestrian,4,Thursday,100,PED NEAR SIDE. PED HIT BY VEHICLE FROM THE RIGHT.,2,704478,Not at intersection,2,70,Local Road,BERGINS,KNOX,-37.93602,145.23857,2021,3,March,19,Night,Weekday
T20210006718,2021-03-26,09:36:00,1,Collision with vehicle,5,Friday,110,CROSS TRAFFIC(INTERSECTIONS ONLY),1,58046,Multiple intersection,2,80,Freeway,CAROLINE SPRINGS BOULEVARD -WESTERN,MELTON,-37.755943,144.73969,2021,3,March,9,Morning Peak,Weekday
T20210006724,2021-03-26,11:15:00,1,Collision with vehicle,5,Friday,110,CROSS TRAFFIC(INTERSECTIONS ONLY),1,235122,Cross intersection,2,50,Local Road,NOMAD,MOONEE VALLEY,-37.723953,144.89471,2021,3,March,11,Midday,Weekday
T20210009249,2021-03-26,21:28:00,1,Collision with vehicle,5,Friday,130,REAR END(VEHICLES IN SAME LANE),9,681833,Not at intersection,3,60,Local Road,BRUNSWICK,YARRA,-37.80534,144.97728,2021,3,March,21,Night,Weekday
T20210007137,2021-03-26,07:00:00,3,Struck animal,5,Friday,167,STRUCK ANIMAL,1,680179,Not at intersection,2,100,Arterial Other,LONGFORD-LOCH SPORT,WELLINGTON,-38.196827,147.29874,2021,3,March,7,Morning Peak,Weekday
T20210009896,2021-03-26,13:00:00,8,No collision and no object struck,5,Friday,174,OUT OF CONTROL ON CARRIAGEWAY (ON STRAIGHT),1,688502,Not at intersection,3,60,Local Road,CABLE,MITCHELL,-37.17362,145.18065,2021,3,March,13,Midday,Weekday
T20210006837,2021-03-26,15:34:00,1,Collision with vehicle,5,Friday,110,CROSS TRAFFIC(INTERSECTIONS ONLY),1,680129,Cross intersection,3,50,Local Road,EGAN,BRIMBANK,-37.767017,144.75874,2021,3,March,15,Afternoon Peak,Weekday
T20210014849,2021-03-26,15:01:00,1,Collision with vehicle,5,Friday,130,REAR END(VEHICLES IN SAME LANE),1,688041,Not at intersection,3,80,Arterial Highway,SPRINGVALE,DANDENONG,-38.016285,145.13979,2021,3,March,15,Afternoon Peak,Weekday
T20210006726,2021-03-26,09:50:00,1,Collision with vehicle,5,Friday,146,REVERSING INTO FIXED OBJECT/PARKED VEHICLE,1,679137,Not at intersection,3,40,Local Road,FARNHAM,MOONEE VALLEY,-37.782238,144.92946,2021,3,March,9,Morning Peak,Weekday
T20210006842,2021-03-26,16:20:00,1,Collision with vehicle,5,Friday,130,REAR END(VEHICLES IN SAME LANE),1,690276,Not at intersection,3,100,Freeway,WESTERN RING,BRIMBANK,-37.76679,144.81512,2021,3,March,16,Afternoon Peak,Weekday
T20210006727,2021-03-26,11:40:00,2,Struck Pedestrian,5,Friday,101,PED EMERGES FROM IN FRONT OF PARKED OR STATIONARY VEHICLE,1,678989,Not at intersection,2,50,Local Road,PARK,KINGSTON,-37.9656,145.05725,2021,3,March,11,Midday,Weekday
T20210006731,2021-03-26,12:00:00,1,Collision with vehicle,5,Friday,113,RIGHT NEAR (INTERSECTIONS ONLY),1,55821,T intersection,3,60,Arterial Highway,NORTHERN,MITCHELL,-37.3907,144.97655,2021,3,March,12,Midday,Weekday
T20210006735,2021-03-26,13:20:00,1,Collision with vehicle,5,Friday,152,PULLING OUT (OVERTAKING),1,60872,T intersection,3,50,Local Road,EASTWOOD,BALLARAT,-37.5648,143.86267,2021,3,March,13,Midday,Weekday
T20210006737,2021-03-26,10:40:00,1,Collision with vehicle,5,Friday,110,CROSS TRAFFIC(INTERSECTIONS ONLY),1,59325,Cross intersection,3,50,Local Road,BARKLY,BENALLA,-36.546036,145.98936,2021,3,March,10,Midday,Weekday
T20210006740,2021-03-26,12:45:00,1,Collision with vehicle,5,Friday,116,LEFT NEAR (INTERSECTIONS ONLY),1,68981,T intersection,2,70,Arterial Other,BLACKBURN,MONASH,-37.90067,145.14304,2021,3,March,12,Midday,Weekday
T20210006741,2021-03-26,13:45:00,1,Collision with vehicle,5,Friday,130,REAR END(VEHICLES IN SAME LANE),1,680028,Not at intersection,3,60,Arterial Other,DERRIMUT,WYNDHAM,-37.87699,144.68288,2021,3,March,13,Midday,Weekday
T20210006743,2021-03-26,07:56:00,2,Struck Pedestrian,5,Friday,100,PED NEAR SIDE. PED HIT BY VEHICLE FROM THE RIGHT.,1,679454,Not at intersection,2,50,Local Road,SAYERS,WYNDHAM,-37.85298,144.73624,2021,3,March,7,Morning Peak,Weekday
T20210006745,2021-03-26,12:29:00,1,Collision with vehicle,5,Friday,120,HEAD ON (NOT OVERTAKING),1,679355,Not at intersection,2,80,Local Road,BARHAM RIVER,COLAC OTWAY,-38.741417,143.62482,2021,3,March,12,Midday,Weekday
T20210006749,2021-03-26,12:30:00,2,Struck Pedestrian,5,Friday,100,PED NEAR SIDE. PED HIT BY VEHICLE FROM THE RIGHT.,1,45059,T intersection,2,60,Arterial Other,MCINTYRE,BRIMBANK,-37.771603,144.82973,2021,3,March,12,Midday,Weekday
T20210009919,2021-03-26,08:05:00,1,Collision with vehicle,5,Friday,110,CROSS TRAFFIC(INTERSECTIONS ONLY),1,62286,Cross intersection,3,50,Local Road,STANLEY,MORELAND,-37.712727,144.9115,2021,3,March,8,Morning Peak,Weekday
T20210006790,2021-03-26,21:33:00,1,Collision with vehicle,5,Friday,121,RIGHT THROUGH,3,316028,Cross intersection,3,80,Local Road,EVANS,CASEY,-38.076897,145.25871,2021,3,March,21,Night,Weekday
T20210006778,2021-03-26,18:38:00,1,Collision with vehicle,5,Friday,121,RIGHT THROUGH,1,35589,Cross intersection,2,60,Arterial Highway,SPRINGVALE,DANDENONG,-37.94715,145.15314,2021,3,March,18,Afternoon Peak,Weekday
T20210006752,2021-03-26,08:24:00,1,Collision with vehicle,5,Friday,130,REAR END(VEHICLES IN SAME LANE),1,680470,Not at intersection,2,80,Arterial Other,CRANBOURNE-FRANKSTON,CASEY,-38.10998,145.25394,2021,3,March,8,Morning Peak,Weekday
T20210006753,2021-03-26,13:35:00,1,Collision with vehicle,5,Friday,142,LEAVING PARKING,1,681698,Not at intersection,2,60,Local Road,CHURCH,GEELONG,-38.131058,144.34138,2021,3,March,13,Midday,Weekday
T20210009540,2021-03-26,05:00:00,1,Collision with vehicle,5,Friday,135,LANE CHANGE LEFT (NOT OVERTAKING),3,682058,T intersection,3,70,Arterial Highway,TORQUAY,GEELONG,-38.203045,144.341,2021,3,March,5,Morning Peak,Weekday
T20210007019,2021-03-26,11:30:00,4,Collision with a fixed object,5,Friday,171,LEFT OFF CARRIAGEWAY INTO OBJECT/PARKED VEHICLE,1,679363,Not at intersection,3,80,Arterial Other,SOMERTON,HUME,-37.63247,144.86182,2021,3,March,11,Midday,Weekday
T20210007016,2021-03-26,08:45:00,1,Collision with vehicle,5,Friday,113,RIGHT NEAR (INTERSECTIONS ONLY),1,64455,T intersection,2,50,Arterial Other,WESTGARTH,DAREBIN,-37.782043,145.0049,2021,3,March,8,Morning Peak,Weekday
T20210007008,2021-03-26,13:10:00,4,Collision with a fixed object,5,Friday,181,OFF RIGHT BEND INTO OBJECT/PARKED VEHICLE,1,681486,Not at intersection,3,100,Arterial Other,BROADFORD-FLOWERDALE,MURRINDINDI,-37.24559,145.17247,2021,3,March,13,Midday,Weekday
T20210006777,2021-03-26,16:20:00,2,Struck Pedestrian,5,Friday,100,PED NEAR SIDE. PED HIT BY VEHICLE FROM THE RIGHT.,1,679550,Not at intersection,2,40,Arterial Highway,SPRINGVALE,DANDENONG,-37.961853,145.15044,2021,3,March,16,Afternoon Peak,Weekday
T20210006791,2021-03-26,18:01:00,1,Collision with vehicle,5,Friday,121,RIGHT THROUGH,1,234746,Not at intersection,2,70,Arterial Other,EPPING,WHITTLESEA,-37.65311,145.02284,2021,3,March,18,Afternoon Peak,Weekday
T20210006775,2021-03-26,18:44:00,2,Struck Pedestrian,5,Friday,100,PED NEAR SIDE. PED HIT BY VEHICLE FROM THE RIGHT.,2,679174,Not at intersection,3,40,Arterial Other,UPPER HEIDELBERG,BANYULE,-37.766586,145.04514,2021,3,March,18,Afternoon Peak,Weekday
T20210006773,2021-03-26,19:15:00,1,Collision with vehicle,5,Friday,134,LANE CHANGE RIGHT (NOT OVERTAKING),2,682252,Not at intersection,3,70,Arterial Highway,ST GEORGES,DAREBIN,-37.77593,144.9897,2021,3,March,19,Night,Weekday
T20210006772,2021-03-26,14:25:00,1,Collision with vehicle,5,Friday,110,CROSS TRAFFIC(INTERSECTIONS ONLY),1,49703,Cross intersection,2,60,Arterial Other,ST GEORGES,GEELONG,-38.08609,144.37442,2021,3,March,14,Midday,Weekday
T20210006767,2021-03-26,15:05:00,4,Collision with a fixed object,5,Friday,183,OFF LEFT BEND INTO OBJECT/PARKED VEHICLE,1,683574,Not at intersection,2,100,Local Road,WHANREGARWEN,MURRINDINDI,-37.177235,145.5499,2021,3,March,15,Afternoon Peak,Weekday
T20210006766,2021-03-26,15:50:00,1,Collision with vehicle,5,Friday,121,RIGHT THROUGH,1,302416,Not at intersection,3,60,Arterial Highway,RACECOURSE,MELBOURNE,-37.788033,144.9283,2021,3,March,15,Afternoon Peak,Weekday
T20210006765,2021-03-26,15:42:00,4,Collision with a fixed object,5,Friday,181,OFF RIGHT BEND INTO OBJECT/PARKED VEHICLE,1,736992,Not at intersection,2,70,Arterial Other,PAKENHAM,CARDINIA,-37.95356,145.50261,2021,3,March,15,Afternoon Peak,Weekday
T20210007093,2021-03-26,19:00:00,1,Collision with vehicle,5,Friday,130,REAR END(VEHICLES IN SAME LANE),9,682215,Not at intersection,3,60,Freeway,MONASH IN-WARRIGAL,MONASH,-37.884,145.09137,2021,3,March,19,Night,Weekday
T20210006985,2021-03-26,08:15:00,1,Collision with vehicle,5,Friday,111,RIGHT FAR (INTERSECTIONS ONLY),1,57489,T intersection,3,80,Arterial Other,CANTERBURY,WHITEHORSE,-37.834072,145.2049,2021,3,March,8,Morning Peak,Weekday
T20210006764,2021-03-26,17:00:00,1,Collision with vehicle,5,Friday,160,VEHICLE COLLIDES WITH VEHICLE PARKED ON LEFT OF ROAD,1,684611,Not at intersection,3,50,Local Road,SHEDDEN,MORELAND,-37.73315,144.9465,2021,3,March,17,Afternoon Peak,Weekday
T20210006793,2021-03-26,15:27:00,4,Collision with a fixed object,5,Friday,173,RIGHT OFF CARRIAGEWAY INTO OBJECT/PARKED VEHICLE,1,781076,Not at intersection,3,100,Local Road,HEADS,CARDINIA,-38.195404,145.62569,2021,3,March,15,Afternoon Peak,Weekday
T20210006827,2021-03-26,15:15:00,4,Collision with a fixed object,5,Friday,151,OUT OF CONTROL (OVERTAKING),1,690142,Not at intersection,3,60,Arterial Other,HEIDELBERG-KINGLAKE,NILLUMBIK,-37.55198,145.33809,2021,3,March,15,Afternoon Peak,Weekday
T20210006794,2021-03-26,20:30:00,4,Collision with a fixed object,5,Friday,181,OFF RIGHT BEND INTO OBJECT/PARKED VEHICLE,3,292174,Cross intersection,2,60,Arterial Highway,KINGS,PORT PHILLIP,-37.83346,144.96767,2021,3,March,20,Night,Weekday
T20210006795,2021-03-26,19:40:00,1,Collision with vehicle,5,Friday,116,LEFT NEAR (INTERSECTIONS ONLY),3,299469,T intersection,3,60,Arterial Other,SAYERS,WYNDHAM,-37.85358,144.74153,2021,3,March,19,Night,Weekday
T20210006797,2021-03-26,19:00:00,3,Struck animal,5,Friday,167,STRUCK ANIMAL,2,679059,Not at intersection,3,60,Local Road,WHEELER,SHEPPARTON,-36.36945,145.41965,2021,3,March,19,Night,Weekday
T20210006798,2021-03-26,19:50:00,4,Collision with a fixed object,5,Friday,173,RIGHT OFF CARRIAGEWAY INTO OBJECT/PARKED VEHICLE,2,683587,Not at intersection,2,50,Local Road,WALTER,BRIMBANK,-37.733486,144.80641,2021,3,March,19,Night,Weekday
T20210006804,2021-03-26,21:45:00,1,Collision with vehicle,5,Friday,160,VEHICLE COLLIDES WITH VEHICLE PARKED ON LEFT OF ROAD,3,730048,Not at intersection,3,50,Local Road,BRIDGE,DAREBIN,-37.778156,144.99568,2021,3,March,21,Night,Weekday
T20210006713,2021-03-26,08:11:00,2,Struck Pedestrian,5,Friday,102,FAR SIDE. PED HIT BY VEHICLE FROM THE LEFT,1,39554,T intersection,2,60,Arterial Other,MITCHAM,WHITEHORSE,-37.81495,145.19354,2021,3,March,8,Morning Peak,Weekday
T20210010150,2021-03-27,18:00:00,1,Collision with vehicle,6,Saturday,130,REAR END(VEHICLES IN SAME LANE),9,682930,Not at intersection,3,60,Arterial Other,MURRAY,DAREBIN,-37.740158,145.02364,2021,3,March,18,Afternoon Peak,Weekend
T20210013111,2021-03-27,13:00:00,1,Collision with vehicle,6,Saturday,113,RIGHT NEAR (INTERSECTIONS ONLY),1,278683,T intersection,3,60,Arterial Other,CRAIGIEBURN,HUME,-37.596264,144.91734,2021,3,March,13,Midday,Weekend
T20210006875,2021-03-27,18:32:00,4,Collision with a fixed object,6,Saturday,171,LEFT OFF CARRIAGEWAY INTO OBJECT/PARKED VEHICLE,1,680029,Not at intersection,1,70,Arterial Other,OLD GEELONG ROAD SERVICE,WYNDHAM,-37.870983,144.7277,2021,3,March,18,Afternoon Peak,Weekend
T20210006871,2021-03-27,15:00:00,4,Collision with a fixed object,6,Saturday,173,RIGHT OFF CARRIAGEWAY INTO OBJECT/PARKED VEHICLE,1,679552,T intersection,3,40,Local Road,ST DAVID,YARRA,-37.80068,144.97874,2021,3,March,15,Afternoon Peak,Weekend
T20210006882,2021-03-27,23:25:00,4,Collision with a fixed object,6,Saturday,171,LEFT OFF CARRIAGEWAY INTO OBJECT/PARKED VEHICLE,3,686206,Not at intersection,3,60,Arterial Other,DORSET,KNOX,-37.877777,145.28474,2021,3,March,23,Night,Weekend
T20210006872,2021-03-27,18:45:00,1,Collision with vehicle,6,Saturday,121,RIGHT THROUGH,2,54480,Cross intersection,2,40,Local Road,CAROLINE SPRINGS,MELTON,-37.733738,144.74104,2021,3,March,18,Afternoon Peak,Weekend
T20210009339,2021-03-27,13:25:00,1,Collision with vehicle,6,Saturday,111,RIGHT FAR (INTERSECTIONS ONLY),1,40886,T intersection,3,60,Arterial Other,WANTIRNA,KNOX,-37.842484,145.22734,2021,3,March,13,Midday,Weekend
T20210006881,2021-03-27,22:23:00,1,Collision with vehicle,6,Saturday,135,LANE CHANGE LEFT (NOT OVERTAKING),3,679139,Not at intersection,2,80,Arterial Other,NARRE WARREN,CASEY,-38.084114,145.2955,2021,3,March,22,Night,Weekend
T20210008120,2021-03-27,20:20:00,1,Collision with vehicle,6,Saturday,113,RIGHT NEAR (INTERSECTIONS ONLY),3,303651,T intersection,3,50,Local Road,SCHOLAR,WHITTLESEA,-37.684345,145.07283,2021,3,March,20,Night,Weekend
T20210008725,2021-03-27,19:55:00,1,Collision with vehicle,6,Saturday,113,RIGHT NEAR (INTERSECTIONS ONLY),3,46751,T intersection,2,60,Arterial Other,ANDERSON,BRIMBANK,-37.786064,144.82722,2021,3,March,19,Night,Weekend
T20210006809,2021-03-27,03:00:00,4,Collision with a fixed object,6,Saturday,181,OFF RIGHT BEND INTO OBJECT/PARKED VEHICLE,3,683311,Not at intersection,2,70,Arterial Other,QUEEN,HOBSONS BAY,-37.87679,144.808,2021,3,March,3,Late Night,Weekend
T20210007262,2021-03-27,16:00:00,1,Collision with vehicle,6,Saturday,133,LANE SIDE SWIPE (VEHICLES IN PARALLEL LANES),1,681487,Not at intersection,2,60,Arterial Other,BEACH,BAYSIDE,-37.96932,145.01195,2021,3,March,16,Afternoon Peak,Weekend
T20210006808,2021-03-27,03:20:00,1,Collision with vehicle,6,Saturday,110,CROSS TRAFFIC(INTERSECTIONS ONLY),3,44917,Cross intersection,2,50,Arterial Other,BILLINGHAM,BRIMBANK,-37.75997,144.77643,2021,3,March,3,Late Night,Weekend
T20210006869,2021-03-27,17:30:00,1,Collision with vehicle,6,Saturday,132,RIGHT REAR.,1,61666,Cross intersection,3,70,Arterial Other,MELTON,MELTON,-37.682274,144.62448,2021,3,March,17,Afternoon Peak,Weekend
T20210006830,2021-03-27,10:54:00,1,Collision with vehicle,6,Saturday,142,LEAVING PARKING,1,683483,Not at intersection,3,50,Local Road,ERIN,DAREBIN,-37.745407,144.99237,2021,3,March,10,Midday,Weekend
T20210007694,2021-03-27,17:00:00,5,collision with some other object,6,Saturday,166,STRUCK OBJECT ON CARRIAGEWAY,1,680137,Not at intersection,3,80,Local Road,NORTH GLENPATRICK,PYRENEES,-37.116886,143.34862,2021,3,March,17,Afternoon Peak,Weekend
T20210010124,2021-03-27,06:05:00,1,Collision with vehicle,6,Saturday,179,OTHER ACCIDENTS-OFF STRAIGHT NOT INCLUDED IN DCAs 170-175,1,688503,Not at intersection,3,80,Arterial Highway,CORIO-WAURN PONDS,GEELONG,-38.079178,144.36417,2021,3,March,6,Morning Peak,Weekend
T20210007123,2021-03-27,13:25:00,1,Collision with vehicle,6,Saturday,130,REAR END(VEHICLES IN SAME LANE),1,679772,Not at intersection,3,40,Arterial Other,SYDNEY,MORELAND,-37.765343,144.96242,2021,3,March,13,Midday,Weekend
T20210006854,2021-03-27,16:37:00,1,Collision with vehicle,6,Saturday,130,REAR END(VEHICLES IN SAME LANE),1,684740,Multiple intersection,2,100,Freeway,PRINCES,WYNDHAM,-37.869576,144.75238,2021,3,March,16,Afternoon Peak,Weekend
T20210006879,2021-03-27,22:20:00,1,Collision with vehicle,6,Saturday,121,RIGHT THROUGH,3,29377,Cross intersection,2,50,Arterial Other,KING,MELBOURNE,-37.805504,144.94865,2021,3,March,22,Night,Weekend
T20210006850,2021-03-27,14:00:00,1,Collision with vehicle,6,Saturday,110,CROSS TRAFFIC(INTERSECTIONS ONLY),1,55175,Cross intersection,2,50,Arterial Other,HIGH,MITCHELL,-37.205444,145.04541,2021,3,March,14,Midday,Weekend
T20210006866,2021-03-27,17:12:00,1,Collision with vehicle,6,Saturday,148,VEHICLE OFF FOOTPATH STRIKES VEH ON CARRIAGEWAY,1,679248,Not at intersection,3,40,Local Road,RAMSAY,MOONEE VALLEY,-37.75747,144.89412,2021,3,March,17,Afternoon Peak,Weekend
T20210006814,2021-03-27,03:55:00,4,Collision with a fixed object,6,Saturday,171,LEFT OFF CARRIAGEWAY INTO OBJECT/PARKED VEHICLE,6,681664,Not at intersection,3,50,Arterial Other,ELGAR,WHITEHORSE,-37.83662,145.11154,2021,3,March,3,Late Night,Weekend
T20210006816,2021-03-27,09:00:00,1,Collision with vehicle,6,Saturday,160,VEHICLE COLLIDES WITH VEHICLE PARKED ON LEFT OF ROAD,1,784830,Not at intersection,2,50,Local Road,SOUTH,MARIBYRNONG,-37.79075,144.84616,2021,3,March,9,Morning Peak,Weekend
T20210006822,2021-03-27,04:40:00,4,Collision with a fixed object,6,Saturday,173,RIGHT OFF CARRIAGEWAY INTO OBJECT/PARKED VEHICLE,3,679019,Not at intersection,1,100,Freeway,WESTERN RING,BRIMBANK,-37.71248,144.8799,2021,3,March,4,Late Night,Weekend
T20210006826,2021-03-27,10:20:00,1,Collision with vehicle,6,Saturday,130,REAR END(VEHICLES IN SAME LANE),1,679064,Not at intersection,3,60,Arterial Other,EPPING,WHITTLESEA,-37.627476,145.02803,2021,3,March,10,Midday,Weekend
T20210006828,2021-03-27,10:23:00,1,Collision with vehicle,6,Saturday,113,RIGHT NEAR (INTERSECTIONS ONLY),1,42595,T intersection,1,60,Arterial Other,JACKSONS,DANDENONG,-37.945377,145.19177,2021,3,March,10,Midday,Weekend
T20210006878,2021-03-27,15:20:00,2,Struck Pedestrian,6,Saturday,108,PED STRUCK WALKING TO/FROM OR BOARDING/ALIGHTING VEHICLE.,1,679357,T intersection,3,40,Local Road,POULTER,BANYULE,-37.703236,145.10799,2021,3,March,15,Afternoon Peak,Weekend
T20210006865,2021-03-27,20:11:00,4,Collision with a fixed object,6,Saturday,171,LEFT OFF CARRIAGEWAY INTO OBJECT/PARKED VEHICLE,3,680862,Not at intersection,2,70,Arterial Other,COBURG-CRAIGIEBURN,MORELAND,-37.712803,144.962,2021,3,March,20,Night,Weekend