ACCIDENT_NO,ACCIDENT_DATE,ACCIDENT_TIME,ACCIDENT_TYPE,ACCIDENT_TYPE_DESC,DAY_OF_WEEK,DAY_WEEK_DESC,DCA_CODE,DCA_DESC,LIGHT_CONDITION,NODE_ID,ROAD_GEOMETRY_DESC,SEVERITY,SPEED_ZONE,RMA,ROAD_NAME,LGA_NAME,LATITUDE,LONGITUDE,YEAR,MONTH,MONTH_NAME,HOUR,TIME_PERIOD,DAY_TYPE
T20210006848,2021-03-27,14:00:00,7,Fall from or in moving vehicle,6,Saturday,190,FELL IN/FROM VEHICLE,1,683649,T intersection,3,50,Local Road,GARDEN,BENALLA,-36.558014,145.98344,2021,3,March,14,Midday,Weekend
T20210006832,2021-03-27,10:45:00,1,Collision with vehicle,6,Saturday,120,HEAD ON (NOT OVERTAKING),1,682006,Not at intersection,2,60,Local Road,SALISBURY,CARDINIA,-38.01333,145.42693,2021,3,March,10,Midday,Weekend
T20210006834,2021-03-27,09:44:00,4,Collision with a fixed object,6,Saturday,181,OFF RIGHT BEND INTO OBJECT/PARKED VEHICLE,1,679175,Not at intersection,3,80,Arterial Other,WESTERNPORT,CARDINIA,-38.24649,145.61873,2021,3,March,9,Morning Peak,Weekend
T20210006874,2021-03-27,21:41:00,1,Collision with vehicle,6,Saturday,111,RIGHT FAR (INTERSECTIONS ONLY),3,36121,Cross intersection,2,60,Arterial Highway,NEPEAN,MORNINGTON PENINSULA,-38.32948,144.98529,2021,3,March,21,Night,Weekend
T20210006835,2021-03-27,13:42:00,1,Collision with vehicle,6,Saturday,110,CROSS TRAFFIC(INTERSECTIONS ONLY),1,57518,Cross intersection,2,60,Arterial Highway,DANDENONG,PORT PHILLIP,-37.859177,145.00133,2021,3,March,13,Midday,Weekend
T20210006838,2021-03-27,10:36:00,1,Collision with vehicle,6,Saturday,130,REAR END(VEHICLES IN SAME LANE),1,682479,Cross intersection,2,60,Arterial Other,ELIZABETH,MELBOURNE,-37.803967,144.95844,2021,3,March,10,Midday,Weekend
T20210006844,2021-03-27,12:15:00,1,Collision with vehicle,6,Saturday,130,REAR END(VEHICLES IN SAME LANE),1,679622,Not at intersection,2,40,Local Road,EDWARDES,DAREBIN,-37.715984,145.00294,2021,3,March,12,Midday,Weekend
T20210006841,2021-03-27,14:30:00,1,Collision with vehicle,6,Saturday,137,LEFT TURN SIDESWIPE,1,29597,T intersection,3,40,Arterial Other,CARLISLE,PORT PHILLIP,-37.8686,144.99217,2021,3,March,14,Midday,Weekend
T20210006901,2021-03-27,13:00:00,3,Struck animal,6,Saturday,167,STRUCK ANIMAL,1,702610,Not at intersection,2,100,Local Road,WALHALLA,BAW BAW,-37.592697,146.30112,2021,3,March,13,Midday,Weekend
T20210006967,2021-03-27,14:00:00,1,Collision with vehicle,6,Saturday,130,REAR END(VEHICLES IN SAME LANE),1,773320,Not at intersection,3,100,Arterial Other,HUME,HUME,-37.62501,144.94856,2021,3,March,14,Midday,Weekend
T20210006861,2021-03-27,17:17:00,1,Collision with vehicle,6,Saturday,130,REAR END(VEHICLES IN SAME LANE),1,679247,Not at intersection,3,60,Arterial Highway,NORTHERN,CAMPASPE,-36.141296,144.72975,2021,3,March,17,Afternoon Peak,Weekend
T20210006997,2021-03-27,23:50:00,1,Collision with vehicle,6,Saturday,163,VEHICLE STRIKES DOOR OF PARKED/STATIONARY VEHICLE,3,679897,Not at intersection,3,60,Local Road,CHAPEL,STONNINGTON,-37.846493,144.99422,2021,3,March,23,Night,Weekend
T20210006877,2021-03-27,22:32:00,4,Collision with a fixed object,6,Saturday,171,LEFT OFF CARRIAGEWAY INTO OBJECT/PARKED VEHICLE,3,730052,T intersection,3,50,Local Road,LAURIMAR,WHITTLESEA,-37.585228,145.12477,2021,3,March,22,Night,Weekend
T20210006939,2021-03-28,18:00:00,1,Collision with vehicle,7,Sunday,110,CROSS TRAFFIC(INTERSECTIONS ONLY),1,69552,Cross intersection,2,50,Local Road,BENINA,GLEN EIRA,-37.923916,145.0605,2021,3,March,18,Afternoon Peak,Weekend
T20210006900,2021-03-28,08:00:00,1,Collision with vehicle,7,Sunday,130,REAR END(VEHICLES IN SAME LANE),1,679698,Not at intersection,3,100,Freeway,MORNINGTON PENINSULA,KINGSTON,-38.0437,145.14146,2021,3,March,8,Morning Peak,Weekend
T20210006940,2021-03-28,17:24:00,1,Collision with vehicle,7,Sunday,121,RIGHT THROUGH,1,29780,Cross intersection,3,50,Arterial Other,MURRAY,DAREBIN,-37.737972,145.004,2021,3,March,17,Afternoon Peak,Weekend
T20210006944,2021-03-28,17:30:00,2,Struck Pedestrian,7,Sunday,100,PED NEAR SIDE. PED HIT BY VEHICLE FROM THE RIGHT.,1,688243,Not at intersection,3,60,Local Road,LOUIS,MOONEE VALLEY,-37.713757,144.88873,2021,3,March,17,Afternoon Peak,Weekend
T20210006958,2021-03-28,19:00:00,1,Collision with vehicle,7,Sunday,120,HEAD ON (NOT OVERTAKING),1,684663,Not at intersection,3,60,Local Road,SHAWS,WYNDHAM,-37.889942,144.66115,2021,3,March,19,Night,Weekend
T20210006946,2021-03-28,19:20:00,2,Struck Pedestrian,7,Sunday,100,PED NEAR SIDE. PED HIT BY VEHICLE FROM THE RIGHT.,2,682045,Not at intersection,2,40,Arterial Other,KING,MELBOURNE,-37.812614,144.954,2021,3,March,19,Night,Weekend
T20210007195,2021-03-28,13:24:00,8,No collision and no object struck,7,Sunday,174,OUT OF CONTROL ON CARRIAGEWAY (ON STRAIGHT),1,680422,Not at intersection,3,80,Arterial Other,BALLARAT,BRIMBANK,-37.770367,144.79306,2021,3,March,13,Midday,Weekend
T20210006899,2021-03-28,10:50:00,1,Collision with vehicle,7,Sunday,110,CROSS TRAFFIC(INTERSECTIONS ONLY),1,50710,Cross intersection,3,60,Arterial Highway,RAGLAN,WARRNAMBOOL,-38.384983,142.4949,2021,3,March,10,Midday,Weekend
T20210006897,2021-03-28,07:55:00,1,Collision with vehicle,7,Sunday,110,CROSS TRAFFIC(INTERSECTIONS ONLY),1,795,Cross intersection,2,80,Arterial Highway,WELLINGTON,MONASH,-37.918484,145.1587,2021,3,March,7,Morning Peak,Weekend
T20210006896,2021-03-28,08:30:00,4,Collision with a fixed object,7,Sunday,181,OFF RIGHT BEND INTO OBJECT/PARKED VEHICLE,1,781085,Cross intersection,3,60,Arterial Other,BAANIP BOULEVARD -GEELONG RING OUT-ANGLESEA,GEELONG,-38.218964,144.28801,2021,3,March,8,Morning Peak,Weekend
T20210007959,2021-03-28,13:30:00,6,Vehicle overturned (no collision),7,Sunday,174,OUT OF CONTROL ON CARRIAGEWAY (ON STRAIGHT),1,682978,Not at intersection,3,60,Local Road,HANNA,DANDENONG,-37.974297,145.1859,2021,3,March,13,Midday,Weekend
T20210006918,2021-03-28,14:28:00,1,Collision with vehicle,7,Sunday,121,RIGHT THROUGH,1,281975,T intersection,3,60,Arterial Other,MILLERS,HOBSONS BAY,-37.844063,144.84607,2021,3,March,14,Midday,Weekend
T20210006948,2021-03-28,19:20:00,1,Collision with vehicle,7,Sunday,113,RIGHT NEAR (INTERSECTIONS ONLY),3,62583,T intersection,2,50,Local Road,JOYNT,BANYULE,-37.726006,145.06126,2021,3,March,19,Night,Weekend
T20210006949,2021-03-28,15:55:00,4,Collision with a fixed object,7,Sunday,173,RIGHT OFF CARRIAGEWAY INTO OBJECT/PARKED VEHICLE,1,784834,Not at intersection,2,60,Arterial Other,DRYSDALE-OCEAN GROVE,GEELONG,-38.220673,144.54288,2021,3,March,15,Afternoon Peak,Weekend
T20210008516,2021-03-28,16:00:00,8,No collision and no object struck,7,Sunday,174,OUT OF CONTROL ON CARRIAGEWAY (ON STRAIGHT),1,682179,Not at intersection,2,100,Local Road,WILLOW TREE,INDIGO,-36.361534,146.80017,2021,3,March,16,Afternoon Peak,Weekend
T20210008743,2021-03-28,14:00:00,4,Collision with a fixed object,7,Sunday,171,LEFT OFF CARRIAGEWAY INTO OBJECT/PARKED VEHICLE,1,689898,Not at intersection,3,60,Arterial Other,VICTORIA,LODDON,-36.055195,144.12181,2021,3,March,14,Midday,Weekend
T20210018680,2021-03-28,14:15:00,1,Collision with vehicle,7,Sunday,130,REAR END(VEHICLES IN SAME LANE),1,692309,Not at intersection,3,60,Arterial Other,MIDDLEBOROUGH,WHITEHORSE,-37.83535,145.13542,2021,3,March,14,Midday,Weekend
T20210007585,2021-03-28,12:35:00,6,Vehicle overturned (no collision),7,Sunday,180,OFF CARRIAGEWAY ON RIGHT BEND,1,680176,Not at intersection,2,100,Local Road,BIG CREEK,YARRA RANGES,-37.79571,145.86932,2021,3,March,12,Midday,Weekend
T20210006953,2021-03-28,20:09:00,1,Collision with vehicle,7,Sunday,121,RIGHT THROUGH,3,43626,Cross intersection,2,60,Arterial Other,CENTRE,CASEY,-38.029064,145.30089,2021,3,March,20,Night,Weekend
T20210007091,2021-03-28,05:51:00,1,Collision with vehicle,7,Sunday,110,CROSS TRAFFIC(INTERSECTIONS ONLY),3,680030,Cross intersection,3,80,Arterial Other,BELGRAVE-HALLAM ROAD -HALLAM SOUTH,CASEY,-38.00634,145.27333,2021,3,March,5,Morning Peak,Weekend
T20210006935,2021-03-28,17:39:00,1,Collision with vehicle,7,Sunday,110,CROSS TRAFFIC(INTERSECTIONS ONLY),1,43447,Cross intersection,2,50,Local Road,HIGH,FRANKSTON,-38.148556,145.12068,2021,3,March,17,Afternoon Peak,Weekend
T20210006933,2021-03-28,15:50:00,1,Collision with vehicle,7,Sunday,110,CROSS TRAFFIC(INTERSECTIONS ONLY),1,54183,Multiple intersection,3,80,Freeway,OLD MELBOURNE,MOORABOOL,-37.59822,144.2584,2021,3,March,15,Afternoon Peak,Weekend
T20210006931,2021-03-28,15:10:00,4,Collision with a fixed object,7,Sunday,171,LEFT OFF CARRIAGEWAY INTO OBJECT/PARKED VEHICLE,1,687131,Not at intersection,2,100,Local Road,GOORAMADDA,INDIGO,-35.99809,146.58945,2021,3,March,15,Afternoon Peak,Weekend
T20210006924,2021-03-28,13:00:00,8,No collision and no object struck,7,Sunday,182,OFF CARRIAGEWAY ON LEFT BEND,1,682496,T intersection,2,60,Local Road,NUMBER ONE,INDIGO,-36.385975,146.76099,2021,3,March,13,Midday,Weekend
T20210006917,2021-03-28,12:22:00,2,Struck Pedestrian,7,Sunday,100,PED NEAR SIDE. PED HIT BY VEHICLE FROM THE RIGHT.,1,67558,T intersection,3,40,Local Road,BATH,HOBSONS BAY,-37.858772,144.89665,2021,3,March,12,Midday,Weekend
T20210006889,2021-03-28,03:28:00,4,Collision with a fixed object,7,Sunday,181,OFF RIGHT BEND INTO OBJECT/PARKED VEHICLE,5,693799,Not at intersection,2,100,Arterial Other,SNOW,WANGARATTA,-36.53655,146.64009,2021,3,March,3,Late Night,Weekend
T20210006891,2021-03-28,03:01:00,4,Collision with a fixed object,7,Sunday,171,LEFT OFF CARRIAGEWAY INTO OBJECT/PARKED VEHICLE,3,683996,Not at intersection,2,60,Local Road,STEPHENSON,FRANKSTON,-38.0995,145.15184,2021,3,March,3,Late Night,Weekend
T20210007037,2021-03-28,08:30:00,1,Collision with vehicle,7,Sunday,111,RIGHT FAR (INTERSECTIONS ONLY),1,38327,T intersection,2,60,Arterial Other,ANDERSON STREET -JAMES,MANNINGHAM,-37.756992,145.13028,2021,3,March,8,Morning Peak,Weekend
T20210006892,2021-03-28,05:00:00,1,Collision with vehicle,7,Sunday,160,VEHICLE COLLIDES WITH VEHICLE PARKED ON LEFT OF ROAD,3,682116,Not at intersection,3,60,Local Road,SKYE,FRANKSTON,-38.13848,145.16243,2021,3,March,5,Morning Peak,Weekend
T20210007742,2021-03-28,00:19:00,1,Collision with vehicle,7,Sunday,130,REAR END(VEHICLES IN SAME LANE),3,680369,Not at intersection,2,40,Local Road,CHAPEL,STONNINGTON,-37.840195,144.99548,2021,3,March,0,Late Night,Weekend
T20210007021,2021-03-28,17:40:00,1,Collision with vehicle,7,Sunday,133,LANE SIDE SWIPE (VEHICLES IN PARALLEL LANES),1,48924,Cross intersection,3,60,Local Road,BAILEY,GEELONG,-38.19625,144.34778,2021,3,March,17,Afternoon Peak,Weekend
T20210006951,2021-03-28,20:10:00,1,Collision with vehicle,7,Sunday,121,RIGHT THROUGH,3,679770,Cross intersection,3,60,Arterial Other,DORSET,KNOX,-37.86273,145.28561,2021,3,March,20,Night,Weekend
T20210006956,2021-03-28,14:40:00,1,Collision with vehicle,7,Sunday,130,REAR END(VEHICLES IN SAME LANE),1,692774,Not at intersection,2,80,Freeway,WEST GATE,MELBOURNE,-37.827297,144.92613,2021,3,March,14,Midday,Weekend
T20210007429,2021-03-28,14:45:00,1,Collision with vehicle,7,Sunday,121,RIGHT THROUGH,1,43935,T intersection,2,60,Arterial Highway,SOUTH GIPPSLAND,CASEY,-38.159912,145.31857,2021,3,March,14,Midday,Weekend
T20210006938,2021-03-28,15:19:00,1,Collision with vehicle,7,Sunday,130,REAR END(VEHICLES IN SAME LANE),1,682833,Not at intersection,2,100,Freeway,MORNINGTON PENINSULA,KINGSTON,-38.0531,145.14494,2021,3,March,15,Afternoon Peak,Weekend
T20210006936,2021-03-28,17:00:00,4,Collision with a fixed object,7,Sunday,151,OUT OF CONTROL (OVERTAKING),1,730054,Cross intersection,3,50,Local Road,LYNDHURST,CASEY,-38.07383,145.24586,2021,3,March,17,Afternoon Peak,Weekend
T20210007029,2021-03-29,16:20:00,1,Collision with vehicle,1,Monday,139,OTHER SAME DIRECTION-MANOUEVRES NOT INCLUDED IN DCAs 130-137,1,679984,Not at intersection,2,70,Arterial Highway,SPRINGVALE,MONASH,-37.905178,145.1611,2021,3,March,16,Afternoon Peak,Weekday
T20210006990,2021-03-29,10:20:00,1,Collision with vehicle,1,Monday,130,REAR END(VEHICLES IN SAME LANE),1,679359,Not at intersection,3,100,Freeway,PRINCES,WYNDHAM,-37.842186,144.79,2021,3,March,10,Midday,Weekday
T20210006964,2021-03-29,03:13:00,6,Vehicle overturned (no collision),1,Monday,180,OFF CARRIAGEWAY ON RIGHT BEND,5,688574,Not at intersection,3,100,Local Road,GRANTVILLE-GLEN ALVIE,BASS COAST,-38.469215,145.6275,2021,3,March,3,Late Night,Weekday
T20210007028,2021-03-29,06:15:00,1,Collision with vehicle,1,Monday,130,REAR END(VEHICLES IN SAME LANE),3,763590,Cross intersection,3,80,Arterial Other,THOMPSON,DANDENONG,-38.071854,145.19507,2021,3,March,6,Morning Peak,Weekday
T20210007077,2021-03-29,13:33:00,1,Collision with vehicle,1,Monday,110,CROSS TRAFFIC(INTERSECTIONS ONLY),1,40335,Cross intersection,3,50,Local Road,COPE,MOONEE VALLEY,-37.717163,144.88496,2021,3,March,13,Midday,Weekday
T20210007074,2021-03-29,17:15:00,4,Collision with a fixed object,1,Monday,183,OFF LEFT BEND INTO OBJECT/PARKED VEHICLE,1,683964,Not at intersection,2,60,Arterial Highway,DUKE,MOUNT ALEXANDER,-37.070312,144.22621,2021,3,March,17,Afternoon Peak,Weekday
T20210007212,2021-03-29,07:00:00,1,Collision with vehicle,1,Monday,110,CROSS TRAFFIC(INTERSECTIONS ONLY),3,686445,Cross intersection,3,50,Local Road,WALLIS,MITCHELL,-37.020786,145.13536,2021,3,March,7,Morning Peak,Weekday
T20210006971,2021-03-29,06:00:00,1,Collision with vehicle,1,Monday,120,HEAD ON (NOT OVERTAKING),5,680173,Not at intersection,3,60,Arterial Other,COBDEN-WARRNAMBOOL,CORANGAMITE,-38.40317,143.00113,2021,3,March,6,Morning Peak,Weekday
T20210007030,2021-03-29,11:20:00,1,Collision with vehicle,1,Monday,120,HEAD ON (NOT OVERTAKING),1,681226,Not at intersection,2,70,Arterial Other,HOPKINS,MELTON,-37.752327,144.70389,2021,3,March,11,Midday,Weekday
T20210008190,2021-03-29,16:52:00,1,Collision with vehicle,1,Monday,130,REAR END(VEHICLES IN SAME LANE),1,680874,Not at intersection,3,100,Freeway,WESTERN RING,WYNDHAM,-37.819386,144.80934,2021,3,March,16,Afternoon Peak,Weekday
T20210007035,2021-03-29,16:30:00,1,Collision with vehicle,1,Monday,130,REAR END(VEHICLES IN SAME LANE),1,679365,Not at intersection,3,80,Arterial Highway,WELLINGTON,MONASH,-37.92148,145.18304,2021,3,March,16,Afternoon Peak,Weekday
T20210007004,2021-03-29,06:50:00,2,Struck Pedestrian,1,Monday,102,FAR SIDE. PED HIT BY VEHICLE FROM THE LEFT,3,679623,T intersection,3,50,Local Road,ABERDEEN,HUME,-37.648205,144.89767,2021,3,March,6,Morning Peak,Weekday
T20210007038,2021-03-29,15:25:00,2,Struck Pedestrian,1,Monday,100,PED NEAR SIDE. PED HIT BY VEHICLE FROM THE RIGHT.,1,681118,Not at intersection,2,60,Arterial Other,VICTORIA,YARRA,-37.809025,144.98549,2021,3,March,15,Afternoon Peak,Weekday
T20210007013,2021-03-29,13:45:00,4,Collision with a fixed object,1,Monday,145,REVERSING IN STREAM OF TRAFFIC,1,730058,Not at intersection,2,30,Local Road,NOMAD,MOONEE VALLEY,-37.726166,144.89432,2021,3,March,13,Midday,Weekday
T20210007005,2021-03-29,07:25:00,1,Collision with vehicle,1,Monday,130,REAR END(VEHICLES IN SAME LANE),1,682765,Not at intersection,3,80,Arterial Highway,BURWOOD,KNOX,-37.862022,145.21365,2021,3,March,7,Morning Peak,Weekday
T20210007041,2021-03-29,18:14:00,1,Collision with vehicle,1,Monday,120,HEAD ON (NOT OVERTAKING),2,679553,T intersection,2,60,Local Road,OLYMPIC,BENDIGO,-36.782547,144.22992,2021,3,March,18,Afternoon Peak,Weekday
T20210007043,2021-03-29,14:50:00,2,Struck Pedestrian,1,Monday,102,FAR SIDE. PED HIT BY VEHICLE FROM THE LEFT,1,679366,Cross intersection,2,60,Arterial Other,THOMPSON,GEELONG,-38.121704,144.34128,2021,3,March,14,Midday,Weekday
T20210007024,2021-03-29,15:59:00,1,Collision with vehicle,1,Monday,120,HEAD ON (NOT OVERTAKING),1,679364,Not at intersection,2,60,Local Road,WALNUT,MILDURA,-34.194294,142.14142,2021,3,March,15,Afternoon Peak,Weekday
T20210007047,2021-03-29,15:40:00,1,Collision with vehicle,1,Monday,130,REAR END(VEHICLES IN SAME LANE),1,680421,Not at intersection,3,60,Arterial Other,ROYAL,MELBOURNE,-37.795414,144.95808,2021,3,March,15,Afternoon Peak,Weekday
T20210007223,2021-03-29,14:00:00,1,Collision with vehicle,1,Monday,130,REAR END(VEHICLES IN SAME LANE),1,679555,Not at intersection,3,50,Local Road,DAVID,WHITTLESEA,-37.67336,145.03087,2021,3,March,14,Midday,Weekday
T20210007708,2021-03-29,07:18:00,1,Collision with vehicle,1,Monday,121,RIGHT THROUGH,1,680045,Not at intersection,2,100,Arterial Highway,BELLARINE,GEELONG,-38.229404,144.54848,2021,3,March,7,Morning Peak,Weekday
T20210012624,2021-03-29,06:50:00,3,Struck animal,1,Monday,167,STRUCK ANIMAL,2,685518,Not at intersection,3,100,Local Road,WEPPNER,CAMPASPE,-36.539093,144.83154,2021,3,March,6,Morning Peak,Weekday
T20210007050,2021-03-29,15:50:00,4,Collision with a fixed object,1,Monday,173,RIGHT OFF CARRIAGEWAY INTO OBJECT/PARKED VEHICLE,1,684614,Not at intersection,1,70,Arterial Other,POUND,CASEY,-38.03458,145.28519,2021,3,March,15,Afternoon Peak,Weekday
T20210011224,2021-03-29,09:30:00,1,Collision with vehicle,1,Monday,130,REAR END(VEHICLES IN SAME LANE),1,685277,Not at intersection,3,70,Arterial Highway,SETTLEMENT,GEELONG,-38.181576,144.3488,2021,3,March,9,Morning Peak,Weekday
T20210007057,2021-03-29,19:49:00,4,Collision with a fixed object,1,Monday,151,OUT OF CONTROL (OVERTAKING),5,773322,Not at intersection,3,50,Arterial Other,YARRA,BOROONDARA,-37.80389,145.02046,2021,3,March,19,Night,Weekday
T20210007058,2021-03-29,19:07:00,4,Collision with a fixed object,1,Monday,183,OFF LEFT BEND INTO OBJECT/PARKED VEHICLE,2,685217,Not at intersection,3,80,Freeway,WESTERN RING OUT-CALDER IN,BRIMBANK,-37.727757,144.85857,2021,3,March,19,Night,Weekday
T20210007991,2021-03-29,07:30:00,1,Collision with vehicle,1,Monday,135,LANE CHANGE LEFT (NOT OVERTAKING),2,682878,Not at intersection,3,60,Arterial Other,BEACH,BAYSIDE,-37.928425,144.98967,2021,3,March,7,Morning Peak,Weekday
T20210007064,2021-03-29,22:56:00,4,Collision with a fixed object,1,Monday,171,LEFT OFF CARRIAGEWAY INTO OBJECT/PARKED VEHICLE,5,679896,Not at intersection,2,70,Local Road,STINTONS,MANNINGHAM,-37.772404,145.21121,2021,3,March,22,Night,Weekday
T20210007002,2021-03-29,06:57:00,1,Collision with vehicle,1,Monday,121,RIGHT THROUGH,3,233917,Cross intersection,3,60,Local Road,DAVIS,WYNDHAM,-37.815388,144.65686,2021,3,March,6,Morning Peak,Weekday
T20210006980,2021-03-29,10:30:00,4,Collision with a fixed object,1,Monday,175,OFF END OF ROAD/T-INTERSECTION.,1,679252,T intersection,2,60,Arterial Other,MOUNT MACEDON,MACEDON RANGES,-37.457195,144.57674,2021,3,March,10,Midday,Weekday
T20210007020,2021-03-29,14:40:00,1,Collision with vehicle,1,Monday,147,VEHICLE STRIKES ANOTHER VEH WHILE EMERGING FROM DRIVEWAY,1,680089,Not at intersection,3,70,Arterial Other,TAYLORS,BRIMBANK,-37.727642,144.78325,2021,3,March,14,Midday,Weekday
T20210016907,2021-03-29,01:00:00,1,Collision with vehicle,1,Monday,160,VEHICLE COLLIDES WITH VEHICLE PARKED ON LEFT OF ROAD,9,66784,T intersection,3,60,Arterial Other,RIVERSDALE,WHITEHORSE,-37.837936,145.11496,2021,3,March,1,Late Night,Weekday
T20210006998,2021-03-29,08:30:00,1,Collision with vehicle,1,Monday,130,REAR END(VEHICLES IN SAME LANE),1,684571,Not at intersection,2,40,Arterial Other,FLEMINGTON ROAD SERVICE,MELBOURNE,-37.796646,144.95155,2021,3,March,8,Morning Peak,Weekday
T20210009300,2021-03-29,23:00:00,1,Collision with vehicle,1,Monday,121,RIGHT THROUGH,3,10592,Multiple intersection,3,60,Arterial Highway,PRINCES,DANDENONG,-37.933174,145.15694,2021,3,March,23,Night,Weekday
T20210007625,2021-03-30,15:30:00,1,Collision with vehicle,2,Tuesday,130,REAR END(VEHICLES IN SAME LANE),1,680088,Not at intersection,2,80,Arterial Other,CRANBOURNE,FRANKSTON,-38.15508,145.16582,2021,3,March,15,Afternoon Peak,Weekday
T20210012402,2021-03-30,18:30:00,1,Collision with vehicle,2,Tuesday,163,VEHICLE STRIKES DOOR OF PARKED/STATIONARY VEHICLE,2,332339,Cross intersection,3,40,Local Road,ELIZABETH,MELBOURNE,-37.817196,144.96452,2021,3,March,18,Afternoon Peak,Weekday
T20210007094,2021-03-30,12:21:00,1,Collision with vehicle,2,Tuesday,110,CROSS TRAFFIC(INTERSECTIONS ONLY),1,29599,Cross intersection,3,40,Arterial Other,CARLISLE,GLEN EIRA,-37.869514,144.99944,2021,3,March,12,Midday,Weekday
T20210007095,2021-03-30,11:08:00,1,Collision with vehicle,2,Tuesday,111,RIGHT FAR (INTERSECTIONS ONLY),1,56459,Cross intersection,3,80,Arterial Other,VINEYARD,HUME,-37.60903,144.71167,2021,3,March,11,Midday,Weekday
T20210007318,2021-03-30,17:45:00,1,Collision with vehicle,2,Tuesday,120,HEAD ON (NOT OVERTAKING),1,682598,Not at intersection,2,80,Arterial Highway,MAROONDAH,YARRA RANGES,-37.639523,145.57933,2021,3,March,17,Afternoon Peak,Weekday
T20210007152,2021-03-30,18:20:00,4,Collision with a fixed object,2,Tuesday,146,REVERSING INTO FIXED OBJECT/PARKED VEHICLE,1,687602,Not at intersection,3,50,Local Road,BEDFORD,DAREBIN,-37.718113,145.01,2021,3,March,18,Afternoon Peak,Weekday
T20210007155,2021-03-30,22:20:00,1,Collision with vehicle,2,Tuesday,142,LEAVING PARKING,3,682508,Not at intersection,2,40,Local Road,LYGON,MERRI-BEK,-37.775337,144.9711,2021,3,March,22,Night,Weekday
T20210007169,2021-03-30,14:30:00,1,Collision with vehicle,2,Tuesday,121,RIGHT THROUGH,1,277699,T intersection,3,80,Arterial Other,PRINCES,CARDINIA,-38.061806,145.44264,2021,3,March,14,Midday,Weekday
T20210007149,2021-03-30,18:45:00,1,Collision with vehicle,2,Tuesday,121,RIGHT THROUGH,1,36603,Cross intersection,2,60,Local Road,CAMBRIDGE,YARRA,-37.806557,144.9852,2021,3,March,18,Afternoon Peak,Weekday
T20210007071,2021-03-30,06:17:00,2,Struck Pedestrian,2,Tuesday,102,FAR SIDE. PED HIT BY VEHICLE FROM THE LEFT,3,42835,Cross intersection,3,50,Local Road,BARKLY,KINGSTON,-38.00461,145.08827,2021,3,March,6,Morning Peak,Weekday
T20210007146,2021-03-30,15:30:00,2,Struck Pedestrian,2,Tuesday,100,PED NEAR SIDE. PED HIT BY VEHICLE FROM THE RIGHT.,1,680031,Not at intersection,2,60,Local Road,UNION,MOONEE VALLEY,-37.77835,144.91512,2021,3,March,15,Afternoon Peak,Weekday
T20210007145,2021-03-30,19:32:00,1,Collision with vehicle,2,Tuesday,130,REAR END(VEHICLES IN SAME LANE),3,679773,Not at intersection,3,60,Arterial Other,NICHOLSON,MORELAND,-37.75522,144.9754,2021,3,March,19,Night,Weekday
T20210007143,2021-03-30,20:15:00,2,Struck Pedestrian,2,Tuesday,102,FAR SIDE. PED HIT BY VEHICLE FROM THE LEFT,3,679460,Not at intersection,3,40,Local Road,RIVER,STONNINGTON,-37.837166,144.99767,2021,3,March,20,Night,Weekday
T20210007142,2021-03-30,16:44:00,1,Collision with vehicle,2,Tuesday,130,REAR END(VEHICLES IN SAME LANE),1,682353,Not at intersection,3,50,Local Road,CHURCHILL,MARIBYRNONG,-37.785797,144.85818,2021,3,March,16,Afternoon Peak,Weekday
T20210008694,2021-03-30,17:22:00,1,Collision with vehicle,2,Tuesday,130,REAR END(VEHICLES IN SAME LANE),1,730134,Not at intersection,3,50,Local Road,DONCASTER EAST,WHITEHORSE,-37.815712,145.19635,2021,3,March,17,Afternoon Peak,Weekday
T20210007188,2021-03-30,18:10:00,1,Collision with vehicle,2,Tuesday,113,RIGHT NEAR (INTERSECTIONS ONLY),1,679952,Multiple intersection,3,80,Arterial Highway,SOUTH GIPPSLAND OUT-SOUTH GIPPSLAND,CASEY,-38.037624,145.2488,2021,3,March,18,Afternoon Peak,Weekday
T20210009021,2021-03-30,16:00:00,1,Collision with vehicle,2,Tuesday,121,RIGHT THROUGH,1,714,Cross intersection,3,60,Arterial Other,WAVERLEY,MONASH,-37.884705,145.12735,2021,3,March,16,Afternoon Peak,Weekday
T20210007141,2021-03-30,15:45:00,1,Collision with vehicle,2,Tuesday,110,CROSS TRAFFIC(INTERSECTIONS ONLY),1,48645,Cross intersection,2,60,Local Road,BROUGHAM,BOROONDARA,-37.798344,145.03175,2021,3,March,15,Afternoon Peak,Weekday
T20210007139,2021-03-30,14:15:00,1,Collision with vehicle,2,Tuesday,130,REAR END(VEHICLES IN SAME LANE),1,683312,Not at intersection,2,80,Arterial Highway,SOUTH GIPPSLAND,DANDENONG,-38.019444,145.23676,2021,3,March,14,Midday,Weekday
T20210007138,2021-03-30,18:19:00,1,Collision with vehicle,2,Tuesday,147,VEHICLE STRIKES ANOTHER VEH WHILE EMERGING FROM DRIVEWAY,5,679459,T intersection,2,60,Local Road,WILLIAMSON,MARIBYRNONG,-37.774837,144.8795,2021,3,March,18,Afternoon Peak,Weekday
T20210009082,2021-03-30,17:26:00,1,Collision with vehicle,2,Tuesday,121,RIGHT THROUGH,1,332681,Cross intersection,3,80,Arterial Highway,DINGLEY,KINGSTON,-37.959618,145.11264,2021,3,March,17,Afternoon Peak,Weekday