ACCIDENT_NO,ACCIDENT_DATE,ACCIDENT_TIME,ACCIDENT_TYPE,ACCIDENT_TYPE_DESC,DAY_OF_WEEK,DAY_WEEK_DESC,DCA_CODE,DCA_DESC,LIGHT_CONDITION,NODE_ID,ROAD_GEOMETRY_DESC,SEVERITY,SPEED_ZONE,RMA,ROAD_NAME,LGA_NAME,LATITUDE,LONGITUDE,YEAR,MONTH,MONTH_NAME,HOUR,TIME_PERIOD,DAY_TYPE
T20210007136,2021-03-30,18:15:00,1,Collision with vehicle,2,Tuesday,110,CROSS TRAFFIC(INTERSECTIONS ONLY),1,19689,Cross intersection,3,60,Arterial Highway,MCIVOR,BENDIGO,-36.786945,144.502,2021,3,March,18,Afternoon Peak,Weekday
T20210007131,2021-03-30,17:52:00,2,Struck Pedestrian,2,Tuesday,101,PED EMERGES FROM IN FRONT OF PARKED OR STATIONARY VEHICLE,1,679895,Not at intersection,2,60,Arterial Other,RINGWOOD-WARRANDYTE,MANNINGHAM,-37.742012,145.23073,2021,3,March,17,Afternoon Peak,Weekday
T20210007130,2021-03-30,14:57:00,4,Collision with a fixed object,2,Tuesday,171,LEFT OFF CARRIAGEWAY INTO OBJECT/PARKED VEHICLE,1,680087,Not at intersection,3,80,Arterial Other,SWANSEA,YARRA RANGES,-37.791126,145.36105,2021,3,March,14,Midday,Weekday
T20210007127,2021-03-30,16:35:00,1,Collision with vehicle,2,Tuesday,132,RIGHT REAR.,1,692258,Not at intersection,3,50,Arterial Highway,MAIN,HORSHAM,-36.740738,141.94437,2021,3,March,16,Afternoon Peak,Weekday
T20210008587,2021-03-30,16:30:00,8,No collision and no object struck,2,Tuesday,174,OUT OF CONTROL ON CARRIAGEWAY (ON STRAIGHT),1,781090,Cross intersection,3,60,Local Road,GRANTULLA,YARRA RANGES,-37.91132,145.39545,2021,3,March,16,Afternoon Peak,Weekday
T20210007119,2021-03-30,16:20:00,1,Collision with vehicle,2,Tuesday,130,REAR END(VEHICLES IN SAME LANE),1,278756,Not at intersection,3,60,Arterial Other,MCINTYRE,BRIMBANK,-37.77678,144.82877,2021,3,March,16,Afternoon Peak,Weekday
T20210007118,2021-03-30,15:20:00,2,Struck Pedestrian,2,Tuesday,108,PED STRUCK WALKING TO/FROM OR BOARDING/ALIGHTING VEHICLE.,1,680471,T intersection,3,50,Local Road,HILDA,MORELAND,-37.698387,144.93135,2021,3,March,15,Afternoon Peak,Weekday
T20210007115,2021-03-30,11:49:00,1,Collision with vehicle,2,Tuesday,113,RIGHT NEAR (INTERSECTIONS ONLY),1,70897,T intersection,1,80,Arterial Highway,PRINCES,WELLINGTON,-37.982273,147.07184,2021,3,March,11,Midday,Weekday
T20210008598,2021-03-30,14:30:00,1,Collision with vehicle,2,Tuesday,139,OTHER SAME DIRECTION-MANOUEVRES NOT INCLUDED IN DCAs 130-137,1,684460,Not at intersection,3,40,Arterial Other,SPENCER,MELBOURNE,-37.822216,144.9556,2021,3,March,14,Midday,Weekday
T20210007107,2021-03-30,14:10:00,1,Collision with vehicle,2,Tuesday,132,RIGHT REAR.,1,679624,T intersection,3,70,Arterial Highway,WARBURTON,YARRA RANGES,-37.78236,145.6239,2021,3,March,14,Midday,Weekday
T20210007104,2021-03-30,12:54:00,4,Collision with a fixed object,2,Tuesday,171,LEFT OFF CARRIAGEWAY INTO OBJECT/PARKED VEHICLE,1,685061,Not at intersection,2,100,Local Road,BALLAN-MEREDITH,MOORABOOL,-37.781994,144.12173,2021,3,March,12,Midday,Weekday
T20210007103,2021-03-30,13:34:00,1,Collision with vehicle,2,Tuesday,121,RIGHT THROUGH,1,39866,Cross intersection,2,60,Arterial Other,CENTRAL,HOBSONS BAY,-37.870808,144.76857,2021,3,March,13,Midday,Weekday
T20210007101,2021-03-30,12:09:00,1,Collision with vehicle,2,Tuesday,123,RIGHT/LEFT. ONE VEH TURNING RIGHT THE OTHER LEFT.,1,30939,Cross intersection,2,60,Arterial Highway,ALEXANDRA,YARRA,-37.79312,144.97934,2021,3,March,12,Midday,Weekday
T20210010003,2021-03-30,17:30:00,1,Collision with vehicle,2,Tuesday,130,REAR END(VEHICLES IN SAME LANE),1,38688,Cross intersection,3,80,Arterial Highway,GEELONG,MARIBYRNONG,-37.803978,144.8828,2021,3,March,17,Afternoon Peak,Weekday
T20210007075,2021-03-30,06:55:00,1,Collision with vehicle,2,Tuesday,113,RIGHT NEAR (INTERSECTIONS ONLY),2,343724,T intersection,2,60,Arterial Highway,MURRAY,MORNINGTON PENINSULA,-38.363724,144.7912,2021,3,March,6,Morning Peak,Weekday
T20210008001,2021-03-30,13:00:00,1,Collision with vehicle,2,Tuesday,130,REAR END(VEHICLES IN SAME LANE),9,324,Y intersection,3,60,Arterial Other,BRIDGE,BOROONDARA,-37.819984,145.01653,2021,3,March,13,Midday,Weekday
T20210010219,2021-03-30,10:40:00,7,Fall from or in moving vehicle,2,Tuesday,190,FELL IN/FROM VEHICLE,1,689778,Not at intersection,3,50,Local Road,FRASER,MOONEE VALLEY,-37.724354,144.88702,2021,3,March,10,Midday,Weekday
T20210008648,2021-03-30,13:30:00,6,Vehicle overturned (no collision),2,Tuesday,172,OFF CARRIAGEWAY TO RIGHT,1,682837,Not at intersection,3,50,Local Road,NORTH CREEK,MURRINDINDI,-37.51961,145.68661,2021,3,March,13,Midday,Weekday
T20210007150,2021-03-30,18:42:00,1,Collision with vehicle,2,Tuesday,121,RIGHT THROUGH,1,37026,Cross intersection,2,50,Local Road,ALBERT,MELBOURNE,-37.810703,144.98616,2021,3,March,18,Afternoon Peak,Weekday
T20210007384,2021-03-30,06:00:00,3,Struck animal,2,Tuesday,167,STRUCK ANIMAL,3,73319,Cross intersection,3,80,Local Road,COOMBES,SURF COAST,-38.310787,144.28343,2021,3,March,6,Morning Peak,Weekday
T20210007398,2021-03-30,17:20:00,1,Collision with vehicle,2,Tuesday,152,PULLING OUT (OVERTAKING),1,682630,Not at intersection,3,60,Arterial Other,DOUGLAS,HOBSONS BAY,-37.835865,144.89435,2021,3,March,17,Afternoon Peak,Weekday
T20210007151,2021-03-30,18:30:00,1,Collision with vehicle,2,Tuesday,132,RIGHT REAR.,2,60748,T intersection,2,100,Arterial Other,DONNYBROOK,WHITTLESEA,-37.553036,145.06667,2021,3,March,18,Afternoon Peak,Weekday
T20210007090,2021-03-30,11:17:00,6,Vehicle overturned (no collision),2,Tuesday,174,OUT OF CONTROL ON CARRIAGEWAY (ON STRAIGHT),1,679457,Not at intersection,3,50,Local Road,BOYANDA,STONNINGTON,-37.859097,145.05406,2021,3,March,11,Midday,Weekday
T20210007076,2021-03-30,08:17:00,2,Struck Pedestrian,2,Tuesday,109,ANY MANOEUVRE INVOLVING PED NOT INCLUDED IN DCAs 100-108.,1,29416,Cross intersection,2,40,Arterial Other,SPENCER,MELBOURNE,-37.81907,144.95415,2021,3,March,8,Morning Peak,Weekday
T20210007271,2021-03-30,19:53:00,1,Collision with vehicle,2,Tuesday,121,RIGHT THROUGH,3,38437,Cross intersection,3,60,Arterial Highway,MAROONDAH,YARRA RANGES,-37.761288,145.31041,2021,3,March,19,Night,Weekday
T20210007193,2021-03-30,09:00:00,1,Collision with vehicle,2,Tuesday,135,LANE CHANGE LEFT (NOT OVERTAKING),1,730064,Not at intersection,2,60,Arterial Highway,ST KILDA,PORT PHILLIP,-37.8673,144.98648,2021,3,March,9,Morning Peak,Weekday
T20210007243,2021-03-31,19:50:00,6,Vehicle overturned (no collision),3,Wednesday,174,OUT OF CONTROL ON CARRIAGEWAY (ON STRAIGHT),6,682355,T intersection,3,50,Local Road,MOODY,CARDINIA,-38.192852,145.49712,2021,3,March,19,Night,Weekday
T20210007220,2021-03-31,13:36:00,1,Collision with vehicle,3,Wednesday,121,RIGHT THROUGH,1,1041,Multiple intersection,3,70,Arterial Highway,POINT NEPEAN,MORNINGTON PENINSULA,-38.320694,144.71832,2021,3,March,13,Midday,Weekday
T20210007210,2021-03-31,13:51:00,1,Collision with vehicle,3,Wednesday,116,LEFT NEAR (INTERSECTIONS ONLY),1,67152,Cross intersection,2,50,Local Road,ELEY,WHITEHORSE,-37.847717,145.14957,2021,3,March,13,Midday,Weekday
T20210007247,2021-03-31,16:45:00,1,Collision with vehicle,3,Wednesday,137,LEFT TURN SIDESWIPE,1,40490,Cross intersection,2,60,Arterial Other,MELROSE DRIVE -TULLAMARINE OUT-MELROSE,MOONEE VALLEY,-37.711174,144.88866,2021,3,March,16,Afternoon Peak,Weekday
T20210014525,2021-03-31,06:15:00,8,No collision and no object struck,3,Wednesday,199,UNKNOWN-NO DETAILS ON MANOEUVRES OF ROAD-USERS IN ACCIDENT,2,692598,Not at intersection,2,60,Arterial Highway,PRINCES HIGHWAY SERVICE,EAST GIPPSLAND,-37.820133,147.64879,2021,3,March,6,Morning Peak,Weekday
T20210007194,2021-03-31,10:51:00,1,Collision with vehicle,3,Wednesday,130,REAR END(VEHICLES IN SAME LANE),1,730065,Not at intersection,2,80,Arterial Other,BAXTER-TOORADIN,CASEY,-38.203,145.26854,2021,3,March,10,Midday,Weekday
T20210008395,2021-03-31,18:30:00,1,Collision with vehicle,3,Wednesday,130,REAR END(VEHICLES IN SAME LANE),1,680782,T intersection,3,60,Arterial Highway,RACECOURSE,MELBOURNE,-37.7885,144.93372,2021,3,March,18,Afternoon Peak,Weekday
T20210007221,2021-03-31,18:00:00,1,Collision with vehicle,3,Wednesday,140,U TURN,1,730068,Not at intersection,3,50,Local Road,STAWELL,CASEY,-38.1082,145.28505,2021,3,March,18,Afternoon Peak,Weekday
T20210007198,2021-03-31,13:03:00,1,Collision with vehicle,3,Wednesday,140,U TURN,1,679627,Not at intersection,3,40,Arterial Other,YARRA,YARRA,-37.822456,145.01407,2021,3,March,13,Midday,Weekday
T20210007199,2021-03-31,09:15:00,1,Collision with vehicle,3,Wednesday,130,REAR END(VEHICLES IN SAME LANE),1,680295,Not at intersection,3,80,Freeway,WEST GATE,HOBSONS BAY,-37.82947,144.89828,2021,3,March,9,Morning Peak,Weekday
T20210007203,2021-03-31,12:45:00,1,Collision with vehicle,3,Wednesday,121,RIGHT THROUGH,1,297134,Cross intersection,2,60,Arterial Other,FLEMINGTON,MELBOURNE,-37.796597,144.9512,2021,3,March,12,Midday,Weekday
T20210007206,2021-03-31,13:13:00,1,Collision with vehicle,3,Wednesday,121,RIGHT THROUGH,1,29377,Cross intersection,2,60,Arterial Other,KING,MELBOURNE,-37.805504,144.94865,2021,3,March,13,Midday,Weekday
T20210007207,2021-03-31,12:10:00,4,Collision with a fixed object,3,Wednesday,173,RIGHT OFF CARRIAGEWAY INTO OBJECT/PARKED VEHICLE,1,684254,Not at intersection,3,100,Arterial Highway,BASS,BASS COAST,-38.38216,145.55254,2021,3,March,12,Midday,Weekday
T20210009167,2021-03-31,22:47:00,1,Collision with vehicle,3,Wednesday,110,CROSS TRAFFIC(INTERSECTIONS ONLY),3,39919,Cross intersection,3,50,Local Road,CHAMBERS,HOBSONS BAY,-37.835304,144.84258,2021,3,March,22,Night,Weekday
T20210007179,2021-03-31,07:36:00,1,Collision with vehicle,3,Wednesday,130,REAR END(VEHICLES IN SAME LANE),1,679951,Not at intersection,2,100,Freeway,MONASH,CASEY,-37.982063,145.24492,2021,3,March,7,Morning Peak,Weekday
T20210007258,2021-03-31,05:05:00,1,Collision with vehicle,3,Wednesday,130,REAR END(VEHICLES IN SAME LANE),3,773289,T intersection,3,50,Local Road,EVERINGHAM,HOBSONS BAY,-37.878567,144.7859,2021,3,March,5,Morning Peak,Weekday
T20210007448,2021-03-31,10:30:00,1,Collision with vehicle,3,Wednesday,130,REAR END(VEHICLES IN SAME LANE),1,680133,Not at intersection,2,80,Arterial Other,FRANKSTON-FLINDERS,MORNINGTON PENINSULA,-38.28481,145.1836,2021,3,March,10,Midday,Weekday
T20210007748,2021-03-31,21:40:00,1,Collision with vehicle,3,Wednesday,121,RIGHT THROUGH,3,260780,T intersection,3,60,Arterial Other,WESTS,MARIBYRNONG,-37.771507,144.8818,2021,3,March,21,Night,Weekday
T20210007257,2021-03-31,22:06:00,1,Collision with vehicle,3,Wednesday,110,CROSS TRAFFIC(INTERSECTIONS ONLY),5,679701,Cross intersection,3,60,Local Road,MCLAUGHLIN,NORTHERN GRAMPIANS,-37.065807,142.77266,2021,3,March,22,Night,Weekday
T20210007173,2021-03-31,08:31:00,1,Collision with vehicle,3,Wednesday,113,RIGHT NEAR (INTERSECTIONS ONLY),1,44316,T intersection,2,70,Arterial Other,BALLAN,WYNDHAM,-37.89493,144.63521,2021,3,March,8,Morning Peak,Weekday
T20210007218,2021-03-31,13:40:00,1,Collision with vehicle,3,Wednesday,160,VEHICLE COLLIDES WITH VEHICLE PARKED ON LEFT OF ROAD,1,680817,Not at intersection,3,40,Local Road,BRIDGEWATER-RAYWOOD,LODDON,-36.545536,144.00244,2021,3,March,13,Midday,Weekday
T20210007171,2021-03-31,05:08:00,3,Struck animal,3,Wednesday,167,STRUCK ANIMAL,5,682253,Not at intersection,2,100,Arterial Other,KATAMATITE-YARRAWONGA,MOIRA,-36.040737,145.90431,2021,3,March,5,Morning Peak,Weekday
T20210014755,2021-03-31,17:23:00,1,Collision with vehicle,3,Wednesday,111,RIGHT FAR (INTERSECTIONS ONLY),1,45213,T intersection,3,50,Local Road,ROSAMOND,MARIBYRNONG,-37.774895,144.88576,2021,3,March,17,Afternoon Peak,Weekday
T20210007167,2021-03-31,08:41:00,1,Collision with vehicle,3,Wednesday,163,VEHICLE STRIKES DOOR OF PARKED/STATIONARY VEHICLE,1,681344,Not at intersection,2,60,Local Road,BAMBRA,GLEN EIRA,-37.87548,145.03105,2021,3,March,8,Morning Peak,Weekday
T20210007178,2021-03-31,06:16:00,4,Collision with a fixed object,3,Wednesday,173,RIGHT OFF CARRIAGEWAY INTO OBJECT/PARKED VEHICLE,5,730061,Not at intersection,2,80,Local Road,BALLARTO,CASEY,-38.13248,145.31633,2021,3,March,6,Morning Peak,Weekday
T20210009394,2021-03-31,15:38:00,1,Collision with vehicle,3,Wednesday,135,LANE CHANGE LEFT (NOT OVERTAKING),1,687100,Not at intersection,3,80,Arterial Highway,FRANKSTON-DANDENONG,DANDENONG,-38.062973,145.20226,2021,3,March,15,Afternoon Peak,Weekday
T20210007250,2021-03-31,21:40:00,1,Collision with vehicle,3,Wednesday,121,RIGHT THROUGH,3,57358,T intersection,3,60,Arterial Other,HIGH,MELTON,-37.68375,144.59492,2021,3,March,21,Night,Weekday
T20210007175,2021-03-31,06:00:00,6,Vehicle overturned (no collision),3,Wednesday,175,OFF END OF ROAD/T-INTERSECTION.,5,686675,T intersection,2,40,Local Road,DUNNSTOWN-YENDON,MOORABOOL,-37.635242,143.98415,2021,3,March,6,Morning Peak,Weekday
T20210007312,2021-03-31,12:17:00,6,Vehicle overturned (no collision),3,Wednesday,182,OFF CARRIAGEWAY ON LEFT BEND,1,28757,T intersection,2,100,Arterial Other,HAPPY VALLEY,ALPINE,-36.557617,146.96906,2021,3,March,12,Midday,Weekday
T20210007254,2021-03-31,14:30:00,4,Collision with a fixed object,3,Wednesday,173,RIGHT OFF CARRIAGEWAY INTO OBJECT/PARKED VEHICLE,1,359450,Multiple intersection,2,70,Freeway,EDGARS,WHITTLESEA,-37.687622,145.00256,2021,3,March,14,Midday,Weekday
T20210008788,2021-03-31,15:30:00,1,Collision with vehicle,3,Wednesday,130,REAR END(VEHICLES IN SAME LANE),1,690449,Not at intersection,3,100,Freeway,HUME-WESTERN RING IN,MORELAND,-37.692238,144.95479,2021,3,March,15,Afternoon Peak,Weekday
T20210008709,2021-03-31,14:28:00,1,Collision with vehicle,3,Wednesday,111,RIGHT FAR (INTERSECTIONS ONLY),1,289107,Multiple intersection,3,70,Freeway,LEAKES,MELTON,-37.725754,144.65128,2021,3,March,14,Midday,Weekday
T20210007192,2021-03-31,08:28:00,6,Vehicle overturned (no collision),3,Wednesday,174,OUT OF CONTROL ON CARRIAGEWAY (ON STRAIGHT),1,56301,T intersection,2,80,Arterial Other,BOUNDARY,KINGSTON,-37.96458,145.11105,2021,3,March,8,Morning Peak,Weekday
T20210008031,2021-03-31,18:45:00,1,Collision with vehicle,3,Wednesday,130,REAR END(VEHICLES IN SAME LANE),9,680374,Cross intersection,3,60,Arterial Other,BRIDGE INN,WHITTLESEA,-37.603714,145.12245,2021,3,March,18,Afternoon Peak,Weekday
T20210007268,2021-03-31,12:30:00,1,Collision with vehicle,3,Wednesday,130,REAR END(VEHICLES IN SAME LANE),1,680761,Not at intersection,3,100,Freeway,PRINCES,WYNDHAM,-37.94546,144.59985,2021,3,March,12,Midday,Weekday
T20210008529,2021-03-31,23:35:00,3,Struck animal,3,Wednesday,167,STRUCK ANIMAL,3,60188,Multiple intersection,2,60,Arterial Other,HIGH,MOUNT ALEXANDER,-37.13792,144.34767,2021,3,March,23,Night,Weekday
T20210007291,2021-03-31,16:57:00,4,Collision with a fixed object,3,Wednesday,181,OFF RIGHT BEND INTO OBJECT/PARKED VEHICLE,1,682887,Not at intersection,2,100,Arterial Other,HOPETOUN-RAINBOW,YARRIAMBIACK,-35.807766,142.23952,2021,3,March,16,Afternoon Peak,Weekday
T20210008564,2021-03-31,11:45:00,2,Struck Pedestrian,3,Wednesday,100,PED NEAR SIDE. PED HIT BY VEHICLE FROM THE RIGHT.,1,37768,Cross intersection,3,40,Arterial Other,TOORAK,STONNINGTON,-37.841305,145.01074,2021,3,March,11,Midday,Weekday
T20210008568,2021-03-31,11:51:00,2,Struck Pedestrian,3,Wednesday,101,PED EMERGES FROM IN FRONT OF PARKED OR STATIONARY VEHICLE,9,237565,Not at intersection,2,60,Arterial Highway,THOMPSON,BASS COAST,-38.45059,145.23898,2021,3,March,11,Midday,Weekday
T20210007299,2021-03-31,14:00:00,1,Collision with vehicle,3,Wednesday,132,RIGHT REAR.,1,679855,Not at intersection,2,100,Arterial Highway,MURRAY VALLEY,MOIRA,-35.925488,145.49776,2021,3,March,14,Midday,Weekday
T20210007225,2021-03-31,18:06:00,1,Collision with vehicle,3,Wednesday,148,VEHICLE OFF FOOTPATH STRIKES VEH ON CARRIAGEWAY,1,680865,Cross intersection,2,50,Local Road,ELMHURST,WYNDHAM,-37.843422,144.73155,2021,3,March,18,Afternoon Peak,Weekday
T20210007226,2021-03-31,15:04:00,1,Collision with vehicle,3,Wednesday,120,HEAD ON (NOT OVERTAKING),1,682046,Not at intersection,3,40,Local Road,ALBERTON,CASEY,-38.092785,145.25955,2021,3,March,15,Afternoon Peak,Weekday
T20210008807,2021-03-31,20:30:00,6,Vehicle overturned (no collision),3,Wednesday,170,OFF CARRIAGEWAY TO LEFT,3,37555,Cross intersection,2,50,Local Road,COVENTRY,PORT PHILLIP,-37.83118,144.96254,2021,3,March,20,Night,Weekday
T20210007217,2021-03-31,14:15:00,1,Collision with vehicle,3,Wednesday,130,REAR END(VEHICLES IN SAME LANE),1,682919,Not at intersection,3,60,Arterial Other,SHANNON,GEELONG,-38.141273,144.33623,2021,3,March,14,Midday,Weekday
T20210007235,2021-03-31,19:35:00,1,Collision with vehicle,3,Wednesday,130,REAR END(VEHICLES IN SAME LANE),3,680472,Not at intersection,3,80,Arterial Other,PASCOE VALE,HUME,-37.648125,144.93158,2021,3,March,19,Night,Weekday
T20210021257,2021-03-31,14:50:00,1,Collision with vehicle,3,Wednesday,110,CROSS TRAFFIC(INTERSECTIONS ONLY),1,289117,Cross intersection,3,50,Freeway,FULLARTON,MOONEE VALLEY,-37.73237,144.88072,2021,3,March,14,Midday,Weekday
T20210007237,2021-03-31,16:19:00,1,Collision with vehicle,3,Wednesday,132,RIGHT REAR.,1,247807,T intersection,2,100,Arterial Highway,NORTHERN,CAMPASPE,-36.198982,144.73105,2021,3,March,16,Afternoon Peak,Weekday
T20210008886,2021-03-31,11:30:00,1,Collision with vehicle,3,Wednesday,140,U TURN,1,681315,Not at intersection,3,60,Arterial Other,HEATHS,WYNDHAM,-37.878506,144.6924,2021,3,March,11,Midday,Weekday
T20210007241,2021-03-31,19:18:00,1,Collision with vehicle,3,Wednesday,121,RIGHT THROUGH,5,221846,Multiple intersection,2,60,Freeway,THAMES,DANDENONG,-38.043102,145.14218,2021,3,March,19,Night,Weekday
T20210007242,2021-03-31,20:25:00,6,Vehicle overturned (no collision),3,Wednesday,170,OFF CARRIAGEWAY TO LEFT,3,679556,Not at intersection,3,50,Local Road,JONATHAN,MOORABOOL,-37.660107,144.4411,2021,3,March,20,Night,Weekday
T20210007821,2021-03-31,14:30:00,1,Collision with vehicle,3,Wednesday,140,U TURN,1,45312,T intersection,3,60,Arterial Other,LINCOLN,MOONEE VALLEY,-37.746086,144.90979,2021,3,March,14,Midday,Weekday
T20210007345,2021-04-01,18:20:00,4,Collision with a fixed object,4,Thursday,146,REVERSING INTO FIXED OBJECT/PARKED VEHICLE,1,781102,Not at intersection,3,50,Local Road,MAGPIE,HUME,-37.65226,144.92598,2021,4,April,18,Afternoon Peak,Weekday
T20210007346,2021-04-01,20:15:00,2,Struck Pedestrian,4,Thursday,100,PED NEAR SIDE. PED HIT BY VEHICLE FROM THE RIGHT.,3,35387,Cross intersection,3,40,Arterial Other,SWAN,YARRA,-37.826687,145.00706,2021,4,April,20,Night,Weekday
T20210011179,2021-04-01,15:00:00,1,Collision with vehicle,4,Thursday,136,RIGHT TURN SIDESWIPE,1,65799,Cross intersection,3,60,Local Road,LA TROBE,MELBOURNE,-37.811756,144.95645,2021,4,April,15,Afternoon Peak,Weekday
T20210009384,2021-04-01,07:20:00,1,Collision with vehicle,4,Thursday,179,OTHER ACCIDENTS-OFF STRAIGHT NOT INCLUDED IN DCAs 170-175,1,773426,Not at intersection,3,80,Arterial Other,CANTERBURY,WHITEHORSE,-37.83358,145.20728,2021,4,April,7,Morning Peak,Weekday
T20210013516,2021-04-01,09:30:00,1,Collision with vehicle,4,Thursday,113,RIGHT NEAR (INTERSECTIONS ONLY),1,40258,T intersection,3,40,Arterial Other,TOORAK,STONNINGTON,-37.84326,145.02701,2021,4,April,9,Morning Peak,Weekday
T20210007329,2021-04-01,18:45:00,1,Collision with vehicle,4,Thursday,130,REAR END(VEHICLES IN SAME LANE),2,684527,Not at intersection,3,100,Freeway,WEST GATE,MELBOURNE,-37.826233,144.93155,2021,4,April,18,Afternoon Peak,Weekday
T20210008599,2021-04-01,20:30:00,1,Collision with vehicle,4,Thursday,131,LEFT REAR,1,721206,Cross intersection,3,50,Local Road,ASHCROFT,WYNDHAM,-37.865414,144.73886,2021,4,April,20,Night,Weekday
T20210007842,2021-04-01,16:00:00,1,Collision with vehicle,4,Thursday,130,REAR END(VEHICLES IN SAME LANE),1,690006,Not at intersection,2,40,Arterial Other,BAY,PORT PHILLIP,-37.840153,144.9409,2021,4,April,16,Afternoon Peak,Weekday
T20210007554,2021-04-01,15:00:00,1,Collision with vehicle,4,Thursday,130,REAR END(VEHICLES IN SAME LANE),1,682178,T intersection,3,60,Arterial Highway,ST GEORGES,DAREBIN,-37.775024,144.98988,2021,4,April,15,Afternoon Peak,Weekday
T20210009968,2021-04-01,07:45:00,1,Collision with vehicle,4,Thursday,110,CROSS TRAFFIC(INTERSECTIONS ONLY),1,19689,Cross intersection,3,60,Arterial Highway,MCIVOR,BENDIGO,-36.786945,144.502,2021,4,April,7,Morning Peak,Weekday
T20210007304,2021-04-01,10:51:00,1,Collision with vehicle,4,Thursday,160,VEHICLE COLLIDES WITH VEHICLE PARKED ON LEFT OF ROAD,1,680132,Not at intersection,2,60,Arterial Other,BEACH,BAYSIDE,-37.98672,145.02646,2021,4,April,10,Midday,Weekday
T20210007303,2021-04-01,15:02:00,1,Collision with vehicle,4,Thursday,133,LANE SIDE SWIPE (VEHICLES IN PARALLEL LANES),1,688842,Not at intersection,3,80,Freeway,CALDER,MOONEE VALLEY,-37.735027,144.89964,2021,4,April,15,Afternoon Peak,Weekday
T20210007300,2021-04-01,14:10:00,1,Collision with vehicle,4,Thursday,154,PULLING OUT -REAR END,1,68606,T intersection,3,60,Arterial Other,HUNTINGDALE,MONASH,-37.888454,145.10783,2021,4,April,14,Midday,Weekday
T20210007297,2021-04-01,15:36:00,1,Collision with vehicle,4,Thursday,121,RIGHT THROUGH,1,660,T intersection,3,50,Arterial Other,OLINDA-MONBULK,YARRA RANGES,-37.85586,145.36499,2021,4,April,15,Afternoon Peak,Weekday
T20210007289,2021-04-01,11:08:00,1,Collision with vehicle,4,Thursday,111,RIGHT FAR (INTERSECTIONS ONLY),1,25939,Cross intersection,3,80,Freeway,AIRPORT,BRIMBANK,-37.70692,144.86739,2021,4,April,11,Midday,Weekday
T20210007288,2021-04-01,14:27:00,1,Collision with vehicle,4,Thursday,135,LANE CHANGE LEFT (NOT OVERTAKING),1,685389,Not at intersection,3,60,Arterial Other,FLEMINGTON ROAD SERVICE,MELBOURNE,-37.79376,144.94798,2021,4,April,14,Midday,Weekday
T20210007287,2021-04-01,12:58:00,1,Collision with vehicle,4,Thursday,113,RIGHT NEAR (INTERSECTIONS ONLY),1,681551,T intersection,3,60,Local Road,STONEY CREEK,CARDINIA,-38.00179,145.41304,2021,4,April,12,Midday,Weekday
T20210007488,2021-04-01,20:13:00,1,Collision with vehicle,4,Thursday,114,TWO RIGHT TURNING (INTERSECTIONS ONLY),2,685726,Cross intersection,3,50,Local Road,BENT,GLEN EIRA,-37.911224,145.03891,2021,4,April,20,Night,Weekday
T20210007285,2021-04-01,13:45:00,1,Collision with vehicle,4,Thursday,130,REAR END(VEHICLES IN SAME LANE),1,784835,Cross intersection,2,60,Arterial Highway,DARLING,GLENELG,-38.135654,141.62895,2021,4,April,13,Midday,Weekday
T20210007283,2021-04-01,12:25:00,1,Collision with vehicle,4,Thursday,130,REAR END(VEHICLES IN SAME LANE),1,730076,Not at intersection,2,100,Freeway,MONASH,CASEY,-37.985386,145.24883,2021,4,April,12,Midday,Weekday
T20210007273,2021-04-01,10:47:00,1,Collision with vehicle,4,Thursday,130,REAR END(VEHICLES IN SAME LANE),1,680365,Not at intersection,3,100,Arterial Highway,BASS,BASS COAST,-38.567642,145.56267,2021,4,April,10,Midday,Weekday
T20210007270,2021-04-01,10:00:00,6,Vehicle overturned (no collision),4,Thursday,174,OUT OF CONTROL ON CARRIAGEWAY (ON STRAIGHT),1,679702,Not at intersection,3,100,Arterial Other,SNOW,WANGARATTA,-36.463985,146.51678,2021,4,April,10,Midday,Weekday
T20210007265,2021-04-01,08:45:00,1,Collision with vehicle,4,Thursday,111,RIGHT FAR (INTERSECTIONS ONLY),1,997,Cross intersection,3,40,Arterial Other,COBURNS ROAD -HIGH,MELTON,-37.684307,144.56819,2021,4,April,8,Morning Peak,Weekday
T20210007630,2021-04-01,11:00:00,6,Vehicle overturned (no collision),4,Thursday,184,OUT OF CONTROL ON CARRIAGEWAY (ON BEND),1,679957,Not at intersection,3,30,Local Road,AVON,CARDINIA,-37.909924,145.4782,2021,4,April,11,Midday,Weekday
T20210008959,2021-04-01,13:05:00,1,Collision with vehicle,4,Thursday,130,REAR END(VEHICLES IN SAME LANE),1,681436,Not at intersection,2,80,Freeway,MONASH,CASEY,-37.99863,145.28214,2021,4,April,13,Midday,Weekday
T20210008867,2021-04-01,17:40:00,1,Collision with vehicle,4,Thursday,132,RIGHT REAR.,1,48419,T intersection,3,60,Local Road,PRIMROSE,WHITEHORSE,-37.80987,145.14723,2021,4,April,17,Afternoon Peak,Weekday
T20210007656,2021-04-01,12:45:00,1,Collision with vehicle,4,Thursday,133,LANE SIDE SWIPE (VEHICLES IN PARALLEL LANES),1,682305,Not at intersection,3,100,Freeway,MONASH,MONASH,-37.89788,145.1486,2021,4,April,12,Midday,Weekday
T20210010483,2021-04-01,15:15:00,1,Collision with vehicle,4,Thursday,130,REAR END(VEHICLES IN SAME LANE),1,684014,T intersection,3,80,Arterial Highway,BURWOOD,KNOX,-37.885876,145.28433,2021,4,April,15,Afternoon Peak,Weekday