ACCIDENT_NO,ACCIDENT_DATE,ACCIDENT_TIME,ACCIDENT_TYPE,ACCIDENT_TYPE_DESC,DAY_OF_WEEK,DAY_WEEK_DESC,DCA_CODE,DCA_DESC,LIGHT_CONDITION,NODE_ID,ROAD_GEOMETRY_DESC,SEVERITY,SPEED_ZONE,RMA,ROAD_NAME,LGA_NAME,LATITUDE,LONGITUDE,YEAR,MONTH,MONTH_NAME,HOUR,TIME_PERIOD,DAY_TYPE
T20210007662,2021-04-01,18:58:00,1,Collision with vehicle,4,Thursday,130,REAR END(VEHICLES IN SAME LANE),2,338773,Not at intersection,3,50,Local Road,ARTHURS CREEK,NILLUMBIK,-37.637474,145.19125,2021,4,April,18,Afternoon Peak,Weekday
T20210007934,2021-04-01,12:58:00,1,Collision with vehicle,4,Thursday,121,RIGHT THROUGH,1,58352,Cross intersection,3,50,Local Road,CHANNEL,GANNAWARRA,-35.810326,144.21892,2021,4,April,12,Midday,Weekday
T20210009557,2021-04-01,22:00:00,1,Collision with vehicle,4,Thursday,147,VEHICLE STRIKES ANOTHER VEH WHILE EMERGING FROM DRIVEWAY,3,34021,T intersection,3,80,Arterial Highway,BURWOOD,KNOX,-37.870857,145.24144,2021,4,April,22,Night,Weekday
T20210007260,2021-04-01,07:00:00,1,Collision with vehicle,4,Thursday,136,RIGHT TURN SIDESWIPE,2,730075,Not at intersection,3,100,Arterial Highway,MIDLAND,SHEPPARTON,-36.43411,145.07999,2021,4,April,7,Morning Peak,Weekday
T20210007259,2021-04-01,09:15:00,1,Collision with vehicle,4,Thursday,137,LEFT TURN SIDESWIPE,1,44454,Cross intersection,3,40,Local Road,PAKINGTON,GEELONG,-38.141556,144.34813,2021,4,April,9,Morning Peak,Weekday
T20210007255,2021-04-01,05:20:00,1,Collision with vehicle,4,Thursday,154,PULLING OUT -REAR END,5,684639,Not at intersection,1,100,Arterial Highway,NORTHERN,MITCHELL,-36.966892,144.75832,2021,4,April,5,Morning Peak,Weekday
T20210007308,2021-04-01,16:55:00,1,Collision with vehicle,4,Thursday,130,REAR END(VEHICLES IN SAME LANE),1,730077,Not at intersection,3,80,Arterial Other,MAFFRA-SALE,WELLINGTON,-38.082012,147.05301,2021,4,April,16,Afternoon Peak,Weekday
T20210007310,2021-04-01,14:00:00,2,Struck Pedestrian,4,Thursday,109,ANY MANOEUVRE INVOLVING PED NOT INCLUDED IN DCAs 100-108.,1,694743,Not at intersection,2,40,Arterial Other,VICTORIA,YARRA,-37.80964,144.9919,2021,4,April,14,Midday,Weekday
T20210007251,2021-04-01,01:55:00,1,Collision with vehicle,4,Thursday,139,OTHER SAME DIRECTION-MANOUEVRES NOT INCLUDED IN DCAs 130-137,5,730072,Not at intersection,2,40,Freeway,GEELONG RING,GEELONG,-38.116413,144.31923,2021,4,April,1,Late Night,Weekday
T20210007313,2021-04-01,16:32:00,4,Collision with a fixed object,4,Thursday,171,LEFT OFF CARRIAGEWAY INTO OBJECT/PARKED VEHICLE,1,681655,T intersection,3,60,Arterial Other,WARRIGAL,WHITEHORSE,-37.841198,145.09726,2021,4,April,16,Afternoon Peak,Weekday
T20210007314,2021-04-01,16:00:00,1,Collision with vehicle,4,Thursday,130,REAR END(VEHICLES IN SAME LANE),1,680219,Not at intersection,3,100,Arterial Other,BENDIGO-MALDON,BENDIGO,-36.844486,144.15825,2021,4,April,16,Afternoon Peak,Weekday
T20210007316,2021-04-01,09:30:00,1,Collision with vehicle,4,Thursday,130,REAR END(VEHICLES IN SAME LANE),1,684529,Not at intersection,3,100,Freeway,PRINCES,HOBSONS BAY,-37.84593,144.78238,2021,4,April,9,Morning Peak,Weekday
T20210007319,2021-04-01,13:30:00,1,Collision with vehicle,4,Thursday,160,VEHICLE COLLIDES WITH VEHICLE PARKED ON LEFT OF ROAD,1,683456,Not at intersection,3,60,Local Road,TOWNSEND,GEELONG,-38.18144,144.39188,2021,4,April,13,Midday,Weekday
T20210007322,2021-04-01,13:00:00,1,Collision with vehicle,4,Thursday,120,HEAD ON (NOT OVERTAKING),1,680145,Not at intersection,1,100,Local Road,THOMSON DAM ACCESS,BAW BAW,-37.858017,146.38977,2021,4,April,13,Midday,Weekday
T20210007323,2021-04-01,16:40:00,1,Collision with vehicle,4,Thursday,130,REAR END(VEHICLES IN SAME LANE),1,679630,Not at intersection,3,100,Freeway,WESTERN RING,HUME,-37.691906,144.95816,2021,4,April,16,Afternoon Peak,Weekday
T20210007324,2021-04-01,17:40:00,1,Collision with vehicle,4,Thursday,130,REAR END(VEHICLES IN SAME LANE),1,191652,Not at intersection,2,100,Freeway,CALDER,MOONEE VALLEY,-37.731915,144.87883,2021,4,April,17,Afternoon Peak,Weekday
T20210007325,2021-04-01,16:50:00,1,Collision with vehicle,4,Thursday,160,VEHICLE COLLIDES WITH VEHICLE PARKED ON LEFT OF ROAD,1,679559,Not at intersection,3,60,Local Road,WICKHAM,BAYSIDE,-37.943752,145.03107,2021,4,April,16,Afternoon Peak,Weekday
T20210007347,2021-04-01,18:00:00,1,Collision with vehicle,4,Thursday,121,RIGHT THROUGH,1,679513,T intersection,1,100,Arterial Other,YARRA JUNCTION-NOOJEE,BAW BAW,-37.897976,145.95984,2021,4,April,18,Afternoon Peak,Weekday
T20210007348,2021-04-01,21:55:00,6,Vehicle overturned (no collision),4,Thursday,172,OFF CARRIAGEWAY TO RIGHT,5,680832,Not at intersection,3,100,Freeway,WESTERN,MELTON,-37.747726,144.70888,2021,4,April,21,Night,Weekday
T20210007327,2021-04-01,17:00:00,1,Collision with vehicle,4,Thursday,120,HEAD ON (NOT OVERTAKING),1,688124,Not at intersection,3,80,Arterial Highway,GREAT OCEAN,SURF COAST,-38.497356,144.00838,2021,4,April,17,Afternoon Peak,Weekday
T20210007777,2021-04-01,13:50:00,2,Struck Pedestrian,4,Thursday,103,PED PLAYING/LYING/WORKING/STANDING ON CARRIAGEWAY.,1,691638,Not at intersection,2,50,Local Road,GLEADELL,YARRA,-37.81856,145.0015,2021,4,April,13,Midday,Weekday
T20210007372,2021-04-01,07:20:00,1,Collision with vehicle,4,Thursday,130,REAR END(VEHICLES IN SAME LANE),1,680034,Not at intersection,3,60,Arterial Highway,HODDLE,MELBOURNE,-37.812126,144.99094,2021,4,April,7,Morning Peak,Weekday
T20210007328,2021-04-01,16:00:00,4,Collision with a fixed object,4,Thursday,173,RIGHT OFF CARRIAGEWAY INTO OBJECT/PARKED VEHICLE,1,682299,Not at intersection,2,50,Local Road,HYDE,MARIBYRNONG,-37.814598,144.89714,2021,4,April,16,Afternoon Peak,Weekday
T20210007332,2021-04-01,14:30:00,1,Collision with vehicle,4,Thursday,130,REAR END(VEHICLES IN SAME LANE),1,95760,Not at intersection,3,60,Arterial Other,MURRUMBEENA,GLEN EIRA,-37.89726,145.06508,2021,4,April,14,Midday,Weekday
T20210007333,2021-04-01,15:45:00,1,Collision with vehicle,4,Thursday,147,VEHICLE STRIKES ANOTHER VEH WHILE EMERGING FROM DRIVEWAY,1,158346,Not at intersection,2,80,Arterial Other,SKENES CREEK,COLAC OTWAY,-38.71269,143.70866,2021,4,April,15,Afternoon Peak,Weekday
T20210007334,2021-04-01,17:04:00,1,Collision with vehicle,4,Thursday,133,LANE SIDE SWIPE (VEHICLES IN PARALLEL LANES),1,680578,Not at intersection,3,100,Freeway,EASTERN,WHITEHORSE,-37.79805,145.14005,2021,4,April,17,Afternoon Peak,Weekday
T20210007335,2021-04-01,14:13:00,1,Collision with vehicle,4,Thursday,145,REVERSING IN STREAM OF TRAFFIC,1,793,Cross intersection,2,80,Arterial Highway,SPRINGVALE,MONASH,-37.932533,145.15622,2021,4,April,14,Midday,Weekday
T20210007337,2021-04-01,18:05:00,1,Collision with vehicle,4,Thursday,130,REAR END(VEHICLES IN SAME LANE),1,350843,Not at intersection,2,60,Arterial Other,CHANDLER,BOROONDARA,-37.791183,145.02838,2021,4,April,18,Afternoon Peak,Weekday
T20210007339,2021-04-01,18:28:00,1,Collision with vehicle,4,Thursday,130,REAR END(VEHICLES IN SAME LANE),1,686095,Not at intersection,2,60,Arterial Highway,SMITHFIELD,MELBOURNE,-37.792603,144.91753,2021,4,April,18,Afternoon Peak,Weekday
T20210007340,2021-04-01,20:40:00,2,Struck Pedestrian,4,Thursday,100,PED NEAR SIDE. PED HIT BY VEHICLE FROM THE RIGHT.,3,679894,Not at intersection,2,40,Local Road,LONSDALE,MELBOURNE,-37.80972,144.97105,2021,4,April,20,Night,Weekday
T20210007341,2021-04-01,14:45:00,1,Collision with vehicle,4,Thursday,120,HEAD ON (NOT OVERTAKING),1,693934,Not at intersection,3,100,Local Road,ABBEYARD,ALPINE,-36.888767,146.69206,2021,4,April,14,Midday,Weekday
T20210007836,2021-04-01,16:40:00,1,Collision with vehicle,4,Thursday,130,REAR END(VEHICLES IN SAME LANE),1,688843,Not at intersection,3,60,Arterial Other,RALEIGH,MARIBYRNONG,-37.769463,144.8963,2021,4,April,16,Afternoon Peak,Weekday
T20210007344,2021-04-01,20:00:00,1,Collision with vehicle,4,Thursday,110,CROSS TRAFFIC(INTERSECTIONS ONLY),3,679856,Cross intersection,2,50,Local Road,COLLINS,DAREBIN,-37.75574,145.01605,2021,4,April,20,Night,Weekday
T20210012437,2021-04-01,18:04:00,6,Vehicle overturned (no collision),4,Thursday,172,OFF CARRIAGEWAY TO RIGHT,1,686610,Not at intersection,2,100,Arterial Highway,STAWELL-WARRACKNABEAL,NORTHERN GRAMPIANS,-36.924164,142.65584,2021,4,April,18,Afternoon Peak,Weekday
T20210007719,2021-04-02,10:50:00,1,Collision with vehicle,5,Friday,130,REAR END(VEHICLES IN SAME LANE),1,683396,Not at intersection,3,80,Arterial Other,WARRAGUL,SOUTH GIPPSLAND,-38.427887,145.8206,2021,4,April,10,Midday,Weekday
T20210007374,2021-04-02,12:30:00,1,Collision with vehicle,5,Friday,130,REAR END(VEHICLES IN SAME LANE),1,679633,Not at intersection,2,30,Arterial Highway,NEPEAN,FRANKSTON,-38.146637,145.11888,2021,4,April,12,Midday,Weekday
T20210007395,2021-04-02,13:30:00,1,Collision with vehicle,5,Friday,111,RIGHT FAR (INTERSECTIONS ONLY),1,683445,T intersection,2,80,Arterial Other,TRARALGON CREEK,LATROBE,-38.248745,146.54854,2021,4,April,13,Midday,Weekday
T20210007396,2021-04-02,15:38:00,1,Collision with vehicle,5,Friday,130,REAR END(VEHICLES IN SAME LANE),1,682356,Not at intersection,3,60,Arterial Other,ST KILDA,BAYSIDE,-37.892418,144.99054,2021,4,April,15,Afternoon Peak,Weekday
T20210007397,2021-04-02,15:22:00,1,Collision with vehicle,5,Friday,121,RIGHT THROUGH,1,679954,T intersection,3,50,Local Road,QUARTERS,CASEY,-38.097668,145.2489,2021,4,April,15,Afternoon Peak,Weekday
T20210007406,2021-04-02,18:20:00,1,Collision with vehicle,5,Friday,110,CROSS TRAFFIC(INTERSECTIONS ONLY),1,52661,Cross intersection,3,60,Local Road,BURNS,CENTRAL GOLDFIELDS,-37.051514,143.73851,2021,4,April,18,Afternoon Peak,Weekday
T20210007404,2021-04-02,18:42:00,4,Collision with a fixed object,5,Friday,173,RIGHT OFF CARRIAGEWAY INTO OBJECT/PARKED VEHICLE,1,226270,Not at intersection,2,50,Local Road,ELGIN,MELBOURNE,-37.797134,144.96733,2021,4,April,18,Afternoon Peak,Weekday
T20210007401,2021-04-02,16:55:00,1,Collision with vehicle,5,Friday,111,RIGHT FAR (INTERSECTIONS ONLY),1,45997,Cross intersection,2,50,Local Road,SECCULL,KINGSTON,-38.045586,145.14038,2021,4,April,16,Afternoon Peak,Weekday
T20210007366,2021-04-02,08:42:00,1,Collision with vehicle,5,Friday,110,CROSS TRAFFIC(INTERSECTIONS ONLY),1,41651,Cross intersection,2,50,Local Road,CLIFFORD,MONASH,-37.909676,145.10689,2021,4,April,8,Morning Peak,Weekday
T20210007364,2021-04-02,09:23:00,1,Collision with vehicle,5,Friday,110,CROSS TRAFFIC(INTERSECTIONS ONLY),1,50291,Cross intersection,3,80,Local Road,BLUESTONE SCHOOL,GEELONG,-38.26569,144.40442,2021,4,April,9,Morning Peak,Weekday
T20210007358,2021-04-02,05:30:00,1,Collision with vehicle,5,Friday,160,VEHICLE COLLIDES WITH VEHICLE PARKED ON LEFT OF ROAD,5,779949,Not at intersection,3,50,Local Road,BRAYBROOK,CASEY,-38.065994,145.31816,2021,4,April,5,Morning Peak,Weekday
T20210010744,2021-04-02,15:00:00,8,No collision and no object struck,5,Friday,174,OUT OF CONTROL ON CARRIAGEWAY (ON STRAIGHT),1,683201,T intersection,2,80,Arterial Other,MELBOURNE,HEPBURN,-37.43837,143.90977,2021,4,April,15,Afternoon Peak,Weekday
T20210007356,2021-04-02,00:20:00,1,Collision with vehicle,5,Friday,121,RIGHT THROUGH,3,681488,Cross intersection,2,50,Local Road,LIGAR,MORNINGTON PENINSULA,-38.339344,144.95909,2021,4,April,0,Late Night,Weekday
T20210012241,2021-04-02,23:25:00,3,Struck animal,5,Friday,167,STRUCK ANIMAL,6,684505,Not at intersection,3,50,Local Road,BLAKELEY,MOUNT ALEXANDER,-37.044464,144.22675,2021,4,April,23,Night,Weekday
T20210007528,2021-04-02,12:35:00,7,Fall from or in moving vehicle,5,Friday,190,FELL IN/FROM VEHICLE,1,682614,Not at intersection,3,80,Arterial Highway,GREAT OCEAN,SURF COAST,-38.350334,144.25574,2021,4,April,12,Midday,Weekday
T20210007373,2021-04-02,11:55:00,1,Collision with vehicle,5,Friday,114,TWO RIGHT TURNING (INTERSECTIONS ONLY),1,44026,T intersection,2,80,Arterial Other,FRANKSTON-FLINDERS,MORNINGTON PENINSULA,-38.28464,145.1836,2021,4,April,11,Midday,Weekday
T20210007459,2021-04-02,22:20:00,3,Struck animal,5,Friday,167,STRUCK ANIMAL,5,679706,Not at intersection,2,100,Arterial Other,WINCHELSEA-DEANS MARSH,SURF COAST,-38.279892,143.97968,2021,4,April,22,Night,Weekday
T20210007419,2021-04-02,21:03:00,1,Collision with vehicle,5,Friday,113,RIGHT NEAR (INTERSECTIONS ONLY),3,40713,Cross intersection,3,60,Arterial Highway,BURWOOD,WHITEHORSE,-37.851883,145.1324,2021,4,April,21,Night,Weekday
T20210007452,2021-04-02,13:10:00,1,Collision with vehicle,5,Friday,163,VEHICLE STRIKES DOOR OF PARKED/STATIONARY VEHICLE,1,681119,Not at intersection,3,60,Local Road,ESPLANADE,BAYSIDE,-37.926826,144.9899,2021,4,April,13,Midday,Weekday
T20210007446,2021-04-02,14:22:00,1,Collision with vehicle,5,Friday,142,LEAVING PARKING,1,781109,Not at intersection,3,60,Arterial Highway,DOOEN,HORSHAM,-36.701454,142.21794,2021,4,April,14,Midday,Weekday
T20210007440,2021-04-02,07:15:00,3,Struck animal,5,Friday,167,STRUCK ANIMAL,1,681179,Not at intersection,3,100,Local Road,VALLEY,MITCHELL,-37.077587,144.59645,2021,4,April,7,Morning Peak,Weekday
T20210007413,2021-04-02,20:20:00,1,Collision with vehicle,5,Friday,160,VEHICLE COLLIDES WITH VEHICLE PARKED ON LEFT OF ROAD,3,680580,Not at intersection,3,50,Local Road,CHAPMAN,WHITEHORSE,-37.80193,145.14348,2021,4,April,20,Night,Weekday
T20210007392,2021-04-02,16:00:00,4,Collision with a fixed object,5,Friday,183,OFF LEFT BEND INTO OBJECT/PARKED VEHICLE,1,679893,Not at intersection,2,60,Arterial Other,HEIDELBERG-KINGLAKE,NILLUMBIK,-37.575794,145.29224,2021,4,April,16,Afternoon Peak,Weekday
T20210007409,2021-04-02,18:43:00,1,Collision with vehicle,5,Friday,147,VEHICLE STRIKES ANOTHER VEH WHILE EMERGING FROM DRIVEWAY,2,353658,T intersection,3,80,Arterial Other,AINSDALE,KNOX,-37.848476,145.23013,2021,4,April,18,Afternoon Peak,Weekday
T20210007375,2021-04-02,12:55:00,1,Collision with vehicle,5,Friday,130,REAR END(VEHICLES IN SAME LANE),1,46857,Cross intersection,2,80,Arterial Highway,GEELONG,HOBSONS BAY,-37.820576,144.83546,2021,4,April,12,Midday,Weekday
T20210009305,2021-04-02,10:36:00,1,Collision with vehicle,5,Friday,130,REAR END(VEHICLES IN SAME LANE),1,685307,Not at intersection,3,100,Freeway,PRINCES,GEELONG,-38.040165,144.41252,2021,4,April,10,Midday,Weekday
T20210007377,2021-04-02,12:24:00,1,Collision with vehicle,5,Friday,135,LANE CHANGE LEFT (NOT OVERTAKING),1,684523,Not at intersection,2,80,Freeway,MONASH,STONNINGTON,-37.849907,145.049,2021,4,April,12,Midday,Weekday
T20210007385,2021-04-02,11:22:00,1,Collision with vehicle,5,Friday,113,RIGHT NEAR (INTERSECTIONS ONLY),1,679953,T intersection,2,60,Arterial Other,AUBURN,BOROONDARA,-37.818943,145.0457,2021,4,April,11,Midday,Weekday
T20210018867,2021-04-02,07:00:00,3,Struck animal,5,Friday,167,STRUCK ANIMAL,5,692355,Not at intersection,3,100,Arterial Highway,SOUTH GIPPSLAND,WELLINGTON,-38.42323,146.9565,2021,4,April,7,Morning Peak,Weekday
T20210011106,2021-04-02,17:00:00,8,No collision and no object struck,5,Friday,180,OFF CARRIAGEWAY ON RIGHT BEND,1,683560,Not at intersection,3,100,Local Road,BROADFORD-GLENAROUA,MITCHELL,-37.11772,144.95988,2021,4,April,17,Afternoon Peak,Weekday
T20210007389,2021-04-02,14:45:00,2,Struck Pedestrian,5,Friday,107,PED ON FOOTHPATH STRUCK BY VEHENTERING/LEAVING DRIVEWAY.,1,689951,Not at intersection,2,50,Local Road,BURY,STRATHBOGIE,-36.753674,145.57086,2021,4,April,14,Midday,Weekday
T20210007391,2021-04-02,15:00:00,1,Collision with vehicle,5,Friday,122,LEFT THROUGH,1,680297,T intersection,3,50,Local Road,KARDINIA,BRIMBANK,-37.744404,144.77148,2021,4,April,15,Afternoon Peak,Weekday
T20210007584,2021-04-02,17:00:00,1,Collision with vehicle,5,Friday,130,REAR END(VEHICLES IN SAME LANE),1,681176,Not at intersection,3,80,Arterial Highway,SPRINGVALE,DANDENONG,-37.995304,145.14381,2021,4,April,17,Afternoon Peak,Weekday
T20210007394,2021-04-02,16:20:00,4,Collision with a fixed object,5,Friday,173,RIGHT OFF CARRIAGEWAY INTO OBJECT/PARKED VEHICLE,1,683710,Not at intersection,2,60,Local Road,MCKEAN,EAST GIPPSLAND,-37.82752,147.60678,2021,4,April,16,Afternoon Peak,Weekday
T20210007854,2021-04-03,10:45:00,2,Struck Pedestrian,6,Saturday,100,PED NEAR SIDE. PED HIT BY VEHICLE FROM THE RIGHT.,1,37788,Cross intersection,2,60,Arterial Other,ORRONG,STONNINGTON,-37.841675,145.01384,2021,4,April,10,Midday,Weekend
T20210007425,2021-04-03,04:10:00,4,Collision with a fixed object,6,Saturday,173,RIGHT OFF CARRIAGEWAY INTO OBJECT/PARKED VEHICLE,3,35531,Cross intersection,3,80,Arterial Other,CANTERBURY,MAROONDAH,-37.83233,145.21335,2021,4,April,4,Late Night,Weekend
T20210008106,2021-04-03,12:50:00,1,Collision with vehicle,6,Saturday,121,RIGHT THROUGH,1,38311,Cross intersection,3,60,Local Road,HIGH,MANNINGHAM,-37.76799,145.11852,2021,4,April,12,Midday,Weekend
T20210007422,2021-04-03,01:47:00,1,Collision with vehicle,6,Saturday,130,REAR END(VEHICLES IN SAME LANE),6,730084,Not at intersection,2,100,Freeway,PENINSULA LINK,MORNINGTON PENINSULA,-38.212517,145.12999,2021,4,April,1,Late Night,Weekend
T20210007531,2021-04-03,19:00:00,4,Collision with a fixed object,6,Saturday,173,RIGHT OFF CARRIAGEWAY INTO OBJECT/PARKED VEHICLE,1,679892,Not at intersection,2,100,Local Road,MYWEE-KOONOOMOO,MOIRA,-35.870872,145.49983,2021,4,April,19,Night,Weekend
T20210007530,2021-04-03,23:50:00,1,Collision with vehicle,6,Saturday,121,RIGHT THROUGH,4,234609,Cross intersection,3,70,Arterial Highway,WELLINGTON,MONASH,-37.91615,145.14015,2021,4,April,23,Night,Weekend
T20210007483,2021-04-03,21:34:00,1,Collision with vehicle,6,Saturday,113,RIGHT NEAR (INTERSECTIONS ONLY),3,304268,Multiple intersection,3,60,Freeway,EASTERN IN-CHANDLER,BOROONDARA,-37.79205,145.02989,2021,4,April,21,Night,Weekend
T20210009331,2021-04-03,11:55:00,1,Collision with vehicle,6,Saturday,130,REAR END(VEHICLES IN SAME LANE),1,681881,Not at intersection,3,100,Freeway,PRINCES,WYNDHAM,-37.871456,144.74506,2021,4,April,11,Midday,Weekend
T20210008494,2021-04-03,13:30:00,1,Collision with vehicle,6,Saturday,130,REAR END(VEHICLES IN SAME LANE),1,90354,Not at intersection,3,60,Arterial Other,BEACONSFIELD,PORT PHILLIP,-37.85834,144.97002,2021,4,April,13,Midday,Weekend
T20210007482,2021-04-03,21:12:00,1,Collision with vehicle,6,Saturday,121,RIGHT THROUGH,3,20017,Cross intersection,2,60,Arterial Highway,HIGH,BENDIGO,-36.76339,144.27068,2021,4,April,21,Night,Weekend
T20210007822,2021-04-03,14:10:00,1,Collision with vehicle,6,Saturday,146,REVERSING INTO FIXED OBJECT/PARKED VEHICLE,1,680229,Not at intersection,3,50,Local Road,KALAWAR,MAROONDAH,-37.827637,145.2928,2021,4,April,14,Midday,Weekend
T20210007481,2021-04-03,20:35:00,1,Collision with vehicle,6,Saturday,120,HEAD ON (NOT OVERTAKING),3,746122,Not at intersection,2,50,Local Road,CENTRE,CASEY,-38.049812,145.33188,2021,4,April,20,Night,Weekend
T20210007635,2021-04-03,10:45:00,4,Collision with a fixed object,6,Saturday,173,RIGHT OFF CARRIAGEWAY INTO OBJECT/PARKED VEHICLE,1,681700,Not at intersection,2,70,Arterial Highway,NEPEAN,FRANKSTON,-38.132614,145.1248,2021,4,April,10,Midday,Weekend
T20210007474,2021-04-03,17:12:00,1,Collision with vehicle,6,Saturday,110,CROSS TRAFFIC(INTERSECTIONS ONLY),1,680035,Cross intersection,2,100,Arterial Other,CAPE OTWAY,SURF COAST,-38.21218,144.21805,2021,4,April,17,Afternoon Peak,Weekend
T20210007473,2021-04-03,15:27:00,1,Collision with vehicle,6,Saturday,136,RIGHT TURN SIDESWIPE,1,681079,Not at intersection,3,60,Arterial Other,BARRY,HUME,-37.666164,144.94402,2021,4,April,15,Afternoon Peak,Weekend
T20210007430,2021-04-03,08:03:00,4,Collision with a fixed object,6,Saturday,181,OFF RIGHT BEND INTO OBJECT/PARKED VEHICLE,1,679891,Not at intersection,2,100,Arterial Highway,CALDER ALTERNATIVE,BENDIGO,-36.786335,144.15384,2021,4,April,8,Morning Peak,Weekend
T20210007484,2021-04-03,18:55:00,1,Collision with vehicle,6,Saturday,110,CROSS TRAFFIC(INTERSECTIONS ONLY),1,36056,Cross intersection,2,80,Arterial Other,DERRIMUT,WYNDHAM,-37.819614,144.6936,2021,4,April,18,Afternoon Peak,Weekend
T20210007521,2021-04-03,19:05:00,8,No collision and no object struck,6,Saturday,174,OUT OF CONTROL ON CARRIAGEWAY (ON STRAIGHT),2,696783,Not at intersection,3,50,Local Road,WILLIAMS,LATROBE,-38.224403,146.4236,2021,4,April,19,Night,Weekend
T20210007486,2021-04-03,14:40:00,1,Collision with vehicle,6,Saturday,131,LEFT REAR,1,730088,Not at intersection,2,50,Local Road,FRAWLEY,CASEY,-37.996338,145.24977,2021,4,April,14,Midday,Weekend
T20210007679,2021-04-03,21:48:00,1,Collision with vehicle,6,Saturday,110,CROSS TRAFFIC(INTERSECTIONS ONLY),5,682835,Cross intersection,3,100,Arterial Other,BRIDGEWATER-MALDON,LODDON,-36.647446,143.94048,2021,4,April,21,Night,Weekend
T20210007471,2021-04-03,14:20:00,4,Collision with a fixed object,6,Saturday,171,LEFT OFF CARRIAGEWAY INTO OBJECT/PARKED VEHICLE,1,684037,Not at intersection,1,100,Local Road,RIFLE BUTTS,COLAC OTWAY,-38.366585,143.83249,2021,4,April,14,Midday,Weekend
T20210007489,2021-04-03,22:20:00,6,Vehicle overturned (no collision),6,Saturday,172,OFF CARRIAGEWAY TO RIGHT,5,698410,Not at intersection,2,100,Arterial Highway,MAROONDAH,MANSFIELD,-37.029842,145.98187,2021,4,April,22,Night,Weekend
T20210007434,2021-04-03,07:49:00,6,Vehicle overturned (no collision),6,Saturday,170,OFF CARRIAGEWAY TO LEFT,1,683006,Not at intersection,3,100,Arterial Other,CASTERTON-APSLEY,GLENELG,-37.560753,141.37685,2021,4,April,7,Morning Peak,Weekend
T20210007466,2021-04-03,16:11:00,1,Collision with vehicle,6,Saturday,110,CROSS TRAFFIC(INTERSECTIONS ONLY),1,50294,Cross intersection,3,60,Arterial Other,THE PARADE,GEELONG,-38.267033,144.52747,2021,4,April,16,Afternoon Peak,Weekend
T20210007432,2021-04-03,09:45:00,1,Collision with vehicle,6,Saturday,132,RIGHT REAR.,1,682631,Not at intersection,3,70,Arterial Other,MAIN,MACEDON RANGES,-37.354122,144.7434,2021,4,April,9,Morning Peak,Weekend
T20210007505,2021-04-03,12:45:00,6,Vehicle overturned (no collision),6,Saturday,174,OUT OF CONTROL ON CARRIAGEWAY (ON STRAIGHT),1,47503,T intersection,2,60,Local Road,MCCORMICKS,FRANKSTON,-38.11106,145.19519,2021,4,April,12,Midday,Weekend
T20210013638,2021-04-03,13:30:00,6,Vehicle overturned (no collision),6,Saturday,170,OFF CARRIAGEWAY TO LEFT,9,687795,Cross intersection,3,40,Arterial Other,FITZROY,PORT PHILLIP,-37.85978,144.97737,2021,4,April,13,Midday,Weekend
T20210007457,2021-04-03,06:30:00,6,Vehicle overturned (no collision),6,Saturday,170,OFF CARRIAGEWAY TO LEFT,5,679733,Not at intersection,1,100,Local Road,ANNUELLO-WEMEN,SWAN HILL,-34.797325,142.63913,2021,4,April,6,Morning Peak,Weekend
T20210007454,2021-04-03,12:00:00,1,Collision with vehicle,6,Saturday,159,OTHER OVERTAKING MANOEUVRES NOT INCLUDED IN DCAs 150-154,1,679955,Not at intersection,2,60,Arterial Other,ASCOT VALE,MOONEE VALLEY,-37.76729,144.92482,2021,4,April,12,Midday,Weekend
T20210007451,2021-04-03,12:50:00,1,Collision with vehicle,6,Saturday,113,RIGHT NEAR (INTERSECTIONS ONLY),1,43636,T intersection,2,50,Local Road,DARLING,CASEY,-38.033607,145.3138,2021,4,April,12,Midday,Weekend
T20210007509,2021-04-03,17:00:00,1,Collision with vehicle,6,Saturday,140,U TURN,1,44268,T intersection,3,70,Arterial Other,PAKENHAM ROAD -WOORI YALLOCK,CARDINIA,-37.92827,145.49246,2021,4,April,17,Afternoon Peak,Weekend
T20210007444,2021-04-03,12:45:00,4,Collision with a fixed object,6,Saturday,183,OFF LEFT BEND INTO OBJECT/PARKED VEHICLE,1,681064,Not at intersection,2,80,Local Road,KILLARA,YARRA RANGES,-37.75484,145.48972,2021,4,April,12,Midday,Weekend
T20210007443,2021-04-03,11:45:00,1,Collision with vehicle,6,Saturday,121,RIGHT THROUGH,1,57703,T intersection,2,80,Arterial Other,VENTNOR,BASS COAST,-38.4966,145.16043,2021,4,April,11,Midday,Weekend
T20210007442,2021-04-03,10:15:00,1,Collision with vehicle,6,Saturday,120,HEAD ON (NOT OVERTAKING),1,680220,Not at intersection,3,80,Arterial Highway,GREAT ALPINE,(MOUNT HOTHAM),-37.005154,147.08508,2021,4,April,10,Midday,Weekend
T20210007467,2021-04-03,15:10:00,1,Collision with vehicle,6,Saturday,153,CUTTING IN (OVERTAKING),1,781112,Cross intersection,3,80,Arterial Other,BERWICK-CRANBOURNE ROAD -HEATHER,CASEY,-38.11077,145.32838,2021,4,April,15,Afternoon Peak,Weekend
T20210007583,2021-04-03,21:30:00,2,Struck Pedestrian,6,Saturday,103,PED PLAYING/LYING/WORKING/STANDING ON CARRIAGEWAY.,3,684479,T intersection,2,50,Local Road,MONCTON,HUME,-37.538628,144.89749,2021,4,April,21,Night,Weekend