ACCIDENT_NO,ACCIDENT_DATE,ACCIDENT_TIME,ACCIDENT_TYPE,ACCIDENT_TYPE_DESC,DAY_OF_WEEK,DAY_WEEK_DESC,DCA_CODE,DCA_DESC,LIGHT_CONDITION,NODE_ID,ROAD_GEOMETRY_DESC,SEVERITY,SPEED_ZONE,RMA,ROAD_NAME,LGA_NAME,LATITUDE,LONGITUDE,YEAR,MONTH,MONTH_NAME,HOUR,TIME_PERIOD,DAY_TYPE
T20210012775,2021-04-03,19:00:00,5,collision with some other object,6,Saturday,166,STRUCK OBJECT ON CARRIAGEWAY,5,700407,Not at intersection,2,50,Local Road,MOWBRAY,KNOX,-37.882458,145.22346,2021,4,April,19,Night,Weekend
T20210008803,2021-04-03,16:07:00,1,Collision with vehicle,6,Saturday,130,REAR END(VEHICLES IN SAME LANE),1,684762,T intersection,3,80,Arterial Other,WELLINGTON,YARRA RANGES,-37.94955,145.32907,2021,4,April,16,Afternoon Peak,Weekend
T20210007433,2021-04-03,09:54:00,8,No collision and no object struck,6,Saturday,174,OUT OF CONTROL ON CARRIAGEWAY (ON STRAIGHT),1,681075,Not at intersection,3,50,Local Road,THE ESPLANADE,SURF COAST,-38.33081,144.32661,2021,4,April,9,Morning Peak,Weekend
T20210007512,2021-04-04,09:44:00,1,Collision with vehicle,7,Sunday,121,RIGHT THROUGH,1,50313,Cross intersection,3,80,Local Road,BLACKGATE,SURF COAST,-38.285755,144.40051,2021,4,April,9,Morning Peak,Weekend
T20210007835,2021-04-04,07:50:00,1,Collision with vehicle,7,Sunday,121,RIGHT THROUGH,2,52716,Cross intersection,3,50,Arterial Other,CENTRAL SPRINGS ROAD -VINCENT,HEPBURN,-37.34359,144.14232,2021,4,April,7,Morning Peak,Weekend
T20210007511,2021-04-04,10:20:00,1,Collision with vehicle,7,Sunday,110,CROSS TRAFFIC(INTERSECTIONS ONLY),1,684171,Cross intersection,3,100,Local Road,CARRARAGARMUNGEE ESTATE,WANGARATTA,-36.32948,146.45956,2021,4,April,10,Midday,Weekend
T20210007507,2021-04-04,09:25:00,1,Collision with vehicle,7,Sunday,130,REAR END(VEHICLES IN SAME LANE),1,61173,T intersection,3,70,Arterial Other,NORTH OATLANDS,NILLUMBIK,-37.64304,145.13162,2021,4,April,9,Morning Peak,Weekend
T20210007503,2021-04-04,06:00:00,1,Collision with vehicle,7,Sunday,160,VEHICLE COLLIDES WITH VEHICLE PARKED ON LEFT OF ROAD,5,781113,Not at intersection,3,50,Local Road,MALBEC,BALLARAT,-37.593487,143.86794,2021,4,April,6,Morning Peak,Weekend
T20210007499,2021-04-04,00:34:00,1,Collision with vehicle,7,Sunday,133,LANE SIDE SWIPE (VEHICLES IN PARALLEL LANES),3,702592,Not at intersection,2,80,Arterial Other,SYDNEY,HUME,-37.66711,144.9551,2021,4,April,0,Late Night,Weekend
T20210007492,2021-04-04,00:36:00,4,Collision with a fixed object,7,Sunday,194,PARKED CAR RUN AWAY,5,689548,Not at intersection,2,50,Local Road,CORLESS,YARRA RANGES,-37.78042,145.39168,2021,4,April,0,Late Night,Weekend
T20210007556,2021-04-04,18:25:00,2,Struck Pedestrian,7,Sunday,105,PED WALKING AGAINST TRAFFIC.,2,682009,Not at intersection,2,100,Freeway,PRINCES,CARDINIA,-38.090893,145.46895,2021,4,April,18,Afternoon Peak,Weekend
T20210007555,2021-04-04,19:20:00,1,Collision with vehicle,7,Sunday,160,VEHICLE COLLIDES WITH VEHICLE PARKED ON LEFT OF ROAD,3,687690,Not at intersection,2,50,Local Road,AVOCA,PORT PHILLIP,-37.873676,144.98521,2021,4,April,19,Night,Weekend
T20210007553,2021-04-04,21:45:00,4,Collision with a fixed object,7,Sunday,181,OFF RIGHT BEND INTO OBJECT/PARKED VEHICLE,3,681348,Not at intersection,3,50,Local Road,UNION,BENDIGO,-36.75332,144.25587,2021,4,April,21,Night,Weekend
T20210007552,2021-04-04,19:00:00,1,Collision with vehicle,7,Sunday,140,U TURN,3,681349,Not at intersection,2,50,Local Road,ALMA,PORT PHILLIP,-37.861774,144.99403,2021,4,April,19,Night,Weekend
T20210007551,2021-04-04,17:30:00,1,Collision with vehicle,7,Sunday,113,RIGHT NEAR (INTERSECTIONS ONLY),2,681789,T intersection,2,50,Local Road,STRABANE,BOROONDARA,-37.806953,145.10413,2021,4,April,17,Afternoon Peak,Weekend
T20210007550,2021-04-04,18:50:00,4,Collision with a fixed object,7,Sunday,171,LEFT OFF CARRIAGEWAY INTO OBJECT/PARKED VEHICLE,6,730091,T intersection,3,50,Local Road,UNION,MANNINGHAM,-37.75524,145.11536,2021,4,April,18,Afternoon Peak,Weekend
T20210007549,2021-04-04,19:30:00,3,Struck animal,7,Sunday,167,STRUCK ANIMAL,5,684792,Not at intersection,2,60,Local Road,JUMPING CREEK,MANNINGHAM,-37.740543,145.23953,2021,4,April,19,Night,Weekend
T20210007548,2021-04-04,20:00:00,1,Collision with vehicle,7,Sunday,130,REAR END(VEHICLES IN SAME LANE),3,730090,Cross intersection,3,40,Arterial Other,SYDNEY,MORELAND,-37.757412,144.96378,2021,4,April,20,Night,Weekend
T20210007546,2021-04-04,16:23:00,3,Struck animal,7,Sunday,167,STRUCK ANIMAL,1,679859,Not at intersection,2,80,Arterial Other,WINCHELSEA-DEANS MARSH,SURF COAST,-38.368366,143.93541,2021,4,April,16,Afternoon Peak,Weekend
T20210007542,2021-04-04,17:50:00,4,Collision with a fixed object,7,Sunday,181,OFF RIGHT BEND INTO OBJECT/PARKED VEHICLE,1,681345,Not at intersection,2,80,Arterial Highway,MORTLAKE-ARARAT,ARARAT,-37.30378,142.92195,2021,4,April,17,Afternoon Peak,Weekend
T20210007645,2021-04-04,08:30:00,1,Collision with vehicle,7,Sunday,113,RIGHT NEAR (INTERSECTIONS ONLY),1,196842,Cross intersection,3,60,Arterial Highway,CHELTENHAM,DANDENONG,-37.992928,145.16298,2021,4,April,8,Morning Peak,Weekend
T20210007537,2021-04-04,15:50:00,4,Collision with a fixed object,7,Sunday,173,RIGHT OFF CARRIAGEWAY INTO OBJECT/PARKED VEHICLE,1,689455,Not at intersection,2,80,Arterial Other,FRANKSTON-FLINDERS,MORNINGTON PENINSULA,-38.386524,145.09857,2021,4,April,15,Afternoon Peak,Weekend
T20210007535,2021-04-04,14:00:00,1,Collision with vehicle,7,Sunday,131,LEFT REAR,1,51967,T intersection,3,80,Arterial Highway,MAIN STREET -PRINCES,EAST GIPPSLAND,-37.843487,147.58871,2021,4,April,14,Midday,Weekend
T20210007534,2021-04-04,14:45:00,1,Collision with vehicle,7,Sunday,130,REAR END(VEHICLES IN SAME LANE),1,681120,Not at intersection,2,80,Freeway,WEST GATE,MELBOURNE,-37.82636,144.93091,2021,4,April,14,Midday,Weekend
T20210007643,2021-04-04,00:30:00,3,Struck animal,7,Sunday,167,STRUCK ANIMAL,5,680040,Not at intersection,3,100,Arterial Other,WHITTLESEA-YEA,MURRINDINDI,-37.37379,145.28091,2021,4,April,0,Late Night,Weekend
T20210007529,2021-04-04,02:25:00,2,Struck Pedestrian,7,Sunday,102,FAR SIDE. PED HIT BY VEHICLE FROM THE LEFT,3,679858,Cross intersection,2,60,Arterial Other,CLARENDON,MELBOURNE,-37.827606,144.95808,2021,4,April,2,Late Night,Weekend
T20210007595,2021-04-04,11:00:00,4,Collision with a fixed object,7,Sunday,171,LEFT OFF CARRIAGEWAY INTO OBJECT/PARKED VEHICLE,1,680037,Not at intersection,3,80,Arterial Highway,MAROONDAH,MURRINDINDI,-37.380905,145.71176,2021,4,April,11,Midday,Weekend
T20210012403,2021-04-04,16:46:00,1,Collision with vehicle,7,Sunday,130,REAR END(VEHICLES IN SAME LANE),1,730261,Not at intersection,3,80,Freeway,WEST GATE,HOBSONS BAY,-37.828026,144.89551,2021,4,April,16,Afternoon Peak,Weekend
T20210007527,2021-04-04,14:40:00,1,Collision with vehicle,7,Sunday,140,U TURN,1,680474,Not at intersection,3,60,Local Road,BENTINCK,GLENELG,-38.33513,141.60689,2021,4,April,14,Midday,Weekend
T20210007533,2021-04-04,16:00:00,4,Collision with a fixed object,7,Sunday,183,OFF LEFT BEND INTO OBJECT/PARKED VEHICLE,1,683101,Not at intersection,3,40,Arterial Other,ALBION STREET -NICHOLSON,MORELAND,-37.762703,144.9791,2021,4,April,16,Afternoon Peak,Weekend
T20210007620,2021-04-04,01:00:00,1,Collision with vehicle,7,Sunday,113,RIGHT NEAR (INTERSECTIONS ONLY),9,730093,T intersection,3,60,Local Road,EUREKA,WYNDHAM,-37.87145,144.60092,2021,4,April,1,Late Night,Weekend
T20210007626,2021-04-04,12:30:00,4,Collision with a fixed object,7,Sunday,171,LEFT OFF CARRIAGEWAY INTO OBJECT/PARKED VEHICLE,1,41142,T intersection,3,50,Arterial Other,WOODLAND,MOONEE VALLEY,-37.74193,144.91385,2021,4,April,12,Midday,Weekend
T20210008723,2021-04-04,16:00:00,4,Collision with a fixed object,7,Sunday,181,OFF RIGHT BEND INTO OBJECT/PARKED VEHICLE,1,735364,Not at intersection,2,80,Local Road,LONGWOOD-RUFFY,STRATHBOGIE,-36.947662,145.4833,2021,4,April,16,Afternoon Peak,Weekend
T20210007870,2021-04-04,10:06:00,1,Collision with vehicle,7,Sunday,160,VEHICLE COLLIDES WITH VEHICLE PARKED ON LEFT OF ROAD,1,681272,Not at intersection,3,60,Arterial Other,BEACH,BAYSIDE,-37.990955,145.02956,2021,4,April,10,Midday,Weekend
T20210007524,2021-04-04,15:00:00,6,Vehicle overturned (no collision),7,Sunday,174,OUT OF CONTROL ON CARRIAGEWAY (ON STRAIGHT),1,679890,T intersection,2,60,Local Road,VICTORIA,INDIGO,-36.012547,146.40115,2021,4,April,15,Afternoon Peak,Weekend
T20210007570,2021-04-04,11:00:00,4,Collision with a fixed object,7,Sunday,181,OFF RIGHT BEND INTO OBJECT/PARKED VEHICLE,1,682963,Not at intersection,2,100,Local Road,OLD DEPOT COOPERS,BAW BAW,-37.961304,146.4087,2021,4,April,11,Midday,Weekend
T20210010752,2021-04-04,12:10:00,4,Collision with a fixed object,7,Sunday,179,OTHER ACCIDENTS-OFF STRAIGHT NOT INCLUDED IN DCAs 170-175,1,291463,T intersection,3,50,Local Road,WESTMEADOWS,WYNDHAM,-37.84214,144.71587,2021,4,April,12,Midday,Weekend
T20210018823,2021-04-04,18:00:00,7,Fall from or in moving vehicle,7,Sunday,190,FELL IN/FROM VEHICLE,2,692244,Not at intersection,3,100,Local Road,MCKENZIE,BAW BAW,-37.94663,146.00284,2021,4,April,18,Afternoon Peak,Weekend
T20210007514,2021-04-04,09:47:00,1,Collision with vehicle,7,Sunday,171,LEFT OFF CARRIAGEWAY INTO OBJECT/PARKED VEHICLE,1,693243,Not at intersection,2,60,Local Road,ATHOL,DANDENONG,-37.972183,145.15767,2021,4,April,9,Morning Peak,Weekend
T20210018132,2021-04-04,19:15:00,1,Collision with vehicle,7,Sunday,110,CROSS TRAFFIC(INTERSECTIONS ONLY),3,617592,Cross intersection,2,80,Arterial Highway,PRINCES,BAW BAW,-38.205894,146.16615,2021,4,April,19,Night,Weekend
T20210007513,2021-04-04,08:33:00,1,Collision with vehicle,7,Sunday,121,RIGHT THROUGH,1,295599,T intersection,3,60,Arterial Other,SCORESBY,KNOX,-37.84452,145.2701,2021,4,April,8,Morning Peak,Weekend
T20210007581,2021-04-04,14:43:00,8,No collision and no object struck,7,Sunday,170,OFF CARRIAGEWAY TO LEFT,1,36914,Cross intersection,2,80,Arterial Other,SOMERVILLE,BRIMBANK,-37.805794,144.81874,2021,4,April,14,Midday,Weekend
T20210015110,2021-04-05,15:05:00,1,Collision with vehicle,1,Monday,121,RIGHT THROUGH,1,65851,Cross intersection,2,40,Arterial Other,SPENCER,MELBOURNE,-37.813168,144.95143,2021,4,April,15,Afternoon Peak,Weekday
T20210007604,2021-04-05,15:00:00,6,Vehicle overturned (no collision),1,Monday,174,OUT OF CONTROL ON CARRIAGEWAY (ON STRAIGHT),1,680475,Not at intersection,2,60,Arterial Highway,HIGH,BENDIGO,-36.761005,144.27441,2021,4,April,15,Afternoon Peak,Weekday
T20210007602,2021-04-05,16:00:00,1,Collision with vehicle,1,Monday,137,LEFT TURN SIDESWIPE,1,38051,Cross intersection,3,60,Arterial Other,HEIDELBERG,DAREBIN,-37.7834,145.01738,2021,4,April,16,Afternoon Peak,Weekday
T20210007601,2021-04-05,14:40:00,6,Vehicle overturned (no collision),1,Monday,180,OFF CARRIAGEWAY ON RIGHT BEND,1,50755,Cross intersection,2,100,Arterial Highway,PRINCES,COLAC OTWAY,-38.32504,143.62726,2021,4,April,14,Midday,Weekday
T20210007577,2021-04-05,11:06:00,2,Struck Pedestrian,1,Monday,103,PED PLAYING/LYING/WORKING/STANDING ON CARRIAGEWAY.,1,680222,Not at intersection,3,50,Local Road,BLACK WATTLE,BENDIGO,-36.708443,144.30785,2021,4,April,11,Midday,Weekday
T20210007600,2021-04-05,11:53:00,8,No collision and no object struck,1,Monday,184,OUT OF CONTROL ON CARRIAGEWAY (ON BEND),1,683007,T intersection,2,40,Local Road,NEW,MAROONDAH,-37.826355,145.22052,2021,4,April,11,Midday,Weekday
T20210007599,2021-04-05,11:05:00,4,Collision with a fixed object,1,Monday,175,OFF END OF ROAD/T-INTERSECTION.,1,687790,T intersection,2,50,Local Road,BOTANIC RIDGE,CASEY,-38.14538,145.24916,2021,4,April,11,Midday,Weekday
T20210007596,2021-04-05,15:35:00,4,Collision with a fixed object,1,Monday,171,LEFT OFF CARRIAGEWAY INTO OBJECT/PARKED VEHICLE,1,681356,Not at intersection,3,60,Local Road,NEW,BAYSIDE,-37.907463,144.99257,2021,4,April,15,Afternoon Peak,Weekday
T20210007593,2021-04-05,14:00:00,1,Collision with vehicle,1,Monday,110,CROSS TRAFFIC(INTERSECTIONS ONLY),1,73098,Cross intersection,3,50,Local Road,ELGIN,LATROBE,-38.24054,146.40395,2021,4,April,14,Midday,Weekday
T20210007579,2021-04-05,11:41:00,1,Collision with vehicle,1,Monday,130,REAR END(VEHICLES IN SAME LANE),1,685218,Not at intersection,2,80,Arterial Highway,STUD,KNOX,-37.922543,145.23419,2021,4,April,11,Midday,Weekday
T20210007592,2021-04-05,14:15:00,1,Collision with vehicle,1,Monday,130,REAR END(VEHICLES IN SAME LANE),1,45208,Cross intersection,3,60,Arterial Other,GEELONG-BACCHUS MARSH,MOORABOOL,-37.753193,144.44313,2021,4,April,14,Midday,Weekday
T20210007571,2021-04-05,10:00:00,1,Collision with vehicle,1,Monday,130,REAR END(VEHICLES IN SAME LANE),1,763480,T intersection,4,40,Arterial Other,MALVERN,STONNINGTON,-37.847015,144.99522,2021,4,April,10,Midday,Weekday
T20210007920,2021-04-05,18:30:00,8,No collision and no object struck,1,Monday,174,OUT OF CONTROL ON CARRIAGEWAY (ON STRAIGHT),5,681656,Not at intersection,3,100,Local Road,LOCKINGTON,CAMPASPE,-36.304424,144.53009,2021,4,April,18,Afternoon Peak,Weekday
T20210012377,2021-04-05,11:45:00,1,Collision with vehicle,1,Monday,130,REAR END(VEHICLES IN SAME LANE),1,684770,Not at intersection,3,100,Arterial Highway,WESTERN,PYRENEES,-37.42668,143.35905,2021,4,April,11,Midday,Weekday
T20210007561,2021-04-05,02:01:00,4,Collision with a fixed object,1,Monday,175,OFF END OF ROAD/T-INTERSECTION.,4,46137,T intersection,2,50,Local Road,HAUGHTON,MONASH,-37.906128,145.09558,2021,4,April,2,Late Night,Weekday
T20210009546,2021-04-05,10:30:00,3,Struck animal,1,Monday,167,STRUCK ANIMAL,1,59951,T intersection,2,60,Arterial Other,ALLANS ROAD -BENDIGO-MALDON,MOUNT ALEXANDER,-36.989185,144.0926,2021,4,April,10,Midday,Weekday
T20210007569,2021-04-05,09:54:00,8,No collision and no object struck,1,Monday,189,OTHER ACCIDENTS ON CURVE NOT INCLUDED IN DCAs 180-184,1,680135,T intersection,2,100,Local Road,BOGGY CREEK,MURRINDINDI,-37.408924,145.32182,2021,4,April,9,Morning Peak,Weekday
T20210007614,2021-04-05,05:00:00,4,Collision with a fixed object,1,Monday,181,OFF RIGHT BEND INTO OBJECT/PARKED VEHICLE,5,730092,Not at intersection,2,70,Arterial Highway,GREAT OCEAN,SURF COAST,-38.510075,144.0016,2021,4,April,5,Morning Peak,Weekday
T20210007866,2021-04-05,13:30:00,4,Collision with a fixed object,1,Monday,183,OFF LEFT BEND INTO OBJECT/PARKED VEHICLE,1,680434,Not at intersection,2,100,Arterial Other,WOODS POINT,YARRA RANGES,-37.60981,145.9058,2021,4,April,13,Midday,Weekday
T20210007610,2021-04-05,17:50:00,1,Collision with vehicle,1,Monday,111,RIGHT FAR (INTERSECTIONS ONLY),1,781119,Cross intersection,3,40,Local Road,UNNAMED,HUME,-37.67775,144.9205,2021,4,April,17,Afternoon Peak,Weekday
T20210007607,2021-04-05,16:40:00,1,Collision with vehicle,1,Monday,121,RIGHT THROUGH,1,37648,T intersection,2,40,Arterial Other,TOORAK,STONNINGTON,-37.838802,144.99019,2021,4,April,16,Afternoon Peak,Weekday
T20210007564,2021-04-05,00:09:00,2,Struck Pedestrian,1,Monday,109,ANY MANOEUVRE INVOLVING PED NOT INCLUDED IN DCAs 100-108.,3,681699,Not at intersection,2,60,Arterial Other,SPRING,DAREBIN,-37.724243,145.00159,2021,4,April,0,Late Night,Weekday
T20210007718,2021-04-05,09:30:00,3,Struck animal,1,Monday,167,STRUCK ANIMAL,1,680140,Not at intersection,3,100,Arterial Other,BENDIGO-MALDON,MOUNT ALEXANDER,-36.988678,144.09373,2021,4,April,9,Morning Peak,Weekday
T20210007605,2021-04-05,15:55:00,1,Collision with vehicle,1,Monday,121,RIGHT THROUGH,1,20879,T intersection,3,80,Arterial Highway,BROUGHTON STREET -SOUTH GIPPSLAND,WELLINGTON,-38.620808,146.6679,2021,4,April,15,Afternoon Peak,Weekday
T20210007728,2021-04-05,19:10:00,1,Collision with vehicle,1,Monday,110,CROSS TRAFFIC(INTERSECTIONS ONLY),2,997,Cross intersection,3,60,Arterial Other,COBURNS ROAD -HIGH,MELTON,-37.684307,144.56819,2021,4,April,19,Night,Weekday
T20210007639,2021-04-05,10:30:00,3,Struck animal,1,Monday,167,STRUCK ANIMAL,1,680299,Cross intersection,3,100,Arterial Other,MARYBOROUGH-DUNOLLY,CENTRAL GOLDFIELDS,-36.99489,143.76302,2021,4,April,10,Midday,Weekday
T20210007560,2021-04-05,01:46:00,6,Vehicle overturned (no collision),1,Monday,172,OFF CARRIAGEWAY TO RIGHT,5,683932,Not at intersection,3,60,Arterial Other,PLYMOUTH,MAROONDAH,-37.781178,145.25508,2021,4,April,1,Late Night,Weekday
T20210010769,2021-04-05,12:00:00,6,Vehicle overturned (no collision),1,Monday,174,OUT OF CONTROL ON CARRIAGEWAY (ON STRAIGHT),1,685145,Not at intersection,3,60,Local Road,DUNGEYS,ALPINE,-36.775143,147.05595,2021,4,April,12,Midday,Weekday
T20210007586,2021-04-05,12:36:00,1,Collision with vehicle,1,Monday,113,RIGHT NEAR (INTERSECTIONS ONLY),1,73651,T intersection,3,70,Local Road,MELBOURNE,MORNINGTON PENINSULA,-38.372208,144.7759,2021,4,April,12,Midday,Weekday
T20210007587,2021-04-05,12:30:00,4,Collision with a fixed object,1,Monday,183,OFF LEFT BEND INTO OBJECT/PARKED VEHICLE,1,682448,T intersection,3,70,Arterial Other,SPRING,WHITTLESEA,-37.6813,144.99898,2021,4,April,12,Midday,Weekday
T20210007588,2021-04-05,07:45:00,4,Collision with a fixed object,1,Monday,173,RIGHT OFF CARRIAGEWAY INTO OBJECT/PARKED VEHICLE,1,679860,Cross intersection,2,50,Local Road,GRAND,HUME,-37.57065,144.90189,2021,4,April,7,Morning Peak,Weekday
T20210007677,2021-04-06,17:35:00,1,Collision with vehicle,2,Tuesday,131,LEFT REAR,2,359007,Multiple intersection,3,80,Freeway,KOROROIT CREEK,HOBSONS BAY,-37.844734,144.78877,2021,4,April,17,Afternoon Peak,Weekday
T20210007676,2021-04-06,15:30:00,1,Collision with vehicle,2,Tuesday,132,RIGHT REAR.,1,684228,T intersection,3,60,Arterial Other,WANGARATTA-WHITFIELD,WANGARATTA,-36.388416,146.33209,2021,4,April,15,Afternoon Peak,Weekday
T20210007675,2021-04-06,15:30:00,4,Collision with a fixed object,2,Tuesday,146,REVERSING INTO FIXED OBJECT/PARKED VEHICLE,1,681917,Not at intersection,3,60,Arterial Highway,CARLISLE,MOIRA,-36.151188,145.43181,2021,4,April,15,Afternoon Peak,Weekday
T20210008569,2021-04-06,18:05:00,1,Collision with vehicle,2,Tuesday,110,CROSS TRAFFIC(INTERSECTIONS ONLY),2,42350,Cross intersection,3,60,Arterial Other,CLARINDA,KINGSTON,-37.933586,145.0993,2021,4,April,18,Afternoon Peak,Weekday
T20210007673,2021-04-06,13:58:00,1,Collision with vehicle,2,Tuesday,136,RIGHT TURN SIDESWIPE,1,48246,T intersection,2,60,Local Road,CAMBRIDGE,WYNDHAM,-37.89393,144.62924,2021,4,April,13,Midday,Weekday
T20210007672,2021-04-06,16:25:00,1,Collision with vehicle,2,Tuesday,130,REAR END(VEHICLES IN SAME LANE),1,679958,Not at intersection,3,70,Arterial Highway,BELLARINE,GEELONG,-38.188686,144.46286,2021,4,April,16,Afternoon Peak,Weekday
T20210007671,2021-04-06,17:30:00,1,Collision with vehicle,2,Tuesday,130,REAR END(VEHICLES IN SAME LANE),1,681437,Not at intersection,3,80,Freeway,MONASH,DANDENONG,-37.951244,145.21341,2021,4,April,17,Afternoon Peak,Weekday
T20210007670,2021-04-06,15:40:00,1,Collision with vehicle,2,Tuesday,121,RIGHT THROUGH,1,29522,T intersection,3,60,Arterial Other,GORDON,MARIBYRNONG,-37.792007,144.88936,2021,4,April,15,Afternoon Peak,Weekday
T20210007650,2021-04-06,12:37:00,1,Collision with vehicle,2,Tuesday,120,HEAD ON (NOT OVERTAKING),1,750255,Not at intersection,2,50,Local Road,VICTORIA,MORELAND,-37.764473,144.94089,2021,4,April,12,Midday,Weekday
T20210007664,2021-04-06,16:00:00,1,Collision with vehicle,2,Tuesday,130,REAR END(VEHICLES IN SAME LANE),1,730095,Cross intersection,3,60,Arterial Highway,LONG,SOUTH GIPPSLAND,-38.479458,145.94948,2021,4,April,16,Afternoon Peak,Weekday
T20210007741,2021-04-06,18:00:00,3,Struck animal,2,Tuesday,167,STRUCK ANIMAL,2,680047,Not at intersection,2,80,Arterial Other,SOMERTON,HUME,-37.630196,144.8426,2021,4,April,18,Afternoon Peak,Weekday
T20210007661,2021-04-06,14:45:00,1,Collision with vehicle,2,Tuesday,130,REAR END(VEHICLES IN SAME LANE),1,627,Cross intersection,3,80,Arterial Highway,SPRINGVALE,WHITEHORSE,-37.834682,145.17274,2021,4,April,14,Midday,Weekday
T20210011762,2021-04-06,14:46:00,1,Collision with vehicle,2,Tuesday,130,REAR END(VEHICLES IN SAME LANE),1,688054,Not at intersection,3,80,Freeway,HUME,WHITTLESEA,-37.644554,144.99149,2021,4,April,14,Midday,Weekday
T20210007750,2021-04-06,17:18:00,4,Collision with a fixed object,2,Tuesday,175,OFF END OF ROAD/T-INTERSECTION.,1,45225,T intersection,2,50,Arterial Other,HOFFMANS,MOONEE VALLEY,-37.74889,144.89043,2021,4,April,17,Afternoon Peak,Weekday
T20210007615,2021-04-06,01:45:00,4,Collision with a fixed object,2,Tuesday,171,LEFT OFF CARRIAGEWAY INTO OBJECT/PARKED VEHICLE,3,234671,Cross intersection,2,50,Local Road,MORTIMORE,GLEN EIRA,-37.927776,145.04463,2021,4,April,1,Late Night,Weekday
T20210007628,2021-04-06,08:10:00,1,Collision with vehicle,2,Tuesday,121,RIGHT THROUGH,1,40860,Cross intersection,3,60,Arterial Other,MITCHAM,WHITEHORSE,-37.830612,145.19485,2021,4,April,8,Morning Peak,Weekday
T20210008244,2021-04-06,13:30:00,4,Collision with a fixed object,2,Tuesday,171,LEFT OFF CARRIAGEWAY INTO OBJECT/PARKED VEHICLE,1,683576,Not at intersection,3,50,Local Road,JOFFRE,HUME,-37.685013,144.92992,2021,4,April,13,Midday,Weekday
T20210007636,2021-04-06,10:04:00,1,Collision with vehicle,2,Tuesday,140,U TURN,1,325285,Not at intersection,3,40,Local Road,COLLINS,MELBOURNE,-37.817917,144.95816,2021,4,April,10,Midday,Weekday
T20210007724,2021-04-06,16:16:00,1,Collision with vehicle,2,Tuesday,152,PULLING OUT (OVERTAKING),1,680671,Not at intersection,2,100,Arterial Other,MURCHISON-TATURA,SHEPPARTON,-36.483994,145.22282,2021,4,April,16,Afternoon Peak,Weekday
T20210007962,2021-04-06,17:25:00,1,Collision with vehicle,2,Tuesday,132,RIGHT REAR.,1,36122,Cross intersection,3,40,Local Road,LEVESON,MELBOURNE,-37.80322,144.9511,2021,4,April,17,Afternoon Peak,Weekday
T20210007703,2021-04-06,23:04:00,1,Collision with vehicle,2,Tuesday,160,VEHICLE COLLIDES WITH VEHICLE PARKED ON LEFT OF ROAD,3,680044,Not at intersection,2,60,Local Road,BAMBRA,GLEN EIRA,-37.894066,145.02759,2021,4,April,23,Night,Weekday
T20210007701,2021-04-06,17:25:00,1,Collision with vehicle,2,Tuesday,147,VEHICLE STRIKES ANOTHER VEH WHILE EMERGING FROM DRIVEWAY,1,696520,Not at intersection,2,100,Local Road,HARSTON,SHEPPARTON,-36.46954,145.12541,2021,4,April,17,Afternoon Peak,Weekday
T20210007700,2021-04-06,18:00:00,4,Collision with a fixed object,2,Tuesday,175,OFF END OF ROAD/T-INTERSECTION.,2,781120,T intersection,3,100,Local Road,SAMARIA,BENALLA,-36.717663,146.04556,2021,4,April,18,Afternoon Peak,Weekday
T20210008291,2021-04-06,11:38:00,1,Collision with vehicle,2,Tuesday,121,RIGHT THROUGH,1,36868,Cross intersection,3,40,Local Road,LITTLE COLLINS,MELBOURNE,-37.816658,144.95866,2021,4,April,11,Midday,Weekday
T20210007699,2021-04-06,05:00:00,1,Collision with vehicle,2,Tuesday,112,LEFT FAR (INTERSECTIONS ONLY),2,781121,T intersection,3,50,Local Road,NORE,MELTON,-37.732708,144.5734,2021,4,April,5,Morning Peak,Weekday
T20210007657,2021-04-06,10:17:00,1,Collision with vehicle,2,Tuesday,134,LANE CHANGE RIGHT (NOT OVERTAKING),1,680041,Not at intersection,2,60,Arterial Highway,RAGLAN,WARRNAMBOOL,-38.372963,142.47629,2021,4,April,10,Midday,Weekday
T20210007698,2021-04-06,17:54:00,1,Collision with vehicle,2,Tuesday,110,CROSS TRAFFIC(INTERSECTIONS ONLY),1,17751,Cross intersection,2,100,Local Road,CHANNEL,MOIRA,-36.040844,146.01358,2021,4,April,17,Afternoon Peak,Weekday
T20220005207,2021-04-06,00:30:00,4,Collision with a fixed object,2,Tuesday,171,LEFT OFF CARRIAGEWAY INTO OBJECT/PARKED VEHICLE,3,720168,Not at intersection,3,50,Local Road,FEATHERBROOK,WYNDHAM,-37.90805,144.7229,2021,4,April,0,Late Night,Weekday
T20210007697,2021-04-06,21:06:00,4,Collision with a fixed object,2,Tuesday,181,OFF RIGHT BEND INTO OBJECT/PARKED VEHICLE,5,680765,Not at intersection,3,50,Arterial Other,YARRA,BOROONDARA,-37.788567,145.01797,2021,4,April,21,Night,Weekday
T20210007655,2021-04-06,14:00:00,1,Collision with vehicle,2,Tuesday,110,CROSS TRAFFIC(INTERSECTIONS ONLY),1,681873,Cross intersection,3,50,Arterial Other,ROSE,MANNINGHAM,-37.7564,145.10178,2021,4,April,14,Midday,Weekday
T20210007696,2021-04-06,19:23:00,1,Collision with vehicle,2,Tuesday,160,VEHICLE COLLIDES WITH VEHICLE PARKED ON LEFT OF ROAD,6,730096,Not at intersection,3,60,Local Road,CRAMER,WARRNAMBOOL,-38.378647,142.49251,2021,4,April,19,Night,Weekday
T20210008507,2021-04-06,14:30:00,1,Collision with vehicle,2,Tuesday,160,VEHICLE COLLIDES WITH VEHICLE PARKED ON LEFT OF ROAD,1,688390,Not at intersection,3,60,Arterial Highway,MAROONDAH,YARRA RANGES,-37.755054,145.36246,2021,4,April,14,Midday,Weekday