ACCIDENT_NO,ACCIDENT_DATE,ACCIDENT_TIME,ACCIDENT_TYPE,ACCIDENT_TYPE_DESC,DAY_OF_WEEK,DAY_WEEK_DESC,DCA_CODE,DCA_DESC,LIGHT_CONDITION,NODE_ID,ROAD_GEOMETRY_DESC,SEVERITY,SPEED_ZONE,RMA,ROAD_NAME,LGA_NAME,LATITUDE,LONGITUDE,YEAR,MONTH,MONTH_NAME,HOUR,TIME_PERIOD,DAY_TYPE
T20210007695,2021-04-06,17:57:00,1,Collision with vehicle,2,Tuesday,121,RIGHT THROUGH,2,40209,Cross intersection,3,60,Arterial Other,ORRONG,STONNINGTON,-37.854313,145.01157,2021,4,April,17,Afternoon Peak,Weekday
T20210008341,2021-04-06,19:30:00,5,collision with some other object,2,Tuesday,166,STRUCK OBJECT ON CARRIAGEWAY,6,680951,T intersection,3,60,Local Road,COULSTON,COLAC OTWAY,-38.193787,143.63893,2021,4,April,19,Night,Weekday
T20210007653,2021-04-06,10:30:00,1,Collision with vehicle,2,Tuesday,120,HEAD ON (NOT OVERTAKING),1,697581,Not at intersection,2,100,Arterial Highway,MELBA,MURRINDINDI,-37.24531,145.45503,2021,4,April,10,Midday,Weekday
T20210010259,2021-04-06,17:30:00,1,Collision with vehicle,2,Tuesday,111,RIGHT FAR (INTERSECTIONS ONLY),1,56054,T intersection,3,100,Arterial Highway,MIDLAND,HEPBURN,-37.410397,143.97571,2021,4,April,17,Afternoon Peak,Weekday
T20210008287,2021-04-06,08:00:00,4,Collision with a fixed object,2,Tuesday,199,UNKNOWN-NO DETAILS ON MANOEUVRES OF ROAD-USERS IN ACCIDENT,1,43603,T intersection,3,60,Arterial Other,FRANKSTON-FLINDERS,MORNINGTON PENINSULA,-38.223885,145.17572,2021,4,April,8,Morning Peak,Weekday
T20210007649,2021-04-06,10:55:00,1,Collision with vehicle,2,Tuesday,134,LANE CHANGE RIGHT (NOT OVERTAKING),1,684693,Not at intersection,2,70,Arterial Other,POUND,CASEY,-38.038483,145.28874,2021,4,April,10,Midday,Weekday
T20210007647,2021-04-06,13:09:00,1,Collision with vehicle,2,Tuesday,171,LEFT OFF CARRIAGEWAY INTO OBJECT/PARKED VEHICLE,1,682879,Multiple intersection,2,80,Freeway,BUNGOWER,MORNINGTON PENINSULA,-38.232796,145.12218,2021,4,April,13,Midday,Weekday
T20210007765,2021-04-06,14:50:00,3,Struck animal,2,Tuesday,167,STRUCK ANIMAL,1,680083,Not at intersection,2,80,Arterial Highway,MIDLAND,GOLDEN PLAINS,-37.858852,144.07626,2021,4,April,14,Midday,Weekday
T20210007935,2021-04-06,15:30:00,8,No collision and no object struck,2,Tuesday,184,OUT OF CONTROL ON CARRIAGEWAY (ON BEND),1,680435,Not at intersection,2,80,Arterial Other,WOODS POINT,YARRA RANGES,-37.679005,145.85175,2021,4,April,15,Afternoon Peak,Weekday
T20210007684,2021-04-06,14:35:00,6,Vehicle overturned (no collision),2,Tuesday,180,OFF CARRIAGEWAY ON RIGHT BEND,1,683588,Not at intersection,2,80,Arterial Other,MANSFIELD-WHITFIELD,WANGARATTA,-36.87502,146.32353,2021,4,April,14,Midday,Weekday
T20210007872,2021-04-07,20:19:00,1,Collision with vehicle,3,Wednesday,121,RIGHT THROUGH,3,29617,T intersection,3,60,Arterial Highway,WARRIGAL,MONASH,-37.87273,145.09213,2021,4,April,20,Night,Weekday
T20210008009,2021-04-07,14:15:00,1,Collision with vehicle,3,Wednesday,132,RIGHT REAR.,1,69132,T intersection,3,60,Arterial Highway,NEPEAN,BAYSIDE,-37.9064,145.00838,2021,4,April,14,Midday,Weekday
T20210009468,2021-04-07,18:15:00,1,Collision with vehicle,3,Wednesday,121,RIGHT THROUGH,2,40373,T intersection,3,60,Arterial Other,TOORONGA,STONNINGTON,-37.84985,145.04285,2021,4,April,18,Afternoon Peak,Weekday
T20210007737,2021-04-07,11:50:00,1,Collision with vehicle,3,Wednesday,130,REAR END(VEHICLES IN SAME LANE),1,44945,T intersection,2,50,Arterial Other,BALLARAT,BRIMBANK,-37.772034,144.79984,2021,4,April,11,Midday,Weekday
T20210007738,2021-04-07,10:20:00,1,Collision with vehicle,3,Wednesday,121,RIGHT THROUGH,1,730101,Not at intersection,2,80,Arterial Other,CRANBOURNE,CASEY,-38.069653,145.29834,2021,4,April,10,Midday,Weekday
T20210007769,2021-04-07,12:50:00,1,Collision with vehicle,3,Wednesday,130,REAR END(VEHICLES IN SAME LANE),1,697197,Not at intersection,2,100,Freeway,WESTERN,MELTON,-37.721325,144.64825,2021,4,April,12,Midday,Weekday
T20210009258,2021-04-07,21:20:00,1,Collision with vehicle,3,Wednesday,147,VEHICLE STRIKES ANOTHER VEH WHILE EMERGING FROM DRIVEWAY,3,683105,Not at intersection,3,60,Local Road,CORRIGAN,DANDENONG,-37.974533,145.16653,2021,4,April,21,Night,Weekday
T20210007735,2021-04-07,08:40:00,4,Collision with a fixed object,3,Wednesday,171,LEFT OFF CARRIAGEWAY INTO OBJECT/PARKED VEHICLE,1,680146,Not at intersection,2,80,Local Road,QUEENS,YARRA RANGES,-37.819733,145.41545,2021,4,April,8,Morning Peak,Weekday
T20210007745,2021-04-07,05:30:00,3,Struck animal,3,Wednesday,167,STRUCK ANIMAL,2,779954,Not at intersection,3,100,Freeway,PRINCES,GEELONG,-38.006847,144.48218,2021,4,April,5,Morning Peak,Weekday
T20210007746,2021-04-07,12:22:00,1,Collision with vehicle,3,Wednesday,134,LANE CHANGE RIGHT (NOT OVERTAKING),1,680141,Not at intersection,3,80,Arterial Highway,COLERAINE,SOUTHERN GRAMPIANS,-37.72654,142.00076,2021,4,April,12,Midday,Weekday
T20210007733,2021-04-07,11:35:00,1,Collision with vehicle,3,Wednesday,113,RIGHT NEAR (INTERSECTIONS ONLY),1,62677,T intersection,2,50,Local Road,FULLARTON,MOONEE VALLEY,-37.72827,144.86588,2021,4,April,11,Midday,Weekday
T20210012511,2021-04-07,11:20:00,1,Collision with vehicle,3,Wednesday,135,LANE CHANGE LEFT (NOT OVERTAKING),1,685314,Not at intersection,3,80,Freeway,MONASH,MONASH,-37.90286,145.1533,2021,4,April,11,Midday,Weekday
T20210007782,2021-04-07,17:25:00,4,Collision with a fixed object,3,Wednesday,171,LEFT OFF CARRIAGEWAY INTO OBJECT/PARKED VEHICLE,1,683031,Not at intersection,2,100,Arterial Other,MARYBOROUGH-DUNOLLY,CENTRAL GOLDFIELDS,-36.995277,143.76285,2021,4,April,17,Afternoon Peak,Weekday
T20210007749,2021-04-07,11:35:00,1,Collision with vehicle,3,Wednesday,113,RIGHT NEAR (INTERSECTIONS ONLY),1,69565,T intersection,3,50,Local Road,GEEL,GLEN EIRA,-37.924408,145.04485,2021,4,April,11,Midday,Weekday
T20210007783,2021-04-07,11:30:00,4,Collision with a fixed object,3,Wednesday,179,OTHER ACCIDENTS-OFF STRAIGHT NOT INCLUDED IN DCAs 170-175,1,684275,Not at intersection,2,60,Local Road,VICTORIA,HOBSONS BAY,-37.878033,144.78583,2021,4,April,11,Midday,Weekday
T20210007791,2021-04-07,14:30:00,1,Collision with vehicle,3,Wednesday,130,REAR END(VEHICLES IN SAME LANE),1,685390,Cross intersection,3,60,Local Road,LIBERATOR,BALLARAT,-37.5276,143.80347,2021,4,April,14,Midday,Weekday
T20210008635,2021-04-07,11:00:00,1,Collision with vehicle,3,Wednesday,110,CROSS TRAFFIC(INTERSECTIONS ONLY),1,43608,Cross intersection,3,80,Arterial Other,BELGRAVE-HALLAM,CASEY,-37.98154,145.31042,2021,4,April,11,Midday,Weekday
T20210007803,2021-04-07,17:17:00,1,Collision with vehicle,3,Wednesday,131,LEFT REAR,1,681831,Not at intersection,3,70,Arterial Highway,SURFCOAST,GEELONG,-38.21443,144.3388,2021,4,April,17,Afternoon Peak,Weekday
T20210007754,2021-04-07,12:00:00,4,Collision with a fixed object,3,Wednesday,173,RIGHT OFF CARRIAGEWAY INTO OBJECT/PARKED VEHICLE,1,681440,Not at intersection,3,50,Local Road,BRODERICK,FRANKSTON,-38.102966,145.17209,2021,4,April,12,Midday,Weekday
T20210007794,2021-04-07,17:16:00,1,Collision with vehicle,3,Wednesday,120,HEAD ON (NOT OVERTAKING),1,680767,Not at intersection,2,100,Arterial Highway,BASS,BASS COAST,-38.562405,145.52762,2021,4,April,17,Afternoon Peak,Weekday
T20210007796,2021-04-07,14:49:00,1,Collision with vehicle,3,Wednesday,111,RIGHT FAR (INTERSECTIONS ONLY),1,308076,Multiple intersection,2,60,Freeway,LEAKES,MELTON,-37.721573,144.65309,2021,4,April,14,Midday,Weekday
T20210007797,2021-04-07,18:00:00,1,Collision with vehicle,3,Wednesday,124,RIGHT/RIGHT BOTH VEHs FROM OPPOSITE DIRECTIONS TURNING RIGHT,9,45604,Cross intersection,3,50,Local Road,DAWSON,MORELAND,-37.770775,144.95485,2021,4,April,18,Afternoon Peak,Weekday
T20210007800,2021-04-07,18:20:00,1,Collision with vehicle,3,Wednesday,121,RIGHT THROUGH,3,45567,T intersection,3,60,Arterial Other,MORELAND,MORELAND,-37.75417,144.95334,2021,4,April,18,Afternoon Peak,Weekday
T20210007801,2021-04-07,17:28:00,1,Collision with vehicle,3,Wednesday,140,U TURN,1,680585,Not at intersection,2,60,Arterial Other,CITY,MELBOURNE,-37.824425,144.96188,2021,4,April,17,Afternoon Peak,Weekday
T20210007781,2021-04-07,16:46:00,1,Collision with vehicle,3,Wednesday,148,VEHICLE OFF FOOTPATH STRIKES VEH ON CARRIAGEWAY,1,680142,Not at intersection,2,50,Local Road,HEWITT,COLAC OTWAY,-38.341072,143.57433,2021,4,April,16,Afternoon Peak,Weekday
T20210007805,2021-04-07,18:00:00,1,Collision with vehicle,3,Wednesday,130,REAR END(VEHICLES IN SAME LANE),2,680048,T intersection,3,60,Local Road,TAYLORS,BRIMBANK,-37.72715,144.77824,2021,4,April,18,Afternoon Peak,Weekday
T20210007808,2021-04-07,18:36:00,1,Collision with vehicle,3,Wednesday,169,OTHER ON PATH,3,684010,Dead end,3,50,Local Road,GLADSWOOD,MOONEE VALLEY,-37.77475,144.91763,2021,4,April,18,Afternoon Peak,Weekday
T20210007809,2021-04-07,18:58:00,1,Collision with vehicle,3,Wednesday,121,RIGHT THROUGH,3,35522,Cross intersection,2,60,Arterial Highway,WARRIGAL,BOROONDARA,-37.86579,145.09279,2021,4,April,18,Afternoon Peak,Weekday
T20210007951,2021-04-07,06:50:00,1,Collision with vehicle,3,Wednesday,130,REAR END(VEHICLES IN SAME LANE),1,689115,Not at intersection,3,100,Freeway,HUME,WHITTLESEA,-37.643093,144.99176,2021,4,April,6,Morning Peak,Weekday
T20210007823,2021-04-07,10:35:00,5,collision with some other object,3,Wednesday,149,OTHER MANOEUVRING NOT INCLUDED IN DCAs 140-148,1,680769,Not at intersection,2,50,Local Road,MASON,BAW BAW,-38.162994,145.93335,2021,4,April,10,Midday,Weekday
T20210007831,2021-04-07,11:46:00,1,Collision with vehicle,3,Wednesday,135,LANE CHANGE LEFT (NOT OVERTAKING),1,781122,Not at intersection,3,40,Arterial Highway,POWER,MELBOURNE,-37.824436,144.96355,2021,4,April,11,Midday,Weekday
T20210008363,2021-04-07,19:10:00,1,Collision with vehicle,3,Wednesday,121,RIGHT THROUGH,3,57358,T intersection,3,60,Arterial Other,HIGH,MELTON,-37.68375,144.59492,2021,4,April,19,Night,Weekday
T20210008040,2021-04-07,10:39:00,6,Vehicle overturned (no collision),3,Wednesday,174,OUT OF CONTROL ON CARRIAGEWAY (ON STRAIGHT),1,680872,Not at intersection,3,100,Local Road,RIVER,GANNAWARRA,-35.860096,144.38168,2021,4,April,10,Midday,Weekday
T20210009903,2021-04-07,11:00:00,1,Collision with vehicle,3,Wednesday,130,REAR END(VEHICLES IN SAME LANE),1,43042,Cross intersection,3,60,Arterial Highway,BELL,MORELAND,-37.74093,144.96252,2021,4,April,11,Midday,Weekday
T20210007714,2021-04-07,09:16:00,1,Collision with vehicle,3,Wednesday,163,VEHICLE STRIKES DOOR OF PARKED/STATIONARY VEHICLE,1,680766,T intersection,3,40,Local Road,RATHDOWNE,MELBOURNE,-37.79665,144.97064,2021,4,April,9,Morning Peak,Weekday
T20210007755,2021-04-07,12:20:00,1,Collision with vehicle,3,Wednesday,121,RIGHT THROUGH,1,619372,T intersection,3,70,Arterial Other,PACIFIC,WHITEHORSE,-37.833748,145.16309,2021,4,April,12,Midday,Weekday
T20210007756,2021-04-07,12:34:00,1,Collision with vehicle,3,Wednesday,147,VEHICLE STRIKES ANOTHER VEH WHILE EMERGING FROM DRIVEWAY,1,264300,Not at intersection,3,60,Arterial Highway,NEPEAN,KINGSTON,-37.977184,145.06705,2021,4,April,12,Midday,Weekday
T20210007759,2021-04-07,08:00:00,1,Collision with vehicle,3,Wednesday,140,U TURN,1,730102,Not at intersection,3,40,Arterial Highway,BASS,BASS COAST,-38.52569,145.44675,2021,4,April,8,Morning Peak,Weekday
T20210008108,2021-04-07,10:30:00,2,Struck Pedestrian,3,Wednesday,108,PED STRUCK WALKING TO/FROM OR BOARDING/ALIGHTING VEHICLE.,1,680676,Not at intersection,3,50,Local Road,NICHOLSON,EAST GIPPSLAND,-37.824642,147.63113,2021,4,April,10,Midday,Weekday
T20210007766,2021-04-07,12:49:00,1,Collision with vehicle,3,Wednesday,133,LANE SIDE SWIPE (VEHICLES IN PARALLEL LANES),1,685801,Not at intersection,3,80,Freeway,MONASH OUT-FERNTREE GULLY,MONASH,-37.90012,145.15118,2021,4,April,12,Midday,Weekday
T20210007720,2021-04-07,09:23:00,1,Collision with vehicle,3,Wednesday,160,VEHICLE COLLIDES WITH VEHICLE PARKED ON LEFT OF ROAD,1,680226,Not at intersection,3,60,Local Road,NEWMAN,WANGARATTA,-36.36654,146.31183,2021,4,April,9,Morning Peak,Weekday
T20210007721,2021-04-07,08:50:00,4,Collision with a fixed object,3,Wednesday,183,OFF LEFT BEND INTO OBJECT/PARKED VEHICLE,1,680867,Not at intersection,3,80,Local Road,STATION,BENDIGO,-36.674866,144.327,2021,4,April,8,Morning Peak,Weekday
T20210007736,2021-04-07,11:49:00,1,Collision with vehicle,3,Wednesday,130,REAR END(VEHICLES IN SAME LANE),1,682449,Not at intersection,3,70,Arterial Other,KINGS,BRIMBANK,-37.715214,144.78017,2021,4,April,11,Midday,Weekday
T20210007848,2021-04-08,13:00:00,1,Collision with vehicle,4,Thursday,121,RIGHT THROUGH,1,52369,T intersection,2,80,Arterial Highway,PRINCES,WELLINGTON,-37.98207,147.07195,2021,4,April,13,Midday,Weekday
T20210007857,2021-04-08,13:26:00,1,Collision with vehicle,4,Thursday,130,REAR END(VEHICLES IN SAME LANE),1,682359,Not at intersection,2,100,Freeway,WESTERN,BRIMBANK,-37.797474,144.75818,2021,4,April,13,Midday,Weekday
T20210007858,2021-04-08,12:15:00,1,Collision with vehicle,4,Thursday,130,REAR END(VEHICLES IN SAME LANE),1,682523,T intersection,3,80,Arterial Other,HOPKINS,MELTON,-37.757286,144.70305,2021,4,April,12,Midday,Weekday
T20210007864,2021-04-08,14:30:00,1,Collision with vehicle,4,Thursday,131,LEFT REAR,1,746217,Not at intersection,2,70,Arterial Highway,SPRINGVALE,DANDENONG,-37.935837,145.15515,2021,4,April,14,Midday,Weekday
T20210007865,2021-04-08,15:00:00,2,Struck Pedestrian,4,Thursday,102,FAR SIDE. PED HIT BY VEHICLE FROM THE LEFT,1,52861,Cross intersection,3,50,Arterial Other,MAIR,BALLARAT,-37.559807,143.85815,2021,4,April,15,Afternoon Peak,Weekday
T20210007867,2021-04-08,16:41:00,1,Collision with vehicle,4,Thursday,110,CROSS TRAFFIC(INTERSECTIONS ONLY),1,63329,Cross intersection,3,50,Local Road,DRESDEN,BANYULE,-37.74969,145.05518,2021,4,April,16,Afternoon Peak,Weekday
T20210007875,2021-04-08,18:24:00,1,Collision with vehicle,4,Thursday,140,U TURN,3,332869,T intersection,3,80,Arterial Other,PRINCES,WYNDHAM,-37.88765,144.6941,2021,4,April,18,Afternoon Peak,Weekday
T20210007878,2021-04-08,18:48:00,1,Collision with vehicle,4,Thursday,121,RIGHT THROUGH,3,37480,T intersection,3,60,Arterial Other,BEACONSFIELD,PORT PHILLIP,-37.84843,144.94994,2021,4,April,18,Afternoon Peak,Weekday
T20210007880,2021-04-08,19:00:00,1,Collision with vehicle,4,Thursday,121,RIGHT THROUGH,3,358701,Multiple intersection,2,80,Freeway,SOUTH GIPPSLAND-SOUTH GIPPSLAND IN,DANDENONG,-38.035767,145.24625,2021,4,April,19,Night,Weekday
T20210007881,2021-04-08,17:40:00,6,Vehicle overturned (no collision),4,Thursday,172,OFF CARRIAGEWAY TO RIGHT,1,688228,Not at intersection,3,80,Arterial Highway,MAROONDAH,YARRA RANGES,-37.720165,145.38213,2021,4,April,17,Afternoon Peak,Weekday
T20210007883,2021-04-08,20:30:00,1,Collision with vehicle,4,Thursday,121,RIGHT THROUGH,3,53961,Multiple intersection,2,60,Arterial Highway,ALBERT STREET -PLENTY,DAREBIN,-37.725254,145.02322,2021,4,April,20,Night,Weekday
T20210007884,2021-04-08,20:10:00,1,Collision with vehicle,4,Thursday,121,RIGHT THROUGH,3,282308,Cross intersection,2,60,Local Road,ORMOND,CASEY,-38.04767,145.265,2021,4,April,20,Night,Weekday
T20210007889,2021-04-08,23:00:00,1,Collision with vehicle,4,Thursday,113,RIGHT NEAR (INTERSECTIONS ONLY),3,1314,T intersection,2,70,Arterial Other,SYDNEY,HUME,-37.669727,144.95511,2021,4,April,23,Night,Weekday
T20210007890,2021-04-08,22:50:00,1,Collision with vehicle,4,Thursday,110,CROSS TRAFFIC(INTERSECTIONS ONLY),3,682450,Cross intersection,2,50,Local Road,POWER,BRIMBANK,-37.729782,144.79733,2021,4,April,22,Night,Weekday
T20210007892,2021-04-08,21:39:00,4,Collision with a fixed object,4,Thursday,171,LEFT OFF CARRIAGEWAY INTO OBJECT/PARKED VEHICLE,3,682451,Not at intersection,2,80,Arterial Other,MELTON,BRIMBANK,-37.694927,144.76924,2021,4,April,21,Night,Weekday
T20210007894,2021-04-08,22:53:00,4,Collision with a fixed object,4,Thursday,151,OUT OF CONTROL (OVERTAKING),3,783413,Not at intersection,3,80,Local Road,AIRPORT,HUME,-37.684902,144.86482,2021,4,April,22,Night,Weekday
T20210010416,2021-04-08,11:00:00,1,Collision with vehicle,4,Thursday,132,RIGHT REAR.,1,41230,Cross intersection,3,60,Local Road,GLEN HUNTLY,GLEN EIRA,-37.886036,145.01495,2021,4,April,11,Midday,Weekday
T20210008275,2021-04-08,14:00:00,1,Collision with vehicle,4,Thursday,121,RIGHT THROUGH,1,40291,Cross intersection,3,60,Arterial Other,GLENFERRIE,STONNINGTON,-37.84379,145.03154,2021,4,April,14,Midday,Weekday
T20210010374,2021-04-08,11:00:00,1,Collision with vehicle,4,Thursday,130,REAR END(VEHICLES IN SAME LANE),9,685793,Not at intersection,3,60,Arterial Highway,BRIGHTON,PORT PHILLIP,-37.874107,144.99089,2021,4,April,11,Midday,Weekday
T20210007896,2021-04-08,23:35:00,4,Collision with a fixed object,4,Thursday,171,LEFT OFF CARRIAGEWAY INTO OBJECT/PARKED VEHICLE,3,50274,Cross intersection,3,80,Arterial Highway,SURF COAST,GEELONG,-38.24865,144.33232,2021,4,April,23,Night,Weekday
T20210007898,2021-04-08,23:50:00,4,Collision with a fixed object,4,Thursday,171,LEFT OFF CARRIAGEWAY INTO OBJECT/PARKED VEHICLE,3,684863,Not at intersection,3,50,Local Road,SANDHURST,FRANKSTON,-38.08083,145.20537,2021,4,April,23,Night,Weekday
T20210008268,2021-04-08,16:19:00,1,Collision with vehicle,4,Thursday,113,RIGHT NEAR (INTERSECTIONS ONLY),1,66029,T intersection,3,60,Local Road,GARDEN,YARRA RANGES,-37.8171,145.31677,2021,4,April,16,Afternoon Peak,Weekday
T20210007903,2021-04-08,22:45:00,2,Struck Pedestrian,4,Thursday,101,PED EMERGES FROM IN FRONT OF PARKED OR STATIONARY VEHICLE,3,680771,Not at intersection,2,40,Local Road,SMITH,YARRA,-37.805744,144.98311,2021,4,April,22,Night,Weekday
T20210007926,2021-04-08,18:30:00,8,No collision and no object struck,4,Thursday,174,OUT OF CONTROL ON CARRIAGEWAY (ON STRAIGHT),2,681307,Not at intersection,2,50,Local Road,MENZIES,YARRA RANGES,-37.92314,145.41742,2021,4,April,18,Afternoon Peak,Weekday
T20210007932,2021-04-08,07:38:00,1,Collision with vehicle,4,Thursday,111,RIGHT FAR (INTERSECTIONS ONLY),1,683446,Cross intersection,2,100,Local Road,PRINCES,SURF COAST,-38.212486,144.18073,2021,4,April,7,Morning Peak,Weekday
T20210008075,2021-04-08,09:27:00,2,Struck Pedestrian,4,Thursday,100,PED NEAR SIDE. PED HIT BY VEHICLE FROM THE RIGHT.,1,29970,Cross intersection,2,40,Arterial Highway,WYNDHAM,SHEPPARTON,-36.376972,145.40016,2021,4,April,9,Morning Peak,Weekday
T20230021832,2021-04-08,08:25:00,1,Collision with vehicle,4,Thursday,130,REAR END(VEHICLES IN SAME LANE),2,33698,Cross intersection,3,80,Arterial Highway,BURWOOD,KNOX,-37.87187,145.24396,2021,4,April,8,Morning Peak,Weekday
T20210008176,2021-04-08,13:00:00,6,Vehicle overturned (no collision),4,Thursday,182,OFF CARRIAGEWAY ON LEFT BEND,1,680485,Not at intersection,2,60,Local Road,BLUESTONE SCHOOL,GEELONG,-38.271805,144.43738,2021,4,April,13,Midday,Weekday
T20210013328,2021-04-08,08:10:00,1,Collision with vehicle,4,Thursday,113,RIGHT NEAR (INTERSECTIONS ONLY),1,51181,Cross intersection,3,60,Arterial Highway,BRIDGE,BENALLA,-36.555687,145.96779,2021,4,April,8,Morning Peak,Weekday
T20210009052,2021-04-08,10:30:00,1,Collision with vehicle,4,Thursday,130,REAR END(VEHICLES IN SAME LANE),1,684589,Not at intersection,3,100,Local Road,WANGARATTA-KILFEERA,WANGARATTA,-36.50608,146.28113,2021,4,April,10,Midday,Weekday
T20210007839,2021-04-08,08:45:00,1,Collision with vehicle,4,Thursday,111,RIGHT FAR (INTERSECTIONS ONLY),1,682358,T intersection,3,100,Arterial Other,MURTOA-GLENORCHY,NORTHERN GRAMPIANS,-36.812153,142.55444,2021,4,April,8,Morning Peak,Weekday
T20230003179,2021-04-08,10:00:00,4,Collision with a fixed object,4,Thursday,173,RIGHT OFF CARRIAGEWAY INTO OBJECT/PARKED VEHICLE,1,760578,Not at intersection,2,100,Local Road,WONGABURRA,BENDIGO,-36.80546,144.12747,2021,4,April,10,Midday,Weekday
T20210013447,2021-04-08,18:45:00,1,Collision with vehicle,4,Thursday,130,REAR END(VEHICLES IN SAME LANE),3,685998,Not at intersection,3,80,Arterial Highway,FRANKSTON-DANDENONG,FRANKSTON,-38.112595,145.15768,2021,4,April,18,Afternoon Peak,Weekday
T20210007826,2021-04-08,06:30:00,1,Collision with vehicle,4,Thursday,113,RIGHT NEAR (INTERSECTIONS ONLY),1,233444,Multiple intersection,3,80,Freeway,CRAIGIEBURN,WHITTLESEA,-37.600975,144.95692,2021,4,April,6,Morning Peak,Weekday
T20210007837,2021-04-08,10:36:00,1,Collision with vehicle,4,Thursday,139,OTHER SAME DIRECTION-MANOUEVRES NOT INCLUDED IN DCAs 130-137,1,684522,Not at intersection,3,80,Arterial Highway,GREENSBOROUGH,BANYULE,-37.704075,145.08943,2021,4,April,10,Midday,Weekday
T20210007838,2021-04-08,09:45:00,1,Collision with vehicle,4,Thursday,116,LEFT NEAR (INTERSECTIONS ONLY),1,780823,Cross intersection,3,60,Arterial Other,BARWON HEADS ROAD -BLUESTONE SCHOOL,SURF COAST,-38.255512,144.39186,2021,4,April,9,Morning Peak,Weekday
T20210007841,2021-04-08,10:20:00,6,Vehicle overturned (no collision),4,Thursday,174,OUT OF CONTROL ON CARRIAGEWAY (ON STRAIGHT),1,680144,Not at intersection,2,60,Arterial Other,BEACH,BAYSIDE,-37.9568,145.00798,2021,4,April,10,Midday,Weekday
T20210007845,2021-04-08,10:10:00,1,Collision with vehicle,4,Thursday,130,REAR END(VEHICLES IN SAME LANE),1,737019,Not at intersection,2,100,Arterial Highway,MURRAY VALLEY,MOIRA,-36.052105,146.1701,2021,4,April,10,Midday,Weekday
T20210008324,2021-04-09,22:00:00,1,Collision with vehicle,5,Friday,130,REAR END(VEHICLES IN SAME LANE),3,681554,Not at intersection,3,80,Local Road,HALL,FRANKSTON,-38.10277,145.19908,2021,4,April,22,Night,Weekday
T20210007970,2021-04-09,15:00:00,1,Collision with vehicle,5,Friday,131,LEFT REAR,1,35706,Multiple intersection,3,40,Arterial Other,ASCOT VALE,MOONEE VALLEY,-37.76716,144.92484,2021,4,April,15,Afternoon Peak,Weekday
T20210008037,2021-04-09,21:20:00,1,Collision with vehicle,5,Friday,110,CROSS TRAFFIC(INTERSECTIONS ONLY),3,55791,Cross intersection,2,80,Arterial Other,WESTALL ROAD -WESTALL,DANDENONG,-37.960526,145.13681,2021,4,April,21,Night,Weekday
T20210007952,2021-04-09,13:32:00,4,Collision with a fixed object,5,Friday,173,RIGHT OFF CARRIAGEWAY INTO OBJECT/PARKED VEHICLE,1,684056,Not at intersection,1,40,Arterial Highway,WESTERN,ARARAT,-37.289486,142.95987,2021,4,April,13,Midday,Weekday
T20210021167,2021-04-09,12:45:00,1,Collision with vehicle,5,Friday,130,REAR END(VEHICLES IN SAME LANE),1,696605,Not at intersection,3,60,Local Road,HAMMOND,DANDENONG,-38.03309,145.20189,2021,4,April,12,Midday,Weekday
T20210009609,2021-04-09,19:20:00,1,Collision with vehicle,5,Friday,133,LANE SIDE SWIPE (VEHICLES IN PARALLEL LANES),3,1335,Cross intersection,3,60,Arterial Other,PASCOE VALE,MOONEE VALLEY,-37.75594,144.9261,2021,4,April,19,Night,Weekday
T20210007949,2021-04-09,10:15:00,1,Collision with vehicle,5,Friday,110,CROSS TRAFFIC(INTERSECTIONS ONLY),1,38016,Cross intersection,3,60,Local Road,MANSFIELD,DAREBIN,-37.757713,145.01344,2021,4,April,10,Midday,Weekday
T20210007945,2021-04-09,13:50:00,1,Collision with vehicle,5,Friday,147,VEHICLE STRIKES ANOTHER VEH WHILE EMERGING FROM DRIVEWAY,1,680304,Not at intersection,3,50,Local Road,PEARL RIVER,MELBOURNE,-37.813095,144.93668,2021,4,April,13,Midday,Weekday
T20210007943,2021-04-09,09:40:00,1,Collision with vehicle,5,Friday,130,REAR END(VEHICLES IN SAME LANE),1,681066,Not at intersection,3,40,Local Road,WELLINGTON,YARRA,-37.804256,144.98647,2021,4,April,9,Morning Peak,Weekday
T20210007942,2021-04-09,12:58:00,1,Collision with vehicle,5,Friday,121,RIGHT THROUGH,1,37359,T intersection,3,80,Arterial Other,WELLINGTON,KNOX,-37.928867,145.26512,2021,4,April,12,Midday,Weekday
T20210010755,2021-04-09,13:00:00,1,Collision with vehicle,5,Friday,113,RIGHT NEAR (INTERSECTIONS ONLY),9,683455,Multiple intersection,3,80,Arterial Highway,DANDENONG VALLEY,DANDENONG,-37.962234,145.22511,2021,4,April,13,Midday,Weekday
T20210007967,2021-04-09,18:11:00,2,Struck Pedestrian,5,Friday,101,PED EMERGES FROM IN FRONT OF PARKED OR STATIONARY VEHICLE,2,680818,Not at intersection,2,50,Local Road,APPLETREE,SHEPPARTON,-36.402927,145.41713,2021,4,April,18,Afternoon Peak,Weekday
T20210007937,2021-04-09,11:40:00,1,Collision with vehicle,5,Friday,140,U TURN,1,636541,Multiple intersection,2,80,Freeway,EASTLINK OUT-THOMPSON,DANDENONG,-38.070477,145.18272,2021,4,April,11,Midday,Weekday
T20210007933,2021-04-09,12:10:00,4,Collision with a fixed object,5,Friday,183,OFF LEFT BEND INTO OBJECT/PARKED VEHICLE,1,686742,Not at intersection,3,100,Local Road,YARRAGON-SHADY CREEK,BAW BAW,-38.131203,146.07515,2021,4,April,12,Midday,Weekday