ACCIDENT_NO,ACCIDENT_DATE,ACCIDENT_TIME,ACCIDENT_TYPE,ACCIDENT_TYPE_DESC,DAY_OF_WEEK,DAY_WEEK_DESC,DCA_CODE,DCA_DESC,LIGHT_CONDITION,NODE_ID,ROAD_GEOMETRY_DESC,SEVERITY,SPEED_ZONE,RMA,ROAD_NAME,LGA_NAME,LATITUDE,LONGITUDE,YEAR,MONTH,MONTH_NAME,HOUR,TIME_PERIOD,DAY_TYPE
T20210007924,2021-04-09,10:30:00,1,Collision with vehicle,5,Friday,110,CROSS TRAFFIC(INTERSECTIONS ONLY),1,234963,Cross intersection,2,80,Arterial Other,THOMPSONS,CASEY,-38.08313,145.2832,2021,4,April,10,Midday,Weekday
T20210007958,2021-04-09,16:00:00,1,Collision with vehicle,5,Friday,130,REAR END(VEHICLES IN SAME LANE),1,53140,T intersection,3,60,Arterial Highway,WESTERN,PYRENEES,-37.429604,143.38994,2021,4,April,16,Afternoon Peak,Weekday
T20210007921,2021-04-09,10:47:00,9,Other accident,5,Friday,171,LEFT OFF CARRIAGEWAY INTO OBJECT/PARKED VEHICLE,1,689732,Multiple intersection,3,40,Local Road,MCCRAE,SWAN HILL,-35.341076,143.55862,2021,4,April,10,Midday,Weekday
T20210007914,2021-04-09,09:20:00,1,Collision with vehicle,5,Friday,160,VEHICLE COLLIDES WITH VEHICLE PARKED ON LEFT OF ROAD,1,680234,Not at intersection,2,60,Local Road,SETTLEMENT,BASS COAST,-38.456158,145.24594,2021,4,April,9,Morning Peak,Weekday
T20210008411,2021-04-09,17:45:00,1,Collision with vehicle,5,Friday,130,REAR END(VEHICLES IN SAME LANE),1,680877,T intersection,3,40,Arterial Other,GLENFERRIE,BOROONDARA,-37.817146,145.03638,2021,4,April,17,Afternoon Peak,Weekday
T20210007910,2021-04-09,05:30:00,1,Collision with vehicle,5,Friday,113,RIGHT NEAR (INTERSECTIONS ONLY),5,660451,T intersection,3,80,Local Road,AVIATION,WYNDHAM,-37.9252,144.7118,2021,4,April,5,Morning Peak,Weekday
T20210007909,2021-04-09,01:01:00,5,collision with some other object,5,Friday,173,RIGHT OFF CARRIAGEWAY INTO OBJECT/PARKED VEHICLE,3,686447,Not at intersection,2,60,Arterial Other,HEREFORD,YARRA RANGES,-37.780968,145.38158,2021,4,April,1,Late Night,Weekday
T20210007906,2021-04-09,04:24:00,1,Collision with vehicle,5,Friday,160,VEHICLE COLLIDES WITH VEHICLE PARKED ON LEFT OF ROAD,3,683009,Not at intersection,2,50,Local Road,VISCOSA,MELTON,-37.691902,144.54056,2021,4,April,4,Late Night,Weekday
T20210007954,2021-04-09,15:34:00,1,Collision with vehicle,5,Friday,148,VEHICLE OFF FOOTPATH STRIKES VEH ON CARRIAGEWAY,1,681744,Not at intersection,3,40,Arterial Other,JOHNSTON,YARRA,-37.799896,144.9935,2021,4,April,15,Afternoon Peak,Weekday
T20210010872,2021-04-09,15:32:00,1,Collision with vehicle,5,Friday,135,LANE CHANGE LEFT (NOT OVERTAKING),1,730212,Not at intersection,3,80,Freeway,WEST GATE,MELBOURNE,-37.833294,144.905,2021,4,April,15,Afternoon Peak,Weekday
T20210007904,2021-04-09,02:30:00,3,Struck animal,5,Friday,167,STRUCK ANIMAL,5,680147,Not at intersection,2,100,Local Road,BROADFORD-WANDONG,MITCHELL,-37.26127,145.05139,2021,4,April,2,Late Night,Weekday
T20210007899,2021-04-09,01:03:00,4,Collision with a fixed object,5,Friday,171,LEFT OFF CARRIAGEWAY INTO OBJECT/PARKED VEHICLE,3,682010,Not at intersection,2,60,Arterial Other,MOUNT MACEDON,MACEDON RANGES,-37.403378,144.58609,2021,4,April,1,Late Night,Weekday
T20210012064,2021-04-09,12:54:00,1,Collision with vehicle,5,Friday,113,RIGHT NEAR (INTERSECTIONS ONLY),1,44047,T intersection,3,60,Arterial Other,SPRING,DAREBIN,-37.717503,145.00607,2021,4,April,12,Midday,Weekday
T20210008010,2021-04-09,13:00:00,1,Collision with vehicle,5,Friday,130,REAR END(VEHICLES IN SAME LANE),1,680945,Not at intersection,3,60,Local Road,FLINDERS,MELBOURNE,-37.821632,144.95323,2021,4,April,13,Midday,Weekday
T20210008992,2021-04-09,12:05:00,1,Collision with vehicle,5,Friday,142,LEAVING PARKING,1,689733,Not at intersection,3,40,Local Road,NIGHTINGALE,PORT PHILLIP,-37.87084,144.99374,2021,4,April,12,Midday,Weekday
T20210007930,2021-04-09,11:35:00,4,Collision with a fixed object,5,Friday,173,RIGHT OFF CARRIAGEWAY INTO OBJECT/PARKED VEHICLE,1,681743,Not at intersection,3,50,Local Road,MCLAUGHLANS,NILLUMBIK,-37.679085,145.12099,2021,4,April,11,Midday,Weekday
T20210008012,2021-04-09,15:30:00,1,Collision with vehicle,5,Friday,130,REAR END(VEHICLES IN SAME LANE),1,680307,Not at intersection,3,100,Freeway,WESTERN RING,HUME,-37.694122,144.92563,2021,4,April,15,Afternoon Peak,Weekday
T20210011981,2021-04-09,15:40:00,1,Collision with vehicle,5,Friday,120,HEAD ON (NOT OVERTAKING),1,684223,Not at intersection,3,60,Arterial Other,NEWSTEAD,MOUNT ALEXANDER,-37.006275,144.06624,2021,4,April,15,Afternoon Peak,Weekday
T20210007971,2021-04-09,06:00:00,4,Collision with a fixed object,5,Friday,171,LEFT OFF CARRIAGEWAY INTO OBJECT/PARKED VEHICLE,2,693935,Not at intersection,3,60,Arterial Highway,MAIN,EAST GIPPSLAND,-37.830486,147.6126,2021,4,April,6,Morning Peak,Weekday
T20210008250,2021-04-09,20:25:00,3,Struck animal,5,Friday,167,STRUCK ANIMAL,3,680831,Not at intersection,3,100,Arterial Other,GISBORNE,MOORABOOL,-37.56287,144.45622,2021,4,April,20,Night,Weekday
T20210010858,2021-04-09,12:30:00,1,Collision with vehicle,5,Friday,113,RIGHT NEAR (INTERSECTIONS ONLY),1,64844,T intersection,2,60,Arterial Other,BLACKBURN,MANNINGHAM,-37.79016,145.16177,2021,4,April,12,Midday,Weekday
T20210008257,2021-04-09,18:15:00,1,Collision with vehicle,5,Friday,116,LEFT NEAR (INTERSECTIONS ONLY),1,51689,T intersection,3,60,Arterial Other,CONDON,BENDIGO,-36.77465,144.3077,2021,4,April,18,Afternoon Peak,Weekday
T20210007992,2021-04-09,23:10:00,1,Collision with vehicle,5,Friday,121,RIGHT THROUGH,3,46855,Cross intersection,3,60,Arterial Other,DORSET,KNOX,-37.859783,145.28577,2021,4,April,23,Night,Weekday
T20210007990,2021-04-09,17:00:00,1,Collision with vehicle,5,Friday,113,RIGHT NEAR (INTERSECTIONS ONLY),1,43403,T intersection,2,60,Arterial Highway,BELL,DAREBIN,-37.74269,144.97981,2021,4,April,17,Afternoon Peak,Weekday
T20210007988,2021-04-09,17:15:00,1,Collision with vehicle,5,Friday,160,VEHICLE COLLIDES WITH VEHICLE PARKED ON LEFT OF ROAD,1,682525,Not at intersection,3,50,Local Road,LADY NELSON,BRIMBANK,-37.711426,144.78365,2021,4,April,17,Afternoon Peak,Weekday
T20210007986,2021-04-09,19:20:00,3,Struck animal,5,Friday,167,STRUCK ANIMAL,3,694711,T intersection,2,70,Arterial Other,WHITON,WYNDHAM,-37.889744,144.628,2021,4,April,19,Night,Weekday
T20210007982,2021-04-09,20:48:00,1,Collision with vehicle,5,Friday,130,REAR END(VEHICLES IN SAME LANE),3,763478,Cross intersection,3,80,Arterial Highway,PRINCES,CASEY,-38.020164,145.29799,2021,4,April,20,Night,Weekday
T20210007977,2021-04-09,17:25:00,4,Collision with a fixed object,5,Friday,171,LEFT OFF CARRIAGEWAY INTO OBJECT/PARKED VEHICLE,1,683032,Not at intersection,2,60,Arterial Other,MAIN NEERIM,BAW BAW,-37.930164,145.96112,2021,4,April,17,Afternoon Peak,Weekday
T20210008238,2021-04-09,09:45:00,1,Collision with vehicle,5,Friday,135,LANE CHANGE LEFT (NOT OVERTAKING),1,680594,Not at intersection,3,60,Arterial Highway,BANKSIA,BANYULE,-37.759136,145.06444,2021,4,April,9,Morning Peak,Weekday
T20210007976,2021-04-09,17:59:00,4,Collision with a fixed object,5,Friday,173,RIGHT OFF CARRIAGEWAY INTO OBJECT/PARKED VEHICLE,2,680772,Not at intersection,2,80,Local Road,FULTONS,MORNINGTON PENINSULA,-38.19051,145.16216,2021,4,April,17,Afternoon Peak,Weekday
T20210007953,2021-04-09,11:00:00,1,Collision with vehicle,5,Friday,120,HEAD ON (NOT OVERTAKING),1,682360,Not at intersection,3,70,Arterial Other,PAKENHAM,CARDINIA,-37.965168,145.5072,2021,4,April,11,Midday,Weekday
T20210007975,2021-04-09,18:32:00,1,Collision with vehicle,5,Friday,113,RIGHT NEAR (INTERSECTIONS ONLY),3,683060,Cross intersection,3,60,Local Road,PEARCE,WODONGA,-36.13807,146.88574,2021,4,April,18,Afternoon Peak,Weekday
T20210008036,2021-04-10,16:00:00,1,Collision with vehicle,6,Saturday,113,RIGHT NEAR (INTERSECTIONS ONLY),1,355539,Cross intersection,3,80,Arterial Highway,WENTWORTH,CASEY,-38.074173,145.27126,2021,4,April,16,Afternoon Peak,Weekend
T20210008346,2021-04-10,16:50:00,2,Struck Pedestrian,6,Saturday,107,PED ON FOOTHPATH STRUCK BY VEHENTERING/LEAVING DRIVEWAY.,1,690205,Not at intersection,2,50,Local Road,FOREST,KNOX,-37.883263,145.2969,2021,4,April,16,Afternoon Peak,Weekend
T20210008008,2021-04-10,09:40:00,1,Collision with vehicle,6,Saturday,110,CROSS TRAFFIC(INTERSECTIONS ONLY),1,225697,Cross intersection,3,60,Local Road,AVERYS,BENDIGO,-36.71778,144.27385,2021,4,April,9,Morning Peak,Weekend
T20210008002,2021-04-10,01:57:00,4,Collision with a fixed object,6,Saturday,171,LEFT OFF CARRIAGEWAY INTO OBJECT/PARKED VEHICLE,3,680380,Not at intersection,1,60,Arterial Highway,POINT NEPEAN,MORNINGTON PENINSULA,-38.370632,144.84206,2021,4,April,1,Late Night,Weekend
T20210012904,2021-04-10,19:00:00,8,No collision and no object struck,6,Saturday,184,OUT OF CONTROL ON CARRIAGEWAY (ON BEND),6,688179,Not at intersection,3,50,Local Road,ELIZABETH,HUME,-37.592922,144.70793,2021,4,April,19,Night,Weekend
T20210008391,2021-04-10,12:24:00,1,Collision with vehicle,6,Saturday,135,LANE CHANGE LEFT (NOT OVERTAKING),1,730124,Not at intersection,3,60,Arterial Highway,ROSANNA,BANYULE,-37.74141,145.07338,2021,4,April,12,Midday,Weekend
T20210007997,2021-04-10,03:04:00,6,Vehicle overturned (no collision),6,Saturday,172,OFF CARRIAGEWAY TO RIGHT,5,774540,Not at intersection,3,80,Arterial Other,KATAMATITE-YARRAWONGA,MOIRA,-36.04079,145.98633,2021,4,April,3,Late Night,Weekend
T20210008102,2021-04-10,17:20:00,1,Collision with vehicle,6,Saturday,132,RIGHT REAR.,1,47001,T intersection,3,60,Arterial Other,SCORESBY,KNOX,-37.88502,145.25758,2021,4,April,17,Afternoon Peak,Weekend
T20210008081,2021-04-10,15:45:00,1,Collision with vehicle,6,Saturday,143,ENTERING PARKING,9,680829,T intersection,2,40,Arterial Other,SYDNEY,MORELAND,-37.773804,144.96098,2021,4,April,15,Afternoon Peak,Weekend
T20210008074,2021-04-10,15:00:00,6,Vehicle overturned (no collision),6,Saturday,180,OFF CARRIAGEWAY ON RIGHT BEND,1,687783,Not at intersection,3,70,Local Road,ROAD 44,YARRA RANGES,-37.65526,145.604,2021,4,April,15,Afternoon Peak,Weekend
T20210008073,2021-04-10,12:10:00,1,Collision with vehicle,6,Saturday,110,CROSS TRAFFIC(INTERSECTIONS ONLY),1,37041,Cross intersection,3,60,Local Road,HOTHAM,MELBOURNE,-37.814423,144.98819,2021,4,April,12,Midday,Weekend
T20210008072,2021-04-10,10:51:00,2,Struck Pedestrian,6,Saturday,104,PED WALKING WITH TRAFFIC,1,38349,Cross intersection,3,70,Arterial Other,KING,MANNINGHAM,-37.77276,145.14044,2021,4,April,10,Midday,Weekend
T20210008033,2021-04-10,15:05:00,4,Collision with a fixed object,6,Saturday,171,LEFT OFF CARRIAGEWAY INTO OBJECT/PARKED VEHICLE,1,692211,Not at intersection,3,80,Arterial Highway,SOUTH GIPPSLAND,CASEY,-38.053005,145.25935,2021,4,April,15,Afternoon Peak,Weekend
T20210008062,2021-04-10,23:54:00,1,Collision with vehicle,6,Saturday,110,CROSS TRAFFIC(INTERSECTIONS ONLY),3,673990,Cross intersection,2,80,Arterial Other,DANDENONG-HASTINGS ROAD -THOMPSONS,DANDENONG,-38.077637,145.2392,2021,4,April,23,Night,Weekend
T20210008039,2021-04-10,17:15:00,1,Collision with vehicle,6,Saturday,113,RIGHT NEAR (INTERSECTIONS ONLY),2,49709,T intersection,2,60,Arterial Other,ANAKIE,GEELONG,-38.088245,144.33589,2021,4,April,17,Afternoon Peak,Weekend
T20210008042,2021-04-10,18:26:00,1,Collision with vehicle,6,Saturday,130,REAR END(VEHICLES IN SAME LANE),6,680587,T intersection,3,60,Arterial Other,BLACKBURN,MONASH,-37.88877,145.14532,2021,4,April,18,Afternoon Peak,Weekend
T20210008044,2021-04-10,18:56:00,4,Collision with a fixed object,6,Saturday,173,RIGHT OFF CARRIAGEWAY INTO OBJECT/PARKED VEHICLE,3,684138,Not at intersection,2,80,Local Road,THOMPSONS,CASEY,-38.08961,145.33575,2021,4,April,18,Afternoon Peak,Weekend
T20210008641,2021-04-10,18:45:00,6,Vehicle overturned (no collision),6,Saturday,174,OUT OF CONTROL ON CARRIAGEWAY (ON STRAIGHT),6,338531,Cross intersection,3,60,Local Road,GRAND,HUME,-37.571514,144.90929,2021,4,April,18,Afternoon Peak,Weekend
T20210008646,2021-04-10,18:30:00,1,Collision with vehicle,6,Saturday,140,U TURN,5,681357,Not at intersection,3,100,Arterial Other,GEELONG-BACCHUS MARSH,MOORABOOL,-37.77808,144.43472,2021,4,April,18,Afternoon Peak,Weekend
T20210008048,2021-04-10,18:49:00,1,Collision with vehicle,6,Saturday,121,RIGHT THROUGH,3,307994,T intersection,3,60,Arterial Other,COLLEGE,MELBOURNE,-37.791912,144.962,2021,4,April,18,Afternoon Peak,Weekend
T20210008050,2021-04-10,21:10:00,4,Collision with a fixed object,6,Saturday,173,RIGHT OFF CARRIAGEWAY INTO OBJECT/PARKED VEHICLE,3,44736,Cross intersection,2,60,Arterial Other,GRIMSHAW,BANYULE,-37.70436,145.10068,2021,4,April,21,Night,Weekend
T20210008252,2021-04-10,16:00:00,6,Vehicle overturned (no collision),6,Saturday,174,OUT OF CONTROL ON CARRIAGEWAY (ON STRAIGHT),1,680830,Not at intersection,3,60,Arterial Other,GORDON,MARIBYRNONG,-37.78928,144.88986,2021,4,April,16,Afternoon Peak,Weekend
T20210008051,2021-04-10,20:15:00,4,Collision with a fixed object,6,Saturday,171,LEFT OFF CARRIAGEWAY INTO OBJECT/PARKED VEHICLE,3,695445,Multiple intersection,2,100,Freeway,WELLINGTON-EASTLINK IN,KNOX,-37.92403,145.21313,2021,4,April,20,Night,Weekend
T20210008052,2021-04-10,22:20:00,2,Struck Pedestrian,6,Saturday,105,PED WALKING AGAINST TRAFFIC.,3,680483,Not at intersection,3,60,Arterial Other,VICTORIA,BALLARAT,-37.561935,143.87057,2021,4,April,22,Night,Weekend
T20210008191,2021-04-10,15:00:00,1,Collision with vehicle,6,Saturday,160,VEHICLE COLLIDES WITH VEHICLE PARKED ON LEFT OF ROAD,1,680591,Not at intersection,2,50,Local Road,ARDEN,MELBOURNE,-37.801064,144.95078,2021,4,April,15,Afternoon Peak,Weekend
T20210008053,2021-04-10,21:30:00,1,Collision with vehicle,6,Saturday,160,VEHICLE COLLIDES WITH VEHICLE PARKED ON LEFT OF ROAD,3,683486,Not at intersection,2,50,Local Road,CHURCH,WHITTLESEA,-37.50907,145.11855,2021,4,April,21,Night,Weekend
T20210008054,2021-04-10,23:10:00,1,Collision with vehicle,6,Saturday,121,RIGHT THROUGH,3,37302,T intersection,2,60,Arterial Other,BURNLEY,YARRA,-37.8169,145.00877,2021,4,April,23,Night,Weekend
T20210008011,2021-04-10,11:30:00,1,Collision with vehicle,6,Saturday,142,LEAVING PARKING,1,681358,Not at intersection,3,60,Arterial Other,STATION,WHITEHORSE,-37.82254,145.12299,2021,4,April,11,Midday,Weekend
T20210008019,2021-04-10,13:08:00,4,Collision with a fixed object,6,Saturday,181,OFF RIGHT BEND INTO OBJECT/PARKED VEHICLE,1,680372,Not at intersection,2,80,Local Road,SELKIRK,WHITTLESEA,-37.53857,145.06963,2021,4,April,13,Midday,Weekend
T20210010233,2021-04-10,09:40:00,1,Collision with vehicle,6,Saturday,137,LEFT TURN SIDESWIPE,1,59814,T intersection,3,40,Local Road,ELLIS,BENDIGO,-36.776676,144.30013,2021,4,April,9,Morning Peak,Weekend
T20210008020,2021-04-10,10:38:00,1,Collision with vehicle,6,Saturday,130,REAR END(VEHICLES IN SAME LANE),1,680373,Not at intersection,3,60,Arterial Other,GLENFERRIE,BOROONDARA,-37.808323,145.03804,2021,4,April,10,Midday,Weekend
T20210008022,2021-04-10,12:30:00,4,Collision with a fixed object,6,Saturday,173,RIGHT OFF CARRIAGEWAY INTO OBJECT/PARKED VEHICLE,1,681553,T intersection,2,100,Arterial Other,CHILTERN-HOWLONG,INDIGO,-35.997364,146.61922,2021,4,April,12,Midday,Weekend
T20210008026,2021-04-10,11:25:00,1,Collision with vehicle,6,Saturday,110,CROSS TRAFFIC(INTERSECTIONS ONLY),1,29606,Cross intersection,3,60,Arterial Highway,TOORAK,BOROONDARA,-37.844906,145.0409,2021,4,April,11,Midday,Weekend
T20210008027,2021-04-10,12:15:00,1,Collision with vehicle,6,Saturday,110,CROSS TRAFFIC(INTERSECTIONS ONLY),1,57947,Cross intersection,3,50,Local Road,BECKET,MORELAND,-37.69636,144.9127,2021,4,April,12,Midday,Weekend
T20210008028,2021-04-10,13:20:00,1,Collision with vehicle,6,Saturday,120,HEAD ON (NOT OVERTAKING),1,730107,Not at intersection,2,100,Local Road,SEYMOUR-PYALONG,MITCHELL,-37.125523,144.87973,2021,4,April,13,Midday,Weekend
T20210008145,2021-04-10,21:30:00,1,Collision with vehicle,6,Saturday,132,RIGHT REAR.,3,682708,Not at intersection,3,60,Arterial Other,BALLARAT,MARIBYRNONG,-37.787365,144.88005,2021,4,April,21,Night,Weekend
T20210008144,2021-04-10,20:00:00,1,Collision with vehicle,6,Saturday,110,CROSS TRAFFIC(INTERSECTIONS ONLY),3,36134,Cross intersection,2,60,Arterial Other,SUNSHINE,MARIBYRNONG,-37.799545,144.8621,2021,4,April,20,Night,Weekend
T20210008562,2021-04-10,20:30:00,1,Collision with vehicle,6,Saturday,160,VEHICLE COLLIDES WITH VEHICLE PARKED ON LEFT OF ROAD,3,689116,Cross intersection,2,40,Local Road,ROUSE,PORT PHILLIP,-37.841255,144.93797,2021,4,April,20,Night,Weekend
T20210008030,2021-04-10,13:15:00,1,Collision with vehicle,6,Saturday,130,REAR END(VEHICLES IN SAME LANE),1,680675,Not at intersection,3,60,Arterial Other,CRAIGIEBURN,HUME,-37.597054,144.92366,2021,4,April,13,Midday,Weekend
T20210008032,2021-04-10,14:45:00,1,Collision with vehicle,6,Saturday,130,REAR END(VEHICLES IN SAME LANE),1,685392,Not at intersection,2,60,Arterial Other,PIONEER,GEELONG,-38.20194,144.33162,2021,4,April,14,Midday,Weekend
T20210011033,2021-04-11,14:38:00,1,Collision with vehicle,7,Sunday,130,REAR END(VEHICLES IN SAME LANE),1,683498,Not at intersection,3,80,Freeway,WEST GATE,MELBOURNE,-37.82729,144.95267,2021,4,April,14,Midday,Weekend
T20210008064,2021-04-11,01:46:00,1,Collision with vehicle,7,Sunday,111,RIGHT FAR (INTERSECTIONS ONLY),3,44311,T intersection,2,60,Arterial Other,SAYERS,WYNDHAM,-37.853886,144.74507,2021,4,April,1,Late Night,Weekend
T20210009435,2021-04-11,20:45:00,1,Collision with vehicle,7,Sunday,111,RIGHT FAR (INTERSECTIONS ONLY),6,57536,Cross intersection,3,60,Arterial Highway,BRIGHTON ROAD -NEPEAN,GLEN EIRA,-37.883835,144.99728,2021,4,April,20,Night,Weekend
T20210008430,2021-04-11,09:30:00,8,No collision and no object struck,7,Sunday,174,OUT OF CONTROL ON CARRIAGEWAY (ON STRAIGHT),1,681070,T intersection,3,50,Local Road,LULIE,YARRA,-37.79629,144.9956,2021,4,April,9,Morning Peak,Weekend
T20210017255,2021-04-11,15:25:00,1,Collision with vehicle,7,Sunday,130,REAR END(VEHICLES IN SAME LANE),1,692058,Not at intersection,3,60,Arterial Other,MAIN,MOORABOOL,-37.675465,144.43488,2021,4,April,15,Afternoon Peak,Weekend
T20210008107,2021-04-11,14:20:00,1,Collision with vehicle,7,Sunday,110,CROSS TRAFFIC(INTERSECTIONS ONLY),1,235256,Cross intersection,3,60,Arterial Other,ANDERSON,BRIMBANK,-37.777325,144.82867,2021,4,April,14,Midday,Weekend
T20210008077,2021-04-11,06:42:00,4,Collision with a fixed object,7,Sunday,173,RIGHT OFF CARRIAGEWAY INTO OBJECT/PARKED VEHICLE,6,730108,Not at intersection,3,80,Arterial Highway,SOUTH GIPPSLAND,DANDENONG,-38.020664,145.23857,2021,4,April,6,Morning Peak,Weekend
T20210008103,2021-04-11,12:20:00,1,Collision with vehicle,7,Sunday,121,RIGHT THROUGH,1,36970,Cross intersection,3,50,Arterial Other,HIGH STREET,KNOX,-37.875164,145.24402,2021,4,April,12,Midday,Weekend
T20210008101,2021-04-11,12:30:00,4,Collision with a fixed object,7,Sunday,181,OFF RIGHT BEND INTO OBJECT/PARKED VEHICLE,1,681755,Not at intersection,3,80,Arterial Other,KANGAROO GROUND-WARRANDYTE,NILLUMBIK,-37.701916,145.22667,2021,4,April,12,Midday,Weekend
T20210008100,2021-04-11,13:50:00,1,Collision with vehicle,7,Sunday,110,CROSS TRAFFIC(INTERSECTIONS ONLY),1,603064,Cross intersection,3,100,Arterial Other,CAPE OTWAY,SURF COAST,-38.21981,144.21637,2021,4,April,13,Midday,Weekend
T20210008158,2021-04-11,08:30:00,1,Collision with vehicle,7,Sunday,113,RIGHT NEAR (INTERSECTIONS ONLY),1,680947,Cross intersection,3,60,Local Road,PLEASANT,BALLARAT,-37.55963,143.83905,2021,4,April,8,Morning Peak,Weekend
T20210008099,2021-04-11,13:45:00,1,Collision with vehicle,7,Sunday,110,CROSS TRAFFIC(INTERSECTIONS ONLY),1,63672,Cross intersection,3,50,Local Road,RALEIGH,DAREBIN,-37.759254,145.00522,2021,4,April,13,Midday,Weekend
T20210008096,2021-04-11,11:15:00,1,Collision with vehicle,7,Sunday,111,RIGHT FAR (INTERSECTIONS ONLY),1,45354,T intersection,2,60,Local Road,MANTELL,MOONEE VALLEY,-37.76159,144.91603,2021,4,April,11,Midday,Weekend
T20210008116,2021-04-11,16:10:00,4,Collision with a fixed object,7,Sunday,173,RIGHT OFF CARRIAGEWAY INTO OBJECT/PARKED VEHICLE,1,43852,Cross intersection,3,90,Arterial Highway,DANDENONG-HASTINGS,CASEY,-38.06289,145.24245,2021,4,April,16,Afternoon Peak,Weekend
T20210008095,2021-04-11,06:09:00,1,Collision with vehicle,7,Sunday,110,CROSS TRAFFIC(INTERSECTIONS ONLY),2,784838,Cross intersection,2,40,Arterial Other,WILLIAMS,STONNINGTON,-37.848137,145.00317,2021,4,April,6,Morning Peak,Weekend
T20210008148,2021-04-11,23:55:00,4,Collision with a fixed object,7,Sunday,173,RIGHT OFF CARRIAGEWAY INTO OBJECT/PARKED VEHICLE,3,686141,T intersection,3,50,Local Road,ABBOTSFORD,HUME,-37.539806,144.89893,2021,4,April,23,Night,Weekend
T20210008146,2021-04-11,22:52:00,1,Collision with vehicle,7,Sunday,121,RIGHT THROUGH,3,35525,Cross intersection,3,30,Arterial Other,HIGHBURY,MONASH,-37.857563,145.13144,2021,4,April,22,Night,Weekend
T20210008143,2021-04-11,21:15:00,1,Collision with vehicle,7,Sunday,121,RIGHT THROUGH,3,38744,Cross intersection,2,50,Arterial Other,BUCKLEY,MARIBYRNONG,-37.803257,144.8924,2021,4,April,21,Night,Weekend
T20210008094,2021-04-11,11:47:00,4,Collision with a fixed object,7,Sunday,171,LEFT OFF CARRIAGEWAY INTO OBJECT/PARKED VEHICLE,1,687014,Not at intersection,3,100,Freeway,HEATHERTON-EASTLINK OUT,DANDENONG,-37.968414,145.19542,2021,4,April,11,Midday,Weekend
T20210008089,2021-04-11,10:17:00,1,Collision with vehicle,7,Sunday,120,HEAD ON (NOT OVERTAKING),1,681125,Not at intersection,2,60,Local Road,ELIZABETH,MORNINGTON PENINSULA,-38.37503,144.87152,2021,4,April,10,Midday,Weekend
T20210010580,2021-04-11,11:00:00,1,Collision with vehicle,7,Sunday,140,U TURN,1,683023,Not at intersection,3,60,Local Road,HIGH,DAREBIN,-37.777973,144.99727,2021,4,April,11,Midday,Weekend
T20210008088,2021-04-11,09:35:00,4,Collision with a fixed object,7,Sunday,181,OFF RIGHT BEND INTO OBJECT/PARKED VEHICLE,1,680376,Not at intersection,3,80,Arterial Other,DONNA BUANG,YARRA RANGES,-37.725273,145.72316,2021,4,April,9,Morning Peak,Weekend
T20210008140,2021-04-11,21:19:00,1,Collision with vehicle,7,Sunday,134,LANE CHANGE RIGHT (NOT OVERTAKING),6,681617,Not at intersection,3,100,Freeway,PRINCES,WYNDHAM,-37.841763,144.79086,2021,4,April,21,Night,Weekend
T20210008139,2021-04-11,20:37:00,4,Collision with a fixed object,7,Sunday,173,RIGHT OFF CARRIAGEWAY INTO OBJECT/PARKED VEHICLE,3,687093,Not at intersection,2,50,Local Road,NIMBLEFOOT,YARRA RANGES,-37.741886,145.34807,2021,4,April,20,Night,Weekend
T20210008134,2021-04-11,18:42:00,1,Collision with vehicle,7,Sunday,120,HEAD ON (NOT OVERTAKING),3,730110,Not at intersection,3,50,Local Road,FINDON,WHITTLESEA,-37.64317,145.06703,2021,4,April,18,Afternoon Peak,Weekend
T20210008087,2021-04-11,10:20:00,4,Collision with a fixed object,7,Sunday,173,RIGHT OFF CARRIAGEWAY INTO OBJECT/PARKED VEHICLE,1,682361,Not at intersection,2,100,Arterial Highway,MAROONDAH,MANSFIELD,-37.026604,145.83725,2021,4,April,10,Midday,Weekend
T20210008130,2021-04-11,16:49:00,4,Collision with a fixed object,7,Sunday,183,OFF LEFT BEND INTO OBJECT/PARKED VEHICLE,1,680873,Not at intersection,3,80,Local Road,KONAGADERRA,HUME,-37.55122,144.84929,2021,4,April,16,Afternoon Peak,Weekend
T20210008127,2021-04-11,19:08:00,4,Collision with a fixed object,7,Sunday,171,LEFT OFF CARRIAGEWAY INTO OBJECT/PARKED VEHICLE,3,36071,Cross intersection,3,100,Arterial Other,DONNYBROOK,WHITTLESEA,-37.549088,145.03061,2021,4,April,19,Night,Weekend
T20210008125,2021-04-11,17:34:00,6,Vehicle overturned (no collision),7,Sunday,170,OFF CARRIAGEWAY TO LEFT,5,705395,Not at intersection,3,100,Arterial Highway,MAROONDAH,MURRINDINDI,-37.43776,145.69865,2021,4,April,17,Afternoon Peak,Weekend
T20210012800,2021-04-11,19:00:00,1,Collision with vehicle,7,Sunday,140,U TURN,3,689007,Not at intersection,3,80,Arterial Highway,BURWOOD,KNOX,-37.88343,145.27959,2021,4,April,19,Night,Weekend
T20210008079,2021-04-11,08:13:00,4,Collision with a fixed object,7,Sunday,171,LEFT OFF CARRIAGEWAY INTO OBJECT/PARKED VEHICLE,1,692050,T intersection,2,60,Local Road,PATTERSONS,CASEY,-38.120296,145.3404,2021,4,April,8,Morning Peak,Weekend
T20210008124,2021-04-11,18:54:00,1,Collision with vehicle,7,Sunday,121,RIGHT THROUGH,3,1015,Cross intersection,2,80,Arterial Other,CLYDE,CASEY,-38.05993,145.33846,2021,4,April,18,Afternoon Peak,Weekend