ACCIDENT_NO,ACCIDENT_DATE,ACCIDENT_TIME,ACCIDENT_TYPE,ACCIDENT_TYPE_DESC,DAY_OF_WEEK,DAY_WEEK_DESC,DCA_CODE,DCA_DESC,LIGHT_CONDITION,NODE_ID,ROAD_GEOMETRY_DESC,SEVERITY,SPEED_ZONE,RMA,ROAD_NAME,LGA_NAME,LATITUDE,LONGITUDE,YEAR,MONTH,MONTH_NAME,HOUR,TIME_PERIOD,DAY_TYPE
T20210008118,2021-04-11,17:40:00,1,Collision with vehicle,7,Sunday,160,VEHICLE COLLIDES WITH VEHICLE PARKED ON LEFT OF ROAD,2,683252,Not at intersection,2,50,Local Road,GOLDEN,KINGSTON,-38.057804,145.12086,2021,4,April,17,Afternoon Peak,Weekend
T20210008078,2021-04-11,06:46:00,4,Collision with a fixed object,7,Sunday,173,RIGHT OFF CARRIAGEWAY INTO OBJECT/PARKED VEHICLE,1,681071,Multiple intersection,3,100,Freeway,BELGRAVE-HALLAM-MONASH IN,CASEY,-37.9969,145.27017,2021,4,April,6,Morning Peak,Weekend
T20210008556,2021-04-11,17:51:00,1,Collision with vehicle,7,Sunday,121,RIGHT THROUGH,2,222039,Cross intersection,2,60,Arterial Other,VICTORIA,YARRA,-37.807724,144.97322,2021,4,April,17,Afternoon Peak,Weekend
T20210008964,2021-04-11,09:42:00,4,Collision with a fixed object,7,Sunday,181,OFF RIGHT BEND INTO OBJECT/PARKED VEHICLE,1,681397,Not at intersection,2,50,Local Road,BEVERLEY,BANYULE,-37.75067,145.07849,2021,4,April,9,Morning Peak,Weekend
T20210008076,2021-04-11,06:16:00,4,Collision with a fixed object,7,Sunday,171,LEFT OFF CARRIAGEWAY INTO OBJECT/PARKED VEHICLE,3,224806,Cross intersection,3,70,Arterial Highway,HODDLE,MELBOURNE,-37.80991,144.99132,2021,4,April,6,Morning Peak,Weekend
T20210008070,2021-04-11,00:34:00,4,Collision with a fixed object,7,Sunday,171,LEFT OFF CARRIAGEWAY INTO OBJECT/PARKED VEHICLE,3,686743,Not at intersection,2,70,Local Road,MELBOURNE,MORNINGTON PENINSULA,-38.365234,144.76617,2021,4,April,0,Late Night,Weekend
T20210008069,2021-04-11,03:21:00,4,Collision with a fixed object,7,Sunday,171,LEFT OFF CARRIAGEWAY INTO OBJECT/PARKED VEHICLE,5,682975,Not at intersection,3,100,Freeway,PENINSULA LINK IN-EASTLINK,FRANKSTON,-38.089302,145.15918,2021,4,April,3,Late Night,Weekend
T20210008111,2021-04-11,15:45:00,1,Collision with vehicle,7,Sunday,111,RIGHT FAR (INTERSECTIONS ONLY),1,44089,Cross intersection,3,80,Arterial Other,BALNARRING,MORNINGTON PENINSULA,-38.338863,145.09715,2021,4,April,15,Afternoon Peak,Weekend
T20210010799,2021-04-11,14:48:00,1,Collision with vehicle,7,Sunday,110,CROSS TRAFFIC(INTERSECTIONS ONLY),1,50699,Cross intersection,3,60,Arterial Highway,RAGLAN,WARRNAMBOOL,-38.382908,142.49031,2021,4,April,14,Midday,Weekend
T20210008186,2021-04-12,10:15:00,4,Collision with a fixed object,1,Monday,181,OFF RIGHT BEND INTO OBJECT/PARKED VEHICLE,1,680826,Not at intersection,3,100,Freeway,PRINCES,CARDINIA,-38.07009,145.63312,2021,4,April,10,Midday,Weekday
T20210008763,2021-04-12,13:03:00,1,Collision with vehicle,1,Monday,131,LEFT REAR,1,691530,T intersection,3,50,Arterial Other,BROADMEADOWS,HUME,-37.70813,144.87866,2021,4,April,13,Midday,Weekday
T20210008282,2021-04-12,18:35:00,1,Collision with vehicle,1,Monday,148,VEHICLE OFF FOOTPATH STRIKES VEH ON CARRIAGEWAY,3,694282,Multiple intersection,2,60,Local Road,DARLING,WARRNAMBOOL,-38.380627,142.48882,2021,4,April,18,Afternoon Peak,Weekday
T20210008279,2021-04-12,14:45:00,1,Collision with vehicle,1,Monday,120,HEAD ON (NOT OVERTAKING),1,684103,Not at intersection,2,100,Arterial Highway,PRINCES,EAST GIPPSLAND,-37.64742,148.83168,2021,4,April,14,Midday,Weekday
T20210008172,2021-04-12,11:40:00,1,Collision with vehicle,1,Monday,121,RIGHT THROUGH,1,50299,Cross intersection,3,50,Arterial Other,ORTON,GEELONG,-38.26962,144.52122,2021,4,April,11,Midday,Weekday
T20210008220,2021-04-12,21:13:00,1,Collision with vehicle,1,Monday,111,RIGHT FAR (INTERSECTIONS ONLY),3,62065,Cross intersection,2,60,Local Road,MELBOURNE,MORELAND,-37.703167,144.92351,2021,4,April,21,Night,Weekday
T20210008219,2021-04-12,19:50:00,1,Collision with vehicle,1,Monday,130,REAR END(VEHICLES IN SAME LANE),3,739916,Not at intersection,2,60,Arterial Other,BARRY,HUME,-37.664543,144.92876,2021,4,April,19,Night,Weekday
T20210008218,2021-04-12,04:43:00,1,Collision with vehicle,1,Monday,133,LANE SIDE SWIPE (VEHICLES IN PARALLEL LANES),3,683957,Not at intersection,3,80,Arterial Highway,GREENSBOROUGH,BANYULE,-37.69828,145.09137,2021,4,April,4,Late Night,Weekday
T20210009282,2021-04-12,13:12:00,1,Collision with vehicle,1,Monday,121,RIGHT THROUGH,1,254925,T intersection,3,80,Arterial Highway,BURWOOD,KNOX,-37.87024,145.23956,2021,4,April,13,Midday,Weekday
T20210008217,2021-04-12,21:15:00,1,Collision with vehicle,1,Monday,113,RIGHT NEAR (INTERSECTIONS ONLY),3,730113,T intersection,3,80,Arterial Other,BALLAN,WYNDHAM,-37.859966,144.59618,2021,4,April,21,Night,Weekday
T20220027184,2021-04-12,22:20:00,4,Collision with a fixed object,1,Monday,146,REVERSING INTO FIXED OBJECT/PARKED VEHICLE,3,780847,Not at intersection,3,50,Local Road,HERBERT,WYNDHAM,-37.87751,144.6966,2021,4,April,22,Night,Weekday
T20210008214,2021-04-12,18:00:00,4,Collision with a fixed object,1,Monday,173,RIGHT OFF CARRIAGEWAY INTO OBJECT/PARKED VEHICLE,2,687672,Not at intersection,3,100,Local Road,BUNDORAN,SOUTHERN GRAMPIANS,-37.789207,142.49579,2021,4,April,18,Afternoon Peak,Weekday
T20210008208,2021-04-12,18:44:00,1,Collision with vehicle,1,Monday,136,RIGHT TURN SIDESWIPE,5,680593,Not at intersection,2,80,Local Road,BANKS,GEELONG,-38.231304,144.58156,2021,4,April,18,Afternoon Peak,Weekday
T20210008171,2021-04-12,08:30:00,4,Collision with a fixed object,1,Monday,181,OFF RIGHT BEND INTO OBJECT/PARKED VEHICLE,1,684463,Not at intersection,2,100,Arterial Other,BRUTHEN-NOWA NOWA,EAST GIPPSLAND,-37.728153,147.93013,2021,4,April,8,Morning Peak,Weekday
T20210008297,2021-04-12,18:30:00,1,Collision with vehicle,1,Monday,147,VEHICLE STRIKES ANOTHER VEH WHILE EMERGING FROM DRIVEWAY,2,730117,Not at intersection,3,50,Local Road,HUMFFRAY,BALLARAT,-37.578102,143.85002,2021,4,April,18,Afternoon Peak,Weekday
T20210008196,2021-04-12,12:00:00,1,Collision with vehicle,1,Monday,130,REAR END(VEHICLES IN SAME LANE),1,680948,Not at intersection,3,60,Arterial Highway,KINGS,MELBOURNE,-37.828495,144.96278,2021,4,April,12,Midday,Weekday
T20210008829,2021-04-12,08:30:00,1,Collision with vehicle,1,Monday,130,REAR END(VEHICLES IN SAME LANE),1,682880,Not at intersection,2,60,Local Road,KOOYONG,GLEN EIRA,-37.87343,145.01743,2021,4,April,8,Morning Peak,Weekday
T20210008577,2021-04-12,15:55:00,1,Collision with vehicle,1,Monday,130,REAR END(VEHICLES IN SAME LANE),1,681310,Cross intersection,3,80,Arterial Highway,LOWER DANDENONG,KINGSTON,-37.99077,145.14459,2021,4,April,15,Afternoon Peak,Weekday
T20210008151,2021-04-12,06:20:00,1,Collision with vehicle,1,Monday,160,VEHICLE COLLIDES WITH VEHICLE PARKED ON LEFT OF ROAD,2,778594,Not at intersection,3,50,Local Road,WALNUT,MILDURA,-34.183292,142.15475,2021,4,April,6,Morning Peak,Weekday
T20210008207,2021-04-12,10:45:00,1,Collision with vehicle,1,Monday,130,REAR END(VEHICLES IN SAME LANE),1,50187,Cross intersection,3,60,Local Road,COPPARDS,GEELONG,-38.1825,144.40086,2021,4,April,10,Midday,Weekday
T20210008188,2021-04-12,14:20:00,1,Collision with vehicle,1,Monday,130,REAR END(VEHICLES IN SAME LANE),1,680678,Not at intersection,3,60,Local Road,OLD GEELONG,WYNDHAM,-37.88346,144.7004,2021,4,April,14,Midday,Weekday
T20210008202,2021-04-12,18:00:00,1,Collision with vehicle,1,Monday,130,REAR END(VEHICLES IN SAME LANE),2,41579,Cross intersection,2,60,Arterial Other,GAFFNEY,MORELAND,-37.730373,144.92834,2021,4,April,18,Afternoon Peak,Weekday
T20210012316,2021-04-12,10:05:00,4,Collision with a fixed object,1,Monday,183,OFF LEFT BEND INTO OBJECT/PARKED VEHICLE,1,730259,Not at intersection,3,60,Arterial Other,MOUNT DANDENONG TOURIST,YARRA RANGES,-37.859455,145.36932,2021,4,April,10,Midday,Weekday
T20210008435,2021-04-12,20:17:00,1,Collision with vehicle,1,Monday,137,LEFT TURN SIDESWIPE,3,41568,Cross intersection,3,40,Arterial Highway,WARRIGAL,MONASH,-37.90102,145.08676,2021,4,April,20,Night,Weekday
T20210008241,2021-04-12,12:20:00,4,Collision with a fixed object,1,Monday,183,OFF LEFT BEND INTO OBJECT/PARKED VEHICLE,1,682526,Not at intersection,2,100,Arterial Highway,PRINCES,EAST GIPPSLAND,-37.703815,148.57771,2021,4,April,12,Midday,Weekday
T20210008249,2021-04-12,12:25:00,6,Vehicle overturned (no collision),1,Monday,174,OUT OF CONTROL ON CARRIAGEWAY (ON STRAIGHT),1,684169,Not at intersection,3,100,Arterial Highway,PRINCES,EAST GIPPSLAND,-37.63929,148.84944,2021,4,April,12,Midday,Weekday
T20210008181,2021-04-12,11:18:00,4,Collision with a fixed object,1,Monday,181,OFF RIGHT BEND INTO OBJECT/PARKED VEHICLE,1,682767,Not at intersection,3,100,Local Road,FORGE CREEK,EAST GIPPSLAND,-37.90158,147.64725,2021,4,April,11,Midday,Weekday
T20210008156,2021-04-12,08:45:00,1,Collision with vehicle,1,Monday,130,REAR END(VEHICLES IN SAME LANE),1,680677,Not at intersection,2,60,Arterial Highway,ABERDEEN,GEELONG,-38.145763,144.33871,2021,4,April,8,Morning Peak,Weekday
T20210011989,2021-04-12,09:17:00,1,Collision with vehicle,1,Monday,132,RIGHT REAR.,1,36235,T intersection,3,60,Local Road,THAMES,KINGSTON,-38.045834,145.1348,2021,4,April,9,Morning Peak,Weekday
T20210008310,2021-04-12,23:56:00,1,Collision with vehicle,1,Monday,110,CROSS TRAFFIC(INTERSECTIONS ONLY),3,680683,Cross intersection,3,50,Local Road,ALBERT,MORELAND,-37.718292,144.96777,2021,4,April,23,Night,Weekday
T20210009024,2021-04-12,08:08:00,6,Vehicle overturned (no collision),1,Monday,180,OFF CARRIAGEWAY ON RIGHT BEND,1,685219,Not at intersection,3,70,Arterial Other,MONBULK,YARRA RANGES,-37.8964,145.35966,2021,4,April,8,Morning Peak,Weekday
T20210008320,2021-04-12,10:45:00,1,Collision with vehicle,1,Monday,130,REAR END(VEHICLES IN SAME LANE),9,684664,Not at intersection,3,60,Arterial Highway,ALEXANDRA,YARRA,-37.79436,144.9879,2021,4,April,10,Midday,Weekday
T20210008245,2021-04-12,06:45:00,8,No collision and no object struck,1,Monday,172,OFF CARRIAGEWAY TO RIGHT,1,681355,Not at intersection,3,100,Arterial Other,KOO WEE RUP-LONGWARRY,CARDINIA,-38.19046,145.65984,2021,4,April,6,Morning Peak,Weekday
T20210008234,2021-04-13,06:50:00,1,Collision with vehicle,2,Tuesday,120,HEAD ON (NOT OVERTAKING),1,682362,Not at intersection,3,40,Local Road,WELLINGTON,WHITTLESEA,-37.60133,145.06848,2021,4,April,6,Morning Peak,Weekday
T20210008231,2021-04-13,06:30:00,2,Struck Pedestrian,2,Tuesday,100,PED NEAR SIDE. PED HIT BY VEHICLE FROM THE RIGHT.,2,680825,T intersection,3,40,Arterial Other,MT DANDENONG,MAROONDAH,-37.798885,145.28255,2021,4,April,6,Morning Peak,Weekday
T20210011955,2021-04-13,22:35:00,2,Struck Pedestrian,2,Tuesday,107,PED ON FOOTHPATH STRUCK BY VEHENTERING/LEAVING DRIVEWAY.,3,684255,Not at intersection,3,40,Local Road,LONSDALE,MELBOURNE,-37.811455,144.9651,2021,4,April,22,Night,Weekday
T20210008230,2021-04-13,07:40:00,1,Collision with vehicle,2,Tuesday,130,REAR END(VEHICLES IN SAME LANE),1,730115,Not at intersection,2,80,Freeway,RINGWOOD,MAROONDAH,-37.810513,145.22556,2021,4,April,7,Morning Peak,Weekday
T20210008225,2021-04-13,06:20:00,1,Collision with vehicle,2,Tuesday,131,LEFT REAR,2,44382,Cross intersection,3,60,Arterial Other,HEATHS,WYNDHAM,-37.879505,144.70126,2021,4,April,6,Morning Peak,Weekday
T20210008221,2021-04-13,05:51:00,2,Struck Pedestrian,2,Tuesday,100,PED NEAR SIDE. PED HIT BY VEHICLE FROM THE RIGHT.,3,680680,Cross intersection,2,60,Arterial Highway,MAROONDAH HIGHWAY -WHITEHORSE,MAROONDAH,-37.817177,145.21342,2021,4,April,5,Morning Peak,Weekday
T20210008236,2021-04-13,09:04:00,1,Collision with vehicle,2,Tuesday,137,LEFT TURN SIDESWIPE,1,35365,Cross intersection,2,40,Local Road,EXHIBITION,MELBOURNE,-37.809135,144.9692,2021,4,April,9,Morning Peak,Weekday
T20210008400,2021-04-13,18:44:00,1,Collision with vehicle,2,Tuesday,132,RIGHT REAR.,3,681395,Not at intersection,3,60,Arterial Other,LA TROBE,BALLARAT,-37.57046,143.81573,2021,4,April,18,Afternoon Peak,Weekday
T20210008632,2021-04-13,17:15:00,1,Collision with vehicle,2,Tuesday,130,REAR END(VEHICLES IN SAME LANE),1,52158,T intersection,3,80,Arterial Other,NARRACAN,LATROBE,-38.18166,146.27452,2021,4,April,17,Afternoon Peak,Weekday
T20210009507,2021-04-13,15:00:00,6,Vehicle overturned (no collision),2,Tuesday,174,OUT OF CONTROL ON CARRIAGEWAY (ON STRAIGHT),1,351941,Cross intersection,3,80,Arterial Other,SUNSHINE,BRIMBANK,-37.729565,144.81512,2021,4,April,15,Afternoon Peak,Weekday
T20210008308,2021-04-13,21:15:00,1,Collision with vehicle,2,Tuesday,160,VEHICLE COLLIDES WITH VEHICLE PARKED ON LEFT OF ROAD,3,680950,Not at intersection,3,50,Local Road,VIEW MOUNT,MONASH,-37.898586,145.17473,2021,4,April,21,Night,Weekday
T20210008312,2021-04-13,20:50:00,1,Collision with vehicle,2,Tuesday,120,HEAD ON (NOT OVERTAKING),3,706281,Not at intersection,2,50,Local Road,DALEY,MORELAND,-37.697124,144.92854,2021,4,April,20,Night,Weekday
T20210008436,2021-04-13,16:15:00,1,Collision with vehicle,2,Tuesday,111,RIGHT FAR (INTERSECTIONS ONLY),1,40133,Y intersection,3,40,Local Road,CHAPEL,STONNINGTON,-37.856686,144.99245,2021,4,April,16,Afternoon Peak,Weekday
T20210008304,2021-04-13,19:00:00,1,Collision with vehicle,2,Tuesday,120,HEAD ON (NOT OVERTAKING),3,680949,Not at intersection,2,40,Arterial Other,BURWOOD,YARRA RANGES,-37.9094,145.35426,2021,4,April,19,Night,Weekday
T20210008905,2021-04-13,19:05:00,1,Collision with vehicle,2,Tuesday,140,U TURN,3,685589,Not at intersection,2,60,Arterial Other,MAIN,BRIMBANK,-37.744,144.79793,2021,4,April,19,Night,Weekday
T20210008798,2021-04-13,12:50:00,8,No collision and no object struck,2,Tuesday,174,OUT OF CONTROL ON CARRIAGEWAY (ON STRAIGHT),1,681237,T intersection,2,50,Local Road,HILLSIDE,MARIBYRNONG,-37.77114,144.89209,2021,4,April,12,Midday,Weekday
T20210008299,2021-04-13,20:16:00,2,Struck Pedestrian,2,Tuesday,100,PED NEAR SIDE. PED HIT BY VEHICLE FROM THE RIGHT.,3,681701,Not at intersection,3,40,Arterial Other,JOHNSTON,YARRA,-37.798103,144.9763,2021,4,April,20,Night,Weekday
T20210008271,2021-04-13,13:20:00,1,Collision with vehicle,2,Tuesday,130,REAR END(VEHICLES IN SAME LANE),1,57520,Cross intersection,3,60,Arterial Highway,DANDENONG,PORT PHILLIP,-37.860416,145.01048,2021,4,April,13,Midday,Weekday
T20210009661,2021-04-13,18:15:00,1,Collision with vehicle,2,Tuesday,134,LANE CHANGE RIGHT (NOT OVERTAKING),2,698314,Cross intersection,3,60,Local Road,ALMA,PORT PHILLIP,-37.860508,144.98454,2021,4,April,18,Afternoon Peak,Weekday
T20210008321,2021-04-13,15:00:00,4,Collision with a fixed object,2,Tuesday,173,RIGHT OFF CARRIAGEWAY INTO OBJECT/PARKED VEHICLE,1,780851,Not at intersection,3,100,Local Road,DENISON,WELLINGTON,-38.102585,146.80501,2021,4,April,15,Afternoon Peak,Weekday
T20210009844,2021-04-13,12:30:00,1,Collision with vehicle,2,Tuesday,140,U TURN,1,682635,Not at intersection,3,80,Arterial Other,DORSET,MAROONDAH,-37.825092,145.28761,2021,4,April,12,Midday,Weekday
T20210008316,2021-04-13,11:30:00,1,Collision with vehicle,2,Tuesday,121,RIGHT THROUGH,1,36629,Cross intersection,2,40,Local Road,PERRY,YARRA,-37.800163,144.98718,2021,4,April,11,Midday,Weekday
T20210008278,2021-04-13,13:20:00,1,Collision with vehicle,2,Tuesday,121,RIGHT THROUGH,1,57552,Cross intersection,2,80,Arterial Highway,WARRIGAL,STONNINGTON,-37.892857,145.08824,2021,4,April,13,Midday,Weekday
T20210008237,2021-04-13,09:05:00,1,Collision with vehicle,2,Tuesday,120,HEAD ON (NOT OVERTAKING),1,681756,Not at intersection,3,50,Local Road,SPRINGVALE,KINGSTON,-38.02692,145.13167,2021,4,April,9,Morning Peak,Weekday
T20210008729,2021-04-13,05:30:00,1,Collision with vehicle,2,Tuesday,130,REAR END(VEHICLES IN SAME LANE),6,681354,Not at intersection,3,80,Freeway,MONASH,MONASH,-37.88922,145.11476,2021,4,April,5,Morning Peak,Weekday
T20210008280,2021-04-13,14:18:00,4,Collision with a fixed object,2,Tuesday,181,OFF RIGHT BEND INTO OBJECT/PARKED VEHICLE,1,685704,Not at intersection,2,100,Arterial Other,PAKENHAM,CARDINIA,-38.03359,145.48752,2021,4,April,14,Midday,Weekday
T20210008281,2021-04-13,12:30:00,1,Collision with vehicle,2,Tuesday,131,LEFT REAR,1,237965,Cross intersection,3,50,Arterial Other,HUME,HUME,-37.617043,144.94705,2021,4,April,12,Midday,Weekday
T20210008288,2021-04-13,16:40:00,8,No collision and no object struck,2,Tuesday,174,OUT OF CONTROL ON CARRIAGEWAY (ON STRAIGHT),1,683487,Not at intersection,2,80,Arterial Highway,PRINCES,CASEY,-38.00849,145.2777,2021,4,April,16,Afternoon Peak,Weekday
T20210008862,2021-04-13,10:35:00,1,Collision with vehicle,2,Tuesday,110,CROSS TRAFFIC(INTERSECTIONS ONLY),1,682454,Cross intersection,3,60,Local Road,WATSON,SHEPPARTON,-36.62026,145.22041,2021,4,April,10,Midday,Weekday
T20210008253,2021-04-13,12:24:00,1,Collision with vehicle,2,Tuesday,133,LANE SIDE SWIPE (VEHICLES IN PARALLEL LANES),1,683922,Not at intersection,2,70,Arterial Other,BALLARAT,BRIMBANK,-37.77159,144.7878,2021,4,April,12,Midday,Weekday
T20210008292,2021-04-13,17:00:00,4,Collision with a fixed object,2,Tuesday,171,LEFT OFF CARRIAGEWAY INTO OBJECT/PARKED VEHICLE,1,82125,Not at intersection,3,50,Local Road,VICTORIA,DAREBIN,-37.76069,145.01294,2021,4,April,17,Afternoon Peak,Weekday
T20210008313,2021-04-13,05:30:00,1,Collision with vehicle,2,Tuesday,130,REAR END(VEHICLES IN SAME LANE),3,681353,Not at intersection,3,80,Freeway,MONASH,MONASH,-37.889442,145.11511,2021,4,April,5,Morning Peak,Weekday
T20210008858,2021-04-13,18:20:00,1,Collision with vehicle,2,Tuesday,142,LEAVING PARKING,2,681448,Not at intersection,3,60,Local Road,BEACH,SURF COAST,-38.326492,144.32175,2021,4,April,18,Afternoon Peak,Weekday
T20210008259,2021-04-13,11:50:00,1,Collision with vehicle,2,Tuesday,130,REAR END(VEHICLES IN SAME LANE),1,683902,Not at intersection,2,70,Arterial Highway,NORTH,GLEN EIRA,-37.90316,145.0331,2021,4,April,11,Midday,Weekday
T20210008708,2021-04-13,18:00:00,1,Collision with vehicle,2,Tuesday,130,REAR END(VEHICLES IN SAME LANE),1,682923,Not at intersection,3,50,Arterial Other,BALLARTO ROAD SERVICE,FRANKSTON,-38.116695,145.1915,2021,4,April,18,Afternoon Peak,Weekday
T20210008261,2021-04-13,11:43:00,1,Collision with vehicle,2,Tuesday,113,RIGHT NEAR (INTERSECTIONS ONLY),1,49753,T intersection,2,60,Arterial Other,NORTH SHORE,GEELONG,-38.099808,144.36319,2021,4,April,11,Midday,Weekday
T20210008265,2021-04-13,12:40:00,2,Struck Pedestrian,2,Tuesday,100,PED NEAR SIDE. PED HIT BY VEHICLE FROM THE RIGHT.,1,40147,T intersection,2,50,Arterial Highway,DANDENONG,STONNINGTON,-37.858047,144.99535,2021,4,April,12,Midday,Weekday
T20210008266,2021-04-13,10:06:00,4,Collision with a fixed object,2,Tuesday,173,RIGHT OFF CARRIAGEWAY INTO OBJECT/PARKED VEHICLE,1,37492,Cross intersection,2,50,Arterial Other,FERRARS,PORT PHILLIP,-37.83443,144.95563,2021,4,April,10,Midday,Weekday
T20210008277,2021-04-13,12:56:00,4,Collision with a fixed object,2,Tuesday,171,LEFT OFF CARRIAGEWAY INTO OBJECT/PARKED VEHICLE,1,329962,Not at intersection,3,70,Arterial Other,THOMPSONS,DANDENONG,-38.0764,145.22845,2021,4,April,12,Midday,Weekday
T20210009068,2021-04-13,09:00:00,1,Collision with vehicle,2,Tuesday,132,RIGHT REAR.,1,681497,Not at intersection,2,40,Local Road,BOX FOREST,MORELAND,-37.70416,144.95699,2021,4,April,9,Morning Peak,Weekday
T20210008347,2021-04-13,19:40:00,1,Collision with vehicle,2,Tuesday,121,RIGHT THROUGH,3,244459,Cross intersection,3,60,Non Arterial,HACKETTS,WYNDHAM,-37.896126,144.71686,2021,4,April,19,Night,Weekday
T20210008537,2021-04-14,14:00:00,1,Collision with vehicle,3,Wednesday,121,RIGHT THROUGH,1,688823,T intersection,2,60,Arterial Highway,BELL,MORELAND,-37.73983,144.95158,2021,4,April,14,Midday,Weekday
T20210009523,2021-04-14,17:00:00,1,Collision with vehicle,3,Wednesday,130,REAR END(VEHICLES IN SAME LANE),1,681975,Not at intersection,3,70,Arterial Other,STATION,BRIMBANK,-37.76683,144.77548,2021,4,April,17,Afternoon Peak,Weekday
T20210008475,2021-04-14,13:31:00,5,collision with some other object,3,Wednesday,171,LEFT OFF CARRIAGEWAY INTO OBJECT/PARKED VEHICLE,1,683366,Not at intersection,3,40,Arterial Other,HIGH,STRATHBOGIE,-36.784996,145.15361,2021,4,April,13,Midday,Weekday
T20210012378,2021-04-14,06:30:00,6,Vehicle overturned (no collision),3,Wednesday,170,OFF CARRIAGEWAY TO LEFT,9,685278,Not at intersection,3,100,Arterial Highway,HENTY,SOUTHERN GRAMPIANS,-37.76242,141.99771,2021,4,April,6,Morning Peak,Weekday
T20210008332,2021-04-14,09:43:00,4,Collision with a fixed object,3,Wednesday,171,LEFT OFF CARRIAGEWAY INTO OBJECT/PARKED VEHICLE,1,55246,Multiple intersection,3,50,Local Road,CAMPBELL,SWAN HILL,-35.342815,143.56067,2021,4,April,9,Morning Peak,Weekday
T20210008331,2021-04-14,09:30:00,1,Collision with vehicle,3,Wednesday,121,RIGHT THROUGH,1,352583,Cross intersection,2,80,Local Road,GLASTONE,DANDENONG,-37.97526,145.20363,2021,4,April,9,Morning Peak,Weekday
T20210008345,2021-04-14,11:25:00,1,Collision with vehicle,3,Wednesday,121,RIGHT THROUGH,1,40424,Cross intersection,2,60,Arterial Other,HIGH,STONNINGTON,-37.85939,145.05133,2021,4,April,11,Midday,Weekday
T20210008337,2021-04-14,07:11:00,1,Collision with vehicle,3,Wednesday,113,RIGHT NEAR (INTERSECTIONS ONLY),1,776869,T intersection,2,50,Arterial Highway,SURFCOAST,GEELONG,-38.226883,144.33656,2021,4,April,7,Morning Peak,Weekday
T20210008375,2021-04-14,20:35:00,1,Collision with vehicle,3,Wednesday,116,LEFT NEAR (INTERSECTIONS ONLY),3,44372,T intersection,3,60,Arterial Other,HEATHS,WYNDHAM,-37.878395,144.68974,2021,4,April,20,Night,Weekday
T20210008376,2021-04-14,16:12:00,2,Struck Pedestrian,3,Wednesday,109,ANY MANOEUVRE INVOLVING PED NOT INCLUDED IN DCAs 100-108.,1,681352,Not at intersection,2,50,Local Road,ERNEST JONES,DAREBIN,-37.716026,145.06256,2021,4,April,16,Afternoon Peak,Weekday
T20210008323,2021-04-14,07:20:00,4,Collision with a fixed object,3,Wednesday,171,LEFT OFF CARRIAGEWAY INTO OBJECT/PARKED VEHICLE,1,682970,Not at intersection,3,60,Arterial Other,MAIN,NILLUMBIK,-37.702065,145.17052,2021,4,April,7,Morning Peak,Weekday
T20210008355,2021-04-14,10:07:00,1,Collision with vehicle,3,Wednesday,113,RIGHT NEAR (INTERSECTIONS ONLY),1,282647,T intersection,3,60,Local Road,BANGHOLME,DANDENONG,-38.034992,145.18678,2021,4,April,10,Midday,Weekday
T20210008350,2021-04-14,13:30:00,1,Collision with vehicle,3,Wednesday,121,RIGHT THROUGH,1,680777,T intersection,3,60,Local Road,GRAND,HUME,-37.58397,144.9389,2021,4,April,13,Midday,Weekday
T20210008340,2021-04-14,11:30:00,1,Collision with vehicle,3,Wednesday,130,REAR END(VEHICLES IN SAME LANE),1,685859,Not at intersection,3,100,Arterial Other,BALLAN,WYNDHAM,-37.807186,144.50232,2021,4,April,11,Midday,Weekday
T20210008367,2021-04-14,18:10:00,8,No collision and no object struck,3,Wednesday,180,OFF CARRIAGEWAY ON RIGHT BEND,3,681966,Not at intersection,2,70,Arterial Other,TEMPLESTOWE,MANNINGHAM,-37.75566,145.1079,2021,4,April,18,Afternoon Peak,Weekday
T20210008327,2021-04-14,10:00:00,1,Collision with vehicle,3,Wednesday,130,REAR END(VEHICLES IN SAME LANE),1,35376,Cross intersection,3,70,Arterial Highway,HODDLE STREET -PUNT,MELBOURNE,-37.817554,144.99002,2021,4,April,10,Midday,Weekday
T20210008335,2021-04-14,10:00:00,1,Collision with vehicle,3,Wednesday,121,RIGHT THROUGH,1,259449,Cross intersection,3,60,Local Road,HAMMOND,DANDENONG,-38.005997,145.2073,2021,4,April,10,Midday,Weekday
T20210008334,2021-04-14,10:16:00,1,Collision with vehicle,3,Wednesday,135,LANE CHANGE LEFT (NOT OVERTAKING),1,86514,Not at intersection,3,60,Local Road,AUBURN,BOROONDARA,-37.830082,145.04361,2021,4,April,10,Midday,Weekday
T20210008379,2021-04-14,15:54:00,4,Collision with a fixed object,3,Wednesday,173,RIGHT OFF CARRIAGEWAY INTO OBJECT/PARKED VEHICLE,1,681924,Not at intersection,3,50,Local Road,RYRIE,WHITTLESEA,-37.618816,145.03934,2021,4,April,15,Afternoon Peak,Weekday
T20210008373,2021-04-14,17:50:00,1,Collision with vehicle,3,Wednesday,133,LANE SIDE SWIPE (VEHICLES IN PARALLEL LANES),1,682553,Not at intersection,3,60,Arterial Other,DUDLEY,MELBOURNE,-37.80915,144.9527,2021,4,April,17,Afternoon Peak,Weekday
T20210008339,2021-04-14,11:44:00,1,Collision with vehicle,3,Wednesday,121,RIGHT THROUGH,1,38957,T intersection,3,60,Arterial Other,BARKERS,BOROONDARA,-37.81481,145.03784,2021,4,April,11,Midday,Weekday
T20210008380,2021-04-14,21:35:00,1,Collision with vehicle,3,Wednesday,110,CROSS TRAFFIC(INTERSECTIONS ONLY),3,43785,Cross intersection,3,70,Arterial Highway,WARBURTON,YARRA RANGES,-37.76902,145.4131,2021,4,April,21,Night,Weekday