ACCIDENT_NO,ACCIDENT_DATE,ACCIDENT_TIME,ACCIDENT_TYPE,ACCIDENT_TYPE_DESC,DAY_OF_WEEK,DAY_WEEK_DESC,DCA_CODE,DCA_DESC,LIGHT_CONDITION,NODE_ID,ROAD_GEOMETRY_DESC,SEVERITY,SPEED_ZONE,RMA,ROAD_NAME,LGA_NAME,LATITUDE,LONGITUDE,YEAR,MONTH,MONTH_NAME,HOUR,TIME_PERIOD,DAY_TYPE
T20210010847,2021-04-14,22:15:00,1,Collision with vehicle,3,Wednesday,130,REAR END(VEHICLES IN SAME LANE),3,697742,Cross intersection,3,70,Arterial Highway,SPRINGVALE,DANDENONG,-37.93319,145.15569,2021,4,April,22,Night,Weekday
T20210008386,2021-04-14,09:00:00,1,Collision with vehicle,3,Wednesday,135,LANE CHANGE LEFT (NOT OVERTAKING),1,683921,Not at intersection,3,70,Arterial Other,ST KILDA,MELBOURNE,-37.83968,144.9768,2021,4,April,9,Morning Peak,Weekday
T20210008344,2021-04-14,12:38:00,1,Collision with vehicle,3,Wednesday,110,CROSS TRAFFIC(INTERSECTIONS ONLY),1,49355,Cross intersection,2,80,Arterial Highway,MURRAY VALLEY,WODONGA,-36.141445,147.00702,2021,4,April,12,Midday,Weekday
T20210008354,2021-04-14,14:30:00,1,Collision with vehicle,3,Wednesday,130,REAR END(VEHICLES IN SAME LANE),1,680778,Not at intersection,3,80,Freeway,METROPOLITAN RING,BANYULE,-37.69149,145.08896,2021,4,April,14,Midday,Weekday
T20210008387,2021-04-14,12:20:00,4,Collision with a fixed object,3,Wednesday,181,OFF RIGHT BEND INTO OBJECT/PARKED VEHICLE,1,730123,T intersection,3,50,Local Road,COLLINGROVE,WHITTLESEA,-37.589115,145.12108,2021,4,April,12,Midday,Weekday
T20210008356,2021-04-14,12:21:00,1,Collision with vehicle,3,Wednesday,113,RIGHT NEAR (INTERSECTIONS ONLY),1,241125,T intersection,2,80,Arterial Other,MELTON,MELTON,-37.68317,144.66164,2021,4,April,12,Midday,Weekday
T20210008366,2021-04-14,16:09:00,1,Collision with vehicle,3,Wednesday,130,REAR END(VEHICLES IN SAME LANE),1,680875,Not at intersection,3,60,Arterial Highway,RACECOURSE,MOONEE VALLEY,-37.788177,144.92966,2021,4,April,16,Afternoon Peak,Weekday
T20210010141,2021-04-14,16:20:00,1,Collision with vehicle,3,Wednesday,130,REAR END(VEHICLES IN SAME LANE),9,682841,Not at intersection,3,60,Arterial Other,BREAKWATER,GEELONG,-38.179325,144.36742,2021,4,April,16,Afternoon Peak,Weekday
T20210008377,2021-04-14,06:15:00,1,Collision with vehicle,3,Wednesday,111,RIGHT FAR (INTERSECTIONS ONLY),2,54991,Cross intersection,3,50,Arterial Highway,DEAKIN,MILDURA,-34.19233,142.15361,2021,4,April,6,Morning Peak,Weekday
T20210008351,2021-04-14,12:30:00,1,Collision with vehicle,3,Wednesday,110,CROSS TRAFFIC(INTERSECTIONS ONLY),1,73130,Cross intersection,3,50,Local Road,BAYNES,CORANGAMITE,-38.239773,142.91609,2021,4,April,12,Midday,Weekday
T20210008361,2021-04-14,16:15:00,1,Collision with vehicle,3,Wednesday,131,LEFT REAR,2,277995,T intersection,2,60,Arterial Highway,TALLAROOK,MITCHELL,-37.019493,145.12904,2021,4,April,16,Afternoon Peak,Weekday
T20210008364,2021-04-14,18:12:00,1,Collision with vehicle,3,Wednesday,140,U TURN,3,681791,Not at intersection,2,50,Local Road,EMPIRE,MARIBYRNONG,-37.78856,144.89151,2021,4,April,18,Afternoon Peak,Weekday
T20210008328,2021-04-14,07:35:00,1,Collision with vehicle,3,Wednesday,137,LEFT TURN SIDESWIPE,1,29389,Cross intersection,3,40,Local Road,SWANSTON,MELBOURNE,-37.79684,144.96461,2021,4,April,7,Morning Peak,Weekday
T20210008378,2021-04-14,15:10:00,6,Vehicle overturned (no collision),3,Wednesday,180,OFF CARRIAGEWAY ON RIGHT BEND,1,686916,Not at intersection,2,100,Local Road,CULGOA-ULTIMA,BULOKE,-35.601154,143.09753,2021,4,April,15,Afternoon Peak,Weekday
T20210008349,2021-04-14,08:22:00,1,Collision with vehicle,3,Wednesday,113,RIGHT NEAR (INTERSECTIONS ONLY),1,687875,Cross intersection,2,70,Local Road,TARNEIT,WYNDHAM,-37.846363,144.66946,2021,4,April,8,Morning Peak,Weekday
T20210009819,2021-04-14,16:20:00,1,Collision with vehicle,3,Wednesday,130,REAR END(VEHICLES IN SAME LANE),1,682369,Not at intersection,3,60,Local Road,ROSSACK,GEELONG,-38.20131,144.3118,2021,4,April,16,Afternoon Peak,Weekday
T20210008329,2021-04-14,09:30:00,1,Collision with vehicle,3,Wednesday,113,RIGHT NEAR (INTERSECTIONS ONLY),1,52112,T intersection,3,60,Arterial Other,PRINCES,BAW BAW,-38.15952,145.92265,2021,4,April,9,Morning Peak,Weekday
T20210008348,2021-04-14,11:45:00,1,Collision with vehicle,3,Wednesday,142,LEAVING PARKING,1,682254,Not at intersection,3,60,Local Road,KENNEDY,SOUTHERN GRAMPIANS,-37.74477,142.02087,2021,4,April,11,Midday,Weekday
T20210008418,2021-04-15,07:10:00,1,Collision with vehicle,4,Thursday,163,VEHICLE STRIKES DOOR OF PARKED/STATIONARY VEHICLE,1,681925,T intersection,3,40,Local Road,COLLINS,MELBOURNE,-37.817226,144.96056,2021,4,April,7,Morning Peak,Weekday
T20210008385,2021-04-15,04:39:00,1,Collision with vehicle,4,Thursday,121,RIGHT THROUGH,3,35934,Cross intersection,2,60,Arterial Other,SYDNEY,MORELAND,-37.75546,144.96413,2021,4,April,4,Late Night,Weekday
T20210008413,2021-04-15,13:43:00,1,Collision with vehicle,4,Thursday,113,RIGHT NEAR (INTERSECTIONS ONLY),1,45570,T intersection,3,60,Arterial Other,MORELAND,MORELAND,-37.75377,144.94992,2021,4,April,13,Midday,Weekday
T20210008412,2021-04-15,12:30:00,1,Collision with vehicle,4,Thursday,110,CROSS TRAFFIC(INTERSECTIONS ONLY),1,58409,Cross intersection,2,100,Arterial Other,BENALLA-TOCUMWAL,MOIRA,-35.96985,145.61923,2021,4,April,12,Midday,Weekday
T20210008393,2021-04-15,08:00:00,1,Collision with vehicle,4,Thursday,121,RIGHT THROUGH,1,569,Cross intersection,3,60,Local Road,FULLARTON,MOONEE VALLEY,-37.728703,144.86978,2021,4,April,8,Morning Peak,Weekday
T20210008461,2021-04-15,22:59:00,7,Fall from or in moving vehicle,4,Thursday,190,FELL IN/FROM VEHICLE,3,680882,T intersection,2,40,Local Road,LONSDALE,MELBOURNE,-37.810745,144.96753,2021,4,April,22,Night,Weekday
T20210008432,2021-04-15,15:00:00,1,Collision with vehicle,4,Thursday,130,REAR END(VEHICLES IN SAME LANE),1,681967,Not at intersection,3,100,Local Road,CARDINIA,CARDINIA,-38.12856,145.42819,2021,4,April,15,Afternoon Peak,Weekday
T20210008459,2021-04-15,20:30:00,1,Collision with vehicle,4,Thursday,139,OTHER SAME DIRECTION-MANOUEVRES NOT INCLUDED IN DCAs 130-137,3,684039,Not at intersection,3,80,Freeway,CITYLINK,MOONEE VALLEY,-37.76878,144.93724,2021,4,April,20,Night,Weekday
T20210008458,2021-04-15,21:51:00,1,Collision with vehicle,4,Thursday,130,REAR END(VEHICLES IN SAME LANE),3,278523,Not at intersection,3,60,Arterial Other,EPPING,WHITTLESEA,-37.63153,145.02736,2021,4,April,21,Night,Weekday
T20210008410,2021-04-15,12:05:00,1,Collision with vehicle,4,Thursday,113,RIGHT NEAR (INTERSECTIONS ONLY),1,42529,T intersection,2,80,Arterial Highway,SPRINGVALE,DANDENONG,-37.944775,145.15361,2021,4,April,12,Midday,Weekday
T20210008457,2021-04-15,06:07:00,1,Collision with vehicle,4,Thursday,111,RIGHT FAR (INTERSECTIONS ONLY),3,680784,Multiple intersection,3,80,Freeway,CALDER,MOUNT ALEXANDER,-36.955887,144.23604,2021,4,April,6,Morning Peak,Weekday
T20210008455,2021-04-15,19:10:00,1,Collision with vehicle,4,Thursday,121,RIGHT THROUGH,3,684512,Cross intersection,3,50,Arterial Other,BRIDGE INN,WHITTLESEA,-37.6037,145.1223,2021,4,April,19,Night,Weekday
T20210008405,2021-04-15,08:50:00,8,No collision and no object struck,4,Thursday,174,OUT OF CONTROL ON CARRIAGEWAY (ON STRAIGHT),1,36658,Cross intersection,3,60,Local Road,ISLINGTON,YARRA,-37.80707,144.99088,2021,4,April,8,Morning Peak,Weekday
T20210008402,2021-04-15,11:30:00,1,Collision with vehicle,4,Thursday,130,REAR END(VEHICLES IN SAME LANE),1,684338,Not at intersection,3,100,Arterial Other,MELBOURNE-LANCEFIELD,HUME,-37.60039,144.76233,2021,4,April,11,Midday,Weekday
T20210008398,2021-04-15,08:45:00,1,Collision with vehicle,4,Thursday,169,OTHER ON PATH,1,682969,Not at intersection,3,50,Local Road,INNELLAN,GLEN EIRA,-37.89393,145.06729,2021,4,April,8,Morning Peak,Weekday
T20210008397,2021-04-15,07:10:00,1,Collision with vehicle,4,Thursday,139,OTHER SAME DIRECTION-MANOUEVRES NOT INCLUDED IN DCAs 130-137,1,684104,Not at intersection,2,80,Freeway,MICKLEHAM-TULLAMARINE IN,HUME,-37.692238,144.88426,2021,4,April,7,Morning Peak,Weekday
T20210009071,2021-04-15,07:20:00,1,Collision with vehicle,4,Thursday,135,LANE CHANGE LEFT (NOT OVERTAKING),1,683843,Not at intersection,3,100,Freeway,MONASH,DANDENONG,-37.96552,145.23306,2021,4,April,7,Morning Peak,Weekday
T20210008453,2021-04-15,15:53:00,1,Collision with vehicle,4,Thursday,121,RIGHT THROUGH,1,45428,T intersection,2,60,Arterial Other,MT ALEXANDER,MOONEE VALLEY,-37.76995,144.92587,2021,4,April,15,Afternoon Peak,Weekday
T20210008445,2021-04-15,18:20:00,1,Collision with vehicle,4,Thursday,130,REAR END(VEHICLES IN SAME LANE),3,29746,Cross intersection,2,80,Arterial Highway,PRINCES,CASEY,-38.025246,145.3053,2021,4,April,18,Afternoon Peak,Weekday
T20210008442,2021-04-15,14:00:00,4,Collision with a fixed object,4,Thursday,181,OFF RIGHT BEND INTO OBJECT/PARKED VEHICLE,1,681187,Not at intersection,3,80,Arterial Other,BEACONSFIELD-EMERALD,CARDINIA,-37.990643,145.42462,2021,4,April,14,Midday,Weekday
T20210008396,2021-04-15,09:08:00,2,Struck Pedestrian,4,Thursday,103,PED PLAYING/LYING/WORKING/STANDING ON CARRIAGEWAY.,1,680783,Not at intersection,3,50,Local Road,BELFORD,BOROONDARA,-37.80082,145.0465,2021,4,April,9,Morning Peak,Weekday
T20210008438,2021-04-15,17:04:00,1,Collision with vehicle,4,Thursday,121,RIGHT THROUGH,1,36935,Cross intersection,3,50,Local Road,TOPE,PORT PHILLIP,-37.82983,144.96284,2021,4,April,17,Afternoon Peak,Weekday
T20210008440,2021-04-15,18:05:00,4,Collision with a fixed object,4,Thursday,173,RIGHT OFF CARRIAGEWAY INTO OBJECT/PARKED VEHICLE,3,690223,Not at intersection,3,100,Arterial Highway,BELLARINE,GEELONG,-38.22475,144.53911,2021,4,April,18,Afternoon Peak,Weekday
T20210008441,2021-04-15,13:50:00,1,Collision with vehicle,4,Thursday,120,HEAD ON (NOT OVERTAKING),1,692158,Not at intersection,2,100,Arterial Other,OMEO,EAST GIPPSLAND,-37.00468,147.56165,2021,4,April,13,Midday,Weekday
T20210009334,2021-04-15,06:15:00,1,Collision with vehicle,4,Thursday,130,REAR END(VEHICLES IN SAME LANE),2,692159,Not at intersection,3,80,Freeway,MONASH,CASEY,-37.99911,145.2841,2021,4,April,6,Morning Peak,Weekday
T20210008875,2021-04-15,09:15:00,1,Collision with vehicle,4,Thursday,140,U TURN,1,688845,Not at intersection,2,40,Local Road,ACHESON,MORELAND,-37.727192,144.97252,2021,4,April,9,Morning Peak,Weekday
T20210008590,2021-04-15,17:50:00,2,Struck Pedestrian,4,Thursday,108,PED STRUCK WALKING TO/FROM OR BOARDING/ALIGHTING VEHICLE.,1,29386,Cross intersection,3,60,Arterial Other,MACARTHUR,MELBOURNE,-37.78988,144.95876,2021,4,April,17,Afternoon Peak,Weekday
T20210008591,2021-04-15,13:15:00,1,Collision with vehicle,4,Thursday,130,REAR END(VEHICLES IN SAME LANE),1,680957,Not at intersection,3,60,Arterial Other,HIGH,WHITTLESEA,-37.68008,145.01387,2021,4,April,13,Midday,Weekday
T20210009884,2021-04-15,12:00:00,8,No collision and no object struck,4,Thursday,180,OFF CARRIAGEWAY ON RIGHT BEND,1,682464,Not at intersection,3,100,Local Road,TEESDALE-INVERLEIGH,GOLDEN PLAINS,-38.08511,144.01642,2021,4,April,12,Midday,Weekday
T20210008466,2021-04-15,23:42:00,1,Collision with vehicle,4,Thursday,130,REAR END(VEHICLES IN SAME LANE),5,681188,Not at intersection,3,60,Local Road,BYRNES,MORNINGTON PENINSULA,-38.42155,145.04465,2021,4,April,23,Night,Weekday
T20210008423,2021-04-15,14:45:00,1,Collision with vehicle,4,Thursday,130,REAR END(VEHICLES IN SAME LANE),1,680879,Not at intersection,3,60,Arterial Other,GOVERNOR,KINGSTON,-38.009495,145.12228,2021,4,April,14,Midday,Weekday
T20210008463,2021-04-15,23:20:00,1,Collision with vehicle,4,Thursday,130,REAR END(VEHICLES IN SAME LANE),5,730127,Not at intersection,3,100,Freeway,HUME,HUME,-37.547657,144.94406,2021,4,April,23,Night,Weekday
T20210008420,2021-04-15,15:30:00,2,Struck Pedestrian,4,Thursday,100,PED NEAR SIDE. PED HIT BY VEHICLE FROM THE RIGHT.,1,680878,Not at intersection,2,50,Local Road,MICHAEL,BENDIGO,-36.757744,144.29544,2021,4,April,15,Afternoon Peak,Weekday
T20210008551,2021-04-16,22:22:00,1,Collision with vehicle,5,Friday,131,LEFT REAR,3,36203,Cross intersection,3,60,Arterial Other,VINEYARD,MELTON,-37.629066,144.70866,2021,4,April,22,Night,Weekday
T20210008735,2021-04-16,18:40:00,1,Collision with vehicle,5,Friday,137,LEFT TURN SIDESWIPE,9,40360,T intersection,2,60,Local Road,AUBURN,BOROONDARA,-37.83085,145.04349,2021,4,April,18,Afternoon Peak,Weekday
T20210008767,2021-04-16,15:40:00,1,Collision with vehicle,5,Friday,130,REAR END(VEHICLES IN SAME LANE),1,683664,Not at intersection,3,80,Freeway,MONASH,CASEY,-37.985077,145.24849,2021,4,April,15,Afternoon Peak,Weekday
T20210008534,2021-04-16,18:30:00,2,Struck Pedestrian,5,Friday,109,ANY MANOEUVRE INVOLVING PED NOT INCLUDED IN DCAs 100-108.,5,685627,Not at intersection,2,100,Local Road,ANDERSON,CAMPASPE,-36.160835,144.75574,2021,4,April,18,Afternoon Peak,Weekday
T20210012285,2021-04-16,20:33:00,1,Collision with vehicle,5,Friday,110,CROSS TRAFFIC(INTERSECTIONS ONLY),3,54028,Cross intersection,3,60,Arterial Other,STURT,BALLARAT,-37.56095,143.85045,2021,4,April,20,Night,Weekday
T20210014132,2021-04-16,15:47:00,1,Collision with vehicle,5,Friday,130,REAR END(VEHICLES IN SAME LANE),1,686805,Not at intersection,3,100,Freeway,MONASH,CASEY,-37.98273,145.24602,2021,4,April,15,Afternoon Peak,Weekday
T20210009342,2021-04-16,11:12:00,1,Collision with vehicle,5,Friday,130,REAR END(VEHICLES IN SAME LANE),1,681799,Not at intersection,3,70,Arterial Highway,SPRINGVALE,MONASH,-37.88715,145.16444,2021,4,April,11,Midday,Weekday
T20210008483,2021-04-16,09:02:00,1,Collision with vehicle,5,Friday,110,CROSS TRAFFIC(INTERSECTIONS ONLY),1,173,Cross intersection,2,70,Freeway,HODDLE,YARRA,-37.795143,144.99377,2021,4,April,9,Morning Peak,Weekday
T20210008485,2021-04-16,10:00:00,4,Collision with a fixed object,5,Friday,164,PERMANENT OBSTRUCTION ON CARRIAGEWAY,1,688573,Cross intersection,2,60,Local Road,COATES,EAST GIPPSLAND,-37.873417,148.00073,2021,4,April,10,Midday,Weekday
T20210008487,2021-04-16,10:29:00,4,Collision with a fixed object,5,Friday,171,LEFT OFF CARRIAGEWAY INTO OBJECT/PARKED VEHICLE,1,682889,Not at intersection,3,60,Local Road,OVERPORT,FRANKSTON,-38.165173,145.12527,2021,4,April,10,Midday,Weekday
T20210008471,2021-04-16,05:54:00,1,Collision with vehicle,5,Friday,130,REAR END(VEHICLES IN SAME LANE),3,680883,Not at intersection,3,100,Freeway,MONASH,DANDENONG,-37.956436,145.22021,2021,4,April,5,Morning Peak,Weekday
T20210008472,2021-04-16,06:48:00,1,Collision with vehicle,5,Friday,140,U TURN,2,311959,Not at intersection,2,60,Arterial Other,HORNE,HUME,-37.583,144.72339,2021,4,April,6,Morning Peak,Weekday
T20210008541,2021-04-16,17:50:00,1,Collision with vehicle,5,Friday,110,CROSS TRAFFIC(INTERSECTIONS ONLY),2,63663,Cross intersection,3,50,Local Road,LANTANA,BANYULE,-37.75896,145.04996,2021,4,April,17,Afternoon Peak,Weekday
T20210008539,2021-04-16,18:10:00,2,Struck Pedestrian,5,Friday,100,PED NEAR SIDE. PED HIT BY VEHICLE FROM THE RIGHT.,3,681031,Not at intersection,2,30,Arterial Other,STATION,WHITEHORSE,-37.81903,145.12364,2021,4,April,18,Afternoon Peak,Weekday
T20210008482,2021-04-16,08:25:00,1,Collision with vehicle,5,Friday,110,CROSS TRAFFIC(INTERSECTIONS ONLY),1,681129,Cross intersection,2,100,Arterial Other,BLUE RIBBON,YARRIAMBIACK,-36.357555,142.2258,2021,4,April,8,Morning Peak,Weekday
T20210008474,2021-04-16,01:04:00,1,Collision with vehicle,5,Friday,120,HEAD ON (NOT OVERTAKING),4,690703,Not at intersection,2,100,Arterial Highway,WESTERN,HINDMARSH,-36.37879,141.90004,2021,4,April,1,Late Night,Weekday
T20220017330,2021-04-16,10:00:00,8,No collision and no object struck,5,Friday,172,OFF CARRIAGEWAY TO RIGHT,1,724352,Not at intersection,3,100,Local Road,SCHOOL,MOORABOOL,-37.79725,144.43643,2021,4,April,10,Midday,Weekday
T20210008508,2021-04-16,08:45:00,1,Collision with vehicle,5,Friday,130,REAR END(VEHICLES IN SAME LANE),1,681184,Not at intersection,2,80,Freeway,MELBOURNE-WEST GATE OUT,HOBSONS BAY,-37.82599,144.88062,2021,4,April,8,Morning Peak,Weekday
T20210008486,2021-04-16,05:30:00,4,Collision with a fixed object,5,Friday,173,RIGHT OFF CARRIAGEWAY INTO OBJECT/PARKED VEHICLE,5,684456,Not at intersection,2,100,Arterial Other,WANGARATTA-YARRAWONGA,WANGARATTA,-36.27118,146.25084,2021,4,April,5,Morning Peak,Weekday
T20210008499,2021-04-16,12:00:00,2,Struck Pedestrian,5,Friday,100,PED NEAR SIDE. PED HIT BY VEHICLE FROM THE RIGHT.,1,681926,Not at intersection,3,60,Arterial Other,SETTLEMENT,WHITTLESEA,-37.696995,145.05109,2021,4,April,12,Midday,Weekday
T20210010588,2021-04-16,18:30:00,4,Collision with a fixed object,5,Friday,173,RIGHT OFF CARRIAGEWAY INTO OBJECT/PARKED VEHICLE,9,67778,T intersection,3,60,Local Road,FITZROY,HOBSONS BAY,-37.864418,144.77168,2021,4,April,18,Afternoon Peak,Weekday
T20210008530,2021-04-16,17:34:00,4,Collision with a fixed object,5,Friday,173,RIGHT OFF CARRIAGEWAY INTO OBJECT/PARKED VEHICLE,1,681183,Not at intersection,2,100,Arterial Other,BENDIGO-MARYBOROUGH,BENDIGO,-36.829285,144.0645,2021,4,April,17,Afternoon Peak,Weekday
T20210008515,2021-04-16,08:36:00,2,Struck Pedestrian,5,Friday,100,PED NEAR SIDE. PED HIT BY VEHICLE FROM THE RIGHT.,1,52909,Cross intersection,1,60,Arterial Highway,DOVETON,BALLARAT,-37.565903,143.85402,2021,4,April,8,Morning Peak,Weekday
T20210008503,2021-04-16,07:20:00,1,Collision with vehicle,5,Friday,135,LANE CHANGE LEFT (NOT OVERTAKING),1,683781,Not at intersection,3,60,Freeway,EASTERN,YARRA,-37.795128,144.99182,2021,4,April,7,Morning Peak,Weekday
T20210008517,2021-04-16,11:58:00,4,Collision with a fixed object,5,Friday,183,OFF LEFT BEND INTO OBJECT/PARKED VEHICLE,1,58419,Not at intersection,2,100,Arterial Highway,MURRAY VALLEY,MOIRA,-35.996258,145.8319,2021,4,April,11,Midday,Weekday
T20210008522,2021-04-16,16:10:00,1,Collision with vehicle,5,Friday,132,RIGHT REAR.,1,248416,T intersection,3,80,Arterial Highway,MIDLAND,MOUNT ALEXANDER,-37.043953,144.22328,2021,4,April,16,Afternoon Peak,Weekday
T20210008524,2021-04-16,17:00:00,1,Collision with vehicle,5,Friday,121,RIGHT THROUGH,1,730129,Cross intersection,3,80,Arterial Other,STUD,KNOX,-37.86494,145.23741,2021,4,April,17,Afternoon Peak,Weekday
T20210008525,2021-04-16,16:57:00,4,Collision with a fixed object,5,Friday,171,LEFT OFF CARRIAGEWAY INTO OBJECT/PARKED VEHICLE,1,690114,Not at intersection,2,50,Local Road,CUTHBERT,DAREBIN,-37.71618,145.01126,2021,4,April,16,Afternoon Peak,Weekday
T20210009003,2021-04-16,19:30:00,1,Collision with vehicle,5,Friday,121,RIGHT THROUGH,3,730142,Not at intersection,3,60,Arterial Other,CENTRE,GLEN EIRA,-37.92299,145.07362,2021,4,April,19,Night,Weekday
T20210008527,2021-04-16,18:30:00,1,Collision with vehicle,5,Friday,130,REAR END(VEHICLES IN SAME LANE),2,53220,T intersection,3,50,Local Road,SMITH,MELTON,-37.682396,144.5857,2021,4,April,18,Afternoon Peak,Weekday
T20210008531,2021-04-16,18:20:00,1,Collision with vehicle,5,Friday,147,VEHICLE STRIKES ANOTHER VEH WHILE EMERGING FROM DRIVEWAY,3,681351,Not at intersection,3,80,Arterial Highway,DEAKIN,MILDURA,-34.229504,142.10854,2021,4,April,18,Afternoon Peak,Weekday
T20210008554,2021-04-16,23:10:00,8,No collision and no object struck,5,Friday,174,OUT OF CONTROL ON CARRIAGEWAY (ON STRAIGHT),3,685062,Not at intersection,2,80,Arterial Highway,DANDENONG,MONASH,-37.920097,145.13611,2021,4,April,23,Night,Weekday
T20210008578,2021-04-16,21:00:00,6,Vehicle overturned (no collision),5,Friday,174,OUT OF CONTROL ON CARRIAGEWAY (ON STRAIGHT),6,53008,Cross intersection,3,60,Local Road,GRANT,BALLARAT,-37.595352,143.83145,2021,4,April,21,Night,Weekday
T20210008549,2021-04-16,17:49:00,1,Collision with vehicle,5,Friday,110,CROSS TRAFFIC(INTERSECTIONS ONLY),1,680833,Cross intersection,1,50,Local Road,BALFOUR,BRIMBANK,-37.75325,144.83728,2021,4,April,17,Afternoon Peak,Weekday
T20210008560,2021-04-16,13:40:00,1,Collision with vehicle,5,Friday,160,VEHICLE COLLIDES WITH VEHICLE PARKED ON LEFT OF ROAD,1,774072,Not at intersection,3,50,Local Road,VIEW MOUNT,MONASH,-37.9031,145.17389,2021,4,April,13,Midday,Weekday
T20210008542,2021-04-16,17:29:00,1,Collision with vehicle,5,Friday,130,REAR END(VEHICLES IN SAME LANE),2,680987,Not at intersection,3,60,Arterial Highway,SPRINGVALE,KINGSTON,-38.021507,145.13715,2021,4,April,17,Afternoon Peak,Weekday
T20210008600,2021-04-17,14:40:00,4,Collision with a fixed object,6,Saturday,171,LEFT OFF CARRIAGEWAY INTO OBJECT/PARKED VEHICLE,1,686211,Not at intersection,3,50,Local Road,NORMANS,EAST GIPPSLAND,-37.861687,147.84602,2021,4,April,14,Midday,Weekend
T20210008764,2021-04-17,14:30:00,1,Collision with vehicle,6,Saturday,152,PULLING OUT (OVERTAKING),9,682453,Not at intersection,2,60,Local Road,KOOYONG,GLEN EIRA,-37.862953,145.01941,2021,4,April,14,Midday,Weekend
T20210008603,2021-04-17,18:12:00,4,Collision with a fixed object,6,Saturday,171,LEFT OFF CARRIAGEWAY INTO OBJECT/PARKED VEHICLE,5,680916,Not at intersection,1,100,Arterial Highway,CALDER,LODDON,-36.637554,143.99837,2021,4,April,18,Afternoon Peak,Weekend
T20210020049,2021-04-17,20:30:00,4,Collision with a fixed object,6,Saturday,173,RIGHT OFF CARRIAGEWAY INTO OBJECT/PARKED VEHICLE,5,780863,Not at intersection,3,80,Arterial Other,WELLWOOD,BAW BAW,-38.116657,145.8335,2021,4,April,20,Night,Weekend
T20210008582,2021-04-17,10:20:00,4,Collision with a fixed object,6,Saturday,171,LEFT OFF CARRIAGEWAY INTO OBJECT/PARKED VEHICLE,1,784841,Not at intersection,2,80,Arterial Highway,MCIVOR,BENDIGO,-36.76115,144.32773,2021,4,April,10,Midday,Weekend
T20210008584,2021-04-17,10:13:00,1,Collision with vehicle,6,Saturday,130,REAR END(VEHICLES IN SAME LANE),1,690149,Not at intersection,2,80,Arterial Other,HUME,HUME,-37.634243,144.94998,2021,4,April,10,Midday,Weekend
T20210008572,2021-04-17,10:48:00,1,Collision with vehicle,6,Saturday,152,PULLING OUT (OVERTAKING),1,681132,Not at intersection,3,60,Arterial Other,MORWELL-TRARALGON,LATROBE,-38.236694,146.39827,2021,4,April,10,Midday,Weekend
T20210008570,2021-04-17,09:55:00,6,Vehicle overturned (no collision),6,Saturday,172,OFF CARRIAGEWAY TO RIGHT,1,681309,Not at intersection,3,80,Local Road,ELCHO,GEELONG,-38.027576,144.33624,2021,4,April,9,Morning Peak,Weekend
T20210023159,2021-04-17,20:50:00,7,Fall from or in moving vehicle,6,Saturday,190,FELL IN/FROM VEHICLE,3,701700,Not at intersection,3,60,Arterial Other,HIGH STREET,MONASH,-37.8755,145.17763,2021,4,April,20,Night,Weekend
T20210008606,2021-04-17,20:45:00,1,Collision with vehicle,6,Saturday,140,U TURN,3,330157,T intersection,3,80,Arterial Other,LEARMONTH,BALLARAT,-37.52077,143.80594,2021,4,April,20,Night,Weekend
T20210008566,2021-04-17,08:55:00,1,Collision with vehicle,6,Saturday,110,CROSS TRAFFIC(INTERSECTIONS ONLY),1,15254,Cross intersection,3,100,Local Road,ANDERSON,MACEDON RANGES,-37.324425,144.56017,2021,4,April,8,Morning Peak,Weekend
T20210010896,2021-04-17,23:00:00,4,Collision with a fixed object,6,Saturday,181,OFF RIGHT BEND INTO OBJECT/PARKED VEHICLE,5,683329,Not at intersection,3,60,Arterial Other,DONNA BUANG,YARRA RANGES,-37.7204,145.69286,2021,4,April,23,Night,Weekend
T20210012765,2021-04-17,17:45:00,1,Collision with vehicle,6,Saturday,113,RIGHT NEAR (INTERSECTIONS ONLY),1,36797,T intersection,3,70,Arterial Other,SOMERTON,HUME,-37.63586,144.889,2021,4,April,17,Afternoon Peak,Weekend
T20220004954,2021-04-17,18:15:00,1,Collision with vehicle,6,Saturday,110,CROSS TRAFFIC(INTERSECTIONS ONLY),5,254463,Cross intersection,3,100,Local Road,EURAMBEEN-STREATHAM,ARARAT,-37.573296,143.15324,2021,4,April,18,Afternoon Peak,Weekend
T20210008993,2021-04-17,15:30:00,1,Collision with vehicle,6,Saturday,140,U TURN,1,681619,Not at intersection,3,40,Local Road,SMITH,YARRA,-37.80531,144.98317,2021,4,April,15,Afternoon Peak,Weekend
T20210008586,2021-04-17,15:00:00,1,Collision with vehicle,6,Saturday,160,VEHICLE COLLIDES WITH VEHICLE PARKED ON LEFT OF ROAD,1,687483,Not at intersection,3,50,Local Road,LESLEY,MITCHELL,-37.023277,145.131,2021,4,April,15,Afternoon Peak,Weekend
T20210008559,2021-04-17,06:15:00,1,Collision with vehicle,6,Saturday,110,CROSS TRAFFIC(INTERSECTIONS ONLY),3,36105,Cross intersection,3,60,Arterial Other,SPENCER,MELBOURNE,-37.80709,144.94698,2021,4,April,6,Morning Peak,Weekend