ACCIDENT_NO,ACCIDENT_DATE,ACCIDENT_TIME,ACCIDENT_TYPE,ACCIDENT_TYPE_DESC,DAY_OF_WEEK,DAY_WEEK_DESC,DCA_CODE,DCA_DESC,LIGHT_CONDITION,NODE_ID,ROAD_GEOMETRY_DESC,SEVERITY,SPEED_ZONE,RMA,ROAD_NAME,LGA_NAME,LATITUDE,LONGITUDE,YEAR,MONTH,MONTH_NAME,HOUR,TIME_PERIOD,DAY_TYPE
T20210008780,2021-04-17,12:00:00,1,Collision with vehicle,6,Saturday,130,REAR END(VEHICLES IN SAME LANE),1,681236,Not at intersection,3,60,Local Road,LEAKES,WYNDHAM,-37.833706,144.6854,2021,4,April,12,Midday,Weekend
T20210008592,2021-04-17,15:15:00,1,Collision with vehicle,6,Saturday,113,RIGHT NEAR (INTERSECTIONS ONLY),1,780862,T intersection,3,60,Local Road,MCGREGOR,CARDINIA,-38.071667,145.47519,2021,4,April,15,Afternoon Peak,Weekend
T20210008605,2021-04-17,20:00:00,2,Struck Pedestrian,6,Saturday,109,ANY MANOEUVRE INVOLVING PED NOT INCLUDED IN DCAs 100-108.,5,688825,Not at intersection,3,80,Local Road,MOIRA LAKES,MOIRA,-35.990124,144.96616,2021,4,April,20,Night,Weekend
T20210014596,2021-04-17,03:09:00,4,Collision with a fixed object,6,Saturday,171,LEFT OFF CARRIAGEWAY INTO OBJECT/PARKED VEHICLE,5,687102,T intersection,2,80,Arterial Other,CRAIGIEBURN,WHITTLESEA,-37.602676,144.97275,2021,4,April,3,Late Night,Weekend
T20210008607,2021-04-17,22:29:00,1,Collision with vehicle,6,Saturday,140,U TURN,3,681703,Not at intersection,3,40,Local Road,BRUNSWICK,YARRA,-37.80528,144.97728,2021,4,April,22,Night,Weekend
T20210008609,2021-04-17,15:40:00,1,Collision with vehicle,6,Saturday,132,RIGHT REAR.,1,61563,T intersection,3,60,Local Road,CENTENARY,MELTON,-37.67587,144.59398,2021,4,April,15,Afternoon Peak,Weekend
T20210008610,2021-04-17,17:40:00,1,Collision with vehicle,6,Saturday,110,CROSS TRAFFIC(INTERSECTIONS ONLY),1,231470,Cross intersection,3,80,Local Road,BOUNDARY,WYNDHAM,-37.796814,144.62302,2021,4,April,17,Afternoon Peak,Weekend
T20210008618,2021-04-17,23:15:00,4,Collision with a fixed object,6,Saturday,173,RIGHT OFF CARRIAGEWAY INTO OBJECT/PARKED VEHICLE,3,681446,Not at intersection,3,50,Local Road,SANDERSON,HORSHAM,-36.724888,142.2074,2021,4,April,23,Night,Weekend
T20210008595,2021-04-17,18:45:00,2,Struck Pedestrian,6,Saturday,102,FAR SIDE. PED HIT BY VEHICLE FROM THE LEFT,4,688824,T intersection,2,60,Local Road,FRANCIS,KNOX,-37.876556,145.28491,2021,4,April,18,Afternoon Peak,Weekend
T20210015324,2021-04-17,14:30:00,6,Vehicle overturned (no collision),6,Saturday,174,OUT OF CONTROL ON CARRIAGEWAY (ON STRAIGHT),1,690155,T intersection,3,50,Local Road,EVERGREEN,WHITTLESEA,-37.637096,145.0921,2021,4,April,14,Midday,Weekend
T20210008634,2021-04-17,16:50:00,1,Collision with vehicle,6,Saturday,130,REAR END(VEHICLES IN SAME LANE),2,681704,Not at intersection,3,100,Freeway,EASTERN,YARRA,-37.79575,144.99672,2021,4,April,16,Afternoon Peak,Weekend
T20210008690,2021-04-17,10:25:00,1,Collision with vehicle,6,Saturday,121,RIGHT THROUGH,1,49355,Cross intersection,3,80,Arterial Highway,MURRAY VALLEY,WODONGA,-36.141445,147.00702,2021,4,April,10,Midday,Weekend
T20210008597,2021-04-17,18:20:00,1,Collision with vehicle,6,Saturday,121,RIGHT THROUGH,3,239572,T intersection,3,60,Local Road,ROSAMOND,MARIBYRNONG,-37.77036,144.88646,2021,4,April,18,Afternoon Peak,Weekend
T20210008579,2021-04-17,14:15:00,1,Collision with vehicle,6,Saturday,110,CROSS TRAFFIC(INTERSECTIONS ONLY),1,71205,Cross intersection,3,50,Local Road,BROADWAY,KINGSTON,-38.05839,145.12485,2021,4,April,14,Midday,Weekend
T20210008575,2021-04-17,12:50:00,2,Struck Pedestrian,6,Saturday,100,PED NEAR SIDE. PED HIT BY VEHICLE FROM THE RIGHT.,1,681491,Not at intersection,3,40,Local Road,MERNDA,STONNINGTON,-37.841915,145.03201,2021,4,April,12,Midday,Weekend
T20210008573,2021-04-17,11:50:00,4,Collision with a fixed object,6,Saturday,181,OFF RIGHT BEND INTO OBJECT/PARKED VEHICLE,1,681918,Not at intersection,2,100,Arterial Other,FRANKSTON-FLINDERS,MORNINGTON PENINSULA,-38.40192,145.07726,2021,4,April,11,Midday,Weekend
T20210008693,2021-04-17,21:15:00,6,Vehicle overturned (no collision),6,Saturday,174,OUT OF CONTROL ON CARRIAGEWAY (ON STRAIGHT),6,682838,Not at intersection,3,60,Arterial Other,BURKE,STONNINGTON,-37.87305,145.04874,2021,4,April,21,Night,Weekend
T20210008647,2021-04-18,11:09:00,6,Vehicle overturned (no collision),7,Sunday,172,OFF CARRIAGEWAY TO RIGHT,1,689049,Not at intersection,2,100,Arterial Highway,MAROONA-GLENTHOMPSON,ARARAT,-37.597168,142.56528,2021,4,April,11,Midday,Weekend
T20210009516,2021-04-18,06:20:00,1,Collision with vehicle,7,Sunday,147,VEHICLE STRIKES ANOTHER VEH WHILE EMERGING FROM DRIVEWAY,2,684484,Not at intersection,3,60,Arterial Other,WILLIAMS,STONNINGTON,-37.841377,145.00453,2021,4,April,6,Morning Peak,Weekend
T20210008684,2021-04-18,14:00:00,1,Collision with vehicle,7,Sunday,154,PULLING OUT -REAR END,1,681178,Not at intersection,3,100,Arterial Other,WALLAN-WHITTLESEA,MITCHELL,-37.43583,145.06021,2021,4,April,14,Midday,Weekend
T20210008616,2021-04-18,00:50:00,2,Struck Pedestrian,7,Sunday,102,FAR SIDE. PED HIT BY VEHICLE FROM THE LEFT,5,683400,Not at intersection,2,80,Arterial Highway,FRANKSTON-DANDENONG,FRANKSTON,-38.101227,145.17104,2021,4,April,0,Late Night,Weekend
T20210008617,2021-04-18,02:35:00,4,Collision with a fixed object,7,Sunday,171,LEFT OFF CARRIAGEWAY INTO OBJECT/PARKED VEHICLE,3,681177,Not at intersection,2,60,Arterial Other,CRAIGIEBURN,HUME,-37.598312,144.93536,2021,4,April,2,Late Night,Weekend
T20210008680,2021-04-18,01:40:00,1,Collision with vehicle,7,Sunday,148,VEHICLE OFF FOOTPATH STRIKES VEH ON CARRIAGEWAY,3,688826,T intersection,2,50,Local Road,PEMBERTON,CASEY,-38.011173,145.29036,2021,4,April,1,Late Night,Weekend
T20210008681,2021-04-18,07:30:00,4,Collision with a fixed object,7,Sunday,171,LEFT OFF CARRIAGEWAY INTO OBJECT/PARKED VEHICLE,2,739992,Not at intersection,2,50,Local Road,CHARLES,GEELONG,-38.160713,144.38739,2021,4,April,7,Morning Peak,Weekend
T20210008624,2021-04-18,09:00:00,4,Collision with a fixed object,7,Sunday,171,LEFT OFF CARRIAGEWAY INTO OBJECT/PARKED VEHICLE,1,691898,Not at intersection,3,70,Arterial Other,CHILDS,WHITTLESEA,-37.669476,145.0643,2021,4,April,9,Morning Peak,Weekend
T20210008626,2021-04-18,09:45:00,1,Collision with vehicle,7,Sunday,110,CROSS TRAFFIC(INTERSECTIONS ONLY),1,73764,Cross intersection,3,60,Local Road,HURD,GLENELG,-38.342068,141.60127,2021,4,April,9,Morning Peak,Weekend
T20210008630,2021-04-18,09:20:00,1,Collision with vehicle,7,Sunday,110,CROSS TRAFFIC(INTERSECTIONS ONLY),1,37508,Cross intersection,3,60,Arterial Other,FERRARS,PORT PHILLIP,-37.83554,144.95613,2021,4,April,9,Morning Peak,Weekend
T20210008663,2021-04-18,18:50:00,1,Collision with vehicle,7,Sunday,147,VEHICLE STRIKES ANOTHER VEH WHILE EMERGING FROM DRIVEWAY,3,681705,Not at intersection,2,60,Arterial Other,HORNE,HUME,-37.576454,144.72818,2021,4,April,18,Afternoon Peak,Weekend
T20210008633,2021-04-18,12:25:00,1,Collision with vehicle,7,Sunday,137,LEFT TURN SIDESWIPE,1,36628,T intersection,3,40,Local Road,OTTER,YARRA,-37.80102,144.98703,2021,4,April,12,Midday,Weekend
T20210009098,2021-04-18,13:30:00,4,Collision with a fixed object,7,Sunday,183,OFF LEFT BEND INTO OBJECT/PARKED VEHICLE,1,681563,Not at intersection,3,100,Local Road,TWO HILLS,MURRINDINDI,-37.402313,145.46155,2021,4,April,13,Midday,Weekend
T20210008655,2021-04-18,15:47:00,1,Collision with vehicle,7,Sunday,147,VEHICLE STRIKES ANOTHER VEH WHILE EMERGING FROM DRIVEWAY,1,684587,Not at intersection,2,70,Arterial Highway,DANDENONG,GLEN EIRA,-37.860817,145.01367,2021,4,April,15,Afternoon Peak,Weekend
T20210013025,2021-04-18,08:00:00,6,Vehicle overturned (no collision),7,Sunday,174,OUT OF CONTROL ON CARRIAGEWAY (ON STRAIGHT),1,685540,Not at intersection,2,60,Local Road,BIG PATS CREEK,YARRA RANGES,-37.763924,145.75243,2021,4,April,8,Morning Peak,Weekend
T20210011760,2021-04-18,10:00:00,4,Collision with a fixed object,7,Sunday,181,OFF RIGHT BEND INTO OBJECT/PARKED VEHICLE,1,684167,Not at intersection,3,60,Local Road,NYORA,YARRA RANGES,-37.7073,145.56049,2021,4,April,10,Midday,Weekend
T20210008657,2021-04-18,16:33:00,1,Collision with vehicle,7,Sunday,120,HEAD ON (NOT OVERTAKING),1,682304,Not at intersection,2,80,Local Road,PEARCEDALE,CASEY,-38.142086,145.24658,2021,4,April,16,Afternoon Peak,Weekend
T20210011879,2021-04-18,16:30:00,1,Collision with vehicle,7,Sunday,116,LEFT NEAR (INTERSECTIONS ONLY),1,36506,T intersection,3,60,Arterial Other,DERRIMUT,WYNDHAM,-37.87014,144.68405,2021,4,April,16,Afternoon Peak,Weekend
T20210008702,2021-04-18,11:45:00,4,Collision with a fixed object,7,Sunday,181,OFF RIGHT BEND INTO OBJECT/PARKED VEHICLE,1,688426,Not at intersection,3,100,Arterial Highway,SOUTH GIPPSLAND,SOUTH GIPPSLAND,-38.5973,146.12688,2021,4,April,11,Midday,Weekend
T20210008660,2021-04-18,18:56:00,2,Struck Pedestrian,7,Sunday,100,PED NEAR SIDE. PED HIT BY VEHICLE FROM THE RIGHT.,3,681231,Not at intersection,3,50,Local Road,LAKEVIEW,KNOX,-37.91763,145.23334,2021,4,April,18,Afternoon Peak,Weekend
T20210009812,2021-04-18,11:00:00,7,Fall from or in moving vehicle,7,Sunday,190,FELL IN/FROM VEHICLE,1,684415,Not at intersection,3,100,Local Road,FORBES-MORANDING,MITCHELL,-37.25718,144.88309,2021,4,April,11,Midday,Weekend
T20210008636,2021-04-18,12:50:00,1,Collision with vehicle,7,Sunday,130,REAR END(VEHICLES IN SAME LANE),1,730132,Not at intersection,2,60,Arterial Other,HEATHERTON,DANDENONG,-37.96648,145.18571,2021,4,April,12,Midday,Weekend
T20210008669,2021-04-18,22:17:00,1,Collision with vehicle,7,Sunday,130,REAR END(VEHICLES IN SAME LANE),3,41433,Cross intersection,3,40,Arterial Other,NEERIM,GLEN EIRA,-37.889214,145.05708,2021,4,April,22,Night,Weekend
T20210008639,2021-04-18,13:15:00,1,Collision with vehicle,7,Sunday,130,REAR END(VEHICLES IN SAME LANE),1,53060,T intersection,2,100,Arterial Highway,WESTERN,ARARAT,-37.32195,143.06596,2021,4,April,13,Midday,Weekend
T20210008670,2021-04-18,14:37:00,1,Collision with vehicle,7,Sunday,139,OTHER SAME DIRECTION-MANOUEVRES NOT INCLUDED IN DCAs 130-137,1,697864,Not at intersection,2,50,Local Road,GARIBALDI,LATROBE,-38.19908,146.52138,2021,4,April,14,Midday,Weekend
T20210008642,2021-04-18,13:30:00,1,Collision with vehicle,7,Sunday,116,LEFT NEAR (INTERSECTIONS ONLY),1,57599,Multiple intersection,3,60,Arterial Other,BLUFF,BAYSIDE,-37.975494,145.01591,2021,4,April,13,Midday,Weekend
T20210012681,2021-04-18,00:30:00,3,Struck animal,7,Sunday,167,STRUCK ANIMAL,5,685172,Not at intersection,3,100,Arterial Other,DAYLESFORD-MALMSBURY,HEPBURN,-37.203655,144.35962,2021,4,April,0,Late Night,Weekend
T20210008945,2021-04-19,07:45:00,1,Collision with vehicle,1,Monday,121,RIGHT THROUGH,1,46502,T intersection,2,70,Arterial Other,BAYSWATER,MAROONDAH,-37.818882,145.26909,2021,4,April,7,Morning Peak,Weekday
T20210008675,2021-04-19,00:30:00,4,Collision with a fixed object,1,Monday,171,LEFT OFF CARRIAGEWAY INTO OBJECT/PARKED VEHICLE,3,694182,Not at intersection,3,80,Arterial Highway,PRINCES,DANDENONG,-37.96147,145.18846,2021,4,April,0,Late Night,Weekday
T20210008678,2021-04-19,02:30:00,4,Collision with a fixed object,1,Monday,171,LEFT OFF CARRIAGEWAY INTO OBJECT/PARKED VEHICLE,5,701525,Not at intersection,2,60,Freeway,PRINCES,CASEY,-38.057667,145.36559,2021,4,April,2,Late Night,Weekday
T20210008679,2021-04-19,03:44:00,1,Collision with vehicle,1,Monday,134,LANE CHANGE RIGHT (NOT OVERTAKING),3,689088,Not at intersection,2,100,Freeway,PRINCES IN-WESTERN RING OUT,WYNDHAM,-37.824898,144.81235,2021,4,April,3,Late Night,Weekday
T20210018318,2021-04-19,16:30:00,1,Collision with vehicle,1,Monday,136,RIGHT TURN SIDESWIPE,9,669950,Cross intersection,3,60,Arterial Other,DOHERTYS ROAD -GRIEVE,HOBSONS BAY,-37.831554,144.82695,2021,4,April,16,Afternoon Peak,Weekday
T20210008686,2021-04-19,06:35:00,1,Collision with vehicle,1,Monday,135,LANE CHANGE LEFT (NOT OVERTAKING),1,683449,Not at intersection,2,80,Freeway,MONASH,MONASH,-37.913837,145.16718,2021,4,April,6,Morning Peak,Weekday
T20210008696,2021-04-19,10:30:00,1,Collision with vehicle,1,Monday,142,LEAVING PARKING,1,681441,Not at intersection,2,60,Arterial Other,LANSDOWNE,MELBOURNE,-37.81191,144.97798,2021,4,April,10,Midday,Weekday
T20210008852,2021-04-19,16:25:00,1,Collision with vehicle,1,Monday,113,RIGHT NEAR (INTERSECTIONS ONLY),1,228064,T intersection,3,80,Arterial Highway,PRINCES,LATROBE,-38.19147,146.55743,2021,4,April,16,Afternoon Peak,Weekday
T20210008701,2021-04-19,11:05:00,4,Collision with a fixed object,1,Monday,173,RIGHT OFF CARRIAGEWAY INTO OBJECT/PARKED VEHICLE,1,686079,T intersection,3,100,Arterial Other,INVERLOCH-KONGWAK,BASS COAST,-38.595905,145.72585,2021,4,April,11,Midday,Weekday
T20210008710,2021-04-19,13:43:00,1,Collision with vehicle,1,Monday,121,RIGHT THROUGH,1,695084,T intersection,2,50,Arterial Highway,MURRAY,SWAN HILL,-35.054058,143.31058,2021,4,April,13,Midday,Weekday
T20210008713,2021-04-19,11:02:00,1,Collision with vehicle,1,Monday,142,LEAVING PARKING,1,188412,Not at intersection,2,50,Local Road,MOORABOOL,GEELONG,-38.1454,144.36162,2021,4,April,11,Midday,Weekday
T20210008714,2021-04-19,14:20:00,1,Collision with vehicle,1,Monday,120,HEAD ON (NOT OVERTAKING),1,681084,Not at intersection,1,100,Arterial Highway,DANDENONG-HASTINGS,MORNINGTON PENINSULA,-38.243954,145.21494,2021,4,April,14,Midday,Weekday
T20210008715,2021-04-19,15:40:00,2,Struck Pedestrian,1,Monday,101,PED EMERGES FROM IN FRONT OF PARKED OR STATIONARY VEHICLE,1,683665,Not at intersection,3,40,Local Road,NORTHGATEWAY,FRANKSTON,-38.15113,145.20258,2021,4,April,15,Afternoon Peak,Weekday
T20210008718,2021-04-19,12:10:00,1,Collision with vehicle,1,Monday,130,REAR END(VEHICLES IN SAME LANE),1,730135,Not at intersection,3,80,Arterial Highway,SOUTH GIPPSLAND,DANDENONG,-38.006184,145.22806,2021,4,April,12,Midday,Weekday
T20210008720,2021-04-19,15:40:00,1,Collision with vehicle,1,Monday,110,CROSS TRAFFIC(INTERSECTIONS ONLY),1,684187,Cross intersection,2,60,Arterial Highway,RAGLAN,WARRNAMBOOL,-38.373928,142.47737,2021,4,April,15,Afternoon Peak,Weekday
T20210008721,2021-04-19,16:09:00,1,Collision with vehicle,1,Monday,112,LEFT FAR (INTERSECTIONS ONLY),1,65595,T intersection,3,60,Local Road,KILSYTH,YARRA RANGES,-37.80668,145.31534,2021,4,April,16,Afternoon Peak,Weekday
T20210008726,2021-04-19,17:32:00,1,Collision with vehicle,1,Monday,142,LEAVING PARKING,2,683451,Not at intersection,3,50,Local Road,HUMFFRAY,BALLARAT,-37.553226,143.89467,2021,4,April,17,Afternoon Peak,Weekday
T20210008727,2021-04-19,14:55:00,1,Collision with vehicle,1,Monday,113,RIGHT NEAR (INTERSECTIONS ONLY),1,681136,T intersection,2,60,Arterial Highway,SOUTH GIPPSLAND,CASEY,-38.11493,145.28435,2021,4,April,14,Midday,Weekday
T20210008731,2021-04-19,15:55:00,1,Collision with vehicle,1,Monday,121,RIGHT THROUGH,1,688596,T intersection,2,60,Local Road,CENTRE,CASEY,-38.028255,145.29945,2021,4,April,15,Afternoon Peak,Weekday
T20210008739,2021-04-19,17:55:00,1,Collision with vehicle,1,Monday,120,HEAD ON (NOT OVERTAKING),5,691544,Not at intersection,2,80,Arterial Highway,MIDLAND,HEPBURN,-37.405174,143.99187,2021,4,April,17,Afternoon Peak,Weekday
T20210008742,2021-04-19,18:27:00,1,Collision with vehicle,1,Monday,130,REAR END(VEHICLES IN SAME LANE),3,681233,Not at intersection,2,70,Arterial Highway,TORQUAY,GEELONG,-38.198116,144.34193,2021,4,April,18,Afternoon Peak,Weekday
T20210008748,2021-04-19,19:30:00,1,Collision with vehicle,1,Monday,130,REAR END(VEHICLES IN SAME LANE),9,684414,T intersection,2,60,Arterial Other,WESTGARTH,DAREBIN,-37.78268,145.01,2021,4,April,19,Night,Weekday
T20210008751,2021-04-19,23:00:00,6,Vehicle overturned (no collision),1,Monday,182,OFF CARRIAGEWAY ON LEFT BEND,5,685306,Not at intersection,2,90,Arterial Other,NERRENA,SOUTH GIPPSLAND,-38.512016,146.06598,2021,4,April,23,Night,Weekday
T20210009011,2021-04-19,17:30:00,4,Collision with a fixed object,1,Monday,171,LEFT OFF CARRIAGEWAY INTO OBJECT/PARKED VEHICLE,5,683953,Not at intersection,3,60,Local Road,SOUTH FACE,BAW BAW,-37.927834,146.39804,2021,4,April,17,Afternoon Peak,Weekday
T20210008786,2021-04-19,09:00:00,1,Collision with vehicle,1,Monday,110,CROSS TRAFFIC(INTERSECTIONS ONLY),1,51070,Cross intersection,3,40,Local Road,ASHENDEN,SHEPPARTON,-36.38472,145.4027,2021,4,April,9,Morning Peak,Weekday
T20210008839,2021-04-19,22:10:00,6,Vehicle overturned (no collision),1,Monday,180,OFF CARRIAGEWAY ON RIGHT BEND,5,686917,Not at intersection,3,100,Local Road,BERRIWILLOCK-BIRCHIP,BULOKE,-35.97167,142.92627,2021,4,April,22,Night,Weekday
T20210008822,2021-04-20,13:35:00,1,Collision with vehicle,2,Tuesday,120,HEAD ON (NOT OVERTAKING),1,692943,Not at intersection,2,100,Local Road,GLEN ALVIE,BASS COAST,-38.48696,145.64748,2021,4,April,13,Midday,Weekday
T20210008897,2021-04-20,07:50:00,1,Collision with vehicle,2,Tuesday,130,REAR END(VEHICLES IN SAME LANE),1,41977,Unknown,3,80,Arterial Highway,BURWOOD,KNOX,-37.89349,145.3093,2021,4,April,7,Morning Peak,Weekday
T20210008761,2021-04-20,08:55:00,2,Struck Pedestrian,2,Tuesday,100,PED NEAR SIDE. PED HIT BY VEHICLE FROM THE RIGHT.,1,684106,Not at intersection,3,40,Local Road,STURT,BALLARAT,-37.56165,143.85657,2021,4,April,8,Morning Peak,Weekday
T20210013080,2021-04-20,17:50:00,1,Collision with vehicle,2,Tuesday,121,RIGHT THROUGH,2,685736,T intersection,3,60,Arterial Other,OAK,BENDIGO,-36.77944,144.24953,2021,4,April,17,Afternoon Peak,Weekday
T20210008899,2021-04-20,18:52:00,1,Collision with vehicle,2,Tuesday,130,REAR END(VEHICLES IN SAME LANE),2,684188,Not at intersection,3,60,Arterial Other,BURKE,BOROONDARA,-37.80064,145.06255,2021,4,April,18,Afternoon Peak,Weekday
T20210008806,2021-04-20,07:50:00,4,Collision with a fixed object,2,Tuesday,181,OFF RIGHT BEND INTO OBJECT/PARKED VEHICLE,1,682521,Not at intersection,3,100,Arterial Highway,PRINCES,EAST GIPPSLAND,-37.74904,148.22346,2021,4,April,7,Morning Peak,Weekday
T20230019492,2021-04-20,08:58:00,1,Collision with vehicle,2,Tuesday,110,CROSS TRAFFIC(INTERSECTIONS ONLY),2,50719,Cross intersection,3,50,Local Road,JAPAN,WARRNAMBOOL,-38.38673,142.49057,2021,4,April,8,Morning Peak,Weekday
T20210008809,2021-04-20,15:30:00,1,Collision with vehicle,2,Tuesday,130,REAR END(VEHICLES IN SAME LANE),1,687778,Not at intersection,2,80,Freeway,WEST GATE,MELBOURNE,-37.83357,144.9117,2021,4,April,15,Afternoon Peak,Weekday
T20210008810,2021-04-20,16:40:00,1,Collision with vehicle,2,Tuesday,121,RIGHT THROUGH,1,50659,Cross intersection,3,50,Local Road,HENTY,GLENELG,-38.34632,141.60373,2021,4,April,16,Afternoon Peak,Weekday
T20210008811,2021-04-20,14:40:00,4,Collision with a fixed object,2,Tuesday,175,OFF END OF ROAD/T-INTERSECTION.,1,318600,T intersection,2,50,Local Road,KOROIT,WARRNAMBOOL,-38.3773,142.46956,2021,4,April,14,Midday,Weekday
T20210008821,2021-04-20,17:40:00,1,Collision with vehicle,2,Tuesday,147,VEHICLE STRIKES ANOTHER VEH WHILE EMERGING FROM DRIVEWAY,2,780866,Not at intersection,3,60,Arterial Highway,POWLETT,MITCHELL,-37.29723,144.95193,2021,4,April,17,Afternoon Peak,Weekday
T20210008838,2021-04-20,19:00:00,1,Collision with vehicle,2,Tuesday,148,VEHICLE OFF FOOTPATH STRIKES VEH ON CARRIAGEWAY,3,682303,Not at intersection,3,50,Local Road,SCOTCHMER,YARRA,-37.78349,144.98555,2021,4,April,19,Night,Weekday
T20210011403,2021-04-20,13:13:00,1,Collision with vehicle,2,Tuesday,130,REAR END(VEHICLES IN SAME LANE),1,683808,T intersection,3,60,Arterial Other,ELGAR,WHITEHORSE,-37.819527,145.11453,2021,4,April,13,Midday,Weekday
T20210008823,2021-04-20,17:05:00,1,Collision with vehicle,2,Tuesday,110,CROSS TRAFFIC(INTERSECTIONS ONLY),2,49368,Cross intersection,3,50,Local Road,MAUDE,SHEPPARTON,-36.377167,145.40158,2021,4,April,17,Afternoon Peak,Weekday
T20210008824,2021-04-20,15:31:00,1,Collision with vehicle,2,Tuesday,120,HEAD ON (NOT OVERTAKING),1,687959,T intersection,2,80,Local Road,GALVIN,WYNDHAM,-37.91577,144.62082,2021,4,April,15,Afternoon Peak,Weekday
T20210008825,2021-04-20,17:57:00,1,Collision with vehicle,2,Tuesday,132,RIGHT REAR.,3,40702,T intersection,3,60,Arterial Other,STEPHENSONS,MONASH,-37.868176,145.13042,2021,4,April,17,Afternoon Peak,Weekday
T20210013125,2021-04-20,15:20:00,4,Collision with a fixed object,2,Tuesday,173,RIGHT OFF CARRIAGEWAY INTO OBJECT/PARKED VEHICLE,1,686096,Not at intersection,3,100,Arterial Highway,SOUTH GIPPSLAND,CARDINIA,-38.21377,145.48656,2021,4,April,15,Afternoon Peak,Weekday
T20210008827,2021-04-20,14:15:00,1,Collision with vehicle,2,Tuesday,121,RIGHT THROUGH,1,41294,Cross intersection,2,60,Arterial Other,CENTRE,BAYSIDE,-37.91659,145.02324,2021,4,April,14,Midday,Weekday
T20210008828,2021-04-20,18:55:00,1,Collision with vehicle,2,Tuesday,121,RIGHT THROUGH,3,35690,Cross intersection,3,60,Arterial Other,VICTORIA,BAW BAW,-38.158916,145.93016,2021,4,April,18,Afternoon Peak,Weekday
T20210008831,2021-04-20,17:39:00,1,Collision with vehicle,2,Tuesday,147,VEHICLE STRIKES ANOTHER VEH WHILE EMERGING FROM DRIVEWAY,3,780956,Not at intersection,3,50,Local Road,WIDFORD,HUME,-37.689774,144.9261,2021,4,April,17,Afternoon Peak,Weekday
T20210008833,2021-04-20,18:20:00,1,Collision with vehicle,2,Tuesday,113,RIGHT NEAR (INTERSECTIONS ONLY),3,237510,T intersection,3,60,Arterial Highway,WHITEHORSE,WHITEHORSE,-37.81634,145.1104,2021,4,April,18,Afternoon Peak,Weekday
T20210008835,2021-04-20,18:44:00,1,Collision with vehicle,2,Tuesday,134,LANE CHANGE RIGHT (NOT OVERTAKING),3,780864,Not at intersection,3,60,Arterial Other,ST GEORGES,DAREBIN,-37.7413,144.99895,2021,4,April,18,Afternoon Peak,Weekday
T20210008837,2021-04-20,17:10:00,1,Collision with vehicle,2,Tuesday,110,CROSS TRAFFIC(INTERSECTIONS ONLY),9,257335,Cross intersection,3,50,Local Road,DONCASTER,MOONEE VALLEY,-37.77835,144.90388,2021,4,April,17,Afternoon Peak,Weekday
T20210008842,2021-04-20,22:32:00,4,Collision with a fixed object,2,Tuesday,171,LEFT OFF CARRIAGEWAY INTO OBJECT/PARKED VEHICLE,3,330885,Multiple intersection,3,80,Freeway,EASTLINK OUT-WELLINGTON,KNOX,-37.92559,145.21379,2021,4,April,22,Night,Weekday
T20210008758,2021-04-20,08:14:00,1,Collision with vehicle,2,Tuesday,130,REAR END(VEHICLES IN SAME LANE),1,12652,Unknown,2,80,Arterial Other,PRINCES,CARDINIA,-38.07145,145.47813,2021,4,April,8,Morning Peak,Weekday
T20210008843,2021-04-20,18:48:00,1,Collision with vehicle,2,Tuesday,113,RIGHT NEAR (INTERSECTIONS ONLY),3,39696,T intersection,2,60,Local Road,MARILYN,MAROONDAH,-37.795856,145.25102,2021,4,April,18,Afternoon Peak,Weekday
T20210008847,2021-04-20,23:15:00,4,Collision with a fixed object,2,Tuesday,173,RIGHT OFF CARRIAGEWAY INTO OBJECT/PARKED VEHICLE,3,773423,Not at intersection,2,50,Local Road,RANNOCH,MORNINGTON PENINSULA,-38.175217,145.08125,2021,4,April,23,Night,Weekday
T20210008848,2021-04-20,06:20:00,1,Collision with vehicle,2,Tuesday,121,RIGHT THROUGH,3,46240,Multiple intersection,3,60,Freeway,MELTON,MELTON,-37.693317,144.6043,2021,4,April,6,Morning Peak,Weekday
T20210008756,2021-04-20,06:57:00,4,Collision with a fixed object,2,Tuesday,171,LEFT OFF CARRIAGEWAY INTO OBJECT/PARKED VEHICLE,1,762103,Not at intersection,2,70,Arterial Highway,NORTH ROAD,GLEN EIRA,-37.906487,145.06084,2021,4,April,6,Morning Peak,Weekday
T20210011846,2021-04-20,11:28:00,1,Collision with vehicle,2,Tuesday,160,VEHICLE COLLIDES WITH VEHICLE PARKED ON LEFT OF ROAD,1,684121,Not at intersection,2,50,Arterial Other,MCCULLOCH,MORNINGTON PENINSULA,-38.33931,144.9605,2021,4,April,11,Midday,Weekday
T20210008954,2021-04-20,16:00:00,1,Collision with vehicle,2,Tuesday,134,LANE CHANGE RIGHT (NOT OVERTAKING),9,684665,Not at intersection,3,60,Arterial Highway,KINGS,PORT PHILLIP,-37.832123,144.96664,2021,4,April,16,Afternoon Peak,Weekday
T20210008805,2021-04-20,12:45:00,4,Collision with a fixed object,2,Tuesday,171,LEFT OFF CARRIAGEWAY INTO OBJECT/PARKED VEHICLE,1,681556,Not at intersection,3,100,Arterial Other,BENDIGO-MARYBOROUGH,LODDON,-36.83441,143.90962,2021,4,April,12,Midday,Weekday
T20210008796,2021-04-20,13:30:00,1,Collision with vehicle,2,Tuesday,110,CROSS TRAFFIC(INTERSECTIONS ONLY),1,50478,Cross intersection,3,60,Arterial Other,STURT,BALLARAT,-37.561256,143.85039,2021,4,April,13,Midday,Weekday
T20210008792,2021-04-20,12:15:00,1,Collision with vehicle,2,Tuesday,133,LANE SIDE SWIPE (VEHICLES IN PARALLEL LANES),1,682554,Not at intersection,2,60,Arterial Highway,KINGS,MELBOURNE,-37.825966,144.96054,2021,4,April,12,Midday,Weekday
T20210008790,2021-04-20,11:00:00,2,Struck Pedestrian,2,Tuesday,103,PED PLAYING/LYING/WORKING/STANDING ON CARRIAGEWAY.,1,684993,Cross intersection,2,40,Local Road,EXHIBITION,MELBOURNE,-37.8092,144.96922,2021,4,April,11,Midday,Weekday