ACCIDENT_NO,ACCIDENT_DATE,ACCIDENT_TIME,ACCIDENT_TYPE,ACCIDENT_TYPE_DESC,DAY_OF_WEEK,DAY_WEEK_DESC,DCA_CODE,DCA_DESC,LIGHT_CONDITION,NODE_ID,ROAD_GEOMETRY_DESC,SEVERITY,SPEED_ZONE,RMA,ROAD_NAME,LGA_NAME,LATITUDE,LONGITUDE,YEAR,MONTH,MONTH_NAME,HOUR,TIME_PERIOD,DAY_TYPE
T20210010116,2021-04-20,13:53:00,1,Collision with vehicle,2,Tuesday,111,RIGHT FAR (INTERSECTIONS ONLY),1,46134,Cross intersection,2,60,Arterial Other,CLYDE,CASEY,-38.03295,145.34334,2021,4,April,13,Midday,Weekday
T20210008785,2021-04-20,13:25:00,2,Struck Pedestrian,2,Tuesday,107,PED ON FOOTHPATH STRUCK BY VEHENTERING/LEAVING DRIVEWAY.,1,681746,Not at intersection,3,50,Local Road,RINGWOOD,MAROONDAH,-37.813286,145.22736,2021,4,April,13,Midday,Weekday
T20210008784,2021-04-20,12:38:00,1,Collision with vehicle,2,Tuesday,110,CROSS TRAFFIC(INTERSECTIONS ONLY),1,40657,Cross intersection,3,50,Local Road,MONASH,WHITEHORSE,-37.83099,145.11697,2021,4,April,12,Midday,Weekday
T20210008783,2021-04-20,10:00:00,1,Collision with vehicle,2,Tuesday,140,U TURN,1,257555,Not at intersection,3,40,Local Road,BRUNSWICK,YARRA,-37.80245,144.97775,2021,4,April,10,Midday,Weekday
T20210008782,2021-04-20,12:09:00,4,Collision with a fixed object,2,Tuesday,173,RIGHT OFF CARRIAGEWAY INTO OBJECT/PARKED VEHICLE,1,681707,Not at intersection,2,100,Arterial Other,BUXTON-MARYSVILLE,MURRINDINDI,-37.46533,145.73572,2021,4,April,12,Midday,Weekday
T20210008966,2021-04-20,10:05:00,1,Collision with vehicle,2,Tuesday,154,PULLING OUT -REAR END,1,694021,Not at intersection,3,100,Arterial Highway,NORTHERN,BENDIGO,-36.44443,144.64293,2021,4,April,10,Midday,Weekday
T20210008973,2021-04-20,16:40:00,1,Collision with vehicle,2,Tuesday,131,LEFT REAR,1,682604,Not at intersection,3,100,Local Road,UNNAMED,DANDENONG,-38.052883,145.2079,2021,4,April,16,Afternoon Peak,Weekday
T20210008778,2021-04-20,11:00:00,1,Collision with vehicle,2,Tuesday,160,VEHICLE COLLIDES WITH VEHICLE PARKED ON LEFT OF ROAD,1,682599,Not at intersection,2,60,Arterial Highway,MURRAY,COLAC OTWAY,-38.337513,143.57248,2021,4,April,11,Midday,Weekday
T20210008775,2021-04-20,11:30:00,1,Collision with vehicle,2,Tuesday,130,REAR END(VEHICLES IN SAME LANE),1,730138,Cross intersection,3,60,Arterial Highway,PRINCES,EAST GIPPSLAND,-37.825653,147.6406,2021,4,April,11,Midday,Weekday
T20210008773,2021-04-20,10:46:00,6,Vehicle overturned (no collision),2,Tuesday,180,OFF CARRIAGEWAY ON RIGHT BEND,1,681747,Not at intersection,2,80,Arterial Other,HEALESVILLE-KOO WEE RUP,YARRA RANGES,-37.786297,145.5224,2021,4,April,10,Midday,Weekday
T20210008766,2021-04-20,09:47:00,4,Collision with a fixed object,2,Tuesday,146,REVERSING INTO FIXED OBJECT/PARKED VEHICLE,1,681745,Not at intersection,3,50,Local Road,NELSON,WHITEHORSE,-37.812828,145.12018,2021,4,April,9,Morning Peak,Weekday
T20210011141,2021-04-20,14:20:00,1,Collision with vehicle,2,Tuesday,120,HEAD ON (NOT OVERTAKING),1,690183,Not at intersection,3,70,Local Road,EDWARDS,BENDIGO,-36.754185,144.21944,2021,4,April,14,Midday,Weekday
T20210008762,2021-04-20,08:30:00,1,Collision with vehicle,2,Tuesday,113,RIGHT NEAR (INTERSECTIONS ONLY),1,57375,T intersection,3,60,Local Road,TAYLORS,MELTON,-37.72356,144.74672,2021,4,April,8,Morning Peak,Weekday
T20210011449,2021-04-20,11:30:00,1,Collision with vehicle,2,Tuesday,110,CROSS TRAFFIC(INTERSECTIONS ONLY),1,50090,Cross intersection,3,60,Arterial Other,CARR,GEELONG,-38.167976,144.37247,2021,4,April,11,Midday,Weekday
T20210008885,2021-04-21,10:10:00,1,Collision with vehicle,3,Wednesday,130,REAR END(VEHICLES IN SAME LANE),1,681314,Not at intersection,3,70,Arterial Other,SOUTH,KINGSTON,-37.93502,145.0501,2021,4,April,10,Midday,Weekday
T20210008880,2021-04-21,12:15:00,1,Collision with vehicle,3,Wednesday,116,LEFT NEAR (INTERSECTIONS ONLY),1,40203,Cross intersection,3,50,Local Road,INKERMAN,PORT PHILLIP,-37.867596,145.00917,2021,4,April,12,Midday,Weekday
T20210008876,2021-04-21,11:30:00,1,Collision with vehicle,3,Wednesday,121,RIGHT THROUGH,1,681796,T intersection,2,60,Arterial Other,GILLIES,BALLARAT,-37.54464,143.82118,2021,4,April,11,Midday,Weekday
T20210008873,2021-04-21,09:20:00,1,Collision with vehicle,3,Wednesday,110,CROSS TRAFFIC(INTERSECTIONS ONLY),1,16850,Cross intersection,2,100,Arterial Other,PENSHURST-WARRNAMBOOL,MOYNE,-38.148617,142.33022,2021,4,April,9,Morning Peak,Weekday
T20210009526,2021-04-21,16:46:00,1,Collision with vehicle,3,Wednesday,130,REAR END(VEHICLES IN SAME LANE),1,683108,Multiple intersection,3,80,Freeway,METROPOLITAN RING OUT-HUME,WHITTLESEA,-37.688313,144.98323,2021,4,April,16,Afternoon Peak,Weekday
T20210011172,2021-04-21,08:40:00,1,Collision with vehicle,3,Wednesday,140,U TURN,1,683561,Not at intersection,3,60,Local Road,FAIRBANK,KINGSTON,-37.94119,145.12325,2021,4,April,8,Morning Peak,Weekday
T20210010171,2021-04-21,16:45:00,1,Collision with vehicle,3,Wednesday,113,RIGHT NEAR (INTERSECTIONS ONLY),1,617592,Cross intersection,3,60,Arterial Highway,PRINCES,BAW BAW,-38.205894,146.16615,2021,4,April,16,Afternoon Peak,Weekday
T20210009284,2021-04-21,08:20:00,1,Collision with vehicle,3,Wednesday,130,REAR END(VEHICLES IN SAME LANE),1,687016,Not at intersection,3,60,Arterial Other,MONBULK,YARRA RANGES,-37.787582,145.38533,2021,4,April,8,Morning Peak,Weekday
T20210015926,2021-04-21,16:15:00,1,Collision with vehicle,3,Wednesday,130,REAR END(VEHICLES IN SAME LANE),1,692786,Cross intersection,3,70,Arterial Other,CANTERBURY,MAROONDAH,-37.832195,145.26929,2021,4,April,16,Afternoon Peak,Weekday
T20210008931,2021-04-21,20:59:00,1,Collision with vehicle,3,Wednesday,113,RIGHT NEAR (INTERSECTIONS ONLY),3,37019,T intersection,3,50,Arterial Other,CRANBOURNE,CASEY,-38.038742,145.30473,2021,4,April,20,Night,Weekday
T20210008849,2021-04-21,03:50:00,4,Collision with a fixed object,3,Wednesday,171,LEFT OFF CARRIAGEWAY INTO OBJECT/PARKED VEHICLE,5,681312,Not at intersection,3,80,Local Road,LEAKES,MELTON,-37.703564,144.65707,2021,4,April,3,Late Night,Weekday
T20210008853,2021-04-21,08:00:00,1,Collision with vehicle,3,Wednesday,116,LEFT NEAR (INTERSECTIONS ONLY),1,681313,T intersection,3,50,Local Road,RETREAT,BENDIGO,-36.7877,144.28813,2021,4,April,8,Morning Peak,Weekday
T20210008856,2021-04-21,07:10:00,1,Collision with vehicle,3,Wednesday,130,REAR END(VEHICLES IN SAME LANE),2,688844,Not at intersection,2,100,Arterial Highway,NORTHERN,MITCHELL,-37.13184,144.86644,2021,4,April,7,Morning Peak,Weekday
T20210010053,2021-04-21,14:35:00,1,Collision with vehicle,3,Wednesday,132,RIGHT REAR.,1,685940,Not at intersection,3,70,Local Road,PILLARS,DANDENONG,-38.027607,145.1591,2021,4,April,14,Midday,Weekday
T20210008932,2021-04-21,20:59:00,1,Collision with vehicle,3,Wednesday,113,RIGHT NEAR (INTERSECTIONS ONLY),3,37019,T intersection,2,80,Arterial Other,CRANBOURNE,CASEY,-38.038742,145.30473,2021,4,April,20,Night,Weekday
T20210008933,2021-04-21,05:25:00,4,Collision with a fixed object,3,Wednesday,171,LEFT OFF CARRIAGEWAY INTO OBJECT/PARKED VEHICLE,3,684082,Not at intersection,3,50,Local Road,GILBERT,DAREBIN,-37.727615,144.99185,2021,4,April,5,Morning Peak,Weekday
T20210009192,2021-04-21,05:00:00,1,Collision with vehicle,3,Wednesday,116,LEFT NEAR (INTERSECTIONS ONLY),3,46444,T intersection,3,50,Local Road,TUCKER,CASEY,-38.103092,145.27817,2021,4,April,5,Morning Peak,Weekday
T20210008939,2021-04-21,06:00:00,1,Collision with vehicle,3,Wednesday,130,REAR END(VEHICLES IN SAME LANE),3,692694,T intersection,3,80,Arterial Other,ALEXANDERS,LATROBE,-38.224304,146.44281,2021,4,April,6,Morning Peak,Weekday
T20210009721,2021-04-21,07:50:00,9,Other accident,3,Wednesday,174,OUT OF CONTROL ON CARRIAGEWAY (ON STRAIGHT),1,682520,Not at intersection,3,60,Arterial Other,OLD PRINCES,CARDINIA,-38.050285,145.37314,2021,4,April,7,Morning Peak,Weekday
T20210008941,2021-04-21,08:30:00,1,Collision with vehicle,3,Wednesday,121,RIGHT THROUGH,1,681439,Not at intersection,2,60,Arterial Other,THOMPSON,GEELONG,-38.098278,144.34583,2021,4,April,8,Morning Peak,Weekday
T20210008913,2021-04-21,18:19:00,1,Collision with vehicle,3,Wednesday,121,RIGHT THROUGH,3,39042,T intersection,3,60,Arterial Other,BARKERS,BOROONDARA,-37.81737,145.05936,2021,4,April,18,Afternoon Peak,Weekday
T20210008914,2021-04-21,19:00:00,1,Collision with vehicle,3,Wednesday,142,LEAVING PARKING,3,681558,Not at intersection,3,50,Local Road,MIRKA,WHITTLESEA,-37.666664,144.99182,2021,4,April,19,Night,Weekday
T20210008917,2021-04-21,18:40:00,1,Collision with vehicle,3,Wednesday,121,RIGHT THROUGH,3,65003,Cross intersection,2,60,Arterial Highway,ALEXANDRA,YARRA,-37.794052,144.9882,2021,4,April,18,Afternoon Peak,Weekday
T20210008919,2021-04-21,16:50:00,1,Collision with vehicle,3,Wednesday,130,REAR END(VEHICLES IN SAME LANE),1,51660,Cross intersection,3,60,Local Road,HAVLIN,BENDIGO,-36.766834,144.2895,2021,4,April,16,Afternoon Peak,Weekday
T20210008922,2021-04-21,08:45:00,1,Collision with vehicle,3,Wednesday,121,RIGHT THROUGH,1,226234,Cross intersection,3,70,Arterial Other,HUME,HUME,-37.634563,144.95003,2021,4,April,8,Morning Peak,Weekday
T20210008923,2021-04-21,17:40:00,1,Collision with vehicle,3,Wednesday,130,REAR END(VEHICLES IN SAME LANE),1,681494,Not at intersection,3,60,Local Road,THE LAKES,WHITTLESEA,-37.628815,145.0783,2021,4,April,17,Afternoon Peak,Weekday
T20210008924,2021-04-21,16:03:00,1,Collision with vehicle,3,Wednesday,120,HEAD ON (NOT OVERTAKING),1,702165,Not at intersection,2,60,Arterial Other,PARA,BANYULE,-37.72492,145.1122,2021,4,April,16,Afternoon Peak,Weekday
T20210008927,2021-04-21,20:40:00,1,Collision with vehicle,3,Wednesday,111,RIGHT FAR (INTERSECTIONS ONLY),3,29845,Cross intersection,3,60,Local Road,EUGENIA,CASEY,-37.992477,145.23853,2021,4,April,20,Night,Weekday
T20210016033,2021-04-21,18:00:00,6,Vehicle overturned (no collision),3,Wednesday,174,OUT OF CONTROL ON CARRIAGEWAY (ON STRAIGHT),2,43231,T intersection,3,60,Arterial Highway,NEPEAN,KINGSTON,-38.04665,145.11325,2021,4,April,18,Afternoon Peak,Weekday
T20210008928,2021-04-21,15:30:00,1,Collision with vehicle,3,Wednesday,160,VEHICLE COLLIDES WITH VEHICLE PARKED ON LEFT OF ROAD,1,45507,T intersection,3,60,Arterial Other,MORELAND,MORELAND,-37.75283,144.94196,2021,4,April,15,Afternoon Peak,Weekday
T20210008911,2021-04-21,17:45:00,1,Collision with vehicle,3,Wednesday,147,VEHICLE STRIKES ANOTHER VEH WHILE EMERGING FROM DRIVEWAY,2,712510,Not at intersection,2,70,Arterial Highway,SURFCOAST,GEELONG,-38.215744,144.33868,2021,4,April,17,Afternoon Peak,Weekday
T20210009047,2021-04-21,15:46:00,2,Struck Pedestrian,3,Wednesday,102,FAR SIDE. PED HIT BY VEHICLE FROM THE LEFT,1,57833,Cross intersection,3,50,Local Road,RICHARDSON,PORT PHILLIP,-37.848175,144.95921,2021,4,April,15,Afternoon Peak,Weekday
T20210008864,2021-04-21,06:30:00,1,Collision with vehicle,3,Wednesday,121,RIGHT THROUGH,5,687777,Not at intersection,3,60,Local Road,MONT,MITCHELL,-36.99351,145.03204,2021,4,April,6,Morning Peak,Weekday
T20210008909,2021-04-21,14:59:00,1,Collision with vehicle,3,Wednesday,120,HEAD ON (NOT OVERTAKING),1,682877,Not at intersection,3,60,Arterial Highway,HIGH,BALLARAT,-37.425274,143.72029,2021,4,April,14,Midday,Weekday
T20210009427,2021-04-21,19:32:00,1,Collision with vehicle,3,Wednesday,132,RIGHT REAR.,3,681884,T intersection,3,60,Arterial Other,MELBOURNE,HOBSONS BAY,-37.854416,144.8912,2021,4,April,19,Night,Weekday
T20210008861,2021-04-21,08:13:00,1,Collision with vehicle,3,Wednesday,121,RIGHT THROUGH,1,67440,T intersection,3,60,Arterial Other,HUNTINGDALE,MONASH,-37.856552,145.11383,2021,4,April,8,Morning Peak,Weekday
T20210008978,2021-04-21,18:44:00,1,Collision with vehicle,3,Wednesday,148,VEHICLE OFF FOOTPATH STRIKES VEH ON CARRIAGEWAY,3,681398,T intersection,2,40,Local Road,PARK,PORT PHILLIP,-37.83536,144.96112,2021,4,April,18,Afternoon Peak,Weekday
T20210008989,2021-04-21,16:10:00,1,Collision with vehicle,3,Wednesday,111,RIGHT FAR (INTERSECTIONS ONLY),1,17587,Cross intersection,2,100,Arterial Other,KATAMATITE-SHEPPARTON,MOIRA,-36.193645,145.53159,2021,4,April,16,Afternoon Peak,Weekday
T20210008906,2021-04-21,14:55:00,1,Collision with vehicle,3,Wednesday,110,CROSS TRAFFIC(INTERSECTIONS ONLY),1,243224,Cross intersection,3,60,Local Road,RING,BALLARAT,-37.53989,143.80081,2021,4,April,14,Midday,Weekday
T20210008902,2021-04-21,14:19:00,1,Collision with vehicle,3,Wednesday,140,U TURN,1,681708,Not at intersection,3,100,Arterial Other,LANCEFIELD,HUME,-37.579506,144.7602,2021,4,April,14,Midday,Weekday
T20210008901,2021-04-21,16:00:00,1,Collision with vehicle,3,Wednesday,130,REAR END(VEHICLES IN SAME LANE),2,684012,Not at intersection,3,70,Arterial Highway,MANNINGHAM,MANNINGHAM,-37.760162,145.07832,2021,4,April,16,Afternoon Peak,Weekday
T20210008898,2021-04-21,07:20:00,6,Vehicle overturned (no collision),3,Wednesday,170,OFF CARRIAGEWAY TO LEFT,1,773424,Not at intersection,3,100,Local Road,ASHBOURNE,MACEDON RANGES,-37.38903,144.46411,2021,4,April,7,Morning Peak,Weekday
T20210008894,2021-04-21,14:20:00,1,Collision with vehicle,3,Wednesday,163,VEHICLE STRIKES DOOR OF PARKED/STATIONARY VEHICLE,1,138353,Not at intersection,3,40,Local Road,CHAPEL,STONNINGTON,-37.851982,144.99335,2021,4,April,14,Midday,Weekday
T20210008888,2021-04-21,11:50:00,1,Collision with vehicle,3,Wednesday,130,REAR END(VEHICLES IN SAME LANE),1,681557,Not at intersection,2,60,Arterial Other,HOPKINS,MELTON,-37.79097,144.6981,2021,4,April,11,Midday,Weekday
T20210008910,2021-04-21,16:00:00,1,Collision with vehicle,3,Wednesday,111,RIGHT FAR (INTERSECTIONS ONLY),1,35999,T intersection,3,60,Local Road,LYGON,MELBOURNE,-37.785526,144.96953,2021,4,April,16,Afternoon Peak,Weekday
T20210009292,2021-04-21,08:10:00,8,No collision and no object struck,3,Wednesday,174,OUT OF CONTROL ON CARRIAGEWAY (ON STRAIGHT),1,688716,Not at intersection,3,40,Local Road,SMITH,YARRA,-37.803963,144.98341,2021,4,April,8,Morning Peak,Weekday
T20210012103,2021-04-22,15:40:00,1,Collision with vehicle,4,Thursday,113,RIGHT NEAR (INTERSECTIONS ONLY),1,225560,T intersection,3,80,Arterial Other,CRANBOURNE,CASEY,-38.02751,145.3066,2021,4,April,15,Afternoon Peak,Weekday
T20210008965,2021-04-22,08:30:00,2,Struck Pedestrian,4,Thursday,100,PED NEAR SIDE. PED HIT BY VEHICLE FROM THE RIGHT.,1,699540,Not at intersection,2,60,Arterial Other,ST ALBANS,BRIMBANK,-37.759697,144.81157,2021,4,April,8,Morning Peak,Weekday
T20210016581,2021-04-22,14:30:00,1,Collision with vehicle,4,Thursday,121,RIGHT THROUGH,1,730809,Not at intersection,3,60,Local Road,DEVENY,WHITTLESEA,-37.658993,145.01326,2021,4,April,14,Midday,Weekday
T20210008963,2021-04-22,06:20:00,2,Struck Pedestrian,4,Thursday,100,PED NEAR SIDE. PED HIT BY VEHICLE FROM THE RIGHT.,6,681495,Not at intersection,3,50,Local Road,DRUMMOND,MONASH,-37.8892,145.09148,2021,4,April,6,Morning Peak,Weekday
T20210008946,2021-04-22,08:12:00,1,Collision with vehicle,4,Thursday,133,LANE SIDE SWIPE (VEHICLES IN PARALLEL LANES),1,682555,Not at intersection,2,50,Local Road,MCGOWANS,MANNINGHAM,-37.795036,145.18433,2021,4,April,8,Morning Peak,Weekday
T20210008935,2021-04-22,00:30:00,1,Collision with vehicle,4,Thursday,121,RIGHT THROUGH,3,36816,Cross intersection,3,80,Arterial Other,PASCOE VALE,HUME,-37.643826,144.9289,2021,4,April,0,Late Night,Weekday
T20210012275,2021-04-22,11:30:00,4,Collision with a fixed object,4,Thursday,179,OTHER ACCIDENTS-OFF STRAIGHT NOT INCLUDED IN DCAs 170-175,1,684793,Not at intersection,2,50,Local Road,CREWE,MONASH,-37.89585,145.0852,2021,4,April,11,Midday,Weekday
T20210009528,2021-04-22,16:15:00,1,Collision with vehicle,4,Thursday,121,RIGHT THROUGH,9,40316,T intersection,3,60,Arterial Other,TOORAK,STONNINGTON,-37.844177,145.03456,2021,4,April,16,Afternoon Peak,Weekday
T20210008974,2021-04-22,12:42:00,1,Collision with vehicle,4,Thursday,110,CROSS TRAFFIC(INTERSECTIONS ONLY),1,43813,Cross intersection,3,60,Local Road,BEENAK,YARRA RANGES,-37.79066,145.43617,2021,4,April,12,Midday,Weekday
T20210009357,2021-04-22,22:51:00,1,Collision with vehicle,4,Thursday,110,CROSS TRAFFIC(INTERSECTIONS ONLY),3,337457,Cross intersection,2,70,Arterial Other,FITZGERALD,WYNDHAM,-37.844143,144.78186,2021,4,April,22,Night,Weekday
T20210009288,2021-04-22,17:30:00,1,Collision with vehicle,4,Thursday,121,RIGHT THROUGH,2,230850,T intersection,3,70,Arterial Highway,RUSSELL,GEELONG,-38.157436,144.35089,2021,4,April,17,Afternoon Peak,Weekday
T20210011075,2021-04-22,08:55:00,1,Collision with vehicle,4,Thursday,136,RIGHT TURN SIDESWIPE,1,37411,Multiple intersection,3,60,Arterial Other,WILLIAMSTOWN,PORT PHILLIP,-37.831264,144.94444,2021,4,April,8,Morning Peak,Weekday
T20210009278,2021-04-22,16:00:00,1,Collision with vehicle,4,Thursday,121,RIGHT THROUGH,1,42214,T intersection,2,70,Arterial Other,SOUTH,GLEN EIRA,-37.934605,145.04832,2021,4,April,16,Afternoon Peak,Weekday
T20210009991,2021-04-22,07:54:00,1,Collision with vehicle,4,Thursday,130,REAR END(VEHICLES IN SAME LANE),1,683661,Multiple intersection,3,60,Arterial Other,GRANGE,DAREBIN,-37.77544,145.02576,2021,4,April,7,Morning Peak,Weekday
T20210009201,2021-04-22,17:45:00,1,Collision with vehicle,4,Thursday,130,REAR END(VEHICLES IN SAME LANE),2,681622,Not at intersection,3,80,Arterial Other,CLYDE,CASEY,-38.049145,145.34053,2021,4,April,17,Afternoon Peak,Weekday
T20210009270,2021-04-22,16:40:00,1,Collision with vehicle,4,Thursday,130,REAR END(VEHICLES IN SAME LANE),1,683010,Not at intersection,3,100,Freeway,TULLAMARINE,MOONEE VALLEY,-37.72732,144.891,2021,4,April,16,Afternoon Peak,Weekday
T20210009013,2021-04-22,18:00:00,7,Fall from or in moving vehicle,4,Thursday,190,FELL IN/FROM VEHICLE,2,784978,Not at intersection,3,60,Local Road,DANDENONG,FRANKSTON,-38.14068,145.12735,2021,4,April,18,Afternoon Peak,Weekday
T20210009022,2021-04-22,20:30:00,1,Collision with vehicle,4,Thursday,160,VEHICLE COLLIDES WITH VEHICLE PARKED ON LEFT OF ROAD,3,695085,Not at intersection,2,60,Local Road,CLARKES,MELTON,-37.703564,144.54607,2021,4,April,20,Night,Weekday
T20210009027,2021-04-22,23:25:00,1,Collision with vehicle,4,Thursday,121,RIGHT THROUGH,3,36335,Cross intersection,3,60,Arterial Other,CEMETERY,MELBOURNE,-37.79226,144.96838,2021,4,April,23,Night,Weekday
T20210010662,2021-04-22,17:10:00,1,Collision with vehicle,4,Thursday,140,U TURN,1,42824,T intersection,3,60,Arterial Highway,MAIN,KINGSTON,-38.00419,145.08492,2021,4,April,17,Afternoon Peak,Weekday
T20210009030,2021-04-22,09:00:00,1,Collision with vehicle,4,Thursday,130,REAR END(VEHICLES IN SAME LANE),1,681709,Not at intersection,3,60,Arterial Other,OLD CALDER,BRIMBANK,-37.70958,144.82033,2021,4,April,9,Morning Peak,Weekday
T20210009033,2021-04-22,12:55:00,4,Collision with a fixed object,4,Thursday,173,RIGHT OFF CARRIAGEWAY INTO OBJECT/PARKED VEHICLE,1,684398,Not at intersection,2,50,Local Road,KELDALE,DANDENONG,-37.959446,145.17346,2021,4,April,12,Midday,Weekday
T20210009010,2021-04-22,17:20:00,3,Struck animal,4,Thursday,167,STRUCK ANIMAL,2,681654,Not at intersection,2,100,Local Road,PRENDERGASTS,MACEDON RANGES,-37.20976,144.63158,2021,4,April,17,Afternoon Peak,Weekday
T20210009009,2021-04-22,18:55:00,1,Collision with vehicle,4,Thursday,121,RIGHT THROUGH,3,65772,Cross intersection,3,40,Local Road,LA TROBE,MELBOURNE,-37.81104,144.9589,2021,4,April,18,Afternoon Peak,Weekday
T20210009008,2021-04-22,15:52:00,1,Collision with vehicle,4,Thursday,132,RIGHT REAR.,1,696846,T intersection,3,80,Arterial Highway,WARBURTON,YARRA RANGES,-37.783165,145.56276,2021,4,April,15,Afternoon Peak,Weekday
T20210009006,2021-04-22,17:00:00,1,Collision with vehicle,4,Thursday,121,RIGHT THROUGH,1,41595,T intersection,3,60,Arterial Highway,NORTH,MONASH,-37.910564,145.09425,2021,4,April,17,Afternoon Peak,Weekday
T20210008995,2021-04-22,15:00:00,1,Collision with vehicle,4,Thursday,133,LANE SIDE SWIPE (VEHICLES IN PARALLEL LANES),1,684189,Not at intersection,3,100,Freeway,MONASH,STONNINGTON,-37.87676,145.07661,2021,4,April,15,Afternoon Peak,Weekday
T20210008991,2021-04-22,13:55:00,4,Collision with a fixed object,4,Thursday,171,LEFT OFF CARRIAGEWAY INTO OBJECT/PARKED VEHICLE,1,20850,T intersection,2,100,Arterial Other,MONASH,LATROBE,-38.269985,146.42346,2021,4,April,13,Midday,Weekday
T20210008987,2021-04-22,14:00:00,1,Collision with vehicle,4,Thursday,113,RIGHT NEAR (INTERSECTIONS ONLY),1,35612,Cross intersection,3,60,Arterial Other,HEATHERTON,DANDENONG,-37.96444,145.16856,2021,4,April,14,Midday,Weekday
T20210008984,2021-04-22,13:26:00,1,Collision with vehicle,4,Thursday,121,RIGHT THROUGH,1,335372,Multiple intersection,3,80,Freeway,CANTERBURY,MAROONDAH,-37.832294,145.21703,2021,4,April,13,Midday,Weekday
T20210008982,2021-04-22,13:55:00,1,Collision with vehicle,4,Thursday,179,OTHER ACCIDENTS-OFF STRAIGHT NOT INCLUDED IN DCAs 170-175,1,682255,Not at intersection,3,80,Freeway,MONASH,MONASH,-37.886375,145.10757,2021,4,April,13,Midday,Weekday
T20210009445,2021-04-22,17:00:00,1,Collision with vehicle,4,Thursday,130,REAR END(VEHICLES IN SAME LANE),2,682055,Not at intersection,3,80,Arterial Highway,SOUTH GIPPSLAND,DANDENONG,-38.018467,145.23552,2021,4,April,17,Afternoon Peak,Weekday
T20210008980,2021-04-22,08:45:00,1,Collision with vehicle,4,Thursday,120,HEAD ON (NOT OVERTAKING),1,43167,T intersection,3,60,Arterial Other,HALLAM NORTH,CASEY,-37.986286,145.27708,2021,4,April,8,Morning Peak,Weekday
T20210008979,2021-04-22,10:00:00,4,Collision with a fixed object,4,Thursday,173,RIGHT OFF CARRIAGEWAY INTO OBJECT/PARKED VEHICLE,1,682011,Not at intersection,2,70,Arterial Highway,PLENTY,DAREBIN,-37.713947,145.04471,2021,4,April,10,Midday,Weekday
T20210009911,2021-04-22,21:15:00,1,Collision with vehicle,4,Thursday,130,REAR END(VEHICLES IN SAME LANE),6,690326,Not at intersection,3,80,Arterial Other,CRANBOURNE-FRANKSTON,FRANKSTON,-38.1542,145.1844,2021,4,April,21,Night,Weekday
T20210008975,2021-04-22,11:00:00,5,collision with some other object,4,Thursday,165,TEMPORARY ROADWORKS,1,730141,Not at intersection,3,40,Arterial Highway,MIDLAND,BALLARAT,-37.672222,143.93768,2021,4,April,11,Midday,Weekday
T20210008972,2021-04-22,12:55:00,8,No collision and no object struck,4,Thursday,174,OUT OF CONTROL ON CARRIAGEWAY (ON STRAIGHT),1,686080,Not at intersection,2,50,Local Road,KING,LATROBE,-38.18707,146.24597,2021,4,April,12,Midday,Weekday
T20210009073,2021-04-22,16:10:00,4,Collision with a fixed object,4,Thursday,181,OFF RIGHT BEND INTO OBJECT/PARKED VEHICLE,1,682012,Not at intersection,3,80,Arterial Other,KORUMBURRA-WONTHAGGI,SOUTH GIPPSLAND,-38.460293,145.7896,2021,4,April,16,Afternoon Peak,Weekday
T20210008971,2021-04-22,08:55:00,1,Collision with vehicle,4,Thursday,130,REAR END(VEHICLES IN SAME LANE),1,688650,Multiple intersection,3,60,Local Road,ANZAC,WODONGA,-36.134335,146.90436,2021,4,April,8,Morning Peak,Weekday
T20210008968,2021-04-22,07:45:00,6,Vehicle overturned (no collision),4,Thursday,184,OUT OF CONTROL ON CARRIAGEWAY (ON BEND),1,682048,T intersection,3,80,Arterial Other,SUNBURY,HUME,-37.641132,144.81592,2021,4,April,7,Morning Peak,Weekday
T20210008967,2021-04-22,10:50:00,4,Collision with a fixed object,4,Thursday,175,OFF END OF ROAD/T-INTERSECTION.,1,68293,T intersection,2,60,Arterial Other,GLEN EIRA,GLEN EIRA,-37.881,145.03113,2021,4,April,10,Midday,Weekday
T20210009042,2021-04-22,15:00:00,2,Struck Pedestrian,4,Thursday,102,FAR SIDE. PED HIT BY VEHICLE FROM THE LEFT,1,684399,Not at intersection,3,50,Local Road,SCOTT,YARRIAMBIACK,-36.249344,142.39502,2021,4,April,15,Afternoon Peak,Weekday
T20210010583,2021-04-22,18:21:00,1,Collision with vehicle,4,Thursday,132,RIGHT REAR.,2,35505,Cross intersection,3,60,Arterial Other,BALACLAVA,GLEN EIRA,-37.87145,145.01491,2021,4,April,18,Afternoon Peak,Weekday
T20210020008,2021-04-22,11:00:00,4,Collision with a fixed object,4,Thursday,183,OFF LEFT BEND INTO OBJECT/PARKED VEHICLE,1,695643,Not at intersection,3,100,Local Road,YARRAGON-LEONGATHA,BAW BAW,-38.260567,146.04347,2021,4,April,11,Midday,Weekday
T20210009088,2021-04-22,13:30:00,1,Collision with vehicle,4,Thursday,135,LANE CHANGE LEFT (NOT OVERTAKING),1,243196,Cross intersection,3,70,Arterial Highway,BURWOOD,WHITEHORSE,-37.85082,145.0992,2021,4,April,13,Midday,Weekday