ACCIDENT_NO,ACCIDENT_DATE,ACCIDENT_TIME,ACCIDENT_TYPE,ACCIDENT_TYPE_DESC,DAY_OF_WEEK,DAY_WEEK_DESC,DCA_CODE,DCA_DESC,LIGHT_CONDITION,NODE_ID,ROAD_GEOMETRY_DESC,SEVERITY,SPEED_ZONE,RMA,ROAD_NAME,LGA_NAME,LATITUDE,LONGITUDE,YEAR,MONTH,MONTH_NAME,HOUR,TIME_PERIOD,DAY_TYPE
T20210009091,2021-04-23,18:55:00,1,Collision with vehicle,5,Friday,130,REAR END(VEHICLES IN SAME LANE),3,682363,Not at intersection,2,50,Arterial Other,COMMERCIAL,MELBOURNE,-37.845177,144.98116,2021,4,April,18,Afternoon Peak,Weekday
T20210009620,2021-04-23,16:00:00,1,Collision with vehicle,5,Friday,137,LEFT TURN SIDESWIPE,9,38051,Cross intersection,3,60,Arterial Other,HEIDELBERG,DAREBIN,-37.7834,145.01738,2021,4,April,16,Afternoon Peak,Weekday
T20210009096,2021-04-23,19:00:00,3,Struck animal,5,Friday,167,STRUCK ANIMAL,5,681562,Not at intersection,2,100,Arterial Highway,MELBA,MURRINDINDI,-37.502296,145.42297,2021,4,April,19,Night,Weekday
T20210008826,2021-04-23,18:05:00,1,Collision with vehicle,5,Friday,130,REAR END(VEHICLES IN SAME LANE),2,684649,Not at intersection,2,50,Local Road,RAILWAY,MONASH,-37.879963,145.16551,2021,4,April,18,Afternoon Peak,Weekday
T20210009097,2021-04-23,17:54:00,1,Collision with vehicle,5,Friday,130,REAR END(VEHICLES IN SAME LANE),3,682118,Not at intersection,2,80,Freeway,WEST GATE,MELBOURNE,-37.82614,144.94714,2021,4,April,17,Afternoon Peak,Weekday
T20210013112,2021-04-23,14:04:00,1,Collision with vehicle,5,Friday,113,RIGHT NEAR (INTERSECTIONS ONLY),1,47131,T intersection,3,60,Arterial Other,NARRE WARREN,CASEY,-38.096493,145.29309,2021,4,April,14,Midday,Weekday
T20210009391,2021-04-23,01:30:00,1,Collision with vehicle,5,Friday,130,REAR END(VEHICLES IN SAME LANE),6,681803,Cross intersection,3,60,Arterial Highway,ALBERT,DAREBIN,-37.729885,145.02542,2021,4,April,1,Late Night,Weekday
T20210009365,2021-04-23,10:10:00,2,Struck Pedestrian,5,Friday,100,PED NEAR SIDE. PED HIT BY VEHICLE FROM THE RIGHT.,9,682501,Not at intersection,3,40,Local Road,GREEN,WANGARATTA,-36.354305,146.31456,2021,4,April,10,Midday,Weekday
T20210009498,2021-04-23,16:00:00,1,Collision with vehicle,5,Friday,135,LANE CHANGE LEFT (NOT OVERTAKING),1,687776,Not at intersection,3,80,Freeway,CITYLINK,YARRA,-37.830654,144.98944,2021,4,April,16,Afternoon Peak,Weekday
T20210010027,2021-04-23,10:36:00,1,Collision with vehicle,5,Friday,147,VEHICLE STRIKES ANOTHER VEH WHILE EMERGING FROM DRIVEWAY,1,682640,Not at intersection,3,50,Local Road,GUILDFORD,CASEY,-38.011257,145.2908,2021,4,April,10,Midday,Weekday
T20210009345,2021-04-23,18:00:00,1,Collision with vehicle,5,Friday,111,RIGHT FAR (INTERSECTIONS ONLY),2,41577,Cross intersection,3,60,Local Road,BATESFORD,MONASH,-37.87571,145.09393,2021,4,April,18,Afternoon Peak,Weekday
T20210009066,2021-04-23,14:30:00,1,Collision with vehicle,5,Friday,121,RIGHT THROUGH,1,687486,T intersection,3,80,Arterial Other,CASHMORE ROAD -PORTLAND-NELSON,GLENELG,-38.321484,141.58191,2021,4,April,14,Midday,Weekday
T20210013659,2021-04-23,23:00:00,1,Collision with vehicle,5,Friday,160,VEHICLE COLLIDES WITH VEHICLE PARKED ON LEFT OF ROAD,6,693554,Not at intersection,3,50,Local Road,DAVIES,MORELAND,-37.756973,144.96811,2021,4,April,23,Night,Weekday
T20210009059,2021-04-23,12:54:00,6,Vehicle overturned (no collision),5,Friday,174,OUT OF CONTROL ON CARRIAGEWAY (ON STRAIGHT),1,784989,Not at intersection,3,80,Arterial Other,VINEYARD,HUME,-37.5856,144.72154,2021,4,April,12,Midday,Weekday
T20210009101,2021-04-23,18:57:00,1,Collision with vehicle,5,Friday,130,REAR END(VEHICLES IN SAME LANE),3,682049,Not at intersection,3,80,Freeway,WESTERN LINK TOLLWAY,MELBOURNE,-37.82445,144.93066,2021,4,April,18,Afternoon Peak,Weekday
T20210009436,2021-04-23,15:00:00,1,Collision with vehicle,5,Friday,113,RIGHT NEAR (INTERSECTIONS ONLY),1,41752,T intersection,3,60,Arterial Other,BLACKBURN,MONASH,-37.884403,145.1461,2021,4,April,15,Afternoon Peak,Weekday
T20210009057,2021-04-23,10:30:00,4,Collision with a fixed object,5,Friday,173,RIGHT OFF CARRIAGEWAY INTO OBJECT/PARKED VEHICLE,1,49075,T intersection,2,50,Local Road,MILTON,BENDIGO,-36.79043,144.28468,2021,4,April,10,Midday,Weekday
T20210009123,2021-04-23,06:17:00,1,Collision with vehicle,5,Friday,110,CROSS TRAFFIC(INTERSECTIONS ONLY),3,49662,Cross intersection,2,60,Arterial Other,BACCHUS MARSH,GEELONG,-38.074158,144.35864,2021,4,April,6,Morning Peak,Weekday
T20210009046,2021-04-23,10:35:00,1,Collision with vehicle,5,Friday,121,RIGHT THROUGH,1,278227,Not at intersection,2,60,Arterial Other,MURRAY,DAREBIN,-37.74097,145.0324,2021,4,April,10,Midday,Weekday
T20210009049,2021-04-23,09:35:00,1,Collision with vehicle,5,Friday,160,VEHICLE COLLIDES WITH VEHICLE PARKED ON LEFT OF ROAD,1,681561,Not at intersection,3,50,Local Road,HALIFAX,BAYSIDE,-37.91584,145.00246,2021,4,April,9,Morning Peak,Weekday
T20210009112,2021-04-23,21:46:00,1,Collision with vehicle,5,Friday,120,HEAD ON (NOT OVERTAKING),6,691545,Not at intersection,2,60,Arterial Highway,NEPEAN,MORNINGTON PENINSULA,-38.32884,144.98041,2021,4,April,21,Night,Weekday
T20210009111,2021-04-23,17:24:00,1,Collision with vehicle,5,Friday,111,RIGHT FAR (INTERSECTIONS ONLY),3,49475,Cross intersection,3,60,Arterial Highway,HIGH STREET -NORTHERN,MITCHELL,-37.419655,144.97888,2021,4,April,17,Afternoon Peak,Weekday
T20210009107,2021-04-23,06:28:00,1,Collision with vehicle,5,Friday,120,HEAD ON (NOT OVERTAKING),1,684481,Not at intersection,2,80,Local Road,COTTLES BRIDGE-STRATHEWEN,NILLUMBIK,-37.61894,145.21802,2021,4,April,6,Morning Peak,Weekday
T20210010016,2021-04-23,06:07:00,1,Collision with vehicle,5,Friday,135,LANE CHANGE LEFT (NOT OVERTAKING),2,685795,Not at intersection,3,80,Freeway,MONASH,MONASH,-37.926735,145.18144,2021,4,April,6,Morning Peak,Weekday
T20210009106,2021-04-23,21:00:00,2,Struck Pedestrian,5,Friday,102,FAR SIDE. PED HIT BY VEHICLE FROM THE LEFT,3,683997,Not at intersection,2,50,Arterial Other,BROADWAY,CENTRAL GOLDFIELDS,-36.858006,143.73029,2021,4,April,21,Night,Weekday
T20210009037,2021-04-23,08:35:00,1,Collision with vehicle,5,Friday,130,REAR END(VEHICLES IN SAME LANE),1,681560,Not at intersection,3,80,Arterial Other,BELGRAVE-HALLAM,CASEY,-37.99698,145.27533,2021,4,April,8,Morning Peak,Weekday
T20210009104,2021-04-23,14:15:00,8,No collision and no object struck,5,Friday,172,OFF CARRIAGEWAY TO RIGHT,1,689723,Not at intersection,3,100,Arterial Highway,LODDON VALLEY,LODDON,-36.128586,143.92181,2021,4,April,14,Midday,Weekday
T20210009102,2021-04-23,19:41:00,1,Collision with vehicle,5,Friday,130,REAR END(VEHICLES IN SAME LANE),3,730149,Cross intersection,2,60,Local Road,CLOW,DANDENONG,-37.986626,145.22969,2021,4,April,19,Night,Weekday
T20210009131,2021-04-23,09:45:00,1,Collision with vehicle,5,Friday,111,RIGHT FAR (INTERSECTIONS ONLY),1,682050,T intersection,3,80,Arterial Other,FERNTREE GULLY,KNOX,-37.894863,145.25055,2021,4,April,9,Morning Peak,Weekday
T20210009069,2021-04-23,15:30:00,2,Struck Pedestrian,5,Friday,101,PED EMERGES FROM IN FRONT OF PARKED OR STATIONARY VEHICLE,1,43408,T intersection,3,50,Local Road,EXCELSIOR,FRANKSTON,-38.118324,145.15968,2021,4,April,15,Afternoon Peak,Weekday
T20210009230,2021-04-23,12:00:00,1,Collision with vehicle,5,Friday,130,REAR END(VEHICLES IN SAME LANE),1,687015,Not at intersection,2,50,Local Road,KING,CARDINIA,-38.07212,145.48645,2021,4,April,12,Midday,Weekday
T20210009078,2021-04-23,09:30:00,4,Collision with a fixed object,5,Friday,179,OTHER ACCIDENTS-OFF STRAIGHT NOT INCLUDED IN DCAs 170-175,1,784981,Not at intersection,3,50,Local Road,KEVIN,MONASH,-37.895218,145.11017,2021,4,April,9,Morning Peak,Weekday
T20210009081,2021-04-23,17:38:00,1,Collision with vehicle,5,Friday,114,TWO RIGHT TURNING (INTERSECTIONS ONLY),1,47128,T intersection,3,80,Arterial Highway,SOUTH GIPPSLAND,CASEY,-38.15997,145.31837,2021,4,April,17,Afternoon Peak,Weekday
T20210009083,2021-04-23,16:15:00,1,Collision with vehicle,5,Friday,121,RIGHT THROUGH,1,278926,T intersection,3,80,Freeway,ROBINSONS,MELTON,-37.796402,144.75249,2021,4,April,16,Afternoon Peak,Weekday
T20210009095,2021-04-23,19:22:00,1,Collision with vehicle,5,Friday,121,RIGHT THROUGH,3,683876,Not at intersection,2,60,Arterial Other,BARRY,HUME,-37.664455,144.92796,2021,4,April,19,Night,Weekday
T20210009086,2021-04-23,17:00:00,1,Collision with vehicle,5,Friday,130,REAR END(VEHICLES IN SAME LANE),1,730148,Not at intersection,3,50,Local Road,REGENT,MONASH,-37.90019,145.09482,2021,4,April,17,Afternoon Peak,Weekday
T20210009090,2021-04-23,17:15:00,1,Collision with vehicle,5,Friday,121,RIGHT THROUGH,2,324500,T intersection,3,70,Local Road,LINTON,KINGSTON,-37.93416,145.04315,2021,4,April,17,Afternoon Peak,Weekday
T20210009048,2021-04-23,09:10:00,1,Collision with vehicle,5,Friday,121,RIGHT THROUGH,1,356393,T intersection,2,80,Arterial Other,BEACONSFIELD-NAR NAR GOON,CARDINIA,-38.06109,145.44408,2021,4,April,9,Morning Peak,Weekday
T20210009093,2021-04-23,19:15:00,1,Collision with vehicle,5,Friday,110,CROSS TRAFFIC(INTERSECTIONS ONLY),3,22530,Cross intersection,3,50,Arterial Other,INGLIS,MOORABOOL,-37.600163,144.22285,2021,4,April,19,Night,Weekday
T20210013189,2021-04-23,08:50:00,1,Collision with vehicle,5,Friday,130,REAR END(VEHICLES IN SAME LANE),1,55661,T intersection,3,60,Arterial Other,BOUNDARY,MORELAND,-37.718945,144.96028,2021,4,April,8,Morning Peak,Weekday
T20210009255,2021-04-23,15:00:00,2,Struck Pedestrian,5,Friday,100,PED NEAR SIDE. PED HIT BY VEHICLE FROM THE RIGHT.,1,36696,T intersection,2,40,Arterial Other,JOHNSTON,YARRA,-37.80008,144.99538,2021,4,April,15,Afternoon Peak,Weekday
T20210011021,2021-04-23,18:15:00,1,Collision with vehicle,5,Friday,130,REAR END(VEHICLES IN SAME LANE),3,684490,Not at intersection,3,80,Arterial Highway,PRINCES,CASEY,-38.023075,145.30229,2021,4,April,18,Afternoon Peak,Weekday
T20210014146,2021-04-23,08:00:00,1,Collision with vehicle,5,Friday,130,REAR END(VEHICLES IN SAME LANE),1,43262,T intersection,3,60,Local Road,HAMMOND,DANDENONG,-38.00829,145.20683,2021,4,April,8,Morning Peak,Weekday
T20210012638,2021-04-23,08:00:00,1,Collision with vehicle,5,Friday,121,RIGHT THROUGH,1,73771,Cross intersection,3,50,Local Road,LALOR,GLENELG,-38.342705,141.58194,2021,4,April,8,Morning Peak,Weekday
T20210010138,2021-04-23,14:45:00,1,Collision with vehicle,5,Friday,132,RIGHT REAR.,1,684087,Not at intersection,3,80,Arterial Highway,FIFTEENTH,MILDURA,-34.24197,142.17851,2021,4,April,14,Midday,Weekday
T20210009039,2021-04-23,08:15:00,4,Collision with a fixed object,5,Friday,183,OFF LEFT BEND INTO OBJECT/PARKED VEHICLE,1,739995,Not at intersection,2,80,Arterial Other,DAYLESFORD-NEWSTEAD,MOUNT ALEXANDER,-37.13536,144.07695,2021,4,April,8,Morning Peak,Weekday
T20210010503,2021-04-23,12:00:00,1,Collision with vehicle,5,Friday,160,VEHICLE COLLIDES WITH VEHICLE PARKED ON LEFT OF ROAD,1,684910,Not at intersection,3,40,Local Road,HOPE,MORELAND,-37.762733,144.94943,2021,4,April,12,Midday,Weekday
T20210009099,2021-04-23,19:31:00,1,Collision with vehicle,5,Friday,130,REAR END(VEHICLES IN SAME LANE),5,681620,Not at intersection,2,100,Freeway,MONASH,CASEY,-38.01976,145.31137,2021,4,April,19,Night,Weekday
T20210009133,2021-04-23,09:40:00,2,Struck Pedestrian,5,Friday,107,PED ON FOOTHPATH STRUCK BY VEHENTERING/LEAVING DRIVEWAY.,1,687407,Not at intersection,3,50,Local Road,VERDUN,CASEY,-38.026638,145.31642,2021,4,April,9,Morning Peak,Weekday
T20210009246,2021-04-23,21:54:00,2,Struck Pedestrian,5,Friday,100,PED NEAR SIDE. PED HIT BY VEHICLE FROM THE RIGHT.,3,682513,Not at intersection,3,80,Arterial Other,NORTH,BAYSIDE,-37.899628,145.00537,2021,4,April,21,Night,Weekday
T20210009041,2021-04-23,09:41:00,1,Collision with vehicle,5,Friday,130,REAR END(VEHICLES IN SAME LANE),1,35522,Cross intersection,3,60,Arterial Highway,WARRIGAL,BOROONDARA,-37.86579,145.09279,2021,4,April,9,Morning Peak,Weekday
T20210009148,2021-04-24,15:10:00,6,Vehicle overturned (no collision),6,Saturday,172,OFF CARRIAGEWAY TO RIGHT,1,684513,Not at intersection,3,50,Local Road,CHAPEL,BASS COAST,-38.450287,145.23816,2021,4,April,15,Afternoon Peak,Weekend
T20210009147,2021-04-24,14:40:00,1,Collision with vehicle,6,Saturday,120,HEAD ON (NOT OVERTAKING),1,682052,Not at intersection,3,50,Local Road,COLERAINE,HUME,-37.67707,144.91766,2021,4,April,14,Midday,Weekend
T20210009145,2021-04-24,05:44:00,1,Collision with vehicle,6,Saturday,169,OTHER ON PATH,6,697326,Not at intersection,3,50,Local Road,SNAKE GULLY,DAREBIN,-37.699947,145.04916,2021,4,April,5,Morning Peak,Weekend
T20210009143,2021-04-24,11:00:00,1,Collision with vehicle,6,Saturday,135,LANE CHANGE LEFT (NOT OVERTAKING),1,345929,Not at intersection,3,100,Freeway,MONASH,STONNINGTON,-37.86027,145.0595,2021,4,April,11,Midday,Weekend
T20210009142,2021-04-24,11:25:00,4,Collision with a fixed object,6,Saturday,183,OFF LEFT BEND INTO OBJECT/PARKED VEHICLE,1,695121,Not at intersection,3,100,Arterial Other,NATIMUK-HAMILTON,SOUTHERN GRAMPIANS,-37.30569,141.86559,2021,4,April,11,Midday,Weekend
T20210009137,2021-04-24,06:00:00,4,Collision with a fixed object,6,Saturday,173,RIGHT OFF CARRIAGEWAY INTO OBJECT/PARKED VEHICLE,5,681623,Not at intersection,1,100,Arterial Highway,PYRENEES,PYRENEES,-37.134174,143.44316,2021,4,April,6,Morning Peak,Weekend
T20210009136,2021-04-24,09:50:00,2,Struck Pedestrian,6,Saturday,107,PED ON FOOTHPATH STRUCK BY VEHENTERING/LEAVING DRIVEWAY.,1,682600,Not at intersection,2,50,Local Road,LOUDEN,BENDIGO,-36.72836,144.26329,2021,4,April,9,Morning Peak,Weekend
T20210009135,2021-04-24,10:23:00,1,Collision with vehicle,6,Saturday,121,RIGHT THROUGH,1,597,T intersection,2,60,Local Road,NORMANBY,GLEN EIRA,-37.871662,145.03505,2021,4,April,10,Midday,Weekend
T20210010229,2021-04-24,07:10:00,1,Collision with vehicle,6,Saturday,110,CROSS TRAFFIC(INTERSECTIONS ONLY),6,50330,Cross intersection,3,60,Local Road,FISCHER,SURF COAST,-38.33048,144.32297,2021,4,April,7,Morning Peak,Weekend
T20210009132,2021-04-24,10:50:00,1,Collision with vehicle,6,Saturday,130,REAR END(VEHICLES IN SAME LANE),1,730150,Not at intersection,3,60,Freeway,TULLAMARINE IN-BULLA,MOONEE VALLEY,-37.734825,144.90408,2021,4,April,10,Midday,Weekend
T20210009128,2021-04-24,09:00:00,1,Collision with vehicle,6,Saturday,148,VEHICLE OFF FOOTPATH STRIKES VEH ON CARRIAGEWAY,1,681969,Not at intersection,3,70,Arterial Other,HEIDELBERG-WARRANDYTE,MANNINGHAM,-37.751553,145.17558,2021,4,April,9,Morning Peak,Weekend
T20210009125,2021-04-24,04:40:00,4,Collision with a fixed object,6,Saturday,173,RIGHT OFF CARRIAGEWAY INTO OBJECT/PARKED VEHICLE,5,689314,Not at intersection,2,100,Arterial Other,SEASPRAY,WELLINGTON,-38.311638,147.15402,2021,4,April,4,Late Night,Weekend
T20210009432,2021-04-24,10:00:00,6,Vehicle overturned (no collision),6,Saturday,174,OUT OF CONTROL ON CARRIAGEWAY (ON STRAIGHT),1,682260,Not at intersection,3,60,Local Road,BINKS,MOORABOOL,-37.51422,144.22903,2021,4,April,10,Midday,Weekend
T20210009124,2021-04-24,06:21:00,1,Collision with vehicle,6,Saturday,148,VEHICLE OFF FOOTPATH STRIKES VEH ON CARRIAGEWAY,1,37951,T intersection,3,50,Local Road,DENNIS,DAREBIN,-37.765656,144.9994,2021,4,April,6,Morning Peak,Weekend
T20210009161,2021-04-24,18:07:00,2,Struck Pedestrian,6,Saturday,107,PED ON FOOTHPATH STRUCK BY VEHENTERING/LEAVING DRIVEWAY.,3,686495,Not at intersection,3,40,Arterial Highway,ALBERT,BALLARAT,-37.59951,143.84105,2021,4,April,18,Afternoon Peak,Weekend
T20210010642,2021-04-24,06:00:00,4,Collision with a fixed object,6,Saturday,175,OFF END OF ROAD/T-INTERSECTION.,5,690156,T intersection,3,100,Local Road,BRIDGE,GANNAWARRA,-35.834457,144.17445,2021,4,April,6,Morning Peak,Weekend
T20210009115,2021-04-24,01:15:00,1,Collision with vehicle,6,Saturday,121,RIGHT THROUGH,3,331821,Multiple intersection,3,80,Freeway,HUME IN-COOPER,WHITTLESEA,-37.648132,144.9915,2021,4,April,1,Late Night,Weekend
T20210009985,2021-04-24,15:30:00,6,Vehicle overturned (no collision),6,Saturday,174,OUT OF CONTROL ON CARRIAGEWAY (ON STRAIGHT),1,683402,Not at intersection,3,50,Local Road,RUNNING CREEK,EAST GIPPSLAND,-37.31299,148.06229,2021,4,April,15,Afternoon Peak,Weekend
T20210009122,2021-04-24,05:45:00,6,Vehicle overturned (no collision),6,Saturday,172,OFF CARRIAGEWAY TO RIGHT,3,681878,T intersection,3,60,Arterial Other,BLACKBURN,MANNINGHAM,-37.78508,145.16277,2021,4,April,5,Morning Peak,Weekend
T20210010771,2021-04-24,13:20:00,4,Collision with a fixed object,6,Saturday,146,REVERSING INTO FIXED OBJECT/PARKED VEHICLE,1,686283,Not at intersection,3,80,Arterial Highway,BALLARAT,GEELONG,-38.11697,144.3311,2021,4,April,13,Midday,Weekend
T20210009181,2021-04-24,19:30:00,1,Collision with vehicle,6,Saturday,130,REAR END(VEHICLES IN SAME LANE),3,65666,T intersection,2,60,Local Road,UNION,BOROONDARA,-37.80878,145.10062,2021,4,April,19,Night,Weekend
T20210009369,2021-04-24,23:55:00,3,Struck animal,6,Saturday,167,STRUCK ANIMAL,5,685569,Not at intersection,3,100,Arterial Other,HYLAND,WELLINGTON,-38.481476,146.71527,2021,4,April,23,Night,Weekend
T20210009223,2021-04-24,22:13:00,1,Collision with vehicle,6,Saturday,130,REAR END(VEHICLES IN SAME LANE),3,684292,Not at intersection,3,60,Local Road,HALLETTS,MOORABOOL,-37.66535,144.42331,2021,4,April,22,Night,Weekend
T20220019368,2021-04-24,20:09:00,1,Collision with vehicle,6,Saturday,113,RIGHT NEAR (INTERSECTIONS ONLY),3,45192,T intersection,3,60,Arterial Other,CANNING STREET -MILITARY,MOONEE VALLEY,-37.77058,144.86565,2021,4,April,20,Night,Weekend
T20210009312,2021-04-24,08:15:00,1,Collision with vehicle,6,Saturday,111,RIGHT FAR (INTERSECTIONS ONLY),1,73661,T intersection,3,50,Local Road,COLLINGWOOD,MORNINGTON PENINSULA,-38.37299,144.8243,2021,4,April,8,Morning Peak,Weekend
T20210009179,2021-04-24,20:36:00,4,Collision with a fixed object,6,Saturday,171,LEFT OFF CARRIAGEWAY INTO OBJECT/PARKED VEHICLE,3,689459,Not at intersection,2,80,Arterial Highway,FIFTEENTH,MILDURA,-34.218784,142.15079,2021,4,April,20,Night,Weekend
T20210011078,2021-04-24,15:30:00,1,Collision with vehicle,6,Saturday,121,RIGHT THROUGH,1,44492,Cross intersection,3,60,Arterial Highway,ALBERT,DAREBIN,-37.732277,145.02496,2021,4,April,15,Afternoon Peak,Weekend
T20210009175,2021-04-24,20:35:00,2,Struck Pedestrian,6,Saturday,102,FAR SIDE. PED HIT BY VEHICLE FROM THE LEFT,3,514,Cross intersection,3,40,Arterial Highway,MAROONDAH,MAROONDAH,-37.814587,145.23103,2021,4,April,20,Night,Weekend
T20210009174,2021-04-24,20:00:00,1,Collision with vehicle,6,Saturday,160,VEHICLE COLLIDES WITH VEHICLE PARKED ON LEFT OF ROAD,3,689574,Not at intersection,3,60,Arterial Other,HIGH,BOROONDARA,-37.79439,145.0619,2021,4,April,20,Night,Weekend
T20210009171,2021-04-24,16:42:00,1,Collision with vehicle,6,Saturday,121,RIGHT THROUGH,1,15290,T intersection,2,80,Arterial Other,EPPING-KILMORE,MITCHELL,-37.417496,145.02327,2021,4,April,16,Afternoon Peak,Weekend
T20210009170,2021-04-24,20:15:00,4,Collision with a fixed object,6,Saturday,173,RIGHT OFF CARRIAGEWAY INTO OBJECT/PARKED VEHICLE,5,688905,Not at intersection,2,50,Local Road,WHELLER,SHEPPARTON,-36.351665,145.36443,2021,4,April,20,Night,Weekend
T20210009351,2021-04-24,09:40:00,1,Collision with vehicle,6,Saturday,142,LEAVING PARKING,1,681801,Not at intersection,3,50,Local Road,HAMILTON,MACEDON RANGES,-37.48786,144.59041,2021,4,April,9,Morning Peak,Weekend
T20210009390,2021-04-24,12:30:00,1,Collision with vehicle,6,Saturday,130,REAR END(VEHICLES IN SAME LANE),1,769397,Not at intersection,3,100,Freeway,WESTERN RING IN-SUNSHINE,BRIMBANK,-37.75016,144.83365,2021,4,April,12,Midday,Weekend
T20210009166,2021-04-24,18:08:00,6,Vehicle overturned (no collision),6,Saturday,174,OUT OF CONTROL ON CARRIAGEWAY (ON STRAIGHT),3,681621,Cross intersection,2,60,Local Road,GAP,HUME,-37.578457,144.71011,2021,4,April,18,Afternoon Peak,Weekend
T20210009162,2021-04-24,17:00:00,1,Collision with vehicle,6,Saturday,130,REAR END(VEHICLES IN SAME LANE),1,40860,Cross intersection,2,60,Arterial Other,MITCHAM,WHITEHORSE,-37.830612,145.19485,2021,4,April,17,Afternoon Peak,Weekend
T20210009157,2021-04-24,15:15:00,1,Collision with vehicle,6,Saturday,116,LEFT NEAR (INTERSECTIONS ONLY),1,246933,T intersection,2,100,Arterial Other,WESTERNPORT,CARDINIA,-38.24553,145.69064,2021,4,April,15,Afternoon Peak,Weekend
T20210009155,2021-04-24,11:00:00,2,Struck Pedestrian,6,Saturday,102,FAR SIDE. PED HIT BY VEHICLE FROM THE LEFT,1,292099,Not at intersection,3,60,Arterial Highway,CHURCH,GEELONG,-38.13199,144.34882,2021,4,April,11,Midday,Weekend
T20210009149,2021-04-24,13:30:00,8,No collision and no object struck,6,Saturday,174,OUT OF CONTROL ON CARRIAGEWAY (ON STRAIGHT),1,780988,Not at intersection,3,100,Local Road,KNICKERS,MANSFIELD,-37.56636,146.24367,2021,4,April,13,Midday,Weekend
T20210009194,2021-04-25,00:08:00,4,Collision with a fixed object,7,Sunday,173,RIGHT OFF CARRIAGEWAY INTO OBJECT/PARKED VEHICLE,3,688001,Not at intersection,2,80,Arterial Highway,SURF COAST,SURF COAST,-38.311035,144.3188,2021,4,April,0,Late Night,Weekend
T20210009198,2021-04-25,04:40:00,1,Collision with vehicle,7,Sunday,110,CROSS TRAFFIC(INTERSECTIONS ONLY),3,327210,Multiple intersection,3,60,Arterial Highway,KINGS,PORT PHILLIP,-37.836346,144.9732,2021,4,April,4,Late Night,Weekend
T20210009219,2021-04-25,10:00:00,8,No collision and no object struck,7,Sunday,174,OUT OF CONTROL ON CARRIAGEWAY (ON STRAIGHT),1,684962,Not at intersection,3,50,Arterial Highway,COX,SOUTHERN GRAMPIANS,-37.74149,142.02722,2021,4,April,10,Midday,Weekend
T20210009199,2021-04-25,03:50:00,1,Collision with vehicle,7,Sunday,110,CROSS TRAFFIC(INTERSECTIONS ONLY),3,357713,Cross intersection,3,60,Arterial Highway,WHITEHORSE,WHITEHORSE,-37.81698,145.11502,2021,4,April,3,Late Night,Weekend
T20210010083,2021-04-25,12:00:00,3,Struck animal,7,Sunday,167,STRUCK ANIMAL,1,682601,Not at intersection,3,80,Local Road,BROADFORD-PYALONG,MITCHELL,-37.145725,144.95108,2021,4,April,12,Midday,Weekend
T20210011142,2021-04-25,07:20:00,1,Collision with vehicle,7,Sunday,110,CROSS TRAFFIC(INTERSECTIONS ONLY),1,56252,Cross intersection,3,30,Local Road,CENTRAL PARK,STONNINGTON,-37.868282,145.04391,2021,4,April,7,Morning Peak,Weekend
T20210009224,2021-04-25,07:15:00,1,Collision with vehicle,7,Sunday,120,HEAD ON (NOT OVERTAKING),1,683184,Not at intersection,3,60,Arterial Other,BURKE,BOROONDARA,-37.781597,145.06326,2021,4,April,7,Morning Peak,Weekend
T20210009151,2021-04-25,15:15:00,1,Collision with vehicle,7,Sunday,121,RIGHT THROUGH,1,49976,Cross intersection,3,60,Arterial Other,SHANNON,GEELONG,-38.152603,144.33412,2021,4,April,15,Afternoon Peak,Weekend
T20210009225,2021-04-25,11:40:00,1,Collision with vehicle,7,Sunday,113,RIGHT NEAR (INTERSECTIONS ONLY),1,44841,T intersection,2,40,Arterial Other,MAIN,NILLUMBIK,-37.71238,145.14908,2021,4,April,11,Midday,Weekend
T20210009215,2021-04-25,11:15:00,1,Collision with vehicle,7,Sunday,121,RIGHT THROUGH,1,684908,Not at intersection,3,40,Local Road,ESPLANADE,HOBSONS BAY,-37.870895,144.83325,2021,4,April,11,Midday,Weekend
T20210009226,2021-04-25,14:00:00,1,Collision with vehicle,7,Sunday,121,RIGHT THROUGH,1,49683,Multiple intersection,3,60,Arterial Other,ANAKIE ROAD -MATTHEWS,GEELONG,-38.08133,144.33723,2021,4,April,14,Midday,Weekend
T20210009287,2021-04-25,12:30:00,1,Collision with vehicle,7,Sunday,130,REAR END(VEHICLES IN SAME LANE),1,42578,T intersection,3,60,Local Road,BRANDON PARK,MONASH,-37.919685,145.18134,2021,4,April,12,Midday,Weekend
T20210009206,2021-04-25,06:38:00,1,Collision with vehicle,7,Sunday,110,CROSS TRAFFIC(INTERSECTIONS ONLY),1,302814,Cross intersection,2,80,Arterial Other,FERNTREE GULLY,KNOX,-37.899242,145.23323,2021,4,April,6,Morning Peak,Weekend
T20210009236,2021-04-25,14:50:00,6,Vehicle overturned (no collision),7,Sunday,180,OFF CARRIAGEWAY ON RIGHT BEND,1,681971,Not at intersection,3,80,Local Road,JOHNS,MILDURA,-34.35312,142.30034,2021,4,April,14,Midday,Weekend
T20210009239,2021-04-25,15:00:00,1,Collision with vehicle,7,Sunday,152,PULLING OUT (OVERTAKING),1,15376,Cross intersection,2,80,Local Road,EMMERSONS,GEELONG,-38.0694,144.31937,2021,4,April,15,Afternoon Peak,Weekend
T20210009242,2021-04-25,19:55:00,1,Collision with vehicle,7,Sunday,121,RIGHT THROUGH,3,222100,Multiple intersection,3,80,Freeway,GREENSBOROUGH,BANYULE,-37.695217,145.0923,2021,4,April,19,Night,Weekend