ACCIDENT_NO,ACCIDENT_DATE,ACCIDENT_TIME,ACCIDENT_TYPE,ACCIDENT_TYPE_DESC,DAY_OF_WEEK,DAY_WEEK_DESC,DCA_CODE,DCA_DESC,LIGHT_CONDITION,NODE_ID,ROAD_GEOMETRY_DESC,SEVERITY,SPEED_ZONE,RMA,ROAD_NAME,LGA_NAME,LATITUDE,LONGITUDE,YEAR,MONTH,MONTH_NAME,HOUR,TIME_PERIOD,DAY_TYPE
T20210009190,2021-04-25,00:05:00,1,Collision with vehicle,7,Sunday,120,HEAD ON (NOT OVERTAKING),3,773425,Not at intersection,2,80,Local Road,BALLAN,WYNDHAM,-37.861294,144.59793,2021,4,April,0,Late Night,Weekend
T20210009212,2021-04-25,08:00:00,6,Vehicle overturned (no collision),7,Sunday,182,OFF CARRIAGEWAY ON LEFT BEND,1,780998,Not at intersection,3,100,Arterial Other,DEANS MARSH-LORNE,SURF COAST,-38.48953,143.9406,2021,4,April,8,Morning Peak,Weekend
T20210009214,2021-04-25,05:30:00,4,Collision with a fixed object,7,Sunday,171,LEFT OFF CARRIAGEWAY INTO OBJECT/PARKED VEHICLE,5,681978,Not at intersection,1,80,Arterial Other,BALLARTO,CARDINIA,-38.156044,145.50325,2021,4,April,5,Morning Peak,Weekend
T20210011015,2021-04-25,10:40:00,3,Struck animal,7,Sunday,167,STRUCK ANIMAL,1,685714,Not at intersection,3,80,Arterial Other,HEIDELBERG-KINGLAKE,NILLUMBIK,-37.608154,145.24016,2021,4,April,10,Midday,Weekend
T20210009486,2021-04-25,17:24:00,1,Collision with vehicle,7,Sunday,163,VEHICLE STRIKES DOOR OF PARKED/STATIONARY VEHICLE,1,684564,Not at intersection,3,40,Arterial Other,SYDNEY,MORELAND,-37.75504,144.9642,2021,4,April,17,Afternoon Peak,Weekend
T20210009235,2021-04-25,16:02:00,7,Fall from or in moving vehicle,7,Sunday,190,FELL IN/FROM VEHICLE,1,686338,Not at intersection,2,80,Local Road,CURETON,MILDURA,-34.235317,142.21864,2021,4,April,16,Afternoon Peak,Weekend
T20210009234,2021-04-25,15:30:00,1,Collision with vehicle,7,Sunday,121,RIGHT THROUGH,1,227518,T intersection,3,60,Arterial Highway,NUMURKAH,SHEPPARTON,-36.354233,145.40204,2021,4,April,15,Afternoon Peak,Weekend
T20210009244,2021-04-25,20:07:00,1,Collision with vehicle,7,Sunday,121,RIGHT THROUGH,3,682181,Multiple intersection,3,80,Freeway,HIGH STREET,KNOX,-37.876762,145.21194,2021,4,April,20,Night,Weekend
T20210009233,2021-04-25,15:09:00,1,Collision with vehicle,7,Sunday,169,OTHER ON PATH,1,682709,Not at intersection,3,60,Arterial Other,DAREBIN,DAREBIN,-37.76493,145.01512,2021,4,April,15,Afternoon Peak,Weekend
T20210009248,2021-04-25,20:11:00,1,Collision with vehicle,7,Sunday,160,VEHICLE COLLIDES WITH VEHICLE PARKED ON LEFT OF ROAD,3,684651,Not at intersection,2,40,Local Road,THE ESPLANADE,PORT PHILLIP,-37.864338,144.97256,2021,4,April,20,Night,Weekend
T20210009389,2021-04-25,12:50:00,1,Collision with vehicle,7,Sunday,113,RIGHT NEAR (INTERSECTIONS ONLY),1,682054,T intersection,3,70,Freeway,MORNINGTON PENINSULA,MORNINGTON PENINSULA,-38.376694,144.88922,2021,4,April,12,Midday,Weekend
T20210009945,2021-04-25,21:30:00,1,Collision with vehicle,7,Sunday,130,REAR END(VEHICLES IN SAME LANE),3,682807,Not at intersection,3,80,Arterial Other,FERNTREE GULLY,KNOX,-37.899227,145.22531,2021,4,April,21,Night,Weekend
T20210009250,2021-04-25,14:45:00,1,Collision with vehicle,7,Sunday,130,REAR END(VEHICLES IN SAME LANE),1,684666,Not at intersection,3,70,Arterial Other,MICKLEHAM,HUME,-37.68685,144.88266,2021,4,April,14,Midday,Weekend
T20210009253,2021-04-25,23:00:00,1,Collision with vehicle,7,Sunday,130,REAR END(VEHICLES IN SAME LANE),3,787271,Not at intersection,3,60,Arterial Other,HEIDELBERG,YARRA,-37.784184,145.01237,2021,4,April,23,Night,Weekend
T20210012410,2021-04-25,13:15:00,1,Collision with vehicle,7,Sunday,130,REAR END(VEHICLES IN SAME LANE),1,684856,Cross intersection,3,70,Arterial Highway,SPRINGVALE,WHITEHORSE,-37.861935,145.1692,2021,4,April,13,Midday,Weekend
T20210009207,2021-04-25,08:36:00,1,Collision with vehicle,7,Sunday,110,CROSS TRAFFIC(INTERSECTIONS ONLY),1,38673,Cross intersection,3,60,Arterial Other,MELBOURNE,HOBSONS BAY,-37.82925,144.88135,2021,4,April,8,Morning Peak,Weekend
T20210009227,2021-04-25,12:15:00,4,Collision with a fixed object,7,Sunday,181,OFF RIGHT BEND INTO OBJECT/PARKED VEHICLE,1,730153,Not at intersection,3,60,Arterial Other,WILLOW GROVE,BAW BAW,-37.889973,146.09618,2021,4,April,12,Midday,Weekend
T20210010062,2021-04-26,16:00:00,2,Struck Pedestrian,1,Monday,101,PED EMERGES FROM IN FRONT OF PARKED OR STATIONARY VEHICLE,1,682472,Not at intersection,3,50,Local Road,HEYERS,GEELONG,-38.20847,144.33902,2021,4,April,16,Afternoon Peak,Weekday
T20210010272,2021-04-26,16:45:00,1,Collision with vehicle,1,Monday,110,CROSS TRAFFIC(INTERSECTIONS ONLY),1,45015,Cross intersection,3,50,Local Road,CASEY,SHEPPARTON,-36.441273,145.22522,2021,4,April,16,Afternoon Peak,Weekday
T20210009328,2021-04-26,22:00:00,1,Collision with vehicle,1,Monday,113,RIGHT NEAR (INTERSECTIONS ONLY),3,345441,T intersection,2,60,Arterial Highway,SOUTHGATE,MELBOURNE,-37.821777,144.96579,2021,4,April,22,Night,Weekday
T20210009362,2021-04-26,13:50:00,8,No collision and no object struck,1,Monday,174,OUT OF CONTROL ON CARRIAGEWAY (ON STRAIGHT),1,682214,Not at intersection,2,100,Arterial Highway,GREAT ALPINE,EAST GIPPSLAND,-37.20258,147.72105,2021,4,April,13,Midday,Weekday
T20210009261,2021-04-26,08:58:00,2,Struck Pedestrian,1,Monday,100,PED NEAR SIDE. PED HIT BY VEHICLE FROM THE RIGHT.,1,681710,Not at intersection,3,50,Local Road,KIRKTON,MELTON,-37.664143,144.5929,2021,4,April,8,Morning Peak,Weekday
T20210009894,2021-04-26,15:30:00,1,Collision with vehicle,1,Monday,134,LANE CHANGE RIGHT (NOT OVERTAKING),1,730174,Not at intersection,3,80,Arterial Highway,DANDENONG,DANDENONG,-38.005276,145.2247,2021,4,April,15,Afternoon Peak,Weekday
T20210009875,2021-04-26,12:45:00,1,Collision with vehicle,1,Monday,113,RIGHT NEAR (INTERSECTIONS ONLY),1,49442,Cross intersection,3,100,Arterial Other,STRAWS,MACEDON RANGES,-37.345455,144.6027,2021,4,April,12,Midday,Weekday
T20210009319,2021-04-26,16:00:00,4,Collision with a fixed object,1,Monday,171,LEFT OFF CARRIAGEWAY INTO OBJECT/PARKED VEHICLE,1,43951,T intersection,2,100,Arterial Other,BAXTER-TOORADIN,CASEY,-38.199036,145.31064,2021,4,April,16,Afternoon Peak,Weekday
T20210009320,2021-04-26,19:55:00,2,Struck Pedestrian,1,Monday,104,PED WALKING WITH TRAFFIC,3,682770,Not at intersection,3,60,Arterial Other,PASCOE VALE,MORELAND,-37.69478,144.91525,2021,4,April,19,Night,Weekday
T20210009309,2021-04-26,15:19:00,1,Collision with vehicle,1,Monday,130,REAR END(VEHICLES IN SAME LANE),1,689682,Not at intersection,2,60,Arterial Other,BORONIA,WHITEHORSE,-37.836308,145.19557,2021,4,April,15,Afternoon Peak,Weekday
T20210009338,2021-04-26,14:50:00,1,Collision with vehicle,1,Monday,139,OTHER SAME DIRECTION-MANOUEVRES NOT INCLUDED IN DCAs 130-137,1,686110,Not at intersection,2,80,Freeway,AIRPORT,BRIMBANK,-37.71256,144.86804,2021,4,April,14,Midday,Weekday
T20210009262,2021-04-26,07:05:00,1,Collision with vehicle,1,Monday,130,REAR END(VEHICLES IN SAME LANE),1,86179,Not at intersection,3,60,Arterial Other,PRINCESS,BOROONDARA,-37.80479,145.02924,2021,4,April,7,Morning Peak,Weekday
T20210009259,2021-04-26,08:01:00,1,Collision with vehicle,1,Monday,113,RIGHT NEAR (INTERSECTIONS ONLY),1,45516,T intersection,2,80,Arterial Other,MELTON,MELTON,-37.683125,144.66124,2021,4,April,8,Morning Peak,Weekday
T20210009326,2021-04-26,15:40:00,4,Collision with a fixed object,1,Monday,173,RIGHT OFF CARRIAGEWAY INTO OBJECT/PARKED VEHICLE,1,718140,Not at intersection,2,50,Local Road,MERRIN,BASS COAST,-38.616264,145.58586,2021,4,April,15,Afternoon Peak,Weekday
T20210009260,2021-04-26,08:45:00,1,Collision with vehicle,1,Monday,110,CROSS TRAFFIC(INTERSECTIONS ONLY),1,730154,Cross intersection,3,50,Local Road,PROSPECT,MORELAND,-37.727825,144.93303,2021,4,April,8,Morning Peak,Weekday
T20210009313,2021-04-26,17:24:00,5,collision with some other object,1,Monday,165,TEMPORARY ROADWORKS,2,685376,Not at intersection,3,40,Arterial Other,RIDDELL,HUME,-37.564556,144.71675,2021,4,April,17,Afternoon Peak,Weekday
T20210010467,2021-04-26,15:30:00,1,Collision with vehicle,1,Monday,110,CROSS TRAFFIC(INTERSECTIONS ONLY),1,59949,Multiple intersection,3,60,Arterial Other,LOWTHER,MOUNT ALEXANDER,-36.986233,144.06763,2021,4,April,15,Afternoon Peak,Weekday
T20210009324,2021-04-26,17:20:00,1,Collision with vehicle,1,Monday,137,LEFT TURN SIDESWIPE,2,682710,T intersection,2,40,Local Road,LA TROBE,MELBOURNE,-37.810425,144.961,2021,4,April,17,Afternoon Peak,Weekday
T20210009308,2021-04-26,15:45:00,1,Collision with vehicle,1,Monday,132,RIGHT REAR.,1,691794,T intersection,2,60,Arterial Other,KATAMATITE-NATHALIA,MOIRA,-36.099236,145.4405,2021,4,April,15,Afternoon Peak,Weekday
T20210009307,2021-04-26,16:15:00,1,Collision with vehicle,1,Monday,110,CROSS TRAFFIC(INTERSECTIONS ONLY),1,49338,Cross intersection,3,50,Local Road,MCLEAN,MOIRA,-36.022045,146.00035,2021,4,April,16,Afternoon Peak,Weekday
T20210009285,2021-04-26,11:04:00,4,Collision with a fixed object,1,Monday,183,OFF LEFT BEND INTO OBJECT/PARKED VEHICLE,1,685703,Not at intersection,2,100,Local Road,LEPPITT,CARDINIA,-38.025417,145.45349,2021,4,April,11,Midday,Weekday
T20210010891,2021-04-26,18:55:00,1,Collision with vehicle,1,Monday,130,REAR END(VEHICLES IN SAME LANE),2,126560,Cross intersection,3,80,Arterial Highway,DANDENONG,MONASH,-37.91472,145.12782,2021,4,April,18,Afternoon Peak,Weekday
T20210010877,2021-04-26,17:30:00,1,Collision with vehicle,1,Monday,147,VEHICLE STRIKES ANOTHER VEH WHILE EMERGING FROM DRIVEWAY,2,685223,Not at intersection,3,60,Arterial Other,BREAKWATER,GEELONG,-38.18113,144.35663,2021,4,April,17,Afternoon Peak,Weekday
T20210009256,2021-04-26,05:50:00,1,Collision with vehicle,1,Monday,113,RIGHT NEAR (INTERSECTIONS ONLY),3,358701,Multiple intersection,2,80,Freeway,SOUTH GIPPSLAND-SOUTH GIPPSLAND IN,DANDENONG,-38.035767,145.24625,2021,4,April,5,Morning Peak,Weekday
T20210009299,2021-04-26,12:56:00,4,Collision with a fixed object,1,Monday,181,OFF RIGHT BEND INTO OBJECT/PARKED VEHICLE,1,683965,Not at intersection,2,100,Local Road,NORWOOD,CENTRAL GOLDFIELDS,-36.975796,143.66699,2021,4,April,12,Midday,Weekday
T20210009325,2021-04-26,21:49:00,4,Collision with a fixed object,1,Monday,171,LEFT OFF CARRIAGEWAY INTO OBJECT/PARKED VEHICLE,3,682556,Not at intersection,2,50,Local Road,BRAY,STONNINGTON,-37.845154,144.99513,2021,4,April,21,Night,Weekday
T20210009304,2021-04-26,15:48:00,1,Collision with vehicle,1,Monday,113,RIGHT NEAR (INTERSECTIONS ONLY),1,678347,T intersection,3,80,Arterial Other,LEWIS,KNOX,-37.856228,145.25375,2021,4,April,15,Afternoon Peak,Weekday
T20210009291,2021-04-26,13:25:00,1,Collision with vehicle,1,Monday,140,U TURN,1,189666,Cross intersection,2,40,Arterial Other,QUEEN,BAW BAW,-38.16361,145.93082,2021,4,April,13,Midday,Weekday
T20210010935,2021-04-26,15:15:00,1,Collision with vehicle,1,Monday,131,LEFT REAR,1,37048,T intersection,3,60,Arterial Highway,PUNT,MELBOURNE,-37.827965,144.98825,2021,4,April,15,Afternoon Peak,Weekday
T20210009295,2021-04-26,11:25:00,1,Collision with vehicle,1,Monday,110,CROSS TRAFFIC(INTERSECTIONS ONLY),1,50108,Cross intersection,3,60,Local Road,JETTY,GEELONG,-38.171856,144.55258,2021,4,April,11,Midday,Weekday
T20210009415,2021-04-26,22:30:00,8,No collision and no object struck,1,Monday,184,OUT OF CONTROL ON CARRIAGEWAY (ON BEND),3,682602,Not at intersection,3,50,Local Road,ALMA,KNOX,-37.879025,145.2904,2021,4,April,22,Night,Weekday
T20210009570,2021-04-26,09:05:00,1,Collision with vehicle,1,Monday,154,PULLING OUT -REAR END,1,683694,Not at intersection,3,100,Arterial Other,BEECHWORTH-WODONGA,WODONGA,-36.223618,146.86124,2021,4,April,9,Morning Peak,Weekday
T20210009294,2021-04-26,12:40:00,2,Struck Pedestrian,1,Monday,102,FAR SIDE. PED HIT BY VEHICLE FROM THE LEFT,1,121918,Cross intersection,3,80,Arterial Other,HALLAM SOUTH,CASEY,-38.00646,145.27332,2021,4,April,12,Midday,Weekday
T20210009381,2021-04-27,15:27:00,2,Struck Pedestrian,2,Tuesday,102,FAR SIDE. PED HIT BY VEHICLE FROM THE LEFT,1,683791,T intersection,2,70,Arterial Other,DONCASTER,MANNINGHAM,-37.787525,145.12411,2021,4,April,15,Afternoon Peak,Weekday
T20210009399,2021-04-27,18:11:00,1,Collision with vehicle,2,Tuesday,137,LEFT TURN SIDESWIPE,3,37013,T intersection,2,60,Arterial Other,VICTORIA,MELBOURNE,-37.808983,144.98112,2021,4,April,18,Afternoon Peak,Weekday
T20210009332,2021-04-27,05:00:00,1,Collision with vehicle,2,Tuesday,130,REAR END(VEHICLES IN SAME LANE),3,29761,Cross intersection,2,80,Arterial Other,THOMPSONS,CASEY,-38.079994,145.25813,2021,4,April,5,Morning Peak,Weekday
T20210009385,2021-04-27,16:00:00,4,Collision with a fixed object,2,Tuesday,171,LEFT OFF CARRIAGEWAY INTO OBJECT/PARKED VEHICLE,1,684172,Not at intersection,3,70,Arterial Highway,NEPEAN,MORNINGTON PENINSULA,-38.244938,145.03754,2021,4,April,16,Afternoon Peak,Weekday
T20210011599,2021-04-27,13:00:00,1,Collision with vehicle,2,Tuesday,111,RIGHT FAR (INTERSECTIONS ONLY),1,773122,T intersection,3,80,Local Road,MATTERHORN,CASEY,-38.093872,145.34235,2021,4,April,13,Midday,Weekday
T20210009387,2021-04-27,16:17:00,1,Collision with vehicle,2,Tuesday,130,REAR END(VEHICLES IN SAME LANE),1,65775,Cross intersection,3,60,Arterial Other,FAIRBAIRN,BRIMBANK,-37.810974,144.81783,2021,4,April,16,Afternoon Peak,Weekday
T20210009505,2021-04-27,06:29:00,1,Collision with vehicle,2,Tuesday,135,LANE CHANGE LEFT (NOT OVERTAKING),2,730162,Not at intersection,3,80,Freeway,WEST GATE,HOBSONS BAY,-37.82546,144.87988,2021,4,April,6,Morning Peak,Weekday
T20210009341,2021-04-27,08:50:00,1,Collision with vehicle,2,Tuesday,143,ENTERING PARKING,1,682014,Not at intersection,2,50,Local Road,MERRIJIG,SURF COAST,-38.308067,144.32364,2021,4,April,8,Morning Peak,Weekday
T20210009395,2021-04-27,15:48:00,1,Collision with vehicle,2,Tuesday,130,REAR END(VEHICLES IN SAME LANE),1,684565,Not at intersection,3,40,Arterial Highway,CALDER,MILDURA,-34.713284,142.26587,2021,4,April,15,Afternoon Peak,Weekday
T20210009409,2021-04-27,18:30:00,1,Collision with vehicle,2,Tuesday,113,RIGHT NEAR (INTERSECTIONS ONLY),3,37120,T intersection,2,50,Local Road,EGAN,YARRA,-37.8143,144.99525,2021,4,April,18,Afternoon Peak,Weekday
T20210009410,2021-04-27,19:06:00,1,Collision with vehicle,2,Tuesday,147,VEHICLE STRIKES ANOTHER VEH WHILE EMERGING FROM DRIVEWAY,5,682925,Not at intersection,2,50,Local Road,INDUSTRIAL,WYNDHAM,-37.867146,144.72983,2021,4,April,19,Night,Weekday
T20210009412,2021-04-27,17:03:00,1,Collision with vehicle,2,Tuesday,130,REAR END(VEHICLES IN SAME LANE),2,302721,Cross intersection,3,70,Arterial Highway,HODDLE,YARRA,-37.809612,144.99138,2021,4,April,17,Afternoon Peak,Weekday
T20210009413,2021-04-27,20:27:00,1,Collision with vehicle,2,Tuesday,113,RIGHT NEAR (INTERSECTIONS ONLY),3,42910,T intersection,2,50,Local Road,MYRTLE,DANDENONG,-37.96566,145.16676,2021,4,April,20,Night,Weekday
T20210009414,2021-04-27,22:05:00,1,Collision with vehicle,2,Tuesday,110,CROSS TRAFFIC(INTERSECTIONS ONLY),3,682557,Cross intersection,3,70,Local Road,MAIN,WHITTLESEA,-37.67876,144.99934,2021,4,April,22,Night,Weekday
T20210009422,2021-04-27,05:20:00,1,Collision with vehicle,2,Tuesday,110,CROSS TRAFFIC(INTERSECTIONS ONLY),3,39974,Cross intersection,3,70,Arterial Other,KOROROIT CREEK,HOBSONS BAY,-37.855595,144.8672,2021,4,April,5,Morning Peak,Weekday
T20210009423,2021-04-27,22:40:00,5,collision with some other object,2,Tuesday,166,STRUCK OBJECT ON CARRIAGEWAY,3,685628,Not at intersection,2,50,Local Road,MULGRAVE,MONASH,-37.869377,145.16107,2021,4,April,22,Night,Weekday
T20210009408,2021-04-27,15:15:00,2,Struck Pedestrian,2,Tuesday,100,PED NEAR SIDE. PED HIT BY VEHICLE FROM THE RIGHT.,1,38471,Cross intersection,3,60,Local Road,BERESFORD,YARRA RANGES,-37.7506,145.34425,2021,4,April,15,Afternoon Peak,Weekday
T20210009442,2021-04-27,16:00:00,1,Collision with vehicle,2,Tuesday,131,LEFT REAR,1,241772,Cross intersection,3,40,Arterial Other,BASSETTS,WHITTLESEA,-37.60272,145.11394,2021,4,April,16,Afternoon Peak,Weekday
T20210010320,2021-04-27,10:19:00,1,Collision with vehicle,2,Tuesday,130,REAR END(VEHICLES IN SAME LANE),1,682718,Not at intersection,3,60,Arterial Other,PRINCES,MELBOURNE,-37.79259,144.97147,2021,4,April,10,Midday,Weekday
T20210009448,2021-04-27,14:00:00,1,Collision with vehicle,2,Tuesday,120,HEAD ON (NOT OVERTAKING),1,682839,Not at intersection,2,100,Local Road,CAPE OTWAY,SURF COAST,-38.270073,144.11208,2021,4,April,14,Midday,Weekday
T20210009346,2021-04-27,08:43:00,1,Collision with vehicle,2,Tuesday,113,RIGHT NEAR (INTERSECTIONS ONLY),1,222317,Cross intersection,3,70,Arterial Highway,PLENTY,DAREBIN,-37.708935,145.05052,2021,4,April,8,Morning Peak,Weekday
T20210009401,2021-04-27,18:01:00,1,Collision with vehicle,2,Tuesday,130,REAR END(VEHICLES IN SAME LANE),1,686885,Not at intersection,2,80,Freeway,MONASH,MONASH,-37.90716,145.15862,2021,4,April,18,Afternoon Peak,Weekday
T20210009822,2021-04-27,16:15:00,1,Collision with vehicle,2,Tuesday,113,RIGHT NEAR (INTERSECTIONS ONLY),1,682188,T intersection,3,80,Arterial Other,BARINGA PARK,CASEY,-38.05882,145.3002,2021,4,April,16,Afternoon Peak,Weekday
T20210009337,2021-04-27,08:36:00,1,Collision with vehicle,2,Tuesday,121,RIGHT THROUGH,1,685871,T intersection,3,40,Local Road,ATKINSON,MONASH,-37.897804,145.09262,2021,4,April,8,Morning Peak,Weekday
T20210011372,2021-04-27,05:40:00,1,Collision with vehicle,2,Tuesday,130,REAR END(VEHICLES IN SAME LANE),3,688760,Not at intersection,3,100,Freeway,WESTERN RING,BRIMBANK,-37.778934,144.7935,2021,4,April,5,Morning Peak,Weekday
T20210010249,2021-04-27,17:00:00,1,Collision with vehicle,2,Tuesday,130,REAR END(VEHICLES IN SAME LANE),1,683189,T intersection,3,80,Arterial Highway,NEPEAN,KINGSTON,-37.968296,145.05988,2021,4,April,17,Afternoon Peak,Weekday
T20210015968,2021-04-27,16:00:00,1,Collision with vehicle,2,Tuesday,130,REAR END(VEHICLES IN SAME LANE),1,692611,Not at intersection,3,60,Local Road,MAPLE,BENDIGO,-36.764496,144.25517,2021,4,April,16,Afternoon Peak,Weekday
T20210009532,2021-04-27,08:45:00,1,Collision with vehicle,2,Tuesday,110,CROSS TRAFFIC(INTERSECTIONS ONLY),1,682262,Cross intersection,3,50,Local Road,EDINBURGH,WHITEHORSE,-37.830494,145.1203,2021,4,April,8,Morning Peak,Weekday
T20210009349,2021-04-27,10:19:00,4,Collision with a fixed object,2,Tuesday,173,RIGHT OFF CARRIAGEWAY INTO OBJECT/PARKED VEHICLE,1,682884,Not at intersection,2,60,Arterial Highway,SPRINGVALE,WHITEHORSE,-37.827793,145.17415,2021,4,April,10,Midday,Weekday
T20210009350,2021-04-27,06:29:00,1,Collision with vehicle,2,Tuesday,121,RIGHT THROUGH,2,39714,T intersection,3,70,Arterial Other,CANTERBURY,MAROONDAH,-37.82663,145.2576,2021,4,April,6,Morning Peak,Weekday
T20210009352,2021-04-27,08:45:00,1,Collision with vehicle,2,Tuesday,121,RIGHT THROUGH,1,50867,T intersection,3,60,Arterial Other,ANGUS,WODONGA,-36.1187,146.86789,2021,4,April,8,Morning Peak,Weekday
T20210009467,2021-04-27,22:17:00,1,Collision with vehicle,2,Tuesday,121,RIGHT THROUGH,3,340944,Not at intersection,3,60,Arterial Other,MAIN HURSTBRIDGE,NILLUMBIK,-37.674236,145.15906,2021,4,April,22,Night,Weekday
T20210009548,2021-04-27,08:10:00,1,Collision with vehicle,2,Tuesday,121,RIGHT THROUGH,1,684766,Not at intersection,2,40,Local Road,LA TROBE,MELBOURNE,-37.812275,144.9546,2021,4,April,8,Morning Peak,Weekday
T20210009353,2021-04-27,08:34:00,1,Collision with vehicle,2,Tuesday,160,VEHICLE COLLIDES WITH VEHICLE PARKED ON LEFT OF ROAD,1,682259,Not at intersection,3,50,Local Road,FISCHER,MORELAND,-37.734276,144.954,2021,4,April,8,Morning Peak,Weekday
T20210009388,2021-04-27,12:45:00,1,Collision with vehicle,2,Tuesday,121,RIGHT THROUGH,1,681804,T intersection,1,70,Arterial Other,CARBERRY,MELTON,-37.67295,144.59825,2021,4,April,12,Midday,Weekday
T20210009355,2021-04-27,08:40:00,1,Collision with vehicle,2,Tuesday,130,REAR END(VEHICLES IN SAME LANE),1,685393,T intersection,2,70,Arterial Other,BARWON HEADS,GEELONG,-38.214565,144.36862,2021,4,April,8,Morning Peak,Weekday
T20210017908,2021-04-27,20:59:00,1,Collision with vehicle,2,Tuesday,120,HEAD ON (NOT OVERTAKING),3,730854,Not at intersection,3,60,Arterial Other,BOUNDARY,MELBOURNE,-37.789726,144.93993,2021,4,April,20,Night,Weekday
T20210009363,2021-04-27,09:50:00,1,Collision with vehicle,2,Tuesday,130,REAR END(VEHICLES IN SAME LANE),1,730156,Not at intersection,3,100,Freeway,HUME,WHITTLESEA,-37.655987,144.98888,2021,4,April,9,Morning Peak,Weekday
T20210009366,2021-04-27,08:30:00,1,Collision with vehicle,2,Tuesday,130,REAR END(VEHICLES IN SAME LANE),1,686918,Not at intersection,3,80,Freeway,PRINCES,WYNDHAM,-37.843018,144.78821,2021,4,April,8,Morning Peak,Weekday
T20210009396,2021-04-27,16:15:00,1,Collision with vehicle,2,Tuesday,113,RIGHT NEAR (INTERSECTIONS ONLY),1,689502,T intersection,2,60,Arterial Other,GRIMSHAW,BANYULE,-37.702904,145.08748,2021,4,April,16,Afternoon Peak,Weekday
T20210009562,2021-04-27,12:05:00,1,Collision with vehicle,2,Tuesday,135,LANE CHANGE LEFT (NOT OVERTAKING),1,681977,Not at intersection,3,60,Arterial Other,GORDON,MARIBYRNONG,-37.79437,144.88893,2021,4,April,12,Midday,Weekday
T20210009377,2021-04-27,15:23:00,2,Struck Pedestrian,2,Tuesday,102,FAR SIDE. PED HIT BY VEHICLE FROM THE LEFT,1,682885,T intersection,3,70,Arterial Other,SYDNEY,MORELAND,-37.70018,144.95967,2021,4,April,15,Afternoon Peak,Weekday
T20210009400,2021-04-27,15:55:00,1,Collision with vehicle,2,Tuesday,110,CROSS TRAFFIC(INTERSECTIONS ONLY),1,44602,Cross intersection,3,60,Local Road,ALBERT,BALLARAT,-37.564346,143.85881,2021,4,April,15,Afternoon Peak,Weekday
T20210009380,2021-04-27,15:30:00,1,Collision with vehicle,2,Tuesday,121,RIGHT THROUGH,1,287363,Cross intersection,3,60,Arterial Other,BARWARRE,GEELONG,-38.187763,144.3556,2021,4,April,15,Afternoon Peak,Weekday
T20210012317,2021-04-28,18:15:00,1,Collision with vehicle,3,Wednesday,130,REAR END(VEHICLES IN SAME LANE),3,686753,Not at intersection,3,80,Freeway,MONASH,MONASH,-37.885685,145.10292,2021,4,April,18,Afternoon Peak,Weekday
T20210010843,2021-04-28,09:00:00,1,Collision with vehicle,3,Wednesday,130,REAR END(VEHICLES IN SAME LANE),1,689900,Not at intersection,2,40,Local Road,CRAIGIEBURN,HUME,-37.58915,144.8741,2021,4,April,9,Morning Peak,Weekday
T20210009440,2021-04-28,08:22:00,1,Collision with vehicle,3,Wednesday,110,CROSS TRAFFIC(INTERSECTIONS ONLY),1,36122,Cross intersection,3,60,Local Road,LEVESON,MELBOURNE,-37.80322,144.9511,2021,4,April,8,Morning Peak,Weekday
T20210012047,2021-04-28,07:30:00,1,Collision with vehicle,3,Wednesday,130,REAR END(VEHICLES IN SAME LANE),1,730248,Not at intersection,3,40,Arterial Other,DERRIMUT,WYNDHAM,-37.812977,144.69467,2021,4,April,7,Morning Peak,Weekday
T20210011654,2021-04-28,21:30:00,1,Collision with vehicle,3,Wednesday,163,VEHICLE STRIKES DOOR OF PARKED/STATIONARY VEHICLE,3,684026,Not at intersection,2,40,Local Road,BOURKE,MELBOURNE,-37.816147,144.95657,2021,4,April,21,Night,Weekday
T20210009495,2021-04-28,01:00:00,4,Collision with a fixed object,3,Wednesday,171,LEFT OFF CARRIAGEWAY INTO OBJECT/PARKED VEHICLE,3,70367,Cross intersection,2,70,Local Road,BERWICK,CASEY,-37.972054,145.361,2021,4,April,1,Late Night,Weekday
T20210009428,2021-04-28,04:30:00,4,Collision with a fixed object,3,Wednesday,171,LEFT OFF CARRIAGEWAY INTO OBJECT/PARKED VEHICLE,5,694115,Not at intersection,2,50,Local Road,BRYANT,ARARAT,-37.299618,142.93153,2021,4,April,4,Late Night,Weekday
T20210009426,2021-04-28,02:30:00,4,Collision with a fixed object,3,Wednesday,171,LEFT OFF CARRIAGEWAY INTO OBJECT/PARKED VEHICLE,5,688757,Not at intersection,2,80,Local Road,POWER,CASEY,-37.9614,145.24902,2021,4,April,2,Late Night,Weekday
T20210010051,2021-04-28,15:50:00,7,Fall from or in moving vehicle,3,Wednesday,190,FELL IN/FROM VEHICLE,1,686286,Not at intersection,3,60,Local Road,RETREAT,BENDIGO,-36.791267,144.28783,2021,4,April,15,Afternoon Peak,Weekday
T20210010590,2021-04-28,08:50:00,1,Collision with vehicle,3,Wednesday,147,VEHICLE STRIKES ANOTHER VEH WHILE EMERGING FROM DRIVEWAY,9,686189,Not at intersection,3,50,Local Road,CENTRAL,CASEY,-38.0426,145.26242,2021,4,April,8,Morning Peak,Weekday
T20220009051,2021-04-28,20:15:00,4,Collision with a fixed object,3,Wednesday,199,UNKNOWN-NO DETAILS ON MANOEUVRES OF ROAD-USERS IN ACCIDENT,3,718427,Dead end,3,50,Local Road,HOUSDEN,HUME,-37.689255,144.93161,2021,4,April,20,Night,Weekday
T20210009476,2021-04-28,17:40:00,1,Collision with vehicle,3,Wednesday,133,LANE SIDE SWIPE (VEHICLES IN PARALLEL LANES),2,129765,Not at intersection,2,60,Arterial Other,WILLIAMSONS,MANNINGHAM,-37.783386,145.12424,2021,4,April,17,Afternoon Peak,Weekday