ACCIDENT_NO,ACCIDENT_DATE,ACCIDENT_TIME,ACCIDENT_TYPE,ACCIDENT_TYPE_DESC,DAY_OF_WEEK,DAY_WEEK_DESC,DCA_CODE,DCA_DESC,LIGHT_CONDITION,NODE_ID,ROAD_GEOMETRY_DESC,SEVERITY,SPEED_ZONE,RMA,ROAD_NAME,LGA_NAME,LATITUDE,LONGITUDE,YEAR,MONTH,MONTH_NAME,HOUR,TIME_PERIOD,DAY_TYPE
T20210009475,2021-04-28,17:35:00,1,Collision with vehicle,3,Wednesday,147,VEHICLE STRIKES ANOTHER VEH WHILE EMERGING FROM DRIVEWAY,2,683441,Not at intersection,2,50,Local Road,KEMBLA,KINGSTON,-37.974773,145.08527,2021,4,April,17,Afternoon Peak,Weekday
T20210009605,2021-04-28,02:45:00,1,Collision with vehicle,3,Wednesday,160,VEHICLE COLLIDES WITH VEHICLE PARKED ON LEFT OF ROAD,3,685461,Not at intersection,2,50,Local Road,VIRGINIA,WHITTLESEA,-37.692444,145.0432,2021,4,April,2,Late Night,Weekday
T20210009502,2021-04-28,21:55:00,1,Collision with vehicle,3,Wednesday,133,LANE SIDE SWIPE (VEHICLES IN PARALLEL LANES),3,685063,Not at intersection,2,60,Local Road,EDWARD,YARRA RANGES,-37.754578,145.31659,2021,4,April,21,Night,Weekday
T20210009494,2021-04-28,16:35:00,1,Collision with vehicle,3,Wednesday,121,RIGHT THROUGH,2,52350,T intersection,3,100,Arterial Highway,SOUTH GIPPSLAND,SOUTH GIPPSLAND,-38.64888,146.20743,2021,4,April,16,Afternoon Peak,Weekday
T20210009471,2021-04-28,08:10:00,1,Collision with vehicle,3,Wednesday,130,REAR END(VEHICLES IN SAME LANE),1,730159,Not at intersection,3,80,Arterial Highway,WHITEHORSE,WHITEHORSE,-37.817005,145.11526,2021,4,April,8,Morning Peak,Weekday
T20210009469,2021-04-28,16:45:00,1,Collision with vehicle,3,Wednesday,121,RIGHT THROUGH,2,681887,Not at intersection,3,70,Arterial Other,SOUTH,KINGSTON,-37.934048,145.0422,2021,4,April,16,Afternoon Peak,Weekday
T20210009496,2021-04-28,15:53:00,1,Collision with vehicle,3,Wednesday,130,REAR END(VEHICLES IN SAME LANE),1,730160,Not at intersection,3,100,Freeway,MONASH OUT-SOUTH GIPPSLAND OUT,CASEY,-37.986732,145.25055,2021,4,April,15,Afternoon Peak,Weekday
T20210010070,2021-04-28,16:30:00,8,No collision and no object struck,3,Wednesday,174,OUT OF CONTROL ON CARRIAGEWAY (ON STRAIGHT),1,45973,Cross intersection,2,50,Local Road,FIELD,MORNINGTON PENINSULA,-38.376762,144.84169,2021,4,April,16,Afternoon Peak,Weekday
T20210009517,2021-04-28,19:30:00,1,Collision with vehicle,3,Wednesday,121,RIGHT THROUGH,3,279266,Cross intersection,3,60,Arterial Other,BERWICK-CRANBOURNE,CASEY,-38.11515,145.29892,2021,4,April,19,Night,Weekday
T20210009465,2021-04-28,13:20:00,1,Collision with vehicle,3,Wednesday,147,VEHICLE STRIKES ANOTHER VEH WHILE EMERGING FROM DRIVEWAY,1,684483,Not at intersection,3,50,Local Road,KILLARA,HUME,-37.66443,144.96455,2021,4,April,13,Midday,Weekday
T20210009533,2021-04-28,18:45:00,6,Vehicle overturned (no collision),3,Wednesday,174,OUT OF CONTROL ON CARRIAGEWAY (ON STRAIGHT),3,29795,Cross intersection,3,70,Non Arterial,HENRY,CARDINIA,-38.086327,145.4721,2021,4,April,18,Afternoon Peak,Weekday
T20210009487,2021-04-28,18:09:00,1,Collision with vehicle,3,Wednesday,130,REAR END(VEHICLES IN SAME LANE),3,681889,Multiple intersection,2,80,Freeway,WEST GATE,MELBOURNE,-37.82641,144.93063,2021,4,April,18,Afternoon Peak,Weekday
T20210009488,2021-04-28,20:15:00,8,No collision and no object struck,3,Wednesday,174,OUT OF CONTROL ON CARRIAGEWAY (ON STRAIGHT),3,681890,Not at intersection,3,40,Local Road,BRUNSWICK,YARRA,-37.80517,144.9773,2021,4,April,20,Night,Weekday
T20210010300,2021-04-28,13:13:00,1,Collision with vehicle,3,Wednesday,130,REAR END(VEHICLES IN SAME LANE),1,47892,Cross intersection,2,60,Arterial Highway,BYRON,PORT PHILLIP,-37.87632,144.99214,2021,4,April,13,Midday,Weekday
T20210009463,2021-04-28,15:00:00,1,Collision with vehicle,3,Wednesday,110,CROSS TRAFFIC(INTERSECTIONS ONLY),1,60926,Cross intersection,2,60,Local Road,PARK,BALLARAT,-37.57108,143.82903,2021,4,April,15,Afternoon Peak,Weekday
T20210011108,2021-04-28,09:19:00,1,Collision with vehicle,3,Wednesday,121,RIGHT THROUGH,1,35583,Cross intersection,3,80,Arterial Highway,WARRIGAL,KINGSTON,-37.944572,145.07857,2021,4,April,9,Morning Peak,Weekday
T20210009462,2021-04-28,15:31:00,1,Collision with vehicle,3,Wednesday,121,RIGHT THROUGH,1,681973,T intersection,3,60,Arterial Highway,HERTFORD,BALLARAT,-37.586693,143.83032,2021,4,April,15,Afternoon Peak,Weekday
T20210014528,2021-04-28,07:05:00,1,Collision with vehicle,3,Wednesday,130,REAR END(VEHICLES IN SAME LANE),1,686963,Not at intersection,3,80,Arterial Highway,SOUTH GIPPSLAND,CASEY,-38.045567,145.25409,2021,4,April,7,Morning Peak,Weekday
T20210009460,2021-04-28,13:38:00,1,Collision with vehicle,3,Wednesday,135,LANE CHANGE LEFT (NOT OVERTAKING),1,773427,Not at intersection,2,80,Freeway,WEST GATE,HOBSONS BAY,-37.829002,144.89713,2021,4,April,13,Midday,Weekday
T20210009489,2021-04-28,19:10:00,1,Collision with vehicle,3,Wednesday,169,OTHER ON PATH,3,684764,Not at intersection,3,60,Arterial Other,ANAKIE,GEELONG,-38.110725,144.33154,2021,4,April,19,Night,Weekday
T20210009458,2021-04-28,11:50:00,1,Collision with vehicle,3,Wednesday,130,REAR END(VEHICLES IN SAME LANE),1,686188,Not at intersection,3,70,Arterial Highway,MAROONDAH,MAROONDAH,-37.79603,145.25671,2021,4,April,11,Midday,Weekday
T20210010518,2021-04-28,08:20:00,1,Collision with vehicle,3,Wednesday,130,REAR END(VEHICLES IN SAME LANE),1,69098,T intersection,3,60,Arterial Highway,WARRIGAL,MONASH,-37.905567,145.08582,2021,4,April,8,Morning Peak,Weekday
T20210009490,2021-04-28,19:35:00,4,Collision with a fixed object,3,Wednesday,171,LEFT OFF CARRIAGEWAY INTO OBJECT/PARKED VEHICLE,5,682808,Not at intersection,3,100,Arterial Other,BENDIGO-MARYBOROUGH,BENDIGO,-36.816227,144.12192,2021,4,April,19,Night,Weekday
T20210010287,2021-04-28,15:05:00,1,Collision with vehicle,3,Wednesday,116,LEFT NEAR (INTERSECTIONS ONLY),1,66457,Cross intersection,3,60,Local Road,BRUNEL,HOBSONS BAY,-37.828327,144.86801,2021,4,April,15,Afternoon Peak,Weekday
T20210009455,2021-04-28,10:15:00,1,Collision with vehicle,3,Wednesday,132,RIGHT REAR.,1,35920,T intersection,3,60,Arterial Other,BELGRAVE-GEMBROOK,CARDINIA,-37.92929,145.42557,2021,4,April,10,Midday,Weekday
T20210009482,2021-04-28,14:50:00,1,Collision with vehicle,3,Wednesday,152,PULLING OUT (OVERTAKING),1,683107,T intersection,3,60,Local Road,OVERPORT,FRANKSTON,-38.16864,145.12202,2021,4,April,14,Midday,Weekday
T20210009447,2021-04-28,12:30:00,1,Collision with vehicle,3,Wednesday,113,RIGHT NEAR (INTERSECTIONS ONLY),1,681886,Cross intersection,3,60,Local Road,RETREAT,BENDIGO,-36.77854,144.28854,2021,4,April,12,Midday,Weekday
T20210009965,2021-04-28,20:00:00,1,Collision with vehicle,3,Wednesday,169,OTHER ON PATH,9,683492,Not at intersection,2,50,Local Road,WINDSOR,HOBSONS BAY,-37.84419,144.8515,2021,4,April,20,Night,Weekday
T20210009492,2021-04-28,19:00:00,4,Collision with a fixed object,3,Wednesday,173,RIGHT OFF CARRIAGEWAY INTO OBJECT/PARKED VEHICLE,3,682056,T intersection,3,70,Arterial Other,NARRE WARREN,CASEY,-38.087902,145.29475,2021,4,April,19,Night,Weekday
T20210009451,2021-04-28,09:30:00,2,Struck Pedestrian,3,Wednesday,102,FAR SIDE. PED HIT BY VEHICLE FROM THE LEFT,1,682456,Not at intersection,3,60,Local Road,MASON,HOBSONS BAY,-37.842407,144.88231,2021,4,April,9,Morning Peak,Weekday
T20210009970,2021-04-28,07:40:00,2,Struck Pedestrian,3,Wednesday,104,PED WALKING WITH TRAFFIC,1,683015,Not at intersection,3,80,Arterial Highway,WARBURTON,YARRA RANGES,-37.77572,145.58714,2021,4,April,7,Morning Peak,Weekday
T20210009464,2021-04-28,14:30:00,4,Collision with a fixed object,3,Wednesday,181,OFF RIGHT BEND INTO OBJECT/PARKED VEHICLE,1,689686,Not at intersection,2,100,Local Road,HEATHCOTE-NORTH COSTERFIELD,BENDIGO,-36.87757,144.757,2021,4,April,14,Midday,Weekday
T20210009589,2021-04-29,17:35:00,4,Collision with a fixed object,4,Thursday,189,OTHER ACCIDENTS ON CURVE NOT INCLUDED IN DCAs 180-184,1,682059,Not at intersection,2,50,Local Road,THE GRANGE,MANNINGHAM,-37.768787,145.14233,2021,4,April,17,Afternoon Peak,Weekday
T20210009624,2021-04-29,20:54:00,3,Struck animal,4,Thursday,167,STRUCK ANIMAL,3,682300,Not at intersection,2,100,Arterial Highway,GREAT ALPINE,ALPINE,-36.73138,146.99718,2021,4,April,20,Night,Weekday
T20210009636,2021-04-29,06:40:00,1,Collision with vehicle,4,Thursday,116,LEFT NEAR (INTERSECTIONS ONLY),2,682458,T intersection,3,60,Arterial Highway,NEPEAN,KINGSTON,-38.07651,145.12256,2021,4,April,6,Morning Peak,Weekday
T20210009874,2021-04-29,17:50:00,1,Collision with vehicle,4,Thursday,163,VEHICLE STRIKES DOOR OF PARKED/STATIONARY VEHICLE,2,682712,Not at intersection,3,40,Local Road,ELIZABETH,MELBOURNE,-37.81155,144.96193,2021,4,April,17,Afternoon Peak,Weekday
T20210010757,2021-04-29,16:50:00,1,Collision with vehicle,4,Thursday,121,RIGHT THROUGH,1,279266,Cross intersection,3,50,Arterial Other,BERWICK-CRANBOURNE,CASEY,-38.11515,145.29892,2021,4,April,16,Afternoon Peak,Weekday
T20210009545,2021-04-29,13:00:00,1,Collision with vehicle,4,Thursday,110,CROSS TRAFFIC(INTERSECTIONS ONLY),1,61995,Cross intersection,3,50,Local Road,EVERARD,MORELAND,-37.700874,144.94168,2021,4,April,13,Midday,Weekday
T20210009538,2021-04-29,08:00:00,1,Collision with vehicle,4,Thursday,137,LEFT TURN SIDESWIPE,1,29833,Cross intersection,3,60,Arterial Other,MT ALEXANDER,MOONEE VALLEY,-37.78091,144.93233,2021,4,April,8,Morning Peak,Weekday
T20210009588,2021-04-29,16:30:00,1,Collision with vehicle,4,Thursday,160,VEHICLE COLLIDES WITH VEHICLE PARKED ON LEFT OF ROAD,1,684208,Not at intersection,2,50,Local Road,CARMODY,BRIMBANK,-37.758327,144.78856,2021,4,April,16,Afternoon Peak,Weekday
T20210009534,2021-04-29,11:50:00,1,Collision with vehicle,4,Thursday,121,RIGHT THROUGH,1,684702,Cross intersection,2,60,Arterial Other,OLD GEELONG,WYNDHAM,-37.8702,144.72876,2021,4,April,11,Midday,Weekday
T20210009587,2021-04-29,19:13:00,1,Collision with vehicle,4,Thursday,121,RIGHT THROUGH,3,620,Cross intersection,2,60,Arterial Other,BLACKBURN,WHITEHORSE,-37.845413,145.15439,2021,4,April,19,Night,Weekday
T20210009584,2021-04-29,14:18:00,1,Collision with vehicle,4,Thursday,140,U TURN,1,683490,Not at intersection,2,60,Local Road,ARDEN,MELBOURNE,-37.80105,144.95064,2021,4,April,14,Midday,Weekday
T20210009519,2021-04-29,08:52:00,1,Collision with vehicle,4,Thursday,121,RIGHT THROUGH,1,42570,Cross intersection,3,60,Arterial Other,POLICE,MONASH,-37.93499,145.17162,2021,4,April,8,Morning Peak,Weekday
T20210009583,2021-04-29,18:05:00,2,Struck Pedestrian,4,Thursday,102,FAR SIDE. PED HIT BY VEHICLE FROM THE LEFT,5,686339,T intersection,2,50,Local Road,QUEEN,MORNINGTON PENINSULA,-38.219807,145.0346,2021,4,April,18,Afternoon Peak,Weekday
T20210009581,2021-04-29,18:48:00,1,Collision with vehicle,4,Thursday,113,RIGHT NEAR (INTERSECTIONS ONLY),3,1256,Multiple intersection,3,60,Arterial Other,MCINTYRE,BRIMBANK,-37.752792,144.83302,2021,4,April,18,Afternoon Peak,Weekday
T20210009580,2021-04-29,18:50:00,1,Collision with vehicle,4,Thursday,111,RIGHT FAR (INTERSECTIONS ONLY),3,49403,Cross intersection,3,60,Arterial Highway,LONSDALE,SOUTHERN GRAMPIANS,-37.741013,142.02383,2021,4,April,18,Afternoon Peak,Weekday
T20210009574,2021-04-29,15:31:00,1,Collision with vehicle,4,Thursday,130,REAR END(VEHICLES IN SAME LANE),1,682926,Not at intersection,2,80,Arterial Other,CRANBOURNE,FRANKSTON,-38.153427,145.15976,2021,4,April,15,Afternoon Peak,Weekday
T20210009572,2021-04-29,18:30:00,1,Collision with vehicle,4,Thursday,110,CROSS TRAFFIC(INTERSECTIONS ONLY),3,45005,Cross intersection,3,60,Arterial Other,RESERVOIR,BENDIGO,-36.766846,144.31575,2021,4,April,18,Afternoon Peak,Weekday
T20210009518,2021-04-29,07:51:00,2,Struck Pedestrian,4,Thursday,102,FAR SIDE. PED HIT BY VEHICLE FROM THE LEFT,1,37590,Cross intersection,3,60,Arterial Other,ST KILDA,MELBOURNE,-37.83908,144.97658,2021,4,April,7,Morning Peak,Weekday
T20210009569,2021-04-29,17:00:00,1,Collision with vehicle,4,Thursday,131,LEFT REAR,1,682881,Not at intersection,3,80,Arterial Other,SWANSEA,YARRA RANGES,-37.77159,145.36282,2021,4,April,17,Afternoon Peak,Weekday
T20210012333,2021-04-29,13:45:00,1,Collision with vehicle,4,Thursday,147,VEHICLE STRIKES ANOTHER VEH WHILE EMERGING FROM DRIVEWAY,1,684673,Not at intersection,3,50,Local Road,GAP,HUME,-37.581203,144.72589,2021,4,April,13,Midday,Weekday
T20210009568,2021-04-29,14:55:00,1,Collision with vehicle,4,Thursday,130,REAR END(VEHICLES IN SAME LANE),1,682122,Not at intersection,2,60,Local Road,BOUNDARY,MELTON,-37.805252,144.69798,2021,4,April,14,Midday,Weekday
T20210009567,2021-04-29,16:03:00,1,Collision with vehicle,4,Thursday,113,RIGHT NEAR (INTERSECTIONS ONLY),1,43113,T intersection,3,60,Local Road,KIDDS,CASEY,-37.987244,145.23534,2021,4,April,16,Afternoon Peak,Weekday
T20210009506,2021-04-29,01:55:00,4,Collision with a fixed object,4,Thursday,173,RIGHT OFF CARRIAGEWAY INTO OBJECT/PARKED VEHICLE,5,690150,Not at intersection,3,100,Local Road,DOLING,SOUTHERN GRAMPIANS,-37.683662,142.07841,2021,4,April,1,Late Night,Weekday
T20210010268,2021-04-29,16:50:00,1,Collision with vehicle,4,Thursday,115,RIGHT/LEFT FAR (INTERSECTIONS ONLY),1,60818,T intersection,3,100,Local Road,BLACKHILL,MELTON,-37.563564,144.62149,2021,4,April,16,Afternoon Peak,Weekday
T20210009566,2021-04-29,17:10:00,1,Collision with vehicle,4,Thursday,130,REAR END(VEHICLES IN SAME LANE),1,261380,Not at intersection,2,100,Freeway,MONASH,CASEY,-37.97235,145.23744,2021,4,April,17,Afternoon Peak,Weekday
T20210009742,2021-04-29,17:15:00,1,Collision with vehicle,4,Thursday,121,RIGHT THROUGH,2,67834,T intersection,2,50,Local Road,INKERMAN,PORT PHILLIP,-37.86611,144.99738,2021,4,April,17,Afternoon Peak,Weekday
T20210009664,2021-04-29,16:00:00,1,Collision with vehicle,4,Thursday,130,REAR END(VEHICLES IN SAME LANE),1,769378,Not at intersection,3,60,Arterial Other,ANAKIE ROAD -COX,GEELONG,-38.081333,144.3371,2021,4,April,16,Afternoon Peak,Weekday
T20210009561,2021-04-29,16:15:00,1,Collision with vehicle,4,Thursday,130,REAR END(VEHICLES IN SAME LANE),1,773428,Not at intersection,2,50,Arterial Other,NORTH VALLEY,GEELONG,-38.171547,144.31892,2021,4,April,16,Afternoon Peak,Weekday
T20210009559,2021-04-29,16:00:00,1,Collision with vehicle,4,Thursday,121,RIGHT THROUGH,1,50170,T intersection,2,50,Local Road,CORIO,GEELONG,-38.180344,144.34529,2021,4,April,16,Afternoon Peak,Weekday
T20210009552,2021-04-29,09:04:00,1,Collision with vehicle,4,Thursday,121,RIGHT THROUGH,1,35499,Cross intersection,3,60,Arterial Highway,ST KILDA,PORT PHILLIP,-37.864582,144.9855,2021,4,April,9,Morning Peak,Weekday
T20210009551,2021-04-29,11:30:00,1,Collision with vehicle,4,Thursday,130,REAR END(VEHICLES IN SAME LANE),1,730165,Not at intersection,3,60,Arterial Other,EPPING,WHITTLESEA,-37.63025,145.02756,2021,4,April,11,Midday,Weekday
T20210012039,2021-04-29,08:30:00,1,Collision with vehicle,4,Thursday,130,REAR END(VEHICLES IN SAME LANE),9,685464,Not at intersection,3,80,Freeway,PASCOE VALE-WESTERN RING IN,MORELAND,-37.694336,144.91304,2021,4,April,8,Morning Peak,Weekday
T20210010057,2021-04-29,10:45:00,1,Collision with vehicle,4,Thursday,130,REAR END(VEHICLES IN SAME LANE),1,221942,Cross intersection,3,50,Arterial Other,ALBION,MOONEE VALLEY,-37.756786,144.93248,2021,4,April,10,Midday,Weekday
T20210009549,2021-04-29,14:47:00,1,Collision with vehicle,4,Thursday,160,VEHICLE COLLIDES WITH VEHICLE PARKED ON LEFT OF ROAD,1,681976,Not at intersection,3,60,Local Road,BARKLY,MARIBYRNONG,-37.79689,144.87265,2021,4,April,14,Midday,Weekday
T20210009547,2021-04-29,11:20:00,2,Struck Pedestrian,4,Thursday,101,PED EMERGES FROM IN FRONT OF PARKED OR STATIONARY VEHICLE,1,684765,Not at intersection,3,50,Local Road,PUNT,MOIRA,-35.920166,145.64734,2021,4,April,11,Midday,Weekday
T20210016759,2021-04-29,17:00:00,8,No collision and no object struck,4,Thursday,174,OUT OF CONTROL ON CARRIAGEWAY (ON STRAIGHT),9,692677,T intersection,3,60,Local Road,STATION,KINGSTON,-38.029594,145.10373,2021,4,April,17,Afternoon Peak,Weekday
T20210013236,2021-04-29,11:30:00,1,Collision with vehicle,4,Thursday,130,REAR END(VEHICLES IN SAME LANE),1,689675,Not at intersection,3,60,Arterial Other,AUBURN,BOROONDARA,-37.826885,145.0442,2021,4,April,11,Midday,Weekday
T20210011833,2021-04-29,13:34:00,1,Collision with vehicle,4,Thursday,134,LANE CHANGE RIGHT (NOT OVERTAKING),1,684166,Not at intersection,3,100,Freeway,HUME,WHITTLESEA,-37.660625,144.98643,2021,4,April,13,Midday,Weekday
T20210011933,2021-04-29,16:00:00,1,Collision with vehicle,4,Thursday,130,REAR END(VEHICLES IN SAME LANE),1,685226,Not at intersection,3,60,Arterial Other,BALLARAT,MARIBYRNONG,-37.78268,144.86848,2021,4,April,16,Afternoon Peak,Weekday
T20210009616,2021-04-29,19:45:00,1,Collision with vehicle,4,Thursday,116,LEFT NEAR (INTERSECTIONS ONLY),3,228185,T intersection,2,50,Arterial Other,WILLIAMSTOWN,MARIBYRNONG,-37.80957,144.8841,2021,4,April,19,Night,Weekday
T20210009622,2021-04-29,16:20:00,1,Collision with vehicle,4,Thursday,120,HEAD ON (NOT OVERTAKING),1,682123,Not at intersection,3,50,Local Road,CAMERON,BANYULE,-37.69867,145.07469,2021,4,April,16,Afternoon Peak,Weekday
T20210009597,2021-04-29,19:20:00,1,Collision with vehicle,4,Thursday,111,RIGHT FAR (INTERSECTIONS ONLY),3,40868,T intersection,2,60,Arterial Other,BORONIA,WHITEHORSE,-37.83941,145.20045,2021,4,April,19,Night,Weekday
T20210009595,2021-04-29,21:00:00,1,Collision with vehicle,4,Thursday,140,U TURN,3,682183,Not at intersection,3,60,Arterial Other,WANTIRNA,MAROONDAH,-37.825535,145.22733,2021,4,April,21,Night,Weekday
T20210009614,2021-04-30,07:50:00,1,Collision with vehicle,5,Friday,114,TWO RIGHT TURNING (INTERSECTIONS ONLY),1,682061,T intersection,3,50,Local Road,HIGHVIEW,GLEN EIRA,-37.929214,145.0634,2021,4,April,7,Morning Peak,Weekday
T20210011309,2021-04-30,08:40:00,2,Struck Pedestrian,5,Friday,100,PED NEAR SIDE. PED HIT BY VEHICLE FROM THE RIGHT.,1,45513,Cross intersection,3,50,Arterial Other,MELVILLE,MORELAND,-37.762108,144.94426,2021,4,April,8,Morning Peak,Weekday
T20210009613,2021-04-30,05:15:00,1,Collision with vehicle,5,Friday,120,HEAD ON (NOT OVERTAKING),5,781031,Not at intersection,3,80,Arterial Other,MT DUNEED,GEELONG,-38.246197,144.3115,2021,4,April,5,Morning Peak,Weekday
T20210009612,2021-04-30,08:04:00,1,Collision with vehicle,5,Friday,110,CROSS TRAFFIC(INTERSECTIONS ONLY),1,682367,Cross intersection,2,40,Local Road,HOBSON,STONNINGTON,-37.84687,145.00142,2021,4,April,8,Morning Peak,Weekday
T20210009644,2021-04-30,11:45:00,1,Collision with vehicle,5,Friday,121,RIGHT THROUGH,1,348299,T intersection,2,60,Arterial Other,MCINTYRE,BRIMBANK,-37.775143,144.82907,2021,4,April,11,Midday,Weekday
T20210009606,2021-04-30,03:20:00,4,Collision with a fixed object,5,Friday,173,RIGHT OFF CARRIAGEWAY INTO OBJECT/PARKED VEHICLE,3,688307,Not at intersection,3,70,Arterial Other,SOUTH,KINGSTON,-37.93756,145.06981,2021,4,April,3,Late Night,Weekday
T20210009603,2021-04-30,00:31:00,2,Struck Pedestrian,5,Friday,102,FAR SIDE. PED HIT BY VEHICLE FROM THE LEFT,3,36230,Cross intersection,3,40,Arterial Other,ELIZABETH,MELBOURNE,-37.806293,144.9595,2021,4,April,0,Late Night,Weekday
T20210015447,2021-04-30,08:15:00,1,Collision with vehicle,5,Friday,130,REAR END(VEHICLES IN SAME LANE),1,687889,Not at intersection,3,60,Local Road,AITKEN,HUME,-37.57574,144.92085,2021,4,April,8,Morning Peak,Weekday
T20210009602,2021-04-30,00:35:00,1,Collision with vehicle,5,Friday,160,VEHICLE COLLIDES WITH VEHICLE PARKED ON LEFT OF ROAD,3,737014,Not at intersection,2,60,Local Road,HOWITT,BALLARAT,-37.542953,143.85408,2021,4,April,0,Late Night,Weekday
T20210009869,2021-04-30,23:00:00,2,Struck Pedestrian,5,Friday,106,VEH STRIKES PED ON FOOTPATH/MEDIAN/TRAFFIC ISLAND.,3,689690,Not at intersection,2,50,Local Road,GLENEAGLES,CASEY,-37.968403,145.27849,2021,4,April,23,Night,Weekday
T20210011390,2021-04-30,00:15:00,1,Collision with vehicle,5,Friday,115,RIGHT/LEFT FAR (INTERSECTIONS ONLY),3,350211,Cross intersection,3,80,Arterial Highway,DANDENONG,MONASH,-37.911423,145.1223,2021,4,April,0,Late Night,Weekday
T20210009692,2021-04-30,16:05:00,1,Collision with vehicle,5,Friday,113,RIGHT NEAR (INTERSECTIONS ONLY),1,282647,T intersection,2,60,Local Road,BANGHOLME,DANDENONG,-38.034992,145.18678,2021,4,April,16,Afternoon Peak,Weekday
T20210009690,2021-04-30,15:28:00,1,Collision with vehicle,5,Friday,121,RIGHT THROUGH,1,44459,Cross intersection,2,70,Arterial Highway,SETTLEMENT,GEELONG,-38.18178,144.34778,2021,4,April,15,Afternoon Peak,Weekday
T20210010664,2021-04-30,18:15:00,1,Collision with vehicle,5,Friday,130,REAR END(VEHICLES IN SAME LANE),3,684015,Not at intersection,3,60,Freeway,WEST GATE IN-POWER,MELBOURNE,-37.827183,144.963,2021,4,April,18,Afternoon Peak,Weekday
T20210011147,2021-04-30,16:00:00,2,Struck Pedestrian,5,Friday,100,PED NEAR SIDE. PED HIT BY VEHICLE FROM THE RIGHT.,1,692394,Not at intersection,3,50,Local Road,HOYSTED,CASEY,-38.081215,145.28499,2021,4,April,16,Afternoon Peak,Weekday
T20210009615,2021-04-30,08:30:00,1,Collision with vehicle,5,Friday,121,RIGHT THROUGH,1,36808,Cross intersection,3,60,Arterial Other,DUDLEY,MELBOURNE,-37.810955,144.94783,2021,4,April,8,Morning Peak,Weekday
T20210009689,2021-04-30,07:10:00,1,Collision with vehicle,5,Friday,145,REVERSING IN STREAM OF TRAFFIC,3,317418,Not at intersection,3,30,Local Road,SOUTHGATE,MELBOURNE,-37.82166,144.96574,2021,4,April,7,Morning Peak,Weekday
T20210012311,2021-04-30,16:26:00,1,Collision with vehicle,5,Friday,130,REAR END(VEHICLES IN SAME LANE),1,93278,Not at intersection,2,70,Arterial Highway,SPRINGVALE,MONASH,-37.87456,145.16678,2021,4,April,16,Afternoon Peak,Weekday
T20210009645,2021-04-30,08:30:00,1,Collision with vehicle,5,Friday,121,RIGHT THROUGH,1,35849,Multiple intersection,2,80,Freeway,MONASH OUT-BELGRAVE-HALLAM,CASEY,-37.997215,145.27528,2021,4,April,8,Morning Peak,Weekday
T20210009627,2021-04-30,08:44:00,2,Struck Pedestrian,5,Friday,100,PED NEAR SIDE. PED HIT BY VEHICLE FROM THE RIGHT.,1,682062,Not at intersection,2,50,Local Road,ELMHURST,WYNDHAM,-37.84355,144.7309,2021,4,April,8,Morning Peak,Weekday
T20210009630,2021-04-30,10:30:00,1,Collision with vehicle,5,Friday,121,RIGHT THROUGH,1,683109,Multiple intersection,3,60,Arterial Other,BLUFF,BAYSIDE,-37.93312,145.02472,2021,4,April,10,Midday,Weekday
T20210009693,2021-04-30,19:15:00,4,Collision with a fixed object,5,Friday,173,RIGHT OFF CARRIAGEWAY INTO OBJECT/PARKED VEHICLE,3,699024,T intersection,3,50,Local Road,JOANNE,YARRA RANGES,-37.754505,145.30731,2021,4,April,19,Night,Weekday
T20210009877,2021-04-30,19:38:00,1,Collision with vehicle,5,Friday,121,RIGHT THROUGH,3,285498,Cross intersection,3,60,Local Road,GRICES,CASEY,-38.076824,145.35419,2021,4,April,19,Night,Weekday
T20210009634,2021-04-30,10:35:00,1,Collision with vehicle,5,Friday,148,VEHICLE OFF FOOTPATH STRIKES VEH ON CARRIAGEWAY,1,683315,T intersection,2,60,Arterial Other,HEATHERTON,DANDENONG,-37.968494,145.20193,2021,4,April,10,Midday,Weekday
T20210009687,2021-04-30,14:30:00,1,Collision with vehicle,5,Friday,159,OTHER OVERTAKING MANOEUVRES NOT INCLUDED IN DCAs 150-154,1,31040,T intersection,3,60,Arterial Other,JOHNSTON,YARRA,-37.800743,145.00217,2021,4,April,14,Midday,Weekday
T20210009635,2021-04-30,11:30:00,1,Collision with vehicle,5,Friday,121,RIGHT THROUGH,1,29721,T intersection,3,60,Arterial Other,BEACH,KINGSTON,-38.008068,145.08502,2021,4,April,11,Midday,Weekday
T20210010069,2021-04-30,15:32:00,1,Collision with vehicle,5,Friday,116,LEFT NEAR (INTERSECTIONS ONLY),1,43705,T intersection,3,60,Local Road,GILBERT,DAREBIN,-37.72987,144.99147,2021,4,April,15,Afternoon Peak,Weekday
T20210009964,2021-04-30,06:01:00,4,Collision with a fixed object,5,Friday,173,RIGHT OFF CARRIAGEWAY INTO OBJECT/PARKED VEHICLE,2,682468,Not at intersection,3,40,Arterial Other,SWAN,YARRA,-37.82485,144.99063,2021,4,April,6,Morning Peak,Weekday
T20210009741,2021-04-30,12:20:00,1,Collision with vehicle,5,Friday,120,HEAD ON (NOT OVERTAKING),1,780045,T intersection,3,50,Local Road,CHESTNUT,KINGSTON,-37.97412,145.11288,2021,4,April,12,Midday,Weekday
T20210009676,2021-04-30,16:50:00,1,Collision with vehicle,5,Friday,147,VEHICLE STRIKES ANOTHER VEH WHILE EMERGING FROM DRIVEWAY,1,685197,Not at intersection,3,60,Arterial Other,KLAUER,FRANKSTON,-38.11977,145.14644,2021,4,April,16,Afternoon Peak,Weekday