ACCIDENT_NO,ACCIDENT_DATE,ACCIDENT_TIME,ACCIDENT_TYPE,ACCIDENT_TYPE_DESC,DAY_OF_WEEK,DAY_WEEK_DESC,DCA_CODE,DCA_DESC,LIGHT_CONDITION,NODE_ID,ROAD_GEOMETRY_DESC,SEVERITY,SPEED_ZONE,RMA,ROAD_NAME,LGA_NAME,LATITUDE,LONGITUDE,YEAR,MONTH,MONTH_NAME,HOUR,TIME_PERIOD,DAY_TYPE
T20210009637,2021-04-30,11:00:00,1,Collision with vehicle,5,Friday,130,REAR END(VEHICLES IN SAME LANE),1,682558,Not at intersection,3,60,Local Road,HIGH,MELTON,-37.685604,144.54965,2021,4,April,11,Midday,Weekday
T20210009671,2021-04-30,15:30:00,1,Collision with vehicle,5,Friday,148,VEHICLE OFF FOOTPATH STRIKES VEH ON CARRIAGEWAY,1,227113,T intersection,3,80,Arterial Highway,NEPEAN,BAYSIDE,-37.922874,145.02446,2021,4,April,15,Afternoon Peak,Weekday
T20210010049,2021-04-30,12:10:00,1,Collision with vehicle,5,Friday,130,REAR END(VEHICLES IN SAME LANE),1,684486,Not at intersection,3,80,Arterial Highway,STUD,KNOX,-37.914906,145.23569,2021,4,April,12,Midday,Weekday
T20210009670,2021-04-30,14:40:00,1,Collision with vehicle,5,Friday,130,REAR END(VEHICLES IN SAME LANE),1,685679,Cross intersection,2,60,Arterial Other,MOUNTAIN,KNOX,-37.841312,145.2649,2021,4,April,14,Midday,Weekday
T20210009725,2021-04-30,15:00:00,1,Collision with vehicle,5,Friday,130,REAR END(VEHICLES IN SAME LANE),1,683450,Not at intersection,3,100,Freeway,WESTERN RING IN-WESTERN,BRIMBANK,-37.798122,144.78616,2021,4,April,15,Afternoon Peak,Weekday
T20210009668,2021-04-30,14:20:00,1,Collision with vehicle,5,Friday,135,LANE CHANGE LEFT (NOT OVERTAKING),1,45513,Cross intersection,3,40,Arterial Other,MELVILLE,MORELAND,-37.762108,144.94426,2021,4,April,14,Midday,Weekday
T20210009707,2021-04-30,22:07:00,1,Collision with vehicle,5,Friday,147,VEHICLE STRIKES ANOTHER VEH WHILE EMERGING FROM DRIVEWAY,3,332757,Not at intersection,3,50,Local Road,SUSSEX,MORELAND,-37.73901,144.94855,2021,4,April,22,Night,Weekday
T20210009722,2021-04-30,14:57:00,1,Collision with vehicle,5,Friday,130,REAR END(VEHICLES IN SAME LANE),1,682186,Not at intersection,2,100,Freeway,MONASH,CASEY,-37.979103,145.24225,2021,4,April,14,Midday,Weekday
T20210009706,2021-04-30,23:37:00,4,Collision with a fixed object,5,Friday,171,LEFT OFF CARRIAGEWAY INTO OBJECT/PARKED VEHICLE,5,685042,Not at intersection,2,100,Freeway,PRINCES,WYNDHAM,-37.923576,144.64719,2021,4,April,23,Night,Weekday
T20210010032,2021-04-30,18:49:00,1,Collision with vehicle,5,Friday,113,RIGHT NEAR (INTERSECTIONS ONLY),3,685296,T intersection,3,60,Local Road,COOLOONGATTA,BOROONDARA,-37.8337,145.07623,2021,4,April,18,Afternoon Peak,Weekday
T20210009967,2021-04-30,10:10:00,8,No collision and no object struck,5,Friday,174,OUT OF CONTROL ON CARRIAGEWAY (ON STRAIGHT),1,690153,Not at intersection,2,100,Freeway,ANAKIE-GEELONG RING OUT,GEELONG,-38.079704,144.33383,2021,4,April,10,Midday,Weekday
T20210009705,2021-04-30,21:00:00,1,Collision with vehicle,5,Friday,130,REAR END(VEHICLES IN SAME LANE),3,683873,Not at intersection,3,50,Local Road,WIDFORD,HUME,-37.687325,144.9266,2021,4,April,21,Night,Weekday
T20210009699,2021-04-30,17:15:00,1,Collision with vehicle,5,Friday,130,REAR END(VEHICLES IN SAME LANE),1,683054,Not at intersection,3,100,Freeway,WESTERN RING,BRIMBANK,-37.80676,144.80756,2021,4,April,17,Afternoon Peak,Weekday
T20210010195,2021-04-30,13:00:00,1,Collision with vehicle,5,Friday,147,VEHICLE STRIKES ANOTHER VEH WHILE EMERGING FROM DRIVEWAY,1,698498,Not at intersection,3,60,Arterial Highway,WHITEHALL,MARIBYRNONG,-37.809258,144.90234,2021,4,April,13,Midday,Weekday
T20210009660,2021-04-30,12:06:00,4,Collision with a fixed object,5,Friday,146,REVERSING INTO FIXED OBJECT/PARKED VEHICLE,1,709282,Not at intersection,3,40,Local Road,ALBERT,MARIBYRNONG,-37.800423,144.89807,2021,4,April,12,Midday,Weekday
T20210009659,2021-04-30,08:05:00,1,Collision with vehicle,5,Friday,121,RIGHT THROUGH,1,686112,Not at intersection,3,50,Arterial Other,JACKSONS,MONASH,-37.927376,145.19463,2021,4,April,8,Morning Peak,Weekday
T20210009658,2021-04-30,13:00:00,2,Struck Pedestrian,5,Friday,100,PED NEAR SIDE. PED HIT BY VEHICLE FROM THE RIGHT.,1,682267,T intersection,2,40,Local Road,AMIS,MOONEE VALLEY,-37.74845,144.8622,2021,4,April,13,Midday,Weekday
T20210009654,2021-04-30,12:13:00,1,Collision with vehicle,5,Friday,116,LEFT NEAR (INTERSECTIONS ONLY),1,730168,Cross intersection,3,60,Local Road,MOUNT PLEASANT,NILLUMBIK,-37.72697,145.14922,2021,4,April,12,Midday,Weekday
T20210009714,2021-04-30,01:20:00,3,Struck animal,5,Friday,167,STRUCK ANIMAL,5,684994,Not at intersection,2,100,Arterial Highway,SOUTH GIPPSLAND,CASEY,-38.188354,145.34598,2021,4,April,1,Late Night,Weekday
T20210009829,2021-04-30,11:35:00,1,Collision with vehicle,5,Friday,121,RIGHT THROUGH,1,686287,T intersection,3,80,Arterial Other,DAMON,CARDINIA,-38.06519,145.43678,2021,4,April,11,Midday,Weekday
T20210012706,2021-04-30,19:00:00,1,Collision with vehicle,5,Friday,130,REAR END(VEHICLES IN SAME LANE),3,686196,Not at intersection,3,60,Arterial Other,EDGARS,WHITTLESEA,-37.69018,145.00218,2021,4,April,19,Night,Weekday
T20210009713,2021-04-30,23:22:00,1,Collision with vehicle,5,Friday,135,LANE CHANGE LEFT (NOT OVERTAKING),3,682268,Not at intersection,2,70,Arterial Other,BALLARAT,MARIBYRNONG,-37.780197,144.85616,2021,4,April,23,Night,Weekday
T20210010512,2021-04-30,11:15:00,5,collision with some other object,5,Friday,191,LOAD OR MISSILE STRUCK VEHICLE,1,683494,Not at intersection,3,80,Arterial Other,LOWER DUNEED,SURF COAST,-38.251137,144.35571,2021,4,April,11,Midday,Weekday
T20210009697,2021-04-30,15:20:00,1,Collision with vehicle,5,Friday,121,RIGHT THROUGH,1,39050,T intersection,2,40,Arterial Other,BURKE,BOROONDARA,-37.829617,145.05702,2021,4,April,15,Afternoon Peak,Weekday
T20210009648,2021-04-30,09:45:00,2,Struck Pedestrian,5,Friday,100,PED NEAR SIDE. PED HIT BY VEHICLE FROM THE RIGHT.,1,684667,Not at intersection,2,60,Arterial Highway,MAROONDAH,MAROONDAH,-37.812325,145.23557,2021,4,April,9,Morning Peak,Weekday
T20210009975,2021-04-30,15:10:00,1,Collision with vehicle,5,Friday,116,LEFT NEAR (INTERSECTIONS ONLY),1,69347,T intersection,3,80,Arterial Highway,NORTH,MONASH,-37.91378,145.12016,2021,4,April,15,Afternoon Peak,Weekday
T20210009976,2021-04-30,14:00:00,1,Collision with vehicle,5,Friday,130,REAR END(VEHICLES IN SAME LANE),1,682776,Not at intersection,3,60,Local Road,ST GEORGES,STONNINGTON,-37.831448,145.01268,2021,4,April,14,Midday,Weekday
T20210009647,2021-04-30,10:30:00,2,Struck Pedestrian,5,Friday,103,PED PLAYING/LYING/WORKING/STANDING ON CARRIAGEWAY.,1,686766,Not at intersection,3,50,Local Road,CRAMER,DAREBIN,-37.739967,144.99956,2021,4,April,10,Midday,Weekday
T20210009646,2021-04-30,11:15:00,1,Collision with vehicle,5,Friday,121,RIGHT THROUGH,1,43862,Cross intersection,3,70,Arterial Other,BERWICK-CRANBOURNE ROAD -CLYDE,CASEY,-38.07453,145.33563,2021,4,April,11,Midday,Weekday
T20210009695,2021-04-30,19:00:00,2,Struck Pedestrian,5,Friday,102,FAR SIDE. PED HIT BY VEHICLE FROM THE LEFT,3,71428,Cross intersection,2,50,Local Road,CAMMS,CASEY,-38.09665,145.27097,2021,4,April,19,Night,Weekday
T20210015614,2021-04-30,14:00:00,8,No collision and no object struck,5,Friday,174,OUT OF CONTROL ON CARRIAGEWAY (ON STRAIGHT),1,781033,Not at intersection,3,50,Local Road,UNNAMED,BAW BAW,-38.0087,145.80695,2021,4,April,14,Midday,Weekday
T20210009755,2021-04-30,19:36:00,1,Collision with vehicle,5,Friday,192,STRUCK TRAIN,3,785008,Not at intersection,2,70,Arterial Highway,DANDENONG,STONNINGTON,-37.85842,144.99802,2021,4,April,19,Night,Weekday
T20210009638,2021-04-30,10:46:00,1,Collision with vehicle,5,Friday,130,REAR END(VEHICLES IN SAME LANE),1,682185,Cross intersection,3,60,Arterial Other,BOUNDARY,MELBOURNE,-37.7908,144.93971,2021,4,April,10,Midday,Weekday
T20210009639,2021-04-30,06:30:00,4,Collision with a fixed object,5,Friday,171,LEFT OFF CARRIAGEWAY INTO OBJECT/PARKED VEHICLE,1,41612,Not at intersection,3,70,Arterial Other,WAVERLEY,MONASH,-37.881973,145.1043,2021,4,April,6,Morning Peak,Weekday
T20210009640,2021-04-30,07:10:00,1,Collision with vehicle,5,Friday,121,RIGHT THROUGH,1,668170,Not at intersection,3,80,Arterial Other,CRANBOURNE,CASEY,-38.068996,145.29845,2021,4,April,7,Morning Peak,Weekday
T20210010252,2021-05-01,11:05:00,2,Struck Pedestrian,6,Saturday,108,PED STRUCK WALKING TO/FROM OR BOARDING/ALIGHTING VEHICLE.,1,730189,Not at intersection,3,40,Local Road,MCEWAN,BANYULE,-37.73129,145.05449,2021,5,May,11,Midday,Weekend
T20210009712,2021-05-01,01:04:00,4,Collision with a fixed object,6,Saturday,181,OFF RIGHT BEND INTO OBJECT/PARKED VEHICLE,3,701702,Not at intersection,3,50,Local Road,ARCHERS FIELD,CASEY,-38.11126,145.30511,2021,5,May,1,Late Night,Weekend
T20210012649,2021-05-01,02:20:00,3,Struck animal,6,Saturday,167,STRUCK ANIMAL,5,685601,Not at intersection,3,100,Arterial Other,SNOW,WANGARATTA,-36.439213,146.35388,2021,5,May,2,Late Night,Weekend
T20210009734,2021-05-01,11:44:00,1,Collision with vehicle,6,Saturday,113,RIGHT NEAR (INTERSECTIONS ONLY),1,35842,Cross intersection,3,60,Freeway,WESTERN IN-BALLAN-DAYLESFORD,MOORABOOL,-37.587574,144.20209,2021,5,May,11,Midday,Weekend
T20210019403,2021-05-01,12:30:00,1,Collision with vehicle,6,Saturday,140,U TURN,1,693025,Not at intersection,3,80,Arterial Highway,DANDENONG VALLEY,KNOX,-37.937588,145.23119,2021,5,May,12,Midday,Weekend
T20210009906,2021-05-01,00:36:00,4,Collision with a fixed object,6,Saturday,171,LEFT OFF CARRIAGEWAY INTO OBJECT/PARKED VEHICLE,5,781036,Not at intersection,3,100,Freeway,PRINCES,GEELONG,-37.9778,144.54176,2021,5,May,0,Late Night,Weekend
T20210009898,2021-05-01,12:00:00,1,Collision with vehicle,6,Saturday,145,REVERSING IN STREAM OF TRAFFIC,1,682465,Not at intersection,3,50,Local Road,RAILWAY,KNOX,-37.89238,145.30577,2021,5,May,12,Midday,Weekend
T20210009717,2021-05-01,02:27:00,1,Collision with vehicle,6,Saturday,160,VEHICLE COLLIDES WITH VEHICLE PARKED ON LEFT OF ROAD,3,684567,Not at intersection,3,50,Local Road,GELLIBRAND,DAREBIN,-37.704563,145.00563,2021,5,May,2,Late Night,Weekend
T20210010094,2021-05-01,19:40:00,1,Collision with vehicle,6,Saturday,121,RIGHT THROUGH,3,299387,Cross intersection,3,60,Arterial Other,TAYLORS,BRIMBANK,-37.727493,144.78192,2021,5,May,19,Night,Weekend
T20210009886,2021-05-01,08:37:00,1,Collision with vehicle,6,Saturday,163,VEHICLE STRIKES DOOR OF PARKED/STATIONARY VEHICLE,1,682638,Not at intersection,2,50,Local Road,COOKSON,BOROONDARA,-37.826355,145.06038,2021,5,May,8,Morning Peak,Weekend
T20210011145,2021-05-01,10:05:00,6,Vehicle overturned (no collision),6,Saturday,174,OUT OF CONTROL ON CARRIAGEWAY (ON STRAIGHT),1,696034,Cross intersection,2,60,Local Road,BARANDUDA,WODONGA,-36.183537,146.94698,2021,5,May,10,Midday,Weekend
T20210011245,2021-05-01,15:00:00,1,Collision with vehicle,6,Saturday,142,LEAVING PARKING,1,686768,Not at intersection,3,50,Local Road,SCOTIA,DAREBIN,-37.744583,144.99149,2021,5,May,15,Afternoon Peak,Weekend
T20210009784,2021-05-01,20:48:00,1,Collision with vehicle,6,Saturday,169,OTHER ON PATH,3,687238,Not at intersection,3,60,Arterial Highway,NEPEAN,KINGSTON,-38.045288,145.11246,2021,5,May,20,Night,Weekend
T20210009783,2021-05-01,20:45:00,6,Vehicle overturned (no collision),6,Saturday,174,OUT OF CONTROL ON CARRIAGEWAY (ON STRAIGHT),3,62402,Cross intersection,2,50,Local Road,FRENSHAM,BANYULE,-37.717827,145.08484,2021,5,May,20,Night,Weekend
T20210009781,2021-05-01,19:06:00,6,Vehicle overturned (no collision),6,Saturday,184,OUT OF CONTROL ON CARRIAGEWAY (ON BEND),5,685463,Not at intersection,2,60,Arterial Other,STONY POINT,MORNINGTON PENINSULA,-38.36704,145.20706,2021,5,May,19,Night,Weekend
T20210009780,2021-05-01,18:59:00,2,Struck Pedestrian,6,Saturday,102,FAR SIDE. PED HIT BY VEHICLE FROM THE LEFT,5,689596,Cross intersection,2,50,Local Road,SCOTT,CORANGAMITE,-38.23482,143.14798,2021,5,May,18,Afternoon Peak,Weekend
T20210009711,2021-05-01,02:15:00,4,Collision with a fixed object,6,Saturday,173,RIGHT OFF CARRIAGEWAY INTO OBJECT/PARKED VEHICLE,3,686207,Not at intersection,2,60,Arterial Other,MAIN,BRIMBANK,-37.746086,144.81535,2021,5,May,2,Late Night,Weekend
T20210009779,2021-05-01,18:29:00,1,Collision with vehicle,6,Saturday,130,REAR END(VEHICLES IN SAME LANE),3,682634,Not at intersection,3,100,Freeway,EASTERN,WHITEHORSE,-37.79721,145.12985,2021,5,May,18,Afternoon Peak,Weekend
T20210009708,2021-05-01,01:20:00,4,Collision with a fixed object,6,Saturday,181,OFF RIGHT BEND INTO OBJECT/PARKED VEHICLE,5,682459,Not at intersection,3,80,Arterial Highway,BASS,BASS COAST,-38.53101,145.44899,2021,5,May,1,Late Night,Weekend
T20210009778,2021-05-01,18:05:00,1,Collision with vehicle,6,Saturday,130,REAR END(VEHICLES IN SAME LANE),1,39287,T intersection,3,60,Arterial Other,ELGAR,WHITEHORSE,-37.79922,145.11826,2021,5,May,18,Afternoon Peak,Weekend
T20210009777,2021-05-01,14:30:00,4,Collision with a fixed object,6,Saturday,181,OFF RIGHT BEND INTO OBJECT/PARKED VEHICLE,1,689595,Not at intersection,2,80,Local Road,NEVINSON,BENDIGO,-36.807224,144.11995,2021,5,May,14,Midday,Weekend
T20210009774,2021-05-01,15:50:00,4,Collision with a fixed object,6,Saturday,183,OFF LEFT BEND INTO OBJECT/PARKED VEHICLE,1,685939,Not at intersection,2,100,Local Road,PLANTATION,BENDIGO,-36.849213,144.74025,2021,5,May,15,Afternoon Peak,Weekend
T20210009772,2021-05-01,12:59:00,4,Collision with a fixed object,6,Saturday,181,OFF RIGHT BEND INTO OBJECT/PARKED VEHICLE,1,691495,Not at intersection,1,80,Arterial Other,EPPING-KILMORE,MITCHELL,-37.394485,145.02737,2021,5,May,12,Midday,Weekend
T20210009767,2021-05-01,14:35:00,1,Collision with vehicle,6,Saturday,147,VEHICLE STRIKES ANOTHER VEH WHILE EMERGING FROM DRIVEWAY,1,682882,Not at intersection,3,80,Arterial Other,KANGAROO GROUND-WARRANDYTE,NILLUMBIK,-37.69724,145.22313,2021,5,May,14,Midday,Weekend
T20210009765,2021-05-01,17:10:00,4,Collision with a fixed object,6,Saturday,173,RIGHT OFF CARRIAGEWAY INTO OBJECT/PARKED VEHICLE,2,684652,Not at intersection,2,60,Local Road,WHYTES,WODONGA,-36.141834,146.94019,2021,5,May,17,Afternoon Peak,Weekend
T20210009764,2021-05-01,16:50:00,1,Collision with vehicle,6,Saturday,130,REAR END(VEHICLES IN SAME LANE),1,730170,Not at intersection,3,40,Arterial Highway,PRINCES,EAST GIPPSLAND,-37.824924,147.69936,2021,5,May,16,Afternoon Peak,Weekend
T20210020338,2021-05-01,12:08:00,1,Collision with vehicle,6,Saturday,121,RIGHT THROUGH,1,30031,Cross intersection,3,60,Arterial Highway,MCIVOR,BENDIGO,-36.757374,144.29193,2021,5,May,12,Midday,Weekend
T20210009762,2021-05-01,14:20:00,1,Collision with vehicle,6,Saturday,121,RIGHT THROUGH,1,684109,T intersection,2,50,Local Road,GUTHRIDGE,WELLINGTON,-38.10474,147.08241,2021,5,May,14,Midday,Weekend
T20210009760,2021-05-01,15:38:00,1,Collision with vehicle,6,Saturday,110,CROSS TRAFFIC(INTERSECTIONS ONLY),1,289107,Multiple intersection,2,60,Freeway,LEAKES,MELTON,-37.725754,144.65128,2021,5,May,15,Afternoon Peak,Weekend
T20210009757,2021-05-01,13:05:00,1,Collision with vehicle,6,Saturday,130,REAR END(VEHICLES IN SAME LANE),1,683444,Not at intersection,3,40,Local Road,BRUNSWICK,YARRA,-37.79461,144.9791,2021,5,May,13,Midday,Weekend
T20210009756,2021-05-01,14:20:00,1,Collision with vehicle,6,Saturday,130,REAR END(VEHICLES IN SAME LANE),1,693567,Not at intersection,3,60,Arterial Highway,SOUTH GIPPSLAND,CASEY,-38.106773,145.28262,2021,5,May,14,Midday,Weekend
T20210009753,2021-05-01,13:00:00,1,Collision with vehicle,6,Saturday,163,VEHICLE STRIKES DOOR OF PARKED/STATIONARY VEHICLE,1,116289,Not at intersection,2,40,Arterial Other,SYDNEY,MORELAND,-37.75439,144.96431,2021,5,May,13,Midday,Weekend
T20210009749,2021-05-01,10:50:00,2,Struck Pedestrian,6,Saturday,100,PED NEAR SIDE. PED HIT BY VEHICLE FROM THE RIGHT.,1,684485,Not at intersection,2,60,Arterial Highway,TOORAK,BOROONDARA,-37.848103,145.07552,2021,5,May,10,Midday,Weekend
T20210009748,2021-05-01,14:00:00,2,Struck Pedestrian,6,Saturday,102,FAR SIDE. PED HIT BY VEHICLE FROM THE LEFT,1,57527,Cross intersection,3,40,Arterial Highway,BRIGHTON ROAD -ST KILDA,PORT PHILLIP,-37.867973,144.98727,2021,5,May,14,Midday,Weekend
T20210009746,2021-05-01,13:10:00,4,Collision with a fixed object,6,Saturday,171,LEFT OFF CARRIAGEWAY INTO OBJECT/PARKED VEHICLE,1,707789,Not at intersection,2,50,Local Road,PIGDON,YARRA,-37.781406,144.96695,2021,5,May,13,Midday,Weekend
T20210009745,2021-05-01,13:50:00,1,Collision with vehicle,6,Saturday,147,VEHICLE STRIKES ANOTHER VEH WHILE EMERGING FROM DRIVEWAY,1,682711,Not at intersection,3,50,Arterial Other,GISBORNE,MOORABOOL,-37.666405,144.43771,2021,5,May,13,Midday,Weekend
T20210009740,2021-05-01,12:55:00,1,Collision with vehicle,6,Saturday,130,REAR END(VEHICLES IN SAME LANE),1,685799,Not at intersection,2,70,Arterial Highway,KEERA,GEELONG,-38.1398,144.35403,2021,5,May,12,Midday,Weekend
T20210009729,2021-05-01,11:13:00,1,Collision with vehicle,6,Saturday,147,VEHICLE STRIKES ANOTHER VEH WHILE EMERGING FROM DRIVEWAY,1,730169,Not at intersection,2,60,Arterial Other,CHESTERVILLE,KINGSTON,-37.95888,145.05692,2021,5,May,11,Midday,Weekend
T20210009728,2021-05-01,08:10:00,1,Collision with vehicle,6,Saturday,130,REAR END(VEHICLES IN SAME LANE),1,691842,Not at intersection,3,50,Arterial Other,WILLIAMS,STONNINGTON,-37.85655,145.0018,2021,5,May,8,Morning Peak,Weekend
T20210009723,2021-05-01,09:00:00,1,Collision with vehicle,6,Saturday,121,RIGHT THROUGH,1,286779,Multiple intersection,2,70,Freeway,WESTERN-WESTERN RING IN,BRIMBANK,-37.77055,144.7962,2021,5,May,9,Morning Peak,Weekend
T20210009715,2021-05-01,01:47:00,4,Collision with a fixed object,6,Saturday,173,RIGHT OFF CARRIAGEWAY INTO OBJECT/PARKED VEHICLE,3,695050,Cross intersection,3,60,Arterial Other,MURRAY,DAREBIN,-37.735954,144.98293,2021,5,May,1,Late Night,Weekend
T20210010059,2021-05-02,12:00:00,1,Collision with vehicle,7,Sunday,130,REAR END(VEHICLES IN SAME LANE),1,730183,Not at intersection,3,80,Arterial Other,PORTARLINGTON,GEELONG,-38.167385,144.42259,2021,5,May,12,Midday,Weekend
T20210010546,2021-05-02,11:30:00,1,Collision with vehicle,7,Sunday,130,REAR END(VEHICLES IN SAME LANE),1,683954,Not at intersection,3,100,Arterial Other,HEATHCOTE-ROCHESTER,BENDIGO,-36.801666,144.72188,2021,5,May,11,Midday,Weekend
T20210009883,2021-05-02,13:40:00,6,Vehicle overturned (no collision),7,Sunday,170,OFF CARRIAGEWAY TO LEFT,1,683365,T intersection,3,80,Arterial Highway,NEPEAN HIGHWAY SERVICE,KINGSTON,-37.97644,145.06636,2021,5,May,13,Midday,Weekend
T20210009818,2021-05-02,12:20:00,4,Collision with a fixed object,7,Sunday,171,LEFT OFF CARRIAGEWAY INTO OBJECT/PARKED VEHICLE,1,687446,Not at intersection,2,100,Local Road,WANNON-NIGRETTA FALLS,SOUTHERN GRAMPIANS,-37.653454,141.89375,2021,5,May,12,Midday,Weekend
T20210009823,2021-05-02,10:45:00,4,Collision with a fixed object,7,Sunday,171,LEFT OFF CARRIAGEWAY INTO OBJECT/PARKED VEHICLE,1,50030,T intersection,2,60,Arterial Other,WEST FYANS,GEELONG,-38.158638,144.3366,2021,5,May,10,Midday,Weekend
T20210009816,2021-05-02,13:45:00,4,Collision with a fixed object,7,Sunday,173,RIGHT OFF CARRIAGEWAY INTO OBJECT/PARKED VEHICLE,1,684653,Not at intersection,3,100,Arterial Other,BENDIGO-MURCHISON,CAMPASPE,-36.596252,144.59296,2021,5,May,13,Midday,Weekend
T20210009814,2021-05-02,14:02:00,2,Struck Pedestrian,7,Sunday,100,PED NEAR SIDE. PED HIT BY VEHICLE FROM THE RIGHT.,1,682462,T intersection,2,50,Local Road,ORMOND,MARIBYRNONG,-37.807335,144.87164,2021,5,May,14,Midday,Weekend
T20210009803,2021-05-02,10:45:00,4,Collision with a fixed object,7,Sunday,175,OFF END OF ROAD/T-INTERSECTION.,1,690152,T intersection,3,100,Local Road,SINGAPORE,MOIRA,-36.06986,145.57765,2021,5,May,10,Midday,Weekend
T20210009802,2021-05-02,10:25:00,2,Struck Pedestrian,7,Sunday,107,PED ON FOOTHPATH STRUCK BY VEHENTERING/LEAVING DRIVEWAY.,1,682187,Dead end,3,50,Local Road,LEIGH,HUME,-37.6754,144.93196,2021,5,May,10,Midday,Weekend
T20210009799,2021-05-02,11:15:00,2,Struck Pedestrian,7,Sunday,102,FAR SIDE. PED HIT BY VEHICLE FROM THE LEFT,1,63022,T intersection,2,50,Arterial Highway,BELL,MORELAND,-37.73907,144.94466,2021,5,May,11,Midday,Weekend
T20210009792,2021-05-02,01:15:00,1,Collision with vehicle,7,Sunday,130,REAR END(VEHICLES IN SAME LANE),3,730171,Not at intersection,3,60,Arterial Other,ST KILDA,BAYSIDE,-37.89758,144.98958,2021,5,May,1,Late Night,Weekend
T20210009790,2021-05-02,00:12:00,1,Collision with vehicle,7,Sunday,130,REAR END(VEHICLES IN SAME LANE),3,683011,Cross intersection,2,60,Local Road,PROSPERITY,WYNDHAM,-37.83884,144.73988,2021,5,May,0,Late Night,Weekend
T20210009789,2021-05-02,00:45:00,4,Collision with a fixed object,7,Sunday,164,PERMANENT OBSTRUCTION ON CARRIAGEWAY,3,785009,Not at intersection,2,50,Local Road,COHUNA ISLAND,GANNAWARRA,-35.80917,144.22324,2021,5,May,0,Late Night,Weekend
T20210010040,2021-05-02,17:45:00,6,Vehicle overturned (no collision),7,Sunday,174,OUT OF CONTROL ON CARRIAGEWAY (ON STRAIGHT),1,683629,Not at intersection,2,60,Local Road,SPRINGFIELD,WHITEHORSE,-37.80912,145.14037,2021,5,May,17,Afternoon Peak,Weekend
T20210010742,2021-05-02,17:00:00,4,Collision with a fixed object,7,Sunday,171,LEFT OFF CARRIAGEWAY INTO OBJECT/PARKED VEHICLE,1,683200,Not at intersection,3,100,Arterial Highway,WIMMERA,NORTHERN GRAMPIANS,-36.623547,143.24538,2021,5,May,17,Afternoon Peak,Weekend
T20210010022,2021-05-02,16:11:00,4,Collision with a fixed object,7,Sunday,175,OFF END OF ROAD/T-INTERSECTION.,1,740048,T intersection,2,80,Local Road,PATERNOSTER,CARDINIA,-37.943497,145.47502,2021,5,May,16,Afternoon Peak,Weekend
T20210009834,2021-05-02,18:45:00,7,Fall from or in moving vehicle,7,Sunday,190,FELL IN/FROM VEHICLE,3,682405,T intersection,2,50,Local Road,LAURIMAR,WHITTLESEA,-37.57944,145.12178,2021,5,May,18,Afternoon Peak,Weekend
T20210009891,2021-05-02,19:35:00,5,collision with some other object,7,Sunday,166,STRUCK OBJECT ON CARRIAGEWAY,5,685796,Not at intersection,3,100,Freeway,NEPEAN-MORNINGTON PENINSULA OUT,MORNINGTON PENINSULA,-38.304966,145.02579,2021,5,May,19,Night,Weekend
T20210009824,2021-05-02,14:54:00,1,Collision with vehicle,7,Sunday,160,VEHICLE COLLIDES WITH VEHICLE PARKED ON LEFT OF ROAD,1,683160,Not at intersection,2,60,Local Road,KOORNANG,GLEN EIRA,-37.898502,145.0553,2021,5,May,14,Midday,Weekend
T20210011688,2021-05-02,18:00:00,1,Collision with vehicle,7,Sunday,130,REAR END(VEHICLES IN SAME LANE),3,683988,Not at intersection,3,50,Arterial Highway,MURRAY,COLAC OTWAY,-38.33956,143.59152,2021,5,May,18,Afternoon Peak,Weekend
T20210009912,2021-05-02,05:20:00,1,Collision with vehicle,7,Sunday,120,HEAD ON (NOT OVERTAKING),5,683014,Not at intersection,2,70,Arterial Other,MELTON,MELTON,-37.680878,144.64636,2021,5,May,5,Morning Peak,Weekend
T20210009826,2021-05-02,14:01:00,4,Collision with a fixed object,7,Sunday,183,OFF LEFT BEND INTO OBJECT/PARKED VEHICLE,1,684646,Not at intersection,2,100,Local Road,NICHOL,GANNAWARRA,-35.65982,144.09698,2021,5,May,14,Midday,Weekend
T20210009832,2021-05-02,18:26:00,1,Collision with vehicle,7,Sunday,110,CROSS TRAFFIC(INTERSECTIONS ONLY),3,33879,Cross intersection,2,60,Arterial Highway,ST KILDA,PORT PHILLIP,-37.85786,144.9831,2021,5,May,18,Afternoon Peak,Weekend
T20210009833,2021-05-02,17:45:00,4,Collision with a fixed object,7,Sunday,171,LEFT OFF CARRIAGEWAY INTO OBJECT/PARKED VEHICLE,2,689338,Not at intersection,2,60,Local Road,MCDONALDS,HEPBURN,-37.26415,143.76912,2021,5,May,17,Afternoon Peak,Weekend
T20210009858,2021-05-02,14:10:00,1,Collision with vehicle,7,Sunday,132,RIGHT REAR.,1,689315,Not at intersection,2,80,Arterial Highway,GOULBURN VALLEY,MOIRA,-36.09959,145.43178,2021,5,May,14,Midday,Weekend
T20210022058,2021-05-02,11:45:00,6,Vehicle overturned (no collision),7,Sunday,174,OUT OF CONTROL ON CARRIAGEWAY (ON STRAIGHT),1,696168,Not at intersection,3,100,Local Road,PRINGLES,GEELONG,-37.974,144.25696,2021,5,May,11,Midday,Weekend
T20210009948,2021-05-02,14:15:00,4,Collision with a fixed object,7,Sunday,171,LEFT OFF CARRIAGEWAY INTO OBJECT/PARKED VEHICLE,1,682374,Not at intersection,2,80,Local Road,GRANTVILLE-GLEN ALVIE,BASS COAST,-38.41369,145.54434,2021,5,May,14,Midday,Weekend
T20210009837,2021-05-02,16:00:00,1,Collision with vehicle,7,Sunday,130,REAR END(VEHICLES IN SAME LANE),1,683185,Not at intersection,3,70,Arterial Other,MICKLEHAM,HUME,-37.686134,144.88277,2021,5,May,16,Afternoon Peak,Weekend