ACCIDENT_NO,ACCIDENT_DATE,ACCIDENT_TIME,ACCIDENT_TYPE,ACCIDENT_TYPE_DESC,DAY_OF_WEEK,DAY_WEEK_DESC,DCA_CODE,DCA_DESC,LIGHT_CONDITION,NODE_ID,ROAD_GEOMETRY_DESC,SEVERITY,SPEED_ZONE,RMA,ROAD_NAME,LGA_NAME,LATITUDE,LONGITUDE,YEAR,MONTH,MONTH_NAME,HOUR,TIME_PERIOD,DAY_TYPE
T20210009838,2021-05-02,18:45:00,2,Struck Pedestrian,7,Sunday,102,FAR SIDE. PED HIT BY VEHICLE FROM THE LEFT,3,35310,Cross intersection,2,40,Local Road,ELIZABETH,MELBOURNE,-37.807114,144.95988,2021,5,May,18,Afternoon Peak,Weekend
T20210009840,2021-05-02,22:00:00,4,Collision with a fixed object,7,Sunday,173,RIGHT OFF CARRIAGEWAY INTO OBJECT/PARKED VEHICLE,5,683934,Not at intersection,3,100,Local Road,JOLLYS HILL,GOLDEN PLAINS,-37.619026,143.76862,2021,5,May,22,Night,Weekend
T20210009821,2021-05-02,14:30:00,4,Collision with a fixed object,7,Sunday,173,RIGHT OFF CARRIAGEWAY INTO OBJECT/PARKED VEHICLE,1,689489,Not at intersection,2,50,Local Road,BROWN,BENDIGO,-36.744366,144.26778,2021,5,May,14,Midday,Weekend
T20210012517,2021-05-03,13:36:00,1,Collision with vehicle,1,Monday,133,LANE SIDE SWIPE (VEHICLES IN PARALLEL LANES),1,689587,Not at intersection,2,80,Local Road,BLACKGATE,GEELONG,-38.2859,144.39938,2021,5,May,13,Midday,Weekday
T20210009876,2021-05-03,06:40:00,4,Collision with a fixed object,1,Monday,183,OFF LEFT BEND INTO OBJECT/PARKED VEHICLE,2,682220,Not at intersection,1,100,Arterial Other,BULLUMWAAL,EAST GIPPSLAND,-37.817314,147.61823,2021,5,May,6,Morning Peak,Weekday
T20210013566,2021-05-03,17:20:00,1,Collision with vehicle,1,Monday,130,REAR END(VEHICLES IN SAME LANE),1,686094,Not at intersection,3,60,Arterial Other,SPECIMEN HILL,BENDIGO,-36.760357,144.24512,2021,5,May,17,Afternoon Peak,Weekday
T20210009920,2021-05-03,16:15:00,1,Collision with vehicle,1,Monday,120,HEAD ON (NOT OVERTAKING),1,692597,Not at intersection,3,100,Arterial Other,DONNYBROOK,WHITTLESEA,-37.557816,145.1093,2021,5,May,16,Afternoon Peak,Weekday
T20210009897,2021-05-03,13:30:00,4,Collision with a fixed object,1,Monday,173,RIGHT OFF CARRIAGEWAY INTO OBJECT/PARKED VEHICLE,1,691759,Not at intersection,3,100,Arterial Highway,SUNRAYSIA,MILDURA,-35.204693,142.39038,2021,5,May,13,Midday,Weekday
T20210009893,2021-05-03,10:40:00,1,Collision with vehicle,1,Monday,110,CROSS TRAFFIC(INTERSECTIONS ONLY),1,51857,Cross intersection,3,100,Arterial Other,KERANG-MURRABIT,GANNAWARRA,-35.536236,143.95206,2021,5,May,10,Midday,Weekday
T20210009892,2021-05-03,11:40:00,4,Collision with a fixed object,1,Monday,171,LEFT OFF CARRIAGEWAY INTO OBJECT/PARKED VEHICLE,1,730173,Not at intersection,3,80,Freeway,METROPOLITAN RING,NILLUMBIK,-37.68821,145.0803,2021,5,May,11,Midday,Weekday
T20210009890,2021-05-03,12:30:00,1,Collision with vehicle,1,Monday,110,CROSS TRAFFIC(INTERSECTIONS ONLY),1,42570,Cross intersection,2,60,Arterial Other,POLICE,MONASH,-37.93499,145.17162,2021,5,May,12,Midday,Weekday
T20210009918,2021-05-03,17:13:00,1,Collision with vehicle,1,Monday,121,RIGHT THROUGH,3,682466,T intersection,3,60,Local Road,ROLLINS,GEELONG,-38.10591,144.32213,2021,5,May,17,Afternoon Peak,Weekday
T20210009987,2021-05-03,19:40:00,1,Collision with vehicle,1,Monday,110,CROSS TRAFFIC(INTERSECTIONS ONLY),3,54438,Cross intersection,3,60,Arterial Highway,RAGLAN,WARRNAMBOOL,-38.381874,142.488,2021,5,May,19,Night,Weekday
T20210009924,2021-05-03,18:17:00,1,Collision with vehicle,1,Monday,121,RIGHT THROUGH,3,35303,T intersection,3,60,Arterial Other,DORSET,MAROONDAH,-37.78787,145.29222,2021,5,May,18,Afternoon Peak,Weekday
T20210010720,2021-05-03,08:45:00,1,Collision with vehicle,1,Monday,111,RIGHT FAR (INTERSECTIONS ONLY),1,683122,T intersection,3,60,Local Road,CHURCHILL,MARIBYRNONG,-37.786674,144.8526,2021,5,May,8,Morning Peak,Weekday
T20210009925,2021-05-03,18:33:00,1,Collision with vehicle,1,Monday,121,RIGHT THROUGH,3,682965,T intersection,2,60,Local Road,EXFORD,MELTON,-37.723347,144.57288,2021,5,May,18,Afternoon Peak,Weekday
T20210013023,2021-05-03,19:26:00,1,Collision with vehicle,1,Monday,121,RIGHT THROUGH,3,246030,T intersection,3,60,Arterial Other,MT ALEXANDER,MOONEE VALLEY,-37.76147,144.92183,2021,5,May,19,Night,Weekday
T20210009977,2021-05-03,17:45:00,1,Collision with vehicle,1,Monday,130,REAR END(VEHICLES IN SAME LANE),2,682777,Not at intersection,3,100,Freeway,WESTERN RING,BRIMBANK,-37.723675,144.86528,2021,5,May,17,Afternoon Peak,Weekday
T20210009935,2021-05-03,18:20:00,1,Collision with vehicle,1,Monday,130,REAR END(VEHICLES IN SAME LANE),3,730177,Not at intersection,3,60,Arterial Other,CRAIGIEBURN,HUME,-37.600334,144.9525,2021,5,May,18,Afternoon Peak,Weekday
T20210009933,2021-05-03,14:52:00,1,Collision with vehicle,1,Monday,171,LEFT OFF CARRIAGEWAY INTO OBJECT/PARKED VEHICLE,1,780887,Not at intersection,3,80,Arterial Other,WILLIAMSONS,MANNINGHAM,-37.761837,145.13344,2021,5,May,14,Midday,Weekday
T20210009932,2021-05-03,19:40:00,4,Collision with a fixed object,1,Monday,171,LEFT OFF CARRIAGEWAY INTO OBJECT/PARKED VEHICLE,5,690812,Not at intersection,2,60,Local Road,MT RIDLEY,HUME,-37.56283,144.88365,2021,5,May,19,Night,Weekday
T20210009931,2021-05-03,19:48:00,1,Collision with vehicle,1,Monday,160,VEHICLE COLLIDES WITH VEHICLE PARKED ON LEFT OF ROAD,3,682774,Not at intersection,3,50,Local Road,CAMPBELL,MORELAND,-37.753483,144.96725,2021,5,May,19,Night,Weekday
T20210009930,2021-05-03,17:51:00,2,Struck Pedestrian,1,Monday,102,FAR SIDE. PED HIT BY VEHICLE FROM THE LEFT,3,687398,Not at intersection,2,80,Arterial Other,SOMERTON,HUME,-37.63474,144.88112,2021,5,May,17,Afternoon Peak,Weekday
T20210009928,2021-05-03,18:00:00,1,Collision with vehicle,1,Monday,150,HEAD ON(OVERTAKING),5,773430,Not at intersection,3,80,Arterial Other,PORTARLINGTON,GEELONG,-38.14494,144.5983,2021,5,May,18,Afternoon Peak,Weekday
T20210009880,2021-05-03,08:10:00,1,Collision with vehicle,1,Monday,137,LEFT TURN SIDESWIPE,1,37855,Cross intersection,3,60,Arterial Highway,BELL,DAREBIN,-37.743732,144.98918,2021,5,May,8,Morning Peak,Weekday
T20210010123,2021-05-03,13:00:00,1,Collision with vehicle,1,Monday,133,LANE SIDE SWIPE (VEHICLES IN PARALLEL LANES),1,683550,Not at intersection,3,60,Arterial Other,BLACKBURN,MONASH,-37.873352,145.14821,2021,5,May,13,Midday,Weekday
T20210010001,2021-05-03,18:05:00,2,Struck Pedestrian,1,Monday,100,PED NEAR SIDE. PED HIT BY VEHICLE FROM THE RIGHT.,3,42038,Cross intersection,3,60,Arterial Other,HAMPTON,BAYSIDE,-37.92083,145.00569,2021,5,May,18,Afternoon Peak,Weekday
T20210019065,2021-05-03,09:15:00,1,Collision with vehicle,1,Monday,130,REAR END(VEHICLES IN SAME LANE),1,710003,Not at intersection,3,80,Arterial Highway,STUD,DANDENONG,-37.97092,145.22359,2021,5,May,9,Morning Peak,Weekday
T20210009917,2021-05-03,16:30:00,1,Collision with vehicle,1,Monday,133,LANE SIDE SWIPE (VEHICLES IN PARALLEL LANES),1,691261,Not at intersection,2,80,Arterial Other,WELLS,KINGSTON,-38.02218,145.12424,2021,5,May,16,Afternoon Peak,Weekday
T20210009907,2021-05-03,15:00:00,4,Collision with a fixed object,1,Monday,173,RIGHT OFF CARRIAGEWAY INTO OBJECT/PARKED VEHICLE,1,781041,Not at intersection,3,60,Local Road,GLENELG,KINGSTON,-37.940407,145.11061,2021,5,May,15,Afternoon Peak,Weekday
T20210009866,2021-05-03,06:45:00,1,Collision with vehicle,1,Monday,130,REAR END(VEHICLES IN SAME LANE),6,683316,Not at intersection,3,100,Freeway,MONASH,CASEY,-38.00339,145.29698,2021,5,May,6,Morning Peak,Weekday
T20210011775,2021-05-03,19:45:00,1,Collision with vehicle,1,Monday,121,RIGHT THROUGH,3,39042,T intersection,3,60,Arterial Other,BARKERS,BOROONDARA,-37.81737,145.05936,2021,5,May,19,Night,Weekday
T20210009864,2021-05-03,07:30:00,1,Collision with vehicle,1,Monday,121,RIGHT THROUGH,1,45250,Cross intersection,2,50,Arterial Other,BUCKLEY,MOONEE VALLEY,-37.754707,144.89659,2021,5,May,7,Morning Peak,Weekday
T20210009863,2021-05-03,06:50:00,5,collision with some other object,1,Monday,171,LEFT OFF CARRIAGEWAY INTO OBJECT/PARKED VEHICLE,1,685798,Not at intersection,3,60,Local Road,SMITHS GULLY,NILLUMBIK,-37.620113,145.28789,2021,5,May,6,Morning Peak,Weekday
T20210009856,2021-05-03,06:09:00,1,Collision with vehicle,1,Monday,130,REAR END(VEHICLES IN SAME LANE),3,697518,Not at intersection,3,60,Arterial Other,DALTON,WHITTLESEA,-37.675278,145.03087,2021,5,May,6,Morning Peak,Weekday
T20210009855,2021-05-03,05:25:00,4,Collision with a fixed object,1,Monday,171,LEFT OFF CARRIAGEWAY INTO OBJECT/PARKED VEHICLE,3,687175,Not at intersection,3,70,Arterial Highway,MAROONDAH,MAROONDAH,-37.80635,145.24318,2021,5,May,5,Morning Peak,Weekday
T20210010368,2021-05-03,19:35:00,1,Collision with vehicle,1,Monday,152,PULLING OUT (OVERTAKING),5,686606,Not at intersection,2,100,Arterial Highway,HAMILTON,GOLDEN PLAINS,-38.12338,144.2272,2021,5,May,19,Night,Weekday
T20210009852,2021-05-03,00:20:00,1,Collision with vehicle,1,Monday,160,VEHICLE COLLIDES WITH VEHICLE PARKED ON LEFT OF ROAD,3,688707,Not at intersection,2,60,Local Road,ELSWORTH,BALLARAT,-37.581783,143.8568,2021,5,May,0,Late Night,Weekday
T20210009849,2021-05-03,00:00:00,4,Collision with a fixed object,1,Monday,171,LEFT OFF CARRIAGEWAY INTO OBJECT/PARKED VEHICLE,5,773429,Not at intersection,3,80,Local Road,BRIDGE INN,WHITTLESEA,-37.59539,145.04912,2021,5,May,0,Late Night,Weekday
T20210010026,2021-05-03,19:00:00,1,Collision with vehicle,1,Monday,121,RIGHT THROUGH,3,612185,Cross intersection,3,60,Arterial Other,THOMPSONS,MANNINGHAM,-37.757298,145.11328,2021,5,May,19,Night,Weekday
T20210020288,2021-05-03,16:30:00,1,Collision with vehicle,1,Monday,160,VEHICLE COLLIDES WITH VEHICLE PARKED ON LEFT OF ROAD,9,695366,T intersection,3,50,Local Road,KOSCIUSZKO,LATROBE,-38.20323,146.51468,2021,5,May,16,Afternoon Peak,Weekday
T20210010038,2021-05-03,19:00:00,1,Collision with vehicle,1,Monday,116,LEFT NEAR (INTERSECTIONS ONLY),5,50678,Cross intersection,3,50,Local Road,HIDER,WARRNAMBOOL,-38.37615,142.47588,2021,5,May,19,Night,Weekday
T20210010758,2021-05-03,12:40:00,1,Collision with vehicle,1,Monday,133,LANE SIDE SWIPE (VEHICLES IN PARALLEL LANES),1,35372,T intersection,3,60,Arterial Other,BRUNTON,MELBOURNE,-37.81828,144.9787,2021,5,May,12,Midday,Weekday
T20210009995,2021-05-04,15:45:00,1,Collision with vehicle,2,Tuesday,110,CROSS TRAFFIC(INTERSECTIONS ONLY),1,55794,Cross intersection,3,50,Local Road,BOSTOCK,GEELONG,-38.134754,144.33505,2021,5,May,15,Afternoon Peak,Weekday
T20210010005,2021-05-04,18:21:00,4,Collision with a fixed object,2,Tuesday,181,OFF RIGHT BEND INTO OBJECT/PARKED VEHICLE,5,684468,Not at intersection,3,80,Arterial Other,BELGRAVE-GEMBROOK,CARDINIA,-37.94661,145.51111,2021,5,May,18,Afternoon Peak,Weekday
T20210010017,2021-05-04,21:08:00,4,Collision with a fixed object,2,Tuesday,181,OFF RIGHT BEND INTO OBJECT/PARKED VEHICLE,5,682315,Not at intersection,1,80,Arterial Other,WHITTLESEA-YEA,WHITTLESEA,-37.48989,145.18144,2021,5,May,21,Night,Weekday
T20210015704,2021-05-04,06:58:00,1,Collision with vehicle,2,Tuesday,121,RIGHT THROUGH,1,51593,Cross intersection,3,60,Arterial Other,BARNARD,BENDIGO,-36.755245,144.27408,2021,5,May,6,Morning Peak,Weekday
T20210009994,2021-05-04,15:15:00,1,Collision with vehicle,2,Tuesday,120,HEAD ON (NOT OVERTAKING),1,206773,Not at intersection,3,70,Arterial Other,MAIN,NILLUMBIK,-37.70209,145.17032,2021,5,May,15,Afternoon Peak,Weekday
T20210010006,2021-05-04,18:30:00,2,Struck Pedestrian,2,Tuesday,100,PED NEAR SIDE. PED HIT BY VEHICLE FROM THE RIGHT.,5,747287,Cross intersection,2,50,Local Road,THE CROSSWAY,MOONEE VALLEY,-37.746513,144.86258,2021,5,May,18,Afternoon Peak,Weekday
T20210010135,2021-05-04,11:45:00,1,Collision with vehicle,2,Tuesday,142,LEAVING PARKING,1,682566,Not at intersection,3,60,Local Road,LEATHER,GEELONG,-38.186096,144.3782,2021,5,May,11,Midday,Weekday
T20210009997,2021-05-04,15:45:00,2,Struck Pedestrian,2,Tuesday,101,PED EMERGES FROM IN FRONT OF PARKED OR STATIONARY VEHICLE,1,683613,Not at intersection,3,50,Arterial Other,YARRA,MANNINGHAM,-37.73816,145.21873,2021,5,May,15,Afternoon Peak,Weekday
T20210010007,2021-05-04,18:15:00,1,Collision with vehicle,2,Tuesday,116,LEFT NEAR (INTERSECTIONS ONLY),3,227270,Cross intersection,3,50,Local Road,CRAVENS,WHITTLESEA,-37.606262,145.08078,2021,5,May,18,Afternoon Peak,Weekday
T20210009951,2021-05-04,08:30:00,1,Collision with vehicle,2,Tuesday,121,RIGHT THROUGH,1,58179,Cross intersection,3,100,Local Road,ELEVENTH,MILDURA,-34.23052,142.20639,2021,5,May,8,Morning Peak,Weekday
T20210010008,2021-05-04,19:55:00,4,Collision with a fixed object,2,Tuesday,173,RIGHT OFF CARRIAGEWAY INTO OBJECT/PARKED VEHICLE,3,683912,Not at intersection,2,60,Arterial Other,CENTRE,KINGSTON,-37.92554,145.0948,2021,5,May,19,Night,Weekday
T20210009992,2021-05-04,16:08:00,1,Collision with vehicle,2,Tuesday,132,RIGHT REAR.,1,71509,T intersection,2,60,Local Road,BRUNEL,FRANKSTON,-38.10469,145.1405,2021,5,May,16,Afternoon Peak,Weekday
T20210012446,2021-05-04,14:15:00,1,Collision with vehicle,2,Tuesday,132,RIGHT REAR.,1,36075,Cross intersection,3,60,Arterial Other,BRIDGE INN,WHITTLESEA,-37.605503,145.13809,2021,5,May,14,Midday,Weekday
T20210010270,2021-05-04,15:45:00,1,Collision with vehicle,2,Tuesday,130,REAR END(VEHICLES IN SAME LANE),1,686882,Not at intersection,3,60,Local Road,MORANG,WHITTLESEA,-37.655907,145.05923,2021,5,May,15,Afternoon Peak,Weekday
T20210010009,2021-05-04,20:08:00,1,Collision with vehicle,2,Tuesday,140,U TURN,5,683403,Not at intersection,3,80,Arterial Other,MELTON,MELTON,-37.689564,144.71886,2021,5,May,20,Night,Weekday
T20210009990,2021-05-04,15:45:00,1,Collision with vehicle,2,Tuesday,111,RIGHT FAR (INTERSECTIONS ONLY),1,42292,Cross intersection,3,60,Arterial Other,MELVILLE,MORELAND,-37.741726,144.94527,2021,5,May,15,Afternoon Peak,Weekday
T20210010011,2021-05-04,21:45:00,1,Collision with vehicle,2,Tuesday,121,RIGHT THROUGH,3,683186,T intersection,2,80,Arterial Highway,PRINCES,CASEY,-38.01129,145.28362,2021,5,May,21,Night,Weekday
T20210010000,2021-05-04,19:01:00,1,Collision with vehicle,2,Tuesday,110,CROSS TRAFFIC(INTERSECTIONS ONLY),3,52884,Cross intersection,3,60,Local Road,DANA,BALLARAT,-37.563488,143.85147,2021,5,May,19,Night,Weekday
T20210010530,2021-05-04,08:15:00,1,Collision with vehicle,2,Tuesday,147,VEHICLE STRIKES ANOTHER VEH WHILE EMERGING FROM DRIVEWAY,9,685872,Not at intersection,3,50,Local Road,KOKODA,LATROBE,-38.235924,146.41887,2021,5,May,8,Morning Peak,Weekday
T20210010012,2021-05-04,22:18:00,1,Collision with vehicle,2,Tuesday,121,RIGHT THROUGH,3,779910,Cross intersection,3,60,Arterial Other,MT ALEXANDER,MOONEE VALLEY,-37.744705,144.91017,2021,5,May,22,Night,Weekday
T20210009988,2021-05-04,06:40:00,1,Collision with vehicle,2,Tuesday,121,RIGHT THROUGH,2,730179,Cross intersection,3,80,Arterial Other,CANTERBURY,MAROONDAH,-37.832542,145.21812,2021,5,May,6,Morning Peak,Weekday
T20210009966,2021-05-04,11:30:00,4,Collision with a fixed object,2,Tuesday,171,LEFT OFF CARRIAGEWAY INTO OBJECT/PARKED VEHICLE,1,683532,T intersection,2,60,Local Road,ARCHER,SHEPPARTON,-36.388992,145.41164,2021,5,May,11,Midday,Weekday
T20210012776,2021-05-04,08:21:00,1,Collision with vehicle,2,Tuesday,110,CROSS TRAFFIC(INTERSECTIONS ONLY),1,730280,Cross intersection,3,50,Local Road,NGARVENO,MOONEE VALLEY,-37.771145,144.92941,2021,5,May,8,Morning Peak,Weekday
T20210009978,2021-05-04,13:43:00,1,Collision with vehicle,2,Tuesday,142,LEAVING PARKING,1,682639,Not at intersection,3,60,Local Road,MANCHESTER,YARRA RANGES,-37.785774,145.31087,2021,5,May,13,Midday,Weekday
T20210009984,2021-05-04,14:45:00,7,Fall from or in moving vehicle,2,Tuesday,190,FELL IN/FROM VEHICLE,1,773121,Not at intersection,3,50,Local Road,YELLOWBOX,HUME,-37.615036,144.94537,2021,5,May,14,Midday,Weekday
T20210012631,2021-05-04,13:00:00,4,Collision with a fixed object,2,Tuesday,175,OFF END OF ROAD/T-INTERSECTION.,1,321121,T intersection,2,80,Arterial Other,HEALESVILLE-KOO WEE RUP,YARRA RANGES,-37.749187,145.53577,2021,5,May,13,Midday,Weekday
T20210009982,2021-05-04,13:07:00,1,Collision with vehicle,2,Tuesday,116,LEFT NEAR (INTERSECTIONS ONLY),1,682560,Multiple intersection,2,80,Arterial Other,HIGH STREET,KNOX,-37.876762,145.21347,2021,5,May,13,Midday,Weekday
T20210009980,2021-05-04,08:45:00,1,Collision with vehicle,2,Tuesday,121,RIGHT THROUGH,1,319930,T intersection,3,60,Arterial Other,TRUGANINA-SEABROOK,WYNDHAM,-37.877735,144.74849,2021,5,May,8,Morning Peak,Weekday
T20210016045,2021-05-04,10:30:00,6,Vehicle overturned (no collision),2,Tuesday,170,OFF CARRIAGEWAY TO LEFT,1,780899,Not at intersection,3,100,Local Road,BLUFF LINK,MANSFIELD,-37.20864,146.51678,2021,5,May,10,Midday,Weekday
T20210010475,2021-05-04,07:20:00,1,Collision with vehicle,2,Tuesday,130,REAR END(VEHICLES IN SAME LANE),1,730197,Not at intersection,3,100,Freeway,NORTHERN-HUME IN,MITCHELL,-37.44892,144.9813,2021,5,May,7,Morning Peak,Weekday
T20210009972,2021-05-04,08:30:00,1,Collision with vehicle,2,Tuesday,121,RIGHT THROUGH,1,691709,T intersection,2,60,Arterial Other,MAIN SOUTH,BAW BAW,-38.139175,145.85515,2021,5,May,8,Morning Peak,Weekday
T20210010074,2021-05-04,07:50:00,1,Collision with vehicle,2,Tuesday,130,REAR END(VEHICLES IN SAME LANE),1,683112,Not at intersection,3,70,Arterial Other,ST KILDA,BAYSIDE,-37.898968,144.98932,2021,5,May,7,Morning Peak,Weekday
T20210012493,2021-05-04,23:30:00,4,Collision with a fixed object,2,Tuesday,171,LEFT OFF CARRIAGEWAY INTO OBJECT/PARKED VEHICLE,5,685169,Not at intersection,3,100,Arterial Other,CAMPERDOWN-COBDEN,CORANGAMITE,-38.29291,143.11763,2021,5,May,23,Night,Weekday
T20210010403,2021-05-04,03:00:00,4,Collision with a fixed object,2,Tuesday,171,LEFT OFF CARRIAGEWAY INTO OBJECT/PARKED VEHICLE,3,780897,Not at intersection,3,60,Arterial Other,STEPHENSONS,MONASH,-37.875145,145.12918,2021,5,May,3,Late Night,Weekday
T20210010173,2021-05-04,16:00:00,1,Collision with vehicle,2,Tuesday,131,LEFT REAR,9,683551,T intersection,3,60,Local Road,AUSTRAK,HUME,-37.638092,144.9502,2021,5,May,16,Afternoon Peak,Weekday
T20210010013,2021-05-04,18:20:00,1,Collision with vehicle,2,Tuesday,130,REAR END(VEHICLES IN SAME LANE),3,682378,Not at intersection,2,80,Arterial Other,BERWICK-CRANBOURNE,CASEY,-38.088615,145.33301,2021,5,May,18,Afternoon Peak,Weekday
T20210010033,2021-05-04,14:38:00,4,Collision with a fixed object,2,Tuesday,171,LEFT OFF CARRIAGEWAY INTO OBJECT/PARKED VEHICLE,1,724236,Not at intersection,2,100,Local Road,TIMBERTOP,CENTRAL GOLDFIELDS,-36.90031,143.77951,2021,5,May,14,Midday,Weekday
T20210010550,2021-05-04,09:25:00,2,Struck Pedestrian,2,Tuesday,100,PED NEAR SIDE. PED HIT BY VEHICLE FROM THE RIGHT.,1,683194,Not at intersection,3,50,Local Road,GARSED,BENDIGO,-36.763252,144.28194,2021,5,May,9,Morning Peak,Weekday
T20210009937,2021-05-04,02:16:00,4,Collision with a fixed object,2,Tuesday,173,RIGHT OFF CARRIAGEWAY INTO OBJECT/PARKED VEHICLE,3,686043,Not at intersection,2,60,Arterial Other,UPPER HEIDELBERG,BANYULE,-37.74952,145.0574,2021,5,May,2,Late Night,Weekday
T20210009996,2021-05-04,07:55:00,1,Collision with vehicle,2,Tuesday,130,REAR END(VEHICLES IN SAME LANE),1,769305,Not at intersection,3,60,Arterial Other,CRANBOURNE,CASEY,-38.028465,145.30623,2021,5,May,7,Morning Peak,Weekday
T20210011341,2021-05-04,08:00:00,1,Collision with vehicle,2,Tuesday,113,RIGHT NEAR (INTERSECTIONS ONLY),1,71569,T intersection,3,60,Arterial Other,SEAFORD,FRANKSTON,-38.11222,145.1537,2021,5,May,8,Morning Peak,Weekday
T20210010678,2021-05-05,06:30:00,1,Collision with vehicle,3,Wednesday,121,RIGHT THROUGH,3,117773,Not at intersection,3,60,Arterial Other,HOLMES,MORELAND,-37.76167,144.97401,2021,5,May,6,Morning Peak,Weekday
T20210010082,2021-05-05,14:05:00,1,Collision with vehicle,3,Wednesday,142,LEAVING PARKING,1,683695,Not at intersection,2,60,Arterial Other,WEST FYANS,GEELONG,-38.15967,144.3455,2021,5,May,14,Midday,Weekday
T20210010081,2021-05-05,10:30:00,1,Collision with vehicle,3,Wednesday,147,VEHICLE STRIKES ANOTHER VEH WHILE EMERGING FROM DRIVEWAY,1,730184,Not at intersection,2,60,Arterial Other,DYNON,MELBOURNE,-37.803905,144.93283,2021,5,May,10,Midday,Weekday
T20210010080,2021-05-05,14:15:00,1,Collision with vehicle,3,Wednesday,132,RIGHT REAR.,1,685728,Not at intersection,3,80,Arterial Other,CAMPERDOWN-COBDEN,CORANGAMITE,-38.242943,143.13704,2021,5,May,14,Midday,Weekday
T20210010079,2021-05-05,10:00:00,2,Struck Pedestrian,3,Wednesday,100,PED NEAR SIDE. PED HIT BY VEHICLE FROM THE RIGHT.,1,683187,Not at intersection,2,100,Freeway,WESTERN RING,BRIMBANK,-37.804916,144.80753,2021,5,May,10,Midday,Weekday
T20210010711,2021-05-05,15:28:00,1,Collision with vehicle,3,Wednesday,143,ENTERING PARKING,1,687863,Not at intersection,2,40,Local Road,GERTRUDE,YARRA,-37.806026,144.97986,2021,5,May,15,Afternoon Peak,Weekday
T20210010712,2021-05-05,15:18:00,1,Collision with vehicle,3,Wednesday,121,RIGHT THROUGH,1,70490,T intersection,2,50,Local Road,CLEELAND,DANDENONG,-37.97994,145.21547,2021,5,May,15,Afternoon Peak,Weekday
T20210010073,2021-05-05,13:30:00,1,Collision with vehicle,3,Wednesday,121,RIGHT THROUGH,1,38601,T intersection,2,60,Arterial Other,SUNSHINE,MARIBYRNONG,-37.799706,144.86348,2021,5,May,13,Midday,Weekday
T20210010172,2021-05-05,18:00:00,1,Collision with vehicle,3,Wednesday,132,RIGHT REAR.,9,48996,T intersection,3,60,Local Road,KELLY,MELTON,-37.752865,144.75218,2021,5,May,18,Afternoon Peak,Weekday
T20210010178,2021-05-05,16:00:00,1,Collision with vehicle,3,Wednesday,121,RIGHT THROUGH,2,47415,T intersection,3,100,Freeway,CALDER,BRIMBANK,-37.671326,144.76393,2021,5,May,16,Afternoon Peak,Weekday
T20210015978,2021-05-05,21:45:00,3,Struck animal,3,Wednesday,167,STRUCK ANIMAL,5,688410,Not at intersection,3,100,Arterial Highway,KILMORE,BENDIGO,-36.945732,144.73094,2021,5,May,21,Night,Weekday
T20210010218,2021-05-05,14:30:00,1,Collision with vehicle,3,Wednesday,134,LANE CHANGE RIGHT (NOT OVERTAKING),1,683493,Not at intersection,3,70,Arterial Other,YAN YEAN,NILLUMBIK,-37.650578,145.12158,2021,5,May,14,Midday,Weekday
T20210010384,2021-05-05,07:53:00,1,Collision with vehicle,3,Wednesday,160,VEHICLE COLLIDES WITH VEHICLE PARKED ON LEFT OF ROAD,1,684698,Not at intersection,3,50,Local Road,TOWNLEY,CARDINIA,-38.19809,145.49661,2021,5,May,7,Morning Peak,Weekday
T20210010412,2021-05-05,18:00:00,1,Collision with vehicle,3,Wednesday,111,RIGHT FAR (INTERSECTIONS ONLY),3,39287,T intersection,3,60,Arterial Other,ELGAR,WHITEHORSE,-37.79922,145.11826,2021,5,May,18,Afternoon Peak,Weekday
T20210010417,2021-05-05,12:40:00,2,Struck Pedestrian,3,Wednesday,106,VEH STRIKES PED ON FOOTPATH/MEDIAN/TRAFFIC ISLAND.,1,682875,Not at intersection,3,50,Local Road,ALAMEIN,BOROONDARA,-37.868507,145.08542,2021,5,May,12,Midday,Weekday
T20210010615,2021-05-05,10:41:00,1,Collision with vehicle,3,Wednesday,140,U TURN,1,780902,Not at intersection,3,40,Local Road,BLYTH,HOBSONS BAY,-37.868237,144.82921,2021,5,May,10,Midday,Weekday
T20210010066,2021-05-05,08:20:00,6,Vehicle overturned (no collision),3,Wednesday,180,OFF CARRIAGEWAY ON RIGHT BEND,1,683614,Not at intersection,3,100,Arterial Other,HORSHAM-NORADJUHA,HORSHAM,-36.764202,142.11078,2021,5,May,8,Morning Peak,Weekday
T20210010064,2021-05-05,10:15:00,6,Vehicle overturned (no collision),3,Wednesday,174,OUT OF CONTROL ON CARRIAGEWAY (ON STRAIGHT),1,685590,Not at intersection,3,60,Local Road,ABBOTTS,DANDENONG,-38.034664,145.24486,2021,5,May,10,Midday,Weekday
T20210010061,2021-05-05,11:11:00,1,Collision with vehicle,3,Wednesday,130,REAR END(VEHICLES IN SAME LANE),1,43935,T intersection,2,60,Arterial Highway,SOUTH GIPPSLAND,CASEY,-38.159912,145.31857,2021,5,May,11,Midday,Weekday
T20210010055,2021-05-05,08:55:00,1,Collision with vehicle,3,Wednesday,130,REAR END(VEHICLES IN SAME LANE),1,683844,Not at intersection,3,80,Arterial Other,MELTON,BRIMBANK,-37.699974,144.79378,2021,5,May,8,Morning Peak,Weekday
T20210010052,2021-05-05,11:53:00,9,Other accident,3,Wednesday,149,OTHER MANOEUVRING NOT INCLUDED IN DCAs 140-148,1,686217,Not at intersection,2,50,Local Road,ROWAN,BENDIGO,-36.76702,144.25629,2021,5,May,11,Midday,Weekday
T20210010047,2021-05-05,06:05:00,2,Struck Pedestrian,3,Wednesday,100,PED NEAR SIDE. PED HIT BY VEHICLE FROM THE RIGHT.,3,682840,Cross intersection,3,70,Arterial Highway,DANDENONG,STONNINGTON,-37.8839,145.05818,2021,5,May,6,Morning Peak,Weekday