ACCIDENT_NO,ACCIDENT_DATE,ACCIDENT_TIME,ACCIDENT_TYPE,ACCIDENT_TYPE_DESC,DAY_OF_WEEK,DAY_WEEK_DESC,DCA_CODE,DCA_DESC,LIGHT_CONDITION,NODE_ID,ROAD_GEOMETRY_DESC,SEVERITY,SPEED_ZONE,RMA,ROAD_NAME,LGA_NAME,LATITUDE,LONGITUDE,YEAR,MONTH,MONTH_NAME,HOUR,TIME_PERIOD,DAY_TYPE
T20210010039,2021-05-05,09:15:00,1,Collision with vehicle,3,Wednesday,133,LANE SIDE SWIPE (VEHICLES IN PARALLEL LANES),1,683016,Not at intersection,3,100,Freeway,TULLAMARINE,MOONEE VALLEY,-37.72976,144.89053,2021,5,May,9,Morning Peak,Weekday
T20210010034,2021-05-05,06:05:00,1,Collision with vehicle,3,Wednesday,139,OTHER SAME DIRECTION-MANOUEVRES NOT INCLUDED IN DCAs 130-137,5,689703,Not at intersection,2,80,Arterial Other,THOMPSON,FRANKSTON,-38.06852,145.16522,2021,5,May,6,Morning Peak,Weekday
T20210010030,2021-05-05,09:00:00,1,Collision with vehicle,3,Wednesday,130,REAR END(VEHICLES IN SAME LANE),1,682506,Not at intersection,3,80,Arterial Highway,GOULBURN VALLEY,SHEPPARTON,-36.344463,145.40225,2021,5,May,9,Morning Peak,Weekday
T20210010024,2021-05-05,04:50:00,1,Collision with vehicle,3,Wednesday,139,OTHER SAME DIRECTION-MANOUEVRES NOT INCLUDED IN DCAs 130-137,2,730182,Not at intersection,3,60,Freeway,WEST GATE,HOBSONS BAY,-37.82803,144.89581,2021,5,May,4,Late Night,Weekday
T20210010255,2021-05-05,16:10:00,2,Struck Pedestrian,3,Wednesday,108,PED STRUCK WALKING TO/FROM OR BOARDING/ALIGHTING VEHICLE.,1,730190,Not at intersection,3,50,Local Road,PALMERSTON,BAW BAW,-38.161472,145.9313,2021,5,May,16,Afternoon Peak,Weekday
T20210010247,2021-05-05,17:37:00,1,Collision with vehicle,3,Wednesday,121,RIGHT THROUGH,2,683696,Not at intersection,2,80,Arterial Highway,SOUTH GIPPSLAND,CASEY,-38.084312,145.27754,2021,5,May,17,Afternoon Peak,Weekday
T20210010240,2021-05-05,16:55:00,1,Collision with vehicle,3,Wednesday,131,LEFT REAR,1,682716,Cross intersection,3,80,Arterial Other,CANTERBURY,MAROONDAH,-37.826027,145.28749,2021,5,May,16,Afternoon Peak,Weekday
T20210010203,2021-05-05,19:24:00,1,Collision with vehicle,3,Wednesday,113,RIGHT NEAR (INTERSECTIONS ONLY),5,350626,Cross intersection,3,80,Arterial Other,PRINCES,CASEY,-38.03016,145.33575,2021,5,May,19,Night,Weekday
T20210010751,2021-05-05,08:00:00,1,Collision with vehicle,3,Wednesday,110,CROSS TRAFFIC(INTERSECTIONS ONLY),1,44865,Cross intersection,3,60,Local Road,ETIWANDA,MILDURA,-34.2064,142.15675,2021,5,May,8,Morning Peak,Weekday
T20210010162,2021-05-05,08:00:00,1,Collision with vehicle,3,Wednesday,130,REAR END(VEHICLES IN SAME LANE),1,687876,Not at intersection,3,70,Arterial Highway,DANDENONG,STONNINGTON,-37.87094,145.03542,2021,5,May,8,Morning Peak,Weekday
T20210010491,2021-05-05,15:30:00,1,Collision with vehicle,3,Wednesday,130,REAR END(VEHICLES IN SAME LANE),1,730198,Not at intersection,2,60,Arterial Other,FYANSFORD-CORIO,GEELONG,-38.129124,144.32635,2021,5,May,15,Afternoon Peak,Weekday
T20210010226,2021-05-05,08:04:00,1,Collision with vehicle,3,Wednesday,113,RIGHT NEAR (INTERSECTIONS ONLY),1,65717,T intersection,3,60,Local Road,RINGWOOD,MAROONDAH,-37.80966,145.22731,2021,5,May,8,Morning Peak,Weekday
T20210011104,2021-05-05,05:20:00,1,Collision with vehicle,3,Wednesday,111,RIGHT FAR (INTERSECTIONS ONLY),9,686870,T intersection,3,60,Arterial Other,HIGH STREET,MONASH,-37.87564,145.17831,2021,5,May,5,Morning Peak,Weekday
T20210010159,2021-05-05,16:15:00,1,Collision with vehicle,3,Wednesday,163,VEHICLE STRIKES DOOR OF PARKED/STATIONARY VEHICLE,1,690157,Not at intersection,3,60,Arterial Other,NICHOLSON,YARRA,-37.804424,144.97379,2021,5,May,16,Afternoon Peak,Weekday
T20210010133,2021-05-05,07:34:00,1,Collision with vehicle,3,Wednesday,113,RIGHT NEAR (INTERSECTIONS ONLY),2,682565,T intersection,3,50,Local Road,WILKINS,HOBSONS BAY,-37.846558,144.88779,2021,5,May,7,Morning Peak,Weekday
T20210010130,2021-05-05,07:45:00,1,Collision with vehicle,3,Wednesday,110,CROSS TRAFFIC(INTERSECTIONS ONLY),9,682642,Cross intersection,3,50,Local Road,MT COOPER,DAREBIN,-37.7026,145.05162,2021,5,May,7,Morning Peak,Weekday
T20210010126,2021-05-05,11:40:00,1,Collision with vehicle,3,Wednesday,116,LEFT NEAR (INTERSECTIONS ONLY),1,47700,T intersection,3,80,Arterial Other,CRANBOURNE,CASEY,-38.054924,145.30127,2021,5,May,11,Midday,Weekday
T20210010119,2021-05-05,18:24:00,1,Collision with vehicle,3,Wednesday,130,REAR END(VEHICLES IN SAME LANE),3,741205,Not at intersection,2,80,Freeway,MONASH,CASEY,-38.01373,145.30428,2021,5,May,18,Afternoon Peak,Weekday
T20210010113,2021-05-05,18:45:00,1,Collision with vehicle,3,Wednesday,120,HEAD ON (NOT OVERTAKING),5,682411,Not at intersection,1,100,Arterial Highway,SOUTH GIPPSLAND,CARDINIA,-38.282192,145.54686,2021,5,May,18,Afternoon Peak,Weekday
T20210010112,2021-05-05,21:23:00,1,Collision with vehicle,3,Wednesday,160,VEHICLE COLLIDES WITH VEHICLE PARKED ON LEFT OF ROAD,3,691281,Not at intersection,3,50,Local Road,MELVIEW,MAROONDAH,-37.794346,145.22937,2021,5,May,21,Night,Weekday
T20210010110,2021-05-05,17:37:00,1,Collision with vehicle,3,Wednesday,113,RIGHT NEAR (INTERSECTIONS ONLY),1,307508,T intersection,3,60,Arterial Other,GEELONG,MARIBYRNONG,-37.80216,144.88148,2021,5,May,17,Afternoon Peak,Weekday
T20210009879,2021-05-05,10:28:00,2,Struck Pedestrian,3,Wednesday,100,PED NEAR SIDE. PED HIT BY VEHICLE FROM THE RIGHT.,1,747285,T intersection,2,50,Local Road,BONWICK,MORELAND,-37.70177,144.96562,2021,5,May,10,Midday,Weekday
T20210010107,2021-05-05,16:00:00,1,Collision with vehicle,3,Wednesday,121,RIGHT THROUGH,1,354743,Cross intersection,3,80,Arterial Highway,FERNTREE GULLY,MONASH,-37.90345,145.16142,2021,5,May,16,Afternoon Peak,Weekday
T20210010105,2021-05-05,19:38:00,4,Collision with a fixed object,3,Wednesday,171,LEFT OFF CARRIAGEWAY INTO OBJECT/PARKED VEHICLE,5,683989,Not at intersection,3,80,Local Road,MT RIDLEY,HUME,-37.56322,144.88681,2021,5,May,19,Night,Weekday
T20210010103,2021-05-05,19:10:00,1,Collision with vehicle,3,Wednesday,113,RIGHT NEAR (INTERSECTIONS ONLY),5,49375,Cross intersection,2,80,Arterial Highway,GOULBURN VALLEY,SHEPPARTON,-36.456993,145.3888,2021,5,May,19,Night,Weekday
T20210010102,2021-05-05,20:23:00,1,Collision with vehicle,3,Wednesday,148,VEHICLE OFF FOOTPATH STRIKES VEH ON CARRIAGEWAY,3,35714,Cross intersection,2,60,Arterial Other,ROYAL PARADE -SYDNEY,MORELAND,-37.778046,144.96024,2021,5,May,20,Night,Weekday
T20210010098,2021-05-05,13:20:00,1,Collision with vehicle,3,Wednesday,130,REAR END(VEHICLES IN SAME LANE),1,45557,Cross intersection,3,60,Arterial Other,BRUNSWICK,MORELAND,-37.775276,144.94531,2021,5,May,13,Midday,Weekday
T20210010096,2021-05-05,17:30:00,1,Collision with vehicle,3,Wednesday,110,CROSS TRAFFIC(INTERSECTIONS ONLY),1,43665,Cross intersection,3,60,Local Road,COLERAINE,HUME,-37.677544,144.91942,2021,5,May,17,Afternoon Peak,Weekday
T20210010095,2021-05-05,17:45:00,1,Collision with vehicle,3,Wednesday,130,REAR END(VEHICLES IN SAME LANE),2,145134,Not at intersection,3,70,Arterial Other,MAHONEYS,WHITTLESEA,-37.694576,145.00916,2021,5,May,17,Afternoon Peak,Weekday
T20210013917,2021-05-05,17:30:00,3,Struck animal,3,Wednesday,167,STRUCK ANIMAL,2,686744,Not at intersection,3,100,Arterial Other,RUSHWORTH-TATURA,CAMPASPE,-36.505653,145.09692,2021,5,May,17,Afternoon Peak,Weekday
T20210010334,2021-05-05,17:00:00,1,Collision with vehicle,3,Wednesday,130,REAR END(VEHICLES IN SAME LANE),1,225085,Cross intersection,3,70,Arterial Highway,HODDLE,MELBOURNE,-37.80991,144.99132,2021,5,May,17,Afternoon Peak,Weekday
T20210011016,2021-05-05,16:00:00,1,Collision with vehicle,3,Wednesday,130,REAR END(VEHICLES IN SAME LANE),1,683559,Not at intersection,3,60,Arterial Other,MORNINGTON-TYABB,MORNINGTON PENINSULA,-38.23015,145.04524,2021,5,May,16,Afternoon Peak,Weekday
T20210010092,2021-05-05,18:00:00,1,Collision with vehicle,3,Wednesday,110,CROSS TRAFFIC(INTERSECTIONS ONLY),3,35974,Cross intersection,2,50,Local Road,BARROW,MORELAND,-37.751995,144.97113,2021,5,May,18,Afternoon Peak,Weekday
T20210010089,2021-05-05,16:26:00,1,Collision with vehicle,3,Wednesday,120,HEAD ON (NOT OVERTAKING),1,682561,Not at intersection,3,50,Local Road,NAPIER,CENTRAL GOLDFIELDS,-37.046894,143.74127,2021,5,May,16,Afternoon Peak,Weekday
T20210010088,2021-05-05,12:00:00,4,Collision with a fixed object,3,Wednesday,164,PERMANENT OBSTRUCTION ON CARRIAGEWAY,1,685043,Not at intersection,2,100,Local Road,NARING,MOIRA,-36.068996,145.51385,2021,5,May,12,Midday,Weekday
T20210010087,2021-05-05,09:10:00,2,Struck Pedestrian,3,Wednesday,100,PED NEAR SIDE. PED HIT BY VEHICLE FROM THE RIGHT.,1,245297,T intersection,3,60,Arterial Other,MIDDLEBOROUGH,WHITEHORSE,-37.80041,145.14212,2021,5,May,9,Morning Peak,Weekday
T20210010086,2021-05-05,15:41:00,1,Collision with vehicle,3,Wednesday,110,CROSS TRAFFIC(INTERSECTIONS ONLY),1,44224,Cross intersection,3,60,Arterial Other,HIGH,WHITTLESEA,-37.648518,145.02585,2021,5,May,15,Afternoon Peak,Weekday
T20210010129,2021-05-06,07:46:00,1,Collision with vehicle,4,Thursday,130,REAR END(VEHICLES IN SAME LANE),1,682564,Not at intersection,3,80,Arterial Other,CARDINIA,CARDINIA,-38.08034,145.43378,2021,5,May,7,Morning Peak,Weekday
T20210010154,2021-05-06,09:00:00,1,Collision with vehicle,4,Thursday,135,LANE CHANGE LEFT (NOT OVERTAKING),1,45640,Cross intersection,3,40,Arterial Other,SYDNEY,MORELAND,-37.776115,144.9606,2021,5,May,9,Morning Peak,Weekday
T20210010840,2021-05-06,18:30:00,1,Collision with vehicle,4,Thursday,130,REAR END(VEHICLES IN SAME LANE),2,730211,Not at intersection,3,60,Arterial Other,DERRIMUT,WYNDHAM,-37.848648,144.688,2021,5,May,18,Afternoon Peak,Weekday
T20210011768,2021-05-06,16:10:00,1,Collision with vehicle,4,Thursday,148,VEHICLE OFF FOOTPATH STRIKES VEH ON CARRIAGEWAY,1,40092,T intersection,3,60,Arterial Highway,ST KILDA,PORT PHILLIP,-37.857716,144.98355,2021,5,May,16,Afternoon Peak,Weekday
T20210010137,2021-05-06,10:21:00,4,Collision with a fixed object,4,Thursday,171,LEFT OFF CARRIAGEWAY INTO OBJECT/PARKED VEHICLE,1,684257,Not at intersection,3,50,Local Road,RAILWAY,HOBSONS BAY,-37.862816,144.778,2021,5,May,10,Midday,Weekday
T20210010165,2021-05-06,12:00:00,1,Collision with vehicle,4,Thursday,110,CROSS TRAFFIC(INTERSECTIONS ONLY),1,72335,Cross intersection,2,60,Local Road,VERONICA,GEELONG,-38.16732,144.39207,2021,5,May,12,Midday,Weekday
T20210010167,2021-05-06,07:56:00,1,Collision with vehicle,4,Thursday,110,CROSS TRAFFIC(INTERSECTIONS ONLY),1,38797,Cross intersection,3,50,Arterial Other,NAPIER,MARIBYRNONG,-37.80471,144.90283,2021,5,May,7,Morning Peak,Weekday
T20210010180,2021-05-06,15:04:00,1,Collision with vehicle,4,Thursday,130,REAR END(VEHICLES IN SAME LANE),1,682806,Not at intersection,2,100,Freeway,METROPOLITAN RING,WHITTLESEA,-37.687325,145.03778,2021,5,May,15,Afternoon Peak,Weekday
T20210010182,2021-05-06,16:35:00,1,Collision with vehicle,4,Thursday,148,VEHICLE OFF FOOTPATH STRIKES VEH ON CARRIAGEWAY,1,60014,T intersection,3,50,Arterial Other,GLADSTONE,CENTRAL GOLDFIELDS,-37.04155,143.72847,2021,5,May,16,Afternoon Peak,Weekday
T20210010185,2021-05-06,16:10:00,1,Collision with vehicle,4,Thursday,121,RIGHT THROUGH,1,35371,Cross intersection,2,60,Arterial Other,JOLIMONT,MELBOURNE,-37.816467,144.97905,2021,5,May,16,Afternoon Peak,Weekday
T20210010189,2021-05-06,17:17:00,1,Collision with vehicle,4,Thursday,110,CROSS TRAFFIC(INTERSECTIONS ONLY),2,51051,Cross intersection,2,50,Local Road,LOCKWOOD,SHEPPARTON,-36.380856,145.41626,2021,5,May,17,Afternoon Peak,Weekday
T20210010190,2021-05-06,18:45:00,2,Struck Pedestrian,4,Thursday,100,PED NEAR SIDE. PED HIT BY VEHICLE FROM THE RIGHT.,3,686883,Not at intersection,3,80,Arterial Highway,NEPEAN,BAYSIDE,-37.89798,145.00566,2021,5,May,18,Afternoon Peak,Weekday
T20210015781,2021-05-06,06:18:00,1,Collision with vehicle,4,Thursday,130,REAR END(VEHICLES IN SAME LANE),2,688273,Not at intersection,3,80,Arterial Other,PRINCES,CARDINIA,-38.056595,145.39023,2021,5,May,6,Morning Peak,Weekday
T20210010192,2021-05-06,18:08:00,4,Collision with a fixed object,4,Thursday,171,LEFT OFF CARRIAGEWAY INTO OBJECT/PARKED VEHICLE,3,682715,Not at intersection,3,50,Local Road,CAHILL,MELTON,-37.698063,144.55766,2021,5,May,18,Afternoon Peak,Weekday
T20210010193,2021-05-06,17:00:00,1,Collision with vehicle,4,Thursday,120,HEAD ON (NOT OVERTAKING),2,687821,Not at intersection,3,60,Arterial Other,BARWON HEADS,GEELONG,-38.27439,144.48824,2021,5,May,17,Afternoon Peak,Weekday
T20210010445,2021-05-06,08:20:00,1,Collision with vehicle,4,Thursday,121,RIGHT THROUGH,1,36258,Cross intersection,3,40,Local Road,BOUVERIE,MELBOURNE,-37.804394,144.96178,2021,5,May,8,Morning Peak,Weekday
T20210010198,2021-05-06,16:35:00,2,Struck Pedestrian,4,Thursday,100,PED NEAR SIDE. PED HIT BY VEHICLE FROM THE RIGHT.,1,683018,Not at intersection,3,50,Local Road,LUCERNE,FRANKSTON,-38.146355,145.16896,2021,5,May,16,Afternoon Peak,Weekday
T20210011703,2021-05-06,09:00:00,1,Collision with vehicle,4,Thursday,130,REAR END(VEHICLES IN SAME LANE),1,730236,Not at intersection,3,80,Arterial Other,WELLINGTON,KNOX,-37.928043,145.23328,2021,5,May,9,Morning Peak,Weekday
T20210010202,2021-05-06,19:00:00,4,Collision with a fixed object,4,Thursday,173,RIGHT OFF CARRIAGEWAY INTO OBJECT/PARKED VEHICLE,5,689079,Not at intersection,2,100,Local Road,BROUGHTON,WEST WIMMERA,-36.365406,141.25754,2021,5,May,19,Night,Weekday
T20210010205,2021-05-06,05:42:00,6,Vehicle overturned (no collision),4,Thursday,180,OFF CARRIAGEWAY ON RIGHT BEND,5,684174,Not at intersection,3,100,Local Road,GRANTVILLE-GLEN ALVIE,BASS COAST,-38.4687,145.62718,2021,5,May,5,Morning Peak,Weekday
T20210025546,2021-05-06,09:45:00,1,Collision with vehicle,4,Thursday,130,REAR END(VEHICLES IN SAME LANE),9,699923,Not at intersection,3,60,Arterial Highway,PUNT,STONNINGTON,-37.83769,144.98666,2021,5,May,9,Morning Peak,Weekday
T20210010206,2021-05-06,23:50:00,1,Collision with vehicle,4,Thursday,113,RIGHT NEAR (INTERSECTIONS ONLY),3,258684,T intersection,2,50,Local Road,EVA,MONASH,-37.92019,145.11417,2021,5,May,23,Night,Weekday
T20210010207,2021-05-06,18:58:00,1,Collision with vehicle,4,Thursday,148,VEHICLE OFF FOOTPATH STRIKES VEH ON CARRIAGEWAY,3,682569,T intersection,1,40,Local Road,DRUMMOND,MONASH,-37.894733,145.09052,2021,5,May,18,Afternoon Peak,Weekday
T20210010208,2021-05-06,19:00:00,2,Struck Pedestrian,4,Thursday,106,VEH STRIKES PED ON FOOTPATH/MEDIAN/TRAFFIC ISLAND.,3,689503,Cross intersection,2,60,Arterial Highway,YARRA BANK,MELBOURNE,-37.82387,144.96275,2021,5,May,19,Night,Weekday
T20210010339,2021-05-06,14:50:00,1,Collision with vehicle,4,Thursday,130,REAR END(VEHICLES IN SAME LANE),1,187941,Not at intersection,2,40,Local Road,QUEEN,MELBOURNE,-37.81735,144.96178,2021,5,May,14,Midday,Weekday
T20210010155,2021-05-06,09:50:00,1,Collision with vehicle,4,Thursday,147,VEHICLE STRIKES ANOTHER VEH WHILE EMERGING FROM DRIVEWAY,1,687396,Not at intersection,3,60,Local Road,HIGH,DAREBIN,-37.717987,145.00742,2021,5,May,9,Morning Peak,Weekday
T20210010156,2021-05-06,13:05:00,2,Struck Pedestrian,4,Thursday,100,PED NEAR SIDE. PED HIT BY VEHICLE FROM THE RIGHT.,1,682567,T intersection,3,60,Arterial Other,WATERDALE,BANYULE,-37.743538,145.04759,2021,5,May,13,Midday,Weekday
T20210010237,2021-05-06,17:30:00,1,Collision with vehicle,4,Thursday,139,OTHER SAME DIRECTION-MANOUEVRES NOT INCLUDED IN DCAs 130-137,2,686508,Not at intersection,3,40,Local Road,VOLTRI,KINGSTON,-37.97494,145.07358,2021,5,May,17,Afternoon Peak,Weekday
T20210011658,2021-05-06,18:17:00,1,Collision with vehicle,4,Thursday,130,REAR END(VEHICLES IN SAME LANE),3,684113,Not at intersection,3,80,Arterial Other,CRANBOURNE,CASEY,-38.031708,145.30588,2021,5,May,18,Afternoon Peak,Weekday
T20210011132,2021-05-06,16:20:00,1,Collision with vehicle,4,Thursday,130,REAR END(VEHICLES IN SAME LANE),1,38796,Cross intersection,2,50,Arterial Other,NAPIER,MARIBYRNONG,-37.804317,144.90144,2021,5,May,16,Afternoon Peak,Weekday
T20210010264,2021-05-06,07:10:00,1,Collision with vehicle,4,Thursday,133,LANE SIDE SWIPE (VEHICLES IN PARALLEL LANES),9,47248,Multiple intersection,3,60,Arterial Other,ELIZABETH,MELBOURNE,-37.800858,144.95741,2021,5,May,7,Morning Peak,Weekday
T20210010143,2021-05-06,11:35:00,1,Collision with vehicle,4,Thursday,130,REAR END(VEHICLES IN SAME LANE),1,683257,Not at intersection,3,40,Local Road,DYSON,BALLARAT,-37.554745,143.78499,2021,5,May,11,Midday,Weekday
T20210010210,2021-05-06,21:41:00,1,Collision with vehicle,4,Thursday,120,HEAD ON (NOT OVERTAKING),3,684487,Not at intersection,2,60,Local Road,MORRIS,WYNDHAM,-37.85079,144.7063,2021,5,May,21,Night,Weekday
T20210010144,2021-05-06,08:42:00,1,Collision with vehicle,4,Thursday,113,RIGHT NEAR (INTERSECTIONS ONLY),1,39382,T intersection,3,60,Arterial Other,WETHERBY,MANNINGHAM,-37.794807,145.14233,2021,5,May,8,Morning Peak,Weekday
T20210017655,2021-05-06,07:45:00,1,Collision with vehicle,4,Thursday,130,REAR END(VEHICLES IN SAME LANE),1,44723,Cross intersection,3,70,Arterial Other,LOWER PLENTY,BANYULE,-37.729855,145.09152,2021,5,May,7,Morning Peak,Weekday
T20210010211,2021-05-06,20:55:00,1,Collision with vehicle,4,Thursday,132,RIGHT REAR.,3,925,T intersection,3,60,Arterial Highway,BELL,MORELAND,-37.742485,144.97807,2021,5,May,20,Night,Weekday
T20210010868,2021-05-06,16:30:00,1,Collision with vehicle,4,Thursday,130,REAR END(VEHICLES IN SAME LANE),1,683261,Not at intersection,3,60,Local Road,MARSHALL,BANYULE,-37.76996,145.04706,2021,5,May,16,Afternoon Peak,Weekday
T20210010158,2021-05-06,11:00:00,4,Collision with a fixed object,4,Thursday,171,LEFT OFF CARRIAGEWAY INTO OBJECT/PARKED VEHICLE,1,683992,Not at intersection,3,100,Arterial Other,MELBOURNE LANCEFIELD,MACEDON RANGES,-37.43446,144.74638,2021,5,May,11,Midday,Weekday
T20210010288,2021-05-06,17:16:00,1,Collision with vehicle,4,Thursday,130,REAR END(VEHICLES IN SAME LANE),2,682779,Not at intersection,3,70,Arterial Other,DYNON,MELBOURNE,-37.801655,144.91612,2021,5,May,17,Afternoon Peak,Weekday
T20210010148,2021-05-06,11:35:00,1,Collision with vehicle,4,Thursday,132,RIGHT REAR.,1,50475,Cross intersection,3,80,Local Road,BENETOOK,MILDURA,-34.264175,142.09656,2021,5,May,11,Midday,Weekday
T20210010152,2021-05-06,13:10:00,2,Struck Pedestrian,4,Thursday,102,FAR SIDE. PED HIT BY VEHICLE FROM THE LEFT,1,49871,Cross intersection,3,40,Local Road,PAKINGTON,GEELONG,-38.138077,144.3488,2021,5,May,13,Midday,Weekday
T20210011069,2021-05-06,12:00:00,1,Collision with vehicle,4,Thursday,140,U TURN,1,684176,Not at intersection,2,50,Local Road,DARIAN,SURF COAST,-38.322666,144.32196,2021,5,May,12,Midday,Weekday
T20210011637,2021-05-06,09:30:00,1,Collision with vehicle,4,Thursday,135,LANE CHANGE LEFT (NOT OVERTAKING),1,686607,Not at intersection,3,100,Freeway,METROPOLITAN RING,WHITTLESEA,-37.68654,145.05142,2021,5,May,9,Morning Peak,Weekday
T20210010128,2021-05-06,09:00:00,1,Collision with vehicle,4,Thursday,135,LANE CHANGE LEFT (NOT OVERTAKING),1,682563,Not at intersection,3,50,Local Road,COLERAINE,HUME,-37.67782,144.9215,2021,5,May,9,Morning Peak,Weekday
T20210010832,2021-05-06,17:51:00,1,Collision with vehicle,4,Thursday,130,REAR END(VEHICLES IN SAME LANE),9,687408,Not at intersection,3,80,Arterial Highway,NEPEAN,KINGSTON,-37.98208,145.07123,2021,5,May,17,Afternoon Peak,Weekday
T20210010127,2021-05-06,08:10:00,1,Collision with vehicle,4,Thursday,139,OTHER SAME DIRECTION-MANOUEVRES NOT INCLUDED IN DCAs 130-137,1,683317,Not at intersection,3,40,Arterial Other,DAYLESFORD-BALLARAT,BALLARAT,-37.55562,143.89615,2021,5,May,8,Morning Peak,Weekday
T20210010125,2021-05-06,01:52:00,4,Collision with a fixed object,4,Thursday,173,RIGHT OFF CARRIAGEWAY INTO OBJECT/PARKED VEHICLE,5,686456,Not at intersection,1,100,Arterial Other,BALLARTO,CARDINIA,-38.144485,145.41144,2021,5,May,1,Late Night,Weekday
T20210010212,2021-05-06,23:15:00,2,Struck Pedestrian,4,Thursday,109,ANY MANOEUVRE INVOLVING PED NOT INCLUDED IN DCAs 100-108.,3,685337,Not at intersection,3,40,Local Road,NELSON,HOBSONS BAY,-37.861443,144.90256,2021,5,May,23,Night,Weekday
T20210010227,2021-05-07,07:50:00,1,Collision with vehicle,5,Friday,113,RIGHT NEAR (INTERSECTIONS ONLY),1,684088,T intersection,3,80,Local Road,CRAIG,CASEY,-38.149384,145.29202,2021,5,May,7,Morning Peak,Weekday
T20210012276,2021-05-07,16:30:00,1,Collision with vehicle,5,Friday,133,LANE SIDE SWIPE (VEHICLES IN PARALLEL LANES),1,765332,Not at intersection,2,100,Freeway,MONASH,CASEY,-38.02452,145.3168,2021,5,May,16,Afternoon Peak,Weekday
T20210010238,2021-05-07,07:30:00,1,Collision with vehicle,5,Friday,113,RIGHT NEAR (INTERSECTIONS ONLY),1,46261,T intersection,3,60,Arterial Other,CHANDLER,DANDENONG,-37.992832,145.18219,2021,5,May,7,Morning Peak,Weekday
T20210010279,2021-05-07,16:30:00,2,Struck Pedestrian,5,Friday,100,PED NEAR SIDE. PED HIT BY VEHICLE FROM THE RIGHT.,1,44939,Cross intersection,2,60,Arterial Other,MAIN ROAD E-MAIN,BRIMBANK,-37.744232,144.79994,2021,5,May,16,Afternoon Peak,Weekday
T20210011197,2021-05-07,17:00:00,6,Vehicle overturned (no collision),5,Friday,174,OUT OF CONTROL ON CARRIAGEWAY (ON STRAIGHT),2,37702,T intersection,3,40,Local Road,CHAPEL,STONNINGTON,-37.849575,144.9937,2021,5,May,17,Afternoon Peak,Weekday
T20210010228,2021-05-07,08:30:00,1,Collision with vehicle,5,Friday,110,CROSS TRAFFIC(INTERSECTIONS ONLY),1,40857,Cross intersection,3,60,Arterial Other,BULLA,MOONEE VALLEY,-37.737614,144.90579,2021,5,May,8,Morning Peak,Weekday
T20210010338,2021-05-07,14:00:00,1,Collision with vehicle,5,Friday,130,REAR END(VEHICLES IN SAME LANE),1,684259,Not at intersection,3,100,Freeway,PRINCES,HOBSONS BAY,-37.863457,144.7768,2021,5,May,14,Midday,Weekday
T20210010481,2021-05-07,17:51:00,1,Collision with vehicle,5,Friday,130,REAR END(VEHICLES IN SAME LANE),3,683320,Not at intersection,2,80,Arterial Other,BRAESIDE-DANDENONG,DANDENONG,-38.011005,145.17563,2021,5,May,17,Afternoon Peak,Weekday
T20210011783,2021-05-07,17:50:00,1,Collision with vehicle,5,Friday,110,CROSS TRAFFIC(INTERSECTIONS ONLY),3,684118,Cross intersection,3,60,Local Road,BOUNDARY,GEELONG,-38.221676,144.35646,2021,5,May,17,Afternoon Peak,Weekday
T20210010225,2021-05-07,07:52:00,1,Collision with vehicle,5,Friday,116,LEFT NEAR (INTERSECTIONS ONLY),1,39495,T intersection,3,80,Arterial Highway,SPRINGVALE,WHITEHORSE,-37.807953,145.1776,2021,5,May,7,Morning Peak,Weekday
T20210010377,2021-05-07,17:00:00,2,Struck Pedestrian,5,Friday,100,PED NEAR SIDE. PED HIT BY VEHICLE FROM THE RIGHT.,1,252859,Not at intersection,3,50,Arterial Highway,IMES,KINGSTON,-37.990627,145.0816,2021,5,May,17,Afternoon Peak,Weekday
T20210010856,2021-05-07,17:00:00,1,Collision with vehicle,5,Friday,130,REAR END(VEHICLES IN SAME LANE),1,36651,Cross intersection,2,80,Arterial Other,WELLS,KINGSTON,-38.02196,145.12427,2021,5,May,17,Afternoon Peak,Weekday
T20210010224,2021-05-07,07:12:00,1,Collision with vehicle,5,Friday,121,RIGHT THROUGH,1,43763,Cross intersection,3,60,Local Road,FIRST,MELTON,-37.70093,144.57545,2021,5,May,7,Morning Peak,Weekday
T20210010380,2021-05-07,00:45:00,8,No collision and no object struck,5,Friday,174,OUT OF CONTROL ON CARRIAGEWAY (ON STRAIGHT),5,36031,T intersection,2,40,Local Road,LYGON,MORELAND,-37.765327,144.97281,2021,5,May,0,Late Night,Weekday
T20210010221,2021-05-07,06:20:00,1,Collision with vehicle,5,Friday,134,LANE CHANGE RIGHT (NOT OVERTAKING),2,687902,Not at intersection,3,60,Arterial Other,ELGAR,WHITEHORSE,-37.818134,145.11479,2021,5,May,6,Morning Peak,Weekday
T20210010370,2021-05-07,23:00:00,4,Collision with a fixed object,5,Friday,173,RIGHT OFF CARRIAGEWAY INTO OBJECT/PARKED VEHICLE,5,683630,Not at intersection,2,100,Local Road,ULUPNA BRIDGE,MOIRA,-35.873207,145.45776,2021,5,May,23,Night,Weekday
T20210010336,2021-05-07,18:15:00,1,Collision with vehicle,5,Friday,114,TWO RIGHT TURNING (INTERSECTIONS ONLY),9,43986,T intersection,3,60,Arterial Other,MORNINGTON-TYABB,MORNINGTON PENINSULA,-38.236584,145.05788,2021,5,May,18,Afternoon Peak,Weekday
T20210010286,2021-05-07,18:36:00,1,Collision with vehicle,5,Friday,134,LANE CHANGE RIGHT (NOT OVERTAKING),3,685203,Not at intersection,3,60,Arterial Other,SPENCER,MELBOURNE,-37.80546,144.94319,2021,5,May,18,Afternoon Peak,Weekday
T20210010243,2021-05-07,10:50:00,1,Collision with vehicle,5,Friday,120,HEAD ON (NOT OVERTAKING),1,779917,Not at intersection,3,60,Arterial Other,RIVERINE,EAST GIPPSLAND,-37.8225,147.62712,2021,5,May,10,Midday,Weekday