ACCIDENT_NO,ACCIDENT_DATE,ACCIDENT_TIME,ACCIDENT_TYPE,ACCIDENT_TYPE_DESC,DAY_OF_WEEK,DAY_WEEK_DESC,DCA_CODE,DCA_DESC,LIGHT_CONDITION,NODE_ID,ROAD_GEOMETRY_DESC,SEVERITY,SPEED_ZONE,RMA,ROAD_NAME,LGA_NAME,LATITUDE,LONGITUDE,YEAR,MONTH,MONTH_NAME,HOUR,TIME_PERIOD,DAY_TYPE
T20210010414,2021-05-07,20:00:00,1,Collision with vehicle,5,Friday,132,RIGHT REAR.,3,64245,T intersection,3,60,Arterial Other,STATION,BRIMBANK,-37.776173,144.77397,2021,5,May,20,Night,Weekday
T20210010267,2021-05-07,13:43:00,1,Collision with vehicle,5,Friday,153,CUTTING IN (OVERTAKING),1,686794,Not at intersection,2,60,Local Road,ETIWANDA,MILDURA,-34.213676,142.14796,2021,5,May,13,Midday,Weekday
T20210010269,2021-05-07,13:35:00,4,Collision with a fixed object,5,Friday,181,OFF RIGHT BEND INTO OBJECT/PARKED VEHICLE,1,58615,T intersection,2,50,Local Road,EMERALD,WODONGA,-36.125298,146.85881,2021,5,May,13,Midday,Weekday
T20210010275,2021-05-07,15:30:00,8,No collision and no object struck,5,Friday,174,OUT OF CONTROL ON CARRIAGEWAY (ON STRAIGHT),1,683783,Cross intersection,3,60,Local Road,MURRAY,BALLARAT,-37.56359,143.8338,2021,5,May,15,Afternoon Peak,Weekday
T20210010277,2021-05-07,17:30:00,1,Collision with vehicle,5,Friday,130,REAR END(VEHICLES IN SAME LANE),3,53517,Cross intersection,3,70,Arterial Highway,RAGLAN,WARRNAMBOOL,-38.367054,142.46407,2021,5,May,17,Afternoon Peak,Weekday
T20210010246,2021-05-07,09:55:00,1,Collision with vehicle,5,Friday,113,RIGHT NEAR (INTERSECTIONS ONLY),1,322873,Cross intersection,3,80,Arterial Highway,FERNTREE GULLY,MONASH,-37.90362,145.16139,2021,5,May,9,Morning Peak,Weekday
T20210010326,2021-05-07,08:43:00,1,Collision with vehicle,5,Friday,110,CROSS TRAFFIC(INTERSECTIONS ONLY),1,62699,Cross intersection,3,50,Local Road,HAZEL,MORELAND,-37.729137,144.94011,2021,5,May,8,Morning Peak,Weekday
T20210010260,2021-05-07,11:38:00,1,Collision with vehicle,5,Friday,132,RIGHT REAR.,1,684190,Not at intersection,2,100,Arterial Other,MAFFRA-SALE,WELLINGTON,-38.056858,147.02612,2021,5,May,11,Midday,Weekday
T20210010337,2021-05-07,18:00:00,1,Collision with vehicle,5,Friday,130,REAR END(VEHICLES IN SAME LANE),3,684177,Not at intersection,3,70,Arterial Other,DONCASTER,MANNINGHAM,-37.788242,145.15439,2021,5,May,18,Afternoon Peak,Weekday
T20210011023,2021-05-07,18:30:00,1,Collision with vehicle,5,Friday,130,REAR END(VEHICLES IN SAME LANE),2,683801,Not at intersection,2,60,Arterial Other,FELLMONGERS,GEELONG,-38.18008,144.3813,2021,5,May,18,Afternoon Peak,Weekday
T20210013677,2021-05-07,06:06:00,6,Vehicle overturned (no collision),5,Friday,182,OFF CARRIAGEWAY ON LEFT BEND,2,730304,Not at intersection,3,70,Arterial Other,HYLAND,WELLINGTON,-38.33577,146.72333,2021,5,May,6,Morning Peak,Weekday
T20210010291,2021-05-07,17:30:00,2,Struck Pedestrian,5,Friday,100,PED NEAR SIDE. PED HIT BY VEHICLE FROM THE RIGHT.,1,687239,Cross intersection,3,30,Arterial Other,DRUMMOND,BALLARAT,-37.56286,143.84708,2021,5,May,17,Afternoon Peak,Weekday
T20210010290,2021-05-07,16:16:00,1,Collision with vehicle,5,Friday,148,VEHICLE OFF FOOTPATH STRIKES VEH ON CARRIAGEWAY,1,682844,Not at intersection,3,50,Local Road,DAIRY,KNOX,-37.890697,145.26012,2021,5,May,16,Afternoon Peak,Weekday
T20210014383,2021-05-07,10:34:00,1,Collision with vehicle,5,Friday,113,RIGHT NEAR (INTERSECTIONS ONLY),1,324500,T intersection,3,60,Local Road,LINTON,KINGSTON,-37.93416,145.04315,2021,5,May,10,Midday,Weekday
T20210010293,2021-05-07,19:38:00,1,Collision with vehicle,5,Friday,130,REAR END(VEHICLES IN SAME LANE),3,684178,Not at intersection,3,60,Arterial Highway,KINGS,PORT PHILLIP,-37.82916,144.96341,2021,5,May,19,Night,Weekday
T20210010299,2021-05-07,18:20:00,1,Collision with vehicle,5,Friday,113,RIGHT NEAR (INTERSECTIONS ONLY),3,49744,T intersection,2,70,Arterial Highway,MIDLAND,GEELONG,-38.097378,144.30501,2021,5,May,18,Afternoon Peak,Weekday
T20210010301,2021-05-07,16:15:00,1,Collision with vehicle,5,Friday,121,RIGHT THROUGH,1,39042,T intersection,2,60,Arterial Other,BARKERS,BOROONDARA,-37.81737,145.05936,2021,5,May,16,Afternoon Peak,Weekday
T20210010305,2021-05-07,17:40:00,1,Collision with vehicle,5,Friday,137,LEFT TURN SIDESWIPE,2,36847,T intersection,3,40,Local Road,WILLIAM,MELBOURNE,-37.810677,144.95595,2021,5,May,17,Afternoon Peak,Weekday
T20210010311,2021-05-07,19:36:00,1,Collision with vehicle,5,Friday,163,VEHICLE STRIKES DOOR OF PARKED/STATIONARY VEHICLE,3,730192,Not at intersection,3,40,Local Road,SMITH,YARRA,-37.801884,144.98376,2021,5,May,19,Night,Weekday
T20210010313,2021-05-07,10:38:00,1,Collision with vehicle,5,Friday,121,RIGHT THROUGH,1,683318,Cross intersection,3,70,Arterial Other,SUNSHINE,BRIMBANK,-37.729427,144.81503,2021,5,May,10,Midday,Weekday
T20210010781,2021-05-07,01:00:00,1,Collision with vehicle,5,Friday,110,CROSS TRAFFIC(INTERSECTIONS ONLY),6,696169,Cross intersection,3,40,Local Road,LITTLE BOURKE,MELBOURNE,-37.815372,144.95538,2021,5,May,1,Late Night,Weekday
T20210010791,2021-05-07,16:10:00,1,Collision with vehicle,5,Friday,121,RIGHT THROUGH,1,356018,Cross intersection,3,60,Arterial Highway,GLASTONE,DANDENONG,-37.97533,145.20352,2021,5,May,16,Afternoon Peak,Weekday
T20210010314,2021-05-07,06:00:00,1,Collision with vehicle,5,Friday,130,REAR END(VEHICLES IN SAME LANE),1,684467,Not at intersection,3,80,Freeway,PRINCES,CASEY,-38.03298,145.32535,2021,5,May,6,Morning Peak,Weekday
T20210010610,2021-05-07,12:25:00,1,Collision with vehicle,5,Friday,130,REAR END(VEHICLES IN SAME LANE),1,690240,Not at intersection,3,60,Arterial Other,HEATHS,WYNDHAM,-37.886024,144.64546,2021,5,May,12,Midday,Weekday
T20210024161,2021-05-08,16:10:00,1,Collision with vehicle,6,Saturday,110,CROSS TRAFFIC(INTERSECTIONS ONLY),1,20832,Cross intersection,3,60,Local Road,MCNAIRN,LATROBE,-38.203037,146.56067,2021,5,May,16,Afternoon Peak,Weekend
T20210010330,2021-05-08,08:40:00,4,Collision with a fixed object,6,Saturday,183,OFF LEFT BEND INTO OBJECT/PARKED VEHICLE,1,703543,Not at intersection,2,100,Arterial Highway,MURRAY VALLEY,TOWONG,-36.22351,147.13124,2021,5,May,8,Morning Peak,Weekend
T20210010399,2021-05-08,21:45:00,4,Collision with a fixed object,6,Saturday,181,OFF RIGHT BEND INTO OBJECT/PARKED VEHICLE,5,690416,Not at intersection,2,80,Arterial Highway,GREAT ALPINE,ALPINE,-36.904915,147.06073,2021,5,May,21,Night,Weekend
T20210011591,2021-05-08,17:30:00,1,Collision with vehicle,6,Saturday,134,LANE CHANGE RIGHT (NOT OVERTAKING),2,222009,Not at intersection,3,60,Arterial Highway,QUEENS,PORT PHILLIP,-37.85541,144.98236,2021,5,May,17,Afternoon Peak,Weekend
T20210010349,2021-05-08,10:00:00,2,Struck Pedestrian,6,Saturday,106,VEH STRIKES PED ON FOOTPATH/MEDIAN/TRAFFIC ISLAND.,1,683156,T intersection,3,40,Local Road,OCEAN BEACH,MORNINGTON PENINSULA,-38.339382,144.73933,2021,5,May,10,Midday,Weekend
T20210010333,2021-05-08,10:24:00,1,Collision with vehicle,6,Saturday,130,REAR END(VEHICLES IN SAME LANE),1,144135,Not at intersection,3,80,Arterial Other,HALL,CASEY,-38.107346,145.23651,2021,5,May,10,Midday,Weekend
T20210010385,2021-05-08,17:30:00,1,Collision with vehicle,6,Saturday,121,RIGHT THROUGH,2,44946,T intersection,3,70,Arterial Other,BALLARAT,BRIMBANK,-37.77306,144.80174,2021,5,May,17,Afternoon Peak,Weekend
T20210011877,2021-05-08,06:10:00,1,Collision with vehicle,6,Saturday,160,VEHICLE COLLIDES WITH VEHICLE PARKED ON LEFT OF ROAD,3,685065,T intersection,3,40,Local Road,DAWN,DANDENONG,-37.99419,145.20183,2021,5,May,6,Morning Peak,Weekend
T20210010342,2021-05-08,11:23:00,4,Collision with a fixed object,6,Saturday,171,LEFT OFF CARRIAGEWAY INTO OBJECT/PARKED VEHICLE,1,780987,Not at intersection,3,60,Local Road,FURLONG,BRIMBANK,-37.75932,144.80353,2021,5,May,11,Midday,Weekend
T20210010361,2021-05-08,10:30:00,1,Collision with vehicle,6,Saturday,121,RIGHT THROUGH,1,43626,Cross intersection,2,60,Arterial Other,CENTRE,CASEY,-38.029064,145.30089,2021,5,May,10,Midday,Weekend
T20210010396,2021-05-08,20:20:00,4,Collision with a fixed object,6,Saturday,173,RIGHT OFF CARRIAGEWAY INTO OBJECT/PARKED VEHICLE,5,683125,Not at intersection,2,100,Local Road,MINESHAFT HILL,YARRA RANGES,-37.782112,145.65718,2021,5,May,20,Night,Weekend
T20210011964,2021-05-08,23:18:00,4,Collision with a fixed object,6,Saturday,173,RIGHT OFF CARRIAGEWAY INTO OBJECT/PARKED VEHICLE,5,685702,Not at intersection,2,100,Local Road,LABUAN,MOIRA,-36.039722,145.53156,2021,5,May,23,Night,Weekend
T20210010372,2021-05-08,17:45:00,1,Collision with vehicle,6,Saturday,130,REAR END(VEHICLES IN SAME LANE),3,730194,Not at intersection,2,60,Arterial Highway,BELL,MORELAND,-37.741364,144.96672,2021,5,May,17,Afternoon Peak,Weekend
T20210010381,2021-05-08,17:35:00,1,Collision with vehicle,6,Saturday,130,REAR END(VEHICLES IN SAME LANE),3,683019,Not at intersection,3,100,Freeway,EASTERN,WHITEHORSE,-37.80246,145.16455,2021,5,May,17,Afternoon Peak,Weekend
T20210010347,2021-05-08,10:05:00,1,Collision with vehicle,6,Saturday,111,RIGHT FAR (INTERSECTIONS ONLY),1,42013,Cross intersection,3,50,Arterial Other,MONBULK,YARRA RANGES,-37.884888,145.36925,2021,5,May,10,Midday,Weekend
T20210010839,2021-05-08,13:00:00,4,Collision with a fixed object,6,Saturday,179,OTHER ACCIDENTS-OFF STRAIGHT NOT INCLUDED IN DCAs 170-175,1,690243,Not at intersection,3,100,Local Road,MURTON,SHEPPARTON,-36.45487,145.27727,2021,5,May,13,Midday,Weekend
T20210010376,2021-05-08,15:57:00,1,Collision with vehicle,6,Saturday,121,RIGHT THROUGH,1,730195,T intersection,2,40,Local Road,MACKILLOP,CASEY,-38.116093,145.31969,2021,5,May,15,Afternoon Peak,Weekend
T20210010497,2021-05-08,17:40:00,1,Collision with vehicle,6,Saturday,130,REAR END(VEHICLES IN SAME LANE),5,682876,Not at intersection,3,80,Freeway,CALDER,BRIMBANK,-37.71012,144.82603,2021,5,May,17,Afternoon Peak,Weekend
T20210011494,2021-05-08,20:20:00,1,Collision with vehicle,6,Saturday,143,ENTERING PARKING,6,686304,Not at intersection,3,40,Local Road,HIGH,DAREBIN,-37.741566,145.00346,2021,5,May,20,Night,Weekend
T20210010464,2021-05-08,09:10:00,1,Collision with vehicle,6,Saturday,131,LEFT REAR,1,332681,Cross intersection,3,80,Arterial Highway,DINGLEY,KINGSTON,-37.959618,145.11264,2021,5,May,9,Morning Peak,Weekend
T20210011479,2021-05-08,07:50:00,1,Collision with vehicle,6,Saturday,147,VEHICLE STRIKES ANOTHER VEH WHILE EMERGING FROM DRIVEWAY,1,684971,Not at intersection,3,60,Local Road,ORMOND,CASEY,-38.065186,145.29836,2021,5,May,7,Morning Peak,Weekend
T20210010323,2021-05-08,06:20:00,1,Collision with vehicle,6,Saturday,130,REAR END(VEHICLES IN SAME LANE),1,690160,Not at intersection,3,80,Freeway,HUME,WHITTLESEA,-37.647724,144.9906,2021,5,May,6,Morning Peak,Weekend
T20210010408,2021-05-08,12:20:00,1,Collision with vehicle,6,Saturday,110,CROSS TRAFFIC(INTERSECTIONS ONLY),1,350690,Cross intersection,3,80,Arterial Highway,WEDGEWOOD,CASEY,-38.004387,145.25754,2021,5,May,12,Midday,Weekend
T20210010358,2021-05-08,12:33:00,1,Collision with vehicle,6,Saturday,123,RIGHT/LEFT. ONE VEH TURNING RIGHT THE OTHER LEFT.,1,40595,T intersection,3,60,Arterial Highway,WARRIGAL,BOROONDARA,-37.868893,145.09236,2021,5,May,12,Midday,Weekend
T20210010359,2021-05-08,13:56:00,1,Collision with vehicle,6,Saturday,110,CROSS TRAFFIC(INTERSECTIONS ONLY),1,47296,Cross intersection,3,60,Local Road,DAVID MUNROE,HUME,-37.63679,144.93259,2021,5,May,13,Midday,Weekend
T20210010341,2021-05-08,11:35:00,1,Collision with vehicle,6,Saturday,111,RIGHT FAR (INTERSECTIONS ONLY),1,42590,Cross intersection,2,80,Arterial Highway,PRINCES,DANDENONG,-37.95823,145.18481,2021,5,May,11,Midday,Weekend
T20210010355,2021-05-08,10:00:00,1,Collision with vehicle,6,Saturday,123,RIGHT/LEFT. ONE VEH TURNING RIGHT THE OTHER LEFT.,1,863,Cross intersection,3,40,Arterial Highway,BELL,MORELAND,-37.741314,144.9666,2021,5,May,10,Midday,Weekend
T20210010373,2021-05-08,16:55:00,1,Collision with vehicle,6,Saturday,121,RIGHT THROUGH,1,45180,Cross intersection,2,40,Arterial Highway,WYNDHAM,SHEPPARTON,-36.383156,145.39891,2021,5,May,16,Afternoon Peak,Weekend
T20210010343,2021-05-08,12:25:00,1,Collision with vehicle,6,Saturday,134,LANE CHANGE RIGHT (NOT OVERTAKING),1,730193,Not at intersection,3,100,Freeway,NORTHERN-HUME IN,MITCHELL,-37.447308,144.98145,2021,5,May,12,Midday,Weekend
T20210010352,2021-05-08,09:50:00,1,Collision with vehicle,6,Saturday,110,CROSS TRAFFIC(INTERSECTIONS ONLY),1,37366,Cross intersection,2,50,Local Road,CARSON,BOROONDARA,-37.809338,145.01955,2021,5,May,9,Morning Peak,Weekend
T20210010351,2021-05-08,08:38:00,4,Collision with a fixed object,6,Saturday,171,LEFT OFF CARRIAGEWAY INTO OBJECT/PARKED VEHICLE,9,684055,Not at intersection,1,100,Arterial Other,BUNGAREE-CRESWICK,MOORABOOL,-37.47663,143.94765,2021,5,May,8,Morning Peak,Weekend
T20210010363,2021-05-08,10:37:00,6,Vehicle overturned (no collision),6,Saturday,172,OFF CARRIAGEWAY TO RIGHT,1,780986,Not at intersection,3,100,Arterial Other,PENSHURST-WARRNAMBOOL,MOYNE,-37.94476,142.3033,2021,5,May,10,Midday,Weekend
T20210010345,2021-05-08,10:23:00,1,Collision with vehicle,6,Saturday,130,REAR END(VEHICLES IN SAME LANE),1,683159,Not at intersection,3,80,Local Road,HALL,FRANKSTON,-38.10658,145.2303,2021,5,May,10,Midday,Weekend
T20210010340,2021-05-08,11:00:00,1,Collision with vehicle,6,Saturday,130,REAR END(VEHICLES IN SAME LANE),1,687395,Not at intersection,2,80,Freeway,MONASH,STONNINGTON,-37.854294,145.05667,2021,5,May,11,Midday,Weekend
T20210010329,2021-05-08,09:13:00,2,Struck Pedestrian,6,Saturday,100,PED NEAR SIDE. PED HIT BY VEHICLE FROM THE RIGHT.,1,41471,T intersection,3,60,Arterial Other,MURRUMBEENA,GLEN EIRA,-37.897125,145.06511,2021,5,May,9,Morning Peak,Weekend
T20210010319,2021-05-08,06:13:00,1,Collision with vehicle,6,Saturday,110,CROSS TRAFFIC(INTERSECTIONS ONLY),2,227305,Cross intersection,2,100,Arterial Other,BALLARTO,CASEY,-38.140427,145.3797,2021,5,May,6,Morning Peak,Weekend
T20210010393,2021-05-08,18:00:00,2,Struck Pedestrian,6,Saturday,102,FAR SIDE. PED HIT BY VEHICLE FROM THE LEFT,3,688392,T intersection,3,50,Local Road,SOMERS,BANYULE,-37.721424,145.07176,2021,5,May,18,Afternoon Peak,Weekend
T20210011874,2021-05-08,03:05:00,5,collision with some other object,6,Saturday,166,STRUCK OBJECT ON CARRIAGEWAY,6,285598,T intersection,3,50,Local Road,STATION,KINGSTON,-37.982563,145.06639,2021,5,May,3,Late Night,Weekend
T20210010449,2021-05-09,17:17:00,4,Collision with a fixed object,7,Sunday,171,LEFT OFF CARRIAGEWAY INTO OBJECT/PARKED VEHICLE,1,740059,Not at intersection,2,100,Freeway,WESTERN RING,BRIMBANK,-37.767548,144.80536,2021,5,May,17,Afternoon Peak,Weekend
T20210011400,2021-05-09,10:55:00,1,Collision with vehicle,7,Sunday,130,REAR END(VEHICLES IN SAME LANE),1,686755,Not at intersection,3,60,Freeway,MONASH,DANDENONG,-37.942787,145.20198,2021,5,May,10,Midday,Weekend
T20210010405,2021-05-09,02:24:00,4,Collision with a fixed object,7,Sunday,173,RIGHT OFF CARRIAGEWAY INTO OBJECT/PARKED VEHICLE,3,690492,Not at intersection,3,60,Arterial Other,SEABY,NORTHERN GRAMPIANS,-37.061874,142.76642,2021,5,May,2,Late Night,Weekend
T20210012462,2021-05-09,13:00:00,4,Collision with a fixed object,7,Sunday,171,LEFT OFF CARRIAGEWAY INTO OBJECT/PARKED VEHICLE,1,684859,Not at intersection,3,100,Local Road,HENRYS,SOUTH GIPPSLAND,-38.34818,145.67384,2021,5,May,13,Midday,Weekend
T20210010448,2021-05-09,20:00:00,1,Collision with vehicle,7,Sunday,160,VEHICLE COLLIDES WITH VEHICLE PARKED ON LEFT OF ROAD,3,682932,Not at intersection,3,50,Local Road,WESTMORLAND,SHEPPARTON,-36.4022,145.41064,2021,5,May,20,Night,Weekend
T20210010419,2021-05-09,10:15:00,1,Collision with vehicle,7,Sunday,137,LEFT TURN SIDESWIPE,1,29545,T intersection,2,40,Arterial Other,HIGH,BOROONDARA,-37.80402,145.03848,2021,5,May,10,Midday,Weekend
T20210010447,2021-05-09,20:05:00,1,Collision with vehicle,7,Sunday,121,RIGHT THROUGH,3,40086,Cross intersection,2,60,Arterial Other,BARKLY,PORT PHILLIP,-37.874176,144.97987,2021,5,May,20,Night,Weekend
T20210010422,2021-05-09,11:00:00,1,Collision with vehicle,7,Sunday,113,RIGHT NEAR (INTERSECTIONS ONLY),1,35466,Cross intersection,3,60,Arterial Other,STATION,WHITEHORSE,-37.82874,145.12183,2021,5,May,11,Midday,Weekend
T20210010423,2021-05-09,11:01:00,2,Struck Pedestrian,7,Sunday,100,PED NEAR SIDE. PED HIT BY VEHICLE FROM THE RIGHT.,1,694042,Not at intersection,2,60,Arterial Highway,NORTHERN,BENDIGO,-36.495396,144.60794,2021,5,May,11,Midday,Weekend
T20210010424,2021-05-09,08:55:00,2,Struck Pedestrian,7,Sunday,102,FAR SIDE. PED HIT BY VEHICLE FROM THE LEFT,1,683319,Not at intersection,2,50,Local Road,TIPPERARY,CARDINIA,-38.06593,145.49179,2021,5,May,8,Morning Peak,Weekend
T20210010429,2021-05-09,10:28:00,4,Collision with a fixed object,7,Sunday,173,RIGHT OFF CARRIAGEWAY INTO OBJECT/PARKED VEHICLE,1,690385,Not at intersection,2,100,Arterial Highway,LODDON VALLEY,GANNAWARRA,-35.84198,143.939,2021,5,May,10,Midday,Weekend
T20210010430,2021-05-09,08:34:00,1,Collision with vehicle,7,Sunday,110,CROSS TRAFFIC(INTERSECTIONS ONLY),1,39901,Cross intersection,3,60,Arterial Other,CIVIC,HOBSONS BAY,-37.86315,144.8186,2021,5,May,8,Morning Peak,Weekend
T20210010434,2021-05-09,15:30:00,1,Collision with vehicle,7,Sunday,113,RIGHT NEAR (INTERSECTIONS ONLY),1,329220,Multiple intersection,3,70,Freeway,PLENTY,BANYULE,-37.687065,145.06769,2021,5,May,15,Afternoon Peak,Weekend
T20210010437,2021-05-09,15:25:00,1,Collision with vehicle,7,Sunday,116,LEFT NEAR (INTERSECTIONS ONLY),1,780996,Cross intersection,3,60,Local Road,UNNAMED,KINGSTON,-38.076332,145.12302,2021,5,May,15,Afternoon Peak,Weekend
T20210010446,2021-05-09,17:55:00,1,Collision with vehicle,7,Sunday,121,RIGHT THROUGH,3,36192,Cross intersection,3,40,Local Road,CAPEL,MELBOURNE,-37.803707,144.95552,2021,5,May,17,Afternoon Peak,Weekend
T20240000350,2021-05-09,14:00:00,1,Collision with vehicle,7,Sunday,130,REAR END(VEHICLES IN SAME LANE),1,36148,T intersection,3,60,Arterial Other,CRAIGIEBURN,HUME,-37.59776,144.93028,2021,5,May,14,Midday,Weekend
T20210010498,2021-05-09,06:00:00,3,Struck animal,7,Sunday,167,STRUCK ANIMAL,4,683114,Not at intersection,3,100,Arterial Other,OMEO,TOWONG,-36.456017,147.2208,2021,5,May,6,Morning Peak,Weekend
T20210010598,2021-05-09,18:30:00,1,Collision with vehicle,7,Sunday,132,RIGHT REAR.,9,687766,Cross intersection,2,60,Arterial Other,EDGARS,WHITTLESEA,-37.65868,145.00742,2021,5,May,18,Afternoon Peak,Weekend
T20210010440,2021-05-09,14:48:00,1,Collision with vehicle,7,Sunday,130,REAR END(VEHICLES IN SAME LANE),1,46387,Cross intersection,2,70,Arterial Highway,LATROBE,GEELONG,-38.147415,144.35263,2021,5,May,14,Midday,Weekend
T20210013295,2021-05-09,18:15:00,1,Collision with vehicle,7,Sunday,121,RIGHT THROUGH,2,688481,Cross intersection,3,60,Arterial Other,DORSET,KNOX,-37.862637,145.28561,2021,5,May,18,Afternoon Peak,Weekend
T20210010444,2021-05-09,13:53:00,1,Collision with vehicle,7,Sunday,137,LEFT TURN SIDESWIPE,1,683154,Unknown,2,60,Arterial Other,JACKA,PORT PHILLIP,-37.86758,144.97478,2021,5,May,13,Midday,Weekend
T20210010460,2021-05-09,09:20:00,1,Collision with vehicle,7,Sunday,140,U TURN,1,686143,Not at intersection,3,60,Local Road,HIGH,MELTON,-37.685417,144.55223,2021,5,May,9,Morning Peak,Weekend
T20210010457,2021-05-09,22:00:00,4,Collision with a fixed object,7,Sunday,171,LEFT OFF CARRIAGEWAY INTO OBJECT/PARKED VEHICLE,5,683055,Not at intersection,2,80,Local Road,TYABB-TOORADIN,MORNINGTON PENINSULA,-38.22962,145.2355,2021,5,May,22,Night,Weekend
T20210013829,2021-05-09,14:20:00,1,Collision with vehicle,7,Sunday,134,LANE CHANGE RIGHT (NOT OVERTAKING),9,687048,Not at intersection,3,60,Arterial Other,BOUNDARY,MORELAND,-37.718906,144.96118,2021,5,May,14,Midday,Weekend
T20210010637,2021-05-09,10:40:00,3,Struck animal,7,Sunday,167,STRUCK ANIMAL,1,683117,Not at intersection,2,100,Local Road,CALLAGHAN CREEK,TOWONG,-36.483772,147.4427,2021,5,May,10,Midday,Weekend
T20210010455,2021-05-09,21:40:00,1,Collision with vehicle,7,Sunday,160,VEHICLE COLLIDES WITH VEHICLE PARKED ON LEFT OF ROAD,3,730196,Not at intersection,3,50,Local Road,LAWSON,GLEN EIRA,-37.922947,145.04669,2021,5,May,21,Night,Weekend
T20210010452,2021-05-09,22:00:00,1,Collision with vehicle,7,Sunday,145,REVERSING IN STREAM OF TRAFFIC,3,685428,T intersection,3,40,Arterial Highway,NORTH ROAD SERVICE,MONASH,-37.911316,145.10132,2021,5,May,22,Night,Weekend
T20210010451,2021-05-09,19:30:00,1,Collision with vehicle,7,Sunday,160,VEHICLE COLLIDES WITH VEHICLE PARKED ON LEFT OF ROAD,3,685591,Not at intersection,3,50,Local Road,HEVERSHAM,HUME,-37.636894,144.8884,2021,5,May,19,Night,Weekend
T20210012492,2021-05-09,16:28:00,1,Collision with vehicle,7,Sunday,121,RIGHT THROUGH,1,685002,Cross intersection,3,60,Local Road,KERFERD,PORT PHILLIP,-37.84224,144.9592,2021,5,May,16,Afternoon Peak,Weekend
T20210011037,2021-05-09,18:30:00,9,Other accident,7,Sunday,189,OTHER ACCIDENTS ON CURVE NOT INCLUDED IN DCAs 180-184,5,686873,Not at intersection,2,100,Local Road,BLACK SNAKE CREEK,CARDINIA,-37.939655,145.59099,2021,5,May,18,Afternoon Peak,Weekend
T20210010479,2021-05-10,12:27:00,1,Collision with vehicle,1,Monday,120,HEAD ON (NOT OVERTAKING),1,682934,Not at intersection,3,60,Arterial Other,CLEGG,YARRA RANGES,-37.78262,145.40912,2021,5,May,12,Midday,Weekday
T20210010500,2021-05-10,17:30:00,1,Collision with vehicle,1,Monday,130,REAR END(VEHICLES IN SAME LANE),3,683193,Not at intersection,3,60,Arterial Other,PRINCES,BAW BAW,-38.158447,145.92107,2021,5,May,17,Afternoon Peak,Weekday
T20210010461,2021-05-10,05:50:00,1,Collision with vehicle,1,Monday,113,RIGHT NEAR (INTERSECTIONS ONLY),3,37097,Cross intersection,2,50,Local Road,ABBOTT,CASEY,-38.007545,145.25604,2021,5,May,5,Morning Peak,Weekday
T20210010494,2021-05-10,13:58:00,4,Collision with a fixed object,1,Monday,171,LEFT OFF CARRIAGEWAY INTO OBJECT/PARKED VEHICLE,1,684168,Not at intersection,3,60,Arterial Highway,EAGLEHAWK,BENDIGO,-36.73774,144.25911,2021,5,May,13,Midday,Weekday
T20210010501,2021-05-10,15:40:00,1,Collision with vehicle,1,Monday,121,RIGHT THROUGH,1,683020,Multiple intersection,3,60,Arterial Other,BROADMEADOWS ROAD DV-MICKLEHAM,HUME,-37.681156,144.8839,2021,5,May,15,Afternoon Peak,Weekday
T20210010486,2021-05-10,12:50:00,1,Collision with vehicle,1,Monday,121,RIGHT THROUGH,1,687432,T intersection,2,50,Local Road,WARRALILY,GEELONG,-38.241005,144.3625,2021,5,May,12,Midday,Weekday
T20210010651,2021-05-10,15:11:00,1,Collision with vehicle,1,Monday,131,LEFT REAR,1,29708,Cross intersection,2,40,Local Road,BENNET,DANDENONG,-37.983894,145.2004,2021,5,May,15,Afternoon Peak,Weekday
T20210010456,2021-05-10,00:30:00,6,Vehicle overturned (no collision),1,Monday,182,OFF CARRIAGEWAY ON LEFT BEND,5,684781,Not at intersection,3,100,Arterial Highway,MURRAY VALLEY,CAMPASPE,-36.19821,145.11482,2021,5,May,0,Late Night,Weekday
T20210010636,2021-05-10,09:00:00,1,Collision with vehicle,1,Monday,112,LEFT FAR (INTERSECTIONS ONLY),1,36950,T intersection,3,50,Arterial Other,MELTON,BRIMBANK,-37.694744,144.76613,2021,5,May,9,Morning Peak,Weekday
T20210010496,2021-05-10,10:38:00,1,Collision with vehicle,1,Monday,110,CROSS TRAFFIC(INTERSECTIONS ONLY),1,51127,Cross intersection,2,100,Local Road,ORRVALE,SHEPPARTON,-36.399002,145.4467,2021,5,May,10,Midday,Weekday
T20210010736,2021-05-10,06:45:00,3,Struck animal,1,Monday,167,STRUCK ANIMAL,2,291142,T intersection,3,100,Arterial Other,COACH ROAD -ROMSEY,MACEDON RANGES,-37.34349,144.58485,2021,5,May,6,Morning Peak,Weekday
T20210010477,2021-05-10,06:28:00,1,Collision with vehicle,1,Monday,113,RIGHT NEAR (INTERSECTIONS ONLY),3,691309,T intersection,2,80,Arterial Other,KOO WEE RUP,CARDINIA,-38.100426,145.48842,2021,5,May,6,Morning Peak,Weekday
T20210010474,2021-05-10,09:40:00,2,Struck Pedestrian,1,Monday,100,PED NEAR SIDE. PED HIT BY VEHICLE FROM THE RIGHT.,1,682849,Not at intersection,2,60,Arterial Highway,EAGLEHAWK,BENDIGO,-36.73179,144.25752,2021,5,May,9,Morning Peak,Weekday
T20210010459,2021-05-10,02:58:00,1,Collision with vehicle,1,Monday,150,HEAD ON(OVERTAKING),5,685648,Not at intersection,2,100,Arterial Highway,PRINCES,WELLINGTON,-38.100025,146.96768,2021,5,May,2,Late Night,Weekday
T20210016466,2021-05-10,16:00:00,8,No collision and no object struck,1,Monday,174,OUT OF CONTROL ON CARRIAGEWAY (ON STRAIGHT),1,689323,Not at intersection,3,50,Local Road,NELSON,MOORABOOL,-37.657814,144.43718,2021,5,May,16,Afternoon Peak,Weekday