ACCIDENT_NO,ACCIDENT_DATE,ACCIDENT_TIME,ACCIDENT_TYPE,ACCIDENT_TYPE_DESC,DAY_OF_WEEK,DAY_WEEK_DESC,DCA_CODE,DCA_DESC,LIGHT_CONDITION,NODE_ID,ROAD_GEOMETRY_DESC,SEVERITY,SPEED_ZONE,RMA,ROAD_NAME,LGA_NAME,LATITUDE,LONGITUDE,YEAR,MONTH,MONTH_NAME,HOUR,TIME_PERIOD,DAY_TYPE
T20210010466,2021-05-10,09:33:00,4,Collision with a fixed object,1,Monday,181,OFF RIGHT BEND INTO OBJECT/PARKED VEHICLE,1,684165,Not at intersection,3,70,Arterial Other,LYSTERFIELD,YARRA RANGES,-37.915985,145.29976,2021,5,May,9,Morning Peak,Weekday
T20210015619,2021-05-10,11:10:00,1,Collision with vehicle,1,Monday,132,RIGHT REAR.,1,49284,Cross intersection,3,60,Arterial Other,MAIR,BALLARAT,-37.560482,143.86423,2021,5,May,11,Midday,Weekday
T20210010740,2021-05-10,13:15:00,1,Collision with vehicle,1,Monday,130,REAR END(VEHICLES IN SAME LANE),1,683325,Not at intersection,3,50,Local Road,LYGON,MORELAND,-37.769802,144.972,2021,5,May,13,Midday,Weekday
T20210010513,2021-05-10,17:55:00,4,Collision with a fixed object,1,Monday,175,OFF END OF ROAD/T-INTERSECTION.,5,331229,T intersection,2,100,Local Road,SCHUMAKERS,BENDIGO,-36.71799,144.20413,2021,5,May,17,Afternoon Peak,Weekday
T20210010508,2021-05-10,17:35:00,2,Struck Pedestrian,1,Monday,102,FAR SIDE. PED HIT BY VEHICLE FROM THE LEFT,1,730199,Cross intersection,2,40,Local Road,ABINGER,YARRA,-37.82023,145.0006,2021,5,May,17,Afternoon Peak,Weekday
T20210010559,2021-05-10,15:45:00,1,Collision with vehicle,1,Monday,132,RIGHT REAR.,1,45343,Cross intersection,3,60,Local Road,FLOWER,MOONEE VALLEY,-37.753475,144.9145,2021,5,May,15,Afternoon Peak,Weekday
T20210010875,2021-05-10,13:15:00,1,Collision with vehicle,1,Monday,160,VEHICLE COLLIDES WITH VEHICLE PARKED ON LEFT OF ROAD,1,683409,Not at intersection,2,40,Local Road,BRUNSWICK,YARRA,-37.807877,144.97685,2021,5,May,13,Midday,Weekday
T20210011143,2021-05-10,19:45:00,1,Collision with vehicle,1,Monday,113,RIGHT NEAR (INTERSECTIONS ONLY),6,683803,T intersection,3,50,Local Road,THAXTED,KNOX,-37.84829,145.23386,2021,5,May,19,Night,Weekday
T20210010514,2021-05-10,18:02:00,1,Collision with vehicle,1,Monday,121,RIGHT THROUGH,3,292723,T intersection,3,60,Local Road,MORRIS,WYNDHAM,-37.858295,144.70493,2021,5,May,18,Afternoon Peak,Weekday
T20210010505,2021-05-10,17:12:00,1,Collision with vehicle,1,Monday,121,RIGHT THROUGH,2,35526,T intersection,3,60,Arterial Other,MIDDLEBOROUGH,WHITEHORSE,-37.833313,145.1358,2021,5,May,17,Afternoon Peak,Weekday
T20210010763,2021-05-10,15:40:00,1,Collision with vehicle,1,Monday,121,RIGHT THROUGH,1,685222,Not at intersection,3,60,Arterial Other,HUNTINGDALE,MONASH,-37.85714,145.11372,2021,5,May,15,Afternoon Peak,Weekday
T20210010857,2021-05-10,15:40:00,1,Collision with vehicle,1,Monday,130,REAR END(VEHICLES IN SAME LANE),1,687393,Not at intersection,3,60,Local Road,FINDON,WHITTLESEA,-37.644302,145.06079,2021,5,May,15,Afternoon Peak,Weekday
T20210010495,2021-05-10,15:30:00,1,Collision with vehicle,1,Monday,120,HEAD ON (NOT OVERTAKING),1,683192,Not at intersection,3,100,Local Road,HICKS,BENDIGO,-36.807777,144.72382,2021,5,May,15,Afternoon Peak,Weekday
T20210010570,2021-05-10,22:54:00,1,Collision with vehicle,1,Monday,148,VEHICLE OFF FOOTPATH STRIKES VEH ON CARRIAGEWAY,3,683321,Cross intersection,3,40,Local Road,FLINDERS,MELBOURNE,-37.82112,144.955,2021,5,May,22,Night,Weekday
T20210012165,2021-05-10,22:50:00,6,Vehicle overturned (no collision),1,Monday,174,OUT OF CONTROL ON CARRIAGEWAY (ON STRAIGHT),3,684465,Not at intersection,3,70,Arterial Highway,DANDENONG,GLEN EIRA,-37.863567,145.021,2021,5,May,22,Night,Weekday
T20210010536,2021-05-10,08:20:00,1,Collision with vehicle,1,Monday,130,REAR END(VEHICLES IN SAME LANE),1,683553,Not at intersection,3,60,Local Road,LAKE,CAMPASPE,-36.31527,145.04556,2021,5,May,8,Morning Peak,Weekday
T20210010502,2021-05-10,16:50:00,4,Collision with a fixed object,1,Monday,171,LEFT OFF CARRIAGEWAY INTO OBJECT/PARKED VEHICLE,1,702281,T intersection,3,50,Local Road,TARCOOLA,CASEY,-38.003155,145.30814,2021,5,May,16,Afternoon Peak,Weekday
T20210012226,2021-05-10,15:05:00,2,Struck Pedestrian,1,Monday,107,PED ON FOOTHPATH STRUCK BY VEHENTERING/LEAVING DRIVEWAY.,1,785010,Not at intersection,3,50,Local Road,GEORGE,SWAN HILL,-34.585094,142.77457,2021,5,May,15,Afternoon Peak,Weekday
T20210010778,2021-05-10,12:42:00,1,Collision with vehicle,1,Monday,121,RIGHT THROUGH,1,345308,T intersection,3,60,Arterial Other,TOORONGA,BOROONDARA,-37.84707,145.0447,2021,5,May,12,Midday,Weekday
T20210010540,2021-05-10,12:00:00,4,Collision with a fixed object,1,Monday,171,LEFT OFF CARRIAGEWAY INTO OBJECT/PARKED VEHICLE,1,687476,Not at intersection,3,100,Local Road,SHORELINE,WELLINGTON,-38.30957,147.27435,2021,5,May,12,Midday,Weekday
T20210010622,2021-05-11,20:00:00,1,Collision with vehicle,2,Tuesday,130,REAR END(VEHICLES IN SAME LANE),3,701636,Not at intersection,3,60,Arterial Other,HEATHERTON,DANDENONG,-37.963444,145.16058,2021,5,May,20,Night,Weekday
T20210010621,2021-05-11,21:30:00,1,Collision with vehicle,2,Tuesday,130,REAR END(VEHICLES IN SAME LANE),5,688651,Not at intersection,3,100,Freeway,WESTERN RING,HUME,-37.692116,144.95096,2021,5,May,21,Night,Weekday
T20210015345,2021-05-11,08:45:00,1,Collision with vehicle,2,Tuesday,130,REAR END(VEHICLES IN SAME LANE),1,687717,Not at intersection,3,80,Arterial Other,HIGH STREET,KNOX,-37.87681,145.22188,2021,5,May,8,Morning Peak,Weekday
T20210011653,2021-05-11,12:45:00,4,Collision with a fixed object,2,Tuesday,181,OFF RIGHT BEND INTO OBJECT/PARKED VEHICLE,1,684464,Not at intersection,3,60,Arterial Highway,GREAT OCEAN,SURF COAST,-38.48193,144.03223,2021,5,May,12,Midday,Weekday
T20210010605,2021-05-11,20:13:00,1,Collision with vehicle,2,Tuesday,130,REAR END(VEHICLES IN SAME LANE),3,683716,Not at intersection,2,60,Arterial Other,KINGS,BRIMBANK,-37.710636,144.77794,2021,5,May,20,Night,Weekday
T20210010607,2021-05-11,18:25:00,1,Collision with vehicle,2,Tuesday,121,RIGHT THROUGH,3,347662,T intersection,3,60,Arterial Other,PAKENHAM,CARDINIA,-37.93559,145.49165,2021,5,May,18,Afternoon Peak,Weekday
T20210012209,2021-05-11,06:45:00,1,Collision with vehicle,2,Tuesday,130,REAR END(VEHICLES IN SAME LANE),3,684500,Not at intersection,3,80,Arterial Highway,NEPEAN,BAYSIDE,-37.901154,145.00658,2021,5,May,6,Morning Peak,Weekday
T20210010606,2021-05-11,17:40:00,1,Collision with vehicle,2,Tuesday,130,REAR END(VEHICLES IN SAME LANE),3,690239,Not at intersection,3,80,Freeway,BURNLEY,MELBOURNE,-37.826374,144.9662,2021,5,May,17,Afternoon Peak,Weekday
T20210015445,2021-05-11,08:30:00,1,Collision with vehicle,2,Tuesday,130,REAR END(VEHICLES IN SAME LANE),1,688112,Not at intersection,3,70,Arterial Other,POUND,CASEY,-38.035965,145.28664,2021,5,May,8,Morning Peak,Weekday
T20210010614,2021-05-11,21:44:00,1,Collision with vehicle,2,Tuesday,130,REAR END(VEHICLES IN SAME LANE),3,687210,T intersection,2,70,Arterial Other,SOMERTON,HUME,-37.639862,144.92368,2021,5,May,21,Night,Weekday
T20210010616,2021-05-11,14:40:00,1,Collision with vehicle,2,Tuesday,154,PULLING OUT -REAR END,1,684264,T intersection,3,40,Arterial Other,NICHOLSON,MORELAND,-37.777157,144.97858,2021,5,May,14,Midday,Weekday
T20210010617,2021-05-11,06:34:00,1,Collision with vehicle,2,Tuesday,110,CROSS TRAFFIC(INTERSECTIONS ONLY),2,1180,Cross intersection,2,60,Arterial Other,KOO WEE RUP ROAD -RACECOURSE,CARDINIA,-38.083866,145.49199,2021,5,May,6,Morning Peak,Weekday
T20210010548,2021-05-11,07:00:00,1,Collision with vehicle,2,Tuesday,113,RIGHT NEAR (INTERSECTIONS ONLY),1,59077,T intersection,3,100,Local Road,ARDMONA,SHEPPARTON,-36.378532,145.29553,2021,5,May,7,Morning Peak,Weekday
T20210010552,2021-05-11,10:20:00,1,Collision with vehicle,2,Tuesday,134,LANE CHANGE RIGHT (NOT OVERTAKING),1,684170,T intersection,2,70,Arterial Highway,DONCASTER EAST,WHITEHORSE,-37.81603,145.19649,2021,5,May,10,Midday,Weekday
T20210010741,2021-05-11,11:20:00,2,Struck Pedestrian,2,Tuesday,101,PED EMERGES FROM IN FRONT OF PARKED OR STATIONARY VEHICLE,1,683151,Not at intersection,3,40,Local Road,HUNTINGTOWER,STONNINGTON,-37.85226,145.02464,2021,5,May,11,Midday,Weekday
T20210010887,2021-05-11,11:25:00,6,Vehicle overturned (no collision),2,Tuesday,170,OFF CARRIAGEWAY TO LEFT,1,37083,Cross intersection,3,50,Local Road,ELIZABETH,YARRA,-37.811047,144.99217,2021,5,May,11,Midday,Weekday
T20210010558,2021-05-11,09:20:00,1,Collision with vehicle,2,Tuesday,130,REAR END(VEHICLES IN SAME LANE),1,683022,Cross intersection,3,80,Arterial Highway,DANDENONG VALLEY,KNOX,-37.869125,145.23503,2021,5,May,9,Morning Peak,Weekday
T20210012125,2021-05-11,15:48:00,1,Collision with vehicle,2,Tuesday,121,RIGHT THROUGH,1,278590,Cross intersection,3,60,Local Road,DOHERTYS,WYNDHAM,-37.82404,144.7375,2021,5,May,15,Afternoon Peak,Weekday
T20210010591,2021-05-11,17:08:00,1,Collision with vehicle,2,Tuesday,121,RIGHT THROUGH,1,39775,T intersection,2,60,Arterial Other,MT DANDENONG,MAROONDAH,-37.799232,145.28642,2021,5,May,17,Afternoon Peak,Weekday
T20210010594,2021-05-11,17:58:00,1,Collision with vehicle,2,Tuesday,130,REAR END(VEHICLES IN SAME LANE),2,683153,Not at intersection,3,60,Local Road,KOOYONG,STONNINGTON,-37.851444,145.0213,2021,5,May,17,Afternoon Peak,Weekday
T20210010817,2021-05-11,06:30:00,4,Collision with a fixed object,2,Tuesday,173,RIGHT OFF CARRIAGEWAY INTO OBJECT/PARKED VEHICLE,1,686190,Not at intersection,3,60,Arterial Other,EPSOM,MOONEE VALLEY,-37.786034,144.91994,2021,5,May,6,Morning Peak,Weekday
T20210010544,2021-05-11,08:40:00,1,Collision with vehicle,2,Tuesday,114,TWO RIGHT TURNING (INTERSECTIONS ONLY),1,52981,T intersection,3,60,Local Road,HUMFFRAY,BALLARAT,-37.580193,143.84966,2021,5,May,8,Morning Peak,Weekday
T20210010549,2021-05-11,06:15:00,4,Collision with a fixed object,2,Tuesday,171,LEFT OFF CARRIAGEWAY INTO OBJECT/PARKED VEHICLE,5,683416,Not at intersection,1,100,Arterial Highway,SOUTH GIPPSLAND,CARDINIA,-38.214554,145.49236,2021,5,May,6,Morning Peak,Weekday
T20210010561,2021-05-11,08:44:00,1,Collision with vehicle,2,Tuesday,130,REAR END(VEHICLES IN SAME LANE),1,683405,Not at intersection,2,100,Freeway,WESTERN,MELTON,-37.699722,144.61777,2021,5,May,8,Morning Peak,Weekday
T20210010596,2021-05-11,17:58:00,1,Collision with vehicle,2,Tuesday,121,RIGHT THROUGH,2,683116,Not at intersection,2,60,Arterial Other,WAVERLEY,STONNINGTON,-37.879932,145.0718,2021,5,May,17,Afternoon Peak,Weekday
T20210010567,2021-05-11,07:50:00,2,Struck Pedestrian,2,Tuesday,100,PED NEAR SIDE. PED HIT BY VEHICLE FROM THE RIGHT.,1,689695,Not at intersection,3,50,Arterial Other,PEEL,MELBOURNE,-37.80131,144.95671,2021,5,May,7,Morning Peak,Weekday
T20210013837,2021-05-11,10:55:00,1,Collision with vehicle,2,Tuesday,147,VEHICLE STRIKES ANOTHER VEH WHILE EMERGING FROM DRIVEWAY,1,686491,Not at intersection,3,60,Local Road,CHELTENHAM,DANDENONG,-37.992615,145.19072,2021,5,May,10,Midday,Weekday
T20210010600,2021-05-11,17:40:00,2,Struck Pedestrian,2,Tuesday,102,FAR SIDE. PED HIT BY VEHICLE FROM THE LEFT,3,730201,Not at intersection,2,60,Local Road,OAK,KINGSTON,-37.97384,145.06459,2021,5,May,17,Afternoon Peak,Weekday
T20210010681,2021-05-11,22:30:00,1,Collision with vehicle,2,Tuesday,110,CROSS TRAFFIC(INTERSECTIONS ONLY),3,51338,Cross intersection,3,60,Arterial Highway,CURLEWIS,SWAN HILL,-35.334713,143.55981,2021,5,May,22,Night,Weekday
T20210010675,2021-05-11,18:00:00,2,Struck Pedestrian,2,Tuesday,100,PED NEAR SIDE. PED HIT BY VEHICLE FROM THE RIGHT.,6,690154,Not at intersection,2,60,Arterial Other,CENTRE,GLEN EIRA,-37.921932,145.06512,2021,5,May,18,Afternoon Peak,Weekday
T20210010532,2021-05-11,06:11:00,1,Collision with vehicle,2,Tuesday,131,LEFT REAR,2,354964,Cross intersection,3,80,Arterial Highway,FERNTREE GULLY,KNOX,-37.899258,145.23302,2021,5,May,6,Morning Peak,Weekday
T20210010534,2021-05-11,06:55:00,2,Struck Pedestrian,2,Tuesday,100,PED NEAR SIDE. PED HIT BY VEHICLE FROM THE RIGHT.,3,36966,Cross intersection,3,40,Local Road,EXHIBITION,MELBOURNE,-37.810127,144.96965,2021,5,May,6,Morning Peak,Weekday
T20210012759,2021-05-11,10:00:00,1,Collision with vehicle,2,Tuesday,132,RIGHT REAR.,1,66266,T intersection,3,60,Local Road,CULWELL,WHITEHORSE,-37.823032,145.21335,2021,5,May,10,Midday,Weekday
T20210010669,2021-05-11,13:55:00,1,Collision with vehicle,2,Tuesday,120,HEAD ON (NOT OVERTAKING),1,683198,Not at intersection,3,60,Arterial Highway,PRINCES,EAST GIPPSLAND,-37.88119,147.96397,2021,5,May,13,Midday,Weekday
T20210010630,2021-05-11,16:45:00,6,Vehicle overturned (no collision),2,Tuesday,172,OFF CARRIAGEWAY TO RIGHT,1,693988,Not at intersection,3,100,Arterial Highway,MIDLAND,CAMPASPE,-36.45886,144.80858,2021,5,May,16,Afternoon Peak,Weekday
T20210018983,2021-05-11,08:11:00,1,Collision with vehicle,2,Tuesday,131,LEFT REAR,1,692582,Not at intersection,3,60,Arterial Other,SYDNEY,HUME,-37.667046,144.95477,2021,5,May,8,Morning Peak,Weekday
T20210010578,2021-05-11,14:00:00,1,Collision with vehicle,2,Tuesday,132,RIGHT REAR.,1,694472,Not at intersection,2,40,Freeway,MORNINGTON PENINSULA,KINGSTON,-38.02604,145.13318,2021,5,May,14,Midday,Weekday
T20210010601,2021-05-11,19:26:00,1,Collision with vehicle,2,Tuesday,121,RIGHT THROUGH,3,322131,Cross intersection,3,80,Arterial Highway,WARRIGAL,KINGSTON,-37.9388,145.07965,2021,5,May,19,Night,Weekday
T20210010854,2021-05-11,06:30:00,1,Collision with vehicle,2,Tuesday,135,LANE CHANGE LEFT (NOT OVERTAKING),2,319399,Multiple intersection,2,100,Freeway,2900F 5447B,WYNDHAM,-37.82036,144.80975,2021,5,May,6,Morning Peak,Weekday
T20210013996,2021-05-11,03:30:00,1,Collision with vehicle,2,Tuesday,131,LEFT REAR,3,688482,Not at intersection,3,60,Freeway,PRINCES IN-FORSYTH,WYNDHAM,-37.873055,144.73656,2021,5,May,3,Late Night,Weekday
T20210010602,2021-05-11,19:45:00,1,Collision with vehicle,2,Tuesday,111,RIGHT FAR (INTERSECTIONS ONLY),3,683554,T intersection,2,80,Arterial Highway,FRANKSTON-DANDENONG,FRANKSTON,-38.113903,145.1557,2021,5,May,19,Night,Weekday
T20210011584,2021-05-11,17:35:00,1,Collision with vehicle,2,Tuesday,130,REAR END(VEHICLES IN SAME LANE),1,686192,Not at intersection,3,60,Freeway,GEELONG RING OUT-HAMILTON,GEELONG,-38.14125,144.29636,2021,5,May,17,Afternoon Peak,Weekday
T20210010586,2021-05-11,16:20:00,1,Collision with vehicle,2,Tuesday,121,RIGHT THROUGH,1,29538,T intersection,2,60,Arterial Other,BURWOOD,BOROONDARA,-37.822254,145.03232,2021,5,May,16,Afternoon Peak,Weekday
T20210010653,2021-05-11,19:55:00,1,Collision with vehicle,2,Tuesday,120,HEAD ON (NOT OVERTAKING),9,54327,T intersection,3,50,Local Road,ROCHESTER,BOROONDARA,-37.81984,145.0821,2021,5,May,19,Night,Weekday
T20210010554,2021-05-11,10:35:00,2,Struck Pedestrian,2,Tuesday,100,PED NEAR SIDE. PED HIT BY VEHICLE FROM THE RIGHT.,1,730200,T intersection,2,80,Arterial Highway,CHELTENHAM,DANDENONG,-37.99371,145.1695,2021,5,May,10,Midday,Weekday
T20210010542,2021-05-11,07:30:00,4,Collision with a fixed object,2,Tuesday,181,OFF RIGHT BEND INTO OBJECT/PARKED VEHICLE,1,683152,Not at intersection,3,100,Arterial Other,CHILTERN-HOWLONG,INDIGO,-36.01102,146.61935,2021,5,May,7,Morning Peak,Weekday
T20210013021,2021-05-11,19:15:00,1,Collision with vehicle,2,Tuesday,110,CROSS TRAFFIC(INTERSECTIONS ONLY),3,52911,Cross intersection,3,50,Arterial Other,EYRE STREET -GRANT,BALLARAT,-37.56608,143.8555,2021,5,May,19,Night,Weekday
T20210010853,2021-05-12,07:05:00,1,Collision with vehicle,3,Wednesday,130,REAR END(VEHICLES IN SAME LANE),1,35522,Cross intersection,3,60,Arterial Highway,WARRIGAL,BOROONDARA,-37.86579,145.09279,2021,5,May,7,Morning Peak,Weekday
T20210010739,2021-05-12,12:30:00,7,Fall from or in moving vehicle,3,Wednesday,190,FELL IN/FROM VEHICLE,1,683148,Not at intersection,3,50,Local Road,ELYSEE,WHITTLESEA,-37.630375,145.06702,2021,5,May,12,Midday,Weekday
T20210010733,2021-05-12,19:39:00,1,Collision with vehicle,3,Wednesday,130,REAR END(VEHICLES IN SAME LANE),3,686855,Multiple intersection,3,100,Freeway,PENINSULA LINK,MORNINGTON PENINSULA,-38.270313,145.0759,2021,5,May,19,Night,Weekday
T20210011605,2021-05-12,08:25:00,1,Collision with vehicle,3,Wednesday,111,RIGHT FAR (INTERSECTIONS ONLY),1,49146,T intersection,3,60,Local Road,CALDER PARK,MELTON,-37.690624,144.75703,2021,5,May,8,Morning Peak,Weekday
T20210010661,2021-05-12,12:51:00,1,Collision with vehicle,3,Wednesday,140,U TURN,1,45805,T intersection,2,60,Arterial Other,JELLS,MONASH,-37.911594,145.18819,2021,5,May,12,Midday,Weekday
T20210010660,2021-05-12,12:20:00,1,Collision with vehicle,3,Wednesday,136,RIGHT TURN SIDESWIPE,1,687207,T intersection,2,60,Arterial Highway,GREENSBOROUGH ROAD -LOWER PLENTY,BANYULE,-37.734875,145.07884,2021,5,May,12,Midday,Weekday
T20210010659,2021-05-12,09:50:00,1,Collision with vehicle,3,Wednesday,121,RIGHT THROUGH,1,683718,T intersection,3,40,Local Road,LEAKES,MELTON,-37.716503,144.65518,2021,5,May,9,Morning Peak,Weekday
T20210010658,2021-05-12,11:00:00,1,Collision with vehicle,3,Wednesday,116,LEFT NEAR (INTERSECTIONS ONLY),1,683322,Multiple intersection,3,60,Local Road,POATH,GLEN EIRA,-37.898384,145.07603,2021,5,May,11,Midday,Weekday
T20210011100,2021-05-12,08:15:00,1,Collision with vehicle,3,Wednesday,130,REAR END(VEHICLES IN SAME LANE),1,683501,Not at intersection,3,100,Freeway,SOUTH GIPPSLAND,CASEY,-38.000748,145.25244,2021,5,May,8,Morning Peak,Weekday
T20210012069,2021-05-12,18:15:00,1,Collision with vehicle,3,Wednesday,140,U TURN,3,684348,Not at intersection,3,40,Local Road,LEICESTER,MELBOURNE,-37.806194,144.95996,2021,5,May,18,Afternoon Peak,Weekday
T20210010655,2021-05-12,08:35:00,6,Vehicle overturned (no collision),3,Wednesday,180,OFF CARRIAGEWAY ON RIGHT BEND,1,683027,Not at intersection,3,50,Local Road,BERESFORD,WHITEHORSE,-37.822727,145.1006,2021,5,May,8,Morning Peak,Weekday
T20210010648,2021-05-12,10:30:00,1,Collision with vehicle,3,Wednesday,147,VEHICLE STRIKES ANOTHER VEH WHILE EMERGING FROM DRIVEWAY,1,683026,Not at intersection,3,50,Local Road,MAHONEYS,WHITEHORSE,-37.835518,145.16632,2021,5,May,10,Midday,Weekday
T20210010646,2021-05-12,08:25:00,1,Collision with vehicle,3,Wednesday,110,CROSS TRAFFIC(INTERSECTIONS ONLY),1,57055,Cross intersection,2,50,Local Road,DUFF,CASEY,-38.103027,145.26263,2021,5,May,8,Morning Peak,Weekday
T20210010643,2021-05-12,10:01:00,6,Vehicle overturned (no collision),3,Wednesday,184,OUT OF CONTROL ON CARRIAGEWAY (ON BEND),1,683118,Multiple intersection,2,70,Arterial Highway,COLAC,GEELONG,-38.20394,144.30217,2021,5,May,10,Midday,Weekday
T20210010640,2021-05-12,08:45:00,1,Collision with vehicle,3,Wednesday,130,REAR END(VEHICLES IN SAME LANE),1,683717,Not at intersection,3,100,Arterial Highway,PRINCES,MOYNE,-38.34922,142.27176,2021,5,May,8,Morning Peak,Weekday
T20210010634,2021-05-12,07:30:00,1,Collision with vehicle,3,Wednesday,139,OTHER SAME DIRECTION-MANOUEVRES NOT INCLUDED IN DCAs 130-137,1,730203,T intersection,3,60,Arterial Highway,MCKAY,MORELAND,-37.741085,144.9641,2021,5,May,7,Morning Peak,Weekday
T20210010629,2021-05-12,05:48:00,1,Collision with vehicle,3,Wednesday,160,VEHICLE COLLIDES WITH VEHICLE PARKED ON LEFT OF ROAD,3,683024,Not at intersection,3,50,Local Road,GLOUCESTER,GEELONG,-38.2013,144.32462,2021,5,May,5,Morning Peak,Weekday
T20210010626,2021-05-12,00:09:00,3,Struck animal,3,Wednesday,167,STRUCK ANIMAL,5,691760,Not at intersection,2,100,Arterial Highway,MIDLAND,MANSFIELD,-36.928085,146.00119,2021,5,May,0,Late Night,Weekday
T20210010624,2021-05-12,00:30:00,4,Collision with a fixed object,3,Wednesday,171,LEFT OFF CARRIAGEWAY INTO OBJECT/PARKED VEHICLE,5,685394,Not at intersection,2,80,Arterial Other,CRAIGIEBURN,WHITTLESEA,-37.60309,144.97606,2021,5,May,0,Late Night,Weekday
T20210012127,2021-05-12,17:31:00,1,Collision with vehicle,3,Wednesday,121,RIGHT THROUGH,2,39492,T intersection,3,80,Arterial Other,SPRINGVALE,MANNINGHAM,-37.798283,145.17871,2021,5,May,17,Afternoon Peak,Weekday
T20210010700,2021-05-12,17:43:00,1,Collision with vehicle,3,Wednesday,130,REAR END(VEHICLES IN SAME LANE),3,684569,Not at intersection,3,80,Arterial Highway,NEPEAN,MORNINGTON PENINSULA,-38.25945,145.03525,2021,5,May,17,Afternoon Peak,Weekday
T20210010679,2021-05-12,16:00:00,1,Collision with vehicle,3,Wednesday,130,REAR END(VEHICLES IN SAME LANE),1,683556,Not at intersection,2,80,Freeway,CALDER,BRIMBANK,-37.7157,144.8362,2021,5,May,16,Afternoon Peak,Weekday
T20210010677,2021-05-12,12:40:00,5,collision with some other object,3,Wednesday,165,TEMPORARY ROADWORKS,1,686208,Not at intersection,2,80,Freeway,PRINCES,CARDINIA,-38.076775,145.41766,2021,5,May,12,Midday,Weekday
T20210010672,2021-05-12,08:30:00,1,Collision with vehicle,3,Wednesday,148,VEHICLE OFF FOOTPATH STRIKES VEH ON CARRIAGEWAY,1,683653,Not at intersection,2,50,Local Road,SASSES,KNOX,-37.856834,145.25647,2021,5,May,8,Morning Peak,Weekday
T20210010684,2021-05-12,16:45:00,2,Struck Pedestrian,3,Wednesday,100,PED NEAR SIDE. PED HIT BY VEHICLE FROM THE RIGHT.,1,68517,T intersection,3,50,Arterial Other,WAVERLEY,MONASH,-37.885674,145.13605,2021,5,May,16,Afternoon Peak,Weekday
T20210011433,2021-05-12,14:20:00,1,Collision with vehicle,3,Wednesday,163,VEHICLE STRIKES DOOR OF PARKED/STATIONARY VEHICLE,1,730226,Not at intersection,3,40,Arterial Other,SWAN,YARRA,-37.825516,144.9964,2021,5,May,14,Midday,Weekday
T20210010686,2021-05-12,17:30:00,1,Collision with vehicle,3,Wednesday,130,REAR END(VEHICLES IN SAME LANE),2,685708,Not at intersection,3,60,Arterial Other,FRANKSTON-FLINDERS,MORNINGTON PENINSULA,-38.22467,145.17647,2021,5,May,17,Afternoon Peak,Weekday
T20210010692,2021-05-12,16:40:00,1,Collision with vehicle,3,Wednesday,110,CROSS TRAFFIC(INTERSECTIONS ONLY),1,50265,Cross intersection,2,80,Arterial Other,QUEENSCLIFF,GEELONG,-38.224762,144.63536,2021,5,May,16,Afternoon Peak,Weekday
T20210014982,2021-05-12,13:33:00,1,Collision with vehicle,3,Wednesday,113,RIGHT NEAR (INTERSECTIONS ONLY),1,39632,T intersection,3,60,Arterial Other,WANTIRNA,MAROONDAH,-37.82192,145.22731,2021,5,May,13,Midday,Weekday
T20210010694,2021-05-12,17:09:00,1,Collision with vehicle,3,Wednesday,133,LANE SIDE SWIPE (VEHICLES IN PARALLEL LANES),1,683149,Not at intersection,3,80,Freeway,CITYLINK,MOONEE VALLEY,-37.734005,144.90898,2021,5,May,17,Afternoon Peak,Weekday
T20210010696,2021-05-12,16:42:00,1,Collision with vehicle,3,Wednesday,130,REAR END(VEHICLES IN SAME LANE),1,684016,Not at intersection,3,60,Arterial Other,CRAIGIEBURN,HUME,-37.59818,144.9342,2021,5,May,16,Afternoon Peak,Weekday
T20210010698,2021-05-12,15:00:00,1,Collision with vehicle,3,Wednesday,130,REAR END(VEHICLES IN SAME LANE),1,685712,Not at intersection,3,80,Arterial Highway,NEPEAN,KINGSTON,-37.955803,145.05075,2021,5,May,15,Afternoon Peak,Weekday
T20210010703,2021-05-12,14:30:00,1,Collision with vehicle,3,Wednesday,130,REAR END(VEHICLES IN SAME LANE),1,730204,Not at intersection,3,80,Arterial Other,PRINCES,CARDINIA,-38.05697,145.39226,2021,5,May,14,Midday,Weekday
T20210010704,2021-05-12,14:08:00,1,Collision with vehicle,3,Wednesday,130,REAR END(VEHICLES IN SAME LANE),1,227658,Not at intersection,3,80,Freeway,METROPOLITAN RING,HUME,-37.691902,144.9586,2021,5,May,14,Midday,Weekday
T20210010705,2021-05-12,17:45:00,1,Collision with vehicle,3,Wednesday,121,RIGHT THROUGH,3,42185,T intersection,2,60,Arterial Other,BAY,BAYSIDE,-37.95587,145.0389,2021,5,May,17,Afternoon Peak,Weekday
T20210010706,2021-05-12,15:56:00,1,Collision with vehicle,3,Wednesday,110,CROSS TRAFFIC(INTERSECTIONS ONLY),1,683029,Cross intersection,2,50,Local Road,CRESTMONT,HUME,-37.573208,144.93317,2021,5,May,15,Afternoon Peak,Weekday
T20210010708,2021-05-12,14:03:00,2,Struck Pedestrian,3,Wednesday,106,VEH STRIKES PED ON FOOTPATH/MEDIAN/TRAFFIC ISLAND.,1,683719,T intersection,3,30,Local Road,SWANSTON,MELBOURNE,-37.812626,144.96523,2021,5,May,14,Midday,Weekday
T20210010710,2021-05-12,20:00:00,1,Collision with vehicle,3,Wednesday,130,REAR END(VEHICLES IN SAME LANE),5,683121,T intersection,3,60,Arterial Other,EPPING,WHITTLESEA,-37.625732,145.02834,2021,5,May,20,Night,Weekday
T20210010714,2021-05-12,19:08:00,1,Collision with vehicle,3,Wednesday,116,LEFT NEAR (INTERSECTIONS ONLY),3,683199,T intersection,3,60,Arterial Highway,PRINCES,LATROBE,-38.19285,146.54854,2021,5,May,19,Night,Weekday