ACCIDENT_NO,ACCIDENT_DATE,ACCIDENT_TIME,ACCIDENT_TYPE,ACCIDENT_TYPE_DESC,DAY_OF_WEEK,DAY_WEEK_DESC,DCA_CODE,DCA_DESC,LIGHT_CONDITION,NODE_ID,ROAD_GEOMETRY_DESC,SEVERITY,SPEED_ZONE,RMA,ROAD_NAME,LGA_NAME,LATITUDE,LONGITUDE,YEAR,MONTH,MONTH_NAME,HOUR,TIME_PERIOD,DAY_TYPE
T20210010797,2021-05-12,18:20:00,1,Collision with vehicle,3,Wednesday,110,CROSS TRAFFIC(INTERSECTIONS ONLY),6,36129,Cross intersection,3,50,Arterial Other,HEIDELBERG-KINGLAKE,NILLUMBIK,-37.6375,145.1944,2021,5,May,18,Afternoon Peak,Weekday
T20210010803,2021-05-12,08:25:00,1,Collision with vehicle,3,Wednesday,147,VEHICLE STRIKES ANOTHER VEH WHILE EMERGING FROM DRIVEWAY,1,686218,Not at intersection,3,60,Local Road,TARNEIT,WYNDHAM,-37.853508,144.66827,2021,5,May,8,Morning Peak,Weekday
T20210012447,2021-05-12,15:00:00,1,Collision with vehicle,3,Wednesday,140,U TURN,9,37233,T intersection,3,60,Local Road,HOGANS,WYNDHAM,-37.86356,144.69116,2021,5,May,15,Afternoon Peak,Weekday
T20210010721,2021-05-12,16:55:00,1,Collision with vehicle,3,Wednesday,130,REAR END(VEHICLES IN SAME LANE),1,687691,Not at intersection,1,100,Arterial Highway,GLENELG,PYRENEES,-37.699936,143.18292,2021,5,May,16,Afternoon Peak,Weekday
T20210011077,2021-05-12,10:30:00,1,Collision with vehicle,3,Wednesday,110,CROSS TRAFFIC(INTERSECTIONS ONLY),1,304214,Cross intersection,3,70,Freeway,WARRIGAL,MONASH,-37.883427,145.09009,2021,5,May,10,Midday,Weekday
T20210022852,2021-05-12,15:30:00,1,Collision with vehicle,3,Wednesday,130,REAR END(VEHICLES IN SAME LANE),1,626,Cross intersection,3,70,Arterial Highway,SPRINGVALE,MONASH,-37.874386,145.16681,2021,5,May,15,Afternoon Peak,Weekday
T20210011186,2021-05-12,07:00:00,4,Collision with a fixed object,3,Wednesday,181,OFF RIGHT BEND INTO OBJECT/PARKED VEHICLE,5,781000,Not at intersection,3,100,Arterial Other,MOE-RAWSON,BAW BAW,-37.9566,146.38406,2021,5,May,7,Morning Peak,Weekday
T20210010759,2021-05-13,13:05:00,2,Struck Pedestrian,4,Thursday,102,FAR SIDE. PED HIT BY VEHICLE FROM THE LEFT,1,687330,T intersection,2,40,Local Road,MARKET,STONNINGTON,-37.846657,144.993,2021,5,May,13,Midday,Weekday
T20210014721,2021-05-13,23:10:00,4,Collision with a fixed object,4,Thursday,171,LEFT OFF CARRIAGEWAY INTO OBJECT/PARKED VEHICLE,5,312100,T intersection,3,80,Local Road,BROWNS,MORNINGTON PENINSULA,-38.394875,144.83075,2021,5,May,23,Night,Weekday
T20210010792,2021-05-13,16:00:00,1,Collision with vehicle,4,Thursday,121,RIGHT THROUGH,1,330885,Multiple intersection,3,80,Freeway,EASTLINK OUT-WELLINGTON,KNOX,-37.92559,145.21379,2021,5,May,16,Afternoon Peak,Weekday
T20210010898,2021-05-13,09:50:00,4,Collision with a fixed object,4,Thursday,141,U TURN INTO FIXED OBJECT/PARKED VEHICLE,1,687940,Not at intersection,3,50,Local Road,NORVAL,HUME,-37.657562,144.92967,2021,5,May,9,Morning Peak,Weekday
T20210010723,2021-05-13,00:55:00,1,Collision with vehicle,4,Thursday,120,HEAD ON (NOT OVERTAKING),3,696203,Not at intersection,2,100,Arterial Highway,DANDENONG-HASTINGS,DANDENONG,-38.04561,145.24554,2021,5,May,0,Late Night,Weekday
T20210010790,2021-05-13,15:45:00,1,Collision with vehicle,4,Thursday,135,LANE CHANGE LEFT (NOT OVERTAKING),1,685649,Not at intersection,3,80,Arterial Highway,MURRAY VALLEY,MOIRA,-36.022278,145.97346,2021,5,May,15,Afternoon Peak,Weekday
T20210010789,2021-05-13,15:50:00,1,Collision with vehicle,4,Thursday,147,VEHICLE STRIKES ANOTHER VEH WHILE EMERGING FROM DRIVEWAY,1,683442,Not at intersection,2,50,Local Road,MAIN,CARDINIA,-38.075947,145.48,2021,5,May,15,Afternoon Peak,Weekday
T20210012602,2021-05-13,18:14:00,1,Collision with vehicle,4,Thursday,121,RIGHT THROUGH,3,685632,Not at intersection,3,70,Arterial Other,BALLARAT,BRIMBANK,-37.771008,144.789,2021,5,May,18,Afternoon Peak,Weekday
T20210010880,2021-05-13,18:32:00,1,Collision with vehicle,4,Thursday,110,CROSS TRAFFIC(INTERSECTIONS ONLY),3,674589,Cross intersection,2,80,Arterial Highway,SOUTH GIPPSLAND,CASEY,-38.103565,145.2821,2021,5,May,18,Afternoon Peak,Weekday
T20210010787,2021-05-13,14:00:00,1,Collision with vehicle,4,Thursday,121,RIGHT THROUGH,1,676980,Multiple intersection,2,80,Freeway,BURWOOD,KNOX,-37.861446,145.2125,2021,5,May,14,Midday,Weekday
T20210010874,2021-05-13,17:30:00,1,Collision with vehicle,4,Thursday,130,REAR END(VEHICLES IN SAME LANE),2,730213,Not at intersection,3,60,Local Road,DOWLING,BALLARAT,-37.534157,143.84134,2021,5,May,17,Afternoon Peak,Weekday
T20210010815,2021-05-13,21:11:00,2,Struck Pedestrian,4,Thursday,100,PED NEAR SIDE. PED HIT BY VEHICLE FROM THE RIGHT.,3,684570,Not at intersection,3,60,Arterial Other,MILLERS,HOBSONS BAY,-37.83366,144.84784,2021,5,May,21,Night,Weekday
T20210010784,2021-05-13,14:00:00,1,Collision with vehicle,4,Thursday,110,CROSS TRAFFIC(INTERSECTIONS ONLY),1,125021,Cross intersection,2,60,Arterial Other,DAVEY-HASTINGS,FRANKSTON,-38.1532,145.13277,2021,5,May,14,Midday,Weekday
T20210010782,2021-05-13,13:15:00,1,Collision with vehicle,4,Thursday,147,VEHICLE STRIKES ANOTHER VEH WHILE EMERGING FROM DRIVEWAY,1,683124,T intersection,3,80,Arterial Other,MICKLEHAM,HUME,-37.664104,144.88469,2021,5,May,13,Midday,Weekday
T20210010864,2021-05-13,07:55:00,1,Collision with vehicle,4,Thursday,130,REAR END(VEHICLES IN SAME LANE),1,687208,Not at intersection,3,60,Local Road,BARWON,GEELONG,-38.16424,144.35515,2021,5,May,7,Morning Peak,Weekday
T20210010753,2021-05-13,11:30:00,1,Collision with vehicle,4,Thursday,121,RIGHT THROUGH,1,77442,Cross intersection,2,80,Arterial Highway,FITZGERALD,CASEY,-38.008686,145.2786,2021,5,May,11,Midday,Weekday
T20210010756,2021-05-13,10:00:00,4,Collision with a fixed object,4,Thursday,173,RIGHT OFF CARRIAGEWAY INTO OBJECT/PARKED VEHICLE,1,685221,Not at intersection,3,100,Arterial Other,GRAMPIANS,SOUTHERN GRAMPIANS,-37.605278,142.35507,2021,5,May,10,Midday,Weekday
T20210011317,2021-05-13,11:55:00,1,Collision with vehicle,4,Thursday,110,CROSS TRAFFIC(INTERSECTIONS ONLY),1,59862,Cross intersection,3,60,Local Road,HOPE,BENDIGO,-36.79384,144.23784,2021,5,May,11,Midday,Weekday
T20210010764,2021-05-13,09:53:00,4,Collision with a fixed object,4,Thursday,173,RIGHT OFF CARRIAGEWAY INTO OBJECT/PARKED VEHICLE,1,690831,Not at intersection,3,80,Arterial Other,CRAIGIEBURN,WHITTLESEA,-37.608437,145.03055,2021,5,May,9,Morning Peak,Weekday
T20210010766,2021-05-13,12:38:00,1,Collision with vehicle,4,Thursday,110,CROSS TRAFFIC(INTERSECTIONS ONLY),1,64139,Cross intersection,2,60,Local Road,BELLARA,YARRA RANGES,-37.773407,145.3104,2021,5,May,12,Midday,Weekday
T20210013583,2021-05-13,09:40:00,1,Collision with vehicle,4,Thursday,130,REAR END(VEHICLES IN SAME LANE),1,686150,T intersection,3,80,Arterial Other,PASCOE VALE,HUME,-37.651802,144.93062,2021,5,May,9,Morning Peak,Weekday
T20210010776,2021-05-13,11:30:00,4,Collision with a fixed object,4,Thursday,181,OFF RIGHT BEND INTO OBJECT/PARKED VEHICLE,1,685189,Not at intersection,2,100,Arterial Other,HEATHCOTE-NAGAMBIE,BENDIGO,-36.931347,144.76479,2021,5,May,11,Midday,Weekday
T20210010748,2021-05-13,07:30:00,1,Collision with vehicle,4,Thursday,148,VEHICLE OFF FOOTPATH STRIKES VEH ON CARRIAGEWAY,1,730205,T intersection,3,50,Local Road,INGLES,MELBOURNE,-37.82482,144.93604,2021,5,May,7,Morning Peak,Weekday
T20210013742,2021-05-13,10:10:00,4,Collision with a fixed object,4,Thursday,171,LEFT OFF CARRIAGEWAY INTO OBJECT/PARKED VEHICLE,1,781001,Not at intersection,3,100,Arterial Highway,SOUTH GIPPSLAND,CARDINIA,-38.235832,145.51555,2021,5,May,10,Midday,Weekday
T20210010770,2021-05-13,12:34:00,4,Collision with a fixed object,4,Thursday,181,OFF RIGHT BEND INTO OBJECT/PARKED VEHICLE,1,762084,Not at intersection,2,100,Arterial Other,GEELONG-BALLAN,GEELONG,-37.83244,144.22745,2021,5,May,12,Midday,Weekday
T20210010727,2021-05-13,06:35:00,1,Collision with vehicle,4,Thursday,121,RIGHT THROUGH,2,683123,T intersection,3,60,Arterial Other,FOREST,MACEDON RANGES,-37.353622,144.52002,2021,5,May,6,Morning Peak,Weekday
T20210011150,2021-05-13,17:00:00,1,Collision with vehicle,4,Thursday,132,RIGHT REAR.,9,686113,Cross intersection,3,80,Arterial Highway,PRINCES,CASEY,-38.026043,145.30663,2021,5,May,17,Afternoon Peak,Weekday
T20210010830,2021-05-13,21:48:00,2,Struck Pedestrian,4,Thursday,102,FAR SIDE. PED HIT BY VEHICLE FROM THE LEFT,3,683326,Cross intersection,2,60,Arterial Highway,DANDENONG,STONNINGTON,-37.883896,145.05815,2021,5,May,21,Night,Weekday
T20210010829,2021-05-13,20:45:00,4,Collision with a fixed object,4,Thursday,183,OFF LEFT BEND INTO OBJECT/PARKED VEHICLE,5,683332,Not at intersection,1,80,Arterial Other,MOUNT MACEDON,MACEDON RANGES,-37.420208,144.58186,2021,5,May,20,Night,Weekday
T20210010827,2021-05-13,03:11:00,4,Collision with a fixed object,4,Thursday,171,LEFT OFF CARRIAGEWAY INTO OBJECT/PARKED VEHICLE,3,730210,Not at intersection,2,60,Arterial Other,BALLARAT,MARIBYRNONG,-37.78825,144.88223,2021,5,May,3,Late Night,Weekday
T20210011241,2021-05-13,17:16:00,2,Struck Pedestrian,4,Thursday,102,FAR SIDE. PED HIT BY VEHICLE FROM THE LEFT,2,683637,Cross intersection,3,40,Arterial Other,BARKERS,BOROONDARA,-37.81314,145.02357,2021,5,May,17,Afternoon Peak,Weekday
T20210012431,2021-05-13,17:45:00,1,Collision with vehicle,4,Thursday,121,RIGHT THROUGH,3,330945,T intersection,3,70,Arterial Other,FERNTREE GULLY,MONASH,-37.89801,145.1148,2021,5,May,17,Afternoon Peak,Weekday
T20210010809,2021-05-13,19:10:00,4,Collision with a fixed object,4,Thursday,171,LEFT OFF CARRIAGEWAY INTO OBJECT/PARKED VEHICLE,5,684846,Not at intersection,2,100,Local Road,AXEDALE-GOORNONG,BENDIGO,-36.73622,144.51192,2021,5,May,19,Night,Weekday
T20210010808,2021-05-13,19:17:00,4,Collision with a fixed object,4,Thursday,183,OFF LEFT BEND INTO OBJECT/PARKED VEHICLE,3,683496,Not at intersection,3,80,Freeway,KINGS-CALDER OUT,BRIMBANK,-37.68735,144.78534,2021,5,May,19,Night,Weekday
T20210010807,2021-05-13,17:04:00,1,Collision with vehicle,4,Thursday,130,REAR END(VEHICLES IN SAME LANE),2,688597,Not at intersection,3,100,Freeway,PRINCES,HOBSONS BAY,-37.858894,144.77768,2021,5,May,17,Afternoon Peak,Weekday
T20210010826,2021-05-13,23:45:00,1,Collision with vehicle,4,Thursday,121,RIGHT THROUGH,3,44940,T intersection,3,60,Arterial Other,MAIN,BRIMBANK,-37.744576,144.80278,2021,5,May,23,Night,Weekday
T20210012525,2021-05-13,09:50:00,2,Struck Pedestrian,4,Thursday,102,FAR SIDE. PED HIT BY VEHICLE FROM THE LEFT,1,68353,T intersection,3,40,Local Road,CLAREMONT,WYNDHAM,-37.88155,144.68494,2021,5,May,9,Morning Peak,Weekday
T20210010802,2021-05-13,18:45:00,2,Struck Pedestrian,4,Thursday,107,PED ON FOOTHPATH STRUCK BY VEHENTERING/LEAVING DRIVEWAY.,3,39433,T intersection,3,70,Arterial Other,DONCASTER,MANNINGHAM,-37.788685,145.15805,2021,5,May,18,Afternoon Peak,Weekday
T20210010801,2021-05-13,15:25:00,4,Collision with a fixed object,4,Thursday,171,LEFT OFF CARRIAGEWAY INTO OBJECT/PARKED VEHICLE,1,683146,Not at intersection,3,80,Arterial Highway,DANDENONG VALLEY,KNOX,-37.93881,145.23114,2021,5,May,15,Afternoon Peak,Weekday
T20210010822,2021-05-13,19:40:00,4,Collision with a fixed object,4,Thursday,171,LEFT OFF CARRIAGEWAY INTO OBJECT/PARKED VEHICLE,3,699543,Not at intersection,2,40,Arterial Highway,LONSDALE,DANDENONG,-37.98999,145.21466,2021,5,May,19,Night,Weekday
T20210010746,2021-05-13,09:15:00,4,Collision with a fixed object,4,Thursday,173,RIGHT OFF CARRIAGEWAY INTO OBJECT/PARKED VEHICLE,1,45263,T intersection,3,100,Freeway,PRINCES,CARDINIA,-38.068233,145.59036,2021,5,May,9,Morning Peak,Weekday
T20210010821,2021-05-13,20:25:00,1,Collision with vehicle,4,Thursday,111,RIGHT FAR (INTERSECTIONS ONLY),3,42028,Cross intersection,3,40,Arterial Other,HAMPTON,BAYSIDE,-37.93951,145.00214,2021,5,May,20,Night,Weekday
T20210010820,2021-05-13,00:41:00,1,Collision with vehicle,4,Thursday,130,REAR END(VEHICLES IN SAME LANE),5,769176,Not at intersection,3,50,Local Road,MARTIN,BANYULE,-37.750217,145.0607,2021,5,May,0,Late Night,Weekday
T20210010818,2021-05-13,19:24:00,2,Struck Pedestrian,4,Thursday,101,PED EMERGES FROM IN FRONT OF PARKED OR STATIONARY VEHICLE,3,128552,Not at intersection,2,60,Arterial Other,BURKE,BOROONDARA,-37.818092,145.05922,2021,5,May,19,Night,Weekday
T20210010737,2021-05-13,08:40:00,1,Collision with vehicle,4,Thursday,113,RIGHT NEAR (INTERSECTIONS ONLY),1,45059,T intersection,2,60,Arterial Other,MCINTYRE,BRIMBANK,-37.771603,144.82973,2021,5,May,8,Morning Peak,Weekday
T20210011109,2021-05-13,19:00:00,6,Vehicle overturned (no collision),4,Thursday,174,OUT OF CONTROL ON CARRIAGEWAY (ON STRAIGHT),3,1344,T intersection,3,60,Arterial Other,MT ALEXANDER,MOONEE VALLEY,-37.781174,144.93254,2021,5,May,19,Night,Weekday
T20210010795,2021-05-13,16:24:00,2,Struck Pedestrian,4,Thursday,101,PED EMERGES FROM IN FRONT OF PARKED OR STATIONARY VEHICLE,1,683203,Not at intersection,3,60,Arterial Other,BURKE,STONNINGTON,-37.854042,145.05232,2021,5,May,16,Afternoon Peak,Weekday
T20210011957,2021-05-13,19:15:00,1,Collision with vehicle,4,Thursday,120,HEAD ON (NOT OVERTAKING),5,686597,Not at intersection,3,60,Arterial Other,HALLAM NORTH,CASEY,-37.97804,145.27878,2021,5,May,19,Night,Weekday
T20210010794,2021-05-13,13:40:00,4,Collision with a fixed object,4,Thursday,171,LEFT OFF CARRIAGEWAY INTO OBJECT/PARKED VEHICLE,9,690206,Not at intersection,3,100,Local Road,YUNDOOL,MOIRA,-36.20375,145.83183,2021,5,May,13,Midday,Weekday
T20210010749,2021-05-13,07:41:00,1,Collision with vehicle,4,Thursday,134,LANE CHANGE RIGHT (NOT OVERTAKING),1,683408,Not at intersection,3,80,Freeway,METROPOLITAN RING,WHITTLESEA,-37.686207,145.00777,2021,5,May,7,Morning Peak,Weekday
T20210010750,2021-05-13,11:45:00,1,Collision with vehicle,4,Thursday,142,LEAVING PARKING,1,683258,Not at intersection,3,50,Local Road,ALEXANDRA,PORT PHILLIP,-37.86118,145.00372,2021,5,May,11,Midday,Weekday
T20210012639,2021-05-13,13:05:00,1,Collision with vehicle,4,Thursday,130,REAR END(VEHICLES IN SAME LANE),1,685123,Not at intersection,3,100,Freeway,WESTERN,MELTON,-37.7423,144.69217,2021,5,May,13,Midday,Weekday
T20210012676,2021-05-13,14:18:00,1,Collision with vehicle,4,Thursday,113,RIGHT NEAR (INTERSECTIONS ONLY),1,685230,T intersection,3,30,Local Road,EXCELSIOR,FRANKSTON,-38.113995,145.15567,2021,5,May,14,Midday,Weekday
T20210010883,2021-05-14,15:20:00,1,Collision with vehicle,5,Friday,110,CROSS TRAFFIC(INTERSECTIONS ONLY),1,48814,Cross intersection,2,50,Local Road,MCCLELLAND,GEELONG,-38.022747,144.41203,2021,5,May,15,Afternoon Peak,Weekday
T20210010881,2021-05-14,14:00:00,1,Collision with vehicle,5,Friday,121,RIGHT THROUGH,1,42850,T intersection,3,80,Arterial Other,BOUNDARY,KINGSTON,-37.9909,145.1072,2021,5,May,14,Midday,Weekday
T20210010878,2021-05-14,14:10:00,1,Collision with vehicle,5,Friday,130,REAR END(VEHICLES IN SAME LANE),1,684823,Not at intersection,3,100,Arterial Other,LOCKWOOD,BENDIGO,-36.809853,144.20125,2021,5,May,14,Midday,Weekday
T20210010876,2021-05-14,15:01:00,1,Collision with vehicle,5,Friday,110,CROSS TRAFFIC(INTERSECTIONS ONLY),1,52975,Cross intersection,3,40,Local Road,LEITH,BALLARAT,-37.57884,143.83797,2021,5,May,15,Afternoon Peak,Weekday
T20210010870,2021-05-14,12:26:00,4,Collision with a fixed object,5,Friday,173,RIGHT OFF CARRIAGEWAY INTO OBJECT/PARKED VEHICLE,1,690677,T intersection,2,80,Arterial Other,SWANSEA,YARRA RANGES,-37.772766,145.363,2021,5,May,12,Midday,Weekday
T20210010866,2021-05-14,12:10:00,4,Collision with a fixed object,5,Friday,183,OFF LEFT BEND INTO OBJECT/PARKED VEHICLE,1,686795,Not at intersection,2,100,Local Road,BENA-KONGWAK,BASS COAST,-38.50963,145.69824,2021,5,May,12,Midday,Weekday
T20210010863,2021-05-14,12:55:00,1,Collision with vehicle,5,Friday,130,REAR END(VEHICLES IN SAME LANE),1,684822,Not at intersection,3,60,Arterial Other,HOWITT,BALLARAT,-37.54057,143.83366,2021,5,May,12,Midday,Weekday
T20210010862,2021-05-14,07:55:00,4,Collision with a fixed object,5,Friday,173,RIGHT OFF CARRIAGEWAY INTO OBJECT/PARKED VEHICLE,1,686485,Not at intersection,3,100,Arterial Highway,HENTY,GLENELG,-37.898483,141.78067,2021,5,May,7,Morning Peak,Weekday
T20210010859,2021-05-14,07:26:00,1,Collision with vehicle,5,Friday,113,RIGHT NEAR (INTERSECTIONS ONLY),1,49029,T intersection,3,80,Local Road,BOUNDARY,MORNINGTON PENINSULA,-38.345345,144.98714,2021,5,May,7,Morning Peak,Weekday
T20210010855,2021-05-14,10:10:00,1,Collision with vehicle,5,Friday,110,CROSS TRAFFIC(INTERSECTIONS ONLY),1,59057,Cross intersection,3,50,Local Road,KNIGHT,SHEPPARTON,-36.37424,145.40219,2021,5,May,10,Midday,Weekday
T20210010851,2021-05-14,09:00:00,4,Collision with a fixed object,5,Friday,173,RIGHT OFF CARRIAGEWAY INTO OBJECT/PARKED VEHICLE,1,22422,Cross intersection,2,100,Arterial Other,BLUE RIBBON,YARRIAMBIACK,-36.437496,142.22562,2021,5,May,9,Morning Peak,Weekday
T20210010850,2021-05-14,09:05:00,1,Collision with vehicle,5,Friday,147,VEHICLE STRIKES ANOTHER VEH WHILE EMERGING FROM DRIVEWAY,1,683557,Not at intersection,3,50,Local Road,RAMSET,YARRA RANGES,-37.769764,145.30038,2021,5,May,9,Morning Peak,Weekday
T20210010844,2021-05-14,07:53:00,1,Collision with vehicle,5,Friday,121,RIGHT THROUGH,1,37803,Cross intersection,2,60,Arterial Other,NICHOLSON,MORELAND,-37.751534,144.97655,2021,5,May,7,Morning Peak,Weekday
T20210010841,2021-05-14,06:25:00,1,Collision with vehicle,5,Friday,119,OTHER ADJACENT (INTERSECTIONS ONLY),5,359958,T intersection,2,50,Local Road,BEACH,SURF COAST,-38.32705,144.32654,2021,5,May,6,Morning Peak,Weekday
T20210011070,2021-05-14,18:31:00,1,Collision with vehicle,5,Friday,132,RIGHT REAR.,3,43978,T intersection,2,80,Arterial Highway,NEPEAN,MORNINGTON PENINSULA,-38.260834,145.0354,2021,5,May,18,Afternoon Peak,Weekday
T20210012046,2021-05-14,17:30:00,1,Collision with vehicle,5,Friday,140,U TURN,1,781002,Not at intersection,3,50,Arterial Other,CHURCH,YARRA,-37.825287,144.998,2021,5,May,17,Afternoon Peak,Weekday
T20210012762,2021-05-14,10:00:00,2,Struck Pedestrian,5,Friday,100,PED NEAR SIDE. PED HIT BY VEHICLE FROM THE RIGHT.,1,39292,Cross intersection,3,50,Local Road,NELSON,WHITEHORSE,-37.813137,145.12012,2021,5,May,10,Midday,Weekday
T20210010925,2021-05-14,18:15:00,1,Collision with vehicle,5,Friday,121,RIGHT THROUGH,3,38102,T intersection,2,60,Arterial Other,DAREBIN,DAREBIN,-37.766567,145.03061,2021,5,May,18,Afternoon Peak,Weekday
T20210010924,2021-05-14,18:05:00,1,Collision with vehicle,5,Friday,132,RIGHT REAR.,3,39207,T intersection,2,60,Arterial Other,DONCASTER,BOROONDARA,-37.790985,145.0963,2021,5,May,18,Afternoon Peak,Weekday
T20210010921,2021-05-14,16:52:00,1,Collision with vehicle,5,Friday,135,LANE CHANGE LEFT (NOT OVERTAKING),1,740068,Not at intersection,2,100,Freeway,MONASH,STONNINGTON,-37.872063,145.06537,2021,5,May,16,Afternoon Peak,Weekday
T20210010908,2021-05-14,15:16:00,1,Collision with vehicle,5,Friday,110,CROSS TRAFFIC(INTERSECTIONS ONLY),1,45835,Cross intersection,2,50,Arterial Other,VICTORIA,MELBOURNE,-37.807133,144.96735,2021,5,May,15,Afternoon Peak,Weekday
T20210010916,2021-05-14,17:50:00,1,Collision with vehicle,5,Friday,111,RIGHT FAR (INTERSECTIONS ONLY),3,39304,T intersection,3,60,Arterial Other,TRAM,MANNINGHAM,-37.791443,145.1256,2021,5,May,17,Afternoon Peak,Weekday
T20210010960,2021-05-14,17:30:00,4,Collision with a fixed object,5,Friday,179,OTHER ACCIDENTS-OFF STRAIGHT NOT INCLUDED IN DCAs 170-175,3,685124,Not at intersection,2,40,Local Road,LEIGH,CASEY,-37.98232,145.2418,2021,5,May,17,Afternoon Peak,Weekday
T20210011092,2021-05-14,15:05:00,1,Collision with vehicle,5,Friday,135,LANE CHANGE LEFT (NOT OVERTAKING),1,690539,Not at intersection,3,80,Arterial Other,WESTERN,MELTON,-37.763065,144.7561,2021,5,May,15,Afternoon Peak,Weekday
T20210011735,2021-05-14,17:45:00,1,Collision with vehicle,5,Friday,130,REAR END(VEHICLES IN SAME LANE),3,684654,Not at intersection,3,100,Freeway,EASTERN,MANNINGHAM,-37.79958,145.147,2021,5,May,17,Afternoon Peak,Weekday
T20210011928,2021-05-14,19:00:00,1,Collision with vehicle,5,Friday,116,LEFT NEAR (INTERSECTIONS ONLY),3,45570,T intersection,2,60,Arterial Other,MORELAND,MORELAND,-37.75377,144.94992,2021,5,May,19,Night,Weekday
T20210011087,2021-05-14,11:00:00,6,Vehicle overturned (no collision),5,Friday,174,OUT OF CONTROL ON CARRIAGEWAY (ON STRAIGHT),1,683500,Not at intersection,3,100,Local Road,TANNERY,PYRENEES,-37.643574,143.64021,2021,5,May,11,Midday,Weekday
T20210010904,2021-05-14,17:20:00,1,Collision with vehicle,5,Friday,137,LEFT TURN SIDESWIPE,3,683360,Not at intersection,2,40,Local Road,LA TROBE,MELBOURNE,-37.810516,144.96068,2021,5,May,17,Afternoon Peak,Weekday
T20210010920,2021-05-14,16:15:00,6,Vehicle overturned (no collision),5,Friday,174,OUT OF CONTROL ON CARRIAGEWAY (ON STRAIGHT),1,37792,T intersection,2,60,Arterial Other,MALVERN,STONNINGTON,-37.850163,145.01889,2021,5,May,16,Afternoon Peak,Weekday
T20210010897,2021-05-14,17:45:00,1,Collision with vehicle,5,Friday,113,RIGHT NEAR (INTERSECTIONS ONLY),5,22724,T intersection,3,80,Arterial Other,BALLARAT-CARNGHAM,BALLARAT,-37.566666,143.78282,2021,5,May,17,Afternoon Peak,Weekday
T20210012650,2021-05-14,19:00:00,4,Collision with a fixed object,5,Friday,171,LEFT OFF CARRIAGEWAY INTO OBJECT/PARKED VEHICLE,3,775924,Not at intersection,3,80,Arterial Other,CRANBOURNE-FRANKSTON,FRANKSTON,-38.156242,145.17256,2021,5,May,19,Night,Weekday
T20210013272,2021-05-14,15:15:00,1,Collision with vehicle,5,Friday,160,VEHICLE COLLIDES WITH VEHICLE PARKED ON LEFT OF ROAD,1,759727,Not at intersection,2,60,Local Road,CREETH,BENDIGO,-36.74683,144.2589,2021,5,May,15,Afternoon Peak,Weekday
T20210010915,2021-05-14,18:57:00,4,Collision with a fixed object,5,Friday,173,RIGHT OFF CARRIAGEWAY INTO OBJECT/PARKED VEHICLE,5,692784,Not at intersection,2,100,Freeway,PRINCES,CARDINIA,-38.077873,145.73769,2021,5,May,18,Afternoon Peak,Weekday
T20210010911,2021-05-14,18:47:00,4,Collision with a fixed object,5,Friday,181,OFF RIGHT BEND INTO OBJECT/PARKED VEHICLE,3,688598,Not at intersection,2,50,Local Road,MERRETT,HOBSONS BAY,-37.85836,144.8785,2021,5,May,18,Afternoon Peak,Weekday
T20210010894,2021-05-14,13:30:00,4,Collision with a fixed object,5,Friday,181,OFF RIGHT BEND INTO OBJECT/PARKED VEHICLE,1,686679,Not at intersection,2,60,Local Road,DSM,WANGARATTA,-36.950195,146.32523,2021,5,May,13,Midday,Weekday
T20210010965,2021-05-15,14:23:00,1,Collision with vehicle,6,Saturday,130,REAR END(VEHICLES IN SAME LANE),1,294389,T intersection,3,60,Arterial Highway,QUEENS,PORT PHILLIP,-37.850758,144.97826,2021,5,May,14,Midday,Weekend
T20210012134,2021-05-15,17:54:00,1,Collision with vehicle,6,Saturday,130,REAR END(VEHICLES IN SAME LANE),3,684429,Not at intersection,2,80,Arterial Other,CLYDE,CASEY,-38.060577,145.3381,2021,5,May,17,Afternoon Peak,Weekend
T20210010947,2021-05-15,08:00:00,4,Collision with a fixed object,6,Saturday,173,RIGHT OFF CARRIAGEWAY INTO OBJECT/PARKED VEHICLE,1,692808,Not at intersection,3,50,Local Road,CLINGIN,DAREBIN,-37.729115,145.03595,2021,5,May,8,Morning Peak,Weekend
T20210011082,2021-05-15,22:45:00,3,Struck animal,6,Saturday,167,STRUCK ANIMAL,5,683499,Not at intersection,3,100,Arterial Other,HEATHCOTE-ROCHESTER,CAMPASPE,-36.602364,144.76413,2021,5,May,22,Night,Weekend
T20210010988,2021-05-15,17:48:00,1,Collision with vehicle,6,Saturday,160,VEHICLE COLLIDES WITH VEHICLE PARKED ON LEFT OF ROAD,3,692259,Not at intersection,2,50,Local Road,SCOTT,WHITEHORSE,-37.8526,145.0977,2021,5,May,17,Afternoon Peak,Weekend
T20210010998,2021-05-15,06:40:00,1,Collision with vehicle,6,Saturday,130,REAR END(VEHICLES IN SAME LANE),3,69593,T intersection,3,80,Arterial Highway,WELLINGTON,KNOX,-37.92607,145.21751,2021,5,May,6,Morning Peak,Weekend
T20210010969,2021-05-15,14:12:00,1,Collision with vehicle,6,Saturday,123,RIGHT/LEFT. ONE VEH TURNING RIGHT THE OTHER LEFT.,1,349081,Cross intersection,2,60,Arterial Highway,RINGWOOD,MAROONDAH,-37.810715,145.23067,2021,5,May,14,Midday,Weekend
T20210010975,2021-05-15,06:40:00,1,Collision with vehicle,6,Saturday,130,REAR END(VEHICLES IN SAME LANE),2,685715,Not at intersection,2,100,Freeway,EASTLINK,KNOX,-37.90771,145.21582,2021,5,May,6,Morning Peak,Weekend
T20210011849,2021-05-15,07:06:00,1,Collision with vehicle,6,Saturday,130,REAR END(VEHICLES IN SAME LANE),2,684462,Not at intersection,3,60,Arterial Highway,QUEENS,PORT PHILLIP,-37.837116,144.97345,2021,5,May,7,Morning Peak,Weekend
T20210011436,2021-05-15,11:55:00,1,Collision with vehicle,6,Saturday,130,REAR END(VEHICLES IN SAME LANE),1,683870,Not at intersection,3,80,Arterial Highway,RINGWOOD,MAROONDAH,-37.810684,145.2292,2021,5,May,11,Midday,Weekend