ACCIDENT_NO,ACCIDENT_DATE,ACCIDENT_TIME,ACCIDENT_TYPE,ACCIDENT_TYPE_DESC,DAY_OF_WEEK,DAY_WEEK_DESC,DCA_CODE,DCA_DESC,LIGHT_CONDITION,NODE_ID,ROAD_GEOMETRY_DESC,SEVERITY,SPEED_ZONE,RMA,ROAD_NAME,LGA_NAME,LATITUDE,LONGITUDE,YEAR,MONTH,MONTH_NAME,HOUR,TIME_PERIOD,DAY_TYPE
T20210010996,2021-05-15,20:10:00,1,Collision with vehicle,6,Saturday,121,RIGHT THROUGH,3,683412,Not at intersection,2,70,Arterial Other,BALLARAT,BRIMBANK,-37.770973,144.78111,2021,5,May,20,Night,Weekend
T20210010970,2021-05-15,11:45:00,1,Collision with vehicle,6,Saturday,121,RIGHT THROUGH,1,296067,T intersection,3,50,Arterial Highway,BELL,DAREBIN,-37.74575,145.0076,2021,5,May,11,Midday,Weekend
T20210010973,2021-05-15,15:45:00,6,Vehicle overturned (no collision),6,Saturday,174,OUT OF CONTROL ON CARRIAGEWAY (ON STRAIGHT),1,683497,Not at intersection,3,60,Arterial Other,BURKE,BOROONDARA,-37.813694,145.06006,2021,5,May,15,Afternoon Peak,Weekend
T20210010974,2021-05-15,16:30:00,1,Collision with vehicle,6,Saturday,111,RIGHT FAR (INTERSECTIONS ONLY),1,246837,Cross intersection,3,80,Arterial Highway,STURT,MILDURA,-34.215748,142.01749,2021,5,May,16,Afternoon Peak,Weekend
T20210011101,2021-05-15,10:00:00,1,Collision with vehicle,6,Saturday,115,RIGHT/LEFT FAR (INTERSECTIONS ONLY),1,53115,T intersection,3,80,Local Road,COBBLERS,BALLARAT,-37.60983,143.81465,2021,5,May,10,Midday,Weekend
T20210011137,2021-05-15,17:00:00,1,Collision with vehicle,6,Saturday,113,RIGHT NEAR (INTERSECTIONS ONLY),1,683503,T intersection,3,50,Local Road,ALDERFORD,KNOX,-37.864006,145.23682,2021,5,May,17,Afternoon Peak,Weekend
T20210010984,2021-05-15,17:10:00,2,Struck Pedestrian,6,Saturday,102,FAR SIDE. PED HIT BY VEHICLE FROM THE LEFT,2,683846,T intersection,2,50,Local Road,LINDEN TREE,CASEY,-38.085743,145.3206,2021,5,May,17,Afternoon Peak,Weekend
T20210010985,2021-05-15,18:38:00,1,Collision with vehicle,6,Saturday,111,RIGHT FAR (INTERSECTIONS ONLY),2,51686,Cross intersection,2,60,Arterial Other,MACKENZIE,BENDIGO,-36.773613,144.25003,2021,5,May,18,Afternoon Peak,Weekend
T20210010986,2021-05-15,19:19:00,1,Collision with vehicle,6,Saturday,110,CROSS TRAFFIC(INTERSECTIONS ONLY),9,41249,Cross intersection,3,60,Arterial Other,GLEN EIRA,GLEN EIRA,-37.879154,145.01631,2021,5,May,19,Night,Weekend
T20210010987,2021-05-15,15:00:00,2,Struck Pedestrian,6,Saturday,102,FAR SIDE. PED HIT BY VEHICLE FROM THE LEFT,1,683367,Not at intersection,3,60,Arterial Highway,PLENTY VALLEY,DAREBIN,-37.733612,145.02449,2021,5,May,15,Afternoon Peak,Weekend
T20210010957,2021-05-15,02:30:00,4,Collision with a fixed object,6,Saturday,171,LEFT OFF CARRIAGEWAY INTO OBJECT/PARKED VEHICLE,5,683230,Not at intersection,1,60,Arterial Other,HEIDELBERG-KINGLAKE,NILLUMBIK,-37.566154,145.30824,2021,5,May,2,Late Night,Weekend
T20210010994,2021-05-15,17:42:00,6,Vehicle overturned (no collision),6,Saturday,174,OUT OF CONTROL ON CARRIAGEWAY (ON STRAIGHT),3,683411,T intersection,2,50,Local Road,DESCHAMP,KNOX,-37.917645,145.23271,2021,5,May,17,Afternoon Peak,Weekend
T20210010993,2021-05-15,17:10:00,1,Collision with vehicle,6,Saturday,140,U TURN,1,683330,Cross intersection,3,60,Local Road,ST GEORGES,DAREBIN,-37.765896,144.99202,2021,5,May,17,Afternoon Peak,Weekend
T20210010991,2021-05-15,16:10:00,1,Collision with vehicle,6,Saturday,137,LEFT TURN SIDESWIPE,1,684590,Cross intersection,2,60,Arterial Highway,BRIGHTON ROAD SERVICE,PORT PHILLIP,-37.8763,144.9924,2021,5,May,16,Afternoon Peak,Weekend
T20210010954,2021-05-15,12:20:00,1,Collision with vehicle,6,Saturday,160,VEHICLE COLLIDES WITH VEHICLE PARKED ON LEFT OF ROAD,1,683845,Not at intersection,2,50,Local Road,TRAMWAY,BAYSIDE,-37.989742,145.04092,2021,5,May,12,Midday,Weekend
T20210010952,2021-05-15,11:35:00,1,Collision with vehicle,6,Saturday,130,REAR END(VEHICLES IN SAME LANE),1,50127,T intersection,2,80,Arterial Other,PORTARLINGTON,GEELONG,-38.17427,144.4581,2021,5,May,11,Midday,Weekend
T20210010990,2021-05-15,17:09:00,4,Collision with a fixed object,6,Saturday,173,RIGHT OFF CARRIAGEWAY INTO OBJECT/PARKED VEHICLE,2,695319,Not at intersection,2,100,Arterial Other,NEW DOOKIE,SHEPPARTON,-36.364693,145.53842,2021,5,May,17,Afternoon Peak,Weekend
T20210010933,2021-05-15,03:25:00,1,Collision with vehicle,6,Saturday,130,REAR END(VEHICLES IN SAME LANE),3,683262,T intersection,3,60,Arterial Other,VICTORIA,YARRA,-37.80884,144.9837,2021,5,May,3,Late Night,Weekend
T20210010934,2021-05-15,02:20:00,5,collision with some other object,6,Saturday,166,STRUCK OBJECT ON CARRIAGEWAY,3,730214,Not at intersection,2,80,Arterial Highway,MOOROODUC,FRANKSTON,-38.159485,145.13553,2021,5,May,2,Late Night,Weekend
T20210010937,2021-05-15,07:25:00,1,Collision with vehicle,6,Saturday,113,RIGHT NEAR (INTERSECTIONS ONLY),1,323114,Multiple intersection,2,70,Freeway,BALLARAT,BRIMBANK,-37.770313,144.79631,2021,5,May,7,Morning Peak,Weekend
T20210010940,2021-05-15,06:15:00,4,Collision with a fixed object,6,Saturday,181,OFF RIGHT BEND INTO OBJECT/PARKED VEHICLE,3,282565,Not at intersection,2,70,Arterial Highway,QUEENS,STONNINGTON,-37.85644,144.98994,2021,5,May,6,Morning Peak,Weekend
T20210010941,2021-05-15,08:50:00,1,Collision with vehicle,6,Saturday,160,VEHICLE COLLIDES WITH VEHICLE PARKED ON LEFT OF ROAD,1,688400,T intersection,3,50,Local Road,THOMAS HOLMES,MARIBYRNONG,-37.783943,144.89218,2021,5,May,8,Morning Peak,Weekend
T20210010946,2021-05-15,09:35:00,1,Collision with vehicle,6,Saturday,147,VEHICLE STRIKES ANOTHER VEH WHILE EMERGING FROM DRIVEWAY,1,684258,Not at intersection,3,60,Local Road,KOOYONG,GLEN EIRA,-37.891857,145.01387,2021,5,May,9,Morning Peak,Weekend
T20210012751,2021-05-15,10:24:00,1,Collision with vehicle,6,Saturday,130,REAR END(VEHICLES IN SAME LANE),1,685321,Not at intersection,3,60,Arterial Other,ALEXANDRA,STONNINGTON,-37.83432,144.99443,2021,5,May,10,Midday,Weekend
T20210011943,2021-05-16,13:00:00,1,Collision with vehicle,7,Sunday,130,REAR END(VEHICLES IN SAME LANE),1,684301,T intersection,3,60,Arterial Other,HEATHERTON,DANDENONG,-37.966087,145.18236,2021,5,May,13,Midday,Weekend
T20210011009,2021-05-16,02:30:00,4,Collision with a fixed object,7,Sunday,175,OFF END OF ROAD/T-INTERSECTION.,3,20779,T intersection,3,100,Arterial Other,SALE-HEYFIELD,WELLINGTON,-38.083748,146.98814,2021,5,May,2,Late Night,Weekend
T20210012507,2021-05-16,03:30:00,4,Collision with a fixed object,7,Sunday,173,RIGHT OFF CARRIAGEWAY INTO OBJECT/PARKED VEHICLE,6,762057,Not at intersection,2,100,Arterial Other,BRUTHEN-NOWA NOWA,EAST GIPPSLAND,-37.689735,148.03087,2021,5,May,3,Late Night,Weekend
T20210011004,2021-05-16,01:55:00,4,Collision with a fixed object,7,Sunday,173,RIGHT OFF CARRIAGEWAY INTO OBJECT/PARKED VEHICLE,3,36335,Cross intersection,3,60,Arterial Other,CEMETERY,MELBOURNE,-37.79226,144.96838,2021,5,May,1,Late Night,Weekend
T20210011050,2021-05-16,19:33:00,1,Collision with vehicle,7,Sunday,121,RIGHT THROUGH,3,46261,T intersection,3,60,Arterial Other,CHANDLER,DANDENONG,-37.992832,145.18219,2021,5,May,19,Night,Weekend
T20210011013,2021-05-16,02:12:00,1,Collision with vehicle,7,Sunday,110,CROSS TRAFFIC(INTERSECTIONS ONLY),3,687791,Cross intersection,3,60,Local Road,WINDROCK,HUME,-37.57715,144.93034,2021,5,May,2,Late Night,Weekend
T20210011331,2021-05-16,16:15:00,1,Collision with vehicle,7,Sunday,130,REAR END(VEHICLES IN SAME LANE),1,684340,Not at intersection,3,40,Local Road,HIGH,DAREBIN,-37.745335,145.0028,2021,5,May,16,Afternoon Peak,Weekend
T20210018094,2021-05-16,17:40:00,1,Collision with vehicle,7,Sunday,130,REAR END(VEHICLES IN SAME LANE),1,45524,Cross intersection,3,40,Arterial Other,DERRIMUT ROAD -HOPKINS,MELTON,-37.80502,144.69594,2021,5,May,17,Afternoon Peak,Weekend
T20210011043,2021-05-16,16:07:00,4,Collision with a fixed object,7,Sunday,183,OFF LEFT BEND INTO OBJECT/PARKED VEHICLE,1,695469,Not at intersection,3,80,Freeway,MONASH OUT-HEATHERTON,CASEY,-37.97244,145.2386,2021,5,May,16,Afternoon Peak,Weekend
T20210011022,2021-05-16,09:25:00,2,Struck Pedestrian,7,Sunday,100,PED NEAR SIDE. PED HIT BY VEHICLE FROM THE RIGHT.,1,35580,Cross intersection,2,60,Arterial Other,GAFFNEY,MORELAND,-37.732292,144.9458,2021,5,May,9,Morning Peak,Weekend
T20210011032,2021-05-16,13:45:00,5,collision with some other object,7,Sunday,166,STRUCK OBJECT ON CARRIAGEWAY,1,230596,T intersection,2,60,Local Road,MAIN MOUNTAIN,MITCHELL,-37.37988,145.09845,2021,5,May,13,Midday,Weekend
T20210012212,2021-05-16,04:00:00,1,Collision with vehicle,7,Sunday,130,REAR END(VEHICLES IN SAME LANE),6,29886,Multiple intersection,3,60,Freeway,FORSYTH,WYNDHAM,-37.873013,144.73668,2021,5,May,4,Late Night,Weekend
T20210011018,2021-05-16,06:30:00,1,Collision with vehicle,7,Sunday,150,HEAD ON(OVERTAKING),2,82894,Not at intersection,2,60,Arterial Highway,ROSANNA,BANYULE,-37.74566,145.07161,2021,5,May,6,Morning Peak,Weekend
T20210011017,2021-05-16,07:45:00,4,Collision with a fixed object,7,Sunday,171,LEFT OFF CARRIAGEWAY INTO OBJECT/PARKED VEHICLE,1,689974,Not at intersection,2,100,Arterial Highway,WESTERN,HORSHAM,-36.6486,142.14404,2021,5,May,7,Morning Peak,Weekend
T20210012778,2021-05-16,10:57:00,1,Collision with vehicle,7,Sunday,113,RIGHT NEAR (INTERSECTIONS ONLY),1,685323,T intersection,3,40,Local Road,RACECOURSE,DANDENONG,-37.94815,145.1626,2021,5,May,10,Midday,Weekend
T20210011034,2021-05-16,11:50:00,1,Collision with vehicle,7,Sunday,153,CUTTING IN (OVERTAKING),1,692260,Not at intersection,2,100,Arterial Highway,WESTERN,HORSHAM,-36.759373,142.24658,2021,5,May,11,Midday,Weekend
T20210012105,2021-05-16,21:04:00,1,Collision with vehicle,7,Sunday,147,VEHICLE STRIKES ANOTHER VEH WHILE EMERGING FROM DRIVEWAY,6,188276,T intersection,2,70,Arterial Highway,PRINCES,CASEY,-38.001484,145.23485,2021,5,May,21,Night,Weekend
T20210011038,2021-05-16,14:40:00,1,Collision with vehicle,7,Sunday,121,RIGHT THROUGH,1,776874,T intersection,2,50,Local Road,PRECINCT,GEELONG,-38.21426,144.36575,2021,5,May,14,Midday,Weekend
T20210011120,2021-05-16,13:20:00,1,Collision with vehicle,7,Sunday,113,RIGHT NEAR (INTERSECTIONS ONLY),1,683537,T intersection,3,60,Local Road,SALTWATER,WYNDHAM,-37.91067,144.75835,2021,5,May,13,Midday,Weekend
T20210011042,2021-05-16,16:00:00,4,Collision with a fixed object,7,Sunday,181,OFF RIGHT BEND INTO OBJECT/PARKED VEHICLE,1,781004,Not at intersection,3,60,Arterial Highway,PRINCES,EAST GIPPSLAND,-37.880573,147.96669,2021,5,May,16,Afternoon Peak,Weekend
T20210014581,2021-05-16,18:45:00,4,Collision with a fixed object,7,Sunday,183,OFF LEFT BEND INTO OBJECT/PARKED VEHICLE,5,71498,Cross intersection,3,80,Local Road,BACK MAFFRA,WELLINGTON,-38.085926,147.04843,2021,5,May,18,Afternoon Peak,Weekend
T20210011020,2021-05-16,06:45:00,4,Collision with a fixed object,7,Sunday,171,LEFT OFF CARRIAGEWAY INTO OBJECT/PARKED VEHICLE,2,686821,Not at intersection,2,100,Arterial Other,BORUNG,YARRIAMBIACK,-36.29141,142.30423,2021,5,May,6,Morning Peak,Weekend
T20210011027,2021-05-16,10:20:00,1,Collision with vehicle,7,Sunday,121,RIGHT THROUGH,1,725733,T intersection,3,60,Arterial Other,MAIN,NILLUMBIK,-37.732105,145.1405,2021,5,May,10,Midday,Weekend
T20210011182,2021-05-16,18:32:00,1,Collision with vehicle,7,Sunday,130,REAR END(VEHICLES IN SAME LANE),5,683562,Multiple intersection,2,80,Freeway,SOUTH GIPPSLAND-SOUTH GIPPSLAND IN,DANDENONG,-38.03612,145.24582,2021,5,May,18,Afternoon Peak,Weekend
T20210011051,2021-05-16,20:40:00,2,Struck Pedestrian,7,Sunday,102,FAR SIDE. PED HIT BY VEHICLE FROM THE LEFT,3,683802,Not at intersection,2,50,Arterial Other,MT ALEXANDER,MOONEE VALLEY,-37.77687,144.9293,2021,5,May,20,Night,Weekend
T20210011210,2021-05-17,18:13:00,1,Collision with vehicle,1,Monday,121,RIGHT THROUGH,3,683938,T intersection,3,50,Local Road,GRAHAM,LATROBE,-38.1909,146.5242,2021,5,May,18,Afternoon Peak,Weekday
T20210011257,2021-05-17,04:50:00,1,Collision with vehicle,1,Monday,115,RIGHT/LEFT FAR (INTERSECTIONS ONLY),3,336989,T intersection,2,50,Local Road,BANGHOLME,DANDENONG,-38.03802,145.20091,2021,5,May,4,Late Night,Weekday
T20210011063,2021-05-17,06:30:00,6,Vehicle overturned (no collision),1,Monday,174,OUT OF CONTROL ON CARRIAGEWAY (ON STRAIGHT),3,683720,Not at intersection,2,40,Arterial Other,TOORAK,MELBOURNE,-37.83785,144.98276,2021,5,May,6,Morning Peak,Weekday
T20210011060,2021-05-17,05:00:00,4,Collision with a fixed object,1,Monday,183,OFF LEFT BEND INTO OBJECT/PARKED VEHICLE,5,683414,Not at intersection,3,50,Arterial Highway,DUKE,MOUNT ALEXANDER,-37.070335,144.22627,2021,5,May,5,Morning Peak,Weekday
T20210011062,2021-05-17,06:35:00,1,Collision with vehicle,1,Monday,116,LEFT NEAR (INTERSECTIONS ONLY),2,39504,T intersection,2,50,Arterial Highway,WHITEHORSE,WHITEHORSE,-37.818283,145.1795,2021,5,May,6,Morning Peak,Weekday
T20210011099,2021-05-17,16:22:00,2,Struck Pedestrian,1,Monday,102,FAR SIDE. PED HIT BY VEHICLE FROM THE LEFT,1,134464,Multiple intersection,2,80,Arterial Highway,DANDENONG,MONASH,-37.91466,145.12773,2021,5,May,16,Afternoon Peak,Weekday
T20210011066,2021-05-17,08:00:00,1,Collision with vehicle,1,Monday,140,U TURN,1,42566,T intersection,2,60,Arterial Highway,BELL,MORELAND,-37.74002,144.95349,2021,5,May,8,Morning Peak,Weekday
T20210011064,2021-05-17,07:00:00,5,collision with some other object,1,Monday,191,LOAD OR MISSILE STRUCK VEHICLE,1,683415,Not at intersection,3,80,Freeway,WESTERN,MOORABOOL,-37.62245,144.34177,2021,5,May,7,Morning Peak,Weekday
T20210012167,2021-05-17,13:20:00,1,Collision with vehicle,1,Monday,130,REAR END(VEHICLES IN SAME LANE),1,67570,T intersection,3,60,Arterial Other,HIGH,STONNINGTON,-37.85917,145.04948,2021,5,May,13,Midday,Weekday
T20210011347,2021-05-17,07:50:00,1,Collision with vehicle,1,Monday,131,LEFT REAR,1,684914,Multiple intersection,3,60,Arterial Other,BENETOOK,MILDURA,-34.201874,142.172,2021,5,May,7,Morning Peak,Weekday
T20210011098,2021-05-17,09:15:00,1,Collision with vehicle,1,Monday,133,LANE SIDE SWIPE (VEHICLES IN PARALLEL LANES),1,736791,Not at intersection,2,100,Freeway,EASTLINK,KNOX,-37.932026,145.2099,2021,5,May,9,Morning Peak,Weekday
T20210011340,2021-05-17,07:15:00,6,Vehicle overturned (no collision),1,Monday,174,OUT OF CONTROL ON CARRIAGEWAY (ON STRAIGHT),1,134894,T intersection,3,60,Arterial Other,ST KILDA,MELBOURNE,-37.83711,144.97586,2021,5,May,7,Morning Peak,Weekday
T20210011095,2021-05-17,12:35:00,1,Collision with vehicle,1,Monday,140,U TURN,1,687219,Not at intersection,3,60,Arterial Highway,DIMBOOLA,HORSHAM,-36.70835,142.1919,2021,5,May,12,Midday,Weekday
T20210011088,2021-05-17,10:47:00,4,Collision with a fixed object,1,Monday,171,LEFT OFF CARRIAGEWAY INTO OBJECT/PARKED VEHICLE,1,686044,Not at intersection,2,80,Arterial Other,HENDY MAIN,SURF COAST,-38.30645,144.24628,2021,5,May,10,Midday,Weekday
T20210011105,2021-05-17,16:28:00,2,Struck Pedestrian,1,Monday,100,PED NEAR SIDE. PED HIT BY VEHICLE FROM THE RIGHT.,1,684466,Not at intersection,2,40,Local Road,DOUGLAS,DANDENONG,-37.966995,145.17581,2021,5,May,16,Afternoon Peak,Weekday
T20210012741,2021-05-17,21:00:00,1,Collision with vehicle,1,Monday,130,REAR END(VEHICLES IN SAME LANE),3,685232,Not at intersection,3,60,Local Road,NEW,MAROONDAH,-37.81668,145.22049,2021,5,May,21,Night,Weekday
T20210011407,2021-05-17,11:00:00,1,Collision with vehicle,1,Monday,130,REAR END(VEHICLES IN SAME LANE),1,687586,Not at intersection,2,80,Arterial Highway,BURWOOD,WHITEHORSE,-37.853878,145.16002,2021,5,May,11,Midday,Weekday
T20210011068,2021-05-17,07:00:00,1,Collision with vehicle,1,Monday,130,REAR END(VEHICLES IN SAME LANE),2,683721,Not at intersection,3,80,Freeway,METROPOLITAN RING,WHITTLESEA,-37.68629,145.0087,2021,5,May,7,Morning Peak,Weekday
T20210012739,2021-05-17,18:45:00,1,Collision with vehicle,1,Monday,113,RIGHT NEAR (INTERSECTIONS ONLY),3,41711,T intersection,2,60,Arterial Other,CLAYTON,MONASH,-37.905224,145.12346,2021,5,May,18,Afternoon Peak,Weekday
T20210012365,2021-05-17,10:00:00,1,Collision with vehicle,1,Monday,130,REAR END(VEHICLES IN SAME LANE),1,684678,Not at intersection,3,80,Arterial Other,NARRE WARREN,CASEY,-38.07712,145.29706,2021,5,May,10,Midday,Weekday
T20210011110,2021-05-17,15:40:00,1,Collision with vehicle,1,Monday,148,VEHICLE OFF FOOTPATH STRIKES VEH ON CARRIAGEWAY,1,42741,Cross intersection,3,40,Arterial Other,BALCOMBE,BAYSIDE,-37.979824,145.05304,2021,5,May,15,Afternoon Peak,Weekday
T20210011113,2021-05-17,18:05:00,1,Collision with vehicle,1,Monday,132,RIGHT REAR.,3,1113,T intersection,3,50,Arterial Highway,POINT NEPEAN,MORNINGTON PENINSULA,-38.370934,144.83496,2021,5,May,18,Afternoon Peak,Weekday
T20210011117,2021-05-17,17:30:00,1,Collision with vehicle,1,Monday,132,RIGHT REAR.,5,730219,Not at intersection,2,80,Arterial Other,FRANKSTON-FLINDERS,MORNINGTON PENINSULA,-38.248573,145.19128,2021,5,May,17,Afternoon Peak,Weekday
T20210011123,2021-05-17,20:55:00,2,Struck Pedestrian,1,Monday,102,FAR SIDE. PED HIT BY VEHICLE FROM THE LEFT,3,688524,Not at intersection,2,60,Arterial Other,DORSET,KNOX,-37.857254,145.28592,2021,5,May,20,Night,Weekday
T20210011448,2021-05-17,06:15:00,1,Collision with vehicle,1,Monday,132,RIGHT REAR.,2,49605,T intersection,3,60,Local Road,BEACH,GEELONG,-38.007812,144.46228,2021,5,May,6,Morning Peak,Weekday
T20210011163,2021-05-17,16:00:00,1,Collision with vehicle,1,Monday,139,OTHER SAME DIRECTION-MANOUEVRES NOT INCLUDED IN DCAs 130-137,1,234362,Not at intersection,3,60,Arterial Other,HASTINGS,FRANKSTON,-38.15067,145.13039,2021,5,May,16,Afternoon Peak,Weekday
T20210011125,2021-05-17,18:26:00,1,Collision with vehicle,1,Monday,110,CROSS TRAFFIC(INTERSECTIONS ONLY),3,974,Cross intersection,3,60,Local Road,MEMORIAL,CASEY,-37.982174,145.31506,2021,5,May,18,Afternoon Peak,Weekday
T20210011071,2021-05-17,08:30:00,6,Vehicle overturned (no collision),1,Monday,174,OUT OF CONTROL ON CARRIAGEWAY (ON STRAIGHT),1,683535,Not at intersection,2,100,Freeway,FRANKSTON,FRANKSTON,-38.103745,145.14023,2021,5,May,8,Morning Peak,Weekday
T20210011073,2021-05-17,09:18:00,1,Collision with vehicle,1,Monday,121,RIGHT THROUGH,1,684262,Cross intersection,3,80,Arterial Highway,SPRINGVALE,WHITEHORSE,-37.85473,145.16928,2021,5,May,9,Morning Peak,Weekday
T20210011126,2021-05-17,17:40:00,1,Collision with vehicle,1,Monday,135,LANE CHANGE LEFT (NOT OVERTAKING),3,730220,Not at intersection,2,80,Freeway,TULLAMARINE,HUME,-37.69613,144.88657,2021,5,May,17,Afternoon Peak,Weekday
T20210011080,2021-05-17,10:30:00,1,Collision with vehicle,1,Monday,169,OTHER ON PATH,1,684263,Not at intersection,3,50,Local Road,FAIRBAIRN,CASEY,-38.110657,145.27148,2021,5,May,10,Midday,Weekday
T20210011081,2021-05-17,08:10:00,1,Collision with vehicle,1,Monday,160,VEHICLE COLLIDES WITH VEHICLE PARKED ON LEFT OF ROAD,1,684817,Not at intersection,2,60,Arterial Other,ROYAL PARADE SERVICE,MELBOURNE,-37.779953,144.96017,2021,5,May,8,Morning Peak,Weekday
T20210014506,2021-05-17,08:30:00,1,Collision with vehicle,1,Monday,110,CROSS TRAFFIC(INTERSECTIONS ONLY),1,37553,Cross intersection,3,50,Local Road,DANKS,PORT PHILLIP,-37.85203,144.96066,2021,5,May,8,Morning Peak,Weekday
T20210011169,2021-05-17,17:15:00,4,Collision with a fixed object,1,Monday,181,OFF RIGHT BEND INTO OBJECT/PARKED VEHICLE,1,691226,T intersection,2,100,Arterial Highway,MURRAY VALLEY,CAMPASPE,-36.094555,144.67343,2021,5,May,17,Afternoon Peak,Weekday
T20210011058,2021-05-17,01:17:00,1,Collision with vehicle,1,Monday,169,OTHER ON PATH,3,690813,Not at intersection,3,50,Local Road,LYALL,CASEY,-38.0262,145.3501,2021,5,May,1,Late Night,Weekday
T20210011130,2021-05-17,22:55:00,4,Collision with a fixed object,1,Monday,171,LEFT OFF CARRIAGEWAY INTO OBJECT/PARKED VEHICLE,5,694585,Not at intersection,3,80,Arterial Other,LYSTERFIELD,KNOX,-37.90236,145.29555,2021,5,May,22,Night,Weekday
T20210014235,2021-05-17,08:20:00,8,No collision and no object struck,1,Monday,170,OFF CARRIAGEWAY TO LEFT,1,686746,Not at intersection,3,100,Local Road,BUNINYONG-MT MERCER,BALLARAT,-37.687626,143.87367,2021,5,May,8,Morning Peak,Weekday
T20210011083,2021-05-17,10:05:00,1,Collision with vehicle,1,Monday,121,RIGHT THROUGH,1,683722,Not at intersection,2,60,Arterial Other,MCDONALDS,WHITTLESEA,-37.649612,145.07266,2021,5,May,10,Midday,Weekday
T20210011190,2021-05-17,16:04:00,1,Collision with vehicle,1,Monday,130,REAR END(VEHICLES IN SAME LANE),1,730222,Not at intersection,3,80,Arterial Other,CANTERBURY,MAROONDAH,-37.832478,145.23051,2021,5,May,16,Afternoon Peak,Weekday
T20210011234,2021-05-17,07:30:00,6,Vehicle overturned (no collision),1,Monday,184,OUT OF CONTROL ON CARRIAGEWAY (ON BEND),1,41074,T intersection,3,60,Arterial Other,PASCOE VALE,MORELAND,-37.71516,144.91803,2021,5,May,7,Morning Peak,Weekday
T20210011213,2021-05-17,18:50:00,1,Collision with vehicle,1,Monday,121,RIGHT THROUGH,3,72664,T intersection,3,80,Arterial Other,TYERS,LATROBE,-38.188377,146.5044,2021,5,May,18,Afternoon Peak,Weekday
T20210011218,2021-05-18,20:15:00,1,Collision with vehicle,2,Tuesday,113,RIGHT NEAR (INTERSECTIONS ONLY),3,286900,Cross intersection,2,60,Arterial Other,CAMMS,CASEY,-38.100475,145.29233,2021,5,May,20,Night,Weekday
T20210011176,2021-05-18,15:50:00,1,Collision with vehicle,2,Tuesday,116,LEFT NEAR (INTERSECTIONS ONLY),1,70145,T intersection,3,100,Arterial Other,MAFFRA-BRIAGOLONG,WELLINGTON,-37.94251,146.98961,2021,5,May,15,Afternoon Peak,Weekday
T20210011319,2021-05-18,08:15:00,2,Struck Pedestrian,2,Tuesday,100,PED NEAR SIDE. PED HIT BY VEHICLE FROM THE RIGHT.,1,781007,Not at intersection,3,100,Arterial Highway,GREAT ALPINE,ALPINE,-36.611656,146.80122,2021,5,May,8,Morning Peak,Weekday
T20210011139,2021-05-18,08:14:00,1,Collision with vehicle,2,Tuesday,121,RIGHT THROUGH,1,29781,Cross intersection,2,50,Local Road,CRAMER,DAREBIN,-37.74037,145.00365,2021,5,May,8,Morning Peak,Weekday
T20210011136,2021-05-18,06:20:00,1,Collision with vehicle,2,Tuesday,140,U TURN,3,683502,Not at intersection,2,50,Local Road,HARDNER,MONASH,-37.894836,145.12805,2021,5,May,6,Morning Peak,Weekday
T20210011175,2021-05-18,15:55:00,4,Collision with a fixed object,2,Tuesday,171,LEFT OFF CARRIAGEWAY INTO OBJECT/PARKED VEHICLE,1,683505,Not at intersection,2,40,Local Road,EASTERN PARK,GEELONG,-38.15165,144.37914,2021,5,May,15,Afternoon Peak,Weekday
T20210011174,2021-05-18,16:20:00,1,Collision with vehicle,2,Tuesday,132,RIGHT REAR.,1,686298,Not at intersection,3,60,Local Road,ERAMOSA,MORNINGTON PENINSULA,-38.222507,145.16707,2021,5,May,16,Afternoon Peak,Weekday
T20210011173,2021-05-18,16:03:00,1,Collision with vehicle,2,Tuesday,152,PULLING OUT (OVERTAKING),1,40538,T intersection,3,50,Local Road,HIGHFIELD,BOROONDARA,-37.84343,145.08334,2021,5,May,16,Afternoon Peak,Weekday
T20210011207,2021-05-18,21:49:00,1,Collision with vehicle,2,Tuesday,169,OTHER ON PATH,3,684913,Not at intersection,3,50,Local Road,LYNDHURST,HUME,-37.682247,144.8875,2021,5,May,21,Night,Weekday
T20210011250,2021-05-18,18:25:00,1,Collision with vehicle,2,Tuesday,121,RIGHT THROUGH,3,315952,T intersection,2,80,Arterial Other,MELTON,BRIMBANK,-37.693913,144.76093,2021,5,May,18,Afternoon Peak,Weekday
T20210011243,2021-05-18,17:00:00,8,No collision and no object struck,2,Tuesday,184,OUT OF CONTROL ON CARRIAGEWAY (ON BEND),1,684401,Not at intersection,3,40,Local Road,WENDOUREE,BALLARAT,-37.543774,143.82732,2021,5,May,17,Afternoon Peak,Weekday
T20220000485,2021-05-18,12:15:00,1,Collision with vehicle,2,Tuesday,121,RIGHT THROUGH,1,221459,Cross intersection,3,80,Arterial Other,SYDNEY,HUME,-37.689503,144.95824,2021,5,May,12,Midday,Weekday
T20210011159,2021-05-18,13:19:00,2,Struck Pedestrian,2,Tuesday,100,PED NEAR SIDE. PED HIT BY VEHICLE FROM THE RIGHT.,1,684559,T intersection,3,50,Local Road,THE BOULEVARD,BANYULE,-37.77463,145.0489,2021,5,May,13,Midday,Weekday
T20210011154,2021-05-18,06:37:00,1,Collision with vehicle,2,Tuesday,120,HEAD ON (NOT OVERTAKING),5,779822,Not at intersection,3,100,Arterial Other,BAXTER-TOORADIN,CASEY,-38.200264,145.30692,2021,5,May,6,Morning Peak,Weekday
T20210016511,2021-05-18,16:30:00,1,Collision with vehicle,2,Tuesday,132,RIGHT REAR.,1,689676,T intersection,3,80,Arterial Highway,WARBURTON,YARRA RANGES,-37.78801,145.55144,2021,5,May,16,Afternoon Peak,Weekday