ACCIDENT_NO,ACCIDENT_DATE,ACCIDENT_TIME,ACCIDENT_TYPE,ACCIDENT_TYPE_DESC,DAY_OF_WEEK,DAY_WEEK_DESC,DCA_CODE,DCA_DESC,LIGHT_CONDITION,NODE_ID,ROAD_GEOMETRY_DESC,SEVERITY,SPEED_ZONE,RMA,ROAD_NAME,LGA_NAME,LATITUDE,LONGITUDE,YEAR,MONTH,MONTH_NAME,HOUR,TIME_PERIOD,DAY_TYPE
T20210011152,2021-05-18,11:25:00,4,Collision with a fixed object,2,Tuesday,181,OFF RIGHT BEND INTO OBJECT/PARKED VEHICLE,1,225340,T intersection,2,70,Arterial Highway,BURWOOD,YARRA RANGES,-37.892696,145.31589,2021,5,May,11,Midday,Weekday
T20220005690,2021-05-18,15:38:00,1,Collision with vehicle,2,Tuesday,110,CROSS TRAFFIC(INTERSECTIONS ONLY),1,60351,Multiple intersection,3,60,Local Road,ALBERT,ARARAT,-37.28121,142.94249,2021,5,May,15,Afternoon Peak,Weekday
T20210011188,2021-05-18,17:15:00,1,Collision with vehicle,2,Tuesday,130,REAR END(VEHICLES IN SAME LANE),3,730221,Not at intersection,3,80,Arterial Highway,WELLINGTON,MONASH,-37.919613,145.168,2021,5,May,17,Afternoon Peak,Weekday
T20210011202,2021-05-18,18:50:00,1,Collision with vehicle,2,Tuesday,110,CROSS TRAFFIC(INTERSECTIONS ONLY),3,53544,Cross intersection,3,50,Arterial Highway,MAIN,EAST GIPPSLAND,-37.826584,147.62947,2021,5,May,18,Afternoon Peak,Weekday
T20210011201,2021-05-18,17:11:00,1,Collision with vehicle,2,Tuesday,110,CROSS TRAFFIC(INTERSECTIONS ONLY),2,233917,Cross intersection,3,60,Local Road,DAVIS,WYNDHAM,-37.815388,144.65686,2021,5,May,17,Afternoon Peak,Weekday
T20210011200,2021-05-18,22:13:00,1,Collision with vehicle,2,Tuesday,134,LANE CHANGE RIGHT (NOT OVERTAKING),3,684216,Cross intersection,3,60,Arterial Other,ELLIOTT,MELBOURNE,-37.78941,144.94226,2021,5,May,22,Night,Weekday
T20210011684,2021-05-18,07:30:00,1,Collision with vehicle,2,Tuesday,130,REAR END(VEHICLES IN SAME LANE),1,686598,Not at intersection,3,100,Arterial Highway,NORTHERN,MITCHELL,-37.438103,144.97742,2021,5,May,7,Morning Peak,Weekday
T20210011193,2021-05-18,18:10:00,3,Struck animal,2,Tuesday,167,STRUCK ANIMAL,5,730223,Not at intersection,3,100,Arterial Other,HYLAND,WELLINGTON,-38.460304,146.72655,2021,5,May,18,Afternoon Peak,Weekday
T20210011258,2021-05-18,19:20:00,1,Collision with vehicle,2,Tuesday,111,RIGHT FAR (INTERSECTIONS ONLY),9,47520,T intersection,3,60,Local Road,MORRIS,WYNDHAM,-37.86859,144.70317,2021,5,May,19,Night,Weekday
T20210011499,2021-05-18,12:55:00,1,Collision with vehicle,2,Tuesday,131,LEFT REAR,1,50028,Cross intersection,3,60,Arterial Other,WEST FYANS,GEELONG,-38.15823,144.33305,2021,5,May,12,Midday,Weekday
T20210013305,2021-05-18,06:15:00,1,Collision with vehicle,2,Tuesday,130,REAR END(VEHICLES IN SAME LANE),6,691050,Not at intersection,3,100,Freeway,HUME,WHITTLESEA,-37.625023,144.99356,2021,5,May,6,Morning Peak,Weekday
T20210012216,2021-05-18,12:44:00,1,Collision with vehicle,2,Tuesday,110,CROSS TRAFFIC(INTERSECTIONS ONLY),1,60861,Cross intersection,3,60,Local Road,DANA,BALLARAT,-37.563313,143.84999,2021,5,May,12,Midday,Weekday
T20210011361,2021-05-18,16:00:00,1,Collision with vehicle,2,Tuesday,133,LANE SIDE SWIPE (VEHICLES IN PARALLEL LANES),1,691113,Not at intersection,3,60,Arterial Other,GRIEVE,HOBSONS BAY,-37.830734,144.82692,2021,5,May,16,Afternoon Peak,Weekday
T20220000360,2021-05-18,14:50:00,1,Collision with vehicle,2,Tuesday,130,REAR END(VEHICLES IN SAME LANE),1,702779,T intersection,3,60,Arterial Other,GRIEVE,HOBSONS BAY,-37.82579,144.82924,2021,5,May,14,Midday,Weekday
T20210011183,2021-05-18,17:30:00,1,Collision with vehicle,2,Tuesday,110,CROSS TRAFFIC(INTERSECTIONS ONLY),3,29594,Cross intersection,2,50,Local Road,ALMA,PORT PHILLIP,-37.86146,144.99161,2021,5,May,17,Afternoon Peak,Weekday
T20210011135,2021-05-18,05:45:00,4,Collision with a fixed object,2,Tuesday,181,OFF RIGHT BEND INTO OBJECT/PARKED VEHICLE,5,683534,Not at intersection,2,100,Arterial Other,CAPE OTWAY,SURF COAST,-38.2334,144.20456,2021,5,May,5,Morning Peak,Weekday
T20210011178,2021-05-18,15:12:00,2,Struck Pedestrian,2,Tuesday,103,PED PLAYING/LYING/WORKING/STANDING ON CARRIAGEWAY.,1,684557,Not at intersection,3,40,Local Road,KENNEDY,CARDINIA,-38.060467,145.49449,2021,5,May,15,Afternoon Peak,Weekday
T20210011144,2021-05-18,10:50:00,1,Collision with vehicle,2,Tuesday,110,CROSS TRAFFIC(INTERSECTIONS ONLY),1,684560,Cross intersection,3,80,Arterial Other,DANDENONG-HASTINGS,FRANKSTON,-38.1342,145.22816,2021,5,May,10,Midday,Weekday
T20210011288,2021-05-19,19:58:00,2,Struck Pedestrian,3,Wednesday,102,FAR SIDE. PED HIT BY VEHICLE FROM THE LEFT,3,687096,Not at intersection,2,60,Local Road,CLOW,DANDENONG,-37.98512,145.21645,2021,5,May,19,Night,Weekday
T20210011287,2021-05-19,16:45:00,1,Collision with vehicle,3,Wednesday,110,CROSS TRAFFIC(INTERSECTIONS ONLY),1,301215,Cross intersection,3,80,Arterial Other,TIVENDALE,CARDINIA,-38.06015,145.41005,2021,5,May,16,Afternoon Peak,Weekday
T20210011283,2021-05-19,15:05:00,1,Collision with vehicle,3,Wednesday,113,RIGHT NEAR (INTERSECTIONS ONLY),1,37801,Cross intersection,3,60,Arterial Other,NICHOLSON,MORELAND,-37.7526,144.97636,2021,5,May,15,Afternoon Peak,Weekday
T20210011235,2021-05-19,11:55:00,2,Struck Pedestrian,3,Wednesday,100,PED NEAR SIDE. PED HIT BY VEHICLE FROM THE RIGHT.,1,683583,Not at intersection,3,60,Arterial Other,BAY,BAYSIDE,-37.955322,145.03395,2021,5,May,11,Midday,Weekday
T20210011282,2021-05-19,15:15:00,1,Collision with vehicle,3,Wednesday,130,REAR END(VEHICLES IN SAME LANE),1,38531,Cross intersection,2,70,Arterial Other,LITTLE BOUNDARY,WYNDHAM,-37.81877,144.8191,2021,5,May,15,Afternoon Peak,Weekday
T20210011236,2021-05-19,08:36:00,4,Collision with a fixed object,3,Wednesday,171,LEFT OFF CARRIAGEWAY INTO OBJECT/PARKED VEHICLE,1,688107,T intersection,2,60,Local Road,WESTWOOD,MELTON,-37.74945,144.74913,2021,5,May,8,Morning Peak,Weekday
T20210011212,2021-05-19,06:40:00,4,Collision with a fixed object,3,Wednesday,171,LEFT OFF CARRIAGEWAY INTO OBJECT/PARKED VEHICLE,2,730224,Cross intersection,2,80,Local Road,SELECTION,MITCHELL,-37.16254,145.0142,2021,5,May,6,Morning Peak,Weekday
T20210011281,2021-05-19,18:30:00,1,Collision with vehicle,3,Wednesday,113,RIGHT NEAR (INTERSECTIONS ONLY),3,47516,T intersection,2,70,Local Road,ERNST WANKE,CASEY,-37.99592,145.30682,2021,5,May,18,Afternoon Peak,Weekday
T20210011239,2021-05-19,07:50:00,1,Collision with vehicle,3,Wednesday,132,RIGHT REAR.,1,683866,Not at intersection,3,50,Local Road,CHERRY,WYNDHAM,-37.837563,144.7957,2021,5,May,7,Morning Peak,Weekday
T20210011883,2021-05-19,10:05:00,1,Collision with vehicle,3,Wednesday,121,RIGHT THROUGH,1,687478,Cross intersection,3,60,Arterial Highway,DAVEY,BAW BAW,-38.206097,146.16623,2021,5,May,10,Midday,Weekday
T20210011220,2021-05-19,08:25:00,1,Collision with vehicle,3,Wednesday,113,RIGHT NEAR (INTERSECTIONS ONLY),1,683865,T intersection,3,80,Local Road,HALLAM NORTH,CASEY,-37.972034,145.28003,2021,5,May,8,Morning Peak,Weekday
T20210011246,2021-05-19,09:25:00,1,Collision with vehicle,3,Wednesday,120,HEAD ON (NOT OVERTAKING),1,302975,T intersection,2,100,Arterial Other,UNNAMED,MACEDON RANGES,-37.467793,144.65446,2021,5,May,9,Morning Peak,Weekday
T20210011280,2021-05-19,18:46:00,1,Collision with vehicle,3,Wednesday,121,RIGHT THROUGH,3,684191,T intersection,2,60,Local Road,LEAKES,WYNDHAM,-37.831184,144.66574,2021,5,May,18,Afternoon Peak,Weekday
T20210011254,2021-05-19,15:38:00,1,Collision with vehicle,3,Wednesday,130,REAR END(VEHICLES IN SAME LANE),1,50903,T intersection,3,60,Local Road,THOMAS MITCHELL,WODONGA,-36.129925,146.89687,2021,5,May,15,Afternoon Peak,Weekday
T20210011248,2021-05-19,13:20:00,1,Collision with vehicle,3,Wednesday,137,LEFT TURN SIDESWIPE,1,1162,Cross intersection,3,60,Local Road,MORRIS,WYNDHAM,-37.881767,144.70108,2021,5,May,13,Midday,Weekday
T20210011256,2021-05-19,13:40:00,1,Collision with vehicle,3,Wednesday,137,LEFT TURN SIDESWIPE,1,277250,Cross intersection,2,80,Arterial Other,THOMPSON,DANDENONG,-38.069965,145.17848,2021,5,May,13,Midday,Weekday
T20210011291,2021-05-19,21:15:00,1,Collision with vehicle,3,Wednesday,121,RIGHT THROUGH,3,785011,Cross intersection,3,60,Arterial Other,PRINCES,MELBOURNE,-37.79227,144.96849,2021,5,May,21,Night,Weekday
T20210011408,2021-05-19,16:00:00,1,Collision with vehicle,3,Wednesday,135,LANE CHANGE LEFT (NOT OVERTAKING),9,684848,Not at intersection,2,100,Freeway,PRINCES,WYNDHAM,-37.89684,144.70784,2021,5,May,16,Afternoon Peak,Weekday
T20210011547,2021-05-19,08:15:00,3,Struck animal,3,Wednesday,167,STRUCK ANIMAL,1,684195,Not at intersection,3,100,Arterial Highway,MIDLAND,HEPBURN,-37.388096,144.0036,2021,5,May,8,Morning Peak,Weekday
T20210011335,2021-05-19,13:20:00,1,Collision with vehicle,3,Wednesday,110,CROSS TRAFFIC(INTERSECTIONS ONLY),1,37460,Cross intersection,2,50,Arterial Other,MONTAGUE,PORT PHILLIP,-37.830982,144.95038,2021,5,May,13,Midday,Weekday
T20210011752,2021-05-19,13:30:00,1,Collision with vehicle,3,Wednesday,130,REAR END(VEHICLES IN SAME LANE),1,687960,Not at intersection,3,50,Local Road,CLARENDON,DAREBIN,-37.759605,145.00087,2021,5,May,13,Midday,Weekday
T20210011325,2021-05-19,11:15:00,1,Collision with vehicle,3,Wednesday,130,REAR END(VEHICLES IN SAME LANE),1,683726,Not at intersection,3,40,Local Road,HARBOUR,MELBOURNE,-37.812897,144.94307,2021,5,May,11,Midday,Weekday
T20210011321,2021-05-19,08:40:00,1,Collision with vehicle,3,Wednesday,148,VEHICLE OFF FOOTPATH STRIKES VEH ON CARRIAGEWAY,1,683724,Not at intersection,3,50,Local Road,STRONG,CASEY,-38.031765,145.2711,2021,5,May,8,Morning Peak,Weekday
T20210011311,2021-05-19,14:35:00,1,Collision with vehicle,3,Wednesday,116,LEFT NEAR (INTERSECTIONS ONLY),1,21066,Cross intersection,3,60,Arterial Other,FOSTER ROAD -LORIMER,SOUTH GIPPSLAND,-38.694252,146.08209,2021,5,May,14,Midday,Weekday
T20210011226,2021-05-19,06:30:00,1,Collision with vehicle,3,Wednesday,130,REAR END(VEHICLES IN SAME LANE),2,690541,Not at intersection,3,100,Freeway,EASTERN,MANNINGHAM,-37.799614,145.14714,2021,5,May,6,Morning Peak,Weekday
T20210011306,2021-05-19,12:00:00,1,Collision with vehicle,3,Wednesday,147,VEHICLE STRIKES ANOTHER VEH WHILE EMERGING FROM DRIVEWAY,1,683639,Not at intersection,3,50,Local Road,RUPERT,MARIBYRNONG,-37.797886,144.86429,2021,5,May,12,Midday,Weekday
T20210011264,2021-05-19,16:30:00,1,Collision with vehicle,3,Wednesday,121,RIGHT THROUGH,1,51475,Cross intersection,3,50,Arterial Highway,MOORE STREET -NORTHERN,CAMPASPE,-36.360916,144.70006,2021,5,May,16,Afternoon Peak,Weekday
T20210011260,2021-05-19,16:21:00,1,Collision with vehicle,3,Wednesday,116,LEFT NEAR (INTERSECTIONS ONLY),1,683585,T intersection,2,60,Arterial Other,WILLIAMS,STONNINGTON,-37.836857,145.00542,2021,5,May,16,Afternoon Peak,Weekday
T20210012893,2021-05-19,06:00:00,3,Struck animal,3,Wednesday,167,STRUCK ANIMAL,5,685634,Not at intersection,2,100,Arterial Highway,NORTHERN,MITCHELL,-37.192112,144.90228,2021,5,May,6,Morning Peak,Weekday
T20210011231,2021-05-19,10:30:00,2,Struck Pedestrian,3,Wednesday,103,PED PLAYING/LYING/WORKING/STANDING ON CARRIAGEWAY.,1,690452,Not at intersection,2,50,Local Road,LEMON,MONASH,-37.885952,145.14476,2021,5,May,10,Midday,Weekday
T20210012075,2021-05-19,18:25:00,1,Collision with vehicle,3,Wednesday,130,REAR END(VEHICLES IN SAME LANE),1,684729,Multiple intersection,2,80,Freeway,WEST GATE IN-POWER,MELBOURNE,-37.827118,144.96317,2021,5,May,18,Afternoon Peak,Weekday
T20210011445,2021-05-19,20:45:00,1,Collision with vehicle,3,Wednesday,163,VEHICLE STRIKES DOOR OF PARKED/STATIONARY VEHICLE,3,688309,Not at intersection,3,40,Local Road,FLINDERS,MELBOURNE,-37.818226,144.96478,2021,5,May,20,Night,Weekday
T20210011232,2021-05-19,09:05:00,2,Struck Pedestrian,3,Wednesday,102,FAR SIDE. PED HIT BY VEHICLE FROM THE LEFT,1,683582,Not at intersection,2,60,Local Road,SALTWATER,WYNDHAM,-37.911846,144.76945,2021,5,May,9,Morning Peak,Weekday
T20210011205,2021-05-19,00:00:00,4,Collision with a fixed object,3,Wednesday,171,LEFT OFF CARRIAGEWAY INTO OBJECT/PARKED VEHICLE,3,683612,Not at intersection,2,100,Freeway,MONASH OUT-SOUTH GIPPSLAND OUT,CASEY,-37.99284,145.25443,2021,5,May,0,Late Night,Weekday
T20210011252,2021-05-19,06:30:00,4,Collision with a fixed object,3,Wednesday,183,OFF LEFT BEND INTO OBJECT/PARKED VEHICLE,2,685005,Not at intersection,3,80,Local Road,OLYMPIC,BENDIGO,-36.767162,144.22417,2021,5,May,6,Morning Peak,Weekday
T20210011279,2021-05-19,18:07:00,4,Collision with a fixed object,3,Wednesday,173,RIGHT OFF CARRIAGEWAY INTO OBJECT/PARKED VEHICLE,5,684562,Not at intersection,3,80,Local Road,COOMBES,SURF COAST,-38.311962,144.29373,2021,5,May,18,Afternoon Peak,Weekday
T20210011266,2021-05-19,17:55:00,1,Collision with vehicle,3,Wednesday,130,REAR END(VEHICLES IN SAME LANE),3,43004,T intersection,3,60,Local Road,GLADSTONE,DANDENONG,-37.962807,145.20618,2021,5,May,17,Afternoon Peak,Weekday
T20210011233,2021-05-19,08:51:00,1,Collision with vehicle,3,Wednesday,116,LEFT NEAR (INTERSECTIONS ONLY),1,66263,T intersection,3,60,Arterial Other,MILLERS,HOBSONS BAY,-37.823013,144.8487,2021,5,May,8,Morning Peak,Weekday
T20210014714,2021-05-19,11:05:00,1,Collision with vehicle,3,Wednesday,116,LEFT NEAR (INTERSECTIONS ONLY),1,34104,T intersection,3,80,Arterial Highway,PRINCES HIGHWAY,STONNINGTON,-37.889027,145.08192,2021,5,May,11,Midday,Weekday
T20210011223,2021-05-19,07:10:00,1,Collision with vehicle,3,Wednesday,121,RIGHT THROUGH,2,232994,T intersection,2,60,Arterial Other,BEACH,KINGSTON,-37.99212,145.06572,2021,5,May,7,Morning Peak,Weekday
T20210011300,2021-05-19,22:06:00,1,Collision with vehicle,3,Wednesday,130,REAR END(VEHICLES IN SAME LANE),3,349611,Multiple intersection,3,40,Freeway,COOPER,WHITTLESEA,-37.64833,144.99048,2021,5,May,22,Night,Weekday
T20210011230,2021-05-19,11:00:00,1,Collision with vehicle,3,Wednesday,130,REAR END(VEHICLES IN SAME LANE),1,691546,Not at intersection,3,60,Arterial Highway,GLENELG,BALLARAT,-37.589996,143.79634,2021,5,May,11,Midday,Weekday
T20210011299,2021-05-19,17:39:00,1,Collision with vehicle,3,Wednesday,120,HEAD ON (NOT OVERTAKING),3,683804,Not at intersection,3,50,Local Road,FESTIVAL,DANDENONG,-37.98861,145.18317,2021,5,May,17,Afternoon Peak,Weekday
T20210011229,2021-05-19,07:50:00,1,Collision with vehicle,3,Wednesday,130,REAR END(VEHICLES IN SAME LANE),1,686756,Not at intersection,3,80,Freeway,MONASH,MONASH,-37.892788,145.12889,2021,5,May,7,Morning Peak,Weekday
T20210011293,2021-05-19,17:30:00,1,Collision with vehicle,3,Wednesday,121,RIGHT THROUGH,2,352248,Cross intersection,3,80,Arterial Other,THOMPSONS,CASEY,-38.078243,145.24406,2021,5,May,17,Afternoon Peak,Weekday
T20210017885,2021-05-19,06:45:00,1,Collision with vehicle,3,Wednesday,130,REAR END(VEHICLES IN SAME LANE),1,691952,Not at intersection,3,80,Arterial Highway,SPRINGVALE,DANDENONG,-37.996918,145.14348,2021,5,May,6,Morning Peak,Weekday
T20210011270,2021-05-19,16:28:00,1,Collision with vehicle,3,Wednesday,121,RIGHT THROUGH,1,51883,T intersection,3,80,Arterial Highway,CALDER,BENDIGO,-36.754063,144.22018,2021,5,May,16,Afternoon Peak,Weekday
T20210011267,2021-05-19,16:56:00,1,Collision with vehicle,3,Wednesday,110,CROSS TRAFFIC(INTERSECTIONS ONLY),1,51446,Cross intersection,3,100,Arterial Other,PRAIRIE-ROCHESTER,CAMPASPE,-36.298885,144.67352,2021,5,May,16,Afternoon Peak,Weekday
T20210011259,2021-05-19,17:00:00,1,Collision with vehicle,3,Wednesday,147,VEHICLE STRIKES ANOTHER VEH WHILE EMERGING FROM DRIVEWAY,2,683584,Not at intersection,2,50,Arterial Other,YARRA,BOROONDARA,-37.790516,145.02007,2021,5,May,17,Afternoon Peak,Weekday
T20210011310,2021-05-20,07:05:00,1,Collision with vehicle,4,Thursday,130,REAR END(VEHICLES IN SAME LANE),1,683806,T intersection,3,60,Arterial Other,MIDDLEBOROUGH,WHITEHORSE,-37.822758,145.13779,2021,5,May,7,Morning Peak,Weekday
T20210011322,2021-05-20,00:30:00,3,Struck animal,4,Thursday,167,STRUCK ANIMAL,3,221377,Cross intersection,2,80,Arterial Other,HUME,HUME,-37.621983,144.94809,2021,5,May,0,Late Night,Weekday
T20210011384,2021-05-20,19:18:00,2,Struck Pedestrian,4,Thursday,100,PED NEAR SIDE. PED HIT BY VEHICLE FROM THE RIGHT.,6,702230,T intersection,2,60,Arterial Other,BELMORE,BOROONDARA,-37.80412,145.0879,2021,5,May,19,Night,Weekday
T20210011382,2021-05-20,08:40:00,1,Collision with vehicle,4,Thursday,130,REAR END(VEHICLES IN SAME LANE),1,683728,Not at intersection,3,60,Arterial Other,HEATHERTON,DANDENONG,-37.9689,145.20532,2021,5,May,8,Morning Peak,Weekday
T20210012393,2021-05-20,20:48:00,1,Collision with vehicle,4,Thursday,130,REAR END(VEHICLES IN SAME LANE),3,684854,T intersection,3,60,Arterial Highway,TOORAK,BOROONDARA,-37.848145,145.0759,2021,5,May,20,Night,Weekday
T20210011380,2021-05-20,15:40:00,1,Collision with vehicle,4,Thursday,134,LANE CHANGE RIGHT (NOT OVERTAKING),1,689117,Not at intersection,2,80,Freeway,MILLERS-WEST GATE OUT,HOBSONS BAY,-37.825287,144.84378,2021,5,May,15,Afternoon Peak,Weekday
T20210012422,2021-05-20,19:00:00,1,Collision with vehicle,4,Thursday,121,RIGHT THROUGH,6,42070,Cross intersection,2,50,Local Road,FERNHILL,BAYSIDE,-37.95437,145.00981,2021,5,May,19,Night,Weekday
T20210011378,2021-05-20,14:29:00,4,Collision with a fixed object,4,Thursday,181,OFF RIGHT BEND INTO OBJECT/PARKED VEHICLE,1,686716,Not at intersection,1,100,Arterial Other,MURCHISON-VIOLET TOWN,STRATHBOGIE,-36.610836,145.36205,2021,5,May,14,Midday,Weekday
T20210011327,2021-05-20,10:00:00,1,Collision with vehicle,4,Thursday,113,RIGHT NEAR (INTERSECTIONS ONLY),1,278457,Cross intersection,3,60,Local Road,EVERTON,WHITTLESEA,-37.593838,145.09068,2021,5,May,10,Midday,Weekday
T20210011334,2021-05-20,10:15:00,2,Struck Pedestrian,4,Thursday,104,PED WALKING WITH TRAFFIC,1,683727,Not at intersection,3,50,Local Road,OVANDO,DAREBIN,-37.74632,145.0217,2021,5,May,10,Midday,Weekday
T20210011369,2021-05-20,18:45:00,1,Collision with vehicle,4,Thursday,152,PULLING OUT (OVERTAKING),3,683868,Not at intersection,3,60,Local Road,HOLMES,LATROBE,-38.22972,146.40425,2021,5,May,18,Afternoon Peak,Weekday
T20210011366,2021-05-20,16:45:00,1,Collision with vehicle,4,Thursday,113,RIGHT NEAR (INTERSECTIONS ONLY),2,50479,T intersection,2,100,Arterial Highway,CALDER,MILDURA,-34.260628,142.18031,2021,5,May,16,Afternoon Peak,Weekday
T20210011365,2021-05-20,18:11:00,1,Collision with vehicle,4,Thursday,110,CROSS TRAFFIC(INTERSECTIONS ONLY),3,55983,Cross intersection,3,40,Local Road,GARDNER,YARRA,-37.816566,145.00568,2021,5,May,18,Afternoon Peak,Weekday
T20210011339,2021-05-20,08:05:00,1,Collision with vehicle,4,Thursday,113,RIGHT NEAR (INTERSECTIONS ONLY),1,44940,T intersection,3,60,Arterial Other,MAIN,BRIMBANK,-37.744576,144.80278,2021,5,May,8,Morning Peak,Weekday
T20210011346,2021-05-20,11:50:00,1,Collision with vehicle,4,Thursday,113,RIGHT NEAR (INTERSECTIONS ONLY),1,683617,T intersection,1,60,Local Road,LEARMONTH,BALLARAT,-37.5565,143.81293,2021,5,May,11,Midday,Weekday
T20210011844,2021-05-20,07:58:00,1,Collision with vehicle,4,Thursday,130,REAR END(VEHICLES IN SAME LANE),1,769172,Not at intersection,3,80,Freeway,COOK-WEST GATE IN,MELBOURNE,-37.829597,144.91922,2021,5,May,7,Morning Peak,Weekday
T20210012102,2021-05-20,07:28:00,1,Collision with vehicle,4,Thursday,130,REAR END(VEHICLES IN SAME LANE),1,684821,Not at intersection,3,70,Arterial Other,FOOTE,MANNINGHAM,-37.758476,145.12341,2021,5,May,7,Morning Peak,Weekday
T20210011303,2021-05-20,05:20:00,1,Collision with vehicle,4,Thursday,110,CROSS TRAFFIC(INTERSECTIONS ONLY),3,52744,Cross intersection,3,60,Arterial Other,GILLIES,BALLARAT,-37.52658,143.82465,2021,5,May,5,Morning Peak,Weekday
T20210011301,2021-05-20,00:37:00,2,Struck Pedestrian,4,Thursday,100,PED NEAR SIDE. PED HIT BY VEHICLE FROM THE RIGHT.,3,216959,Not at intersection,2,40,Local Road,ELIZABETH,MELBOURNE,-37.8179,144.96484,2021,5,May,0,Late Night,Weekday
T20210011355,2021-05-20,14:40:00,1,Collision with vehicle,4,Thursday,121,RIGHT THROUGH,1,306293,Cross intersection,3,60,Arterial Highway,DANDENONG,DANDENONG,-38.000008,145.1808,2021,5,May,14,Midday,Weekday
T20210011364,2021-05-20,17:22:00,1,Collision with vehicle,4,Thursday,119,OTHER ADJACENT (INTERSECTIONS ONLY),3,230850,T intersection,3,60,Arterial Highway,RUSSELL,GEELONG,-38.157436,144.35089,2021,5,May,17,Afternoon Peak,Weekday
T20210011923,2021-05-20,12:30:00,2,Struck Pedestrian,4,Thursday,100,PED NEAR SIDE. PED HIT BY VEHICLE FROM THE RIGHT.,1,686393,Cross intersection,3,60,Arterial Other,CHESTERVILLE,KINGSTON,-37.958107,145.05705,2021,5,May,12,Midday,Weekday
T20210014749,2021-05-20,21:01:00,4,Collision with a fixed object,4,Thursday,171,LEFT OFF CARRIAGEWAY INTO OBJECT/PARKED VEHICLE,3,687732,Not at intersection,2,50,Local Road,HOPETOUN,STONNINGTON,-37.846577,145.02846,2021,5,May,21,Night,Weekday
T20210012354,2021-05-20,11:40:00,1,Collision with vehicle,4,Thursday,130,REAR END(VEHICLES IN SAME LANE),1,686609,Not at intersection,3,70,Arterial Other,WILLIAMSONS,MANNINGHAM,-37.7847,145.1243,2021,5,May,11,Midday,Weekday
T20210012114,2021-05-20,10:40:00,1,Collision with vehicle,4,Thursday,113,RIGHT NEAR (INTERSECTIONS ONLY),1,44308,T intersection,2,60,Local Road,MORRIS,WYNDHAM,-37.868134,144.70325,2021,5,May,10,Midday,Weekday
T20210013939,2021-05-20,09:20:00,1,Collision with vehicle,4,Thursday,142,LEAVING PARKING,1,686540,Not at intersection,3,50,Local Road,LYDIARD,BALLARAT,-37.559166,143.85828,2021,5,May,9,Morning Peak,Weekday
T20210011650,2021-05-20,06:23:00,1,Collision with vehicle,4,Thursday,121,RIGHT THROUGH,3,360446,T intersection,2,70,Arterial Other,CLYDE-FIVE WAYS,CASEY,-38.12284,145.32637,2021,5,May,6,Morning Peak,Weekday
T20210012180,2021-05-20,16:49:00,1,Collision with vehicle,4,Thursday,130,REAR END(VEHICLES IN SAME LANE),2,737012,Not at intersection,2,70,Local Road,MCCLELLAND,FRANKSTON,-38.15366,145.17174,2021,5,May,16,Afternoon Peak,Weekday
T20210011838,2021-05-20,09:00:00,4,Collision with a fixed object,4,Thursday,173,RIGHT OFF CARRIAGEWAY INTO OBJECT/PARKED VEHICLE,1,684824,Not at intersection,3,60,Local Road,BAY,BAYSIDE,-37.90373,144.98773,2021,5,May,9,Morning Peak,Weekday
T20210011350,2021-05-20,06:47:00,2,Struck Pedestrian,4,Thursday,102,FAR SIDE. PED HIT BY VEHICLE FROM THE LEFT,2,687299,Not at intersection,2,50,Local Road,ENGLISH,MOONEE VALLEY,-37.725582,144.8919,2021,5,May,6,Morning Peak,Weekday
T20210011750,2021-05-20,21:00:00,6,Vehicle overturned (no collision),4,Thursday,174,OUT OF CONTROL ON CARRIAGEWAY (ON STRAIGHT),3,36972,Cross intersection,3,40,Local Road,COLLINS,MELBOURNE,-37.81477,144.96901,2021,5,May,21,Night,Weekday
T20210011391,2021-05-20,22:13:00,1,Collision with vehicle,4,Thursday,110,CROSS TRAFFIC(INTERSECTIONS ONLY),3,689030,Cross intersection,2,70,Arterial Other,COOPER,WHITTLESEA,-37.649757,145.00548,2021,5,May,22,Night,Weekday
T20210011386,2021-05-20,20:26:00,1,Collision with vehicle,4,Thursday,121,RIGHT THROUGH,3,36366,Cross intersection,3,50,Arterial Other,PRINCES,MELBOURNE,-37.79258,144.97134,2021,5,May,20,Night,Weekday
T20210011308,2021-05-20,06:45:00,1,Collision with vehicle,4,Thursday,148,VEHICLE OFF FOOTPATH STRIKES VEH ON CARRIAGEWAY,3,683640,Not at intersection,3,60,Arterial Other,KOROROIT CREEK,HOBSONS BAY,-37.857727,144.8882,2021,5,May,6,Morning Peak,Weekday
T20210011483,2021-05-21,23:25:00,4,Collision with a fixed object,5,Friday,181,OFF RIGHT BEND INTO OBJECT/PARKED VEHICLE,3,687409,Not at intersection,3,60,Local Road,BOARDWALK,WYNDHAM,-37.89194,144.72964,2021,5,May,23,Night,Weekday
T20210011521,2021-05-21,20:35:00,1,Collision with vehicle,5,Friday,140,U TURN,6,686580,Not at intersection,3,40,Local Road,SMITH,YARRA,-37.80587,144.98308,2021,5,May,20,Night,Weekday
T20210011418,2021-05-21,07:49:00,1,Collision with vehicle,5,Friday,121,RIGHT THROUGH,1,286900,Cross intersection,2,70,Arterial Other,CAMMS,CASEY,-38.100475,145.29233,2021,5,May,7,Morning Peak,Weekday
T20210011421,2021-05-21,07:27:00,1,Collision with vehicle,5,Friday,111,RIGHT FAR (INTERSECTIONS ONLY),1,55726,T intersection,2,80,Arterial Other,WESTALL,DANDENONG,-37.97979,145.14311,2021,5,May,7,Morning Peak,Weekday
T20210011465,2021-05-21,11:15:00,1,Collision with vehicle,5,Friday,110,CROSS TRAFFIC(INTERSECTIONS ONLY),1,49887,Cross intersection,2,50,Local Road,AUTUMN,GEELONG,-38.14098,144.32979,2021,5,May,11,Midday,Weekday
T20210011535,2021-05-21,19:00:00,1,Collision with vehicle,5,Friday,145,REVERSING IN STREAM OF TRAFFIC,3,685038,Not at intersection,3,60,Arterial Other,WEST FYANS,GEELONG,-38.15998,144.3482,2021,5,May,19,Night,Weekday