ACCIDENT_NO,ACCIDENT_DATE,ACCIDENT_TIME,ACCIDENT_TYPE,ACCIDENT_TYPE_DESC,DAY_OF_WEEK,DAY_WEEK_DESC,DCA_CODE,DCA_DESC,LIGHT_CONDITION,NODE_ID,ROAD_GEOMETRY_DESC,SEVERITY,SPEED_ZONE,RMA,ROAD_NAME,LGA_NAME,LATITUDE,LONGITUDE,YEAR,MONTH,MONTH_NAME,HOUR,TIME_PERIOD,DAY_TYPE
T20210012898,2021-05-21,19:35:00,1,Collision with vehicle,5,Friday,131,LEFT REAR,3,44382,Cross intersection,3,60,Arterial Other,HEATHS,WYNDHAM,-37.879505,144.70126,2021,5,May,19,Night,Weekday
T20210011424,2021-05-21,13:05:00,2,Struck Pedestrian,5,Friday,100,PED NEAR SIDE. PED HIT BY VEHICLE FROM THE RIGHT.,1,684021,Not at intersection,3,50,Local Road,PYNSENT,HORSHAM,-36.71547,142.2004,2021,5,May,13,Midday,Weekday
T20210015276,2021-05-21,05:20:00,3,Struck animal,5,Friday,167,STRUCK ANIMAL,5,687711,T intersection,3,70,Local Road,RACECOURSE,HUME,-37.543644,144.73315,2021,5,May,5,Morning Peak,Weekday
T20210011416,2021-05-21,08:00:00,1,Collision with vehicle,5,Friday,130,REAR END(VEHICLES IN SAME LANE),1,683729,Not at intersection,3,80,Freeway,PRINCES,HOBSONS BAY,-37.83399,144.80821,2021,5,May,8,Morning Peak,Weekday
T20210011905,2021-05-21,07:30:00,1,Collision with vehicle,5,Friday,135,LANE CHANGE LEFT (NOT OVERTAKING),1,693717,Not at intersection,3,80,Freeway,CALDER IN-WESTERN RING OUT,BRIMBANK,-37.724888,144.86324,2021,5,May,7,Morning Peak,Weekday
T20210011454,2021-05-21,16:40:00,1,Collision with vehicle,5,Friday,110,CROSS TRAFFIC(INTERSECTIONS ONLY),2,67275,Cross intersection,3,60,Local Road,GOOLD,EAST GIPPSLAND,-37.822975,147.613,2021,5,May,16,Afternoon Peak,Weekday
T20210011453,2021-05-21,15:42:00,4,Collision with a fixed object,5,Friday,181,OFF RIGHT BEND INTO OBJECT/PARKED VEHICLE,9,686623,Not at intersection,2,100,Arterial Other,BROADFORD-FLOWERDALE,MURRINDINDI,-37.24681,145.17189,2021,5,May,15,Afternoon Peak,Weekday
T20210011559,2021-05-21,02:20:00,2,Struck Pedestrian,5,Friday,102,FAR SIDE. PED HIT BY VEHICLE FROM THE LEFT,3,29599,Cross intersection,3,60,Arterial Other,CARLISLE,GLEN EIRA,-37.869514,144.99944,2021,5,May,2,Late Night,Weekday
T20210011451,2021-05-21,16:00:00,1,Collision with vehicle,5,Friday,121,RIGHT THROUGH,1,52381,T intersection,3,60,Arterial Other,BLOOMFIELD,BAW BAW,-38.170406,145.96838,2021,5,May,16,Afternoon Peak,Weekday
T20210011806,2021-05-21,06:15:00,1,Collision with vehicle,5,Friday,131,LEFT REAR,2,350177,Cross intersection,3,60,Arterial Other,EDGARS,WHITTLESEA,-37.69374,145.00098,2021,5,May,6,Morning Peak,Weekday
T20210011497,2021-05-21,16:00:00,1,Collision with vehicle,5,Friday,121,RIGHT THROUGH,2,721137,T intersection,3,100,Local Road,WANGARATTA,MOIRA,-36.241627,146.11281,2021,5,May,16,Afternoon Peak,Weekday
T20210011415,2021-05-21,09:40:00,1,Collision with vehicle,5,Friday,121,RIGHT THROUGH,1,684020,Cross intersection,3,80,Arterial Other,BORONIA,KNOX,-37.84753,145.22707,2021,5,May,9,Morning Peak,Weekday
T20210011414,2021-05-21,10:38:00,1,Collision with vehicle,5,Friday,148,VEHICLE OFF FOOTPATH STRIKES VEH ON CARRIAGEWAY,1,684830,Not at intersection,3,50,Local Road,WELLINGTON,BOROONDARA,-37.80895,145.0294,2021,5,May,10,Midday,Weekday
T20210011446,2021-05-21,12:10:00,2,Struck Pedestrian,5,Friday,102,FAR SIDE. PED HIT BY VEHICLE FROM THE LEFT,1,684112,Not at intersection,2,50,Local Road,LARCH,GLEN EIRA,-37.88773,145.02217,2021,5,May,12,Midday,Weekday
T20210011434,2021-05-21,09:40:00,1,Collision with vehicle,5,Friday,110,CROSS TRAFFIC(INTERSECTIONS ONLY),1,45113,Cross intersection,3,50,Local Road,BIGGS,BASS COAST,-38.605156,145.5884,2021,5,May,9,Morning Peak,Weekday
T20210011435,2021-05-21,12:38:00,1,Collision with vehicle,5,Friday,130,REAR END(VEHICLES IN SAME LANE),1,693248,Not at intersection,3,40,Local Road,ENGLISH,WHITTLESEA,-37.542145,144.96355,2021,5,May,12,Midday,Weekday
T20210011468,2021-05-21,19:30:00,6,Vehicle overturned (no collision),5,Friday,170,OFF CARRIAGEWAY TO LEFT,3,42095,T intersection,3,60,Arterial Highway,BELL,MORELAND,-37.739006,144.94414,2021,5,May,19,Night,Weekday
T20210011551,2021-05-21,14:10:00,2,Struck Pedestrian,5,Friday,104,PED WALKING WITH TRAFFIC,1,690715,Not at intersection,3,50,Arterial Other,SPENCER,MELBOURNE,-37.820515,144.9548,2021,5,May,14,Midday,Weekday
T20210011459,2021-05-21,15:45:00,1,Collision with vehicle,5,Friday,130,REAR END(VEHICLES IN SAME LANE),1,685033,Not at intersection,3,70,Local Road,KEPPEL,CASEY,-38.0155,145.27164,2021,5,May,15,Afternoon Peak,Weekday
T20210011470,2021-05-21,15:42:00,1,Collision with vehicle,5,Friday,147,VEHICLE STRIKES ANOTHER VEH WHILE EMERGING FROM DRIVEWAY,1,692343,Not at intersection,3,50,Local Road,THISTLE,BENDIGO,-36.762775,144.26312,2021,5,May,15,Afternoon Peak,Weekday
T20210011472,2021-05-21,19:55:00,6,Vehicle overturned (no collision),5,Friday,174,OUT OF CONTROL ON CARRIAGEWAY (ON STRAIGHT),3,686822,Not at intersection,2,60,Local Road,NARDOO,MILDURA,-34.302834,142.18636,2021,5,May,19,Night,Weekday
T20210011475,2021-05-21,20:00:00,4,Collision with a fixed object,5,Friday,171,LEFT OFF CARRIAGEWAY INTO OBJECT/PARKED VEHICLE,3,64914,Cross intersection,2,50,Local Road,DINNELL,BRIMBANK,-37.791794,144.80495,2021,5,May,20,Night,Weekday
T20210011464,2021-05-21,16:00:00,1,Collision with vehicle,5,Friday,130,REAR END(VEHICLES IN SAME LANE),1,691640,Not at intersection,3,60,Arterial Other,BEACH,BAYSIDE,-37.97624,145.0163,2021,5,May,16,Afternoon Peak,Weekday
T20210011477,2021-05-21,16:18:00,2,Struck Pedestrian,5,Friday,101,PED EMERGES FROM IN FRONT OF PARKED OR STATIONARY VEHICLE,1,684362,Multiple intersection,2,60,Arterial Other,BARRY,HUME,-37.665787,144.93971,2021,5,May,16,Afternoon Peak,Weekday
T20210011466,2021-05-21,18:23:00,1,Collision with vehicle,5,Friday,113,RIGHT NEAR (INTERSECTIONS ONLY),5,51262,T intersection,3,100,Arterial Other,LANCASTER-MOOROOPNA,SHEPPARTON,-36.310738,145.27745,2021,5,May,18,Afternoon Peak,Weekday
T20210011478,2021-05-21,19:50:00,8,No collision and no object struck,5,Friday,174,OUT OF CONTROL ON CARRIAGEWAY (ON STRAIGHT),3,65926,T intersection,2,40,Local Road,HARBOUR,MELBOURNE,-37.814995,144.945,2021,5,May,19,Night,Weekday
T20210011413,2021-05-21,09:00:00,1,Collision with vehicle,5,Friday,120,HEAD ON (NOT OVERTAKING),1,637,T intersection,2,60,Arterial Other,SCORESBY,KNOX,-37.86488,145.26427,2021,5,May,9,Morning Peak,Weekday
T20210011405,2021-05-21,06:50:00,1,Collision with vehicle,5,Friday,111,RIGHT FAR (INTERSECTIONS ONLY),2,291861,T intersection,3,60,Local Road,MCNAIRN,LATROBE,-38.19833,146.56128,2021,5,May,6,Morning Peak,Weekday
T20210014090,2021-05-21,22:23:00,1,Collision with vehicle,5,Friday,132,RIGHT REAR.,3,45262,T intersection,2,60,Arterial Other,BARRY,HUME,-37.666714,144.94942,2021,5,May,22,Night,Weekday
T20210011444,2021-05-21,13:30:00,1,Collision with vehicle,5,Friday,131,LEFT REAR,1,53892,T intersection,2,70,Arterial Highway,PRINCES,GEELONG,-38.106323,144.35359,2021,5,May,13,Midday,Weekday
T20210011394,2021-05-21,01:55:00,4,Collision with a fixed object,5,Friday,181,OFF RIGHT BEND INTO OBJECT/PARKED VEHICLE,3,686745,Not at intersection,2,60,Arterial Other,BARWON HEADS-OCEAN GROVE,GEELONG,-38.278973,144.50102,2021,5,May,1,Late Night,Weekday
T20210011779,2021-05-21,08:59:00,1,Collision with vehicle,5,Friday,110,CROSS TRAFFIC(INTERSECTIONS ONLY),1,256574,Cross intersection,3,50,Local Road,RAGLAN,PORT PHILLIP,-37.832226,144.94286,2021,5,May,8,Morning Peak,Weekday
T20210011443,2021-05-21,06:49:00,1,Collision with vehicle,5,Friday,130,REAR END(VEHICLES IN SAME LANE),1,690257,Not at intersection,3,80,Freeway,MONASH IN-HEATHERTON,CASEY,-37.97447,145.23766,2021,5,May,6,Morning Peak,Weekday
T20210011772,2021-05-21,13:00:00,1,Collision with vehicle,5,Friday,112,LEFT FAR (INTERSECTIONS ONLY),1,44066,Cross intersection,2,50,Local Road,CAIRN,MORNINGTON PENINSULA,-38.35758,144.93057,2021,5,May,13,Midday,Weekday
T20210011441,2021-05-21,07:40:00,1,Collision with vehicle,5,Friday,130,REAR END(VEHICLES IN SAME LANE),1,687220,Not at intersection,3,100,Freeway,WESTERN RING,BRIMBANK,-37.78544,144.78928,2021,5,May,7,Morning Peak,Weekday
T20210011396,2021-05-21,06:00:00,1,Collision with vehicle,5,Friday,121,RIGHT THROUGH,2,35724,T intersection,2,60,Arterial Other,DERRIMUT,WYNDHAM,-37.87488,144.68321,2021,5,May,6,Morning Peak,Weekday
T20210011409,2021-05-21,09:39:00,1,Collision with vehicle,5,Friday,132,RIGHT REAR.,1,290056,T intersection,3,60,Arterial Other,LEVIENS,GEELONG,-38.177692,144.70126,2021,5,May,9,Morning Peak,Weekday
T20210015325,2021-05-21,19:00:00,1,Collision with vehicle,5,Friday,121,RIGHT THROUGH,3,45943,Multiple intersection,3,60,Freeway,SURREY-EASTERN IN,WHITEHORSE,-37.801853,145.15955,2021,5,May,19,Night,Weekday
T20210011406,2021-05-21,08:29:00,1,Collision with vehicle,5,Friday,130,REAR END(VEHICLES IN SAME LANE),1,683869,Not at intersection,3,70,Arterial Highway,SPRINGVALE,MONASH,-37.90553,145.16104,2021,5,May,8,Morning Peak,Weekday
T20210011404,2021-05-21,08:50:00,1,Collision with vehicle,5,Friday,116,LEFT NEAR (INTERSECTIONS ONLY),1,46309,T intersection,3,50,Arterial Highway,DANDENONG,STONNINGTON,-37.858513,144.99867,2021,5,May,8,Morning Peak,Weekday
T20210011486,2021-05-21,22:36:00,4,Collision with a fixed object,5,Friday,171,LEFT OFF CARRIAGEWAY INTO OBJECT/PARKED VEHICLE,3,353604,T intersection,3,80,Arterial Other,GREENHILLS,YARRA RANGES,-37.80795,145.34764,2021,5,May,22,Night,Weekday
T20210012822,2021-05-21,18:00:00,1,Collision with vehicle,5,Friday,113,RIGHT NEAR (INTERSECTIONS ONLY),9,50987,Cross intersection,3,60,Local Road,APPIN,WANGARATTA,-36.35877,146.29799,2021,5,May,18,Afternoon Peak,Weekday
T20210014908,2021-05-21,13:52:00,1,Collision with vehicle,5,Friday,121,RIGHT THROUGH,1,703935,T intersection,3,50,Local Road,CLOW,DANDENONG,-37.984947,145.215,2021,5,May,13,Midday,Weekday
T20210012160,2021-05-21,18:00:00,1,Collision with vehicle,5,Friday,130,REAR END(VEHICLES IN SAME LANE),3,45517,Cross intersection,3,80,Arterial Other,MELTON,MELTON,-37.68716,144.69717,2021,5,May,18,Afternoon Peak,Weekday
T20210018801,2021-05-21,11:00:00,8,No collision and no object struck,5,Friday,199,UNKNOWN-NO DETAILS ON MANOEUVRES OF ROAD-USERS IN ACCIDENT,1,692353,Not at intersection,3,50,Local Road,MOIRA,GLEN EIRA,-37.895412,145.05093,2021,5,May,11,Midday,Weekday
T20210011440,2021-05-21,11:30:00,1,Collision with vehicle,5,Friday,110,CROSS TRAFFIC(INTERSECTIONS ONLY),1,58046,Multiple intersection,3,80,Freeway,CAROLINE SPRINGS BOULEVARD -WESTERN,MELTON,-37.755943,144.73969,2021,5,May,11,Midday,Weekday
T20210011417,2021-05-21,07:05:00,1,Collision with vehicle,5,Friday,130,REAR END(VEHICLES IN SAME LANE),1,684192,Not at intersection,2,80,Arterial Other,MICKLEHAM,HUME,-37.590473,144.87973,2021,5,May,7,Morning Peak,Weekday
T20210011460,2021-05-21,16:00:00,2,Struck Pedestrian,5,Friday,107,PED ON FOOTHPATH STRUCK BY VEHENTERING/LEAVING DRIVEWAY.,1,683732,Not at intersection,3,50,Local Road,SHORT,BENDIGO,-36.79455,144.24852,2021,5,May,16,Afternoon Peak,Weekday
T20210011516,2021-05-22,12:04:00,1,Collision with vehicle,6,Saturday,130,REAR END(VEHICLES IN SAME LANE),1,684023,Not at intersection,2,80,Arterial Other,CANTERBURY,YARRA RANGES,-37.817924,145.31804,2021,5,May,12,Midday,Weekend
T20210011518,2021-05-22,10:10:00,1,Collision with vehicle,6,Saturday,110,CROSS TRAFFIC(INTERSECTIONS ONLY),1,39973,Cross intersection,3,60,Local Road,JUBILEE,HOBSONS BAY,-37.84713,144.86864,2021,5,May,10,Midday,Weekend
T20210011564,2021-05-22,22:00:00,1,Collision with vehicle,6,Saturday,169,OTHER ON PATH,3,689174,Not at intersection,2,50,Local Road,KARDINIA,GEELONG,-38.16844,144.34682,2021,5,May,22,Night,Weekend
T20210011562,2021-05-22,04:00:00,4,Collision with a fixed object,6,Saturday,173,RIGHT OFF CARRIAGEWAY INTO OBJECT/PARKED VEHICLE,5,686895,Not at intersection,3,100,Arterial Other,WHITTLESEA-YEA,MURRINDINDI,-37.310528,145.36214,2021,5,May,4,Late Night,Weekend
T20210011561,2021-05-22,21:40:00,4,Collision with a fixed object,6,Saturday,171,LEFT OFF CARRIAGEWAY INTO OBJECT/PARKED VEHICLE,3,715676,Not at intersection,3,50,Local Road,GANGE,SHEPPARTON,-36.376926,145.34602,2021,5,May,21,Night,Weekend
T20210011560,2021-05-22,22:30:00,1,Collision with vehicle,6,Saturday,131,LEFT REAR,3,1016,Cross intersection,3,60,Arterial Highway,SOUTH GIPPSLAND,CASEY,-38.098076,145.2832,2021,5,May,22,Night,Weekend
T20210011558,2021-05-22,16:55:00,4,Collision with a fixed object,6,Saturday,151,OUT OF CONTROL (OVERTAKING),1,694712,Not at intersection,2,70,Local Road,AMAROO,HUME,-37.574284,144.94781,2021,5,May,16,Afternoon Peak,Weekend
T20210011674,2021-05-22,15:00:00,5,collision with some other object,6,Saturday,166,STRUCK OBJECT ON CARRIAGEWAY,1,684786,Not at intersection,2,100,Local Road,RIVER,CAMPASPE,-35.92319,144.4318,2021,5,May,15,Afternoon Peak,Weekend
T20210011557,2021-05-22,18:52:00,1,Collision with vehicle,6,Saturday,121,RIGHT THROUGH,3,39078,Cross intersection,3,60,Arterial Other,STANHOPE,BOROONDARA,-37.829006,145.0644,2021,5,May,18,Afternoon Peak,Weekend
T20210011555,2021-05-22,20:55:00,1,Collision with vehicle,6,Saturday,110,CROSS TRAFFIC(INTERSECTIONS ONLY),3,10410,Multiple intersection,3,60,Arterial Other,KEILOR,MOONEE VALLEY,-37.74442,144.90999,2021,5,May,20,Night,Weekend
T20210011552,2021-05-22,19:55:00,2,Struck Pedestrian,6,Saturday,100,PED NEAR SIDE. PED HIT BY VEHICLE FROM THE RIGHT.,3,684132,Not at intersection,2,50,Local Road,MOUNT ELIZA,MORNINGTON PENINSULA,-38.18569,145.08939,2021,5,May,19,Night,Weekend
T20210012441,2021-05-22,05:19:00,2,Struck Pedestrian,6,Saturday,106,VEH STRIKES PED ON FOOTPATH/MEDIAN/TRAFFIC ISLAND.,3,690997,Not at intersection,3,50,Local Road,MASCOMA,MOONEE VALLEY,-37.711033,144.88896,2021,5,May,5,Morning Peak,Weekend
T20210012711,2021-05-22,08:10:00,1,Collision with vehicle,6,Saturday,134,LANE CHANGE RIGHT (NOT OVERTAKING),1,685409,Not at intersection,3,80,Freeway,WEST GATE,HOBSONS BAY,-37.829292,144.898,2021,5,May,8,Morning Peak,Weekend
T20210011546,2021-05-22,17:50:00,3,Struck animal,6,Saturday,167,STRUCK ANIMAL,2,685126,Not at intersection,3,100,Arterial Other,LONGFORD-LOCH SPORT,WELLINGTON,-38.180054,147.23492,2021,5,May,17,Afternoon Peak,Weekend
T20210011544,2021-05-22,17:55:00,4,Collision with a fixed object,6,Saturday,171,LEFT OFF CARRIAGEWAY INTO OBJECT/PARKED VEHICLE,6,686215,Not at intersection,2,60,Arterial Other,ANAKIE,GEELONG,-38.100258,144.33356,2021,5,May,17,Afternoon Peak,Weekend
T20210015906,2021-05-22,12:00:00,1,Collision with vehicle,6,Saturday,130,REAR END(VEHICLES IN SAME LANE),1,696979,Not at intersection,3,60,Arterial Other,HIGHBURY,MONASH,-37.856045,145.11856,2021,5,May,12,Midday,Weekend
T20210011541,2021-05-22,17:19:00,4,Collision with a fixed object,6,Saturday,171,LEFT OFF CARRIAGEWAY INTO OBJECT/PARKED VEHICLE,2,730227,Not at intersection,3,50,Arterial Other,BURNLEY,YARRA,-37.81323,145.00945,2021,5,May,17,Afternoon Peak,Weekend
T20210011538,2021-05-22,17:17:00,1,Collision with vehicle,6,Saturday,130,REAR END(VEHICLES IN SAME LANE),2,684024,Not at intersection,2,80,Arterial Other,HEATHERTON,CASEY,-37.97228,145.23538,2021,5,May,17,Afternoon Peak,Weekend
T20210011533,2021-05-22,18:20:00,1,Collision with vehicle,6,Saturday,130,REAR END(VEHICLES IN SAME LANE),3,683956,Not at intersection,3,60,Arterial Highway,BELL,DAREBIN,-37.746704,145.0165,2021,5,May,18,Afternoon Peak,Weekend
T20210011531,2021-05-22,11:35:00,3,Struck animal,6,Saturday,167,STRUCK ANIMAL,1,683955,Not at intersection,2,80,Local Road,GOLDEN POINT,MOUNT ALEXANDER,-37.048374,144.28764,2021,5,May,11,Midday,Weekend
T20210011530,2021-05-22,01:45:00,4,Collision with a fixed object,6,Saturday,173,RIGHT OFF CARRIAGEWAY INTO OBJECT/PARKED VEHICLE,5,689173,Not at intersection,2,100,Arterial Highway,GOULBURN VALLEY,MOIRA,-35.85593,145.55902,2021,5,May,1,Late Night,Weekend
T20210011529,2021-05-22,16:00:00,6,Vehicle overturned (no collision),6,Saturday,170,OFF CARRIAGEWAY TO LEFT,1,686796,Not at intersection,2,60,Local Road,FLORA,MILDURA,-34.167557,142.13441,2021,5,May,16,Afternoon Peak,Weekend
T20210011525,2021-05-22,14:02:00,4,Collision with a fixed object,6,Saturday,173,RIGHT OFF CARRIAGEWAY INTO OBJECT/PARKED VEHICLE,1,684647,Not at intersection,2,100,Arterial Highway,WESTERN,HINDMARSH,-36.36854,141.83507,2021,5,May,14,Midday,Weekend
T20210011520,2021-05-22,14:30:00,1,Collision with vehicle,6,Saturday,113,RIGHT NEAR (INTERSECTIONS ONLY),1,36204,T intersection,2,60,Arterial Other,THOMPSON,GEELONG,-38.08675,144.34805,2021,5,May,14,Midday,Weekend
T20210012971,2021-05-22,19:35:00,1,Collision with vehicle,6,Saturday,142,LEAVING PARKING,3,689124,Not at intersection,2,40,Local Road,BALSTON,MELBOURNE,-37.82527,144.96123,2021,5,May,19,Night,Weekend
T20210011580,2021-05-22,23:15:00,3,Struck animal,6,Saturday,167,STRUCK ANIMAL,5,730228,Not at intersection,3,100,Arterial Other,LANCEFIELD,HUME,-37.53297,144.7612,2021,5,May,23,Night,Weekend
T20210011567,2021-05-22,23:57:00,4,Collision with a fixed object,6,Saturday,171,LEFT OFF CARRIAGEWAY INTO OBJECT/PARKED VEHICLE,3,691317,Not at intersection,2,60,Arterial Other,STEPHENSONS,MONASH,-37.885124,145.12727,2021,5,May,23,Night,Weekend
T20210011856,2021-05-22,02:25:00,1,Collision with vehicle,6,Saturday,130,REAR END(VEHICLES IN SAME LANE),3,690828,Not at intersection,3,80,Arterial Other,BALLARAT,MARIBYRNONG,-37.781536,144.86566,2021,5,May,2,Late Night,Weekend
T20210011489,2021-05-22,06:30:00,2,Struck Pedestrian,6,Saturday,102,FAR SIDE. PED HIT BY VEHICLE FROM THE LEFT,5,684279,T intersection,2,40,Local Road,THAMES,KINGSTON,-38.050587,145.11568,2021,5,May,6,Morning Peak,Weekend
T20210011495,2021-05-22,07:35:00,1,Collision with vehicle,6,Saturday,113,RIGHT NEAR (INTERSECTIONS ONLY),2,653283,Cross intersection,2,80,Arterial Other,CRANBOURNE-FRANKSTON,FRANKSTON,-38.144615,145.20502,2021,5,May,7,Morning Peak,Weekend
T20210011496,2021-05-22,09:11:00,1,Collision with vehicle,6,Saturday,147,VEHICLE STRIKES ANOTHER VEH WHILE EMERGING FROM DRIVEWAY,1,214322,Not at intersection,2,60,Arterial Other,ORMOND,PORT PHILLIP,-37.888535,144.98633,2021,5,May,9,Morning Peak,Weekend
T20210011498,2021-05-22,08:10:00,1,Collision with vehicle,6,Saturday,113,RIGHT NEAR (INTERSECTIONS ONLY),1,37898,T intersection,2,70,Arterial Highway,ST GEORGES,DAREBIN,-37.75328,144.99489,2021,5,May,8,Morning Peak,Weekend
T20210011500,2021-05-22,10:40:00,1,Collision with vehicle,6,Saturday,130,REAR END(VEHICLES IN SAME LANE),1,684591,Not at intersection,2,100,Freeway,PRINCES,GEELONG,-38.02586,144.44037,2021,5,May,10,Midday,Weekend
T20210011501,2021-05-22,10:40:00,1,Collision with vehicle,6,Saturday,163,VEHICLE STRIKES DOOR OF PARKED/STATIONARY VEHICLE,1,684193,Not at intersection,3,40,Arterial Other,PEEL,MELBOURNE,-37.80644,144.95601,2021,5,May,10,Midday,Weekend
T20210011502,2021-05-22,10:10:00,1,Collision with vehicle,6,Saturday,121,RIGHT THROUGH,1,686213,T intersection,2,60,Arterial Highway,WHITEHORSE,WHITEHORSE,-37.817623,145.14594,2021,5,May,10,Midday,Weekend
T20210011503,2021-05-22,11:45:00,1,Collision with vehicle,6,Saturday,130,REAR END(VEHICLES IN SAME LANE),1,778417,Cross intersection,3,60,Arterial Other,GEELONG,MARIBYRNONG,-37.80402,144.88286,2021,5,May,11,Midday,Weekend
T20210011550,2021-05-22,19:01:00,1,Collision with vehicle,6,Saturday,121,RIGHT THROUGH,3,41189,T intersection,2,60,Arterial Other,GLEN EIRA,GLEN EIRA,-37.877686,145.00421,2021,5,May,19,Night,Weekend
T20210011506,2021-05-22,12:43:00,1,Collision with vehicle,6,Saturday,130,REAR END(VEHICLES IN SAME LANE),1,684000,Not at intersection,3,100,Freeway,EASTERN,BOROONDARA,-37.79065,145.03925,2021,5,May,12,Midday,Weekend
T20210013151,2021-05-22,10:30:00,5,collision with some other object,6,Saturday,166,STRUCK OBJECT ON CARRIAGEWAY,1,689535,Not at intersection,3,100,Local Road,REED BED CREEK,EAST GIPPSLAND,-37.53144,149.1172,2021,5,May,10,Midday,Weekend
T20210011505,2021-05-22,08:30:00,1,Collision with vehicle,6,Saturday,121,RIGHT THROUGH,1,36094,Cross intersection,2,60,Local Road,ABBOTSFORD,MELBOURNE,-37.79845,144.94627,2021,5,May,8,Morning Peak,Weekend
T20210011510,2021-05-22,11:30:00,1,Collision with vehicle,6,Saturday,130,REAR END(VEHICLES IN SAME LANE),1,684022,Not at intersection,2,80,Local Road,MACINTYRE,YARRA RANGES,-37.695557,145.34912,2021,5,May,11,Midday,Weekend
T20210012304,2021-05-22,11:30:00,8,No collision and no object struck,6,Saturday,182,OFF CARRIAGEWAY ON LEFT BEND,1,730258,Not at intersection,3,80,Local Road,OLD ROSEDALE,WELLINGTON,-38.3804,146.84239,2021,5,May,11,Midday,Weekend
T20210011515,2021-05-22,12:00:00,1,Collision with vehicle,6,Saturday,110,CROSS TRAFFIC(INTERSECTIONS ONLY),1,61007,Cross intersection,3,60,Local Road,SAYLE,BALLARAT,-37.585175,143.84283,2021,5,May,12,Midday,Weekend
T20210011579,2021-05-23,05:45:00,4,Collision with a fixed object,7,Sunday,181,OFF RIGHT BEND INTO OBJECT/PARKED VEHICLE,3,690580,T intersection,2,50,Local Road,MARY,BAYSIDE,-37.974327,145.02988,2021,5,May,5,Morning Peak,Weekend
T20210011573,2021-05-23,02:49:00,1,Collision with vehicle,7,Sunday,113,RIGHT NEAR (INTERSECTIONS ONLY),3,357981,Multiple intersection,2,80,Freeway,CRANBOURNE,FRANKSTON,-38.155994,145.16913,2021,5,May,2,Late Night,Weekend
T20210011607,2021-05-23,14:09:00,1,Collision with vehicle,7,Sunday,123,RIGHT/LEFT. ONE VEH TURNING RIGHT THE OTHER LEFT.,1,39391,Cross intersection,3,60,Arterial Other,MIDDLEBOROUGH,WHITEHORSE,-37.809143,145.14056,2021,5,May,14,Midday,Weekend
T20210017318,2021-05-23,23:30:00,2,Struck Pedestrian,7,Sunday,109,ANY MANOEUVRE INVOLVING PED NOT INCLUDED IN DCAs 100-108.,3,690405,Not at intersection,3,60,Local Road,LAIRD,HOBSONS BAY,-37.87676,144.78781,2021,5,May,23,Night,Weekend
T20210011628,2021-05-23,18:15:00,4,Collision with a fixed object,7,Sunday,171,LEFT OFF CARRIAGEWAY INTO OBJECT/PARKED VEHICLE,3,684363,T intersection,3,60,Local Road,BAKEWELL,CASEY,-38.11068,145.28345,2021,5,May,18,Afternoon Peak,Weekend
T20210011634,2021-05-23,20:20:00,2,Struck Pedestrian,7,Sunday,109,ANY MANOEUVRE INVOLVING PED NOT INCLUDED IN DCAs 100-108.,3,686240,Not at intersection,2,50,Local Road,LILY,MARIBYRNONG,-37.7835,144.85057,2021,5,May,20,Night,Weekend
T20210011636,2021-05-23,21:22:00,2,Struck Pedestrian,7,Sunday,107,PED ON FOOTHPATH STRUCK BY VEHENTERING/LEAVING DRIVEWAY.,3,685309,Not at intersection,2,40,Local Road,WHITEMAN,MELBOURNE,-37.82448,144.95816,2021,5,May,21,Night,Weekend
T20210014851,2021-05-23,16:00:00,1,Collision with vehicle,7,Sunday,163,VEHICLE STRIKES DOOR OF PARKED/STATIONARY VEHICLE,1,282351,Not at intersection,3,40,Arterial Other,MALVERN,STONNINGTON,-37.84702,144.99529,2021,5,May,16,Afternoon Peak,Weekend
T20210011676,2021-05-23,15:50:00,1,Collision with vehicle,7,Sunday,137,LEFT TURN SIDESWIPE,1,39978,Cross intersection,3,50,Local Road,LESLIE,HOBSONS BAY,-37.84105,144.86967,2021,5,May,15,Afternoon Peak,Weekend
T20210011642,2021-05-23,23:00:00,2,Struck Pedestrian,7,Sunday,106,VEH STRIKES PED ON FOOTPATH/MEDIAN/TRAFFIC ISLAND.,5,689575,Not at intersection,2,50,Local Road,LINDSAY,GLENELG,-38.132748,141.62354,2021,5,May,23,Night,Weekend
T20210011976,2021-05-23,13:50:00,6,Vehicle overturned (no collision),7,Sunday,180,OFF CARRIAGEWAY ON RIGHT BEND,1,685167,Not at intersection,3,100,Local Road,MYERS CREEK,MURRINDINDI,-37.548973,145.48935,2021,5,May,13,Midday,Weekend
T20210011780,2021-05-23,22:50:00,1,Collision with vehicle,7,Sunday,110,CROSS TRAFFIC(INTERSECTIONS ONLY),3,730239,Cross intersection,3,60,Local Road,SHAWS,WYNDHAM,-37.88901,144.65259,2021,5,May,22,Night,Weekend
T20210011737,2021-05-23,19:20:00,1,Collision with vehicle,7,Sunday,163,VEHICLE STRIKES DOOR OF PARKED/STATIONARY VEHICLE,3,684421,Not at intersection,3,40,Arterial Other,KING,MELBOURNE,-37.816227,144.95566,2021,5,May,19,Night,Weekend
T20210011588,2021-05-23,09:19:00,1,Collision with vehicle,7,Sunday,115,RIGHT/LEFT FAR (INTERSECTIONS ONLY),1,644439,Multiple intersection,2,60,Arterial Other,BOLDREWOOD PARADE -BROADWAY,DAREBIN,-37.718334,145.02115,2021,5,May,9,Morning Peak,Weekend
T20210011759,2021-05-23,13:55:00,1,Collision with vehicle,7,Sunday,148,VEHICLE OFF FOOTPATH STRIKES VEH ON CARRIAGEWAY,1,686195,T intersection,2,50,Local Road,ELMHURST,MAROONDAH,-37.834393,145.27037,2021,5,May,13,Midday,Weekend