ACCIDENT_NO,ACCIDENT_DATE,ACCIDENT_TIME,ACCIDENT_TYPE,ACCIDENT_TYPE_DESC,DAY_OF_WEEK,DAY_WEEK_DESC,DCA_CODE,DCA_DESC,LIGHT_CONDITION,NODE_ID,ROAD_GEOMETRY_DESC,SEVERITY,SPEED_ZONE,RMA,ROAD_NAME,LGA_NAME,LATITUDE,LONGITUDE,YEAR,MONTH,MONTH_NAME,HOUR,TIME_PERIOD,DAY_TYPE
T20210012563,2021-05-23,12:00:00,8,No collision and no object struck,7,Sunday,180,OFF CARRIAGEWAY ON RIGHT BEND,1,730274,Not at intersection,3,80,Local Road,COCHRANES,LATROBE,-38.29587,146.52701,2021,5,May,12,Midday,Weekend
T20210011979,2021-05-23,20:00:00,4,Collision with a fixed object,7,Sunday,171,LEFT OFF CARRIAGEWAY INTO OBJECT/PARKED VEHICLE,5,684302,Not at intersection,2,60,Local Road,MT DUNEED,SURF COAST,-38.23437,144.21274,2021,5,May,20,Night,Weekend
T20210011651,2021-05-23,16:45:00,6,Vehicle overturned (no collision),7,Sunday,174,OUT OF CONTROL ON CARRIAGEWAY (ON STRAIGHT),1,36299,Cross intersection,2,30,Local Road,BARONDI,CASEY,-38.006542,145.30519,2021,5,May,16,Afternoon Peak,Weekend
T20210012430,2021-05-23,18:40:00,1,Collision with vehicle,7,Sunday,130,REAR END(VEHICLES IN SAME LANE),3,689340,T intersection,3,50,Local Road,WALSH,HUME,-37.69027,144.92227,2021,5,May,18,Afternoon Peak,Weekend
T20210011669,2021-05-23,07:45:00,6,Vehicle overturned (no collision),7,Sunday,174,OUT OF CONTROL ON CARRIAGEWAY (ON STRAIGHT),2,683959,Not at intersection,3,70,Arterial Highway,COLAC,GEELONG,-38.201733,144.30914,2021,5,May,7,Morning Peak,Weekend
T20210011582,2021-05-23,07:12:00,4,Collision with a fixed object,7,Sunday,173,RIGHT OFF CARRIAGEWAY INTO OBJECT/PARKED VEHICLE,2,690065,Not at intersection,2,60,Arterial Other,TOORAK,STONNINGTON,-37.843586,145.02977,2021,5,May,7,Morning Peak,Weekend
T20210011585,2021-05-23,09:40:00,2,Struck Pedestrian,7,Sunday,100,PED NEAR SIDE. PED HIT BY VEHICLE FROM THE RIGHT.,1,40113,Cross intersection,2,50,Local Road,DICKENS,PORT PHILLIP,-37.873177,144.98244,2021,5,May,9,Morning Peak,Weekend
T20210011589,2021-05-23,08:45:00,1,Collision with vehicle,7,Sunday,116,LEFT NEAR (INTERSECTIONS ONLY),1,47926,T intersection,2,60,Arterial Other,MARINE,PORT PHILLIP,-37.8804,144.97752,2021,5,May,8,Morning Peak,Weekend
T20210011590,2021-05-23,08:50:00,1,Collision with vehicle,7,Sunday,121,RIGHT THROUGH,1,687331,Multiple intersection,3,70,Non Arterial,GOLF LINKS,FRANKSTON,-38.181026,145.15886,2021,5,May,8,Morning Peak,Weekend
T20210011592,2021-05-23,09:50:00,1,Collision with vehicle,7,Sunday,110,CROSS TRAFFIC(INTERSECTIONS ONLY),1,52992,Cross intersection,2,60,Arterial Other,WILTSHIRE,BALLARAT,-37.584515,143.80759,2021,5,May,9,Morning Peak,Weekend
T20210011596,2021-05-23,11:00:00,1,Collision with vehicle,7,Sunday,132,RIGHT REAR.,1,685128,Not at intersection,2,60,Arterial Highway,MYRTLE,ALPINE,-36.560287,146.72304,2021,5,May,11,Midday,Weekend
T20210011601,2021-05-23,08:26:00,1,Collision with vehicle,7,Sunday,160,VEHICLE COLLIDES WITH VEHICLE PARKED ON LEFT OF ROAD,1,730230,Not at intersection,3,50,Local Road,JACANA,FRANKSTON,-38.10451,145.1783,2021,5,May,8,Morning Peak,Weekend
T20210011602,2021-05-23,13:25:00,1,Collision with vehicle,7,Sunday,130,REAR END(VEHICLES IN SAME LANE),1,689734,Not at intersection,3,60,Arterial Highway,HIGH,BENDIGO,-36.779686,144.25032,2021,5,May,13,Midday,Weekend
T20210011612,2021-05-23,15:00:00,1,Collision with vehicle,7,Sunday,110,CROSS TRAFFIC(INTERSECTIONS ONLY),1,52524,Cross intersection,3,60,Local Road,FIFTEENTH,MILDURA,-34.202568,142.1314,2021,5,May,15,Afternoon Peak,Weekend
T20210011613,2021-05-23,14:55:00,1,Collision with vehicle,7,Sunday,121,RIGHT THROUGH,1,29471,Cross intersection,3,40,Arterial Other,HIGH,STONNINGTON,-37.851055,144.98723,2021,5,May,14,Midday,Weekend
T20210011616,2021-05-23,12:25:00,2,Struck Pedestrian,7,Sunday,107,PED ON FOOTHPATH STRUCK BY VEHENTERING/LEAVING DRIVEWAY.,1,42232,Cross intersection,2,50,Arterial Highway,NEPEAN,KINGSTON,-37.960373,145.05403,2021,5,May,12,Midday,Weekend
T20210011618,2021-05-23,16:16:00,1,Collision with vehicle,7,Sunday,130,REAR END(VEHICLES IN SAME LANE),1,730231,Not at intersection,3,60,Arterial Other,GEELONG,BALLARAT,-37.60284,143.86859,2021,5,May,16,Afternoon Peak,Weekend
T20210011619,2021-05-23,17:05:00,1,Collision with vehicle,7,Sunday,110,CROSS TRAFFIC(INTERSECTIONS ONLY),2,306769,Cross intersection,2,50,Local Road,GROSSMANS,SURF COAST,-38.32141,144.31122,2021,5,May,17,Afternoon Peak,Weekend
T20210011620,2021-05-23,12:30:00,1,Collision with vehicle,7,Sunday,139,OTHER SAME DIRECTION-MANOUEVRES NOT INCLUDED IN DCAs 130-137,1,673999,Multiple intersection,3,60,Freeway,SUNSHINE,BRIMBANK,-37.75154,144.8328,2021,5,May,12,Midday,Weekend
T20210011622,2021-05-23,15:00:00,4,Collision with a fixed object,7,Sunday,181,OFF RIGHT BEND INTO OBJECT/PARKED VEHICLE,1,685133,Not at intersection,3,60,Local Road,OLD TOOLANGI-DIXONS CREEK,YARRA RANGES,-37.575493,145.436,2021,5,May,15,Afternoon Peak,Weekend
T20210011623,2021-05-23,14:40:00,5,collision with some other object,7,Sunday,183,OFF LEFT BEND INTO OBJECT/PARKED VEHICLE,1,683923,Not at intersection,3,100,Local Road,WATCHBOX,MITCHELL,-37.10026,144.5726,2021,5,May,14,Midday,Weekend
T20210011624,2021-05-23,15:50:00,1,Collision with vehicle,7,Sunday,133,LANE SIDE SWIPE (VEHICLES IN PARALLEL LANES),1,34970,Cross intersection,2,80,Arterial Other,DIAMOND CREEK,NILLUMBIK,-37.6895,145.11346,2021,5,May,15,Afternoon Peak,Weekend
T20210011627,2021-05-23,17:20:00,1,Collision with vehicle,7,Sunday,130,REAR END(VEHICLES IN SAME LANE),3,684492,Not at intersection,3,100,Freeway,CALDER,BRIMBANK,-37.709446,144.82422,2021,5,May,17,Afternoon Peak,Weekend
T20210011569,2021-05-23,01:00:00,1,Collision with vehicle,7,Sunday,110,CROSS TRAFFIC(INTERSECTIONS ONLY),5,685902,Cross intersection,2,100,Local Road,PICKFORDS,BALLARAT,-37.364487,143.7512,2021,5,May,1,Late Night,Weekend
T20210015593,2021-05-23,15:08:00,1,Collision with vehicle,7,Sunday,130,REAR END(VEHICLES IN SAME LANE),1,698347,Not at intersection,2,60,Local Road,NORMANBY,GLEN EIRA,-37.870506,145.03377,2021,5,May,15,Afternoon Peak,Weekend
T20210011939,2021-05-23,10:00:00,4,Collision with a fixed object,7,Sunday,181,OFF RIGHT BEND INTO OBJECT/PARKED VEHICLE,1,685131,Not at intersection,3,100,Arterial Other,WESTERNPORT,CARDINIA,-38.251118,145.61147,2021,5,May,10,Midday,Weekend
T20210011639,2021-05-23,23:51:00,1,Collision with vehicle,7,Sunday,113,RIGHT NEAR (INTERSECTIONS ONLY),5,339635,T intersection,2,100,Arterial Other,MCEWEN ROAD -WEBB,SHEPPARTON,-36.353706,145.03128,2021,5,May,23,Night,Weekend
T20210011695,2021-05-23,21:30:00,1,Collision with vehicle,7,Sunday,113,RIGHT NEAR (INTERSECTIONS ONLY),3,44056,Cross intersection,3,60,Local Road,HIGH,DAREBIN,-37.72691,145.00597,2021,5,May,21,Night,Weekend
T20210011725,2021-05-24,16:40:00,1,Collision with vehicle,1,Monday,120,HEAD ON (NOT OVERTAKING),2,689325,Not at intersection,3,60,Local Road,SURREY,BRIMBANK,-37.766273,144.8461,2021,5,May,16,Afternoon Peak,Weekday
T20210012312,2021-05-24,23:30:00,2,Struck Pedestrian,1,Monday,103,PED PLAYING/LYING/WORKING/STANDING ON CARRIAGEWAY.,6,715176,Not at intersection,3,50,Local Road,KELVIN,MAROONDAH,-37.81924,145.29555,2021,5,May,23,Night,Weekday
T20210011790,2021-05-24,19:55:00,1,Collision with vehicle,1,Monday,135,LANE CHANGE LEFT (NOT OVERTAKING),3,684495,Not at intersection,3,40,Arterial Other,SYDNEY,MORELAND,-37.768486,144.96188,2021,5,May,19,Night,Weekday
T20210011686,2021-05-24,15:23:00,1,Collision with vehicle,1,Monday,121,RIGHT THROUGH,1,41712,Cross intersection,2,80,Arterial Highway,DANDENONG,MONASH,-37.913017,145.1251,2021,5,May,15,Afternoon Peak,Weekday
T20210011687,2021-05-24,13:15:00,1,Collision with vehicle,1,Monday,112,LEFT FAR (INTERSECTIONS ONLY),1,37569,T intersection,3,50,Local Road,KIAMA,WHITTLESEA,-37.66234,145.01405,2021,5,May,13,Midday,Weekday
T20210011719,2021-05-24,22:30:00,1,Collision with vehicle,1,Monday,110,CROSS TRAFFIC(INTERSECTIONS ONLY),5,62992,Cross intersection,3,50,Local Road,MCEWAN,BANYULE,-37.73827,145.05334,2021,5,May,22,Night,Weekday
T20210011714,2021-05-24,00:47:00,1,Collision with vehicle,1,Monday,130,REAR END(VEHICLES IN SAME LANE),3,729460,Cross intersection,3,80,Arterial Highway,DANDENONG,MONASH,-37.914402,145.12732,2021,5,May,0,Late Night,Weekday
T20210012319,2021-05-24,13:30:00,1,Collision with vehicle,1,Monday,130,REAR END(VEHICLES IN SAME LANE),1,684672,Not at intersection,3,50,Arterial Highway,MCKILLOP,GEELONG,-38.153507,144.35818,2021,5,May,13,Midday,Weekday
T20210011713,2021-05-24,18:30:00,1,Collision with vehicle,1,Monday,130,REAR END(VEHICLES IN SAME LANE),3,688319,Not at intersection,2,80,Arterial Other,FRANKSTON-FLINDERS,MORNINGTON PENINSULA,-38.233967,145.1851,2021,5,May,18,Afternoon Peak,Weekday
T20210011683,2021-05-24,11:20:00,1,Collision with vehicle,1,Monday,110,CROSS TRAFFIC(INTERSECTIONS ONLY),1,49472,Cross intersection,3,60,Arterial Other,WATSON,MITCHELL,-37.416702,144.98206,2021,5,May,11,Midday,Weekday
T20210011712,2021-05-24,15:45:00,6,Vehicle overturned (no collision),1,Monday,180,OFF CARRIAGEWAY ON RIGHT BEND,1,687332,Not at intersection,2,100,Arterial Other,DARTMOOR-HAMILTON,GLENELG,-37.896095,141.34772,2021,5,May,15,Afternoon Peak,Weekday
T20210011766,2021-05-24,12:00:00,8,No collision and no object struck,1,Monday,174,OUT OF CONTROL ON CARRIAGEWAY (ON STRAIGHT),1,692629,Not at intersection,3,100,Local Road,COOK,MURRINDINDI,-37.416553,145.6776,2021,5,May,12,Midday,Weekday
T20210011708,2021-05-24,18:50:00,1,Collision with vehicle,1,Monday,134,LANE CHANGE RIGHT (NOT OVERTAKING),3,684115,Not at intersection,3,80,Arterial Other,SOMERTON,HUME,-37.64058,144.92816,2021,5,May,18,Afternoon Peak,Weekday
T20210011707,2021-05-24,18:45:00,1,Collision with vehicle,1,Monday,133,LANE SIDE SWIPE (VEHICLES IN PARALLEL LANES),3,37128,T intersection,3,60,Arterial Other,SOMERTON,HUME,-37.639442,144.91948,2021,5,May,18,Afternoon Peak,Weekday
T20210011706,2021-05-24,19:06:00,1,Collision with vehicle,1,Monday,130,REAR END(VEHICLES IN SAME LANE),3,686115,Not at intersection,3,80,Arterial Highway,PRINCES,DANDENONG,-37.94121,145.16577,2021,5,May,19,Night,Weekday
T20210011705,2021-05-24,15:42:00,2,Struck Pedestrian,1,Monday,102,FAR SIDE. PED HIT BY VEHICLE FROM THE LEFT,1,684493,T intersection,2,40,Local Road,VICTORIA,WHITEHORSE,-37.813583,145.10597,2021,5,May,15,Afternoon Peak,Weekday
T20210017070,2021-05-24,17:30:00,1,Collision with vehicle,1,Monday,121,RIGHT THROUGH,3,20017,Cross intersection,3,60,Arterial Highway,HIGH,BENDIGO,-36.76339,144.27068,2021,5,May,17,Afternoon Peak,Weekday
T20210011664,2021-05-24,08:45:00,4,Collision with a fixed object,1,Monday,181,OFF RIGHT BEND INTO OBJECT/PARKED VEHICLE,1,690717,Not at intersection,3,100,Local Road,ROMAWI,EAST GIPPSLAND,-37.93319,147.61237,2021,5,May,8,Morning Peak,Weekday
T20210011670,2021-05-24,12:00:00,4,Collision with a fixed object,1,Monday,171,LEFT OFF CARRIAGEWAY INTO OBJECT/PARKED VEHICLE,1,683998,Not at intersection,3,40,Local Road,SWANSTON,GEELONG,-38.150547,144.36772,2021,5,May,12,Midday,Weekday
T20210011678,2021-05-24,13:00:00,1,Collision with vehicle,1,Monday,110,CROSS TRAFFIC(INTERSECTIONS ONLY),1,51948,Cross intersection,3,50,Local Road,FRANCIS,EAST GIPPSLAND,-37.82564,147.62097,2021,5,May,13,Midday,Weekday
T20210011671,2021-05-24,08:20:00,4,Collision with a fixed object,1,Monday,171,LEFT OFF CARRIAGEWAY INTO OBJECT/PARKED VEHICLE,1,684048,Not at intersection,2,100,Arterial Highway,MIDLAND,SHEPPARTON,-36.42234,145.16338,2021,5,May,8,Morning Peak,Weekday
T20210011656,2021-05-24,08:04:00,1,Collision with vehicle,1,Monday,133,LANE SIDE SWIPE (VEHICLES IN PARALLEL LANES),1,730233,Not at intersection,2,60,Arterial Other,COOPER,WHITTLESEA,-37.651905,145.02396,2021,5,May,8,Morning Peak,Weekday
T20210011649,2021-05-24,07:50:00,1,Collision with vehicle,1,Monday,112,LEFT FAR (INTERSECTIONS ONLY),1,685201,T intersection,3,50,Arterial Other,WESLEY,GEELONG,-38.147663,144.35396,2021,5,May,7,Morning Peak,Weekday
T20210011647,2021-05-24,06:10:00,1,Collision with vehicle,1,Monday,113,RIGHT NEAR (INTERSECTIONS ONLY),2,341923,T intersection,2,80,Local Road,KURRAJONG,CASEY,-38.00207,145.31175,2021,5,May,6,Morning Peak,Weekday
T20210011668,2021-05-24,09:25:00,4,Collision with a fixed object,1,Monday,171,LEFT OFF CARRIAGEWAY INTO OBJECT/PARKED VEHICLE,1,684420,Not at intersection,2,100,Local Road,MAIN MOUNTAIN,MITCHELL,-37.312847,145.14015,2021,5,May,9,Morning Peak,Weekday
T20210011689,2021-05-24,15:22:00,4,Collision with a fixed object,1,Monday,171,LEFT OFF CARRIAGEWAY INTO OBJECT/PARKED VEHICLE,1,685382,Not at intersection,3,100,Arterial Other,WANGARATTA-WHITFIELD,WANGARATTA,-36.550255,146.38309,2021,5,May,15,Afternoon Peak,Weekday
T20210015800,2021-05-24,15:00:00,1,Collision with vehicle,1,Monday,130,REAR END(VEHICLES IN SAME LANE),1,689327,Not at intersection,3,50,Arterial Other,SYDNEY,MORELAND,-37.732296,144.96461,2021,5,May,15,Afternoon Peak,Weekday
T20210011782,2021-05-24,15:19:00,2,Struck Pedestrian,1,Monday,100,PED NEAR SIDE. PED HIT BY VEHICLE FROM THE RIGHT.,1,45513,Cross intersection,3,50,Arterial Other,MELVILLE,MORELAND,-37.762108,144.94426,2021,5,May,15,Afternoon Peak,Weekday
T20210011947,2021-05-24,15:30:00,1,Collision with vehicle,1,Monday,130,REAR END(VEHICLES IN SAME LANE),1,37287,T intersection,3,60,Local Road,HUSKISSON,WHITTLESEA,-37.664646,145.0083,2021,5,May,15,Afternoon Peak,Weekday
T20210011690,2021-05-24,15:20:00,1,Collision with vehicle,1,Monday,137,LEFT TURN SIDESWIPE,1,685635,Multiple intersection,2,80,Arterial Highway,MIDLAND,GOLDEN PLAINS,-38.04889,144.20003,2021,5,May,15,Afternoon Peak,Weekday
T20220020024,2021-05-24,18:00:00,1,Collision with vehicle,1,Monday,142,LEAVING PARKING,2,731520,Not at intersection,3,40,Local Road,STATION,HOBSONS BAY,-37.856716,144.89185,2021,5,May,18,Afternoon Peak,Weekday
T20210018910,2021-05-24,10:00:00,6,Vehicle overturned (no collision),1,Monday,174,OUT OF CONTROL ON CARRIAGEWAY (ON STRAIGHT),1,692395,Not at intersection,3,40,Local Road,GERTRUDE,YARRA,-37.805824,144.9779,2021,5,May,10,Midday,Weekday
T20210011843,2021-05-24,09:00:00,1,Collision with vehicle,1,Monday,147,VEHICLE STRIKES ANOTHER VEH WHILE EMERGING FROM DRIVEWAY,9,331282,Not at intersection,3,50,Local Road,SHELL,GEELONG,-38.2583,144.54156,2021,5,May,9,Morning Peak,Weekday
T20210011640,2021-05-24,01:28:00,4,Collision with a fixed object,1,Monday,173,RIGHT OFF CARRIAGEWAY INTO OBJECT/PARKED VEHICLE,3,44438,T intersection,2,60,Arterial Other,SHANNON,GEELONG,-38.13777,144.33694,2021,5,May,1,Late Night,Weekday
T20210011677,2021-05-24,08:30:00,1,Collision with vehicle,1,Monday,130,REAR END(VEHICLES IN SAME LANE),1,687301,Not at intersection,3,60,Arterial Highway,WARRIGAL,STONNINGTON,-37.88581,145.08961,2021,5,May,8,Morning Peak,Weekday
T20210018072,2021-05-24,17:50:00,1,Collision with vehicle,1,Monday,111,RIGHT FAR (INTERSECTIONS ONLY),6,325004,Multiple intersection,3,80,Freeway,FERNTREE GULLY,MONASH,-37.903133,145.15721,2021,5,May,17,Afternoon Peak,Weekday
T20210012112,2021-05-24,08:10:00,7,Fall from or in moving vehicle,1,Monday,190,FELL IN/FROM VEHICLE,1,781013,Not at intersection,3,100,Freeway,WESTERN RING,WYNDHAM,-37.822132,144.8105,2021,5,May,8,Morning Peak,Weekday
T20210011667,2021-05-24,10:10:00,1,Collision with vehicle,1,Monday,121,RIGHT THROUGH,1,684114,T intersection,3,60,Local Road,EVANS,CASEY,-38.107555,145.25276,2021,5,May,10,Midday,Weekday
T20210011680,2021-05-24,04:46:00,1,Collision with vehicle,1,Monday,162,ACCIDENT OR BROKEN DOWN,3,688176,Not at intersection,3,80,Freeway,MONASH,MONASH,-37.935497,145.19238,2021,5,May,4,Late Night,Weekday
T20210011960,2021-05-24,19:45:00,7,Fall from or in moving vehicle,1,Monday,149,OTHER MANOEUVRING NOT INCLUDED IN DCAs 140-148,3,710110,Not at intersection,3,50,Local Road,COPPIN,YARRA,-37.816696,145.00418,2021,5,May,19,Night,Weekday
T20210011813,2021-05-25,18:25:00,1,Collision with vehicle,2,Tuesday,130,REAR END(VEHICLES IN SAME LANE),3,690829,Not at intersection,3,70,Arterial Other,THOMPSONS,MANNINGHAM,-37.77696,145.0862,2021,5,May,18,Afternoon Peak,Weekday
T20210011812,2021-05-25,18:08:00,1,Collision with vehicle,2,Tuesday,137,LEFT TURN SIDESWIPE,3,29493,T intersection,2,60,Arterial Other,HEIDELBERG,YARRA,-37.784904,145.00217,2021,5,May,18,Afternoon Peak,Weekday
T20210011809,2021-05-25,19:15:00,1,Collision with vehicle,2,Tuesday,110,CROSS TRAFFIC(INTERSECTIONS ONLY),3,978,Cross intersection,2,60,Local Road,BRISBANE,CASEY,-38.02758,145.34807,2021,5,May,19,Night,Weekday
T20210011803,2021-05-25,14:13:00,1,Collision with vehicle,2,Tuesday,192,STRUCK TRAIN,1,693595,Not at intersection,2,100,Local Road,MERCERS,CORANGAMITE,-37.88188,143.18155,2021,5,May,14,Midday,Weekday
T20210011801,2021-05-25,18:17:00,1,Collision with vehicle,2,Tuesday,130,REAR END(VEHICLES IN SAME LANE),5,684119,Not at intersection,3,80,Arterial Highway,SURF COAST,SURF COAST,-38.302784,144.32182,2021,5,May,18,Afternoon Peak,Weekday
T20210011800,2021-05-25,18:30:00,1,Collision with vehicle,2,Tuesday,130,REAR END(VEHICLES IN SAME LANE),5,691566,Not at intersection,2,100,Arterial Other,TRARALGON-MAFFRA,WELLINGTON,-37.968952,146.94672,2021,5,May,18,Afternoon Peak,Weekday
T20210011795,2021-05-25,17:15:00,1,Collision with vehicle,2,Tuesday,163,VEHICLE STRIKES DOOR OF PARKED/STATIONARY VEHICLE,1,37693,T intersection,3,40,Local Road,CHAPEL,STONNINGTON,-37.84581,144.99435,2021,5,May,17,Afternoon Peak,Weekday
T20210011787,2021-05-25,09:45:00,1,Collision with vehicle,2,Tuesday,130,REAR END(VEHICLES IN SAME LANE),1,730240,Not at intersection,3,100,Freeway,PRINCES,HOBSONS BAY,-37.868057,144.76865,2021,5,May,9,Morning Peak,Weekday
T20210011784,2021-05-25,15:35:00,1,Collision with vehicle,2,Tuesday,111,RIGHT FAR (INTERSECTIONS ONLY),1,686219,T intersection,2,60,Local Road,WOODLANDS,KINGSTON,-37.996586,145.11946,2021,5,May,15,Afternoon Peak,Weekday
T20210011836,2021-05-25,23:27:00,4,Collision with a fixed object,2,Tuesday,175,OFF END OF ROAD/T-INTERSECTION.,3,46953,T intersection,3,40,Local Road,ARDOCH,MOONEE VALLEY,-37.747387,144.92114,2021,5,May,23,Night,Weekday
T20210011748,2021-05-25,05:05:00,6,Vehicle overturned (no collision),2,Tuesday,149,OTHER MANOEUVRING NOT INCLUDED IN DCAs 140-148,6,287021,T intersection,3,60,Local Road,WEDGE,FRANKSTON,-38.087757,145.19794,2021,5,May,5,Morning Peak,Weekday
T20210011835,2021-05-25,22:15:00,1,Collision with vehicle,2,Tuesday,110,CROSS TRAFFIC(INTERSECTIONS ONLY),3,233917,Cross intersection,2,60,Local Road,DAVIS,WYNDHAM,-37.815388,144.65686,2021,5,May,22,Night,Weekday
T20210011832,2021-05-25,20:27:00,2,Struck Pedestrian,2,Tuesday,101,PED EMERGES FROM IN FRONT OF PARKED OR STATIONARY VEHICLE,9,762570,Not at intersection,2,70,Arterial Highway,DANDENONG,GLEN EIRA,-37.876133,145.04495,2021,5,May,20,Night,Weekday
T20210011781,2021-05-25,15:20:00,2,Struck Pedestrian,2,Tuesday,102,FAR SIDE. PED HIT BY VEHICLE FROM THE LEFT,1,35367,Cross intersection,2,40,Local Road,EXHIBITION,MELBOURNE,-37.81502,144.97192,2021,5,May,15,Afternoon Peak,Weekday
T20210013692,2021-05-25,17:50:00,1,Collision with vehicle,2,Tuesday,114,TWO RIGHT TURNING (INTERSECTIONS ONLY),3,345849,T intersection,3,80,Arterial Other,KELLETTS,KNOX,-37.91127,145.24118,2021,5,May,17,Afternoon Peak,Weekday
T20210011828,2021-05-25,21:00:00,1,Collision with vehicle,2,Tuesday,147,VEHICLE STRIKES ANOTHER VEH WHILE EMERGING FROM DRIVEWAY,3,687878,Not at intersection,3,60,Arterial Other,DIMBOOLA,HUME,-37.68325,144.91743,2021,5,May,21,Night,Weekday
T20210011825,2021-05-25,15:26:00,1,Collision with vehicle,2,Tuesday,132,RIGHT REAR.,1,44628,Cross intersection,3,60,Arterial Highway,HIGH,BENDIGO,-36.77503,144.25539,2021,5,May,15,Afternoon Peak,Weekday
T20210011745,2021-05-25,10:00:00,1,Collision with vehicle,2,Tuesday,130,REAR END(VEHICLES IN SAME LANE),1,125606,Not at intersection,3,40,Local Road,LONSDALE,MELBOURNE,-37.812233,144.96242,2021,5,May,10,Midday,Weekday
T20210011972,2021-05-25,18:15:00,1,Collision with vehicle,2,Tuesday,140,U TURN,3,684222,T intersection,3,60,Arterial Highway,NEPEAN,FRANKSTON,-38.16165,145.10315,2021,5,May,18,Afternoon Peak,Weekday
T20210011742,2021-05-25,06:00:00,1,Collision with vehicle,2,Tuesday,130,REAR END(VEHICLES IN SAME LANE),3,685285,Not at intersection,3,80,Freeway,MONASH,MONASH,-37.918995,145.17204,2021,5,May,6,Morning Peak,Weekday
T20210011740,2021-05-25,10:45:00,2,Struck Pedestrian,2,Tuesday,102,FAR SIDE. PED HIT BY VEHICLE FROM THE LEFT,1,30005,Cross intersection,2,60,Arterial Highway,RAGLAN,WARRNAMBOOL,-38.380535,142.48593,2021,5,May,10,Midday,Weekday
T20210011819,2021-05-25,18:53:00,1,Collision with vehicle,2,Tuesday,130,REAR END(VEHICLES IN SAME LANE),3,684594,Not at intersection,2,80,Arterial Highway,DANDENONG,MONASH,-37.921337,145.13841,2021,5,May,18,Afternoon Peak,Weekday
T20210012231,2021-05-25,18:30:00,1,Collision with vehicle,2,Tuesday,119,OTHER ADJACENT (INTERSECTIONS ONLY),6,684503,T intersection,3,60,Local Road,THOMAS MITCHELL,WODONGA,-36.132473,146.90166,2021,5,May,18,Afternoon Peak,Weekday
T20210011738,2021-05-25,08:30:00,1,Collision with vehicle,2,Tuesday,116,LEFT NEAR (INTERSECTIONS ONLY),1,44890,T intersection,3,50,Local Road,BLAIR,HUME,-37.671974,144.93176,2021,5,May,8,Morning Peak,Weekday
T20210011736,2021-05-25,09:00:00,4,Collision with a fixed object,2,Tuesday,183,OFF LEFT BEND INTO OBJECT/PARKED VEHICLE,1,684820,Not at intersection,3,80,Arterial Other,MONBULK,YARRA RANGES,-37.823616,145.41682,2021,5,May,9,Morning Peak,Weekday
T20210011733,2021-05-25,07:30:00,1,Collision with vehicle,2,Tuesday,134,LANE CHANGE RIGHT (NOT OVERTAKING),1,684050,Not at intersection,3,100,Freeway,SOUTH GIPPSLAND,CASEY,-38.01378,145.25,2021,5,May,7,Morning Peak,Weekday
T20210014894,2021-05-25,07:24:00,1,Collision with vehicle,2,Tuesday,110,CROSS TRAFFIC(INTERSECTIONS ONLY),1,47347,Cross intersection,3,50,Local Road,DOYLE,MOONEE VALLEY,-37.761086,144.85922,2021,5,May,7,Morning Peak,Weekday
T20220000310,2021-05-25,15:15:00,1,Collision with vehicle,2,Tuesday,110,CROSS TRAFFIC(INTERSECTIONS ONLY),1,58026,Cross intersection,3,50,Local Road,NOMAD,MOONEE VALLEY,-37.72602,144.89435,2021,5,May,15,Afternoon Peak,Weekday
T20210011763,2021-05-25,12:00:00,1,Collision with vehicle,2,Tuesday,113,RIGHT NEAR (INTERSECTIONS ONLY),1,39665,T intersection,3,60,Local Road,JULL,MAROONDAH,-37.794178,145.23859,2021,5,May,12,Midday,Weekday
T20210012194,2021-05-25,07:40:00,1,Collision with vehicle,2,Tuesday,130,REAR END(VEHICLES IN SAME LANE),1,684499,Not at intersection,3,70,Arterial Highway,MELBOURNE,GEELONG,-38.126957,144.35202,2021,5,May,7,Morning Peak,Weekday
T20210011842,2021-05-25,13:52:00,8,No collision and no object struck,2,Tuesday,174,OUT OF CONTROL ON CARRIAGEWAY (ON STRAIGHT),1,37686,T intersection,3,40,Local Road,CHAPEL,STONNINGTON,-37.841633,144.9952,2021,5,May,13,Midday,Weekday
T20210011817,2021-05-25,19:22:00,1,Collision with vehicle,2,Tuesday,110,CROSS TRAFFIC(INTERSECTIONS ONLY),3,15359,Cross intersection,2,60,Local Road,OHALLORANS,GEELONG,-38.020878,144.3779,2021,5,May,19,Night,Weekday
T20210011818,2021-05-25,17:30:00,1,Collision with vehicle,2,Tuesday,113,RIGHT NEAR (INTERSECTIONS ONLY),3,352461,T intersection,3,60,Arterial Other,HERLIHYS,MANNINGHAM,-37.758335,145.12236,2021,5,May,17,Afternoon Peak,Weekday
T20210011815,2021-05-25,15:00:00,1,Collision with vehicle,2,Tuesday,147,VEHICLE STRIKES ANOTHER VEH WHILE EMERGING FROM DRIVEWAY,1,685990,Not at intersection,2,80,Arterial Highway,CHELTENHAM,DANDENONG,-37.99128,145.14735,2021,5,May,15,Afternoon Peak,Weekday
T20210014652,2021-05-25,13:48:00,1,Collision with vehicle,2,Tuesday,132,RIGHT REAR.,1,689428,Not at intersection,3,60,Arterial Other,BURWOOD,YARRA RANGES,-37.906475,145.34332,2021,5,May,13,Midday,Weekday
T20210011814,2021-05-25,18:15:00,1,Collision with vehicle,2,Tuesday,130,REAR END(VEHICLES IN SAME LANE),3,684593,Not at intersection,3,60,Arterial Other,DONCASTER,BOROONDARA,-37.790592,145.09752,2021,5,May,18,Afternoon Peak,Weekday
T20210011755,2021-05-25,10:30:00,1,Collision with vehicle,2,Tuesday,113,RIGHT NEAR (INTERSECTIONS ONLY),1,57838,T intersection,3,100,Arterial Highway,MOOROODUC,MORNINGTON PENINSULA,-38.25727,145.0777,2021,5,May,10,Midday,Weekday
T20210012248,2021-05-25,08:00:00,1,Collision with vehicle,2,Tuesday,130,REAR END(VEHICLES IN SAME LANE),1,685288,Not at intersection,3,60,Arterial Highway,SPRINGVALE,MONASH,-37.90054,145.16205,2021,5,May,8,Morning Peak,Weekday