ACCIDENT_NO,ACCIDENT_DATE,ACCIDENT_TIME,ACCIDENT_TYPE,ACCIDENT_TYPE_DESC,DAY_OF_WEEK,DAY_WEEK_DESC,DCA_CODE,DCA_DESC,LIGHT_CONDITION,NODE_ID,ROAD_GEOMETRY_DESC,SEVERITY,SPEED_ZONE,RMA,ROAD_NAME,LGA_NAME,LATITUDE,LONGITUDE,YEAR,MONTH,MONTH_NAME,HOUR,TIME_PERIOD,DAY_TYPE
T20210012250,2021-05-25,16:55:00,1,Collision with vehicle,2,Tuesday,121,RIGHT THROUGH,2,37827,T intersection,3,60,Arterial Other,NORMANBY,DAREBIN,-37.75736,144.98068,2021,5,May,16,Afternoon Peak,Weekday
T20210011751,2021-05-25,08:54:00,4,Collision with a fixed object,2,Tuesday,151,OUT OF CONTROL (OVERTAKING),1,730237,Not at intersection,3,80,Freeway,PRINCES,CARDINIA,-38.07371,145.39777,2021,5,May,8,Morning Peak,Weekday
T20210011771,2021-05-25,11:16:00,1,Collision with vehicle,2,Tuesday,110,CROSS TRAFFIC(INTERSECTIONS ONLY),1,55244,Cross intersection,3,50,Local Road,GEORGE,SWAN HILL,-34.58686,142.77618,2021,5,May,11,Midday,Weekday
T20210011831,2021-05-25,21:22:00,1,Collision with vehicle,2,Tuesday,160,VEHICLE COLLIDES WITH VEHICLE PARKED ON LEFT OF ROAD,3,690143,Not at intersection,3,50,Local Road,BELFORD,BOROONDARA,-37.799515,145.04674,2021,5,May,21,Night,Weekday
T20210011887,2021-05-26,16:20:00,2,Struck Pedestrian,3,Wednesday,100,PED NEAR SIDE. PED HIT BY VEHICLE FROM THE RIGHT.,2,61008,T intersection,2,60,Local Road,GREENHALGHS,BALLARAT,-37.585236,143.81369,2021,5,May,16,Afternoon Peak,Weekday
T20210012825,2021-05-26,13:30:00,1,Collision with vehicle,3,Wednesday,130,REAR END(VEHICLES IN SAME LANE),1,685706,Not at intersection,3,60,Arterial Other,DORSET,MAROONDAH,-37.789944,145.29176,2021,5,May,13,Midday,Weekday
T20210013498,2021-05-26,10:15:00,1,Collision with vehicle,3,Wednesday,130,REAR END(VEHICLES IN SAME LANE),1,962,T intersection,3,40,Arterial Other,MAIN,MORNINGTON PENINSULA,-38.223083,145.04085,2021,5,May,10,Midday,Weekday
T20210012078,2021-05-26,16:40:00,1,Collision with vehicle,3,Wednesday,130,REAR END(VEHICLES IN SAME LANE),1,684309,Not at intersection,3,80,Freeway,WESTERN RING,WYNDHAM,-37.823997,144.8115,2021,5,May,16,Afternoon Peak,Weekday
T20210011908,2021-05-26,20:00:00,1,Collision with vehicle,3,Wednesday,132,RIGHT REAR.,3,347698,Cross intersection,3,80,Freeway,MONASH,STONNINGTON,-37.85201,145.05257,2021,5,May,20,Night,Weekday
T20210011910,2021-05-26,15:10:00,2,Struck Pedestrian,3,Wednesday,102,FAR SIDE. PED HIT BY VEHICLE FROM THE LEFT,1,660602,T intersection,2,80,Arterial Other,WALLACE,KNOX,-37.87704,145.23828,2021,5,May,15,Afternoon Peak,Weekday
T20210011985,2021-05-26,14:45:00,1,Collision with vehicle,3,Wednesday,130,REAR END(VEHICLES IN SAME LANE),1,684304,Multiple intersection,3,80,Arterial Other,DIAMOND CREEK,NILLUMBIK,-37.689003,145.11388,2021,5,May,14,Midday,Weekday
T20210011896,2021-05-26,17:20:00,1,Collision with vehicle,3,Wednesday,130,REAR END(VEHICLES IN SAME LANE),3,684218,Not at intersection,3,80,Arterial Other,CANTERBURY,MAROONDAH,-37.832294,145.21675,2021,5,May,17,Afternoon Peak,Weekday
T20210011911,2021-05-26,18:45:00,1,Collision with vehicle,3,Wednesday,134,LANE CHANGE RIGHT (NOT OVERTAKING),6,686896,Not at intersection,2,60,Local Road,OLD GEELONG,WYNDHAM,-37.86775,144.73372,2021,5,May,18,Afternoon Peak,Weekday
T20210011912,2021-05-26,22:20:00,4,Collision with a fixed object,3,Wednesday,173,RIGHT OFF CARRIAGEWAY INTO OBJECT/PARKED VEHICLE,3,687904,Cross intersection,3,60,Arterial Highway,MCKILLOP,GEELONG,-38.154125,144.36035,2021,5,May,22,Night,Weekday
T20210011914,2021-05-26,20:08:00,1,Collision with vehicle,3,Wednesday,121,RIGHT THROUGH,5,293846,T intersection,2,60,Local Road,ROCKBANK MIDDLE,MELTON,-37.745846,144.74156,2021,5,May,20,Night,Weekday
T20210011892,2021-05-26,14:55:00,4,Collision with a fixed object,3,Wednesday,171,LEFT OFF CARRIAGEWAY INTO OBJECT/PARKED VEHICLE,1,711127,Not at intersection,2,60,Local Road,TYNDALL,EAST GIPPSLAND,-37.70071,148.46478,2021,5,May,14,Midday,Weekday
T20210017113,2021-05-26,17:14:00,1,Collision with vehicle,3,Wednesday,116,LEFT NEAR (INTERSECTIONS ONLY),1,42897,T intersection,3,60,Local Road,CORRIGAN,DANDENONG,-37.976185,145.16621,2021,5,May,17,Afternoon Peak,Weekday
T20210011893,2021-05-26,07:20:00,1,Collision with vehicle,3,Wednesday,130,REAR END(VEHICLES IN SAME LANE),2,504,Cross intersection,3,80,Arterial Highway,SPRINGVALE,WHITEHORSE,-37.818386,145.17604,2021,5,May,7,Morning Peak,Weekday
T20210011884,2021-05-26,14:30:00,1,Collision with vehicle,3,Wednesday,130,REAR END(VEHICLES IN SAME LANE),1,685282,T intersection,3,80,Arterial Highway,SPRINGVALE,DANDENONG,-37.986633,145.14537,2021,5,May,14,Midday,Weekday
T20210012278,2021-05-26,06:50:00,1,Collision with vehicle,3,Wednesday,130,REAR END(VEHICLES IN SAME LANE),2,711861,Not at intersection,3,100,Freeway,HUME,WHITTLESEA,-37.654,144.98958,2021,5,May,6,Morning Peak,Weekday
T20210011915,2021-05-26,22:04:00,1,Collision with vehicle,3,Wednesday,148,VEHICLE OFF FOOTPATH STRIKES VEH ON CARRIAGEWAY,3,686216,Not at intersection,2,60,Arterial Other,GRANGE,GLEN EIRA,-37.881832,145.04918,2021,5,May,22,Night,Weekday
T20210012865,2021-05-26,05:45:00,5,collision with some other object,3,Wednesday,166,STRUCK OBJECT ON CARRIAGEWAY,6,685467,Not at intersection,3,60,Arterial Other,BALACLAVA,GLEN EIRA,-37.87523,145.03906,2021,5,May,5,Morning Peak,Weekday
T20210011945,2021-05-26,20:00:00,1,Collision with vehicle,3,Wednesday,110,CROSS TRAFFIC(INTERSECTIONS ONLY),3,49940,Cross intersection,2,60,Local Road,MALOP,GEELONG,-38.147976,144.36325,2021,5,May,20,Night,Weekday
T20210011917,2021-05-26,16:10:00,1,Collision with vehicle,3,Wednesday,121,RIGHT THROUGH,1,684091,Not at intersection,1,100,Local Road,ZIEGLER,MOYNE,-38.388443,142.6194,2021,5,May,16,Afternoon Peak,Weekday
T20210011920,2021-05-26,21:50:00,1,Collision with vehicle,3,Wednesday,130,REAR END(VEHICLES IN SAME LANE),3,685991,Not at intersection,2,60,Arterial Highway,PRINCES,DANDENONG,-37.983894,145.21336,2021,5,May,21,Night,Weekday
T20210011921,2021-05-26,23:10:00,1,Collision with vehicle,3,Wednesday,169,OTHER ON PATH,5,684220,T intersection,3,50,Local Road,OXLEY,HUME,-37.58127,144.71155,2021,5,May,23,Night,Weekday
T20210011924,2021-05-26,22:30:00,1,Collision with vehicle,3,Wednesday,130,REAR END(VEHICLES IN SAME LANE),3,769145,Not at intersection,3,60,Arterial Other,MAIN,BRIMBANK,-37.744442,144.80168,2021,5,May,22,Night,Weekday
T20210011894,2021-05-26,17:15:00,1,Collision with vehicle,3,Wednesday,139,OTHER SAME DIRECTION-MANOUEVRES NOT INCLUDED IN DCAs 130-137,3,730245,Not at intersection,3,60,Local Road,LYGON,MELBOURNE,-37.788204,144.96909,2021,5,May,17,Afternoon Peak,Weekday
T20210011899,2021-05-26,17:37:00,1,Collision with vehicle,3,Wednesday,121,RIGHT THROUGH,2,39157,Cross intersection,3,50,Arterial Other,BALWYN,BOROONDARA,-37.81832,145.0803,2021,5,May,17,Afternoon Peak,Weekday
T20210011848,2021-05-26,09:01:00,4,Collision with a fixed object,3,Wednesday,189,OTHER ACCIDENTS ON CURVE NOT INCLUDED IN DCAs 180-184,1,730242,Not at intersection,2,40,Local Road,TAYLOR,HUME,-37.68869,144.8888,2021,5,May,9,Morning Peak,Weekday
T20210012129,2021-05-26,08:00:00,1,Collision with vehicle,3,Wednesday,113,RIGHT NEAR (INTERSECTIONS ONLY),1,253605,T intersection,3,60,Local Road,ALFRED,WYNDHAM,-37.91854,144.62025,2021,5,May,8,Morning Peak,Weekday
T20210011854,2021-05-26,09:19:00,1,Collision with vehicle,3,Wednesday,160,VEHICLE COLLIDES WITH VEHICLE PARKED ON LEFT OF ROAD,1,685283,Not at intersection,2,50,Local Road,DENVER,GLEN EIRA,-37.933544,145.06091,2021,5,May,9,Morning Peak,Weekday
T20210014859,2021-05-26,06:58:00,1,Collision with vehicle,3,Wednesday,110,CROSS TRAFFIC(INTERSECTIONS ONLY),1,45520,Cross intersection,3,60,Local Road,CAROLINE SPRINGS,MELTON,-37.72245,144.73837,2021,5,May,6,Morning Peak,Weekday
T20210011900,2021-05-26,08:35:00,1,Collision with vehicle,3,Wednesday,121,RIGHT THROUGH,1,37460,Cross intersection,3,50,Arterial Other,MONTAGUE,PORT PHILLIP,-37.830982,144.95038,2021,5,May,8,Morning Peak,Weekday
T20210011863,2021-05-26,09:15:00,1,Collision with vehicle,3,Wednesday,142,LEAVING PARKING,1,688918,Not at intersection,2,60,Local Road,MILLER,WHITTLESEA,-37.645508,145.02028,2021,5,May,9,Morning Peak,Weekday
T20210011865,2021-05-26,08:15:00,1,Collision with vehicle,3,Wednesday,133,LANE SIDE SWIPE (VEHICLES IN PARALLEL LANES),1,686147,Cross intersection,3,80,Arterial Highway,DANDENONG,DANDENONG,-37.99762,145.16237,2021,5,May,8,Morning Peak,Weekday
T20210011867,2021-05-26,13:43:00,6,Vehicle overturned (no collision),3,Wednesday,174,OUT OF CONTROL ON CARRIAGEWAY (ON STRAIGHT),1,684198,Not at intersection,3,40,Arterial Other,GLENFERRIE,STONNINGTON,-37.857773,145.0291,2021,5,May,13,Midday,Weekday
T20210012374,2021-05-26,16:15:00,8,No collision and no object struck,3,Wednesday,151,OUT OF CONTROL (OVERTAKING),1,730260,Cross intersection,3,50,Local Road,INGLEWOOD,MELTON,-37.731117,144.75937,2021,5,May,16,Afternoon Peak,Weekday
T20210011901,2021-05-26,17:45:00,1,Collision with vehicle,3,Wednesday,130,REAR END(VEHICLES IN SAME LANE),2,47385,Cross intersection,3,60,Local Road,DEVON,MORELAND,-37.721367,144.92255,2021,5,May,17,Afternoon Peak,Weekday
T20210011870,2021-05-26,06:30:00,1,Collision with vehicle,3,Wednesday,132,RIGHT REAR.,2,684998,T intersection,3,60,Local Road,ORDISH,DANDENONG,-38.01619,145.19418,2021,5,May,6,Morning Peak,Weekday
T20210011875,2021-05-26,13:50:00,1,Collision with vehicle,3,Wednesday,113,RIGHT NEAR (INTERSECTIONS ONLY),1,684299,T intersection,2,60,Arterial Other,TOORAK,STONNINGTON,-37.84429,145.03545,2021,5,May,13,Midday,Weekday
T20210013675,2021-05-26,05:30:00,1,Collision with vehicle,3,Wednesday,113,RIGHT NEAR (INTERSECTIONS ONLY),9,10752,Multiple intersection,3,60,Freeway,RACECOURSE,MOONEE VALLEY,-37.788857,144.93704,2021,5,May,5,Morning Peak,Weekday
T20210011958,2021-05-26,17:43:00,1,Collision with vehicle,3,Wednesday,130,REAR END(VEHICLES IN SAME LANE),3,57553,Cross intersection,3,70,Arterial Highway,BURWOOD,KNOX,-37.893353,145.3093,2021,5,May,17,Afternoon Peak,Weekday
T20210013297,2021-05-26,12:40:00,1,Collision with vehicle,3,Wednesday,130,REAR END(VEHICLES IN SAME LANE),1,694714,Not at intersection,3,60,Arterial Other,GRANT,BALLARAT,-37.566994,143.85788,2021,5,May,12,Midday,Weekday
T20210011904,2021-05-26,17:50:00,6,Vehicle overturned (no collision),3,Wednesday,151,OUT OF CONTROL (OVERTAKING),3,687792,Not at intersection,3,40,Arterial Other,HIGH,DAREBIN,-37.782913,144.99632,2021,5,May,17,Afternoon Peak,Weekday
T20210011906,2021-05-26,18:31:00,4,Collision with a fixed object,3,Wednesday,173,RIGHT OFF CARRIAGEWAY INTO OBJECT/PARKED VEHICLE,3,692160,Unknown,2,60,Arterial Other,GRAHAM,PORT PHILLIP,-37.839108,144.93875,2021,5,May,18,Afternoon Peak,Weekday
T20210011907,2021-05-26,17:45:00,1,Collision with vehicle,3,Wednesday,163,VEHICLE STRIKES DOOR OF PARKED/STATIONARY VEHICLE,3,684423,Not at intersection,3,40,Local Road,WELLINGTON,PORT PHILLIP,-37.856827,144.98645,2021,5,May,17,Afternoon Peak,Weekday
T20210012019,2021-05-27,18:15:00,4,Collision with a fixed object,4,Thursday,173,RIGHT OFF CARRIAGEWAY INTO OBJECT/PARKED VEHICLE,3,690008,Not at intersection,2,50,Local Road,PATULLOS,HUME,-37.62039,144.93446,2021,5,May,18,Afternoon Peak,Weekday
T20210012013,2021-05-27,21:20:00,1,Collision with vehicle,4,Thursday,121,RIGHT THROUGH,3,684514,Cross intersection,3,60,Arterial Highway,MAROONDAH,MAROONDAH,-37.81456,145.23111,2021,5,May,21,Night,Weekday
T20210012920,2021-05-27,16:00:00,1,Collision with vehicle,4,Thursday,140,U TURN,1,690705,Not at intersection,3,60,Arterial Other,ASCOT VALE,MOONEE VALLEY,-37.775703,144.92339,2021,5,May,16,Afternoon Peak,Weekday
T20210012012,2021-05-27,17:13:00,4,Collision with a fixed object,4,Thursday,171,LEFT OFF CARRIAGEWAY INTO OBJECT/PARKED VEHICLE,5,687333,Not at intersection,2,100,Arterial Other,ROMSEY,MACEDON RANGES,-37.345455,144.58157,2021,5,May,17,Afternoon Peak,Weekday
T20210012011,2021-05-27,18:10:00,1,Collision with vehicle,4,Thursday,130,REAR END(VEHICLES IN SAME LANE),3,685651,Not at intersection,2,80,Freeway,CALDER,MOONEE VALLEY,-37.735123,144.89738,2021,5,May,18,Afternoon Peak,Weekday
T20210012007,2021-05-27,19:15:00,1,Collision with vehicle,4,Thursday,121,RIGHT THROUGH,3,730246,T intersection,2,50,Arterial Other,MELVILLE,BRIMBANK,-37.71218,144.82259,2021,5,May,19,Night,Weekday
T20210012006,2021-05-27,10:00:00,1,Collision with vehicle,4,Thursday,130,REAR END(VEHICLES IN SAME LANE),1,685312,Cross intersection,3,60,Local Road,CAMMS,CASEY,-38.100437,145.29224,2021,5,May,10,Midday,Weekday
T20210012001,2021-05-27,17:45:00,1,Collision with vehicle,4,Thursday,140,U TURN,3,684225,Not at intersection,3,60,Local Road,PHILLIPSON,WANGARATTA,-36.353157,146.30522,2021,5,May,17,Afternoon Peak,Weekday
T20210012000,2021-05-27,14:43:00,4,Collision with a fixed object,4,Thursday,181,OFF RIGHT BEND INTO OBJECT/PARKED VEHICLE,1,687661,Not at intersection,2,100,Arterial Highway,PRINCES,COLAC OTWAY,-38.344486,143.38956,2021,5,May,14,Midday,Weekday
T20210013896,2021-05-27,23:00:00,8,No collision and no object struck,4,Thursday,174,OUT OF CONTROL ON CARRIAGEWAY (ON STRAIGHT),9,689738,Not at intersection,3,50,Local Road,PARK,PORT PHILLIP,-37.85858,144.97212,2021,5,May,23,Night,Weekday
T20210012113,2021-05-27,17:30:00,1,Collision with vehicle,4,Thursday,111,RIGHT FAR (INTERSECTIONS ONLY),2,687240,T intersection,3,80,Arterial Highway,SPRINGVALE,WHITEHORSE,-37.820667,145.17564,2021,5,May,17,Afternoon Peak,Weekday
T20210011949,2021-05-27,08:00:00,1,Collision with vehicle,4,Thursday,147,VEHICLE STRIKES ANOTHER VEH WHILE EMERGING FROM DRIVEWAY,1,684743,Not at intersection,3,40,Local Road,RATHMINES,DAREBIN,-37.768646,145.01756,2021,5,May,8,Morning Peak,Weekday
T20210011973,2021-05-27,13:42:00,1,Collision with vehicle,4,Thursday,111,RIGHT FAR (INTERSECTIONS ONLY),1,41442,T intersection,2,50,Local Road,COORIGIL,GLEN EIRA,-37.895107,145.05594,2021,5,May,13,Midday,Weekday
T20210012217,2021-05-27,11:00:00,1,Collision with vehicle,4,Thursday,135,LANE CHANGE LEFT (NOT OVERTAKING),1,29588,Cross intersection,3,60,Arterial Other,CANTERBURY,PORT PHILLIP,-37.85981,144.97731,2021,5,May,11,Midday,Weekday
T20210012334,2021-05-27,15:00:00,6,Vehicle overturned (no collision),4,Thursday,182,OFF CARRIAGEWAY ON LEFT BEND,1,684674,Not at intersection,3,100,Local Road,STEWARTS,WELLINGTON,-37.949577,147.0545,2021,5,May,15,Afternoon Peak,Weekday
T20210012407,2021-05-27,15:50:00,1,Collision with vehicle,4,Thursday,130,REAR END(VEHICLES IN SAME LANE),9,684855,T intersection,3,60,Arterial Other,MADDEN,YARRA,-37.82733,145.01715,2021,5,May,15,Afternoon Peak,Weekday
T20210011950,2021-05-27,11:30:00,1,Collision with vehicle,4,Thursday,116,LEFT NEAR (INTERSECTIONS ONLY),1,52924,Cross intersection,2,60,Arterial Highway,DOVETON STREET S-SKIPTON,BALLARAT,-37.567978,143.85364,2021,5,May,11,Midday,Weekday
T20210013434,2021-05-27,16:30:00,1,Collision with vehicle,4,Thursday,114,TWO RIGHT TURNING (INTERSECTIONS ONLY),9,781064,Cross intersection,3,60,Arterial Other,FEDERATION,MELTON,-37.676414,144.59764,2021,5,May,16,Afternoon Peak,Weekday
T20210011953,2021-05-27,09:15:00,1,Collision with vehicle,4,Thursday,133,LANE SIDE SWIPE (VEHICLES IN PARALLEL LANES),1,685066,T intersection,3,80,Arterial Highway,PRINCES,DANDENONG,-37.941433,145.16602,2021,5,May,9,Morning Peak,Weekday
T20210011956,2021-05-27,08:35:00,4,Collision with a fixed object,4,Thursday,181,OFF RIGHT BEND INTO OBJECT/PARKED VEHICLE,1,685279,T intersection,2,50,Local Road,KEYLANA,DANDENONG,-38.00476,145.15486,2021,5,May,8,Morning Peak,Weekday
T20210012315,2021-05-27,07:20:00,1,Collision with vehicle,4,Thursday,122,LEFT THROUGH,1,684932,Not at intersection,3,60,Arterial Highway,NAPIER,MARIBYRNONG,-37.805397,144.9051,2021,5,May,7,Morning Peak,Weekday
T20210011993,2021-05-27,17:00:00,1,Collision with vehicle,4,Thursday,130,REAR END(VEHICLES IN SAME LANE),1,684426,Not at intersection,2,60,Arterial Highway,DON STREET -HIGH,BENDIGO,-36.763515,144.27054,2021,5,May,17,Afternoon Peak,Weekday
T20210011983,2021-05-27,06:30:00,4,Collision with a fixed object,4,Thursday,171,LEFT OFF CARRIAGEWAY INTO OBJECT/PARKED VEHICLE,1,686490,T intersection,3,60,Arterial Other,PLENTY,DAREBIN,-37.72895,145.01762,2021,5,May,6,Morning Peak,Weekday
T20210012428,2021-05-27,08:10:00,1,Collision with vehicle,4,Thursday,113,RIGHT NEAR (INTERSECTIONS ONLY),1,70271,T intersection,3,50,Arterial Other,CENTRE DANDENONG,KINGSTON,-37.967182,145.07022,2021,5,May,8,Morning Peak,Weekday
T20210012823,2021-05-27,09:00:00,1,Collision with vehicle,4,Thursday,132,RIGHT REAR.,1,685655,Not at intersection,2,80,Arterial Other,MAIN,BRIMBANK,-37.747856,144.83022,2021,5,May,9,Morning Peak,Weekday
T20210011980,2021-05-27,15:51:00,2,Struck Pedestrian,4,Thursday,107,PED ON FOOTHPATH STRUCK BY VEHENTERING/LEAVING DRIVEWAY.,1,684749,Not at intersection,3,70,Arterial Other,MAIN,BANYULE,-37.728413,145.11108,2021,5,May,15,Afternoon Peak,Weekday
T20210011931,2021-05-27,07:00:00,1,Collision with vehicle,4,Thursday,121,RIGHT THROUGH,1,38779,T intersection,2,60,Arterial Highway,WHITEHALL,MARIBYRNONG,-37.814667,144.89977,2021,5,May,7,Morning Peak,Weekday
T20210011988,2021-05-27,15:46:00,1,Collision with vehicle,4,Thursday,130,REAR END(VEHICLES IN SAME LANE),1,61931,T intersection,2,80,Local Road,LEAKES,MELTON,-37.697617,144.65843,2021,5,May,15,Afternoon Peak,Weekday
T20210012023,2021-05-27,22:10:00,2,Struck Pedestrian,4,Thursday,102,FAR SIDE. PED HIT BY VEHICLE FROM THE LEFT,3,86000,Cross intersection,3,60,Arterial Other,BARKERS,BOROONDARA,-37.813145,145.02362,2021,5,May,22,Night,Weekday
T20210011946,2021-05-27,10:30:00,1,Collision with vehicle,4,Thursday,120,HEAD ON (NOT OVERTAKING),1,692988,Not at intersection,2,80,Arterial Other,KOO WEE RUP,CARDINIA,-38.139713,145.4886,2021,5,May,10,Midday,Weekday
T20210011991,2021-05-27,16:50:00,4,Collision with a fixed object,4,Thursday,181,OFF RIGHT BEND INTO OBJECT/PARKED VEHICLE,1,685311,Not at intersection,2,100,Arterial Other,WALLAN-WHITTLESEA,MITCHELL,-37.419155,145.03908,2021,5,May,16,Afternoon Peak,Weekday
T20210012068,2021-05-27,18:20:00,1,Collision with vehicle,4,Thursday,135,LANE CHANGE LEFT (NOT OVERTAKING),2,694719,Not at intersection,3,100,Freeway,WESTERN RING,HUME,-37.692886,144.93994,2021,5,May,18,Afternoon Peak,Weekday
T20210011935,2021-05-27,09:05:00,1,Collision with vehicle,4,Thursday,147,VEHICLE STRIKES ANOTHER VEH WHILE EMERGING FROM DRIVEWAY,1,684300,Not at intersection,3,50,Local Road,TARNARD,KINGSTON,-37.989395,145.11304,2021,5,May,9,Morning Peak,Weekday
T20210011937,2021-05-27,08:45:00,1,Collision with vehicle,4,Thursday,130,REAR END(VEHICLES IN SAME LANE),1,684748,Not at intersection,3,80,Arterial Other,FERNTREE GULLY,KNOX,-37.894745,145.25087,2021,5,May,8,Morning Peak,Weekday
T20210011984,2021-05-27,16:15:00,1,Collision with vehicle,4,Thursday,121,RIGHT THROUGH,1,342584,Cross intersection,3,80,Arterial Highway,DINGLEY,KINGSTON,-37.962288,145.1291,2021,5,May,16,Afternoon Peak,Weekday
T20210015315,2021-05-27,08:10:00,1,Collision with vehicle,4,Thursday,130,REAR END(VEHICLES IN SAME LANE),1,687966,Not at intersection,3,60,Arterial Highway,MIDLAND,GEELONG,-38.131275,144.34378,2021,5,May,8,Morning Peak,Weekday
T20210012977,2021-05-27,19:29:00,1,Collision with vehicle,4,Thursday,140,U TURN,3,687866,T intersection,3,80,Arterial Other,MOUNTAIN,KNOX,-37.84519,145.24059,2021,5,May,19,Night,Weekday
T20210011982,2021-05-27,06:20:00,1,Collision with vehicle,4,Thursday,130,REAR END(VEHICLES IN SAME LANE),3,684303,Not at intersection,3,100,Freeway,MONASH,MONASH,-37.893795,145.13824,2021,5,May,6,Morning Peak,Weekday
T20210011986,2021-05-27,15:19:00,1,Collision with vehicle,4,Thursday,140,U TURN,1,748154,Not at intersection,2,50,Local Road,WOOD,CASEY,-38.052162,145.3142,2021,5,May,15,Afternoon Peak,Weekday
T20210012045,2021-05-27,18:55:00,2,Struck Pedestrian,4,Thursday,102,FAR SIDE. PED HIT BY VEHICLE FROM THE LEFT,3,40951,Cross intersection,3,50,Arterial Other,MOUNTAIN,KNOX,-37.841267,145.26505,2021,5,May,18,Afternoon Peak,Weekday
T20210012028,2021-05-28,02:25:00,4,Collision with a fixed object,5,Friday,171,LEFT OFF CARRIAGEWAY INTO OBJECT/PARKED VEHICLE,3,730247,Not at intersection,3,80,Arterial Highway,BURWOOD,WHITEHORSE,-37.850426,145.11766,2021,5,May,2,Late Night,Weekday
T20210012036,2021-05-28,08:40:00,1,Collision with vehicle,5,Friday,130,REAR END(VEHICLES IN SAME LANE),1,684346,Not at intersection,3,40,Arterial Other,GEELONG-BACCHUS MARSH,MOORABOOL,-37.76722,144.43977,2021,5,May,8,Morning Peak,Weekday
T20210012037,2021-05-28,08:48:00,1,Collision with vehicle,5,Friday,113,RIGHT NEAR (INTERSECTIONS ONLY),1,41396,T intersection,3,60,Arterial Other,GRANGE,GLEN EIRA,-37.884567,145.04765,2021,5,May,8,Morning Peak,Weekday
T20210012052,2021-05-28,12:15:00,1,Collision with vehicle,5,Friday,140,U TURN,1,691642,T intersection,3,50,Local Road,HINDLE,GEELONG,-38.1977,144.33086,2021,5,May,12,Midday,Weekday
T20210012053,2021-05-28,11:30:00,4,Collision with a fixed object,5,Friday,171,LEFT OFF CARRIAGEWAY INTO OBJECT/PARKED VEHICLE,1,689486,Not at intersection,2,50,Local Road,SIDING,CARDINIA,-38.06446,145.41429,2021,5,May,11,Midday,Weekday
T20240004879,2021-05-28,15:00:00,1,Collision with vehicle,5,Friday,110,CROSS TRAFFIC(INTERSECTIONS ONLY),1,51975,Cross intersection,3,60,Local Road,COATES,EAST GIPPSLAND,-37.873432,148.00084,2021,5,May,15,Afternoon Peak,Weekday
T20210012058,2021-05-28,13:20:00,6,Vehicle overturned (no collision),5,Friday,174,OUT OF CONTROL ON CARRIAGEWAY (ON STRAIGHT),1,36827,T intersection,3,40,Arterial Other,KING,MELBOURNE,-37.810345,144.95293,2021,5,May,13,Midday,Weekday
T20210013141,2021-05-28,10:00:00,4,Collision with a fixed object,5,Friday,175,OFF END OF ROAD/T-INTERSECTION.,1,730293,T intersection,3,80,Local Road,LEVERSHA,MOUNT ALEXANDER,-36.9566,144.23491,2021,5,May,10,Midday,Weekday
T20210012060,2021-05-28,12:33:00,1,Collision with vehicle,5,Friday,110,CROSS TRAFFIC(INTERSECTIONS ONLY),1,50412,Cross intersection,3,60,Arterial Other,BACK BEACH,BASS COAST,-38.49669,145.2576,2021,5,May,12,Midday,Weekday
T20210012062,2021-05-28,15:30:00,4,Collision with a fixed object,5,Friday,173,RIGHT OFF CARRIAGEWAY INTO OBJECT/PARKED VEHICLE,1,684731,Not at intersection,2,50,Local Road,ROWELL,BOROONDARA,-37.839916,145.06085,2021,5,May,15,Afternoon Peak,Weekday
T20210012063,2021-05-28,07:30:00,1,Collision with vehicle,5,Friday,112,LEFT FAR (INTERSECTIONS ONLY),1,37052,Cross intersection,3,80,Arterial Highway,HODDLE,YARRA,-37.809612,144.99138,2021,5,May,7,Morning Peak,Weekday
T20210012065,2021-05-28,12:22:00,1,Collision with vehicle,5,Friday,110,CROSS TRAFFIC(INTERSECTIONS ONLY),1,53889,Cross intersection,3,70,Arterial Other,BALLAN,WYNDHAM,-37.89148,144.62914,2021,5,May,12,Midday,Weekday
T20210012073,2021-05-28,15:01:00,1,Collision with vehicle,5,Friday,132,RIGHT REAR.,1,694720,Not at intersection,3,80,Arterial Other,WANGARATTA,WANGARATTA,-36.376625,146.28783,2021,5,May,15,Afternoon Peak,Weekday
T20210012074,2021-05-28,18:00:00,1,Collision with vehicle,5,Friday,130,REAR END(VEHICLES IN SAME LANE),9,684308,Not at intersection,2,60,Arterial Other,COMMERCIAL,MELBOURNE,-37.84541,144.98293,2021,5,May,18,Afternoon Peak,Weekday
T20210012077,2021-05-28,17:05:00,1,Collision with vehicle,5,Friday,121,RIGHT THROUGH,2,29681,Cross intersection,3,60,Arterial Highway,WARRIGAL,KINGSTON,-37.953197,145.07677,2021,5,May,17,Afternoon Peak,Weekday
T20210012080,2021-05-28,18:20:00,1,Collision with vehicle,5,Friday,113,RIGHT NEAR (INTERSECTIONS ONLY),3,684733,T intersection,3,60,Local Road,STEAD,WODONGA,-36.10716,146.84068,2021,5,May,18,Afternoon Peak,Weekday
T20210012081,2021-05-28,17:12:00,1,Collision with vehicle,5,Friday,113,RIGHT NEAR (INTERSECTIONS ONLY),3,688055,T intersection,2,80,Local Road,KNOWLES,DANDENONG,-38.02929,145.24422,2021,5,May,17,Afternoon Peak,Weekday
T20210012090,2021-05-28,14:00:00,1,Collision with vehicle,5,Friday,130,REAR END(VEHICLES IN SAME LANE),1,769120,Not at intersection,3,100,Arterial Other,GEMBROOK-LAUNCHING PLACE,CARDINIA,-37.919918,145.56412,2021,5,May,14,Midday,Weekday