ACCIDENT_NO,ACCIDENT_DATE,ACCIDENT_TIME,ACCIDENT_TYPE,ACCIDENT_TYPE_DESC,DAY_OF_WEEK,DAY_WEEK_DESC,DCA_CODE,DCA_DESC,LIGHT_CONDITION,NODE_ID,ROAD_GEOMETRY_DESC,SEVERITY,SPEED_ZONE,RMA,ROAD_NAME,LGA_NAME,LATITUDE,LONGITUDE,YEAR,MONTH,MONTH_NAME,HOUR,TIME_PERIOD,DAY_TYPE
T20210012093,2021-05-28,18:10:00,4,Collision with a fixed object,5,Friday,171,LEFT OFF CARRIAGEWAY INTO OBJECT/PARKED VEHICLE,5,684732,Not at intersection,3,100,Arterial Other,COLAC-BALLARAT,GOLDEN PLAINS,-37.80114,143.76619,2021,5,May,18,Afternoon Peak,Weekday
T20210012095,2021-05-28,00:30:00,1,Collision with vehicle,5,Friday,148,VEHICLE OFF FOOTPATH STRIKES VEH ON CARRIAGEWAY,3,684350,Not at intersection,3,50,Local Road,ST GEORGES BIKE,DAREBIN,-37.760662,144.99301,2021,5,May,0,Late Night,Weekday
T20210012099,2021-05-28,21:50:00,1,Collision with vehicle,5,Friday,110,CROSS TRAFFIC(INTERSECTIONS ONLY),3,42627,Cross intersection,3,60,Local Road,GLADSTONE,DANDENONG,-37.96155,145.2064,2021,5,May,21,Night,Weekday
T20210012117,2021-05-28,13:25:00,9,Other accident,5,Friday,139,OTHER SAME DIRECTION-MANOUEVRES NOT INCLUDED IN DCAs 130-137,1,684427,Not at intersection,3,50,Arterial Other,LYLE,YARRIAMBIACK,-36.25324,142.38867,2021,5,May,13,Midday,Weekday
T20210012239,2021-05-28,18:37:00,8,No collision and no object struck,5,Friday,174,OUT OF CONTROL ON CARRIAGEWAY (ON STRAIGHT),3,687433,T intersection,3,50,Local Road,HUTTON,DAREBIN,-37.75434,144.98495,2021,5,May,18,Afternoon Peak,Weekday
T20210012277,2021-05-28,08:40:00,1,Collision with vehicle,5,Friday,111,RIGHT FAR (INTERSECTIONS ONLY),1,730257,T intersection,3,100,Local Road,GRAND RIDGE,SOUTH GIPPSLAND,-38.355904,146.10802,2021,5,May,8,Morning Peak,Weekday
T20210016497,2021-05-28,15:15:00,1,Collision with vehicle,5,Friday,130,REAR END(VEHICLES IN SAME LANE),1,730807,Not at intersection,3,80,Freeway,WEST GATE,HOBSONS BAY,-37.82444,144.87006,2021,5,May,15,Afternoon Peak,Weekday
T20210013889,2021-05-28,09:15:00,1,Collision with vehicle,5,Friday,119,OTHER ADJACENT (INTERSECTIONS ONLY),1,234110,T intersection,3,50,Local Road,GARTON,YARRA,-37.780144,144.96437,2021,5,May,9,Morning Peak,Weekday
T20210012025,2021-05-28,02:35:00,1,Collision with vehicle,5,Friday,140,U TURN,3,687667,Not at intersection,3,80,Local Road,MCKOY,WODONGA,-36.106,146.83127,2021,5,May,2,Late Night,Weekday
T20210012133,2021-05-29,20:13:00,1,Collision with vehicle,6,Saturday,121,RIGHT THROUGH,3,29377,Cross intersection,2,60,Arterial Other,KING,MELBOURNE,-37.805504,144.94865,2021,5,May,20,Night,Weekend
T20210012154,2021-05-29,18:10:00,1,Collision with vehicle,6,Saturday,110,CROSS TRAFFIC(INTERSECTIONS ONLY),3,863,Cross intersection,3,60,Arterial Highway,BELL,MORELAND,-37.741314,144.9666,2021,5,May,18,Afternoon Peak,Weekend
T20210012116,2021-05-29,11:15:00,1,Collision with vehicle,6,Saturday,140,U TURN,1,730252,Not at intersection,2,40,Arterial Other,SHANNON,GEELONG,-38.13538,144.3374,2021,5,May,11,Midday,Weekend
T20210012124,2021-05-29,17:08:00,1,Collision with vehicle,6,Saturday,130,REAR END(VEHICLES IN SAME LANE),2,689902,Not at intersection,2,50,Local Road,WEST,MORELAND,-37.70426,144.93883,2021,5,May,17,Afternoon Peak,Weekend
T20210012122,2021-05-29,15:50:00,4,Collision with a fixed object,6,Saturday,171,LEFT OFF CARRIAGEWAY INTO OBJECT/PARKED VEHICLE,1,773124,Not at intersection,2,50,Local Road,MONIER,GEELONG,-38.13555,144.31322,2021,5,May,15,Afternoon Peak,Weekend
T20210012120,2021-05-29,08:00:00,5,collision with some other object,6,Saturday,166,STRUCK OBJECT ON CARRIAGEWAY,1,36880,Cross intersection,2,60,Arterial Other,CLARENDON,PORT PHILLIP,-37.82968,144.95905,2021,5,May,8,Morning Peak,Weekend
T20210012443,2021-05-29,14:00:00,1,Collision with vehicle,6,Saturday,116,LEFT NEAR (INTERSECTIONS ONLY),1,684917,Cross intersection,3,60,Local Road,ARENA,HUME,-37.628273,144.91551,2021,5,May,14,Midday,Weekend
T20210012101,2021-05-29,06:55:00,1,Collision with vehicle,6,Saturday,160,VEHICLE COLLIDES WITH VEHICLE PARKED ON LEFT OF ROAD,5,730249,Not at intersection,3,80,Arterial Other,KANGAROO GROUND-WARRANDYTE,NILLUMBIK,-37.713333,145.22241,2021,5,May,6,Morning Peak,Weekend
T20210012107,2021-05-29,09:20:00,5,collision with some other object,6,Saturday,166,STRUCK OBJECT ON CARRIAGEWAY,1,684461,Not at intersection,2,70,Arterial Highway,DANDENONG,MONASH,-37.89297,145.08943,2021,5,May,9,Morning Peak,Weekend
T20210012185,2021-05-30,20:40:00,3,Struck animal,7,Sunday,167,STRUCK ANIMAL,5,684530,Not at intersection,2,100,Arterial Other,BACCHUS MARSH,MACEDON RANGES,-37.50683,144.48364,2021,5,May,20,Night,Weekend
T20210012182,2021-05-30,20:30:00,1,Collision with vehicle,7,Sunday,121,RIGHT THROUGH,3,278624,Cross intersection,2,50,Local Road,EDGARS,WHITTLESEA,-37.620754,145.00523,2021,5,May,20,Night,Weekend
T20210012181,2021-05-30,14:45:00,4,Collision with a fixed object,7,Sunday,173,RIGHT OFF CARRIAGEWAY INTO OBJECT/PARKED VEHICLE,1,687018,Not at intersection,2,100,Arterial Other,BENGWORDEN,WELLINGTON,-38.004192,147.26187,2021,5,May,14,Midday,Weekend
T20210012155,2021-05-30,13:30:00,1,Collision with vehicle,7,Sunday,113,RIGHT NEAR (INTERSECTIONS ONLY),1,42698,T intersection,2,60,Arterial Other,BEACH,BAYSIDE,-37.982338,145.02061,2021,5,May,13,Midday,Weekend
T20210012177,2021-05-30,19:26:00,4,Collision with a fixed object,7,Sunday,171,LEFT OFF CARRIAGEWAY INTO OBJECT/PARKED VEHICLE,3,691183,Not at intersection,3,80,Arterial Highway,SPRINGVALE,MONASH,-37.904644,145.1612,2021,5,May,19,Night,Weekend
T20210012169,2021-05-30,16:21:00,4,Collision with a fixed object,7,Sunday,171,LEFT OFF CARRIAGEWAY INTO OBJECT/PARKED VEHICLE,1,686769,Not at intersection,2,80,Arterial Other,BALNARRING,MORNINGTON PENINSULA,-38.332714,145.09499,2021,5,May,16,Afternoon Peak,Weekend
T20210012151,2021-05-30,10:32:00,1,Collision with vehicle,7,Sunday,110,CROSS TRAFFIC(INTERSECTIONS ONLY),1,610123,Cross intersection,2,80,Arterial Other,BERWICK-CRANBOURNE ROAD -CLYDE,CASEY,-38.074493,145.33534,2021,5,May,10,Midday,Weekend
T20210012140,2021-05-30,05:30:00,4,Collision with a fixed object,7,Sunday,173,RIGHT OFF CARRIAGEWAY INTO OBJECT/PARKED VEHICLE,5,687664,Not at intersection,2,100,Arterial Other,BENALLA-YARRAWONGA,MOIRA,-36.205414,145.96718,2021,5,May,5,Morning Peak,Weekend
T20210012188,2021-05-30,16:00:00,1,Collision with vehicle,7,Sunday,133,LANE SIDE SWIPE (VEHICLES IN PARALLEL LANES),1,684498,Cross intersection,3,60,Local Road,CAROLINE SPRINGS,MELTON,-37.726273,144.73932,2021,5,May,16,Afternoon Peak,Weekend
T20210012171,2021-05-30,17:58:00,1,Collision with vehicle,7,Sunday,140,U TURN,2,684850,Not at intersection,3,60,Local Road,POPLAR,SHEPPARTON,-36.39904,145.41154,2021,5,May,17,Afternoon Peak,Weekend
T20210012159,2021-05-30,13:25:00,8,No collision and no object struck,7,Sunday,170,OFF CARRIAGEWAY TO LEFT,1,686823,Not at intersection,2,100,Arterial Highway,BASS,SOUTH GIPPSLAND,-38.59161,145.79753,2021,5,May,13,Midday,Weekend
T20210012158,2021-05-30,11:20:00,4,Collision with a fixed object,7,Sunday,181,OFF RIGHT BEND INTO OBJECT/PARKED VEHICLE,1,684641,Not at intersection,2,60,Arterial Other,MAIN HURSTBRIDGE,NILLUMBIK,-37.674084,145.1567,2021,5,May,11,Midday,Weekend
T20210012157,2021-05-30,00:30:00,4,Collision with a fixed object,7,Sunday,171,LEFT OFF CARRIAGEWAY INTO OBJECT/PARKED VEHICLE,5,684701,Cross intersection,2,100,Arterial Other,BORUNG,YARRIAMBIACK,-36.339893,142.22585,2021,5,May,0,Late Night,Weekend
T20210012205,2021-05-30,13:05:00,1,Collision with vehicle,7,Sunday,116,LEFT NEAR (INTERSECTIONS ONLY),1,45537,Cross intersection,3,60,Local Road,FOURTEENTH,MILDURA,-34.21868,142.17142,2021,5,May,13,Midday,Weekend
T20210012156,2021-05-30,10:56:00,1,Collision with vehicle,7,Sunday,111,RIGHT FAR (INTERSECTIONS ONLY),1,42644,Cross intersection,3,60,Local Road,CARLTON,DANDENONG,-37.959263,145.20683,2021,5,May,10,Midday,Weekend
T20210012214,2021-05-30,09:15:00,1,Collision with vehicle,7,Sunday,112,LEFT FAR (INTERSECTIONS ONLY),9,688849,T intersection,3,100,Local Road,SCRUBBY CREEK,WHITTLESEA,-37.51578,145.15419,2021,5,May,9,Morning Peak,Weekend
T20210012246,2021-05-31,20:00:00,6,Vehicle overturned (no collision),1,Monday,170,OFF CARRIAGEWAY TO LEFT,3,45206,Cross intersection,2,60,Arterial Other,HAMPSTEAD ROAD -WESTS,MARIBYRNONG,-37.775032,144.8811,2021,5,May,20,Night,Weekday
T20210014197,2021-05-31,21:00:00,1,Collision with vehicle,1,Monday,160,VEHICLE COLLIDES WITH VEHICLE PARKED ON LEFT OF ROAD,6,689427,Not at intersection,3,50,Local Road,HEATHERHILL,FRANKSTON,-38.16147,145.15521,2021,5,May,21,Night,Weekday
T20210012527,2021-05-31,18:20:00,1,Collision with vehicle,1,Monday,121,RIGHT THROUGH,3,44435,Cross intersection,2,60,Arterial Other,SEPARATION,GEELONG,-38.110107,144.33751,2021,5,May,18,Afternoon Peak,Weekday
T20210012434,2021-05-31,18:08:00,1,Collision with vehicle,1,Monday,130,REAR END(VEHICLES IN SAME LANE),1,691264,Not at intersection,3,60,Local Road,MILLER,WHITTLESEA,-37.63709,145.02184,2021,5,May,18,Afternoon Peak,Weekday
T20210012235,2021-05-31,17:00:00,1,Collision with vehicle,1,Monday,113,RIGHT NEAR (INTERSECTIONS ONLY),2,45263,T intersection,2,100,Freeway,PRINCES,CARDINIA,-38.068233,145.59036,2021,5,May,17,Afternoon Peak,Weekday
T20210012237,2021-05-31,15:17:00,4,Collision with a fixed object,1,Monday,175,OFF END OF ROAD/T-INTERSECTION.,1,684504,T intersection,3,50,Local Road,BILLING,DANDENONG,-37.959393,145.1545,2021,5,May,15,Afternoon Peak,Weekday
T20210012238,2021-05-31,17:06:00,1,Collision with vehicle,1,Monday,110,CROSS TRAFFIC(INTERSECTIONS ONLY),2,890,Cross intersection,2,80,Arterial Highway,FRANKSTON-DANDENONG,DANDENONG,-38.01461,145.21535,2021,5,May,17,Afternoon Peak,Weekday
T20210012504,2021-05-31,07:38:00,1,Collision with vehicle,1,Monday,130,REAR END(VEHICLES IN SAME LANE),1,730272,Not at intersection,3,100,Arterial Other,BALLAN,WYNDHAM,-37.81548,144.51802,2021,5,May,7,Morning Peak,Weekday
T20210012240,2021-05-31,17:45:00,1,Collision with vehicle,1,Monday,113,RIGHT NEAR (INTERSECTIONS ONLY),3,640322,T intersection,3,60,Local Road,AITKEN,HUME,-37.58166,144.91483,2021,5,May,17,Afternoon Peak,Weekday
T20210012251,2021-05-31,21:20:00,4,Collision with a fixed object,1,Monday,171,LEFT OFF CARRIAGEWAY INTO OBJECT/PARKED VEHICLE,5,689865,Not at intersection,2,100,Arterial Highway,GLENELG,SOUTHERN GRAMPIANS,-37.646675,142.43025,2021,5,May,21,Night,Weekday
T20210012242,2021-05-31,18:32:00,4,Collision with a fixed object,1,Monday,183,OFF LEFT BEND INTO OBJECT/PARKED VEHICLE,3,691283,Not at intersection,2,80,Freeway,WESTERN,BALLARAT,-37.559593,143.91927,2021,5,May,18,Afternoon Peak,Weekday
T20210012243,2021-05-31,18:50:00,4,Collision with a fixed object,1,Monday,171,LEFT OFF CARRIAGEWAY INTO OBJECT/PARKED VEHICLE,5,684851,T intersection,2,60,Local Road,MELALUKA,GEELONG,-38.20112,144.45264,2021,5,May,18,Afternoon Peak,Weekday
T20210012259,2021-05-31,08:00:00,1,Collision with vehicle,1,Monday,113,RIGHT NEAR (INTERSECTIONS ONLY),1,45059,T intersection,3,60,Arterial Other,MCINTYRE,BRIMBANK,-37.771603,144.82973,2021,5,May,8,Morning Peak,Weekday
T20210012502,2021-05-31,09:30:00,1,Collision with vehicle,1,Monday,110,CROSS TRAFFIC(INTERSECTIONS ONLY),1,684919,Cross intersection,2,50,Local Road,SHAFTON,MONASH,-37.90361,145.1081,2021,5,May,9,Morning Peak,Weekday
T20210013344,2021-05-31,17:45:00,2,Struck Pedestrian,1,Monday,109,ANY MANOEUVRE INVOLVING PED NOT INCLUDED IN DCAs 100-108.,2,685884,Not at intersection,2,60,Local Road,GRANT,MURRINDINDI,-37.19257,145.71004,2021,5,May,17,Afternoon Peak,Weekday
T20210012198,2021-05-31,06:20:00,1,Collision with vehicle,1,Monday,121,RIGHT THROUGH,3,45338,T intersection,2,80,Arterial Other,BALLARTO,CARDINIA,-38.15366,145.4855,2021,5,May,6,Morning Peak,Weekday
T20210014340,2021-05-31,18:00:00,2,Struck Pedestrian,1,Monday,102,FAR SIDE. PED HIT BY VEHICLE FROM THE LEFT,3,689601,Not at intersection,2,50,Local Road,EMPRESS,GEELONG,-38.23982,144.5418,2021,5,May,18,Afternoon Peak,Weekday
T20210013219,2021-05-31,13:00:00,1,Collision with vehicle,1,Monday,132,RIGHT REAR.,1,36395,Cross intersection,2,60,Local Road,CANNING,MELBOURNE,-37.795216,144.97331,2021,5,May,13,Midday,Weekday
T20210012201,2021-05-31,05:20:00,1,Collision with vehicle,1,Monday,130,REAR END(VEHICLES IN SAME LANE),3,730254,Not at intersection,2,100,Freeway,MONASH,STONNINGTON,-37.879696,145.08514,2021,5,May,5,Morning Peak,Weekday
T20210012202,2021-05-31,05:29:00,1,Collision with vehicle,1,Monday,135,LANE CHANGE LEFT (NOT OVERTAKING),3,741321,Not at intersection,2,80,Freeway,MONASH,STONNINGTON,-37.876995,145.07553,2021,5,May,5,Morning Peak,Weekday
T20210012204,2021-05-31,07:00:00,1,Collision with vehicle,1,Monday,130,REAR END(VEHICLES IN SAME LANE),3,779497,Not at intersection,3,80,Freeway,WESTERN RING,BRIMBANK,-37.75073,144.83194,2021,5,May,7,Morning Peak,Weekday
T20210012206,2021-05-31,09:15:00,1,Collision with vehicle,1,Monday,111,RIGHT FAR (INTERSECTIONS ONLY),1,45516,T intersection,2,80,Arterial Other,MELTON,MELTON,-37.683125,144.66124,2021,5,May,9,Morning Peak,Weekday
T20210012228,2021-05-31,14:08:00,4,Collision with a fixed object,1,Monday,173,RIGHT OFF CARRIAGEWAY INTO OBJECT/PARKED VEHICLE,1,730256,Not at intersection,2,100,Arterial Highway,DANDENONG-HASTINGS,CASEY,-38.082024,145.23875,2021,5,May,14,Midday,Weekday
T20210012219,2021-05-31,12:08:00,1,Collision with vehicle,1,Monday,121,RIGHT THROUGH,1,40727,T intersection,3,60,Arterial Other,MIDDLEBOROUGH,WHITEHORSE,-37.83605,145.1353,2021,5,May,12,Midday,Weekday
T20210012223,2021-05-31,13:53:00,1,Collision with vehicle,1,Monday,111,RIGHT FAR (INTERSECTIONS ONLY),1,41303,T intersection,3,50,Local Road,BAMBRA,GLEN EIRA,-37.889465,145.02846,2021,5,May,13,Midday,Weekday
T20210012224,2021-05-31,06:33:00,1,Collision with vehicle,1,Monday,160,VEHICLE COLLIDES WITH VEHICLE PARKED ON LEFT OF ROAD,1,688321,Not at intersection,2,60,Local Road,ROXBURGH PARK,HUME,-37.62849,144.92096,2021,5,May,6,Morning Peak,Weekday
T20210012227,2021-05-31,13:38:00,1,Collision with vehicle,1,Monday,133,LANE SIDE SWIPE (VEHICLES IN PARALLEL LANES),1,692887,Not at intersection,2,60,Arterial Other,PLENTY,WHITTLESEA,-37.63212,145.0963,2021,5,May,13,Midday,Weekday
T20210013271,2021-05-31,05:00:00,3,Struck animal,1,Monday,167,STRUCK ANIMAL,2,686294,Not at intersection,3,100,Freeway,WESTERN,MELTON,-37.741302,144.69077,2021,5,May,5,Morning Peak,Weekday
T20210012273,2021-06-01,08:07:00,1,Collision with vehicle,2,Tuesday,152,PULLING OUT (OVERTAKING),1,68747,T intersection,2,60,Arterial Other,JELLS,MONASH,-37.8941,145.19145,2021,6,June,8,Morning Peak,Weekday
T20210012454,2021-06-01,18:35:00,4,Collision with a fixed object,2,Tuesday,183,OFF LEFT BEND INTO OBJECT/PARKED VEHICLE,5,695200,Not at intersection,3,100,Arterial Other,OMEO,TOWONG,-36.289345,147.23451,2021,6,June,18,Afternoon Peak,Weekday
T20210012266,2021-06-01,08:50:00,6,Vehicle overturned (no collision),2,Tuesday,180,OFF CARRIAGEWAY ON RIGHT BEND,1,686751,Not at intersection,3,60,Arterial Other,TRARALGON-MAFFRA,WELLINGTON,-38.015816,146.7023,2021,6,June,8,Morning Peak,Weekday
T20210012262,2021-06-01,06:30:00,3,Struck animal,2,Tuesday,167,STRUCK ANIMAL,5,684597,Not at intersection,3,90,Arterial Other,WALLAN-WHITTLESEA,MITCHELL,-37.434986,145.0598,2021,6,June,6,Morning Peak,Weekday
T20210015143,2021-06-01,13:30:00,4,Collision with a fixed object,2,Tuesday,183,OFF LEFT BEND INTO OBJECT/PARKED VEHICLE,1,689505,Not at intersection,2,60,Local Road,STOCKDALE,MACEDON RANGES,-37.403683,144.89748,2021,6,June,13,Midday,Weekday
T20210012282,2021-06-01,11:05:00,1,Collision with vehicle,2,Tuesday,110,CROSS TRAFFIC(INTERSECTIONS ONLY),1,36888,Cross intersection,2,40,Local Road,LITTLE COLLINS,MELBOURNE,-37.815945,144.96114,2021,6,June,11,Midday,Weekday
T20210012283,2021-06-01,12:36:00,4,Collision with a fixed object,2,Tuesday,171,LEFT OFF CARRIAGEWAY INTO OBJECT/PARKED VEHICLE,1,781072,Not at intersection,3,80,Local Road,HENDERSONS,MORNINGTON PENINSULA,-38.34095,145.16707,2021,6,June,12,Midday,Weekday
T20210017436,2021-06-01,04:39:00,1,Collision with vehicle,2,Tuesday,135,LANE CHANGE LEFT (NOT OVERTAKING),2,781071,Not at intersection,3,100,Freeway,WESTERN RING IN-WESTERN,BRIMBANK,-37.767776,144.79958,2021,6,June,4,Late Night,Weekday
T20210012309,2021-06-01,17:40:00,2,Struck Pedestrian,2,Tuesday,102,FAR SIDE. PED HIT BY VEHICLE FROM THE LEFT,3,685168,Not at intersection,2,50,Local Road,SPRINGFIELD,WHITEHORSE,-37.80892,145.13875,2021,6,June,17,Afternoon Peak,Weekday
T20210012294,2021-06-01,13:30:00,3,Struck animal,2,Tuesday,167,STRUCK ANIMAL,1,685082,Not at intersection,3,40,Local Road,PHILLIPS,WEST WIMMERA,-36.380314,141.24486,2021,6,June,13,Midday,Weekday
T20210012305,2021-06-01,17:35:00,1,Collision with vehicle,2,Tuesday,120,HEAD ON (NOT OVERTAKING),3,1147,T intersection,2,80,Arterial Other,ARTHURS SEAT ROAD -WHITE HILL,MORNINGTON PENINSULA,-38.36937,145.00508,2021,6,June,17,Afternoon Peak,Weekday
T20210012360,2021-06-02,15:46:00,1,Collision with vehicle,3,Wednesday,113,RIGHT NEAR (INTERSECTIONS ONLY),1,45918,T intersection,3,50,Local Road,DYER,WYNDHAM,-37.872696,144.69394,2021,6,June,15,Afternoon Peak,Weekday
T20210012352,2021-06-02,13:35:00,1,Collision with vehicle,3,Wednesday,110,CROSS TRAFFIC(INTERSECTIONS ONLY),1,43788,Cross intersection,3,60,Arterial Other,CLEGG,YARRA RANGES,-37.782345,145.41853,2021,6,June,13,Midday,Weekday
T20210012359,2021-06-02,15:55:00,2,Struck Pedestrian,3,Wednesday,103,PED PLAYING/LYING/WORKING/STANDING ON CARRIAGEWAY.,1,687470,Not at intersection,2,50,Local Road,MITTA MITTA,HUME,-37.643555,144.92647,2021,6,June,15,Afternoon Peak,Weekday
T20210012370,2021-06-02,22:45:00,4,Collision with a fixed object,3,Wednesday,171,LEFT OFF CARRIAGEWAY INTO OBJECT/PARKED VEHICLE,3,685860,Not at intersection,2,70,Arterial Highway,SURFCOAST,GEELONG,-38.217,144.33842,2021,6,June,22,Night,Weekday
T20210012442,2021-06-02,18:20:00,2,Struck Pedestrian,3,Wednesday,100,PED NEAR SIDE. PED HIT BY VEHICLE FROM THE RIGHT.,2,29358,Cross intersection,3,50,Local Road,EWING,MORELAND,-37.775436,144.9672,2021,6,June,18,Afternoon Peak,Weekday
T20210012743,2021-06-02,05:36:00,1,Collision with vehicle,3,Wednesday,110,CROSS TRAFFIC(INTERSECTIONS ONLY),9,685391,Cross intersection,3,80,Arterial Other,CRAIGIEBURN ROAD -MICKLEHAM,HUME,-37.58972,144.87947,2021,6,June,5,Morning Peak,Weekday
T20210012362,2021-06-02,17:15:00,4,Collision with a fixed object,3,Wednesday,183,OFF LEFT BEND INTO OBJECT/PARKED VEHICLE,2,699910,Not at intersection,2,60,Local Road,BASIN-OLINDA,YARRA RANGES,-37.8535,145.34738,2021,6,June,17,Afternoon Peak,Weekday
T20210012341,2021-06-02,10:40:00,1,Collision with vehicle,3,Wednesday,110,CROSS TRAFFIC(INTERSECTIONS ONLY),1,222039,Cross intersection,3,60,Arterial Other,VICTORIA,YARRA,-37.807724,144.97322,2021,6,June,10,Midday,Weekday
T20210012353,2021-06-02,12:50:00,4,Collision with a fixed object,3,Wednesday,183,OFF LEFT BEND INTO OBJECT/PARKED VEHICLE,1,686770,Not at intersection,2,100,Local Road,LOCH-POOWONG,SOUTH GIPPSLAND,-38.350243,145.762,2021,6,June,12,Midday,Weekday
T20210012344,2021-06-02,12:00:00,2,Struck Pedestrian,3,Wednesday,101,PED EMERGES FROM IN FRONT OF PARKED OR STATIONARY VEHICLE,1,689692,Not at intersection,3,50,Arterial Highway,ALEXANDRA,YARRA,-37.794403,144.99228,2021,6,June,12,Midday,Weekday
T20210014910,2021-06-02,07:05:00,1,Collision with vehicle,3,Wednesday,130,REAR END(VEHICLES IN SAME LANE),9,687703,Not at intersection,3,60,Local Road,PATULLOS,GEELONG,-38.022846,144.39626,2021,6,June,7,Morning Peak,Weekday
T20210012455,2021-06-02,17:20:00,1,Collision with vehicle,3,Wednesday,130,REAR END(VEHICLES IN SAME LANE),9,694632,Not at intersection,3,80,Freeway,WESTERN RING,MORELAND,-37.69947,144.89633,2021,6,June,17,Afternoon Peak,Weekday
T20210012321,2021-06-02,07:00:00,1,Collision with vehicle,3,Wednesday,113,RIGHT NEAR (INTERSECTIONS ONLY),2,44220,Cross intersection,3,60,Arterial Other,HIGH,WHITTLESEA,-37.640488,145.02657,2021,6,June,7,Morning Peak,Weekday
T20210012327,2021-06-02,07:06:00,1,Collision with vehicle,3,Wednesday,113,RIGHT NEAR (INTERSECTIONS ONLY),3,41762,T intersection,1,80,Arterial Highway,WELLINGTON,MONASH,-37.91727,145.1471,2021,6,June,7,Morning Peak,Weekday
T20210012330,2021-06-02,05:46:00,1,Collision with vehicle,3,Wednesday,111,RIGHT FAR (INTERSECTIONS ONLY),3,692162,T intersection,2,50,Arterial Highway,BENALLA,SHEPPARTON,-36.38509,145.42073,2021,6,June,5,Morning Peak,Weekday
T20210012342,2021-06-02,13:00:00,1,Collision with vehicle,3,Wednesday,130,REAR END(VEHICLES IN SAME LANE),1,323,T intersection,2,60,Arterial Highway,QUEENS,PORT PHILLIP,-37.849483,144.97801,2021,6,June,13,Midday,Weekday
T20210012364,2021-06-02,14:54:00,1,Collision with vehicle,3,Wednesday,149,OTHER MANOEUVRING NOT INCLUDED IN DCAs 140-148,1,691266,T intersection,2,50,Local Road,DELTA,GEELONG,-38.241127,144.36536,2021,6,June,14,Midday,Weekday
T20210012363,2021-06-02,17:00:00,4,Collision with a fixed object,3,Wednesday,181,OFF RIGHT BEND INTO OBJECT/PARKED VEHICLE,2,684818,Not at intersection,2,100,Local Road,SEBASTOPOL-SMYTHESDALE,GOLDEN PLAINS,-37.64061,143.72028,2021,6,June,17,Afternoon Peak,Weekday
T20210012461,2021-06-03,17:00:00,2,Struck Pedestrian,4,Thursday,105,PED WALKING AGAINST TRAFFIC.,5,688402,Not at intersection,3,50,Local Road,DAVID COLLINS,CASEY,-37.99068,145.26486,2021,6,June,17,Afternoon Peak,Weekday
T20210022226,2021-06-03,07:15:00,1,Collision with vehicle,4,Thursday,110,CROSS TRAFFIC(INTERSECTIONS ONLY),1,696380,Cross intersection,3,50,Arterial Other,MAIN NEERIM,BAW BAW,-38.118607,145.84653,2021,6,June,7,Morning Peak,Weekday
T20210014269,2021-06-03,08:05:00,1,Collision with vehicle,4,Thursday,110,CROSS TRAFFIC(INTERSECTIONS ONLY),1,39349,Cross intersection,3,50,Local Road,DORKING,WHITEHORSE,-37.80822,145.13264,2021,6,June,8,Morning Peak,Weekday
T20210012392,2021-06-03,08:09:00,1,Collision with vehicle,4,Thursday,148,VEHICLE OFF FOOTPATH STRIKES VEH ON CARRIAGEWAY,1,684853,Multiple intersection,2,60,Freeway,PRINCES IN-SNEYDES,WYNDHAM,-37.898064,144.70439,2021,6,June,8,Morning Peak,Weekday
T20210012387,2021-06-03,08:25:00,1,Collision with vehicle,4,Thursday,110,CROSS TRAFFIC(INTERSECTIONS ONLY),1,684772,Cross intersection,3,60,Arterial Other,NORTH,BAYSIDE,-37.899353,145.00266,2021,6,June,8,Morning Peak,Weekday
T20210012384,2021-06-03,10:50:00,1,Collision with vehicle,4,Thursday,110,CROSS TRAFFIC(INTERSECTIONS ONLY),1,776856,Cross intersection,2,50,Local Road,MARATHON,HUME,-37.583088,144.8973,2021,6,June,10,Midday,Weekday
T20210012456,2021-06-03,14:00:00,1,Collision with vehicle,4,Thursday,121,RIGHT THROUGH,1,20793,Multiple intersection,3,60,Arterial Other,MAIN SOUTH,BAW BAW,-38.14235,145.85524,2021,6,June,14,Midday,Weekday
T20210012466,2021-06-03,17:45:00,1,Collision with vehicle,4,Thursday,120,HEAD ON (NOT OVERTAKING),3,730270,Not at intersection,2,50,Local Road,MCNAMARA,MOONEE VALLEY,-37.72244,144.88217,2021,6,June,17,Afternoon Peak,Weekday
T20210012394,2021-06-03,12:33:00,1,Collision with vehicle,4,Thursday,110,CROSS TRAFFIC(INTERSECTIONS ONLY),1,52415,Cross intersection,2,60,Local Road,FRANCIS,EAST GIPPSLAND,-37.825085,147.6235,2021,6,June,12,Midday,Weekday
T20210012424,2021-06-03,17:25:00,2,Struck Pedestrian,4,Thursday,100,PED NEAR SIDE. PED HIT BY VEHICLE FROM THE RIGHT.,3,691871,Cross intersection,2,50,Local Road,INGLIS,MOORABOOL,-37.68637,144.42601,2021,6,June,17,Afternoon Peak,Weekday
T20210012423,2021-06-03,19:57:00,1,Collision with vehicle,4,Thursday,136,RIGHT TURN SIDESWIPE,3,43308,T intersection,3,40,Arterial Highway,NEPEAN,KINGSTON,-38.06247,145.1194,2021,6,June,19,Night,Weekday
T20210013191,2021-06-03,08:17:00,1,Collision with vehicle,4,Thursday,133,LANE SIDE SWIPE (VEHICLES IN PARALLEL LANES),1,691097,Not at intersection,3,60,Freeway,WESTERN RING IN-WEST GATE IN,WYNDHAM,-37.825577,144.82164,2021,6,June,8,Morning Peak,Weekday
T20210012421,2021-06-03,17:40:00,2,Struck Pedestrian,4,Thursday,100,PED NEAR SIDE. PED HIT BY VEHICLE FROM THE RIGHT.,2,688036,Not at intersection,3,40,Arterial Other,KING,MELBOURNE,-37.809353,144.95244,2021,6,June,17,Afternoon Peak,Weekday
T20210012415,2021-06-03,17:55:00,4,Collision with a fixed object,4,Thursday,151,OUT OF CONTROL (OVERTAKING),5,686771,Not at intersection,2,100,Arterial Highway,BASS,SOUTH GIPPSLAND,-38.574356,145.8339,2021,6,June,17,Afternoon Peak,Weekday