ACCIDENT_NO,ACCIDENT_DATE,ACCIDENT_TIME,ACCIDENT_TYPE,ACCIDENT_TYPE_DESC,DAY_OF_WEEK,DAY_WEEK_DESC,DCA_CODE,DCA_DESC,LIGHT_CONDITION,NODE_ID,ROAD_GEOMETRY_DESC,SEVERITY,SPEED_ZONE,RMA,ROAD_NAME,LGA_NAME,LATITUDE,LONGITUDE,YEAR,MONTH,MONTH_NAME,HOUR,TIME_PERIOD,DAY_TYPE
T20210012413,2021-06-03,18:00:00,3,Struck animal,4,Thursday,167,STRUCK ANIMAL,5,684857,Not at intersection,3,60,Local Road,VALLEY,MITCHELL,-37.40301,144.99788,2021,6,June,18,Afternoon Peak,Weekday
T20210012383,2021-06-03,11:50:00,1,Collision with vehicle,4,Thursday,160,VEHICLE COLLIDES WITH VEHICLE PARKED ON LEFT OF ROAD,1,687665,Not at intersection,2,50,Arterial Other,GILLIES,BALLARAT,-37.53372,143.82327,2021,6,June,11,Midday,Weekday
T20210012621,2021-06-03,16:30:00,1,Collision with vehicle,4,Thursday,160,VEHICLE COLLIDES WITH VEHICLE PARKED ON LEFT OF ROAD,1,688919,Not at intersection,2,50,Arterial Other,YARRA,BOROONDARA,-37.79378,145.01518,2021,6,June,16,Afternoon Peak,Weekday
T20210012380,2021-06-03,09:45:00,1,Collision with vehicle,4,Thursday,130,REAR END(VEHICLES IN SAME LANE),1,684771,Cross intersection,3,50,Local Road,BRIDGE,MELTON,-37.715958,144.59538,2021,6,June,9,Morning Peak,Weekday
T20210012379,2021-06-03,08:44:00,2,Struck Pedestrian,4,Thursday,100,PED NEAR SIDE. PED HIT BY VEHICLE FROM THE RIGHT.,1,45793,Cross intersection,3,50,Arterial Highway,BURWOOD,KNOX,-37.865498,145.22498,2021,6,June,8,Morning Peak,Weekday
T20210012408,2021-06-03,17:00:00,1,Collision with vehicle,4,Thursday,110,CROSS TRAFFIC(INTERSECTIONS ONLY),1,57302,Cross intersection,3,50,Local Road,BANNISTER,BENDIGO,-36.74472,144.2799,2021,6,June,17,Afternoon Peak,Weekday
T20210012376,2021-06-03,07:00:00,1,Collision with vehicle,4,Thursday,121,RIGHT THROUGH,1,689858,Not at intersection,2,80,Arterial Other,SWANSEA,YARRA RANGES,-37.803833,145.35625,2021,6,June,7,Morning Peak,Weekday
T20210012401,2021-06-03,14:00:00,1,Collision with vehicle,4,Thursday,121,RIGHT THROUGH,1,357253,T intersection,3,80,Arterial Other,FRANKSTON-FLINDERS,MORNINGTON PENINSULA,-38.353752,145.155,2021,6,June,14,Midday,Weekday
T20210012375,2021-06-03,00:50:00,6,Vehicle overturned (no collision),4,Thursday,172,OFF CARRIAGEWAY TO RIGHT,3,702342,T intersection,2,60,Local Road,DAVIS,WYNDHAM,-37.81961,144.65602,2021,6,June,0,Late Night,Weekday
T20210012399,2021-06-03,14:25:00,2,Struck Pedestrian,4,Thursday,102,FAR SIDE. PED HIT BY VEHICLE FROM THE LEFT,1,689588,T intersection,2,50,Arterial Other,KENNEDY,SOUTHERN GRAMPIANS,-37.742966,142.01941,2021,6,June,14,Midday,Weekday
T20210012704,2021-06-03,21:18:00,4,Collision with a fixed object,4,Thursday,181,OFF RIGHT BEND INTO OBJECT/PARKED VEHICLE,5,686343,Not at intersection,3,60,Local Road,MEREDITH-STEIGLITZ,GOLDEN PLAINS,-37.860535,144.12723,2021,6,June,21,Night,Weekday
T20210012398,2021-06-03,13:26:00,4,Collision with a fixed object,4,Thursday,181,OFF RIGHT BEND INTO OBJECT/PARKED VEHICLE,1,689677,Not at intersection,3,100,Local Road,GLENROWAN-MOYHU,WANGARATTA,-36.46954,146.23592,2021,6,June,13,Midday,Weekday
T20220016373,2021-06-03,16:30:00,1,Collision with vehicle,4,Thursday,121,RIGHT THROUGH,1,70332,T intersection,3,60,Arterial Other,HEATHERTON,DANDENONG,-37.970123,145.21559,2021,6,June,16,Afternoon Peak,Weekday
T20210012498,2021-06-03,05:39:00,1,Collision with vehicle,4,Thursday,121,RIGHT THROUGH,2,582283,Cross intersection,3,80,Arterial Other,ROBINSONS,MELTON,-37.799404,144.75212,2021,6,June,5,Morning Peak,Weekday
T20210012526,2021-06-03,16:45:00,1,Collision with vehicle,4,Thursday,130,REAR END(VEHICLES IN SAME LANE),1,355731,Not at intersection,3,40,Local Road,LONSDALE,MELBOURNE,-37.81235,144.96202,2021,6,June,16,Afternoon Peak,Weekday
T20210012444,2021-06-04,10:05:00,1,Collision with vehicle,5,Friday,121,RIGHT THROUGH,1,45943,Multiple intersection,3,60,Freeway,SURREY-EASTERN IN,WHITEHORSE,-37.801853,145.15955,2021,6,June,10,Midday,Weekday
T20210012471,2021-06-04,14:12:00,1,Collision with vehicle,5,Friday,130,REAR END(VEHICLES IN SAME LANE),1,769096,Not at intersection,3,60,Arterial Other,ELGAR,WHITEHORSE,-37.813255,145.11568,2021,6,June,14,Midday,Weekday
T20210012472,2021-06-04,15:30:00,1,Collision with vehicle,5,Friday,142,LEAVING PARKING,1,685046,Not at intersection,3,40,Local Road,KALMAN,KNOX,-37.83906,145.29607,2021,6,June,15,Afternoon Peak,Weekday
T20210022455,2021-06-04,12:05:00,1,Collision with vehicle,5,Friday,130,REAR END(VEHICLES IN SAME LANE),1,721152,Not at intersection,3,60,Arterial Other,BLACKBURN,WHITEHORSE,-37.81981,145.15303,2021,6,June,12,Midday,Weekday
T20210013422,2021-06-04,16:58:00,1,Collision with vehicle,5,Friday,147,VEHICLE STRIKES ANOTHER VEH WHILE EMERGING FROM DRIVEWAY,1,687379,Not at intersection,3,60,Arterial Other,WELLS,FRANKSTON,-38.125626,145.13339,2021,6,June,16,Afternoon Peak,Weekday
T20210012483,2021-06-04,18:40:00,1,Collision with vehicle,5,Friday,121,RIGHT THROUGH,3,730271,Not at intersection,3,60,Arterial Other,GAFFNEY,MORELAND,-37.731125,144.935,2021,6,June,18,Afternoon Peak,Weekday
T20210012448,2021-06-04,12:00:00,1,Collision with vehicle,5,Friday,130,REAR END(VEHICLES IN SAME LANE),1,54268,Multiple intersection,3,50,Local Road,KANGAN,CASEY,-38.050716,145.35846,2021,6,June,12,Midday,Weekday
T20210013633,2021-06-04,06:54:00,1,Collision with vehicle,5,Friday,129,OTHER OPPOSING MANOEUVRES NOT INCLUDED IN DCAs 120-125.,6,730303,Not at intersection,3,60,Arterial Other,BELGRAVE-HALLAM,YARRA RANGES,-37.92438,145.35802,2021,6,June,6,Morning Peak,Weekday
T20210012438,2021-06-04,02:30:00,1,Collision with vehicle,5,Friday,110,CROSS TRAFFIC(INTERSECTIONS ONLY),3,253540,Cross intersection,3,60,Local Road,EPSOM,GEELONG,-38.079037,144.34723,2021,6,June,2,Late Night,Weekday
T20210012439,2021-06-04,08:30:00,1,Collision with vehicle,5,Friday,130,REAR END(VEHICLES IN SAME LANE),1,730267,Not at intersection,3,40,Arterial Other,PASCOE,MOONEE VALLEY,-37.739655,144.92857,2021,6,June,8,Morning Peak,Weekday
T20210012473,2021-06-04,14:45:00,1,Collision with vehicle,5,Friday,121,RIGHT THROUGH,1,51442,Cross intersection,2,100,Arterial Other,GRAHAM,CAMPASPE,-36.298843,145.00546,2021,6,June,14,Midday,Weekday
T20210012495,2021-06-04,23:04:00,1,Collision with vehicle,5,Friday,171,LEFT OFF CARRIAGEWAY INTO OBJECT/PARKED VEHICLE,3,737241,Not at intersection,2,50,Local Road,LLOYD,GEELONG,-38.178154,144.34286,2021,6,June,23,Night,Weekday
T20210012450,2021-06-04,10:10:00,1,Collision with vehicle,5,Friday,121,RIGHT THROUGH,1,341675,T intersection,3,100,Arterial Highway,SOUTH GIPPSLAND,SOUTH GIPPSLAND,-38.41065,145.76622,2021,6,June,10,Midday,Weekday
T20210012453,2021-06-04,12:50:00,1,Collision with vehicle,5,Friday,130,REAR END(VEHICLES IN SAME LANE),1,730268,Not at intersection,2,40,Arterial Other,PORTARLINGTON,GEELONG,-38.18231,144.52444,2021,6,June,12,Midday,Weekday
T20210012491,2021-06-04,17:45:00,2,Struck Pedestrian,5,Friday,101,PED EMERGES FROM IN FRONT OF PARKED OR STATIONARY VEHICLE,3,684960,Not at intersection,1,50,Arterial Highway,BANYAN,WARRNAMBOOL,-38.379013,142.49008,2021,6,June,17,Afternoon Peak,Weekday
T20210017528,2021-06-04,09:43:00,1,Collision with vehicle,5,Friday,151,OUT OF CONTROL (OVERTAKING),1,730836,Not at intersection,3,100,Freeway,PRINCES-MONASH OUT,CASEY,-38.02921,145.32256,2021,6,June,9,Morning Peak,Weekday
T20210019115,2021-06-04,09:30:00,4,Collision with a fixed object,5,Friday,171,LEFT OFF CARRIAGEWAY INTO OBJECT/PARKED VEHICLE,1,692818,Not at intersection,3,60,Arterial Other,PARAMOUNT,MARIBYRNONG,-37.807377,144.86127,2021,6,June,9,Morning Peak,Weekday
T20210012481,2021-06-04,18:00:00,1,Collision with vehicle,5,Friday,121,RIGHT THROUGH,3,49343,Multiple intersection,3,60,Freeway,HIGH,WODONGA,-36.111416,146.8934,2021,6,June,18,Afternoon Peak,Weekday
T20210012435,2021-06-04,08:00:00,1,Collision with vehicle,5,Friday,132,RIGHT REAR.,1,730265,Not at intersection,3,60,Local Road,RICKETTS,MONASH,-37.89471,145.13322,2021,6,June,8,Morning Peak,Weekday
T20210012436,2021-06-04,07:00:00,1,Collision with vehicle,5,Friday,120,HEAD ON (NOT OVERTAKING),2,730266,Cross intersection,2,60,Local Road,KARS,FRANKSTON,-38.152237,145.11903,2021,6,June,7,Morning Peak,Weekday
T20210016408,2021-06-04,12:00:00,8,No collision and no object struck,5,Friday,172,OFF CARRIAGEWAY TO RIGHT,1,730802,Not at intersection,3,60,Arterial Other,MALVERN,STONNINGTON,-37.849865,145.01665,2021,6,June,12,Midday,Weekday
T20210012457,2021-06-04,10:51:00,1,Collision with vehicle,5,Friday,147,VEHICLE STRIKES ANOTHER VEH WHILE EMERGING FROM DRIVEWAY,1,685465,Not at intersection,3,60,Arterial Other,ESPLANADE,MORNINGTON PENINSULA,-38.285725,144.99252,2021,6,June,10,Midday,Weekday
T20210012479,2021-06-04,14:00:00,1,Collision with vehicle,5,Friday,140,U TURN,1,762310,Not at intersection,2,60,Arterial Other,FYANS,GEELONG,-38.16204,144.35533,2021,6,June,14,Midday,Weekday
T20210012458,2021-06-04,10:54:00,1,Collision with vehicle,5,Friday,113,RIGHT NEAR (INTERSECTIONS ONLY),1,51262,T intersection,2,100,Arterial Other,LANCASTER-MOOROOPNA,SHEPPARTON,-36.310738,145.27745,2021,6,June,10,Midday,Weekday
T20210012463,2021-06-04,12:30:00,1,Collision with vehicle,5,Friday,147,VEHICLE STRIKES ANOTHER VEH WHILE EMERGING FROM DRIVEWAY,1,730269,Not at intersection,2,50,Local Road,MONAHANS,CASEY,-38.103706,145.26648,2021,6,June,12,Midday,Weekday
T20210012465,2021-06-04,14:00:00,4,Collision with a fixed object,5,Friday,181,OFF RIGHT BEND INTO OBJECT/PARKED VEHICLE,1,685228,Not at intersection,3,100,Local Road,FORGE CREEK,EAST GIPPSLAND,-37.901157,147.62245,2021,6,June,14,Midday,Weekday
T20210012468,2021-06-04,15:00:00,6,Vehicle overturned (no collision),5,Friday,174,OUT OF CONTROL ON CARRIAGEWAY (ON STRAIGHT),1,685229,Not at intersection,3,60,Local Road,DE BURGH,GEELONG,-38.180126,144.56631,2021,6,June,15,Afternoon Peak,Weekday
T20210012469,2021-06-04,13:06:00,1,Collision with vehicle,5,Friday,121,RIGHT THROUGH,1,691263,Not at intersection,3,60,Arterial Highway,WARBURTON,YARRA RANGES,-37.776524,145.42427,2021,6,June,13,Midday,Weekday
T20210012917,2021-06-04,13:50:00,1,Collision with vehicle,5,Friday,131,LEFT REAR,1,322184,Cross intersection,2,70,Arterial Other,PLENTY,WHITTLESEA,-37.670273,145.07101,2021,6,June,13,Midday,Weekday
T20210012518,2021-06-04,16:10:00,6,Vehicle overturned (no collision),5,Friday,184,OUT OF CONTROL ON CARRIAGEWAY (ON BEND),1,685315,Multiple intersection,2,60,Freeway,ROBINSONS-WESTERN IN,BRIMBANK,-37.79481,144.75331,2021,6,June,16,Afternoon Peak,Weekday
T20210012513,2021-06-04,14:05:00,1,Collision with vehicle,5,Friday,121,RIGHT THROUGH,1,61818,Multiple intersection,3,60,Freeway,COBURNS-WESTERN OUT,MELTON,-37.692173,144.56668,2021,6,June,14,Midday,Weekday
T20210021714,2021-06-05,12:35:00,1,Collision with vehicle,6,Saturday,113,RIGHT NEAR (INTERSECTIONS ONLY),1,42337,T intersection,3,60,Arterial Other,KINGSTON,KINGSTON,-37.953945,145.08354,2021,6,June,12,Midday,Weekend
T20210012519,2021-06-05,13:40:00,1,Collision with vehicle,6,Saturday,152,PULLING OUT (OVERTAKING),1,691712,T intersection,2,100,Arterial Highway,MURRAY VALLEY,CAMPASPE,-36.038464,144.54533,2021,6,June,13,Midday,Weekend
T20210012552,2021-06-05,21:15:00,4,Collision with a fixed object,6,Saturday,181,OFF RIGHT BEND INTO OBJECT/PARKED VEHICLE,5,694184,Not at intersection,3,100,Local Road,DARLIMURLA,SOUTH GIPPSLAND,-38.37416,146.19872,2021,6,June,21,Night,Weekend
T20210012684,2021-06-05,21:45:00,1,Collision with vehicle,6,Saturday,136,RIGHT TURN SIDESWIPE,3,495,T intersection,3,60,Arterial Other,ELGAR,WHITEHORSE,-37.807774,145.11668,2021,6,June,21,Night,Weekend
T20210012549,2021-06-05,20:50:00,1,Collision with vehicle,6,Saturday,110,CROSS TRAFFIC(INTERSECTIONS ONLY),3,41549,Cross intersection,2,60,Arterial Highway,WARRIGAL,STONNINGTON,-37.88028,145.09076,2021,6,June,20,Night,Weekend
T20210012616,2021-06-05,13:00:00,1,Collision with vehicle,6,Saturday,130,REAR END(VEHICLES IN SAME LANE),9,685407,Not at intersection,3,60,Local Road,WINDSOR,BRIMBANK,-37.787666,144.75409,2021,6,June,13,Midday,Weekend
T20210012575,2021-06-05,20:30:00,4,Collision with a fixed object,6,Saturday,173,RIGHT OFF CARRIAGEWAY INTO OBJECT/PARKED VEHICLE,3,685170,Not at intersection,2,80,Arterial Other,BACCHUS MARSH,GEELONG,-38.0295,144.35431,2021,6,June,20,Night,Weekend
T20210012506,2021-06-05,08:26:00,1,Collision with vehicle,6,Saturday,116,LEFT NEAR (INTERSECTIONS ONLY),1,686488,Cross intersection,2,60,Arterial Other,HENRY,CARDINIA,-38.079464,145.493,2021,6,June,8,Morning Peak,Weekend
T20210012501,2021-06-05,00:25:00,4,Collision with a fixed object,6,Saturday,171,LEFT OFF CARRIAGEWAY INTO OBJECT/PARKED VEHICLE,3,109084,Not at intersection,3,50,Local Road,NORTHERN,BANYULE,-37.729935,145.05316,2021,6,June,0,Late Night,Weekend
T20210018995,2021-06-05,10:41:00,5,collision with some other object,6,Saturday,166,STRUCK OBJECT ON CARRIAGEWAY,1,693125,Not at intersection,3,100,Local Road,PEARSONS,WELLINGTON,-38.65104,146.56244,2021,6,June,10,Midday,Weekend
T20210012539,2021-06-05,18:05:00,1,Collision with vehicle,6,Saturday,160,VEHICLE COLLIDES WITH VEHICLE PARKED ON LEFT OF ROAD,3,686750,Not at intersection,2,60,Arterial Other,SURREY,WHITEHORSE,-37.811996,145.15752,2021,6,June,18,Afternoon Peak,Weekend
T20210012537,2021-06-05,19:00:00,1,Collision with vehicle,6,Saturday,110,CROSS TRAFFIC(INTERSECTIONS ONLY),3,60861,Cross intersection,3,60,Local Road,DANA,BALLARAT,-37.563313,143.84999,2021,6,June,19,Night,Weekend
T20210012532,2021-06-05,14:38:00,1,Collision with vehicle,6,Saturday,130,REAR END(VEHICLES IN SAME LANE),1,688178,Not at intersection,3,80,Arterial Other,MELTON,MELTON,-37.692104,144.74449,2021,6,June,14,Midday,Weekend
T20210012530,2021-06-05,18:10:00,2,Struck Pedestrian,6,Saturday,108,PED STRUCK WALKING TO/FROM OR BOARDING/ALIGHTING VEHICLE.,3,694745,Not at intersection,3,60,Local Road,GLENROY,MORELAND,-37.70703,144.93475,2021,6,June,18,Afternoon Peak,Weekend
T20210012520,2021-06-05,13:10:00,1,Collision with vehicle,6,Saturday,121,RIGHT THROUGH,1,45368,Cross intersection,2,60,Local Road,FRANCIS,MOONEE VALLEY,-37.776882,144.91533,2021,6,June,13,Midday,Weekend
T20210013120,2021-06-05,10:30:00,8,No collision and no object struck,6,Saturday,184,OUT OF CONTROL ON CARRIAGEWAY (ON BEND),1,686489,Not at intersection,2,100,Local Road,MAIN,PYRENEES,-37.063477,143.26035,2021,6,June,10,Midday,Weekend
T20210012629,2021-06-05,11:00:00,5,collision with some other object,6,Saturday,166,STRUCK OBJECT ON CARRIAGEWAY,1,685637,Not at intersection,3,100,Local Road,PEARSONS,WELLINGTON,-38.6514,146.56488,2021,6,June,11,Midday,Weekend
T20210012547,2021-06-05,19:40:00,1,Collision with vehicle,6,Saturday,113,RIGHT NEAR (INTERSECTIONS ONLY),3,32692,Cross intersection,2,80,Arterial Highway,WELLINGTON,MONASH,-37.91869,145.15866,2021,6,June,19,Night,Weekend
T20210012605,2021-06-05,15:20:00,1,Collision with vehicle,6,Saturday,121,RIGHT THROUGH,1,33419,Cross intersection,3,60,Arterial Highway,LATROBE TERRACE -SETTLEMENT,GEELONG,-38.160526,144.3503,2021,6,June,15,Afternoon Peak,Weekend
T20210012512,2021-06-05,10:40:00,5,collision with some other object,6,Saturday,166,STRUCK OBJECT ON CARRIAGEWAY,1,685573,Not at intersection,2,100,Local Road,PEARSONS,WELLINGTON,-38.65161,146.5662,2021,6,June,10,Midday,Weekend
T20210012540,2021-06-05,18:50:00,1,Collision with vehicle,6,Saturday,110,CROSS TRAFFIC(INTERSECTIONS ONLY),4,286770,Cross intersection,3,80,Arterial Other,MELTON,BRIMBANK,-37.695953,144.7744,2021,6,June,18,Afternoon Peak,Weekend
T20210012510,2021-06-05,09:34:00,1,Collision with vehicle,6,Saturday,120,HEAD ON (NOT OVERTAKING),1,730273,Not at intersection,3,90,Arterial Other,WESTERN PORT,MORNINGTON PENINSULA,-38.27374,145.18965,2021,6,June,9,Morning Peak,Weekend
T20210012565,2021-06-06,09:30:00,1,Collision with vehicle,7,Sunday,116,LEFT NEAR (INTERSECTIONS ONLY),1,224554,T intersection,3,50,Local Road,SANDS,SURF COAST,-38.316177,144.34619,2021,6,June,9,Morning Peak,Weekend
T20210012753,2021-06-06,19:20:00,4,Collision with a fixed object,7,Sunday,141,U TURN INTO FIXED OBJECT/PARKED VEHICLE,9,781082,Not at intersection,3,70,Arterial Other,FERNTREE GULLY,MONASH,-37.903343,145.16043,2021,6,June,19,Night,Weekend
T20210012754,2021-06-06,21:00:00,1,Collision with vehicle,7,Sunday,130,REAR END(VEHICLES IN SAME LANE),3,689342,Not at intersection,3,70,Arterial Highway,HODDLE,YARRA,-37.80064,144.99286,2021,6,June,21,Night,Weekend
T20210012692,2021-06-06,11:30:00,8,No collision and no object struck,7,Sunday,182,OFF CARRIAGEWAY ON LEFT BEND,1,685318,Not at intersection,3,60,Local Road,RICES,WELLINGTON,-38.22276,146.76622,2021,6,June,11,Midday,Weekend
T20210012577,2021-06-06,14:30:00,8,No collision and no object struck,7,Sunday,174,OUT OF CONTROL ON CARRIAGEWAY (ON STRAIGHT),1,685047,Not at intersection,2,60,Arterial Other,FYANS,GEELONG,-38.164986,144.36565,2021,6,June,14,Midday,Weekend
T20210012586,2021-06-06,15:30:00,1,Collision with vehicle,7,Sunday,121,RIGHT THROUGH,1,50095,T intersection,3,60,Arterial Other,BARRABOOL,GEELONG,-38.16908,144.32819,2021,6,June,15,Afternoon Peak,Weekend
T20210012585,2021-06-06,15:30:00,1,Collision with vehicle,7,Sunday,133,LANE SIDE SWIPE (VEHICLES IN PARALLEL LANES),1,686341,Not at intersection,2,100,Local Road,DORODONG,WEST WIMMERA,-37.365993,141.1907,2021,6,June,15,Afternoon Peak,Weekend
T20210012583,2021-06-06,14:50:00,6,Vehicle overturned (no collision),7,Sunday,180,OFF CARRIAGEWAY ON RIGHT BEND,1,689319,Not at intersection,2,100,Local Road,FERNBANK-GLENALADALE,EAST GIPPSLAND,-37.76034,147.35742,2021,6,June,14,Midday,Weekend
T20210012582,2021-06-06,15:52:00,1,Collision with vehicle,7,Sunday,130,REAR END(VEHICLES IN SAME LANE),1,685113,T intersection,3,40,Arterial Other,MELTON,MACEDON RANGES,-37.500515,144.58223,2021,6,June,15,Afternoon Peak,Weekend
T20210012589,2021-06-06,18:30:00,2,Struck Pedestrian,7,Sunday,102,FAR SIDE. PED HIT BY VEHICLE FROM THE LEFT,5,694961,T intersection,3,50,Local Road,BERGER,HUME,-37.670822,144.94151,2021,6,June,18,Afternoon Peak,Weekend
T20210013690,2021-06-06,17:25:00,1,Collision with vehicle,7,Sunday,110,CROSS TRAFFIC(INTERSECTIONS ONLY),4,358716,Cross intersection,3,60,Arterial Other,HASTINGS,FRANKSTON,-38.15318,145.13275,2021,6,June,17,Afternoon Peak,Weekend
T20220022215,2021-06-06,19:30:00,2,Struck Pedestrian,7,Sunday,102,FAR SIDE. PED HIT BY VEHICLE FROM THE LEFT,3,287021,T intersection,3,60,Local Road,WEDGE,FRANKSTON,-38.087757,145.19794,2021,6,June,19,Night,Weekend
T20210012610,2021-06-06,00:10:00,1,Collision with vehicle,7,Sunday,110,CROSS TRAFFIC(INTERSECTIONS ONLY),3,55621,Cross intersection,3,60,Local Road,ANDERSON,MELTON,-37.740993,144.73653,2021,6,June,0,Late Night,Weekend
T20210012611,2021-06-06,18:18:00,1,Collision with vehicle,7,Sunday,113,RIGHT NEAR (INTERSECTIONS ONLY),3,29714,T intersection,2,60,Arterial Other,HEATHERTON,DANDENONG,-37.970325,145.2173,2021,6,June,18,Afternoon Peak,Weekend
T20210015496,2021-06-06,17:20:00,1,Collision with vehicle,7,Sunday,116,LEFT NEAR (INTERSECTIONS ONLY),2,51071,T intersection,3,60,Arterial Other,MCFARLANE,SHEPPARTON,-36.384796,145.35518,2021,6,June,17,Afternoon Peak,Weekend
T20210012588,2021-06-06,15:00:00,1,Collision with vehicle,7,Sunday,130,REAR END(VEHICLES IN SAME LANE),1,61114,T intersection,3,80,Arterial Other,MICKLEHAM,HUME,-37.628723,144.88261,2021,6,June,15,Afternoon Peak,Weekend
T20210013383,2021-06-06,13:10:00,1,Collision with vehicle,7,Sunday,135,LANE CHANGE LEFT (NOT OVERTAKING),1,686102,Not at intersection,3,100,Freeway,WESTERN,MELTON,-37.74862,144.71169,2021,6,June,13,Midday,Weekend
T20210012587,2021-06-06,15:45:00,1,Collision with vehicle,7,Sunday,113,RIGHT NEAR (INTERSECTIONS ONLY),1,278934,Cross intersection,3,60,Freeway,BARRABOOL,GEELONG,-38.171867,144.29279,2021,6,June,15,Afternoon Peak,Weekend
T20210012599,2021-06-06,20:46:00,1,Collision with vehicle,7,Sunday,130,REAR END(VEHICLES IN SAME LANE),3,685071,Cross intersection,3,60,Arterial Highway,BELL,DAREBIN,-37.745472,145.00609,2021,6,June,20,Night,Weekend
T20210012732,2021-06-06,10:50:00,4,Collision with a fixed object,7,Sunday,171,LEFT OFF CARRIAGEWAY INTO OBJECT/PARKED VEHICLE,1,687202,Not at intersection,3,70,Arterial Other,MCDONALDS,WHITTLESEA,-37.649467,145.07132,2021,6,June,10,Midday,Weekend
T20210012566,2021-06-06,05:00:00,4,Collision with a fixed object,7,Sunday,175,OFF END OF ROAD/T-INTERSECTION.,2,44012,T intersection,3,50,Local Road,FOREST,MORNINGTON PENINSULA,-38.29341,145.01033,2021,6,June,5,Morning Peak,Weekend
T20210012555,2021-06-06,00:50:00,6,Vehicle overturned (no collision),7,Sunday,170,OFF CARRIAGEWAY TO LEFT,3,126,T intersection,3,60,Arterial Highway,FRANKSTON-DANDENONG,FRANKSTON,-38.11836,145.14908,2021,6,June,0,Late Night,Weekend
T20210012652,2021-06-07,06:50:00,1,Collision with vehicle,1,Monday,121,RIGHT THROUGH,2,51570,Cross intersection,3,60,Arterial Highway,NAPIER,BENDIGO,-36.74978,144.29076,2021,6,June,6,Morning Peak,Weekday
T20210015461,2021-06-07,14:22:00,1,Collision with vehicle,1,Monday,130,REAR END(VEHICLES IN SAME LANE),1,694662,Not at intersection,3,60,Arterial Highway,PUNT,STONNINGTON,-37.834896,144.98723,2021,6,June,14,Midday,Weekday
T20210014232,2021-06-07,13:40:00,4,Collision with a fixed object,1,Monday,171,LEFT OFF CARRIAGEWAY INTO OBJECT/PARKED VEHICLE,1,687203,Not at intersection,3,80,Freeway,FRANKSTON,FRANKSTON,-38.087543,145.15099,2021,6,June,13,Midday,Weekday
T20210012872,2021-06-07,08:35:00,1,Collision with vehicle,1,Monday,130,REAR END(VEHICLES IN SAME LANE),1,730283,Not at intersection,3,60,Local Road,SOVEREIGN,GEELONG,-38.215054,144.32631,2021,6,June,8,Morning Peak,Weekday
T20210013869,2021-06-07,03:15:00,4,Collision with a fixed object,1,Monday,173,RIGHT OFF CARRIAGEWAY INTO OBJECT/PARKED VEHICLE,3,687676,Not at intersection,3,40,Local Road,HIGH,DAREBIN,-37.78049,144.9968,2021,6,June,3,Late Night,Weekday
T20210012633,2021-06-07,15:45:00,1,Collision with vehicle,1,Monday,113,RIGHT NEAR (INTERSECTIONS ONLY),1,41077,T intersection,3,60,Arterial Other,MARINE,PORT PHILLIP,-37.87712,144.97711,2021,6,June,15,Afternoon Peak,Weekday
T20220000557,2021-06-07,22:55:00,1,Collision with vehicle,1,Monday,130,REAR END(VEHICLES IN SAME LANE),6,701654,T intersection,3,60,Arterial Other,GORDON,MARIBYRNONG,-37.78905,144.88991,2021,6,June,22,Night,Weekday
T20210012632,2021-06-07,15:50:00,1,Collision with vehicle,1,Monday,132,RIGHT REAR.,1,46905,T intersection,3,80,Arterial Highway,WARBURTON,YARRA RANGES,-37.783108,145.56282,2021,6,June,15,Afternoon Peak,Weekday
T20210012626,2021-06-07,13:29:00,2,Struck Pedestrian,1,Monday,100,PED NEAR SIDE. PED HIT BY VEHICLE FROM THE RIGHT.,1,44789,Cross intersection,3,50,Local Road,FIREBRACE,HORSHAM,-36.715473,142.19972,2021,6,June,13,Midday,Weekday
T20210014790,2021-06-07,16:13:00,1,Collision with vehicle,1,Monday,130,REAR END(VEHICLES IN SAME LANE),1,691799,Not at intersection,3,40,Freeway,PRINCES,CARDINIA,-38.07847,145.43001,2021,6,June,16,Afternoon Peak,Weekday
T20210012734,2021-06-07,18:22:00,1,Collision with vehicle,1,Monday,121,RIGHT THROUGH,3,38993,Multiple intersection,2,60,Arterial Other,VALERIE,BOROONDARA,-37.799328,145.05063,2021,6,June,18,Afternoon Peak,Weekday
T20210012625,2021-06-07,13:26:00,1,Collision with vehicle,1,Monday,121,RIGHT THROUGH,1,54305,Cross intersection,2,60,Arterial Other,HOWITT,BALLARAT,-37.540165,143.83131,2021,6,June,13,Midday,Weekday
T20210012630,2021-06-07,13:45:00,1,Collision with vehicle,1,Monday,130,REAR END(VEHICLES IN SAME LANE),1,685112,Not at intersection,3,100,Freeway,WESTERN,MELTON,-37.73694,144.67769,2021,6,June,13,Midday,Weekday
T20210013657,2021-06-07,12:20:00,1,Collision with vehicle,1,Monday,135,LANE CHANGE LEFT (NOT OVERTAKING),1,686346,Not at intersection,3,80,Freeway,WEST GATE,MELBOURNE,-37.8296,144.89851,2021,6,June,12,Midday,Weekday
T20210012628,2021-06-07,12:45:00,2,Struck Pedestrian,1,Monday,100,PED NEAR SIDE. PED HIT BY VEHICLE FROM THE RIGHT.,1,22,Cross intersection,3,60,Arterial Other,HARKER,MELBOURNE,-37.796597,144.9512,2021,6,June,12,Midday,Weekday
T20210012646,2021-06-07,18:20:00,2,Struck Pedestrian,1,Monday,100,PED NEAR SIDE. PED HIT BY VEHICLE FROM THE RIGHT.,3,42288,T intersection,2,60,Arterial Other,CENTRE,GLEN EIRA,-37.922916,145.07309,2021,6,June,18,Afternoon Peak,Weekday