ACCIDENT_NO,ACCIDENT_DATE,ACCIDENT_TIME,ACCIDENT_TYPE,ACCIDENT_TYPE_DESC,DAY_OF_WEEK,DAY_WEEK_DESC,DCA_CODE,DCA_DESC,LIGHT_CONDITION,NODE_ID,ROAD_GEOMETRY_DESC,SEVERITY,SPEED_ZONE,RMA,ROAD_NAME,LGA_NAME,LATITUDE,LONGITUDE,YEAR,MONTH,MONTH_NAME,HOUR,TIME_PERIOD,DAY_TYPE
T20210012661,2021-06-07,21:30:00,5,collision with some other object,1,Monday,166,STRUCK OBJECT ON CARRIAGEWAY,5,687630,Not at intersection,2,60,Arterial Other,NEPEAN,MORNINGTON PENINSULA,-38.3315,145.00323,2021,6,June,21,Night,Weekday
T20210012607,2021-06-07,03:00:00,4,Collision with a fixed object,1,Monday,171,LEFT OFF CARRIAGEWAY INTO OBJECT/PARKED VEHICLE,5,730277,Not at intersection,3,80,Local Road,ARTHURS CREEK,WHITTLESEA,-37.56992,145.13812,2021,6,June,3,Late Night,Weekday
T20210012648,2021-06-07,15:03:00,1,Collision with vehicle,1,Monday,121,RIGHT THROUGH,1,41471,T intersection,3,60,Arterial Other,MURRUMBEENA,GLEN EIRA,-37.897125,145.06511,2021,6,June,15,Afternoon Peak,Weekday
T20210012604,2021-06-07,08:45:00,1,Collision with vehicle,1,Monday,163,VEHICLE STRIKES DOOR OF PARKED/STATIONARY VEHICLE,1,685253,Not at intersection,2,40,Local Road,GIPPS,YARRA,-37.804825,144.99043,2021,6,June,8,Morning Peak,Weekday
T20210012603,2021-06-07,09:00:00,1,Collision with vehicle,1,Monday,121,RIGHT THROUGH,1,22724,T intersection,2,80,Arterial Other,BALLARAT-CARNGHAM,BALLARAT,-37.566666,143.78282,2021,6,June,9,Morning Peak,Weekday
T20210012780,2021-06-07,18:24:00,4,Collision with a fixed object,1,Monday,171,LEFT OFF CARRIAGEWAY INTO OBJECT/PARKED VEHICLE,3,1385,Not at intersection,3,40,Local Road,SWANSTON,MELBOURNE,-37.818,144.9677,2021,6,June,18,Afternoon Peak,Weekday
T20210012670,2021-06-07,11:15:00,4,Collision with a fixed object,1,Monday,171,LEFT OFF CARRIAGEWAY INTO OBJECT/PARKED VEHICLE,1,685785,Not at intersection,2,80,Arterial Highway,WELLINGTON,KNOX,-37.927757,145.23094,2021,6,June,11,Midday,Weekday
T20210012663,2021-06-07,04:40:00,1,Collision with vehicle,1,Monday,147,VEHICLE STRIKES ANOTHER VEH WHILE EMERGING FROM DRIVEWAY,5,689908,Not at intersection,2,70,Local Road,BOUNDARY,WYNDHAM,-37.80217,144.67023,2021,6,June,4,Late Night,Weekday
T20210014135,2021-06-07,18:00:00,1,Collision with vehicle,1,Monday,135,LANE CHANGE LEFT (NOT OVERTAKING),6,698815,Not at intersection,3,100,Freeway,WESTERN,MELTON,-37.749187,144.71669,2021,6,June,18,Afternoon Peak,Weekday
T20210012651,2021-06-07,19:00:00,1,Collision with vehicle,1,Monday,135,LANE CHANGE LEFT (NOT OVERTAKING),3,685519,Not at intersection,2,100,Freeway,MONASH,CASEY,-38.00544,145.29895,2021,6,June,19,Night,Weekday
T20210012791,2021-06-07,06:58:00,5,collision with some other object,1,Monday,191,LOAD OR MISSILE STRUCK VEHICLE,2,685410,Not at intersection,3,100,Freeway,WESTERN RING,BRIMBANK,-37.767406,144.80125,2021,6,June,6,Morning Peak,Weekday
T20210013333,2021-06-07,17:45:00,1,Collision with vehicle,1,Monday,110,CROSS TRAFFIC(INTERSECTIONS ONLY),2,60068,Cross intersection,3,60,Local Road,MAJORCA,CENTRAL GOLDFIELDS,-37.054333,143.74135,2021,6,June,17,Afternoon Peak,Weekday
T20210012708,2021-06-08,15:20:00,1,Collision with vehicle,2,Tuesday,160,VEHICLE COLLIDES WITH VEHICLE PARKED ON LEFT OF ROAD,1,685408,Not at intersection,2,50,Local Road,EUROA,BRIMBANK,-37.76484,144.82852,2021,6,June,15,Afternoon Peak,Weekday
T20210020685,2021-06-08,06:40:00,1,Collision with vehicle,2,Tuesday,121,RIGHT THROUGH,2,224077,Cross intersection,3,70,Local Road,ABBOTTS,DANDENONG,-38.034477,145.23463,2021,6,June,6,Morning Peak,Weekday
T20210012667,2021-06-08,06:58:00,4,Collision with a fixed object,2,Tuesday,171,LEFT OFF CARRIAGEWAY INTO OBJECT/PARKED VEHICLE,2,685386,Not at intersection,3,60,Arterial Highway,HIGH,BENDIGO,-36.763233,144.27084,2021,6,June,6,Morning Peak,Weekday
T20210013124,2021-06-08,16:20:00,1,Collision with vehicle,2,Tuesday,121,RIGHT THROUGH,1,230850,Cross intersection,3,70,Arterial Highway,RUSSELL,GEELONG,-38.157436,144.35089,2021,6,June,16,Afternoon Peak,Weekday
T20210013815,2021-06-08,12:00:00,1,Collision with vehicle,2,Tuesday,137,LEFT TURN SIDESWIPE,1,35310,Cross intersection,3,50,Local Road,ELIZABETH,MELBOURNE,-37.807114,144.95988,2021,6,June,12,Midday,Weekday
T20210012675,2021-06-08,07:40:00,1,Collision with vehicle,2,Tuesday,130,REAR END(VEHICLES IN SAME LANE),1,691796,Not at intersection,2,60,Arterial Highway,PRINCES HIGHWAY,BAW BAW,-38.20384,146.06787,2021,6,June,7,Morning Peak,Weekday
T20210013705,2021-06-08,17:44:00,1,Collision with vehicle,2,Tuesday,121,RIGHT THROUGH,5,55200,T intersection,3,80,Arterial Highway,CALDER,MILDURA,-34.3324,142.18648,2021,6,June,17,Afternoon Peak,Weekday
T20210012729,2021-06-08,20:30:00,2,Struck Pedestrian,2,Tuesday,102,FAR SIDE. PED HIT BY VEHICLE FROM THE LEFT,3,781087,Cross intersection,3,60,Arterial Highway,PUNT,STONNINGTON,-37.85075,144.98419,2021,6,June,20,Night,Weekday
T20210016657,2021-06-08,16:54:00,1,Collision with vehicle,2,Tuesday,110,CROSS TRAFFIC(INTERSECTIONS ONLY),2,42484,Cross intersection,3,50,Local Road,ROYAL,DANDENONG,-37.95391,145.14806,2021,6,June,16,Afternoon Peak,Weekday
T20210012677,2021-06-08,09:21:00,1,Collision with vehicle,2,Tuesday,110,CROSS TRAFFIC(INTERSECTIONS ONLY),1,42380,Cross intersection,3,60,Arterial Other,BOUNDARY ROAD -CLAYTON,KINGSTON,-37.957657,145.11348,2021,6,June,9,Morning Peak,Weekday
T20210012678,2021-06-08,07:54:00,1,Collision with vehicle,2,Tuesday,130,REAR END(VEHICLES IN SAME LANE),1,685594,Not at intersection,3,80,Arterial Other,THOMPSONS,DANDENONG,-38.072838,145.20029,2021,6,June,7,Morning Peak,Weekday
T20210012679,2021-06-08,07:00:00,2,Struck Pedestrian,2,Tuesday,102,FAR SIDE. PED HIT BY VEHICLE FROM THE LEFT,3,242383,T intersection,1,60,Local Road,DENDLE,GEELONG,-38.19602,144.34549,2021,6,June,7,Morning Peak,Weekday
T20210012683,2021-06-08,10:30:00,1,Collision with vehicle,2,Tuesday,116,LEFT NEAR (INTERSECTIONS ONLY),1,62311,T intersection,3,60,Local Road,ASSEMBLY,BRIMBANK,-37.713917,144.86223,2021,6,June,10,Midday,Weekday
T20210012731,2021-06-08,21:30:00,1,Collision with vehicle,2,Tuesday,121,RIGHT THROUGH,3,53961,Cross intersection,2,50,Arterial Highway,ALBERT STREET -PLENTY,DAREBIN,-37.725254,145.02322,2021,6,June,21,Night,Weekday
T20210012728,2021-06-08,18:10:00,1,Collision with vehicle,2,Tuesday,113,RIGHT NEAR (INTERSECTIONS ONLY),3,44497,T intersection,3,60,Arterial Highway,BELLARINE,GEELONG,-38.17476,144.40692,2021,6,June,18,Afternoon Peak,Weekday
T20210012726,2021-06-08,15:05:00,1,Collision with vehicle,2,Tuesday,132,RIGHT REAR.,1,688427,Not at intersection,2,100,Arterial Highway,GLENELG,SOUTHERN GRAMPIANS,-37.6527,142.32913,2021,6,June,15,Afternoon Peak,Weekday
T20210012947,2021-06-08,04:00:00,2,Struck Pedestrian,2,Tuesday,104,PED WALKING WITH TRAFFIC,3,689669,Not at intersection,2,50,Local Road,FREIGHTER,KINGSTON,-37.948975,145.07532,2021,6,June,4,Late Night,Weekday
T20210013259,2021-06-08,16:00:00,1,Collision with vehicle,2,Tuesday,135,LANE CHANGE LEFT (NOT OVERTAKING),1,781092,Not at intersection,3,50,Arterial Other,HIGH,MELTON,-37.683224,144.58284,2021,6,June,16,Afternoon Peak,Weekday
T20210012693,2021-06-08,09:15:00,1,Collision with vehicle,2,Tuesday,134,LANE CHANGE RIGHT (NOT OVERTAKING),1,685385,Not at intersection,3,70,Freeway,PRINCES-GEELONG RING IN,GEELONG,-38.19777,144.30974,2021,6,June,9,Morning Peak,Weekday
T20210012835,2021-06-08,06:15:00,1,Collision with vehicle,2,Tuesday,131,LEFT REAR,3,350177,Cross intersection,3,60,Arterial Other,EDGARS,WHITTLESEA,-37.69374,145.00098,2021,6,June,6,Morning Peak,Weekday
T20210012747,2021-06-08,19:20:00,1,Collision with vehicle,2,Tuesday,148,VEHICLE OFF FOOTPATH STRIKES VEH ON CARRIAGEWAY,3,38659,T intersection,2,60,Local Road,BARKLY,MARIBYRNONG,-37.7977,144.87991,2021,6,June,19,Night,Weekday
T20210014308,2021-06-08,18:20:00,1,Collision with vehicle,2,Tuesday,110,CROSS TRAFFIC(INTERSECTIONS ONLY),9,36048,Cross intersection,3,50,Local Road,MAIN,WHITTLESEA,-37.67799,144.99074,2021,6,June,18,Afternoon Peak,Weekday
T20210012701,2021-06-08,12:05:00,4,Collision with a fixed object,2,Tuesday,193,STRUCK RAILWAY CROSSING FURNITURE,1,686581,Not at intersection,3,80,Local Road,MCINTYRE,GEELONG,-38.011894,144.42722,2021,6,June,12,Midday,Weekday
T20210012703,2021-06-08,13:17:00,4,Collision with a fixed object,2,Tuesday,173,RIGHT OFF CARRIAGEWAY INTO OBJECT/PARKED VEHICLE,1,685231,Not at intersection,3,80,Arterial Other,SUNSHINE,BRIMBANK,-37.73053,144.81606,2021,6,June,13,Midday,Weekday
T20210012725,2021-06-08,18:40:00,4,Collision with a fixed object,2,Tuesday,171,LEFT OFF CARRIAGEWAY INTO OBJECT/PARKED VEHICLE,3,42894,T intersection,3,50,Local Road,NOBLE,DANDENONG,-37.967777,145.16632,2021,6,June,18,Afternoon Peak,Weekday
T20210012724,2021-06-08,18:00:00,1,Collision with vehicle,2,Tuesday,130,REAR END(VEHICLES IN SAME LANE),3,689451,Not at intersection,3,100,Freeway,MONASH,CASEY,-38.01994,145.3116,2021,6,June,18,Afternoon Peak,Weekday
T20210012723,2021-06-08,17:05:00,1,Collision with vehicle,2,Tuesday,131,LEFT REAR,2,38760,Cross intersection,2,60,Arterial Highway,FRANCIS,MARIBYRNONG,-37.821796,144.89586,2021,6,June,17,Afternoon Peak,Weekday
T20210012666,2021-06-08,07:00:00,1,Collision with vehicle,2,Tuesday,110,CROSS TRAFFIC(INTERSECTIONS ONLY),3,59057,Cross intersection,3,60,Local Road,KNIGHT,SHEPPARTON,-36.37424,145.40219,2021,6,June,7,Morning Peak,Weekday
T20210012721,2021-06-08,16:15:00,4,Collision with a fixed object,2,Tuesday,173,RIGHT OFF CARRIAGEWAY INTO OBJECT/PARKED VEHICLE,1,56580,Cross intersection,2,50,Local Road,BIRCHWOOD,CASEY,-38.05289,145.31421,2021,6,June,16,Afternoon Peak,Weekday
T20210012719,2021-06-08,18:45:00,1,Collision with vehicle,2,Tuesday,121,RIGHT THROUGH,3,278622,T intersection,2,60,Local Road,OHERNS,WHITTLESEA,-37.63635,145.0148,2021,6,June,18,Afternoon Peak,Weekday
T20210012713,2021-06-08,16:25:00,1,Collision with vehicle,2,Tuesday,132,RIGHT REAR.,2,686083,Not at intersection,3,100,Arterial Other,WANGARATTA-YARRAWONGA,WANGARATTA,-36.256878,146.2482,2021,6,June,16,Afternoon Peak,Weekday
T20210012801,2021-06-09,20:20:00,1,Collision with vehicle,3,Wednesday,130,REAR END(VEHICLES IN SAME LANE),3,39578,Cross intersection,3,60,Arterial Highway,WHITEHORSE,WHITEHORSE,-37.81603,145.20204,2021,6,June,20,Night,Weekday
T20210012749,2021-06-09,09:55:00,1,Collision with vehicle,3,Wednesday,121,RIGHT THROUGH,1,55566,Cross intersection,3,50,Local Road,BARRY,MORELAND,-37.770557,144.95316,2021,6,June,9,Morning Peak,Weekday
T20210013100,2021-06-09,23:00:00,5,collision with some other object,3,Wednesday,166,STRUCK OBJECT ON CARRIAGEWAY,5,730291,Not at intersection,3,80,Arterial Highway,WARBURTON,YARRA RANGES,-37.76533,145.4023,2021,6,June,23,Night,Weekday
T20210012802,2021-06-09,20:55:00,1,Collision with vehicle,3,Wednesday,160,VEHICLE COLLIDES WITH VEHICLE PARKED ON LEFT OF ROAD,3,685861,Not at intersection,3,60,Arterial Other,LINCOLN,MOONEE VALLEY,-37.749958,144.90913,2021,6,June,20,Night,Weekday
T20210012808,2021-06-09,20:44:00,1,Collision with vehicle,3,Wednesday,160,VEHICLE COLLIDES WITH VEHICLE PARKED ON LEFT OF ROAD,3,690554,Not at intersection,2,50,Local Road,CULLODEN,MORELAND,-37.756813,144.94385,2021,6,June,20,Night,Weekday
T20210012744,2021-06-09,04:17:00,4,Collision with a fixed object,3,Wednesday,173,RIGHT OFF CARRIAGEWAY INTO OBJECT/PARKED VEHICLE,3,773886,Not at intersection,2,60,Arterial Other,BEACH,KINGSTON,-38.00306,145.07939,2021,6,June,4,Late Night,Weekday
T20210012834,2021-06-09,16:00:00,1,Collision with vehicle,3,Wednesday,130,REAR END(VEHICLES IN SAME LANE),2,685576,Not at intersection,3,60,Arterial Other,MIDDLEBOROUGH,WHITEHORSE,-37.84224,145.13414,2021,6,June,16,Afternoon Peak,Weekday
T20210012783,2021-06-09,18:41:00,2,Struck Pedestrian,3,Wednesday,102,FAR SIDE. PED HIT BY VEHICLE FROM THE LEFT,3,685,Cross intersection,3,60,Local Road,BOORAN,GLEN EIRA,-37.888878,145.03766,2021,6,June,18,Afternoon Peak,Weekday
T20210012779,2021-06-09,15:33:00,1,Collision with vehicle,3,Wednesday,134,LANE CHANGE RIGHT (NOT OVERTAKING),1,141300,Not at intersection,2,50,Local Road,QUEEN,MELBOURNE,-37.81839,144.96225,2021,6,June,15,Afternoon Peak,Weekday
T20210012782,2021-06-09,16:52:00,1,Collision with vehicle,3,Wednesday,131,LEFT REAR,2,685379,Not at intersection,3,60,Arterial Other,HOWITT,BALLARAT,-37.540794,143.83554,2021,6,June,16,Afternoon Peak,Weekday
T20210012764,2021-06-09,08:55:00,1,Collision with vehicle,3,Wednesday,110,CROSS TRAFFIC(INTERSECTIONS ONLY),1,49957,Cross intersection,3,60,Local Road,FITZROY,GEELONG,-38.15016,144.37083,2021,6,June,8,Morning Peak,Weekday
T20210012752,2021-06-09,09:20:00,1,Collision with vehicle,3,Wednesday,121,RIGHT THROUGH,1,40806,Cross intersection,3,50,Arterial Highway,SPRINGVALE,WHITEHORSE,-37.84856,145.17044,2021,6,June,9,Morning Peak,Weekday
T20210012799,2021-06-09,15:10:00,1,Collision with vehicle,3,Wednesday,113,RIGHT NEAR (INTERSECTIONS ONLY),1,42853,T intersection,2,80,Arterial Other,BOUNDARY,KINGSTON,-37.993393,145.10664,2021,6,June,15,Afternoon Peak,Weekday
T20210012761,2021-06-09,09:14:00,2,Struck Pedestrian,3,Wednesday,102,FAR SIDE. PED HIT BY VEHICLE FROM THE LEFT,1,685207,Cross intersection,1,70,Arterial Highway,DANDENONG,GLEN EIRA,-37.88406,145.05797,2021,6,June,9,Morning Peak,Weekday
T20210012774,2021-06-09,12:20:00,1,Collision with vehicle,3,Wednesday,140,U TURN,1,685733,Not at intersection,2,60,Arterial Other,HIGH STREET ROAD SERVICE,MONASH,-37.876247,145.18437,2021,6,June,12,Midday,Weekday
T20210012784,2021-06-09,17:20:00,2,Struck Pedestrian,3,Wednesday,100,PED NEAR SIDE. PED HIT BY VEHICLE FROM THE RIGHT.,3,29666,Cross intersection,2,60,Arterial Other,BLACKBURN,MONASH,-37.90669,145.14195,2021,6,June,17,Afternoon Peak,Weekday
T20210012788,2021-06-09,17:40:00,1,Collision with vehicle,3,Wednesday,130,REAR END(VEHICLES IN SAME LANE),3,691091,Not at intersection,3,40,Arterial Other,MURPHY,WANGARATTA,-36.356308,146.32532,2021,6,June,17,Afternoon Peak,Weekday
T20210012792,2021-06-09,17:26:00,1,Collision with vehicle,3,Wednesday,160,VEHICLE COLLIDES WITH VEHICLE PARKED ON LEFT OF ROAD,3,689473,Not at intersection,2,40,Arterial Other,LOWER HEIDELBERG,BANYULE,-37.77267,145.05806,2021,6,June,17,Afternoon Peak,Weekday
T20210012793,2021-06-09,16:19:00,1,Collision with vehicle,3,Wednesday,113,RIGHT NEAR (INTERSECTIONS ONLY),2,19468,T intersection,1,100,Local Road,SEYMOUR-PYALONG,MITCHELL,-37.087345,145.01945,2021,6,June,16,Afternoon Peak,Weekday
T20210023636,2021-06-09,23:00:00,5,collision with some other object,3,Wednesday,166,STRUCK OBJECT ON CARRIAGEWAY,5,698552,Not at intersection,3,80,Arterial Other,WHITTLESEA-KINGLAKE,MURRINDINDI,-37.48084,145.2597,2021,6,June,23,Night,Weekday
T20210012795,2021-06-09,19:00:00,2,Struck Pedestrian,3,Wednesday,100,PED NEAR SIDE. PED HIT BY VEHICLE FROM THE RIGHT.,3,685346,Cross intersection,2,70,Arterial Highway,HODDLE,YARRA,-37.804943,144.99214,2021,6,June,19,Night,Weekday
T20210012963,2021-06-09,06:41:00,1,Collision with vehicle,3,Wednesday,147,VEHICLE STRIKES ANOTHER VEH WHILE EMERGING FROM DRIVEWAY,3,688038,Not at intersection,2,60,Local Road,CORRIGAN,DANDENONG,-37.970802,145.16724,2021,6,June,6,Morning Peak,Weekday
T20210012798,2021-06-09,19:00:00,1,Collision with vehicle,3,Wednesday,110,CROSS TRAFFIC(INTERSECTIONS ONLY),3,49941,Cross intersection,2,50,Local Road,PAKINGTON,GEELONG,-38.147926,144.34691,2021,6,June,19,Night,Weekday
T20210012914,2021-06-09,08:15:00,8,No collision and no object struck,3,Wednesday,170,OFF CARRIAGEWAY TO LEFT,9,685430,Not at intersection,1,100,Local Road,MADDENS BRIDGE,CORANGAMITE,-38.406635,143.03658,2021,6,June,8,Morning Peak,Weekday
T20210013627,2021-06-09,19:05:00,2,Struck Pedestrian,3,Wednesday,106,VEH STRIKES PED ON FOOTPATH/MEDIAN/TRAFFIC ISLAND.,3,687224,Not at intersection,3,40,Local Road,QUEENS,PORT PHILLIP,-37.85196,144.97997,2021,6,June,19,Night,Weekday
T20210012787,2021-06-09,17:00:00,1,Collision with vehicle,3,Wednesday,160,VEHICLE COLLIDES WITH VEHICLE PARKED ON LEFT OF ROAD,5,685345,Not at intersection,3,80,Arterial Other,MICKLEHAM,HUME,-37.64826,144.87962,2021,6,June,17,Afternoon Peak,Weekday
T20210013148,2021-06-09,15:15:00,1,Collision with vehicle,3,Wednesday,147,VEHICLE STRIKES ANOTHER VEH WHILE EMERGING FROM DRIVEWAY,1,685876,Not at intersection,3,40,Arterial Highway,HIGH,MITCHELL,-37.41726,144.97905,2021,6,June,15,Afternoon Peak,Weekday
T20210022485,2021-06-09,08:45:00,1,Collision with vehicle,3,Wednesday,130,REAR END(VEHICLES IN SAME LANE),1,35311,T intersection,3,50,Arterial Other,LOWER PLENTY,BANYULE,-37.729332,145.1019,2021,6,June,8,Morning Peak,Weekday
T20210012771,2021-06-09,12:27:00,4,Collision with a fixed object,3,Wednesday,141,U TURN INTO FIXED OBJECT/PARKED VEHICLE,1,685381,Not at intersection,3,70,Arterial Highway,SPRINGVALE,MONASH,-37.882744,145.16524,2021,6,June,12,Midday,Weekday
T20210012910,2021-06-09,22:10:00,1,Collision with vehicle,3,Wednesday,130,REAR END(VEHICLES IN SAME LANE),3,685864,Not at intersection,3,70,Arterial Other,SYDNEY,MORELAND,-37.69232,144.95842,2021,6,June,22,Night,Weekday
T20210013798,2021-06-09,10:15:00,4,Collision with a fixed object,3,Wednesday,171,LEFT OFF CARRIAGEWAY INTO OBJECT/PARKED VEHICLE,1,686290,Not at intersection,3,50,Local Road,CHARINGA,WYNDHAM,-37.900314,144.63718,2021,6,June,10,Midday,Weekday
T20220012590,2021-06-09,21:30:00,5,collision with some other object,3,Wednesday,198,OTHER ACCIDENTS NOT CLASSIFIABLE ELSEWHERE,9,714020,Not at intersection,3,60,Arterial Other,EMERALD-MONBULK,YARRA RANGES,-37.89318,145.43178,2021,6,June,21,Night,Weekday
T20210012804,2021-06-09,16:55:00,1,Collision with vehicle,3,Wednesday,113,RIGHT NEAR (INTERSECTIONS ONLY),2,278561,Cross intersection,2,80,Arterial Other,COOPER,HUME,-37.64589,144.9681,2021,6,June,16,Afternoon Peak,Weekday
T20210012909,2021-06-09,08:55:00,1,Collision with vehicle,3,Wednesday,120,HEAD ON (NOT OVERTAKING),1,687020,Not at intersection,2,50,Local Road,FISCHER,SURF COAST,-38.309494,144.32933,2021,6,June,8,Morning Peak,Weekday
T20210013556,2021-06-09,13:00:00,1,Collision with vehicle,3,Wednesday,130,REAR END(VEHICLES IN SAME LANE),1,688828,T intersection,3,60,Local Road,AITKEN,HUME,-37.638145,144.91003,2021,6,June,13,Midday,Weekday
T20210023998,2021-06-09,15:30:00,1,Collision with vehicle,3,Wednesday,113,RIGHT NEAR (INTERSECTIONS ONLY),1,55041,Cross intersection,3,50,Local Road,BULN BULN,BAW BAW,-38.13857,145.86235,2021,6,June,15,Afternoon Peak,Weekday
T20210012781,2021-06-09,17:40:00,2,Struck Pedestrian,3,Wednesday,102,FAR SIDE. PED HIT BY VEHICLE FROM THE LEFT,3,691094,T intersection,2,50,Local Road,VICTORIA,PORT PHILLIP,-37.877388,144.99571,2021,6,June,17,Afternoon Peak,Weekday
T20210012767,2021-06-09,11:27:00,1,Collision with vehicle,3,Wednesday,120,HEAD ON (NOT OVERTAKING),1,685252,Not at intersection,2,80,Arterial Other,HEALESVILLE-YARRA GLEN,YARRA RANGES,-37.655277,145.48573,2021,6,June,11,Midday,Weekday
T20210012745,2021-06-09,07:05:00,2,Struck Pedestrian,3,Wednesday,100,PED NEAR SIDE. PED HIT BY VEHICLE FROM THE RIGHT.,2,781095,Not at intersection,3,60,Arterial Highway,WHITE,BASS COAST,-38.590694,145.58481,2021,6,June,7,Morning Peak,Weekday
T20210012846,2021-06-10,15:05:00,1,Collision with vehicle,4,Thursday,121,RIGHT THROUGH,1,688387,Not at intersection,3,70,Arterial Other,LATHAMS,FRANKSTON,-38.097878,145.16063,2021,6,June,15,Afternoon Peak,Weekday
T20210012845,2021-06-10,17:40:00,2,Struck Pedestrian,4,Thursday,102,FAR SIDE. PED HIT BY VEHICLE FROM THE LEFT,6,699544,Not at intersection,2,60,Arterial Other,MCINTYRE,BRIMBANK,-37.768154,144.83038,2021,6,June,17,Afternoon Peak,Weekday
T20210012842,2021-06-10,16:08:00,1,Collision with vehicle,4,Thursday,130,REAR END(VEHICLES IN SAME LANE),1,686297,Not at intersection,2,90,Arterial Highway,DANDENONG-HASTINGS,CASEY,-38.056297,145.24374,2021,6,June,16,Afternoon Peak,Weekday
T20210012854,2021-06-10,19:50:00,1,Collision with vehicle,4,Thursday,140,U TURN,3,685656,T intersection,3,60,Local Road,SPRINGFIELD,WHITEHORSE,-37.8093,145.142,2021,6,June,19,Night,Weekday
T20210015047,2021-06-10,08:33:00,4,Collision with a fixed object,4,Thursday,171,LEFT OFF CARRIAGEWAY INTO OBJECT/PARKED VEHICLE,1,687500,Not at intersection,3,60,Local Road,BEVERLEY,BANYULE,-37.753094,145.0747,2021,6,June,8,Morning Peak,Weekday
T20210012853,2021-06-10,19:49:00,1,Collision with vehicle,4,Thursday,110,CROSS TRAFFIC(INTERSECTIONS ONLY),5,730282,Cross intersection,3,60,Local Road,COLCHESTER,YARRA RANGES,-37.80175,145.30803,2021,6,June,19,Night,Weekday
T20210012815,2021-06-10,07:18:00,4,Collision with a fixed object,4,Thursday,183,OFF LEFT BEND INTO OBJECT/PARKED VEHICLE,1,730281,Not at intersection,3,70,Arterial Highway,DANDENONG,GLEN EIRA,-37.868347,145.03181,2021,6,June,7,Morning Peak,Weekday
T20210012840,2021-06-10,14:24:00,1,Collision with vehicle,4,Thursday,162,ACCIDENT OR BROKEN DOWN,1,686292,Multiple intersection,3,80,Freeway,PRINCES IN-WESTERN RING OUT,WYNDHAM,-37.828495,144.81514,2021,6,June,14,Midday,Weekday
T20210012837,2021-06-10,15:10:00,1,Collision with vehicle,4,Thursday,121,RIGHT THROUGH,1,221997,Multiple intersection,3,60,Freeway,ELGAR,WHITEHORSE,-37.796593,145.1184,2021,6,June,15,Afternoon Peak,Weekday
T20210012968,2021-06-10,12:00:00,1,Collision with vehicle,4,Thursday,116,LEFT NEAR (INTERSECTIONS ONLY),1,730287,Cross intersection,3,80,Arterial Highway,TURNBULL,WELLINGTON,-38.614677,146.6669,2021,6,June,12,Midday,Weekday
T20210012833,2021-06-10,15:10:00,1,Collision with vehicle,4,Thursday,120,HEAD ON (NOT OVERTAKING),1,685629,Not at intersection,3,50,Local Road,CANTERBURY,YARRA RANGES,-37.81434,145.33037,2021,6,June,15,Afternoon Peak,Weekday
T20210018144,2021-06-10,17:30:00,1,Collision with vehicle,4,Thursday,132,RIGHT REAR.,2,210,T intersection,3,60,Local Road,BUCKLEY,MOONEE VALLEY,-37.75045,144.85606,2021,6,June,17,Afternoon Peak,Weekday
T20210012870,2021-06-10,14:45:00,4,Collision with a fixed object,4,Thursday,171,LEFT OFF CARRIAGEWAY INTO OBJECT/PARKED VEHICLE,1,689209,Not at intersection,2,100,Local Road,DRYSDALE,STRATHBOGIE,-36.75241,145.49094,2021,6,June,14,Midday,Weekday
T20210012852,2021-06-10,18:18:00,1,Collision with vehicle,4,Thursday,121,RIGHT THROUGH,3,39324,T intersection,3,60,Arterial Other,STATION,WHITEHORSE,-37.821968,145.1231,2021,6,June,18,Afternoon Peak,Weekday
T20210023346,2021-06-10,07:00:00,5,collision with some other object,4,Thursday,166,STRUCK OBJECT ON CARRIAGEWAY,2,697878,Not at intersection,3,100,Arterial Other,BACCHUS MARSH,MACEDON RANGES,-37.47907,144.54785,2021,6,June,7,Morning Peak,Weekday
T20210012831,2021-06-10,06:30:00,5,collision with some other object,4,Thursday,166,STRUCK OBJECT ON CARRIAGEWAY,5,686221,Not at intersection,3,80,Arterial Other,MOUNT MACEDON,MACEDON RANGES,-37.45164,144.58125,2021,6,June,6,Morning Peak,Weekday
T20210012830,2021-06-10,14:12:00,1,Collision with vehicle,4,Thursday,160,VEHICLE COLLIDES WITH VEHICLE PARKED ON LEFT OF ROAD,1,685349,Not at intersection,3,50,Local Road,RACHEL,WELLINGTON,-38.10474,147.09128,2021,6,June,14,Midday,Weekday
T20210012829,2021-06-10,12:30:00,8,No collision and no object struck,4,Thursday,170,OFF CARRIAGEWAY TO LEFT,1,685348,Not at intersection,2,50,Local Road,PARK,GLEN EIRA,-37.880466,145.0127,2021,6,June,12,Midday,Weekday
T20210020453,2021-06-10,16:30:00,1,Collision with vehicle,4,Thursday,130,REAR END(VEHICLES IN SAME LANE),1,694335,Not at intersection,3,60,Local Road,LIVERPOOL,KNOX,-37.849464,145.30817,2021,6,June,16,Afternoon Peak,Weekday
T20210012827,2021-06-10,13:22:00,1,Collision with vehicle,4,Thursday,142,LEAVING PARKING,1,687297,Not at intersection,2,60,Local Road,THIRTEENTH,MILDURA,-34.186295,142.14642,2021,6,June,13,Midday,Weekday
T20210012864,2021-06-10,20:49:00,1,Collision with vehicle,4,Thursday,121,RIGHT THROUGH,5,39735,Cross intersection,2,70,Arterial Other,BAYSWATER,MAROONDAH,-37.810574,145.2696,2021,6,June,20,Night,Weekday
T20210015710,2021-06-10,08:32:00,1,Collision with vehicle,4,Thursday,113,RIGHT NEAR (INTERSECTIONS ONLY),1,29793,T intersection,3,50,Arterial Other,QUEEN,HOBSONS BAY,-37.87463,144.79128,2021,6,June,8,Morning Peak,Weekday