ACCIDENT_NO,ACCIDENT_DATE,ACCIDENT_TIME,ACCIDENT_TYPE,ACCIDENT_TYPE_DESC,DAY_OF_WEEK,DAY_WEEK_DESC,DCA_CODE,DCA_DESC,LIGHT_CONDITION,NODE_ID,ROAD_GEOMETRY_DESC,SEVERITY,SPEED_ZONE,RMA,ROAD_NAME,LGA_NAME,LATITUDE,LONGITUDE,YEAR,MONTH,MONTH_NAME,HOUR,TIME_PERIOD,DAY_TYPE
T20210012824,2021-06-10,07:15:00,1,Collision with vehicle,4,Thursday,120,HEAD ON (NOT OVERTAKING),5,685466,Not at intersection,2,80,Arterial Other,COOLART,MORNINGTON PENINSULA,-38.309635,145.1456,2021,6,June,7,Morning Peak,Weekday
T20210012850,2021-06-10,19:05:00,1,Collision with vehicle,4,Thursday,121,RIGHT THROUGH,3,37545,Cross intersection,3,60,Arterial Other,CLARENDON,PORT PHILLIP,-37.835224,144.9616,2021,6,June,19,Night,Weekday
T20210012861,2021-06-10,21:38:00,4,Collision with a fixed object,4,Thursday,175,OFF END OF ROAD/T-INTERSECTION.,5,687101,T intersection,2,100,Arterial Highway,MURRAY VALLEY,SWAN HILL,-35.220783,143.45407,2021,6,June,21,Night,Weekday
T20210012860,2021-06-10,21:45:00,1,Collision with vehicle,4,Thursday,121,RIGHT THROUGH,3,278496,T intersection,2,70,Local Road,ENTERPRISE,WHITTLESEA,-37.684563,145.06863,2021,6,June,21,Night,Weekday
T20210012859,2021-06-10,18:30:00,1,Collision with vehicle,4,Thursday,110,CROSS TRAFFIC(INTERSECTIONS ONLY),4,39735,Cross intersection,3,60,Arterial Other,BAYSWATER,MAROONDAH,-37.810574,145.2696,2021,6,June,18,Afternoon Peak,Weekday
T20210012809,2021-06-10,05:40:00,1,Collision with vehicle,4,Thursday,130,REAR END(VEHICLES IN SAME LANE),3,340540,Cross intersection,3,70,Arterial Other,BALLARAT,BRIMBANK,-37.776966,144.82874,2021,6,June,5,Morning Peak,Weekday
T20210012858,2021-06-10,20:30:00,1,Collision with vehicle,4,Thursday,116,LEFT NEAR (INTERSECTIONS ONLY),3,686291,Cross intersection,3,80,Arterial Other,MICKLEHAM ROAD -SOMERTON,HUME,-37.634815,144.88171,2021,6,June,20,Night,Weekday
T20210012812,2021-06-10,06:15:00,1,Collision with vehicle,4,Thursday,110,CROSS TRAFFIC(INTERSECTIONS ONLY),5,328857,Cross intersection,2,70,Arterial Highway,KINGSTON,KINGSTON,-37.95645,145.10408,2021,6,June,6,Morning Peak,Weekday
T20210012817,2021-06-10,06:45:00,5,collision with some other object,4,Thursday,198,OTHER ACCIDENTS NOT CLASSIFIABLE ELSEWHERE,5,685378,Not at intersection,2,80,Local Road,BROWNS,MORNINGTON PENINSULA,-38.396748,144.92601,2021,6,June,6,Morning Peak,Weekday
T20210012857,2021-06-10,16:30:00,2,Struck Pedestrian,4,Thursday,103,PED PLAYING/LYING/WORKING/STANDING ON CARRIAGEWAY.,1,687019,Not at intersection,3,50,Local Road,JOHNSTON,DANDENONG,-38.00678,145.22061,2021,6,June,16,Afternoon Peak,Weekday
T20210012856,2021-06-10,16:50:00,4,Collision with a fixed object,4,Thursday,173,RIGHT OFF CARRIAGEWAY INTO OBJECT/PARKED VEHICLE,1,688870,Not at intersection,1,80,Arterial Highway,PRINCES,GLENELG,-38.2753,141.6185,2021,6,June,16,Afternoon Peak,Weekday
T20210012868,2021-06-11,06:50:00,1,Collision with vehicle,5,Friday,113,RIGHT NEAR (INTERSECTIONS ONLY),2,686197,Cross intersection,3,40,Arterial Highway,CARLISLE,MONASH,-37.899803,145.08698,2021,6,June,6,Morning Peak,Weekday
T20210014114,2021-06-11,12:11:00,1,Collision with vehicle,5,Friday,130,REAR END(VEHICLES IN SAME LANE),1,686455,Not at intersection,3,40,Arterial Other,HIGH,STONNINGTON,-37.850693,144.98439,2021,6,June,12,Midday,Weekday
T20210012869,2021-06-11,08:56:00,1,Collision with vehicle,5,Friday,110,CROSS TRAFFIC(INTERSECTIONS ONLY),1,53182,Cross intersection,2,50,Local Road,EGGLESTON,GEELONG,-38.262093,144.52702,2021,6,June,8,Morning Peak,Weekday
T20210012933,2021-06-11,17:50:00,1,Collision with vehicle,5,Friday,132,RIGHT REAR.,3,270849,T intersection,2,60,Local Road,HIGH,MORNINGTON PENINSULA,-38.30772,145.1778,2021,6,June,17,Afternoon Peak,Weekday
T20210012866,2021-06-11,06:45:00,2,Struck Pedestrian,5,Friday,100,PED NEAR SIDE. PED HIT BY VEHICLE FROM THE RIGHT.,3,39316,Cross intersection,3,60,Arterial Highway,WHITEHORSE,WHITEHORSE,-37.818295,145.12378,2021,6,June,6,Morning Peak,Weekday
T20210012889,2021-06-11,11:00:00,1,Collision with vehicle,5,Friday,139,OTHER SAME DIRECTION-MANOUEVRES NOT INCLUDED IN DCAs 130-137,1,35657,T intersection,2,80,Arterial Other,FRANKSTON-FLINDERS,MORNINGTON PENINSULA,-38.250916,145.19081,2021,6,June,11,Midday,Weekday
T20210012867,2021-06-11,07:05:00,1,Collision with vehicle,5,Friday,113,RIGHT NEAR (INTERSECTIONS ONLY),2,14845,T intersection,2,70,Arterial Other,SYDNEY,HUME,-37.655384,144.95303,2021,6,June,7,Morning Peak,Weekday
T20210012943,2021-06-11,17:30:00,1,Collision with vehicle,5,Friday,130,REAR END(VEHICLES IN SAME LANE),2,730286,Not at intersection,3,50,Local Road,SUSSEX,MORELAND,-37.71753,144.9518,2021,6,June,17,Afternoon Peak,Weekday
T20210013211,2021-06-11,16:30:00,1,Collision with vehicle,5,Friday,130,REAR END(VEHICLES IN SAME LANE),2,686585,Cross intersection,3,60,Arterial Other,MT DANDENONG,YARRA RANGES,-37.81216,145.337,2021,6,June,16,Afternoon Peak,Weekday
T20210012876,2021-06-11,08:30:00,1,Collision with vehicle,5,Friday,131,LEFT REAR,1,85565,Not at intersection,2,50,Local Road,KENSINGTON,MELBOURNE,-37.800987,144.91577,2021,6,June,8,Morning Peak,Weekday
T20210012877,2021-06-11,09:14:00,1,Collision with vehicle,5,Friday,121,RIGHT THROUGH,1,45652,T intersection,2,70,Arterial Other,MAHONEYS,WHITTLESEA,-37.69154,144.97905,2021,6,June,9,Morning Peak,Weekday
T20210012879,2021-06-11,11:05:00,1,Collision with vehicle,5,Friday,130,REAR END(VEHICLES IN SAME LANE),1,686582,Not at intersection,3,40,Arterial Other,MAIN,BALLARAT,-37.578323,143.86812,2021,6,June,11,Midday,Weekday
T20210012993,2021-06-11,13:50:00,5,collision with some other object,5,Friday,198,OTHER ACCIDENTS NOT CLASSIFIABLE ELSEWHERE,1,686588,Not at intersection,3,60,Local Road,KALLISTA-EMERALD,YARRA RANGES,-37.887306,145.37535,2021,6,June,13,Midday,Weekday
T20210012926,2021-06-11,18:26:00,5,collision with some other object,5,Friday,181,OFF RIGHT BEND INTO OBJECT/PARKED VEHICLE,5,689377,Not at intersection,2,100,Local Road,RYANS,COLAC OTWAY,-38.27942,143.5812,2021,6,June,18,Afternoon Peak,Weekday
T20210013679,2021-06-11,17:30:00,1,Collision with vehicle,5,Friday,130,REAR END(VEHICLES IN SAME LANE),3,699061,Not at intersection,3,100,Freeway,MONASH,DANDENONG,-37.9624,145.22923,2021,6,June,17,Afternoon Peak,Weekday
T20210012881,2021-06-11,08:00:00,1,Collision with vehicle,5,Friday,160,VEHICLE COLLIDES WITH VEHICLE PARKED ON LEFT OF ROAD,1,730284,Not at intersection,3,50,Local Road,STATION,BENDIGO,-36.794865,144.24498,2021,6,June,8,Morning Peak,Weekday
T20210012883,2021-06-11,05:58:00,1,Collision with vehicle,5,Friday,150,HEAD ON(OVERTAKING),5,43994,Cross intersection,1,80,Arterial Other,MORNINGTON-TYABB,MORNINGTON PENINSULA,-38.25563,145.1272,2021,6,June,5,Morning Peak,Weekday
T20210013158,2021-06-11,07:00:00,1,Collision with vehicle,5,Friday,160,VEHICLE COLLIDES WITH VEHICLE PARKED ON LEFT OF ROAD,2,691098,Not at intersection,2,60,Arterial Other,NORTH,BAYSIDE,-37.89813,144.99257,2021,6,June,7,Morning Peak,Weekday
T20210012885,2021-06-11,12:05:00,1,Collision with vehicle,5,Friday,147,VEHICLE STRIKES ANOTHER VEH WHILE EMERGING FROM DRIVEWAY,1,688719,Not at intersection,3,50,Local Road,MCCUBBIN,BRIMBANK,-37.694492,144.77483,2021,6,June,12,Midday,Weekday
T20210012932,2021-06-11,20:20:00,1,Collision with vehicle,5,Friday,121,RIGHT THROUGH,3,50224,T intersection,2,70,Arterial Highway,HIGH STREET -PRINCES,GEELONG,-38.18927,144.32762,2021,6,June,20,Night,Weekday
T20210012942,2021-06-11,17:35:00,1,Collision with vehicle,5,Friday,110,CROSS TRAFFIC(INTERSECTIONS ONLY),2,687343,Multiple intersection,2,80,Local Road,SHEEP HILLS-MINYIP,YARRIAMBIACK,-36.34537,142.53113,2021,6,June,17,Afternoon Peak,Weekday
T20210021728,2021-06-11,12:55:00,1,Collision with vehicle,5,Friday,130,REAR END(VEHICLES IN SAME LANE),1,698358,Not at intersection,3,70,Arterial Highway,ST GEORGES,DAREBIN,-37.761303,144.99306,2021,6,June,12,Midday,Weekday
T20210012891,2021-06-11,12:35:00,1,Collision with vehicle,5,Friday,110,CROSS TRAFFIC(INTERSECTIONS ONLY),1,70720,Cross intersection,2,60,Local Road,MCCRAE,DANDENONG,-37.990223,145.21954,2021,6,June,12,Midday,Weekday
T20210012930,2021-06-11,17:39:00,1,Collision with vehicle,5,Friday,130,REAR END(VEHICLES IN SAME LANE),3,685414,Not at intersection,2,80,Arterial Highway,CHELTENHAM,DANDENONG,-37.991802,145.15175,2021,6,June,17,Afternoon Peak,Weekday
T20210012913,2021-06-11,15:40:00,2,Struck Pedestrian,5,Friday,102,FAR SIDE. PED HIT BY VEHICLE FROM THE LEFT,1,685758,Not at intersection,2,50,Local Road,LIDGETT,MOORABOOL,-37.67034,144.43378,2021,6,June,15,Afternoon Peak,Weekday
T20210012912,2021-06-11,14:30:00,1,Collision with vehicle,5,Friday,110,CROSS TRAFFIC(INTERSECTIONS ONLY),1,35422,Cross intersection,3,50,Arterial Other,DAREBIN,DAREBIN,-37.765602,145.02151,2021,6,June,14,Midday,Weekday
T20210012922,2021-06-11,15:10:00,1,Collision with vehicle,5,Friday,147,VEHICLE STRIKES ANOTHER VEH WHILE EMERGING FROM DRIVEWAY,1,687021,Not at intersection,3,50,Local Road,JOHN,CARDINIA,-38.0758,145.4846,2021,6,June,15,Afternoon Peak,Weekday
T20210013752,2021-06-11,21:10:00,1,Collision with vehicle,5,Friday,130,REAR END(VEHICLES IN SAME LANE),6,689010,Not at intersection,3,70,Arterial Highway,PLENTY,DAREBIN,-37.717068,145.04276,2021,6,June,21,Night,Weekday
T20210012895,2021-06-11,08:35:00,1,Collision with vehicle,5,Friday,132,RIGHT REAR.,1,686749,Multiple intersection,3,50,Local Road,CHETWYND,MELBOURNE,-37.801277,144.95277,2021,6,June,8,Morning Peak,Weekday
T20210012938,2021-06-11,17:21:00,1,Collision with vehicle,5,Friday,111,RIGHT FAR (INTERSECTIONS ONLY),3,29830,T intersection,3,60,Arterial Other,PASCOE VALE,MOONEE VALLEY,-37.75152,144.92534,2021,6,June,17,Afternoon Peak,Weekday
T20210013267,2021-06-11,06:15:00,4,Collision with a fixed object,5,Friday,171,LEFT OFF CARRIAGEWAY INTO OBJECT/PARKED VEHICLE,4,688721,Not at intersection,3,60,Arterial Other,MONBULK,YARRA RANGES,-37.85944,145.41537,2021,6,June,6,Morning Peak,Weekday
T20210014277,2021-06-11,08:00:00,1,Collision with vehicle,5,Friday,132,RIGHT REAR.,1,65088,T intersection,3,50,Local Road,ALTONA,MELBOURNE,-37.795937,144.92455,2021,6,June,8,Morning Peak,Weekday
T20210012927,2021-06-11,15:30:00,1,Collision with vehicle,5,Friday,113,RIGHT NEAR (INTERSECTIONS ONLY),1,45957,T intersection,3,60,Arterial Other,WATTLETREE,STONNINGTON,-37.86274,145.03114,2021,6,June,15,Afternoon Peak,Weekday
T20210012902,2021-06-11,13:30:00,1,Collision with vehicle,5,Friday,113,RIGHT NEAR (INTERSECTIONS ONLY),1,57824,Multiple intersection,2,100,Arterial Other,PRINCES,BAW BAW,-38.093292,145.83405,2021,6,June,13,Midday,Weekday
T20210012906,2021-06-11,14:40:00,1,Collision with vehicle,5,Friday,121,RIGHT THROUGH,1,685468,Cross intersection,3,60,Local Road,WEBB DOCK,MELBOURNE,-37.834267,144.91151,2021,6,June,14,Midday,Weekday
T20210012903,2021-06-11,12:17:00,1,Collision with vehicle,5,Friday,136,RIGHT TURN SIDESWIPE,1,686198,T intersection,2,60,Arterial Highway,MAIN,MOUNT ALEXANDER,-37.082027,144.20427,2021,6,June,12,Midday,Weekday
T20210012916,2021-06-11,16:00:00,1,Collision with vehicle,5,Friday,130,REAR END(VEHICLES IN SAME LANE),1,50755,Cross intersection,3,40,Arterial Highway,PRINCES,COLAC OTWAY,-38.32491,143.62741,2021,6,June,16,Afternoon Peak,Weekday
T20210012945,2021-06-11,22:20:00,4,Collision with a fixed object,5,Friday,171,LEFT OFF CARRIAGEWAY INTO OBJECT/PARKED VEHICLE,3,686587,Not at intersection,3,50,Local Road,HAMILTON,MAROONDAH,-37.83022,145.27628,2021,6,June,22,Night,Weekday
T20210013022,2021-06-11,19:56:00,4,Collision with a fixed object,5,Friday,179,OTHER ACCIDENTS-OFF STRAIGHT NOT INCLUDED IN DCAs 170-175,3,730289,Not at intersection,3,50,Local Road,POINT NEPEAN,MORNINGTON PENINSULA,-38.356125,144.90347,2021,6,June,19,Night,Weekday
T20210013603,2021-06-11,17:45:00,6,Vehicle overturned (no collision),5,Friday,170,OFF CARRIAGEWAY TO LEFT,5,689903,Not at intersection,3,80,Arterial Highway,WIMMERA,LODDON,-36.740326,143.90834,2021,6,June,17,Afternoon Peak,Weekday
T20210013065,2021-06-11,16:15:00,1,Collision with vehicle,5,Friday,130,REAR END(VEHICLES IN SAME LANE),1,711567,Not at intersection,3,80,Arterial Highway,SPRINGVALE,MONASH,-37.88388,145.16504,2021,6,June,16,Afternoon Peak,Weekday
T20210013588,2021-06-11,17:20:00,1,Collision with vehicle,5,Friday,111,RIGHT FAR (INTERSECTIONS ONLY),3,50388,Cross intersection,3,50,Arterial Highway,THOMPSON,BASS COAST,-38.452328,145.23898,2021,6,June,17,Afternoon Peak,Weekday
T20210012921,2021-06-11,17:09:00,4,Collision with a fixed object,5,Friday,171,LEFT OFF CARRIAGEWAY INTO OBJECT/PARKED VEHICLE,5,73535,T intersection,3,80,Arterial Other,BITTERN-DROMANA,MORNINGTON PENINSULA,-38.351814,145.05992,2021,6,June,17,Afternoon Peak,Weekday
T20210013419,2021-06-12,19:40:00,1,Collision with vehicle,6,Saturday,130,REAR END(VEHICLES IN SAME LANE),3,687025,Not at intersection,3,60,Local Road,KOOYONG,STONNINGTON,-37.861053,145.01974,2021,6,June,19,Night,Weekend
T20210013203,2021-06-12,17:55:00,1,Collision with vehicle,6,Saturday,121,RIGHT THROUGH,3,29370,Cross intersection,3,70,Arterial Other,CRAIGIEBURN,WHITTLESEA,-37.608517,145.03133,2021,6,June,17,Afternoon Peak,Weekend
T20210013122,2021-06-12,10:00:00,8,No collision and no object struck,6,Saturday,182,OFF CARRIAGEWAY ON LEFT BEND,1,685875,Not at intersection,3,100,Local Road,WOOLSHED,INDIGO,-36.30892,146.61702,2021,6,June,10,Midday,Weekend
T20210012983,2021-06-12,19:00:00,1,Collision with vehicle,6,Saturday,140,U TURN,3,685522,Not at intersection,2,60,Local Road,HUMPHRIES,MORNINGTON PENINSULA,-38.19007,145.12093,2021,6,June,19,Night,Weekend
T20210012966,2021-06-12,10:50:00,4,Collision with a fixed object,6,Saturday,171,LEFT OFF CARRIAGEWAY INTO OBJECT/PARKED VEHICLE,1,689630,Not at intersection,2,100,Arterial Highway,MIDLAND,GOLDEN PLAINS,-37.945488,144.12743,2021,6,June,10,Midday,Weekend
T20210012946,2021-06-12,01:30:00,4,Collision with a fixed object,6,Saturday,173,RIGHT OFF CARRIAGEWAY INTO OBJECT/PARKED VEHICLE,3,685470,Not at intersection,3,50,Local Road,WARRENWOOD,WYNDHAM,-37.881317,144.69565,2021,6,June,1,Late Night,Weekend
T20210013002,2021-06-12,22:40:00,1,Collision with vehicle,6,Saturday,120,HEAD ON (NOT OVERTAKING),5,689008,Not at intersection,2,80,Local Road,GREIGS,MELTON,-37.74433,144.6639,2021,6,June,22,Night,Weekend
T20210012970,2021-06-12,15:15:00,1,Collision with vehicle,6,Saturday,110,CROSS TRAFFIC(INTERSECTIONS ONLY),1,57265,Cross intersection,3,50,Local Road,NINTH,MILDURA,-34.178276,142.15099,2021,6,June,15,Afternoon Peak,Weekend
T20210013004,2021-06-12,14:30:00,1,Collision with vehicle,6,Saturday,130,REAR END(VEHICLES IN SAME LANE),1,685874,Not at intersection,2,70,Local Road,IRVINE,BRIMBANK,-37.765373,144.77562,2021,6,June,14,Midday,Weekend
T20210012958,2021-06-12,12:05:00,1,Collision with vehicle,6,Saturday,130,REAR END(VEHICLES IN SAME LANE),1,691104,Not at intersection,3,70,Arterial Other,PLENTY,WHITTLESEA,-37.68566,145.06836,2021,6,June,12,Midday,Weekend
T20210012951,2021-06-12,06:20:00,2,Struck Pedestrian,6,Saturday,104,PED WALKING WITH TRAFFIC,3,685471,Not at intersection,2,60,Arterial Other,DOUGLAS,HOBSONS BAY,-37.843346,144.89256,2021,6,June,6,Morning Peak,Weekend
T20210012997,2021-06-12,15:45:00,1,Collision with vehicle,6,Saturday,140,U TURN,1,703221,Not at intersection,2,100,Local Road,CAIRNBROOK,WELLINGTON,-38.1088,146.73648,2021,6,June,15,Afternoon Peak,Weekend
T20210012967,2021-06-12,09:40:00,1,Collision with vehicle,6,Saturday,130,REAR END(VEHICLES IN SAME LANE),1,687205,Not at intersection,3,60,Arterial Other,POINT COOK,HOBSONS BAY,-37.886517,144.75612,2021,6,June,9,Morning Peak,Weekend
T20210013346,2021-06-12,18:30:00,3,Struck animal,6,Saturday,167,STRUCK ANIMAL,3,685885,Not at intersection,3,60,Local Road,FOX,CASEY,-37.99198,145.30434,2021,6,June,18,Afternoon Peak,Weekend
T20210012981,2021-06-12,15:45:00,1,Collision with vehicle,6,Saturday,143,ENTERING PARKING,1,685521,Not at intersection,3,40,Local Road,QUEEN,MELBOURNE,-37.816315,144.9613,2021,6,June,15,Afternoon Peak,Weekend
T20210015377,2021-06-12,15:04:00,1,Collision with vehicle,6,Saturday,130,REAR END(VEHICLES IN SAME LANE),1,44230,Cross intersection,3,60,Arterial Other,EPPING,WHITTLESEA,-37.623024,145.0288,2021,6,June,15,Afternoon Peak,Weekend
T20210013421,2021-06-12,20:00:00,1,Collision with vehicle,6,Saturday,110,CROSS TRAFFIC(INTERSECTIONS ONLY),3,710675,Cross intersection,3,60,Freeway,EDGARS-METROPOLITAN RING OUT,WHITTLESEA,-37.68629,145.00255,2021,6,June,20,Night,Weekend
T20210013343,2021-06-12,15:00:00,5,collision with some other object,6,Saturday,166,STRUCK OBJECT ON CARRIAGEWAY,1,689876,Not at intersection,3,100,Local Road,FISH CREEK-WALKERVILLE,SOUTH GIPPSLAND,-38.794804,146.01218,2021,6,June,15,Afternoon Peak,Weekend
T20210012985,2021-06-12,17:22:00,1,Collision with vehicle,6,Saturday,147,VEHICLE STRIKES ANOTHER VEH WHILE EMERGING FROM DRIVEWAY,2,688906,Not at intersection,3,60,Arterial Other,BALLAN,WYNDHAM,-37.892445,144.63039,2021,6,June,17,Afternoon Peak,Weekend
T20210012986,2021-06-12,19:30:00,1,Collision with vehicle,6,Saturday,110,CROSS TRAFFIC(INTERSECTIONS ONLY),3,41810,Cross intersection,3,70,Arterial Other,FERNTREE GULLY,MONASH,-37.90414,145.16766,2021,6,June,19,Night,Weekend
T20210012957,2021-06-12,09:25:00,1,Collision with vehicle,6,Saturday,120,HEAD ON (NOT OVERTAKING),1,700503,Not at intersection,2,100,Arterial Highway,MURRAY VALLEY,GANNAWARRA,-35.732174,143.8964,2021,6,June,9,Morning Peak,Weekend
T20210012988,2021-06-12,20:00:00,5,collision with some other object,6,Saturday,175,OFF END OF ROAD/T-INTERSECTION.,3,61925,T intersection,2,50,Local Road,JOHNSON,DAREBIN,-37.69764,145.01198,2021,6,June,20,Night,Weekend
T20210012955,2021-06-12,10:00:00,1,Collision with vehicle,6,Saturday,121,RIGHT THROUGH,1,685597,Not at intersection,3,80,Arterial Other,WESTALL,DANDENONG,-37.928024,145.1425,2021,6,June,10,Midday,Weekend
T20210012959,2021-06-12,11:45:00,1,Collision with vehicle,6,Saturday,147,VEHICLE STRIKES ANOTHER VEH WHILE EMERGING FROM DRIVEWAY,1,691103,Not at intersection,3,50,Local Road,TENNYSON,KINGSTON,-37.957226,145.05641,2021,6,June,11,Midday,Weekend
T20210012960,2021-06-12,12:44:00,1,Collision with vehicle,6,Saturday,110,CROSS TRAFFIC(INTERSECTIONS ONLY),1,52831,Cross intersection,3,60,Arterial Other,DRUMMOND,BALLARAT,-37.556488,143.84824,2021,6,June,12,Midday,Weekend
T20210012972,2021-06-12,14:12:00,1,Collision with vehicle,6,Saturday,148,VEHICLE OFF FOOTPATH STRIKES VEH ON CARRIAGEWAY,1,687668,T intersection,3,60,Arterial Highway,MCFEES,DANDENONG,-37.965176,145.22417,2021,6,June,14,Midday,Weekend
T20210014238,2021-06-12,12:10:00,1,Collision with vehicle,6,Saturday,142,LEAVING PARKING,1,687303,Not at intersection,3,60,Arterial Other,HATTAM,BENDIGO,-36.78119,144.2609,2021,6,June,12,Midday,Weekend
T20210012982,2021-06-12,20:00:00,4,Collision with a fixed object,6,Saturday,171,LEFT OFF CARRIAGEWAY INTO OBJECT/PARKED VEHICLE,3,691102,T intersection,3,70,Arterial Highway,LEE,WHITEHORSE,-37.815945,145.20003,2021,6,June,20,Night,Weekend
T20210014138,2021-06-12,17:13:00,1,Collision with vehicle,6,Saturday,116,LEFT NEAR (INTERSECTIONS ONLY),1,686806,T intersection,3,70,Local Road,GLASSCOCKS,CASEY,-38.06768,145.28261,2021,6,June,17,Afternoon Peak,Weekend
T20210012995,2021-06-12,23:05:00,1,Collision with vehicle,6,Saturday,110,CROSS TRAFFIC(INTERSECTIONS ONLY),3,47575,Cross intersection,3,60,Local Road,CHEDDAR,DAREBIN,-37.705532,145.01604,2021,6,June,23,Night,Weekend
T20210012989,2021-06-12,14:55:00,1,Collision with vehicle,6,Saturday,121,RIGHT THROUGH,1,29397,Cross intersection,2,60,Arterial Other,VICTORIA,MELBOURNE,-37.807293,144.96884,2021,6,June,14,Midday,Weekend
T20210012994,2021-06-12,22:50:00,1,Collision with vehicle,6,Saturday,110,CROSS TRAFFIC(INTERSECTIONS ONLY),4,43788,Cross intersection,3,60,Arterial Other,CLEGG,YARRA RANGES,-37.782345,145.41853,2021,6,June,22,Night,Weekend
T20210013027,2021-06-13,16:00:00,1,Collision with vehicle,7,Sunday,120,HEAD ON (NOT OVERTAKING),1,688226,Not at intersection,2,80,Arterial Highway,PRINCES,MOYNE,-38.351448,142.25781,2021,6,June,16,Afternoon Peak,Weekend
T20210013149,2021-06-13,17:00:00,1,Collision with vehicle,7,Sunday,112,LEFT FAR (INTERSECTIONS ONLY),3,36690,T intersection,2,60,Arterial Other,HODDLE,YARRA,-37.793728,144.99417,2021,6,June,17,Afternoon Peak,Weekend
T20210013012,2021-06-13,06:45:00,8,No collision and no object struck,7,Sunday,174,OUT OF CONTROL ON CARRIAGEWAY (ON STRAIGHT),3,44022,Cross intersection,3,80,Arterial Other,COOLART,MORNINGTON PENINSULA,-38.300087,145.1456,2021,6,June,6,Morning Peak,Weekend
T20230025366,2021-06-13,21:00:00,1,Collision with vehicle,7,Sunday,130,REAR END(VEHICLES IN SAME LANE),5,784708,Not at intersection,3,80,Local Road,NORTH,FRANKSTON,-38.1608,145.1761,2021,6,June,21,Night,Weekend
T20210013016,2021-06-13,13:30:00,1,Collision with vehicle,7,Sunday,130,REAR END(VEHICLES IN SAME LANE),1,730288,Not at intersection,3,60,Local Road,PLEASANT,BALLARAT,-37.559982,143.839,2021,6,June,13,Midday,Weekend
T20210013585,2021-06-13,17:30:00,3,Struck animal,7,Sunday,167,STRUCK ANIMAL,2,690730,Not at intersection,3,50,Local Road,REYNOLDS,MANNINGHAM,-37.76667,145.19603,2021,6,June,17,Afternoon Peak,Weekend
T20210013033,2021-06-13,12:00:00,1,Collision with vehicle,7,Sunday,148,VEHICLE OFF FOOTPATH STRIKES VEH ON CARRIAGEWAY,1,689631,T intersection,3,60,Arterial Other,CHANDLER,DANDENONG,-37.974354,145.1857,2021,6,June,12,Midday,Weekend
T20210012999,2021-06-13,03:54:00,6,Vehicle overturned (no collision),7,Sunday,172,OFF CARRIAGEWAY TO RIGHT,5,690433,Not at intersection,2,80,Arterial Other,DUNCANS,WYNDHAM,-37.918217,144.69302,2021,6,June,3,Late Night,Weekend
T20210013019,2021-06-13,13:13:00,2,Struck Pedestrian,7,Sunday,100,PED NEAR SIDE. PED HIT BY VEHICLE FROM THE RIGHT.,1,36685,Cross intersection,2,80,Arterial Highway,HODDLE,YARRA,-37.80716,144.99178,2021,6,June,13,Midday,Weekend
T20210013038,2021-06-13,14:13:00,1,Collision with vehicle,7,Sunday,135,LANE CHANGE LEFT (NOT OVERTAKING),1,42500,T intersection,2,40,Arterial Highway,SPRINGVALE,DANDENONG,-37.9541,145.15192,2021,6,June,14,Midday,Weekend
T20210013034,2021-06-13,14:15:00,1,Collision with vehicle,7,Sunday,120,HEAD ON (NOT OVERTAKING),1,281526,Y intersection,3,100,Local Road,DEMON RIDGE,ALPINE,-36.766087,146.93678,2021,6,June,14,Midday,Weekend
T20210013045,2021-06-13,20:45:00,1,Collision with vehicle,7,Sunday,148,VEHICLE OFF FOOTPATH STRIKES VEH ON CARRIAGEWAY,3,360176,Cross intersection,2,80,Arterial Highway,WEBB,CASEY,-38.025356,145.30515,2021,6,June,20,Night,Weekend
T20210013010,2021-06-13,10:50:00,8,No collision and no object struck,7,Sunday,174,OUT OF CONTROL ON CARRIAGEWAY (ON STRAIGHT),1,719879,Not at intersection,2,60,Arterial Highway,WHITEHORSE,WHITEHORSE,-37.815544,145.10373,2021,6,June,10,Midday,Weekend
T20210013128,2021-06-13,10:00:00,4,Collision with a fixed object,7,Sunday,181,OFF RIGHT BEND INTO OBJECT/PARKED VEHICLE,1,687375,Not at intersection,2,80,Arterial Highway,GREAT OCEAN,SURF COAST,-38.577106,143.94803,2021,6,June,10,Midday,Weekend
T20210013041,2021-06-13,20:30:00,2,Struck Pedestrian,7,Sunday,100,PED NEAR SIDE. PED HIT BY VEHICLE FROM THE RIGHT.,5,62796,T intersection,3,50,Local Road,GILBERT,DAREBIN,-37.732586,144.99098,2021,6,June,20,Night,Weekend
T20210013006,2021-06-13,02:00:00,6,Vehicle overturned (no collision),7,Sunday,170,OFF CARRIAGEWAY TO LEFT,5,696271,Not at intersection,2,100,Arterial Highway,WIMMERA,HORSHAM,-36.732647,142.13364,2021,6,June,2,Late Night,Weekend
T20210013046,2021-06-13,17:30:00,2,Struck Pedestrian,7,Sunday,102,FAR SIDE. PED HIT BY VEHICLE FROM THE LEFT,9,685578,Not at intersection,2,50,Local Road,VASEY,WHITTLESEA,-37.667774,145.01945,2021,6,June,17,Afternoon Peak,Weekend
T20210013070,2021-06-13,22:45:00,1,Collision with vehicle,7,Sunday,135,LANE CHANGE LEFT (NOT OVERTAKING),3,687302,Not at intersection,2,70,Arterial Other,MELTON HIGHWAY SERVICE,BRIMBANK,-37.69353,144.75613,2021,6,June,22,Night,Weekend
T20210013024,2021-06-13,15:20:00,3,Struck animal,7,Sunday,167,STRUCK ANIMAL,1,685856,Not at intersection,2,100,Local Road,CUT OUT DAM,GLENELG,-38.20863,141.55319,2021,6,June,15,Afternoon Peak,Weekend