ACCIDENT_NO,ACCIDENT_DATE,ACCIDENT_TIME,ACCIDENT_TYPE,ACCIDENT_TYPE_DESC,DAY_OF_WEEK,DAY_WEEK_DESC,DCA_CODE,DCA_DESC,LIGHT_CONDITION,NODE_ID,ROAD_GEOMETRY_DESC,SEVERITY,SPEED_ZONE,RMA,ROAD_NAME,LGA_NAME,LATITUDE,LONGITUDE,YEAR,MONTH,MONTH_NAME,HOUR,TIME_PERIOD,DAY_TYPE
T20210013003,2021-06-13,05:14:00,1,Collision with vehicle,7,Sunday,169,OTHER ON PATH,3,690185,Not at intersection,3,60,Local Road,WOOD,MORNINGTON PENINSULA,-38.23156,145.04465,2021,6,June,5,Morning Peak,Weekend
T20210013044,2021-06-13,15:15:00,8,No collision and no object struck,7,Sunday,174,OUT OF CONTROL ON CARRIAGEWAY (ON STRAIGHT),1,685786,Not at intersection,2,70,Arterial Highway,NORTH,MONASH,-37.912,145.1076,2021,6,June,15,Afternoon Peak,Weekend
T20210012996,2021-06-13,00:05:00,1,Collision with vehicle,7,Sunday,171,LEFT OFF CARRIAGEWAY INTO OBJECT/PARKED VEHICLE,3,691101,Not at intersection,3,60,Arterial Other,HARP,BOROONDARA,-37.800354,145.05893,2021,6,June,0,Late Night,Weekend
T20210013032,2021-06-13,17:50:00,2,Struck Pedestrian,7,Sunday,102,FAR SIDE. PED HIT BY VEHICLE FROM THE LEFT,3,338242,Cross intersection,3,60,Local Road,HENRY,CARDINIA,-38.075085,145.43747,2021,6,June,17,Afternoon Peak,Weekend
T20210013059,2021-06-14,07:34:00,4,Collision with a fixed object,1,Monday,171,LEFT OFF CARRIAGEWAY INTO OBJECT/PARKED VEHICLE,1,687187,Not at intersection,3,100,Freeway,WESTERN RING,HUME,-37.69254,144.9441,2021,6,June,7,Morning Peak,Weekday
T20210013102,2021-06-14,20:47:00,1,Collision with vehicle,1,Monday,134,LANE CHANGE RIGHT (NOT OVERTAKING),3,693553,Not at intersection,2,100,Freeway,EASTERN,BOROONDARA,-37.779915,145.09024,2021,6,June,20,Night,Weekday
T20210013083,2021-06-14,14:12:00,1,Collision with vehicle,1,Monday,113,RIGHT NEAR (INTERSECTIONS ONLY),1,37696,T intersection,3,50,Arterial Other,SETTLEMENT,WHITTLESEA,-37.687813,145.01257,2021,6,June,14,Midday,Weekday
T20210013082,2021-06-14,16:10:00,1,Collision with vehicle,1,Monday,130,REAR END(VEHICLES IN SAME LANE),1,730290,T intersection,3,60,Local Road,THE BOULEVARD,SHEPPARTON,-36.37219,145.39409,2021,6,June,16,Afternoon Peak,Weekday
T20220007581,2021-06-14,17:56:00,1,Collision with vehicle,1,Monday,130,REAR END(VEHICLES IN SAME LANE),3,39156,T intersection,3,60,Arterial Other,WHITEHORSE,BOROONDARA,-37.81255,145.0789,2021,6,June,17,Afternoon Peak,Weekday
T20210013293,2021-06-14,10:34:00,1,Collision with vehicle,1,Monday,163,VEHICLE STRIKES DOOR OF PARKED/STATIONARY VEHICLE,1,730297,Not at intersection,3,80,Local Road,DUNDAS,MORNINGTON PENINSULA,-38.401333,144.81238,2021,6,June,10,Midday,Weekday
T20210013156,2021-06-14,20:55:00,4,Collision with a fixed object,1,Monday,171,LEFT OFF CARRIAGEWAY INTO OBJECT/PARKED VEHICLE,5,686395,Not at intersection,3,80,Local Road,KILLARA,YARRA RANGES,-37.72261,145.41698,2021,6,June,20,Night,Weekday
T20210013093,2021-06-14,18:55:00,1,Collision with vehicle,1,Monday,148,VEHICLE OFF FOOTPATH STRIKES VEH ON CARRIAGEWAY,3,345453,Cross intersection,3,70,Arterial Other,CANTERBURY,MAROONDAH,-37.83237,145.26941,2021,6,June,18,Afternoon Peak,Weekday
T20210013206,2021-06-14,15:30:00,8,No collision and no object struck,1,Monday,184,OUT OF CONTROL ON CARRIAGEWAY (ON BEND),1,689910,Not at intersection,2,100,Arterial Highway,GREAT ALPINE,EAST GIPPSLAND,-37.153664,147.65236,2021,6,June,15,Afternoon Peak,Weekday
T20210013537,2021-06-14,22:30:00,1,Collision with vehicle,1,Monday,110,CROSS TRAFFIC(INTERSECTIONS ONLY),3,29926,Cross intersection,3,50,Arterial Other,DRUMMOND,BALLARAT,-37.562965,143.84705,2021,6,June,22,Night,Weekday
T20210013066,2021-06-14,11:40:00,2,Struck Pedestrian,1,Monday,100,PED NEAR SIDE. PED HIT BY VEHICLE FROM THE RIGHT.,1,737368,Not at intersection,2,60,Arterial Other,RALEIGH,MARIBYRNONG,-37.76898,144.89212,2021,6,June,11,Midday,Weekday
T20210013115,2021-06-14,14:00:00,8,No collision and no object struck,1,Monday,174,OUT OF CONTROL ON CARRIAGEWAY (ON STRAIGHT),1,289748,Cross intersection,2,80,Arterial Other,HEATHERTON,CASEY,-37.976368,145.27063,2021,6,June,14,Midday,Weekday
T20210013088,2021-06-14,16:45:00,1,Collision with vehicle,1,Monday,121,RIGHT THROUGH,1,696541,T intersection,2,100,Arterial Highway,JOHN ALLAN,CAMPASPE,-36.199184,145.04955,2021,6,June,16,Afternoon Peak,Weekday
T20210013074,2021-06-14,12:15:00,4,Collision with a fixed object,1,Monday,173,RIGHT OFF CARRIAGEWAY INTO OBJECT/PARKED VEHICLE,1,784453,Not at intersection,2,50,Local Road,ALLENDALE,NILLUMBIK,-37.69071,145.17427,2021,6,June,12,Midday,Weekday
T20210013099,2021-06-14,04:55:00,4,Collision with a fixed object,1,Monday,171,LEFT OFF CARRIAGEWAY INTO OBJECT/PARKED VEHICLE,3,331737,Cross intersection,3,60,Arterial Other,HALLAM,CASEY,-38.04767,145.265,2021,6,June,4,Late Night,Weekday
T20210013091,2021-06-14,19:00:00,1,Collision with vehicle,1,Monday,121,RIGHT THROUGH,3,53620,Cross intersection,3,50,Local Road,HARVEST HOME,WHITTLESEA,-37.62132,145.01184,2021,6,June,19,Night,Weekday
T20210013089,2021-06-14,18:30:00,1,Collision with vehicle,1,Monday,137,LEFT TURN SIDESWIPE,3,688539,T intersection,2,60,Arterial Highway,BELL,MORELAND,-37.74206,144.97287,2021,6,June,18,Afternoon Peak,Weekday
T20210013097,2021-06-14,16:21:00,1,Collision with vehicle,1,Monday,110,CROSS TRAFFIC(INTERSECTIONS ONLY),1,49877,Cross intersection,2,60,Local Road,CLARENCE,GEELONG,-38.138912,144.34021,2021,6,June,16,Afternoon Peak,Weekday
T20210013270,2021-06-14,15:00:00,1,Collision with vehicle,1,Monday,130,REAR END(VEHICLES IN SAME LANE),1,39498,Cross intersection,3,70,Arterial Highway,SPRINGVALE,WHITEHORSE,-37.813236,145.17683,2021,6,June,15,Afternoon Peak,Weekday
T20210013067,2021-06-14,09:11:00,1,Collision with vehicle,1,Monday,120,HEAD ON (NOT OVERTAKING),1,687963,Not at intersection,2,80,Arterial Other,DAYLESFORD-BALLARAT,BALLARAT,-37.54875,143.93538,2021,6,June,9,Morning Peak,Weekday
T20210013058,2021-06-14,09:50:00,4,Collision with a fixed object,1,Monday,183,OFF LEFT BEND INTO OBJECT/PARKED VEHICLE,1,685579,Not at intersection,3,60,Freeway,MONTAGUE-CITYLINK OUT,PORT PHILLIP,-37.826756,144.94646,2021,6,June,9,Morning Peak,Weekday
T20210013051,2021-06-14,02:00:00,4,Collision with a fixed object,1,Monday,173,RIGHT OFF CARRIAGEWAY INTO OBJECT/PARKED VEHICLE,5,691797,Not at intersection,2,80,Local Road,STAUGHTON VALE,GEELONG,-37.87241,144.27348,2021,6,June,2,Late Night,Weekday
T20210013169,2021-06-15,18:11:00,1,Collision with vehicle,2,Tuesday,113,RIGHT NEAR (INTERSECTIONS ONLY),3,42333,T intersection,3,60,Arterial Highway,WARRIGAL,MONASH,-37.920174,145.08318,2021,6,June,18,Afternoon Peak,Weekday
T20210013174,2021-06-15,21:56:00,1,Collision with vehicle,2,Tuesday,110,CROSS TRAFFIC(INTERSECTIONS ONLY),5,49935,Cross intersection,2,70,Arterial Highway,LATROBE,GEELONG,-38.147438,144.35275,2021,6,June,21,Night,Weekday
T20210013175,2021-06-15,18:04:00,1,Collision with vehicle,2,Tuesday,132,RIGHT REAR.,3,686396,Not at intersection,3,80,Arterial Other,BALLARAT-MARYBOROUGH,BALLARAT,-37.524185,143.80898,2021,6,June,18,Afternoon Peak,Weekday
T20210013184,2021-06-15,07:32:00,1,Collision with vehicle,2,Tuesday,121,RIGHT THROUGH,1,36826,Cross intersection,3,60,Arterial Other,DUDLEY,MELBOURNE,-37.80924,144.95236,2021,6,June,7,Morning Peak,Weekday
T20210013186,2021-06-15,14:00:00,1,Collision with vehicle,2,Tuesday,110,CROSS TRAFFIC(INTERSECTIONS ONLY),1,50703,Cross intersection,2,50,Local Road,KELP,WARRNAMBOOL,-38.383892,142.4896,2021,6,June,14,Midday,Weekday
T20210013196,2021-06-15,15:45:00,2,Struck Pedestrian,2,Tuesday,106,VEH STRIKES PED ON FOOTPATH/MEDIAN/TRAFFIC ISLAND.,1,691095,Not at intersection,3,60,Arterial Highway,HIGH,BENDIGO,-36.770714,144.26228,2021,6,June,15,Afternoon Peak,Weekday
T20210013145,2021-06-15,06:30:00,1,Collision with vehicle,2,Tuesday,130,REAR END(VEHICLES IN SAME LANE),1,686163,Not at intersection,2,60,Arterial Other,CLYDE,CASEY,-38.059303,145.33833,2021,6,June,6,Morning Peak,Weekday
T20210013119,2021-06-15,08:10:00,1,Collision with vehicle,2,Tuesday,111,RIGHT FAR (INTERSECTIONS ONLY),1,42851,T intersection,3,80,Arterial Other,BOUNDARY,KINGSTON,-37.98875,145.10786,2021,6,June,8,Morning Peak,Weekday
T20210013503,2021-06-15,13:20:00,1,Collision with vehicle,2,Tuesday,134,LANE CHANGE RIGHT (NOT OVERTAKING),1,686000,T intersection,3,80,Arterial Other,SYDNEY,HUME,-37.651188,144.9527,2021,6,June,13,Midday,Weekday
T20210013282,2021-06-15,12:30:00,1,Collision with vehicle,2,Tuesday,130,REAR END(VEHICLES IN SAME LANE),1,689098,T intersection,3,60,Local Road,AITKEN,HUME,-37.62812,144.91324,2021,6,June,12,Midday,Weekday
T20210013137,2021-06-15,11:50:00,1,Collision with vehicle,2,Tuesday,110,CROSS TRAFFIC(INTERSECTIONS ONLY),1,59201,Cross intersection,2,80,Arterial Other,DOYLES,SHEPPARTON,-36.410496,145.43185,2021,6,June,11,Midday,Weekday
T20210013208,2021-06-15,15:15:00,1,Collision with vehicle,2,Tuesday,113,RIGHT NEAR (INTERSECTIONS ONLY),1,60762,Cross intersection,3,50,Local Road,LIGAR,BALLARAT,-37.55146,143.86235,2021,6,June,15,Afternoon Peak,Weekday
T20210013234,2021-06-15,13:30:00,1,Collision with vehicle,2,Tuesday,131,LEFT REAR,1,685818,Not at intersection,3,100,Arterial Other,GISBORNE-MELTON,MELTON,-37.652573,144.60214,2021,6,June,13,Midday,Weekday
T20210013138,2021-06-15,11:30:00,1,Collision with vehicle,2,Tuesday,110,CROSS TRAFFIC(INTERSECTIONS ONLY),1,685994,Cross intersection,3,50,Local Road,SOUTHERNHAY,DAREBIN,-37.72544,145.00911,2021,6,June,11,Midday,Weekday
T20210016517,2021-06-15,09:00:00,1,Collision with vehicle,2,Tuesday,110,CROSS TRAFFIC(INTERSECTIONS ONLY),1,696980,Cross intersection,3,60,Local Road,COGHLANS,WARRNAMBOOL,-38.35069,142.44722,2021,6,June,9,Morning Peak,Weekday
T20210013131,2021-06-15,11:10:00,1,Collision with vehicle,2,Tuesday,110,CROSS TRAFFIC(INTERSECTIONS ONLY),1,57697,Cross intersection,2,60,Arterial Highway,BANYAN,WARRNAMBOOL,-38.37551,142.49207,2021,6,June,11,Midday,Weekday
T20210013129,2021-06-15,10:15:00,1,Collision with vehicle,2,Tuesday,110,CROSS TRAFFIC(INTERSECTIONS ONLY),1,45559,Cross intersection,3,50,Local Road,GORDON,MORELAND,-37.743256,144.94943,2021,6,June,10,Midday,Weekday
T20210013152,2021-06-15,12:55:00,1,Collision with vehicle,2,Tuesday,132,RIGHT REAR.,1,29515,T intersection,2,60,Arterial Other,WRIGHT,BRIMBANK,-37.796516,144.83557,2021,6,June,12,Midday,Weekday
T20210013114,2021-06-15,07:15:00,3,Struck animal,2,Tuesday,167,STRUCK ANIMAL,2,685737,Not at intersection,2,100,Arterial Highway,NORTHERN,BENDIGO,-36.859467,144.7033,2021,6,June,7,Morning Peak,Weekday
T20210013388,2021-06-15,06:30:00,1,Collision with vehicle,2,Tuesday,121,RIGHT THROUGH,9,685946,Cross intersection,3,80,Arterial Other,MICKLEHAM,HUME,-37.63465,144.88165,2021,6,June,6,Morning Peak,Weekday
T20210013153,2021-06-15,15:50:00,2,Struck Pedestrian,2,Tuesday,107,PED ON FOOTHPATH STRUCK BY VEHENTERING/LEAVING DRIVEWAY.,1,686109,Not at intersection,3,50,Local Road,RATTRAY,BANYULE,-37.718845,145.11417,2021,6,June,15,Afternoon Peak,Weekday
T20210013168,2021-06-15,18:50:00,4,Collision with a fixed object,2,Tuesday,181,OFF RIGHT BEND INTO OBJECT/PARKED VEHICLE,3,688541,Not at intersection,3,100,Freeway,MONASH,CASEY,-38.00269,145.29637,2021,6,June,18,Afternoon Peak,Weekday
T20210013118,2021-06-15,08:40:00,1,Collision with vehicle,2,Tuesday,110,CROSS TRAFFIC(INTERSECTIONS ONLY),1,686284,Cross intersection,2,50,Local Road,ELDER,WHITEHORSE,-37.81522,145.16127,2021,6,June,8,Morning Peak,Weekday
T20210014084,2021-06-15,18:00:00,1,Collision with vehicle,2,Tuesday,130,REAR END(VEHICLES IN SAME LANE),3,686804,Not at intersection,3,60,Arterial Highway,WHITEHORSE,WHITEHORSE,-37.819756,145.13885,2021,6,June,18,Afternoon Peak,Weekday
T20210013142,2021-06-15,13:05:00,1,Collision with vehicle,2,Tuesday,113,RIGHT NEAR (INTERSECTIONS ONLY),1,279924,Multiple intersection,2,70,Freeway,HUME OUT-DONNYBROOK,HUME,-37.539974,144.94165,2021,6,June,13,Midday,Weekday
T20210014206,2021-06-15,18:20:00,1,Collision with vehicle,2,Tuesday,130,REAR END(VEHICLES IN SAME LANE),3,686638,T intersection,3,60,Arterial Other,COBURNS,MELTON,-37.68577,144.5679,2021,6,June,18,Afternoon Peak,Weekday
T20210013296,2021-06-15,09:15:00,4,Collision with a fixed object,2,Tuesday,181,OFF RIGHT BEND INTO OBJECT/PARKED VEHICLE,1,685944,Not at intersection,2,100,Local Road,BENA-KONGWAK,SOUTH GIPPSLAND,-38.472458,145.68887,2021,6,June,9,Morning Peak,Weekday
T20210013246,2021-06-16,21:45:00,1,Collision with vehicle,3,Wednesday,130,REAR END(VEHICLES IN SAME LANE),5,708315,T intersection,2,70,Arterial Other,GREAVES,CASEY,-38.05597,145.30763,2021,6,June,21,Night,Weekday
T20210013258,2021-06-16,09:45:00,1,Collision with vehicle,3,Wednesday,121,RIGHT THROUGH,1,345969,T intersection,2,80,Arterial Highway,SOUTH GIPPSLAND,CASEY,-38.13268,145.29549,2021,6,June,9,Morning Peak,Weekday
T20210013226,2021-06-16,15:45:00,1,Collision with vehicle,3,Wednesday,132,RIGHT REAR.,1,778438,Not at intersection,3,100,Arterial Other,SALE-HEYFIELD,WELLINGTON,-38.070736,146.98065,2021,6,June,15,Afternoon Peak,Weekday
T20210014706,2021-06-16,13:55:00,1,Collision with vehicle,3,Wednesday,110,CROSS TRAFFIC(INTERSECTIONS ONLY),1,43171,Cross intersection,3,60,Local Road,ALBERT,KINGSTON,-38.006866,145.08849,2021,6,June,13,Midday,Weekday
T20210013279,2021-06-16,15:00:00,1,Collision with vehicle,3,Wednesday,113,RIGHT NEAR (INTERSECTIONS ONLY),1,72150,T intersection,2,80,Arterial Highway,SOUTH GIPPSLAND,CASEY,-38.156685,145.31743,2021,6,June,15,Afternoon Peak,Weekday
T20210014164,2021-06-16,15:45:00,1,Collision with vehicle,3,Wednesday,130,REAR END(VEHICLES IN SAME LANE),1,730733,T intersection,3,80,Arterial Highway,MCIVOR,BENDIGO,-36.768875,144.34012,2021,6,June,15,Afternoon Peak,Weekday
T20210013342,2021-06-16,17:00:00,1,Collision with vehicle,3,Wednesday,130,REAR END(VEHICLES IN SAME LANE),3,691007,Not at intersection,2,70,Arterial Highway,BELLARINE,GEELONG,-38.168804,144.3849,2021,6,June,17,Afternoon Peak,Weekday
T20210014415,2021-06-16,10:30:00,6,Vehicle overturned (no collision),3,Wednesday,174,OUT OF CONTROL ON CARRIAGEWAY (ON STRAIGHT),1,689927,Not at intersection,2,50,Local Road,PIONEER,SOUTH GIPPSLAND,-38.653904,146.2,2021,6,June,10,Midday,Weekday
T20210015716,2021-06-16,15:15:00,1,Collision with vehicle,3,Wednesday,110,CROSS TRAFFIC(INTERSECTIONS ONLY),1,278525,Cross intersection,3,50,Local Road,COMMERCIAL,MELTON,-37.72979,144.74506,2021,6,June,15,Afternoon Peak,Weekday
T20210013182,2021-06-16,04:26:00,1,Collision with vehicle,3,Wednesday,121,RIGHT THROUGH,3,51570,Cross intersection,3,60,Arterial Highway,NAPIER,BENDIGO,-36.74978,144.29076,2021,6,June,4,Late Night,Weekday
T20230018332,2021-06-16,11:36:00,9,Other accident,3,Wednesday,179,OTHER ACCIDENTS-OFF STRAIGHT NOT INCLUDED IN DCAs 170-175,1,778680,Not at intersection,3,80,Local Road,GELLIBRAND RIVER,CORANGAMITE,-38.6477,143.26868,2021,6,June,11,Midday,Weekday
T20210013187,2021-06-16,06:15:00,1,Collision with vehicle,3,Wednesday,120,HEAD ON (NOT OVERTAKING),2,701638,T intersection,3,60,Arterial Other,BURWOOD,YARRA RANGES,-37.906536,145.33948,2021,6,June,6,Morning Peak,Weekday
T20210013188,2021-06-16,08:00:00,1,Collision with vehicle,3,Wednesday,132,RIGHT REAR.,2,730294,Multiple intersection,2,80,Freeway,EASTLINK IN-THOMPSON RAMP OF-THOMPSON-MONASH,FRANKSTON,-38.070488,145.18117,2021,6,June,8,Morning Peak,Weekday
T20210013193,2021-06-16,08:40:00,1,Collision with vehicle,3,Wednesday,130,REAR END(VEHICLES IN SAME LANE),1,685814,Not at intersection,3,100,Freeway,EASTERN,WHITEHORSE,-37.80255,145.16568,2021,6,June,8,Morning Peak,Weekday
T20210013195,2021-06-16,10:30:00,1,Collision with vehicle,3,Wednesday,163,VEHICLE STRIKES DOOR OF PARKED/STATIONARY VEHICLE,1,688391,Not at intersection,3,60,Arterial Other,HAWTHORN,GLEN EIRA,-37.882164,145.02289,2021,6,June,10,Midday,Weekday
T20210013200,2021-06-16,08:31:00,1,Collision with vehicle,3,Wednesday,130,REAR END(VEHICLES IN SAME LANE),1,42670,T intersection,2,80,Arterial Other,WELLINGTON,YARRA RANGES,-37.95052,145.33649,2021,6,June,8,Morning Peak,Weekday
T20210013201,2021-06-16,07:47:00,1,Collision with vehicle,3,Wednesday,130,REAR END(VEHICLES IN SAME LANE),1,730295,Not at intersection,3,80,Freeway,CITYLINK,MELBOURNE,-37.793053,144.93654,2021,6,June,7,Morning Peak,Weekday
T20220006945,2021-06-16,14:34:00,1,Collision with vehicle,3,Wednesday,116,LEFT NEAR (INTERSECTIONS ONLY),9,781795,T intersection,3,50,Arterial Other,KILMORE-LANCEFIELD,MITCHELL,-37.293472,144.92809,2021,6,June,14,Midday,Weekday
T20210013424,2021-06-16,18:50:00,1,Collision with vehicle,3,Wednesday,132,RIGHT REAR.,5,686860,Not at intersection,3,80,Local Road,YAN YEAN,WHITTLESEA,-37.59831,145.13942,2021,6,June,18,Afternoon Peak,Weekday
T20210013429,2021-06-16,12:30:00,8,No collision and no object struck,3,Wednesday,174,OUT OF CONTROL ON CARRIAGEWAY (ON STRAIGHT),1,690766,Not at intersection,3,50,Local Road,TORRUMBARRY WEIR,CAMPASPE,-35.94589,144.4649,2021,6,June,12,Midday,Weekday
T20210013732,2021-06-16,19:40:00,1,Collision with vehicle,3,Wednesday,116,LEFT NEAR (INTERSECTIONS ONLY),3,35871,T intersection,2,60,Local Road,DUNCAN,CARDINIA,-38.07529,145.47444,2021,6,June,19,Night,Weekday
T20210014286,2021-06-16,18:30:00,1,Collision with vehicle,3,Wednesday,163,VEHICLE STRIKES DOOR OF PARKED/STATIONARY VEHICLE,9,687663,Not at intersection,3,40,Local Road,DOMAIN,MELBOURNE,-37.83421,144.98302,2021,6,June,18,Afternoon Peak,Weekday
T20210013220,2021-06-16,13:00:00,1,Collision with vehicle,3,Wednesday,130,REAR END(VEHICLES IN SAME LANE),1,40717,T intersection,2,60,Arterial Other,MIDDLEBOROUGH,WHITEHORSE,-37.854527,145.13194,2021,6,June,13,Midday,Weekday
T20210013223,2021-06-16,15:10:00,1,Collision with vehicle,3,Wednesday,130,REAR END(VEHICLES IN SAME LANE),1,685816,Not at intersection,3,60,Arterial Other,WARRANDYTE,MAROONDAH,-37.804302,145.23055,2021,6,June,15,Afternoon Peak,Weekday
T20210013231,2021-06-16,15:55:00,2,Struck Pedestrian,3,Wednesday,102,FAR SIDE. PED HIT BY VEHICLE FROM THE LEFT,1,685817,T intersection,2,60,Local Road,FLINDERS,GEELONG,-38.02251,144.3973,2021,6,June,15,Afternoon Peak,Weekday
T20210013238,2021-06-16,18:38:00,1,Collision with vehicle,3,Wednesday,113,RIGHT NEAR (INTERSECTIONS ONLY),3,49261,T intersection,3,60,Arterial Highway,DOOEN,HORSHAM,-36.704754,142.21387,2021,6,June,18,Afternoon Peak,Weekday
T20210013240,2021-06-16,19:16:00,1,Collision with vehicle,3,Wednesday,121,RIGHT THROUGH,3,687589,T intersection,2,80,Local Road,HORSESHOE BEND,GEELONG,-38.21197,144.35826,2021,6,June,19,Night,Weekday
T20210013242,2021-06-16,19:32:00,1,Collision with vehicle,3,Wednesday,110,CROSS TRAFFIC(INTERSECTIONS ONLY),5,61054,Cross intersection,3,50,Local Road,BIRDWOOD,BALLARAT,-37.597706,143.8315,2021,6,June,19,Night,Weekday
T20210013243,2021-06-16,21:35:00,4,Collision with a fixed object,3,Wednesday,173,RIGHT OFF CARRIAGEWAY INTO OBJECT/PARKED VEHICLE,5,688654,Not at intersection,2,60,Local Road,DONALD CAMERON,HUME,-37.631382,144.92528,2021,6,June,21,Night,Weekday
T20210013244,2021-06-16,20:50:00,1,Collision with vehicle,3,Wednesday,133,LANE SIDE SWIPE (VEHICLES IN PARALLEL LANES),3,691093,Not at intersection,3,80,Freeway,MONASH,MONASH,-37.892056,145.12466,2021,6,June,20,Night,Weekday
T20210013245,2021-06-16,21:05:00,1,Collision with vehicle,3,Wednesday,160,VEHICLE COLLIDES WITH VEHICLE PARKED ON LEFT OF ROAD,3,686421,Not at intersection,2,50,Local Road,MAPLE,HOBSONS BAY,-37.841698,144.86238,2021,6,June,21,Night,Weekday
T20210013318,2021-06-17,09:25:00,1,Collision with vehicle,4,Thursday,120,HEAD ON (NOT OVERTAKING),9,686086,Not at intersection,3,50,Local Road,WILLMOTT,HUME,-37.587254,144.92972,2021,6,June,9,Morning Peak,Weekday
T20210013414,2021-06-17,19:56:00,1,Collision with vehicle,4,Thursday,121,RIGHT THROUGH,3,355448,Cross intersection,3,60,Arterial Highway,MCIVOR,BENDIGO,-36.75728,144.29182,2021,6,June,19,Night,Weekday
T20210013311,2021-06-17,19:20:00,1,Collision with vehicle,4,Thursday,135,LANE CHANGE LEFT (NOT OVERTAKING),3,39930,T intersection,2,60,Arterial Other,MILLERS,HOBSONS BAY,-37.84166,144.84648,2021,6,June,19,Night,Weekday
T20210013310,2021-06-17,19:37:00,1,Collision with vehicle,4,Thursday,121,RIGHT THROUGH,3,51141,T intersection,2,60,Arterial Highway,GOULBURN VALLEY,SHEPPARTON,-36.40894,145.39331,2021,6,June,19,Night,Weekday
T20210013256,2021-06-17,06:20:00,1,Collision with vehicle,4,Thursday,130,REAR END(VEHICLES IN SAME LANE),3,687769,Not at intersection,2,80,Arterial Highway,SOUTH GIPPSLAND,DANDENONG,-38.033894,145.24493,2021,6,June,6,Morning Peak,Weekday
T20210013287,2021-06-17,11:08:00,1,Collision with vehicle,4,Thursday,113,RIGHT NEAR (INTERSECTIONS ONLY),1,52106,T intersection,3,60,Arterial Other,PRINCES,BAW BAW,-38.156628,145.91876,2021,6,June,11,Midday,Weekday
T20210013347,2021-06-17,16:00:00,2,Struck Pedestrian,4,Thursday,103,PED PLAYING/LYING/WORKING/STANDING ON CARRIAGEWAY.,1,687669,Not at intersection,2,50,Local Road,EBBOTT,STONNINGTON,-37.86601,145.0301,2021,6,June,16,Afternoon Peak,Weekday
T20210013309,2021-06-17,15:30:00,2,Struck Pedestrian,4,Thursday,101,PED EMERGES FROM IN FRONT OF PARKED OR STATIONARY VEHICLE,1,730298,Not at intersection,3,40,Local Road,WILLIAMS,MORNINGTON PENINSULA,-38.172897,145.09055,2021,6,June,15,Afternoon Peak,Weekday
T20210013291,2021-06-17,03:00:00,4,Collision with a fixed object,4,Thursday,181,OFF RIGHT BEND INTO OBJECT/PARKED VEHICLE,5,719880,T intersection,2,100,Freeway,PRINCES,EAST GIPPSLAND,-37.701424,148.48212,2021,6,June,3,Late Night,Weekday
T20210013249,2021-06-17,00:45:00,4,Collision with a fixed object,4,Thursday,171,LEFT OFF CARRIAGEWAY INTO OBJECT/PARKED VEHICLE,5,691675,Not at intersection,2,100,Arterial Highway,WESTERN,ARARAT,-37.20632,142.88481,2021,6,June,0,Late Night,Weekday
T20210013254,2021-06-17,07:20:00,1,Collision with vehicle,4,Thursday,110,CROSS TRAFFIC(INTERSECTIONS ONLY),2,46964,Cross intersection,2,40,Local Road,RAE,YARRA,-37.78544,144.97977,2021,6,June,7,Morning Peak,Weekday
T20210013835,2021-06-17,14:00:00,1,Collision with vehicle,4,Thursday,135,LANE CHANGE LEFT (NOT OVERTAKING),1,687049,Not at intersection,3,60,Arterial Other,TOORONGA,STONNINGTON,-37.85703,145.04141,2021,6,June,14,Midday,Weekday
T20210021557,2021-06-17,15:49:00,1,Collision with vehicle,4,Thursday,130,REAR END(VEHICLES IN SAME LANE),1,39749,T intersection,3,60,Arterial Other,MT DANDENONG,MAROONDAH,-37.801037,145.2741,2021,6,June,15,Afternoon Peak,Weekday
T20210013912,2021-06-17,17:50:00,1,Collision with vehicle,4,Thursday,130,REAR END(VEHICLES IN SAME LANE),3,730729,Not at intersection,3,80,Arterial Other,LEARMONTH,BALLARAT,-37.526485,143.81104,2021,6,June,17,Afternoon Peak,Weekday
T20210013255,2021-06-17,07:56:00,1,Collision with vehicle,4,Thursday,131,LEFT REAR,1,685881,T intersection,2,60,Arterial Other,MT ALEXANDER,MOONEE VALLEY,-37.762222,144.92178,2021,6,June,7,Morning Peak,Weekday
T20210013313,2021-06-17,18:25:00,1,Collision with vehicle,4,Thursday,160,VEHICLE COLLIDES WITH VEHICLE PARKED ON LEFT OF ROAD,3,686865,Not at intersection,3,60,Arterial Highway,POINT NEPEAN,MORNINGTON PENINSULA,-38.368362,144.85635,2021,6,June,18,Afternoon Peak,Weekday
T20210013314,2021-06-17,19:35:00,1,Collision with vehicle,4,Thursday,113,RIGHT NEAR (INTERSECTIONS ONLY),3,35531,Cross intersection,2,80,Arterial Other,CANTERBURY,MAROONDAH,-37.83233,145.21335,2021,6,June,19,Night,Weekday
T20210013302,2021-06-17,16:40:00,1,Collision with vehicle,4,Thursday,121,RIGHT THROUGH,1,57540,T intersection,2,60,Arterial Other,HAWTHORN,GLEN EIRA,-37.884903,145.02235,2021,6,June,16,Afternoon Peak,Weekday
T20210013260,2021-06-17,08:25:00,2,Struck Pedestrian,4,Thursday,102,FAR SIDE. PED HIT BY VEHICLE FROM THE LEFT,1,685942,Not at intersection,2,40,Local Road,EXFORD,MELTON,-37.707294,144.57425,2021,6,June,8,Morning Peak,Weekday
T20210013326,2021-06-17,23:02:00,1,Collision with vehicle,4,Thursday,145,REVERSING IN STREAM OF TRAFFIC,3,696374,T intersection,3,80,Arterial Other,MANNINGHAM,MANNINGHAM,-37.768295,145.09628,2021,6,June,23,Night,Weekday
T20210013294,2021-06-17,15:09:00,2,Struck Pedestrian,4,Thursday,102,FAR SIDE. PED HIT BY VEHICLE FROM THE LEFT,1,689321,Not at intersection,2,70,Arterial Highway,ST GEORGES,DAREBIN,-37.76082,144.99315,2021,6,June,15,Afternoon Peak,Weekday