ACCIDENT_NO,ACCIDENT_DATE,ACCIDENT_TIME,ACCIDENT_TYPE,ACCIDENT_TYPE_DESC,DAY_OF_WEEK,DAY_WEEK_DESC,DCA_CODE,DCA_DESC,LIGHT_CONDITION,NODE_ID,ROAD_GEOMETRY_DESC,SEVERITY,SPEED_ZONE,RMA,ROAD_NAME,LGA_NAME,LATITUDE,LONGITUDE,YEAR,MONTH,MONTH_NAME,HOUR,TIME_PERIOD,DAY_TYPE
T20210013327,2021-06-17,11:42:00,1,Collision with vehicle,4,Thursday,130,REAR END(VEHICLES IN SAME LANE),9,129499,Not at intersection,3,60,Arterial Highway,BRIGHTON,PORT PHILLIP,-37.8832,144.99657,2021,6,June,11,Midday,Weekday
T20210013264,2021-06-17,09:30:00,1,Collision with vehicle,4,Thursday,110,CROSS TRAFFIC(INTERSECTIONS ONLY),1,49270,Cross intersection,3,60,Local Road,GRANDVIEW,BALLARAT,-37.528606,143.83975,2021,6,June,9,Morning Peak,Weekday
T20210013280,2021-06-17,11:50:00,1,Collision with vehicle,4,Thursday,130,REAR END(VEHICLES IN SAME LANE),1,686105,Not at intersection,3,50,Arterial Other,BELMORE,MOIRA,-36.01377,146.00443,2021,6,June,11,Midday,Weekday
T20210013265,2021-06-17,07:00:00,1,Collision with vehicle,4,Thursday,147,VEHICLE STRIKES ANOTHER VEH WHILE EMERGING FROM DRIVEWAY,1,690011,Not at intersection,2,60,Local Road,SOUTH CENTRE,HUME,-37.704872,144.85889,2021,6,June,7,Morning Peak,Weekday
T20210016339,2021-06-17,22:00:00,8,No collision and no object struck,4,Thursday,174,OUT OF CONTROL ON CARRIAGEWAY (ON STRAIGHT),6,688985,Not at intersection,3,50,Local Road,MELALUKA,GEELONG,-38.184734,144.45595,2021,6,June,22,Night,Weekday
T20210015699,2021-06-17,09:47:00,1,Collision with vehicle,4,Thursday,110,CROSS TRAFFIC(INTERSECTIONS ONLY),1,36519,Cross intersection,3,80,Arterial Other,CRANBOURNE-FRANKSTON,FRANKSTON,-38.144722,145.20511,2021,6,June,9,Morning Peak,Weekday
T20210013340,2021-06-18,09:12:00,6,Vehicle overturned (no collision),5,Friday,174,OUT OF CONTROL ON CARRIAGEWAY (ON STRAIGHT),1,37774,Cross intersection,2,60,Arterial Other,MALVERN,STONNINGTON,-37.848957,145.0098,2021,6,June,9,Morning Peak,Weekday
T20210013339,2021-06-18,06:50:00,1,Collision with vehicle,5,Friday,121,RIGHT THROUGH,3,43608,Cross intersection,3,80,Arterial Other,BELGRAVE-HALLAM,CASEY,-37.98154,145.31042,2021,6,June,6,Morning Peak,Weekday
T20210013334,2021-06-18,05:26:00,4,Collision with a fixed object,5,Friday,181,OFF RIGHT BEND INTO OBJECT/PARKED VEHICLE,5,781161,Not at intersection,3,100,Local Road,TARNOOK,BENALLA,-36.46493,145.85982,2021,6,June,5,Morning Peak,Weekday
T20210013332,2021-06-18,04:09:00,4,Collision with a fixed object,5,Friday,173,RIGHT OFF CARRIAGEWAY INTO OBJECT/PARKED VEHICLE,5,730299,Not at intersection,3,100,Local Road,MERCER,MILDURA,-34.287632,142.07762,2021,6,June,4,Late Night,Weekday
T20210013351,2021-06-18,07:30:00,1,Collision with vehicle,5,Friday,110,CROSS TRAFFIC(INTERSECTIONS ONLY),1,35320,Cross intersection,2,70,Arterial Highway,MOOROODUC,FRANKSTON,-38.146645,145.1358,2021,6,June,7,Morning Peak,Weekday
T20210013349,2021-06-18,08:47:00,1,Collision with vehicle,5,Friday,120,HEAD ON (NOT OVERTAKING),1,686626,Not at intersection,2,80,Arterial Other,MONBULK,YARRA RANGES,-37.840748,145.42574,2021,6,June,8,Morning Peak,Weekday
T20220004530,2021-06-18,18:00:00,8,No collision and no object struck,5,Friday,170,OFF CARRIAGEWAY TO LEFT,2,705659,Not at intersection,3,100,Local Road,HOLDEN,MELTON,-37.657986,144.69946,2021,6,June,18,Afternoon Peak,Weekday
T20210013819,2021-06-18,15:10:00,1,Collision with vehicle,5,Friday,130,REAR END(VEHICLES IN SAME LANE),9,321379,Cross intersection,3,70,Arterial Other,CENTRE,GLEN EIRA,-37.921143,145.05898,2021,6,June,15,Afternoon Peak,Weekday
T20210013691,2021-06-18,06:55:00,1,Collision with vehicle,5,Friday,121,RIGHT THROUGH,2,230257,T intersection,3,50,Local Road,HALL,MARIBYRNONG,-37.815975,144.8969,2021,6,June,6,Morning Peak,Weekday
T20210013378,2021-06-18,17:00:00,1,Collision with vehicle,5,Friday,130,REAR END(VEHICLES IN SAME LANE),1,686087,Not at intersection,3,80,Arterial Highway,BURWOOD,KNOX,-37.883423,145.28017,2021,6,June,17,Afternoon Peak,Weekday
T20210013379,2021-06-18,15:01:00,1,Collision with vehicle,5,Friday,130,REAR END(VEHICLES IN SAME LANE),1,686243,Not at intersection,2,40,Local Road,PARKHILL,CASEY,-38.015778,145.32306,2021,6,June,15,Afternoon Peak,Weekday
T20210013592,2021-06-18,17:12:00,1,Collision with vehicle,5,Friday,130,REAR END(VEHICLES IN SAME LANE),6,686881,Not at intersection,3,60,Arterial Other,MITCHAM,WHITEHORSE,-37.82701,145.19455,2021,6,June,17,Afternoon Peak,Weekday
T20210013695,2021-06-18,07:30:00,1,Collision with vehicle,5,Friday,121,RIGHT THROUGH,6,687372,T intersection,3,60,Arterial Other,DALTON,WHITTLESEA,-37.692913,145.0251,2021,6,June,7,Morning Peak,Weekday
T20210014892,2021-06-18,12:14:00,1,Collision with vehicle,5,Friday,113,RIGHT NEAR (INTERSECTIONS ONLY),1,38548,Cross intersection,3,50,Local Road,BENJAMIN,BRIMBANK,-37.793465,144.83075,2021,6,June,12,Midday,Weekday
T20210016052,2021-06-18,17:30:00,5,collision with some other object,5,Friday,198,OTHER ACCIDENTS NOT CLASSIFIABLE ELSEWHERE,1,688544,Not at intersection,3,80,Local Road,SPRINGHILL,HEPBURN,-37.283165,144.29425,2021,6,June,17,Afternoon Peak,Weekday
T20210013381,2021-06-18,17:25:00,1,Collision with vehicle,5,Friday,116,LEFT NEAR (INTERSECTIONS ONLY),3,29939,T intersection,2,60,Arterial Other,THOMPSON,GEELONG,-38.09277,144.3469,2021,6,June,17,Afternoon Peak,Weekday
T20210013454,2021-06-18,18:00:00,1,Collision with vehicle,5,Friday,143,ENTERING PARKING,3,686089,Not at intersection,2,50,Local Road,BROMFIELD,COLAC OTWAY,-38.340847,143.58849,2021,6,June,18,Afternoon Peak,Weekday
T20210013356,2021-06-18,12:00:00,1,Collision with vehicle,5,Friday,121,RIGHT THROUGH,1,29790,Cross intersection,3,70,Local Road,SAYERS,WYNDHAM,-37.84638,144.66946,2021,6,June,12,Midday,Weekday
T20210013357,2021-06-18,12:00:00,1,Collision with vehicle,5,Friday,130,REAR END(VEHICLES IN SAME LANE),1,49685,Cross intersection,3,60,Arterial Other,ANAKIE,GEELONG,-38.08177,144.33717,2021,6,June,12,Midday,Weekday
T20210013385,2021-06-18,17:44:00,1,Collision with vehicle,5,Friday,132,RIGHT REAR.,3,691116,T intersection,3,60,Arterial Other,CAPE PATERSON,BASS COAST,-38.667595,145.62106,2021,6,June,17,Afternoon Peak,Weekday
T20210014227,2021-06-18,18:02:00,1,Collision with vehicle,5,Friday,130,REAR END(VEHICLES IN SAME LANE),3,686868,Not at intersection,3,60,Arterial Highway,MCIVOR,BENDIGO,-36.758144,144.28842,2021,6,June,18,Afternoon Peak,Weekday
T20210015584,2021-06-18,16:30:00,1,Collision with vehicle,5,Friday,130,REAR END(VEHICLES IN SAME LANE),1,688069,Not at intersection,3,60,Arterial Other,VICTORIA,YARRA,-37.80913,144.98656,2021,6,June,16,Afternoon Peak,Weekday
T20210013629,2021-06-18,17:50:00,2,Struck Pedestrian,5,Friday,100,PED NEAR SIDE. PED HIT BY VEHICLE FROM THE RIGHT.,2,695048,Not at intersection,3,60,Local Road,RIVER,YARRA,-37.811947,145.0134,2021,6,June,17,Afternoon Peak,Weekday
T20210013387,2021-06-18,18:15:00,1,Collision with vehicle,5,Friday,160,VEHICLE COLLIDES WITH VEHICLE PARKED ON LEFT OF ROAD,3,686869,Not at intersection,3,60,Arterial Other,GLENFERRIE,BOROONDARA,-37.835155,145.03307,2021,6,June,18,Afternoon Peak,Weekday
T20210013361,2021-06-18,12:25:00,1,Collision with vehicle,5,Friday,120,HEAD ON (NOT OVERTAKING),1,41036,T intersection,2,60,Arterial Other,DORSET,KNOX,-37.868248,145.2853,2021,6,June,12,Midday,Weekday
T20210013729,2021-06-18,19:00:00,1,Collision with vehicle,5,Friday,121,RIGHT THROUGH,3,776889,Not at intersection,3,50,Local Road,FULHAM,KNOX,-37.918655,145.23863,2021,6,June,19,Night,Weekday
T20210013363,2021-06-18,08:15:00,1,Collision with vehicle,5,Friday,113,RIGHT NEAR (INTERSECTIONS ONLY),1,358520,T intersection,3,100,Arterial Other,KORUMBURRA-INVERLOCH,SOUTH GIPPSLAND,-38.51953,145.72154,2021,6,June,8,Morning Peak,Weekday
T20210013761,2021-06-18,06:45:00,1,Collision with vehicle,5,Friday,130,REAR END(VEHICLES IN SAME LANE),3,693364,Not at intersection,3,100,Freeway,HUME,HUME,-37.549,144.94385,2021,6,June,6,Morning Peak,Weekday
T20210014736,2021-06-18,21:15:00,1,Collision with vehicle,5,Friday,133,LANE SIDE SWIPE (VEHICLES IN PARALLEL LANES),3,687798,Not at intersection,3,80,Freeway,CALDER,BRIMBANK,-37.7185,144.83838,2021,6,June,21,Night,Weekday
T20210013389,2021-06-18,19:00:00,1,Collision with vehicle,5,Friday,111,RIGHT FAR (INTERSECTIONS ONLY),5,322961,T intersection,3,100,Arterial Other,COUANGALT,MACEDON RANGES,-37.535732,144.57132,2021,6,June,19,Night,Weekday
T20210013365,2021-06-18,10:30:00,1,Collision with vehicle,5,Friday,111,RIGHT FAR (INTERSECTIONS ONLY),1,55754,Cross intersection,3,50,Local Road,LULWORTH,WHITEHORSE,-37.807674,145.16174,2021,6,June,10,Midday,Weekday
T20210014562,2021-06-18,17:20:00,1,Collision with vehicle,5,Friday,140,U TURN,3,781164,Not at intersection,3,50,Local Road,NEWLANDS,MORELAND,-37.730373,144.97163,2021,6,June,17,Afternoon Peak,Weekday
T20210021026,2021-06-18,17:20:00,1,Collision with vehicle,5,Friday,130,REAR END(VEHICLES IN SAME LANE),5,697934,Not at intersection,3,100,Freeway,METROPOLITAN RING,WHITTLESEA,-37.686153,145.05664,2021,6,June,17,Afternoon Peak,Weekday
T20210013386,2021-06-18,17:15:00,1,Collision with vehicle,5,Friday,147,VEHICLE STRIKES ANOTHER VEH WHILE EMERGING FROM DRIVEWAY,3,686101,Not at intersection,3,50,Local Road,ESSEX,MARIBYRNONG,-37.79302,144.87221,2021,6,June,17,Afternoon Peak,Weekday
T20210013682,2021-06-18,07:55:00,1,Collision with vehicle,5,Friday,130,REAR END(VEHICLES IN SAME LANE),1,690726,Not at intersection,3,100,Freeway,PRINCES,HOBSONS BAY,-37.851788,144.77939,2021,6,June,7,Morning Peak,Weekday
T20210013509,2021-06-18,21:30:00,1,Collision with vehicle,5,Friday,120,HEAD ON (NOT OVERTAKING),5,688428,Not at intersection,3,100,Arterial Highway,SOUTH GIPPSLAND,SOUTH GIPPSLAND,-38.593105,146.0886,2021,6,June,21,Night,Weekday
T20210013426,2021-06-18,08:30:00,2,Struck Pedestrian,5,Friday,100,PED NEAR SIDE. PED HIT BY VEHICLE FROM THE RIGHT.,9,688510,Not at intersection,3,60,Local Road,MONT ALBERT,BOROONDARA,-37.816673,145.06625,2021,6,June,8,Morning Peak,Weekday
T20210013409,2021-06-18,22:30:00,1,Collision with vehicle,5,Friday,130,REAR END(VEHICLES IN SAME LANE),3,139782,Not at intersection,3,40,Freeway,MONASH,STONNINGTON,-37.85068,145.04977,2021,6,June,22,Night,Weekday
T20210013374,2021-06-18,14:35:00,4,Collision with a fixed object,5,Friday,183,OFF LEFT BEND INTO OBJECT/PARKED VEHICLE,1,692267,Cross intersection,3,80,Arterial Other,PORTLAND-NELSON,GLENELG,-38.30433,141.55807,2021,6,June,14,Midday,Weekday
T20210013406,2021-06-18,21:00:00,4,Collision with a fixed object,5,Friday,181,OFF RIGHT BEND INTO OBJECT/PARKED VEHICLE,3,686099,Not at intersection,3,50,Local Road,BARDIA,FRANKSTON,-38.11996,145.13492,2021,6,June,21,Night,Weekday
T20210013405,2021-06-18,15:14:00,1,Collision with vehicle,5,Friday,147,VEHICLE STRIKES ANOTHER VEH WHILE EMERGING FROM DRIVEWAY,1,686088,Not at intersection,3,50,Arterial Other,ELONERA,DANDENONG,-37.961205,145.1891,2021,6,June,15,Afternoon Peak,Weekday
T20210015478,2021-06-18,16:10:00,1,Collision with vehicle,5,Friday,120,HEAD ON (NOT OVERTAKING),2,689744,Not at intersection,3,60,Local Road,YARRA,MAROONDAH,-37.77492,145.27547,2021,6,June,16,Afternoon Peak,Weekday
T20210013404,2021-06-18,21:50:00,1,Collision with vehicle,5,Friday,130,REAR END(VEHICLES IN SAME LANE),3,306384,T intersection,3,80,Arterial Other,WESTERN,MELTON,-37.759518,144.74843,2021,6,June,21,Night,Weekday
T20210013418,2021-06-18,10:40:00,1,Collision with vehicle,5,Friday,113,RIGHT NEAR (INTERSECTIONS ONLY),1,41964,Cross intersection,3,80,Arterial Highway,BURWOOD,KNOX,-37.8886,145.2946,2021,6,June,10,Midday,Weekday
T20210013403,2021-06-18,21:50:00,4,Collision with a fixed object,5,Friday,173,RIGHT OFF CARRIAGEWAY INTO OBJECT/PARKED VEHICLE,5,685888,T intersection,3,60,Local Road,HAZELWOOD,LATROBE,-38.240795,146.39397,2021,6,June,21,Night,Weekday
T20210013401,2021-06-18,19:09:00,1,Collision with vehicle,5,Friday,130,REAR END(VEHICLES IN SAME LANE),3,778440,Not at intersection,3,80,Arterial Highway,NORTHERN,MITCHELL,-37.426975,144.9783,2021,6,June,19,Night,Weekday
T20210013399,2021-06-18,18:37:00,4,Collision with a fixed object,5,Friday,171,LEFT OFF CARRIAGEWAY INTO OBJECT/PARKED VEHICLE,3,690833,Not at intersection,3,50,Local Road,CYRIL,DANDENONG,-37.97522,145.19292,2021,6,June,18,Afternoon Peak,Weekday
T20210013396,2021-06-18,18:37:00,4,Collision with a fixed object,5,Friday,171,LEFT OFF CARRIAGEWAY INTO OBJECT/PARKED VEHICLE,5,685947,Not at intersection,2,100,Local Road,YORKSHIRE,BENDIGO,-36.723988,144.09943,2021,6,June,18,Afternoon Peak,Weekday
T20210013394,2021-06-18,20:24:00,1,Collision with vehicle,5,Friday,148,VEHICLE OFF FOOTPATH STRIKES VEH ON CARRIAGEWAY,3,226,T intersection,3,60,Arterial Highway,PRINCES,CASEY,-38.022003,145.30083,2021,6,June,20,Night,Weekday
T20210013390,2021-06-18,17:25:00,1,Collision with vehicle,5,Friday,130,REAR END(VEHICLES IN SAME LANE),2,691713,Not at intersection,3,80,Arterial Highway,STUD,KNOX,-37.922905,145.23413,2021,6,June,17,Afternoon Peak,Weekday
T20210014509,2021-06-18,08:50:00,1,Collision with vehicle,5,Friday,110,CROSS TRAFFIC(INTERSECTIONS ONLY),1,36659,Cross intersection,3,50,Local Road,CROMWELL,YARRA,-37.806973,144.9899,2021,6,June,8,Morning Peak,Weekday
T20210013926,2021-06-18,09:50:00,1,Collision with vehicle,5,Friday,113,RIGHT NEAR (INTERSECTIONS ONLY),1,686355,T intersection,2,50,Local Road,ASTLEY,CASEY,-38.04781,145.25021,2021,6,June,9,Morning Peak,Weekday
T20210013672,2021-06-18,07:50:00,1,Collision with vehicle,5,Friday,130,REAR END(VEHICLES IN SAME LANE),2,686157,Not at intersection,3,100,Arterial Highway,DANDENONG-HASTINGS,FRANKSTON,-38.13444,145.22816,2021,6,June,7,Morning Peak,Weekday
T20210013338,2021-06-18,08:20:00,4,Collision with a fixed object,5,Friday,183,OFF LEFT BEND INTO OBJECT/PARKED VEHICLE,1,686872,Not at intersection,3,100,Arterial Highway,SOUTH GIPPSLAND,SOUTH GIPPSLAND,-38.447838,145.84729,2021,6,June,8,Morning Peak,Weekday
T20210013336,2021-06-18,05:55:00,1,Collision with vehicle,5,Friday,120,HEAD ON (NOT OVERTAKING),5,762851,Not at intersection,2,80,Arterial Highway,MIDLAND,HEPBURN,-37.415928,143.90488,2021,6,June,5,Morning Peak,Weekday
T20210013476,2021-06-19,19:49:00,2,Struck Pedestrian,6,Saturday,100,PED NEAR SIDE. PED HIT BY VEHICLE FROM THE RIGHT.,3,685927,Cross intersection,1,60,Arterial Highway,DANDENONG,STONNINGTON,-37.883904,145.05823,2021,6,June,19,Night,Weekend
T20210013477,2021-06-19,22:50:00,5,collision with some other object,6,Saturday,171,LEFT OFF CARRIAGEWAY INTO OBJECT/PARKED VEHICLE,3,687385,Not at intersection,3,60,Arterial Other,CLEGG,YARRA RANGES,-37.788486,145.39787,2021,6,June,22,Night,Weekend
T20210013484,2021-06-19,22:45:00,8,No collision and no object struck,6,Saturday,170,OFF CARRIAGEWAY TO LEFT,3,693429,Not at intersection,3,80,Arterial Other,SUNSHINE,BRIMBANK,-37.744667,144.8278,2021,6,June,22,Night,Weekend
T20210013827,2021-06-19,18:15:00,2,Struck Pedestrian,6,Saturday,102,FAR SIDE. PED HIT BY VEHICLE FROM THE LEFT,5,690631,Cross intersection,3,50,Arterial Other,MICKLEHAM,HUME,-37.688,144.8823,2021,6,June,18,Afternoon Peak,Weekend
T20210013515,2021-06-19,12:30:00,1,Collision with vehicle,6,Saturday,130,REAR END(VEHICLES IN SAME LANE),1,689912,Not at intersection,2,100,Freeway,EASTLINK,DANDENONG,-38.036995,145.18846,2021,6,June,12,Midday,Weekend
T20210013413,2021-06-19,03:05:00,4,Collision with a fixed object,6,Saturday,171,LEFT OFF CARRIAGEWAY INTO OBJECT/PARKED VEHICLE,5,688956,Not at intersection,2,100,Arterial Highway,MIDLAND,MOORABOOL,-37.667744,143.92067,2021,6,June,3,Late Night,Weekend
T20210013624,2021-06-19,14:20:00,2,Struck Pedestrian,6,Saturday,107,PED ON FOOTHPATH STRUCK BY VEHENTERING/LEAVING DRIVEWAY.,1,689911,Not at intersection,2,50,Local Road,OSHANASSY,HUME,-37.579014,144.73157,2021,6,June,14,Midday,Weekend
T20210015283,2021-06-19,10:30:00,1,Collision with vehicle,6,Saturday,130,REAR END(VEHICLES IN SAME LANE),1,708097,Cross intersection,3,70,Arterial Highway,NEPEAN,BAYSIDE,-37.899887,145.00621,2021,6,June,10,Midday,Weekend
T20210013764,2021-06-19,14:45:00,1,Collision with vehicle,6,Saturday,133,LANE SIDE SWIPE (VEHICLES IN PARALLEL LANES),1,686424,Not at intersection,2,60,Arterial Other,HAWTHORN,GLEN EIRA,-37.86598,145.02599,2021,6,June,14,Midday,Weekend
T20210017224,2021-06-19,05:20:00,6,Vehicle overturned (no collision),6,Saturday,182,OFF CARRIAGEWAY ON LEFT BEND,5,702642,Not at intersection,3,100,Arterial Other,MANSFIELD-WOODS POINT,MANSFIELD,-37.5579,146.23346,2021,6,June,5,Morning Peak,Weekend
T20210013647,2021-06-19,10:30:00,1,Collision with vehicle,6,Saturday,130,REAR END(VEHICLES IN SAME LANE),1,690144,Not at intersection,3,60,Arterial Highway,WARRIGAL,STONNINGTON,-37.88563,145.08965,2021,6,June,10,Midday,Weekend
T20210013452,2021-06-19,15:31:00,1,Collision with vehicle,6,Saturday,147,VEHICLE STRIKES ANOTHER VEH WHILE EMERGING FROM DRIVEWAY,1,73149,T intersection,2,60,Arterial Other,MORNINGTON-TYABB,MORNINGTON PENINSULA,-38.261307,145.18852,2021,6,June,15,Afternoon Peak,Weekend
T20210013420,2021-06-19,07:50:00,1,Collision with vehicle,6,Saturday,169,OTHER ON PATH,1,781169,Not at intersection,3,50,Local Road,HONEY FLOWER,HUME,-37.62707,144.87527,2021,6,June,7,Morning Peak,Weekend
T20210013961,2021-06-19,13:30:00,8,No collision and no object struck,6,Saturday,174,OUT OF CONTROL ON CARRIAGEWAY (ON STRAIGHT),1,690716,T intersection,2,30,Local Road,HUNT CLUB,CASEY,-38.104378,145.2945,2021,6,June,13,Midday,Weekend
T20210013753,2021-06-19,15:59:00,1,Collision with vehicle,6,Saturday,110,CROSS TRAFFIC(INTERSECTIONS ONLY),1,29366,Cross intersection,3,60,Local Road,DOHERTYS,WYNDHAM,-37.81756,144.6753,2021,6,June,15,Afternoon Peak,Weekend
T20210013946,2021-06-19,22:30:00,3,Struck animal,6,Saturday,167,STRUCK ANIMAL,5,686956,Not at intersection,2,100,Local Road,MARATHON,WELLINGTON,-37.776077,147.04594,2021,6,June,22,Night,Weekend
T20210013960,2021-06-19,17:21:00,6,Vehicle overturned (no collision),6,Saturday,174,OUT OF CONTROL ON CARRIAGEWAY (ON STRAIGHT),2,40035,T intersection,2,60,Arterial Other,WILLIAMSTOWN,PORT PHILLIP,-37.834984,144.92499,2021,6,June,17,Afternoon Peak,Weekend
T20210013635,2021-06-19,20:10:00,1,Collision with vehicle,6,Saturday,130,REAR END(VEHICLES IN SAME LANE),6,694999,Not at intersection,3,60,Arterial Other,SYDNEY,MORELAND,-37.716084,144.96252,2021,6,June,20,Night,Weekend
T20210013423,2021-06-19,07:50:00,4,Collision with a fixed object,6,Saturday,171,LEFT OFF CARRIAGEWAY INTO OBJECT/PARKED VEHICLE,1,686097,Not at intersection,3,100,Arterial Other,BENGWORDEN,EAST GIPPSLAND,-37.852467,147.56525,2021,6,June,7,Morning Peak,Weekend
T20210013465,2021-06-19,20:10:00,2,Struck Pedestrian,6,Saturday,102,FAR SIDE. PED HIT BY VEHICLE FROM THE LEFT,3,36037,Cross intersection,2,60,Local Road,GLENLYON,MORELAND,-37.772663,144.9715,2021,6,June,20,Night,Weekend
T20210013433,2021-06-19,12:00:00,1,Collision with vehicle,6,Saturday,121,RIGHT THROUGH,1,38461,T intersection,3,60,Arterial Other,SETTLEMENT,WHITTLESEA,-37.694523,145.04002,2021,6,June,12,Midday,Weekend
T20210013471,2021-06-19,20:45:00,1,Collision with vehicle,6,Saturday,160,VEHICLE COLLIDES WITH VEHICLE PARKED ON LEFT OF ROAD,3,686775,Not at intersection,3,50,Local Road,BEVERLEY,BANYULE,-37.74337,145.0799,2021,6,June,20,Night,Weekend
T20210015347,2021-06-19,05:49:00,2,Struck Pedestrian,6,Saturday,103,PED PLAYING/LYING/WORKING/STANDING ON CARRIAGEWAY.,2,693246,Not at intersection,3,60,Arterial Other,BACCHUS MARSH,MOORABOOL,-37.670723,144.42278,2021,6,June,5,Morning Peak,Weekend
T20210013412,2021-06-19,02:00:00,6,Vehicle overturned (no collision),6,Saturday,182,OFF CARRIAGEWAY ON LEFT BEND,5,691714,Not at intersection,2,60,Local Road,BOSWORTH,EAST GIPPSLAND,-37.839752,147.61993,2021,6,June,2,Late Night,Weekend
T20210013416,2021-06-19,05:40:00,1,Collision with vehicle,6,Saturday,173,RIGHT OFF CARRIAGEWAY INTO OBJECT/PARKED VEHICLE,2,695053,Not at intersection,3,100,Freeway,WESTERN RING,BRIMBANK,-37.734947,144.85307,2021,6,June,5,Morning Peak,Weekend
T20210015306,2021-06-19,16:30:00,1,Collision with vehicle,6,Saturday,130,REAR END(VEHICLES IN SAME LANE),1,700946,T intersection,3,60,Arterial Highway,PUNT,MELBOURNE,-37.821636,144.98935,2021,6,June,16,Afternoon Peak,Weekend
T20210015903,2021-06-19,00:25:00,4,Collision with a fixed object,6,Saturday,173,RIGHT OFF CARRIAGEWAY INTO OBJECT/PARKED VEHICLE,3,688338,Not at intersection,3,50,Local Road,MORWELL,HUME,-37.668015,144.93362,2021,6,June,0,Late Night,Weekend
T20210013475,2021-06-19,18:40:00,2,Struck Pedestrian,6,Saturday,102,FAR SIDE. PED HIT BY VEHICLE FROM THE LEFT,5,687907,Not at intersection,2,50,Arterial Highway,WELLINGTON ROAD SERVICE,MONASH,-37.920692,145.17854,2021,6,June,18,Afternoon Peak,Weekend
T20210013463,2021-06-19,17:25:00,4,Collision with a fixed object,6,Saturday,171,LEFT OFF CARRIAGEWAY INTO OBJECT/PARKED VEHICLE,5,691548,Not at intersection,3,80,Local Road,DOYLES,MOORABOOL,-37.810486,144.0305,2021,6,June,17,Afternoon Peak,Weekend
T20210013462,2021-06-19,14:02:00,4,Collision with a fixed object,6,Saturday,171,LEFT OFF CARRIAGEWAY INTO OBJECT/PARKED VEHICLE,1,705934,Not at intersection,2,50,Local Road,VERBENA,BALLARAT,-37.52824,143.81831,2021,6,June,14,Midday,Weekend
T20210013449,2021-06-19,13:25:00,4,Collision with a fixed object,6,Saturday,173,RIGHT OFF CARRIAGEWAY INTO OBJECT/PARKED VEHICLE,1,686018,Not at intersection,1,80,Arterial Highway,NEPEAN,MORNINGTON PENINSULA,-38.21631,145.06206,2021,6,June,13,Midday,Weekend
T20210013459,2021-06-19,17:35:00,1,Collision with vehicle,6,Saturday,130,REAR END(VEHICLES IN SAME LANE),3,686090,Not at intersection,3,80,Arterial Highway,DANDENONG VALLEY,KNOX,-37.90017,145.23369,2021,6,June,17,Afternoon Peak,Weekend
T20210013457,2021-06-19,09:30:00,6,Vehicle overturned (no collision),6,Saturday,174,OUT OF CONTROL ON CARRIAGEWAY (ON STRAIGHT),1,685999,T intersection,3,60,Arterial Other,VAN NESS,MARIBYRNONG,-37.776302,144.89136,2021,6,June,9,Morning Peak,Weekend
T20210013442,2021-06-19,12:50:00,1,Collision with vehicle,6,Saturday,130,REAR END(VEHICLES IN SAME LANE),1,230007,T intersection,3,60,Arterial Other,BERWICK-CRANBOURNE,CASEY,-38.114418,145.29285,2021,6,June,12,Midday,Weekend
T20210013441,2021-06-19,13:01:00,1,Collision with vehicle,6,Saturday,130,REAR END(VEHICLES IN SAME LANE),1,695122,Not at intersection,3,80,Freeway,WEST GATE,MELBOURNE,-37.832043,144.91496,2021,6,June,13,Midday,Weekend
T20210013436,2021-06-19,10:30:00,1,Collision with vehicle,6,Saturday,111,RIGHT FAR (INTERSECTIONS ONLY),1,45524,Cross intersection,3,60,Arterial Other,DERRIMUT ROAD -HOPKINS,MELTON,-37.80502,144.69594,2021,6,June,10,Midday,Weekend
T20210013435,2021-06-19,12:12:00,1,Collision with vehicle,6,Saturday,113,RIGHT NEAR (INTERSECTIONS ONLY),1,29412,T intersection,3,70,Arterial Other,EDGARS,WHITTLESEA,-37.683872,145.00082,2021,6,June,12,Midday,Weekend
T20210016361,2021-06-19,13:00:00,5,collision with some other object,6,Saturday,166,STRUCK OBJECT ON CARRIAGEWAY,1,781167,Not at intersection,3,80,Local Road,WHITE SWAN,BALLARAT,-37.518192,143.90921,2021,6,June,13,Midday,Weekend
T20210017179,2021-06-19,17:15:00,1,Collision with vehicle,6,Saturday,121,RIGHT THROUGH,2,306459,Multiple intersection,3,80,Freeway,MANSFIELD,BENALLA,-36.57856,145.96088,2021,6,June,17,Afternoon Peak,Weekend
T20210013478,2021-06-19,22:00:00,1,Collision with vehicle,6,Saturday,121,RIGHT THROUGH,3,29397,Cross intersection,2,60,Arterial Other,VICTORIA,MELBOURNE,-37.807293,144.96884,2021,6,June,22,Night,Weekend
T20210013481,2021-06-19,04:00:00,1,Collision with vehicle,6,Saturday,130,REAR END(VEHICLES IN SAME LANE),3,686776,Not at intersection,3,40,Freeway,WEST GATE,HOBSONS BAY,-37.825146,144.84447,2021,6,June,4,Late Night,Weekend
T20210013474,2021-06-19,21:45:00,4,Collision with a fixed object,6,Saturday,173,RIGHT OFF CARRIAGEWAY INTO OBJECT/PARKED VEHICLE,3,692872,Not at intersection,3,50,Local Road,WATT,DAREBIN,-37.75339,144.99582,2021,6,June,21,Night,Weekend
T20210014462,2021-06-19,19:50:00,1,Collision with vehicle,6,Saturday,160,VEHICLE COLLIDES WITH VEHICLE PARKED ON LEFT OF ROAD,3,687383,Not at intersection,3,60,Local Road,PALMERSTON,MELTON,-37.677616,144.58345,2021,6,June,19,Night,Weekend
T20210013545,2021-06-19,21:00:00,1,Collision with vehicle,6,Saturday,133,LANE SIDE SWIPE (VEHICLES IN PARALLEL LANES),6,686093,Not at intersection,3,50,Local Road,TUCKER,CASEY,-38.103504,145.27809,2021,6,June,21,Night,Weekend