ACCIDENT_NO,ACCIDENT_DATE,ACCIDENT_TIME,ACCIDENT_TYPE,ACCIDENT_TYPE_DESC,DAY_OF_WEEK,DAY_WEEK_DESC,DCA_CODE,DCA_DESC,LIGHT_CONDITION,NODE_ID,ROAD_GEOMETRY_DESC,SEVERITY,SPEED_ZONE,RMA,ROAD_NAME,LGA_NAME,LATITUDE,LONGITUDE,YEAR,MONTH,MONTH_NAME,HOUR,TIME_PERIOD,DAY_TYPE
T20210013851,2021-06-20,14:20:00,1,Collision with vehicle,7,Sunday,142,LEAVING PARKING,1,686400,Not at intersection,3,50,Local Road,BETULA,WHITTLESEA,-37.672684,145.05911,2021,6,June,14,Midday,Weekend
T20210013771,2021-06-20,16:00:00,5,collision with some other object,7,Sunday,166,STRUCK OBJECT ON CARRIAGEWAY,2,686203,Not at intersection,2,80,Local Road,WILDWOOD,HUME,-37.61416,144.80852,2021,6,June,16,Afternoon Peak,Weekend
T20210013495,2021-06-20,10:35:00,8,No collision and no object struck,7,Sunday,174,OUT OF CONTROL ON CARRIAGEWAY (ON STRAIGHT),1,690453,T intersection,2,80,Arterial Highway,EVANS,KNOX,-37.89072,145.233,2021,6,June,10,Midday,Weekend
T20210016864,2021-06-20,15:00:00,1,Collision with vehicle,7,Sunday,121,RIGHT THROUGH,1,51561,Cross intersection,3,60,Arterial Highway,EAGLEHAWK,BENDIGO,-36.746918,144.2581,2021,6,June,15,Afternoon Peak,Weekend
T20210013632,2021-06-20,22:00:00,4,Collision with a fixed object,7,Sunday,181,OFF RIGHT BEND INTO OBJECT/PARKED VEHICLE,5,692762,Not at intersection,3,80,Local Road,OLD CAPE SCHANCK,MORNINGTON PENINSULA,-38.383095,144.90666,2021,6,June,22,Night,Weekend
T20210013486,2021-06-20,05:00:00,4,Collision with a fixed object,7,Sunday,171,LEFT OFF CARRIAGEWAY INTO OBJECT/PARKED VEHICLE,5,688908,Not at intersection,3,60,Local Road,NURSERY,MACEDON RANGES,-37.41657,144.55928,2021,6,June,5,Morning Peak,Weekend
T20210013487,2021-06-20,04:42:00,6,Vehicle overturned (no collision),7,Sunday,172,OFF CARRIAGEWAY TO RIGHT,3,41560,Cross intersection,2,60,Arterial Highway,WARRIGAL,MONASH,-37.89985,145.08711,2021,6,June,4,Late Night,Weekend
T20210013636,2021-06-20,13:00:00,1,Collision with vehicle,7,Sunday,160,VEHICLE COLLIDES WITH VEHICLE PARKED ON LEFT OF ROAD,1,686152,Cross intersection,3,50,Local Road,BETHANY,WYNDHAM,-37.85241,144.66635,2021,6,June,13,Midday,Weekend
T20210013532,2021-06-20,19:20:00,1,Collision with vehicle,7,Sunday,113,RIGHT NEAR (INTERSECTIONS ONLY),3,292326,Multiple intersection,3,80,Freeway,NARRE WARREN NORTH,CASEY,-38.01689,145.3086,2021,6,June,19,Night,Weekend
T20210013534,2021-06-20,08:45:00,1,Collision with vehicle,7,Sunday,139,OTHER SAME DIRECTION-MANOUEVRES NOT INCLUDED IN DCAs 130-137,1,690642,T intersection,3,60,Arterial Highway,BADEN POWELL,MORNINGTON PENINSULA,-38.186867,145.09613,2021,6,June,8,Morning Peak,Weekend
T20210015973,2021-06-20,09:00:00,2,Struck Pedestrian,7,Sunday,103,PED PLAYING/LYING/WORKING/STANDING ON CARRIAGEWAY.,1,688559,Dead end,2,50,Local Road,DANDY,SURF COAST,-38.351524,144.29242,2021,6,June,9,Morning Peak,Weekend
T20210013536,2021-06-20,17:49:00,1,Collision with vehicle,7,Sunday,160,VEHICLE COLLIDES WITH VEHICLE PARKED ON LEFT OF ROAD,3,693669,T intersection,3,40,Local Road,MCCLARES,WHITEHORSE,-37.83891,145.18698,2021,6,June,17,Afternoon Peak,Weekend
T20210017974,2021-06-20,17:20:00,1,Collision with vehicle,7,Sunday,130,REAR END(VEHICLES IN SAME LANE),9,693805,Not at intersection,3,100,Freeway,PENINSULA LINK,MORNINGTON PENINSULA,-38.25249,145.11742,2021,6,June,17,Afternoon Peak,Weekend
T20210013538,2021-06-20,16:30:00,7,Fall from or in moving vehicle,7,Sunday,190,FELL IN/FROM VEHICLE,1,35298,Cross intersection,3,40,Arterial Other,BRUNSWICK,MORELAND,-37.778294,144.97069,2021,6,June,16,Afternoon Peak,Weekend
T20210013540,2021-06-20,22:50:00,1,Collision with vehicle,7,Sunday,160,VEHICLE COLLIDES WITH VEHICLE PARKED ON LEFT OF ROAD,3,691968,Not at intersection,2,50,Local Road,CENTENARY,WHITTLESEA,-37.656296,145.06322,2021,6,June,22,Night,Weekend
T20210013578,2021-06-20,16:00:00,1,Collision with vehicle,7,Sunday,110,CROSS TRAFFIC(INTERSECTIONS ONLY),1,39311,Cross intersection,3,60,Arterial Other,STATION,WHITEHORSE,-37.80938,145.12555,2021,6,June,16,Afternoon Peak,Weekend
T20210013524,2021-06-20,17:40:00,2,Struck Pedestrian,7,Sunday,102,FAR SIDE. PED HIT BY VEHICLE FROM THE LEFT,3,686092,T intersection,3,60,Arterial Highway,MAROONDAH,MAROONDAH,-37.809986,145.23897,2021,6,June,17,Afternoon Peak,Weekend
T20210013480,2021-06-20,00:30:00,1,Collision with vehicle,7,Sunday,160,VEHICLE COLLIDES WITH VEHICLE PARKED ON LEFT OF ROAD,3,688901,Not at intersection,2,40,Local Road,BUCKLEY,DANDENONG,-37.97814,145.17221,2021,6,June,0,Late Night,Weekend
T20210013522,2021-06-20,16:50:00,4,Collision with a fixed object,7,Sunday,183,OFF LEFT BEND INTO OBJECT/PARKED VEHICLE,1,45446,T intersection,3,80,Arterial Highway,MELBA,YARRA RANGES,-37.63302,145.40295,2021,6,June,16,Afternoon Peak,Weekend
T20210013521,2021-06-20,17:47:00,2,Struck Pedestrian,7,Sunday,100,PED NEAR SIDE. PED HIT BY VEHICLE FROM THE RIGHT.,3,686222,T intersection,2,50,Local Road,ALFRED,KINGSTON,-37.952538,145.05145,2021,6,June,17,Afternoon Peak,Weekend
T20210013528,2021-06-20,18:59:00,1,Collision with vehicle,7,Sunday,121,RIGHT THROUGH,3,687117,Not at intersection,3,60,Local Road,DEVENY,WHITTLESEA,-37.65916,145.01497,2021,6,June,18,Afternoon Peak,Weekend
T20210013519,2021-06-20,16:03:00,1,Collision with vehicle,7,Sunday,123,RIGHT/LEFT. ONE VEH TURNING RIGHT THE OTHER LEFT.,1,41249,Cross intersection,2,60,Arterial Other,GLEN EIRA,GLEN EIRA,-37.879154,145.01631,2021,6,June,16,Afternoon Peak,Weekend
T20210013518,2021-06-20,14:00:00,4,Collision with a fixed object,7,Sunday,183,OFF LEFT BEND INTO OBJECT/PARKED VEHICLE,1,688680,Not at intersection,1,80,Arterial Other,PORTLAND-NELSON,GLENELG,-38.30481,141.55818,2021,6,June,14,Midday,Weekend
T20210013517,2021-06-20,14:25:00,1,Collision with vehicle,7,Sunday,181,OFF RIGHT BEND INTO OBJECT/PARKED VEHICLE,1,784519,T intersection,2,60,Local Road,RODLARNI,CASEY,-38.041355,145.32877,2021,6,June,14,Midday,Weekend
T20210013913,2021-06-20,14:24:00,1,Collision with vehicle,7,Sunday,131,LEFT REAR,1,45179,Cross intersection,3,40,Local Road,FRYERS,SHEPPARTON,-36.378834,145.39832,2021,6,June,14,Midday,Weekend
T20210013483,2021-06-20,03:07:00,4,Collision with a fixed object,7,Sunday,173,RIGHT OFF CARRIAGEWAY INTO OBJECT/PARKED VEHICLE,5,690535,Not at intersection,2,100,Arterial Other,TATURA-UNDERA,SHEPPARTON,-36.42368,145.22272,2021,6,June,3,Late Night,Weekend
T20210013511,2021-06-20,14:15:00,1,Collision with vehicle,7,Sunday,130,REAR END(VEHICLES IN SAME LANE),1,65831,Cross intersection,3,40,Arterial Other,KING,MELBOURNE,-37.812466,144.95392,2021,6,June,14,Midday,Weekend
T20210013489,2021-06-20,04:30:00,4,Collision with a fixed object,7,Sunday,183,OFF LEFT BEND INTO OBJECT/PARKED VEHICLE,5,706728,Not at intersection,2,100,Local Road,GOORAMADDA,INDIGO,-36.034264,146.49924,2021,6,June,4,Late Night,Weekend
T20210013596,2021-06-20,08:00:00,6,Vehicle overturned (no collision),7,Sunday,174,OUT OF CONTROL ON CARRIAGEWAY (ON STRAIGHT),2,44041,Cross intersection,3,50,Local Road,CHURCH,MORNINGTON PENINSULA,-38.30597,145.19214,2021,6,June,8,Morning Peak,Weekend
T20210013541,2021-06-20,23:00:00,1,Collision with vehicle,7,Sunday,121,RIGHT THROUGH,3,232152,Cross intersection,2,80,Arterial Highway,MOOROODUC,FRANKSTON,-38.1634,145.13666,2021,6,June,23,Night,Weekend
T20210013523,2021-06-20,15:15:00,1,Collision with vehicle,7,Sunday,130,REAR END(VEHICLES IN SAME LANE),1,686001,Not at intersection,2,80,Arterial Highway,MELBA,YARRA RANGES,-37.683575,145.37766,2021,6,June,15,Afternoon Peak,Weekend
T20210013510,2021-06-20,14:00:00,1,Collision with vehicle,7,Sunday,147,VEHICLE STRIKES ANOTHER VEH WHILE EMERGING FROM DRIVEWAY,1,686212,Not at intersection,3,70,Arterial Highway,BULLEEN,BOROONDARA,-37.777702,145.07874,2021,6,June,14,Midday,Weekend
T20210013491,2021-06-20,07:50:00,1,Collision with vehicle,7,Sunday,139,OTHER SAME DIRECTION-MANOUEVRES NOT INCLUDED IN DCAs 130-137,1,689487,Not at intersection,3,80,Arterial Other,THOMPSONS ROAD SERVICE,CASEY,-38.08173,145.27232,2021,6,June,7,Morning Peak,Weekend
T20210013493,2021-06-20,08:14:00,1,Collision with vehicle,7,Sunday,130,REAR END(VEHICLES IN SAME LANE),1,730301,Not at intersection,3,100,Freeway,EASTLINK,DANDENONG,-38.054047,145.18471,2021,6,June,8,Morning Peak,Weekend
T20210013506,2021-06-20,11:39:00,4,Collision with a fixed object,7,Sunday,171,LEFT OFF CARRIAGEWAY INTO OBJECT/PARKED VEHICLE,1,687381,Not at intersection,2,50,Local Road,BANBURY,DAREBIN,-37.7106,144.9897,2021,6,June,11,Midday,Weekend
T20210013505,2021-06-20,11:15:00,1,Collision with vehicle,7,Sunday,116,LEFT NEAR (INTERSECTIONS ONLY),1,686091,T intersection,3,70,Arterial Other,ALDERSHOT,BRIMBANK,-37.721107,144.80527,2021,6,June,11,Midday,Weekend
T20210014029,2021-06-20,07:30:00,4,Collision with a fixed object,7,Sunday,171,LEFT OFF CARRIAGEWAY INTO OBJECT/PARKED VEHICLE,9,781176,Not at intersection,3,100,Local Road,UP RIVER,INDIGO,-35.999172,146.49112,2021,6,June,7,Morning Peak,Weekend
T20220006069,2021-06-20,07:00:00,8,No collision and no object struck,7,Sunday,174,OUT OF CONTROL ON CARRIAGEWAY (ON STRAIGHT),1,708747,Not at intersection,3,60,Local Road,GRAND RIDGE,BAW BAW,-38.291252,145.96512,2021,6,June,7,Morning Peak,Weekend
T20210013557,2021-06-20,17:00:00,4,Collision with a fixed object,7,Sunday,181,OFF RIGHT BEND INTO OBJECT/PARKED VEHICLE,2,689576,Not at intersection,3,100,Arterial Highway,PRINCES,EAST GIPPSLAND,-37.584442,149.00116,2021,6,June,17,Afternoon Peak,Weekend
T20210020622,2021-06-20,21:30:00,2,Struck Pedestrian,7,Sunday,102,FAR SIDE. PED HIT BY VEHICLE FROM THE LEFT,6,657976,Cross intersection,3,60,Arterial Other,HEATHS,WYNDHAM,-37.87747,144.68282,2021,6,June,21,Night,Weekend
T20210013544,2021-06-21,07:20:00,2,Struck Pedestrian,1,Monday,102,FAR SIDE. PED HIT BY VEHICLE FROM THE LEFT,2,40450,Cross intersection,2,50,Arterial Other,RIVERSDALE,BOROONDARA,-37.832157,145.06369,2021,6,June,7,Morning Peak,Weekday
T20210014294,2021-06-21,12:00:00,1,Collision with vehicle,1,Monday,130,REAR END(VEHICLES IN SAME LANE),1,688264,Not at intersection,3,60,Arterial Other,BOUNDARY,WYNDHAM,-37.815475,144.80872,2021,6,June,12,Midday,Weekday
T20210015077,2021-06-21,10:00:00,1,Collision with vehicle,1,Monday,134,LANE CHANGE RIGHT (NOT OVERTAKING),1,687501,Not at intersection,3,60,Arterial Highway,SOUTH GIPPSLAND,CASEY,-38.110367,145.2834,2021,6,June,10,Midday,Weekday
T20210020297,2021-06-21,09:00:00,9,Other accident,1,Monday,103,PED PLAYING/LYING/WORKING/STANDING ON CARRIAGEWAY.,1,694527,Not at intersection,3,40,Local Road,GLASSCOCKS,CASEY,-38.074318,145.33388,2021,6,June,9,Morning Peak,Weekday
T20210015693,2021-06-21,20:25:00,1,Collision with vehicle,1,Monday,130,REAR END(VEHICLES IN SAME LANE),3,730777,Cross intersection,3,50,Local Road,REGENT,WHITTLESEA,-37.605137,145.07051,2021,6,June,20,Night,Weekday
T20210013689,2021-06-21,06:35:00,1,Collision with vehicle,1,Monday,116,LEFT NEAR (INTERSECTIONS ONLY),2,62142,T intersection,3,60,Local Road,CHEDDAR,DAREBIN,-37.706474,145.01532,2021,6,June,6,Morning Peak,Weekday
T20210015713,2021-06-21,15:40:00,1,Collision with vehicle,1,Monday,130,REAR END(VEHICLES IN SAME LANE),1,688233,Not at intersection,3,50,Arterial Highway,HIGH,BENDIGO,-36.797928,144.24367,2021,6,June,15,Afternoon Peak,Weekday
T20210013599,2021-06-21,17:55:00,4,Collision with a fixed object,1,Monday,173,RIGHT OFF CARRIAGEWAY INTO OBJECT/PARKED VEHICLE,3,684109,T intersection,3,60,Local Road,GUTHRIDGE,WELLINGTON,-38.10474,147.08241,2021,6,June,17,Afternoon Peak,Weekday
T20210013581,2021-06-21,08:34:00,2,Struck Pedestrian,1,Monday,100,PED NEAR SIDE. PED HIT BY VEHICLE FROM THE RIGHT.,1,687118,Not at intersection,1,50,Local Road,RAVEN,CASEY,-38.01681,145.29468,2021,6,June,8,Morning Peak,Weekday
T20210013580,2021-06-21,12:43:00,1,Collision with vehicle,1,Monday,130,REAR END(VEHICLES IN SAME LANE),1,686777,Not at intersection,2,80,Arterial Highway,STUD,KNOX,-37.911655,145.23636,2021,6,June,12,Midday,Weekday
T20210013579,2021-06-21,12:15:00,1,Collision with vehicle,1,Monday,113,RIGHT NEAR (INTERSECTIONS ONLY),1,36167,T intersection,2,60,Local Road,DALLIMORE,DANDENONG,-37.979893,145.19473,2021,6,June,12,Midday,Weekday
T20210014141,2021-06-21,05:45:00,1,Collision with vehicle,1,Monday,130,REAR END(VEHICLES IN SAME LANE),3,695051,Not at intersection,3,100,Freeway,WESTERN RING IN-WESTERN,BRIMBANK,-37.76783,144.79944,2021,6,June,5,Morning Peak,Weekday
T20210020852,2021-06-21,15:00:00,1,Collision with vehicle,1,Monday,121,RIGHT THROUGH,1,50233,T intersection,3,60,Local Road,NICOL,GEELONG,-38.19546,144.30492,2021,6,June,15,Afternoon Peak,Weekday
T20210013569,2021-06-21,12:35:00,2,Struck Pedestrian,1,Monday,100,PED NEAR SIDE. PED HIT BY VEHICLE FROM THE RIGHT.,1,46055,T intersection,2,50,Local Road,JAMES,CARDINIA,-38.076992,145.48288,2021,6,June,12,Midday,Weekday
T20210013564,2021-06-21,07:32:00,1,Collision with vehicle,1,Monday,135,LANE CHANGE LEFT (NOT OVERTAKING),1,75809,Not at intersection,3,40,Local Road,FLINDERS,MELBOURNE,-37.81586,144.97289,2021,6,June,7,Morning Peak,Weekday
T20210013563,2021-06-21,11:00:00,1,Collision with vehicle,1,Monday,110,CROSS TRAFFIC(INTERSECTIONS ONLY),1,325363,Cross intersection,3,50,Local Road,STANLEY,DANDENONG,-38.00114,145.1677,2021,6,June,11,Midday,Weekday
T20210024305,2021-06-21,18:00:00,1,Collision with vehicle,1,Monday,121,RIGHT THROUGH,3,29386,Cross intersection,3,60,Arterial Other,MACARTHUR,MELBOURNE,-37.78988,144.95876,2021,6,June,18,Afternoon Peak,Weekday
T20210013562,2021-06-21,08:35:00,1,Collision with vehicle,1,Monday,148,VEHICLE OFF FOOTPATH STRIKES VEH ON CARRIAGEWAY,1,68187,T intersection,3,40,Arterial Other,STEPHENSONS,MONASH,-37.87706,145.1288,2021,6,June,8,Morning Peak,Weekday
T20210013561,2021-06-21,06:02:00,1,Collision with vehicle,1,Monday,130,REAR END(VEHICLES IN SAME LANE),3,687823,Not at intersection,2,80,Arterial Other,BALLARAT,BRIMBANK,-37.770275,144.79576,2021,6,June,6,Morning Peak,Weekday
T20210014338,2021-06-21,12:00:00,6,Vehicle overturned (no collision),1,Monday,174,OUT OF CONTROL ON CARRIAGEWAY (ON STRAIGHT),1,687097,T intersection,2,50,Local Road,FRANK,NILLUMBIK,-37.7068,145.16978,2021,6,June,12,Midday,Weekday
T20210013954,2021-06-21,06:30:00,1,Collision with vehicle,1,Monday,130,REAR END(VEHICLES IN SAME LANE),2,193316,Not at intersection,3,100,Freeway,MONASH,STONNINGTON,-37.853683,145.05602,2021,6,June,6,Morning Peak,Weekday
T20210013605,2021-06-21,15:37:00,1,Collision with vehicle,1,Monday,130,REAR END(VEHICLES IN SAME LANE),1,695087,Not at intersection,2,60,Arterial Other,ST KILDA,PORT PHILLIP,-37.851196,144.981,2021,6,June,15,Afternoon Peak,Weekday
T20210013606,2021-06-21,10:45:00,1,Collision with vehicle,1,Monday,120,HEAD ON (NOT OVERTAKING),1,686054,Not at intersection,1,100,Arterial Other,TRARALGON-MAFFRA,WELLINGTON,-38.07053,146.61496,2021,6,June,10,Midday,Weekday
T20210013607,2021-06-21,16:24:00,1,Collision with vehicle,1,Monday,153,CUTTING IN (OVERTAKING),1,781179,Not at intersection,3,60,Arterial Other,HIGH,DAREBIN,-37.698112,145.01086,2021,6,June,16,Afternoon Peak,Weekday
T20210013600,2021-06-21,15:35:00,1,Collision with vehicle,1,Monday,148,VEHICLE OFF FOOTPATH STRIKES VEH ON CARRIAGEWAY,1,690455,Not at intersection,3,50,Local Road,JANET BOWMAN,CARDINIA,-38.051697,145.37828,2021,6,June,15,Afternoon Peak,Weekday
T20210013888,2021-06-21,05:41:00,1,Collision with vehicle,1,Monday,130,REAR END(VEHICLES IN SAME LANE),2,690719,Not at intersection,3,60,Freeway,PRINCES,CASEY,-38.03555,145.3281,2021,6,June,5,Morning Peak,Weekday
T20210013608,2021-06-21,17:15:00,1,Collision with vehicle,1,Monday,110,CROSS TRAFFIC(INTERSECTIONS ONLY),3,52315,Multiple intersection,3,60,Arterial Highway,LEONGATHA,SOUTH GIPPSLAND,-38.437057,145.82745,2021,6,June,17,Afternoon Peak,Weekday
T20210013610,2021-06-21,17:53:00,1,Collision with vehicle,1,Monday,113,RIGHT NEAR (INTERSECTIONS ONLY),5,781177,T intersection,3,80,Local Road,COOMBS,WHITTLESEA,-37.48657,145.22488,2021,6,June,17,Afternoon Peak,Weekday
T20210013612,2021-06-21,15:33:00,1,Collision with vehicle,1,Monday,110,CROSS TRAFFIC(INTERSECTIONS ONLY),1,356018,Cross intersection,3,80,Arterial Highway,GLASTONE,DANDENONG,-37.97533,145.20352,2021,6,June,15,Afternoon Peak,Weekday
T20210013614,2021-06-21,14:30:00,1,Collision with vehicle,1,Monday,169,OTHER ON PATH,1,730302,Not at intersection,2,60,Local Road,RAILWAY,DANDENONG,-37.97749,145.1913,2021,6,June,14,Midday,Weekday
T20210013617,2021-06-21,17:33:00,4,Collision with a fixed object,1,Monday,173,RIGHT OFF CARRIAGEWAY INTO OBJECT/PARKED VEHICLE,5,694850,Not at intersection,2,100,Arterial Other,MYRTLEFORD-YACKANDANDAH,INDIGO,-36.35798,146.87143,2021,6,June,17,Afternoon Peak,Weekday
T20210013619,2021-06-21,17:50:00,1,Collision with vehicle,1,Monday,121,RIGHT THROUGH,3,39047,Cross intersection,2,60,Arterial Other,RATHMINES,BOROONDARA,-37.821392,145.0586,2021,6,June,17,Afternoon Peak,Weekday
T20210013620,2021-06-21,15:15:00,4,Collision with a fixed object,1,Monday,171,LEFT OFF CARRIAGEWAY INTO OBJECT/PARKED VEHICLE,1,354263,Cross intersection,3,80,Arterial Other,BAXTER-TOORADIN,CASEY,-38.19891,145.31102,2021,6,June,15,Afternoon Peak,Weekday
T20210013623,2021-06-21,15:20:00,1,Collision with vehicle,1,Monday,110,CROSS TRAFFIC(INTERSECTIONS ONLY),1,40300,Cross intersection,2,50,Local Road,HOTHAM,MOONEE VALLEY,-37.735607,144.88217,2021,6,June,15,Afternoon Peak,Weekday
T20210013625,2021-06-21,19:54:00,1,Collision with vehicle,1,Monday,135,LANE CHANGE LEFT (NOT OVERTAKING),5,686271,Not at intersection,3,80,Freeway,PRINCES,HOBSONS BAY,-37.835217,144.80559,2021,6,June,19,Night,Weekday
T20210013555,2021-06-21,08:15:00,1,Collision with vehicle,1,Monday,110,CROSS TRAFFIC(INTERSECTIONS ONLY),1,40358,Cross intersection,2,50,Local Road,EL RENO,MOONEE VALLEY,-37.726593,144.88448,2021,6,June,8,Morning Peak,Weekday
T20210013550,2021-06-21,07:45:00,1,Collision with vehicle,1,Monday,121,RIGHT THROUGH,1,324391,Cross intersection,2,60,Arterial Other,SOUTH,GLEN EIRA,-37.93633,145.06137,2021,6,June,7,Morning Peak,Weekday
T20210013547,2021-06-21,06:55:00,1,Collision with vehicle,1,Monday,160,VEHICLE COLLIDES WITH VEHICLE PARKED ON LEFT OF ROAD,3,686276,Not at intersection,2,60,Arterial Other,SOUTH VALLEY,GEELONG,-38.177,144.31757,2021,6,June,6,Morning Peak,Weekday
T20210013589,2021-06-21,10:43:00,1,Collision with vehicle,1,Monday,130,REAR END(VEHICLES IN SAME LANE),1,690729,Not at intersection,3,80,Freeway,WEST GATE,HOBSONS BAY,-37.82646,144.82019,2021,6,June,10,Midday,Weekday
T20210014752,2021-06-21,08:30:00,1,Collision with vehicle,1,Monday,130,REAR END(VEHICLES IN SAME LANE),9,687259,Not at intersection,3,80,Freeway,PRINCES,WYNDHAM,-37.836655,144.80168,2021,6,June,8,Morning Peak,Weekday
T20210013542,2021-06-21,03:10:00,8,No collision and no object struck,1,Monday,174,OUT OF CONTROL ON CARRIAGEWAY (ON STRAIGHT),3,694926,Not at intersection,2,80,Arterial Highway,DANDENONG,MONASH,-37.895596,145.09718,2021,6,June,3,Late Night,Weekday
T20210015879,2021-06-21,17:15:00,1,Collision with vehicle,1,Monday,121,RIGHT THROUGH,2,41106,Cross intersection,3,60,Arterial Other,ST KILDA,BAYSIDE,-37.903812,144.98842,2021,6,June,17,Afternoon Peak,Weekday
T20210015861,2021-06-21,11:50:00,1,Collision with vehicle,1,Monday,121,RIGHT THROUGH,1,42185,T intersection,3,60,Arterial Other,BAY,BAYSIDE,-37.95587,145.0389,2021,6,June,11,Midday,Weekday
T20210014446,2021-06-21,07:30:00,1,Collision with vehicle,1,Monday,135,LANE CHANGE LEFT (NOT OVERTAKING),2,686815,Not at intersection,3,80,Arterial Highway,NEPEAN,KINGSTON,-37.99098,145.08148,2021,6,June,7,Morning Peak,Weekday
T20210013565,2021-06-21,10:35:00,1,Collision with vehicle,1,Monday,137,LEFT TURN SIDESWIPE,1,34813,Cross intersection,2,60,Arterial Other,MACARTHUR,MELBOURNE,-37.789864,144.95857,2021,6,June,10,Midday,Weekday
T20210013637,2021-06-22,06:50:00,1,Collision with vehicle,2,Tuesday,130,REAR END(VEHICLES IN SAME LANE),2,686611,Not at intersection,3,80,Arterial Highway,DANDENONG VALLEY,KNOX,-37.91138,145.23618,2021,6,June,6,Morning Peak,Weekday
T20210013688,2021-06-22,15:35:00,1,Collision with vehicle,2,Tuesday,130,REAR END(VEHICLES IN SAME LANE),1,686225,Not at intersection,3,100,Freeway,MONASH,CASEY,-38.02275,145.31502,2021,6,June,15,Afternoon Peak,Weekday
T20210013685,2021-06-22,17:20:00,1,Collision with vehicle,2,Tuesday,140,U TURN,3,730305,Not at intersection,3,70,Local Road,TARNEIT,WYNDHAM,-37.88529,144.66273,2021,6,June,17,Afternoon Peak,Weekday
T20210013640,2021-06-22,08:32:00,1,Collision with vehicle,2,Tuesday,140,U TURN,1,686153,Not at intersection,2,50,Local Road,ESPLANADE,HOBSONS BAY,-37.86709,144.88884,2021,6,June,8,Morning Peak,Weekday
T20210013655,2021-06-22,08:55:00,1,Collision with vehicle,2,Tuesday,110,CROSS TRAFFIC(INTERSECTIONS ONLY),1,67765,Cross intersection,3,50,Local Road,BIZLEY,MONASH,-37.864216,145.14357,2021,6,June,8,Morning Peak,Weekday
T20210013676,2021-06-22,15:35:00,2,Struck Pedestrian,2,Tuesday,100,PED NEAR SIDE. PED HIT BY VEHICLE FROM THE RIGHT.,1,686846,Not at intersection,2,60,Arterial Other,CLARENDON,MELBOURNE,-37.826443,144.95755,2021,6,June,15,Afternoon Peak,Weekday
T20210013653,2021-06-22,10:24:00,1,Collision with vehicle,2,Tuesday,130,REAR END(VEHICLES IN SAME LANE),1,141207,Not at intersection,3,60,Arterial Other,HEATHERTON,DANDENONG,-37.969166,145.20755,2021,6,June,10,Midday,Weekday
T20210013651,2021-06-22,10:36:00,1,Collision with vehicle,2,Tuesday,130,REAR END(VEHICLES IN SAME LANE),1,695667,Not at intersection,3,80,Arterial Other,PASCOE VALE,HUME,-37.65753,144.92703,2021,6,June,10,Midday,Weekday
T20210014748,2021-06-22,10:40:00,1,Collision with vehicle,2,Tuesday,148,VEHICLE OFF FOOTPATH STRIKES VEH ON CARRIAGEWAY,1,700945,Not at intersection,3,40,Local Road,BAIR,SOUTH GIPPSLAND,-38.47836,145.94707,2021,6,June,10,Midday,Weekday
T20210013670,2021-06-22,14:10:00,1,Collision with vehicle,2,Tuesday,121,RIGHT THROUGH,1,690767,Cross intersection,2,80,Arterial Other,GREENS,DANDENONG,-38.015465,145.22176,2021,6,June,14,Midday,Weekday
T20210014134,2021-06-22,21:30:00,1,Collision with vehicle,2,Tuesday,142,LEAVING PARKING,3,686523,Not at intersection,3,40,Local Road,BRUNSWICK,YARRA,-37.804264,144.97745,2021,6,June,21,Night,Weekday
T20210014406,2021-06-22,14:40:00,1,Collision with vehicle,2,Tuesday,130,REAR END(VEHICLES IN SAME LANE),1,686812,Cross intersection,3,80,Arterial Highway,GREENSBOROUGH,BANYULE,-37.70325,145.08978,2021,6,June,14,Midday,Weekday
T20210015411,2021-06-22,11:00:00,1,Collision with vehicle,2,Tuesday,113,RIGHT NEAR (INTERSECTIONS ONLY),9,29606,T intersection,3,80,Arterial Highway,TOORAK,BOROONDARA,-37.844906,145.0409,2021,6,June,11,Midday,Weekday
T20210014775,2021-06-22,15:30:00,1,Collision with vehicle,2,Tuesday,130,REAR END(VEHICLES IN SAME LANE),1,687260,Not at intersection,3,60,Local Road,ERNST WANKE,CASEY,-37.9966,145.31204,2021,6,June,15,Afternoon Peak,Weekday
T20210013668,2021-06-22,06:45:00,1,Collision with vehicle,2,Tuesday,130,REAR END(VEHICLES IN SAME LANE),3,358858,Cross intersection,3,80,Arterial Other,THOMPSONS,CASEY,-38.080406,145.2616,2021,6,June,6,Morning Peak,Weekday
T20210013747,2021-06-22,09:30:00,1,Collision with vehicle,2,Tuesday,140,U TURN,1,687772,Not at intersection,3,50,Local Road,LINK,HUME,-37.693424,144.84615,2021,6,June,9,Morning Peak,Weekday
T20210013650,2021-06-22,09:44:00,1,Collision with vehicle,2,Tuesday,143,ENTERING PARKING,1,686155,Not at intersection,3,50,Local Road,HAWKE,MELBOURNE,-37.806156,144.94797,2021,6,June,9,Morning Peak,Weekday
T20210014491,2021-06-22,06:20:00,1,Collision with vehicle,2,Tuesday,148,VEHICLE OFF FOOTPATH STRIKES VEH ON CARRIAGEWAY,3,686906,T intersection,3,60,Arterial Other,ASHLEY,MARIBYRNONG,-37.797615,144.8624,2021,6,June,6,Morning Peak,Weekday
T20210016324,2021-06-22,05:50:00,1,Collision with vehicle,2,Tuesday,111,RIGHT FAR (INTERSECTIONS ONLY),9,34789,T intersection,3,60,Arterial Other,OLD GEELONG,WYNDHAM,-37.86891,144.7345,2021,6,June,5,Morning Peak,Weekday
T20210014161,2021-06-22,06:45:00,1,Collision with vehicle,2,Tuesday,130,REAR END(VEHICLES IN SAME LANE),2,687416,Not at intersection,3,100,Freeway,PRINCES,WYNDHAM,-37.83842,144.79791,2021,6,June,6,Morning Peak,Weekday