ACCIDENT_NO,ACCIDENT_DATE,ACCIDENT_TIME,ACCIDENT_TYPE,ACCIDENT_TYPE_DESC,DAY_OF_WEEK,DAY_WEEK_DESC,DCA_CODE,DCA_DESC,LIGHT_CONDITION,NODE_ID,ROAD_GEOMETRY_DESC,SEVERITY,SPEED_ZONE,RMA,ROAD_NAME,LGA_NAME,LATITUDE,LONGITUDE,YEAR,MONTH,MONTH_NAME,HOUR,TIME_PERIOD,DAY_TYPE
T20210013644,2021-06-22,07:30:00,1,Collision with vehicle,2,Tuesday,121,RIGHT THROUGH,2,687026,Cross intersection,3,60,Local Road,COLEMANS,DANDENONG,-38.040207,145.21866,2021,6,June,7,Morning Peak,Weekday
T20210013634,2021-06-22,02:00:00,4,Collision with a fixed object,2,Tuesday,173,RIGHT OFF CARRIAGEWAY INTO OBJECT/PARKED VEHICLE,5,702231,Not at intersection,2,100,Arterial Highway,HAMILTON,CORANGAMITE,-38.02412,143.62453,2021,6,June,2,Late Night,Weekday
T20210013713,2021-06-22,18:40:00,4,Collision with a fixed object,2,Tuesday,173,RIGHT OFF CARRIAGEWAY INTO OBJECT/PARKED VEHICLE,5,691676,Not at intersection,2,100,Arterial Highway,WESTERN,MOORABOOL,-37.55857,143.9567,2021,6,June,18,Afternoon Peak,Weekday
T20210013709,2021-06-22,22:30:00,1,Collision with vehicle,2,Tuesday,171,LEFT OFF CARRIAGEWAY INTO OBJECT/PARKED VEHICLE,5,787095,Not at intersection,2,60,Arterial Highway,PRINCES,CORANGAMITE,-38.21557,143.0193,2021,6,June,22,Night,Weekday
T20210013665,2021-06-22,09:00:00,2,Struck Pedestrian,2,Tuesday,107,PED ON FOOTHPATH STRUCK BY VEHENTERING/LEAVING DRIVEWAY.,1,686120,Not at intersection,1,60,Local Road,MCALPINE,HOBSONS BAY,-37.86154,144.8201,2021,6,June,9,Morning Peak,Weekday
T20210013678,2021-06-22,15:13:00,1,Collision with vehicle,2,Tuesday,132,RIGHT REAR.,1,74170,T intersection,3,80,Arterial Other,INVERLOCH-VENUS BAY,BASS COAST,-38.625847,145.74112,2021,6,June,15,Afternoon Peak,Weekday
T20210013703,2021-06-22,17:30:00,1,Collision with vehicle,2,Tuesday,110,CROSS TRAFFIC(INTERSECTIONS ONLY),3,38017,Cross intersection,3,50,Local Road,RALEIGH,DAREBIN,-37.76008,145.01303,2021,6,June,17,Afternoon Peak,Weekday
T20210013698,2021-06-22,19:50:00,1,Collision with vehicle,2,Tuesday,121,RIGHT THROUGH,3,40490,Cross intersection,2,60,Arterial Other,MELROSE DRIVE -TULLAMARINE OUT-MELROSE,MOONEE VALLEY,-37.711174,144.88866,2021,6,June,19,Night,Weekday
T20210013693,2021-06-22,16:00:00,1,Collision with vehicle,2,Tuesday,120,HEAD ON (NOT OVERTAKING),1,688829,Not at intersection,3,50,Local Road,SUNSET,MAROONDAH,-37.835938,145.2384,2021,6,June,16,Afternoon Peak,Weekday
T20210015450,2021-06-23,06:50:00,1,Collision with vehicle,3,Wednesday,130,REAR END(VEHICLES IN SAME LANE),2,689743,Not at intersection,3,100,Freeway,EASTERN,WHITEHORSE,-37.797653,145.13394,2021,6,June,6,Morning Peak,Weekday
T20210013810,2021-06-23,14:30:00,7,Fall from or in moving vehicle,3,Wednesday,190,FELL IN/FROM VEHICLE,1,693181,Not at intersection,3,50,Local Road,LYNNWOOD,MANNINGHAM,-37.768414,145.1204,2021,6,June,14,Midday,Weekday
T20210013738,2021-06-23,11:00:00,4,Collision with a fixed object,3,Wednesday,171,LEFT OFF CARRIAGEWAY INTO OBJECT/PARKED VEHICLE,1,690723,Not at intersection,2,80,Local Road,WORSLEY,DANDENONG,-38.038513,145.18721,2021,6,June,11,Midday,Weekday
T20210013821,2021-06-23,14:30:00,1,Collision with vehicle,3,Wednesday,131,LEFT REAR,1,53290,T intersection,3,50,Local Road,FRANKLIN,LATROBE,-38.19506,146.53815,2021,6,June,14,Midday,Weekday
T20210014400,2021-06-23,09:45:00,1,Collision with vehicle,3,Wednesday,131,LEFT REAR,1,24437,Cross intersection,3,80,Arterial Other,PRINCES,CARDINIA,-38.063007,145.4373,2021,6,June,9,Morning Peak,Weekday
T20210013750,2021-06-23,14:56:00,4,Collision with a fixed object,3,Wednesday,175,OFF END OF ROAD/T-INTERSECTION.,1,686754,T intersection,3,60,Arterial Highway,NORTH,BAYSIDE,-37.900585,145.0122,2021,6,June,14,Midday,Weekday
T20210013762,2021-06-23,16:45:00,2,Struck Pedestrian,3,Wednesday,102,FAR SIDE. PED HIT BY VEHICLE FROM THE LEFT,1,686517,Not at intersection,2,80,Arterial Highway,MELBOURNE,GEELONG,-38.100555,144.3547,2021,6,June,16,Afternoon Peak,Weekday
T20210013758,2021-06-23,16:10:00,1,Collision with vehicle,3,Wednesday,147,VEHICLE STRIKES ANOTHER VEH WHILE EMERGING FROM DRIVEWAY,1,730726,Not at intersection,2,80,Arterial Highway,STUD,KNOX,-37.927395,145.23328,2021,6,June,16,Afternoon Peak,Weekday
T20210013789,2021-06-23,21:00:00,4,Collision with a fixed object,3,Wednesday,181,OFF RIGHT BEND INTO OBJECT/PARKED VEHICLE,3,690721,Not at intersection,3,50,Local Road,ALMOND,MITCHELL,-37.420654,144.9709,2021,6,June,21,Night,Weekday
T20210013791,2021-06-23,06:13:00,1,Collision with vehicle,3,Wednesday,111,RIGHT FAR (INTERSECTIONS ONLY),6,686349,T intersection,2,80,Local Road,BURNS,HOBSONS BAY,-37.844997,144.79074,2021,6,June,6,Morning Peak,Weekday
T20210014818,2021-06-23,16:10:00,2,Struck Pedestrian,3,Wednesday,100,PED NEAR SIDE. PED HIT BY VEHICLE FROM THE RIGHT.,1,693276,Not at intersection,2,40,Local Road,YOUNG,FRANKSTON,-38.141922,145.12622,2021,6,June,16,Afternoon Peak,Weekday
T20210013782,2021-06-23,20:11:00,1,Collision with vehicle,3,Wednesday,121,RIGHT THROUGH,3,222100,Multiple intersection,3,80,Freeway,GREENSBOROUGH,BANYULE,-37.695217,145.0923,2021,6,June,20,Night,Weekday
T20210013763,2021-06-23,17:45:00,1,Collision with vehicle,3,Wednesday,147,VEHICLE STRIKES ANOTHER VEH WHILE EMERGING FROM DRIVEWAY,3,784521,Not at intersection,2,50,Local Road,BROOK,HUME,-37.579403,144.7286,2021,6,June,17,Afternoon Peak,Weekday
T20210013765,2021-06-23,16:35:00,1,Collision with vehicle,3,Wednesday,130,REAR END(VEHICLES IN SAME LANE),1,686280,T intersection,3,70,Arterial Other,MT DANDENONG,MAROONDAH,-37.800743,145.27261,2021,6,June,16,Afternoon Peak,Weekday
T20210013773,2021-06-23,15:41:00,4,Collision with a fixed object,3,Wednesday,171,LEFT OFF CARRIAGEWAY INTO OBJECT/PARKED VEHICLE,9,689033,Not at intersection,2,100,Local Road,WATSON,CAMPASPE,-36.17991,144.93195,2021,6,June,15,Afternoon Peak,Weekday
T20210013775,2021-06-23,19:53:00,1,Collision with vehicle,3,Wednesday,110,CROSS TRAFFIC(INTERSECTIONS ONLY),3,52595,Cross intersection,3,50,Local Road,WAVELL,HORSHAM,-36.702633,142.19621,2021,6,June,19,Night,Weekday
T20210013778,2021-06-23,18:30:00,4,Collision with a fixed object,3,Wednesday,171,LEFT OFF CARRIAGEWAY INTO OBJECT/PARKED VEHICLE,3,689670,Not at intersection,2,60,Arterial Other,MCINTYRE,BRIMBANK,-37.769302,144.83017,2021,6,June,18,Afternoon Peak,Weekday
T20210013734,2021-06-23,11:40:00,1,Collision with vehicle,3,Wednesday,113,RIGHT NEAR (INTERSECTIONS ONLY),1,42256,T intersection,3,60,Arterial Other,CENTRE,GLEN EIRA,-37.921555,145.06216,2021,6,June,11,Midday,Weekday
T20210013792,2021-06-23,22:50:00,1,Collision with vehicle,3,Wednesday,120,HEAD ON (NOT OVERTAKING),3,690665,Not at intersection,2,60,Arterial Other,SOMERTON,HUME,-37.639797,144.92255,2021,6,June,22,Night,Weekday
T20210013731,2021-06-23,09:40:00,1,Collision with vehicle,3,Wednesday,134,LANE CHANGE RIGHT (NOT OVERTAKING),1,686227,T intersection,3,70,Arterial Highway,NORTH,BAYSIDE,-37.902096,145.0247,2021,6,June,9,Morning Peak,Weekday
T20210013793,2021-06-23,23:45:00,1,Collision with vehicle,3,Wednesday,110,CROSS TRAFFIC(INTERSECTIONS ONLY),3,266135,Cross intersection,2,60,Arterial Highway,BELLARINE,GEELONG,-38.17063,144.39145,2021,6,June,23,Night,Weekday
T20210013794,2021-06-23,23:07:00,4,Collision with a fixed object,3,Wednesday,171,LEFT OFF CARRIAGEWAY INTO OBJECT/PARKED VEHICLE,3,687768,Not at intersection,3,60,Local Road,GOURLAY,MELTON,-37.69325,144.74419,2021,6,June,23,Night,Weekday
T20210013722,2021-06-23,08:04:00,1,Collision with vehicle,3,Wednesday,121,RIGHT THROUGH,1,29619,T intersection,2,60,Arterial Other,ELGAR,WHITEHORSE,-37.844357,145.10994,2021,6,June,8,Morning Peak,Weekday
T20210013721,2021-06-23,08:30:00,4,Collision with a fixed object,3,Wednesday,171,LEFT OFF CARRIAGEWAY INTO OBJECT/PARKED VEHICLE,1,687760,Not at intersection,2,40,Local Road,STAWELL,CASEY,-38.108227,145.28526,2021,6,June,8,Morning Peak,Weekday
T20210013718,2021-06-23,06:25:00,1,Collision with vehicle,3,Wednesday,113,RIGHT NEAR (INTERSECTIONS ONLY),3,689907,T intersection,2,80,Freeway,PRINCES,BAW BAW,-38.199894,146.04358,2021,6,June,6,Morning Peak,Weekday
T20210013716,2021-06-23,08:35:00,2,Struck Pedestrian,3,Wednesday,100,PED NEAR SIDE. PED HIT BY VEHICLE FROM THE RIGHT.,1,686201,Not at intersection,3,50,Local Road,FERNHILL,MONASH,-37.877396,145.15973,2021,6,June,8,Morning Peak,Weekday
T20210013715,2021-06-23,06:05:00,1,Collision with vehicle,3,Wednesday,130,REAR END(VEHICLES IN SAME LANE),2,686347,Not at intersection,3,100,Freeway,WESTERN,MELTON,-37.71295,144.63622,2021,6,June,6,Morning Peak,Weekday
T20210013825,2021-06-23,18:39:00,1,Collision with vehicle,3,Wednesday,116,LEFT NEAR (INTERSECTIONS ONLY),3,730728,T intersection,2,60,Arterial Highway,DUNDAS,NORTHERN GRAMPIANS,-36.61584,143.25989,2021,6,June,18,Afternoon Peak,Weekday
T20210013779,2021-06-23,19:34:00,1,Collision with vehicle,3,Wednesday,120,HEAD ON (NOT OVERTAKING),3,686244,Not at intersection,3,50,Local Road,AMBERLY PARK,CASEY,-38.046146,145.2941,2021,6,June,19,Night,Weekday
T20210015708,2021-06-23,14:15:00,2,Struck Pedestrian,3,Wednesday,108,PED STRUCK WALKING TO/FROM OR BOARDING/ALIGHTING VEHICLE.,1,216417,Not at intersection,3,60,Local Road,LYNNWOOD,MANNINGHAM,-37.768555,145.12177,2021,6,June,14,Midday,Weekday
T20210014305,2021-06-23,07:07:00,1,Collision with vehicle,3,Wednesday,130,REAR END(VEHICLES IN SAME LANE),1,69263,Cross intersection,3,70,Arterial Highway,NORTH,MONASH,-37.910984,145.09787,2021,6,June,7,Morning Peak,Weekday
T20210014601,2021-06-23,14:55:00,1,Collision with vehicle,3,Wednesday,163,VEHICLE STRIKES DOOR OF PARKED/STATIONARY VEHICLE,9,688132,Not at intersection,3,50,Local Road,SHIERLAW,BOROONDARA,-37.823757,145.08267,2021,6,June,14,Midday,Weekday
T20210014225,2021-06-23,15:00:00,1,Collision with vehicle,3,Wednesday,130,REAR END(VEHICLES IN SAME LANE),1,46240,Multiple intersection,3,60,Freeway,MELTON,MELTON,-37.693317,144.6043,2021,6,June,15,Afternoon Peak,Weekday
T20210016342,2021-06-23,16:00:00,1,Collision with vehicle,3,Wednesday,130,REAR END(VEHICLES IN SAME LANE),1,692830,Not at intersection,3,100,Freeway,MONASH OUT-SOUTH GIPPSLAND OUT,CASEY,-37.987988,145.25249,2021,6,June,16,Afternoon Peak,Weekday
T20210013749,2021-06-23,14:30:00,1,Collision with vehicle,3,Wednesday,160,VEHICLE COLLIDES WITH VEHICLE PARKED ON LEFT OF ROAD,1,689344,Not at intersection,3,50,Local Road,STATION,HUME,-37.58285,144.7295,2021,6,June,14,Midday,Weekday
T20210013780,2021-06-23,19:35:00,1,Collision with vehicle,3,Wednesday,121,RIGHT THROUGH,3,677995,Cross intersection,3,70,Arterial Highway,MOOROODUC,FRANKSTON,-38.15371,145.13365,2021,6,June,19,Night,Weekday
T20210013811,2021-06-24,10:30:00,1,Collision with vehicle,4,Thursday,116,LEFT NEAR (INTERSECTIONS ONLY),1,840,T intersection,3,60,Arterial Other,WHITE,KINGSTON,-38.00058,145.1024,2021,6,June,10,Midday,Weekday
T20210015688,2021-06-24,07:10:00,4,Collision with a fixed object,4,Thursday,179,OTHER ACCIDENTS-OFF STRAIGHT NOT INCLUDED IN DCAs 170-175,1,692838,Not at intersection,3,50,Local Road,LONGWOOD,WHITTLESEA,-37.638924,145.05566,2021,6,June,7,Morning Peak,Weekday
T20210013846,2021-06-24,13:20:00,1,Collision with vehicle,4,Thursday,130,REAR END(VEHICLES IN SAME LANE),1,660218,T intersection,2,60,Arterial Other,MICKLEHAM,HUME,-37.63997,144.88094,2021,6,June,13,Midday,Weekday
T20210013847,2021-06-24,15:21:00,1,Collision with vehicle,4,Thursday,130,REAR END(VEHICLES IN SAME LANE),1,686700,Not at intersection,2,100,Freeway,MONASH,STONNINGTON,-37.876774,145.07648,2021,6,June,15,Afternoon Peak,Weekday
T20220001969,2021-06-24,18:05:00,1,Collision with vehicle,4,Thursday,131,LEFT REAR,5,300547,T intersection,3,80,Arterial Other,MICKLEHAM,HUME,-37.547897,144.87943,2021,6,June,18,Afternoon Peak,Weekday
T20210013808,2021-06-24,06:05:00,1,Collision with vehicle,4,Thursday,113,RIGHT NEAR (INTERSECTIONS ONLY),5,30004,T intersection,3,80,Arterial Other,BAXTER-TOORADIN,MORNINGTON PENINSULA,-38.199722,145.2027,2021,6,June,6,Morning Peak,Weekday
T20210013853,2021-06-24,16:50:00,1,Collision with vehicle,4,Thursday,121,RIGHT THROUGH,2,324500,T intersection,3,70,Local Road,LINTON,KINGSTON,-37.93416,145.04315,2021,6,June,16,Afternoon Peak,Weekday
T20210013858,2021-06-24,14:30:00,1,Collision with vehicle,4,Thursday,133,LANE SIDE SWIPE (VEHICLES IN PARALLEL LANES),1,687050,Not at intersection,2,100,Arterial Other,ROSEDALE-LONGFORD,WELLINGTON,-38.172367,147.00783,2021,6,June,14,Midday,Weekday
T20210014094,2021-06-24,18:10:00,1,Collision with vehicle,4,Thursday,130,REAR END(VEHICLES IN SAME LANE),3,686521,Not at intersection,3,80,Freeway,MONASH,CASEY,-38.027927,145.32088,2021,6,June,18,Afternoon Peak,Weekday
T20210013859,2021-06-24,15:10:00,1,Collision with vehicle,4,Thursday,143,ENTERING PARKING,1,582289,Not at intersection,3,60,Local Road,RINGWOOD,MAROONDAH,-37.80763,145.22731,2021,6,June,15,Afternoon Peak,Weekday
T20210015882,2021-06-24,19:30:00,3,Struck animal,4,Thursday,167,STRUCK ANIMAL,5,689183,Not at intersection,3,100,Arterial Other,SNOW,WANGARATTA,-36.431335,146.28456,2021,6,June,19,Night,Weekday
T20210013914,2021-06-24,14:45:00,1,Collision with vehicle,4,Thursday,134,LANE CHANGE RIGHT (NOT OVERTAKING),1,687604,T intersection,2,60,Local Road,LYGON,MELBOURNE,-37.7909,144.96863,2021,6,June,14,Midday,Weekday
T20210013839,2021-06-24,13:00:00,1,Collision with vehicle,4,Thursday,130,REAR END(VEHICLES IN SAME LANE),1,694317,Not at intersection,3,40,Local Road,ABBOTTS,DANDENONG,-38.034035,145.231,2021,6,June,13,Midday,Weekday
T20210015059,2021-06-24,11:20:00,1,Collision with vehicle,4,Thursday,130,REAR END(VEHICLES IN SAME LANE),1,697109,Not at intersection,3,50,Local Road,KOORNANG,GLEN EIRA,-37.888157,145.05728,2021,6,June,11,Midday,Weekday
T20210013850,2021-06-24,10:45:00,1,Collision with vehicle,4,Thursday,113,RIGHT NEAR (INTERSECTIONS ONLY),1,42857,T intersection,3,80,Arterial Other,BOUNDARY,KINGSTON,-37.983723,145.10974,2021,6,June,10,Midday,Weekday
T20210013838,2021-06-24,13:40:00,4,Collision with a fixed object,4,Thursday,181,OFF RIGHT BEND INTO OBJECT/PARKED VEHICLE,1,692127,T intersection,3,100,Local Road,BODENS,SOUTHERN GRAMPIANS,-37.416176,141.81032,2021,6,June,13,Midday,Weekday
T20210017066,2021-06-24,17:45:00,1,Collision with vehicle,4,Thursday,121,RIGHT THROUGH,3,35553,Cross intersection,3,60,Arterial Highway,DANDENONG,GLEN EIRA,-37.887245,145.07817,2021,6,June,17,Afternoon Peak,Weekday
T20210013894,2021-06-24,23:25:00,4,Collision with a fixed object,4,Thursday,171,LEFT OFF CARRIAGEWAY INTO OBJECT/PARKED VEHICLE,5,689671,Not at intersection,2,60,Local Road,ABBOTTS,DANDENONG,-38.03192,145.21407,2021,6,June,23,Night,Weekday
T20210013836,2021-06-24,13:28:00,4,Collision with a fixed object,4,Thursday,151,OUT OF CONTROL (OVERTAKING),1,686427,Cross intersection,2,40,Local Road,FLINDERS,MELBOURNE,-37.816715,144.96999,2021,6,June,13,Midday,Weekday
T20210013887,2021-06-24,18:39:00,1,Collision with vehicle,4,Thursday,130,REAR END(VEHICLES IN SAME LANE),3,41220,T intersection,3,60,Arterial Other,PASCOE VALE,MORELAND,-37.716503,144.919,2021,6,June,18,Afternoon Peak,Weekday
T20210013881,2021-06-24,21:30:00,4,Collision with a fixed object,4,Thursday,173,RIGHT OFF CARRIAGEWAY INTO OBJECT/PARKED VEHICLE,3,704480,Not at intersection,2,60,Arterial Other,STURT,BALLARAT,-37.55751,143.82343,2021,6,June,21,Night,Weekday
T20210013816,2021-06-24,11:00:00,6,Vehicle overturned (no collision),4,Thursday,170,OFF CARRIAGEWAY TO LEFT,1,687047,Not at intersection,2,100,Local Road,CARROLLS,ALPINE,-36.539536,146.81006,2021,6,June,11,Midday,Weekday
T20210013877,2021-06-24,20:27:00,1,Collision with vehicle,4,Thursday,121,RIGHT THROUGH,3,29761,Cross intersection,3,80,Arterial Other,THOMPSONS,CASEY,-38.079994,145.25813,2021,6,June,20,Night,Weekday
T20210013948,2021-06-24,15:50:00,1,Collision with vehicle,4,Thursday,113,RIGHT NEAR (INTERSECTIONS ONLY),1,44014,T intersection,3,80,Arterial Highway,NEPEAN,MORNINGTON PENINSULA,-38.285767,145.03093,2021,6,June,15,Afternoon Peak,Weekday
T20210013874,2021-06-24,20:20:00,1,Collision with vehicle,4,Thursday,152,PULLING OUT (OVERTAKING),5,694684,Not at intersection,2,100,Arterial Highway,WESTERN,ARARAT,-37.306957,143.00304,2021,6,June,20,Night,Weekday
T20210013797,2021-06-24,02:24:00,1,Collision with vehicle,4,Thursday,160,VEHICLE COLLIDES WITH VEHICLE PARKED ON LEFT OF ROAD,3,689906,Not at intersection,3,60,Arterial Other,GRANGE,GLEN EIRA,-37.896854,145.04541,2021,6,June,2,Late Night,Weekday
T20210013807,2021-06-24,08:42:00,1,Collision with vehicle,4,Thursday,111,RIGHT FAR (INTERSECTIONS ONLY),1,64745,Cross intersection,3,50,Local Road,COLLENSO,BRIMBANK,-37.78834,144.8095,2021,6,June,8,Morning Peak,Weekday
T20210013833,2021-06-24,07:50:00,3,Struck animal,4,Thursday,167,STRUCK ANIMAL,1,686851,Not at intersection,2,100,Arterial Other,HEATHCOTE-NAGAMBIE,STRATHBOGIE,-36.851303,144.87881,2021,6,June,7,Morning Peak,Weekday
T20210013873,2021-06-24,19:40:00,1,Collision with vehicle,4,Thursday,116,LEFT NEAR (INTERSECTIONS ONLY),3,278464,T intersection,3,60,Arterial Other,PLENTY,WHITTLESEA,-37.608456,145.0945,2021,6,June,19,Night,Weekday
T20210013832,2021-06-24,12:52:00,1,Collision with vehicle,4,Thursday,132,RIGHT REAR.,1,686849,Not at intersection,2,60,Arterial Other,SYDNEY,MORELAND,-37.72932,144.96373,2021,6,June,12,Midday,Weekday
T20210013868,2021-06-24,06:00:00,4,Collision with a fixed object,4,Thursday,183,OFF LEFT BEND INTO OBJECT/PARKED VEHICLE,1,686236,T intersection,1,80,Arterial Highway,PRINCES,EAST GIPPSLAND,-37.46897,149.58896,2021,6,June,6,Morning Peak,Weekday
T20210013867,2021-06-24,19:00:00,1,Collision with vehicle,4,Thursday,171,LEFT OFF CARRIAGEWAY INTO OBJECT/PARKED VEHICLE,3,57406,Cross intersection,2,50,Local Road,FORRESTER,MOONEE VALLEY,-37.752342,144.89987,2021,6,June,19,Night,Weekday
T20210013864,2021-06-24,17:15:00,1,Collision with vehicle,4,Thursday,113,RIGHT NEAR (INTERSECTIONS ONLY),1,590746,T intersection,2,80,Arterial Highway,SOUTH GIPPSLAND,CASEY,-38.046204,145.25452,2021,6,June,17,Afternoon Peak,Weekday
T20210014505,2021-06-24,17:28:00,1,Collision with vehicle,4,Thursday,130,REAR END(VEHICLES IN SAME LANE),2,51084,T intersection,3,60,Arterial Highway,WYNDHAM,SHEPPARTON,-36.38776,145.39793,2021,6,June,17,Afternoon Peak,Weekday
T20210013920,2021-06-24,14:00:00,1,Collision with vehicle,4,Thursday,130,REAR END(VEHICLES IN SAME LANE),1,778484,T intersection,3,60,Arterial Highway,DANDENONG ROAD SERVICE,GLEN EIRA,-37.881374,145.04951,2021,6,June,14,Midday,Weekday
T20210013817,2021-06-24,12:02:00,1,Collision with vehicle,4,Thursday,130,REAR END(VEHICLES IN SAME LANE),1,686426,Not at intersection,3,60,Arterial Other,ST HELENA,BANYULE,-37.69983,145.114,2021,6,June,12,Midday,Weekday
T20210013801,2021-06-24,07:10:00,1,Collision with vehicle,4,Thursday,116,LEFT NEAR (INTERSECTIONS ONLY),2,40873,T intersection,3,60,Arterial Other,BORONIA,WHITEHORSE,-37.84173,145.2046,2021,6,June,7,Morning Peak,Weekday
T20210013820,2021-06-24,10:55:00,1,Collision with vehicle,4,Thursday,113,RIGHT NEAR (INTERSECTIONS ONLY),1,42318,Cross intersection,3,60,Arterial Highway,WARRIGAL,KINGSTON,-37.926445,145.08195,2021,6,June,10,Midday,Weekday
T20210014048,2021-06-24,15:30:00,1,Collision with vehicle,4,Thursday,113,RIGHT NEAR (INTERSECTIONS ONLY),1,781183,T intersection,3,50,Arterial Highway,BALLARTO,CASEY,-38.129055,145.29044,2021,6,June,15,Afternoon Peak,Weekday
T20210015317,2021-06-24,08:35:00,1,Collision with vehicle,4,Thursday,120,HEAD ON (NOT OVERTAKING),1,690669,Not at intersection,3,50,Local Road,EMU,HUME,-37.551712,144.72461,2021,6,June,8,Morning Peak,Weekday
T20210014031,2021-06-24,17:30:00,1,Collision with vehicle,4,Thursday,130,REAR END(VEHICLES IN SAME LANE),3,689426,Not at intersection,3,60,Local Road,TOWNSEND,GEELONG,-38.181107,144.38916,2021,6,June,17,Afternoon Peak,Weekday
T20210013813,2021-06-24,10:50:00,1,Collision with vehicle,4,Thursday,121,RIGHT THROUGH,1,686616,Multiple intersection,3,60,Arterial Other,CHANDLER,BOROONDARA,-37.790817,145.02777,2021,6,June,10,Midday,Weekday
T20210014002,2021-06-24,04:30:00,3,Struck animal,4,Thursday,167,STRUCK ANIMAL,6,230903,Not at intersection,3,80,Arterial Other,WELLINGTON,KNOX,-37.928787,145.2644,2021,6,June,4,Late Night,Weekday
T20210013831,2021-06-24,11:05:00,1,Collision with vehicle,4,Thursday,113,RIGHT NEAR (INTERSECTIONS ONLY),1,597,T intersection,3,60,Local Road,NORMANBY,GLEN EIRA,-37.871662,145.03505,2021,6,June,11,Midday,Weekday
T20210013987,2021-06-24,23:14:00,1,Collision with vehicle,4,Thursday,130,REAR END(VEHICLES IN SAME LANE),3,686492,Not at intersection,2,80,Arterial Highway,DANDENONG,DANDENONG,-37.997425,145.16249,2021,6,June,23,Night,Weekday
T20210013862,2021-06-24,16:00:00,1,Collision with vehicle,4,Thursday,130,REAR END(VEHICLES IN SAME LANE),1,686351,Not at intersection,2,100,Freeway,MONASH,CASEY,-38.02101,145.31293,2021,6,June,16,Afternoon Peak,Weekday
T20210013861,2021-06-24,18:37:00,1,Collision with vehicle,4,Thursday,137,LEFT TURN SIDESWIPE,3,686401,Not at intersection,3,60,Arterial Other,VICTORIA,YARRA,-37.80916,144.98683,2021,6,June,18,Afternoon Peak,Weekday
T20210013844,2021-06-24,13:40:00,1,Collision with vehicle,4,Thursday,140,U TURN,1,43643,Cross intersection,2,60,Arterial Other,CLYDE,CASEY,-38.03295,145.34334,2021,6,June,13,Midday,Weekday
T20210013803,2021-06-24,08:10:00,1,Collision with vehicle,4,Thursday,113,RIGHT NEAR (INTERSECTIONS ONLY),1,14474,Cross intersection,3,80,Freeway,MONASH IN-NARRE WARREN NORTH,CASEY,-38.018215,145.30853,2021,6,June,8,Morning Peak,Weekday
T20210016143,2021-06-24,11:30:00,1,Collision with vehicle,4,Thursday,135,LANE CHANGE LEFT (NOT OVERTAKING),1,144427,Not at intersection,3,80,Freeway,CITYLINK,MELBOURNE,-37.79664,144.936,2021,6,June,11,Midday,Weekday
T20210013802,2021-06-24,09:35:00,1,Collision with vehicle,4,Thursday,130,REAR END(VEHICLES IN SAME LANE),1,686281,Not at intersection,2,80,Arterial Highway,DANDENONG,MONASH,-37.92139,145.1385,2021,6,June,9,Morning Peak,Weekday
T20210025250,2021-06-24,11:45:00,1,Collision with vehicle,4,Thursday,110,CROSS TRAFFIC(INTERSECTIONS ONLY),9,36192,Cross intersection,3,50,Local Road,CAPEL,MELBOURNE,-37.803707,144.95552,2021,6,June,11,Midday,Weekday
T20210014394,2021-06-25,17:16:00,4,Collision with a fixed object,5,Friday,181,OFF RIGHT BEND INTO OBJECT/PARKED VEHICLE,3,781188,Not at intersection,3,100,Freeway,MAROONDAH-EASTLINK OUT,MAROONDAH,-37.817467,145.21729,2021,6,June,17,Afternoon Peak,Weekday
T20210016489,2021-06-25,13:10:00,1,Collision with vehicle,5,Friday,116,LEFT NEAR (INTERSECTIONS ONLY),1,689320,T intersection,3,60,Arterial Other,KAIRN,BENDIGO,-36.782253,144.31415,2021,6,June,13,Midday,Weekday
T20210017978,2021-06-25,13:00:00,1,Collision with vehicle,5,Friday,130,REAR END(VEHICLES IN SAME LANE),1,691293,Not at intersection,3,70,Freeway,METROPOLITAN RING IN-HUME,MORELAND,-37.692177,144.95883,2021,6,June,13,Midday,Weekday
T20210016121,2021-06-25,06:40:00,3,Struck animal,5,Friday,167,STRUCK ANIMAL,5,688718,Not at intersection,3,100,Arterial Other,RIDDELL,MACEDON RANGES,-37.484962,144.67804,2021,6,June,6,Morning Peak,Weekday
T20210014137,2021-06-25,10:00:00,1,Collision with vehicle,5,Friday,116,LEFT NEAR (INTERSECTIONS ONLY),1,35989,Cross intersection,3,40,Local Road,BARKLY,MORELAND,-37.77724,144.97086,2021,6,June,10,Midday,Weekday
T20210014034,2021-06-25,21:49:00,1,Collision with vehicle,5,Friday,131,LEFT REAR,3,348200,Cross intersection,3,70,Arterial Highway,BULLEEN,BOROONDARA,-37.779644,145.07869,2021,6,June,21,Night,Weekday
T20210014041,2021-06-25,10:10:00,1,Collision with vehicle,5,Friday,147,VEHICLE STRIKES ANOTHER VEH WHILE EMERGING FROM DRIVEWAY,1,686702,Not at intersection,3,50,Local Road,WEDDELL,GEELONG,-38.12352,144.34682,2021,6,June,10,Midday,Weekday
T20220011826,2021-06-25,09:30:00,1,Collision with vehicle,5,Friday,137,LEFT TURN SIDESWIPE,9,58002,T intersection,3,50,Local Road,MALE,BAYSIDE,-37.91668,144.99565,2021,6,June,9,Morning Peak,Weekday
T20210016816,2021-06-25,10:00:00,1,Collision with vehicle,5,Friday,140,U TURN,1,102592,Not at intersection,3,80,Arterial Highway,STUD,DANDENONG,-37.9745,145.22275,2021,6,June,10,Midday,Weekday