ACCIDENT_NO,ACCIDENT_DATE,ACCIDENT_TIME,ACCIDENT_TYPE,ACCIDENT_TYPE_DESC,DAY_OF_WEEK,DAY_WEEK_DESC,DCA_CODE,DCA_DESC,LIGHT_CONDITION,NODE_ID,ROAD_GEOMETRY_DESC,SEVERITY,SPEED_ZONE,RMA,ROAD_NAME,LGA_NAME,LATITUDE,LONGITUDE,YEAR,MONTH,MONTH_NAME,HOUR,TIME_PERIOD,DAY_TYPE
T20210014481,2021-06-25,14:11:00,5,collision with some other object,5,Friday,166,STRUCK OBJECT ON CARRIAGEWAY,1,687142,Not at intersection,2,50,Local Road,HENKEL,MORELAND,-37.76562,144.95839,2021,6,June,14,Midday,Weekday
T20210013997,2021-06-25,22:45:00,2,Struck Pedestrian,5,Friday,102,FAR SIDE. PED HIT BY VEHICLE FROM THE LEFT,3,203827,Not at intersection,2,60,Arterial Other,JACKA,PORT PHILLIP,-37.86322,144.97221,2021,6,June,22,Night,Weekday
T20210013991,2021-06-25,18:40:00,1,Collision with vehicle,5,Friday,132,RIGHT REAR.,3,297768,Multiple intersection,3,60,Arterial Other,HIGH,DAREBIN,-37.71563,145.008,2021,6,June,18,Afternoon Peak,Weekday
T20210013989,2021-06-25,20:46:00,1,Collision with vehicle,5,Friday,120,HEAD ON (NOT OVERTAKING),5,779961,Not at intersection,3,80,Arterial Other,OLD WESTERN,MOORABOOL,-37.68033,144.505,2021,6,June,20,Night,Weekday
T20210013986,2021-06-25,18:30:00,1,Collision with vehicle,5,Friday,110,CROSS TRAFFIC(INTERSECTIONS ONLY),3,265529,Cross intersection,3,60,Local Road,DAVIS,WYNDHAM,-37.844772,144.65135,2021,6,June,18,Afternoon Peak,Weekday
T20210017702,2021-06-25,14:45:00,1,Collision with vehicle,5,Friday,111,RIGHT FAR (INTERSECTIONS ONLY),1,232112,Cross intersection,3,60,Local Road,BURGOYNE,BENDIGO,-36.65963,144.32838,2021,6,June,14,Midday,Weekday
T20210013983,2021-06-25,17:53:00,1,Collision with vehicle,5,Friday,130,REAR END(VEHICLES IN SAME LANE),3,690469,Not at intersection,3,60,Arterial Other,BLACKBURN,MONASH,-37.889107,145.14528,2021,6,June,17,Afternoon Peak,Weekday
T20210013982,2021-06-25,20:00:00,4,Collision with a fixed object,5,Friday,183,OFF LEFT BEND INTO OBJECT/PARKED VEHICLE,5,687855,Not at intersection,2,80,Local Road,WALLINGTON,GEELONG,-38.24277,144.50444,2021,6,June,20,Night,Weekday
T20210013979,2021-06-25,20:31:00,1,Collision with vehicle,5,Friday,121,RIGHT THROUGH,3,51076,Cross intersection,3,50,Arterial Highway,WYNDHAM,SHEPPARTON,-36.385227,145.3985,2021,6,June,20,Night,Weekday
T20210013978,2021-06-25,19:30:00,1,Collision with vehicle,5,Friday,110,CROSS TRAFFIC(INTERSECTIONS ONLY),3,51829,Cross intersection,2,60,Arterial Other,MOLLISON,MACEDON RANGES,-37.242577,144.45448,2021,6,June,19,Night,Weekday
T20210013977,2021-06-25,19:32:00,1,Collision with vehicle,5,Friday,121,RIGHT THROUGH,3,28872,Cross intersection,2,80,Arterial Highway,FRANKSTON-DANDENONG,DANDENONG,-38.00426,145.2174,2021,6,June,19,Night,Weekday
T20210013976,2021-06-25,18:59:00,4,Collision with a fixed object,5,Friday,181,OFF RIGHT BEND INTO OBJECT/PARKED VEHICLE,5,688324,Not at intersection,3,80,Arterial Other,SKENES CREEK,COLAC OTWAY,-38.70607,143.71013,2021,6,June,18,Afternoon Peak,Weekday
T20210013975,2021-06-25,19:31:00,1,Collision with vehicle,5,Friday,160,VEHICLE COLLIDES WITH VEHICLE PARKED ON LEFT OF ROAD,3,779558,Not at intersection,3,60,Arterial Other,ORRONG,STONNINGTON,-37.85796,145.01093,2021,6,June,19,Night,Weekday
T20210013971,2021-06-25,16:04:00,1,Collision with vehicle,5,Friday,130,REAR END(VEHICLES IN SAME LANE),1,686405,Not at intersection,2,80,Arterial Highway,NEPEAN,KINGSTON,-37.99375,145.08293,2021,6,June,16,Afternoon Peak,Weekday
T20210013968,2021-06-25,18:45:00,1,Collision with vehicle,5,Friday,113,RIGHT NEAR (INTERSECTIONS ONLY),3,327944,T intersection,3,80,Arterial Other,CLYDE,CASEY,-38.057705,145.33885,2021,6,June,18,Afternoon Peak,Weekday
T20210013964,2021-06-25,13:53:00,1,Collision with vehicle,5,Friday,120,HEAD ON (NOT OVERTAKING),1,695321,Not at intersection,2,100,Arterial Highway,GOULBURN VALLEY,SHEPPARTON,-36.268215,145.43181,2021,6,June,13,Midday,Weekday
T20210013963,2021-06-25,13:45:00,2,Struck Pedestrian,5,Friday,100,PED NEAR SIDE. PED HIT BY VEHICLE FROM THE RIGHT.,1,712583,T intersection,2,40,Local Road,CHAPEL,STONNINGTON,-37.85602,144.99258,2021,6,June,13,Midday,Weekday
T20210014071,2021-06-25,15:35:00,1,Collision with vehicle,5,Friday,130,REAR END(VEHICLES IN SAME LANE),1,686453,Not at intersection,3,60,Local Road,STATION,HUME,-37.583305,144.73051,2021,6,June,15,Afternoon Peak,Weekday
T20210013957,2021-06-25,16:00:00,1,Collision with vehicle,5,Friday,113,RIGHT NEAR (INTERSECTIONS ONLY),1,42709,T intersection,3,60,Local Road,RESERVE,BAYSIDE,-37.97021,145.03603,2021,6,June,16,Afternoon Peak,Weekday
T20210013952,2021-06-25,16:00:00,1,Collision with vehicle,5,Friday,121,RIGHT THROUGH,1,278717,Cross intersection,3,60,Local Road,AITKEN,HUME,-37.58605,144.91138,2021,6,June,16,Afternoon Peak,Weekday
T20210013949,2021-06-25,09:12:00,1,Collision with vehicle,5,Friday,134,LANE CHANGE RIGHT (NOT OVERTAKING),1,730730,Not at intersection,2,80,Arterial Other,PASCOE VALE,HUME,-37.66047,144.92487,2021,6,June,9,Morning Peak,Weekday
T20210013942,2021-06-25,13:30:00,4,Collision with a fixed object,5,Friday,173,RIGHT OFF CARRIAGEWAY INTO OBJECT/PARKED VEHICLE,1,696460,Not at intersection,2,80,Local Road,OAKLANDS,HUME,-37.625645,144.83731,2021,6,June,13,Midday,Weekday
T20210013941,2021-06-25,12:19:00,1,Collision with vehicle,5,Friday,113,RIGHT NEAR (INTERSECTIONS ONLY),1,51602,T intersection,3,60,Arterial Highway,MARONG,BENDIGO,-36.756454,144.26236,2021,6,June,12,Midday,Weekday
T20210013940,2021-06-25,13:30:00,1,Collision with vehicle,5,Friday,132,RIGHT REAR.,1,686404,T intersection,2,60,Local Road,MURPHY,BENDIGO,-36.754265,144.30032,2021,6,June,13,Midday,Weekday
T20210013932,2021-06-25,11:45:00,4,Collision with a fixed object,5,Friday,183,OFF LEFT BEND INTO OBJECT/PARKED VEHICLE,1,689313,Not at intersection,3,100,Local Road,TAMINICK GAP,BENALLA,-36.410606,146.20251,2021,6,June,11,Midday,Weekday
T20210013930,2021-06-25,12:26:00,1,Collision with vehicle,5,Friday,131,LEFT REAR,1,688231,Cross intersection,3,60,Arterial Highway,BULLEEN,MANNINGHAM,-37.76238,145.0832,2021,6,June,12,Midday,Weekday
T20210013925,2021-06-25,08:20:00,4,Collision with a fixed object,5,Friday,173,RIGHT OFF CARRIAGEWAY INTO OBJECT/PARKED VEHICLE,1,687480,Not at intersection,3,100,Local Road,ANDREWS,ARARAT,-37.410446,142.75291,2021,6,June,8,Morning Peak,Weekday
T20210013921,2021-06-25,11:46:00,1,Collision with vehicle,5,Friday,121,RIGHT THROUGH,1,921,Cross intersection,3,60,Arterial Highway,FRANKSTON-DANDENONG,FRANKSTON,-38.112686,145.1575,2021,6,June,11,Midday,Weekday
T20210013919,2021-06-25,12:00:00,4,Collision with a fixed object,5,Friday,175,OFF END OF ROAD/T-INTERSECTION.,1,53939,T intersection,3,50,Local Road,MILLSON,MORELAND,-37.72477,144.95064,2021,6,June,12,Midday,Weekday
T20210013909,2021-06-25,08:40:00,1,Collision with vehicle,5,Friday,110,CROSS TRAFFIC(INTERSECTIONS ONLY),1,36689,Cross intersection,2,60,Local Road,CROSS,CASEY,-38.17403,145.30011,2021,6,June,8,Morning Peak,Weekday
T20210013908,2021-06-25,09:00:00,1,Collision with vehicle,5,Friday,130,REAR END(VEHICLES IN SAME LANE),1,690630,Not at intersection,3,80,Arterial Highway,PRINCES,CASEY,-38.003536,145.25186,2021,6,June,9,Morning Peak,Weekday
T20210013903,2021-06-25,07:51:00,1,Collision with vehicle,5,Friday,121,RIGHT THROUGH,2,45835,Cross intersection,3,60,Arterial Other,VICTORIA,MELBOURNE,-37.807133,144.96735,2021,6,June,7,Morning Peak,Weekday
T20210013902,2021-06-25,06:40:00,1,Collision with vehicle,5,Friday,130,REAR END(VEHICLES IN SAME LANE),3,686402,Not at intersection,3,100,Freeway,METROPOLITAN RING,WHITTLESEA,-37.686043,145.00954,2021,6,June,6,Morning Peak,Weekday
T20210013899,2021-06-25,07:05:00,2,Struck Pedestrian,5,Friday,100,PED NEAR SIDE. PED HIT BY VEHICLE FROM THE RIGHT.,3,686352,T intersection,2,80,Arterial Other,CANTERBURY,WHITEHORSE,-37.83254,145.21327,2021,6,June,7,Morning Peak,Weekday
T20210013897,2021-06-25,06:00:00,1,Collision with vehicle,5,Friday,140,U TURN,3,42892,Cross intersection,2,60,Arterial Other,HEATHERTON,DANDENONG,-37.963814,145.16354,2021,6,June,6,Morning Peak,Weekday
T20210013895,2021-06-25,05:00:00,1,Collision with vehicle,5,Friday,160,VEHICLE COLLIDES WITH VEHICLE PARKED ON LEFT OF ROAD,3,691535,Not at intersection,3,60,Arterial Other,LUCAN,BENDIGO,-36.74778,144.2861,2021,6,June,5,Morning Peak,Weekday
T20210014534,2021-06-25,14:48:00,1,Collision with vehicle,5,Friday,130,REAR END(VEHICLES IN SAME LANE),1,691902,Not at intersection,3,60,Arterial Other,BRIDGE,BALLARAT,-37.59921,143.8438,2021,6,June,14,Midday,Weekday
T20210014584,2021-06-25,18:15:00,4,Collision with a fixed object,5,Friday,173,RIGHT OFF CARRIAGEWAY INTO OBJECT/PARKED VEHICLE,5,730743,Not at intersection,3,100,Local Road,BENDIGO-SUTTON GRANGE,MOUNT ALEXANDER,-37.023224,144.3663,2021,6,June,18,Afternoon Peak,Weekday
T20210014911,2021-06-25,15:20:00,1,Collision with vehicle,5,Friday,116,LEFT NEAR (INTERSECTIONS ONLY),1,68693,T intersection,3,50,Local Road,ROWES,WYNDHAM,-37.891415,144.6386,2021,6,June,15,Afternoon Peak,Weekday
T20210014322,2021-06-25,16:15:00,1,Collision with vehicle,5,Friday,160,VEHICLE COLLIDES WITH VEHICLE PARKED ON LEFT OF ROAD,2,730738,Not at intersection,3,40,Local Road,CORINELLA,HUME,-37.670624,144.92824,2021,6,June,16,Afternoon Peak,Weekday
T20210018234,2021-06-25,10:20:00,1,Collision with vehicle,5,Friday,130,REAR END(VEHICLES IN SAME LANE),1,691366,Not at intersection,3,60,Arterial Other,WEST FYANS,GEELONG,-38.159332,144.34259,2021,6,June,10,Midday,Weekday
T20210014014,2021-06-26,08:25:00,1,Collision with vehicle,6,Saturday,121,RIGHT THROUGH,1,331737,Cross intersection,3,60,Arterial Other,HALLAM,CASEY,-38.04767,145.265,2021,6,June,8,Morning Peak,Weekend
T20210014058,2021-06-26,22:40:00,4,Collision with a fixed object,6,Saturday,181,OFF RIGHT BEND INTO OBJECT/PARKED VEHICLE,3,692128,Not at intersection,3,80,Freeway,CITYLINK IN-MT ALEXANDER,MELBOURNE,-37.781322,144.93973,2021,6,June,22,Night,Weekend
T20210014059,2021-06-26,23:35:00,3,Struck animal,6,Saturday,167,STRUCK ANIMAL,5,686584,Not at intersection,3,100,Arterial Highway,MIDLAND,SHEPPARTON,-36.415195,145.58612,2021,6,June,23,Night,Weekend
T20210014040,2021-06-26,16:30:00,1,Collision with vehicle,6,Saturday,135,LANE CHANGE LEFT (NOT OVERTAKING),1,686432,Not at intersection,2,100,Freeway,CALDER,BRIMBANK,-37.70927,144.82375,2021,6,June,16,Afternoon Peak,Weekend
T20210014239,2021-06-26,14:50:00,1,Collision with vehicle,6,Saturday,131,LEFT REAR,1,691186,Not at intersection,3,40,Arterial Other,KINGS,BRIMBANK,-37.72866,144.78185,2021,6,June,14,Midday,Weekend
T20210014052,2021-06-26,18:46:00,1,Collision with vehicle,6,Saturday,113,RIGHT NEAR (INTERSECTIONS ONLY),3,57487,Cross intersection,3,50,Local Road,CUTHBERT,MAROONDAH,-37.834156,145.23839,2021,6,June,18,Afternoon Peak,Weekend
T20210014013,2021-06-26,07:28:00,1,Collision with vehicle,6,Saturday,121,RIGHT THROUGH,1,353633,T intersection,2,80,Arterial Other,CRANBOURNE-FRANKSTON,CASEY,-38.109997,145.25334,2021,6,June,7,Morning Peak,Weekend
T20210023293,2021-06-26,17:35:00,1,Collision with vehicle,6,Saturday,110,CROSS TRAFFIC(INTERSECTIONS ONLY),5,42843,Cross intersection,3,50,Local Road,VICTORIA,MORELAND,-37.742336,144.95825,2021,6,June,17,Afternoon Peak,Weekend
T20210014038,2021-06-26,15:15:00,1,Collision with vehicle,6,Saturday,110,CROSS TRAFFIC(INTERSECTIONS ONLY),1,339530,Cross intersection,2,80,Arterial Other,BAANIP,GEELONG,-38.219337,144.30037,2021,6,June,15,Afternoon Peak,Weekend
T20210014032,2021-06-26,13:17:00,1,Collision with vehicle,6,Saturday,120,HEAD ON (NOT OVERTAKING),1,686431,Not at intersection,2,60,Arterial Other,ALEXANDRA,STONNINGTON,-37.833954,145.00905,2021,6,June,13,Midday,Weekend
T20210014018,2021-06-26,10:15:00,1,Collision with vehicle,6,Saturday,121,RIGHT THROUGH,1,590746,T intersection,2,80,Arterial Highway,SOUTH GIPPSLAND,CASEY,-38.046204,145.25452,2021,6,June,10,Midday,Weekend
T20210014012,2021-06-26,06:15:00,1,Collision with vehicle,6,Saturday,110,CROSS TRAFFIC(INTERSECTIONS ONLY),3,54089,Cross intersection,2,80,Arterial Other,WESTALL,DANDENONG,-37.931374,145.14162,2021,6,June,6,Morning Peak,Weekend
T20210014008,2021-06-26,10:15:00,2,Struck Pedestrian,6,Saturday,100,PED NEAR SIDE. PED HIT BY VEHICLE FROM THE RIGHT.,1,38601,T intersection,3,60,Arterial Other,SUNSHINE,MARIBYRNONG,-37.799706,144.86348,2021,6,June,10,Midday,Weekend
T20210014006,2021-06-26,09:54:00,1,Collision with vehicle,6,Saturday,110,CROSS TRAFFIC(INTERSECTIONS ONLY),1,686902,Cross intersection,3,60,Local Road,FINDON,BOROONDARA,-37.812782,145.02025,2021,6,June,9,Morning Peak,Weekend
T20210014005,2021-06-26,08:40:00,2,Struck Pedestrian,6,Saturday,100,PED NEAR SIDE. PED HIT BY VEHICLE FROM THE RIGHT.,1,686586,Not at intersection,2,40,Arterial Other,RYRIE,GEELONG,-38.15024,144.36304,2021,6,June,8,Morning Peak,Weekend
T20210014001,2021-06-26,05:18:00,1,Collision with vehicle,6,Saturday,120,HEAD ON (NOT OVERTAKING),3,714151,Not at intersection,2,60,Local Road,LEAKES,WYNDHAM,-37.832565,144.67685,2021,6,June,5,Morning Peak,Weekend
T20210014276,2021-06-26,00:45:00,4,Collision with a fixed object,6,Saturday,173,RIGHT OFF CARRIAGEWAY INTO OBJECT/PARKED VEHICLE,3,690501,Not at intersection,3,60,Arterial Other,WARRANDYTE,MAROONDAH,-37.79124,145.23576,2021,6,June,0,Late Night,Weekend
T20210017208,2021-06-26,05:00:00,3,Struck animal,6,Saturday,167,STRUCK ANIMAL,5,689942,Not at intersection,3,100,Arterial Other,RIDDELL,MACEDON RANGES,-37.475414,144.6744,2021,6,June,5,Morning Peak,Weekend
T20210014030,2021-06-26,15:08:00,1,Collision with vehicle,6,Saturday,130,REAR END(VEHICLES IN SAME LANE),1,686957,Not at intersection,3,80,Arterial Other,MELTON,BRIMBANK,-37.694336,144.76456,2021,6,June,15,Afternoon Peak,Weekend
T20210014025,2021-06-26,12:41:00,1,Collision with vehicle,6,Saturday,111,RIGHT FAR (INTERSECTIONS ONLY),1,688279,T intersection,3,70,Arterial Other,MT DANDENONG,MAROONDAH,-37.800804,145.26353,2021,6,June,12,Midday,Weekend
T20210014049,2021-06-26,16:00:00,1,Collision with vehicle,6,Saturday,113,RIGHT NEAR (INTERSECTIONS ONLY),2,45623,T intersection,3,50,Local Road,HOPE,MORELAND,-37.764175,144.9615,2021,6,June,16,Afternoon Peak,Weekend
T20210014067,2021-06-26,13:50:00,1,Collision with vehicle,6,Saturday,121,RIGHT THROUGH,1,711945,Not at intersection,2,80,Arterial Highway,DANDENONG VALLEY,KNOX,-37.900925,145.234,2021,6,June,13,Midday,Weekend
T20210014207,2021-06-26,12:06:00,1,Collision with vehicle,6,Saturday,113,RIGHT NEAR (INTERSECTIONS ONLY),1,686707,T intersection,3,70,Arterial Other,BALLAN,WYNDHAM,-37.870365,144.61075,2021,6,June,12,Midday,Weekend
T20210014050,2021-06-26,16:42:00,6,Vehicle overturned (no collision),6,Saturday,174,OUT OF CONTROL ON CARRIAGEWAY (ON STRAIGHT),1,38475,Not at intersection,3,50,Arterial Highway,MAIN,YARRA RANGES,-37.756626,145.34595,2021,6,June,16,Afternoon Peak,Weekend
T20210017533,2021-06-26,15:35:00,1,Collision with vehicle,6,Saturday,113,RIGHT NEAR (INTERSECTIONS ONLY),1,41372,Cross intersection,3,60,Local Road,DERBY,GLEN EIRA,-37.87918,145.04445,2021,6,June,15,Afternoon Peak,Weekend
T20210014017,2021-06-26,11:40:00,1,Collision with vehicle,6,Saturday,110,CROSS TRAFFIC(INTERSECTIONS ONLY),1,39054,Multiple intersection,3,60,Arterial Other,DONCASTER,BOROONDARA,-37.793434,145.064,2021,6,June,11,Midday,Weekend
T20210015736,2021-06-26,16:55:00,6,Vehicle overturned (no collision),6,Saturday,174,OUT OF CONTROL ON CARRIAGEWAY (ON STRAIGHT),1,689312,Not at intersection,2,60,Local Road,OBAN,MAROONDAH,-37.796574,145.25227,2021,6,June,16,Afternoon Peak,Weekend
T20210014054,2021-06-26,22:20:00,2,Struck Pedestrian,6,Saturday,102,FAR SIDE. PED HIT BY VEHICLE FROM THE LEFT,3,687316,Cross intersection,2,40,Local Road,BURGUNDY,BANYULE,-37.754993,145.05846,2021,6,June,22,Night,Weekend
T20210014056,2021-06-26,22:23:00,1,Collision with vehicle,6,Saturday,160,VEHICLE COLLIDES WITH VEHICLE PARKED ON LEFT OF ROAD,3,686703,T intersection,3,50,Local Road,ZAKWELL,HUME,-37.64359,144.93333,2021,6,June,22,Night,Weekend
T20210015030,2021-06-26,17:00:00,1,Collision with vehicle,6,Saturday,131,LEFT REAR,1,687673,T intersection,3,60,Local Road,BOND,MAROONDAH,-37.814014,145.22723,2021,6,June,17,Afternoon Peak,Weekend
T20210014214,2021-06-26,22:00:00,1,Collision with vehicle,6,Saturday,130,REAR END(VEHICLES IN SAME LANE),3,687246,Not at intersection,3,70,Arterial Other,MANNINGHAM,MANNINGHAM,-37.76771,145.09438,2021,6,June,22,Night,Weekend
T20210014042,2021-06-26,17:35:00,1,Collision with vehicle,6,Saturday,130,REAR END(VEHICLES IN SAME LANE),2,686450,Not at intersection,2,80,Freeway,PRINCES,CASEY,-38.03928,145.33165,2021,6,June,17,Afternoon Peak,Weekend
T20210014043,2021-06-26,15:35:00,1,Collision with vehicle,6,Saturday,121,RIGHT THROUGH,1,280112,T intersection,2,100,Arterial Highway,SOUTH GIPPSLAND,CARDINIA,-38.246117,145.53722,2021,6,June,15,Afternoon Peak,Weekend
T20210014044,2021-06-26,18:50:00,4,Collision with a fixed object,6,Saturday,171,LEFT OFF CARRIAGEWAY INTO OBJECT/PARKED VEHICLE,3,691059,Not at intersection,3,80,Arterial Other,HUME,HUME,-37.631584,144.94955,2021,6,June,18,Afternoon Peak,Weekend
T20210014045,2021-06-26,17:45:00,1,Collision with vehicle,6,Saturday,113,RIGHT NEAR (INTERSECTIONS ONLY),3,43267,T intersection,2,80,Arterial Highway,SOUTH GIPPSLAND,DANDENONG,-38.01278,145.23122,2021,6,June,17,Afternoon Peak,Weekend
T20210014047,2021-06-26,19:35:00,1,Collision with vehicle,6,Saturday,147,VEHICLE STRIKES ANOTHER VEH WHILE EMERGING FROM DRIVEWAY,3,686451,Not at intersection,3,80,Arterial Highway,DANDENONG VALLEY,KNOX,-37.927006,145.23334,2021,6,June,19,Night,Weekend
T20210014650,2021-06-27,14:00:00,1,Collision with vehicle,7,Sunday,121,RIGHT THROUGH,1,677104,Cross intersection,3,60,Arterial Other,BERWICK-CRANBOURNE,CASEY,-38.114864,145.29652,2021,6,June,14,Midday,Weekend
T20210014151,2021-06-27,10:20:00,1,Collision with vehicle,7,Sunday,120,HEAD ON (NOT OVERTAKING),1,687091,Not at intersection,3,80,Arterial Highway,GREAT ALPINE,(MOUNT HOTHAM),-36.97417,147.12474,2021,6,June,10,Midday,Weekend
T20210014919,2021-06-27,21:00:00,1,Collision with vehicle,7,Sunday,110,CROSS TRAFFIC(INTERSECTIONS ONLY),3,36168,Cross intersection,3,60,Arterial Other,SYNNOT,WYNDHAM,-37.901917,144.66289,2021,6,June,21,Night,Weekend
T20210014068,2021-06-27,07:00:00,2,Struck Pedestrian,7,Sunday,100,PED NEAR SIDE. PED HIT BY VEHICLE FROM THE RIGHT.,3,47601,Cross intersection,2,60,Arterial Other,MCDONALDS,WHITTLESEA,-37.6488,145.06613,2021,6,June,7,Morning Peak,Weekend
T20210014074,2021-06-27,08:47:00,1,Collision with vehicle,7,Sunday,110,CROSS TRAFFIC(INTERSECTIONS ONLY),1,38764,Cross intersection,2,60,Arterial Highway,GEELONG,MARIBYRNONG,-37.796494,144.89694,2021,6,June,8,Morning Peak,Weekend
T20210014110,2021-06-27,18:05:00,1,Collision with vehicle,7,Sunday,130,REAR END(VEHICLES IN SAME LANE),3,693050,Not at intersection,3,70,Arterial Other,NORTHERN ROUTE,MANNINGHAM,-37.76396,145.17094,2021,6,June,18,Afternoon Peak,Weekend
T20210014109,2021-06-27,17:57:00,1,Collision with vehicle,7,Sunday,130,REAR END(VEHICLES IN SAME LANE),3,687414,Not at intersection,3,60,Arterial Other,CENTRE,GLEN EIRA,-37.92122,145.05954,2021,6,June,17,Afternoon Peak,Weekend
T20210014080,2021-06-27,10:50:00,1,Collision with vehicle,7,Sunday,130,REAR END(VEHICLES IN SAME LANE),1,313325,T intersection,3,70,Arterial Other,SOMERTON,HUME,-37.638206,144.91,2021,6,June,10,Midday,Weekend
T20210014076,2021-06-27,11:52:00,2,Struck Pedestrian,7,Sunday,102,FAR SIDE. PED HIT BY VEHICLE FROM THE LEFT,1,41537,T intersection,1,60,Arterial Highway,WARRIGAL,MONASH,-37.90675,145.0856,2021,6,June,11,Midday,Weekend
T20210014078,2021-06-27,11:15:00,1,Collision with vehicle,7,Sunday,113,RIGHT NEAR (INTERSECTIONS ONLY),1,686454,Cross intersection,2,100,Arterial Highway,PRINCES,SURF COAST,-38.213654,144.13403,2021,6,June,11,Midday,Weekend
T20210016105,2021-06-27,11:00:00,1,Collision with vehicle,7,Sunday,130,REAR END(VEHICLES IN SAME LANE),9,730790,Not at intersection,3,60,Local Road,SAN MATEO,MILDURA,-34.193596,142.16241,2021,6,June,11,Midday,Weekend
T20210014089,2021-06-27,13:40:00,8,No collision and no object struck,7,Sunday,174,OUT OF CONTROL ON CARRIAGEWAY (ON STRAIGHT),1,686864,Not at intersection,3,50,Local Road,OGAREY,BASS COAST,-38.593033,145.59224,2021,6,June,13,Midday,Weekend
T20210014762,2021-06-27,11:53:00,3,Struck animal,7,Sunday,167,STRUCK ANIMAL,1,687472,Not at intersection,3,50,Local Road,CAMP,HEPBURN,-37.34224,144.14555,2021,6,June,11,Midday,Weekend
T20210014103,2021-06-27,15:45:00,1,Collision with vehicle,7,Sunday,113,RIGHT NEAR (INTERSECTIONS ONLY),1,42396,Cross intersection,3,60,Arterial Other,BOUNDARY,MORELAND,-37.718067,144.9517,2021,6,June,15,Afternoon Peak,Weekend
T20210014102,2021-06-27,16:50:00,1,Collision with vehicle,7,Sunday,110,CROSS TRAFFIC(INTERSECTIONS ONLY),2,52686,Cross intersection,3,80,Arterial Highway,SUNRAYSIA,PYRENEES,-37.27504,143.51505,2021,6,June,16,Afternoon Peak,Weekend
T20210014157,2021-06-27,10:25:00,1,Collision with vehicle,7,Sunday,137,LEFT TURN SIDESWIPE,1,690528,Not at intersection,3,60,Local Road,BLUFF,BAYSIDE,-37.932796,145.02477,2021,6,June,10,Midday,Weekend
T20210014117,2021-06-27,19:40:00,1,Collision with vehicle,7,Sunday,130,REAR END(VEHICLES IN SAME LANE),3,687136,Not at intersection,3,60,Local Road,HARVEST HOME,WHITTLESEA,-37.622936,145.02788,2021,6,June,19,Night,Weekend
T20210014116,2021-06-27,21:25:00,1,Collision with vehicle,7,Sunday,121,RIGHT THROUGH,3,299903,Cross intersection,3,50,Local Road,BRIDGE INN,WHITTLESEA,-37.598965,145.08197,2021,6,June,21,Night,Weekend
T20210014115,2021-06-27,20:10:00,1,Collision with vehicle,7,Sunday,111,RIGHT FAR (INTERSECTIONS ONLY),3,1175,T intersection,2,80,Arterial Other,PRINCES,CARDINIA,-38.071827,145.4833,2021,6,June,20,Night,Weekend
T20210018431,2021-06-27,19:15:00,1,Collision with vehicle,7,Sunday,130,REAR END(VEHICLES IN SAME LANE),3,694488,Not at intersection,3,70,Arterial Highway,DANDENONG,STONNINGTON,-37.88156,145.05025,2021,6,June,19,Night,Weekend
T20210014083,2021-06-27,12:30:00,1,Collision with vehicle,7,Sunday,130,REAR END(VEHICLES IN SAME LANE),1,686617,Not at intersection,3,80,Freeway,ENGLISH-TULLAMARINE IN,MOONEE VALLEY,-37.726643,144.89139,2021,6,June,12,Midday,Weekend
T20210014088,2021-06-27,12:44:00,1,Collision with vehicle,7,Sunday,137,LEFT TURN SIDESWIPE,1,38051,Cross intersection,3,60,Arterial Other,HEIDELBERG,DAREBIN,-37.7834,145.01738,2021,6,June,12,Midday,Weekend
T20210014093,2021-06-27,11:35:00,4,Collision with a fixed object,7,Sunday,171,LEFT OFF CARRIAGEWAY INTO OBJECT/PARKED VEHICLE,1,687135,Not at intersection,2,100,Local Road,VICTORIA RANGE,MURRINDINDI,-37.489483,145.4352,2021,6,June,11,Midday,Weekend
T20210014095,2021-06-27,13:55:00,1,Collision with vehicle,7,Sunday,130,REAR END(VEHICLES IN SAME LANE),1,741533,Not at intersection,2,60,Arterial Other,HOPKINS,MARIBYRNONG,-37.80064,144.90718,2021,6,June,13,Midday,Weekend
T20210014096,2021-06-27,13:00:00,4,Collision with a fixed object,7,Sunday,198,OTHER ACCIDENTS NOT CLASSIFIABLE ELSEWHERE,1,692610,Not at intersection,3,50,Local Road,SURFERS,GEELONG,-38.25613,144.51619,2021,6,June,13,Midday,Weekend
T20210014098,2021-06-27,14:55:00,1,Collision with vehicle,7,Sunday,130,REAR END(VEHICLES IN SAME LANE),1,686850,Not at intersection,3,80,Arterial Highway,SOUTH GIPPSLAND,CASEY,-38.057228,145.26224,2021,6,June,14,Midday,Weekend
T20210014100,2021-06-27,16:03:00,1,Collision with vehicle,7,Sunday,121,RIGHT THROUGH,1,35754,Cross intersection,2,60,Arterial Other,HALLAM,CASEY,-38.04765,145.26472,2021,6,June,16,Afternoon Peak,Weekend
T20210014101,2021-06-27,15:37:00,4,Collision with a fixed object,7,Sunday,181,OFF RIGHT BEND INTO OBJECT/PARKED VEHICLE,1,687481,Not at intersection,2,80,Arterial Highway,GREAT OCEAN,COLAC OTWAY,-38.763493,143.48099,2021,6,June,15,Afternoon Peak,Weekend
T20210014149,2021-06-27,20:55:00,1,Collision with vehicle,7,Sunday,113,RIGHT NEAR (INTERSECTIONS ONLY),3,258147,T intersection,2,50,Local Road,ST CLAIRE,WHITTLESEA,-37.639744,145.0679,2021,6,June,20,Night,Weekend
T20210014105,2021-06-27,19:00:00,4,Collision with a fixed object,7,Sunday,171,LEFT OFF CARRIAGEWAY INTO OBJECT/PARKED VEHICLE,3,698303,Not at intersection,3,80,Arterial Other,BOUNDARY,KINGSTON,-38.01131,145.10341,2021,6,June,19,Night,Weekend