ACCIDENT_NO,ACCIDENT_DATE,ACCIDENT_TIME,ACCIDENT_TYPE,ACCIDENT_TYPE_DESC,DAY_OF_WEEK,DAY_WEEK_DESC,DCA_CODE,DCA_DESC,LIGHT_CONDITION,NODE_ID,ROAD_GEOMETRY_DESC,SEVERITY,SPEED_ZONE,RMA,ROAD_NAME,LGA_NAME,LATITUDE,LONGITUDE,YEAR,MONTH,MONTH_NAME,HOUR,TIME_PERIOD,DAY_TYPE
T20210014063,2021-06-27,01:15:00,4,Collision with a fixed object,7,Sunday,183,OFF LEFT BEND INTO OBJECT/PARKED VEHICLE,5,690741,Not at intersection,2,100,Local Road,MCGILLIVRAY,CAMPASPE,-35.947018,144.42302,2021,6,June,1,Late Night,Weekend
T20210015598,2021-06-27,19:00:00,1,Collision with vehicle,7,Sunday,114,TWO RIGHT TURNING (INTERSECTIONS ONLY),9,63682,T intersection,3,60,Arterial Other,THOMPSONS,MANNINGHAM,-37.759666,145.11266,2021,6,June,19,Night,Weekend
T20210014108,2021-06-27,18:00:00,1,Collision with vehicle,7,Sunday,120,HEAD ON (NOT OVERTAKING),3,52997,T intersection,2,60,Arterial Highway,HERTFORD,BALLARAT,-37.58611,143.83421,2021,6,June,18,Afternoon Peak,Weekend
T20210014170,2021-06-28,16:30:00,1,Collision with vehicle,1,Monday,130,REAR END(VEHICLES IN SAME LANE),1,686637,Not at intersection,3,60,Local Road,FORREST,BRIMBANK,-37.783237,144.80682,2021,6,June,16,Afternoon Peak,Weekday
T20210014167,2021-06-28,13:00:00,4,Collision with a fixed object,1,Monday,173,RIGHT OFF CARRIAGEWAY INTO OBJECT/PARKED VEHICLE,1,686852,Not at intersection,2,60,Local Road,SKYLINE,NILLUMBIK,-37.688934,145.31136,2021,6,June,13,Midday,Weekday
T20210014166,2021-06-28,08:00:00,1,Collision with vehicle,1,Monday,130,REAR END(VEHICLES IN SAME LANE),1,686705,Cross intersection,3,50,Local Road,BRYN MAWR,CASEY,-38.039665,145.36028,2021,6,June,8,Morning Peak,Weekday
T20210014989,2021-06-28,08:06:00,5,collision with some other object,1,Monday,165,TEMPORARY ROADWORKS,1,687427,Not at intersection,3,60,Freeway,PRINCES-PRINCES IN,WYNDHAM,-37.87962,144.71191,2021,6,June,8,Morning Peak,Weekday
T20210014131,2021-06-28,06:45:00,1,Collision with vehicle,1,Monday,121,RIGHT THROUGH,2,684847,Multiple intersection,2,80,Freeway,BOUNDARY,WYNDHAM,-37.8155,144.80899,2021,6,June,6,Morning Peak,Weekday
T20210014129,2021-06-28,05:40:00,4,Collision with a fixed object,1,Monday,173,RIGHT OFF CARRIAGEWAY INTO OBJECT/PARKED VEHICLE,5,686499,Not at intersection,1,100,Local Road,BULL SWAMP,BAW BAW,-38.222763,145.97176,2021,6,June,5,Morning Peak,Weekday
T20210014148,2021-06-28,12:24:00,1,Collision with vehicle,1,Monday,110,CROSS TRAFFIC(INTERSECTIONS ONLY),1,63247,Cross intersection,2,50,Local Road,CLARENDON,MORELAND,-37.74748,144.95334,2021,6,June,12,Midday,Weekday
T20210014126,2021-06-28,06:40:00,1,Collision with vehicle,1,Monday,160,VEHICLE COLLIDES WITH VEHICLE PARKED ON LEFT OF ROAD,3,693327,T intersection,2,50,Local Road,CHAMBERS,HOBSONS BAY,-37.8327,144.84302,2021,6,June,6,Morning Peak,Weekday
T20210014125,2021-06-28,05:35:00,1,Collision with vehicle,1,Monday,151,OUT OF CONTROL (OVERTAKING),5,695626,Not at intersection,2,80,Local Road,HARKAWAY,CASEY,-37.987736,145.3524,2021,6,June,5,Morning Peak,Weekday
T20210015366,2021-06-28,14:08:00,1,Collision with vehicle,1,Monday,152,PULLING OUT (OVERTAKING),1,687884,T intersection,3,60,Arterial Other,MIDDLEBOROUGH,WHITEHORSE,-37.839085,145.13474,2021,6,June,14,Midday,Weekday
T20210015195,2021-06-28,15:10:00,1,Collision with vehicle,1,Monday,135,LANE CHANGE LEFT (NOT OVERTAKING),1,693569,Not at intersection,3,60,Local Road,MORRIS,WYNDHAM,-37.87408,144.70224,2021,6,June,15,Afternoon Peak,Weekday
T20210015848,2021-06-28,11:22:00,1,Collision with vehicle,1,Monday,130,REAR END(VEHICLES IN SAME LANE),9,730781,Not at intersection,3,60,Arterial Other,TOOLAMBA,SHEPPARTON,-36.395428,145.35574,2021,6,June,11,Midday,Weekday
T20210014158,2021-06-28,10:25:00,1,Collision with vehicle,1,Monday,160,VEHICLE COLLIDES WITH VEHICLE PARKED ON LEFT OF ROAD,1,686853,Not at intersection,2,40,Local Road,LONSDALE,MELBOURNE,-37.812,144.96323,2021,6,June,10,Midday,Weekday
T20210014826,2021-06-28,11:25:00,1,Collision with vehicle,1,Monday,130,REAR END(VEHICLES IN SAME LANE),1,688017,Not at intersection,3,60,Arterial Other,MAIN WHITTLESEA,WHITTLESEA,-37.51878,145.11383,2021,6,June,11,Midday,Weekday
T20210014163,2021-06-28,13:00:00,1,Collision with vehicle,1,Monday,133,LANE SIDE SWIPE (VEHICLES IN PARALLEL LANES),1,688943,Not at intersection,2,100,Freeway,MONASH,CASEY,-37.981606,145.24486,2021,6,June,13,Midday,Weekday
T20210014265,2021-06-28,13:45:00,4,Collision with a fixed object,1,Monday,181,OFF RIGHT BEND INTO OBJECT/PARKED VEHICLE,1,695437,Not at intersection,3,80,Arterial Other,KOO WEE RUP-LONGWARRY,CARDINIA,-38.17778,145.56703,2021,6,June,13,Midday,Weekday
T20210021654,2021-06-28,09:30:00,1,Collision with vehicle,1,Monday,133,LANE SIDE SWIPE (VEHICLES IN PARALLEL LANES),1,695784,Not at intersection,3,60,Local Road,BOUNDARY,WYNDHAM,-37.816143,144.81747,2021,6,June,9,Morning Peak,Weekday
T20210014159,2021-06-28,14:00:00,1,Collision with vehicle,1,Monday,130,REAR END(VEHICLES IN SAME LANE),1,687484,Not at intersection,3,80,Arterial Other,HIGH STREET,KNOX,-37.876793,145.21754,2021,6,June,14,Midday,Weekday
T20210014526,2021-06-28,14:10:00,1,Collision with vehicle,1,Monday,130,REAR END(VEHICLES IN SAME LANE),1,688325,Not at intersection,3,80,Arterial Highway,DANDENONG VALLEY,DANDENONG,-37.963673,145.22485,2021,6,June,14,Midday,Weekday
T20210017880,2021-06-28,14:40:00,8,No collision and no object struck,1,Monday,180,OFF CARRIAGEWAY ON RIGHT BEND,1,691291,Not at intersection,3,100,Arterial Highway,BASS,BASS COAST,-38.508118,145.45058,2021,6,June,14,Midday,Weekday
T20210014676,2021-06-28,16:40:00,1,Collision with vehicle,1,Monday,132,RIGHT REAR.,9,301506,Cross intersection,3,60,Arterial Highway,BELL,DAREBIN,-37.748257,145.02974,2021,6,June,16,Afternoon Peak,Weekday
T20210014144,2021-06-28,10:26:00,1,Collision with vehicle,1,Monday,130,REAR END(VEHICLES IN SAME LANE),1,687317,Not at intersection,2,80,Freeway,MONASH,STONNINGTON,-37.88258,145.09,2021,6,June,10,Midday,Weekday
T20210014156,2021-06-28,13:36:00,1,Collision with vehicle,1,Monday,130,REAR END(VEHICLES IN SAME LANE),1,686807,Not at intersection,3,60,Arterial Highway,PLENTY,DAREBIN,-37.723106,145.0297,2021,6,June,13,Midday,Weekday
T20210016336,2021-06-28,09:50:00,1,Collision with vehicle,1,Monday,130,REAR END(VEHICLES IN SAME LANE),1,778488,Not at intersection,3,80,Freeway,BLACKBURN-MONASH IN,MONASH,-37.894318,145.14139,2021,6,June,9,Morning Peak,Weekday
T20210014229,2021-06-28,14:10:00,1,Collision with vehicle,1,Monday,130,REAR END(VEHICLES IN SAME LANE),1,730735,Not at intersection,3,60,Arterial Other,RIDDELL,HUME,-37.559635,144.70999,2021,6,June,14,Midday,Weekday
T20210014198,2021-06-28,17:44:00,1,Collision with vehicle,1,Monday,130,REAR END(VEHICLES IN SAME LANE),3,690086,Not at intersection,3,60,Local Road,AITKEN,HUME,-37.594032,144.91005,2021,6,June,17,Afternoon Peak,Weekday
T20210014188,2021-06-28,16:55:00,6,Vehicle overturned (no collision),1,Monday,182,OFF CARRIAGEWAY ON LEFT BEND,2,690146,Not at intersection,3,100,Arterial Highway,GREAT ALPINE,EAST GIPPSLAND,-37.08388,147.386,2021,6,June,16,Afternoon Peak,Weekday
T20210014187,2021-06-28,18:00:00,1,Collision with vehicle,1,Monday,113,RIGHT NEAR (INTERSECTIONS ONLY),3,40663,T intersection,3,60,Arterial Other,HUNTINGDALE,MONASH,-37.85744,145.11366,2021,6,June,18,Afternoon Peak,Weekday
T20210014160,2021-06-28,11:40:00,1,Collision with vehicle,1,Monday,160,VEHICLE COLLIDES WITH VEHICLE PARKED ON LEFT OF ROAD,1,690526,Not at intersection,2,50,Local Road,SAWMILL,BENDIGO,-36.659653,144.34909,2021,6,June,11,Midday,Weekday
T20210014176,2021-06-28,17:51:00,1,Collision with vehicle,1,Monday,121,RIGHT THROUGH,2,44081,Cross intersection,3,60,Arterial Highway,NEPEAN,MORNINGTON PENINSULA,-38.328457,144.97726,2021,6,June,17,Afternoon Peak,Weekday
T20210014150,2021-06-28,07:00:00,9,Other accident,1,Monday,179,OTHER ACCIDENTS-OFF STRAIGHT NOT INCLUDED IN DCAs 170-175,9,39969,T intersection,3,60,Arterial Other,BLACKSHAWS,HOBSONS BAY,-37.83308,144.86566,2021,6,June,7,Morning Peak,Weekday
T20210014128,2021-06-28,07:15:00,2,Struck Pedestrian,1,Monday,100,PED NEAR SIDE. PED HIT BY VEHICLE FROM THE RIGHT.,2,36062,T intersection,2,60,Arterial Highway,RACECOURSE,MOONEE VALLEY,-37.78875,144.93605,2021,6,June,7,Morning Peak,Weekday
T20210014231,2021-06-29,09:55:00,1,Collision with vehicle,2,Tuesday,130,REAR END(VEHICLES IN SAME LANE),1,688109,Not at intersection,2,80,Arterial Highway,FRANKSTON-DANDENONG,DANDENONG,-38.023895,145.21349,2021,6,June,9,Morning Peak,Weekday
T20210014303,2021-06-29,22:35:00,8,No collision and no object struck,2,Tuesday,175,OFF END OF ROAD/T-INTERSECTION.,3,686810,T intersection,2,50,Local Road,WATERFORD,CARDINIA,-38.062687,145.44846,2021,6,June,22,Night,Weekday
T20210014228,2021-06-29,10:20:00,1,Collision with vehicle,2,Tuesday,116,LEFT NEAR (INTERSECTIONS ONLY),1,686808,T intersection,3,50,Local Road,ARTHUR,BAYSIDE,-37.944576,145.00252,2021,6,June,10,Midday,Weekday
T20220015230,2021-06-29,08:50:00,1,Collision with vehicle,2,Tuesday,147,VEHICLE STRIKES ANOTHER VEH WHILE EMERGING FROM DRIVEWAY,1,781193,Not at intersection,3,50,Local Road,JELLICOE,BANYULE,-37.7585,145.04199,2021,6,June,8,Morning Peak,Weekday
T20210014222,2021-06-29,06:44:00,1,Collision with vehicle,2,Tuesday,130,REAR END(VEHICLES IN SAME LANE),2,730734,Not at intersection,3,60,Local Road,PURNELL,GEELONG,-38.073902,144.35652,2021,6,June,6,Morning Peak,Weekday
T20210014221,2021-06-29,08:00:00,1,Collision with vehicle,2,Tuesday,121,RIGHT THROUGH,9,296067,T intersection,2,60,Arterial Highway,BELL,DAREBIN,-37.74575,145.0076,2021,6,June,8,Morning Peak,Weekday
T20210014220,2021-06-29,06:45:00,1,Collision with vehicle,2,Tuesday,132,RIGHT REAR.,3,38457,T intersection,3,60,Arterial Other,HULL,YARRA RANGES,-37.778957,145.32628,2021,6,June,6,Morning Peak,Weekday
T20210014219,2021-06-29,07:45:00,1,Collision with vehicle,2,Tuesday,132,RIGHT REAR.,1,693557,Not at intersection,3,100,Local Road,OAKLANDS,HUME,-37.589973,144.84326,2021,6,June,7,Morning Peak,Weekday
T20210014217,2021-06-29,06:15:00,4,Collision with a fixed object,2,Tuesday,171,LEFT OFF CARRIAGEWAY INTO OBJECT/PARKED VEHICLE,5,691073,Not at intersection,3,60,Arterial Other,BARWON HEADS,GEELONG,-38.203323,144.36505,2021,6,June,6,Morning Peak,Weekday
T20210014216,2021-06-29,05:57:00,4,Collision with a fixed object,2,Tuesday,181,OFF RIGHT BEND INTO OBJECT/PARKED VEHICLE,5,686640,Not at intersection,2,100,Local Road,SANDY CREEK-BARNADOWN,BENDIGO,-36.646713,144.53331,2021,6,June,5,Morning Peak,Weekday
T20210014215,2021-06-29,06:08:00,1,Collision with vehicle,2,Tuesday,135,LANE CHANGE LEFT (NOT OVERTAKING),3,686639,Not at intersection,3,100,Freeway,WESTERN RING,BRIMBANK,-37.756477,144.82433,2021,6,June,6,Morning Peak,Weekday
T20210014516,2021-06-29,16:10:00,1,Collision with vehicle,2,Tuesday,130,REAR END(VEHICLES IN SAME LANE),1,70726,Cross intersection,3,80,Arterial Highway,CHELTENHAM ROAD -LOWER DANDENONG,DANDENONG,-37.990784,145.14471,2021,6,June,16,Afternoon Peak,Weekday
T20210015016,2021-06-29,16:20:00,1,Collision with vehicle,2,Tuesday,130,REAR END(VEHICLES IN SAME LANE),1,687473,Not at intersection,3,100,Freeway,SOUTH GIPPSLAND,CASEY,-38.000385,145.25244,2021,6,June,16,Afternoon Peak,Weekday
T20210014995,2021-06-29,14:30:00,1,Collision with vehicle,2,Tuesday,137,LEFT TURN SIDESWIPE,1,687944,T intersection,3,50,Arterial Highway,WHITEHORSE,WHITEHORSE,-37.81791,145.15788,2021,6,June,14,Midday,Weekday
T20210014203,2021-06-29,04:45:00,1,Collision with vehicle,2,Tuesday,111,RIGHT FAR (INTERSECTIONS ONLY),3,47155,T intersection,2,60,Arterial Highway,DOCKLANDS,MELBOURNE,-37.80712,144.91106,2021,6,June,4,Late Night,Weekday
T20210014208,2021-06-29,07:00:00,1,Collision with vehicle,2,Tuesday,140,U TURN,1,687245,Not at intersection,2,60,Arterial Other,BEACONSFIELD,PORT PHILLIP,-37.85895,144.9701,2021,6,June,7,Morning Peak,Weekday
T20210014209,2021-06-29,07:25:00,1,Collision with vehicle,2,Tuesday,137,LEFT TURN SIDESWIPE,1,237382,T intersection,3,70,Arterial Highway,DANDENONG,STONNINGTON,-37.85986,145.00874,2021,6,June,7,Morning Peak,Weekday
T20210014210,2021-06-29,07:00:00,1,Collision with vehicle,2,Tuesday,121,RIGHT THROUGH,1,43655,T intersection,2,80,Arterial Other,OLD PRINCES,CARDINIA,-38.044044,145.36679,2021,6,June,7,Morning Peak,Weekday
T20210014593,2021-06-29,17:40:00,1,Collision with vehicle,2,Tuesday,130,REAR END(VEHICLES IN SAME LANE),2,690246,Not at intersection,3,80,Arterial Highway,PRINCES,DANDENONG,-37.941433,145.16574,2021,6,June,17,Afternoon Peak,Weekday
T20210014279,2021-06-29,15:24:00,1,Collision with vehicle,2,Tuesday,110,CROSS TRAFFIC(INTERSECTIONS ONLY),1,24546,Multiple intersection,2,100,Arterial Other,DONALD-STAWELL,NORTHERN GRAMPIANS,-36.566998,142.8687,2021,6,June,15,Afternoon Peak,Weekday
T20210018481,2021-06-29,17:50:00,1,Collision with vehicle,2,Tuesday,121,RIGHT THROUGH,3,38237,Cross intersection,3,60,Arterial Highway,BANKSIA,BANYULE,-37.75997,145.07155,2021,6,June,17,Afternoon Peak,Weekday
T20210014444,2021-06-29,18:30:00,1,Collision with vehicle,2,Tuesday,133,LANE SIDE SWIPE (VEHICLES IN PARALLEL LANES),3,687141,Not at intersection,3,60,Arterial Other,BRUNSWICK,MORELAND,-37.776936,144.95912,2021,6,June,18,Afternoon Peak,Weekday
T20210014275,2021-06-29,16:15:00,1,Collision with vehicle,2,Tuesday,130,REAR END(VEHICLES IN SAME LANE),1,784537,Cross intersection,2,60,Freeway,TULLAMARINE IN-WESTERN RING IN,BRIMBANK,-37.707714,144.88617,2021,6,June,16,Afternoon Peak,Weekday
T20210014268,2021-06-29,15:10:00,4,Collision with a fixed object,2,Tuesday,173,RIGHT OFF CARRIAGEWAY INTO OBJECT/PARKED VEHICLE,1,689783,Not at intersection,2,100,Arterial Other,COLAC-BALLARAT,COLAC OTWAY,-38.113514,143.63394,2021,6,June,15,Afternoon Peak,Weekday
T20210015265,2021-06-29,17:40:00,1,Collision with vehicle,2,Tuesday,130,REAR END(VEHICLES IN SAME LANE),1,688328,Not at intersection,3,80,Freeway,WESTERN RING,HUME,-37.693474,144.93506,2021,6,June,17,Afternoon Peak,Weekday
T20210014267,2021-06-29,17:10:00,1,Collision with vehicle,2,Tuesday,111,RIGHT FAR (INTERSECTIONS ONLY),2,686809,T intersection,3,60,Arterial Highway,LONG STREET -OGILVY,SOUTH GIPPSLAND,-38.479523,145.94951,2021,6,June,17,Afternoon Peak,Weekday
T20210014264,2021-06-29,18:00:00,4,Collision with a fixed object,2,Tuesday,173,RIGHT OFF CARRIAGEWAY INTO OBJECT/PARKED VEHICLE,3,686643,Cross intersection,2,80,Arterial Highway,PRINCES HIGHWAY -DANDENONG,MONASH,-37.93258,145.15628,2021,6,June,18,Afternoon Peak,Weekday
T20210014494,2021-06-29,12:45:00,1,Collision with vehicle,2,Tuesday,130,REAR END(VEHICLES IN SAME LANE),1,687387,Not at intersection,3,60,Arterial Other,FERRARS,PORT PHILLIP,-37.832718,144.95483,2021,6,June,12,Midday,Weekday
T20210014224,2021-06-29,08:05:00,1,Collision with vehicle,2,Tuesday,130,REAR END(VEHICLES IN SAME LANE),1,686641,Not at intersection,2,60,Arterial Highway,MIDLAND,GOLDEN PLAINS,-37.95345,144.1327,2021,6,June,8,Morning Peak,Weekday
T20210016893,2021-06-29,16:20:00,1,Collision with vehicle,2,Tuesday,130,REAR END(VEHICLES IN SAME LANE),1,768896,Not at intersection,3,80,Arterial Other,HUME,HUME,-37.597958,144.94316,2021,6,June,16,Afternoon Peak,Weekday
T20210016954,2021-06-29,08:00:00,1,Collision with vehicle,2,Tuesday,113,RIGHT NEAR (INTERSECTIONS ONLY),1,306391,T intersection,3,70,Arterial Highway,MOOROODUC,FRANKSTON,-38.163376,145.13643,2021,6,June,8,Morning Peak,Weekday
T20210014331,2021-06-29,10:30:00,1,Collision with vehicle,2,Tuesday,111,RIGHT FAR (INTERSECTIONS ONLY),1,47412,T intersection,3,60,Local Road,PARKHILL,CASEY,-38.022503,145.32196,2021,6,June,10,Midday,Weekday
T20210015121,2021-06-29,20:21:00,1,Collision with vehicle,2,Tuesday,110,CROSS TRAFFIC(INTERSECTIONS ONLY),6,40056,Cross intersection,3,50,Local Road,DANKS,PORT PHILLIP,-37.8537,144.96373,2021,6,June,20,Night,Weekday
T20210014288,2021-06-29,20:30:00,1,Collision with vehicle,2,Tuesday,133,LANE SIDE SWIPE (VEHICLES IN PARALLEL LANES),3,730737,Not at intersection,3,40,Local Road,WIDFORD,MORELAND,-37.69988,144.92421,2021,6,June,20,Night,Weekday
T20210014290,2021-06-29,17:10:00,2,Struck Pedestrian,2,Tuesday,102,FAR SIDE. PED HIT BY VEHICLE FROM THE LEFT,3,687987,T intersection,2,50,Local Road,PALEY,GEELONG,-38.07476,144.34145,2021,6,June,17,Afternoon Peak,Weekday
T20210014321,2021-06-29,08:30:00,2,Struck Pedestrian,2,Tuesday,100,PED NEAR SIDE. PED HIT BY VEHICLE FROM THE RIGHT.,1,687248,Not at intersection,2,50,Arterial Other,WICKLOW,MAROONDAH,-37.794895,145.28043,2021,6,June,8,Morning Peak,Weekday
T20210014495,2021-06-29,20:42:00,4,Collision with a fixed object,2,Tuesday,173,RIGHT OFF CARRIAGEWAY INTO OBJECT/PARKED VEHICLE,3,689015,Not at intersection,3,40,Arterial Other,TOORAK,MELBOURNE,-37.83739,144.9792,2021,6,June,20,Night,Weekday
T20210014423,2021-06-29,11:00:00,2,Struck Pedestrian,2,Tuesday,100,PED NEAR SIDE. PED HIT BY VEHICLE FROM THE RIGHT.,1,687139,T intersection,2,50,Local Road,TAYLORS,BRIMBANK,-37.727688,144.78493,2021,6,June,11,Midday,Weekday
T20210014291,2021-06-29,18:20:00,6,Vehicle overturned (no collision),2,Tuesday,184,OUT OF CONTROL ON CARRIAGEWAY (ON BEND),5,689178,Not at intersection,2,100,Local Road,WANGARATTA-KILFEERA,WANGARATTA,-36.504005,146.28079,2021,6,June,18,Afternoon Peak,Weekday
T20210014405,2021-06-29,10:42:00,1,Collision with vehicle,2,Tuesday,121,RIGHT THROUGH,1,687825,Not at intersection,2,60,Local Road,TAYLORS,BRIMBANK,-37.72745,144.78117,2021,6,June,10,Midday,Weekday
T20210014311,2021-06-29,21:30:00,8,No collision and no object struck,2,Tuesday,170,OFF CARRIAGEWAY TO LEFT,3,686713,Not at intersection,2,50,Local Road,GAMALITE,MELTON,-37.66674,144.56436,2021,6,June,21,Night,Weekday
T20210014293,2021-06-29,15:30:00,1,Collision with vehicle,2,Tuesday,130,REAR END(VEHICLES IN SAME LANE),1,690188,Not at intersection,2,100,Freeway,WESTERN RING,HUME,-37.693504,144.93475,2021,6,June,15,Afternoon Peak,Weekday
T20210014257,2021-06-29,14:50:00,1,Collision with vehicle,2,Tuesday,120,HEAD ON (NOT OVERTAKING),1,700652,Not at intersection,2,70,Arterial Other,LYSTERFIELD,YARRA RANGES,-37.91981,145.3005,2021,6,June,14,Midday,Weekday
T20210014255,2021-06-29,14:50:00,1,Collision with vehicle,2,Tuesday,121,RIGHT THROUGH,1,166,Cross intersection,3,60,Local Road,FORSYTH,WYNDHAM,-37.867348,144.73453,2021,6,June,14,Midday,Weekday
T20210014254,2021-06-29,12:30:00,4,Collision with a fixed object,2,Tuesday,181,OFF RIGHT BEND INTO OBJECT/PARKED VEHICLE,1,688944,Not at intersection,3,100,Local Road,BEVERLEYS,WELLINGTON,-37.75658,147.25687,2021,6,June,12,Midday,Weekday
T20210015298,2021-06-29,14:00:00,8,No collision and no object struck,2,Tuesday,184,OUT OF CONTROL ON CARRIAGEWAY (ON BEND),1,687882,Not at intersection,3,100,Local Road,EILDON-JAMIESON,MANSFIELD,-37.281918,146.11627,2021,6,June,14,Midday,Weekday
T20210022569,2021-06-29,19:00:00,7,Fall from or in moving vehicle,2,Tuesday,190,FELL IN/FROM VEHICLE,5,719888,Not at intersection,2,60,Local Road,STATION,KINGSTON,-38.05213,145.11635,2021,6,June,19,Night,Weekday
T20210014252,2021-06-29,11:00:00,4,Collision with a fixed object,2,Tuesday,181,OFF RIGHT BEND INTO OBJECT/PARKED VEHICLE,1,689081,Not at intersection,3,100,Local Road,FORGE CREEK,EAST GIPPSLAND,-37.858875,147.60472,2021,6,June,11,Midday,Weekday
T20210014251,2021-06-29,09:40:00,4,Collision with a fixed object,2,Tuesday,181,OFF RIGHT BEND INTO OBJECT/PARKED VEHICLE,1,686958,Not at intersection,2,60,Local Road,DUNBLANE,DANDENONG,-37.957146,145.18153,2021,6,June,9,Morning Peak,Weekday
T20210014248,2021-06-29,07:31:00,2,Struck Pedestrian,2,Tuesday,102,FAR SIDE. PED HIT BY VEHICLE FROM THE LEFT,2,307522,T intersection,1,60,Local Road,JETTY,GEELONG,-38.16402,144.55412,2021,6,June,7,Morning Peak,Weekday
T20210014245,2021-06-29,10:35:00,2,Struck Pedestrian,2,Tuesday,103,PED PLAYING/LYING/WORKING/STANDING ON CARRIAGEWAY.,1,686708,Not at intersection,3,50,Local Road,GELLIBRAND,BOROONDARA,-37.8089,145.03235,2021,6,June,10,Midday,Weekday
T20210014295,2021-06-29,22:50:00,1,Collision with vehicle,2,Tuesday,113,RIGHT NEAR (INTERSECTIONS ONLY),3,687247,T intersection,3,50,Local Road,ALMA,PORT PHILLIP,-37.862286,144.99802,2021,6,June,22,Night,Weekday
T20210016183,2021-06-29,15:45:00,1,Collision with vehicle,2,Tuesday,130,REAR END(VEHICLES IN SAME LANE),1,712592,Not at intersection,3,80,Arterial Highway,STUD,DANDENONG,-37.95559,145.2264,2021,6,June,15,Afternoon Peak,Weekday
T20210014202,2021-06-29,00:22:00,4,Collision with a fixed object,2,Tuesday,173,RIGHT OFF CARRIAGEWAY INTO OBJECT/PARKED VEHICLE,3,709799,Not at intersection,2,80,Local Road,WANGANUI,SHEPPARTON,-36.34722,145.40205,2021,6,June,0,Late Night,Weekday
T20210014258,2021-06-29,15:14:00,4,Collision with a fixed object,2,Tuesday,171,LEFT OFF CARRIAGEWAY INTO OBJECT/PARKED VEHICLE,1,691182,Not at intersection,3,100,Arterial Other,DARLINGTON-CAMPERDOWN,CORANGAMITE,-38.206223,143.10847,2021,6,June,15,Afternoon Peak,Weekday
T20210014237,2021-06-29,11:35:00,1,Collision with vehicle,2,Tuesday,130,REAR END(VEHICLES IN SAME LANE),1,730736,Not at intersection,2,60,Local Road,KENSINGTON,MELBOURNE,-37.79564,144.92506,2021,6,June,11,Midday,Weekday
T20210014282,2021-06-29,18:30:00,4,Collision with a fixed object,2,Tuesday,171,LEFT OFF CARRIAGEWAY INTO OBJECT/PARKED VEHICLE,5,700504,Not at intersection,3,100,Local Road,WOORINEN-VINIFERA,SWAN HILL,-35.2477,143.41476,2021,6,June,18,Afternoon Peak,Weekday
T20210014284,2021-06-29,18:40:00,1,Collision with vehicle,2,Tuesday,147,VEHICLE STRIKES ANOTHER VEH WHILE EMERGING FROM DRIVEWAY,3,693671,Not at intersection,2,50,Local Road,CLARET ASH,MELTON,-37.667202,144.54738,2021,6,June,18,Afternoon Peak,Weekday
T20210014342,2021-06-30,13:44:00,1,Collision with vehicle,3,Wednesday,110,CROSS TRAFFIC(INTERSECTIONS ONLY),1,53005,Cross intersection,3,50,Local Road,BEVERIN,BALLARAT,-37.59277,143.83966,2021,6,June,13,Midday,Weekday
T20210014343,2021-06-30,08:23:00,1,Collision with vehicle,3,Wednesday,130,REAR END(VEHICLES IN SAME LANE),1,686960,Not at intersection,3,100,Freeway,WESTERN,MELTON,-37.788303,144.7488,2021,6,June,8,Morning Peak,Weekday
T20210014345,2021-06-30,10:00:00,1,Collision with vehicle,3,Wednesday,139,OTHER SAME DIRECTION-MANOUEVRES NOT INCLUDED IN DCAs 130-137,1,688131,Not at intersection,3,60,Local Road,THAMES,KINGSTON,-38.045357,145.13623,2021,6,June,10,Midday,Weekday
T20210014956,2021-06-30,13:51:00,1,Collision with vehicle,3,Wednesday,130,REAR END(VEHICLES IN SAME LANE),1,687322,Not at intersection,3,60,Local Road,HOWARD,BENDIGO,-36.70514,144.31604,2021,6,June,13,Midday,Weekday
T20210014347,2021-06-30,15:10:00,1,Collision with vehicle,3,Wednesday,148,VEHICLE OFF FOOTPATH STRIKES VEH ON CARRIAGEWAY,1,687417,Not at intersection,2,80,Arterial Highway,FRANKSTON-DANDENONG,FRANKSTON,-38.1126,145.15767,2021,6,June,15,Afternoon Peak,Weekday
T20210014349,2021-06-30,12:37:00,1,Collision with vehicle,3,Wednesday,113,RIGHT NEAR (INTERSECTIONS ONLY),1,596,T intersection,2,70,Arterial Highway,DANDENONG,GLEN EIRA,-37.8713,145.03552,2021,6,June,12,Midday,Weekday
T20210014351,2021-06-30,14:02:00,1,Collision with vehicle,3,Wednesday,152,PULLING OUT (OVERTAKING),1,686858,Not at intersection,3,100,Arterial Other,BENALLA-TOCUMWAL,MOIRA,-36.029938,145.6576,2021,6,June,14,Midday,Weekday
T20210022649,2021-06-30,12:35:00,1,Collision with vehicle,3,Wednesday,132,RIGHT REAR.,1,696856,Not at intersection,2,100,Arterial Other,TIMBOON-COLAC,CORANGAMITE,-38.46841,143.00342,2021,6,June,12,Midday,Weekday
T20210014382,2021-06-30,06:00:00,1,Collision with vehicle,3,Wednesday,133,LANE SIDE SWIPE (VEHICLES IN PARALLEL LANES),3,688304,Not at intersection,2,60,Arterial Other,MARINE,PORT PHILLIP,-37.873684,144.97665,2021,6,June,6,Morning Peak,Weekday
T20210014373,2021-06-30,19:10:00,1,Collision with vehicle,3,Wednesday,121,RIGHT THROUGH,3,44594,Cross intersection,3,60,Arterial Highway,SKIPTON,BALLARAT,-37.579613,143.84206,2021,6,June,19,Night,Weekday
T20210014370,2021-06-30,15:37:00,2,Struck Pedestrian,3,Wednesday,107,PED ON FOOTHPATH STRUCK BY VEHENTERING/LEAVING DRIVEWAY.,1,691177,Not at intersection,2,50,Local Road,BARTON,GEELONG,-38.105972,144.33385,2021,6,June,15,Afternoon Peak,Weekday