ACCIDENT_NO,ACCIDENT_DATE,ACCIDENT_TIME,ACCIDENT_TYPE,ACCIDENT_TYPE_DESC,DAY_OF_WEEK,DAY_WEEK_DESC,DCA_CODE,DCA_DESC,LIGHT_CONDITION,NODE_ID,ROAD_GEOMETRY_DESC,SEVERITY,SPEED_ZONE,RMA,ROAD_NAME,LGA_NAME,LATITUDE,LONGITUDE,YEAR,MONTH,MONTH_NAME,HOUR,TIME_PERIOD,DAY_TYPE
T20210014365,2021-06-30,15:35:00,1,Collision with vehicle,3,Wednesday,130,REAR END(VEHICLES IN SAME LANE),1,762566,T intersection,2,100,Arterial Highway,FENWICK,GEELONG,-38.203323,144.499,2021,6,June,15,Afternoon Peak,Weekday
T20210014363,2021-06-30,14:38:00,1,Collision with vehicle,3,Wednesday,110,CROSS TRAFFIC(INTERSECTIONS ONLY),1,692,Cross intersection,1,50,Local Road,CENTRE,HUME,-37.673004,144.8521,2021,6,June,14,Midday,Weekday
T20210014298,2021-06-30,01:30:00,4,Collision with a fixed object,3,Wednesday,173,RIGHT OFF CARRIAGEWAY INTO OBJECT/PARKED VEHICLE,3,688358,Not at intersection,2,50,Local Road,GEOFFREY,YARRA RANGES,-37.807957,145.3248,2021,6,June,1,Late Night,Weekday
T20210014300,2021-06-30,01:01:00,4,Collision with a fixed object,3,Wednesday,171,LEFT OFF CARRIAGEWAY INTO OBJECT/PARKED VEHICLE,3,693468,Not at intersection,2,50,Local Road,PERCY,GLENELG,-38.340454,141.60402,2021,6,June,1,Late Night,Weekday
T20210015748,2021-06-30,20:05:00,1,Collision with vehicle,3,Wednesday,131,LEFT REAR,9,36796,Cross intersection,3,50,Arterial Other,NARRE WARREN NORTH,CASEY,-38.013874,145.3092,2021,6,June,20,Night,Weekday
T20210014452,2021-06-30,17:30:00,1,Collision with vehicle,3,Wednesday,120,HEAD ON (NOT OVERTAKING),6,689928,T intersection,3,50,Local Road,SCORPIO,LATROBE,-38.193638,146.24725,2021,6,June,17,Afternoon Peak,Weekday
T20210014362,2021-06-30,16:07:00,8,No collision and no object struck,3,Wednesday,170,OFF CARRIAGEWAY TO LEFT,1,69095,T intersection,2,50,Local Road,ANDREW,MONASH,-37.90539,145.0946,2021,6,June,16,Afternoon Peak,Weekday
T20210014361,2021-06-30,17:10:00,1,Collision with vehicle,3,Wednesday,148,VEHICLE OFF FOOTPATH STRIKES VEH ON CARRIAGEWAY,3,355335,Not at intersection,3,60,Local Road,LYGON,MORELAND,-37.77905,144.97057,2021,6,June,17,Afternoon Peak,Weekday
T20210014360,2021-06-30,16:30:00,1,Collision with vehicle,3,Wednesday,121,RIGHT THROUGH,9,63223,T intersection,3,50,Local Road,BRAEMAR,MORELAND,-37.746708,144.9459,2021,6,June,16,Afternoon Peak,Weekday
T20210014309,2021-06-30,06:30:00,1,Collision with vehicle,3,Wednesday,121,RIGHT THROUGH,3,29635,Multiple intersection,2,60,Arterial Highway,BRIGHTON,GLEN EIRA,-37.883503,144.99675,2021,6,June,6,Morning Peak,Weekday
T20210014310,2021-06-30,07:35:00,4,Collision with a fixed object,3,Wednesday,173,RIGHT OFF CARRIAGEWAY INTO OBJECT/PARKED VEHICLE,1,781199,Not at intersection,3,100,Freeway,PRINCES,WYNDHAM,-37.903545,144.69945,2021,6,June,7,Morning Peak,Weekday
T20210014334,2021-06-30,13:00:00,1,Collision with vehicle,3,Wednesday,110,CROSS TRAFFIC(INTERSECTIONS ONLY),1,49410,Cross intersection,2,50,Local Road,GRANT,COLAC OTWAY,-38.33628,143.58156,2021,6,June,13,Midday,Weekday
T20210014392,2021-06-30,22:27:00,1,Collision with vehicle,3,Wednesday,133,LANE SIDE SWIPE (VEHICLES IN PARALLEL LANES),3,730740,T intersection,3,40,Arterial Other,TOORAK,MELBOURNE,-37.83725,144.9781,2021,6,June,22,Night,Weekday
T20210014407,2021-06-30,05:30:00,1,Collision with vehicle,3,Wednesday,130,REAR END(VEHICLES IN SAME LANE),2,686813,Unknown,3,100,Freeway,MONASH,CASEY,-38.0222,145.31401,2021,6,June,5,Morning Peak,Weekday
T20210014408,2021-06-30,14:20:00,1,Collision with vehicle,3,Wednesday,130,REAR END(VEHICLES IN SAME LANE),1,686863,Not at intersection,3,70,Local Road,ORMOND,GEELONG,-38.15603,144.37263,2021,6,June,14,Midday,Weekday
T20210014739,2021-06-30,18:55:00,1,Collision with vehicle,3,Wednesday,140,U TURN,3,691763,Not at intersection,3,60,Local Road,KOORLONG,MILDURA,-34.23401,142.17259,2021,6,June,18,Afternoon Peak,Weekday
T20210014426,2021-06-30,17:26:00,1,Collision with vehicle,3,Wednesday,110,CROSS TRAFFIC(INTERSECTIONS ONLY),1,43788,Cross intersection,3,60,Arterial Other,CLEGG,YARRA RANGES,-37.782345,145.41853,2021,6,June,17,Afternoon Peak,Weekday
T20210014417,2021-06-30,12:21:00,1,Collision with vehicle,3,Wednesday,160,VEHICLE COLLIDES WITH VEHICLE PARKED ON LEFT OF ROAD,1,89076,T intersection,2,60,Local Road,EASTFIELD,MAROONDAH,-37.810265,145.26732,2021,6,June,12,Midday,Weekday
T20210014355,2021-06-30,15:37:00,1,Collision with vehicle,3,Wednesday,160,VEHICLE COLLIDES WITH VEHICLE PARKED ON LEFT OF ROAD,1,688181,Not at intersection,1,60,Arterial Other,BEACH,BAYSIDE,-37.935696,144.99654,2021,6,June,15,Afternoon Peak,Weekday
T20210014359,2021-06-30,16:40:00,1,Collision with vehicle,3,Wednesday,136,RIGHT TURN SIDESWIPE,1,47648,T intersection,2,50,Local Road,INGLES,PORT PHILLIP,-37.83083,144.9438,2021,6,June,16,Afternoon Peak,Weekday
T20220016964,2021-06-30,17:45:00,1,Collision with vehicle,3,Wednesday,147,VEHICLE STRIKES ANOTHER VEH WHILE EMERGING FROM DRIVEWAY,3,781265,Not at intersection,3,60,Arterial Other,GRIMSHAW,BANYULE,-37.70142,145.073,2021,6,June,17,Afternoon Peak,Weekday
T20210015359,2021-06-30,06:15:00,1,Collision with vehicle,3,Wednesday,130,REAR END(VEHICLES IN SAME LANE),5,687803,Not at intersection,3,100,Freeway,WESTERN,MELTON,-37.75219,144.72762,2021,6,June,6,Morning Peak,Weekday
T20210014449,2021-06-30,07:00:00,1,Collision with vehicle,3,Wednesday,130,REAR END(VEHICLES IN SAME LANE),2,355452,Cross intersection,3,80,Arterial Highway,THOMPSONS,CASEY,-38.08226,145.27632,2021,6,June,7,Morning Peak,Weekday
T20210014358,2021-06-30,16:00:00,1,Collision with vehicle,3,Wednesday,135,LANE CHANGE LEFT (NOT OVERTAKING),2,689099,Not at intersection,3,100,Freeway,HUME,WHITTLESEA,-37.661762,144.98499,2021,6,June,16,Afternoon Peak,Weekday
T20210014380,2021-06-30,18:10:00,2,Struck Pedestrian,3,Wednesday,100,PED NEAR SIDE. PED HIT BY VEHICLE FROM THE RIGHT.,3,687098,Not at intersection,2,60,Local Road,HOPETOUN,WARRNAMBOOL,-38.371277,142.47313,2021,6,June,18,Afternoon Peak,Weekday
T20210014378,2021-06-30,16:56:00,1,Collision with vehicle,3,Wednesday,160,VEHICLE COLLIDES WITH VEHICLE PARKED ON LEFT OF ROAD,1,779963,Not at intersection,3,60,Arterial Highway,WYNDHAM,SHEPPARTON,-36.371696,145.40126,2021,6,June,16,Afternoon Peak,Weekday
T20210014374,2021-06-30,18:25:00,1,Collision with vehicle,3,Wednesday,140,U TURN,3,784570,Not at intersection,2,60,Arterial Highway,BRIGHTON,PORT PHILLIP,-37.87113,144.98903,2021,6,June,18,Afternoon Peak,Weekday
T20210014317,2021-06-30,08:05:00,4,Collision with a fixed object,3,Wednesday,171,LEFT OFF CARRIAGEWAY INTO OBJECT/PARKED VEHICLE,1,781200,Not at intersection,3,100,Arterial Other,BARNAWARTHA,INDIGO,-36.0283,146.64163,2021,6,June,8,Morning Peak,Weekday
T20210014319,2021-06-30,07:50:00,3,Struck animal,3,Wednesday,167,STRUCK ANIMAL,1,686862,Not at intersection,2,100,Arterial Other,OAKLANDS,HUME,-37.640003,144.8346,2021,6,June,7,Morning Peak,Weekday
T20210014324,2021-06-30,08:15:00,1,Collision with vehicle,3,Wednesday,121,RIGHT THROUGH,1,64236,T intersection,2,60,Arterial Other,BRUNSWICK,MORELAND,-37.77619,144.95293,2021,6,June,8,Morning Peak,Weekday
T20210014325,2021-06-30,11:15:00,1,Collision with vehicle,3,Wednesday,113,RIGHT NEAR (INTERSECTIONS ONLY),1,781195,T intersection,3,60,Freeway,STRZELECKI,LATROBE,-38.235134,146.37257,2021,6,June,11,Midday,Weekday
T20210014326,2021-06-30,11:00:00,1,Collision with vehicle,3,Wednesday,110,CROSS TRAFFIC(INTERSECTIONS ONLY),1,70650,Cross intersection,2,100,Local Road,FARRARS,GEELONG,-37.986053,144.459,2021,6,June,11,Midday,Weekday
T20210014328,2021-06-30,10:00:00,5,collision with some other object,3,Wednesday,166,STRUCK OBJECT ON CARRIAGEWAY,1,686714,Not at intersection,3,80,Arterial Other,WESTALL,DANDENONG,-37.94532,145.13971,2021,6,June,10,Midday,Weekday
T20210015009,2021-06-30,15:25:00,1,Collision with vehicle,3,Wednesday,130,REAR END(VEHICLES IN SAME LANE),1,687551,Not at intersection,3,60,Arterial Other,PASCOE VALE,MOONEE VALLEY,-37.74471,144.9272,2021,6,June,15,Afternoon Peak,Weekday
T20210014330,2021-06-30,10:30:00,2,Struck Pedestrian,3,Wednesday,103,PED PLAYING/LYING/WORKING/STANDING ON CARRIAGEWAY.,1,232095,T intersection,3,50,Local Road,ALBERT,KINGSTON,-38.005188,145.08713,2021,6,June,10,Midday,Weekday
T20210014337,2021-06-30,13:32:00,1,Collision with vehicle,3,Wednesday,116,LEFT NEAR (INTERSECTIONS ONLY),1,29533,T intersection,2,60,Arterial Other,POWER,BOROONDARA,-37.817207,145.0272,2021,6,June,13,Midday,Weekday
T20210014339,2021-06-30,08:00:00,1,Collision with vehicle,3,Wednesday,130,REAR END(VEHICLES IN SAME LANE),2,690499,Not at intersection,2,80,Arterial Highway,SOUTH GIPPSLAND,CASEY,-38.056686,145.26164,2021,6,June,8,Morning Peak,Weekday
T20210014443,2021-07-01,13:15:00,4,Collision with a fixed object,4,Thursday,171,LEFT OFF CARRIAGEWAY INTO OBJECT/PARKED VEHICLE,1,690558,Not at intersection,3,100,Local Road,DARRAGAN PIT,HORSHAM,-36.79712,142.02473,2021,7,July,13,Midday,Weekday
T20210014403,2021-07-01,07:27:00,1,Collision with vehicle,4,Thursday,140,U TURN,1,690402,Not at intersection,2,60,Arterial Other,DALTON,WHITTLESEA,-37.694725,145.02348,2021,7,July,7,Morning Peak,Weekday
T20210014398,2021-07-01,01:40:00,1,Collision with vehicle,4,Thursday,140,U TURN,3,686717,T intersection,1,80,Local Road,THOMPSONS,CASEY,-38.08376,145.28839,2021,7,July,1,Late Night,Weekday
T20210014935,2021-07-01,18:00:00,1,Collision with vehicle,4,Thursday,130,REAR END(VEHICLES IN SAME LANE),3,45035,T intersection,3,60,Arterial Other,ANDERSON,BRIMBANK,-37.78407,144.82755,2021,7,July,18,Afternoon Peak,Weekday
T20210014397,2021-07-01,09:40:00,2,Struck Pedestrian,4,Thursday,100,PED NEAR SIDE. PED HIT BY VEHICLE FROM THE RIGHT.,9,690262,Cross intersection,2,40,Local Road,LA TROBE,MELBOURNE,-37.813137,144.95154,2021,7,July,9,Morning Peak,Weekday
T20210015063,2021-07-01,17:34:00,1,Collision with vehicle,4,Thursday,130,REAR END(VEHICLES IN SAME LANE),3,691872,Not at intersection,2,80,Freeway,TULLAMARINE,MOONEE VALLEY,-37.734924,144.89671,2021,7,July,17,Afternoon Peak,Weekday
T20210014396,2021-07-01,03:30:00,4,Collision with a fixed object,4,Thursday,183,OFF LEFT BEND INTO OBJECT/PARKED VEHICLE,3,690444,Not at intersection,3,70,Arterial Other,MT DANDENONG,MAROONDAH,-37.801826,145.25789,2021,7,July,3,Late Night,Weekday
T20210014395,2021-07-01,04:50:00,4,Collision with a fixed object,4,Thursday,175,OFF END OF ROAD/T-INTERSECTION.,3,45345,T intersection,3,100,Arterial Other,KOO WEE RUP-LONGWARRY,CARDINIA,-38.185284,145.61894,2021,7,July,4,Late Night,Weekday
T20210014472,2021-07-01,19:10:00,1,Collision with vehicle,4,Thursday,132,RIGHT REAR.,3,686817,T intersection,3,60,Arterial Highway,WARRIGAL,MONASH,-37.918198,145.08357,2021,7,July,19,Night,Weekday
T20210016311,2021-07-01,15:20:00,1,Collision with vehicle,4,Thursday,110,CROSS TRAFFIC(INTERSECTIONS ONLY),1,55210,Cross intersection,3,60,Local Road,DANA,BALLARAT,-37.564526,143.86032,2021,7,July,15,Afternoon Peak,Weekday
T20210014420,2021-07-01,11:20:00,4,Collision with a fixed object,4,Thursday,171,LEFT OFF CARRIAGEWAY INTO OBJECT/PARKED VEHICLE,1,686961,Not at intersection,3,100,Local Road,DOUTHIE,YARRA RANGES,-37.80692,145.50209,2021,7,July,11,Midday,Weekday
T20210015044,2021-07-01,20:20:00,1,Collision with vehicle,4,Thursday,146,REVERSING INTO FIXED OBJECT/PARKED VEHICLE,3,693182,Not at intersection,3,70,Arterial Other,SOUTH,GLEN EIRA,-37.935604,145.05582,2021,7,July,20,Night,Weekday
T20210014467,2021-07-01,16:30:00,1,Collision with vehicle,4,Thursday,130,REAR END(VEHICLES IN SAME LANE),1,687252,T intersection,2,90,Arterial Highway,DANDENONG-HASTINGS,DANDENONG,-38.055298,145.24365,2021,7,July,16,Afternoon Peak,Weekday
T20210014807,2021-07-01,19:20:00,1,Collision with vehicle,4,Thursday,113,RIGHT NEAR (INTERSECTIONS ONLY),6,46193,T intersection,2,60,Local Road,MAIN,CARDINIA,-38.071682,145.47519,2021,7,July,19,Night,Weekday
T20210014439,2021-07-01,13:35:00,1,Collision with vehicle,4,Thursday,130,REAR END(VEHICLES IN SAME LANE),1,768891,Not at intersection,3,70,Arterial Highway,PLENTY,DAREBIN,-37.70055,145.05797,2021,7,July,13,Midday,Weekday
T20210016676,2021-07-01,12:00:00,1,Collision with vehicle,4,Thursday,130,REAR END(VEHICLES IN SAME LANE),1,689937,Multiple intersection,3,80,Arterial Highway,BALLARAT ROAD -GEELONG,MARIBYRNONG,-37.794502,144.90048,2021,7,July,12,Midday,Weekday
T20210014416,2021-07-01,08:30:00,1,Collision with vehicle,4,Thursday,130,REAR END(VEHICLES IN SAME LANE),1,689083,Not at intersection,3,60,Local Road,TINKS,CASEY,-38.001503,145.29318,2021,7,July,8,Morning Peak,Weekday
T20210014454,2021-07-01,15:30:00,1,Collision with vehicle,4,Thursday,121,RIGHT THROUGH,1,66954,T intersection,2,60,Local Road,BARNES,HOBSONS BAY,-37.842365,144.84138,2021,7,July,15,Afternoon Peak,Weekday
T20210017401,2021-07-01,13:50:00,1,Collision with vehicle,4,Thursday,146,REVERSING INTO FIXED OBJECT/PARKED VEHICLE,1,63216,T intersection,3,50,Local Road,GREVILLE,BANYULE,-37.746326,145.07697,2021,7,July,13,Midday,Weekday
T20210014466,2021-07-01,18:12:00,4,Collision with a fixed object,4,Thursday,171,LEFT OFF CARRIAGEWAY INTO OBJECT/PARKED VEHICLE,5,687631,Not at intersection,3,80,Local Road,BRIDGE INN,WHITTLESEA,-37.596466,145.05908,2021,7,July,18,Afternoon Peak,Weekday
T20210014391,2021-07-01,03:19:00,4,Collision with a fixed object,4,Thursday,173,RIGHT OFF CARRIAGEWAY INTO OBJECT/PARKED VEHICLE,3,689739,Not at intersection,3,80,Arterial Highway,WHITEHORSE,WHITEHORSE,-37.81647,145.20503,2021,7,July,3,Late Night,Weekday
T20210014419,2021-07-01,09:02:00,1,Collision with vehicle,4,Thursday,130,REAR END(VEHICLES IN SAME LANE),1,35529,T intersection,3,60,Arterial Other,CANTERBURY,WHITEHORSE,-37.832333,145.15227,2021,7,July,9,Morning Peak,Weekday
T20210014464,2021-07-01,15:54:00,1,Collision with vehicle,4,Thursday,160,VEHICLE COLLIDES WITH VEHICLE PARKED ON LEFT OF ROAD,1,693209,Not at intersection,3,50,Local Road,DILOP,WHITTLESEA,-37.643497,145.0201,2021,7,July,15,Afternoon Peak,Weekday
T20210014448,2021-07-01,14:22:00,1,Collision with vehicle,4,Thursday,121,RIGHT THROUGH,1,687103,Cross intersection,2,70,Arterial Highway,BALLARAT,GEELONG,-38.11866,144.33264,2021,7,July,14,Midday,Weekday
T20210014463,2021-07-01,14:27:00,6,Vehicle overturned (no collision),4,Thursday,174,OUT OF CONTROL ON CARRIAGEWAY (ON STRAIGHT),1,687251,T intersection,2,50,Local Road,JEFFREY,MONASH,-37.889313,145.13649,2021,7,July,14,Midday,Weekday
T20210014475,2021-07-01,17:30:00,1,Collision with vehicle,4,Thursday,121,RIGHT THROUGH,2,44934,T intersection,1,70,Arterial Other,BALLARAT,BRIMBANK,-37.77095,144.79767,2021,7,July,17,Afternoon Peak,Weekday
T20210014422,2021-07-01,10:26:00,1,Collision with vehicle,4,Thursday,121,RIGHT THROUGH,1,687250,Not at intersection,2,50,Local Road,CLARKE,MITCHELL,-37.286716,144.94789,2021,7,July,10,Midday,Weekday
T20210014425,2021-07-01,11:15:00,1,Collision with vehicle,4,Thursday,140,U TURN,1,687140,Not at intersection,3,60,Arterial Other,MCINTYRE,BRIMBANK,-37.75871,144.8321,2021,7,July,11,Midday,Weekday
T20210014477,2021-07-01,09:35:00,6,Vehicle overturned (no collision),4,Thursday,182,OFF CARRIAGEWAY ON LEFT BEND,1,690667,Not at intersection,1,100,Arterial Other,OMEO,EAST GIPPSLAND,-36.999798,147.54498,2021,7,July,9,Morning Peak,Weekday
T20210016214,2021-07-01,20:25:00,1,Collision with vehicle,4,Thursday,121,RIGHT THROUGH,3,353633,T intersection,3,80,Arterial Other,CRANBOURNE-FRANKSTON,CASEY,-38.109997,145.25334,2021,7,July,20,Night,Weekday
T20210015402,2021-07-01,16:30:00,1,Collision with vehicle,4,Thursday,113,RIGHT NEAR (INTERSECTIONS ONLY),1,607136,Cross intersection,3,80,Local Road,GOVE,DANDENONG,-37.93804,145.16208,2021,7,July,16,Afternoon Peak,Weekday
T20220019107,2021-07-01,11:45:00,8,No collision and no object struck,4,Thursday,174,OUT OF CONTROL ON CARRIAGEWAY (ON STRAIGHT),9,727444,Cross intersection,3,40,Arterial Other,CHURCH,YARRA,-37.818527,144.99918,2021,7,July,11,Midday,Weekday
T20210020371,2021-07-01,10:30:00,1,Collision with vehicle,4,Thursday,163,VEHICLE STRIKES DOOR OF PARKED/STATIONARY VEHICLE,1,779417,Not at intersection,3,50,Arterial Highway,POINT NEPEAN,MORNINGTON PENINSULA,-38.370934,144.82681,2021,7,July,10,Midday,Weekday
T20210014428,2021-07-01,08:50:00,1,Collision with vehicle,4,Thursday,130,REAR END(VEHICLES IN SAME LANE),1,74344,Not at intersection,3,60,Arterial Highway,SMITHFIELD,MELBOURNE,-37.78936,144.92268,2021,7,July,8,Morning Peak,Weekday
T20210014429,2021-07-01,12:37:00,1,Collision with vehicle,4,Thursday,110,CROSS TRAFFIC(INTERSECTIONS ONLY),1,52965,Cross intersection,3,60,Local Road,BARKLY,BALLARAT,-37.57596,143.8553,2021,7,July,12,Midday,Weekday
T20210015568,2021-07-01,21:15:00,1,Collision with vehicle,4,Thursday,120,HEAD ON (NOT OVERTAKING),3,42850,T intersection,3,80,Arterial Other,BOUNDARY,KINGSTON,-37.9909,145.1072,2021,7,July,21,Night,Weekday
T20210014556,2021-07-01,08:25:00,1,Collision with vehicle,4,Thursday,113,RIGHT NEAR (INTERSECTIONS ONLY),1,46857,Cross intersection,3,60,Arterial Highway,GEELONG,HOBSONS BAY,-37.820576,144.83546,2021,7,July,8,Morning Peak,Weekday
T20210014430,2021-07-01,11:51:00,1,Collision with vehicle,4,Thursday,111,RIGHT FAR (INTERSECTIONS ONLY),1,687296,Multiple intersection,3,100,Freeway,GOULBURN VALLEY,MITCHELL,-36.98075,145.14294,2021,7,July,11,Midday,Weekday
T20210014492,2021-07-01,05:53:00,1,Collision with vehicle,4,Thursday,134,LANE CHANGE RIGHT (NOT OVERTAKING),3,687943,Not at intersection,3,60,Local Road,DUNNINGS,WYNDHAM,-37.885067,144.73756,2021,7,July,5,Morning Peak,Weekday
T20210014434,2021-07-01,08:00:00,4,Collision with a fixed object,4,Thursday,181,OFF RIGHT BEND INTO OBJECT/PARKED VEHICLE,1,693275,T intersection,2,100,Arterial Other,BIRCHIP-WYCHEPROOF,BULOKE,-36.05064,143.07794,2021,7,July,8,Morning Peak,Weekday
T20210014479,2021-07-01,17:38:00,1,Collision with vehicle,4,Thursday,121,RIGHT THROUGH,2,233013,T intersection,2,80,Arterial Highway,FRANKSTON-DANDENONG,FRANKSTON,-38.11061,145.15952,2021,7,July,17,Afternoon Peak,Weekday
T20210014482,2021-07-01,22:30:00,1,Collision with vehicle,4,Thursday,121,RIGHT THROUGH,3,350186,Cross intersection,2,80,Arterial Highway,WELLINGTON,KNOX,-37.92803,145.23315,2021,7,July,22,Night,Weekday
T20210015162,2021-07-01,13:20:00,1,Collision with vehicle,4,Thursday,131,LEFT REAR,1,689507,Multiple intersection,3,60,Freeway,MORNINGTON PENINSULA,MORNINGTON PENINSULA,-38.369003,144.90947,2021,7,July,13,Midday,Weekday
T20210014545,2021-07-02,15:21:00,1,Collision with vehicle,5,Friday,111,RIGHT FAR (INTERSECTIONS ONLY),1,43197,T intersection,2,60,Local Road,LAWRENCE,KINGSTON,-38.026478,145.1019,2021,7,July,15,Afternoon Peak,Weekday
T20210014544,2021-07-02,17:20:00,1,Collision with vehicle,5,Friday,121,RIGHT THROUGH,3,687056,T intersection,2,80,Arterial Highway,PRINCES,DANDENONG,-37.95264,145.17824,2021,7,July,17,Afternoon Peak,Weekday
T20210014517,2021-07-02,10:35:00,4,Collision with a fixed object,5,Friday,171,LEFT OFF CARRIAGEWAY INTO OBJECT/PARKED VEHICLE,1,688388,Not at intersection,2,60,Local Road,WILSON,NILLUMBIK,-37.655994,145.1722,2021,7,July,10,Midday,Weekday
T20210014543,2021-07-02,18:20:00,2,Struck Pedestrian,5,Friday,102,FAR SIDE. PED HIT BY VEHICLE FROM THE LEFT,3,35676,Cross intersection,2,40,Arterial Highway,PALL MALL,BENDIGO,-36.758514,144.2801,2021,7,July,18,Afternoon Peak,Weekday
T20210014702,2021-07-02,20:00:00,1,Collision with vehicle,5,Friday,130,REAR END(VEHICLES IN SAME LANE),3,693672,Not at intersection,3,60,Arterial Other,CAMP,HUME,-37.685627,144.92273,2021,7,July,20,Night,Weekday
T20210014542,2021-07-02,17:40:00,1,Collision with vehicle,5,Friday,132,RIGHT REAR.,5,687419,Not at intersection,3,80,Arterial Highway,NEPEAN,MORNINGTON PENINSULA,-38.265034,145.03734,2021,7,July,17,Afternoon Peak,Weekday
T20210014540,2021-07-02,16:54:00,1,Collision with vehicle,5,Friday,130,REAR END(VEHICLES IN SAME LANE),2,687699,Not at intersection,2,50,Local Road,MCMILLAN,CAMPASPE,-36.143246,144.75659,2021,7,July,16,Afternoon Peak,Weekday
T20210017964,2021-07-02,17:45:00,1,Collision with vehicle,5,Friday,110,CROSS TRAFFIC(INTERSECTIONS ONLY),3,29359,Cross intersection,3,40,Local Road,DRUMMOND,YARRA,-37.781982,144.97162,2021,7,July,17,Afternoon Peak,Weekday
T20210014533,2021-07-02,13:20:00,1,Collision with vehicle,5,Friday,116,LEFT NEAR (INTERSECTIONS ONLY),1,296335,T intersection,3,80,Arterial Other,CRAIGIEBURN,WHITTLESEA,-37.604748,144.99036,2021,7,July,13,Midday,Weekday
T20210014573,2021-07-02,22:48:00,6,Vehicle overturned (no collision),5,Friday,184,OUT OF CONTROL ON CARRIAGEWAY (ON BEND),5,693558,Not at intersection,3,80,Arterial Other,EMERALD-MONBULK,CARDINIA,-37.922695,145.4429,2021,7,July,22,Night,Weekday
T20210016939,2021-07-02,16:30:00,1,Collision with vehicle,5,Friday,131,LEFT REAR,1,36022,Cross intersection,3,50,Arterial Other,HOLMES,MORELAND,-37.758762,144.9745,2021,7,July,16,Afternoon Peak,Weekday
T20210014515,2021-07-02,12:42:00,1,Collision with vehicle,5,Friday,130,REAR END(VEHICLES IN SAME LANE),1,687104,Not at intersection,3,60,Arterial Highway,PRINCES HIGHWAY,EAST GIPPSLAND,-37.82558,147.63655,2021,7,July,12,Midday,Weekday
T20210015859,2021-07-02,17:30:00,1,Collision with vehicle,5,Friday,142,LEAVING PARKING,1,688568,Not at intersection,3,40,Local Road,LONSDALE,MELBOURNE,-37.813663,144.9575,2021,7,July,17,Afternoon Peak,Weekday
T20210014497,2021-07-02,05:47:00,4,Collision with a fixed object,5,Friday,173,RIGHT OFF CARRIAGEWAY INTO OBJECT/PARKED VEHICLE,5,692205,Not at intersection,2,100,Local Road,FORGE CREEK,EAST GIPPSLAND,-37.901016,147.64134,2021,7,July,5,Morning Peak,Weekday
T20210014498,2021-07-02,08:23:00,6,Vehicle overturned (no collision),5,Friday,174,OUT OF CONTROL ON CARRIAGEWAY (ON STRAIGHT),1,50071,Cross intersection,2,60,Arterial Other,FYANS,GEELONG,-38.163815,144.36162,2021,7,July,8,Morning Peak,Weekday
T20210016001,2021-07-02,18:30:00,1,Collision with vehicle,5,Friday,132,RIGHT REAR.,2,38482,Cross intersection,3,70,Arterial Highway,MAIN,YARRA RANGES,-37.757526,145.35483,2021,7,July,18,Afternoon Peak,Weekday
T20210014500,2021-07-02,09:15:00,1,Collision with vehicle,5,Friday,113,RIGHT NEAR (INTERSECTIONS ONLY),1,64986,T intersection,3,60,Arterial Other,DONCASTER,BOROONDARA,-37.793774,145.08769,2021,7,July,9,Morning Peak,Weekday
T20210014577,2021-07-02,11:51:00,1,Collision with vehicle,5,Friday,121,RIGHT THROUGH,1,36160,Multiple intersection,3,60,Arterial Highway,NEPEAN,FRANKSTON,-38.145336,145.12013,2021,7,July,11,Midday,Weekday
T20210016306,2021-07-02,19:00:00,1,Collision with vehicle,5,Friday,140,U TURN,3,692212,Not at intersection,3,60,Arterial Other,ALEXANDRA,STONNINGTON,-37.83235,144.98956,2021,7,July,19,Night,Weekday
T20210016460,2021-07-02,08:38:00,1,Collision with vehicle,5,Friday,160,VEHICLE COLLIDES WITH VEHICLE PARKED ON LEFT OF ROAD,1,730805,Not at intersection,3,100,Arterial Highway,MURRAY VALLEY,SWAN HILL,-35.479248,143.68922,2021,7,July,8,Morning Peak,Weekday
T20210014841,2021-07-02,18:00:00,1,Collision with vehicle,5,Friday,133,LANE SIDE SWIPE (VEHICLES IN PARALLEL LANES),3,92082,Not at intersection,3,60,Arterial Other,CAMBERWELL,BOROONDARA,-37.8478,145.07542,2021,7,July,18,Afternoon Peak,Weekday
T20210014513,2021-07-02,12:30:00,2,Struck Pedestrian,5,Friday,101,PED EMERGES FROM IN FRONT OF PARKED OR STATIONARY VEHICLE,1,687632,Not at intersection,3,50,Arterial Other,BELMORE,MOIRA,-36.014187,146.00458,2021,7,July,12,Midday,Weekday
T20210014486,2021-07-02,02:55:00,3,Struck animal,5,Friday,167,STRUCK ANIMAL,5,687144,Not at intersection,3,50,Local Road,VAINS,BENDIGO,-36.782425,144.26967,2021,7,July,2,Late Night,Weekday
T20210014568,2021-07-02,22:52:00,4,Collision with a fixed object,5,Friday,173,RIGHT OFF CARRIAGEWAY INTO OBJECT/PARKED VEHICLE,3,690248,Not at intersection,3,100,Freeway,PRINCES,CARDINIA,-38.073875,145.66946,2021,7,July,22,Night,Weekday
T20210014838,2021-07-02,10:00:00,1,Collision with vehicle,5,Friday,130,REAR END(VEHICLES IN SAME LANE),1,687947,Not at intersection,3,60,Arterial Highway,SMITHFIELD,MELBOURNE,-37.791405,144.91946,2021,7,July,10,Midday,Weekday
T20210016394,2021-07-02,15:10:00,1,Collision with vehicle,5,Friday,130,REAR END(VEHICLES IN SAME LANE),1,730800,Not at intersection,3,60,Arterial Highway,EAGLEHAWK,BENDIGO,-36.75584,144.26492,2021,7,July,15,Afternoon Peak,Weekday