ACCIDENT_NO,ACCIDENT_DATE,ACCIDENT_TIME,ACCIDENT_TYPE,ACCIDENT_TYPE_DESC,DAY_OF_WEEK,DAY_WEEK_DESC,DCA_CODE,DCA_DESC,LIGHT_CONDITION,NODE_ID,ROAD_GEOMETRY_DESC,SEVERITY,SPEED_ZONE,RMA,ROAD_NAME,LGA_NAME,LATITUDE,LONGITUDE,YEAR,MONTH,MONTH_NAME,HOUR,TIME_PERIOD,DAY_TYPE
T20210014559,2021-07-02,21:30:00,1,Collision with vehicle,5,Friday,110,CROSS TRAFFIC(INTERSECTIONS ONLY),3,610123,Cross intersection,2,60,Arterial Other,BERWICK-CRANBOURNE ROAD -CLYDE,CASEY,-38.074493,145.33534,2021,7,July,21,Night,Weekday
T20210014624,2021-07-02,13:30:00,1,Collision with vehicle,5,Friday,130,REAR END(VEHICLES IN SAME LANE),1,690847,Not at intersection,2,100,Freeway,PRINCES,CARDINIA,-38.075706,145.53473,2021,7,July,13,Midday,Weekday
T20210014558,2021-07-02,15:50:00,1,Collision with vehicle,5,Friday,148,VEHICLE OFF FOOTPATH STRIKES VEH ON CARRIAGEWAY,1,45763,T intersection,3,60,Arterial Other,BROADWAY  -HIGH,DAREBIN,-37.71671,145.00755,2021,7,July,15,Afternoon Peak,Weekday
T20210014585,2021-07-02,06:50:00,1,Collision with vehicle,5,Friday,130,REAR END(VEHICLES IN SAME LANE),3,687255,Not at intersection,3,60,Arterial Highway,WARRIGAL,MONASH,-37.855858,145.09465,2021,7,July,6,Morning Peak,Weekday
T20210014712,2021-07-02,14:03:00,1,Collision with vehicle,5,Friday,130,REAR END(VEHICLES IN SAME LANE),1,687678,Not at intersection,3,70,Arterial Highway,BULLEEN,MANNINGHAM,-37.776962,145.07877,2021,7,July,14,Midday,Weekday
T20210015897,2021-07-02,16:00:00,1,Collision with vehicle,5,Friday,130,REAR END(VEHICLES IN SAME LANE),1,688337,Not at intersection,3,60,Freeway,WESTERN RING OUT-SUNSHINE,BRIMBANK,-37.749977,144.83157,2021,7,July,16,Afternoon Peak,Weekday
T20210014594,2021-07-02,12:30:00,2,Struck Pedestrian,5,Friday,109,ANY MANOEUVRE INVOLVING PED NOT INCLUDED IN DCAs 100-108.,1,688484,T intersection,2,50,Local Road,COOMOORA,DANDENONG,-37.982777,145.15163,2021,7,July,12,Midday,Weekday
T20210014567,2021-07-02,22:00:00,1,Collision with vehicle,5,Friday,121,RIGHT THROUGH,3,354466,Cross intersection,3,60,Arterial Highway,MURRAY,DAREBIN,-37.740143,145.0235,2021,7,July,22,Night,Weekday
T20210015896,2021-07-02,10:00:00,8,No collision and no object struck,5,Friday,174,OUT OF CONTROL ON CARRIAGEWAY (ON STRAIGHT),1,234848,T intersection,3,40,Local Road,DIGGERS REST-COIMADAI,MELTON,-37.62628,144.71954,2021,7,July,10,Midday,Weekday
T20210014603,2021-07-02,21:25:00,1,Collision with vehicle,5,Friday,121,RIGHT THROUGH,3,39491,Cross intersection,3,60,Arterial Other,MITCHAM,MANNINGHAM,-37.796482,145.17915,2021,7,July,21,Night,Weekday
T20210022146,2021-07-02,18:00:00,1,Collision with vehicle,5,Friday,130,REAR END(VEHICLES IN SAME LANE),5,701042,Not at intersection,3,100,Freeway,EASTLINK,MANNINGHAM,-37.803913,145.17682,2021,7,July,18,Afternoon Peak,Weekday
T20210016313,2021-07-02,14:00:00,1,Collision with vehicle,5,Friday,144,PARKED VEHICLES ONLY,1,688866,Not at intersection,3,50,Local Road,SELKIRK,KNOX,-37.842674,145.22968,2021,7,July,14,Midday,Weekday
T20210015378,2021-07-02,15:30:00,1,Collision with vehicle,5,Friday,147,VEHICLE STRIKES ANOTHER VEH WHILE EMERGING FROM DRIVEWAY,1,689931,Not at intersection,3,50,Local Road,ESSINGTON,GEELONG,-38.19861,144.34459,2021,7,July,15,Afternoon Peak,Weekday
T20210014512,2021-07-02,10:39:00,9,Other accident,5,Friday,173,RIGHT OFF CARRIAGEWAY INTO OBJECT/PARKED VEHICLE,1,687945,Not at intersection,3,80,Arterial Highway,HENTY,HORSHAM,-36.65916,142.25653,2021,7,July,10,Midday,Weekday
T20210014510,2021-07-02,11:33:00,1,Collision with vehicle,5,Friday,121,RIGHT THROUGH,1,32382,T intersection,3,80,Arterial Highway,BURWOOD,KNOX,-37.86961,145.23772,2021,7,July,11,Midday,Weekday
T20210014514,2021-07-02,11:20:00,1,Collision with vehicle,5,Friday,148,VEHICLE OFF FOOTPATH STRIKES VEH ON CARRIAGEWAY,1,60352,T intersection,3,60,Arterial Highway,CAMPBELL,ARARAT,-37.281097,142.93524,2021,7,July,11,Midday,Weekday
T20210015386,2021-07-02,15:55:00,1,Collision with vehicle,5,Friday,130,REAR END(VEHICLES IN SAME LANE),1,687807,Not at intersection,3,100,Freeway,WESTERN,BRIMBANK,-37.79815,144.769,2021,7,July,15,Afternoon Peak,Weekday
T20210014547,2021-07-02,19:34:00,1,Collision with vehicle,5,Friday,113,RIGHT NEAR (INTERSECTIONS ONLY),3,43103,T intersection,2,60,Local Road,BOX,DANDENONG,-37.99593,145.22464,2021,7,July,19,Night,Weekday
T20210014553,2021-07-02,20:00:00,2,Struck Pedestrian,5,Friday,100,PED NEAR SIDE. PED HIT BY VEHICLE FROM THE RIGHT.,5,687254,Not at intersection,2,50,Arterial Highway,GEELONG ROAD SERVICE,BRIMBANK,-37.816154,144.85042,2021,7,July,20,Night,Weekday
T20210014597,2021-07-03,10:20:00,1,Collision with vehicle,6,Saturday,132,RIGHT REAR.,1,690189,Not at intersection,3,70,Arterial Other,OLD DANDENONG,KINGSTON,-37.962543,145.10408,2021,7,July,10,Midday,Weekend
T20210014600,2021-07-03,12:25:00,1,Collision with vehicle,6,Saturday,131,LEFT REAR,1,690245,T intersection,3,100,Arterial Highway,GREAT ALPINE,ALPINE,-36.63486,146.86046,2021,7,July,12,Midday,Weekend
T20210014602,2021-07-03,14:09:00,1,Collision with vehicle,6,Saturday,130,REAR END(VEHICLES IN SAME LANE),1,762529,Not at intersection,2,80,Freeway,EASTLINK (RINGWOOD CONNECTION),MAROONDAH,-37.81043,145.22714,2021,7,July,14,Midday,Weekend
T20210014605,2021-07-03,17:00:00,1,Collision with vehicle,6,Saturday,135,LANE CHANGE LEFT (NOT OVERTAKING),2,687058,Cross intersection,3,60,Arterial Highway,TOORAK,BOROONDARA,-37.849445,145.08716,2021,7,July,17,Afternoon Peak,Weekend
T20210014607,2021-07-03,17:40:00,1,Collision with vehicle,6,Saturday,121,RIGHT THROUGH,3,40976,T intersection,3,60,Arterial Other,SCORESBY,KNOX,-37.854572,145.26823,2021,7,July,17,Afternoon Peak,Weekend
T20210022751,2021-07-03,00:30:00,4,Collision with a fixed object,6,Saturday,181,OFF RIGHT BEND INTO OBJECT/PARKED VEHICLE,5,698857,Not at intersection,3,100,Arterial Highway,SOUTH GIPPSLAND,SOUTH GIPPSLAND,-38.649727,146.21019,2021,7,July,0,Late Night,Weekend
T20210014608,2021-07-03,17:35:00,1,Collision with vehicle,6,Saturday,160,VEHICLE COLLIDES WITH VEHICLE PARKED ON LEFT OF ROAD,3,689016,Not at intersection,2,60,Arterial Other,COX,GEELONG,-38.08324,144.35066,2021,7,July,17,Afternoon Peak,Weekend
T20210014613,2021-07-03,18:13:00,1,Collision with vehicle,6,Saturday,120,HEAD ON (NOT OVERTAKING),3,687420,Not at intersection,2,40,Local Road,DOMAIN,MELBOURNE,-37.83461,144.98613,2021,7,July,18,Afternoon Peak,Weekend
T20210014614,2021-07-03,17:30:00,4,Collision with a fixed object,6,Saturday,173,RIGHT OFF CARRIAGEWAY INTO OBJECT/PARKED VEHICLE,3,687256,Not at intersection,2,80,Arterial Other,BONEO,MORNINGTON PENINSULA,-38.379086,144.88898,2021,7,July,17,Afternoon Peak,Weekend
T20210014615,2021-07-03,16:30:00,1,Collision with vehicle,6,Saturday,120,HEAD ON (NOT OVERTAKING),1,691228,Not at intersection,2,80,Local Road,TILBURN,BRIMBANK,-37.78089,144.78508,2021,7,July,16,Afternoon Peak,Weekend
T20210014618,2021-07-03,18:22:00,4,Collision with a fixed object,6,Saturday,171,LEFT OFF CARRIAGEWAY INTO OBJECT/PARKED VEHICLE,3,687059,Not at intersection,2,100,Freeway,MONASH,DANDENONG,-37.96449,145.2322,2021,7,July,18,Afternoon Peak,Weekend
T20210014625,2021-07-03,19:10:00,1,Collision with vehicle,6,Saturday,113,RIGHT NEAR (INTERSECTIONS ONLY),4,330418,Cross intersection,2,80,Arterial Other,VINEYARD,HUME,-37.608997,144.71152,2021,7,July,19,Night,Weekend
T20210015052,2021-07-03,11:55:00,1,Collision with vehicle,6,Saturday,130,REAR END(VEHICLES IN SAME LANE),1,687948,Not at intersection,3,80,Freeway,WEST GATE,HOBSONS BAY,-37.825386,144.88718,2021,7,July,11,Midday,Weekend
T20210014641,2021-07-03,12:05:00,1,Collision with vehicle,6,Saturday,130,REAR END(VEHICLES IN SAME LANE),1,687677,Not at intersection,3,70,Arterial Highway,SPRINGVALE,DANDENONG,-37.946037,145.15337,2021,7,July,12,Midday,Weekend
T20210014630,2021-07-03,22:04:00,4,Collision with a fixed object,6,Saturday,141,U TURN INTO FIXED OBJECT/PARKED VEHICLE,3,42824,T intersection,2,80,Arterial Highway,MAIN,KINGSTON,-38.00419,145.08492,2021,7,July,22,Night,Weekend
T20210014576,2021-07-03,05:15:00,4,Collision with a fixed object,6,Saturday,173,RIGHT OFF CARRIAGEWAY INTO OBJECT/PARKED VEHICLE,3,689740,Not at intersection,2,80,Local Road,MCCLELLAND,FRANKSTON,-38.12471,145.18454,2021,7,July,5,Morning Peak,Weekend
T20210014627,2021-07-03,16:32:00,2,Struck Pedestrian,6,Saturday,106,VEH STRIKES PED ON FOOTPATH/MEDIAN/TRAFFIC ISLAND.,1,687200,Not at intersection,2,50,Local Road,MASCOMA,MOONEE VALLEY,-37.712368,144.89465,2021,7,July,16,Afternoon Peak,Weekend
T20210014964,2021-07-03,14:20:00,1,Collision with vehicle,6,Saturday,160,VEHICLE COLLIDES WITH VEHICLE PARKED ON LEFT OF ROAD,1,689409,Not at intersection,3,60,Local Road,DERBY,MORELAND,-37.728184,144.94644,2021,7,July,14,Midday,Weekend
T20210015586,2021-07-03,10:00:00,4,Collision with a fixed object,6,Saturday,173,RIGHT OFF CARRIAGEWAY INTO OBJECT/PARKED VEHICLE,1,201023,Not at intersection,3,60,Local Road,BRIDGEWATER,HUME,-37.61293,144.92738,2021,7,July,10,Midday,Weekend
T20210017898,2021-07-03,10:59:00,1,Collision with vehicle,6,Saturday,140,U TURN,1,779972,Not at intersection,3,60,Arterial Other,BURKE,BOROONDARA,-37.820644,145.05873,2021,7,July,10,Midday,Weekend
T20210015982,2021-07-03,11:00:00,4,Collision with a fixed object,6,Saturday,173,RIGHT OFF CARRIAGEWAY INTO OBJECT/PARKED VEHICLE,1,730784,Not at intersection,3,50,Local Road,PINDARI,KNOX,-37.85488,145.25224,2021,7,July,11,Midday,Weekend
T20210014710,2021-07-03,23:06:00,4,Collision with a fixed object,6,Saturday,171,LEFT OFF CARRIAGEWAY INTO OBJECT/PARKED VEHICLE,3,694937,Not at intersection,2,50,Local Road,RITCHIE,MILDURA,-35.067184,142.32336,2021,7,July,23,Night,Weekend
T20210014582,2021-07-03,07:40:00,8,No collision and no object struck,6,Saturday,174,OUT OF CONTROL ON CARRIAGEWAY (ON STRAIGHT),1,41100,Not at intersection,2,60,Arterial Other,ORMOND,PORT PHILLIP,-37.888805,144.9868,2021,7,July,7,Morning Peak,Weekend
T20210014564,2021-07-03,01:00:00,1,Collision with vehicle,6,Saturday,110,CROSS TRAFFIC(INTERSECTIONS ONLY),3,39785,Cross intersection,2,80,Arterial Other,DORSET,MAROONDAH,-37.826,145.28758,2021,7,July,1,Late Night,Weekend
T20210014665,2021-07-03,18:45:00,1,Collision with vehicle,6,Saturday,171,LEFT OFF CARRIAGEWAY INTO OBJECT/PARKED VEHICLE,3,687670,Not at intersection,2,50,Local Road,MARX,ARARAT,-37.2933,142.93481,2021,7,July,18,Afternoon Peak,Weekend
T20210017923,2021-07-03,19:42:00,1,Collision with vehicle,6,Saturday,110,CROSS TRAFFIC(INTERSECTIONS ONLY),3,44232,Cross intersection,3,50,Local Road,DAVISSON,WHITTLESEA,-37.648956,145.02998,2021,7,July,19,Night,Weekend
T20210016372,2021-07-03,14:00:00,8,No collision and no object struck,6,Saturday,174,OUT OF CONTROL ON CARRIAGEWAY (ON STRAIGHT),1,689085,Not at intersection,3,100,Local Road,MURRAYVILLE-NHILL,MILDURA,-35.403275,141.24611,2021,7,July,14,Midday,Weekend
T20210014591,2021-07-03,12:05:00,1,Collision with vehicle,6,Saturday,130,REAR END(VEHICLES IN SAME LANE),1,690619,Not at intersection,3,80,Arterial Other,CLYDE,CASEY,-38.048042,145.34052,2021,7,July,12,Midday,Weekend
T20210014595,2021-07-03,06:45:00,4,Collision with a fixed object,6,Saturday,183,OFF LEFT BEND INTO OBJECT/PARKED VEHICLE,2,735371,Not at intersection,2,80,Arterial Highway,MOOROODUC,FRANKSTON,-38.188763,145.14078,2021,7,July,6,Morning Peak,Weekend
T20210014672,2021-07-04,14:00:00,1,Collision with vehicle,7,Sunday,113,RIGHT NEAR (INTERSECTIONS ONLY),1,687797,T intersection,3,50,Local Road,GREENVALE,GEELONG,-38.168587,144.54422,2021,7,July,14,Midday,Weekend
T20210014674,2021-07-04,13:32:00,4,Collision with a fixed object,7,Sunday,173,RIGHT OFF CARRIAGEWAY INTO OBJECT/PARKED VEHICLE,1,687199,T intersection,3,50,Local Road,GOODYEAR,WHITTLESEA,-37.68347,145.01653,2021,7,July,13,Midday,Weekend
T20210015388,2021-07-04,20:18:00,1,Collision with vehicle,7,Sunday,121,RIGHT THROUGH,3,273619,T intersection,3,60,Arterial Other,ASHLEY,MARIBYRNONG,-37.79593,144.86267,2021,7,July,20,Night,Weekend
T20210014695,2021-07-04,20:35:00,1,Collision with vehicle,7,Sunday,113,RIGHT NEAR (INTERSECTIONS ONLY),3,10986,Cross intersection,3,80,Arterial Other,NARRE WARREN NORTH,CASEY,-38.02077,145.30801,2021,7,July,20,Night,Weekend
T20210015569,2021-07-04,19:20:00,1,Collision with vehicle,7,Sunday,121,RIGHT THROUGH,3,627736,T intersection,2,80,Arterial Other,DONNYBROOK,HUME,-37.535656,144.90555,2021,7,July,19,Night,Weekend
T20210014694,2021-07-04,18:05:00,4,Collision with a fixed object,7,Sunday,173,RIGHT OFF CARRIAGEWAY INTO OBJECT/PARKED VEHICLE,5,690777,Not at intersection,2,100,Local Road,POUND HILL,BALLARAT,-37.47331,143.75905,2021,7,July,18,Afternoon Peak,Weekend
T20210014693,2021-07-04,17:45:00,1,Collision with vehicle,7,Sunday,130,REAR END(VEHICLES IN SAME LANE),3,690244,Not at intersection,3,60,Local Road,ELIZABETH,HUME,-37.584713,144.70805,2021,7,July,17,Afternoon Peak,Weekend
T20210014690,2021-07-04,17:48:00,2,Struck Pedestrian,7,Sunday,100,PED NEAR SIDE. PED HIT BY VEHICLE FROM THE RIGHT.,3,36593,T intersection,3,80,Arterial Highway,MAROONDAH,YARRA RANGES,-37.75313,145.3655,2021,7,July,17,Afternoon Peak,Weekend
T20210017537,2021-07-04,22:25:00,1,Collision with vehicle,7,Sunday,147,VEHICLE STRIKES ANOTHER VEH WHILE EMERGING FROM DRIVEWAY,3,45048,T intersection,3,60,Arterial Other,MCINTYRE,BRIMBANK,-37.760075,144.83186,2021,7,July,22,Night,Weekend
T20210014688,2021-07-04,15:25:00,4,Collision with a fixed object,7,Sunday,183,OFF LEFT BEND INTO OBJECT/PARKED VEHICLE,1,687149,Not at intersection,3,100,Local Road,MT BEENAK,YARRA RANGES,-37.876286,145.67531,2021,7,July,15,Afternoon Peak,Weekend
T20210014654,2021-07-04,11:18:00,4,Collision with a fixed object,7,Sunday,183,OFF LEFT BEND INTO OBJECT/PARKED VEHICLE,1,687197,Not at intersection,3,60,Local Road,LOCH-WONTHAGGI,SOUTH GIPPSLAND,-38.383537,145.70216,2021,7,July,11,Midday,Weekend
T20210014658,2021-07-04,13:15:00,1,Collision with vehicle,7,Sunday,113,RIGHT NEAR (INTERSECTIONS ONLY),1,776856,Cross intersection,3,50,Local Road,MARATHON,HUME,-37.583088,144.8973,2021,7,July,13,Midday,Weekend
T20210014696,2021-07-04,19:23:00,3,Struck animal,7,Sunday,167,STRUCK ANIMAL,5,736996,Not at intersection,2,100,Arterial Other,ECHUCA,SHEPPARTON,-36.34885,145.3361,2021,7,July,19,Night,Weekend
T20210014701,2021-07-04,20:35:00,1,Collision with vehicle,7,Sunday,120,HEAD ON (NOT OVERTAKING),5,691650,Not at intersection,2,80,Arterial Highway,WARBURTON,YARRA RANGES,-37.775143,145.58316,2021,7,July,20,Night,Weekend
T20210014661,2021-07-04,12:32:00,1,Collision with vehicle,7,Sunday,110,CROSS TRAFFIC(INTERSECTIONS ONLY),1,46782,Cross intersection,3,60,Arterial Other,ARTHURS SEAT,MORNINGTON PENINSULA,-38.342003,144.96002,2021,7,July,12,Midday,Weekend
T20210015299,2021-07-04,15:28:00,1,Collision with vehicle,7,Sunday,139,OTHER SAME DIRECTION-MANOUEVRES NOT INCLUDED IN DCAs 130-137,1,296636,Not at intersection,3,80,Arterial Other,WELLINGTON,KNOX,-37.93309,145.30318,2021,7,July,15,Afternoon Peak,Weekend
T20210014722,2021-07-04,04:00:00,4,Collision with a fixed object,7,Sunday,181,OFF RIGHT BEND INTO OBJECT/PARKED VEHICLE,5,687941,Not at intersection,3,100,Local Road,BRIGGS GAP,TOWONG,-36.164555,147.8043,2021,7,July,4,Late Night,Weekend
T20210014645,2021-07-04,07:00:00,1,Collision with vehicle,7,Sunday,142,LEAVING PARKING,3,689272,T intersection,2,40,Arterial Other,SYDNEY,MORELAND,-37.76343,144.96274,2021,7,July,7,Morning Peak,Weekend
T20210014698,2021-07-04,16:10:00,2,Struck Pedestrian,7,Sunday,100,PED NEAR SIDE. PED HIT BY VEHICLE FROM THE RIGHT.,1,140,Cross intersection,3,50,Local Road,BARKLY,MARIBYRNONG,-37.7995,144.89728,2021,7,July,16,Afternoon Peak,Weekend
T20210014686,2021-07-04,11:00:00,1,Collision with vehicle,7,Sunday,116,LEFT NEAR (INTERSECTIONS ONLY),1,687062,T intersection,3,50,Local Road,SALTRIVER,MARIBYRNONG,-37.80188,144.9083,2021,7,July,11,Midday,Weekend
T20210014700,2021-07-04,14:40:00,1,Collision with vehicle,7,Sunday,130,REAR END(VEHICLES IN SAME LANE),1,692811,Not at intersection,2,40,Arterial Other,COMMERCIAL,STONNINGTON,-37.84655,144.99168,2021,7,July,14,Midday,Weekend
T20210016295,2021-07-04,14:30:00,1,Collision with vehicle,7,Sunday,130,REAR END(VEHICLES IN SAME LANE),1,44247,T intersection,3,70,Arterial Other,KURRAK,NILLUMBIK,-37.650734,145.12141,2021,7,July,14,Midday,Weekend
T20210020556,2021-07-04,14:20:00,1,Collision with vehicle,7,Sunday,133,LANE SIDE SWIPE (VEHICLES IN PARALLEL LANES),1,694601,Not at intersection,3,60,Local Road,WALLOWA,BANYULE,-37.686863,145.14212,2021,7,July,14,Midday,Weekend
T20210014644,2021-07-04,01:10:00,4,Collision with a fixed object,7,Sunday,183,OFF LEFT BEND INTO OBJECT/PARKED VEHICLE,3,44245,Cross intersection,1,60,Arterial Other,PLENTY,WHITTLESEA,-37.622925,145.09642,2021,7,July,1,Late Night,Weekend
T20210014668,2021-07-04,12:12:00,1,Collision with vehicle,7,Sunday,147,VEHICLE STRIKES ANOTHER VEH WHILE EMERGING FROM DRIVEWAY,1,691903,Not at intersection,2,40,Local Road,BANK,PORT PHILLIP,-37.835087,144.9577,2021,7,July,12,Midday,Weekend
T20210014646,2021-07-04,06:25:00,1,Collision with vehicle,7,Sunday,152,PULLING OUT (OVERTAKING),3,688570,Not at intersection,2,60,Local Road,KOOYONG,GLEN EIRA,-37.8744,145.01723,2021,7,July,6,Morning Peak,Weekend
T20210014632,2021-07-04,00:50:00,1,Collision with vehicle,7,Sunday,130,REAR END(VEHICLES IN SAME LANE),3,691229,Not at intersection,3,60,Arterial Highway,ST KILDA,PORT PHILLIP,-37.858837,144.98355,2021,7,July,0,Late Night,Weekend
T20220009652,2021-07-04,19:00:00,4,Collision with a fixed object,7,Sunday,173,RIGHT OFF CARRIAGEWAY INTO OBJECT/PARKED VEHICLE,9,731461,Not at intersection,3,80,Arterial Other,SOMERTON,HUME,-37.633533,144.87045,2021,7,July,19,Night,Weekend
T20210015015,2021-07-04,10:00:00,8,No collision and no object struck,7,Sunday,174,OUT OF CONTROL ON CARRIAGEWAY (ON STRAIGHT),1,687499,Not at intersection,2,60,Local Road,CAMERON,MURRINDINDI,-37.34099,145.6475,2021,7,July,10,Midday,Weekend
T20210014703,2021-07-04,22:00:00,1,Collision with vehicle,7,Sunday,130,REAR END(VEHICLES IN SAME LANE),3,687257,Not at intersection,2,80,Arterial Highway,SOUTH GIPPSLAND,CASEY,-38.082367,145.27638,2021,7,July,22,Night,Weekend
T20210014671,2021-07-04,09:15:00,1,Collision with vehicle,7,Sunday,132,RIGHT REAR.,1,340540,Cross intersection,2,60,Arterial Other,BALLARAT,BRIMBANK,-37.776966,144.82874,2021,7,July,9,Morning Peak,Weekend
T20210014757,2021-07-05,15:44:00,1,Collision with vehicle,1,Monday,110,CROSS TRAFFIC(INTERSECTIONS ONLY),1,60588,Cross intersection,3,80,Local Road,AVENUE,BALLARAT,-37.460606,143.67802,2021,7,July,15,Afternoon Peak,Weekday
T20210015234,2021-07-05,23:07:00,2,Struck Pedestrian,1,Monday,100,PED NEAR SIDE. PED HIT BY VEHICLE FROM THE RIGHT.,3,289043,Cross intersection,2,60,Arterial Other,FLEMINGTON,MELBOURNE,-37.799652,144.95503,2021,7,July,23,Night,Weekday
T20210014768,2021-07-05,18:40:00,6,Vehicle overturned (no collision),1,Monday,182,OFF CARRIAGEWAY ON LEFT BEND,5,707213,Not at intersection,2,100,Arterial Other,MAIN NEERIM,BAW BAW,-38.053307,145.951,2021,7,July,18,Afternoon Peak,Weekday
T20210014916,2021-07-05,09:00:00,1,Collision with vehicle,1,Monday,163,VEHICLE STRIKES DOOR OF PARKED/STATIONARY VEHICLE,1,693562,Not at intersection,3,40,Local Road,ELGIN,MELBOURNE,-37.797558,144.9712,2021,7,July,9,Morning Peak,Weekday
T20210014853,2021-07-05,21:34:00,1,Collision with vehicle,1,Monday,134,LANE CHANGE RIGHT (NOT OVERTAKING),3,695047,Not at intersection,2,60,Arterial Other,SYDNEY,MORELAND,-37.699314,144.95984,2021,7,July,21,Night,Weekday
T20210014857,2021-07-05,16:12:00,1,Collision with vehicle,1,Monday,153,CUTTING IN (OVERTAKING),1,730749,Not at intersection,3,70,Local Road,MACCLESFIELD,YARRA RANGES,-37.881744,145.47687,2021,7,July,16,Afternoon Peak,Weekday
T20210014825,2021-07-05,10:47:00,1,Collision with vehicle,1,Monday,116,LEFT NEAR (INTERSECTIONS ONLY),1,37352,Cross intersection,3,60,Arterial Other,GRANGE,YARRA,-37.82969,145.0127,2021,7,July,10,Midday,Weekday
T20210015336,2021-07-05,05:40:00,1,Collision with vehicle,1,Monday,130,REAR END(VEHICLES IN SAME LANE),3,708500,Not at intersection,3,100,Freeway,WESTERN IN-ROBINSONS,MELTON,-37.792347,144.75,2021,7,July,5,Morning Peak,Weekday
T20210015106,2021-07-05,06:45:00,4,Collision with a fixed object,1,Monday,183,OFF LEFT BEND INTO OBJECT/PARKED VEHICLE,9,688020,T intersection,3,100,Arterial Other,DROUIN-KORUMBURRA,BAW BAW,-38.231003,145.79222,2021,7,July,6,Morning Peak,Weekday
T20210014715,2021-07-05,06:45:00,5,collision with some other object,1,Monday,166,STRUCK OBJECT ON CARRIAGEWAY,5,689179,Not at intersection,3,100,Local Road,KELLY GAP,WANGARATTA,-36.533085,146.21158,2021,7,July,6,Morning Peak,Weekday
T20210015080,2021-07-05,12:30:00,1,Collision with vehicle,1,Monday,111,RIGHT FAR (INTERSECTIONS ONLY),1,689102,T intersection,3,60,Arterial Other,KEILOR PARK,HUME,-37.70626,144.8604,2021,7,July,12,Midday,Weekday
T20210014836,2021-07-05,22:40:00,8,No collision and no object struck,1,Monday,180,OFF CARRIAGEWAY ON RIGHT BEND,5,690583,Not at intersection,3,80,Arterial Other,KORUMBURRA-WONTHAGGI,SOUTH GIPPSLAND,-38.484264,145.75157,2021,7,July,22,Night,Weekday
T20210014761,2021-07-05,11:27:00,1,Collision with vehicle,1,Monday,130,REAR END(VEHICLES IN SAME LANE),1,768862,Not at intersection,3,100,Freeway,CALDER,BRIMBANK,-37.707535,144.81963,2021,7,July,11,Midday,Weekday
T20210014763,2021-07-05,18:30:00,2,Struck Pedestrian,1,Monday,100,PED NEAR SIDE. PED HIT BY VEHICLE FROM THE RIGHT.,3,339749,T intersection,3,40,Arterial Other,BRIDGE,YARRA,-37.818348,144.99702,2021,7,July,18,Afternoon Peak,Weekday
T20210014764,2021-07-05,19:05:00,1,Collision with vehicle,1,Monday,114,TWO RIGHT TURNING (INTERSECTIONS ONLY),5,358832,T intersection,3,60,Local Road,MILLER,WHITTLESEA,-37.64788,145.01987,2021,7,July,19,Night,Weekday
T20210014765,2021-07-05,17:30:00,1,Collision with vehicle,1,Monday,130,REAR END(VEHICLES IN SAME LANE),2,768863,Not at intersection,3,50,Local Road,DUKE,BRIMBANK,-37.77309,144.84822,2021,7,July,17,Afternoon Peak,Weekday
T20210014769,2021-07-05,18:41:00,1,Collision with vehicle,1,Monday,121,RIGHT THROUGH,3,35463,Cross intersection,3,60,Arterial Other,CANTERBURY,BOROONDARA,-37.825947,145.09723,2021,7,July,18,Afternoon Peak,Weekday
T20210014772,2021-07-05,19:00:00,1,Collision with vehicle,1,Monday,121,RIGHT THROUGH,3,57391,Cross intersection,3,60,Arterial Other,SYDNEY,MORELAND,-37.73399,144.96535,2021,7,July,19,Night,Weekday
T20210014773,2021-07-05,18:08:00,1,Collision with vehicle,1,Monday,121,RIGHT THROUGH,3,235676,T intersection,3,60,Local Road,CITY VISTA,MELTON,-37.7206,144.72566,2021,7,July,18,Afternoon Peak,Weekday
T20210014779,2021-07-05,17:00:00,1,Collision with vehicle,1,Monday,113,RIGHT NEAR (INTERSECTIONS ONLY),1,36590,T intersection,3,50,Local Road,HOTHAM,YARRA,-37.79619,144.98474,2021,7,July,17,Afternoon Peak,Weekday
T20210014716,2021-07-05,07:04:00,1,Collision with vehicle,1,Monday,133,LANE SIDE SWIPE (VEHICLES IN PARALLEL LANES),2,688923,Not at intersection,3,100,Freeway,MONASH,CASEY,-37.99991,145.28973,2021,7,July,7,Morning Peak,Weekday
T20210014717,2021-07-05,08:29:00,1,Collision with vehicle,1,Monday,140,U TURN,1,144515,Not at intersection,3,60,Arterial Other,HIGH,STONNINGTON,-37.852818,145.00044,2021,7,July,8,Morning Peak,Weekday
T20210014720,2021-07-05,07:00:00,1,Collision with vehicle,1,Monday,130,REAR END(VEHICLES IN SAME LANE),1,693813,Not at intersection,2,100,Freeway,WESTERN,MELTON,-37.75131,144.72603,2021,7,July,7,Morning Peak,Weekday
T20210016309,2021-07-05,19:02:00,1,Collision with vehicle,1,Monday,121,RIGHT THROUGH,3,39371,Cross intersection,3,60,Arterial Other,CANTERBURY,WHITEHORSE,-37.830406,145.1363,2021,7,July,19,Night,Weekday
T20210014727,2021-07-05,10:20:00,1,Collision with vehicle,1,Monday,159,OTHER OVERTAKING MANOEUVRES NOT INCLUDED IN DCAs 150-154,1,688064,Not at intersection,3,40,Arterial Other,YARRA,YARRA,-37.82149,145.01425,2021,7,July,10,Midday,Weekday
T20210014730,2021-07-05,10:50:00,1,Collision with vehicle,1,Monday,111,RIGHT FAR (INTERSECTIONS ONLY),1,49680,Cross intersection,2,60,Arterial Other,BACCHUS MARSH,GEELONG,-38.078438,144.3584,2021,7,July,10,Midday,Weekday