ACCIDENT_NO,ACCIDENT_DATE,ACCIDENT_TIME,ACCIDENT_TYPE,ACCIDENT_TYPE_DESC,DAY_OF_WEEK,DAY_WEEK_DESC,DCA_CODE,DCA_DESC,LIGHT_CONDITION,NODE_ID,ROAD_GEOMETRY_DESC,SEVERITY,SPEED_ZONE,RMA,ROAD_NAME,LGA_NAME,LATITUDE,LONGITUDE,YEAR,MONTH,MONTH_NAME,HOUR,TIME_PERIOD,DAY_TYPE
T20210014731,2021-07-05,12:15:00,1,Collision with vehicle,1,Monday,110,CROSS TRAFFIC(INTERSECTIONS ONLY),1,60036,Cross intersection,3,50,Arterial Highway,NAPIER,CENTRAL GOLDFIELDS,-37.04839,143.739,2021,7,July,12,Midday,Weekday
T20210014733,2021-07-05,12:46:00,1,Collision with vehicle,1,Monday,140,U TURN,1,688019,Not at intersection,2,70,Arterial Highway,BURWOOD,WHITEHORSE,-37.8506,145.10147,2021,7,July,12,Midday,Weekday
T20210015608,2021-07-05,14:10:00,8,No collision and no object struck,1,Monday,179,OTHER ACCIDENTS-OFF STRAIGHT NOT INCLUDED IN DCAs 170-175,1,691946,Not at intersection,3,50,Local Road,MONTEREY,FRANKSTON,-38.11846,145.14919,2021,7,July,14,Midday,Weekday
T20210014737,2021-07-05,08:03:00,1,Collision with vehicle,1,Monday,140,U TURN,1,738745,Not at intersection,2,60,Arterial Other,CENTRE,GLEN EIRA,-37.92306,145.07419,2021,7,July,8,Morning Peak,Weekday
T20210014782,2021-07-05,21:04:00,1,Collision with vehicle,1,Monday,121,RIGHT THROUGH,3,44781,T intersection,3,60,Arterial Other,KARINGAL DRIVE -ST HELENA,BANYULE,-37.701,145.12192,2021,7,July,21,Night,Weekday
T20210014743,2021-07-05,15:00:00,1,Collision with vehicle,1,Monday,132,RIGHT REAR.,1,695001,Not at intersection,3,80,Arterial Other,CLYDE-FIVE WAYS,CASEY,-38.159157,145.3189,2021,7,July,15,Afternoon Peak,Weekday
T20210014784,2021-07-05,18:25:00,1,Collision with vehicle,1,Monday,130,REAR END(VEHICLES IN SAME LANE),1,730745,Not at intersection,3,80,Freeway,WESTERN RING,HUME,-37.69211,144.95126,2021,7,July,18,Afternoon Peak,Weekday
T20210014745,2021-07-05,12:10:00,6,Vehicle overturned (no collision),1,Monday,170,OFF CARRIAGEWAY TO LEFT,1,687293,Not at intersection,2,60,Arterial Highway,WHITEHORSE,WHITEHORSE,-37.816444,145.11125,2021,7,July,12,Midday,Weekday
T20210014747,2021-07-05,14:15:00,2,Struck Pedestrian,1,Monday,100,PED NEAR SIDE. PED HIT BY VEHICLE FROM THE RIGHT.,1,73214,Cross intersection,3,60,Arterial Other,BARWON HEADS ROAD -GOLF LINKS,GEELONG,-38.274483,144.48856,2021,7,July,14,Midday,Weekday
T20210014751,2021-07-05,15:02:00,1,Collision with vehicle,1,Monday,110,CROSS TRAFFIC(INTERSECTIONS ONLY),1,37097,Cross intersection,3,60,Local Road,ABBOTT,CASEY,-38.007545,145.25604,2021,7,July,15,Afternoon Peak,Weekday
T20210016363,2021-07-05,14:30:00,1,Collision with vehicle,1,Monday,130,REAR END(VEHICLES IN SAME LANE),1,702232,Not at intersection,3,80,Freeway,CITYLINK,MOONEE VALLEY,-37.734707,144.92696,2021,7,July,14,Midday,Weekday
T20210014753,2021-07-05,11:40:00,1,Collision with vehicle,1,Monday,110,CROSS TRAFFIC(INTERSECTIONS ONLY),1,35319,Cross intersection,2,60,Arterial Other,VICTORIA,MELBOURNE,-37.806973,144.96585,2021,7,July,11,Midday,Weekday
T20210014754,2021-07-05,15:45:00,1,Collision with vehicle,1,Monday,110,CROSS TRAFFIC(INTERSECTIONS ONLY),1,347934,Cross intersection,3,60,Arterial Other,FERNTREE GULLY,MONASH,-37.897087,145.10619,2021,7,July,15,Afternoon Peak,Weekday
T20210014785,2021-07-05,21:00:00,4,Collision with a fixed object,1,Monday,173,RIGHT OFF CARRIAGEWAY INTO OBJECT/PARKED VEHICLE,3,693559,Not at intersection,3,60,Local Road,BAYVIEW,MORNINGTON PENINSULA,-38.3557,144.92838,2021,7,July,21,Night,Weekday
T20210014787,2021-07-05,04:10:00,4,Collision with a fixed object,1,Monday,173,RIGHT OFF CARRIAGEWAY INTO OBJECT/PARKED VEHICLE,6,687184,Not at intersection,3,50,Local Road,DOWNES,MOUNT ALEXANDER,-37.05539,144.2155,2021,7,July,4,Late Night,Weekday
T20210014788,2021-07-05,23:30:00,1,Collision with vehicle,1,Monday,110,CROSS TRAFFIC(INTERSECTIONS ONLY),5,687262,Cross intersection,3,40,Local Road,DOWNING,BRIMBANK,-37.77105,144.84062,2021,7,July,23,Night,Weekday
T20210014978,2021-07-05,18:47:00,6,Vehicle overturned (no collision),1,Monday,184,OUT OF CONTROL ON CARRIAGEWAY (ON BEND),5,691651,Not at intersection,3,50,Local Road,BELGRAVE-FERNY CREEK,YARRA RANGES,-37.894035,145.34705,2021,7,July,18,Afternoon Peak,Weekday
T20210018696,2021-07-05,05:55:00,1,Collision with vehicle,1,Monday,121,RIGHT THROUGH,3,37916,T intersection,3,60,Arterial Other,QUEENS,YARRA,-37.785477,144.9948,2021,7,July,5,Morning Peak,Weekday
T20210014893,2021-07-06,13:34:00,2,Struck Pedestrian,2,Tuesday,102,FAR SIDE. PED HIT BY VEHICLE FROM THE LEFT,1,713032,Cross intersection,3,50,Local Road,KINGSWAY,MONASH,-37.87853,145.1641,2021,7,July,13,Midday,Weekday
T20210014896,2021-07-06,20:40:00,1,Collision with vehicle,2,Tuesday,160,VEHICLE COLLIDES WITH VEHICLE PARKED ON LEFT OF ROAD,3,692665,Not at intersection,2,50,Arterial Other,BARWON HEADS-OCEAN GROVE,GEELONG,-38.269623,144.52328,2021,7,July,20,Night,Weekday
T20210014830,2021-07-06,08:04:00,2,Struck Pedestrian,2,Tuesday,102,FAR SIDE. PED HIT BY VEHICLE FROM THE LEFT,1,687608,Cross intersection,3,70,Arterial Highway,HODDLE,YARRA,-37.807247,144.99176,2021,7,July,8,Morning Peak,Weekday
T20210014832,2021-07-06,13:30:00,1,Collision with vehicle,2,Tuesday,110,CROSS TRAFFIC(INTERSECTIONS ONLY),1,329220,Multiple intersection,2,60,Freeway,PLENTY,BANYULE,-37.687065,145.06769,2021,7,July,13,Midday,Weekday
T20210015719,2021-07-06,17:36:00,1,Collision with vehicle,2,Tuesday,121,RIGHT THROUGH,6,66359,Cross intersection,3,50,Local Road,BALSTON,MELBOURNE,-37.82595,144.96214,2021,7,July,17,Afternoon Peak,Weekday
T20210015709,2021-07-06,18:30:00,1,Collision with vehicle,2,Tuesday,130,REAR END(VEHICLES IN SAME LANE),9,277121,Multiple intersection,3,60,Freeway,CALDER OUT-VINEYARD RAMP OF-VINEYARD,MELTON,-37.61541,144.70729,2021,7,July,18,Afternoon Peak,Weekday
T20210015979,2021-07-06,09:45:00,7,Fall from or in moving vehicle,2,Tuesday,190,FELL IN/FROM VEHICLE,1,696295,Not at intersection,3,50,Local Road,THORPDALE,HUME,-37.6555,144.93176,2021,7,July,9,Morning Peak,Weekday
T20210014802,2021-07-06,06:13:00,8,No collision and no object struck,2,Tuesday,199,UNKNOWN-NO DETAILS ON MANOEUVRES OF ROAD-USERS IN ACCIDENT,3,689100,Not at intersection,2,80,Freeway,WEST GATE,MELBOURNE,-37.82557,144.93753,2021,7,July,6,Morning Peak,Weekday
T20210014865,2021-07-06,18:06:00,1,Collision with vehicle,2,Tuesday,130,REAR END(VEHICLES IN SAME LANE),3,359821,Not at intersection,3,80,Freeway,MONASH,MONASH,-37.932266,145.18835,2021,7,July,18,Afternoon Peak,Weekday
T20210014804,2021-07-06,09:18:00,4,Collision with a fixed object,2,Tuesday,171,LEFT OFF CARRIAGEWAY INTO OBJECT/PARKED VEHICLE,1,689101,Not at intersection,3,80,Local Road,NORTH,CASEY,-38.17246,145.25195,2021,7,July,9,Morning Peak,Weekday
T20210014843,2021-07-06,15:25:00,1,Collision with vehicle,2,Tuesday,114,TWO RIGHT TURNING (INTERSECTIONS ONLY),1,781298,Cross intersection,3,60,Freeway,DYNON-CITYLINK OUT,MELBOURNE,-37.80477,144.93452,2021,7,July,15,Afternoon Peak,Weekday
T20210014792,2021-07-06,00:30:00,4,Collision with a fixed object,2,Tuesday,151,OUT OF CONTROL (OVERTAKING),3,696978,Not at intersection,2,50,Local Road,GOLF LINKS,MONASH,-37.905582,145.09125,2021,7,July,0,Late Night,Weekday
T20210014866,2021-07-06,19:20:00,4,Collision with a fixed object,2,Tuesday,171,LEFT OFF CARRIAGEWAY INTO OBJECT/PARKED VEHICLE,3,781296,Not at intersection,3,50,Local Road,DERBY,WHITTLESEA,-37.64284,145.04652,2021,7,July,19,Night,Weekday
T20210014874,2021-07-06,15:30:00,1,Collision with vehicle,2,Tuesday,120,HEAD ON (NOT OVERTAKING),1,693312,Not at intersection,2,60,Arterial Other,CORIO QUAY,GEELONG,-38.109905,144.3562,2021,7,July,15,Afternoon Peak,Weekday
T20210014846,2021-07-06,10:15:00,1,Collision with vehicle,2,Tuesday,121,RIGHT THROUGH,1,730748,Cross intersection,3,60,Local Road,ALMA,PORT PHILLIP,-37.86145,144.9915,2021,7,July,10,Midday,Weekday
T20210014809,2021-07-06,07:30:00,1,Collision with vehicle,2,Tuesday,154,PULLING OUT -REAR END,1,687263,Not at intersection,3,100,Freeway,PRINCES,HOBSONS BAY,-37.84842,144.7803,2021,7,July,7,Morning Peak,Weekday
T20210014814,2021-07-06,07:26:00,4,Collision with a fixed object,2,Tuesday,181,OFF RIGHT BEND INTO OBJECT/PARKED VEHICLE,1,689860,Not at intersection,3,100,Local Road,DOWNIES,HORSHAM,-36.99802,142.13759,2021,7,July,7,Morning Peak,Weekday
T20210018385,2021-07-06,17:15:00,1,Collision with vehicle,2,Tuesday,130,REAR END(VEHICLES IN SAME LANE),9,762519,Not at intersection,2,60,Arterial Highway,HODDLE,YARRA,-37.80511,144.99211,2021,7,July,17,Afternoon Peak,Weekday
T20210016312,2021-07-06,17:40:00,1,Collision with vehicle,2,Tuesday,130,REAR END(VEHICLES IN SAME LANE),1,44960,T intersection,3,60,Local Road,BROWNE,BRIMBANK,-37.759415,144.80435,2021,7,July,17,Afternoon Peak,Weekday
T20210014833,2021-07-06,14:05:00,1,Collision with vehicle,2,Tuesday,152,PULLING OUT (OVERTAKING),1,687496,Not at intersection,2,60,Local Road,TANTI,MORNINGTON PENINSULA,-38.222828,145.04633,2021,7,July,14,Midday,Weekday
T20210014834,2021-07-06,13:38:00,1,Collision with vehicle,2,Tuesday,110,CROSS TRAFFIC(INTERSECTIONS ONLY),1,29420,Cross intersection,3,40,Local Road,FLINDERS,MELBOURNE,-37.819614,144.96002,2021,7,July,13,Midday,Weekday
T20210014847,2021-07-06,12:28:00,4,Collision with a fixed object,2,Tuesday,175,OFF END OF ROAD/T-INTERSECTION.,1,57750,T intersection,2,50,Local Road,INDUSTRIAL,BRIMBANK,-37.81264,144.81091,2021,7,July,12,Midday,Weekday
T20210014848,2021-07-06,15:15:00,1,Collision with vehicle,2,Tuesday,119,OTHER ADJACENT (INTERSECTIONS ONLY),1,688182,T intersection,3,50,Local Road,RATTRAY,WODONGA,-36.11244,146.89476,2021,7,July,15,Afternoon Peak,Weekday
T20210015650,2021-07-06,17:15:00,1,Collision with vehicle,2,Tuesday,145,REVERSING IN STREAM OF TRAFFIC,1,688333,Not at intersection,3,40,Local Road,LANTANA,WHITEHORSE,-37.805664,145.15033,2021,7,July,17,Afternoon Peak,Weekday
T20210014850,2021-07-06,15:30:00,1,Collision with vehicle,2,Tuesday,147,VEHICLE STRIKES ANOTHER VEH WHILE EMERGING FROM DRIVEWAY,1,738746,Not at intersection,2,40,Local Road,YARRA,GEELONG,-38.147144,144.36365,2021,7,July,15,Afternoon Peak,Weekday
T20210015126,2021-07-06,14:45:00,1,Collision with vehicle,2,Tuesday,121,RIGHT THROUGH,1,45205,T intersection,3,60,Arterial Other,CORDITE AVENUE -RALEIGH,MARIBYRNONG,-37.769596,144.88213,2021,7,July,14,Midday,Weekday
T20210014842,2021-07-06,13:12:00,1,Collision with vehicle,2,Tuesday,120,HEAD ON (NOT OVERTAKING),1,687266,Not at intersection,3,100,Arterial Other,BENGWORDEN,WELLINGTON,-37.99,147.19339,2021,7,July,13,Midday,Weekday
T20210014800,2021-07-06,05:00:00,3,Struck animal,2,Tuesday,167,STRUCK ANIMAL,5,687368,Not at intersection,2,60,Arterial Other,RINGWOOD-WARRANDYTE,MANNINGHAM,-37.751106,145.23468,2021,7,July,5,Morning Peak,Weekday
T20210014858,2021-07-06,09:40:00,1,Collision with vehicle,2,Tuesday,130,REAR END(VEHICLES IN SAME LANE),1,730750,Not at intersection,3,100,Freeway,MONASH,MONASH,-37.913376,145.1667,2021,7,July,9,Morning Peak,Weekday
T20210014816,2021-07-06,11:30:00,1,Collision with vehicle,2,Tuesday,113,RIGHT NEAR (INTERSECTIONS ONLY),1,287,T intersection,3,80,Arterial Highway,STUD,KNOX,-37.908245,145.2368,2021,7,July,11,Midday,Weekday
T20210014860,2021-07-06,14:38:00,1,Collision with vehicle,2,Tuesday,121,RIGHT THROUGH,1,311300,T intersection,2,80,Arterial Other,PALMERS,WYNDHAM,-37.873585,144.74898,2021,7,July,14,Midday,Weekday
T20210014824,2021-07-06,10:10:00,1,Collision with vehicle,2,Tuesday,121,RIGHT THROUGH,1,51713,Cross intersection,2,60,Arterial Highway,HIGH,BENDIGO,-36.785355,144.24667,2021,7,July,10,Midday,Weekday
T20210014864,2021-07-06,16:30:00,1,Collision with vehicle,2,Tuesday,110,CROSS TRAFFIC(INTERSECTIONS ONLY),1,50711,Cross intersection,2,50,Local Road,JAPAN,WARRNAMBOOL,-38.38492,142.49188,2021,7,July,16,Afternoon Peak,Weekday
T20210014803,2021-07-06,08:11:00,4,Collision with a fixed object,2,Tuesday,171,LEFT OFF CARRIAGEWAY INTO OBJECT/PARKED VEHICLE,1,687292,Not at intersection,3,50,Arterial Highway,GREAT OCEAN,COLAC OTWAY,-38.75955,143.67148,2021,7,July,8,Morning Peak,Weekday
T20210014898,2021-07-07,07:20:00,6,Vehicle overturned (no collision),3,Wednesday,172,OFF CARRIAGEWAY TO RIGHT,1,687422,Not at intersection,3,80,Local Road,GREIGS,MELTON,-37.744526,144.65642,2021,7,July,7,Morning Peak,Weekday
T20210014900,2021-07-07,08:37:00,1,Collision with vehicle,3,Wednesday,130,REAR END(VEHICLES IN SAME LANE),1,687944,T intersection,2,60,Arterial Highway,WHITEHORSE,WHITEHORSE,-37.81791,145.15788,2021,7,July,8,Morning Peak,Weekday
T20210014946,2021-07-07,09:30:00,2,Struck Pedestrian,3,Wednesday,100,PED NEAR SIDE. PED HIT BY VEHICLE FROM THE RIGHT.,1,689181,Not at intersection,3,50,Arterial Highway,MAIN,EAST GIPPSLAND,-37.82603,147.63031,2021,7,July,9,Morning Peak,Weekday
T20210015031,2021-07-07,12:13:00,2,Struck Pedestrian,3,Wednesday,100,PED NEAR SIDE. PED HIT BY VEHICLE FROM THE RIGHT.,1,215681,Not at intersection,3,30,Local Road,YOUNG,FRANKSTON,-38.14381,145.12524,2021,7,July,12,Midday,Weekday
T20210014906,2021-07-07,11:14:00,1,Collision with vehicle,3,Wednesday,113,RIGHT NEAR (INTERSECTIONS ONLY),1,730751,Cross intersection,2,60,Arterial Other,COX,GEELONG,-38.08186,144.34029,2021,7,July,11,Midday,Weekday
T20210014913,2021-07-07,10:05:00,4,Collision with a fixed object,3,Wednesday,171,LEFT OFF CARRIAGEWAY INTO OBJECT/PARKED VEHICLE,1,690559,Not at intersection,3,50,Local Road,FALLON,MORELAND,-37.770874,144.95483,2021,7,July,10,Midday,Weekday
T20210014914,2021-07-07,11:59:00,1,Collision with vehicle,3,Wednesday,113,RIGHT NEAR (INTERSECTIONS ONLY),1,35999,T intersection,3,60,Local Road,LYGON,MELBOURNE,-37.785526,144.96953,2021,7,July,11,Midday,Weekday
T20210014917,2021-07-07,11:50:00,4,Collision with a fixed object,3,Wednesday,173,RIGHT OFF CARRIAGEWAY INTO OBJECT/PARKED VEHICLE,1,36033,Cross intersection,3,40,Local Road,ALBERT,MORELAND,-37.769943,144.97198,2021,7,July,11,Midday,Weekday
T20210014924,2021-07-07,13:00:00,1,Collision with vehicle,3,Wednesday,130,REAR END(VEHICLES IN SAME LANE),1,69536,T intersection,3,60,Arterial Other,CENTRE,GLEN EIRA,-37.923084,145.07433,2021,7,July,13,Midday,Weekday
T20210014925,2021-07-07,12:23:00,1,Collision with vehicle,3,Wednesday,110,CROSS TRAFFIC(INTERSECTIONS ONLY),1,318059,Cross intersection,2,70,Arterial Other,FOOTSCRAY-CAROLINE SPRINGS,BRIMBANK,-37.768574,144.7681,2021,7,July,12,Midday,Weekday
T20210015014,2021-07-07,10:00:00,1,Collision with vehicle,3,Wednesday,130,REAR END(VEHICLES IN SAME LANE),1,689708,Not at intersection,3,50,Local Road,OAKLEIGH,GLEN EIRA,-37.89952,145.05605,2021,7,July,10,Midday,Weekday
T20210016463,2021-07-07,13:00:00,1,Collision with vehicle,3,Wednesday,130,REAR END(VEHICLES IN SAME LANE),1,689134,Not at intersection,3,80,Arterial Highway,GREENSBOROUGH,BANYULE,-37.6993,145.0911,2021,7,July,13,Midday,Weekday
T20210015105,2021-07-07,21:00:00,1,Collision with vehicle,3,Wednesday,120,HEAD ON (NOT OVERTAKING),3,693565,Not at intersection,3,60,Arterial Other,CHANDLER,DANDENONG,-37.97004,145.18654,2021,7,July,21,Night,Weekday
T20210015125,2021-07-07,06:40:00,1,Collision with vehicle,3,Wednesday,132,RIGHT REAR.,2,688024,Not at intersection,3,60,Arterial Highway,PUNT,PORT PHILLIP,-37.85673,144.9827,2021,7,July,6,Morning Peak,Weekday
T20210015617,2021-07-07,18:15:00,1,Collision with vehicle,3,Wednesday,121,RIGHT THROUGH,3,35321,Cross intersection,3,60,Local Road,DRUMMOND,MELBOURNE,-37.798836,144.96877,2021,7,July,18,Afternoon Peak,Weekday
T20210014969,2021-07-07,18:35:00,1,Collision with vehicle,3,Wednesday,110,CROSS TRAFFIC(INTERSECTIONS ONLY),3,43598,Cross intersection,2,80,Arterial Other,BAXTER-TOORADIN,MORNINGTON PENINSULA,-38.195793,145.16074,2021,7,July,18,Afternoon Peak,Weekday
T20210014994,2021-07-07,17:50:00,1,Collision with vehicle,3,Wednesday,121,RIGHT THROUGH,2,46899,T intersection,2,60,Arterial Other,MACEDON,HUME,-37.57921,144.73383,2021,7,July,17,Afternoon Peak,Weekday
T20210015005,2021-07-07,13:15:00,1,Collision with vehicle,3,Wednesday,134,LANE CHANGE RIGHT (NOT OVERTAKING),1,246339,Not at intersection,3,60,Arterial Other,STATION,WHITEHORSE,-37.84982,145.12009,2021,7,July,13,Midday,Weekday
T20210014988,2021-07-07,23:00:00,4,Collision with a fixed object,3,Wednesday,181,OFF RIGHT BEND INTO OBJECT/PARKED VEHICLE,5,687498,Not at intersection,3,80,Arterial Other,ARTHURS SEAT,MORNINGTON PENINSULA,-38.36258,144.97466,2021,7,July,23,Night,Weekday
T20210014901,2021-07-07,09:10:00,1,Collision with vehicle,3,Wednesday,110,CROSS TRAFFIC(INTERSECTIONS ONLY),1,41817,Cross intersection,3,60,Local Road,VIEW MOUNT,MONASH,-37.900124,145.17444,2021,7,July,9,Morning Peak,Weekday
T20210014948,2021-07-07,14:16:00,4,Collision with a fixed object,3,Wednesday,171,LEFT OFF CARRIAGEWAY INTO OBJECT/PARKED VEHICLE,1,687425,T intersection,3,60,Local Road,REID,MORNINGTON PENINSULA,-38.316036,145.19054,2021,7,July,14,Midday,Weekday
T20210014957,2021-07-07,16:55:00,1,Collision with vehicle,3,Wednesday,116,LEFT NEAR (INTERSECTIONS ONLY),2,51903,Cross intersection,3,80,Arterial Highway,MIDLAND,BENDIGO,-36.695965,144.3179,2021,7,July,16,Afternoon Peak,Weekday
T20210014959,2021-07-07,15:23:00,1,Collision with vehicle,3,Wednesday,147,VEHICLE STRIKES ANOTHER VEH WHILE EMERGING FROM DRIVEWAY,1,38054,T intersection,3,60,Arterial Highway,ALBERT,DAREBIN,-37.745388,145.02206,2021,7,July,15,Afternoon Peak,Weekday
T20210014960,2021-07-07,15:28:00,1,Collision with vehicle,3,Wednesday,110,CROSS TRAFFIC(INTERSECTIONS ONLY),1,234609,Cross intersection,3,80,Arterial Highway,WELLINGTON,MONASH,-37.91615,145.14015,2021,7,July,15,Afternoon Peak,Weekday
T20210014962,2021-07-07,16:40:00,4,Collision with a fixed object,3,Wednesday,151,OUT OF CONTROL (OVERTAKING),1,688028,Not at intersection,3,100,Arterial Other,GISBORNE-MELTON,MELTON,-37.61602,144.59286,2021,7,July,16,Afternoon Peak,Weekday
T20210014965,2021-07-07,18:00:00,4,Collision with a fixed object,3,Wednesday,171,LEFT OFF CARRIAGEWAY INTO OBJECT/PARKED VEHICLE,3,688027,Not at intersection,3,60,Local Road,PARKMORE,WHITEHORSE,-37.841774,145.17677,2021,7,July,18,Afternoon Peak,Weekday
T20210014967,2021-07-07,18:45:00,1,Collision with vehicle,3,Wednesday,110,CROSS TRAFFIC(INTERSECTIONS ONLY),3,51724,Cross intersection,3,60,Local Road,CARPENTER,BENDIGO,-36.79455,144.24289,2021,7,July,18,Afternoon Peak,Weekday
T20210015797,2021-07-07,18:00:00,1,Collision with vehicle,3,Wednesday,130,REAR END(VEHICLES IN SAME LANE),3,730779,Not at intersection,3,100,Freeway,METROPOLITAN RING,WHITTLESEA,-37.686142,145.06155,2021,7,July,18,Afternoon Peak,Weekday
T20210014970,2021-07-07,19:00:00,1,Collision with vehicle,3,Wednesday,121,RIGHT THROUGH,3,36835,Cross intersection,2,40,Arterial Other,KING,MELBOURNE,-37.814426,144.95482,2021,7,July,19,Night,Weekday
T20210014971,2021-07-07,17:37:00,1,Collision with vehicle,3,Wednesday,110,CROSS TRAFFIC(INTERSECTIONS ONLY),5,19387,Cross intersection,2,100,Arterial Other,CURR,CAMPASPE,-36.426228,144.98192,2021,7,July,17,Afternoon Peak,Weekday
T20210014972,2021-07-07,18:46:00,1,Collision with vehicle,3,Wednesday,110,CROSS TRAFFIC(INTERSECTIONS ONLY),3,43056,Cross intersection,3,60,Local Road,THOMAS,DANDENONG,-37.988213,145.21277,2021,7,July,18,Afternoon Peak,Weekday
T20210014974,2021-07-07,20:44:00,1,Collision with vehicle,3,Wednesday,147,VEHICLE STRIKES ANOTHER VEH WHILE EMERGING FROM DRIVEWAY,5,687622,Not at intersection,2,80,Arterial Other,BELGRAVE-HALLAM,CASEY,-37.978844,145.31189,2021,7,July,20,Night,Weekday
T20210015471,2021-07-07,09:05:00,1,Collision with vehicle,3,Wednesday,135,LANE CHANGE LEFT (NOT OVERTAKING),1,688023,Not at intersection,3,60,Arterial Other,ST GEORGES,YARRA,-37.7855,144.98195,2021,7,July,9,Morning Peak,Weekday
T20220002700,2021-07-07,23:30:00,8,No collision and no object struck,3,Wednesday,175,OFF END OF ROAD/T-INTERSECTION.,5,306669,Cross intersection,3,80,Local Road,WANGOOM-WARRUMYEA,MOYNE,-38.325306,142.58655,2021,7,July,23,Night,Weekday
T20210015899,2021-07-07,08:15:00,1,Collision with vehicle,3,Wednesday,130,REAR END(VEHICLES IN SAME LANE),1,778494,T intersection,3,60,Local Road,BARDWELL,HUME,-37.556572,144.85211,2021,7,July,8,Morning Peak,Weekday
T20210015425,2021-07-07,08:10:00,3,Struck animal,3,Wednesday,167,STRUCK ANIMAL,1,687810,Not at intersection,3,100,Arterial Other,GISBORNE,MOORABOOL,-37.620956,144.46942,2021,7,July,8,Morning Peak,Weekday
T20210015872,2021-07-07,15:20:00,1,Collision with vehicle,3,Wednesday,130,REAR END(VEHICLES IN SAME LANE),1,730782,Not at intersection,3,60,Arterial Highway,HIGH,BENDIGO,-36.80121,144.24283,2021,7,July,15,Afternoon Peak,Weekday
T20210014928,2021-07-07,11:25:00,4,Collision with a fixed object,3,Wednesday,183,OFF LEFT BEND INTO OBJECT/PARKED VEHICLE,1,688026,Not at intersection,3,100,Arterial Highway,MIDLAND,HEPBURN,-37.166355,144.1485,2021,7,July,11,Midday,Weekday
T20210014929,2021-07-07,13:30:00,1,Collision with vehicle,3,Wednesday,110,CROSS TRAFFIC(INTERSECTIONS ONLY),1,60482,Cross intersection,2,50,Local Road,TEMPLETON,MACEDON RANGES,-37.3583,144.53003,2021,7,July,13,Midday,Weekday
T20210014932,2021-07-07,12:30:00,4,Collision with a fixed object,3,Wednesday,181,OFF RIGHT BEND INTO OBJECT/PARKED VEHICLE,1,687423,Not at intersection,2,60,Arterial Other,BELGRAVE-GEMBROOK,YARRA RANGES,-37.91752,145.40218,2021,7,July,12,Midday,Weekday
T20210014933,2021-07-07,12:00:00,1,Collision with vehicle,3,Wednesday,110,CROSS TRAFFIC(INTERSECTIONS ONLY),1,60036,Cross intersection,2,50,Arterial Highway,NAPIER,CENTRAL GOLDFIELDS,-37.04839,143.739,2021,7,July,12,Midday,Weekday
T20210014885,2021-07-07,03:44:00,4,Collision with a fixed object,3,Wednesday,181,OFF RIGHT BEND INTO OBJECT/PARKED VEHICLE,5,693258,Not at intersection,2,100,Local Road,KING PARROT CREEK,MURRINDINDI,-37.180965,145.2508,2021,7,July,3,Late Night,Weekday
T20210014983,2021-07-07,20:00:00,1,Collision with vehicle,3,Wednesday,139,OTHER SAME DIRECTION-MANOUEVRES NOT INCLUDED IN DCAs 130-137,3,35581,T intersection,2,60,Arterial Highway,BELL,MORELAND,-37.73951,144.94847,2021,7,July,20,Night,Weekday
T20210018593,2021-07-07,18:24:00,2,Struck Pedestrian,3,Wednesday,100,PED NEAR SIDE. PED HIT BY VEHICLE FROM THE RIGHT.,5,64042,Cross intersection,2,50,Local Road,CANNING,MOONEE VALLEY,-37.770298,144.86237,2021,7,July,18,Afternoon Peak,Weekday
T20210014940,2021-07-07,07:30:00,3,Struck animal,3,Wednesday,167,STRUCK ANIMAL,2,688042,Not at intersection,3,100,Arterial Other,WANDONG,MITCHELL,-37.328228,144.98224,2021,7,July,7,Morning Peak,Weekday
T20210014945,2021-07-07,14:00:00,1,Collision with vehicle,3,Wednesday,131,LEFT REAR,1,687563,Cross intersection,3,50,Arterial Other,MAIR,BALLARAT,-37.55954,143.85664,2021,7,July,14,Midday,Weekday
T20210015398,2021-07-08,17:35:00,1,Collision with vehicle,4,Thursday,130,REAR END(VEHICLES IN SAME LANE),1,687809,Not at intersection,3,60,Arterial Other,CAMERON,CASEY,-38.10953,145.29059,2021,7,July,17,Afternoon Peak,Weekday
T20210015003,2021-07-08,08:52:00,1,Collision with vehicle,4,Thursday,160,VEHICLE COLLIDES WITH VEHICLE PARKED ON LEFT OF ROAD,1,690457,T intersection,3,50,Local Road,ANDERSON,YARRA RANGES,-37.75349,145.35588,2021,7,July,8,Morning Peak,Weekday
T20210015001,2021-07-08,08:40:00,1,Collision with vehicle,4,Thursday,160,VEHICLE COLLIDES WITH VEHICLE PARKED ON LEFT OF ROAD,1,730753,Not at intersection,3,60,Local Road,KING,SOUTH GIPPSLAND,-38.43144,145.81924,2021,7,July,8,Morning Peak,Weekday
T20210015050,2021-07-08,15:04:00,1,Collision with vehicle,4,Thursday,121,RIGHT THROUGH,1,610015,Cross intersection,2,80,Arterial Highway,NEPEAN,MORNINGTON PENINSULA,-38.166702,145.1016,2021,7,July,15,Afternoon Peak,Weekday
T20210015026,2021-07-08,11:50:00,6,Vehicle overturned (no collision),4,Thursday,182,OFF CARRIAGEWAY ON LEFT BEND,1,696294,Not at intersection,3,100,Arterial Other,WESTERNPORT,BAW BAW,-38.228264,145.7467,2021,7,July,11,Midday,Weekday
T20210015049,2021-07-08,17:35:00,1,Collision with vehicle,4,Thursday,121,RIGHT THROUGH,3,38552,T intersection,2,60,Arterial Other,WRIGHT,BRIMBANK,-37.795914,144.83029,2021,7,July,17,Afternoon Peak,Weekday
T20210014992,2021-07-08,07:55:00,6,Vehicle overturned (no collision),4,Thursday,180,OFF CARRIAGEWAY ON RIGHT BEND,1,695063,Not at intersection,3,100,Local Road,LAKE,SWAN HILL,-35.28057,143.47232,2021,7,July,7,Morning Peak,Weekday