ACCIDENT_NO,ACCIDENT_DATE,ACCIDENT_TIME,ACCIDENT_TYPE,ACCIDENT_TYPE_DESC,DAY_OF_WEEK,DAY_WEEK_DESC,DCA_CODE,DCA_DESC,LIGHT_CONDITION,NODE_ID,ROAD_GEOMETRY_DESC,SEVERITY,SPEED_ZONE,RMA,ROAD_NAME,LGA_NAME,LATITUDE,LONGITUDE,YEAR,MONTH,MONTH_NAME,HOUR,TIME_PERIOD,DAY_TYPE
T20210015004,2021-07-08,08:28:00,1,Collision with vehicle,4,Thursday,140,U TURN,1,711296,Not at intersection,2,100,Arterial Other,HEATHCOTE-KYNETON,MACEDON RANGES,-37.17403,144.48593,2021,7,July,8,Morning Peak,Weekday
T20210015000,2021-07-08,06:29:00,1,Collision with vehicle,4,Thursday,130,REAR END(VEHICLES IN SAME LANE),3,730752,Not at intersection,2,80,Freeway,HUME,HUME,-37.57959,144.9399,2021,7,July,6,Morning Peak,Weekday
T20210016414,2021-07-08,06:45:00,1,Collision with vehicle,4,Thursday,130,REAR END(VEHICLES IN SAME LANE),1,689086,Not at intersection,3,60,Arterial Other,ASCOT VALE,MOONEE VALLEY,-37.783882,144.922,2021,7,July,6,Morning Peak,Weekday
T20210015017,2021-07-08,10:32:00,1,Collision with vehicle,4,Thursday,132,RIGHT REAR.,1,690707,Not at intersection,2,80,Arterial Other,BALLARAT-MARYBOROUGH,BALLARAT,-37.504654,143.80562,2021,7,July,10,Midday,Weekday
T20210014991,2021-07-08,07:20:00,1,Collision with vehicle,4,Thursday,121,RIGHT THROUGH,1,35414,Cross intersection,3,60,Arterial Other,ALEXANDRA,STONNINGTON,-37.834843,144.99655,2021,7,July,7,Morning Peak,Weekday
T20210015545,2021-07-08,08:08:00,1,Collision with vehicle,4,Thursday,121,RIGHT THROUGH,1,37740,T intersection,3,60,Arterial Other,ALEXANDRA,STONNINGTON,-37.83532,145.00574,2021,7,July,8,Morning Peak,Weekday
T20210015372,2021-07-08,15:20:00,8,No collision and no object struck,4,Thursday,174,OUT OF CONTROL ON CARRIAGEWAY (ON STRAIGHT),1,687805,Not at intersection,3,80,Arterial Highway,PRINCES,DANDENONG,-37.943615,145.16815,2021,7,July,15,Afternoon Peak,Weekday
T20210015013,2021-07-08,11:28:00,1,Collision with vehicle,4,Thursday,132,RIGHT REAR.,1,57092,T intersection,2,60,Arterial Other,BOUNDARY,GEELONG,-38.17289,144.38371,2021,7,July,11,Midday,Weekday
T20210015070,2021-07-08,21:30:00,1,Collision with vehicle,4,Thursday,130,REAR END(VEHICLES IN SAME LANE),3,36331,T intersection,3,60,Local Road,LEE,MELBOURNE,-37.79085,144.96863,2021,7,July,21,Night,Weekday
T20210015037,2021-07-08,06:02:00,1,Collision with vehicle,4,Thursday,110,CROSS TRAFFIC(INTERSECTIONS ONLY),3,15197,Multiple intersection,2,50,Arterial Other,BELMORE,MOIRA,-36.01103,146.00449,2021,7,July,6,Morning Peak,Weekday
T20210014996,2021-07-08,08:03:00,2,Struck Pedestrian,4,Thursday,102,FAR SIDE. PED HIT BY VEHICLE FROM THE LEFT,1,688266,Multiple intersection,2,60,Arterial Other,BOUNDARY ROAD -FELLMONGERS,GEELONG,-38.180202,144.38235,2021,7,July,8,Morning Peak,Weekday
T20210015795,2021-07-08,11:40:00,1,Collision with vehicle,4,Thursday,132,RIGHT REAR.,9,358547,Cross intersection,3,70,Arterial Other,MAHONEYS,HUME,-37.68964,144.95801,2021,7,July,11,Midday,Weekday
T20210020452,2021-07-08,12:35:00,4,Collision with a fixed object,4,Thursday,173,RIGHT OFF CARRIAGEWAY INTO OBJECT/PARKED VEHICLE,1,695501,Not at intersection,3,50,Arterial Highway,COMMERCIAL,SOUTH GIPPSLAND,-38.431652,145.82352,2021,7,July,12,Midday,Weekday
T20210016925,2021-07-08,08:45:00,1,Collision with vehicle,4,Thursday,130,REAR END(VEHICLES IN SAME LANE),1,689688,Not at intersection,3,70,Arterial Other,SYDNEY,MORELAND,-37.69275,144.95848,2021,7,July,8,Morning Peak,Weekday
T20210015068,2021-07-08,16:30:00,6,Vehicle overturned (no collision),4,Thursday,174,OUT OF CONTROL ON CARRIAGEWAY (ON STRAIGHT),1,687552,Not at intersection,2,60,Arterial Other,HIGH,WHITTLESEA,-37.672436,145.01532,2021,7,July,16,Afternoon Peak,Weekday
T20210015012,2021-07-08,11:15:00,1,Collision with vehicle,4,Thursday,113,RIGHT NEAR (INTERSECTIONS ONLY),1,781306,Cross intersection,3,70,Arterial Highway,PLENTY,NILLUMBIK,-37.68657,145.06796,2021,7,July,11,Midday,Weekday
T20210016124,2021-07-08,23:00:00,8,No collision and no object struck,4,Thursday,180,OFF CARRIAGEWAY ON RIGHT BEND,5,688712,Not at intersection,2,100,Local Road,ROSS LAKE,HINDMARSH,-35.826202,141.91338,2021,7,July,23,Night,Weekday
T20210015011,2021-07-08,10:52:00,1,Collision with vehicle,4,Thursday,160,VEHICLE COLLIDES WITH VEHICLE PARKED ON LEFT OF ROAD,1,688465,Not at intersection,3,70,Arterial Highway,DANDENONG,PORT PHILLIP,-37.858345,144.99538,2021,7,July,10,Midday,Weekday
T20210016029,2021-07-08,22:30:00,8,No collision and no object struck,4,Thursday,174,OUT OF CONTROL ON CARRIAGEWAY (ON STRAIGHT),3,742357,Not at intersection,2,60,Local Road,SOUTHEAST,CARDINIA,-38.09763,145.48479,2021,7,July,22,Night,Weekday
T20210015062,2021-07-08,18:50:00,1,Collision with vehicle,4,Thursday,160,VEHICLE COLLIDES WITH VEHICLE PARKED ON LEFT OF ROAD,3,687706,Not at intersection,2,60,Arterial Other,WELLS,FRANKSTON,-38.121506,145.13515,2021,7,July,18,Afternoon Peak,Weekday
T20210015046,2021-07-08,08:20:00,1,Collision with vehicle,4,Thursday,130,REAR END(VEHICLES IN SAME LANE),1,687593,Not at intersection,2,60,Arterial Other,MILLERS,HOBSONS BAY,-37.829742,144.8485,2021,7,July,8,Morning Peak,Weekday
T20210018124,2021-07-08,09:50:00,1,Collision with vehicle,4,Thursday,121,RIGHT THROUGH,1,29709,Cross intersection,3,50,Local Road,GLADSTONE,DANDENONG,-37.97036,145.20476,2021,7,July,9,Morning Peak,Weekday
T20210015458,2021-07-08,12:00:00,1,Collision with vehicle,4,Thursday,130,REAR END(VEHICLES IN SAME LANE),9,688331,Not at intersection,3,70,Arterial Other,OLD GEELONG,WYNDHAM,-37.874737,144.71896,2021,7,July,12,Midday,Weekday
T20210015058,2021-07-08,18:05:00,1,Collision with vehicle,4,Thursday,113,RIGHT NEAR (INTERSECTIONS ONLY),3,687705,T intersection,3,60,Arterial Other,HIGH STREET,MONASH,-37.869213,145.12296,2021,7,July,18,Afternoon Peak,Weekday
T20210015045,2021-07-08,14:28:00,4,Collision with a fixed object,4,Thursday,171,LEFT OFF CARRIAGEWAY INTO OBJECT/PARKED VEHICLE,1,730755,Cross intersection,2,100,Arterial Highway,SURF COAST,SURF COAST,-38.28637,144.32538,2021,7,July,14,Midday,Weekday
T20210015023,2021-07-08,13:30:00,1,Collision with vehicle,4,Thursday,147,VEHICLE STRIKES ANOTHER VEH WHILE EMERGING FROM DRIVEWAY,1,687704,Not at intersection,2,70,Arterial Other,FERNTREE GULLY,MONASH,-37.901417,145.14362,2021,7,July,13,Midday,Weekday
T20210015032,2021-07-08,14:15:00,1,Collision with vehicle,4,Thursday,160,VEHICLE COLLIDES WITH VEHICLE PARKED ON LEFT OF ROAD,1,687609,Not at intersection,3,50,Local Road,KENT,MORELAND,-37.720097,144.93976,2021,7,July,14,Midday,Weekday
T20210015055,2021-07-08,16:40:00,6,Vehicle overturned (no collision),4,Thursday,174,OUT OF CONTROL ON CARRIAGEWAY (ON STRAIGHT),1,776844,T intersection,2,50,Local Road,DWYER,HUME,-37.525146,144.95729,2021,7,July,16,Afternoon Peak,Weekday
T20210015010,2021-07-08,11:37:00,1,Collision with vehicle,4,Thursday,110,CROSS TRAFFIC(INTERSECTIONS ONLY),1,342077,Cross intersection,2,60,Arterial Other,OLD PRINCES,CARDINIA,-38.051502,145.37468,2021,7,July,11,Midday,Weekday
T20210015054,2021-07-08,11:30:00,1,Collision with vehicle,4,Thursday,130,REAR END(VEHICLES IN SAME LANE),1,700057,Not at intersection,3,80,Arterial Other,LEARMONTH,BALLARAT,-37.525894,143.8105,2021,7,July,11,Midday,Weekday
T20210015053,2021-07-08,16:20:00,4,Collision with a fixed object,4,Thursday,173,RIGHT OFF CARRIAGEWAY INTO OBJECT/PARKED VEHICLE,1,687444,Not at intersection,2,60,Arterial Other,COTTRELL,WYNDHAM,-37.90253,144.65239,2021,7,July,16,Afternoon Peak,Weekday
T20210017402,2021-07-09,16:24:00,1,Collision with vehicle,5,Friday,130,REAR END(VEHICLES IN SAME LANE),1,690268,Not at intersection,3,100,Freeway,WESTERN RING,BRIMBANK,-37.717224,144.8737,2021,7,July,16,Afternoon Peak,Weekday
T20210015101,2021-07-09,12:05:00,1,Collision with vehicle,5,Friday,110,CROSS TRAFFIC(INTERSECTIONS ONLY),1,37825,Cross intersection,3,40,Local Road,RICHARDSON,YARRA,-37.78503,144.97609,2021,7,July,12,Midday,Weekday
T20210015155,2021-07-09,17:04:00,4,Collision with a fixed object,5,Friday,181,OFF RIGHT BEND INTO OBJECT/PARKED VEHICLE,2,692645,Not at intersection,1,100,Arterial Other,COLAC-BALLARAT,GOLDEN PLAINS,-37.875294,143.74554,2021,7,July,17,Afternoon Peak,Weekday
T20210015156,2021-07-09,22:07:00,4,Collision with a fixed object,5,Friday,171,LEFT OFF CARRIAGEWAY INTO OBJECT/PARKED VEHICLE,3,692095,Not at intersection,2,60,Local Road,KARADOC,MILDURA,-34.230495,142.167,2021,7,July,22,Night,Weekday
T20210015245,2021-07-09,13:30:00,8,No collision and no object struck,5,Friday,174,OUT OF CONTROL ON CARRIAGEWAY (ON STRAIGHT),1,694043,Not at intersection,2,100,Local Road,ELMORE-MITIAMO,CAMPASPE,-36.278427,144.29814,2021,7,July,13,Midday,Weekday
T20210015103,2021-07-09,12:30:00,1,Collision with vehicle,5,Friday,160,VEHICLE COLLIDES WITH VEHICLE PARKED ON LEFT OF ROAD,1,688547,Not at intersection,2,60,Arterial Other,EDGARS,WHITTLESEA,-37.671543,145.00224,2021,7,July,12,Midday,Weekday
T20210015119,2021-07-09,15:00:00,1,Collision with vehicle,5,Friday,132,RIGHT REAR.,1,45048,T intersection,2,60,Arterial Other,MCINTYRE,BRIMBANK,-37.760075,144.83186,2021,7,July,15,Afternoon Peak,Weekday
T20210015158,2021-07-09,21:44:00,4,Collision with a fixed object,5,Friday,173,RIGHT OFF CARRIAGEWAY INTO OBJECT/PARKED VEHICLE,3,689506,Not at intersection,3,80,Freeway,MT ALEXANDER-CITYLINK OUT,MELBOURNE,-37.78299,144.9394,2021,7,July,21,Night,Weekday
T20210016398,2021-07-09,08:10:00,1,Collision with vehicle,5,Friday,113,RIGHT NEAR (INTERSECTIONS ONLY),1,50479,T intersection,3,100,Arterial Highway,CALDER,MILDURA,-34.260628,142.18031,2021,7,July,8,Morning Peak,Weekday
T20210017757,2021-07-09,20:20:00,8,No collision and no object struck,5,Friday,149,OTHER MANOEUVRING NOT INCLUDED IN DCAs 140-148,9,690708,Not at intersection,3,40,Local Road,JANET,GEELONG,-38.166275,144.39119,2021,7,July,20,Night,Weekday
T20210015074,2021-07-09,03:38:00,1,Collision with vehicle,5,Friday,130,REAR END(VEHICLES IN SAME LANE),3,730756,Not at intersection,3,40,Freeway,WEST GATE,HOBSONS BAY,-37.8246,144.85997,2021,7,July,3,Late Night,Weekday
T20210015084,2021-07-09,07:25:00,6,Vehicle overturned (no collision),5,Friday,174,OUT OF CONTROL ON CARRIAGEWAY (ON STRAIGHT),1,711677,Not at intersection,3,100,Arterial Highway,MIDLAND,BENDIGO,-36.540905,144.578,2021,7,July,7,Morning Peak,Weekday
T20210015085,2021-07-09,08:30:00,1,Collision with vehicle,5,Friday,120,HEAD ON (NOT OVERTAKING),1,730757,Not at intersection,3,50,Local Road,PANORAMA,MORNINGTON PENINSULA,-38.285423,145.00421,2021,7,July,8,Morning Peak,Weekday
T20210015089,2021-07-09,09:01:00,1,Collision with vehicle,5,Friday,113,RIGHT NEAR (INTERSECTIONS ONLY),1,45376,Cross intersection,2,60,Local Road,FLETCHER,MOONEE VALLEY,-37.755302,144.92038,2021,7,July,9,Morning Peak,Weekday
T20210015096,2021-07-09,11:50:00,2,Struck Pedestrian,5,Friday,109,ANY MANOEUVRE INVOLVING PED NOT INCLUDED IN DCAs 100-108.,1,693563,Not at intersection,2,40,Local Road,HENRY,BOROONDARA,-37.820084,145.04286,2021,7,July,11,Midday,Weekday
T20210017777,2021-07-09,17:30:00,1,Collision with vehicle,5,Friday,130,REAR END(VEHICLES IN SAME LANE),3,690751,Not at intersection,3,60,Arterial Other,PASCOE VALE,HUME,-37.68927,144.91608,2021,7,July,17,Afternoon Peak,Weekday
T20210017778,2021-07-09,05:00:00,8,No collision and no object struck,5,Friday,174,OUT OF CONTROL ON CARRIAGEWAY (ON STRAIGHT),5,65622,T intersection,2,70,Arterial Other,BAYSWATER,MAROONDAH,-37.807514,145.27101,2021,7,July,5,Morning Peak,Weekday
T20210015148,2021-07-09,19:04:00,4,Collision with a fixed object,5,Friday,173,RIGHT OFF CARRIAGEWAY INTO OBJECT/PARKED VEHICLE,3,730761,Not at intersection,3,60,Arterial Highway,WARRIGAL,GLEN EIRA,-37.910244,145.08516,2021,7,July,19,Night,Weekday
T20210015145,2021-07-09,18:10:00,1,Collision with vehicle,5,Friday,113,RIGHT NEAR (INTERSECTIONS ONLY),3,687594,T intersection,2,70,Arterial Other,SOUTH,BAYSIDE,-37.931385,145.02066,2021,7,July,18,Afternoon Peak,Weekday
T20210015107,2021-07-09,14:46:00,2,Struck Pedestrian,5,Friday,107,PED ON FOOTHPATH STRUCK BY VEHENTERING/LEAVING DRIVEWAY.,1,687800,Not at intersection,2,50,Local Road,MINTERN,HORSHAM,-36.727512,142.17294,2021,7,July,14,Midday,Weekday
T20210015215,2021-07-09,17:30:00,1,Collision with vehicle,5,Friday,130,REAR END(VEHICLES IN SAME LANE),6,693568,Not at intersection,3,60,Arterial Other,WANTIRNA,MAROONDAH,-37.821793,145.22731,2021,7,July,17,Afternoon Peak,Weekday
T20210015144,2021-07-09,17:12:00,1,Collision with vehicle,5,Friday,148,VEHICLE OFF FOOTPATH STRIKES VEH ON CARRIAGEWAY,2,890,Cross intersection,2,80,Arterial Highway,FRANKSTON-DANDENONG,DANDENONG,-38.01461,145.21535,2021,7,July,17,Afternoon Peak,Weekday
T20210015220,2021-07-09,20:15:00,1,Collision with vehicle,5,Friday,121,RIGHT THROUGH,3,332439,Cross intersection,3,60,Arterial Other,CRAIGIEBURN,HUME,-37.593918,144.91006,2021,7,July,20,Night,Weekday
T20210015157,2021-07-09,16:20:00,1,Collision with vehicle,5,Friday,111,RIGHT FAR (INTERSECTIONS ONLY),1,45383,T intersection,3,60,Arterial Other,MT ALEXANDER,MOONEE VALLEY,-37.76162,144.92142,2021,7,July,16,Afternoon Peak,Weekday
T20210015140,2021-07-09,18:07:00,1,Collision with vehicle,5,Friday,110,CROSS TRAFFIC(INTERSECTIONS ONLY),3,241387,Cross intersection,2,60,Local Road,GHAZEEPORE,GEELONG,-38.215145,144.30115,2021,7,July,18,Afternoon Peak,Weekday
T20210015166,2021-07-09,22:50:00,1,Collision with vehicle,5,Friday,131,LEFT REAR,5,694078,T intersection,3,60,Local Road,KING,HORSHAM,-36.73339,142.19453,2021,7,July,22,Night,Weekday
T20210015139,2021-07-09,17:00:00,6,Vehicle overturned (no collision),5,Friday,170,OFF CARRIAGEWAY TO LEFT,2,693084,Not at intersection,2,60,Arterial Other,MIDDLEBOROUGH,WHITEHORSE,-37.837814,145.13496,2021,7,July,17,Afternoon Peak,Weekday
T20210015137,2021-07-09,14:57:00,1,Collision with vehicle,5,Friday,110,CROSS TRAFFIC(INTERSECTIONS ONLY),1,29845,Cross intersection,2,50,Local Road,EUGENIA,CASEY,-37.992477,145.23853,2021,7,July,14,Midday,Weekday
T20210015113,2021-07-09,13:48:00,1,Collision with vehicle,5,Friday,110,CROSS TRAFFIC(INTERSECTIONS ONLY),1,51032,Cross intersection,3,80,Local Road,CENTRAL,SHEPPARTON,-36.377594,145.46196,2021,7,July,13,Midday,Weekday
T20210015115,2021-07-09,15:20:00,1,Collision with vehicle,5,Friday,131,LEFT REAR,1,37491,Cross intersection,2,60,Arterial Other,FERRARS,PORT PHILLIP,-37.832214,144.95459,2021,7,July,15,Afternoon Peak,Weekday
T20210015135,2021-07-09,15:15:00,1,Collision with vehicle,5,Friday,110,CROSS TRAFFIC(INTERSECTIONS ONLY),1,61270,Cross intersection,2,70,Arterial Other,GISBORNE-MELTON,MELTON,-37.65494,144.60168,2021,7,July,15,Afternoon Peak,Weekday
T20210015097,2021-07-09,12:00:00,1,Collision with vehicle,5,Friday,130,REAR END(VEHICLES IN SAME LANE),1,693564,Not at intersection,3,60,Arterial Other,GILLIES,BALLARAT,-37.543625,143.82138,2021,7,July,12,Midday,Weekday
T20210015127,2021-07-09,16:57:00,8,No collision and no object struck,5,Friday,149,OTHER MANOEUVRING NOT INCLUDED IN DCAs 140-148,1,730760,T intersection,3,50,Local Road,BERKELEY,BOROONDARA,-37.83585,145.03596,2021,7,July,16,Afternoon Peak,Weekday
T20210015150,2021-07-09,16:56:00,1,Collision with vehicle,5,Friday,121,RIGHT THROUGH,1,57550,T intersection,3,60,Arterial Other,DERRIMUT,WYNDHAM,-37.890697,144.68018,2021,7,July,16,Afternoon Peak,Weekday
T20210015484,2021-07-09,18:29:00,1,Collision with vehicle,5,Friday,130,REAR END(VEHICLES IN SAME LANE),3,768796,Not at intersection,3,100,Freeway,BORONIA-EASTLINK IN,KNOX,-37.84251,145.21744,2021,7,July,18,Afternoon Peak,Weekday
T20210018552,2021-07-09,09:18:00,4,Collision with a fixed object,5,Friday,141,U TURN INTO FIXED OBJECT/PARKED VEHICLE,1,692310,Not at intersection,3,50,Local Road,BEACH,SURF COAST,-38.327003,144.32614,2021,7,July,9,Morning Peak,Weekday
T20210015152,2021-07-09,17:44:00,1,Collision with vehicle,5,Friday,130,REAR END(VEHICLES IN SAME LANE),3,706285,Not at intersection,2,100,Freeway,EASTLINK,MAROONDAH,-37.823513,145.21727,2021,7,July,17,Afternoon Peak,Weekday
T20210015370,2021-07-09,18:50:00,1,Collision with vehicle,5,Friday,130,REAR END(VEHICLES IN SAME LANE),5,689603,Not at intersection,3,100,Freeway,WESTERN,MELTON,-37.781166,144.74771,2021,7,July,18,Afternoon Peak,Weekday
T20210015320,2021-07-09,19:00:00,4,Collision with a fixed object,5,Friday,173,RIGHT OFF CARRIAGEWAY INTO OBJECT/PARKED VEHICLE,2,53135,T intersection,3,60,Local Road,FOURTEENTH,MILDURA,-34.195248,142.14342,2021,7,July,19,Night,Weekday
T20210017881,2021-07-09,19:45:00,1,Collision with vehicle,5,Friday,130,REAR END(VEHICLES IN SAME LANE),2,53353,T intersection,3,80,Arterial Other,NARRE WARREN,CASEY,-38.103355,145.29178,2021,7,July,19,Night,Weekday
T20210019003,2021-07-09,17:00:00,6,Vehicle overturned (no collision),5,Friday,174,OUT OF CONTROL ON CARRIAGEWAY (ON STRAIGHT),2,692468,Cross intersection,3,70,Arterial Other,POUND,CASEY,-38.02586,145.25026,2021,7,July,17,Afternoon Peak,Weekday
T20210016404,2021-07-09,17:10:00,1,Collision with vehicle,5,Friday,130,REAR END(VEHICLES IN SAME LANE),2,691027,Not at intersection,3,60,Arterial Other,HOTHAM,GLEN EIRA,-37.867645,144.9998,2021,7,July,17,Afternoon Peak,Weekday
T20210015099,2021-07-09,11:30:00,1,Collision with vehicle,5,Friday,113,RIGHT NEAR (INTERSECTIONS ONLY),1,298824,T intersection,2,80,Local Road,BANNONS,NILLUMBIK,-37.61082,145.17476,2021,7,July,11,Midday,Weekday
T20210015424,2021-07-09,15:50:00,1,Collision with vehicle,5,Friday,130,REAR END(VEHICLES IN SAME LANE),1,688046,Not at intersection,3,100,Freeway,MONASH,CASEY,-38.002617,145.29628,2021,7,July,15,Afternoon Peak,Weekday
T20210015985,2021-07-09,19:25:00,1,Collision with vehicle,5,Friday,133,LANE SIDE SWIPE (VEHICLES IN PARALLEL LANES),3,688491,Not at intersection,3,50,Local Road,LYGON,MORELAND,-37.771145,144.97176,2021,7,July,19,Night,Weekday
T20210015149,2021-07-09,18:00:00,4,Collision with a fixed object,5,Friday,171,LEFT OFF CARRIAGEWAY INTO OBJECT/PARKED VEHICLE,3,699130,T intersection,3,50,Local Road,WEBSTER,CARDINIA,-38.08752,145.48538,2021,7,July,18,Afternoon Peak,Weekday
T20210017143,2021-07-09,11:23:00,1,Collision with vehicle,5,Friday,130,REAR END(VEHICLES IN SAME LANE),1,691289,Not at intersection,2,70,Arterial Other,BULLA,MOONEE VALLEY,-37.73827,144.9064,2021,7,July,11,Midday,Weekday
T20210015118,2021-07-09,15:10:00,1,Collision with vehicle,5,Friday,121,RIGHT THROUGH,1,603055,Not at intersection,2,60,Arterial Other,NORMANBY,MELBOURNE,-37.826015,144.9555,2021,7,July,15,Afternoon Peak,Weekday
T20210015422,2021-07-09,16:30:00,1,Collision with vehicle,5,Friday,130,REAR END(VEHICLES IN SAME LANE),9,689689,Not at intersection,3,100,Freeway,WESTERN,MELTON,-37.746387,144.70375,2021,7,July,16,Afternoon Peak,Weekday
T20210015138,2021-07-09,18:00:00,1,Collision with vehicle,5,Friday,130,REAR END(VEHICLES IN SAME LANE),3,688946,Not at intersection,3,80,Arterial Highway,SOUTH GIPPSLAND,CASEY,-38.075455,145.27208,2021,7,July,18,Afternoon Peak,Weekday
T20210015100,2021-07-09,11:35:00,1,Collision with vehicle,5,Friday,110,CROSS TRAFFIC(INTERSECTIONS ONLY),1,20832,Cross intersection,3,60,Local Road,MCNAIRN,LATROBE,-38.203037,146.56067,2021,7,July,11,Midday,Weekday
T20210015154,2021-07-09,21:32:00,2,Struck Pedestrian,5,Friday,100,PED NEAR SIDE. PED HIT BY VEHICLE FROM THE RIGHT.,3,688545,Cross intersection,3,60,Arterial Other,NORMANBY,MELBOURNE,-37.82538,144.95697,2021,7,July,21,Night,Weekday
T20210015679,2021-07-09,10:45:00,6,Vehicle overturned (no collision),5,Friday,174,OUT OF CONTROL ON CARRIAGEWAY (ON STRAIGHT),1,37787,T intersection,3,50,Local Road,CHASTLETON,STONNINGTON,-37.83508,145.01495,2021,7,July,10,Midday,Weekday
T20210015236,2021-07-10,01:00:00,6,Vehicle overturned (no collision),6,Saturday,172,OFF CARRIAGEWAY TO RIGHT,5,690778,Not at intersection,2,50,Local Road,STRATHTULLOH,MELTON,-37.741024,144.60854,2021,7,July,1,Late Night,Weekend
T20210015840,2021-07-10,15:09:00,1,Collision with vehicle,6,Saturday,135,LANE CHANGE LEFT (NOT OVERTAKING),1,692213,Not at intersection,3,60,Arterial Other,CANTERBURY,WHITEHORSE,-37.826694,145.10385,2021,7,July,15,Afternoon Peak,Weekend
T20210015717,2021-07-10,11:40:00,1,Collision with vehicle,6,Saturday,130,REAR END(VEHICLES IN SAME LANE),1,691025,Not at intersection,3,60,Arterial Other,FITZGERALD,WYNDHAM,-37.84394,144.78209,2021,7,July,11,Midday,Weekend
T20210015231,2021-07-10,02:35:00,4,Collision with a fixed object,6,Saturday,199,UNKNOWN-NO DETAILS ON MANOEUVRES OF ROAD-USERS IN ACCIDENT,3,695203,Not at intersection,3,80,Arterial Highway,MIDLAND,SHEPPARTON,-36.40052,145.31728,2021,7,July,2,Late Night,Weekend
T20210015226,2021-07-10,21:50:00,1,Collision with vehicle,6,Saturday,130,REAR END(VEHICLES IN SAME LANE),3,29401,Cross intersection,2,40,Arterial Other,JOHNSTON,YARRA,-37.79846,144.97958,2021,7,July,21,Night,Weekend
T20210016549,2021-07-10,11:40:00,1,Collision with vehicle,6,Saturday,132,RIGHT REAR.,1,692846,Cross intersection,2,80,Arterial Other,FITZGERALD,WYNDHAM,-37.844086,144.78204,2021,7,July,11,Midday,Weekend
T20210015696,2021-07-10,21:00:00,2,Struck Pedestrian,6,Saturday,100,PED NEAR SIDE. PED HIT BY VEHICLE FROM THE RIGHT.,3,29460,Cross intersection,2,60,Arterial Highway,KINGS,MELBOURNE,-37.830612,144.9652,2021,7,July,21,Night,Weekend
T20210015225,2021-07-10,19:45:00,1,Collision with vehicle,6,Saturday,121,RIGHT THROUGH,2,332537,Cross intersection,2,70,Arterial Highway,KINGSBURY,DAREBIN,-37.71695,145.04283,2021,7,July,19,Night,Weekend
T20210015177,2021-07-10,09:07:00,1,Collision with vehicle,6,Saturday,160,VEHICLE COLLIDES WITH VEHICLE PARKED ON LEFT OF ROAD,1,730763,T intersection,3,60,Local Road,HEYERS,GEELONG,-38.20819,144.33679,2021,7,July,9,Morning Peak,Weekend
T20210015175,2021-07-10,06:40:00,4,Collision with a fixed object,6,Saturday,183,OFF LEFT BEND INTO OBJECT/PARKED VEHICLE,3,701039,Not at intersection,2,60,Arterial Other,LORIMER,MELBOURNE,-37.820843,144.91974,2021,7,July,6,Morning Peak,Weekend
T20210015163,2021-07-10,00:20:00,1,Collision with vehicle,6,Saturday,121,RIGHT THROUGH,3,227128,T intersection,2,70,Arterial Highway,PLENTY,DAREBIN,-37.70393,145.05556,2021,7,July,0,Late Night,Weekend
T20210015539,2021-07-10,21:47:00,1,Collision with vehicle,6,Saturday,160,VEHICLE COLLIDES WITH VEHICLE PARKED ON LEFT OF ROAD,3,688715,Multiple intersection,2,100,Freeway,PRINCES IN-AVIATION,WYNDHAM,-37.868828,144.75925,2021,7,July,21,Night,Weekend
T20210015222,2021-07-10,20:20:00,1,Collision with vehicle,6,Saturday,160,VEHICLE COLLIDES WITH VEHICLE PARKED ON LEFT OF ROAD,5,687610,Not at intersection,3,50,Local Road,TAMWORTH,YARRA RANGES,-37.803715,145.32457,2021,7,July,20,Night,Weekend
T20210015219,2021-07-10,17:30:00,2,Struck Pedestrian,6,Saturday,100,PED NEAR SIDE. PED HIT BY VEHICLE FROM THE RIGHT.,3,52218,Cross intersection,2,40,Local Road,FRANKLIN,LATROBE,-38.196247,146.53798,2021,7,July,17,Afternoon Peak,Weekend
T20210015218,2021-07-10,15:30:00,1,Collision with vehicle,6,Saturday,132,RIGHT REAR.,5,57068,T intersection,3,80,Arterial Highway,WARBURTON,YARRA RANGES,-37.77598,145.4859,2021,7,July,15,Afternoon Peak,Weekend
T20210015217,2021-07-10,17:20:00,3,Struck animal,6,Saturday,167,STRUCK ANIMAL,2,688016,Not at intersection,2,100,Arterial Other,WELLINGTON,YARRA RANGES,-37.95982,145.37248,2021,7,July,17,Afternoon Peak,Weekend
T20210017244,2021-07-10,07:10:00,1,Collision with vehicle,6,Saturday,120,HEAD ON (NOT OVERTAKING),1,690023,Not at intersection,3,60,Arterial Other,BALLAN,WYNDHAM,-37.864693,144.60326,2021,7,July,7,Morning Peak,Weekend
T20210015253,2021-07-10,18:00:00,1,Collision with vehicle,6,Saturday,130,REAR END(VEHICLES IN SAME LANE),2,687709,Not at intersection,3,60,Arterial Other,JOLIMONT,MELBOURNE,-37.81657,144.97888,2021,7,July,18,Afternoon Peak,Weekend
T20210015453,2021-07-10,12:45:00,1,Collision with vehicle,6,Saturday,137,LEFT TURN SIDESWIPE,1,241,Cross intersection,3,60,Local Road,ALBERT,MELBOURNE,-37.809246,144.97298,2021,7,July,12,Midday,Weekend
T20210015232,2021-07-10,18:00:00,4,Collision with a fixed object,6,Saturday,171,LEFT OFF CARRIAGEWAY INTO OBJECT/PARKED VEHICLE,3,348776,Not at intersection,3,50,Local Road,GORDON,LATROBE,-38.19134,146.53603,2021,7,July,18,Afternoon Peak,Weekend