ACCIDENT_NO,ACCIDENT_DATE,ACCIDENT_TIME,ACCIDENT_TYPE,ACCIDENT_TYPE_DESC,DAY_OF_WEEK,DAY_WEEK_DESC,DCA_CODE,DCA_DESC,LIGHT_CONDITION,NODE_ID,ROAD_GEOMETRY_DESC,SEVERITY,SPEED_ZONE,RMA,ROAD_NAME,LGA_NAME,LATITUDE,LONGITUDE,YEAR,MONTH,MONTH_NAME,HOUR,TIME_PERIOD,DAY_TYPE
T20210015438,2021-07-10,11:12:00,1,Collision with vehicle,6,Saturday,130,REAR END(VEHICLES IN SAME LANE),1,207874,Not at intersection,2,50,Arterial Highway,POINT NEPEAN,MORNINGTON PENINSULA,-38.35826,144.8957,2021,7,July,11,Midday,Weekend
T20210015401,2021-07-10,13:45:00,1,Collision with vehicle,6,Saturday,121,RIGHT THROUGH,1,47646,T intersection,3,60,Arterial Other,HUNTINGDALE,MONASH,-37.870823,145.11116,2021,7,July,13,Midday,Weekend
T20210018718,2021-07-10,19:10:00,1,Collision with vehicle,6,Saturday,132,RIGHT REAR.,9,699486,Not at intersection,3,60,Local Road,SOMERSET,HUME,-37.678555,144.95732,2021,7,July,19,Night,Weekend
T20210015180,2021-07-10,09:22:00,1,Collision with vehicle,6,Saturday,132,RIGHT REAR.,1,35657,T intersection,2,80,Arterial Other,FRANKSTON-FLINDERS,MORNINGTON PENINSULA,-38.250916,145.19081,2021,7,July,9,Morning Peak,Weekend
T20210016733,2021-07-10,12:00:00,2,Struck Pedestrian,6,Saturday,101,PED EMERGES FROM IN FRONT OF PARKED OR STATIONARY VEHICLE,9,36695,T intersection,3,50,Arterial Other,JOHNSTON,YARRA,-37.800037,144.99495,2021,7,July,12,Midday,Weekend
T20210015228,2021-07-10,16:45:00,2,Struck Pedestrian,6,Saturday,100,PED NEAR SIDE. PED HIT BY VEHICLE FROM THE RIGHT.,1,688043,Not at intersection,2,40,Local Road,COMO,KINGSTON,-37.992428,145.0752,2021,7,July,16,Afternoon Peak,Weekend
T20210015183,2021-07-10,11:03:00,1,Collision with vehicle,6,Saturday,110,CROSS TRAFFIC(INTERSECTIONS ONLY),1,243224,Cross intersection,2,80,Local Road,RING,BALLARAT,-37.53989,143.80081,2021,7,July,11,Midday,Weekend
T20210015185,2021-07-10,11:00:00,1,Collision with vehicle,6,Saturday,160,VEHICLE COLLIDES WITH VEHICLE PARKED ON LEFT OF ROAD,1,688988,Not at intersection,3,50,Local Road,ESPLANADE,HOBSONS BAY,-37.871216,144.83464,2021,7,July,11,Midday,Weekend
T20210015186,2021-07-10,11:53:00,1,Collision with vehicle,6,Saturday,121,RIGHT THROUGH,1,40443,Multiple intersection,3,40,Arterial Other,MALVERN,STONNINGTON,-37.860073,145.05707,2021,7,July,11,Midday,Weekend
T20210015187,2021-07-10,12:30:00,1,Collision with vehicle,6,Saturday,132,RIGHT REAR.,1,254869,T intersection,3,60,Arterial Other,LA TROBE,BALLARAT,-37.571323,143.82333,2021,7,July,12,Midday,Weekend
T20210015188,2021-07-10,09:00:00,1,Collision with vehicle,6,Saturday,110,CROSS TRAFFIC(INTERSECTIONS ONLY),1,687707,Cross intersection,3,100,Local Road,CARNGHAM-STREATHAM,PYRENEES,-37.61309,143.34868,2021,7,July,9,Morning Peak,Weekend
T20210015189,2021-07-10,11:30:00,2,Struck Pedestrian,6,Saturday,100,PED NEAR SIDE. PED HIT BY VEHICLE FROM THE RIGHT.,1,690387,T intersection,2,60,Local Road,LATJE,SWAN HILL,-34.582703,142.7717,2021,7,July,11,Midday,Weekend
T20210015190,2021-07-10,14:00:00,1,Collision with vehicle,6,Saturday,140,U TURN,1,687553,Not at intersection,2,70,Arterial Other,BALLARAT,BRIMBANK,-37.770863,144.79742,2021,7,July,14,Midday,Weekend
T20210015227,2021-07-10,21:35:00,1,Collision with vehicle,6,Saturday,121,RIGHT THROUGH,3,248273,Cross intersection,2,50,Local Road,MOORE,MELBOURNE,-37.82339,144.96603,2021,7,July,21,Night,Weekend
T20210015194,2021-07-10,12:10:00,1,Collision with vehicle,6,Saturday,139,OTHER SAME DIRECTION-MANOUEVRES NOT INCLUDED IN DCAs 130-137,1,730764,Not at intersection,3,80,Arterial Highway,DANDENONG,GLEN EIRA,-37.87393,145.03836,2021,7,July,12,Midday,Weekend
T20210016437,2021-07-10,00:20:00,1,Collision with vehicle,6,Saturday,124,RIGHT/RIGHT BOTH VEHs FROM OPPOSITE DIRECTIONS TURNING RIGHT,3,52909,Cross intersection,3,50,Arterial Highway,DOVETON,BALLARAT,-37.565903,143.85402,2021,7,July,0,Late Night,Weekend
T20210015494,2021-07-10,10:10:00,1,Collision with vehicle,6,Saturday,171,LEFT OFF CARRIAGEWAY INTO OBJECT/PARKED VEHICLE,1,687942,Not at intersection,3,60,Local Road,OLD SALE,LATROBE,-38.175877,146.2884,2021,7,July,10,Midday,Weekend
T20210015267,2021-07-10,14:43:00,1,Collision with vehicle,6,Saturday,110,CROSS TRAFFIC(INTERSECTIONS ONLY),1,36395,Cross intersection,2,50,Local Road,CANNING,MELBOURNE,-37.795216,144.97331,2021,7,July,14,Midday,Weekend
T20210015268,2021-07-10,17:50:00,1,Collision with vehicle,6,Saturday,130,REAR END(VEHICLES IN SAME LANE),9,688329,Not at intersection,3,60,Local Road,MORRIS,WYNDHAM,-37.846172,144.70714,2021,7,July,17,Afternoon Peak,Weekend
T20210015525,2021-07-10,17:00:00,2,Struck Pedestrian,6,Saturday,106,VEH STRIKES PED ON FOOTPATH/MEDIAN/TRAFFIC ISLAND.,1,38766,Cross intersection,2,50,Local Road,ALBERT,MARIBYRNONG,-37.80074,144.89801,2021,7,July,17,Afternoon Peak,Weekend
T20210015527,2021-07-10,15:34:00,2,Struck Pedestrian,6,Saturday,101,PED EMERGES FROM IN FRONT OF PARKED OR STATIONARY VEHICLE,1,688658,Not at intersection,3,40,Local Road,ALEXANDRA,MELBOURNE,-37.823845,144.97688,2021,7,July,15,Afternoon Peak,Weekend
T20210015210,2021-07-10,13:47:00,2,Struck Pedestrian,6,Saturday,106,VEH STRIKES PED ON FOOTPATH/MEDIAN/TRAFFIC ISLAND.,1,692054,T intersection,2,50,Local Road,ARNOLD,YARRA,-37.78028,144.96574,2021,7,July,13,Midday,Weekend
T20210015208,2021-07-10,16:10:00,1,Collision with vehicle,6,Saturday,116,LEFT NEAR (INTERSECTIONS ONLY),2,63338,T intersection,2,50,Local Road,BEVERLEY,BANYULE,-37.74991,145.0787,2021,7,July,16,Afternoon Peak,Weekend
T20210015203,2021-07-10,11:45:00,1,Collision with vehicle,6,Saturday,139,OTHER SAME DIRECTION-MANOUEVRES NOT INCLUDED IN DCAs 130-137,1,693365,Not at intersection,3,40,Arterial Highway,NEPEAN,KINGSTON,-38.05607,145.1176,2021,7,July,11,Midday,Weekend
T20210015196,2021-07-10,11:35:00,1,Collision with vehicle,6,Saturday,131,LEFT REAR,1,691428,Not at intersection,2,50,Local Road,MASON,HUME,-37.67049,144.96698,2021,7,July,11,Midday,Weekend
T20210015278,2021-07-10,15:36:00,1,Collision with vehicle,6,Saturday,113,RIGHT NEAR (INTERSECTIONS ONLY),1,38531,Cross intersection,2,60,Arterial Other,LITTLE BOUNDARY,WYNDHAM,-37.81877,144.8191,2021,7,July,15,Afternoon Peak,Weekend
T20210015277,2021-07-11,15:12:00,1,Collision with vehicle,7,Sunday,113,RIGHT NEAR (INTERSECTIONS ONLY),1,58721,T intersection,2,60,Local Road,LOWANNA,WODONGA,-36.137726,146.88303,2021,7,July,15,Afternoon Peak,Weekend
T20210015244,2021-07-11,05:59:00,4,Collision with a fixed object,7,Sunday,175,OFF END OF ROAD/T-INTERSECTION.,2,52408,T intersection,2,100,Arterial Highway,WHITELAW,SOUTH GIPPSLAND,-38.57639,146.02403,2021,7,July,5,Morning Peak,Weekend
T20210015712,2021-07-11,15:30:00,5,collision with some other object,7,Sunday,166,STRUCK OBJECT ON CARRIAGEWAY,1,310071,Cross intersection,3,50,Local Road,SAXONY,WHITTLESEA,-37.635895,145.02113,2021,7,July,15,Afternoon Peak,Weekend
T20210015238,2021-07-11,00:30:00,4,Collision with a fixed object,7,Sunday,173,RIGHT OFF CARRIAGEWAY INTO OBJECT/PARKED VEHICLE,3,730766,Not at intersection,3,80,Arterial Highway,SOUTH GIPPSLAND,DANDENONG,-38.018623,145.23575,2021,7,July,0,Late Night,Weekend
T20210016432,2021-07-11,12:15:00,5,collision with some other object,7,Sunday,166,STRUCK OBJECT ON CARRIAGEWAY,1,689046,Not at intersection,3,100,Freeway,WESTERN,BRIMBANK,-37.798542,144.77141,2021,7,July,12,Midday,Weekend
T20210015305,2021-07-11,23:48:00,1,Collision with vehicle,7,Sunday,160,VEHICLE COLLIDES WITH VEHICLE PARKED ON LEFT OF ROAD,3,691023,Not at intersection,3,60,Arterial Highway,ST GEORGES,DAREBIN,-37.75674,144.99355,2021,7,July,23,Night,Weekend
T20210017997,2021-07-11,14:25:00,1,Collision with vehicle,7,Sunday,136,RIGHT TURN SIDESWIPE,1,694157,Cross intersection,3,80,Arterial Other,BERWICK-CRANBOURNE,CASEY,-38.08947,145.33308,2021,7,July,14,Midday,Weekend
T20210015294,2021-07-11,15:47:00,1,Collision with vehicle,7,Sunday,111,RIGHT FAR (INTERSECTIONS ONLY),1,59468,T intersection,2,100,Arterial Highway,WESTERN,HORSHAM,-36.67417,142.15723,2021,7,July,15,Afternoon Peak,Weekend
T20210015293,2021-07-11,21:05:00,1,Collision with vehicle,7,Sunday,149,OTHER MANOEUVRING NOT INCLUDED IN DCAs 140-148,3,41698,T intersection,3,80,Arterial Highway,NORTH,MONASH,-37.91323,145.11848,2021,7,July,21,Night,Weekend
T20210015292,2021-07-11,19:26:00,1,Collision with vehicle,7,Sunday,130,REAR END(VEHICLES IN SAME LANE),3,768676,Not at intersection,3,60,Arterial Other,KEILOR,MOONEE VALLEY,-37.74257,144.90529,2021,7,July,19,Night,Weekend
T20210015519,2021-07-11,13:45:00,2,Struck Pedestrian,7,Sunday,107,PED ON FOOTHPATH STRUCK BY VEHENTERING/LEAVING DRIVEWAY.,1,689413,Not at intersection,3,60,Arterial Other,PASCOE,MORELAND,-37.71633,144.93488,2021,7,July,13,Midday,Weekend
T20210015518,2021-07-11,13:45:00,2,Struck Pedestrian,7,Sunday,107,PED ON FOOTHPATH STRUCK BY VEHENTERING/LEAVING DRIVEWAY.,1,693034,Not at intersection,3,60,Arterial Other,PASCOE,MORELAND,-37.716324,144.93483,2021,7,July,13,Midday,Weekend
T20210015247,2021-07-11,10:00:00,8,No collision and no object struck,7,Sunday,174,OUT OF CONTROL ON CARRIAGEWAY (ON STRAIGHT),1,36714,Cross intersection,3,50,Arterial Other,COSTER STREET -SAMARIA,BENALLA,-36.556644,145.99554,2021,7,July,10,Midday,Weekend
T20210015290,2021-07-11,19:48:00,4,Collision with a fixed object,7,Sunday,173,RIGHT OFF CARRIAGEWAY INTO OBJECT/PARKED VEHICLE,3,710525,Not at intersection,2,70,Arterial Other,BALLARAT,MARIBYRNONG,-37.780594,144.85944,2021,7,July,19,Night,Weekend
T20210015260,2021-07-11,12:00:00,1,Collision with vehicle,7,Sunday,171,LEFT OFF CARRIAGEWAY INTO OBJECT/PARKED VEHICLE,1,29549,T intersection,3,60,Arterial Other,AUBURN,BOROONDARA,-37.815815,145.0463,2021,7,July,12,Midday,Weekend
T20210015254,2021-07-11,10:40:00,1,Collision with vehicle,7,Sunday,113,RIGHT NEAR (INTERSECTIONS ONLY),1,235160,Cross intersection,3,80,Arterial Highway,MAROONDAH,YARRA RANGES,-37.758392,145.31624,2021,7,July,10,Midday,Weekend
T20210015239,2021-07-11,00:45:00,1,Collision with vehicle,7,Sunday,160,VEHICLE COLLIDES WITH VEHICLE PARKED ON LEFT OF ROAD,3,688327,Not at intersection,3,50,Local Road,WOODLEA,MELTON,-37.719337,144.65666,2021,7,July,0,Late Night,Weekend
T20210015266,2021-07-11,03:57:00,4,Collision with a fixed object,7,Sunday,183,OFF LEFT BEND INTO OBJECT/PARKED VEHICLE,5,687989,Not at intersection,1,100,Local Road,RIVERSDALE,WELLINGTON,-38.017303,146.96228,2021,7,July,3,Late Night,Weekend
T20210015258,2021-07-11,10:08:00,1,Collision with vehicle,7,Sunday,110,CROSS TRAFFIC(INTERSECTIONS ONLY),1,35396,Cross intersection,3,40,Local Road,MONTAGUE,PORT PHILLIP,-37.838535,144.95471,2021,7,July,10,Midday,Weekend
T20210015289,2021-07-11,17:01:00,1,Collision with vehicle,7,Sunday,120,HEAD ON (NOT OVERTAKING),3,690340,Not at intersection,3,60,Arterial Other,CLEGG,YARRA RANGES,-37.784664,145.40506,2021,7,July,17,Afternoon Peak,Weekend
T20210015284,2021-07-11,18:00:00,6,Vehicle overturned (no collision),7,Sunday,174,OUT OF CONTROL ON CARRIAGEWAY (ON STRAIGHT),2,687712,Not at intersection,2,80,Arterial Other,FERNTREE GULLY,KNOX,-37.897984,145.24084,2021,7,July,18,Afternoon Peak,Weekend
T20210015288,2021-07-11,18:58:00,2,Struck Pedestrian,7,Sunday,106,VEH STRIKES PED ON FOOTPATH/MEDIAN/TRAFFIC ISLAND.,3,51076,Cross intersection,3,60,Arterial Highway,WYNDHAM,SHEPPARTON,-36.385227,145.3985,2021,7,July,18,Afternoon Peak,Weekend
T20210015282,2021-07-11,16:44:00,1,Collision with vehicle,7,Sunday,113,RIGHT NEAR (INTERSECTIONS ONLY),1,57835,T intersection,3,60,Arterial Other,CRAIGIEBURN,HUME,-37.59724,144.9252,2021,7,July,16,Afternoon Peak,Weekend
T20210015264,2021-07-11,13:40:00,1,Collision with vehicle,7,Sunday,121,RIGHT THROUGH,1,50421,Cross intersection,3,60,Arterial Highway,PHILLIP ISLAND,BASS COAST,-38.515644,145.35945,2021,7,July,13,Midday,Weekend
T20210015270,2021-07-11,15:00:00,1,Collision with vehicle,7,Sunday,130,REAR END(VEHICLES IN SAME LANE),1,688852,Not at intersection,2,60,Arterial Other,BEACONSFIELD,PORT PHILLIP,-37.8493,144.95174,2021,7,July,15,Afternoon Peak,Weekend
T20210016688,2021-07-11,16:30:00,1,Collision with vehicle,7,Sunday,130,REAR END(VEHICLES IN SAME LANE),1,693938,Not at intersection,3,80,Freeway,MONASH,MONASH,-37.898323,145.14941,2021,7,July,16,Afternoon Peak,Weekend
T20210015286,2021-07-11,16:30:00,4,Collision with a fixed object,7,Sunday,173,RIGHT OFF CARRIAGEWAY INTO OBJECT/PARKED VEHICLE,1,43501,T intersection,3,70,Arterial Other,CRANBOURNE,FRANKSTON,-38.147385,145.1412,2021,7,July,16,Afternoon Peak,Weekend
T20210020462,2021-07-11,22:15:00,1,Collision with vehicle,7,Sunday,130,REAR END(VEHICLES IN SAME LANE),3,694475,Not at intersection,3,70,Arterial Other,COOPER,WHITTLESEA,-37.651176,145.01584,2021,7,July,22,Night,Weekend
T20210015313,2021-07-11,00:50:00,1,Collision with vehicle,7,Sunday,121,RIGHT THROUGH,5,227929,T intersection,3,80,Arterial Other,PRINCES,CARDINIA,-38.055233,145.3816,2021,7,July,0,Late Night,Weekend
T20210015312,2021-07-11,13:30:00,4,Collision with a fixed object,7,Sunday,183,OFF LEFT BEND INTO OBJECT/PARKED VEHICLE,1,696037,Not at intersection,2,50,Local Road,MURRINDINDI,MURRINDINDI,-37.45237,145.57285,2021,7,July,13,Midday,Weekend
T20210017173,2021-07-11,16:55:00,1,Collision with vehicle,7,Sunday,113,RIGHT NEAR (INTERSECTIONS ONLY),1,42012,T intersection,3,60,Arterial Other,MONBULK,YARRA RANGES,-37.882374,145.3713,2021,7,July,16,Afternoon Peak,Weekend
T20210015237,2021-07-11,03:15:00,4,Collision with a fixed object,7,Sunday,173,RIGHT OFF CARRIAGEWAY INTO OBJECT/PARKED VEHICLE,3,694255,Not at intersection,2,60,Local Road,NORMANBY,GLEN EIRA,-37.872864,145.0364,2021,7,July,3,Late Night,Weekend
T20210015235,2021-07-11,02:00:00,1,Collision with vehicle,7,Sunday,121,RIGHT THROUGH,3,296756,Cross intersection,2,80,Arterial Other,COOPER,WHITTLESEA,-37.650036,145.0057,2021,7,July,2,Late Night,Weekend
T20210015460,2021-07-11,10:00:00,6,Vehicle overturned (no collision),7,Sunday,170,OFF CARRIAGEWAY TO LEFT,1,43874,Cross intersection,2,90,Arterial Highway,DANDENONG-HASTINGS,FRANKSTON,-38.107105,145.23355,2021,7,July,10,Midday,Weekend
T20210015256,2021-07-11,08:00:00,4,Collision with a fixed object,7,Sunday,173,RIGHT OFF CARRIAGEWAY INTO OBJECT/PARKED VEHICLE,1,730767,Not at intersection,2,80,Arterial Highway,PRINCES,WELLINGTON,-38.099857,146.98894,2021,7,July,8,Morning Peak,Weekend
T20210016473,2021-07-11,17:45:00,1,Collision with vehicle,7,Sunday,130,REAR END(VEHICLES IN SAME LANE),2,689135,Not at intersection,3,80,Arterial Other,DORSET,MAROONDAH,-37.771267,145.29521,2021,7,July,17,Afternoon Peak,Weekend
T20210015495,2021-07-11,17:15:00,8,No collision and no object struck,7,Sunday,184,OUT OF CONTROL ON CARRIAGEWAY (ON BEND),1,687893,Not at intersection,3,100,Local Road,MT BLACKWOOD,MOORABOOL,-37.51948,144.32104,2021,7,July,17,Afternoon Peak,Weekend
T20210015337,2021-07-12,12:20:00,4,Collision with a fixed object,1,Monday,183,OFF LEFT BEND INTO OBJECT/PARKED VEHICLE,1,771860,Not at intersection,2,100,Arterial Highway,GOULBURN VALLEY,MURRINDINDI,-37.14441,145.2489,2021,7,July,12,Midday,Weekday
T20210015344,2021-07-12,11:11:00,1,Collision with vehicle,1,Monday,113,RIGHT NEAR (INTERSECTIONS ONLY),1,254762,T intersection,2,100,Arterial Highway,PRINCES,COLAC OTWAY,-38.2886,143.8393,2021,7,July,11,Midday,Weekday
T20210015673,2021-07-12,06:00:00,2,Struck Pedestrian,1,Monday,100,PED NEAR SIDE. PED HIT BY VEHICLE FROM THE RIGHT.,6,698004,Not at intersection,2,80,Arterial Other,GREAVES,CASEY,-38.059475,145.3349,2021,7,July,6,Morning Peak,Weekday
T20210015626,2021-07-12,07:30:00,8,No collision and no object struck,1,Monday,174,OUT OF CONTROL ON CARRIAGEWAY (ON STRAIGHT),1,73598,Cross intersection,3,60,Arterial Other,STONY POINT,MORNINGTON PENINSULA,-38.36456,145.20201,2021,7,July,7,Morning Peak,Weekday
T20210016984,2021-07-12,17:30:00,1,Collision with vehicle,1,Monday,129,OTHER OPPOSING MANOEUVRES NOT INCLUDED IN DCAs 120-125.,3,730821,Not at intersection,3,60,Arterial Other,GILLIES,BALLARAT,-37.53821,143.8224,2021,7,July,17,Afternoon Peak,Weekday
T20210017225,2021-07-12,17:40:00,1,Collision with vehicle,1,Monday,140,U TURN,2,730827,Not at intersection,3,80,Local Road,HALL,FRANKSTON,-38.10588,145.22467,2021,7,July,17,Afternoon Peak,Weekday
T20210015322,2021-07-12,10:24:00,1,Collision with vehicle,1,Monday,121,RIGHT THROUGH,9,26,Cross intersection,3,80,Arterial Highway,FRANKSTON-DANDENONG,DANDENONG,-38.02378,145.2135,2021,7,July,10,Midday,Weekday
T20210015326,2021-07-12,12:40:00,1,Collision with vehicle,1,Monday,121,RIGHT THROUGH,1,29385,Cross intersection,2,60,Arterial Other,PEEL,MELBOURNE,-37.80587,144.95589,2021,7,July,12,Midday,Weekday
T20210024462,2021-07-12,21:20:00,4,Collision with a fixed object,1,Monday,171,LEFT OFF CARRIAGEWAY INTO OBJECT/PARKED VEHICLE,3,698378,Not at intersection,3,60,Arterial Other,HIGH,BOROONDARA,-37.864307,145.08694,2021,7,July,21,Night,Weekday
T20210015409,2021-07-12,07:00:00,1,Collision with vehicle,1,Monday,110,CROSS TRAFFIC(INTERSECTIONS ONLY),3,52703,Cross intersection,3,60,Local Road,PRINCES,ARARAT,-37.286953,142.93889,2021,7,July,7,Morning Peak,Weekday
T20210015371,2021-07-12,19:25:00,2,Struck Pedestrian,1,Monday,106,VEH STRIKES PED ON FOOTPATH/MEDIAN/TRAFFIC ISLAND.,3,37951,T intersection,3,40,Local Road,DENNIS,DAREBIN,-37.765656,144.9994,2021,7,July,19,Night,Weekday
T20210015405,2021-07-12,17:00:00,1,Collision with vehicle,1,Monday,121,RIGHT THROUGH,1,50277,Cross intersection,2,60,Arterial Other,GRUBB ROAD -TUCKFIELD,GEELONG,-38.25756,144.53558,2021,7,July,17,Afternoon Peak,Weekday
T20210015342,2021-07-12,12:30:00,4,Collision with a fixed object,1,Monday,181,OFF RIGHT BEND INTO OBJECT/PARKED VEHICLE,1,730769,Not at intersection,3,100,Local Road,HARRYS CREEK,STRATHBOGIE,-36.71961,145.73653,2021,7,July,12,Midday,Weekday
T20210015750,2021-07-12,07:45:00,1,Collision with vehicle,1,Monday,130,REAR END(VEHICLES IN SAME LANE),1,44176,T intersection,2,60,Arterial Other,HIGH,DAREBIN,-37.70781,145.00912,2021,7,July,7,Morning Peak,Weekday
T20210019789,2021-07-12,12:45:00,1,Collision with vehicle,1,Monday,130,REAR END(VEHICLES IN SAME LANE),1,351228,Not at intersection,3,60,Arterial Other,WATTLE,WYNDHAM,-37.898636,144.67014,2021,7,July,12,Midday,Weekday
T20210015396,2021-07-12,10:15:00,1,Collision with vehicle,1,Monday,121,RIGHT THROUGH,1,36064,T intersection,2,60,Local Road,GRACIE,MELBOURNE,-37.798107,144.93704,2021,7,July,10,Midday,Weekday
T20210015339,2021-07-12,15:00:00,1,Collision with vehicle,1,Monday,148,VEHICLE OFF FOOTPATH STRIKES VEH ON CARRIAGEWAY,1,36355,Cross intersection,3,60,Local Road,DRUMMOND,MELBOURNE,-37.805065,144.9677,2021,7,July,15,Afternoon Peak,Weekday
T20210015329,2021-07-12,11:59:00,1,Collision with vehicle,1,Monday,132,RIGHT REAR.,1,17810,T intersection,3,100,Arterial Other,SNOW,WANGARATTA,-36.45186,146.4516,2021,7,July,11,Midday,Weekday
T20210015365,2021-07-12,18:00:00,1,Collision with vehicle,1,Monday,130,REAR END(VEHICLES IN SAME LANE),3,688656,Not at intersection,2,60,Arterial Other,ST HELENA,BANYULE,-37.699738,145.10988,2021,7,July,18,Afternoon Peak,Weekday
T20210015381,2021-07-12,20:55:00,1,Collision with vehicle,1,Monday,121,RIGHT THROUGH,3,41813,T intersection,1,60,Arterial Other,HIGH STREET,MONASH,-37.87501,145.17346,2021,7,July,20,Night,Weekday
T20210015376,2021-07-12,21:30:00,1,Collision with vehicle,1,Monday,120,HEAD ON (NOT OVERTAKING),3,687806,Not at intersection,2,80,Arterial Highway,PRINCES,CASEY,-38.026527,145.30817,2021,7,July,21,Night,Weekday
T20210015375,2021-07-12,16:10:00,4,Collision with a fixed object,1,Monday,146,REVERSING INTO FIXED OBJECT/PARKED VEHICLE,1,689930,Not at intersection,3,50,Local Road,DAWSON,MORELAND,-37.727077,144.95914,2021,7,July,16,Afternoon Peak,Weekday
T20210015314,2021-07-12,09:40:00,1,Collision with vehicle,1,Monday,113,RIGHT NEAR (INTERSECTIONS ONLY),1,63682,T intersection,2,60,Arterial Other,THOMPSONS,MANNINGHAM,-37.759666,145.11266,2021,7,July,9,Morning Peak,Weekday
T20210015311,2021-07-12,09:13:00,1,Collision with vehicle,1,Monday,116,LEFT NEAR (INTERSECTIONS ONLY),1,687713,T intersection,3,50,Local Road,CLAIRWOOD,CARDINIA,-38.078354,145.48819,2021,7,July,9,Morning Peak,Weekday
T20210015362,2021-07-12,16:44:00,1,Collision with vehicle,1,Monday,130,REAR END(VEHICLES IN SAME LANE),2,714963,Not at intersection,2,60,Arterial Other,FOOTSCRAY-CAROLINE SPRINGS,BRIMBANK,-37.77589,144.81958,2021,7,July,16,Afternoon Peak,Weekday
T20210015300,2021-07-12,00:45:00,4,Collision with a fixed object,1,Monday,171,LEFT OFF CARRIAGEWAY INTO OBJECT/PARKED VEHICLE,5,691134,Not at intersection,3,100,Freeway,HUME,WHITTLESEA,-37.59766,144.9537,2021,7,July,0,Late Night,Weekday
T20210015867,2021-07-12,13:30:00,1,Collision with vehicle,1,Monday,130,REAR END(VEHICLES IN SAME LANE),1,607167,T intersection,3,60,Arterial Highway,SETTLEMENT,GEELONG,-38.17529,144.35219,2021,7,July,13,Midday,Weekday
T20210015310,2021-07-12,08:00:00,4,Collision with a fixed object,1,Monday,183,OFF LEFT BEND INTO OBJECT/PARKED VEHICLE,1,688853,Not at intersection,2,100,Arterial Other,COBDEN-STONYFORD,CORANGAMITE,-38.340595,143.13411,2021,7,July,8,Morning Peak,Weekday
T20210016370,2021-07-12,08:40:00,1,Collision with vehicle,1,Monday,137,LEFT TURN SIDESWIPE,9,694285,Not at intersection,3,40,Arterial Other,CHAPEL,STONNINGTON,-37.83892,144.99573,2021,7,July,8,Morning Peak,Weekday
T20210015357,2021-07-12,15:35:00,1,Collision with vehicle,1,Monday,120,HEAD ON (NOT OVERTAKING),1,687988,Not at intersection,3,80,Local Road,MACINTYRE,YARRA RANGES,-37.695446,145.34811,2021,7,July,15,Afternoon Peak,Weekday
T20210015457,2021-07-12,07:45:00,1,Collision with vehicle,1,Monday,130,REAR END(VEHICLES IN SAME LANE),1,688229,Not at intersection,2,80,Arterial Highway,SPRINGVALE,KINGSTON,-37.99518,145.14383,2021,7,July,7,Morning Peak,Weekday
T20210015410,2021-07-13,06:23:00,1,Collision with vehicle,2,Tuesday,133,LANE SIDE SWIPE (VEHICLES IN PARALLEL LANES),3,871,Cross intersection,2,60,Arterial Highway,FRANKSTON-DANDENONG,DANDENONG,-37.99988,145.21823,2021,7,July,6,Morning Peak,Weekday
T20210015442,2021-07-13,12:00:00,4,Collision with a fixed object,2,Tuesday,181,OFF RIGHT BEND INTO OBJECT/PARKED VEHICLE,1,692303,Not at intersection,2,100,Local Road,KOONWARRA-INVERLOCH,SOUTH GIPPSLAND,-38.56658,145.89195,2021,7,July,12,Midday,Weekday
T20210016068,2021-07-13,08:20:00,1,Collision with vehicle,2,Tuesday,130,REAR END(VEHICLES IN SAME LANE),1,768675,Not at intersection,3,80,Freeway,PRINCES,HOBSONS BAY,-37.83161,144.81265,2021,7,July,8,Morning Peak,Weekday
T20210015441,2021-07-13,13:00:00,4,Collision with a fixed object,2,Tuesday,173,RIGHT OFF CARRIAGEWAY INTO OBJECT/PARKED VEHICLE,1,690989,Not at intersection,2,80,Local Road,GRANTS,WHITTLESEA,-37.52522,145.08179,2021,7,July,13,Midday,Weekday
T20210015452,2021-07-13,14:47:00,2,Struck Pedestrian,2,Tuesday,101,PED EMERGES FROM IN FRONT OF PARKED OR STATIONARY VEHICLE,1,690088,Not at intersection,3,40,Local Road,CHURCH,BAYSIDE,-37.915573,144.99625,2021,7,July,14,Midday,Weekday
T20210015420,2021-07-13,11:51:00,1,Collision with vehicle,2,Tuesday,130,REAR END(VEHICLES IN SAME LANE),1,687886,Not at intersection,2,70,Local Road,ABBOTTS,DANDENONG,-38.03443,145.23427,2021,7,July,11,Midday,Weekday
T20210015419,2021-07-13,08:50:00,1,Collision with vehicle,2,Tuesday,121,RIGHT THROUGH,1,57434,T intersection,3,70,Arterial Other,DONCASTER,MANNINGHAM,-37.788185,145.106,2021,7,July,8,Morning Peak,Weekday
T20210015417,2021-07-13,09:00:00,1,Collision with vehicle,2,Tuesday,140,U TURN,1,691230,Not at intersection,2,40,Local Road,ALEXANDRA,MELBOURNE,-37.823566,144.97656,2021,7,July,9,Morning Peak,Weekday
T20210015415,2021-07-13,08:12:00,1,Collision with vehicle,2,Tuesday,121,RIGHT THROUGH,1,688540,Not at intersection,3,60,Local Road,ORDISH,DANDENONG,-38.025368,145.19266,2021,7,July,8,Morning Peak,Weekday
T20210015407,2021-07-13,08:50:00,1,Collision with vehicle,2,Tuesday,121,RIGHT THROUGH,1,37678,T intersection,3,40,Local Road,CHAPEL,STONNINGTON,-37.852592,144.99324,2021,7,July,8,Morning Peak,Weekday
T20210015408,2021-07-13,08:43:00,1,Collision with vehicle,2,Tuesday,113,RIGHT NEAR (INTERSECTIONS ONLY),1,310368,T intersection,3,70,Local Road,GLASSCOCKS,CASEY,-38.07216,145.31688,2021,7,July,8,Morning Peak,Weekday