ACCIDENT_NO,ACCIDENT_DATE,ACCIDENT_TIME,ACCIDENT_TYPE,ACCIDENT_TYPE_DESC,DAY_OF_WEEK,DAY_WEEK_DESC,DCA_CODE,DCA_DESC,LIGHT_CONDITION,NODE_ID,ROAD_GEOMETRY_DESC,SEVERITY,SPEED_ZONE,RMA,ROAD_NAME,LGA_NAME,LATITUDE,LONGITUDE,YEAR,MONTH,MONTH_NAME,HOUR,TIME_PERIOD,DAY_TYPE
T20210015624,2021-07-13,10:00:00,1,Collision with vehicle,2,Tuesday,121,RIGHT THROUGH,9,35519,T intersection,3,40,Arterial Highway,TOORAK,BOROONDARA,-37.85007,145.09248,2021,7,July,10,Midday,Weekday
T20210015400,2021-07-13,07:40:00,1,Collision with vehicle,2,Tuesday,110,CROSS TRAFFIC(INTERSECTIONS ONLY),1,51981,Cross intersection,3,50,Local Road,CHURCH,EAST GIPPSLAND,-37.877823,147.9941,2021,7,July,7,Morning Peak,Weekday
T20210015399,2021-07-13,06:20:00,1,Collision with vehicle,2,Tuesday,130,REAR END(VEHICLES IN SAME LANE),5,688045,Not at intersection,2,100,Freeway,PRINCES,HOBSONS BAY,-37.856785,144.77818,2021,7,July,6,Morning Peak,Weekday
T20210015397,2021-07-13,07:30:00,2,Struck Pedestrian,2,Tuesday,102,FAR SIDE. PED HIT BY VEHICLE FROM THE LEFT,1,632527,Not at intersection,2,80,Arterial Highway,BURWOOD,WHITEHORSE,-37.852764,145.15208,2021,7,July,7,Morning Peak,Weekday
T20210015395,2021-07-13,06:40:00,2,Struck Pedestrian,2,Tuesday,100,PED NEAR SIDE. PED HIT BY VEHICLE FROM THE RIGHT.,3,223491,Cross intersection,3,60,Local Road,HATCHLANDS,MELTON,-37.776993,144.75539,2021,7,July,6,Morning Peak,Weekday
T20210015393,2021-07-13,05:10:00,1,Collision with vehicle,2,Tuesday,121,RIGHT THROUGH,3,358701,Multiple intersection,2,80,Freeway,SOUTH GIPPSLAND-SOUTH GIPPSLAND IN,DANDENONG,-38.035767,145.24625,2021,7,July,5,Morning Peak,Weekday
T20210015392,2021-07-13,02:30:00,4,Collision with a fixed object,2,Tuesday,171,LEFT OFF CARRIAGEWAY INTO OBJECT/PARKED VEHICLE,5,693186,Not at intersection,2,100,Arterial Highway,BELLARINE,GEELONG,-38.224003,144.53818,2021,7,July,2,Late Night,Weekday
T20210015404,2021-07-13,09:00:00,1,Collision with vehicle,2,Tuesday,148,VEHICLE OFF FOOTPATH STRIKES VEH ON CARRIAGEWAY,1,53680,T intersection,3,60,Arterial Other,WESTALL,DANDENONG,-37.941147,145.14005,2021,7,July,9,Morning Peak,Weekday
T20210015423,2021-07-13,12:10:00,1,Collision with vehicle,2,Tuesday,121,RIGHT THROUGH,1,687887,Not at intersection,3,60,Local Road,OLD GEELONG,WYNDHAM,-37.880405,144.70444,2021,7,July,12,Midday,Weekday
T20210015434,2021-07-13,09:29:00,1,Collision with vehicle,2,Tuesday,110,CROSS TRAFFIC(INTERSECTIONS ONLY),1,322919,Cross intersection,3,80,Arterial Other,NARRE WARREN NORTH,CASEY,-38.013905,145.30939,2021,7,July,9,Morning Peak,Weekday
T20210015459,2021-07-13,16:36:00,1,Collision with vehicle,2,Tuesday,140,U TURN,1,49487,T intersection,2,40,Arterial Other,SAUNDERS,MACEDON RANGES,-37.469505,144.59695,2021,7,July,16,Afternoon Peak,Weekday
T20210015652,2021-07-13,17:31:00,1,Collision with vehicle,2,Tuesday,121,RIGHT THROUGH,3,234746,Not at intersection,3,60,Arterial Other,EPPING,WHITTLESEA,-37.65311,145.02284,2021,7,July,17,Afternoon Peak,Weekday
T20210015463,2021-07-13,17:30:00,1,Collision with vehicle,2,Tuesday,130,REAR END(VEHICLES IN SAME LANE),3,40367,T intersection,3,60,Arterial Other,TOORONGA,BOROONDARA,-37.83857,145.04622,2021,7,July,17,Afternoon Peak,Weekday
T20210015449,2021-07-13,12:00:00,1,Collision with vehicle,2,Tuesday,130,REAR END(VEHICLES IN SAME LANE),1,687832,Not at intersection,1,100,Arterial Other,OLD SALE,BAW BAW,-38.090717,145.84724,2021,7,July,12,Midday,Weekday
T20210019293,2021-07-13,18:45:00,1,Collision with vehicle,2,Tuesday,130,REAR END(VEHICLES IN SAME LANE),3,730887,T intersection,3,80,Arterial Other,BERWICK-CRANBOURNE,CASEY,-38.118176,145.32268,2021,7,July,18,Afternoon Peak,Weekday
T20210015468,2021-07-13,17:45:00,1,Collision with vehicle,2,Tuesday,132,RIGHT REAR.,3,688269,Cross intersection,2,80,Arterial Highway,STUD,KNOX,-37.8769,145.23305,2021,7,July,17,Afternoon Peak,Weekday
T20210016125,2021-07-13,08:30:00,1,Collision with vehicle,2,Tuesday,130,REAR END(VEHICLES IN SAME LANE),1,688617,Not at intersection,3,40,Local Road,TOM ROBERTS,WYNDHAM,-37.893173,144.72641,2021,7,July,8,Morning Peak,Weekday
T20210016160,2021-07-13,16:30:00,1,Collision with vehicle,2,Tuesday,130,REAR END(VEHICLES IN SAME LANE),1,689510,Not at intersection,3,60,Freeway,CITYLINK IN-BELL,MORELAND,-37.737167,144.93156,2021,7,July,16,Afternoon Peak,Weekday
T20210015456,2021-07-13,16:47:00,1,Collision with vehicle,2,Tuesday,140,U TURN,1,687890,Not at intersection,3,50,Arterial Other,LIVINGSTONE,BANYULE,-37.767258,145.0371,2021,7,July,16,Afternoon Peak,Weekday
T20210015536,2021-07-13,09:00:00,1,Collision with vehicle,2,Tuesday,130,REAR END(VEHICLES IN SAME LANE),1,688538,Not at intersection,3,40,Arterial Other,HIGH STREET,MONASH,-37.874653,145.16975,2021,7,July,9,Morning Peak,Weekday
T20210015485,2021-07-13,22:00:00,1,Collision with vehicle,2,Tuesday,147,VEHICLE STRIKES ANOTHER VEH WHILE EMERGING FROM DRIVEWAY,3,689488,Not at intersection,2,80,Arterial Other,PASCOE VALE,HUME,-37.661884,144.92311,2021,7,July,22,Night,Weekday
T20210015470,2021-07-13,18:28:00,1,Collision with vehicle,2,Tuesday,116,LEFT NEAR (INTERSECTIONS ONLY),3,687891,T intersection,3,40,Local Road,KNIGHT,SHEPPARTON,-36.373325,145.39539,2021,7,July,18,Afternoon Peak,Weekday
T20210015483,2021-07-13,06:09:00,8,No collision and no object struck,2,Tuesday,174,OUT OF CONTROL ON CARRIAGEWAY (ON STRAIGHT),3,32014,Cross intersection,3,80,Arterial Highway,BURWOOD,WHITEHORSE,-37.85212,145.13235,2021,7,July,6,Morning Peak,Weekday
T20210015481,2021-07-13,15:08:00,2,Struck Pedestrian,2,Tuesday,100,PED NEAR SIDE. PED HIT BY VEHICLE FROM THE RIGHT.,1,692921,Multiple intersection,2,70,Arterial Other,SYDNEY,MORELAND,-37.69225,144.95866,2021,7,July,15,Afternoon Peak,Weekday
T20210015472,2021-07-13,16:30:00,1,Collision with vehicle,2,Tuesday,159,OTHER OVERTAKING MANOEUVRES NOT INCLUDED IN DCAs 150-154,1,705242,Not at intersection,2,100,Local Road,NEROWIE,MOORABOOL,-37.746143,144.48172,2021,7,July,16,Afternoon Peak,Weekday
T20210015443,2021-07-13,14:44:00,1,Collision with vehicle,2,Tuesday,130,REAR END(VEHICLES IN SAME LANE),1,55677,T intersection,2,70,Arterial Other,EDGARS,WHITTLESEA,-37.689663,145.00226,2021,7,July,14,Midday,Weekday
T20210015817,2021-07-13,17:57:00,2,Struck Pedestrian,2,Tuesday,100,PED NEAR SIDE. PED HIT BY VEHICLE FROM THE RIGHT.,3,689933,T intersection,3,60,Arterial Other,HEATHERTON,DANDENONG,-37.965202,145.17485,2021,7,July,17,Afternoon Peak,Weekday
T20210015563,2021-07-14,20:50:00,1,Collision with vehicle,3,Wednesday,113,RIGHT NEAR (INTERSECTIONS ONLY),3,1190,Cross intersection,3,60,Local Road,BARRABOOL,GEELONG,-38.16758,144.35065,2021,7,July,20,Night,Weekday
T20210015559,2021-07-14,16:04:00,1,Collision with vehicle,3,Wednesday,121,RIGHT THROUGH,1,44348,T intersection,3,60,Local Road,TAMARIND,WYNDHAM,-37.885487,144.6627,2021,7,July,16,Afternoon Peak,Weekday
T20210015729,2021-07-14,08:50:00,4,Collision with a fixed object,3,Wednesday,173,RIGHT OFF CARRIAGEWAY INTO OBJECT/PARKED VEHICLE,1,694442,Not at intersection,2,100,Local Road,SANDMOUNT,MOIRA,-35.999,145.61453,2021,7,July,8,Morning Peak,Weekday
T20210015508,2021-07-14,08:10:00,1,Collision with vehicle,3,Wednesday,132,RIGHT REAR.,1,688114,T intersection,3,60,Arterial Other,ANAKIE,GEELONG,-38.111164,144.33145,2021,7,July,8,Morning Peak,Weekday
T20210015702,2021-07-14,22:00:00,2,Struck Pedestrian,3,Wednesday,109,ANY MANOEUVRE INVOLVING PED NOT INCLUDED IN DCAs 100-108.,3,692916,Not at intersection,3,50,Local Road,SPRING,MORNINGTON PENINSULA,-38.31089,145.19124,2021,7,July,22,Night,Weekday
T20210015558,2021-07-14,05:40:00,4,Collision with a fixed object,3,Wednesday,183,OFF LEFT BEND INTO OBJECT/PARKED VEHICLE,5,692918,Not at intersection,3,60,Local Road,CANNONS CREEK,CASEY,-38.202816,145.30989,2021,7,July,5,Morning Peak,Weekday
T20210016298,2021-07-14,22:30:00,3,Struck animal,3,Wednesday,167,STRUCK ANIMAL,5,689042,Not at intersection,3,100,Arterial Other,DARTMOUTH,TOWONG,-36.526524,147.48793,2021,7,July,22,Night,Weekday
T20210015636,2021-07-14,16:40:00,1,Collision with vehicle,3,Wednesday,147,VEHICLE STRIKES ANOTHER VEH WHILE EMERGING FROM DRIVEWAY,1,688992,Not at intersection,3,70,Arterial Other,SYDNEY,HUME,-37.669186,144.95503,2021,7,July,16,Afternoon Peak,Weekday
T20210015509,2021-07-14,11:15:00,1,Collision with vehicle,3,Wednesday,110,CROSS TRAFFIC(INTERSECTIONS ONLY),1,684847,Cross intersection,3,80,Freeway,BOUNDARY,WYNDHAM,-37.8155,144.80899,2021,7,July,11,Midday,Weekday
T20210017204,2021-07-14,16:40:00,1,Collision with vehicle,3,Wednesday,136,RIGHT TURN SIDESWIPE,1,691600,Not at intersection,2,60,Local Road,SCREEN,FRANKSTON,-38.15525,145.14154,2021,7,July,16,Afternoon Peak,Weekday
T20210015557,2021-07-14,17:32:00,4,Collision with a fixed object,3,Wednesday,181,OFF RIGHT BEND INTO OBJECT/PARKED VEHICLE,5,694477,Not at intersection,3,100,Local Road,WANGARATTA-ELDORADO,WANGARATTA,-36.339947,146.40034,2021,7,July,17,Afternoon Peak,Weekday
T20210015529,2021-07-14,15:22:00,2,Struck Pedestrian,3,Wednesday,102,FAR SIDE. PED HIT BY VEHICLE FROM THE LEFT,1,696573,T intersection,2,50,Arterial Other,WARREN,CAMPASPE,-36.119713,144.74554,2021,7,July,15,Afternoon Peak,Weekday
T20210016810,2021-07-14,12:00:00,1,Collision with vehicle,3,Wednesday,131,LEFT REAR,1,689435,Not at intersection,3,60,Local Road,HOWITT,LATROBE,-38.19763,146.54434,2021,7,July,12,Midday,Weekday
T20210015544,2021-07-14,15:25:00,1,Collision with vehicle,3,Wednesday,160,VEHICLE COLLIDES WITH VEHICLE PARKED ON LEFT OF ROAD,1,687971,Not at intersection,3,50,Local Road,COLLINS,DAREBIN,-37.74019,144.99033,2021,7,July,15,Afternoon Peak,Weekday
T20210016111,2021-07-14,16:15:00,1,Collision with vehicle,3,Wednesday,120,HEAD ON (NOT OVERTAKING),1,29717,Cross intersection,3,60,Arterial Highway,STUD,DANDENONG,-37.98362,145.22102,2021,7,July,16,Afternoon Peak,Weekday
T20210015763,2021-07-14,06:45:00,1,Collision with vehicle,3,Wednesday,130,REAR END(VEHICLES IN SAME LANE),2,689932,Not at intersection,3,100,Arterial Highway,SOUTH GIPPSLAND,DANDENONG,-38.02648,145.2437,2021,7,July,6,Morning Peak,Weekday
T20210015994,2021-07-14,15:35:00,1,Collision with vehicle,3,Wednesday,116,LEFT NEAR (INTERSECTIONS ONLY),1,39954,T intersection,3,50,Local Road,MCINTOSH,HOBSONS BAY,-37.841675,144.85469,2021,7,July,15,Afternoon Peak,Weekday
T20210015556,2021-07-14,15:30:00,2,Struck Pedestrian,3,Wednesday,102,FAR SIDE. PED HIT BY VEHICLE FROM THE LEFT,1,688117,Not at intersection,2,50,Local Road,CATHERINE,MELTON,-37.69756,144.74806,2021,7,July,15,Afternoon Peak,Weekday
T20210015514,2021-07-14,13:22:00,4,Collision with a fixed object,3,Wednesday,181,OFF RIGHT BEND INTO OBJECT/PARKED VEHICLE,1,738747,Not at intersection,2,50,Local Road,THE BOULEVARDE,MANNINGHAM,-37.77552,145.13295,2021,7,July,13,Midday,Weekday
T20210015837,2021-07-14,09:45:00,1,Collision with vehicle,3,Wednesday,130,REAR END(VEHICLES IN SAME LANE),1,688993,Not at intersection,3,70,Arterial Highway,POINT NEPEAN,MORNINGTON PENINSULA,-38.362823,144.78748,2021,7,July,9,Morning Peak,Weekday
T20210015523,2021-07-14,10:25:00,6,Vehicle overturned (no collision),3,Wednesday,174,OUT OF CONTROL ON CARRIAGEWAY (ON STRAIGHT),1,691233,Not at intersection,2,60,Arterial Other,DUDLEY,MELBOURNE,-37.81186,144.94547,2021,7,July,10,Midday,Weekday
T20210015487,2021-07-14,03:30:00,4,Collision with a fixed object,3,Wednesday,171,LEFT OFF CARRIAGEWAY INTO OBJECT/PARKED VEHICLE,5,692991,Not at intersection,2,100,Local Road,BLACKWIRE,SWAN HILL,-35.339172,143.47536,2021,7,July,3,Late Night,Weekday
T20210015489,2021-07-14,05:28:00,1,Collision with vehicle,3,Wednesday,121,RIGHT THROUGH,3,45097,Cross intersection,3,80,Arterial Highway,HIGH,MITCHELL,-37.41637,144.97911,2021,7,July,5,Morning Peak,Weekday
T20210015499,2021-07-14,08:30:00,8,No collision and no object struck,3,Wednesday,174,OUT OF CONTROL ON CARRIAGEWAY (ON STRAIGHT),1,275489,T intersection,3,60,Local Road,GILBERT,DAREBIN,-37.742886,144.98932,2021,7,July,8,Morning Peak,Weekday
T20210019389,2021-07-14,20:36:00,8,No collision and no object struck,3,Wednesday,174,OUT OF CONTROL ON CARRIAGEWAY (ON STRAIGHT),6,693477,Not at intersection,3,40,Arterial Highway,PRINCES HIGHWAY SERVICE,DANDENONG,-37.983192,145.21278,2021,7,July,20,Night,Weekday
T20210015500,2021-07-14,09:45:00,1,Collision with vehicle,3,Wednesday,140,U TURN,1,46001,T intersection,3,60,Arterial Other,WARRANDYTE,MAROONDAH,-37.795563,145.23521,2021,7,July,9,Morning Peak,Weekday
T20210015503,2021-07-14,08:51:00,1,Collision with vehicle,3,Wednesday,111,RIGHT FAR (INTERSECTIONS ONLY),1,291481,T intersection,3,60,Freeway,BLACKBURN,WHITEHORSE,-37.800793,145.15976,2021,7,July,8,Morning Peak,Weekday
T20210015560,2021-07-14,21:00:00,2,Struck Pedestrian,3,Wednesday,102,FAR SIDE. PED HIT BY VEHICLE FROM THE LEFT,3,690643,Not at intersection,2,60,Arterial Other,HOTHAM,PORT PHILLIP,-37.859276,145.00131,2021,7,July,21,Night,Weekday
T20210015553,2021-07-14,14:00:00,1,Collision with vehicle,3,Wednesday,147,VEHICLE STRIKES ANOTHER VEH WHILE EMERGING FROM DRIVEWAY,1,688994,Not at intersection,3,50,Local Road,KINROSS,KINGSTON,-38.03311,145.11674,2021,7,July,14,Midday,Weekday
T20210015562,2021-07-14,18:13:00,1,Collision with vehicle,3,Wednesday,113,RIGHT NEAR (INTERSECTIONS ONLY),3,294264,T intersection,3,70,Local Road,EVANS,CASEY,-38.068783,145.26036,2021,7,July,18,Afternoon Peak,Weekday
T20210015510,2021-07-14,12:15:00,1,Collision with vehicle,3,Wednesday,121,RIGHT THROUGH,1,32858,Cross intersection,3,50,Arterial Highway,CHELTENHAM,DANDENONG,-37.991302,145.19629,2021,7,July,12,Midday,Weekday
T20210015550,2021-07-14,15:45:00,1,Collision with vehicle,3,Wednesday,130,REAR END(VEHICLES IN SAME LANE),1,692826,Not at intersection,2,100,Freeway,WESTERN RING,BRIMBANK,-37.813564,144.8082,2021,7,July,15,Afternoon Peak,Weekday
T20210015610,2021-07-14,14:06:00,1,Collision with vehicle,3,Wednesday,160,VEHICLE COLLIDES WITH VEHICLE PARKED ON LEFT OF ROAD,1,694588,Not at intersection,2,50,Local Road,SHELTON,DANDENONG,-37.939903,145.19357,2021,7,July,14,Midday,Weekday
T20210015528,2021-07-14,14:10:00,1,Collision with vehicle,3,Wednesday,110,CROSS TRAFFIC(INTERSECTIONS ONLY),1,43914,Cross intersection,3,60,Arterial Other,SPRING,DAREBIN,-37.73032,145.00055,2021,7,July,14,Midday,Weekday
T20210015686,2021-07-14,18:25:00,1,Collision with vehicle,3,Wednesday,147,VEHICLE STRIKES ANOTHER VEH WHILE EMERGING FROM DRIVEWAY,3,250937,Not at intersection,3,50,Local Road,REDLEAP,WHITTLESEA,-37.667732,145.06288,2021,7,July,18,Afternoon Peak,Weekday
T20210015548,2021-07-14,17:35:00,1,Collision with vehicle,3,Wednesday,130,REAR END(VEHICLES IN SAME LANE),3,768674,Not at intersection,3,60,Arterial Other,MALVERN,STONNINGTON,-37.853245,145.04233,2021,7,July,17,Afternoon Peak,Weekday
T20210015504,2021-07-14,11:30:00,1,Collision with vehicle,3,Wednesday,131,LEFT REAR,1,690241,Not at intersection,2,60,Local Road,UNION,BOROONDARA,-37.807083,145.10095,2021,7,July,11,Midday,Weekday
T20210015533,2021-07-14,14:28:00,4,Collision with a fixed object,3,Wednesday,181,OFF RIGHT BEND INTO OBJECT/PARKED VEHICLE,1,687970,Not at intersection,2,60,Arterial Other,MONBULK,YARRA RANGES,-37.866035,145.41017,2021,7,July,14,Midday,Weekday
T20210015564,2021-07-14,20:45:00,1,Collision with vehicle,3,Wednesday,160,VEHICLE COLLIDES WITH VEHICLE PARKED ON LEFT OF ROAD,3,730772,Not at intersection,3,50,Local Road,HUMFFRAY,BALLARAT,-37.554256,143.88438,2021,7,July,20,Night,Weekday
T20210015534,2021-07-14,15:58:00,1,Collision with vehicle,3,Wednesday,110,CROSS TRAFFIC(INTERSECTIONS ONLY),1,52058,Cross intersection,3,60,Local Road,LANSDOWNE,WELLINGTON,-38.10488,147.0767,2021,7,July,15,Afternoon Peak,Weekday
T20210015630,2021-07-15,16:15:00,1,Collision with vehicle,4,Thursday,110,CROSS TRAFFIC(INTERSECTIONS ONLY),1,304410,Cross intersection,3,70,Arterial Highway,GLADSTONE,STONNINGTON,-37.864197,145.02321,2021,7,July,16,Afternoon Peak,Weekday
T20210015633,2021-07-15,18:30:00,4,Collision with a fixed object,4,Thursday,171,LEFT OFF CARRIAGEWAY INTO OBJECT/PARKED VEHICLE,9,36907,T intersection,3,70,Arterial Other,COOPER,WHITTLESEA,-37.650692,145.0116,2021,7,July,18,Afternoon Peak,Weekday
T20210015635,2021-07-15,16:50:00,1,Collision with vehicle,4,Thursday,132,RIGHT REAR.,1,15290,T intersection,3,80,Arterial Other,EPPING-KILMORE,MITCHELL,-37.417496,145.02327,2021,7,July,16,Afternoon Peak,Weekday
T20210015639,2021-07-15,15:30:00,1,Collision with vehicle,4,Thursday,120,HEAD ON (NOT OVERTAKING),1,35776,T intersection,2,80,Arterial Other,BACCHUS MARSH,GEELONG,-38.01468,144.35147,2021,7,July,15,Afternoon Peak,Weekday
T20210015641,2021-07-15,16:58:00,1,Collision with vehicle,4,Thursday,110,CROSS TRAFFIC(INTERSECTIONS ONLY),1,37360,Cross intersection,3,60,Arterial Other,CHURCH,BOROONDARA,-37.818825,145.01779,2021,7,July,16,Afternoon Peak,Weekday
T20210021049,2021-07-15,22:02:00,1,Collision with vehicle,4,Thursday,110,CROSS TRAFFIC(INTERSECTIONS ONLY),3,675,Cross intersection,2,60,Arterial Other,GLEN EIRA,GLEN EIRA,-37.87805,145.00717,2021,7,July,22,Night,Weekday
T20210015572,2021-07-15,04:52:00,4,Collision with a fixed object,4,Thursday,171,LEFT OFF CARRIAGEWAY INTO OBJECT/PARKED VEHICLE,3,703270,Not at intersection,2,40,Local Road,TWELFTH,MILDURA,-34.192932,142.15788,2021,7,July,4,Late Night,Weekday
T20210015642,2021-07-15,18:10:00,1,Collision with vehicle,4,Thursday,130,REAR END(VEHICLES IN SAME LANE),3,690991,Not at intersection,3,60,Local Road,TAYLORS,MELTON,-37.72384,144.74924,2021,7,July,18,Afternoon Peak,Weekday
T20210015647,2021-07-15,17:55:00,1,Collision with vehicle,4,Thursday,121,RIGHT THROUGH,2,52163,T intersection,2,70,Arterial Other,NARRACAN,LATROBE,-38.183243,146.27708,2021,7,July,17,Afternoon Peak,Weekday
T20210015653,2021-07-15,14:15:00,1,Collision with vehicle,4,Thursday,113,RIGHT NEAR (INTERSECTIONS ONLY),1,688073,T intersection,3,50,Local Road,ROSETTE,HUME,-37.56944,144.8922,2021,7,July,14,Midday,Weekday
T20210015655,2021-07-15,19:49:00,4,Collision with a fixed object,4,Thursday,171,LEFT OFF CARRIAGEWAY INTO OBJECT/PARKED VEHICLE,5,688074,Not at intersection,3,70,Local Road,INGLIS,CARDINIA,-38.02809,145.37598,2021,7,July,19,Night,Weekday
T20210015656,2021-07-15,13:31:00,1,Collision with vehicle,4,Thursday,130,REAR END(VEHICLES IN SAME LANE),1,687974,Cross intersection,3,40,Local Road,LA TROBE,MELBOURNE,-37.809578,144.96388,2021,7,July,13,Midday,Weekday
T20210015659,2021-07-15,20:43:00,1,Collision with vehicle,4,Thursday,121,RIGHT THROUGH,3,281975,T intersection,3,60,Arterial Other,MILLERS,HOBSONS BAY,-37.844063,144.84607,2021,7,July,20,Night,Weekday
T20210015660,2021-07-15,17:00:00,1,Collision with vehicle,4,Thursday,130,REAR END(VEHICLES IN SAME LANE),1,688926,Not at intersection,2,80,Arterial Other,PRINCES,CARDINIA,-38.069386,145.47229,2021,7,July,17,Afternoon Peak,Weekday
T20210015661,2021-07-15,23:15:00,2,Struck Pedestrian,4,Thursday,103,PED PLAYING/LYING/WORKING/STANDING ON CARRIAGEWAY.,9,37196,Not at intersection,2,60,Arterial Other,BRIDGE,YARRA,-37.818584,144.99918,2021,7,July,23,Night,Weekday
T20210015662,2021-07-15,22:18:00,1,Collision with vehicle,4,Thursday,134,LANE CHANGE RIGHT (NOT OVERTAKING),3,688118,Not at intersection,3,70,Arterial Other,SOMERTON,HUME,-37.640705,144.92914,2021,7,July,22,Night,Weekday
T20210016356,2021-07-15,11:50:00,1,Collision with vehicle,4,Thursday,130,REAR END(VEHICLES IN SAME LANE),1,41896,Cross intersection,2,80,Arterial Highway,BURWOOD,KNOX,-37.87639,145.25766,2021,7,July,11,Midday,Weekday
T20210015880,2021-07-15,07:15:00,1,Collision with vehicle,4,Thursday,139,OTHER SAME DIRECTION-MANOUEVRES NOT INCLUDED IN DCAs 130-137,1,242056,Not at intersection,2,40,Local Road,HULL,YARRA RANGES,-37.775894,145.33981,2021,7,July,7,Morning Peak,Weekday
T20210015573,2021-07-15,07:27:00,1,Collision with vehicle,4,Thursday,121,RIGHT THROUGH,1,41012,Cross intersection,3,70,Arterial Other,MOUNTAIN,KNOX,-37.837566,145.28706,2021,7,July,7,Morning Peak,Weekday
T20210015575,2021-07-15,07:00:00,1,Collision with vehicle,4,Thursday,130,REAR END(VEHICLES IN SAME LANE),1,762534,Not at intersection,2,80,Arterial Highway,SOUTH GIPPSLAND,CASEY,-38.042458,145.25197,2021,7,July,7,Morning Peak,Weekday
T20210015758,2021-07-15,22:20:00,8,No collision and no object struck,4,Thursday,174,OUT OF CONTROL ON CARRIAGEWAY (ON STRAIGHT),3,688140,Not at intersection,3,60,Arterial Other,PASCOE VALE,MOONEE VALLEY,-37.761032,144.92596,2021,7,July,22,Night,Weekday
T20210017437,2021-07-15,09:00:00,1,Collision with vehicle,4,Thursday,116,LEFT NEAR (INTERSECTIONS ONLY),9,37556,Cross intersection,3,50,Local Road,DORCAS,PORT PHILLIP,-37.83229,144.96306,2021,7,July,9,Morning Peak,Weekday
T20210015681,2021-07-15,19:30:00,4,Collision with a fixed object,4,Thursday,181,OFF RIGHT BEND INTO OBJECT/PARKED VEHICLE,5,694975,Not at intersection,2,100,Local Road,WAIL-DOOEN,HORSHAM,-36.5082,142.10602,2021,7,July,19,Night,Weekday
T20210015579,2021-07-15,08:58:00,1,Collision with vehicle,4,Thursday,133,LANE SIDE SWIPE (VEHICLES IN PARALLEL LANES),1,688486,Not at intersection,2,100,Freeway,MONASH,STONNINGTON,-37.86445,145.06053,2021,7,July,8,Morning Peak,Weekday
T20210015580,2021-07-15,07:35:00,1,Collision with vehicle,4,Thursday,136,RIGHT TURN SIDESWIPE,1,688184,Not at intersection,3,80,Local Road,WESTERN,MELTON,-37.756447,144.74132,2021,7,July,7,Morning Peak,Weekday
T20210017745,2021-07-15,16:25:00,1,Collision with vehicle,4,Thursday,121,RIGHT THROUGH,1,695295,T intersection,3,50,Local Road,MOUNTAINVIEW,CASEY,-38.081024,145.32294,2021,7,July,16,Afternoon Peak,Weekday
T20210016419,2021-07-15,06:37:00,1,Collision with vehicle,4,Thursday,130,REAR END(VEHICLES IN SAME LANE),2,735764,Not at intersection,2,80,Arterial Highway,DANDENONG,DANDENONG,-38.004314,145.21796,2021,7,July,6,Morning Peak,Weekday
T20210018556,2021-07-15,10:25:00,1,Collision with vehicle,4,Thursday,132,RIGHT REAR.,1,357899,Cross intersection,3,40,Arterial Other,BERWICK-CRANBOURNE,CASEY,-38.111065,145.32858,2021,7,July,10,Midday,Weekday
T20210015583,2021-07-15,10:00:00,1,Collision with vehicle,4,Thursday,131,LEFT REAR,1,232049,Cross intersection,3,50,Arterial Other,BEECH,WHITTLESEA,-37.51092,145.11823,2021,7,July,10,Midday,Weekday
T20210015585,2021-07-15,10:10:00,2,Struck Pedestrian,4,Thursday,100,PED NEAR SIDE. PED HIT BY VEHICLE FROM THE RIGHT.,1,688070,Not at intersection,2,80,Local Road,JONES,MORNINGTON PENINSULA,-38.25519,145.1682,2021,7,July,10,Midday,Weekday
T20210015597,2021-07-15,11:00:00,1,Collision with vehicle,4,Thursday,146,REVERSING INTO FIXED OBJECT/PARKED VEHICLE,1,688072,Not at intersection,3,50,Local Road,CABERNET,WHITTLESEA,-37.687515,145.06013,2021,7,July,11,Midday,Weekday
T20210017304,2021-07-15,15:45:00,1,Collision with vehicle,4,Thursday,113,RIGHT NEAR (INTERSECTIONS ONLY),1,44478,T intersection,3,50,Local Road,BEENAK,DAREBIN,-37.708744,145.02538,2021,7,July,15,Afternoon Peak,Weekday
T20210015599,2021-07-15,08:34:00,1,Collision with vehicle,4,Thursday,139,OTHER SAME DIRECTION-MANOUEVRES NOT INCLUDED IN DCAs 130-137,1,51677,Cross intersection,3,60,Arterial Highway,HIGH,BENDIGO,-36.772198,144.25926,2021,7,July,8,Morning Peak,Weekday
T20210015601,2021-07-15,12:00:00,1,Collision with vehicle,4,Thursday,111,RIGHT FAR (INTERSECTIONS ONLY),1,39858,Cross intersection,3,50,Local Road,AVIATION,HOBSONS BAY,-37.866898,144.7617,2021,7,July,12,Midday,Weekday
T20210021237,2021-07-15,16:30:00,1,Collision with vehicle,4,Thursday,130,REAR END(VEHICLES IN SAME LANE),9,709484,Not at intersection,3,80,Freeway,MONASH,CASEY,-38.012012,145.30273,2021,7,July,16,Afternoon Peak,Weekday
T20210015603,2021-07-15,11:06:00,1,Collision with vehicle,4,Thursday,113,RIGHT NEAR (INTERSECTIONS ONLY),1,280692,T intersection,2,80,Arterial Highway,NEPEAN,MORNINGTON PENINSULA,-38.232906,145.04033,2021,7,July,11,Midday,Weekday
T20210016796,2021-07-15,15:45:00,2,Struck Pedestrian,4,Thursday,102,FAR SIDE. PED HIT BY VEHICLE FROM THE LEFT,1,30023,T intersection,3,40,Arterial Other,RIVERSDALE,BOROONDARA,-37.831642,145.05914,2021,7,July,15,Afternoon Peak,Weekday
T20210015604,2021-07-15,12:50:00,1,Collision with vehicle,4,Thursday,120,HEAD ON (NOT OVERTAKING),1,688332,Not at intersection,2,80,Local Road,SUGARLOAF CREEK,MITCHELL,-37.198326,145.03831,2021,7,July,12,Midday,Weekday