ACCIDENT_NO,ACCIDENT_DATE,ACCIDENT_TIME,ACCIDENT_TYPE,ACCIDENT_TYPE_DESC,DAY_OF_WEEK,DAY_WEEK_DESC,DCA_CODE,DCA_DESC,LIGHT_CONDITION,NODE_ID,ROAD_GEOMETRY_DESC,SEVERITY,SPEED_ZONE,RMA,ROAD_NAME,LGA_NAME,LATITUDE,LONGITUDE,YEAR,MONTH,MONTH_NAME,HOUR,TIME_PERIOD,DAY_TYPE
T20210015605,2021-07-15,13:45:00,1,Collision with vehicle,4,Thursday,137,LEFT TURN SIDESWIPE,1,29380,Cross intersection,3,50,Local Road,ARDEN,MELBOURNE,-37.80114,144.95146,2021,7,July,13,Midday,Weekday
T20210015802,2021-07-15,22:15:00,8,No collision and no object struck,4,Thursday,174,OUT OF CONTROL ON CARRIAGEWAY (ON STRAIGHT),3,690993,Cross intersection,3,40,Local Road,GERTRUDE,YARRA,-37.805634,144.97604,2021,7,July,22,Night,Weekday
T20210015606,2021-07-15,13:07:00,1,Collision with vehicle,4,Thursday,130,REAR END(VEHICLES IN SAME LANE),1,691310,Not at intersection,3,80,Arterial Highway,PLENTY,WHITTLESEA,-37.68759,145.06691,2021,7,July,13,Midday,Weekday
T20210015615,2021-07-15,14:20:00,4,Collision with a fixed object,4,Thursday,171,LEFT OFF CARRIAGEWAY INTO OBJECT/PARKED VEHICLE,1,688659,Not at intersection,3,50,Local Road,OWEN,WHITEHORSE,-37.82594,145.19145,2021,7,July,14,Midday,Weekday
T20210016057,2021-07-15,21:53:00,1,Collision with vehicle,4,Thursday,130,REAR END(VEHICLES IN SAME LANE),3,693070,Not at intersection,3,80,Arterial Highway,PRINCES HIGHWAY,MONASH,-37.92063,145.13727,2021,7,July,21,Night,Weekday
T20210015625,2021-07-15,16:18:00,1,Collision with vehicle,4,Thursday,130,REAR END(VEHICLES IN SAME LANE),1,687973,Not at intersection,3,60,Local Road,DYSON,BALLARAT,-37.55133,143.7856,2021,7,July,16,Afternoon Peak,Weekday
T20210015627,2021-07-15,16:40:00,1,Collision with vehicle,4,Thursday,121,RIGHT THROUGH,1,612138,T intersection,3,80,Arterial Highway,LAKESIDE,KNOX,-37.91256,145.23618,2021,7,July,16,Afternoon Peak,Weekday
T20210020862,2021-07-16,11:00:00,1,Collision with vehicle,5,Friday,130,REAR END(VEHICLES IN SAME LANE),1,794875,Not at intersection,3,50,Local Road,HOTHAM,LATROBE,-38.197304,146.53674,2021,7,July,11,Midday,Weekday
T20210015721,2021-07-16,13:50:00,1,Collision with vehicle,5,Friday,147,VEHICLE STRIKES ANOTHER VEH WHILE EMERGING FROM DRIVEWAY,1,256449,Not at intersection,3,60,Local Road,DREWS,GEELONG,-38.19733,144.35735,2021,7,July,13,Midday,Weekday
T20210015690,2021-07-16,11:13:00,2,Struck Pedestrian,5,Friday,103,PED PLAYING/LYING/WORKING/STANDING ON CARRIAGEWAY.,1,688077,Not at intersection,3,50,Local Road,WRIGHT,PORT PHILLIP,-37.84745,144.95981,2021,7,July,11,Midday,Weekday
T20210015674,2021-07-16,03:15:00,4,Collision with a fixed object,5,Friday,173,RIGHT OFF CARRIAGEWAY INTO OBJECT/PARKED VEHICLE,3,691862,Not at intersection,2,40,Arterial Other,SPENCER,MELBOURNE,-37.81781,144.95357,2021,7,July,3,Late Night,Weekday
T20210015714,2021-07-16,13:40:00,1,Collision with vehicle,5,Friday,121,RIGHT THROUGH,1,40346,Cross intersection,3,60,Arterial Other,TOORONGA,STONNINGTON,-37.85818,145.0412,2021,7,July,13,Midday,Weekday
T20210015663,2021-07-16,17:25:00,1,Collision with vehicle,5,Friday,130,REAR END(VEHICLES IN SAME LANE),3,689182,Not at intersection,2,80,Freeway,TULLAMARINE,MOONEE VALLEY,-37.719448,144.8922,2021,7,July,17,Afternoon Peak,Weekday
T20210015689,2021-07-16,10:17:00,1,Collision with vehicle,5,Friday,116,LEFT NEAR (INTERSECTIONS ONLY),1,730776,T intersection,3,60,Arterial Other,HAUGHTON ROAD -HUNTINGDALE,MONASH,-37.912186,145.10345,2021,7,July,10,Midday,Weekday
T20210015707,2021-07-16,11:31:00,1,Collision with vehicle,5,Friday,135,LANE CHANGE LEFT (NOT OVERTAKING),1,688790,Not at intersection,3,80,Freeway,MONASH,MONASH,-37.89707,145.14828,2021,7,July,11,Midday,Weekday
T20210015675,2021-07-16,02:59:00,4,Collision with a fixed object,5,Friday,171,LEFT OFF CARRIAGEWAY INTO OBJECT/PARKED VEHICLE,3,305926,T intersection,2,60,Arterial Other,CENTRE DANDENONG,KINGSTON,-37.968857,145.0838,2021,7,July,2,Late Night,Weekday
T20210017643,2021-07-16,10:30:00,8,No collision and no object struck,5,Friday,170,OFF CARRIAGEWAY TO LEFT,1,690537,Not at intersection,3,100,Arterial Other,BEAUFORT-LEXTON,PYRENEES,-37.291496,143.50706,2021,7,July,10,Midday,Weekday
T20210015667,2021-07-16,02:00:00,1,Collision with vehicle,5,Friday,121,RIGHT THROUGH,3,241,Cross intersection,3,40,Local Road,ALBERT,MELBOURNE,-37.809246,144.97298,2021,7,July,2,Late Night,Weekday
T20210015913,2021-07-16,20:00:00,9,Other accident,5,Friday,198,OTHER ACCIDENTS NOT CLASSIFIABLE ELSEWHERE,6,689254,Not at intersection,3,100,Local Road,ROMSEY,MACEDON RANGES,-37.349037,144.63278,2021,7,July,20,Night,Weekday
T20210015995,2021-07-16,16:15:00,4,Collision with a fixed object,5,Friday,173,RIGHT OFF CARRIAGEWAY INTO OBJECT/PARKED VEHICLE,1,688459,Not at intersection,1,60,Arterial Highway,PYRENEES,MOUNT ALEXANDER,-37.105843,144.0746,2021,7,July,16,Afternoon Peak,Weekday
T20210015668,2021-07-16,00:37:00,4,Collision with a fixed object,5,Friday,171,LEFT OFF CARRIAGEWAY INTO OBJECT/PARKED VEHICLE,3,691814,Not at intersection,2,50,Local Road,BALMAIN,FRANKSTON,-38.107094,145.16806,2021,7,July,0,Late Night,Weekday
T20210015706,2021-07-16,14:42:00,1,Collision with vehicle,5,Friday,120,HEAD ON (NOT OVERTAKING),1,691475,Not at intersection,3,40,Local Road,REYNOLDS,NILLUMBIK,-37.67045,145.18289,2021,7,July,14,Midday,Weekday
T20210015698,2021-07-16,11:00:00,4,Collision with a fixed object,5,Friday,183,OFF LEFT BEND INTO OBJECT/PARKED VEHICLE,1,692917,Not at intersection,3,100,Arterial Other,TIMBOON-COLAC,CORANGAMITE,-38.455242,143.06749,2021,7,July,11,Midday,Weekday
T20210015734,2021-07-16,22:30:00,1,Collision with vehicle,5,Friday,110,CROSS TRAFFIC(INTERSECTIONS ONLY),3,29705,Cross intersection,2,60,Arterial Other,CHANDLER,DANDENONG,-37.966652,145.1872,2021,7,July,22,Night,Weekday
T20210015761,2021-07-16,15:30:00,1,Collision with vehicle,5,Friday,120,HEAD ON (NOT OVERTAKING),1,688606,T intersection,3,50,Local Road,COBHAM,KINGSTON,-37.972607,145.06761,2021,7,July,15,Afternoon Peak,Weekday
T20210015670,2021-07-16,00:15:00,1,Collision with vehicle,5,Friday,110,CROSS TRAFFIC(INTERSECTIONS ONLY),3,304463,Cross intersection,2,60,Local Road,GRICES,CASEY,-38.07549,145.3433,2021,7,July,0,Late Night,Weekday
T20210015737,2021-07-17,05:48:00,1,Collision with vehicle,6,Saturday,160,VEHICLE COLLIDES WITH VEHICLE PARKED ON LEFT OF ROAD,3,689992,Not at intersection,3,50,Local Road,PARAS,FRANKSTON,-38.113087,145.1915,2021,7,July,5,Morning Peak,Weekend
T20210015739,2021-07-17,00:59:00,4,Collision with a fixed object,6,Saturday,171,LEFT OFF CARRIAGEWAY INTO OBJECT/PARKED VEHICLE,3,695720,Not at intersection,3,60,Arterial Other,BELMORE,WHITEHORSE,-37.802055,145.10442,2021,7,July,0,Late Night,Weekend
T20210015747,2021-07-17,09:00:00,1,Collision with vehicle,6,Saturday,121,RIGHT THROUGH,1,350186,Cross intersection,2,80,Arterial Highway,WELLINGTON,KNOX,-37.92803,145.23315,2021,7,July,9,Morning Peak,Weekend
T20210015749,2021-07-17,09:21:00,4,Collision with a fixed object,6,Saturday,171,LEFT OFF CARRIAGEWAY INTO OBJECT/PARKED VEHICLE,1,691682,Not at intersection,3,100,Arterial Other,GRAMPIANS,NORTHERN GRAMPIANS,-37.094654,142.6034,2021,7,July,9,Morning Peak,Weekend
T20210015806,2021-07-17,20:37:00,1,Collision with vehicle,6,Saturday,130,REAR END(VEHICLES IN SAME LANE),5,688607,Not at intersection,2,80,Arterial Other,BALLAN,WYNDHAM,-37.81568,144.51846,2021,7,July,20,Night,Weekend
T20210016226,2021-07-17,13:15:00,2,Struck Pedestrian,6,Saturday,100,PED NEAR SIDE. PED HIT BY VEHICLE FROM THE RIGHT.,1,692835,T intersection,3,50,Arterial Other,MT DANDENONG,MAROONDAH,-37.798786,145.28088,2021,7,July,13,Midday,Weekend
T20210015791,2021-07-17,22:52:00,4,Collision with a fixed object,6,Saturday,171,LEFT OFF CARRIAGEWAY INTO OBJECT/PARKED VEHICLE,5,689803,Not at intersection,2,50,Local Road,BINDTS,WHITTLESEA,-37.617012,145.04372,2021,7,July,22,Night,Weekend
T20210015764,2021-07-17,15:10:00,1,Collision with vehicle,6,Saturday,110,CROSS TRAFFIC(INTERSECTIONS ONLY),1,688792,Cross intersection,3,70,Arterial Other,OLD CALDER,BRIMBANK,-37.716057,144.82837,2021,7,July,15,Afternoon Peak,Weekend
T20210015762,2021-07-17,14:28:00,1,Collision with vehicle,6,Saturday,121,RIGHT THROUGH,1,55690,Cross intersection,3,60,Local Road,BLACK FOREST,WYNDHAM,-37.901596,144.62787,2021,7,July,14,Midday,Weekend
T20210015759,2021-07-17,09:05:00,1,Collision with vehicle,6,Saturday,130,REAR END(VEHICLES IN SAME LANE),1,688141,Not at intersection,2,60,Local Road,AITKEN,HUME,-37.629745,144.91223,2021,7,July,9,Morning Peak,Weekend
T20210015767,2021-07-17,14:20:00,1,Collision with vehicle,6,Saturday,116,LEFT NEAR (INTERSECTIONS ONLY),1,266862,T intersection,2,60,Local Road,BROWNS,DANDENONG,-37.948807,145.18736,2021,7,July,14,Midday,Weekend
T20210015770,2021-07-17,18:30:00,1,Collision with vehicle,6,Saturday,160,VEHICLE COLLIDES WITH VEHICLE PARKED ON LEFT OF ROAD,3,688791,Not at intersection,2,50,Local Road,DARIAN,SURF COAST,-38.323277,144.3271,2021,7,July,18,Afternoon Peak,Weekend
T20210015775,2021-07-17,20:00:00,1,Collision with vehicle,6,Saturday,121,RIGHT THROUGH,3,36066,Cross intersection,2,60,Arterial Highway,RACECOURSE,MELBOURNE,-37.789173,144.94002,2021,7,July,20,Night,Weekend
T20210015776,2021-07-17,20:10:00,4,Collision with a fixed object,6,Saturday,181,OFF RIGHT BEND INTO OBJECT/PARKED VEHICLE,5,690923,T intersection,3,60,Arterial Other,HEALESVILLE-KOO WEE RUP,YARRA RANGES,-37.77372,145.53844,2021,7,July,20,Night,Weekend
T20210015779,2021-07-17,21:00:00,1,Collision with vehicle,6,Saturday,121,RIGHT THROUGH,3,278680,Cross intersection,3,60,Local Road,AITKEN,HUME,-37.59014,144.91069,2021,7,July,21,Night,Weekend
T20210015780,2021-07-17,01:15:00,1,Collision with vehicle,6,Saturday,160,VEHICLE COLLIDES WITH VEHICLE PARKED ON LEFT OF ROAD,6,693122,Not at intersection,2,50,Local Road,GUILDFORD,CASEY,-38.01078,145.29007,2021,7,July,1,Late Night,Weekend
T20210015783,2021-07-17,19:00:00,4,Collision with a fixed object,6,Saturday,171,LEFT OFF CARRIAGEWAY INTO OBJECT/PARKED VEHICLE,5,691813,Not at intersection,1,100,Arterial Highway,WESTERN,NORTHERN GRAMPIANS,-37.021706,142.72008,2021,7,July,19,Night,Weekend
T20210015740,2021-07-17,06:20:00,2,Struck Pedestrian,6,Saturday,100,PED NEAR SIDE. PED HIT BY VEHICLE FROM THE RIGHT.,3,690644,T intersection,2,50,Local Road,TORMORVEY,MELTON,-37.687893,144.75307,2021,7,July,6,Morning Peak,Weekend
T20210015966,2021-07-17,18:00:00,1,Collision with vehicle,6,Saturday,130,REAR END(VEHICLES IN SAME LANE),3,688409,Not at intersection,3,40,Local Road,CHESTER,MONASH,-37.899666,145.09135,2021,7,July,18,Afternoon Peak,Weekend
T20210015751,2021-07-17,08:30:00,1,Collision with vehicle,6,Saturday,121,RIGHT THROUGH,1,45633,T intersection,3,40,Arterial Other,SYDNEY,MORELAND,-37.77383,144.96098,2021,7,July,8,Morning Peak,Weekend
T20210015785,2021-07-18,00:37:00,8,No collision and no object struck,7,Sunday,174,OUT OF CONTROL ON CARRIAGEWAY (ON STRAIGHT),5,689895,Not at intersection,2,80,Local Road,SINCLAIRS,MELTON,-37.733086,144.70767,2021,7,July,0,Late Night,Weekend
T20210015847,2021-07-18,21:10:00,1,Collision with vehicle,7,Sunday,160,VEHICLE COLLIDES WITH VEHICLE PARKED ON LEFT OF ROAD,3,67306,T intersection,3,50,Local Road,DOUGLAS,HOBSONS BAY,-37.85275,144.89586,2021,7,July,21,Night,Weekend
T20210015807,2021-07-18,09:45:00,4,Collision with a fixed object,7,Sunday,179,OTHER ACCIDENTS-OFF STRAIGHT NOT INCLUDED IN DCAs 170-175,1,692072,Not at intersection,3,50,Local Road,SPRINGTHORPE,DAREBIN,-37.72111,145.06183,2021,7,July,9,Morning Peak,Weekend
T20210015891,2021-07-18,19:00:00,1,Collision with vehicle,7,Sunday,152,PULLING OUT (OVERTAKING),2,688736,T intersection,3,60,Local Road,EXFORD,MELTON,-37.7174,144.57233,2021,7,July,19,Night,Weekend
T20210015796,2021-07-18,08:51:00,1,Collision with vehicle,7,Sunday,110,CROSS TRAFFIC(INTERSECTIONS ONLY),1,35785,Cross intersection,2,70,Arterial Highway,ROSLYN,GEELONG,-38.176556,144.35199,2021,7,July,8,Morning Peak,Weekend
T20210015788,2021-07-18,02:03:00,1,Collision with vehicle,7,Sunday,160,VEHICLE COLLIDES WITH VEHICLE PARKED ON LEFT OF ROAD,3,742356,Not at intersection,2,60,Arterial Other,RATHMINES,BOROONDARA,-37.82004,145.04742,2021,7,July,2,Late Night,Weekend
T20210015849,2021-07-18,21:10:00,4,Collision with a fixed object,7,Sunday,183,OFF LEFT BEND INTO OBJECT/PARKED VEHICLE,5,696786,T intersection,2,70,Arterial Other,KURRAK,NILLUMBIK,-37.65185,145.10898,2021,7,July,21,Night,Weekend
T20210015928,2021-07-18,12:30:00,4,Collision with a fixed object,7,Sunday,173,RIGHT OFF CARRIAGEWAY INTO OBJECT/PARKED VEHICLE,1,689378,Not at intersection,2,100,Local Road,WATKINS,STRATHBOGIE,-36.821205,145.81706,2021,7,July,12,Midday,Weekend
T20210015809,2021-07-18,12:00:00,6,Vehicle overturned (no collision),7,Sunday,184,OUT OF CONTROL ON CARRIAGEWAY (ON BEND),1,688856,Not at intersection,3,100,Local Road,WOODPILE,WELLINGTON,-38.026154,147.41676,2021,7,July,12,Midday,Weekend
T20210016518,2021-07-18,14:00:00,1,Collision with vehicle,7,Sunday,147,VEHICLE STRIKES ANOTHER VEH WHILE EMERGING FROM DRIVEWAY,1,692777,Not at intersection,3,60,Arterial Other,SYNNOT,WYNDHAM,-37.90329,144.6604,2021,7,July,14,Midday,Weekend
T20210015820,2021-07-18,22:30:00,4,Collision with a fixed object,7,Sunday,171,LEFT OFF CARRIAGEWAY INTO OBJECT/PARKED VEHICLE,3,692920,Not at intersection,3,80,Arterial Highway,PRINCES HIGHWAY,MONASH,-37.92096,145.1378,2021,7,July,22,Night,Weekend
T20210015816,2021-07-18,15:30:00,4,Collision with a fixed object,7,Sunday,171,LEFT OFF CARRIAGEWAY INTO OBJECT/PARKED VEHICLE,1,738748,Not at intersection,2,60,Arterial Other,THOMPSON,GEELONG,-38.08842,144.34773,2021,7,July,15,Afternoon Peak,Weekend
T20210015813,2021-07-18,18:28:00,2,Struck Pedestrian,7,Sunday,103,PED PLAYING/LYING/WORKING/STANDING ON CARRIAGEWAY.,3,735535,Not at intersection,2,50,Local Road,KATAHDIN,CASEY,-38.076443,145.32205,2021,7,July,18,Afternoon Peak,Weekend
T20210015786,2021-07-18,00:00:00,4,Collision with a fixed object,7,Sunday,181,OFF RIGHT BEND INTO OBJECT/PARKED VEHICLE,5,701167,Not at intersection,3,80,Local Road,SEVENTEENTH,MILDURA,-34.244385,142.13982,2021,7,July,0,Late Night,Weekend
T20210016366,2021-07-19,13:40:00,1,Collision with vehicle,1,Monday,111,RIGHT FAR (INTERSECTIONS ONLY),1,282480,Cross intersection,3,60,Arterial Highway,PRINCES,DANDENONG,-37.975204,145.2037,2021,7,July,13,Midday,Weekday
T20210016519,2021-07-19,20:00:00,1,Collision with vehicle,1,Monday,133,LANE SIDE SWIPE (VEHICLES IN PARALLEL LANES),4,55564,T intersection,3,80,Local Road,EXFORD,MELTON,-37.744587,144.54895,2021,7,July,20,Night,Weekday
T20210015941,2021-07-19,03:10:00,4,Collision with a fixed object,1,Monday,171,LEFT OFF CARRIAGEWAY INTO OBJECT/PARKED VEHICLE,3,702668,Not at intersection,2,80,Arterial Other,HEATHERTON,CASEY,-37.97238,145.23648,2021,7,July,3,Late Night,Weekday
T20210015889,2021-07-19,17:00:00,1,Collision with vehicle,1,Monday,130,REAR END(VEHICLES IN SAME LANE),1,688927,Not at intersection,3,100,Freeway,HUME,WHITTLESEA,-37.60604,144.97925,2021,7,July,17,Afternoon Peak,Weekday
T20210015938,2021-07-19,15:30:00,1,Collision with vehicle,1,Monday,148,VEHICLE OFF FOOTPATH STRIKES VEH ON CARRIAGEWAY,1,50242,Cross intersection,3,50,Arterial Other,PIONEER,GEELONG,-38.20191,144.33138,2021,7,July,15,Afternoon Peak,Weekday
T20210018427,2021-07-19,21:20:00,4,Collision with a fixed object,1,Monday,181,OFF RIGHT BEND INTO OBJECT/PARKED VEHICLE,5,730862,Not at intersection,3,60,Local Road,WATT,SHEPPARTON,-36.396133,145.36835,2021,7,July,21,Night,Weekday
T20210015866,2021-07-19,13:40:00,1,Collision with vehicle,1,Monday,130,REAR END(VEHICLES IN SAME LANE),1,695130,Cross intersection,3,80,Arterial Other,FERNTREE GULLY,KNOX,-37.899105,145.23022,2021,7,July,13,Midday,Weekday
T20210015863,2021-07-19,12:20:00,1,Collision with vehicle,1,Monday,130,REAR END(VEHICLES IN SAME LANE),1,224619,Cross intersection,3,70,Arterial Other,PLENTY,WHITTLESEA,-37.681824,145.06888,2021,7,July,12,Midday,Weekday
T20210015855,2021-07-19,12:04:00,2,Struck Pedestrian,1,Monday,106,VEH STRIKES PED ON FOOTPATH/MEDIAN/TRAFFIC ISLAND.,1,691026,Not at intersection,2,50,Local Road,YELLOWBOX,HUME,-37.616932,144.94113,2021,7,July,12,Midday,Weekday
T20210015838,2021-07-19,09:24:00,1,Collision with vehicle,1,Monday,134,LANE CHANGE RIGHT (NOT OVERTAKING),1,688487,Not at intersection,3,60,Arterial Highway,BELL,MORELAND,-37.739536,144.94873,2021,7,July,9,Morning Peak,Weekday
T20210015870,2021-07-19,14:15:00,1,Collision with vehicle,1,Monday,160,VEHICLE COLLIDES WITH VEHICLE PARKED ON LEFT OF ROAD,1,693795,Not at intersection,3,50,Local Road,MULHALL,BRIMBANK,-37.752785,144.81546,2021,7,July,14,Midday,Weekday
T20210016080,2021-07-19,06:00:00,1,Collision with vehicle,1,Monday,130,REAR END(VEHICLES IN SAME LANE),3,45049,T intersection,3,60,Arterial Other,MCINTYRE,BRIMBANK,-37.757305,144.83235,2021,7,July,6,Morning Peak,Weekday
T20210015873,2021-07-19,16:05:00,1,Collision with vehicle,1,Monday,113,RIGHT NEAR (INTERSECTIONS ONLY),2,42853,T intersection,3,80,Arterial Other,BOUNDARY,KINGSTON,-37.993393,145.10664,2021,7,July,16,Afternoon Peak,Weekday
T20210015875,2021-07-19,16:23:00,6,Vehicle overturned (no collision),1,Monday,174,OUT OF CONTROL ON CARRIAGEWAY (ON STRAIGHT),1,688334,Not at intersection,3,60,Arterial Other,ORRONG,STONNINGTON,-37.850716,145.0121,2021,7,July,16,Afternoon Peak,Weekday
T20210015876,2021-07-19,15:13:00,1,Collision with vehicle,1,Monday,160,VEHICLE COLLIDES WITH VEHICLE PARKED ON LEFT OF ROAD,1,76507,Not at intersection,3,60,Local Road,CANADIAN BAY,MORNINGTON PENINSULA,-38.18659,145.09154,2021,7,July,15,Afternoon Peak,Weekday
T20210015887,2021-07-19,16:50:00,1,Collision with vehicle,1,Monday,130,REAR END(VEHICLES IN SAME LANE),2,688735,Multiple intersection,2,80,Arterial Highway,PRINCES,DANDENONG,-37.96752,145.19525,2021,7,July,16,Afternoon Peak,Weekday
T20210015836,2021-07-19,09:20:00,1,Collision with vehicle,1,Monday,163,VEHICLE STRIKES DOOR OF PARKED/STATIONARY VEHICLE,1,688274,Not at intersection,3,40,Local Road,SMITH,YARRA,-37.802395,144.98367,2021,7,July,9,Morning Peak,Weekday
T20210015888,2021-07-19,19:45:00,1,Collision with vehicle,1,Monday,160,VEHICLE COLLIDES WITH VEHICLE PARKED ON LEFT OF ROAD,3,688608,Not at intersection,3,60,Local Road,EDWARDS,BENDIGO,-36.77654,144.30302,2021,7,July,19,Night,Weekday
T20210015834,2021-07-19,06:50:00,1,Collision with vehicle,1,Monday,130,REAR END(VEHICLES IN SAME LANE),3,768673,Not at intersection,3,80,Arterial Highway,FRANKSTON-DANDENONG,DANDENONG,-38.05207,145.20795,2021,7,July,6,Morning Peak,Weekday
T20210015931,2021-07-19,15:15:00,6,Vehicle overturned (no collision),1,Monday,174,OUT OF CONTROL ON CARRIAGEWAY (ON STRAIGHT),1,66549,Cross intersection,3,40,Local Road,BRIGHTON,YARRA,-37.830597,144.99867,2021,7,July,15,Afternoon Peak,Weekday
T20210015892,2021-07-19,18:20:00,1,Collision with vehicle,1,Monday,120,HEAD ON (NOT OVERTAKING),3,699786,Not at intersection,2,60,Arterial Other,SYDNEY,MORELAND,-37.73544,144.96596,2021,7,July,18,Afternoon Peak,Weekday
T20210015893,2021-07-19,23:37:00,3,Struck animal,1,Monday,167,STRUCK ANIMAL,3,688336,Not at intersection,3,50,Local Road,HOUSTON,BENDIGO,-36.77598,144.27473,2021,7,July,23,Night,Weekday
T20210015829,2021-07-19,03:14:00,2,Struck Pedestrian,1,Monday,102,FAR SIDE. PED HIT BY VEHICLE FROM THE LEFT,3,688200,Multiple intersection,1,100,Freeway,MONASH,CASEY,-37.972523,145.23714,2021,7,July,3,Late Night,Weekday
T20210016036,2021-07-19,16:40:00,1,Collision with vehicle,1,Monday,130,REAR END(VEHICLES IN SAME LANE),2,688857,Not at intersection,3,80,Arterial Other,COOPER,WHITTLESEA,-37.647423,144.9846,2021,7,July,16,Afternoon Peak,Weekday
T20210015824,2021-07-19,03:17:00,1,Collision with vehicle,1,Monday,169,OTHER ON PATH,5,689605,Not at intersection,3,40,Local Road,OKEEFE,DAREBIN,-37.744133,145.01521,2021,7,July,3,Late Night,Weekday
T20210015830,2021-07-19,06:51:00,4,Collision with a fixed object,1,Monday,171,LEFT OFF CARRIAGEWAY INTO OBJECT/PARKED VEHICLE,5,730780,Not at intersection,3,100,Local Road,WARRAK,ARARAT,-37.276466,142.99733,2021,7,July,6,Morning Peak,Weekday
T20210015895,2021-07-20,02:20:00,1,Collision with vehicle,2,Tuesday,130,REAR END(VEHICLES IN SAME LANE),3,39785,Cross intersection,1,80,Arterial Other,DORSET,MAROONDAH,-37.826,145.28758,2021,7,July,2,Late Night,Weekday
T20210016202,2021-07-20,19:15:00,2,Struck Pedestrian,2,Tuesday,102,FAR SIDE. PED HIT BY VEHICLE FROM THE LEFT,3,692836,Cross intersection,3,60,Local Road,MELROSE,MELBOURNE,-37.7904,144.94316,2021,7,July,19,Night,Weekday
T20210015942,2021-07-20,15:50:00,1,Collision with vehicle,2,Tuesday,120,HEAD ON (NOT OVERTAKING),1,54394,Cross intersection,2,60,Arterial Highway,HIGH,BENDIGO,-36.791306,144.24432,2021,7,July,15,Afternoon Peak,Weekday
T20210015936,2021-07-20,17:00:00,1,Collision with vehicle,2,Tuesday,110,CROSS TRAFFIC(INTERSECTIONS ONLY),1,49680,Cross intersection,3,60,Arterial Other,BACCHUS MARSH,GEELONG,-38.078438,144.3584,2021,7,July,17,Afternoon Peak,Weekday
T20210017635,2021-07-20,18:57:00,1,Collision with vehicle,2,Tuesday,110,CROSS TRAFFIC(INTERSECTIONS ONLY),5,324029,Cross intersection,3,80,Arterial Other,BERWICK-CRANBOURNE,CASEY,-38.117744,145.31926,2021,7,July,18,Afternoon Peak,Weekday
T20210015939,2021-07-20,20:20:00,6,Vehicle overturned (no collision),2,Tuesday,182,OFF CARRIAGEWAY ON LEFT BEND,5,688795,Not at intersection,2,100,Local Road,WILLIAMS,HEPBURN,-37.275764,144.03021,2021,7,July,20,Night,Weekday
T20210015917,2021-07-20,10:55:00,4,Collision with a fixed object,2,Tuesday,171,LEFT OFF CARRIAGEWAY INTO OBJECT/PARKED VEHICLE,1,688340,Not at intersection,3,50,Local Road,JOHN,HOBSONS BAY,-37.855457,144.90144,2021,7,July,10,Midday,Weekday
T20210016095,2021-07-20,06:25:00,4,Collision with a fixed object,2,Tuesday,173,RIGHT OFF CARRIAGEWAY INTO OBJECT/PARKED VEHICLE,3,688556,Not at intersection,3,80,Arterial Highway,NEPEAN,KINGSTON,-37.99793,145.08376,2021,7,July,6,Morning Peak,Weekday
T20210015940,2021-07-20,20:05:00,1,Collision with vehicle,2,Tuesday,121,RIGHT THROUGH,3,57165,Multiple intersection,3,60,Local Road,CAIRNLEA,BRIMBANK,-37.76317,144.78975,2021,7,July,20,Night,Weekday
T20210015927,2021-07-20,16:09:00,1,Collision with vehicle,2,Tuesday,130,REAR END(VEHICLES IN SAME LANE),1,588978,Multiple intersection,2,80,Freeway,MONASH IN-HEATHERTON,CASEY,-37.973686,145.23715,2021,7,July,16,Afternoon Peak,Weekday
T20210015935,2021-07-20,18:05:00,1,Collision with vehicle,2,Tuesday,110,CROSS TRAFFIC(INTERSECTIONS ONLY),2,38810,Cross intersection,2,60,Arterial Other,HOPKINS,MARIBYRNONG,-37.80072,144.90787,2021,7,July,18,Afternoon Peak,Weekday
T20210015930,2021-07-20,14:34:00,1,Collision with vehicle,2,Tuesday,120,HEAD ON (NOT OVERTAKING),1,688609,Not at intersection,2,60,Local Road,HOWARD,BENDIGO,-36.703903,144.306,2021,7,July,14,Midday,Weekday
T20210015957,2021-07-21,06:35:00,2,Struck Pedestrian,3,Wednesday,102,FAR SIDE. PED HIT BY VEHICLE FROM THE LEFT,1,331536,T intersection,2,60,Arterial Other,HIGH,WHITTLESEA,-37.6662,145.01646,2021,7,July,6,Morning Peak,Weekday
T20210015960,2021-07-21,10:24:00,1,Collision with vehicle,3,Wednesday,131,LEFT REAR,1,50909,T intersection,2,60,Arterial Other,MELROSE,WODONGA,-36.13247,146.86505,2021,7,July,10,Midday,Weekday
T20210015963,2021-07-21,11:30:00,1,Collision with vehicle,3,Wednesday,121,RIGHT THROUGH,1,29491,Cross intersection,3,60,Arterial Highway,BELL,DAREBIN,-37.745087,145.00285,2021,7,July,11,Midday,Weekday
T20210015965,2021-07-21,11:21:00,1,Collision with vehicle,3,Wednesday,113,RIGHT NEAR (INTERSECTIONS ONLY),1,689984,T intersection,2,50,Local Road,HAVILAH,BENDIGO,-36.74017,144.26842,2021,7,July,11,Midday,Weekday
T20210016060,2021-07-21,16:38:00,1,Collision with vehicle,3,Wednesday,132,RIGHT REAR.,1,35622,Cross intersection,3,60,Arterial Highway,STUD,DANDENONG,-37.97103,145.22339,2021,7,July,16,Afternoon Peak,Weekday
T20210015972,2021-07-21,01:19:00,4,Collision with a fixed object,3,Wednesday,171,LEFT OFF CARRIAGEWAY INTO OBJECT/PARKED VEHICLE,3,688434,Not at intersection,1,70,Arterial Highway,BURWOOD,WHITEHORSE,-37.851036,145.1229,2021,7,July,1,Late Night,Weekday