ACCIDENT_NO,ACCIDENT_DATE,ACCIDENT_TIME,ACCIDENT_TYPE,ACCIDENT_TYPE_DESC,DAY_OF_WEEK,DAY_WEEK_DESC,DCA_CODE,DCA_DESC,LIGHT_CONDITION,NODE_ID,ROAD_GEOMETRY_DESC,SEVERITY,SPEED_ZONE,RMA,ROAD_NAME,LGA_NAME,LATITUDE,LONGITUDE,YEAR,MONTH,MONTH_NAME,HOUR,TIME_PERIOD,DAY_TYPE
T20210015974,2021-07-21,13:00:00,1,Collision with vehicle,3,Wednesday,110,CROSS TRAFFIC(INTERSECTIONS ONLY),1,51835,Cross intersection,3,50,Local Road,EBDEN,MACEDON RANGES,-37.247734,144.45094,2021,7,July,13,Midday,Weekday
T20210015981,2021-07-21,10:00:00,1,Collision with vehicle,3,Wednesday,121,RIGHT THROUGH,1,278622,T intersection,2,60,Local Road,OHERNS,WHITTLESEA,-37.63635,145.0148,2021,7,July,10,Midday,Weekday
T20210016044,2021-07-21,19:15:00,4,Collision with a fixed object,3,Wednesday,173,RIGHT OFF CARRIAGEWAY INTO OBJECT/PARKED VEHICLE,3,692348,Not at intersection,2,80,Arterial Highway,NEPEAN,KINGSTON,-38.00221,145.08395,2021,7,July,19,Night,Weekday
T20210016120,2021-07-21,15:30:00,1,Collision with vehicle,3,Wednesday,131,LEFT REAR,1,29785,Cross intersection,3,60,Arterial Other,HIGH,WHITTLESEA,-37.651882,145.02371,2021,7,July,15,Afternoon Peak,Weekday
T20210016268,2021-07-21,06:30:00,1,Collision with vehicle,3,Wednesday,154,PULLING OUT -REAR END,5,692833,Not at intersection,3,100,Freeway,CALDER,MOUNT ALEXANDER,-36.924854,144.2237,2021,7,July,6,Morning Peak,Weekday
T20210016056,2021-07-21,13:20:00,1,Collision with vehicle,3,Wednesday,110,CROSS TRAFFIC(INTERSECTIONS ONLY),1,44170,Cross intersection,3,50,Local Road,DALEY,MORELAND,-37.696033,144.91914,2021,7,July,13,Midday,Weekday
T20210015947,2021-07-21,02:27:00,4,Collision with a fixed object,3,Wednesday,183,OFF LEFT BEND INTO OBJECT/PARKED VEHICLE,3,688408,Not at intersection,3,70,Arterial Other,EDGARS,WHITTLESEA,-37.685097,145.00204,2021,7,July,2,Late Night,Weekday
T20210015948,2021-07-21,03:15:00,1,Collision with vehicle,3,Wednesday,160,VEHICLE COLLIDES WITH VEHICLE PARKED ON LEFT OF ROAD,3,689104,Not at intersection,3,80,Arterial Highway,DANDENONG,MONASH,-37.89364,145.09251,2021,7,July,3,Late Night,Weekday
T20210016019,2021-07-21,13:00:00,1,Collision with vehicle,3,Wednesday,113,RIGHT NEAR (INTERSECTIONS ONLY),1,688492,T intersection,2,60,Local Road,ELIZABETH,HUME,-37.587643,144.70738,2021,7,July,13,Midday,Weekday
T20210016010,2021-07-21,05:42:00,5,collision with some other object,3,Wednesday,166,STRUCK OBJECT ON CARRIAGEWAY,5,730786,Not at intersection,3,100,Local Road,TAMES,STRATHBOGIE,-36.878353,145.79393,2021,7,July,5,Morning Peak,Weekday
T20210016007,2021-07-21,19:47:00,7,Fall from or in moving vehicle,3,Wednesday,190,FELL IN/FROM VEHICLE,5,694248,Not at intersection,2,80,Arterial Highway,WARBURTON,YARRA RANGES,-37.77501,145.50764,2021,7,July,19,Night,Weekday
T20210016006,2021-07-21,19:00:00,2,Struck Pedestrian,3,Wednesday,102,FAR SIDE. PED HIT BY VEHICLE FROM THE LEFT,3,53276,T intersection,2,40,Arterial Other,PASCOE VALE,MORELAND,-37.704575,144.91576,2021,7,July,19,Night,Weekday
T20210016005,2021-07-21,16:10:00,2,Struck Pedestrian,3,Wednesday,100,PED NEAR SIDE. PED HIT BY VEHICLE FROM THE RIGHT.,1,29971,Cross intersection,3,50,Local Road,CORIO,SHEPPARTON,-36.382698,145.4031,2021,7,July,16,Afternoon Peak,Weekday
T20210015950,2021-07-21,06:16:00,1,Collision with vehicle,3,Wednesday,145,REVERSING IN STREAM OF TRAFFIC,3,688489,Not at intersection,3,60,Arterial Other,WHITE,KINGSTON,-37.9988,145.08789,2021,7,July,6,Morning Peak,Weekday
T20210016004,2021-07-21,14:00:00,1,Collision with vehicle,3,Wednesday,137,LEFT TURN SIDESWIPE,1,65831,Cross intersection,3,40,Arterial Other,KING,MELBOURNE,-37.812466,144.95392,2021,7,July,14,Midday,Weekday
T20210015999,2021-07-21,15:00:00,4,Collision with a fixed object,3,Wednesday,181,OFF RIGHT BEND INTO OBJECT/PARKED VEHICLE,1,696038,Multiple intersection,3,60,Local Road,WEEBAR,BAW BAW,-38.14242,145.8553,2021,7,July,15,Afternoon Peak,Weekday
T20210015998,2021-07-21,13:55:00,1,Collision with vehicle,3,Wednesday,110,CROSS TRAFFIC(INTERSECTIONS ONLY),1,688610,Cross intersection,3,60,Local Road,HAWDON,SHEPPARTON,-36.37579,145.41422,2021,7,July,13,Midday,Weekday
T20210015951,2021-07-21,06:02:00,1,Collision with vehicle,3,Wednesday,140,U TURN,3,321402,Not at intersection,2,60,Arterial Other,JACKSONS,MONASH,-37.932343,145.19365,2021,7,July,6,Morning Peak,Weekday
T20210015992,2021-07-21,17:30:00,1,Collision with vehicle,3,Wednesday,130,REAR END(VEHICLES IN SAME LANE),3,688558,Not at intersection,3,50,Local Road,FLAXMAN,WARRNAMBOOL,-38.38644,142.49828,2021,7,July,17,Afternoon Peak,Weekday
T20210015991,2021-07-21,14:07:00,1,Collision with vehicle,3,Wednesday,130,REAR END(VEHICLES IN SAME LANE),1,693630,Not at intersection,2,80,Arterial Other,THOMPSON,FRANKSTON,-38.07115,145.18677,2021,7,July,14,Midday,Weekday
T20210015989,2021-07-21,15:50:00,1,Collision with vehicle,3,Wednesday,173,RIGHT OFF CARRIAGEWAY INTO OBJECT/PARKED VEHICLE,1,41332,Cross intersection,3,60,Local Road,KAMBROOK,GLEN EIRA,-37.885746,145.03381,2021,7,July,15,Afternoon Peak,Weekday
T20210015988,2021-07-21,15:30:00,1,Collision with vehicle,3,Wednesday,121,RIGHT THROUGH,1,628291,Cross intersection,3,80,Arterial Other,GATWICK,MAROONDAH,-37.823734,145.2966,2021,7,July,15,Afternoon Peak,Weekday
T20210016156,2021-07-21,13:37:00,1,Collision with vehicle,3,Wednesday,147,VEHICLE STRIKES ANOTHER VEH WHILE EMERGING FROM DRIVEWAY,1,61308,T intersection,2,50,Local Road,FREEMAN,HUME,-37.658524,144.96056,2021,7,July,13,Midday,Weekday
T20210016769,2021-07-22,07:27:00,1,Collision with vehicle,4,Thursday,113,RIGHT NEAR (INTERSECTIONS ONLY),1,1323,Cross intersection,3,60,Arterial Other,SYDNEY,HUME,-37.689465,144.95798,2021,7,July,7,Morning Peak,Weekday
T20210016078,2021-07-22,03:51:00,4,Collision with a fixed object,4,Thursday,171,LEFT OFF CARRIAGEWAY INTO OBJECT/PARKED VEHICLE,5,696010,Not at intersection,3,100,Arterial Highway,WESTERN,PYRENEES,-37.43583,143.41205,2021,7,July,3,Late Night,Weekday
T20210016059,2021-07-22,16:45:00,1,Collision with vehicle,4,Thursday,121,RIGHT THROUGH,1,690192,T intersection,3,60,Local Road,BRIDGEWATER,HUME,-37.620102,144.93005,2021,7,July,16,Afternoon Peak,Weekday
T20210016441,2021-07-22,08:30:00,4,Collision with a fixed object,4,Thursday,171,LEFT OFF CARRIAGEWAY INTO OBJECT/PARKED VEHICLE,1,693995,Not at intersection,2,100,Local Road,LAKE BUFFALO-WHITFIELD,WANGARATTA,-36.74,146.48833,2021,7,July,8,Morning Peak,Weekday
T20210016081,2021-07-22,23:18:00,4,Collision with a fixed object,4,Thursday,171,LEFT OFF CARRIAGEWAY INTO OBJECT/PARKED VEHICLE,3,692813,Not at intersection,2,50,Local Road,NELSON,BENDIGO,-36.728935,144.2615,2021,7,July,23,Night,Weekday
T20210016136,2021-07-22,06:30:00,1,Collision with vehicle,4,Thursday,110,CROSS TRAFFIC(INTERSECTIONS ONLY),5,48721,Cross intersection,3,80,Arterial Other,OAKLANDS,HUME,-37.629604,144.83636,2021,7,July,6,Morning Peak,Weekday
T20210016048,2021-07-22,09:40:00,4,Collision with a fixed object,4,Thursday,173,RIGHT OFF CARRIAGEWAY INTO OBJECT/PARKED VEHICLE,1,781069,Not at intersection,3,100,Arterial Other,FIRMINS,LATROBE,-38.25376,146.47643,2021,7,July,9,Morning Peak,Weekday
T20210016022,2021-07-22,06:40:00,1,Collision with vehicle,4,Thursday,120,HEAD ON (NOT OVERTAKING),1,688714,Not at intersection,2,100,Arterial Other,NAR NAR GOON-LONGWARRY,CARDINIA,-38.086086,145.64272,2021,7,July,6,Morning Peak,Weekday
T20210016054,2021-07-22,15:40:00,6,Vehicle overturned (no collision),4,Thursday,174,OUT OF CONTROL ON CARRIAGEWAY (ON STRAIGHT),1,688713,Not at intersection,2,50,Local Road,GOWER,DAREBIN,-37.743267,145.02872,2021,7,July,15,Afternoon Peak,Weekday
T20210016042,2021-07-22,08:52:00,1,Collision with vehicle,4,Thursday,130,REAR END(VEHICLES IN SAME LANE),1,45985,Cross intersection,2,70,Arterial Highway,ORMOND,GEELONG,-38.162117,144.37823,2021,7,July,8,Morning Peak,Weekday
T20210016047,2021-07-22,13:54:00,1,Collision with vehicle,4,Thursday,147,VEHICLE STRIKES ANOTHER VEH WHILE EMERGING FROM DRIVEWAY,1,688613,Not at intersection,2,50,Local Road,GRASSBIRD,WYNDHAM,-37.905075,144.72646,2021,7,July,13,Midday,Weekday
T20210016039,2021-07-22,13:21:00,2,Struck Pedestrian,4,Thursday,109,ANY MANOEUVRE INVOLVING PED NOT INCLUDED IN DCAs 100-108.,1,688494,T intersection,2,40,Local Road,ABECKETT,MELBOURNE,-37.810383,144.95695,2021,7,July,13,Midday,Weekday
T20210016018,2021-07-22,07:02:00,1,Collision with vehicle,4,Thursday,121,RIGHT THROUGH,1,39923,T intersection,2,50,Local Road,BLYTH,HOBSONS BAY,-37.869183,144.83841,2021,7,July,7,Morning Peak,Weekday
T20210016014,2021-07-22,04:07:00,4,Collision with a fixed object,4,Thursday,173,RIGHT OFF CARRIAGEWAY INTO OBJECT/PARKED VEHICLE,3,692214,T intersection,2,60,Local Road,HAMMOND,DANDENONG,-37.99967,145.20859,2021,7,July,4,Late Night,Weekday
T20210016071,2021-07-22,20:20:00,8,No collision and no object struck,4,Thursday,182,OFF CARRIAGEWAY ON LEFT BEND,3,688557,Multiple intersection,2,80,Freeway,NARRE WARREN NORTH-MONASH IN,CASEY,-38.018093,145.30826,2021,7,July,20,Night,Weekday
T20210016064,2021-07-22,17:45:00,1,Collision with vehicle,4,Thursday,130,REAR END(VEHICLES IN SAME LANE),2,688495,Not at intersection,3,100,Freeway,METROPOLITAN RING,WHITTLESEA,-37.6877,144.99973,2021,7,July,17,Afternoon Peak,Weekday
T20210016360,2021-07-22,15:45:00,1,Collision with vehicle,4,Thursday,130,REAR END(VEHICLES IN SAME LANE),1,35340,Cross intersection,3,60,Arterial Other,QUEENS,YARRA,-37.78865,144.99088,2021,7,July,15,Afternoon Peak,Weekday
T20210016067,2021-07-22,15:30:00,1,Collision with vehicle,4,Thursday,160,VEHICLE COLLIDES WITH VEHICLE PARKED ON LEFT OF ROAD,1,689080,Not at intersection,2,60,Local Road,PARK,KINGSTON,-38.009594,145.09067,2021,7,July,15,Afternoon Peak,Weekday
T20210016135,2021-07-23,04:12:00,4,Collision with a fixed object,5,Friday,181,OFF RIGHT BEND INTO OBJECT/PARKED VEHICLE,3,692386,T intersection,3,60,Arterial Other,EASTBOURNE,MORNINGTON PENINSULA,-38.36679,144.87195,2021,7,July,4,Late Night,Weekday
T20210016293,2021-07-23,17:30:00,8,No collision and no object struck,5,Friday,174,OUT OF CONTROL ON CARRIAGEWAY (ON STRAIGHT),2,691857,Not at intersection,2,70,Arterial Highway,MELBOURNE,GEELONG,-38.106537,144.35379,2021,7,July,17,Afternoon Peak,Weekday
T20210016089,2021-07-23,06:54:00,1,Collision with vehicle,5,Friday,121,RIGHT THROUGH,2,42085,T intersection,2,60,Arterial Highway,BELL,MORELAND,-37.738552,144.94035,2021,7,July,6,Morning Peak,Weekday
T20210016091,2021-07-23,05:45:00,4,Collision with a fixed object,5,Friday,173,RIGHT OFF CARRIAGEWAY INTO OBJECT/PARKED VEHICLE,3,692385,Not at intersection,2,80,Arterial Other,HIGH,CASEY,-38.033028,145.35017,2021,7,July,5,Morning Peak,Weekday
T20210016141,2021-07-23,19:05:00,1,Collision with vehicle,5,Friday,130,REAR END(VEHICLES IN SAME LANE),5,689935,Not at intersection,3,100,Arterial Highway,SOUTH GIPPSLAND,SOUTH GIPPSLAND,-38.6707,146.38866,2021,7,July,19,Night,Weekday
T20210016094,2021-07-23,06:00:00,4,Collision with a fixed object,5,Friday,171,LEFT OFF CARRIAGEWAY INTO OBJECT/PARKED VEHICLE,5,693500,Not at intersection,2,100,Local Road,RAILWAY,WANGARATTA,-36.200985,146.45862,2021,7,July,6,Morning Peak,Weekday
T20210016994,2021-07-23,14:00:00,1,Collision with vehicle,5,Friday,130,REAR END(VEHICLES IN SAME LANE),1,689619,Not at intersection,3,60,Arterial Other,WELLS,KINGSTON,-38.02466,145.12712,2021,7,July,14,Midday,Weekday
T20210016087,2021-07-23,06:50:00,1,Collision with vehicle,5,Friday,136,RIGHT TURN SIDESWIPE,1,205,Cross intersection,2,40,Local Road,LONSDALE,MELBOURNE,-37.813713,144.95732,2021,7,July,6,Morning Peak,Weekday
T20210016097,2021-07-23,06:45:00,1,Collision with vehicle,5,Friday,130,REAR END(VEHICLES IN SAME LANE),6,688660,Not at intersection,2,60,Arterial Highway,BALLARAT,MARIBYRNONG,-37.794857,144.90497,2021,7,July,6,Morning Peak,Weekday
T20210016093,2021-07-23,07:00:00,1,Collision with vehicle,5,Friday,110,CROSS TRAFFIC(INTERSECTIONS ONLY),2,50125,Cross intersection,2,60,Local Road,BELLE VUE,GEELONG,-38.173187,144.32413,2021,7,July,7,Morning Peak,Weekday
T20210016100,2021-07-23,07:24:00,1,Collision with vehicle,5,Friday,110,CROSS TRAFFIC(INTERSECTIONS ONLY),2,723509,Cross intersection,2,50,Local Road,DUNDAS,MOORABOOL,-37.65422,144.44044,2021,7,July,7,Morning Peak,Weekday
T20210016126,2021-07-23,19:10:00,4,Collision with a fixed object,5,Friday,183,OFF LEFT BEND INTO OBJECT/PARKED VEHICLE,5,689479,Not at intersection,2,100,Arterial Other,MOE-RAWSON,BAW BAW,-38.064365,146.33647,2021,7,July,19,Night,Weekday
T20210016127,2021-07-23,19:00:00,1,Collision with vehicle,5,Friday,121,RIGHT THROUGH,3,689840,Not at intersection,3,60,Local Road,EXFORD,MELTON,-37.724342,144.57272,2021,7,July,19,Night,Weekday
T20210016115,2021-07-23,16:06:00,1,Collision with vehicle,5,Friday,130,REAR END(VEHICLES IN SAME LANE),1,689406,Not at intersection,2,60,Local Road,THORNHILL,GEELONG,-38.1888,144.30882,2021,7,July,16,Afternoon Peak,Weekday
T20210016102,2021-07-23,11:00:00,1,Collision with vehicle,5,Friday,130,REAR END(VEHICLES IN SAME LANE),1,778509,Cross intersection,3,60,Local Road,SAN MATEO,MILDURA,-34.193645,142.16235,2021,7,July,11,Midday,Weekday
T20210016128,2021-07-23,21:18:00,1,Collision with vehicle,5,Friday,160,VEHICLE COLLIDES WITH VEHICLE PARKED ON LEFT OF ROAD,3,690995,Not at intersection,2,60,Arterial Other,ARNOLD,BENDIGO,-36.746845,144.2782,2021,7,July,21,Night,Weekday
T20210016114,2021-07-23,15:50:00,1,Collision with vehicle,5,Friday,130,REAR END(VEHICLES IN SAME LANE),1,688661,Not at intersection,2,50,Local Road,KENSINGTON,MELBOURNE,-37.80141,144.91505,2021,7,July,15,Afternoon Peak,Weekday
T20210016131,2021-07-23,20:00:00,4,Collision with a fixed object,5,Friday,171,LEFT OFF CARRIAGEWAY INTO OBJECT/PARKED VEHICLE,5,692612,Not at intersection,1,100,Local Road,CHEROKEE,MACEDON RANGES,-37.38338,144.65314,2021,7,July,20,Night,Weekday
T20210016285,2021-07-23,08:07:00,1,Collision with vehicle,5,Friday,136,RIGHT TURN SIDESWIPE,1,78773,T intersection,3,70,Arterial Other,SHRIVES,CASEY,-38.029938,145.2799,2021,7,July,8,Morning Peak,Weekday
T20210016220,2021-07-23,14:00:00,8,No collision and no object struck,5,Friday,174,OUT OF CONTROL ON CARRIAGEWAY (ON STRAIGHT),1,691135,Not at intersection,3,50,Local Road,MONTCLAIRE,CARDINIA,-38.06933,145.49963,2021,7,July,14,Midday,Weekday
T20210016107,2021-07-23,14:00:00,2,Struck Pedestrian,5,Friday,101,PED EMERGES FROM IN FRONT OF PARKED OR STATIONARY VEHICLE,1,688615,Not at intersection,2,50,Local Road,DALGETY,MOONEE VALLEY,-37.77795,144.90631,2021,7,July,14,Midday,Weekday
T20210016119,2021-07-23,17:05:00,1,Collision with vehicle,5,Friday,130,REAR END(VEHICLES IN SAME LANE),1,688983,Not at intersection,3,80,Arterial Other,BERWICK-CRANBOURNE,CASEY,-38.11837,145.32422,2021,7,July,17,Afternoon Peak,Weekday
T20210016132,2021-07-23,06:23:00,1,Collision with vehicle,5,Friday,121,RIGHT THROUGH,3,739996,Cross intersection,2,60,Arterial Other,BERWICK-CRANBOURNE ROAD -CLYDE,CASEY,-38.074486,145.33534,2021,7,July,6,Morning Peak,Weekday
T20210016123,2021-07-23,19:33:00,1,Collision with vehicle,5,Friday,130,REAR END(VEHICLES IN SAME LANE),3,768672,Not at intersection,3,80,Arterial Highway,GREENSBOROUGH,BANYULE,-37.7059,145.08864,2021,7,July,19,Night,Weekday
T20210016129,2021-07-23,21:46:00,1,Collision with vehicle,5,Friday,160,VEHICLE COLLIDES WITH VEHICLE PARKED ON LEFT OF ROAD,3,762042,Not at intersection,2,60,Local Road,CIVIC,HOBSONS BAY,-37.86543,144.8393,2021,7,July,21,Night,Weekday
T20210016134,2021-07-23,23:15:00,2,Struck Pedestrian,5,Friday,101,PED EMERGES FROM IN FRONT OF PARKED OR STATIONARY VEHICLE,3,690207,Not at intersection,2,40,Local Road,EASTERN BEACH,GEELONG,-38.144466,144.36296,2021,7,July,23,Night,Weekday
T20210017484,2021-07-24,20:00:00,1,Collision with vehicle,6,Saturday,169,OTHER ON PATH,6,781074,Cross intersection,3,50,Local Road,DAVID,DAREBIN,-37.742603,145.00333,2021,7,July,20,Night,Weekend
T20210016171,2021-07-24,23:30:00,1,Collision with vehicle,6,Saturday,130,REAR END(VEHICLES IN SAME LANE),3,692877,Cross intersection,3,60,Local Road,DUNMORE,WYNDHAM,-37.809574,144.73944,2021,7,July,23,Night,Weekend
T20210016144,2021-07-24,08:50:00,4,Collision with a fixed object,6,Saturday,173,RIGHT OFF CARRIAGEWAY INTO OBJECT/PARKED VEHICLE,1,689078,T intersection,2,70,Arterial Other,MICKLEHAM,HUME,-37.67793,144.88432,2021,7,July,8,Morning Peak,Weekend
T20210018066,2021-07-24,15:15:00,6,Vehicle overturned (no collision),6,Saturday,174,OUT OF CONTROL ON CARRIAGEWAY (ON STRAIGHT),1,691144,Not at intersection,3,100,Local Road,BANYENA-PIMPINIO,YARRIAMBIACK,-36.572227,142.81476,2021,7,July,15,Afternoon Peak,Weekend
T20210016256,2021-07-24,14:00:00,6,Vehicle overturned (no collision),6,Saturday,174,OUT OF CONTROL ON CARRIAGEWAY (ON STRAIGHT),1,688864,T intersection,3,30,Local Road,LYGON,YARRA,-37.779907,144.97043,2021,7,July,14,Midday,Weekend
T20210016167,2021-07-24,20:45:00,1,Collision with vehicle,6,Saturday,130,REAR END(VEHICLES IN SAME LANE),3,689606,Not at intersection,3,80,Arterial Highway,DANDENONG,STONNINGTON,-37.892834,145.08804,2021,7,July,20,Night,Weekend
T20210016146,2021-07-24,10:52:00,1,Collision with vehicle,6,Saturday,110,CROSS TRAFFIC(INTERSECTIONS ONLY),1,695969,Cross intersection,3,80,Arterial Highway,DANDENONG,DANDENONG,-38.00317,145.20801,2021,7,July,10,Midday,Weekend
T20210016147,2021-07-24,10:34:00,8,No collision and no object struck,6,Saturday,182,OFF CARRIAGEWAY ON LEFT BEND,1,698005,Not at intersection,2,60,Arterial Other,HASTINGS,FRANKSTON,-38.15098,145.13057,2021,7,July,10,Midday,Weekend
T20210016155,2021-07-24,16:13:00,4,Collision with a fixed object,6,Saturday,171,LEFT OFF CARRIAGEWAY INTO OBJECT/PARKED VEHICLE,1,45424,T intersection,3,60,Arterial Other,MT ALEXANDER,MOONEE VALLEY,-37.77165,144.92651,2021,7,July,16,Afternoon Peak,Weekend
T20210016168,2021-07-24,05:45:00,6,Vehicle overturned (no collision),6,Saturday,170,OFF CARRIAGEWAY TO LEFT,3,692837,Not at intersection,3,60,Local Road,VICTORIA,GEELONG,-38.1225,144.34735,2021,7,July,5,Morning Peak,Weekend
T20210016157,2021-07-24,14:30:00,4,Collision with a fixed object,6,Saturday,171,LEFT OFF CARRIAGEWAY INTO OBJECT/PARKED VEHICLE,1,702258,Not at intersection,2,100,Freeway,WESTERN,BRIMBANK,-37.797924,144.76614,2021,7,July,14,Midday,Weekend
T20210016159,2021-07-24,14:00:00,1,Collision with vehicle,6,Saturday,121,RIGHT THROUGH,1,582283,Cross intersection,2,80,Arterial Other,ROBINSONS,MELTON,-37.799404,144.75212,2021,7,July,14,Midday,Weekend
T20210017106,2021-07-25,08:25:00,1,Collision with vehicle,7,Sunday,113,RIGHT NEAR (INTERSECTIONS ONLY),1,16815,Cross intersection,3,40,Local Road,FAIRY,WARRNAMBOOL,-38.38158,142.4791,2021,7,July,8,Morning Peak,Weekend
T20210016177,2021-07-25,08:30:00,1,Collision with vehicle,7,Sunday,113,RIGHT NEAR (INTERSECTIONS ONLY),1,29681,Cross intersection,2,70,Arterial Highway,WARRIGAL,KINGSTON,-37.953197,145.07677,2021,7,July,8,Morning Peak,Weekend
T20210017236,2021-07-25,14:45:00,1,Collision with vehicle,7,Sunday,132,RIGHT REAR.,1,254336,T intersection,3,60,Arterial Other,COOPER,WHITTLESEA,-37.650387,145.00845,2021,7,July,14,Midday,Weekend
T20210016501,2021-07-25,20:40:00,1,Collision with vehicle,7,Sunday,110,CROSS TRAFFIC(INTERSECTIONS ONLY),5,67163,Cross intersection,3,60,Local Road,DAY,EAST GIPPSLAND,-37.81914,147.61111,2021,7,July,20,Night,Weekend
T20210016187,2021-07-25,14:50:00,1,Collision with vehicle,7,Sunday,160,VEHICLE COLLIDES WITH VEHICLE PARKED ON LEFT OF ROAD,1,688663,Not at intersection,3,60,Arterial Other,BEACONSFIELD,PORT PHILLIP,-37.860443,144.97208,2021,7,July,14,Midday,Weekend
T20210016184,2021-07-25,11:45:00,1,Collision with vehicle,7,Sunday,111,RIGHT FAR (INTERSECTIONS ONLY),1,38334,T intersection,3,60,Local Road,GEORGE,MANNINGHAM,-37.778355,145.13013,2021,7,July,11,Midday,Weekend
T20210016200,2021-07-25,18:23:00,1,Collision with vehicle,7,Sunday,130,REAR END(VEHICLES IN SAME LANE),3,689040,T intersection,2,60,Arterial Other,CANNING,MOONEE VALLEY,-37.770832,144.86714,2021,7,July,18,Afternoon Peak,Weekend
T20210016185,2021-07-25,11:05:00,1,Collision with vehicle,7,Sunday,143,ENTERING PARKING,1,695470,Not at intersection,2,40,Local Road,AUGHTIE,PORT PHILLIP,-37.851543,144.97086,2021,7,July,11,Midday,Weekend
T20210016203,2021-07-25,16:54:00,4,Collision with a fixed object,7,Sunday,181,OFF RIGHT BEND INTO OBJECT/PARKED VEHICLE,2,693194,Not at intersection,2,100,Freeway,GEELONG RING,GEELONG,-38.060173,144.3442,2021,7,July,16,Afternoon Peak,Weekend
T20210016208,2021-07-25,23:25:00,1,Collision with vehicle,7,Sunday,110,CROSS TRAFFIC(INTERSECTIONS ONLY),3,239729,Cross intersection,3,40,Arterial Other,STURT,MELBOURNE,-37.82339,144.96739,2021,7,July,23,Night,Weekend
T20210016949,2021-07-26,11:00:00,2,Struck Pedestrian,1,Monday,102,FAR SIDE. PED HIT BY VEHICLE FROM THE LEFT,1,689905,Not at intersection,3,50,Local Road,NEERIM,MONASH,-37.892365,145.08276,2021,7,July,11,Midday,Weekday
T20210016482,2021-07-26,23:58:00,1,Collision with vehicle,1,Monday,160,VEHICLE COLLIDES WITH VEHICLE PARKED ON LEFT OF ROAD,5,689483,Not at intersection,2,80,Local Road,SMITHS,CASEY,-38.1591,145.26219,2021,7,July,23,Night,Weekday
T20210016301,2021-07-26,14:15:00,2,Struck Pedestrian,1,Monday,100,PED NEAR SIDE. PED HIT BY VEHICLE FROM THE RIGHT.,1,29669,T intersection,2,70,Arterial Highway,SPRINGVALE,MONASH,-37.880028,145.16576,2021,7,July,14,Midday,Weekday
T20210016238,2021-07-26,11:40:00,4,Collision with a fixed object,1,Monday,173,RIGHT OFF CARRIAGEWAY INTO OBJECT/PARKED VEHICLE,1,294076,Cross intersection,3,50,Local Road,ROSSACK,GEELONG,-38.20817,144.3119,2021,7,July,11,Midday,Weekday
T20210016237,2021-07-26,06:30:00,3,Struck animal,1,Monday,167,STRUCK ANIMAL,5,688740,Not at intersection,2,100,Arterial Other,DUNACH-EDDINGTON,CENTRAL GOLDFIELDS,-37.210648,143.73462,2021,7,July,6,Morning Peak,Weekday
T20210016236,2021-07-26,11:15:00,1,Collision with vehicle,1,Monday,160,VEHICLE COLLIDES WITH VEHICLE PARKED ON LEFT OF ROAD,1,689411,Not at intersection,2,70,Arterial Other,EDGARS,WHITTLESEA,-37.682034,144.99892,2021,7,July,11,Midday,Weekday
T20210016264,2021-07-26,19:03:00,4,Collision with a fixed object,1,Monday,171,LEFT OFF CARRIAGEWAY INTO OBJECT/PARKED VEHICLE,5,694607,Not at intersection,2,100,Local Road,AVOCA,CENTRAL GOLDFIELDS,-37.16285,143.6769,2021,7,July,19,Night,Weekday
T20210016261,2021-07-26,17:10:00,1,Collision with vehicle,1,Monday,120,HEAD ON (NOT OVERTAKING),2,691234,Not at intersection,2,100,Local Road,GOORAMADDA,INDIGO,-35.99446,146.56856,2021,7,July,17,Afternoon Peak,Weekday
T20210016260,2021-07-26,15:25:00,1,Collision with vehicle,1,Monday,121,RIGHT THROUGH,1,314,Multiple intersection,2,60,Freeway,BARKLY AVENUE -TWICKENHAM,YARRA,-37.83047,145.01051,2021,7,July,15,Afternoon Peak,Weekday
T20210016258,2021-07-26,13:00:00,1,Collision with vehicle,1,Monday,110,CROSS TRAFFIC(INTERSECTIONS ONLY),1,39572,Cross intersection,3,50,Local Road,MCIVOR,BRIMBANK,-37.742264,144.80432,2021,7,July,13,Midday,Weekday
T20210016257,2021-07-26,17:15:00,4,Collision with a fixed object,1,Monday,171,LEFT OFF CARRIAGEWAY INTO OBJECT/PARKED VEHICLE,1,694788,Not at intersection,2,80,Local Road,ELCHO,GEELONG,-38.026627,144.36246,2021,7,July,17,Afternoon Peak,Weekday
T20210016255,2021-07-26,16:00:00,1,Collision with vehicle,1,Monday,116,LEFT NEAR (INTERSECTIONS ONLY),1,50294,Cross intersection,3,50,Arterial Other,THE PARADE,GEELONG,-38.267033,144.52747,2021,7,July,16,Afternoon Peak,Weekday
T20210016233,2021-07-26,10:00:00,1,Collision with vehicle,1,Monday,121,RIGHT THROUGH,1,339315,Multiple intersection,2,80,Arterial Other,HEATHERTON,CASEY,-37.972694,145.23828,2021,7,July,10,Midday,Weekday
T20210016254,2021-07-26,18:20:00,1,Collision with vehicle,1,Monday,116,LEFT NEAR (INTERSECTIONS ONLY),2,56712,T intersection,3,60,Arterial Highway,CRESWICK,BALLARAT,-37.527454,143.8488,2021,7,July,18,Afternoon Peak,Weekday
T20210016232,2021-07-26,10:38:00,1,Collision with vehicle,1,Monday,121,RIGHT THROUGH,1,50470,Cross intersection,3,60,Arterial Other,PRINCES,LATROBE,-38.23846,146.40475,2021,7,July,10,Midday,Weekday
T20210016212,2021-07-26,05:11:00,1,Collision with vehicle,1,Monday,130,REAR END(VEHICLES IN SAME LANE),3,688859,Not at intersection,3,80,Arterial Highway,GEELONG,BRIMBANK,-37.814907,144.8558,2021,7,July,5,Morning Peak,Weekday