ACCIDENT_NO,ACCIDENT_DATE,ACCIDENT_TIME,ACCIDENT_TYPE,ACCIDENT_TYPE_DESC,DAY_OF_WEEK,DAY_WEEK_DESC,DCA_CODE,DCA_DESC,LIGHT_CONDITION,NODE_ID,ROAD_GEOMETRY_DESC,SEVERITY,SPEED_ZONE,RMA,ROAD_NAME,LGA_NAME,LATITUDE,LONGITUDE,YEAR,MONTH,MONTH_NAME,HOUR,TIME_PERIOD,DAY_TYPE
T20210016219,2021-07-26,07:15:00,1,Collision with vehicle,1,Monday,129,OTHER OPPOSING MANOEUVRES NOT INCLUDED IN DCAs 120-125.,1,44224,Cross intersection,3,60,Arterial Other,HIGH,WHITTLESEA,-37.648518,145.02585,2021,7,July,7,Morning Peak,Weekday
T20210016223,2021-07-26,10:30:00,4,Collision with a fixed object,1,Monday,141,U TURN INTO FIXED OBJECT/PARKED VEHICLE,1,688739,Dead end,3,50,Local Road,HOMEBUSH,BOROONDARA,-37.824196,145.05634,2021,7,July,10,Midday,Weekday
T20210016252,2021-07-26,15:40:00,1,Collision with vehicle,1,Monday,162,ACCIDENT OR BROKEN DOWN,1,692055,Not at intersection,2,60,Arterial Other,DOHERTYS,WYNDHAM,-37.83016,144.81049,2021,7,July,15,Afternoon Peak,Weekday
T20210016248,2021-07-26,16:21:00,1,Collision with vehicle,1,Monday,130,REAR END(VEHICLES IN SAME LANE),1,743084,Not at intersection,3,60,Arterial Other,MARINE,PORT PHILLIP,-37.875107,144.97685,2021,7,July,16,Afternoon Peak,Weekday
T20210016240,2021-07-26,09:00:00,4,Collision with a fixed object,1,Monday,173,RIGHT OFF CARRIAGEWAY INTO OBJECT/PARKED VEHICLE,1,691678,Not at intersection,2,100,Arterial Other,BIRREGURRA-FORREST,COLAC OTWAY,-38.453094,143.77185,2021,7,July,9,Morning Peak,Weekday
T20210016225,2021-07-26,10:45:00,1,Collision with vehicle,1,Monday,130,REAR END(VEHICLES IN SAME LANE),1,688860,Not at intersection,3,60,Arterial Other,BLUFF,BAYSIDE,-37.943214,145.02278,2021,7,July,10,Midday,Weekday
T20210016314,2021-07-26,20:15:00,1,Collision with vehicle,1,Monday,183,OFF LEFT BEND INTO OBJECT/PARKED VEHICLE,3,739999,Not at intersection,2,50,Local Road,THOMAS CARR,WYNDHAM,-37.84562,144.70415,2021,7,July,20,Night,Weekday
T20210016273,2021-07-26,18:43:00,1,Collision with vehicle,1,Monday,121,RIGHT THROUGH,3,251441,Cross intersection,3,60,Local Road,FINDON,WHITTLESEA,-37.64225,145.06921,2021,7,July,18,Afternoon Peak,Weekday
T20210017398,2021-07-26,15:18:00,8,No collision and no object struck,1,Monday,199,UNKNOWN-NO DETAILS ON MANOEUVRES OF ROAD-USERS IN ACCIDENT,1,692754,Not at intersection,2,60,Arterial Other,LORIMER,MELBOURNE,-37.820847,144.92549,2021,7,July,15,Afternoon Peak,Weekday
T20210020610,2021-07-26,16:30:00,1,Collision with vehicle,1,Monday,160,VEHICLE COLLIDES WITH VEHICLE PARKED ON LEFT OF ROAD,1,704482,Not at intersection,3,50,Local Road,GARDENIA,GLEN EIRA,-37.899086,145.00868,2021,7,July,16,Afternoon Peak,Weekday
T20210016291,2021-07-27,07:20:00,4,Collision with a fixed object,2,Tuesday,171,LEFT OFF CARRIAGEWAY INTO OBJECT/PARKED VEHICLE,1,697221,Not at intersection,2,80,Local Road,CANTERBURY,GEELONG,-38.039474,144.41005,2021,7,July,7,Morning Peak,Weekday
T20210016290,2021-07-27,12:20:00,4,Collision with a fixed object,2,Tuesday,146,REVERSING INTO FIXED OBJECT/PARKED VEHICLE,1,689913,T intersection,1,50,Local Road,BRYSON,BRIMBANK,-37.697876,144.76077,2021,7,July,12,Midday,Weekday
T20210016289,2021-07-27,09:00:00,4,Collision with a fixed object,2,Tuesday,171,LEFT OFF CARRIAGEWAY INTO OBJECT/PARKED VEHICLE,1,242054,T intersection,2,60,Arterial Other,BONEO,MORNINGTON PENINSULA,-38.412636,144.88745,2021,7,July,9,Morning Peak,Weekday
T20210016296,2021-07-27,10:45:00,1,Collision with vehicle,2,Tuesday,130,REAR END(VEHICLES IN SAME LANE),1,689896,Not at intersection,2,80,Freeway,PRINCES,HOBSONS BAY,-37.839954,144.79544,2021,7,July,10,Midday,Weekday
T20210016316,2021-07-27,16:20:00,2,Struck Pedestrian,2,Tuesday,102,FAR SIDE. PED HIT BY VEHICLE FROM THE LEFT,1,691856,Not at intersection,2,60,Arterial Other,WRIGHT,BRIMBANK,-37.795555,144.82716,2021,7,July,16,Afternoon Peak,Weekday
T20210016282,2021-07-27,09:20:00,1,Collision with vehicle,2,Tuesday,130,REAR END(VEHICLES IN SAME LANE),1,690563,Cross intersection,2,80,Arterial Other,CRAIGIEBURN,WHITTLESEA,-37.60414,144.98495,2021,7,July,9,Morning Peak,Weekday
T20210016302,2021-07-27,13:15:00,1,Collision with vehicle,2,Tuesday,134,LANE CHANGE RIGHT (NOT OVERTAKING),1,781083,Not at intersection,3,80,Freeway,PRINCES,WYNDHAM,-37.959484,144.57362,2021,7,July,13,Midday,Weekday
T20210016317,2021-07-27,16:40:00,1,Collision with vehicle,2,Tuesday,110,CROSS TRAFFIC(INTERSECTIONS ONLY),1,43815,Cross intersection,2,80,Local Road,BEENAK,YARRA RANGES,-37.79486,145.45699,2021,7,July,16,Afternoon Peak,Weekday
T20210016303,2021-07-27,13:20:00,1,Collision with vehicle,2,Tuesday,130,REAR END(VEHICLES IN SAME LANE),1,689128,Not at intersection,2,60,Arterial Highway,BURWOOD,WHITEHORSE,-37.85663,145.1827,2021,7,July,13,Midday,Weekday
T20210016294,2021-07-27,11:50:00,1,Collision with vehicle,2,Tuesday,160,VEHICLE COLLIDES WITH VEHICLE PARKED ON LEFT OF ROAD,1,694589,Not at intersection,3,50,Local Road,WINFIELD,WHITEHORSE,-37.796036,145.10442,2021,7,July,11,Midday,Weekday
T20210016305,2021-07-27,11:50:00,1,Collision with vehicle,2,Tuesday,130,REAR END(VEHICLES IN SAME LANE),1,693051,Not at intersection,3,60,Arterial Highway,SOUTH GIPPSLAND,CASEY,-38.108105,145.28319,2021,7,July,11,Midday,Weekday
T20210016308,2021-07-27,16:10:00,2,Struck Pedestrian,2,Tuesday,100,PED NEAR SIDE. PED HIT BY VEHICLE FROM THE RIGHT.,1,688932,Not at intersection,2,60,Arterial Highway,WARRIGAL,KINGSTON,-37.95028,145.07738,2021,7,July,16,Afternoon Peak,Weekday
T20210016310,2021-07-27,11:26:00,4,Collision with a fixed object,2,Tuesday,171,LEFT OFF CARRIAGEWAY INTO OBJECT/PARKED VEHICLE,1,688902,Not at intersection,2,100,Freeway,WESTERN RING,BRIMBANK,-37.81114,144.80803,2021,7,July,11,Midday,Weekday
T20210016315,2021-07-27,15:00:00,1,Collision with vehicle,2,Tuesday,120,HEAD ON (NOT OVERTAKING),1,714272,Not at intersection,2,50,Local Road,DALRAY,MELTON,-37.66008,144.58846,2021,7,July,15,Afternoon Peak,Weekday
T20210016532,2021-07-27,14:00:00,1,Collision with vehicle,2,Tuesday,130,REAR END(VEHICLES IN SAME LANE),1,689189,Not at intersection,3,80,Arterial Highway,DANDENONG,DANDENONG,-38.004402,145.22021,2021,7,July,14,Midday,Weekday
T20210018958,2021-07-27,13:50:00,1,Collision with vehicle,2,Tuesday,130,REAR END(VEHICLES IN SAME LANE),1,693481,Not at intersection,3,80,Arterial Other,BARRY,HUME,-37.66398,144.92374,2021,7,July,13,Midday,Weekday
T20210016835,2021-07-27,15:10:00,1,Collision with vehicle,2,Tuesday,163,VEHICLE STRIKES DOOR OF PARKED/STATIONARY VEHICLE,1,692676,Not at intersection,2,60,Arterial Other,PASCOE VALE,MOONEE VALLEY,-37.75852,144.92639,2021,7,July,15,Afternoon Peak,Weekday
T20210016945,2021-07-27,16:15:00,1,Collision with vehicle,2,Tuesday,135,LANE CHANGE LEFT (NOT OVERTAKING),2,689522,Not at intersection,3,40,Arterial Other,HIGH,STONNINGTON,-37.851734,144.99248,2021,7,July,16,Afternoon Peak,Weekday
T20210016958,2021-07-27,13:34:00,1,Collision with vehicle,2,Tuesday,110,CROSS TRAFFIC(INTERSECTIONS ONLY),1,35737,Cross intersection,2,80,Arterial Other,CRANBOURNE,CASEY,-38.065277,145.29912,2021,7,July,13,Midday,Weekday
T20210016321,2021-07-27,15:00:00,1,Collision with vehicle,2,Tuesday,111,RIGHT FAR (INTERSECTIONS ONLY),1,36127,Cross intersection,3,60,Arterial Other,KING,MELBOURNE,-37.80629,144.94981,2021,7,July,15,Afternoon Peak,Weekday
T20210016964,2021-07-27,16:00:00,1,Collision with vehicle,2,Tuesday,121,RIGHT THROUGH,1,234746,Not at intersection,3,70,Arterial Other,EPPING,WHITTLESEA,-37.65311,145.02284,2021,7,July,16,Afternoon Peak,Weekday
T20210016322,2021-07-27,18:10:00,2,Struck Pedestrian,2,Tuesday,102,FAR SIDE. PED HIT BY VEHICLE FROM THE LEFT,5,691947,Not at intersection,2,60,Local Road,SHELL,GEELONG,-38.25853,144.54346,2021,7,July,18,Afternoon Peak,Weekday
T20210016413,2021-07-27,07:25:00,1,Collision with vehicle,2,Tuesday,120,HEAD ON (NOT OVERTAKING),1,691719,Not at intersection,3,100,Arterial Other,ECHUCA,SHEPPARTON,-36.262005,145.19528,2021,7,July,7,Morning Peak,Weekday
T20210016808,2021-07-27,21:00:00,4,Collision with a fixed object,2,Tuesday,171,LEFT OFF CARRIAGEWAY INTO OBJECT/PARKED VEHICLE,6,690236,T intersection,3,50,Local Road,BUNGAY,MORELAND,-37.697,144.97073,2021,7,July,21,Night,Weekday
T20210016491,2021-07-27,17:10:00,1,Collision with vehicle,2,Tuesday,132,RIGHT REAR.,1,347838,T intersection,3,60,Arterial Other,POUND,CASEY,-38.029938,145.2799,2021,7,July,17,Afternoon Peak,Weekday
T20210016280,2021-07-27,08:11:00,1,Collision with vehicle,2,Tuesday,148,VEHICLE OFF FOOTPATH STRIKES VEH ON CARRIAGEWAY,1,67450,T intersection,2,40,Local Road,ROBERTSON,PORT PHILLIP,-37.85679,144.98615,2021,7,July,8,Morning Peak,Weekday
T20210016283,2021-07-27,08:40:00,1,Collision with vehicle,2,Tuesday,116,LEFT NEAR (INTERSECTIONS ONLY),1,40378,Cross intersection,3,60,Arterial Other,WATTLETREE,STONNINGTON,-37.86445,145.04463,2021,7,July,8,Morning Peak,Weekday
T20210016326,2021-07-27,22:03:00,5,collision with some other object,2,Tuesday,166,STRUCK OBJECT ON CARRIAGEWAY,5,730797,Not at intersection,2,100,Local Road,ROMSEY,MACEDON RANGES,-37.349815,144.65237,2021,7,July,22,Night,Weekday
T20210018377,2021-07-27,19:49:00,1,Collision with vehicle,2,Tuesday,130,REAR END(VEHICLES IN SAME LANE),3,691572,Not at intersection,3,70,Arterial Other,YAN YEAN,NILLUMBIK,-37.661175,145.12447,2021,7,July,19,Night,Weekday
T20210016325,2021-07-27,22:00:00,8,No collision and no object struck,2,Tuesday,174,OUT OF CONTROL ON CARRIAGEWAY (ON STRAIGHT),3,692831,Not at intersection,3,60,Arterial Other,VICTORIA,MELBOURNE,-37.807278,144.96867,2021,7,July,22,Night,Weekday
T20210016364,2021-07-27,18:05:00,2,Struck Pedestrian,2,Tuesday,100,PED NEAR SIDE. PED HIT BY VEHICLE FROM THE RIGHT.,3,692584,Not at intersection,2,70,Arterial Other,BALLAN,WYNDHAM,-37.86162,144.59872,2021,7,July,18,Afternoon Peak,Weekday
T20210016770,2021-07-28,18:45:00,1,Collision with vehicle,3,Wednesday,132,RIGHT REAR.,3,38468,Cross intersection,3,50,Arterial Highway,MAIN STREET -MAROONDAH,YARRA RANGES,-37.756092,145.34319,2021,7,July,18,Afternoon Peak,Weekday
T20210016368,2021-07-28,14:35:00,1,Collision with vehicle,3,Wednesday,120,HEAD ON (NOT OVERTAKING),1,696679,Not at intersection,2,50,Local Road,EIGHTH,MILDURA,-34.172108,142.14677,2021,7,July,14,Midday,Weekday
T20210016352,2021-07-28,11:26:00,2,Struck Pedestrian,3,Wednesday,100,PED NEAR SIDE. PED HIT BY VEHICLE FROM THE RIGHT.,1,35318,Cross intersection,3,40,Local Road,LYGON,MELBOURNE,-37.804893,144.96622,2021,7,July,11,Midday,Weekday
T20210016351,2021-07-28,06:00:00,1,Collision with vehicle,3,Wednesday,116,LEFT NEAR (INTERSECTIONS ONLY),9,359007,Multiple intersection,3,70,Freeway,KOROROIT CREEK,HOBSONS BAY,-37.844734,144.78877,2021,7,July,6,Morning Peak,Weekday
T20210016350,2021-07-28,10:46:00,2,Struck Pedestrian,3,Wednesday,100,PED NEAR SIDE. PED HIT BY VEHICLE FROM THE RIGHT.,1,323,T intersection,3,60,Arterial Highway,QUEENS,PORT PHILLIP,-37.849483,144.97801,2021,7,July,10,Midday,Weekday
T20210016383,2021-07-28,17:00:00,1,Collision with vehicle,3,Wednesday,130,REAR END(VEHICLES IN SAME LANE),1,730799,Not at intersection,2,50,Local Road,PALMERSTON,MARIBYRNONG,-37.794468,144.86804,2021,7,July,17,Afternoon Peak,Weekday
T20210016382,2021-07-28,17:08:00,1,Collision with vehicle,3,Wednesday,130,REAR END(VEHICLES IN SAME LANE),1,689130,Not at intersection,3,80,Freeway,WESTERN RING IN-CALDER OUT,BRIMBANK,-37.727985,144.85738,2021,7,July,17,Afternoon Peak,Weekday
T20210016344,2021-07-28,11:20:00,1,Collision with vehicle,3,Wednesday,130,REAR END(VEHICLES IN SAME LANE),1,689044,Not at intersection,2,100,Freeway,WESTERN RING,BRIMBANK,-37.801773,144.80481,2021,7,July,11,Midday,Weekday
T20210016332,2021-07-28,06:20:00,1,Collision with vehicle,3,Wednesday,140,U TURN,3,689129,Not at intersection,3,60,Arterial Other,LA TROBE,BALLARAT,-37.571213,143.8222,2021,7,July,6,Morning Peak,Weekday
T20210016330,2021-07-28,00:47:00,1,Collision with vehicle,3,Wednesday,145,REVERSING IN STREAM OF TRAFFIC,3,691854,Not at intersection,2,100,Freeway,PRINCES,WYNDHAM,-37.893356,144.70941,2021,7,July,0,Late Night,Weekday
T20210016379,2021-07-28,15:12:00,1,Collision with vehicle,3,Wednesday,169,OTHER ON PATH,1,689045,Not at intersection,2,60,Local Road,COMMERCIAL,CASEY,-38.039734,145.2475,2021,7,July,15,Afternoon Peak,Weekday
T20210016376,2021-07-28,17:50:00,6,Vehicle overturned (no collision),3,Wednesday,174,OUT OF CONTROL ON CARRIAGEWAY (ON STRAIGHT),3,35360,Cross intersection,2,40,Local Road,COLLINS,MELBOURNE,-37.816216,144.96407,2021,7,July,17,Afternoon Peak,Weekday
T20210016447,2021-07-28,18:39:00,1,Collision with vehicle,3,Wednesday,131,LEFT REAR,3,690996,T intersection,3,60,Local Road,DHURRINGILE,SHEPPARTON,-36.450634,145.24113,2021,7,July,18,Afternoon Peak,Weekday
T20210016448,2021-07-28,18:20:00,1,Collision with vehicle,3,Wednesday,130,REAR END(VEHICLES IN SAME LANE),3,655972,Cross intersection,3,60,Arterial Other,YAN YEAN,NILLUMBIK,-37.678062,145.12556,2021,7,July,18,Afternoon Peak,Weekday
T20210017291,2021-07-28,18:30:00,3,Struck animal,3,Wednesday,167,STRUCK ANIMAL,5,692169,Not at intersection,3,100,Arterial Other,TYLDEN-WOODEND,MACEDON RANGES,-37.337822,144.45215,2021,7,July,18,Afternoon Peak,Weekday
T20210022094,2021-07-28,15:25:00,1,Collision with vehicle,3,Wednesday,137,LEFT TURN SIDESWIPE,1,707317,Cross intersection,3,50,Arterial Highway,NORTH ROAD SERVICE,GLEN EIRA,-37.90601,145.0574,2021,7,July,15,Afternoon Peak,Weekday
T20220026979,2021-07-28,16:15:00,1,Collision with vehicle,3,Wednesday,125,LEFT/LEFT. BOTH VEHs FROM OPPOSITE DIRECTIONS TURNING LEFT.,1,29822,Cross intersection,2,50,Arterial Other,HAMPSTEAD ROAD -MITCHELL,MARIBYRNONG,-37.781754,144.87039,2021,7,July,16,Afternoon Peak,Weekday
T20210016734,2021-07-28,15:00:00,1,Collision with vehicle,3,Wednesday,130,REAR END(VEHICLES IN SAME LANE),1,700139,Not at intersection,3,80,Arterial Highway,NEPEAN,KINGSTON,-37.982098,145.07126,2021,7,July,15,Afternoon Peak,Weekday
T20210016724,2021-07-28,13:30:00,4,Collision with a fixed object,3,Wednesday,173,RIGHT OFF CARRIAGEWAY INTO OBJECT/PARKED VEHICLE,1,690807,Not at intersection,2,50,Local Road,THROUGH,BOROONDARA,-37.839897,145.09264,2021,7,July,13,Midday,Weekday
T20210017399,2021-07-28,14:45:00,8,No collision and no object struck,3,Wednesday,174,OUT OF CONTROL ON CARRIAGEWAY (ON STRAIGHT),1,690567,Not at intersection,2,60,Arterial Other,VICTORIA,YARRA,-37.810646,145.0014,2021,7,July,14,Midday,Weekday
T20210016577,2021-07-28,15:10:00,1,Collision with vehicle,3,Wednesday,121,RIGHT THROUGH,1,52153,T intersection,3,80,Arterial Other,JOHN FIELD,LATROBE,-38.17744,146.2974,2021,7,July,15,Afternoon Peak,Weekday
T20210016477,2021-07-28,10:25:00,1,Collision with vehicle,3,Wednesday,133,LANE SIDE SWIPE (VEHICLES IN PARALLEL LANES),1,320783,T intersection,3,60,Arterial Other,BULLA ROAD -BULLA-DIGGERS REST,HUME,-37.628983,144.79408,2021,7,July,10,Midday,Weekday
T20210016665,2021-07-28,09:00:00,1,Collision with vehicle,3,Wednesday,130,REAR END(VEHICLES IN SAME LANE),1,694787,Not at intersection,3,40,Freeway,WESTERN RING,BRIMBANK,-37.717785,144.87257,2021,7,July,9,Morning Peak,Weekday
T20210016832,2021-07-28,06:44:00,1,Collision with vehicle,3,Wednesday,130,REAR END(VEHICLES IN SAME LANE),2,689994,Not at intersection,2,80,Freeway,PRINCES,HOBSONS BAY,-37.840553,144.79416,2021,7,July,6,Morning Peak,Weekday
T20210017586,2021-07-28,06:00:00,6,Vehicle overturned (no collision),3,Wednesday,174,OUT OF CONTROL ON CARRIAGEWAY (ON STRAIGHT),2,702234,T intersection,2,60,Arterial Highway,KINGS WAY SERVICE,PORT PHILLIP,-37.833523,144.96747,2021,7,July,6,Morning Peak,Weekday
T20210016387,2021-07-28,20:03:00,1,Collision with vehicle,3,Wednesday,110,CROSS TRAFFIC(INTERSECTIONS ONLY),3,221986,Cross intersection,3,80,Arterial Other,HUME,HUME,-37.58412,144.9404,2021,7,July,20,Night,Weekday
T20210016393,2021-07-28,23:00:00,1,Collision with vehicle,3,Wednesday,148,VEHICLE OFF FOOTPATH STRIKES VEH ON CARRIAGEWAY,4,37052,Cross intersection,3,60,Arterial Highway,HODDLE,YARRA,-37.809612,144.99138,2021,7,July,23,Night,Weekday
T20210016395,2021-07-28,15:30:00,1,Collision with vehicle,3,Wednesday,130,REAR END(VEHICLES IN SAME LANE),1,689584,Not at intersection,2,50,Local Road,WATERVIEW,HUME,-37.581234,144.90846,2021,7,July,15,Afternoon Peak,Weekday
T20210016820,2021-07-28,09:55:00,1,Collision with vehicle,3,Wednesday,159,OTHER OVERTAKING MANOEUVRES NOT INCLUDED IN DCAs 150-154,1,689436,Not at intersection,3,100,Freeway,MORNINGTON PENINSULA,KINGSTON,-38.055534,145.14586,2021,7,July,9,Morning Peak,Weekday
T20210023077,2021-07-28,19:40:00,4,Collision with a fixed object,3,Wednesday,173,RIGHT OFF CARRIAGEWAY INTO OBJECT/PARKED VEHICLE,3,781089,Not at intersection,3,60,Arterial Other,NICHOLSON,MORELAND,-37.752007,144.97647,2021,7,July,19,Night,Weekday
T20210016396,2021-07-28,23:10:00,4,Collision with a fixed object,3,Wednesday,175,OFF END OF ROAD/T-INTERSECTION.,3,695790,T intersection,3,50,Local Road,RACECOURSE,DANDENONG,-37.95028,145.174,2021,7,July,23,Night,Weekday
T20210016403,2021-07-28,13:50:00,6,Vehicle overturned (no collision),3,Wednesday,174,OUT OF CONTROL ON CARRIAGEWAY (ON STRAIGHT),1,696107,Not at intersection,2,100,Local Road,ROBERTSON,CAMPASPE,-36.442963,144.88623,2021,7,July,13,Midday,Weekday
T20210016454,2021-07-29,11:45:00,1,Collision with vehicle,4,Thursday,137,LEFT TURN SIDESWIPE,1,690342,Multiple intersection,3,60,Arterial Other,ELIZABETH,MELBOURNE,-37.800842,144.95735,2021,7,July,11,Midday,Weekday
T20210016456,2021-07-29,18:03:00,1,Collision with vehicle,4,Thursday,121,RIGHT THROUGH,2,37697,T intersection,2,60,Arterial Other,MALVERN,STONNINGTON,-37.84695,144.99477,2021,7,July,18,Afternoon Peak,Weekday
T20210016439,2021-07-29,12:20:00,1,Collision with vehicle,4,Thursday,113,RIGHT NEAR (INTERSECTIONS ONLY),1,261322,T intersection,2,50,Arterial Highway,ELGIN,CENTRAL GOLDFIELDS,-37.05154,143.72847,2021,7,July,12,Midday,Weekday
T20210016442,2021-07-29,10:03:00,1,Collision with vehicle,4,Thursday,130,REAR END(VEHICLES IN SAME LANE),1,689585,Not at intersection,3,100,Freeway,PRINCES,HOBSONS BAY,-37.839035,144.79741,2021,7,July,10,Midday,Weekday
T20210016457,2021-07-29,16:55:00,1,Collision with vehicle,4,Thursday,142,LEAVING PARKING,1,730804,Not at intersection,3,60,Local Road,SAN MATEO,MILDURA,-34.20322,142.15077,2021,7,July,16,Afternoon Peak,Weekday
T20210016458,2021-07-29,15:34:00,1,Collision with vehicle,4,Thursday,148,VEHICLE OFF FOOTPATH STRIKES VEH ON CARRIAGEWAY,1,56873,T intersection,3,50,Arterial Highway,BELL,MORELAND,-37.738583,144.94058,2021,7,July,15,Afternoon Peak,Weekday
T20210016461,2021-07-29,18:00:00,4,Collision with a fixed object,4,Thursday,171,LEFT OFF CARRIAGEWAY INTO OBJECT/PARKED VEHICLE,6,692886,Not at intersection,2,60,Arterial Highway,COLERAINE,SOUTHERN GRAMPIANS,-37.733494,142.01024,2021,7,July,18,Afternoon Peak,Weekday
T20210016462,2021-07-29,18:30:00,1,Collision with vehicle,4,Thursday,145,REVERSING IN STREAM OF TRAFFIC,2,689047,Not at intersection,3,50,Local Road,HIGHFIELD,HUME,-37.53224,144.90753,2021,7,July,18,Afternoon Peak,Weekday
T20210016599,2021-07-29,19:50:00,1,Collision with vehicle,4,Thursday,160,VEHICLE COLLIDES WITH VEHICLE PARKED ON LEFT OF ROAD,3,690115,Not at intersection,2,60,Arterial Other,HIGHBURY,WHITEHORSE,-37.861256,145.16307,2021,7,July,19,Night,Weekday
T20210021101,2021-07-29,06:45:00,1,Collision with vehicle,4,Thursday,130,REAR END(VEHICLES IN SAME LANE),3,696686,Not at intersection,3,60,Arterial Other,MILLEARA,MOONEE VALLEY,-37.740944,144.86366,2021,7,July,6,Morning Peak,Weekday
T20210016464,2021-07-29,19:00:00,4,Collision with a fixed object,4,Thursday,171,LEFT OFF CARRIAGEWAY INTO OBJECT/PARKED VEHICLE,5,692304,Not at intersection,2,100,Arterial Other,WEBB,CAMPASPE,-36.35534,145.02762,2021,7,July,19,Night,Weekday
T20210016465,2021-07-29,18:35:00,8,No collision and no object struck,4,Thursday,170,OFF CARRIAGEWAY TO LEFT,3,43252,T intersection,2,60,Local Road,LYNNE,KINGSTON,-38.048332,145.14233,2021,7,July,18,Afternoon Peak,Weekday
T20210016528,2021-07-29,13:48:00,4,Collision with a fixed object,4,Thursday,181,OFF RIGHT BEND INTO OBJECT/PARKED VEHICLE,1,694851,Not at intersection,2,80,Arterial Other,GREENDALE-TRENTHAM,MOORABOOL,-37.551147,144.30035,2021,7,July,13,Midday,Weekday
T20210016469,2021-07-29,16:00:00,1,Collision with vehicle,4,Thursday,130,REAR END(VEHICLES IN SAME LANE),1,768671,Not at intersection,3,50,Local Road,EDGEWATER,MARIBYRNONG,-37.785065,144.89417,2021,7,July,16,Afternoon Peak,Weekday
T20210016470,2021-07-29,21:00:00,4,Collision with a fixed object,4,Thursday,171,LEFT OFF CARRIAGEWAY INTO OBJECT/PARKED VEHICLE,3,689540,Not at intersection,3,50,Local Road,HARMON,BRIMBANK,-37.73946,144.82182,2021,7,July,21,Night,Weekday
T20210021593,2021-07-29,05:40:00,1,Collision with vehicle,4,Thursday,130,REAR END(VEHICLES IN SAME LANE),3,42090,T intersection,3,60,Arterial Highway,BELL,MORELAND,-37.738686,144.94147,2021,7,July,5,Morning Peak,Weekday
T20210016471,2021-07-29,18:05:00,1,Collision with vehicle,4,Thursday,135,LANE CHANGE LEFT (NOT OVERTAKING),2,689541,Not at intersection,2,60,Arterial Other,DALTON,WHITTLESEA,-37.694958,145.02332,2021,7,July,18,Afternoon Peak,Weekday
T20210016416,2021-07-29,09:58:00,1,Collision with vehicle,4,Thursday,130,REAR END(VEHICLES IN SAME LANE),1,689133,Not at intersection,3,50,Local Road,YARRALEA,YARRA,-37.78065,145.03224,2021,7,July,9,Morning Peak,Weekday
T20210016472,2021-07-29,15:10:00,1,Collision with vehicle,4,Thursday,113,RIGHT NEAR (INTERSECTIONS ONLY),1,588669,Cross intersection,3,70,Arterial Other,SHARPS,BRIMBANK,-37.707245,144.8859,2021,7,July,15,Afternoon Peak,Weekday
T20210016490,2021-07-29,14:15:00,1,Collision with vehicle,4,Thursday,160,VEHICLE COLLIDES WITH VEHICLE PARKED ON LEFT OF ROAD,1,689685,Not at intersection,3,50,Local Road,PLENTY,DAREBIN,-37.74663,145.0055,2021,7,July,14,Midday,Weekday
T20210016474,2021-07-29,18:46:00,1,Collision with vehicle,4,Thursday,130,REAR END(VEHICLES IN SAME LANE),3,694303,Not at intersection,3,80,Arterial Highway,DANDENONG,DANDENONG,-38.005486,145.22588,2021,7,July,18,Afternoon Peak,Weekday
T20210016417,2021-07-29,08:00:00,1,Collision with vehicle,4,Thursday,130,REAR END(VEHICLES IN SAME LANE),1,693577,Not at intersection,3,100,Freeway,PRINCES FREEWAY,CARDINIA,-38.072304,145.65028,2021,7,July,8,Morning Peak,Weekday
T20210016495,2021-07-29,19:42:00,1,Collision with vehicle,4,Thursday,140,U TURN,5,689136,Not at intersection,2,80,Local Road,KING,CASEY,-37.99963,145.33594,2021,7,July,19,Night,Weekday
T20210016415,2021-07-29,08:40:00,1,Collision with vehicle,4,Thursday,110,CROSS TRAFFIC(INTERSECTIONS ONLY),1,689132,Cross intersection,3,60,Local Road,HOWITT,BALLARAT,-37.54413,143.86374,2021,7,July,8,Morning Peak,Weekday
T20210016475,2021-07-29,21:35:00,1,Collision with vehicle,4,Thursday,121,RIGHT THROUGH,3,740000,Cross intersection,2,60,Arterial Other,HEATHERTON,DANDENONG,-37.971027,145.22348,2021,7,July,21,Night,Weekday
T20210016476,2021-07-29,21:42:00,1,Collision with vehicle,4,Thursday,121,RIGHT THROUGH,3,322346,Cross intersection,3,70,Arterial Other,POUND,CASEY,-38.02831,145.26881,2021,7,July,21,Night,Weekday
T20210016443,2021-07-29,14:10:00,1,Collision with vehicle,4,Thursday,110,CROSS TRAFFIC(INTERSECTIONS ONLY),1,49592,Cross intersection,3,60,Arterial Highway,WALLACE,GOLDEN PLAINS,-37.845627,144.07689,2021,7,July,14,Midday,Weekday
T20210016436,2021-07-29,08:30:00,1,Collision with vehicle,4,Thursday,132,RIGHT REAR.,1,695669,Cross intersection,3,50,Local Road,KAREN,KINGSTON,-37.95746,145.05203,2021,7,July,8,Morning Peak,Weekday
T20210016405,2021-07-29,07:50:00,1,Collision with vehicle,4,Thursday,130,REAR END(VEHICLES IN SAME LANE),1,42323,T intersection,2,60,Arterial Highway,WARRIGAL,KINGSTON,-37.93155,145.08098,2021,7,July,7,Morning Peak,Weekday
T20210016446,2021-07-29,15:19:00,1,Collision with vehicle,4,Thursday,113,RIGHT NEAR (INTERSECTIONS ONLY),1,38302,T intersection,3,60,Local Road,HIGH,MANNINGHAM,-37.772774,145.11499,2021,7,July,15,Afternoon Peak,Weekday
T20210016431,2021-07-29,09:09:00,4,Collision with a fixed object,4,Thursday,171,LEFT OFF CARRIAGEWAY INTO OBJECT/PARKED VEHICLE,1,698116,Not at intersection,2,100,Arterial Other,COBDEN-WARRNAMBOOL,MOYNE,-38.38929,142.82733,2021,7,July,9,Morning Peak,Weekday