ACCIDENT_NO,ACCIDENT_DATE,ACCIDENT_TIME,ACCIDENT_TYPE,ACCIDENT_TYPE_DESC,DAY_OF_WEEK,DAY_WEEK_DESC,DCA_CODE,DCA_DESC,LIGHT_CONDITION,NODE_ID,ROAD_GEOMETRY_DESC,SEVERITY,SPEED_ZONE,RMA,ROAD_NAME,LGA_NAME,LATITUDE,LONGITUDE,YEAR,MONTH,MONTH_NAME,HOUR,TIME_PERIOD,DAY_TYPE
T20210016430,2021-07-29,09:22:00,1,Collision with vehicle,4,Thursday,147,VEHICLE STRIKES ANOTHER VEH WHILE EMERGING FROM DRIVEWAY,1,695056,Not at intersection,3,80,Local Road,WARBY RANGE,WANGARATTA,-36.429543,146.243,2021,7,July,9,Morning Peak,Weekday
T20210016855,2021-07-29,17:10:00,1,Collision with vehicle,4,Thursday,130,REAR END(VEHICLES IN SAME LANE),1,689683,Not at intersection,3,80,Arterial Other,SUNSHINE,BRIMBANK,-37.732838,144.8178,2021,7,July,17,Afternoon Peak,Weekday
T20210018043,2021-07-29,17:30:00,1,Collision with vehicle,4,Thursday,133,LANE SIDE SWIPE (VEHICLES IN PARALLEL LANES),3,691084,Not at intersection,3,80,Arterial Highway,SOUTH GIPPSLAND,CASEY,-38.082397,145.2764,2021,7,July,17,Afternoon Peak,Weekday
T20210016429,2021-07-29,09:45:00,1,Collision with vehicle,4,Thursday,147,VEHICLE STRIKES ANOTHER VEH WHILE EMERGING FROM DRIVEWAY,1,691526,Not at intersection,2,70,Arterial Other,CANTERBURY,MAROONDAH,-37.82618,145.287,2021,7,July,9,Morning Peak,Weekday
T20210016401,2021-07-29,06:30:00,1,Collision with vehicle,4,Thursday,116,LEFT NEAR (INTERSECTIONS ONLY),2,44907,T intersection,2,60,Arterial Other,STATION,BRIMBANK,-37.77123,144.77461,2021,7,July,6,Morning Peak,Weekday
T20210016607,2021-07-29,16:43:00,1,Collision with vehicle,4,Thursday,111,RIGHT FAR (INTERSECTIONS ONLY),1,691028,T intersection,2,60,Local Road,MASON,HOBSONS BAY,-37.83978,144.85841,2021,7,July,16,Afternoon Peak,Weekday
T20210016426,2021-07-29,07:40:00,1,Collision with vehicle,4,Thursday,121,RIGHT THROUGH,1,233759,Cross intersection,3,70,Arterial Highway,DANDENONG,STONNINGTON,-37.862553,145.0195,2021,7,July,7,Morning Peak,Weekday
T20210016399,2021-07-29,01:53:00,1,Collision with vehicle,4,Thursday,110,CROSS TRAFFIC(INTERSECTIONS ONLY),3,65831,Cross intersection,3,60,Arterial Other,KING,MELBOURNE,-37.812466,144.95392,2021,7,July,1,Late Night,Weekday
T20210016732,2021-07-29,11:40:00,6,Vehicle overturned (no collision),4,Thursday,174,OUT OF CONTROL ON CARRIAGEWAY (ON STRAIGHT),1,691875,Not at intersection,3,60,Local Road,STANLEY,MELBOURNE,-37.809143,144.94759,2021,7,July,11,Midday,Weekday
T20210016538,2021-07-29,10:50:00,6,Vehicle overturned (no collision),4,Thursday,174,OUT OF CONTROL ON CARRIAGEWAY (ON STRAIGHT),1,691853,Unknown,2,70,Arterial Highway,WELLINGTON,MONASH,-37.920704,145.17702,2021,7,July,10,Midday,Weekday
T20210016537,2021-07-29,17:29:00,1,Collision with vehicle,4,Thursday,147,VEHICLE STRIKES ANOTHER VEH WHILE EMERGING FROM DRIVEWAY,1,692233,Not at intersection,3,60,Arterial Other,GRAVESEND,COLAC OTWAY,-38.347755,143.5847,2021,7,July,17,Afternoon Peak,Weekday
T20210016423,2021-07-29,17:58:00,1,Collision with vehicle,4,Thursday,130,REAR END(VEHICLES IN SAME LANE),5,689368,Not at intersection,3,100,Arterial Highway,NORTHERN,MITCHELL,-37.428654,144.97816,2021,7,July,17,Afternoon Peak,Weekday
T20210016485,2021-07-29,00:15:00,1,Collision with vehicle,4,Thursday,121,RIGHT THROUGH,3,29868,Cross intersection,3,80,Freeway,PLENTY-METROPOLITAN RING IN,WHITTLESEA,-37.687008,145.0673,2021,7,July,0,Late Night,Weekday
T20210019837,2021-07-29,16:05:00,1,Collision with vehicle,4,Thursday,110,CROSS TRAFFIC(INTERSECTIONS ONLY),1,49050,Cross intersection,3,50,Local Road,ATHELSTANE,BANYULE,-37.762676,145.04118,2021,7,July,16,Afternoon Peak,Weekday
T20210017126,2021-07-29,07:53:00,1,Collision with vehicle,4,Thursday,121,RIGHT THROUGH,1,35414,Cross intersection,3,60,Arterial Other,ALEXANDRA,STONNINGTON,-37.834843,144.99655,2021,7,July,7,Morning Peak,Weekday
T20210015541,2021-07-29,08:30:00,1,Collision with vehicle,4,Thursday,130,REAR END(VEHICLES IN SAME LANE),1,29785,Cross intersection,3,70,Arterial Other,HIGH,WHITTLESEA,-37.651882,145.02371,2021,7,July,8,Morning Peak,Weekday
T20210016479,2021-07-29,22:35:00,6,Vehicle overturned (no collision),4,Thursday,174,OUT OF CONTROL ON CARRIAGEWAY (ON STRAIGHT),3,265185,T intersection,2,50,Local Road,COMANS,LATROBE,-38.239513,146.41383,2021,7,July,22,Night,Weekday
T20210016422,2021-07-29,07:00:00,1,Collision with vehicle,4,Thursday,110,CROSS TRAFFIC(INTERSECTIONS ONLY),1,41058,Cross intersection,3,60,Arterial Other,MOUNTAIN,KNOX,-37.844074,145.30006,2021,7,July,7,Morning Peak,Weekday
T20210016418,2021-07-29,07:35:00,1,Collision with vehicle,4,Thursday,137,LEFT TURN SIDESWIPE,1,40953,T intersection,3,60,Arterial Other,MOUNTAIN,KNOX,-37.840096,145.26776,2021,7,July,7,Morning Peak,Weekday
T20210016452,2021-07-29,16:25:00,1,Collision with vehicle,4,Thursday,130,REAR END(VEHICLES IN SAME LANE),1,41374,T intersection,3,60,Arterial Other,GRANGE,GLEN EIRA,-37.888145,145.04564,2021,7,July,16,Afternoon Peak,Weekday
T20210016453,2021-07-29,16:56:00,1,Collision with vehicle,4,Thursday,130,REAR END(VEHICLES IN SAME LANE),1,322919,Cross intersection,3,80,Arterial Other,NARRE WARREN NORTH,CASEY,-38.013905,145.30939,2021,7,July,16,Afternoon Peak,Weekday
T20210016555,2021-07-30,16:50:00,1,Collision with vehicle,5,Friday,130,REAR END(VEHICLES IN SAME LANE),1,689191,Not at intersection,2,60,Arterial Highway,SURFCOAST,GEELONG,-38.212837,144.33923,2021,7,July,16,Afternoon Peak,Weekday
T20210016553,2021-07-30,15:30:00,4,Collision with a fixed object,5,Friday,173,RIGHT OFF CARRIAGEWAY INTO OBJECT/PARKED VEHICLE,1,690678,Not at intersection,2,80,Arterial Other,VINEYARD,HUME,-37.594646,144.71411,2021,7,July,15,Afternoon Peak,Weekday
T20210016552,2021-07-30,18:50:00,1,Collision with vehicle,5,Friday,130,REAR END(VEHICLES IN SAME LANE),3,689190,Not at intersection,2,60,Arterial Highway,PUNT,MELBOURNE,-37.826447,144.98851,2021,7,July,18,Afternoon Peak,Weekday
T20210016592,2021-07-30,14:45:00,1,Collision with vehicle,5,Friday,136,RIGHT TURN SIDESWIPE,1,44601,T intersection,3,70,Arterial Highway,PLENTY,DAREBIN,-37.70002,145.05812,2021,7,July,14,Midday,Weekday
T20210016550,2021-07-30,15:18:00,4,Collision with a fixed object,5,Friday,171,LEFT OFF CARRIAGEWAY INTO OBJECT/PARKED VEHICLE,1,29417,Cross intersection,2,40,Arterial Other,KING,MELBOURNE,-37.816383,144.95573,2021,7,July,15,Afternoon Peak,Weekday
T20210016598,2021-07-30,17:00:00,1,Collision with vehicle,5,Friday,130,REAR END(VEHICLES IN SAME LANE),2,698500,Not at intersection,3,80,Arterial Highway,DANDENONG-HASTINGS,CASEY,-38.10337,145.23447,2021,7,July,17,Afternoon Peak,Weekday
T20210016567,2021-07-30,21:10:00,1,Collision with vehicle,5,Friday,134,LANE CHANGE RIGHT (NOT OVERTAKING),3,689193,T intersection,2,80,Arterial Highway,PRINCES HIGHWAY,GLEN EIRA,-37.882317,145.05084,2021,7,July,21,Night,Weekday
T20210016566,2021-07-30,19:30:00,4,Collision with a fixed object,5,Friday,171,LEFT OFF CARRIAGEWAY INTO OBJECT/PARKED VEHICLE,4,689580,Not at intersection,3,60,Local Road,FINDON,WHITTLESEA,-37.638233,145.03227,2021,7,July,19,Night,Weekday
T20210016564,2021-07-30,20:17:00,2,Struck Pedestrian,5,Friday,102,FAR SIDE. PED HIT BY VEHICLE FROM THE LEFT,3,692269,Not at intersection,2,60,Local Road,EVANS,WHITEHORSE,-37.850845,145.10008,2021,7,July,20,Night,Weekday
T20210016562,2021-07-30,15:00:00,1,Collision with vehicle,5,Friday,130,REAR END(VEHICLES IN SAME LANE),1,689578,Not at intersection,3,50,Arterial Other,SETTLEMENT,WHITTLESEA,-37.697735,145.05789,2021,7,July,15,Afternoon Peak,Weekday
T20210016561,2021-07-30,17:45:00,1,Collision with vehicle,5,Friday,113,RIGHT NEAR (INTERSECTIONS ONLY),2,44677,T intersection,3,60,Arterial Other,BARRY,HUME,-37.664585,144.92914,2021,7,July,17,Afternoon Peak,Weekday
T20210016560,2021-07-30,18:38:00,6,Vehicle overturned (no collision),5,Friday,170,OFF CARRIAGEWAY TO LEFT,5,693029,Not at intersection,3,100,Local Road,BOTHES,GLENELG,-38.27779,141.51237,2021,7,July,18,Afternoon Peak,Weekday
T20210017468,2021-07-30,15:30:00,1,Collision with vehicle,5,Friday,130,REAR END(VEHICLES IN SAME LANE),1,121113,Not at intersection,2,60,Arterial Other,POINT COOK,WYNDHAM,-37.89934,144.75372,2021,7,July,15,Afternoon Peak,Weekday
T20210016548,2021-07-30,15:30:00,1,Collision with vehicle,5,Friday,130,REAR END(VEHICLES IN SAME LANE),1,328590,Not at intersection,1,40,Arterial Other,PRINCES,WYNDHAM,-37.883045,144.70398,2021,7,July,15,Afternoon Peak,Weekday
T20210016493,2021-07-30,08:00:00,8,No collision and no object struck,5,Friday,174,OUT OF CONTROL ON CARRIAGEWAY (ON STRAIGHT),1,689188,T intersection,2,40,Arterial Other,CHURCH,YARRA,-37.820103,144.9989,2021,7,July,8,Morning Peak,Weekday
T20210016569,2021-07-30,19:05:00,2,Struck Pedestrian,5,Friday,102,FAR SIDE. PED HIT BY VEHICLE FROM THE LEFT,3,45936,T intersection,3,40,Local Road,HANNAH,DAREBIN,-37.736095,145.0283,2021,7,July,19,Night,Weekday
T20210016572,2021-07-30,21:40:00,1,Collision with vehicle,5,Friday,148,VEHICLE OFF FOOTPATH STRIKES VEH ON CARRIAGEWAY,3,689370,Not at intersection,3,60,Arterial Other,KLAUER,FRANKSTON,-38.119003,145.14018,2021,7,July,21,Night,Weekday
T20210016573,2021-07-30,23:45:00,4,Collision with a fixed object,5,Friday,171,LEFT OFF CARRIAGEWAY INTO OBJECT/PARKED VEHICLE,3,690193,Not at intersection,3,60,Local Road,FRANKLIN,LATROBE,-38.190933,146.53873,2021,7,July,23,Night,Weekday
T20210017085,2021-07-30,18:00:00,1,Collision with vehicle,5,Friday,130,REAR END(VEHICLES IN SAME LANE),3,689939,Not at intersection,3,80,Arterial Highway,MAROONDAH,MAROONDAH,-37.787556,145.27309,2021,7,July,18,Afternoon Peak,Weekday
T20210016547,2021-07-30,15:15:00,4,Collision with a fixed object,5,Friday,183,OFF LEFT BEND INTO OBJECT/PARKED VEHICLE,1,781123,Not at intersection,3,80,Arterial Other,HEIDELBERG-KINGLAKE,NILLUMBIK,-37.566353,145.30798,2021,7,July,15,Afternoon Peak,Weekday
T20210016919,2021-07-30,18:00:00,1,Collision with vehicle,5,Friday,130,REAR END(VEHICLES IN SAME LANE),2,36796,Cross intersection,3,80,Arterial Other,NARRE WARREN NORTH,CASEY,-38.013874,145.3092,2021,7,July,18,Afternoon Peak,Weekday
T20210016546,2021-07-30,17:20:00,2,Struck Pedestrian,5,Friday,105,PED WALKING AGAINST TRAFFIC.,9,40649,T intersection,3,60,Local Road,MATTHEWS,MOONEE VALLEY,-37.718834,144.89183,2021,7,July,17,Afternoon Peak,Weekday
T20210016543,2021-07-30,16:30:00,1,Collision with vehicle,5,Friday,130,REAR END(VEHICLES IN SAME LANE),1,691136,Not at intersection,2,80,Freeway,WEST GATE,MELBOURNE,-37.82835,144.9567,2021,7,July,16,Afternoon Peak,Weekday
T20210016533,2021-07-30,14:00:00,2,Struck Pedestrian,5,Friday,100,PED NEAR SIDE. PED HIT BY VEHICLE FROM THE RIGHT.,1,667,Cross intersection,3,80,Arterial Highway,BRIGHTON ROAD -NEPEAN,BAYSIDE,-37.883804,144.99686,2021,7,July,14,Midday,Weekday
T20210016498,2021-07-30,08:31:00,1,Collision with vehicle,5,Friday,121,RIGHT THROUGH,1,292841,Multiple intersection,2,70,Freeway,BELGRAVE-HALLAM-MONASH IN,CASEY,-37.998283,145.27507,2021,7,July,8,Morning Peak,Weekday
T20210016505,2021-07-30,09:38:00,1,Collision with vehicle,5,Friday,110,CROSS TRAFFIC(INTERSECTIONS ONLY),1,52067,Cross intersection,3,60,Local Road,INGLIS,WELLINGTON,-38.10886,147.0891,2021,7,July,9,Morning Peak,Weekday
T20210020099,2021-07-30,12:00:00,1,Collision with vehicle,5,Friday,130,REAR END(VEHICLES IN SAME LANE),1,29677,Cross intersection,3,50,Arterial Other,CENTRE,GLEN EIRA,-37.918842,145.04167,2021,7,July,12,Midday,Weekday
T20210016525,2021-07-30,09:30:00,1,Collision with vehicle,5,Friday,121,RIGHT THROUGH,1,36366,Cross intersection,3,40,Arterial Other,PRINCES,MELBOURNE,-37.79258,144.97134,2021,7,July,9,Morning Peak,Weekday
T20210016563,2021-07-30,20:50:00,1,Collision with vehicle,5,Friday,147,VEHICLE STRIKES ANOTHER VEH WHILE EMERGING FROM DRIVEWAY,3,689192,Not at intersection,3,60,Arterial Other,EPPING,WHITTLESEA,-37.62226,145.02892,2021,7,July,20,Night,Weekday
T20210016828,2021-07-30,06:10:00,5,collision with some other object,5,Friday,198,OTHER ACCIDENTS NOT CLASSIFIABLE ELSEWHERE,5,691137,Not at intersection,2,80,Arterial Other,MORNINGTON-TYABB,MORNINGTON PENINSULA,-38.24199,145.0764,2021,7,July,6,Morning Peak,Weekday
T20210017068,2021-07-30,13:30:00,8,No collision and no object struck,5,Friday,180,OFF CARRIAGEWAY ON RIGHT BEND,9,781124,Not at intersection,3,100,Local Road,LARDNERS,BAW BAW,-38.196026,145.88243,2021,7,July,13,Midday,Weekday
T20210017049,2021-07-30,05:45:00,1,Collision with vehicle,5,Friday,130,REAR END(VEHICLES IN SAME LANE),6,47111,T intersection,3,60,Arterial Other,SAYERS,WYNDHAM,-37.851746,144.71971,2021,7,July,5,Morning Peak,Weekday
T20210016521,2021-07-30,10:55:00,1,Collision with vehicle,5,Friday,113,RIGHT NEAR (INTERSECTIONS ONLY),1,278200,Cross intersection,2,60,Local Road,BARATTA,WYNDHAM,-37.83615,144.67223,2021,7,July,10,Midday,Weekday
T20210019492,2021-07-30,04:10:00,3,Struck animal,5,Friday,167,STRUCK ANIMAL,5,241384,Cross intersection,3,80,Local Road,CLARENDON-LAL LAL,MOORABOOL,-37.677437,144.00343,2021,7,July,4,Late Night,Weekday
T20210016507,2021-07-30,08:45:00,2,Struck Pedestrian,5,Friday,102,FAR SIDE. PED HIT BY VEHICLE FROM THE LEFT,1,690472,Not at intersection,2,50,Local Road,HOTHAM,MOONEE VALLEY,-37.736874,144.88986,2021,7,July,8,Morning Peak,Weekday
T20210016514,2021-07-30,08:37:00,2,Struck Pedestrian,5,Friday,100,PED NEAR SIDE. PED HIT BY VEHICLE FROM THE RIGHT.,1,1152,Cross intersection,2,60,Arterial Other,SAYERS,WYNDHAM,-37.853355,144.7389,2021,7,July,8,Morning Peak,Weekday
T20210017162,2021-07-30,11:30:00,1,Collision with vehicle,5,Friday,130,REAR END(VEHICLES IN SAME LANE),1,690266,Not at intersection,3,80,Freeway,WESTERN RING IN-KEILOR PARK,BRIMBANK,-37.73904,144.85095,2021,7,July,11,Midday,Weekday
T20210016524,2021-07-30,12:30:00,1,Collision with vehicle,5,Friday,110,CROSS TRAFFIC(INTERSECTIONS ONLY),1,49245,Cross intersection,3,50,Local Road,BALA,BALLARAT,-37.589005,143.8429,2021,7,July,12,Midday,Weekday
T20210016556,2021-07-30,18:56:00,1,Collision with vehicle,5,Friday,130,REAR END(VEHICLES IN SAME LANE),3,689369,Not at intersection,3,80,Arterial Other,KEILOR PARK,MOONEE VALLEY,-37.740425,144.858,2021,7,July,18,Afternoon Peak,Weekday
T20210016606,2021-07-31,11:30:00,1,Collision with vehicle,6,Saturday,133,LANE SIDE SWIPE (VEHICLES IN PARALLEL LANES),1,300136,Not at intersection,3,40,Arterial Other,FITZSIMONS,BANYULE,-37.735302,145.13463,2021,7,July,11,Midday,Weekend
T20210018078,2021-07-31,08:45:00,1,Collision with vehicle,6,Saturday,111,RIGHT FAR (INTERSECTIONS ONLY),1,235144,T intersection,3,40,Local Road,JUNCTION,HOBSONS BAY,-37.835304,144.87732,2021,7,July,8,Morning Peak,Weekend
T20210018085,2021-07-31,12:00:00,5,collision with some other object,6,Saturday,166,STRUCK OBJECT ON CARRIAGEWAY,1,691209,Not at intersection,3,100,Freeway,WEST GATE,HOBSONS BAY,-37.824734,144.85608,2021,7,July,12,Midday,Weekend
T20210016596,2021-07-31,13:30:00,1,Collision with vehicle,6,Saturday,142,LEAVING PARKING,1,772534,Not at intersection,3,40,Arterial Other,STUD ROAD SERVICE,KNOX,-37.85772,145.2413,2021,7,July,13,Midday,Weekend
T20210018184,2021-07-31,18:00:00,1,Collision with vehicle,6,Saturday,121,RIGHT THROUGH,3,42409,T intersection,3,60,Arterial Other,CENTRE,KINGSTON,-37.9284,145.11775,2021,7,July,18,Afternoon Peak,Weekend
T20210017472,2021-07-31,20:00:00,4,Collision with a fixed object,6,Saturday,181,OFF RIGHT BEND INTO OBJECT/PARKED VEHICLE,5,690271,Not at intersection,3,30,Local Road,GALVIN,WYNDHAM,-37.91457,144.62386,2021,7,July,20,Night,Weekend
T20210016580,2021-07-31,09:40:00,1,Collision with vehicle,6,Saturday,130,REAR END(VEHICLES IN SAME LANE),1,768670,Not at intersection,3,50,Local Road,THE LAKES,WHITTLESEA,-37.629055,145.0798,2021,7,July,9,Morning Peak,Weekend
T20210016575,2021-07-31,03:00:00,1,Collision with vehicle,6,Saturday,160,VEHICLE COLLIDES WITH VEHICLE PARKED ON LEFT OF ROAD,3,689318,Not at intersection,2,60,Local Road,BARKLY,MARIBYRNONG,-37.79864,144.88959,2021,7,July,3,Late Night,Weekend
T20210017294,2021-07-31,19:30:00,1,Collision with vehicle,6,Saturday,130,REAR END(VEHICLES IN SAME LANE),3,730829,Not at intersection,3,60,Arterial Other,COX,GEELONG,-38.082695,144.3473,2021,7,July,19,Night,Weekend
T20210016707,2021-07-31,14:05:00,1,Collision with vehicle,6,Saturday,147,VEHICLE STRIKES ANOTHER VEH WHILE EMERGING FROM DRIVEWAY,1,689262,Not at intersection,3,60,Arterial Other,SYNNOT,WYNDHAM,-37.904827,144.65765,2021,7,July,14,Midday,Weekend
T20210016602,2021-07-31,12:35:00,1,Collision with vehicle,6,Saturday,120,HEAD ON (NOT OVERTAKING),1,689258,Not at intersection,3,60,Arterial Other,BELGRAVE-GEMBROOK,CARDINIA,-37.93048,145.43472,2021,7,July,12,Midday,Weekend
T20210016603,2021-07-31,12:00:00,2,Struck Pedestrian,6,Saturday,100,PED NEAR SIDE. PED HIT BY VEHICLE FROM THE RIGHT.,1,689195,Cross intersection,2,70,Arterial Other,MICKLEHAM,HUME,-37.68804,144.88228,2021,7,July,12,Midday,Weekend
T20210016609,2021-07-31,14:40:00,6,Vehicle overturned (no collision),6,Saturday,174,OUT OF CONTROL ON CARRIAGEWAY (ON STRAIGHT),1,689259,Not at intersection,2,50,Local Road,KEITH,HUME,-37.57848,144.69685,2021,7,July,14,Midday,Weekend
T20210016610,2021-07-31,15:30:00,4,Collision with a fixed object,6,Saturday,183,OFF LEFT BEND INTO OBJECT/PARKED VEHICLE,1,689484,Not at intersection,2,50,Local Road,HINRICHSEN,CASEY,-38.01708,145.28217,2021,7,July,15,Afternoon Peak,Weekend
T20210016611,2021-07-31,16:09:00,1,Collision with vehicle,6,Saturday,130,REAR END(VEHICLES IN SAME LANE),1,702233,Not at intersection,3,70,Arterial Highway,SETTLEMENT,GEELONG,-38.182243,144.3434,2021,7,July,16,Afternoon Peak,Weekend
T20210016612,2021-07-31,10:04:00,2,Struck Pedestrian,6,Saturday,100,PED NEAR SIDE. PED HIT BY VEHICLE FROM THE RIGHT.,1,49941,Cross intersection,1,60,Local Road,PAKINGTON,GEELONG,-38.147926,144.34691,2021,7,July,10,Midday,Weekend
T20210016613,2021-07-31,15:20:00,1,Collision with vehicle,6,Saturday,120,HEAD ON (NOT OVERTAKING),1,690015,Not at intersection,2,60,Arterial Other,SHORT,MITCHELL,-37.203594,145.05653,2021,7,July,15,Afternoon Peak,Weekend
T20210016616,2021-07-31,15:10:00,4,Collision with a fixed object,6,Saturday,146,REVERSING INTO FIXED OBJECT/PARKED VEHICLE,1,689196,Not at intersection,3,50,Local Road,RICH,BANYULE,-37.751556,145.04285,2021,7,July,15,Afternoon Peak,Weekend
T20210016618,2021-07-31,15:10:00,8,No collision and no object struck,6,Saturday,174,OUT OF CONTROL ON CARRIAGEWAY (ON STRAIGHT),1,689260,Not at intersection,2,100,Local Road,GLENMORE,MOORABOOL,-37.74731,144.41772,2021,7,July,15,Afternoon Peak,Weekend
T20210016620,2021-07-31,16:45:00,2,Struck Pedestrian,6,Saturday,101,PED EMERGES FROM IN FRONT OF PARKED OR STATIONARY VEHICLE,1,122395,Not at intersection,2,50,Arterial Other,JOHNSTON,YARRA,-37.798386,144.97893,2021,7,July,16,Afternoon Peak,Weekend
T20210016621,2021-07-31,16:20:00,1,Collision with vehicle,6,Saturday,133,LANE SIDE SWIPE (VEHICLES IN PARALLEL LANES),1,689197,Not at intersection,3,100,Freeway,PRINCES,WYNDHAM,-37.893612,144.70932,2021,7,July,16,Afternoon Peak,Weekend
T20210016623,2021-07-31,18:15:00,1,Collision with vehicle,6,Saturday,147,VEHICLE STRIKES ANOTHER VEH WHILE EMERGING FROM DRIVEWAY,5,296300,Not at intersection,3,40,Arterial Other,CENTRE DANDENONG,KINGSTON,-37.97243,145.1129,2021,7,July,18,Afternoon Peak,Weekend
T20210016625,2021-07-31,18:45:00,1,Collision with vehicle,6,Saturday,130,REAR END(VEHICLES IN SAME LANE),3,228138,T intersection,3,80,Arterial Other,PLENTY,WHITTLESEA,-37.64665,145.09282,2021,7,July,18,Afternoon Peak,Weekend
T20210016876,2021-07-31,13:00:00,6,Vehicle overturned (no collision),6,Saturday,172,OFF CARRIAGEWAY TO RIGHT,1,689577,Not at intersection,2,100,Local Road,TAMBORITHA,WELLINGTON,-37.42213,146.7829,2021,7,July,13,Midday,Weekend
T20210016629,2021-07-31,18:50:00,4,Collision with a fixed object,6,Saturday,181,OFF RIGHT BEND INTO OBJECT/PARKED VEHICLE,5,692399,Not at intersection,3,100,Arterial Highway,SUNRAYSIA,PYRENEES,-37.287827,143.53262,2021,7,July,18,Afternoon Peak,Weekend
T20210016630,2021-07-31,19:20:00,4,Collision with a fixed object,6,Saturday,183,OFF LEFT BEND INTO OBJECT/PARKED VEHICLE,5,689985,Not at intersection,2,100,Arterial Highway,SOUTH GIPPSLAND,SOUTH GIPPSLAND,-38.652958,146.30257,2021,7,July,19,Night,Weekend
T20210016631,2021-07-31,19:30:00,2,Struck Pedestrian,6,Saturday,102,FAR SIDE. PED HIT BY VEHICLE FROM THE LEFT,3,703271,Not at intersection,2,50,Local Road,WATERVIEW,HUME,-37.59533,144.90479,2021,7,July,19,Night,Weekend
T20210016634,2021-07-31,18:08:00,1,Collision with vehicle,6,Saturday,110,CROSS TRAFFIC(INTERSECTIONS ONLY),3,45560,Cross intersection,2,50,Local Road,DONNE,MORELAND,-37.747124,144.94975,2021,7,July,18,Afternoon Peak,Weekend
T20210016637,2021-07-31,20:50:00,1,Collision with vehicle,6,Saturday,116,LEFT NEAR (INTERSECTIONS ONLY),5,42570,Cross intersection,2,60,Arterial Other,POLICE,MONASH,-37.93499,145.17162,2021,7,July,20,Night,Weekend
T20210017161,2021-07-31,12:30:00,1,Collision with vehicle,6,Saturday,159,OTHER OVERTAKING MANOEUVRES NOT INCLUDED IN DCAs 150-154,1,69990,Cross intersection,2,50,Local Road,OSBORNE,DANDENONG,-37.94689,145.14812,2021,7,July,12,Midday,Weekend
T20210016663,2021-07-31,14:10:00,1,Collision with vehicle,6,Saturday,136,RIGHT TURN SIDESWIPE,1,53146,Cross intersection,3,100,Local Road,BUTLERS,MOORABOOL,-37.60928,143.9115,2021,7,July,14,Midday,Weekend
T20210016639,2021-07-31,17:22:00,1,Collision with vehicle,6,Saturday,130,REAR END(VEHICLES IN SAME LANE),2,689261,Not at intersection,2,80,Arterial Highway,DANDENONG,MONASH,-37.91431,145.12717,2021,7,July,17,Afternoon Peak,Weekend
T20210016640,2021-07-31,06:25:00,1,Collision with vehicle,6,Saturday,110,CROSS TRAFFIC(INTERSECTIONS ONLY),2,693675,Multiple intersection,3,60,Arterial Other,PALMERS ROAD -ROBINSONS,WYNDHAM,-37.81043,144.75082,2021,7,July,6,Morning Peak,Weekend
T20210016642,2021-07-31,22:30:00,4,Collision with a fixed object,6,Saturday,173,RIGHT OFF CARRIAGEWAY INTO OBJECT/PARKED VEHICLE,3,762026,Multiple intersection,2,70,Arterial Other,MICKLEHAM,HUME,-37.69084,144.88203,2021,7,July,22,Night,Weekend
T20210016643,2021-07-31,22:30:00,2,Struck Pedestrian,6,Saturday,102,FAR SIDE. PED HIT BY VEHICLE FROM THE LEFT,3,36370,Cross intersection,2,40,Local Road,ELGIN,MELBOURNE,-37.79748,144.97049,2021,7,July,22,Night,Weekend
T20210016687,2021-07-31,20:54:00,1,Collision with vehicle,6,Saturday,130,REAR END(VEHICLES IN SAME LANE),3,626,Cross intersection,3,70,Arterial Highway,SPRINGVALE,MONASH,-37.874386,145.16681,2021,7,July,20,Night,Weekend
T20210016644,2021-07-31,22:12:00,4,Collision with a fixed object,6,Saturday,171,LEFT OFF CARRIAGEWAY INTO OBJECT/PARKED VEHICLE,5,693146,Not at intersection,3,100,Arterial Other,LONGFORD-LOCH SPORT,WELLINGTON,-38.178097,147.21982,2021,7,July,22,Night,Weekend
T20210016647,2021-07-31,23:35:00,1,Collision with vehicle,6,Saturday,116,LEFT NEAR (INTERSECTIONS ONLY),3,36451,Cross intersection,3,60,Arterial Other,NICHOLSON,YARRA,-37.790234,144.97624,2021,7,July,23,Night,Weekend
T20210016648,2021-07-31,22:50:00,1,Collision with vehicle,6,Saturday,130,REAR END(VEHICLES IN SAME LANE),3,730810,Cross intersection,3,60,Arterial Highway,FOOTSCRAY,MELBOURNE,-37.809788,144.93596,2021,7,July,22,Night,Weekend
T20210016585,2021-07-31,07:00:00,1,Collision with vehicle,6,Saturday,120,HEAD ON (NOT OVERTAKING),1,691379,Not at intersection,2,40,Arterial Other,DONNYBROOK,WHITTLESEA,-37.544914,144.99136,2021,7,July,7,Morning Peak,Weekend
T20210017231,2021-07-31,11:35:00,1,Collision with vehicle,6,Saturday,130,REAR END(VEHICLES IN SAME LANE),1,690198,T intersection,2,60,Arterial Highway,PUNT,MELBOURNE,-37.82169,144.98933,2021,7,July,11,Midday,Weekend
T20210016664,2021-07-31,10:35:00,2,Struck Pedestrian,6,Saturday,100,PED NEAR SIDE. PED HIT BY VEHICLE FROM THE RIGHT.,1,689431,T intersection,3,50,Local Road,ARTHUR,DANDENONG,-37.970436,145.1606,2021,7,July,10,Midday,Weekend
T20210016582,2021-07-31,09:35:00,2,Struck Pedestrian,6,Saturday,100,PED NEAR SIDE. PED HIT BY VEHICLE FROM THE RIGHT.,1,42790,Cross intersection,3,60,Arterial Highway,WARRIGAL,KINGSTON,-37.974846,145.07275,2021,7,July,9,Morning Peak,Weekend