ACCIDENT_NO,ACCIDENT_DATE,ACCIDENT_TIME,ACCIDENT_TYPE,ACCIDENT_TYPE_DESC,DAY_OF_WEEK,DAY_WEEK_DESC,DCA_CODE,DCA_DESC,LIGHT_CONDITION,NODE_ID,ROAD_GEOMETRY_DESC,SEVERITY,SPEED_ZONE,RMA,ROAD_NAME,LGA_NAME,LATITUDE,LONGITUDE,YEAR,MONTH,MONTH_NAME,HOUR,TIME_PERIOD,DAY_TYPE
T20210016672,2021-07-31,16:50:00,2,Struck Pedestrian,6,Saturday,102,FAR SIDE. PED HIT BY VEHICLE FROM THE LEFT,1,690016,Not at intersection,3,50,Local Road,MAIN,HUME,-37.59172,144.91443,2021,7,July,16,Afternoon Peak,Weekend
T20210016758,2021-07-31,12:30:00,1,Collision with vehicle,6,Saturday,131,LEFT REAR,1,39934,Cross intersection,3,60,Arterial Other,BLACKSHAWS,HOBSONS BAY,-37.831226,144.84825,2021,7,July,12,Midday,Weekend
T20210016956,2021-07-31,12:45:00,1,Collision with vehicle,6,Saturday,131,LEFT REAR,1,690850,T intersection,3,50,Arterial Highway,CHURCH,GEELONG,-38.133392,144.35126,2021,7,July,12,Midday,Weekend
T20210020547,2021-07-31,12:35:00,1,Collision with vehicle,6,Saturday,130,REAR END(VEHICLES IN SAME LANE),1,694600,Not at intersection,3,50,Arterial Highway,MAIN,YARRA RANGES,-37.75751,145.35156,2021,7,July,12,Midday,Weekend
T20210017001,2021-07-31,14:45:00,6,Vehicle overturned (no collision),6,Saturday,182,OFF CARRIAGEWAY ON LEFT BEND,1,728569,Not at intersection,2,100,Arterial Other,OMEO,TOWONG,-36.76956,147.45277,2021,7,July,14,Midday,Weekend
T20210017004,2021-07-31,17:53:00,1,Collision with vehicle,6,Saturday,160,VEHICLE COLLIDES WITH VEHICLE PARKED ON LEFT OF ROAD,3,693483,Not at intersection,2,70,Local Road,MCCORMICKS,FRANKSTON,-38.114067,145.19463,2021,7,July,17,Afternoon Peak,Weekend
T20210017233,2021-07-31,11:20:00,1,Collision with vehicle,6,Saturday,130,REAR END(VEHICLES IN SAME LANE),1,696209,Not at intersection,2,60,Local Road,RACECOURSE,BENDIGO,-36.725353,144.32338,2021,7,July,11,Midday,Weekend
T20210016652,2021-07-31,22:40:00,1,Collision with vehicle,6,Saturday,130,REAR END(VEHICLES IN SAME LANE),3,1280,Not at intersection,2,60,Arterial Other,CANNING,MOONEE VALLEY,-37.769577,144.87167,2021,7,July,22,Night,Weekend
T20210019025,2021-08-01,16:30:00,6,Vehicle overturned (no collision),7,Sunday,174,OUT OF CONTROL ON CARRIAGEWAY (ON STRAIGHT),9,50776,Cross intersection,3,50,Local Road,ARTILLERY,WARRNAMBOOL,-38.387337,142.48103,2021,8,August,16,Afternoon Peak,Weekend
T20210016700,2021-08-01,15:45:00,6,Vehicle overturned (no collision),7,Sunday,174,OUT OF CONTROL ON CARRIAGEWAY (ON STRAIGHT),1,693469,Not at intersection,2,100,Local Road,CORACK RACECOURSE,BULOKE,-36.19267,143.069,2021,8,August,15,Afternoon Peak,Weekend
T20210016691,2021-08-01,14:43:00,1,Collision with vehicle,7,Sunday,137,LEFT TURN SIDESWIPE,1,57887,T intersection,3,60,Local Road,KAVANAGH,MELBOURNE,-37.823235,144.96518,2021,8,August,14,Midday,Weekend
T20210016698,2021-08-01,16:50:00,1,Collision with vehicle,7,Sunday,147,VEHICLE STRIKES ANOTHER VEH WHILE EMERGING FROM DRIVEWAY,1,689374,Not at intersection,2,60,Arterial Other,HAMPSTEAD,MARIBYRNONG,-37.780624,144.87233,2021,8,August,16,Afternoon Peak,Weekend
T20210016701,2021-08-01,18:32:00,1,Collision with vehicle,7,Sunday,130,REAR END(VEHICLES IN SAME LANE),3,689432,Not at intersection,3,60,Arterial Other,SAYERS,WYNDHAM,-37.85218,144.725,2021,8,August,18,Afternoon Peak,Weekend
T20210017351,2021-08-01,09:30:00,4,Collision with a fixed object,7,Sunday,171,LEFT OFF CARRIAGEWAY INTO OBJECT/PARKED VEHICLE,1,693052,Not at intersection,3,60,Local Road,GUNN,BAW BAW,-38.048046,145.9898,2021,8,August,9,Morning Peak,Weekend
T20210016889,2021-08-01,20:11:00,2,Struck Pedestrian,7,Sunday,109,ANY MANOEUVRE INVOLVING PED NOT INCLUDED IN DCAs 100-108.,2,689901,Not at intersection,3,40,Local Road,PEARL RIVER,MELBOURNE,-37.812298,144.93619,2021,8,August,20,Night,Weekend
T20210016689,2021-08-01,16:48:00,1,Collision with vehicle,7,Sunday,148,VEHICLE OFF FOOTPATH STRIKES VEH ON CARRIAGEWAY,1,689712,Not at intersection,3,50,Local Road,MONAHANS,CASEY,-38.093914,145.26837,2021,8,August,16,Afternoon Peak,Weekend
T20210016658,2021-08-01,02:00:00,4,Collision with a fixed object,7,Sunday,183,OFF LEFT BEND INTO OBJECT/PARKED VEHICLE,5,691329,Not at intersection,2,100,Local Road,BRIMPAEN-LAHARUM,HORSHAM,-37.019386,142.31372,2021,8,August,2,Late Night,Weekend
T20210016702,2021-08-01,18:35:00,1,Collision with vehicle,7,Sunday,113,RIGHT NEAR (INTERSECTIONS ONLY),4,35871,T intersection,2,60,Local Road,DUNCAN,CARDINIA,-38.07529,145.47444,2021,8,August,18,Afternoon Peak,Weekend
T20210016833,2021-08-01,11:30:00,4,Collision with a fixed object,7,Sunday,173,RIGHT OFF CARRIAGEWAY INTO OBJECT/PARKED VEHICLE,1,692398,Not at intersection,3,100,Local Road,BAKERS,GOLDEN PLAINS,-38.064728,144.02086,2021,8,August,11,Midday,Weekend
T20210016705,2021-08-01,19:30:00,2,Struck Pedestrian,7,Sunday,104,PED WALKING WITH TRAFFIC,5,689542,Not at intersection,3,60,Arterial Other,FRANKSTON-FLINDERS,MORNINGTON PENINSULA,-38.373913,145.11742,2021,8,August,19,Night,Weekend
T20210025077,2021-08-01,00:30:00,1,Collision with vehicle,7,Sunday,111,RIGHT FAR (INTERSECTIONS ONLY),3,298900,Cross intersection,3,80,Freeway,PRINCES IN-CLYDE,CASEY,-38.04574,145.34106,2021,8,August,0,Late Night,Weekend
T20210016818,2021-08-01,18:30:00,1,Collision with vehicle,7,Sunday,132,RIGHT REAR.,3,702236,Multiple intersection,3,80,Arterial Other,HEATHERTON,CASEY,-37.97237,145.23637,2021,8,August,18,Afternoon Peak,Weekend
T20210016995,2021-08-01,11:00:00,8,No collision and no object struck,7,Sunday,174,OUT OF CONTROL ON CARRIAGEWAY (ON STRAIGHT),1,689988,Not at intersection,3,100,Local Road,BAMBRA-AIREYS INLET,SURF COAST,-38.39997,144.02136,2021,8,August,11,Midday,Weekend
T20210016654,2021-08-01,00:02:00,6,Vehicle overturned (no collision),7,Sunday,170,OFF CARRIAGEWAY TO LEFT,5,690538,Not at intersection,3,100,Local Road,WOOLAMAI,BASS COAST,-38.50082,145.46684,2021,8,August,0,Late Night,Weekend
T20210016750,2021-08-01,19:15:00,1,Collision with vehicle,7,Sunday,130,REAR END(VEHICLES IN SAME LANE),3,706571,Not at intersection,3,60,Arterial Highway,NAPIER,BENDIGO,-36.7429,144.29607,2021,8,August,19,Night,Weekend
T20210016668,2021-08-01,06:47:00,1,Collision with vehicle,7,Sunday,113,RIGHT NEAR (INTERSECTIONS ONLY),3,298,T intersection,3,80,Freeway,METROPOLITAN RING,NILLUMBIK,-37.693977,145.09337,2021,8,August,6,Morning Peak,Weekend
T20210016679,2021-08-01,11:29:00,1,Collision with vehicle,7,Sunday,110,CROSS TRAFFIC(INTERSECTIONS ONLY),1,676750,Cross intersection,2,100,Arterial Highway,PRINCES,SURF COAST,-38.212105,144.21846,2021,8,August,11,Midday,Weekend
T20210016711,2021-08-01,21:00:00,1,Collision with vehicle,7,Sunday,113,RIGHT NEAR (INTERSECTIONS ONLY),3,278628,Cross intersection,3,80,Arterial Highway,DANDENONG,DANDENONG,-37.997375,145.16226,2021,8,August,21,Night,Weekend
T20210016806,2021-08-01,08:00:00,1,Collision with vehicle,7,Sunday,110,CROSS TRAFFIC(INTERSECTIONS ONLY),1,269813,Cross intersection,2,60,Local Road,BARWARRE,GEELONG,-38.22064,144.34726,2021,8,August,8,Morning Peak,Weekend
T20210016714,2021-08-01,19:08:00,6,Vehicle overturned (no collision),7,Sunday,149,OTHER MANOEUVRING NOT INCLUDED IN DCAs 140-148,3,689512,T intersection,2,50,Local Road,LYREBIRD,FRANKSTON,-38.101418,145.18777,2021,8,August,19,Night,Weekend
T20210016653,2021-08-01,02:34:00,4,Collision with a fixed object,7,Sunday,171,LEFT OFF CARRIAGEWAY INTO OBJECT/PARKED VEHICLE,3,781131,Not at intersection,3,70,Arterial Other,CHILDS,WHITTLESEA,-37.662434,145.052,2021,8,August,2,Late Night,Weekend
T20210016681,2021-08-01,15:00:00,1,Collision with vehicle,7,Sunday,131,LEFT REAR,1,29601,Cross intersection,3,60,Local Road,INKERMAN,GLEN EIRA,-37.868744,145.01833,2021,8,August,15,Afternoon Peak,Weekend
T20210016715,2021-08-01,11:30:00,4,Collision with a fixed object,7,Sunday,173,RIGHT OFF CARRIAGEWAY INTO OBJECT/PARKED VEHICLE,9,354208,Cross intersection,2,60,Arterial Highway,CLOW,DANDENONG,-37.985607,145.22076,2021,8,August,11,Midday,Weekend
T20210016684,2021-08-01,14:55:00,1,Collision with vehicle,7,Sunday,147,VEHICLE STRIKES ANOTHER VEH WHILE EMERGING FROM DRIVEWAY,1,689679,T intersection,2,50,Local Road,MITCHELL,KNOX,-37.847694,145.29814,2021,8,August,14,Midday,Weekend
T20210016670,2021-08-01,11:20:00,6,Vehicle overturned (no collision),7,Sunday,174,OUT OF CONTROL ON CARRIAGEWAY (ON STRAIGHT),1,691201,Not at intersection,2,40,Arterial Highway,NEPEAN,KINGSTON,-38.033344,145.10544,2021,8,August,11,Midday,Weekend
T20210016791,2021-08-02,21:24:00,1,Collision with vehicle,1,Monday,121,RIGHT THROUGH,3,40476,T intersection,3,40,Arterial Other,HIGH,BOROONDARA,-37.861794,145.06586,2021,8,August,21,Night,Weekday
T20210016716,2021-08-02,00:05:00,1,Collision with vehicle,1,Monday,113,RIGHT NEAR (INTERSECTIONS ONLY),3,43027,T intersection,3,60,Arterial Highway,PRINCES,DANDENONG,-37.97877,145.20767,2021,8,August,0,Late Night,Weekday
T20210016763,2021-08-02,16:00:00,1,Collision with vehicle,1,Monday,130,REAR END(VEHICLES IN SAME LANE),1,356140,Multiple intersection,2,70,Freeway,WESTERN RING IN-FITZGERALD,BRIMBANK,-37.794624,144.78981,2021,8,August,16,Afternoon Peak,Weekday
T20210016766,2021-08-02,15:40:00,1,Collision with vehicle,1,Monday,130,REAR END(VEHICLES IN SAME LANE),1,690194,Not at intersection,3,40,Arterial Highway,RAGLAN,WARRNAMBOOL,-38.386692,142.50375,2021,8,August,15,Afternoon Peak,Weekday
T20210016767,2021-08-02,17:22:00,2,Struck Pedestrian,1,Monday,102,FAR SIDE. PED HIT BY VEHICLE FROM THE LEFT,3,692585,Not at intersection,3,80,Arterial Other,CRANBOURNE,FRANKSTON,-38.154915,145.16476,2021,8,August,17,Afternoon Peak,Weekday
T20210016768,2021-08-02,16:20:00,1,Collision with vehicle,1,Monday,147,VEHICLE STRIKES ANOTHER VEH WHILE EMERGING FROM DRIVEWAY,1,685990,Not at intersection,3,80,Arterial Highway,CHELTENHAM,DANDENONG,-37.99128,145.14735,2021,8,August,16,Afternoon Peak,Weekday
T20210016773,2021-08-02,14:00:00,4,Collision with a fixed object,1,Monday,179,OTHER ACCIDENTS-OFF STRAIGHT NOT INCLUDED IN DCAs 170-175,1,692270,Not at intersection,3,80,Local Road,GUY,BASS COAST,-38.419144,145.4637,2021,8,August,14,Midday,Weekday
T20210016775,2021-08-02,18:00:00,2,Struck Pedestrian,1,Monday,100,PED NEAR SIDE. PED HIT BY VEHICLE FROM THE RIGHT.,3,689747,Not at intersection,3,60,Arterial Other,DONCASTER,BOROONDARA,-37.79338,145.07475,2021,8,August,18,Afternoon Peak,Weekday
T20210016762,2021-08-02,11:46:00,1,Collision with vehicle,1,Monday,120,HEAD ON (NOT OVERTAKING),1,695057,Not at intersection,1,100,Arterial Other,LONGFORD-LOCH SPORT,WELLINGTON,-38.189316,147.2777,2021,8,August,11,Midday,Weekday
T20210016776,2021-08-02,17:55:00,1,Collision with vehicle,1,Monday,135,LANE CHANGE LEFT (NOT OVERTAKING),3,730813,Not at intersection,2,80,Freeway,MONASH,STONNINGTON,-37.850143,145.04897,2021,8,August,17,Afternoon Peak,Weekday
T20210017328,2021-08-02,15:00:00,1,Collision with vehicle,1,Monday,130,REAR END(VEHICLES IN SAME LANE),1,708219,T intersection,3,40,Arterial Other,SYDNEY,MORELAND,-37.756943,144.96387,2021,8,August,15,Afternoon Peak,Weekday
T20210016781,2021-08-02,19:50:00,1,Collision with vehicle,1,Monday,160,VEHICLE COLLIDES WITH VEHICLE PARKED ON LEFT OF ROAD,5,689989,Not at intersection,3,80,Local Road,RYANS,MELTON,-37.664013,144.61801,2021,8,August,19,Night,Weekday
T20210016785,2021-08-02,14:45:00,1,Collision with vehicle,1,Monday,130,REAR END(VEHICLES IN SAME LANE),1,730814,Not at intersection,2,70,Arterial Other,MOUNT DANDENONG,YARRA RANGES,-37.810596,145.34067,2021,8,August,14,Midday,Weekday
T20210017289,2021-08-02,08:30:00,1,Collision with vehicle,1,Monday,121,RIGHT THROUGH,1,690108,Not at intersection,2,60,Local Road,AMCOR,HUME,-37.655422,144.95868,2021,8,August,8,Morning Peak,Weekday
T20210016788,2021-08-02,17:10:00,1,Collision with vehicle,1,Monday,148,VEHICLE OFF FOOTPATH STRIKES VEH ON CARRIAGEWAY,1,690620,Not at intersection,2,50,Local Road,FOSTER,DANDENONG,-37.98941,145.21008,2021,8,August,17,Afternoon Peak,Weekday
T20210016790,2021-08-02,19:05:00,2,Struck Pedestrian,1,Monday,100,PED NEAR SIDE. PED HIT BY VEHICLE FROM THE RIGHT.,3,689841,Not at intersection,2,70,Arterial Other,TAYLORS,BRIMBANK,-37.72851,144.80421,2021,8,August,19,Night,Weekday
T20210016744,2021-08-02,12:40:00,1,Collision with vehicle,1,Monday,132,RIGHT REAR.,1,47644,T intersection,3,70,Arterial Other,MOOROOLBARK,YARRA RANGES,-37.767128,145.33313,2021,8,August,12,Midday,Weekday
T20210017865,2021-08-02,05:30:00,4,Collision with a fixed object,1,Monday,173,RIGHT OFF CARRIAGEWAY INTO OBJECT/PARKED VEHICLE,3,692215,Not at intersection,3,50,Local Road,PARKVIEW,SWAN HILL,-35.35077,143.5538,2021,8,August,5,Morning Peak,Weekday
T20210017502,2021-08-02,08:30:00,1,Collision with vehicle,1,Monday,135,LANE CHANGE LEFT (NOT OVERTAKING),9,781132,Not at intersection,3,60,Arterial Highway,WARRIGAL,KINGSTON,-37.976295,145.0725,2021,8,August,8,Morning Peak,Weekday
T20210017648,2021-08-02,10:15:00,1,Collision with vehicle,1,Monday,152,PULLING OUT (OVERTAKING),1,40128,Cross intersection,3,40,Local Road,CHAPEL,STONNINGTON,-37.85332,144.9931,2021,8,August,10,Midday,Weekday
T20210016838,2021-08-02,19:00:00,2,Struck Pedestrian,1,Monday,102,FAR SIDE. PED HIT BY VEHICLE FROM THE LEFT,3,245214,Cross intersection,2,80,Arterial Highway,DANDENONG,GLEN EIRA,-37.884068,145.05804,2021,8,August,19,Night,Weekday
T20210020126,2021-08-02,14:50:00,1,Collision with vehicle,1,Monday,130,REAR END(VEHICLES IN SAME LANE),1,730906,Not at intersection,3,80,Arterial Highway,SOUTH GIPPSLAND,CASEY,-38.09389,145.28172,2021,8,August,14,Midday,Weekday
T20210016748,2021-08-02,07:00:00,1,Collision with vehicle,1,Monday,119,OTHER ADJACENT (INTERSECTIONS ONLY),2,246772,T intersection,3,50,Local Road,CENTURY,KINGSTON,-38.000656,145.1083,2021,8,August,7,Morning Peak,Weekday
T20210023699,2021-08-02,22:03:00,1,Collision with vehicle,1,Monday,121,RIGHT THROUGH,3,780044,Cross intersection,3,60,Arterial Other,WICKLOW,MAROONDAH,-37.794434,145.28122,2021,8,August,22,Night,Weekday
T20210016741,2021-08-02,08:50:00,2,Struck Pedestrian,1,Monday,102,FAR SIDE. PED HIT BY VEHICLE FROM THE LEFT,1,696296,Y intersection,3,50,Local Road,KATHRYN,MACEDON RANGES,-37.35833,144.74786,2021,8,August,8,Morning Peak,Weekday
T20210016739,2021-08-02,08:40:00,1,Collision with vehicle,1,Monday,130,REAR END(VEHICLES IN SAME LANE),1,53331,Cross intersection,3,60,Arterial Highway,PRINCES,LATROBE,-38.19232,146.55241,2021,8,August,8,Morning Peak,Weekday
T20210016737,2021-08-02,08:50:00,1,Collision with vehicle,1,Monday,110,CROSS TRAFFIC(INTERSECTIONS ONLY),1,29993,Cross intersection,3,50,Local Road,ADAIR,BALLARAT,-37.570602,143.83316,2021,8,August,8,Morning Peak,Weekday
T20210016751,2021-08-02,13:10:00,1,Collision with vehicle,1,Monday,110,CROSS TRAFFIC(INTERSECTIONS ONLY),1,42025,Cross intersection,3,50,Local Road,ROSLYN,BAYSIDE,-37.92595,145.00224,2021,8,August,13,Midday,Weekday
T20210017212,2021-08-02,09:10:00,1,Collision with vehicle,1,Monday,110,CROSS TRAFFIC(INTERSECTIONS ONLY),1,67098,Cross intersection,3,40,Local Road,HAMBLETON,PORT PHILLIP,-37.84627,144.95847,2021,8,August,9,Morning Peak,Weekday
T20210017185,2021-08-02,18:20:00,1,Collision with vehicle,1,Monday,132,RIGHT REAR.,6,689940,Cross intersection,3,50,Arterial Other,GAP ROAD SERVICE,HUME,-37.579422,144.71788,2021,8,August,18,Afternoon Peak,Weekday
T20210016736,2021-08-02,11:25:00,1,Collision with vehicle,1,Monday,110,CROSS TRAFFIC(INTERSECTIONS ONLY),1,49887,Cross intersection,2,60,Local Road,AUTUMN,GEELONG,-38.14098,144.32979,2021,8,August,11,Midday,Weekday
T20210016760,2021-08-02,16:00:00,1,Collision with vehicle,1,Monday,110,CROSS TRAFFIC(INTERSECTIONS ONLY),1,315886,Cross intersection,2,60,Local Road,BIRDWOOD,BALLARAT,-37.59764,143.83653,2021,8,August,16,Afternoon Peak,Weekday
T20210018081,2021-08-02,15:00:00,1,Collision with vehicle,1,Monday,131,LEFT REAR,1,691359,Cross intersection,3,60,Arterial Other,EDGARS,WHITTLESEA,-37.65831,145.00743,2021,8,August,15,Afternoon Peak,Weekday
T20210017842,2021-08-02,14:40:00,1,Collision with vehicle,1,Monday,132,RIGHT REAR.,1,690851,Not at intersection,3,60,Arterial Other,CLAYTON,KINGSTON,-37.956238,145.11374,2021,8,August,14,Midday,Weekday
T20210016730,2021-08-02,09:25:00,2,Struck Pedestrian,1,Monday,100,PED NEAR SIDE. PED HIT BY VEHICLE FROM THE RIGHT.,1,689376,T intersection,2,50,Local Road,GORDON,GEELONG,-38.143764,144.34775,2021,8,August,9,Morning Peak,Weekday
T20210016752,2021-08-02,14:00:00,1,Collision with vehicle,1,Monday,135,LANE CHANGE LEFT (NOT OVERTAKING),1,737015,Not at intersection,2,40,Arterial Other,SYDNEY,MORELAND,-37.763,144.96283,2021,8,August,14,Midday,Weekday
T20210016729,2021-08-02,09:00:00,4,Collision with a fixed object,1,Monday,171,LEFT OFF CARRIAGEWAY INTO OBJECT/PARKED VEHICLE,1,706092,Not at intersection,2,80,Arterial Other,MARYBOROUGH-DUNOLLY,CENTRAL GOLDFIELDS,-36.926353,143.75679,2021,8,August,9,Morning Peak,Weekday
T20210016798,2021-08-02,22:20:00,4,Collision with a fixed object,1,Monday,171,LEFT OFF CARRIAGEWAY INTO OBJECT/PARKED VEHICLE,3,696981,T intersection,3,60,Local Road,WARRANDYTE,FRANKSTON,-38.161205,145.18936,2021,8,August,22,Night,Weekday
T20210016726,2021-08-02,07:07:00,1,Collision with vehicle,1,Monday,120,HEAD ON (NOT OVERTAKING),1,730812,Not at intersection,3,80,Arterial Highway,GREAT OCEAN,SURF COAST,-38.381744,144.20625,2021,8,August,7,Morning Peak,Weekday
T20210016723,2021-08-02,06:42:00,1,Collision with vehicle,1,Monday,135,LANE CHANGE LEFT (NOT OVERTAKING),2,773440,Not at intersection,2,80,Freeway,MONASH,STONNINGTON,-37.858173,145.05872,2021,8,August,6,Morning Peak,Weekday
T20210016722,2021-08-02,08:10:00,1,Collision with vehicle,1,Monday,113,RIGHT NEAR (INTERSECTIONS ONLY),1,690744,T intersection,2,50,Arterial Other,WEST FYANS,GEELONG,-38.1593,144.34232,2021,8,August,8,Morning Peak,Weekday
T20210016720,2021-08-02,05:09:00,1,Collision with vehicle,1,Monday,130,REAR END(VEHICLES IN SAME LANE),5,689904,Not at intersection,3,60,Arterial Other,HOPKINS,MELTON,-37.77361,144.70065,2021,8,August,5,Morning Peak,Weekday
T20210016794,2021-08-02,23:30:00,4,Collision with a fixed object,1,Monday,173,RIGHT OFF CARRIAGEWAY INTO OBJECT/PARKED VEHICLE,5,695766,Not at intersection,3,60,Arterial Other,BELGRAVE-GEMBROOK,YARRA RANGES,-37.92579,145.41942,2021,8,August,23,Night,Weekday
T20210016974,2021-08-03,19:30:00,1,Collision with vehicle,2,Tuesday,121,RIGHT THROUGH,3,221997,Multiple intersection,2,60,Freeway,ELGAR,WHITEHORSE,-37.796593,145.1184,2021,8,August,19,Night,Weekday
T20210017331,2021-08-03,18:05:00,1,Collision with vehicle,2,Tuesday,133,LANE SIDE SWIPE (VEHICLES IN PARALLEL LANES),3,694186,Not at intersection,3,80,Freeway,CITYLINK,YARRA,-37.83055,145.01094,2021,8,August,18,Afternoon Peak,Weekday
T20210017038,2021-08-03,22:44:00,1,Collision with vehicle,2,Tuesday,130,REAR END(VEHICLES IN SAME LANE),3,287073,Cross intersection,3,40,Arterial Other,CEMETERY,MELBOURNE,-37.789906,144.95895,2021,8,August,22,Night,Weekday
T20210016946,2021-08-03,16:35:00,1,Collision with vehicle,2,Tuesday,160,VEHICLE COLLIDES WITH VEHICLE PARKED ON LEFT OF ROAD,1,692167,Not at intersection,3,50,Local Road,DROMANA,MORNINGTON PENINSULA,-38.31518,144.99274,2021,8,August,16,Afternoon Peak,Weekday
T20210017063,2021-08-03,16:58:00,1,Collision with vehicle,2,Tuesday,130,REAR END(VEHICLES IN SAME LANE),1,278849,T intersection,2,60,Local Road,WINDSOR,BRIMBANK,-37.787655,144.75395,2021,8,August,16,Afternoon Peak,Weekday
T20210017074,2021-08-03,06:40:00,1,Collision with vehicle,2,Tuesday,116,LEFT NEAR (INTERSECTIONS ONLY),6,39964,T intersection,3,60,Arterial Other,BLACKSHAWS,HOBSONS BAY,-37.832535,144.86063,2021,8,August,6,Morning Peak,Weekday
T20210016845,2021-08-03,13:12:00,1,Collision with vehicle,2,Tuesday,110,CROSS TRAFFIC(INTERSECTIONS ONLY),1,52641,Cross intersection,2,50,Arterial Other,PARK,CENTRAL GOLDFIELDS,-37.039177,143.7408,2021,8,August,13,Midday,Weekday
T20210016831,2021-08-03,07:35:00,1,Collision with vehicle,2,Tuesday,130,REAR END(VEHICLES IN SAME LANE),1,689515,Not at intersection,2,80,Freeway,WEST GATE,MELBOURNE,-37.83291,144.904,2021,8,August,7,Morning Peak,Weekday
T20210016822,2021-08-03,07:57:00,1,Collision with vehicle,2,Tuesday,130,REAR END(VEHICLES IN SAME LANE),1,689513,Multiple intersection,2,80,Freeway,MONASH IN-TOORAK,STONNINGTON,-37.84689,145.04063,2021,8,August,7,Morning Peak,Weekday
T20210016821,2021-08-03,06:25:00,1,Collision with vehicle,2,Tuesday,121,RIGHT THROUGH,3,45338,T intersection,2,80,Arterial Other,BALLARTO,CARDINIA,-38.15366,145.4855,2021,8,August,6,Morning Peak,Weekday
T20210020172,2021-08-03,15:30:00,1,Collision with vehicle,2,Tuesday,132,RIGHT REAR.,1,700258,Not at intersection,3,60,Arterial Highway,GREAT ALPINE,ALPINE,-36.571487,146.73889,2021,8,August,15,Afternoon Peak,Weekday
T20210016856,2021-08-03,13:55:00,4,Collision with a fixed object,2,Tuesday,171,LEFT OFF CARRIAGEWAY INTO OBJECT/PARKED VEHICLE,1,695581,Not at intersection,2,60,Local Road,NORTH,CASEY,-38.16967,145.22775,2021,8,August,13,Midday,Weekday
T20210016857,2021-08-03,13:45:00,1,Collision with vehicle,2,Tuesday,130,REAR END(VEHICLES IN SAME LANE),1,49210,Cross intersection,3,80,Arterial Other,PRINCES,LATROBE,-38.23494,146.43161,2021,8,August,13,Midday,Weekday
T20210021717,2021-08-03,15:45:00,1,Collision with vehicle,2,Tuesday,130,REAR END(VEHICLES IN SAME LANE),1,768618,Not at intersection,3,60,Arterial Other,HEATHERTON,KINGSTON,-37.959824,145.131,2021,8,August,15,Afternoon Peak,Weekday
T20210016858,2021-08-03,15:52:00,1,Collision with vehicle,2,Tuesday,135,LANE CHANGE LEFT (NOT OVERTAKING),1,689634,Not at intersection,3,60,Arterial Highway,LOWER DANDENONG,KINGSTON,-37.98475,145.09396,2021,8,August,15,Afternoon Peak,Weekday
T20210016817,2021-08-03,08:30:00,1,Collision with vehicle,2,Tuesday,113,RIGHT NEAR (INTERSECTIONS ONLY),1,50640,T intersection,3,80,Arterial Highway,HENTY,GLENELG,-38.33193,141.58745,2021,8,August,8,Morning Peak,Weekday
T20210016861,2021-08-03,15:25:00,1,Collision with vehicle,2,Tuesday,116,LEFT NEAR (INTERSECTIONS ONLY),1,51978,Cross intersection,3,60,Arterial Highway,PRINCES,EAST GIPPSLAND,-37.875015,148.00737,2021,8,August,15,Afternoon Peak,Weekday
T20210016865,2021-08-03,14:34:00,1,Collision with vehicle,2,Tuesday,147,VEHICLE STRIKES ANOTHER VEH WHILE EMERGING FROM DRIVEWAY,1,696893,Not at intersection,3,50,Local Road,FILLO,HUME,-37.639835,144.95686,2021,8,August,14,Midday,Weekday
T20210016815,2021-08-03,07:33:00,3,Struck animal,2,Tuesday,167,STRUCK ANIMAL,2,730815,Not at intersection,2,100,Arterial Other,WELLINGTON,YARRA RANGES,-37.95657,145.35132,2021,8,August,7,Morning Peak,Weekday
T20210016869,2021-08-03,15:30:00,1,Collision with vehicle,2,Tuesday,113,RIGHT NEAR (INTERSECTIONS ONLY),1,689518,T intersection,3,50,Local Road,PHILIP,MAROONDAH,-37.8272,145.22955,2021,8,August,15,Afternoon Peak,Weekday
T20210016870,2021-08-03,14:29:00,1,Collision with vehicle,2,Tuesday,110,CROSS TRAFFIC(INTERSECTIONS ONLY),1,690071,Cross intersection,2,60,Arterial Other,ABERY,GEELONG,-38.100136,144.36539,2021,8,August,14,Midday,Weekday
T20210016871,2021-08-03,17:27:00,2,Struck Pedestrian,2,Tuesday,107,PED ON FOOTHPATH STRUCK BY VEHENTERING/LEAVING DRIVEWAY.,2,691732,Not at intersection,2,50,Local Road,LIGAR,BALLARAT,-37.538574,143.86479,2021,8,August,17,Afternoon Peak,Weekday
T20210016814,2021-08-03,05:55:00,6,Vehicle overturned (no collision),2,Tuesday,172,OFF CARRIAGEWAY TO RIGHT,3,689991,Multiple intersection,3,80,Freeway,THOMPSON-MONASH IN,DANDENONG,-38.07,145.18126,2021,8,August,5,Morning Peak,Weekday
T20210016812,2021-08-03,06:35:00,1,Collision with vehicle,2,Tuesday,130,REAR END(VEHICLES IN SAME LANE),1,44800,T intersection,3,60,Arterial Other,KARINGAL DRIVE -SHERBOURNE,NILLUMBIK,-37.71325,145.13345,2021,8,August,6,Morning Peak,Weekday
T20210017205,2021-08-03,07:20:00,5,collision with some other object,2,Tuesday,166,STRUCK OBJECT ON CARRIAGEWAY,2,694079,Not at intersection,3,100,Local Road,PYALONG,MACEDON RANGES,-37.218704,144.779,2021,8,August,7,Morning Peak,Weekday
T20210016872,2021-08-03,17:50:00,1,Collision with vehicle,2,Tuesday,130,REAR END(VEHICLES IN SAME LANE),3,689519,Not at intersection,2,60,Arterial Other,NARRE WARREN ROAD -NARRE WARREN-CRANBOURNE,CASEY,-38.105846,145.29129,2021,8,August,17,Afternoon Peak,Weekday