ACCIDENT_NO,ACCIDENT_DATE,ACCIDENT_TIME,ACCIDENT_TYPE,ACCIDENT_TYPE_DESC,DAY_OF_WEEK,DAY_WEEK_DESC,DCA_CODE,DCA_DESC,LIGHT_CONDITION,NODE_ID,ROAD_GEOMETRY_DESC,SEVERITY,SPEED_ZONE,RMA,ROAD_NAME,LGA_NAME,LATITUDE,LONGITUDE,YEAR,MONTH,MONTH_NAME,HOUR,TIME_PERIOD,DAY_TYPE
T20210016873,2021-08-03,17:45:00,6,Vehicle overturned (no collision),2,Tuesday,174,OUT OF CONTROL ON CARRIAGEWAY (ON STRAIGHT),2,689520,Not at intersection,3,100,Local Road,MCNUTTS,BENDIGO,-36.89966,144.74716,2021,8,August,17,Afternoon Peak,Weekday
T20210016877,2021-08-03,17:20:00,8,No collision and no object struck,2,Tuesday,174,OUT OF CONTROL ON CARRIAGEWAY (ON STRAIGHT),2,695439,Cross intersection,2,60,Arterial Other,EPSOM,MELBOURNE,-37.780663,144.91483,2021,8,August,17,Afternoon Peak,Weekday
T20210016878,2021-08-03,16:15:00,4,Collision with a fixed object,2,Tuesday,171,LEFT OFF CARRIAGEWAY INTO OBJECT/PARKED VEHICLE,1,689990,Not at intersection,2,50,Local Road,HARWOOD,DANDENONG,-38.057335,145.19757,2021,8,August,16,Afternoon Peak,Weekday
T20210016879,2021-08-03,18:20:00,1,Collision with vehicle,2,Tuesday,113,RIGHT NEAR (INTERSECTIONS ONLY),3,279399,T intersection,3,60,Arterial Other,LINLITHGOW,GLEN EIRA,-37.880688,145.02849,2021,8,August,18,Afternoon Peak,Weekday
T20210016880,2021-08-03,16:20:00,1,Collision with vehicle,2,Tuesday,113,RIGHT NEAR (INTERSECTIONS ONLY),1,43267,T intersection,2,80,Arterial Highway,SOUTH GIPPSLAND,DANDENONG,-38.01278,145.23122,2021,8,August,16,Afternoon Peak,Weekday
T20210016881,2021-08-03,16:00:00,1,Collision with vehicle,2,Tuesday,120,HEAD ON (NOT OVERTAKING),1,693261,Not at intersection,2,100,Local Road,MERIDIAN,SWAN HILL,-34.735027,142.99786,2021,8,August,16,Afternoon Peak,Weekday
T20210016886,2021-08-03,20:00:00,1,Collision with vehicle,2,Tuesday,123,RIGHT/LEFT. ONE VEH TURNING RIGHT THE OTHER LEFT.,3,292841,Multiple intersection,3,80,Freeway,BELGRAVE-HALLAM-MONASH IN,CASEY,-37.998283,145.27507,2021,8,August,20,Night,Weekday
T20210016887,2021-08-03,20:15:00,4,Collision with a fixed object,2,Tuesday,173,RIGHT OFF CARRIAGEWAY INTO OBJECT/PARKED VEHICLE,5,695123,Not at intersection,3,100,Arterial Highway,PRINCES,EAST GIPPSLAND,-37.857185,147.52905,2021,8,August,20,Night,Weekday
T20210016866,2021-08-03,17:15:00,1,Collision with vehicle,2,Tuesday,121,RIGHT THROUGH,1,53343,Cross intersection,3,80,Arterial Highway,PRINCES,GEELONG,-38.07537,144.36877,2021,8,August,17,Afternoon Peak,Weekday
T20210017229,2021-08-03,10:00:00,8,No collision and no object struck,2,Tuesday,174,OUT OF CONTROL ON CARRIAGEWAY (ON STRAIGHT),1,690197,Not at intersection,3,50,Local Road,HAVERING,BENDIGO,-36.797104,144.36209,2021,8,August,10,Midday,Weekday
T20210016891,2021-08-03,21:57:00,1,Collision with vehicle,2,Tuesday,140,U TURN,3,707509,Not at intersection,3,80,Arterial Highway,BURWOOD HIGHWAY SERVICE,KNOX,-37.878338,145.26477,2021,8,August,21,Night,Weekday
T20210016927,2021-08-03,16:10:00,1,Collision with vehicle,2,Tuesday,130,REAR END(VEHICLES IN SAME LANE),1,689713,Not at intersection,3,80,Local Road,BUNGOWER,MORNINGTON PENINSULA,-38.230904,145.09367,2021,8,August,16,Afternoon Peak,Weekday
T20210016829,2021-08-03,06:40:00,2,Struck Pedestrian,2,Tuesday,100,PED NEAR SIDE. PED HIT BY VEHICLE FROM THE RIGHT.,2,332339,Cross intersection,3,40,Local Road,ELIZABETH,MELBOURNE,-37.817196,144.96452,2021,8,August,6,Morning Peak,Weekday
T20210017740,2021-08-03,17:00:00,1,Collision with vehicle,2,Tuesday,121,RIGHT THROUGH,9,51846,Cross intersection,3,60,Arterial Highway,POWLETT,MITCHELL,-37.30031,144.95137,2021,8,August,17,Afternoon Peak,Weekday
T20210016852,2021-08-03,09:30:00,1,Collision with vehicle,2,Tuesday,130,REAR END(VEHICLES IN SAME LANE),1,768603,Not at intersection,3,80,Local Road,BOLINDA,HUME,-37.68393,144.95793,2021,8,August,9,Morning Peak,Weekday
T20210017365,2021-08-03,16:24:00,1,Collision with vehicle,2,Tuesday,130,REAR END(VEHICLES IN SAME LANE),1,690459,Not at intersection,3,80,Arterial Highway,DANDENONG,MONASH,-37.91589,145.1294,2021,8,August,16,Afternoon Peak,Weekday
T20210017006,2021-08-03,16:50:00,1,Collision with vehicle,2,Tuesday,121,RIGHT THROUGH,9,689098,T intersection,3,60,Local Road,AITKEN,HUME,-37.62812,144.91324,2021,8,August,16,Afternoon Peak,Weekday
T20210016850,2021-08-03,13:10:00,1,Collision with vehicle,2,Tuesday,111,RIGHT FAR (INTERSECTIONS ONLY),1,58925,T intersection,3,60,Arterial Other,GRAHAMVALE,SHEPPARTON,-36.34754,145.43184,2021,8,August,13,Midday,Weekday
T20210016834,2021-08-03,11:25:00,8,No collision and no object struck,2,Tuesday,174,OUT OF CONTROL ON CARRIAGEWAY (ON STRAIGHT),1,695322,Not at intersection,2,40,Local Road,MALOP,GEELONG,-38.148403,144.36475,2021,8,August,11,Midday,Weekday
T20210016842,2021-08-03,11:05:00,1,Collision with vehicle,2,Tuesday,110,CROSS TRAFFIC(INTERSECTIONS ONLY),1,41755,Cross intersection,2,60,Arterial Other,WAVERLEY,MONASH,-37.88673,145.14569,2021,8,August,11,Midday,Weekday
T20210016843,2021-08-03,10:25:00,2,Struck Pedestrian,2,Tuesday,100,PED NEAR SIDE. PED HIT BY VEHICLE FROM THE RIGHT.,1,690265,T intersection,2,80,Arterial Other,MELTON,BRIMBANK,-37.698402,144.78651,2021,8,August,10,Midday,Weekday
T20210016844,2021-08-03,09:20:00,1,Collision with vehicle,2,Tuesday,147,VEHICLE STRIKES ANOTHER VEH WHILE EMERGING FROM DRIVEWAY,1,281009,Not at intersection,2,60,Arterial Other,KINGS,BRIMBANK,-37.701153,144.77992,2021,8,August,9,Morning Peak,Weekday
T20210016888,2021-08-03,17:22:00,1,Collision with vehicle,2,Tuesday,121,RIGHT THROUGH,1,29976,Cross intersection,3,60,Arterial Other,LUCAN,BENDIGO,-36.74704,144.28693,2021,8,August,17,Afternoon Peak,Weekday
T20210016982,2021-08-04,16:00:00,1,Collision with vehicle,3,Wednesday,130,REAR END(VEHICLES IN SAME LANE),2,693939,Not at intersection,3,60,Arterial Highway,NEPEAN,KINGSTON,-38.027023,145.1017,2021,8,August,16,Afternoon Peak,Weekday
T20210018119,2021-08-04,19:00:00,1,Collision with vehicle,3,Wednesday,130,REAR END(VEHICLES IN SAME LANE),6,778512,Not at intersection,3,100,Freeway,FRANKSTON,FRANKSTON,-38.107086,145.1398,2021,8,August,19,Night,Weekday
T20210018654,2021-08-04,12:34:00,1,Collision with vehicle,3,Wednesday,121,RIGHT THROUGH,1,29607,Cross intersection,2,60,Arterial Other,WATTLETREE,STONNINGTON,-37.86391,145.04013,2021,8,August,12,Midday,Weekday
T20210018464,2021-08-04,08:49:00,1,Collision with vehicle,3,Wednesday,135,LANE CHANGE LEFT (NOT OVERTAKING),1,691726,Not at intersection,3,70,Arterial Highway,NORTH,MONASH,-37.91315,145.11488,2021,8,August,8,Morning Peak,Weekday
T20210017134,2021-08-04,15:00:00,6,Vehicle overturned (no collision),3,Wednesday,182,OFF CARRIAGEWAY ON LEFT BEND,1,690781,Not at intersection,3,100,Local Road,NUNNETT,EAST GIPPSLAND,-37.388653,148.12593,2021,8,August,15,Afternoon Peak,Weekday
T20210017090,2021-08-04,07:20:00,1,Collision with vehicle,3,Wednesday,140,U TURN,1,690105,Not at intersection,3,100,Arterial Other,MAFFRA-SALE,WELLINGTON,-38.023,147.01164,2021,8,August,7,Morning Peak,Weekday
T20210016965,2021-08-04,21:35:00,1,Collision with vehicle,3,Wednesday,134,LANE CHANGE RIGHT (NOT OVERTAKING),3,69413,T intersection,3,60,Arterial Other,CLAYTON,MONASH,-37.91681,145.12134,2021,8,August,21,Night,Weekday
T20210017144,2021-08-04,15:30:00,1,Collision with vehicle,3,Wednesday,121,RIGHT THROUGH,1,30022,Cross intersection,3,60,Arterial Other,PRINCES,BALLARAT,-37.561974,143.87033,2021,8,August,15,Afternoon Peak,Weekday
T20210017221,2021-08-04,20:20:00,1,Collision with vehicle,3,Wednesday,130,REAR END(VEHICLES IN SAME LANE),3,354838,Cross intersection,2,60,Local Road,COMMERCIAL,MELTON,-37.730137,144.74763,2021,8,August,20,Night,Weekday
T20210016928,2021-08-04,13:04:00,1,Collision with vehicle,3,Wednesday,130,REAR END(VEHICLES IN SAME LANE),1,691618,Not at intersection,3,80,Arterial Highway,WELLINGTON,MONASH,-37.919598,145.16594,2021,8,August,13,Midday,Weekday
T20210016996,2021-08-04,18:10:00,1,Collision with vehicle,3,Wednesday,116,LEFT NEAR (INTERSECTIONS ONLY),9,730822,T intersection,3,60,Arterial Other,DOUGLAS,HOBSONS BAY,-37.82848,144.89536,2021,8,August,18,Afternoon Peak,Weekday
T20210023881,2021-08-04,14:50:00,1,Collision with vehicle,3,Wednesday,130,REAR END(VEHICLES IN SAME LANE),9,704250,Not at intersection,3,100,Freeway,MONASH,MONASH,-37.91176,145.16438,2021,8,August,14,Midday,Weekday
T20210016967,2021-08-04,21:00:00,4,Collision with a fixed object,3,Wednesday,173,RIGHT OFF CARRIAGEWAY INTO OBJECT/PARKED VEHICLE,3,699930,Not at intersection,3,50,Local Road,GODFREY,DANDENONG,-37.974037,145.21411,2021,8,August,21,Night,Weekday
T20210016962,2021-08-04,20:40:00,1,Collision with vehicle,3,Wednesday,110,CROSS TRAFFIC(INTERSECTIONS ONLY),3,51063,Cross intersection,3,50,Local Road,DUDLEY,SHEPPARTON,-36.383686,145.41037,2021,8,August,20,Night,Weekday
T20210025114,2021-08-04,06:28:00,1,Collision with vehicle,3,Wednesday,130,REAR END(VEHICLES IN SAME LANE),2,699051,Not at intersection,3,100,Freeway,WESTERN,MELTON,-37.718067,144.64334,2021,8,August,6,Morning Peak,Weekday
T20210016959,2021-08-04,17:12:00,4,Collision with a fixed object,3,Wednesday,171,LEFT OFF CARRIAGEWAY INTO OBJECT/PARKED VEHICLE,2,730820,Not at intersection,2,100,Arterial Other,CAMPERDOWN-COBDEN,CORANGAMITE,-38.292927,143.11763,2021,8,August,17,Afternoon Peak,Weekday
T20210016930,2021-08-04,11:12:00,1,Collision with vehicle,3,Wednesday,110,CROSS TRAFFIC(INTERSECTIONS ONLY),1,43993,Cross intersection,2,80,Local Road,BUNGOWER,MORNINGTON PENINSULA,-38.233093,145.10867,2021,8,August,11,Midday,Weekday
T20210016931,2021-08-04,12:00:00,1,Collision with vehicle,3,Wednesday,113,RIGHT NEAR (INTERSECTIONS ONLY),1,730818,T intersection,3,80,Freeway,HUME OUT-CRAIGIEBURN,WHITTLESEA,-37.601036,144.95691,2021,8,August,12,Midday,Weekday
T20210016941,2021-08-04,16:05:00,1,Collision with vehicle,3,Wednesday,130,REAR END(VEHICLES IN SAME LANE),1,689610,Not at intersection,3,60,Arterial Other,HOLMES,BENDIGO,-36.743713,144.27438,2021,8,August,16,Afternoon Peak,Weekday
T20210016948,2021-08-04,16:11:00,2,Struck Pedestrian,3,Wednesday,100,PED NEAR SIDE. PED HIT BY VEHICLE FROM THE RIGHT.,1,692271,T intersection,3,50,Local Road,SIMLA,WHITEHORSE,-37.818535,145.19124,2021,8,August,16,Afternoon Peak,Weekday
T20210016950,2021-08-04,15:39:00,1,Collision with vehicle,3,Wednesday,113,RIGHT NEAR (INTERSECTIONS ONLY),1,689612,T intersection,3,50,Local Road,ARENA,HUME,-37.620857,144.91745,2021,8,August,15,Afternoon Peak,Weekday
T20210016916,2021-08-04,11:10:00,1,Collision with vehicle,3,Wednesday,110,CROSS TRAFFIC(INTERSECTIONS ONLY),1,51526,Cross intersection,2,60,Arterial Other,BENDIGO-EAGLEHAWK,BENDIGO,-36.728706,144.26189,2021,8,August,11,Midday,Weekday
T20210016913,2021-08-04,06:20:00,1,Collision with vehicle,3,Wednesday,111,RIGHT FAR (INTERSECTIONS ONLY),3,349767,T intersection,3,80,Local Road,WAVERLEY PARK,CASEY,-38.068626,145.26785,2021,8,August,6,Morning Peak,Weekday
T20210016911,2021-08-04,07:45:00,1,Collision with vehicle,3,Wednesday,110,CROSS TRAFFIC(INTERSECTIONS ONLY),1,51776,Cross intersection,3,50,Local Road,OAK,MITCHELL,-37.02436,145.14517,2021,8,August,7,Morning Peak,Weekday
T20210017192,2021-08-04,09:45:00,4,Collision with a fixed object,3,Wednesday,171,LEFT OFF CARRIAGEWAY INTO OBJECT/PARKED VEHICLE,1,692667,Not at intersection,2,100,Local Road,HOLLIDAYS,BENDIGO,-36.822006,144.28409,2021,8,August,9,Morning Peak,Weekday
T20210016951,2021-08-04,16:30:00,1,Collision with vehicle,3,Wednesday,130,REAR END(VEHICLES IN SAME LANE),2,64399,T intersection,3,60,Arterial Highway,WARBURTON,YARRA RANGES,-37.779747,145.45471,2021,8,August,16,Afternoon Peak,Weekday
T20210016952,2021-08-04,16:54:00,1,Collision with vehicle,3,Wednesday,131,LEFT REAR,1,689613,Not at intersection,3,70,Freeway,WESTERN RING OUT-HUME,HUME,-37.69173,144.95815,2021,8,August,16,Afternoon Peak,Weekday
T20210016903,2021-08-04,06:30:00,1,Collision with vehicle,3,Wednesday,113,RIGHT NEAR (INTERSECTIONS ONLY),1,254738,T intersection,3,80,Arterial Other,PRINCES,CARDINIA,-38.0643,145.46413,2021,8,August,6,Morning Peak,Weekday
T20210016957,2021-08-04,08:00:00,1,Collision with vehicle,3,Wednesday,130,REAR END(VEHICLES IN SAME LANE),1,337457,Cross intersection,3,40,Arterial Other,FITZGERALD,WYNDHAM,-37.844143,144.78186,2021,8,August,8,Morning Peak,Weekday
T20210016902,2021-08-04,09:10:00,1,Collision with vehicle,3,Wednesday,110,CROSS TRAFFIC(INTERSECTIONS ONLY),1,50294,Cross intersection,3,60,Arterial Other,THE PARADE,GEELONG,-38.267033,144.52747,2021,8,August,9,Morning Peak,Weekday
T20210016953,2021-08-04,15:35:00,1,Collision with vehicle,3,Wednesday,147,VEHICLE STRIKES ANOTHER VEH WHILE EMERGING FROM DRIVEWAY,1,77792,Not at intersection,3,50,Local Road,MONTROSE,YARRA RANGES,-37.80831,145.34076,2021,8,August,15,Afternoon Peak,Weekday
T20210016899,2021-08-04,06:53:00,6,Vehicle overturned (no collision),3,Wednesday,170,OFF CARRIAGEWAY TO LEFT,5,689521,Not at intersection,3,100,Arterial Other,BACCHUS MARSH,MACEDON RANGES,-37.50167,144.49065,2021,8,August,6,Morning Peak,Weekday
T20210016896,2021-08-04,06:30:00,1,Collision with vehicle,3,Wednesday,154,PULLING OUT -REAR END,2,690285,Not at intersection,2,100,Freeway,EASTERN,MANNINGHAM,-37.794704,145.112,2021,8,August,6,Morning Peak,Weekday
T20210019160,2021-08-04,07:00:00,1,Collision with vehicle,3,Wednesday,130,REAR END(VEHICLES IN SAME LANE),1,692857,Not at intersection,3,80,Arterial Highway,STUD,DANDENONG,-37.954193,145.22662,2021,8,August,7,Morning Peak,Weekday
T20210017270,2021-08-04,16:00:00,1,Collision with vehicle,3,Wednesday,121,RIGHT THROUGH,1,36172,Cross intersection,3,60,Arterial Other,CHANDLER,DANDENONG,-37.984547,145.18379,2021,8,August,16,Afternoon Peak,Weekday
T20210017274,2021-08-04,13:30:00,1,Collision with vehicle,3,Wednesday,130,REAR END(VEHICLES IN SAME LANE),9,690024,Not at intersection,2,60,Arterial Other,WEST FYANS,GEELONG,-38.15972,144.34595,2021,8,August,13,Midday,Weekday
T20210017851,2021-08-04,05:20:00,1,Collision with vehicle,3,Wednesday,130,REAR END(VEHICLES IN SAME LANE),4,698514,Not at intersection,3,60,Arterial Other,SPRING,DAREBIN,-37.726646,145.00114,2021,8,August,5,Morning Peak,Weekday
T20210020884,2021-08-04,15:15:00,1,Collision with vehicle,3,Wednesday,113,RIGHT NEAR (INTERSECTIONS ONLY),9,38583,T intersection,3,40,Arterial Other,SETTLEMENT,WHITTLESEA,-37.697533,145.056,2021,8,August,15,Afternoon Peak,Weekday
T20210017035,2021-08-05,17:34:00,1,Collision with vehicle,4,Thursday,147,VEHICLE STRIKES ANOTHER VEH WHILE EMERGING FROM DRIVEWAY,2,690104,Not at intersection,3,80,Arterial Highway,SPRINGVALE,WHITEHORSE,-37.853626,145.1695,2021,8,August,17,Afternoon Peak,Weekday
T20210017024,2021-08-05,18:27:00,1,Collision with vehicle,4,Thursday,130,REAR END(VEHICLES IN SAME LANE),3,689620,T intersection,3,60,Arterial Other,GAFFNEY,MORELAND,-37.73359,144.96103,2021,8,August,18,Afternoon Peak,Weekday
T20210017025,2021-08-05,20:47:00,1,Collision with vehicle,4,Thursday,113,RIGHT NEAR (INTERSECTIONS ONLY),1,48658,Cross intersection,3,50,Local Road,FREDERICK,MORELAND,-37.70778,144.97174,2021,8,August,20,Night,Weekday
T20210017381,2021-08-05,10:45:00,1,Collision with vehicle,4,Thursday,131,LEFT REAR,1,50658,T intersection,3,50,Local Road,BENTINCK,GLENELG,-38.346405,141.60637,2021,8,August,10,Midday,Weekday
T20210016985,2021-08-05,07:55:00,2,Struck Pedestrian,4,Thursday,103,PED PLAYING/LYING/WORKING/STANDING ON CARRIAGEWAY.,1,691601,Not at intersection,2,40,Local Road,ALEXANDRA,YARRA,-37.794918,144.99728,2021,8,August,7,Morning Peak,Weekday
T20210016991,2021-08-05,12:10:00,1,Collision with vehicle,4,Thursday,113,RIGHT NEAR (INTERSECTIONS ONLY),1,689618,T intersection,2,70,Arterial Other,SOUTH,KINGSTON,-37.937603,145.07077,2021,8,August,12,Midday,Weekday
T20210016989,2021-08-05,10:52:00,1,Collision with vehicle,4,Thursday,130,REAR END(VEHICLES IN SAME LANE),1,690545,Not at intersection,3,100,Freeway,WESTERN,MELTON,-37.74567,144.70085,2021,8,August,10,Midday,Weekday
T20210016986,2021-08-05,07:00:00,4,Collision with a fixed object,4,Thursday,164,PERMANENT OBSTRUCTION ON CARRIAGEWAY,2,785401,Not at intersection,2,80,Arterial Other,THOMPSONS,DANDENONG,-38.072296,145.19626,2021,8,August,7,Morning Peak,Weekday
T20210019692,2021-08-05,19:11:00,1,Collision with vehicle,4,Thursday,130,REAR END(VEHICLES IN SAME LANE),9,96283,Not at intersection,3,70,Arterial Highway,DANDENONG,MONASH,-37.900635,145.10536,2021,8,August,19,Night,Weekday
T20210017015,2021-08-05,14:25:00,1,Collision with vehicle,4,Thursday,147,VEHICLE STRIKES ANOTHER VEH WHILE EMERGING FROM DRIVEWAY,1,690542,Not at intersection,3,50,Arterial Highway,MOOROODUC HIGHWAY SERVICE,FRANKSTON,-38.189304,145.13985,2021,8,August,14,Midday,Weekday
T20210016977,2021-08-05,08:00:00,1,Collision with vehicle,4,Thursday,130,REAR END(VEHICLES IN SAME LANE),1,689616,Not at intersection,3,80,Arterial Highway,GREENSBOROUGH,NILLUMBIK,-37.690475,145.11076,2021,8,August,8,Morning Peak,Weekday
T20210016998,2021-08-05,14:15:00,2,Struck Pedestrian,4,Thursday,100,PED NEAR SIDE. PED HIT BY VEHICLE FROM THE RIGHT.,1,690543,Not at intersection,3,50,Local Road,EVANS,HUME,-37.581764,144.72786,2021,8,August,14,Midday,Weekday
T20210017022,2021-08-05,18:10:00,2,Struck Pedestrian,4,Thursday,108,PED STRUCK WALKING TO/FROM OR BOARDING/ALIGHTING VEHICLE.,3,691287,Not at intersection,3,40,Local Road,RIVER,STONNINGTON,-37.834755,144.99814,2021,8,August,18,Afternoon Peak,Weekday
T20210018173,2021-08-05,07:22:00,1,Collision with vehicle,4,Thursday,130,REAR END(VEHICLES IN SAME LANE),1,8297,Cross intersection,3,40,Local Road,EAST RING,MONASH,-37.90614,145.13734,2021,8,August,7,Morning Peak,Weekday
T20210017856,2021-08-05,05:10:00,6,Vehicle overturned (no collision),4,Thursday,174,OUT OF CONTROL ON CARRIAGEWAY (ON STRAIGHT),5,691003,Not at intersection,2,80,Arterial Other,SEASPRAY,WELLINGTON,-38.244736,147.1307,2021,8,August,5,Morning Peak,Weekday
T20210017384,2021-08-05,19:45:00,1,Collision with vehicle,4,Thursday,160,VEHICLE COLLIDES WITH VEHICLE PARKED ON LEFT OF ROAD,3,781186,Not at intersection,3,50,Local Road,YUILLE,FRANKSTON,-38.154564,145.12436,2021,8,August,19,Night,Weekday
T20210016979,2021-08-05,09:46:00,2,Struck Pedestrian,4,Thursday,100,PED NEAR SIDE. PED HIT BY VEHICLE FROM THE RIGHT.,1,694516,T intersection,2,40,Local Road,SMITH,YARRA,-37.80037,144.98402,2021,8,August,9,Morning Peak,Weekday
T20210016980,2021-08-05,09:55:00,1,Collision with vehicle,4,Thursday,113,RIGHT NEAR (INTERSECTIONS ONLY),1,689617,T intersection,3,50,Local Road,MIETTA,HUME,-37.618645,144.88643,2021,8,August,9,Morning Peak,Weekday
T20210017029,2021-08-05,18:25:00,1,Collision with vehicle,4,Thursday,121,RIGHT THROUGH,2,65831,Cross intersection,3,50,Arterial Other,KING,MELBOURNE,-37.812466,144.95392,2021,8,August,18,Afternoon Peak,Weekday
T20210017031,2021-08-05,17:50:00,1,Collision with vehicle,4,Thursday,113,RIGHT NEAR (INTERSECTIONS ONLY),2,66172,T intersection,2,60,Arterial Other,RATHMINES,BOROONDARA,-37.82037,145.05016,2021,8,August,17,Afternoon Peak,Weekday
T20210017028,2021-08-05,07:55:00,1,Collision with vehicle,4,Thursday,130,REAR END(VEHICLES IN SAME LANE),1,689714,Not at intersection,3,70,Arterial Highway,LATROBE,GEELONG,-38.15475,144.35123,2021,8,August,7,Morning Peak,Weekday
T20210017013,2021-08-05,10:10:00,1,Collision with vehicle,4,Thursday,116,LEFT NEAR (INTERSECTIONS ONLY),1,29886,Cross intersection,3,70,Freeway,FORSYTH,WYNDHAM,-37.873013,144.73668,2021,8,August,10,Midday,Weekday
T20210017020,2021-08-05,18:28:00,1,Collision with vehicle,4,Thursday,121,RIGHT THROUGH,3,278622,T intersection,3,60,Local Road,OHERNS,WHITTLESEA,-37.63635,145.0148,2021,8,August,18,Afternoon Peak,Weekday
T20210019136,2021-08-05,08:30:00,1,Collision with vehicle,4,Thursday,130,REAR END(VEHICLES IN SAME LANE),1,698848,T intersection,3,60,Local Road,LINSELL,CASEY,-38.100697,145.30873,2021,8,August,8,Morning Peak,Weekday
T20210017077,2021-08-05,17:50:00,1,Collision with vehicle,4,Thursday,130,REAR END(VEHICLES IN SAME LANE),3,778513,Not at intersection,3,60,Arterial Other,HOWITT,BAW BAW,-38.169117,145.93202,2021,8,August,17,Afternoon Peak,Weekday
T20210017178,2021-08-05,06:25:00,1,Collision with vehicle,4,Thursday,140,U TURN,3,690107,Not at intersection,2,60,Arterial Other,CANTERBURY,WHITEHORSE,-37.829685,145.13014,2021,8,August,6,Morning Peak,Weekday
T20210017056,2021-08-05,18:50:00,1,Collision with vehicle,4,Thursday,148,VEHICLE OFF FOOTPATH STRIKES VEH ON CARRIAGEWAY,3,129,T intersection,3,50,Arterial Other,NICHOLSON,YARRA,-37.80538,144.97362,2021,8,August,18,Afternoon Peak,Weekday
T20210017045,2021-08-06,05:45:00,4,Collision with a fixed object,5,Friday,173,RIGHT OFF CARRIAGEWAY INTO OBJECT/PARKED VEHICLE,5,689715,T intersection,2,100,Arterial Highway,WESTERN PORT,CASEY,-38.154224,145.22452,2021,8,August,5,Morning Peak,Weekday
T20210017047,2021-08-06,04:48:00,6,Vehicle overturned (no collision),5,Friday,170,OFF CARRIAGEWAY TO LEFT,3,696951,Not at intersection,3,40,Arterial Other,TOORAK,STONNINGTON,-37.841084,145.00888,2021,8,August,4,Late Night,Weekday
T20210017091,2021-08-06,16:45:00,1,Collision with vehicle,5,Friday,135,LANE CHANGE LEFT (NOT OVERTAKING),1,695323,Not at intersection,3,80,Freeway,CITYLINK,MELBOURNE,-37.80013,144.93675,2021,8,August,16,Afternoon Peak,Weekday
T20210017092,2021-08-06,17:00:00,1,Collision with vehicle,5,Friday,110,CROSS TRAFFIC(INTERSECTIONS ONLY),1,242088,Cross intersection,3,50,Local Road,FRANKLIN,LATROBE,-38.22083,146.41762,2021,8,August,17,Afternoon Peak,Weekday
T20210017094,2021-08-06,17:00:00,1,Collision with vehicle,5,Friday,110,CROSS TRAFFIC(INTERSECTIONS ONLY),1,40885,Cross intersection,3,50,Local Road,CHAPMAN,MORELAND,-37.705433,144.9115,2021,8,August,17,Afternoon Peak,Weekday
T20210017097,2021-08-06,15:12:00,1,Collision with vehicle,5,Friday,113,RIGHT NEAR (INTERSECTIONS ONLY),1,690195,T intersection,3,60,Local Road,HAMMOND,DANDENONG,-38.017284,145.205,2021,8,August,15,Afternoon Peak,Weekday
T20210019564,2021-08-06,19:00:00,1,Collision with vehicle,5,Friday,130,REAR END(VEHICLES IN SAME LANE),3,696740,Not at intersection,3,60,Arterial Highway,NUMURKAH ROAD SERVICE,SHEPPARTON,-36.352562,145.40201,2021,8,August,19,Night,Weekday
T20210017100,2021-08-06,18:22:00,1,Collision with vehicle,5,Friday,113,RIGHT NEAR (INTERSECTIONS ONLY),3,42874,T intersection,2,80,Arterial Highway,SPRINGVALE,DANDENONG,-37.971027,145.14848,2021,8,August,18,Afternoon Peak,Weekday
T20210017108,2021-08-06,19:45:00,1,Collision with vehicle,5,Friday,134,LANE CHANGE RIGHT (NOT OVERTAKING),3,41116,Cross intersection,3,60,Arterial Highway,BRIGHTON,PORT PHILLIP,-37.87625,144.99223,2021,8,August,19,Night,Weekday
T20210017110,2021-08-06,20:30:00,1,Collision with vehicle,5,Friday,160,VEHICLE COLLIDES WITH VEHICLE PARKED ON LEFT OF ROAD,3,690710,Not at intersection,2,50,Local Road,TYRRELL,MORELAND,-37.71315,144.97191,2021,8,August,20,Night,Weekday
T20210017111,2021-08-06,04:46:00,3,Struck animal,5,Friday,167,STRUCK ANIMAL,5,690625,Not at intersection,3,100,Arterial Other,TARWIN LOWER,SOUTH GIPPSLAND,-38.644142,145.94313,2021,8,August,4,Late Night,Weekday
T20210017118,2021-08-06,04:57:00,1,Collision with vehicle,5,Friday,160,VEHICLE COLLIDES WITH VEHICLE PARKED ON LEFT OF ROAD,3,691288,Not at intersection,3,50,Local Road,TREWHELLA,HEPBURN,-37.339714,144.14754,2021,8,August,4,Late Night,Weekday
T20210019306,2021-08-06,10:00:00,1,Collision with vehicle,5,Friday,113,RIGHT NEAR (INTERSECTIONS ONLY),1,41144,T intersection,3,60,Local Road,NEW,BAYSIDE,-37.91144,144.99182,2021,8,August,10,Midday,Weekday
T20210017087,2021-08-06,17:00:00,1,Collision with vehicle,5,Friday,135,LANE CHANGE LEFT (NOT OVERTAKING),9,699840,T intersection,3,60,Arterial Other,CANTERBURY,WHITEHORSE,-37.83115,145.14243,2021,8,August,17,Afternoon Peak,Weekday
T20210017075,2021-08-06,06:10:00,2,Struck Pedestrian,5,Friday,100,PED NEAR SIDE. PED HIT BY VEHICLE FROM THE RIGHT.,3,693878,Not at intersection,2,70,Arterial Other,MAHONEYS,HUME,-37.69005,144.96198,2021,8,August,6,Morning Peak,Weekday
T20210018678,2021-08-06,14:54:00,1,Collision with vehicle,5,Friday,113,RIGHT NEAR (INTERSECTIONS ONLY),1,60788,T intersection,3,70,Arterial Other,STURT,BALLARAT,-37.555195,143.81758,2021,8,August,14,Midday,Weekday