ACCIDENT_NO,ACCIDENT_DATE,ACCIDENT_TIME,ACCIDENT_TYPE,ACCIDENT_TYPE_DESC,DAY_OF_WEEK,DAY_WEEK_DESC,DCA_CODE,DCA_DESC,LIGHT_CONDITION,NODE_ID,ROAD_GEOMETRY_DESC,SEVERITY,SPEED_ZONE,RMA,ROAD_NAME,LGA_NAME,LATITUDE,LONGITUDE,YEAR,MONTH,MONTH_NAME,HOUR,TIME_PERIOD,DAY_TYPE
T20210020054,2021-08-14,08:10:00,3,Struck animal,6,Saturday,167,STRUCK ANIMAL,1,696985,Not at intersection,3,80,Arterial Other,MONBULK,YARRA RANGES,-37.840893,145.42563,2021,8,August,8,Morning Peak,Weekend
T20210017534,2021-08-14,11:00:00,1,Collision with vehicle,6,Saturday,130,REAR END(VEHICLES IN SAME LANE),1,1190,Cross intersection,2,60,Local Road,BARRABOOL,GEELONG,-38.16758,144.35065,2021,8,August,11,Midday,Weekend
T20210018670,2021-08-14,19:30:00,1,Collision with vehicle,6,Saturday,130,REAR END(VEHICLES IN SAME LANE),3,57342,Cross intersection,3,70,Arterial Other,SOMERTON,HUME,-37.64288,144.94672,2021,8,August,19,Night,Weekend
T20210017536,2021-08-14,11:00:00,1,Collision with vehicle,6,Saturday,140,U TURN,1,690746,Not at intersection,2,80,Arterial Highway,PRINCES,CASEY,-38.00197,145.23878,2021,8,August,11,Midday,Weekend
T20210017539,2021-08-14,08:15:00,1,Collision with vehicle,6,Saturday,116,LEFT NEAR (INTERSECTIONS ONLY),1,690474,T intersection,2,50,Arterial Other,SOUTH,BAYSIDE,-37.93096,145.01729,2021,8,August,8,Morning Peak,Weekend
T20210017540,2021-08-14,12:10:00,1,Collision with vehicle,6,Saturday,121,RIGHT THROUGH,1,326545,Not at intersection,2,60,Arterial Other,FLEMINGTON,MELBOURNE,-37.795067,144.94928,2021,8,August,12,Midday,Weekend
T20210017541,2021-08-14,11:25:00,1,Collision with vehicle,6,Saturday,130,REAR END(VEHICLES IN SAME LANE),1,690333,Not at intersection,3,50,Arterial Highway,NAPIER,CENTRAL GOLDFIELDS,-37.047333,143.7406,2021,8,August,11,Midday,Weekend
T20210017542,2021-08-14,11:10:00,8,No collision and no object struck,6,Saturday,174,OUT OF CONTROL ON CARRIAGEWAY (ON STRAIGHT),1,694324,Not at intersection,3,100,Local Road,MANSION,INDIGO,-36.356537,146.72874,2021,8,August,11,Midday,Weekend
T20210017557,2021-08-14,17:45:00,4,Collision with a fixed object,6,Saturday,171,LEFT OFF CARRIAGEWAY INTO OBJECT/PARKED VEHICLE,2,690713,Not at intersection,2,80,Arterial Other,STUD,KNOX,-37.86174,145.23909,2021,8,August,17,Afternoon Peak,Weekend
T20210017543,2021-08-14,11:45:00,4,Collision with a fixed object,6,Saturday,171,LEFT OFF CARRIAGEWAY INTO OBJECT/PARKED VEHICLE,1,691722,Not at intersection,2,50,Local Road,DUNDAS,GOLDEN PLAINS,-38.10004,144.0581,2021,8,August,11,Midday,Weekend
T20210017552,2021-08-14,15:18:00,1,Collision with vehicle,6,Saturday,121,RIGHT THROUGH,1,41353,Cross intersection,3,60,Arterial Other,BOORAN ROAD -NEERIM,GLEN EIRA,-37.886284,145.03816,2021,8,August,15,Afternoon Peak,Weekend
T20210017553,2021-08-14,15:08:00,8,No collision and no object struck,6,Saturday,174,OUT OF CONTROL ON CARRIAGEWAY (ON STRAIGHT),1,690475,Not at intersection,2,70,Arterial Other,KINGS,BRIMBANK,-37.719036,144.7812,2021,8,August,15,Afternoon Peak,Weekend
T20210017666,2021-08-14,13:00:00,4,Collision with a fixed object,6,Saturday,181,OFF RIGHT BEND INTO OBJECT/PARKED VEHICLE,1,690498,Not at intersection,2,60,Arterial Other,TURTONS,COLAC OTWAY,-38.63938,143.65227,2021,8,August,13,Midday,Weekend
T20210017972,2021-08-15,12:20:00,1,Collision with vehicle,7,Sunday,163,VEHICLE STRIKES DOOR OF PARKED/STATIONARY VEHICLE,1,692848,Not at intersection,2,60,Arterial Other,NICHOLSON,MELBOURNE,-37.79926,144.97466,2021,8,August,12,Midday,Weekend
T20210017581,2021-08-15,05:00:00,4,Collision with a fixed object,7,Sunday,171,LEFT OFF CARRIAGEWAY INTO OBJECT/PARKED VEHICLE,5,694717,Not at intersection,3,100,Arterial Highway,MANSFIELD,BENALLA,-36.611946,145.96338,2021,8,August,5,Morning Peak,Weekend
T20210017583,2021-08-15,03:40:00,4,Collision with a fixed object,7,Sunday,171,LEFT OFF CARRIAGEWAY INTO OBJECT/PARKED VEHICLE,3,714689,T intersection,2,50,Arterial Other,BALLARAT,MARIBYRNONG,-37.789787,144.88602,2021,8,August,3,Late Night,Weekend
T20210017797,2021-08-15,21:45:00,1,Collision with vehicle,7,Sunday,160,VEHICLE COLLIDES WITH VEHICLE PARKED ON LEFT OF ROAD,3,709313,Not at intersection,3,60,Local Road,CORIO,GEELONG,-38.179092,144.3455,2021,8,August,21,Night,Weekend
T20210017609,2021-08-15,15:20:00,2,Struck Pedestrian,7,Sunday,100,PED NEAR SIDE. PED HIT BY VEHICLE FROM THE RIGHT.,1,694104,Not at intersection,3,50,Local Road,GLENROY,MORELAND,-37.706696,144.93187,2021,8,August,15,Afternoon Peak,Weekend
T20210017595,2021-08-15,10:00:00,1,Collision with vehicle,7,Sunday,110,CROSS TRAFFIC(INTERSECTIONS ONLY),1,37563,Cross intersection,2,40,Arterial Other,CLARENDON,PORT PHILLIP,-37.837406,144.9626,2021,8,August,10,Midday,Weekend
T20210017776,2021-08-15,13:30:00,8,No collision and no object struck,7,Sunday,184,OUT OF CONTROL ON CARRIAGEWAY (ON BEND),1,690654,Not at intersection,3,100,Local Road,ALLARDYCE,SURF COAST,-38.366062,144.15628,2021,8,August,13,Midday,Weekend
T20210017607,2021-08-15,13:45:00,1,Collision with vehicle,7,Sunday,130,REAR END(VEHICLES IN SAME LANE),1,690747,Not at intersection,3,70,Arterial Other,YAN YEAN,NILLUMBIK,-37.637466,145.13263,2021,8,August,13,Midday,Weekend
T20210017606,2021-08-15,11:42:00,4,Collision with a fixed object,7,Sunday,181,OFF RIGHT BEND INTO OBJECT/PARKED VEHICLE,1,692814,Not at intersection,3,100,Local Road,SYDENHAM INLET,EAST GIPPSLAND,-37.73175,148.93831,2021,8,August,11,Midday,Weekend
T20210017632,2021-08-15,23:08:00,6,Vehicle overturned (no collision),7,Sunday,184,OUT OF CONTROL ON CARRIAGEWAY (ON BEND),5,694715,Not at intersection,3,60,Arterial Other,RESEARCH-WARRANDYTE,NILLUMBIK,-37.710266,145.188,2021,8,August,23,Night,Weekend
T20210017613,2021-08-15,16:00:00,4,Collision with a fixed object,7,Sunday,173,RIGHT OFF CARRIAGEWAY INTO OBJECT/PARKED VEHICLE,1,730838,Not at intersection,3,100,Arterial Other,LAVERS HILL-COBDEN,CORANGAMITE,-38.410767,143.16425,2021,8,August,16,Afternoon Peak,Weekend
T20210018070,2021-08-15,09:00:00,5,collision with some other object,7,Sunday,166,STRUCK OBJECT ON CARRIAGEWAY,1,692234,Not at intersection,3,60,Local Road,SYLVIA CREEK,MURRINDINDI,-37.511604,145.51184,2021,8,August,9,Morning Peak,Weekend
T20210017602,2021-08-15,13:08:00,1,Collision with vehicle,7,Sunday,147,VEHICLE STRIKES ANOTHER VEH WHILE EMERGING FROM DRIVEWAY,1,690477,Not at intersection,2,60,Local Road,KARS,FRANKSTON,-38.15171,145.11926,2021,8,August,13,Midday,Weekend
T20210017605,2021-08-15,10:00:00,1,Collision with vehicle,7,Sunday,110,CROSS TRAFFIC(INTERSECTIONS ONLY),1,227305,Cross intersection,2,80,Arterial Other,BALLARTO,CASEY,-38.140427,145.3797,2021,8,August,10,Midday,Weekend
T20210017621,2021-08-15,14:44:00,1,Collision with vehicle,7,Sunday,121,RIGHT THROUGH,1,29543,Cross intersection,3,60,Arterial Other,RIVERSDALE,BOROONDARA,-37.82874,145.03421,2021,8,August,14,Midday,Weekend
T20210017622,2021-08-15,19:11:00,1,Collision with vehicle,7,Sunday,110,CROSS TRAFFIC(INTERSECTIONS ONLY),3,36863,Cross intersection,2,60,Arterial Highway,HIGH,ARARAT,-37.283627,142.94211,2021,8,August,19,Night,Weekend
T20210017624,2021-08-15,21:25:00,1,Collision with vehicle,7,Sunday,121,RIGHT THROUGH,3,40197,T intersection,2,50,Local Road,ALMA,PORT PHILLIP,-37.86346,145.00752,2021,8,August,21,Night,Weekend
T20210017718,2021-08-15,15:55:00,1,Collision with vehicle,7,Sunday,130,REAR END(VEHICLES IN SAME LANE),1,690652,Not at intersection,3,40,Arterial Other,CARLISLE,PORT PHILLIP,-37.868206,144.98909,2021,8,August,15,Afternoon Peak,Weekend
T20210017616,2021-08-15,15:41:00,1,Collision with vehicle,7,Sunday,121,RIGHT THROUGH,1,278624,Cross intersection,3,50,Local Road,EDGARS,WHITTLESEA,-37.620754,145.00523,2021,8,August,15,Afternoon Peak,Weekend
T20210017626,2021-08-15,14:00:00,1,Collision with vehicle,7,Sunday,152,PULLING OUT (OVERTAKING),1,47156,T intersection,2,80,Arterial Other,DUNCANS,WYNDHAM,-37.92709,144.70406,2021,8,August,14,Midday,Weekend
T20210020259,2021-08-15,14:15:00,1,Collision with vehicle,7,Sunday,110,CROSS TRAFFIC(INTERSECTIONS ONLY),1,37460,Cross intersection,2,60,Arterial Other,MONTAGUE,PORT PHILLIP,-37.830982,144.95038,2021,8,August,14,Midday,Weekend
T20210017631,2021-08-15,21:19:00,4,Collision with a fixed object,7,Sunday,171,LEFT OFF CARRIAGEWAY INTO OBJECT/PARKED VEHICLE,3,694219,Not at intersection,3,50,Local Road,ALLISTER,KNOX,-37.88624,145.2445,2021,8,August,21,Night,Weekend
T20210017610,2021-08-15,15:35:00,3,Struck animal,7,Sunday,167,STRUCK ANIMAL,1,690495,Not at intersection,2,100,Arterial Other,STRATHFIELDSAYE,BENDIGO,-36.837795,144.4782,2021,8,August,15,Afternoon Peak,Weekend
T20210017668,2021-08-15,21:35:00,3,Struck animal,7,Sunday,167,STRUCK ANIMAL,5,730843,Not at intersection,3,100,Local Road,ARCADIA TWO CHAIN,STRATHBOGIE,-36.68453,145.4947,2021,8,August,21,Night,Weekend
T20210017623,2021-08-15,18:17:00,4,Collision with a fixed object,7,Sunday,173,RIGHT OFF CARRIAGEWAY INTO OBJECT/PARKED VEHICLE,3,694518,Not at intersection,2,80,Arterial Highway,PRINCES,GEELONG,-38.07281,144.37221,2021,8,August,18,Afternoon Peak,Weekend
T20210017590,2021-08-15,09:45:00,1,Collision with vehicle,7,Sunday,169,OTHER ON PATH,1,690395,Not at intersection,3,50,Local Road,NEWTON,DAREBIN,-37.73151,145.02579,2021,8,August,9,Morning Peak,Weekend
T20210017627,2021-08-15,18:40:00,1,Collision with vehicle,7,Sunday,121,RIGHT THROUGH,3,730839,T intersection,3,60,Arterial Other,MADDEN GROVE -SWAN,YARRA,-37.8273,145.01717,2021,8,August,18,Afternoon Peak,Weekend
T20210017614,2021-08-15,11:37:00,4,Collision with a fixed object,7,Sunday,183,OFF LEFT BEND INTO OBJECT/PARKED VEHICLE,1,690414,Not at intersection,1,80,Arterial Highway,BURWOOD,KNOX,-37.89168,145.30286,2021,8,August,11,Midday,Weekend
T20210017597,2021-08-15,08:49:00,6,Vehicle overturned (no collision),7,Sunday,172,OFF CARRIAGEWAY TO RIGHT,1,691260,Not at intersection,2,100,Arterial Other,WHITTLESEA-YEA,MURRINDINDI,-37.33181,145.3349,2021,8,August,8,Morning Peak,Weekend
T20210017625,2021-08-15,20:30:00,4,Collision with a fixed object,7,Sunday,173,RIGHT OFF CARRIAGEWAY INTO OBJECT/PARKED VEHICLE,5,696011,T intersection,3,80,Arterial Other,HUME,HUME,-37.626564,144.9485,2021,8,August,20,Night,Weekend
T20210017663,2021-08-15,15:40:00,1,Collision with vehicle,7,Sunday,130,REAR END(VEHICLES IN SAME LANE),1,730842,Not at intersection,3,60,Local Road,BENT,BANYULE,-37.697968,145.05946,2021,8,August,15,Afternoon Peak,Weekend
T20210017612,2021-08-15,16:30:00,2,Struck Pedestrian,7,Sunday,100,PED NEAR SIDE. PED HIT BY VEHICLE FROM THE RIGHT.,1,42256,T intersection,3,40,Arterial Other,CENTRE,GLEN EIRA,-37.921555,145.06216,2021,8,August,16,Afternoon Peak,Weekend
T20210017628,2021-08-15,17:00:00,2,Struck Pedestrian,7,Sunday,109,ANY MANOEUVRE INVOLVING PED NOT INCLUDED IN DCAs 100-108.,1,691316,Not at intersection,1,80,Arterial Highway,NEPEAN HIGHWAY SERVICE,KINGSTON,-37.984646,145.07693,2021,8,August,17,Afternoon Peak,Weekend
T20210017787,2021-08-16,12:30:00,1,Collision with vehicle,1,Monday,142,LEAVING PARKING,1,690656,Not at intersection,2,40,Local Road,LONSDALE,DANDENONG,-37.990623,145.21458,2021,8,August,12,Midday,Weekday
T20210017680,2021-08-16,16:50:00,4,Collision with a fixed object,1,Monday,181,OFF RIGHT BEND INTO OBJECT/PARKED VEHICLE,1,730844,Not at intersection,2,40,Local Road,STONEY CREEK,CARDINIA,-37.99446,145.41428,2021,8,August,16,Afternoon Peak,Weekday
T20210017636,2021-08-16,04:00:00,1,Collision with vehicle,1,Monday,120,HEAD ON (NOT OVERTAKING),3,762486,Not at intersection,2,60,Arterial Other,MT ALEXANDER,MOONEE VALLEY,-37.76726,144.92488,2021,8,August,4,Late Night,Weekday
T20210017726,2021-08-16,13:15:00,4,Collision with a fixed object,1,Monday,181,OFF RIGHT BEND INTO OBJECT/PARKED VEHICLE,1,693277,Not at intersection,3,100,Freeway,FRANKSTON,FRANKSTON,-38.12893,145.13348,2021,8,August,13,Midday,Weekday
T20210017763,2021-08-16,14:30:00,4,Collision with a fixed object,1,Monday,173,RIGHT OFF CARRIAGEWAY INTO OBJECT/PARKED VEHICLE,1,781160,Not at intersection,3,100,Local Road,MIZPAH SETTLEMENT,BAW BAW,-38.061424,146.02843,2021,8,August,14,Midday,Weekday
T20210017674,2021-08-16,15:40:00,4,Collision with a fixed object,1,Monday,173,RIGHT OFF CARRIAGEWAY INTO OBJECT/PARKED VEHICLE,1,690569,Not at intersection,3,50,Local Road,HAUGHTON,MONASH,-37.91867,145.11215,2021,8,August,15,Afternoon Peak,Weekday
T20210017673,2021-08-16,09:00:00,5,collision with some other object,1,Monday,179,OTHER ACCIDENTS-OFF STRAIGHT NOT INCLUDED IN DCAs 170-175,1,690649,Not at intersection,2,60,Local Road,OBRIENS,GEELONG,-38.0554,144.37863,2021,8,August,9,Morning Peak,Weekday
T20210017672,2021-08-16,13:58:00,4,Collision with a fixed object,1,Monday,173,RIGHT OFF CARRIAGEWAY INTO OBJECT/PARKED VEHICLE,1,690627,Not at intersection,3,100,Local Road,BAMAWM,CAMPASPE,-36.255745,144.61711,2021,8,August,13,Midday,Weekday
T20210017946,2021-08-16,12:54:00,1,Collision with vehicle,1,Monday,130,REAR END(VEHICLES IN SAME LANE),1,691000,Not at intersection,3,60,Arterial Highway,GEELONG,BRIMBANK,-37.822296,144.82951,2021,8,August,12,Midday,Weekday
T20210017817,2021-08-16,13:25:00,4,Collision with a fixed object,1,Monday,181,OFF RIGHT BEND INTO OBJECT/PARKED VEHICLE,1,691687,Multiple intersection,3,80,Freeway,CARDINIA ROAD -CARDINIA-PRINCES OUT,CARDINIA,-38.077515,145.43477,2021,8,August,13,Midday,Weekday
T20210017665,2021-08-16,07:30:00,1,Collision with vehicle,1,Monday,135,LANE CHANGE LEFT (NOT OVERTAKING),1,296663,Not at intersection,3,60,Arterial Highway,BULLEEN,MANNINGHAM,-37.762848,145.08311,2021,8,August,7,Morning Peak,Weekday
T20210017659,2021-08-16,09:38:00,4,Collision with a fixed object,1,Monday,171,LEFT OFF CARRIAGEWAY INTO OBJECT/PARKED VEHICLE,1,730841,Not at intersection,2,80,Local Road,MOUNT COTTRELL,WYNDHAM,-37.801506,144.60358,2021,8,August,9,Morning Peak,Weekday
T20210017683,2021-08-16,16:20:00,2,Struck Pedestrian,1,Monday,109,ANY MANOEUVRE INVOLVING PED NOT INCLUDED IN DCAs 100-108.,1,690570,Not at intersection,3,40,Local Road,VAUGHAN,MELBOURNE,-37.79595,144.94006,2021,8,August,16,Afternoon Peak,Weekday
T20210017649,2021-08-16,09:15:00,1,Collision with vehicle,1,Monday,110,CROSS TRAFFIC(INTERSECTIONS ONLY),1,342491,Multiple intersection,3,50,Freeway,LITHGOW,MITCHELL,-37.47378,144.97458,2021,8,August,9,Morning Peak,Weekday
T20210017646,2021-08-16,07:40:00,1,Collision with vehicle,1,Monday,121,RIGHT THROUGH,1,72871,T intersection,3,60,Local Road,GHAZEEPORE,GEELONG,-38.21713,144.30081,2021,8,August,7,Morning Peak,Weekday
T20210017644,2021-08-16,06:30:00,1,Collision with vehicle,1,Monday,120,HEAD ON (NOT OVERTAKING),2,697110,Not at intersection,2,100,Arterial Other,MORWELL-YALLOURN,LATROBE,-38.1969,146.32616,2021,8,August,6,Morning Peak,Weekday
T20210017682,2021-08-16,15:34:00,1,Collision with vehicle,1,Monday,130,REAR END(VEHICLES IN SAME LANE),1,692588,Not at intersection,2,80,Freeway,CITYLINK,YARRA,-37.829514,144.98833,2021,8,August,15,Afternoon Peak,Weekday
T20210017679,2021-08-16,18:05:00,1,Collision with vehicle,1,Monday,110,CROSS TRAFFIC(INTERSECTIONS ONLY),3,44592,Cross intersection,3,60,Arterial Highway,SKIPTON,BALLARAT,-37.575634,143.84473,2021,8,August,18,Afternoon Peak,Weekday
T20210017764,2021-08-17,21:33:00,2,Struck Pedestrian,2,Tuesday,109,ANY MANOEUVRE INVOLVING PED NOT INCLUDED IN DCAs 100-108.,3,708839,Not at intersection,3,50,Local Road,BEVERIDGE,SWAN HILL,-35.33475,143.55685,2021,8,August,21,Night,Weekday
T20210018796,2021-08-17,20:30:00,8,No collision and no object struck,2,Tuesday,174,OUT OF CONTROL ON CARRIAGEWAY (ON STRAIGHT),6,692242,Cross intersection,3,60,Arterial Other,VICTORIA,MELBOURNE,-37.808125,144.97324,2021,8,August,20,Night,Weekday
T20210018089,2021-08-17,20:30:00,2,Struck Pedestrian,2,Tuesday,103,PED PLAYING/LYING/WORKING/STANDING ON CARRIAGEWAY.,6,783127,Not at intersection,2,30,Local Road,BONNYVALE,GEELONG,-38.269905,144.54886,2021,8,August,20,Night,Weekday
T20210022964,2021-08-17,16:30:00,1,Collision with vehicle,2,Tuesday,121,RIGHT THROUGH,1,37492,Cross intersection,3,60,Arterial Other,FERRARS,PORT PHILLIP,-37.83443,144.95563,2021,8,August,16,Afternoon Peak,Weekday
T20210017892,2021-08-17,06:20:00,3,Struck animal,2,Tuesday,167,STRUCK ANIMAL,5,693633,Not at intersection,3,100,Arterial Highway,HOPKINS,MOYNE,-38.280758,142.60843,2021,8,August,6,Morning Peak,Weekday
T20210017692,2021-08-17,06:10:00,1,Collision with vehicle,2,Tuesday,130,REAR END(VEHICLES IN SAME LANE),3,692888,Not at intersection,2,100,Freeway,WESTERN RING,BRIMBANK,-37.738728,144.85065,2021,8,August,6,Morning Peak,Weekday
T20210017698,2021-08-17,05:12:00,4,Collision with a fixed object,2,Tuesday,173,RIGHT OFF CARRIAGEWAY INTO OBJECT/PARKED VEHICLE,3,129724,Not at intersection,1,80,Freeway,WEST GATE,HOBSONS BAY,-37.825752,144.83311,2021,8,August,5,Morning Peak,Weekday
T20210017700,2021-08-17,09:07:00,4,Collision with a fixed object,2,Tuesday,183,OFF LEFT BEND INTO OBJECT/PARKED VEHICLE,1,690629,Not at intersection,2,60,Arterial Other,HEIDELBERG-KINGLAKE,NILLUMBIK,-37.60425,145.26164,2021,8,August,9,Morning Peak,Weekday
T20210017703,2021-08-17,08:22:00,1,Collision with vehicle,2,Tuesday,130,REAR END(VEHICLES IN SAME LANE),1,730845,Not at intersection,3,40,Local Road,GLEN HUNTLY,GLEN EIRA,-37.88527,145.00853,2021,8,August,8,Morning Peak,Weekday
T20210017706,2021-08-17,06:52:00,1,Collision with vehicle,2,Tuesday,150,HEAD ON(OVERTAKING),1,730846,Not at intersection,3,60,Arterial Other,HOPKINS,MELTON,-37.783237,144.69926,2021,8,August,6,Morning Peak,Weekday
T20210017710,2021-08-17,10:30:00,1,Collision with vehicle,2,Tuesday,134,LANE CHANGE RIGHT (NOT OVERTAKING),1,693578,Not at intersection,2,60,Arterial Other,POLICE,DANDENONG,-37.933693,145.1611,2021,8,August,10,Midday,Weekday
T20210017712,2021-08-17,11:50:00,1,Collision with vehicle,2,Tuesday,111,RIGHT FAR (INTERSECTIONS ONLY),1,37281,T intersection,2,60,Local Road,TARNEIT,WYNDHAM,-37.88107,144.66351,2021,8,August,11,Midday,Weekday
T20210017722,2021-08-17,12:40:00,4,Collision with a fixed object,2,Tuesday,173,RIGHT OFF CARRIAGEWAY INTO OBJECT/PARKED VEHICLE,1,781166,Not at intersection,3,70,Arterial Highway,DANDENONG,STONNINGTON,-37.878033,145.04756,2021,8,August,12,Midday,Weekday
T20210017724,2021-08-17,12:00:00,4,Collision with a fixed object,2,Tuesday,181,OFF RIGHT BEND INTO OBJECT/PARKED VEHICLE,1,695282,Not at intersection,2,80,Local Road,BECKS BRIDGE,LATROBE,-38.14688,146.28996,2021,8,August,12,Midday,Weekday
T20210017725,2021-08-17,09:30:00,1,Collision with vehicle,2,Tuesday,121,RIGHT THROUGH,1,239030,T intersection,2,70,Arterial Highway,SURF COAST,GEELONG,-38.19699,144.34201,2021,8,August,9,Morning Peak,Weekday
T20210017729,2021-08-17,15:45:00,1,Collision with vehicle,2,Tuesday,110,CROSS TRAFFIC(INTERSECTIONS ONLY),1,52004,Cross intersection,2,50,Arterial Other,POWERSCOURT,WELLINGTON,-37.9597,146.9863,2021,8,August,15,Afternoon Peak,Weekday
T20210018213,2021-08-17,19:40:00,1,Collision with vehicle,2,Tuesday,110,CROSS TRAFFIC(INTERSECTIONS ONLY),3,35357,Cross intersection,3,40,Local Road,FLINDERS,MELBOURNE,-37.81791,144.96202,2021,8,August,19,Night,Weekday
T20210017889,2021-08-17,16:00:00,1,Collision with vehicle,2,Tuesday,148,VEHICLE OFF FOOTPATH STRIKES VEH ON CARRIAGEWAY,1,693798,Not at intersection,3,40,Arterial Other,MAIN,NILLUMBIK,-37.713726,145.14862,2021,8,August,16,Afternoon Peak,Weekday
T20210017883,2021-08-17,15:30:00,1,Collision with vehicle,2,Tuesday,130,REAR END(VEHICLES IN SAME LANE),1,63023,T intersection,3,60,Local Road,HOOPER,MANNINGHAM,-37.738823,145.25671,2021,8,August,15,Afternoon Peak,Weekday
T20210017735,2021-08-17,16:30:00,1,Collision with vehicle,2,Tuesday,135,LANE CHANGE LEFT (NOT OVERTAKING),1,690653,Not at intersection,3,80,Freeway,METROPOLITAN RING,WHITTLESEA,-37.688183,144.99562,2021,8,August,16,Afternoon Peak,Weekday
T20210017743,2021-08-17,19:47:00,1,Collision with vehicle,2,Tuesday,162,ACCIDENT OR BROKEN DOWN,5,692274,Not at intersection,2,100,Freeway,EASTERN,WHITEHORSE,-37.803223,145.16885,2021,8,August,19,Night,Weekday
T20210017749,2021-08-17,22:40:00,3,Struck animal,2,Tuesday,167,STRUCK ANIMAL,5,730848,Not at intersection,3,100,Arterial Highway,GREAT ALPINE,WANGARATTA,-36.3545,146.34558,2021,8,August,22,Night,Weekday
T20210017753,2021-08-17,15:00:00,1,Collision with vehicle,2,Tuesday,110,CROSS TRAFFIC(INTERSECTIONS ONLY),1,40712,Cross intersection,3,80,Arterial Other,MIDDLEBOROUGH,WHITEHORSE,-37.845837,145.13348,2021,8,August,15,Afternoon Peak,Weekday
T20210017755,2021-08-17,18:00:00,4,Collision with a fixed object,2,Tuesday,183,OFF LEFT BEND INTO OBJECT/PARKED VEHICLE,5,692765,Not at intersection,3,100,Local Road,CONNLEYS,EAST GIPPSLAND,-37.075417,147.59248,2021,8,August,18,Afternoon Peak,Weekday
T20210017800,2021-08-18,15:34:00,1,Collision with vehicle,3,Wednesday,130,REAR END(VEHICLES IN SAME LANE),1,693797,Not at intersection,3,60,Local Road,THOMAS MITCHELL,WODONGA,-36.132347,146.90065,2021,8,August,15,Afternoon Peak,Weekday
T20210017767,2021-08-18,06:40:00,1,Collision with vehicle,3,Wednesday,110,CROSS TRAFFIC(INTERSECTIONS ONLY),1,289107,Multiple intersection,2,60,Freeway,LEAKES,MELTON,-37.725754,144.65128,2021,8,August,6,Morning Peak,Weekday
T20210017766,2021-08-18,08:27:00,2,Struck Pedestrian,3,Wednesday,100,PED NEAR SIDE. PED HIT BY VEHICLE FROM THE RIGHT.,1,691033,Not at intersection,2,50,Local Road,STATION,MOORABOOL,-37.68735,144.43794,2021,8,August,8,Morning Peak,Weekday
T20210017762,2021-08-18,06:35:00,4,Collision with a fixed object,3,Wednesday,171,LEFT OFF CARRIAGEWAY INTO OBJECT/PARKED VEHICLE,2,698304,Not at intersection,3,80,Arterial Other,CRANBOURNE-FRANKSTON,CASEY,-38.123337,145.24954,2021,8,August,6,Morning Peak,Weekday
T20210020332,2021-08-18,06:30:00,1,Collision with vehicle,3,Wednesday,130,REAR END(VEHICLES IN SAME LANE),2,695735,Not at intersection,3,60,Freeway,MONASH IN-POLICE,DANDENONG,-37.93876,145.1961,2021,8,August,6,Morning Peak,Weekday
T20210017815,2021-08-18,18:40:00,4,Collision with a fixed object,3,Wednesday,173,RIGHT OFF CARRIAGEWAY INTO OBJECT/PARKED VEHICLE,3,690753,Not at intersection,2,50,Local Road,TENTERFIELD,MELTON,-37.73447,144.75908,2021,8,August,18,Afternoon Peak,Weekday
T20210017795,2021-08-18,11:00:00,2,Struck Pedestrian,3,Wednesday,100,PED NEAR SIDE. PED HIT BY VEHICLE FROM THE RIGHT.,1,41339,Cross intersection,1,60,Arterial Highway,NORTH,GLEN EIRA,-37.90324,145.0349,2021,8,August,11,Midday,Weekday
T20210017814,2021-08-18,19:25:00,1,Collision with vehicle,3,Wednesday,110,CROSS TRAFFIC(INTERSECTIONS ONLY),3,691123,Cross intersection,2,60,Arterial Highway,RAGLAN,WARRNAMBOOL,-38.376442,142.47995,2021,8,August,19,Night,Weekday
T20210017809,2021-08-18,17:10:00,1,Collision with vehicle,3,Wednesday,110,CROSS TRAFFIC(INTERSECTIONS ONLY),1,730852,Cross intersection,3,50,Local Road,STEVEDORE,HOBSONS BAY,-37.85681,144.89693,2021,8,August,17,Afternoon Peak,Weekday
T20210017807,2021-08-18,18:35:00,1,Collision with vehicle,3,Wednesday,121,RIGHT THROUGH,3,321157,Cross intersection,2,70,Arterial Other,BALLARAT,BRIMBANK,-37.777145,144.8287,2021,8,August,18,Afternoon Peak,Weekday
T20210017832,2021-08-18,06:00:00,1,Collision with vehicle,3,Wednesday,130,REAR END(VEHICLES IN SAME LANE),9,691203,Not at intersection,2,70,Arterial Other,YAN YEAN,NILLUMBIK,-37.636288,145.13283,2021,8,August,6,Morning Peak,Weekday
T20210017791,2021-08-18,15:05:00,1,Collision with vehicle,3,Wednesday,121,RIGHT THROUGH,1,53506,T intersection,2,60,Arterial Other,SETTLEMENT,WHITTLESEA,-37.68987,145.02846,2021,8,August,15,Afternoon Peak,Weekday
T20210019295,2021-08-18,06:20:00,1,Collision with vehicle,3,Wednesday,110,CROSS TRAFFIC(INTERSECTIONS ONLY),2,22502,Cross intersection,2,80,Arterial Other,LEARMONTH,BALLARAT,-37.524853,143.80957,2021,8,August,6,Morning Peak,Weekday
T20210017806,2021-08-18,15:25:00,2,Struck Pedestrian,3,Wednesday,100,PED NEAR SIDE. PED HIT BY VEHICLE FROM THE RIGHT.,1,691034,T intersection,3,50,Local Road,WATSON,MITCHELL,-37.41574,144.97356,2021,8,August,15,Afternoon Peak,Weekday
T20210017951,2021-08-18,16:36:00,1,Collision with vehicle,3,Wednesday,130,REAR END(VEHICLES IN SAME LANE),1,690942,Not at intersection,3,80,Arterial Highway,DANDENONG,MONASH,-37.89422,145.09422,2021,8,August,16,Afternoon Peak,Weekday