ACCIDENT_NO,ACCIDENT_DATE,ACCIDENT_TIME,ACCIDENT_TYPE,ACCIDENT_TYPE_DESC,DAY_OF_WEEK,DAY_WEEK_DESC,DCA_CODE,DCA_DESC,LIGHT_CONDITION,NODE_ID,ROAD_GEOMETRY_DESC,SEVERITY,SPEED_ZONE,RMA,ROAD_NAME,LGA_NAME,LATITUDE,LONGITUDE,YEAR,MONTH,MONTH_NAME,HOUR,TIME_PERIOD,DAY_TYPE
T20210017781,2021-08-18,12:30:00,4,Collision with a fixed object,3,Wednesday,171,LEFT OFF CARRIAGEWAY INTO OBJECT/PARKED VEHICLE,1,693178,Not at intersection,2,100,Arterial Other,KILMORE,MACEDON RANGES,-37.41855,144.74222,2021,8,August,12,Midday,Weekday
T20210017775,2021-08-18,11:50:00,8,No collision and no object struck,3,Wednesday,174,OUT OF CONTROL ON CARRIAGEWAY (ON STRAIGHT),1,690927,T intersection,2,50,Local Road,SHAKESPEARE,SOUTHERN GRAMPIANS,-37.738003,142.02304,2021,8,August,11,Midday,Weekday
T20210017798,2021-08-18,17:20:00,1,Collision with vehicle,3,Wednesday,121,RIGHT THROUGH,2,691621,T intersection,3,70,Arterial Other,BANNOCKBURN-SHELFORD,GOLDEN PLAINS,-38.024654,144.03853,2021,8,August,17,Afternoon Peak,Weekday
T20210017802,2021-08-18,14:56:00,1,Collision with vehicle,3,Wednesday,111,RIGHT FAR (INTERSECTIONS ONLY),1,690752,T intersection,2,70,Arterial Other,MAWBY,GLEN EIRA,-37.92981,145.05745,2021,8,August,14,Midday,Weekday
T20210017774,2021-08-18,09:00:00,1,Collision with vehicle,3,Wednesday,149,OTHER MANOEUVRING NOT INCLUDED IN DCAs 140-148,1,691005,Not at intersection,3,50,Arterial Highway,HANSON,TOWONG,-36.196163,147.90363,2021,8,August,9,Morning Peak,Weekday
T20210017770,2021-08-18,10:25:00,1,Collision with vehicle,3,Wednesday,113,RIGHT NEAR (INTERSECTIONS ONLY),1,38394,T intersection,3,60,Local Road,REYNOLDS,MANNINGHAM,-37.7671,145.19933,2021,8,August,10,Midday,Weekday
T20210018001,2021-08-18,20:50:00,4,Collision with a fixed object,3,Wednesday,173,RIGHT OFF CARRIAGEWAY INTO OBJECT/PARKED VEHICLE,5,247850,T intersection,3,60,Local Road,ARMYTAGE,CARDINIA,-38.043503,145.40309,2021,8,August,20,Night,Weekday
T20210018175,2021-08-18,12:45:00,6,Vehicle overturned (no collision),3,Wednesday,174,OUT OF CONTROL ON CARRIAGEWAY (ON STRAIGHT),1,692136,Not at intersection,3,50,Local Road,HAZEL,MILDURA,-34.315655,142.21234,2021,8,August,12,Midday,Weekday
T20210017803,2021-08-18,14:02:00,6,Vehicle overturned (no collision),3,Wednesday,184,OUT OF CONTROL ON CARRIAGEWAY (ON BEND),1,691178,Cross intersection,2,40,Local Road,CHETWYND,MELBOURNE,-37.801323,144.95282,2021,8,August,14,Midday,Weekday
T20210017864,2021-08-19,16:00:00,1,Collision with vehicle,4,Thursday,136,RIGHT TURN SIDESWIPE,1,691205,T intersection,3,60,Arterial Other,FLETCHER,FRANKSTON,-38.1394,145.12576,2021,8,August,16,Afternoon Peak,Weekday
T20210017855,2021-08-19,17:15:00,1,Collision with vehicle,4,Thursday,110,CROSS TRAFFIC(INTERSECTIONS ONLY),1,56284,Cross intersection,3,100,Local Road,NEWBRIDGE,LODDON,-36.786465,144.05374,2021,8,August,17,Afternoon Peak,Weekday
T20210017858,2021-08-19,09:00:00,1,Collision with vehicle,4,Thursday,131,LEFT REAR,1,690758,T intersection,3,60,Arterial Highway,TOORAK,BOROONDARA,-37.844894,145.04082,2021,8,August,9,Morning Peak,Weekday
T20210017838,2021-08-19,13:29:00,1,Collision with vehicle,4,Thursday,130,REAR END(VEHICLES IN SAME LANE),1,690757,T intersection,3,60,Arterial Other,BELMORE,BOROONDARA,-37.80449,145.09073,2021,8,August,13,Midday,Weekday
T20210017839,2021-08-19,06:40:00,1,Collision with vehicle,4,Thursday,147,VEHICLE STRIKES ANOTHER VEH WHILE EMERGING FROM DRIVEWAY,2,730853,Not at intersection,2,60,Arterial Other,HEATHERTON,DANDENONG,-37.961407,145.14412,2021,8,August,6,Morning Peak,Weekday
T20210017840,2021-08-19,11:36:00,1,Collision with vehicle,4,Thursday,135,LANE CHANGE LEFT (NOT OVERTAKING),1,690940,T intersection,3,60,Arterial Highway,ROSANNA,BANYULE,-37.750324,145.07076,2021,8,August,11,Midday,Weekday
T20210018139,2021-08-19,12:00:00,1,Collision with vehicle,4,Thursday,130,REAR END(VEHICLES IN SAME LANE),1,51602,T intersection,3,80,Arterial Highway,MARONG,BENDIGO,-36.756454,144.26236,2021,8,August,12,Midday,Weekday
T20210017859,2021-08-19,17:36:00,1,Collision with vehicle,4,Thursday,169,OTHER ON PATH,1,695906,Not at intersection,3,50,Local Road,HOLTS,MOORABOOL,-37.66262,144.43826,2021,8,August,17,Afternoon Peak,Weekday
T20210018134,2021-08-19,12:30:00,6,Vehicle overturned (no collision),4,Thursday,184,OUT OF CONTROL ON CARRIAGEWAY (ON BEND),1,694291,Not at intersection,2,50,Local Road,STONY CREEK,MORNINGTON PENINSULA,-38.382347,145.0101,2021,8,August,12,Midday,Weekday
T20210017860,2021-08-19,17:25:00,4,Collision with a fixed object,4,Thursday,171,LEFT OFF CARRIAGEWAY INTO OBJECT/PARKED VEHICLE,1,698446,Not at intersection,2,100,Freeway,GEELONG RING,GEELONG,-38.188786,144.30853,2021,8,August,17,Afternoon Peak,Weekday
T20210018600,2021-08-19,11:00:00,1,Collision with vehicle,4,Thursday,130,REAR END(VEHICLES IN SAME LANE),1,730866,Not at intersection,3,60,Arterial Other,BURKE,BOROONDARA,-37.846447,145.05382,2021,8,August,11,Midday,Weekday
T20210017876,2021-08-19,10:45:00,4,Collision with a fixed object,4,Thursday,171,LEFT OFF CARRIAGEWAY INTO OBJECT/PARKED VEHICLE,1,691190,Not at intersection,3,100,Arterial Highway,GREAT ALPINE,EAST GIPPSLAND,-37.73094,147.7868,2021,8,August,10,Midday,Weekday
T20210017841,2021-08-19,07:30:00,1,Collision with vehicle,4,Thursday,110,CROSS TRAFFIC(INTERSECTIONS ONLY),2,52858,Cross intersection,3,80,Arterial Other,BALLARAT-CARNGHAM,GOLDEN PLAINS,-37.557877,143.70749,2021,8,August,7,Morning Peak,Weekday
T20210017845,2021-08-19,06:30:00,1,Collision with vehicle,4,Thursday,111,RIGHT FAR (INTERSECTIONS ONLY),1,43630,T intersection,3,80,Arterial Other,CRANBOURNE,CASEY,-38.044094,145.30363,2021,8,August,6,Morning Peak,Weekday
T20210017875,2021-08-19,13:30:00,1,Collision with vehicle,4,Thursday,111,RIGHT FAR (INTERSECTIONS ONLY),1,781194,T intersection,3,80,Freeway,SOUTH GIPPSLAND OUT-SOUTH GIPPSLAND,CASEY,-38.037453,145.24867,2021,8,August,13,Midday,Weekday
T20210017846,2021-08-19,13:20:00,1,Collision with vehicle,4,Thursday,110,CROSS TRAFFIC(INTERSECTIONS ONLY),1,50041,Cross intersection,2,60,Local Road,HUMBLE,GEELONG,-38.159843,144.38039,2021,8,August,13,Midday,Weekday
T20210017847,2021-08-19,13:38:00,1,Collision with vehicle,4,Thursday,130,REAR END(VEHICLES IN SAME LANE),1,772087,Not at intersection,3,80,Freeway,MONASH,MONASH,-37.93759,145.19548,2021,8,August,13,Midday,Weekday
T20210017848,2021-08-19,14:50:00,1,Collision with vehicle,4,Thursday,132,RIGHT REAR.,1,46086,T intersection,2,60,Arterial Other,POLICE,DANDENONG,-37.936665,145.18486,2021,8,August,14,Midday,Weekday
T20210017863,2021-08-19,18:30:00,1,Collision with vehicle,4,Thursday,160,VEHICLE COLLIDES WITH VEHICLE PARKED ON LEFT OF ROAD,3,691204,Not at intersection,3,40,Local Road,MONTEREY,FRANKSTON,-38.124523,145.1583,2021,8,August,18,Afternoon Peak,Weekday
T20210018163,2021-08-19,17:00:00,1,Collision with vehicle,4,Thursday,130,REAR END(VEHICLES IN SAME LANE),1,691297,Not at intersection,3,80,Arterial Other,MELTON,BRIMBANK,-37.6936,144.7567,2021,8,August,17,Afternoon Peak,Weekday
T20210024649,2021-08-19,17:45:00,1,Collision with vehicle,4,Thursday,133,LANE SIDE SWIPE (VEHICLES IN PARALLEL LANES),3,731232,Not at intersection,3,60,Local Road,ARDEN,MELBOURNE,-37.800117,144.94217,2021,8,August,17,Afternoon Peak,Weekday
T20210018423,2021-08-19,02:00:00,4,Collision with a fixed object,4,Thursday,171,LEFT OFF CARRIAGEWAY INTO OBJECT/PARKED VEHICLE,5,693730,Not at intersection,3,100,Arterial Other,OMEO,TOWONG,-36.625515,147.42162,2021,8,August,2,Late Night,Weekday
T20210018530,2021-08-19,14:40:00,1,Collision with vehicle,4,Thursday,148,VEHICLE OFF FOOTPATH STRIKES VEH ON CARRIAGEWAY,1,692028,Not at intersection,2,50,Local Road,VALLEY,MONASH,-37.91721,145.10258,2021,8,August,14,Midday,Weekday
T20210017827,2021-08-19,10:15:00,2,Struck Pedestrian,4,Thursday,102,FAR SIDE. PED HIT BY VEHICLE FROM THE LEFT,1,690928,Not at intersection,2,50,Arterial Highway,HIGH,BENDIGO,-36.796047,144.24422,2021,8,August,10,Midday,Weekday
T20210017828,2021-08-19,09:55:00,1,Collision with vehicle,4,Thursday,113,RIGHT NEAR (INTERSECTIONS ONLY),1,17730,T intersection,3,60,Arterial Highway,BEECHWORTH-WANGARATTA,WANGARATTA,-36.391014,146.44588,2021,8,August,9,Morning Peak,Weekday
T20210017831,2021-08-19,10:55:00,1,Collision with vehicle,4,Thursday,140,U TURN,1,690756,T intersection,2,60,Local Road,HARTNETT,FRANKSTON,-38.113525,145.14143,2021,8,August,10,Midday,Weekday
T20210017976,2021-08-19,08:07:00,2,Struck Pedestrian,4,Thursday,104,PED WALKING WITH TRAFFIC,1,691138,Not at intersection,3,100,Local Road,FLYNNS CREEK,LATROBE,-38.215473,146.66467,2021,8,August,8,Morning Peak,Weekday
T20210017862,2021-08-19,19:10:00,1,Collision with vehicle,4,Thursday,121,RIGHT THROUGH,3,358145,Cross intersection,2,80,Arterial Highway,LANDSCAPE,YARRA RANGES,-37.760506,145.32817,2021,8,August,19,Night,Weekday
T20210018056,2021-08-19,09:00:00,1,Collision with vehicle,4,Thursday,160,VEHICLE COLLIDES WITH VEHICLE PARKED ON LEFT OF ROAD,1,314024,T intersection,3,60,Arterial Other,FLEMINGTON,MELBOURNE,-37.792156,144.9459,2021,8,August,9,Morning Peak,Weekday
T20210017906,2021-08-20,11:45:00,4,Collision with a fixed object,5,Friday,173,RIGHT OFF CARRIAGEWAY INTO OBJECT/PARKED VEHICLE,1,692218,Not at intersection,3,70,Local Road,BEACH,GEELONG,-38.011673,144.46513,2021,8,August,11,Midday,Weekday
T20210018075,2021-08-20,08:00:00,8,No collision and no object struck,5,Friday,174,OUT OF CONTROL ON CARRIAGEWAY (ON STRAIGHT),1,691147,Not at intersection,2,60,Arterial Other,MALVERN,STONNINGTON,-37.852413,145.03589,2021,8,August,8,Morning Peak,Weekday
T20210017912,2021-08-20,17:45:00,4,Collision with a fixed object,5,Friday,181,OFF RIGHT BEND INTO OBJECT/PARKED VEHICLE,2,692074,Not at intersection,2,50,Local Road,BUTLER,BENDIGO,-36.734303,144.24767,2021,8,August,17,Afternoon Peak,Weekday
T20210017913,2021-08-20,18:18:00,1,Collision with vehicle,5,Friday,121,RIGHT THROUGH,3,57520,Cross intersection,2,70,Arterial Highway,DANDENONG,PORT PHILLIP,-37.860416,145.01048,2021,8,August,18,Afternoon Peak,Weekday
T20210017915,2021-08-20,18:30:00,1,Collision with vehicle,5,Friday,113,RIGHT NEAR (INTERSECTIONS ONLY),3,603022,T intersection,3,100,Local Road,SEBASTOPOL-SMYTHESDALE,GOLDEN PLAINS,-37.612926,143.80893,2021,8,August,18,Afternoon Peak,Weekday
T20210019303,2021-08-20,08:30:00,1,Collision with vehicle,5,Friday,113,RIGHT NEAR (INTERSECTIONS ONLY),1,71930,T intersection,3,50,Local Road,AUTUMN,GEELONG,-38.14233,144.34195,2021,8,August,8,Morning Peak,Weekday
T20210017909,2021-08-20,17:57:00,1,Collision with vehicle,5,Friday,130,REAR END(VEHICLES IN SAME LANE),5,691429,Not at intersection,3,60,Arterial Other,HEATHS,WYNDHAM,-37.887238,144.63731,2021,8,August,17,Afternoon Peak,Weekday
T20210017918,2021-08-20,17:42:00,1,Collision with vehicle,5,Friday,169,OTHER ON PATH,2,691124,Not at intersection,3,50,Local Road,VICTORIA,WHITTLESEA,-37.68244,144.99043,2021,8,August,17,Afternoon Peak,Weekday
T20210017900,2021-08-20,08:13:00,2,Struck Pedestrian,5,Friday,100,PED NEAR SIDE. PED HIT BY VEHICLE FROM THE RIGHT.,1,169,Cross intersection,2,60,Arterial Highway,HODDLE,YARRA,-37.804993,144.99213,2021,8,August,8,Morning Peak,Weekday
T20210018028,2021-08-20,17:15:00,1,Collision with vehicle,5,Friday,147,VEHICLE STRIKES ANOTHER VEH WHILE EMERGING FROM DRIVEWAY,9,691534,Not at intersection,3,50,Local Road,RAINIER,MORNINGTON PENINSULA,-38.33638,144.98355,2021,8,August,17,Afternoon Peak,Weekday
T20210017916,2021-08-20,05:30:00,3,Struck animal,5,Friday,167,STRUCK ANIMAL,2,691036,Not at intersection,3,100,Local Road,MORRISON,BAW BAW,-38.059074,145.76625,2021,8,August,5,Morning Peak,Weekday
T20210017914,2021-08-20,16:59:00,1,Collision with vehicle,5,Friday,160,VEHICLE COLLIDES WITH VEHICLE PARKED ON LEFT OF ROAD,1,694928,Not at intersection,3,50,Local Road,INKERMAN,PORT PHILLIP,-37.867508,145.00848,2021,8,August,16,Afternoon Peak,Weekday
T20210017890,2021-08-20,09:56:00,1,Collision with vehicle,5,Friday,130,REAR END(VEHICLES IN SAME LANE),1,22,Cross intersection,1,60,Arterial Other,HARKER,MELBOURNE,-37.796597,144.9512,2021,8,August,9,Morning Peak,Weekday
T20210017907,2021-08-20,18:00:00,4,Collision with a fixed object,5,Friday,173,RIGHT OFF CARRIAGEWAY INTO OBJECT/PARKED VEHICLE,3,641,Cross intersection,3,60,Arterial Other,BORONIA,KNOX,-37.862667,145.28825,2021,8,August,18,Afternoon Peak,Weekday
T20210020637,2021-08-20,20:30:00,2,Struck Pedestrian,5,Friday,102,FAR SIDE. PED HIT BY VEHICLE FROM THE LEFT,3,704248,Cross intersection,2,50,Arterial Highway,DANDENONG ROAD -QUEENS,PORT PHILLIP,-37.857746,144.99214,2021,8,August,20,Night,Weekday
T20210017927,2021-08-20,23:30:00,4,Collision with a fixed object,5,Friday,181,OFF RIGHT BEND INTO OBJECT/PARKED VEHICLE,5,694120,Not at intersection,3,100,Local Road,LILLICUR,CENTRAL GOLDFIELDS,-37.14662,143.61853,2021,8,August,23,Night,Weekday
T20210019175,2021-08-20,14:55:00,1,Collision with vehicle,5,Friday,110,CROSS TRAFFIC(INTERSECTIONS ONLY),1,73189,Cross intersection,3,50,Local Road,DARE,GEELONG,-38.26875,144.52156,2021,8,August,14,Midday,Weekday
T20210020663,2021-08-20,16:45:00,1,Collision with vehicle,5,Friday,130,REAR END(VEHICLES IN SAME LANE),2,341528,Cross intersection,3,60,Arterial Other,PEEL,MELBOURNE,-37.803818,144.95651,2021,8,August,16,Afternoon Peak,Weekday
T20210017917,2021-08-20,19:50:00,1,Collision with vehicle,5,Friday,110,CROSS TRAFFIC(INTERSECTIONS ONLY),3,694304,Cross intersection,3,40,Local Road,ELIZABETH,MELBOURNE,-37.81627,144.9641,2021,8,August,19,Night,Weekday
T20210018429,2021-08-20,19:10:00,4,Collision with a fixed object,5,Friday,171,LEFT OFF CARRIAGEWAY INTO OBJECT/PARKED VEHICLE,9,691761,Not at intersection,2,50,Local Road,WARD,MORELAND,-37.74944,144.93764,2021,8,August,19,Night,Weekday
T20210017905,2021-08-20,10:15:00,5,collision with some other object,5,Friday,166,STRUCK OBJECT ON CARRIAGEWAY,1,692670,Not at intersection,1,100,Local Road,COORIEMUNGLE,CORANGAMITE,-38.526653,143.1507,2021,8,August,10,Midday,Weekday
T20210018376,2021-08-20,19:06:00,1,Collision with vehicle,5,Friday,121,RIGHT THROUGH,3,41557,Cross intersection,3,80,Arterial Highway,DANDENONG,MONASH,-37.893417,145.09074,2021,8,August,19,Night,Weekday
T20210017901,2021-08-20,13:56:00,1,Collision with vehicle,5,Friday,131,LEFT REAR,1,693486,Not at intersection,3,60,Local Road,MORRIS,WYNDHAM,-37.879234,144.70132,2021,8,August,13,Midday,Weekday
T20210017910,2021-08-20,17:45:00,1,Collision with vehicle,5,Friday,173,RIGHT OFF CARRIAGEWAY INTO OBJECT/PARKED VEHICLE,1,691179,Not at intersection,2,50,Local Road,OAKLANDS,CARDINIA,-38.071968,145.45282,2021,8,August,17,Afternoon Peak,Weekday
T20210017943,2021-08-21,09:30:00,1,Collision with vehicle,6,Saturday,110,CROSS TRAFFIC(INTERSECTIONS ONLY),1,71059,Cross intersection,2,60,Arterial Other,BEACONSFIELD-EMERALD,CARDINIA,-38.028927,145.37775,2021,8,August,9,Morning Peak,Weekend
T20220000756,2021-08-21,14:25:00,1,Collision with vehicle,6,Saturday,132,RIGHT REAR.,1,64702,T intersection,3,60,Arterial Other,SPRINGVALE,MANNINGHAM,-37.78734,145.18092,2021,8,August,14,Midday,Weekend
T20210017941,2021-08-21,11:00:00,1,Collision with vehicle,6,Saturday,121,RIGHT THROUGH,1,51821,Cross intersection,2,60,Arterial Other,HIGH,MITCHELL,-37.20312,145.0497,2021,8,August,11,Midday,Weekend
T20210017938,2021-08-21,11:38:00,1,Collision with vehicle,6,Saturday,110,CROSS TRAFFIC(INTERSECTIONS ONLY),1,258702,Cross intersection,2,60,Arterial Other,COLLEGE,MELBOURNE,-37.792583,144.95865,2021,8,August,11,Midday,Weekend
T20210017952,2021-08-21,07:00:00,1,Collision with vehicle,6,Saturday,131,LEFT REAR,1,691206,T intersection,3,60,Local Road,HIGH,MANNINGHAM,-37.762775,145.11917,2021,8,August,7,Morning Peak,Weekend
T20220016128,2021-08-21,21:04:00,8,No collision and no object struck,6,Saturday,174,OUT OF CONTROL ON CARRIAGEWAY (ON STRAIGHT),3,719996,Not at intersection,3,50,Local Road,KALANG,MORELAND,-37.710243,144.92181,2021,8,August,21,Night,Weekend
T20210017939,2021-08-21,09:45:00,1,Collision with vehicle,6,Saturday,133,LANE SIDE SWIPE (VEHICLES IN PARALLEL LANES),1,691843,Not at intersection,3,60,Arterial Other,NICHOLSON,YARRA,-37.801384,144.9743,2021,8,August,9,Morning Peak,Weekend
T20210017929,2021-08-21,00:30:00,7,Fall from or in moving vehicle,6,Saturday,190,FELL IN/FROM VEHICLE,5,693579,T intersection,2,50,Local Road,WARE,CORANGAMITE,-37.996677,143.04607,2021,8,August,0,Late Night,Weekend
T20210017933,2021-08-21,09:00:00,1,Collision with vehicle,6,Saturday,142,LEAVING PARKING,1,707550,Not at intersection,3,60,Arterial Other,MARINE,PORT PHILLIP,-37.8745,144.97676,2021,8,August,9,Morning Peak,Weekend
T20210017934,2021-08-21,11:30:00,4,Collision with a fixed object,6,Saturday,179,OTHER ACCIDENTS-OFF STRAIGHT NOT INCLUDED IN DCAs 170-175,1,692059,Not at intersection,2,50,Local Road,HAYLOCK,CARDINIA,-37.949257,145.49898,2021,8,August,11,Midday,Weekend
T20210017955,2021-08-21,16:00:00,1,Collision with vehicle,6,Saturday,110,CROSS TRAFFIC(INTERSECTIONS ONLY),1,50684,Cross intersection,3,60,Arterial Highway,RAGLAN,WARRNAMBOOL,-38.377956,142.48206,2021,8,August,16,Afternoon Peak,Weekend
T20210018490,2021-08-21,20:30:00,3,Struck animal,6,Saturday,167,STRUCK ANIMAL,3,691728,Not at intersection,3,100,Freeway,CALDER,BRIMBANK,-37.700603,144.80933,2021,8,August,20,Night,Weekend
T20210022630,2021-08-21,09:30:00,6,Vehicle overturned (no collision),6,Saturday,174,OUT OF CONTROL ON CARRIAGEWAY (ON STRAIGHT),1,37608,T intersection,3,40,Arterial Other,TOORAK,MELBOURNE,-37.83796,144.9836,2021,8,August,9,Morning Peak,Weekend
T20210017953,2021-08-21,16:15:00,1,Collision with vehicle,6,Saturday,148,VEHICLE OFF FOOTPATH STRIKES VEH ON CARRIAGEWAY,1,693803,T intersection,3,60,Local Road,NOONE,YARRA,-37.793736,144.99425,2021,8,August,16,Afternoon Peak,Weekend
T20210017957,2021-08-21,17:15:00,1,Collision with vehicle,6,Saturday,121,RIGHT THROUGH,1,690943,Not at intersection,2,60,Local Road,AITKEN,HUME,-37.59228,144.91032,2021,8,August,17,Afternoon Peak,Weekend
T20210018002,2021-08-21,17:00:00,2,Struck Pedestrian,6,Saturday,100,PED NEAR SIDE. PED HIT BY VEHICLE FROM THE RIGHT.,1,71159,T intersection,2,50,Local Road,FIRST,KINGSTON,-38.04659,145.13264,2021,8,August,17,Afternoon Peak,Weekend
T20210017958,2021-08-21,16:15:00,2,Struck Pedestrian,6,Saturday,100,PED NEAR SIDE. PED HIT BY VEHICLE FROM THE RIGHT.,1,690944,Cross intersection,2,60,Local Road,TARNEIT,WYNDHAM,-37.83937,144.67302,2021,8,August,16,Afternoon Peak,Weekend
T20210018245,2021-08-21,17:20:00,1,Collision with vehicle,6,Saturday,142,LEAVING PARKING,2,691533,Not at intersection,3,50,Local Road,FOSTER,DANDENONG,-37.98959,145.21097,2021,8,August,17,Afternoon Peak,Weekend
T20210017970,2021-08-21,23:25:00,2,Struck Pedestrian,6,Saturday,100,PED NEAR SIDE. PED HIT BY VEHICLE FROM THE RIGHT.,3,29543,Cross intersection,2,60,Arterial Other,RIVERSDALE,BOROONDARA,-37.82874,145.03421,2021,8,August,23,Night,Weekend
T20210017968,2021-08-21,22:50:00,4,Collision with a fixed object,6,Saturday,175,OFF END OF ROAD/T-INTERSECTION.,3,730855,T intersection,2,60,Local Road,CREAMERY,GEELONG,-38.096924,144.32033,2021,8,August,22,Night,Weekend
T20210017966,2021-08-21,14:00:00,1,Collision with vehicle,6,Saturday,119,OTHER ADJACENT (INTERSECTIONS ONLY),1,692350,Cross intersection,3,60,Local Road,CENTENARY,MELTON,-37.674656,144.5839,2021,8,August,14,Midday,Weekend
T20210019458,2021-08-21,16:00:00,1,Collision with vehicle,6,Saturday,147,VEHICLE STRIKES ANOTHER VEH WHILE EMERGING FROM DRIVEWAY,1,693038,Not at intersection,3,60,Arterial Other,EASTBOURNE,MORNINGTON PENINSULA,-38.367203,144.87872,2021,8,August,16,Afternoon Peak,Weekend
T20210017945,2021-08-21,13:45:00,1,Collision with vehicle,6,Saturday,121,RIGHT THROUGH,1,277120,T intersection,2,80,Arterial Highway,ANZAC PARADE -KIEWA VALLEY,WODONGA,-36.147717,146.92815,2021,8,August,13,Midday,Weekend
T20210018432,2021-08-21,16:00:00,5,collision with some other object,6,Saturday,166,STRUCK OBJECT ON CARRIAGEWAY,1,691881,Not at intersection,2,60,Local Road,PINPANDOOR,BENDIGO,-36.74434,144.4787,2021,8,August,16,Afternoon Peak,Weekend
T20210019862,2021-08-22,17:50:00,1,Collision with vehicle,7,Sunday,143,ENTERING PARKING,2,694666,Not at intersection,3,50,Local Road,MARKET,HOBSONS BAY,-37.845745,144.88155,2021,8,August,17,Afternoon Peak,Weekend
T20210018905,2021-08-22,18:55:00,1,Collision with vehicle,7,Sunday,110,CROSS TRAFFIC(INTERSECTIONS ONLY),2,694749,Cross intersection,3,80,Arterial Other,BERWICK-CRANBOURNE,CASEY,-38.110966,145.3288,2021,8,August,18,Afternoon Peak,Weekend
T20210017990,2021-08-22,15:12:00,1,Collision with vehicle,7,Sunday,121,RIGHT THROUGH,1,42238,Cross intersection,3,60,Arterial Other,DIMBOOLA,HUME,-37.682293,144.91556,2021,8,August,15,Afternoon Peak,Weekend
T20210018084,2021-08-22,15:50:00,1,Collision with vehicle,7,Sunday,110,CROSS TRAFFIC(INTERSECTIONS ONLY),9,39452,Cross intersection,3,50,Local Road,ELDER,WHITEHORSE,-37.81498,145.16133,2021,8,August,15,Afternoon Peak,Weekend
T20210018102,2021-08-22,16:30:00,1,Collision with vehicle,7,Sunday,121,RIGHT THROUGH,1,29544,Cross intersection,3,60,Arterial Other,ASQUITH STREET -EARL,BOROONDARA,-37.79674,145.04099,2021,8,August,16,Afternoon Peak,Weekend
T20210017981,2021-08-22,11:57:00,1,Collision with vehicle,7,Sunday,132,RIGHT REAR.,1,691879,T intersection,3,60,Local Road,KOOYONG,GLEN EIRA,-37.889675,145.01427,2021,8,August,11,Midday,Weekend
T20210017985,2021-08-22,13:15:00,2,Struck Pedestrian,7,Sunday,100,PED NEAR SIDE. PED HIT BY VEHICLE FROM THE RIGHT.,1,748516,Cross intersection,2,50,Local Road,CAPEL,MELBOURNE,-37.805702,144.95515,2021,8,August,13,Midday,Weekend
T20210017986,2021-08-22,10:45:00,1,Collision with vehicle,7,Sunday,130,REAR END(VEHICLES IN SAME LANE),1,694156,Not at intersection,3,80,Arterial Highway,SPRINGVALE,DANDENONG,-37.982555,145.14613,2021,8,August,10,Midday,Weekend
T20210017991,2021-08-22,13:20:00,4,Collision with a fixed object,7,Sunday,171,LEFT OFF CARRIAGEWAY INTO OBJECT/PARKED VEHICLE,1,692060,Not at intersection,2,80,Local Road,GEMBROOK-TONIMBUK,CARDINIA,-37.956085,145.56805,2021,8,August,13,Midday,Weekend
T20210017996,2021-08-22,16:20:00,1,Collision with vehicle,7,Sunday,110,CROSS TRAFFIC(INTERSECTIONS ONLY),1,36422,Cross intersection,2,70,Arterial Other,MORNINGTON-TYABB,MORNINGTON PENINSULA,-38.238914,145.06592,2021,8,August,16,Afternoon Peak,Weekend
T20210017998,2021-08-22,16:05:00,4,Collision with a fixed object,7,Sunday,173,RIGHT OFF CARRIAGEWAY INTO OBJECT/PARKED VEHICLE,1,691086,Not at intersection,2,100,Freeway,MONASH,CASEY,-37.99922,145.28612,2021,8,August,16,Afternoon Peak,Weekend
T20210017999,2021-08-22,15:12:00,1,Collision with vehicle,7,Sunday,113,RIGHT NEAR (INTERSECTIONS ONLY),1,43594,T intersection,2,80,Arterial Highway,MOOROODUC,FRANKSTON,-38.19403,145.1351,2021,8,August,15,Afternoon Peak,Weekend
T20210018000,2021-08-22,15:50:00,8,No collision and no object struck,7,Sunday,174,OUT OF CONTROL ON CARRIAGEWAY (ON STRAIGHT),1,690946,Not at intersection,3,50,Local Road,GERTRUDE,GEELONG,-38.144722,144.3461,2021,8,August,15,Afternoon Peak,Weekend
T20210018003,2021-08-22,18:38:00,1,Collision with vehicle,7,Sunday,111,RIGHT FAR (INTERSECTIONS ONLY),3,50383,Cross intersection,3,60,Arterial Highway,THOMPSON,BASS COAST,-38.450287,145.23898,2021,8,August,18,Afternoon Peak,Weekend
T20210018004,2021-08-22,18:45:00,4,Collision with a fixed object,7,Sunday,173,RIGHT OFF CARRIAGEWAY INTO OBJECT/PARKED VEHICLE,5,692027,Not at intersection,3,80,Local Road,BLACKMORES,HEPBURN,-37.28686,143.78008,2021,8,August,18,Afternoon Peak,Weekend
T20210018006,2021-08-22,19:30:00,1,Collision with vehicle,7,Sunday,136,RIGHT TURN SIDESWIPE,3,776876,Cross intersection,2,60,Local Road,BROOKFIELD,HUME,-37.574116,144.90045,2021,8,August,19,Night,Weekend
T20210018007,2021-08-22,16:47:00,4,Collision with a fixed object,7,Sunday,175,OFF END OF ROAD/T-INTERSECTION.,1,57802,T intersection,2,50,Local Road,BLAKEVILLE,MELTON,-37.740875,144.7388,2021,8,August,16,Afternoon Peak,Weekend
T20210018071,2021-08-23,20:30:00,4,Collision with a fixed object,1,Monday,181,OFF RIGHT BEND INTO OBJECT/PARKED VEHICLE,5,702320,Not at intersection,3,40,Arterial Highway,GREAT ALPINE,(MOUNT HOTHAM),-36.9939,147.16354,2021,8,August,20,Night,Weekday