ACCIDENT_NO,ACCIDENT_DATE,ACCIDENT_TIME,ACCIDENT_TYPE,ACCIDENT_TYPE_DESC,DAY_OF_WEEK,DAY_WEEK_DESC,DCA_CODE,DCA_DESC,LIGHT_CONDITION,NODE_ID,ROAD_GEOMETRY_DESC,SEVERITY,SPEED_ZONE,RMA,ROAD_NAME,LGA_NAME,LATITUDE,LONGITUDE,YEAR,MONTH,MONTH_NAME,HOUR,TIME_PERIOD,DAY_TYPE
T20210018027,2021-08-23,13:15:00,1,Collision with vehicle,1,Monday,148,VEHICLE OFF FOOTPATH STRIKES VEH ON CARRIAGEWAY,1,691357,T intersection,3,50,Local Road,PORTER,GLEN EIRA,-37.933956,145.04358,2021,8,August,13,Midday,Weekday
T20210018063,2021-08-23,20:46:00,1,Collision with vehicle,1,Monday,113,RIGHT NEAR (INTERSECTIONS ONLY),3,42451,T intersection,2,80,Arterial Highway,DANDENONG,MONASH,-37.92176,145.13911,2021,8,August,20,Night,Weekday
T20210018069,2021-08-23,14:15:00,1,Collision with vehicle,1,Monday,113,RIGHT NEAR (INTERSECTIONS ONLY),1,1322,T intersection,2,70,Arterial Other,SYDNEY,HUME,-37.68506,144.95743,2021,8,August,14,Midday,Weekday
T20210018171,2021-08-23,16:00:00,1,Collision with vehicle,1,Monday,130,REAR END(VEHICLES IN SAME LANE),1,41477,T intersection,3,60,Arterial Highway,NORTH,GLEN EIRA,-37.907288,145.06735,2021,8,August,16,Afternoon Peak,Weekday
T20210019673,2021-08-23,14:45:00,1,Collision with vehicle,1,Monday,133,LANE SIDE SWIPE (VEHICLES IN PARALLEL LANES),1,730893,Not at intersection,3,60,Local Road,REBECCA,MELTON,-37.763077,144.74936,2021,8,August,14,Midday,Weekday
T20210018442,2021-08-23,13:00:00,1,Collision with vehicle,1,Monday,121,RIGHT THROUGH,1,694446,Not at intersection,3,40,Local Road,CRESTHAVEN,CASEY,-38.063232,145.33878,2021,8,August,13,Midday,Weekday
T20210018433,2021-08-23,17:21:00,1,Collision with vehicle,1,Monday,110,CROSS TRAFFIC(INTERSECTIONS ONLY),1,233917,Cross intersection,3,60,Local Road,DAVIS,WYNDHAM,-37.815388,144.65686,2021,8,August,17,Afternoon Peak,Weekday
T20210018045,2021-08-23,16:22:00,4,Collision with a fixed object,1,Monday,183,OFF LEFT BEND INTO OBJECT/PARKED VEHICLE,1,713919,Not at intersection,2,80,Arterial Highway,BURWOOD,KNOX,-37.892464,145.30501,2021,8,August,16,Afternoon Peak,Weekday
T20210018019,2021-08-23,10:49:00,1,Collision with vehicle,1,Monday,110,CROSS TRAFFIC(INTERSECTIONS ONLY),1,38201,Cross intersection,3,50,Local Road,DAREBIN,BANYULE,-37.753757,145.06248,2021,8,August,10,Midday,Weekday
T20210018052,2021-08-23,18:16:00,4,Collision with a fixed object,1,Monday,181,OFF RIGHT BEND INTO OBJECT/PARKED VEHICLE,5,730857,Not at intersection,2,50,Local Road,ASHLAR,WHITEHORSE,-37.813046,145.16138,2021,8,August,18,Afternoon Peak,Weekday
T20210018054,2021-08-23,18:10:00,1,Collision with vehicle,1,Monday,120,HEAD ON (NOT OVERTAKING),3,691806,Not at intersection,2,60,Arterial Other,YAN YEAN,WHITTLESEA,-37.61191,145.13712,2021,8,August,18,Afternoon Peak,Weekday
T20210018033,2021-08-23,06:44:00,2,Struck Pedestrian,1,Monday,100,PED NEAR SIDE. PED HIT BY VEHICLE FROM THE RIGHT.,3,45505,Cross intersection,2,60,Arterial Other,MELVILLE,MORELAND,-37.746536,144.94444,2021,8,August,6,Morning Peak,Weekday
T20210018057,2021-08-23,19:25:00,1,Collision with vehicle,1,Monday,121,RIGHT THROUGH,3,356393,T intersection,2,80,Arterial Other,BEACONSFIELD-NAR NAR GOON,CARDINIA,-38.06109,145.44408,2021,8,August,19,Night,Weekday
T20210018058,2021-08-23,15:50:00,1,Collision with vehicle,1,Monday,120,HEAD ON (NOT OVERTAKING),1,64569,T intersection,3,60,Arterial Other,BALLARAT,MARIBYRNONG,-37.78463,144.87329,2021,8,August,15,Afternoon Peak,Weekday
T20210018062,2021-08-23,17:15:00,1,Collision with vehicle,1,Monday,120,HEAD ON (NOT OVERTAKING),1,694852,Not at intersection,3,60,Local Road,CALDER PARK,BRIMBANK,-37.702343,144.75642,2021,8,August,17,Afternoon Peak,Weekday
T20210018080,2021-08-24,06:30:00,4,Collision with a fixed object,2,Tuesday,171,LEFT OFF CARRIAGEWAY INTO OBJECT/PARKED VEHICLE,1,701846,Not at intersection,2,100,Local Road,HORSEHILL,MOORABOOL,-37.762295,143.9804,2021,8,August,6,Morning Peak,Weekday
T20210018198,2021-08-24,11:45:00,1,Collision with vehicle,2,Tuesday,149,OTHER MANOEUVRING NOT INCLUDED IN DCAs 140-148,1,692176,Not at intersection,3,40,Local Road,SAGE,WODONGA,-36.179787,146.94678,2021,8,August,11,Midday,Weekday
T20210018077,2021-08-24,11:53:00,1,Collision with vehicle,2,Tuesday,113,RIGHT NEAR (INTERSECTIONS ONLY),1,619087,T intersection,3,60,Local Road,MILLER,WHITTLESEA,-37.643555,145.02066,2021,8,August,11,Midday,Weekday
T20210019880,2021-08-24,18:00:00,1,Collision with vehicle,2,Tuesday,113,RIGHT NEAR (INTERSECTIONS ONLY),6,595601,T intersection,3,80,Local Road,PATTERSONS,CASEY,-38.119232,145.33122,2021,8,August,18,Afternoon Peak,Weekday
T20210018104,2021-08-24,15:00:00,1,Collision with vehicle,2,Tuesday,160,VEHICLE COLLIDES WITH VEHICLE PARKED ON LEFT OF ROAD,1,691294,Not at intersection,3,60,Arterial Highway,MCKILLOP,GEELONG,-38.158157,144.37436,2021,8,August,15,Afternoon Peak,Weekday
T20210022195,2021-08-24,19:00:00,1,Collision with vehicle,2,Tuesday,121,RIGHT THROUGH,9,675917,Cross intersection,3,40,Arterial Other,BRIDGE,CARDINIA,-38.074715,145.43495,2021,8,August,19,Night,Weekday
T20210018135,2021-08-24,13:50:00,1,Collision with vehicle,2,Tuesday,132,RIGHT REAR.,1,691212,Multiple intersection,3,60,Freeway,EASTERN IN-BULLEEN,BOROONDARA,-37.78083,145.0788,2021,8,August,13,Midday,Weekday
T20210018446,2021-08-24,07:30:00,3,Struck animal,2,Tuesday,167,STRUCK ANIMAL,1,692589,Not at intersection,3,100,Freeway,HUME,WHITTLESEA,-37.631218,144.99405,2021,8,August,7,Morning Peak,Weekday
T20210018068,2021-08-24,07:40:00,4,Collision with a fixed object,2,Tuesday,173,RIGHT OFF CARRIAGEWAY INTO OBJECT/PARKED VEHICLE,1,691187,T intersection,3,50,Local Road,FORDVIEW,GEELONG,-38.093864,144.33032,2021,8,August,7,Morning Peak,Weekday
T20210018110,2021-08-24,17:45:00,4,Collision with a fixed object,2,Tuesday,175,OFF END OF ROAD/T-INTERSECTION.,2,44008,T intersection,2,60,Arterial Other,ESPLANADE,MORNINGTON PENINSULA,-38.281555,144.99606,2021,8,August,17,Afternoon Peak,Weekday
T20210018073,2021-08-24,08:08:00,1,Collision with vehicle,2,Tuesday,160,VEHICLE COLLIDES WITH VEHICLE PARKED ON LEFT OF ROAD,1,233797,Cross intersection,3,60,Arterial Other,GRATTAN,MELBOURNE,-37.79956,144.95523,2021,8,August,8,Morning Peak,Weekday
T20210018196,2021-08-24,16:45:00,2,Struck Pedestrian,2,Tuesday,107,PED ON FOOTHPATH STRUCK BY VEHENTERING/LEAVING DRIVEWAY.,1,693056,Not at intersection,3,70,Arterial Other,BALLARAT,BRIMBANK,-37.77841,144.8401,2021,8,August,16,Afternoon Peak,Weekday
T20210018101,2021-08-24,16:30:00,1,Collision with vehicle,2,Tuesday,111,RIGHT FAR (INTERSECTIONS ONLY),1,78,Cross intersection,3,60,Arterial Highway,WURUNDJERI,MELBOURNE,-37.822567,144.95015,2021,8,August,16,Afternoon Peak,Weekday
T20210018441,2021-08-24,15:30:00,1,Collision with vehicle,2,Tuesday,140,U TURN,1,730864,Not at intersection,3,40,Local Road,PAKINGTON,GEELONG,-38.147118,144.34706,2021,8,August,15,Afternoon Peak,Weekday
T20210018174,2021-08-24,17:57:00,1,Collision with vehicle,2,Tuesday,113,RIGHT NEAR (INTERSECTIONS ONLY),2,38585,T intersection,3,60,Arterial Other,SUNSHINE,MARIBYRNONG,-37.79906,144.85782,2021,8,August,17,Afternoon Peak,Weekday
T20210019233,2021-08-24,14:20:00,1,Collision with vehicle,2,Tuesday,134,LANE CHANGE RIGHT (NOT OVERTAKING),1,692933,Not at intersection,3,80,Arterial Highway,DANDENONG,DANDENONG,-38.00403,145.2151,2021,8,August,14,Midday,Weekday
T20210018086,2021-08-24,10:43:00,1,Collision with vehicle,2,Tuesday,120,HEAD ON (NOT OVERTAKING),1,740407,Not at intersection,2,50,Local Road,CLARKE,HUME,-37.684986,144.89938,2021,8,August,10,Midday,Weekday
T20210018098,2021-08-24,16:30:00,1,Collision with vehicle,2,Tuesday,120,HEAD ON (NOT OVERTAKING),1,697835,Not at intersection,3,80,Arterial Other,BALLARTO,CASEY,-38.136303,145.34698,2021,8,August,16,Afternoon Peak,Weekday
T20210018136,2021-08-25,10:18:00,3,Struck animal,3,Wednesday,167,STRUCK ANIMAL,1,691623,Not at intersection,3,100,Arterial Other,MT BULLER,MANSFIELD,-37.101006,146.22685,2021,8,August,10,Midday,Weekday
T20210018153,2021-08-25,14:39:00,1,Collision with vehicle,3,Wednesday,121,RIGHT THROUGH,1,260158,T intersection,3,60,Arterial Other,COBURNS,MELTON,-37.686333,144.5678,2021,8,August,14,Midday,Weekday
T20210018155,2021-08-25,15:00:00,2,Struck Pedestrian,3,Wednesday,106,VEH STRIKES PED ON FOOTPATH/MEDIAN/TRAFFIC ISLAND.,1,694131,Not at intersection,3,50,Local Road,SEEBECK,CASEY,-38.052494,145.2885,2021,8,August,15,Afternoon Peak,Weekday
T20210018141,2021-08-25,12:50:00,1,Collision with vehicle,3,Wednesday,131,LEFT REAR,1,277601,Multiple intersection,2,70,Freeway,MONASH IN-HEATHERTON,CASEY,-37.972523,145.23625,2021,8,August,12,Midday,Weekday
T20210018127,2021-08-25,07:30:00,2,Struck Pedestrian,3,Wednesday,100,PED NEAR SIDE. PED HIT BY VEHICLE FROM THE RIGHT.,1,35934,Cross intersection,2,40,Arterial Other,SYDNEY,MORELAND,-37.75546,144.96413,2021,8,August,7,Morning Peak,Weekday
T20210018475,2021-08-25,19:30:00,8,No collision and no object struck,3,Wednesday,174,OUT OF CONTROL ON CARRIAGEWAY (ON STRAIGHT),3,691844,Not at intersection,3,60,Arterial Highway,BELL,DAREBIN,-37.743935,144.9914,2021,8,August,19,Night,Weekday
T20210018137,2021-08-25,10:30:00,1,Collision with vehicle,3,Wednesday,153,CUTTING IN (OVERTAKING),1,740408,Not at intersection,2,60,Local Road,KOOYONG,GLEN EIRA,-37.869335,145.0182,2021,8,August,10,Midday,Weekday
T20210018164,2021-08-25,19:05:00,1,Collision with vehicle,3,Wednesday,160,VEHICLE COLLIDES WITH VEHICLE PARKED ON LEFT OF ROAD,3,691603,Not at intersection,3,60,Local Road,MORISON,WELLINGTON,-37.95726,146.98978,2021,8,August,19,Night,Weekday
T20210018162,2021-08-25,18:08:00,6,Vehicle overturned (no collision),3,Wednesday,174,OUT OF CONTROL ON CARRIAGEWAY (ON STRAIGHT),2,695495,Not at intersection,2,50,Local Road,DENNIS,COLAC OTWAY,-38.3385,143.58774,2021,8,August,18,Afternoon Peak,Weekday
T20210019083,2021-08-25,10:40:00,1,Collision with vehicle,3,Wednesday,110,CROSS TRAFFIC(INTERSECTIONS ONLY),9,347749,Cross intersection,3,80,Arterial Other,CRAIGIEBURN ROAD -MICKLEHAM,HUME,-37.589813,144.8794,2021,8,August,10,Midday,Weekday
T20210018157,2021-08-25,17:20:00,6,Vehicle overturned (no collision),3,Wednesday,174,OUT OF CONTROL ON CARRIAGEWAY (ON STRAIGHT),1,60152,Cross intersection,3,60,Local Road,COOPER,NORTHERN GRAMPIANS,-37.066574,142.77464,2021,8,August,17,Afternoon Peak,Weekday
T20210018160,2021-08-25,16:47:00,1,Collision with vehicle,3,Wednesday,120,HEAD ON (NOT OVERTAKING),1,696039,Not at intersection,2,50,Local Road,HUME,MELTON,-37.71188,144.72916,2021,8,August,16,Afternoon Peak,Weekday
T20210018159,2021-08-25,15:57:00,6,Vehicle overturned (no collision),3,Wednesday,174,OUT OF CONTROL ON CARRIAGEWAY (ON STRAIGHT),1,695970,Not at intersection,2,50,Local Road,PRESCOTT,BRIMBANK,-37.80215,144.81764,2021,8,August,15,Afternoon Peak,Weekday
T20210018632,2021-08-25,16:20:00,1,Collision with vehicle,3,Wednesday,121,RIGHT THROUGH,1,57846,Cross intersection,3,80,Arterial Highway,DANDENONG,DANDENONG,-37.99979,145.18083,2021,8,August,16,Afternoon Peak,Weekday
T20210018151,2021-08-25,06:45:00,1,Collision with vehicle,3,Wednesday,135,LANE CHANGE LEFT (NOT OVERTAKING),2,781209,Not at intersection,3,60,Freeway,BANDIANA LINK,WODONGA,-36.109386,146.8989,2021,8,August,6,Morning Peak,Weekday
T20210019269,2021-08-25,16:00:00,1,Collision with vehicle,3,Wednesday,121,RIGHT THROUGH,1,56399,T intersection,3,60,Arterial Other,CLAYTON,KINGSTON,-37.93266,145.11815,2021,8,August,16,Afternoon Peak,Weekday
T20210018131,2021-08-25,10:36:00,6,Vehicle overturned (no collision),3,Wednesday,174,OUT OF CONTROL ON CARRIAGEWAY (ON STRAIGHT),1,691344,Not at intersection,3,40,Arterial Other,BURKE,BOROONDARA,-37.825138,145.05789,2021,8,August,10,Midday,Weekday
T20210018128,2021-08-25,08:20:00,1,Collision with vehicle,3,Wednesday,130,REAR END(VEHICLES IN SAME LANE),1,691725,Not at intersection,3,80,Arterial Highway,SOUTH GIPPSLAND,DANDENONG,-38.019905,145.23744,2021,8,August,8,Morning Peak,Weekday
T20210018166,2021-08-25,16:07:00,1,Collision with vehicle,3,Wednesday,121,RIGHT THROUGH,1,42586,T intersection,3,60,Arterial Other,POLICE,DANDENONG,-37.93699,145.1875,2021,8,August,16,Afternoon Peak,Weekday
T20210018288,2021-08-25,17:40:00,4,Collision with a fixed object,3,Wednesday,171,LEFT OFF CARRIAGEWAY INTO OBJECT/PARKED VEHICLE,3,60533,Cross intersection,3,80,Arterial Highway,MIDLAND,HEPBURN,-37.41241,143.98523,2021,8,August,17,Afternoon Peak,Weekday
T20210018143,2021-08-25,10:30:00,1,Collision with vehicle,3,Wednesday,113,RIGHT NEAR (INTERSECTIONS ONLY),1,279924,Multiple intersection,3,60,Freeway,HUME OUT-DONNYBROOK,HUME,-37.539974,144.94165,2021,8,August,10,Midday,Weekday
T20210018218,2021-08-26,23:39:00,4,Collision with a fixed object,4,Thursday,175,OFF END OF ROAD/T-INTERSECTION.,5,57703,T intersection,2,100,Arterial Other,VENTNOR,BASS COAST,-38.4966,145.16043,2021,8,August,23,Night,Weekday
T20210018190,2021-08-26,13:18:00,1,Collision with vehicle,4,Thursday,160,VEHICLE COLLIDES WITH VEHICLE PARKED ON LEFT OF ROAD,1,692175,Not at intersection,2,40,Local Road,HOPKINS,MARIBYRNONG,-37.800114,144.90262,2021,8,August,13,Midday,Weekday
T20210018188,2021-08-26,13:55:00,1,Collision with vehicle,4,Thursday,147,VEHICLE STRIKES ANOTHER VEH WHILE EMERGING FROM DRIVEWAY,9,694482,Not at intersection,3,50,Local Road,GLASGOW,DAREBIN,-37.705246,145.00244,2021,8,August,13,Midday,Weekday
T20210018187,2021-08-26,08:24:00,1,Collision with vehicle,4,Thursday,135,LANE CHANGE LEFT (NOT OVERTAKING),1,249787,Not at intersection,2,80,Freeway,WEST GATE,MELBOURNE,-37.82749,144.95267,2021,8,August,8,Morning Peak,Weekday
T20210018183,2021-08-26,07:46:00,1,Collision with vehicle,4,Thursday,135,LANE CHANGE LEFT (NOT OVERTAKING),1,691346,Not at intersection,3,40,Local Road,WILLIAM,MELBOURNE,-37.81796,144.95926,2021,8,August,7,Morning Peak,Weekday
T20210018181,2021-08-26,12:45:00,1,Collision with vehicle,4,Thursday,110,CROSS TRAFFIC(INTERSECTIONS ONLY),1,35832,Cross intersection,3,80,Arterial Highway,MIDLAND,BALLARAT,-37.512737,143.84656,2021,8,August,12,Midday,Weekday
T20210018178,2021-08-26,10:35:00,1,Collision with vehicle,4,Thursday,135,LANE CHANGE LEFT (NOT OVERTAKING),1,691299,Not at intersection,2,80,Freeway,BURNLEY,MELBOURNE,-37.82433,144.98018,2021,8,August,10,Midday,Weekday
T20210018300,2021-08-26,08:02:00,1,Collision with vehicle,4,Thursday,160,VEHICLE COLLIDES WITH VEHICLE PARKED ON LEFT OF ROAD,1,695296,Not at intersection,2,50,Local Road,SUNDALE,WARRNAMBOOL,-38.364597,142.49942,2021,8,August,8,Morning Peak,Weekday
T20210018169,2021-08-26,04:20:00,4,Collision with a fixed object,4,Thursday,171,LEFT OFF CARRIAGEWAY INTO OBJECT/PARKED VEHICLE,5,691345,Not at intersection,3,100,Arterial Other,MOOROOPNA-MURCHISON,SHEPPARTON,-36.409576,145.34781,2021,8,August,4,Late Night,Weekday
T20210018199,2021-08-26,15:10:00,4,Collision with a fixed object,4,Thursday,173,RIGHT OFF CARRIAGEWAY INTO OBJECT/PARKED VEHICLE,1,695253,Not at intersection,2,80,Arterial Highway,BELLARINE,GEELONG,-38.18427,144.44408,2021,8,August,15,Afternoon Peak,Weekday
T20210018205,2021-08-26,16:15:00,1,Collision with vehicle,4,Thursday,110,CROSS TRAFFIC(INTERSECTIONS ONLY),1,61666,Cross intersection,3,80,Arterial Other,MELTON,MELTON,-37.682274,144.62448,2021,8,August,16,Afternoon Peak,Weekday
T20210018211,2021-08-26,10:52:00,1,Collision with vehicle,4,Thursday,110,CROSS TRAFFIC(INTERSECTIONS ONLY),1,35971,Cross intersection,3,50,Local Road,CHAMBERS,MORELAND,-37.74812,144.96848,2021,8,August,10,Midday,Weekday
T20210018210,2021-08-26,15:52:00,4,Collision with a fixed object,4,Thursday,171,LEFT OFF CARRIAGEWAY INTO OBJECT/PARKED VEHICLE,1,691272,Not at intersection,1,100,Local Road,HARRY GOODS,MOYNE,-38.244003,142.48454,2021,8,August,15,Afternoon Peak,Weekday
T20210018204,2021-08-26,15:34:00,1,Collision with vehicle,4,Thursday,110,CROSS TRAFFIC(INTERSECTIONS ONLY),1,43764,Cross intersection,3,60,Local Road,BROOKLYN,MELTON,-37.702995,144.57506,2021,8,August,15,Afternoon Peak,Weekday
T20210018219,2021-08-26,23:10:00,4,Collision with a fixed object,4,Thursday,173,RIGHT OFF CARRIAGEWAY INTO OBJECT/PARKED VEHICLE,5,696312,Not at intersection,2,80,Local Road,RAILWAY,YARRA RANGES,-37.76829,145.63458,2021,8,August,23,Night,Weekday
T20210020720,2021-08-26,15:20:00,1,Collision with vehicle,4,Thursday,121,RIGHT THROUGH,1,669579,Multiple intersection,3,60,Freeway,HIGH STREET -LINCOLN,WODONGA,-36.11027,146.89389,2021,8,August,15,Afternoon Peak,Weekday
T20210018212,2021-08-26,20:15:00,1,Collision with vehicle,4,Thursday,110,CROSS TRAFFIC(INTERSECTIONS ONLY),3,29628,Cross intersection,3,50,Arterial Other,WOODLAND,MOONEE VALLEY,-37.74155,144.91031,2021,8,August,20,Night,Weekday
T20210018192,2021-08-26,14:45:00,8,No collision and no object struck,4,Thursday,175,OFF END OF ROAD/T-INTERSECTION.,1,596597,T intersection,3,50,Local Road,MARKET,YARRA RANGES,-37.75635,145.35188,2021,8,August,14,Midday,Weekday
T20210018229,2021-08-27,10:42:00,1,Collision with vehicle,5,Friday,130,REAR END(VEHICLES IN SAME LANE),1,710551,Not at intersection,3,50,Local Road,WENDY,WYNDHAM,-37.852512,144.65945,2021,8,August,10,Midday,Weekday
T20210018230,2021-08-27,10:45:00,1,Collision with vehicle,5,Friday,132,RIGHT REAR.,1,239272,T intersection,3,60,Local Road,EXFORD,MELTON,-37.716385,144.5725,2021,8,August,10,Midday,Weekday
T20210018232,2021-08-27,12:36:00,1,Collision with vehicle,5,Friday,134,LANE CHANGE RIGHT (NOT OVERTAKING),1,51102,Cross intersection,2,60,Arterial Highway,MCLENNAN,SHEPPARTON,-36.392937,145.36453,2021,8,August,12,Midday,Weekday
T20210018242,2021-08-27,14:25:00,1,Collision with vehicle,5,Friday,110,CROSS TRAFFIC(INTERSECTIONS ONLY),1,360035,Cross intersection,3,100,Arterial Other,TATURA-UNDERA,SHEPPARTON,-36.37262,145.22287,2021,8,August,14,Midday,Weekday
T20210018243,2021-08-27,13:29:00,1,Collision with vehicle,5,Friday,110,CROSS TRAFFIC(INTERSECTIONS ONLY),1,287013,Cross intersection,3,60,Arterial Other,MCKENZIE,HINDMARSH,-36.331734,141.63672,2021,8,August,13,Midday,Weekday
T20210018250,2021-08-27,18:55:00,2,Struck Pedestrian,5,Friday,109,ANY MANOEUVRE INVOLVING PED NOT INCLUDED IN DCAs 100-108.,3,694292,Not at intersection,2,40,Local Road,RUSSELL,MELBOURNE,-37.81267,144.96805,2021,8,August,18,Afternoon Peak,Weekday
T20210018253,2021-08-27,17:18:00,1,Collision with vehicle,5,Friday,132,RIGHT REAR.,1,44052,T intersection,3,60,Arterial Other,SPRING,DAREBIN,-37.72129,145.0031,2021,8,August,17,Afternoon Peak,Weekday
T20210018261,2021-08-27,21:05:00,1,Collision with vehicle,5,Friday,121,RIGHT THROUGH,3,46621,Cross intersection,2,40,Arterial Highway,WURUNDJERI,MELBOURNE,-37.821846,144.9522,2021,8,August,21,Night,Weekday
T20210018262,2021-08-27,19:00:00,1,Collision with vehicle,5,Friday,148,VEHICLE OFF FOOTPATH STRIKES VEH ON CARRIAGEWAY,5,697779,Not at intersection,3,60,Local Road,MIDWAY,BRIMBANK,-37.77647,144.82555,2021,8,August,19,Night,Weekday
T20210018465,2021-08-27,15:40:00,1,Collision with vehicle,5,Friday,130,REAR END(VEHICLES IN SAME LANE),1,693313,Not at intersection,2,80,Arterial Other,SOMERTON,HUME,-37.642906,144.94696,2021,8,August,15,Afternoon Peak,Weekday
T20210018527,2021-08-27,21:00:00,1,Collision with vehicle,5,Friday,130,REAR END(VEHICLES IN SAME LANE),3,692220,Not at intersection,3,60,Arterial Other,SOUTHERN,BANYULE,-37.74189,145.04515,2021,8,August,21,Night,Weekday
T20210018266,2021-08-27,21:45:00,4,Collision with a fixed object,5,Friday,181,OFF RIGHT BEND INTO OBJECT/PARKED VEHICLE,3,691521,Not at intersection,2,50,Local Road,RAWLINGS,KNOX,-37.872288,145.27855,2021,8,August,21,Night,Weekday
T20210018343,2021-08-27,23:50:00,3,Struck animal,5,Friday,167,STRUCK ANIMAL,5,730861,Not at intersection,3,100,Arterial Highway,PRINCES,CORANGAMITE,-38.34744,143.41048,2021,8,August,23,Night,Weekday
T20210018268,2021-08-27,16:52:00,6,Vehicle overturned (no collision),5,Friday,172,OFF CARRIAGEWAY TO RIGHT,1,327653,Not at intersection,2,80,Arterial Highway,PRINCES,CASEY,-38.01455,145.29077,2021,8,August,16,Afternoon Peak,Weekday
T20210018486,2021-08-27,14:35:00,1,Collision with vehicle,5,Friday,134,LANE CHANGE RIGHT (NOT OVERTAKING),1,730865,Not at intersection,3,60,Local Road,MACARTHUR,BALLARAT,-37.550312,143.85246,2021,8,August,14,Midday,Weekday
T20210018811,2021-08-27,00:01:00,1,Collision with vehicle,5,Friday,130,REAR END(VEHICLES IN SAME LANE),3,315985,Cross intersection,3,70,Local Road,FERRIS,MELTON,-37.706238,144.60191,2021,8,August,0,Late Night,Weekday
T20210018403,2021-08-27,18:15:00,1,Collision with vehicle,5,Friday,113,RIGHT NEAR (INTERSECTIONS ONLY),3,302508,T intersection,3,80,Arterial Other,BERWICK-CRANBOURNE,CASEY,-38.118294,145.32361,2021,8,August,18,Afternoon Peak,Weekday
T20210018562,2021-08-27,12:15:00,8,No collision and no object struck,5,Friday,174,OUT OF CONTROL ON CARRIAGEWAY (ON STRAIGHT),1,704243,Not at intersection,2,40,Local Road,SIM,BALLARAT,-37.54862,143.8756,2021,8,August,12,Midday,Weekday
T20210018220,2021-08-27,05:45:00,1,Collision with vehicle,5,Friday,110,CROSS TRAFFIC(INTERSECTIONS ONLY),3,166,Cross intersection,3,60,Local Road,FORSYTH,WYNDHAM,-37.867348,144.73453,2021,8,August,5,Morning Peak,Weekday
T20210018334,2021-08-27,12:30:00,1,Collision with vehicle,5,Friday,132,RIGHT REAR.,1,44316,T intersection,2,70,Arterial Other,BALLAN,WYNDHAM,-37.89493,144.63521,2021,8,August,12,Midday,Weekday
T20210018222,2021-08-27,06:00:00,1,Collision with vehicle,5,Friday,116,LEFT NEAR (INTERSECTIONS ONLY),3,38051,Cross intersection,3,60,Arterial Other,HEIDELBERG,DAREBIN,-37.7834,145.01738,2021,8,August,6,Morning Peak,Weekday
T20210018511,2021-08-27,17:00:00,1,Collision with vehicle,5,Friday,131,LEFT REAR,1,778444,Not at intersection,3,60,Arterial Other,MILITARY,MOONEE VALLEY,-37.766888,144.86398,2021,8,August,17,Afternoon Peak,Weekday
T20210018257,2021-08-27,20:25:00,4,Collision with a fixed object,5,Friday,173,RIGHT OFF CARRIAGEWAY INTO OBJECT/PARKED VEHICLE,3,53085,T intersection,3,60,Arterial Other,GILLIES STREET S-WINTER,BALLARAT,-37.56862,143.81621,2021,8,August,20,Night,Weekday
T20210018260,2021-08-27,15:23:00,2,Struck Pedestrian,5,Friday,102,FAR SIDE. PED HIT BY VEHICLE FROM THE LEFT,1,29778,Cross intersection,2,40,Local Road,HIGH,DAREBIN,-37.730778,145.00525,2021,8,August,15,Afternoon Peak,Weekday
T20210021196,2021-08-27,09:00:00,8,No collision and no object struck,5,Friday,174,OUT OF CONTROL ON CARRIAGEWAY (ON STRAIGHT),1,695250,Not at intersection,3,40,Local Road,AUGHTIE,PORT PHILLIP,-37.839207,144.96342,2021,8,August,9,Morning Peak,Weekday
T20210018302,2021-08-28,01:31:00,1,Collision with vehicle,6,Saturday,160,VEHICLE COLLIDES WITH VEHICLE PARKED ON LEFT OF ROAD,3,730859,Not at intersection,2,50,Local Road,BAYSIDE,KINGSTON,-38.04346,145.11209,2021,8,August,1,Late Night,Weekend
T20210018301,2021-08-28,17:40:00,1,Collision with vehicle,6,Saturday,121,RIGHT THROUGH,2,671476,Cross intersection,2,80,Arterial Highway,HENTY,GLENELG,-38.323563,141.59799,2021,8,August,17,Afternoon Peak,Weekend
T20210018297,2021-08-28,15:55:00,1,Collision with vehicle,6,Saturday,148,VEHICLE OFF FOOTPATH STRIKES VEH ON CARRIAGEWAY,1,697891,Not at intersection,2,60,Arterial Other,LOWER PLENTY,BANYULE,-37.73177,145.08476,2021,8,August,15,Afternoon Peak,Weekend
T20210018296,2021-08-28,14:45:00,1,Collision with vehicle,6,Saturday,121,RIGHT THROUGH,1,263874,Cross intersection,2,50,Local Road,GLASSCOCKS,CASEY,-38.069065,145.29123,2021,8,August,14,Midday,Weekend
T20210018295,2021-08-28,15:15:00,1,Collision with vehicle,6,Saturday,130,REAR END(VEHICLES IN SAME LANE),1,691476,Not at intersection,3,80,Arterial Other,CLYDE,CASEY,-38.073254,145.33585,2021,8,August,15,Afternoon Peak,Weekend
T20210018291,2021-08-28,14:55:00,1,Collision with vehicle,6,Saturday,133,LANE SIDE SWIPE (VEHICLES IN PARALLEL LANES),1,695672,Not at intersection,3,50,Local Road,HODDLE,MOONEE VALLEY,-37.754658,144.92314,2021,8,August,14,Midday,Weekend
T20210018290,2021-08-28,14:30:00,1,Collision with vehicle,6,Saturday,121,RIGHT THROUGH,1,691431,Cross intersection,3,80,Arterial Other,PASCOE VALE,HUME,-37.640587,144.92877,2021,8,August,14,Midday,Weekend
T20210018289,2021-08-28,14:55:00,1,Collision with vehicle,6,Saturday,110,CROSS TRAFFIC(INTERSECTIONS ONLY),1,43085,Cross intersection,2,60,Arterial Highway,STUD,DANDENONG,-37.97967,145.22179,2021,8,August,14,Midday,Weekend