ACCIDENT_NO,ACCIDENT_DATE,ACCIDENT_TIME,ACCIDENT_TYPE,ACCIDENT_TYPE_DESC,DAY_OF_WEEK,DAY_WEEK_DESC,DCA_CODE,DCA_DESC,LIGHT_CONDITION,NODE_ID,ROAD_GEOMETRY_DESC,SEVERITY,SPEED_ZONE,RMA,ROAD_NAME,LGA_NAME,LATITUDE,LONGITUDE,YEAR,MONTH,MONTH_NAME,HOUR,TIME_PERIOD,DAY_TYPE
T20210018313,2021-08-28,21:28:00,1,Collision with vehicle,6,Saturday,131,LEFT REAR,3,42004,T intersection,3,60,Local Road,DICKINSON,MORELAND,-37.71467,144.9436,2021,8,August,21,Night,Weekend
T20210018437,2021-08-28,15:00:00,6,Vehicle overturned (no collision),6,Saturday,172,OFF CARRIAGEWAY TO RIGHT,1,696891,Not at intersection,3,100,Local Road,JARKLIN-YARRAWALLA,LODDON,-36.22136,144.03204,2021,8,August,15,Afternoon Peak,Weekend
T20210018275,2021-08-28,09:53:00,1,Collision with vehicle,6,Saturday,110,CROSS TRAFFIC(INTERSECTIONS ONLY),1,692134,Cross intersection,3,50,Local Road,SEXTON,MOONEE VALLEY,-37.715244,144.88206,2021,8,August,9,Morning Peak,Weekend
T20210018274,2021-08-28,08:30:00,1,Collision with vehicle,6,Saturday,120,HEAD ON (NOT OVERTAKING),1,693676,Not at intersection,3,60,Local Road,FOREST,MORNINGTON PENINSULA,-38.286533,145.03017,2021,8,August,8,Morning Peak,Weekend
T20210018272,2021-08-28,07:15:00,4,Collision with a fixed object,6,Saturday,171,LEFT OFF CARRIAGEWAY INTO OBJECT/PARKED VEHICLE,1,776822,Not at intersection,3,60,Local Road,DARRAWEIT,MITCHELL,-37.405212,144.96776,2021,8,August,7,Morning Peak,Weekend
T20210018500,2021-08-28,13:20:00,1,Collision with vehicle,6,Saturday,121,RIGHT THROUGH,1,53270,T intersection,3,60,Arterial Other,ANDERSON,BRIMBANK,-37.77911,144.82837,2021,8,August,13,Midday,Weekend
T20210019150,2021-08-28,15:25:00,1,Collision with vehicle,6,Saturday,113,RIGHT NEAR (INTERSECTIONS ONLY),1,692704,Multiple intersection,3,80,Arterial Highway,SOUTH GIPPSLAND,DANDENONG,-38.0037,145.25185,2021,8,August,15,Afternoon Peak,Weekend
T20210018340,2021-08-28,15:05:00,6,Vehicle overturned (no collision),6,Saturday,172,OFF CARRIAGEWAY TO RIGHT,1,48319,Cross intersection,2,80,Local Road,ARTHURS CREEK,WHITTLESEA,-37.57261,145.14403,2021,8,August,15,Afternoon Peak,Weekend
T20210018400,2021-08-28,18:49:00,1,Collision with vehicle,6,Saturday,113,RIGHT NEAR (INTERSECTIONS ONLY),3,29398,Cross intersection,3,60,Arterial Other,RIDDELL,HUME,-37.55975,144.71022,2021,8,August,18,Afternoon Peak,Weekend
T20210018286,2021-08-28,11:00:00,8,No collision and no object struck,6,Saturday,179,OTHER ACCIDENTS-OFF STRAIGHT NOT INCLUDED IN DCAs 170-175,1,695124,Not at intersection,2,60,Arterial Other,JELLS,MONASH,-37.899048,145.19055,2021,8,August,11,Midday,Weekend
T20210018534,2021-08-28,15:40:00,1,Collision with vehicle,6,Saturday,148,VEHICLE OFF FOOTPATH STRIKES VEH ON CARRIAGEWAY,1,691845,Not at intersection,3,60,Arterial Other,ESPLANADE,BAYSIDE,-37.912605,144.9858,2021,8,August,15,Afternoon Peak,Weekend
T20210018374,2021-08-28,16:20:00,1,Collision with vehicle,6,Saturday,160,VEHICLE COLLIDES WITH VEHICLE PARKED ON LEFT OF ROAD,1,698962,Not at intersection,3,70,Arterial Other,SOUTH,KINGSTON,-37.936283,145.05916,2021,8,August,16,Afternoon Peak,Weekend
T20210018311,2021-08-28,22:25:00,1,Collision with vehicle,6,Saturday,130,REAR END(VEHICLES IN SAME LANE),3,691624,Not at intersection,2,70,Arterial Highway,WHITEHORSE,WHITEHORSE,-37.816536,145.19304,2021,8,August,22,Night,Weekend
T20210018310,2021-08-28,18:55:00,2,Struck Pedestrian,6,Saturday,100,PED NEAR SIDE. PED HIT BY VEHICLE FROM THE RIGHT.,5,311691,T intersection,3,50,Local Road,MANOR LAKES,WYNDHAM,-37.876923,144.61333,2021,8,August,18,Afternoon Peak,Weekend
T20210018309,2021-08-28,19:49:00,4,Collision with a fixed object,6,Saturday,171,LEFT OFF CARRIAGEWAY INTO OBJECT/PARKED VEHICLE,3,696210,T intersection,3,60,Arterial Other,MOUNTAIN,KNOX,-37.84231,145.25749,2021,8,August,19,Night,Weekend
T20210019699,2021-08-28,15:00:00,2,Struck Pedestrian,6,Saturday,100,PED NEAR SIDE. PED HIT BY VEHICLE FROM THE RIGHT.,1,694030,Not at intersection,3,50,Local Road,SCARLET,CARDINIA,-38.071564,145.44371,2021,8,August,15,Afternoon Peak,Weekend
T20210019216,2021-08-28,15:00:00,1,Collision with vehicle,6,Saturday,111,RIGHT FAR (INTERSECTIONS ONLY),1,56999,T intersection,2,50,Local Road,CEDAR,MARIBYRNONG,-37.774124,144.87642,2021,8,August,15,Afternoon Peak,Weekend
T20210018305,2021-08-28,20:45:00,1,Collision with vehicle,6,Saturday,121,RIGHT THROUGH,3,730860,T intersection,2,70,Arterial Other,EDGARS,WHITTLESEA,-37.658287,145.00716,2021,8,August,20,Night,Weekend
T20210018319,2021-08-28,16:44:00,6,Vehicle overturned (no collision),6,Saturday,174,OUT OF CONTROL ON CARRIAGEWAY (ON STRAIGHT),1,691528,T intersection,2,60,Arterial Other,ESPLANADE,MORNINGTON PENINSULA,-38.27063,145.00844,2021,8,August,16,Afternoon Peak,Weekend
T20210018303,2021-08-28,16:53:00,1,Collision with vehicle,6,Saturday,148,VEHICLE OFF FOOTPATH STRIKES VEH ON CARRIAGEWAY,1,695126,T intersection,2,40,Local Road,COVENTRY,PORT PHILLIP,-37.830547,144.96474,2021,8,August,16,Afternoon Peak,Weekend
T20210018346,2021-08-29,16:25:00,1,Collision with vehicle,7,Sunday,110,CROSS TRAFFIC(INTERSECTIONS ONLY),1,44698,Cross intersection,2,60,Local Road,ANDERSON,BASS COAST,-38.452328,145.22017,2021,8,August,16,Afternoon Peak,Weekend
T20210018489,2021-08-29,13:15:00,4,Collision with a fixed object,7,Sunday,171,LEFT OFF CARRIAGEWAY INTO OBJECT/PARKED VEHICLE,1,692210,Not at intersection,3,100,Local Road,RICHARDS,BULOKE,-36.264732,142.82573,2021,8,August,13,Midday,Weekend
T20210018621,2021-08-29,19:00:00,1,Collision with vehicle,7,Sunday,121,RIGHT THROUGH,3,773134,T intersection,3,60,Local Road,WATERLOO,LATROBE,-38.178852,146.25246,2021,8,August,19,Night,Weekend
T20210018339,2021-08-29,13:30:00,1,Collision with vehicle,7,Sunday,147,VEHICLE STRIKES ANOTHER VEH WHILE EMERGING FROM DRIVEWAY,1,52064,T intersection,3,60,Local Road,GUTHRIDGE,WELLINGTON,-38.107964,147.08197,2021,8,August,13,Midday,Weekend
T20220003513,2021-08-29,19:00:00,1,Collision with vehicle,7,Sunday,130,REAR END(VEHICLES IN SAME LANE),5,712334,Not at intersection,3,100,Local Road,GHIN GHIN,MURRINDINDI,-37.123768,145.37856,2021,8,August,19,Night,Weekend
T20210018352,2021-08-29,18:44:00,1,Collision with vehicle,7,Sunday,148,VEHICLE OFF FOOTPATH STRIKES VEH ON CARRIAGEWAY,3,694962,Not at intersection,2,50,Local Road,SILVESTER,HUME,-37.628174,144.91336,2021,8,August,18,Afternoon Peak,Weekend
T20210018355,2021-08-29,19:30:00,4,Collision with a fixed object,7,Sunday,171,LEFT OFF CARRIAGEWAY INTO OBJECT/PARKED VEHICLE,3,692132,Not at intersection,2,50,Local Road,PRINCESS,GEELONG,-38.06576,144.34978,2021,8,August,19,Night,Weekend
T20210018869,2021-08-29,10:00:00,8,No collision and no object struck,7,Sunday,174,OUT OF CONTROL ON CARRIAGEWAY (ON STRAIGHT),1,692694,T intersection,3,60,Arterial Other,ALEXANDERS,LATROBE,-38.224304,146.44281,2021,8,August,10,Midday,Weekend
T20210018316,2021-08-29,01:00:00,1,Collision with vehicle,7,Sunday,160,VEHICLE COLLIDES WITH VEHICLE PARKED ON LEFT OF ROAD,3,694025,Not at intersection,3,60,Arterial Other,LUCAN,BENDIGO,-36.746277,144.28804,2021,8,August,1,Late Night,Weekend
T20210018478,2021-08-29,11:19:00,1,Collision with vehicle,7,Sunday,110,CROSS TRAFFIC(INTERSECTIONS ONLY),1,59872,Cross intersection,3,50,Local Road,MORRISON,BENDIGO,-36.802044,144.23755,2021,8,August,11,Midday,Weekend
T20210018333,2021-08-29,12:10:00,1,Collision with vehicle,7,Sunday,160,VEHICLE COLLIDES WITH VEHICLE PARKED ON LEFT OF ROAD,1,695673,Not at intersection,2,60,Arterial Other,MELBOURNE,HOBSONS BAY,-37.84854,144.88724,2021,8,August,12,Midday,Weekend
T20210018350,2021-08-29,17:08:00,1,Collision with vehicle,7,Sunday,121,RIGHT THROUGH,1,465,Cross intersection,2,50,Local Road,BARKLY,MARIBYRNONG,-37.799007,144.89314,2021,8,August,17,Afternoon Peak,Weekend
T20210018501,2021-08-29,12:00:00,1,Collision with vehicle,7,Sunday,130,REAR END(VEHICLES IN SAME LANE),1,1224,T intersection,1,50,Arterial Other,PRINCES,BAW BAW,-38.136402,145.85753,2021,8,August,12,Midday,Weekend
T20210018358,2021-08-29,15:03:00,1,Collision with vehicle,7,Sunday,110,CROSS TRAFFIC(INTERSECTIONS ONLY),1,44349,Cross intersection,3,60,Local Road,SHAWS,WYNDHAM,-37.890038,144.66199,2021,8,August,15,Afternoon Peak,Weekend
T20210025505,2021-08-29,14:30:00,5,collision with some other object,7,Sunday,166,STRUCK OBJECT ON CARRIAGEWAY,1,699500,Dead end,3,50,Local Road,LILLIS,YARRA RANGES,-37.745968,145.65857,2021,8,August,14,Midday,Weekend
T20210018359,2021-08-29,19:50:00,1,Collision with vehicle,7,Sunday,160,VEHICLE COLLIDES WITH VEHICLE PARKED ON LEFT OF ROAD,5,762024,Not at intersection,2,50,Local Road,LYNCH,MORELAND,-37.71109,144.96483,2021,8,August,19,Night,Weekend
T20210018363,2021-08-29,22:50:00,4,Collision with a fixed object,7,Sunday,181,OFF RIGHT BEND INTO OBJECT/PARKED VEHICLE,3,693124,Not at intersection,3,100,Freeway,MONASH OUT-EASTLINK OUT,DANDENONG,-37.945168,145.20616,2021,8,August,22,Night,Weekend
T20210018943,2021-08-29,13:30:00,1,Collision with vehicle,7,Sunday,120,HEAD ON (NOT OVERTAKING),1,692413,Not at intersection,3,60,Local Road,LONGFORD,HUME,-37.661343,144.92719,2021,8,August,13,Midday,Weekend
T20210018498,2021-08-29,21:50:00,1,Collision with vehicle,7,Sunday,169,OTHER ON PATH,6,691882,Not at intersection,3,50,Local Road,PUEBLA,SURF COAST,-38.327377,144.31844,2021,8,August,21,Night,Weekend
T20210018354,2021-08-29,19:45:00,3,Struck animal,7,Sunday,167,STRUCK ANIMAL,5,693815,Not at intersection,2,100,Arterial Other,RIDDELL,MACEDON RANGES,-37.47662,144.67421,2021,8,August,19,Night,Weekend
T20210018412,2021-08-30,16:10:00,1,Collision with vehicle,1,Monday,160,VEHICLE COLLIDES WITH VEHICLE PARKED ON LEFT OF ROAD,1,691627,Not at intersection,2,50,Local Road,LEILA,YARRA RANGES,-37.757664,145.69678,2021,8,August,16,Afternoon Peak,Weekday
T20210018401,2021-08-30,15:30:00,1,Collision with vehicle,1,Monday,120,HEAD ON (NOT OVERTAKING),1,281039,Not at intersection,2,60,Arterial Other,GLEN EIRA,GLEN EIRA,-37.879715,145.0208,2021,8,August,15,Afternoon Peak,Weekday
T20210018395,2021-08-30,10:30:00,6,Vehicle overturned (no collision),1,Monday,149,OTHER MANOEUVRING NOT INCLUDED IN DCAs 140-148,1,691807,Dead end,3,50,Local Road,BEAUMONT,INDIGO,-36.34869,146.69325,2021,8,August,10,Midday,Weekday
T20210018424,2021-08-30,11:25:00,1,Collision with vehicle,1,Monday,120,HEAD ON (NOT OVERTAKING),1,740410,Not at intersection,2,100,Local Road,LANCEFIELD-PYALONG,MITCHELL,-37.18793,144.82117,2021,8,August,11,Midday,Weekday
T20210018387,2021-08-30,13:58:00,1,Collision with vehicle,1,Monday,113,RIGHT NEAR (INTERSECTIONS ONLY),1,41762,T intersection,3,70,Arterial Highway,WELLINGTON,MONASH,-37.91727,145.1471,2021,8,August,13,Midday,Weekday
T20210018394,2021-08-30,10:05:00,1,Collision with vehicle,1,Monday,130,REAR END(VEHICLES IN SAME LANE),1,694306,Not at intersection,3,70,Arterial Other,ST GEORGES,DAREBIN,-37.744473,144.99783,2021,8,August,10,Midday,Weekday
T20210018411,2021-08-30,15:05:00,8,No collision and no object struck,1,Monday,174,OUT OF CONTROL ON CARRIAGEWAY (ON STRAIGHT),1,695127,Not at intersection,2,60,Local Road,LYGON,MORELAND,-37.770794,144.97183,2021,8,August,15,Afternoon Peak,Weekday
T20210018480,2021-08-30,18:15:00,1,Collision with vehicle,1,Monday,130,REAR END(VEHICLES IN SAME LANE),2,772086,Not at intersection,3,80,Arterial Other,CRANBOURNE,CASEY,-38.071304,145.29782,2021,8,August,18,Afternoon Peak,Weekday
T20210018379,2021-08-30,09:05:00,1,Collision with vehicle,1,Monday,160,VEHICLE COLLIDES WITH VEHICLE PARKED ON LEFT OF ROAD,1,696254,Not at intersection,3,60,Arterial Other,HOWITT,BALLARAT,-37.540794,143.83554,2021,8,August,9,Morning Peak,Weekday
T20210018402,2021-08-30,15:00:00,1,Collision with vehicle,1,Monday,120,HEAD ON (NOT OVERTAKING),1,70545,T intersection,2,60,Arterial Other,CENTRE DANDENONG,KINGSTON,-37.982365,145.13057,2021,8,August,15,Afternoon Peak,Weekday
T20210018467,2021-08-30,22:55:00,1,Collision with vehicle,1,Monday,148,VEHICLE OFF FOOTPATH STRIKES VEH ON CARRIAGEWAY,3,694592,Not at intersection,3,60,Arterial Other,GEELONG ROAD SERVICE,BALLARAT,-37.599957,143.86809,2021,8,August,22,Night,Weekday
T20210018366,2021-08-30,00:50:00,4,Collision with a fixed object,1,Monday,173,RIGHT OFF CARRIAGEWAY INTO OBJECT/PARKED VEHICLE,3,69492,T intersection,3,60,Local Road,CARINISH,MONASH,-37.920906,145.11601,2021,8,August,0,Late Night,Weekday
T20210018365,2021-08-30,01:45:00,4,Collision with a fixed object,1,Monday,171,LEFT OFF CARRIAGEWAY INTO OBJECT/PARKED VEHICLE,3,781165,Not at intersection,3,80,Arterial Highway,SPRINGVALE,MONASH,-37.92413,145.15744,2021,8,August,1,Late Night,Weekday
T20210018443,2021-08-30,06:05:00,1,Collision with vehicle,1,Monday,130,REAR END(VEHICLES IN SAME LANE),3,772085,Not at intersection,3,80,Arterial Other,THOMPSONS,DANDENONG,-38.0776,145.23888,2021,8,August,6,Morning Peak,Weekday
T20210018874,2021-08-30,15:30:00,1,Collision with vehicle,1,Monday,132,RIGHT REAR.,1,70344,T intersection,2,40,Local Road,GLADSTONE,DANDENONG,-37.971146,145.2046,2021,8,August,15,Afternoon Peak,Weekday
T20210018484,2021-08-30,15:25:00,1,Collision with vehicle,1,Monday,130,REAR END(VEHICLES IN SAME LANE),1,691764,Not at intersection,3,80,Arterial Highway,NEPEAN,KINGSTON,-37.996,145.08353,2021,8,August,15,Afternoon Peak,Weekday
T20210018408,2021-08-30,17:10:00,4,Collision with a fixed object,1,Monday,141,U TURN INTO FIXED OBJECT/PARKED VEHICLE,1,67591,T intersection,3,60,Arterial Other,BORONIA,KNOX,-37.85923,145.26334,2021,8,August,17,Afternoon Peak,Weekday
T20210018380,2021-08-30,10:00:00,1,Collision with vehicle,1,Monday,121,RIGHT THROUGH,1,328970,Cross intersection,3,50,Arterial Other,SOUTH,KINGSTON,-37.936527,145.06133,2021,8,August,10,Midday,Weekday
T20210018418,2021-08-30,21:59:00,1,Collision with vehicle,1,Monday,133,LANE SIDE SWIPE (VEHICLES IN PARALLEL LANES),5,696982,Not at intersection,2,80,Freeway,MONASH,MONASH,-37.893867,145.13893,2021,8,August,21,Night,Weekday
T20210018404,2021-08-30,14:25:00,4,Collision with a fixed object,1,Monday,171,LEFT OFF CARRIAGEWAY INTO OBJECT/PARKED VEHICLE,1,707966,Not at intersection,2,60,Arterial Other,HIGH,MELTON,-37.68426,144.5692,2021,8,August,14,Midday,Weekday
T20210018409,2021-08-30,14:35:00,1,Collision with vehicle,1,Monday,121,RIGHT THROUGH,1,234808,T intersection,2,80,Arterial Other,PRINCES,CARDINIA,-38.071445,145.48006,2021,8,August,14,Midday,Weekday
T20210018438,2021-08-31,09:00:00,1,Collision with vehicle,2,Tuesday,134,LANE CHANGE RIGHT (NOT OVERTAKING),1,730863,Not at intersection,2,100,Freeway,WESTERN RING,BRIMBANK,-37.790127,144.78752,2021,8,August,9,Morning Peak,Weekday
T20210018435,2021-08-31,11:15:00,1,Collision with vehicle,2,Tuesday,120,HEAD ON (NOT OVERTAKING),1,88367,Not at intersection,2,60,Arterial Other,MITCHAM,WHITEHORSE,-37.8058,145.19044,2021,8,August,11,Midday,Weekday
T20210018759,2021-08-31,14:40:00,1,Collision with vehicle,2,Tuesday,153,CUTTING IN (OVERTAKING),1,696166,Not at intersection,2,50,Local Road,FORDHAM,BOROONDARA,-37.842175,145.07474,2021,8,August,14,Midday,Weekday
T20210020258,2021-08-31,08:00:00,1,Collision with vehicle,2,Tuesday,130,REAR END(VEHICLES IN SAME LANE),1,704245,Not at intersection,3,60,Arterial Highway,QUEENS,STONNINGTON,-37.85745,144.99214,2021,8,August,8,Morning Peak,Weekday
T20210018466,2021-08-31,15:11:00,2,Struck Pedestrian,2,Tuesday,100,PED NEAR SIDE. PED HIT BY VEHICLE FROM THE RIGHT.,1,41313,Cross intersection,2,60,Arterial Other,GLEN EIRA,GLEN EIRA,-37.880882,145.03006,2021,8,August,15,Afternoon Peak,Weekday
T20210018470,2021-08-31,20:00:00,1,Collision with vehicle,2,Tuesday,113,RIGHT NEAR (INTERSECTIONS ONLY),3,44890,T intersection,3,50,Local Road,BLAIR,HUME,-37.671974,144.93176,2021,8,August,20,Night,Weekday
T20210018425,2021-08-31,07:00:00,1,Collision with vehicle,2,Tuesday,121,RIGHT THROUGH,1,122018,Multiple intersection,2,60,Freeway,MIDDLEBOROUGH,WHITEHORSE,-37.79884,145.14218,2021,8,August,7,Morning Peak,Weekday
T20210018868,2021-08-31,15:30:00,4,Collision with a fixed object,2,Tuesday,181,OFF RIGHT BEND INTO OBJECT/PARKED VEHICLE,1,762012,Not at intersection,2,100,Arterial Other,KERANG-MURRABIT,GANNAWARRA,-35.61055,143.93857,2021,8,August,15,Afternoon Peak,Weekday
T20210019106,2021-08-31,12:10:00,1,Collision with vehicle,2,Tuesday,148,VEHICLE OFF FOOTPATH STRIKES VEH ON CARRIAGEWAY,1,280798,T intersection,3,50,Arterial Highway,SPRINGVALE,WHITEHORSE,-37.809456,145.17737,2021,8,August,12,Midday,Weekday
T20210018732,2021-08-31,20:10:00,1,Collision with vehicle,2,Tuesday,130,REAR END(VEHICLES IN SAME LANE),6,709170,Not at intersection,3,80,Arterial Other,MAIN WHITTLESEA,WHITTLESEA,-37.654858,145.08252,2021,8,August,20,Night,Weekday
T20210018460,2021-08-31,17:40:00,8,No collision and no object struck,2,Tuesday,174,OUT OF CONTROL ON CARRIAGEWAY (ON STRAIGHT),2,691954,Not at intersection,2,80,Local Road,MOUNT COTTRELL,MELTON,-37.746567,144.6132,2021,8,August,17,Afternoon Peak,Weekday
T20210018455,2021-08-31,13:56:00,2,Struck Pedestrian,2,Tuesday,100,PED NEAR SIDE. PED HIT BY VEHICLE FROM THE RIGHT.,1,692237,Not at intersection,3,60,Local Road,UNION,PORT PHILLIP,-37.853443,144.98325,2021,8,August,13,Midday,Weekday
T20210022122,2021-08-31,11:00:00,5,collision with some other object,2,Tuesday,166,STRUCK OBJECT ON CARRIAGEWAY,1,730958,Not at intersection,2,80,Arterial Other,KORUMBURRA-WARRAGUL,SOUTH GIPPSLAND,-38.345196,145.90175,2021,8,August,11,Midday,Weekday
T20210018453,2021-08-31,16:40:00,1,Collision with vehicle,2,Tuesday,123,RIGHT/LEFT. ONE VEH TURNING RIGHT THE OTHER LEFT.,1,583552,T intersection,3,60,Arterial Other,GALLAGHERS,MONASH,-37.875748,145.17896,2021,8,August,16,Afternoon Peak,Weekday
T20210018727,2021-08-31,17:00:00,1,Collision with vehicle,2,Tuesday,130,REAR END(VEHICLES IN SAME LANE),2,588981,Cross intersection,3,80,Arterial Other,CRANBOURNE-FRANKSTON,FRANKSTON,-38.134026,145.22795,2021,8,August,17,Afternoon Peak,Weekday
T20210018452,2021-08-31,16:13:00,4,Collision with a fixed object,2,Tuesday,171,LEFT OFF CARRIAGEWAY INTO OBJECT/PARKED VEHICLE,1,781172,Not at intersection,3,50,Local Road,SOUTH,WODONGA,-36.117565,146.88405,2021,8,August,16,Afternoon Peak,Weekday
T20210018440,2021-08-31,13:02:00,1,Collision with vehicle,2,Tuesday,160,VEHICLE COLLIDES WITH VEHICLE PARKED ON LEFT OF ROAD,1,696255,Not at intersection,2,40,Local Road,ALLAN,CAMPASPE,-36.31352,145.04883,2021,8,August,13,Midday,Weekday
T20210018598,2021-08-31,10:10:00,1,Collision with vehicle,2,Tuesday,130,REAR END(VEHICLES IN SAME LANE),1,693802,Not at intersection,3,70,Arterial Other,OLD PRINCES,CARDINIA,-38.043877,145.36667,2021,8,August,10,Midday,Weekday
T20220001897,2021-09-01,20:21:00,1,Collision with vehicle,3,Wednesday,134,LANE CHANGE RIGHT (NOT OVERTAKING),3,781174,Not at intersection,3,50,Arterial Other,UNION,PORT PHILLIP,-37.853497,144.9797,2021,9,September,20,Night,Weekday
T20210019322,2021-09-01,19:45:00,1,Collision with vehicle,3,Wednesday,163,VEHICLE STRIKES DOOR OF PARKED/STATIONARY VEHICLE,9,692996,Not at intersection,3,60,Local Road,BOORAN,GLEN EIRA,-37.89648,145.0362,2021,9,September,19,Night,Weekday
T20210020482,2021-09-01,05:50:00,1,Collision with vehicle,3,Wednesday,121,RIGHT THROUGH,2,1178,T intersection,3,80,Arterial Other,PRINCES,CARDINIA,-38.07081,145.49286,2021,9,September,5,Morning Peak,Weekday
T20210018888,2021-09-01,08:35:00,1,Collision with vehicle,3,Wednesday,130,REAR END(VEHICLES IN SAME LANE),1,694160,Not at intersection,3,80,Local Road,BROWNS,CASEY,-38.14658,145.2348,2021,9,September,8,Morning Peak,Weekday
T20210018524,2021-09-01,23:48:00,1,Collision with vehicle,3,Wednesday,131,LEFT REAR,3,350792,Cross intersection,2,60,Arterial Highway,BALLARAT,GEELONG,-38.126865,144.33936,2021,9,September,23,Night,Weekday
T20210018611,2021-09-01,17:00:00,5,collision with some other object,3,Wednesday,166,STRUCK OBJECT ON CARRIAGEWAY,1,623281,T intersection,2,80,Local Road,MORRISON,CARDINIA,-38.024784,145.52333,2021,9,September,17,Afternoon Peak,Weekday
T20210018565,2021-09-01,17:50:00,1,Collision with vehicle,3,Wednesday,111,RIGHT FAR (INTERSECTIONS ONLY),2,39978,Cross intersection,3,60,Local Road,LESLIE,HOBSONS BAY,-37.84105,144.86967,2021,9,September,17,Afternoon Peak,Weekday
T20210018563,2021-09-01,13:30:00,1,Collision with vehicle,3,Wednesday,163,VEHICLE STRIKES DOOR OF PARKED/STATIONARY VEHICLE,1,692077,Not at intersection,3,60,Local Road,SWANSTON,GEELONG,-38.15778,144.36441,2021,9,September,13,Midday,Weekday
T20210018560,2021-09-01,16:32:00,1,Collision with vehicle,3,Wednesday,110,CROSS TRAFFIC(INTERSECTIONS ONLY),1,40531,Cross intersection,3,50,Local Road,HIGHFIELD,BOROONDARA,-37.831665,145.08553,2021,9,September,16,Afternoon Peak,Weekday
T20210018523,2021-09-01,19:06:00,4,Collision with a fixed object,3,Wednesday,173,RIGHT OFF CARRIAGEWAY INTO OBJECT/PARKED VEHICLE,5,720246,Not at intersection,2,80,Arterial Highway,MIDLAND,MOUNT ALEXANDER,-37.14396,144.16713,2021,9,September,19,Night,Weekday
T20210018521,2021-09-01,18:24:00,4,Collision with a fixed object,3,Wednesday,173,RIGHT OFF CARRIAGEWAY INTO OBJECT/PARKED VEHICLE,3,233796,Cross intersection,2,60,Arterial Other,DERRIMUT,WYNDHAM,-37.841053,144.68967,2021,9,September,18,Afternoon Peak,Weekday
T20210018519,2021-09-01,19:15:00,1,Collision with vehicle,3,Wednesday,110,CROSS TRAFFIC(INTERSECTIONS ONLY),3,49310,Cross intersection,2,100,Arterial Other,GRAHAM,CAMPASPE,-36.298836,144.96465,2021,9,September,19,Night,Weekday
T20210018516,2021-09-01,18:15:00,6,Vehicle overturned (no collision),3,Wednesday,174,OUT OF CONTROL ON CARRIAGEWAY (ON STRAIGHT),3,781173,Not at intersection,3,60,Arterial Other,PLENTY,DAREBIN,-37.744354,145.00716,2021,9,September,18,Afternoon Peak,Weekday
T20210018515,2021-09-01,14:30:00,1,Collision with vehicle,3,Wednesday,130,REAR END(VEHICLES IN SAME LANE),1,168,Cross intersection,2,80,Arterial Highway,FRANKSTON-DANDENONG,DANDENONG,-38.031662,145.21194,2021,9,September,14,Midday,Weekday
T20210018514,2021-09-01,15:56:00,1,Collision with vehicle,3,Wednesday,121,RIGHT THROUGH,1,40637,T intersection,3,60,Arterial Other,HIGHBURY,WHITEHORSE,-37.854534,145.1054,2021,9,September,15,Afternoon Peak,Weekday
T20210018512,2021-09-01,13:30:00,1,Collision with vehicle,3,Wednesday,110,CROSS TRAFFIC(INTERSECTIONS ONLY),1,39144,Cross intersection,3,50,Local Road,BYRON,BOROONDARA,-37.83016,145.07428,2021,9,September,13,Midday,Weekday
T20210018509,2021-09-01,18:00:00,5,collision with some other object,3,Wednesday,198,OTHER ACCIDENTS NOT CLASSIFIABLE ELSEWHERE,1,691729,Not at intersection,3,50,Local Road,CENTRE,BAW BAW,-38.155632,145.92365,2021,9,September,18,Afternoon Peak,Weekday
T20210018504,2021-09-01,15:45:00,1,Collision with vehicle,3,Wednesday,149,OTHER MANOEUVRING NOT INCLUDED IN DCAs 140-148,1,694026,Not at intersection,3,40,Local Road,ROBERTS,HORSHAM,-36.714287,142.19911,2021,9,September,15,Afternoon Peak,Weekday
T20210018502,2021-09-01,14:30:00,1,Collision with vehicle,3,Wednesday,131,LEFT REAR,1,694964,Not at intersection,2,60,Arterial Other,GEELONG,GOLDEN PLAINS,-38.045383,144.17973,2021,9,September,14,Midday,Weekday
T20210018496,2021-09-01,10:15:00,1,Collision with vehicle,3,Wednesday,135,LANE CHANGE LEFT (NOT OVERTAKING),1,692769,Not at intersection,3,100,Freeway,EASTLINK,KNOX,-37.89724,145.21492,2021,9,September,10,Midday,Weekday
T20210018492,2021-09-01,13:00:00,2,Struck Pedestrian,3,Wednesday,100,PED NEAR SIDE. PED HIT BY VEHICLE FROM THE RIGHT.,1,37975,Cross intersection,3,60,Arterial Other,DAREBIN,DAREBIN,-37.763878,145.00539,2021,9,September,13,Midday,Weekday
T20210018483,2021-09-01,07:57:00,2,Struck Pedestrian,3,Wednesday,102,FAR SIDE. PED HIT BY VEHICLE FROM THE LEFT,1,694250,Not at intersection,2,60,Local Road,CAROLINE SPRINGS,MELTON,-37.726223,144.73927,2021,9,September,7,Morning Peak,Weekday
T20210018482,2021-09-01,07:30:00,1,Collision with vehicle,3,Wednesday,110,CROSS TRAFFIC(INTERSECTIONS ONLY),1,49369,Cross intersection,3,50,Local Road,BURKE,WANGARATTA,-36.371525,146.31712,2021,9,September,7,Morning Peak,Weekday
T20210019683,2021-09-01,16:50:00,6,Vehicle overturned (no collision),3,Wednesday,184,OUT OF CONTROL ON CARRIAGEWAY (ON BEND),1,694753,Not at intersection,2,100,Local Road,RIVER,MILDURA,-34.630447,142.43451,2021,9,September,16,Afternoon Peak,Weekday