ACCIDENT_NO,ACCIDENT_DATE,ACCIDENT_TIME,ACCIDENT_TYPE,ACCIDENT_TYPE_DESC,DAY_OF_WEEK,DAY_WEEK_DESC,DCA_CODE,DCA_DESC,LIGHT_CONDITION,NODE_ID,ROAD_GEOMETRY_DESC,SEVERITY,SPEED_ZONE,RMA,ROAD_NAME,LGA_NAME,LATITUDE,LONGITUDE,YEAR,MONTH,MONTH_NAME,HOUR,TIME_PERIOD,DAY_TYPE
T20210018608,2021-09-02,16:15:00,1,Collision with vehicle,4,Thursday,130,REAR END(VEHICLES IN SAME LANE),1,694489,Cross intersection,3,80,Arterial Other,BERWICK-CRANBOURNE,CASEY,-38.117733,145.31918,2021,9,September,16,Afternoon Peak,Weekday
T20210019519,2021-09-02,19:00:00,4,Collision with a fixed object,4,Thursday,171,LEFT OFF CARRIAGEWAY INTO OBJECT/PARKED VEHICLE,2,693108,Not at intersection,3,80,Arterial Other,BAXTER-TOORADIN,CASEY,-38.195038,145.32782,2021,9,September,19,Night,Weekday
T20210018531,2021-09-02,06:20:00,3,Struck animal,4,Thursday,167,STRUCK ANIMAL,1,691883,Not at intersection,2,100,Local Road,GLENMORE,MOORABOOL,-37.71336,144.33447,2021,9,September,6,Morning Peak,Weekday
T20210018587,2021-09-02,17:18:00,1,Collision with vehicle,4,Thursday,113,RIGHT NEAR (INTERSECTIONS ONLY),1,762476,T intersection,2,60,Local Road,NEWLANDS,MORELAND,-37.735462,144.97244,2021,9,September,17,Afternoon Peak,Weekday
T20210018546,2021-09-02,10:54:00,4,Collision with a fixed object,4,Thursday,164,PERMANENT OBSTRUCTION ON CARRIAGEWAY,1,785165,Not at intersection,2,80,Freeway,CITYLINK,MORELAND,-37.754066,144.93686,2021,9,September,10,Midday,Weekday
T20210018564,2021-09-02,15:39:00,1,Collision with vehicle,4,Thursday,130,REAR END(VEHICLES IN SAME LANE),1,736790,Not at intersection,2,60,Arterial Other,MARINE,PORT PHILLIP,-37.871758,144.97638,2021,9,September,15,Afternoon Peak,Weekday
T20210019196,2021-09-02,12:13:00,1,Collision with vehicle,4,Thursday,129,OTHER OPPOSING MANOEUVRES NOT INCLUDED IN DCAs 120-125.,1,250421,T intersection,3,60,Arterial Other,EASTBOURNE,MORNINGTON PENINSULA,-38.367218,144.87967,2021,9,September,12,Midday,Weekday
T20210018567,2021-09-02,16:24:00,1,Collision with vehicle,4,Thursday,113,RIGHT NEAR (INTERSECTIONS ONLY),1,691886,T intersection,2,60,Local Road,BOUNDARY,GEELONG,-38.182198,144.38199,2021,9,September,16,Afternoon Peak,Weekday
T20210018571,2021-09-02,19:10:00,1,Collision with vehicle,4,Thursday,111,RIGHT FAR (INTERSECTIONS ONLY),6,595601,T intersection,3,50,Local Road,PATTERSONS,CASEY,-38.119232,145.33122,2021,9,September,19,Night,Weekday
T20210018576,2021-09-02,19:00:00,3,Struck animal,4,Thursday,167,STRUCK ANIMAL,5,692129,Not at intersection,3,80,Arterial Other,BEACONSFIELD-EMERALD,CARDINIA,-37.99506,145.42188,2021,9,September,19,Night,Weekday
T20210018578,2021-09-02,19:04:00,8,No collision and no object struck,4,Thursday,174,OUT OF CONTROL ON CARRIAGEWAY (ON STRAIGHT),3,691887,T intersection,2,80,Arterial Other,CLYDE,CASEY,-38.05062,145.34026,2021,9,September,19,Night,Weekday
T20210019631,2021-09-02,20:15:00,1,Collision with vehicle,4,Thursday,121,RIGHT THROUGH,6,57290,Cross intersection,3,60,Arterial Highway,WYNDHAM,SHEPPARTON,-36.396885,145.39589,2021,9,September,20,Night,Weekday
T20210018583,2021-09-02,20:10:00,4,Collision with a fixed object,4,Thursday,171,LEFT OFF CARRIAGEWAY INTO OBJECT/PARKED VEHICLE,3,70490,T intersection,3,50,Local Road,CLEELAND,DANDENONG,-37.97994,145.21547,2021,9,September,20,Night,Weekday
T20210019982,2021-09-02,07:50:00,1,Collision with vehicle,4,Thursday,121,RIGHT THROUGH,1,730901,Cross intersection,2,80,Arterial Other,CRANBOURNE-FRANKSTON,FRANKSTON,-38.152138,145.19101,2021,9,September,7,Morning Peak,Weekday
T20210018588,2021-09-02,18:42:00,2,Struck Pedestrian,4,Thursday,102,FAR SIDE. PED HIT BY VEHICLE FROM THE LEFT,3,331009,T intersection,2,50,Local Road,GLASSCOCKS,CASEY,-38.073128,145.32455,2021,9,September,18,Afternoon Peak,Weekday
T20210018584,2021-09-02,18:25:00,5,collision with some other object,4,Thursday,166,STRUCK OBJECT ON CARRIAGEWAY,5,694520,Not at intersection,3,100,Freeway,SOUTH GIPPSLAND,DANDENONG,-38.027344,145.24661,2021,9,September,18,Afternoon Peak,Weekday
T20210018535,2021-09-02,07:05:00,2,Struck Pedestrian,4,Thursday,194,PARKED CAR RUN AWAY,1,691955,Not at intersection,2,40,Local Road,GROOM,YARRA,-37.794827,144.99794,2021,9,September,7,Morning Peak,Weekday
T20210020152,2021-09-02,15:19:00,1,Collision with vehicle,4,Thursday,113,RIGHT NEAR (INTERSECTIONS ONLY),1,44081,Cross intersection,3,60,Arterial Highway,NEPEAN,MORNINGTON PENINSULA,-38.328457,144.97726,2021,9,September,15,Afternoon Peak,Weekday
T20210018557,2021-09-02,14:30:00,1,Collision with vehicle,4,Thursday,116,LEFT NEAR (INTERSECTIONS ONLY),1,691884,T intersection,3,60,Local Road,BROAD GULLY,NILLUMBIK,-37.66009,145.1626,2021,9,September,14,Midday,Weekday
T20210018554,2021-09-02,12:50:00,8,No collision and no object struck,4,Thursday,174,OUT OF CONTROL ON CARRIAGEWAY (ON STRAIGHT),1,691957,Not at intersection,2,40,Arterial Other,LOWER PLENTY,BANYULE,-37.743908,145.06325,2021,9,September,12,Midday,Weekday
T20210018533,2021-09-02,07:43:00,2,Struck Pedestrian,4,Thursday,100,PED NEAR SIDE. PED HIT BY VEHICLE FROM THE RIGHT.,1,694664,Not at intersection,2,50,Arterial Other,HOTHAM,GLEN EIRA,-37.882984,144.99684,2021,9,September,7,Morning Peak,Weekday
T20210018585,2021-09-02,16:40:00,4,Collision with a fixed object,4,Thursday,183,OFF LEFT BEND INTO OBJECT/PARKED VEHICLE,1,691772,Not at intersection,1,50,Local Road,ANACONDA,CASEY,-38.001595,145.31007,2021,9,September,16,Afternoon Peak,Weekday
T20210018541,2021-09-02,07:17:00,1,Collision with vehicle,4,Thursday,130,REAR END(VEHICLES IN SAME LANE),1,705826,Not at intersection,3,80,Arterial Highway,GREENSBOROUGH,BANYULE,-37.707096,145.08794,2021,9,September,7,Morning Peak,Weekday
T20210018543,2021-09-02,08:20:00,1,Collision with vehicle,4,Thursday,132,RIGHT REAR.,1,692076,Not at intersection,2,80,Local Road,FERNTREE GULLY,KNOX,-37.897564,145.24446,2021,9,September,8,Morning Peak,Weekday
T20210018550,2021-09-02,12:58:00,1,Collision with vehicle,4,Thursday,110,CROSS TRAFFIC(INTERSECTIONS ONLY),1,356471,Cross intersection,2,60,Arterial Other,HIGH,MITCHELL,-37.200714,145.06062,2021,9,September,12,Midday,Weekday
T20210018547,2021-09-02,11:50:00,1,Collision with vehicle,4,Thursday,121,RIGHT THROUGH,1,29681,Cross intersection,3,60,Arterial Highway,WARRIGAL,KINGSTON,-37.953197,145.07677,2021,9,September,11,Midday,Weekday
T20210018625,2021-09-02,14:30:00,4,Collision with a fixed object,4,Thursday,173,RIGHT OFF CARRIAGEWAY INTO OBJECT/PARKED VEHICLE,1,712733,Not at intersection,2,70,Local Road,BELGRAVE-HALLAM,CASEY,-37.989697,145.27956,2021,9,September,14,Midday,Weekday
T20210018668,2021-09-02,12:05:00,1,Collision with vehicle,4,Thursday,131,LEFT REAR,1,693710,T intersection,3,50,Arterial Other,CAMERON,CASEY,-38.121,145.28827,2021,9,September,12,Midday,Weekday
T20210020693,2021-09-03,12:50:00,1,Collision with vehicle,5,Friday,132,RIGHT REAR.,1,694760,Cross intersection,3,50,Arterial Other,CLAYTON,KINGSTON,-37.92864,145.11902,2021,9,September,12,Midday,Weekday
T20210018595,2021-09-03,06:40:00,1,Collision with vehicle,5,Friday,130,REAR END(VEHICLES IN SAME LANE),2,696787,Not at intersection,3,100,Arterial Highway,WIMMERA,HORSHAM,-36.73413,142.00319,2021,9,September,6,Morning Peak,Weekday
T20210019348,2021-09-03,13:00:00,2,Struck Pedestrian,5,Friday,102,FAR SIDE. PED HIT BY VEHICLE FROM THE LEFT,1,40282,Cross intersection,3,60,Arterial Other,BALACLAVA,GLEN EIRA,-37.872673,145.02472,2021,9,September,13,Midday,Weekday
T20210019675,2021-09-03,19:55:00,4,Collision with a fixed object,5,Friday,173,RIGHT OFF CARRIAGEWAY INTO OBJECT/PARKED VEHICLE,3,57850,Cross intersection,3,60,Local Road,BRIDGE INN,WHITTLESEA,-37.599766,145.08864,2021,9,September,19,Night,Weekday
T20210018622,2021-09-03,16:38:00,1,Collision with vehicle,5,Friday,113,RIGHT NEAR (INTERSECTIONS ONLY),2,353559,Cross intersection,3,80,Arterial Highway,PRINCES,DANDENONG,-38.003372,145.24911,2021,9,September,16,Afternoon Peak,Weekday
T20210018845,2021-09-03,20:15:00,1,Collision with vehicle,5,Friday,133,LANE SIDE SWIPE (VEHICLES IN PARALLEL LANES),3,730876,Not at intersection,3,80,Freeway,METROPOLITAN RING,NILLUMBIK,-37.689873,145.0855,2021,9,September,20,Night,Weekday
T20210018650,2021-09-03,17:21:00,1,Collision with vehicle,5,Friday,130,REAR END(VEHICLES IN SAME LANE),4,253659,T intersection,2,80,Local Road,PLUMPTON,MELTON,-37.70177,144.69489,2021,9,September,17,Afternoon Peak,Weekday
T20210018594,2021-09-03,07:54:00,1,Collision with vehicle,5,Friday,113,RIGHT NEAR (INTERSECTIONS ONLY),1,37103,T intersection,2,60,Arterial Other,LATHAMS,FRANKSTON,-38.09901,145.15192,2021,9,September,7,Morning Peak,Weekday
T20210018640,2021-09-03,20:10:00,1,Collision with vehicle,5,Friday,121,RIGHT THROUGH,3,228325,T intersection,3,40,Local Road,PAKINGTON,GEELONG,-38.15678,144.34526,2021,9,September,20,Night,Weekday
T20210018638,2021-09-03,19:45:00,4,Collision with a fixed object,5,Friday,171,LEFT OFF CARRIAGEWAY INTO OBJECT/PARKED VEHICLE,5,698902,Not at intersection,2,100,Local Road,GENARDINIS,BENDIGO,-36.65965,144.16397,2021,9,September,19,Night,Weekday
T20210018634,2021-09-03,18:45:00,4,Collision with a fixed object,5,Friday,171,LEFT OFF CARRIAGEWAY INTO OBJECT/PARKED VEHICLE,5,693601,Not at intersection,3,100,Local Road,CAMPBELL,MOIRA,-35.995037,145.6598,2021,9,September,18,Afternoon Peak,Weekday
T20210018862,2021-09-03,19:50:00,4,Collision with a fixed object,5,Friday,183,OFF LEFT BEND INTO OBJECT/PARKED VEHICLE,5,692409,Not at intersection,3,100,Arterial Highway,SOUTH GIPPSLAND,SOUTH GIPPSLAND,-38.418385,145.78662,2021,9,September,19,Night,Weekday
T20210018630,2021-09-03,15:26:00,1,Collision with vehicle,5,Friday,120,HEAD ON (NOT OVERTAKING),1,692078,Not at intersection,2,80,Arterial Other,BELGRAVE-GEMBROOK,CARDINIA,-37.92145,145.47023,2021,9,September,15,Afternoon Peak,Weekday
T20210018628,2021-09-03,16:55:00,1,Collision with vehicle,5,Friday,110,CROSS TRAFFIC(INTERSECTIONS ONLY),1,349152,Cross intersection,3,50,Local Road,BAILEY,GEELONG,-38.204098,144.34634,2021,9,September,16,Afternoon Peak,Weekday
T20210018626,2021-09-03,09:00:00,1,Collision with vehicle,5,Friday,130,REAR END(VEHICLES IN SAME LANE),1,778489,Not at intersection,3,70,Arterial Other,EAST BOUNDARY,GLEN EIRA,-37.91324,145.06075,2021,9,September,9,Morning Peak,Weekday
T20210018604,2021-09-03,12:45:00,2,Struck Pedestrian,5,Friday,102,FAR SIDE. PED HIT BY VEHICLE FROM THE LEFT,1,49188,Cross intersection,2,60,Arterial Highway,PRINCES,BAW BAW,-38.2082,146.15143,2021,9,September,12,Midday,Weekday
T20210018613,2021-09-03,15:04:00,2,Struck Pedestrian,5,Friday,100,PED NEAR SIDE. PED HIT BY VEHICLE FROM THE RIGHT.,1,37768,Cross intersection,2,40,Arterial Other,TOORAK,STONNINGTON,-37.841305,145.01074,2021,9,September,15,Afternoon Peak,Weekday
T20210018612,2021-09-03,14:07:00,1,Collision with vehicle,5,Friday,133,LANE SIDE SWIPE (VEHICLES IN PARALLEL LANES),1,24694,Multiple intersection,3,80,Freeway,CITYLINK,MELBOURNE,-37.824627,144.93051,2021,9,September,14,Midday,Weekday
T20210018620,2021-09-03,09:20:00,1,Collision with vehicle,5,Friday,110,CROSS TRAFFIC(INTERSECTIONS ONLY),1,694027,Cross intersection,3,50,Local Road,FREEBURGH,ALPINE,-36.733315,147.17764,2021,9,September,9,Morning Peak,Weekday
T20210019406,2021-09-03,16:30:00,4,Collision with a fixed object,5,Friday,181,OFF RIGHT BEND INTO OBJECT/PARKED VEHICLE,1,693082,Not at intersection,3,80,Arterial Other,WESTERNPORT,CARDINIA,-38.2541,145.59496,2021,9,September,16,Afternoon Peak,Weekday
T20210020461,2021-09-03,16:30:00,6,Vehicle overturned (no collision),5,Friday,174,OUT OF CONTROL ON CARRIAGEWAY (ON STRAIGHT),1,35546,Cross intersection,3,80,Arterial Highway,DANDENONG,STONNINGTON,-37.88389,145.05807,2021,9,September,16,Afternoon Peak,Weekday
T20210023222,2021-09-03,20:10:00,1,Collision with vehicle,5,Friday,110,CROSS TRAFFIC(INTERSECTIONS ONLY),3,41721,Cross intersection,3,70,Arterial Other,FORSTER,MONASH,-37.89961,145.12921,2021,9,September,20,Night,Weekday
T20210019328,2021-09-03,12:30:00,1,Collision with vehicle,5,Friday,140,U TURN,1,693081,Not at intersection,3,60,Arterial Other,BARKERS,BOROONDARA,-37.81638,145.05106,2021,9,September,12,Midday,Weekday
T20210018633,2021-09-03,14:57:00,2,Struck Pedestrian,5,Friday,100,PED NEAR SIDE. PED HIT BY VEHICLE FROM THE RIGHT.,1,39409,T intersection,2,50,Local Road,SPRINGFIELD,WHITEHORSE,-37.810352,145.15164,2021,9,September,14,Midday,Weekday
T20210018619,2021-09-03,17:00:00,1,Collision with vehicle,5,Friday,130,REAR END(VEHICLES IN SAME LANE),9,785172,Not at intersection,2,50,Local Road,HOLLYWOOD,HUME,-37.619877,144.92831,2021,9,September,17,Afternoon Peak,Weekday
T20210018618,2021-09-03,15:33:00,4,Collision with a fixed object,5,Friday,183,OFF LEFT BEND INTO OBJECT/PARKED VEHICLE,1,697603,Not at intersection,3,100,Arterial Highway,MELBA,MURRINDINDI,-37.28944,145.46513,2021,9,September,15,Afternoon Peak,Weekday
T20210018603,2021-09-03,10:20:00,2,Struck Pedestrian,5,Friday,100,PED NEAR SIDE. PED HIT BY VEHICLE FROM THE RIGHT.,1,781175,T intersection,3,50,Local Road,ELM PARK,WYNDHAM,-37.873005,144.71983,2021,9,September,10,Midday,Weekday
T20210018616,2021-09-03,15:24:00,1,Collision with vehicle,5,Friday,147,VEHICLE STRIKES ANOTHER VEH WHILE EMERGING FROM DRIVEWAY,1,692061,Not at intersection,3,50,Local Road,STATION,CARDINIA,-38.079433,145.4851,2021,9,September,15,Afternoon Peak,Weekday
T20210018615,2021-09-03,12:03:00,1,Collision with vehicle,5,Friday,113,RIGHT NEAR (INTERSECTIONS ONLY),1,46818,T intersection,2,60,Arterial Other,CROYDON,MANNINGHAM,-37.760612,145.23418,2021,9,September,12,Midday,Weekday
T20210018664,2021-09-03,18:11:00,1,Collision with vehicle,5,Friday,160,VEHICLE COLLIDES WITH VEHICLE PARKED ON LEFT OF ROAD,3,692119,Not at intersection,3,60,Local Road,LIDDIARD,LATROBE,-38.19283,146.55234,2021,9,September,18,Afternoon Peak,Weekday
T20210018614,2021-09-03,15:10:00,1,Collision with vehicle,5,Friday,130,REAR END(VEHICLES IN SAME LANE),1,730867,Not at intersection,3,40,Arterial Highway,DOVETON,BALLARAT,-37.56043,143.85503,2021,9,September,15,Afternoon Peak,Weekday
T20210018702,2021-09-04,11:56:00,1,Collision with vehicle,6,Saturday,163,VEHICLE STRIKES DOOR OF PARKED/STATIONARY VEHICLE,1,694480,Not at intersection,3,50,Local Road,RATHCOWN,DAREBIN,-37.7088,145.01733,2021,9,September,11,Midday,Weekend
T20210018661,2021-09-04,11:45:00,4,Collision with a fixed object,6,Saturday,173,RIGHT OFF CARRIAGEWAY INTO OBJECT/PARKED VEHICLE,1,692669,Not at intersection,3,60,Local Road,HARRINGTON,WARRNAMBOOL,-38.36433,142.44977,2021,9,September,11,Midday,Weekend
T20210018659,2021-09-04,07:47:00,4,Collision with a fixed object,6,Saturday,183,OFF LEFT BEND INTO OBJECT/PARKED VEHICLE,5,698692,Not at intersection,2,60,Local Road,BALD HILL,MACEDON RANGES,-37.232426,144.50072,2021,9,September,7,Morning Peak,Weekend
T20210018652,2021-09-04,09:00:00,1,Collision with vehicle,6,Saturday,130,REAR END(VEHICLES IN SAME LANE),1,35299,Cross intersection,2,50,Arterial Other,CURZON,MELBOURNE,-37.79875,144.94887,2021,9,September,9,Morning Peak,Weekend
T20210018651,2021-09-04,08:35:00,8,No collision and no object struck,6,Saturday,174,OUT OF CONTROL ON CARRIAGEWAY (ON STRAIGHT),1,58077,T intersection,3,60,Arterial Other,HIGH,STONNINGTON,-37.858307,145.04225,2021,9,September,8,Morning Peak,Weekend
T20210018689,2021-09-04,22:23:00,1,Collision with vehicle,6,Saturday,113,RIGHT NEAR (INTERSECTIONS ONLY),3,36796,Cross intersection,3,80,Arterial Other,NARRE WARREN NORTH,CASEY,-38.013874,145.3092,2021,9,September,22,Night,Weekend
T20210018647,2021-09-04,02:30:00,4,Collision with a fixed object,6,Saturday,181,OFF RIGHT BEND INTO OBJECT/PARKED VEHICLE,5,699405,Not at intersection,2,100,Arterial Highway,PRINCES,GLENELG,-38.254383,141.62613,2021,9,September,2,Late Night,Weekend
T20210018656,2021-09-04,09:07:00,1,Collision with vehicle,6,Saturday,116,LEFT NEAR (INTERSECTIONS ONLY),1,38224,T intersection,3,60,Arterial Highway,ROSANNA,BANYULE,-37.74287,145.07248,2021,9,September,9,Morning Peak,Weekend
T20220017045,2021-09-04,13:48:00,1,Collision with vehicle,6,Saturday,130,REAR END(VEHICLES IN SAME LANE),9,722704,Not at intersection,3,60,Arterial Other,MOUNTAIN,KNOX,-37.842182,145.25854,2021,9,September,13,Midday,Weekend
T20210023737,2021-09-04,12:20:00,5,collision with some other object,6,Saturday,166,STRUCK OBJECT ON CARRIAGEWAY,1,697796,T intersection,2,50,Local Road,CUTHBERTS,BALLARAT,-37.554924,143.81012,2021,9,September,12,Midday,Weekend
T20210020233,2021-09-04,20:30:00,8,No collision and no object struck,6,Saturday,170,OFF CARRIAGEWAY TO LEFT,6,694145,Not at intersection,3,60,Local Road,PARKER,MOUNT ALEXANDER,-37.056034,144.2167,2021,9,September,20,Night,Weekend
T20210018684,2021-09-04,20:15:00,1,Collision with vehicle,6,Saturday,121,RIGHT THROUGH,3,43877,Cross intersection,3,60,Arterial Other,CRANBOURNE-FRANKSTON ROAD -SLADEN,CASEY,-38.11089,145.26501,2021,9,September,20,Night,Weekend
T20210018663,2021-09-04,11:15:00,4,Collision with a fixed object,6,Saturday,171,LEFT OFF CARRIAGEWAY INTO OBJECT/PARKED VEHICLE,1,46541,T intersection,1,50,Local Road,DUNBAR,CASEY,-38.103706,145.2751,2021,9,September,11,Midday,Weekend
T20210018686,2021-09-04,19:42:00,1,Collision with vehicle,6,Saturday,110,CROSS TRAFFIC(INTERSECTIONS ONLY),3,29372,Cross intersection,3,60,Arterial Highway,RACECOURSE,MELBOURNE,-37.789406,144.94217,2021,9,September,19,Night,Weekend
T20210018690,2021-09-04,17:20:00,1,Collision with vehicle,6,Saturday,169,OTHER ON PATH,1,694930,Not at intersection,3,50,Local Road,HAZE,WYNDHAM,-37.908855,144.77318,2021,9,September,17,Afternoon Peak,Weekend
T20210018674,2021-09-04,16:46:00,1,Collision with vehicle,6,Saturday,132,RIGHT REAR.,1,693840,T intersection,3,60,Arterial Other,MALVERN,STONNINGTON,-37.869446,145.06075,2021,9,September,16,Afternoon Peak,Weekend
T20210018677,2021-09-04,16:45:00,4,Collision with a fixed object,6,Saturday,181,OFF RIGHT BEND INTO OBJECT/PARKED VEHICLE,1,692239,Not at intersection,3,100,Arterial Highway,SOUTH GIPPSLAND,CARDINIA,-38.216385,145.50352,2021,9,September,16,Afternoon Peak,Weekend
T20210018681,2021-09-04,15:34:00,1,Collision with vehicle,6,Saturday,132,RIGHT REAR.,1,41494,T intersection,2,60,Arterial Other,WAVERLEY,STONNINGTON,-37.879803,145.07341,2021,9,September,15,Afternoon Peak,Weekend
T20220028616,2021-09-04,23:20:00,1,Collision with vehicle,6,Saturday,139,OTHER SAME DIRECTION-MANOUEVRES NOT INCLUDED IN DCAs 130-137,3,35870,T intersection,3,50,Local Road,CAIRNLEA,BRIMBANK,-37.767845,144.7903,2021,9,September,23,Night,Weekend
T20210018717,2021-09-05,17:00:00,1,Collision with vehicle,7,Sunday,110,CROSS TRAFFIC(INTERSECTIONS ONLY),1,45114,Cross intersection,2,60,Arterial Other,BILLSON,BASS COAST,-38.612972,145.59396,2021,9,September,17,Afternoon Peak,Weekend
T20210019399,2021-09-05,18:00:00,1,Collision with vehicle,7,Sunday,130,REAR END(VEHICLES IN SAME LANE),3,693416,Cross intersection,3,50,Local Road,BERRIGAN,WHITTLESEA,-37.62952,145.00797,2021,9,September,18,Afternoon Peak,Weekend
T20210018714,2021-09-05,14:43:00,1,Collision with vehicle,7,Sunday,121,RIGHT THROUGH,1,2611,Cross intersection,3,60,Arterial Other,MOUNTAIN,KNOX,-37.841267,145.26505,2021,9,September,14,Midday,Weekend
T20210018721,2021-09-05,17:52:00,4,Collision with a fixed object,7,Sunday,171,LEFT OFF CARRIAGEWAY INTO OBJECT/PARKED VEHICLE,1,700184,T intersection,2,80,Arterial Highway,GEELONG,MARIBYRNONG,-37.813698,144.86029,2021,9,September,17,Afternoon Peak,Weekend
T20210018710,2021-09-05,10:50:00,1,Collision with vehicle,7,Sunday,140,U TURN,1,628658,T intersection,2,80,Arterial Other,ASSEMBLY,HUME,-37.706635,144.86604,2021,9,September,10,Midday,Weekend
T20210018712,2021-09-05,13:50:00,1,Collision with vehicle,7,Sunday,113,RIGHT NEAR (INTERSECTIONS ONLY),1,281709,T intersection,3,70,Arterial Other,CHILDS,WHITTLESEA,-37.668514,145.06212,2021,9,September,13,Midday,Weekend
T20210018706,2021-09-05,09:37:00,1,Collision with vehicle,7,Sunday,113,RIGHT NEAR (INTERSECTIONS ONLY),1,37696,T intersection,3,60,Arterial Other,SETTLEMENT,WHITTLESEA,-37.687813,145.01257,2021,9,September,9,Morning Peak,Weekend
T20210018730,2021-09-05,21:41:00,1,Collision with vehicle,7,Sunday,160,VEHICLE COLLIDES WITH VEHICLE PARKED ON LEFT OF ROAD,3,723465,Not at intersection,2,60,Arterial Other,DALTON,WHITTLESEA,-37.670162,145.03171,2021,9,September,21,Night,Weekend
T20210018763,2021-09-06,17:07:00,1,Collision with vehicle,1,Monday,130,REAR END(VEHICLES IN SAME LANE),1,53347,Not at intersection,3,60,Arterial Highway,SPRINGVALE,MONASH,-37.87721,145.16629,2021,9,September,17,Afternoon Peak,Weekday
T20210018761,2021-09-06,14:25:00,1,Collision with vehicle,1,Monday,110,CROSS TRAFFIC(INTERSECTIONS ONLY),1,350107,Multiple intersection,2,70,Arterial Other,SHARPS,HUME,-37.707115,144.88579,2021,9,September,14,Midday,Weekday
T20210018769,2021-09-06,13:20:00,2,Struck Pedestrian,1,Monday,100,PED NEAR SIDE. PED HIT BY VEHICLE FROM THE RIGHT.,1,49904,T intersection,3,50,Arterial Highway,LATROBE,GEELONG,-38.14376,144.3533,2021,9,September,13,Midday,Weekday
T20210018757,2021-09-06,15:15:00,1,Collision with vehicle,1,Monday,113,RIGHT NEAR (INTERSECTIONS ONLY),1,46742,T intersection,2,60,Arterial Other,CLYDE-FIVE WAYS,CASEY,-38.12717,145.32552,2021,9,September,15,Afternoon Peak,Weekday
T20210018755,2021-09-06,12:14:00,1,Collision with vehicle,1,Monday,111,RIGHT FAR (INTERSECTIONS ONLY),1,49775,T intersection,2,60,Arterial Other,SEPARATION,GEELONG,-38.110493,144.34071,2021,9,September,12,Midday,Weekday
T20210018772,2021-09-06,17:10:00,1,Collision with vehicle,1,Monday,111,RIGHT FAR (INTERSECTIONS ONLY),1,42484,Cross intersection,2,50,Local Road,ROYAL,DANDENONG,-37.95391,145.14806,2021,9,September,17,Afternoon Peak,Weekday
T20210018774,2021-09-06,19:00:00,1,Collision with vehicle,1,Monday,130,REAR END(VEHICLES IN SAME LANE),3,693489,Not at intersection,3,80,Arterial Other,HEATHERTON,DANDENONG,-37.97112,145.22379,2021,9,September,19,Night,Weekday
T20210018754,2021-09-06,13:15:00,1,Collision with vehicle,1,Monday,110,CROSS TRAFFIC(INTERSECTIONS ONLY),1,51526,Cross intersection,3,60,Arterial Other,BENDIGO-EAGLEHAWK,BENDIGO,-36.728706,144.26189,2021,9,September,13,Midday,Weekday
T20210018749,2021-09-06,13:05:00,1,Collision with vehicle,1,Monday,110,CROSS TRAFFIC(INTERSECTIONS ONLY),1,359243,Cross intersection,2,50,Local Road,KING EDWARD,BRIMBANK,-37.781452,144.81828,2021,9,September,13,Midday,Weekday
T20210018746,2021-09-06,12:33:00,1,Collision with vehicle,1,Monday,113,RIGHT NEAR (INTERSECTIONS ONLY),1,52887,T intersection,3,100,Arterial Other,BALLARAT-CARNGHAM,BALLARAT,-37.562683,143.74837,2021,9,September,12,Midday,Weekday
T20210018743,2021-09-06,12:30:00,1,Collision with vehicle,1,Monday,140,U TURN,1,692275,Not at intersection,3,60,Local Road,NEW,BAYSIDE,-37.91197,144.99171,2021,9,September,12,Midday,Weekday
T20210018736,2021-09-06,07:35:00,4,Collision with a fixed object,1,Monday,171,LEFT OFF CARRIAGEWAY INTO OBJECT/PARKED VEHICLE,1,85771,Not at intersection,2,60,Arterial Other,MAIN,NILLUMBIK,-37.674297,145.14798,2021,9,September,7,Morning Peak,Weekday
T20210018734,2021-09-06,08:11:00,1,Collision with vehicle,1,Monday,147,VEHICLE STRIKES ANOTHER VEH WHILE EMERGING FROM DRIVEWAY,1,45055,T intersection,2,60,Arterial Other,MCINTYRE,BRIMBANK,-37.767994,144.83041,2021,9,September,8,Morning Peak,Weekday
T20210018776,2021-09-06,15:40:00,1,Collision with vehicle,1,Monday,113,RIGHT NEAR (INTERSECTIONS ONLY),1,8966,T intersection,3,70,Arterial Highway,LATROBE,GEELONG,-38.144966,144.35324,2021,9,September,15,Afternoon Peak,Weekday
T20210018779,2021-09-06,17:52:00,1,Collision with vehicle,1,Monday,121,RIGHT THROUGH,1,346616,Multiple intersection,3,80,Freeway,PRINCES,CASEY,-38.02835,145.32202,2021,9,September,17,Afternoon Peak,Weekday
T20210018786,2021-09-06,18:45:00,1,Collision with vehicle,1,Monday,113,RIGHT NEAR (INTERSECTIONS ONLY),3,43081,T intersection,2,80,Arterial Highway,STUD,DANDENONG,-37.96746,145.22388,2021,9,September,18,Afternoon Peak,Weekday