ACCIDENT_NO,ACCIDENT_DATE,ACCIDENT_TIME,ACCIDENT_TYPE,ACCIDENT_TYPE_DESC,DAY_OF_WEEK,DAY_WEEK_DESC,DCA_CODE,DCA_DESC,LIGHT_CONDITION,NODE_ID,ROAD_GEOMETRY_DESC,SEVERITY,SPEED_ZONE,RMA,ROAD_NAME,LGA_NAME,LATITUDE,LONGITUDE,YEAR,MONTH,MONTH_NAME,HOUR,TIME_PERIOD,DAY_TYPE
T20210018878,2021-09-06,15:55:00,1,Collision with vehicle,1,Monday,163,VEHICLE STRIKES DOOR OF PARKED/STATIONARY VEHICLE,1,704253,Not at intersection,3,60,Arterial Other,FLEMINGTON ROAD SERVICE,MELBOURNE,-37.79695,144.95139,2021,9,September,15,Afternoon Peak,Weekday
T20210018802,2021-09-06,19:45:00,6,Vehicle overturned (no collision),1,Monday,174,OUT OF CONTROL ON CARRIAGEWAY (ON STRAIGHT),5,704252,Not at intersection,3,100,Local Road,CLYNE,YARRIAMBIACK,-36.211414,142.27003,2021,9,September,19,Night,Weekday
T20210018781,2021-09-06,14:57:00,1,Collision with vehicle,1,Monday,147,VEHICLE STRIKES ANOTHER VEH WHILE EMERGING FROM DRIVEWAY,1,234746,Not at intersection,3,70,Arterial Other,EPPING,WHITTLESEA,-37.65311,145.02284,2021,9,September,14,Midday,Weekday
T20210018777,2021-09-06,20:05:00,2,Struck Pedestrian,1,Monday,105,PED WALKING AGAINST TRAFFIC.,3,69256,T intersection,3,60,Local Road,COATES,EAST GIPPSLAND,-37.872616,147.99529,2021,9,September,20,Night,Weekday
T20210020207,2021-09-06,13:20:00,1,Collision with vehicle,1,Monday,121,RIGHT THROUGH,1,52064,T intersection,3,60,Local Road,GUTHRIDGE,WELLINGTON,-38.107964,147.08197,2021,9,September,13,Midday,Weekday
T20210018813,2021-09-06,17:26:00,2,Struck Pedestrian,1,Monday,100,PED NEAR SIDE. PED HIT BY VEHICLE FROM THE RIGHT.,2,45115,Cross intersection,2,50,Local Road,DEVONSHIRE,BRIMBANK,-37.78647,144.84598,2021,9,September,17,Afternoon Peak,Weekday
T20210018764,2021-09-06,15:53:00,1,Collision with vehicle,1,Monday,130,REAR END(VEHICLES IN SAME LANE),1,699768,Not at intersection,2,60,Freeway,PRINCES,CASEY,-38.06618,145.37662,2021,9,September,15,Afternoon Peak,Weekday
T20210018842,2021-09-07,13:55:00,1,Collision with vehicle,2,Tuesday,130,REAR END(VEHICLES IN SAME LANE),1,692180,Not at intersection,3,70,Arterial Other,POUND,CASEY,-38.050133,145.29842,2021,9,September,13,Midday,Weekday
T20210018844,2021-09-07,17:00:00,1,Collision with vehicle,2,Tuesday,139,OTHER SAME DIRECTION-MANOUEVRES NOT INCLUDED IN DCAs 130-137,1,692354,Not at intersection,3,50,Local Road,SAMARINDA,BOROONDARA,-37.866455,145.08336,2021,9,September,17,Afternoon Peak,Weekday
T20210018836,2021-09-07,12:40:00,6,Vehicle overturned (no collision),2,Tuesday,184,OUT OF CONTROL ON CARRIAGEWAY (ON BEND),1,693501,Not at intersection,2,100,Local Road,COLAC-LORNE,COLAC OTWAY,-38.381493,143.75009,2021,9,September,12,Midday,Weekday
T20210018847,2021-09-07,21:10:00,4,Collision with a fixed object,2,Tuesday,173,RIGHT OFF CARRIAGEWAY INTO OBJECT/PARKED VEHICLE,3,693490,Not at intersection,3,40,Arterial Other,BRIDGE,YARRA,-37.817764,144.99191,2021,9,September,21,Night,Weekday
T20210023096,2021-09-07,11:07:00,1,Collision with vehicle,2,Tuesday,113,RIGHT NEAR (INTERSECTIONS ONLY),1,41700,T intersection,3,60,Arterial Other,CLAYTON,MONASH,-37.918144,145.12108,2021,9,September,11,Midday,Weekday
T20210018848,2021-09-07,16:15:00,4,Collision with a fixed object,2,Tuesday,171,LEFT OFF CARRIAGEWAY INTO OBJECT/PARKED VEHICLE,1,698820,Not at intersection,2,80,Local Road,DUKELOWS,WYNDHAM,-37.8045,144.59041,2021,9,September,16,Afternoon Peak,Weekday
T20210018849,2021-09-07,13:27:00,1,Collision with vehicle,2,Tuesday,121,RIGHT THROUGH,1,610123,Cross intersection,3,40,Arterial Other,BERWICK-CRANBOURNE ROAD -CLYDE,CASEY,-38.074493,145.33534,2021,9,September,13,Midday,Weekday
T20210018794,2021-09-07,06:28:00,1,Collision with vehicle,2,Tuesday,113,RIGHT NEAR (INTERSECTIONS ONLY),1,692241,Cross intersection,3,40,Local Road,OHERNS,WHITTLESEA,-37.633953,144.9933,2021,9,September,6,Morning Peak,Weekday
T20210018795,2021-09-07,07:40:00,1,Collision with vehicle,2,Tuesday,133,LANE SIDE SWIPE (VEHICLES IN PARALLEL LANES),1,707610,Not at intersection,2,80,Freeway,CLYDE-PRINCES OUT,CASEY,-38.047146,145.34624,2021,9,September,7,Morning Peak,Weekday
T20210019093,2021-09-07,15:30:00,1,Collision with vehicle,2,Tuesday,130,REAR END(VEHICLES IN SAME LANE),1,696742,Not at intersection,3,40,Arterial Other,PLENTY,WHITTLESEA,-37.613277,145.09291,2021,9,September,15,Afternoon Peak,Weekday
T20210018797,2021-09-07,08:20:00,1,Collision with vehicle,2,Tuesday,121,RIGHT THROUGH,1,36804,Cross intersection,3,40,Local Road,JOHNSON,PORT PHILLIP,-37.82948,144.94609,2021,9,September,8,Morning Peak,Weekday
T20210018825,2021-09-07,14:15:00,1,Collision with vehicle,2,Tuesday,160,VEHICLE COLLIDES WITH VEHICLE PARKED ON LEFT OF ROAD,1,692816,T intersection,3,50,Local Road,STRATHMERTON,DAREBIN,-37.711426,145.015,2021,9,September,14,Midday,Weekday
T20210018969,2021-09-07,12:45:00,1,Collision with vehicle,2,Tuesday,130,REAR END(VEHICLES IN SAME LANE),1,694308,Not at intersection,2,60,Local Road,CHARMAN,BAYSIDE,-37.968334,145.05515,2021,9,September,12,Midday,Weekday
T20210018803,2021-09-07,08:00:00,1,Collision with vehicle,2,Tuesday,160,VEHICLE COLLIDES WITH VEHICLE PARKED ON LEFT OF ROAD,2,692384,Not at intersection,3,50,Local Road,HUME,KNOX,-37.916904,145.28741,2021,9,September,8,Morning Peak,Weekday
T20210018804,2021-09-07,09:34:00,1,Collision with vehicle,2,Tuesday,110,CROSS TRAFFIC(INTERSECTIONS ONLY),1,692243,Multiple intersection,3,60,Arterial Other,ANAKIE ROAD -MATTHEWS,GEELONG,-38.081326,144.33716,2021,9,September,9,Morning Peak,Weekday
T20210018934,2021-09-07,19:10:00,1,Collision with vehicle,2,Tuesday,137,LEFT TURN SIDESWIPE,3,38006,T intersection,2,60,Arterial Other,HEIDELBERG,DAREBIN,-37.78408,145.00963,2021,9,September,19,Night,Weekday
T20210018815,2021-09-07,10:35:00,4,Collision with a fixed object,2,Tuesday,173,RIGHT OFF CARRIAGEWAY INTO OBJECT/PARKED VEHICLE,1,697139,Not at intersection,2,100,Local Road,CARMODYS,STRATHBOGIE,-36.773067,145.34743,2021,9,September,10,Midday,Weekday
T20210018816,2021-09-07,06:45:00,1,Collision with vehicle,2,Tuesday,152,PULLING OUT (OVERTAKING),2,730873,Not at intersection,2,60,Local Road,OBRIENS,GEELONG,-38.055927,144.36343,2021,9,September,6,Morning Peak,Weekday
T20210018824,2021-09-07,13:40:00,1,Collision with vehicle,2,Tuesday,121,RIGHT THROUGH,1,52069,Cross intersection,2,60,Arterial Highway,YORK,WELLINGTON,-38.10935,147.0684,2021,9,September,13,Midday,Weekday
T20210018832,2021-09-07,15:40:00,1,Collision with vehicle,2,Tuesday,130,REAR END(VEHICLES IN SAME LANE),1,730874,Not at intersection,2,60,Arterial Other,GISBORNE,MOORABOOL,-37.663048,144.43977,2021,9,September,15,Afternoon Peak,Weekday
T20210018834,2021-09-07,16:29:00,1,Collision with vehicle,2,Tuesday,130,REAR END(VEHICLES IN SAME LANE),1,730875,T intersection,2,60,Local Road,SOUTH BEACH,SURF COAST,-38.302273,144.33609,2021,9,September,16,Afternoon Peak,Weekday
T20210018841,2021-09-07,14:40:00,1,Collision with vehicle,2,Tuesday,121,RIGHT THROUGH,1,355716,Cross intersection,2,80,Arterial Other,YORKMINSTER,KNOX,-37.849766,145.23405,2021,9,September,14,Midday,Weekday
T20210019407,2021-09-08,11:55:00,1,Collision with vehicle,3,Wednesday,140,U TURN,1,695006,Not at intersection,3,50,Arterial Other,LANGS,MELBOURNE,-37.7821,144.90897,2021,9,September,11,Midday,Weekday
T20210018877,2021-09-08,16:00:00,4,Collision with a fixed object,3,Wednesday,183,OFF LEFT BEND INTO OBJECT/PARKED VEHICLE,1,692356,Not at intersection,2,80,Local Road,L L,CARDINIA,-38.042645,145.39618,2021,9,September,16,Afternoon Peak,Weekday
T20210018880,2021-09-08,17:15:00,1,Collision with vehicle,3,Wednesday,120,HEAD ON (NOT OVERTAKING),1,693057,Not at intersection,3,50,Arterial Other,JELLS ROAD SERVICE,MONASH,-37.920418,145.18668,2021,9,September,17,Afternoon Peak,Weekday
T20210019188,2021-09-08,18:30:00,1,Collision with vehicle,3,Wednesday,133,LANE SIDE SWIPE (VEHICLES IN PARALLEL LANES),1,696789,Not at intersection,3,50,Local Road,TURNER,YARRA,-37.799313,144.99747,2021,9,September,18,Afternoon Peak,Weekday
T20210018882,2021-09-08,17:54:00,1,Collision with vehicle,3,Wednesday,130,REAR END(VEHICLES IN SAME LANE),2,692410,Not at intersection,3,70,Arterial Other,DONCASTER,MANNINGHAM,-37.78703,145.1439,2021,9,September,17,Afternoon Peak,Weekday
T20210018900,2021-09-08,10:50:00,1,Collision with vehicle,3,Wednesday,147,VEHICLE STRIKES ANOTHER VEH WHILE EMERGING FROM DRIVEWAY,1,692380,Not at intersection,3,60,Arterial Other,BURGUNDY,BANYULE,-37.75527,145.05818,2021,9,September,10,Midday,Weekday
T20210018884,2021-09-08,17:50:00,1,Collision with vehicle,3,Wednesday,113,RIGHT NEAR (INTERSECTIONS ONLY),2,57075,T intersection,2,80,Arterial Highway,HOPKINS,WARRNAMBOOL,-38.32517,142.5056,2021,9,September,17,Afternoon Peak,Weekday
T20210018875,2021-09-08,15:00:00,1,Collision with vehicle,3,Wednesday,130,REAR END(VEHICLES IN SAME LANE),1,692595,Not at intersection,3,80,Arterial Other,MELTON,BRIMBANK,-37.69527,144.77196,2021,9,September,15,Afternoon Peak,Weekday
T20210018886,2021-09-08,18:11:00,4,Collision with a fixed object,3,Wednesday,173,RIGHT OFF CARRIAGEWAY INTO OBJECT/PARKED VEHICLE,2,694665,Not at intersection,3,100,Arterial Highway,SUNRAYSIA,PYRENEES,-37.145287,143.52069,2021,9,September,18,Afternoon Peak,Weekday
T20210018889,2021-09-08,17:40:00,2,Struck Pedestrian,3,Wednesday,101,PED EMERGES FROM IN FRONT OF PARKED OR STATIONARY VEHICLE,1,698242,Not at intersection,2,50,Local Road,SAUL,CASEY,-38.075035,145.35089,2021,9,September,17,Afternoon Peak,Weekday
T20210018921,2021-09-08,17:00:00,1,Collision with vehicle,3,Wednesday,129,OTHER OPPOSING MANOEUVRES NOT INCLUDED IN DCAs 120-125.,1,699103,Not at intersection,2,70,Arterial Other,CAMP,HUME,-37.689423,144.95715,2021,9,September,17,Afternoon Peak,Weekday
T20210018890,2021-09-08,18:47:00,1,Collision with vehicle,3,Wednesday,110,CROSS TRAFFIC(INTERSECTIONS ONLY),2,16760,Cross intersection,3,100,Arterial Highway,HENTY,GLENELG,-37.949253,141.75125,2021,9,September,18,Afternoon Peak,Weekday
T20210018919,2021-09-08,07:53:00,1,Collision with vehicle,3,Wednesday,130,REAR END(VEHICLES IN SAME LANE),1,693491,Not at intersection,3,100,Freeway,WESTERN RING,HUME,-37.692142,144.95018,2021,9,September,7,Morning Peak,Weekday
T20210019081,2021-09-08,06:15:00,1,Collision with vehicle,3,Wednesday,136,RIGHT TURN SIDESWIPE,1,694594,Multiple intersection,3,60,Arterial Other,SPENCER,MELBOURNE,-37.805454,144.94313,2021,9,September,6,Morning Peak,Weekday
T20210018891,2021-09-08,19:15:00,1,Collision with vehicle,3,Wednesday,120,HEAD ON (NOT OVERTAKING),5,692526,Not at intersection,2,60,Local Road,ARMY,CARDINIA,-38.0413,145.5043,2021,9,September,19,Night,Weekday
T20210018901,2021-09-08,20:06:00,1,Collision with vehicle,3,Wednesday,160,VEHICLE COLLIDES WITH VEHICLE PARKED ON LEFT OF ROAD,3,696164,Not at intersection,2,60,Arterial Other,HULL,YARRA RANGES,-37.783615,145.32257,2021,9,September,20,Night,Weekday
T20210018853,2021-09-08,08:35:00,2,Struck Pedestrian,3,Wednesday,100,PED NEAR SIDE. PED HIT BY VEHICLE FROM THE RIGHT.,1,694223,Cross intersection,2,60,Local Road,DENDY,BAYSIDE,-37.92084,145.00577,2021,9,September,8,Morning Peak,Weekday
T20210018854,2021-09-08,07:19:00,4,Collision with a fixed object,3,Wednesday,173,RIGHT OFF CARRIAGEWAY INTO OBJECT/PARKED VEHICLE,1,286107,T intersection,2,50,Arterial Highway,MURRAY VALLEY,WODONGA,-36.0737,146.72624,2021,9,September,7,Morning Peak,Weekday
T20210018857,2021-09-08,07:45:00,1,Collision with vehicle,3,Wednesday,121,RIGHT THROUGH,1,51604,T intersection,2,50,Arterial Highway,MCCRAE STREET -PALL MALL,BENDIGO,-36.756912,144.28229,2021,9,September,7,Morning Peak,Weekday
T20210018859,2021-09-08,08:16:00,1,Collision with vehicle,3,Wednesday,135,LANE CHANGE LEFT (NOT OVERTAKING),1,730877,Not at intersection,2,80,Freeway,WEST GATE,MELBOURNE,-37.82751,144.95274,2021,9,September,8,Morning Peak,Weekday
T20210018903,2021-09-08,16:20:00,1,Collision with vehicle,3,Wednesday,139,OTHER SAME DIRECTION-MANOUEVRES NOT INCLUDED IN DCAs 130-137,2,693602,Not at intersection,2,100,Local Road,HEYFIELD-SEATON,WELLINGTON,-37.951515,146.71913,2021,9,September,16,Afternoon Peak,Weekday
T20210018895,2021-09-08,21:40:00,1,Collision with vehicle,3,Wednesday,160,VEHICLE COLLIDES WITH VEHICLE PARKED ON LEFT OF ROAD,3,730878,Not at intersection,2,60,Local Road,NEWCOMBE,GEELONG,-38.11562,144.65785,2021,9,September,21,Night,Weekday
T20220004631,2021-09-08,15:30:00,1,Collision with vehicle,3,Wednesday,130,REAR END(VEHICLES IN SAME LANE),9,43895,Cross intersection,3,60,Arterial Highway,SOUTH GIPPSLAND,CASEY,-38.105476,145.28201,2021,9,September,15,Afternoon Peak,Weekday
T20210018908,2021-09-08,09:50:00,1,Collision with vehicle,3,Wednesday,130,REAR END(VEHICLES IN SAME LANE),1,730879,Not at intersection,3,60,Arterial Highway,BELL,MORELAND,-37.737743,144.93364,2021,9,September,9,Morning Peak,Weekday
T20210018876,2021-09-08,16:25:00,1,Collision with vehicle,3,Wednesday,160,VEHICLE COLLIDES WITH VEHICLE PARKED ON LEFT OF ROAD,1,692615,Not at intersection,2,50,Local Road,JAMES,DAREBIN,-37.739346,144.98503,2021,9,September,16,Afternoon Peak,Weekday
T20210018909,2021-09-08,16:00:00,1,Collision with vehicle,3,Wednesday,137,LEFT TURN SIDESWIPE,1,289646,T intersection,3,60,Arterial Other,MARINE PARADE -ORMOND,PORT PHILLIP,-37.88192,144.97789,2021,9,September,16,Afternoon Peak,Weekday
T20210018932,2021-09-09,14:56:00,4,Collision with a fixed object,4,Thursday,181,OFF RIGHT BEND INTO OBJECT/PARKED VEHICLE,1,694159,Not at intersection,3,50,Local Road,CANTLE,WHITTLESEA,-37.64598,145.05505,2021,9,September,14,Midday,Weekday
T20220002573,2021-09-09,13:00:00,1,Collision with vehicle,4,Thursday,110,CROSS TRAFFIC(INTERSECTIONS ONLY),1,50710,Cross intersection,3,60,Arterial Highway,RAGLAN,WARRNAMBOOL,-38.384983,142.4949,2021,9,September,13,Midday,Weekday
T20220025909,2021-09-09,17:30:00,1,Collision with vehicle,4,Thursday,136,RIGHT TURN SIDESWIPE,1,71504,Cross intersection,3,100,Arterial Other,TRARALGON-MAFFRA,LATROBE,-38.09346,146.59949,2021,9,September,17,Afternoon Peak,Weekday
T20210018923,2021-09-09,12:00:00,8,No collision and no object struck,4,Thursday,170,OFF CARRIAGEWAY TO LEFT,1,692851,Not at intersection,2,100,Local Road,HURSTBRIDGE-ARTHURS CREEK,NILLUMBIK,-37.603573,145.18315,2021,9,September,12,Midday,Weekday
T20210018897,2021-09-09,05:20:00,1,Collision with vehicle,4,Thursday,147,VEHICLE STRIKES ANOTHER VEH WHILE EMERGING FROM DRIVEWAY,3,781191,Not at intersection,3,60,Arterial Highway,NEPEAN,KINGSTON,-38.016907,145.09453,2021,9,September,5,Morning Peak,Weekday
T20210019325,2021-09-09,16:26:00,1,Collision with vehicle,4,Thursday,163,VEHICLE STRIKES DOOR OF PARKED/STATIONARY VEHICLE,1,781192,Not at intersection,3,60,Local Road,KOOYONG,GLEN EIRA,-37.86363,145.01927,2021,9,September,16,Afternoon Peak,Weekday
T20210020455,2021-09-09,14:46:00,1,Collision with vehicle,4,Thursday,175,OFF END OF ROAD/T-INTERSECTION.,1,776838,T intersection,2,50,Local Road,OWARRA,GEELONG,-38.222282,144.32285,2021,9,September,14,Midday,Weekday
T20210019080,2021-09-09,15:00:00,6,Vehicle overturned (no collision),4,Thursday,182,OFF CARRIAGEWAY ON LEFT BEND,1,694447,Y intersection,2,100,Arterial Other,DONALD-SWAN HILL,GANNAWARRA,-35.821423,143.36601,2021,9,September,15,Afternoon Peak,Weekday
T20210018937,2021-09-09,18:00:00,1,Collision with vehicle,4,Thursday,113,RIGHT NEAR (INTERSECTIONS ONLY),3,20850,T intersection,2,100,Arterial Other,MONASH,LATROBE,-38.269985,146.42346,2021,9,September,18,Afternoon Peak,Weekday
T20210018906,2021-09-09,05:45:00,4,Collision with a fixed object,4,Thursday,171,LEFT OFF CARRIAGEWAY INTO OBJECT/PARKED VEHICLE,2,692319,Not at intersection,1,80,Arterial Other,HEIDELBERG-KINGLAKE,NILLUMBIK,-37.650635,145.18962,2021,9,September,5,Morning Peak,Weekday
T20210018933,2021-09-09,15:20:00,1,Collision with vehicle,4,Thursday,130,REAR END(VEHICLES IN SAME LANE),1,256328,T intersection,3,60,Local Road,BENTONS,MORNINGTON PENINSULA,-38.248783,145.05577,2021,9,September,15,Afternoon Peak,Weekday
T20210018936,2021-09-09,16:28:00,1,Collision with vehicle,4,Thursday,121,RIGHT THROUGH,1,51967,T intersection,3,80,Arterial Highway,MAIN STREET -PRINCES,EAST GIPPSLAND,-37.843487,147.58871,2021,9,September,16,Afternoon Peak,Weekday
T20210020597,2021-09-09,15:20:00,1,Collision with vehicle,4,Thursday,110,CROSS TRAFFIC(INTERSECTIONS ONLY),1,694675,Cross intersection,3,60,Arterial Other,WAVERLEY,MONASH,-37.882507,145.10893,2021,9,September,15,Afternoon Peak,Weekday
T20210018963,2021-09-09,20:30:00,1,Collision with vehicle,4,Thursday,169,OTHER ON PATH,9,692591,Not at intersection,3,60,Arterial Highway,NEPEAN HIGHWAY SERVICE,BAYSIDE,-37.912663,145.0151,2021,9,September,20,Night,Weekday
T20210018927,2021-09-09,09:40:00,4,Collision with a fixed object,4,Thursday,171,LEFT OFF CARRIAGEWAY INTO OBJECT/PARKED VEHICLE,1,695496,Not at intersection,2,100,Arterial Other,ROBINVALE-SEA LAKE,SWAN HILL,-34.671707,142.77391,2021,9,September,9,Morning Peak,Weekday
T20210023721,2021-09-09,14:01:00,1,Collision with vehicle,4,Thursday,132,RIGHT REAR.,1,778495,Not at intersection,3,80,Local Road,HALL,FRANKSTON,-38.10385,145.2079,2021,9,September,14,Midday,Weekday
T20210018948,2021-09-09,19:50:00,4,Collision with a fixed object,4,Thursday,181,OFF RIGHT BEND INTO OBJECT/PARKED VEHICLE,5,741535,Not at intersection,2,80,Local Road,AVIATION,WYNDHAM,-37.92761,144.74269,2021,9,September,19,Night,Weekday
T20210018942,2021-09-09,15:15:00,1,Collision with vehicle,4,Thursday,147,VEHICLE STRIKES ANOTHER VEH WHILE EMERGING FROM DRIVEWAY,1,692412,Not at intersection,3,60,Arterial Other,MILITARY,MOONEE VALLEY,-37.767307,144.86417,2021,9,September,15,Afternoon Peak,Weekday
T20210018916,2021-09-09,11:39:00,1,Collision with vehicle,4,Thursday,110,CROSS TRAFFIC(INTERSECTIONS ONLY),1,41672,Cross intersection,3,50,Local Road,JUSTIN,MORELAND,-37.704422,144.93387,2021,9,September,11,Midday,Weekday
T20210018917,2021-09-09,11:30:00,1,Collision with vehicle,4,Thursday,147,VEHICLE STRIKES ANOTHER VEH WHILE EMERGING FROM DRIVEWAY,1,692357,Not at intersection,2,60,Local Road,BAYVIEW,MORNINGTON PENINSULA,-38.359207,144.92294,2021,9,September,11,Midday,Weekday
T20210018992,2021-09-10,20:16:00,1,Collision with vehicle,5,Friday,160,VEHICLE COLLIDES WITH VEHICLE PARKED ON LEFT OF ROAD,5,730881,Not at intersection,2,50,Local Road,STRATHMORE,SURF COAST,-38.34259,144.29672,2021,9,September,20,Night,Weekday
T20210018990,2021-09-10,13:51:00,1,Collision with vehicle,5,Friday,120,HEAD ON (NOT OVERTAKING),1,706463,T intersection,2,60,Local Road,PLEASANT,BALLARAT,-37.567688,143.83757,2021,9,September,13,Midday,Weekday
T20210018988,2021-09-10,16:00:00,1,Collision with vehicle,5,Friday,130,REAR END(VEHICLES IN SAME LANE),1,730880,Not at intersection,3,80,Arterial Highway,MURRAY VALLEY,WODONGA,-36.137806,146.91049,2021,9,September,16,Afternoon Peak,Weekday
T20210018987,2021-09-10,17:32:00,1,Collision with vehicle,5,Friday,130,REAR END(VEHICLES IN SAME LANE),1,692618,Not at intersection,3,80,Arterial Highway,SOUTH GIPPSLAND,CASEY,-38.048443,145.25626,2021,9,September,17,Afternoon Peak,Weekday
T20210018986,2021-09-10,17:00:00,6,Vehicle overturned (no collision),5,Friday,180,OFF CARRIAGEWAY ON RIGHT BEND,1,692672,Not at intersection,3,100,Arterial Other,NHILL-HARROW,WEST WIMMERA,-36.990707,141.6071,2021,9,September,17,Afternoon Peak,Weekday
T20210018984,2021-09-10,13:13:00,1,Collision with vehicle,5,Friday,120,HEAD ON (NOT OVERTAKING),1,696597,Not at intersection,2,100,Arterial Highway,PRINCES,MOYNE,-38.301476,142.79378,2021,9,September,13,Midday,Weekday
T20210018982,2021-09-10,15:00:00,1,Collision with vehicle,5,Friday,110,CROSS TRAFFIC(INTERSECTIONS ONLY),1,73844,Cross intersection,2,100,Arterial Other,FRANKSTON-FLINDERS,MORNINGTON PENINSULA,-38.406666,145.06538,2021,9,September,15,Afternoon Peak,Weekday
T20210018980,2021-09-10,16:00:00,1,Collision with vehicle,5,Friday,140,U TURN,1,692617,Not at intersection,3,70,Local Road,FERRIS,MELTON,-37.70864,144.60144,2021,9,September,16,Afternoon Peak,Weekday
T20210018979,2021-09-10,15:36:00,7,Fall from or in moving vehicle,5,Friday,190,FELL IN/FROM VEHICLE,1,692817,Not at intersection,2,60,Arterial Highway,SPRINGVALE,DANDENONG,-37.962044,145.15039,2021,9,September,15,Afternoon Peak,Weekday
T20210018975,2021-09-10,14:54:00,1,Collision with vehicle,5,Friday,140,U TURN,1,692527,Not at intersection,2,50,Local Road,BAILEY,GEELONG,-38.197002,144.34764,2021,9,September,14,Midday,Weekday
T20210020312,2021-09-10,13:30:00,1,Collision with vehicle,5,Friday,130,REAR END(VEHICLES IN SAME LANE),1,704847,Not at intersection,2,80,Arterial Highway,PRINCES,GEELONG,-38.06491,144.38176,2021,9,September,13,Midday,Weekday
T20210019236,2021-09-10,15:35:00,8,No collision and no object struck,5,Friday,174,OUT OF CONTROL ON CARRIAGEWAY (ON STRAIGHT),1,38901,Multiple intersection,2,60,Arterial Other,HIGH,BOROONDARA,-37.806854,145.03064,2021,9,September,15,Afternoon Peak,Weekday
T20220010202,2021-09-10,13:00:00,1,Collision with vehicle,5,Friday,140,U TURN,1,711719,Not at intersection,3,50,Local Road,KING,WHITEHORSE,-37.819828,145.16432,2021,9,September,13,Midday,Weekday
T20210019530,2021-09-10,18:18:00,1,Collision with vehicle,5,Friday,116,LEFT NEAR (INTERSECTIONS ONLY),3,730891,T intersection,3,80,Arterial Highway,DINGLEY BYPASS -SOUTH,KINGSTON,-37.938656,145.0802,2021,9,September,18,Afternoon Peak,Weekday
T20210018955,2021-09-10,08:17:00,1,Collision with vehicle,5,Friday,130,REAR END(VEHICLES IN SAME LANE),1,698350,Not at intersection,2,80,Arterial Other,FERNTREE GULLY,MONASH,-37.90857,145.2048,2021,9,September,8,Morning Peak,Weekday
T20210018956,2021-09-10,07:30:00,1,Collision with vehicle,5,Friday,111,RIGHT FAR (INTERSECTIONS ONLY),1,692467,T intersection,3,50,Local Road,YORK,BALLARAT,-37.568687,143.87473,2021,9,September,7,Morning Peak,Weekday
T20210018954,2021-09-10,06:40:00,2,Struck Pedestrian,5,Friday,106,VEH STRIKES PED ON FOOTPATH/MEDIAN/TRAFFIC ISLAND.,1,696173,Not at intersection,3,80,Arterial Other,PRINCES,CARDINIA,-38.07105,145.47577,2021,9,September,6,Morning Peak,Weekday
T20210019098,2021-09-10,22:00:00,1,Collision with vehicle,5,Friday,110,CROSS TRAFFIC(INTERSECTIONS ONLY),3,223827,Cross intersection,3,70,Arterial Highway,PRINCES,GEELONG,-38.19689,144.3187,2021,9,September,22,Night,Weekday
T20210018960,2021-09-10,11:00:00,1,Collision with vehicle,5,Friday,110,CROSS TRAFFIC(INTERSECTIONS ONLY),1,58777,Cross intersection,3,100,Arterial Other,JOHN ALLAN,CAMPASPE,-36.225395,145.04951,2021,9,September,11,Midday,Weekday
T20210019588,2021-09-10,20:30:00,1,Collision with vehicle,5,Friday,131,LEFT REAR,3,695555,Not at intersection,3,80,Arterial Highway,SPRINGVALE,DANDENONG,-37.933224,145.15569,2021,9,September,20,Night,Weekday
T20210018961,2021-09-10,10:58:00,1,Collision with vehicle,5,Friday,121,RIGHT THROUGH,1,336122,T intersection,2,50,Local Road,WILLIAM THWAITES,CASEY,-38.085407,145.3161,2021,9,September,10,Midday,Weekday
T20210018962,2021-09-10,08:14:00,1,Collision with vehicle,5,Friday,130,REAR END(VEHICLES IN SAME LANE),1,697436,Not at intersection,3,80,Arterial Highway,MAROONDAH,MAROONDAH,-37.799618,145.25188,2021,9,September,8,Morning Peak,Weekday
T20210019017,2021-09-10,13:35:00,1,Collision with vehicle,5,Friday,135,LANE CHANGE LEFT (NOT OVERTAKING),1,144610,Not at intersection,3,100,Freeway,MONASH,STONNINGTON,-37.840332,145.03935,2021,9,September,13,Midday,Weekday
T20210018970,2021-09-10,11:43:00,1,Collision with vehicle,5,Friday,110,CROSS TRAFFIC(INTERSECTIONS ONLY),1,325004,Multiple intersection,3,70,Freeway,FERNTREE GULLY,MONASH,-37.903133,145.15721,2021,9,September,11,Midday,Weekday
T20210018971,2021-09-10,11:05:00,6,Vehicle overturned (no collision),5,Friday,180,OFF CARRIAGEWAY ON RIGHT BEND,1,697065,Not at intersection,3,60,Arterial Other,ALEXANDRA,STONNINGTON,-37.83397,145.00095,2021,9,September,11,Midday,Weekday
T20210019049,2021-09-10,13:13:00,1,Collision with vehicle,5,Friday,132,RIGHT REAR.,1,50900,Cross intersection,3,60,Local Road,BROCKLEY,WODONGA,-36.12794,146.88335,2021,9,September,13,Midday,Weekday
T20210019010,2021-09-10,14:45:00,2,Struck Pedestrian,5,Friday,107,PED ON FOOTHPATH STRUCK BY VEHENTERING/LEAVING DRIVEWAY.,1,698447,Not at intersection,3,60,Arterial Other,SOUTH,BAYSIDE,-37.929207,145.00381,2021,9,September,14,Midday,Weekday