ACCIDENT_NO,ACCIDENT_DATE,ACCIDENT_TIME,ACCIDENT_TYPE,ACCIDENT_TYPE_DESC,DAY_OF_WEEK,DAY_WEEK_DESC,DCA_CODE,DCA_DESC,LIGHT_CONDITION,NODE_ID,ROAD_GEOMETRY_DESC,SEVERITY,SPEED_ZONE,RMA,ROAD_NAME,LGA_NAME,LATITUDE,LONGITUDE,YEAR,MONTH,MONTH_NAME,HOUR,TIME_PERIOD,DAY_TYPE
T20210018977,2021-09-10,13:59:00,1,Collision with vehicle,5,Friday,121,RIGHT THROUGH,1,38537,T intersection,3,60,Arterial Other,ANDERSON,BRIMBANK,-37.79546,144.82635,2021,9,September,13,Midday,Weekday
T20210019209,2021-09-10,16:10:00,1,Collision with vehicle,5,Friday,130,REAR END(VEHICLES IN SAME LANE),1,347743,Cross intersection,3,80,Arterial Highway,SOUTH,BAYSIDE,-37.933094,145.03436,2021,9,September,16,Afternoon Peak,Weekday
T20210019001,2021-09-10,12:25:00,1,Collision with vehicle,5,Friday,112,LEFT FAR (INTERSECTIONS ONLY),1,52868,Cross intersection,2,60,Arterial Other,MAIR,BALLARAT,-37.560707,143.86617,2021,9,September,12,Midday,Weekday
T20210018998,2021-09-10,23:26:00,1,Collision with vehicle,5,Friday,110,CROSS TRAFFIC(INTERSECTIONS ONLY),3,36134,Cross intersection,3,60,Arterial Other,SUNSHINE,MARIBYRNONG,-37.799545,144.8621,2021,9,September,23,Night,Weekday
T20210019024,2021-09-11,12:03:00,6,Vehicle overturned (no collision),6,Saturday,174,OUT OF CONTROL ON CARRIAGEWAY (ON STRAIGHT),1,696110,Not at intersection,2,100,Local Road,CASTLE CROSSING,MILDURA,-34.50014,142.2998,2021,9,September,12,Midday,Weekend
T20210019023,2021-09-11,09:45:00,4,Collision with a fixed object,6,Saturday,181,OFF RIGHT BEND INTO OBJECT/PARKED VEHICLE,1,692550,Not at intersection,1,60,Arterial Other,BENDIGO-PYRAMID,BENDIGO,-36.538094,144.2056,2021,9,September,9,Morning Peak,Weekend
T20210019045,2021-09-11,23:00:00,4,Collision with a fixed object,6,Saturday,181,OFF RIGHT BEND INTO OBJECT/PARKED VEHICLE,5,692490,T intersection,1,100,Local Road,LONIES GAP,WANGARATTA,-36.295425,146.5576,2021,9,September,23,Night,Weekend
T20210019002,2021-09-11,05:15:00,8,No collision and no object struck,6,Saturday,174,OUT OF CONTROL ON CARRIAGEWAY (ON STRAIGHT),2,692457,Not at intersection,1,50,Local Road,DEARING,CASEY,-38.105953,145.27869,2021,9,September,5,Morning Peak,Weekend
T20210019047,2021-09-11,00:00:00,6,Vehicle overturned (no collision),6,Saturday,170,OFF CARRIAGEWAY TO LEFT,5,702426,Not at intersection,2,100,Local Road,MANSFIELDS,GANNAWARRA,-35.882076,144.20398,2021,9,September,0,Late Night,Weekend
T20210019162,2021-09-11,22:00:00,4,Collision with a fixed object,6,Saturday,173,RIGHT OFF CARRIAGEWAY INTO OBJECT/PARKED VEHICLE,5,718150,Not at intersection,2,100,Local Road,STEWARTS BRIDGE,MOIRA,-36.072403,145.00035,2021,9,September,22,Night,Weekend
T20210019584,2021-09-11,11:45:00,1,Collision with vehicle,6,Saturday,131,LEFT REAR,1,693493,T intersection,3,40,Arterial Other,ST KILDA ROAD SERVICE,PORT PHILLIP,-37.832867,144.97205,2021,9,September,11,Midday,Weekend
T20210019009,2021-09-11,09:53:00,2,Struck Pedestrian,6,Saturday,106,VEH STRIKES PED ON FOOTPATH/MEDIAN/TRAFFIC ISLAND.,1,692771,T intersection,3,40,Local Road,PRINCES,PORT PHILLIP,-37.838444,144.93727,2021,9,September,9,Morning Peak,Weekend
T20210019022,2021-09-11,13:19:00,1,Collision with vehicle,6,Saturday,120,HEAD ON (NOT OVERTAKING),1,694309,Not at intersection,2,100,Local Road,WEST FALLS,MITCHELL,-37.151302,145.17993,2021,9,September,13,Midday,Weekend
T20210019021,2021-09-11,11:12:00,1,Collision with vehicle,6,Saturday,110,CROSS TRAFFIC(INTERSECTIONS ONLY),1,52492,Cross intersection,3,50,Local Road,LEMON,MILDURA,-34.189156,142.16393,2021,9,September,11,Midday,Weekend
T20210019020,2021-09-11,11:41:00,2,Struck Pedestrian,6,Saturday,100,PED NEAR SIDE. PED HIT BY VEHICLE FROM THE RIGHT.,1,692619,Not at intersection,2,60,Arterial Other,MT ALEXANDER,MOONEE VALLEY,-37.744823,144.91055,2021,9,September,11,Midday,Weekend
T20210019149,2021-09-11,11:02:00,1,Collision with vehicle,6,Saturday,121,RIGHT THROUGH,1,33419,Cross intersection,3,70,Arterial Highway,LATROBE TERRACE -SETTLEMENT,GEELONG,-38.160526,144.3503,2021,9,September,11,Midday,Weekend
T20210019032,2021-09-11,19:32:00,1,Collision with vehicle,6,Saturday,120,HEAD ON (NOT OVERTAKING),3,694366,Not at intersection,2,50,Local Road,BAY,BAYSIDE,-37.90615,145.00731,2021,9,September,19,Night,Weekend
T20210019018,2021-09-11,06:45:00,4,Collision with a fixed object,6,Saturday,173,RIGHT OFF CARRIAGEWAY INTO OBJECT/PARKED VEHICLE,2,700058,Not at intersection,2,100,Arterial Highway,BASS,BASS COAST,-38.358253,145.56123,2021,9,September,6,Morning Peak,Weekend
T20210019034,2021-09-11,04:30:00,4,Collision with a fixed object,6,Saturday,173,RIGHT OFF CARRIAGEWAY INTO OBJECT/PARKED VEHICLE,3,692915,Not at intersection,3,100,Freeway,CITYLINK,MELBOURNE,-37.784676,144.93968,2021,9,September,4,Late Night,Weekend
T20210019008,2021-09-11,09:30:00,4,Collision with a fixed object,6,Saturday,171,LEFT OFF CARRIAGEWAY INTO OBJECT/PARKED VEHICLE,1,692529,Not at intersection,3,100,Local Road,OLD SYDNEY,HUME,-37.517864,144.89407,2021,9,September,9,Morning Peak,Weekend
T20210019028,2021-09-11,13:58:00,1,Collision with vehicle,6,Saturday,148,VEHICLE OFF FOOTPATH STRIKES VEH ON CARRIAGEWAY,1,693581,Not at intersection,3,50,Local Road,ARMIDALE,CARDINIA,-38.075485,145.48892,2021,9,September,13,Midday,Weekend
T20210019039,2021-09-11,20:20:00,4,Collision with a fixed object,6,Saturday,173,RIGHT OFF CARRIAGEWAY INTO OBJECT/PARKED VEHICLE,3,694547,Not at intersection,3,50,Local Road,DAMALA,MANNINGHAM,-37.793385,145.15419,2021,9,September,20,Night,Weekend
T20210019155,2021-09-11,13:15:00,4,Collision with a fixed object,6,Saturday,173,RIGHT OFF CARRIAGEWAY INTO OBJECT/PARKED VEHICLE,1,781196,Not at intersection,3,60,Local Road,TRUEMANS,MORNINGTON PENINSULA,-38.37191,144.86086,2021,9,September,13,Midday,Weekend
T20210019518,2021-09-11,18:10:00,1,Collision with vehicle,6,Saturday,131,LEFT REAR,2,693262,Not at intersection,3,80,Local Road,CHERRY TREE,NILLUMBIK,-37.643806,145.2355,2021,9,September,18,Afternoon Peak,Weekend
T20210021265,2021-09-11,12:00:00,4,Collision with a fixed object,6,Saturday,189,OTHER ACCIDENTS ON CURVE NOT INCLUDED IN DCAs 180-184,1,695683,Unknown,3,30,Local Road,JOSEPH YOUNG,MOUNT ALEXANDER,-37.005764,144.30894,2021,9,September,12,Midday,Weekend
T20210019123,2021-09-11,22:00:00,1,Collision with vehicle,6,Saturday,121,RIGHT THROUGH,9,38678,Cross intersection,3,60,Arterial Other,BALLARAT,MARIBYRNONG,-37.788597,144.88309,2021,9,September,22,Night,Weekend
T20210019413,2021-09-12,19:00:00,1,Collision with vehicle,7,Sunday,110,CROSS TRAFFIC(INTERSECTIONS ONLY),3,56940,Cross intersection,3,50,Local Road,CLARKE,BENALLA,-36.560192,145.96681,2021,9,September,19,Night,Weekend
T20210019085,2021-09-12,14:20:00,4,Collision with a fixed object,7,Sunday,171,LEFT OFF CARRIAGEWAY INTO OBJECT/PARKED VEHICLE,1,692551,Not at intersection,1,60,Arterial Other,DOUGLAS,HOBSONS BAY,-37.83711,144.8939,2021,9,September,14,Midday,Weekend
T20210019088,2021-09-12,20:29:00,4,Collision with a fixed object,7,Sunday,171,LEFT OFF CARRIAGEWAY INTO OBJECT/PARKED VEHICLE,3,695277,Not at intersection,3,50,Local Road,CIRCLE,CASEY,-38.0942,145.27933,2021,9,September,20,Night,Weekend
T20210019089,2021-09-12,20:05:00,6,Vehicle overturned (no collision),7,Sunday,174,OUT OF CONTROL ON CARRIAGEWAY (ON STRAIGHT),3,693058,T intersection,3,50,Local Road,WILLS,MONASH,-37.87911,145.13947,2021,9,September,20,Night,Weekend
T20210019090,2021-09-12,17:00:00,1,Collision with vehicle,7,Sunday,160,VEHICLE COLLIDES WITH VEHICLE PARKED ON LEFT OF ROAD,1,694750,Not at intersection,3,60,Arterial Other,BANK,LATROBE,-38.20198,146.5267,2021,9,September,17,Afternoon Peak,Weekend
T20210025532,2021-09-12,17:55:00,1,Collision with vehicle,7,Sunday,130,REAR END(VEHICLES IN SAME LANE),2,699403,Not at intersection,3,60,Arterial Other,STATION,BRIMBANK,-37.77079,144.77467,2021,9,September,17,Afternoon Peak,Weekend
T20210019078,2021-09-12,14:45:00,1,Collision with vehicle,7,Sunday,121,RIGHT THROUGH,1,359981,Cross intersection,3,60,Arterial Highway,GRANGE ROAD -JASPER,GLEN EIRA,-37.904514,145.04393,2021,9,September,14,Midday,Weekend
T20210019082,2021-09-12,14:40:00,4,Collision with a fixed object,7,Sunday,171,LEFT OFF CARRIAGEWAY INTO OBJECT/PARKED VEHICLE,1,694965,T intersection,2,80,Arterial Other,CRANBOURNE,CASEY,-38.03864,145.30453,2021,9,September,14,Midday,Weekend
T20210019077,2021-09-12,14:55:00,1,Collision with vehicle,7,Sunday,140,U TURN,1,692699,Not at intersection,2,60,Arterial Other,DORSET,MAROONDAH,-37.78958,145.29182,2021,9,September,14,Midday,Weekend
T20210019073,2021-09-12,13:15:00,1,Collision with vehicle,7,Sunday,112,LEFT FAR (INTERSECTIONS ONLY),1,781198,T intersection,3,50,Local Road,STOREY,BASS COAST,-38.594772,145.60056,2021,9,September,13,Midday,Weekend
T20210019071,2021-09-12,09:00:00,1,Collision with vehicle,7,Sunday,130,REAR END(VEHICLES IN SAME LANE),1,701640,Not at intersection,2,100,Freeway,PRINCES,WYNDHAM,-37.911465,144.68288,2021,9,September,9,Morning Peak,Weekend
T20210019060,2021-09-12,10:50:00,1,Collision with vehicle,7,Sunday,113,RIGHT NEAR (INTERSECTIONS ONLY),1,1191,T intersection,3,60,Local Road,BARWON HEADS,GEELONG,-38.17165,144.3507,2021,9,September,10,Midday,Weekend
T20210019058,2021-09-12,09:46:00,1,Collision with vehicle,7,Sunday,147,VEHICLE STRIKES ANOTHER VEH WHILE EMERGING FROM DRIVEWAY,1,435,Not at intersection,3,80,Arterial Highway,MAROONDAH,YARRA RANGES,-37.75884,145.3131,2021,9,September,9,Morning Peak,Weekend
T20210019104,2021-09-12,10:45:00,8,No collision and no object struck,7,Sunday,180,OFF CARRIAGEWAY ON RIGHT BEND,1,692620,Not at intersection,2,50,Local Road,GRAHAM,BANYULE,-37.740536,145.0821,2021,9,September,10,Midday,Weekend
T20210019142,2021-09-12,22:17:00,1,Collision with vehicle,7,Sunday,160,VEHICLE COLLIDES WITH VEHICLE PARKED ON LEFT OF ROAD,3,730882,Not at intersection,3,50,Local Road,FENTON,DANDENONG,-37.997334,145.1699,2021,9,September,22,Night,Weekend
T20210019214,2021-09-12,19:48:00,1,Collision with vehicle,7,Sunday,130,REAR END(VEHICLES IN SAME LANE),3,663970,Not at intersection,3,60,Local Road,TAYLORS,BRIMBANK,-37.7275,144.78165,2021,9,September,19,Night,Weekend
T20210019046,2021-09-12,00:30:00,4,Collision with a fixed object,7,Sunday,181,OFF RIGHT BEND INTO OBJECT/PARKED VEHICLE,5,692459,Not at intersection,1,100,Arterial Other,HEALESVILLE-KOO WEE RUP,YARRA RANGES,-37.842754,145.52339,2021,9,September,0,Late Night,Weekend
T20210019044,2021-09-12,00:10:00,4,Collision with a fixed object,7,Sunday,181,OFF RIGHT BEND INTO OBJECT/PARKED VEHICLE,3,692756,T intersection,2,50,Local Road,DALRAY,MELTON,-37.659126,144.57997,2021,9,September,0,Late Night,Weekend
T20210019042,2021-09-12,01:00:00,4,Collision with a fixed object,7,Sunday,181,OFF RIGHT BEND INTO OBJECT/PARKED VEHICLE,3,781202,Not at intersection,3,100,Freeway,FITZGERALD-WESTERN RING OUT,BRIMBANK,-37.79753,144.788,2021,9,September,1,Late Night,Weekend
T20210020150,2021-09-12,09:30:00,9,Other accident,7,Sunday,184,OUT OF CONTROL ON CARRIAGEWAY (ON BEND),1,696791,Not at intersection,3,80,Local Road,CRYSTAL CREEK,MURRINDINDI,-37.267437,145.6266,2021,9,September,9,Morning Peak,Weekend
T20210019053,2021-09-12,08:15:00,1,Collision with vehicle,7,Sunday,147,VEHICLE STRIKES ANOTHER VEH WHILE EMERGING FROM DRIVEWAY,1,699104,Not at intersection,2,80,Arterial Highway,BASS,BASS COAST,-38.404583,145.53278,2021,9,September,8,Morning Peak,Weekend
T20210019286,2021-09-13,10:45:00,5,collision with some other object,1,Monday,166,STRUCK OBJECT ON CARRIAGEWAY,1,692863,T intersection,3,60,Local Road,DELANEYS,COLAC OTWAY,-38.495323,143.77115,2021,9,September,10,Midday,Weekday
T20210019310,2021-09-13,10:00:00,1,Collision with vehicle,1,Monday,113,RIGHT NEAR (INTERSECTIONS ONLY),9,48431,T intersection,3,60,Arterial Other,CANTERBURY,WHITEHORSE,-37.830833,145.1398,2021,9,September,10,Midday,Weekday
T20210019096,2021-09-13,05:40:00,1,Collision with vehicle,1,Monday,160,VEHICLE COLLIDES WITH VEHICLE PARKED ON LEFT OF ROAD,4,692772,Not at intersection,2,60,Arterial Other,TOORAK,STONNINGTON,-37.843166,145.02623,2021,9,September,5,Morning Peak,Weekday
T20210019099,2021-09-13,07:22:00,1,Collision with vehicle,1,Monday,162,ACCIDENT OR BROKEN DOWN,1,692700,Not at intersection,2,70,Arterial Other,BLACKBURN,MONASH,-37.901985,145.14282,2021,9,September,7,Morning Peak,Weekday
T20210019101,2021-09-13,07:18:00,1,Collision with vehicle,1,Monday,121,RIGHT THROUGH,1,35515,Multiple intersection,2,60,Freeway,CALDER OUT-KEILOR,MOONEE VALLEY,-37.733955,144.88316,2021,9,September,7,Morning Peak,Weekday
T20210019126,2021-09-13,16:45:00,1,Collision with vehicle,1,Monday,110,CROSS TRAFFIC(INTERSECTIONS ONLY),1,54501,Cross intersection,3,60,Arterial Other,BEACONSFIELD,PORT PHILLIP,-37.85869,144.96964,2021,9,September,16,Afternoon Peak,Weekday
T20210019108,2021-09-13,06:37:00,4,Collision with a fixed object,1,Monday,171,LEFT OFF CARRIAGEWAY INTO OBJECT/PARKED VEHICLE,1,694106,Not at intersection,2,50,Local Road,MITCHELL,MARIBYRNONG,-37.78181,144.87106,2021,9,September,6,Morning Peak,Weekday
T20210019112,2021-09-13,12:57:00,1,Collision with vehicle,1,Monday,130,REAR END(VEHICLES IN SAME LANE),1,693126,Not at intersection,2,80,Arterial Highway,BURWOOD,KNOX,-37.882565,145.27747,2021,9,September,12,Midday,Weekday
T20210019119,2021-09-13,08:20:00,1,Collision with vehicle,1,Monday,130,REAR END(VEHICLES IN SAME LANE),1,145361,Not at intersection,3,80,Arterial Highway,FRANKSTON-DANDENONG,FRANKSTON,-38.104458,145.16835,2021,9,September,8,Morning Peak,Weekday
T20210019122,2021-09-13,14:55:00,1,Collision with vehicle,1,Monday,132,RIGHT REAR.,1,54126,T intersection,2,60,Local Road,BROOKLYN,MELTON,-37.70117,144.55994,2021,9,September,14,Midday,Weekday
T20210020014,2021-09-13,14:20:00,1,Collision with vehicle,1,Monday,132,RIGHT REAR.,1,696889,Multiple intersection,3,80,Local Road,OHERNS,WHITTLESEA,-37.63394,144.9932,2021,9,September,14,Midday,Weekday
T20210019097,2021-09-13,06:36:00,4,Collision with a fixed object,1,Monday,175,OFF END OF ROAD/T-INTERSECTION.,1,138803,T intersection,3,60,Arterial Highway,LOWER PLENTY,BANYULE,-37.734943,145.0789,2021,9,September,6,Morning Peak,Weekday
T20210019134,2021-09-13,15:00:00,1,Collision with vehicle,1,Monday,121,RIGHT THROUGH,1,694190,Not at intersection,2,50,Local Road,VICTORIA,MORELAND,-37.742794,144.9628,2021,9,September,15,Afternoon Peak,Weekday
T20210019131,2021-09-13,19:24:00,4,Collision with a fixed object,1,Monday,181,OFF RIGHT BEND INTO OBJECT/PARKED VEHICLE,6,695129,Not at intersection,2,50,Local Road,HYDE PARK,HEPBURN,-37.432884,143.88931,2021,9,September,19,Night,Weekday
T20210019128,2021-09-13,18:00:00,1,Collision with vehicle,1,Monday,110,CROSS TRAFFIC(INTERSECTIONS ONLY),1,73355,Cross intersection,3,50,Local Road,DARIAN,SURF COAST,-38.32295,144.32437,2021,9,September,18,Afternoon Peak,Weekday
T20210019127,2021-09-13,17:53:00,1,Collision with vehicle,1,Monday,130,REAR END(VEHICLES IN SAME LANE),2,693196,Not at intersection,3,60,Local Road,SWITCHBACK,YARRA RANGES,-37.745308,145.33481,2021,9,September,17,Afternoon Peak,Weekday
T20210019125,2021-09-13,14:44:00,6,Vehicle overturned (no collision),1,Monday,170,OFF CARRIAGEWAY TO LEFT,1,695547,Not at intersection,2,100,Local Road,MCDONALDS,MITCHELL,-37.269726,145.05644,2021,9,September,14,Midday,Weekday
T20220005487,2021-09-13,19:30:00,1,Collision with vehicle,1,Monday,116,LEFT NEAR (INTERSECTIONS ONLY),3,292639,T intersection,3,60,Local Road,CIVIC,HUME,-37.586826,144.91408,2021,9,September,19,Night,Weekday
T20210019124,2021-09-13,16:52:00,1,Collision with vehicle,1,Monday,130,REAR END(VEHICLES IN SAME LANE),1,692819,Not at intersection,3,60,Arterial Highway,TORQUAY,GEELONG,-38.184536,144.3444,2021,9,September,16,Afternoon Peak,Weekday
T20210019459,2021-09-14,15:20:00,6,Vehicle overturned (no collision),2,Tuesday,174,OUT OF CONTROL ON CARRIAGEWAY (ON STRAIGHT),1,39042,T intersection,2,60,Arterial Other,BARKERS,BOROONDARA,-37.81737,145.05936,2021,9,September,15,Afternoon Peak,Weekday
T20210019167,2021-09-14,09:23:00,1,Collision with vehicle,2,Tuesday,110,CROSS TRAFFIC(INTERSECTIONS ONLY),1,534,Cross intersection,3,40,Arterial Other,LEITH,YARRA RANGES,-37.80998,145.34273,2021,9,September,9,Morning Peak,Weekday
T20210019257,2021-09-14,21:30:00,4,Collision with a fixed object,2,Tuesday,171,LEFT OFF CARRIAGEWAY INTO OBJECT/PARKED VEHICLE,6,709358,Not at intersection,3,60,Arterial Highway,BALLARAT,GEELONG,-38.12957,144.34167,2021,9,September,21,Night,Weekday
T20210019213,2021-09-14,16:55:00,1,Collision with vehicle,2,Tuesday,111,RIGHT FAR (INTERSECTIONS ONLY),1,692822,T intersection,3,40,Arterial Highway,ALLISON,MORNINGTON PENINSULA,-38.226036,145.05002,2021,9,September,16,Afternoon Peak,Weekday
T20210019226,2021-09-14,21:43:00,2,Struck Pedestrian,2,Tuesday,109,ANY MANOEUVRE INVOLVING PED NOT INCLUDED IN DCAs 100-108.,3,704258,Not at intersection,2,80,Arterial Highway,PRINCES,LATROBE,-38.220604,146.4718,2021,9,September,21,Night,Weekday
T20210019195,2021-09-14,17:20:00,1,Collision with vehicle,2,Tuesday,121,RIGHT THROUGH,2,42023,T intersection,2,60,Local Road,DENDY,BAYSIDE,-37.92009,144.99876,2021,9,September,17,Afternoon Peak,Weekday
T20210019197,2021-09-14,18:35:00,2,Struck Pedestrian,2,Tuesday,100,PED NEAR SIDE. PED HIT BY VEHICLE FROM THE RIGHT.,5,693245,T intersection,2,60,Local Road,THOMAS,MONASH,-37.92863,145.12033,2021,9,September,18,Afternoon Peak,Weekday
T20210019179,2021-09-14,12:57:00,1,Collision with vehicle,2,Tuesday,113,RIGHT NEAR (INTERSECTIONS ONLY),1,42602,T intersection,3,60,Arterial Other,JACKSONS,DANDENONG,-37.954536,145.1908,2021,9,September,12,Midday,Weekday
T20210019151,2021-09-14,06:20:00,1,Collision with vehicle,2,Tuesday,130,REAR END(VEHICLES IN SAME LANE),1,693059,Not at intersection,2,80,Arterial Highway,BURWOOD,WHITEHORSE,-37.85741,145.18839,2021,9,September,6,Morning Peak,Weekday
T20210019154,2021-09-14,07:30:00,1,Collision with vehicle,2,Tuesday,121,RIGHT THROUGH,1,39159,T intersection,3,60,Arterial Other,CANTERBURY,BOROONDARA,-37.823803,145.07925,2021,9,September,7,Morning Peak,Weekday
T20210019199,2021-09-14,13:20:00,4,Collision with a fixed object,2,Tuesday,181,OFF RIGHT BEND INTO OBJECT/PARKED VEHICLE,1,798905,Not at intersection,2,100,Arterial Highway,CALDER,BULOKE,-36.175335,143.32271,2021,9,September,13,Midday,Weekday
T20210019206,2021-09-14,21:40:00,1,Collision with vehicle,2,Tuesday,120,HEAD ON (NOT OVERTAKING),5,730884,Not at intersection,3,50,Local Road,JUSTIN,CASEY,-38.027515,145.2701,2021,9,September,21,Night,Weekday
T20210019189,2021-09-14,12:30:00,1,Collision with vehicle,2,Tuesday,121,RIGHT THROUGH,1,36546,Cross intersection,3,50,Local Road,GEORGE,YARRA,-37.80611,144.9806,2021,9,September,12,Midday,Weekday
T20210019190,2021-09-14,17:30:00,1,Collision with vehicle,2,Tuesday,142,LEAVING PARKING,2,693041,Not at intersection,2,60,Arterial Other,WHITEHORSE,BOROONDARA,-37.81204,145.07463,2021,9,September,17,Afternoon Peak,Weekday
T20210019144,2021-09-14,02:04:00,4,Collision with a fixed object,2,Tuesday,181,OFF RIGHT BEND INTO OBJECT/PARKED VEHICLE,5,693127,Not at intersection,3,40,Local Road,KRONK,BENDIGO,-36.7656,144.23643,2021,9,September,2,Late Night,Weekday
T20210019152,2021-09-14,06:47:00,2,Struck Pedestrian,2,Tuesday,102,FAR SIDE. PED HIT BY VEHICLE FROM THE LEFT,2,692856,Cross intersection,3,60,Local Road,KOOYONG,GLEN EIRA,-37.871754,145.01775,2021,9,September,6,Morning Peak,Weekday
T20210019667,2021-09-14,13:32:00,1,Collision with vehicle,2,Tuesday,140,U TURN,1,258633,Not at intersection,3,80,Arterial Other,CENTRE,KINGSTON,-37.929844,145.12947,2021,9,September,13,Midday,Weekday
T20210020149,2021-09-14,13:05:00,1,Collision with vehicle,2,Tuesday,110,CROSS TRAFFIC(INTERSECTIONS ONLY),1,694757,Cross intersection,3,60,Arterial Other,BADEN POWELL,WYNDHAM,-37.84104,144.68968,2021,9,September,13,Midday,Weekday
T20210019185,2021-09-14,13:12:00,1,Collision with vehicle,2,Tuesday,113,RIGHT NEAR (INTERSECTIONS ONLY),1,692820,T intersection,2,80,Arterial Other,MELTON,MELTON,-37.683113,144.66113,2021,9,September,13,Midday,Weekday
T20210024640,2021-09-14,17:10:00,1,Collision with vehicle,2,Tuesday,111,RIGHT FAR (INTERSECTIONS ONLY),3,53383,Cross intersection,3,60,Arterial Other,BORONIA,KNOX,-37.861736,145.2781,2021,9,September,17,Afternoon Peak,Weekday
T20210019168,2021-09-14,12:25:00,1,Collision with vehicle,2,Tuesday,110,CROSS TRAFFIC(INTERSECTIONS ONLY),1,695675,Cross intersection,2,70,Arterial Highway,CALVERT STREET -MAIN,EAST GIPPSLAND,-37.836594,147.59923,2021,9,September,12,Midday,Weekday
T20210019172,2021-09-14,11:10:00,1,Collision with vehicle,2,Tuesday,148,VEHICLE OFF FOOTPATH STRIKES VEH ON CARRIAGEWAY,1,692993,Not at intersection,3,50,Local Road,BROMFIELD,COLAC OTWAY,-38.340855,143.58818,2021,9,September,11,Midday,Weekday
T20210019211,2021-09-14,13:24:00,4,Collision with a fixed object,2,Tuesday,171,LEFT OFF CARRIAGEWAY INTO OBJECT/PARKED VEHICLE,1,697892,Not at intersection,2,80,Local Road,MARKET,MAROONDAH,-37.828197,145.28227,2021,9,September,13,Midday,Weekday
T20210019629,2021-09-14,20:15:00,1,Collision with vehicle,2,Tuesday,130,REAR END(VEHICLES IN SAME LANE),3,730892,Not at intersection,3,70,Local Road,HALL,FRANKSTON,-38.100986,145.18478,2021,9,September,20,Night,Weekday
T20210019161,2021-09-14,10:30:00,2,Struck Pedestrian,2,Tuesday,103,PED PLAYING/LYING/WORKING/STANDING ON CARRIAGEWAY.,1,696042,Not at intersection,3,40,Arterial Other,OLD DANDENONG,KINGSTON,-37.969257,145.11565,2021,9,September,10,Midday,Weekday
T20210019634,2021-09-15,17:00:00,1,Collision with vehicle,3,Wednesday,130,REAR END(VEHICLES IN SAME LANE),1,693201,Not at intersection,3,60,Local Road,ELIZABETH,HUME,-37.593307,144.70851,2021,9,September,17,Afternoon Peak,Weekday
T20210019298,2021-09-15,20:12:00,1,Collision with vehicle,3,Wednesday,113,RIGHT NEAR (INTERSECTIONS ONLY),3,1195,Cross intersection,3,60,Arterial Highway,SURF COAST,GEELONG,-38.20495,144.34064,2021,9,September,20,Night,Weekday
T20210019256,2021-09-15,17:11:00,1,Collision with vehicle,3,Wednesday,121,RIGHT THROUGH,1,277083,T intersection,3,80,Arterial Other,KELLETTS,KNOX,-37.925026,145.28543,2021,9,September,17,Afternoon Peak,Weekday
T20210019253,2021-09-15,16:40:00,1,Collision with vehicle,3,Wednesday,147,VEHICLE STRIKES ANOTHER VEH WHILE EMERGING FROM DRIVEWAY,1,693110,Not at intersection,2,70,Arterial Other,BALLARTO,FRANKSTON,-38.11505,145.17668,2021,9,September,16,Afternoon Peak,Weekday
T20210019228,2021-09-15,12:16:00,1,Collision with vehicle,3,Wednesday,147,VEHICLE STRIKES ANOTHER VEH WHILE EMERGING FROM DRIVEWAY,1,692823,Not at intersection,3,60,Local Road,EXFORD,MELTON,-37.704723,144.57474,2021,9,September,12,Midday,Weekday
T20210019225,2021-09-15,11:20:00,1,Collision with vehicle,3,Wednesday,110,CROSS TRAFFIC(INTERSECTIONS ONLY),1,701257,Cross intersection,3,100,Local Road,MERIDIAN,MILDURA,-34.16247,141.99704,2021,9,September,11,Midday,Weekday
T20210019224,2021-09-15,11:10:00,1,Collision with vehicle,3,Wednesday,121,RIGHT THROUGH,1,693109,Not at intersection,2,60,Local Road,BLACKBURN,MANNINGHAM,-37.76197,145.16682,2021,9,September,11,Midday,Weekday
T20210019479,2021-09-15,11:30:00,4,Collision with a fixed object,3,Wednesday,181,OFF RIGHT BEND INTO OBJECT/PARKED VEHICLE,1,701411,Not at intersection,3,100,Arterial Other,GELANTIPY,EAST GIPPSLAND,-37.24719,148.25514,2021,9,September,11,Midday,Weekday
T20210019219,2021-09-15,10:37:00,1,Collision with vehicle,3,Wednesday,116,LEFT NEAR (INTERSECTIONS ONLY),1,42742,T intersection,3,60,Arterial Other,BEACH,KINGSTON,-37.985905,145.05186,2021,9,September,10,Midday,Weekday
T20210019218,2021-09-15,07:12:00,1,Collision with vehicle,3,Wednesday,113,RIGHT NEAR (INTERSECTIONS ONLY),1,47296,Cross intersection,2,60,Local Road,DAVID MUNROE,HUME,-37.63679,144.93259,2021,9,September,7,Morning Peak,Weekday
T20210019215,2021-09-15,07:43:00,1,Collision with vehicle,3,Wednesday,110,CROSS TRAFFIC(INTERSECTIONS ONLY),1,69142,Cross intersection,2,50,Local Road,DURRANT,BAYSIDE,-37.906734,145.0009,2021,9,September,7,Morning Peak,Weekday
T20210019261,2021-09-15,17:24:00,2,Struck Pedestrian,3,Wednesday,100,PED NEAR SIDE. PED HIT BY VEHICLE FROM THE RIGHT.,1,694117,Not at intersection,2,70,Arterial Other,SOUTH,KINGSTON,-37.93478,145.04817,2021,9,September,17,Afternoon Peak,Weekday