ACCIDENT_NO,ACCIDENT_DATE,ACCIDENT_TIME,ACCIDENT_TYPE,ACCIDENT_TYPE_DESC,DAY_OF_WEEK,DAY_WEEK_DESC,DCA_CODE,DCA_DESC,LIGHT_CONDITION,NODE_ID,ROAD_GEOMETRY_DESC,SEVERITY,SPEED_ZONE,RMA,ROAD_NAME,LGA_NAME,LATITUDE,LONGITUDE,YEAR,MONTH,MONTH_NAME,HOUR,TIME_PERIOD,DAY_TYPE
T20210019263,2021-09-15,15:43:00,1,Collision with vehicle,3,Wednesday,163,VEHICLE STRIKES DOOR OF PARKED/STATIONARY VEHICLE,1,692860,Not at intersection,3,40,Local Road,NAPIER,YARRA,-37.8045,144.97969,2021,9,September,15,Afternoon Peak,Weekday
T20210019265,2021-09-15,18:30:00,6,Vehicle overturned (no collision),3,Wednesday,184,OUT OF CONTROL ON CARRIAGEWAY (ON BEND),5,694028,Not at intersection,2,100,Local Road,DAYLESFORD-CLUNES,HEPBURN,-37.283684,143.83807,2021,9,September,18,Afternoon Peak,Weekday
T20210019212,2021-09-15,06:50:00,1,Collision with vehicle,3,Wednesday,121,RIGHT THROUGH,1,765179,Multiple intersection,2,60,Arterial Other,BULLA,MOONEE VALLEY,-37.735516,144.90451,2021,9,September,6,Morning Peak,Weekday
T20210019929,2021-09-15,10:05:00,1,Collision with vehicle,3,Wednesday,110,CROSS TRAFFIC(INTERSECTIONS ONLY),1,42613,Cross intersection,3,60,Local Road,BAKERS,MORELAND,-37.72632,144.95375,2021,9,September,10,Midday,Weekday
T20210021183,2021-09-15,16:30:00,1,Collision with vehicle,3,Wednesday,140,U TURN,1,695175,Not at intersection,3,60,Arterial Other,EPPING-KILMORE,MITCHELL,-37.358116,145.02617,2021,9,September,16,Afternoon Peak,Weekday
T20210019266,2021-09-15,19:30:00,2,Struck Pedestrian,3,Wednesday,100,PED NEAR SIDE. PED HIT BY VEHICLE FROM THE RIGHT.,3,41375,Multiple intersection,2,60,Arterial Other,GRANGE,GLEN EIRA,-37.88969,145.0448,2021,9,September,19,Night,Weekday
T20210019267,2021-09-15,04:55:00,5,collision with some other object,3,Wednesday,166,STRUCK OBJECT ON CARRIAGEWAY,3,692861,Not at intersection,2,100,Freeway,HUME,WHITTLESEA,-37.610115,144.98419,2021,9,September,4,Late Night,Weekday
T20210019210,2021-09-15,06:10:00,1,Collision with vehicle,3,Wednesday,137,LEFT TURN SIDESWIPE,1,693504,T intersection,3,80,Arterial Highway,PRINCES,DANDENONG,-37.97755,145.20604,2021,9,September,6,Morning Peak,Weekday
T20210019268,2021-09-15,18:25:00,1,Collision with vehicle,3,Wednesday,121,RIGHT THROUGH,3,49592,Cross intersection,3,60,Arterial Highway,WALLACE,GOLDEN PLAINS,-37.845627,144.07689,2021,9,September,18,Afternoon Peak,Weekday
T20210019432,2021-09-15,13:00:00,1,Collision with vehicle,3,Wednesday,131,LEFT REAR,1,697681,Not at intersection,3,60,Local Road,KANGAN,CASEY,-38.042496,145.34529,2021,9,September,13,Midday,Weekday
T20210019272,2021-09-15,19:40:00,1,Collision with vehicle,3,Wednesday,111,RIGHT FAR (INTERSECTIONS ONLY),3,730886,T intersection,2,60,Arterial Other,COTHAM,BOROONDARA,-37.80983,145.05615,2021,9,September,19,Night,Weekday
T20210019273,2021-09-15,17:00:00,1,Collision with vehicle,3,Wednesday,110,CROSS TRAFFIC(INTERSECTIONS ONLY),1,53014,Cross intersection,3,50,Arterial Other,BRIDGE,BALLARAT,-37.59902,143.84277,2021,9,September,17,Afternoon Peak,Weekday
T20210019275,2021-09-15,17:00:00,1,Collision with vehicle,3,Wednesday,148,VEHICLE OFF FOOTPATH STRIKES VEH ON CARRIAGEWAY,1,781512,Not at intersection,3,60,Arterial Other,HIGH,MELTON,-37.684124,144.571,2021,9,September,17,Afternoon Peak,Weekday
T20210019276,2021-09-15,19:21:00,1,Collision with vehicle,3,Wednesday,113,RIGHT NEAR (INTERSECTIONS ONLY),3,347122,T intersection,3,60,Arterial Other,FITZGERALD,BRIMBANK,-37.795776,144.78981,2021,9,September,19,Night,Weekday
T20210019677,2021-09-15,18:30:00,1,Collision with vehicle,3,Wednesday,130,REAR END(VEHICLES IN SAME LANE),2,693366,Not at intersection,3,40,Arterial Other,TOORAK,STONNINGTON,-37.839756,144.99774,2021,9,September,18,Afternoon Peak,Weekday
T20210019314,2021-09-16,14:45:00,1,Collision with vehicle,4,Thursday,147,VEHICLE STRIKES ANOTHER VEH WHILE EMERGING FROM DRIVEWAY,1,693080,Not at intersection,2,60,Local Road,MARSHALLTOWN,GEELONG,-38.19571,144.34276,2021,9,September,14,Midday,Weekday
T20210019339,2021-09-16,23:20:00,9,Other accident,4,Thursday,109,ANY MANOEUVRE INVOLVING PED NOT INCLUDED IN DCAs 100-108.,3,693128,Not at intersection,2,50,Local Road,CHAPEL,PORT PHILLIP,-37.86101,144.99168,2021,9,September,23,Night,Weekday
T20210019353,2021-09-16,12:30:00,6,Vehicle overturned (no collision),4,Thursday,184,OUT OF CONTROL ON CARRIAGEWAY (ON BEND),1,693037,Multiple intersection,3,60,Local Road,COLLEGE,MELBOURNE,-37.79346,144.9648,2021,9,September,12,Midday,Weekday
T20210019344,2021-09-16,13:23:00,1,Collision with vehicle,4,Thursday,113,RIGHT NEAR (INTERSECTIONS ONLY),1,10844,Multiple intersection,2,50,Freeway,YARRA,YARRA,-37.83083,145.01501,2021,9,September,13,Midday,Weekday
T20220007617,2021-09-16,11:20:00,1,Collision with vehicle,4,Thursday,131,LEFT REAR,1,708930,Not at intersection,3,70,Arterial Other,BLACKBURN,MONASH,-37.90214,145.14278,2021,9,September,11,Midday,Weekday
T20210019327,2021-09-16,14:02:00,4,Collision with a fixed object,4,Thursday,171,LEFT OFF CARRIAGEWAY INTO OBJECT/PARKED VEHICLE,1,712019,Not at intersection,2,50,Local Road,TURVA,WYNDHAM,-37.837543,144.67447,2021,9,September,14,Midday,Weekday
T20210019326,2021-09-16,17:33:00,1,Collision with vehicle,4,Thursday,132,RIGHT REAR.,1,704613,T intersection,2,80,Local Road,BROWNS,CASEY,-38.15057,145.2685,2021,9,September,17,Afternoon Peak,Weekday
T20210019323,2021-09-16,16:07:00,1,Collision with vehicle,4,Thursday,110,CROSS TRAFFIC(INTERSECTIONS ONLY),1,35654,Cross intersection,3,80,Local Road,PEARCEDALE,CASEY,-38.1872,145.23802,2021,9,September,16,Afternoon Peak,Weekday
T20210019321,2021-09-16,16:21:00,1,Collision with vehicle,4,Thursday,130,REAR END(VEHICLES IN SAME LANE),1,721548,Not at intersection,3,60,Arterial Other,SEPARATION,GEELONG,-38.11088,144.34395,2021,9,September,16,Afternoon Peak,Weekday
T20210019313,2021-09-16,07:50:00,1,Collision with vehicle,4,Thursday,140,U TURN,1,695052,T intersection,3,80,Arterial Highway,BURWOOD,KNOX,-37.884045,145.28194,2021,9,September,7,Morning Peak,Weekday
T20210019361,2021-09-16,13:20:00,1,Collision with vehicle,4,Thursday,163,VEHICLE STRIKES DOOR OF PARKED/STATIONARY VEHICLE,1,694785,Not at intersection,3,50,Local Road,MENTONE,KINGSTON,-37.983135,145.06488,2021,9,September,13,Midday,Weekday
T20210019411,2021-09-16,06:45:00,1,Collision with vehicle,4,Thursday,130,REAR END(VEHICLES IN SAME LANE),1,699029,Not at intersection,3,60,Arterial Other,WELLS,KINGSTON,-38.03825,145.13684,2021,9,September,6,Morning Peak,Weekday
T20210019312,2021-09-16,12:56:00,1,Collision with vehicle,4,Thursday,121,RIGHT THROUGH,1,222039,Cross intersection,3,40,Arterial Other,VICTORIA,YARRA,-37.807724,144.97322,2021,9,September,12,Midday,Weekday
T20210019311,2021-09-16,13:35:00,1,Collision with vehicle,4,Thursday,121,RIGHT THROUGH,1,29377,Cross intersection,2,60,Arterial Other,KING,MELBOURNE,-37.805504,144.94865,2021,9,September,13,Midday,Weekday
T20210019301,2021-09-16,12:00:00,5,collision with some other object,4,Thursday,166,STRUCK OBJECT ON CARRIAGEWAY,1,692914,Not at intersection,3,50,Local Road,THORNTON,MORNINGTON PENINSULA,-38.17176,145.10419,2021,9,September,12,Midday,Weekday
T20210019300,2021-09-16,11:20:00,1,Collision with vehicle,4,Thursday,113,RIGHT NEAR (INTERSECTIONS ONLY),1,224619,T intersection,3,70,Arterial Other,PLENTY,WHITTLESEA,-37.681824,145.06888,2021,9,September,11,Midday,Weekday
T20210019291,2021-09-16,09:54:00,1,Collision with vehicle,4,Thursday,113,RIGHT NEAR (INTERSECTIONS ONLY),1,44755,T intersection,2,60,Arterial Other,CAMP,HUME,-37.686478,144.92963,2021,9,September,9,Morning Peak,Weekday
T20210019290,2021-09-16,07:30:00,1,Collision with vehicle,4,Thursday,151,OUT OF CONTROL (OVERTAKING),1,702400,Not at intersection,2,100,Freeway,MONASH,DANDENONG,-37.964867,145.2327,2021,9,September,7,Morning Peak,Weekday
T20210019289,2021-09-16,09:30:00,1,Collision with vehicle,4,Thursday,121,RIGHT THROUGH,1,51141,T intersection,2,60,Arterial Highway,GOULBURN VALLEY,SHEPPARTON,-36.40894,145.39331,2021,9,September,9,Morning Peak,Weekday
T20210019517,2021-09-16,12:00:00,1,Collision with vehicle,4,Thursday,163,VEHICLE STRIKES DOOR OF PARKED/STATIONARY VEHICLE,1,693111,Not at intersection,3,60,Arterial Other,BLUFF,BAYSIDE,-37.961964,145.01898,2021,9,September,12,Midday,Weekday
T20210019283,2021-09-16,06:45:00,1,Collision with vehicle,4,Thursday,130,REAR END(VEHICLES IN SAME LANE),1,693079,Not at intersection,3,100,Freeway,WESTERN RING,HUME,-37.69397,144.91225,2021,9,September,6,Morning Peak,Weekday
T20210019691,2021-09-16,16:50:00,1,Collision with vehicle,4,Thursday,110,CROSS TRAFFIC(INTERSECTIONS ONLY),1,38563,Cross intersection,3,50,Local Road,BETULA,WHITTLESEA,-37.6777,145.05821,2021,9,September,16,Afternoon Peak,Weekday
T20210019508,2021-09-16,08:30:00,1,Collision with vehicle,4,Thursday,116,LEFT NEAR (INTERSECTIONS ONLY),1,36036,T intersection,3,40,Local Road,JARVIE,MORELAND,-37.77193,144.97162,2021,9,September,8,Morning Peak,Weekday
T20210019331,2021-09-16,19:58:00,1,Collision with vehicle,4,Thursday,113,RIGHT NEAR (INTERSECTIONS ONLY),3,259503,T intersection,3,60,Local Road,KURUNG,BRIMBANK,-37.726357,144.77116,2021,9,September,19,Night,Weekday
T20210019329,2021-09-16,17:17:00,1,Collision with vehicle,4,Thursday,113,RIGHT NEAR (INTERSECTIONS ONLY),2,707048,T intersection,3,60,Local Road,LIVERPOOL,YARRA RANGES,-37.817112,145.31677,2021,9,September,17,Afternoon Peak,Weekday
T20210019332,2021-09-16,20:00:00,1,Collision with vehicle,4,Thursday,160,VEHICLE COLLIDES WITH VEHICLE PARKED ON LEFT OF ROAD,3,694751,Not at intersection,2,50,Local Road,ELM,DANDENONG,-37.953167,145.15573,2021,9,September,20,Night,Weekday
T20210019885,2021-09-16,16:12:00,1,Collision with vehicle,4,Thursday,121,RIGHT THROUGH,1,44456,Cross intersection,2,50,Arterial Other,WEST FYANS,GEELONG,-38.15958,144.34473,2021,9,September,16,Afternoon Peak,Weekday
T20210019335,2021-09-16,17:39:00,4,Collision with a fixed object,4,Thursday,173,RIGHT OFF CARRIAGEWAY INTO OBJECT/PARKED VEHICLE,1,704284,Not at intersection,3,80,Freeway,MONASH IN-HEATHERTON,CASEY,-37.973423,145.23697,2021,9,September,17,Afternoon Peak,Weekday
T20210019589,2021-09-16,11:20:00,2,Struck Pedestrian,4,Thursday,100,PED NEAR SIDE. PED HIT BY VEHICLE FROM THE RIGHT.,1,781219,Multiple intersection,3,60,Arterial Other,MT ALEXANDER ROAD -PASCOE VALE,MOONEE VALLEY,-37.767147,144.92485,2021,9,September,11,Midday,Weekday
T20210019337,2021-09-16,23:51:00,6,Vehicle overturned (no collision),4,Thursday,172,OFF CARRIAGEWAY TO RIGHT,3,45069,T intersection,3,80,Arterial Other,BARRY,HUME,-37.665573,144.93782,2021,9,September,23,Night,Weekday
T20210019330,2021-09-16,16:45:00,1,Collision with vehicle,4,Thursday,120,HEAD ON (NOT OVERTAKING),1,692865,Not at intersection,3,100,Local Road,MT EIRENE,CARDINIA,-37.98496,145.5529,2021,9,September,16,Afternoon Peak,Weekday
T20210019516,2021-09-17,19:13:00,4,Collision with a fixed object,5,Friday,173,RIGHT OFF CARRIAGEWAY INTO OBJECT/PARKED VEHICLE,3,694311,Not at intersection,3,60,Local Road,MCCRAE,DANDENONG,-37.99099,145.22026,2021,9,September,19,Night,Weekday
T20210019394,2021-09-17,23:20:00,4,Collision with a fixed object,5,Friday,173,RIGHT OFF CARRIAGEWAY INTO OBJECT/PARKED VEHICLE,3,703374,Not at intersection,2,100,Freeway,WESTERN RING,BRIMBANK,-37.770294,144.79521,2021,9,September,23,Night,Weekday
T20210020672,2021-09-17,18:40:00,1,Collision with vehicle,5,Friday,121,RIGHT THROUGH,2,695680,Not at intersection,3,50,Arterial Highway,HIGH,BENDIGO,-36.798004,144.24365,2021,9,September,18,Afternoon Peak,Weekday
T20210020456,2021-09-17,11:30:00,1,Collision with vehicle,5,Friday,160,VEHICLE COLLIDES WITH VEHICLE PARKED ON LEFT OF ROAD,1,755603,Not at intersection,2,40,Arterial Other,ALEXANDRA,STONNINGTON,-37.833103,144.99045,2021,9,September,11,Midday,Weekday
T20210019340,2021-09-17,02:10:00,4,Collision with a fixed object,5,Friday,171,LEFT OFF CARRIAGEWAY INTO OBJECT/PARKED VEHICLE,3,694752,Not at intersection,3,40,Arterial Other,MT ALEXANDER,MOONEE VALLEY,-37.78222,144.9335,2021,9,September,2,Late Night,Weekday
T20210019345,2021-09-17,05:30:00,3,Struck animal,5,Friday,167,STRUCK ANIMAL,5,693036,Not at intersection,2,80,Arterial Other,BALLARTO,CASEY,-38.140923,145.3835,2021,9,September,5,Morning Peak,Weekday
T20210019346,2021-09-17,07:15:00,1,Collision with vehicle,5,Friday,110,CROSS TRAFFIC(INTERSECTIONS ONLY),1,693129,Cross intersection,3,50,Arterial Other,THE BOULEVARD,YARRA RANGES,-37.80565,145.35387,2021,9,September,7,Morning Peak,Weekday
T20210019347,2021-09-17,07:00:00,1,Collision with vehicle,5,Friday,113,RIGHT NEAR (INTERSECTIONS ONLY),1,44411,Cross intersection,3,60,Local Road,CHEDDAR,DAREBIN,-37.70394,145.01672,2021,9,September,7,Morning Peak,Weekday
T20210019359,2021-09-17,11:00:00,1,Collision with vehicle,5,Friday,120,HEAD ON (NOT OVERTAKING),1,694029,Not at intersection,2,80,Arterial Other,TAWONGA GAP,ALPINE,-36.71497,147.10692,2021,9,September,11,Midday,Weekday
T20210019364,2021-09-17,13:30:00,4,Collision with a fixed object,5,Friday,181,OFF RIGHT BEND INTO OBJECT/PARKED VEHICLE,1,694595,Not at intersection,2,100,Local Road,JINDIVICK-NEERIM SOUTH,BAW BAW,-38.0285,145.9446,2021,9,September,13,Midday,Weekday
T20210019366,2021-09-17,14:15:00,1,Collision with vehicle,5,Friday,132,RIGHT REAR.,1,692997,Cross intersection,3,80,Arterial Other,COBRAM-KOONOOMOO,MOIRA,-35.913574,145.63191,2021,9,September,14,Midday,Weekday
T20210019423,2021-09-17,16:07:00,1,Collision with vehicle,5,Friday,130,REAR END(VEHICLES IN SAME LANE),1,693706,Not at intersection,3,50,Arterial Highway,MAIN,EAST GIPPSLAND,-37.82572,147.6333,2021,9,September,16,Afternoon Peak,Weekday
T20210019370,2021-09-17,11:51:00,1,Collision with vehicle,5,Friday,121,RIGHT THROUGH,1,386,T intersection,3,60,Arterial Other,HIGH,WHITTLESEA,-37.68504,145.01303,2021,9,September,11,Midday,Weekday
T20210019377,2021-09-17,16:34:00,6,Vehicle overturned (no collision),5,Friday,174,OUT OF CONTROL ON CARRIAGEWAY (ON STRAIGHT),1,693131,T intersection,3,50,Local Road,JOAN,KNOX,-37.874615,145.30327,2021,9,September,16,Afternoon Peak,Weekday
T20210019378,2021-09-17,13:23:00,1,Collision with vehicle,5,Friday,140,U TURN,1,299569,T intersection,1,100,Arterial Highway,NORTH,CASEY,-38.183258,145.3419,2021,9,September,13,Midday,Weekday
T20210019379,2021-09-17,16:45:00,1,Collision with vehicle,5,Friday,121,RIGHT THROUGH,1,40479,T intersection,3,60,Arterial Other,MALVERN,STONNINGTON,-37.874172,145.06451,2021,9,September,16,Afternoon Peak,Weekday
T20210019380,2021-09-17,15:10:00,8,No collision and no object struck,5,Friday,174,OUT OF CONTROL ON CARRIAGEWAY (ON STRAIGHT),1,694081,Not at intersection,1,50,Local Road,NAPIER,MOONEE VALLEY,-37.7407,144.92036,2021,9,September,15,Afternoon Peak,Weekday
T20210019381,2021-09-17,11:42:00,4,Collision with a fixed object,5,Friday,181,OFF RIGHT BEND INTO OBJECT/PARKED VEHICLE,1,698412,Not at intersection,2,100,Arterial Highway,PRINCES,GLENELG,-37.85646,141.04425,2021,9,September,11,Midday,Weekday
T20210019387,2021-09-17,18:10:00,1,Collision with vehicle,5,Friday,121,RIGHT THROUGH,3,343920,T intersection,3,60,Local Road,BRICKWORKS,BENDIGO,-36.742092,144.3064,2021,9,September,18,Afternoon Peak,Weekday
T20210019464,2021-09-17,14:20:00,1,Collision with vehicle,5,Friday,110,CROSS TRAFFIC(INTERSECTIONS ONLY),1,51975,Cross intersection,3,60,Local Road,COATES,EAST GIPPSLAND,-37.873432,148.00084,2021,9,September,14,Midday,Weekday
T20210019392,2021-09-17,21:45:00,4,Collision with a fixed object,5,Friday,175,OFF END OF ROAD/T-INTERSECTION.,3,697172,T intersection,3,50,Local Road,WESTERN,MELTON,-37.73097,144.66325,2021,9,September,21,Night,Weekday
T20210019393,2021-09-17,15:27:00,1,Collision with vehicle,5,Friday,110,CROSS TRAFFIC(INTERSECTIONS ONLY),1,43739,Cross intersection,2,60,Local Road,CHURCH,MELTON,-37.680717,144.58286,2021,9,September,15,Afternoon Peak,Weekday
T20210019434,2021-09-18,15:40:00,4,Collision with a fixed object,6,Saturday,173,RIGHT OFF CARRIAGEWAY INTO OBJECT/PARKED VEHICLE,1,44595,Cross intersection,2,60,Arterial Highway,ALBERT,BALLARAT,-37.585155,143.84088,2021,9,September,15,Afternoon Peak,Weekend
T20210019427,2021-09-18,15:45:00,1,Collision with vehicle,6,Saturday,120,HEAD ON (NOT OVERTAKING),1,693000,Not at intersection,2,60,Local Road,KENSINGTON,GEELONG,-38.184532,144.46527,2021,9,September,15,Afternoon Peak,Weekend
T20210019600,2021-09-18,10:00:00,1,Collision with vehicle,6,Saturday,160,VEHICLE COLLIDES WITH VEHICLE PARKED ON LEFT OF ROAD,1,693200,Not at intersection,3,50,Local Road,WITT,MOIRA,-36.009026,146.01227,2021,9,September,10,Midday,Weekend
T20210019433,2021-09-18,12:10:00,4,Collision with a fixed object,6,Saturday,171,LEFT OFF CARRIAGEWAY INTO OBJECT/PARKED VEHICLE,1,693974,Not at intersection,3,100,Local Road,THOMAS EAST WEST,WEST WIMMERA,-36.92446,141.10606,2021,9,September,12,Midday,Weekend
T20210021494,2021-09-18,15:00:00,1,Collision with vehicle,6,Saturday,112,LEFT FAR (INTERSECTIONS ONLY),1,776824,T intersection,3,60,Arterial Other,KANGAROO GROUND-ST ANDREWS,NILLUMBIK,-37.68453,145.21835,2021,9,September,15,Afternoon Peak,Weekend
T20210019431,2021-09-18,17:42:00,1,Collision with vehicle,6,Saturday,121,RIGHT THROUGH,2,57342,Cross intersection,2,60,Arterial Other,SOMERTON,HUME,-37.64288,144.94672,2021,9,September,17,Afternoon Peak,Weekend
T20210019425,2021-09-18,14:35:00,1,Collision with vehicle,6,Saturday,110,CROSS TRAFFIC(INTERSECTIONS ONLY),1,42951,Cross intersection,2,60,Arterial Other,HEATHERTON,DANDENONG,-37.9658,145.17986,2021,9,September,14,Midday,Weekend
T20210019430,2021-09-18,16:32:00,1,Collision with vehicle,6,Saturday,113,RIGHT NEAR (INTERSECTIONS ONLY),1,29565,T intersection,3,60,Arterial Highway,WHITEHORSE,WHITEHORSE,-37.8189,145.13062,2021,9,September,16,Afternoon Peak,Weekend
T20210019452,2021-09-18,23:55:00,4,Collision with a fixed object,6,Saturday,171,LEFT OFF CARRIAGEWAY INTO OBJECT/PARKED VEHICLE,5,698154,Not at intersection,3,50,Local Road,TASMAN,MORNINGTON PENINSULA,-38.3904,144.79204,2021,9,September,23,Night,Weekend
T20210019449,2021-09-18,23:00:00,5,collision with some other object,6,Saturday,166,STRUCK OBJECT ON CARRIAGEWAY,3,283715,Cross intersection,2,80,Freeway,HUME,WHITTLESEA,-37.64803,144.99054,2021,9,September,23,Night,Weekend
T20210019522,2021-09-18,16:30:00,4,Collision with a fixed object,6,Saturday,183,OFF LEFT BEND INTO OBJECT/PARKED VEHICLE,1,760983,Not at intersection,2,100,Local Road,RIFLE BUTTS,GANNAWARRA,-35.763744,144.23036,2021,9,September,16,Afternoon Peak,Weekend
T20210019438,2021-09-18,14:45:00,1,Collision with vehicle,6,Saturday,121,RIGHT THROUGH,1,57552,Cross intersection,3,80,Arterial Highway,WARRIGAL,STONNINGTON,-37.892857,145.08824,2021,9,September,14,Midday,Weekend
T20210019437,2021-09-18,17:59:00,6,Vehicle overturned (no collision),6,Saturday,182,OFF CARRIAGEWAY ON LEFT BEND,2,781223,Not at intersection,3,100,Arterial Other,COBDEN-WARRNAMBOOL,CORANGAMITE,-38.401783,143.00293,2021,9,September,17,Afternoon Peak,Weekend
T20210019396,2021-09-18,05:30:00,4,Collision with a fixed object,6,Saturday,171,LEFT OFF CARRIAGEWAY INTO OBJECT/PARKED VEHICLE,2,696313,Not at intersection,2,60,Local Road,CHURCHILL,MARIBYRNONG,-37.78633,144.8615,2021,9,September,5,Morning Peak,Weekend
T20210019435,2021-09-18,16:35:00,6,Vehicle overturned (no collision),6,Saturday,172,OFF CARRIAGEWAY TO RIGHT,1,47700,T intersection,3,60,Arterial Other,CRANBOURNE,CASEY,-38.054924,145.30127,2021,9,September,16,Afternoon Peak,Weekend
T20210019408,2021-09-18,10:43:00,4,Collision with a fixed object,6,Saturday,171,LEFT OFF CARRIAGEWAY INTO OBJECT/PARKED VEHICLE,1,737240,Not at intersection,2,50,Local Road,HESSE,SURF COAST,-38.240143,143.98628,2021,9,September,10,Midday,Weekend
T20210019417,2021-09-18,11:35:00,1,Collision with vehicle,6,Saturday,130,REAR END(VEHICLES IN SAME LANE),1,695284,Not at intersection,3,80,Local Road,LAKE TYERS BEACH,EAST GIPPSLAND,-37.84887,148.04541,2021,9,September,11,Midday,Weekend
T20210019412,2021-09-18,12:40:00,1,Collision with vehicle,6,Saturday,150,HEAD ON(OVERTAKING),1,704285,Not at intersection,2,60,Local Road,THE ESPLANADE,GEELONG,-38.130062,144.35646,2021,9,September,12,Midday,Weekend
T20210020652,2021-09-18,12:30:00,2,Struck Pedestrian,6,Saturday,100,PED NEAR SIDE. PED HIT BY VEHICLE FROM THE RIGHT.,1,38656,Cross intersection,2,50,Local Road,DONGOLA,MARIBYRNONG,-37.79461,144.87967,2021,9,September,12,Midday,Weekend
T20220007650,2021-09-18,19:00:00,1,Collision with vehicle,6,Saturday,116,LEFT NEAR (INTERSECTIONS ONLY),5,710396,Cross intersection,3,50,Local Road,VICTORIA,BENDIGO,-36.720436,144.25227,2021,9,September,19,Night,Weekend
T20210019475,2021-09-19,11:20:00,2,Struck Pedestrian,7,Sunday,106,VEH STRIKES PED ON FOOTPATH/MEDIAN/TRAFFIC ISLAND.,1,696162,Not at intersection,2,40,Local Road,LIME,MILDURA,-34.18537,142.15805,2021,9,September,11,Midday,Weekend
T20210019473,2021-09-19,12:45:00,1,Collision with vehicle,7,Sunday,110,CROSS TRAFFIC(INTERSECTIONS ONLY),1,315544,Cross intersection,2,70,Local Road,EDWARD,YARRA RANGES,-37.752007,145.31703,2021,9,September,12,Midday,Weekend
T20210019471,2021-09-19,10:17:00,1,Collision with vehicle,7,Sunday,110,CROSS TRAFFIC(INTERSECTIONS ONLY),1,617,Cross intersection,3,60,Arterial Other,BLACKBURN,MONASH,-37.872204,145.14839,2021,9,September,10,Midday,Weekend
T20210021705,2021-09-19,15:30:00,4,Collision with a fixed object,7,Sunday,171,LEFT OFF CARRIAGEWAY INTO OBJECT/PARKED VEHICLE,9,730950,Not at intersection,3,100,Local Road,EAGLEHAWK-NEILBOROUGH,BENDIGO,-36.70214,144.27979,2021,9,September,15,Afternoon Peak,Weekend
T20210019489,2021-09-19,20:07:00,1,Collision with vehicle,7,Sunday,121,RIGHT THROUGH,3,693198,Cross intersection,3,80,Arterial Highway,MAROONDAH,MAROONDAH,-37.797863,145.25389,2021,9,September,20,Night,Weekend
T20210019487,2021-09-19,14:13:00,1,Collision with vehicle,7,Sunday,130,REAR END(VEHICLES IN SAME LANE),1,39155,Cross intersection,3,40,Arterial Other,BALWYN,BOROONDARA,-37.812843,145.08134,2021,9,September,14,Midday,Weekend
T20210019486,2021-09-19,11:30:00,1,Collision with vehicle,7,Sunday,110,CROSS TRAFFIC(INTERSECTIONS ONLY),1,51118,Cross intersection,3,80,Arterial Highway,MIDLAND,SHEPPARTON,-36.396717,145.46193,2021,9,September,11,Midday,Weekend
T20210019485,2021-09-19,16:40:00,1,Collision with vehicle,7,Sunday,110,CROSS TRAFFIC(INTERSECTIONS ONLY),1,52263,Cross intersection,3,50,Local Road,JANE,LATROBE,-38.232914,146.39247,2021,9,September,16,Afternoon Peak,Weekend
T20210020046,2021-09-19,15:15:00,4,Collision with a fixed object,7,Sunday,181,OFF RIGHT BEND INTO OBJECT/PARKED VEHICLE,1,695974,Not at intersection,3,100,Local Road,MOROKA,WELLINGTON,-37.781372,147.01135,2021,9,September,15,Afternoon Peak,Weekend
T20210019482,2021-09-19,17:03:00,4,Collision with a fixed object,7,Sunday,146,REVERSING INTO FIXED OBJECT/PARKED VEHICLE,1,696174,Not at intersection,3,50,Local Road,ONTARIO,CARDINIA,-38.05543,145.51187,2021,9,September,17,Afternoon Peak,Weekend
T20210019450,2021-09-19,00:35:00,4,Collision with a fixed object,7,Sunday,175,OFF END OF ROAD/T-INTERSECTION.,3,701847,T intersection,2,50,Arterial Highway,OGILVIE AVENUE SERVICE,CAMPASPE,-36.140705,144.73387,2021,9,September,0,Late Night,Weekend
T20210019553,2021-09-19,16:30:00,1,Collision with vehicle,7,Sunday,116,LEFT NEAR (INTERSECTIONS ONLY),1,44810,T intersection,3,60,Arterial Other,BRIDGE STREET -SHERBOURNE,BANYULE,-37.718067,145.13783,2021,9,September,16,Afternoon Peak,Weekend
T20210019599,2021-09-19,15:00:00,5,collision with some other object,7,Sunday,166,STRUCK OBJECT ON CARRIAGEWAY,1,693199,Not at intersection,3,60,Local Road,WOODS,CARDINIA,-38.04806,145.36763,2021,9,September,15,Afternoon Peak,Weekend
T20210020618,2021-09-19,14:32:00,1,Collision with vehicle,7,Sunday,110,CROSS TRAFFIC(INTERSECTIONS ONLY),1,308692,Cross intersection,2,80,Arterial Highway,FRANKSTON-DANDENONG,DANDENONG,-38.00404,145.21745,2021,9,September,14,Midday,Weekend
T20210019483,2021-09-19,15:00:00,4,Collision with a fixed object,7,Sunday,173,RIGHT OFF CARRIAGEWAY INTO OBJECT/PARKED VEHICLE,1,699568,Not at intersection,3,100,Local Road,BENALLA BOUNDARY,BENALLA,-36.42598,145.77896,2021,9,September,15,Afternoon Peak,Weekend