ACCIDENT_NO,ACCIDENT_DATE,ACCIDENT_TIME,ACCIDENT_TYPE,ACCIDENT_TYPE_DESC,DAY_OF_WEEK,DAY_WEEK_DESC,DCA_CODE,DCA_DESC,LIGHT_CONDITION,NODE_ID,ROAD_GEOMETRY_DESC,SEVERITY,SPEED_ZONE,RMA,ROAD_NAME,LGA_NAME,LATITUDE,LONGITUDE,YEAR,MONTH,MONTH_NAME,HOUR,TIME_PERIOD,DAY_TYPE
T20210019476,2021-09-19,10:32:00,4,Collision with a fixed object,7,Sunday,164,PERMANENT OBSTRUCTION ON CARRIAGEWAY,1,693006,Not at intersection,1,60,Local Road,ROCKBANK MIDDLE,MELTON,-37.7435,144.73181,2021,9,September,10,Midday,Weekend
T20210019531,2021-09-20,12:25:00,1,Collision with vehicle,1,Monday,148,VEHICLE OFF FOOTPATH STRIKES VEH ON CARRIAGEWAY,1,693183,Not at intersection,3,60,Arterial Other,WARREN,CAMPASPE,-36.120842,144.74355,2021,9,September,12,Midday,Weekday
T20210022081,2021-09-20,05:45:00,1,Collision with vehicle,1,Monday,130,REAR END(VEHICLES IN SAME LANE),2,696258,Not at intersection,3,80,Freeway,METROPOLITAN RING,WHITTLESEA,-37.687126,145.00298,2021,9,September,5,Morning Peak,Weekday
T20210019566,2021-09-20,19:00:00,4,Collision with a fixed object,1,Monday,181,OFF RIGHT BEND INTO OBJECT/PARKED VEHICLE,2,698416,Not at intersection,2,100,Arterial Other,PORTLAND-CASTERTON,GLENELG,-38.08352,141.5923,2021,9,September,19,Night,Weekday
T20210019527,2021-09-20,12:45:00,1,Collision with vehicle,1,Monday,130,REAR END(VEHICLES IN SAME LANE),1,45881,T intersection,2,70,Arterial Highway,CHURCH,GEELONG,-38.133408,144.35115,2021,9,September,12,Midday,Weekday
T20210019526,2021-09-20,10:50:00,1,Collision with vehicle,1,Monday,140,U TURN,1,730890,Not at intersection,3,60,Arterial Highway,PHILLIP ISLAND,BASS COAST,-38.487743,145.26317,2021,9,September,10,Midday,Weekday
T20210019557,2021-09-20,13:30:00,1,Collision with vehicle,1,Monday,121,RIGHT THROUGH,1,31678,T intersection,3,40,Arterial Other,BURKE,BOROONDARA,-37.824814,145.05795,2021,9,September,13,Midday,Weekday
T20210019550,2021-09-20,14:44:00,1,Collision with vehicle,1,Monday,110,CROSS TRAFFIC(INTERSECTIONS ONLY),1,52634,Cross intersection,2,50,Arterial Other,BROADWAY,CENTRAL GOLDFIELDS,-36.860405,143.73253,2021,9,September,14,Midday,Weekday
T20210019556,2021-09-20,12:15:00,1,Collision with vehicle,1,Monday,110,CROSS TRAFFIC(INTERSECTIONS ONLY),1,349626,Cross intersection,3,50,Local Road,CORANGAMITE,COLAC OTWAY,-38.335056,143.58418,2021,9,September,12,Midday,Weekday
T20210019595,2021-09-20,09:15:00,1,Collision with vehicle,1,Monday,154,PULLING OUT -REAR END,1,694045,Not at intersection,3,80,Arterial Other,DIAMOND CREEK,NILLUMBIK,-37.68884,145.11398,2021,9,September,9,Morning Peak,Weekday
T20210019507,2021-09-20,08:10:00,1,Collision with vehicle,1,Monday,110,CROSS TRAFFIC(INTERSECTIONS ONLY),1,695090,Cross intersection,2,50,Local Road,MIDLAND,WHITTLESEA,-37.595135,145.12772,2021,9,September,8,Morning Peak,Weekday
T20210019506,2021-09-20,06:30:00,1,Collision with vehicle,1,Monday,130,REAR END(VEHICLES IN SAME LANE),2,693506,Not at intersection,2,80,Arterial Highway,DANDENONG,DANDENONG,-38.00124,145.19208,2021,9,September,6,Morning Peak,Weekday
T20210019504,2021-09-20,07:30:00,1,Collision with vehicle,1,Monday,116,LEFT NEAR (INTERSECTIONS ONLY),1,37539,Cross intersection,2,60,Arterial Other,FERRARS,PORT PHILLIP,-37.83998,144.95818,2021,9,September,7,Morning Peak,Weekday
T20210019500,2021-09-20,02:19:00,1,Collision with vehicle,1,Monday,116,LEFT NEAR (INTERSECTIONS ONLY),3,29517,Cross intersection,3,50,Arterial Other,ASHLEY,MARIBYRNONG,-37.79576,144.86267,2021,9,September,2,Late Night,Weekday
T20210020245,2021-09-20,16:10:00,1,Collision with vehicle,1,Monday,130,REAR END(VEHICLES IN SAME LANE),9,43161,T intersection,3,50,Local Road,JAMES COOK,CASEY,-37.987633,145.26158,2021,9,September,16,Afternoon Peak,Weekday
T20210020300,2021-09-20,06:00:00,1,Collision with vehicle,1,Monday,130,REAR END(VEHICLES IN SAME LANE),2,694528,Not at intersection,3,60,Local Road,AIRLIE,YARRA RANGES,-37.669773,145.51163,2021,9,September,6,Morning Peak,Weekday
T20210019547,2021-09-20,15:40:00,1,Collision with vehicle,1,Monday,147,VEHICLE STRIKES ANOTHER VEH WHILE EMERGING FROM DRIVEWAY,1,693507,Not at intersection,2,60,Arterial Highway,STUD,DANDENONG,-37.98515,145.22083,2021,9,September,15,Afternoon Peak,Weekday
T20210019544,2021-09-20,15:00:00,4,Collision with a fixed object,1,Monday,171,LEFT OFF CARRIAGEWAY INTO OBJECT/PARKED VEHICLE,9,44247,T intersection,3,70,Arterial Other,KURRAK,NILLUMBIK,-37.650734,145.12141,2021,9,September,15,Afternoon Peak,Weekday
T20210024233,2021-09-20,15:39:00,1,Collision with vehicle,1,Monday,130,REAR END(VEHICLES IN SAME LANE),1,701889,Not at intersection,3,40,Arterial Highway,SOUTH GIPPSLAND,CASEY,-38.14288,145.30942,2021,9,September,15,Afternoon Peak,Weekday
T20210020114,2021-09-20,13:00:00,1,Collision with vehicle,1,Monday,147,VEHICLE STRIKES ANOTHER VEH WHILE EMERGING FROM DRIVEWAY,1,697331,Not at intersection,3,70,Local Road,LYONS,MAROONDAH,-37.763687,145.28969,2021,9,September,13,Midday,Weekday
T20210019543,2021-09-20,13:00:00,1,Collision with vehicle,1,Monday,130,REAR END(VEHICLES IN SAME LANE),1,704286,Y intersection,3,60,Local Road,OCALLAGHANS,HORSHAM,-36.722984,142.20486,2021,9,September,13,Midday,Weekday
T20210019891,2021-09-20,17:40:00,1,Collision with vehicle,1,Monday,130,REAR END(VEHICLES IN SAME LANE),2,335850,Multiple intersection,3,60,Freeway,MONTAGUE,MELBOURNE,-37.82612,144.94778,2021,9,September,17,Afternoon Peak,Weekday
T20210019540,2021-09-20,14:25:00,4,Collision with a fixed object,1,Monday,171,LEFT OFF CARRIAGEWAY INTO OBJECT/PARKED VEHICLE,1,693732,Not at intersection,3,60,Local Road,BROAD GULLY,NILLUMBIK,-37.659348,145.1628,2021,9,September,14,Midday,Weekday
T20210019539,2021-09-20,10:30:00,4,Collision with a fixed object,1,Monday,173,RIGHT OFF CARRIAGEWAY INTO OBJECT/PARKED VEHICLE,1,694478,Not at intersection,2,100,Arterial Highway,STAWELL-WARRACKNABEAL,NORTHERN GRAMPIANS,-36.849148,142.63039,2021,9,September,10,Midday,Weekday
T20210019535,2021-09-20,13:15:00,6,Vehicle overturned (no collision),1,Monday,184,OUT OF CONTROL ON CARRIAGEWAY (ON BEND),1,695287,Not at intersection,2,70,Local Road,MANESTAR,CARDINIA,-37.97621,145.38675,2021,9,September,13,Midday,Weekday
T20210020221,2021-09-20,16:25:00,1,Collision with vehicle,1,Monday,137,LEFT TURN SIDESWIPE,1,695639,Not at intersection,3,50,Local Road,ALMA,HOBSONS BAY,-37.869144,144.78333,2021,9,September,16,Afternoon Peak,Weekday
T20210019636,2021-09-20,08:10:00,1,Collision with vehicle,1,Monday,130,REAR END(VEHICLES IN SAME LANE),1,772082,Not at intersection,3,80,Arterial Highway,MOOROODUC,FRANKSTON,-38.15342,145.13379,2021,9,September,8,Morning Peak,Weekday
T20210019606,2021-09-20,17:30:00,1,Collision with vehicle,1,Monday,110,CROSS TRAFFIC(INTERSECTIONS ONLY),9,35974,Cross intersection,3,50,Local Road,BARROW,MORELAND,-37.751995,144.97113,2021,9,September,17,Afternoon Peak,Weekday
T20210019585,2021-09-20,13:15:00,1,Collision with vehicle,1,Monday,148,VEHICLE OFF FOOTPATH STRIKES VEH ON CARRIAGEWAY,1,693150,Not at intersection,3,60,Local Road,WANDA,MONASH,-37.934174,145.16583,2021,9,September,13,Midday,Weekday
T20210019573,2021-09-20,21:00:00,4,Collision with a fixed object,1,Monday,173,RIGHT OFF CARRIAGEWAY INTO OBJECT/PARKED VEHICLE,5,712593,Not at intersection,2,60,Local Road,DOHERTYS,WYNDHAM,-37.816902,144.66972,2021,9,September,21,Night,Weekday
T20210019567,2021-09-20,18:33:00,1,Collision with vehicle,1,Monday,130,REAR END(VEHICLES IN SAME LANE),5,778496,Not at intersection,3,80,Freeway,PRINCES,HOBSONS BAY,-37.83277,144.81071,2021,9,September,18,Afternoon Peak,Weekday
T20210019799,2021-09-21,13:30:00,5,collision with some other object,2,Tuesday,166,STRUCK OBJECT ON CARRIAGEWAY,1,693509,Not at intersection,3,100,Local Road,WARRIGAL-TOMS CREEK,WELLINGTON,-37.85391,146.91118,2021,9,September,13,Midday,Weekday
T20210020802,2021-09-21,20:30:00,1,Collision with vehicle,2,Tuesday,130,REAR END(VEHICLES IN SAME LANE),3,730931,Not at intersection,2,60,Arterial Other,MICKLEHAM,HUME,-37.68,144.88393,2021,9,September,20,Night,Weekday
T20210019575,2021-09-21,01:15:00,4,Collision with a fixed object,2,Tuesday,171,LEFT OFF CARRIAGEWAY INTO OBJECT/PARKED VEHICLE,5,702888,Not at intersection,2,100,Arterial Highway,BELLARINE,GEELONG,-38.193882,144.48134,2021,9,September,1,Late Night,Weekday
T20210019967,2021-09-21,16:14:00,4,Collision with a fixed object,2,Tuesday,173,RIGHT OFF CARRIAGEWAY INTO OBJECT/PARKED VEHICLE,1,693659,Not at intersection,3,60,Arterial Other,WESTS,MARIBYRNONG,-37.769966,144.8821,2021,9,September,16,Afternoon Peak,Weekday
T20210020040,2021-09-21,07:23:00,1,Collision with vehicle,2,Tuesday,113,RIGHT NEAR (INTERSECTIONS ONLY),1,29472,T intersection,3,50,Arterial Other,TOORAK,STONNINGTON,-37.838875,144.9907,2021,9,September,7,Morning Peak,Weekday
T20210019612,2021-09-21,17:56:00,2,Struck Pedestrian,2,Tuesday,100,PED NEAR SIDE. PED HIT BY VEHICLE FROM THE RIGHT.,3,693508,T intersection,2,60,Arterial Other,BEACH,BAYSIDE,-37.966675,145.01225,2021,9,September,17,Afternoon Peak,Weekday
T20210020798,2021-09-21,08:00:00,4,Collision with a fixed object,2,Tuesday,181,OFF RIGHT BEND INTO OBJECT/PARKED VEHICLE,1,694934,Not at intersection,3,60,Arterial Other,RIVERSDALE,BOROONDARA,-37.82773,145.02586,2021,9,September,8,Morning Peak,Weekday
T20210019576,2021-09-21,00:54:00,4,Collision with a fixed object,2,Tuesday,173,RIGHT OFF CARRIAGEWAY INTO OBJECT/PARKED VEHICLE,3,693654,Not at intersection,3,70,Arterial Other,DORSET,MAROONDAH,-37.83254,145.28731,2021,9,September,0,Late Night,Weekday
T20210019696,2021-09-21,21:00:00,1,Collision with vehicle,2,Tuesday,130,REAR END(VEHICLES IN SAME LANE),6,727287,Not at intersection,3,100,Freeway,WESTERN RING,BRIMBANK,-37.754414,144.82678,2021,9,September,21,Night,Weekday
T20210019757,2021-09-21,08:00:00,2,Struck Pedestrian,2,Tuesday,101,PED EMERGES FROM IN FRONT OF PARKED OR STATIONARY VEHICLE,1,693318,Not at intersection,3,40,Arterial Highway,LONSDALE STREET SERVICE,DANDENONG,-37.98842,145.21463,2021,9,September,8,Morning Peak,Weekday
T20210021141,2021-09-21,15:45:00,1,Collision with vehicle,2,Tuesday,160,VEHICLE COLLIDES WITH VEHICLE PARKED ON LEFT OF ROAD,1,695171,Not at intersection,3,50,Local Road,AMOTT,KINGSTON,-38.016777,145.11258,2021,9,September,15,Afternoon Peak,Weekday
T20210019721,2021-09-21,05:55:00,6,Vehicle overturned (no collision),2,Tuesday,174,OUT OF CONTROL ON CARRIAGEWAY (ON STRAIGHT),2,693265,Not at intersection,3,60,Arterial Other,KOROROIT CREEK,WYNDHAM,-37.8444,144.78552,2021,9,September,5,Morning Peak,Weekday
T20210019619,2021-09-21,18:35:00,1,Collision with vehicle,2,Tuesday,121,RIGHT THROUGH,3,624856,T intersection,3,80,Arterial Other,BERWICK-CRANBOURNE,CASEY,-38.115704,145.30318,2021,9,September,18,Afternoon Peak,Weekday
T20210019617,2021-09-21,19:47:00,4,Collision with a fixed object,2,Tuesday,173,RIGHT OFF CARRIAGEWAY INTO OBJECT/PARKED VEHICLE,3,693949,Not at intersection,2,50,Local Road,TRAMWAY,BAYSIDE,-37.984642,145.0438,2021,9,September,19,Night,Weekday
T20210019616,2021-09-21,18:15:00,1,Collision with vehicle,2,Tuesday,147,VEHICLE STRIKES ANOTHER VEH WHILE EMERGING FROM DRIVEWAY,2,695821,Not at intersection,3,80,Arterial Other,CRANBOURNE-FRANKSTON,FRANKSTON,-38.13493,145.22606,2021,9,September,18,Afternoon Peak,Weekday
T20210019614,2021-09-21,18:36:00,1,Collision with vehicle,2,Tuesday,113,RIGHT NEAR (INTERSECTIONS ONLY),3,42802,T intersection,3,60,Arterial Other,CENTRE DANDENONG,KINGSTON,-37.968094,145.0776,2021,9,September,18,Afternoon Peak,Weekday
T20210019752,2021-09-21,07:45:00,6,Vehicle overturned (no collision),2,Tuesday,174,OUT OF CONTROL ON CARRIAGEWAY (ON STRAIGHT),2,695728,Not at intersection,3,40,Arterial Other,MORNINGTON-TYABB,MORNINGTON PENINSULA,-38.25224,145.11792,2021,9,September,7,Morning Peak,Weekday
T20210019670,2021-09-21,22:17:00,4,Collision with a fixed object,2,Tuesday,171,LEFT OFF CARRIAGEWAY INTO OBJECT/PARKED VEHICLE,3,693476,Not at intersection,2,70,Arterial Other,MT DANDENONG,MAROONDAH,-37.801704,145.3069,2021,9,September,22,Night,Weekday
T20210019622,2021-09-21,22:20:00,7,Fall from or in moving vehicle,2,Tuesday,190,FELL IN/FROM VEHICLE,3,696442,Dead end,3,50,Local Road,MCEACHERN,WODONGA,-36.133457,146.86049,2021,9,September,22,Night,Weekday
T20210019651,2021-09-21,17:05:00,1,Collision with vehicle,2,Tuesday,133,LANE SIDE SWIPE (VEHICLES IN PARALLEL LANES),9,760978,Not at intersection,2,100,Freeway,WESTERN RING,MORELAND,-37.69896,144.89697,2021,9,September,17,Afternoon Peak,Weekday
T20210019638,2021-09-21,18:44:00,1,Collision with vehicle,2,Tuesday,160,VEHICLE COLLIDES WITH VEHICLE PARKED ON LEFT OF ROAD,3,693528,Not at intersection,3,60,Arterial Highway,MAROONDAH,MAROONDAH,-37.806713,145.24313,2021,9,September,18,Afternoon Peak,Weekday
T20210019596,2021-09-21,12:15:00,1,Collision with vehicle,2,Tuesday,110,CROSS TRAFFIC(INTERSECTIONS ONLY),1,51250,Cross intersection,2,100,Local Road,KATUNGA-PICOLA,MOIRA,-35.99919,145.40428,2021,9,September,12,Midday,Weekday
T20210019669,2021-09-22,20:40:00,1,Collision with vehicle,3,Wednesday,110,CROSS TRAFFIC(INTERSECTIONS ONLY),3,43819,Cross intersection,3,50,Local Road,CRAMER,DAREBIN,-37.7395,144.99469,2021,9,September,20,Night,Weekday
T20210019668,2021-09-22,08:00:00,1,Collision with vehicle,3,Wednesday,130,REAR END(VEHICLES IN SAME LANE),1,36741,T intersection,3,80,Local Road,TRUEMANS,MORNINGTON PENINSULA,-38.395897,144.85722,2021,9,September,8,Morning Peak,Weekday
T20210020615,2021-09-22,06:55:00,6,Vehicle overturned (no collision),3,Wednesday,184,OUT OF CONTROL ON CARRIAGEWAY (ON BEND),1,694677,Not at intersection,3,60,Arterial Other,EMERALD-MONBULK,CARDINIA,-37.92257,145.44347,2021,9,September,6,Morning Peak,Weekday
T20210019666,2021-09-22,18:35:00,1,Collision with vehicle,3,Wednesday,110,CROSS TRAFFIC(INTERSECTIONS ONLY),2,15453,Cross intersection,2,100,Arterial Other,BARWON HEADS,GEELONG,-38.259407,144.42456,2021,9,September,18,Afternoon Peak,Weekday
T20210019665,2021-09-22,18:20:00,1,Collision with vehicle,3,Wednesday,148,VEHICLE OFF FOOTPATH STRIKES VEH ON CARRIAGEWAY,1,29761,Cross intersection,2,80,Arterial Other,THOMPSONS,CASEY,-38.079994,145.25813,2021,9,September,18,Afternoon Peak,Weekday
T20210019664,2021-09-22,18:10:00,3,Struck animal,3,Wednesday,167,STRUCK ANIMAL,2,693478,Not at intersection,2,100,Arterial Other,LOCKHARTS GAP,TOWONG,-36.390858,147.22072,2021,9,September,18,Afternoon Peak,Weekday
T20210019661,2021-09-22,17:33:00,4,Collision with a fixed object,3,Wednesday,181,OFF RIGHT BEND INTO OBJECT/PARKED VEHICLE,1,695556,Not at intersection,3,80,Arterial Other,KANGAROO GROUND-WARRANDYTE,NILLUMBIK,-37.70128,145.22566,2021,9,September,17,Afternoon Peak,Weekday
T20210019655,2021-09-22,16:30:00,4,Collision with a fixed object,3,Wednesday,181,OFF RIGHT BEND INTO OBJECT/PARKED VEHICLE,1,694044,Not at intersection,2,100,Local Road,LONGERENONG,YARRIAMBIACK,-36.68935,142.41165,2021,9,September,16,Afternoon Peak,Weekday
T20210019653,2021-09-22,16:00:00,8,No collision and no object struck,3,Wednesday,180,OFF CARRIAGEWAY ON RIGHT BEND,1,693488,Not at intersection,2,50,Local Road,ARUNDEL,HUME,-37.702705,144.83504,2021,9,September,16,Afternoon Peak,Weekday
T20210019652,2021-09-22,15:08:00,1,Collision with vehicle,3,Wednesday,113,RIGHT NEAR (INTERSECTIONS ONLY),1,50479,T intersection,3,100,Arterial Highway,CALDER,MILDURA,-34.260628,142.18031,2021,9,September,15,Afternoon Peak,Weekday
T20210022733,2021-09-22,19:30:00,4,Collision with a fixed object,3,Wednesday,171,LEFT OFF CARRIAGEWAY INTO OBJECT/PARKED VEHICLE,5,701569,Not at intersection,3,100,Local Road,BOORT-KURTING,LODDON,-36.361576,143.79352,2021,9,September,19,Night,Weekday
T20210019642,2021-09-22,14:35:00,6,Vehicle overturned (no collision),3,Wednesday,170,OFF CARRIAGEWAY TO LEFT,1,693993,Not at intersection,3,100,Local Road,LABUAN,MOIRA,-35.996555,145.53163,2021,9,September,14,Midday,Weekday
T20210019641,2021-09-22,07:10:00,8,No collision and no object struck,3,Wednesday,179,OTHER ACCIDENTS-OFF STRAIGHT NOT INCLUDED IN DCAs 170-175,1,693637,Not at intersection,3,60,Local Road,MILLER,DAREBIN,-37.751736,144.9951,2021,9,September,7,Morning Peak,Weekday
T20210019640,2021-09-22,12:30:00,1,Collision with vehicle,3,Wednesday,133,LANE SIDE SWIPE (VEHICLES IN PARALLEL LANES),1,698849,Not at intersection,2,100,Freeway,PRINCES,WYNDHAM,-37.9159,144.66988,2021,9,September,12,Midday,Weekday
T20210019715,2021-09-22,20:40:00,1,Collision with vehicle,3,Wednesday,133,LANE SIDE SWIPE (VEHICLES IN PARALLEL LANES),5,700505,Not at intersection,2,80,Arterial Other,FRANKSTON-FLINDERS,MORNINGTON PENINSULA,-38.365585,145.13853,2021,9,September,20,Night,Weekday
T20210019688,2021-09-22,21:10:00,3,Struck animal,3,Wednesday,167,STRUCK ANIMAL,5,693418,Not at intersection,2,100,Local Road,MILL,GEELONG,-37.99187,144.45375,2021,9,September,21,Night,Weekday
T20210020342,2021-09-22,09:00:00,8,No collision and no object struck,3,Wednesday,174,OUT OF CONTROL ON CARRIAGEWAY (ON STRAIGHT),1,695771,Not at intersection,3,100,Local Road,OLD COACH,INDIGO,-36.2608,146.6752,2021,9,September,9,Morning Peak,Weekday
T20210020032,2021-09-22,17:05:00,1,Collision with vehicle,3,Wednesday,143,ENTERING PARKING,1,37088,T intersection,3,50,Arterial Other,BRIDGE,YARRA,-37.81775,144.99178,2021,9,September,17,Afternoon Peak,Weekday
T20210019803,2021-09-22,16:05:00,1,Collision with vehicle,3,Wednesday,130,REAR END(VEHICLES IN SAME LANE),1,693369,Not at intersection,3,80,Arterial Other,KANGAROO GROUND-WATTLE GLEN,NILLUMBIK,-37.674908,145.19998,2021,9,September,16,Afternoon Peak,Weekday
T20210019635,2021-09-22,10:39:00,1,Collision with vehicle,3,Wednesday,147,VEHICLE STRIKES ANOTHER VEH WHILE EMERGING FROM DRIVEWAY,1,702096,Not at intersection,3,40,Local Road,COOLABAH,LATROBE,-38.305637,146.41608,2021,9,September,10,Midday,Weekday
T20210019729,2021-09-23,23:15:00,1,Collision with vehicle,4,Thursday,110,CROSS TRAFFIC(INTERSECTIONS ONLY),5,62705,Cross intersection,2,50,Local Road,HELEN,BRIMBANK,-37.729065,144.80048,2021,9,September,23,Night,Weekday
T20210019726,2021-09-23,23:15:00,1,Collision with vehicle,4,Thursday,121,RIGHT THROUGH,3,44939,Cross intersection,2,60,Arterial Other,MAIN ROAD E-MAIN,BRIMBANK,-37.744232,144.79994,2021,9,September,23,Night,Weekday
T20210019722,2021-09-23,16:40:00,2,Struck Pedestrian,4,Thursday,102,FAR SIDE. PED HIT BY VEHICLE FROM THE LEFT,1,694853,Not at intersection,3,50,Arterial Highway,POINT NEPEAN,MORNINGTON PENINSULA,-38.37002,144.81973,2021,9,September,16,Afternoon Peak,Weekday
T20210019698,2021-09-23,12:00:00,4,Collision with a fixed object,4,Thursday,171,LEFT OFF CARRIAGEWAY INTO OBJECT/PARKED VEHICLE,1,714442,Not at intersection,2,100,Arterial Highway,LODDON VALLEY,GANNAWARRA,-35.830788,143.94429,2021,9,September,12,Midday,Weekday
T20210019674,2021-09-23,06:10:00,1,Collision with vehicle,4,Thursday,116,LEFT NEAR (INTERSECTIONS ONLY),2,695278,T intersection,3,80,Arterial Other,BALLARAT-CARNGHAM,BALLARAT,-37.56715,143.78696,2021,9,September,6,Morning Peak,Weekday
T20210019793,2021-09-23,19:00:00,8,No collision and no object struck,4,Thursday,170,OFF CARRIAGEWAY TO LEFT,2,730898,Not at intersection,3,100,Arterial Other,BENDIGO-PYRAMID,BENDIGO,-36.569916,144.19946,2021,9,September,19,Night,Weekday
T20210019671,2021-09-23,03:40:00,6,Vehicle overturned (no collision),4,Thursday,174,OUT OF CONTROL ON CARRIAGEWAY (ON STRAIGHT),5,597137,Not at intersection,2,80,Arterial Highway,MIDLAND,SHEPPARTON,-36.380863,145.39226,2021,9,September,3,Late Night,Weekday
T20210020027,2021-09-23,20:30:00,2,Struck Pedestrian,4,Thursday,100,PED NEAR SIDE. PED HIT BY VEHICLE FROM THE RIGHT.,3,332439,Cross intersection,2,60,Arterial Other,CRAIGIEBURN,HUME,-37.593918,144.91006,2021,9,September,20,Night,Weekday
T20210019678,2021-09-23,07:55:00,1,Collision with vehicle,4,Thursday,121,RIGHT THROUGH,1,29818,Cross intersection,2,60,Arterial Other,MELBOURNE,WODONGA,-36.114845,146.86862,2021,9,September,7,Morning Peak,Weekday
T20210019705,2021-09-23,07:55:00,1,Collision with vehicle,4,Thursday,130,REAR END(VEHICLES IN SAME LANE),1,694755,Not at intersection,3,70,Arterial Highway,YORK,WELLINGTON,-38.09806,147.06801,2021,9,September,7,Morning Peak,Weekday
T20210019703,2021-09-23,17:00:00,1,Collision with vehicle,4,Thursday,160,VEHICLE COLLIDES WITH VEHICLE PARKED ON LEFT OF ROAD,1,693487,Not at intersection,3,60,Local Road,WILLIAMS,WANGARATTA,-36.34577,146.2954,2021,9,September,17,Afternoon Peak,Weekday
T20210019693,2021-09-23,11:48:00,1,Collision with vehicle,4,Thursday,147,VEHICLE STRIKES ANOTHER VEH WHILE EMERGING FROM DRIVEWAY,1,693263,Not at intersection,3,50,Local Road,VERNER,GEELONG,-38.1587,144.35605,2021,9,September,11,Midday,Weekday
T20210020646,2021-09-23,08:00:00,1,Collision with vehicle,4,Thursday,130,REAR END(VEHICLES IN SAME LANE),1,694634,Not at intersection,2,60,Arterial Other,DYNON,MELBOURNE,-37.802593,144.92468,2021,9,September,8,Morning Peak,Weekday
T20210023907,2021-09-23,17:45:00,1,Collision with vehicle,4,Thursday,130,REAR END(VEHICLES IN SAME LANE),2,781267,Not at intersection,3,70,Arterial Other,SOMERTON,HUME,-37.638237,144.91028,2021,9,September,17,Afternoon Peak,Weekday
T20210019686,2021-09-23,11:48:00,1,Collision with vehicle,4,Thursday,147,VEHICLE STRIKES ANOTHER VEH WHILE EMERGING FROM DRIVEWAY,1,694754,Not at intersection,2,60,Arterial Other,TRAM,MANNINGHAM,-37.794647,145.1261,2021,9,September,11,Midday,Weekday
T20210019713,2021-09-23,17:00:00,1,Collision with vehicle,4,Thursday,130,REAR END(VEHICLES IN SAME LANE),1,693714,Not at intersection,3,80,Arterial Highway,DANDENONG,MONASH,-37.91068,145.12111,2021,9,September,17,Afternoon Peak,Weekday
T20210020113,2021-09-23,12:30:00,1,Collision with vehicle,4,Thursday,113,RIGHT NEAR (INTERSECTIONS ONLY),1,38694,T intersection,2,80,Arterial Other,CHILDS,WHITTLESEA,-37.669994,145.0665,2021,9,September,12,Midday,Weekday
T20210019710,2021-09-23,17:40:00,1,Collision with vehicle,4,Thursday,134,LANE CHANGE RIGHT (NOT OVERTAKING),1,730895,Not at intersection,3,80,Freeway,WEST GATE,HOBSONS BAY,-37.829395,144.89816,2021,9,September,17,Afternoon Peak,Weekday
T20210021232,2021-09-23,16:30:00,1,Collision with vehicle,4,Thursday,147,VEHICLE STRIKES ANOTHER VEH WHILE EMERGING FROM DRIVEWAY,1,53374,Not at intersection,3,80,Arterial Highway,NEPEAN,MORNINGTON PENINSULA,-38.21868,145.059,2021,9,September,16,Afternoon Peak,Weekday
T20210019709,2021-09-23,16:54:00,1,Collision with vehicle,4,Thursday,130,REAR END(VEHICLES IN SAME LANE),1,694596,T intersection,2,70,Arterial Other,MAHONEYS,WHITTLESEA,-37.693714,145.00072,2021,9,September,16,Afternoon Peak,Weekday
T20210019706,2021-09-23,15:10:00,1,Collision with vehicle,4,Thursday,148,VEHICLE OFF FOOTPATH STRIKES VEH ON CARRIAGEWAY,1,693485,Not at intersection,3,50,Local Road,RAILWAY,HOBSONS BAY,-37.86387,144.77385,2021,9,September,15,Afternoon Peak,Weekday
T20210022801,2021-09-23,10:38:00,1,Collision with vehicle,4,Thursday,130,REAR END(VEHICLES IN SAME LANE),1,697021,Not at intersection,3,100,Freeway,WESTERN RING,BRIMBANK,-37.735428,144.85257,2021,9,September,10,Midday,Weekday
T20210019689,2021-09-23,13:00:00,1,Collision with vehicle,4,Thursday,110,CROSS TRAFFIC(INTERSECTIONS ONLY),1,43136,Cross intersection,3,80,Arterial Other,BARRY,HUME,-37.663754,144.92218,2021,9,September,13,Midday,Weekday
T20210019690,2021-09-23,11:00:00,2,Struck Pedestrian,4,Thursday,102,FAR SIDE. PED HIT BY VEHICLE FROM THE LEFT,1,695627,T intersection,2,50,Arterial Other,MORELAND,MORELAND,-37.75424,144.95392,2021,9,September,11,Midday,Weekday
T20210021670,2021-09-23,12:00:00,1,Collision with vehicle,4,Thursday,137,LEFT TURN SIDESWIPE,9,37683,T intersection,3,40,Arterial Other,TOORAK,STONNINGTON,-37.839233,144.99352,2021,9,September,12,Midday,Weekday
T20210020192,2021-09-23,14:15:00,9,Other accident,4,Thursday,139,OTHER SAME DIRECTION-MANOUEVRES NOT INCLUDED IN DCAs 130-137,1,694149,Not at intersection,3,80,Arterial Other,CRANBOURNE,CASEY,-38.035366,145.30518,2021,9,September,14,Midday,Weekday
T20210020186,2021-09-23,11:45:00,1,Collision with vehicle,4,Thursday,130,REAR END(VEHICLES IN SAME LANE),1,694524,Not at intersection,3,100,Freeway,MONASH,STONNINGTON,-37.877033,145.0751,2021,9,September,11,Midday,Weekday