ACCIDENT_NO,ACCIDENT_DATE,ACCIDENT_TIME,ACCIDENT_TYPE,ACCIDENT_TYPE_DESC,DAY_OF_WEEK,DAY_WEEK_DESC,DCA_CODE,DCA_DESC,LIGHT_CONDITION,NODE_ID,ROAD_GEOMETRY_DESC,SEVERITY,SPEED_ZONE,RMA,ROAD_NAME,LGA_NAME,LATITUDE,LONGITUDE,YEAR,MONTH,MONTH_NAME,HOUR,TIME_PERIOD,DAY_TYPE
T20210021906,2021-09-23,16:00:00,1,Collision with vehicle,4,Thursday,145,REVERSING IN STREAM OF TRAFFIC,1,323156,T intersection,3,80,Arterial Highway,DANDENONG VALLEY,FRANKSTON,-38.087925,145.18195,2021,9,September,16,Afternoon Peak,Weekday
T20220008075,2021-09-23,15:47:00,1,Collision with vehicle,4,Thursday,130,REAR END(VEHICLES IN SAME LANE),1,709308,Not at intersection,3,60,Arterial Highway,BELL,BANYULE,-37.750977,145.04575,2021,9,September,15,Afternoon Peak,Weekday
T20210019701,2021-09-23,15:55:00,2,Struck Pedestrian,4,Thursday,100,PED NEAR SIDE. PED HIT BY VEHICLE FROM THE RIGHT.,1,693317,Not at intersection,2,60,Arterial Other,BEACH,BAYSIDE,-37.942665,145.00063,2021,9,September,15,Afternoon Peak,Weekday
T20210019744,2021-09-23,15:25:00,4,Collision with a fixed object,4,Thursday,171,LEFT OFF CARRIAGEWAY INTO OBJECT/PARKED VEHICLE,1,698724,Not at intersection,3,80,Arterial Other,WHITTLESEA-KINGLAKE,MURRINDINDI,-37.501633,145.30844,2021,9,September,15,Afternoon Peak,Weekday
T20210019759,2021-09-23,17:45:00,1,Collision with vehicle,4,Thursday,121,RIGHT THROUGH,9,699841,Not at intersection,3,50,Local Road,AUGHTIE,PORT PHILLIP,-37.851486,144.9708,2021,9,September,17,Afternoon Peak,Weekday
T20210019734,2021-09-24,06:26:00,1,Collision with vehicle,5,Friday,110,CROSS TRAFFIC(INTERSECTIONS ONLY),1,44402,Cross intersection,2,60,Arterial Other,MURRAY,DAREBIN,-37.738804,145.01154,2021,9,September,6,Morning Peak,Weekday
T20210021663,2021-09-24,18:10:00,1,Collision with vehicle,5,Friday,116,LEFT NEAR (INTERSECTIONS ONLY),1,346178,Cross intersection,3,80,Arterial Highway,PRINCES,CASEY,-38.026333,145.30685,2021,9,September,18,Afternoon Peak,Weekday
T20210019760,2021-09-24,13:00:00,4,Collision with a fixed object,5,Friday,173,RIGHT OFF CARRIAGEWAY INTO OBJECT/PARKED VEHICLE,1,696952,Not at intersection,3,60,Local Road,OVERTON,WYNDHAM,-37.86673,144.74861,2021,9,September,13,Midday,Weekday
T20210019804,2021-09-24,16:00:00,6,Vehicle overturned (no collision),5,Friday,174,OUT OF CONTROL ON CARRIAGEWAY (ON STRAIGHT),1,697746,Not at intersection,3,50,Local Road,SOUTH GIPPSLAND,CASEY,-38.208088,145.37558,2021,9,September,16,Afternoon Peak,Weekday
T20210019798,2021-09-24,22:19:00,1,Collision with vehicle,5,Friday,113,RIGHT NEAR (INTERSECTIONS ONLY),3,265368,T intersection,2,60,Arterial Highway,HIGH,BENDIGO,-36.77022,144.2632,2021,9,September,22,Night,Weekday
T20210019783,2021-09-24,21:00:00,1,Collision with vehicle,5,Friday,130,REAR END(VEHICLES IN SAME LANE),6,1016,Cross intersection,2,80,Arterial Highway,SOUTH GIPPSLAND,CASEY,-38.098076,145.2832,2021,9,September,21,Night,Weekday
T20210019780,2021-09-24,15:15:00,1,Collision with vehicle,5,Friday,160,VEHICLE COLLIDES WITH VEHICLE PARKED ON LEFT OF ROAD,1,694523,Not at intersection,2,50,Local Road,VALLEY LAKE,MOONEE VALLEY,-37.738785,144.87553,2021,9,September,15,Afternoon Peak,Weekday
T20210019778,2021-09-24,18:39:00,1,Collision with vehicle,5,Friday,110,CROSS TRAFFIC(INTERSECTIONS ONLY),3,44520,Cross intersection,2,80,Arterial Other,PLENTY,WHITTLESEA,-37.586998,145.10326,2021,9,September,18,Afternoon Peak,Weekday
T20210019773,2021-09-24,19:15:00,1,Collision with vehicle,5,Friday,130,REAR END(VEHICLES IN SAME LANE),3,693368,Not at intersection,3,50,Local Road,MERCER,GEELONG,-38.14348,144.35652,2021,9,September,19,Night,Weekday
T20210019768,2021-09-24,17:25:00,1,Collision with vehicle,5,Friday,121,RIGHT THROUGH,2,221846,Multiple intersection,3,60,Freeway,THAMES,DANDENONG,-38.043102,145.14218,2021,9,September,17,Afternoon Peak,Weekday
T20210019762,2021-09-24,14:55:00,1,Collision with vehicle,5,Friday,113,RIGHT NEAR (INTERSECTIONS ONLY),1,38731,Cross intersection,2,80,Arterial Highway,PLENTY,WHITTLESEA,-37.68831,145.06625,2021,9,September,14,Midday,Weekday
T20210019758,2021-09-24,13:00:00,1,Collision with vehicle,5,Friday,130,REAR END(VEHICLES IN SAME LANE),1,730897,Not at intersection,3,80,Arterial Highway,DANDENONG VALLEY,DANDENONG,-37.99735,145.21892,2021,9,September,13,Midday,Weekday
T20210019756,2021-09-24,11:30:00,4,Collision with a fixed object,5,Friday,183,OFF LEFT BEND INTO OBJECT/PARKED VEHICLE,1,695158,Not at intersection,2,80,Arterial Other,GRANYA,TOWONG,-36.175934,147.33865,2021,9,September,11,Midday,Weekday
T20210019745,2021-09-24,08:50:00,1,Collision with vehicle,5,Friday,121,RIGHT THROUGH,1,696045,Cross intersection,2,50,Arterial Other,WARRENHEIP,BALLARAT,-37.646698,143.88516,2021,9,September,8,Morning Peak,Weekday
T20210019737,2021-09-24,07:20:00,4,Collision with a fixed object,5,Friday,171,LEFT OFF CARRIAGEWAY INTO OBJECT/PARKED VEHICLE,1,696175,Not at intersection,2,80,Arterial Other,BEACONSFIELD-EMERALD,CARDINIA,-37.980503,145.45189,2021,9,September,7,Morning Peak,Weekday
T20210019820,2021-09-25,21:10:00,1,Collision with vehicle,6,Saturday,130,REAR END(VEHICLES IN SAME LANE),5,778497,Not at intersection,3,100,Local Road,GIRGARRE EAST,SHEPPARTON,-36.4548,145.1865,2021,9,September,21,Night,Weekend
T20210020240,2021-09-25,04:30:00,4,Collision with a fixed object,6,Saturday,173,RIGHT OFF CARRIAGEWAY INTO OBJECT/PARKED VEHICLE,3,742455,Cross intersection,2,80,Arterial Other,FLEMINGTON,MELBOURNE,-37.789356,144.94211,2021,9,September,4,Late Night,Weekend
T20210019818,2021-09-25,20:45:00,4,Collision with a fixed object,6,Saturday,171,LEFT OFF CARRIAGEWAY INTO OBJECT/PARKED VEHICLE,3,29521,Cross intersection,2,80,Arterial Other,WILLIAMSTOWN,MARIBYRNONG,-37.812824,144.88347,2021,9,September,20,Night,Weekend
T20210019801,2021-09-25,09:30:00,1,Collision with vehicle,6,Saturday,130,REAR END(VEHICLES IN SAME LANE),1,772282,Not at intersection,3,100,Freeway,WESTERN,MELTON,-37.749046,144.71594,2021,9,September,9,Morning Peak,Weekend
T20210020196,2021-09-25,14:00:00,8,No collision and no object struck,6,Saturday,174,OUT OF CONTROL ON CARRIAGEWAY (ON STRAIGHT),9,67271,T intersection,3,60,Local Road,BURNS,HOBSONS BAY,-37.851723,144.78943,2021,9,September,14,Midday,Weekend
T20210020250,2021-09-25,01:24:00,4,Collision with a fixed object,6,Saturday,173,RIGHT OFF CARRIAGEWAY INTO OBJECT/PARKED VEHICLE,5,781274,Not at intersection,3,50,Local Road,WYUNA,MORNINGTON PENINSULA,-38.37168,144.88354,2021,9,September,1,Late Night,Weekend
T20210019817,2021-09-25,20:49:00,4,Collision with a fixed object,6,Saturday,171,LEFT OFF CARRIAGEWAY INTO OBJECT/PARKED VEHICLE,3,776901,Cross intersection,2,60,Local Road,HALLETTS,MOORABOOL,-37.680733,144.4212,2021,9,September,20,Night,Weekend
T20210019815,2021-09-25,18:35:00,1,Collision with vehicle,6,Saturday,120,HEAD ON (NOT OVERTAKING),5,702506,Not at intersection,3,60,Arterial Highway,SOUTH GIPPSLAND,SOUTH GIPPSLAND,-38.552612,145.95453,2021,9,September,18,Afternoon Peak,Weekend
T20210019809,2021-09-25,16:30:00,4,Collision with a fixed object,6,Saturday,173,RIGHT OFF CARRIAGEWAY INTO OBJECT/PARKED VEHICLE,1,695730,Not at intersection,3,100,Local Road,MT NAPIER,SOUTHERN GRAMPIANS,-37.93519,142.11441,2021,9,September,16,Afternoon Peak,Weekend
T20210019807,2021-09-25,16:15:00,1,Collision with vehicle,6,Saturday,121,RIGHT THROUGH,1,39161,T intersection,2,70,Arterial Other,KINGS,BRIMBANK,-37.729897,144.78163,2021,9,September,16,Afternoon Peak,Weekend
T20210019846,2021-09-25,14:50:00,8,No collision and no object struck,6,Saturday,174,OUT OF CONTROL ON CARRIAGEWAY (ON STRAIGHT),1,710059,Not at intersection,3,60,Arterial Other,JACKSONS,DANDENONG,-37.952724,145.19118,2021,9,September,14,Midday,Weekend
T20210019805,2021-09-25,15:37:00,1,Collision with vehicle,6,Saturday,142,LEAVING PARKING,1,704614,Not at intersection,2,60,Arterial Other,MCINTYRE,BRIMBANK,-37.76909,144.8302,2021,9,September,15,Afternoon Peak,Weekend
T20210022778,2021-09-25,14:21:00,1,Collision with vehicle,6,Saturday,121,RIGHT THROUGH,1,49664,T intersection,3,60,Local Road,MONTREAL,GEELONG,-38.074623,144.36255,2021,9,September,14,Midday,Weekend
T20210019896,2021-09-25,15:06:00,1,Collision with vehicle,6,Saturday,110,CROSS TRAFFIC(INTERSECTIONS ONLY),1,339220,Cross intersection,3,80,Arterial Highway,NEPEAN,KINGSTON,-37.961742,145.05501,2021,9,September,15,Afternoon Peak,Weekend
T20210019836,2021-09-25,23:55:00,4,Collision with a fixed object,6,Saturday,171,LEFT OFF CARRIAGEWAY INTO OBJECT/PARKED VEHICLE,5,693444,Not at intersection,1,100,Local Road,PLUMPTON,MELTON,-37.646786,144.70483,2021,9,September,23,Night,Weekend
T20210019802,2021-09-25,12:38:00,1,Collision with vehicle,6,Saturday,135,LANE CHANGE LEFT (NOT OVERTAKING),1,696598,Not at intersection,2,60,Arterial Highway,MAROONDAH,MAROONDAH,-37.817337,145.21669,2021,9,September,12,Midday,Weekend
T20210019834,2021-09-25,18:45:00,4,Collision with a fixed object,6,Saturday,181,OFF RIGHT BEND INTO OBJECT/PARKED VEHICLE,5,700674,Not at intersection,2,100,Local Road,CREIGHTONS CREEK,STRATHBOGIE,-36.816433,145.53128,2021,9,September,18,Afternoon Peak,Weekend
T20210019831,2021-09-25,13:10:00,4,Collision with a fixed object,6,Saturday,171,LEFT OFF CARRIAGEWAY INTO OBJECT/PARKED VEHICLE,1,693816,T intersection,2,80,Arterial Other,PRINCES,CARDINIA,-38.068146,145.4968,2021,9,September,13,Midday,Weekend
T20210019795,2021-09-25,10:40:00,1,Collision with vehicle,6,Saturday,116,LEFT NEAR (INTERSECTIONS ONLY),1,36162,T intersection,3,80,Arterial Other,SUNSHINE,BRIMBANK,-37.73149,144.81665,2021,9,September,10,Midday,Weekend
T20210023790,2021-09-25,09:10:00,1,Collision with vehicle,6,Saturday,130,REAR END(VEHICLES IN SAME LANE),1,697836,Not at intersection,3,50,Arterial Highway,GAVAN,ALPINE,-36.72745,146.95999,2021,9,September,9,Morning Peak,Weekend
T20210019867,2021-09-25,17:06:00,1,Collision with vehicle,6,Saturday,140,U TURN,1,781278,Not at intersection,3,80,Local Road,TRUEMANS,MORNINGTON PENINSULA,-38.415413,144.86523,2021,9,September,17,Afternoon Peak,Weekend
T20210026405,2021-09-25,17:45:00,6,Vehicle overturned (no collision),6,Saturday,172,OFF CARRIAGEWAY TO RIGHT,1,701749,Not at intersection,2,100,Local Road,FORBES-MORANDING,MITCHELL,-37.287357,144.87633,2021,9,September,17,Afternoon Peak,Weekend
T20210019819,2021-09-25,22:10:00,4,Collision with a fixed object,6,Saturday,171,LEFT OFF CARRIAGEWAY INTO OBJECT/PARKED VEHICLE,3,697286,T intersection,2,70,Arterial Highway,TORQUAY,GEELONG,-38.20972,144.3398,2021,9,September,22,Night,Weekend
T20210019823,2021-09-25,22:25:00,4,Collision with a fixed object,6,Saturday,173,RIGHT OFF CARRIAGEWAY INTO OBJECT/PARKED VEHICLE,5,697803,Not at intersection,1,100,Arterial Other,WANGARATTA-WHITFIELD,WANGARATTA,-36.71361,146.41008,2021,9,September,22,Night,Weekend
T20210019893,2021-09-26,14:00:00,4,Collision with a fixed object,7,Sunday,183,OFF LEFT BEND INTO OBJECT/PARKED VEHICLE,1,693587,Not at intersection,3,100,Freeway,MONASH,MONASH,-37.884037,145.09349,2021,9,September,14,Midday,Weekend
T20210019871,2021-09-26,18:08:00,1,Collision with vehicle,7,Sunday,120,HEAD ON (NOT OVERTAKING),1,699990,Not at intersection,3,50,Local Road,BIRCH,KINGSTON,-37.98136,145.05814,2021,9,September,18,Afternoon Peak,Weekend
T20210019850,2021-09-26,11:15:00,1,Collision with vehicle,7,Sunday,143,ENTERING PARKING,1,693944,Not at intersection,2,60,Arterial Other,HAMPTON,BAYSIDE,-37.928814,145.00414,2021,9,September,11,Midday,Weekend
T20210019845,2021-09-26,10:28:00,3,Struck animal,7,Sunday,167,STRUCK ANIMAL,1,708485,Not at intersection,2,100,Local Road,ECHUCA-SERPENTINE,LODDON,-36.39261,144.0028,2021,9,September,10,Midday,Weekend
T20210019847,2021-09-26,13:22:00,2,Struck Pedestrian,7,Sunday,102,FAR SIDE. PED HIT BY VEHICLE FROM THE LEFT,1,695644,Not at intersection,3,80,Arterial Other,BOUNDARY,KINGSTON,-37.991604,145.10703,2021,9,September,13,Midday,Weekend
T20210019851,2021-09-26,15:00:00,1,Collision with vehicle,7,Sunday,136,RIGHT TURN SIDESWIPE,1,760947,T intersection,2,60,Arterial Other,GLADSTONE,CENTRAL GOLDFIELDS,-37.040752,143.72977,2021,9,September,15,Afternoon Peak,Weekend
T20210020000,2021-09-26,10:35:00,4,Collision with a fixed object,7,Sunday,171,LEFT OFF CARRIAGEWAY INTO OBJECT/PARKED VEHICLE,1,696012,Not at intersection,3,60,Arterial Other,KEILOR,MOONEE VALLEY,-37.73745,144.89265,2021,9,September,10,Midday,Weekend
T20210019874,2021-09-26,16:35:00,1,Collision with vehicle,7,Sunday,110,CROSS TRAFFIC(INTERSECTIONS ONLY),1,694382,Cross intersection,2,70,Arterial Other,MITCHAM,WHITEHORSE,-37.816364,145.19368,2021,9,September,16,Afternoon Peak,Weekend
T20210019870,2021-09-26,16:30:00,4,Collision with a fixed object,7,Sunday,173,RIGHT OFF CARRIAGEWAY INTO OBJECT/PARKED VEHICLE,1,730899,Not at intersection,3,50,Local Road,COMMERCIAL,MELTON,-37.730263,144.74857,2021,9,September,16,Afternoon Peak,Weekend
T20210021096,2021-09-26,09:00:00,1,Collision with vehicle,7,Sunday,132,RIGHT REAR.,1,697067,Cross intersection,3,60,Arterial Other,STATION,DAREBIN,-37.783306,145.01741,2021,9,September,9,Morning Peak,Weekend
T20210019869,2021-09-26,16:00:00,1,Collision with vehicle,7,Sunday,121,RIGHT THROUGH,1,693421,Not at intersection,2,60,Arterial Other,BEACH,BAYSIDE,-37.928524,144.98975,2021,9,September,16,Afternoon Peak,Weekend
T20210019863,2021-09-26,17:10:00,4,Collision with a fixed object,7,Sunday,171,LEFT OFF CARRIAGEWAY INTO OBJECT/PARKED VEHICLE,1,695721,Not at intersection,2,100,Local Road,SCHOOL,HORSHAM,-36.726868,142.28543,2021,9,September,17,Afternoon Peak,Weekend
T20210019855,2021-09-26,14:18:00,1,Collision with vehicle,7,Sunday,163,VEHICLE STRIKES DOOR OF PARKED/STATIONARY VEHICLE,1,113658,Not at intersection,2,60,Arterial Other,MT ALEXANDER,MOONEE VALLEY,-37.77578,144.92859,2021,9,September,14,Midday,Weekend
T20210019844,2021-09-26,10:00:00,1,Collision with vehicle,7,Sunday,121,RIGHT THROUGH,1,148867,Not at intersection,2,40,Local Road,AUGHTIE,PORT PHILLIP,-37.852062,144.97408,2021,9,September,10,Midday,Weekend
T20210019827,2021-09-26,02:55:00,1,Collision with vehicle,7,Sunday,171,LEFT OFF CARRIAGEWAY INTO OBJECT/PARKED VEHICLE,5,700718,Not at intersection,2,100,Arterial Other,GEELONG-BACCHUS MARSH,MOORABOOL,-37.712494,144.45439,2021,9,September,2,Late Night,Weekend
T20210019825,2021-09-26,02:00:00,4,Collision with a fixed object,7,Sunday,151,OUT OF CONTROL (OVERTAKING),5,693480,Not at intersection,3,100,Arterial Highway,STRZELECKI,LATROBE,-38.329655,146.2539,2021,9,September,2,Late Night,Weekend
T20210019872,2021-09-26,17:15:00,4,Collision with a fixed object,7,Sunday,146,REVERSING INTO FIXED OBJECT/PARKED VEHICLE,1,695740,Not at intersection,2,50,Local Road,HILLSYDE,MOONEE VALLEY,-37.737225,144.92513,2021,9,September,17,Afternoon Peak,Weekend
T20210026820,2021-09-26,14:00:00,6,Vehicle overturned (no collision),7,Sunday,174,OUT OF CONTROL ON CARRIAGEWAY (ON STRAIGHT),1,43144,T intersection,3,60,Local Road,CHARLES GREEN,CASEY,-37.983276,145.24777,2021,9,September,14,Midday,Weekend
T20210019930,2021-09-26,05:00:00,1,Collision with vehicle,7,Sunday,160,VEHICLE COLLIDES WITH VEHICLE PARKED ON LEFT OF ROAD,3,693642,Not at intersection,3,60,Arterial Other,MALVERN,STONNINGTON,-37.849117,145.01103,2021,9,September,5,Morning Peak,Weekend
T20210019936,2021-09-26,19:46:00,1,Collision with vehicle,7,Sunday,130,REAR END(VEHICLES IN SAME LANE),3,885,T intersection,2,40,Local Road,KANGAROO,KINGSTON,-38.045788,145.11327,2021,9,September,19,Night,Weekend
T20210019954,2021-09-26,19:30:00,2,Struck Pedestrian,7,Sunday,102,FAR SIDE. PED HIT BY VEHICLE FROM THE LEFT,3,708708,Not at intersection,2,50,Local Road,PAISLEY,MARIBYRNONG,-37.800945,144.90027,2021,9,September,19,Night,Weekend
T20210019971,2021-09-27,04:40:00,4,Collision with a fixed object,1,Monday,171,LEFT OFF CARRIAGEWAY INTO OBJECT/PARKED VEHICLE,3,695834,Not at intersection,3,40,Local Road,ELWERS,MORNINGTON PENINSULA,-38.36198,144.9177,2021,9,September,4,Late Night,Weekday
T20210019887,2021-09-27,08:33:00,1,Collision with vehicle,1,Monday,130,REAR END(VEHICLES IN SAME LANE),1,695594,Not at intersection,2,100,Freeway,METROPOLITAN RING,BANYULE,-37.688694,145.08142,2021,9,September,8,Morning Peak,Weekday
T20210019996,2021-09-27,10:50:00,1,Collision with vehicle,1,Monday,134,LANE CHANGE RIGHT (NOT OVERTAKING),9,693662,Not at intersection,3,60,Arterial Other,LOWER PLENTY,BANYULE,-37.734543,145.07959,2021,9,September,10,Midday,Weekday
T20210019897,2021-09-27,11:59:00,1,Collision with vehicle,1,Monday,139,OTHER SAME DIRECTION-MANOUEVRES NOT INCLUDED IN DCAs 130-137,1,17692,T intersection,3,100,Arterial Highway,GOULBURN VALLEY,MURRINDINDI,-37.15254,145.65115,2021,9,September,11,Midday,Weekday
T20210019915,2021-09-27,17:32:00,4,Collision with a fixed object,1,Monday,175,OFF END OF ROAD/T-INTERSECTION.,2,46327,T intersection,2,60,Local Road,GLADSTONE,DANDENONG,-37.962997,145.20615,2021,9,September,17,Afternoon Peak,Weekday
T20210019914,2021-09-27,16:00:00,1,Collision with vehicle,1,Monday,130,REAR END(VEHICLES IN SAME LANE),1,730900,Not at intersection,3,60,Arterial Other,PRINCESS,BOROONDARA,-37.798218,145.0304,2021,9,September,16,Afternoon Peak,Weekday
T20210019913,2021-09-27,17:36:00,4,Collision with a fixed object,1,Monday,173,RIGHT OFF CARRIAGEWAY INTO OBJECT/PARKED VEHICLE,1,698297,Not at intersection,2,80,Arterial Other,POUND,CASEY,-38.026157,145.24759,2021,9,September,17,Afternoon Peak,Weekday
T20210019890,2021-09-27,12:00:00,1,Collision with vehicle,1,Monday,147,VEHICLE STRIKES ANOTHER VEH WHILE EMERGING FROM DRIVEWAY,1,702344,Not at intersection,2,60,Local Road,CLOW,DANDENONG,-37.985332,145.21832,2021,9,September,12,Midday,Weekday
T20210022882,2021-09-27,05:40:00,1,Collision with vehicle,1,Monday,135,LANE CHANGE LEFT (NOT OVERTAKING),1,698363,Multiple intersection,3,80,Arterial Other,FITZGERALD,BRIMBANK,-37.799965,144.78928,2021,9,September,5,Morning Peak,Weekday
T20210019903,2021-09-27,13:30:00,6,Vehicle overturned (no collision),1,Monday,174,OUT OF CONTROL ON CARRIAGEWAY (ON STRAIGHT),1,42241,T intersection,2,60,Local Road,BARBARA,KINGSTON,-37.936676,145.05614,2021,9,September,13,Midday,Weekday
T20210019912,2021-09-27,06:40:00,1,Collision with vehicle,1,Monday,130,REAR END(VEHICLES IN SAME LANE),1,917,T intersection,3,60,Arterial Highway,FRANKSTON-DANDENONG,FRANKSTON,-38.119816,145.14694,2021,9,September,6,Morning Peak,Weekday
T20210019884,2021-09-27,10:15:00,1,Collision with vehicle,1,Monday,147,VEHICLE STRIKES ANOTHER VEH WHILE EMERGING FROM DRIVEWAY,1,694636,Not at intersection,3,30,Arterial Other,MAIR,BALLARAT,-37.560383,143.8634,2021,9,September,10,Midday,Weekday
T20210019901,2021-09-27,12:30:00,1,Collision with vehicle,1,Monday,147,VEHICLE STRIKES ANOTHER VEH WHILE EMERGING FROM DRIVEWAY,1,694031,Not at intersection,3,60,Arterial Other,HEATHERTON,DANDENONG,-37.969658,145.21167,2021,9,September,12,Midday,Weekday
T20210019990,2021-09-27,16:15:00,1,Collision with vehicle,1,Monday,147,VEHICLE STRIKES ANOTHER VEH WHILE EMERGING FROM DRIVEWAY,1,694191,Not at intersection,3,60,Arterial Other,STATION,WHITEHORSE,-37.82919,145.12173,2021,9,September,16,Afternoon Peak,Weekday
T20210019911,2021-09-27,15:44:00,1,Collision with vehicle,1,Monday,130,REAR END(VEHICLES IN SAME LANE),1,695973,Not at intersection,3,40,Arterial Other,DRUMMOND,BALLARAT,-37.559498,143.84769,2021,9,September,15,Afternoon Peak,Weekday
T20210019882,2021-09-27,08:15:00,1,Collision with vehicle,1,Monday,111,RIGHT FAR (INTERSECTIONS ONLY),1,695159,Cross intersection,2,100,Arterial Other,KIEWA VALLEY,INDIGO,-36.24665,146.99886,2021,9,September,8,Morning Peak,Weekday
T20210019910,2021-09-27,17:00:00,4,Collision with a fixed object,1,Monday,181,OFF RIGHT BEND INTO OBJECT/PARKED VEHICLE,1,105927,Not at intersection,2,60,Arterial Other,MONBULK,YARRA RANGES,-37.8541,145.42116,2021,9,September,17,Afternoon Peak,Weekday
T20210019908,2021-09-27,16:35:00,1,Collision with vehicle,1,Monday,130,REAR END(VEHICLES IN SAME LANE),1,695061,Multiple intersection,3,80,Arterial Highway,CRANBOURNE-FRANKSTON,FRANKSTON,-38.13398,145.22798,2021,9,September,16,Afternoon Peak,Weekday
T20210019899,2021-09-27,14:22:00,1,Collision with vehicle,1,Monday,133,LANE SIDE SWIPE (VEHICLES IN PARALLEL LANES),1,695732,Not at intersection,3,60,Local Road,PARK,MANNINGHAM,-37.79936,145.19337,2021,9,September,14,Midday,Weekday
T20210019907,2021-09-27,17:10:00,4,Collision with a fixed object,1,Monday,173,RIGHT OFF CARRIAGEWAY INTO OBJECT/PARKED VEHICLE,1,693990,Not at intersection,2,60,Local Road,QUARRY,FRANKSTON,-38.13125,145.18556,2021,9,September,17,Afternoon Peak,Weekday
T20210019905,2021-09-27,17:05:00,2,Struck Pedestrian,1,Monday,100,PED NEAR SIDE. PED HIT BY VEHICLE FROM THE RIGHT.,1,41872,Cross intersection,3,80,Arterial Highway,STUD,KNOX,-37.885887,145.2329,2021,9,September,17,Afternoon Peak,Weekday
T20210019938,2021-09-27,12:05:00,1,Collision with vehicle,1,Monday,160,VEHICLE COLLIDES WITH VEHICLE PARKED ON LEFT OF ROAD,1,695631,Not at intersection,2,60,Local Road,HOTHAM,MORNINGTON PENINSULA,-38.335693,144.7359,2021,9,September,12,Midday,Weekday
T20210022425,2021-09-27,21:30:00,8,No collision and no object struck,1,Monday,174,OUT OF CONTROL ON CARRIAGEWAY (ON STRAIGHT),6,696496,Not at intersection,1,50,Local Road,LYALL,CASEY,-38.214382,145.38098,2021,9,September,21,Night,Weekday
T20210020141,2021-09-27,09:50:00,1,Collision with vehicle,1,Monday,147,VEHICLE STRIKES ANOTHER VEH WHILE EMERGING FROM DRIVEWAY,1,694637,Dead end,3,50,Local Road,MAURICE,KNOX,-37.87206,145.23851,2021,9,September,9,Morning Peak,Weekday
T20210020403,2021-09-27,17:28:00,1,Collision with vehicle,1,Monday,130,REAR END(VEHICLES IN SAME LANE),1,730913,T intersection,3,50,Local Road,CARTER,GEELONG,-38.23488,144.37263,2021,9,September,17,Afternoon Peak,Weekday
T20210023794,2021-09-27,17:00:00,1,Collision with vehicle,1,Monday,130,REAR END(VEHICLES IN SAME LANE),1,731014,Not at intersection,3,80,Arterial Other,COOPER,HUME,-37.6451,144.96309,2021,9,September,17,Afternoon Peak,Weekday
T20210020246,2021-09-27,20:30:00,6,Vehicle overturned (no collision),1,Monday,180,OFF CARRIAGEWAY ON RIGHT BEND,5,694150,Not at intersection,3,80,Arterial Other,KORUMBURRA-WONTHAGGI,SOUTH GIPPSLAND,-38.477432,145.76482,2021,9,September,20,Night,Weekday
T20210019916,2021-09-27,18:56:00,1,Collision with vehicle,1,Monday,111,RIGHT FAR (INTERSECTIONS ONLY),2,52491,Cross intersection,3,50,Local Road,MADDEN,MILDURA,-34.188957,142.16022,2021,9,September,18,Afternoon Peak,Weekday
T20210019918,2021-09-27,15:20:00,1,Collision with vehicle,1,Monday,120,HEAD ON (NOT OVERTAKING),1,693734,T intersection,3,60,Local Road,BANGHOLME,DANDENONG,-38.038006,145.2008,2021,9,September,15,Afternoon Peak,Weekday
T20210019919,2021-09-27,18:54:00,1,Collision with vehicle,1,Monday,111,RIGHT FAR (INTERSECTIONS ONLY),3,37078,Cross intersection,3,40,Arterial Other,VICTORIA,YARRA,-37.809723,144.99237,2021,9,September,18,Afternoon Peak,Weekday
T20210019920,2021-09-27,17:20:00,1,Collision with vehicle,1,Monday,148,VEHICLE OFF FOOTPATH STRIKES VEH ON CARRIAGEWAY,2,40681,T intersection,2,60,Arterial Other,HIGHBURY,MONASH,-37.856087,145.11893,2021,9,September,17,Afternoon Peak,Weekday
T20210019922,2021-09-27,20:20:00,1,Collision with vehicle,1,Monday,133,LANE SIDE SWIPE (VEHICLES IN PARALLEL LANES),3,75464,Not at intersection,2,40,Local Road,FLINDERS,MELBOURNE,-37.816673,144.97012,2021,9,September,20,Night,Weekday
T20210019961,2021-09-27,12:30:00,1,Collision with vehicle,1,Monday,130,REAR END(VEHICLES IN SAME LANE),1,697682,Not at intersection,2,40,Freeway,MONASH,CASEY,-37.971527,145.23726,2021,9,September,12,Midday,Weekday
T20210020044,2021-09-27,15:30:00,1,Collision with vehicle,1,Monday,121,RIGHT THROUGH,1,693976,T intersection,2,80,Arterial Other,CLYDE-FIVE WAYS,CASEY,-38.12284,145.32637,2021,9,September,15,Afternoon Peak,Weekday
T20210019945,2021-09-27,08:45:00,1,Collision with vehicle,1,Monday,130,REAR END(VEHICLES IN SAME LANE),9,693711,Not at intersection,3,60,Arterial Other,MAIN,BRIMBANK,-37.74199,144.77968,2021,9,September,8,Morning Peak,Weekday