ACCIDENT_NO,ACCIDENT_DATE,ACCIDENT_TIME,ACCIDENT_TYPE,ACCIDENT_TYPE_DESC,DAY_OF_WEEK,DAY_WEEK_DESC,DCA_CODE,DCA_DESC,LIGHT_CONDITION,NODE_ID,ROAD_GEOMETRY_DESC,SEVERITY,SPEED_ZONE,RMA,ROAD_NAME,LGA_NAME,LATITUDE,LONGITUDE,YEAR,MONTH,MONTH_NAME,HOUR,TIME_PERIOD,DAY_TYPE
T20210024153,2021-09-27,09:10:00,1,Collision with vehicle,1,Monday,130,REAR END(VEHICLES IN SAME LANE),1,698522,Cross intersection,3,80,Arterial Other,STUD,KNOX,-37.852695,145.24379,2021,9,September,9,Morning Peak,Weekday
T20210021234,2021-09-27,10:15:00,1,Collision with vehicle,1,Monday,160,VEHICLE COLLIDES WITH VEHICLE PARKED ON LEFT OF ROAD,1,695370,Not at intersection,2,60,Arterial Other,BEACH,BAYSIDE,-37.97463,145.01537,2021,9,September,10,Midday,Weekday
T20210019973,2021-09-28,16:25:00,1,Collision with vehicle,2,Tuesday,113,RIGHT NEAR (INTERSECTIONS ONLY),1,42506,T intersection,2,50,Local Road,CHARLES,MORELAND,-37.729946,144.94984,2021,9,September,16,Afternoon Peak,Weekday
T20210025600,2021-09-28,15:20:00,1,Collision with vehicle,2,Tuesday,111,RIGHT FAR (INTERSECTIONS ONLY),1,699534,Multiple intersection,3,60,Arterial Other,BARRABOOL,GEELONG,-38.168377,144.33069,2021,9,September,15,Afternoon Peak,Weekday
T20210020605,2021-09-28,10:30:00,1,Collision with vehicle,2,Tuesday,130,REAR END(VEHICLES IN SAME LANE),1,308562,Cross intersection,3,80,Arterial Other,FULLARD,CASEY,-38.031284,145.30594,2021,9,September,10,Midday,Weekday
T20210026415,2021-09-28,10:30:00,3,Struck animal,2,Tuesday,167,STRUCK ANIMAL,1,700156,T intersection,3,60,Local Road,CANTERBURY JETTY,MORNINGTON PENINSULA,-38.37547,144.78642,2021,9,September,10,Midday,Weekday
T20210020237,2021-09-28,18:00:00,1,Collision with vehicle,2,Tuesday,130,REAR END(VEHICLES IN SAME LANE),3,358428,Cross intersection,3,60,Arterial Other,SUNSHINE,BRIMBANK,-37.70203,144.8017,2021,9,September,18,Afternoon Peak,Weekday
T20210024183,2021-09-28,21:31:00,1,Collision with vehicle,2,Tuesday,121,RIGHT THROUGH,3,29387,Cross intersection,3,60,Arterial Other,ST KILDA,MELBOURNE,-37.823315,144.97012,2021,9,September,21,Night,Weekday
T20210025427,2021-09-28,13:30:00,8,No collision and no object struck,2,Tuesday,199,UNKNOWN-NO DETAILS ON MANOEUVRES OF ROAD-USERS IN ACCIDENT,1,699291,T intersection,3,60,Local Road,COLERAINE,SOUTHERN GRAMPIANS,-37.733074,142.00986,2021,9,September,13,Midday,Weekday
T20210020090,2021-09-28,23:10:00,1,Collision with vehicle,2,Tuesday,137,LEFT TURN SIDESWIPE,3,695548,Not at intersection,3,60,Local Road,HAROLD,DANDENONG,-37.976944,145.16464,2021,9,September,23,Night,Weekday
T20210020234,2021-09-28,17:30:00,1,Collision with vehicle,2,Tuesday,130,REAR END(VEHICLES IN SAME LANE),2,332044,Cross intersection,3,60,Local Road,COLTMAN,BALLARAT,-37.54413,143.7866,2021,9,September,17,Afternoon Peak,Weekday
T20210019986,2021-09-28,23:00:00,4,Collision with a fixed object,2,Tuesday,146,REVERSING INTO FIXED OBJECT/PARKED VEHICLE,5,696047,Dead end,2,100,Local Road,HAUNTED GULLY,CARDINIA,-38.03269,145.40819,2021,9,September,23,Night,Weekday
T20210020921,2021-09-28,17:30:00,6,Vehicle overturned (no collision),2,Tuesday,174,OUT OF CONTROL ON CARRIAGEWAY (ON STRAIGHT),1,238437,T intersection,3,50,Local Road,CHARTER,HUME,-37.57985,144.69324,2021,9,September,17,Afternoon Peak,Weekday
T20210019933,2021-09-28,06:30:00,1,Collision with vehicle,2,Tuesday,113,RIGHT NEAR (INTERSECTIONS ONLY),1,104592,Multiple intersection,3,80,Freeway,CRANBOURNE,FRANKSTON,-38.155704,145.16748,2021,9,September,6,Morning Peak,Weekday
T20210019943,2021-09-28,09:55:00,1,Collision with vehicle,2,Tuesday,113,RIGHT NEAR (INTERSECTIONS ONLY),1,54988,T intersection,2,80,Arterial Other,BOUNDARY,KINGSTON,-38.00457,145.10449,2021,9,September,9,Morning Peak,Weekday
T20210019964,2021-09-28,16:15:00,1,Collision with vehicle,2,Tuesday,113,RIGHT NEAR (INTERSECTIONS ONLY),1,62865,T intersection,2,80,Local Road,PAYNES,YARRA RANGES,-37.733868,145.3019,2021,9,September,16,Afternoon Peak,Weekday
T20210019948,2021-09-28,08:20:00,8,No collision and no object struck,2,Tuesday,170,OFF CARRIAGEWAY TO LEFT,1,695365,Not at intersection,2,50,Local Road,BROWNS,MONASH,-37.925133,145.12665,2021,9,September,8,Morning Peak,Weekday
T20210019951,2021-09-28,11:15:00,1,Collision with vehicle,2,Tuesday,133,LANE SIDE SWIPE (VEHICLES IN PARALLEL LANES),1,696113,Not at intersection,3,40,Arterial Highway,NEPEAN,KINGSTON,-38.037323,145.10779,2021,9,September,11,Midday,Weekday
T20210019966,2021-09-28,18:00:00,4,Collision with a fixed object,2,Tuesday,181,OFF RIGHT BEND INTO OBJECT/PARKED VEHICLE,5,58876,T intersection,3,100,Arterial Other,WODONGA-YACKANDANDAH,INDIGO,-36.29713,146.86377,2021,9,September,18,Afternoon Peak,Weekday
T20210019955,2021-09-28,14:49:00,1,Collision with vehicle,2,Tuesday,140,U TURN,1,693658,Not at intersection,2,60,Arterial Highway,HIGH,BENDIGO,-36.77471,144.25581,2021,9,September,14,Midday,Weekday
T20210019970,2021-09-28,20:55:00,6,Vehicle overturned (no collision),2,Tuesday,174,OUT OF CONTROL ON CARRIAGEWAY (ON STRAIGHT),3,693660,T intersection,2,50,Arterial Other,WICKHAM,KINGSTON,-37.94532,145.04439,2021,9,September,20,Night,Weekday
T20210019958,2021-09-28,14:45:00,1,Collision with vehicle,2,Tuesday,116,LEFT NEAR (INTERSECTIONS ONLY),1,697585,T intersection,1,60,Local Road,TOORAM,WARRNAMBOOL,-38.387737,142.59352,2021,9,September,14,Midday,Weekday
T20210019926,2021-09-28,01:35:00,1,Collision with vehicle,2,Tuesday,110,CROSS TRAFFIC(INTERSECTIONS ONLY),3,52885,Cross intersection,3,50,Local Road,GEORGE,BALLARAT,-37.563957,143.87828,2021,9,September,1,Late Night,Weekday
T20210020726,2021-09-29,14:00:00,1,Collision with vehicle,3,Wednesday,111,RIGHT FAR (INTERSECTIONS ONLY),1,47825,T intersection,3,40,Local Road,JOSEPHINE,CASEY,-38.0044,145.3041,2021,9,September,14,Midday,Weekday
T20210020205,2021-09-29,21:45:00,4,Collision with a fixed object,3,Wednesday,173,RIGHT OFF CARRIAGEWAY INTO OBJECT/PARKED VEHICLE,5,695640,Not at intersection,3,100,Freeway,WESTERN,BALLARAT,-37.477608,143.68658,2021,9,September,21,Night,Weekday
T20210019983,2021-09-29,11:00:00,2,Struck Pedestrian,3,Wednesday,100,PED NEAR SIDE. PED HIT BY VEHICLE FROM THE RIGHT.,1,227182,Not at intersection,2,60,Arterial Other,SYDNEY,MORELAND,-37.7209,144.96323,2021,9,September,11,Midday,Weekday
T20210019980,2021-09-29,04:30:00,4,Collision with a fixed object,3,Wednesday,175,OFF END OF ROAD/T-INTERSECTION.,3,781297,T intersection,3,50,Local Road,BLUEGRASS,WYNDHAM,-37.852142,144.6517,2021,9,September,4,Late Night,Weekday
T20210020016,2021-09-29,18:00:00,4,Collision with a fixed object,3,Wednesday,173,RIGHT OFF CARRIAGEWAY INTO OBJECT/PARKED VEHICLE,2,693821,Not at intersection,2,80,Local Road,WEDDERBURN JUNCTION EAST,LODDON,-36.420746,143.69456,2021,9,September,18,Afternoon Peak,Weekday
T20210020475,2021-09-29,15:13:00,1,Collision with vehicle,3,Wednesday,130,REAR END(VEHICLES IN SAME LANE),9,694881,Cross intersection,3,60,Arterial Highway,PLENTY,WHITTLESEA,-37.697773,145.05885,2021,9,September,15,Afternoon Peak,Weekday
T20210020142,2021-09-29,13:55:00,1,Collision with vehicle,3,Wednesday,114,TWO RIGHT TURNING (INTERSECTIONS ONLY),1,40576,T intersection,3,60,Arterial Highway,WARRIGAL,MONASH,-37.85792,145.09428,2021,9,September,13,Midday,Weekday
T20210020019,2021-09-29,19:00:00,1,Collision with vehicle,3,Wednesday,130,REAR END(VEHICLES IN SAME LANE),3,704615,Not at intersection,3,70,Arterial Other,MT DERRIMUT,BRIMBANK,-37.780968,144.77335,2021,9,September,19,Night,Weekday
T20210020035,2021-09-29,18:20:00,1,Collision with vehicle,3,Wednesday,121,RIGHT THROUGH,3,12521,Multiple intersection,2,60,Freeway,FURLONG-WESTERN RING IN,BRIMBANK,-37.761463,144.82144,2021,9,September,18,Afternoon Peak,Weekday
T20210020018,2021-09-29,14:50:00,1,Collision with vehicle,3,Wednesday,147,VEHICLE STRIKES ANOTHER VEH WHILE EMERGING FROM DRIVEWAY,1,697287,Not at intersection,3,30,Arterial Other,MURRAY,DAREBIN,-37.740807,145.02919,2021,9,September,14,Midday,Weekday
T20210020022,2021-09-29,20:35:00,1,Collision with vehicle,3,Wednesday,121,RIGHT THROUGH,3,278683,T intersection,2,60,Arterial Other,CRAIGIEBURN,HUME,-37.596264,144.91734,2021,9,September,20,Night,Weekday
T20210020011,2021-09-29,11:04:00,1,Collision with vehicle,3,Wednesday,137,LEFT TURN SIDESWIPE,1,42075,T intersection,3,60,Arterial Other,BEACH,BAYSIDE,-37.9608,145.01111,2021,9,September,11,Midday,Weekday
T20210020010,2021-09-29,14:57:00,4,Collision with a fixed object,3,Wednesday,146,REVERSING INTO FIXED OBJECT/PARKED VEHICLE,1,697491,Not at intersection,2,50,Local Road,THOMAS,DANDENONG,-37.985275,145.21242,2021,9,September,14,Midday,Weekday
T20210020096,2021-09-29,16:30:00,1,Collision with vehicle,3,Wednesday,130,REAR END(VEHICLES IN SAME LANE),1,695628,Not at intersection,3,60,Freeway,WESTERN-WESTERN RING OUT,BRIMBANK,-37.767994,144.79794,2021,9,September,16,Afternoon Peak,Weekday
T20210020005,2021-09-29,16:00:00,1,Collision with vehicle,3,Wednesday,130,REAR END(VEHICLES IN SAME LANE),1,695386,Not at intersection,2,60,Arterial Other,DALTON,WHITTLESEA,-37.681118,145.02989,2021,9,September,16,Afternoon Peak,Weekday
T20210019997,2021-09-29,12:11:00,1,Collision with vehicle,3,Wednesday,113,RIGHT NEAR (INTERSECTIONS ONLY),1,39507,T intersection,3,70,Arterial Highway,SPRINGVALE,WHITEHORSE,-37.82004,145.17578,2021,9,September,12,Midday,Weekday
T20210020002,2021-09-29,14:30:00,1,Collision with vehicle,3,Wednesday,131,LEFT REAR,1,694332,T intersection,3,50,Local Road,FORDYCE,SHEPPARTON,-36.38534,145.4206,2021,9,September,14,Midday,Weekday
T20210019979,2021-09-29,04:15:00,5,collision with some other object,3,Wednesday,198,OTHER ACCIDENTS NOT CLASSIFIABLE ELSEWHERE,5,695060,Not at intersection,2,100,Local Road,GRAND RIDGE,BAW BAW,-38.313625,145.90742,2021,9,September,4,Late Night,Weekday
T20210019999,2021-09-29,13:30:00,2,Struck Pedestrian,3,Wednesday,104,PED WALKING WITH TRAFFIC,1,693819,T intersection,3,50,Local Road,CLAIR,KINGSTON,-38.013813,145.10535,2021,9,September,13,Midday,Weekday
T20210020023,2021-09-29,21:08:00,1,Collision with vehicle,3,Wednesday,153,CUTTING IN (OVERTAKING),3,702345,T intersection,2,80,Arterial Highway,PRINCES,DANDENONG,-37.97551,145.20404,2021,9,September,21,Night,Weekday
T20210020744,2021-09-29,12:00:00,1,Collision with vehicle,3,Wednesday,130,REAR END(VEHICLES IN SAME LANE),1,695197,Not at intersection,3,60,Local Road,NEALE,BRIMBANK,-37.752254,144.77463,2021,9,September,12,Midday,Weekday
T20210019992,2021-09-29,10:40:00,4,Collision with a fixed object,3,Wednesday,173,RIGHT OFF CARRIAGEWAY INTO OBJECT/PARKED VEHICLE,1,693707,Not at intersection,3,80,Arterial Other,HEIDELBERG-KINGLAKE,NILLUMBIK,-37.612667,145.2323,2021,9,September,10,Midday,Weekday
T20210020857,2021-09-29,01:10:00,3,Struck animal,3,Wednesday,167,STRUCK ANIMAL,5,694858,Not at intersection,3,100,Arterial Other,PLENTY,WHITTLESEA,-37.53213,145.11201,2021,9,September,1,Late Night,Weekday
T20210021122,2021-09-29,18:14:00,1,Collision with vehicle,3,Wednesday,113,RIGHT NEAR (INTERSECTIONS ONLY),2,109862,T intersection,3,60,Arterial Other,MOUNT PLEASANT,NILLUMBIK,-37.727726,145.14662,2021,9,September,18,Afternoon Peak,Weekday
T20210019987,2021-09-29,11:10:00,1,Collision with vehicle,3,Wednesday,140,U TURN,1,694668,Not at intersection,2,80,Arterial Highway,FRANKSTON-DANDENONG,FRANKSTON,-38.096447,145.1753,2021,9,September,11,Midday,Weekday
T20210020020,2021-09-29,19:07:00,1,Collision with vehicle,3,Wednesday,120,HEAD ON (NOT OVERTAKING),5,774252,Not at intersection,3,100,Arterial Highway,PRINCES,COLAC OTWAY,-38.327526,143.34209,2021,9,September,19,Night,Weekday
T20210020070,2021-09-30,18:35:00,2,Struck Pedestrian,4,Thursday,100,PED NEAR SIDE. PED HIT BY VEHICLE FROM THE RIGHT.,3,57475,T intersection,3,40,Arterial Other,CITY,MELBOURNE,-37.825977,144.96007,2021,9,September,18,Afternoon Peak,Weekday
T20210020068,2021-09-30,16:35:00,1,Collision with vehicle,4,Thursday,113,RIGHT NEAR (INTERSECTIONS ONLY),1,16155,T intersection,2,70,Arterial Highway,SURF COAST,GEELONG,-38.18858,144.3436,2021,9,September,16,Afternoon Peak,Weekday
T20210020063,2021-09-30,13:55:00,1,Collision with vehicle,4,Thursday,113,RIGHT NEAR (INTERSECTIONS ONLY),1,42394,Cross intersection,2,60,Arterial Other,CLAYTON,KINGSTON,-37.94294,145.1163,2021,9,September,13,Midday,Weekday
T20210020061,2021-09-30,13:09:00,1,Collision with vehicle,4,Thursday,116,LEFT NEAR (INTERSECTIONS ONLY),1,45071,T intersection,2,60,Local Road,BERKSHIRE,BRIMBANK,-37.76498,144.8368,2021,9,September,13,Midday,Weekday
T20210020059,2021-09-30,13:50:00,4,Collision with a fixed object,4,Thursday,171,LEFT OFF CARRIAGEWAY INTO OBJECT/PARKED VEHICLE,1,694562,Not at intersection,3,100,Arterial Highway,SOUTH GIPPSLAND,SOUTH GIPPSLAND,-38.449104,145.88905,2021,9,September,13,Midday,Weekday
T20210020051,2021-09-30,11:30:00,1,Collision with vehicle,4,Thursday,130,REAR END(VEHICLES IN SAME LANE),1,696849,Cross intersection,3,80,Arterial Other,MAIDSTONE,HOBSONS BAY,-37.847267,144.80942,2021,9,September,11,Midday,Weekday
T20210020045,2021-09-30,11:10:00,4,Collision with a fixed object,4,Thursday,171,LEFT OFF CARRIAGEWAY INTO OBJECT/PARKED VEHICLE,1,695022,Not at intersection,3,100,Arterial Other,ROBINVALE-SEA LAKE,SWAN HILL,-34.62171,142.76793,2021,9,September,11,Midday,Weekday
T20210020034,2021-09-30,08:24:00,4,Collision with a fixed object,4,Thursday,173,RIGHT OFF CARRIAGEWAY INTO OBJECT/PARKED VEHICLE,1,293330,Cross intersection,3,80,Arterial Other,DIAMOND CREEK ROAD -GREENSBOROUGH,NILLUMBIK,-37.6895,145.11346,2021,9,September,8,Morning Peak,Weekday
T20210020033,2021-09-30,07:20:00,1,Collision with vehicle,4,Thursday,110,CROSS TRAFFIC(INTERSECTIONS ONLY),1,730902,Cross intersection,3,80,Arterial Other,OAKLANDS,HUME,-37.629654,144.83635,2021,9,September,7,Morning Peak,Weekday
T20210020030,2021-09-30,06:30:00,5,collision with some other object,4,Thursday,166,STRUCK OBJECT ON CARRIAGEWAY,2,695600,Not at intersection,2,100,Arterial Highway,STRZELECKI,LATROBE,-38.329334,146.25444,2021,9,September,6,Morning Peak,Weekday
T20210020036,2021-09-30,06:50:00,4,Collision with a fixed object,4,Thursday,173,RIGHT OFF CARRIAGEWAY INTO OBJECT/PARKED VEHICLE,1,697075,Not at intersection,3,70,Arterial Other,CANTERBURY,MAROONDAH,-37.82962,145.27737,2021,9,September,6,Morning Peak,Weekday
T20210020028,2021-09-30,03:25:00,2,Struck Pedestrian,4,Thursday,105,PED WALKING AGAINST TRAFFIC.,5,697683,Not at intersection,2,100,Arterial Other,HAZELWOOD,LATROBE,-38.239452,146.50682,2021,9,September,3,Late Night,Weekday
T20210020050,2021-09-30,12:43:00,1,Collision with vehicle,4,Thursday,110,CROSS TRAFFIC(INTERSECTIONS ONLY),1,15178,Cross intersection,2,50,Local Road,EVERINGHAM,SWAN HILL,-35.34762,143.5554,2021,9,September,12,Midday,Weekday
T20210020042,2021-09-30,10:00:00,1,Collision with vehicle,4,Thursday,110,CROSS TRAFFIC(INTERSECTIONS ONLY),1,39313,Cross intersection,2,60,Arterial Other,STATION,WHITEHORSE,-37.810455,145.12537,2021,9,September,10,Midday,Weekday
T20210020041,2021-09-30,08:57:00,1,Collision with vehicle,4,Thursday,160,VEHICLE COLLIDES WITH VEHICLE PARKED ON LEFT OF ROAD,1,694598,Not at intersection,3,40,Local Road,HENRY,MOONEE VALLEY,-37.74097,144.8647,2021,9,September,8,Morning Peak,Weekday
T20210022587,2021-09-30,18:40:00,1,Collision with vehicle,4,Thursday,130,REAR END(VEHICLES IN SAME LANE),9,51922,Cross intersection,3,80,Arterial Other,STRATHFIELDSAYE,BENDIGO,-36.801003,144.34627,2021,9,September,18,Afternoon Peak,Weekday
T20210020153,2021-09-30,19:25:00,1,Collision with vehicle,4,Thursday,163,VEHICLE STRIKES DOOR OF PARKED/STATIONARY VEHICLE,3,694534,Not at intersection,2,40,Local Road,COLLINS,MELBOURNE,-37.8167,144.9624,2021,9,September,19,Night,Weekday
T20210020156,2021-09-30,11:40:00,1,Collision with vehicle,4,Thursday,110,CROSS TRAFFIC(INTERSECTIONS ONLY),1,51063,Cross intersection,3,50,Local Road,DUDLEY,SHEPPARTON,-36.383686,145.41037,2021,9,September,11,Midday,Weekday
T20210020074,2021-09-30,19:32:00,1,Collision with vehicle,4,Thursday,160,VEHICLE COLLIDES WITH VEHICLE PARKED ON LEFT OF ROAD,3,696712,Not at intersection,2,60,Arterial Other,BARRABOOL,GEELONG,-38.17054,144.31694,2021,9,September,19,Night,Weekday
T20210020108,2021-09-30,08:20:00,1,Collision with vehicle,4,Thursday,130,REAR END(VEHICLES IN SAME LANE),1,693987,Not at intersection,3,100,Freeway,EASTERN,BOROONDARA,-37.789215,145.10338,2021,9,September,8,Morning Peak,Weekday
T20210020091,2021-09-30,12:45:00,1,Collision with vehicle,4,Thursday,113,RIGHT NEAR (INTERSECTIONS ONLY),1,39517,T intersection,3,70,Arterial Other,MITCHAM,MANNINGHAM,-37.800552,145.18367,2021,9,September,12,Midday,Weekday
T20210020651,2021-09-30,10:29:00,1,Collision with vehicle,4,Thursday,121,RIGHT THROUGH,1,53680,T intersection,3,80,Arterial Other,WESTALL,DANDENONG,-37.941147,145.14005,2021,9,September,10,Midday,Weekday
T20210020084,2021-09-30,22:45:00,4,Collision with a fixed object,4,Thursday,183,OFF LEFT BEND INTO OBJECT/PARKED VEHICLE,5,722169,Not at intersection,2,100,Local Road,ODWYER,CAMPASPE,-36.05418,144.63959,2021,9,September,22,Night,Weekday
T20210020082,2021-09-30,21:50:00,1,Collision with vehicle,4,Thursday,162,ACCIDENT OR BROKEN DOWN,3,697919,T intersection,3,60,Arterial Other,SYDNEY,MORELAND,-37.73245,144.96468,2021,9,September,21,Night,Weekday
T20210020081,2021-09-30,04:30:00,4,Collision with a fixed object,4,Thursday,171,LEFT OFF CARRIAGEWAY INTO OBJECT/PARKED VEHICLE,3,774223,Not at intersection,3,60,Arterial Other,BRIDGE,YARRA,-37.817787,144.99213,2021,9,September,4,Late Night,Weekday
T20210020080,2021-09-30,20:20:00,4,Collision with a fixed object,4,Thursday,171,LEFT OFF CARRIAGEWAY INTO OBJECT/PARKED VEHICLE,3,781301,Not at intersection,3,60,Arterial Other,WHITEHORSE,BOROONDARA,-37.814034,145.09126,2021,9,September,20,Night,Weekday
T20210020249,2021-09-30,13:15:00,1,Collision with vehicle,4,Thursday,130,REAR END(VEHICLES IN SAME LANE),1,610123,Cross intersection,3,80,Arterial Other,BERWICK-CRANBOURNE ROAD -CLYDE,CASEY,-38.074493,145.33534,2021,9,September,13,Midday,Weekday
T20210020078,2021-09-30,20:00:00,1,Collision with vehicle,4,Thursday,113,RIGHT NEAR (INTERSECTIONS ONLY),3,222317,Cross intersection,3,70,Arterial Highway,PLENTY,DAREBIN,-37.708935,145.05052,2021,9,September,20,Night,Weekday
T20210020076,2021-09-30,20:00:00,4,Collision with a fixed object,4,Thursday,183,OFF LEFT BEND INTO OBJECT/PARKED VEHICLE,5,699385,Not at intersection,3,80,Arterial Highway,PRINCES,MOYNE,-38.357517,142.24663,2021,9,September,20,Night,Weekday
T20210020073,2021-09-30,17:05:00,4,Collision with a fixed object,4,Thursday,175,OFF END OF ROAD/T-INTERSECTION.,1,45694,T intersection,2,90,Arterial Other,NEPEAN HIGHWAY -WHITE HILL,MORNINGTON PENINSULA,-38.33133,145.00847,2021,9,September,17,Afternoon Peak,Weekday
T20210020117,2021-09-30,16:45:00,1,Collision with vehicle,4,Thursday,130,REAR END(VEHICLES IN SAME LANE),1,694786,Not at intersection,3,60,Local Road,LINCOLN,MAROONDAH,-37.789555,145.30876,2021,9,September,16,Afternoon Peak,Weekday
T20210020119,2021-09-30,11:50:00,1,Collision with vehicle,4,Thursday,120,HEAD ON (NOT OVERTAKING),1,695297,Not at intersection,2,100,Arterial Other,DEANS MARSH-LORNE,SURF COAST,-38.48052,143.93436,2021,9,September,11,Midday,Weekday
T20210020139,2021-09-30,02:08:00,4,Collision with a fixed object,4,Thursday,173,RIGHT OFF CARRIAGEWAY INTO OBJECT/PARKED VEHICLE,3,699722,Not at intersection,3,60,Arterial Highway,GOULBURN VALLEY,SHEPPARTON,-36.35602,145.40201,2021,9,September,2,Late Night,Weekday
T20210020072,2021-09-30,17:35:00,4,Collision with a fixed object,4,Thursday,171,LEFT OFF CARRIAGEWAY INTO OBJECT/PARKED VEHICLE,2,693822,Not at intersection,3,100,Freeway,PENINSULA LINK,MORNINGTON PENINSULA,-38.27047,145.07487,2021,9,September,17,Afternoon Peak,Weekday
T20210020111,2021-10-01,14:05:00,1,Collision with vehicle,5,Friday,110,CROSS TRAFFIC(INTERSECTIONS ONLY),1,51408,Cross intersection,3,50,Local Road,EYRE,CAMPASPE,-36.13508,144.74828,2021,10,October,14,Midday,Weekday
T20210020264,2021-10-01,15:15:00,1,Collision with vehicle,5,Friday,130,REAR END(VEHICLES IN SAME LANE),1,696298,Not at intersection,3,60,Local Road,EDINBURGH,FRANKSTON,-38.103294,145.20117,2021,10,October,15,Afternoon Peak,Weekday
T20210020347,2021-10-01,18:00:00,4,Collision with a fixed object,5,Friday,173,RIGHT OFF CARRIAGEWAY INTO OBJECT/PARKED VEHICLE,9,698937,Not at intersection,2,60,Local Road,COMMON,ARARAT,-37.25278,142.9308,2021,10,October,18,Afternoon Peak,Weekday
T20210020093,2021-10-01,03:40:00,4,Collision with a fixed object,5,Friday,173,RIGHT OFF CARRIAGEWAY INTO OBJECT/PARKED VEHICLE,3,693772,Not at intersection,1,80,Freeway,MONASH,MONASH,-37.891327,145.11916,2021,10,October,3,Late Night,Weekday
T20210020212,2021-10-01,13:20:00,8,No collision and no object struck,5,Friday,174,OUT OF CONTROL ON CARRIAGEWAY (ON STRAIGHT),1,781302,Not at intersection,3,50,Arterial Other,BAIRNSDALE-DARGO,EAST GIPPSLAND,-37.843193,147.58723,2021,10,October,13,Midday,Weekday
T20210020210,2021-10-01,15:40:00,1,Collision with vehicle,5,Friday,121,RIGHT THROUGH,1,1356,Cross intersection,3,50,Arterial Other,MELVILLE,MORELAND,-37.753277,144.94574,2021,10,October,15,Afternoon Peak,Weekday
T20210020101,2021-10-01,10:00:00,1,Collision with vehicle,5,Friday,122,LEFT THROUGH,1,293293,Cross intersection,3,60,Arterial Other,DONCASTER,MANNINGHAM,-37.788334,145.10484,2021,10,October,10,Midday,Weekday
T20210020146,2021-10-01,17:49:00,2,Struck Pedestrian,5,Friday,107,PED ON FOOTHPATH STRUCK BY VEHENTERING/LEAVING DRIVEWAY.,2,693977,Not at intersection,2,50,Local Road,TIMBARRA,GEELONG,-38.200256,144.33394,2021,10,October,17,Afternoon Peak,Weekday
T20210020316,2021-10-01,08:10:00,1,Collision with vehicle,5,Friday,130,REAR END(VEHICLES IN SAME LANE),1,730911,Not at intersection,3,70,Arterial Highway,TORQUAY,GEELONG,-38.18886,144.34354,2021,10,October,8,Morning Peak,Weekday
T20210021523,2021-10-01,20:20:00,1,Collision with vehicle,5,Friday,121,RIGHT THROUGH,3,358222,Multiple intersection,3,80,Arterial Highway,SOUTH GIPPSLAND,CASEY,-38.03685,145.24771,2021,10,October,20,Night,Weekday
T20210020104,2021-10-01,09:36:00,4,Collision with a fixed object,5,Friday,173,RIGHT OFF CARRIAGEWAY INTO OBJECT/PARKED VEHICLE,1,760929,Not at intersection,2,80,Local Road,GHAZEEPORE,GEELONG,-38.24183,144.29651,2021,10,October,9,Morning Peak,Weekday
T20210020736,2021-10-01,19:08:00,1,Collision with vehicle,5,Friday,121,RIGHT THROUGH,2,40712,Cross intersection,3,50,Arterial Other,MIDDLEBOROUGH,WHITEHORSE,-37.845837,145.13348,2021,10,October,19,Night,Weekday
T20210020106,2021-10-01,11:15:00,2,Struck Pedestrian,5,Friday,102,FAR SIDE. PED HIT BY VEHICLE FROM THE LEFT,1,695009,Not at intersection,3,50,Local Road,ISLA,MORELAND,-37.705498,144.93123,2021,10,October,11,Midday,Weekday
T20210020191,2021-10-01,17:00:00,8,No collision and no object struck,5,Friday,149,OTHER MANOEUVRING NOT INCLUDED IN DCAs 140-148,1,56604,T intersection,3,60,Local Road,HIGH,DAREBIN,-37.76692,144.99919,2021,10,October,17,Afternoon Peak,Weekday
T20220019491,2021-10-01,16:20:00,1,Collision with vehicle,5,Friday,111,RIGHT FAR (INTERSECTIONS ONLY),1,44174,Cross intersection,3,60,Local Road,EASTBOURNE,MORNINGTON PENINSULA,-38.367947,144.9087,2021,10,October,16,Afternoon Peak,Weekday
T20210022403,2021-10-01,10:10:00,1,Collision with vehicle,5,Friday,110,CROSS TRAFFIC(INTERSECTIONS ONLY),1,231578,Cross intersection,3,80,Arterial Other,PRINCES,CARDINIA,-38.07092,145.4752,2021,10,October,10,Midday,Weekday
T20210020160,2021-10-01,18:55:00,3,Struck animal,5,Friday,167,STRUCK ANIMAL,5,713560,Not at intersection,2,60,Local Road,OLD TOOLANGI-MT SLIDE,MURRINDINDI,-37.541527,145.47136,2021,10,October,18,Afternoon Peak,Weekday
T20210020118,2021-10-01,15:15:00,1,Collision with vehicle,5,Friday,120,HEAD ON (NOT OVERTAKING),1,730904,Not at intersection,3,60,Arterial Other,BAILEY,HEPBURN,-37.2961,143.78984,2021,10,October,15,Afternoon Peak,Weekday
T20210020122,2021-10-01,15:30:00,1,Collision with vehicle,5,Friday,160,VEHICLE COLLIDES WITH VEHICLE PARKED ON LEFT OF ROAD,1,730905,Not at intersection,3,50,Local Road,CARRINGTON,FRANKSTON,-38.103207,145.19484,2021,10,October,15,Afternoon Peak,Weekday