ACCIDENT_NO,ACCIDENT_DATE,ACCIDENT_TIME,ACCIDENT_TYPE,ACCIDENT_TYPE_DESC,DAY_OF_WEEK,DAY_WEEK_DESC,DCA_CODE,DCA_DESC,LIGHT_CONDITION,NODE_ID,ROAD_GEOMETRY_DESC,SEVERITY,SPEED_ZONE,RMA,ROAD_NAME,LGA_NAME,LATITUDE,LONGITUDE,YEAR,MONTH,MONTH_NAME,HOUR,TIME_PERIOD,DAY_TYPE
T20210020127,2021-10-01,16:46:00,4,Collision with a fixed object,5,Friday,171,LEFT OFF CARRIAGEWAY INTO OBJECT/PARKED VEHICLE,1,694843,Not at intersection,1,50,Local Road,LAWSON,FRANKSTON,-38.167343,145.12839,2021,10,October,16,Afternoon Peak,Weekday
T20210020128,2021-10-01,14:12:00,1,Collision with vehicle,5,Friday,121,RIGHT THROUGH,1,29997,Not at intersection,2,60,Arterial Other,MURRAY,DAREBIN,-37.740627,145.02771,2021,10,October,14,Midday,Weekday
T20210020129,2021-10-01,21:30:00,1,Collision with vehicle,5,Friday,114,TWO RIGHT TURNING (INTERSECTIONS ONLY),3,700675,T intersection,2,50,Local Road,MARIE,BANYULE,-37.734566,145.0501,2021,10,October,21,Night,Weekday
T20210020130,2021-10-01,18:17:00,4,Collision with a fixed object,5,Friday,181,OFF RIGHT BEND INTO OBJECT/PARKED VEHICLE,5,697837,Not at intersection,2,80,Arterial Other,KANGAROO GROUND-WARRANDYTE,NILLUMBIK,-37.710796,145.22157,2021,10,October,18,Afternoon Peak,Weekday
T20210020133,2021-10-01,17:50:00,1,Collision with vehicle,5,Friday,140,U TURN,1,695498,Not at intersection,3,60,Local Road,MERTON,HOBSONS BAY,-37.88226,144.77612,2021,10,October,17,Afternoon Peak,Weekday
T20210020135,2021-10-01,00:35:00,1,Collision with vehicle,5,Friday,171,LEFT OFF CARRIAGEWAY INTO OBJECT/PARKED VEHICLE,3,698387,Not at intersection,3,60,Arterial Highway,YORK,WELLINGTON,-38.103798,147.06795,2021,10,October,0,Late Night,Weekday
T20210020137,2021-10-01,03:20:00,4,Collision with a fixed object,5,Friday,173,RIGHT OFF CARRIAGEWAY INTO OBJECT/PARKED VEHICLE,3,697076,Not at intersection,3,50,Local Road,DUNNE,DAREBIN,-37.713646,145.03584,2021,10,October,3,Late Night,Weekday
T20210023366,2021-10-01,07:30:00,1,Collision with vehicle,5,Friday,121,RIGHT THROUGH,1,35455,Cross intersection,3,60,Arterial Other,COTHAM,BOROONDARA,-37.8074,145.03542,2021,10,October,7,Morning Peak,Weekday
T20210020154,2021-10-01,17:27:00,1,Collision with vehicle,5,Friday,130,REAR END(VEHICLES IN SAME LANE),2,730907,Not at intersection,3,60,Arterial Other,MELBOURNE,HOBSONS BAY,-37.825737,144.88101,2021,10,October,17,Afternoon Peak,Weekday
T20210020399,2021-10-01,15:30:00,1,Collision with vehicle,5,Friday,116,LEFT NEAR (INTERSECTIONS ONLY),1,695239,T intersection,3,50,Local Road,MCMEEKIN,WARRNAMBOOL,-38.375134,142.45381,2021,10,October,15,Afternoon Peak,Weekday
T20210020183,2021-10-02,20:30:00,1,Collision with vehicle,6,Saturday,130,REAR END(VEHICLES IN SAME LANE),3,706401,Not at intersection,3,60,Arterial Other,ANDERSON,BRIMBANK,-37.77745,144.82866,2021,10,October,20,Night,Weekend
T20210020204,2021-10-02,17:38:00,8,No collision and no object struck,6,Saturday,170,OFF CARRIAGEWAY TO LEFT,1,702168,Not at intersection,2,80,Arterial Highway,BELLARINE,GEELONG,-38.237804,144.5648,2021,10,October,17,Afternoon Peak,Weekend
T20210020209,2021-10-02,22:23:00,4,Collision with a fixed object,6,Saturday,171,LEFT OFF CARRIAGEWAY INTO OBJECT/PARKED VEHICLE,5,697063,Not at intersection,2,60,Local Road,GATTERS,MANNINGHAM,-37.757076,145.26062,2021,10,October,22,Night,Weekend
T20210020295,2021-10-02,14:00:00,6,Vehicle overturned (no collision),6,Saturday,174,OUT OF CONTROL ON CARRIAGEWAY (ON STRAIGHT),1,695010,Not at intersection,2,100,Local Road,COMER,BENDIGO,-36.970062,144.62975,2021,10,October,14,Midday,Weekend
T20210020439,2021-10-02,22:45:00,1,Collision with vehicle,6,Saturday,110,CROSS TRAFFIC(INTERSECTIONS ONLY),3,36320,Cross intersection,3,40,Arterial Other,MORNINGTON-TYABB,MORNINGTON PENINSULA,-38.231327,145.04599,2021,10,October,22,Night,Weekend
T20210020464,2021-10-02,11:10:00,1,Collision with vehicle,6,Saturday,130,REAR END(VEHICLES IN SAME LANE),1,696526,Not at intersection,3,60,Arterial Other,HEATHERTON,DANDENONG,-37.968567,145.20253,2021,10,October,11,Midday,Weekend
T20220004021,2021-10-02,00:30:00,4,Collision with a fixed object,6,Saturday,193,STRUCK RAILWAY CROSSING FURNITURE,5,254683,Not at intersection,2,100,Local Road,NORTHEY,SHEPPARTON,-36.3331,145.43204,2021,10,October,0,Late Night,Weekend
T20210021229,2021-10-02,11:59:00,1,Collision with vehicle,6,Saturday,110,CROSS TRAFFIC(INTERSECTIONS ONLY),1,29795,Cross intersection,3,70,Non Arterial,HENRY,CARDINIA,-38.086327,145.4721,2021,10,October,11,Midday,Weekend
T20210020158,2021-10-02,15:00:00,4,Collision with a fixed object,6,Saturday,173,RIGHT OFF CARRIAGEWAY INTO OBJECT/PARKED VEHICLE,1,694035,Not at intersection,2,80,Arterial Other,FRANKSTON-FLINDERS,MORNINGTON PENINSULA,-38.291912,145.18361,2021,10,October,15,Afternoon Peak,Weekend
T20210020159,2021-10-02,10:45:00,1,Collision with vehicle,6,Saturday,113,RIGHT NEAR (INTERSECTIONS ONLY),1,51137,T intersection,2,60,Local Road,ARCHER,SHEPPARTON,-36.405,145.40836,2021,10,October,10,Midday,Weekend
T20210020161,2021-10-02,10:05:00,1,Collision with vehicle,6,Saturday,113,RIGHT NEAR (INTERSECTIONS ONLY),1,58987,T intersection,2,60,Arterial Other,SYDNEY,INDIGO,-36.351406,146.69131,2021,10,October,10,Midday,Weekend
T20210020165,2021-10-02,14:15:00,1,Collision with vehicle,6,Saturday,130,REAR END(VEHICLES IN SAME LANE),1,694256,Not at intersection,2,100,Freeway,PRINCES,GEELONG,-38.01746,144.45912,2021,10,October,14,Midday,Weekend
T20210020168,2021-10-02,14:25:00,1,Collision with vehicle,6,Saturday,123,RIGHT/LEFT. ONE VEH TURNING RIGHT THE OTHER LEFT.,1,693946,T intersection,3,50,Local Road,MCGEEHAN,ALPINE,-36.555164,146.71957,2021,10,October,14,Midday,Weekend
T20210020169,2021-10-02,14:00:00,8,No collision and no object struck,6,Saturday,184,OUT OF CONTROL ON CARRIAGEWAY (ON BEND),1,693978,Not at intersection,2,50,Local Road,MANUKA,KNOX,-37.86714,145.26823,2021,10,October,14,Midday,Weekend
T20210020176,2021-10-02,17:50:00,4,Collision with a fixed object,6,Saturday,183,OFF LEFT BEND INTO OBJECT/PARKED VEHICLE,2,695117,Not at intersection,2,100,Freeway,GEELONG RING,GEELONG,-38.13638,144.29956,2021,10,October,17,Afternoon Peak,Weekend
T20210020177,2021-10-02,20:55:00,1,Collision with vehicle,6,Saturday,147,VEHICLE STRIKES ANOTHER VEH WHILE EMERGING FROM DRIVEWAY,3,615012,Not at intersection,3,80,Arterial Other,MOUNTAIN,KNOX,-37.849144,145.22678,2021,10,October,20,Night,Weekend
T20210020178,2021-10-02,19:20:00,1,Collision with vehicle,6,Saturday,113,RIGHT NEAR (INTERSECTIONS ONLY),3,64738,Cross intersection,2,60,Arterial Other,CHANDLER,BOROONDARA,-37.78821,145.02548,2021,10,October,19,Night,Weekend
T20210020136,2021-10-02,00:00:00,4,Collision with a fixed object,6,Saturday,181,OFF RIGHT BEND INTO OBJECT/PARKED VEHICLE,5,61157,T intersection,3,60,Local Road,CHAPMANS,BALLARAT,-37.634556,143.89703,2021,10,October,0,Late Night,Weekend
T20210020179,2021-10-02,21:30:00,4,Collision with a fixed object,6,Saturday,173,RIGHT OFF CARRIAGEWAY INTO OBJECT/PARKED VEHICLE,5,693947,Not at intersection,3,100,Local Road,GREIGS,MELTON,-37.74913,144.58612,2021,10,October,21,Night,Weekend
T20210020181,2021-10-02,15:58:00,2,Struck Pedestrian,6,Saturday,101,PED EMERGES FROM IN FRONT OF PARKED OR STATIONARY VEHICLE,1,698693,Not at intersection,2,60,Arterial Other,BEACH,BAYSIDE,-37.95566,145.00696,2021,10,October,15,Afternoon Peak,Weekend
T20210020182,2021-10-02,19:45:00,1,Collision with vehicle,6,Saturday,110,CROSS TRAFFIC(INTERSECTIONS ONLY),3,329386,Cross intersection,3,60,Local Road,WATERVIEW,HUME,-37.59324,144.90521,2021,10,October,19,Night,Weekend
T20210020226,2021-10-03,18:15:00,1,Collision with vehicle,7,Sunday,130,REAR END(VEHICLES IN SAME LANE),1,730909,Not at intersection,3,100,Freeway,WEST GATE,HOBSONS BAY,-37.825043,144.87686,2021,10,October,18,Afternoon Peak,Weekend
T20210020200,2021-10-03,13:30:00,4,Collision with a fixed object,7,Sunday,183,OFF LEFT BEND INTO OBJECT/PARKED VEHICLE,1,705122,Not at intersection,3,50,Local Road,SISTINE,WHITTLESEA,-37.608498,145.08667,2021,10,October,13,Midday,Weekend
T20220014703,2021-10-03,03:30:00,1,Collision with vehicle,7,Sunday,110,CROSS TRAFFIC(INTERSECTIONS ONLY),6,592028,Cross intersection,3,60,Local Road,WEDGE,FRANKSTON,-38.087994,145.19997,2021,10,October,3,Late Night,Weekend
T20210020229,2021-10-03,23:15:00,1,Collision with vehicle,7,Sunday,140,U TURN,3,695678,Not at intersection,3,50,Local Road,FLINDERS,MELBOURNE,-37.815887,144.9728,2021,10,October,23,Night,Weekend
T20210020206,2021-10-03,14:30:00,6,Vehicle overturned (no collision),7,Sunday,174,OUT OF CONTROL ON CARRIAGEWAY (ON STRAIGHT),1,694037,Not at intersection,2,100,Local Road,CHEESLEYS,INDIGO,-36.164124,146.70222,2021,10,October,14,Midday,Weekend
T20210020214,2021-10-03,18:54:00,4,Collision with a fixed object,7,Sunday,171,LEFT OFF CARRIAGEWAY INTO OBJECT/PARKED VEHICLE,3,695520,Not at intersection,2,50,Local Road,GUYS,SOUTH GIPPSLAND,-38.435932,145.81778,2021,10,October,18,Afternoon Peak,Weekend
T20210020218,2021-10-03,18:00:00,4,Collision with a fixed object,7,Sunday,151,OUT OF CONTROL (OVERTAKING),1,694065,Not at intersection,2,80,Arterial Highway,MURRAY VALLEY,TOWONG,-36.21849,147.18153,2021,10,October,18,Afternoon Peak,Weekend
T20210020219,2021-10-03,19:30:00,1,Collision with vehicle,7,Sunday,121,RIGHT THROUGH,3,29400,Multiple intersection,3,60,Arterial Highway,ALEXANDRA,MELBOURNE,-37.793045,144.97572,2021,10,October,19,Night,Weekend
T20210020217,2021-10-03,14:50:00,1,Collision with vehicle,7,Sunday,130,REAR END(VEHICLES IN SAME LANE),1,694070,Not at intersection,3,40,Arterial Other,BAY,PORT PHILLIP,-37.84041,144.94067,2021,10,October,14,Midday,Weekend
T20210020220,2021-10-03,10:30:00,6,Vehicle overturned (no collision),7,Sunday,180,OFF CARRIAGEWAY ON RIGHT BEND,1,697511,Not at intersection,1,100,Local Road,WALHALLA,BAW BAW,-37.652107,146.37994,2021,10,October,10,Midday,Weekend
T20210020443,2021-10-03,12:05:00,1,Collision with vehicle,7,Sunday,111,RIGHT FAR (INTERSECTIONS ONLY),1,257152,Multiple intersection,3,50,Arterial Highway,LONSDALE,SOUTHERN GRAMPIANS,-37.742123,142.02171,2021,10,October,12,Midday,Weekend
T20210020203,2021-10-03,13:00:00,6,Vehicle overturned (no collision),7,Sunday,180,OFF CARRIAGEWAY ON RIGHT BEND,1,694036,Not at intersection,2,100,Local Road,GREAT SOUTH WEST,GLENELG,-38.213173,141.31679,2021,10,October,13,Midday,Weekend
T20210020260,2021-10-03,17:28:00,1,Collision with vehicle,7,Sunday,130,REAR END(VEHICLES IN SAME LANE),1,701688,Not at intersection,2,60,Arterial Other,MONBULK,YARRA RANGES,-37.901127,145.35715,2021,10,October,17,Afternoon Peak,Weekend
T20210020223,2021-10-03,21:27:00,4,Collision with a fixed object,7,Sunday,181,OFF RIGHT BEND INTO OBJECT/PARKED VEHICLE,5,696681,Not at intersection,2,100,Freeway,7084F 7395F,MITCHELL,-36.98301,145.14603,2021,10,October,21,Night,Weekend
T20210020190,2021-10-03,03:15:00,4,Collision with a fixed object,7,Sunday,171,LEFT OFF CARRIAGEWAY INTO OBJECT/PARKED VEHICLE,3,735629,Not at intersection,2,80,Freeway,PRINCES,CASEY,-38.05866,145.36626,2021,10,October,3,Late Night,Weekend
T20210020197,2021-10-03,12:20:00,1,Collision with vehicle,7,Sunday,130,REAR END(VEHICLES IN SAME LANE),1,43610,T intersection,2,80,Arterial Other,BELGRAVE-HALLAM,CASEY,-37.967842,145.317,2021,10,October,12,Midday,Weekend
T20220017105,2021-10-03,18:15:00,1,Collision with vehicle,7,Sunday,130,REAR END(VEHICLES IN SAME LANE),1,35773,Multiple intersection,3,60,Arterial Other,GISBORNE,MOORABOOL,-37.659164,144.44232,2021,10,October,18,Afternoon Peak,Weekend
T20210020271,2021-10-04,05:20:00,4,Collision with a fixed object,1,Monday,173,RIGHT OFF CARRIAGEWAY INTO OBJECT/PARKED VEHICLE,5,695500,Not at intersection,2,80,Local Road,MACCLESFIELD,YARRA RANGES,-37.828472,145.48946,2021,10,October,5,Morning Peak,Weekday
T20210020418,2021-10-04,15:28:00,1,Collision with vehicle,1,Monday,160,VEHICLE COLLIDES WITH VEHICLE PARKED ON LEFT OF ROAD,1,697173,Not at intersection,3,50,Local Road,GARDEN,MONASH,-37.917965,145.14696,2021,10,October,15,Afternoon Peak,Weekday
T20210020272,2021-10-04,22:54:00,2,Struck Pedestrian,1,Monday,102,FAR SIDE. PED HIT BY VEHICLE FROM THE LEFT,3,694111,Not at intersection,2,60,Arterial Other,WANTIRNA,MAROONDAH,-37.818916,145.22731,2021,10,October,22,Night,Weekday
T20210020708,2021-10-04,18:39:00,1,Collision with vehicle,1,Monday,110,CROSS TRAFFIC(INTERSECTIONS ONLY),2,29496,Cross intersection,3,60,Local Road,SEPARATION,DAREBIN,-37.77083,145.0115,2021,10,October,18,Afternoon Peak,Weekday
T20210020273,2021-10-04,22:35:00,1,Collision with vehicle,1,Monday,110,CROSS TRAFFIC(INTERSECTIONS ONLY),3,38883,Cross intersection,3,60,Arterial Other,HIGH,BOROONDARA,-37.81016,145.02632,2021,10,October,22,Night,Weekday
T20210020274,2021-10-04,23:40:00,1,Collision with vehicle,1,Monday,160,VEHICLE COLLIDES WITH VEHICLE PARKED ON LEFT OF ROAD,3,702097,T intersection,3,60,Arterial Other,DONCASTER,BOROONDARA,-37.792927,145.06749,2021,10,October,23,Night,Weekday
T20210020286,2021-10-04,16:25:00,1,Collision with vehicle,1,Monday,147,VEHICLE STRIKES ANOTHER VEH WHILE EMERGING FROM DRIVEWAY,1,694155,Not at intersection,3,60,Local Road,BATESFORD,MONASH,-37.87564,145.09308,2021,10,October,16,Afternoon Peak,Weekday
T20210024560,2021-10-04,13:30:00,6,Vehicle overturned (no collision),1,Monday,174,OUT OF CONTROL ON CARRIAGEWAY (ON STRAIGHT),1,698501,Not at intersection,3,100,Arterial Other,MORWELL-THORPDALE,BAW BAW,-38.28417,146.24043,2021,10,October,13,Midday,Weekday
T20210020467,2021-10-04,10:00:00,1,Collision with vehicle,1,Monday,130,REAR END(VEHICLES IN SAME LANE),1,37696,T intersection,3,40,Arterial Other,SETTLEMENT,WHITTLESEA,-37.687813,145.01257,2021,10,October,10,Midday,Weekday
T20210020409,2021-10-04,15:25:00,1,Collision with vehicle,1,Monday,130,REAR END(VEHICLES IN SAME LANE),9,698124,Not at intersection,3,80,Arterial Other,CLYDE,CASEY,-38.0742,145.3357,2021,10,October,15,Afternoon Peak,Weekday
T20210020333,2021-10-04,17:13:00,4,Collision with a fixed object,1,Monday,173,RIGHT OFF CARRIAGEWAY INTO OBJECT/PARKED VEHICLE,1,70646,T intersection,2,50,Local Road,BESLEY,DANDENONG,-37.986847,145.22662,2021,10,October,17,Afternoon Peak,Weekday
T20210023459,2021-10-04,20:45:00,1,Collision with vehicle,1,Monday,113,RIGHT NEAR (INTERSECTIONS ONLY),3,332461,T intersection,3,80,Arterial Highway,MIDLAND,GOLDEN PLAINS,-38.083157,144.2592,2021,10,October,20,Night,Weekday
T20210020868,2021-10-04,13:00:00,1,Collision with vehicle,1,Monday,152,PULLING OUT (OVERTAKING),1,696299,Not at intersection,3,50,Local Road,WILLIAM,FRANKSTON,-38.097607,145.17987,2021,10,October,13,Midday,Weekday
T20220009566,2021-10-04,11:25:00,1,Collision with vehicle,1,Monday,130,REAR END(VEHICLES IN SAME LANE),1,778507,Not at intersection,3,80,Freeway,MONASH IN-HEATHERTON,CASEY,-37.97258,145.23631,2021,10,October,11,Midday,Weekday
T20210020278,2021-10-04,12:00:00,1,Collision with vehicle,1,Monday,121,RIGHT THROUGH,1,47032,T intersection,2,60,Local Road,CHURCH,BAYSIDE,-37.91164,144.99178,2021,10,October,12,Midday,Weekday
T20210020231,2021-10-04,00:11:00,1,Collision with vehicle,1,Monday,112,LEFT FAR (INTERSECTIONS ONLY),3,42416,T intersection,3,60,Arterial Other,CENTRE,KINGSTON,-37.928993,145.12256,2021,10,October,0,Late Night,Weekday
T20210020238,2021-10-04,08:30:00,1,Collision with vehicle,1,Monday,120,HEAD ON (NOT OVERTAKING),1,697686,Not at intersection,3,50,Local Road,SCOTT,BALLARAT,-37.557762,143.88007,2021,10,October,8,Morning Peak,Weekday
T20210020241,2021-10-04,07:50:00,1,Collision with vehicle,1,Monday,120,HEAD ON (NOT OVERTAKING),1,705318,Not at intersection,3,60,Local Road,WORSLEY,DANDENONG,-38.066887,145.18163,2021,10,October,7,Morning Peak,Weekday
T20210020242,2021-10-04,09:45:00,4,Collision with a fixed object,1,Monday,173,RIGHT OFF CARRIAGEWAY INTO OBJECT/PARKED VEHICLE,1,723535,Not at intersection,2,100,Arterial Highway,HAMILTON,MOYNE,-38.069138,142.83095,2021,10,October,9,Morning Peak,Weekday
T20210020243,2021-10-04,12:30:00,4,Collision with a fixed object,1,Monday,171,LEFT OFF CARRIAGEWAY INTO OBJECT/PARKED VEHICLE,1,695499,Not at intersection,2,60,Arterial Other,LORIMER,MELBOURNE,-37.821487,144.91531,2021,10,October,12,Midday,Weekday
T20210020252,2021-10-04,17:22:00,1,Collision with vehicle,1,Monday,110,CROSS TRAFFIC(INTERSECTIONS ONLY),2,29377,Cross intersection,2,60,Arterial Other,KING,MELBOURNE,-37.805504,144.94865,2021,10,October,17,Afternoon Peak,Weekday
T20210020388,2021-10-04,08:00:00,4,Collision with a fixed object,1,Monday,171,LEFT OFF CARRIAGEWAY INTO OBJECT/PARKED VEHICLE,1,695737,T intersection,2,50,Local Road,TRAMOO,WHITTLESEA,-37.67153,145.01062,2021,10,October,8,Morning Peak,Weekday
T20210020454,2021-10-04,13:58:00,1,Collision with vehicle,1,Monday,130,REAR END(VEHICLES IN SAME LANE),1,703715,Not at intersection,3,100,Freeway,SOUTH GIPPSLAND,DANDENONG,-38.026978,145.24663,2021,10,October,13,Midday,Weekday
T20210020256,2021-10-04,14:00:00,1,Collision with vehicle,1,Monday,134,LANE CHANGE RIGHT (NOT OVERTAKING),1,781305,Not at intersection,3,80,Arterial Highway,PRINCES,DANDENONG,-37.953083,145.17874,2021,10,October,14,Midday,Weekday
T20210020265,2021-10-04,19:50:00,1,Collision with vehicle,1,Monday,110,CROSS TRAFFIC(INTERSECTIONS ONLY),1,56270,Cross intersection,2,50,Local Road,IONA,GEELONG,-38.178654,144.32472,2021,10,October,19,Night,Weekday
T20210020267,2021-10-04,16:00:00,1,Collision with vehicle,1,Monday,130,REAR END(VEHICLES IN SAME LANE),1,730910,Not at intersection,2,60,Arterial Other,MILLEARA,MOONEE VALLEY,-37.75033,144.86201,2021,10,October,16,Afternoon Peak,Weekday
T20210020294,2021-10-05,13:07:00,1,Collision with vehicle,2,Tuesday,110,CROSS TRAFFIC(INTERSECTIONS ONLY),1,60926,Cross intersection,3,50,Local Road,PARK,BALLARAT,-37.57108,143.82903,2021,10,October,13,Midday,Weekday
T20210020308,2021-10-05,17:20:00,1,Collision with vehicle,2,Tuesday,169,OTHER ON PATH,1,694113,Not at intersection,3,50,Local Road,GREVILLEA,GEELONG,-38.081383,144.34035,2021,10,October,17,Afternoon Peak,Weekday
T20210020313,2021-10-05,17:35:00,1,Collision with vehicle,2,Tuesday,130,REAR END(VEHICLES IN SAME LANE),1,694758,Not at intersection,3,60,Arterial Other,HEATHERTON,DANDENONG,-37.964478,145.16885,2021,10,October,17,Afternoon Peak,Weekday
T20210020314,2021-10-05,16:18:00,1,Collision with vehicle,2,Tuesday,135,LANE CHANGE LEFT (NOT OVERTAKING),1,698672,Multiple intersection,2,100,Freeway,EASTLINK,DANDENONG,-37.967472,145.19475,2021,10,October,16,Afternoon Peak,Weekday
T20210020317,2021-10-05,18:30:00,1,Collision with vehicle,2,Tuesday,173,RIGHT OFF CARRIAGEWAY INTO OBJECT/PARKED VEHICLE,1,694220,Not at intersection,3,50,Local Road,BLUFF,GEELONG,-38.18899,144.70181,2021,10,October,18,Afternoon Peak,Weekday
T20210020513,2021-10-05,12:15:00,1,Collision with vehicle,2,Tuesday,132,RIGHT REAR.,1,42744,Cross intersection,3,80,Arterial Highway,NEPEAN,KINGSTON,-37.965664,145.0578,2021,10,October,12,Midday,Weekday
T20210020571,2021-10-05,14:37:00,1,Collision with vehicle,2,Tuesday,121,RIGHT THROUGH,1,697202,Not at intersection,3,60,Local Road,CHARMAN,KINGSTON,-37.977795,145.05339,2021,10,October,14,Midday,Weekday
T20210020619,2021-10-05,10:35:00,1,Collision with vehicle,2,Tuesday,113,RIGHT NEAR (INTERSECTIONS ONLY),1,63546,T intersection,3,70,Arterial Other,TEMPLESTOWE,MANNINGHAM,-37.75625,145.1018,2021,10,October,10,Midday,Weekday
T20210020785,2021-10-05,09:00:00,4,Collision with a fixed object,2,Tuesday,181,OFF RIGHT BEND INTO OBJECT/PARKED VEHICLE,1,695206,Not at intersection,3,100,Arterial Other,WILLOW GROVE,BAW BAW,-38.06414,146.17383,2021,10,October,9,Morning Peak,Weekday
T20210023176,2021-10-05,04:15:00,3,Struck animal,2,Tuesday,167,STRUCK ANIMAL,3,697215,Not at intersection,3,80,Arterial Highway,CALDER ALTERNATIVE,BENDIGO,-36.87367,144.19655,2021,10,October,4,Late Night,Weekday
T20210020354,2021-10-05,15:30:00,1,Collision with vehicle,2,Tuesday,113,RIGHT NEAR (INTERSECTIONS ONLY),1,699506,T intersection,3,40,Local Road,RING,DAREBIN,-37.72106,145.0555,2021,10,October,15,Afternoon Peak,Weekday
T20210020322,2021-10-05,22:30:00,1,Collision with vehicle,2,Tuesday,121,RIGHT THROUGH,3,15138,Cross intersection,3,60,Local Road,LITTLE BRIDGE,BALLARAT,-37.563347,143.86371,2021,10,October,22,Night,Weekday
T20210020281,2021-10-05,10:30:00,8,No collision and no object struck,2,Tuesday,170,OFF CARRIAGEWAY TO LEFT,1,748518,Not at intersection,2,100,Arterial Other,COBDEN-TERANG,CORANGAMITE,-38.285885,142.95273,2021,10,October,10,Midday,Weekday
T20210020282,2021-10-05,08:16:00,2,Struck Pedestrian,2,Tuesday,102,FAR SIDE. PED HIT BY VEHICLE FROM THE LEFT,1,694526,Not at intersection,2,40,Local Road,FENTON,BENDIGO,-36.74368,144.27406,2021,10,October,8,Morning Peak,Weekday
T20210020324,2021-10-05,19:10:00,1,Collision with vehicle,2,Tuesday,163,VEHICLE STRIKES DOOR OF PARKED/STATIONARY VEHICLE,1,696869,Not at intersection,2,60,Local Road,LYGON,MORELAND,-37.77243,144.97154,2021,10,October,19,Night,Weekday
T20210025543,2021-10-05,18:00:00,1,Collision with vehicle,2,Tuesday,120,HEAD ON (NOT OVERTAKING),2,699535,Not at intersection,3,100,Arterial Other,FISH CREEK-FOSTER,SOUTH GIPPSLAND,-38.680763,146.15024,2021,10,October,18,Afternoon Peak,Weekday
T20210023897,2021-10-05,18:00:00,1,Collision with vehicle,2,Tuesday,110,CROSS TRAFFIC(INTERSECTIONS ONLY),1,54479,Cross intersection,3,50,Local Road,BARTROP,DAREBIN,-37.698162,144.98479,2021,10,October,18,Afternoon Peak,Weekday
T20210020742,2021-10-05,09:45:00,1,Collision with vehicle,2,Tuesday,142,LEAVING PARKING,9,695585,Not at intersection,3,50,Local Road,WOORNACK,GLEN EIRA,-37.898376,145.06238,2021,10,October,9,Morning Peak,Weekday
T20210020289,2021-10-05,10:05:00,4,Collision with a fixed object,2,Tuesday,181,OFF RIGHT BEND INTO OBJECT/PARKED VEHICLE,1,699131,Not at intersection,2,100,Local Road,CODRINGTON-ORFORD,MOYNE,-38.241848,142.1054,2021,10,October,10,Midday,Weekday
T20210020291,2021-10-05,11:23:00,4,Collision with a fixed object,2,Tuesday,173,RIGHT OFF CARRIAGEWAY INTO OBJECT/PARKED VEHICLE,1,699487,Not at intersection,2,100,Freeway,MONASH,CASEY,-37.979164,145.24188,2021,10,October,11,Midday,Weekday
T20210020319,2021-10-05,17:30:00,5,collision with some other object,2,Tuesday,166,STRUCK OBJECT ON CARRIAGEWAY,1,730912,Not at intersection,3,100,Arterial Other,HYLAND,WELLINGTON,-38.285374,146.69725,2021,10,October,17,Afternoon Peak,Weekday
T20210020473,2021-10-06,08:50:00,1,Collision with vehicle,3,Wednesday,130,REAR END(VEHICLES IN SAME LANE),1,354492,Cross intersection,3,60,Arterial Highway,STUD,DANDENONG,-37.971024,145.22357,2021,10,October,8,Morning Peak,Weekday
T20210020365,2021-10-06,16:45:00,1,Collision with vehicle,3,Wednesday,133,LANE SIDE SWIPE (VEHICLES IN PARALLEL LANES),1,696987,Not at intersection,2,50,Local Road,HARTLAND,WHITEHORSE,-37.85968,145.18248,2021,10,October,16,Afternoon Peak,Weekday
T20210020363,2021-10-06,16:50:00,1,Collision with vehicle,3,Wednesday,140,U TURN,1,694670,Not at intersection,2,70,Local Road,MANCHESTER,YARRA RANGES,-37.773895,145.31343,2021,10,October,16,Afternoon Peak,Weekday
T20210020362,2021-10-06,16:30:00,5,collision with some other object,3,Wednesday,166,STRUCK OBJECT ON CARRIAGEWAY,1,694334,Not at intersection,3,80,Freeway,WEST GATE,HOBSONS BAY,-37.824738,144.87459,2021,10,October,16,Afternoon Peak,Weekday
T20210020361,2021-10-06,13:40:00,6,Vehicle overturned (no collision),3,Wednesday,180,OFF CARRIAGEWAY ON RIGHT BEND,1,694543,Not at intersection,2,50,Arterial Other,MORGAN,GEELONG,-38.100166,144.34816,2021,10,October,13,Midday,Weekday
T20210020353,2021-10-06,12:50:00,1,Collision with vehicle,3,Wednesday,110,CROSS TRAFFIC(INTERSECTIONS ONLY),1,47639,Cross intersection,2,100,Freeway,PRINCES,CARDINIA,-38.07973,145.74539,2021,10,October,12,Midday,Weekday
T20210020351,2021-10-06,12:15:00,1,Collision with vehicle,3,Wednesday,110,CROSS TRAFFIC(INTERSECTIONS ONLY),1,51532,Cross intersection,3,50,Local Road,DOWDING,BENDIGO,-36.732937,144.26099,2021,10,October,12,Midday,Weekday
T20210020345,2021-10-06,10:45:00,1,Collision with vehicle,3,Wednesday,120,HEAD ON (NOT OVERTAKING),1,697079,Not at intersection,3,60,Local Road,MCCORMICKS,FRANKSTON,-38.100285,145.19734,2021,10,October,10,Midday,Weekday
T20210020343,2021-10-06,08:45:00,1,Collision with vehicle,3,Wednesday,130,REAR END(VEHICLES IN SAME LANE),1,694669,Not at intersection,3,60,Arterial Other,BULLA,HUME,-37.631454,144.80121,2021,10,October,8,Morning Peak,Weekday