ACCIDENT_NO,ACCIDENT_DATE,ACCIDENT_TIME,ACCIDENT_TYPE,ACCIDENT_TYPE_DESC,DAY_OF_WEEK,DAY_WEEK_DESC,DCA_CODE,DCA_DESC,LIGHT_CONDITION,NODE_ID,ROAD_GEOMETRY_DESC,SEVERITY,SPEED_ZONE,RMA,ROAD_NAME,LGA_NAME,LATITUDE,LONGITUDE,YEAR,MONTH,MONTH_NAME,HOUR,TIME_PERIOD,DAY_TYPE
T20210020337,2021-10-06,06:30:00,1,Collision with vehicle,3,Wednesday,130,REAR END(VEHICLES IN SAME LANE),2,286843,Multiple intersection,3,60,Freeway,MONASH IN-BURKE,STONNINGTON,-37.852505,145.05283,2021,10,October,6,Morning Peak,Weekday
T20210020336,2021-10-06,08:32:00,5,collision with some other object,3,Wednesday,166,STRUCK OBJECT ON CARRIAGEWAY,1,781311,Not at intersection,3,40,Local Road,POWER,MELBOURNE,-37.823708,144.96227,2021,10,October,8,Morning Peak,Weekday
T20210020331,2021-10-06,06:00:00,1,Collision with vehicle,3,Wednesday,135,LANE CHANGE LEFT (NOT OVERTAKING),2,694368,Not at intersection,2,80,Freeway,WEST GATE,HOBSONS BAY,-37.82538,144.88853,2021,10,October,6,Morning Peak,Weekday
T20210020329,2021-10-06,05:27:00,1,Collision with vehicle,3,Wednesday,135,LANE CHANGE LEFT (NOT OVERTAKING),2,12635,Not at intersection,2,100,Freeway,WESTERN RING,HUME,-37.697292,144.89871,2021,10,October,5,Morning Peak,Weekday
T20210021499,2021-10-06,14:30:00,1,Collision with vehicle,3,Wednesday,135,LANE CHANGE LEFT (NOT OVERTAKING),1,696994,Not at intersection,3,60,Arterial Other,STATION,WHITEHORSE,-37.805836,145.12611,2021,10,October,14,Midday,Weekday
T20210020964,2021-10-06,17:30:00,8,No collision and no object struck,3,Wednesday,199,UNKNOWN-NO DETAILS ON MANOEUVRES OF ROAD-USERS IN ACCIDENT,2,695368,Not at intersection,3,50,Local Road,VALLEY,MONASH,-37.917454,145.10454,2021,10,October,17,Afternoon Peak,Weekday
T20210021301,2021-10-06,06:59:00,4,Collision with a fixed object,3,Wednesday,173,RIGHT OFF CARRIAGEWAY INTO OBJECT/PARKED VEHICLE,1,781336,Not at intersection,3,50,Local Road,BRIGHTON,MONASH,-37.870125,145.17421,2021,10,October,6,Morning Peak,Weekday
T20210020668,2021-10-06,09:00:00,1,Collision with vehicle,3,Wednesday,132,RIGHT REAR.,1,694604,Not at intersection,3,60,Arterial Highway,GREAT OCEAN,SURF COAST,-38.338287,144.30013,2021,10,October,9,Morning Peak,Weekday
T20210020458,2021-10-06,13:00:00,1,Collision with vehicle,3,Wednesday,150,HEAD ON(OVERTAKING),1,695011,Not at intersection,3,50,Local Road,SUNFLOWER,WYNDHAM,-37.89908,144.77834,2021,10,October,13,Midday,Weekday
T20210021328,2021-10-06,15:00:00,1,Collision with vehicle,3,Wednesday,145,REVERSING IN STREAM OF TRAFFIC,1,695474,Not at intersection,3,80,Arterial Other,STUD,KNOX,-37.860905,145.23952,2021,10,October,15,Afternoon Peak,Weekday
T20210020417,2021-10-06,15:30:00,1,Collision with vehicle,3,Wednesday,148,VEHICLE OFF FOOTPATH STRIKES VEH ON CARRIAGEWAY,1,694254,T intersection,2,70,Local Road,POUND,CASEY,-38.02702,145.25775,2021,10,October,15,Afternoon Peak,Weekday
T20210020400,2021-10-06,14:40:00,1,Collision with vehicle,3,Wednesday,111,RIGHT FAR (INTERSECTIONS ONLY),1,40906,Cross intersection,3,80,Arterial Other,BORONIA,KNOX,-37.8515,145.23988,2021,10,October,14,Midday,Weekday
T20210020588,2021-10-06,12:00:00,2,Struck Pedestrian,3,Wednesday,100,PED NEAR SIDE. PED HIT BY VEHICLE FROM THE RIGHT.,1,52852,Cross intersection,3,60,Local Road,PEEL,BALLARAT,-37.559277,143.86446,2021,10,October,12,Midday,Weekday
T20210020376,2021-10-06,17:20:00,1,Collision with vehicle,3,Wednesday,120,HEAD ON (NOT OVERTAKING),1,722279,T intersection,2,60,Arterial Other,BEACH,BAYSIDE,-37.9598,145.01064,2021,10,October,17,Afternoon Peak,Weekday
T20210020373,2021-10-06,17:15:00,6,Vehicle overturned (no collision),3,Wednesday,170,OFF CARRIAGEWAY TO LEFT,1,695772,Not at intersection,2,50,Local Road,PERRY,MELTON,-37.68143,144.56982,2021,10,October,17,Afternoon Peak,Weekday
T20210020372,2021-10-06,17:35:00,4,Collision with a fixed object,3,Wednesday,151,OUT OF CONTROL (OVERTAKING),1,698763,Not at intersection,3,80,Arterial Highway,STUD,KNOX,-37.898582,145.2329,2021,10,October,17,Afternoon Peak,Weekday
T20210020369,2021-10-06,17:30:00,2,Struck Pedestrian,3,Wednesday,100,PED NEAR SIDE. PED HIT BY VEHICLE FROM THE RIGHT.,1,781313,Not at intersection,3,30,Local Road,POST OFFICE,LATROBE,-38.19513,146.54124,2021,10,October,17,Afternoon Peak,Weekday
T20210020429,2021-10-07,17:41:00,2,Struck Pedestrian,4,Thursday,100,PED NEAR SIDE. PED HIT BY VEHICLE FROM THE RIGHT.,1,694370,Not at intersection,3,60,Arterial Other,TOORAK,STONNINGTON,-37.844658,145.03845,2021,10,October,17,Afternoon Peak,Weekday
T20210020420,2021-10-07,17:08:00,1,Collision with vehicle,4,Thursday,130,REAR END(VEHICLES IN SAME LANE),1,704552,Not at intersection,2,60,Arterial Other,HEIDELBERG,BANYULE,-37.77564,145.0389,2021,10,October,17,Afternoon Peak,Weekday
T20210020430,2021-10-07,16:00:00,1,Collision with vehicle,4,Thursday,130,REAR END(VEHICLES IN SAME LANE),1,772001,Not at intersection,3,50,Arterial Other,EYRE,BALLARAT,-37.565918,143.85414,2021,10,October,16,Afternoon Peak,Weekday
T20210020431,2021-10-07,19:58:00,1,Collision with vehicle,4,Thursday,113,RIGHT NEAR (INTERSECTIONS ONLY),3,45202,T intersection,2,60,Arterial Other,BALLARAT,MARIBYRNONG,-37.7857,144.87595,2021,10,October,19,Night,Weekday
T20210020394,2021-10-07,07:41:00,4,Collision with a fixed object,4,Thursday,173,RIGHT OFF CARRIAGEWAY INTO OBJECT/PARKED VEHICLE,1,781339,Not at intersection,3,100,Arterial Highway,PRINCES,SURF COAST,-38.23441,144.01468,2021,10,October,7,Morning Peak,Weekday
T20210020386,2021-10-07,08:40:00,2,Struck Pedestrian,4,Thursday,100,PED NEAR SIDE. PED HIT BY VEHICLE FROM THE RIGHT.,1,695736,Cross intersection,3,60,Local Road,EXCELSA,MELTON,-37.695564,144.74365,2021,10,October,8,Morning Peak,Weekday
T20210020413,2021-10-07,09:15:00,1,Collision with vehicle,4,Thursday,113,RIGHT NEAR (INTERSECTIONS ONLY),1,36797,T intersection,2,60,Arterial Other,SOMERTON,HUME,-37.63586,144.889,2021,10,October,9,Morning Peak,Weekday
T20210020432,2021-10-07,14:25:00,1,Collision with vehicle,4,Thursday,160,VEHICLE COLLIDES WITH VEHICLE PARKED ON LEFT OF ROAD,1,730916,Not at intersection,2,40,Local Road,ANDREW,BANYULE,-37.700634,145.07271,2021,10,October,14,Midday,Weekday
T20210020438,2021-10-07,21:10:00,4,Collision with a fixed object,4,Thursday,173,RIGHT OFF CARRIAGEWAY INTO OBJECT/PARKED VEHICLE,3,694486,Not at intersection,2,70,Arterial Other,FOREST,GEELONG,-38.052155,144.39108,2021,10,October,21,Night,Weekday
T20210020416,2021-10-07,15:00:00,1,Collision with vehicle,4,Thursday,137,LEFT TURN SIDESWIPE,1,730914,Cross intersection,2,60,Arterial Other,ROYAL,MELBOURNE,-37.789944,144.95876,2021,10,October,15,Afternoon Peak,Weekday
T20210020447,2021-10-07,12:05:00,1,Collision with vehicle,4,Thursday,130,REAR END(VEHICLES IN SAME LANE),1,730917,T intersection,3,40,Local Road,NEWTON,KNOX,-37.888615,145.28836,2021,10,October,12,Midday,Weekday
T20210020422,2021-10-07,16:20:00,1,Collision with vehicle,4,Thursday,154,PULLING OUT -REAR END,1,696375,Not at intersection,3,60,Arterial Highway,WHITEHALL,MARIBYRNONG,-37.813324,144.90047,2021,10,October,16,Afternoon Peak,Weekday
T20210020402,2021-10-07,10:45:00,1,Collision with vehicle,4,Thursday,110,CROSS TRAFFIC(INTERSECTIONS ONLY),1,53182,Cross intersection,3,50,Local Road,EGGLESTON,GEELONG,-38.262093,144.52702,2021,10,October,10,Midday,Weekday
T20210021216,2021-10-07,13:30:00,1,Collision with vehicle,4,Thursday,147,VEHICLE STRIKES ANOTHER VEH WHILE EMERGING FROM DRIVEWAY,1,700185,Not at intersection,3,40,Local Road,SMITH,MELBOURNE,-37.791687,144.93459,2021,10,October,13,Midday,Weekday
T20210020407,2021-10-07,12:13:00,1,Collision with vehicle,4,Thursday,137,LEFT TURN SIDESWIPE,1,697163,Not at intersection,3,80,Arterial Highway,DINGLEY,DANDENONG,-37.965424,145.13472,2021,10,October,12,Midday,Weekday
T20210020426,2021-10-07,17:40:00,1,Collision with vehicle,4,Thursday,116,LEFT NEAR (INTERSECTIONS ONLY),1,40531,Cross intersection,2,40,Local Road,HIGHFIELD,BOROONDARA,-37.831665,145.08553,2021,10,October,17,Afternoon Peak,Weekday
T20210020392,2021-10-07,06:20:00,1,Collision with vehicle,4,Thursday,133,LANE SIDE SWIPE (VEHICLES IN PARALLEL LANES),2,694759,Not at intersection,3,60,Arterial Other,HIGH STREET,MONASH,-37.874733,145.17058,2021,10,October,6,Morning Peak,Weekday
T20210020427,2021-10-07,12:51:00,1,Collision with vehicle,4,Thursday,110,CROSS TRAFFIC(INTERSECTIONS ONLY),1,246534,Cross intersection,2,80,Arterial Other,LOWER DUNEED,SURF COAST,-38.252743,144.36919,2021,10,October,12,Midday,Weekday
T20210020657,2021-10-07,16:30:00,6,Vehicle overturned (no collision),4,Thursday,175,OFF END OF ROAD/T-INTERSECTION.,1,697519,Dead end,2,50,Local Road,ROME,WARRNAMBOOL,-38.3608,142.44371,2021,10,October,16,Afternoon Peak,Weekday
T20210020633,2021-10-07,10:20:00,1,Collision with vehicle,4,Thursday,130,REAR END(VEHICLES IN SAME LANE),1,698673,Not at intersection,3,60,Arterial Other,ASHLEY,MARIBYRNONG,-37.798,144.86232,2021,10,October,10,Midday,Weekday
T20210020491,2021-10-08,20:30:00,1,Collision with vehicle,5,Friday,160,VEHICLE COLLIDES WITH VEHICLE PARKED ON LEFT OF ROAD,3,694372,Not at intersection,2,60,Local Road,THE TERRACE,GEELONG,-38.2678,144.5215,2021,10,October,20,Night,Weekday
T20210020463,2021-10-08,14:00:00,6,Vehicle overturned (no collision),5,Friday,170,OFF CARRIAGEWAY TO LEFT,1,704327,Not at intersection,3,80,Arterial Other,LANCASTER,CAMPASPE,-36.31351,145.07329,2021,10,October,14,Midday,Weekday
T20210020441,2021-10-08,08:55:00,1,Collision with vehicle,5,Friday,121,RIGHT THROUGH,1,278622,T intersection,2,60,Local Road,OHERNS,WHITTLESEA,-37.63635,145.0148,2021,10,October,8,Morning Peak,Weekday
T20210020460,2021-10-08,14:45:00,1,Collision with vehicle,5,Friday,111,RIGHT FAR (INTERSECTIONS ONLY),1,243224,T intersection,3,80,Local Road,RING,BALLARAT,-37.53989,143.80081,2021,10,October,14,Midday,Weekday
T20210020474,2021-10-08,20:10:00,2,Struck Pedestrian,5,Friday,102,FAR SIDE. PED HIT BY VEHICLE FROM THE LEFT,3,694880,Not at intersection,2,60,Local Road,ESSEX,MARIBYRNONG,-37.79611,144.88597,2021,10,October,20,Night,Weekday
T20210020450,2021-10-08,10:44:00,2,Struck Pedestrian,5,Friday,100,PED NEAR SIDE. PED HIT BY VEHICLE FROM THE RIGHT.,1,694485,Not at intersection,3,40,Arterial Other,NICHOLSON,YARRA,-37.784492,144.97733,2021,10,October,10,Midday,Weekday
T20210020445,2021-10-08,09:15:00,1,Collision with vehicle,5,Friday,130,REAR END(VEHICLES IN SAME LANE),1,695739,Not at intersection,3,70,Arterial Other,YAN YEAN,NILLUMBIK,-37.660408,145.12476,2021,10,October,9,Morning Peak,Weekday
T20210020446,2021-10-08,06:16:00,2,Struck Pedestrian,5,Friday,100,PED NEAR SIDE. PED HIT BY VEHICLE FROM THE RIGHT.,1,359981,Cross intersection,2,60,Arterial Highway,GRANGE ROAD -JASPER,GLEN EIRA,-37.904514,145.04393,2021,10,October,6,Morning Peak,Weekday
T20210020887,2021-10-08,15:45:00,8,No collision and no object struck,5,Friday,170,OFF CARRIAGEWAY TO LEFT,1,695015,Not at intersection,3,60,Arterial Other,WILTSHIRE,BALLARAT,-37.58091,143.80823,2021,10,October,15,Afternoon Peak,Weekday
T20210020606,2021-10-08,18:00:00,1,Collision with vehicle,5,Friday,131,LEFT REAR,1,57918,Cross intersection,3,60,Arterial Highway,DANDENONG,STONNINGTON,-37.878128,145.04764,2021,10,October,18,Afternoon Peak,Weekday
T20210020449,2021-10-08,11:30:00,1,Collision with vehicle,5,Friday,121,RIGHT THROUGH,1,57286,Cross intersection,2,60,Arterial Other,TONE,WANGARATTA,-36.36063,146.31046,2021,10,October,11,Midday,Weekday
T20210026478,2021-10-08,12:52:00,1,Collision with vehicle,5,Friday,130,REAR END(VEHICLES IN SAME LANE),1,778572,Not at intersection,3,80,Freeway,WESTERN RING,WYNDHAM,-37.820393,144.81004,2021,10,October,12,Midday,Weekday
T20210020484,2021-10-08,18:11:00,1,Collision with vehicle,5,Friday,159,OTHER OVERTAKING MANOEUVRES NOT INCLUDED IN DCAs 150-154,1,698963,Not at intersection,3,100,Arterial Other,HEALESVILLE-KINGLAKE,YARRA RANGES,-37.537746,145.40002,2021,10,October,18,Afternoon Peak,Weekday
T20210020483,2021-10-08,14:41:00,1,Collision with vehicle,5,Friday,130,REAR END(VEHICLES IN SAME LANE),1,698207,Not at intersection,1,60,Arterial Highway,STAWELL,HORSHAM,-36.726757,142.20505,2021,10,October,14,Midday,Weekday
T20210021277,2021-10-08,13:30:00,1,Collision with vehicle,5,Friday,130,REAR END(VEHICLES IN SAME LANE),1,695304,Cross intersection,3,100,Local Road,BLACKGATE,SURF COAST,-38.28629,144.32527,2021,10,October,13,Midday,Weekday
T20210020468,2021-10-08,16:00:00,1,Collision with vehicle,5,Friday,110,CROSS TRAFFIC(INTERSECTIONS ONLY),1,63568,Cross intersection,3,50,Local Road,BROWNING,EAST GIPPSLAND,-37.706104,148.4568,2021,10,October,16,Afternoon Peak,Weekday
T20210021038,2021-10-08,13:00:00,4,Collision with a fixed object,5,Friday,164,PERMANENT OBSTRUCTION ON CARRIAGEWAY,1,730939,T intersection,3,60,Local Road,CAROLINE SPRINGS,MELTON,-37.747925,144.73724,2021,10,October,13,Midday,Weekday
T20210020471,2021-10-08,19:00:00,1,Collision with vehicle,5,Friday,133,LANE SIDE SWIPE (VEHICLES IN PARALLEL LANES),2,694371,Not at intersection,3,60,Arterial Other,SUNSHINE,MARIBYRNONG,-37.801,144.87503,2021,10,October,19,Night,Weekday
T20210020479,2021-10-08,21:30:00,1,Collision with vehicle,5,Friday,110,CROSS TRAFFIC(INTERSECTIONS ONLY),3,54321,Cross intersection,3,50,Arterial Highway,DEAKIN,MILDURA,-34.191067,142.15564,2021,10,October,21,Night,Weekday
T20210020478,2021-10-08,21:00:00,1,Collision with vehicle,5,Friday,130,REAR END(VEHICLES IN SAME LANE),3,89,Cross intersection,3,40,Local Road,FITZROY,PORT PHILLIP,-37.86201,144.9736,2021,10,October,21,Night,Weekday
T20210024340,2021-10-08,16:40:00,1,Collision with vehicle,5,Friday,133,LANE SIDE SWIPE (VEHICLES IN PARALLEL LANES),1,731221,Not at intersection,3,60,Arterial Other,MILITARY,MOONEE VALLEY,-37.762054,144.86194,2021,10,October,16,Afternoon Peak,Weekday
T20210020476,2021-10-08,19:56:00,1,Collision with vehicle,5,Friday,110,CROSS TRAFFIC(INTERSECTIONS ONLY),3,697492,Cross intersection,3,50,Local Road,KERR,WARRNAMBOOL,-38.37404,142.47366,2021,10,October,19,Night,Weekday
T20210020918,2021-10-09,14:00:00,1,Collision with vehicle,6,Saturday,130,REAR END(VEHICLES IN SAME LANE),1,695243,Not at intersection,3,60,Arterial Highway,KINGS,PORT PHILLIP,-37.83458,144.9702,2021,10,October,14,Midday,Weekend
T20210021452,2021-10-09,16:15:00,2,Struck Pedestrian,6,Saturday,102,FAR SIDE. PED HIT BY VEHICLE FROM THE LEFT,1,781370,Not at intersection,3,50,Local Road,ROSEBERRY,MOONEE VALLEY,-37.774845,144.90846,2021,10,October,16,Afternoon Peak,Weekend
T20210020516,2021-10-09,16:47:00,1,Collision with vehicle,6,Saturday,163,VEHICLE STRIKES DOOR OF PARKED/STATIONARY VEHICLE,1,694599,Not at intersection,3,40,Arterial Other,BRIDGE,YARRA,-37.819576,145.009,2021,10,October,16,Afternoon Peak,Weekend
T20210020520,2021-10-09,16:47:00,4,Collision with a fixed object,6,Saturday,173,RIGHT OFF CARRIAGEWAY INTO OBJECT/PARKED VEHICLE,1,235611,Cross intersection,2,60,Local Road,BRIDGEWATER,HUME,-37.62017,144.93214,2021,10,October,16,Afternoon Peak,Weekend
T20220008250,2021-10-09,16:15:00,1,Collision with vehicle,6,Saturday,121,RIGHT THROUGH,1,239896,Cross intersection,3,60,Arterial Other,BUCKLEY,MOONEE VALLEY,-37.757286,144.91928,2021,10,October,16,Afternoon Peak,Weekend
T20210021551,2021-10-09,17:45:00,1,Collision with vehicle,6,Saturday,160,VEHICLE COLLIDES WITH VEHICLE PARKED ON LEFT OF ROAD,1,695536,Not at intersection,3,40,Arterial Other,CHAPEL,STONNINGTON,-37.836674,144.9962,2021,10,October,17,Afternoon Peak,Weekend
T20220013653,2021-10-09,12:30:00,8,No collision and no object struck,6,Saturday,179,OTHER ACCIDENTS-OFF STRAIGHT NOT INCLUDED IN DCAs 170-175,1,731469,Cross intersection,3,60,Arterial Highway,PRINCES,SURF COAST,-38.212112,144.21796,2021,10,October,12,Midday,Weekend
T20210020523,2021-10-09,17:50:00,5,collision with some other object,6,Saturday,179,OTHER ACCIDENTS-OFF STRAIGHT NOT INCLUDED IN DCAs 170-175,1,698448,Not at intersection,2,100,Local Road,GOLF LINKS,LATROBE,-38.179604,146.31845,2021,10,October,17,Afternoon Peak,Weekend
T20210020529,2021-10-09,19:49:00,6,Vehicle overturned (no collision),6,Saturday,172,OFF CARRIAGEWAY TO RIGHT,3,697868,Not at intersection,2,80,Arterial Highway,SPRINGVALE,DANDENONG,-37.964424,145.14981,2021,10,October,19,Night,Weekend
T20210020534,2021-10-09,20:18:00,2,Struck Pedestrian,6,Saturday,102,FAR SIDE. PED HIT BY VEHICLE FROM THE LEFT,3,694882,Not at intersection,2,50,Arterial Other,WILLIAMSTOWN,MARIBYRNONG,-37.81144,144.88374,2021,10,October,20,Night,Weekend
T20210020549,2021-10-09,14:57:00,1,Collision with vehicle,6,Saturday,130,REAR END(VEHICLES IN SAME LANE),1,694530,Not at intersection,3,50,Arterial Other,HIGH,MELTON,-37.683594,144.5781,2021,10,October,14,Midday,Weekend
T20210021012,2021-10-09,16:54:00,1,Collision with vehicle,6,Saturday,121,RIGHT THROUGH,1,730938,Cross intersection,3,60,Arterial Other,SOUTH,BAYSIDE,-37.931877,145.0258,2021,10,October,16,Afternoon Peak,Weekend
T20210020551,2021-10-09,13:30:00,1,Collision with vehicle,6,Saturday,135,LANE CHANGE LEFT (NOT OVERTAKING),1,694672,Not at intersection,3,60,Arterial Other,BEACONSFIELD,PORT PHILLIP,-37.848026,144.94911,2021,10,October,13,Midday,Weekend
T20210020552,2021-10-09,17:00:00,4,Collision with a fixed object,6,Saturday,171,LEFT OFF CARRIAGEWAY INTO OBJECT/PARKED VEHICLE,1,704444,Not at intersection,3,60,Local Road,LAKES COLQUHOUN,EAST GIPPSLAND,-37.82103,147.97298,2021,10,October,17,Afternoon Peak,Weekend
T20210020567,2021-10-09,21:00:00,4,Collision with a fixed object,6,Saturday,171,LEFT OFF CARRIAGEWAY INTO OBJECT/PARKED VEHICLE,5,696989,Not at intersection,2,100,Local Road,MCKECHNIES FLAT,NORTHERN GRAMPIANS,-36.65263,143.31291,2021,10,October,21,Night,Weekend
T20210021160,2021-10-09,13:00:00,6,Vehicle overturned (no collision),6,Saturday,184,OUT OF CONTROL ON CARRIAGEWAY (ON BEND),1,696992,T intersection,3,80,Local Road,JERUSALEM CREEK,MURRINDINDI,-37.279354,145.97043,2021,10,October,13,Midday,Weekend
T20210020694,2021-10-09,13:00:00,1,Collision with vehicle,6,Saturday,113,RIGHT NEAR (INTERSECTIONS ONLY),1,73127,T intersection,3,50,Local Road,PRESIDENTS,GEELONG,-38.25633,144.52528,2021,10,October,13,Midday,Weekend
T20210020621,2021-10-09,10:40:00,5,collision with some other object,6,Saturday,166,STRUCK OBJECT ON CARRIAGEWAY,1,697869,Not at intersection,2,60,Arterial Other,CAMBERWELL,BOROONDARA,-37.842175,145.06908,2021,10,October,10,Midday,Weekend
T20210020502,2021-10-09,12:13:00,4,Collision with a fixed object,6,Saturday,171,LEFT OFF CARRIAGEWAY INTO OBJECT/PARKED VEHICLE,1,698411,Not at intersection,3,80,Arterial Highway,SOUTH GIPPSLAND,CASEY,-38.121284,145.28828,2021,10,October,12,Midday,Weekend
T20210020503,2021-10-09,11:04:00,1,Collision with vehicle,6,Saturday,142,LEAVING PARKING,1,695091,Not at intersection,3,50,Local Road,KIPLING,MOONEE VALLEY,-37.772003,144.93199,2021,10,October,11,Midday,Weekend
T20210020505,2021-10-09,03:20:00,4,Collision with a fixed object,6,Saturday,181,OFF RIGHT BEND INTO OBJECT/PARKED VEHICLE,5,781366,Not at intersection,3,60,Arterial Other,RIDGE,YARRA RANGES,-37.82028,145.3634,2021,10,October,3,Late Night,Weekend
T20210024841,2021-10-09,21:07:00,1,Collision with vehicle,6,Saturday,121,RIGHT THROUGH,3,39316,Cross intersection,3,50,Arterial Highway,WHITEHORSE,WHITEHORSE,-37.818295,145.12378,2021,10,October,21,Night,Weekend
T20210020507,2021-10-09,13:33:00,1,Collision with vehicle,6,Saturday,140,U TURN,1,331821,Multiple intersection,2,80,Freeway,HUME IN-COOPER,WHITTLESEA,-37.648132,144.9915,2021,10,October,13,Midday,Weekend
T20210020508,2021-10-09,13:56:00,1,Collision with vehicle,6,Saturday,160,VEHICLE COLLIDES WITH VEHICLE PARKED ON LEFT OF ROAD,1,719994,Not at intersection,2,50,Local Road,PARK,MOONEE VALLEY,-37.747154,144.85556,2021,10,October,13,Midday,Weekend
T20210020510,2021-10-09,12:01:00,6,Vehicle overturned (no collision),6,Saturday,170,OFF CARRIAGEWAY TO LEFT,1,781372,Not at intersection,3,80,Local Road,BURKE AND WILLS,MACEDON RANGES,-37.248993,144.72598,2021,10,October,12,Midday,Weekend
T20210020561,2021-10-09,21:20:00,3,Struck animal,6,Saturday,167,STRUCK ANIMAL,3,730920,Not at intersection,2,80,Arterial Other,LINCOLN,WODONGA,-36.10612,146.89484,2021,10,October,21,Night,Weekend
T20210020514,2021-10-09,14:20:00,6,Vehicle overturned (no collision),6,Saturday,174,OUT OF CONTROL ON CARRIAGEWAY (ON STRAIGHT),1,694448,Not at intersection,2,60,Arterial Other,MALVERN,STONNINGTON,-37.849987,145.01756,2021,10,October,14,Midday,Weekend
T20210020570,2021-10-10,16:15:00,1,Collision with vehicle,7,Sunday,110,CROSS TRAFFIC(INTERSECTIONS ONLY),1,65035,Cross intersection,3,40,Local Road,WESTGARTH,YARRA,-37.79486,144.98027,2021,10,October,16,Afternoon Peak,Weekend
T20210020546,2021-10-10,03:08:00,4,Collision with a fixed object,7,Sunday,171,LEFT OFF CARRIAGEWAY INTO OBJECT/PARKED VEHICLE,3,694416,Not at intersection,1,60,Arterial Other,SLADEN,CASEY,-38.11321,145.2842,2021,10,October,3,Late Night,Weekend
T20210020541,2021-10-10,03:22:00,6,Vehicle overturned (no collision),7,Sunday,174,OUT OF CONTROL ON CARRIAGEWAY (ON STRAIGHT),3,710111,T intersection,3,50,Local Road,FELLTIMBER CREEK,WODONGA,-36.13376,146.8535,2021,10,October,3,Late Night,Weekend
T20210020749,2021-10-10,17:10:00,1,Collision with vehicle,7,Sunday,130,REAR END(VEHICLES IN SAME LANE),1,730929,Not at intersection,3,60,Arterial Other,SOUTH,KINGSTON,-37.933304,145.0361,2021,10,October,17,Afternoon Peak,Weekend
T20210020585,2021-10-10,20:00:00,4,Collision with a fixed object,7,Sunday,175,OFF END OF ROAD/T-INTERSECTION.,2,705860,T intersection,2,60,Local Road,GREY,CORANGAMITE,-38.236786,142.90103,2021,10,October,20,Night,Weekend
T20210020584,2021-10-10,20:34:00,1,Collision with vehicle,7,Sunday,120,HEAD ON (NOT OVERTAKING),3,340475,T intersection,3,70,Arterial Other,MANNINGHAM,MANNINGHAM,-37.773518,145.1122,2021,10,October,20,Night,Weekend
T20210020558,2021-10-10,11:13:00,3,Struck animal,7,Sunday,167,STRUCK ANIMAL,1,697289,Not at intersection,2,100,Local Road,DELANEYS,COLAC OTWAY,-38.482037,143.7621,2021,10,October,11,Midday,Weekend
T20210020628,2021-10-10,12:50:00,1,Collision with vehicle,7,Sunday,147,VEHICLE STRIKES ANOTHER VEH WHILE EMERGING FROM DRIVEWAY,1,30667,Not at intersection,3,60,Arterial Other,SWANSEA,YARRA RANGES,-37.76218,145.35637,2021,10,October,12,Midday,Weekend
T20210020582,2021-10-10,19:00:00,1,Collision with vehicle,7,Sunday,192,STRUCK TRAIN,1,698352,Not at intersection,2,40,Arterial Other,BRAESIDE-DANDENONG,DANDENONG,-38.016315,145.2301,2021,10,October,19,Night,Weekend
T20210020581,2021-10-10,14:30:00,1,Collision with vehicle,7,Sunday,115,RIGHT/LEFT FAR (INTERSECTIONS ONLY),1,694674,T intersection,2,50,Local Road,EAST CORNHILL,WYNDHAM,-37.88148,144.72609,2021,10,October,14,Midday,Weekend
T20210020553,2021-10-10,10:15:00,1,Collision with vehicle,7,Sunday,110,CROSS TRAFFIC(INTERSECTIONS ONLY),1,43788,Cross intersection,3,60,Arterial Other,CLEGG,YARRA RANGES,-37.782345,145.41853,2021,10,October,10,Midday,Weekend
T20210020579,2021-10-10,15:10:00,1,Collision with vehicle,7,Sunday,110,CROSS TRAFFIC(INTERSECTIONS ONLY),1,686152,Cross intersection,2,60,Local Road,BETHANY,WYNDHAM,-37.85241,144.66635,2021,10,October,15,Afternoon Peak,Weekend
T20210020979,2021-10-10,20:00:00,8,No collision and no object struck,7,Sunday,180,OFF CARRIAGEWAY ON RIGHT BEND,6,695017,Not at intersection,3,50,Arterial Other,YARRA,BOROONDARA,-37.801823,145.01344,2021,10,October,20,Night,Weekend
T20210020548,2021-10-10,06:30:00,1,Collision with vehicle,7,Sunday,130,REAR END(VEHICLES IN SAME LANE),1,698155,Not at intersection,2,100,Freeway,EASTERN,BOROONDARA,-37.784225,145.0688,2021,10,October,6,Morning Peak,Weekend
T20210021054,2021-10-10,14:00:00,7,Fall from or in moving vehicle,7,Sunday,190,FELL IN/FROM VEHICLE,1,781376,Not at intersection,3,60,Local Road,VICTORIA,YARRA RANGES,-37.68153,145.34839,2021,10,October,14,Midday,Weekend
T20210020594,2021-10-10,20:35:00,1,Collision with vehicle,7,Sunday,113,RIGHT NEAR (INTERSECTIONS ONLY),3,43874,Cross intersection,3,80,Arterial Highway,DANDENONG-HASTINGS,FRANKSTON,-38.107105,145.23355,2021,10,October,20,Night,Weekend