ACCIDENT_NO,ACCIDENT_DATE,ACCIDENT_TIME,ACCIDENT_TYPE,ACCIDENT_TYPE_DESC,DAY_OF_WEEK,DAY_WEEK_DESC,DCA_CODE,DCA_DESC,LIGHT_CONDITION,NODE_ID,ROAD_GEOMETRY_DESC,SEVERITY,SPEED_ZONE,RMA,ROAD_NAME,LGA_NAME,LATITUDE,LONGITUDE,YEAR,MONTH,MONTH_NAME,HOUR,TIME_PERIOD,DAY_TYPE
T20210020578,2021-10-10,15:55:00,1,Collision with vehicle,7,Sunday,147,VEHICLE STRIKES ANOTHER VEH WHILE EMERGING FROM DRIVEWAY,1,695502,Not at intersection,2,80,Arterial Highway,MAROONDAH,MAROONDAH,-37.78879,145.26949,2021,10,October,15,Afternoon Peak,Weekend
T20210020577,2021-10-10,15:30:00,4,Collision with a fixed object,7,Sunday,171,LEFT OFF CARRIAGEWAY INTO OBJECT/PARKED VEHICLE,1,694631,Not at intersection,2,100,Local Road,YACK GATE,INDIGO,-36.333115,146.81226,2021,10,October,15,Afternoon Peak,Weekend
T20210020635,2021-10-11,17:32:00,1,Collision with vehicle,1,Monday,110,CROSS TRAFFIC(INTERSECTIONS ONLY),1,29377,Cross intersection,3,60,Arterial Other,KING,MELBOURNE,-37.805504,144.94865,2021,10,October,17,Afternoon Peak,Weekday
T20210020634,2021-10-11,16:10:00,1,Collision with vehicle,1,Monday,111,RIGHT FAR (INTERSECTIONS ONLY),1,37093,T intersection,3,50,Local Road,HUDSON,HUME,-37.652943,144.9221,2021,10,October,16,Afternoon Peak,Weekday
T20210020632,2021-10-11,17:10:00,1,Collision with vehicle,1,Monday,110,CROSS TRAFFIC(INTERSECTIONS ONLY),1,738411,Cross intersection,2,60,Local Road,APAC,HUME,-37.67822,144.8592,2021,10,October,17,Afternoon Peak,Weekday
T20210020631,2021-10-11,17:00:00,1,Collision with vehicle,1,Monday,120,HEAD ON (NOT OVERTAKING),1,697548,Not at intersection,2,100,Arterial Highway,PRINCES,CORANGAMITE,-38.254185,143.24754,2021,10,October,17,Afternoon Peak,Weekday
T20210020629,2021-10-11,17:00:00,8,No collision and no object struck,1,Monday,199,UNKNOWN-NO DETAILS ON MANOEUVRES OF ROAD-USERS IN ACCIDENT,1,695012,Not at intersection,3,50,Local Road,BEVERIDGE,SWAN HILL,-35.337177,143.55754,2021,10,October,17,Afternoon Peak,Weekday
T20210020626,2021-10-11,14:25:00,1,Collision with vehicle,1,Monday,111,RIGHT FAR (INTERSECTIONS ONLY),1,39037,T intersection,3,60,Arterial Other,COTHAM,BOROONDARA,-37.81007,145.05817,2021,10,October,14,Midday,Weekday
T20210020620,2021-10-11,11:39:00,1,Collision with vehicle,1,Monday,121,RIGHT THROUGH,1,690192,T intersection,3,60,Local Road,BRIDGEWATER,HUME,-37.620102,144.93005,2021,10,October,11,Midday,Weekday
T20210020617,2021-10-11,12:45:00,2,Struck Pedestrian,1,Monday,100,PED NEAR SIDE. PED HIT BY VEHICLE FROM THE RIGHT.,1,699132,Not at intersection,2,70,Arterial Highway,SPRINGVALE,MONASH,-37.886955,145.16449,2021,10,October,12,Midday,Weekday
T20210020611,2021-10-11,10:10:00,1,Collision with vehicle,1,Monday,120,HEAD ON (NOT OVERTAKING),1,696818,Not at intersection,3,60,Arterial Other,MACARTHUR,MELBOURNE,-37.788128,144.95486,2021,10,October,10,Midday,Weekday
T20210020609,2021-10-11,07:15:00,1,Collision with vehicle,1,Monday,130,REAR END(VEHICLES IN SAME LANE),2,730924,Not at intersection,3,100,Freeway,COBURNS-WESTERN IN,MELTON,-37.690266,144.57036,2021,10,October,7,Morning Peak,Weekday
T20210020607,2021-10-11,09:58:00,1,Collision with vehicle,1,Monday,116,LEFT NEAR (INTERSECTIONS ONLY),1,694603,T intersection,2,50,Local Road,ISLAND,MORNINGTON PENINSULA,-38.31717,145.00734,2021,10,October,9,Morning Peak,Weekday
T20210020601,2021-10-11,10:05:00,2,Struck Pedestrian,1,Monday,100,PED NEAR SIDE. PED HIT BY VEHICLE FROM THE RIGHT.,1,694602,Cross intersection,2,70,Arterial Other,MICKLEHAM,HUME,-37.684486,144.88309,2021,10,October,10,Midday,Weekday
T20210020596,2021-10-11,08:00:00,4,Collision with a fixed object,1,Monday,173,RIGHT OFF CARRIAGEWAY INTO OBJECT/PARKED VEHICLE,1,694854,Not at intersection,3,100,Local Road,MERRIANG GAP,WANGARATTA,-36.54232,146.65022,2021,10,October,8,Morning Peak,Weekday
T20210020589,2021-10-11,06:30:00,1,Collision with vehicle,1,Monday,147,VEHICLE STRIKES ANOTHER VEH WHILE EMERGING FROM DRIVEWAY,3,730923,Not at intersection,2,50,Local Road,ELIZABETH,HUME,-37.57139,144.71805,2021,10,October,6,Morning Peak,Weekday
T20210020587,2021-10-11,03:00:00,4,Collision with a fixed object,1,Monday,171,LEFT OFF CARRIAGEWAY INTO OBJECT/PARKED VEHICLE,5,730922,Not at intersection,3,100,Arterial Highway,PRINCES,MOYNE,-38.335705,142.34921,2021,10,October,3,Late Night,Weekday
T20210022536,2021-10-11,15:55:00,1,Collision with vehicle,1,Monday,147,VEHICLE STRIKES ANOTHER VEH WHILE EMERGING FROM DRIVEWAY,1,697549,Not at intersection,3,60,Arterial Other,GILLIES,BALLARAT,-37.535564,143.8229,2021,10,October,15,Afternoon Peak,Weekday
T20210021062,2021-10-11,15:20:00,1,Collision with vehicle,1,Monday,130,REAR END(VEHICLES IN SAME LANE),9,695586,Not at intersection,3,60,Arterial Highway,WHITEHORSE,WHITEHORSE,-37.817215,145.11719,2021,10,October,15,Afternoon Peak,Weekday
T20210020828,2021-10-11,07:30:00,1,Collision with vehicle,1,Monday,130,REAR END(VEHICLES IN SAME LANE),2,695442,Not at intersection,3,80,Freeway,WESTERN RING,WYNDHAM,-37.819344,144.8096,2021,10,October,7,Morning Peak,Weekday
T20210020756,2021-10-11,10:45:00,1,Collision with vehicle,1,Monday,121,RIGHT THROUGH,1,355802,T intersection,2,80,Arterial Other,WELLS,KINGSTON,-38.017117,145.10999,2021,10,October,10,Midday,Weekday
T20210020727,2021-10-11,12:09:00,8,No collision and no object struck,1,Monday,174,OUT OF CONTROL ON CARRIAGEWAY (ON STRAIGHT),1,37711,T intersection,3,40,Arterial Other,CHURCH,YARRA,-37.83191,144.99681,2021,10,October,12,Midday,Weekday
T20210020673,2021-10-11,17:35:00,1,Collision with vehicle,1,Monday,110,CROSS TRAFFIC(INTERSECTIONS ONLY),1,694605,Cross intersection,2,50,Local Road,STRACHAN,COLAC OTWAY,-38.34041,143.78407,2021,10,October,17,Afternoon Peak,Weekday
T20210020644,2021-10-11,20:45:00,1,Collision with vehicle,1,Monday,130,REAR END(VEHICLES IN SAME LANE),5,695240,Not at intersection,2,80,Arterial Other,HEATHERTON,CASEY,-37.974056,145.24986,2021,10,October,20,Night,Weekday
T20210020640,2021-10-11,16:50:00,1,Collision with vehicle,1,Monday,120,HEAD ON (NOT OVERTAKING),1,697688,Not at intersection,2,80,Arterial Other,BELGRAVE-HALLAM,CASEY,-37.970673,145.31635,2021,10,October,16,Afternoon Peak,Weekday
T20210020680,2021-10-12,12:00:00,4,Collision with a fixed object,2,Tuesday,173,RIGHT OFF CARRIAGEWAY INTO OBJECT/PARKED VEHICLE,1,738690,Not at intersection,2,100,Arterial Other,BRIDGEWATER-SERPENTINE,LODDON,-36.486862,143.95935,2021,10,October,12,Midday,Weekday
T20210020667,2021-10-12,05:00:00,1,Collision with vehicle,2,Tuesday,120,HEAD ON (NOT OVERTAKING),1,698125,Not at intersection,3,100,Arterial Other,FOXHOW,CORANGAMITE,-38.02725,143.55411,2021,10,October,5,Morning Peak,Weekday
T20210020671,2021-10-12,10:20:00,1,Collision with vehicle,2,Tuesday,110,CROSS TRAFFIC(INTERSECTIONS ONLY),1,57571,Cross intersection,2,70,Arterial Highway,NORTH,MONASH,-37.91364,145.12189,2021,10,October,10,Midday,Weekday
T20210020676,2021-10-12,11:15:00,1,Collision with vehicle,2,Tuesday,160,VEHICLE COLLIDES WITH VEHICLE PARKED ON LEFT OF ROAD,1,730925,Not at intersection,3,50,Arterial Other,HOWITT,BALLARAT,-37.53955,143.8263,2021,10,October,11,Midday,Weekday
T20210020793,2021-10-12,06:15:00,1,Collision with vehicle,2,Tuesday,131,LEFT REAR,1,696792,T intersection,3,80,Local Road,BERWICK,YARRA RANGES,-37.961254,145.36118,2021,10,October,6,Morning Peak,Weekday
T20210021114,2021-10-12,09:25:00,1,Collision with vehicle,2,Tuesday,130,REAR END(VEHICLES IN SAME LANE),1,73111,T intersection,3,80,Local Road,MCKIRDYS,MORNINGTON PENINSULA,-38.25288,145.21495,2021,10,October,9,Morning Peak,Weekday
T20210020679,2021-10-12,13:00:00,1,Collision with vehicle,2,Tuesday,110,CROSS TRAFFIC(INTERSECTIONS ONLY),1,42790,Cross intersection,2,60,Arterial Highway,WARRIGAL,KINGSTON,-37.974846,145.07275,2021,10,October,13,Midday,Weekday
T20210020706,2021-10-12,18:30:00,4,Collision with a fixed object,2,Tuesday,175,OFF END OF ROAD/T-INTERSECTION.,2,697870,T intersection,3,50,Local Road,CASTLES,GLEN EIRA,-37.931675,145.04051,2021,10,October,18,Afternoon Peak,Weekday
T20210020683,2021-10-12,12:12:00,1,Collision with vehicle,2,Tuesday,140,U TURN,1,694933,Not at intersection,2,40,Local Road,CARLISLE,PORT PHILLIP,-37.867085,144.9774,2021,10,October,12,Midday,Weekday
T20210020692,2021-10-12,15:15:00,1,Collision with vehicle,2,Tuesday,110,CROSS TRAFFIC(INTERSECTIONS ONLY),1,58095,Cross intersection,3,60,Arterial Highway,MAIN,MILDURA,-34.16651,142.05858,2021,10,October,15,Afternoon Peak,Weekday
T20210020699,2021-10-12,18:03:00,1,Collision with vehicle,2,Tuesday,148,VEHICLE OFF FOOTPATH STRIKES VEH ON CARRIAGEWAY,1,760821,T intersection,2,50,Local Road,KRAMER,CASEY,-38.026974,145.34773,2021,10,October,18,Afternoon Peak,Weekday
T20210020661,2021-10-12,07:30:00,1,Collision with vehicle,2,Tuesday,121,RIGHT THROUGH,2,57482,T intersection,3,60,Arterial Other,CANTERBURY,WHITEHORSE,-37.827988,145.1152,2021,10,October,7,Morning Peak,Weekday
T20210020655,2021-10-12,07:09:00,1,Collision with vehicle,2,Tuesday,160,VEHICLE COLLIDES WITH VEHICLE PARKED ON LEFT OF ROAD,1,696557,Not at intersection,3,50,Local Road,MCARTHURS,HOBSONS BAY,-37.835213,144.8417,2021,10,October,7,Morning Peak,Weekday
T20210020658,2021-10-12,08:08:00,1,Collision with vehicle,2,Tuesday,110,CROSS TRAFFIC(INTERSECTIONS ONLY),1,54854,Cross intersection,3,60,Local Road,ALBERT,BAW BAW,-38.161366,145.93954,2021,10,October,8,Morning Peak,Weekday
T20210020711,2021-10-12,05:30:00,1,Collision with vehicle,2,Tuesday,130,REAR END(VEHICLES IN SAME LANE),5,700506,Not at intersection,2,80,Arterial Other,DUNCANS,WYNDHAM,-37.959126,144.70563,2021,10,October,5,Morning Peak,Weekday
T20210020656,2021-10-12,07:00:00,1,Collision with vehicle,2,Tuesday,111,RIGHT FAR (INTERSECTIONS ONLY),2,1030,Cross intersection,3,60,Arterial Other,WESTERN PORT,MORNINGTON PENINSULA,-38.285446,145.18843,2021,10,October,7,Morning Peak,Weekday
T20210020813,2021-10-12,08:00:00,1,Collision with vehicle,2,Tuesday,133,LANE SIDE SWIPE (VEHICLES IN PARALLEL LANES),1,730932,Not at intersection,2,100,Freeway,WESTERN,MELTON,-37.72163,144.648,2021,10,October,8,Morning Peak,Weekday
T20210020716,2021-10-12,13:17:00,4,Collision with a fixed object,2,Tuesday,171,LEFT OFF CARRIAGEWAY INTO OBJECT/PARKED VEHICLE,1,781390,Not at intersection,3,80,Local Road,TROUPS,MELTON,-37.774223,144.66362,2021,10,October,13,Midday,Weekday
T20210020721,2021-10-12,20:50:00,4,Collision with a fixed object,2,Tuesday,183,OFF LEFT BEND INTO OBJECT/PARKED VEHICLE,5,694971,Not at intersection,2,80,Local Road,DE MOTTS,GOLDEN PLAINS,-37.89193,144.20404,2021,10,October,20,Night,Weekday
T20210020804,2021-10-12,23:00:00,5,collision with some other object,2,Tuesday,166,STRUCK OBJECT ON CARRIAGEWAY,5,695242,Not at intersection,3,50,Local Road,LINDA,BOROONDARA,-37.81988,145.03194,2021,10,October,23,Night,Weekday
T20210020660,2021-10-12,07:44:00,1,Collision with vehicle,2,Tuesday,113,RIGHT NEAR (INTERSECTIONS ONLY),1,46265,T intersection,3,60,Local Road,PATONGA,BRIMBANK,-37.726154,144.76936,2021,10,October,7,Morning Peak,Weekday
T20210021638,2021-10-12,12:50:00,1,Collision with vehicle,2,Tuesday,110,CROSS TRAFFIC(INTERSECTIONS ONLY),1,36490,Cross intersection,3,40,Local Road,BRUNSWICK,YARRA,-37.795364,144.97897,2021,10,October,12,Midday,Weekday
T20210022727,2021-10-12,17:30:00,1,Collision with vehicle,2,Tuesday,132,RIGHT REAR.,1,700142,T intersection,3,80,Arterial Highway,FRANKSTON-DANDENONG,FRANKSTON,-38.118324,145.14912,2021,10,October,17,Afternoon Peak,Weekday
T20210020729,2021-10-12,16:30:00,1,Collision with vehicle,2,Tuesday,130,REAR END(VEHICLES IN SAME LANE),1,703481,Not at intersection,3,60,Arterial Other,HALLAM,CASEY,-38.04069,145.26614,2021,10,October,16,Afternoon Peak,Weekday
T20210020664,2021-10-12,09:30:00,1,Collision with vehicle,2,Tuesday,110,CROSS TRAFFIC(INTERSECTIONS ONLY),1,42935,Cross intersection,2,50,Local Road,BUNDEENA,DANDENONG,-37.99098,145.17221,2021,10,October,9,Morning Peak,Weekday
T20210020783,2021-10-13,20:38:00,4,Collision with a fixed object,3,Wednesday,183,OFF LEFT BEND INTO OBJECT/PARKED VEHICLE,5,698542,Not at intersection,2,100,Local Road,ARTHURS CREEK,WHITTLESEA,-37.570038,145.12614,2021,10,October,20,Night,Weekday
T20210021067,2021-10-13,10:30:00,8,No collision and no object struck,3,Wednesday,174,OUT OF CONTROL ON CARRIAGEWAY (ON STRAIGHT),1,200246,Not at intersection,3,40,Arterial Other,BRIDGE,YARRA,-37.818226,144.99599,2021,10,October,10,Midday,Weekday
T20210022653,2021-10-13,14:30:00,1,Collision with vehicle,3,Wednesday,121,RIGHT THROUGH,1,42927,Cross intersection,3,50,Local Road,LEONARD,DANDENONG,-37.97433,145.17477,2021,10,October,14,Midday,Weekday
T20210020796,2021-10-13,16:10:00,1,Collision with vehicle,3,Wednesday,130,REAR END(VEHICLES IN SAME LANE),1,778584,Not at intersection,3,80,Arterial Other,CRANBOURNE-FRANKSTON,FRANKSTON,-38.150772,145.1948,2021,10,October,16,Afternoon Peak,Weekday
T20210021611,2021-10-13,04:45:00,3,Struck animal,3,Wednesday,167,STRUCK ANIMAL,6,695727,Not at intersection,3,60,Local Road,AITKEN,HUME,-37.580948,144.9157,2021,10,October,4,Late Night,Weekday
T20210020714,2021-10-13,00:51:00,4,Collision with a fixed object,3,Wednesday,183,OFF LEFT BEND INTO OBJECT/PARKED VEHICLE,3,705220,Not at intersection,2,50,Local Road,ELIZABETH,HUME,-37.568043,144.7245,2021,10,October,0,Late Night,Weekday
T20210020723,2021-10-13,08:15:00,1,Collision with vehicle,3,Wednesday,110,CROSS TRAFFIC(INTERSECTIONS ONLY),1,50451,Cross intersection,3,50,Arterial Other,BILLSON STREET -GRAHAM,BASS COAST,-38.606316,145.58858,2021,10,October,8,Morning Peak,Weekday
T20210020725,2021-10-13,10:00:00,1,Collision with vehicle,3,Wednesday,110,CROSS TRAFFIC(INTERSECTIONS ONLY),1,360176,Cross intersection,3,80,Arterial Highway,WEBB,CASEY,-38.025356,145.30515,2021,10,October,10,Midday,Weekday
T20210020730,2021-10-13,11:42:00,4,Collision with a fixed object,3,Wednesday,171,LEFT OFF CARRIAGEWAY INTO OBJECT/PARKED VEHICLE,1,730928,T intersection,2,50,Local Road,QUEENSCLIFF,WHITTLESEA,-37.674297,144.99974,2021,10,October,11,Midday,Weekday
T20210020732,2021-10-13,10:22:00,1,Collision with vehicle,3,Wednesday,121,RIGHT THROUGH,1,41991,T intersection,3,60,Arterial Other,BURWOOD,YARRA RANGES,-37.906532,145.3394,2021,10,October,10,Midday,Weekday
T20210020774,2021-10-13,18:18:00,1,Collision with vehicle,3,Wednesday,130,REAR END(VEHICLES IN SAME LANE),1,699488,Not at intersection,3,60,Arterial Other,WERRIBEE,WYNDHAM,-37.903328,144.6543,2021,10,October,18,Afternoon Peak,Weekday
T20210020759,2021-10-13,16:49:00,1,Collision with vehicle,3,Wednesday,121,RIGHT THROUGH,1,351228,Cross intersection,3,60,Arterial Other,WATTLE,WYNDHAM,-37.898785,144.67006,2021,10,October,16,Afternoon Peak,Weekday
T20210020760,2021-10-13,16:45:00,1,Collision with vehicle,3,Wednesday,116,LEFT NEAR (INTERSECTIONS ONLY),1,43492,T intersection,3,60,Local Road,FOOT,FRANKSTON,-38.154415,145.13202,2021,10,October,16,Afternoon Peak,Weekday
T20210020872,2021-10-13,20:15:00,1,Collision with vehicle,3,Wednesday,113,RIGHT NEAR (INTERSECTIONS ONLY),3,258466,T intersection,3,50,Local Road,ALFRED,YARRA,-37.78579,144.98482,2021,10,October,20,Night,Weekday
T20210020761,2021-10-13,14:10:00,4,Collision with a fixed object,3,Wednesday,171,LEFT OFF CARRIAGEWAY INTO OBJECT/PARKED VEHICLE,1,738692,Not at intersection,2,70,Arterial Other,MAIDSTONE,HOBSONS BAY,-37.849586,144.80898,2021,10,October,14,Midday,Weekday
T20210020772,2021-10-13,15:29:00,1,Collision with vehicle,3,Wednesday,110,CROSS TRAFFIC(INTERSECTIONS ONLY),1,229668,Cross intersection,2,40,Local Road,HERITAGE,CARDINIA,-38.084373,145.47078,2021,10,October,15,Afternoon Peak,Weekday
T20210020750,2021-10-13,16:45:00,1,Collision with vehicle,3,Wednesday,160,VEHICLE COLLIDES WITH VEHICLE PARKED ON LEFT OF ROAD,1,695014,Not at intersection,3,60,Local Road,SUTTON,BAW BAW,-38.152355,145.93613,2021,10,October,16,Afternoon Peak,Weekday
T20210020752,2021-10-13,16:43:00,1,Collision with vehicle,3,Wednesday,130,REAR END(VEHICLES IN SAME LANE),1,694798,Not at intersection,3,60,Local Road,MELBOURNE,WODONGA,-36.11566,146.86984,2021,10,October,16,Afternoon Peak,Weekday
T20210020775,2021-10-13,19:15:00,1,Collision with vehicle,3,Wednesday,147,VEHICLE STRIKES ANOTHER VEH WHILE EMERGING FROM DRIVEWAY,1,696821,Not at intersection,3,70,Arterial Highway,ST KILDA,PORT PHILLIP,-37.858833,144.98355,2021,10,October,19,Night,Weekday
T20210020776,2021-10-13,17:35:00,2,Struck Pedestrian,3,Wednesday,100,PED NEAR SIDE. PED HIT BY VEHICLE FROM THE RIGHT.,1,309683,Cross intersection,3,80,Arterial Other,OSHEA,CASEY,-38.05993,145.33846,2021,10,October,17,Afternoon Peak,Weekday
T20210020718,2021-10-13,06:25:00,1,Collision with vehicle,3,Wednesday,130,REAR END(VEHICLES IN SAME LANE),1,696212,Not at intersection,3,80,Arterial Highway,PRINCES,CASEY,-38.005833,145.26917,2021,10,October,6,Morning Peak,Weekday
T20210020879,2021-10-13,15:00:00,1,Collision with vehicle,3,Wednesday,130,REAR END(VEHICLES IN SAME LANE),1,44079,T intersection,3,60,Local Road,REGENT,DAREBIN,-37.73054,145.00261,2021,10,October,15,Afternoon Peak,Weekday
T20210020722,2021-10-13,07:55:00,1,Collision with vehicle,3,Wednesday,132,RIGHT REAR.,1,694680,Not at intersection,2,80,Local Road,BUNGOWER,MORNINGTON PENINSULA,-38.23401,145.14261,2021,10,October,7,Morning Peak,Weekday
T20210020778,2021-10-13,20:14:00,1,Collision with vehicle,3,Wednesday,130,REAR END(VEHICLES IN SAME LANE),3,703629,Not at intersection,2,60,Freeway,WESTERN RING IN-KEILOR PARK,BRIMBANK,-37.736744,144.85251,2021,10,October,20,Night,Weekday
T20210020781,2021-10-13,21:40:00,2,Struck Pedestrian,3,Wednesday,105,PED WALKING AGAINST TRAFFIC.,5,694639,Cross intersection,1,100,Local Road,NUMURKAH,MOIRA,-35.949524,145.47847,2021,10,October,21,Night,Weekday
T20210022140,2021-10-13,15:20:00,1,Collision with vehicle,3,Wednesday,154,PULLING OUT -REAR END,1,696822,Not at intersection,3,80,Arterial Other,BALNARRING,MORNINGTON PENINSULA,-38.346413,145.10242,2021,10,October,15,Afternoon Peak,Weekday
T20210020782,2021-10-13,20:50:00,4,Collision with a fixed object,3,Wednesday,181,OFF RIGHT BEND INTO OBJECT/PARKED VEHICLE,5,695092,Not at intersection,2,100,Arterial Highway,WIMMERA,WEST WIMMERA,-36.89331,141.57529,2021,10,October,20,Night,Weekday
T20210020754,2021-10-13,15:15:00,1,Collision with vehicle,3,Wednesday,121,RIGHT THROUGH,9,352876,Cross intersection,2,60,Arterial Other,GREENS,DANDENONG,-38.01357,145.20573,2021,10,October,15,Afternoon Peak,Weekday
T20210020755,2021-10-13,15:32:00,2,Struck Pedestrian,3,Wednesday,109,ANY MANOEUVRE INVOLVING PED NOT INCLUDED IN DCAs 100-108.,1,695116,Not at intersection,1,50,Local Road,OLIVIA,CARDINIA,-38.05859,145.46848,2021,10,October,15,Afternoon Peak,Weekday
T20210020812,2021-10-14,12:50:00,6,Vehicle overturned (no collision),4,Thursday,174,OUT OF CONTROL ON CARRIAGEWAY (ON STRAIGHT),1,760767,Not at intersection,2,40,Local Road,KING,STONNINGTON,-37.850185,144.99672,2021,10,October,12,Midday,Weekday
T20210020808,2021-10-14,12:05:00,1,Collision with vehicle,4,Thursday,120,HEAD ON (NOT OVERTAKING),1,702215,Not at intersection,2,60,Arterial Other,GRANGE,GLEN EIRA,-37.903442,145.04411,2021,10,October,12,Midday,Weekday
T20210020806,2021-10-14,08:15:00,2,Struck Pedestrian,4,Thursday,103,PED PLAYING/LYING/WORKING/STANDING ON CARRIAGEWAY.,1,699279,Not at intersection,2,60,Arterial Other,RIVER,SHEPPARTON,-36.60983,145.21593,2021,10,October,8,Morning Peak,Weekday
T20210020805,2021-10-14,07:25:00,1,Collision with vehicle,4,Thursday,160,VEHICLE COLLIDES WITH VEHICLE PARKED ON LEFT OF ROAD,1,696600,Not at intersection,2,50,Local Road,COBBLE,MELTON,-37.71362,144.59006,2021,10,October,7,Morning Peak,Weekday
T20210020801,2021-10-14,08:48:00,1,Collision with vehicle,4,Thursday,173,RIGHT OFF CARRIAGEWAY INTO OBJECT/PARKED VEHICLE,1,695161,Not at intersection,2,80,Freeway,WEST GATE,HOBSONS BAY,-37.82531,144.88147,2021,10,October,8,Morning Peak,Weekday
T20210020794,2021-10-14,11:15:00,2,Struck Pedestrian,4,Thursday,100,PED NEAR SIDE. PED HIT BY VEHICLE FROM THE RIGHT.,1,29595,Cross intersection,2,50,Local Road,CHAPEL,PORT PHILLIP,-37.865322,144.9909,2021,10,October,11,Midday,Weekday
T20210020791,2021-10-14,02:00:00,6,Vehicle overturned (no collision),4,Thursday,170,OFF CARRIAGEWAY TO LEFT,5,781473,Not at intersection,3,100,Arterial Other,GRAHAM,CAMPASPE,-36.298836,144.96687,2021,10,October,2,Late Night,Weekday
T20210020790,2021-10-14,06:19:00,1,Collision with vehicle,4,Thursday,121,RIGHT THROUGH,1,239030,T intersection,2,70,Arterial Highway,SURF COAST,GEELONG,-38.19699,144.34201,2021,10,October,6,Morning Peak,Weekday
T20210020788,2021-10-14,03:59:00,1,Collision with vehicle,4,Thursday,160,VEHICLE COLLIDES WITH VEHICLE PARKED ON LEFT OF ROAD,5,732053,Not at intersection,2,50,Local Road,SHANKLAND,HUME,-37.644115,144.92807,2021,10,October,3,Late Night,Weekday
T20210020784,2021-10-14,00:08:00,1,Collision with vehicle,4,Thursday,130,REAR END(VEHICLES IN SAME LANE),3,702214,T intersection,2,60,Arterial Other,MT ALEXANDER,MOONEE VALLEY,-37.78348,144.93582,2021,10,October,0,Late Night,Weekday
T20210020780,2021-10-14,00:07:00,4,Collision with a fixed object,4,Thursday,173,RIGHT OFF CARRIAGEWAY INTO OBJECT/PARKED VEHICLE,3,704360,Not at intersection,2,100,Freeway,PRINCES,WYNDHAM,-37.899452,144.70543,2021,10,October,0,Late Night,Weekday
T20210021099,2021-10-14,10:00:00,1,Collision with vehicle,4,Thursday,130,REAR END(VEHICLES IN SAME LANE),1,779150,Not at intersection,3,60,Freeway,WESTERN RING IN-WESTERN,BRIMBANK,-37.799957,144.78036,2021,10,October,10,Midday,Weekday
T20210021113,2021-10-14,21:30:00,3,Struck animal,4,Thursday,167,STRUCK ANIMAL,5,696644,Not at intersection,3,100,Local Road,CURDIES-LEICHFIELD,CORANGAMITE,-38.3716,142.96124,2021,10,October,21,Night,Weekday
T20210020941,2021-10-14,11:30:00,1,Collision with vehicle,4,Thursday,140,U TURN,1,696850,Not at intersection,3,60,Local Road,PROXIMITY,BRIMBANK,-37.811146,144.81958,2021,10,October,11,Midday,Weekday
T20210020933,2021-10-14,14:55:00,1,Collision with vehicle,4,Thursday,130,REAR END(VEHICLES IN SAME LANE),1,49203,T intersection,3,50,Arterial Highway,BAIR STREET -KOONWARRA,SOUTH GIPPSLAND,-38.479782,145.94904,2021,10,October,14,Midday,Weekday
T20210024821,2021-10-14,06:30:00,6,Vehicle overturned (no collision),4,Thursday,182,OFF CARRIAGEWAY ON LEFT BEND,2,702216,Not at intersection,3,50,Arterial Other,LYSTERFIELD,KNOX,-37.907246,145.29298,2021,10,October,6,Morning Peak,Weekday
T20210022693,2021-10-14,15:30:00,2,Struck Pedestrian,4,Thursday,102,FAR SIDE. PED HIT BY VEHICLE FROM THE LEFT,1,719995,Not at intersection,2,40,Local Road,OVERLAND,CASEY,-38.020454,145.30482,2021,10,October,15,Afternoon Peak,Weekday
T20210020817,2021-10-14,15:30:00,1,Collision with vehicle,4,Thursday,120,HEAD ON (NOT OVERTAKING),1,695046,Not at intersection,3,50,Local Road,LARA,HUME,-37.66707,144.96758,2021,10,October,15,Afternoon Peak,Weekday
T20210020853,2021-10-14,08:00:00,1,Collision with vehicle,4,Thursday,169,OTHER ON PATH,1,702519,Not at intersection,2,50,Local Road,MINYA,KNOX,-37.90817,145.26012,2021,10,October,8,Morning Peak,Weekday
T20210020850,2021-10-14,23:46:00,1,Collision with vehicle,4,Thursday,160,VEHICLE COLLIDES WITH VEHICLE PARKED ON LEFT OF ROAD,6,702259,Not at intersection,3,50,Local Road,RAYMOND,WYNDHAM,-37.82052,144.8082,2021,10,October,23,Night,Weekday
T20210020842,2021-10-14,15:38:00,1,Collision with vehicle,4,Thursday,121,RIGHT THROUGH,1,227518,T intersection,2,80,Arterial Highway,NUMURKAH,SHEPPARTON,-36.354233,145.40204,2021,10,October,15,Afternoon Peak,Weekday
T20210020841,2021-10-14,16:43:00,1,Collision with vehicle,4,Thursday,130,REAR END(VEHICLES IN SAME LANE),1,771959,Not at intersection,3,80,Freeway,MONASH,DANDENONG,-37.95361,145.21675,2021,10,October,16,Afternoon Peak,Weekday
T20210020837,2021-10-14,16:00:00,1,Collision with vehicle,4,Thursday,130,REAR END(VEHICLES IN SAME LANE),1,695504,Not at intersection,2,100,Freeway,GEELONG RING,GEELONG,-38.1762,144.29396,2021,10,October,16,Afternoon Peak,Weekday
T20210020832,2021-10-14,17:41:00,1,Collision with vehicle,4,Thursday,163,VEHICLE STRIKES DOOR OF PARKED/STATIONARY VEHICLE,1,694800,Not at intersection,2,60,Arterial Highway,NORTH,GLEN EIRA,-37.90395,145.04051,2021,10,October,17,Afternoon Peak,Weekday