ACCIDENT_NO,ACCIDENT_DATE,ACCIDENT_TIME,ACCIDENT_TYPE,ACCIDENT_TYPE_DESC,DAY_OF_WEEK,DAY_WEEK_DESC,DCA_CODE,DCA_DESC,LIGHT_CONDITION,NODE_ID,ROAD_GEOMETRY_DESC,SEVERITY,SPEED_ZONE,RMA,ROAD_NAME,LGA_NAME,LATITUDE,LONGITUDE,YEAR,MONTH,MONTH_NAME,HOUR,TIME_PERIOD,DAY_TYPE
T20210021269,2021-10-14,11:30:00,1,Collision with vehicle,4,Thursday,148,VEHICLE OFF FOOTPATH STRIKES VEH ON CARRIAGEWAY,1,695910,Not at intersection,2,60,Local Road,TODD,MELBOURNE,-37.833992,144.91273,2021,10,October,11,Midday,Weekday
T20210020830,2021-10-14,16:20:00,1,Collision with vehicle,4,Thursday,130,REAR END(VEHICLES IN SAME LANE),1,781471,Not at intersection,3,60,Arterial Highway,BELL,DAREBIN,-37.742935,144.98096,2021,10,October,16,Afternoon Peak,Weekday
T20210020827,2021-10-14,17:30:00,1,Collision with vehicle,4,Thursday,110,CROSS TRAFFIC(INTERSECTIONS ONLY),1,317137,Cross intersection,3,80,Local Road,SEVENTEENTH,MILDURA,-34.228203,142.1205,2021,10,October,17,Afternoon Peak,Weekday
T20210020826,2021-10-14,17:10:00,1,Collision with vehicle,4,Thursday,120,HEAD ON (NOT OVERTAKING),1,698156,Not at intersection,2,70,Arterial Other,ELTHAM-YARRA GLEN,YARRA RANGES,-37.649883,145.35677,2021,10,October,17,Afternoon Peak,Weekday
T20210020825,2021-10-14,17:00:00,1,Collision with vehicle,4,Thursday,130,REAR END(VEHICLES IN SAME LANE),1,696601,Not at intersection,3,100,Freeway,HUME,HUME,-37.59051,144.9482,2021,10,October,17,Afternoon Peak,Weekday
T20210020821,2021-10-14,14:25:00,1,Collision with vehicle,4,Thursday,130,REAR END(VEHICLES IN SAME LANE),1,694974,Not at intersection,3,80,Arterial Other,CLYDE-FIVE WAYS,CASEY,-38.14987,145.32089,2021,10,October,14,Midday,Weekday
T20210020816,2021-10-14,14:30:00,1,Collision with vehicle,4,Thursday,130,REAR END(VEHICLES IN SAME LANE),1,41039,T intersection,3,60,Arterial Other,DORSET,KNOX,-37.869236,145.28523,2021,10,October,14,Midday,Weekday
T20210020891,2021-10-15,15:30:00,1,Collision with vehicle,5,Friday,120,HEAD ON (NOT OVERTAKING),1,694861,Not at intersection,2,80,Local Road,BULLA-DIGGERS REST,HUME,-37.62895,144.77933,2021,10,October,15,Afternoon Peak,Weekday
T20210020876,2021-10-15,13:45:00,2,Struck Pedestrian,5,Friday,109,ANY MANOEUVRE INVOLVING PED NOT INCLUDED IN DCAs 100-108.,1,694972,Not at intersection,3,50,Arterial Other,WATTLETREE,STONNINGTON,-37.862274,145.02756,2021,10,October,13,Midday,Weekday
T20210020871,2021-10-15,13:15:00,1,Collision with vehicle,5,Friday,110,CROSS TRAFFIC(INTERSECTIONS ONLY),1,336613,Multiple intersection,3,70,Freeway,FERNTREE GULLY,MONASH,-37.903133,145.15721,2021,10,October,13,Midday,Weekday
T20210020892,2021-10-15,17:14:00,1,Collision with vehicle,5,Friday,113,RIGHT NEAR (INTERSECTIONS ONLY),1,38129,T intersection,3,40,Arterial Other,UPPER HEIDELBERG,BANYULE,-37.77274,145.04071,2021,10,October,17,Afternoon Peak,Weekday
T20210020863,2021-10-15,10:35:00,1,Collision with vehicle,5,Friday,160,VEHICLE COLLIDES WITH VEHICLE PARKED ON LEFT OF ROAD,1,696006,T intersection,2,50,Local Road,WILSONS,GEELONG,-38.171856,144.39119,2021,10,October,10,Midday,Weekday
T20210020881,2021-10-15,11:00:00,1,Collision with vehicle,5,Friday,121,RIGHT THROUGH,1,22618,T intersection,3,50,Arterial Other,MAIR STREET -MAIR,BALLARAT,-37.560116,143.86111,2021,10,October,11,Midday,Weekday
T20210020877,2021-10-15,09:25:00,1,Collision with vehicle,5,Friday,121,RIGHT THROUGH,1,694967,Not at intersection,2,80,Local Road,OLD CAPE SCHANCK,MORNINGTON PENINSULA,-38.386826,144.90388,2021,10,October,9,Morning Peak,Weekday
T20210020899,2021-10-15,19:00:00,1,Collision with vehicle,5,Friday,110,CROSS TRAFFIC(INTERSECTIONS ONLY),3,29795,Cross intersection,2,60,Non Arterial,HENRY,CARDINIA,-38.086327,145.4721,2021,10,October,19,Night,Weekday
T20210020858,2021-10-15,09:04:00,1,Collision with vehicle,5,Friday,130,REAR END(VEHICLES IN SAME LANE),1,694859,Not at intersection,3,80,Arterial Other,PASCOE VALE,HUME,-37.640755,144.92867,2021,10,October,9,Morning Peak,Weekday
T20210020882,2021-10-15,15:35:00,2,Struck Pedestrian,5,Friday,102,FAR SIDE. PED HIT BY VEHICLE FROM THE LEFT,1,51386,Cross intersection,3,50,Arterial Highway,HEYGARTH STREET -HIGH,CAMPASPE,-36.124588,144.74715,2021,10,October,15,Afternoon Peak,Weekday
T20210020901,2021-10-15,14:27:00,1,Collision with vehicle,5,Friday,137,LEFT TURN SIDESWIPE,1,67563,T intersection,2,40,Local Road,COXS GARDEN,HOBSONS BAY,-37.85903,144.89883,2021,10,October,14,Midday,Weekday
T20210020905,2021-10-15,18:30:00,1,Collision with vehicle,5,Friday,130,REAR END(VEHICLES IN SAME LANE),2,699345,Not at intersection,3,100,Freeway,PRINCES,HOBSONS BAY,-37.83899,144.7975,2021,10,October,18,Afternoon Peak,Weekday
T20210020902,2021-10-15,19:55:00,1,Collision with vehicle,5,Friday,113,RIGHT NEAR (INTERSECTIONS ONLY),3,37327,T intersection,2,60,Arterial Other,NAPOLEON,KNOX,-37.909477,145.27649,2021,10,October,19,Night,Weekday
T20210020908,2021-10-15,21:14:00,4,Collision with a fixed object,5,Friday,181,OFF RIGHT BEND INTO OBJECT/PARKED VEHICLE,3,697114,T intersection,2,50,Local Road,ALAMANDA,WYNDHAM,-37.90357,144.74318,2021,10,October,21,Night,Weekday
T20210020855,2021-10-15,06:45:00,1,Collision with vehicle,5,Friday,116,LEFT NEAR (INTERSECTIONS ONLY),2,49793,T intersection,2,60,Arterial Other,THOMPSON,GEELONG,-38.115135,144.34256,2021,10,October,6,Morning Peak,Weekday
T20210020895,2021-10-15,07:50:00,1,Collision with vehicle,5,Friday,133,LANE SIDE SWIPE (VEHICLES IN PARALLEL LANES),9,696048,Not at intersection,3,60,Local Road,GILBERT,DAREBIN,-37.74365,144.9892,2021,10,October,7,Morning Peak,Weekday
T20210021865,2021-10-15,11:45:00,6,Vehicle overturned (no collision),5,Friday,174,OUT OF CONTROL ON CARRIAGEWAY (ON STRAIGHT),1,785392,Not at intersection,3,60,Arterial Other,WELLS,FRANKSTON,-38.123924,145.13412,2021,10,October,11,Midday,Weekday
T20210022194,2021-10-15,17:30:00,1,Collision with vehicle,5,Friday,110,CROSS TRAFFIC(INTERSECTIONS ONLY),1,73897,Cross intersection,3,60,Local Road,SIMPSON,WARRNAMBOOL,-38.386593,142.5115,2021,10,October,17,Afternoon Peak,Weekday
T20210021109,2021-10-15,14:10:00,1,Collision with vehicle,5,Friday,133,LANE SIDE SWIPE (VEHICLES IN PARALLEL LANES),1,35499,Cross intersection,3,60,Arterial Highway,ST KILDA,PORT PHILLIP,-37.864582,144.9855,2021,10,October,14,Midday,Weekday
T20210021056,2021-10-15,18:30:00,1,Collision with vehicle,5,Friday,116,LEFT NEAR (INTERSECTIONS ONLY),2,54622,T intersection,3,60,Arterial Other,SCENIC,GEELONG,-38.166737,144.31024,2021,10,October,18,Afternoon Peak,Weekday
T20210021088,2021-10-15,16:57:00,2,Struck Pedestrian,5,Friday,104,PED WALKING WITH TRAFFIC,1,776880,Not at intersection,2,100,Local Road,DRYLAKES,MOYNE,-38.374283,142.57268,2021,10,October,16,Afternoon Peak,Weekday
T20210020869,2021-10-15,12:40:00,1,Collision with vehicle,5,Friday,121,RIGHT THROUGH,1,50910,T intersection,3,60,Local Road,FELLTIMBER CREEK,WODONGA,-36.13284,146.84666,2021,10,October,12,Midday,Weekday
T20210021125,2021-10-15,20:10:00,4,Collision with a fixed object,5,Friday,179,OTHER ACCIDENTS-OFF STRAIGHT NOT INCLUDED IN DCAs 170-175,3,759433,Not at intersection,2,40,Arterial Other,HIGH,WHITTLESEA,-37.681965,145.01355,2021,10,October,20,Night,Weekday
T20210021475,2021-10-15,10:00:00,1,Collision with vehicle,5,Friday,131,LEFT REAR,1,42467,Cross intersection,3,60,Arterial Other,WESTALL,DANDENONG,-37.9314,145.14183,2021,10,October,10,Midday,Weekday
T20210020889,2021-10-15,15:45:00,4,Collision with a fixed object,5,Friday,171,LEFT OFF CARRIAGEWAY INTO OBJECT/PARKED VEHICLE,1,694973,Not at intersection,3,100,Arterial Other,PITFIELD-SCARSDALE,GOLDEN PLAINS,-37.701965,143.65573,2021,10,October,15,Afternoon Peak,Weekday
T20210021266,2021-10-15,18:12:00,4,Collision with a fixed object,5,Friday,173,RIGHT OFF CARRIAGEWAY INTO OBJECT/PARKED VEHICLE,2,695506,Not at intersection,3,40,Local Road,MCCRAE,DANDENONG,-37.988003,145.21747,2021,10,October,18,Afternoon Peak,Weekday
T20210020991,2021-10-16,22:17:00,4,Collision with a fixed object,6,Saturday,171,LEFT OFF CARRIAGEWAY INTO OBJECT/PARKED VEHICLE,3,785395,Not at intersection,2,50,Local Road,CYAN,CARDINIA,-38.0755,145.43121,2021,10,October,22,Night,Weekend
T20210021004,2021-10-16,16:18:00,1,Collision with vehicle,6,Saturday,121,RIGHT THROUGH,1,250421,T intersection,3,60,Arterial Other,EASTBOURNE,MORNINGTON PENINSULA,-38.367218,144.87967,2021,10,October,16,Afternoon Peak,Weekend
T20210021242,2021-10-16,14:55:00,1,Collision with vehicle,6,Saturday,130,REAR END(VEHICLES IN SAME LANE),9,695792,Not at intersection,2,80,Arterial Highway,FRANKSTON-DANDENONG,FRANKSTON,-38.099545,145.17242,2021,10,October,14,Midday,Weekend
T20210020953,2021-10-16,20:37:00,1,Collision with vehicle,6,Saturday,110,CROSS TRAFFIC(INTERSECTIONS ONLY),3,258685,Cross intersection,2,60,Local Road,BUCKLAND,BENDIGO,-36.71773,144.3071,2021,10,October,20,Night,Weekend
T20210020939,2021-10-16,13:40:00,1,Collision with vehicle,6,Saturday,160,VEHICLE COLLIDES WITH VEHICLE PARKED ON LEFT OF ROAD,1,695162,Not at intersection,2,50,Local Road,STATION,WHITTLESEA,-37.660404,145.02075,2021,10,October,13,Midday,Weekend
T20210022472,2021-10-16,17:25:00,1,Collision with vehicle,6,Saturday,153,CUTTING IN (OVERTAKING),1,730967,Not at intersection,3,60,Arterial Highway,HOPKINS,WARRNAMBOOL,-38.3685,142.49332,2021,10,October,17,Afternoon Peak,Weekend
T20210020959,2021-10-16,23:20:00,7,Fall from or in moving vehicle,6,Saturday,190,FELL IN/FROM VEHICLE,5,696685,Not at intersection,2,100,Local Road,LANDING,SOUTH GIPPSLAND,-38.681015,146.22304,2021,10,October,23,Night,Weekend
T20210020931,2021-10-16,12:13:00,1,Collision with vehicle,6,Saturday,121,RIGHT THROUGH,1,260158,Not at intersection,3,60,Arterial Other,COBURNS,MELTON,-37.68635,144.56778,2021,10,October,12,Midday,Weekend
T20210020949,2021-10-16,17:20:00,1,Collision with vehicle,6,Saturday,121,RIGHT THROUGH,1,40677,Cross intersection,3,60,Arterial Other,STATION,WHITEHORSE,-37.841793,145.12152,2021,10,October,17,Afternoon Peak,Weekend
T20210021190,2021-10-16,22:30:00,8,No collision and no object struck,6,Saturday,174,OUT OF CONTROL ON CARRIAGEWAY (ON STRAIGHT),3,698939,Not at intersection,2,50,Local Road,REDAN,PORT PHILLIP,-37.859734,144.98857,2021,10,October,22,Night,Weekend
T20210020934,2021-10-16,11:54:00,1,Collision with vehicle,6,Saturday,140,U TURN,1,300649,Not at intersection,3,50,Arterial Highway,POINT NEPEAN,MORNINGTON PENINSULA,-38.32987,144.9707,2021,10,October,11,Midday,Weekend
T20210020935,2021-10-16,11:40:00,2,Struck Pedestrian,6,Saturday,103,PED PLAYING/LYING/WORKING/STANDING ON CARRIAGEWAY.,1,760763,Not at intersection,2,60,Arterial Other,KING,MELBOURNE,-37.80915,144.95232,2021,10,October,11,Midday,Weekend
T20210020936,2021-10-16,13:21:00,4,Collision with a fixed object,6,Saturday,171,LEFT OFF CARRIAGEWAY INTO OBJECT/PARKED VEHICLE,1,695176,Not at intersection,3,60,Local Road,PACKHAM,SHEPPARTON,-36.35816,145.39409,2021,10,October,13,Midday,Weekend
T20210020947,2021-10-16,16:30:00,1,Collision with vehicle,6,Saturday,152,PULLING OUT (OVERTAKING),1,695367,T intersection,3,50,Local Road,KIRKHAM,DANDENONG,-37.997974,145.20216,2021,10,October,16,Afternoon Peak,Weekend
T20210021117,2021-10-16,05:20:00,5,collision with some other object,6,Saturday,166,STRUCK OBJECT ON CARRIAGEWAY,5,695093,Not at intersection,2,80,Local Road,OLD SALE,BAW BAW,-38.10704,146.16058,2021,10,October,5,Morning Peak,Weekend
T20210021104,2021-10-16,15:30:00,6,Vehicle overturned (no collision),6,Saturday,174,OUT OF CONTROL ON CARRIAGEWAY (ON STRAIGHT),1,695169,Not at intersection,3,80,Local Road,HALLSTON,SOUTH GIPPSLAND,-38.377533,146.04913,2021,10,October,15,Afternoon Peak,Weekend
T20210025081,2021-10-16,16:30:00,1,Collision with vehicle,6,Saturday,160,VEHICLE COLLIDES WITH VEHICLE PARKED ON LEFT OF ROAD,1,695786,Not at intersection,2,60,Arterial Other,BEACH,BAYSIDE,-37.99332,145.04065,2021,10,October,16,Afternoon Peak,Weekend
T20210021051,2021-10-16,16:10:00,6,Vehicle overturned (no collision),6,Saturday,182,OFF CARRIAGEWAY ON LEFT BEND,1,697082,Not at intersection,3,100,Arterial Other,STANLEY,INDIGO,-36.37503,146.73143,2021,10,October,16,Afternoon Peak,Weekend
T20210021958,2021-10-16,12:45:00,1,Collision with vehicle,6,Saturday,121,RIGHT THROUGH,1,43319,Cross intersection,3,60,Arterial Other,MCLEOD ROAD -STATION,KINGSTON,-38.076363,145.1232,2021,10,October,12,Midday,Weekend
T20210020932,2021-10-16,12:30:00,1,Collision with vehicle,6,Saturday,130,REAR END(VEHICLES IN SAME LANE),1,698006,Not at intersection,3,50,Arterial Other,PRINCES,BAW BAW,-38.1367,145.85823,2021,10,October,12,Midday,Weekend
T20210020988,2021-10-17,14:15:00,1,Collision with vehicle,7,Sunday,147,VEHICLE STRIKES ANOTHER VEH WHILE EMERGING FROM DRIVEWAY,1,695018,Not at intersection,3,60,Arterial Other,MEMORIAL,WHITTLESEA,-37.64466,145.02689,2021,10,October,14,Midday,Weekend
T20210020986,2021-10-17,14:19:00,4,Collision with a fixed object,7,Sunday,171,LEFT OFF CARRIAGEWAY INTO OBJECT/PARKED VEHICLE,1,695164,Not at intersection,3,50,Local Road,WINGARA,MOONEE VALLEY,-37.730236,144.86775,2021,10,October,14,Midday,Weekend
T20210020983,2021-10-17,12:42:00,4,Collision with a fixed object,7,Sunday,183,OFF LEFT BEND INTO OBJECT/PARKED VEHICLE,1,704688,Not at intersection,2,60,Arterial Other,JACKSONS,DANDENONG,-37.954914,145.19075,2021,10,October,12,Midday,Weekend
T20210020978,2021-10-17,10:40:00,1,Collision with vehicle,7,Sunday,148,VEHICLE OFF FOOTPATH STRIKES VEH ON CARRIAGEWAY,1,37424,T intersection,2,60,Arterial Other,BEACONSFIELD,PORT PHILLIP,-37.84484,144.94235,2021,10,October,10,Midday,Weekend
T20210020974,2021-10-17,08:56:00,8,No collision and no object struck,7,Sunday,170,OFF CARRIAGEWAY TO LEFT,1,705424,Not at intersection,2,100,Local Road,MINHAMITE-CARAMUT,MOYNE,-37.974487,142.44478,2021,10,October,8,Morning Peak,Weekend
T20210021022,2021-10-17,17:30:00,8,No collision and no object struck,7,Sunday,180,OFF CARRIAGEWAY ON RIGHT BEND,1,695245,Cross intersection,3,100,Local Road,MACGREGOR,CAMPASPE,-36.34198,144.79561,2021,10,October,17,Afternoon Peak,Weekend
T20210020972,2021-10-17,10:30:00,1,Collision with vehicle,7,Sunday,130,REAR END(VEHICLES IN SAME LANE),1,694936,Not at intersection,2,50,Local Road,BANYULE,BANYULE,-37.739433,145.10516,2021,10,October,10,Midday,Weekend
T20210021697,2021-10-17,14:30:00,1,Collision with vehicle,7,Sunday,137,LEFT TURN SIDESWIPE,1,781489,Not at intersection,3,60,Arterial Other,HEIDELBERG,DAREBIN,-37.784245,145.01137,2021,10,October,14,Midday,Weekend
T20210020960,2021-10-17,01:49:00,1,Collision with vehicle,7,Sunday,171,LEFT OFF CARRIAGEWAY INTO OBJECT/PARKED VEHICLE,3,698851,Not at intersection,2,60,Arterial Other,MILLERS,HOBSONS BAY,-37.860615,144.84172,2021,10,October,1,Late Night,Weekend
T20210020969,2021-10-17,10:00:00,5,collision with some other object,7,Sunday,165,TEMPORARY ROADWORKS,1,694935,Not at intersection,2,60,Arterial Other,HYDE,HOBSONS BAY,-37.82717,144.89493,2021,10,October,10,Midday,Weekend
T20210025173,2021-10-17,11:30:00,1,Collision with vehicle,7,Sunday,134,LANE CHANGE RIGHT (NOT OVERTAKING),1,707551,Not at intersection,3,40,Local Road,FRANKLIN,MELBOURNE,-37.809128,144.95607,2021,10,October,11,Midday,Weekend
T20210021040,2021-10-17,21:03:00,6,Vehicle overturned (no collision),7,Sunday,174,OUT OF CONTROL ON CARRIAGEWAY (ON STRAIGHT),3,704753,Not at intersection,3,50,Local Road,MACISAAC,SHEPPARTON,-36.379074,145.35046,2021,10,October,21,Night,Weekend
T20210020973,2021-10-17,10:00:00,4,Collision with a fixed object,7,Sunday,171,LEFT OFF CARRIAGEWAY INTO OBJECT/PARKED VEHICLE,1,695021,Not at intersection,3,60,Local Road,WOORALLA,MORNINGTON PENINSULA,-38.212685,145.09094,2021,10,October,10,Midday,Weekend
T20210021123,2021-10-17,20:40:00,1,Collision with vehicle,7,Sunday,110,CROSS TRAFFIC(INTERSECTIONS ONLY),3,54501,Cross intersection,3,60,Arterial Other,BEACONSFIELD,PORT PHILLIP,-37.85869,144.96964,2021,10,October,20,Night,Weekend
T20210021025,2021-10-17,17:20:00,3,Struck animal,7,Sunday,167,STRUCK ANIMAL,9,759670,Not at intersection,2,60,Local Road,THE ESPLANADE,SURF COAST,-38.323395,144.33067,2021,10,October,17,Afternoon Peak,Weekend
T20210021124,2021-10-17,14:30:00,6,Vehicle overturned (no collision),7,Sunday,174,OUT OF CONTROL ON CARRIAGEWAY (ON STRAIGHT),1,695198,Not at intersection,3,80,Local Road,OLD DARLIMURLA,SOUTH GIPPSLAND,-38.391434,146.19415,2021,10,October,14,Midday,Weekend
T20210021013,2021-10-17,23:10:00,1,Collision with vehicle,7,Sunday,160,VEHICLE COLLIDES WITH VEHICLE PARKED ON LEFT OF ROAD,3,699064,Not at intersection,3,60,Arterial Highway,MARONG,BENDIGO,-36.758675,144.2557,2021,10,October,23,Night,Weekend
T20210021008,2021-10-17,16:22:00,1,Collision with vehicle,7,Sunday,152,PULLING OUT (OVERTAKING),1,47767,T intersection,2,50,Local Road,FREEMAN,HUME,-37.654343,144.96011,2021,10,October,16,Afternoon Peak,Weekend
T20210021006,2021-10-17,16:00:00,1,Collision with vehicle,7,Sunday,141,U TURN INTO FIXED OBJECT/PARKED VEHICLE,1,697115,Not at intersection,3,50,Local Road,ELLA,MELTON,-37.667023,144.59494,2021,10,October,16,Afternoon Peak,Weekend
T20210021085,2021-10-17,20:57:00,1,Collision with vehicle,7,Sunday,121,RIGHT THROUGH,3,229963,Cross intersection,3,60,Arterial Other,SAYERS,WYNDHAM,-37.852726,144.73128,2021,10,October,20,Night,Weekend
T20210020999,2021-10-17,18:30:00,4,Collision with a fixed object,7,Sunday,171,LEFT OFF CARRIAGEWAY INTO OBJECT/PARKED VEHICLE,1,697967,Not at intersection,2,60,Local Road,OVERTON LEA,BRIMBANK,-37.702232,144.76448,2021,10,October,18,Afternoon Peak,Weekend
T20210024225,2021-10-17,14:30:00,1,Collision with vehicle,7,Sunday,130,REAR END(VEHICLES IN SAME LANE),9,45547,Cross intersection,3,50,Arterial Other,MELVILLE,MORELAND,-37.75867,144.94485,2021,10,October,14,Midday,Weekend
T20210021003,2021-10-17,14:00:00,1,Collision with vehicle,7,Sunday,120,HEAD ON (NOT OVERTAKING),1,698518,Not at intersection,2,100,Arterial Other,LAVERS HILL-COBDEN,CORANGAMITE,-38.43315,143.18872,2021,10,October,14,Midday,Weekend
T20210022635,2021-10-17,12:40:00,1,Collision with vehicle,7,Sunday,130,REAR END(VEHICLES IN SAME LANE),1,730971,Not at intersection,3,60,Arterial Other,WONGA,MAROONDAH,-37.77539,145.24892,2021,10,October,12,Midday,Weekend
T20210020990,2021-10-17,14:29:00,4,Collision with a fixed object,7,Sunday,171,LEFT OFF CARRIAGEWAY INTO OBJECT/PARKED VEHICLE,1,698496,Not at intersection,2,60,Arterial Other,DALTON,WHITTLESEA,-37.66146,145.0309,2021,10,October,14,Midday,Weekend
T20210020967,2021-10-17,05:00:00,4,Collision with a fixed object,7,Sunday,183,OFF LEFT BEND INTO OBJECT/PARKED VEHICLE,5,697965,Not at intersection,3,100,Local Road,WAPPENTAKE,BENDIGO,-36.928013,144.78055,2021,10,October,5,Morning Peak,Weekend
T20210021000,2021-10-17,18:25:00,4,Collision with a fixed object,7,Sunday,173,RIGHT OFF CARRIAGEWAY INTO OBJECT/PARKED VEHICLE,1,706188,Not at intersection,3,60,Arterial Other,ST KILDA,PORT PHILLIP,-37.8519,144.98125,2021,10,October,18,Afternoon Peak,Weekend
T20210020998,2021-10-17,18:05:00,1,Collision with vehicle,7,Sunday,130,REAR END(VEHICLES IN SAME LANE),1,730937,T intersection,3,80,Arterial Other,THOMPSON,FRANKSTON,-38.069138,145.17021,2021,10,October,18,Afternoon Peak,Weekend
T20210020996,2021-10-17,18:25:00,2,Struck Pedestrian,7,Sunday,109,ANY MANOEUVRE INVOLVING PED NOT INCLUDED IN DCAs 100-108.,1,698450,Not at intersection,3,50,Local Road,DOROTHY,GEELONG,-38.18665,144.47067,2021,10,October,18,Afternoon Peak,Weekend
T20210021053,2021-10-17,14:45:00,6,Vehicle overturned (no collision),7,Sunday,170,OFF CARRIAGEWAY TO LEFT,1,695019,Not at intersection,3,100,Arterial Highway,CALDER,BENDIGO,-36.89234,144.21597,2021,10,October,14,Midday,Weekend
T20210020995,2021-10-17,19:00:00,1,Collision with vehicle,7,Sunday,110,CROSS TRAFFIC(INTERSECTIONS ONLY),1,39313,Cross intersection,3,60,Arterial Other,STATION,WHITEHORSE,-37.810455,145.12537,2021,10,October,19,Night,Weekend
T20210020993,2021-10-17,16:10:00,1,Collision with vehicle,7,Sunday,121,RIGHT THROUGH,1,35388,T intersection,3,80,Arterial Other,WESTALL,KINGSTON,-37.979908,145.14267,2021,10,October,16,Afternoon Peak,Weekend
T20210021045,2021-10-18,13:32:00,4,Collision with a fixed object,1,Monday,171,LEFT OFF CARRIAGEWAY INTO OBJECT/PARKED VEHICLE,1,759225,Not at intersection,2,80,Local Road,MOUNT COTTRELL,MELTON,-37.75264,144.61209,2021,10,October,13,Midday,Weekday
T20210021083,2021-10-18,22:22:00,1,Collision with vehicle,1,Monday,110,CROSS TRAFFIC(INTERSECTIONS ONLY),3,38041,Cross intersection,2,60,Arterial Other,STATION,DAREBIN,-37.77171,145.01935,2021,10,October,22,Night,Weekday
T20210021081,2021-10-18,20:20:00,4,Collision with a fixed object,1,Monday,181,OFF RIGHT BEND INTO OBJECT/PARKED VEHICLE,5,695167,Not at intersection,3,100,Local Road,RYANS,YARRA RANGES,-37.940475,145.32936,2021,10,October,20,Night,Weekday
T20210021042,2021-10-18,12:30:00,1,Collision with vehicle,1,Monday,148,VEHICLE OFF FOOTPATH STRIKES VEH ON CARRIAGEWAY,1,695774,Not at intersection,2,50,Local Road,FOREST,WHITEHORSE,-37.832203,145.1657,2021,10,October,12,Midday,Weekday
T20210024276,2021-10-18,16:30:00,1,Collision with vehicle,1,Monday,110,CROSS TRAFFIC(INTERSECTIONS ONLY),1,698263,Cross intersection,3,60,Arterial Highway,MICHAEL,BENDIGO,-36.757877,144.29541,2021,10,October,16,Afternoon Peak,Weekday
T20210021041,2021-10-18,12:20:00,1,Collision with vehicle,1,Monday,110,CROSS TRAFFIC(INTERSECTIONS ONLY),1,282607,Cross intersection,2,50,Local Road,GARDENIA,HORSHAM,-36.71956,142.1929,2021,10,October,12,Midday,Weekday
T20210021039,2021-10-18,11:18:00,1,Collision with vehicle,1,Monday,141,U TURN INTO FIXED OBJECT/PARKED VEHICLE,1,759226,Not at intersection,2,50,Local Road,EAST ESPLANADE,BRIMBANK,-37.74399,144.7998,2021,10,October,11,Midday,Weekday
T20210021037,2021-10-18,07:30:00,1,Collision with vehicle,1,Monday,121,RIGHT THROUGH,1,36113,T intersection,3,70,Arterial Other,DYNON,MELBOURNE,-37.803085,144.92915,2021,10,October,7,Morning Peak,Weekday
T20210021033,2021-10-18,10:53:00,1,Collision with vehicle,1,Monday,113,RIGHT NEAR (INTERSECTIONS ONLY),1,41062,T intersection,2,60,Local Road,ARCADIA,KNOX,-37.85221,145.3009,2021,10,October,10,Midday,Weekday
T20210021030,2021-10-18,10:33:00,2,Struck Pedestrian,1,Monday,102,FAR SIDE. PED HIT BY VEHICLE FROM THE LEFT,1,759350,Cross intersection,2,60,Arterial Other,EYRE STREET -GRANT,BALLARAT,-37.566063,143.8554,2021,10,October,10,Midday,Weekday
T20210021596,2021-10-18,12:00:00,1,Collision with vehicle,1,Monday,110,CROSS TRAFFIC(INTERSECTIONS ONLY),1,67459,Cross intersection,3,60,Local Road,DAWSON,EAST GIPPSLAND,-37.827972,147.61632,2021,10,October,12,Midday,Weekday
T20210021018,2021-10-18,05:55:00,2,Struck Pedestrian,1,Monday,100,PED NEAR SIDE. PED HIT BY VEHICLE FROM THE RIGHT.,3,696376,Not at intersection,2,70,Arterial Highway,LATROBE,GEELONG,-38.146866,144.35286,2021,10,October,5,Morning Peak,Weekday
T20210021065,2021-10-18,17:30:00,1,Collision with vehicle,1,Monday,119,OTHER ADJACENT (INTERSECTIONS ONLY),1,696050,T intersection,2,50,Local Road,ROBERTS,MORELAND,-37.76634,144.9823,2021,10,October,17,Afternoon Peak,Weekday
T20210021017,2021-10-18,06:34:00,1,Collision with vehicle,1,Monday,121,RIGHT THROUGH,1,223351,Cross intersection,3,80,Arterial Highway,FRANKSTON-DANDENONG,FRANKSTON,-38.10538,145.16788,2021,10,October,6,Morning Peak,Weekday
T20210021016,2021-10-18,06:00:00,1,Collision with vehicle,1,Monday,120,HEAD ON (NOT OVERTAKING),1,695023,Not at intersection,2,60,Arterial Highway,BALLARAT,MARIBYRNONG,-37.79489,144.90363,2021,10,October,6,Morning Peak,Weekday
T20210021071,2021-10-18,13:22:00,1,Collision with vehicle,1,Monday,111,RIGHT FAR (INTERSECTIONS ONLY),1,38532,Cross intersection,2,60,Local Road,GLENGALA,BRIMBANK,-37.78842,144.82458,2021,10,October,13,Midday,Weekday
T20210021052,2021-10-18,09:10:00,1,Collision with vehicle,1,Monday,132,RIGHT REAR.,1,54888,T intersection,3,60,Arterial Other,GEELONG,BALLARAT,-37.599545,143.86812,2021,10,October,9,Morning Peak,Weekday
T20210021080,2021-10-18,04:29:00,4,Collision with a fixed object,1,Monday,173,RIGHT OFF CARRIAGEWAY INTO OBJECT/PARKED VEHICLE,5,702934,Not at intersection,3,80,Local Road,BAWTREE,GEELONG,-38.20111,144.49019,2021,10,October,4,Late Night,Weekday