ACCIDENT_NO,ACCIDENT_DATE,ACCIDENT_TIME,ACCIDENT_TYPE,ACCIDENT_TYPE_DESC,DAY_OF_WEEK,DAY_WEEK_DESC,DCA_CODE,DCA_DESC,LIGHT_CONDITION,NODE_ID,ROAD_GEOMETRY_DESC,SEVERITY,SPEED_ZONE,RMA,ROAD_NAME,LGA_NAME,LATITUDE,LONGITUDE,YEAR,MONTH,MONTH_NAME,HOUR,TIME_PERIOD,DAY_TYPE
T20210024205,2021-10-18,13:00:00,1,Collision with vehicle,1,Monday,133,LANE SIDE SWIPE (VEHICLES IN PARALLEL LANES),1,41556,T intersection,3,60,Arterial Highway,WARRIGAL,STONNINGTON,-37.8905,145.08867,2021,10,October,13,Midday,Weekday
T20210021727,2021-10-18,06:55:00,1,Collision with vehicle,1,Monday,130,REAR END(VEHICLES IN SAME LANE),1,696180,Not at intersection,3,100,Freeway,MONASH,DANDENONG,-37.94955,145.21048,2021,10,October,6,Morning Peak,Weekday
T20210021074,2021-10-18,19:35:00,1,Collision with vehicle,1,Monday,134,LANE CHANGE RIGHT (NOT OVERTAKING),2,695246,Not at intersection,3,80,Freeway,WEST GATE,MELBOURNE,-37.825665,144.93802,2021,10,October,19,Night,Weekday
T20210021180,2021-10-19,18:20:00,1,Collision with vehicle,2,Tuesday,121,RIGHT THROUGH,9,37793,T intersection,3,60,Arterial Other,NICHOLSON,MORELAND,-37.74626,144.97742,2021,10,October,18,Afternoon Peak,Weekday
T20210021102,2021-10-19,06:45:00,1,Collision with vehicle,2,Tuesday,110,CROSS TRAFFIC(INTERSECTIONS ONLY),1,51165,Cross intersection,3,100,Local Road,DHURRINGILE,SHEPPARTON,-36.48421,145.24103,2021,10,October,6,Morning Peak,Weekday
T20210021136,2021-10-19,17:15:00,1,Collision with vehicle,2,Tuesday,147,VEHICLE STRIKES ANOTHER VEH WHILE EMERGING FROM DRIVEWAY,1,695202,Not at intersection,2,60,Local Road,BOUNDARY,FRANKSTON,-38.085026,145.17592,2021,10,October,17,Afternoon Peak,Weekday
T20210021140,2021-10-19,18:38:00,1,Collision with vehicle,2,Tuesday,110,CROSS TRAFFIC(INTERSECTIONS ONLY),1,39313,Cross intersection,2,60,Arterial Other,STATION,WHITEHORSE,-37.810455,145.12537,2021,10,October,18,Afternoon Peak,Weekday
T20210021115,2021-10-19,12:09:00,1,Collision with vehicle,2,Tuesday,121,RIGHT THROUGH,1,351029,T intersection,3,80,Arterial Other,CLYDE,CASEY,-38.05561,145.33904,2021,10,October,12,Midday,Weekday
T20220003299,2021-10-19,21:00:00,3,Struck animal,2,Tuesday,167,STRUCK ANIMAL,5,707216,Y intersection,3,60,Local Road,WHITELAWS,LATROBE,-38.40088,146.36194,2021,10,October,21,Night,Weekday
T20210021110,2021-10-19,08:25:00,2,Struck Pedestrian,2,Tuesday,100,PED NEAR SIDE. PED HIT BY VEHICLE FROM THE RIGHT.,1,698298,Not at intersection,2,30,Local Road,WILLIAM,MELBOURNE,-37.81259,144.95682,2021,10,October,8,Morning Peak,Weekday
T20210021225,2021-10-19,11:30:00,1,Collision with vehicle,2,Tuesday,140,U TURN,1,700106,Not at intersection,3,60,Arterial Other,PASCOE VALE,MORELAND,-37.72569,144.92284,2021,10,October,11,Midday,Weekday
T20210021121,2021-10-19,13:20:00,1,Collision with vehicle,2,Tuesday,135,LANE CHANGE LEFT (NOT OVERTAKING),1,698544,Not at intersection,3,80,Freeway,WEST GATE,MARIBYRNONG,-37.82453,144.87473,2021,10,October,13,Midday,Weekday
T20210021143,2021-10-19,13:30:00,2,Struck Pedestrian,2,Tuesday,100,PED NEAR SIDE. PED HIT BY VEHICLE FROM THE RIGHT.,9,696603,Not at intersection,3,50,Local Road,CYPRESS,HOBSONS BAY,-37.82266,144.84535,2021,10,October,13,Midday,Weekday
T20210021146,2021-10-19,19:07:00,2,Struck Pedestrian,2,Tuesday,100,PED NEAR SIDE. PED HIT BY VEHICLE FROM THE RIGHT.,1,700335,Not at intersection,2,60,Arterial Other,CENTRE,KINGSTON,-37.925846,145.0973,2021,10,October,19,Night,Weekday
T20210023872,2021-10-19,08:51:00,1,Collision with vehicle,2,Tuesday,113,RIGHT NEAR (INTERSECTIONS ONLY),1,71595,Cross intersection,3,40,Local Road,DAWSON,WELLINGTON,-38.095543,147.0845,2021,10,October,8,Morning Peak,Weekday
T20210021132,2021-10-19,16:00:00,1,Collision with vehicle,2,Tuesday,129,OTHER OPPOSING MANOEUVRES NOT INCLUDED IN DCAs 120-125.,1,695170,Not at intersection,2,60,Arterial Other,EDITHVALE,KINGSTON,-38.038376,145.10956,2021,10,October,16,Afternoon Peak,Weekday
T20210021148,2021-10-19,14:00:00,1,Collision with vehicle,2,Tuesday,113,RIGHT NEAR (INTERSECTIONS ONLY),1,38555,T intersection,2,60,Arterial Other,WRIGHT,BRIMBANK,-37.796364,144.83423,2021,10,October,14,Midday,Weekday
T20210021134,2021-10-19,16:53:00,1,Collision with vehicle,2,Tuesday,130,REAR END(VEHICLES IN SAME LANE),1,695681,Not at intersection,3,80,Arterial Other,PRINCES,CARDINIA,-38.065105,145.46547,2021,10,October,16,Afternoon Peak,Weekday
T20210021149,2021-10-19,16:38:00,4,Collision with a fixed object,2,Tuesday,171,LEFT OFF CARRIAGEWAY INTO OBJECT/PARKED VEHICLE,1,697542,Not at intersection,2,100,Local Road,SUGARLOAF,ARARAT,-37.181553,142.82466,2021,10,October,16,Afternoon Peak,Weekday
T20210021150,2021-10-19,21:19:00,2,Struck Pedestrian,2,Tuesday,109,ANY MANOEUVRE INVOLVING PED NOT INCLUDED IN DCAs 100-108.,3,696991,Not at intersection,2,60,Local Road,LOUGHNAN,MAROONDAH,-37.80536,145.228,2021,10,October,21,Night,Weekday
T20210021097,2021-10-19,07:50:00,1,Collision with vehicle,2,Tuesday,120,HEAD ON (NOT OVERTAKING),1,707698,Not at intersection,2,70,Local Road,LEAKES,WYNDHAM,-37.833424,144.68332,2021,10,October,7,Morning Peak,Weekday
T20210021091,2021-10-19,05:50:00,1,Collision with vehicle,2,Tuesday,111,RIGHT FAR (INTERSECTIONS ONLY),2,258685,Cross intersection,3,60,Local Road,BUCKLAND,BENDIGO,-36.71773,144.3071,2021,10,October,5,Morning Peak,Weekday
T20210023710,2021-10-19,18:03:00,1,Collision with vehicle,2,Tuesday,134,LANE CHANGE RIGHT (NOT OVERTAKING),1,697923,Not at intersection,3,60,Local Road,ROXBURGH PARK,HUME,-37.621346,144.9242,2021,10,October,18,Afternoon Peak,Weekday
T20210021135,2021-10-19,14:05:00,1,Collision with vehicle,2,Tuesday,113,RIGHT NEAR (INTERSECTIONS ONLY),1,39935,T intersection,3,60,Arterial Other,MILLERS,HOBSONS BAY,-37.835827,144.84747,2021,10,October,14,Midday,Weekday
T20210023738,2021-10-19,15:50:00,1,Collision with vehicle,2,Tuesday,111,RIGHT FAR (INTERSECTIONS ONLY),1,700146,T intersection,3,60,Local Road,REID,MORNINGTON PENINSULA,-38.31606,145.18564,2021,10,October,15,Afternoon Peak,Weekday
T20210021147,2021-10-19,19:47:00,1,Collision with vehicle,2,Tuesday,135,LANE CHANGE LEFT (NOT OVERTAKING),3,696604,Not at intersection,3,70,Arterial Other,BALLARAT,BRIMBANK,-37.769745,144.77115,2021,10,October,19,Night,Weekday
T20220000710,2021-10-20,19:15:00,1,Collision with vehicle,3,Wednesday,130,REAR END(VEHICLES IN SAME LANE),1,701874,Not at intersection,3,60,Arterial Other,EPPING,WHITTLESEA,-37.63004,145.0276,2021,10,October,19,Night,Weekday
T20210021209,2021-10-20,18:55:00,1,Collision with vehicle,3,Wednesday,134,LANE CHANGE RIGHT (NOT OVERTAKING),1,698994,Not at intersection,3,100,Freeway,METROPOLITAN RING,WHITTLESEA,-37.690033,144.97864,2021,10,October,18,Afternoon Peak,Weekday
T20210021204,2021-10-20,17:00:00,1,Collision with vehicle,3,Wednesday,110,CROSS TRAFFIC(INTERSECTIONS ONLY),1,51551,Cross intersection,3,60,Local Road,MCDOWALLS,BENDIGO,-36.74315,144.31946,2021,10,October,17,Afternoon Peak,Weekday
T20210021201,2021-10-20,17:48:00,1,Collision with vehicle,3,Wednesday,111,RIGHT FAR (INTERSECTIONS ONLY),1,37128,T intersection,2,70,Arterial Other,SOMERTON,HUME,-37.639442,144.91948,2021,10,October,17,Afternoon Peak,Weekday
T20210021199,2021-10-20,17:25:00,4,Collision with a fixed object,3,Wednesday,171,LEFT OFF CARRIAGEWAY INTO OBJECT/PARKED VEHICLE,1,710112,Not at intersection,3,60,Arterial Highway,WHITEHORSE ROAD SERVICE,WHITEHORSE,-37.816765,145.20631,2021,10,October,17,Afternoon Peak,Weekday
T20210021193,2021-10-20,15:50:00,1,Collision with vehicle,3,Wednesday,113,RIGHT NEAR (INTERSECTIONS ONLY),1,319603,T intersection,2,100,Arterial Other,ELMORE-MITIAMO,BENDIGO,-36.486774,144.59872,2021,10,October,15,Afternoon Peak,Weekday
T20210021338,2021-10-20,17:10:00,1,Collision with vehicle,3,Wednesday,113,RIGHT NEAR (INTERSECTIONS ONLY),1,38243,T intersection,2,50,Local Road,ANDERSON,BANYULE,-37.749317,145.07881,2021,10,October,17,Afternoon Peak,Weekday
T20210021191,2021-10-20,16:10:00,1,Collision with vehicle,3,Wednesday,130,REAR END(VEHICLES IN SAME LANE),1,53089,T intersection,2,60,Arterial Highway,HERTFORD,BALLARAT,-37.586967,143.82848,2021,10,October,16,Afternoon Peak,Weekday
T20210021189,2021-10-20,14:00:00,4,Collision with a fixed object,3,Wednesday,181,OFF RIGHT BEND INTO OBJECT/PARKED VEHICLE,1,713583,Not at intersection,3,80,Local Road,GHIN GHIN,MURRINDINDI,-37.204945,145.38663,2021,10,October,14,Midday,Weekday
T20210021188,2021-10-20,14:51:00,4,Collision with a fixed object,3,Wednesday,173,RIGHT OFF CARRIAGEWAY INTO OBJECT/PARKED VEHICLE,1,698519,Not at intersection,2,100,Arterial Other,TIMBOON-COLAC,CORANGAMITE,-38.46594,143.00754,2021,10,October,14,Midday,Weekday
T20210021187,2021-10-20,14:45:00,1,Collision with vehicle,3,Wednesday,142,LEAVING PARKING,1,695249,Not at intersection,3,50,Local Road,ABBOTSFORD,YARRA,-37.801865,144.99963,2021,10,October,14,Midday,Weekday
T20210021186,2021-10-20,14:50:00,2,Struck Pedestrian,3,Wednesday,100,PED NEAR SIDE. PED HIT BY VEHICLE FROM THE RIGHT.,1,695682,Not at intersection,2,50,Local Road,STANHOPE,STONNINGTON,-37.859535,145.04066,2021,10,October,14,Midday,Weekday
T20210021184,2021-10-20,14:30:00,2,Struck Pedestrian,3,Wednesday,104,PED WALKING WITH TRAFFIC,1,695279,Not at intersection,3,60,Arterial Other,CENTRE,KINGSTON,-37.926983,145.10635,2021,10,October,14,Midday,Weekday
T20210021176,2021-10-20,13:00:00,4,Collision with a fixed object,3,Wednesday,181,OFF RIGHT BEND INTO OBJECT/PARKED VEHICLE,1,695587,Not at intersection,3,100,Freeway,PRINCES,CARDINIA,-38.06965,145.58644,2021,10,October,13,Midday,Weekday
T20210021172,2021-10-20,10:20:00,1,Collision with vehicle,3,Wednesday,121,RIGHT THROUGH,1,38020,Cross intersection,3,50,Local Road,ROSSMOYNE,DAREBIN,-37.7585,145.0133,2021,10,October,10,Midday,Weekday
T20210021171,2021-10-20,11:45:00,1,Collision with vehicle,3,Wednesday,160,VEHICLE COLLIDES WITH VEHICLE PARKED ON LEFT OF ROAD,1,698821,Not at intersection,3,50,Local Road,FISCHER,SURF COAST,-38.325336,144.32393,2021,10,October,11,Midday,Weekday
T20210021166,2021-10-20,06:30:00,1,Collision with vehicle,3,Wednesday,169,OTHER ON PATH,2,698993,T intersection,3,50,Local Road,WOOD,DAREBIN,-37.734707,145.01654,2021,10,October,6,Morning Peak,Weekday
T20210021278,2021-10-20,15:56:00,1,Collision with vehicle,3,Wednesday,121,RIGHT THROUGH,1,695252,T intersection,3,80,Local Road,FONTEYN,KNOX,-37.876896,145.2208,2021,10,October,15,Afternoon Peak,Weekday
T20210021275,2021-10-20,17:36:00,1,Collision with vehicle,3,Wednesday,148,VEHICLE OFF FOOTPATH STRIKES VEH ON CARRIAGEWAY,1,697747,Not at intersection,3,50,Local Road,ANTHONY,KNOX,-37.919456,145.27098,2021,10,October,17,Afternoon Peak,Weekday
T20210021158,2021-10-20,08:46:00,1,Collision with vehicle,3,Wednesday,110,CROSS TRAFFIC(INTERSECTIONS ONLY),1,42064,Cross intersection,2,50,Local Road,LINACRE,BAYSIDE,-37.943142,145.01091,2021,10,October,8,Morning Peak,Weekday
T20210021155,2021-10-20,06:59:00,1,Collision with vehicle,3,Wednesday,111,RIGHT FAR (INTERSECTIONS ONLY),1,730941,T intersection,2,80,Local Road,RUSSELL,DANDENONG,-37.93987,145.16422,2021,10,October,6,Morning Peak,Weekday
T20210021153,2021-10-20,02:40:00,1,Collision with vehicle,3,Wednesday,130,REAR END(VEHICLES IN SAME LANE),3,696300,Not at intersection,3,40,Freeway,WESTERN RING,HUME,-37.69129,144.96648,2021,10,October,2,Late Night,Weekday
T20210021192,2021-10-20,13:30:00,1,Collision with vehicle,3,Wednesday,130,REAR END(VEHICLES IN SAME LANE),1,698126,Not at intersection,3,60,Arterial Other,BEACH,BAYSIDE,-37.92883,144.99004,2021,10,October,13,Midday,Weekday
T20210021534,2021-10-20,16:45:00,1,Collision with vehicle,3,Wednesday,130,REAR END(VEHICLES IN SAME LANE),1,695512,Not at intersection,3,80,Arterial Highway,FRANKSTON-DANDENONG,FRANKSTON,-38.103928,145.16913,2021,10,October,16,Afternoon Peak,Weekday
T20210021562,2021-10-20,10:10:00,2,Struck Pedestrian,3,Wednesday,100,PED NEAR SIDE. PED HIT BY VEHICLE FROM THE RIGHT.,1,40427,Multiple intersection,3,40,Arterial Other,CAMBERWELL,BOROONDARA,-37.831345,145.05669,2021,10,October,10,Midday,Weekday
T20210022113,2021-10-20,06:03:00,1,Collision with vehicle,3,Wednesday,111,RIGHT FAR (INTERSECTIONS ONLY),2,696692,Cross intersection,3,100,Arterial Other,GRAHAMVALE,SHEPPARTON,-36.34759,145.43184,2021,10,October,6,Morning Peak,Weekday
T20210021513,2021-10-20,16:50:00,1,Collision with vehicle,3,Wednesday,121,RIGHT THROUGH,2,899,Cross intersection,3,80,Arterial Highway,FRANKSTON-DANDENONG,FRANKSTON,-38.08594,145.1834,2021,10,October,16,Afternoon Peak,Weekday
T20210021450,2021-10-20,20:20:00,1,Collision with vehicle,3,Wednesday,135,LANE CHANGE LEFT (NOT OVERTAKING),3,697116,Not at intersection,3,100,Freeway,EASTERN,MANNINGHAM,-37.79484,145.11197,2021,10,October,20,Night,Weekday
T20210021424,2021-10-20,10:18:00,1,Collision with vehicle,3,Wednesday,134,LANE CHANGE RIGHT (NOT OVERTAKING),1,232544,Not at intersection,3,60,Arterial Highway,SOUTH GIPPSLAND,CASEY,-38.105267,145.282,2021,10,October,10,Midday,Weekday
T20210021228,2021-10-20,05:00:00,4,Collision with a fixed object,3,Wednesday,175,OFF END OF ROAD/T-INTERSECTION.,5,696993,T intersection,2,100,Local Road,SALLMANN,HINDMARSH,-36.43487,141.95244,2021,10,October,5,Morning Peak,Weekday
T20210021215,2021-10-20,23:00:00,1,Collision with vehicle,3,Wednesday,110,CROSS TRAFFIC(INTERSECTIONS ONLY),3,695251,Cross intersection,2,80,Arterial Highway,SPRINGVALE,DANDENONG,-37.990963,145.14479,2021,10,October,23,Night,Weekday
T20210021211,2021-10-20,19:30:00,1,Collision with vehicle,3,Wednesday,120,HEAD ON (NOT OVERTAKING),5,697364,Not at intersection,2,50,Local Road,BOUNDARY,BALLARAT,-37.59107,143.90222,2021,10,October,19,Night,Weekday
T20210021316,2021-10-20,06:40:00,1,Collision with vehicle,3,Wednesday,130,REAR END(VEHICLES IN SAME LANE),1,696301,Not at intersection,3,100,Freeway,WESTERN,BRIMBANK,-37.797832,144.76251,2021,10,October,6,Morning Peak,Weekday
T20210026690,2021-10-20,16:45:00,1,Collision with vehicle,3,Wednesday,147,VEHICLE STRIKES ANOTHER VEH WHILE EMERGING FROM DRIVEWAY,1,701441,Not at intersection,3,40,Local Road,HARVEY,YARRA,-37.826164,145.00047,2021,10,October,16,Afternoon Peak,Weekday
T20210023509,2021-10-21,21:30:00,1,Collision with vehicle,4,Thursday,113,RIGHT NEAR (INTERSECTIONS ONLY),6,230046,T intersection,2,50,Local Road,HAYFIELD,HUME,-37.61332,144.91647,2021,10,October,21,Night,Weekday
T20210021339,2021-10-21,16:12:00,1,Collision with vehicle,4,Thursday,130,REAR END(VEHICLES IN SAME LANE),1,697783,Not at intersection,3,60,Arterial Highway,NORTHERN,MITCHELL,-37.42398,144.97855,2021,10,October,16,Afternoon Peak,Weekday
T20210021259,2021-10-21,11:10:00,4,Collision with a fixed object,4,Thursday,181,OFF RIGHT BEND INTO OBJECT/PARKED VEHICLE,1,699038,Not at intersection,3,30,Local Road,RING,SOUTH GIPPSLAND,-39.03083,146.32526,2021,10,October,11,Midday,Weekday
T20210021352,2021-10-21,12:15:00,1,Collision with vehicle,4,Thursday,111,RIGHT FAR (INTERSECTIONS ONLY),9,65375,T intersection,2,50,Local Road,BLACKWOOD,MELBOURNE,-37.80208,144.95409,2021,10,October,12,Midday,Weekday
T20210021256,2021-10-21,13:30:00,1,Collision with vehicle,4,Thursday,121,RIGHT THROUGH,1,295599,T intersection,3,60,Arterial Other,SCORESBY,KNOX,-37.84452,145.2701,2021,10,October,13,Midday,Weekday
T20210021253,2021-10-21,05:40:00,1,Collision with vehicle,4,Thursday,120,HEAD ON (NOT OVERTAKING),5,703445,T intersection,1,60,Local Road,BRAZENOR,BALLARAT,-37.570873,143.81999,2021,10,October,5,Morning Peak,Weekday
T20210021490,2021-10-21,06:00:00,1,Collision with vehicle,4,Thursday,130,REAR END(VEHICLES IN SAME LANE),2,695509,Not at intersection,2,50,Local Road,CLARINDA,MOONEE VALLEY,-37.76276,144.90831,2021,10,October,6,Morning Peak,Weekday
T20210021270,2021-10-21,05:30:00,1,Collision with vehicle,4,Thursday,121,RIGHT THROUGH,2,224077,Cross intersection,3,60,Local Road,ABBOTTS,DANDENONG,-38.034477,145.23463,2021,10,October,5,Morning Peak,Weekday
T20210021272,2021-10-21,08:47:00,1,Collision with vehicle,4,Thursday,140,U TURN,1,695444,Not at intersection,3,60,Arterial Highway,BROOKE,GOLDEN PLAINS,-37.6443,143.68488,2021,10,October,8,Morning Peak,Weekday
T20210021280,2021-10-21,14:16:00,4,Collision with a fixed object,4,Thursday,173,RIGHT OFF CARRIAGEWAY INTO OBJECT/PARKED VEHICLE,1,704048,Not at intersection,1,100,Arterial Highway,HOPKINS,MOYNE,-38.13924,142.70235,2021,10,October,14,Midday,Weekday
T20210021223,2021-10-21,04:52:00,1,Collision with vehicle,4,Thursday,130,REAR END(VEHICLES IN SAME LANE),3,47960,Not at intersection,2,80,Freeway,MONASH,DANDENONG,-37.956573,145.22095,2021,10,October,4,Late Night,Weekday
T20210021287,2021-10-21,17:50:00,1,Collision with vehicle,4,Thursday,135,LANE CHANGE LEFT (NOT OVERTAKING),1,698355,Not at intersection,3,60,Arterial Other,FERRARS,PORT PHILLIP,-37.841938,144.95909,2021,10,October,17,Afternoon Peak,Weekday
T20210021224,2021-10-21,04:16:00,1,Collision with vehicle,4,Thursday,148,VEHICLE OFF FOOTPATH STRIKES VEH ON CARRIAGEWAY,3,697203,T intersection,3,50,Local Road,RACECOURSE,WYNDHAM,-37.902985,144.63954,2021,10,October,4,Late Night,Weekday
T20210021350,2021-10-21,09:50:00,1,Collision with vehicle,4,Thursday,111,RIGHT FAR (INTERSECTIONS ONLY),1,44327,Cross intersection,3,40,Arterial Other,BALLAN ROAD -COTTRELL,WYNDHAM,-37.902905,144.65097,2021,10,October,9,Morning Peak,Weekday
T20210021371,2021-10-21,15:30:00,1,Collision with vehicle,4,Thursday,147,VEHICLE STRIKES ANOTHER VEH WHILE EMERGING FROM DRIVEWAY,1,695620,Not at intersection,2,40,Local Road,ELEANOR,MARIBYRNONG,-37.79244,144.8855,2021,10,October,15,Afternoon Peak,Weekday
T20210021284,2021-10-21,17:36:00,1,Collision with vehicle,4,Thursday,113,RIGHT NEAR (INTERSECTIONS ONLY),1,730985,T intersection,3,50,Local Road,REGENT,MONASH,-37.885624,145.13606,2021,10,October,17,Afternoon Peak,Weekday
T20210021226,2021-10-21,06:50:00,1,Collision with vehicle,4,Thursday,121,RIGHT THROUGH,1,29766,Cross intersection,2,60,Arterial Highway,SOUTH GIPPSLAND,CASEY,-38.113033,145.28279,2021,10,October,6,Morning Peak,Weekday
T20210021236,2021-10-21,09:55:00,1,Collision with vehicle,4,Thursday,121,RIGHT THROUGH,1,260158,T intersection,3,60,Arterial Other,COBURNS,MELTON,-37.68635,144.56778,2021,10,October,9,Morning Peak,Weekday
T20210021296,2021-10-21,15:53:00,1,Collision with vehicle,4,Thursday,121,RIGHT THROUGH,1,45159,Cross intersection,1,60,Arterial Other,MILITARY,MOONEE VALLEY,-37.768425,144.86464,2021,10,October,15,Afternoon Peak,Weekday
T20210021240,2021-10-21,11:00:00,8,No collision and no object struck,4,Thursday,174,OUT OF CONTROL ON CARRIAGEWAY (ON STRAIGHT),1,58511,Y intersection,3,100,Arterial Other,CHILTERN-RUTHERGLEN,INDIGO,-36.089542,146.50374,2021,10,October,11,Midday,Weekday
T20210021297,2021-10-21,17:30:00,1,Collision with vehicle,4,Thursday,160,VEHICLE COLLIDES WITH VEHICLE PARKED ON LEFT OF ROAD,1,695371,Not at intersection,2,50,Local Road,RIVIERA,MOONEE VALLEY,-37.75384,144.87486,2021,10,October,17,Afternoon Peak,Weekday
T20210021298,2021-10-21,06:20:00,1,Collision with vehicle,4,Thursday,130,REAR END(VEHICLES IN SAME LANE),1,730943,Not at intersection,2,80,Freeway,MONASH,MONASH,-37.92201,145.17548,2021,10,October,6,Morning Peak,Weekday
T20210024759,2021-10-21,07:45:00,1,Collision with vehicle,4,Thursday,130,REAR END(VEHICLES IN SAME LANE),1,779291,Not at intersection,3,80,Arterial Other,BERWICK-CRANBOURNE,CASEY,-38.09349,145.33195,2021,10,October,7,Morning Peak,Weekday
T20210021309,2021-10-21,16:00:00,6,Vehicle overturned (no collision),4,Thursday,174,OUT OF CONTROL ON CARRIAGEWAY (ON STRAIGHT),1,695472,Not at intersection,3,50,Local Road,MILITARY,MOONEE VALLEY,-37.75579,144.85928,2021,10,October,16,Afternoon Peak,Weekday
T20210021249,2021-10-21,07:10:00,1,Collision with vehicle,4,Thursday,173,RIGHT OFF CARRIAGEWAY INTO OBJECT/PARKED VEHICLE,1,696793,Not at intersection,3,100,Arterial Other,NORTHERN GRAMPIANS,HORSHAM,-36.88506,142.32257,2021,10,October,7,Morning Peak,Weekday
T20210021283,2021-10-21,17:20:00,2,Struck Pedestrian,4,Thursday,100,PED NEAR SIDE. PED HIT BY VEHICLE FROM THE RIGHT.,1,785399,Not at intersection,2,60,Arterial Other,ESPLANADE,BAYSIDE,-37.915382,144.9871,2021,10,October,17,Afternoon Peak,Weekday
T20210021243,2021-10-21,09:00:00,1,Collision with vehicle,4,Thursday,142,LEAVING PARKING,1,697690,Not at intersection,3,40,Local Road,HARVEST HOME,WHITTLESEA,-37.622616,145.00136,2021,10,October,9,Morning Peak,Weekday
T20210021245,2021-10-21,11:18:00,1,Collision with vehicle,4,Thursday,130,REAR END(VEHICLES IN SAME LANE),1,695505,Not at intersection,3,60,Arterial Other,BAYSWATER,MAROONDAH,-37.80551,145.27203,2021,10,October,11,Midday,Weekday
T20210021248,2021-10-21,12:53:00,1,Collision with vehicle,4,Thursday,159,OTHER OVERTAKING MANOEUVRES NOT INCLUDED IN DCAs 150-154,1,695443,Not at intersection,2,50,Local Road,HERTFORD,BRIMBANK,-37.781998,144.83942,2021,10,October,12,Midday,Weekday
T20210021262,2021-10-21,14:02:00,1,Collision with vehicle,4,Thursday,112,LEFT FAR (INTERSECTIONS ONLY),1,730942,T intersection,3,50,Local Road,KENNEDY,HUME,-37.622017,144.93066,2021,10,October,14,Midday,Weekday
T20210021261,2021-10-21,08:07:00,1,Collision with vehicle,4,Thursday,110,CROSS TRAFFIC(INTERSECTIONS ONLY),1,652271,Cross intersection,3,80,Arterial Highway,CHELTENHAM,DANDENONG,-37.994614,145.1754,2021,10,October,8,Morning Peak,Weekday
T20210021331,2021-10-21,20:00:00,6,Vehicle overturned (no collision),4,Thursday,179,OTHER ACCIDENTS-OFF STRAIGHT NOT INCLUDED IN DCAs 170-175,2,695621,Not at intersection,2,50,Local Road,KINGSCLIFF,GEELONG,-38.240677,144.36258,2021,10,October,20,Night,Weekday
T20210021260,2021-10-21,13:35:00,1,Collision with vehicle,4,Thursday,110,CROSS TRAFFIC(INTERSECTIONS ONLY),1,258688,Cross intersection,3,50,Local Road,APEX,GEELONG,-38.18118,144.33046,2021,10,October,13,Midday,Weekday
T20210021310,2021-10-22,08:45:00,1,Collision with vehicle,5,Friday,121,RIGHT THROUGH,1,277150,Cross intersection,3,100,Local Road,BUNGOWER,MORNINGTON PENINSULA,-38.23078,145.09256,2021,10,October,8,Morning Peak,Weekday
T20210021379,2021-10-22,03:21:00,1,Collision with vehicle,5,Friday,160,VEHICLE COLLIDES WITH VEHICLE PARKED ON LEFT OF ROAD,3,697083,Not at intersection,3,50,Local Road,BRAMPTON,BRIMBANK,-37.720173,144.77222,2021,10,October,3,Late Night,Weekday
T20210022476,2021-10-22,18:30:00,1,Collision with vehicle,5,Friday,110,CROSS TRAFFIC(INTERSECTIONS ONLY),2,52909,Cross intersection,3,60,Arterial Highway,DOVETON,BALLARAT,-37.565903,143.85402,2021,10,October,18,Afternoon Peak,Weekday
T20210021621,2021-10-22,15:46:00,2,Struck Pedestrian,5,Friday,100,PED NEAR SIDE. PED HIT BY VEHICLE FROM THE RIGHT.,1,695689,Y intersection,3,40,Local Road,QUEEN,MORNINGTON PENINSULA,-38.217518,145.03706,2021,10,October,15,Afternoon Peak,Weekday
T20210021382,2021-10-22,23:26:00,2,Struck Pedestrian,5,Friday,102,FAR SIDE. PED HIT BY VEHICLE FROM THE LEFT,3,695308,Cross intersection,2,40,Local Road,LONSDALE,MELBOURNE,-37.81159,144.96465,2021,10,October,23,Night,Weekday
T20210021493,2021-10-22,14:30:00,6,Vehicle overturned (no collision),5,Friday,174,OUT OF CONTROL ON CARRIAGEWAY (ON STRAIGHT),1,695623,Not at intersection,2,60,Arterial Other,CHURCH,YARRA,-37.816036,144.99963,2021,10,October,14,Midday,Weekday
T20210022284,2021-10-22,09:00:00,1,Collision with vehicle,5,Friday,110,CROSS TRAFFIC(INTERSECTIONS ONLY),1,50614,Cross intersection,3,50,Arterial Other,CORANGAMITE,COLAC OTWAY,-38.342125,143.58455,2021,10,October,9,Morning Peak,Weekday
T20210021504,2021-10-22,15:00:00,1,Collision with vehicle,5,Friday,130,REAR END(VEHICLES IN SAME LANE),1,696052,T intersection,2,60,Arterial Other,ORRONG,STONNINGTON,-37.84185,145.01381,2021,10,October,15,Afternoon Peak,Weekday
T20210021395,2021-10-22,22:40:00,4,Collision with a fixed object,5,Friday,173,RIGHT OFF CARRIAGEWAY INTO OBJECT/PARKED VEHICLE,5,701875,Not at intersection,3,100,Local Road,WHARPARILLA,CAMPASPE,-36.106792,144.62971,2021,10,October,22,Night,Weekday
T20210021455,2021-10-22,17:30:00,1,Collision with vehicle,5,Friday,110,CROSS TRAFFIC(INTERSECTIONS ONLY),1,39973,Cross intersection,2,60,Local Road,JUBILEE,HOBSONS BAY,-37.84713,144.86864,2021,10,October,17,Afternoon Peak,Weekday