ACCIDENT_NO,ACCIDENT_DATE,ACCIDENT_TIME,ACCIDENT_TYPE,ACCIDENT_TYPE_DESC,DAY_OF_WEEK,DAY_WEEK_DESC,DCA_CODE,DCA_DESC,LIGHT_CONDITION,NODE_ID,ROAD_GEOMETRY_DESC,SEVERITY,SPEED_ZONE,RMA,ROAD_NAME,LGA_NAME,LATITUDE,LONGITUDE,YEAR,MONTH,MONTH_NAME,HOUR,TIME_PERIOD,DAY_TYPE
T20210021418,2021-10-22,15:50:00,2,Struck Pedestrian,5,Friday,100,PED NEAR SIDE. PED HIT BY VEHICLE FROM THE RIGHT.,1,697204,T intersection,3,50,Local Road,UNION,BAYSIDE,-37.91041,145.02415,2021,10,October,15,Afternoon Peak,Weekday
T20210021335,2021-10-22,13:50:00,4,Collision with a fixed object,5,Friday,173,RIGHT OFF CARRIAGEWAY INTO OBJECT/PARKED VEHICLE,1,695823,Not at intersection,3,100,Local Road,OLD SYDNEY,MITCHELL,-37.43009,144.9439,2021,10,October,13,Midday,Weekday
T20210022198,2021-10-22,13:05:00,1,Collision with vehicle,5,Friday,120,HEAD ON (NOT OVERTAKING),1,698160,Not at intersection,2,60,Arterial Other,ACHERON,YARRA RANGES,-37.710243,145.71075,2021,10,October,13,Midday,Weekday
T20210022592,2021-10-22,12:00:00,1,Collision with vehicle,5,Friday,130,REAR END(VEHICLES IN SAME LANE),1,739832,Not at intersection,3,100,Freeway,WEST GATE,HOBSONS BAY,-37.82538,144.88712,2021,10,October,12,Midday,Weekday
T20220005823,2021-10-22,15:30:00,1,Collision with vehicle,5,Friday,121,RIGHT THROUGH,1,278622,T intersection,3,60,Local Road,OHERNS,WHITTLESEA,-37.63635,145.0148,2021,10,October,15,Afternoon Peak,Weekday
T20210022503,2021-10-22,17:20:00,1,Collision with vehicle,5,Friday,132,RIGHT REAR.,1,267112,T intersection,3,60,Arterial Other,YORK,YARRA RANGES,-37.79604,145.37575,2021,10,October,17,Afternoon Peak,Weekday
T20210021308,2021-10-22,08:50:00,1,Collision with vehicle,5,Friday,132,RIGHT REAR.,1,44791,Cross intersection,2,50,Arterial Highway,BAILLIE,HORSHAM,-36.711765,142.20227,2021,10,October,8,Morning Peak,Weekday
T20210021315,2021-10-22,08:03:00,6,Vehicle overturned (no collision),5,Friday,170,OFF CARRIAGEWAY TO LEFT,1,695372,Not at intersection,3,80,Arterial Highway,PRINCES,GEELONG,-38.06866,144.37697,2021,10,October,8,Morning Peak,Weekday
T20210021317,2021-10-22,08:13:00,1,Collision with vehicle,5,Friday,120,HEAD ON (NOT OVERTAKING),1,773129,Not at intersection,3,100,Local Road,RIPPONHURST,MOYNE,-38.00769,142.12082,2021,10,October,8,Morning Peak,Weekday
T20210021322,2021-10-22,10:50:00,1,Collision with vehicle,5,Friday,160,VEHICLE COLLIDES WITH VEHICLE PARKED ON LEFT OF ROAD,1,695507,T intersection,2,40,Local Road,LAKESIDE,PORT PHILLIP,-37.837433,144.96768,2021,10,October,10,Midday,Weekday
T20210021324,2021-10-22,07:52:00,1,Collision with vehicle,5,Friday,130,REAR END(VEHICLES IN SAME LANE),1,779956,Not at intersection,3,60,Local Road,SINCLAIRS,MELTON,-37.737106,144.70699,2021,10,October,7,Morning Peak,Weekday
T20210021325,2021-10-22,11:30:00,1,Collision with vehicle,5,Friday,147,VEHICLE STRIKES ANOTHER VEH WHILE EMERGING FROM DRIVEWAY,1,44738,T intersection,3,60,Arterial Other,THE CIRCUIT,BANYULE,-37.702854,145.10086,2021,10,October,11,Midday,Weekday
T20210021327,2021-10-22,11:02:00,1,Collision with vehicle,5,Friday,160,VEHICLE COLLIDES WITH VEHICLE PARKED ON LEFT OF ROAD,1,696119,Not at intersection,2,50,Local Road,CARDINIA,CASEY,-38.037663,145.3655,2021,10,October,11,Midday,Weekday
T20210021332,2021-10-22,09:09:00,1,Collision with vehicle,5,Friday,132,RIGHT REAR.,1,698409,T intersection,2,50,Local Road,ARMYTAGE,GEELONG,-38.068363,144.3733,2021,10,October,9,Morning Peak,Weekday
T20210021333,2021-10-22,09:45:00,1,Collision with vehicle,5,Friday,152,PULLING OUT (OVERTAKING),1,702935,Not at intersection,2,80,Arterial Other,THOMPSONS,CASEY,-38.08133,145.26915,2021,10,October,9,Morning Peak,Weekday
T20210021336,2021-10-22,13:24:00,4,Collision with a fixed object,5,Friday,173,RIGHT OFF CARRIAGEWAY INTO OBJECT/PARKED VEHICLE,1,695630,Not at intersection,3,60,Arterial Other,SWANSEA,YARRA RANGES,-37.763042,145.35808,2021,10,October,13,Midday,Weekday
T20210021340,2021-10-22,13:15:00,1,Collision with vehicle,5,Friday,110,CROSS TRAFFIC(INTERSECTIONS ONLY),1,52882,Cross intersection,3,60,Local Road,DANA,BALLARAT,-37.56313,143.84856,2021,10,October,13,Midday,Weekday
T20210021341,2021-10-22,11:40:00,1,Collision with vehicle,5,Friday,121,RIGHT THROUGH,1,50064,Cross intersection,3,50,Local Road,BALLIANG,GEELONG,-38.16278,144.36209,2021,10,October,11,Midday,Weekday
T20210021353,2021-10-22,16:30:00,1,Collision with vehicle,5,Friday,121,RIGHT THROUGH,1,695306,Not at intersection,3,80,Arterial Highway,SOUTH GIPPSLAND,CASEY,-38.084797,145.27774,2021,10,October,16,Afternoon Peak,Weekday
T20210021354,2021-10-22,17:06:00,2,Struck Pedestrian,5,Friday,102,FAR SIDE. PED HIT BY VEHICLE FROM THE LEFT,1,43320,Cross intersection,3,40,Local Road,VALETTA,KINGSTON,-38.07805,145.12564,2021,10,October,17,Afternoon Peak,Weekday
T20210021356,2021-10-22,18:00:00,1,Collision with vehicle,5,Friday,110,CROSS TRAFFIC(INTERSECTIONS ONLY),1,695373,Cross intersection,2,50,Local Road,NORTHSIDE,WHITTLESEA,-37.61813,145.0188,2021,10,October,18,Afternoon Peak,Weekday
T20210021358,2021-10-22,15:56:00,1,Collision with vehicle,5,Friday,130,REAR END(VEHICLES IN SAME LANE),1,703167,Not at intersection,3,80,Arterial Highway,PRINCES,WELLINGTON,-38.106133,146.90475,2021,10,October,15,Afternoon Peak,Weekday
T20210021930,2021-10-22,19:45:00,1,Collision with vehicle,5,Friday,131,LEFT REAR,3,696176,Not at intersection,3,60,Arterial Highway,NORTH,GLEN EIRA,-37.90448,145.04364,2021,10,October,19,Night,Weekday
T20210021364,2021-10-22,18:07:00,6,Vehicle overturned (no collision),5,Friday,172,OFF CARRIAGEWAY TO RIGHT,1,695508,Cross intersection,2,50,Local Road,SUNSET VIEWS,WYNDHAM,-37.841652,144.69565,2021,10,October,18,Afternoon Peak,Weekday
T20210021366,2021-10-22,16:45:00,1,Collision with vehicle,5,Friday,113,RIGHT NEAR (INTERSECTIONS ONLY),1,22749,T intersection,2,100,Arterial Highway,MIDLAND,BALLARAT,-37.653328,143.90118,2021,10,October,16,Afternoon Peak,Weekday
T20210021372,2021-10-22,18:30:00,1,Collision with vehicle,5,Friday,130,REAR END(VEHICLES IN SAME LANE),1,699105,Not at intersection,3,80,Arterial Highway,PHILLIP ISLAND,BASS COAST,-38.48209,145.25279,2021,10,October,18,Afternoon Peak,Weekday
T20210021462,2021-10-22,11:30:00,1,Collision with vehicle,5,Friday,130,REAR END(VEHICLES IN SAME LANE),9,730984,Not at intersection,3,60,Arterial Other,BULLA,HUME,-37.632748,144.80136,2021,10,October,11,Midday,Weekday
T20210021373,2021-10-22,17:55:00,4,Collision with a fixed object,5,Friday,181,OFF RIGHT BEND INTO OBJECT/PARKED VEHICLE,1,695288,Not at intersection,1,100,Arterial Other,TRENTHAM,MACEDON RANGES,-37.313835,144.40883,2021,10,October,17,Afternoon Peak,Weekday
T20210021376,2021-10-22,21:53:00,1,Collision with vehicle,5,Friday,116,LEFT NEAR (INTERSECTIONS ONLY),3,36858,Cross intersection,2,60,Arterial Other,CLARENDON,MELBOURNE,-37.825348,144.95705,2021,10,October,21,Night,Weekday
T20210021377,2021-10-22,20:30:00,1,Collision with vehicle,5,Friday,121,RIGHT THROUGH,3,35339,T intersection,3,70,Arterial Other,EDGARS,WHITTLESEA,-37.672535,145.00171,2021,10,October,20,Night,Weekday
T20210021381,2021-10-23,00:10:00,1,Collision with vehicle,6,Saturday,121,RIGHT THROUGH,3,29377,Cross intersection,2,60,Arterial Other,KING,MELBOURNE,-37.805504,144.94865,2021,10,October,0,Late Night,Weekend
T20210021583,2021-10-23,12:00:00,8,No collision and no object struck,6,Saturday,174,OUT OF CONTROL ON CARRIAGEWAY (ON STRAIGHT),1,696122,Not at intersection,3,80,Arterial Other,BOGONG HIGH PLAINS,ALPINE,-36.776306,147.21548,2021,10,October,12,Midday,Weekend
T20210021415,2021-10-23,09:45:00,1,Collision with vehicle,6,Saturday,113,RIGHT NEAR (INTERSECTIONS ONLY),1,289107,Multiple intersection,3,60,Freeway,LEAKES,MELTON,-37.725754,144.65128,2021,10,October,9,Morning Peak,Weekend
T20210021459,2021-10-23,22:04:00,1,Collision with vehicle,6,Saturday,111,RIGHT FAR (INTERSECTIONS ONLY),3,36829,T intersection,3,40,Arterial Other,SPENCER,MELBOURNE,-37.81612,144.95279,2021,10,October,22,Night,Weekend
T20220020276,2021-10-23,12:10:00,4,Collision with a fixed object,6,Saturday,171,LEFT OFF CARRIAGEWAY INTO OBJECT/PARKED VEHICLE,1,724362,Not at intersection,2,50,Local Road,GRACEDALE,MAROONDAH,-37.82709,145.26163,2021,10,October,12,Midday,Weekend
T20210021426,2021-10-23,17:00:00,6,Vehicle overturned (no collision),6,Saturday,174,OUT OF CONTROL ON CARRIAGEWAY (ON STRAIGHT),1,705150,T intersection,2,40,Local Road,JACARANDA,CARDINIA,-38.08721,145.46931,2021,10,October,17,Afternoon Peak,Weekend
T20210021427,2021-10-23,17:10:00,1,Collision with vehicle,6,Saturday,130,REAR END(VEHICLES IN SAME LANE),1,695685,Not at intersection,2,50,Local Road,KOORNANG,GLEN EIRA,-37.90346,145.05435,2021,10,October,17,Afternoon Peak,Weekend
T20210021428,2021-10-23,09:30:00,1,Collision with vehicle,6,Saturday,130,REAR END(VEHICLES IN SAME LANE),1,695356,Not at intersection,1,100,Local Road,LUCYVALE,TOWONG,-36.281456,147.62117,2021,10,October,9,Morning Peak,Weekend
T20210021433,2021-10-23,20:45:00,1,Collision with vehicle,6,Saturday,133,LANE SIDE SWIPE (VEHICLES IN PARALLEL LANES),3,695542,Not at intersection,3,80,Local Road,ANDERSONS,GEELONG,-38.187527,144.56873,2021,10,October,20,Night,Weekend
T20210021442,2021-10-23,23:11:00,1,Collision with vehicle,6,Saturday,169,OTHER ON PATH,3,700572,Not at intersection,3,50,Local Road,MAYFIELD,MORELAND,-37.77397,144.95055,2021,10,October,23,Night,Weekend
T20210021443,2021-10-23,17:16:00,4,Collision with a fixed object,6,Saturday,181,OFF RIGHT BEND INTO OBJECT/PARKED VEHICLE,1,695513,Not at intersection,1,60,Local Road,BAYVIEW,MORNINGTON PENINSULA,-38.367313,144.9148,2021,10,October,17,Afternoon Peak,Weekend
T20210022101,2021-10-23,09:10:00,4,Collision with a fixed object,6,Saturday,171,LEFT OFF CARRIAGEWAY INTO OBJECT/PARKED VEHICLE,1,697748,Not at intersection,2,80,Local Road,WORSLEY,DANDENONG,-38.053665,145.18423,2021,10,October,9,Morning Peak,Weekend
T20210021588,2021-10-23,11:50:00,1,Collision with vehicle,6,Saturday,110,CROSS TRAFFIC(INTERSECTIONS ONLY),1,695592,Cross intersection,2,80,Arterial Highway,MIDLAND,GOLDEN PLAINS,-37.964752,144.13954,2021,10,October,11,Midday,Weekend
T20210021519,2021-10-23,15:00:00,1,Collision with vehicle,6,Saturday,132,RIGHT REAR.,1,698357,T intersection,3,70,Arterial Other,HEIDELBERG-WARRANDYTE,MANNINGHAM,-37.74924,145.19658,2021,10,October,15,Afternoon Peak,Weekend
T20210022949,2021-10-23,22:00:00,2,Struck Pedestrian,6,Saturday,104,PED WALKING WITH TRAFFIC,6,701013,Not at intersection,3,50,Local Road,CARDIGAN,MELBOURNE,-37.796677,144.96613,2021,10,October,22,Night,Weekend
T20210021454,2021-10-23,22:42:00,1,Collision with vehicle,6,Saturday,130,REAR END(VEHICLES IN SAME LANE),3,770974,Not at intersection,3,80,Arterial Other,LEARMONTH,BALLARAT,-37.516605,143.80344,2021,10,October,22,Night,Weekend
T20210022748,2021-10-23,18:33:00,1,Collision with vehicle,6,Saturday,110,CROSS TRAFFIC(INTERSECTIONS ONLY),1,36854,Cross intersection,3,50,Local Road,HOTHAM,CASEY,-38.100723,145.28996,2021,10,October,18,Afternoon Peak,Weekend
T20210021383,2021-10-23,00:30:00,4,Collision with a fixed object,6,Saturday,181,OFF RIGHT BEND INTO OBJECT/PARKED VEHICLE,5,695309,Not at intersection,2,100,Local Road,CAMPBELL,MACEDON RANGES,-37.476376,144.63774,2021,10,October,0,Late Night,Weekend
T20210021388,2021-10-23,05:20:00,1,Collision with vehicle,6,Saturday,120,HEAD ON (NOT OVERTAKING),3,696120,T intersection,2,80,Local Road,DAVIS,WYNDHAM,-37.824295,144.6553,2021,10,October,5,Morning Peak,Weekend
T20210021401,2021-10-23,10:25:00,4,Collision with a fixed object,6,Saturday,183,OFF LEFT BEND INTO OBJECT/PARKED VEHICLE,1,176909,Not at intersection,3,100,Arterial Highway,SOUTH GIPPSLAND,SOUTH GIPPSLAND,-38.59791,146.1178,2021,10,October,10,Midday,Weekend
T20210021404,2021-10-23,12:56:00,1,Collision with vehicle,6,Saturday,121,RIGHT THROUGH,1,37740,T intersection,2,60,Arterial Other,ALEXANDRA,STONNINGTON,-37.83532,145.00574,2021,10,October,12,Midday,Weekend
T20210021406,2021-10-23,13:30:00,2,Struck Pedestrian,6,Saturday,100,PED NEAR SIDE. PED HIT BY VEHICLE FROM THE RIGHT.,1,696529,Not at intersection,1,40,Local Road,HITCHCOCK,GEELONG,-38.28159,144.49168,2021,10,October,13,Midday,Weekend
T20210021407,2021-10-23,12:28:00,2,Struck Pedestrian,6,Saturday,101,PED EMERGES FROM IN FRONT OF PARKED OR STATIONARY VEHICLE,1,695544,Not at intersection,3,60,Arterial Other,GAFFNEY,MORELAND,-37.7303,144.92767,2021,10,October,12,Midday,Weekend
T20210021410,2021-10-23,13:25:00,1,Collision with vehicle,6,Saturday,121,RIGHT THROUGH,1,361,T intersection,3,60,Arterial Other,HIGH,DAREBIN,-37.696342,145.01118,2021,10,October,13,Midday,Weekend
T20210021412,2021-10-23,12:00:00,6,Vehicle overturned (no collision),6,Saturday,180,OFF CARRIAGEWAY ON RIGHT BEND,1,697894,Not at intersection,2,80,Arterial Other,MANSFIELD-WHITFIELD,WANGARATTA,-36.877316,146.3195,2021,10,October,12,Midday,Weekend
T20210021413,2021-10-23,12:09:00,2,Struck Pedestrian,6,Saturday,103,PED PLAYING/LYING/WORKING/STANDING ON CARRIAGEWAY.,1,724415,Not at intersection,2,50,Local Road,GRACEDALE,MAROONDAH,-37.827717,145.26157,2021,10,October,12,Midday,Weekend
T20220003287,2021-10-23,08:30:00,1,Collision with vehicle,6,Saturday,133,LANE SIDE SWIPE (VEHICLES IN PARALLEL LANES),1,704671,T intersection,3,80,Arterial Other,COOPER,WHITTLESEA,-37.648506,144.99463,2021,10,October,8,Morning Peak,Weekend
T20210021501,2021-10-23,17:20:00,6,Vehicle overturned (no collision),6,Saturday,174,OUT OF CONTROL ON CARRIAGEWAY (ON STRAIGHT),1,695696,Not at intersection,2,60,Arterial Other,FITZGERALD,BRIMBANK,-37.80163,144.78902,2021,10,October,17,Afternoon Peak,Weekend
T20210021685,2021-10-23,13:00:00,1,Collision with vehicle,6,Saturday,111,RIGHT FAR (INTERSECTIONS ONLY),1,52514,Cross intersection,3,60,Arterial Other,ELEVENTH,MILDURA,-34.197777,142.16722,2021,10,October,13,Midday,Weekend
T20210021468,2021-10-24,13:15:00,1,Collision with vehicle,7,Sunday,116,LEFT NEAR (INTERSECTIONS ONLY),1,35737,Cross intersection,3,80,Arterial Other,CRANBOURNE,CASEY,-38.065277,145.29912,2021,10,October,13,Midday,Weekend
T20210021469,2021-10-24,16:00:00,1,Collision with vehicle,7,Sunday,135,LANE CHANGE LEFT (NOT OVERTAKING),1,175049,Not at intersection,3,60,Arterial Highway,PRINCES,LATROBE,-38.19828,146.53737,2021,10,October,16,Afternoon Peak,Weekend
T20210021471,2021-10-24,15:30:00,7,Fall from or in moving vehicle,7,Sunday,190,FELL IN/FROM VEHICLE,1,54501,Cross intersection,3,60,Arterial Other,BEACONSFIELD,PORT PHILLIP,-37.85869,144.96964,2021,10,October,15,Afternoon Peak,Weekend
T20210021474,2021-10-24,17:00:00,4,Collision with a fixed object,7,Sunday,181,OFF RIGHT BEND INTO OBJECT/PARKED VEHICLE,1,704583,Not at intersection,3,100,Arterial Highway,MURRAY VALLEY,SWAN HILL,-35.420265,143.59996,2021,10,October,17,Afternoon Peak,Weekend
T20210021476,2021-10-24,16:30:00,3,Struck animal,7,Sunday,167,STRUCK ANIMAL,1,695624,Not at intersection,2,100,Local Road,13 MILE,WELLINGTON,-38.29649,146.91089,2021,10,October,16,Afternoon Peak,Weekend
T20210021481,2021-10-24,18:55:00,4,Collision with a fixed object,7,Sunday,173,RIGHT OFF CARRIAGEWAY INTO OBJECT/PARKED VEHICLE,1,695825,Not at intersection,3,50,Local Road,MAROO,MONASH,-37.88987,145.07803,2021,10,October,18,Afternoon Peak,Weekend
T20210021483,2021-10-24,16:15:00,1,Collision with vehicle,7,Sunday,110,CROSS TRAFFIC(INTERSECTIONS ONLY),1,358547,Cross intersection,2,70,Arterial Other,MAHONEYS,HUME,-37.68964,144.95801,2021,10,October,16,Afternoon Peak,Weekend
T20210021484,2021-10-24,21:10:00,1,Collision with vehicle,7,Sunday,121,RIGHT THROUGH,3,583552,T intersection,3,70,Arterial Other,GALLAGHERS,MONASH,-37.875748,145.17896,2021,10,October,21,Night,Weekend
T20210021502,2021-10-24,11:50:00,6,Vehicle overturned (no collision),7,Sunday,174,OUT OF CONTROL ON CARRIAGEWAY (ON STRAIGHT),1,695777,T intersection,3,100,Local Road,WAIL EAST,HORSHAM,-36.49271,142.11836,2021,10,October,11,Midday,Weekend
T20210021453,2021-10-24,08:25:00,1,Collision with vehicle,7,Sunday,121,RIGHT THROUGH,1,35525,Cross intersection,3,60,Arterial Other,HIGHBURY,MONASH,-37.857563,145.13144,2021,10,October,8,Morning Peak,Weekend
T20210021446,2021-10-24,00:30:00,2,Struck Pedestrian,7,Sunday,100,PED NEAR SIDE. PED HIT BY VEHICLE FROM THE RIGHT.,5,698356,Not at intersection,2,80,Arterial Other,MORNINGTON-TYABB,MORNINGTON PENINSULA,-38.246735,145.10089,2021,10,October,0,Late Night,Weekend
T20210022412,2021-10-24,18:00:00,1,Collision with vehicle,7,Sunday,133,LANE SIDE SWIPE (VEHICLES IN PARALLEL LANES),1,781495,Not at intersection,3,100,Freeway,MORNINGTON PENINSULA,KINGSTON,-38.060596,145.14772,2021,10,October,18,Afternoon Peak,Weekend
T20210021465,2021-10-24,13:15:00,8,No collision and no object struck,7,Sunday,180,OFF CARRIAGEWAY ON RIGHT BEND,1,696530,Not at intersection,3,80,Arterial Other,TAWONGA GAP,ALPINE,-36.7179,147.1318,2021,10,October,13,Midday,Weekend
T20210021445,2021-10-24,01:15:00,1,Collision with vehicle,7,Sunday,110,CROSS TRAFFIC(INTERSECTIONS ONLY),3,36335,Cross intersection,3,60,Arterial Other,CEMETERY,MELBOURNE,-37.79226,144.96838,2021,10,October,1,Late Night,Weekend
T20220000797,2021-10-24,10:30:00,5,collision with some other object,7,Sunday,181,OFF RIGHT BEND INTO OBJECT/PARKED VEHICLE,1,683406,Y intersection,3,60,Local Road,BEENAK,CARDINIA,-37.8995,145.57504,2021,10,October,10,Midday,Weekend
T20210022489,2021-10-24,21:55:00,1,Collision with vehicle,7,Sunday,130,REAR END(VEHICLES IN SAME LANE),3,40427,Multiple intersection,3,60,Arterial Other,CAMBERWELL,BOROONDARA,-37.831345,145.05669,2021,10,October,21,Night,Weekend
T20210021467,2021-10-24,12:30:00,1,Collision with vehicle,7,Sunday,160,VEHICLE COLLIDES WITH VEHICLE PARKED ON LEFT OF ROAD,1,695694,Not at intersection,3,50,Local Road,NELSON,BENDIGO,-36.729534,144.26059,2021,10,October,12,Midday,Weekend
T20210021972,2021-10-24,23:50:00,4,Collision with a fixed object,7,Sunday,183,OFF LEFT BEND INTO OBJECT/PARKED VEHICLE,3,696127,Not at intersection,3,50,Local Road,ALBERT,MELTON,-37.708035,144.56235,2021,10,October,23,Night,Weekend
T20210022490,2021-10-24,01:00:00,4,Collision with a fixed object,7,Sunday,171,LEFT OFF CARRIAGEWAY INTO OBJECT/PARKED VEHICLE,3,701644,Not at intersection,2,80,Arterial Highway,DANDENONG,MONASH,-37.90087,145.10574,2021,10,October,1,Late Night,Weekend
T20210021726,2021-10-25,07:53:00,1,Collision with vehicle,1,Monday,130,REAR END(VEHICLES IN SAME LANE),2,730951,Not at intersection,3,50,Local Road,OVERPORT,FRANKSTON,-38.16565,145.12526,2021,10,October,7,Morning Peak,Weekday
T20210023777,2021-10-25,17:30:00,2,Struck Pedestrian,1,Monday,103,PED PLAYING/LYING/WORKING/STANDING ON CARRIAGEWAY.,1,697838,Not at intersection,3,60,Local Road,CHURCHILL,ALPINE,-36.73664,146.97647,2021,10,October,17,Afternoon Peak,Weekday
T20210021589,2021-10-25,15:45:00,1,Collision with vehicle,1,Monday,135,LANE CHANGE LEFT (NOT OVERTAKING),1,781498,Not at intersection,3,100,Freeway,MONASH OUT-BLACKBURN,MONASH,-37.893658,145.13954,2021,10,October,15,Afternoon Peak,Weekday
T20210022166,2021-10-25,20:38:00,1,Collision with vehicle,1,Monday,140,U TURN,3,696471,Not at intersection,3,60,Arterial Highway,WHITE,BASS COAST,-38.593437,145.59056,2021,10,October,20,Night,Weekday
T20210021520,2021-10-25,14:30:00,1,Collision with vehicle,1,Monday,110,CROSS TRAFFIC(INTERSECTIONS ONLY),1,22486,Cross intersection,2,100,Arterial Other,BALLARAT-MARYBOROUGH,BALLARAT,-37.400944,143.80255,2021,10,October,14,Midday,Weekday
T20210021526,2021-10-25,15:00:00,2,Struck Pedestrian,1,Monday,103,PED PLAYING/LYING/WORKING/STANDING ON CARRIAGEWAY.,1,698940,T intersection,2,40,Local Road,HARWOOD,MELBOURNE,-37.810673,144.97157,2021,10,October,15,Afternoon Peak,Weekday
T20210021566,2021-10-25,18:40:00,1,Collision with vehicle,1,Monday,130,REAR END(VEHICLES IN SAME LANE),1,778407,Not at intersection,3,30,Freeway,PRINCES,WYNDHAM,-37.906326,144.69586,2021,10,October,18,Afternoon Peak,Weekday
T20210021719,2021-10-25,17:00:00,1,Collision with vehicle,1,Monday,110,CROSS TRAFFIC(INTERSECTIONS ONLY),1,42926,Cross intersection,3,60,Local Road,LEONARD,DANDENONG,-37.973118,145.17502,2021,10,October,17,Afternoon Peak,Weekday
T20210021514,2021-10-25,12:06:00,1,Collision with vehicle,1,Monday,160,VEHICLE COLLIDES WITH VEHICLE PARKED ON LEFT OF ROAD,1,700624,Not at intersection,3,60,Local Road,BARRY,HUME,-37.66787,144.96304,2021,10,October,12,Midday,Weekday
T20210021515,2021-10-25,10:40:00,1,Collision with vehicle,1,Monday,113,RIGHT NEAR (INTERSECTIONS ONLY),1,41762,T intersection,2,80,Arterial Highway,WELLINGTON,MONASH,-37.91727,145.1471,2021,10,October,10,Midday,Weekday
T20210021548,2021-10-25,21:50:00,1,Collision with vehicle,1,Monday,113,RIGHT NEAR (INTERSECTIONS ONLY),3,1109,T intersection,2,50,Arterial Highway,POINT NEPEAN,MORNINGTON PENINSULA,-38.371094,144.82945,2021,10,October,21,Night,Weekday
T20210021559,2021-10-25,13:00:00,1,Collision with vehicle,1,Monday,116,LEFT NEAR (INTERSECTIONS ONLY),1,351578,T intersection,3,60,Arterial Other,FOOT,FRANKSTON,-38.15326,145.13261,2021,10,October,13,Midday,Weekday
T20210021530,2021-10-25,16:49:00,2,Struck Pedestrian,1,Monday,102,FAR SIDE. PED HIT BY VEHICLE FROM THE LEFT,1,697588,Not at intersection,2,50,Local Road,YERRIN,BOROONDARA,-37.813026,145.08408,2021,10,October,16,Afternoon Peak,Weekday
T20210021553,2021-10-25,15:25:00,1,Collision with vehicle,1,Monday,130,REAR END(VEHICLES IN SAME LANE),1,730945,Not at intersection,2,60,Local Road,DEVON,MORELAND,-37.721333,144.92226,2021,10,October,15,Afternoon Peak,Weekday
T20210021531,2021-10-25,15:45:00,1,Collision with vehicle,1,Monday,120,HEAD ON (NOT OVERTAKING),1,704617,Not at intersection,3,100,Arterial Other,KYNETON-TRENTHAM,HEPBURN,-37.3615,144.36343,2021,10,October,15,Afternoon Peak,Weekday
T20210021518,2021-10-25,10:00:00,6,Vehicle overturned (no collision),1,Monday,174,OUT OF CONTROL ON CARRIAGEWAY (ON STRAIGHT),1,695911,Not at intersection,2,50,Local Road,CHAPMAN,MELBOURNE,-37.797462,144.94994,2021,10,October,10,Midday,Weekday
T20210021544,2021-10-25,18:02:00,6,Vehicle overturned (no collision),1,Monday,180,OFF CARRIAGEWAY ON RIGHT BEND,1,696005,Not at intersection,2,50,Local Road,BOHUNS,ALPINE,-36.570637,147.0912,2021,10,October,18,Afternoon Peak,Weekday
T20210021541,2021-10-25,19:07:00,1,Collision with vehicle,1,Monday,119,OTHER ADJACENT (INTERSECTIONS ONLY),1,36460,T intersection,2,50,Local Road,JOHN FAWKNER,CASEY,-37.979202,145.26926,2021,10,October,19,Night,Weekday
T20210021539,2021-10-25,17:30:00,1,Collision with vehicle,1,Monday,148,VEHICLE OFF FOOTPATH STRIKES VEH ON CARRIAGEWAY,1,128,Cross intersection,3,60,Arterial Other,YORK,YARRA RANGES,-37.78689,145.37994,2021,10,October,17,Afternoon Peak,Weekday
T20210021536,2021-10-25,14:27:00,2,Struck Pedestrian,1,Monday,103,PED PLAYING/LYING/WORKING/STANDING ON CARRIAGEWAY.,1,701137,Not at intersection,2,60,Local Road,HUMFFRAY,BALLARAT,-37.554413,143.88364,2021,10,October,14,Midday,Weekday
T20210021533,2021-10-25,17:16:00,8,No collision and no object struck,1,Monday,170,OFF CARRIAGEWAY TO LEFT,1,781497,Not at intersection,3,100,Freeway,EASTERN,BOROONDARA,-37.786972,145.05692,2021,10,October,17,Afternoon Peak,Weekday
T20210022035,2021-10-25,07:45:00,1,Collision with vehicle,1,Monday,132,RIGHT REAR.,9,37076,T intersection,3,80,Arterial Other,KANGAROO GROUND-ST ANDREWS,NILLUMBIK,-37.687954,145.21625,2021,10,October,7,Morning Peak,Weekday
T20220000822,2021-10-25,17:05:00,6,Vehicle overturned (no collision),1,Monday,180,OFF CARRIAGEWAY ON RIGHT BEND,1,702220,Not at intersection,3,60,Arterial Other,BELGRAVE-GEMBROOK,YARRA RANGES,-37.91051,145.38461,2021,10,October,17,Afternoon Peak,Weekday
T20210021508,2021-10-25,10:10:00,1,Collision with vehicle,1,Monday,117,LEFT/RIGHT FAR (INTERSECTIONS ONLY),1,36187,Cross intersection,3,50,Arterial Other,BURWOOD,YARRA RANGES,-37.908356,145.35512,2021,10,October,10,Midday,Weekday
T20210021509,2021-10-25,11:30:00,2,Struck Pedestrian,1,Monday,100,PED NEAR SIDE. PED HIT BY VEHICLE FROM THE RIGHT.,1,45250,Cross intersection,2,60,Arterial Other,BUCKLEY,MOONEE VALLEY,-37.754707,144.89659,2021,10,October,11,Midday,Weekday