ACCIDENT_NO,ACCIDENT_DATE,ACCIDENT_TIME,ACCIDENT_TYPE,ACCIDENT_TYPE_DESC,DAY_OF_WEEK,DAY_WEEK_DESC,DCA_CODE,DCA_DESC,LIGHT_CONDITION,NODE_ID,ROAD_GEOMETRY_DESC,SEVERITY,SPEED_ZONE,RMA,ROAD_NAME,LGA_NAME,LATITUDE,LONGITUDE,YEAR,MONTH,MONTH_NAME,HOUR,TIME_PERIOD,DAY_TYPE
T20210021503,2021-10-25,08:04:00,1,Collision with vehicle,1,Monday,120,HEAD ON (NOT OVERTAKING),1,774299,T intersection,3,70,Local Road,MACCLESFIELD,YARRA RANGES,-37.85013,145.48766,2021,10,October,8,Morning Peak,Weekday
T20210021488,2021-10-25,00:15:00,1,Collision with vehicle,1,Monday,160,VEHICLE COLLIDES WITH VEHICLE PARKED ON LEFT OF ROAD,3,699724,Not at intersection,2,60,Local Road,HEYERS,GEELONG,-38.20765,144.33205,2021,10,October,0,Late Night,Weekday
T20210021599,2021-10-26,15:45:00,1,Collision with vehicle,2,Tuesday,132,RIGHT REAR.,1,46823,T intersection,2,50,Local Road,BROAD GULLY,NILLUMBIK,-37.669434,145.1497,2021,10,October,15,Afternoon Peak,Weekday
T20210021582,2021-10-26,10:30:00,1,Collision with vehicle,2,Tuesday,130,REAR END(VEHICLES IN SAME LANE),1,15147,T intersection,2,80,Arterial Highway,GLENELG,BALLARAT,-37.590294,143.78654,2021,10,October,10,Midday,Weekday
T20210021575,2021-10-26,09:45:00,2,Struck Pedestrian,2,Tuesday,104,PED WALKING WITH TRAFFIC,1,700877,Not at intersection,3,50,Local Road,ENTERPRISE,CASEY,-38.03611,145.3363,2021,10,October,9,Morning Peak,Weekday
T20210021572,2021-10-26,07:48:00,1,Collision with vehicle,2,Tuesday,130,REAR END(VEHICLES IN SAME LANE),1,695780,Not at intersection,2,100,Freeway,SOUTH GIPPSLAND,CASEY,-37.997032,145.25302,2021,10,October,7,Morning Peak,Weekday
T20210021570,2021-10-26,06:00:00,6,Vehicle overturned (no collision),2,Tuesday,174,OUT OF CONTROL ON CARRIAGEWAY (ON STRAIGHT),1,773138,Cross intersection,3,60,Arterial Other,STRATHFIELDSAYE,BENDIGO,-36.801037,144.3463,2021,10,October,6,Morning Peak,Weekday
T20210021565,2021-10-26,07:30:00,1,Collision with vehicle,2,Tuesday,116,LEFT NEAR (INTERSECTIONS ONLY),1,46757,T intersection,3,80,Arterial Other,DIAMOND CREEK,NILLUMBIK,-37.679993,145.1227,2021,10,October,7,Morning Peak,Weekday
T20210021563,2021-10-26,08:13:00,4,Collision with a fixed object,2,Tuesday,173,RIGHT OFF CARRIAGEWAY INTO OBJECT/PARKED VEHICLE,1,776840,T intersection,2,100,Local Road,CLARKES,BENDIGO,-36.413704,144.66266,2021,10,October,8,Morning Peak,Weekday
T20210023354,2021-10-26,10:56:00,8,No collision and no object struck,2,Tuesday,174,OUT OF CONTROL ON CARRIAGEWAY (ON STRAIGHT),1,697303,T intersection,2,50,Local Road,BEDFORD,MAROONDAH,-37.821167,145.24748,2021,10,October,10,Midday,Weekday
T20210021604,2021-10-26,15:55:00,1,Collision with vehicle,2,Tuesday,130,REAR END(VEHICLES IN SAME LANE),1,695688,Not at intersection,2,80,Arterial Highway,RINGWOOD,MAROONDAH,-37.81072,145.2309,2021,10,October,15,Afternoon Peak,Weekday
T20210021555,2021-10-26,08:20:00,1,Collision with vehicle,2,Tuesday,130,REAR END(VEHICLES IN SAME LANE),1,695590,Not at intersection,3,40,Local Road,MERCER,GEELONG,-38.145687,144.35773,2021,10,October,8,Morning Peak,Weekday
T20210021644,2021-10-26,15:30:00,1,Collision with vehicle,2,Tuesday,130,REAR END(VEHICLES IN SAME LANE),1,778413,Not at intersection,3,60,Arterial Highway,CALDER ALTERNATIVE,BENDIGO,-36.799633,144.15927,2021,10,October,15,Afternoon Peak,Weekday
T20210021605,2021-10-26,15:16:00,1,Collision with vehicle,2,Tuesday,130,REAR END(VEHICLES IN SAME LANE),1,224568,Cross intersection,2,80,Arterial Highway,BURWOOD,KNOX,-37.888744,145.29471,2021,10,October,15,Afternoon Peak,Weekday
T20210021642,2021-10-26,20:20:00,1,Collision with vehicle,2,Tuesday,121,RIGHT THROUGH,3,29983,Cross intersection,3,60,Arterial Highway,HIGH,BENDIGO,-36.76712,144.26651,2021,10,October,20,Night,Weekday
T20210022657,2021-10-26,15:00:00,8,No collision and no object struck,2,Tuesday,174,OUT OF CONTROL ON CARRIAGEWAY (ON STRAIGHT),9,696709,Not at intersection,2,40,Local Road,RUPERT,MARIBYRNONG,-37.79842,144.86897,2021,10,October,15,Afternoon Peak,Weekday
T20210021560,2021-10-26,08:26:00,1,Collision with vehicle,2,Tuesday,121,RIGHT THROUGH,1,61279,Cross intersection,3,70,Arterial Other,HIGH,WHITTLESEA,-37.65643,145.02065,2021,10,October,8,Morning Peak,Weekday
T20210023414,2021-10-26,19:45:00,1,Collision with vehicle,2,Tuesday,160,VEHICLE COLLIDES WITH VEHICLE PARKED ON LEFT OF ROAD,2,697749,Not at intersection,3,50,Arterial Other,SOUTH VALLEY,GEELONG,-38.189236,144.31534,2021,10,October,19,Night,Weekday
T20210021587,2021-10-26,13:20:00,1,Collision with vehicle,2,Tuesday,130,REAR END(VEHICLES IN SAME LANE),1,730949,Y intersection,2,60,Arterial Other,CAMPERDOWN-COBDEN,CORANGAMITE,-38.320515,143.08005,2021,10,October,13,Midday,Weekday
T20210021606,2021-10-26,14:40:00,1,Collision with vehicle,2,Tuesday,130,REAR END(VEHICLES IN SAME LANE),1,695725,Not at intersection,2,60,Arterial Highway,WARRIGAL,MONASH,-37.911564,145.0849,2021,10,October,14,Midday,Weekday
T20210023451,2021-10-26,16:41:00,1,Collision with vehicle,2,Tuesday,130,REAR END(VEHICLES IN SAME LANE),1,700226,Not at intersection,3,100,Freeway,MONASH,CASEY,-37.981483,145.24474,2021,10,October,16,Afternoon Peak,Weekday
T20210022247,2021-10-26,15:45:00,1,Collision with vehicle,2,Tuesday,121,RIGHT THROUGH,1,282647,T intersection,3,60,Local Road,BANGHOLME,DANDENONG,-38.034992,145.18678,2021,10,October,15,Afternoon Peak,Weekday
T20210022217,2021-10-26,13:51:00,1,Collision with vehicle,2,Tuesday,130,REAR END(VEHICLES IN SAME LANE),1,773139,Not at intersection,3,100,Freeway,PRINCES,CARDINIA,-38.08672,145.45378,2021,10,October,13,Midday,Weekday
T20210021619,2021-10-26,21:16:00,1,Collision with vehicle,2,Tuesday,160,VEHICLE COLLIDES WITH VEHICLE PARKED ON LEFT OF ROAD,3,697547,Not at intersection,2,40,Local Road,BENDIGO,STONNINGTON,-37.848324,144.99777,2021,10,October,21,Night,Weekday
T20210021618,2021-10-26,18:00:00,1,Collision with vehicle,2,Tuesday,120,HEAD ON (NOT OVERTAKING),1,695794,Not at intersection,2,100,Local Road,HORSHAM-WAL WAL,HORSHAM,-36.811928,142.41371,2021,10,October,18,Afternoon Peak,Weekday
T20210021616,2021-10-26,20:45:00,1,Collision with vehicle,2,Tuesday,111,RIGHT FAR (INTERSECTIONS ONLY),3,29766,Cross intersection,3,60,Arterial Highway,SOUTH GIPPSLAND,CASEY,-38.113033,145.28279,2021,10,October,20,Night,Weekday
T20210021610,2021-10-26,18:50:00,8,No collision and no object struck,2,Tuesday,180,OFF CARRIAGEWAY ON RIGHT BEND,1,695593,Not at intersection,3,80,Arterial Other,KORUMBURRA-WARRAGUL,BAW BAW,-38.294216,145.90228,2021,10,October,18,Afternoon Peak,Weekday
T20210021615,2021-10-26,17:19:00,1,Collision with vehicle,2,Tuesday,121,RIGHT THROUGH,1,697071,T intersection,3,80,Arterial Highway,DANDENONG,MONASH,-37.90915,145.11871,2021,10,October,17,Afternoon Peak,Weekday
T20210021585,2021-10-26,12:36:00,1,Collision with vehicle,2,Tuesday,121,RIGHT THROUGH,1,737017,T intersection,2,50,Local Road,LEAMINGTON,DAREBIN,-37.71127,144.99286,2021,10,October,12,Midday,Weekday
T20230019567,2021-10-26,12:50:00,1,Collision with vehicle,2,Tuesday,121,RIGHT THROUGH,1,278622,T intersection,3,60,Local Road,OHERNS,WHITTLESEA,-37.63635,145.0148,2021,10,October,12,Midday,Weekday
T20210023827,2021-10-26,15:58:00,1,Collision with vehicle,2,Tuesday,130,REAR END(VEHICLES IN SAME LANE),1,698170,T intersection,3,60,Arterial Other,FELLMONGERS,GEELONG,-38.17978,144.37793,2021,10,October,15,Afternoon Peak,Weekday
T20210023844,2021-10-26,06:25:00,4,Collision with a fixed object,2,Tuesday,173,RIGHT OFF CARRIAGEWAY INTO OBJECT/PARKED VEHICLE,2,698723,Not at intersection,2,100,Arterial Other,ROKEWOOD-SHELFORD,GOLDEN PLAINS,-37.992924,143.94687,2021,10,October,6,Morning Peak,Weekday
T20210021586,2021-10-26,13:30:00,1,Collision with vehicle,2,Tuesday,130,REAR END(VEHICLES IN SAME LANE),1,698941,Not at intersection,2,70,Arterial Highway,STUD,KNOX,-37.912155,145.23625,2021,10,October,13,Midday,Weekday
T20210021612,2021-10-26,14:40:00,1,Collision with vehicle,2,Tuesday,130,REAR END(VEHICLES IN SAME LANE),1,1015,Cross intersection,3,60,Arterial Other,CLYDE,CASEY,-38.05993,145.33846,2021,10,October,14,Midday,Weekday
T20210021579,2021-10-26,08:53:00,1,Collision with vehicle,2,Tuesday,111,RIGHT FAR (INTERSECTIONS ONLY),1,695687,T intersection,3,80,Arterial Other,MOWBRAY,KNOX,-37.876804,145.22491,2021,10,October,8,Morning Peak,Weekday
T20210021918,2021-10-26,15:50:00,1,Collision with vehicle,2,Tuesday,130,REAR END(VEHICLES IN SAME LANE),1,698942,Not at intersection,3,80,Arterial Other,CRANBOURNE,CASEY,-38.048164,145.30284,2021,10,October,15,Afternoon Peak,Weekday
T20210021782,2021-10-26,19:00:00,8,No collision and no object struck,2,Tuesday,174,OUT OF CONTROL ON CARRIAGEWAY (ON STRAIGHT),2,696177,Not at intersection,3,60,Arterial Other,BARKLY,PORT PHILLIP,-37.858353,144.98283,2021,10,October,19,Night,Weekday
T20210021613,2021-10-26,13:20:00,1,Collision with vehicle,2,Tuesday,120,HEAD ON (NOT OVERTAKING),1,779958,Not at intersection,3,100,Local Road,FORRESTERS,SOUTH GIPPSLAND,-38.384277,146.04861,2021,10,October,13,Midday,Weekday
T20210021793,2021-10-26,08:20:00,1,Collision with vehicle,2,Tuesday,130,REAR END(VEHICLES IN SAME LANE),1,696263,Not at intersection,3,60,Arterial Highway,TORQUAY,GEELONG,-38.18483,144.34435,2021,10,October,8,Morning Peak,Weekday
T20210021692,2021-10-26,16:27:00,1,Collision with vehicle,2,Tuesday,133,LANE SIDE SWIPE (VEHICLES IN PARALLEL LANES),1,131151,Not at intersection,3,60,Arterial Other,CENTRE,GLEN EIRA,-37.923946,145.08202,2021,10,October,16,Afternoon Peak,Weekday
T20210021597,2021-10-26,14:11:00,1,Collision with vehicle,2,Tuesday,110,CROSS TRAFFIC(INTERSECTIONS ONLY),1,41439,Cross intersection,2,60,Arterial Other,NEERIM,GLEN EIRA,-37.88945,145.05911,2021,10,October,14,Midday,Weekday
T20210022958,2021-10-26,05:35:00,2,Struck Pedestrian,2,Tuesday,100,PED NEAR SIDE. PED HIT BY VEHICLE FROM THE RIGHT.,2,55690,Cross intersection,3,70,Local Road,BLACK FOREST,WYNDHAM,-37.901596,144.62787,2021,10,October,5,Morning Peak,Weekday
T20210021633,2021-10-27,07:05:00,1,Collision with vehicle,3,Wednesday,130,REAR END(VEHICLES IN SAME LANE),1,758960,Not at intersection,2,100,Freeway,HUME,HUME,-37.555527,144.94281,2021,10,October,7,Morning Peak,Weekday
T20210021632,2021-10-27,08:45:00,1,Collision with vehicle,3,Wednesday,133,LANE SIDE SWIPE (VEHICLES IN PARALLEL LANES),1,696179,T intersection,3,40,Local Road,PARK,KINGSTON,-37.965244,145.05432,2021,10,October,8,Morning Peak,Weekday
T20210021630,2021-10-27,07:50:00,2,Struck Pedestrian,3,Wednesday,100,PED NEAR SIDE. PED HIT BY VEHICLE FROM THE RIGHT.,1,41640,Cross intersection,3,80,Arterial Highway,DANDENONG,MONASH,-37.9007,145.10547,2021,10,October,7,Morning Peak,Weekday
T20210025197,2021-10-27,08:40:00,1,Collision with vehicle,3,Wednesday,130,REAR END(VEHICLES IN SAME LANE),1,699346,Not at intersection,2,80,Freeway,PRINCES,CARDINIA,-38.076015,145.41385,2021,10,October,8,Morning Peak,Weekday
T20210022111,2021-10-27,13:30:00,5,collision with some other object,3,Wednesday,166,STRUCK OBJECT ON CARRIAGEWAY,1,781548,Not at intersection,3,50,Local Road,THE PACK,CARDINIA,-37.93447,145.55585,2021,10,October,13,Midday,Weekday
T20210022112,2021-10-27,15:30:00,1,Collision with vehicle,3,Wednesday,130,REAR END(VEHICLES IN SAME LANE),1,705534,Not at intersection,3,60,Arterial Other,BEACH,KINGSTON,-37.993176,145.0674,2021,10,October,15,Afternoon Peak,Weekday
T20210022196,2021-10-27,09:08:00,1,Collision with vehicle,3,Wednesday,120,HEAD ON (NOT OVERTAKING),1,730960,Not at intersection,3,50,Local Road,HULME,WANGARATTA,-36.343636,146.30508,2021,10,October,9,Morning Peak,Weekday
T20210022203,2021-10-27,20:00:00,1,Collision with vehicle,3,Wednesday,131,LEFT REAR,2,43403,T intersection,3,60,Arterial Highway,BELL,DAREBIN,-37.74269,144.97981,2021,10,October,20,Night,Weekday
T20210022331,2021-10-27,15:40:00,1,Collision with vehicle,3,Wednesday,130,REAR END(VEHICLES IN SAME LANE),1,187335,Not at intersection,3,80,Freeway,WEST GATE,MELBOURNE,-37.833378,144.91191,2021,10,October,15,Afternoon Peak,Weekday
T20210023079,2021-10-27,12:20:00,1,Collision with vehicle,3,Wednesday,133,LANE SIDE SWIPE (VEHICLES IN PARALLEL LANES),1,697210,Not at intersection,2,50,Local Road,NORTH,HOBSONS BAY,-37.845127,144.89243,2021,10,October,12,Midday,Weekday
T20210022843,2021-10-27,12:10:00,1,Collision with vehicle,3,Wednesday,113,RIGHT NEAR (INTERSECTIONS ONLY),1,42421,T intersection,3,60,Arterial Other,CENTRE,KINGSTON,-37.929913,145.13004,2021,10,October,12,Midday,Weekday
T20210022795,2021-10-27,10:00:00,6,Vehicle overturned (no collision),3,Wednesday,174,OUT OF CONTROL ON CARRIAGEWAY (ON STRAIGHT),1,37503,Cross intersection,3,60,Local Road,KERFERD,PORT PHILLIP,-37.84684,144.95372,2021,10,October,10,Midday,Weekday
T20210023137,2021-10-27,14:48:00,1,Collision with vehicle,3,Wednesday,130,REAR END(VEHICLES IN SAME LANE),1,730994,Not at intersection,3,80,Arterial Highway,SPRINGVALE,WHITEHORSE,-37.805325,145.17795,2021,10,October,14,Midday,Weekday
T20210023345,2021-10-27,14:30:00,6,Vehicle overturned (no collision),3,Wednesday,179,OTHER ACCIDENTS-OFF STRAIGHT NOT INCLUDED IN DCAs 170-175,1,697442,Not at intersection,3,100,Local Road,BAYLISS SPUR,EAST GIPPSLAND,-37.280174,147.54077,2021,10,October,14,Midday,Weekday
T20210021641,2021-10-27,09:15:00,1,Collision with vehicle,3,Wednesday,140,U TURN,1,252107,T intersection,3,80,Arterial Other,PRINCES,CARDINIA,-38.06811,145.49684,2021,10,October,9,Morning Peak,Weekday
T20210021762,2021-10-27,17:40:00,1,Collision with vehicle,3,Wednesday,135,LANE CHANGE LEFT (NOT OVERTAKING),1,701532,Not at intersection,3,50,Arterial Highway,WARBURTON,YARRA RANGES,-37.781513,145.61378,2021,10,October,17,Afternoon Peak,Weekday
T20210021757,2021-10-27,06:50:00,1,Collision with vehicle,3,Wednesday,130,REAR END(VEHICLES IN SAME LANE),1,889,Cross intersection,3,80,Arterial Highway,FRANKSTON-DANDENONG,DANDENONG,-38.03921,145.21045,2021,10,October,6,Morning Peak,Weekday
T20210021732,2021-10-27,07:20:00,2,Struck Pedestrian,3,Wednesday,107,PED ON FOOTHPATH STRUCK BY VEHENTERING/LEAVING DRIVEWAY.,1,699080,Not at intersection,3,60,Arterial Other,MCLEOD,KINGSTON,-38.070663,145.13797,2021,10,October,7,Morning Peak,Weekday
T20210023340,2021-10-27,13:00:00,4,Collision with a fixed object,3,Wednesday,173,RIGHT OFF CARRIAGEWAY INTO OBJECT/PARKED VEHICLE,1,758945,Not at intersection,2,100,Arterial Other,PRINCES,WYNDHAM,-37.922676,144.63335,2021,10,October,13,Midday,Weekday
T20210021701,2021-10-27,16:30:00,1,Collision with vehicle,3,Wednesday,121,RIGHT THROUGH,1,643492,Cross intersection,3,60,Local Road,HUMMINGBIRD,WYNDHAM,-37.83484,144.65312,2021,10,October,16,Afternoon Peak,Weekday
T20210021823,2021-10-27,20:15:00,2,Struck Pedestrian,3,Wednesday,100,PED NEAR SIDE. PED HIT BY VEHICLE FROM THE RIGHT.,3,697693,Not at intersection,2,50,Arterial Highway,WARBURTON,YARRA RANGES,-37.75382,145.68869,2021,10,October,20,Night,Weekday
T20210021684,2021-10-27,22:30:00,8,No collision and no object struck,3,Wednesday,199,UNKNOWN-NO DETAILS ON MANOEUVRES OF ROAD-USERS IN ACCIDENT,3,698593,Not at intersection,2,50,Local Road,STOTT,WODONGA,-36.137115,146.86969,2021,10,October,22,Night,Weekday
T20210021683,2021-10-27,16:30:00,1,Collision with vehicle,3,Wednesday,130,REAR END(VEHICLES IN SAME LANE),1,771818,Not at intersection,3,60,Arterial Other,CRAIGIEBURN,HUME,-37.598038,144.93292,2021,10,October,16,Afternoon Peak,Weekday
T20210021678,2021-10-27,18:40:00,1,Collision with vehicle,3,Wednesday,120,HEAD ON (NOT OVERTAKING),1,697351,Not at intersection,3,40,Arterial Other,BARWON HEADS,GEELONG,-38.196354,144.36137,2021,10,October,18,Afternoon Peak,Weekday
T20210021674,2021-10-27,15:50:00,4,Collision with a fixed object,3,Wednesday,171,LEFT OFF CARRIAGEWAY INTO OBJECT/PARKED VEHICLE,1,719469,Not at intersection,3,100,Local Road,ECHUCA-SERPENTINE,LODDON,-36.323917,144.10155,2021,10,October,15,Afternoon Peak,Weekday
T20210021666,2021-10-27,13:20:00,1,Collision with vehicle,3,Wednesday,130,REAR END(VEHICLES IN SAME LANE),1,44365,Cross intersection,3,60,Arterial Other,DERRIMUT,WYNDHAM,-37.87764,144.68279,2021,10,October,13,Midday,Weekday
T20210021665,2021-10-27,16:30:00,1,Collision with vehicle,3,Wednesday,110,CROSS TRAFFIC(INTERSECTIONS ONLY),1,758950,Cross intersection,2,50,Local Road,FRANCESCA,WHITTLESEA,-37.608444,145.09444,2021,10,October,16,Afternoon Peak,Weekday
T20210021664,2021-10-27,13:42:00,1,Collision with vehicle,3,Wednesday,133,LANE SIDE SWIPE (VEHICLES IN PARALLEL LANES),1,695692,Not at intersection,2,80,Arterial Other,SYDNEY,MORELAND,-37.703148,144.96014,2021,10,October,13,Midday,Weekday
T20210021662,2021-10-27,15:39:00,1,Collision with vehicle,3,Wednesday,130,REAR END(VEHICLES IN SAME LANE),1,697786,Not at intersection,3,80,Arterial Highway,NEPEAN,GLEN EIRA,-37.893578,145.0036,2021,10,October,15,Afternoon Peak,Weekday
T20210021659,2021-10-27,13:45:00,1,Collision with vehicle,3,Wednesday,142,LEAVING PARKING,1,55171,T intersection,3,60,Arterial Other,BEACH,PORT PHILLIP,-37.844307,144.94012,2021,10,October,13,Midday,Weekday
T20210021658,2021-10-27,14:24:00,2,Struck Pedestrian,3,Wednesday,102,FAR SIDE. PED HIT BY VEHICLE FROM THE LEFT,1,586,Cross intersection,3,40,Arterial Other,WATTLETREE,STONNINGTON,-37.862373,145.02834,2021,10,October,14,Midday,Weekday
T20210021653,2021-10-27,10:52:00,4,Collision with a fixed object,3,Wednesday,173,RIGHT OFF CARRIAGEWAY INTO OBJECT/PARKED VEHICLE,1,37071,T intersection,3,40,Arterial Other,SWAN,YARRA,-37.824913,144.99117,2021,10,October,10,Midday,Weekday
T20210021650,2021-10-27,10:50:00,1,Collision with vehicle,3,Wednesday,148,VEHICLE OFF FOOTPATH STRIKES VEH ON CARRIAGEWAY,1,695828,Not at intersection,3,50,Local Road,THE BOULEVARD,GEELONG,-38.095863,144.34752,2021,10,October,10,Midday,Weekday
T20210021649,2021-10-27,11:57:00,1,Collision with vehicle,3,Wednesday,130,REAR END(VEHICLES IN SAME LANE),1,42882,T intersection,3,60,Arterial Other,HEATHERTON,DANDENONG,-37.962738,145.15495,2021,10,October,11,Midday,Weekday
T20210021646,2021-10-27,13:13:00,1,Collision with vehicle,3,Wednesday,134,LANE CHANGE RIGHT (NOT OVERTAKING),1,695783,Cross intersection,3,80,Arterial Highway,DANDENONG,DANDENONG,-38.003178,145.20804,2021,10,October,13,Midday,Weekday
T20210021640,2021-10-27,10:28:00,1,Collision with vehicle,3,Wednesday,113,RIGHT NEAR (INTERSECTIONS ONLY),1,49680,Cross intersection,2,60,Arterial Other,BACCHUS MARSH,GEELONG,-38.078438,144.3584,2021,10,October,10,Midday,Weekday
T20210021636,2021-10-27,07:55:00,1,Collision with vehicle,3,Wednesday,130,REAR END(VEHICLES IN SAME LANE),1,730982,Not at intersection,2,60,Arterial Other,BALLAN,WYNDHAM,-37.864735,144.60332,2021,10,October,7,Morning Peak,Weekday
T20210021923,2021-10-27,07:05:00,1,Collision with vehicle,3,Wednesday,130,REAR END(VEHICLES IN SAME LANE),1,696531,Not at intersection,3,40,Arterial Other,LIVINGSTONE,BANYULE,-37.767696,145.04118,2021,10,October,7,Morning Peak,Weekday
T20210021747,2021-10-28,22:10:00,4,Collision with a fixed object,4,Thursday,171,LEFT OFF CARRIAGEWAY INTO OBJECT/PARKED VEHICLE,5,699058,Not at intersection,3,80,Local Road,BROMFIELDS,MITCHELL,-36.953815,145.06866,2021,10,October,22,Night,Weekday
T20210022273,2021-10-28,08:10:00,1,Collision with vehicle,4,Thursday,148,VEHICLE OFF FOOTPATH STRIKES VEH ON CARRIAGEWAY,1,696448,T intersection,3,50,Local Road,SUNDEW,CASEY,-38.124027,145.29794,2021,10,October,8,Morning Peak,Weekday
T20210021750,2021-10-28,22:15:00,4,Collision with a fixed object,4,Thursday,173,RIGHT OFF CARRIAGEWAY INTO OBJECT/PARKED VEHICLE,3,298676,Not at intersection,2,80,Arterial Highway,NEPEAN,GLEN EIRA,-37.920837,145.02284,2021,10,October,22,Night,Weekday
T20210021977,2021-10-28,11:45:00,1,Collision with vehicle,4,Thursday,111,RIGHT FAR (INTERSECTIONS ONLY),1,697062,T intersection,3,80,Arterial Other,CRANBOURNE,FRANKSTON,-38.154224,145.16223,2021,10,October,11,Midday,Weekday
T20210021698,2021-10-28,08:49:00,1,Collision with vehicle,4,Thursday,120,HEAD ON (NOT OVERTAKING),1,699769,Not at intersection,2,70,Arterial Other,PAKENHAM,CARDINIA,-38.015003,145.51024,2021,10,October,8,Morning Peak,Weekday
T20210021716,2021-10-28,11:20:00,1,Collision with vehicle,4,Thursday,135,LANE CHANGE LEFT (NOT OVERTAKING),1,722281,Not at intersection,1,100,Freeway,WESTERN RING OUT-CALDER IN,BRIMBANK,-37.728752,144.85794,2021,10,October,11,Midday,Weekday
T20210021755,2021-10-28,10:15:00,2,Struck Pedestrian,4,Thursday,107,PED ON FOOTHPATH STRUCK BY VEHENTERING/LEAVING DRIVEWAY.,1,695840,Not at intersection,2,50,Local Road,BROMHAM,YARRA,-37.813423,144.99837,2021,10,October,10,Midday,Weekday
T20210021748,2021-10-28,23:30:00,4,Collision with a fixed object,4,Thursday,173,RIGHT OFF CARRIAGEWAY INTO OBJECT/PARKED VEHICLE,3,697839,Not at intersection,3,80,Arterial Highway,BURWOOD,WHITEHORSE,-37.856422,145.18275,2021,10,October,23,Night,Weekday
T20210021688,2021-10-28,01:44:00,4,Collision with a fixed object,4,Thursday,171,LEFT OFF CARRIAGEWAY INTO OBJECT/PARKED VEHICLE,3,704105,Not at intersection,3,80,Freeway,HUME,HUME,-37.580414,144.94006,2021,10,October,1,Late Night,Weekday
T20210021695,2021-10-28,09:06:00,1,Collision with vehicle,4,Thursday,130,REAR END(VEHICLES IN SAME LANE),1,697692,Not at intersection,3,80,Arterial Highway,SOUTH GIPPSLAND,CASEY,-38.09827,145.2832,2021,10,October,9,Morning Peak,Weekday
T20210022392,2021-10-28,07:00:00,1,Collision with vehicle,4,Thursday,110,CROSS TRAFFIC(INTERSECTIONS ONLY),2,47054,Cross intersection,2,50,Local Road,KANGAROO,GLEN EIRA,-37.89846,145.07602,2021,10,October,7,Morning Peak,Weekday
T20210021746,2021-10-28,05:25:00,1,Collision with vehicle,4,Thursday,121,RIGHT THROUGH,3,779503,T intersection,3,90,Arterial Highway,DANDENONG-HASTINGS,DANDENONG,-38.055485,145.24362,2021,10,October,5,Morning Peak,Weekday
T20210021696,2021-10-28,08:50:00,1,Collision with vehicle,4,Thursday,132,RIGHT REAR.,1,39850,T intersection,3,60,Arterial Other,MOUNT DANDENONG TOURIST,YARRA RANGES,-37.812473,145.34773,2021,10,October,8,Morning Peak,Weekday
T20210021744,2021-10-28,20:07:00,1,Collision with vehicle,4,Thursday,147,VEHICLE STRIKES ANOTHER VEH WHILE EMERGING FROM DRIVEWAY,3,698250,Not at intersection,3,60,Arterial Other,DUNCANS,WYNDHAM,-37.902615,144.66351,2021,10,October,20,Night,Weekday
T20210021742,2021-10-28,17:20:00,1,Collision with vehicle,4,Thursday,130,REAR END(VEHICLES IN SAME LANE),1,695838,Not at intersection,3,60,Arterial Other,YAN YEAN,NILLUMBIK,-37.607765,145.13776,2021,10,October,17,Afternoon Peak,Weekday
T20210021739,2021-10-28,18:16:00,1,Collision with vehicle,4,Thursday,130,REAR END(VEHICLES IN SAME LANE),1,696794,Not at intersection,3,70,Arterial Other,GREAVES,CASEY,-38.056778,145.31389,2021,10,October,18,Afternoon Peak,Weekday
T20210021736,2021-10-28,16:10:00,1,Collision with vehicle,4,Thursday,131,LEFT REAR,1,299841,T intersection,3,70,Arterial Highway,STAWELL,HORSHAM,-36.73347,142.20554,2021,10,October,16,Afternoon Peak,Weekday
T20210021734,2021-10-28,17:25:00,1,Collision with vehicle,4,Thursday,130,REAR END(VEHICLES IN SAME LANE),2,697118,Not at intersection,2,60,Arterial Other,HALLAM SOUTH,CASEY,-38.009537,145.27269,2021,10,October,17,Afternoon Peak,Weekday
T20210021733,2021-10-28,17:49:00,6,Vehicle overturned (no collision),4,Thursday,180,OFF CARRIAGEWAY ON RIGHT BEND,1,776895,Not at intersection,3,100,Arterial Highway,MELBA,MURRINDINDI,-37.4943,145.41867,2021,10,October,17,Afternoon Peak,Weekday
T20210021731,2021-10-28,17:00:00,1,Collision with vehicle,4,Thursday,130,REAR END(VEHICLES IN SAME LANE),1,38337,T intersection,3,60,Arterial Other,KING,MANNINGHAM,-37.770744,145.13397,2021,10,October,17,Afternoon Peak,Weekday
T20210021725,2021-10-28,15:15:00,1,Collision with vehicle,4,Thursday,130,REAR END(VEHICLES IN SAME LANE),1,696734,Not at intersection,2,80,Arterial Other,THOMPSON,DANDENONG,-38.07147,145.1908,2021,10,October,15,Afternoon Peak,Weekday
T20210021722,2021-10-28,16:05:00,1,Collision with vehicle,4,Thursday,130,REAR END(VEHICLES IN SAME LANE),1,695837,Not at intersection,3,70,Arterial Highway,NORTH,GLEN EIRA,-37.906803,145.06348,2021,10,October,16,Afternoon Peak,Weekday
T20210021715,2021-10-28,11:35:00,8,No collision and no object struck,4,Thursday,174,OUT OF CONTROL ON CARRIAGEWAY (ON STRAIGHT),1,700878,Not at intersection,3,50,Local Road,TWEDDLE,MOIRA,-36.083313,145.43997,2021,10,October,11,Midday,Weekday