ACCIDENT_NO,ACCIDENT_DATE,ACCIDENT_TIME,ACCIDENT_TYPE,ACCIDENT_TYPE_DESC,DAY_OF_WEEK,DAY_WEEK_DESC,DCA_CODE,DCA_DESC,LIGHT_CONDITION,NODE_ID,ROAD_GEOMETRY_DESC,SEVERITY,SPEED_ZONE,RMA,ROAD_NAME,LGA_NAME,LATITUDE,LONGITUDE,YEAR,MONTH,MONTH_NAME,HOUR,TIME_PERIOD,DAY_TYPE
T20220002361,2021-10-28,07:15:00,5,collision with some other object,4,Thursday,166,STRUCK OBJECT ON CARRIAGEWAY,1,706504,Not at intersection,3,50,Local Road,HERITAGE,FRANKSTON,-38.109425,145.19733,2021,10,October,7,Morning Peak,Weekday
T20210021713,2021-10-28,14:20:00,1,Collision with vehicle,4,Thursday,121,RIGHT THROUGH,9,52542,Cross intersection,3,60,Arterial Highway,FIFTEENTH,MILDURA,-34.23142,142.1659,2021,10,October,14,Midday,Weekday
T20210021706,2021-10-28,12:15:00,1,Collision with vehicle,4,Thursday,113,RIGHT NEAR (INTERSECTIONS ONLY),1,53216,Cross intersection,3,60,Arterial Highway,CITY ROAD -POWER,MELBOURNE,-37.82386,144.96254,2021,10,October,12,Midday,Weekday
T20210024867,2021-10-28,18:00:00,1,Collision with vehicle,4,Thursday,132,RIGHT REAR.,9,1335,Cross intersection,3,60,Arterial Other,PASCOE VALE,MOONEE VALLEY,-37.75594,144.9261,2021,10,October,18,Afternoon Peak,Weekday
T20210021704,2021-10-28,12:30:00,1,Collision with vehicle,4,Thursday,130,REAR END(VEHICLES IN SAME LANE),1,737289,Not at intersection,3,80,Arterial Highway,GOULBURN VALLEY,SHEPPARTON,-36.4522,145.38882,2021,10,October,12,Midday,Weekday
T20210021752,2021-10-28,23:23:00,4,Collision with a fixed object,4,Thursday,171,LEFT OFF CARRIAGEWAY INTO OBJECT/PARKED VEHICLE,5,781550,Cross intersection,3,100,Arterial Highway,MURRAY VALLEY,CAMPASPE,-36.186153,144.88632,2021,10,October,23,Night,Weekday
T20210021749,2021-10-28,23:00:00,1,Collision with vehicle,4,Thursday,120,HEAD ON (NOT OVERTAKING),3,695839,Not at intersection,3,60,Arterial Other,PRINCES,MELBOURNE,-37.792336,144.96912,2021,10,October,23,Night,Weekday
T20210021835,2021-10-28,19:00:00,1,Collision with vehicle,4,Thursday,110,CROSS TRAFFIC(INTERSECTIONS ONLY),2,69142,Cross intersection,3,50,Local Road,DURRANT,BAYSIDE,-37.906734,145.0009,2021,10,October,19,Night,Weekday
T20210021702,2021-10-28,13:27:00,2,Struck Pedestrian,4,Thursday,100,PED NEAR SIDE. PED HIT BY VEHICLE FROM THE RIGHT.,1,29657,Cross intersection,2,60,Local Road,ATHERTON,MONASH,-37.899033,145.09233,2021,10,October,13,Midday,Weekday
T20210021768,2021-10-28,15:40:00,1,Collision with vehicle,4,Thursday,130,REAR END(VEHICLES IN SAME LANE),1,730952,Not at intersection,3,60,Arterial Other,POINT COOK,WYNDHAM,-37.899323,144.75374,2021,10,October,15,Afternoon Peak,Weekday
T20210023974,2021-10-29,16:15:00,1,Collision with vehicle,5,Friday,113,RIGHT NEAR (INTERSECTIONS ONLY),1,698368,T intersection,2,60,Arterial Other,ORMOND,MOONEE VALLEY,-37.772884,144.93025,2021,10,October,16,Afternoon Peak,Weekday
T20210021786,2021-10-29,14:11:00,1,Collision with vehicle,5,Friday,130,REAR END(VEHICLES IN SAME LANE),1,696214,Not at intersection,2,70,Arterial Other,BAYSWATER,MAROONDAH,-37.814407,145.26933,2021,10,October,14,Midday,Weekday
T20210021796,2021-10-29,17:00:00,2,Struck Pedestrian,5,Friday,101,PED EMERGES FROM IN FRONT OF PARKED OR STATIONARY VEHICLE,1,36899,T intersection,2,60,Arterial Other,CITY,MELBOURNE,-37.825138,144.96104,2021,10,October,17,Afternoon Peak,Weekday
T20210021797,2021-10-29,15:00:00,1,Collision with vehicle,5,Friday,116,LEFT NEAR (INTERSECTIONS ONLY),1,38129,Y intersection,2,60,Arterial Other,UPPER HEIDELBERG,BANYULE,-37.77274,145.04071,2021,10,October,15,Afternoon Peak,Weekday
T20210021798,2021-10-29,06:40:00,5,collision with some other object,5,Friday,198,OTHER ACCIDENTS NOT CLASSIFIABLE ELSEWHERE,2,696053,Not at intersection,2,70,Arterial Other,PAKENHAM,CARDINIA,-37.96639,145.50734,2021,10,October,6,Morning Peak,Weekday
T20210021799,2021-10-29,07:00:00,5,collision with some other object,5,Friday,191,LOAD OR MISSILE STRUCK VEHICLE,2,695843,Not at intersection,3,80,Arterial Other,QUEENSCLIFF,GEELONG,-38.22092,144.63611,2021,10,October,7,Morning Peak,Weekday
T20210021807,2021-10-29,18:20:00,1,Collision with vehicle,5,Friday,110,CROSS TRAFFIC(INTERSECTIONS ONLY),1,29542,Cross intersection,3,60,Arterial Other,GLENFERRIE,BOROONDARA,-37.814693,145.03682,2021,10,October,18,Afternoon Peak,Weekday
T20210021809,2021-10-29,16:32:00,1,Collision with vehicle,5,Friday,110,CROSS TRAFFIC(INTERSECTIONS ONLY),1,40402,Cross intersection,2,60,Arterial Other,BURKE,STONNINGTON,-37.87293,145.04877,2021,10,October,16,Afternoon Peak,Weekday
T20210021783,2021-10-29,13:20:00,1,Collision with vehicle,5,Friday,132,RIGHT REAR.,1,57840,T intersection,3,50,Local Road,DURHAM,BALLARAT,-37.563847,143.83647,2021,10,October,13,Midday,Weekday
T20210021766,2021-10-29,11:08:00,1,Collision with vehicle,5,Friday,110,CROSS TRAFFIC(INTERSECTIONS ONLY),1,730981,Cross intersection,3,50,Local Road,TIMBERTOP,CARDINIA,-38.05564,145.39845,2021,10,October,11,Midday,Weekday
T20210021781,2021-10-29,12:00:00,1,Collision with vehicle,5,Friday,110,CROSS TRAFFIC(INTERSECTIONS ONLY),1,1275,Cross intersection,3,60,Arterial Other,CHURCHILL,MARIBYRNONG,-37.786682,144.86438,2021,10,October,12,Midday,Weekday
T20210021810,2021-10-29,18:24:00,1,Collision with vehicle,5,Friday,113,RIGHT NEAR (INTERSECTIONS ONLY),1,301607,T intersection,3,60,Local Road,LENNON,WYNDHAM,-37.885506,144.74147,2021,10,October,18,Afternoon Peak,Weekday
T20210021815,2021-10-29,16:30:00,1,Collision with vehicle,5,Friday,113,RIGHT NEAR (INTERSECTIONS ONLY),1,674687,T intersection,3,80,Arterial Other,GARDEN,WHITTLESEA,-37.60484,145.13223,2021,10,October,16,Afternoon Peak,Weekday
T20210021819,2021-10-29,22:13:00,3,Struck animal,5,Friday,167,STRUCK ANIMAL,5,695978,Not at intersection,3,80,Arterial Other,STRATHFIELDSAYE,BENDIGO,-36.783836,144.31674,2021,10,October,22,Night,Weekday
T20210021821,2021-10-29,17:47:00,1,Collision with vehicle,5,Friday,140,U TURN,1,695979,Not at intersection,2,50,Arterial Other,MORELAND,MORELAND,-37.756317,144.97171,2021,10,October,17,Afternoon Peak,Weekday
T20210021822,2021-10-29,17:06:00,1,Collision with vehicle,5,Friday,113,RIGHT NEAR (INTERSECTIONS ONLY),1,697890,Multiple intersection,1,100,Freeway,HUME IN-GREAT ALPINE,WANGARATTA,-36.369915,146.37874,2021,10,October,17,Afternoon Peak,Weekday
T20210022589,2021-10-29,15:00:00,4,Collision with a fixed object,5,Friday,179,OTHER ACCIDENTS-OFF STRAIGHT NOT INCLUDED IN DCAs 170-175,1,781554,Not at intersection,3,40,Local Road,GOODJOHN,CASEY,-37.97674,145.25587,2021,10,October,15,Afternoon Peak,Weekday
T20210021779,2021-10-29,12:30:00,1,Collision with vehicle,5,Friday,113,RIGHT NEAR (INTERSECTIONS ONLY),1,41382,Cross intersection,3,60,Arterial Other,GRANGE,GLEN EIRA,-37.898197,145.04515,2021,10,October,12,Midday,Weekday
T20220007883,2021-10-29,07:00:00,5,collision with some other object,5,Friday,198,OTHER ACCIDENTS NOT CLASSIFIABLE ELSEWHERE,3,711568,Not at intersection,3,60,Arterial Highway,NEPEAN,FRANKSTON,-38.107796,145.12578,2021,10,October,7,Morning Peak,Weekday
T20210021774,2021-10-29,10:00:00,1,Collision with vehicle,5,Friday,160,VEHICLE COLLIDES WITH VEHICLE PARKED ON LEFT OF ROAD,1,730953,T intersection,2,50,Local Road,LIBAU,GEELONG,-38.11432,144.3367,2021,10,October,10,Midday,Weekday
T20210021760,2021-10-29,05:00:00,5,collision with some other object,5,Friday,198,OTHER ACCIDENTS NOT CLASSIFIABLE ELSEWHERE,5,696265,Not at intersection,3,100,Local Road,COUNTY BOUNDARY EAST,CORANGAMITE,-38.272884,143.1702,2021,10,October,5,Morning Peak,Weekday
T20210021792,2021-10-29,09:05:00,4,Collision with a fixed object,5,Friday,173,RIGHT OFF CARRIAGEWAY INTO OBJECT/PARKED VEHICLE,1,696264,Not at intersection,3,50,Local Road,GENOA,KINGSTON,-37.943085,145.0597,2021,10,October,9,Morning Peak,Weekday
T20210021790,2021-10-29,15:15:00,4,Collision with a fixed object,5,Friday,183,OFF LEFT BEND INTO OBJECT/PARKED VEHICLE,1,698306,Not at intersection,3,100,Local Road,FULTONS,HORSHAM,-36.77169,142.13556,2021,10,October,15,Afternoon Peak,Weekday
T20210021852,2021-10-29,12:00:00,1,Collision with vehicle,5,Friday,119,OTHER ADJACENT (INTERSECTIONS ONLY),1,43418,T intersection,2,80,Local Road,CADLES,FRANKSTON,-38.10094,145.1844,2021,10,October,12,Midday,Weekday
T20210022568,2021-10-29,12:08:00,1,Collision with vehicle,5,Friday,110,CROSS TRAFFIC(INTERSECTIONS ONLY),1,35342,Cross intersection,3,60,Arterial Other,HODDLE,YARRA,-37.792397,144.99442,2021,10,October,12,Midday,Weekday
T20210022069,2021-10-29,08:42:00,5,collision with some other object,5,Friday,191,LOAD OR MISSILE STRUCK VEHICLE,1,781553,Not at intersection,3,50,Local Road,NEKLA,YARRA RANGES,-37.803223,145.3945,2021,10,October,8,Morning Peak,Weekday
T20210026477,2021-10-29,11:30:00,1,Collision with vehicle,5,Friday,130,REAR END(VEHICLES IN SAME LANE),1,703634,Not at intersection,3,80,Arterial Other,CITY,MELBOURNE,-37.82613,144.95988,2021,10,October,11,Midday,Weekday
T20210025015,2021-10-29,09:40:00,1,Collision with vehicle,5,Friday,121,RIGHT THROUGH,1,44621,Cross intersection,3,60,Arterial Other,KINGSBURY,DAREBIN,-37.729725,145.06085,2021,10,October,9,Morning Peak,Weekday
T20210025618,2021-10-29,07:00:00,5,collision with some other object,5,Friday,166,STRUCK OBJECT ON CARRIAGEWAY,2,700581,Not at intersection,2,50,Local Road,MOUNTAIN,CARDINIA,-37.92408,145.5017,2021,10,October,7,Morning Peak,Weekday
T20210022093,2021-10-29,08:00:00,5,collision with some other object,5,Friday,198,OTHER ACCIDENTS NOT CLASSIFIABLE ELSEWHERE,1,696570,Not at intersection,3,80,Arterial Highway,FRANKSTON-DANDENONG,FRANKSTON,-38.114815,145.15434,2021,10,October,8,Morning Peak,Weekday
T20210021789,2021-10-29,07:20:00,5,collision with some other object,5,Friday,198,OTHER ACCIDENTS NOT CLASSIFIABLE ELSEWHERE,1,695842,Not at intersection,3,100,Arterial Other,LONGWARRY-DROUIN,BAW BAW,-38.11118,145.81873,2021,10,October,7,Morning Peak,Weekday
T20210021942,2021-10-29,16:45:00,1,Collision with vehicle,5,Friday,130,REAR END(VEHICLES IN SAME LANE),1,697546,Not at intersection,2,80,Arterial Other,BELGRAVE-HALLAM,CASEY,-38.006134,145.27336,2021,10,October,16,Afternoon Peak,Weekday
T20210021801,2021-10-29,15:03:00,1,Collision with vehicle,5,Friday,120,HEAD ON (NOT OVERTAKING),1,699449,Not at intersection,2,80,Arterial Other,KOO WEE RUP,CARDINIA,-38.17539,145.48082,2021,10,October,15,Afternoon Peak,Weekday
T20210023039,2021-10-29,09:00:00,1,Collision with vehicle,5,Friday,130,REAR END(VEHICLES IN SAME LANE),1,697791,Not at intersection,3,80,Arterial Other,CRANBOURNE,CASEY,-38.065163,145.29915,2021,10,October,9,Morning Peak,Weekday
T20210022109,2021-10-29,08:10:00,5,collision with some other object,5,Friday,198,OTHER ACCIDENTS NOT CLASSIFIABLE ELSEWHERE,1,696752,Not at intersection,3,80,Local Road,HARKAWAY,CASEY,-38.000603,145.34138,2021,10,October,8,Morning Peak,Weekday
T20210022121,2021-10-29,16:00:00,8,No collision and no object struck,5,Friday,170,OFF CARRIAGEWAY TO LEFT,1,696222,Not at intersection,3,60,Local Road,PASCO,HEPBURN,-37.408764,143.88937,2021,10,October,16,Afternoon Peak,Weekday
T20210021756,2021-10-29,06:39:00,5,collision with some other object,5,Friday,198,OTHER ACCIDENTS NOT CLASSIFIABLE ELSEWHERE,2,698158,Not at intersection,2,60,Local Road,MACCLESFIELD,YARRA RANGES,-37.81439,145.5019,2021,10,October,6,Morning Peak,Weekday
T20210021975,2021-10-29,10:52:00,1,Collision with vehicle,5,Friday,110,CROSS TRAFFIC(INTERSECTIONS ONLY),1,290159,Cross intersection,2,80,Arterial Highway,SPRINGVALE,WHITEHORSE,-37.85474,145.16928,2021,10,October,10,Midday,Weekday
T20210021863,2021-10-29,21:00:00,1,Collision with vehicle,5,Friday,140,U TURN,5,696226,Not at intersection,3,80,Arterial Other,BAXTER-TOORADIN,CASEY,-38.2009,145.21794,2021,10,October,21,Night,Weekday
T20210021772,2021-10-29,11:45:00,1,Collision with vehicle,5,Friday,110,CROSS TRAFFIC(INTERSECTIONS ONLY),1,43078,Cross intersection,3,60,Arterial Highway,FOSTER,DANDENONG,-37.98862,145.21805,2021,10,October,11,Midday,Weekday
T20210021842,2021-10-30,11:35:00,4,Collision with a fixed object,6,Saturday,171,LEFT OFF CARRIAGEWAY INTO OBJECT/PARKED VEHICLE,1,710167,Not at intersection,2,60,Local Road,LATROBE,BAW BAW,-38.15898,145.92278,2021,10,October,11,Midday,Weekend
T20210022350,2021-10-30,17:50:00,1,Collision with vehicle,6,Saturday,131,LEFT REAR,1,304375,Cross intersection,3,60,Arterial Other,KEILOR-DERRIMUT,BRIMBANK,-37.727676,144.78192,2021,10,October,17,Afternoon Peak,Weekend
T20210021843,2021-10-30,11:34:00,1,Collision with vehicle,6,Saturday,130,REAR END(VEHICLES IN SAME LANE),1,712938,Not at intersection,3,80,Arterial Other,FRANKSTON-FLINDERS,MORNINGTON PENINSULA,-38.242672,145.1907,2021,10,October,11,Midday,Weekend
T20210021844,2021-10-30,11:00:00,1,Collision with vehicle,6,Saturday,130,REAR END(VEHICLES IN SAME LANE),1,696918,Not at intersection,3,60,Arterial Other,EPPING,WHITTLESEA,-37.62435,145.02856,2021,10,October,11,Midday,Weekend
T20210021850,2021-10-30,12:30:00,1,Collision with vehicle,6,Saturday,130,REAR END(VEHICLES IN SAME LANE),1,695980,Not at intersection,3,70,Arterial Other,OLD PRINCES,CARDINIA,-38.053883,145.37924,2021,10,October,12,Midday,Weekend
T20210021851,2021-10-30,09:57:00,1,Collision with vehicle,6,Saturday,110,CROSS TRAFFIC(INTERSECTIONS ONLY),1,44458,Cross intersection,3,60,Arterial Highway,ALBERT,DAREBIN,-37.735554,145.02417,2021,10,October,9,Morning Peak,Weekend
T20210021861,2021-10-30,17:00:00,4,Collision with a fixed object,6,Saturday,173,RIGHT OFF CARRIAGEWAY INTO OBJECT/PARKED VEHICLE,1,720873,Not at intersection,2,100,Freeway,CALDER,BRIMBANK,-37.70552,144.81653,2021,10,October,17,Afternoon Peak,Weekend
T20210021848,2021-10-30,12:30:00,4,Collision with a fixed object,6,Saturday,173,RIGHT OFF CARRIAGEWAY INTO OBJECT/PARKED VEHICLE,1,700748,T intersection,2,50,Local Road,BOYD,DANDENONG,-37.964985,145.2158,2021,10,October,12,Midday,Weekend
T20210021860,2021-10-30,16:35:00,1,Collision with vehicle,6,Saturday,130,REAR END(VEHICLES IN SAME LANE),1,248831,Not at intersection,3,80,Arterial Highway,NEPEAN,KINGSTON,-37.99814,145.08379,2021,10,October,16,Afternoon Peak,Weekend
T20210021859,2021-10-30,16:45:00,1,Collision with vehicle,6,Saturday,130,REAR END(VEHICLES IN SAME LANE),1,697069,Not at intersection,3,60,Local Road,LYNNWOOD,MANNINGHAM,-37.769817,145.12875,2021,10,October,16,Afternoon Peak,Weekend
T20210021858,2021-10-30,15:51:00,1,Collision with vehicle,6,Saturday,130,REAR END(VEHICLES IN SAME LANE),1,137527,Not at intersection,3,80,Freeway,WEST GATE,MELBOURNE,-37.828007,144.92305,2021,10,October,15,Afternoon Peak,Weekend
T20210021857,2021-10-30,15:10:00,2,Struck Pedestrian,6,Saturday,100,PED NEAR SIDE. PED HIT BY VEHICLE FROM THE RIGHT.,1,697070,T intersection,3,50,Arterial Other,BEATRICE,WHITEHORSE,-37.826317,145.10054,2021,10,October,15,Afternoon Peak,Weekend
T20210022152,2021-10-30,10:07:00,1,Collision with vehicle,6,Saturday,130,REAR END(VEHICLES IN SAME LANE),1,1161,T intersection,3,80,Arterial Other,PRINCES,WYNDHAM,-37.884857,144.70021,2021,10,October,10,Midday,Weekend
T20210021886,2021-10-30,23:57:00,1,Collision with vehicle,6,Saturday,137,LEFT TURN SIDESWIPE,3,44307,T intersection,2,60,Local Road,MORRIS,WYNDHAM,-37.86895,144.70311,2021,10,October,23,Night,Weekend
T20210021825,2021-10-30,01:20:00,2,Struck Pedestrian,6,Saturday,102,FAR SIDE. PED HIT BY VEHICLE FROM THE LEFT,3,698251,Y intersection,3,50,Arterial Other,BARKLY,PORT PHILLIP,-37.869633,144.98074,2021,10,October,1,Late Night,Weekend
T20210021881,2021-10-30,22:08:00,4,Collision with a fixed object,6,Saturday,181,OFF RIGHT BEND INTO OBJECT/PARKED VEHICLE,5,700112,Not at intersection,3,80,Arterial Other,MOUNT DANDENONG TOURIST,YARRA RANGES,-37.827908,145.35999,2021,10,October,22,Night,Weekend
T20210021880,2021-10-30,21:11:00,2,Struck Pedestrian,6,Saturday,100,PED NEAR SIDE. PED HIT BY VEHICLE FROM THE RIGHT.,3,49284,Cross intersection,2,50,Arterial Other,MAIR,BALLARAT,-37.560482,143.86423,2021,10,October,21,Night,Weekend
T20210021845,2021-10-30,13:30:00,6,Vehicle overturned (no collision),6,Saturday,174,OUT OF CONTROL ON CARRIAGEWAY (ON STRAIGHT),1,46654,Multiple intersection,2,60,Arterial Other,HULL,YARRA RANGES,-37.78963,145.31004,2021,10,October,13,Midday,Weekend
T20210021874,2021-10-30,19:45:00,4,Collision with a fixed object,6,Saturday,171,LEFT OFF CARRIAGEWAY INTO OBJECT/PARKED VEHICLE,2,959,T intersection,2,80,Arterial Highway,MOOROODUC,FRANKSTON,-38.18056,145.13933,2021,10,October,19,Night,Weekend
T20210021826,2021-10-30,00:50:00,6,Vehicle overturned (no collision),6,Saturday,180,OFF CARRIAGEWAY ON RIGHT BEND,5,705388,Not at intersection,2,80,Arterial Highway,WARBURTON,YARRA RANGES,-37.760723,145.39777,2021,10,October,0,Late Night,Weekend
T20210022616,2021-10-30,14:30:00,1,Collision with vehicle,6,Saturday,130,REAR END(VEHICLES IN SAME LANE),1,50643,Cross intersection,3,60,Arterial Highway,RAGLAN,WARRNAMBOOL,-38.358265,142.44336,2021,10,October,14,Midday,Weekend
T20210021828,2021-10-30,07:39:00,4,Collision with a fixed object,6,Saturday,173,RIGHT OFF CARRIAGEWAY INTO OBJECT/PARKED VEHICLE,1,157086,Not at intersection,2,60,Arterial Other,PIONEER,GEELONG,-38.1974,144.31923,2021,10,October,7,Morning Peak,Weekend
T20210023972,2021-10-30,11:10:00,1,Collision with vehicle,6,Saturday,142,LEAVING PARKING,1,697920,Not at intersection,3,60,Arterial Other,SWAN,YARRA,-37.827263,145.01228,2021,10,October,11,Midday,Weekend
T20220007089,2021-10-30,11:15:00,1,Collision with vehicle,6,Saturday,130,REAR END(VEHICLES IN SAME LANE),1,708241,T intersection,3,60,Arterial Other,MCLEOD,KINGSTON,-38.07522,145.12616,2021,10,October,11,Midday,Weekend
T20210022419,2021-10-30,13:30:00,1,Collision with vehicle,6,Saturday,130,REAR END(VEHICLES IN SAME LANE),1,698735,Not at intersection,3,60,Arterial Other,DERRIMUT,WYNDHAM,-37.877766,144.68277,2021,10,October,13,Midday,Weekend
T20220006930,2021-10-30,15:14:00,1,Collision with vehicle,6,Saturday,130,REAR END(VEHICLES IN SAME LANE),1,778796,Not at intersection,3,50,Arterial Other,HOTHAM,PORT PHILLIP,-37.866016,145.0001,2021,10,October,15,Afternoon Peak,Weekend
T20210021872,2021-10-30,17:29:00,6,Vehicle overturned (no collision),6,Saturday,172,OFF CARRIAGEWAY TO RIGHT,1,706059,Not at intersection,2,100,Local Road,PIRA,SWAN HILL,-35.225983,143.36298,2021,10,October,17,Afternoon Peak,Weekend
T20210022015,2021-10-30,19:55:00,1,Collision with vehicle,6,Saturday,130,REAR END(VEHICLES IN SAME LANE),1,697000,Not at intersection,3,70,Arterial Other,CRANBOURNE,CASEY,-38.029823,145.30629,2021,10,October,19,Night,Weekend
T20210021829,2021-10-30,09:25:00,4,Collision with a fixed object,6,Saturday,173,RIGHT OFF CARRIAGEWAY INTO OBJECT/PARKED VEHICLE,1,730954,Not at intersection,3,50,Local Road,TWELFTH,MILDURA,-34.185947,142.14954,2021,10,October,9,Morning Peak,Weekend
T20210021981,2021-10-30,12:49:00,2,Struck Pedestrian,6,Saturday,100,PED NEAR SIDE. PED HIT BY VEHICLE FROM THE RIGHT.,1,696920,Cross intersection,3,80,Arterial Other,PRINCES,CARDINIA,-38.06303,145.46024,2021,10,October,12,Midday,Weekend
T20210021830,2021-10-30,08:35:00,1,Collision with vehicle,6,Saturday,110,CROSS TRAFFIC(INTERSECTIONS ONLY),1,41121,Cross intersection,2,60,Arterial Other,GLEN HUNTLY,BAYSIDE,-37.883274,144.99226,2021,10,October,8,Morning Peak,Weekend
T20210021838,2021-10-30,08:50:00,1,Collision with vehicle,6,Saturday,110,CROSS TRAFFIC(INTERSECTIONS ONLY),1,50817,Cross intersection,3,100,Arterial Other,BENALLA-TOCUMWAL,MOIRA,-35.9991,145.63794,2021,10,October,8,Morning Peak,Weekend
T20210021862,2021-10-30,16:15:00,1,Collision with vehicle,6,Saturday,130,REAR END(VEHICLES IN SAME LANE),1,696125,Not at intersection,3,60,Arterial Highway,BELL,BANYULE,-37.752438,145.0493,2021,10,October,16,Afternoon Peak,Weekend
T20210021841,2021-10-30,10:28:00,1,Collision with vehicle,6,Saturday,121,RIGHT THROUGH,1,496,T intersection,3,60,Arterial Other,ELGAR,WHITEHORSE,-37.81944,145.11455,2021,10,October,10,Midday,Weekend
T20210021921,2021-10-31,17:02:00,1,Collision with vehicle,7,Sunday,110,CROSS TRAFFIC(INTERSECTIONS ONLY),1,281862,Cross intersection,2,100,Local Road,JOHN SCHUBERT,WODONGA,-36.17658,146.941,2021,10,October,17,Afternoon Peak,Weekend
T20210021920,2021-10-31,03:30:00,1,Collision with vehicle,7,Sunday,160,VEHICLE COLLIDES WITH VEHICLE PARKED ON LEFT OF ROAD,9,778406,Not at intersection,3,50,Local Road,THE STRAND,WYNDHAM,-37.881092,144.74712,2021,10,October,3,Late Night,Weekend
T20210021919,2021-10-31,17:20:00,4,Collision with a fixed object,7,Sunday,171,LEFT OFF CARRIAGEWAY INTO OBJECT/PARKED VEHICLE,1,697751,Not at intersection,2,40,Local Road,FERNHILL,YARRA RANGES,-37.776672,145.38629,2021,10,October,17,Afternoon Peak,Weekend
T20210021916,2021-10-31,16:26:00,1,Collision with vehicle,7,Sunday,113,RIGHT NEAR (INTERSECTIONS ONLY),1,662,T intersection,2,50,Arterial Other,OLINDA-MONBULK,YARRA RANGES,-37.8545,145.36913,2021,10,October,16,Afternoon Peak,Weekend
T20210021913,2021-10-31,12:30:00,1,Collision with vehicle,7,Sunday,140,U TURN,1,193014,Not at intersection,2,60,Arterial Other,BARRY,HUME,-37.66663,144.94852,2021,10,October,12,Midday,Weekend
T20210021905,2021-10-31,09:30:00,1,Collision with vehicle,7,Sunday,110,CROSS TRAFFIC(INTERSECTIONS ONLY),1,698315,Cross intersection,2,60,Arterial Other,DOHERTYS ROAD -FITZGERALD,WYNDHAM,-37.827995,144.78532,2021,10,October,9,Morning Peak,Weekend
T20210022054,2021-10-31,22:00:00,1,Collision with vehicle,7,Sunday,121,RIGHT THROUGH,6,36027,Cross intersection,3,40,Local Road,BLYTH,MORELAND,-37.76656,144.9726,2021,10,October,22,Night,Weekend
T20210022055,2021-10-31,14:45:00,1,Collision with vehicle,7,Sunday,132,RIGHT REAR.,1,696129,T intersection,3,80,Arterial Other,CLUNES-CRESWICK,BALLARAT,-37.378082,143.86029,2021,10,October,14,Midday,Weekend
T20220000267,2021-10-31,12:00:00,8,No collision and no object struck,7,Sunday,184,OUT OF CONTROL ON CARRIAGEWAY (ON BEND),9,701157,Not at intersection,3,100,Local Road,WHITE STAR,BAW BAW,-37.73704,146.46675,2021,10,October,12,Midday,Weekend
T20210022300,2021-10-31,01:00:00,2,Struck Pedestrian,7,Sunday,106,VEH STRIKES PED ON FOOTPATH/MEDIAN/TRAFFIC ISLAND.,5,719134,Not at intersection,2,50,Local Road,WESTMERE,HUME,-37.663425,144.93126,2021,10,October,1,Late Night,Weekend
T20210022607,2021-10-31,18:20:00,6,Vehicle overturned (no collision),7,Sunday,174,OUT OF CONTROL ON CARRIAGEWAY (ON STRAIGHT),1,696617,Not at intersection,3,50,Local Road,CASON,BAW BAW,-38.174393,145.93542,2021,10,October,18,Afternoon Peak,Weekend
T20210022562,2021-10-31,14:00:00,6,Vehicle overturned (no collision),7,Sunday,184,OUT OF CONTROL ON CARRIAGEWAY (ON BEND),9,697008,Not at intersection,2,100,Arterial Other,WARBURTON-WOODS POINT,YARRA RANGES,-37.647457,146.02675,2021,10,October,14,Midday,Weekend
T20210022297,2021-10-31,12:08:00,1,Collision with vehicle,7,Sunday,130,REAR END(VEHICLES IN SAME LANE),1,696383,Not at intersection,3,70,Arterial Highway,DANDENONG,STONNINGTON,-37.86669,145.02895,2021,10,October,12,Midday,Weekend
T20210021902,2021-10-31,06:28:00,4,Collision with a fixed object,7,Sunday,183,OFF LEFT BEND INTO OBJECT/PARKED VEHICLE,5,708152,Not at intersection,2,100,Local Road,PLUNKETTS,WODONGA,-36.08806,146.71706,2021,10,October,6,Morning Peak,Weekend
T20210021898,2021-10-31,10:07:00,1,Collision with vehicle,7,Sunday,135,LANE CHANGE LEFT (NOT OVERTAKING),1,43836,T intersection,3,60,Arterial Other,BELGRAVE-GEMBROOK,CARDINIA,-37.92915,145.42313,2021,10,October,10,Midday,Weekend
T20210021893,2021-10-31,07:30:00,3,Struck animal,7,Sunday,167,STRUCK ANIMAL,1,696008,Not at intersection,3,60,Local Road,SKYLINE,NILLUMBIK,-37.691925,145.30624,2021,10,October,7,Morning Peak,Weekend
T20210023201,2021-10-31,20:00:00,8,No collision and no object struck,7,Sunday,174,OUT OF CONTROL ON CARRIAGEWAY (ON STRAIGHT),1,268810,T intersection,3,50,Local Road,ANDERSONS,CARDINIA,-37.94643,145.67694,2021,10,October,20,Night,Weekend
T20210021907,2021-10-31,11:40:00,4,Collision with a fixed object,7,Sunday,171,LEFT OFF CARRIAGEWAY INTO OBJECT/PARKED VEHICLE,1,708153,Not at intersection,3,100,Local Road,ODEA,CAMPASPE,-36.235348,144.8585,2021,10,October,11,Midday,Weekend
T20210022009,2021-10-31,16:00:00,3,Struck animal,7,Sunday,167,STRUCK ANIMAL,1,701567,Not at intersection,2,100,Local Road,WEDDERBURN-SERPENTINE,LODDON,-36.46251,143.80603,2021,10,October,16,Afternoon Peak,Weekend