ACCIDENT_NO,ACCIDENT_DATE,ACCIDENT_TIME,ACCIDENT_TYPE,ACCIDENT_TYPE_DESC,DAY_OF_WEEK,DAY_WEEK_DESC,DCA_CODE,DCA_DESC,LIGHT_CONDITION,NODE_ID,ROAD_GEOMETRY_DESC,SEVERITY,SPEED_ZONE,RMA,ROAD_NAME,LGA_NAME,LATITUDE,LONGITUDE,YEAR,MONTH,MONTH_NAME,HOUR,TIME_PERIOD,DAY_TYPE
T20210021984,2021-10-31,15:30:00,1,Collision with vehicle,7,Sunday,121,RIGHT THROUGH,1,41326,T intersection,3,60,Local Road,KAMBROOK,GLEN EIRA,-37.876858,145.03545,2021,10,October,15,Afternoon Peak,Weekend
T20210021940,2021-10-31,15:00:00,1,Collision with vehicle,7,Sunday,121,RIGHT THROUGH,1,758911,Not at intersection,2,60,Arterial Highway,POINT NEPEAN,MORNINGTON PENINSULA,-38.368988,144.8534,2021,10,October,15,Afternoon Peak,Weekend
T20210021960,2021-10-31,15:10:00,4,Collision with a fixed object,7,Sunday,171,LEFT OFF CARRIAGEWAY INTO OBJECT/PARKED VEHICLE,1,700626,Not at intersection,2,60,Arterial Other,MCINTYRE,BRIMBANK,-37.75413,144.8329,2021,10,October,15,Afternoon Peak,Weekend
T20210021959,2021-10-31,08:25:00,1,Collision with vehicle,7,Sunday,130,REAR END(VEHICLES IN SAME LANE),1,46002,Cross intersection,2,30,Local Road,BEACH,PORT PHILLIP,-37.841408,144.93448,2021,10,October,8,Morning Peak,Weekend
T20210021954,2021-10-31,21:30:00,5,collision with some other object,7,Sunday,166,STRUCK OBJECT ON CARRIAGEWAY,5,696444,Not at intersection,2,100,Local Road,GARFIELD NORTH,CARDINIA,-38.06198,145.6767,2021,10,October,21,Night,Weekend
T20210021951,2021-10-31,21:45:00,4,Collision with a fixed object,7,Sunday,173,RIGHT OFF CARRIAGEWAY INTO OBJECT/PARKED VEHICLE,3,710565,Not at intersection,3,60,Arterial Other,GORDON,MARIBYRNONG,-37.78344,144.89099,2021,10,October,21,Night,Weekend
T20210021948,2021-10-31,19:26:00,1,Collision with vehicle,7,Sunday,147,VEHICLE STRIKES ANOTHER VEH WHILE EMERGING FROM DRIVEWAY,1,697935,Not at intersection,2,40,Local Road,HIGH,DAREBIN,-37.751278,145.00182,2021,10,October,19,Night,Weekend
T20210021944,2021-10-31,18:00:00,2,Struck Pedestrian,7,Sunday,102,FAR SIDE. PED HIT BY VEHICLE FROM THE LEFT,1,36395,Cross intersection,2,40,Local Road,CANNING,MELBOURNE,-37.795216,144.97331,2021,10,October,18,Afternoon Peak,Weekend
T20210021943,2021-10-31,18:31:00,1,Collision with vehicle,7,Sunday,140,U TURN,1,698359,Not at intersection,2,80,Arterial Other,STRATHFIELDSAYE,BENDIGO,-36.807877,144.36732,2021,10,October,18,Afternoon Peak,Weekend
T20210021939,2021-10-31,13:44:00,1,Collision with vehicle,7,Sunday,130,REAR END(VEHICLES IN SAME LANE),1,704619,Not at intersection,3,100,Arterial Highway,STRZELECKI,LATROBE,-38.30583,146.2768,2021,10,October,13,Midday,Weekend
T20210021938,2021-10-31,16:33:00,4,Collision with a fixed object,7,Sunday,181,OFF RIGHT BEND INTO OBJECT/PARKED VEHICLE,1,709466,Not at intersection,2,80,Arterial Other,SWANSEA,YARRA RANGES,-37.797825,145.35892,2021,10,October,16,Afternoon Peak,Weekend
T20210022361,2021-10-31,09:15:00,1,Collision with vehicle,7,Sunday,130,REAR END(VEHICLES IN SAME LANE),1,697291,Not at intersection,3,60,Arterial Other,TEMPLESTOWE,MANNINGHAM,-37.758694,145.08496,2021,10,October,9,Morning Peak,Weekend
T20210021935,2021-10-31,19:00:00,4,Collision with a fixed object,7,Sunday,181,OFF RIGHT BEND INTO OBJECT/PARKED VEHICLE,1,697068,Not at intersection,3,50,Arterial Other,YARRA,BOROONDARA,-37.793858,145.01622,2021,10,October,19,Night,Weekend
T20210021934,2021-10-31,17:32:00,6,Vehicle overturned (no collision),7,Sunday,174,OUT OF CONTROL ON CARRIAGEWAY (ON STRAIGHT),1,701372,T intersection,2,60,Local Road,FRYERS,GEELONG,-38.186207,144.32445,2021,10,October,17,Afternoon Peak,Weekend
T20210021929,2021-10-31,17:15:00,1,Collision with vehicle,7,Sunday,110,CROSS TRAFFIC(INTERSECTIONS ONLY),1,19370,Cross intersection,3,100,Local Road,ECHUCA-NANNEELLA,CAMPASPE,-36.256153,144.77751,2021,10,October,17,Afternoon Peak,Weekend
T20210021928,2021-10-31,17:00:00,1,Collision with vehicle,7,Sunday,160,VEHICLE COLLIDES WITH VEHICLE PARKED ON LEFT OF ROAD,1,696358,Not at intersection,3,60,Arterial Other,WAVERLEY,STONNINGTON,-37.876392,145.05162,2021,10,October,17,Afternoon Peak,Weekend
T20210021927,2021-10-31,16:37:00,1,Collision with vehicle,7,Sunday,132,RIGHT REAR.,1,1146,Cross intersection,2,60,Arterial Other,GEMBROOK-LAUNCHING PLACE,CARDINIA,-37.943546,145.5549,2021,10,October,16,Afternoon Peak,Weekend
T20210021926,2021-10-31,16:13:00,4,Collision with a fixed object,7,Sunday,164,PERMANENT OBSTRUCTION ON CARRIAGEWAY,1,73705,T intersection,3,50,Local Road,MELBOURNE,MORNINGTON PENINSULA,-38.379158,144.79662,2021,10,October,16,Afternoon Peak,Weekend
T20210021922,2021-10-31,14:45:00,4,Collision with a fixed object,7,Sunday,181,OFF RIGHT BEND INTO OBJECT/PARKED VEHICLE,1,702771,Not at intersection,2,100,Arterial Other,BEECHWORTH-CHILTERN,INDIGO,-36.334267,146.68776,2021,10,October,14,Midday,Weekend
T20210021888,2021-10-31,02:17:00,8,No collision and no object struck,7,Sunday,170,OFF CARRIAGEWAY TO LEFT,5,781561,Not at intersection,3,100,Local Road,ROCHESTER-STRATHALLAN,CAMPASPE,-36.25883,144.74298,2021,10,October,2,Late Night,Weekend
T20210021998,2021-11-01,09:25:00,1,Collision with vehicle,1,Monday,131,LEFT REAR,1,696160,T intersection,2,50,Local Road,TOWNSEND,GEELONG,-38.18235,144.39961,2021,11,November,9,Morning Peak,Weekday
T20210021994,2021-11-01,13:23:00,1,Collision with vehicle,1,Monday,132,RIGHT REAR.,1,696267,Not at intersection,2,40,Local Road,CHAPEL,DANDENONG,-38.011242,145.15952,2021,11,November,13,Midday,Weekday
T20210022150,2021-11-01,10:45:00,1,Collision with vehicle,1,Monday,131,LEFT REAR,1,700186,Multiple intersection,3,60,Freeway,MONASH IN-HEATHERTON,CASEY,-37.972656,145.23639,2021,11,November,10,Midday,Weekday
T20210021982,2021-11-01,09:23:00,1,Collision with vehicle,1,Monday,140,U TURN,1,645078,T intersection,2,80,Arterial Highway,QUINN,DANDENONG,-37.99877,145.22194,2021,11,November,9,Morning Peak,Weekday
T20210021995,2021-11-01,14:15:00,8,No collision and no object struck,1,Monday,174,OUT OF CONTROL ON CARRIAGEWAY (ON STRAIGHT),1,36572,Not at intersection,2,60,Local Road,GERTRUDE,YARRA,-37.80637,144.98299,2021,11,November,14,Midday,Weekday
T20210022254,2021-11-01,17:00:00,1,Collision with vehicle,1,Monday,110,CROSS TRAFFIC(INTERSECTIONS ONLY),1,52933,Cross intersection,3,60,Arterial Other,GRANT,BALLARAT,-37.56966,143.86278,2021,11,November,17,Afternoon Peak,Weekday
T20210022005,2021-11-01,16:06:00,1,Collision with vehicle,1,Monday,130,REAR END(VEHICLES IN SAME LANE),1,771762,Not at intersection,3,80,Arterial Other,ANGLESEA,SURF COAST,-38.320915,144.26468,2021,11,November,16,Afternoon Peak,Weekday
T20210022006,2021-11-01,18:46:00,6,Vehicle overturned (no collision),1,Monday,174,OUT OF CONTROL ON CARRIAGEWAY (ON STRAIGHT),1,696056,Not at intersection,3,100,Local Road,NAVARRE,PYRENEES,-36.93881,143.33229,2021,11,November,18,Afternoon Peak,Weekday
T20210023859,2021-11-01,21:00:00,1,Collision with vehicle,1,Monday,134,LANE CHANGE RIGHT (NOT OVERTAKING),3,781221,Not at intersection,3,100,Freeway,WESTERN RING,BRIMBANK,-37.74694,144.83781,2021,11,November,21,Night,Weekday
T20210022316,2021-11-01,11:50:00,1,Collision with vehicle,1,Monday,137,LEFT TURN SIDESWIPE,1,50293,Cross intersection,3,50,Local Road,PRESIDENTS,GEELONG,-38.267,144.52223,2021,11,November,11,Midday,Weekday
T20210022007,2021-11-01,17:27:00,6,Vehicle overturned (no collision),1,Monday,174,OUT OF CONTROL ON CARRIAGEWAY (ON STRAIGHT),1,73315,Cross intersection,2,60,Arterial Other,MARINE,MORNINGTON PENINSULA,-38.311436,144.9929,2021,11,November,17,Afternoon Peak,Weekday
T20210022755,2021-11-01,08:02:00,1,Collision with vehicle,1,Monday,130,REAR END(VEHICLES IN SAME LANE),1,778415,Not at intersection,3,40,Arterial Other,HEATHS,WYNDHAM,-37.876083,144.6588,2021,11,November,8,Morning Peak,Weekday
T20210021986,2021-11-01,11:15:00,1,Collision with vehicle,1,Monday,111,RIGHT FAR (INTERSECTIONS ONLY),1,46118,Multiple intersection,3,50,Local Road,HAMPSHIRE,BRIMBANK,-37.78781,144.83353,2021,11,November,11,Midday,Weekday
T20210021987,2021-11-01,10:21:00,1,Collision with vehicle,1,Monday,121,RIGHT THROUGH,1,42862,Cross intersection,3,60,Arterial Other,CENTRE DANDENONG,KINGSTON,-37.975807,145.12256,2021,11,November,10,Midday,Weekday
T20210021988,2021-11-01,13:00:00,1,Collision with vehicle,1,Monday,121,RIGHT THROUGH,1,50226,Cross intersection,3,70,Arterial Highway,BELLARINE,GEELONG,-38.19132,144.4735,2021,11,November,13,Midday,Weekday
T20210021996,2021-11-01,14:56:00,1,Collision with vehicle,1,Monday,113,RIGHT NEAR (INTERSECTIONS ONLY),1,50403,T intersection,3,80,Arterial Highway,BASS,BASS COAST,-38.472202,145.47481,2021,11,November,14,Midday,Weekday
T20210022012,2021-11-01,18:20:00,1,Collision with vehicle,1,Monday,130,REAR END(VEHICLES IN SAME LANE),1,698823,Not at intersection,2,40,Arterial Other,BROADWAY,DAREBIN,-37.716793,145.00821,2021,11,November,18,Afternoon Peak,Weekday
T20210022008,2021-11-01,16:50:00,1,Collision with vehicle,1,Monday,130,REAR END(VEHICLES IN SAME LANE),1,696359,Not at intersection,3,60,Arterial Other,PASCOE VALE,MOONEE VALLEY,-37.736908,144.92627,2021,11,November,16,Afternoon Peak,Weekday
T20210022016,2021-11-01,19:30:00,1,Collision with vehicle,1,Monday,130,REAR END(VEHICLES IN SAME LANE),2,40655,Cross intersection,3,60,Arterial Other,HUNTINGDALE,MONASH,-37.873512,145.11067,2021,11,November,19,Night,Weekday
T20210022022,2021-11-01,20:58:00,1,Collision with vehicle,1,Monday,130,REAR END(VEHICLES IN SAME LANE),3,778414,Cross intersection,3,60,Arterial Other,ELIZABETH,MELBOURNE,-37.806217,144.95947,2021,11,November,20,Night,Weekday
T20210022025,2021-11-01,23:31:00,5,collision with some other object,1,Monday,166,STRUCK OBJECT ON CARRIAGEWAY,5,697337,Not at intersection,3,100,Arterial Other,TRARALGON-MAFFRA,WELLINGTON,-38.01315,146.68631,2021,11,November,23,Night,Weekday
T20210022032,2021-11-01,22:30:00,4,Collision with a fixed object,1,Monday,171,LEFT OFF CARRIAGEWAY INTO OBJECT/PARKED VEHICLE,5,696691,Not at intersection,3,100,Local Road,MANKS,CASEY,-38.16596,145.3478,2021,11,November,22,Night,Weekday
T20210022000,2021-11-01,11:15:00,1,Collision with vehicle,1,Monday,120,HEAD ON (NOT OVERTAKING),1,696446,Not at intersection,2,50,Local Road,BRENNAN,CARDINIA,-37.99761,145.39035,2021,11,November,11,Midday,Weekday
T20220019462,2021-11-01,18:08:00,1,Collision with vehicle,1,Monday,116,LEFT NEAR (INTERSECTIONS ONLY),1,723090,Cross intersection,3,50,Local Road,ELECTRA,MONASH,-37.870453,145.10786,2021,11,November,18,Afternoon Peak,Weekday
T20210024029,2021-11-01,14:59:00,1,Collision with vehicle,1,Monday,130,REAR END(VEHICLES IN SAME LANE),1,698456,Not at intersection,3,80,Arterial Other,PRINCES,CARDINIA,-38.057014,145.39348,2021,11,November,14,Midday,Weekday
T20210022053,2021-11-01,15:02:00,1,Collision with vehicle,1,Monday,147,VEHICLE STRIKES ANOTHER VEH WHILE EMERGING FROM DRIVEWAY,1,697001,Not at intersection,3,60,Arterial Other,RINGWOOD-WARRANDYTE,MANNINGHAM,-37.745167,145.23494,2021,11,November,15,Afternoon Peak,Weekday
T20210021992,2021-11-01,10:40:00,6,Vehicle overturned (no collision),1,Monday,184,OUT OF CONTROL ON CARRIAGEWAY (ON BEND),1,697695,Not at intersection,3,80,Arterial Other,MANSFIELD-WHITFIELD,MANSFIELD,-36.942036,146.20168,2021,11,November,10,Midday,Weekday
T20210021974,2021-11-01,10:20:00,6,Vehicle overturned (no collision),1,Monday,174,OUT OF CONTROL ON CARRIAGEWAY (ON STRAIGHT),1,696054,Not at intersection,3,50,Local Road,MERCER,GEELONG,-38.139496,144.35477,2021,11,November,10,Midday,Weekday
T20210022376,2021-11-01,07:00:00,1,Collision with vehicle,1,Monday,110,CROSS TRAFFIC(INTERSECTIONS ONLY),1,38803,Cross intersection,3,60,Arterial Highway,NAPIER STREET -WHITEHALL,MARIBYRNONG,-37.805138,144.90425,2021,11,November,7,Morning Peak,Weekday
T20210021965,2021-11-01,07:45:00,1,Collision with vehicle,1,Monday,160,VEHICLE COLLIDES WITH VEHICLE PARKED ON LEFT OF ROAD,1,696895,Not at intersection,2,50,Local Road,GOLF LINKS,CASEY,-38.04491,145.33786,2021,11,November,7,Morning Peak,Weekday
T20210022285,2021-11-01,12:30:00,1,Collision with vehicle,1,Monday,111,RIGHT FAR (INTERSECTIONS ONLY),1,51407,Cross intersection,2,50,Local Road,EYRE,CAMPASPE,-36.134563,144.75124,2021,11,November,12,Midday,Weekday
T20210022047,2021-11-02,11:30:00,4,Collision with a fixed object,2,Tuesday,181,OFF RIGHT BEND INTO OBJECT/PARKED VEHICLE,1,703741,Not at intersection,3,100,Local Road,FARADAY-SUTTON GRANGE,MOUNT ALEXANDER,-37.028385,144.32596,2021,11,November,11,Midday,Weekday
T20210022056,2021-11-02,12:40:00,1,Collision with vehicle,2,Tuesday,120,HEAD ON (NOT OVERTAKING),1,697550,T intersection,3,80,Arterial Highway,MIDLAND,HEPBURN,-37.35487,144.11342,2021,11,November,12,Midday,Weekday
T20210022292,2021-11-02,19:30:00,8,No collision and no object struck,2,Tuesday,174,OUT OF CONTROL ON CARRIAGEWAY (ON STRAIGHT),9,696382,Not at intersection,3,50,Local Road,MAFFRA,HUME,-37.665295,144.94252,2021,11,November,19,Night,Weekday
T20210022286,2021-11-02,13:58:00,1,Collision with vehicle,2,Tuesday,130,REAR END(VEHICLES IN SAME LANE),1,778416,Not at intersection,3,80,Arterial Other,FRANKSTON-FLINDERS,MORNINGTON PENINSULA,-38.316143,145.18349,2021,11,November,13,Midday,Weekday
T20210022406,2021-11-02,15:30:00,1,Collision with vehicle,2,Tuesday,121,RIGHT THROUGH,1,38744,Cross intersection,3,60,Arterial Other,BUCKLEY,MARIBYRNONG,-37.803257,144.8924,2021,11,November,15,Afternoon Peak,Weekday
T20210022216,2021-11-02,17:30:00,1,Collision with vehicle,2,Tuesday,130,REAR END(VEHICLES IN SAME LANE),1,697873,Not at intersection,3,100,Freeway,FRANKSTON,FRANKSTON,-38.121876,145.13557,2021,11,November,17,Afternoon Peak,Weekday
T20210022173,2021-11-02,14:00:00,1,Collision with vehicle,2,Tuesday,130,REAR END(VEHICLES IN SAME LANE),1,77517,Not at intersection,3,80,Arterial Other,EDITHVALE,KINGSTON,-38.03027,145.12802,2021,11,November,14,Midday,Weekday
T20210022120,2021-11-02,22:54:00,1,Collision with vehicle,2,Tuesday,113,RIGHT NEAR (INTERSECTIONS ONLY),3,43804,T intersection,3,50,Arterial Other,MURRAY,DAREBIN,-37.73708,144.99507,2021,11,November,22,Night,Weekday
T20210022091,2021-11-02,22:15:00,1,Collision with vehicle,2,Tuesday,134,LANE CHANGE RIGHT (NOT OVERTAKING),3,713972,Not at intersection,2,100,Freeway,WESTERN RING,HUME,-37.704803,144.88918,2021,11,November,22,Night,Weekday
T20210022088,2021-11-02,18:15:00,1,Collision with vehicle,2,Tuesday,130,REAR END(VEHICLES IN SAME LANE),1,53848,T intersection,3,60,Arterial Highway,NEPEAN,FRANKSTON,-38.150272,145.11464,2021,11,November,18,Afternoon Peak,Weekday
T20210022086,2021-11-02,17:15:00,1,Collision with vehicle,2,Tuesday,121,RIGHT THROUGH,1,37403,T intersection,2,50,Local Road,BARRY,WHITTLESEA,-37.67153,144.99455,2021,11,November,17,Afternoon Peak,Weekday
T20210022085,2021-11-02,18:38:00,6,Vehicle overturned (no collision),2,Tuesday,180,OFF CARRIAGEWAY ON RIGHT BEND,1,702541,Not at intersection,3,100,Arterial Other,BENGWORDEN,EAST GIPPSLAND,-37.928303,147.54044,2021,11,November,18,Afternoon Peak,Weekday
T20210022084,2021-11-02,13:40:00,1,Collision with vehicle,2,Tuesday,130,REAR END(VEHICLES IN SAME LANE),1,697002,Not at intersection,2,70,Arterial Other,HIGH STREET,MONASH,-37.87667,145.18658,2021,11,November,13,Midday,Weekday
T20210022079,2021-11-02,16:20:00,4,Collision with a fixed object,2,Tuesday,164,PERMANENT OBSTRUCTION ON CARRIAGEWAY,1,700879,Not at intersection,2,100,Local Road,HUNTS,SURF COAST,-38.25931,144.20024,2021,11,November,16,Afternoon Peak,Weekday
T20210022078,2021-11-02,14:30:00,1,Collision with vehicle,2,Tuesday,110,CROSS TRAFFIC(INTERSECTIONS ONLY),1,43788,Cross intersection,2,60,Arterial Other,CLEGG,YARRA RANGES,-37.782345,145.41853,2021,11,November,14,Midday,Weekday
T20210022076,2021-11-02,16:36:00,1,Collision with vehicle,2,Tuesday,130,REAR END(VEHICLES IN SAME LANE),1,696533,Not at intersection,2,60,Arterial Other,PASCOE VALE,MORELAND,-37.69825,144.91513,2021,11,November,16,Afternoon Peak,Weekday
T20210022075,2021-11-02,16:48:00,1,Collision with vehicle,2,Tuesday,132,RIGHT REAR.,1,696270,Not at intersection,2,70,Arterial Other,MURRADOC,GEELONG,-38.176548,144.70409,2021,11,November,16,Afternoon Peak,Weekday
T20210022073,2021-11-02,16:45:00,1,Collision with vehicle,2,Tuesday,110,CROSS TRAFFIC(INTERSECTIONS ONLY),1,73858,Cross intersection,2,50,Local Road,BAROMI,SOUTH GIPPSLAND,-38.40285,146.16759,2021,11,November,16,Afternoon Peak,Weekday
T20210022071,2021-11-02,17:00:00,1,Collision with vehicle,2,Tuesday,135,LANE CHANGE LEFT (NOT OVERTAKING),1,697166,Not at intersection,2,80,Non Arterial,SNEYDES,WYNDHAM,-37.89638,144.7137,2021,11,November,17,Afternoon Peak,Weekday
T20210022068,2021-11-02,12:10:00,1,Collision with vehicle,2,Tuesday,110,CROSS TRAFFIC(INTERSECTIONS ONLY),1,51032,Cross intersection,2,100,Local Road,CENTRAL,SHEPPARTON,-36.377594,145.46196,2021,11,November,12,Midday,Weekday
T20210022027,2021-11-02,01:30:00,1,Collision with vehicle,2,Tuesday,160,VEHICLE COLLIDES WITH VEHICLE PARKED ON LEFT OF ROAD,3,696360,Not at intersection,3,40,Arterial Other,TOORAK,STONNINGTON,-37.83931,144.99411,2021,11,November,1,Late Night,Weekday
T20210022029,2021-11-02,01:30:00,4,Collision with a fixed object,2,Tuesday,173,RIGHT OFF CARRIAGEWAY INTO OBJECT/PARKED VEHICLE,5,698181,Not at intersection,3,70,Local Road,GRINTER,MOIRA,-35.99631,145.79591,2021,11,November,1,Late Night,Weekday
T20210022034,2021-11-02,05:28:00,4,Collision with a fixed object,2,Tuesday,173,RIGHT OFF CARRIAGEWAY INTO OBJECT/PARKED VEHICLE,2,758110,Not at intersection,2,80,Arterial Other,POUND,CASEY,-38.026913,145.25694,2021,11,November,5,Morning Peak,Weekday
T20210022064,2021-11-02,10:50:00,1,Collision with vehicle,2,Tuesday,113,RIGHT NEAR (INTERSECTIONS ONLY),1,17587,Cross intersection,3,100,Arterial Other,KATAMATITE-SHEPPARTON,MOIRA,-36.193645,145.53159,2021,11,November,10,Midday,Weekday
T20210022036,2021-11-02,06:35:00,4,Collision with a fixed object,2,Tuesday,171,LEFT OFF CARRIAGEWAY INTO OBJECT/PARKED VEHICLE,1,704897,Not at intersection,2,50,Arterial Other,TRAFALGAR,BOROONDARA,-37.83257,145.0636,2021,11,November,6,Morning Peak,Weekday
T20210022041,2021-11-02,09:05:00,4,Collision with a fixed object,2,Tuesday,183,OFF LEFT BEND INTO OBJECT/PARKED VEHICLE,1,781285,Not at intersection,3,100,Arterial Other,WARRNAMBOOL-CARAMUT,MOYNE,-37.979916,142.49986,2021,11,November,9,Morning Peak,Weekday
T20210022063,2021-11-02,08:30:00,6,Vehicle overturned (no collision),2,Tuesday,174,OUT OF CONTROL ON CARRIAGEWAY (ON STRAIGHT),1,730956,Not at intersection,3,50,Local Road,BUFFALO,GEELONG,-38.07378,144.3684,2021,11,November,8,Morning Peak,Weekday
T20210022613,2021-11-02,14:45:00,1,Collision with vehicle,2,Tuesday,148,VEHICLE OFF FOOTPATH STRIKES VEH ON CARRIAGEWAY,1,696707,T intersection,3,50,Local Road,ROSENTHAL,HUME,-37.59875,144.71317,2021,11,November,14,Midday,Weekday
T20210022060,2021-11-02,10:25:00,4,Collision with a fixed object,2,Tuesday,181,OFF RIGHT BEND INTO OBJECT/PARKED VEHICLE,1,697696,Not at intersection,2,80,Arterial Other,GEMBROOK-LAUNCHING PLACE,YARRA RANGES,-37.857227,145.58972,2021,11,November,10,Midday,Weekday
T20210022059,2021-11-02,14:32:00,1,Collision with vehicle,2,Tuesday,135,LANE CHANGE LEFT (NOT OVERTAKING),1,781286,Not at intersection,3,60,Local Road,WELLINGTON,MELBOURNE,-37.815468,144.97694,2021,11,November,14,Midday,Weekday
T20210022044,2021-11-02,04:30:00,4,Collision with a fixed object,2,Tuesday,181,OFF RIGHT BEND INTO OBJECT/PARKED VEHICLE,5,698767,Not at intersection,3,80,Arterial Highway,GREAT OCEAN,COLAC OTWAY,-38.748238,143.56013,2021,11,November,4,Late Night,Weekday
T20210022474,2021-11-02,20:55:00,3,Struck animal,2,Tuesday,167,STRUCK ANIMAL,5,696748,Not at intersection,3,80,Arterial Highway,MIDLAND,GOLDEN PLAINS,-37.873707,144.07745,2021,11,November,20,Night,Weekday
T20210022773,2021-11-02,22:00:00,1,Collision with vehicle,2,Tuesday,110,CROSS TRAFFIC(INTERSECTIONS ONLY),3,697339,Cross intersection,3,60,Arterial Highway,BANDIANA LINK,WODONGA,-36.136677,146.90909,2021,11,November,22,Night,Weekday
T20210022045,2021-11-02,10:43:00,3,Struck animal,2,Tuesday,167,STRUCK ANIMAL,1,696217,Not at intersection,2,100,Local Road,CHAPMANS,MELTON,-37.578228,144.56754,2021,11,November,10,Midday,Weekday
T20220027081,2021-11-02,01:50:00,1,Collision with vehicle,2,Tuesday,113,RIGHT NEAR (INTERSECTIONS ONLY),3,43359,T intersection,3,70,Arterial Other,SEAFORD,FRANKSTON,-38.110443,145.12997,2021,11,November,1,Late Night,Weekday
T20210022200,2021-11-03,19:00:00,4,Collision with a fixed object,3,Wednesday,181,OFF RIGHT BEND INTO OBJECT/PARKED VEHICLE,5,300560,Not at intersection,3,80,Arterial Other,RINGWOOD-WARRANDYTE,MANNINGHAM,-37.76728,145.22975,2021,11,November,19,Night,Weekday
T20210022471,2021-11-03,10:30:00,1,Collision with vehicle,3,Wednesday,130,REAR END(VEHICLES IN SAME LANE),1,699352,Cross intersection,3,60,Arterial Highway,CRESWICK,BALLARAT,-37.52738,143.84872,2021,11,November,10,Midday,Weekday
T20210022820,2021-11-03,16:30:00,1,Collision with vehicle,3,Wednesday,130,REAR END(VEHICLES IN SAME LANE),1,699916,Not at intersection,3,60,Arterial Highway,KINGS,PORT PHILLIP,-37.832733,144.96725,2021,11,November,16,Afternoon Peak,Weekday
T20210022117,2021-11-03,09:55:00,4,Collision with a fixed object,3,Wednesday,181,OFF RIGHT BEND INTO OBJECT/PARKED VEHICLE,1,701100,Not at intersection,3,80,Local Road,BEENAK,YARRA RANGES,-37.79891,145.47002,2021,11,November,9,Morning Peak,Weekday
T20210022147,2021-11-03,15:45:00,1,Collision with vehicle,3,Wednesday,160,VEHICLE COLLIDES WITH VEHICLE PARKED ON LEFT OF ROAD,1,696921,T intersection,3,40,Local Road,MCNICOL,YARRA RANGES,-37.90788,145.34357,2021,11,November,15,Afternoon Peak,Weekday
T20210023491,2021-11-03,15:39:00,1,Collision with vehicle,3,Wednesday,162,ACCIDENT OR BROKEN DOWN,1,39610,T intersection,3,60,Local Road,LOUGHNAN,MAROONDAH,-37.805573,145.22731,2021,11,November,15,Afternoon Peak,Weekday
T20210022155,2021-11-03,16:53:00,1,Collision with vehicle,3,Wednesday,110,CROSS TRAFFIC(INTERSECTIONS ONLY),1,696308,Cross intersection,2,40,Local Road,YARRA,GEELONG,-38.152042,144.36139,2021,11,November,16,Afternoon Peak,Weekday
T20210022156,2021-11-03,17:52:00,1,Collision with vehicle,3,Wednesday,130,REAR END(VEHICLES IN SAME LANE),1,696223,Not at intersection,3,80,Arterial Highway,NEPEAN,KINGSTON,-37.94671,145.0443,2021,11,November,17,Afternoon Peak,Weekday
T20210026834,2021-11-03,15:30:00,1,Collision with vehicle,3,Wednesday,130,REAR END(VEHICLES IN SAME LANE),1,731287,Not at intersection,3,60,Local Road,CALDER PARK,BRIMBANK,-37.681244,144.7594,2021,11,November,15,Afternoon Peak,Weekday
T20210022158,2021-11-03,17:15:00,1,Collision with vehicle,3,Wednesday,130,REAR END(VEHICLES IN SAME LANE),1,697120,Not at intersection,3,80,Arterial Highway,DANDENONG-HASTINGS,CASEY,-38.06173,145.24266,2021,11,November,17,Afternoon Peak,Weekday
T20210022159,2021-11-03,17:52:00,1,Collision with vehicle,3,Wednesday,132,RIGHT REAR.,1,699351,Not at intersection,3,100,Arterial Other,WANDONG,MITCHELL,-37.342262,144.99269,2021,11,November,17,Afternoon Peak,Weekday
T20210022163,2021-11-03,19:30:00,1,Collision with vehicle,3,Wednesday,110,CROSS TRAFFIC(INTERSECTIONS ONLY),1,50687,Cross intersection,3,60,Arterial Highway,BANYAN,WARRNAMBOOL,-38.37936,142.48984,2021,11,November,19,Night,Weekday
T20210022164,2021-11-03,18:10:00,1,Collision with vehicle,3,Wednesday,135,LANE CHANGE LEFT (NOT OVERTAKING),1,148696,Not at intersection,3,80,Arterial Highway,FRANKSTON-DANDENONG,FRANKSTON,-38.09921,145.173,2021,11,November,18,Afternoon Peak,Weekday
T20220000048,2021-11-03,16:30:00,1,Collision with vehicle,3,Wednesday,140,U TURN,1,721146,Not at intersection,3,80,Local Road,NEPEAN,KINGSTON,-37.961758,145.05498,2021,11,November,16,Afternoon Peak,Weekday
T20210022143,2021-11-03,14:05:00,8,No collision and no object struck,3,Wednesday,172,OFF CARRIAGEWAY TO RIGHT,1,696268,Not at intersection,2,80,Arterial Highway,MELBA,YARRA RANGES,-37.66718,145.37851,2021,11,November,14,Midday,Weekday
T20210022172,2021-11-03,18:16:00,6,Vehicle overturned (no collision),3,Wednesday,172,OFF CARRIAGEWAY TO RIGHT,1,737239,Not at intersection,3,100,Local Road,PIRRO,MILDURA,-35.28785,142.49767,2021,11,November,18,Afternoon Peak,Weekday