ACCIDENT_NO,ACCIDENT_DATE,ACCIDENT_TIME,ACCIDENT_TYPE,ACCIDENT_TYPE_DESC,DAY_OF_WEEK,DAY_WEEK_DESC,DCA_CODE,DCA_DESC,LIGHT_CONDITION,NODE_ID,ROAD_GEOMETRY_DESC,SEVERITY,SPEED_ZONE,RMA,ROAD_NAME,LGA_NAME,LATITUDE,LONGITUDE,YEAR,MONTH,MONTH_NAME,HOUR,TIME_PERIOD,DAY_TYPE
T20210023702,2021-11-03,15:20:00,1,Collision with vehicle,3,Wednesday,121,RIGHT THROUGH,1,40641,Cross intersection,3,60,Arterial Other,ELGAR,WHITEHORSE,-37.830505,145.11253,2021,11,November,15,Afternoon Peak,Weekday
T20210022175,2021-11-03,19:23:00,1,Collision with vehicle,3,Wednesday,110,CROSS TRAFFIC(INTERSECTIONS ONLY),1,360256,Cross intersection,3,60,Arterial Highway,EAGLEHAWK,BENDIGO,-36.746906,144.25824,2021,11,November,19,Night,Weekday
T20210024977,2021-11-03,15:40:00,1,Collision with vehicle,3,Wednesday,133,LANE SIDE SWIPE (VEHICLES IN PARALLEL LANES),1,261015,Not at intersection,2,100,Freeway,WESTERN RING,BRIMBANK,-37.748672,144.83554,2021,11,November,15,Afternoon Peak,Weekday
T20210022321,2021-11-03,17:00:00,8,No collision and no object struck,3,Wednesday,182,OFF CARRIAGEWAY ON LEFT BEND,1,697005,T intersection,3,100,Arterial Highway,STRZELECKI,SOUTH GIPPSLAND,-38.40636,146.05795,2021,11,November,17,Afternoon Peak,Weekday
T20210022177,2021-11-03,21:23:00,2,Struck Pedestrian,3,Wednesday,100,PED NEAR SIDE. PED HIT BY VEHICLE FROM THE RIGHT.,3,697121,T intersection,3,60,Arterial Other,VICTORIA,YARRA,-37.80874,144.9827,2021,11,November,21,Night,Weekday
T20210022183,2021-11-03,23:44:00,1,Collision with vehicle,3,Wednesday,111,RIGHT FAR (INTERSECTIONS ONLY),3,730959,T intersection,3,60,Arterial Other,KINGSBURY,DAREBIN,-37.71837,145.0445,2021,11,November,23,Night,Weekday
T20210022189,2021-11-03,07:00:00,4,Collision with a fixed object,3,Wednesday,183,OFF LEFT BEND INTO OBJECT/PARKED VEHICLE,1,715684,Not at intersection,3,100,Local Road,MARDAN,SOUTH GIPPSLAND,-38.468315,146.02481,2021,11,November,7,Morning Peak,Weekday
T20210022236,2021-11-03,16:49:00,1,Collision with vehicle,3,Wednesday,116,LEFT NEAR (INTERSECTIONS ONLY),1,68723,T intersection,3,50,Local Road,SALADIN,MONASH,-37.89308,145.15181,2021,11,November,16,Afternoon Peak,Weekday
T20210022114,2021-11-03,10:00:00,3,Struck animal,3,Wednesday,167,STRUCK ANIMAL,1,697697,Not at intersection,2,100,Local Road,LIMONITE,LATROBE,-38.414238,146.24309,2021,11,November,10,Midday,Weekday
T20210022130,2021-11-03,11:50:00,1,Collision with vehicle,3,Wednesday,130,REAR END(VEHICLES IN SAME LANE),1,696306,T intersection,3,50,Local Road,WATSONIA,BANYULE,-37.705566,145.0836,2021,11,November,11,Midday,Weekday
T20210022132,2021-11-03,10:50:00,1,Collision with vehicle,3,Wednesday,121,RIGHT THROUGH,1,29549,Cross intersection,3,60,Arterial Other,AUBURN,BOROONDARA,-37.815815,145.0463,2021,11,November,10,Midday,Weekday
T20210022134,2021-11-03,12:02:00,4,Collision with a fixed object,3,Wednesday,173,RIGHT OFF CARRIAGEWAY INTO OBJECT/PARKED VEHICLE,1,299903,Cross intersection,3,60,Local Road,BRIDGE INN,WHITTLESEA,-37.598965,145.08197,2021,11,November,12,Midday,Weekday
T20210023719,2021-11-03,14:00:00,1,Collision with vehicle,3,Wednesday,132,RIGHT REAR.,1,36195,T intersection,3,40,Arterial Highway,NEPEAN,KINGSTON,-38.0577,145.11815,2021,11,November,14,Midday,Weekday
T20210022561,2021-11-03,19:09:00,3,Struck animal,3,Wednesday,167,STRUCK ANIMAL,1,698909,Not at intersection,3,100,Arterial Other,BEECHWORTH-CHILTERN,INDIGO,-36.274776,146.65747,2021,11,November,19,Night,Weekday
T20210022212,2021-11-03,21:15:00,1,Collision with vehicle,3,Wednesday,110,CROSS TRAFFIC(INTERSECTIONS ONLY),3,41900,Cross intersection,2,60,Arterial Other,GAFFNEY,MORELAND,-37.73151,144.93849,2021,11,November,21,Night,Weekday
T20210022863,2021-11-03,19:30:00,1,Collision with vehicle,3,Wednesday,133,LANE SIDE SWIPE (VEHICLES IN PARALLEL LANES),9,781293,Not at intersection,3,80,Freeway,CALDER,BRIMBANK,-37.676037,144.77094,2021,11,November,19,Night,Weekday
T20210022137,2021-11-03,14:00:00,1,Collision with vehicle,3,Wednesday,130,REAR END(VEHICLES IN SAME LANE),1,42629,T intersection,3,60,Local Road,GLADSTONE,DANDENONG,-37.940197,145.21048,2021,11,November,14,Midday,Weekday
T20210022142,2021-11-03,06:10:00,4,Collision with a fixed object,3,Wednesday,171,LEFT OFF CARRIAGEWAY INTO OBJECT/PARKED VEHICLE,1,696750,Not at intersection,3,100,Arterial Other,HEATHCOTE-KYNETON,MOUNT ALEXANDER,-37.16298,144.49557,2021,11,November,6,Morning Peak,Weekday
T20210022994,2021-11-03,20:10:00,1,Collision with vehicle,3,Wednesday,132,RIGHT REAR.,9,697790,Multiple intersection,3,80,Arterial Highway,SOUTH GIPPSLAND,CASEY,-38.00373,145.25214,2021,11,November,20,Night,Weekday
T20210022310,2021-11-03,16:45:00,1,Collision with vehicle,3,Wednesday,130,REAR END(VEHICLES IN SAME LANE),1,705453,Not at intersection,3,60,Arterial Other,KINGS,PORT PHILLIP,-37.836452,144.97354,2021,11,November,16,Afternoon Peak,Weekday
T20210022108,2021-11-03,03:15:00,4,Collision with a fixed object,3,Wednesday,173,RIGHT OFF CARRIAGEWAY INTO OBJECT/PARKED VEHICLE,5,704210,Not at intersection,1,100,Arterial Other,MELBOURNE,HEPBURN,-37.459328,143.94429,2021,11,November,3,Late Night,Weekday
T20210022106,2021-11-03,08:40:00,1,Collision with vehicle,3,Wednesday,121,RIGHT THROUGH,1,320478,T intersection,3,70,Arterial Other,SULLIVAN,KINGSTON,-37.936947,145.06456,2021,11,November,8,Morning Peak,Weekday
T20210022103,2021-11-03,06:40:00,1,Collision with vehicle,3,Wednesday,134,LANE CHANGE RIGHT (NOT OVERTAKING),1,230618,Not at intersection,2,100,Freeway,MONASH,STONNINGTON,-37.860176,145.0593,2021,11,November,6,Morning Peak,Weekday
T20210022533,2021-11-03,13:00:00,1,Collision with vehicle,3,Wednesday,121,RIGHT THROUGH,1,696641,Not at intersection,3,60,Local Road,CHADSTONE,STONNINGTON,-37.886536,145.0783,2021,11,November,13,Midday,Weekday
T20210023440,2021-11-03,14:30:00,1,Collision with vehicle,3,Wednesday,130,REAR END(VEHICLES IN SAME LANE),9,697420,Cross intersection,3,80,Local Road,MELTON,BRIMBANK,-37.701965,144.80168,2021,11,November,14,Midday,Weekday
T20210024972,2021-11-04,11:20:00,1,Collision with vehicle,4,Thursday,134,LANE CHANGE RIGHT (NOT OVERTAKING),1,704950,Not at intersection,2,60,Arterial Highway,WARBURTON,YARRA RANGES,-37.77906,145.45633,2021,11,November,11,Midday,Weekday
T20210022193,2021-11-04,07:00:00,1,Collision with vehicle,4,Thursday,132,RIGHT REAR.,1,696377,Not at intersection,3,60,Local Road,RESERVE,GEELONG,-38.206028,144.35017,2021,11,November,7,Morning Peak,Weekday
T20210022197,2021-11-04,08:30:00,1,Collision with vehicle,4,Thursday,110,CROSS TRAFFIC(INTERSECTIONS ONLY),1,437,Cross intersection,3,80,Arterial Highway,MAROONDAH,YARRA RANGES,-37.760338,145.32825,2021,11,November,8,Morning Peak,Weekday
T20210023485,2021-11-04,12:00:00,1,Collision with vehicle,4,Thursday,169,OTHER ON PATH,1,697879,Not at intersection,2,60,Local Road,COONANS,MORELAND,-37.749752,144.93497,2021,11,November,12,Midday,Weekday
T20210022272,2021-11-04,21:40:00,2,Struck Pedestrian,4,Thursday,102,FAR SIDE. PED HIT BY VEHICLE FROM THE LEFT,5,696697,Not at intersection,2,50,Local Road,ANNIVERSARY,WYNDHAM,-37.85062,144.59317,2021,11,November,21,Night,Weekday
T20210022271,2021-11-04,19:03:00,4,Collision with a fixed object,4,Thursday,183,OFF LEFT BEND INTO OBJECT/PARKED VEHICLE,1,698769,Not at intersection,3,60,Arterial Highway,HAMILTON,CORANGAMITE,-37.95359,143.34694,2021,11,November,19,Night,Weekday
T20210022268,2021-11-04,21:55:00,2,Struck Pedestrian,4,Thursday,102,FAR SIDE. PED HIT BY VEHICLE FROM THE LEFT,3,207,Cross intersection,3,50,Arterial Other,KING,MELBOURNE,-37.81939,144.9571,2021,11,November,21,Night,Weekday
T20210023726,2021-11-04,12:00:00,1,Collision with vehicle,4,Thursday,147,VEHICLE STRIKES ANOTHER VEH WHILE EMERGING FROM DRIVEWAY,1,707939,Not at intersection,3,50,Arterial Highway,HIGH,SHEPPARTON,-36.38279,145.41206,2021,11,November,12,Midday,Weekday
T20210022201,2021-11-04,08:40:00,1,Collision with vehicle,4,Thursday,110,CROSS TRAFFIC(INTERSECTIONS ONLY),1,698161,Cross intersection,3,40,Local Road,CATHERINE,MELTON,-37.69812,144.7478,2021,11,November,8,Morning Peak,Weekday
T20210022266,2021-11-04,13:55:00,1,Collision with vehicle,4,Thursday,130,REAR END(VEHICLES IN SAME LANE),1,730980,T intersection,3,50,Local Road,REGENT,DANDENONG,-37.94835,145.14409,2021,11,November,13,Midday,Weekday
T20210022205,2021-11-04,10:10:00,1,Collision with vehicle,4,Thursday,121,RIGHT THROUGH,1,696643,Not at intersection,2,50,Local Road,MARSHALL,BANYULE,-37.770554,145.04694,2021,11,November,10,Midday,Weekday
T20210022264,2021-11-04,15:30:00,1,Collision with vehicle,4,Thursday,114,TWO RIGHT TURNING (INTERSECTIONS ONLY),1,35344,T intersection,3,50,Arterial Other,JOHNSTON,YARRA,-37.800526,144.99994,2021,11,November,15,Afternoon Peak,Weekday
T20210022248,2021-11-04,16:00:00,1,Collision with vehicle,4,Thursday,113,RIGHT NEAR (INTERSECTIONS ONLY),1,44611,Cross intersection,3,60,Arterial Other,WAIORA,BANYULE,-37.74033,145.05907,2021,11,November,16,Afternoon Peak,Weekday
T20210022243,2021-11-04,14:53:00,4,Collision with a fixed object,4,Thursday,173,RIGHT OFF CARRIAGEWAY INTO OBJECT/PARKED VEHICLE,1,232134,T intersection,1,60,Arterial Other,BONEO,MORNINGTON PENINSULA,-38.360897,144.88968,2021,11,November,14,Midday,Weekday
T20210022208,2021-11-04,08:20:00,1,Collision with vehicle,4,Thursday,121,RIGHT THROUGH,1,42085,T intersection,2,60,Arterial Highway,BELL,MORELAND,-37.738552,144.94035,2021,11,November,8,Morning Peak,Weekday
T20210022241,2021-11-04,17:02:00,1,Collision with vehicle,4,Thursday,131,LEFT REAR,1,48961,T intersection,3,50,Arterial Other,SOMERTON,HUME,-37.6388,144.9145,2021,11,November,17,Afternoon Peak,Weekday
T20210022514,2021-11-04,10:00:00,2,Struck Pedestrian,4,Thursday,100,PED NEAR SIDE. PED HIT BY VEHICLE FROM THE RIGHT.,1,698307,Cross intersection,3,80,Arterial Other,WESTALL,DANDENONG,-37.94317,145.13994,2021,11,November,10,Midday,Weekday
T20210022260,2021-11-04,15:45:00,1,Collision with vehicle,4,Thursday,110,CROSS TRAFFIC(INTERSECTIONS ONLY),1,696610,Cross intersection,2,80,Local Road,BLACKGATE,SURF COAST,-38.288452,144.34367,2021,11,November,15,Afternoon Peak,Weekday
T20210024269,2021-11-04,16:00:00,1,Collision with vehicle,4,Thursday,116,LEFT NEAR (INTERSECTIONS ONLY),1,29464,T intersection,3,60,Arterial Other,COMMERCIAL,MELBOURNE,-37.844852,144.97868,2021,11,November,16,Afternoon Peak,Weekday
T20210022213,2021-11-04,10:57:00,2,Struck Pedestrian,4,Thursday,101,PED EMERGES FROM IN FRONT OF PARKED OR STATIONARY VEHICLE,1,696609,Not at intersection,2,60,Local Road,WALLIS,BALLARAT,-37.5752,143.8211,2021,11,November,10,Midday,Weekday
T20210022259,2021-11-04,19:40:00,4,Collision with a fixed object,4,Thursday,171,LEFT OFF CARRIAGEWAY INTO OBJECT/PARKED VEHICLE,2,43304,T intersection,3,40,Arterial Highway,NEPEAN,KINGSTON,-38.060516,145.1191,2021,11,November,19,Night,Weekday
T20210022255,2021-11-04,16:08:00,1,Collision with vehicle,4,Thursday,160,VEHICLE COLLIDES WITH VEHICLE PARKED ON LEFT OF ROAD,1,696758,Not at intersection,3,50,Local Road,CHAPEL,PORT PHILLIP,-37.863815,144.99118,2021,11,November,16,Afternoon Peak,Weekday
T20210022199,2021-11-04,08:28:00,1,Collision with vehicle,4,Thursday,110,CROSS TRAFFIC(INTERSECTIONS ONLY),1,696378,Cross intersection,2,50,Local Road,ORLEANS,MOONEE VALLEY,-37.755054,144.86139,2021,11,November,8,Morning Peak,Weekday
T20210022214,2021-11-04,08:30:00,1,Collision with vehicle,4,Thursday,121,RIGHT THROUGH,1,696757,Not at intersection,2,50,Local Road,BALD HILL,CARDINIA,-38.086987,145.49945,2021,11,November,8,Morning Peak,Weekday
T20210022215,2021-11-04,11:45:00,1,Collision with vehicle,4,Thursday,147,VEHICLE STRIKES ANOTHER VEH WHILE EMERGING FROM DRIVEWAY,1,696379,Not at intersection,3,60,Local Road,BARRIES,MELTON,-37.68599,144.55911,2021,11,November,11,Midday,Weekday
T20210025154,2021-11-04,17:00:00,1,Collision with vehicle,4,Thursday,152,PULLING OUT (OVERTAKING),1,699055,Not at intersection,3,50,Local Road,DENNIS,HUME,-37.645084,144.9412,2021,11,November,17,Afternoon Peak,Weekday
T20210022237,2021-11-04,15:20:00,1,Collision with vehicle,4,Thursday,110,CROSS TRAFFIC(INTERSECTIONS ONLY),1,51361,Cross intersection,3,50,Arterial Other,KERANG-KOONDROOK ROAD -KOONDROOK-MURRABIT,GANNAWARRA,-35.64277,144.12613,2021,11,November,15,Afternoon Peak,Weekday
T20210022362,2021-11-04,16:50:00,1,Collision with vehicle,4,Thursday,121,RIGHT THROUGH,1,43629,T intersection,3,80,Arterial Other,CRANBOURNE,CASEY,-38.041546,145.3042,2021,11,November,16,Afternoon Peak,Weekday
T20210022229,2021-11-04,10:50:00,4,Collision with a fixed object,4,Thursday,171,LEFT OFF CARRIAGEWAY INTO OBJECT/PARKED VEHICLE,1,256910,Cross intersection,3,100,Arterial Highway,NORTHERN,CAMPASPE,-36.568886,144.65051,2021,11,November,10,Midday,Weekday
T20210022219,2021-11-04,06:20:00,1,Collision with vehicle,4,Thursday,130,REAR END(VEHICLES IN SAME LANE),1,697167,Not at intersection,3,100,Freeway,PRINCES,HOBSONS BAY,-37.867893,144.77019,2021,11,November,6,Morning Peak,Weekday
T20210022391,2021-11-04,08:45:00,1,Collision with vehicle,4,Thursday,133,LANE SIDE SWIPE (VEHICLES IN PARALLEL LANES),1,696611,T intersection,3,60,Arterial Highway,BELL,MORELAND,-37.741947,144.97183,2021,11,November,8,Morning Peak,Weekday
T20210022231,2021-11-04,09:30:00,6,Vehicle overturned (no collision),4,Thursday,174,OUT OF CONTROL ON CARRIAGEWAY (ON STRAIGHT),1,707913,Not at intersection,3,60,Local Road,BANBURY,MURRINDINDI,-37.375366,145.53877,2021,11,November,9,Morning Peak,Weekday
T20210022249,2021-11-04,18:35:00,1,Collision with vehicle,4,Thursday,113,RIGHT NEAR (INTERSECTIONS ONLY),1,696381,T intersection,2,50,Local Road,ORMOND,CASEY,-38.049145,145.2771,2021,11,November,18,Afternoon Peak,Weekday
T20210022228,2021-11-04,11:15:00,4,Collision with a fixed object,4,Thursday,171,LEFT OFF CARRIAGEWAY INTO OBJECT/PARKED VEHICLE,1,701098,Not at intersection,3,60,Arterial Other,KANGAROO GROUND-WATTLE GLEN,NILLUMBIK,-37.667484,145.18399,2021,11,November,11,Midday,Weekday
T20210024047,2021-11-04,17:50:00,1,Collision with vehicle,4,Thursday,130,REAR END(VEHICLES IN SAME LANE),9,731023,Not at intersection,3,40,Local Road,LYGON,MORELAND,-37.768658,144.97221,2021,11,November,17,Afternoon Peak,Weekday
T20210023313,2021-11-04,16:00:00,8,No collision and no object struck,4,Thursday,174,OUT OF CONTROL ON CARRIAGEWAY (ON STRAIGHT),9,52171,T intersection,3,60,Local Road,FOWLER,LATROBE,-38.18577,146.2617,2021,11,November,16,Afternoon Peak,Weekday
T20210023223,2021-11-04,17:50:00,1,Collision with vehicle,4,Thursday,130,REAR END(VEHICLES IN SAME LANE),1,704760,Multiple intersection,3,60,Arterial Other,NICHOLSON,MELBOURNE,-37.797997,144.97487,2021,11,November,17,Afternoon Peak,Weekday
T20210023995,2021-11-04,17:50:00,1,Collision with vehicle,4,Thursday,121,RIGHT THROUGH,1,278622,T intersection,3,60,Local Road,OHERNS,WHITTLESEA,-37.63635,145.0148,2021,11,November,17,Afternoon Peak,Weekday
T20210022277,2021-11-04,23:00:00,5,collision with some other object,4,Thursday,166,STRUCK OBJECT ON CARRIAGEWAY,5,730979,Not at intersection,3,80,Local Road,DERRIL,MORNINGTON PENINSULA,-38.2561,145.10307,2021,11,November,23,Night,Weekday
T20210022364,2021-11-05,16:51:00,1,Collision with vehicle,5,Friday,110,CROSS TRAFFIC(INTERSECTIONS ONLY),1,56758,Cross intersection,3,60,Local Road,ARTHUR,BALLARAT,-37.55701,143.81723,2021,11,November,16,Afternoon Peak,Weekday
T20210022325,2021-11-05,14:06:00,1,Collision with vehicle,5,Friday,110,CROSS TRAFFIC(INTERSECTIONS ONLY),1,51407,Cross intersection,2,60,Local Road,EYRE,CAMPASPE,-36.134563,144.75124,2021,11,November,14,Midday,Weekday
T20210022368,2021-11-05,21:50:00,4,Collision with a fixed object,5,Friday,173,RIGHT OFF CARRIAGEWAY INTO OBJECT/PARKED VEHICLE,5,696386,Not at intersection,2,100,Arterial Other,COLAC-BALLARAT,COLAC OTWAY,-38.295033,143.63617,2021,11,November,21,Night,Weekday
T20210022326,2021-11-05,14:55:00,1,Collision with vehicle,5,Friday,121,RIGHT THROUGH,1,42147,T intersection,3,60,Arterial Other,BAY,BAYSIDE,-37.954823,145.0296,2021,11,November,14,Midday,Weekday
T20210022370,2021-11-05,21:10:00,1,Collision with vehicle,5,Friday,121,RIGHT THROUGH,3,43626,Cross intersection,2,50,Arterial Other,CENTRE,CASEY,-38.029064,145.30089,2021,11,November,21,Night,Weekday
T20210022371,2021-11-05,21:35:00,1,Collision with vehicle,5,Friday,130,REAR END(VEHICLES IN SAME LANE),3,699189,Not at intersection,2,70,Arterial Other,SOMERTON,HUME,-37.641197,144.93326,2021,11,November,21,Night,Weekday
T20210022374,2021-11-05,18:50:00,1,Collision with vehicle,5,Friday,147,VEHICLE STRIKES ANOTHER VEH WHILE EMERGING FROM DRIVEWAY,1,697341,Not at intersection,3,40,Local Road,NELSON,MAROONDAH,-37.811543,145.22215,2021,11,November,18,Afternoon Peak,Weekday
T20210024272,2021-11-05,17:00:00,1,Collision with vehicle,5,Friday,130,REAR END(VEHICLES IN SAME LANE),1,698371,Not at intersection,3,80,Arterial Highway,PRINCES,DANDENONG,-37.935207,145.1588,2021,11,November,17,Afternoon Peak,Weekday
T20210022337,2021-11-05,16:05:00,1,Collision with vehicle,5,Friday,113,RIGHT NEAR (INTERSECTIONS ONLY),1,55821,T intersection,3,80,Arterial Highway,NORTHERN,MITCHELL,-37.3907,144.97655,2021,11,November,16,Afternoon Peak,Weekday
T20210022792,2021-11-05,16:00:00,8,No collision and no object struck,5,Friday,174,OUT OF CONTROL ON CARRIAGEWAY (ON STRAIGHT),1,63769,T intersection,2,60,Arterial Other,WAVERLEY,MOONEE VALLEY,-37.76273,144.90599,2021,11,November,16,Afternoon Peak,Weekday
T20210022344,2021-11-05,16:35:00,1,Collision with vehicle,5,Friday,121,RIGHT THROUGH,1,38577,T intersection,2,60,Arterial Other,MILLERS,HOBSONS BAY,-37.81998,144.84935,2021,11,November,16,Afternoon Peak,Weekday
T20210022389,2021-11-05,15:50:00,1,Collision with vehicle,5,Friday,148,VEHICLE OFF FOOTPATH STRIKES VEH ON CARRIAGEWAY,1,696648,Not at intersection,3,40,Local Road,LISTER,BRIMBANK,-37.755093,144.80264,2021,11,November,15,Afternoon Peak,Weekday
T20210022290,2021-11-05,06:11:00,6,Vehicle overturned (no collision),5,Friday,180,OFF CARRIAGEWAY ON RIGHT BEND,1,699106,Not at intersection,3,100,Local Road,DALRY,YARRA RANGES,-37.75792,145.56055,2021,11,November,6,Morning Peak,Weekday
T20210022385,2021-11-05,22:20:00,2,Struck Pedestrian,5,Friday,108,PED STRUCK WALKING TO/FROM OR BOARDING/ALIGHTING VEHICLE.,3,29523,Y intersection,2,60,Arterial Other,BALLARAT,MARIBYRNONG,-37.792385,144.89348,2021,11,November,22,Night,Weekday
T20210022402,2021-11-05,19:45:00,1,Collision with vehicle,5,Friday,120,HEAD ON (NOT OVERTAKING),2,696699,Not at intersection,3,60,Local Road,OLD COACH,YARRA RANGES,-37.815678,145.36664,2021,11,November,19,Night,Weekday
T20210022320,2021-11-05,11:50:00,4,Collision with a fixed object,5,Friday,183,OFF LEFT BEND INTO OBJECT/PARKED VEHICLE,1,697077,Not at intersection,2,100,Local Road,WOODCUTTERS,MOYNE,-37.915092,142.75012,2021,11,November,11,Midday,Weekday
T20210023805,2021-11-05,15:30:00,1,Collision with vehicle,5,Friday,130,REAR END(VEHICLES IN SAME LANE),1,627728,Not at intersection,3,60,Arterial Highway,HIGH,BENDIGO,-36.761047,144.27408,2021,11,November,15,Afternoon Peak,Weekday
T20210022309,2021-11-05,07:00:00,1,Collision with vehicle,5,Friday,133,LANE SIDE SWIPE (VEHICLES IN PARALLEL LANES),1,785126,Not at intersection,2,60,Arterial Other,WAIORA,BANYULE,-37.73865,145.05934,2021,11,November,7,Morning Peak,Weekday
T20210022382,2021-11-05,21:30:00,1,Collision with vehicle,5,Friday,110,CROSS TRAFFIC(INTERSECTIONS ONLY),3,221373,Cross intersection,3,80,Arterial Other,HUME,HUME,-37.61251,144.94661,2021,11,November,21,Night,Weekday
T20210023690,2021-11-05,10:07:00,4,Collision with a fixed object,5,Friday,171,LEFT OFF CARRIAGEWAY INTO OBJECT/PARKED VEHICLE,1,697712,T intersection,2,50,Local Road,FLAXEN HILLS,WHITTLESEA,-37.582104,145.13237,2021,11,November,10,Midday,Weekday
T20210022367,2021-11-05,21:08:00,8,No collision and no object struck,5,Friday,174,OUT OF CONTROL ON CARRIAGEWAY (ON STRAIGHT),3,758085,Not at intersection,2,80,Arterial Other,HUME,HUME,-37.64115,144.95078,2021,11,November,21,Night,Weekday
T20210022369,2021-11-05,20:51:00,6,Vehicle overturned (no collision),5,Friday,174,OUT OF CONTROL ON CARRIAGEWAY (ON STRAIGHT),3,36806,Cross intersection,2,40,Local Road,ADDERLEY,MELBOURNE,-37.809635,144.94678,2021,11,November,20,Night,Weekday
T20210022330,2021-11-05,14:00:00,1,Collision with vehicle,5,Friday,113,RIGHT NEAR (INTERSECTIONS ONLY),1,35557,T intersection,3,50,Local Road,GOLF LINKS,MONASH,-37.90777,145.09085,2021,11,November,14,Midday,Weekday
T20210022348,2021-11-05,18:15:00,1,Collision with vehicle,5,Friday,130,REAR END(VEHICLES IN SAME LANE),1,700656,T intersection,3,100,Arterial Other,ECHUCA-MITIAMO,CAMPASPE,-36.1989,144.59372,2021,11,November,18,Afternoon Peak,Weekday
T20210022352,2021-11-05,19:00:00,1,Collision with vehicle,5,Friday,147,VEHICLE STRIKES ANOTHER VEH WHILE EMERGING FROM DRIVEWAY,1,696450,Cross intersection,3,60,Local Road,LYDIARD,BALLARAT,-37.559868,143.85814,2021,11,November,19,Night,Weekday
T20210022353,2021-11-05,17:46:00,1,Collision with vehicle,5,Friday,121,RIGHT THROUGH,1,703484,Multiple intersection,2,60,Arterial Other,DUNCANS,WYNDHAM,-37.910347,144.67842,2021,11,November,17,Afternoon Peak,Weekday
T20210022409,2021-11-05,15:48:00,1,Collision with vehicle,5,Friday,131,LEFT REAR,1,243783,T intersection,3,60,Arterial Other,NARRE WARREN,CASEY,-38.098442,145.29272,2021,11,November,15,Afternoon Peak,Weekday
T20210022355,2021-11-05,16:42:00,4,Collision with a fixed object,5,Friday,171,LEFT OFF CARRIAGEWAY INTO OBJECT/PARKED VEHICLE,1,350770,T intersection,3,80,Arterial Highway,LOWER DANDENONG,KINGSTON,-37.990597,145.14177,2021,11,November,16,Afternoon Peak,Weekday
T20210022283,2021-11-05,02:59:00,1,Collision with vehicle,5,Friday,130,REAR END(VEHICLES IN SAME LANE),5,701828,Not at intersection,3,40,Freeway,WEST GATE,HOBSONS BAY,-37.82579,144.82355,2021,11,November,2,Late Night,Weekday
T20210022278,2021-11-05,03:39:00,4,Collision with a fixed object,5,Friday,173,RIGHT OFF CARRIAGEWAY INTO OBJECT/PARKED VEHICLE,3,702640,Not at intersection,2,50,Local Road,GUILDFORD,CASEY,-38.01142,145.2873,2021,11,November,3,Late Night,Weekday
T20210022359,2021-11-05,20:05:00,1,Collision with vehicle,5,Friday,110,CROSS TRAFFIC(INTERSECTIONS ONLY),2,56172,Cross intersection,2,50,Local Road,HIGH,SWAN HILL,-35.337196,143.55469,2021,11,November,20,Night,Weekday
T20210022360,2021-11-05,17:05:00,1,Collision with vehicle,5,Friday,130,REAR END(VEHICLES IN SAME LANE),1,696760,Not at intersection,3,60,Arterial Other,BEACH,KINGSTON,-37.99238,145.06613,2021,11,November,17,Afternoon Peak,Weekday
T20210022333,2021-11-05,15:00:00,1,Collision with vehicle,5,Friday,120,HEAD ON (NOT OVERTAKING),1,700063,Not at intersection,3,60,Local Road,MAGNOLIA,HUME,-37.639587,144.91946,2021,11,November,15,Afternoon Peak,Weekday
T20210022294,2021-11-05,09:15:00,2,Struck Pedestrian,5,Friday,102,FAR SIDE. PED HIT BY VEHICLE FROM THE LEFT,1,696535,Not at intersection,2,60,Arterial Other,VICTORIA,YARRA,-37.811707,145.01242,2021,11,November,9,Morning Peak,Weekday
T20210022298,2021-11-05,08:40:00,4,Collision with a fixed object,5,Friday,171,LEFT OFF CARRIAGEWAY INTO OBJECT/PARKED VEHICLE,1,696649,Not at intersection,3,50,Local Road,BINDTS,WHITTLESEA,-37.596928,145.04672,2021,11,November,8,Morning Peak,Weekday
T20210022304,2021-11-05,07:06:00,1,Collision with vehicle,5,Friday,110,CROSS TRAFFIC(INTERSECTIONS ONLY),1,42084,Cross intersection,2,50,Local Road,EARLSFIELD,BAYSIDE,-37.934612,145.01657,2021,11,November,7,Morning Peak,Weekday
T20210022363,2021-11-05,19:20:00,4,Collision with a fixed object,5,Friday,171,LEFT OFF CARRIAGEWAY INTO OBJECT/PARKED VEHICLE,2,895,T intersection,3,60,Arterial Highway,NEPEAN,KINGSTON,-38.074745,145.12215,2021,11,November,19,Night,Weekday
T20210022305,2021-11-05,12:20:00,1,Collision with vehicle,5,Friday,110,CROSS TRAFFIC(INTERSECTIONS ONLY),1,52211,Cross intersection,3,40,Arterial Other,GREY,LATROBE,-38.19332,146.53838,2021,11,November,12,Midday,Weekday
T20210022438,2021-11-06,18:15:00,1,Collision with vehicle,6,Saturday,110,CROSS TRAFFIC(INTERSECTIONS ONLY),1,35793,Cross intersection,3,60,Arterial Highway,RAGLAN,WARRNAMBOOL,-38.379513,142.48364,2021,11,November,18,Afternoon Peak,Weekend