ACCIDENT_NO,ACCIDENT_DATE,ACCIDENT_TIME,ACCIDENT_TYPE,ACCIDENT_TYPE_DESC,DAY_OF_WEEK,DAY_WEEK_DESC,DCA_CODE,DCA_DESC,LIGHT_CONDITION,NODE_ID,ROAD_GEOMETRY_DESC,SEVERITY,SPEED_ZONE,RMA,ROAD_NAME,LGA_NAME,LATITUDE,LONGITUDE,YEAR,MONTH,MONTH_NAME,HOUR,TIME_PERIOD,DAY_TYPE
T20210022439,2021-11-06,16:15:00,1,Collision with vehicle,6,Saturday,147,VEHICLE STRIKES ANOTHER VEH WHILE EMERGING FROM DRIVEWAY,1,696612,Not at intersection,3,50,Local Road,EXPO,HUME,-37.64645,144.92007,2021,11,November,16,Afternoon Peak,Weekend
T20210022440,2021-11-06,16:15:00,1,Collision with vehicle,6,Saturday,121,RIGHT THROUGH,1,998,Cross intersection,2,60,Arterial Other,HIGH,MELTON,-37.6836,144.57794,2021,11,November,16,Afternoon Peak,Weekend
T20210022446,2021-11-06,20:18:00,1,Collision with vehicle,6,Saturday,160,VEHICLE COLLIDES WITH VEHICLE PARKED ON LEFT OF ROAD,3,696701,Not at intersection,3,60,Arterial Other,CITY,MELBOURNE,-37.82415,144.9622,2021,11,November,20,Night,Weekend
T20210022454,2021-11-06,22:22:00,4,Collision with a fixed object,6,Saturday,183,OFF LEFT BEND INTO OBJECT/PARKED VEHICLE,5,723508,Not at intersection,1,80,Arterial Other,JOHN FIELD,LATROBE,-38.17292,146.29929,2021,11,November,22,Night,Weekend
T20210022456,2021-11-06,22:00:00,2,Struck Pedestrian,6,Saturday,104,PED WALKING WITH TRAFFIC,5,701958,Not at intersection,3,50,Local Road,COMMERCIAL,YARRA RANGES,-37.78862,145.36343,2021,11,November,22,Night,Weekend
T20210022469,2021-11-06,00:08:00,1,Collision with vehicle,6,Saturday,111,RIGHT FAR (INTERSECTIONS ONLY),3,290537,Multiple intersection,3,100,Arterial Highway,SOUTH GIPPSLAND,CASEY,-38.129513,145.29172,2021,11,November,0,Late Night,Weekend
T20210022639,2021-11-06,16:45:00,1,Collision with vehicle,6,Saturday,111,RIGHT FAR (INTERSECTIONS ONLY),9,38017,Cross intersection,3,60,Local Road,RALEIGH,DAREBIN,-37.76008,145.01303,2021,11,November,16,Afternoon Peak,Weekend
T20210022478,2021-11-06,13:15:00,1,Collision with vehicle,6,Saturday,110,CROSS TRAFFIC(INTERSECTIONS ONLY),1,73819,Cross intersection,3,60,Local Road,BROMFIELD,WARRNAMBOOL,-38.375008,142.48228,2021,11,November,13,Midday,Weekend
T20210022416,2021-11-06,13:00:00,2,Struck Pedestrian,6,Saturday,102,FAR SIDE. PED HIT BY VEHICLE FROM THE LEFT,1,10986,Cross intersection,2,80,Arterial Other,NARRE WARREN NORTH,CASEY,-38.02077,145.30801,2021,11,November,13,Midday,Weekend
T20210022418,2021-11-06,12:29:00,1,Collision with vehicle,6,Saturday,160,VEHICLE COLLIDES WITH VEHICLE PARKED ON LEFT OF ROAD,1,699353,Not at intersection,2,60,Arterial Other,MARINE,MORNINGTON PENINSULA,-38.323265,144.98163,2021,11,November,12,Midday,Weekend
T20210023730,2021-11-06,13:00:00,1,Collision with vehicle,6,Saturday,160,VEHICLE COLLIDES WITH VEHICLE PARKED ON LEFT OF ROAD,1,98754,Not at intersection,2,60,Arterial Other,CHESTERVILLE,KINGSTON,-37.9468,145.05919,2021,11,November,13,Midday,Weekend
T20230003470,2021-11-06,09:30:00,7,Fall from or in moving vehicle,6,Saturday,179,OTHER ACCIDENTS-OFF STRAIGHT NOT INCLUDED IN DCAs 170-175,9,754073,Cross intersection,3,40,Local Road,CARLTON,MELBOURNE,-37.801212,144.97426,2021,11,November,9,Morning Peak,Weekend
T20210022407,2021-11-06,12:00:00,1,Collision with vehicle,6,Saturday,121,RIGHT THROUGH,1,336122,T intersection,3,60,Local Road,WILLIAM THWAITES,CASEY,-38.085407,145.3161,2021,11,November,12,Midday,Weekend
T20210023705,2021-11-06,10:15:00,1,Collision with vehicle,6,Saturday,130,REAR END(VEHICLES IN SAME LANE),1,700627,Not at intersection,3,60,Arterial Highway,QUEENS,PORT PHILLIP,-37.83654,144.9732,2021,11,November,10,Midday,Weekend
T20210022420,2021-11-06,14:30:00,1,Collision with vehicle,6,Saturday,121,RIGHT THROUGH,1,49846,Cross intersection,2,40,Arterial Highway,CHURCH,GEELONG,-38.1321,144.34993,2021,11,November,14,Midday,Weekend
T20210022422,2021-11-06,11:25:00,1,Collision with vehicle,6,Saturday,110,CROSS TRAFFIC(INTERSECTIONS ONLY),1,51183,Cross intersection,3,60,Arterial Highway,BRIDGE,BENALLA,-36.55618,145.97153,2021,11,November,11,Midday,Weekend
T20210022428,2021-11-06,10:30:00,1,Collision with vehicle,6,Saturday,147,VEHICLE STRIKES ANOTHER VEH WHILE EMERGING FROM DRIVEWAY,1,697343,Not at intersection,3,60,Local Road,ST PAULS,MORNINGTON PENINSULA,-38.34748,144.74265,2021,11,November,10,Midday,Weekend
T20210023628,2021-11-06,20:55:00,1,Collision with vehicle,6,Saturday,116,LEFT NEAR (INTERSECTIONS ONLY),9,785212,Cross intersection,3,60,Arterial Highway,SOUTH GIPPSLAND,CASEY,-38.213314,145.38005,2021,11,November,20,Night,Weekend
T20210022430,2021-11-06,13:40:00,1,Collision with vehicle,6,Saturday,111,RIGHT FAR (INTERSECTIONS ONLY),1,36349,Multiple intersection,3,60,Arterial Other,HEALESVILLE-YARRA GLEN,YARRA RANGES,-37.649967,145.49808,2021,11,November,13,Midday,Weekend
T20210022395,2021-11-06,08:50:00,1,Collision with vehicle,6,Saturday,121,RIGHT THROUGH,1,780042,Cross intersection,3,100,Arterial Highway,SURF COAST,SURF COAST,-38.286343,144.32538,2021,11,November,8,Morning Peak,Weekend
T20210022885,2021-11-06,20:30:00,3,Struck animal,6,Saturday,167,STRUCK ANIMAL,5,698023,Not at intersection,3,100,Local Road,DEVENISH-WANGARATTA,BENALLA,-36.31737,146.03987,2021,11,November,20,Night,Weekend
T20210022539,2021-11-06,15:20:00,1,Collision with vehicle,6,Saturday,111,RIGHT FAR (INTERSECTIONS ONLY),1,38477,T intersection,3,50,Arterial Highway,MAIN,YARRA RANGES,-37.757217,145.34837,2021,11,November,15,Afternoon Peak,Weekend
T20210022538,2021-11-06,08:00:00,1,Collision with vehicle,6,Saturday,113,RIGHT NEAR (INTERSECTIONS ONLY),1,40916,T intersection,2,60,Arterial Other,MOUNTAIN,KNOX,-37.844353,145.24442,2021,11,November,8,Morning Peak,Weekend
T20210022386,2021-11-06,05:14:00,4,Collision with a fixed object,6,Saturday,171,LEFT OFF CARRIAGEWAY INTO OBJECT/PARKED VEHICLE,5,704584,Not at intersection,3,100,Arterial Highway,PRINCES,EAST GIPPSLAND,-37.877506,147.4384,2021,11,November,5,Morning Peak,Weekend
T20210022384,2021-11-06,01:35:00,1,Collision with vehicle,6,Saturday,110,CROSS TRAFFIC(INTERSECTIONS ONLY),3,37719,Cross intersection,2,40,Arterial Other,CHAPEL,STONNINGTON,-37.8395,144.99562,2021,11,November,1,Late Night,Weekend
T20210022377,2021-11-06,00:05:00,1,Collision with vehicle,6,Saturday,113,RIGHT NEAR (INTERSECTIONS ONLY),3,71560,T intersection,3,60,Arterial Other,SEAFORD,FRANKSTON,-38.111244,145.14578,2021,11,November,0,Late Night,Weekend
T20210022426,2021-11-06,12:18:00,1,Collision with vehicle,6,Saturday,131,LEFT REAR,1,402,Cross intersection,3,50,Arterial Highway,ST GEORGES,DAREBIN,-37.75176,144.99493,2021,11,November,12,Midday,Weekend
T20210022408,2021-11-06,11:00:00,1,Collision with vehicle,6,Saturday,121,RIGHT THROUGH,1,696854,T intersection,3,80,Arterial Other,THOMPSONS,CASEY,-38.08817,145.32349,2021,11,November,11,Midday,Weekend
T20220013458,2021-11-06,16:50:00,4,Collision with a fixed object,6,Saturday,173,RIGHT OFF CARRIAGEWAY INTO OBJECT/PARKED VEHICLE,2,29510,T intersection,3,60,Arterial Other,SETTLEMENT,WHITTLESEA,-37.693897,145.03395,2021,11,November,16,Afternoon Peak,Weekend
T20210022664,2021-11-06,16:00:00,4,Collision with a fixed object,6,Saturday,173,RIGHT OFF CARRIAGEWAY INTO OBJECT/PARKED VEHICLE,1,697080,Not at intersection,3,100,Local Road,ELDORADO-TARRAWINGEE,WANGARATTA,-36.366203,146.50168,2021,11,November,16,Afternoon Peak,Weekend
T20210026235,2021-11-06,13:30:00,1,Collision with vehicle,6,Saturday,137,LEFT TURN SIDESWIPE,1,700224,T intersection,3,40,Local Road,SMITH,YARRA,-37.801968,144.98375,2021,11,November,13,Midday,Weekend
T20210022742,2021-11-06,16:00:00,1,Collision with vehicle,6,Saturday,130,REAR END(VEHICLES IN SAME LANE),1,36264,Cross intersection,3,40,Arterial Other,VICTORIA,MELBOURNE,-37.806656,144.96289,2021,11,November,16,Afternoon Peak,Weekend
T20210022414,2021-11-06,09:25:00,1,Collision with vehicle,6,Saturday,121,RIGHT THROUGH,1,39511,T intersection,2,80,Arterial Highway,SPRINGVALE,WHITEHORSE,-37.82168,145.1754,2021,11,November,9,Morning Peak,Weekend
T20210025696,2021-11-06,17:50:00,6,Vehicle overturned (no collision),6,Saturday,174,OUT OF CONTROL ON CARRIAGEWAY (ON STRAIGHT),1,699711,Not at intersection,2,60,Local Road,LYGON,MORELAND,-37.76747,144.97243,2021,11,November,17,Afternoon Peak,Weekend
T20210025180,2021-11-06,11:10:00,1,Collision with vehicle,6,Saturday,130,REAR END(VEHICLES IN SAME LANE),1,702352,Cross intersection,3,70,Local Road,GRAND,HUME,-37.575325,144.92073,2021,11,November,11,Midday,Weekend
T20210022433,2021-11-06,12:45:00,1,Collision with vehicle,6,Saturday,111,RIGHT FAR (INTERSECTIONS ONLY),1,697700,Cross intersection,3,100,Local Road,CAMP,BENDIGO,-36.66245,144.22324,2021,11,November,12,Midday,Weekend
T20210022434,2021-11-06,17:15:00,4,Collision with a fixed object,6,Saturday,181,OFF RIGHT BEND INTO OBJECT/PARKED VEHICLE,1,702858,Not at intersection,2,100,Arterial Highway,PRINCES,COLAC OTWAY,-38.28787,143.84312,2021,11,November,17,Afternoon Peak,Weekend
T20210022643,2021-11-06,06:45:00,1,Collision with vehicle,6,Saturday,163,VEHICLE STRIKES DOOR OF PARKED/STATIONARY VEHICLE,2,696819,Not at intersection,3,50,Local Road,CHARMAN,KINGSTON,-37.975792,145.05376,2021,11,November,6,Morning Peak,Weekend
T20210022513,2021-11-07,17:15:00,1,Collision with vehicle,7,Sunday,130,REAR END(VEHICLES IN SAME LANE),1,700575,Not at intersection,3,60,Arterial Other,HIGH,WHITTLESEA,-37.654972,145.0216,2021,11,November,17,Afternoon Peak,Weekend
T20210022531,2021-11-07,20:09:00,4,Collision with a fixed object,7,Sunday,183,OFF LEFT BEND INTO OBJECT/PARKED VEHICLE,2,699960,Not at intersection,3,60,Local Road,BARLOW,CAMPASPE,-36.58058,145.00725,2021,11,November,20,Night,Weekend
T20210022507,2021-11-07,16:22:00,1,Collision with vehicle,7,Sunday,120,HEAD ON (NOT OVERTAKING),1,730968,Not at intersection,3,50,Local Road,ROBERT,WHITTLESEA,-37.66815,145.0052,2021,11,November,16,Afternoon Peak,Weekend
T20210023714,2021-11-07,06:30:00,1,Collision with vehicle,7,Sunday,140,U TURN,1,697714,Not at intersection,3,60,Arterial Highway,PUNT,STONNINGTON,-37.845016,144.98517,2021,11,November,6,Morning Peak,Weekend
T20210022457,2021-11-07,01:09:00,1,Collision with vehicle,7,Sunday,110,CROSS TRAFFIC(INTERSECTIONS ONLY),3,54089,Cross intersection,2,80,Arterial Other,WESTALL,DANDENONG,-37.931374,145.14162,2021,11,November,1,Late Night,Weekend
T20210022466,2021-11-07,05:00:00,1,Collision with vehicle,7,Sunday,131,LEFT REAR,2,700157,Not at intersection,2,80,Arterial Highway,DANDENONG VALLEY,KNOX,-37.926285,145.23328,2021,11,November,5,Morning Peak,Weekend
T20210022499,2021-11-07,13:00:00,4,Collision with a fixed object,7,Sunday,183,OFF LEFT BEND INTO OBJECT/PARKED VEHICLE,1,698770,Not at intersection,2,100,Local Road,OLD YARCK,MURRINDINDI,-37.083733,145.58597,2021,11,November,13,Midday,Weekend
T20210022505,2021-11-07,13:00:00,1,Collision with vehicle,7,Sunday,120,HEAD ON (NOT OVERTAKING),1,698162,Not at intersection,2,80,Arterial Highway,GREAT OCEAN,COLAC OTWAY,-38.587143,143.93387,2021,11,November,13,Midday,Weekend
T20210022495,2021-11-07,12:57:00,1,Collision with vehicle,7,Sunday,121,RIGHT THROUGH,1,343134,T intersection,2,70,Local Road,BURKE,MARIBYRNONG,-37.77922,144.84946,2021,11,November,12,Midday,Weekend
T20210022506,2021-11-07,15:30:00,1,Collision with vehicle,7,Sunday,130,REAR END(VEHICLES IN SAME LANE),1,778418,Not at intersection,3,60,Arterial Other,WARRENHEIP,BALLARAT,-37.65021,143.88399,2021,11,November,15,Afternoon Peak,Weekend
T20210022473,2021-11-07,05:20:00,4,Collision with a fixed object,7,Sunday,171,LEFT OFF CARRIAGEWAY INTO OBJECT/PARKED VEHICLE,3,705219,Not at intersection,2,70,Arterial Highway,HODDLE,YARRA,-37.81609,144.99023,2021,11,November,5,Morning Peak,Weekend
T20210022475,2021-11-07,04:10:00,4,Collision with a fixed object,7,Sunday,171,LEFT OFF CARRIAGEWAY INTO OBJECT/PARKED VEHICLE,5,710062,Not at intersection,3,100,Arterial Highway,LODDON VALLEY,LODDON,-36.28125,143.96982,2021,11,November,4,Late Night,Weekend
T20210023423,2021-11-07,14:00:00,4,Collision with a fixed object,7,Sunday,171,LEFT OFF CARRIAGEWAY INTO OBJECT/PARKED VEHICLE,1,697600,Not at intersection,3,100,Local Road,SPANISH GULLY,NILLUMBIK,-37.627384,145.27928,2021,11,November,14,Midday,Weekend
T20210022519,2021-11-07,14:40:00,1,Collision with vehicle,7,Sunday,130,REAR END(VEHICLES IN SAME LANE),1,38708,T intersection,2,60,Arterial Other,GORDON,MARIBYRNONG,-37.78742,144.89021,2021,11,November,14,Midday,Weekend
T20210023568,2021-11-07,15:10:00,1,Collision with vehicle,7,Sunday,110,CROSS TRAFFIC(INTERSECTIONS ONLY),1,51751,Cross intersection,3,100,Arterial Other,BENDIGO-MARYBOROUGH,LODDON,-36.836887,143.92932,2021,11,November,15,Afternoon Peak,Weekend
T20210022482,2021-11-07,11:55:00,8,No collision and no object struck,7,Sunday,174,OUT OF CONTROL ON CARRIAGEWAY (ON STRAIGHT),1,696536,Cross intersection,2,60,Arterial Other,BRUNSWICK,YARRA,-37.790627,144.97977,2021,11,November,11,Midday,Weekend
T20210022747,2021-11-07,18:18:00,8,No collision and no object struck,7,Sunday,174,OUT OF CONTROL ON CARRIAGEWAY (ON STRAIGHT),1,697017,Not at intersection,3,60,Arterial Other,HOPKINS,MELTON,-37.77515,144.70044,2021,11,November,18,Afternoon Peak,Weekend
T20210022483,2021-11-07,11:19:00,1,Collision with vehicle,7,Sunday,121,RIGHT THROUGH,1,49211,T intersection,3,80,Arterial Other,PRINCES,LATROBE,-38.23601,146.42656,2021,11,November,11,Midday,Weekend
T20210022484,2021-11-07,10:20:00,4,Collision with a fixed object,7,Sunday,173,RIGHT OFF CARRIAGEWAY INTO OBJECT/PARKED VEHICLE,1,696739,Not at intersection,2,100,Local Road,LINTON-NARINGHIL,GOLDEN PLAINS,-37.698357,143.55884,2021,11,November,10,Midday,Weekend
T20210022493,2021-11-07,14:13:00,1,Collision with vehicle,7,Sunday,121,RIGHT THROUGH,1,657976,Cross intersection,3,60,Arterial Other,HEATHS,WYNDHAM,-37.87747,144.68282,2021,11,November,14,Midday,Weekend
T20210022497,2021-11-07,14:05:00,1,Collision with vehicle,7,Sunday,132,RIGHT REAR.,1,702349,Not at intersection,3,70,Local Road,TARNEIT,WYNDHAM,-37.88876,144.6622,2021,11,November,14,Midday,Weekend
T20210022857,2021-11-07,20:15:00,1,Collision with vehicle,7,Sunday,140,U TURN,3,35391,T intersection,3,60,Local Road,TAMARIND,WYNDHAM,-37.887768,144.66234,2021,11,November,20,Night,Weekend
T20210022523,2021-11-07,18:00:00,4,Collision with a fixed object,7,Sunday,181,OFF RIGHT BEND INTO OBJECT/PARKED VEHICLE,1,697245,Not at intersection,1,100,Arterial Highway,NORTHERN,BENDIGO,-36.9007,144.69751,2021,11,November,18,Afternoon Peak,Weekend
T20210022603,2021-11-07,17:00:00,1,Collision with vehicle,7,Sunday,130,REAR END(VEHICLES IN SAME LANE),9,698163,Not at intersection,3,60,Arterial Highway,BELL,MORELAND,-37.74112,144.96442,2021,11,November,17,Afternoon Peak,Weekend
T20210022762,2021-11-07,16:45:00,6,Vehicle overturned (no collision),7,Sunday,174,OUT OF CONTROL ON CARRIAGEWAY (ON STRAIGHT),1,705396,T intersection,2,100,Local Road,TOP,MURRINDINDI,-37.04526,145.55891,2021,11,November,16,Afternoon Peak,Weekend
T20210022572,2021-11-07,13:30:00,4,Collision with a fixed object,7,Sunday,173,RIGHT OFF CARRIAGEWAY INTO OBJECT/PARKED VEHICLE,1,699574,Not at intersection,3,100,Local Road,ARTHURS CREEK,WHITTLESEA,-37.569874,145.12857,2021,11,November,13,Midday,Weekend
T20210022524,2021-11-07,20:40:00,4,Collision with a fixed object,7,Sunday,171,LEFT OFF CARRIAGEWAY INTO OBJECT/PARKED VEHICLE,5,697081,Not at intersection,2,100,Arterial Other,DIMBOOLA-RAINBOW,HINDMARSH,-36.261936,142.03773,2021,11,November,20,Night,Weekend
T20210022517,2021-11-07,19:00:00,4,Collision with a fixed object,7,Sunday,173,RIGHT OFF CARRIAGEWAY INTO OBJECT/PARKED VEHICLE,1,700194,Not at intersection,3,100,Freeway,PRINCES,WYNDHAM,-37.962055,144.56892,2021,11,November,19,Night,Weekend
T20210022509,2021-11-07,17:36:00,1,Collision with vehicle,7,Sunday,110,CROSS TRAFFIC(INTERSECTIONS ONLY),1,43084,Cross intersection,3,50,Local Road,JUKES,MORELAND,-37.701927,144.96777,2021,11,November,17,Afternoon Peak,Weekend
T20210022525,2021-11-07,21:49:00,1,Collision with vehicle,7,Sunday,130,REAR END(VEHICLES IN SAME LANE),4,774533,Not at intersection,3,60,Arterial Other,ROBINSONS,BRIMBANK,-37.80749,144.75131,2021,11,November,21,Night,Weekend
T20210022467,2021-11-07,03:45:00,5,collision with some other object,7,Sunday,166,STRUCK OBJECT ON CARRIAGEWAY,5,696569,Not at intersection,2,100,Arterial Other,WESTERNPORT,CARDINIA,-38.25178,145.67157,2021,11,November,3,Late Night,Weekend
T20210022708,2021-11-07,20:30:00,1,Collision with vehicle,7,Sunday,160,VEHICLE COLLIDES WITH VEHICLE PARKED ON LEFT OF ROAD,3,697259,Not at intersection,2,50,Local Road,MAHONEYS,WHITEHORSE,-37.85161,145.16345,2021,11,November,20,Night,Weekend
T20210022584,2021-11-07,18:30:00,1,Collision with vehicle,7,Sunday,140,U TURN,1,696705,Not at intersection,3,50,Local Road,GRANGE,STONNINGTON,-37.840977,145.01083,2021,11,November,18,Afternoon Peak,Weekend
T20210022637,2021-11-08,15:45:00,1,Collision with vehicle,1,Monday,153,CUTTING IN (OVERTAKING),1,697353,T intersection,3,60,Arterial Other,POINT COOK,HOBSONS BAY,-37.878178,144.75766,2021,11,November,15,Afternoon Peak,Weekday
T20210022560,2021-11-08,12:40:00,6,Vehicle overturned (no collision),1,Monday,170,OFF CARRIAGEWAY TO LEFT,1,711824,Not at intersection,2,100,Arterial Other,ROKEWOOD-SHELFORD,GOLDEN PLAINS,-37.99024,143.9433,2021,11,November,12,Midday,Weekday
T20210022558,2021-11-08,07:45:00,1,Collision with vehicle,1,Monday,130,REAR END(VEHICLES IN SAME LANE),1,697007,Not at intersection,2,100,Arterial Highway,MELBA,MURRINDINDI,-37.232216,145.44264,2021,11,November,7,Morning Peak,Weekday
T20210022702,2021-11-08,15:25:00,2,Struck Pedestrian,1,Monday,106,VEH STRIKES PED ON FOOTPATH/MEDIAN/TRAFFIC ISLAND.,1,714273,Not at intersection,3,50,Local Road,TI-TREE,CASEY,-37.98969,145.24202,2021,11,November,15,Afternoon Peak,Weekday
T20210022557,2021-11-08,12:00:00,1,Collision with vehicle,1,Monday,130,REAR END(VEHICLES IN SAME LANE),1,730969,Not at intersection,3,70,Arterial Highway,SPRINGVALE,WHITEHORSE,-37.86192,145.1692,2021,11,November,12,Midday,Weekday
T20210022615,2021-11-08,22:38:00,1,Collision with vehicle,1,Monday,110,CROSS TRAFFIC(INTERSECTIONS ONLY),3,277792,Cross intersection,2,80,Local Road,HAMMOND,DANDENONG,-38.00316,145.20793,2021,11,November,22,Night,Weekday
T20210022618,2021-11-08,11:51:00,1,Collision with vehicle,1,Monday,121,RIGHT THROUGH,1,697012,Not at intersection,3,60,Arterial Other,CENTRE,DANDENONG,-37.932644,145.15189,2021,11,November,11,Midday,Weekday
T20210022608,2021-11-08,15:30:00,1,Collision with vehicle,1,Monday,121,RIGHT THROUGH,1,239275,T intersection,3,40,Local Road,SHAWS,WYNDHAM,-37.88902,144.65268,2021,11,November,15,Afternoon Peak,Weekday
T20210022606,2021-11-08,00:22:00,1,Collision with vehicle,1,Monday,135,LANE CHANGE LEFT (NOT OVERTAKING),3,696923,Not at intersection,3,60,Arterial Highway,MAIN,YARRA RANGES,-37.757534,145.35464,2021,11,November,0,Late Night,Weekday
T20210022604,2021-11-08,20:10:00,1,Collision with vehicle,1,Monday,147,VEHICLE STRIKES ANOTHER VEH WHILE EMERGING FROM DRIVEWAY,1,696706,Not at intersection,3,50,Local Road,MONAHANS,CASEY,-38.10342,145.26653,2021,11,November,20,Night,Weekday
T20210023952,2021-11-08,01:00:00,4,Collision with a fixed object,1,Monday,171,LEFT OFF CARRIAGEWAY INTO OBJECT/PARKED VEHICLE,9,703578,Not at intersection,3,70,Arterial Other,STRAWS,MACEDON RANGES,-37.362793,144.60216,2021,11,November,1,Late Night,Weekday
T20210022540,2021-11-08,09:45:00,2,Struck Pedestrian,1,Monday,100,PED NEAR SIDE. PED HIT BY VEHICLE FROM THE RIGHT.,1,696702,Not at intersection,3,60,Arterial Highway,PUNT,STONNINGTON,-37.847397,144.98473,2021,11,November,9,Morning Peak,Weekday
T20210022598,2021-11-08,19:50:00,4,Collision with a fixed object,1,Monday,173,RIGHT OFF CARRIAGEWAY INTO OBJECT/PARKED VEHICLE,1,45433,Cross intersection,2,60,Arterial Other,MT ALEXANDER,MOONEE VALLEY,-37.772705,144.92691,2021,11,November,19,Night,Weekday
T20210022597,2021-11-08,17:20:00,5,collision with some other object,1,Monday,166,STRUCK OBJECT ON CARRIAGEWAY,1,704486,Not at intersection,2,50,Local Road,PALAMINO VALLEY,HUME,-37.659447,144.89224,2021,11,November,17,Afternoon Peak,Weekday
T20210023958,2021-11-08,09:30:00,8,No collision and no object struck,1,Monday,174,OUT OF CONTROL ON CARRIAGEWAY (ON STRAIGHT),1,42451,T intersection,3,70,Arterial Highway,DANDENONG,MONASH,-37.92176,145.13911,2021,11,November,9,Morning Peak,Weekday
T20210022594,2021-11-08,17:30:00,4,Collision with a fixed object,1,Monday,181,OFF RIGHT BEND INTO OBJECT/PARKED VEHICLE,1,701829,Not at intersection,3,50,Local Road,MARSHALL,MONASH,-37.91308,145.12648,2021,11,November,17,Afternoon Peak,Weekday
T20210022581,2021-11-08,16:45:00,1,Collision with vehicle,1,Monday,116,LEFT NEAR (INTERSECTIONS ONLY),1,49785,Cross intersection,2,100,Arterial Other,FYANSFORD-GHERINGHAP,GOLDEN PLAINS,-38.112896,144.26436,2021,11,November,16,Afternoon Peak,Weekday
T20210022575,2021-11-08,12:15:00,1,Collision with vehicle,1,Monday,130,REAR END(VEHICLES IN SAME LANE),1,696703,Not at intersection,3,80,Freeway,PRINCES,CASEY,-38.033257,145.3256,2021,11,November,12,Midday,Weekday
T20210022578,2021-11-08,15:29:00,1,Collision with vehicle,1,Monday,132,RIGHT REAR.,1,39256,T intersection,3,60,Arterial Highway,WHITEHORSE,WHITEHORSE,-37.816307,145.1101,2021,11,November,15,Afternoon Peak,Weekday
T20210022668,2021-11-08,15:25:00,1,Collision with vehicle,1,Monday,130,REAR END(VEHICLES IN SAME LANE),1,735366,Cross intersection,2,50,Arterial Other,HOWITT,BALLARAT,-37.541187,143.83995,2021,11,November,15,Afternoon Peak,Weekday
T20210022556,2021-11-08,12:10:00,1,Collision with vehicle,1,Monday,130,REAR END(VEHICLES IN SAME LANE),1,697292,Not at intersection,3,60,Arterial Highway,STATE (BELL/SPRINGVALE),DAREBIN,-37.747974,145.02872,2021,11,November,12,Midday,Weekday
T20210022542,2021-11-08,08:55:00,1,Collision with vehicle,1,Monday,110,CROSS TRAFFIC(INTERSECTIONS ONLY),1,44696,Cross intersection,2,60,Arterial Highway,MURRAY,COLAC OTWAY,-38.337215,143.59976,2021,11,November,8,Morning Peak,Weekday
T20210022545,2021-11-08,09:37:00,1,Collision with vehicle,1,Monday,130,REAR END(VEHICLES IN SAME LANE),1,696855,Not at intersection,3,70,Arterial Other,MICKLEHAM,HUME,-37.679832,144.88397,2021,11,November,9,Morning Peak,Weekday
T20210022588,2021-11-08,17:00:00,4,Collision with a fixed object,1,Monday,173,RIGHT OFF CARRIAGEWAY INTO OBJECT/PARKED VEHICLE,1,699856,Not at intersection,2,100,Local Road,GRAMS,GOLDEN PLAINS,-37.63508,143.71909,2021,11,November,17,Afternoon Peak,Weekday
T20210022591,2021-11-08,18:30:00,1,Collision with vehicle,1,Monday,148,VEHICLE OFF FOOTPATH STRIKES VEH ON CARRIAGEWAY,1,42672,T intersection,2,60,Arterial Highway,BELL,MORELAND,-37.740456,144.95781,2021,11,November,18,Afternoon Peak,Weekday
T20210022590,2021-11-08,15:30:00,1,Collision with vehicle,1,Monday,120,HEAD ON (NOT OVERTAKING),1,697010,Not at intersection,3,60,Arterial Other,MILLER,BENDIGO,-36.76944,144.28949,2021,11,November,15,Afternoon Peak,Weekday
T20210023177,2021-11-08,15:20:00,1,Collision with vehicle,1,Monday,113,RIGHT NEAR (INTERSECTIONS ONLY),1,72289,T intersection,3,40,Local Road,LOMOND,GEELONG,-38.16413,144.37337,2021,11,November,15,Afternoon Peak,Weekday
T20210022537,2021-11-08,09:15:00,2,Struck Pedestrian,1,Monday,107,PED ON FOOTHPATH STRUCK BY VEHENTERING/LEAVING DRIVEWAY.,1,696798,Not at intersection,3,50,Local Road,VAN NESS,MORNINGTON PENINSULA,-38.23806,145.04234,2021,11,November,9,Morning Peak,Weekday
T20210022707,2021-11-08,16:30:00,1,Collision with vehicle,1,Monday,130,REAR END(VEHICLES IN SAME LANE),1,699210,Not at intersection,3,60,Arterial Highway,BRIGHTON ROAD SERVICE,PORT PHILLIP,-37.869793,144.98811,2021,11,November,16,Afternoon Peak,Weekday
T20210022582,2021-11-08,16:27:00,1,Collision with vehicle,1,Monday,121,RIGHT THROUGH,1,35298,Cross intersection,3,60,Arterial Other,BRUNSWICK,MORELAND,-37.778294,144.97069,2021,11,November,16,Afternoon Peak,Weekday
T20210022648,2021-11-09,11:00:00,1,Collision with vehicle,2,Tuesday,110,CROSS TRAFFIC(INTERSECTIONS ONLY),1,42380,Cross intersection,3,80,Arterial Other,BOUNDARY ROAD -CLAYTON,KINGSTON,-37.957657,145.11348,2021,11,November,11,Midday,Weekday