ACCIDENT_NO,ACCIDENT_DATE,ACCIDENT_TIME,ACCIDENT_TYPE,ACCIDENT_TYPE_DESC,DAY_OF_WEEK,DAY_WEEK_DESC,DCA_CODE,DCA_DESC,LIGHT_CONDITION,NODE_ID,ROAD_GEOMETRY_DESC,SEVERITY,SPEED_ZONE,RMA,ROAD_NAME,LGA_NAME,LATITUDE,LONGITUDE,YEAR,MONTH,MONTH_NAME,HOUR,TIME_PERIOD,DAY_TYPE
T20210023626,2021-11-09,15:37:00,1,Collision with vehicle,2,Tuesday,121,RIGHT THROUGH,1,37434,T intersection,3,80,Arterial Highway,SPRINGVALE,WHITEHORSE,-37.822186,145.1753,2021,11,November,15,Afternoon Peak,Weekday
T20210022632,2021-11-09,09:00:00,1,Collision with vehicle,2,Tuesday,110,CROSS TRAFFIC(INTERSECTIONS ONLY),1,696708,Cross intersection,3,60,Local Road,SANDRINGHAM,BAYSIDE,-37.951283,145.0122,2021,11,November,9,Morning Peak,Weekday
T20210022654,2021-11-09,11:30:00,2,Struck Pedestrian,2,Tuesday,108,PED STRUCK WALKING TO/FROM OR BOARDING/ALIGHTING VEHICLE.,1,697122,Not at intersection,2,60,Arterial Highway,WHITEHALL,MARIBYRNONG,-37.81158,144.90128,2021,11,November,11,Midday,Weekday
T20210022781,2021-11-09,11:50:00,1,Collision with vehicle,2,Tuesday,130,REAR END(VEHICLES IN SAME LANE),1,696859,Cross intersection,3,60,Arterial Other,BARRY,HUME,-37.666008,144.94249,2021,11,November,11,Midday,Weekday
T20210023237,2021-11-09,15:00:00,1,Collision with vehicle,2,Tuesday,130,REAR END(VEHICLES IN SAME LANE),1,778420,Not at intersection,3,60,Arterial Other,YAN YEAN,NILLUMBIK,-37.60871,145.1376,2021,11,November,15,Afternoon Peak,Weekday
T20210022783,2021-11-09,08:15:00,1,Collision with vehicle,2,Tuesday,111,RIGHT FAR (INTERSECTIONS ONLY),1,50800,T intersection,3,80,Arterial Highway,MURRAY VALLEY,MOIRA,-35.920456,145.64038,2021,11,November,8,Morning Peak,Weekday
T20210022617,2021-11-09,02:00:00,4,Collision with a fixed object,2,Tuesday,181,OFF RIGHT BEND INTO OBJECT/PARKED VEHICLE,5,697074,Not at intersection,3,100,Arterial Other,HEATHCOTE-REDESDALE,BENDIGO,-36.951786,144.65553,2021,11,November,2,Late Night,Weekday
T20210022658,2021-11-09,15:22:00,1,Collision with vehicle,2,Tuesday,130,REAR END(VEHICLES IN SAME LANE),1,697754,Not at intersection,3,80,Arterial Highway,DANDENONG,MONASH,-37.902767,145.1085,2021,11,November,15,Afternoon Peak,Weekday
T20210022659,2021-11-09,10:21:00,1,Collision with vehicle,2,Tuesday,120,HEAD ON (NOT OVERTAKING),1,703377,Not at intersection,1,60,Arterial Highway,SOUTH GIPPSLAND,SOUTH GIPPSLAND,-38.55976,145.94981,2021,11,November,10,Midday,Weekday
T20210022666,2021-11-09,16:20:00,1,Collision with vehicle,2,Tuesday,121,RIGHT THROUGH,1,254925,T intersection,2,80,Arterial Highway,BURWOOD,KNOX,-37.87024,145.23956,2021,11,November,16,Afternoon Peak,Weekday
T20210022660,2021-11-09,16:23:00,4,Collision with a fixed object,2,Tuesday,171,LEFT OFF CARRIAGEWAY INTO OBJECT/PARKED VEHICLE,1,702500,Not at intersection,2,60,Local Road,FRANKLIN,LATROBE,-38.19206,146.53854,2021,11,November,16,Afternoon Peak,Weekday
T20210022669,2021-11-09,17:27:00,1,Collision with vehicle,2,Tuesday,121,RIGHT THROUGH,1,286900,Cross intersection,3,60,Arterial Other,CAMMS,CASEY,-38.100475,145.29233,2021,11,November,17,Afternoon Peak,Weekday
T20210022671,2021-11-09,07:15:00,2,Struck Pedestrian,2,Tuesday,103,PED PLAYING/LYING/WORKING/STANDING ON CARRIAGEWAY.,1,696652,Not at intersection,1,40,Local Road,HALL,FRANKSTON,-38.10164,145.19,2021,11,November,7,Morning Peak,Weekday
T20210025503,2021-11-09,15:00:00,4,Collision with a fixed object,2,Tuesday,171,LEFT OFF CARRIAGEWAY INTO OBJECT/PARKED VEHICLE,1,699996,Not at intersection,3,100,Arterial Other,GEELONG-BALLAN,GOLDEN PLAINS,-37.832336,144.22533,2021,11,November,15,Afternoon Peak,Weekday
T20210022676,2021-11-09,18:17:00,1,Collision with vehicle,2,Tuesday,110,CROSS TRAFFIC(INTERSECTIONS ONLY),1,696799,Multiple intersection,3,60,Arterial Other,ST GEORGES,DAREBIN,-37.7377,145.00009,2021,11,November,18,Afternoon Peak,Weekday
T20210022679,2021-11-09,18:00:00,8,No collision and no object struck,2,Tuesday,174,OUT OF CONTROL ON CARRIAGEWAY (ON STRAIGHT),1,699390,Not at intersection,2,60,Arterial Other,MURRUMBEENA,GLEN EIRA,-37.886833,145.06705,2021,11,November,18,Afternoon Peak,Weekday
T20210022682,2021-11-09,21:25:00,1,Collision with vehicle,2,Tuesday,160,VEHICLE COLLIDES WITH VEHICLE PARKED ON LEFT OF ROAD,3,696857,T intersection,3,50,Local Road,BLUEGUM,CASEY,-38.04946,145.27556,2021,11,November,21,Night,Weekday
T20210022683,2021-11-09,18:25:00,1,Collision with vehicle,2,Tuesday,140,U TURN,1,697556,Not at intersection,3,60,Local Road,PLEASANT,BALLARAT,-37.56727,143.83765,2021,11,November,18,Afternoon Peak,Weekday
T20210022684,2021-11-09,22:26:00,1,Collision with vehicle,2,Tuesday,121,RIGHT THROUGH,3,39054,Multiple intersection,3,60,Arterial Other,DONCASTER,BOROONDARA,-37.793434,145.064,2021,11,November,22,Night,Weekday
T20210023421,2021-11-09,10:35:00,5,collision with some other object,2,Tuesday,166,STRUCK OBJECT ON CARRIAGEWAY,1,697501,Not at intersection,3,60,Local Road,MOUNT MACEDON,MACEDON RANGES,-37.361763,144.54825,2021,11,November,10,Midday,Weekday
T20210022688,2021-11-09,23:15:00,1,Collision with vehicle,2,Tuesday,140,U TURN,5,698945,Not at intersection,2,60,Local Road,BARRY,HUME,-37.66738,144.95854,2021,11,November,23,Night,Weekday
T20210022690,2021-11-09,15:30:00,1,Collision with vehicle,2,Tuesday,137,LEFT TURN SIDESWIPE,1,29631,T intersection,2,60,Arterial Other,PASCOE VALE,MORELAND,-37.708305,144.91653,2021,11,November,15,Afternoon Peak,Weekday
T20210022619,2021-11-09,06:00:00,1,Collision with vehicle,2,Tuesday,110,CROSS TRAFFIC(INTERSECTIONS ONLY),2,997,Cross intersection,3,60,Arterial Other,COBURNS ROAD -HIGH,MELTON,-37.684307,144.56819,2021,11,November,6,Morning Peak,Weekday
T20210022699,2021-11-09,16:00:00,1,Collision with vehicle,2,Tuesday,130,REAR END(VEHICLES IN SAME LANE),1,705056,T intersection,3,60,Arterial Other,DORSET,KNOX,-37.858036,145.28587,2021,11,November,16,Afternoon Peak,Weekday
T20210022620,2021-11-09,05:33:00,1,Collision with vehicle,2,Tuesday,152,PULLING OUT (OVERTAKING),2,358564,T intersection,2,80,Local Road,CAPE OTWAY,SURF COAST,-38.288673,144.05132,2021,11,November,5,Morning Peak,Weekday
T20210022641,2021-11-09,11:05:00,1,Collision with vehicle,2,Tuesday,111,RIGHT FAR (INTERSECTIONS ONLY),1,758032,T intersection,2,80,Local Road,GREGORY,BALLARAT,-37.53991,143.80086,2021,11,November,11,Midday,Weekday
T20210022622,2021-11-09,06:20:00,1,Collision with vehicle,2,Tuesday,130,REAR END(VEHICLES IN SAME LANE),1,706095,Not at intersection,3,100,Arterial Highway,CALDER,LODDON,-36.57975,143.89203,2021,11,November,6,Morning Peak,Weekday
T20210022725,2021-11-09,14:30:00,4,Collision with a fixed object,2,Tuesday,173,RIGHT OFF CARRIAGEWAY INTO OBJECT/PARKED VEHICLE,1,730975,Not at intersection,2,100,Arterial Other,BRUTHEN-BUCHAN,EAST GIPPSLAND,-37.55128,148.14697,2021,11,November,14,Midday,Weekday
T20210023703,2021-11-09,15:15:00,1,Collision with vehicle,2,Tuesday,137,LEFT TURN SIDESWIPE,1,29465,T intersection,3,60,Arterial Other,ST KILDA,MELBOURNE,-37.84405,144.9784,2021,11,November,15,Afternoon Peak,Weekday
T20210022644,2021-11-09,08:30:00,1,Collision with vehicle,2,Tuesday,148,VEHICLE OFF FOOTPATH STRIKES VEH ON CARRIAGEWAY,1,686754,T intersection,3,70,Arterial Highway,NORTH,BAYSIDE,-37.900585,145.0122,2021,11,November,8,Morning Peak,Weekday
T20210022764,2021-11-10,15:27:00,4,Collision with a fixed object,3,Wednesday,171,LEFT OFF CARRIAGEWAY INTO OBJECT/PARKED VEHICLE,1,709102,Cross intersection,2,60,Arterial Other,CHANDLER,DANDENONG,-37.966602,145.18721,2021,11,November,15,Afternoon Peak,Weekday
T20210022749,2021-11-10,07:24:00,1,Collision with vehicle,3,Wednesday,130,REAR END(VEHICLES IN SAME LANE),1,699700,Not at intersection,3,100,Freeway,WESTERN,MELTON,-37.731777,144.6653,2021,11,November,7,Morning Peak,Weekday
T20210022805,2021-11-10,11:20:00,1,Collision with vehicle,3,Wednesday,142,LEAVING PARKING,1,697256,Not at intersection,3,50,Local Road,RAILWAY,BRIMBANK,-37.777008,144.7722,2021,11,November,11,Midday,Weekday
T20210022752,2021-11-10,15:50:00,1,Collision with vehicle,3,Wednesday,113,RIGHT NEAR (INTERSECTIONS ONLY),1,42593,T intersection,3,50,Arterial Other,JACKSONS,DANDENONG,-37.941063,145.19257,2021,11,November,15,Afternoon Peak,Weekday
T20210022771,2021-11-10,22:08:00,4,Collision with a fixed object,3,Wednesday,179,OTHER ACCIDENTS-OFF STRAIGHT NOT INCLUDED IN DCAs 170-175,5,730978,Not at intersection,3,100,Arterial Other,RANFURLY,MILDURA,-34.174232,142.08118,2021,11,November,22,Night,Weekday
T20210022739,2021-11-10,14:46:00,1,Collision with vehicle,3,Wednesday,130,REAR END(VEHICLES IN SAME LANE),1,737238,Not at intersection,2,80,Freeway,CALDER,BRIMBANK,-37.72427,144.84534,2021,11,November,14,Midday,Weekday
T20210022817,2021-11-10,18:00:00,1,Collision with vehicle,3,Wednesday,130,REAR END(VEHICLES IN SAME LANE),9,698678,Not at intersection,3,60,Local Road,CAROLINE SPRINGS,MELTON,-37.753796,144.7399,2021,11,November,18,Afternoon Peak,Weekday
T20210022763,2021-11-10,18:20:00,1,Collision with vehicle,3,Wednesday,140,U TURN,1,134848,Not at intersection,2,60,Arterial Other,POINT COOK,HOBSONS BAY,-37.871532,144.75996,2021,11,November,18,Afternoon Peak,Weekday
T20210022703,2021-11-10,06:14:00,2,Struck Pedestrian,3,Wednesday,100,PED NEAR SIDE. PED HIT BY VEHICLE FROM THE RIGHT.,3,700786,Not at intersection,2,60,Arterial Highway,CITY,MELBOURNE,-37.821297,144.96689,2021,11,November,6,Morning Peak,Weekday
T20210022768,2021-11-10,05:40:00,6,Vehicle overturned (no collision),3,Wednesday,184,OUT OF CONTROL ON CARRIAGEWAY (ON BEND),1,758002,Not at intersection,2,60,Arterial Other,DROUIN-KORUMBURRA,BAW BAW,-38.138172,145.85538,2021,11,November,5,Morning Peak,Weekday
T20210023599,2021-11-10,04:00:00,1,Collision with vehicle,3,Wednesday,160,VEHICLE COLLIDES WITH VEHICLE PARKED ON LEFT OF ROAD,6,697601,Not at intersection,3,40,Local Road,RATHDOWNE,MELBOURNE,-37.798306,144.97034,2021,11,November,4,Late Night,Weekday
T20210022960,2021-11-10,12:47:00,1,Collision with vehicle,3,Wednesday,121,RIGHT THROUGH,1,50606,Cross intersection,2,50,Arterial Highway,MURRAY,COLAC OTWAY,-38.338795,143.57909,2021,11,November,12,Midday,Weekday
T20210022791,2021-11-10,08:10:00,1,Collision with vehicle,3,Wednesday,148,VEHICLE OFF FOOTPATH STRIKES VEH ON CARRIAGEWAY,1,835,T intersection,3,50,Local Road,OHEA,MORELAND,-37.73711,144.96034,2021,11,November,8,Morning Peak,Weekday
T20210022696,2021-11-10,05:38:00,4,Collision with a fixed object,3,Wednesday,181,OFF RIGHT BEND INTO OBJECT/PARKED VEHICLE,2,696858,Not at intersection,3,100,Arterial Other,HYLAND,WELLINGTON,-38.385075,146.75644,2021,11,November,5,Morning Peak,Weekday
T20210022845,2021-11-10,14:48:00,1,Collision with vehicle,3,Wednesday,160,VEHICLE COLLIDES WITH VEHICLE PARKED ON LEFT OF ROAD,1,766396,Not at intersection,3,50,Local Road,SELWYN,HUME,-37.596558,144.93169,2021,11,November,14,Midday,Weekday
T20210022734,2021-11-10,14:24:00,4,Collision with a fixed object,3,Wednesday,183,OFF LEFT BEND INTO OBJECT/PARKED VEHICLE,1,730976,Not at intersection,3,60,Arterial Other,NICHOLSON,MORELAND,-37.742714,144.97804,2021,11,November,14,Midday,Weekday
T20210022754,2021-11-10,15:24:00,2,Struck Pedestrian,3,Wednesday,107,PED ON FOOTHPATH STRUCK BY VEHENTERING/LEAVING DRIVEWAY.,1,696863,Not at intersection,2,50,Local Road,BAKEWELL,CASEY,-38.110806,145.28444,2021,11,November,15,Afternoon Peak,Weekday
T20210022695,2021-11-10,06:20:00,4,Collision with a fixed object,3,Wednesday,171,LEFT OFF CARRIAGEWAY INTO OBJECT/PARKED VEHICLE,1,697168,Not at intersection,2,60,Arterial Other,THOMPSON,GEELONG,-38.08638,144.34813,2021,11,November,6,Morning Peak,Weekday
T20220002367,2021-11-10,14:30:00,1,Collision with vehicle,3,Wednesday,130,REAR END(VEHICLES IN SAME LANE),1,42424,T intersection,3,50,Arterial Other,CENTRE,KINGSTON,-37.929474,145.12643,2021,11,November,14,Midday,Weekday
T20210022731,2021-11-10,12:30:00,1,Collision with vehicle,3,Wednesday,120,HEAD ON (NOT OVERTAKING),1,697014,Not at intersection,3,60,Arterial Other,CLEGG,YARRA RANGES,-37.782326,145.4146,2021,11,November,12,Midday,Weekday
T20210022776,2021-11-10,06:54:00,1,Collision with vehicle,3,Wednesday,121,RIGHT THROUGH,1,697019,Not at intersection,3,80,Arterial Other,CANTERBURY,MAROONDAH,-37.821022,145.30656,2021,11,November,6,Morning Peak,Weekday
T20210022730,2021-11-10,09:00:00,1,Collision with vehicle,3,Wednesday,160,VEHICLE COLLIDES WITH VEHICLE PARKED ON LEFT OF ROAD,1,698551,Not at intersection,2,60,Arterial Other,BOUNDARY,MORELAND,-37.717392,144.94499,2021,11,November,9,Morning Peak,Weekday
T20210022759,2021-11-10,16:30:00,1,Collision with vehicle,3,Wednesday,133,LANE SIDE SWIPE (VEHICLES IN PARALLEL LANES),1,700707,Not at intersection,2,80,Arterial Other,CLYDE,CASEY,-38.059734,145.33849,2021,11,November,16,Afternoon Peak,Weekday
T20210022800,2021-11-10,19:10:00,1,Collision with vehicle,3,Wednesday,130,REAR END(VEHICLES IN SAME LANE),9,46225,Not at intersection,3,60,Arterial Other,CLAYTON,MONASH,-37.920113,145.1207,2021,11,November,19,Night,Weekday
T20210022732,2021-11-10,14:50:00,8,No collision and no object struck,3,Wednesday,174,OUT OF CONTROL ON CARRIAGEWAY (ON STRAIGHT),1,246852,Not at intersection,2,40,Arterial Other,MALVERN,STONNINGTON,-37.848244,145.00426,2021,11,November,14,Midday,Weekday
T20210022779,2021-11-10,09:30:00,1,Collision with vehicle,3,Wednesday,132,RIGHT REAR.,1,294262,Multiple intersection,3,60,Local Road,MT ALEXANDER,MOONEE VALLEY,-37.74598,144.91139,2021,11,November,9,Morning Peak,Weekday
T20210022784,2021-11-10,17:30:00,6,Vehicle overturned (no collision),3,Wednesday,174,OUT OF CONTROL ON CARRIAGEWAY (ON STRAIGHT),1,696860,Not at intersection,3,40,Local Road,SOMERSET,MELBOURNE,-37.8136,144.96243,2021,11,November,17,Afternoon Peak,Weekday
T20210022760,2021-11-10,15:26:00,1,Collision with vehicle,3,Wednesday,162,ACCIDENT OR BROKEN DOWN,1,710138,Not at intersection,2,100,Freeway,EASTLINK,KNOX,-37.850086,145.21613,2021,11,November,15,Afternoon Peak,Weekday
T20220007819,2021-11-10,07:53:00,3,Struck animal,3,Wednesday,167,STRUCK ANIMAL,1,708972,Not at intersection,3,80,Local Road,MCIVOR,MOUNT ALEXANDER,-36.96501,144.2525,2021,11,November,7,Morning Peak,Weekday
T20210022903,2021-11-10,17:50:00,1,Collision with vehicle,3,Wednesday,130,REAR END(VEHICLES IN SAME LANE),1,697026,Not at intersection,2,60,Local Road,TAYLORS,MELTON,-37.723785,144.74861,2021,11,November,17,Afternoon Peak,Weekday
T20210022726,2021-11-10,08:30:00,1,Collision with vehicle,3,Wednesday,147,VEHICLE STRIKES ANOTHER VEH WHILE EMERGING FROM DRIVEWAY,1,732009,Not at intersection,2,60,Arterial Other,PIONEER,GEELONG,-38.202793,144.3385,2021,11,November,8,Morning Peak,Weekday
T20210022737,2021-11-10,13:18:00,1,Collision with vehicle,3,Wednesday,130,REAR END(VEHICLES IN SAME LANE),1,705536,Not at intersection,3,60,Freeway,EASTERN,WHITEHORSE,-37.804134,145.17412,2021,11,November,13,Midday,Weekday
T20210024891,2021-11-10,15:05:00,2,Struck Pedestrian,3,Wednesday,102,FAR SIDE. PED HIT BY VEHICLE FROM THE LEFT,1,699286,Not at intersection,3,50,Local Road,NAPLES,KINGSTON,-37.988335,145.0653,2021,11,November,15,Afternoon Peak,Weekday
T20210022741,2021-11-10,12:42:00,1,Collision with vehicle,3,Wednesday,120,HEAD ON (NOT OVERTAKING),1,758010,T intersection,2,60,Local Road,LARNOOK,STONNINGTON,-37.85765,145.01094,2021,11,November,12,Midday,Weekday
T20210022716,2021-11-10,10:10:00,1,Collision with vehicle,3,Wednesday,113,RIGHT NEAR (INTERSECTIONS ONLY),1,698856,T intersection,3,60,Local Road,TINDALS,MANNINGHAM,-37.76539,145.19873,2021,11,November,10,Midday,Weekday
T20210022713,2021-11-10,10:45:00,4,Collision with a fixed object,3,Wednesday,181,OFF RIGHT BEND INTO OBJECT/PARKED VEHICLE,1,697123,Not at intersection,3,100,Arterial Other,HYLAND,WELLINGTON,-38.390205,146.75272,2021,11,November,10,Midday,Weekday
T20210022746,2021-11-10,17:20:00,1,Collision with vehicle,3,Wednesday,121,RIGHT THROUGH,1,42734,Cross intersection,3,40,Local Road,CHARMAN,KINGSTON,-37.96618,145.05556,2021,11,November,17,Afternoon Peak,Weekday
T20220002957,2021-11-10,11:34:00,1,Collision with vehicle,3,Wednesday,116,LEFT NEAR (INTERSECTIONS ONLY),1,67181,T intersection,3,40,Local Road,CATO,STONNINGTON,-37.848923,144.99289,2021,11,November,11,Midday,Weekday
T20210022745,2021-11-10,16:15:00,2,Struck Pedestrian,3,Wednesday,100,PED NEAR SIDE. PED HIT BY VEHICLE FROM THE RIGHT.,1,697016,Not at intersection,3,60,Arterial Other,THOMPSON,KINGSTON,-38.068497,145.14363,2021,11,November,16,Afternoon Peak,Weekday
T20210022710,2021-11-10,10:30:00,4,Collision with a fixed object,3,Wednesday,171,LEFT OFF CARRIAGEWAY INTO OBJECT/PARKED VEHICLE,1,699961,Not at intersection,2,50,Local Road,WIDFORD,HUME,-37.6931,144.92546,2021,11,November,10,Midday,Weekday
T20210022766,2021-11-10,17:15:00,1,Collision with vehicle,3,Wednesday,120,HEAD ON (NOT OVERTAKING),1,698771,Not at intersection,1,70,Arterial Other,OLD CALDER,BRIMBANK,-37.72539,144.84177,2021,11,November,17,Afternoon Peak,Weekday
T20210022873,2021-11-10,18:56:00,1,Collision with vehicle,3,Wednesday,130,REAR END(VEHICLES IN SAME LANE),2,328425,T intersection,2,80,Arterial Other,HALL,CASEY,-38.108097,145.2427,2021,11,November,18,Afternoon Peak,Weekday
T20220001670,2021-11-10,18:00:00,4,Collision with a fixed object,3,Wednesday,171,LEFT OFF CARRIAGEWAY INTO OBJECT/PARKED VEHICLE,1,781315,Not at intersection,3,80,Freeway,WEST GATE,HOBSONS BAY,-37.82539,144.88474,2021,11,November,18,Afternoon Peak,Weekday
T20220000162,2021-11-10,14:20:00,1,Collision with vehicle,3,Wednesday,130,REAR END(VEHICLES IN SAME LANE),1,353751,Cross intersection,3,60,Arterial Highway,BELL,DAREBIN,-37.743893,144.98915,2021,11,November,14,Midday,Weekday
T20210022844,2021-11-11,17:57:00,4,Collision with a fixed object,4,Thursday,171,LEFT OFF CARRIAGEWAY INTO OBJECT/PARKED VEHICLE,1,781318,Not at intersection,3,60,Arterial Other,HIGH,MACEDON RANGES,-37.35987,144.52718,2021,11,November,17,Afternoon Peak,Weekday
T20210023430,2021-11-11,12:00:00,1,Collision with vehicle,4,Thursday,130,REAR END(VEHICLES IN SAME LANE),1,306494,Not at intersection,3,80,Freeway,METROPOLITAN RING,HUME,-37.690758,144.97173,2021,11,November,12,Midday,Weekday
T20220010982,2021-11-11,05:34:00,2,Struck Pedestrian,4,Thursday,108,PED STRUCK WALKING TO/FROM OR BOARDING/ALIGHTING VEHICLE.,2,718446,Not at intersection,3,40,Local Road,MARKET,PORT PHILLIP,-37.830032,144.95782,2021,11,November,5,Morning Peak,Weekday
T20210022788,2021-11-11,10:02:00,2,Struck Pedestrian,4,Thursday,103,PED PLAYING/LYING/WORKING/STANDING ON CARRIAGEWAY.,1,696864,Not at intersection,2,50,Local Road,ADELINE,DAREBIN,-37.74748,145.00189,2021,11,November,10,Midday,Weekday
T20210025239,2021-11-11,17:20:00,8,No collision and no object struck,4,Thursday,174,OUT OF CONTROL ON CARRIAGEWAY (ON STRAIGHT),1,701262,Not at intersection,3,50,Local Road,SOUTH IMPERIAL,BALLARAT,-37.643894,143.85817,2021,11,November,17,Afternoon Peak,Weekday
T20210025449,2021-11-11,21:10:00,1,Collision with vehicle,4,Thursday,160,VEHICLE COLLIDES WITH VEHICLE PARKED ON LEFT OF ROAD,6,699399,Not at intersection,3,50,Arterial Other,GAFFNEY,MORELAND,-37.7325,144.94772,2021,11,November,21,Night,Weekday
T20210026407,2021-11-11,12:20:00,4,Collision with a fixed object,4,Thursday,181,OFF RIGHT BEND INTO OBJECT/PARKED VEHICLE,1,703283,Not at intersection,3,80,Arterial Other,KORUMBURRA-WONTHAGGI,SOUTH GIPPSLAND,-38.51082,145.72353,2021,11,November,12,Midday,Weekday
T20210022828,2021-11-11,13:10:00,1,Collision with vehicle,4,Thursday,121,RIGHT THROUGH,1,44644,T intersection,3,60,Arterial Other,GRIMSHAW,BANYULE,-37.701267,145.07146,2021,11,November,13,Midday,Weekday
T20210022804,2021-11-11,13:30:00,1,Collision with vehicle,4,Thursday,130,REAR END(VEHICLES IN SAME LANE),1,700143,Not at intersection,2,60,Local Road,CAROLINE SPRINGS,MELTON,-37.755833,144.7397,2021,11,November,13,Midday,Weekday
T20210022833,2021-11-11,15:20:00,2,Struck Pedestrian,4,Thursday,102,FAR SIDE. PED HIT BY VEHICLE FROM THE LEFT,1,697023,Not at intersection,2,60,Arterial Other,CRANBOURNE,FRANKSTON,-38.155483,145.16728,2021,11,November,15,Afternoon Peak,Weekday
T20210022846,2021-11-11,22:00:00,1,Collision with vehicle,4,Thursday,121,RIGHT THROUGH,3,41891,Cross intersection,3,80,Arterial Other,KELLETTS,KNOX,-37.91182,145.24704,2021,11,November,22,Night,Weekday
T20210022782,2021-11-11,09:00:00,1,Collision with vehicle,4,Thursday,113,RIGHT NEAR (INTERSECTIONS ONLY),1,697020,T intersection,3,50,Local Road,BEAUFORT,BALLARAT,-37.553383,143.81046,2021,11,November,9,Morning Peak,Weekday
T20210022839,2021-11-11,13:59:00,1,Collision with vehicle,4,Thursday,121,RIGHT THROUGH,1,36576,Cross intersection,3,60,Arterial Other,VICTORIA,YARRA,-37.808727,144.98259,2021,11,November,13,Midday,Weekday
T20210022832,2021-11-11,17:15:00,1,Collision with vehicle,4,Thursday,160,VEHICLE COLLIDES WITH VEHICLE PARKED ON LEFT OF ROAD,1,697875,Not at intersection,2,50,Local Road,STRINGERS,GEELONG,-38.182907,144.4578,2021,11,November,17,Afternoon Peak,Weekday
T20210024528,2021-11-11,06:11:00,1,Collision with vehicle,4,Thursday,130,REAR END(VEHICLES IN SAME LANE),1,698995,Not at intersection,3,80,Freeway,MONASH,CASEY,-37.972248,145.23706,2021,11,November,6,Morning Peak,Weekday
T20220000060,2021-11-11,17:29:00,1,Collision with vehicle,4,Thursday,130,REAR END(VEHICLES IN SAME LANE),1,681692,Not at intersection,3,60,Arterial Highway,GOWER,DAREBIN,-37.74256,145.02269,2021,11,November,17,Afternoon Peak,Weekday
T20210023910,2021-11-11,07:45:00,1,Collision with vehicle,4,Thursday,130,REAR END(VEHICLES IN SAME LANE),1,697888,Not at intersection,3,60,Arterial Highway,ST KILDA,PORT PHILLIP,-37.864464,144.98581,2021,11,November,7,Morning Peak,Weekday
T20210022797,2021-11-11,05:47:00,1,Collision with vehicle,4,Thursday,120,HEAD ON (NOT OVERTAKING),2,63227,T intersection,2,80,Local Road,GREIGS,MELTON,-37.746185,144.61328,2021,11,November,5,Morning Peak,Weekday
T20210022836,2021-11-11,13:42:00,1,Collision with vehicle,4,Thursday,147,VEHICLE STRIKES ANOTHER VEH WHILE EMERGING FROM DRIVEWAY,1,707967,Not at intersection,2,60,Arterial Highway,BELL,BANYULE,-37.74938,145.03674,2021,11,November,13,Midday,Weekday
T20210022838,2021-11-11,18:16:00,1,Collision with vehicle,4,Thursday,169,OTHER ON PATH,1,699664,Not at intersection,2,60,Arterial Highway,ABERDEEN,GEELONG,-38.146534,144.34525,2021,11,November,18,Afternoon Peak,Weekday
T20210022831,2021-11-11,12:30:00,1,Collision with vehicle,4,Thursday,147,VEHICLE STRIKES ANOTHER VEH WHILE EMERGING FROM DRIVEWAY,1,699059,T intersection,2,80,Arterial Highway,DANDENONG,MONASH,-37.89304,145.0877,2021,11,November,12,Midday,Weekday
T20210022793,2021-11-11,08:45:00,1,Collision with vehicle,4,Thursday,121,RIGHT THROUGH,1,36253,T intersection,3,60,Arterial Other,CANTERBURY,BOROONDARA,-37.826164,145.0992,2021,11,November,8,Morning Peak,Weekday
T20210023687,2021-11-11,18:00:00,1,Collision with vehicle,4,Thursday,147,VEHICLE STRIKES ANOTHER VEH WHILE EMERGING FROM DRIVEWAY,1,891,T intersection,3,80,Arterial Highway,FRANKSTON-DANDENONG,DANDENONG,-38.00607,145.21704,2021,11,November,18,Afternoon Peak,Weekday
T20210022813,2021-11-11,14:20:00,1,Collision with vehicle,4,Thursday,159,OTHER OVERTAKING MANOEUVRES NOT INCLUDED IN DCAs 150-154,1,700412,Not at intersection,2,80,Arterial Other,MORNINGTON-TYABB,MORNINGTON PENINSULA,-38.259907,145.15453,2021,11,November,14,Midday,Weekday
T20220000733,2021-11-11,15:45:00,1,Collision with vehicle,4,Thursday,130,REAR END(VEHICLES IN SAME LANE),1,778426,Not at intersection,3,100,Freeway,MONASH,CASEY,-38.02053,145.31233,2021,11,November,15,Afternoon Peak,Weekday
T20210022815,2021-11-11,11:45:00,1,Collision with vehicle,4,Thursday,160,VEHICLE COLLIDES WITH VEHICLE PARKED ON LEFT OF ROAD,1,698310,Not at intersection,3,60,Arterial Other,SETTLEMENT,WHITTLESEA,-37.697113,145.05219,2021,11,November,11,Midday,Weekday
T20210024237,2021-11-11,14:11:00,1,Collision with vehicle,4,Thursday,111,RIGHT FAR (INTERSECTIONS ONLY),1,43473,T intersection,3,60,Arterial Other,CRANBOURNE,FRANKSTON,-38.145832,145.12871,2021,11,November,14,Midday,Weekday
T20210022775,2021-11-11,06:15:00,1,Collision with vehicle,4,Thursday,134,LANE CHANGE RIGHT (NOT OVERTAKING),1,697018,Not at intersection,2,80,Arterial Highway,SOUTH GIPPSLAND,CASEY,-38.13218,145.29527,2021,11,November,6,Morning Peak,Weekday