ACCIDENT_NO,ACCIDENT_DATE,ACCIDENT_TIME,ACCIDENT_TYPE,ACCIDENT_TYPE_DESC,DAY_OF_WEEK,DAY_WEEK_DESC,DCA_CODE,DCA_DESC,LIGHT_CONDITION,NODE_ID,ROAD_GEOMETRY_DESC,SEVERITY,SPEED_ZONE,RMA,ROAD_NAME,LGA_NAME,LATITUDE,LONGITUDE,YEAR,MONTH,MONTH_NAME,HOUR,TIME_PERIOD,DAY_TYPE
T20220007260,2021-11-11,10:20:00,1,Collision with vehicle,4,Thursday,147,VEHICLE STRIKES ANOTHER VEH WHILE EMERGING FROM DRIVEWAY,1,708610,Not at intersection,3,60,Arterial Other,FYANS,GEELONG,-38.16142,144.35312,2021,11,November,10,Midday,Weekday
T20210022868,2021-11-11,18:42:00,1,Collision with vehicle,4,Thursday,130,REAR END(VEHICLES IN SAME LANE),2,697209,Not at intersection,3,60,Arterial Other,CAMBERWELL,BOROONDARA,-37.83228,145.05782,2021,11,November,18,Afternoon Peak,Weekday
T20210022774,2021-11-11,04:20:00,4,Collision with a fixed object,4,Thursday,173,RIGHT OFF CARRIAGEWAY INTO OBJECT/PARKED VEHICLE,3,757995,Not at intersection,2,100,Freeway,WESTERN RING,BRIMBANK,-37.752777,144.829,2021,11,November,4,Late Night,Weekday
T20210022772,2021-11-11,01:00:00,4,Collision with a fixed object,4,Thursday,173,RIGHT OFF CARRIAGEWAY INTO OBJECT/PARKED VEHICLE,3,697124,Not at intersection,3,40,Local Road,MAGID,CASEY,-38.015594,145.30298,2021,11,November,1,Late Night,Weekday
T20210022802,2021-11-11,12:20:00,1,Collision with vehicle,4,Thursday,130,REAR END(VEHICLES IN SAME LANE),1,701414,Not at intersection,2,50,Local Road,MERNDA,KINGSTON,-38.070473,145.12198,2021,11,November,12,Midday,Weekday
T20210022798,2021-11-11,10:30:00,2,Struck Pedestrian,4,Thursday,100,PED NEAR SIDE. PED HIT BY VEHICLE FROM THE RIGHT.,1,697169,Cross intersection,2,50,Local Road,BAILEY,GEELONG,-38.196342,144.34776,2021,11,November,10,Midday,Weekday
T20210022790,2021-11-11,09:45:00,1,Collision with vehicle,4,Thursday,132,RIGHT REAR.,1,703576,T intersection,3,100,Arterial Other,MAFFRA-SALE,WELLINGTON,-38.077515,147.04678,2021,11,November,9,Morning Peak,Weekday
T20210022848,2021-11-11,21:50:00,1,Collision with vehicle,4,Thursday,121,RIGHT THROUGH,3,690192,T intersection,3,60,Local Road,BRIDGEWATER,HUME,-37.620102,144.93005,2021,11,November,21,Night,Weekday
T20210022796,2021-11-11,11:54:00,1,Collision with vehicle,4,Thursday,139,OTHER SAME DIRECTION-MANOUEVRES NOT INCLUDED IN DCAs 130-137,1,697789,Not at intersection,2,80,Arterial Highway,MAROONDAH,MAROONDAH,-37.78299,145.28355,2021,11,November,11,Midday,Weekday
T20210022803,2021-11-11,08:31:00,1,Collision with vehicle,4,Thursday,154,PULLING OUT -REAR END,1,734302,Not at intersection,1,100,Freeway,WESTERN,MELTON,-37.791206,144.74944,2021,11,November,8,Morning Peak,Weekday
T20210022899,2021-11-12,13:25:00,1,Collision with vehicle,5,Friday,132,RIGHT REAR.,1,697248,Not at intersection,2,60,Local Road,EXFORD,MELTON,-37.71881,144.5722,2021,11,November,13,Midday,Weekday
T20210022970,2021-11-12,16:50:00,1,Collision with vehicle,5,Friday,130,REAR END(VEHICLES IN SAME LANE),1,714964,T intersection,3,60,Arterial Other,ELLIOTT,MELBOURNE,-37.78942,144.94254,2021,11,November,16,Afternoon Peak,Weekday
T20210022911,2021-11-12,12:32:00,4,Collision with a fixed object,5,Friday,173,RIGHT OFF CARRIAGEWAY INTO OBJECT/PARKED VEHICLE,1,696949,Not at intersection,1,100,Arterial Other,BULLUMWAAL,EAST GIPPSLAND,-37.797398,147.61154,2021,11,November,12,Midday,Weekday
T20210022915,2021-11-12,10:50:00,1,Collision with vehicle,5,Friday,110,CROSS TRAFFIC(INTERSECTIONS ONLY),1,43092,Cross intersection,2,60,Local Road,MCCRAE,DANDENONG,-37.991833,145.22105,2021,11,November,10,Midday,Weekday
T20210022916,2021-11-12,15:58:00,1,Collision with vehicle,5,Friday,130,REAR END(VEHICLES IN SAME LANE),1,697342,Not at intersection,2,60,Local Road,MORRIS,WYNDHAM,-37.851788,144.70612,2021,11,November,15,Afternoon Peak,Weekday
T20210022918,2021-11-12,15:40:00,1,Collision with vehicle,5,Friday,116,LEFT NEAR (INTERSECTIONS ONLY),1,29715,T intersection,3,60,Local Road,CLOW,DANDENONG,-37.985264,145.21773,2021,11,November,15,Afternoon Peak,Weekday
T20210022919,2021-11-12,17:05:00,1,Collision with vehicle,5,Friday,121,RIGHT THROUGH,1,780043,T intersection,3,80,Local Road,HEATH,GLENELG,-38.320953,141.56451,2021,11,November,17,Afternoon Peak,Weekday
T20210022923,2021-11-12,07:30:00,1,Collision with vehicle,5,Friday,116,LEFT NEAR (INTERSECTIONS ONLY),1,47092,T intersection,3,50,Arterial Other,KINGS,BRIMBANK,-37.70854,144.7776,2021,11,November,7,Morning Peak,Weekday
T20210022924,2021-11-12,16:00:00,2,Struck Pedestrian,5,Friday,102,FAR SIDE. PED HIT BY VEHICLE FROM THE LEFT,2,699770,Not at intersection,3,60,Arterial Other,GRIMSHAW,BANYULE,-37.702587,145.0847,2021,11,November,16,Afternoon Peak,Weekday
T20210022920,2021-11-12,15:42:00,1,Collision with vehicle,5,Friday,134,LANE CHANGE RIGHT (NOT OVERTAKING),1,697027,Not at intersection,2,100,Freeway,METROPOLITAN RING,WHITTLESEA,-37.68654,145.00665,2021,11,November,15,Afternoon Peak,Weekday
T20210022927,2021-11-12,17:00:00,1,Collision with vehicle,5,Friday,130,REAR END(VEHICLES IN SAME LANE),1,697558,Not at intersection,3,80,Arterial Highway,RINGWOOD,MAROONDAH,-37.810898,145.23515,2021,11,November,17,Afternoon Peak,Weekday
T20210022926,2021-11-12,14:45:00,4,Collision with a fixed object,5,Friday,171,LEFT OFF CARRIAGEWAY INTO OBJECT/PARKED VEHICLE,1,704554,Not at intersection,2,80,Arterial Other,BELGRAVE-HALLAM,CASEY,-37.974564,145.31532,2021,11,November,14,Midday,Weekday
T20210024393,2021-11-12,14:30:00,4,Collision with a fixed object,5,Friday,171,LEFT OFF CARRIAGEWAY INTO OBJECT/PARKED VEHICLE,1,699450,Not at intersection,3,60,Local Road,BERGINS,KNOX,-37.93698,145.23967,2021,11,November,14,Midday,Weekday
T20220026459,2021-11-12,16:50:00,1,Collision with vehicle,5,Friday,130,REAR END(VEHICLES IN SAME LANE),1,780726,Not at intersection,3,60,Arterial Other,SAYERS,WYNDHAM,-37.852306,144.72656,2021,11,November,16,Afternoon Peak,Weekday
T20210024235,2021-11-12,16:10:00,2,Struck Pedestrian,5,Friday,102,FAR SIDE. PED HIT BY VEHICLE FROM THE LEFT,2,758891,Cross intersection,2,60,Local Road,EDWIN,BANYULE,-37.752716,145.05023,2021,11,November,16,Afternoon Peak,Weekday
T20220027185,2021-11-12,16:00:00,1,Collision with vehicle,5,Friday,130,REAR END(VEHICLES IN SAME LANE),1,738858,Not at intersection,3,60,Local Road,CAROLINE SPRINGS,MELTON,-37.755386,144.73975,2021,11,November,16,Afternoon Peak,Weekday
T20210024229,2021-11-12,15:23:00,1,Collision with vehicle,5,Friday,130,REAR END(VEHICLES IN SAME LANE),1,698261,Not at intersection,3,60,Arterial Other,LOWER PLENTY,BANYULE,-37.746353,145.05893,2021,11,November,15,Afternoon Peak,Weekday
T20210023446,2021-11-12,18:30:00,2,Struck Pedestrian,5,Friday,100,PED NEAR SIDE. PED HIT BY VEHICLE FROM THE RIGHT.,1,697840,Not at intersection,3,50,Local Road,WATERFIELD,MORELAND,-37.74132,144.96529,2021,11,November,18,Afternoon Peak,Weekday
T20210022939,2021-11-12,17:30:00,1,Collision with vehicle,5,Friday,110,CROSS TRAFFIC(INTERSECTIONS ONLY),1,52605,Cross intersection,3,50,Arterial Highway,DIMBOOLA,HORSHAM,-36.710403,142.19626,2021,11,November,17,Afternoon Peak,Weekday
T20210022937,2021-11-12,20:00:00,1,Collision with vehicle,5,Friday,130,REAR END(VEHICLES IN SAME LANE),3,306124,Not at intersection,3,60,Local Road,BAMBRA,GLEN EIRA,-37.88764,145.02881,2021,11,November,20,Night,Weekday
T20210022935,2021-11-12,17:40:00,4,Collision with a fixed object,5,Friday,173,RIGHT OFF CARRIAGEWAY INTO OBJECT/PARKED VEHICLE,1,698453,Not at intersection,3,100,Local Road,BAMBRA-AIREYS INLET,SURF COAST,-38.40317,144.0307,2021,11,November,17,Afternoon Peak,Weekday
T20210022932,2021-11-12,14:10:00,1,Collision with vehicle,5,Friday,120,HEAD ON (NOT OVERTAKING),1,712463,Not at intersection,2,100,Arterial Highway,SOUTH GIPPSLAND,SOUTH GIPPSLAND,-38.44621,145.84918,2021,11,November,14,Midday,Weekday
T20210022931,2021-11-12,16:55:00,1,Collision with vehicle,5,Friday,110,CROSS TRAFFIC(INTERSECTIONS ONLY),1,43814,Cross intersection,2,80,Local Road,QUEENS,YARRA RANGES,-37.802357,145.44327,2021,11,November,16,Afternoon Peak,Weekday
T20210022928,2021-11-12,15:21:00,1,Collision with vehicle,5,Friday,120,HEAD ON (NOT OVERTAKING),1,697876,Not at intersection,2,60,Arterial Highway,DANDENONG VALLEY,DANDENONG,-37.997936,145.21864,2021,11,November,15,Afternoon Peak,Weekday
T20210022862,2021-11-12,07:50:00,4,Collision with a fixed object,5,Friday,171,LEFT OFF CARRIAGEWAY INTO OBJECT/PARKED VEHICLE,1,52964,Multiple intersection,3,60,Local Road,CLAYTON,BALLARAT,-37.576153,143.8776,2021,11,November,7,Morning Peak,Weekday
T20210023045,2021-11-12,15:30:00,1,Collision with vehicle,5,Friday,135,LANE CHANGE LEFT (NOT OVERTAKING),1,29909,Cross intersection,3,60,Local Road,DONALD CAMERON,HUME,-37.6329,144.91939,2021,11,November,15,Afternoon Peak,Weekday
T20210023263,2021-11-12,17:30:00,1,Collision with vehicle,5,Friday,111,RIGHT FAR (INTERSECTIONS ONLY),1,275075,T intersection,3,50,Local Road,GRAND,HUME,-37.579815,144.93347,2021,11,November,17,Afternoon Peak,Weekday
T20210022945,2021-11-12,05:37:00,1,Collision with vehicle,5,Friday,110,CROSS TRAFFIC(INTERSECTIONS ONLY),2,44303,Cross intersection,3,60,Arterial Other,DERRIMUT,WYNDHAM,-37.86289,144.68521,2021,11,November,5,Morning Peak,Weekday
T20210023558,2021-11-12,17:50:00,4,Collision with a fixed object,5,Friday,181,OFF RIGHT BEND INTO OBJECT/PARKED VEHICLE,1,698182,Not at intersection,3,60,Arterial Other,EMERALD-MONBULK,CARDINIA,-37.92262,145.4431,2021,11,November,17,Afternoon Peak,Weekday
T20210022856,2021-11-12,01:58:00,4,Collision with a fixed object,5,Friday,173,RIGHT OFF CARRIAGEWAY INTO OBJECT/PARKED VEHICLE,3,757974,Not at intersection,2,50,Local Road,DANIEL,GLENELG,-38.312702,141.59966,2021,11,November,1,Late Night,Weekday
T20210023733,2021-11-12,13:00:00,1,Collision with vehicle,5,Friday,113,RIGHT NEAR (INTERSECTIONS ONLY),1,1173,T intersection,3,60,Arterial Other,PRINCES,CARDINIA,-38.07117,145.4752,2021,11,November,13,Midday,Weekday
T20210022887,2021-11-12,09:19:00,1,Collision with vehicle,5,Friday,119,OTHER ADJACENT (INTERSECTIONS ONLY),1,47193,T intersection,2,60,Arterial Highway,WARRIGAL,MONASH,-37.894142,145.08798,2021,11,November,9,Morning Peak,Weekday
T20220000916,2021-11-12,07:25:00,1,Collision with vehicle,5,Friday,110,CROSS TRAFFIC(INTERSECTIONS ONLY),1,35781,Cross intersection,3,40,Local Road,BELLERINE,GEELONG,-38.14669,144.36668,2021,11,November,7,Morning Peak,Weekday
T20220002211,2021-11-12,17:00:00,1,Collision with vehicle,5,Friday,121,RIGHT THROUGH,2,29983,Cross intersection,3,60,Arterial Highway,HIGH,BENDIGO,-36.76712,144.26651,2021,11,November,17,Afternoon Peak,Weekday
T20210023192,2021-11-12,05:00:00,1,Collision with vehicle,5,Friday,113,RIGHT NEAR (INTERSECTIONS ONLY),3,37585,T intersection,2,60,Arterial Highway,PRINCES HIGHWAY,PORT PHILLIP,-37.83635,144.9732,2021,11,November,5,Morning Peak,Weekday
T20210022965,2021-11-12,22:20:00,1,Collision with vehicle,5,Friday,121,RIGHT THROUGH,6,699108,T intersection,3,60,Arterial Other,PASCOE VALE,HUME,-37.68513,144.91728,2021,11,November,22,Night,Weekday
T20210022872,2021-11-12,09:54:00,2,Struck Pedestrian,5,Friday,102,FAR SIDE. PED HIT BY VEHICLE FROM THE LEFT,1,697024,T intersection,3,50,Local Road,DAWSON,MORELAND,-37.77017,144.94997,2021,11,November,9,Morning Peak,Weekday
T20210022858,2021-11-12,06:15:00,4,Collision with a fixed object,5,Friday,173,RIGHT OFF CARRIAGEWAY INTO OBJECT/PARKED VEHICLE,2,244682,Not at intersection,3,70,Arterial Highway,WELLINGTON,MONASH,-37.91515,145.13048,2021,11,November,6,Morning Peak,Weekday
T20210023286,2021-11-12,11:00:00,1,Collision with vehicle,5,Friday,130,REAR END(VEHICLES IN SAME LANE),1,697220,Not at intersection,3,40,Freeway,WEST GATE,MELBOURNE,-37.829746,144.91928,2021,11,November,11,Midday,Weekday
T20210022875,2021-11-12,08:56:00,1,Collision with vehicle,5,Friday,113,RIGHT NEAR (INTERSECTIONS ONLY),1,71495,T intersection,2,60,Arterial Other,ANAKIE,GEELONG,-38.101273,144.33336,2021,11,November,8,Morning Peak,Weekday
T20210023524,2021-11-12,21:40:00,1,Collision with vehicle,5,Friday,130,REAR END(VEHICLES IN SAME LANE),3,697881,Cross intersection,3,70,Arterial Other,SOUTH,GLEN EIRA,-37.935665,145.05614,2021,11,November,21,Night,Weekday
T20210024737,2021-11-12,12:10:00,1,Collision with vehicle,5,Friday,130,REAR END(VEHICLES IN SAME LANE),1,28901,Not at intersection,3,80,Arterial Highway,SOUTH GIPPSLAND,DANDENONG,-38.00547,145.22772,2021,11,November,12,Midday,Weekday
T20210022877,2021-11-12,08:52:00,1,Collision with vehicle,5,Friday,130,REAR END(VEHICLES IN SAME LANE),1,39884,Cross intersection,3,60,Arterial Other,CENTRAL,HOBSONS BAY,-37.871548,144.77756,2021,11,November,8,Morning Peak,Weekday
T20210022944,2021-11-12,23:22:00,1,Collision with vehicle,5,Friday,162,ACCIDENT OR BROKEN DOWN,5,697128,Not at intersection,3,100,Local Road,SAGO HILL,BALLARAT,-37.56374,143.74687,2021,11,November,23,Night,Weekday
T20210022941,2021-11-12,20:23:00,4,Collision with a fixed object,5,Friday,173,RIGHT OFF CARRIAGEWAY INTO OBJECT/PARKED VEHICLE,3,700064,Not at intersection,3,40,Local Road,LA TROBE,MELBOURNE,-37.810852,144.95953,2021,11,November,20,Night,Weekday
T20210022878,2021-11-12,08:49:00,1,Collision with vehicle,5,Friday,160,VEHICLE COLLIDES WITH VEHICLE PARKED ON LEFT OF ROAD,1,700596,Not at intersection,2,60,Local Road,WALNUT,MILDURA,-34.20073,142.13362,2021,11,November,8,Morning Peak,Weekday
T20210022881,2021-11-12,09:40:00,1,Collision with vehicle,5,Friday,121,RIGHT THROUGH,1,51066,T intersection,2,60,Arterial Highway,BENALLA,SHEPPARTON,-36.383812,145.41624,2021,11,November,9,Morning Peak,Weekday
T20210022897,2021-11-12,11:15:00,4,Collision with a fixed object,5,Friday,181,OFF RIGHT BEND INTO OBJECT/PARKED VEHICLE,1,663051,Not at intersection,2,60,Arterial Other,NICHOLSON,MORELAND,-37.745148,144.97763,2021,11,November,11,Midday,Weekday
T20210023874,2021-11-12,13:15:00,1,Collision with vehicle,5,Friday,132,RIGHT REAR.,9,698214,Not at intersection,3,60,Arterial Other,HUNTINGDALE,MONASH,-37.86027,145.11314,2021,11,November,13,Midday,Weekday
T20210022859,2021-11-12,06:24:00,1,Collision with vehicle,5,Friday,110,CROSS TRAFFIC(INTERSECTIONS ONLY),1,699575,Cross intersection,2,80,Arterial Highway,CHELTENHAM,DANDENONG,-37.99294,145.16307,2021,11,November,6,Morning Peak,Weekday
T20210023008,2021-11-13,17:30:00,1,Collision with vehicle,6,Saturday,116,LEFT NEAR (INTERSECTIONS ONLY),1,43067,T intersection,3,60,Arterial Other,HEATHERTON,DANDENONG,-37.970562,145.21927,2021,11,November,17,Afternoon Peak,Weekend
T20210023015,2021-11-13,23:15:00,1,Collision with vehicle,6,Saturday,153,CUTTING IN (OVERTAKING),3,697644,Not at intersection,3,60,Local Road,THOMAS BRUNTON,HUME,-37.632965,144.92882,2021,11,November,23,Night,Weekend
T20210023018,2021-11-13,23:38:00,1,Collision with vehicle,6,Saturday,132,RIGHT REAR.,3,699190,T intersection,3,80,Arterial Other,PASCOE VALE,HUME,-37.65181,144.93062,2021,11,November,23,Night,Weekend
T20210023020,2021-11-13,23:20:00,1,Collision with vehicle,6,Saturday,130,REAR END(VEHICLES IN SAME LANE),3,723932,Not at intersection,3,80,Freeway,METROPOLITAN RING,WHITTLESEA,-37.690094,144.97807,2021,11,November,23,Night,Weekend
T20210023035,2021-11-13,13:00:00,1,Collision with vehicle,6,Saturday,121,RIGHT THROUGH,1,710667,Cross intersection,3,60,Arterial Highway,ALBERT,DAREBIN,-37.72549,145.02321,2021,11,November,13,Midday,Weekend
T20210022988,2021-11-13,13:50:00,2,Struck Pedestrian,6,Saturday,105,PED WALKING AGAINST TRAFFIC.,1,698996,Not at intersection,2,50,Arterial Highway,POINT NEPEAN,MORNINGTON PENINSULA,-38.354362,144.91003,2021,11,November,13,Midday,Weekend
T20210023026,2021-11-13,12:10:00,1,Collision with vehicle,6,Saturday,131,LEFT REAR,1,357259,Cross intersection,3,60,Arterial Highway,WHITEHORSE,WHITEHORSE,-37.819847,145.13844,2021,11,November,12,Midday,Weekend
T20210022948,2021-11-13,00:20:00,4,Collision with a fixed object,6,Saturday,171,LEFT OFF CARRIAGEWAY INTO OBJECT/PARKED VEHICLE,3,700338,Not at intersection,2,50,Local Road,ALCHESTER,KNOX,-37.844646,145.29947,2021,11,November,0,Late Night,Weekend
T20210022992,2021-11-13,15:00:00,1,Collision with vehicle,6,Saturday,120,HEAD ON (NOT OVERTAKING),1,711171,Not at intersection,2,100,Local Road,DOERING,MILDURA,-34.359974,142.18565,2021,11,November,15,Afternoon Peak,Weekend
T20210022983,2021-11-13,14:00:00,1,Collision with vehicle,6,Saturday,134,LANE CHANGE RIGHT (NOT OVERTAKING),1,657670,Cross intersection,2,80,Freeway,SUNSHINE,BRIMBANK,-37.702053,144.80214,2021,11,November,14,Midday,Weekend
T20210022997,2021-11-13,17:20:00,8,No collision and no object struck,6,Saturday,174,OUT OF CONTROL ON CARRIAGEWAY (ON STRAIGHT),1,698905,Not at intersection,2,60,Local Road,BANKSIA,BANYULE,-37.757626,145.05,2021,11,November,17,Afternoon Peak,Weekend
T20210023001,2021-11-13,14:50:00,1,Collision with vehicle,6,Saturday,160,VEHICLE COLLIDES WITH VEHICLE PARKED ON LEFT OF ROAD,1,59551,T intersection,3,60,Arterial Other,HOLMES,BENDIGO,-36.738895,144.2702,2021,11,November,14,Midday,Weekend
T20210022998,2021-11-13,15:20:00,1,Collision with vehicle,6,Saturday,130,REAR END(VEHICLES IN SAME LANE),1,699493,Not at intersection,2,80,Freeway,CITYLINK,MELBOURNE,-37.813976,144.93408,2021,11,November,15,Afternoon Peak,Weekend
T20210022982,2021-11-13,14:00:00,1,Collision with vehicle,6,Saturday,130,REAR END(VEHICLES IN SAME LANE),1,702036,Not at intersection,2,70,Arterial Highway,TORQUAY,GEELONG,-38.1866,144.344,2021,11,November,14,Midday,Weekend
T20210024255,2021-11-13,16:15:00,1,Collision with vehicle,6,Saturday,113,RIGHT NEAR (INTERSECTIONS ONLY),1,757966,Cross intersection,2,60,Local Road,HARROW,DAREBIN,-37.743534,145.02246,2021,11,November,16,Afternoon Peak,Weekend
T20210022996,2021-11-13,18:00:00,1,Collision with vehicle,6,Saturday,134,LANE CHANGE RIGHT (NOT OVERTAKING),1,730987,Not at intersection,3,100,Freeway,PRINCES,WYNDHAM,-37.90024,144.70465,2021,11,November,18,Afternoon Peak,Weekend
T20210023336,2021-11-13,15:30:00,8,No collision and no object struck,6,Saturday,184,OUT OF CONTROL ON CARRIAGEWAY (ON BEND),1,697340,Not at intersection,3,100,Arterial Other,TUNGAMAH MAIN,MOIRA,-36.15681,145.86548,2021,11,November,15,Afternoon Peak,Weekend
T20210023332,2021-11-13,09:02:00,4,Collision with a fixed object,6,Saturday,164,PERMANENT OBSTRUCTION ON CARRIAGEWAY,1,781340,Not at intersection,3,80,Freeway,PRINCES,WYNDHAM,-37.82544,144.82014,2021,11,November,9,Morning Peak,Weekend
T20220003420,2021-11-13,12:00:00,4,Collision with a fixed object,6,Saturday,171,LEFT OFF CARRIAGEWAY INTO OBJECT/PARKED VEHICLE,1,781338,Not at intersection,3,100,Local Road,MARKWELLS,MOYNE,-38.309563,142.57904,2021,11,November,12,Midday,Weekend
T20210024181,2021-11-13,16:45:00,5,collision with some other object,6,Saturday,198,OTHER ACCIDENTS NOT CLASSIFIABLE ELSEWHERE,1,172375,Not at intersection,3,60,Arterial Highway,HIGH,BENDIGO,-36.772808,144.25833,2021,11,November,16,Afternoon Peak,Weekend
T20210022981,2021-11-13,10:34:00,2,Struck Pedestrian,6,Saturday,100,PED NEAR SIDE. PED HIT BY VEHICLE FROM THE RIGHT.,1,30413,T intersection,2,60,Local Road,CHEDDAR,DAREBIN,-37.710236,145.01244,2021,11,November,10,Midday,Weekend
T20210023111,2021-11-13,11:37:00,1,Collision with vehicle,6,Saturday,130,REAR END(VEHICLES IN SAME LANE),1,730993,Not at intersection,3,80,Freeway,WEST GATE,MELBOURNE,-37.826267,144.93137,2021,11,November,11,Midday,Weekend
T20210023000,2021-11-13,17:00:00,4,Collision with a fixed object,6,Saturday,183,OFF LEFT BEND INTO OBJECT/PARKED VEHICLE,1,781342,Not at intersection,3,100,Arterial Highway,PRINCES,WELLINGTON,-37.920197,147.28362,2021,11,November,17,Afternoon Peak,Weekend
T20210022993,2021-11-13,16:45:00,1,Collision with vehicle,6,Saturday,121,RIGHT THROUGH,1,357253,T intersection,3,90,Arterial Other,FRANKSTON-FLINDERS,MORNINGTON PENINSULA,-38.353752,145.155,2021,11,November,16,Afternoon Peak,Weekend
T20210022951,2021-11-13,03:19:00,4,Collision with a fixed object,6,Saturday,171,LEFT OFF CARRIAGEWAY INTO OBJECT/PARKED VEHICLE,3,737001,Not at intersection,2,60,Arterial Other,MT ALEXANDER,MOONEE VALLEY,-37.78275,144.93427,2021,11,November,3,Late Night,Weekend
T20210023002,2021-11-13,18:57:00,1,Collision with vehicle,6,Saturday,121,RIGHT THROUGH,1,353559,Cross intersection,2,80,Arterial Highway,PRINCES,DANDENONG,-38.003372,145.24911,2021,11,November,18,Afternoon Peak,Weekend
T20210022957,2021-11-13,05:30:00,4,Collision with a fixed object,6,Saturday,173,RIGHT OFF CARRIAGEWAY INTO OBJECT/PARKED VEHICLE,5,698520,T intersection,2,80,Local Road,OLD TELEGRAPH,BAW BAW,-38.073032,145.87973,2021,11,November,5,Morning Peak,Weekend
T20210023098,2021-11-13,16:00:00,1,Collision with vehicle,6,Saturday,160,VEHICLE COLLIDES WITH VEHICLE PARKED ON LEFT OF ROAD,1,697033,Not at intersection,3,40,Local Road,FRANKLIN,MELBOURNE,-37.80808,144.96071,2021,11,November,16,Afternoon Peak,Weekend
T20210022972,2021-11-13,10:40:00,1,Collision with vehicle,6,Saturday,160,VEHICLE COLLIDES WITH VEHICLE PARKED ON LEFT OF ROAD,1,697338,Not at intersection,3,50,Arterial Other,NEERIM,GLEN EIRA,-37.887985,145.05182,2021,11,November,10,Midday,Weekend
T20210022966,2021-11-13,11:19:00,1,Collision with vehicle,6,Saturday,130,REAR END(VEHICLES IN SAME LANE),1,698165,Not at intersection,3,50,Arterial Highway,ST GEORGES,DAREBIN,-37.761017,144.99312,2021,11,November,11,Midday,Weekend
T20210023021,2021-11-14,02:00:00,1,Collision with vehicle,7,Sunday,160,VEHICLE COLLIDES WITH VEHICLE PARKED ON LEFT OF ROAD,3,702889,Not at intersection,3,60,Arterial Other,EPSOM,MOONEE VALLEY,-37.774734,144.90918,2021,11,November,2,Late Night,Weekend
T20210023025,2021-11-14,03:39:00,4,Collision with a fixed object,7,Sunday,164,PERMANENT OBSTRUCTION ON CARRIAGEWAY,3,700576,Not at intersection,2,80,Freeway,WEST GATE,HOBSONS BAY,-37.82544,144.884,2021,11,November,3,Late Night,Weekend
T20210023041,2021-11-14,11:44:00,1,Collision with vehicle,7,Sunday,113,RIGHT NEAR (INTERSECTIONS ONLY),1,626,Cross intersection,3,70,Arterial Highway,SPRINGVALE,MONASH,-37.874386,145.16681,2021,11,November,11,Midday,Weekend
T20210023042,2021-11-14,11:45:00,1,Collision with vehicle,7,Sunday,130,REAR END(VEHICLES IN SAME LANE),1,353658,T intersection,3,80,Arterial Other,BORONIA,KNOX,-37.84847,145.2301,2021,11,November,11,Midday,Weekend
T20210023051,2021-11-14,13:20:00,1,Collision with vehicle,7,Sunday,130,REAR END(VEHICLES IN SAME LANE),1,697257,Not at intersection,2,80,Arterial Other,CRANBOURNE,CASEY,-38.02679,145.30652,2021,11,November,13,Midday,Weekend
T20210023056,2021-11-14,14:15:00,1,Collision with vehicle,7,Sunday,110,CROSS TRAFFIC(INTERSECTIONS ONLY),1,17697,Cross intersection,3,50,Arterial Highway,STATION,MURRINDINDI,-37.212055,145.42317,2021,11,November,14,Midday,Weekend
T20210023057,2021-11-14,14:10:00,4,Collision with a fixed object,7,Sunday,173,RIGHT OFF CARRIAGEWAY INTO OBJECT/PARKED VEHICLE,1,734349,Not at intersection,2,100,Local Road,WALKERVILLE,SOUTH GIPPSLAND,-38.76651,145.90207,2021,11,November,14,Midday,Weekend
T20210023060,2021-11-14,15:45:00,1,Collision with vehicle,7,Sunday,110,CROSS TRAFFIC(INTERSECTIONS ONLY),1,52373,Cross intersection,3,70,Arterial Highway,PRINCES,WELLINGTON,-38.09357,147.06886,2021,11,November,15,Afternoon Peak,Weekend
T20210023062,2021-11-14,14:19:00,1,Collision with vehicle,7,Sunday,121,RIGHT THROUGH,1,655152,Not at intersection,2,80,Arterial Highway,SOUTH GIPPSLAND,CASEY,-38.08471,145.27771,2021,11,November,14,Midday,Weekend
T20210023065,2021-11-14,14:32:00,1,Collision with vehicle,7,Sunday,152,PULLING OUT (OVERTAKING),1,697129,T intersection,2,100,Arterial Other,PITFIELD-SCARSDALE,GOLDEN PLAINS,-37.755005,143.62422,2021,11,November,14,Midday,Weekend
T20210023565,2021-11-14,12:15:00,1,Collision with vehicle,7,Sunday,130,REAR END(VEHICLES IN SAME LANE),1,697220,Not at intersection,3,60,Freeway,WEST GATE,MELBOURNE,-37.829746,144.91928,2021,11,November,12,Midday,Weekend
T20210023072,2021-11-14,19:00:00,1,Collision with vehicle,7,Sunday,130,REAR END(VEHICLES IN SAME LANE),1,697354,Cross intersection,2,40,Local Road,FLINDERS,MELBOURNE,-37.81671,144.96999,2021,11,November,19,Night,Weekend