ACCIDENT_NO,ACCIDENT_DATE,ACCIDENT_TIME,ACCIDENT_TYPE,ACCIDENT_TYPE_DESC,DAY_OF_WEEK,DAY_WEEK_DESC,DCA_CODE,DCA_DESC,LIGHT_CONDITION,NODE_ID,ROAD_GEOMETRY_DESC,SEVERITY,SPEED_ZONE,RMA,ROAD_NAME,LGA_NAME,LATITUDE,LONGITUDE,YEAR,MONTH,MONTH_NAME,HOUR,TIME_PERIOD,DAY_TYPE
T20210023071,2021-11-14,18:10:00,4,Collision with a fixed object,7,Sunday,173,RIGHT OFF CARRIAGEWAY INTO OBJECT/PARKED VEHICLE,1,57078,T intersection,3,50,Local Road,CARTLEDGE,BALLARAT,-37.6027,143.8632,2021,11,November,18,Afternoon Peak,Weekend
T20210023070,2021-11-14,17:43:00,1,Collision with vehicle,7,Sunday,120,HEAD ON (NOT OVERTAKING),1,703378,Not at intersection,2,60,Arterial Other,CHRISTIES,MELTON,-37.762745,144.73921,2021,11,November,17,Afternoon Peak,Weekend
T20210023128,2021-11-14,13:30:00,1,Collision with vehicle,7,Sunday,130,REAR END(VEHICLES IN SAME LANE),1,702890,Cross intersection,2,80,Arterial Other,HUME,HUME,-37.643265,144.95145,2021,11,November,13,Midday,Weekend
T20210023257,2021-11-14,00:30:00,7,Fall from or in moving vehicle,7,Sunday,190,FELL IN/FROM VEHICLE,5,697219,T intersection,3,60,Local Road,FITZGIBBON,BENDIGO,-36.815968,144.42543,2021,11,November,0,Late Night,Weekend
T20210023082,2021-11-14,22:30:00,1,Collision with vehicle,7,Sunday,130,REAR END(VEHICLES IN SAME LANE),3,730989,T intersection,3,50,Local Road,KINGSCLERE,DANDENONG,-37.989784,145.17041,2021,11,November,22,Night,Weekend
T20210023033,2021-11-14,10:00:00,1,Collision with vehicle,7,Sunday,121,RIGHT THROUGH,1,683318,Cross intersection,2,70,Arterial Other,SUNSHINE,BRIMBANK,-37.729427,144.81503,2021,11,November,10,Midday,Weekend
T20210023654,2021-11-14,12:00:00,8,No collision and no object struck,7,Sunday,184,OUT OF CONTROL ON CARRIAGEWAY (ON BEND),1,698454,Not at intersection,2,100,Arterial Highway,GREAT ALPINE,(MOUNT HOTHAM),-36.972935,147.12979,2021,11,November,12,Midday,Weekend
T20210023084,2021-11-14,19:20:00,4,Collision with a fixed object,7,Sunday,171,LEFT OFF CARRIAGEWAY INTO OBJECT/PARKED VEHICLE,1,773687,Not at intersection,2,100,Arterial Highway,MURRAY VALLEY,CAMPASPE,-36.004368,144.42216,2021,11,November,19,Night,Weekend
T20210023407,2021-11-14,10:30:00,1,Collision with vehicle,7,Sunday,130,REAR END(VEHICLES IN SAME LANE),1,697645,Not at intersection,3,50,Local Road,VIEW,BENDIGO,-36.757553,144.27606,2021,11,November,10,Midday,Weekend
T20210023085,2021-11-14,13:11:00,4,Collision with a fixed object,7,Sunday,171,LEFT OFF CARRIAGEWAY INTO OBJECT/PARKED VEHICLE,1,776841,T intersection,2,50,Local Road,TINDALE,WYNDHAM,-37.92172,144.6283,2021,11,November,13,Midday,Weekend
T20210023074,2021-11-14,14:23:00,2,Struck Pedestrian,7,Sunday,106,VEH STRIKES PED ON FOOTPATH/MEDIAN/TRAFFIC ISLAND.,1,707968,Not at intersection,2,60,Local Road,CAROLINE SPRINGS,MELTON,-37.73776,144.73904,2021,11,November,14,Midday,Weekend
T20210023108,2021-11-15,12:02:00,1,Collision with vehicle,1,Monday,147,VEHICLE STRIKES ANOTHER VEH WHILE EMERGING FROM DRIVEWAY,1,776825,Not at intersection,3,50,Local Road,HAMERSLEY,CASEY,-38.093628,145.34035,2021,11,November,12,Midday,Weekday
T20210023107,2021-11-15,12:10:00,1,Collision with vehicle,1,Monday,130,REAR END(VEHICLES IN SAME LANE),1,697213,Not at intersection,2,60,Local Road,THOMPSONS,CASEY,-38.08963,145.3359,2021,11,November,12,Midday,Weekday
T20210023148,2021-11-15,08:25:00,1,Collision with vehicle,1,Monday,130,REAR END(VEHICLES IN SAME LANE),1,42629,T intersection,3,60,Local Road,GLADSTONE,DANDENONG,-37.940197,145.21048,2021,11,November,8,Morning Peak,Weekday
T20210023373,2021-11-15,08:30:00,1,Collision with vehicle,1,Monday,130,REAR END(VEHICLES IN SAME LANE),1,35349,Cross intersection,3,50,Arterial Other,SPENCER,MELBOURNE,-37.8211,144.95508,2021,11,November,8,Morning Peak,Weekday
T20210023144,2021-11-15,22:15:00,2,Struck Pedestrian,1,Monday,100,PED NEAR SIDE. PED HIT BY VEHICLE FROM THE RIGHT.,3,697602,Not at intersection,2,50,Local Road,IMPERIAL,GOLDEN PLAINS,-38.040546,144.1645,2021,11,November,22,Night,Weekday
T20210023089,2021-11-15,07:30:00,1,Collision with vehicle,1,Monday,134,LANE CHANGE RIGHT (NOT OVERTAKING),1,697255,Not at intersection,3,60,Arterial Other,DONCASTER,BOROONDARA,-37.794476,145.08556,2021,11,November,7,Morning Peak,Weekday
T20210023091,2021-11-15,08:00:00,1,Collision with vehicle,1,Monday,130,REAR END(VEHICLES IN SAME LANE),1,697212,Not at intersection,3,60,Arterial Other,DIAMOND CREEK,NILLUMBIK,-37.67462,145.14433,2021,11,November,8,Morning Peak,Weekday
T20210023092,2021-11-15,08:20:00,1,Collision with vehicle,1,Monday,130,REAR END(VEHICLES IN SAME LANE),1,773132,Not at intersection,3,70,Arterial Highway,TORQUAY,GEELONG,-38.190567,144.3432,2021,11,November,8,Morning Peak,Weekday
T20210023106,2021-11-15,12:30:00,1,Collision with vehicle,1,Monday,121,RIGHT THROUGH,1,46164,Cross intersection,3,60,Arterial Other,PRINCESS,BOROONDARA,-37.802963,145.02959,2021,11,November,12,Midday,Weekday
T20210023093,2021-11-15,08:22:00,1,Collision with vehicle,1,Monday,121,RIGHT THROUGH,1,730991,Not at intersection,2,60,Arterial Other,PASCOE VALE,HUME,-37.662567,144.92268,2021,11,November,8,Morning Peak,Weekday
T20210023489,2021-11-15,14:05:00,1,Collision with vehicle,1,Monday,130,REAR END(VEHICLES IN SAME LANE),1,697502,Not at intersection,2,70,Arterial Highway,LATROBE,GEELONG,-38.14484,144.35326,2021,11,November,14,Midday,Weekday
T20210023095,2021-11-15,07:40:00,1,Collision with vehicle,1,Monday,121,RIGHT THROUGH,1,63922,Cross intersection,3,50,Arterial Other,GRANGE,DAREBIN,-37.767216,145.02724,2021,11,November,7,Morning Peak,Weekday
T20210023172,2021-11-15,14:45:00,1,Collision with vehicle,1,Monday,110,CROSS TRAFFIC(INTERSECTIONS ONLY),1,29499,Cross intersection,3,50,Local Road,GILLIES,DAREBIN,-37.771603,145.01822,2021,11,November,14,Midday,Weekday
T20210026030,2021-11-15,13:30:00,1,Collision with vehicle,1,Monday,110,CROSS TRAFFIC(INTERSECTIONS ONLY),1,40239,Cross intersection,3,60,Local Road,ALBANY,STONNINGTON,-37.845352,145.02243,2021,11,November,13,Midday,Weekday
T20210023099,2021-11-15,08:30:00,1,Collision with vehicle,1,Monday,121,RIGHT THROUGH,1,36254,T intersection,2,80,Arterial Other,WELLINGTON,KNOX,-37.92765,145.24062,2021,11,November,8,Morning Peak,Weekday
T20210023774,2021-11-15,16:20:00,1,Collision with vehicle,1,Monday,160,VEHICLE COLLIDES WITH VEHICLE PARKED ON LEFT OF ROAD,1,698120,Not at intersection,2,50,Local Road,HARRIS,DANDENONG,-37.942776,145.14706,2021,11,November,16,Afternoon Peak,Weekday
T20210023100,2021-11-15,08:47:00,1,Collision with vehicle,1,Monday,130,REAR END(VEHICLES IN SAME LANE),1,697553,Not at intersection,2,100,Freeway,MONASH,DANDENONG,-37.95703,145.22105,2021,11,November,8,Morning Peak,Weekday
T20210023672,2021-11-15,15:00:00,8,No collision and no object struck,1,Monday,174,OUT OF CONTROL ON CARRIAGEWAY (ON STRAIGHT),1,697922,Not at intersection,3,30,Local Road,VIEW,MORELAND,-37.69694,144.93463,2021,11,November,15,Afternoon Peak,Weekday
T20210023692,2021-11-15,10:55:00,1,Collision with vehicle,1,Monday,114,TWO RIGHT TURNING (INTERSECTIONS ONLY),1,42197,Cross intersection,3,80,Arterial Highway,NEPEAN,KINGSTON,-37.949116,145.046,2021,11,November,10,Midday,Weekday
T20210023101,2021-11-15,07:16:00,4,Collision with a fixed object,1,Monday,181,OFF RIGHT BEND INTO OBJECT/PARKED VEHICLE,1,781361,Not at intersection,3,80,Local Road,MEDHURST,YARRA RANGES,-37.724617,145.43462,2021,11,November,7,Morning Peak,Weekday
T20210023103,2021-11-15,06:33:00,1,Collision with vehicle,1,Monday,130,REAR END(VEHICLES IN SAME LANE),2,730992,T intersection,3,100,Freeway,EASTLINK,DANDENONG,-38.065796,145.18286,2021,11,November,6,Morning Peak,Weekday
T20210023138,2021-11-15,21:53:00,1,Collision with vehicle,1,Monday,130,REAR END(VEHICLES IN SAME LANE),5,697355,Not at intersection,3,100,Freeway,SOUTH GIPPSLAND,CASEY,-38.015045,145.24971,2021,11,November,21,Night,Weekday
T20210023133,2021-11-15,18:00:00,1,Collision with vehicle,1,Monday,143,ENTERING PARKING,1,698998,Not at intersection,2,50,Local Road,ESPLANADE,HOBSONS BAY,-37.873394,144.8172,2021,11,November,18,Afternoon Peak,Weekday
T20210023125,2021-11-15,17:01:00,1,Collision with vehicle,1,Monday,110,CROSS TRAFFIC(INTERSECTIONS ONLY),1,47759,Multiple intersection,2,80,Freeway,MUNDY,HUME,-37.53928,144.6483,2021,11,November,17,Afternoon Peak,Weekday
T20210023121,2021-11-15,17:35:00,1,Collision with vehicle,1,Monday,121,RIGHT THROUGH,1,697498,Not at intersection,2,60,Local Road,GOLF LINKS,FRANKSTON,-38.164787,145.13818,2021,11,November,17,Afternoon Peak,Weekday
T20210023094,2021-11-15,07:37:00,1,Collision with vehicle,1,Monday,113,RIGHT NEAR (INTERSECTIONS ONLY),1,41888,T intersection,2,80,Arterial Other,FERNTREE GULLY,KNOX,-37.895275,145.24915,2021,11,November,7,Morning Peak,Weekday
T20210023116,2021-11-15,15:22:00,1,Collision with vehicle,1,Monday,121,RIGHT THROUGH,1,350769,Cross intersection,2,70,Arterial Other,OLD GEELONG,WYNDHAM,-37.871906,144.72531,2021,11,November,15,Afternoon Peak,Weekday
T20210023114,2021-11-15,14:10:00,1,Collision with vehicle,1,Monday,113,RIGHT NEAR (INTERSECTIONS ONLY),1,931,Cross intersection,2,80,Arterial Highway,FRANKSTON-DANDENONG,FRANKSTON,-38.09948,145.17279,2021,11,November,14,Midday,Weekday
T20210023112,2021-11-15,10:30:00,6,Vehicle overturned (no collision),1,Monday,170,OFF CARRIAGEWAY TO LEFT,1,708430,Not at intersection,2,100,Arterial Other,LISMORE-SCARSDALE,CORANGAMITE,-37.93265,143.41805,2021,11,November,10,Midday,Weekday
T20210023102,2021-11-15,10:15:00,4,Collision with a fixed object,1,Monday,171,LEFT OFF CARRIAGEWAY INTO OBJECT/PARKED VEHICLE,1,701014,Not at intersection,3,100,Arterial Other,BAXTER-TOORADIN,CASEY,-38.204933,145.25227,2021,11,November,10,Midday,Weekday
T20210023188,2021-11-16,17:28:00,1,Collision with vehicle,2,Tuesday,110,CROSS TRAFFIC(INTERSECTIONS ONLY),1,781236,Cross intersection,3,50,Local Road,NORMA,MELTON,-37.68509,144.57454,2021,11,November,17,Afternoon Peak,Weekday
T20210023186,2021-11-16,14:50:00,1,Collision with vehicle,2,Tuesday,130,REAR END(VEHICLES IN SAME LANE),1,697216,Not at intersection,2,80,Arterial Other,THOMPSONS,CASEY,-38.079956,145.25783,2021,11,November,14,Midday,Weekday
T20210023655,2021-11-16,14:00:00,6,Vehicle overturned (no collision),2,Tuesday,174,OUT OF CONTROL ON CARRIAGEWAY (ON STRAIGHT),1,699060,Not at intersection,3,50,Local Road,HENRY,CARDINIA,-38.077988,145.48654,2021,11,November,14,Midday,Weekday
T20210023185,2021-11-16,14:50:00,1,Collision with vehicle,2,Tuesday,130,REAR END(VEHICLES IN SAME LANE),1,41267,Cross intersection,3,80,Arterial Highway,NEPEAN,BAYSIDE,-37.91583,145.0177,2021,11,November,14,Midday,Weekday
T20210023209,2021-11-16,18:06:00,4,Collision with a fixed object,2,Tuesday,171,LEFT OFF CARRIAGEWAY INTO OBJECT/PARKED VEHICLE,1,698118,Not at intersection,2,60,Arterial Highway,MAROONDAH,MAROONDAH,-37.80857,145.24023,2021,11,November,18,Afternoon Peak,Weekday
T20210023147,2021-11-16,07:20:00,5,collision with some other object,2,Tuesday,198,OTHER ACCIDENTS NOT CLASSIFIABLE ELSEWHERE,1,698024,T intersection,3,60,Local Road,STINTONS,MANNINGHAM,-37.772533,145.20998,2021,11,November,7,Morning Peak,Weekday
T20210024278,2021-11-16,08:50:00,2,Struck Pedestrian,2,Tuesday,100,PED NEAR SIDE. PED HIT BY VEHICLE FROM THE RIGHT.,1,29782,Cross intersection,3,60,Arterial Other,BONEO,MORNINGTON PENINSULA,-38.36746,144.88942,2021,11,November,8,Morning Peak,Weekday
T20210023319,2021-11-16,16:40:00,1,Collision with vehicle,2,Tuesday,130,REAR END(VEHICLES IN SAME LANE),1,697302,Not at intersection,3,100,Arterial Highway,WESTERN,HORSHAM,-36.743595,142.21788,2021,11,November,16,Afternoon Peak,Weekday
T20210023251,2021-11-16,21:13:00,1,Collision with vehicle,2,Tuesday,160,VEHICLE COLLIDES WITH VEHICLE PARKED ON LEFT OF ROAD,3,697605,Not at intersection,2,50,Local Road,MARLIN,GEELONG,-38.264576,144.53937,2021,11,November,21,Night,Weekday
T20210023157,2021-11-16,13:05:00,1,Collision with vehicle,2,Tuesday,110,CROSS TRAFFIC(INTERSECTIONS ONLY),1,51004,Cross intersection,3,50,Local Road,PERRY,WANGARATTA,-36.36296,146.3176,2021,11,November,13,Midday,Weekday
T20210023142,2021-11-16,02:07:00,1,Collision with vehicle,2,Tuesday,169,OTHER ON PATH,3,737237,Not at intersection,2,50,Local Road,RADNOR,BRIMBANK,-37.781334,144.77939,2021,11,November,2,Late Night,Weekday
T20210023168,2021-11-16,12:42:00,4,Collision with a fixed object,2,Tuesday,173,RIGHT OFF CARRIAGEWAY INTO OBJECT/PARKED VEHICLE,1,698417,Not at intersection,3,100,Arterial Highway,GOULBURN VALLEY,MOIRA,-36.19724,145.43185,2021,11,November,12,Midday,Weekday
T20210023659,2021-11-16,13:00:00,1,Collision with vehicle,2,Tuesday,130,REAR END(VEHICLES IN SAME LANE),9,698167,Cross intersection,3,80,Arterial Highway,WELLINGTON,MONASH,-37.918472,145.15863,2021,11,November,13,Midday,Weekday
T20210023184,2021-11-16,16:15:00,1,Collision with vehicle,2,Tuesday,160,VEHICLE COLLIDES WITH VEHICLE PARKED ON LEFT OF ROAD,1,697250,Not at intersection,2,50,Local Road,TUSCAN,WHITTLESEA,-37.68747,145.00665,2021,11,November,16,Afternoon Peak,Weekday
T20210023247,2021-11-16,07:40:00,1,Collision with vehicle,2,Tuesday,130,REAR END(VEHICLES IN SAME LANE),1,697296,Not at intersection,3,80,Arterial Highway,RINGWOOD,MAROONDAH,-37.81076,145.23349,2021,11,November,7,Morning Peak,Weekday
T20210023145,2021-11-16,08:22:00,1,Collision with vehicle,2,Tuesday,130,REAR END(VEHICLES IN SAME LANE),1,697132,T intersection,2,80,Arterial Highway,SPRINGVALE,WHITEHORSE,-37.851715,145.16985,2021,11,November,8,Morning Peak,Weekday
T20210023180,2021-11-16,15:25:00,1,Collision with vehicle,2,Tuesday,148,VEHICLE OFF FOOTPATH STRIKES VEH ON CARRIAGEWAY,1,52995,T intersection,2,40,Arterial Highway,HERTFORD,BALLARAT,-37.58558,143.83774,2021,11,November,15,Afternoon Peak,Weekday
T20210023150,2021-11-16,10:19:00,4,Collision with a fixed object,2,Tuesday,173,RIGHT OFF CARRIAGEWAY INTO OBJECT/PARKED VEHICLE,1,697134,Not at intersection,3,60,Arterial Other,DERRIMUT,WYNDHAM,-37.88584,144.68158,2021,11,November,10,Midday,Weekday
T20210023203,2021-11-16,14:35:00,1,Collision with vehicle,2,Tuesday,130,REAR END(VEHICLES IN SAME LANE),1,697217,Not at intersection,3,80,Arterial Other,MELTON,BRIMBANK,-37.693726,144.75943,2021,11,November,14,Midday,Weekday
T20210023317,2021-11-16,16:00:00,1,Collision with vehicle,2,Tuesday,130,REAR END(VEHICLES IN SAME LANE),1,701737,Not at intersection,3,80,Freeway,WEST GATE,HOBSONS BAY,-37.824924,144.84937,2021,11,November,16,Afternoon Peak,Weekday
T20210023207,2021-11-16,18:13:00,6,Vehicle overturned (no collision),2,Tuesday,180,OFF CARRIAGEWAY ON RIGHT BEND,1,700708,Not at intersection,3,60,Arterial Other,PAKENHAM,CARDINIA,-37.951004,145.50272,2021,11,November,18,Afternoon Peak,Weekday
T20210023206,2021-11-16,16:25:00,1,Collision with vehicle,2,Tuesday,140,U TURN,1,697252,Not at intersection,3,60,Local Road,VICTORIA,DAREBIN,-37.77455,145.01105,2021,11,November,16,Afternoon Peak,Weekday
T20210023166,2021-11-16,13:44:00,1,Collision with vehicle,2,Tuesday,152,PULLING OUT (OVERTAKING),1,39893,T intersection,2,60,Arterial Other,MAIDSTONE,HOBSONS BAY,-37.858055,144.81009,2021,11,November,13,Midday,Weekday
T20210023195,2021-11-16,16:35:00,1,Collision with vehicle,2,Tuesday,110,CROSS TRAFFIC(INTERSECTIONS ONLY),1,868,Cross intersection,3,50,Arterial Highway,STATE (LOWER DANDENONG/CHELTENHAM),DANDENONG,-37.99012,145.21454,2021,11,November,16,Afternoon Peak,Weekday
T20210023997,2021-11-16,16:10:00,1,Collision with vehicle,2,Tuesday,130,REAR END(VEHICLES IN SAME LANE),1,731022,T intersection,3,60,Arterial Highway,LONG STREET -ROUGHEAD,SOUTH GIPPSLAND,-38.47536,145.94781,2021,11,November,16,Afternoon Peak,Weekday
T20210023189,2021-11-16,13:33:00,1,Collision with vehicle,2,Tuesday,132,RIGHT REAR.,1,72043,Cross intersection,3,100,Arterial Other,TRARALGON-MAFFRA,LATROBE,-38.14037,146.55672,2021,11,November,13,Midday,Weekday
T20210023156,2021-11-16,11:45:00,4,Collision with a fixed object,2,Tuesday,173,RIGHT OFF CARRIAGEWAY INTO OBJECT/PARKED VEHICLE,1,42895,T intersection,3,50,Local Road,ATHOL,DANDENONG,-37.97297,145.16405,2021,11,November,11,Midday,Weekday
T20210023212,2021-11-16,09:13:00,1,Collision with vehicle,2,Tuesday,148,VEHICLE OFF FOOTPATH STRIKES VEH ON CARRIAGEWAY,1,230257,T intersection,3,40,Local Road,HALL,MARIBYRNONG,-37.815975,144.8969,2021,11,November,9,Morning Peak,Weekday
T20210023155,2021-11-16,07:30:00,1,Collision with vehicle,2,Tuesday,130,REAR END(VEHICLES IN SAME LANE),1,771092,Not at intersection,2,80,Arterial Other,HUNTINGDALE,MONASH,-37.900967,145.10545,2021,11,November,7,Morning Peak,Weekday
T20210026959,2021-11-16,18:20:00,1,Collision with vehicle,2,Tuesday,130,REAR END(VEHICLES IN SAME LANE),1,351302,Not at intersection,3,60,Arterial Highway,MAROONDAH,MAROONDAH,-37.80979,145.23918,2021,11,November,18,Afternoon Peak,Weekday
T20210023341,2021-11-16,11:30:00,1,Collision with vehicle,2,Tuesday,130,REAR END(VEHICLES IN SAME LANE),1,42240,Cross intersection,3,70,Arterial Other,EAST BOUNDARY,GLEN EIRA,-37.935684,145.05624,2021,11,November,11,Midday,Weekday
T20220001480,2021-11-16,05:10:00,3,Struck animal,2,Tuesday,167,STRUCK ANIMAL,2,704639,T intersection,2,100,Arterial Highway,STAWELL-WARRACKNABEAL,YARRIAMBIACK,-36.331635,142.4826,2021,11,November,5,Morning Peak,Weekday
T20210023253,2021-11-17,12:25:00,1,Collision with vehicle,3,Wednesday,130,REAR END(VEHICLES IN SAME LANE),1,730996,Cross intersection,3,80,Arterial Highway,PRINCES,CASEY,-38.026356,145.30692,2021,11,November,12,Midday,Weekday
T20210023302,2021-11-17,16:05:00,1,Collision with vehicle,3,Wednesday,110,CROSS TRAFFIC(INTERSECTIONS ONLY),1,697418,Cross intersection,3,50,Local Road,MACEDON,MORNINGTON PENINSULA,-38.340122,144.97133,2021,11,November,16,Afternoon Peak,Weekday
T20210023386,2021-11-17,16:00:00,1,Collision with vehicle,3,Wednesday,130,REAR END(VEHICLES IN SAME LANE),1,681977,Not at intersection,2,60,Arterial Other,GORDON,MARIBYRNONG,-37.79437,144.88893,2021,11,November,16,Afternoon Peak,Weekday
T20210024500,2021-11-17,06:25:00,1,Collision with vehicle,3,Wednesday,113,RIGHT NEAR (INTERSECTIONS ONLY),2,781266,T intersection,3,60,Local Road,MUNRO,BOROONDARA,-37.830173,145.04659,2021,11,November,6,Morning Peak,Weekday
T20210024954,2021-11-17,17:15:00,1,Collision with vehicle,3,Wednesday,153,CUTTING IN (OVERTAKING),1,698785,Not at intersection,3,50,Local Road,LOCH,MOONEE VALLEY,-37.731293,144.91774,2021,11,November,17,Afternoon Peak,Weekday
T20210023342,2021-11-17,17:26:00,6,Vehicle overturned (no collision),3,Wednesday,172,OFF CARRIAGEWAY TO RIGHT,1,698365,Not at intersection,3,100,Local Road,KOONDROOK-MURRABIT,GANNAWARRA,-35.5896,144.01854,2021,11,November,17,Afternoon Peak,Weekday
T20210023303,2021-11-17,19:19:00,4,Collision with a fixed object,3,Wednesday,171,LEFT OFF CARRIAGEWAY INTO OBJECT/PARKED VEHICLE,1,715140,Not at intersection,2,100,Arterial Other,BENDIGO-MURCHISON,SHEPPARTON,-36.61216,145.18764,2021,11,November,19,Night,Weekday
T20210023248,2021-11-17,10:17:00,1,Collision with vehicle,3,Wednesday,171,LEFT OFF CARRIAGEWAY INTO OBJECT/PARKED VEHICLE,1,697500,Not at intersection,2,40,Local Road,JACKSON,STONNINGTON,-37.84002,145.00758,2021,11,November,10,Midday,Weekday
T20210023235,2021-11-17,06:30:00,4,Collision with a fixed object,3,Wednesday,181,OFF RIGHT BEND INTO OBJECT/PARKED VEHICLE,1,699993,Not at intersection,2,80,Local Road,GRANTVILLE-GLEN ALVIE,BASS COAST,-38.419544,145.55037,2021,11,November,6,Morning Peak,Weekday
T20210023305,2021-11-17,19:15:00,1,Collision with vehicle,3,Wednesday,121,RIGHT THROUGH,2,36366,Cross intersection,2,40,Arterial Other,PRINCES,MELBOURNE,-37.79258,144.97134,2021,11,November,19,Night,Weekday
T20210023448,2021-11-17,11:45:00,8,No collision and no object struck,3,Wednesday,149,OTHER MANOEUVRING NOT INCLUDED IN DCAs 140-148,1,699931,Not at intersection,2,40,Local Road,FERRARS,PORT PHILLIP,-37.83077,144.95393,2021,11,November,11,Midday,Weekday
T20210023307,2021-11-17,05:25:00,1,Collision with vehicle,3,Wednesday,137,LEFT TURN SIDESWIPE,2,350635,T intersection,2,70,Arterial Other,THOMPSONS,MANNINGHAM,-37.77314,145.0957,2021,11,November,5,Morning Peak,Weekday
T20210023245,2021-11-17,07:45:00,1,Collision with vehicle,3,Wednesday,110,CROSS TRAFFIC(INTERSECTIONS ONLY),1,697356,Cross intersection,3,50,Local Road,BEECH,WHITTLESEA,-37.679745,145.01772,2021,11,November,7,Morning Peak,Weekday
T20210023244,2021-11-17,10:26:00,1,Collision with vehicle,3,Wednesday,113,RIGHT NEAR (INTERSECTIONS ONLY),1,221437,T intersection,3,70,Arterial Other,SYDNEY,HUME,-37.678627,144.95665,2021,11,November,10,Midday,Weekday
T20210023255,2021-11-17,12:45:00,1,Collision with vehicle,3,Wednesday,110,CROSS TRAFFIC(INTERSECTIONS ONLY),1,52816,Cross intersection,3,50,Local Road,CLARENDON,BALLARAT,-37.55337,143.85933,2021,11,November,12,Midday,Weekday
T20210023256,2021-11-17,06:15:00,1,Collision with vehicle,3,Wednesday,130,REAR END(VEHICLES IN SAME LANE),1,728570,Not at intersection,2,100,Freeway,MONASH,DANDENONG,-37.955193,145.21846,2021,11,November,6,Morning Peak,Weekday
T20210023300,2021-11-17,18:45:00,4,Collision with a fixed object,3,Wednesday,171,LEFT OFF CARRIAGEWAY INTO OBJECT/PARKED VEHICLE,1,697831,Not at intersection,2,80,Local Road,ABECKETT,CASEY,-37.98069,145.33458,2021,11,November,18,Afternoon Peak,Weekday
T20210023262,2021-11-17,08:47:00,1,Collision with vehicle,3,Wednesday,120,HEAD ON (NOT OVERTAKING),1,704488,Not at intersection,2,70,Arterial Other,MT DERRIMUT,BRIMBANK,-37.799767,144.77077,2021,11,November,8,Morning Peak,Weekday
T20210023296,2021-11-17,13:36:00,4,Collision with a fixed object,3,Wednesday,171,LEFT OFF CARRIAGEWAY INTO OBJECT/PARKED VEHICLE,1,704622,Not at intersection,2,100,Local Road,WHARPARILLA,CAMPASPE,-36.09561,144.62971,2021,11,November,13,Midday,Weekday
T20210023264,2021-11-17,06:20:00,1,Collision with vehicle,3,Wednesday,130,REAR END(VEHICLES IN SAME LANE),1,720997,Not at intersection,2,70,Arterial Other,SYDNEY,HUME,-37.676823,144.95636,2021,11,November,6,Morning Peak,Weekday
T20210023266,2021-11-17,13:30:00,4,Collision with a fixed object,3,Wednesday,173,RIGHT OFF CARRIAGEWAY INTO OBJECT/PARKED VEHICLE,1,697417,Not at intersection,3,100,Local Road,WARRAK,ARARAT,-37.270138,143.04688,2021,11,November,13,Midday,Weekday
T20210023269,2021-11-17,16:13:00,1,Collision with vehicle,3,Wednesday,121,RIGHT THROUGH,1,29721,Cross intersection,3,60,Arterial Other,BEACH,KINGSTON,-38.008068,145.08502,2021,11,November,16,Afternoon Peak,Weekday
T20210023274,2021-11-17,15:56:00,1,Collision with vehicle,3,Wednesday,133,LANE SIDE SWIPE (VEHICLES IN PARALLEL LANES),1,699494,T intersection,2,60,Local Road,LYGON,YARRA,-37.78188,144.97012,2021,11,November,15,Afternoon Peak,Weekday
T20210023279,2021-11-17,15:50:00,1,Collision with vehicle,3,Wednesday,154,PULLING OUT -REAR END,1,697724,Not at intersection,2,80,Arterial Highway,DANDENONG,MONASH,-37.902554,145.10815,2021,11,November,15,Afternoon Peak,Weekday
T20210024890,2021-11-17,17:15:00,1,Collision with vehicle,3,Wednesday,135,LANE CHANGE LEFT (NOT OVERTAKING),9,706193,Not at intersection,3,60,Arterial Other,PASCOE VALE,MORELAND,-37.723446,144.92201,2021,11,November,17,Afternoon Peak,Weekday
T20210023260,2021-11-17,12:36:00,8,No collision and no object struck,3,Wednesday,184,OUT OF CONTROL ON CARRIAGEWAY (ON BEND),1,697298,Not at intersection,2,60,Arterial Other,HODDLE,YARRA,-37.786263,144.9955,2021,11,November,12,Midday,Weekday
T20210023312,2021-11-17,21:45:00,1,Collision with vehicle,3,Wednesday,111,RIGHT FAR (INTERSECTIONS ONLY),3,36815,Cross intersection,3,60,Arterial Other,SPENCER,MELBOURNE,-37.809277,144.94939,2021,11,November,21,Night,Weekday
T20210023221,2021-11-17,00:05:00,1,Collision with vehicle,3,Wednesday,135,LANE CHANGE LEFT (NOT OVERTAKING),5,698618,Not at intersection,3,80,Arterial Other,PASCOE VALE,HUME,-37.651093,144.93108,2021,11,November,0,Late Night,Weekday
T20210024399,2021-11-17,15:10:00,1,Collision with vehicle,3,Wednesday,130,REAR END(VEHICLES IN SAME LANE),1,706004,Not at intersection,3,60,Arterial Other,PLUMMER,PORT PHILLIP,-37.831715,144.93007,2021,11,November,15,Afternoon Peak,Weekday
T20210023299,2021-11-17,17:40:00,1,Collision with vehicle,3,Wednesday,110,CROSS TRAFFIC(INTERSECTIONS ONLY),1,45640,Cross intersection,2,40,Arterial Other,SYDNEY,MORELAND,-37.776115,144.9606,2021,11,November,17,Afternoon Peak,Weekday