ACCIDENT_NO,ACCIDENT_DATE,ACCIDENT_TIME,ACCIDENT_TYPE,ACCIDENT_TYPE_DESC,DAY_OF_WEEK,DAY_WEEK_DESC,DCA_CODE,DCA_DESC,LIGHT_CONDITION,NODE_ID,ROAD_GEOMETRY_DESC,SEVERITY,SPEED_ZONE,RMA,ROAD_NAME,LGA_NAME,LATITUDE,LONGITUDE,YEAR,MONTH,MONTH_NAME,HOUR,TIME_PERIOD,DAY_TYPE
T20210023281,2021-11-17,17:20:00,1,Collision with vehicle,3,Wednesday,130,REAR END(VEHICLES IN SAME LANE),1,42224,T intersection,3,70,Arterial Other,SOUTH,GLEN EIRA,-37.935017,145.05148,2021,11,November,17,Afternoon Peak,Weekday
T20210023727,2021-11-17,15:15:00,1,Collision with vehicle,3,Wednesday,135,LANE CHANGE LEFT (NOT OVERTAKING),1,697795,Not at intersection,2,60,Arterial Other,ROBINSONS,MELTON,-37.798866,144.75215,2021,11,November,15,Afternoon Peak,Weekday
T20210023285,2021-11-17,18:05:00,1,Collision with vehicle,3,Wednesday,113,RIGHT NEAR (INTERSECTIONS ONLY),1,278596,T intersection,2,60,Arterial Other,HAMPSTEAD,MARIBYRNONG,-37.779366,144.8743,2021,11,November,18,Afternoon Peak,Weekday
T20210023280,2021-11-17,18:07:00,1,Collision with vehicle,3,Wednesday,130,REAR END(VEHICLES IN SAME LANE),1,58140,T intersection,3,60,Local Road,RICHARDSON,MILDURA,-34.193336,142.1426,2021,11,November,18,Afternoon Peak,Weekday
T20210023380,2021-11-18,18:51:00,1,Collision with vehicle,4,Thursday,139,OTHER SAME DIRECTION-MANOUEVRES NOT INCLUDED IN DCAs 130-137,1,730999,T intersection,2,70,Arterial Highway,KEERA,GEELONG,-38.133488,144.35095,2021,11,November,18,Afternoon Peak,Weekday
T20210023382,2021-11-18,18:30:00,4,Collision with a fixed object,4,Thursday,171,LEFT OFF CARRIAGEWAY INTO OBJECT/PARKED VEHICLE,2,52191,Cross intersection,3,50,Local Road,GRUBB,LATROBE,-38.190296,146.51534,2021,11,November,18,Afternoon Peak,Weekday
T20210023385,2021-11-18,20:40:00,2,Struck Pedestrian,4,Thursday,100,PED NEAR SIDE. PED HIT BY VEHICLE FROM THE RIGHT.,3,701877,Not at intersection,3,60,Arterial Other,HIGH,BOROONDARA,-37.799053,145.05125,2021,11,November,20,Night,Weekday
T20210023571,2021-11-18,17:00:00,1,Collision with vehicle,4,Thursday,130,REAR END(VEHICLES IN SAME LANE),1,700881,Not at intersection,3,70,Arterial Other,SHRIVES,CASEY,-38.031788,145.2941,2021,11,November,17,Afternoon Peak,Weekday
T20210023331,2021-11-18,09:00:00,1,Collision with vehicle,4,Thursday,113,RIGHT NEAR (INTERSECTIONS ONLY),1,697358,Multiple intersection,3,60,Arterial Other,THOMPSON,KINGSTON,-38.06741,145.14719,2021,11,November,9,Morning Peak,Weekday
T20220007401,2021-11-18,16:30:00,1,Collision with vehicle,4,Thursday,130,REAR END(VEHICLES IN SAME LANE),1,721148,Not at intersection,3,70,Arterial Other,BALLARAT,BRIMBANK,-37.77168,144.79962,2021,11,November,16,Afternoon Peak,Weekday
T20210023372,2021-11-18,16:35:00,4,Collision with a fixed object,4,Thursday,173,RIGHT OFF CARRIAGEWAY INTO OBJECT/PARKED VEHICLE,1,225712,Multiple intersection,3,80,Freeway,PLENTY VALLEY,WHITTLESEA,-37.686172,145.06775,2021,11,November,16,Afternoon Peak,Weekday
T20210023443,2021-11-18,17:40:00,4,Collision with a fixed object,4,Thursday,171,LEFT OFF CARRIAGEWAY INTO OBJECT/PARKED VEHICLE,1,697893,Not at intersection,3,100,Local Road,MITCHELL,CAMPASPE,-36.140453,144.85857,2021,11,November,17,Afternoon Peak,Weekday
T20210023371,2021-11-18,17:57:00,1,Collision with vehicle,4,Thursday,130,REAR END(VEHICLES IN SAME LANE),1,697591,Not at intersection,3,70,Arterial Other,QUEEN,HOBSONS BAY,-37.875824,144.80986,2021,11,November,17,Afternoon Peak,Weekday
T20210024240,2021-11-18,14:30:00,1,Collision with vehicle,4,Thursday,130,REAR END(VEHICLES IN SAME LANE),1,731034,Not at intersection,3,80,Freeway,WEST GATE,HOBSONS BAY,-37.825024,144.8462,2021,11,November,14,Midday,Weekday
T20210023377,2021-11-18,17:13:00,1,Collision with vehicle,4,Thursday,132,RIGHT REAR.,1,702643,Not at intersection,2,100,Arterial Other,SEASPRAY,WELLINGTON,-38.19464,147.09471,2021,11,November,17,Afternoon Peak,Weekday
T20210023378,2021-11-18,17:35:00,4,Collision with a fixed object,4,Thursday,181,OFF RIGHT BEND INTO OBJECT/PARKED VEHICLE,1,700158,Not at intersection,2,100,Arterial Other,MURTOA-GLENORCHY,NORTHERN GRAMPIANS,-36.782425,142.53165,2021,11,November,17,Afternoon Peak,Weekday
T20210023679,2021-11-18,17:00:00,1,Collision with vehicle,4,Thursday,130,REAR END(VEHICLES IN SAME LANE),1,326111,T intersection,3,70,Local Road,SAYERS,WYNDHAM,-37.847443,144.67892,2021,11,November,17,Afternoon Peak,Weekday
T20210023370,2021-11-18,18:00:00,1,Collision with vehicle,4,Thursday,113,RIGHT NEAR (INTERSECTIONS ONLY),1,45290,T intersection,2,60,Arterial Other,BUCKLEY,MOONEE VALLEY,-37.75603,144.90804,2021,11,November,18,Afternoon Peak,Weekday
T20210023543,2021-11-18,04:50:00,1,Collision with vehicle,4,Thursday,120,HEAD ON (NOT OVERTAKING),3,698025,Not at intersection,3,40,Local Road,ALTONA,MELBOURNE,-37.7969,144.92545,2021,11,November,4,Late Night,Weekday
T20210023783,2021-11-18,13:00:00,1,Collision with vehicle,4,Thursday,130,REAR END(VEHICLES IN SAME LANE),1,698169,Not at intersection,3,80,Arterial Highway,WELLINGTON,MONASH,-37.91871,145.15881,2021,11,November,13,Midday,Weekday
T20210023326,2021-11-18,10:00:00,1,Collision with vehicle,4,Thursday,130,REAR END(VEHICLES IN SAME LANE),1,42776,T intersection,3,60,Arterial Other,BALCOMBE,KINGSTON,-37.981365,145.06558,2021,11,November,10,Midday,Weekday
T20210023393,2021-11-18,22:40:00,1,Collision with vehicle,4,Thursday,140,U TURN,3,698084,Not at intersection,3,70,Arterial Other,DORSET,MAROONDAH,-37.8028,145.28925,2021,11,November,22,Night,Weekday
T20210023349,2021-11-18,14:10:00,4,Collision with a fixed object,4,Thursday,173,RIGHT OFF CARRIAGEWAY INTO OBJECT/PARKED VEHICLE,1,697551,Not at intersection,2,100,Arterial Other,BALLARAT-MARYBOROUGH,CENTRAL GOLDFIELDS,-37.11928,143.71571,2021,11,November,14,Midday,Weekday
T20210023315,2021-11-18,07:03:00,1,Collision with vehicle,4,Thursday,113,RIGHT NEAR (INTERSECTIONS ONLY),1,730997,T intersection,2,60,Local Road,EMPRESS,GEELONG,-38.24069,144.54376,2021,11,November,7,Morning Peak,Weekday
T20210023398,2021-11-18,23:20:00,1,Collision with vehicle,4,Thursday,130,REAR END(VEHICLES IN SAME LANE),3,731001,Not at intersection,3,100,Freeway,MONASH,CASEY,-38.02068,145.31252,2021,11,November,23,Night,Weekday
T20210024025,2021-11-18,10:33:00,1,Collision with vehicle,4,Thursday,130,REAR END(VEHICLES IN SAME LANE),1,45637,T intersection,3,50,Arterial Other,BRUNSWICK,MORELAND,-37.77701,144.95976,2021,11,November,10,Midday,Weekday
T20210023389,2021-11-18,15:30:00,4,Collision with a fixed object,4,Thursday,171,LEFT OFF CARRIAGEWAY INTO OBJECT/PARKED VEHICLE,1,697359,Not at intersection,2,60,Arterial Highway,BALLARAT,MARIBYRNONG,-37.795395,144.90955,2021,11,November,15,Afternoon Peak,Weekday
T20210024991,2021-11-18,08:00:00,1,Collision with vehicle,4,Thursday,113,RIGHT NEAR (INTERSECTIONS ONLY),1,703488,Y intersection,3,50,Local Road,FOREST VIEW,YARRA RANGES,-37.90108,145.31642,2021,11,November,8,Morning Peak,Weekday
T20210023352,2021-11-18,13:00:00,1,Collision with vehicle,4,Thursday,131,LEFT REAR,1,44382,Cross intersection,3,60,Arterial Other,HEATHS,WYNDHAM,-37.879505,144.70126,2021,11,November,13,Midday,Weekday
T20210024001,2021-11-18,16:00:00,6,Vehicle overturned (no collision),4,Thursday,184,OUT OF CONTROL ON CARRIAGEWAY (ON BEND),1,697970,Not at intersection,3,50,Local Road,BARHAM RIVER,COLAC OTWAY,-38.74081,143.62299,2021,11,November,16,Afternoon Peak,Weekday
T20210023387,2021-11-18,15:55:00,1,Collision with vehicle,4,Thursday,152,PULLING OUT (OVERTAKING),1,697443,T intersection,3,100,Arterial Other,MELTON,MACEDON RANGES,-37.509415,144.56677,2021,11,November,15,Afternoon Peak,Weekday
T20210023351,2021-11-18,13:10:00,1,Collision with vehicle,4,Thursday,120,HEAD ON (NOT OVERTAKING),1,697260,Not at intersection,1,80,Arterial Other,EPPING,WHITTLESEA,-37.59847,145.03297,2021,11,November,13,Midday,Weekday
T20220000177,2021-11-18,03:00:00,3,Struck animal,4,Thursday,167,STRUCK ANIMAL,5,711701,T intersection,3,100,Arterial Other,BENDIGO-MURCHISON,CAMPASPE,-36.595894,144.70747,2021,11,November,3,Late Night,Weekday
T20210023488,2021-11-19,15:53:00,1,Collision with vehicle,5,Friday,113,RIGHT NEAR (INTERSECTIONS ONLY),1,697422,Multiple intersection,2,70,Freeway,FRANKSTON OUT-SEAFORD,FRANKSTON,-38.108784,145.13986,2021,11,November,15,Afternoon Peak,Weekday
T20210023515,2021-11-19,17:35:00,1,Collision with vehicle,5,Friday,112,LEFT FAR (INTERSECTIONS ONLY),1,698166,T intersection,3,60,Arterial Highway,ANDERSON STREET -ROUGHEAD,SOUTH GIPPSLAND,-38.4759,145.94685,2021,11,November,17,Afternoon Peak,Weekday
T20210023642,2021-11-19,13:04:00,1,Collision with vehicle,5,Friday,130,REAR END(VEHICLES IN SAME LANE),1,778478,Cross intersection,3,70,Arterial Other,DALTON,WHITTLESEA,-37.66133,145.03085,2021,11,November,13,Midday,Weekday
T20210023987,2021-11-19,15:40:00,1,Collision with vehicle,5,Friday,130,REAR END(VEHICLES IN SAME LANE),1,84793,T intersection,3,60,Arterial Other,ASHLEY,MARIBYRNONG,-37.79567,144.86269,2021,11,November,15,Afternoon Peak,Weekday
T20210023498,2021-11-19,20:00:00,4,Collision with a fixed object,5,Friday,171,LEFT OFF CARRIAGEWAY INTO OBJECT/PARKED VEHICLE,3,731003,Not at intersection,3,50,Local Road,PARKLAND,WODONGA,-36.126076,146.87401,2021,11,November,20,Night,Weekday
T20210023486,2021-11-19,10:45:00,6,Vehicle overturned (no collision),5,Friday,180,OFF CARRIAGEWAY ON RIGHT BEND,1,702891,Not at intersection,3,100,Arterial Highway,STURT,MILDURA,-34.27585,141.46053,2021,11,November,10,Midday,Weekday
T20210025749,2021-11-19,14:25:00,1,Collision with vehicle,5,Friday,111,RIGHT FAR (INTERSECTIONS ONLY),1,43006,T intersection,3,60,Local Road,GLADSTONE,DANDENONG,-37.964417,145.20587,2021,11,November,14,Midday,Weekday
T20210023476,2021-11-19,21:05:00,1,Collision with vehicle,5,Friday,113,RIGHT NEAR (INTERSECTIONS ONLY),3,697344,Cross intersection,1,60,Arterial Other,LORIMER,MELBOURNE,-37.82366,144.94052,2021,11,November,21,Night,Weekday
T20210023653,2021-11-19,16:23:00,8,No collision and no object struck,5,Friday,170,OFF CARRIAGEWAY TO LEFT,1,698860,Not at intersection,3,80,Arterial Highway,MURRAY VALLEY,WODONGA,-36.137737,146.95572,2021,11,November,16,Afternoon Peak,Weekday
T20220003730,2021-11-19,15:30:00,1,Collision with vehicle,5,Friday,130,REAR END(VEHICLES IN SAME LANE),9,778476,Not at intersection,3,100,Freeway,MONASH,MONASH,-37.929337,145.18468,2021,11,November,15,Afternoon Peak,Weekday
T20210026283,2021-11-19,20:10:00,1,Collision with vehicle,5,Friday,130,REAR END(VEHICLES IN SAME LANE),2,700076,Not at intersection,3,80,Arterial Other,CENTRE,MONASH,-37.931347,145.14139,2021,11,November,20,Night,Weekday
T20210023516,2021-11-19,15:19:00,1,Collision with vehicle,5,Friday,130,REAR END(VEHICLES IN SAME LANE),1,731004,Not at intersection,2,80,Freeway,TULLAMARINE,MOONEE VALLEY,-37.724586,144.89159,2021,11,November,15,Afternoon Peak,Weekday
T20210023470,2021-11-19,16:15:00,2,Struck Pedestrian,5,Friday,107,PED ON FOOTHPATH STRUCK BY VEHENTERING/LEAVING DRIVEWAY.,1,698122,Not at intersection,2,60,Arterial Other,ELEVENTH,MILDURA,-34.180893,142.147,2021,11,November,16,Afternoon Peak,Weekday
T20210023420,2021-11-19,09:45:00,4,Collision with a fixed object,5,Friday,183,OFF LEFT BEND INTO OBJECT/PARKED VEHICLE,1,697552,Not at intersection,3,100,Local Road,OLD SALE,BAW BAW,-38.10269,146.15588,2021,11,November,9,Morning Peak,Weekday
T20210023927,2021-11-19,17:15:00,1,Collision with vehicle,5,Friday,130,REAR END(VEHICLES IN SAME LANE),1,707614,T intersection,3,80,Arterial Highway,DANDENONG,DANDENONG,-37.92593,145.14536,2021,11,November,17,Afternoon Peak,Weekday
T20210023469,2021-11-19,09:30:00,1,Collision with vehicle,5,Friday,147,VEHICLE STRIKES ANOTHER VEH WHILE EMERGING FROM DRIVEWAY,1,697557,Not at intersection,2,60,Arterial Other,MAIN,BRIMBANK,-37.746155,144.81592,2021,11,November,9,Morning Peak,Weekday
T20210023429,2021-11-19,10:10:00,2,Struck Pedestrian,5,Friday,100,PED NEAR SIDE. PED HIT BY VEHICLE FROM THE RIGHT.,1,700534,T intersection,2,40,Arterial Other,TOORAK,STONNINGTON,-37.841015,145.00829,2021,11,November,10,Midday,Weekday
T20210023433,2021-11-19,13:38:00,1,Collision with vehicle,5,Friday,132,RIGHT REAR.,1,52917,Cross intersection,3,60,Arterial Other,DRUMMOND,BALLARAT,-37.567112,143.84628,2021,11,November,13,Midday,Weekday
T20210023463,2021-11-19,14:35:00,1,Collision with vehicle,5,Friday,130,REAR END(VEHICLES IN SAME LANE),1,697596,Not at intersection,3,100,Arterial Highway,DANDENONG-HASTINGS,CASEY,-38.0746,145.24019,2021,11,November,14,Midday,Weekday
T20210023406,2021-11-19,06:36:00,6,Vehicle overturned (no collision),5,Friday,180,OFF CARRIAGEWAY ON RIGHT BEND,1,731002,Not at intersection,2,80,Local Road,WOOLPACK,MOORABOOL,-37.696392,144.45927,2021,11,November,6,Morning Peak,Weekday
T20210023434,2021-11-19,11:48:00,1,Collision with vehicle,5,Friday,130,REAR END(VEHICLES IN SAME LANE),1,446,T intersection,3,60,Freeway,GEELONG ROAD -PRINCES,HOBSONS BAY,-37.824047,144.82405,2021,11,November,11,Midday,Weekday
T20210023436,2021-11-19,02:00:00,1,Collision with vehicle,5,Friday,120,HEAD ON (NOT OVERTAKING),3,132069,Not at intersection,2,100,Freeway,WESTERN,MELTON,-37.750862,144.72475,2021,11,November,2,Late Night,Weekday
T20210023820,2021-11-19,15:28:00,1,Collision with vehicle,5,Friday,130,REAR END(VEHICLES IN SAME LANE),1,778461,Cross intersection,3,80,Arterial Highway,DANDENONG,MONASH,-37.914165,145.12694,2021,11,November,15,Afternoon Peak,Weekday
T20210023450,2021-11-19,15:23:00,1,Collision with vehicle,5,Friday,147,VEHICLE STRIKES ANOTHER VEH WHILE EMERGING FROM DRIVEWAY,1,297431,T intersection,3,80,Arterial Highway,SOUTH GIPPSLAND,CASEY,-38.14085,145.30705,2021,11,November,15,Afternoon Peak,Weekday
T20210023468,2021-11-19,19:00:00,6,Vehicle overturned (no collision),5,Friday,174,OUT OF CONTROL ON CARRIAGEWAY (ON STRAIGHT),1,697360,Cross intersection,2,50,Local Road,STAINSBY,HUME,-37.637165,144.93002,2021,11,November,19,Night,Weekday
T20210023454,2021-11-19,16:15:00,1,Collision with vehicle,5,Friday,130,REAR END(VEHICLES IN SAME LANE),1,697421,Not at intersection,2,60,Arterial Other,BORONIA,KNOX,-37.8611,145.27248,2021,11,November,16,Afternoon Peak,Weekday
T20210023458,2021-11-19,17:50:00,1,Collision with vehicle,5,Friday,113,RIGHT NEAR (INTERSECTIONS ONLY),1,63524,T intersection,3,60,Arterial Other,MELVILLE,MORELAND,-37.75587,144.94542,2021,11,November,17,Afternoon Peak,Weekday
T20210023770,2021-11-19,15:15:00,1,Collision with vehicle,5,Friday,160,VEHICLE COLLIDES WITH VEHICLE PARKED ON LEFT OF ROAD,1,699347,Not at intersection,2,60,Local Road,BACK BEACH,BASS COAST,-38.524174,145.37231,2021,11,November,15,Afternoon Peak,Weekday
T20210023418,2021-11-19,09:03:00,1,Collision with vehicle,5,Friday,121,RIGHT THROUGH,1,42460,Cross intersection,3,80,Arterial Other,WESTALL ROAD -WESTALL,DANDENONG,-37.9605,145.13658,2021,11,November,9,Morning Peak,Weekday
T20210023460,2021-11-19,15:30:00,1,Collision with vehicle,5,Friday,121,RIGHT THROUGH,1,697594,Cross intersection,2,60,Arterial Other,CHANDLER,DANDENONG,-37.974327,145.1857,2021,11,November,15,Afternoon Peak,Weekday
T20220008170,2021-11-19,04:00:00,3,Struck animal,5,Friday,167,STRUCK ANIMAL,5,709476,Not at intersection,3,100,Arterial Other,STEIGLITZ,GEELONG,-38.053455,144.2748,2021,11,November,4,Late Night,Weekday
T20210023409,2021-11-19,08:07:00,2,Struck Pedestrian,5,Friday,100,PED NEAR SIDE. PED HIT BY VEHICLE FROM THE RIGHT.,1,65928,T intersection,3,40,Arterial Other,BARKERS,BOROONDARA,-37.81506,145.03993,2021,11,November,8,Morning Peak,Weekday
T20210023466,2021-11-19,16:40:00,1,Collision with vehicle,5,Friday,130,REAR END(VEHICLES IN SAME LANE),1,697706,Not at intersection,2,100,Arterial Highway,SOUTH GIPPSLAND,CARDINIA,-38.21224,145.46536,2021,11,November,16,Afternoon Peak,Weekday
T20220008699,2021-11-19,17:00:00,1,Collision with vehicle,5,Friday,130,REAR END(VEHICLES IN SAME LANE),1,712823,Not at intersection,3,60,Arterial Other,MAIN,NILLUMBIK,-37.720993,145.14586,2021,11,November,17,Afternoon Peak,Weekday
T20210023996,2021-11-19,16:05:00,1,Collision with vehicle,5,Friday,120,HEAD ON (NOT OVERTAKING),1,280303,Y intersection,3,50,Local Road,CODES FOREST,BALLARAT,-37.508205,143.91032,2021,11,November,16,Afternoon Peak,Weekday
T20210023504,2021-11-20,11:50:00,2,Struck Pedestrian,6,Saturday,109,ANY MANOEUVRE INVOLVING PED NOT INCLUDED IN DCAs 100-108.,1,697423,Not at intersection,3,60,Local Road,HORSESHOE BEND,SURF COAST,-38.29018,144.34325,2021,11,November,11,Midday,Weekend
T20210024585,2021-11-20,15:15:00,1,Collision with vehicle,6,Saturday,131,LEFT REAR,1,41058,Cross intersection,3,60,Arterial Other,MOUNTAIN,KNOX,-37.844074,145.30006,2021,11,November,15,Afternoon Peak,Weekend
T20210023497,2021-11-20,11:45:00,2,Struck Pedestrian,6,Saturday,100,PED NEAR SIDE. PED HIT BY VEHICLE FROM THE RIGHT.,1,697504,T intersection,2,80,Arterial Highway,BURWOOD,KNOX,-37.87022,145.2395,2021,11,November,11,Midday,Weekend
T20210023570,2021-11-20,15:35:00,1,Collision with vehicle,6,Saturday,147,VEHICLE STRIKES ANOTHER VEH WHILE EMERGING FROM DRIVEWAY,1,263376,Not at intersection,3,70,Arterial Other,HIGH,MELTON,-37.689953,144.60342,2021,11,November,15,Afternoon Peak,Weekend
T20210023555,2021-11-20,13:05:00,1,Collision with vehicle,6,Saturday,121,RIGHT THROUGH,1,209726,Cross intersection,3,60,Local Road,HIGH,GEELONG,-38.16758,144.35065,2021,11,November,13,Midday,Weekend
T20210023548,2021-11-20,03:15:00,6,Vehicle overturned (no collision),6,Saturday,170,OFF CARRIAGEWAY TO LEFT,3,702171,Y intersection,2,60,Local Road,SHANAHAN,LATROBE,-38.19487,146.2944,2021,11,November,3,Late Night,Weekend
T20210023649,2021-11-20,20:05:00,1,Collision with vehicle,6,Saturday,121,RIGHT THROUGH,2,42594,T intersection,3,60,Arterial Other,JACKSONS,DANDENONG,-37.94183,145.19241,2021,11,November,20,Night,Weekend
T20210023610,2021-11-20,16:15:00,1,Collision with vehicle,6,Saturday,130,REAR END(VEHICLES IN SAME LANE),1,46355,Multiple intersection,3,60,Freeway,BURKE,BOROONDARA,-37.78404,145.06279,2021,11,November,16,Afternoon Peak,Weekend
T20210025184,2021-11-20,19:37:00,4,Collision with a fixed object,6,Saturday,183,OFF LEFT BEND INTO OBJECT/PARKED VEHICLE,2,699356,Not at intersection,3,60,Local Road,MATTHEW FLINDERS,CASEY,-37.98041,145.25656,2021,11,November,19,Night,Weekend
T20210024963,2021-11-20,16:00:00,1,Collision with vehicle,6,Saturday,130,REAR END(VEHICLES IN SAME LANE),1,707515,Not at intersection,3,60,Local Road,BRIDGEWATER,HUME,-37.60538,144.92882,2021,11,November,16,Afternoon Peak,Weekend
T20220001006,2021-11-20,09:50:00,1,Collision with vehicle,6,Saturday,160,VEHICLE COLLIDES WITH VEHICLE PARKED ON LEFT OF ROAD,1,702511,Not at intersection,3,60,Local Road,GWALIA,LATROBE,-38.194168,146.5491,2021,11,November,9,Morning Peak,Weekend
T20210024345,2021-11-20,15:30:00,8,No collision and no object struck,6,Saturday,174,OUT OF CONTROL ON CARRIAGEWAY (ON STRAIGHT),9,698374,Not at intersection,3,50,Local Road,CODES FOREST,BALLARAT,-37.491276,143.88377,2021,11,November,15,Afternoon Peak,Weekend
T20210023763,2021-11-20,09:00:00,1,Collision with vehicle,6,Saturday,130,REAR END(VEHICLES IN SAME LANE),1,22538,T intersection,3,60,Arterial Other,WHITEHORSE,BALLARAT,-37.60399,143.86385,2021,11,November,9,Morning Peak,Weekend
T20210025224,2021-11-20,18:00:00,1,Collision with vehicle,6,Saturday,130,REAR END(VEHICLES IN SAME LANE),1,778480,Not at intersection,3,80,Freeway,WEST GATE,MELBOURNE,-37.827282,144.96269,2021,11,November,18,Afternoon Peak,Weekend
T20210023598,2021-11-20,16:10:00,4,Collision with a fixed object,6,Saturday,181,OFF RIGHT BEND INTO OBJECT/PARKED VEHICLE,1,702100,Not at intersection,2,100,Local Road,BULLAHARRE,CORANGAMITE,-38.385227,143.21045,2021,11,November,16,Afternoon Peak,Weekend
T20210023479,2021-11-20,01:20:00,1,Collision with vehicle,6,Saturday,120,HEAD ON (NOT OVERTAKING),5,48781,Cross intersection,3,60,Local Road,BARKLY,HUME,-37.583256,144.7304,2021,11,November,1,Late Night,Weekend
T20210024114,2021-11-20,12:15:00,1,Collision with vehicle,6,Saturday,130,REAR END(VEHICLES IN SAME LANE),1,657317,T intersection,3,60,Local Road,HAMPTON,HUME,-37.578903,144.91818,2021,11,November,12,Midday,Weekend
T20210023729,2021-11-20,20:40:00,1,Collision with vehicle,6,Saturday,110,CROSS TRAFFIC(INTERSECTIONS ONLY),3,226243,Cross intersection,3,60,Local Road,KENNEWELL,BENDIGO,-36.72079,144.30426,2021,11,November,20,Night,Weekend
T20210023723,2021-11-20,16:00:00,8,No collision and no object struck,6,Saturday,174,OUT OF CONTROL ON CARRIAGEWAY (ON STRAIGHT),1,731009,Not at intersection,3,60,Local Road,MT RIDLEY,HUME,-37.577217,144.93887,2021,11,November,16,Afternoon Peak,Weekend
T20210026538,2021-11-20,16:00:00,5,collision with some other object,6,Saturday,166,STRUCK OBJECT ON CARRIAGEWAY,1,700709,Not at intersection,3,100,Local Road,OLD TOOLANGI-DIXONS CREEK,YARRA RANGES,-37.577995,145.43095,2021,11,November,16,Afternoon Peak,Weekend
T20210023589,2021-11-20,11:20:00,1,Collision with vehicle,6,Saturday,149,OTHER MANOEUVRING NOT INCLUDED IN DCAs 140-148,1,697710,Not at intersection,2,60,Arterial Other,GLENFERRIE,STONNINGTON,-37.850117,145.03033,2021,11,November,11,Midday,Weekend
T20210023481,2021-11-20,00:23:00,2,Struck Pedestrian,6,Saturday,109,ANY MANOEUVRE INVOLVING PED NOT INCLUDED IN DCAs 100-108.,3,781290,Not at intersection,3,60,Arterial Other,EMILY,MITCHELL,-37.020264,145.12709,2021,11,November,0,Late Night,Weekend
T20210023544,2021-11-20,20:45:00,4,Collision with a fixed object,6,Saturday,181,OFF RIGHT BEND INTO OBJECT/PARKED VEHICLE,5,701739,Not at intersection,2,100,Local Road,HELENDOITE,ARARAT,-37.438473,142.8626,2021,11,November,20,Night,Weekend
T20210023542,2021-11-20,22:20:00,4,Collision with a fixed object,6,Saturday,171,LEFT OFF CARRIAGEWAY INTO OBJECT/PARKED VEHICLE,5,700720,Not at intersection,2,100,Arterial Highway,SOUTH GIPPSLAND,SOUTH GIPPSLAND,-38.644325,146.23376,2021,11,November,22,Night,Weekend
T20210023886,2021-11-20,14:45:00,1,Collision with vehicle,6,Saturday,134,LANE CHANGE RIGHT (NOT OVERTAKING),1,35626,Cross intersection,2,60,Arterial Highway,MAIN,KINGSTON,-38.008427,145.08789,2021,11,November,14,Midday,Weekend
T20210023541,2021-11-20,21:53:00,1,Collision with vehicle,6,Saturday,147,VEHICLE STRIKES ANOTHER VEH WHILE EMERGING FROM DRIVEWAY,3,697708,T intersection,3,60,Arterial Other,MOUNTAIN HIGHWAY SERVICE,KNOX,-37.841618,145.26314,2021,11,November,21,Night,Weekend
T20210023540,2021-11-20,21:05:00,2,Struck Pedestrian,6,Saturday,104,PED WALKING WITH TRAFFIC,5,697425,Not at intersection,2,60,Local Road,GROVE,BOROONDARA,-37.815056,145.02748,2021,11,November,21,Night,Weekend
T20210023539,2021-11-20,17:00:00,1,Collision with vehicle,6,Saturday,132,RIGHT REAR.,1,697794,Cross intersection,3,70,Arterial Highway,PRINCES HIGHWAY -RAGLAN,WARRNAMBOOL,-38.384678,142.53294,2021,11,November,17,Afternoon Peak,Weekend
T20210023537,2021-11-20,19:33:00,4,Collision with a fixed object,6,Saturday,173,RIGHT OFF CARRIAGEWAY INTO OBJECT/PARKED VEHICLE,1,697707,Not at intersection,3,40,Local Road,LA TROBE,MELBOURNE,-37.810955,144.95918,2021,11,November,19,Night,Weekend
T20210023536,2021-11-20,19:00:00,1,Collision with vehicle,6,Saturday,130,REAR END(VEHICLES IN SAME LANE),1,697793,Not at intersection,3,80,Arterial Other,THOMPSONS,CASEY,-38.084526,145.29501,2021,11,November,19,Night,Weekend
T20210023535,2021-11-20,18:40:00,4,Collision with a fixed object,6,Saturday,171,LEFT OFF CARRIAGEWAY INTO OBJECT/PARKED VEHICLE,1,709396,Not at intersection,2,80,Local Road,KELLY,GOLDEN PLAINS,-38.039387,144.18654,2021,11,November,18,Afternoon Peak,Weekend
T20210023534,2021-11-20,16:30:00,2,Struck Pedestrian,6,Saturday,101,PED EMERGES FROM IN FRONT OF PARKED OR STATIONARY VEHICLE,1,712824,Not at intersection,3,60,Local Road,BARBER,WYNDHAM,-37.87402,144.67648,2021,11,November,16,Afternoon Peak,Weekend
T20210023532,2021-11-20,17:35:00,1,Collision with vehicle,6,Saturday,121,RIGHT THROUGH,1,697597,Not at intersection,3,60,Arterial Highway,PUNT,MELBOURNE,-37.826244,144.98854,2021,11,November,17,Afternoon Peak,Weekend