ACCIDENT_NO,ACCIDENT_DATE,ACCIDENT_TIME,ACCIDENT_TYPE,ACCIDENT_TYPE_DESC,DAY_OF_WEEK,DAY_WEEK_DESC,DCA_CODE,DCA_DESC,LIGHT_CONDITION,NODE_ID,ROAD_GEOMETRY_DESC,SEVERITY,SPEED_ZONE,RMA,ROAD_NAME,LGA_NAME,LATITUDE,LONGITUDE,YEAR,MONTH,MONTH_NAME,HOUR,TIME_PERIOD,DAY_TYPE
T20210023528,2021-11-20,18:35:00,1,Collision with vehicle,6,Saturday,130,REAR END(VEHICLES IN SAME LANE),1,697882,T intersection,3,60,Local Road,FURLONG,BRIMBANK,-37.758537,144.79753,2021,11,November,18,Afternoon Peak,Weekend
T20210023526,2021-11-20,15:20:00,1,Collision with vehicle,6,Saturday,130,REAR END(VEHICLES IN SAME LANE),1,697506,Not at intersection,2,40,Freeway,CALDER,MOONEE VALLEY,-37.72927,144.86862,2021,11,November,15,Afternoon Peak,Weekend
T20210023523,2021-11-20,14:15:00,1,Collision with vehicle,6,Saturday,130,REAR END(VEHICLES IN SAME LANE),1,697641,Not at intersection,3,60,Local Road,BOURKE,KINGSTON,-37.941532,145.10493,2021,11,November,14,Midday,Weekend
T20210023905,2021-11-20,08:25:00,1,Collision with vehicle,6,Saturday,130,REAR END(VEHICLES IN SAME LANE),1,731019,Not at intersection,3,60,Local Road,HOPPERS,WYNDHAM,-37.891273,144.70084,2021,11,November,8,Morning Peak,Weekend
T20210023519,2021-11-20,09:55:00,1,Collision with vehicle,6,Saturday,116,LEFT NEAR (INTERSECTIONS ONLY),1,43369,T intersection,2,60,Arterial Other,DANDENONG,FRANKSTON,-38.132645,145.13034,2021,11,November,9,Morning Peak,Weekend
T20210023513,2021-11-20,14:30:00,1,Collision with vehicle,6,Saturday,110,CROSS TRAFFIC(INTERSECTIONS ONLY),1,1206,Cross intersection,3,60,Arterial Other,BADGER CREEK,YARRA RANGES,-37.662003,145.52809,2021,11,November,14,Midday,Weekend
T20210023510,2021-11-20,13:51:00,5,collision with some other object,6,Saturday,166,STRUCK OBJECT ON CARRIAGEWAY,1,697424,Not at intersection,2,80,Arterial Highway,GREAT ALPINE,EAST GIPPSLAND,-37.107784,147.6046,2021,11,November,13,Midday,Weekend
T20220017506,2021-11-21,16:00:00,1,Collision with vehicle,7,Sunday,130,REAR END(VEHICLES IN SAME LANE),1,774251,Not at intersection,3,70,Arterial Other,BALLARAT ROAD SERVICE,BRIMBANK,-37.769894,144.77359,2021,11,November,16,Afternoon Peak,Weekend
T20210023985,2021-11-21,11:30:00,1,Collision with vehicle,7,Sunday,147,VEHICLE STRIKES ANOTHER VEH WHILE EMERGING FROM DRIVEWAY,1,723469,Not at intersection,2,50,Local Road,MURPHY,DAREBIN,-37.735363,145.01642,2021,11,November,11,Midday,Weekend
T20210023564,2021-11-21,06:35:00,4,Collision with a fixed object,7,Sunday,183,OFF LEFT BEND INTO OBJECT/PARKED VEHICLE,2,702892,Not at intersection,2,60,Freeway,MONASH OUT-JACKSONS,MONASH,-37.934002,145.19202,2021,11,November,6,Morning Peak,Weekend
T20210023561,2021-11-21,04:13:00,2,Struck Pedestrian,7,Sunday,100,PED NEAR SIDE. PED HIT BY VEHICLE FROM THE RIGHT.,6,698127,Not at intersection,2,80,Arterial Other,DORSET,MAROONDAH,-37.82142,145.28777,2021,11,November,4,Late Night,Weekend
T20210026863,2021-11-21,00:45:00,2,Struck Pedestrian,7,Sunday,100,PED NEAR SIDE. PED HIT BY VEHICLE FROM THE RIGHT.,3,7567,Cross intersection,3,60,Arterial Highway,PUNT,MELBOURNE,-37.845688,144.98503,2021,11,November,0,Late Night,Weekend
T20210023615,2021-11-21,20:30:00,1,Collision with vehicle,7,Sunday,121,RIGHT THROUGH,3,698217,Cross intersection,2,70,Arterial Other,KINGS ROAD -TAYLORS,BRIMBANK,-37.72772,144.78235,2021,11,November,20,Night,Weekend
T20210023590,2021-11-21,14:50:00,1,Collision with vehicle,7,Sunday,110,CROSS TRAFFIC(INTERSECTIONS ONLY),1,697938,Cross intersection,2,60,Local Road,INKERMAN,CENTRAL GOLDFIELDS,-37.04561,143.73251,2021,11,November,14,Midday,Weekend
T20220015521,2021-11-21,17:00:00,8,No collision and no object struck,7,Sunday,182,OFF CARRIAGEWAY ON LEFT BEND,1,720999,Not at intersection,3,50,Local Road,BLACKWOOD PARK,KNOX,-37.898575,145.28171,2021,11,November,17,Afternoon Peak,Weekend
T20210023861,2021-11-21,15:25:00,4,Collision with a fixed object,7,Sunday,181,OFF RIGHT BEND INTO OBJECT/PARKED VEHICLE,1,699000,Not at intersection,2,80,Arterial Other,HEALESVILLE-KINGLAKE,MURRINDINDI,-37.54138,145.36755,2021,11,November,15,Afternoon Peak,Weekend
T20210023552,2021-11-21,00:10:00,1,Collision with vehicle,7,Sunday,160,VEHICLE COLLIDES WITH VEHICLE PARKED ON LEFT OF ROAD,3,715554,Not at intersection,3,50,Local Road,COPERNICUS,CASEY,-38.095104,145.25429,2021,11,November,0,Late Night,Weekend
T20210023593,2021-11-21,15:03:00,1,Collision with vehicle,7,Sunday,113,RIGHT NEAR (INTERSECTIONS ONLY),1,45366,T intersection,3,50,Local Road,CHESTNUT,HUME,-37.678574,144.96085,2021,11,November,15,Afternoon Peak,Weekend
T20210023616,2021-11-21,20:30:00,4,Collision with a fixed object,7,Sunday,183,OFF LEFT BEND INTO OBJECT/PARKED VEHICLE,3,55397,T intersection,2,50,Local Road,GOW,CASEY,-37.998375,145.26395,2021,11,November,20,Night,Weekend
T20210023756,2021-11-21,11:15:00,6,Vehicle overturned (no collision),7,Sunday,184,OUT OF CONTROL ON CARRIAGEWAY (ON BEND),1,699140,Not at intersection,3,80,Local Road,ALLAMBEE SOUTH,SOUTH GIPPSLAND,-38.346577,146.10861,2021,11,November,11,Midday,Weekend
T20210024832,2021-11-21,08:50:00,1,Collision with vehicle,7,Sunday,147,VEHICLE STRIKES ANOTHER VEH WHILE EMERGING FROM DRIVEWAY,1,699116,Not at intersection,3,60,Local Road,HEATHERTON,CASEY,-37.981815,145.31238,2021,11,November,8,Morning Peak,Weekend
T20210024337,2021-11-21,18:00:00,1,Collision with vehicle,7,Sunday,130,REAR END(VEHICLES IN SAME LANE),1,731219,Not at intersection,3,70,Arterial Other,SOUTH,KINGSTON,-37.936634,145.06209,2021,11,November,18,Afternoon Peak,Weekend
T20210023715,2021-11-21,00:45:00,8,No collision and no object struck,7,Sunday,174,OUT OF CONTROL ON CARRIAGEWAY (ON STRAIGHT),3,37379,Cross intersection,3,60,Arterial Other,GRAHAM,PORT PHILLIP,-37.835213,144.93439,2021,11,November,0,Late Night,Weekend
T20210023745,2021-11-21,14:00:00,8,No collision and no object struck,7,Sunday,184,OUT OF CONTROL ON CARRIAGEWAY (ON BEND),1,697939,Not at intersection,3,60,Local Road,LOVES,SURF COAST,-38.427246,144.07031,2021,11,November,14,Midday,Weekend
T20210023587,2021-11-21,14:32:00,1,Collision with vehicle,7,Sunday,147,VEHICLE STRIKES ANOTHER VEH WHILE EMERGING FROM DRIVEWAY,1,781304,Not at intersection,3,100,Arterial Other,INVERLOCH-KONGWAK,BASS COAST,-38.562965,145.71405,2021,11,November,14,Midday,Weekend
T20210023566,2021-11-21,09:10:00,1,Collision with vehicle,7,Sunday,113,RIGHT NEAR (INTERSECTIONS ONLY),1,50800,T intersection,2,80,Arterial Highway,MURRAY VALLEY,MOIRA,-35.920456,145.64038,2021,11,November,9,Morning Peak,Weekend
T20210023576,2021-11-21,09:28:00,1,Collision with vehicle,7,Sunday,110,CROSS TRAFFIC(INTERSECTIONS ONLY),1,698216,Multiple intersection,3,60,Arterial Other,BONA VISTA ROAD -KORUMBURRA-WARRAGUL,BAW BAW,-38.172836,145.93175,2021,11,November,9,Morning Peak,Weekend
T20210023550,2021-11-21,00:04:00,1,Collision with vehicle,7,Sunday,110,CROSS TRAFFIC(INTERSECTIONS ONLY),3,37235,Cross intersection,2,80,Arterial Other,WESTERN,MELTON,-37.762184,144.7542,2021,11,November,0,Late Night,Weekend
T20210023578,2021-11-21,12:24:00,5,collision with some other object,7,Sunday,171,LEFT OFF CARRIAGEWAY INTO OBJECT/PARKED VEHICLE,1,703441,Not at intersection,2,100,Local Road,COGHILLS CREEK,BALLARAT,-37.370094,143.7478,2021,11,November,12,Midday,Weekend
T20210023579,2021-11-21,13:15:00,1,Collision with vehicle,7,Sunday,163,VEHICLE STRIKES DOOR OF PARKED/STATIONARY VEHICLE,1,732012,Not at intersection,2,40,Arterial Other,BRIDGE,YARRA,-37.819157,145.00487,2021,11,November,13,Midday,Weekend
T20210023611,2021-11-21,15:00:00,1,Collision with vehicle,7,Sunday,160,VEHICLE COLLIDES WITH VEHICLE PARKED ON LEFT OF ROAD,1,697554,Not at intersection,2,40,Local Road,LAVA,WARRNAMBOOL,-38.38309,142.48781,2021,11,November,15,Afternoon Peak,Weekend
T20210023608,2021-11-21,16:20:00,1,Collision with vehicle,7,Sunday,121,RIGHT THROUGH,1,57206,Cross intersection,3,60,Local Road,LEAKES,WYNDHAM,-37.83501,144.69551,2021,11,November,16,Afternoon Peak,Weekend
T20210024282,2021-11-21,17:10:00,8,No collision and no object struck,7,Sunday,182,OFF CARRIAGEWAY ON LEFT BEND,1,698180,Not at intersection,3,50,Local Road,PINDARI,KNOX,-37.852573,145.25383,2021,11,November,17,Afternoon Peak,Weekend
T20210023547,2021-11-21,00:50:00,1,Collision with vehicle,7,Sunday,160,VEHICLE COLLIDES WITH VEHICLE PARKED ON LEFT OF ROAD,3,700145,Not at intersection,2,50,Local Road,VICTORIA,MORELAND,-37.76445,144.9407,2021,11,November,0,Late Night,Weekend
T20210023632,2021-11-21,11:40:00,4,Collision with a fixed object,7,Sunday,171,LEFT OFF CARRIAGEWAY INTO OBJECT/PARKED VEHICLE,1,711147,Not at intersection,2,100,Local Road,YOUNG,BAW BAW,-38.006348,146.0707,2021,11,November,11,Midday,Weekend
T20210023604,2021-11-21,17:36:00,4,Collision with a fixed object,7,Sunday,173,RIGHT OFF CARRIAGEWAY INTO OBJECT/PARKED VEHICLE,1,697711,T intersection,2,50,Local Road,BOYD,DANDENONG,-37.969402,145.21718,2021,11,November,17,Afternoon Peak,Weekend
T20210023601,2021-11-21,17:30:00,1,Collision with vehicle,7,Sunday,112,LEFT FAR (INTERSECTIONS ONLY),1,707052,T intersection,3,50,Local Road,CANBERRA,BAYSIDE,-37.92988,145.00996,2021,11,November,17,Afternoon Peak,Weekend
T20210023584,2021-11-21,14:00:00,1,Collision with vehicle,7,Sunday,130,REAR END(VEHICLES IN SAME LANE),1,697509,Cross intersection,3,60,Arterial Other,COOPER,WHITTLESEA,-37.651497,145.0194,2021,11,November,14,Midday,Weekend
T20210023982,2021-11-21,11:35:00,1,Collision with vehicle,7,Sunday,130,REAR END(VEHICLES IN SAME LANE),1,778491,Not at intersection,3,80,Freeway,TULLAMARINE IN-ENGLISH,MOONEE VALLEY,-37.72387,144.89189,2021,11,November,11,Midday,Weekend
T20210023569,2021-11-21,10:00:00,1,Collision with vehicle,7,Sunday,135,LANE CHANGE LEFT (NOT OVERTAKING),1,737227,Not at intersection,2,100,Freeway,MONASH,CASEY,-37.99514,145.2655,2021,11,November,10,Midday,Weekend
T20210023573,2021-11-21,12:12:00,1,Collision with vehicle,7,Sunday,130,REAR END(VEHICLES IN SAME LANE),1,697508,Not at intersection,3,100,Arterial Other,OLD MOOROODUC,MORNINGTON PENINSULA,-38.275803,145.07135,2021,11,November,12,Midday,Weekend
T20210023665,2021-11-22,14:31:00,1,Collision with vehicle,1,Monday,130,REAR END(VEHICLES IN SAME LANE),1,700950,Not at intersection,2,60,Arterial Highway,ALEXANDRA,MELBOURNE,-37.822952,144.97595,2021,11,November,14,Midday,Weekday
T20210023657,2021-11-22,13:15:00,4,Collision with a fixed object,1,Monday,181,OFF RIGHT BEND INTO OBJECT/PARKED VEHICLE,1,699138,Cross intersection,3,100,Arterial Highway,BASS,BASS COAST,-38.50014,145.46194,2021,11,November,13,Midday,Weekday
T20210023683,2021-11-22,12:10:00,1,Collision with vehicle,1,Monday,130,REAR END(VEHICLES IN SAME LANE),1,704328,Not at intersection,3,60,Arterial Other,MORELAND,MORELAND,-37.75318,144.94496,2021,11,November,12,Midday,Weekday
T20210023682,2021-11-22,16:06:00,2,Struck Pedestrian,1,Monday,102,FAR SIDE. PED HIT BY VEHICLE FROM THE LEFT,1,701065,Not at intersection,2,60,Arterial Other,CENTRE,KINGSTON,-37.929882,145.12978,2021,11,November,16,Afternoon Peak,Weekday
T20210023656,2021-11-22,13:38:00,1,Collision with vehicle,1,Monday,130,REAR END(VEHICLES IN SAME LANE),1,698256,Not at intersection,3,80,Freeway,WEST GATE,HOBSONS BAY,-37.82813,144.896,2021,11,November,13,Midday,Weekday
T20210023651,2021-11-22,10:39:00,1,Collision with vehicle,1,Monday,121,RIGHT THROUGH,1,42038,Cross intersection,3,60,Arterial Other,HAMPTON,BAYSIDE,-37.92083,145.00569,2021,11,November,10,Midday,Weekday
T20210023681,2021-11-22,18:30:00,1,Collision with vehicle,1,Monday,160,VEHICLE COLLIDES WITH VEHICLE PARKED ON LEFT OF ROAD,1,702644,Not at intersection,2,60,Local Road,BOULEVARD,YARRA,-37.828392,145.02237,2021,11,November,18,Afternoon Peak,Weekday
T20210023646,2021-11-22,10:59:00,1,Collision with vehicle,1,Monday,113,RIGHT NEAR (INTERSECTIONS ONLY),1,15304,T intersection,2,70,Arterial Other,RIDDELL,MACEDON RANGES,-37.465557,144.67218,2021,11,November,10,Midday,Weekday
T20210023680,2021-11-22,16:20:00,1,Collision with vehicle,1,Monday,130,REAR END(VEHICLES IN SAME LANE),1,699357,Not at intersection,2,80,Freeway,WESTERN RING,HUME,-37.694065,144.91359,2021,11,November,16,Afternoon Peak,Weekday
T20210023678,2021-11-22,18:59:00,1,Collision with vehicle,1,Monday,110,CROSS TRAFFIC(INTERSECTIONS ONLY),1,712746,Cross intersection,3,80,Local Road,CENTRAL,SHEPPARTON,-36.377514,145.46196,2021,11,November,18,Afternoon Peak,Weekday
T20210023676,2021-11-22,16:00:00,1,Collision with vehicle,1,Monday,130,REAR END(VEHICLES IN SAME LANE),1,41870,Cross intersection,3,80,Arterial Other,FERNTREE GULLY,KNOX,-37.89911,145.23033,2021,11,November,16,Afternoon Peak,Weekday
T20210023675,2021-11-22,17:28:00,1,Collision with vehicle,1,Monday,130,REAR END(VEHICLES IN SAME LANE),1,697884,Not at intersection,3,100,Freeway,MONASH,CASEY,-37.984077,145.24744,2021,11,November,17,Afternoon Peak,Weekday
T20210023674,2021-11-22,17:04:00,1,Collision with vehicle,1,Monday,113,RIGHT NEAR (INTERSECTIONS ONLY),1,718339,T intersection,2,50,Local Road,MCLACHLAN,WELLINGTON,-38.094875,147.0792,2021,11,November,17,Afternoon Peak,Weekday
T20210023673,2021-11-22,14:50:00,1,Collision with vehicle,1,Monday,121,RIGHT THROUGH,1,698168,Not at intersection,2,80,Arterial Highway,SOUTH GIPPSLAND,CASEY,-38.085087,145.27786,2021,11,November,14,Midday,Weekday
T20210023670,2021-11-22,15:27:00,1,Collision with vehicle,1,Monday,130,REAR END(VEHICLES IN SAME LANE),1,702102,T intersection,2,40,Local Road,HORFIELD,WHITEHORSE,-37.801807,145.11786,2021,11,November,15,Afternoon Peak,Weekday
T20210023743,2021-11-22,16:35:00,1,Collision with vehicle,1,Monday,130,REAR END(VEHICLES IN SAME LANE),9,778486,Not at intersection,3,100,Freeway,WESTERN RING,MORELAND,-37.694675,144.9178,2021,11,November,16,Afternoon Peak,Weekday
T20210023666,2021-11-22,14:22:00,8,No collision and no object struck,1,Monday,174,OUT OF CONTROL ON CARRIAGEWAY (ON STRAIGHT),1,37144,T intersection,3,50,Local Road,MALMSBURY,HUME,-37.661022,144.91457,2021,11,November,14,Midday,Weekday
T20210024028,2021-11-22,14:30:00,1,Collision with vehicle,1,Monday,130,REAR END(VEHICLES IN SAME LANE),1,700710,Not at intersection,3,60,Arterial Other,ORMOND,PORT PHILLIP,-37.887295,144.98433,2021,11,November,14,Midday,Weekday
T20210023664,2021-11-22,12:16:00,1,Collision with vehicle,1,Monday,148,VEHICLE OFF FOOTPATH STRIKES VEH ON CARRIAGEWAY,1,50178,Cross intersection,1,40,Arterial Other,BARWON HEADS,GEELONG,-38.1808,144.35396,2021,11,November,12,Midday,Weekday
T20210023663,2021-11-22,12:38:00,4,Collision with a fixed object,1,Monday,171,LEFT OFF CARRIAGEWAY INTO OBJECT/PARKED VEHICLE,1,703456,Not at intersection,2,100,Arterial Other,BALLARTO,CARDINIA,-38.147846,145.43852,2021,11,November,12,Midday,Weekday
T20210023662,2021-11-22,13:05:00,4,Collision with a fixed object,1,Monday,171,LEFT OFF CARRIAGEWAY INTO OBJECT/PARKED VEHICLE,1,702964,Not at intersection,2,100,Arterial Other,NATIMUK-HAMILTON,SOUTHERN GRAMPIANS,-37.190853,141.84642,2021,11,November,13,Midday,Weekday
T20210024244,2021-11-22,21:05:00,1,Collision with vehicle,1,Monday,160,VEHICLE COLLIDES WITH VEHICLE PARKED ON LEFT OF ROAD,3,732013,Not at intersection,2,60,Arterial Other,BURKE,BOROONDARA,-37.801544,145.06238,2021,11,November,21,Night,Weekday
T20210023788,2021-11-22,16:53:00,1,Collision with vehicle,1,Monday,130,REAR END(VEHICLES IN SAME LANE),1,48108,Cross intersection,3,50,Local Road,GIPPS,YARRA,-37.80523,144.99457,2021,11,November,16,Afternoon Peak,Weekday
T20210024422,2021-11-22,09:00:00,1,Collision with vehicle,1,Monday,130,REAR END(VEHICLES IN SAME LANE),1,698460,Not at intersection,3,70,Arterial Highway,NORTH,BAYSIDE,-37.90145,145.01938,2021,11,November,9,Morning Peak,Weekday
T20210024423,2021-11-22,08:20:00,1,Collision with vehicle,1,Monday,130,REAR END(VEHICLES IN SAME LANE),1,698681,Not at intersection,3,80,Freeway,WEST GATE IN-MONTAGUE,MELBOURNE,-37.82566,144.94402,2021,11,November,8,Morning Peak,Weekday
T20210023644,2021-11-22,10:40:00,1,Collision with vehicle,1,Monday,110,CROSS TRAFFIC(INTERSECTIONS ONLY),1,699726,Cross intersection,3,40,Arterial Other,GOULBURN STREET -HIGH,STRATHBOGIE,-36.786907,145.15308,2021,11,November,10,Midday,Weekday
T20220027553,2021-11-22,16:25:00,1,Collision with vehicle,1,Monday,147,VEHICLE STRIKES ANOTHER VEH WHILE EMERGING FROM DRIVEWAY,1,781310,Not at intersection,3,60,Arterial Other,MT DANDENONG,MAROONDAH,-37.7995,145.27855,2021,11,November,16,Afternoon Peak,Weekday
T20210023641,2021-11-22,09:30:00,4,Collision with a fixed object,1,Monday,183,OFF LEFT BEND INTO OBJECT/PARKED VEHICLE,1,697633,Multiple intersection,3,80,Freeway,HUME-METROPOLITAN RING OUT,WHITTLESEA,-37.688198,144.98727,2021,11,November,9,Morning Peak,Weekday
T20210023633,2021-11-22,07:00:00,1,Collision with vehicle,1,Monday,121,RIGHT THROUGH,1,36082,T intersection,3,60,Local Road,ARDEN,MELBOURNE,-37.800095,144.94199,2021,11,November,7,Morning Peak,Weekday
T20210023781,2021-11-22,12:30:00,1,Collision with vehicle,1,Monday,163,VEHICLE STRIKES DOOR OF PARKED/STATIONARY VEHICLE,1,779562,Not at intersection,3,60,Arterial Other,BURKE,STONNINGTON,-37.863045,145.05063,2021,11,November,12,Midday,Weekday
T20210023660,2021-11-22,15:00:00,4,Collision with a fixed object,1,Monday,171,LEFT OFF CARRIAGEWAY INTO OBJECT/PARKED VEHICLE,1,44958,Cross intersection,3,60,Arterial Other,CAMP,HUME,-37.68692,144.93323,2021,11,November,15,Afternoon Peak,Weekday
T20210023631,2021-11-22,08:00:00,1,Collision with vehicle,1,Monday,132,RIGHT REAR.,1,778128,T intersection,2,50,Local Road,HOCKLEY,HUME,-37.54031,144.91179,2021,11,November,8,Morning Peak,Weekday
T20210023740,2021-11-22,17:15:00,1,Collision with vehicle,1,Monday,130,REAR END(VEHICLES IN SAME LANE),1,770838,Not at intersection,3,70,Arterial Other,RINGWOOD-WARRANDYTE,MANNINGHAM,-37.766216,145.23022,2021,11,November,17,Afternoon Peak,Weekday
T20210024005,2021-11-22,08:15:00,1,Collision with vehicle,1,Monday,130,REAR END(VEHICLES IN SAME LANE),1,698861,Not at intersection,2,60,Arterial Other,BULLA,MOONEE VALLEY,-37.743855,144.90987,2021,11,November,8,Morning Peak,Weekday
T20210023658,2021-11-22,14:30:00,1,Collision with vehicle,1,Monday,120,HEAD ON (NOT OVERTAKING),1,697883,Not at intersection,3,60,Arterial Highway,MCIVOR,BENDIGO,-36.757374,144.2913,2021,11,November,14,Midday,Weekday
T20220001893,2021-11-22,09:00:00,1,Collision with vehicle,1,Monday,137,LEFT TURN SIDESWIPE,1,703340,Cross intersection,3,60,Arterial Other,CONDON,BENDIGO,-36.773273,144.3053,2021,11,November,9,Morning Peak,Weekday
T20220003476,2021-11-22,10:15:00,1,Collision with vehicle,1,Monday,119,OTHER ADJACENT (INTERSECTIONS ONLY),1,37576,T intersection,3,60,Arterial Other,CANTERBURY,PORT PHILLIP,-37.850666,144.96625,2021,11,November,10,Midday,Weekday
T20210023701,2021-11-22,05:45:00,1,Collision with vehicle,1,Monday,130,REAR END(VEHICLES IN SAME LANE),9,702893,Not at intersection,3,80,Freeway,METROPOLITAN RING,WHITTLESEA,-37.68827,144.99606,2021,11,November,5,Morning Peak,Weekday
T20210023709,2021-11-22,07:00:00,5,collision with some other object,1,Monday,166,STRUCK OBJECT ON CARRIAGEWAY,1,697713,Not at intersection,2,80,Local Road,DOWNING,MELTON,-37.753834,144.64787,2021,11,November,7,Morning Peak,Weekday
T20210023624,2021-11-22,01:51:00,1,Collision with vehicle,1,Monday,160,VEHICLE COLLIDES WITH VEHICLE PARKED ON LEFT OF ROAD,3,781308,Not at intersection,3,50,Local Road,ROYAL,DAREBIN,-37.71188,145.01598,2021,11,November,1,Late Night,Weekday
T20210023778,2021-11-22,06:15:00,8,No collision and no object struck,1,Monday,174,OUT OF CONTROL ON CARRIAGEWAY (ON STRAIGHT),1,697716,Not at intersection,3,50,Local Road,ROSEBERY,HOBSONS BAY,-37.868237,144.78366,2021,11,November,6,Morning Peak,Weekday
T20210024526,2021-11-22,19:45:00,4,Collision with a fixed object,1,Monday,171,LEFT OFF CARRIAGEWAY INTO OBJECT/PARKED VEHICLE,2,698465,Not at intersection,3,100,Local Road,WANGOOM,MOYNE,-38.33225,142.57513,2021,11,November,19,Night,Weekday
T20210023802,2021-11-22,22:41:00,1,Collision with vehicle,1,Monday,121,RIGHT THROUGH,3,35323,T intersection,3,60,Arterial Other,ELGAR,WHITEHORSE,-37.803867,145.11742,2021,11,November,22,Night,Weekday
T20210025596,2021-11-22,07:54:00,1,Collision with vehicle,1,Monday,110,CROSS TRAFFIC(INTERSECTIONS ONLY),1,42570,Cross intersection,3,60,Arterial Other,POLICE,MONASH,-37.93499,145.17162,2021,11,November,7,Morning Peak,Weekday
T20210024617,2021-11-23,12:30:00,9,Other accident,2,Tuesday,149,OTHER MANOEUVRING NOT INCLUDED IN DCAs 140-148,1,703277,Not at intersection,3,60,Arterial Highway,BUCKLAND VALLEY,ALPINE,-36.70029,146.90828,2021,11,November,12,Midday,Weekday
T20210026386,2021-11-23,18:03:00,1,Collision with vehicle,2,Tuesday,130,REAR END(VEHICLES IN SAME LANE),1,700353,Not at intersection,3,80,Arterial Highway,PRINCES HIGHWAY,MONASH,-37.91332,145.12527,2021,11,November,18,Afternoon Peak,Weekday
T20210023919,2021-11-23,20:00:00,6,Vehicle overturned (no collision),2,Tuesday,170,OFF CARRIAGEWAY TO LEFT,2,697946,Not at intersection,3,80,Local Road,FALLS,MACEDON RANGES,-37.365658,144.60852,2021,11,November,20,Night,Weekday
T20210023749,2021-11-23,13:55:00,1,Collision with vehicle,2,Tuesday,120,HEAD ON (NOT OVERTAKING),1,699139,Not at intersection,3,60,Arterial Other,CANTERBURY,WHITEHORSE,-37.830814,145.13968,2021,11,November,13,Midday,Weekday
T20210023747,2021-11-23,13:00:00,4,Collision with a fixed object,2,Tuesday,181,OFF RIGHT BEND INTO OBJECT/PARKED VEHICLE,1,697833,Not at intersection,3,100,Arterial Other,BENDIGO-MURCHISON,CAMPASPE,-36.596523,144.82771,2021,11,November,13,Midday,Weekday
T20210023734,2021-11-23,09:10:00,1,Collision with vehicle,2,Tuesday,134,LANE CHANGE RIGHT (NOT OVERTAKING),1,737018,Multiple intersection,2,100,Freeway,MONASH,DANDENONG,-37.948833,145.20999,2021,11,November,9,Morning Peak,Weekday
T20210023791,2021-11-23,18:22:00,1,Collision with vehicle,2,Tuesday,147,VEHICLE STRIKES ANOTHER VEH WHILE EMERGING FROM DRIVEWAY,1,699001,Not at intersection,3,50,Local Road,LORNE,MORELAND,-37.715633,144.96924,2021,11,November,18,Afternoon Peak,Weekday
T20210023767,2021-11-23,08:15:00,1,Collision with vehicle,2,Tuesday,113,RIGHT NEAR (INTERSECTIONS ONLY),1,697798,T intersection,3,60,Arterial Highway,SMYTHES,BALLARAT,-37.589314,143.8136,2021,11,November,8,Morning Peak,Weekday
T20210023735,2021-11-23,11:30:00,1,Collision with vehicle,2,Tuesday,140,U TURN,1,731010,Cross intersection,3,70,Arterial Other,MT DANDENONG,YARRA RANGES,-37.801712,145.3081,2021,11,November,11,Midday,Weekday
T20210023768,2021-11-23,15:45:00,1,Collision with vehicle,2,Tuesday,110,CROSS TRAFFIC(INTERSECTIONS ONLY),1,29662,Cross intersection,3,50,Arterial Other,WAVERLEY,MONASH,-37.882652,145.11012,2021,11,November,15,Afternoon Peak,Weekday
T20210023771,2021-11-23,14:20:00,1,Collision with vehicle,2,Tuesday,121,RIGHT THROUGH,1,12521,Multiple intersection,2,50,Freeway,FURLONG-WESTERN RING IN,BRIMBANK,-37.761463,144.82144,2021,11,November,14,Midday,Weekday
T20210023736,2021-11-23,11:00:00,4,Collision with a fixed object,2,Tuesday,171,LEFT OFF CARRIAGEWAY INTO OBJECT/PARKED VEHICLE,1,731011,Not at intersection,3,60,Arterial Other,BACCHUS MARSH,MOORABOOL,-37.687305,144.46594,2021,11,November,11,Midday,Weekday
T20210026906,2021-11-23,17:30:00,1,Collision with vehicle,2,Tuesday,130,REAR END(VEHICLES IN SAME LANE),1,722280,Cross intersection,3,40,Local Road,MOORABOOL,GEELONG,-38.14927,144.35983,2021,11,November,17,Afternoon Peak,Weekday
T20210023915,2021-11-23,19:15:00,1,Collision with vehicle,2,Tuesday,113,RIGHT NEAR (INTERSECTIONS ONLY),1,36566,T intersection,2,40,Local Road,SMITH,YARRA,-37.80175,144.9838,2021,11,November,19,Night,Weekday
T20210025665,2021-11-23,18:00:00,1,Collision with vehicle,2,Tuesday,112,LEFT FAR (INTERSECTIONS ONLY),1,703383,T intersection,3,50,Local Road,CORAL,FRANKSTON,-38.143764,145.1462,2021,11,November,18,Afternoon Peak,Weekday
T20210023706,2021-11-23,02:55:00,2,Struck Pedestrian,2,Tuesday,104,PED WALKING WITH TRAFFIC,5,697604,Not at intersection,1,60,Local Road,ST HELENA,BANYULE,-37.68678,145.13582,2021,11,November,2,Late Night,Weekday
T20210023795,2021-11-23,18:45:00,1,Collision with vehicle,2,Tuesday,110,CROSS TRAFFIC(INTERSECTIONS ONLY),1,698315,Cross intersection,2,80,Arterial Other,DOHERTYS ROAD -FITZGERALD,WYNDHAM,-37.827995,144.78532,2021,11,November,18,Afternoon Peak,Weekday