ACCIDENT_NO,ACCIDENT_DATE,ACCIDENT_TIME,ACCIDENT_TYPE,ACCIDENT_TYPE_DESC,DAY_OF_WEEK,DAY_WEEK_DESC,DCA_CODE,DCA_DESC,LIGHT_CONDITION,NODE_ID,ROAD_GEOMETRY_DESC,SEVERITY,SPEED_ZONE,RMA,ROAD_NAME,LGA_NAME,LATITUDE,LONGITUDE,YEAR,MONTH,MONTH_NAME,HOUR,TIME_PERIOD,DAY_TYPE
T20210023800,2021-11-23,17:00:00,1,Collision with vehicle,2,Tuesday,130,REAR END(VEHICLES IN SAME LANE),1,700657,Not at intersection,3,60,Arterial Highway,PLENTY,WHITTLESEA,-37.690765,145.06389,2021,11,November,17,Afternoon Peak,Weekday
T20210023942,2021-11-23,23:58:00,8,No collision and no object struck,2,Tuesday,182,OFF CARRIAGEWAY ON LEFT BEND,3,701795,Not at intersection,3,80,Arterial Other,PASCOE VALE,HUME,-37.647987,144.93134,2021,11,November,23,Night,Weekday
T20210023821,2021-11-23,16:50:00,1,Collision with vehicle,2,Tuesday,137,LEFT TURN SIDESWIPE,1,781324,Cross intersection,3,60,Arterial Highway,MONTAGUE,MELBOURNE,-37.82633,144.94705,2021,11,November,16,Afternoon Peak,Weekday
T20210023786,2021-11-23,17:00:00,1,Collision with vehicle,2,Tuesday,130,REAR END(VEHICLES IN SAME LANE),1,698773,Cross intersection,2,80,Arterial Highway,PRINCES,CASEY,-38.025192,145.30522,2021,11,November,17,Afternoon Peak,Weekday
T20210023940,2021-11-23,18:27:00,6,Vehicle overturned (no collision),2,Tuesday,174,OUT OF CONTROL ON CARRIAGEWAY (ON STRAIGHT),2,701315,Not at intersection,3,60,Local Road,MT ZERO,NORTHERN GRAMPIANS,-37.081985,142.52397,2021,11,November,18,Afternoon Peak,Weekday
T20220002076,2021-11-23,15:20:00,1,Collision with vehicle,2,Tuesday,130,REAR END(VEHICLES IN SAME LANE),1,703302,Cross intersection,3,40,Arterial Highway,ROSANNA,BANYULE,-37.754585,145.06999,2021,11,November,15,Afternoon Peak,Weekday
T20210023760,2021-11-23,14:50:00,1,Collision with vehicle,2,Tuesday,160,VEHICLE COLLIDES WITH VEHICLE PARKED ON LEFT OF ROAD,1,699653,Not at intersection,2,50,Local Road,CRANBOURNE,CASEY,-38.10844,145.27684,2021,11,November,14,Midday,Weekday
T20210023835,2021-11-23,22:38:00,1,Collision with vehicle,2,Tuesday,134,LANE CHANGE RIGHT (NOT OVERTAKING),3,781325,Not at intersection,3,70,Arterial Other,CRAIGIEBURN,HUME,-37.593594,144.90918,2021,11,November,22,Night,Weekday
T20210023746,2021-11-23,13:19:00,1,Collision with vehicle,2,Tuesday,130,REAR END(VEHICLES IN SAME LANE),1,703544,T intersection,3,60,Arterial Highway,HIGH,MITCHELL,-37.410484,144.9796,2021,11,November,13,Midday,Weekday
T20210023780,2021-11-23,17:25:00,1,Collision with vehicle,2,Tuesday,130,REAR END(VEHICLES IN SAME LANE),1,325557,Not at intersection,3,60,Local Road,DENDY,BAYSIDE,-37.922768,145.02248,2021,11,November,17,Afternoon Peak,Weekday
T20210023742,2021-11-23,13:15:00,8,No collision and no object struck,2,Tuesday,174,OUT OF CONTROL ON CARRIAGEWAY (ON STRAIGHT),1,697797,Not at intersection,3,40,Arterial Other,CHURCH,YARRA,-37.817303,144.9994,2021,11,November,13,Midday,Weekday
T20210023725,2021-11-23,08:40:00,2,Struck Pedestrian,2,Tuesday,100,PED NEAR SIDE. PED HIT BY VEHICLE FROM THE RIGHT.,1,62217,T intersection,3,50,Local Road,WICKHAM,MELTON,-37.70879,144.57008,2021,11,November,8,Morning Peak,Weekday
T20210023739,2021-11-23,13:00:00,1,Collision with vehicle,2,Tuesday,160,VEHICLE COLLIDES WITH VEHICLE PARKED ON LEFT OF ROAD,1,241393,T intersection,2,50,Local Road,HARVEY,KINGSTON,-37.95972,145.06355,2021,11,November,13,Midday,Weekday
T20210023776,2021-11-23,15:50:00,1,Collision with vehicle,2,Tuesday,140,U TURN,1,698296,T intersection,2,60,Arterial Other,KEYS,KINGSTON,-37.94858,145.06677,2021,11,November,15,Afternoon Peak,Weekday
T20210023773,2021-11-23,15:36:00,1,Collision with vehicle,2,Tuesday,130,REAR END(VEHICLES IN SAME LANE),1,697715,Not at intersection,2,80,Arterial Highway,DANDENONG,DANDENONG,-38.00339,145.2098,2021,11,November,15,Afternoon Peak,Weekday
T20210023716,2021-11-23,06:45:00,5,collision with some other object,2,Tuesday,191,LOAD OR MISSILE STRUCK VEHICLE,1,698772,Not at intersection,3,100,Freeway,HUME,HUME,-37.550697,144.94359,2021,11,November,6,Morning Peak,Weekday
T20210023855,2021-11-23,12:40:00,1,Collision with vehicle,2,Tuesday,131,LEFT REAR,1,698258,Cross intersection,3,50,Arterial Other,BARKERS,BOROONDARA,-37.813644,145.02785,2021,11,November,12,Midday,Weekday
T20210023724,2021-11-23,09:33:00,4,Collision with a fixed object,2,Tuesday,171,LEFT OFF CARRIAGEWAY INTO OBJECT/PARKED VEHICLE,1,698204,Not at intersection,2,60,Local Road,HAM,BENDIGO,-36.790928,144.26012,2021,11,November,9,Morning Peak,Weekday
T20210023752,2021-11-23,20:25:00,2,Struck Pedestrian,2,Tuesday,102,FAR SIDE. PED HIT BY VEHICLE FROM THE LEFT,3,715205,Not at intersection,2,40,Local Road,PEEL,BALLARAT,-37.56242,143.86388,2021,11,November,20,Night,Weekday
T20210023753,2021-11-23,14:12:00,1,Collision with vehicle,2,Tuesday,121,RIGHT THROUGH,1,2611,Cross intersection,2,60,Arterial Other,MOUNTAIN,KNOX,-37.841267,145.26505,2021,11,November,14,Midday,Weekday
T20210023799,2021-11-23,17:05:00,1,Collision with vehicle,2,Tuesday,130,REAR END(VEHICLES IN SAME LANE),1,698964,T intersection,3,60,Local Road,SAYERS,WYNDHAM,-37.846996,144.675,2021,11,November,17,Afternoon Peak,Weekday
T20210023882,2021-11-23,06:15:00,1,Collision with vehicle,2,Tuesday,130,REAR END(VEHICLES IN SAME LANE),1,697943,Not at intersection,3,80,Freeway,MONASH,CASEY,-37.99307,145.25867,2021,11,November,6,Morning Peak,Weekday
T20210023887,2021-11-23,17:30:00,1,Collision with vehicle,2,Tuesday,130,REAR END(VEHICLES IN SAME LANE),1,278567,Cross intersection,3,60,Local Road,BOARDWALK,WYNDHAM,-37.897346,144.72806,2021,11,November,17,Afternoon Peak,Weekday
T20210024170,2021-11-24,16:05:00,1,Collision with vehicle,3,Wednesday,112,LEFT FAR (INTERSECTIONS ONLY),1,731026,Cross intersection,3,50,Arterial Highway,GLENIFER,KNOX,-37.896362,145.23314,2021,11,November,16,Afternoon Peak,Weekday
T20210025123,2021-11-24,12:00:00,1,Collision with vehicle,3,Wednesday,135,LANE CHANGE LEFT (NOT OVERTAKING),1,699360,Cross intersection,3,60,Local Road,HODGSON,BENDIGO,-36.707703,144.25426,2021,11,November,12,Midday,Weekday
T20210023817,2021-11-24,09:00:00,1,Collision with vehicle,3,Wednesday,133,LANE SIDE SWIPE (VEHICLES IN PARALLEL LANES),1,228356,Not at intersection,2,60,Arterial Other,BOLDREWOOD,DAREBIN,-37.72052,145.02106,2021,11,November,9,Morning Peak,Weekday
T20210023819,2021-11-24,08:30:00,1,Collision with vehicle,3,Wednesday,113,RIGHT NEAR (INTERSECTIONS ONLY),1,46519,T intersection,3,40,Arterial Other,MALVERN,STONNINGTON,-37.84698,144.995,2021,11,November,8,Morning Peak,Weekday
T20210023822,2021-11-24,09:41:00,1,Collision with vehicle,3,Wednesday,113,RIGHT NEAR (INTERSECTIONS ONLY),1,699211,Cross intersection,3,100,Arterial Highway,WESTERN,ARARAT,-37.206924,142.88492,2021,11,November,9,Morning Peak,Weekday
T20210023826,2021-11-24,09:30:00,1,Collision with vehicle,3,Wednesday,130,REAR END(VEHICLES IN SAME LANE),1,757822,Not at intersection,2,60,Arterial Highway,ALBERT,DAREBIN,-37.735683,145.02426,2021,11,November,9,Morning Peak,Weekday
T20210023828,2021-11-24,09:52:00,1,Collision with vehicle,3,Wednesday,147,VEHICLE STRIKES ANOTHER VEH WHILE EMERGING FROM DRIVEWAY,1,697832,Not at intersection,3,100,Arterial Other,GISBORNE,MOORABOOL,-37.564777,144.45485,2021,11,November,9,Morning Peak,Weekday
T20210023830,2021-11-24,10:20:00,4,Collision with a fixed object,3,Wednesday,181,OFF RIGHT BEND INTO OBJECT/PARKED VEHICLE,1,74222,T intersection,3,100,Local Road,FOSTER BEACH,SOUTH GIPPSLAND,-38.67851,146.248,2021,11,November,10,Midday,Weekday
T20210023921,2021-11-24,15:05:00,4,Collision with a fixed object,3,Wednesday,173,RIGHT OFF CARRIAGEWAY INTO OBJECT/PARKED VEHICLE,1,781328,Not at intersection,3,60,Arterial Other,WOODS POINT,YARRA RANGES,-37.74631,145.73079,2021,11,November,15,Afternoon Peak,Weekday
T20210024016,2021-11-24,15:45:00,1,Collision with vehicle,3,Wednesday,130,REAR END(VEHICLES IN SAME LANE),9,698316,Cross intersection,3,80,Arterial Other,MELTON,MELTON,-37.69183,144.74416,2021,11,November,15,Afternoon Peak,Weekday
T20210024081,2021-11-24,15:45:00,1,Collision with vehicle,3,Wednesday,121,RIGHT THROUGH,1,322221,Cross intersection,3,70,Arterial Highway,DANDENONG ROAD SERVICE,STONNINGTON,-37.883038,145.05316,2021,11,November,15,Afternoon Peak,Weekday
T20210023846,2021-11-24,09:40:00,1,Collision with vehicle,3,Wednesday,121,RIGHT THROUGH,1,41249,Cross intersection,2,60,Arterial Other,GLEN EIRA,GLEN EIRA,-37.879154,145.01631,2021,11,November,9,Morning Peak,Weekday
T20210023852,2021-11-24,13:50:00,4,Collision with a fixed object,3,Wednesday,173,RIGHT OFF CARRIAGEWAY INTO OBJECT/PARKED VEHICLE,1,697886,Not at intersection,3,50,Local Road,VICKERY,GLEN EIRA,-37.91593,145.03917,2021,11,November,13,Midday,Weekday
T20210023853,2021-11-24,13:42:00,1,Collision with vehicle,3,Wednesday,116,LEFT NEAR (INTERSECTIONS ONLY),1,29494,T intersection,3,60,Arterial Highway,BELL,DAREBIN,-37.745815,145.01015,2021,11,November,13,Midday,Weekday
T20210023848,2021-11-24,09:25:00,4,Collision with a fixed object,3,Wednesday,171,LEFT OFF CARRIAGEWAY INTO OBJECT/PARKED VEHICLE,1,701534,Not at intersection,3,50,Local Road,EDISON,GEELONG,-38.093723,144.32875,2021,11,November,9,Morning Peak,Weekday
T20210023857,2021-11-24,14:45:00,1,Collision with vehicle,3,Wednesday,112,LEFT FAR (INTERSECTIONS ONLY),1,697800,T intersection,2,60,Local Road,MORRISS,WARRNAMBOOL,-38.361904,142.46489,2021,11,November,14,Midday,Weekday
T20210023858,2021-11-24,09:10:00,1,Collision with vehicle,3,Wednesday,147,VEHICLE STRIKES ANOTHER VEH WHILE EMERGING FROM DRIVEWAY,1,697887,Not at intersection,3,60,Arterial Other,OLD CALDER,BRIMBANK,-37.703217,144.8073,2021,11,November,9,Morning Peak,Weekday
T20210023956,2021-11-24,08:45:00,1,Collision with vehicle,3,Wednesday,163,VEHICLE STRIKES DOOR OF PARKED/STATIONARY VEHICLE,1,785157,Not at intersection,2,60,Arterial Other,ST KILDA ROAD SERVICE,MELBOURNE,-37.843956,144.9786,2021,11,November,8,Morning Peak,Weekday
T20210023909,2021-11-24,14:35:00,2,Struck Pedestrian,3,Wednesday,100,PED NEAR SIDE. PED HIT BY VEHICLE FROM THE RIGHT.,1,699109,Not at intersection,2,60,Local Road,ALBERT,KNOX,-37.861183,145.29271,2021,11,November,14,Midday,Weekday
T20210023811,2021-11-24,09:00:00,1,Collision with vehicle,3,Wednesday,121,RIGHT THROUGH,9,322919,Cross intersection,3,60,Arterial Other,NARRE WARREN NORTH,CASEY,-38.013905,145.30939,2021,11,November,9,Morning Peak,Weekday
T20210023808,2021-11-24,08:32:00,1,Collision with vehicle,3,Wednesday,115,RIGHT/LEFT FAR (INTERSECTIONS ONLY),1,698946,T intersection,2,40,Local Road,MARKET,PORT PHILLIP,-37.828716,144.96233,2021,11,November,8,Morning Peak,Weekday
T20210023812,2021-11-24,06:35:00,1,Collision with vehicle,3,Wednesday,121,RIGHT THROUGH,1,356164,T intersection,1,80,Arterial Other,MAHONEYS,DAREBIN,-37.691296,144.97504,2021,11,November,6,Morning Peak,Weekday
T20210024534,2021-11-24,13:17:00,1,Collision with vehicle,3,Wednesday,132,RIGHT REAR.,1,700790,Not at intersection,3,60,Arterial Other,KILMORE-LANCEFIELD,MITCHELL,-37.295406,144.94572,2021,11,November,13,Midday,Weekday
T20210023879,2021-11-24,17:00:00,1,Collision with vehicle,3,Wednesday,130,REAR END(VEHICLES IN SAME LANE),1,697802,Not at intersection,3,80,Arterial Other,MELTON,MELTON,-37.691628,144.74063,2021,11,November,17,Afternoon Peak,Weekday
T20210023809,2021-11-24,07:40:00,1,Collision with vehicle,3,Wednesday,110,CROSS TRAFFIC(INTERSECTIONS ONLY),1,51610,Cross intersection,3,60,Arterial Highway,MCIVOR,BENDIGO,-36.758556,144.29816,2021,11,November,7,Morning Peak,Weekday
T20210023883,2021-11-24,15:59:00,1,Collision with vehicle,3,Wednesday,110,CROSS TRAFFIC(INTERSECTIONS ONLY),1,36962,Cross intersection,2,50,Local Road,DODDS,MELBOURNE,-37.828564,144.96718,2021,11,November,15,Afternoon Peak,Weekday
T20210024347,2021-11-24,14:00:00,1,Collision with vehicle,3,Wednesday,137,LEFT TURN SIDESWIPE,1,699362,Not at intersection,3,60,Arterial Other,VICTORIA,YARRA,-37.80913,144.98659,2021,11,November,14,Midday,Weekday
T20210024754,2021-11-24,11:30:00,1,Collision with vehicle,3,Wednesday,154,PULLING OUT -REAR END,1,705058,Not at intersection,3,80,Freeway,WEST GATE,MARIBYRNONG,-37.824207,144.87004,2021,11,November,11,Midday,Weekday
T20210023869,2021-11-24,16:04:00,1,Collision with vehicle,3,Wednesday,121,RIGHT THROUGH,1,42116,T intersection,2,60,Arterial Other,BAY,BAYSIDE,-37.953934,145.02188,2021,11,November,16,Afternoon Peak,Weekday
T20210023894,2021-11-24,20:11:00,1,Collision with vehicle,3,Wednesday,120,HEAD ON (NOT OVERTAKING),1,704624,Not at intersection,2,40,Local Road,GREAVES,WYNDHAM,-37.892372,144.64215,2021,11,November,20,Night,Weekday
T20210023814,2021-11-24,07:25:00,1,Collision with vehicle,3,Wednesday,121,RIGHT THROUGH,1,353633,T intersection,3,80,Arterial Other,CRANBOURNE-FRANKSTON,CASEY,-38.109997,145.25334,2021,11,November,7,Morning Peak,Weekday
T20210023816,2021-11-24,08:15:00,1,Collision with vehicle,3,Wednesday,121,RIGHT THROUGH,1,62650,T intersection,3,50,Local Road,GILBERT,DAREBIN,-37.72734,144.9919,2021,11,November,8,Morning Peak,Weekday
T20210023862,2021-11-24,15:16:00,1,Collision with vehicle,3,Wednesday,130,REAR END(VEHICLES IN SAME LANE),1,697941,Not at intersection,3,100,Freeway,EASTERN,WHITEHORSE,-37.8005,145.15312,2021,11,November,15,Afternoon Peak,Weekday
T20210023870,2021-11-24,13:40:00,2,Struck Pedestrian,3,Wednesday,102,FAR SIDE. PED HIT BY VEHICLE FROM THE LEFT,1,305408,Not at intersection,3,50,Local Road,MAIN,MAROONDAH,-37.79584,145.28133,2021,11,November,13,Midday,Weekday
T20210023878,2021-11-24,17:25:00,1,Collision with vehicle,3,Wednesday,147,VEHICLE STRIKES ANOTHER VEH WHILE EMERGING FROM DRIVEWAY,1,698009,Not at intersection,3,60,Arterial Other,HALLAM,CASEY,-38.035378,145.26741,2021,11,November,17,Afternoon Peak,Weekday
T20210023864,2021-11-24,11:41:00,1,Collision with vehicle,3,Wednesday,111,RIGHT FAR (INTERSECTIONS ONLY),1,42857,Multiple intersection,3,80,Arterial Other,BOUNDARY,KINGSTON,-37.983723,145.10974,2021,11,November,11,Midday,Weekday
T20210023967,2021-11-25,17:35:00,2,Struck Pedestrian,4,Thursday,100,PED NEAR SIDE. PED HIT BY VEHICLE FROM THE RIGHT.,1,757795,Not at intersection,2,40,Local Road,COLLINS,MELBOURNE,-37.820107,144.95055,2021,11,November,17,Afternoon Peak,Weekday
T20210023965,2021-11-25,18:06:00,2,Struck Pedestrian,4,Thursday,102,FAR SIDE. PED HIT BY VEHICLE FROM THE LEFT,2,700113,Not at intersection,3,50,Local Road,MACAULAY,MELBOURNE,-37.795193,144.93675,2021,11,November,18,Afternoon Peak,Weekday
T20210023954,2021-11-25,15:22:00,2,Struck Pedestrian,4,Thursday,102,FAR SIDE. PED HIT BY VEHICLE FROM THE LEFT,1,630616,T intersection,3,50,Local Road,LYONS,MORNINGTON PENINSULA,-38.371197,144.82462,2021,11,November,15,Afternoon Peak,Weekday
T20210023953,2021-11-25,16:07:00,1,Collision with vehicle,4,Thursday,120,HEAD ON (NOT OVERTAKING),1,38708,T intersection,2,50,Arterial Other,GORDON,MARIBYRNONG,-37.78742,144.89021,2021,11,November,16,Afternoon Peak,Weekday
T20210023950,2021-11-25,12:06:00,2,Struck Pedestrian,4,Thursday,102,FAR SIDE. PED HIT BY VEHICLE FROM THE LEFT,1,239284,Cross intersection,2,70,Local Road,MELTON,BRIMBANK,-37.69661,144.77834,2021,11,November,12,Midday,Weekday
T20210023949,2021-11-25,14:50:00,1,Collision with vehicle,4,Thursday,130,REAR END(VEHICLES IN SAME LANE),1,50591,Cross intersection,2,60,Arterial Highway,PRINCES,COLAC OTWAY,-38.335106,143.6099,2021,11,November,14,Midday,Weekday
T20210023947,2021-11-25,13:37:00,1,Collision with vehicle,4,Thursday,110,CROSS TRAFFIC(INTERSECTIONS ONLY),1,329459,Cross intersection,2,60,Arterial Other,MT DERRIMUT,BRIMBANK,-37.782993,144.77307,2021,11,November,13,Midday,Weekday
T20210023937,2021-11-25,13:15:00,6,Vehicle overturned (no collision),4,Thursday,182,OFF CARRIAGEWAY ON LEFT BEND,1,697947,Not at intersection,2,80,Local Road,DE MOTTS,GEELONG,-37.913082,144.23648,2021,11,November,13,Midday,Weekday
T20210023928,2021-11-25,12:20:00,1,Collision with vehicle,4,Thursday,130,REAR END(VEHICLES IN SAME LANE),1,338527,Not at intersection,3,40,Arterial Other,VICTORIA,YARRA,-37.81006,144.99573,2021,11,November,12,Midday,Weekday
T20210023926,2021-11-25,12:44:00,1,Collision with vehicle,4,Thursday,149,OTHER MANOEUVRING NOT INCLUDED IN DCAs 140-148,1,701959,Not at intersection,2,50,Local Road,WATER,BENDIGO,-36.75246,144.28331,2021,11,November,12,Midday,Weekday
T20210023925,2021-11-25,09:45:00,2,Struck Pedestrian,4,Thursday,107,PED ON FOOTHPATH STRUCK BY VEHENTERING/LEAVING DRIVEWAY.,1,699707,Not at intersection,3,60,Arterial Other,MELTON-WERRIBEE,WYNDHAM,-37.873383,144.68346,2021,11,November,9,Morning Peak,Weekday
T20210023924,2021-11-25,09:48:00,1,Collision with vehicle,4,Thursday,130,REAR END(VEHICLES IN SAME LANE),1,700676,Not at intersection,2,100,Freeway,WEST GATE,MARIBYRNONG,-37.82445,144.87392,2021,11,November,9,Morning Peak,Weekday
T20210023922,2021-11-25,09:00:00,8,No collision and no object struck,4,Thursday,174,OUT OF CONTROL ON CARRIAGEWAY (ON STRAIGHT),1,38022,Cross intersection,3,60,Arterial Other,DAREBIN,DAREBIN,-37.76463,145.01227,2021,11,November,9,Morning Peak,Weekday
T20210023920,2021-11-25,07:10:00,8,No collision and no object struck,4,Thursday,170,OFF CARRIAGEWAY TO LEFT,1,781364,Not at intersection,3,60,Arterial Other,HODDLE,YARRA,-37.79255,144.99438,2021,11,November,7,Morning Peak,Weekday
T20210023914,2021-11-25,08:30:00,1,Collision with vehicle,4,Thursday,130,REAR END(VEHICLES IN SAME LANE),1,697945,Not at intersection,3,100,Freeway,MONASH,CASEY,-37.972942,145.23724,2021,11,November,8,Morning Peak,Weekday
T20210023911,2021-11-25,08:56:00,1,Collision with vehicle,4,Thursday,130,REAR END(VEHICLES IN SAME LANE),1,778487,Not at intersection,3,80,Arterial Highway,DINGLEY,KINGSTON,-37.959488,145.11346,2021,11,November,8,Morning Peak,Weekday
T20210024266,2021-11-25,22:45:00,4,Collision with a fixed object,4,Thursday,173,RIGHT OFF CARRIAGEWAY INTO OBJECT/PARKED VEHICLE,3,698179,Not at intersection,3,60,Arterial Other,BARWON HEADS,GEELONG,-38.198277,144.36273,2021,11,November,22,Night,Weekday
T20210024263,2021-11-25,15:30:00,1,Collision with vehicle,4,Thursday,121,RIGHT THROUGH,9,37243,T intersection,3,60,Arterial Other,SWAN,YARRA,-37.825943,145.00026,2021,11,November,15,Afternoon Peak,Weekday
T20210023976,2021-11-25,23:50:00,1,Collision with vehicle,4,Thursday,121,RIGHT THROUGH,3,697889,Not at intersection,3,80,Arterial Other,PASCOE VALE,HUME,-37.66107,144.92421,2021,11,November,23,Night,Weekday
T20210023903,2021-11-25,02:20:00,4,Collision with a fixed object,4,Thursday,171,LEFT OFF CARRIAGEWAY INTO OBJECT/PARKED VEHICLE,3,700535,Not at intersection,2,60,Arterial Highway,HODDLE,YARRA,-37.796703,144.99348,2021,11,November,2,Late Night,Weekday
T20210024973,2021-11-25,18:45:00,1,Collision with vehicle,4,Thursday,137,LEFT TURN SIDESWIPE,2,320847,Cross intersection,3,60,Arterial Other,FERNTREE GULLY,MONASH,-37.90674,145.18909,2021,11,November,18,Afternoon Peak,Weekday
T20210024076,2021-11-25,14:07:00,1,Collision with vehicle,4,Thursday,152,PULLING OUT (OVERTAKING),1,701342,Not at intersection,2,80,Local Road,ROBINSONS,FRANKSTON,-38.180347,145.18864,2021,11,November,14,Midday,Weekday
T20230009314,2021-11-25,16:58:00,1,Collision with vehicle,4,Thursday,130,REAR END(VEHICLES IN SAME LANE),1,775710,Not at intersection,3,60,Arterial Other,FELLMONGERS,GEELONG,-38.179714,144.37718,2021,11,November,16,Afternoon Peak,Weekday
T20210024609,2021-11-25,23:30:00,4,Collision with a fixed object,4,Thursday,173,RIGHT OFF CARRIAGEWAY INTO OBJECT/PARKED VEHICLE,3,698531,Not at intersection,3,40,Local Road,LYGON,MORELAND,-37.778175,144.97072,2021,11,November,23,Night,Weekday
T20210024375,2021-11-25,13:55:00,1,Collision with vehicle,4,Thursday,160,VEHICLE COLLIDES WITH VEHICLE PARKED ON LEFT OF ROAD,1,700659,Not at intersection,3,50,Local Road,DOWNING,MONASH,-37.901024,145.09378,2021,11,November,13,Midday,Weekday
T20210024108,2021-11-25,15:30:00,1,Collision with vehicle,4,Thursday,130,REAR END(VEHICLES IN SAME LANE),1,278624,Cross intersection,3,50,Local Road,EDGARS,WHITTLESEA,-37.620754,145.00523,2021,11,November,15,Afternoon Peak,Weekday
T20210023908,2021-11-25,06:44:00,4,Collision with a fixed object,4,Thursday,171,LEFT OFF CARRIAGEWAY INTO OBJECT/PARKED VEHICLE,2,698171,Not at intersection,2,100,Arterial Other,BACCHUS MARSH,MACEDON RANGES,-37.479324,144.52658,2021,11,November,6,Morning Peak,Weekday
T20210023904,2021-11-25,05:00:00,4,Collision with a fixed object,4,Thursday,181,OFF RIGHT BEND INTO OBJECT/PARKED VEHICLE,5,757805,Not at intersection,2,100,Arterial Other,KIEWA EAST,INDIGO,-36.253765,147.06956,2021,11,November,5,Morning Peak,Weekday
T20210023902,2021-11-25,02:08:00,1,Collision with vehicle,4,Thursday,169,OTHER ON PATH,3,702173,Not at intersection,2,60,Local Road,CHIFLEY,DAREBIN,-37.750793,145.02931,2021,11,November,2,Late Night,Weekday
T20210025551,2021-11-25,06:30:00,8,No collision and no object struck,4,Thursday,174,OUT OF CONTROL ON CARRIAGEWAY (ON STRAIGHT),9,64562,Cross intersection,3,50,Local Road,KENDALL,MELBOURNE,-37.784534,144.95695,2021,11,November,6,Morning Peak,Weekday
T20210023971,2021-11-25,14:30:00,1,Collision with vehicle,4,Thursday,120,HEAD ON (NOT OVERTAKING),1,697842,Not at intersection,1,100,Arterial Highway,SOUTH GIPPSLAND,SOUTH GIPPSLAND,-38.658863,146.45451,2021,11,November,14,Midday,Weekday
T20210023969,2021-11-25,20:50:00,1,Collision with vehicle,4,Thursday,130,REAR END(VEHICLES IN SAME LANE),3,698010,Not at intersection,3,80,Arterial Highway,PRINCES,CASEY,-38.024208,145.30385,2021,11,November,20,Night,Weekday
T20210024052,2021-11-26,20:34:00,1,Collision with vehicle,5,Friday,116,LEFT NEAR (INTERSECTIONS ONLY),3,29364,T intersection,2,60,Arterial Highway,RACECOURSE,MOONEE VALLEY,-37.788567,144.93436,2021,11,November,20,Night,Weekday
T20210024006,2021-11-26,08:50:00,1,Collision with vehicle,5,Friday,110,CROSS TRAFFIC(INTERSECTIONS ONLY),1,50701,Cross intersection,3,50,Local Road,BANYAN,WARRNAMBOOL,-38.382862,142.4873,2021,11,November,8,Morning Peak,Weekday
T20210024026,2021-11-26,16:00:00,1,Collision with vehicle,5,Friday,121,RIGHT THROUGH,1,701758,Not at intersection,2,80,Arterial Highway,SOUTH GIPPSLAND,CASEY,-38.084835,145.27776,2021,11,November,16,Afternoon Peak,Weekday
T20210024051,2021-11-26,20:55:00,1,Collision with vehicle,5,Friday,140,U TURN,3,264474,Y intersection,2,60,Local Road,BULBAN,WYNDHAM,-37.91265,144.6258,2021,11,November,20,Night,Weekday
T20210026035,2021-11-26,14:10:00,1,Collision with vehicle,5,Friday,114,TWO RIGHT TURNING (INTERSECTIONS ONLY),1,36285,T intersection,3,50,Arterial Other,HIGH,WHITTLESEA,-37.682747,145.01341,2021,11,November,14,Midday,Weekday
T20210024027,2021-11-26,15:36:00,1,Collision with vehicle,5,Friday,135,LANE CHANGE LEFT (NOT OVERTAKING),1,701878,T intersection,3,60,Arterial Other,CANTERBURY,BOROONDARA,-37.823532,145.07692,2021,11,November,15,Afternoon Peak,Weekday
T20210024014,2021-11-26,12:35:00,1,Collision with vehicle,5,Friday,137,LEFT TURN SIDESWIPE,1,244068,Cross intersection,3,60,Arterial Other,WALKER,MELBOURNE,-37.784706,144.95918,2021,11,November,12,Midday,Weekday
T20210024030,2021-11-26,14:45:00,4,Collision with a fixed object,5,Friday,171,LEFT OFF CARRIAGEWAY INTO OBJECT/PARKED VEHICLE,1,783925,Not at intersection,3,80,Local Road,MCGILVRAY,CENTRAL GOLDFIELDS,-37.019142,143.61292,2021,11,November,14,Midday,Weekday
T20210024084,2021-11-26,22:03:00,1,Collision with vehicle,5,Friday,110,CROSS TRAFFIC(INTERSECTIONS ONLY),5,49375,Cross intersection,2,80,Arterial Highway,GOULBURN VALLEY,SHEPPARTON,-36.456993,145.3888,2021,11,November,22,Night,Weekday
T20210024032,2021-11-26,16:00:00,1,Collision with vehicle,5,Friday,130,REAR END(VEHICLES IN SAME LANE),1,698259,Not at intersection,2,80,Freeway,WEST GATE,HOBSONS BAY,-37.825706,144.8357,2021,11,November,16,Afternoon Peak,Weekday
T20210023983,2021-11-26,07:00:00,1,Collision with vehicle,5,Friday,121,RIGHT THROUGH,5,714103,T intersection,2,60,Arterial Other,MT ALEXANDER,MOONEE VALLEY,-37.744835,144.91031,2021,11,November,7,Morning Peak,Weekday
T20210024033,2021-11-26,17:16:00,1,Collision with vehicle,5,Friday,130,REAR END(VEHICLES IN SAME LANE),1,698679,Not at intersection,3,60,Arterial Other,BALWYN,BOROONDARA,-37.8061,145.08264,2021,11,November,17,Afternoon Peak,Weekday