ACCIDENT_NO,ACCIDENT_DATE,ACCIDENT_TIME,ACCIDENT_TYPE,ACCIDENT_TYPE_DESC,DAY_OF_WEEK,DAY_WEEK_DESC,DCA_CODE,DCA_DESC,LIGHT_CONDITION,NODE_ID,ROAD_GEOMETRY_DESC,SEVERITY,SPEED_ZONE,RMA,ROAD_NAME,LGA_NAME,LATITUDE,LONGITUDE,YEAR,MONTH,MONTH_NAME,HOUR,TIME_PERIOD,DAY_TYPE
T20210024036,2021-11-26,16:55:00,1,Collision with vehicle,5,Friday,137,LEFT TURN SIDESWIPE,1,785160,Cross intersection,3,60,Arterial Highway,MAROONDAH,YARRA RANGES,-37.653008,145.51944,2021,11,November,16,Afternoon Peak,Weekday
T20210023979,2021-11-26,02:50:00,4,Collision with a fixed object,5,Friday,173,RIGHT OFF CARRIAGEWAY INTO OBJECT/PARKED VEHICLE,5,707433,Not at intersection,2,100,Local Road,BREWER,SHEPPARTON,-36.399952,145.04158,2021,11,November,2,Late Night,Weekday
T20210024019,2021-11-26,13:15:00,1,Collision with vehicle,5,Friday,132,RIGHT REAR.,1,757780,T intersection,2,80,Arterial Other,VENTNOR,BASS COAST,-38.463634,145.2297,2021,11,November,13,Midday,Weekday
T20210024565,2021-11-26,16:15:00,1,Collision with vehicle,5,Friday,130,REAR END(VEHICLES IN SAME LANE),1,699041,Not at intersection,3,60,Arterial Other,BALLARTO,FRANKSTON,-38.116974,145.19241,2021,11,November,16,Afternoon Peak,Weekday
T20210025717,2021-11-26,14:30:00,1,Collision with vehicle,5,Friday,131,LEFT REAR,1,355219,Cross intersection,3,80,Arterial Highway,SPRINGVALE,WHITEHORSE,-37.834846,145.17264,2021,11,November,14,Midday,Weekday
T20210024011,2021-11-26,07:30:00,3,Struck animal,5,Friday,167,STRUCK ANIMAL,1,712350,Not at intersection,2,100,Arterial Other,INVERLEIGH-SHELFORD,GOLDEN PLAINS,-38.070923,143.99826,2021,11,November,7,Morning Peak,Weekday
T20210024115,2021-11-26,17:29:00,1,Collision with vehicle,5,Friday,130,REAR END(VEHICLES IN SAME LANE),1,703172,Cross intersection,3,40,Local Road,LENNOX,YARRA,-37.82206,144.99391,2021,11,November,17,Afternoon Peak,Weekday
T20210024037,2021-11-26,16:15:00,2,Struck Pedestrian,5,Friday,100,PED NEAR SIDE. PED HIT BY VEHICLE FROM THE RIGHT.,1,698011,Not at intersection,3,60,Arterial Other,KING,MANNINGHAM,-37.77039,145.13182,2021,11,November,16,Afternoon Peak,Weekday
T20210024042,2021-11-26,16:40:00,1,Collision with vehicle,5,Friday,140,U TURN,1,645078,T intersection,3,80,Arterial Highway,QUINN,DANDENONG,-37.99877,145.22194,2021,11,November,16,Afternoon Peak,Weekday
T20210024012,2021-11-26,10:32:00,1,Collision with vehicle,5,Friday,140,U TURN,1,700486,Not at intersection,2,50,Local Road,PARKHILL,BOROONDARA,-37.80392,145.03966,2021,11,November,10,Midday,Weekday
T20210024048,2021-11-26,16:20:00,2,Struck Pedestrian,5,Friday,101,PED EMERGES FROM IN FRONT OF PARKED OR STATIONARY VEHICLE,1,698369,Not at intersection,2,60,Arterial Other,PASCOE VALE,MOONEE VALLEY,-37.752274,144.92548,2021,11,November,16,Afternoon Peak,Weekday
T20210024195,2021-11-26,13:35:00,1,Collision with vehicle,5,Friday,110,CROSS TRAFFIC(INTERSECTIONS ONLY),1,64228,Cross intersection,3,50,Local Road,PHOENIX,BRIMBANK,-37.77588,144.83492,2021,11,November,13,Midday,Weekday
T20210024043,2021-11-26,19:00:00,4,Collision with a fixed object,5,Friday,183,OFF LEFT BEND INTO OBJECT/PARKED VEHICLE,1,698129,Not at intersection,3,70,Arterial Other,MOUNTAIN,YARRA RANGES,-37.86213,145.34094,2021,11,November,19,Night,Weekday
T20210024067,2021-11-26,21:20:00,2,Struck Pedestrian,5,Friday,100,PED NEAR SIDE. PED HIT BY VEHICLE FROM THE RIGHT.,5,704717,Not at intersection,2,60,Local Road,TOWNSEND,GEELONG,-38.182007,144.39665,2021,11,November,21,Night,Weekday
T20210024409,2021-11-26,08:45:00,1,Collision with vehicle,5,Friday,130,REAR END(VEHICLES IN SAME LANE),1,699434,Not at intersection,3,80,Arterial Highway,WELLINGTON,MONASH,-37.919636,145.16626,2021,11,November,8,Morning Peak,Weekday
T20210024066,2021-11-26,19:00:00,1,Collision with vehicle,5,Friday,120,HEAD ON (NOT OVERTAKING),1,697925,Not at intersection,1,100,Arterial Other,KATAMATITE-SHEPPARTON,MOIRA,-36.130665,145.61847,2021,11,November,19,Night,Weekday
T20210024018,2021-11-26,14:00:00,4,Collision with a fixed object,5,Friday,173,RIGHT OFF CARRIAGEWAY INTO OBJECT/PARKED VEHICLE,1,700065,T intersection,2,50,Local Road,COLORADO,GEELONG,-38.078346,144.35098,2021,11,November,14,Midday,Weekday
T20210024333,2021-11-26,18:30:00,1,Collision with vehicle,5,Friday,130,REAR END(VEHICLES IN SAME LANE),9,698373,Not at intersection,3,80,Arterial Other,YAN YEAN,NILLUMBIK,-37.606937,145.13788,2021,11,November,18,Afternoon Peak,Weekday
T20210024000,2021-11-26,09:30:00,1,Collision with vehicle,5,Friday,110,CROSS TRAFFIC(INTERSECTIONS ONLY),1,40358,Cross intersection,2,50,Local Road,EL RENO,MOONEE VALLEY,-37.726593,144.88448,2021,11,November,9,Morning Peak,Weekday
T20220014261,2021-11-26,11:55:00,1,Collision with vehicle,5,Friday,113,RIGHT NEAR (INTERSECTIONS ONLY),1,51695,T intersection,3,60,Arterial Other,MACKENZIE STREET W-OAK,BENDIGO,-36.7775,144.24799,2021,11,November,11,Midday,Weekday
T20210023993,2021-11-26,08:45:00,4,Collision with a fixed object,5,Friday,175,OFF END OF ROAD/T-INTERSECTION.,1,697969,T intersection,3,50,Local Road,MALAHANG,BANYULE,-37.743786,145.04437,2021,11,November,8,Morning Peak,Weekday
T20210023992,2021-11-26,08:55:00,1,Collision with vehicle,5,Friday,121,RIGHT THROUGH,1,35517,Cross intersection,3,60,Arterial Other,RIVERSDALE,BOROONDARA,-37.83421,145.08136,2021,11,November,8,Morning Peak,Weekday
T20210023990,2021-11-26,07:00:00,1,Collision with vehicle,5,Friday,130,REAR END(VEHICLES IN SAME LANE),1,704625,Not at intersection,3,100,Freeway,HUME,HUME,-37.552406,144.94331,2021,11,November,7,Morning Peak,Weekday
T20210024060,2021-11-26,19:00:00,1,Collision with vehicle,5,Friday,130,REAR END(VEHICLES IN SAME LANE),1,699654,Not at intersection,2,80,Arterial Other,CRANBOURNE,FRANKSTON,-38.1542,145.16261,2021,11,November,19,Night,Weekday
T20210024059,2021-11-26,19:25:00,1,Collision with vehicle,5,Friday,110,CROSS TRAFFIC(INTERSECTIONS ONLY),1,29960,Cross intersection,2,100,Arterial Other,VENTNOR,BASS COAST,-38.47228,145.18745,2021,11,November,19,Night,Weekday
T20210024054,2021-11-26,18:20:00,1,Collision with vehicle,5,Friday,130,REAR END(VEHICLES IN SAME LANE),1,698086,Not at intersection,3,80,Freeway,WEST GATE,MELBOURNE,-37.827606,144.96161,2021,11,November,18,Afternoon Peak,Weekday
T20210023986,2021-11-26,07:15:00,1,Collision with vehicle,5,Friday,113,RIGHT NEAR (INTERSECTIONS ONLY),1,698415,T intersection,3,100,Arterial Other,MELBOURNE LANCEFIELD,MACEDON RANGES,-37.37211,144.74562,2021,11,November,7,Morning Peak,Weekday
T20210025508,2021-11-27,15:00:00,1,Collision with vehicle,6,Saturday,113,RIGHT NEAR (INTERSECTIONS ONLY),1,67233,T intersection,3,50,Local Road,DENMAN,BOROONDARA,-37.850777,145.07678,2021,11,November,15,Afternoon Peak,Weekend
T20220009883,2021-11-27,22:00:00,6,Vehicle overturned (no collision),6,Saturday,174,OUT OF CONTROL ON CARRIAGEWAY (ON STRAIGHT),6,785161,Not at intersection,3,50,Local Road,HURST,MACEDON RANGES,-37.507378,144.60335,2021,11,November,22,Night,Weekend
T20210024141,2021-11-27,20:17:00,4,Collision with a fixed object,6,Saturday,171,LEFT OFF CARRIAGEWAY INTO OBJECT/PARKED VEHICLE,1,698219,Not at intersection,1,100,Freeway,WESTERN,MELTON,-37.761787,144.7394,2021,11,November,20,Night,Weekend
T20210024979,2021-11-27,08:50:00,1,Collision with vehicle,6,Saturday,137,LEFT TURN SIDESWIPE,1,704493,Multiple intersection,3,50,Local Road,PARK,MORELAND,-37.77805,144.9603,2021,11,November,8,Morning Peak,Weekend
T20210024083,2021-11-27,08:36:00,1,Collision with vehicle,6,Saturday,135,LANE CHANGE LEFT (NOT OVERTAKING),1,714690,Not at intersection,3,40,Arterial Other,SYDNEY,MORELAND,-37.776966,144.96046,2021,11,November,8,Morning Peak,Weekend
T20210024082,2021-11-27,06:00:00,4,Collision with a fixed object,6,Saturday,173,RIGHT OFF CARRIAGEWAY INTO OBJECT/PARKED VEHICLE,1,706575,Not at intersection,2,80,Arterial Other,BALLARAT,BRIMBANK,-37.770252,144.77391,2021,11,November,6,Morning Peak,Weekend
T20210024142,2021-11-27,20:41:00,4,Collision with a fixed object,6,Saturday,181,OFF RIGHT BEND INTO OBJECT/PARKED VEHICLE,5,704952,Not at intersection,3,100,Local Road,COCKLIN,MILDURA,-34.317905,142.19629,2021,11,November,20,Night,Weekend
T20210024171,2021-11-27,14:47:00,4,Collision with a fixed object,6,Saturday,173,RIGHT OFF CARRIAGEWAY INTO OBJECT/PARKED VEHICLE,1,698130,Not at intersection,2,70,Arterial Highway,MELBOURNE,GEELONG,-38.119858,144.3536,2021,11,November,14,Midday,Weekend
T20210024094,2021-11-27,09:57:00,1,Collision with vehicle,6,Saturday,130,REAR END(VEHICLES IN SAME LANE),1,251977,T intersection,2,60,Arterial Other,HIGH,BOROONDARA,-37.79798,145.05371,2021,11,November,9,Morning Peak,Weekend
T20210024079,2021-11-27,07:55:00,1,Collision with vehicle,6,Saturday,121,RIGHT THROUGH,1,36872,Cross intersection,3,60,Arterial Other,CITY,MELBOURNE,-37.826782,144.9591,2021,11,November,7,Morning Peak,Weekend
T20210024133,2021-11-27,20:10:00,1,Collision with vehicle,6,Saturday,116,LEFT NEAR (INTERSECTIONS ONLY),2,29481,T intersection,3,40,Arterial Other,ALBION,MORELAND,-37.76258,144.97806,2021,11,November,20,Night,Weekend
T20210024125,2021-11-27,19:11:00,8,No collision and no object struck,6,Saturday,174,OUT OF CONTROL ON CARRIAGEWAY (ON STRAIGHT),1,718374,Not at intersection,3,60,Arterial Other,MORELAND,MORELAND,-37.75287,144.9423,2021,11,November,19,Night,Weekend
T20210024123,2021-11-27,15:00:00,4,Collision with a fixed object,6,Saturday,173,RIGHT OFF CARRIAGEWAY INTO OBJECT/PARKED VEHICLE,1,727115,Not at intersection,3,100,Local Road,MOYSTON-WILLAURA,ARARAT,-37.35494,142.77315,2021,11,November,15,Afternoon Peak,Weekend
T20210024122,2021-11-27,15:48:00,1,Collision with vehicle,6,Saturday,113,RIGHT NEAR (INTERSECTIONS ONLY),1,53185,T intersection,2,100,Arterial Other,WOOLSTHORPE-HEYWOOD,MOYNE,-38.139088,142.05313,2021,11,November,15,Afternoon Peak,Weekend
T20220003590,2021-11-27,18:00:00,4,Collision with a fixed object,6,Saturday,171,LEFT OFF CARRIAGEWAY INTO OBJECT/PARKED VEHICLE,9,781368,Cross intersection,3,50,Local Road,TWILIGHT,HUME,-37.57305,144.89195,2021,11,November,18,Afternoon Peak,Weekend
T20220000739,2021-11-27,23:03:00,1,Collision with vehicle,6,Saturday,113,RIGHT NEAR (INTERSECTIONS ONLY),3,39301,T intersection,3,60,Arterial Other,DONCASTER,MANNINGHAM,-37.78756,145.12375,2021,11,November,23,Night,Weekend
T20210024121,2021-11-27,16:08:00,4,Collision with a fixed object,6,Saturday,171,LEFT OFF CARRIAGEWAY INTO OBJECT/PARKED VEHICLE,1,698414,Not at intersection,3,60,Local Road,MASSEY,DAREBIN,-37.699192,144.99007,2021,11,November,16,Afternoon Peak,Weekend
T20210024119,2021-11-27,14:00:00,4,Collision with a fixed object,6,Saturday,183,OFF LEFT BEND INTO OBJECT/PARKED VEHICLE,1,698300,Not at intersection,2,60,Local Road,BOGONG HIGH PLAINS,EAST GIPPSLAND,-36.93582,147.3114,2021,11,November,14,Midday,Weekend
T20210024144,2021-11-27,23:45:00,2,Struck Pedestrian,6,Saturday,100,PED NEAR SIDE. PED HIT BY VEHICLE FROM THE RIGHT.,5,698521,T intersection,3,50,Local Road,SHELLCOT,SOUTH GIPPSLAND,-38.438496,145.82217,2021,11,November,23,Night,Weekend
T20210024113,2021-11-27,12:39:00,1,Collision with vehicle,6,Saturday,179,OTHER ACCIDENTS-OFF STRAIGHT NOT INCLUDED IN DCAs 170-175,1,40917,T intersection,3,80,Arterial Other,MOUNTAIN,KNOX,-37.8449,145.24191,2021,11,November,12,Midday,Weekend
T20210024349,2021-11-27,14:35:00,1,Collision with vehicle,6,Saturday,137,LEFT TURN SIDESWIPE,1,37685,Cross intersection,3,40,Local Road,CHAPEL,STONNINGTON,-37.840443,144.99542,2021,11,November,14,Midday,Weekend
T20210024137,2021-11-27,16:50:00,1,Collision with vehicle,6,Saturday,147,VEHICLE STRIKES ANOTHER VEH WHILE EMERGING FROM DRIVEWAY,1,711821,Not at intersection,1,100,Arterial Highway,NORTHERN,CAMPASPE,-36.753956,144.69296,2021,11,November,16,Afternoon Peak,Weekend
T20210024100,2021-11-27,10:45:00,1,Collision with vehicle,6,Saturday,181,OFF RIGHT BEND INTO OBJECT/PARKED VEHICLE,1,781371,Not at intersection,3,50,Local Road,CURLEW,GEELONG,-38.085926,144.35393,2021,11,November,10,Midday,Weekend
T20210024096,2021-11-27,10:30:00,1,Collision with vehicle,6,Saturday,173,RIGHT OFF CARRIAGEWAY INTO OBJECT/PARKED VEHICLE,1,698814,Not at intersection,2,50,Local Road,SAFFRON,CASEY,-38.004898,145.28671,2021,11,November,10,Midday,Weekend
T20210024109,2021-11-27,10:20:00,1,Collision with vehicle,6,Saturday,110,CROSS TRAFFIC(INTERSECTIONS ONLY),1,699435,Cross intersection,3,100,Arterial Highway,WOOLAMAI,BASS COAST,-38.5002,145.46191,2021,11,November,10,Midday,Weekend
T20210024090,2021-11-27,11:33:00,4,Collision with a fixed object,6,Saturday,181,OFF RIGHT BEND INTO OBJECT/PARKED VEHICLE,1,699436,Not at intersection,3,100,Local Road,OLD SYDNEY,MITCHELL,-37.406822,144.94981,2021,11,November,11,Midday,Weekend
T20210024089,2021-11-27,08:00:00,1,Collision with vehicle,6,Saturday,110,CROSS TRAFFIC(INTERSECTIONS ONLY),1,39758,Cross intersection,3,60,Arterial Other,CROYDON ROAD -WICKLOW,MAROONDAH,-37.79445,145.2812,2021,11,November,8,Morning Peak,Weekend
T20210024134,2021-11-27,20:50:00,2,Struck Pedestrian,6,Saturday,102,FAR SIDE. PED HIT BY VEHICLE FROM THE LEFT,2,31967,T intersection,3,60,Arterial Highway,TOORAK,BOROONDARA,-37.849556,145.0881,2021,11,November,20,Night,Weekend
T20210024138,2021-11-27,19:47:00,4,Collision with a fixed object,6,Saturday,173,RIGHT OFF CARRIAGEWAY INTO OBJECT/PARKED VEHICLE,1,707942,Not at intersection,3,60,Arterial Other,CENTRE,KINGSTON,-37.93103,145.13892,2021,11,November,19,Night,Weekend
T20210024711,2021-11-27,15:00:00,8,No collision and no object struck,6,Saturday,180,OFF CARRIAGEWAY ON RIGHT BEND,1,698600,Not at intersection,3,100,Local Road,CREIGHTONS CREEK,STRATHBOGIE,-36.896515,145.52971,2021,11,November,15,Afternoon Peak,Weekend
T20210024135,2021-11-27,21:45:00,1,Collision with vehicle,6,Saturday,121,RIGHT THROUGH,3,332044,Cross intersection,3,60,Local Road,COLTMAN,BALLARAT,-37.54413,143.7866,2021,11,November,21,Night,Weekend
T20210024610,2021-11-27,14:40:00,1,Collision with vehicle,6,Saturday,121,RIGHT THROUGH,1,45433,Cross intersection,3,60,Arterial Other,MT ALEXANDER,MOONEE VALLEY,-37.772705,144.92691,2021,11,November,14,Midday,Weekend
T20210024104,2021-11-27,11:30:00,5,collision with some other object,6,Saturday,166,STRUCK OBJECT ON CARRIAGEWAY,1,707054,Not at intersection,2,60,Arterial Other,BUCKLAND GAP,INDIGO,-36.413326,146.69742,2021,11,November,11,Midday,Weekend
T20210024461,2021-11-27,18:45:00,1,Collision with vehicle,6,Saturday,163,VEHICLE STRIKES DOOR OF PARKED/STATIONARY VEHICLE,2,37634,T intersection,3,50,Arterial Other,TOORAK,STONNINGTON,-37.838596,144.9886,2021,11,November,18,Afternoon Peak,Weekend
T20210025217,2021-11-27,18:00:00,6,Vehicle overturned (no collision),6,Saturday,182,OFF CARRIAGEWAY ON LEFT BEND,1,701917,Not at intersection,3,100,Arterial Other,GEMBROOK-LAUNCHING PLACE,YARRA RANGES,-37.852554,145.59451,2021,11,November,18,Afternoon Peak,Weekend
T20210024211,2021-11-28,18:50:00,4,Collision with a fixed object,7,Sunday,183,OFF LEFT BEND INTO OBJECT/PARKED VEHICLE,1,706347,Not at intersection,3,100,Arterial Other,HYLAND,WELLINGTON,-38.39034,146.75261,2021,11,November,18,Afternoon Peak,Weekend
T20210024327,2021-11-28,16:30:00,1,Collision with vehicle,7,Sunday,130,REAR END(VEHICLES IN SAME LANE),1,49556,Cross intersection,3,60,Arterial Other,BACCHUS MARSH ROAD -MAIN,MOORABOOL,-37.67083,144.42308,2021,11,November,16,Afternoon Peak,Weekend
T20210024224,2021-11-28,23:45:00,1,Collision with vehicle,7,Sunday,140,U TURN,5,698260,Not at intersection,3,80,Arterial Other,SOMERTON,HUME,-37.6329,144.86502,2021,11,November,23,Night,Weekend
T20210024221,2021-11-28,23:43:00,1,Collision with vehicle,7,Sunday,130,REAR END(VEHICLES IN SAME LANE),3,731028,Not at intersection,3,50,Local Road,ALBION,MOONEE VALLEY,-37.75657,144.9307,2021,11,November,23,Night,Weekend
T20210024219,2021-11-28,16:27:00,4,Collision with a fixed object,7,Sunday,171,LEFT OFF CARRIAGEWAY INTO OBJECT/PARKED VEHICLE,1,43136,Cross intersection,3,60,Arterial Other,BARRY,HUME,-37.663754,144.92218,2021,11,November,16,Afternoon Peak,Weekend
T20210024214,2021-11-28,17:45:00,1,Collision with vehicle,7,Sunday,130,REAR END(VEHICLES IN SAME LANE),1,701491,Not at intersection,2,80,Freeway,PRINCES,CARDINIA,-38.077267,145.42111,2021,11,November,17,Afternoon Peak,Weekend
T20210024201,2021-11-28,15:25:00,4,Collision with a fixed object,7,Sunday,181,OFF RIGHT BEND INTO OBJECT/PARKED VEHICLE,1,702837,Not at intersection,3,80,Arterial Highway,MIDLAND,HEPBURN,-37.350346,144.11522,2021,11,November,15,Afternoon Peak,Weekend
T20210024213,2021-11-28,20:05:00,4,Collision with a fixed object,7,Sunday,175,OFF END OF ROAD/T-INTERSECTION.,1,43258,T intersection,2,70,Local Road,PERRY,DANDENONG,-38.031605,145.18332,2021,11,November,20,Night,Weekend
T20210024204,2021-11-28,19:50:00,1,Collision with vehicle,7,Sunday,140,U TURN,1,43489,T intersection,3,70,Arterial Other,CRANBOURNE,FRANKSTON,-38.146408,145.13335,2021,11,November,19,Night,Weekend
T20210024199,2021-11-28,19:45:00,1,Collision with vehicle,7,Sunday,133,LANE SIDE SWIPE (VEHICLES IN PARALLEL LANES),1,699443,Not at intersection,3,50,Local Road,ROBIN,GEELONG,-38.090115,144.35458,2021,11,November,19,Night,Weekend
T20210025592,2021-11-28,10:30:00,1,Collision with vehicle,7,Sunday,130,REAR END(VEHICLES IN SAME LANE),1,712001,Not at intersection,2,80,Arterial Highway,SPRINGVALE,WHITEHORSE,-37.834587,145.17278,2021,11,November,10,Midday,Weekend
T20210024208,2021-11-28,20:30:00,1,Collision with vehicle,7,Sunday,121,RIGHT THROUGH,1,43626,Cross intersection,2,60,Arterial Other,CENTRE,CASEY,-38.029064,145.30089,2021,11,November,20,Night,Weekend
T20210024207,2021-11-28,16:50:00,1,Collision with vehicle,7,Sunday,121,RIGHT THROUGH,1,44318,T intersection,2,70,Arterial Other,BALLAN,WYNDHAM,-37.896328,144.63797,2021,11,November,16,Afternoon Peak,Weekend
T20210024198,2021-11-28,16:30:00,1,Collision with vehicle,7,Sunday,130,REAR END(VEHICLES IN SAME LANE),1,704366,Not at intersection,3,60,Arterial Other,BEECH,WHITTLESEA,-37.51116,145.12048,2021,11,November,16,Afternoon Peak,Weekend
T20210024197,2021-11-28,18:18:00,2,Struck Pedestrian,7,Sunday,103,PED PLAYING/LYING/WORKING/STANDING ON CARRIAGEWAY.,1,698175,Not at intersection,2,50,Local Road,DERWENT,BENDIGO,-36.750298,144.25713,2021,11,November,18,Afternoon Peak,Weekend
T20220000617,2021-11-28,17:00:00,1,Collision with vehicle,7,Sunday,130,REAR END(VEHICLES IN SAME LANE),1,37542,T intersection,3,60,Arterial Other,BEACONSFIELD,PORT PHILLIP,-37.85238,144.95805,2021,11,November,17,Afternoon Peak,Weekend
T20210024143,2021-11-28,00:40:00,2,Struck Pedestrian,7,Sunday,102,FAR SIDE. PED HIT BY VEHICLE FROM THE LEFT,3,758886,Unknown,2,70,Arterial Highway,HODDLE,YARRA,-37.799885,144.99298,2021,11,November,0,Late Night,Weekend
T20210024194,2021-11-28,17:30:00,1,Collision with vehicle,7,Sunday,160,VEHICLE COLLIDES WITH VEHICLE PARKED ON LEFT OF ROAD,1,698523,T intersection,3,60,Arterial Other,SHAKESPEARE,LATROBE,-38.200993,146.53946,2021,11,November,17,Afternoon Peak,Weekend
T20210024193,2021-11-28,17:45:00,1,Collision with vehicle,7,Sunday,148,VEHICLE OFF FOOTPATH STRIKES VEH ON CARRIAGEWAY,1,731027,Not at intersection,2,60,Arterial Other,JASPER,GLEN EIRA,-37.907482,145.04356,2021,11,November,17,Afternoon Peak,Weekend
T20210024192,2021-11-28,15:35:00,2,Struck Pedestrian,7,Sunday,100,PED NEAR SIDE. PED HIT BY VEHICLE FROM THE RIGHT.,1,698301,Not at intersection,2,40,Arterial Other,SPENCER,MELBOURNE,-37.82126,144.95515,2021,11,November,15,Afternoon Peak,Weekend
T20210024190,2021-11-28,17:39:00,1,Collision with vehicle,7,Sunday,110,CROSS TRAFFIC(INTERSECTIONS ONLY),1,36813,Cross intersection,2,60,Arterial Other,NORMANBY,PORT PHILLIP,-37.828957,144.94844,2021,11,November,17,Afternoon Peak,Weekend
T20210024189,2021-11-28,16:40:00,1,Collision with vehicle,7,Sunday,111,RIGHT FAR (INTERSECTIONS ONLY),1,41933,T intersection,3,80,Arterial Highway,BURWOOD,KNOX,-37.884052,145.28195,2021,11,November,16,Afternoon Peak,Weekend
T20210024538,2021-11-28,10:30:00,1,Collision with vehicle,7,Sunday,160,VEHICLE COLLIDES WITH VEHICLE PARKED ON LEFT OF ROAD,1,701015,Not at intersection,2,80,Freeway,CALDER,BRIMBANK,-37.67591,144.77019,2021,11,November,10,Midday,Weekend
T20210024185,2021-11-28,13:45:00,4,Collision with a fixed object,7,Sunday,181,OFF RIGHT BEND INTO OBJECT/PARKED VEHICLE,1,698213,Not at intersection,3,100,Local Road,BERRYS,SOUTH GIPPSLAND,-38.350426,145.69286,2021,11,November,13,Midday,Weekend
T20210024184,2021-11-28,14:45:00,1,Collision with vehicle,7,Sunday,121,RIGHT THROUGH,1,707969,Not at intersection,2,50,Local Road,OSBORNE,HOBSONS BAY,-37.866318,144.89708,2021,11,November,14,Midday,Weekend
T20210024180,2021-11-28,13:30:00,1,Collision with vehicle,7,Sunday,132,RIGHT REAR.,1,698174,Cross intersection,3,60,Arterial Other,BARWON HEADS,GEELONG,-38.18086,144.35396,2021,11,November,13,Midday,Weekend
T20210024177,2021-11-28,12:16:00,1,Collision with vehicle,7,Sunday,121,RIGHT THROUGH,1,44187,T intersection,2,60,Arterial Other,HIGH,DAREBIN,-37.713146,145.0082,2021,11,November,12,Midday,Weekend
T20210024176,2021-11-28,09:40:00,1,Collision with vehicle,7,Sunday,137,LEFT TURN SIDESWIPE,1,699438,Not at intersection,3,50,Arterial Highway,POINT NEPEAN,MORNINGTON PENINSULA,-38.35863,144.89436,2021,11,November,9,Morning Peak,Weekend
T20210024145,2021-11-28,01:04:00,4,Collision with a fixed object,7,Sunday,173,RIGHT OFF CARRIAGEWAY INTO OBJECT/PARKED VEHICLE,5,702134,Not at intersection,3,50,Local Road,JACKSON,SURF COAST,-38.414104,144.18005,2021,11,November,1,Late Night,Weekend
T20210024175,2021-11-28,11:20:00,1,Collision with vehicle,7,Sunday,152,PULLING OUT (OVERTAKING),1,300547,T intersection,3,80,Arterial Other,MICKLEHAM,HUME,-37.547897,144.87943,2021,11,November,11,Midday,Weekend
T20210024167,2021-11-28,11:12:00,1,Collision with vehicle,7,Sunday,137,LEFT TURN SIDESWIPE,1,205,Cross intersection,2,40,Local Road,LONSDALE,MELBOURNE,-37.813713,144.95732,2021,11,November,11,Midday,Weekend
T20210024165,2021-11-28,06:30:00,1,Collision with vehicle,7,Sunday,133,LANE SIDE SWIPE (VEHICLES IN PARALLEL LANES),9,698210,Not at intersection,2,60,Arterial Other,CLYDE,CASEY,-38.062042,145.33801,2021,11,November,6,Morning Peak,Weekend
T20210024155,2021-11-28,08:45:00,2,Struck Pedestrian,7,Sunday,105,PED WALKING AGAINST TRAFFIC.,1,698088,Cross intersection,3,40,Local Road,UPTON,STONNINGTON,-37.855297,144.98787,2021,11,November,8,Morning Peak,Weekend
T20210024152,2021-11-28,04:35:00,4,Collision with a fixed object,7,Sunday,171,LEFT OFF CARRIAGEWAY INTO OBJECT/PARKED VEHICLE,3,710113,Not at intersection,2,70,Arterial Other,MICKLEHAM,HUME,-37.672554,144.88522,2021,11,November,4,Late Night,Weekend
T20210024493,2021-11-28,00:30:00,2,Struck Pedestrian,7,Sunday,109,ANY MANOEUVRE INVOLVING PED NOT INCLUDED IN DCAs 100-108.,9,698462,Cross intersection,3,40,Local Road,ABECKETT,MELBOURNE,-37.809223,144.96095,2021,11,November,0,Late Night,Weekend
T20210024227,2021-11-29,03:04:00,4,Collision with a fixed object,1,Monday,181,OFF RIGHT BEND INTO OBJECT/PARKED VEHICLE,3,699844,T intersection,3,50,Local Road,EVERLASTING,CASEY,-38.116528,145.24559,2021,11,November,3,Late Night,Weekday
T20210025090,2021-11-29,12:33:00,1,Collision with vehicle,1,Monday,135,LANE CHANGE LEFT (NOT OVERTAKING),1,699918,Not at intersection,3,100,Freeway,EASTERN,BOROONDARA,-37.79057,145.05176,2021,11,November,12,Midday,Weekday
T20210025246,2021-11-29,14:32:00,1,Collision with vehicle,1,Monday,130,REAR END(VEHICLES IN SAME LANE),1,757739,Not at intersection,2,60,Local Road,GRAHAM,PORT PHILLIP,-37.840397,144.941,2021,11,November,14,Midday,Weekday
T20210025251,2021-11-29,03:02:00,1,Collision with vehicle,1,Monday,110,CROSS TRAFFIC(INTERSECTIONS ONLY),3,699198,Cross intersection,3,60,Arterial Other,HEATHS,WYNDHAM,-37.87567,144.6646,2021,11,November,3,Late Night,Weekday
T20210024250,2021-11-29,11:41:00,1,Collision with vehicle,1,Monday,160,VEHICLE COLLIDES WITH VEHICLE PARKED ON LEFT OF ROAD,1,698177,Not at intersection,3,50,Local Road,BETULA,WHITTLESEA,-37.682926,145.0673,2021,11,November,11,Midday,Weekday
T20210024249,2021-11-29,13:20:00,1,Collision with vehicle,1,Monday,130,REAR END(VEHICLES IN SAME LANE),1,33698,Cross intersection,3,80,Arterial Highway,BURWOOD,KNOX,-37.87187,145.24396,2021,11,November,13,Midday,Weekday