ACCIDENT_NO,ACCIDENT_DATE,ACCIDENT_TIME,ACCIDENT_TYPE,ACCIDENT_TYPE_DESC,DAY_OF_WEEK,DAY_WEEK_DESC,DCA_CODE,DCA_DESC,LIGHT_CONDITION,NODE_ID,ROAD_GEOMETRY_DESC,SEVERITY,SPEED_ZONE,RMA,ROAD_NAME,LGA_NAME,LATITUDE,LONGITUDE,YEAR,MONTH,MONTH_NAME,HOUR,TIME_PERIOD,DAY_TYPE
T20210024246,2021-11-29,12:09:00,1,Collision with vehicle,1,Monday,119,OTHER ADJACENT (INTERSECTIONS ONLY),1,296486,T intersection,2,80,Arterial Other,PRINCES,CARDINIA,-38.065605,145.50694,2021,11,November,12,Midday,Weekday
T20220001561,2021-11-29,05:30:00,1,Collision with vehicle,1,Monday,120,HEAD ON (NOT OVERTAKING),2,703040,Not at intersection,3,80,Arterial Other,BALLARTO,CARDINIA,-38.144783,145.41382,2021,11,November,5,Morning Peak,Weekday
T20210024475,2021-11-29,15:35:00,1,Collision with vehicle,1,Monday,130,REAR END(VEHICLES IN SAME LANE),1,731227,Not at intersection,2,80,Arterial Highway,STUD,KNOX,-37.894764,145.233,2021,11,November,15,Afternoon Peak,Weekday
T20210025519,2021-11-29,14:40:00,1,Collision with vehicle,1,Monday,132,RIGHT REAR.,1,702265,T intersection,3,60,Arterial Other,SOMERVILLE,BRIMBANK,-37.8078,144.83783,2021,11,November,14,Midday,Weekday
T20210024948,2021-11-29,17:20:00,1,Collision with vehicle,1,Monday,130,REAR END(VEHICLES IN SAME LANE),1,1193,Cross intersection,3,50,Arterial Highway,MCKILLOP,GEELONG,-38.154144,144.36043,2021,11,November,17,Afternoon Peak,Weekday
T20210024261,2021-11-29,13:05:00,1,Collision with vehicle,1,Monday,130,REAR END(VEHICLES IN SAME LANE),1,757748,Not at intersection,2,50,Local Road,THE PROMENADE,CASEY,-38.069317,145.31053,2021,11,November,13,Midday,Weekday
T20210024268,2021-11-29,13:10:00,1,Collision with vehicle,1,Monday,121,RIGHT THROUGH,1,53557,T intersection,3,60,Arterial Other,WESTGARTH,DAREBIN,-37.782204,145.00618,2021,11,November,13,Midday,Weekday
T20210024320,2021-11-29,21:00:00,1,Collision with vehicle,1,Monday,169,OTHER ON PATH,5,698266,Not at intersection,3,50,Local Road,BANFIELD,GEELONG,-38.11421,144.33493,2021,11,November,21,Night,Weekday
T20210024358,2021-11-29,05:38:00,3,Struck animal,1,Monday,167,STRUCK ANIMAL,2,699112,Not at intersection,3,80,Arterial Highway,WELLINGTON,KNOX,-37.926632,145.22153,2021,11,November,5,Morning Peak,Weekday
T20210025732,2021-11-29,07:02:00,2,Struck Pedestrian,1,Monday,100,PED NEAR SIDE. PED HIT BY VEHICLE FROM THE RIGHT.,1,702942,Not at intersection,2,60,Arterial Other,CARLISLE,PORT PHILLIP,-37.867664,144.98495,2021,11,November,7,Morning Peak,Weekday
T20210024306,2021-11-29,05:30:00,1,Collision with vehicle,1,Monday,113,RIGHT NEAR (INTERSECTIONS ONLY),1,231516,T intersection,3,80,Arterial Highway,LOWER DANDENONG,KINGSTON,-37.982594,145.07411,2021,11,November,5,Morning Peak,Weekday
T20210024300,2021-11-29,18:30:00,3,Struck animal,1,Monday,167,STRUCK ANIMAL,1,698947,Not at intersection,2,50,Local Road,CATANIA,KINGSTON,-37.98344,145.05888,2021,11,November,18,Afternoon Peak,Weekday
T20210024297,2021-11-29,17:43:00,1,Collision with vehicle,1,Monday,121,RIGHT THROUGH,1,44511,Cross intersection,3,50,Arterial Other,MURRAY,DAREBIN,-37.741005,145.03085,2021,11,November,17,Afternoon Peak,Weekday
T20210024295,2021-11-29,11:46:00,1,Collision with vehicle,1,Monday,121,RIGHT THROUGH,1,349924,Cross intersection,3,80,Arterial Highway,CENTRE,DANDENONG,-37.933105,145.15572,2021,11,November,11,Midday,Weekday
T20210024294,2021-11-29,15:25:00,1,Collision with vehicle,1,Monday,153,CUTTING IN (OVERTAKING),1,774244,Cross intersection,3,40,Local Road,ROBERTSON,MORNINGTON PENINSULA,-38.223255,145.05333,2021,11,November,15,Afternoon Peak,Weekday
T20210024293,2021-11-29,18:00:00,2,Struck Pedestrian,1,Monday,102,FAR SIDE. PED HIT BY VEHICLE FROM THE LEFT,1,705428,Not at intersection,2,60,Arterial Other,SOMERTON,HUME,-37.643013,144.94917,2021,11,November,18,Afternoon Peak,Weekday
T20210024290,2021-11-29,05:50:00,1,Collision with vehicle,1,Monday,111,RIGHT FAR (INTERSECTIONS ONLY),1,224376,Cross intersection,1,100,Local Road,BACCHUS MARSH-BALLIANG,MOORABOOL,-37.830986,144.32964,2021,11,November,5,Morning Peak,Weekday
T20210024312,2021-11-29,23:30:00,1,Collision with vehicle,1,Monday,121,RIGHT THROUGH,3,304268,T intersection,3,60,Freeway,EASTERN IN-CHANDLER,BOROONDARA,-37.79205,145.02989,2021,11,November,23,Night,Weekday
T20210024310,2021-11-29,03:37:00,4,Collision with a fixed object,1,Monday,179,OTHER ACCIDENTS-OFF STRAIGHT NOT INCLUDED IN DCAs 170-175,3,700628,Not at intersection,3,60,Arterial Other,HIGHBURY,WHITEHORSE,-37.854378,145.104,2021,11,November,3,Late Night,Weekday
T20210024270,2021-11-29,14:17:00,1,Collision with vehicle,1,Monday,133,LANE SIDE SWIPE (VEHICLES IN PARALLEL LANES),1,731036,Not at intersection,3,80,Arterial Highway,MIDLAND,SHEPPARTON,-36.387684,145.37907,2021,11,November,14,Midday,Weekday
T20210024281,2021-11-29,15:23:00,1,Collision with vehicle,1,Monday,110,CROSS TRAFFIC(INTERSECTIONS ONLY),1,235819,Cross intersection,2,50,Local Road,STURT,MACEDON RANGES,-37.246353,144.45863,2021,11,November,15,Afternoon Peak,Weekday
T20210024275,2021-11-29,14:30:00,4,Collision with a fixed object,1,Monday,171,LEFT OFF CARRIAGEWAY INTO OBJECT/PARKED VEHICLE,1,701529,Not at intersection,2,60,Arterial Other,PRINCESS,BOROONDARA,-37.804924,145.0292,2021,11,November,14,Midday,Weekday
T20210026739,2021-11-29,11:30:00,1,Collision with vehicle,1,Monday,142,LEAVING PARKING,1,700665,Not at intersection,3,50,Local Road,OVENS,WANGARATTA,-36.354095,146.32442,2021,11,November,11,Midday,Weekday
T20220006003,2021-11-29,11:05:00,1,Collision with vehicle,1,Monday,130,REAR END(VEHICLES IN SAME LANE),1,731451,Not at intersection,3,50,Local Road,STERNBERG,BENDIGO,-36.75753,144.2921,2021,11,November,11,Midday,Weekday
T20210024234,2021-11-29,10:25:00,1,Collision with vehicle,1,Monday,130,REAR END(VEHICLES IN SAME LANE),1,46857,Cross intersection,3,80,Arterial Highway,GEELONG,HOBSONS BAY,-37.820576,144.83546,2021,11,November,10,Midday,Weekday
T20210024662,2021-11-29,14:30:00,9,Other accident,1,Monday,179,OTHER ACCIDENTS-OFF STRAIGHT NOT INCLUDED IN DCAs 170-175,1,698532,Not at intersection,3,60,Local Road,STATE FOREST,GOLDEN PLAINS,-37.68668,143.73038,2021,11,November,14,Midday,Weekday
T20210024232,2021-11-29,06:25:00,1,Collision with vehicle,1,Monday,113,RIGHT NEAR (INTERSECTIONS ONLY),1,650978,Cross intersection,2,80,Arterial Highway,TERRY,DANDENONG,-37.96356,145.19052,2021,11,November,6,Morning Peak,Weekday
T20210024231,2021-11-29,08:30:00,1,Collision with vehicle,1,Monday,120,HEAD ON (NOT OVERTAKING),1,781461,Not at intersection,3,60,Local Road,TROTTING,BENDIGO,-36.774357,144.34065,2021,11,November,8,Morning Peak,Weekday
T20210025150,2021-11-29,16:45:00,1,Collision with vehicle,1,Monday,130,REAR END(VEHICLES IN SAME LANE),1,699444,Not at intersection,3,100,Freeway,PRINCES,HOBSONS BAY,-37.840405,144.79448,2021,11,November,16,Afternoon Peak,Weekday
T20210024274,2021-11-29,15:00:00,1,Collision with vehicle,1,Monday,110,CROSS TRAFFIC(INTERSECTIONS ONLY),1,49384,Cross intersection,3,60,Arterial Highway,BRIDGE STREET W-MANSFIELD,BENALLA,-36.555088,145.96304,2021,11,November,15,Afternoon Peak,Weekday
T20210024314,2021-11-29,22:00:00,1,Collision with vehicle,1,Monday,121,RIGHT THROUGH,3,50051,Cross intersection,2,60,Arterial Highway,LATROBE TERRACE -SETTLEMENT,GEELONG,-38.160397,144.35019,2021,11,November,22,Night,Weekday
T20210024329,2021-11-29,08:40:00,1,Collision with vehicle,1,Monday,119,OTHER ADJACENT (INTERSECTIONS ONLY),1,698458,T intersection,3,50,Local Road,HOLT,HUME,-37.56751,144.72116,2021,11,November,8,Morning Peak,Weekday
T20210024429,2021-11-29,09:50:00,1,Collision with vehicle,1,Monday,130,REAR END(VEHICLES IN SAME LANE),1,731226,Not at intersection,3,80,Freeway,TULLAMARINE OUT-WIRRAWAY,MOONEE VALLEY,-37.71432,144.8932,2021,11,November,9,Morning Peak,Weekday
T20220000284,2021-11-29,11:15:00,1,Collision with vehicle,1,Monday,121,RIGHT THROUGH,1,46350,T intersection,3,80,Arterial Highway,SOUTH GIPPSLAND,CASEY,-38.160824,145.31871,2021,11,November,11,Midday,Weekday
T20210024384,2021-11-29,22:27:00,1,Collision with vehicle,1,Monday,121,RIGHT THROUGH,3,667801,Multiple intersection,3,60,Freeway,KEILOR PARK,BRIMBANK,-37.737343,144.85037,2021,11,November,22,Night,Weekday
T20210024228,2021-11-29,05:28:00,4,Collision with a fixed object,1,Monday,173,RIGHT OFF CARRIAGEWAY INTO OBJECT/PARKED VEHICLE,2,69864,Cross intersection,3,40,Local Road,GARNSWORTHY,DANDENONG,-37.939316,145.16025,2021,11,November,5,Morning Peak,Weekday
T20210024256,2021-11-29,12:30:00,1,Collision with vehicle,1,Monday,130,REAR END(VEHICLES IN SAME LANE),1,699111,Not at intersection,3,60,Local Road,BARWON,GEELONG,-38.16448,144.35596,2021,11,November,12,Midday,Weekday
T20210024258,2021-11-29,13:00:00,2,Struck Pedestrian,1,Monday,103,PED PLAYING/LYING/WORKING/STANDING ON CARRIAGEWAY.,1,29391,T intersection,2,40,Local Road,PELHAM,MELBOURNE,-37.802498,144.96362,2021,11,November,13,Midday,Weekday
T20210024343,2021-11-30,08:15:00,4,Collision with a fixed object,2,Tuesday,183,OFF LEFT BEND INTO OBJECT/PARKED VEHICLE,1,701316,Not at intersection,3,100,Local Road,WEST SETTLEMENT,MILDURA,-34.31992,141.09627,2021,11,November,8,Morning Peak,Weekday
T20210024323,2021-11-30,08:21:00,1,Collision with vehicle,2,Tuesday,130,REAR END(VEHICLES IN SAME LANE),1,339322,Not at intersection,2,100,Freeway,EASTERN,WHITEHORSE,-37.802986,145.16774,2021,11,November,8,Morning Peak,Weekday
T20210024342,2021-11-30,11:10:00,1,Collision with vehicle,2,Tuesday,133,LANE SIDE SWIPE (VEHICLES IN PARALLEL LANES),1,699451,Not at intersection,3,60,Local Road,UNDERWOOD,KNOX,-37.87704,145.29314,2021,11,November,11,Midday,Weekday
T20210024341,2021-11-30,11:00:00,1,Collision with vehicle,2,Tuesday,113,RIGHT NEAR (INTERSECTIONS ONLY),1,50391,T intersection,2,80,Arterial Highway,GREAT OCEAN,SURF COAST,-38.45262,144.11089,2021,11,November,11,Midday,Weekday
T20210025029,2021-11-30,05:20:00,1,Collision with vehicle,2,Tuesday,130,REAR END(VEHICLES IN SAME LANE),2,731243,Not at intersection,3,80,Arterial Highway,SOUTH GIPPSLAND,DANDENONG,-38.015293,145.2325,2021,11,November,5,Morning Peak,Weekday
T20210024338,2021-11-30,08:15:00,1,Collision with vehicle,2,Tuesday,130,REAR END(VEHICLES IN SAME LANE),1,731220,T intersection,2,80,Arterial Other,BOUNDARY,WYNDHAM,-37.814568,144.79823,2021,11,November,8,Morning Peak,Weekday
T20210025863,2021-11-30,05:09:00,5,collision with some other object,2,Tuesday,166,STRUCK OBJECT ON CARRIAGEWAY,6,699716,Not at intersection,2,70,Arterial Other,SOUTH,BAYSIDE,-37.93257,145.03026,2021,11,November,5,Morning Peak,Weekday
T20210024335,2021-11-30,08:29:00,4,Collision with a fixed object,2,Tuesday,171,LEFT OFF CARRIAGEWAY INTO OBJECT/PARKED VEHICLE,1,699457,Not at intersection,3,60,Local Road,FUSSELL,BALLARAT,-37.57411,143.8921,2021,11,November,8,Morning Peak,Weekday
T20210024372,2021-11-30,16:25:00,1,Collision with vehicle,2,Tuesday,130,REAR END(VEHICLES IN SAME LANE),1,274987,Cross intersection,3,50,Arterial Other,HOWITT,BALLARAT,-37.5412,143.84003,2021,11,November,16,Afternoon Peak,Weekday
T20210024370,2021-11-30,14:00:00,1,Collision with vehicle,2,Tuesday,133,LANE SIDE SWIPE (VEHICLES IN PARALLEL LANES),1,731223,Not at intersection,3,80,Arterial Other,STUD,KNOX,-37.86865,145.2355,2021,11,November,14,Midday,Weekday
T20210026866,2021-11-30,06:10:00,1,Collision with vehicle,2,Tuesday,116,LEFT NEAR (INTERSECTIONS ONLY),2,51725,Cross intersection,3,50,Arterial Highway,HIGH,BENDIGO,-36.794777,144.24442,2021,11,November,6,Morning Peak,Weekday
T20210024368,2021-11-30,16:02:00,1,Collision with vehicle,2,Tuesday,121,RIGHT THROUGH,1,235676,T intersection,2,60,Local Road,CITY VISTA,MELTON,-37.7206,144.72566,2021,11,November,16,Afternoon Peak,Weekday
T20210024365,2021-11-30,15:57:00,1,Collision with vehicle,2,Tuesday,121,RIGHT THROUGH,1,36826,Cross intersection,2,40,Arterial Other,DUDLEY,MELBOURNE,-37.80924,144.95236,2021,11,November,15,Afternoon Peak,Weekday
T20210024364,2021-11-30,16:00:00,1,Collision with vehicle,2,Tuesday,130,REAR END(VEHICLES IN SAME LANE),1,731222,Not at intersection,3,80,Local Road,HALL,FRANKSTON,-38.106144,145.22679,2021,11,November,16,Afternoon Peak,Weekday
T20210024352,2021-11-30,13:10:00,1,Collision with vehicle,2,Tuesday,121,RIGHT THROUGH,1,32339,T intersection,2,80,Arterial Highway,BURWOOD,KNOX,-37.862316,145.21455,2021,11,November,13,Midday,Weekday
T20210024351,2021-11-30,09:50:00,1,Collision with vehicle,2,Tuesday,120,HEAD ON (NOT OVERTAKING),1,714245,Not at intersection,2,80,Arterial Highway,GOULBURN VALLEY,SHEPPARTON,-36.337723,145.40224,2021,11,November,9,Morning Peak,Weekday
T20210026787,2021-11-30,17:20:00,1,Collision with vehicle,2,Tuesday,137,LEFT TURN SIDESWIPE,1,36399,Cross intersection,3,40,Local Road,CANNING,MELBOURNE,-37.79774,144.97289,2021,11,November,17,Afternoon Peak,Weekday
T20210025429,2021-11-30,09:00:00,1,Collision with vehicle,2,Tuesday,113,RIGHT NEAR (INTERSECTIONS ONLY),1,281396,Cross intersection,3,60,Local Road,GREENS,WYNDHAM,-37.88718,144.61044,2021,11,November,9,Morning Peak,Weekday
T20210025790,2021-11-30,14:30:00,1,Collision with vehicle,2,Tuesday,130,REAR END(VEHICLES IN SAME LANE),1,699662,Not at intersection,3,60,Arterial Other,MARINE,MORNINGTON PENINSULA,-38.32775,144.97487,2021,11,November,14,Midday,Weekday
T20220002100,2021-11-30,18:20:00,1,Collision with vehicle,2,Tuesday,133,LANE SIDE SWIPE (VEHICLES IN PARALLEL LANES),1,707520,Not at intersection,3,60,Arterial Other,MURRAY,DAREBIN,-37.736477,144.98946,2021,11,November,18,Afternoon Peak,Weekday
T20210024344,2021-11-30,10:31:00,1,Collision with vehicle,2,Tuesday,130,REAR END(VEHICLES IN SAME LANE),1,698525,Not at intersection,3,60,Arterial Other,GRIEVE,HOBSONS BAY,-37.832165,144.82669,2021,11,November,10,Midday,Weekday
T20220000821,2021-11-30,19:15:00,8,No collision and no object struck,2,Tuesday,174,OUT OF CONTROL ON CARRIAGEWAY (ON STRAIGHT),2,701966,T intersection,3,60,Local Road,BLACK SNAKE CREEK,CARDINIA,-37.943245,145.63234,2021,11,November,19,Night,Weekday
T20210024861,2021-11-30,19:10:00,1,Collision with vehicle,2,Tuesday,121,RIGHT THROUGH,1,35330,T intersection,3,60,Arterial Highway,MAIN,KINGSTON,-38.00755,145.08716,2021,11,November,19,Night,Weekday
T20220000191,2021-11-30,11:30:00,8,No collision and no object struck,2,Tuesday,182,OFF CARRIAGEWAY ON LEFT BEND,1,708787,Not at intersection,3,50,Local Road,MARDAN-DUMBALK,SOUTH GIPPSLAND,-38.501637,146.09679,2021,11,November,11,Midday,Weekday
T20210024985,2021-11-30,07:30:00,1,Collision with vehicle,2,Tuesday,130,REAR END(VEHICLES IN SAME LANE),1,700150,Not at intersection,3,80,Arterial Other,BERWICK-CRANBOURNE,CASEY,-38.093384,145.33199,2021,11,November,7,Morning Peak,Weekday
T20210024339,2021-11-30,09:30:00,1,Collision with vehicle,2,Tuesday,121,RIGHT THROUGH,1,57086,T intersection,3,60,Arterial Other,HAMPTON,BAYSIDE,-37.91496,145.0068,2021,11,November,9,Morning Peak,Weekday
T20220010864,2021-11-30,16:00:00,8,No collision and no object struck,2,Tuesday,179,OTHER ACCIDENTS-OFF STRAIGHT NOT INCLUDED IN DCAs 170-175,1,712316,Not at intersection,3,100,Local Road,ROAD 7,ALPINE,-36.54101,146.76982,2021,11,November,16,Afternoon Peak,Weekday
T20210024525,2021-11-30,13:40:00,4,Collision with a fixed object,2,Tuesday,181,OFF RIGHT BEND INTO OBJECT/PARKED VEHICLE,1,698497,Not at intersection,2,80,Local Road,BUTCHERS,GOLDEN PLAINS,-37.884216,144.1962,2021,11,November,13,Midday,Weekday
T20210024332,2021-11-30,11:01:00,1,Collision with vehicle,2,Tuesday,171,LEFT OFF CARRIAGEWAY INTO OBJECT/PARKED VEHICLE,1,699456,Not at intersection,2,60,Arterial Other,BALCOMBE,BAYSIDE,-37.97845,145.04164,2021,11,November,11,Midday,Weekday
T20210024378,2021-11-30,16:00:00,1,Collision with vehicle,2,Tuesday,123,RIGHT/LEFT. ONE VEH TURNING RIGHT THE OTHER LEFT.,1,35522,Cross intersection,3,60,Arterial Highway,WARRIGAL,BOROONDARA,-37.86579,145.09279,2021,11,November,16,Afternoon Peak,Weekday
T20210024346,2021-11-30,06:10:00,1,Collision with vehicle,2,Tuesday,116,LEFT NEAR (INTERSECTIONS ONLY),1,280112,T intersection,3,100,Arterial Highway,SOUTH GIPPSLAND,CARDINIA,-38.246117,145.53722,2021,11,November,6,Morning Peak,Weekday
T20210024381,2021-11-30,17:55:00,1,Collision with vehicle,2,Tuesday,132,RIGHT REAR.,1,699447,Cross intersection,3,70,Arterial Highway,SETTLEMENT,GEELONG,-38.1819,144.34784,2021,11,November,17,Afternoon Peak,Weekday
T20210026481,2021-11-30,07:30:00,1,Collision with vehicle,2,Tuesday,121,RIGHT THROUGH,1,41153,Y intersection,3,50,Local Road,NEW,BAYSIDE,-37.887703,144.99632,2021,11,November,7,Morning Peak,Weekday
T20210024386,2021-11-30,10:10:00,6,Vehicle overturned (no collision),2,Tuesday,175,OFF END OF ROAD/T-INTERSECTION.,1,698218,T intersection,1,100,Local Road,SUNNYSIDE,COLAC OTWAY,-38.68975,143.76605,2021,11,November,10,Midday,Weekday
T20210024388,2021-11-30,17:58:00,1,Collision with vehicle,2,Tuesday,130,REAR END(VEHICLES IN SAME LANE),1,698376,T intersection,3,80,Arterial Highway,BURWOOD,WHITEHORSE,-37.855995,145.17767,2021,11,November,17,Afternoon Peak,Weekday
T20210024389,2021-11-30,16:50:00,1,Collision with vehicle,2,Tuesday,121,RIGHT THROUGH,1,732014,T intersection,2,60,Local Road,BYRNE,YARRA,-37.77984,144.9853,2021,11,November,16,Afternoon Peak,Weekday
T20210024390,2021-11-30,18:35:00,1,Collision with vehicle,2,Tuesday,113,RIGHT NEAR (INTERSECTIONS ONLY),9,699445,T intersection,3,50,Local Road,HIGHVALE,MONASH,-37.86668,145.16399,2021,11,November,18,Afternoon Peak,Weekday
T20210024392,2021-11-30,16:42:00,1,Collision with vehicle,2,Tuesday,110,CROSS TRAFFIC(INTERSECTIONS ONLY),1,871,Cross intersection,2,60,Arterial Highway,FRANKSTON-DANDENONG,DANDENONG,-37.99988,145.21823,2021,11,November,16,Afternoon Peak,Weekday
T20210024464,2021-11-30,07:30:00,2,Struck Pedestrian,2,Tuesday,102,FAR SIDE. PED HIT BY VEHICLE FROM THE LEFT,1,63532,Cross intersection,3,40,Arterial Other,BURGUNDY,BANYULE,-37.756035,145.06464,2021,11,November,7,Morning Peak,Weekday
T20210024395,2021-11-30,19:06:00,1,Collision with vehicle,2,Tuesday,110,CROSS TRAFFIC(INTERSECTIONS ONLY),1,48924,Cross intersection,2,60,Local Road,BAILEY,GEELONG,-38.19625,144.34778,2021,11,November,19,Night,Weekday
T20210024396,2021-11-30,17:35:00,1,Collision with vehicle,2,Tuesday,121,RIGHT THROUGH,1,698620,T intersection,3,60,Local Road,ABBOTTS,DANDENONG,-38.032845,145.22145,2021,11,November,17,Afternoon Peak,Weekday
T20210024446,2021-11-30,19:15:00,1,Collision with vehicle,2,Tuesday,124,RIGHT/RIGHT BOTH VEHs FROM OPPOSITE DIRECTIONS TURNING RIGHT,1,40065,T intersection,3,40,Local Road,ROBE,PORT PHILLIP,-37.86635,144.97528,2021,11,November,19,Night,Weekday
T20210024407,2021-11-30,20:36:00,1,Collision with vehicle,2,Tuesday,113,RIGHT NEAR (INTERSECTIONS ONLY),3,42951,Cross intersection,2,60,Arterial Other,HEATHERTON,DANDENONG,-37.9658,145.17986,2021,11,November,20,Night,Weekday
T20210024318,2021-11-30,02:54:00,1,Collision with vehicle,2,Tuesday,160,VEHICLE COLLIDES WITH VEHICLE PARKED ON LEFT OF ROAD,3,699453,Not at intersection,3,60,Local Road,BLYTH,HOBSONS BAY,-37.869785,144.8155,2021,11,November,2,Late Night,Weekday
T20210024410,2021-11-30,16:45:00,2,Struck Pedestrian,2,Tuesday,102,FAR SIDE. PED HIT BY VEHICLE FROM THE LEFT,1,40271,T intersection,3,40,Arterial Other,GLENFERRIE,STONNINGTON,-37.859932,145.02875,2021,11,November,16,Afternoon Peak,Weekday
T20210024411,2021-11-30,19:30:00,1,Collision with vehicle,2,Tuesday,130,REAR END(VEHICLES IN SAME LANE),1,770751,Not at intersection,3,80,Arterial Highway,GOULBURN VALLEY,SHEPPARTON,-36.331535,145.40576,2021,11,November,19,Night,Weekday
T20210024412,2021-11-30,21:00:00,4,Collision with a fixed object,2,Tuesday,173,RIGHT OFF CARRIAGEWAY INTO OBJECT/PARKED VEHICLE,3,706731,Not at intersection,3,50,Local Road,ST JOHNS WOOD,MORNINGTON PENINSULA,-38.365,144.77599,2021,11,November,21,Night,Weekday
T20210024415,2021-11-30,22:23:00,1,Collision with vehicle,2,Tuesday,160,VEHICLE COLLIDES WITH VEHICLE PARKED ON LEFT OF ROAD,3,698863,Not at intersection,2,50,Local Road,MARSHALL,BAYSIDE,-37.95311,145.02753,2021,11,November,22,Night,Weekday
T20210024418,2021-11-30,23:34:00,4,Collision with a fixed object,2,Tuesday,171,LEFT OFF CARRIAGEWAY INTO OBJECT/PARKED VEHICLE,3,715778,Not at intersection,2,60,Freeway,HIGH,WODONGA,-36.110382,146.89388,2021,11,November,23,Night,Weekday
T20210024419,2021-11-30,22:15:00,4,Collision with a fixed object,2,Tuesday,173,RIGHT OFF CARRIAGEWAY INTO OBJECT/PARKED VEHICLE,3,51743,T intersection,2,60,Local Road,CRUSOE,BENDIGO,-36.80778,144.23764,2021,11,November,22,Night,Weekday
T20220004569,2021-12-01,12:05:00,1,Collision with vehicle,3,Wednesday,160,VEHICLE COLLIDES WITH VEHICLE PARKED ON LEFT OF ROAD,1,705567,Not at intersection,3,60,Arterial Other,ESPLANADE,BAYSIDE,-37.91437,144.98679,2021,12,December,12,Midday,Weekday
T20210024469,2021-12-01,14:10:00,1,Collision with vehicle,3,Wednesday,130,REAR END(VEHICLES IN SAME LANE),1,698528,Not at intersection,2,80,Arterial Other,WESTALL,DANDENONG,-37.95896,145.13704,2021,12,December,14,Midday,Weekday
T20210025578,2021-12-01,17:15:00,1,Collision with vehicle,3,Wednesday,110,CROSS TRAFFIC(INTERSECTIONS ONLY),1,50052,Cross intersection,3,60,Local Road,FOSTER,GEELONG,-38.160355,144.35756,2021,12,December,17,Afternoon Peak,Weekday
T20210024467,2021-12-01,15:35:00,1,Collision with vehicle,3,Wednesday,121,RIGHT THROUGH,1,38447,T intersection,3,60,Local Road,EDWARD,YARRA RANGES,-37.743736,145.31888,2021,12,December,15,Afternoon Peak,Weekday
T20210024531,2021-12-01,17:10:00,1,Collision with vehicle,3,Wednesday,137,LEFT TURN SIDESWIPE,1,36618,T intersection,3,40,Local Road,NOONE,YARRA,-37.793133,144.98837,2021,12,December,17,Afternoon Peak,Weekday
T20210024537,2021-12-01,16:40:00,1,Collision with vehicle,3,Wednesday,130,REAR END(VEHICLES IN SAME LANE),1,699537,Multiple intersection,3,80,Arterial Highway,WELLINGTON,KNOX,-37.925392,145.21233,2021,12,December,16,Afternoon Peak,Weekday
T20210025099,2021-12-01,16:20:00,2,Struck Pedestrian,3,Wednesday,100,PED NEAR SIDE. PED HIT BY VEHICLE FROM THE RIGHT.,1,701318,T intersection,3,60,Arterial Other,BEACH,KINGSTON,-38.008034,145.08499,2021,12,December,16,Afternoon Peak,Weekday
T20210024466,2021-12-01,16:02:00,1,Collision with vehicle,3,Wednesday,163,VEHICLE STRIKES DOOR OF PARKED/STATIONARY VEHICLE,1,698379,Not at intersection,3,60,Arterial Other,RIVERSDALE,BOROONDARA,-37.82884,145.03503,2021,12,December,16,Afternoon Peak,Weekday
T20210025083,2021-12-01,10:15:00,1,Collision with vehicle,3,Wednesday,130,REAR END(VEHICLES IN SAME LANE),1,731249,Not at intersection,3,40,Freeway,BURNLEY,MELBOURNE,-37.824356,144.98096,2021,12,December,10,Midday,Weekday
T20210024996,2021-12-01,12:43:00,1,Collision with vehicle,3,Wednesday,130,REAR END(VEHICLES IN SAME LANE),1,698953,Not at intersection,3,50,Arterial Other,MAIN,MORNINGTON PENINSULA,-38.222816,145.04062,2021,12,December,12,Midday,Weekday
T20220000982,2021-12-01,08:30:00,1,Collision with vehicle,3,Wednesday,116,LEFT NEAR (INTERSECTIONS ONLY),1,326111,T intersection,3,60,Local Road,SAYERS,WYNDHAM,-37.847443,144.67892,2021,12,December,8,Morning Peak,Weekday
T20210024424,2021-12-01,06:17:00,1,Collision with vehicle,3,Wednesday,130,REAR END(VEHICLES IN SAME LANE),2,731225,Not at intersection,2,80,Freeway,PRINCES,HOBSONS BAY,-37.859097,144.77791,2021,12,December,6,Morning Peak,Weekday
T20210025724,2021-12-01,21:35:00,1,Collision with vehicle,3,Wednesday,110,CROSS TRAFFIC(INTERSECTIONS ONLY),3,37894,Cross intersection,3,60,Arterial Highway,ST GEORGES,DAREBIN,-37.749374,144.99576,2021,12,December,21,Night,Weekday
T20210024457,2021-12-01,13:13:00,1,Collision with vehicle,3,Wednesday,130,REAR END(VEHICLES IN SAME LANE),1,700660,Not at intersection,2,80,Freeway,WEST GATE,HOBSONS BAY,-37.82447,144.87074,2021,12,December,13,Midday,Weekday
T20210024550,2021-12-01,14:00:00,2,Struck Pedestrian,3,Wednesday,108,PED STRUCK WALKING TO/FROM OR BOARDING/ALIGHTING VEHICLE.,1,699994,Cross intersection,3,60,Local Road,ELIZABETH,HUME,-37.594692,144.71144,2021,12,December,14,Midday,Weekday
T20210025468,2021-12-01,21:50:00,1,Collision with vehicle,3,Wednesday,110,CROSS TRAFFIC(INTERSECTIONS ONLY),3,36320,Cross intersection,3,70,Arterial Other,MORNINGTON-TYABB,MORNINGTON PENINSULA,-38.231327,145.04599,2021,12,December,21,Night,Weekday