ACCIDENT_NO,ACCIDENT_DATE,ACCIDENT_TIME,ACCIDENT_TYPE,ACCIDENT_TYPE_DESC,DAY_OF_WEEK,DAY_WEEK_DESC,DCA_CODE,DCA_DESC,LIGHT_CONDITION,NODE_ID,ROAD_GEOMETRY_DESC,SEVERITY,SPEED_ZONE,RMA,ROAD_NAME,LGA_NAME,LATITUDE,LONGITUDE,YEAR,MONTH,MONTH_NAME,HOUR,TIME_PERIOD,DAY_TYPE
T20210024445,2021-12-01,12:15:00,1,Collision with vehicle,3,Wednesday,113,RIGHT NEAR (INTERSECTIONS ONLY),1,49209,Cross intersection,2,80,Arterial Highway,PRINCES,LATROBE,-38.1922,146.55243,2021,12,December,12,Midday,Weekday
T20210025487,2021-12-01,16:04:00,1,Collision with vehicle,3,Wednesday,111,RIGHT FAR (INTERSECTIONS ONLY),1,781806,T intersection,3,60,Arterial Other,SUNSHINE ROAD -WRIGHT,BRIMBANK,-37.796894,144.8389,2021,12,December,16,Afternoon Peak,Weekday
T20210024443,2021-12-01,11:50:00,1,Collision with vehicle,3,Wednesday,130,REAR END(VEHICLES IN SAME LANE),1,221588,T intersection,3,80,Arterial Other,HUME,HUME,-37.628468,144.94873,2021,12,December,11,Midday,Weekday
T20210024439,2021-12-01,11:00:00,1,Collision with vehicle,3,Wednesday,130,REAR END(VEHICLES IN SAME LANE),1,698461,Not at intersection,2,70,Arterial Highway,COLAC,GEELONG,-38.195946,144.32025,2021,12,December,11,Midday,Weekday
T20210024435,2021-12-01,09:45:00,1,Collision with vehicle,3,Wednesday,130,REAR END(VEHICLES IN SAME LANE),1,699538,Not at intersection,3,80,Arterial Other,HIGH STREET,KNOX,-37.876747,145.20894,2021,12,December,9,Morning Peak,Weekday
T20210025069,2021-12-01,14:24:00,1,Collision with vehicle,3,Wednesday,131,LEFT REAR,1,705539,Not at intersection,3,60,Arterial Other,MAHONEYS,HUME,-37.689724,144.95883,2021,12,December,14,Midday,Weekday
T20210024434,2021-12-01,08:01:00,1,Collision with vehicle,3,Wednesday,121,RIGHT THROUGH,1,40905,T intersection,2,70,Arterial Other,CANTERBURY,MAROONDAH,-37.83228,145.23734,2021,12,December,8,Morning Peak,Weekday
T20210024488,2021-12-01,19:55:00,8,No collision and no object struck,3,Wednesday,174,OUT OF CONTROL ON CARRIAGEWAY (ON STRAIGHT),1,68693,T intersection,3,50,Local Road,ROWES,WYNDHAM,-37.891415,144.6386,2021,12,December,19,Night,Weekday
T20210024433,2021-12-01,09:00:00,1,Collision with vehicle,3,Wednesday,143,ENTERING PARKING,1,703173,Not at intersection,2,40,Local Road,CECIL,PORT PHILLIP,-37.837242,144.95972,2021,12,December,9,Morning Peak,Weekday
T20210024432,2021-12-01,08:20:00,1,Collision with vehicle,3,Wednesday,130,REAR END(VEHICLES IN SAME LANE),1,698621,Not at intersection,2,70,Arterial Highway,DANDENONG,GLEN EIRA,-37.86324,145.02025,2021,12,December,8,Morning Peak,Weekday
T20220000638,2021-12-01,00:01:00,6,Vehicle overturned (no collision),3,Wednesday,170,OFF CARRIAGEWAY TO LEFT,3,703289,Not at intersection,2,80,Arterial Other,VENTNOR,BASS COAST,-38.463615,145.20845,2021,12,December,0,Late Night,Weekday
T20210024430,2021-12-01,07:05:00,1,Collision with vehicle,3,Wednesday,121,RIGHT THROUGH,1,37740,T intersection,3,60,Arterial Other,WILLIAMS,STONNINGTON,-37.835285,145.00569,2021,12,December,7,Morning Peak,Weekday
T20210024486,2021-12-01,17:18:00,1,Collision with vehicle,3,Wednesday,121,RIGHT THROUGH,1,42659,T intersection,2,80,Arterial Highway,STUD,KNOX,-37.936207,145.23143,2021,12,December,17,Afternoon Peak,Weekday
T20210024484,2021-12-01,19:15:00,4,Collision with a fixed object,3,Wednesday,171,LEFT OFF CARRIAGEWAY INTO OBJECT/PARKED VEHICLE,2,699039,T intersection,3,60,Arterial Other,PRINCESS,BOROONDARA,-37.793056,145.03151,2021,12,December,19,Night,Weekday
T20210024482,2021-12-01,16:45:00,1,Collision with vehicle,3,Wednesday,147,VEHICLE STRIKES ANOTHER VEH WHILE EMERGING FROM DRIVEWAY,1,701319,Not at intersection,3,60,Arterial Other,JACKSONS,DANDENONG,-37.948154,145.19199,2021,12,December,16,Afternoon Peak,Weekday
T20220000900,2021-12-01,12:10:00,1,Collision with vehicle,3,Wednesday,116,LEFT NEAR (INTERSECTIONS ONLY),1,596,T intersection,3,70,Arterial Highway,DANDENONG,GLEN EIRA,-37.8713,145.03552,2021,12,December,12,Midday,Weekday
T20210024480,2021-12-01,18:32:00,1,Collision with vehicle,3,Wednesday,121,RIGHT THROUGH,1,39317,T intersection,2,60,Arterial Other,STATION,WHITEHORSE,-37.816113,145.1243,2021,12,December,18,Afternoon Peak,Weekday
T20210024478,2021-12-01,16:15:00,1,Collision with vehicle,3,Wednesday,130,REAR END(VEHICLES IN SAME LANE),1,770737,Cross intersection,3,40,Arterial Other,JOHNSTON,YARRA,-37.798332,144.97842,2021,12,December,16,Afternoon Peak,Weekday
T20210024477,2021-12-01,14:30:00,1,Collision with vehicle,3,Wednesday,113,RIGHT NEAR (INTERSECTIONS ONLY),1,238675,Cross intersection,2,60,Local Road,MILLER,WHITTLESEA,-37.636963,145.02185,2021,12,December,14,Midday,Weekday
T20210024547,2021-12-01,14:00:00,1,Collision with vehicle,3,Wednesday,113,RIGHT NEAR (INTERSECTIONS ONLY),1,43096,Cross intersection,2,80,Arterial Highway,STUD,DANDENONG,-37.962963,145.22478,2021,12,December,14,Midday,Weekday
T20210024489,2021-12-01,19:20:00,6,Vehicle overturned (no collision),3,Wednesday,170,OFF CARRIAGEWAY TO LEFT,1,704718,Not at intersection,2,60,Arterial Other,BACCHUS MARSH,GEELONG,-37.83182,144.39236,2021,12,December,19,Night,Weekday
T20210024420,2021-12-01,04:10:00,1,Collision with vehicle,3,Wednesday,121,RIGHT THROUGH,3,30939,Cross intersection,2,60,Arterial Highway,ALEXANDRA,YARRA,-37.79312,144.97934,2021,12,December,4,Late Night,Weekday
T20210024584,2021-12-01,18:49:00,1,Collision with vehicle,3,Wednesday,130,REAR END(VEHICLES IN SAME LANE),1,702312,T intersection,2,80,Arterial Highway,MOOROODUC,FRANKSTON,-38.15763,145.13469,2021,12,December,18,Afternoon Peak,Weekday
T20210024491,2021-12-01,16:40:00,2,Struck Pedestrian,3,Wednesday,102,FAR SIDE. PED HIT BY VEHICLE FROM THE LEFT,1,36267,Cross intersection,2,40,Local Road,ELIZABETH,MELBOURNE,-37.80818,144.96037,2021,12,December,16,Afternoon Peak,Weekday
T20210024495,2021-12-01,23:30:00,1,Collision with vehicle,3,Wednesday,110,CROSS TRAFFIC(INTERSECTIONS ONLY),3,29761,Cross intersection,3,80,Arterial Other,THOMPSONS,CASEY,-38.079994,145.25813,2021,12,December,23,Night,Weekday
T20210024497,2021-12-01,18:00:00,1,Collision with vehicle,3,Wednesday,120,HEAD ON (NOT OVERTAKING),1,699495,Not at intersection,2,60,Local Road,WESTWOOD,MELTON,-37.734566,144.74895,2021,12,December,18,Afternoon Peak,Weekday
T20210024498,2021-12-01,21:57:00,6,Vehicle overturned (no collision),3,Wednesday,174,OUT OF CONTROL ON CARRIAGEWAY (ON STRAIGHT),3,698622,Multiple intersection,2,80,Arterial Other,COOPER,WHITTLESEA,-37.648407,144.9912,2021,12,December,21,Night,Weekday
T20210024426,2021-12-01,07:00:00,1,Collision with vehicle,3,Wednesday,113,RIGHT NEAR (INTERSECTIONS ONLY),1,343497,T intersection,3,60,Arterial Other,PRINCES,BAW BAW,-38.13015,145.8497,2021,12,December,7,Morning Peak,Weekday
T20210024499,2021-12-01,22:47:00,4,Collision with a fixed object,3,Wednesday,173,RIGHT OFF CARRIAGEWAY INTO OBJECT/PARKED VEHICLE,5,724437,Not at intersection,2,100,Local Road,STOCKYARD HILL,PYRENEES,-37.48285,143.33067,2021,12,December,22,Night,Weekday
T20210024501,2021-12-01,23:06:00,4,Collision with a fixed object,3,Wednesday,171,LEFT OFF CARRIAGEWAY INTO OBJECT/PARKED VEHICLE,3,702910,Cross intersection,3,40,Local Road,EMINENCE,WHITTLESEA,-37.59827,145.12508,2021,12,December,23,Night,Weekday
T20210026129,2021-12-01,09:30:00,6,Vehicle overturned (no collision),3,Wednesday,174,OUT OF CONTROL ON CARRIAGEWAY (ON STRAIGHT),1,701320,Cross intersection,3,80,Arterial Other,BARRY,HUME,-37.667244,144.9549,2021,12,December,9,Morning Peak,Weekday
T20210024414,2021-12-01,00:10:00,1,Collision with vehicle,3,Wednesday,130,REAR END(VEHICLES IN SAME LANE),3,700579,Cross intersection,3,70,Arterial Highway,DANDENONG,GLEN EIRA,-37.860428,145.0106,2021,12,December,0,Late Night,Weekday
T20210024417,2021-12-01,00:05:00,1,Collision with vehicle,3,Wednesday,150,HEAD ON(OVERTAKING),5,783498,Not at intersection,3,60,Local Road,ANNANDALE,HUME,-37.70031,144.83977,2021,12,December,0,Late Night,Weekday
T20210026163,2021-12-01,17:00:00,6,Vehicle overturned (no collision),3,Wednesday,174,OUT OF CONTROL ON CARRIAGEWAY (ON STRAIGHT),6,699929,Not at intersection,3,60,Arterial Other,MT ALEXANDER,MOONEE VALLEY,-37.776867,144.9293,2021,12,December,17,Afternoon Peak,Weekday
T20210024558,2021-12-01,15:30:00,1,Collision with vehicle,3,Wednesday,132,RIGHT REAR.,1,702911,Not at intersection,2,60,Arterial Other,HEATHERTON,CASEY,-37.97237,145.23636,2021,12,December,15,Afternoon Peak,Weekday
T20210024504,2021-12-01,02:15:00,1,Collision with vehicle,3,Wednesday,130,REAR END(VEHICLES IN SAME LANE),3,708047,Not at intersection,2,60,Local Road,STATION,ALPINE,-36.70011,146.91998,2021,12,December,2,Late Night,Weekday
T20210024476,2021-12-01,16:50:00,1,Collision with vehicle,3,Wednesday,110,CROSS TRAFFIC(INTERSECTIONS ONLY),1,706641,Cross intersection,2,50,Local Road,BAYNES,WARRNAMBOOL,-38.360252,142.44562,2021,12,December,16,Afternoon Peak,Weekday
T20210024556,2021-12-01,13:55:00,1,Collision with vehicle,3,Wednesday,140,U TURN,1,698776,T intersection,3,60,Local Road,MCFEES,DANDENONG,-37.96426,145.21661,2021,12,December,13,Midday,Weekday
T20210024473,2021-12-01,18:05:00,1,Collision with vehicle,3,Wednesday,121,RIGHT THROUGH,1,40202,Cross intersection,2,60,Arterial Other,BALACLAVA,GLEN EIRA,-37.87066,145.0086,2021,12,December,18,Afternoon Peak,Weekday
T20210024598,2021-12-02,23:15:00,4,Collision with a fixed object,4,Thursday,171,LEFT OFF CARRIAGEWAY INTO OBJECT/PARKED VEHICLE,3,703909,Not at intersection,2,60,Arterial Other,HEATHERTON,DANDENONG,-37.961746,145.14691,2021,12,December,23,Night,Weekday
T20210024522,2021-12-02,10:38:00,1,Collision with vehicle,4,Thursday,110,CROSS TRAFFIC(INTERSECTIONS ONLY),1,51406,Cross intersection,3,60,Arterial Highway,HIGH,CAMPASPE,-36.132793,144.74924,2021,12,December,10,Midday,Weekday
T20210024540,2021-12-02,05:50:00,1,Collision with vehicle,4,Thursday,110,CROSS TRAFFIC(INTERSECTIONS ONLY),3,35449,Cross intersection,2,60,Arterial Highway,FOOTSCRAY,MELBOURNE,-37.807697,144.91617,2021,12,December,5,Morning Peak,Weekday
T20210024541,2021-12-02,07:01:00,1,Collision with vehicle,4,Thursday,130,REAR END(VEHICLES IN SAME LANE),1,704367,Cross intersection,2,80,Arterial Other,HUME,HUME,-37.617115,144.94707,2021,12,December,7,Morning Peak,Weekday
T20220014616,2021-12-02,06:00:00,3,Struck animal,4,Thursday,167,STRUCK ANIMAL,2,718263,Not at intersection,3,100,Arterial Highway,SUNRAYSIA,PYRENEES,-37.0613,143.46077,2021,12,December,6,Morning Peak,Weekday
T20210024593,2021-12-02,17:30:00,8,No collision and no object struck,4,Thursday,170,OFF CARRIAGEWAY TO LEFT,1,702174,Not at intersection,2,60,Arterial Other,TOORAK,STONNINGTON,-37.84282,145.02344,2021,12,December,17,Afternoon Peak,Weekday
T20210024592,2021-12-02,18:30:00,7,Fall from or in moving vehicle,4,Thursday,190,FELL IN/FROM VEHICLE,1,701879,Not at intersection,3,100,Local Road,RHEOLA-ARNOLD,LODDON,-36.684273,143.78232,2021,12,December,18,Afternoon Peak,Weekday
T20210024599,2021-12-02,22:00:00,1,Collision with vehicle,4,Thursday,130,REAR END(VEHICLES IN SAME LANE),5,699539,Not at intersection,3,40,Freeway,EASTERN,BOROONDARA,-37.787113,145.05672,2021,12,December,22,Night,Weekday
T20210024602,2021-12-02,22:15:00,1,Collision with vehicle,4,Thursday,134,LANE CHANGE RIGHT (NOT OVERTAKING),3,35497,Cross intersection,3,80,Arterial Highway,ST KILDA,PORT PHILLIP,-37.86045,144.9841,2021,12,December,22,Night,Weekday
T20210024590,2021-12-02,17:32:00,1,Collision with vehicle,4,Thursday,130,REAR END(VEHICLES IN SAME LANE),1,731229,Not at intersection,3,100,Freeway,METROPOLITAN RING,WHITTLESEA,-37.685932,145.0201,2021,12,December,17,Afternoon Peak,Weekday
T20210024589,2021-12-02,19:04:00,1,Collision with vehicle,4,Thursday,130,REAR END(VEHICLES IN SAME LANE),1,731228,Not at intersection,3,100,Freeway,SOUTH GIPPSLAND IN-PRINCES,DANDENONG,-38.00558,145.25131,2021,12,December,19,Night,Weekday
T20220000043,2021-12-02,06:16:00,1,Collision with vehicle,4,Thursday,134,LANE CHANGE RIGHT (NOT OVERTAKING),1,703805,Not at intersection,3,100,Freeway,SOUTH GIPPSLAND,DANDENONG,-38.02047,145.24808,2021,12,December,6,Morning Peak,Weekday
T20210025038,2021-12-02,07:50:00,1,Collision with vehicle,4,Thursday,130,REAR END(VEHICLES IN SAME LANE),1,699147,Not at intersection,3,100,Freeway,EASTERN,WHITEHORSE,-37.801643,145.16069,2021,12,December,7,Morning Peak,Weekday
T20210024723,2021-12-02,15:10:00,1,Collision with vehicle,4,Thursday,130,REAR END(VEHICLES IN SAME LANE),1,778566,Not at intersection,3,60,Arterial Highway,WARRIGAL,STONNINGTON,-37.886738,145.08943,2021,12,December,15,Afternoon Peak,Weekday
T20220000913,2021-12-02,18:10:00,1,Collision with vehicle,4,Thursday,130,REAR END(VEHICLES IN SAME LANE),1,706494,Not at intersection,3,70,Arterial Other,NORTHERN ROUTE,MANNINGHAM,-37.760857,145.14368,2021,12,December,18,Afternoon Peak,Weekday
T20210024587,2021-12-02,16:10:00,1,Collision with vehicle,4,Thursday,140,U TURN,1,702103,Not at intersection,1,80,Arterial Other,PASCOE VALE,HUME,-37.661026,144.92429,2021,12,December,16,Afternoon Peak,Weekday
T20210024586,2021-12-02,17:30:00,5,collision with some other object,4,Thursday,198,OTHER ACCIDENTS NOT CLASSIFIABLE ELSEWHERE,1,701530,Not at intersection,3,80,Arterial Other,GEMBROOK-LAUNCHING PLACE,YARRA RANGES,-37.821507,145.59233,2021,12,December,17,Afternoon Peak,Weekday
T20210024583,2021-12-02,18:30:00,1,Collision with vehicle,4,Thursday,147,VEHICLE STRIKES ANOTHER VEH WHILE EMERGING FROM DRIVEWAY,1,43399,T intersection,3,60,Arterial Other,SEAFORD,FRANKSTON,-38.11237,145.1549,2021,12,December,18,Afternoon Peak,Weekday
T20210024582,2021-12-02,17:18:00,6,Vehicle overturned (no collision),4,Thursday,174,OUT OF CONTROL ON CARRIAGEWAY (ON STRAIGHT),1,699857,Not at intersection,2,80,Freeway,PRINCES,CARDINIA,-38.070732,145.3864,2021,12,December,17,Afternoon Peak,Weekday
T20210024578,2021-12-02,17:20:00,5,collision with some other object,4,Thursday,166,STRUCK OBJECT ON CARRIAGEWAY,1,698682,Not at intersection,3,70,Arterial Highway,MAROONDAH,YARRA RANGES,-37.722607,145.37894,2021,12,December,17,Afternoon Peak,Weekday
T20210024576,2021-12-02,18:00:00,1,Collision with vehicle,4,Thursday,130,REAR END(VEHICLES IN SAME LANE),1,698530,Not at intersection,3,80,Arterial Other,HUME,HUME,-37.61223,144.94629,2021,12,December,18,Afternoon Peak,Weekday
T20210024574,2021-12-02,18:03:00,1,Collision with vehicle,4,Thursday,143,ENTERING PARKING,1,698468,Not at intersection,2,50,Local Road,LYALL,CASEY,-38.10964,145.2847,2021,12,December,18,Afternoon Peak,Weekday
T20210024573,2021-12-02,18:30:00,4,Collision with a fixed object,4,Thursday,181,OFF RIGHT BEND INTO OBJECT/PARKED VEHICLE,1,701322,Not at intersection,3,80,Arterial Other,HEALESVILLE-KINGLAKE,MURRINDINDI,-37.537926,145.38036,2021,12,December,18,Afternoon Peak,Weekday
T20210024572,2021-12-02,15:45:00,1,Collision with vehicle,4,Thursday,175,OFF END OF ROAD/T-INTERSECTION.,1,45816,T intersection,3,50,Arterial Other,HEREFORD,YARRA RANGES,-37.785465,145.3818,2021,12,December,15,Afternoon Peak,Weekday
T20210024570,2021-12-02,17:39:00,1,Collision with vehicle,4,Thursday,123,RIGHT/LEFT. ONE VEH TURNING RIGHT THE OTHER LEFT.,1,700066,Cross intersection,3,80,Arterial Highway,HIGH,MITCHELL,-37.41317,144.97939,2021,12,December,17,Afternoon Peak,Weekday
T20210024568,2021-12-02,15:15:00,1,Collision with vehicle,4,Thursday,140,U TURN,1,698529,Not at intersection,3,100,Arterial Highway,HAMILTON,GEELONG,-38.132065,144.26848,2021,12,December,15,Afternoon Peak,Weekday
T20210024567,2021-12-02,17:14:00,1,Collision with vehicle,4,Thursday,130,REAR END(VEHICLES IN SAME LANE),1,772242,Not at intersection,3,80,Arterial Highway,NEPEAN,KINGSTON,-37.981632,145.07071,2021,12,December,17,Afternoon Peak,Weekday
T20210024562,2021-12-02,16:09:00,1,Collision with vehicle,4,Thursday,132,RIGHT REAR.,1,60312,Cross intersection,3,100,Arterial Other,TRENTHAM,MACEDON RANGES,-37.271877,144.44905,2021,12,December,16,Afternoon Peak,Weekday
T20210024557,2021-12-02,12:37:00,1,Collision with vehicle,4,Thursday,121,RIGHT THROUGH,1,36223,T intersection,2,50,Local Road,PICKLES,PORT PHILLIP,-37.83685,144.94849,2021,12,December,12,Midday,Weekday
T20210026319,2021-12-02,11:50:00,1,Collision with vehicle,4,Thursday,139,OTHER SAME DIRECTION-MANOUEVRES NOT INCLUDED IN DCAs 130-137,1,757569,Not at intersection,2,100,Freeway,PRINCES,WYNDHAM,-37.869186,144.75656,2021,12,December,11,Midday,Weekday
T20230006256,2021-12-02,15:30:00,1,Collision with vehicle,4,Thursday,130,REAR END(VEHICLES IN SAME LANE),1,761160,Unknown,3,60,Freeway,WESTERN RING,WYNDHAM,-37.82461,144.81276,2021,12,December,15,Afternoon Peak,Weekday
T20210024543,2021-12-02,11:30:00,1,Collision with vehicle,4,Thursday,154,PULLING OUT -REAR END,1,704491,Not at intersection,2,100,Arterial Other,BALLARAT-MARYBOROUGH,BALLARAT,-37.430058,143.79694,2021,12,December,11,Midday,Weekday
T20210024892,2021-12-02,16:08:00,1,Collision with vehicle,4,Thursday,121,RIGHT THROUGH,1,699046,Not at intersection,2,80,Arterial Highway,SOUTH GIPPSLAND,CASEY,-38.084705,145.27771,2021,12,December,16,Afternoon Peak,Weekday
T20210024594,2021-12-02,21:06:00,2,Struck Pedestrian,4,Thursday,102,FAR SIDE. PED HIT BY VEHICLE FROM THE LEFT,3,698728,Not at intersection,2,70,Arterial Other,TAYLORS,BRIMBANK,-37.729366,144.81343,2021,12,December,21,Night,Weekday
T20210024505,2021-12-02,05:04:00,5,collision with some other object,4,Thursday,166,STRUCK OBJECT ON CARRIAGEWAY,5,698818,Not at intersection,3,100,Freeway,MONASH,DANDENONG,-37.95194,145.21385,2021,12,December,5,Morning Peak,Weekday
T20210024508,2021-12-02,07:20:00,1,Collision with vehicle,4,Thursday,121,RIGHT THROUGH,1,698463,T intersection,2,70,Arterial Other,SOUTH,KINGSTON,-37.9353,145.0523,2021,12,December,7,Morning Peak,Weekday
T20210024510,2021-12-02,06:50:00,1,Collision with vehicle,4,Thursday,121,RIGHT THROUGH,2,39398,T intersection,2,70,Arterial Other,DONCASTER,MANNINGHAM,-37.78751,145.14815,2021,12,December,6,Morning Peak,Weekday
T20210024514,2021-12-02,08:30:00,1,Collision with vehicle,4,Thursday,147,VEHICLE STRIKES ANOTHER VEH WHILE EMERGING FROM DRIVEWAY,1,81044,Not at intersection,2,40,Arterial Other,CHAPEL,STONNINGTON,-37.83665,144.9962,2021,12,December,8,Morning Peak,Weekday
T20210024515,2021-12-02,08:26:00,2,Struck Pedestrian,4,Thursday,107,PED ON FOOTHPATH STRUCK BY VEHENTERING/LEAVING DRIVEWAY.,1,698502,Not at intersection,3,50,Local Road,RYLAND,MAROONDAH,-37.791378,145.2678,2021,12,December,8,Morning Peak,Weekday
T20210024542,2021-12-02,10:48:00,1,Collision with vehicle,4,Thursday,140,U TURN,1,699145,Not at intersection,3,70,Arterial Other,HIGH STREET,MONASH,-37.876884,145.18849,2021,12,December,10,Midday,Weekday
T20210024516,2021-12-02,07:55:00,1,Collision with vehicle,4,Thursday,110,CROSS TRAFFIC(INTERSECTIONS ONLY),1,35524,Cross intersection,3,40,Arterial Other,HUNTINGDALE,MONASH,-37.86252,145.11273,2021,12,December,7,Morning Peak,Weekday
T20210024551,2021-12-02,07:45:00,1,Collision with vehicle,4,Thursday,137,LEFT TURN SIDESWIPE,1,35991,Cross intersection,3,40,Local Road,LYGON,YARRA,-37.77934,144.97052,2021,12,December,7,Morning Peak,Weekday
T20210024518,2021-12-02,07:55:00,1,Collision with vehicle,4,Thursday,121,RIGHT THROUGH,1,29730,Cross intersection,3,70,Arterial Highway,NEPEAN,FRANKSTON,-38.130775,145.1251,2021,12,December,7,Morning Peak,Weekday
T20210024623,2021-12-02,18:00:00,5,collision with some other object,4,Thursday,166,STRUCK OBJECT ON CARRIAGEWAY,1,57905,T intersection,2,80,Arterial Other,MIRBOO NORTH-TRAFALGAR,BAW BAW,-38.32233,146.16936,2021,12,December,18,Afternoon Peak,Weekday
T20210024520,2021-12-02,08:38:00,1,Collision with vehicle,4,Thursday,121,RIGHT THROUGH,1,673895,Not at intersection,2,60,Arterial Highway,STATE (BELL/SPRINGVALE),DAREBIN,-37.747852,145.02768,2021,12,December,8,Morning Peak,Weekday
T20210025095,2021-12-02,05:00:00,3,Struck animal,4,Thursday,167,STRUCK ANIMAL,5,699394,Not at intersection,2,100,Arterial Highway,NORTHERN,MITCHELL,-37.370293,144.96571,2021,12,December,5,Morning Peak,Weekday
T20210024614,2021-12-02,19:15:00,1,Collision with vehicle,4,Thursday,130,REAR END(VEHICLES IN SAME LANE),2,46100,T intersection,2,60,Arterial Other,HAMPTON,BAYSIDE,-37.926086,145.00464,2021,12,December,19,Night,Weekday
T20210024661,2021-12-03,14:23:00,4,Collision with a fixed object,5,Friday,179,OTHER ACCIDENTS-OFF STRAIGHT NOT INCLUDED IN DCAs 170-175,1,698777,Not at intersection,3,50,Local Road,TUNSTALL,MANNINGHAM,-37.791004,145.17088,2021,12,December,14,Midday,Weekday
T20210024663,2021-12-03,09:15:00,1,Collision with vehicle,5,Friday,113,RIGHT NEAR (INTERSECTIONS ONLY),1,308076,Multiple intersection,3,60,Freeway,LEAKES,MELTON,-37.721573,144.65309,2021,12,December,9,Morning Peak,Weekday
T20210024664,2021-12-03,11:00:00,1,Collision with vehicle,5,Friday,130,REAR END(VEHICLES IN SAME LANE),1,258203,T intersection,3,80,Local Road,GLENEAGLES,MELTON,-37.685925,144.54387,2021,12,December,11,Midday,Weekday
T20210024666,2021-12-03,16:00:00,1,Collision with vehicle,5,Friday,130,REAR END(VEHICLES IN SAME LANE),1,709274,Not at intersection,3,60,Local Road,SOUTH,MARIBYRNONG,-37.791756,144.85455,2021,12,December,16,Afternoon Peak,Weekday
T20210024667,2021-12-03,16:15:00,1,Collision with vehicle,5,Friday,132,RIGHT REAR.,1,43020,T intersection,3,60,Arterial Other,HEATHERTON,DANDENONG,-37.969105,145.20705,2021,12,December,16,Afternoon Peak,Weekday
T20210024671,2021-12-03,18:45:00,1,Collision with vehicle,5,Friday,110,CROSS TRAFFIC(INTERSECTIONS ONLY),1,38946,Cross intersection,3,50,Local Road,DISRAELI,BOROONDARA,-37.800434,145.03961,2021,12,December,18,Afternoon Peak,Weekday
T20220005442,2021-12-03,18:00:00,8,No collision and no object struck,5,Friday,199,UNKNOWN-NO DETAILS ON MANOEUVRES OF ROAD-USERS IN ACCIDENT,9,707626,Unknown,2,100,Local Road,SCOBLES,HEPBURN,-37.230843,144.30518,2021,12,December,18,Afternoon Peak,Weekday
T20210024674,2021-12-03,17:30:00,1,Collision with vehicle,5,Friday,121,RIGHT THROUGH,1,700219,Not at intersection,2,50,Local Road,VICTOR,CASEY,-38.02107,145.31058,2021,12,December,17,Afternoon Peak,Weekday
T20210024675,2021-12-03,20:05:00,8,No collision and no object struck,5,Friday,170,OFF CARRIAGEWAY TO LEFT,4,696441,Not at intersection,2,60,Arterial Other,FLEMINGTON ROAD SERVICE,MELBOURNE,-37.796883,144.9513,2021,12,December,20,Night,Weekday
T20210024679,2021-12-03,17:05:00,1,Collision with vehicle,5,Friday,130,REAR END(VEHICLES IN SAME LANE),1,701645,Not at intersection,3,100,Arterial Other,TRARALGON-MAFFRA,WELLINGTON,-38.00493,146.78053,2021,12,December,17,Afternoon Peak,Weekday
T20210024680,2021-12-03,17:38:00,1,Collision with vehicle,5,Friday,130,REAR END(VEHICLES IN SAME LANE),1,701743,Not at intersection,2,60,Arterial Other,JELLS,MONASH,-37.911423,145.18822,2021,12,December,17,Afternoon Peak,Weekday
T20210024681,2021-12-03,21:07:00,4,Collision with a fixed object,5,Friday,183,OFF LEFT BEND INTO OBJECT/PARKED VEHICLE,3,698778,Not at intersection,3,60,Arterial Other,ELLIOTT,MELBOURNE,-37.78775,144.95143,2021,12,December,21,Night,Weekday
T20210024683,2021-12-03,20:53:00,8,No collision and no object struck,5,Friday,174,OUT OF CONTROL ON CARRIAGEWAY (ON STRAIGHT),3,36399,Cross intersection,2,40,Local Road,CANNING,MELBOURNE,-37.79774,144.97289,2021,12,December,20,Night,Weekday
T20210024684,2021-12-03,18:05:00,4,Collision with a fixed object,5,Friday,173,RIGHT OFF CARRIAGEWAY INTO OBJECT/PARKED VEHICLE,1,698684,Not at intersection,3,100,Local Road,OLD EMERALD,YARRA RANGES,-37.893486,145.43939,2021,12,December,18,Afternoon Peak,Weekday
T20210024685,2021-12-03,19:10:00,6,Vehicle overturned (no collision),5,Friday,180,OFF CARRIAGEWAY ON RIGHT BEND,1,704590,Not at intersection,3,100,Arterial Highway,PRINCES,MOYNE,-38.30971,142.05292,2021,12,December,19,Night,Weekday
T20210024689,2021-12-03,21:13:00,1,Collision with vehicle,5,Friday,160,VEHICLE COLLIDES WITH VEHICLE PARKED ON LEFT OF ROAD,3,704976,Not at intersection,3,50,Local Road,BONNIE DOONE,BANYULE,-37.70191,145.11842,2021,12,December,21,Night,Weekday
T20210024904,2021-12-03,15:35:00,1,Collision with vehicle,5,Friday,130,REAR END(VEHICLES IN SAME LANE),1,712308,Not at intersection,2,80,Arterial Highway,DINGLEY,KINGSTON,-37.95864,145.10774,2021,12,December,15,Afternoon Peak,Weekday