ACCIDENT_NO,ACCIDENT_DATE,ACCIDENT_TIME,ACCIDENT_TYPE,ACCIDENT_TYPE_DESC,DAY_OF_WEEK,DAY_WEEK_DESC,DCA_CODE,DCA_DESC,LIGHT_CONDITION,NODE_ID,ROAD_GEOMETRY_DESC,SEVERITY,SPEED_ZONE,RMA,ROAD_NAME,LGA_NAME,LATITUDE,LONGITUDE,YEAR,MONTH,MONTH_NAME,HOUR,TIME_PERIOD,DAY_TYPE
T20210025791,2021-12-03,23:00:00,1,Collision with vehicle,5,Friday,130,REAR END(VEHICLES IN SAME LANE),3,762191,Not at intersection,3,60,Arterial Highway,BELL,MORELAND,-37.74132,144.96648,2021,12,December,23,Night,Weekday
T20210025084,2021-12-03,12:00:00,6,Vehicle overturned (no collision),5,Friday,174,OUT OF CONTROL ON CARRIAGEWAY (ON STRAIGHT),1,38602,Cross intersection,3,50,Arterial Other,DEMPSTER STREET -GWELO,MARIBYRNONG,-37.80126,144.86188,2021,12,December,12,Midday,Weekday
T20210024887,2021-12-03,14:20:00,2,Struck Pedestrian,5,Friday,102,FAR SIDE. PED HIT BY VEHICLE FROM THE LEFT,1,43908,Cross intersection,2,50,Local Road,LYALL,CASEY,-38.110023,145.28792,2021,12,December,14,Midday,Weekday
T20210024856,2021-12-03,17:15:00,1,Collision with vehicle,5,Friday,130,REAR END(VEHICLES IN SAME LANE),1,719028,Not at intersection,3,50,Arterial Highway,POINT NEPEAN,MORNINGTON PENINSULA,-38.35905,144.89282,2021,12,December,17,Afternoon Peak,Weekday
T20210024732,2021-12-03,22:50:00,6,Vehicle overturned (no collision),5,Friday,174,OUT OF CONTROL ON CARRIAGEWAY (ON STRAIGHT),3,278559,Multiple intersection,3,60,Freeway,BACCHUS MARSH,GEELONG,-38.060207,144.3582,2021,12,December,22,Night,Weekday
T20210024761,2021-12-03,19:30:00,8,No collision and no object struck,5,Friday,174,OUT OF CONTROL ON CARRIAGEWAY (ON STRAIGHT),2,757399,Not at intersection,2,60,Local Road,MORWELL RIVER,LATROBE,-38.48243,146.32774,2021,12,December,19,Night,Weekday
T20210024812,2021-12-03,15:20:00,1,Collision with vehicle,5,Friday,130,REAR END(VEHICLES IN SAME LANE),1,698952,T intersection,3,60,Arterial Other,DUNNINGS,HOBSONS BAY,-37.887127,144.75589,2021,12,December,15,Afternoon Peak,Weekday
T20220001798,2021-12-03,07:35:00,4,Collision with a fixed object,5,Friday,171,LEFT OFF CARRIAGEWAY INTO OBJECT/PARKED VEHICLE,1,705404,Not at intersection,2,50,Local Road,FLAXEN HILLS,WHITTLESEA,-37.57904,145.13673,2021,12,December,7,Morning Peak,Weekday
T20210025127,2021-12-03,12:33:00,1,Collision with vehicle,5,Friday,134,LANE CHANGE RIGHT (NOT OVERTAKING),1,701705,Not at intersection,3,60,Arterial Other,PLENTY,WHITTLESEA,-37.63808,145.09578,2021,12,December,12,Midday,Weekday
T20210025226,2021-12-03,16:35:00,1,Collision with vehicle,5,Friday,130,REAR END(VEHICLES IN SAME LANE),9,49908,Cross intersection,3,40,Local Road,BROUGHAM,GEELONG,-38.1445,144.35919,2021,12,December,16,Afternoon Peak,Weekday
T20210024653,2021-12-03,12:30:00,1,Collision with vehicle,5,Friday,114,TWO RIGHT TURNING (INTERSECTIONS ONLY),1,38003,T intersection,3,40,Arterial Other,WESTGARTH,DAREBIN,-37.78267,145.0099,2021,12,December,12,Midday,Weekday
T20210026439,2021-12-03,07:05:00,4,Collision with a fixed object,5,Friday,173,RIGHT OFF CARRIAGEWAY INTO OBJECT/PARKED VEHICLE,1,700492,Not at intersection,3,40,Arterial Other,SWAN,MELBOURNE,-37.823338,144.97903,2021,12,December,7,Morning Peak,Weekday
T20210024650,2021-12-03,14:30:00,1,Collision with vehicle,5,Friday,110,CROSS TRAFFIC(INTERSECTIONS ONLY),1,58853,Cross intersection,2,100,Arterial Other,PRAIRIE-ROCHESTER,CAMPASPE,-36.299034,144.38197,2021,12,December,14,Midday,Weekday
T20210024665,2021-12-03,14:15:00,4,Collision with a fixed object,5,Friday,171,LEFT OFF CARRIAGEWAY INTO OBJECT/PARKED VEHICLE,1,701690,Not at intersection,2,100,Local Road,KELLYS,MOIRA,-36.151455,145.46803,2021,12,December,14,Midday,Weekday
T20210024648,2021-12-03,14:08:00,1,Collision with vehicle,5,Friday,113,RIGHT NEAR (INTERSECTIONS ONLY),1,64019,Cross intersection,2,60,Arterial Other,MCINTYRE,BRIMBANK,-37.769733,144.83008,2021,12,December,14,Midday,Weekday
T20210024643,2021-12-03,14:10:00,8,No collision and no object struck,5,Friday,172,OFF CARRIAGEWAY TO RIGHT,1,698864,Not at intersection,3,80,Arterial Highway,NORTHERN,MITCHELL,-37.358295,144.96254,2021,12,December,14,Midday,Weekday
T20210024642,2021-12-03,12:50:00,6,Vehicle overturned (no collision),5,Friday,174,OUT OF CONTROL ON CARRIAGEWAY (ON STRAIGHT),1,698683,Not at intersection,2,60,Local Road,ORRONG,GLEN EIRA,-37.871502,145.00845,2021,12,December,12,Midday,Weekday
T20210024635,2021-12-03,07:10:00,1,Collision with vehicle,5,Friday,110,CROSS TRAFFIC(INTERSECTIONS ONLY),1,49644,Cross intersection,3,60,Arterial Other,BACCHUS MARSH,GEELONG,-38.066605,144.35866,2021,12,December,7,Morning Peak,Weekday
T20210024633,2021-12-03,07:40:00,8,No collision and no object struck,5,Friday,174,OUT OF CONTROL ON CARRIAGEWAY (ON STRAIGHT),1,66258,T intersection,2,60,Arterial Other,POWER,BOROONDARA,-37.822952,145.02614,2021,12,December,7,Morning Peak,Weekday
T20210024632,2021-12-03,05:36:00,4,Collision with a fixed object,5,Friday,171,LEFT OFF CARRIAGEWAY INTO OBJECT/PARKED VEHICLE,6,711828,Not at intersection,2,80,Arterial Highway,SPRINGVALE,DANDENONG,-37.974052,145.14786,2021,12,December,5,Morning Peak,Weekday
T20210024626,2021-12-03,10:09:00,1,Collision with vehicle,5,Friday,120,HEAD ON (NOT OVERTAKING),1,703278,Not at intersection,2,40,Arterial Other,FARNSWORTH,MARIBYRNONG,-37.790424,144.89586,2021,12,December,10,Midday,Weekday
T20210024625,2021-12-03,09:12:00,1,Collision with vehicle,5,Friday,121,RIGHT THROUGH,1,731231,Cross intersection,3,80,Local Road,WILLIAMSONS,MANNINGHAM,-37.77391,145.12688,2021,12,December,9,Morning Peak,Weekday
T20210024622,2021-12-03,09:51:00,1,Collision with vehicle,5,Friday,110,CROSS TRAFFIC(INTERSECTIONS ONLY),1,51952,Cross intersection,3,50,Local Road,GRANT,EAST GIPPSLAND,-37.826775,147.62135,2021,12,December,9,Morning Peak,Weekday
T20210024615,2021-12-03,07:41:00,3,Struck animal,5,Friday,167,STRUCK ANIMAL,2,731230,Not at intersection,3,100,Arterial Other,BRIDGEWATER-DUNOLLY,LODDON,-36.666626,143.88206,2021,12,December,7,Morning Peak,Weekday
T20210024607,2021-12-03,04:30:00,1,Collision with vehicle,5,Friday,160,VEHICLE COLLIDES WITH VEHICLE PARKED ON LEFT OF ROAD,3,700341,Not at intersection,3,60,Local Road,MCMILLAN,EAST GIPPSLAND,-37.822865,147.65474,2021,12,December,4,Late Night,Weekday
T20210024601,2021-12-03,01:50:00,4,Collision with a fixed object,5,Friday,171,LEFT OFF CARRIAGEWAY INTO OBJECT/PARKED VEHICLE,5,707970,Not at intersection,2,100,Local Road,HENSLEY PARK,SOUTHERN GRAMPIANS,-37.679356,142.0458,2021,12,December,1,Late Night,Weekday
T20220000068,2021-12-03,21:20:00,1,Collision with vehicle,5,Friday,116,LEFT NEAR (INTERSECTIONS ONLY),3,73118,T intersection,3,60,Local Road,CRAIGIE,MORNINGTON PENINSULA,-38.255573,145.03387,2021,12,December,21,Night,Weekday
T20210025781,2021-12-03,11:35:00,1,Collision with vehicle,5,Friday,132,RIGHT REAR.,1,191046,Not at intersection,3,60,Arterial Other,HIGH,WHITTLESEA,-37.68817,145.01251,2021,12,December,11,Midday,Weekday
T20210024655,2021-12-03,12:15:00,1,Collision with vehicle,5,Friday,111,RIGHT FAR (INTERSECTIONS ONLY),1,290374,Multiple intersection,3,80,Freeway,CHELTENHAM,DANDENONG,-37.9924,145.1923,2021,12,December,12,Midday,Weekday
T20210024660,2021-12-03,15:00:00,1,Collision with vehicle,5,Friday,130,REAR END(VEHICLES IN SAME LANE),1,701324,Not at intersection,3,60,Arterial Other,MORELAND,MORELAND,-37.754093,144.9527,2021,12,December,15,Afternoon Peak,Weekday
T20210024770,2021-12-04,14:40:00,1,Collision with vehicle,6,Saturday,135,LANE CHANGE LEFT (NOT OVERTAKING),1,701327,Cross intersection,3,70,Arterial Highway,HODDLE,YARRA,-37.80713,144.99178,2021,12,December,14,Midday,Weekend
T20210025097,2021-12-04,17:30:00,1,Collision with vehicle,6,Saturday,130,REAR END(VEHICLES IN SAME LANE),1,699789,Not at intersection,3,40,Local Road,HAZEL GLEN,WHITTLESEA,-37.58661,145.12718,2021,12,December,17,Afternoon Peak,Weekend
T20210025096,2021-12-04,16:30:00,8,No collision and no object struck,6,Saturday,174,OUT OF CONTROL ON CARRIAGEWAY (ON STRAIGHT),1,698960,Not at intersection,3,100,Local Road,SALT LAKE,WEST WIMMERA,-36.616413,141.79916,2021,12,December,16,Afternoon Peak,Weekend
T20220002359,2021-12-04,16:00:00,1,Collision with vehicle,6,Saturday,130,REAR END(VEHICLES IN SAME LANE),1,703907,Not at intersection,3,60,Arterial Other,WAVERLEY,MONASH,-37.884666,145.12704,2021,12,December,16,Afternoon Peak,Weekend
T20220000440,2021-12-04,10:30:00,4,Collision with a fixed object,6,Saturday,173,RIGHT OFF CARRIAGEWAY INTO OBJECT/PARKED VEHICLE,1,701578,Not at intersection,3,100,Arterial Other,YARRA JUNCTION-NOOJEE,YARRA RANGES,-37.876957,145.78299,2021,12,December,10,Midday,Weekend
T20210024899,2021-12-04,12:00:00,9,Other accident,6,Saturday,179,OTHER ACCIDENTS-OFF STRAIGHT NOT INCLUDED IN DCAs 170-175,1,701609,Not at intersection,3,100,Local Road,OROURKES,WELLINGTON,-38.518204,146.73817,2021,12,December,12,Midday,Weekend
T20210024774,2021-12-04,16:26:00,1,Collision with vehicle,6,Saturday,110,CROSS TRAFFIC(INTERSECTIONS ONLY),1,360176,Cross intersection,2,80,Arterial Highway,WEBB,CASEY,-38.025356,145.30515,2021,12,December,16,Afternoon Peak,Weekend
T20210024777,2021-12-04,17:58:00,1,Collision with vehicle,6,Saturday,130,REAR END(VEHICLES IN SAME LANE),1,731237,Not at intersection,3,50,Arterial Other,WILLIAMSTOWN,MARIBYRNONG,-37.81349,144.88335,2021,12,December,17,Afternoon Peak,Weekend
T20210024778,2021-12-04,18:17:00,1,Collision with vehicle,6,Saturday,113,RIGHT NEAR (INTERSECTIONS ONLY),1,35388,T intersection,2,80,Arterial Other,WESTALL,KINGSTON,-37.979908,145.14267,2021,12,December,18,Afternoon Peak,Weekend
T20210024782,2021-12-04,15:30:00,1,Collision with vehicle,6,Saturday,121,RIGHT THROUGH,1,305264,T intersection,2,50,Local Road,WATERVIEW,WHITTLESEA,-37.611813,145.08896,2021,12,December,15,Afternoon Peak,Weekend
T20220000959,2021-12-04,12:00:00,8,No collision and no object struck,6,Saturday,174,OUT OF CONTROL ON CARRIAGEWAY (ON STRAIGHT),1,702510,Not at intersection,3,50,Local Road,POWERLINE,SURF COAST,-38.38918,144.19539,2021,12,December,12,Midday,Weekend
T20210024811,2021-12-04,15:10:00,1,Collision with vehicle,6,Saturday,130,REAR END(VEHICLES IN SAME LANE),1,699114,Not at intersection,3,80,Arterial Other,CRANBOURNE,FRANKSTON,-38.153255,145.15912,2021,12,December,15,Afternoon Peak,Weekend
T20210024769,2021-12-04,14:15:00,1,Collision with vehicle,6,Saturday,163,VEHICLE STRIKES DOOR OF PARKED/STATIONARY VEHICLE,1,123077,Not at intersection,3,50,Arterial Other,JOHNSTON,YARRA,-37.7993,144.98756,2021,12,December,14,Midday,Weekend
T20210024796,2021-12-04,16:30:00,4,Collision with a fixed object,6,Saturday,183,OFF LEFT BEND INTO OBJECT/PARKED VEHICLE,1,700067,Not at intersection,2,100,Local Road,EILDON-JAMIESON,MANSFIELD,-37.28819,146.12329,2021,12,December,16,Afternoon Peak,Weekend
T20210024834,2021-12-04,15:50:00,1,Collision with vehicle,6,Saturday,113,RIGHT NEAR (INTERSECTIONS ONLY),1,44881,T intersection,3,70,Local Road,HOMESTEAD,YARRA RANGES,-37.73466,145.28288,2021,12,December,15,Afternoon Peak,Weekend
T20210024766,2021-12-04,11:23:00,6,Vehicle overturned (no collision),6,Saturday,180,OFF CARRIAGEWAY ON RIGHT BEND,1,698730,Not at intersection,2,100,Arterial Highway,GREAT ALPINE,EAST GIPPSLAND,-37.12891,147.46178,2021,12,December,11,Midday,Weekend
T20220011306,2021-12-04,08:00:00,4,Collision with a fixed object,6,Saturday,173,RIGHT OFF CARRIAGEWAY INTO OBJECT/PARKED VEHICLE,1,712826,Not at intersection,3,50,Local Road,MCCRAE,WHITTLESEA,-37.58789,145.11836,2021,12,December,8,Morning Peak,Weekend
T20210024765,2021-12-04,17:30:00,1,Collision with vehicle,6,Saturday,120,HEAD ON (NOT OVERTAKING),1,701607,Not at intersection,3,80,Arterial Other,ELTHAM-YARRA GLEN,YARRA RANGES,-37.648987,145.35,2021,12,December,17,Afternoon Peak,Weekend
T20210024760,2021-12-04,13:00:00,4,Collision with a fixed object,6,Saturday,181,OFF RIGHT BEND INTO OBJECT/PARKED VEHICLE,1,698906,Not at intersection,2,100,Arterial Other,OMEO,TOWONG,-36.752533,147.44472,2021,12,December,13,Midday,Weekend
T20210024757,2021-12-04,16:00:00,1,Collision with vehicle,6,Saturday,119,OTHER ADJACENT (INTERSECTIONS ONLY),2,39848,T intersection,3,80,Arterial Other,SWANSEA,YARRA RANGES,-37.808025,145.3477,2021,12,December,16,Afternoon Peak,Weekend
T20210024756,2021-12-04,14:45:00,2,Struck Pedestrian,6,Saturday,104,PED WALKING WITH TRAFFIC,1,703630,Not at intersection,3,40,Local Road,LA TROBE,MELBOURNE,-37.81067,144.96016,2021,12,December,14,Midday,Weekend
T20210024773,2021-12-04,17:15:00,1,Collision with vehicle,6,Saturday,130,REAR END(VEHICLES IN SAME LANE),1,698951,Not at intersection,2,70,Arterial Highway,COLAC,GEELONG,-38.193123,144.3234,2021,12,December,17,Afternoon Peak,Weekend
T20210024772,2021-12-04,17:03:00,1,Collision with vehicle,6,Saturday,121,RIGHT THROUGH,1,277152,T intersection,2,60,Arterial Highway,KINGS,PORT PHILLIP,-37.829544,144.96378,2021,12,December,17,Afternoon Peak,Weekend
T20210024752,2021-12-04,15:49:00,1,Collision with vehicle,6,Saturday,130,REAR END(VEHICLES IN SAME LANE),1,699045,Not at intersection,2,70,Arterial Other,DONCASTER,MANNINGHAM,-37.78918,145.16211,2021,12,December,15,Afternoon Peak,Weekend
T20210024751,2021-12-04,13:17:00,4,Collision with a fixed object,6,Saturday,181,OFF RIGHT BEND INTO OBJECT/PARKED VEHICLE,1,699044,Not at intersection,2,100,Local Road,OLD SALE,BAW BAW,-38.094055,146.04349,2021,12,December,13,Midday,Weekend
T20210024750,2021-12-04,13:18:00,1,Collision with vehicle,6,Saturday,120,HEAD ON (NOT OVERTAKING),1,698779,Not at intersection,3,40,Arterial Other,CARLISLE,PORT PHILLIP,-37.86873,144.99318,2021,12,December,13,Midday,Weekend
T20210024748,2021-12-04,15:22:00,1,Collision with vehicle,6,Saturday,110,CROSS TRAFFIC(INTERSECTIONS ONLY),1,45537,Cross intersection,3,60,Local Road,FOURTEENTH,MILDURA,-34.21868,142.17142,2021,12,December,15,Afternoon Peak,Weekend
T20210024746,2021-12-04,10:57:00,1,Collision with vehicle,6,Saturday,120,HEAD ON (NOT OVERTAKING),1,701329,Not at intersection,2,60,Local Road,EXFORD,MELTON,-37.70778,144.57416,2021,12,December,10,Midday,Weekend
T20210024744,2021-12-04,14:30:00,4,Collision with a fixed object,6,Saturday,171,LEFT OFF CARRIAGEWAY INTO OBJECT/PARKED VEHICLE,1,107712,Not at intersection,3,60,Arterial Other,BULLA,HUME,-37.63084,144.80107,2021,12,December,14,Midday,Weekend
T20210024743,2021-12-04,13:50:00,4,Collision with a fixed object,6,Saturday,146,REVERSING INTO FIXED OBJECT/PARKED VEHICLE,1,701881,Not at intersection,2,50,Local Road,CHANNEL,GANNAWARRA,-35.804863,144.21481,2021,12,December,13,Midday,Weekend
T20210024741,2021-12-04,13:53:00,1,Collision with vehicle,6,Saturday,110,CROSS TRAFFIC(INTERSECTIONS ONLY),1,38029,Cross intersection,2,60,Local Road,MITCHELL,DAREBIN,-37.773525,145.01125,2021,12,December,13,Midday,Weekend
T20210024738,2021-12-04,13:23:00,1,Collision with vehicle,6,Saturday,113,RIGHT NEAR (INTERSECTIONS ONLY),1,70367,Cross intersection,2,80,Local Road,BERWICK,CASEY,-37.972054,145.361,2021,12,December,13,Midday,Weekend
T20210024736,2021-12-04,11:53:00,1,Collision with vehicle,6,Saturday,136,RIGHT TURN SIDESWIPE,1,783183,T intersection,3,60,Local Road,BLAIR,HUME,-37.666687,144.9328,2021,12,December,11,Midday,Weekend
T20210024731,2021-12-04,10:08:00,1,Collision with vehicle,6,Saturday,121,RIGHT THROUGH,1,731235,Cross intersection,3,80,Arterial Highway,DANDENONG,MONASH,-37.92471,145.14339,2021,12,December,10,Midday,Weekend
T20210024730,2021-12-04,12:09:00,4,Collision with a fixed object,6,Saturday,173,RIGHT OFF CARRIAGEWAY INTO OBJECT/PARKED VEHICLE,1,698733,Not at intersection,3,80,Arterial Highway,NEPEAN,MORNINGTON PENINSULA,-38.220295,145.05695,2021,12,December,12,Midday,Weekend
T20210025715,2021-12-04,12:15:00,1,Collision with vehicle,6,Saturday,130,REAR END(VEHICLES IN SAME LANE),1,703384,Cross intersection,3,60,Arterial Other,MELROSE,MORELAND,-37.709023,144.88742,2021,12,December,12,Midday,Weekend
T20210024727,2021-12-04,10:30:00,1,Collision with vehicle,6,Saturday,130,REAR END(VEHICLES IN SAME LANE),1,699043,Not at intersection,3,90,Freeway,MORNINGTON PENINSULA,MORNINGTON PENINSULA,-38.375847,144.89156,2021,12,December,10,Midday,Weekend
T20210024824,2021-12-04,13:00:00,1,Collision with vehicle,6,Saturday,130,REAR END(VEHICLES IN SAME LANE),1,698865,Not at intersection,2,70,Arterial Highway,SEPARATION,GEELONG,-38.110443,144.35332,2021,12,December,13,Midday,Weekend
T20210024827,2021-12-04,21:40:00,4,Collision with a fixed object,6,Saturday,175,OFF END OF ROAD/T-INTERSECTION.,5,50313,T intersection,3,100,Local Road,BLACKGATE,SURF COAST,-38.285755,144.40051,2021,12,December,21,Night,Weekend
T20210025017,2021-12-04,05:40:00,1,Collision with vehicle,6,Saturday,134,LANE CHANGE RIGHT (NOT OVERTAKING),1,706194,Not at intersection,3,100,Freeway,PRINCES,WYNDHAM,-37.945198,144.60034,2021,12,December,5,Morning Peak,Weekend
T20210024697,2021-12-04,00:25:00,8,No collision and no object struck,6,Saturday,174,OUT OF CONTROL ON CARRIAGEWAY (ON STRAIGHT),3,698950,Not at intersection,3,50,Local Road,LILAC,HORSHAM,-36.719555,142.19339,2021,12,December,0,Late Night,Weekend
T20210024700,2021-12-04,00:37:00,4,Collision with a fixed object,6,Saturday,173,RIGHT OFF CARRIAGEWAY INTO OBJECT/PARKED VEHICLE,3,29927,Cross intersection,2,40,Local Road,CURTIS,BALLARAT,-37.56167,143.86078,2021,12,December,0,Late Night,Weekend
T20210024707,2021-12-04,03:09:00,1,Collision with vehicle,6,Saturday,130,REAR END(VEHICLES IN SAME LANE),3,705538,Not at intersection,3,40,Arterial Highway,QUEENS,PORT PHILLIP,-37.850433,144.97816,2021,12,December,3,Late Night,Weekend
T20210024709,2021-12-04,04:30:00,1,Collision with vehicle,6,Saturday,120,HEAD ON (NOT OVERTAKING),3,731234,Not at intersection,3,40,Local Road,ABECKETT,MELBOURNE,-37.80961,144.95963,2021,12,December,4,Late Night,Weekend
T20210024720,2021-12-04,10:40:00,4,Collision with a fixed object,6,Saturday,171,LEFT OFF CARRIAGEWAY INTO OBJECT/PARKED VEHICLE,1,215776,Multiple intersection,2,60,Freeway,SPRINGVALE,MANNINGHAM,-37.804287,145.17804,2021,12,December,10,Midday,Weekend
T20210024739,2021-12-04,10:18:00,1,Collision with vehicle,6,Saturday,147,VEHICLE STRIKES ANOTHER VEH WHILE EMERGING FROM DRIVEWAY,1,226252,Not at intersection,3,60,Local Road,CAROLINE SPRINGS,MELTON,-37.754898,144.73978,2021,12,December,10,Midday,Weekend
T20210024837,2021-12-05,16:03:00,1,Collision with vehicle,7,Sunday,130,REAR END(VEHICLES IN SAME LANE),1,699284,Not at intersection,3,80,Arterial Highway,PRINCES,CASEY,-38.00861,145.27843,2021,12,December,16,Afternoon Peak,Weekend
T20210024818,2021-12-05,13:05:00,6,Vehicle overturned (no collision),7,Sunday,172,OFF CARRIAGEWAY TO RIGHT,1,705605,Not at intersection,3,100,Arterial Other,MCKENZIE,CAMPASPE,-36.175034,144.76608,2021,12,December,13,Midday,Weekend
T20210024807,2021-12-05,12:16:00,1,Collision with vehicle,7,Sunday,111,RIGHT FAR (INTERSECTIONS ONLY),1,291481,T intersection,3,60,Freeway,BLACKBURN,WHITEHORSE,-37.800793,145.15976,2021,12,December,12,Midday,Weekend
T20210024868,2021-12-05,19:06:00,6,Vehicle overturned (no collision),7,Sunday,174,OUT OF CONTROL ON CARRIAGEWAY (ON STRAIGHT),1,701759,Not at intersection,2,100,Local Road,PATTERSONS,MACEDON RANGES,-37.33704,144.83295,2021,12,December,19,Night,Weekend
T20210024893,2021-12-05,15:10:00,1,Collision with vehicle,7,Sunday,140,U TURN,1,698816,Not at intersection,2,80,Local Road,GILLIES,BALLARAT,-37.479282,143.83368,2021,12,December,15,Afternoon Peak,Weekend
T20220000939,2021-12-05,15:15:00,1,Collision with vehicle,7,Sunday,130,REAR END(VEHICLES IN SAME LANE),1,702183,Not at intersection,3,60,Arterial Highway,BULLEEN,MANNINGHAM,-37.77227,145.07916,2021,12,December,15,Afternoon Peak,Weekend
T20210024793,2021-12-05,05:20:00,1,Collision with vehicle,7,Sunday,113,RIGHT NEAR (INTERSECTIONS ONLY),2,41936,T intersection,2,80,Arterial Highway,BURWOOD,KNOX,-37.885826,145.28426,2021,12,December,5,Morning Peak,Weekend
T20210024794,2021-12-05,05:50:00,4,Collision with a fixed object,7,Sunday,171,LEFT OFF CARRIAGEWAY INTO OBJECT/PARKED VEHICLE,1,257852,T intersection,3,50,Local Road,KYABRAM,HUME,-37.661247,144.93695,2021,12,December,5,Morning Peak,Weekend
T20210024797,2021-12-05,08:25:00,1,Collision with vehicle,7,Sunday,116,LEFT NEAR (INTERSECTIONS ONLY),1,61837,T intersection,3,60,Arterial Other,WATTLETREE,NILLUMBIK,-37.694008,145.14749,2021,12,December,8,Morning Peak,Weekend
T20210024798,2021-12-05,09:23:00,1,Collision with vehicle,7,Sunday,110,CROSS TRAFFIC(INTERSECTIONS ONLY),1,65003,Cross intersection,3,60,Arterial Highway,ALEXANDRA,YARRA,-37.794052,144.9882,2021,12,December,9,Morning Peak,Weekend
T20210024800,2021-12-05,10:50:00,1,Collision with vehicle,7,Sunday,110,CROSS TRAFFIC(INTERSECTIONS ONLY),1,279270,Cross intersection,3,80,Freeway,CALDER,MOUNT ALEXANDER,-36.95593,144.23605,2021,12,December,10,Midday,Weekend
T20210024802,2021-12-05,11:30:00,1,Collision with vehicle,7,Sunday,113,RIGHT NEAR (INTERSECTIONS ONLY),1,53689,T intersection,2,60,Local Road,EXFORD,MELTON,-37.71399,144.57294,2021,12,December,11,Midday,Weekend
T20210024846,2021-12-05,18:10:00,1,Collision with vehicle,7,Sunday,110,CROSS TRAFFIC(INTERSECTIONS ONLY),1,51865,Cross intersection,2,70,Arterial Highway,NORTHERN,CAMPASPE,-36.144245,144.73003,2021,12,December,18,Afternoon Peak,Weekend
T20210024803,2021-12-05,12:22:00,6,Vehicle overturned (no collision),7,Sunday,174,OUT OF CONTROL ON CARRIAGEWAY (ON STRAIGHT),1,19416,Cross intersection,3,60,Arterial Other,HOLDSWORTH,BENDIGO,-36.733948,144.27844,2021,12,December,12,Midday,Weekend
T20210024871,2021-12-05,20:41:00,1,Collision with vehicle,7,Sunday,130,REAR END(VEHICLES IN SAME LANE),2,757396,Not at intersection,2,50,Local Road,GAMBLE,FRANKSTON,-38.11191,145.18446,2021,12,December,20,Night,Weekend
T20210024869,2021-12-05,21:12:00,1,Collision with vehicle,7,Sunday,160,VEHICLE COLLIDES WITH VEHICLE PARKED ON LEFT OF ROAD,3,714516,Not at intersection,3,50,Local Road,BRIDGEWATER,KNOX,-37.92206,145.24269,2021,12,December,21,Night,Weekend
T20210024875,2021-12-05,23:20:00,2,Struck Pedestrian,7,Sunday,100,PED NEAR SIDE. PED HIT BY VEHICLE FROM THE RIGHT.,3,706192,Not at intersection,2,40,Local Road,THE ESPLANADE,PORT PHILLIP,-37.86456,144.97273,2021,12,December,23,Night,Weekend
T20210024809,2021-12-05,11:53:00,1,Collision with vehicle,7,Sunday,121,RIGHT THROUGH,1,698907,Multiple intersection,3,60,Arterial Other,HOWITT,BAW BAW,-38.16979,145.93198,2021,12,December,11,Midday,Weekend
T20210026755,2021-12-05,14:00:00,4,Collision with a fixed object,7,Sunday,171,LEFT OFF CARRIAGEWAY INTO OBJECT/PARKED VEHICLE,1,701610,Dead end,3,50,Local Road,UNNAMED,MELTON,-37.676727,144.75493,2021,12,December,14,Midday,Weekend
T20210024825,2021-12-05,12:38:00,1,Collision with vehicle,7,Sunday,130,REAR END(VEHICLES IN SAME LANE),1,699115,Not at intersection,2,100,Freeway,PENINSULA LINK,FRANKSTON,-38.162422,145.16585,2021,12,December,12,Midday,Weekend
T20210025016,2021-12-05,16:45:00,8,No collision and no object struck,7,Sunday,174,OUT OF CONTROL ON CARRIAGEWAY (ON STRAIGHT),1,723047,Not at intersection,2,50,Local Road,SPENCER,BALLARAT,-37.588505,143.83778,2021,12,December,16,Afternoon Peak,Weekend
T20210024828,2021-12-05,08:10:00,8,No collision and no object struck,7,Sunday,174,OUT OF CONTROL ON CARRIAGEWAY (ON STRAIGHT),1,698782,Not at intersection,2,60,Local Road,OLD HEALESVILLE,YARRA RANGES,-37.646137,145.39807,2021,12,December,8,Morning Peak,Weekend
T20210025193,2021-12-05,19:50:00,1,Collision with vehicle,7,Sunday,130,REAR END(VEHICLES IN SAME LANE),2,704589,Cross intersection,3,50,Arterial Other,MOLLISON,MACEDON RANGES,-37.24577,144.45389,2021,12,December,19,Night,Weekend
T20220000556,2021-12-05,16:30:00,1,Collision with vehicle,7,Sunday,113,RIGHT NEAR (INTERSECTIONS ONLY),9,38890,Cross intersection,3,60,Arterial Other,BURWOOD,BOROONDARA,-37.821564,145.02638,2021,12,December,16,Afternoon Peak,Weekend
T20220000665,2021-12-05,16:41:00,1,Collision with vehicle,7,Sunday,110,CROSS TRAFFIC(INTERSECTIONS ONLY),1,244755,Cross intersection,2,60,Local Road,BARKLY,CENTRAL GOLDFIELDS,-37.043457,143.73363,2021,12,December,16,Afternoon Peak,Weekend