ACCIDENT_NO,ACCIDENT_DATE,ACCIDENT_TIME,ACCIDENT_TYPE,ACCIDENT_TYPE_DESC,DAY_OF_WEEK,DAY_WEEK_DESC,DCA_CODE,DCA_DESC,LIGHT_CONDITION,NODE_ID,ROAD_GEOMETRY_DESC,SEVERITY,SPEED_ZONE,RMA,ROAD_NAME,LGA_NAME,LATITUDE,LONGITUDE,YEAR,MONTH,MONTH_NAME,HOUR,TIME_PERIOD,DAY_TYPE
T20210024848,2021-12-05,18:30:00,8,No collision and no object struck,7,Sunday,174,OUT OF CONTROL ON CARRIAGEWAY (ON STRAIGHT),1,710231,T intersection,2,50,Local Road,PYKE,MELTON,-37.67272,144.59201,2021,12,December,18,Afternoon Peak,Weekend
T20210024813,2021-12-05,05:52:00,3,Struck animal,7,Sunday,167,STRUCK ANIMAL,2,698687,Not at intersection,3,80,Arterial Highway,MIDLAND,BALLARAT,-37.64469,143.86566,2021,12,December,5,Morning Peak,Weekend
T20210025606,2021-12-05,17:40:00,1,Collision with vehicle,7,Sunday,142,LEAVING PARKING,2,711173,Not at intersection,3,40,Local Road,LESNEY,YARRA,-37.8267,144.99794,2021,12,December,17,Afternoon Peak,Weekend
T20210024814,2021-12-05,11:05:00,1,Collision with vehicle,7,Sunday,137,LEFT TURN SIDESWIPE,1,699355,Not at intersection,2,60,Arterial Other,PRINCESS,BOROONDARA,-37.796158,145.03084,2021,12,December,11,Midday,Weekend
T20210024836,2021-12-05,15:10:00,1,Collision with vehicle,7,Sunday,116,LEFT NEAR (INTERSECTIONS ONLY),1,314604,Cross intersection,2,100,Arterial Highway,PRINCES HIGHWAY,CORANGAMITE,-38.208874,143.10805,2021,12,December,15,Afternoon Peak,Weekend
T20210024849,2021-12-05,16:20:00,1,Collision with vehicle,7,Sunday,113,RIGHT NEAR (INTERSECTIONS ONLY),1,261035,Cross intersection,2,60,Local Road,SINCLAIRS,MELTON,-37.741543,144.70628,2021,12,December,16,Afternoon Peak,Weekend
T20210024816,2021-12-05,13:00:00,1,Collision with vehicle,7,Sunday,113,RIGHT NEAR (INTERSECTIONS ONLY),1,44194,T intersection,3,60,Arterial Other,HEALESVILLE-YARRA GLEN,YARRA RANGES,-37.658497,145.37947,2021,12,December,13,Midday,Weekend
T20210025039,2021-12-05,21:30:00,1,Collision with vehicle,7,Sunday,110,CROSS TRAFFIC(INTERSECTIONS ONLY),5,42841,Cross intersection,3,60,Arterial Other,WHITE,KINGSTON,-37.99954,145.09402,2021,12,December,21,Night,Weekend
T20210024857,2021-12-05,20:40:00,4,Collision with a fixed object,7,Sunday,183,OFF LEFT BEND INTO OBJECT/PARKED VEHICLE,1,703109,Not at intersection,2,100,Local Road,SANDFORD-BAHGALLAH,GLENELG,-37.619057,141.43741,2021,12,December,20,Night,Weekend
T20210024847,2021-12-05,17:50:00,1,Collision with vehicle,7,Sunday,130,REAR END(VEHICLES IN SAME LANE),1,700282,Not at intersection,3,60,Arterial Highway,GREAT OCEAN,SURF COAST,-38.339275,144.31192,2021,12,December,17,Afternoon Peak,Weekend
T20210024817,2021-12-05,10:25:00,1,Collision with vehicle,7,Sunday,130,REAR END(VEHICLES IN SAME LANE),1,698688,Not at intersection,3,50,Local Road,ESPLANADE,HOBSONS BAY,-37.86757,144.88666,2021,12,December,10,Midday,Weekend
T20210025002,2021-12-05,01:30:00,1,Collision with vehicle,7,Sunday,110,CROSS TRAFFIC(INTERSECTIONS ONLY),6,56077,Cross intersection,3,50,Arterial Highway,MCKILLOP,GEELONG,-38.156925,144.37035,2021,12,December,1,Late Night,Weekend
T20210025101,2021-12-05,10:00:00,2,Struck Pedestrian,7,Sunday,108,PED STRUCK WALKING TO/FROM OR BOARDING/ALIGHTING VEHICLE.,1,702939,Not at intersection,3,50,Local Road,FRASER,STONNINGTON,-37.85784,145.03532,2021,12,December,10,Midday,Weekend
T20210024912,2021-12-05,20:30:00,3,Struck animal,7,Sunday,167,STRUCK ANIMAL,2,698867,Not at intersection,3,80,Arterial Other,DONNYBROOK,HUME,-37.537132,144.91824,2021,12,December,20,Night,Weekend
T20210024862,2021-12-05,14:00:00,1,Collision with vehicle,7,Sunday,113,RIGHT NEAR (INTERSECTIONS ONLY),1,335738,Y intersection,2,70,Local Road,KERRISON,BRIMBANK,-37.72776,144.78989,2021,12,December,14,Midday,Weekend
T20210024921,2021-12-05,12:44:00,1,Collision with vehicle,7,Sunday,130,REAR END(VEHICLES IN SAME LANE),1,698868,Not at intersection,3,60,Arterial Other,VICTORIA,MELBOURNE,-37.80691,144.96527,2021,12,December,12,Midday,Weekend
T20220029400,2021-12-05,13:40:00,1,Collision with vehicle,7,Sunday,130,REAR END(VEHICLES IN SAME LANE),1,770524,Dead end,3,50,Local Road,BATTERSBY,CASEY,-37.955788,145.26527,2021,12,December,13,Midday,Weekend
T20210024858,2021-12-05,11:24:00,4,Collision with a fixed object,7,Sunday,173,RIGHT OFF CARRIAGEWAY INTO OBJECT/PARKED VEHICLE,1,699285,Not at intersection,2,60,Arterial Other,EPPING,WHITTLESEA,-37.60357,145.03214,2021,12,December,11,Midday,Weekend
T20210024865,2021-12-05,19:07:00,1,Collision with vehicle,7,Sunday,130,REAR END(VEHICLES IN SAME LANE),1,731238,Not at intersection,3,50,Local Road,QUINN,BRIMBANK,-37.77164,144.75797,2021,12,December,19,Night,Weekend
T20210024859,2021-12-05,19:49:00,4,Collision with a fixed object,7,Sunday,151,OUT OF CONTROL (OVERTAKING),2,710617,Not at intersection,3,50,Local Road,AUGUSTINE,MORELAND,-37.697388,144.91022,2021,12,December,19,Night,Weekend
T20210024866,2021-12-05,15:21:00,1,Collision with vehicle,7,Sunday,116,LEFT NEAR (INTERSECTIONS ONLY),1,292865,T intersection,3,60,Local Road,GOLF LINKS,FRANKSTON,-38.175453,145.15129,2021,12,December,15,Afternoon Peak,Weekend
T20210024898,2021-12-06,02:30:00,4,Collision with a fixed object,1,Monday,181,OFF RIGHT BEND INTO OBJECT/PARKED VEHICLE,5,698866,T intersection,3,60,Arterial Highway,MOUNTJOY,SURF COAST,-38.544823,143.98083,2021,12,December,2,Late Night,Weekday
T20210025079,2021-12-06,15:50:00,1,Collision with vehicle,1,Monday,147,VEHICLE STRIKES ANOTHER VEH WHILE EMERGING FROM DRIVEWAY,1,701612,Not at intersection,3,70,Local Road,TARNEIT,WYNDHAM,-37.860374,144.66711,2021,12,December,15,Afternoon Peak,Weekday
T20210025810,2021-12-06,19:40:00,1,Collision with vehicle,1,Monday,130,REAR END(VEHICLES IN SAME LANE),1,699713,T intersection,3,80,Arterial Other,VINEYARD,MELTON,-37.6195,144.70529,2021,12,December,19,Night,Weekday
T20210024947,2021-12-06,13:00:00,1,Collision with vehicle,1,Monday,147,VEHICLE STRIKES ANOTHER VEH WHILE EMERGING FROM DRIVEWAY,1,234746,Not at intersection,2,60,Arterial Other,EPPING,WHITTLESEA,-37.65311,145.02284,2021,12,December,13,Midday,Weekday
T20210024945,2021-12-06,06:40:00,1,Collision with vehicle,1,Monday,160,VEHICLE COLLIDES WITH VEHICLE PARKED ON LEFT OF ROAD,1,784544,Not at intersection,2,50,Local Road,NEW,BAYSIDE,-37.88584,144.99667,2021,12,December,6,Morning Peak,Weekday
T20210026698,2021-12-06,21:27:00,1,Collision with vehicle,1,Monday,133,LANE SIDE SWIPE (VEHICLES IN PARALLEL LANES),3,731285,Not at intersection,3,40,Local Road,HIGH,DAREBIN,-37.742516,145.00331,2021,12,December,21,Night,Weekday
T20210024944,2021-12-06,17:00:00,1,Collision with vehicle,1,Monday,116,LEFT NEAR (INTERSECTIONS ONLY),1,698784,Cross intersection,3,60,Local Road,SEPARATION,GEELONG,-38.111248,144.35037,2021,12,December,17,Afternoon Peak,Weekday
T20210025014,2021-12-06,22:08:00,4,Collision with a fixed object,1,Monday,171,LEFT OFF CARRIAGEWAY INTO OBJECT/PARKED VEHICLE,3,223296,T intersection,3,70,Arterial Other,JACKSONS,MONASH,-37.926846,145.19473,2021,12,December,22,Night,Weekday
T20210025013,2021-12-06,21:40:00,4,Collision with a fixed object,1,Monday,181,OFF RIGHT BEND INTO OBJECT/PARKED VEHICLE,5,701045,Not at intersection,3,80,Arterial Other,KANGAROO GROUND-WARRANDYTE,NILLUMBIK,-37.70484,145.2271,2021,12,December,21,Night,Weekday
T20210024989,2021-12-06,17:25:00,2,Struck Pedestrian,1,Monday,107,PED ON FOOTHPATH STRUCK BY VEHENTERING/LEAVING DRIVEWAY.,1,701614,Not at intersection,3,60,Arterial Highway,LATROBE,GEELONG,-38.150097,144.35228,2021,12,December,17,Afternoon Peak,Weekday
T20210025003,2021-12-06,17:46:00,1,Collision with vehicle,1,Monday,111,RIGHT FAR (INTERSECTIONS ONLY),1,246127,Cross intersection,2,50,Local Road,JOHNSON,BRIMBANK,-37.76914,144.84097,2021,12,December,17,Afternoon Peak,Weekday
T20220000369,2021-12-06,21:24:00,4,Collision with a fixed object,1,Monday,173,RIGHT OFF CARRIAGEWAY INTO OBJECT/PARKED VEHICLE,3,703093,Not at intersection,3,60,Arterial Other,CONDON,BENDIGO,-36.77232,144.30225,2021,12,December,21,Night,Weekday
T20210024966,2021-12-06,21:00:00,1,Collision with vehicle,1,Monday,160,VEHICLE COLLIDES WITH VEHICLE PARKED ON LEFT OF ROAD,3,731239,T intersection,2,60,Arterial Other,HIGH,BOROONDARA,-37.80543,145.03456,2021,12,December,21,Night,Weekday
T20210024883,2021-12-06,06:30:00,1,Collision with vehicle,1,Monday,130,REAR END(VEHICLES IN SAME LANE),1,698783,Not at intersection,3,80,Arterial Highway,PRINCES,CASEY,-38.026173,145.30643,2021,12,December,6,Morning Peak,Weekday
T20210024880,2021-12-06,05:40:00,3,Struck animal,1,Monday,167,STRUCK ANIMAL,2,698908,Not at intersection,2,100,Arterial Other,WALLAN-WHITTLESEA,MITCHELL,-37.41998,145.0498,2021,12,December,5,Morning Peak,Weekday
T20210024965,2021-12-06,18:07:00,1,Collision with vehicle,1,Monday,121,RIGHT THROUGH,1,37799,T intersection,2,60,Arterial Other,NICHOLSON,MORELAND,-37.74854,144.97704,2021,12,December,18,Afternoon Peak,Weekday
T20210024964,2021-12-06,19:51:00,1,Collision with vehicle,1,Monday,130,REAR END(VEHICLES IN SAME LANE),1,700415,Multiple intersection,3,60,Arterial Other,GOVERNOR,KINGSTON,-38.00945,145.1219,2021,12,December,19,Night,Weekday
T20210024962,2021-12-06,20:40:00,1,Collision with vehicle,1,Monday,110,CROSS TRAFFIC(INTERSECTIONS ONLY),3,37909,Cross intersection,2,40,Local Road,CLARKE,DAREBIN,-37.776566,144.99754,2021,12,December,20,Night,Weekday
T20210024959,2021-12-06,19:41:00,4,Collision with a fixed object,1,Monday,171,LEFT OFF CARRIAGEWAY INTO OBJECT/PARKED VEHICLE,1,699727,Not at intersection,3,50,Local Road,JAMES,MAROONDAH,-37.818153,145.22838,2021,12,December,19,Night,Weekday
T20210025891,2021-12-06,15:48:00,1,Collision with vehicle,1,Monday,130,REAR END(VEHICLES IN SAME LANE),1,778570,Cross intersection,3,80,Arterial Highway,SOUTH GIPPSLAND,CASEY,-38.082092,145.27647,2021,12,December,15,Afternoon Peak,Weekday
T20210025162,2021-12-06,17:20:00,1,Collision with vehicle,1,Monday,130,REAR END(VEHICLES IN SAME LANE),1,700882,Not at intersection,3,80,Arterial Other,CLYDE,CASEY,-38.045628,145.3411,2021,12,December,17,Afternoon Peak,Weekday
T20210025873,2021-12-06,08:10:00,1,Collision with vehicle,1,Monday,133,LANE SIDE SWIPE (VEHICLES IN PARALLEL LANES),1,706056,Not at intersection,3,80,Freeway,CITYLINK,MORELAND,-37.774757,144.93713,2021,12,December,8,Morning Peak,Weekday
T20210026600,2021-12-06,08:59:00,2,Struck Pedestrian,1,Monday,108,PED STRUCK WALKING TO/FROM OR BOARDING/ALIGHTING VEHICLE.,1,45696,T intersection,3,60,Arterial Other,NICHOLSON,MORELAND,-37.74613,144.97743,2021,12,December,8,Morning Peak,Weekday
T20210024955,2021-12-06,17:05:00,4,Collision with a fixed object,1,Monday,183,OFF LEFT BEND INTO OBJECT/PARKED VEHICLE,1,721637,Not at intersection,3,80,Arterial Other,OLD PRINCES,CARDINIA,-38.054962,145.38182,2021,12,December,17,Afternoon Peak,Weekday
T20210024897,2021-12-06,07:45:00,1,Collision with vehicle,1,Monday,113,RIGHT NEAR (INTERSECTIONS ONLY),1,51262,T intersection,2,100,Arterial Other,LANCASTER-MOOROOPNA,SHEPPARTON,-36.310738,145.27745,2021,12,December,7,Morning Peak,Weekday
T20210024901,2021-12-06,06:05:00,1,Collision with vehicle,1,Monday,169,OTHER ON PATH,2,704817,Not at intersection,3,50,Local Road,WHITWORTH,DANDENONG,-37.940704,145.15352,2021,12,December,6,Morning Peak,Weekday
T20210025598,2021-12-06,17:10:00,1,Collision with vehicle,1,Monday,131,LEFT REAR,1,701647,Not at intersection,3,40,Local Road,GERTRUDE,YARRA,-37.806072,144.98026,2021,12,December,17,Afternoon Peak,Weekday
T20210024953,2021-12-06,17:40:00,1,Collision with vehicle,1,Monday,130,REAR END(VEHICLES IN SAME LANE),1,702430,Cross intersection,3,80,Arterial Other,SWANSEA,YARRA RANGES,-37.79723,145.35913,2021,12,December,17,Afternoon Peak,Weekday
T20210024952,2021-12-06,17:15:00,2,Struck Pedestrian,1,Monday,105,PED WALKING AGAINST TRAFFIC.,1,701695,T intersection,3,80,Arterial Other,SWANSEA,YARRA RANGES,-37.80584,145.3528,2021,12,December,17,Afternoon Peak,Weekday
T20210024902,2021-12-06,08:10:00,4,Collision with a fixed object,1,Monday,173,RIGHT OFF CARRIAGEWAY INTO OBJECT/PARKED VEHICLE,1,784531,Not at intersection,2,80,Arterial Highway,STATE (LOWER DANDENONG/CHELTENHAM),DANDENONG,-37.991077,145.14725,2021,12,December,8,Morning Peak,Weekday
T20210024910,2021-12-06,06:25:00,6,Vehicle overturned (no collision),1,Monday,180,OFF CARRIAGEWAY ON RIGHT BEND,1,703223,Not at intersection,2,50,Local Road,FRANKSTON GARDENS,FRANKSTON,-38.091797,145.16434,2021,12,December,6,Morning Peak,Weekday
T20210024911,2021-12-06,11:30:00,1,Collision with vehicle,1,Monday,147,VEHICLE STRIKES ANOTHER VEH WHILE EMERGING FROM DRIVEWAY,1,699117,Not at intersection,3,70,Arterial Other,BOUNDARY,BRIMBANK,-37.815784,144.81442,2021,12,December,11,Midday,Weekday
T20210024917,2021-12-06,13:25:00,7,Fall from or in moving vehicle,1,Monday,190,FELL IN/FROM VEHICLE,1,704762,Not at intersection,3,70,Arterial Highway,RAGLAN PARADE SERVICE,WARRNAMBOOL,-38.363873,142.45842,2021,12,December,13,Midday,Weekday
T20210024919,2021-12-06,12:20:00,4,Collision with a fixed object,1,Monday,171,LEFT OFF CARRIAGEWAY INTO OBJECT/PARKED VEHICLE,1,702727,Not at intersection,2,100,Arterial Highway,CALDER,MILDURA,-34.343506,142.18661,2021,12,December,12,Midday,Weekday
T20210024922,2021-12-06,13:40:00,1,Collision with vehicle,1,Monday,137,LEFT TURN SIDESWIPE,1,74843,T intersection,3,80,Arterial Highway,NEPEAN,KINGSTON,-37.994785,145.08339,2021,12,December,13,Midday,Weekday
T20210024924,2021-12-06,13:00:00,1,Collision with vehicle,1,Monday,133,LANE SIDE SWIPE (VEHICLES IN PARALLEL LANES),1,705426,Not at intersection,2,100,Local Road,WANGOOM,MOYNE,-38.33133,142.57645,2021,12,December,13,Midday,Weekday
T20210024929,2021-12-06,14:10:00,1,Collision with vehicle,1,Monday,132,RIGHT REAR.,1,51614,T intersection,2,60,Arterial Highway,MARONG,BENDIGO,-36.758553,144.25662,2021,12,December,14,Midday,Weekday
T20210024930,2021-12-06,09:20:00,1,Collision with vehicle,1,Monday,120,HEAD ON (NOT OVERTAKING),1,699577,Not at intersection,3,100,Local Road,PLUMPTON,MELTON,-37.70383,144.69455,2021,12,December,9,Morning Peak,Weekday
T20210024931,2021-12-06,14:00:00,1,Collision with vehicle,1,Monday,130,REAR END(VEHICLES IN SAME LANE),1,701613,Not at intersection,3,100,Freeway,WESTERN,MELTON,-37.747395,144.7071,2021,12,December,14,Midday,Weekday
T20210024933,2021-12-06,14:51:00,1,Collision with vehicle,1,Monday,121,RIGHT THROUGH,1,39934,Cross intersection,2,60,Arterial Other,BLACKSHAWS,HOBSONS BAY,-37.831226,144.84825,2021,12,December,14,Midday,Weekday
T20210024935,2021-12-06,14:00:00,1,Collision with vehicle,1,Monday,121,RIGHT THROUGH,1,280084,Multiple intersection,3,80,Freeway,BURWOOD,KNOX,-37.861015,145.2112,2021,12,December,14,Midday,Weekday
T20210024937,2021-12-06,15:45:00,2,Struck Pedestrian,1,Monday,101,PED EMERGES FROM IN FRONT OF PARKED OR STATIONARY VEHICLE,1,701696,Not at intersection,3,60,Local Road,HUMPHRIES,MORNINGTON PENINSULA,-38.18939,145.12039,2021,12,December,15,Afternoon Peak,Weekday
T20210024940,2021-12-06,14:50:00,4,Collision with a fixed object,1,Monday,181,OFF RIGHT BEND INTO OBJECT/PARKED VEHICLE,1,712360,Not at intersection,2,80,Arterial Other,BENALLA-YARRAWONGA,MOIRA,-36.269703,145.96474,2021,12,December,14,Midday,Weekday
T20210024941,2021-12-06,14:18:00,4,Collision with a fixed object,1,Monday,171,LEFT OFF CARRIAGEWAY INTO OBJECT/PARKED VEHICLE,1,701646,Not at intersection,2,60,Arterial Highway,PRINCES,BAW BAW,-38.206127,146.16602,2021,12,December,14,Midday,Weekday
T20210024942,2021-12-06,16:10:00,1,Collision with vehicle,1,Monday,110,CROSS TRAFFIC(INTERSECTIONS ONLY),1,244394,Cross intersection,3,80,Arterial Other,CIVIC DRIVE -GREENSBOROUGH,NILLUMBIK,-37.688972,145.11295,2021,12,December,16,Afternoon Peak,Weekday
T20210024943,2021-12-06,15:58:00,1,Collision with vehicle,1,Monday,130,REAR END(VEHICLES IN SAME LANE),1,699846,Not at intersection,2,50,Local Road,WATSONIA,BANYULE,-37.70505,145.0837,2021,12,December,15,Afternoon Peak,Weekday
T20210025351,2021-12-06,12:15:00,8,No collision and no object struck,1,Monday,189,OTHER ACCIDENTS ON CURVE NOT INCLUDED IN DCAs 180-184,1,700792,T intersection,3,50,Arterial Highway,GREAT OCEAN,SURF COAST,-38.468113,144.08478,2021,12,December,12,Midday,Weekday
T20210025345,2021-12-06,14:30:00,1,Collision with vehicle,1,Monday,116,LEFT NEAR (INTERSECTIONS ONLY),1,36611,T intersection,3,50,Local Road,BOILEAU,DANDENONG,-37.996094,145.18698,2021,12,December,14,Midday,Weekday
T20210025027,2021-12-06,10:15:00,1,Collision with vehicle,1,Monday,130,REAR END(VEHICLES IN SAME LANE),1,704494,Not at intersection,3,60,Arterial Highway,PRINCES,EAST GIPPSLAND,-37.81893,147.65125,2021,12,December,10,Midday,Weekday
T20210025078,2021-12-07,08:00:00,1,Collision with vehicle,2,Tuesday,130,REAR END(VEHICLES IN SAME LANE),1,210733,Not at intersection,3,70,Local Road,TARNEIT,WYNDHAM,-37.87515,144.6645,2021,12,December,8,Morning Peak,Weekday
T20210025025,2021-12-07,16:45:00,1,Collision with vehicle,2,Tuesday,130,REAR END(VEHICLES IN SAME LANE),1,698956,Not at intersection,2,80,Arterial Other,MELTON,BRIMBANK,-37.70028,144.7952,2021,12,December,16,Afternoon Peak,Weekday
T20210024997,2021-12-07,11:00:00,4,Collision with a fixed object,2,Tuesday,181,OFF RIGHT BEND INTO OBJECT/PARKED VEHICLE,1,701694,T intersection,3,80,Local Road,SINCLAIRS,BENDIGO,-36.79598,144.37099,2021,12,December,11,Midday,Weekday
T20210025297,2021-12-07,11:20:00,1,Collision with vehicle,2,Tuesday,110,CROSS TRAFFIC(INTERSECTIONS ONLY),1,40799,Cross intersection,3,50,Local Road,HAWTHORN,WHITEHORSE,-37.846806,145.16437,2021,12,December,11,Midday,Weekday
T20210025035,2021-12-07,17:59:00,2,Struck Pedestrian,2,Tuesday,100,PED NEAR SIDE. PED HIT BY VEHICLE FROM THE RIGHT.,1,49253,Cross intersection,3,60,Arterial Other,PARK,CENTRAL GOLDFIELDS,-37.033283,143.74463,2021,12,December,17,Afternoon Peak,Weekday
T20210025009,2021-12-07,13:10:00,1,Collision with vehicle,2,Tuesday,130,REAR END(VEHICLES IN SAME LANE),1,698954,Not at intersection,3,80,Arterial Highway,SPRINGVALE,DANDENONG,-37.97688,145.14728,2021,12,December,13,Midday,Weekday
T20210025034,2021-12-07,16:00:00,1,Collision with vehicle,2,Tuesday,130,REAR END(VEHICLES IN SAME LANE),1,731244,Not at intersection,4,100,Arterial Highway,MAROONDAH,MANSFIELD,-37.024334,145.81087,2021,12,December,16,Afternoon Peak,Weekday
T20210025028,2021-12-07,16:35:00,1,Collision with vehicle,2,Tuesday,113,RIGHT NEAR (INTERSECTIONS ONLY),1,292841,Multiple intersection,2,60,Freeway,BELGRAVE-HALLAM-MONASH IN,CASEY,-37.998283,145.27507,2021,12,December,16,Afternoon Peak,Weekday
T20210025032,2021-12-07,16:11:00,1,Collision with vehicle,2,Tuesday,121,RIGHT THROUGH,1,41800,Cross intersection,2,60,Arterial Highway,SPRINGVALE,MONASH,-37.888885,145.16414,2021,12,December,16,Afternoon Peak,Weekday
T20210025037,2021-12-07,14:30:00,1,Collision with vehicle,2,Tuesday,113,RIGHT NEAR (INTERSECTIONS ONLY),1,47914,T intersection,3,60,Local Road,COCHRANES,KINGSTON,-37.94225,145.06284,2021,12,December,14,Midday,Weekday
T20210025012,2021-12-07,10:45:00,1,Collision with vehicle,2,Tuesday,120,HEAD ON (NOT OVERTAKING),1,698955,Not at intersection,2,50,Local Road,WYATT,MITCHELL,-37.42268,144.97644,2021,12,December,10,Midday,Weekday
T20210024975,2021-12-07,05:10:00,1,Collision with vehicle,2,Tuesday,113,RIGHT NEAR (INTERSECTIONS ONLY),3,44458,Cross intersection,3,60,Arterial Highway,ALBERT,DAREBIN,-37.735554,145.02417,2021,12,December,5,Morning Peak,Weekday
T20210025365,2021-12-07,10:15:00,1,Collision with vehicle,2,Tuesday,135,LANE CHANGE LEFT (NOT OVERTAKING),1,700159,T intersection,3,70,Arterial Other,DONCASTER,MANNINGHAM,-37.78817,145.10614,2021,12,December,10,Midday,Weekday
T20220001725,2021-12-07,15:20:00,8,No collision and no object struck,2,Tuesday,179,OTHER ACCIDENTS-OFF STRAIGHT NOT INCLUDED IN DCAs 170-175,1,781389,Not at intersection,3,60,Local Road,STANLEYS,GLENELG,-38.17223,141.31615,2021,12,December,15,Afternoon Peak,Weekday
T20210024984,2021-12-07,06:55:00,1,Collision with vehicle,2,Tuesday,120,HEAD ON (NOT OVERTAKING),1,731240,Not at intersection,2,60,Arterial Other,MORGAN,GEELONG,-38.09975,144.34956,2021,12,December,6,Morning Peak,Weekday
T20210024978,2021-12-07,05:34:00,4,Collision with a fixed object,2,Tuesday,181,OFF RIGHT BEND INTO OBJECT/PARKED VEHICLE,2,702905,Not at intersection,3,60,Arterial Other,MONBULK,YARRA RANGES,-37.86572,145.41054,2021,12,December,5,Morning Peak,Weekday
T20210025041,2021-12-07,19:24:00,1,Collision with vehicle,2,Tuesday,110,CROSS TRAFFIC(INTERSECTIONS ONLY),1,698958,Cross intersection,2,60,Local Road,MORRIS,WYNDHAM,-37.87941,144.70128,2021,12,December,19,Night,Weekday
T20210025285,2021-12-07,18:30:00,1,Collision with vehicle,2,Tuesday,130,REAR END(VEHICLES IN SAME LANE),1,701744,Not at intersection,3,50,Local Road,WEST,MORELAND,-37.702972,144.93906,2021,12,December,18,Afternoon Peak,Weekday
T20210025022,2021-12-07,14:10:00,4,Collision with a fixed object,2,Tuesday,183,OFF LEFT BEND INTO OBJECT/PARKED VEHICLE,1,705295,Not at intersection,2,100,Arterial Other,NATIMUK-HAMILTON,SOUTHERN GRAMPIANS,-37.306423,141.86053,2021,12,December,14,Midday,Weekday
T20210025042,2021-12-07,18:40:00,1,Collision with vehicle,2,Tuesday,130,REAR END(VEHICLES IN SAME LANE),1,778578,Not at intersection,3,60,Arterial Highway,WARRIGAL,MONASH,-37.894917,145.08784,2021,12,December,18,Afternoon Peak,Weekday
T20210024998,2021-12-07,09:48:00,1,Collision with vehicle,2,Tuesday,130,REAR END(VEHICLES IN SAME LANE),1,731241,T intersection,3,60,Arterial Other,LA TROBE,BALLARAT,-37.57348,143.84648,2021,12,December,9,Morning Peak,Weekday
T20210025204,2021-12-07,11:35:00,1,Collision with vehicle,2,Tuesday,132,RIGHT REAR.,1,699288,Not at intersection,3,50,Local Road,FRENCH,SOUTHERN GRAMPIANS,-37.744137,142.02715,2021,12,December,11,Midday,Weekday
T20210025056,2021-12-07,21:45:00,1,Collision with vehicle,2,Tuesday,130,REAR END(VEHICLES IN SAME LANE),3,699995,Not at intersection,2,70,Arterial Other,BUCKLEY,MOONEE VALLEY,-37.752293,144.87477,2021,12,December,21,Night,Weekday
T20210025011,2021-12-07,07:00:00,1,Collision with vehicle,2,Tuesday,130,REAR END(VEHICLES IN SAME LANE),2,731242,Not at intersection,2,100,Freeway,WESTERN,MELTON,-37.785343,144.74834,2021,12,December,7,Morning Peak,Weekday
T20210025055,2021-12-07,16:40:00,1,Collision with vehicle,2,Tuesday,135,LANE CHANGE LEFT (NOT OVERTAKING),1,731543,Not at intersection,2,100,Freeway,GEELONG RING,GEELONG,-38.102978,144.32034,2021,12,December,16,Afternoon Peak,Weekday
T20210025054,2021-12-07,16:20:00,1,Collision with vehicle,2,Tuesday,121,RIGHT THROUGH,1,44794,T intersection,3,60,Local Road,CALROSSIE,BANYULE,-37.711594,145.13028,2021,12,December,16,Afternoon Peak,Weekday
T20210025052,2021-12-07,17:05:00,4,Collision with a fixed object,2,Tuesday,173,RIGHT OFF CARRIAGEWAY INTO OBJECT/PARKED VEHICLE,1,699048,Not at intersection,2,100,Local Road,DORODONG,WEST WIMMERA,-37.334297,141.0678,2021,12,December,17,Afternoon Peak,Weekday
T20210025048,2021-12-07,20:15:00,4,Collision with a fixed object,2,Tuesday,171,LEFT OFF CARRIAGEWAY INTO OBJECT/PARKED VEHICLE,3,699148,Not at intersection,3,100,Freeway,MONASH,DANDENONG,-37.949783,145.2108,2021,12,December,20,Night,Weekday
T20210025043,2021-12-07,18:36:00,1,Collision with vehicle,2,Tuesday,120,HEAD ON (NOT OVERTAKING),1,709060,Not at intersection,3,50,Local Road,LAKE,GEELONG,-38.260197,144.5123,2021,12,December,18,Afternoon Peak,Weekday
T20210024987,2021-12-07,09:02:00,2,Struck Pedestrian,2,Tuesday,100,PED NEAR SIDE. PED HIT BY VEHICLE FROM THE RIGHT.,1,702774,Not at intersection,2,40,Local Road,CAPITAL,MONASH,-37.866547,145.1769,2021,12,December,9,Morning Peak,Weekday
T20210025018,2021-12-07,12:08:00,2,Struck Pedestrian,2,Tuesday,102,FAR SIDE. PED HIT BY VEHICLE FROM THE LEFT,1,243678,Not at intersection,3,60,Arterial Other,BAY,KINGSTON,-37.95716,145.04941,2021,12,December,12,Midday,Weekday
T20210024981,2021-12-07,06:40:00,4,Collision with a fixed object,2,Tuesday,173,RIGHT OFF CARRIAGEWAY INTO OBJECT/PARKED VEHICLE,1,29754,Cross intersection,3,50,Arterial Other,HIGH,MELTON,-37.683407,144.58052,2021,12,December,6,Morning Peak,Weekday
T20210025000,2021-12-07,12:00:00,1,Collision with vehicle,2,Tuesday,120,HEAD ON (NOT OVERTAKING),1,698871,Not at intersection,3,50,Local Road,ORBITAL,BRIMBANK,-37.739605,144.82773,2021,12,December,12,Midday,Weekday