ACCIDENT_NO,ACCIDENT_DATE,ACCIDENT_TIME,ACCIDENT_TYPE,ACCIDENT_TYPE_DESC,DAY_OF_WEEK,DAY_WEEK_DESC,DCA_CODE,DCA_DESC,LIGHT_CONDITION,NODE_ID,ROAD_GEOMETRY_DESC,SEVERITY,SPEED_ZONE,RMA,ROAD_NAME,LGA_NAME,LATITUDE,LONGITUDE,YEAR,MONTH,MONTH_NAME,HOUR,TIME_PERIOD,DAY_TYPE
T20210025005,2021-12-07,12:51:00,1,Collision with vehicle,2,Tuesday,110,CROSS TRAFFIC(INTERSECTIONS ONLY),1,62922,Cross intersection,2,40,Local Road,BELLEVUE,BANYULE,-37.7359,145.06393,2021,12,December,12,Midday,Weekday
T20210024971,2021-12-07,00:10:00,1,Collision with vehicle,2,Tuesday,110,CROSS TRAFFIC(INTERSECTIONS ONLY),3,50388,Cross intersection,2,50,Arterial Highway,THOMPSON,BASS COAST,-38.452328,145.23898,2021,12,December,0,Late Night,Weekday
T20210025201,2021-12-07,13:00:00,1,Collision with vehicle,2,Tuesday,145,REVERSING IN STREAM OF TRAFFIC,1,699120,Dead end,3,50,Local Road,DARREN,MANNINGHAM,-37.76722,145.17703,2021,12,December,13,Midday,Weekday
T20210025098,2021-12-08,13:39:00,4,Collision with a fixed object,3,Wednesday,171,LEFT OFF CARRIAGEWAY INTO OBJECT/PARKED VEHICLE,1,701703,Not at intersection,3,50,Local Road,BERKELEY,MANNINGHAM,-37.78527,145.12787,2021,12,December,13,Midday,Weekday
T20210025349,2021-12-08,10:30:00,2,Struck Pedestrian,3,Wednesday,100,PED NEAR SIDE. PED HIT BY VEHICLE FROM THE RIGHT.,1,699359,Not at intersection,3,40,Local Road,OCEAN BEACH,MORNINGTON PENINSULA,-38.339108,144.74054,2021,12,December,10,Midday,Weekday
T20210025065,2021-12-08,06:30:00,1,Collision with vehicle,3,Wednesday,110,CROSS TRAFFIC(INTERSECTIONS ONLY),1,38011,Cross intersection,3,60,Local Road,NEWCASTLE,DAREBIN,-37.74994,145.01147,2021,12,December,6,Morning Peak,Weekday
T20220002596,2021-12-08,18:34:00,1,Collision with vehicle,3,Wednesday,110,CROSS TRAFFIC(INTERSECTIONS ONLY),1,59872,Cross intersection,3,50,Local Road,MORRISON,BENDIGO,-36.802044,144.23755,2021,12,December,18,Afternoon Peak,Weekday
T20210025063,2021-12-08,03:25:00,4,Collision with a fixed object,3,Wednesday,171,LEFT OFF CARRIAGEWAY INTO OBJECT/PARKED VEHICLE,6,731246,Not at intersection,3,50,Local Road,WINDROCK,HUME,-37.576633,144.93088,2021,12,December,3,Late Night,Weekday
T20210025093,2021-12-08,08:45:00,1,Collision with vehicle,3,Wednesday,130,REAR END(VEHICLES IN SAME LANE),1,731251,Not at intersection,2,50,Local Road,HEATHERHILL,FRANKSTON,-38.160866,145.15372,2021,12,December,8,Morning Peak,Weekday
T20210025119,2021-12-08,15:19:00,1,Collision with vehicle,3,Wednesday,113,RIGHT NEAR (INTERSECTIONS ONLY),1,42077,Cross intersection,3,60,Arterial Other,GAFFNEY,MORELAND,-37.7319,144.94215,2021,12,December,15,Afternoon Peak,Weekday
T20220003034,2021-12-08,09:00:00,1,Collision with vehicle,3,Wednesday,121,RIGHT THROUGH,1,37869,Cross intersection,3,70,Arterial Highway,ST GEORGES,DAREBIN,-37.762817,144.99274,2021,12,December,9,Morning Peak,Weekday
T20210026321,2021-12-08,19:20:00,1,Collision with vehicle,3,Wednesday,137,LEFT TURN SIDESWIPE,1,36166,Cross intersection,3,40,Local Road,CHAPEL,STONNINGTON,-37.854706,144.99283,2021,12,December,19,Night,Weekday
T20210025118,2021-12-08,15:40:00,4,Collision with a fixed object,3,Wednesday,171,LEFT OFF CARRIAGEWAY INTO OBJECT/PARKED VEHICLE,1,701797,T intersection,3,50,Local Road,SHERMAN,WHITEHORSE,-37.837505,145.18039,2021,12,December,15,Afternoon Peak,Weekday
T20210025122,2021-12-08,17:05:00,1,Collision with vehicle,3,Wednesday,121,RIGHT THROUGH,1,42537,Cross intersection,3,60,Arterial Other,POLICE,DANDENONG,-37.933754,145.16164,2021,12,December,17,Afternoon Peak,Weekday
T20210025092,2021-12-08,13:00:00,1,Collision with vehicle,3,Wednesday,121,RIGHT THROUGH,1,37292,T intersection,3,60,Arterial Other,SWAN,YARRA,-37.826508,145.00543,2021,12,December,13,Midday,Weekday
T20210025121,2021-12-08,16:35:00,4,Collision with a fixed object,3,Wednesday,181,OFF RIGHT BEND INTO OBJECT/PARKED VEHICLE,1,701706,Not at intersection,3,100,Arterial Other,CAMPERDOWN-LISMORE,CORANGAMITE,-38.207504,143.17288,2021,12,December,16,Afternoon Peak,Weekday
T20220027952,2021-12-08,20:30:00,1,Collision with vehicle,3,Wednesday,142,LEAVING PARKING,9,742212,Not at intersection,3,50,Local Road,GARDEN GROVE,WHITTLESEA,-37.675823,145.05438,2021,12,December,20,Night,Weekday
T20210025143,2021-12-08,22:55:00,1,Collision with vehicle,3,Wednesday,120,HEAD ON (NOT OVERTAKING),3,699194,Not at intersection,3,60,Arterial Other,RIVERSDALE,BOROONDARA,-37.834923,145.08904,2021,12,December,22,Night,Weekday
T20210025499,2021-12-08,21:30:00,1,Collision with vehicle,3,Wednesday,130,REAR END(VEHICLES IN SAME LANE),6,731266,Not at intersection,2,60,Arterial Other,CLAYTON,MONASH,-37.91711,145.12128,2021,12,December,21,Night,Weekday
T20210025209,2021-12-08,19:00:00,1,Collision with vehicle,3,Wednesday,111,RIGHT FAR (INTERSECTIONS ONLY),3,44279,Cross intersection,2,50,Local Road,CENTRAL,DAREBIN,-37.73679,145.00722,2021,12,December,19,Night,Weekday
T20210025091,2021-12-08,06:35:00,1,Collision with vehicle,3,Wednesday,121,RIGHT THROUGH,1,731250,Cross intersection,2,60,Local Road,MOZART,PORT PHILLIP,-37.869728,144.98798,2021,12,December,6,Morning Peak,Weekday
T20210026038,2021-12-08,03:27:00,1,Collision with vehicle,3,Wednesday,110,CROSS TRAFFIC(INTERSECTIONS ONLY),3,783789,Cross intersection,3,40,Local Road,CENTRE,HUME,-37.672977,144.85211,2021,12,December,3,Late Night,Weekday
T20210025111,2021-12-08,14:32:00,1,Collision with vehicle,3,Wednesday,160,VEHICLE COLLIDES WITH VEHICLE PARKED ON LEFT OF ROAD,1,699050,Not at intersection,2,50,Local Road,AUSTIN,FRANKSTON,-38.10528,145.13287,2021,12,December,14,Midday,Weekday
T20210025105,2021-12-08,23:48:00,2,Struck Pedestrian,3,Wednesday,105,PED WALKING AGAINST TRAFFIC.,3,698961,Not at intersection,3,60,Arterial Other,THOMPSON,GEELONG,-38.12648,144.34003,2021,12,December,23,Night,Weekday
T20210025174,2021-12-08,16:32:00,4,Collision with a fixed object,3,Wednesday,171,LEFT OFF CARRIAGEWAY INTO OBJECT/PARKED VEHICLE,1,700538,T intersection,2,60,Local Road,PAKINGTON,GEELONG,-38.150726,144.34639,2021,12,December,16,Afternoon Peak,Weekday
T20210025124,2021-12-08,17:45:00,1,Collision with vehicle,3,Wednesday,148,VEHICLE OFF FOOTPATH STRIKES VEH ON CARRIAGEWAY,1,704588,Cross intersection,3,50,Local Road,CASTLETOWN,MELTON,-37.730896,144.5733,2021,12,December,17,Afternoon Peak,Weekday
T20210025882,2021-12-08,23:30:00,1,Collision with vehicle,3,Wednesday,113,RIGHT NEAR (INTERSECTIONS ONLY),3,47884,T intersection,3,60,Arterial Highway,TOORAK,BOROONDARA,-37.84886,145.08223,2021,12,December,23,Night,Weekday
T20210025112,2021-12-08,14:55:00,1,Collision with vehicle,3,Wednesday,135,LANE CHANGE LEFT (NOT OVERTAKING),1,701704,Cross intersection,3,60,Arterial Other,ROYAL PARADE SERVICE,MELBOURNE,-37.794476,144.95804,2021,12,December,14,Midday,Weekday
T20210025287,2021-12-08,15:25:00,2,Struck Pedestrian,3,Wednesday,100,PED NEAR SIDE. PED HIT BY VEHICLE FROM THE RIGHT.,1,700661,Not at intersection,3,40,Local Road,SHEPHERD,MONASH,-37.8834,145.17915,2021,12,December,15,Afternoon Peak,Weekday
T20220013032,2021-12-08,16:20:00,1,Collision with vehicle,3,Wednesday,113,RIGHT NEAR (INTERSECTIONS ONLY),1,715002,T intersection,3,50,Local Road,KILBURN,MORNINGTON PENINSULA,-38.275738,145.01076,2021,12,December,16,Afternoon Peak,Weekday
T20210025136,2021-12-08,18:32:00,4,Collision with a fixed object,3,Wednesday,171,LEFT OFF CARRIAGEWAY INTO OBJECT/PARKED VEHICLE,1,699275,Not at intersection,1,60,Local Road,ROXBURGH PARK,HUME,-37.625637,144.92331,2021,12,December,18,Afternoon Peak,Weekday
T20210025245,2021-12-08,21:30:00,6,Vehicle overturned (no collision),3,Wednesday,174,OUT OF CONTROL ON CARRIAGEWAY (ON STRAIGHT),6,724237,Not at intersection,2,60,Arterial Other,SPRING,DAREBIN,-37.71706,145.00633,2021,12,December,21,Night,Weekday
T20210025103,2021-12-08,08:38:00,1,Collision with vehicle,3,Wednesday,110,CROSS TRAFFIC(INTERSECTIONS ONLY),1,293113,Cross intersection,2,50,Local Road,HAINES,WYNDHAM,-37.88799,144.61354,2021,12,December,8,Morning Peak,Weekday
T20210025140,2021-12-08,21:55:00,4,Collision with a fixed object,3,Wednesday,164,PERMANENT OBSTRUCTION ON CARRIAGEWAY,3,731252,Not at intersection,3,100,Freeway,PENINSULA LINK,FRANKSTON,-38.12219,145.1722,2021,12,December,21,Night,Weekday
T20210025196,2021-12-08,08:20:00,1,Collision with vehicle,3,Wednesday,130,REAR END(VEHICLES IN SAME LANE),1,699919,Not at intersection,3,60,Arterial Other,HEATHERTON,DANDENONG,-37.960155,145.13374,2021,12,December,8,Morning Peak,Weekday
T20210025142,2021-12-08,21:40:00,4,Collision with a fixed object,3,Wednesday,181,OFF RIGHT BEND INTO OBJECT/PARKED VEHICLE,3,701003,Not at intersection,2,60,Arterial Other,NEW STATION,COLAC OTWAY,-38.03059,143.63483,2021,12,December,21,Night,Weekday
T20210025110,2021-12-08,10:50:00,1,Collision with vehicle,3,Wednesday,121,RIGHT THROUGH,1,699655,T intersection,2,80,Arterial Highway,PRINCES,WELLINGTON,-37.958588,147.09627,2021,12,December,10,Midday,Weekday
T20210025203,2021-12-09,15:30:00,2,Struck Pedestrian,4,Thursday,101,PED EMERGES FROM IN FRONT OF PARKED OR STATIONARY VEHICLE,1,699057,Not at intersection,2,50,Local Road,KIRKTON,MELTON,-37.666237,144.5958,2021,12,December,15,Afternoon Peak,Weekday
T20210025311,2021-12-09,16:56:00,8,No collision and no object struck,4,Thursday,174,OUT OF CONTROL ON CARRIAGEWAY (ON STRAIGHT),1,781396,Not at intersection,3,50,Local Road,MARKS,BANYULE,-37.73613,145.05191,2021,12,December,16,Afternoon Peak,Weekday
T20210025794,2021-12-09,15:30:00,1,Collision with vehicle,4,Thursday,135,LANE CHANGE LEFT (NOT OVERTAKING),1,358547,Cross intersection,3,70,Arterial Other,MAHONEYS,HUME,-37.68964,144.95801,2021,12,December,15,Afternoon Peak,Weekday
T20210025347,2021-12-09,22:05:00,8,No collision and no object struck,4,Thursday,174,OUT OF CONTROL ON CARRIAGEWAY (ON STRAIGHT),4,66565,T intersection,3,40,Arterial Other,CLARENDON,PORT PHILLIP,-37.831345,144.95981,2021,12,December,22,Night,Weekday
T20210025153,2021-12-09,06:39:00,1,Collision with vehicle,4,Thursday,160,VEHICLE COLLIDES WITH VEHICLE PARKED ON LEFT OF ROAD,2,699054,Not at intersection,2,60,Local Road,GRANT,BALLARAT,-37.59422,143.83144,2021,12,December,6,Morning Peak,Weekday
T20220001554,2021-12-09,18:20:00,1,Collision with vehicle,4,Thursday,130,REAR END(VEHICLES IN SAME LANE),9,710526,Cross intersection,3,70,Arterial Other,MITCHAM,MANNINGHAM,-37.79641,145.1791,2021,12,December,18,Afternoon Peak,Weekday
T20210025164,2021-12-09,10:00:00,1,Collision with vehicle,4,Thursday,130,REAR END(VEHICLES IN SAME LANE),1,701799,Not at intersection,3,60,Arterial Other,HEATHS,WYNDHAM,-37.877487,144.68301,2021,12,December,10,Midday,Weekday
T20210025166,2021-12-09,08:10:00,1,Collision with vehicle,4,Thursday,120,HEAD ON (NOT OVERTAKING),1,699056,Not at intersection,3,50,Local Road,MASCOMA,MOONEE VALLEY,-37.72725,144.91917,2021,12,December,8,Morning Peak,Weekday
T20210025229,2021-12-09,14:51:00,1,Collision with vehicle,4,Thursday,121,RIGHT THROUGH,1,277083,T intersection,3,80,Arterial Other,KELLETTS,KNOX,-37.925026,145.28543,2021,12,December,14,Midday,Weekday
T20210025168,2021-12-09,09:15:00,1,Collision with vehicle,4,Thursday,113,RIGHT NEAR (INTERSECTIONS ONLY),1,282647,T intersection,2,60,Local Road,BANGHOLME,DANDENONG,-38.034992,145.18678,2021,12,December,9,Morning Peak,Weekday
T20210025172,2021-12-09,08:49:00,1,Collision with vehicle,4,Thursday,130,REAR END(VEHICLES IN SAME LANE),1,701800,Not at intersection,3,60,Arterial Other,DALTON,WHITTLESEA,-37.69451,145.02365,2021,12,December,8,Morning Peak,Weekday
T20210025216,2021-12-09,18:19:00,1,Collision with vehicle,4,Thursday,113,RIGHT NEAR (INTERSECTIONS ONLY),1,699197,T intersection,3,50,Local Road,HILL,BOROONDARA,-37.785477,145.08315,2021,12,December,18,Afternoon Peak,Weekday
T20210025213,2021-12-09,16:08:00,4,Collision with a fixed object,4,Thursday,173,RIGHT OFF CARRIAGEWAY INTO OBJECT/PARKED VEHICLE,1,703906,Not at intersection,2,70,Arterial Other,POUND,CASEY,-38.040794,145.29065,2021,12,December,16,Afternoon Peak,Weekday
T20210025212,2021-12-09,15:45:00,2,Struck Pedestrian,4,Thursday,102,FAR SIDE. PED HIT BY VEHICLE FROM THE LEFT,1,699656,Multiple intersection,3,40,Arterial Other,BOORAN ROAD -GLEN EIRA,GLEN EIRA,-37.8815,145.03464,2021,12,December,15,Afternoon Peak,Weekday
T20210025223,2021-12-09,14:20:00,2,Struck Pedestrian,4,Thursday,102,FAR SIDE. PED HIT BY VEHICLE FROM THE LEFT,1,704157,Not at intersection,1,60,Arterial Other,CENTRE,GLEN EIRA,-37.921364,145.06071,2021,12,December,14,Midday,Weekday
T20210025227,2021-12-09,08:30:00,1,Collision with vehicle,4,Thursday,111,RIGHT FAR (INTERSECTIONS ONLY),1,42546,T intersection,3,60,Arterial Other,PASCOE VALE,HUME,-37.691143,144.91557,2021,12,December,8,Morning Peak,Weekday
T20210025228,2021-12-09,20:50:00,1,Collision with vehicle,4,Thursday,121,RIGHT THROUGH,3,282000,Multiple intersection,3,80,Freeway,BURWOOD,KNOX,-37.86163,145.21243,2021,12,December,20,Night,Weekday
T20210025788,2021-12-09,07:15:00,1,Collision with vehicle,4,Thursday,120,HEAD ON (NOT OVERTAKING),1,710470,Not at intersection,3,60,Arterial Other,DUNNINGS,HOBSONS BAY,-37.887028,144.75497,2021,12,December,7,Morning Peak,Weekday
T20210025181,2021-12-09,12:38:00,1,Collision with vehicle,4,Thursday,113,RIGHT NEAR (INTERSECTIONS ONLY),1,701801,T intersection,3,60,Local Road,CASSIA,MELTON,-37.678303,144.58331,2021,12,December,12,Midday,Weekday
T20210025183,2021-12-09,13:00:00,4,Collision with a fixed object,4,Thursday,171,LEFT OFF CARRIAGEWAY INTO OBJECT/PARKED VEHICLE,1,781395,Not at intersection,3,50,Local Road,RUTLAND,LATROBE,-38.188038,146.29134,2021,12,December,13,Midday,Weekday
T20210025186,2021-12-09,12:30:00,2,Struck Pedestrian,4,Thursday,102,FAR SIDE. PED HIT BY VEHICLE FROM THE LEFT,1,704368,Not at intersection,3,50,Local Road,CENTRAL PARK,HUME,-37.590446,144.91273,2021,12,December,12,Midday,Weekday
T20210025187,2021-12-09,10:25:00,1,Collision with vehicle,4,Thursday,120,HEAD ON (NOT OVERTAKING),1,700883,T intersection,2,80,Arterial Other,FORREST-APOLLO BAY,COLAC OTWAY,-38.650166,143.7111,2021,12,December,10,Midday,Weekday
T20210025188,2021-12-09,11:05:00,4,Collision with a fixed object,4,Thursday,173,RIGHT OFF CARRIAGEWAY INTO OBJECT/PARKED VEHICLE,1,701798,Not at intersection,3,100,Arterial Highway,MIDLAND,MOORABOOL,-37.77227,144.02455,2021,12,December,11,Midday,Weekday
T20210025191,2021-12-09,14:08:00,1,Collision with vehicle,4,Thursday,121,RIGHT THROUGH,1,39833,T intersection,2,60,Local Road,LIVERPOOL,MAROONDAH,-37.826553,145.318,2021,12,December,14,Midday,Weekday
T20210025232,2021-12-09,21:45:00,1,Collision with vehicle,4,Thursday,160,VEHICLE COLLIDES WITH VEHICLE PARKED ON LEFT OF ROAD,6,780101,Not at intersection,3,40,Local Road,WARNCLIFFE,BANYULE,-37.77376,145.0599,2021,12,December,21,Night,Weekday
T20210025220,2021-12-09,15:50:00,5,collision with some other object,4,Thursday,198,OTHER ACCIDENTS NOT CLASSIFIABLE ELSEWHERE,1,699121,Not at intersection,2,50,Local Road,LALORS,YARRA RANGES,-37.6626,145.52063,2021,12,December,15,Afternoon Peak,Weekday
T20210025200,2021-12-09,16:00:00,1,Collision with vehicle,4,Thursday,148,VEHICLE OFF FOOTPATH STRIKES VEH ON CARRIAGEWAY,1,700068,Not at intersection,3,50,Local Road,KELVIN,DAREBIN,-37.740276,145.0054,2021,12,December,16,Afternoon Peak,Weekday
T20210025202,2021-12-09,15:45:00,1,Collision with vehicle,4,Thursday,148,VEHICLE OFF FOOTPATH STRIKES VEH ON CARRIAGEWAY,1,76067,Not at intersection,2,60,Arterial Highway,OLYMPIC,MELBOURNE,-37.823143,144.97633,2021,12,December,15,Afternoon Peak,Weekday
T20210025219,2021-12-09,17:42:00,1,Collision with vehicle,4,Thursday,113,RIGHT NEAR (INTERSECTIONS ONLY),1,355606,T intersection,3,80,Arterial Highway,MANGANS,YARRA RANGES,-37.75067,145.37169,2021,12,December,17,Afternoon Peak,Weekday
T20210025515,2021-12-10,08:20:00,1,Collision with vehicle,5,Friday,130,REAR END(VEHICLES IN SAME LANE),1,278545,Cross intersection,3,60,Arterial Other,SAYERS,WYNDHAM,-37.854046,144.74696,2021,12,December,8,Morning Peak,Weekday
T20210025290,2021-12-10,14:50:00,1,Collision with vehicle,5,Friday,116,LEFT NEAR (INTERSECTIONS ONLY),1,61183,T intersection,3,60,Local Road,CIVIC,WHITTLESEA,-37.644474,145.06407,2021,12,December,14,Midday,Weekday
T20210025291,2021-12-10,16:00:00,1,Collision with vehicle,5,Friday,121,RIGHT THROUGH,1,236295,T intersection,2,60,Local Road,BRUNT,CARDINIA,-38.062042,145.38817,2021,12,December,16,Afternoon Peak,Weekday
T20210025271,2021-12-10,12:38:00,1,Collision with vehicle,5,Friday,130,REAR END(VEHICLES IN SAME LANE),1,699920,Cross intersection,3,60,Arterial Other,TRAM,MANNINGHAM,-37.787506,145.12476,2021,12,December,12,Midday,Weekday
T20210025679,2021-12-10,18:40:00,4,Collision with a fixed object,5,Friday,183,OFF LEFT BEND INTO OBJECT/PARKED VEHICLE,1,699881,Not at intersection,2,100,Local Road,MOOREE-CULLA,SOUTHERN GRAMPIANS,-37.224384,141.53212,2021,12,December,18,Afternoon Peak,Weekday
T20210025293,2021-12-10,17:19:00,4,Collision with a fixed object,5,Friday,173,RIGHT OFF CARRIAGEWAY INTO OBJECT/PARKED VEHICLE,1,699878,Not at intersection,2,60,Arterial Highway,NAPIER,BENDIGO,-36.750072,144.29053,2021,12,December,17,Afternoon Peak,Weekday
T20210025294,2021-12-10,13:31:00,1,Collision with vehicle,5,Friday,110,CROSS TRAFFIC(INTERSECTIONS ONLY),1,49307,Cross intersection,1,100,Local Road,FINLAY,CAMPASPE,-36.254642,145.1036,2021,12,December,13,Midday,Weekday
T20210025443,2021-12-10,18:45:00,1,Collision with vehicle,5,Friday,130,REAR END(VEHICLES IN SAME LANE),1,699847,Not at intersection,3,60,Arterial Highway,BULLEEN,BOROONDARA,-37.77745,145.07875,2021,12,December,18,Afternoon Peak,Weekday
T20210025300,2021-12-10,17:51:00,1,Collision with vehicle,5,Friday,148,VEHICLE OFF FOOTPATH STRIKES VEH ON CARRIAGEWAY,1,699361,Not at intersection,2,50,Local Road,NORMAN,BALLARAT,-37.532127,143.82275,2021,12,December,17,Afternoon Peak,Weekday
T20210025834,2021-12-10,15:00:00,1,Collision with vehicle,5,Friday,110,CROSS TRAFFIC(INTERSECTIONS ONLY),1,44431,Cross intersection,3,50,Local Road,GOWER,DAREBIN,-37.74186,145.01656,2021,12,December,15,Afternoon Peak,Weekday
T20210025268,2021-12-10,09:55:00,1,Collision with vehicle,5,Friday,130,REAR END(VEHICLES IN SAME LANE),1,699578,Not at intersection,3,100,Freeway,EASTERN,WHITEHORSE,-37.803352,145.1695,2021,12,December,9,Morning Peak,Weekday
T20210025327,2021-12-10,23:00:00,4,Collision with a fixed object,5,Friday,171,LEFT OFF CARRIAGEWAY INTO OBJECT/PARKED VEHICLE,5,703248,Not at intersection,3,80,Local Road,BUNGOWER,MORNINGTON PENINSULA,-38.238663,145.21776,2021,12,December,23,Night,Weekday
T20210025253,2021-12-10,08:50:00,4,Collision with a fixed object,5,Friday,173,RIGHT OFF CARRIAGEWAY INTO OBJECT/PARKED VEHICLE,1,709360,Not at intersection,3,40,Local Road,CLARENDON,CASEY,-38.10492,145.27747,2021,12,December,8,Morning Peak,Weekday
T20210025265,2021-12-10,06:10:00,6,Vehicle overturned (no collision),5,Friday,182,OFF CARRIAGEWAY ON LEFT BEND,1,707301,Not at intersection,2,100,Local Road,SOUTH,SOUTH GIPPSLAND,-38.384262,145.7543,2021,12,December,6,Morning Peak,Weekday
T20210025316,2021-12-10,18:00:00,1,Collision with vehicle,5,Friday,130,REAR END(VEHICLES IN SAME LANE),1,703647,Not at intersection,3,60,Arterial Highway,BASS,BASS COAST,-38.563717,145.54333,2021,12,December,18,Afternoon Peak,Weekday
T20210025829,2021-12-10,08:30:00,1,Collision with vehicle,5,Friday,130,REAR END(VEHICLES IN SAME LANE),1,731273,Cross intersection,3,70,Local Road,TARNEIT,WYNDHAM,-37.832287,144.67282,2021,12,December,8,Morning Peak,Weekday
T20210025305,2021-12-10,19:00:00,2,Struck Pedestrian,5,Friday,102,FAR SIDE. PED HIT BY VEHICLE FROM THE LEFT,1,702940,Not at intersection,2,60,Local Road,CASEY FIELDS,CASEY,-38.11951,145.30669,2021,12,December,19,Night,Weekday
T20210025307,2021-12-10,18:46:00,1,Collision with vehicle,5,Friday,130,REAR END(VEHICLES IN SAME LANE),1,709361,Cross intersection,3,50,Arterial Other,ROYAL PARADE SERVICE,MELBOURNE,-37.793728,144.95847,2021,12,December,18,Afternoon Peak,Weekday
T20210025264,2021-12-10,09:19:00,1,Collision with vehicle,5,Friday,142,LEAVING PARKING,1,699398,Not at intersection,3,40,Arterial Other,HIGH,BOROONDARA,-37.80614,145.03261,2021,12,December,9,Morning Peak,Weekday
T20220000127,2021-12-10,19:06:00,1,Collision with vehicle,5,Friday,130,REAR END(VEHICLES IN SAME LANE),1,131319,Not at intersection,2,80,Freeway,WEST GATE,MARIBYRNONG,-37.824574,144.87512,2021,12,December,19,Night,Weekday
T20220007598,2021-12-10,20:00:00,1,Collision with vehicle,5,Friday,133,LANE SIDE SWIPE (VEHICLES IN PARALLEL LANES),2,709363,Not at intersection,3,60,Arterial Other,CAMP,HUME,-37.68735,144.93672,2021,12,December,20,Night,Weekday
T20210025241,2021-12-10,07:10:00,4,Collision with a fixed object,5,Friday,183,OFF LEFT BEND INTO OBJECT/PARKED VEHICLE,1,731257,Not at intersection,3,60,Local Road,GUM FLATS,SURF COAST,-38.350452,144.13148,2021,12,December,7,Morning Peak,Weekday
T20210025235,2021-12-10,01:30:00,1,Collision with vehicle,5,Friday,130,REAR END(VEHICLES IN SAME LANE),3,35708,T intersection,3,60,Arterial Other,PASCOE VALE,MOONEE VALLEY,-37.743492,144.92825,2021,12,December,1,Late Night,Weekday
T20210025757,2021-12-10,20:11:00,1,Collision with vehicle,5,Friday,111,RIGHT FAR (INTERSECTIONS ONLY),2,915,T intersection,2,80,Arterial Highway,FRANKSTON-DANDENONG,FRANKSTON,-38.122025,145.14369,2021,12,December,20,Night,Weekday
T20210025260,2021-12-10,08:54:00,1,Collision with vehicle,5,Friday,110,CROSS TRAFFIC(INTERSECTIONS ONLY),1,38509,Cross intersection,3,40,Local Road,HILMA,BRIMBANK,-37.791286,144.80014,2021,12,December,8,Morning Peak,Weekday
T20210025335,2021-12-10,22:25:00,1,Collision with vehicle,5,Friday,130,REAR END(VEHICLES IN SAME LANE),5,731260,Not at intersection,3,80,Freeway,METROPOLITAN RING,WHITTLESEA,-37.687073,145.02858,2021,12,December,22,Night,Weekday
T20210025258,2021-12-10,10:05:00,8,No collision and no object struck,5,Friday,184,OUT OF CONTROL ON CARRIAGEWAY (ON BEND),1,705390,Not at intersection,3,100,Local Road,TRIANGLE,MURRINDINDI,-37.481262,145.72185,2021,12,December,10,Midday,Weekday
T20210025321,2021-12-10,19:55:00,1,Collision with vehicle,5,Friday,120,HEAD ON (NOT OVERTAKING),1,715958,T intersection,2,50,Local Road,BERKSHIRE,BRIMBANK,-37.76596,144.84563,2021,12,December,19,Night,Weekday
T20210025257,2021-12-10,10:45:00,1,Collision with vehicle,5,Friday,111,RIGHT FAR (INTERSECTIONS ONLY),1,49909,Cross intersection,2,60,Arterial Other,SHANNON,GEELONG,-38.14439,144.33563,2021,12,December,10,Midday,Weekday
T20210025233,2021-12-10,01:10:00,1,Collision with vehicle,5,Friday,147,VEHICLE STRIKES ANOTHER VEH WHILE EMERGING FROM DRIVEWAY,3,703382,T intersection,2,60,Local Road,ALBERT,DAREBIN,-37.74647,145.02199,2021,12,December,1,Late Night,Weekday
T20210025280,2021-12-10,08:09:00,2,Struck Pedestrian,5,Friday,108,PED STRUCK WALKING TO/FROM OR BOARDING/ALIGHTING VEHICLE.,1,706399,Not at intersection,1,100,Freeway,MONASH,STONNINGTON,-37.86874,145.06337,2021,12,December,8,Morning Peak,Weekday
T20210025455,2021-12-10,08:41:00,2,Struck Pedestrian,5,Friday,102,FAR SIDE. PED HIT BY VEHICLE FROM THE LEFT,1,700489,Cross intersection,2,50,Local Road,FEDERATION,WYNDHAM,-37.864353,144.72395,2021,12,December,8,Morning Peak,Weekday
T20210026413,2021-12-10,21:30:00,3,Struck animal,5,Friday,167,STRUCK ANIMAL,5,700539,Not at intersection,2,80,Arterial Other,WHITTLESEA-YEA,WHITTLESEA,-37.47822,145.23329,2021,12,December,21,Night,Weekday
T20210025320,2021-12-10,21:34:00,1,Collision with vehicle,5,Friday,111,RIGHT FAR (INTERSECTIONS ONLY),3,703175,T intersection,2,100,Arterial Highway,ROSEDALE-HEYFIELD,WELLINGTON,-38.138187,146.79457,2021,12,December,21,Night,Weekday
T20210025325,2021-12-10,23:40:00,4,Collision with a fixed object,5,Friday,164,PERMANENT OBSTRUCTION ON CARRIAGEWAY,3,731259,Not at intersection,2,60,Arterial Highway,HERTFORD,BALLARAT,-37.5862,143.8336,2021,12,December,23,Night,Weekday
T20210025283,2021-12-10,11:30:00,4,Collision with a fixed object,5,Friday,171,LEFT OFF CARRIAGEWAY INTO OBJECT/PARKED VEHICLE,1,699921,Not at intersection,2,100,Arterial Highway,MIDLAND,SHEPPARTON,-36.4218,145.16722,2021,12,December,11,Midday,Weekday