ACCIDENT_NO,ACCIDENT_DATE,ACCIDENT_TIME,ACCIDENT_TYPE,ACCIDENT_TYPE_DESC,DAY_OF_WEEK,DAY_WEEK_DESC,DCA_CODE,DCA_DESC,LIGHT_CONDITION,NODE_ID,ROAD_GEOMETRY_DESC,SEVERITY,SPEED_ZONE,RMA,ROAD_NAME,LGA_NAME,LATITUDE,LONGITUDE,YEAR,MONTH,MONTH_NAME,HOUR,TIME_PERIOD,DAY_TYPE
T20210025254,2021-12-10,07:51:00,4,Collision with a fixed object,5,Friday,171,LEFT OFF CARRIAGEWAY INTO OBJECT/PARKED VEHICLE,1,703191,Not at intersection,1,100,Freeway,MONASH,CASEY,-37.9751,145.2382,2021,12,December,7,Morning Peak,Weekday
T20210025319,2021-12-10,21:00:00,1,Collision with vehicle,5,Friday,121,RIGHT THROUGH,3,246901,Cross intersection,3,60,Arterial Other,RYLEY STREET -TONE,WANGARATTA,-36.359196,146.31546,2021,12,December,21,Night,Weekday
T20210025317,2021-12-10,18:50:00,1,Collision with vehicle,5,Friday,110,CROSS TRAFFIC(INTERSECTIONS ONLY),1,50242,Cross intersection,2,60,Arterial Other,PIONEER,GEELONG,-38.20191,144.33138,2021,12,December,18,Afternoon Peak,Weekday
T20210025324,2021-12-10,23:40:00,1,Collision with vehicle,5,Friday,110,CROSS TRAFFIC(INTERSECTIONS ONLY),3,702775,Cross intersection,2,50,Arterial Other,WAVERLEY,MOONEE VALLEY,-37.760624,144.9064,2021,12,December,23,Night,Weekday
T20210025292,2021-12-10,16:45:00,2,Struck Pedestrian,5,Friday,101,PED EMERGES FROM IN FRONT OF PARKED OR STATIONARY VEHICLE,1,781397,Not at intersection,3,50,Local Road,MALMSBURY,HUME,-37.65474,144.91841,2021,12,December,16,Afternoon Peak,Weekday
T20210025372,2021-12-11,14:45:00,1,Collision with vehicle,6,Saturday,139,OTHER SAME DIRECTION-MANOUEVRES NOT INCLUDED IN DCAs 130-137,1,36313,T intersection,2,40,Local Road,LYGON,MELBOURNE,-37.802814,144.96657,2021,12,December,14,Midday,Weekend
T20210025370,2021-12-11,13:20:00,1,Collision with vehicle,6,Saturday,121,RIGHT THROUGH,1,35748,Cross intersection,3,60,Local Road,CHANDLER,DANDENONG,-37.99545,145.18167,2021,12,December,13,Midday,Weekend
T20210025368,2021-12-11,15:00:00,1,Collision with vehicle,6,Saturday,110,CROSS TRAFFIC(INTERSECTIONS ONLY),1,684350,Cross intersection,2,30,Local Road,ST GEORGES BIKE,DAREBIN,-37.760662,144.99301,2021,12,December,15,Afternoon Peak,Weekend
T20210025367,2021-12-11,11:15:00,1,Collision with vehicle,6,Saturday,152,PULLING OUT (OVERTAKING),1,300547,T intersection,2,80,Arterial Other,MICKLEHAM,HUME,-37.547897,144.87943,2021,12,December,11,Midday,Weekend
T20210025364,2021-12-11,13:30:00,4,Collision with a fixed object,6,Saturday,181,OFF RIGHT BEND INTO OBJECT/PARKED VEHICLE,1,735363,Not at intersection,2,50,Local Road,BREAKFAST CREEK,SURF COAST,-38.380146,144.06108,2021,12,December,13,Midday,Weekend
T20210025361,2021-12-11,13:53:00,1,Collision with vehicle,6,Saturday,113,RIGHT NEAR (INTERSECTIONS ONLY),1,42186,T intersection,2,60,Arterial Other,BAY,BAYSIDE,-37.956238,145.04207,2021,12,December,13,Midday,Weekend
T20210025337,2021-12-11,02:27:00,1,Collision with vehicle,6,Saturday,121,RIGHT THROUGH,3,36856,Cross intersection,3,40,Arterial Highway,KINGS,MELBOURNE,-37.820366,144.95755,2021,12,December,2,Late Night,Weekend
T20210025539,2021-12-11,14:00:00,4,Collision with a fixed object,6,Saturday,183,OFF LEFT BEND INTO OBJECT/PARKED VEHICLE,1,699502,Not at intersection,3,60,Local Road,MELALEUCA,BAW BAW,-38.20051,146.20207,2021,12,December,14,Midday,Weekend
T20210025330,2021-12-11,00:15:00,4,Collision with a fixed object,6,Saturday,179,OTHER ACCIDENTS-OFF STRAIGHT NOT INCLUDED IN DCAs 170-175,3,781401,Not at intersection,3,80,Arterial Other,KOROROIT CREEK,HOBSONS BAY,-37.849487,144.82954,2021,12,December,0,Late Night,Weekend
T20210025329,2021-12-11,01:55:00,1,Collision with vehicle,6,Saturday,121,RIGHT THROUGH,3,29468,Cross intersection,3,40,Arterial Highway,PUNT,STONNINGTON,-37.845688,144.98503,2021,12,December,1,Late Night,Weekend
T20210025323,2021-12-11,00:01:00,1,Collision with vehicle,6,Saturday,110,CROSS TRAFFIC(INTERSECTIONS ONLY),3,704626,Cross intersection,2,60,Local Road,BLACK FOREST,WYNDHAM,-37.898926,144.60472,2021,12,December,0,Late Night,Weekend
T20210025378,2021-12-11,13:50:00,1,Collision with vehicle,6,Saturday,120,HEAD ON (NOT OVERTAKING),1,699180,Not at intersection,1,60,Arterial Other,WOODS POINT,YARRA RANGES,-37.72516,145.75891,2021,12,December,13,Midday,Weekend
T20210025353,2021-12-11,08:15:00,1,Collision with vehicle,6,Saturday,121,RIGHT THROUGH,1,40450,Cross intersection,3,60,Arterial Other,RIVERSDALE,BOROONDARA,-37.832157,145.06369,2021,12,December,8,Morning Peak,Weekend
T20210025338,2021-12-11,05:00:00,1,Collision with vehicle,6,Saturday,160,VEHICLE COLLIDES WITH VEHICLE PARKED ON LEFT OF ROAD,3,699200,Not at intersection,2,50,Local Road,BOWMORE,DANDENONG,-37.957996,145.17635,2021,12,December,5,Morning Peak,Weekend
T20210025354,2021-12-11,09:00:00,1,Collision with vehicle,6,Saturday,130,REAR END(VEHICLES IN SAME LANE),1,699579,T intersection,3,60,Arterial Other,SETTLEMENT,WHITTLESEA,-37.693905,145.03403,2021,12,December,9,Morning Peak,Weekend
T20210025356,2021-12-11,12:45:00,1,Collision with vehicle,6,Saturday,111,RIGHT FAR (INTERSECTIONS ONLY),1,36029,Cross intersection,2,40,Local Road,HICKFORD,MORELAND,-37.765766,144.97273,2021,12,December,12,Midday,Weekend
T20210025357,2021-12-11,11:50:00,4,Collision with a fixed object,6,Saturday,171,LEFT OFF CARRIAGEWAY INTO OBJECT/PARKED VEHICLE,1,731261,Multiple intersection,3,50,Local Road,YOUNG,FRANKSTON,-38.14666,145.12215,2021,12,December,11,Midday,Weekend
T20210025359,2021-12-11,12:57:00,1,Collision with vehicle,6,Saturday,113,RIGHT NEAR (INTERSECTIONS ONLY),1,45742,T intersection,3,60,Arterial Other,POLICE,MONASH,-37.936375,145.18243,2021,12,December,12,Midday,Weekend
T20210025691,2021-12-11,16:00:00,1,Collision with vehicle,6,Saturday,110,CROSS TRAFFIC(INTERSECTIONS ONLY),1,50433,Cross intersection,3,50,Local Road,OTWAY,SURF COAST,-38.541283,143.97098,2021,12,December,16,Afternoon Peak,Weekend
T20220008028,2021-12-11,12:10:00,1,Collision with vehicle,6,Saturday,152,PULLING OUT (OVERTAKING),1,17832,T intersection,3,100,Arterial Highway,GREAT ALPINE,ALPINE,-36.632202,146.85258,2021,12,December,12,Midday,Weekend
T20210025381,2021-12-11,16:09:00,1,Collision with vehicle,6,Saturday,132,RIGHT REAR.,1,40547,T intersection,3,60,Arterial Other,RIVERSDALE,BOROONDARA,-37.835155,145.09103,2021,12,December,16,Afternoon Peak,Weekend
T20210025384,2021-12-11,16:50:00,4,Collision with a fixed object,6,Saturday,171,LEFT OFF CARRIAGEWAY INTO OBJECT/PARKED VEHICLE,1,700743,Not at intersection,3,60,Local Road,RAILWAY,DANDENONG,-37.98358,145.20001,2021,12,December,16,Afternoon Peak,Weekend
T20210025509,2021-12-11,18:20:00,1,Collision with vehicle,6,Saturday,110,CROSS TRAFFIC(INTERSECTIONS ONLY),1,53405,Cross intersection,3,60,Arterial Other,LA TROBE,BALLARAT,-37.571854,143.82889,2021,12,December,18,Afternoon Peak,Weekend
T20210025388,2021-12-11,15:15:00,4,Collision with a fixed object,6,Saturday,181,OFF RIGHT BEND INTO OBJECT/PARKED VEHICLE,1,731262,Not at intersection,3,80,Arterial Other,BUFFALO RIVER,ALPINE,-36.716995,146.66742,2021,12,December,15,Afternoon Peak,Weekend
T20210026527,2021-12-11,11:30:00,1,Collision with vehicle,6,Saturday,130,REAR END(VEHICLES IN SAME LANE),1,287624,Not at intersection,3,80,Freeway,WEST GATE,MELBOURNE,-37.82725,144.96278,2021,12,December,11,Midday,Weekend
T20210025988,2021-12-11,13:30:00,7,Fall from or in moving vehicle,6,Saturday,190,FELL IN/FROM VEHICLE,1,751967,Not at intersection,2,50,Arterial Other,JOHNSTON,YARRA,-37.798946,144.98413,2021,12,December,13,Midday,Weekend
T20210025331,2021-12-11,00:08:00,1,Collision with vehicle,6,Saturday,160,VEHICLE COLLIDES WITH VEHICLE PARKED ON LEFT OF ROAD,3,704996,Not at intersection,3,60,Arterial Other,BURKE,BOROONDARA,-37.831924,145.05658,2021,12,December,0,Late Night,Weekend
T20210026813,2021-12-11,17:00:00,2,Struck Pedestrian,6,Saturday,102,FAR SIDE. PED HIT BY VEHICLE FROM THE LEFT,1,274646,Not at intersection,3,60,Arterial Other,BARRY,HUME,-37.665012,144.9329,2021,12,December,17,Afternoon Peak,Weekend
T20210026929,2021-12-11,22:49:00,1,Collision with vehicle,6,Saturday,160,VEHICLE COLLIDES WITH VEHICLE PARKED ON LEFT OF ROAD,3,700893,Not at intersection,3,50,Local Road,BELLEVUE,BANYULE,-37.734386,145.06462,2021,12,December,22,Night,Weekend
T20210025885,2021-12-11,14:00:00,1,Collision with vehicle,6,Saturday,130,REAR END(VEHICLES IN SAME LANE),1,702225,Not at intersection,3,60,Arterial Other,TRAM,MANNINGHAM,-37.792908,145.12581,2021,12,December,14,Midday,Weekend
T20210025395,2021-12-11,15:35:00,1,Collision with vehicle,6,Saturday,130,REAR END(VEHICLES IN SAME LANE),1,699290,Not at intersection,3,60,Arterial Other,MURRAY,DAREBIN,-37.739307,145.01604,2021,12,December,15,Afternoon Peak,Weekend
T20210025402,2021-12-11,23:00:00,1,Collision with vehicle,6,Saturday,160,VEHICLE COLLIDES WITH VEHICLE PARKED ON LEFT OF ROAD,3,707109,Not at intersection,2,60,Local Road,BARKLY,MARIBYRNONG,-37.796448,144.86873,2021,12,December,23,Night,Weekend
T20210025403,2021-12-11,21:50:00,6,Vehicle overturned (no collision),6,Saturday,184,OUT OF CONTROL ON CARRIAGEWAY (ON BEND),5,49521,Y intersection,3,80,Arterial Other,HEALESVILLE-KINGLAKE,MURRINDINDI,-37.539173,145.38947,2021,12,December,21,Night,Weekend
T20210025408,2021-12-11,22:59:00,2,Struck Pedestrian,6,Saturday,102,FAR SIDE. PED HIT BY VEHICLE FROM THE LEFT,4,704412,Not at intersection,2,60,Arterial Other,HUNTINGDALE,MONASH,-37.87485,145.11043,2021,12,December,22,Night,Weekend
T20210025466,2021-12-11,22:50:00,1,Collision with vehicle,6,Saturday,133,LANE SIDE SWIPE (VEHICLES IN PARALLEL LANES),3,36312,Cross intersection,3,50,Local Road,ARGYLE,MELBOURNE,-37.80194,144.96523,2021,12,December,22,Night,Weekend
T20210025416,2021-12-11,22:15:00,1,Collision with vehicle,6,Saturday,160,VEHICLE COLLIDES WITH VEHICLE PARKED ON LEFT OF ROAD,3,701745,Not at intersection,3,60,Arterial Other,ALLAN,CAMPASPE,-36.31352,145.05582,2021,12,December,22,Night,Weekend
T20210025420,2021-12-11,23:40:00,1,Collision with vehicle,6,Saturday,140,U TURN,3,699498,T intersection,3,60,Arterial Highway,RACECOURSE,MELBOURNE,-37.788345,144.93225,2021,12,December,23,Night,Weekend
T20210025426,2021-12-11,22:20:00,1,Collision with vehicle,6,Saturday,120,HEAD ON (NOT OVERTAKING),3,701436,Not at intersection,2,40,Local Road,GALLOWAY,WHITTLESEA,-37.593777,145.0905,2021,12,December,22,Night,Weekend
T20210025432,2021-12-11,19:10:00,4,Collision with a fixed object,6,Saturday,181,OFF RIGHT BEND INTO OBJECT/PARKED VEHICLE,1,701263,Not at intersection,3,100,Arterial Highway,GREAT ALPINE,EAST GIPPSLAND,-37.61688,147.88292,2021,12,December,19,Night,Weekend
T20210025452,2021-12-11,21:10:00,6,Vehicle overturned (no collision),6,Saturday,170,OFF CARRIAGEWAY TO LEFT,5,705743,Not at intersection,2,60,Arterial Highway,LODDON VALLEY,LODDON,-35.991478,143.94661,2021,12,December,21,Night,Weekend
T20210025379,2021-12-11,10:18:00,2,Struck Pedestrian,6,Saturday,102,FAR SIDE. PED HIT BY VEHICLE FROM THE LEFT,1,701834,Not at intersection,3,50,Local Road,PARK,MONASH,-37.893024,145.09616,2021,12,December,10,Midday,Weekend
T20210025376,2021-12-11,16:50:00,1,Collision with vehicle,6,Saturday,130,REAR END(VEHICLES IN SAME LANE),1,770470,Not at intersection,3,60,Arterial Other,DYNON,MELBOURNE,-37.80137,144.91351,2021,12,December,16,Afternoon Peak,Weekend
T20210025374,2021-12-11,15:30:00,1,Collision with vehicle,6,Saturday,130,REAR END(VEHICLES IN SAME LANE),1,704445,Not at intersection,3,70,Arterial Other,SYDNEY,HUME,-37.68922,144.95796,2021,12,December,15,Afternoon Peak,Weekend
T20210025373,2021-12-11,15:10:00,1,Collision with vehicle,6,Saturday,110,CROSS TRAFFIC(INTERSECTIONS ONLY),1,1206,Cross intersection,3,60,Arterial Other,BADGER CREEK,YARRA RANGES,-37.662003,145.52809,2021,12,December,15,Afternoon Peak,Weekend
T20220003412,2021-12-11,00:10:00,1,Collision with vehicle,6,Saturday,160,VEHICLE COLLIDES WITH VEHICLE PARKED ON LEFT OF ROAD,3,708184,Not at intersection,3,50,Local Road,PURNELL,GEELONG,-38.073547,144.35359,2021,12,December,0,Late Night,Weekend
T20210025424,2021-12-12,05:46:00,1,Collision with vehicle,7,Sunday,130,REAR END(VEHICLES IN SAME LANE),2,731263,T intersection,3,80,Arterial Highway,FRANKSTON-DANDENONG,FRANKSTON,-38.113934,145.15565,2021,12,December,5,Morning Peak,Weekend
T20210025501,2021-12-12,15:30:00,6,Vehicle overturned (no collision),7,Sunday,174,OUT OF CONTROL ON CARRIAGEWAY (ON STRAIGHT),1,699401,Not at intersection,2,80,Arterial Other,DONNYBROOK,HUME,-37.541058,144.95453,2021,12,December,15,Afternoon Peak,Weekend
T20210025428,2021-12-12,08:00:00,1,Collision with vehicle,7,Sunday,116,LEFT NEAR (INTERSECTIONS ONLY),1,37423,Cross intersection,2,80,Arterial Other,MELTON,MELTON,-37.690403,144.7304,2021,12,December,8,Morning Peak,Weekend
T20210025430,2021-12-12,07:50:00,1,Collision with vehicle,7,Sunday,130,REAR END(VEHICLES IN SAME LANE),1,731264,Not at intersection,2,80,Arterial Other,CRANBOURNE-FRANKSTON,FRANKSTON,-38.15222,145.19116,2021,12,December,7,Morning Peak,Weekend
T20220000594,2021-12-12,11:18:00,1,Collision with vehicle,7,Sunday,130,REAR END(VEHICLES IN SAME LANE),1,702364,Not at intersection,3,80,Local Road,BUNGOWER,MORNINGTON PENINSULA,-38.231247,145.09631,2021,12,December,11,Midday,Weekend
T20210025437,2021-12-12,01:13:00,4,Collision with a fixed object,7,Sunday,173,RIGHT OFF CARRIAGEWAY INTO OBJECT/PARKED VEHICLE,3,41824,T intersection,2,60,Arterial Other,HIGH STREET,MONASH,-37.87563,145.179,2021,12,December,1,Late Night,Weekend
T20210025436,2021-12-12,06:00:00,4,Collision with a fixed object,7,Sunday,173,RIGHT OFF CARRIAGEWAY INTO OBJECT/PARKED VEHICLE,1,120569,Not at intersection,3,70,Arterial Other,KELLETTS,KNOX,-37.915234,145.27443,2021,12,December,6,Morning Peak,Weekend
T20230013038,2021-12-12,14:30:00,2,Struck Pedestrian,7,Sunday,109,ANY MANOEUVRE INVOLVING PED NOT INCLUDED IN DCAs 100-108.,1,779316,Not at intersection,3,40,Local Road,LONGVIEW,MORELAND,-37.723793,144.93353,2021,12,December,14,Midday,Weekend
T20210025460,2021-12-12,13:55:00,4,Collision with a fixed object,7,Sunday,181,OFF RIGHT BEND INTO OBJECT/PARKED VEHICLE,1,700815,Not at intersection,2,100,Arterial Other,GEMBROOK-LAUNCHING PLACE,CARDINIA,-37.90824,145.59093,2021,12,December,13,Midday,Weekend
T20210025463,2021-12-12,16:57:00,1,Collision with vehicle,7,Sunday,121,RIGHT THROUGH,1,40727,T intersection,2,60,Arterial Other,MIDDLEBOROUGH,WHITEHORSE,-37.83605,145.1353,2021,12,December,16,Afternoon Peak,Weekend
T20210025475,2021-12-12,16:30:00,2,Struck Pedestrian,7,Sunday,100,PED NEAR SIDE. PED HIT BY VEHICLE FROM THE RIGHT.,1,699400,Cross intersection,2,50,Local Road,YARRA,GEELONG,-38.147038,144.3637,2021,12,December,16,Afternoon Peak,Weekend
T20220000223,2021-12-12,21:00:00,1,Collision with vehicle,7,Sunday,171,LEFT OFF CARRIAGEWAY INTO OBJECT/PARKED VEHICLE,2,702319,Not at intersection,3,60,Local Road,STATION,BENDIGO,-36.70082,144.32182,2021,12,December,21,Night,Weekend
T20210025435,2021-12-12,08:14:00,4,Collision with a fixed object,7,Sunday,173,RIGHT OFF CARRIAGEWAY INTO OBJECT/PARKED VEHICLE,1,731265,Not at intersection,2,60,Arterial Other,STATION,WHITEHORSE,-37.837658,145.1202,2021,12,December,8,Morning Peak,Weekend
T20210025477,2021-12-12,20:11:00,1,Collision with vehicle,7,Sunday,113,RIGHT NEAR (INTERSECTIONS ONLY),2,44927,T intersection,3,60,Arterial Other,MAIN,BRIMBANK,-37.74341,144.79262,2021,12,December,20,Night,Weekend
T20210025615,2021-12-12,11:05:00,1,Collision with vehicle,7,Sunday,121,RIGHT THROUGH,1,29825,T intersection,3,60,Local Road,ROSAMOND,MARIBYRNONG,-37.7778,144.88512,2021,12,December,11,Midday,Weekend
T20210025434,2021-12-12,03:58:00,1,Collision with vehicle,7,Sunday,171,LEFT OFF CARRIAGEWAY INTO OBJECT/PARKED VEHICLE,3,710114,Not at intersection,3,80,Freeway,MONASH,MONASH,-37.88909,145.11455,2021,12,December,3,Late Night,Weekend
T20210025464,2021-12-12,15:45:00,1,Collision with vehicle,7,Sunday,120,HEAD ON (NOT OVERTAKING),1,699580,Not at intersection,2,80,Arterial Highway,MAROONDAH,YARRA RANGES,-37.738365,145.3741,2021,12,December,15,Afternoon Peak,Weekend
T20220000985,2021-12-12,12:00:00,1,Collision with vehicle,7,Sunday,130,REAR END(VEHICLES IN SAME LANE),1,705392,Not at intersection,3,60,Arterial Other,YORK,YARRA RANGES,-37.79703,145.36635,2021,12,December,12,Midday,Weekend
T20210025450,2021-12-12,06:47:00,4,Collision with a fixed object,7,Sunday,173,RIGHT OFF CARRIAGEWAY INTO OBJECT/PARKED VEHICLE,1,715969,Not at intersection,2,60,Arterial Highway,PRINCES,DANDENONG,-37.981613,145.21056,2021,12,December,6,Morning Peak,Weekend
T20210025456,2021-12-12,13:06:00,4,Collision with a fixed object,7,Sunday,171,LEFT OFF CARRIAGEWAY INTO OBJECT/PARKED VEHICLE,1,781404,Not at intersection,3,50,Local Road,LESDON,CASEY,-38.082073,145.27153,2021,12,December,13,Midday,Weekend
T20220001051,2021-12-12,18:30:00,8,No collision and no object struck,7,Sunday,149,OTHER MANOEUVRING NOT INCLUDED IN DCAs 140-148,1,781403,Not at intersection,3,40,Local Road,BLYTH,HOBSONS BAY,-37.86833,144.8301,2021,12,December,18,Afternoon Peak,Weekend
T20210025483,2021-12-12,20:50:00,1,Collision with vehicle,7,Sunday,121,RIGHT THROUGH,2,286900,Cross intersection,2,60,Arterial Other,CAMMS,CASEY,-38.100475,145.29233,2021,12,December,20,Night,Weekend
T20210025729,2021-12-12,18:51:00,1,Collision with vehicle,7,Sunday,148,VEHICLE OFF FOOTPATH STRIKES VEH ON CARRIAGEWAY,1,48841,Cross intersection,2,60,Arterial Other,DERRIMUT,WYNDHAM,-37.83446,144.69106,2021,12,December,18,Afternoon Peak,Weekend
T20210025405,2021-12-12,00:10:00,1,Collision with vehicle,7,Sunday,110,CROSS TRAFFIC(INTERSECTIONS ONLY),3,43917,Cross intersection,2,80,Arterial Other,CLYDE-FIVE WAYS,CASEY,-38.1335,145.32426,2021,12,December,0,Late Night,Weekend
T20210025485,2021-12-12,19:49:00,8,No collision and no object struck,7,Sunday,174,OUT OF CONTROL ON CARRIAGEWAY (ON STRAIGHT),1,700416,Not at intersection,2,60,Arterial Other,BAY,BAYSIDE,-37.95535,145.03418,2021,12,December,19,Night,Weekend
T20210026944,2021-12-12,17:00:00,6,Vehicle overturned (no collision),7,Sunday,184,OUT OF CONTROL ON CARRIAGEWAY (ON BEND),1,702434,Not at intersection,3,80,Local Road,OLD WARBURTON,YARRA RANGES,-37.765972,145.69072,2021,12,December,17,Afternoon Peak,Weekend
T20210025409,2021-12-12,01:15:00,1,Collision with vehicle,7,Sunday,163,VEHICLE STRIKES DOOR OF PARKED/STATIONARY VEHICLE,3,37703,T intersection,2,40,Local Road,CHAPEL,STONNINGTON,-37.849033,144.99379,2021,12,December,1,Late Night,Weekend
T20210025441,2021-12-12,10:40:00,1,Collision with vehicle,7,Sunday,130,REAR END(VEHICLES IN SAME LANE),1,774247,Not at intersection,3,100,Freeway,WESTERN RING,BRIMBANK,-37.776264,144.79404,2021,12,December,10,Midday,Weekend
T20210025599,2021-12-12,12:30:00,8,No collision and no object struck,7,Sunday,184,OUT OF CONTROL ON CARRIAGEWAY (ON BEND),1,699582,Not at intersection,3,80,Arterial Highway,GREAT OCEAN,COLAC OTWAY,-38.704437,143.77483,2021,12,December,12,Midday,Weekend
T20210025488,2021-12-12,22:00:00,1,Collision with vehicle,7,Sunday,120,HEAD ON (NOT OVERTAKING),5,704316,T intersection,3,60,Arterial Other,YORK,YARRA RANGES,-37.791286,145.37613,2021,12,December,22,Night,Weekend
T20210025421,2021-12-12,00:39:00,4,Collision with a fixed object,7,Sunday,179,OTHER ACCIDENTS-OFF STRAIGHT NOT INCLUDED IN DCAs 170-175,5,702318,Not at intersection,3,50,Local Road,INVERNESS,YARRA RANGES,-37.807503,145.37419,2021,12,December,0,Late Night,Weekend
T20210025467,2021-12-12,15:50:00,4,Collision with a fixed object,7,Sunday,173,RIGHT OFF CARRIAGEWAY INTO OBJECT/PARKED VEHICLE,1,699507,Not at intersection,2,70,Arterial Other,FRANKSTON-FLINDERS,MORNINGTON PENINSULA,-38.302643,145.18362,2021,12,December,15,Afternoon Peak,Weekend
T20210025423,2021-12-12,04:45:00,4,Collision with a fixed object,7,Sunday,173,RIGHT OFF CARRIAGEWAY INTO OBJECT/PARKED VEHICLE,5,781402,Not at intersection,3,100,Arterial Highway,SUNRAYSIA,PYRENEES,-37.223625,143.51884,2021,12,December,4,Late Night,Weekend
T20210025544,2021-12-12,17:55:00,4,Collision with a fixed object,7,Sunday,181,OFF RIGHT BEND INTO OBJECT/PARKED VEHICLE,1,699581,Multiple intersection,3,60,Arterial Other,CARDINIA,CARDINIA,-38.0816,145.4333,2021,12,December,17,Afternoon Peak,Weekend
T20210025439,2021-12-12,07:40:00,1,Collision with vehicle,7,Sunday,120,HEAD ON (NOT OVERTAKING),1,701918,Not at intersection,3,80,Arterial Other,MAIN HURSTBRIDGE,NILLUMBIK,-37.66851,145.17767,2021,12,December,7,Morning Peak,Weekend
T20210025642,2021-12-13,08:45:00,1,Collision with vehicle,1,Monday,116,LEFT NEAR (INTERSECTIONS ONLY),1,699933,T intersection,2,80,Arterial Other,PRINCES,WYNDHAM,-37.890972,144.68666,2021,12,December,8,Morning Peak,Weekday
T20210025604,2021-12-13,18:18:00,1,Collision with vehicle,1,Monday,130,REAR END(VEHICLES IN SAME LANE),1,699658,Not at intersection,3,80,Arterial Highway,NEPEAN,KINGSTON,-37.980724,145.06996,2021,12,December,18,Afternoon Peak,Weekday
T20210025675,2021-12-13,01:20:00,4,Collision with a fixed object,1,Monday,171,LEFT OFF CARRIAGEWAY INTO OBJECT/PARKED VEHICLE,3,702417,Not at intersection,3,100,Freeway,WESTERN,MELTON,-37.74071,144.68924,2021,12,December,1,Late Night,Weekday
T20210025541,2021-12-13,14:55:00,1,Collision with vehicle,1,Monday,113,RIGHT NEAR (INTERSECTIONS ONLY),1,51911,T intersection,3,60,Arterial Highway,HIGH,CAMPASPE,-36.130737,144.74872,2021,12,December,14,Midday,Weekday
T20210026390,2021-12-13,16:30:00,1,Collision with vehicle,1,Monday,110,CROSS TRAFFIC(INTERSECTIONS ONLY),1,29556,Cross intersection,2,60,Local Road,FAVERSHAM,BOROONDARA,-37.818882,145.08504,2021,12,December,16,Afternoon Peak,Weekday
T20210025682,2021-12-13,16:00:00,1,Collision with vehicle,1,Monday,130,REAR END(VEHICLES IN SAME LANE),1,702227,Cross intersection,3,80,Arterial Other,PLENTY,WHITTLESEA,-37.670544,145.07097,2021,12,December,16,Afternoon Peak,Weekday
T20210025511,2021-12-13,07:55:00,2,Struck Pedestrian,1,Monday,109,ANY MANOEUVRE INVOLVING PED NOT INCLUDED IN DCAs 100-108.,1,699922,Cross intersection,3,100,Local Road,MASON,CAMPASPE,-36.411762,144.94995,2021,12,December,7,Morning Peak,Weekday
T20210025516,2021-12-13,07:25:00,1,Collision with vehicle,1,Monday,113,RIGHT NEAR (INTERSECTIONS ONLY),1,46152,Cross intersection,2,80,Arterial Highway,NEPEAN,MORNINGTON PENINSULA,-38.19511,145.09131,2021,12,December,7,Morning Peak,Weekday
T20210025520,2021-12-13,07:01:00,1,Collision with vehicle,1,Monday,110,CROSS TRAFFIC(INTERSECTIONS ONLY),1,42918,Cross intersection,2,60,Arterial Other,HEATHERTON,DANDENONG,-37.965015,145.17332,2021,12,December,7,Morning Peak,Weekday
T20210025530,2021-12-13,13:38:00,1,Collision with vehicle,1,Monday,130,REAR END(VEHICLES IN SAME LANE),1,699657,Multiple intersection,2,60,Freeway,CHANDLER-EASTERN IN,BOROONDARA,-37.792183,145.02979,2021,12,December,13,Midday,Weekday
T20210025534,2021-12-13,13:53:00,4,Collision with a fixed object,1,Monday,171,LEFT OFF CARRIAGEWAY INTO OBJECT/PARKED VEHICLE,1,702418,Not at intersection,3,60,Local Road,CENTRAL,BAYSIDE,-37.977604,145.02151,2021,12,December,13,Midday,Weekday
T20210025538,2021-12-13,15:00:00,1,Collision with vehicle,1,Monday,130,REAR END(VEHICLES IN SAME LANE),1,700220,T intersection,2,60,Local Road,BRIDGE,MELTON,-37.716175,144.59729,2021,12,December,15,Afternoon Peak,Weekday
T20220001285,2021-12-13,15:00:00,5,collision with some other object,1,Monday,166,STRUCK OBJECT ON CARRIAGEWAY,1,704979,Not at intersection,3,100,Freeway,PRINCES FREEWAY,GEELONG,-38.04894,144.40086,2021,12,December,15,Afternoon Peak,Weekday
T20210025540,2021-12-13,15:00:00,8,No collision and no object struck,1,Monday,170,OFF CARRIAGEWAY TO LEFT,1,699615,Not at intersection,2,100,Local Road,OLD SYDNEY,MITCHELL,-37.497787,144.90463,2021,12,December,15,Afternoon Peak,Weekday
T20210025504,2021-12-13,09:35:00,1,Collision with vehicle,1,Monday,116,LEFT NEAR (INTERSECTIONS ONLY),1,51387,T intersection,3,50,Local Road,ANNESLEY,CAMPASPE,-36.125984,144.7516,2021,12,December,9,Morning Peak,Weekday
T20210025654,2021-12-13,14:50:00,1,Collision with vehicle,1,Monday,140,U TURN,1,699586,T intersection,3,60,Local Road,LITHGOW,MITCHELL,-37.47155,144.95573,2021,12,December,14,Midday,Weekday
T20210025751,2021-12-13,05:14:00,1,Collision with vehicle,1,Monday,130,REAR END(VEHICLES IN SAME LANE),5,731271,Not at intersection,3,60,Freeway,HUME,WODONGA,-36.079487,146.74535,2021,12,December,5,Morning Peak,Weekday