ACCIDENT_NO,ACCIDENT_DATE,ACCIDENT_TIME,ACCIDENT_TYPE,ACCIDENT_TYPE_DESC,DAY_OF_WEEK,DAY_WEEK_DESC,DCA_CODE,DCA_DESC,LIGHT_CONDITION,NODE_ID,ROAD_GEOMETRY_DESC,SEVERITY,SPEED_ZONE,RMA,ROAD_NAME,LGA_NAME,LATITUDE,LONGITUDE,YEAR,MONTH,MONTH_NAME,HOUR,TIME_PERIOD,DAY_TYPE
T20220001221,2021-12-13,09:01:00,1,Collision with vehicle,1,Monday,130,REAR END(VEHICLES IN SAME LANE),1,770120,Not at intersection,3,80,Arterial Other,NARRE WARREN NORTH,CASEY,-38.020782,145.30801,2021,12,December,9,Morning Peak,Weekday
T20210025500,2021-12-13,07:30:00,1,Collision with vehicle,1,Monday,133,LANE SIDE SWIPE (VEHICLES IN PARALLEL LANES),1,702353,Not at intersection,2,80,Arterial Other,HUME,HUME,-37.64307,144.95142,2021,12,December,7,Morning Peak,Weekday
T20210025574,2021-12-13,16:49:00,1,Collision with vehicle,1,Monday,116,LEFT NEAR (INTERSECTIONS ONLY),1,668259,Cross intersection,3,60,Local Road,WILLIAM THWAITES,CASEY,-38.076454,145.3163,2021,12,December,16,Afternoon Peak,Weekday
T20210025573,2021-12-13,22:10:00,4,Collision with a fixed object,1,Monday,183,OFF LEFT BEND INTO OBJECT/PARKED VEHICLE,3,781405,Not at intersection,3,80,Freeway,CITYLINK IN-LORIMER,MELBOURNE,-37.82532,144.93135,2021,12,December,22,Night,Weekday
T20210025568,2021-12-13,20:45:00,1,Collision with vehicle,1,Monday,147,VEHICLE STRIKES ANOTHER VEH WHILE EMERGING FROM DRIVEWAY,3,105646,Not at intersection,3,60,Arterial Other,HEREFORD,YARRA RANGES,-37.782627,145.38237,2021,12,December,20,Night,Weekday
T20210025564,2021-12-13,19:34:00,4,Collision with a fixed object,1,Monday,171,LEFT OFF CARRIAGEWAY INTO OBJECT/PARKED VEHICLE,1,751964,Cross intersection,2,60,Local Road,COPPARDS,GEELONG,-38.182484,144.40086,2021,12,December,19,Night,Weekday
T20210025496,2021-12-13,06:28:00,1,Collision with vehicle,1,Monday,121,RIGHT THROUGH,1,702226,T intersection,3,70,Arterial Highway,HODDER,BAYSIDE,-37.901943,145.02344,2021,12,December,6,Morning Peak,Weekday
T20210025561,2021-12-13,14:00:00,1,Collision with vehicle,1,Monday,160,VEHICLE COLLIDES WITH VEHICLE PARKED ON LEFT OF ROAD,1,781406,Not at intersection,3,60,Local Road,KARINGAL,FRANKSTON,-38.153214,145.16278,2021,12,December,14,Midday,Weekday
T20210025558,2021-12-13,18:00:00,4,Collision with a fixed object,1,Monday,181,OFF RIGHT BEND INTO OBJECT/PARKED VEHICLE,1,702354,Not at intersection,2,80,Arterial Other,DEANS MARSH-LORNE,SURF COAST,-38.51265,143.97197,2021,12,December,18,Afternoon Peak,Weekday
T20210025557,2021-12-13,17:00:00,1,Collision with vehicle,1,Monday,121,RIGHT THROUGH,1,282758,T intersection,2,80,Arterial Other,MELTON,MELTON,-37.691334,144.74,2021,12,December,17,Afternoon Peak,Weekday
T20210025491,2021-12-13,01:30:00,4,Collision with a fixed object,1,Monday,173,RIGHT OFF CARRIAGEWAY INTO OBJECT/PARKED VEHICLE,5,699448,Not at intersection,2,80,Arterial Other,DUNCANS,WYNDHAM,-37.949352,144.70738,2021,12,December,1,Late Night,Weekday
T20210025556,2021-12-13,17:50:00,1,Collision with vehicle,1,Monday,113,RIGHT NEAR (INTERSECTIONS ONLY),1,29748,T intersection,3,50,Arterial Other,CLYDE,CASEY,-38.049274,145.3405,2021,12,December,17,Afternoon Peak,Weekday
T20210025579,2021-12-13,22:24:00,2,Struck Pedestrian,1,Monday,103,PED PLAYING/LYING/WORKING/STANDING ON CARRIAGEWAY.,3,699849,Not at intersection,3,50,Local Road,ROSE,BENDIGO,-36.73646,144.25255,2021,12,December,22,Night,Weekday
T20210025554,2021-12-13,08:45:00,1,Collision with vehicle,1,Monday,130,REAR END(VEHICLES IN SAME LANE),1,699505,Not at intersection,2,60,Arterial Other,COOPER,WHITTLESEA,-37.648315,144.99303,2021,12,December,8,Morning Peak,Weekday
T20210025553,2021-12-13,17:00:00,1,Collision with vehicle,1,Monday,148,VEHICLE OFF FOOTPATH STRIKES VEH ON CARRIAGEWAY,1,71868,T intersection,3,50,Local Road,HUMOORE,GEELONG,-38.137226,144.3305,2021,12,December,17,Afternoon Peak,Weekday
T20220009021,2021-12-13,09:30:00,6,Vehicle overturned (no collision),1,Monday,149,OTHER MANOEUVRING NOT INCLUDED IN DCAs 140-148,1,727706,Cross intersection,3,60,Arterial Other,CLARINDA ROAD -HUNTINGDALE,KINGSTON,-37.92638,145.1007,2021,12,December,9,Morning Peak,Weekday
T20210025547,2021-12-13,15:30:00,1,Collision with vehicle,1,Monday,130,REAR END(VEHICLES IN SAME LANE),1,778591,Not at intersection,3,60,Local Road,WALNUT,MILDURA,-34.193634,142.14223,2021,12,December,15,Afternoon Peak,Weekday
T20210025581,2021-12-13,23:34:00,4,Collision with a fixed object,1,Monday,171,LEFT OFF CARRIAGEWAY INTO OBJECT/PARKED VEHICLE,3,731267,Not at intersection,2,50,Arterial Other,MAIN SOUTH,BAW BAW,-38.13683,145.85721,2021,12,December,23,Night,Weekday
T20210026143,2021-12-13,20:15:00,3,Struck animal,1,Monday,167,STRUCK ANIMAL,2,701748,Not at intersection,2,80,Arterial Other,SANDERS,LATROBE,-38.243668,146.50598,2021,12,December,20,Night,Weekday
T20210026073,2021-12-13,08:40:00,1,Collision with vehicle,1,Monday,130,REAR END(VEHICLES IN SAME LANE),1,700001,Not at intersection,3,80,Local Road,BERWICK,YARRA RANGES,-37.9628,145.36201,2021,12,December,8,Morning Peak,Weekday
T20210025502,2021-12-13,07:50:00,1,Collision with vehicle,1,Monday,135,LANE CHANGE LEFT (NOT OVERTAKING),1,699616,Not at intersection,3,100,Freeway,MONASH,CASEY,-37.99035,145.25417,2021,12,December,7,Morning Peak,Weekday
T20210025854,2021-12-14,13:20:00,1,Collision with vehicle,2,Tuesday,148,VEHICLE OFF FOOTPATH STRIKES VEH ON CARRIAGEWAY,1,24024,Cross intersection,3,40,Local Road,BATMANS HILL,MELBOURNE,-37.820656,144.94867,2021,12,December,13,Midday,Weekday
T20210025647,2021-12-14,17:12:00,1,Collision with vehicle,2,Tuesday,130,REAR END(VEHICLES IN SAME LANE),1,699584,Multiple intersection,3,100,Freeway,PENINSULA LINK,FRANKSTON,-38.109005,145.16199,2021,12,December,17,Afternoon Peak,Weekday
T20210025619,2021-12-14,13:30:00,1,Collision with vehicle,2,Tuesday,110,CROSS TRAFFIC(INTERSECTIONS ONLY),1,699710,Cross intersection,2,80,Arterial Highway,DINGLEY,KINGSTON,-37.94453,145.09709,2021,12,December,13,Midday,Weekday
T20210025838,2021-12-14,18:00:00,2,Struck Pedestrian,2,Tuesday,100,PED NEAR SIDE. PED HIT BY VEHICLE FROM THE RIGHT.,2,37220,Cross intersection,3,40,Arterial Other,CLYDE,CASEY,-38.038155,145.34253,2021,12,December,18,Afternoon Peak,Weekday
T20210025666,2021-12-14,12:45:00,1,Collision with vehicle,2,Tuesday,113,RIGHT NEAR (INTERSECTIONS ONLY),1,781490,T intersection,3,50,Local Road,ALBION,MARIBYRNONG,-37.81142,144.87125,2021,12,December,12,Midday,Weekday
T20210025650,2021-12-14,15:40:00,1,Collision with vehicle,2,Tuesday,120,HEAD ON (NOT OVERTAKING),1,39633,T intersection,3,60,Arterial Other,WANTIRNA,MAROONDAH,-37.826374,145.22733,2021,12,December,15,Afternoon Peak,Weekday
T20210025602,2021-12-14,06:45:00,1,Collision with vehicle,2,Tuesday,130,REAR END(VEHICLES IN SAME LANE),1,351424,T intersection,3,60,Arterial Other,PRINCES,WYNDHAM,-37.88433,144.70087,2021,12,December,6,Morning Peak,Weekday
T20210025670,2021-12-14,18:00:00,1,Collision with vehicle,2,Tuesday,110,CROSS TRAFFIC(INTERSECTIONS ONLY),1,704370,Cross intersection,2,50,Local Road,BIRDWOOD,MARIBYRNONG,-37.784973,144.8859,2021,12,December,18,Afternoon Peak,Weekday
T20210025630,2021-12-14,12:15:00,1,Collision with vehicle,2,Tuesday,135,LANE CHANGE LEFT (NOT OVERTAKING),1,700344,Not at intersection,2,100,Freeway,WESTERN RING,MORELAND,-37.69401,144.90976,2021,12,December,12,Midday,Weekday
T20220004232,2021-12-14,16:30:00,4,Collision with a fixed object,2,Tuesday,181,OFF RIGHT BEND INTO OBJECT/PARKED VEHICLE,1,705393,Not at intersection,3,100,Arterial Highway,SOUTH GIPPSLAND,CARDINIA,-38.21101,145.43077,2021,12,December,16,Afternoon Peak,Weekday
T20210025649,2021-12-14,17:35:00,1,Collision with vehicle,2,Tuesday,135,LANE CHANGE LEFT (NOT OVERTAKING),1,699585,Not at intersection,3,80,Arterial Highway,MAROONDAH,MAROONDAH,-37.79477,145.25822,2021,12,December,17,Afternoon Peak,Weekday
T20210025858,2021-12-14,21:40:00,4,Collision with a fixed object,2,Tuesday,181,OFF RIGHT BEND INTO OBJECT/PARKED VEHICLE,3,702419,Not at intersection,3,60,Freeway,THAMES-MORNINGTON PENINSULA OUT,DANDENONG,-38.043373,145.1424,2021,12,December,21,Night,Weekday
T20210026010,2021-12-14,12:00:00,1,Collision with vehicle,2,Tuesday,163,VEHICLE STRIKES DOOR OF PARKED/STATIONARY VEHICLE,1,706904,Not at intersection,3,40,Arterial Other,BRIDGE,YARRA,-37.818516,144.99841,2021,12,December,12,Midday,Weekday
T20210025605,2021-12-14,08:15:00,4,Collision with a fixed object,2,Tuesday,171,LEFT OFF CARRIAGEWAY INTO OBJECT/PARKED VEHICLE,1,355421,T intersection,2,60,Local Road,DONNYBROOK,GEELONG,-38.086494,144.34593,2021,12,December,8,Morning Peak,Weekday
T20210025651,2021-12-14,18:30:00,1,Collision with vehicle,2,Tuesday,112,LEFT FAR (INTERSECTIONS ONLY),1,731268,Cross intersection,3,50,Local Road,CANTERBURY,LATROBE,-38.31847,146.41136,2021,12,December,18,Afternoon Peak,Weekday
T20210025655,2021-12-14,19:20:00,2,Struck Pedestrian,2,Tuesday,100,PED NEAR SIDE. PED HIT BY VEHICLE FROM THE RIGHT.,1,699850,Not at intersection,3,40,Arterial Other,LIVINGSTONE,BANYULE,-37.76771,145.04132,2021,12,December,19,Night,Weekday
T20210025697,2021-12-14,20:00:00,1,Collision with vehicle,2,Tuesday,130,REAR END(VEHICLES IN SAME LANE),2,770119,Not at intersection,3,80,Arterial Highway,BURWOOD,KNOX,-37.86874,145.235,2021,12,December,20,Night,Weekday
T20210025656,2021-12-14,15:17:00,1,Collision with vehicle,2,Tuesday,110,CROSS TRAFFIC(INTERSECTIONS ONLY),1,704819,Cross intersection,2,100,Local Road,DHURRINGILE,SHEPPARTON,-36.55765,145.24118,2021,12,December,15,Afternoon Peak,Weekday
T20210025590,2021-12-14,07:41:00,1,Collision with vehicle,2,Tuesday,113,RIGHT NEAR (INTERSECTIONS ONLY),1,39541,T intersection,3,60,Arterial Other,MITCHAM,WHITEHORSE,-37.808167,145.19266,2021,12,December,7,Morning Peak,Weekday
T20210025587,2021-12-14,05:45:00,1,Collision with vehicle,2,Tuesday,120,HEAD ON (NOT OVERTAKING),1,709485,Not at intersection,3,70,Arterial Other,BROADMEADOWS,HUME,-37.680977,144.89598,2021,12,December,5,Morning Peak,Weekday
T20210025582,2021-12-14,01:45:00,1,Collision with vehicle,2,Tuesday,121,RIGHT THROUGH,3,29420,Cross intersection,2,40,Local Road,FLINDERS,MELBOURNE,-37.819614,144.96002,2021,12,December,1,Late Night,Weekday
T20210025635,2021-12-14,15:52:00,6,Vehicle overturned (no collision),2,Tuesday,172,OFF CARRIAGEWAY TO RIGHT,1,706708,Not at intersection,3,50,Local Road,COOKE,BALLARAT,-37.581455,143.84358,2021,12,December,15,Afternoon Peak,Weekday
T20210025634,2021-12-14,15:58:00,2,Struck Pedestrian,2,Tuesday,102,FAR SIDE. PED HIT BY VEHICLE FROM THE LEFT,1,706732,Cross intersection,3,40,Local Road,VERENE,MANNINGHAM,-37.767963,145.11845,2021,12,December,15,Afternoon Peak,Weekday
T20220001266,2021-12-14,19:05:00,1,Collision with vehicle,2,Tuesday,130,REAR END(VEHICLES IN SAME LANE),1,702690,Not at intersection,3,80,Freeway,CALDER,BRIMBANK,-37.70766,144.81924,2021,12,December,19,Night,Weekday
T20210026120,2021-12-14,17:10:00,1,Collision with vehicle,2,Tuesday,134,LANE CHANGE RIGHT (NOT OVERTAKING),1,704499,Not at intersection,3,100,Freeway,PRINCES,HOBSONS BAY,-37.86398,144.77658,2021,12,December,17,Afternoon Peak,Weekday
T20210025661,2021-12-14,19:45:00,1,Collision with vehicle,2,Tuesday,110,CROSS TRAFFIC(INTERSECTIONS ONLY),1,29370,Cross intersection,3,60,Arterial Other,CRAIGIEBURN,WHITTLESEA,-37.608517,145.03133,2021,12,December,19,Night,Weekday
T20210025663,2021-12-14,18:50:00,1,Collision with vehicle,2,Tuesday,113,RIGHT NEAR (INTERSECTIONS ONLY),1,41775,T intersection,3,60,Arterial Other,WAVERLEY,MONASH,-37.88836,145.15938,2021,12,December,18,Afternoon Peak,Weekday
T20210025633,2021-12-14,16:34:00,1,Collision with vehicle,2,Tuesday,121,RIGHT THROUGH,1,29840,Cross intersection,2,40,Arterial Other,SYDNEY,MORELAND,-37.768856,144.96182,2021,12,December,16,Afternoon Peak,Weekday
T20210025658,2021-12-14,15:00:00,1,Collision with vehicle,2,Tuesday,146,REVERSING INTO FIXED OBJECT/PARKED VEHICLE,1,699614,Not at intersection,2,50,Local Road,SHEPHERD,GEELONG,-38.11251,144.34549,2021,12,December,15,Afternoon Peak,Weekday
T20210025628,2021-12-14,10:55:00,4,Collision with a fixed object,2,Tuesday,151,OUT OF CONTROL (OVERTAKING),1,706125,Not at intersection,2,100,Local Road,BOOROOK,CORANGAMITE,-38.560474,143.11511,2021,12,December,10,Midday,Weekday
T20210025646,2021-12-14,16:24:00,1,Collision with vehicle,2,Tuesday,140,U TURN,1,702675,Not at intersection,3,50,Arterial Other,MAIN,MACEDON RANGES,-37.46209,144.6776,2021,12,December,16,Afternoon Peak,Weekday
T20210025627,2021-12-14,12:19:00,1,Collision with vehicle,2,Tuesday,120,HEAD ON (NOT OVERTAKING),1,701096,Y intersection,1,100,Local Road,BUNGEET,BENALLA,-36.386433,145.98712,2021,12,December,12,Midday,Weekday
T20220021518,2021-12-15,17:55:00,1,Collision with vehicle,3,Wednesday,113,RIGHT NEAR (INTERSECTIONS ONLY),1,238613,T intersection,3,40,Arterial Other,MAIN,BRIMBANK,-37.744473,144.80191,2021,12,December,17,Afternoon Peak,Weekday
T20210026144,2021-12-15,09:10:00,5,collision with some other object,3,Wednesday,191,LOAD OR MISSILE STRUCK VEHICLE,1,700033,Not at intersection,3,60,Local Road,NORMAN,BALLARAT,-37.535767,143.8534,2021,12,December,9,Morning Peak,Weekday
T20210025752,2021-12-15,16:15:00,1,Collision with vehicle,3,Wednesday,110,CROSS TRAFFIC(INTERSECTIONS ONLY),1,38029,Cross intersection,3,50,Local Road,MITCHELL,DAREBIN,-37.773525,145.01125,2021,12,December,16,Afternoon Peak,Weekday
T20210026408,2021-12-15,15:10:00,1,Collision with vehicle,3,Wednesday,111,RIGHT FAR (INTERSECTIONS ONLY),9,352452,T intersection,3,80,Arterial Other,CRANBOURNE,CASEY,-38.034637,145.30533,2021,12,December,15,Afternoon Peak,Weekday
T20210025716,2021-12-15,13:20:00,1,Collision with vehicle,3,Wednesday,120,HEAD ON (NOT OVERTAKING),1,702676,Not at intersection,2,60,Local Road,FUSSELL,BALLARAT,-37.565327,143.8942,2021,12,December,13,Midday,Weekday
T20210025851,2021-12-15,23:20:00,4,Collision with a fixed object,3,Wednesday,171,LEFT OFF CARRIAGEWAY INTO OBJECT/PARKED VEHICLE,3,48945,T intersection,3,50,Local Road,ORCHARD,NILLUMBIK,-37.70219,145.14809,2021,12,December,23,Night,Weekday
T20210025718,2021-12-15,15:15:00,4,Collision with a fixed object,3,Wednesday,171,LEFT OFF CARRIAGEWAY INTO OBJECT/PARKED VEHICLE,1,702403,Not at intersection,3,60,Arterial Highway,NEPEAN,FRANKSTON,-38.15737,145.10527,2021,12,December,15,Afternoon Peak,Weekday
T20210025765,2021-12-15,22:03:00,4,Collision with a fixed object,3,Wednesday,173,RIGHT OFF CARRIAGEWAY INTO OBJECT/PARKED VEHICLE,3,704414,Not at intersection,2,70,Arterial Other,BAYSWATER,MAROONDAH,-37.82047,145.269,2021,12,December,22,Night,Weekday
T20210025721,2021-12-15,15:20:00,1,Collision with vehicle,3,Wednesday,140,U TURN,1,699773,Not at intersection,3,50,Local Road,LONDON,KNOX,-37.8451,145.28377,2021,12,December,15,Afternoon Peak,Weekday
T20210025758,2021-12-15,22:45:00,1,Collision with vehicle,3,Wednesday,121,RIGHT THROUGH,3,39054,Multiple intersection,2,60,Arterial Other,DONCASTER,BOROONDARA,-37.793434,145.064,2021,12,December,22,Night,Weekday
T20210025774,2021-12-15,17:05:00,1,Collision with vehicle,3,Wednesday,130,REAR END(VEHICLES IN SAME LANE),1,699660,T intersection,2,80,Arterial Other,DONNYBROOK,HUME,-37.53565,144.90547,2021,12,December,17,Afternoon Peak,Weekday
T20210025769,2021-12-15,15:17:00,1,Collision with vehicle,3,Wednesday,110,CROSS TRAFFIC(INTERSECTIONS ONLY),1,52370,Cross intersection,2,100,Arterial Other,MAFFRA-ROSEDALE,WELLINGTON,-38.02603,146.88014,2021,12,December,15,Afternoon Peak,Weekday
T20210025739,2021-12-15,17:59:00,1,Collision with vehicle,3,Wednesday,113,RIGHT NEAR (INTERSECTIONS ONLY),1,70564,T intersection,3,50,Arterial Highway,LOWER DANDENONG,KINGSTON,-37.98318,145.081,2021,12,December,17,Afternoon Peak,Weekday
T20210025746,2021-12-15,16:00:00,1,Collision with vehicle,3,Wednesday,110,CROSS TRAFFIC(INTERSECTIONS ONLY),1,36004,Cross intersection,3,50,Local Road,HARDING,MORELAND,-37.745827,144.97345,2021,12,December,16,Afternoon Peak,Weekday
T20210025748,2021-12-15,16:00:00,1,Collision with vehicle,3,Wednesday,163,VEHICLE STRIKES DOOR OF PARKED/STATIONARY VEHICLE,1,702317,Not at intersection,3,60,Arterial Other,MACAULAY,MELBOURNE,-37.797165,144.94083,2021,12,December,16,Afternoon Peak,Weekday
T20210025706,2021-12-15,09:55:00,5,collision with some other object,3,Wednesday,166,STRUCK OBJECT ON CARRIAGEWAY,1,701140,Not at intersection,3,50,Local Road,VICTORIA,BENDIGO,-36.71958,144.25294,2021,12,December,9,Morning Peak,Weekday
T20210025712,2021-12-15,11:22:00,1,Collision with vehicle,3,Wednesday,142,LEAVING PARKING,1,703229,Not at intersection,2,80,Arterial Highway,GREAT ALPINE,ALPINE,-36.705223,146.91672,2021,12,December,11,Midday,Weekday
T20210025683,2021-12-15,07:40:00,1,Collision with vehicle,3,Wednesday,134,LANE CHANGE RIGHT (NOT OVERTAKING),1,37621,Cross intersection,2,60,Arterial Highway,PUNT,STONNINGTON,-37.848343,144.98457,2021,12,December,7,Morning Peak,Weekday
T20210025750,2021-12-15,21:00:00,1,Collision with vehicle,3,Wednesday,121,RIGHT THROUGH,3,227929,Multiple intersection,3,80,Arterial Other,PRINCES,CARDINIA,-38.055233,145.3816,2021,12,December,21,Night,Weekday
T20220000721,2021-12-15,10:30:00,6,Vehicle overturned (no collision),3,Wednesday,174,OUT OF CONTROL ON CARRIAGEWAY (ON STRAIGHT),1,44101,T intersection,2,70,Arterial Other,FRANKSTON-FLINDERS,MORNINGTON PENINSULA,-38.316025,145.1835,2021,12,December,10,Midday,Weekday
T20210025684,2021-12-15,06:55:00,1,Collision with vehicle,3,Wednesday,110,CROSS TRAFFIC(INTERSECTIONS ONLY),1,30039,Cross intersection,2,80,Arterial Other,THOMPSONS,CASEY,-38.078964,145.25116,2021,12,December,6,Morning Peak,Weekday
T20210025892,2021-12-15,21:50:00,1,Collision with vehicle,3,Wednesday,110,CROSS TRAFFIC(INTERSECTIONS ONLY),3,235333,Cross intersection,3,60,Arterial Other,POINT COOK,WYNDHAM,-37.896713,144.75415,2021,12,December,21,Night,Weekday
T20210025698,2021-12-15,12:10:00,2,Struck Pedestrian,3,Wednesday,100,PED NEAR SIDE. PED HIT BY VEHICLE FROM THE RIGHT.,1,694672,Not at intersection,2,60,Arterial Other,BEACONSFIELD,PORT PHILLIP,-37.848026,144.94911,2021,12,December,12,Midday,Weekday
T20210025699,2021-12-15,12:06:00,1,Collision with vehicle,3,Wednesday,111,RIGHT FAR (INTERSECTIONS ONLY),1,60003,Cross intersection,3,60,Arterial Highway,ANZAC,MITCHELL,-37.03577,145.15517,2021,12,December,12,Midday,Weekday
T20210026037,2021-12-15,07:23:00,1,Collision with vehicle,3,Wednesday,130,REAR END(VEHICLES IN SAME LANE),1,719158,Y intersection,3,80,Arterial Other,CRANBOURNE-NARRE WARREN,CASEY,-38.05363,145.30136,2021,12,December,7,Morning Peak,Weekday
T20210026253,2021-12-15,11:35:00,1,Collision with vehicle,3,Wednesday,132,RIGHT REAR.,1,39327,Cross intersection,3,60,Arterial Other,STATION,WHITEHORSE,-37.8257,145.12239,2021,12,December,11,Midday,Weekday
T20210025818,2021-12-16,16:45:00,1,Collision with vehicle,4,Thursday,113,RIGHT NEAR (INTERSECTIONS ONLY),1,703282,T intersection,2,100,Arterial Highway,BASS,BASS COAST,-38.561073,145.49973,2021,12,December,16,Afternoon Peak,Weekday
T20210025793,2021-12-16,11:30:00,1,Collision with vehicle,4,Thursday,179,OTHER ACCIDENTS-OFF STRAIGHT NOT INCLUDED IN DCAs 170-175,1,781577,Cross intersection,3,60,Local Road,ROWANS,KINGSTON,-37.9491,145.04604,2021,12,December,11,Midday,Weekday
T20210025837,2021-12-16,16:29:00,1,Collision with vehicle,4,Thursday,110,CROSS TRAFFIC(INTERSECTIONS ONLY),1,36326,Cross intersection,3,80,Arterial Other,THOMPSONS,CASEY,-38.084476,145.29536,2021,12,December,16,Afternoon Peak,Weekday
T20220001079,2021-12-16,17:20:00,1,Collision with vehicle,4,Thursday,130,REAR END(VEHICLES IN SAME LANE),1,702321,Not at intersection,3,60,Local Road,MOORABOOL,GEELONG,-38.166843,144.35146,2021,12,December,17,Afternoon Peak,Weekday
T20210025839,2021-12-16,15:40:00,4,Collision with a fixed object,4,Thursday,181,OFF RIGHT BEND INTO OBJECT/PARKED VEHICLE,1,713460,Not at intersection,1,100,Local Road,GHIN GHIN,MURRINDINDI,-37.16666,145.3718,2021,12,December,15,Afternoon Peak,Weekday
T20210025841,2021-12-16,19:50:00,4,Collision with a fixed object,4,Thursday,171,LEFT OFF CARRIAGEWAY INTO OBJECT/PARKED VEHICLE,2,705296,Not at intersection,2,100,Local Road,RIVER,MILDURA,-34.213806,142.04547,2021,12,December,19,Night,Weekday
T20210025940,2021-12-16,06:40:00,1,Collision with vehicle,4,Thursday,130,REAR END(VEHICLES IN SAME LANE),2,700348,Not at intersection,3,100,Freeway,EASTERN,WHITEHORSE,-37.80041,145.15123,2021,12,December,6,Morning Peak,Weekday
T20220006870,2021-12-16,18:00:00,1,Collision with vehicle,4,Thursday,115,RIGHT/LEFT FAR (INTERSECTIONS ONLY),1,239987,T intersection,3,30,Local Road,KINGFISHER,WODONGA,-36.132175,146.8548,2021,12,December,18,Afternoon Peak,Weekday
T20210025876,2021-12-16,09:50:00,1,Collision with vehicle,4,Thursday,140,U TURN,1,720521,Not at intersection,2,60,Arterial Other,PLENTY,DAREBIN,-37.73067,145.01512,2021,12,December,9,Morning Peak,Weekday
T20210025814,2021-12-16,15:52:00,1,Collision with vehicle,4,Thursday,113,RIGHT NEAR (INTERSECTIONS ONLY),1,41920,T intersection,3,80,Arterial Highway,BURWOOD,KNOX,-37.880745,145.27162,2021,12,December,15,Afternoon Peak,Weekday
T20210025813,2021-12-16,09:30:00,1,Collision with vehicle,4,Thursday,148,VEHICLE OFF FOOTPATH STRIKES VEH ON CARRIAGEWAY,1,700419,Not at intersection,3,50,Local Road,REYNARD,MORELAND,-37.748386,144.9626,2021,12,December,9,Morning Peak,Weekday
T20210025811,2021-12-16,13:00:00,1,Collision with vehicle,4,Thursday,130,REAR END(VEHICLES IN SAME LANE),1,35560,Cross intersection,3,80,Arterial Highway,NORTH,MONASH,-37.913975,145.12187,2021,12,December,13,Midday,Weekday
T20210025808,2021-12-16,13:20:00,1,Collision with vehicle,4,Thursday,110,CROSS TRAFFIC(INTERSECTIONS ONLY),1,707404,Cross intersection,2,80,Arterial Other,MERRAWARP,GEELONG,-38.170067,144.25285,2021,12,December,13,Midday,Weekday
T20210025832,2021-12-16,17:10:00,1,Collision with vehicle,4,Thursday,120,HEAD ON (NOT OVERTAKING),1,702455,Not at intersection,2,100,Local Road,AXEDALE-GOORNONG,BENDIGO,-36.73527,144.51166,2021,12,December,17,Afternoon Peak,Weekday
T20210025805,2021-12-16,07:05:00,1,Collision with vehicle,4,Thursday,110,CROSS TRAFFIC(INTERSECTIONS ONLY),1,702267,Cross intersection,2,60,Arterial Other,MURRAY,DAREBIN,-37.73657,144.99023,2021,12,December,7,Morning Peak,Weekday
T20220002461,2021-12-16,10:18:00,1,Collision with vehicle,4,Thursday,121,RIGHT THROUGH,1,731355,T intersection,3,80,Arterial Highway,PLENTY,WHITTLESEA,-37.68706,145.06728,2021,12,December,10,Midday,Weekday
T20210025775,2021-12-16,08:50:00,2,Struck Pedestrian,4,Thursday,102,FAR SIDE. PED HIT BY VEHICLE FROM THE LEFT,1,699661,T intersection,2,60,Arterial Other,PASCOE VALE,MOONEE VALLEY,-37.75079,144.92525,2021,12,December,8,Morning Peak,Weekday
T20210025797,2021-12-16,11:00:00,1,Collision with vehicle,4,Thursday,120,HEAD ON (NOT OVERTAKING),1,700346,Not at intersection,2,60,Local Road,JUMPING CREEK,MANNINGHAM,-37.736485,145.24777,2021,12,December,11,Midday,Weekday
T20220001460,2021-12-16,17:00:00,1,Collision with vehicle,4,Thursday,130,REAR END(VEHICLES IN SAME LANE),1,246577,Cross intersection,3,60,Arterial Other,DORSET,MAROONDAH,-37.81119,145.2882,2021,12,December,17,Afternoon Peak,Weekday
T20210025763,2021-12-16,05:32:00,1,Collision with vehicle,4,Thursday,121,RIGHT THROUGH,1,59524,Cross intersection,3,60,Arterial Highway,NAPIER,BENDIGO,-36.731457,144.30487,2021,12,December,5,Morning Peak,Weekday
T20210025761,2021-12-16,05:26:00,5,collision with some other object,4,Thursday,166,STRUCK OBJECT ON CARRIAGEWAY,2,699924,Cross intersection,2,60,Arterial Other,NORTH,BAYSIDE,-37.899612,145.00424,2021,12,December,5,Morning Peak,Weekday
T20210026885,2021-12-16,12:30:00,2,Struck Pedestrian,4,Thursday,100,PED NEAR SIDE. PED HIT BY VEHICLE FROM THE RIGHT.,1,702108,Cross intersection,2,50,Arterial Other,GRANGE,DAREBIN,-37.77255,145.02628,2021,12,December,12,Midday,Weekday
T20210026320,2021-12-16,14:00:00,1,Collision with vehicle,4,Thursday,132,RIGHT REAR.,1,700152,T intersection,3,80,Arterial Highway,GEELONG,MARIBYRNONG,-37.80315,144.88464,2021,12,December,14,Midday,Weekday