ACCIDENT_NO,ACCIDENT_DATE,ACCIDENT_TIME,ACCIDENT_TYPE,ACCIDENT_TYPE_DESC,DAY_OF_WEEK,DAY_WEEK_DESC,DCA_CODE,DCA_DESC,LIGHT_CONDITION,NODE_ID,ROAD_GEOMETRY_DESC,SEVERITY,SPEED_ZONE,RMA,ROAD_NAME,LGA_NAME,LATITUDE,LONGITUDE,YEAR,MONTH,MONTH_NAME,HOUR,TIME_PERIOD,DAY_TYPE
T20210025802,2021-12-16,09:30:00,1,Collision with vehicle,4,Thursday,110,CROSS TRAFFIC(INTERSECTIONS ONLY),1,36815,Cross intersection,3,60,Arterial Other,SPENCER,MELBOURNE,-37.809277,144.94939,2021,12,December,9,Morning Peak,Weekday
T20220001944,2021-12-16,11:10:00,1,Collision with vehicle,4,Thursday,111,RIGHT FAR (INTERSECTIONS ONLY),1,731339,T intersection,3,60,Local Road,MONSANTS,BENDIGO,-36.75214,144.19862,2021,12,December,11,Midday,Weekday
T20210026480,2021-12-16,09:45:00,1,Collision with vehicle,4,Thursday,115,RIGHT/LEFT FAR (INTERSECTIONS ONLY),1,781579,Multiple intersection,3,60,Arterial Other,ASCOT VALE,MOONEE VALLEY,-37.787403,144.92133,2021,12,December,9,Morning Peak,Weekday
T20210025937,2021-12-16,18:10:00,1,Collision with vehicle,4,Thursday,130,REAR END(VEHICLES IN SAME LANE),1,699717,Cross intersection,3,80,Arterial Other,DIAMOND CREEK,NILLUMBIK,-37.68893,145.11392,2021,12,December,18,Afternoon Peak,Weekday
T20210025785,2021-12-16,09:38:00,1,Collision with vehicle,4,Thursday,130,REAR END(VEHICLES IN SAME LANE),1,700222,Not at intersection,2,90,Arterial Other,THOMPSON,FRANKSTON,-38.0712,145.18724,2021,12,December,9,Morning Peak,Weekday
T20210025784,2021-12-16,06:31:00,1,Collision with vehicle,4,Thursday,110,CROSS TRAFFIC(INTERSECTIONS ONLY),2,72148,Cross intersection,2,80,Arterial Other,BALLARTO,CARDINIA,-38.15602,145.50307,2021,12,December,6,Morning Peak,Weekday
T20210025999,2021-12-16,14:30:00,1,Collision with vehicle,4,Thursday,112,LEFT FAR (INTERSECTIONS ONLY),1,700420,T intersection,3,50,Local Road,SERENITY,HUME,-37.57679,144.91235,2021,12,December,14,Midday,Weekday
T20210025779,2021-12-16,09:30:00,1,Collision with vehicle,4,Thursday,121,RIGHT THROUGH,1,45835,Cross intersection,3,60,Arterial Other,VICTORIA,MELBOURNE,-37.807133,144.96735,2021,12,December,9,Morning Peak,Weekday
T20210025778,2021-12-16,08:35:00,1,Collision with vehicle,4,Thursday,134,LANE CHANGE RIGHT (NOT OVERTAKING),1,714077,Not at intersection,3,80,Freeway,DOMAIN,MELBOURNE,-37.8251,144.97464,2021,12,December,8,Morning Peak,Weekday
T20210025848,2021-12-16,14:15:00,1,Collision with vehicle,4,Thursday,110,CROSS TRAFFIC(INTERSECTIONS ONLY),1,45523,Cross intersection,2,80,Local Road,BOUNDARY,WYNDHAM,-37.800945,144.65945,2021,12,December,14,Midday,Weekday
T20210025831,2021-12-16,14:20:00,8,No collision and no object struck,4,Thursday,180,OFF CARRIAGEWAY ON RIGHT BEND,1,699851,Not at intersection,2,100,Local Road,LIMESTONE,EAST GIPPSLAND,-36.922417,148.19035,2021,12,December,14,Midday,Weekday
T20210026154,2021-12-16,07:30:00,1,Collision with vehicle,4,Thursday,130,REAR END(VEHICLES IN SAME LANE),1,718687,Not at intersection,3,40,Arterial Other,FITZROY,PORT PHILLIP,-37.859734,144.97745,2021,12,December,7,Morning Peak,Weekday
T20210025828,2021-12-16,16:00:00,1,Collision with vehicle,4,Thursday,140,U TURN,1,322480,Not at intersection,2,40,Local Road,COLLINS,MELBOURNE,-37.81702,144.96127,2021,12,December,16,Afternoon Peak,Weekday
T20210026183,2021-12-16,17:30:00,8,No collision and no object struck,4,Thursday,174,OUT OF CONTROL ON CARRIAGEWAY (ON STRAIGHT),1,751963,Not at intersection,2,80,Arterial Other,BARRABOOL,GEELONG,-38.17185,144.28844,2021,12,December,17,Afternoon Peak,Weekday
T20210026221,2021-12-16,19:05:00,1,Collision with vehicle,4,Thursday,123,RIGHT/LEFT. ONE VEH TURNING RIGHT THE OTHER LEFT.,1,1211,Cross intersection,3,60,Arterial Other,KINGSBURY,DAREBIN,-37.7268,145.05078,2021,12,December,19,Night,Weekday
T20210025826,2021-12-16,17:12:00,1,Collision with vehicle,4,Thursday,113,RIGHT NEAR (INTERSECTIONS ONLY),1,701747,T intersection,3,50,Local Road,PARK,CAMPASPE,-36.1479,144.72243,2021,12,December,17,Afternoon Peak,Weekday
T20210025822,2021-12-16,12:00:00,1,Collision with vehicle,4,Thursday,130,REAR END(VEHICLES IN SAME LANE),1,699714,Not at intersection,3,60,Arterial Highway,BELLARINE,GEELONG,-38.18686,144.45538,2021,12,December,12,Midday,Weekday
T20210025846,2021-12-16,18:09:00,1,Collision with vehicle,4,Thursday,113,RIGHT NEAR (INTERSECTIONS ONLY),1,256459,T intersection,3,80,Local Road,BRIDGE INN,WHITTLESEA,-37.597538,145.06912,2021,12,December,18,Afternoon Peak,Weekday
T20210025900,2021-12-17,14:30:00,4,Collision with a fixed object,5,Friday,183,OFF LEFT BEND INTO OBJECT/PARKED VEHICLE,1,751961,T intersection,2,50,Local Road,M13,CENTRAL GOLDFIELDS,-37.158905,143.62848,2021,12,December,14,Midday,Weekday
T20210025904,2021-12-17,14:35:00,1,Collision with vehicle,5,Friday,147,VEHICLE STRIKES ANOTHER VEH WHILE EMERGING FROM DRIVEWAY,1,700347,Not at intersection,3,70,Arterial Other,MAHONEYS,HUME,-37.6898,144.95958,2021,12,December,14,Midday,Weekday
T20210025906,2021-12-17,14:52:00,1,Collision with vehicle,5,Friday,130,REAR END(VEHICLES IN SAME LANE),1,721139,Not at intersection,3,60,Arterial Other,CAMP,HUME,-37.68545,144.92131,2021,12,December,14,Midday,Weekday
T20210025908,2021-12-17,15:53:00,4,Collision with a fixed object,5,Friday,183,OFF LEFT BEND INTO OBJECT/PARKED VEHICLE,1,702416,Not at intersection,3,80,Arterial Other,BONANG,EAST GIPPSLAND,-37.518276,148.54553,2021,12,December,15,Afternoon Peak,Weekday
T20210025909,2021-12-17,14:15:00,1,Collision with vehicle,5,Friday,130,REAR END(VEHICLES IN SAME LANE),1,778593,Not at intersection,3,60,Local Road,TAYLORS,BRIMBANK,-37.726818,144.77528,2021,12,December,14,Midday,Weekday
T20210025911,2021-12-17,16:10:00,1,Collision with vehicle,5,Friday,121,RIGHT THROUGH,1,41437,Cross intersection,3,60,Arterial Other,NEERIM,GLEN EIRA,-37.888813,145.05582,2021,12,December,16,Afternoon Peak,Weekday
T20210025912,2021-12-17,15:20:00,4,Collision with a fixed object,5,Friday,173,RIGHT OFF CARRIAGEWAY INTO OBJECT/PARKED VEHICLE,1,703005,Not at intersection,3,80,Local Road,MOUNT COTTRELL,WYNDHAM,-37.807087,144.60262,2021,12,December,15,Afternoon Peak,Weekday
T20210025914,2021-12-17,16:11:00,1,Collision with vehicle,5,Friday,121,RIGHT THROUGH,1,702105,Not at intersection,2,80,Arterial Highway,SOUTH GIPPSLAND,CASEY,-38.08475,145.2775,2021,12,December,16,Afternoon Peak,Weekday
T20210025919,2021-12-17,14:28:00,1,Collision with vehicle,5,Friday,121,RIGHT THROUGH,1,48919,T intersection,3,60,Arterial Other,WAVERLEY,MONASH,-37.88592,145.13829,2021,12,December,14,Midday,Weekday
T20210025921,2021-12-17,15:45:00,1,Collision with vehicle,5,Friday,130,REAR END(VEHICLES IN SAME LANE),1,699852,Not at intersection,3,75,Freeway,CITYLINK,MOONEE VALLEY,-37.73334,144.91011,2021,12,December,15,Afternoon Peak,Weekday
T20210025922,2021-12-17,15:20:00,1,Collision with vehicle,5,Friday,179,OTHER ACCIDENTS-OFF STRAIGHT NOT INCLUDED IN DCAs 170-175,1,731275,Cross intersection,2,60,Arterial Highway,WARRIGAL,STONNINGTON,-37.883495,145.09007,2021,12,December,15,Afternoon Peak,Weekday
T20210025923,2021-12-17,17:35:00,1,Collision with vehicle,5,Friday,121,RIGHT THROUGH,1,54273,T intersection,3,100,Arterial Other,BROWN COALMINE,LATROBE,-38.16136,146.4067,2021,12,December,17,Afternoon Peak,Weekday
T20210025927,2021-12-17,18:35:00,4,Collision with a fixed object,5,Friday,171,LEFT OFF CARRIAGEWAY INTO OBJECT/PARKED VEHICLE,1,703457,Multiple intersection,3,80,Arterial Highway,DINGLEY,KINGSTON,-37.95221,145.10146,2021,12,December,18,Afternoon Peak,Weekday
T20210025928,2021-12-17,13:50:00,1,Collision with vehicle,5,Friday,130,REAR END(VEHICLES IN SAME LANE),1,731276,Cross intersection,3,60,Local Road,ETIWANDA,MILDURA,-34.222874,142.13683,2021,12,December,13,Midday,Weekday
T20210025930,2021-12-17,16:43:00,1,Collision with vehicle,5,Friday,148,VEHICLE OFF FOOTPATH STRIKES VEH ON CARRIAGEWAY,1,38709,Cross intersection,2,60,Arterial Other,BALLARAT,MARIBYRNONG,-37.791183,144.8895,2021,12,December,16,Afternoon Peak,Weekday
T20210025932,2021-12-17,18:07:00,2,Struck Pedestrian,5,Friday,101,PED EMERGES FROM IN FRONT OF PARKED OR STATIONARY VEHICLE,1,699998,Not at intersection,3,50,Local Road,WINDHAM,MITCHELL,-37.41475,144.98222,2021,12,December,18,Afternoon Peak,Weekday
T20210025933,2021-12-17,18:41:00,4,Collision with a fixed object,5,Friday,181,OFF RIGHT BEND INTO OBJECT/PARKED VEHICLE,1,703350,Not at intersection,3,50,Local Road,RAILWAY,CARDINIA,-38.0985,145.71751,2021,12,December,18,Afternoon Peak,Weekday
T20210025939,2021-12-17,18:15:00,1,Collision with vehicle,5,Friday,110,CROSS TRAFFIC(INTERSECTIONS ONLY),1,59147,Cross intersection,3,50,Local Road,ELIZABETH,SHEPPARTON,-36.391514,145.3629,2021,12,December,18,Afternoon Peak,Weekday
T20210025946,2021-12-17,20:18:00,1,Collision with vehicle,5,Friday,140,U TURN,2,781582,Not at intersection,3,80,Arterial Highway,MAROONDAH,MANSFIELD,-37.04741,146.05708,2021,12,December,20,Night,Weekday
T20210025948,2021-12-17,19:26:00,1,Collision with vehicle,5,Friday,160,VEHICLE COLLIDES WITH VEHICLE PARKED ON LEFT OF ROAD,1,721112,Not at intersection,3,60,Local Road,BAMBRA,GLEN EIRA,-37.874218,145.03127,2021,12,December,19,Night,Weekday
T20210025954,2021-12-17,21:48:00,4,Collision with a fixed object,5,Friday,173,RIGHT OFF CARRIAGEWAY INTO OBJECT/PARKED VEHICLE,5,781586,Not at intersection,3,100,Local Road,NUMURKAH,MOIRA,-36.03721,145.46034,2021,12,December,21,Night,Weekday
T20210025959,2021-12-17,21:30:00,2,Struck Pedestrian,5,Friday,101,PED EMERGES FROM IN FRONT OF PARKED OR STATIONARY VEHICLE,3,744722,Not at intersection,2,40,Local Road,GLADSTONE,MOONEE VALLEY,-37.768684,144.92188,2021,12,December,21,Night,Weekday
T20210025960,2021-12-17,19:12:00,1,Collision with vehicle,5,Friday,120,HEAD ON (NOT OVERTAKING),2,712907,Not at intersection,1,60,Arterial Other,HODDLE,YARRA,-37.786823,144.99536,2021,12,December,19,Night,Weekday
T20210025961,2021-12-17,21:12:00,1,Collision with vehicle,5,Friday,110,CROSS TRAFFIC(INTERSECTIONS ONLY),3,51019,Cross intersection,3,60,Local Road,CORIO,SHEPPARTON,-36.37457,145.40474,2021,12,December,21,Night,Weekday
T20210025962,2021-12-17,22:10:00,6,Vehicle overturned (no collision),5,Friday,184,OUT OF CONTROL ON CARRIAGEWAY (ON BEND),5,751962,Not at intersection,2,80,Local Road,GLENFERN,YARRA RANGES,-37.904545,145.30368,2021,12,December,22,Night,Weekday
T20210025963,2021-12-17,23:33:00,1,Collision with vehicle,5,Friday,160,VEHICLE COLLIDES WITH VEHICLE PARKED ON LEFT OF ROAD,3,702678,Not at intersection,2,50,Local Road,BRENTWOOD,GEELONG,-38.21203,144.30113,2021,12,December,23,Night,Weekday
T20210025964,2021-12-17,18:38:00,1,Collision with vehicle,5,Friday,110,CROSS TRAFFIC(INTERSECTIONS ONLY),1,45559,Cross intersection,3,50,Local Road,GORDON,MORELAND,-37.743256,144.94943,2021,12,December,18,Afternoon Peak,Weekday
T20210025965,2021-12-17,23:30:00,4,Collision with a fixed object,5,Friday,171,LEFT OFF CARRIAGEWAY INTO OBJECT/PARKED VEHICLE,3,709370,Not at intersection,3,40,Local Road,STURT,BALLARAT,-37.561653,143.85661,2021,12,December,23,Night,Weekday
T20210025967,2021-12-17,21:23:00,4,Collision with a fixed object,5,Friday,171,LEFT OFF CARRIAGEWAY INTO OBJECT/PARKED VEHICLE,3,702414,Not at intersection,3,80,Arterial Other,FAIRBAIRN,BRIMBANK,-37.806404,144.81863,2021,12,December,21,Night,Weekday
T20210025972,2021-12-17,21:10:00,1,Collision with vehicle,5,Friday,121,RIGHT THROUGH,3,6899,Cross intersection,3,60,Arterial Other,CEMETERY,MELBOURNE,-37.79226,144.96838,2021,12,December,21,Night,Weekday
T20210025973,2021-12-17,22:40:00,1,Collision with vehicle,5,Friday,130,REAR END(VEHICLES IN SAME LANE),3,253914,T intersection,3,80,Arterial Other,PRINCES,CARDINIA,-38.055134,145.38286,2021,12,December,22,Night,Weekday
T20210025977,2021-12-17,23:55:00,1,Collision with vehicle,5,Friday,110,CROSS TRAFFIC(INTERSECTIONS ONLY),3,29504,Cross intersection,2,70,Arterial Other,MANNINGHAM,MANNINGHAM,-37.77041,145.09926,2021,12,December,23,Night,Weekday
T20210025979,2021-12-17,14:20:00,1,Collision with vehicle,5,Friday,130,REAR END(VEHICLES IN SAME LANE),1,71509,T intersection,3,80,Local Road,BRUNEL,FRANKSTON,-38.10469,145.1405,2021,12,December,14,Midday,Weekday
T20210025987,2021-12-17,13:10:00,4,Collision with a fixed object,5,Friday,171,LEFT OFF CARRIAGEWAY INTO OBJECT/PARKED VEHICLE,1,699886,Not at intersection,2,100,Arterial Other,DOOKIE-DEVENISH,BENALLA,-36.352642,145.79993,2021,12,December,13,Midday,Weekday
T20210026000,2021-12-17,11:05:00,1,Collision with vehicle,5,Friday,130,REAR END(VEHICLES IN SAME LANE),1,700818,Cross intersection,3,40,Arterial Other,MAIN,MOORABOOL,-37.675545,144.43542,2021,12,December,11,Midday,Weekday
T20210026007,2021-12-17,19:30:00,1,Collision with vehicle,5,Friday,163,VEHICLE STRIKES DOOR OF PARKED/STATIONARY VEHICLE,1,702908,Not at intersection,3,40,Local Road,COLLINS,MELBOURNE,-37.81544,144.9667,2021,12,December,19,Night,Weekday
T20210026020,2021-12-17,15:40:00,1,Collision with vehicle,5,Friday,153,CUTTING IN (OVERTAKING),1,700000,Not at intersection,3,80,Freeway,CITYLINK IN-BELL,MORELAND,-37.735554,144.92867,2021,12,December,15,Afternoon Peak,Weekday
T20210026056,2021-12-17,00:45:00,2,Struck Pedestrian,5,Friday,102,FAR SIDE. PED HIT BY VEHICLE FROM THE LEFT,3,699854,Not at intersection,3,40,Local Road,AVIATION,HOBSONS BAY,-37.868057,144.7616,2021,12,December,0,Late Night,Weekday
T20210026106,2021-12-17,11:15:00,1,Collision with vehicle,5,Friday,163,VEHICLE STRIKES DOOR OF PARKED/STATIONARY VEHICLE,1,702909,Not at intersection,3,50,Arterial Other,BARKLY,PORT PHILLIP,-37.870125,144.98065,2021,12,December,11,Midday,Weekday
T20210026175,2021-12-17,16:00:00,1,Collision with vehicle,5,Friday,132,RIGHT REAR.,1,148644,Not at intersection,3,80,Arterial Highway,NEPEAN,KINGSTON,-37.97723,145.0671,2021,12,December,16,Afternoon Peak,Weekday
T20210026277,2021-12-17,06:58:00,1,Collision with vehicle,5,Friday,130,REAR END(VEHICLES IN SAME LANE),1,700586,Not at intersection,3,60,Arterial Other,NORMANBY,DAREBIN,-37.75887,144.99449,2021,12,December,6,Morning Peak,Weekday
T20210026317,2021-12-17,11:35:00,1,Collision with vehicle,5,Friday,111,RIGHT FAR (INTERSECTIONS ONLY),1,781595,Cross intersection,3,80,Arterial Other,BOUNDARY ROAD -GOVERNOR,KINGSTON,-38.007275,145.10368,2021,12,December,11,Midday,Weekday
T20220000816,2021-12-17,16:30:00,5,collision with some other object,5,Friday,166,STRUCK OBJECT ON CARRIAGEWAY,1,705158,Not at intersection,2,60,Arterial Other,FLEMINGTON ROAD SERVICE,MELBOURNE,-37.794846,144.94876,2021,12,December,16,Afternoon Peak,Weekday
T20220000105,2021-12-17,10:22:00,4,Collision with a fixed object,5,Friday,173,RIGHT OFF CARRIAGEWAY INTO OBJECT/PARKED VEHICLE,1,702415,Not at intersection,3,100,Freeway,SOUTH GIPPSLAND,DANDENONG,-38.02163,145.24776,2021,12,December,10,Midday,Weekday
T20220001346,2021-12-17,15:45:00,1,Collision with vehicle,5,Friday,113,RIGHT NEAR (INTERSECTIONS ONLY),1,42849,T intersection,3,80,Arterial Other,BOUNDARY,KINGSTON,-37.989563,145.10745,2021,12,December,15,Afternoon Peak,Weekday
T20210025853,2021-12-17,02:18:00,1,Collision with vehicle,5,Friday,160,VEHICLE COLLIDES WITH VEHICLE PARKED ON LEFT OF ROAD,3,702456,Not at intersection,2,50,Local Road,SCANLON,WHITTLESEA,-37.641396,144.99594,2021,12,December,2,Late Night,Weekday
T20210025857,2021-12-17,05:30:00,4,Collision with a fixed object,5,Friday,171,LEFT OFF CARRIAGEWAY INTO OBJECT/PARKED VEHICLE,2,703003,Not at intersection,3,80,Local Road,BOUNDARY,MELTON,-37.80418,144.68805,2021,12,December,5,Morning Peak,Weekday
T20210025860,2021-12-17,06:22:00,1,Collision with vehicle,5,Friday,110,CROSS TRAFFIC(INTERSECTIONS ONLY),2,53620,Cross intersection,2,60,Local Road,HARVEST HOME,WHITTLESEA,-37.62132,145.01184,2021,12,December,6,Morning Peak,Weekday
T20210025861,2021-12-17,07:45:00,2,Struck Pedestrian,5,Friday,102,FAR SIDE. PED HIT BY VEHICLE FROM THE LEFT,1,36875,Cross intersection,3,60,Arterial Other,CLARENDON,MELBOURNE,-37.827644,144.9581,2021,12,December,7,Morning Peak,Weekday
T20210025866,2021-12-17,08:36:00,2,Struck Pedestrian,5,Friday,100,PED NEAR SIDE. PED HIT BY VEHICLE FROM THE RIGHT.,1,781589,Cross intersection,3,40,Arterial Other,NEERIM,GLEN EIRA,-37.889194,145.057,2021,12,December,8,Morning Peak,Weekday
T20210025875,2021-12-17,08:00:00,1,Collision with vehicle,5,Friday,113,RIGHT NEAR (INTERSECTIONS ONLY),1,45464,T intersection,2,60,Arterial Other,ORMOND,MOONEE VALLEY,-37.772892,144.93033,2021,12,December,8,Morning Peak,Weekday
T20210025879,2021-12-17,07:50:00,1,Collision with vehicle,5,Friday,120,HEAD ON (NOT OVERTAKING),1,704497,Not at intersection,2,80,Arterial Other,MONBULK,YARRA RANGES,-37.833675,145.42963,2021,12,December,7,Morning Peak,Weekday
T20210025880,2021-12-17,12:05:00,1,Collision with vehicle,5,Friday,113,RIGHT NEAR (INTERSECTIONS ONLY),1,231219,T intersection,2,50,Local Road,ANDERSON,YARRA RANGES,-37.755535,145.35535,2021,12,December,12,Midday,Weekday
T20210025881,2021-12-17,11:40:00,2,Struck Pedestrian,5,Friday,100,PED NEAR SIDE. PED HIT BY VEHICLE FROM THE RIGHT.,1,62928,T intersection,3,50,Arterial Other,MURRAY,DAREBIN,-37.73618,144.98645,2021,12,December,11,Midday,Weekday
T20210025884,2021-12-17,07:52:00,1,Collision with vehicle,5,Friday,130,REAR END(VEHICLES IN SAME LANE),1,193894,Not at intersection,3,60,Arterial Other,DERRIMUT,WYNDHAM,-37.81844,144.69379,2021,12,December,7,Morning Peak,Weekday
T20210025886,2021-12-17,11:22:00,2,Struck Pedestrian,5,Friday,100,PED NEAR SIDE. PED HIT BY VEHICLE FROM THE RIGHT.,1,699925,Not at intersection,3,60,Arterial Other,MARINE,PORT PHILLIP,-37.878914,144.97734,2021,12,December,11,Midday,Weekday
T20210025887,2021-12-17,13:20:00,2,Struck Pedestrian,5,Friday,100,PED NEAR SIDE. PED HIT BY VEHICLE FROM THE RIGHT.,1,700583,Not at intersection,3,50,Local Road,GORDON,GLEN EIRA,-37.878384,145.0007,2021,12,December,13,Midday,Weekday
T20210025890,2021-12-17,08:50:00,1,Collision with vehicle,5,Friday,130,REAR END(VEHICLES IN SAME LANE),1,702413,Not at intersection,2,80,Arterial Other,KOO WEE RUP,CARDINIA,-38.146984,145.48698,2021,12,December,8,Morning Peak,Weekday
T20210025895,2021-12-17,14:57:00,1,Collision with vehicle,5,Friday,110,CROSS TRAFFIC(INTERSECTIONS ONLY),1,63167,Cross intersection,3,50,Local Road,MANFRED,BRIMBANK,-37.74447,144.81876,2021,12,December,14,Midday,Weekday
T20210025896,2021-12-17,10:40:00,1,Collision with vehicle,5,Friday,121,RIGHT THROUGH,1,731274,Cross intersection,3,50,Local Road,FENWICK,GEELONG,-38.115734,144.64943,2021,12,December,10,Midday,Weekday
T20210025897,2021-12-17,13:44:00,1,Collision with vehicle,5,Friday,150,HEAD ON(OVERTAKING),1,700817,Not at intersection,2,80,Arterial Other,BEACONSFIELD-EMERALD,CARDINIA,-37.966312,145.46413,2021,12,December,13,Midday,Weekday
T20210025898,2021-12-17,14:05:00,1,Collision with vehicle,5,Friday,148,VEHICLE OFF FOOTPATH STRIKES VEH ON CARRIAGEWAY,1,700584,Not at intersection,2,50,Local Road,ROBERNA,KINGSTON,-37.943577,145.06813,2021,12,December,14,Midday,Weekday
T20210025899,2021-12-17,15:26:00,1,Collision with vehicle,5,Friday,113,RIGHT NEAR (INTERSECTIONS ONLY),1,701437,T intersection,2,80,Arterial Highway,BURWOOD,KNOX,-37.878433,145.26407,2021,12,December,15,Afternoon Peak,Weekday
T20210026002,2021-12-18,12:00:00,1,Collision with vehicle,6,Saturday,131,LEFT REAR,1,699853,Cross intersection,2,60,Arterial Other,SPENCER,MELBOURNE,-37.80932,144.94942,2021,12,December,12,Midday,Weekend
T20210026006,2021-12-18,10:10:00,4,Collision with a fixed object,6,Saturday,171,LEFT OFF CARRIAGEWAY INTO OBJECT/PARKED VEHICLE,1,703245,Not at intersection,3,50,Local Road,HARGREAVES,BENDIGO,-36.766186,144.27179,2021,12,December,10,Midday,Weekend
T20210026022,2021-12-18,13:30:00,6,Vehicle overturned (no collision),6,Saturday,174,OUT OF CONTROL ON CARRIAGEWAY (ON STRAIGHT),1,701142,Not at intersection,3,100,Local Road,TANJIL BREN,BAW BAW,-38.04511,146.30458,2021,12,December,13,Midday,Weekend
T20210026091,2021-12-18,21:50:00,1,Collision with vehicle,6,Saturday,130,REAR END(VEHICLES IN SAME LANE),6,700002,Not at intersection,2,60,Arterial Other,HOLDSWORTH,BENDIGO,-36.73897,144.26248,2021,12,December,21,Night,Weekend
T20210025985,2021-12-18,04:20:00,6,Vehicle overturned (no collision),6,Saturday,184,OUT OF CONTROL ON CARRIAGEWAY (ON BEND),5,710108,Not at intersection,3,100,Local Road,WY YUNG-CALULU,EAST GIPPSLAND,-37.796345,147.54338,2021,12,December,4,Late Night,Weekend
T20210026023,2021-12-18,15:05:00,2,Struck Pedestrian,6,Saturday,105,PED WALKING AGAINST TRAFFIC.,1,727339,Dead end,2,50,Local Road,PULLEN,DANDENONG,-37.939564,145.15582,2021,12,December,15,Afternoon Peak,Weekend
T20210026061,2021-12-18,22:10:00,4,Collision with a fixed object,6,Saturday,164,PERMANENT OBSTRUCTION ON CARRIAGEWAY,3,306604,Y intersection,3,40,Arterial Other,CITY,MELBOURNE,-37.826283,144.9597,2021,12,December,22,Night,Weekend
T20210025996,2021-12-18,08:35:00,1,Collision with vehicle,6,Saturday,121,RIGHT THROUGH,1,22524,Cross intersection,2,50,Local Road,HUMFFRAY,BALLARAT,-37.56272,143.8657,2021,12,December,8,Morning Peak,Weekend
T20210025997,2021-12-18,08:55:00,1,Collision with vehicle,6,Saturday,121,RIGHT THROUGH,1,700542,Cross intersection,2,60,Local Road,EXFORD,MELTON,-37.724766,144.57265,2021,12,December,8,Morning Peak,Weekend
T20220002956,2021-12-18,15:00:00,8,No collision and no object struck,6,Saturday,149,OTHER MANOEUVRING NOT INCLUDED IN DCAs 140-148,1,704651,Not at intersection,3,50,Local Road,NORTH OATLANDS,NILLUMBIK,-37.642776,145.12932,2021,12,December,15,Afternoon Peak,Weekend
T20210026025,2021-12-18,15:00:00,1,Collision with vehicle,6,Saturday,121,RIGHT THROUGH,1,337461,Cross intersection,2,80,Arterial Other,WELLS,KINGSTON,-38.01927,145.1186,2021,12,December,15,Afternoon Peak,Weekend
T20210026027,2021-12-18,16:08:00,1,Collision with vehicle,6,Saturday,133,LANE SIDE SWIPE (VEHICLES IN PARALLEL LANES),1,701266,T intersection,3,60,Arterial Highway,MAIN,EAST GIPPSLAND,-37.829594,147.61566,2021,12,December,16,Afternoon Peak,Weekend
T20210026040,2021-12-18,19:50:00,1,Collision with vehicle,6,Saturday,110,CROSS TRAFFIC(INTERSECTIONS ONLY),1,19424,Cross intersection,2,60,Arterial Other,HOLMES,BENDIGO,-36.74357,144.27423,2021,12,December,19,Night,Weekend
T20210025978,2021-12-18,01:13:00,4,Collision with a fixed object,6,Saturday,171,LEFT OFF CARRIAGEWAY INTO OBJECT/PARKED VEHICLE,3,55305,Cross intersection,3,60,Local Road,GOURLAY,MELTON,-37.71011,144.74075,2021,12,December,1,Late Night,Weekend
T20210026029,2021-12-18,15:39:00,1,Collision with vehicle,6,Saturday,110,CROSS TRAFFIC(INTERSECTIONS ONLY),1,49776,Cross intersection,3,60,Arterial Other,THOMPSON,GEELONG,-38.110817,144.3434,2021,12,December,15,Afternoon Peak,Weekend
T20210026854,2021-12-18,14:50:00,1,Collision with vehicle,6,Saturday,129,OTHER OPPOSING MANOEUVRES NOT INCLUDED IN DCAs 120-125.,1,704766,T intersection,3,50,Local Road,HAKEA,BRIMBANK,-37.708042,144.81255,2021,12,December,14,Midday,Weekend
T20210026304,2021-12-18,16:11:00,6,Vehicle overturned (no collision),6,Saturday,170,OFF CARRIAGEWAY TO LEFT,1,705568,Not at intersection,2,100,Arterial Highway,MURRAY VALLEY,GANNAWARRA,-35.694393,143.87865,2021,12,December,16,Afternoon Peak,Weekend
T20210026036,2021-12-18,14:55:00,1,Collision with vehicle,6,Saturday,121,RIGHT THROUGH,1,29858,Cross intersection,3,60,Freeway,WEST GATE OUT-MELBOURNE,HOBSONS BAY,-37.82599,144.88097,2021,12,December,14,Midday,Weekend
T20210026222,2021-12-18,17:25:00,1,Collision with vehicle,6,Saturday,113,RIGHT NEAR (INTERSECTIONS ONLY),1,37005,T intersection,3,40,Arterial Other,LANSDOWNE,MELBOURNE,-37.812126,144.97794,2021,12,December,17,Afternoon Peak,Weekend
T20220001023,2021-12-18,14:30:00,1,Collision with vehicle,6,Saturday,136,RIGHT TURN SIDESWIPE,1,703038,Not at intersection,3,50,Local Road,FERGUSON,HOBSONS BAY,-37.858543,144.89473,2021,12,December,14,Midday,Weekend
T20210026103,2021-12-18,17:40:00,1,Collision with vehicle,6,Saturday,115,RIGHT/LEFT FAR (INTERSECTIONS ONLY),1,42571,T intersection,3,60,Arterial Other,POLICE,MONASH,-37.935257,145.17377,2021,12,December,17,Afternoon Peak,Weekend
T20210026009,2021-12-18,11:55:00,1,Collision with vehicle,6,Saturday,110,CROSS TRAFFIC(INTERSECTIONS ONLY),1,781601,Cross intersection,3,60,Local Road,SMITH,NORTHERN GRAMPIANS,-37.059986,142.76459,2021,12,December,11,Midday,Weekend