ACCIDENT_NO,ACCIDENT_DATE,ACCIDENT_TIME,ACCIDENT_TYPE,ACCIDENT_TYPE_DESC,DAY_OF_WEEK,DAY_WEEK_DESC,DCA_CODE,DCA_DESC,LIGHT_CONDITION,NODE_ID,ROAD_GEOMETRY_DESC,SEVERITY,SPEED_ZONE,RMA,ROAD_NAME,LGA_NAME,LATITUDE,LONGITUDE,YEAR,MONTH,MONTH_NAME,HOUR,TIME_PERIOD,DAY_TYPE
T20210025998,2021-12-18,08:30:00,1,Collision with vehicle,6,Saturday,130,REAR END(VEHICLES IN SAME LANE),1,703246,Not at intersection,3,100,Freeway,PRINCES,GEELONG,-37.982502,144.53253,2021,12,December,8,Morning Peak,Weekend
T20210026011,2021-12-18,11:32:00,1,Collision with vehicle,6,Saturday,130,REAR END(VEHICLES IN SAME LANE),1,731277,Not at intersection,2,60,Arterial Other,FYANS,GEELONG,-38.162094,144.35553,2021,12,December,11,Midday,Weekend
T20210026042,2021-12-18,18:10:00,1,Collision with vehicle,6,Saturday,121,RIGHT THROUGH,1,43164,T intersection,3,50,Local Road,FRAWLEY,CASEY,-38.00067,145.26593,2021,12,December,18,Afternoon Peak,Weekend
T20210026044,2021-12-18,20:00:00,6,Vehicle overturned (no collision),6,Saturday,180,OFF CARRIAGEWAY ON RIGHT BEND,2,757394,Not at intersection,2,100,Local Road,SHEEDYS,BENDIGO,-36.915977,144.56198,2021,12,December,20,Night,Weekend
T20210026052,2021-12-18,17:11:00,1,Collision with vehicle,6,Saturday,120,HEAD ON (NOT OVERTAKING),1,699926,Not at intersection,3,50,Local Road,MCLEANS,WHITTLESEA,-37.69413,145.05286,2021,12,December,17,Afternoon Peak,Weekend
T20210026015,2021-12-18,12:20:00,1,Collision with vehicle,6,Saturday,113,RIGHT NEAR (INTERSECTIONS ONLY),1,277208,T intersection,2,60,Arterial Other,CENTENARY,MELTON,-37.675995,144.59753,2021,12,December,12,Midday,Weekend
T20210026019,2021-12-18,09:18:00,1,Collision with vehicle,6,Saturday,133,LANE SIDE SWIPE (VEHICLES IN PARALLEL LANES),1,701347,T intersection,2,60,Local Road,HIGH,DAREBIN,-37.717873,145.00743,2021,12,December,9,Morning Peak,Weekend
T20210026059,2021-12-18,23:05:00,1,Collision with vehicle,6,Saturday,130,REAR END(VEHICLES IN SAME LANE),3,42113,Cross intersection,3,50,Arterial Other,BAY,BAYSIDE,-37.9538,145.02069,2021,12,December,23,Night,Weekend
T20210026001,2021-12-18,10:00:00,7,Fall from or in moving vehicle,6,Saturday,190,FELL IN/FROM VEHICLE,1,701346,Not at intersection,3,60,Local Road,FRASER,HEPBURN,-37.293385,143.78651,2021,12,December,10,Midday,Weekend
T20210026462,2021-12-18,18:04:00,1,Collision with vehicle,6,Saturday,121,RIGHT THROUGH,1,40093,Cross intersection,3,50,Arterial Other,UNION,PORT PHILLIP,-37.853268,144.98175,2021,12,December,18,Afternoon Peak,Weekend
T20210026088,2021-12-18,19:05:00,1,Collision with vehicle,6,Saturday,111,RIGHT FAR (INTERSECTIONS ONLY),1,311173,Y intersection,3,80,Local Road,DIAMOND HILL,BENDIGO,-36.825138,144.27606,2021,12,December,19,Night,Weekend
T20230012191,2021-12-18,19:30:00,1,Collision with vehicle,6,Saturday,130,REAR END(VEHICLES IN SAME LANE),2,774907,Not at intersection,3,70,Freeway,MONASH OUT-BLACKBURN,MONASH,-37.89386,145.14372,2021,12,December,19,Night,Weekend
T20210026021,2021-12-18,13:00:00,4,Collision with a fixed object,6,Saturday,173,RIGHT OFF CARRIAGEWAY INTO OBJECT/PARKED VEHICLE,1,784597,Not at intersection,2,100,Arterial Other,KATAMATITE-NATHALIA,MOIRA,-36.09924,145.49437,2021,12,December,13,Midday,Weekend
T20210026003,2021-12-18,08:17:00,1,Collision with vehicle,6,Saturday,113,RIGHT NEAR (INTERSECTIONS ONLY),1,46998,Cross intersection,2,100,Arterial Other,BALLARTO,CARDINIA,-38.160904,145.53413,2021,12,December,8,Morning Peak,Weekend
T20220000292,2021-12-18,19:00:00,1,Collision with vehicle,6,Saturday,113,RIGHT NEAR (INTERSECTIONS ONLY),9,45485,T intersection,3,60,Arterial Other,MT ALEXANDER,MOONEE VALLEY,-37.78347,144.93579,2021,12,December,19,Night,Weekend
T20210026058,2021-12-19,00:20:00,2,Struck Pedestrian,7,Sunday,106,VEH STRIKES PED ON FOOTPATH/MEDIAN/TRAFFIC ISLAND.,3,781607,Cross intersection,3,40,Local Road,FRYERS,SHEPPARTON,-36.37907,145.39975,2021,12,December,0,Late Night,Weekend
T20210026128,2021-12-19,13:59:00,1,Collision with vehicle,7,Sunday,130,REAR END(VEHICLES IN SAME LANE),1,700004,Not at intersection,3,100,Arterial Highway,SOUTH GIPPSLAND,SOUTH GIPPSLAND,-38.385025,145.73982,2021,12,December,13,Midday,Weekend
T20210026140,2021-12-19,15:34:00,1,Collision with vehicle,7,Sunday,179,OTHER ACCIDENTS-OFF STRAIGHT NOT INCLUDED IN DCAs 170-175,1,700069,Not at intersection,3,80,Arterial Other,WALLAN-WHITTLESEA,MITCHELL,-37.41754,145.02368,2021,12,December,15,Afternoon Peak,Weekend
T20210026089,2021-12-19,13:34:00,8,No collision and no object struck,7,Sunday,180,OFF CARRIAGEWAY ON RIGHT BEND,1,330523,Not at intersection,3,80,Freeway,METROPOLITAN RING,BANYULE,-37.69312,145.09096,2021,12,December,13,Midday,Weekend
T20220002627,2021-12-19,13:10:00,1,Collision with vehicle,7,Sunday,121,RIGHT THROUGH,1,281862,Cross intersection,3,60,Local Road,JOHN SCHUBERT,WODONGA,-36.17658,146.941,2021,12,December,13,Midday,Weekend
T20210026063,2021-12-19,00:23:00,4,Collision with a fixed object,7,Sunday,171,LEFT OFF CARRIAGEWAY INTO OBJECT/PARKED VEHICLE,5,709467,Not at intersection,2,50,Local Road,QUEENS,GEELONG,-38.151447,144.33015,2021,12,December,0,Late Night,Weekend
T20210026438,2021-12-19,12:10:00,1,Collision with vehicle,7,Sunday,110,CROSS TRAFFIC(INTERSECTIONS ONLY),1,38355,Cross intersection,2,60,Local Road,DAREBIN,WHITTLESEA,-37.675533,145.03627,2021,12,December,12,Midday,Weekend
T20220001206,2021-12-19,13:20:00,1,Collision with vehicle,7,Sunday,130,REAR END(VEHICLES IN SAME LANE),1,14401,Cross intersection,3,80,Arterial Other,MCCLELLAND,FRANKSTON,-38.15641,145.17067,2021,12,December,13,Midday,Weekend
T20210026083,2021-12-19,10:37:00,4,Collision with a fixed object,7,Sunday,183,OFF LEFT BEND INTO OBJECT/PARKED VEHICLE,1,703349,Not at intersection,3,100,Freeway,2640R 2550F,MITCHELL,-36.978374,145.14368,2021,12,December,10,Midday,Weekend
T20210026943,2021-12-19,22:00:00,1,Collision with vehicle,7,Sunday,110,CROSS TRAFFIC(INTERSECTIONS ONLY),3,298501,Cross intersection,3,60,Local Road,HOWARD,BENDIGO,-36.705803,144.32155,2021,12,December,22,Night,Weekend
T20220004545,2021-12-19,11:00:00,1,Collision with vehicle,7,Sunday,135,LANE CHANGE LEFT (NOT OVERTAKING),1,773818,Not at intersection,3,50,Local Road,CLOW,DANDENONG,-37.985645,145.22108,2021,12,December,11,Midday,Weekend
T20210026067,2021-12-19,01:10:00,1,Collision with vehicle,7,Sunday,169,OTHER ON PATH,5,709801,Not at intersection,2,50,Local Road,HALLS,BENALLA,-36.412582,145.92363,2021,12,December,1,Late Night,Weekend
T20220002875,2021-12-19,16:30:00,1,Collision with vehicle,7,Sunday,160,VEHICLE COLLIDES WITH VEHICLE PARKED ON LEFT OF ROAD,1,706103,Not at intersection,3,50,Local Road,BOOTHMAN,CAMPASPE,-36.141487,144.73364,2021,12,December,16,Afternoon Peak,Weekend
T20210026105,2021-12-19,18:36:00,1,Collision with vehicle,7,Sunday,129,OTHER OPPOSING MANOEUVRES NOT INCLUDED IN DCAs 120-125.,1,706464,Not at intersection,2,60,Local Road,MCCORMICKS,FRANKSTON,-38.073364,145.2031,2021,12,December,18,Afternoon Peak,Weekend
T20220002032,2021-12-19,16:00:00,1,Collision with vehicle,7,Sunday,132,RIGHT REAR.,1,320674,T intersection,3,70,Arterial Other,NARRE WARREN,CASEY,-38.105526,145.29135,2021,12,December,16,Afternoon Peak,Weekend
T20220000268,2021-12-19,14:30:00,6,Vehicle overturned (no collision),7,Sunday,182,OFF CARRIAGEWAY ON LEFT BEND,1,776890,Not at intersection,3,80,Local Road,LATROBE RIVER,BAW BAW,-38.004784,146.0204,2021,12,December,14,Midday,Weekend
T20210026114,2021-12-19,19:20:00,1,Collision with vehicle,7,Sunday,113,RIGHT NEAR (INTERSECTIONS ONLY),1,307819,T intersection,3,60,Local Road,SILVESTER,HUME,-37.629494,144.91685,2021,12,December,19,Night,Weekend
T20210026511,2021-12-19,18:50:00,6,Vehicle overturned (no collision),7,Sunday,174,OUT OF CONTROL ON CARRIAGEWAY (ON STRAIGHT),2,781606,T intersection,3,50,Local Road,THE STRAND,HOBSONS BAY,-37.84544,144.89496,2021,12,December,18,Afternoon Peak,Weekend
T20210026065,2021-12-19,02:15:00,1,Collision with vehicle,7,Sunday,121,RIGHT THROUGH,3,322873,Cross intersection,2,70,Arterial Highway,FERNTREE GULLY,MONASH,-37.90362,145.16139,2021,12,December,2,Late Night,Weekend
T20210026087,2021-12-19,11:40:00,1,Collision with vehicle,7,Sunday,113,RIGHT NEAR (INTERSECTIONS ONLY),1,41,T intersection,3,80,Arterial Other,PRINCES,CARDINIA,-38.068226,145.49698,2021,12,December,11,Midday,Weekend
T20210026084,2021-12-19,12:30:00,2,Struck Pedestrian,7,Sunday,100,PED NEAR SIDE. PED HIT BY VEHICLE FROM THE RIGHT.,1,703352,Not at intersection,2,40,Arterial Highway,SPRINGVALE,DANDENONG,-37.950672,145.15259,2021,12,December,12,Midday,Weekend
T20210026115,2021-12-19,23:05:00,1,Collision with vehicle,7,Sunday,130,REAR END(VEHICLES IN SAME LANE),3,704631,Not at intersection,3,80,Freeway,MONASH,MONASH,-37.927086,145.18233,2021,12,December,23,Night,Weekend
T20210026079,2021-12-19,19:30:00,1,Collision with vehicle,7,Sunday,114,TWO RIGHT TURNING (INTERSECTIONS ONLY),1,39626,T intersection,3,60,Arterial Other,WANTIRNA,MAROONDAH,-37.81945,145.22731,2021,12,December,19,Night,Weekend
T20210026076,2021-12-19,06:45:00,1,Collision with vehicle,7,Sunday,120,HEAD ON (NOT OVERTAKING),1,704498,Not at intersection,2,100,Arterial Other,POUND,CASEY,-38.025967,145.24892,2021,12,December,6,Morning Peak,Weekend
T20210026069,2021-12-19,03:52:00,1,Collision with vehicle,7,Sunday,160,VEHICLE COLLIDES WITH VEHICLE PARKED ON LEFT OF ROAD,3,703351,Not at intersection,3,60,Arterial Other,WOODLAND,MOONEE VALLEY,-37.741505,144.90993,2021,12,December,3,Late Night,Weekend
T20210026156,2021-12-20,13:00:00,1,Collision with vehicle,1,Monday,130,REAR END(VEHICLES IN SAME LANE),1,700071,Not at intersection,2,80,Arterial Highway,DINGLEY,KINGSTON,-37.93963,145.08644,2021,12,December,13,Midday,Weekday
T20210026160,2021-12-20,13:38:00,1,Collision with vehicle,1,Monday,121,RIGHT THROUGH,1,35475,T intersection,2,60,Arterial Other,MITCHAM,WHITEHORSE,-37.806416,145.19089,2021,12,December,13,Midday,Weekday
T20210026180,2021-12-20,14:45:00,1,Collision with vehicle,1,Monday,141,U TURN INTO FIXED OBJECT/PARKED VEHICLE,1,700349,Not at intersection,2,50,Local Road,CENTRAL,WHITEHORSE,-37.821404,145.1537,2021,12,December,14,Midday,Weekday
T20220001762,2021-12-20,16:30:00,1,Collision with vehicle,1,Monday,130,REAR END(VEHICLES IN SAME LANE),1,731334,Not at intersection,3,40,Arterial Other,BRUNSWICK,MORELAND,-37.778194,144.96986,2021,12,December,16,Afternoon Peak,Weekday
T20210026194,2021-12-20,16:55:00,1,Collision with vehicle,1,Monday,110,CROSS TRAFFIC(INTERSECTIONS ONLY),1,67337,Cross intersection,3,50,Local Road,FRANCIS,EAST GIPPSLAND,-37.82453,147.62604,2021,12,December,16,Afternoon Peak,Weekday
T20220000348,2021-12-20,17:30:00,1,Collision with vehicle,1,Monday,132,RIGHT REAR.,1,38154,T intersection,3,50,Arterial Other,WATERDALE,BANYULE,-37.748672,145.04663,2021,12,December,17,Afternoon Peak,Weekday
T20220002081,2021-12-20,18:06:00,1,Collision with vehicle,1,Monday,130,REAR END(VEHICLES IN SAME LANE),1,703905,Not at intersection,3,100,Arterial Highway,DANDENONG-HASTINGS,CASEY,-38.175743,145.2206,2021,12,December,18,Afternoon Peak,Weekday
T20210026167,2021-12-20,17:50:00,5,collision with some other object,1,Monday,166,STRUCK OBJECT ON CARRIAGEWAY,1,703547,Not at intersection,3,80,Arterial Other,WHITTLESEA-YEA,MURRINDINDI,-37.380592,145.27103,2021,12,December,17,Afternoon Peak,Weekday
T20210026170,2021-12-20,14:35:00,4,Collision with a fixed object,1,Monday,171,LEFT OFF CARRIAGEWAY INTO OBJECT/PARKED VEHICLE,1,703546,Not at intersection,2,50,Local Road,REGENT,DAREBIN,-37.730366,145.00098,2021,12,December,14,Midday,Weekday
T20210026165,2021-12-20,14:45:00,1,Collision with vehicle,1,Monday,130,REAR END(VEHICLES IN SAME LANE),1,700201,Not at intersection,3,80,Arterial Other,THOMPSONS,CASEY,-38.080044,145.25854,2021,12,December,14,Midday,Weekday
T20210026173,2021-12-20,17:20:00,1,Collision with vehicle,1,Monday,146,REVERSING INTO FIXED OBJECT/PARKED VEHICLE,1,706438,Not at intersection,3,50,Local Road,EVERGREEN,GEELONG,-38.25277,144.54427,2021,12,December,17,Afternoon Peak,Weekday
T20210026176,2021-12-20,15:00:00,1,Collision with vehicle,1,Monday,130,REAR END(VEHICLES IN SAME LANE),1,36852,Cross intersection,3,40,Arterial Other,KING,MELBOURNE,-37.81737,144.95618,2021,12,December,15,Afternoon Peak,Weekday
T20220000775,2021-12-20,07:20:00,1,Collision with vehicle,1,Monday,121,RIGHT THROUGH,2,37705,Cross intersection,3,60,Arterial Other,HIGH,STONNINGTON,-37.85185,144.99338,2021,12,December,7,Morning Peak,Weekday
T20210026177,2021-12-20,17:30:00,1,Collision with vehicle,1,Monday,130,REAR END(VEHICLES IN SAME LANE),1,700585,Not at intersection,3,70,Arterial Other,SYDNEY,MORELAND,-37.707077,144.96078,2021,12,December,17,Afternoon Peak,Weekday
T20210026310,2021-12-20,09:50:00,1,Collision with vehicle,1,Monday,132,RIGHT REAR.,1,350211,Cross intersection,3,80,Arterial Highway,DANDENONG,MONASH,-37.911423,145.1223,2021,12,December,9,Morning Peak,Weekday
T20210026181,2021-12-20,18:10:00,1,Collision with vehicle,1,Monday,121,RIGHT THROUGH,1,358021,Multiple intersection,3,80,Freeway,CRANBOURNE-PENINSULA LINK IN,FRANKSTON,-38.155556,145.16756,2021,12,December,18,Afternoon Peak,Weekday
T20220000143,2021-12-20,19:50:00,1,Collision with vehicle,1,Monday,130,REAR END(VEHICLES IN SAME LANE),3,704587,T intersection,3,60,Arterial Highway,ALBERT,BALLARAT,-37.604733,143.84059,2021,12,December,19,Night,Weekday
T20210026186,2021-12-20,15:07:00,2,Struck Pedestrian,1,Monday,101,PED EMERGES FROM IN FRONT OF PARKED OR STATIONARY VEHICLE,1,700223,Not at intersection,3,60,Local Road,CHARMAN,KINGSTON,-37.973877,145.0541,2021,12,December,15,Afternoon Peak,Weekday
T20210026197,2021-12-20,22:25:00,1,Collision with vehicle,1,Monday,135,LANE CHANGE LEFT (NOT OVERTAKING),3,704372,Not at intersection,3,100,Freeway,MONASH,DANDENONG,-37.947285,145.20787,2021,12,December,22,Night,Weekday
T20210026201,2021-12-20,21:39:00,1,Collision with vehicle,1,Monday,121,RIGHT THROUGH,3,1336,T intersection,2,70,Arterial Other,SYDNEY,MORELAND,-37.69873,144.95975,2021,12,December,21,Night,Weekday
T20220000341,2021-12-20,18:15:00,1,Collision with vehicle,1,Monday,121,RIGHT THROUGH,1,61611,Cross intersection,3,70,Arterial Other,PLENTY,WHITTLESEA,-37.678818,145.06941,2021,12,December,18,Afternoon Peak,Weekday
T20210026123,2021-12-20,08:50:00,1,Collision with vehicle,1,Monday,130,REAR END(VEHICLES IN SAME LANE),1,67148,Cross intersection,3,50,Local Road,CHALLIS,HOBSONS BAY,-37.84757,144.87245,2021,12,December,8,Morning Peak,Weekday
T20220001632,2021-12-20,09:45:00,4,Collision with a fixed object,1,Monday,171,LEFT OFF CARRIAGEWAY INTO OBJECT/PARKED VEHICLE,1,309412,T intersection,2,80,Local Road,OLD CAPE SCHANCK,MORNINGTON PENINSULA,-38.385414,144.90456,2021,12,December,9,Morning Peak,Weekday
T20220003280,2021-12-20,16:08:00,4,Collision with a fixed object,1,Monday,171,LEFT OFF CARRIAGEWAY INTO OBJECT/PARKED VEHICLE,1,784598,Not at intersection,2,60,Local Road,LEARMONTH,BALLARAT,-37.558598,143.81255,2021,12,December,16,Afternoon Peak,Weekday
T20210026150,2021-12-20,11:45:00,1,Collision with vehicle,1,Monday,132,RIGHT REAR.,1,699928,Not at intersection,3,60,Local Road,MAIN,EAST GIPPSLAND,-37.911983,147.71979,2021,12,December,11,Midday,Weekday
T20210026648,2021-12-20,23:30:00,4,Collision with a fixed object,1,Monday,181,OFF RIGHT BEND INTO OBJECT/PARKED VEHICLE,5,702146,Not at intersection,3,80,Local Road,COGHILLS CREEK,BALLARAT,-37.384163,143.75833,2021,12,December,23,Night,Weekday
T20220000622,2021-12-20,08:12:00,1,Collision with vehicle,1,Monday,121,RIGHT THROUGH,1,714,Cross intersection,3,60,Arterial Other,WAVERLEY,MONASH,-37.884705,145.12735,2021,12,December,8,Morning Peak,Weekday
T20210026196,2021-12-20,17:20:00,4,Collision with a fixed object,1,Monday,173,RIGHT OFF CARRIAGEWAY INTO OBJECT/PARKED VEHICLE,1,51951,T intersection,2,50,Local Road,ANDERSON,EAST GIPPSLAND,-37.826965,147.60689,2021,12,December,17,Afternoon Peak,Weekday
T20210026241,2021-12-20,08:50:00,2,Struck Pedestrian,1,Monday,108,PED STRUCK WALKING TO/FROM OR BOARDING/ALIGHTING VEHICLE.,1,288779,T intersection,3,40,Local Road,LITTLE MALOP,GEELONG,-38.148685,144.36183,2021,12,December,8,Morning Peak,Weekday
T20210026146,2021-12-20,12:23:00,1,Collision with vehicle,1,Monday,112,LEFT FAR (INTERSECTIONS ONLY),1,731278,T intersection,3,50,Local Road,ASHENDEN,SHEPPARTON,-36.384598,145.40173,2021,12,December,12,Midday,Weekday
T20210026116,2021-12-20,04:48:00,1,Collision with vehicle,1,Monday,121,RIGHT THROUGH,3,33879,Cross intersection,3,60,Arterial Highway,ST KILDA,PORT PHILLIP,-37.85786,144.9831,2021,12,December,4,Late Night,Weekday
T20210026147,2021-12-20,11:30:00,4,Collision with a fixed object,1,Monday,171,LEFT OFF CARRIAGEWAY INTO OBJECT/PARKED VEHICLE,1,702145,Not at intersection,2,60,Local Road,DYTE,BALLARAT,-37.559254,143.87613,2021,12,December,11,Midday,Weekday
T20210026149,2021-12-20,11:35:00,1,Collision with vehicle,1,Monday,130,REAR END(VEHICLES IN SAME LANE),1,700005,Not at intersection,3,80,Arterial Highway,DANDENONG,GLEN EIRA,-37.884758,145.0664,2021,12,December,11,Midday,Weekday
T20210026134,2021-12-20,09:38:00,1,Collision with vehicle,1,Monday,147,VEHICLE STRIKES ANOTHER VEH WHILE EMERGING FROM DRIVEWAY,1,70721,Not at intersection,2,80,Arterial Highway,LOWER DANDENONG,KINGSTON,-37.990265,145.14012,2021,12,December,9,Morning Peak,Weekday
T20210026792,2021-12-21,15:09:00,1,Collision with vehicle,2,Tuesday,134,LANE CHANGE RIGHT (NOT OVERTAKING),9,705156,Not at intersection,3,60,Arterial Other,WILLIAMS,STONNINGTON,-37.847813,145.00325,2021,12,December,15,Afternoon Peak,Weekday
T20210026242,2021-12-21,15:38:00,1,Collision with vehicle,2,Tuesday,130,REAR END(VEHICLES IN SAME LANE),1,700074,Not at intersection,3,60,Arterial Other,GRIMSHAW,BANYULE,-37.703648,145.09421,2021,12,December,15,Afternoon Peak,Weekday
T20210026807,2021-12-21,20:42:00,2,Struck Pedestrian,2,Tuesday,104,PED WALKING WITH TRAFFIC,1,701442,T intersection,3,60,Local Road,ENFIELD,SURF COAST,-38.31433,144.2921,2021,12,December,20,Night,Weekday
T20210026246,2021-12-21,14:45:00,1,Collision with vehicle,2,Tuesday,130,REAR END(VEHICLES IN SAME LANE),1,703177,Not at intersection,3,50,Local Road,NELSON,WHITEHORSE,-37.818153,145.11917,2021,12,December,14,Midday,Weekday
T20210026206,2021-12-21,06:23:00,1,Collision with vehicle,2,Tuesday,130,REAR END(VEHICLES IN SAME LANE),1,700491,Not at intersection,2,60,Arterial Highway,ST KILDA,PORT PHILLIP,-37.85949,144.9838,2021,12,December,6,Morning Peak,Weekday
T20210026209,2021-12-21,07:50:00,1,Collision with vehicle,2,Tuesday,130,REAR END(VEHICLES IN SAME LANE),1,700006,Not at intersection,3,60,Arterial Highway,FOOTSCRAY,MELBOURNE,-37.807446,144.91617,2021,12,December,7,Morning Peak,Weekday
T20210026251,2021-12-21,14:37:00,1,Collision with vehicle,2,Tuesday,134,LANE CHANGE RIGHT (NOT OVERTAKING),1,731280,Not at intersection,2,80,Arterial Highway,DANDENONG,DANDENONG,-37.987328,145.15245,2021,12,December,14,Midday,Weekday
T20210026254,2021-12-21,15:55:00,4,Collision with a fixed object,2,Tuesday,181,OFF RIGHT BEND INTO OBJECT/PARKED VEHICLE,1,703632,Not at intersection,2,100,Arterial Highway,GREAT OCEAN,COLAC OTWAY,-38.70949,143.39093,2021,12,December,15,Afternoon Peak,Weekday
T20210026227,2021-12-21,11:45:00,1,Collision with vehicle,2,Tuesday,121,RIGHT THROUGH,1,40149,T intersection,3,50,Local Road,INKERMAN,PORT PHILLIP,-37.86608,144.99716,2021,12,December,11,Midday,Weekday
T20210026229,2021-12-21,06:55:00,1,Collision with vehicle,2,Tuesday,110,CROSS TRAFFIC(INTERSECTIONS ONLY),1,19370,Cross intersection,3,100,Local Road,ECHUCA-NANNEELLA,CAMPASPE,-36.256153,144.77751,2021,12,December,6,Morning Peak,Weekday
T20210026232,2021-12-21,12:30:00,1,Collision with vehicle,2,Tuesday,110,CROSS TRAFFIC(INTERSECTIONS ONLY),1,43725,Cross intersection,2,80,Local Road,COBURNS,MELTON,-37.65164,144.57454,2021,12,December,12,Midday,Weekday
T20210026255,2021-12-21,15:48:00,1,Collision with vehicle,2,Tuesday,171,LEFT OFF CARRIAGEWAY INTO OBJECT/PARKED VEHICLE,1,702840,Not at intersection,3,80,Arterial Other,SUNSHINE,BRIMBANK,-37.744976,144.82806,2021,12,December,15,Afternoon Peak,Weekday
T20210026258,2021-12-21,15:15:00,4,Collision with a fixed object,2,Tuesday,173,RIGHT OFF CARRIAGEWAY INTO OBJECT/PARKED VEHICLE,1,703230,Not at intersection,2,100,Local Road,PENTAL ISLAND,SWAN HILL,-35.394524,143.69482,2021,12,December,15,Afternoon Peak,Weekday
T20210026260,2021-12-21,17:46:00,1,Collision with vehicle,2,Tuesday,136,RIGHT TURN SIDESWIPE,1,703631,Not at intersection,3,60,Local Road,LEATHER,GEELONG,-38.18597,144.3745,2021,12,December,17,Afternoon Peak,Weekday
T20210026265,2021-12-21,18:00:00,2,Struck Pedestrian,2,Tuesday,101,PED EMERGES FROM IN FRONT OF PARKED OR STATIONARY VEHICLE,1,700350,Not at intersection,3,40,Local Road,TUNSTALL,MANNINGHAM,-37.79154,145.17078,2021,12,December,18,Afternoon Peak,Weekday
T20210026268,2021-12-21,18:00:00,1,Collision with vehicle,2,Tuesday,147,VEHICLE STRIKES ANOTHER VEH WHILE EMERGING FROM DRIVEWAY,1,703635,Not at intersection,2,60,Arterial Other,MT ALEXANDER,MOONEE VALLEY,-37.751163,144.91505,2021,12,December,18,Afternoon Peak,Weekday
T20210026269,2021-12-21,15:08:00,1,Collision with vehicle,2,Tuesday,113,RIGHT NEAR (INTERSECTIONS ONLY),1,285598,T intersection,3,50,Local Road,STATION,KINGSTON,-37.982563,145.06639,2021,12,December,15,Afternoon Peak,Weekday
T20210026270,2021-12-21,17:24:00,1,Collision with vehicle,2,Tuesday,113,RIGHT NEAR (INTERSECTIONS ONLY),1,1298,Multiple intersection,2,80,Freeway,PRINCES,CARDINIA,-38.072052,145.65578,2021,12,December,17,Afternoon Peak,Weekday
T20210026271,2021-12-21,17:05:00,1,Collision with vehicle,2,Tuesday,121,RIGHT THROUGH,1,43712,T intersection,2,80,Arterial Other,LANCEFIELD,HUME,-37.579304,144.7602,2021,12,December,17,Afternoon Peak,Weekday
T20210026276,2021-12-21,18:00:00,1,Collision with vehicle,2,Tuesday,135,LANE CHANGE LEFT (NOT OVERTAKING),1,703459,Not at intersection,2,50,Local Road,PARK,YARRA,-37.77822,144.9617,2021,12,December,18,Afternoon Peak,Weekday
T20210026282,2021-12-21,19:02:00,1,Collision with vehicle,2,Tuesday,130,REAR END(VEHICLES IN SAME LANE),1,703449,Not at intersection,2,60,Arterial Other,CLAYTON,MONASH,-37.91074,145.12242,2021,12,December,19,Night,Weekday
T20210026284,2021-12-21,22:35:00,1,Collision with vehicle,2,Tuesday,140,U TURN,3,709062,Not at intersection,3,60,Local Road,THOMPSONS,CASEY,-38.090233,145.34091,2021,12,December,22,Night,Weekday
T20210026286,2021-12-21,23:10:00,1,Collision with vehicle,2,Tuesday,120,HEAD ON (NOT OVERTAKING),5,63227,T intersection,3,60,Local Road,GREIGS,MELTON,-37.746185,144.61328,2021,12,December,23,Night,Weekday
T20210026292,2021-12-21,16:55:00,1,Collision with vehicle,2,Tuesday,130,REAR END(VEHICLES IN SAME LANE),1,702841,Not at intersection,3,70,Arterial Other,BALLARAT,MARIBYRNONG,-37.780197,144.85616,2021,12,December,16,Afternoon Peak,Weekday
T20210026446,2021-12-21,13:55:00,1,Collision with vehicle,2,Tuesday,131,LEFT REAR,1,44216,T intersection,3,80,Arterial Other,COOPER,HUME,-37.6453,144.96283,2021,12,December,13,Midday,Weekday
T20220001004,2021-12-21,10:00:00,8,No collision and no object struck,2,Tuesday,174,OUT OF CONTROL ON CARRIAGEWAY (ON STRAIGHT),1,702275,Not at intersection,3,60,Arterial Other,BRIDGE,YARRA,-37.818085,144.99477,2021,12,December,10,Midday,Weekday
T20220000145,2021-12-21,13:00:00,1,Collision with vehicle,2,Tuesday,130,REAR END(VEHICLES IN SAME LANE),1,701057,Not at intersection,2,60,Arterial Other,STATION,BRIMBANK,-37.76932,144.77487,2021,12,December,13,Midday,Weekday
T20210026331,2021-12-21,16:00:00,2,Struck Pedestrian,2,Tuesday,100,PED NEAR SIDE. PED HIT BY VEHICLE FROM THE RIGHT.,1,700153,Not at intersection,3,50,Arterial Highway,MANIFOLD STREET SERVICE,CORANGAMITE,-38.231556,143.14581,2021,12,December,16,Afternoon Peak,Weekday
T20210026323,2021-12-21,09:16:00,1,Collision with vehicle,2,Tuesday,121,RIGHT THROUGH,1,51205,Cross intersection,3,60,Arterial Highway,DELANY,ALPINE,-36.728725,146.96895,2021,12,December,9,Morning Peak,Weekday
T20220000063,2021-12-21,16:10:00,1,Collision with vehicle,2,Tuesday,131,LEFT REAR,1,65694,T intersection,3,60,Arterial Other,VICTORIA,YARRA,-37.809437,144.98949,2021,12,December,16,Afternoon Peak,Weekday