ACCIDENT_NO,ACCIDENT_DATE,ACCIDENT_TIME,ACCIDENT_TYPE,ACCIDENT_TYPE_DESC,DAY_OF_WEEK,DAY_WEEK_DESC,DCA_CODE,DCA_DESC,LIGHT_CONDITION,NODE_ID,ROAD_GEOMETRY_DESC,SEVERITY,SPEED_ZONE,RMA,ROAD_NAME,LGA_NAME,LATITUDE,LONGITUDE,YEAR,MONTH,MONTH_NAME,HOUR,TIME_PERIOD,DAY_TYPE
T20220000066,2021-12-21,19:52:00,1,Collision with vehicle,2,Tuesday,137,LEFT TURN SIDESWIPE,1,38051,Cross intersection,3,60,Arterial Other,HEIDELBERG,DAREBIN,-37.7834,145.01738,2021,12,December,19,Night,Weekday
T20210026295,2021-12-21,16:42:00,2,Struck Pedestrian,2,Tuesday,101,PED EMERGES FROM IN FRONT OF PARKED OR STATIONARY VEHICLE,1,700077,Not at intersection,3,60,Arterial Highway,GEELONG ROAD SERVICE,BRIMBANK,-37.81635,144.84972,2021,12,December,16,Afternoon Peak,Weekday
T20220000549,2021-12-21,11:50:00,1,Collision with vehicle,2,Tuesday,113,RIGHT NEAR (INTERSECTIONS ONLY),9,35852,T intersection,3,80,Arterial Highway,SOUTH GIPPSLAND,DANDENONG,-38.035515,145.24594,2021,12,December,11,Midday,Weekday
T20220000657,2021-12-21,03:15:00,3,Struck animal,2,Tuesday,167,STRUCK ANIMAL,6,701756,Not at intersection,3,60,Arterial Other,RESEARCH-WARRANDYTE,NILLUMBIK,-37.722324,145.20325,2021,12,December,3,Late Night,Weekday
T20210026563,2021-12-21,16:03:00,1,Collision with vehicle,2,Tuesday,130,REAR END(VEHICLES IN SAME LANE),1,774219,Not at intersection,3,50,Local Road,CHRISTMAS,DAREBIN,-37.767445,145.01993,2021,12,December,16,Afternoon Peak,Weekday
T20220001104,2021-12-21,08:06:00,1,Collision with vehicle,2,Tuesday,130,REAR END(VEHICLES IN SAME LANE),1,702279,Not at intersection,3,80,Freeway,WEST GATE,MELBOURNE,-37.827625,144.96153,2021,12,December,8,Morning Peak,Weekday
T20210026233,2021-12-21,06:34:00,4,Collision with a fixed object,2,Tuesday,173,RIGHT OFF CARRIAGEWAY INTO OBJECT/PARKED VEHICLE,1,715053,Not at intersection,3,100,Freeway,WESTERN RING,BRIMBANK,-37.78681,144.78874,2021,12,December,6,Morning Peak,Weekday
T20210026237,2021-12-21,13:57:00,1,Collision with vehicle,2,Tuesday,147,VEHICLE STRIKES ANOTHER VEH WHILE EMERGING FROM DRIVEWAY,1,708785,Not at intersection,3,70,Arterial Other,PASCOE VALE,HUME,-37.646988,144.93105,2021,12,December,13,Midday,Weekday
T20210026238,2021-12-21,08:30:00,1,Collision with vehicle,2,Tuesday,130,REAR END(VEHICLES IN SAME LANE),1,703458,Not at intersection,3,80,Freeway,WESTERN IN-WESTERN RING,BRIMBANK,-37.797386,144.78568,2021,12,December,8,Morning Peak,Weekday
T20210026240,2021-12-21,14:30:00,2,Struck Pedestrian,2,Tuesday,100,PED NEAR SIDE. PED HIT BY VEHICLE FROM THE RIGHT.,1,286698,Cross intersection,2,60,Arterial Other,FOLEYS,BRIMBANK,-37.782993,144.77289,2021,12,December,14,Midday,Weekday
T20210026794,2021-12-21,11:30:00,1,Collision with vehicle,2,Tuesday,130,REAR END(VEHICLES IN SAME LANE),1,707318,Cross intersection,3,60,Arterial Other,STURT,BALLARAT,-37.559666,143.83893,2021,12,December,11,Midday,Weekday
T20210026410,2021-12-22,23:16:00,1,Collision with vehicle,3,Wednesday,110,CROSS TRAFFIC(INTERSECTIONS ONLY),3,29542,Cross intersection,3,60,Arterial Other,GLENFERRIE,BOROONDARA,-37.814693,145.03682,2021,12,December,23,Night,Weekday
T20210026638,2021-12-22,21:05:00,1,Collision with vehicle,3,Wednesday,130,REAR END(VEHICLES IN SAME LANE),3,704721,Not at intersection,3,70,Arterial Other,BLACKBURN,MONASH,-37.901455,145.14293,2021,12,December,21,Night,Weekday
T20210026373,2021-12-22,00:36:00,1,Collision with vehicle,3,Wednesday,110,CROSS TRAFFIC(INTERSECTIONS ONLY),3,37829,Cross intersection,3,60,Arterial Other,NICHOLSON,MORELAND,-37.76735,144.98022,2021,12,December,0,Late Night,Weekday
T20210026296,2021-12-22,07:50:00,1,Collision with vehicle,3,Wednesday,121,RIGHT THROUGH,1,42310,T intersection,3,60,Arterial Highway,WARRIGAL,KINGSTON,-37.95472,145.07648,2021,12,December,7,Morning Peak,Weekday
T20210026293,2021-12-22,06:15:00,1,Collision with vehicle,3,Wednesday,130,REAR END(VEHICLES IN SAME LANE),2,744749,Not at intersection,3,60,Arterial Other,SEAFORD,FRANKSTON,-38.112286,145.15422,2021,12,December,6,Morning Peak,Weekday
T20220001178,2021-12-22,09:00:00,1,Collision with vehicle,3,Wednesday,135,LANE CHANGE LEFT (NOT OVERTAKING),1,783946,Not at intersection,3,100,Freeway,WESTERN RING,BRIMBANK,-37.76516,144.81734,2021,12,December,9,Morning Peak,Weekday
T20220001437,2021-12-22,18:30:00,1,Collision with vehicle,3,Wednesday,130,REAR END(VEHICLES IN SAME LANE),1,721160,Not at intersection,3,70,Arterial Other,DONNYBROOK,HUME,-37.540646,144.94774,2021,12,December,18,Afternoon Peak,Weekday
T20220001461,2021-12-22,21:41:00,1,Collision with vehicle,3,Wednesday,116,LEFT NEAR (INTERSECTIONS ONLY),3,731325,T intersection,3,60,Arterial Highway,BELL,MORELAND,-37.740234,144.9556,2021,12,December,21,Night,Weekday
T20210026333,2021-12-22,15:16:00,4,Collision with a fixed object,3,Wednesday,171,LEFT OFF CARRIAGEWAY INTO OBJECT/PARKED VEHICLE,1,737020,Not at intersection,2,60,Arterial Highway,FOSTER,DANDENONG,-37.98996,145.21579,2021,12,December,15,Afternoon Peak,Weekday
T20210026335,2021-12-22,12:30:00,1,Collision with vehicle,3,Wednesday,121,RIGHT THROUGH,1,41909,T intersection,3,80,Arterial Other,SCORESBY,KNOX,-37.874348,145.25868,2021,12,December,12,Midday,Weekday
T20210026356,2021-12-22,23:30:00,1,Collision with vehicle,3,Wednesday,130,REAR END(VEHICLES IN SAME LANE),3,99731,Not at intersection,3,60,Arterial Highway,SPRINGVALE,DANDENONG,-37.94741,145.15309,2021,12,December,23,Night,Weekday
T20210026355,2021-12-22,19:20:00,8,No collision and no object struck,3,Wednesday,174,OUT OF CONTROL ON CARRIAGEWAY (ON STRAIGHT),1,702504,T intersection,2,50,Local Road,CENTRAL,BRIMBANK,-37.798954,144.83511,2021,12,December,19,Night,Weekday
T20220001357,2021-12-22,08:15:00,1,Collision with vehicle,3,Wednesday,147,VEHICLE STRIKES ANOTHER VEH WHILE EMERGING FROM DRIVEWAY,1,702956,Not at intersection,3,60,Arterial Other,HAMPSTEAD,MARIBYRNONG,-37.7813,144.87126,2021,12,December,8,Morning Peak,Weekday
T20210026334,2021-12-22,16:01:00,1,Collision with vehicle,3,Wednesday,114,TWO RIGHT TURNING (INTERSECTIONS ONLY),1,41722,T intersection,2,50,Local Road,BAYVIEW,MONASH,-37.90711,145.12785,2021,12,December,16,Afternoon Peak,Weekday
T20210026632,2021-12-22,22:09:00,1,Collision with vehicle,3,Wednesday,130,REAR END(VEHICLES IN SAME LANE),3,307757,Not at intersection,3,70,Arterial Highway,HODDLE,MELBOURNE,-37.816483,144.99016,2021,12,December,22,Night,Weekday
T20210026329,2021-12-22,14:35:00,2,Struck Pedestrian,3,Wednesday,102,FAR SIDE. PED HIT BY VEHICLE FROM THE LEFT,1,49950,Cross intersection,1,70,Arterial Highway,LATROBE,GEELONG,-38.14948,144.35222,2021,12,December,14,Midday,Weekday
T20210026287,2021-12-22,00:28:00,1,Collision with vehicle,3,Wednesday,160,VEHICLE COLLIDES WITH VEHICLE PARKED ON LEFT OF ROAD,3,713257,Not at intersection,2,50,Local Road,SUGARGUM,GEELONG,-38.215412,144.30322,2021,12,December,0,Late Night,Weekday
T20230005328,2021-12-22,09:29:00,1,Collision with vehicle,3,Wednesday,130,REAR END(VEHICLES IN SAME LANE),1,38244,T intersection,3,80,Arterial Highway,BULLEEN,MANNINGHAM,-37.766335,145.08118,2021,12,December,9,Morning Peak,Weekday
T20210026448,2021-12-22,05:50:00,1,Collision with vehicle,3,Wednesday,110,CROSS TRAFFIC(INTERSECTIONS ONLY),2,44005,Cross intersection,2,100,Arterial Highway,DANDENONG-HASTINGS,MORNINGTON PENINSULA,-38.23865,145.21492,2021,12,December,5,Morning Peak,Weekday
T20210026298,2021-12-22,09:04:00,8,No collision and no object struck,3,Wednesday,174,OUT OF CONTROL ON CARRIAGEWAY (ON STRAIGHT),1,784599,Not at intersection,3,50,Local Road,SCANLON,WHITTLESEA,-37.642406,144.99577,2021,12,December,9,Morning Peak,Weekday
T20210026299,2021-12-22,07:00:00,4,Collision with a fixed object,3,Wednesday,183,OFF LEFT BEND INTO OBJECT/PARKED VEHICLE,1,703448,Not at intersection,3,60,Local Road,CLINTONS,NILLUMBIK,-37.634754,145.27917,2021,12,December,7,Morning Peak,Weekday
T20210026301,2021-12-22,09:30:00,1,Collision with vehicle,3,Wednesday,110,CROSS TRAFFIC(INTERSECTIONS ONLY),1,38153,Cross intersection,3,50,Arterial Other,WATERDALE,BANYULE,-37.74639,145.04703,2021,12,December,9,Morning Peak,Weekday
T20210026303,2021-12-22,08:05:00,1,Collision with vehicle,3,Wednesday,110,CROSS TRAFFIC(INTERSECTIONS ONLY),1,42158,Cross intersection,3,60,Local Road,DANE,BAYSIDE,-37.940277,145.03365,2021,12,December,8,Morning Peak,Weekday
T20210026305,2021-12-22,10:24:00,1,Collision with vehicle,3,Wednesday,110,CROSS TRAFFIC(INTERSECTIONS ONLY),1,52985,Cross intersection,2,60,Local Road,RIPON,BALLARAT,-37.581882,143.83742,2021,12,December,10,Midday,Weekday
T20210026449,2021-12-22,22:37:00,1,Collision with vehicle,3,Wednesday,110,CROSS TRAFFIC(INTERSECTIONS ONLY),3,48841,Cross intersection,2,60,Arterial Other,DERRIMUT,WYNDHAM,-37.83446,144.69106,2021,12,December,22,Night,Weekday
T20210026324,2021-12-22,14:30:00,1,Collision with vehicle,3,Wednesday,153,CUTTING IN (OVERTAKING),1,710443,Not at intersection,2,60,Arterial Other,STURT,BALLARAT,-37.56102,143.84842,2021,12,December,14,Midday,Weekday
T20210026353,2021-12-22,20:08:00,1,Collision with vehicle,3,Wednesday,120,HEAD ON (NOT OVERTAKING),1,700543,T intersection,2,50,Local Road,ROYAL,HUME,-37.57308,144.92625,2021,12,December,20,Night,Weekday
T20210026352,2021-12-22,11:00:00,1,Collision with vehicle,3,Wednesday,163,VEHICLE STRIKES DOOR OF PARKED/STATIONARY VEHICLE,1,703444,Not at intersection,2,40,Arterial Other,SYDNEY,MORELAND,-37.744335,144.96606,2021,12,December,11,Midday,Weekday
T20210026349,2021-12-22,19:53:00,1,Collision with vehicle,3,Wednesday,159,OTHER OVERTAKING MANOEUVRES NOT INCLUDED IN DCAs 150-154,1,704567,Not at intersection,2,60,Local Road,CAIRNLEA,BRIMBANK,-37.753345,144.78406,2021,12,December,19,Night,Weekday
T20210026311,2021-12-22,11:30:00,1,Collision with vehicle,3,Wednesday,160,VEHICLE COLLIDES WITH VEHICLE PARKED ON LEFT OF ROAD,1,703387,Not at intersection,3,50,Local Road,MATHOURA,STONNINGTON,-37.84617,145.00726,2021,12,December,11,Midday,Weekday
T20210026344,2021-12-22,17:50:00,1,Collision with vehicle,3,Wednesday,133,LANE SIDE SWIPE (VEHICLES IN PARALLEL LANES),1,225343,Not at intersection,3,80,Freeway,WEST GATE,MARIBYRNONG,-37.824486,144.87428,2021,12,December,17,Afternoon Peak,Weekday
T20210026312,2021-12-22,12:00:00,1,Collision with vehicle,3,Wednesday,121,RIGHT THROUGH,1,19695,T intersection,3,80,Arterial Highway,HIGH,BENDIGO,-36.81867,144.23813,2021,12,December,12,Midday,Weekday
T20220009220,2021-12-22,10:00:00,1,Collision with vehicle,3,Wednesday,130,REAR END(VEHICLES IN SAME LANE),1,714396,Cross intersection,3,80,Arterial Highway,SPRINGVALE,WHITEHORSE,-37.834846,145.17264,2021,12,December,10,Midday,Weekday
T20210026487,2021-12-22,18:20:00,1,Collision with vehicle,3,Wednesday,179,OTHER ACCIDENTS-OFF STRAIGHT NOT INCLUDED IN DCAs 170-175,1,781611,Not at intersection,3,50,Local Road,CASTLETOWN,MELTON,-37.730907,144.5738,2021,12,December,18,Afternoon Peak,Weekday
T20210026421,2021-12-22,13:30:00,1,Collision with vehicle,3,Wednesday,160,VEHICLE COLLIDES WITH VEHICLE PARKED ON LEFT OF ROAD,1,731281,Not at intersection,2,60,Arterial Other,MELVILLE,MORELAND,-37.76613,144.94342,2021,12,December,13,Midday,Weekday
T20220000511,2021-12-22,15:55:00,4,Collision with a fixed object,3,Wednesday,173,RIGHT OFF CARRIAGEWAY INTO OBJECT/PARKED VEHICLE,1,768412,Not at intersection,2,100,Local Road,SHEPPARTON-VIOLET TOWN,STRATHBOGIE,-36.589424,145.62605,2021,12,December,15,Afternoon Peak,Weekday
T20220007458,2021-12-23,18:50:00,1,Collision with vehicle,4,Thursday,130,REAR END(VEHICLES IN SAME LANE),1,708872,Not at intersection,3,100,Arterial Highway,PRINCES,MOYNE,-38.306217,142.04015,2021,12,December,18,Afternoon Peak,Weekday
T20210026457,2021-12-23,22:32:00,1,Collision with vehicle,4,Thursday,160,VEHICLE COLLIDES WITH VEHICLE PARKED ON LEFT OF ROAD,3,712044,Not at intersection,2,60,Local Road,ALBION,WHITEHORSE,-37.82447,145.1246,2021,12,December,22,Night,Weekday
T20210026443,2021-12-23,16:30:00,1,Collision with vehicle,4,Thursday,120,HEAD ON (NOT OVERTAKING),1,190087,Not at intersection,2,60,Arterial Other,HIGH,WHITTLESEA,-37.68763,145.0126,2021,12,December,16,Afternoon Peak,Weekday
T20210026442,2021-12-23,18:10:00,1,Collision with vehicle,4,Thursday,120,HEAD ON (NOT OVERTAKING),1,776847,T intersection,3,50,Local Road,MACEDON,WHITTLESEA,-37.60912,145.00603,2021,12,December,18,Afternoon Peak,Weekday
T20210026441,2021-12-23,20:00:00,4,Collision with a fixed object,4,Thursday,173,RIGHT OFF CARRIAGEWAY INTO OBJECT/PARKED VEHICLE,1,708935,Not at intersection,3,70,Arterial Highway,NEPEAN,KINGSTON,-38.0144,145.09207,2021,12,December,20,Night,Weekday
T20210026597,2021-12-23,21:05:00,1,Collision with vehicle,4,Thursday,113,RIGHT NEAR (INTERSECTIONS ONLY),3,295048,Cross intersection,3,60,Arterial Highway,FORGE CREEK ROAD -MAIN,EAST GIPPSLAND,-37.831295,147.61113,2021,12,December,21,Night,Weekday
T20210026374,2021-12-23,07:30:00,4,Collision with a fixed object,4,Thursday,181,OFF RIGHT BEND INTO OBJECT/PARKED VEHICLE,1,705347,Not at intersection,2,100,Arterial Highway,CALDER,BULOKE,-36.17682,143.32405,2021,12,December,7,Morning Peak,Weekday
T20210026369,2021-12-23,07:03:00,1,Collision with vehicle,4,Thursday,133,LANE SIDE SWIPE (VEHICLES IN PARALLEL LANES),1,701494,Not at intersection,2,60,Local Road,MONT ALBERT,BOROONDARA,-37.818794,145.08429,2021,12,December,7,Morning Peak,Weekday
T20210026365,2021-12-23,04:50:00,4,Collision with a fixed object,4,Thursday,183,OFF LEFT BEND INTO OBJECT/PARKED VEHICLE,3,703442,Not at intersection,3,80,Freeway,WEST GATE OUT-CITYLINK OUT,PORT PHILLIP,-37.82751,144.92847,2021,12,December,4,Late Night,Weekday
T20210026360,2021-12-23,01:32:00,4,Collision with a fixed object,4,Thursday,183,OFF LEFT BEND INTO OBJECT/PARKED VEHICLE,3,704375,Not at intersection,2,50,Local Road,FRANKSTON GARDENS,FRANKSTON,-38.104378,145.1609,2021,12,December,1,Late Night,Weekday
T20210026359,2021-12-23,02:54:00,4,Collision with a fixed object,4,Thursday,171,LEFT OFF CARRIAGEWAY INTO OBJECT/PARKED VEHICLE,3,751495,Not at intersection,2,60,Arterial Other,OLD CALDER,BRIMBANK,-37.71507,144.82649,2021,12,December,2,Late Night,Weekday
T20210026416,2021-12-23,15:05:00,2,Struck Pedestrian,4,Thursday,100,PED NEAR SIDE. PED HIT BY VEHICLE FROM THE RIGHT.,1,48614,Cross intersection,3,50,Local Road,MYRTLE,BOROONDARA,-37.82616,145.07147,2021,12,December,15,Afternoon Peak,Weekday
T20210026357,2021-12-23,01:35:00,4,Collision with a fixed object,4,Thursday,175,OFF END OF ROAD/T-INTERSECTION.,3,22724,T intersection,3,80,Arterial Other,BALLARAT-CARNGHAM,BALLARAT,-37.566666,143.78282,2021,12,December,1,Late Night,Weekday
T20210026412,2021-12-23,14:30:00,1,Collision with vehicle,4,Thursday,113,RIGHT NEAR (INTERSECTIONS ONLY),1,39414,Cross intersection,2,60,Arterial Other,BLACKBURN,WHITEHORSE,-37.82308,145.15242,2021,12,December,14,Midday,Weekday
T20210026625,2021-12-23,20:53:00,4,Collision with a fixed object,4,Thursday,171,LEFT OFF CARRIAGEWAY INTO OBJECT/PARKED VEHICLE,3,703637,Not at intersection,3,80,Arterial Other,FERNTREE GULLY,MONASH,-37.907345,145.19427,2021,12,December,20,Night,Weekday
T20210026434,2021-12-23,18:03:00,4,Collision with a fixed object,4,Thursday,173,RIGHT OFF CARRIAGEWAY INTO OBJECT/PARKED VEHICLE,1,705394,Not at intersection,3,80,Local Road,WARNEET,CASEY,-38.21935,145.32117,2021,12,December,18,Afternoon Peak,Weekday
T20210026451,2021-12-23,22:25:00,1,Collision with vehicle,4,Thursday,130,REAR END(VEHICLES IN SAME LANE),3,10581,Cross intersection,3,80,Arterial Other,PRINCES,CARDINIA,-38.06638,145.46718,2021,12,December,22,Night,Weekday
T20220006405,2021-12-23,15:52:00,1,Collision with vehicle,4,Thursday,139,OTHER SAME DIRECTION-MANOUEVRES NOT INCLUDED IN DCAs 130-137,1,711873,Not at intersection,2,100,Freeway,PRINCES,HOBSONS BAY,-37.86858,144.76312,2021,12,December,15,Afternoon Peak,Weekday
T20220005418,2021-12-23,10:26:00,1,Collision with vehicle,4,Thursday,160,VEHICLE COLLIDES WITH VEHICLE PARKED ON LEFT OF ROAD,1,710015,T intersection,3,60,Local Road,LOCKWOOD,CASEY,-38.062164,145.26001,2021,12,December,10,Midday,Weekday
T20210026431,2021-12-23,16:29:00,1,Collision with vehicle,4,Thursday,121,RIGHT THROUGH,1,357221,T intersection,2,70,Arterial Highway,HERBERT,MORNINGTON PENINSULA,-38.224705,145.0509,2021,12,December,16,Afternoon Peak,Weekday
T20220000285,2021-12-23,13:14:00,1,Collision with vehicle,4,Thursday,113,RIGHT NEAR (INTERSECTIONS ONLY),1,40373,T intersection,3,60,Arterial Other,TOORONGA,STONNINGTON,-37.84985,145.04285,2021,12,December,13,Midday,Weekday
T20210026430,2021-12-23,17:30:00,1,Collision with vehicle,4,Thursday,136,RIGHT TURN SIDESWIPE,1,702733,Not at intersection,3,60,Local Road,COMMUNITY,BRIMBANK,-37.701813,144.76384,2021,12,December,17,Afternoon Peak,Weekday
T20220000825,2021-12-23,10:00:00,1,Collision with vehicle,4,Thursday,132,RIGHT REAR.,1,778638,Not at intersection,3,60,Local Road,BRIDGE,MELTON,-37.714775,144.57669,2021,12,December,10,Midday,Weekday
T20220001180,2021-12-23,16:05:00,1,Collision with vehicle,4,Thursday,136,RIGHT TURN SIDESWIPE,1,353176,Cross intersection,3,80,Arterial Other,FITZGERALDS ROAD SERVICE,WYNDHAM,-37.82321,144.78625,2021,12,December,16,Afternoon Peak,Weekday
T20210026454,2021-12-23,22:30:00,1,Collision with vehicle,4,Thursday,121,RIGHT THROUGH,3,35399,Multiple intersection,2,60,Arterial Other,ALBERT,PORT PHILLIP,-37.84217,144.9592,2021,12,December,22,Night,Weekday
T20210026423,2021-12-23,14:30:00,1,Collision with vehicle,4,Thursday,153,CUTTING IN (OVERTAKING),1,773899,Not at intersection,2,60,Arterial Other,HEATHS,WYNDHAM,-37.884445,144.64682,2021,12,December,14,Midday,Weekday
T20210026402,2021-12-23,08:16:00,1,Collision with vehicle,4,Thursday,110,CROSS TRAFFIC(INTERSECTIONS ONLY),1,63386,Cross intersection,3,50,Local Road,DE CARLE,MORELAND,-37.751484,144.96674,2021,12,December,8,Morning Peak,Weekday
T20210026456,2021-12-23,23:15:00,4,Collision with a fixed object,4,Thursday,183,OFF LEFT BEND INTO OBJECT/PARKED VEHICLE,5,700545,Not at intersection,2,60,Arterial Other,MELBOURNE LANCEFIELD,MACEDON RANGES,-37.464413,144.74318,2021,12,December,23,Night,Weekday
T20210026385,2021-12-23,10:00:00,1,Collision with vehicle,4,Thursday,113,RIGHT NEAR (INTERSECTIONS ONLY),1,703440,T intersection,3,60,Local Road,HORSESHOE BEND,GEELONG,-38.211105,144.35843,2021,12,December,10,Midday,Weekday
T20210026383,2021-12-23,10:30:00,1,Collision with vehicle,4,Thursday,130,REAR END(VEHICLES IN SAME LANE),1,700544,Not at intersection,2,70,Arterial Highway,MCIVOR,BENDIGO,-36.75866,144.30112,2021,12,December,10,Midday,Weekday
T20210026397,2021-12-23,11:19:00,1,Collision with vehicle,4,Thursday,140,U TURN,1,701267,Not at intersection,3,40,Local Road,COLLINS,MELBOURNE,-37.813496,144.97334,2021,12,December,11,Midday,Weekday
T20220008221,2021-12-23,12:00:00,1,Collision with vehicle,4,Thursday,163,VEHICLE STRIKES DOOR OF PARKED/STATIONARY VEHICLE,1,780050,Not at intersection,3,40,Arterial Other,CHAPEL,STONNINGTON,-37.835995,144.99634,2021,12,December,12,Midday,Weekday
T20210026504,2021-12-23,20:00:00,8,No collision and no object struck,4,Thursday,174,OUT OF CONTROL ON CARRIAGEWAY (ON STRAIGHT),2,703285,Not at intersection,3,50,Local Road,CAMERON,MORELAND,-37.753456,144.96251,2021,12,December,20,Night,Weekday
T20210026489,2021-12-23,17:40:00,1,Collision with vehicle,4,Thursday,130,REAR END(VEHICLES IN SAME LANE),1,50669,Cross intersection,2,50,Local Road,BOTANIC,WARRNAMBOOL,-38.372643,142.4827,2021,12,December,17,Afternoon Peak,Weekday
T20210026395,2021-12-23,11:23:00,1,Collision with vehicle,4,Thursday,121,RIGHT THROUGH,1,295219,T intersection,3,60,Arterial Highway,MCPHERSON,HORSHAM,-36.71967,142.20497,2021,12,December,11,Midday,Weekday
T20220003657,2021-12-23,09:00:00,6,Vehicle overturned (no collision),4,Thursday,174,OUT OF CONTROL ON CARRIAGEWAY (ON STRAIGHT),1,704947,Not at intersection,2,80,Local Road,THIELEMANNS,SURF COAST,-38.310783,144.1153,2021,12,December,9,Morning Peak,Weekday
T20220001515,2021-12-23,15:30:00,8,No collision and no object struck,4,Thursday,174,OUT OF CONTROL ON CARRIAGEWAY (ON STRAIGHT),1,702696,Not at intersection,2,60,Arterial Other,TUCKFIELD,GEELONG,-38.259563,144.53517,2021,12,December,15,Afternoon Peak,Weekday
T20210026429,2021-12-23,16:20:00,1,Collision with vehicle,4,Thursday,147,VEHICLE STRIKES ANOTHER VEH WHILE EMERGING FROM DRIVEWAY,1,781653,Not at intersection,3,60,Local Road,MAIN,WHITTLESEA,-37.6787,144.99889,2021,12,December,16,Afternoon Peak,Weekday
T20210026417,2021-12-23,13:30:00,3,Struck animal,4,Thursday,167,STRUCK ANIMAL,1,700705,Not at intersection,2,100,Arterial Other,HEATHCOTE-NAGAMBIE,STRATHBOGIE,-36.837074,144.92044,2021,12,December,13,Midday,Weekday
T20210026418,2021-12-23,11:00:00,1,Collision with vehicle,4,Thursday,120,HEAD ON (NOT OVERTAKING),1,704630,Not at intersection,2,100,Arterial Other,CONDAH-COLERAINE,GLENELG,-37.739517,141.69945,2021,12,December,11,Midday,Weekday
T20210026420,2021-12-23,14:40:00,1,Collision with vehicle,4,Thursday,121,RIGHT THROUGH,1,700202,Cross intersection,3,70,Arterial Other,LEITH ROAD -MOUNT DANDENONG TOURIST,YARRA RANGES,-37.810043,145.34273,2021,12,December,14,Midday,Weekday
T20210026432,2021-12-23,17:15:00,6,Vehicle overturned (no collision),4,Thursday,180,OFF CARRIAGEWAY ON RIGHT BEND,1,701143,Not at intersection,3,100,Local Road,BENA-KONGWAK,SOUTH GIPPSLAND,-38.495415,145.69644,2021,12,December,17,Afternoon Peak,Weekday
T20210026452,2021-12-23,20:52:00,1,Collision with vehicle,4,Thursday,145,REVERSING IN STREAM OF TRAFFIC,2,784600,Not at intersection,2,50,Local Road,SHERINGHAM,MONASH,-37.90567,145.18237,2021,12,December,20,Night,Weekday
T20210026427,2021-12-23,13:39:00,1,Collision with vehicle,4,Thursday,130,REAR END(VEHICLES IN SAME LANE),1,700746,Not at intersection,2,60,Arterial Highway,PRINCES,DANDENONG,-37.9813,145.21048,2021,12,December,13,Midday,Weekday
T20210026701,2021-12-23,11:00:00,1,Collision with vehicle,4,Thursday,130,REAR END(VEHICLES IN SAME LANE),1,702681,Not at intersection,2,80,Arterial Other,COOPER,WHITTLESEA,-37.648304,144.99025,2021,12,December,11,Midday,Weekday
T20220001294,2021-12-23,13:19:00,1,Collision with vehicle,4,Thursday,130,REAR END(VEHICLES IN SAME LANE),1,731318,Not at intersection,3,80,Arterial Highway,NEPEAN,MORNINGTON PENINSULA,-38.229553,145.04463,2021,12,December,13,Midday,Weekday
T20210026426,2021-12-23,12:30:00,1,Collision with vehicle,4,Thursday,121,RIGHT THROUGH,1,1190,Cross intersection,3,60,Local Road,BARRABOOL,GEELONG,-38.16758,144.35065,2021,12,December,12,Midday,Weekday
T20210026652,2021-12-24,11:05:00,1,Collision with vehicle,5,Friday,121,RIGHT THROUGH,1,281975,T intersection,3,60,Arterial Other,MILLERS,HOBSONS BAY,-37.844063,144.84607,2021,12,December,11,Midday,Weekday
T20210026468,2021-12-24,05:37:00,1,Collision with vehicle,5,Friday,120,HEAD ON (NOT OVERTAKING),2,700188,Not at intersection,1,70,Arterial Other,HOPKINS,MELTON,-37.755444,144.70337,2021,12,December,5,Morning Peak,Weekday
T20210026515,2021-12-24,19:35:00,1,Collision with vehicle,5,Friday,110,CROSS TRAFFIC(INTERSECTIONS ONLY),1,29977,Cross intersection,3,60,Arterial Other,BARNARD STREET -LUCAN,BENDIGO,-36.75017,144.28348,2021,12,December,19,Night,Weekday
T20210026524,2021-12-24,18:12:00,4,Collision with a fixed object,5,Friday,171,LEFT OFF CARRIAGEWAY INTO OBJECT/PARKED VEHICLE,1,732006,Not at intersection,2,100,Arterial Other,BLUE RIBBON,HORSHAM,-36.691475,142.2022,2021,12,December,18,Afternoon Peak,Weekday
T20210026506,2021-12-24,13:31:00,1,Collision with vehicle,5,Friday,110,CROSS TRAFFIC(INTERSECTIONS ONLY),1,705063,Cross intersection,3,50,Local Road,THOMSON,MARIBYRNONG,-37.78969,144.87503,2021,12,December,13,Midday,Weekday
T20210026505,2021-12-24,17:30:00,1,Collision with vehicle,5,Friday,136,RIGHT TURN SIDESWIPE,1,701004,Not at intersection,2,100,Arterial Highway,PRINCES,LATROBE,-38.184864,146.59532,2021,12,December,17,Afternoon Peak,Weekday
T20210026503,2021-12-24,17:08:00,1,Collision with vehicle,5,Friday,116,LEFT NEAR (INTERSECTIONS ONLY),1,41969,T intersection,2,60,Local Road,FOREST,KNOX,-37.877773,145.29918,2021,12,December,17,Afternoon Peak,Weekday