ACCIDENT_NO,ACCIDENT_DATE,ACCIDENT_TIME,ACCIDENT_TYPE,ACCIDENT_TYPE_DESC,DAY_OF_WEEK,DAY_WEEK_DESC,DCA_CODE,DCA_DESC,LIGHT_CONDITION,NODE_ID,ROAD_GEOMETRY_DESC,SEVERITY,SPEED_ZONE,RMA,ROAD_NAME,LGA_NAME,LATITUDE,LONGITUDE,YEAR,MONTH,MONTH_NAME,HOUR,TIME_PERIOD,DAY_TYPE
T20210026502,2021-12-24,17:31:00,1,Collision with vehicle,5,Friday,130,REAR END(VEHICLES IN SAME LANE),1,51121,T intersection,3,60,Local Road,SANDERSON,SHEPPARTON,-36.397503,145.40086,2021,12,December,17,Afternoon Peak,Weekday
T20210026497,2021-12-24,12:50:00,4,Collision with a fixed object,5,Friday,173,RIGHT OFF CARRIAGEWAY INTO OBJECT/PARKED VEHICLE,1,706773,Not at intersection,3,60,Arterial Other,BROADFORD-FLOWERDALE,MURRINDINDI,-37.2475,145.1702,2021,12,December,12,Midday,Weekday
T20210026496,2021-12-24,14:01:00,1,Collision with vehicle,5,Friday,111,RIGHT FAR (INTERSECTIONS ONLY),1,70649,Cross intersection,2,40,Arterial Highway,LONSDALE,DANDENONG,-37.987095,145.21432,2021,12,December,14,Midday,Weekday
T20210026494,2021-12-24,13:05:00,4,Collision with a fixed object,5,Friday,171,LEFT OFF CARRIAGEWAY INTO OBJECT/PARKED VEHICLE,1,700494,Not at intersection,2,60,Local Road,PLEASANT,BALLARAT,-37.559544,143.83907,2021,12,December,13,Midday,Weekday
T20220009321,2021-12-24,04:00:00,4,Collision with a fixed object,5,Friday,171,LEFT OFF CARRIAGEWAY INTO OBJECT/PARKED VEHICLE,5,754372,Not at intersection,3,80,Local Road,SANDY CREEK,GEELONG,-37.89302,144.40169,2021,12,December,4,Late Night,Weekday
T20220004206,2021-12-24,11:30:00,1,Collision with vehicle,5,Friday,130,REAR END(VEHICLES IN SAME LANE),1,211812,Not at intersection,3,60,Local Road,WELSFORD,SHEPPARTON,-36.37979,145.39812,2021,12,December,11,Midday,Weekday
T20210026463,2021-12-24,07:00:00,1,Collision with vehicle,5,Friday,133,LANE SIDE SWIPE (VEHICLES IN PARALLEL LANES),1,751494,Not at intersection,2,80,Arterial Highway,BURWOOD,KNOX,-37.878536,145.26494,2021,12,December,7,Morning Peak,Weekday
T20210026486,2021-12-24,11:39:00,1,Collision with vehicle,5,Friday,116,LEFT NEAR (INTERSECTIONS ONLY),1,53107,Cross intersection,2,60,Local Road,BURNBANK,BALLARAT,-37.5497,143.84749,2021,12,December,11,Midday,Weekday
T20210026661,2021-12-24,09:00:00,4,Collision with a fixed object,5,Friday,173,RIGHT OFF CARRIAGEWAY INTO OBJECT/PARKED VEHICLE,1,677914,Not at intersection,3,80,Arterial Highway,DANDENONG,DANDENONG,-38.004025,145.21729,2021,12,December,9,Morning Peak,Weekday
T20220002693,2021-12-24,14:30:00,2,Struck Pedestrian,5,Friday,107,PED ON FOOTHPATH STRUCK BY VEHENTERING/LEAVING DRIVEWAY.,1,704333,Not at intersection,3,50,Local Road,CHURCH,CAMPASPE,-36.310764,145.04492,2021,12,December,14,Midday,Weekday
T20210026482,2021-12-24,11:45:00,1,Collision with vehicle,5,Friday,113,RIGHT NEAR (INTERSECTIONS ONLY),1,42779,T intersection,2,60,Arterial Other,BEACH,KINGSTON,-37.99423,145.06908,2021,12,December,11,Midday,Weekday
T20210026474,2021-12-24,09:40:00,1,Collision with vehicle,5,Friday,137,LEFT TURN SIDESWIPE,1,335690,Not at intersection,2,60,Arterial Other,DONCASTER,BOROONDARA,-37.793327,145.06465,2021,12,December,9,Morning Peak,Weekday
T20210026470,2021-12-24,09:00:00,1,Collision with vehicle,5,Friday,113,RIGHT NEAR (INTERSECTIONS ONLY),1,44239,T intersection,2,60,Arterial Other,MCDONALDS,WHITTLESEA,-37.64581,145.03914,2021,12,December,9,Morning Peak,Weekday
T20210026533,2021-12-24,23:30:00,6,Vehicle overturned (no collision),5,Friday,174,OUT OF CONTROL ON CARRIAGEWAY (ON STRAIGHT),3,706385,Not at intersection,3,80,Arterial Highway,PRINCES,DANDENONG,-37.95519,145.18112,2021,12,December,23,Night,Weekday
T20210026469,2021-12-24,08:40:00,4,Collision with a fixed object,5,Friday,199,UNKNOWN-NO DETAILS ON MANOEUVRES OF ROAD-USERS IN ACCIDENT,1,783375,Not at intersection,3,50,Local Road,VANGUARD,MOIRA,-36.008846,146.0276,2021,12,December,8,Morning Peak,Weekday
T20210026530,2021-12-24,21:53:00,4,Collision with a fixed object,5,Friday,181,OFF RIGHT BEND INTO OBJECT/PARKED VEHICLE,3,708841,Not at intersection,2,80,Local Road,WHITE SWAN,BALLARAT,-37.525757,143.88196,2021,12,December,21,Night,Weekday
T20220000609,2021-12-24,16:00:00,6,Vehicle overturned (no collision),5,Friday,174,OUT OF CONTROL ON CARRIAGEWAY (ON STRAIGHT),1,702508,Not at intersection,3,40,Local Road,BYRNES,SWAN HILL,-35.1552,143.37328,2021,12,December,16,Afternoon Peak,Weekday
T20210026526,2021-12-24,23:30:00,1,Collision with vehicle,5,Friday,110,CROSS TRAFFIC(INTERSECTIONS ONLY),3,70720,Cross intersection,2,50,Local Road,MCCRAE,DANDENONG,-37.990223,145.21954,2021,12,December,23,Night,Weekday
T20220001418,2021-12-24,03:00:00,1,Collision with vehicle,5,Friday,169,OTHER ON PATH,3,702734,Not at intersection,2,50,Local Road,RATHMINES,DAREBIN,-37.773468,145.01674,2021,12,December,3,Late Night,Weekday
T20210026573,2021-12-24,17:00:00,1,Collision with vehicle,5,Friday,120,HEAD ON (NOT OVERTAKING),1,705064,Not at intersection,2,80,Arterial Highway,MURRAY VALLEY,MOIRA,-35.920864,145.63795,2021,12,December,17,Afternoon Peak,Weekday
T20210026499,2021-12-24,16:00:00,4,Collision with a fixed object,5,Friday,173,RIGHT OFF CARRIAGEWAY INTO OBJECT/PARKED VEHICLE,1,781656,Not at intersection,3,70,Arterial Other,KINGS,BRIMBANK,-37.733837,144.78094,2021,12,December,16,Afternoon Peak,Weekday
T20210026646,2021-12-24,14:05:00,1,Collision with vehicle,5,Friday,113,RIGHT NEAR (INTERSECTIONS ONLY),1,329220,Multiple intersection,3,60,Freeway,PLENTY,BANYULE,-37.687065,145.06769,2021,12,December,14,Midday,Weekday
T20210026466,2021-12-24,09:00:00,1,Collision with vehicle,5,Friday,130,REAR END(VEHICLES IN SAME LANE),1,700588,T intersection,3,60,Arterial Other,STUDLEY PARK,BOROONDARA,-37.803585,145.01132,2021,12,December,9,Morning Peak,Weekday
T20220000600,2021-12-24,17:45:00,1,Collision with vehicle,5,Friday,137,LEFT TURN SIDESWIPE,1,47296,Cross intersection,3,60,Local Road,DAVID MUNROE,HUME,-37.63679,144.93259,2021,12,December,17,Afternoon Peak,Weekday
T20210026460,2021-12-24,01:02:00,1,Collision with vehicle,5,Friday,121,RIGHT THROUGH,3,705569,Cross intersection,2,60,Local Road,PLENTY,DAREBIN,-37.745537,145.00627,2021,12,December,1,Late Night,Weekday
T20210026584,2021-12-24,21:45:00,1,Collision with vehicle,5,Friday,131,LEFT REAR,5,299951,T intersection,3,100,Arterial Other,BENALLA-TOCUMWAL,MOIRA,-35.98932,145.63164,2021,12,December,21,Night,Weekday
T20210026459,2021-12-24,01:15:00,1,Collision with vehicle,5,Friday,110,CROSS TRAFFIC(INTERSECTIONS ONLY),3,702945,Cross intersection,2,80,Arterial Other,COOPER,WHITTLESEA,-37.649746,145.00542,2021,12,December,1,Late Night,Weekday
T20210026507,2021-12-24,16:20:00,1,Collision with vehicle,5,Friday,130,REAR END(VEHICLES IN SAME LANE),1,34104,T intersection,3,80,Arterial Highway,PRINCES HIGHWAY,STONNINGTON,-37.889027,145.08192,2021,12,December,16,Afternoon Peak,Weekday
T20210026574,2021-12-25,14:40:00,1,Collision with vehicle,6,Saturday,110,CROSS TRAFFIC(INTERSECTIONS ONLY),1,50813,Cross intersection,1,100,Local Road,BLAMEY,MOIRA,-35.984333,145.53163,2021,12,December,14,Midday,Weekend
T20210026549,2021-12-25,13:59:00,4,Collision with a fixed object,6,Saturday,183,OFF LEFT BEND INTO OBJECT/PARKED VEHICLE,1,703964,T intersection,3,100,Arterial Other,BUFFALO RIVER,ALPINE,-36.59987,146.69095,2021,12,December,13,Midday,Weekend
T20210026564,2021-12-25,17:00:00,4,Collision with a fixed object,6,Saturday,171,LEFT OFF CARRIAGEWAY INTO OBJECT/PARKED VEHICLE,1,703963,Not at intersection,3,100,Arterial Highway,PRINCES,SURF COAST,-38.212276,144.19737,2021,12,December,17,Afternoon Peak,Weekend
T20210026544,2021-12-25,09:20:00,1,Collision with vehicle,6,Saturday,130,REAR END(VEHICLES IN SAME LANE),1,221629,T intersection,3,70,Arterial Other,SYDNEY,HUME,-37.68399,144.95726,2021,12,December,9,Morning Peak,Weekend
T20210026534,2021-12-25,03:15:00,2,Struck Pedestrian,6,Saturday,100,PED NEAR SIDE. PED HIT BY VEHICLE FROM THE RIGHT.,2,773133,Cross intersection,2,60,Local Road,MORTLAKE,WARRNAMBOOL,-38.360535,142.49919,2021,12,December,3,Late Night,Weekend
T20210026588,2021-12-25,21:30:00,1,Collision with vehicle,6,Saturday,130,REAR END(VEHICLES IN SAME LANE),3,700356,Not at intersection,2,80,Local Road,ROBINSONS,FRANKSTON,-38.17819,145.1706,2021,12,December,21,Night,Weekend
T20210026599,2021-12-25,19:55:00,1,Collision with vehicle,6,Saturday,140,U TURN,1,701049,Not at intersection,2,100,Arterial Other,BENDIGO-MARYBOROUGH,BENDIGO,-36.815395,144.09462,2021,12,December,19,Night,Weekend
T20210026598,2021-12-25,20:40:00,3,Struck animal,6,Saturday,167,STRUCK ANIMAL,5,700750,Not at intersection,2,100,Local Road,BEVERLEYS,WELLINGTON,-37.763947,147.24568,2021,12,December,20,Night,Weekend
T20210026536,2021-12-25,05:30:00,4,Collision with a fixed object,6,Saturday,173,RIGHT OFF CARRIAGEWAY INTO OBJECT/PARKED VEHICLE,2,703015,Not at intersection,2,100,Local Road,MITCHELLSTOWN,STRATHBOGIE,-36.846416,145.12737,2021,12,December,5,Morning Peak,Weekend
T20210026568,2021-12-25,17:17:00,2,Struck Pedestrian,6,Saturday,100,PED NEAR SIDE. PED HIT BY VEHICLE FROM THE RIGHT.,1,35360,Cross intersection,3,40,Local Road,COLLINS,MELBOURNE,-37.816216,144.96407,2021,12,December,17,Afternoon Peak,Weekend
T20210026586,2021-12-25,12:35:00,4,Collision with a fixed object,6,Saturday,181,OFF RIGHT BEND INTO OBJECT/PARKED VEHICLE,1,700546,Not at intersection,2,60,Arterial Highway,GREAT OCEAN,SURF COAST,-38.490913,144.01744,2021,12,December,12,Midday,Weekend
T20210026569,2021-12-25,19:25:00,4,Collision with a fixed object,6,Saturday,173,RIGHT OFF CARRIAGEWAY INTO OBJECT/PARKED VEHICLE,1,705430,Not at intersection,3,100,Arterial Other,BENDIGO-MALDON,MOUNT ALEXANDER,-36.930744,144.13098,2021,12,December,19,Night,Weekend
T20210026532,2021-12-25,01:45:00,4,Collision with a fixed object,6,Saturday,171,LEFT OFF CARRIAGEWAY INTO OBJECT/PARKED VEHICLE,3,700495,Not at intersection,2,70,Arterial Highway,ST GEORGES,DAREBIN,-37.74744,144.9967,2021,12,December,1,Late Night,Weekend
T20210026554,2021-12-25,15:20:00,1,Collision with vehicle,6,Saturday,130,REAR END(VEHICLES IN SAME LANE),1,58056,T intersection,3,80,Arterial Other,KOO WEE RUP,CARDINIA,-38.1396,145.48863,2021,12,December,15,Afternoon Peak,Weekend
T20230017368,2021-12-25,12:00:00,4,Collision with a fixed object,6,Saturday,183,OFF LEFT BEND INTO OBJECT/PARKED VEHICLE,1,779518,Not at intersection,3,60,Arterial Highway,GREAT OCEAN,COLAC OTWAY,-38.666862,143.86186,2021,12,December,12,Midday,Weekend
T20210026934,2021-12-25,14:30:00,1,Collision with vehicle,6,Saturday,160,VEHICLE COLLIDES WITH VEHICLE PARKED ON LEFT OF ROAD,1,700729,Not at intersection,2,70,Local Road,FERRIS,WEST WIMMERA,-36.240505,141.35649,2021,12,December,14,Midday,Weekend
T20210026552,2021-12-25,08:45:00,4,Collision with a fixed object,6,Saturday,171,LEFT OFF CARRIAGEWAY INTO OBJECT/PARKED VEHICLE,1,701496,Not at intersection,3,40,Local Road,ELGIN,MELBOURNE,-37.79714,144.96736,2021,12,December,8,Morning Peak,Weekend
T20210026881,2021-12-25,17:10:00,1,Collision with vehicle,6,Saturday,147,VEHICLE STRIKES ANOTHER VEH WHILE EMERGING FROM DRIVEWAY,1,709894,Not at intersection,3,50,Local Road,MINE,SOUTH GIPPSLAND,-38.442722,145.83731,2021,12,December,17,Afternoon Peak,Weekend
T20210026551,2021-12-25,14:19:00,1,Collision with vehicle,6,Saturday,147,VEHICLE STRIKES ANOTHER VEH WHILE EMERGING FROM DRIVEWAY,1,700355,Not at intersection,3,50,Local Road,LARDNER,FRANKSTON,-38.157146,145.13678,2021,12,December,14,Midday,Weekend
T20210026550,2021-12-25,11:55:00,1,Collision with vehicle,6,Saturday,110,CROSS TRAFFIC(INTERSECTIONS ONLY),1,43917,Cross intersection,2,80,Arterial Other,CLYDE-FIVE WAYS,CASEY,-38.1335,145.32426,2021,12,December,11,Midday,Weekend
T20210026614,2021-12-26,16:36:00,2,Struck Pedestrian,7,Sunday,102,FAR SIDE. PED HIT BY VEHICLE FROM THE LEFT,1,700426,Not at intersection,3,60,Local Road,REED,HEPBURN,-37.427162,143.88701,2021,12,December,16,Afternoon Peak,Weekend
T20210026607,2021-12-26,14:10:00,1,Collision with vehicle,7,Sunday,134,LANE CHANGE RIGHT (NOT OVERTAKING),1,680875,Not at intersection,3,50,Arterial Highway,RACECOURSE,MOONEE VALLEY,-37.788177,144.92966,2021,12,December,14,Midday,Weekend
T20220003327,2021-12-26,17:30:00,1,Collision with vehicle,7,Sunday,149,OTHER MANOEUVRING NOT INCLUDED IN DCAs 140-148,9,704677,Not at intersection,3,60,Local Road,GLENGALA,BRIMBANK,-37.78699,144.79684,2021,12,December,17,Afternoon Peak,Weekend
T20210026605,2021-12-26,14:45:00,6,Vehicle overturned (no collision),7,Sunday,174,OUT OF CONTROL ON CARRIAGEWAY (ON STRAIGHT),1,700425,Cross intersection,2,50,Local Road,AUSTIN,MARIBYRNONG,-37.81569,144.87865,2021,12,December,14,Midday,Weekend
T20210026858,2021-12-26,13:44:00,1,Collision with vehicle,7,Sunday,110,CROSS TRAFFIC(INTERSECTIONS ONLY),1,52109,Cross intersection,2,60,Local Road,BURKE,BAW BAW,-38.1587,145.91643,2021,12,December,13,Midday,Weekend
T20220000281,2021-12-26,11:00:00,6,Vehicle overturned (no collision),7,Sunday,184,OUT OF CONTROL ON CARRIAGEWAY (ON BEND),1,701962,Not at intersection,3,60,Local Road,LOWER DARGO,WELLINGTON,-37.497746,147.26889,2021,12,December,11,Midday,Weekend
T20210026603,2021-12-26,12:40:00,8,No collision and no object struck,7,Sunday,182,OFF CARRIAGEWAY ON LEFT BEND,1,701006,Not at intersection,2,60,Arterial Other,ESPLANADE,MORNINGTON PENINSULA,-38.272064,145.00174,2021,12,December,12,Midday,Weekend
T20210026601,2021-12-26,12:53:00,1,Collision with vehicle,7,Sunday,130,REAR END(VEHICLES IN SAME LANE),1,701350,Not at intersection,3,80,Arterial Highway,NORTHERN,CAMPASPE,-36.152798,144.73093,2021,12,December,12,Midday,Weekend
T20210026602,2021-12-26,12:25:00,1,Collision with vehicle,7,Sunday,140,U TURN,1,703346,Not at intersection,3,50,Local Road,HAFLINGER,CASEY,-38.10764,145.3241,2021,12,December,12,Midday,Weekend
T20220009438,2021-12-26,19:50:00,1,Collision with vehicle,7,Sunday,121,RIGHT THROUGH,1,776844,T intersection,3,60,Local Road,DWYER,HUME,-37.525146,144.95729,2021,12,December,19,Night,Weekend
T20220000351,2021-12-26,14:30:00,5,collision with some other object,7,Sunday,166,STRUCK OBJECT ON CARRIAGEWAY,1,701358,Not at intersection,3,100,Local Road,LARPENT,COLAC OTWAY,-38.367012,143.50542,2021,12,December,14,Midday,Weekend
T20210026896,2021-12-26,13:01:00,1,Collision with vehicle,7,Sunday,130,REAR END(VEHICLES IN SAME LANE),1,773804,Not at intersection,3,70,Arterial Highway,DANDENONG,STONNINGTON,-37.87628,145.0457,2021,12,December,13,Midday,Weekend
T20220003052,2021-12-26,12:04:00,6,Vehicle overturned (no collision),7,Sunday,182,OFF CARRIAGEWAY ON LEFT BEND,1,721749,Not at intersection,3,60,Local Road,OUTTRIM-MOYARRA,SOUTH GIPPSLAND,-38.49413,145.7654,2021,12,December,12,Midday,Weekend
T20210026629,2021-12-26,21:38:00,1,Collision with vehicle,7,Sunday,111,RIGHT FAR (INTERSECTIONS ONLY),3,228475,Y intersection,3,60,Arterial Highway,ALEXANDRA,YARRA,-37.793785,144.98239,2021,12,December,21,Night,Weekend
T20210026580,2021-12-26,04:40:00,1,Collision with vehicle,7,Sunday,142,LEAVING PARKING,3,703389,Not at intersection,3,40,Arterial Other,MALVERN,STONNINGTON,-37.84705,144.9955,2021,12,December,4,Late Night,Weekend
T20210026579,2021-12-26,01:32:00,1,Collision with vehicle,7,Sunday,139,OTHER SAME DIRECTION-MANOUEVRES NOT INCLUDED IN DCAs 130-137,3,703179,Not at intersection,2,100,Freeway,WESTERN RING,MORELAND,-37.693928,144.90813,2021,12,December,1,Late Night,Weekend
T20210026637,2021-12-26,12:13:00,1,Collision with vehicle,7,Sunday,120,HEAD ON (NOT OVERTAKING),1,703287,Not at intersection,2,100,Local Road,GLEN ALVIE,BASS COAST,-38.486637,145.64725,2021,12,December,12,Midday,Weekend
T20210026635,2021-12-26,21:15:00,4,Collision with a fixed object,7,Sunday,171,LEFT OFF CARRIAGEWAY INTO OBJECT/PARKED VEHICLE,5,708786,Not at intersection,1,100,Arterial Other,CHILTERN-RUTHERGLEN,INDIGO,-36.1366,146.59204,2021,12,December,21,Night,Weekend
T20210026621,2021-12-26,18:31:00,1,Collision with vehicle,7,Sunday,113,RIGHT NEAR (INTERSECTIONS ONLY),1,327576,T intersection,3,50,Local Road,STODDARTS,BAW BAW,-38.14245,145.94336,2021,12,December,18,Afternoon Peak,Weekend
T20210026617,2021-12-26,16:20:00,8,No collision and no object struck,7,Sunday,174,OUT OF CONTROL ON CARRIAGEWAY (ON STRAIGHT),1,706292,Not at intersection,2,80,Arterial Other,MANSFIELD-WOODS POINT,MANSFIELD,-37.38392,146.23409,2021,12,December,16,Afternoon Peak,Weekend
T20210026964,2021-12-26,13:10:00,1,Collision with vehicle,7,Sunday,150,HEAD ON(OVERTAKING),1,1207,Cross intersection,3,60,Arterial Other,DON,YARRA RANGES,-37.661003,145.53043,2021,12,December,13,Midday,Weekend
T20210026616,2021-12-26,17:30:00,4,Collision with a fixed object,7,Sunday,171,LEFT OFF CARRIAGEWAY INTO OBJECT/PARKED VEHICLE,1,706404,Not at intersection,2,80,Arterial Highway,GREAT OCEAN,COLAC OTWAY,-38.769066,143.42513,2021,12,December,17,Afternoon Peak,Weekend
T20210026651,2021-12-27,11:20:00,1,Collision with vehicle,1,Monday,163,VEHICLE STRIKES DOOR OF PARKED/STATIONARY VEHICLE,1,29459,T intersection,3,60,Arterial Other,BEACONSFIELD,PORT PHILLIP,-37.85076,144.95474,2021,12,December,11,Midday,Weekday
T20210026672,2021-12-27,14:39:00,4,Collision with a fixed object,1,Monday,173,RIGHT OFF CARRIAGEWAY INTO OBJECT/PARKED VEHICLE,1,703582,Not at intersection,2,100,Arterial Highway,PRINCES,GLENELG,-38.051907,141.55186,2021,12,December,14,Midday,Weekday
T20210026663,2021-12-27,13:15:00,1,Collision with vehicle,1,Monday,110,CROSS TRAFFIC(INTERSECTIONS ONLY),1,51724,Cross intersection,3,50,Local Road,CARPENTER,BENDIGO,-36.79455,144.24289,2021,12,December,13,Midday,Weekday
T20210026671,2021-12-27,15:48:00,1,Collision with vehicle,1,Monday,160,VEHICLE COLLIDES WITH VEHICLE PARKED ON LEFT OF ROAD,1,704720,Not at intersection,3,70,Arterial Highway,SPRINGVALE,MONASH,-37.890377,145.16393,2021,12,December,15,Afternoon Peak,Weekday
T20210026703,2021-12-27,20:00:00,1,Collision with vehicle,1,Monday,120,HEAD ON (NOT OVERTAKING),2,701051,Not at intersection,2,80,Arterial Other,OAKLANDS,HUME,-37.635044,144.83464,2021,12,December,20,Night,Weekday
T20210026670,2021-12-27,10:20:00,1,Collision with vehicle,1,Monday,120,HEAD ON (NOT OVERTAKING),1,701985,Not at intersection,1,100,Arterial Highway,WESTERN,HORSHAM,-36.852737,142.41962,2021,12,December,10,Midday,Weekday
T20210026689,2021-12-27,18:15:00,4,Collision with a fixed object,1,Monday,171,LEFT OFF CARRIAGEWAY INTO OBJECT/PARKED VEHICLE,1,704021,Not at intersection,2,100,Arterial Other,FOXHOW,CORANGAMITE,-38.103832,143.35304,2021,12,December,18,Afternoon Peak,Weekday
T20210026669,2021-12-27,15:10:00,1,Collision with vehicle,1,Monday,131,LEFT REAR,1,703581,T intersection,2,80,Arterial Other,PAKENHAM,CARDINIA,-38.061844,145.47183,2021,12,December,15,Afternoon Peak,Weekday
T20210026700,2021-12-27,19:00:00,9,Other accident,1,Monday,170,OFF CARRIAGEWAY TO LEFT,1,43757,Cross intersection,2,60,Local Road,BLACK DOG,MELTON,-37.69513,144.5662,2021,12,December,19,Night,Weekday
T20210026656,2021-12-27,13:00:00,1,Collision with vehicle,1,Monday,131,LEFT REAR,1,51840,Multiple intersection,3,80,Freeway,BOURKE STREET -TRIO,MACEDON RANGES,-37.25676,144.46991,2021,12,December,13,Midday,Weekday
T20210026667,2021-12-27,13:12:00,1,Collision with vehicle,1,Monday,110,CROSS TRAFFIC(INTERSECTIONS ONLY),1,740258,Cross intersection,3,100,Arterial Other,YOUARANG,MOIRA,-36.055267,145.77794,2021,12,December,13,Midday,Weekday
T20210026696,2021-12-27,20:20:00,1,Collision with vehicle,1,Monday,121,RIGHT THROUGH,2,340956,Cross intersection,3,70,Local Road,FORSYTH,WYNDHAM,-37.843407,144.73167,2021,12,December,20,Night,Weekday
T20210026678,2021-12-27,13:50:00,1,Collision with vehicle,1,Monday,120,HEAD ON (NOT OVERTAKING),1,703390,Not at intersection,2,100,Arterial Highway,PRINCES,EAST GIPPSLAND,-37.695282,148.5954,2021,12,December,13,Midday,Weekday
T20210026697,2021-12-27,20:54:00,1,Collision with vehicle,1,Monday,113,RIGHT NEAR (INTERSECTIONS ONLY),3,53307,Multiple intersection,3,60,Freeway,FORSYTH-PRINCES OUT,WYNDHAM,-37.87523,144.73743,2021,12,December,20,Night,Weekday
T20210026875,2021-12-27,11:03:00,1,Collision with vehicle,1,Monday,116,LEFT NEAR (INTERSECTIONS ONLY),1,68613,T intersection,3,60,Local Road,ANNA,GLEN EIRA,-37.888954,145.0383,2021,12,December,11,Midday,Weekday
T20210026731,2021-12-27,18:30:00,4,Collision with a fixed object,1,Monday,173,RIGHT OFF CARRIAGEWAY INTO OBJECT/PARKED VEHICLE,1,703233,Not at intersection,3,100,Local Road,EICKERTS,BENDIGO,-36.754593,144.769,2021,12,December,18,Afternoon Peak,Weekday
T20210026867,2021-12-27,12:40:00,1,Collision with vehicle,1,Monday,119,OTHER ADJACENT (INTERSECTIONS ONLY),1,700890,T intersection,3,70,Local Road,NEVADA,GEELONG,-38.083267,144.35284,2021,12,December,12,Midday,Weekday
T20210026702,2021-12-27,23:16:00,1,Collision with vehicle,1,Monday,148,VEHICLE OFF FOOTPATH STRIKES VEH ON CARRIAGEWAY,3,220,Not at intersection,3,40,Local Road,QUEENS BRIDGE,MELBOURNE,-37.82098,144.9614,2021,12,December,23,Night,Weekday
T20220003156,2021-12-27,11:00:00,1,Collision with vehicle,1,Monday,130,REAR END(VEHICLES IN SAME LANE),1,704586,Not at intersection,3,60,Arterial Highway,GOULBURN VALLEY,MURRINDINDI,-37.16822,145.53578,2021,12,December,11,Midday,Weekday
T20210026725,2021-12-27,15:00:00,4,Collision with a fixed object,1,Monday,171,LEFT OFF CARRIAGEWAY INTO OBJECT/PARKED VEHICLE,1,781681,Not at intersection,3,60,Local Road,NERRINA,BALLARAT,-37.542896,143.88483,2021,12,December,15,Afternoon Peak,Weekday
T20210026679,2021-12-27,16:38:00,2,Struck Pedestrian,1,Monday,102,FAR SIDE. PED HIT BY VEHICLE FROM THE LEFT,1,32859,Cross intersection,2,60,Arterial Highway,CHELTENHAM,DANDENONG,-37.991413,145.2102,2021,12,December,16,Afternoon Peak,Weekday
T20210026682,2021-12-27,15:12:00,2,Struck Pedestrian,1,Monday,100,PED NEAR SIDE. PED HIT BY VEHICLE FROM THE RIGHT.,1,700498,Not at intersection,2,50,Local Road,KOORNANG,GLEN EIRA,-37.899296,145.05515,2021,12,December,15,Afternoon Peak,Weekday
T20210026660,2021-12-27,12:52:00,1,Collision with vehicle,1,Monday,116,LEFT NEAR (INTERSECTIONS ONLY),1,751493,T intersection,2,40,Local Road,ST VINCENT,PORT PHILLIP,-37.839718,144.95253,2021,12,December,12,Midday,Weekday
T20210026683,2021-12-27,17:25:00,4,Collision with a fixed object,1,Monday,173,RIGHT OFF CARRIAGEWAY INTO OBJECT/PARKED VEHICLE,1,712827,Not at intersection,3,100,Arterial Other,TARWIN LOWER,SOUTH GIPPSLAND,-38.651234,145.93718,2021,12,December,17,Afternoon Peak,Weekday
T20210026659,2021-12-27,08:05:00,4,Collision with a fixed object,1,Monday,183,OFF LEFT BEND INTO OBJECT/PARKED VEHICLE,1,704018,Not at intersection,3,80,Arterial Other,KANGAROO GROUND-ST ANDREWS,NILLUMBIK,-37.62584,145.25388,2021,12,December,8,Morning Peak,Weekday
T20220004059,2021-12-27,18:00:00,1,Collision with vehicle,1,Monday,113,RIGHT NEAR (INTERSECTIONS ONLY),1,54721,Cross intersection,3,70,Arterial Highway,RAGLAN,WARRNAMBOOL,-38.384655,142.51239,2021,12,December,18,Afternoon Peak,Weekday
T20210026684,2021-12-27,18:40:00,1,Collision with vehicle,1,Monday,110,CROSS TRAFFIC(INTERSECTIONS ONLY),1,43716,Cross intersection,3,60,Local Road,CENTENARY,MELTON,-37.67302,144.5705,2021,12,December,18,Afternoon Peak,Weekday
T20220000004,2021-12-27,17:52:00,1,Collision with vehicle,1,Monday,116,LEFT NEAR (INTERSECTIONS ONLY),1,36095,Cross intersection,3,50,Local Road,ABBOTSFORD,MELBOURNE,-37.80053,144.9459,2021,12,December,17,Afternoon Peak,Weekday
T20210026639,2021-12-27,04:00:00,4,Collision with a fixed object,1,Monday,171,LEFT OFF CARRIAGEWAY INTO OBJECT/PARKED VEHICLE,3,781682,Not at intersection,3,60,Arterial Other,BALLARAT,MARIBYRNONG,-37.785202,144.87471,2021,12,December,4,Late Night,Weekday
T20210026688,2021-12-27,20:00:00,2,Struck Pedestrian,1,Monday,108,PED STRUCK WALKING TO/FROM OR BOARDING/ALIGHTING VEHICLE.,1,704025,Not at intersection,3,50,Local Road,CURNOW,BALLARAT,-37.574844,143.86096,2021,12,December,20,Night,Weekday
T20210026707,2021-12-27,23:00:00,1,Collision with vehicle,1,Monday,121,RIGHT THROUGH,3,596589,T intersection,3,80,Local Road,FORSYTH,WYNDHAM,-37.838146,144.73163,2021,12,December,23,Night,Weekday
T20210026733,2021-12-27,19:00:00,4,Collision with a fixed object,1,Monday,183,OFF LEFT BEND INTO OBJECT/PARKED VEHICLE,1,703092,Not at intersection,2,100,Local Road,EICKERTS,CAMPASPE,-36.749176,144.77061,2021,12,December,19,Night,Weekday