ACCIDENT_NO,ACCIDENT_DATE,ACCIDENT_TIME,ACCIDENT_TYPE,ACCIDENT_TYPE_DESC,DAY_OF_WEEK,DAY_WEEK_DESC,DCA_CODE,DCA_DESC,LIGHT_CONDITION,NODE_ID,ROAD_GEOMETRY_DESC,SEVERITY,SPEED_ZONE,RMA,ROAD_NAME,LGA_NAME,LATITUDE,LONGITUDE,YEAR,MONTH,MONTH_NAME,HOUR,TIME_PERIOD,DAY_TYPE
T20210026649,2021-12-27,11:00:00,4,Collision with a fixed object,1,Monday,171,LEFT OFF CARRIAGEWAY INTO OBJECT/PARKED VEHICLE,1,705308,Not at intersection,2,60,Arterial Other,BACCHUS MARSH,MOORABOOL,-37.677883,144.4515,2021,12,December,11,Midday,Weekday
T20210026685,2021-12-27,16:42:00,1,Collision with vehicle,1,Monday,110,CROSS TRAFFIC(INTERSECTIONS ONLY),1,69657,Cross intersection,2,50,Local Road,CRAWFORD,KINGSTON,-37.92995,145.10129,2021,12,December,16,Afternoon Peak,Weekday
T20210026686,2021-12-27,16:20:00,4,Collision with a fixed object,1,Monday,181,OFF RIGHT BEND INTO OBJECT/PARKED VEHICLE,1,689576,Not at intersection,3,100,Arterial Highway,PRINCES,EAST GIPPSLAND,-37.584442,149.00116,2021,12,December,16,Afternoon Peak,Weekday
T20210026687,2021-12-27,19:10:00,4,Collision with a fixed object,1,Monday,171,LEFT OFF CARRIAGEWAY INTO OBJECT/PARKED VEHICLE,1,704631,Not at intersection,2,80,Freeway,MONASH,MONASH,-37.927086,145.18233,2021,12,December,19,Night,Weekday
T20210026650,2021-12-27,11:06:00,4,Collision with a fixed object,1,Monday,171,LEFT OFF CARRIAGEWAY INTO OBJECT/PARKED VEHICLE,1,704017,Not at intersection,3,60,Local Road,SHELL,GEELONG,-38.25964,144.55888,2021,12,December,11,Midday,Weekday
T20220000152,2021-12-28,21:10:00,2,Struck Pedestrian,2,Tuesday,109,ANY MANOEUVRE INVOLVING PED NOT INCLUDED IN DCAs 100-108.,5,705803,Multiple intersection,2,80,Freeway,WESTERN RING IN-CALDER OUT,BRIMBANK,-37.726917,144.86237,2021,12,December,21,Night,Weekday
T20210026754,2021-12-28,15:58:00,1,Collision with vehicle,2,Tuesday,113,RIGHT NEAR (INTERSECTIONS ONLY),1,704026,T intersection,3,80,Arterial Highway,CALDER,BENDIGO,-36.742462,144.20941,2021,12,December,15,Afternoon Peak,Weekday
T20210026950,2021-12-28,16:30:00,8,No collision and no object struck,2,Tuesday,170,OFF CARRIAGEWAY TO LEFT,1,701893,Not at intersection,2,60,Arterial Other,JELLS,MONASH,-37.897545,145.19084,2021,12,December,16,Afternoon Peak,Weekday
T20210026753,2021-12-28,16:45:00,1,Collision with vehicle,2,Tuesday,121,RIGHT THROUGH,1,39791,Cross intersection,3,60,Arterial Other,HULL,MAROONDAH,-37.797165,145.29034,2021,12,December,16,Afternoon Peak,Weekday
T20210026722,2021-12-28,09:45:00,1,Collision with vehicle,2,Tuesday,160,VEHICLE COLLIDES WITH VEHICLE PARKED ON LEFT OF ROAD,1,701147,Not at intersection,2,50,Local Road,BOLDREWOOD,DAREBIN,-37.71289,145.02258,2021,12,December,9,Morning Peak,Weekday
T20210026740,2021-12-28,14:10:00,4,Collision with a fixed object,2,Tuesday,171,LEFT OFF CARRIAGEWAY INTO OBJECT/PARKED VEHICLE,1,781685,Not at intersection,3,40,Arterial Other,BRIDGE,YARRA,-37.818928,145.00272,2021,12,December,14,Midday,Weekday
T20210026724,2021-12-28,11:37:00,1,Collision with vehicle,2,Tuesday,163,VEHICLE STRIKES DOOR OF PARKED/STATIONARY VEHICLE,1,700590,Not at intersection,2,60,Arterial Other,BARRABOOL,GEELONG,-38.170307,144.32632,2021,12,December,11,Midday,Weekday
T20210026776,2021-12-28,19:54:00,2,Struck Pedestrian,2,Tuesday,104,PED WALKING WITH TRAFFIC,2,701007,Not at intersection,2,70,Local Road,MELBOURNE,MORNINGTON PENINSULA,-38.34886,144.74388,2021,12,December,19,Night,Weekday
T20210026752,2021-12-28,16:42:00,1,Collision with vehicle,2,Tuesday,121,RIGHT THROUGH,1,243678,Not at intersection,2,60,Arterial Other,BAY,KINGSTON,-37.95716,145.04941,2021,12,December,16,Afternoon Peak,Weekday
T20210026747,2021-12-28,11:49:00,6,Vehicle overturned (no collision),2,Tuesday,184,OUT OF CONTROL ON CARRIAGEWAY (ON BEND),1,702845,Not at intersection,1,100,Arterial Other,BROADFORD-FLOWERDALE,MURRINDINDI,-37.247646,145.1705,2021,12,December,11,Midday,Weekday
T20210026736,2021-12-28,12:45:00,4,Collision with a fixed object,2,Tuesday,183,OFF LEFT BEND INTO OBJECT/PARKED VEHICLE,1,700591,Not at intersection,3,50,Local Road,KRONK,BENDIGO,-36.763077,144.23503,2021,12,December,12,Midday,Weekday
T20220000239,2021-12-28,15:00:00,3,Struck animal,2,Tuesday,167,STRUCK ANIMAL,1,701151,Not at intersection,2,80,Local Road,MT SELMA,BAW BAW,-37.612053,146.44409,2021,12,December,15,Afternoon Peak,Weekday
T20210026746,2021-12-28,11:00:00,4,Collision with a fixed object,2,Tuesday,181,OFF RIGHT BEND INTO OBJECT/PARKED VEHICLE,1,704575,Not at intersection,3,100,Arterial Other,OMEO,TOWONG,-36.726223,147.4467,2021,12,December,11,Midday,Weekday
T20210026735,2021-12-28,10:05:00,1,Collision with vehicle,2,Tuesday,110,CROSS TRAFFIC(INTERSECTIONS ONLY),1,143,Cross intersection,2,60,Arterial Highway,ALEXANDRA,YARRA,-37.79395,144.98392,2021,12,December,10,Midday,Weekday
T20210026706,2021-12-28,00:05:00,4,Collision with a fixed object,2,Tuesday,171,LEFT OFF CARRIAGEWAY INTO OBJECT/PARKED VEHICLE,3,703347,Not at intersection,2,60,Arterial Other,HIGH,STONNINGTON,-37.859028,145.04828,2021,12,December,0,Late Night,Weekday
T20210026780,2021-12-28,23:30:00,1,Collision with vehicle,2,Tuesday,130,REAR END(VEHICLES IN SAME LANE),5,773803,Not at intersection,3,100,Freeway,NEPEAN-MORNINGTON PENINSULA OUT,MORNINGTON PENINSULA,-38.331284,144.98766,2021,12,December,23,Night,Weekday
T20210026743,2021-12-28,14:45:00,1,Collision with vehicle,2,Tuesday,130,REAR END(VEHICLES IN SAME LANE),1,51242,T intersection,2,100,Arterial Highway,MELBA,MURRINDINDI,-37.423477,145.42294,2021,12,December,14,Midday,Weekday
T20210026804,2021-12-28,19:15:00,1,Collision with vehicle,2,Tuesday,110,CROSS TRAFFIC(INTERSECTIONS ONLY),1,51446,Cross intersection,3,100,Arterial Other,PRAIRIE-ROCHESTER,CAMPASPE,-36.298885,144.67352,2021,12,December,19,Night,Weekday
T20210026830,2021-12-28,16:00:00,1,Collision with vehicle,2,Tuesday,133,LANE SIDE SWIPE (VEHICLES IN PARALLEL LANES),1,704027,Not at intersection,3,60,Arterial Highway,POINT NEPEAN,MORNINGTON PENINSULA,-38.368103,144.85762,2021,12,December,16,Afternoon Peak,Weekday
T20210026742,2021-12-28,14:32:00,1,Collision with vehicle,2,Tuesday,130,REAR END(VEHICLES IN SAME LANE),1,721143,Not at intersection,2,60,Arterial Other,FLEMINGTON,MELBOURNE,-37.788864,144.9415,2021,12,December,14,Midday,Weekday
T20210026716,2021-12-28,07:30:00,4,Collision with a fixed object,2,Tuesday,173,RIGHT OFF CARRIAGEWAY INTO OBJECT/PARKED VEHICLE,1,704024,Not at intersection,3,50,Local Road,POWER,BRIMBANK,-37.73184,144.81459,2021,12,December,7,Morning Peak,Weekday
T20220001424,2021-12-28,15:00:00,6,Vehicle overturned (no collision),2,Tuesday,184,OUT OF CONTROL ON CARRIAGEWAY (ON BEND),1,702609,Not at intersection,3,100,Arterial Other,MYRTLEFORD-YACKANDANDAH,INDIGO,-36.353333,146.87044,2021,12,December,15,Afternoon Peak,Weekday
T20210026890,2021-12-28,09:30:00,1,Collision with vehicle,2,Tuesday,110,CROSS TRAFFIC(INTERSECTIONS ONLY),1,229668,Cross intersection,3,50,Local Road,HERITAGE,CARDINIA,-38.084373,145.47078,2021,12,December,9,Morning Peak,Weekday
T20210026771,2021-12-28,19:49:00,2,Struck Pedestrian,2,Tuesday,108,PED STRUCK WALKING TO/FROM OR BOARDING/ALIGHTING VEHICLE.,1,727753,Cross intersection,2,60,Arterial Other,TOORAK,STONNINGTON,-37.84166,145.01373,2021,12,December,19,Night,Weekday
T20210026769,2021-12-28,20:30:00,6,Vehicle overturned (no collision),2,Tuesday,174,OUT OF CONTROL ON CARRIAGEWAY (ON STRAIGHT),1,700666,Not at intersection,3,50,Local Road,UNION,MORELAND,-37.77401,144.95888,2021,12,December,20,Night,Weekday
T20210026763,2021-12-28,17:46:00,1,Collision with vehicle,2,Tuesday,113,RIGHT NEAR (INTERSECTIONS ONLY),1,324393,Cross intersection,2,70,Arterial Highway,CAPE OTWAY,SURF COAST,-38.212452,144.21811,2021,12,December,17,Afternoon Peak,Weekday
T20210026762,2021-12-28,17:05:00,1,Collision with vehicle,2,Tuesday,132,RIGHT REAR.,1,287118,T intersection,3,80,Arterial Highway,GREAT ALPINE,ALPINE,-36.59157,146.76463,2021,12,December,17,Afternoon Peak,Weekday
T20210026760,2021-12-28,17:05:00,1,Collision with vehicle,2,Tuesday,113,RIGHT NEAR (INTERSECTIONS ONLY),1,303953,T intersection,2,100,Arterial Highway,MIDLAND,BENDIGO,-36.60482,144.53601,2021,12,December,17,Afternoon Peak,Weekday
T20210026757,2021-12-28,17:20:00,1,Collision with vehicle,2,Tuesday,113,RIGHT NEAR (INTERSECTIONS ONLY),1,700592,T intersection,2,50,Local Road,BENAROON,WHITTLESEA,-37.66749,144.98946,2021,12,December,17,Afternoon Peak,Weekday
T20220000047,2021-12-28,10:30:00,5,collision with some other object,2,Tuesday,166,STRUCK OBJECT ON CARRIAGEWAY,1,62870,T intersection,3,50,Local Road,JUMPING CREEK,MANNINGHAM,-37.734154,145.26155,2021,12,December,10,Midday,Weekday
T20210026712,2021-12-28,00:55:00,4,Collision with a fixed object,2,Tuesday,171,LEFT OFF CARRIAGEWAY INTO OBJECT/PARKED VEHICLE,2,784616,Not at intersection,2,60,Arterial Other,PRINCES,BAW BAW,-38.106827,145.76747,2021,12,December,0,Late Night,Weekday
T20210026773,2021-12-28,21:30:00,7,Fall from or in moving vehicle,2,Tuesday,190,FELL IN/FROM VEHICLE,3,704632,Not at intersection,3,70,Arterial Other,CAMP,HUME,-37.68871,144.94948,2021,12,December,21,Night,Weekday
T20210026783,2021-12-29,00:52:00,1,Collision with vehicle,3,Wednesday,130,REAR END(VEHICLES IN SAME LANE),3,742370,Not at intersection,3,80,Arterial Other,CRANBOURNE-NARRE WARREN,CASEY,-38.053535,145.30154,2021,12,December,0,Late Night,Weekday
T20210026806,2021-12-29,10:00:00,1,Collision with vehicle,3,Wednesday,130,REAR END(VEHICLES IN SAME LANE),1,773801,Not at intersection,2,100,Freeway,CALDER,HUME,-37.581017,144.6831,2021,12,December,10,Midday,Weekday
T20210026790,2021-12-29,07:30:00,1,Collision with vehicle,3,Wednesday,121,RIGHT THROUGH,1,1038,T intersection,3,50,Arterial Highway,POINT NEPEAN,MORNINGTON PENINSULA,-38.320087,144.71361,2021,12,December,7,Morning Peak,Weekday
T20210026791,2021-12-29,06:40:00,4,Collision with a fixed object,3,Wednesday,183,OFF LEFT BEND INTO OBJECT/PARKED VEHICLE,1,702305,Not at intersection,2,80,Arterial Highway,GREAT OCEAN,SURF COAST,-38.575947,143.9481,2021,12,December,6,Morning Peak,Weekday
T20210026798,2021-12-29,11:35:00,1,Collision with vehicle,3,Wednesday,137,LEFT TURN SIDESWIPE,1,36399,Cross intersection,3,40,Local Road,CANNING,MELBOURNE,-37.79774,144.97289,2021,12,December,11,Midday,Weekday
T20210026801,2021-12-29,11:25:00,1,Collision with vehicle,3,Wednesday,131,LEFT REAR,1,37696,T intersection,3,60,Arterial Other,SETTLEMENT,WHITTLESEA,-37.687813,145.01257,2021,12,December,11,Midday,Weekday
T20210026823,2021-12-29,14:45:00,1,Collision with vehicle,3,Wednesday,116,LEFT NEAR (INTERSECTIONS ONLY),1,243255,T intersection,2,50,Local Road,BULOKE,WYNDHAM,-37.877064,144.61453,2021,12,December,14,Midday,Weekday
T20210026824,2021-12-29,11:00:00,1,Collision with vehicle,3,Wednesday,130,REAR END(VEHICLES IN SAME LANE),1,700726,Not at intersection,2,60,Local Road,DUNNE,DAREBIN,-37.7151,145.02225,2021,12,December,11,Midday,Weekday
T20210026827,2021-12-29,15:15:00,1,Collision with vehicle,3,Wednesday,160,VEHICLE COLLIDES WITH VEHICLE PARKED ON LEFT OF ROAD,1,700889,Not at intersection,2,50,Local Road,CAWOOD,COLAC OTWAY,-38.749905,143.66771,2021,12,December,15,Afternoon Peak,Weekday
T20210026829,2021-12-29,15:45:00,1,Collision with vehicle,3,Wednesday,130,REAR END(VEHICLES IN SAME LANE),1,703583,Not at intersection,3,100,Arterial Other,PITFIELD-SCARSDALE,GOLDEN PLAINS,-37.726982,143.65002,2021,12,December,15,Afternoon Peak,Weekday
T20210026835,2021-12-29,09:00:00,1,Collision with vehicle,3,Wednesday,130,REAR END(VEHICLES IN SAME LANE),1,700668,Not at intersection,3,60,Arterial Other,DALTON,WHITTLESEA,-37.66503,145.03256,2021,12,December,9,Morning Peak,Weekday
T20210026836,2021-12-29,17:30:00,1,Collision with vehicle,3,Wednesday,147,VEHICLE STRIKES ANOTHER VEH WHILE EMERGING FROM DRIVEWAY,1,704633,Not at intersection,3,60,Arterial Other,JELLS,MONASH,-37.90934,145.18861,2021,12,December,17,Afternoon Peak,Weekday
T20210026838,2021-12-29,16:38:00,1,Collision with vehicle,3,Wednesday,120,HEAD ON (NOT OVERTAKING),1,702270,Not at intersection,3,100,Local Road,BRIDGEWATER LAKES,GLENELG,-38.325954,141.40945,2021,12,December,16,Afternoon Peak,Weekday
T20210026814,2021-12-29,12:23:00,8,No collision and no object struck,3,Wednesday,180,OFF CARRIAGEWAY ON RIGHT BEND,1,294378,Not at intersection,2,80,Arterial Other,COBDEN-PORT CAMPBELL,CORANGAMITE,-38.35474,143.05728,2021,12,December,12,Midday,Weekday
T20210026811,2021-12-29,09:45:00,4,Collision with a fixed object,3,Wednesday,183,OFF LEFT BEND INTO OBJECT/PARKED VEHICLE,1,709605,Not at intersection,3,80,Arterial Other,WOODS POINT,MURRINDINDI,-37.511684,145.75433,2021,12,December,9,Morning Peak,Weekday
T20210026808,2021-12-29,11:26:00,1,Collision with vehicle,3,Wednesday,135,LANE CHANGE LEFT (NOT OVERTAKING),1,700667,Not at intersection,2,40,Arterial Other,FORSTER,MONASH,-37.88981,145.13104,2021,12,December,11,Midday,Weekday
T20220000327,2021-12-29,10:30:00,6,Vehicle overturned (no collision),3,Wednesday,174,OUT OF CONTROL ON CARRIAGEWAY (ON STRAIGHT),1,701279,Not at intersection,2,100,Local Road,EURACK,COLAC OTWAY,-38.157845,143.66603,2021,12,December,10,Midday,Weekday
T20220000209,2021-12-29,20:35:00,1,Collision with vehicle,3,Wednesday,130,REAR END(VEHICLES IN SAME LANE),2,701273,Not at intersection,3,80,Arterial Other,CRANBOURNE-FRANKSTON,FRANKSTON,-38.1435,145.20773,2021,12,December,20,Night,Weekday
T20210026809,2021-12-29,13:20:00,1,Collision with vehicle,3,Wednesday,110,CROSS TRAFFIC(INTERSECTIONS ONLY),1,244413,Cross intersection,3,100,Arterial Highway,SOUTH GIPPSLAND,SOUTH GIPPSLAND,-38.368828,145.71025,2021,12,December,13,Midday,Weekday
T20220000329,2021-12-29,08:30:00,6,Vehicle overturned (no collision),3,Wednesday,184,OUT OF CONTROL ON CARRIAGEWAY (ON BEND),1,704020,Not at intersection,3,100,Local Road,SPUR,BAW BAW,-37.993877,146.03767,2021,12,December,8,Morning Peak,Weekday
T20210026849,2021-12-29,23:50:00,1,Collision with vehicle,3,Wednesday,163,VEHICLE STRIKES DOOR OF PARKED/STATIONARY VEHICLE,3,781689,T intersection,3,40,Arterial Other,SPENCER,MELBOURNE,-37.816048,144.95276,2021,12,December,23,Night,Weekday
T20210026844,2021-12-29,19:10:00,1,Collision with vehicle,3,Wednesday,152,PULLING OUT (OVERTAKING),2,43942,Cross intersection,3,100,Arterial Highway,DANDENONG-HASTINGS,FRANKSTON,-38.19331,145.21715,2021,12,December,19,Night,Weekday
T20210026843,2021-12-29,15:09:00,1,Collision with vehicle,3,Wednesday,130,REAR END(VEHICLES IN SAME LANE),1,704019,Not at intersection,3,80,Arterial Highway,BELLARINE,GEELONG,-38.179333,144.42316,2021,12,December,15,Afternoon Peak,Weekday
T20210026839,2021-12-29,17:27:00,6,Vehicle overturned (no collision),3,Wednesday,174,OUT OF CONTROL ON CARRIAGEWAY (ON STRAIGHT),1,600764,T intersection,2,60,Local Road,COMMUNITY,BRIMBANK,-37.701656,144.76141,2021,12,December,17,Afternoon Peak,Weekday
T20210026930,2021-12-30,20:30:00,9,Other accident,4,Thursday,139,OTHER SAME DIRECTION-MANOUEVRES NOT INCLUDED IN DCAs 130-137,3,291434,Cross intersection,3,60,Arterial Other,ROYAL,MELBOURNE,-37.792553,144.95845,2021,12,December,20,Night,Weekday
T20220000038,2021-12-30,17:30:00,6,Vehicle overturned (no collision),4,Thursday,182,OFF CARRIAGEWAY ON LEFT BEND,1,706222,Not at intersection,3,100,Arterial Other,MANSFIELD-WOODS POINT,MANSFIELD,-37.47915,146.19398,2021,12,December,17,Afternoon Peak,Weekday
T20210026876,2021-12-30,13:20:00,1,Collision with vehicle,4,Thursday,121,RIGHT THROUGH,1,41865,T intersection,3,80,Arterial Other,HIGH STREET,KNOX,-37.876923,145.22491,2021,12,December,13,Midday,Weekday
T20210026873,2021-12-30,12:45:00,4,Collision with a fixed object,4,Thursday,175,OFF END OF ROAD/T-INTERSECTION.,1,37229,T intersection,3,40,Arterial Other,BRIDGE,YARRA,-37.818794,145.00145,2021,12,December,12,Midday,Weekday
T20210026872,2021-12-30,12:02:00,1,Collision with vehicle,4,Thursday,130,REAR END(VEHICLES IN SAME LANE),1,731288,Not at intersection,3,80,Arterial Highway,GREAT OCEAN,SURF COAST,-38.37942,144.20894,2021,12,December,12,Midday,Weekday
T20210026870,2021-12-30,10:30:00,9,Other accident,4,Thursday,179,OTHER ACCIDENTS-OFF STRAIGHT NOT INCLUDED IN DCAs 170-175,1,708952,Not at intersection,2,100,Local Road,MURPHY,BAW BAW,-37.93575,145.97757,2021,12,December,10,Midday,Weekday
T20210026869,2021-12-30,08:45:00,1,Collision with vehicle,4,Thursday,110,CROSS TRAFFIC(INTERSECTIONS ONLY),1,43788,Cross intersection,3,60,Arterial Other,CLEGG,YARRA RANGES,-37.782345,145.41853,2021,12,December,8,Morning Peak,Weekday
T20210026868,2021-12-30,10:00:00,1,Collision with vehicle,4,Thursday,130,REAR END(VEHICLES IN SAME LANE),1,700670,Not at intersection,3,70,Arterial Other,PLENTY,WHITTLESEA,-37.68317,145.06859,2021,12,December,10,Midday,Weekday
T20210026909,2021-12-30,20:38:00,1,Collision with vehicle,4,Thursday,113,RIGHT NEAR (INTERSECTIONS ONLY),2,781693,T intersection,3,50,Local Road,CURACOA,MORNINGTON PENINSULA,-38.29396,145.17552,2021,12,December,20,Night,Weekday
T20210026908,2021-12-30,20:03:00,1,Collision with vehicle,4,Thursday,121,RIGHT THROUGH,2,53961,Cross intersection,2,60,Arterial Highway,ALBERT STREET -PLENTY,DAREBIN,-37.725254,145.02322,2021,12,December,20,Night,Weekday
T20210026895,2021-12-30,14:25:00,4,Collision with a fixed object,4,Thursday,183,OFF LEFT BEND INTO OBJECT/PARKED VEHICLE,1,700891,Not at intersection,3,80,Arterial Other,MANSFIELD-WHITFIELD,WANGARATTA,-36.924866,146.28334,2021,12,December,14,Midday,Weekday
T20220001514,2021-12-30,18:40:00,8,No collision and no object struck,4,Thursday,172,OFF CARRIAGEWAY TO RIGHT,1,705398,Not at intersection,3,40,Local Road,BROND,BENALLA,-36.906784,146.23795,2021,12,December,18,Afternoon Peak,Weekday
T20220002133,2021-12-30,19:39:00,1,Collision with vehicle,4,Thursday,113,RIGHT NEAR (INTERSECTIONS ONLY),1,55973,T intersection,3,60,Local Road,EVANS,CASEY,-38.091694,145.2559,2021,12,December,19,Night,Weekday
T20210026907,2021-12-30,19:50:00,6,Vehicle overturned (no collision),4,Thursday,170,OFF CARRIAGEWAY TO LEFT,1,57538,T intersection,3,70,Arterial Highway,DANDENONG,GLEN EIRA,-37.884502,145.06094,2021,12,December,19,Night,Weekday
T20220001822,2021-12-30,06:35:00,3,Struck animal,4,Thursday,167,STRUCK ANIMAL,2,780105,Not at intersection,3,100,Arterial Other,WALLAN,WHITTLESEA,-37.459427,145.08154,2021,12,December,6,Morning Peak,Weekday
T20210026915,2021-12-30,22:38:00,4,Collision with a fixed object,4,Thursday,171,LEFT OFF CARRIAGEWAY INTO OBJECT/PARKED VEHICLE,5,725287,Not at intersection,2,50,Local Road,ROSS,SOUTH GIPPSLAND,-38.695908,146.46184,2021,12,December,22,Night,Weekday
T20210026904,2021-12-30,18:40:00,1,Collision with vehicle,4,Thursday,130,REAR END(VEHICLES IN SAME LANE),2,45252,T intersection,3,70,Arterial Other,CAMP,HUME,-37.68848,144.94731,2021,12,December,18,Afternoon Peak,Weekday
T20210026912,2021-12-30,22:00:00,1,Collision with vehicle,4,Thursday,121,RIGHT THROUGH,3,57550,T intersection,2,60,Arterial Other,DERRIMUT,WYNDHAM,-37.890697,144.68018,2021,12,December,22,Night,Weekday
T20210026878,2021-12-30,13:45:00,4,Collision with a fixed object,4,Thursday,173,RIGHT OFF CARRIAGEWAY INTO OBJECT/PARKED VEHICLE,1,706405,Not at intersection,2,70,Arterial Highway,DANDENONG,STONNINGTON,-37.858532,144.99884,2021,12,December,13,Midday,Weekday
T20210026924,2021-12-30,16:50:00,1,Collision with vehicle,4,Thursday,110,CROSS TRAFFIC(INTERSECTIONS ONLY),1,352248,Cross intersection,2,80,Arterial Other,THOMPSONS,CASEY,-38.078243,145.24406,2021,12,December,16,Afternoon Peak,Weekday
T20210026889,2021-12-30,11:31:00,2,Struck Pedestrian,4,Thursday,105,PED WALKING AGAINST TRAFFIC.,1,706492,Not at intersection,1,50,Local Road,CATHERINE,MORNINGTON PENINSULA,-38.3507,144.92877,2021,12,December,11,Midday,Weekday
T20210026900,2021-12-30,17:48:00,1,Collision with vehicle,4,Thursday,113,RIGHT NEAR (INTERSECTIONS ONLY),1,38006,T intersection,3,60,Arterial Other,HEIDELBERG,DAREBIN,-37.78408,145.00963,2021,12,December,17,Afternoon Peak,Weekday
T20210026892,2021-12-30,14:53:00,4,Collision with a fixed object,4,Thursday,173,RIGHT OFF CARRIAGEWAY INTO OBJECT/PARKED VEHICLE,1,707214,Not at intersection,3,60,Arterial Other,MT BAW BAW TOURIST,BAW BAW,-37.89359,145.9998,2021,12,December,14,Midday,Weekday
T20210026928,2021-12-30,17:00:00,6,Vehicle overturned (no collision),4,Thursday,170,OFF CARRIAGEWAY TO LEFT,1,701008,Not at intersection,2,100,Arterial Other,MANSFIELD-WOODS POINT,MANSFIELD,-37.411842,146.24594,2021,12,December,17,Afternoon Peak,Weekday
T20210026874,2021-12-30,12:50:00,4,Collision with a fixed object,4,Thursday,183,OFF LEFT BEND INTO OBJECT/PARKED VEHICLE,1,701066,Not at intersection,2,60,Arterial Highway,PRINCES,EAST GIPPSLAND,-37.82244,147.86925,2021,12,December,12,Midday,Weekday
T20210026954,2021-12-30,17:30:00,1,Collision with vehicle,4,Thursday,130,REAR END(VEHICLES IN SAME LANE),9,701574,Cross intersection,3,40,Local Road,LIARDET,PORT PHILLIP,-37.8388,144.94272,2021,12,December,17,Afternoon Peak,Weekday
T20210026971,2021-12-30,20:00:00,1,Collision with vehicle,4,Thursday,121,RIGHT THROUGH,1,278622,T intersection,3,60,Local Road,OHERNS,WHITTLESEA,-37.63635,145.0148,2021,12,December,20,Night,Weekday
T20220000202,2021-12-30,08:21:00,1,Collision with vehicle,4,Thursday,110,CROSS TRAFFIC(INTERSECTIONS ONLY),1,45130,Cross intersection,3,60,Arterial Other,BALLARAT,MARIBYRNONG,-37.779697,144.852,2021,12,December,8,Morning Peak,Weekday
T20220001426,2021-12-30,15:30:00,1,Collision with vehicle,4,Thursday,111,RIGHT FAR (INTERSECTIONS ONLY),1,773126,T intersection,3,50,Local Road,AGLOW,WYNDHAM,-37.82692,144.72787,2021,12,December,15,Afternoon Peak,Weekday
T20210026879,2021-12-30,13:00:00,2,Struck Pedestrian,4,Thursday,100,PED NEAR SIDE. PED HIT BY VEHICLE FROM THE RIGHT.,1,63547,Cross intersection,2,40,Arterial Other,BURGUNDY,BANYULE,-37.756336,145.06714,2021,12,December,13,Midday,Weekday
T20220000030,2021-12-31,13:27:00,4,Collision with a fixed object,5,Friday,171,LEFT OFF CARRIAGEWAY INTO OBJECT/PARKED VEHICLE,1,703237,Not at intersection,2,100,Arterial Highway,MURRAY VALLEY,GANNAWARRA,-35.63991,143.82793,2021,12,December,13,Midday,Weekday
T20210026918,2021-12-31,00:40:00,4,Collision with a fixed object,5,Friday,173,RIGHT OFF CARRIAGEWAY INTO OBJECT/PARKED VEHICLE,5,707702,Not at intersection,2,80,Arterial Other,GEELONG-BACCHUS MARSH,MOORABOOL,-37.7001,144.45227,2021,12,December,0,Late Night,Weekday
T20210026917,2021-12-31,01:21:00,4,Collision with a fixed object,5,Friday,171,LEFT OFF CARRIAGEWAY INTO OBJECT/PARKED VEHICLE,5,706098,Not at intersection,3,80,Local Road,BOLITHO,CAMPASPE,-36.313377,145.06793,2021,12,December,1,Late Night,Weekday
T20220012271,2021-12-31,11:00:00,8,No collision and no object struck,5,Friday,174,OUT OF CONTROL ON CARRIAGEWAY (ON STRAIGHT),9,271323,T intersection,3,100,Local Road,MITCHELL,CAMPASPE,-36.14044,144.86855,2021,12,December,11,Midday,Weekday
T20220000007,2021-12-31,11:48:00,4,Collision with a fixed object,5,Friday,173,RIGHT OFF CARRIAGEWAY INTO OBJECT/PARKED VEHICLE,9,774496,Not at intersection,1,80,Local Road,SCHOOL,GEELONG,-38.06967,144.38416,2021,12,December,11,Midday,Weekday
T20220003070,2021-12-31,18:24:00,1,Collision with vehicle,5,Friday,110,CROSS TRAFFIC(INTERSECTIONS ONLY),1,48841,Cross intersection,3,60,Arterial Other,DERRIMUT,WYNDHAM,-37.83446,144.69106,2021,12,December,18,Afternoon Peak,Weekday
T20210026949,2021-12-31,10:34:00,1,Collision with vehicle,5,Friday,136,RIGHT TURN SIDESWIPE,1,731290,Not at intersection,3,50,Local Road,HIGH,MACEDON RANGES,-37.277233,144.73419,2021,12,December,10,Midday,Weekday
T20220000001,2021-12-31,23:05:00,1,Collision with vehicle,5,Friday,113,RIGHT NEAR (INTERSECTIONS ONLY),3,64066,T intersection,2,60,Arterial Other,MARIBYRNONG,MOONEE VALLEY,-37.771084,144.9103,2021,12,December,23,Night,Weekday
T20210026972,2021-12-31,17:07:00,1,Collision with vehicle,5,Friday,130,REAR END(VEHICLES IN SAME LANE),1,701352,Not at intersection,3,60,Arterial Highway,POINT NEPEAN,MORNINGTON PENINSULA,-38.3668,144.80557,2021,12,December,17,Afternoon Peak,Weekday
T20210026970,2021-12-31,18:42:00,1,Collision with vehicle,5,Friday,110,CROSS TRAFFIC(INTERSECTIONS ONLY),1,49703,Cross intersection,2,60,Arterial Other,ST GEORGES,GEELONG,-38.08609,144.37442,2021,12,December,18,Afternoon Peak,Weekday