ACCIDENT_NO,ACCIDENT_DATE,ACCIDENT_TIME,ACCIDENT_TYPE,ACCIDENT_TYPE_DESC,DAY_OF_WEEK,DAY_WEEK_DESC,DCA_CODE,DCA_DESC,LIGHT_CONDITION,NODE_ID,ROAD_GEOMETRY_DESC,SEVERITY,SPEED_ZONE,RMA,ROAD_NAME,LGA_NAME,LATITUDE,LONGITUDE,YEAR,MONTH,MONTH_NAME,HOUR,TIME_PERIOD,DAY_TYPE
T20220000056,2021-12-31,16:23:00,2,Struck Pedestrian,5,Friday,108,PED STRUCK WALKING TO/FROM OR BOARDING/ALIGHTING VEHICLE.,1,751492,Not at intersection,2,40,Arterial Other,SYDNEY,MORELAND,-37.741512,144.96657,2021,12,December,16,Afternoon Peak,Weekday
T20220000002,2021-12-31,23:59:00,4,Collision with a fixed object,5,Friday,171,LEFT OFF CARRIAGEWAY INTO OBJECT/PARKED VEHICLE,3,700957,Cross intersection,3,50,Local Road,THOMAS,HOBSONS BAY,-37.861526,144.77103,2021,12,December,23,Night,Weekday
T20210026963,2021-12-31,15:10:00,2,Struck Pedestrian,5,Friday,100,PED NEAR SIDE. PED HIT BY VEHICLE FROM THE RIGHT.,1,36230,Cross intersection,1,50,Arterial Other,ELIZABETH,MELBOURNE,-37.806293,144.9595,2021,12,December,15,Afternoon Peak,Weekday
T20210026952,2021-12-31,12:27:00,4,Collision with a fixed object,5,Friday,181,OFF RIGHT BEND INTO OBJECT/PARKED VEHICLE,1,706293,Not at intersection,2,80,Arterial Highway,HENTY,GLENELG,-38.34983,141.58702,2021,12,December,12,Midday,Weekday
T20210026935,2021-12-31,08:34:00,1,Collision with vehicle,5,Friday,120,HEAD ON (NOT OVERTAKING),1,700798,Not at intersection,2,50,Local Road,MCLAREN,MORNINGTON PENINSULA,-38.220154,145.03983,2021,12,December,8,Morning Peak,Weekday
T20210026951,2021-12-31,10:22:00,1,Collision with vehicle,5,Friday,134,LANE CHANGE RIGHT (NOT OVERTAKING),1,46654,Y intersection,3,60,Arterial Other,HULL,YARRA RANGES,-37.78963,145.31004,2021,12,December,10,Midday,Weekday
T20210026938,2021-12-31,09:44:00,1,Collision with vehicle,5,Friday,130,REAR END(VEHICLES IN SAME LANE),1,701498,Not at intersection,3,100,Freeway,EASTERN,BOROONDARA,-37.79034,145.0367,2021,12,December,9,Morning Peak,Weekday
T20220000482,2021-12-31,10:50:00,1,Collision with vehicle,5,Friday,110,CROSS TRAFFIC(INTERSECTIONS ONLY),1,357259,Cross intersection,3,70,Arterial Highway,WHITEHORSE,WHITEHORSE,-37.819847,145.13844,2021,12,December,10,Midday,Weekday
T20210026940,2021-12-31,09:00:00,2,Struck Pedestrian,5,Friday,106,VEH STRIKES PED ON FOOTPATH/MEDIAN/TRAFFIC ISLAND.,9,707971,Not at intersection,3,60,Arterial Other,RALEIGH,MARIBYRNONG,-37.769512,144.89673,2021,12,December,9,Morning Peak,Weekday
T20210026927,2021-12-31,07:00:00,1,Collision with vehicle,5,Friday,139,OTHER SAME DIRECTION-MANOUEVRES NOT INCLUDED IN DCAs 130-137,1,702965,Not at intersection,2,60,Local Road,DUNDAS,MORNINGTON PENINSULA,-38.37392,144.8174,2021,12,December,7,Morning Peak,Weekday
T20210026948,2021-12-31,12:49:00,1,Collision with vehicle,5,Friday,130,REAR END(VEHICLES IN SAME LANE),1,46857,Cross intersection,3,80,Arterial Highway,GEELONG,HOBSONS BAY,-37.820576,144.83546,2021,12,December,12,Midday,Weekday
T20220000055,2021-12-31,19:40:00,1,Collision with vehicle,5,Friday,139,OTHER SAME DIRECTION-MANOUEVRES NOT INCLUDED IN DCAs 130-137,1,651286,Not at intersection,3,60,Arterial Highway,KINGS,PORT PHILLIP,-37.833385,144.96759,2021,12,December,19,Night,Weekday
T20210026925,2021-12-31,04:50:00,1,Collision with vehicle,5,Friday,135,LANE CHANGE LEFT (NOT OVERTAKING),3,704022,Not at intersection,2,100,Freeway,WESTERN,MELTON,-37.74721,144.70483,2021,12,December,4,Late Night,Weekday
T20220000876,2021-12-31,11:30:00,1,Collision with vehicle,5,Friday,130,REAR END(VEHICLES IN SAME LANE),1,245107,T intersection,2,80,Arterial Highway,BELLARINE,GEELONG,-38.185875,144.45103,2021,12,December,11,Midday,Weekday
T20210026921,2021-12-31,04:07:00,4,Collision with a fixed object,5,Friday,171,LEFT OFF CARRIAGEWAY INTO OBJECT/PARKED VEHICLE,5,701009,Not at intersection,2,100,Local Road,BLAMPIED-KOOROOCHEANG,HEPBURN,-37.334442,144.02556,2021,12,December,4,Late Night,Weekday
T20220001883,2021-12-31,11:45:00,1,Collision with vehicle,5,Friday,135,LANE CHANGE LEFT (NOT OVERTAKING),1,703499,Not at intersection,3,100,Freeway,MONASH,CASEY,-37.97589,145.23915,2021,12,December,11,Midday,Weekday
T20210026920,2021-12-31,03:50:00,4,Collision with a fixed object,5,Friday,171,LEFT OFF CARRIAGEWAY INTO OBJECT/PARKED VEHICLE,5,702859,T intersection,2,100,Arterial Highway,CALDER,BENDIGO,-36.837135,144.23798,2021,12,December,3,Late Night,Weekday
T20220000045,2021-12-31,16:10:00,1,Collision with vehicle,5,Friday,110,CROSS TRAFFIC(INTERSECTIONS ONLY),1,700802,Cross intersection,3,60,Local Road,CALDER PARK,BRIMBANK,-37.70208,144.75635,2021,12,December,16,Afternoon Peak,Weekday
T20220000568,2021-12-31,17:45:00,1,Collision with vehicle,5,Friday,130,REAR END(VEHICLES IN SAME LANE),1,44910,T intersection,3,60,Arterial Other,STATION,BRIMBANK,-37.77212,144.77449,2021,12,December,17,Afternoon Peak,Weekday
T20220000032,2021-12-31,22:43:00,1,Collision with vehicle,5,Friday,160,VEHICLE COLLIDES WITH VEHICLE PARKED ON LEFT OF ROAD,3,703655,Not at intersection,3,50,Local Road,NINTH,MILDURA,-34.188854,142.16373,2021,12,December,22,Night,Weekday
T20220000059,2022-01-01,14:00:00,2,Struck Pedestrian,6,Saturday,100,PED NEAR SIDE. PED HIT BY VEHICLE FROM THE RIGHT.,1,677510,Cross intersection,3,80,Arterial Highway,MANCHESTER,YARRA RANGES,-37.758575,145.31621,2022,1,January,14,Midday,Weekend
T20220000011,2022-01-01,02:59:00,1,Collision with vehicle,6,Saturday,113,RIGHT NEAR (INTERSECTIONS ONLY),3,359007,Cross intersection,3,70,Freeway,KOROROIT CREEK,HOBSONS BAY,-37.844734,144.78877,2022,1,January,2,Late Night,Weekend
T20220000041,2022-01-01,10:45:00,4,Collision with a fixed object,6,Saturday,171,LEFT OFF CARRIAGEWAY INTO OBJECT/PARKED VEHICLE,1,704455,Not at intersection,3,100,Arterial Highway,MELBA,MURRINDINDI,-37.269035,145.45847,2022,1,January,10,Midday,Weekend
T20220000111,2022-01-01,21:00:00,2,Struck Pedestrian,6,Saturday,102,FAR SIDE. PED HIT BY VEHICLE FROM THE LEFT,2,326111,T intersection,3,70,Local Road,SAYERS,WYNDHAM,-37.847443,144.67892,2022,1,January,21,Night,Weekend
T20220000039,2022-01-01,12:30:00,4,Collision with a fixed object,6,Saturday,141,U TURN INTO FIXED OBJECT/PARKED VEHICLE,1,705865,T intersection,3,50,Local Road,BURGUNDY,MANNINGHAM,-37.782585,145.11804,2022,1,January,12,Midday,Weekend
T20220003468,2022-01-01,06:55:00,1,Collision with vehicle,6,Saturday,175,OFF END OF ROAD/T-INTERSECTION.,2,706058,T intersection,3,50,Local Road,FLEMINGTON,WYNDHAM,-37.90705,144.63106,2022,1,January,6,Morning Peak,Weekend
T20220000014,2022-01-01,04:22:00,4,Collision with a fixed object,6,Saturday,183,OFF LEFT BEND INTO OBJECT/PARKED VEHICLE,3,713258,T intersection,2,50,Local Road,JACANA,FRANKSTON,-38.104797,145.17809,2022,1,January,4,Late Night,Weekend
T20220000009,2022-01-01,00:50:00,3,Struck animal,6,Saturday,167,STRUCK ANIMAL,5,703654,Not at intersection,2,100,Local Road,MAIN SOUTH,BAW BAW,-38.247726,145.82631,2022,1,January,0,Late Night,Weekend
T20220002291,2022-01-01,19:00:00,1,Collision with vehicle,6,Saturday,131,LEFT REAR,1,35605,Cross intersection,3,80,Arterial Highway,WARRIGAL,KINGSTON,-37.98173,145.07144,2022,1,January,19,Night,Weekend
T20220000054,2022-01-01,15:00:00,1,Collision with vehicle,6,Saturday,110,CROSS TRAFFIC(INTERSECTIONS ONLY),1,221459,Cross intersection,3,70,Arterial Other,SYDNEY,HUME,-37.689503,144.95824,2022,1,January,15,Afternoon Peak,Weekend
T20220000053,2022-01-01,13:00:00,1,Collision with vehicle,6,Saturday,130,REAR END(VEHICLES IN SAME LANE),1,713784,Not at intersection,2,50,Local Road,CAMPBELL,HUME,-37.677345,144.9586,2022,1,January,13,Midday,Weekend
T20220000051,2022-01-01,15:20:00,1,Collision with vehicle,6,Saturday,113,RIGHT NEAR (INTERSECTIONS ONLY),1,50800,T intersection,2,80,Arterial Highway,MURRAY VALLEY,MOIRA,-35.920456,145.64038,2022,1,January,15,Afternoon Peak,Weekend
T20220000061,2022-01-01,17:40:00,8,No collision and no object struck,6,Saturday,174,OUT OF CONTROL ON CARRIAGEWAY (ON STRAIGHT),1,705746,Not at intersection,2,50,Local Road,SUNBURY,SHEPPARTON,-36.403137,145.41412,2022,1,January,17,Afternoon Peak,Weekend
T20220000021,2022-01-01,04:20:00,1,Collision with vehicle,6,Saturday,171,LEFT OFF CARRIAGEWAY INTO OBJECT/PARKED VEHICLE,3,781698,Not at intersection,3,80,Freeway,METROPOLITAN RING,HUME,-37.691875,144.9595,2022,1,January,4,Late Night,Weekend
T20220000083,2022-01-01,14:15:00,5,collision with some other object,6,Saturday,166,STRUCK OBJECT ON CARRIAGEWAY,1,702738,T intersection,3,50,Local Road,JAMIESON LOOKOUT,MANSFIELD,-37.318695,146.22438,2022,1,January,14,Midday,Weekend
T20220000081,2022-01-01,15:53:00,1,Collision with vehicle,6,Saturday,113,RIGHT NEAR (INTERSECTIONS ONLY),1,52327,T intersection,3,60,Arterial Highway,ROUGHEAD,SOUTH GIPPSLAND,-38.475933,145.94681,2022,1,January,15,Afternoon Peak,Weekend
T20220000033,2022-01-01,06:30:00,4,Collision with a fixed object,6,Saturday,173,RIGHT OFF CARRIAGEWAY INTO OBJECT/PARKED VEHICLE,1,701064,Not at intersection,1,60,Local Road,AITKEN,HUME,-37.57971,144.91719,2022,1,January,6,Morning Peak,Weekend
T20220000029,2022-01-01,08:07:00,1,Collision with vehicle,6,Saturday,160,VEHICLE COLLIDES WITH VEHICLE PARKED ON LEFT OF ROAD,1,701923,Not at intersection,3,60,Local Road,BOORAN,GLEN EIRA,-37.901817,145.03517,2022,1,January,8,Morning Peak,Weekend
T20220000071,2022-01-01,22:00:00,1,Collision with vehicle,6,Saturday,130,REAR END(VEHICLES IN SAME LANE),3,710221,Multiple intersection,3,80,Freeway,METROPOLITAN RING,HUME,-37.691704,144.9628,2022,1,January,22,Night,Weekend
T20220000981,2022-01-01,02:00:00,4,Collision with a fixed object,6,Saturday,171,LEFT OFF CARRIAGEWAY INTO OBJECT/PARKED VEHICLE,5,702274,Not at intersection,3,50,Local Road,DERBY,BENDIGO,-36.654285,144.1562,2022,1,January,2,Late Night,Weekend
T20220024316,2022-01-01,12:30:00,8,No collision and no object struck,6,Saturday,149,OTHER MANOEUVRING NOT INCLUDED IN DCAs 140-148,1,732118,Not at intersection,3,50,Local Road,BOAT,GEELONG,-38.11018,144.63348,2022,1,January,12,Midday,Weekend
T20220000915,2022-01-01,12:00:00,4,Collision with a fixed object,6,Saturday,171,LEFT OFF CARRIAGEWAY INTO OBJECT/PARKED VEHICLE,1,710543,Not at intersection,3,60,Local Road,MCGREGOR,CARDINIA,-38.09627,145.47,2022,1,January,12,Midday,Weekend
T20220000070,2022-01-01,22:10:00,6,Vehicle overturned (no collision),6,Saturday,172,OFF CARRIAGEWAY TO RIGHT,5,712167,T intersection,2,100,Arterial Other,POUND CREEK,BASS COAST,-38.627785,145.80865,2022,1,January,22,Night,Weekend
T20220000096,2022-01-02,09:10:00,4,Collision with a fixed object,7,Sunday,181,OFF RIGHT BEND INTO OBJECT/PARKED VEHICLE,1,700958,Not at intersection,2,40,Local Road,LAKESIDE,PORT PHILLIP,-37.84814,144.97334,2022,1,January,9,Morning Peak,Weekend
T20220000077,2022-01-02,04:19:00,4,Collision with a fixed object,7,Sunday,171,LEFT OFF CARRIAGEWAY INTO OBJECT/PARKED VEHICLE,3,707703,Not at intersection,2,50,Local Road,GLENGATE,GEELONG,-38.11563,144.32318,2022,1,January,4,Late Night,Weekend
T20220000102,2022-01-02,10:10:00,4,Collision with a fixed object,7,Sunday,181,OFF RIGHT BEND INTO OBJECT/PARKED VEHICLE,1,701535,Not at intersection,2,60,Local Road,MILNERS,YARRA RANGES,-37.79888,145.6074,2022,1,January,10,Midday,Weekend
T20220000106,2022-01-02,16:15:00,1,Collision with vehicle,7,Sunday,134,LANE CHANGE RIGHT (NOT OVERTAKING),1,702897,Not at intersection,3,80,Arterial Highway,DANDENONG VALLEY,KNOX,-37.900223,145.23344,2022,1,January,16,Afternoon Peak,Weekend
T20220000108,2022-01-02,15:50:00,4,Collision with a fixed object,7,Sunday,171,LEFT OFF CARRIAGEWAY INTO OBJECT/PARKED VEHICLE,1,713034,Not at intersection,3,100,Local Road,KYDD,BAW BAW,-38.05812,145.79118,2022,1,January,15,Afternoon Peak,Weekend
T20220000073,2022-01-02,01:11:00,1,Collision with vehicle,7,Sunday,169,OTHER ON PATH,3,709139,Not at intersection,2,60,Local Road,DUNMORE,WYNDHAM,-37.817062,144.7388,2022,1,January,1,Late Night,Weekend
T20220000092,2022-01-02,10:40:00,1,Collision with vehicle,7,Sunday,152,PULLING OUT (OVERTAKING),1,701839,Not at intersection,2,60,Arterial Highway,PHILLIP ISLAND,BASS COAST,-38.511894,145.2994,2022,1,January,10,Midday,Weekend
T20220000109,2022-01-02,14:40:00,1,Collision with vehicle,7,Sunday,111,RIGHT FAR (INTERSECTIONS ONLY),1,702898,Cross intersection,3,80,Arterial Highway,PRINCES,CASEY,-38.0035,145.25159,2022,1,January,14,Midday,Weekend
T20220000090,2022-01-02,10:40:00,1,Collision with vehicle,7,Sunday,160,VEHICLE COLLIDES WITH VEHICLE PARKED ON LEFT OF ROAD,1,701101,Not at intersection,3,60,Arterial Other,BELGRAVE-HALLAM,YARRA RANGES,-37.932022,145.35823,2022,1,January,10,Midday,Weekend
T20220000117,2022-01-02,15:26:00,1,Collision with vehicle,7,Sunday,130,REAR END(VEHICLES IN SAME LANE),1,701353,Not at intersection,3,60,Arterial Highway,POINT NEPEAN,MORNINGTON PENINSULA,-38.366756,144.86368,2022,1,January,15,Afternoon Peak,Weekend
T20220000393,2022-01-02,16:40:00,4,Collision with a fixed object,7,Sunday,173,RIGHT OFF CARRIAGEWAY INTO OBJECT/PARKED VEHICLE,1,702363,Not at intersection,3,50,Local Road,PITMAN,DANDENONG,-37.96104,145.2151,2022,1,January,16,Afternoon Peak,Weekend
T20220000086,2022-01-02,09:30:00,1,Collision with vehicle,7,Sunday,152,PULLING OUT (OVERTAKING),1,44277,Cross intersection,2,80,Local Road,MERRICKS,MORNINGTON PENINSULA,-38.373993,145.07867,2022,1,January,9,Morning Peak,Weekend
T20220000352,2022-01-02,11:00:00,1,Collision with vehicle,7,Sunday,160,VEHICLE COLLIDES WITH VEHICLE PARKED ON LEFT OF ROAD,1,701359,Not at intersection,3,50,Local Road,BLAIR,MACEDON RANGES,-37.247543,144.46588,2022,1,January,11,Midday,Weekend
T20220000072,2022-01-02,00:16:00,8,No collision and no object struck,7,Sunday,174,OUT OF CONTROL ON CARRIAGEWAY (ON STRAIGHT),3,705542,T intersection,2,80,Arterial Other,WESTALL,DANDENONG,-37.950306,145.13863,2022,1,January,0,Late Night,Weekend
T20220000119,2022-01-02,17:46:00,1,Collision with vehicle,7,Sunday,171,LEFT OFF CARRIAGEWAY INTO OBJECT/PARKED VEHICLE,1,706905,Not at intersection,3,60,Arterial Other,HIGH,WHITTLESEA,-37.677437,145.01437,2022,1,January,17,Afternoon Peak,Weekend
T20220000131,2022-01-02,13:00:00,8,No collision and no object struck,7,Sunday,174,OUT OF CONTROL ON CARRIAGEWAY (ON STRAIGHT),1,701055,Not at intersection,2,100,Local Road,NUNNIONG PLAINS,EAST GIPPSLAND,-37.13396,147.94598,2022,1,January,13,Midday,Weekend
T20220000097,2022-01-02,12:00:00,1,Collision with vehicle,7,Sunday,137,LEFT TURN SIDESWIPE,1,57350,Y intersection,3,50,Arterial Highway,MELBA,YARRA RANGES,-37.66044,145.37408,2022,1,January,12,Midday,Weekend
T20220000094,2022-01-02,12:38:00,1,Collision with vehicle,7,Sunday,121,RIGHT THROUGH,1,38572,Cross intersection,3,60,Arterial Highway,PLENTY,WHITTLESEA,-37.697838,145.05884,2022,1,January,12,Midday,Weekend
T20220000141,2022-01-02,10:00:00,1,Collision with vehicle,7,Sunday,160,VEHICLE COLLIDES WITH VEHICLE PARKED ON LEFT OF ROAD,1,249649,Not at intersection,3,60,Arterial Other,ORMOND,PORT PHILLIP,-37.88625,144.98259,2022,1,January,10,Midday,Weekend
T20220000118,2022-01-02,20:20:00,7,Fall from or in moving vehicle,7,Sunday,190,FELL IN/FROM VEHICLE,2,35787,Cross intersection,3,40,Arterial Other,HODGSON,GEELONG,-38.26788,144.52463,2022,1,January,20,Night,Weekend
T20220001064,2022-01-02,10:27:00,1,Collision with vehicle,7,Sunday,110,CROSS TRAFFIC(INTERSECTIONS ONLY),1,52673,Cross intersection,3,50,Arterial Other,MAIN STREET -SCALLAN,NORTHERN GRAMPIANS,-37.057365,142.77618,2022,1,January,10,Midday,Weekend
T20220000741,2022-01-02,11:00:00,1,Collision with vehicle,7,Sunday,130,REAR END(VEHICLES IN SAME LANE),1,733141,Not at intersection,1,90,Arterial Highway,DANDENONG-HASTINGS,DANDENONG,-38.055317,145.24365,2022,1,January,11,Midday,Weekend
T20220000091,2022-01-02,07:30:00,1,Collision with vehicle,7,Sunday,134,LANE CHANGE RIGHT (NOT OVERTAKING),1,36208,T intersection,3,60,Arterial Other,ROYAL,MELBOURNE,-37.797115,144.95789,2022,1,January,7,Morning Peak,Weekend
T20220000089,2022-01-02,08:30:00,8,No collision and no object struck,7,Sunday,170,OFF CARRIAGEWAY TO LEFT,1,701924,T intersection,3,60,Local Road,BRUNT,CARDINIA,-38.06432,145.38766,2022,1,January,8,Morning Peak,Weekend
T20220000087,2022-01-02,07:30:00,1,Collision with vehicle,7,Sunday,160,VEHICLE COLLIDES WITH VEHICLE PARKED ON LEFT OF ROAD,1,786689,Not at intersection,3,50,Local Road,PADDOCK,HUME,-37.592644,144.7062,2022,1,January,7,Morning Peak,Weekend
T20220000142,2022-01-02,22:05:00,4,Collision with a fixed object,7,Sunday,181,OFF RIGHT BEND INTO OBJECT/PARKED VEHICLE,5,701104,Not at intersection,3,60,Arterial Other,RIDGE,YARRA RANGES,-37.83209,145.35268,2022,1,January,22,Night,Weekend
T20220000234,2022-01-03,23:00:00,1,Collision with vehicle,1,Monday,121,RIGHT THROUGH,3,221383,Cross intersection,2,80,Arterial Other,HUME HIGHWAY -SYDNEY,HUME,-37.643353,144.95146,2022,1,January,23,Night,Weekday
T20220000251,2022-01-03,09:50:00,1,Collision with vehicle,1,Monday,142,LEAVING PARKING,1,701762,Not at intersection,3,60,Arterial Highway,NEPEAN,FRANKSTON,-38.102665,145.12592,2022,1,January,9,Morning Peak,Weekday
T20220000350,2022-01-03,19:30:00,1,Collision with vehicle,1,Monday,160,VEHICLE COLLIDES WITH VEHICLE PARKED ON LEFT OF ROAD,1,701280,Not at intersection,3,40,Arterial Other,YARRA,YARRA,-37.83393,145.02469,2022,1,January,19,Night,Weekday
T20220002105,2022-01-03,11:00:00,1,Collision with vehicle,1,Monday,113,RIGHT NEAR (INTERSECTIONS ONLY),1,44027,T intersection,3,50,Local Road,BYFIELD,DAREBIN,-37.716072,145.00375,2022,1,January,11,Midday,Weekday
T20220006430,2022-01-03,17:35:00,1,Collision with vehicle,1,Monday,130,REAR END(VEHICLES IN SAME LANE),1,708611,Not at intersection,3,70,Arterial Other,HALL,CASEY,-38.109756,145.25308,2022,1,January,17,Afternoon Peak,Weekday
T20220001022,2022-01-03,11:00:00,6,Vehicle overturned (no collision),1,Monday,182,OFF CARRIAGEWAY ON LEFT BEND,1,702219,Not at intersection,2,100,Local Road,HARRYS CREEK,STRATHBOGIE,-36.6766,145.73299,2022,1,January,11,Midday,Weekday
T20220001075,2022-01-03,22:30:00,1,Collision with vehicle,1,Monday,130,REAR END(VEHICLES IN SAME LANE),3,47804,T intersection,3,80,Arterial Other,PLENTY,WHITTLESEA,-37.640816,145.09624,2022,1,January,22,Night,Weekday
T20220001756,2022-01-03,08:10:00,2,Struck Pedestrian,1,Monday,100,PED NEAR SIDE. PED HIT BY VEHICLE FROM THE RIGHT.,1,29651,Cross intersection,3,70,Arterial Highway,NORTH,GLEN EIRA,-37.906525,145.06178,2022,1,January,8,Morning Peak,Weekday
T20220000132,2022-01-03,08:31:00,1,Collision with vehicle,1,Monday,148,VEHICLE OFF FOOTPATH STRIKES VEH ON CARRIAGEWAY,1,701105,Not at intersection,3,50,Local Road,PURNELL,GEELONG,-38.073273,144.35129,2022,1,January,8,Morning Peak,Weekday
T20220000135,2022-01-03,07:11:00,8,No collision and no object struck,1,Monday,184,OUT OF CONTROL ON CARRIAGEWAY (ON BEND),1,701056,Not at intersection,3,60,Arterial Highway,GREAT OCEAN,COLAC OTWAY,-38.58722,143.93388,2022,1,January,7,Morning Peak,Weekday
T20220000137,2022-01-03,11:35:00,4,Collision with a fixed object,1,Monday,181,OFF RIGHT BEND INTO OBJECT/PARKED VEHICLE,1,781705,T intersection,3,80,Local Road,MYERS CREEK,YARRA RANGES,-37.628727,145.5164,2022,1,January,11,Midday,Weekday
T20220000147,2022-01-03,11:20:00,1,Collision with vehicle,1,Monday,173,RIGHT OFF CARRIAGEWAY INTO OBJECT/PARKED VEHICLE,1,701076,Not at intersection,2,60,Arterial Highway,ALBERT,DAREBIN,-37.74096,145.02327,2022,1,January,11,Midday,Weekday
T20220000149,2022-01-03,13:18:00,1,Collision with vehicle,1,Monday,113,RIGHT NEAR (INTERSECTIONS ONLY),1,35758,Cross intersection,2,60,Local Road,ESTELLE,WYNDHAM,-37.861244,144.67058,2022,1,January,13,Midday,Weekday
T20220000150,2022-01-03,12:42:00,4,Collision with a fixed object,1,Monday,173,RIGHT OFF CARRIAGEWAY INTO OBJECT/PARKED VEHICLE,1,702074,Not at intersection,2,60,Arterial Other,TOORAK,BASS COAST,-38.636765,145.71178,2022,1,January,12,Midday,Weekday
T20220000155,2022-01-03,13:00:00,1,Collision with vehicle,1,Monday,120,HEAD ON (NOT OVERTAKING),1,780102,Not at intersection,3,100,Arterial Other,ROKEWOOD-SKIPTON,GOLDEN PLAINS,-37.76495,143.50981,2022,1,January,13,Midday,Weekday
T20230002412,2022-01-03,13:44:00,1,Collision with vehicle,1,Monday,110,CROSS TRAFFIC(INTERSECTIONS ONLY),1,35388,Cross intersection,3,80,Arterial Other,WESTALL,KINGSTON,-37.979908,145.14267,2022,1,January,13,Midday,Weekday
T20220000156,2022-01-03,12:38:00,1,Collision with vehicle,1,Monday,120,HEAD ON (NOT OVERTAKING),1,704456,Not at intersection,2,80,Arterial Other,WOODS POINT,YARRA RANGES,-37.627758,145.90327,2022,1,January,12,Midday,Weekday
T20220000157,2022-01-03,14:11:00,1,Collision with vehicle,1,Monday,130,REAR END(VEHICLES IN SAME LANE),1,703391,Not at intersection,2,100,Arterial Highway,ANDERSON LINK,BASS COAST,-38.51633,145.43835,2022,1,January,14,Midday,Weekday
T20220000159,2022-01-03,16:15:00,1,Collision with vehicle,1,Monday,121,RIGHT THROUGH,1,29795,Cross intersection,3,60,Non Arterial,HENRY,CARDINIA,-38.086327,145.4721,2022,1,January,16,Afternoon Peak,Weekday
T20220005443,2022-01-03,14:00:00,1,Collision with vehicle,1,Monday,121,RIGHT THROUGH,1,774602,Cross intersection,3,60,Arterial Highway,NEPEAN,KINGSTON,-37.957474,145.05196,2022,1,January,14,Midday,Weekday
T20220000163,2022-01-03,18:56:00,1,Collision with vehicle,1,Monday,110,CROSS TRAFFIC(INTERSECTIONS ONLY),1,59752,Cross intersection,2,60,Local Road,CONDON,BENDIGO,-36.767883,144.29222,2022,1,January,18,Afternoon Peak,Weekday
T20220000164,2022-01-03,15:03:00,1,Collision with vehicle,1,Monday,148,VEHICLE OFF FOOTPATH STRIKES VEH ON CARRIAGEWAY,1,43129,Cross intersection,2,50,Local Road,BOX,CASEY,-37.995087,145.23802,2022,1,January,15,Afternoon Peak,Weekday
T20220000167,2022-01-03,20:15:00,4,Collision with a fixed object,1,Monday,171,LEFT OFF CARRIAGEWAY INTO OBJECT/PARKED VEHICLE,2,271545,Cross intersection,3,80,Arterial Highway,SURF COAST,SURF COAST,-38.300648,144.32242,2022,1,January,20,Night,Weekday
T20220000169,2022-01-03,16:30:00,1,Collision with vehicle,1,Monday,150,HEAD ON(OVERTAKING),1,700921,Not at intersection,1,100,Local Road,MYRTLEBANK,WELLINGTON,-38.06422,147.04376,2022,1,January,16,Afternoon Peak,Weekday
T20220000170,2022-01-03,16:38:00,4,Collision with a fixed object,1,Monday,173,RIGHT OFF CARRIAGEWAY INTO OBJECT/PARKED VEHICLE,1,703493,Not at intersection,1,80,Arterial Other,MANSFIELD-WHITFIELD,MANSFIELD,-36.922207,146.24936,2022,1,January,16,Afternoon Peak,Weekday
T20220000171,2022-01-03,18:30:00,1,Collision with vehicle,1,Monday,111,RIGHT FAR (INTERSECTIONS ONLY),1,52875,Cross intersection,3,50,Arterial Highway,DOVETON,BALLARAT,-37.561764,143.8548,2022,1,January,18,Afternoon Peak,Weekday
T20220000172,2022-01-03,16:20:00,1,Collision with vehicle,1,Monday,121,RIGHT THROUGH,1,35298,Cross intersection,3,60,Arterial Other,BRUNSWICK,MORELAND,-37.778294,144.97069,2022,1,January,16,Afternoon Peak,Weekday
T20220000180,2022-01-03,18:05:00,1,Collision with vehicle,1,Monday,140,U TURN,1,701272,Not at intersection,2,100,Arterial Highway,GLENELG,GOLDEN PLAINS,-37.61498,143.71884,2022,1,January,18,Afternoon Peak,Weekday
T20220000183,2022-01-03,22:48:00,4,Collision with a fixed object,1,Monday,181,OFF RIGHT BEND INTO OBJECT/PARKED VEHICLE,3,718112,Not at intersection,3,60,Arterial Other,BEACH,BAYSIDE,-37.969948,145.01184,2022,1,January,22,Night,Weekday
T20220000161,2022-01-03,16:29:00,5,collision with some other object,1,Monday,151,OUT OF CONTROL (OVERTAKING),1,700960,Not at intersection,2,60,Arterial Other,TYLDEN-WOODEND,MACEDON RANGES,-37.348183,144.50594,2022,1,January,16,Afternoon Peak,Weekday
T20220000208,2022-01-04,15:00:00,4,Collision with a fixed object,2,Tuesday,173,RIGHT OFF CARRIAGEWAY INTO OBJECT/PARKED VEHICLE,1,703494,Not at intersection,3,100,Freeway,MONASH,DANDENONG,-37.962837,145.22984,2022,1,January,15,Afternoon Peak,Weekday
T20220001150,2022-01-04,10:00:00,8,No collision and no object struck,2,Tuesday,174,OUT OF CONTROL ON CARRIAGEWAY (ON STRAIGHT),1,702404,Not at intersection,3,40,Local Road,GREVILLE,STONNINGTON,-37.848946,144.98895,2022,1,January,10,Midday,Weekday
T20220000185,2022-01-04,09:45:00,1,Collision with vehicle,2,Tuesday,110,CROSS TRAFFIC(INTERSECTIONS ONLY),1,52416,Cross intersection,3,60,Local Road,MCCULLOCH,EAST GIPPSLAND,-37.82622,147.6239,2022,1,January,9,Morning Peak,Weekday