ACCIDENT_NO,ACCIDENT_DATE,ACCIDENT_TIME,ACCIDENT_TYPE,ACCIDENT_TYPE_DESC,DAY_OF_WEEK,DAY_WEEK_DESC,DCA_CODE,DCA_DESC,LIGHT_CONDITION,NODE_ID,ROAD_GEOMETRY_DESC,SEVERITY,SPEED_ZONE,RMA,ROAD_NAME,LGA_NAME,LATITUDE,LONGITUDE,YEAR,MONTH,MONTH_NAME,HOUR,TIME_PERIOD,DAY_TYPE
T20220000210,2022-01-04,12:48:00,4,Collision with a fixed object,2,Tuesday,171,LEFT OFF CARRIAGEWAY INTO OBJECT/PARKED VEHICLE,1,719967,Not at intersection,2,80,Arterial Other,SUNSHINE,BRIMBANK,-37.733715,144.81874,2022,1,January,12,Midday,Weekday
T20220000179,2022-01-04,08:29:00,3,Struck animal,2,Tuesday,167,STRUCK ANIMAL,1,702899,Not at intersection,3,80,Local Road,HURSTBRIDGE-ARTHURS CREEK,NILLUMBIK,-37.61595,145.1883,2022,1,January,8,Morning Peak,Weekday
T20220000221,2022-01-04,14:40:00,6,Vehicle overturned (no collision),2,Tuesday,180,OFF CARRIAGEWAY ON RIGHT BEND,1,701282,Not at intersection,2,100,Arterial Other,OMEO,TOWONG,-36.664646,147.43808,2022,1,January,14,Midday,Weekday
T20220002195,2022-01-04,16:28:00,1,Collision with vehicle,2,Tuesday,132,RIGHT REAR.,1,703504,T intersection,3,60,Local Road,POWER,CASEY,-37.97384,145.2421,2022,1,January,16,Afternoon Peak,Weekday
T20220000385,2022-01-04,12:15:00,6,Vehicle overturned (no collision),2,Tuesday,174,OUT OF CONTROL ON CARRIAGEWAY (ON STRAIGHT),1,44092,Cross intersection,2,80,Arterial Other,COOLART,MORNINGTON PENINSULA,-38.338818,145.1456,2022,1,January,12,Midday,Weekday
T20220000217,2022-01-04,15:19:00,1,Collision with vehicle,2,Tuesday,135,LANE CHANGE LEFT (NOT OVERTAKING),1,701106,Not at intersection,3,60,Arterial Highway,MAROONDAH,MAROONDAH,-37.817127,145.22115,2022,1,January,15,Afternoon Peak,Weekday
T20220001375,2022-01-04,15:00:00,1,Collision with vehicle,2,Tuesday,123,RIGHT/LEFT. ONE VEH TURNING RIGHT THE OTHER LEFT.,1,780104,Not at intersection,3,80,Arterial Other,BEACONSFIELD-NAR NAR GOON ROAD -PRINCES,CARDINIA,-38.067955,145.55988,2022,1,January,15,Afternoon Peak,Weekday
T20220000188,2022-01-04,08:35:00,1,Collision with vehicle,2,Tuesday,110,CROSS TRAFFIC(INTERSECTIONS ONLY),1,52595,Cross intersection,3,50,Local Road,WAVELL,HORSHAM,-36.702633,142.19621,2022,1,January,8,Morning Peak,Weekday
T20220000196,2022-01-04,11:05:00,1,Collision with vehicle,2,Tuesday,113,RIGHT NEAR (INTERSECTIONS ONLY),1,51521,Cross intersection,2,60,Arterial Highway,NAPIER,BENDIGO,-36.72613,144.309,2022,1,January,11,Midday,Weekday
T20220000258,2022-01-04,15:30:00,1,Collision with vehicle,2,Tuesday,121,RIGHT THROUGH,1,705401,Not at intersection,3,60,Arterial Other,BEACH,BAYSIDE,-37.991474,145.02997,2022,1,January,15,Afternoon Peak,Weekday
T20220000225,2022-01-04,15:22:00,4,Collision with a fixed object,2,Tuesday,183,OFF LEFT BEND INTO OBJECT/PARKED VEHICLE,1,701536,Not at intersection,3,60,Arterial Other,BACCHUS MARSH,MOORABOOL,-37.688107,144.47601,2022,1,January,15,Afternoon Peak,Weekday
T20220000226,2022-01-04,17:10:00,1,Collision with vehicle,2,Tuesday,130,REAR END(VEHICLES IN SAME LANE),1,703584,Not at intersection,3,40,Arterial Other,CLYDE,CASEY,-38.040173,145.34216,2022,1,January,17,Afternoon Peak,Weekday
T20220000198,2022-01-04,11:27:00,1,Collision with vehicle,2,Tuesday,132,RIGHT REAR.,1,39691,T intersection,3,60,Local Road,DUBLIN,MAROONDAH,-37.816414,145.24754,2022,1,January,11,Midday,Weekday
T20220002025,2022-01-04,14:30:00,1,Collision with vehicle,2,Tuesday,130,REAR END(VEHICLES IN SAME LANE),9,725556,Not at intersection,3,80,Arterial Highway,SOUTH GIPPSLAND,DANDENONG,-38.00958,145.22969,2022,1,January,14,Midday,Weekday
T20220000201,2022-01-04,07:20:00,1,Collision with vehicle,2,Tuesday,110,CROSS TRAFFIC(INTERSECTIONS ONLY),2,355219,Cross intersection,3,80,Arterial Highway,SPRINGVALE,WHITEHORSE,-37.834846,145.17264,2022,1,January,7,Morning Peak,Weekday
T20220000242,2022-01-04,08:00:00,1,Collision with vehicle,2,Tuesday,137,LEFT TURN SIDESWIPE,1,72326,T intersection,2,60,Local Road,DAVEYS BAY,MORNINGTON PENINSULA,-38.168243,145.09671,2022,1,January,8,Morning Peak,Weekday
T20220001739,2022-01-04,17:30:00,6,Vehicle overturned (no collision),2,Tuesday,182,OFF CARRIAGEWAY ON LEFT BEND,1,715413,Not at intersection,3,100,Arterial Other,HEIDELBERG-KINGLAKE,NILLUMBIK,-37.55953,145.32378,2022,1,January,17,Afternoon Peak,Weekday
T20220000205,2022-01-04,15:05:00,2,Struck Pedestrian,2,Tuesday,100,PED NEAR SIDE. PED HIT BY VEHICLE FROM THE RIGHT.,1,731292,Not at intersection,3,50,Arterial Highway,HIGH,MURRINDINDI,-37.211067,145.42545,2022,1,January,15,Afternoon Peak,Weekday
T20220000249,2022-01-04,14:30:00,1,Collision with vehicle,2,Tuesday,147,VEHICLE STRIKES ANOTHER VEH WHILE EMERGING FROM DRIVEWAY,1,701155,Not at intersection,2,60,Local Road,LYALL,CASEY,-38.109882,145.28676,2022,1,January,14,Midday,Weekday
T20220004147,2022-01-05,16:00:00,2,Struck Pedestrian,3,Wednesday,101,PED EMERGES FROM IN FRONT OF PARKED OR STATIONARY VEHICLE,1,705264,T intersection,2,40,Local Road,CHAPEL,STONNINGTON,-37.845886,144.99434,2022,1,January,16,Afternoon Peak,Weekday
T20220000266,2022-01-05,12:50:00,1,Collision with vehicle,3,Wednesday,113,RIGHT NEAR (INTERSECTIONS ONLY),1,42874,T intersection,2,80,Arterial Highway,SPRINGVALE,DANDENONG,-37.971027,145.14848,2022,1,January,12,Midday,Weekday
T20220002338,2022-01-05,10:30:00,8,No collision and no object struck,3,Wednesday,174,OUT OF CONTROL ON CARRIAGEWAY (ON STRAIGHT),1,703724,Not at intersection,3,100,Local Road,EAST FALLS,MITCHELL,-37.125893,145.19795,2022,1,January,10,Midday,Weekday
T20220000368,2022-01-05,16:20:00,6,Vehicle overturned (no collision),3,Wednesday,174,OUT OF CONTROL ON CARRIAGEWAY (ON STRAIGHT),1,19418,T intersection,3,60,Arterial Highway,CALDER ALTERNATIVE,BENDIGO,-36.73569,144.13298,2022,1,January,16,Afternoon Peak,Weekday
T20220001613,2022-01-05,21:54:00,5,collision with some other object,3,Wednesday,166,STRUCK OBJECT ON CARRIAGEWAY,5,731330,Not at intersection,3,100,Arterial Other,WESTERNPORT,BAW BAW,-38.235104,145.73634,2022,1,January,21,Night,Weekday
T20220000273,2022-01-05,11:50:00,1,Collision with vehicle,3,Wednesday,110,CROSS TRAFFIC(INTERSECTIONS ONLY),1,52865,Cross intersection,3,60,Arterial Other,VICTORIA,BALLARAT,-37.56057,143.8771,2022,1,January,11,Midday,Weekday
T20220000276,2022-01-05,13:20:00,1,Collision with vehicle,3,Wednesday,134,LANE CHANGE RIGHT (NOT OVERTAKING),1,701275,T intersection,2,60,Arterial Other,HORNE STREET -MACEDON,HUME,-37.575684,144.72873,2022,1,January,13,Midday,Weekday
T20220000279,2022-01-05,16:02:00,4,Collision with a fixed object,3,Wednesday,173,RIGHT OFF CARRIAGEWAY INTO OBJECT/PARKED VEHICLE,1,706455,T intersection,2,70,Arterial Highway,BURWOOD,WHITEHORSE,-37.856754,145.18367,2022,1,January,16,Afternoon Peak,Weekday
T20220000280,2022-01-05,15:58:00,1,Collision with vehicle,3,Wednesday,130,REAR END(VEHICLES IN SAME LANE),1,49417,Multiple intersection,3,60,Arterial Highway,BANYAN STREET -MORTLAKE,WARRNAMBOOL,-38.373768,142.49236,2022,1,January,15,Afternoon Peak,Weekday
T20220000282,2022-01-05,13:50:00,4,Collision with a fixed object,3,Wednesday,175,OFF END OF ROAD/T-INTERSECTION.,1,62304,T intersection,2,50,Local Road,HUME,MELTON,-37.712784,144.56282,2022,1,January,13,Midday,Weekday
T20220000283,2022-01-05,13:22:00,1,Collision with vehicle,3,Wednesday,113,RIGHT NEAR (INTERSECTIONS ONLY),1,40465,T intersection,3,60,Local Road,DARLING,STONNINGTON,-37.871532,145.0604,2022,1,January,13,Midday,Weekday
T20220000308,2022-01-05,12:00:00,4,Collision with a fixed object,3,Wednesday,171,LEFT OFF CARRIAGEWAY INTO OBJECT/PARKED VEHICLE,1,50962,T intersection,2,60,Local Road,PHILLIPSON,WANGARATTA,-36.34977,146.30603,2022,1,January,12,Midday,Weekday
T20220000296,2022-01-05,18:45:00,1,Collision with vehicle,3,Wednesday,113,RIGHT NEAR (INTERSECTIONS ONLY),1,39776,Cross intersection,1,70,Arterial Other,DORSET,MAROONDAH,-37.805065,145.28877,2022,1,January,18,Afternoon Peak,Weekday
T20220001744,2022-01-05,17:30:00,5,collision with some other object,3,Wednesday,198,OTHER ACCIDENTS NOT CLASSIFIABLE ELSEWHERE,2,707708,Not at intersection,3,100,Arterial Other,MAFFRA-SALE,WELLINGTON,-38.039764,147.01865,2022,1,January,17,Afternoon Peak,Weekday
T20220000295,2022-01-05,16:50:00,8,No collision and no object struck,3,Wednesday,174,OUT OF CONTROL ON CARRIAGEWAY (ON STRAIGHT),1,701276,Not at intersection,3,60,Local Road,MILLER,WHITTLESEA,-37.642864,145.02078,2022,1,January,16,Afternoon Peak,Weekday
T20220000294,2022-01-05,19:16:00,5,collision with some other object,3,Wednesday,166,STRUCK OBJECT ON CARRIAGEWAY,2,709943,Not at intersection,2,80,Arterial Other,BALLAN-DAYLESFORD,MOORABOOL,-37.47517,144.1489,2022,1,January,19,Night,Weekday
T20220000253,2022-01-05,07:40:00,4,Collision with a fixed object,3,Wednesday,181,OFF RIGHT BEND INTO OBJECT/PARKED VEHICLE,1,706963,Not at intersection,2,100,Arterial Highway,GLENELG,SOUTHERN GRAMPIANS,-37.742855,142.09625,2022,1,January,7,Morning Peak,Weekday
T20220013574,2022-01-05,13:15:00,1,Collision with vehicle,3,Wednesday,134,LANE CHANGE RIGHT (NOT OVERTAKING),1,37916,T intersection,3,40,Arterial Other,QUEENS,YARRA,-37.785477,144.9948,2022,1,January,13,Midday,Weekday
T20220000254,2022-01-05,10:26:00,4,Collision with a fixed object,3,Wednesday,171,LEFT OFF CARRIAGEWAY INTO OBJECT/PARKED VEHICLE,1,35647,Not at intersection,3,60,Local Road,DUNSTAN,DAREBIN,-37.731667,144.99115,2022,1,January,10,Midday,Weekday
T20220000304,2022-01-05,10:05:00,1,Collision with vehicle,3,Wednesday,121,RIGHT THROUGH,9,54590,Cross intersection,3,60,Arterial Highway,YORK,WELLINGTON,-38.10516,147.06819,2022,1,January,10,Midday,Weekday
T20220000291,2022-01-05,18:40:00,4,Collision with a fixed object,3,Wednesday,171,LEFT OFF CARRIAGEWAY INTO OBJECT/PARKED VEHICLE,1,58195,T intersection,3,100,Arterial Highway,CALDER,MILDURA,-34.272896,142.18512,2022,1,January,18,Afternoon Peak,Weekday
T20220000257,2022-01-05,08:49:00,8,No collision and no object struck,3,Wednesday,184,OUT OF CONTROL ON CARRIAGEWAY (ON BEND),1,706454,Not at intersection,3,50,Local Road,CASTELLA,HUME,-37.66074,144.92017,2022,1,January,8,Morning Peak,Weekday
T20220000290,2022-01-05,16:37:00,1,Collision with vehicle,3,Wednesday,120,HEAD ON (NOT OVERTAKING),1,36486,T intersection,3,60,Arterial Other,WAIORA,BANYULE,-37.735565,145.05986,2022,1,January,16,Afternoon Peak,Weekday
T20220000247,2022-01-05,10:13:00,4,Collision with a fixed object,3,Wednesday,171,LEFT OFF CARRIAGEWAY INTO OBJECT/PARKED VEHICLE,1,710222,Not at intersection,3,60,Arterial Highway,ANDERSON,SOUTH GIPPSLAND,-38.47528,145.94643,2022,1,January,10,Midday,Weekday
T20220000263,2022-01-05,09:30:00,2,Struck Pedestrian,3,Wednesday,103,PED PLAYING/LYING/WORKING/STANDING ON CARRIAGEWAY.,1,705157,Not at intersection,3,30,Local Road,BARRIES,MELTON,-37.687824,144.56265,2022,1,January,9,Morning Peak,Weekday
T20220000250,2022-01-05,09:40:00,1,Collision with vehicle,3,Wednesday,121,RIGHT THROUGH,1,427,T intersection,3,70,Arterial Other,HEIDELBERG-WARRANDYTE,MANNINGHAM,-37.752407,145.17436,2022,1,January,9,Morning Peak,Weekday
T20220000241,2022-01-05,05:45:00,5,collision with some other object,3,Wednesday,166,STRUCK OBJECT ON CARRIAGEWAY,2,701274,Not at intersection,3,100,Arterial Other,WILLOW GROVE,BAW BAW,-37.97126,146.13782,2022,1,January,5,Morning Peak,Weekday
T20220000320,2022-01-06,11:20:00,1,Collision with vehicle,4,Thursday,113,RIGHT NEAR (INTERSECTIONS ONLY),1,701355,T intersection,2,100,Arterial Highway,MIDLAND,HEPBURN,-37.35572,144.09842,2022,1,January,11,Midday,Weekday
T20220000347,2022-01-06,15:25:00,1,Collision with vehicle,4,Thursday,147,VEHICLE STRIKES ANOTHER VEH WHILE EMERGING FROM DRIVEWAY,1,243678,Not at intersection,3,60,Arterial Other,BAY,KINGSTON,-37.95716,145.04941,2022,1,January,15,Afternoon Peak,Weekday
T20220000326,2022-01-06,07:24:00,1,Collision with vehicle,4,Thursday,120,HEAD ON (NOT OVERTAKING),1,701313,Not at intersection,3,60,Arterial Other,BACCHUS MARSH,GEELONG,-38.066837,144.35866,2022,1,January,7,Morning Peak,Weekday
T20220000345,2022-01-06,16:00:00,4,Collision with a fixed object,4,Thursday,181,OFF RIGHT BEND INTO OBJECT/PARKED VEHICLE,1,701357,Not at intersection,3,60,Arterial Other,GOLDEN SQUARE-LONG GULLY,BENDIGO,-36.746395,144.25467,2022,1,January,16,Afternoon Peak,Weekday
T20220000328,2022-01-06,12:30:00,1,Collision with vehicle,4,Thursday,110,CROSS TRAFFIC(INTERSECTIONS ONLY),1,45409,Cross intersection,3,60,Local Road,FLETCHER,MOONEE VALLEY,-37.755592,144.92299,2022,1,January,12,Midday,Weekday
T20220000332,2022-01-06,12:00:00,2,Struck Pedestrian,4,Thursday,100,PED NEAR SIDE. PED HIT BY VEHICLE FROM THE RIGHT.,1,65743,Cross intersection,2,40,Local Road,ELIZABETH,MELBOURNE,-37.810318,144.96136,2022,1,January,12,Midday,Weekday
T20220001261,2022-01-06,15:30:00,1,Collision with vehicle,4,Thursday,113,RIGHT NEAR (INTERSECTIONS ONLY),1,702646,Cross intersection,3,60,Local Road,MCKENNA,MOONEE VALLEY,-37.768417,144.86465,2022,1,January,15,Afternoon Peak,Weekday
T20220000344,2022-01-06,16:35:00,6,Vehicle overturned (no collision),4,Thursday,174,OUT OF CONTROL ON CARRIAGEWAY (ON STRAIGHT),1,701577,Not at intersection,3,60,Arterial Other,SYDNEY,MORELAND,-37.73075,144.96396,2022,1,January,16,Afternoon Peak,Weekday
T20220000336,2022-01-06,13:30:00,1,Collision with vehicle,4,Thursday,121,RIGHT THROUGH,1,36448,Cross intersection,3,80,Arterial Highway,PRINCES,CASEY,-38.02682,145.31035,2022,1,January,13,Midday,Weekday
T20220000342,2022-01-06,14:55:00,5,collision with some other object,4,Thursday,198,OTHER ACCIDENTS NOT CLASSIFIABLE ELSEWHERE,1,701537,Not at intersection,3,100,Local Road,RODBOROUGH,CENTRAL GOLDFIELDS,-37.098717,143.83838,2022,1,January,14,Midday,Weekday
T20220001201,2022-01-06,15:00:00,8,No collision and no object struck,4,Thursday,182,OFF CARRIAGEWAY ON LEFT BEND,1,702440,Not at intersection,3,100,Local Road,WHANREGARWEN,MURRINDINDI,-37.21732,145.6381,2022,1,January,15,Afternoon Peak,Weekday
T20220000338,2022-01-06,14:07:00,1,Collision with vehicle,4,Thursday,130,REAR END(VEHICLES IN SAME LANE),1,78,Cross intersection,3,60,Arterial Highway,WURUNDJERI,MELBOURNE,-37.822567,144.95015,2022,1,January,14,Midday,Weekday
T20220000339,2022-01-06,10:50:00,1,Collision with vehicle,4,Thursday,113,RIGHT NEAR (INTERSECTIONS ONLY),1,701538,T intersection,3,60,Arterial Highway,DANDENONG CREEK,DANDENONG,-37.992825,145.21594,2022,1,January,10,Midday,Weekday
T20220000415,2022-01-06,16:25:00,1,Collision with vehicle,4,Thursday,121,RIGHT THROUGH,1,703656,Not at intersection,3,50,Local Road,MCINTOSH,HOBSONS BAY,-37.842922,144.8523,2022,1,January,16,Afternoon Peak,Weekday
T20220000306,2022-01-06,03:24:00,1,Collision with vehicle,4,Thursday,160,VEHICLE COLLIDES WITH VEHICLE PARKED ON LEFT OF ROAD,3,701693,Not at intersection,3,60,Arterial Other,GLENFERRIE,STONNINGTON,-37.847298,145.03087,2022,1,January,3,Late Night,Weekday
T20220000307,2022-01-06,04:00:00,1,Collision with vehicle,4,Thursday,110,CROSS TRAFFIC(INTERSECTIONS ONLY),3,335706,Cross intersection,1,80,Arterial Other,HALLAM,CASEY,-38.02847,145.26877,2022,1,January,4,Late Night,Weekday
T20220000311,2022-01-06,08:00:00,1,Collision with vehicle,4,Thursday,110,CROSS TRAFFIC(INTERSECTIONS ONLY),1,51407,Cross intersection,3,50,Local Road,EYRE,CAMPASPE,-36.134563,144.75124,2022,1,January,8,Morning Peak,Weekday
T20220000367,2022-01-06,19:22:00,4,Collision with a fixed object,4,Thursday,171,LEFT OFF CARRIAGEWAY INTO OBJECT/PARKED VEHICLE,1,29516,T intersection,1,60,Arterial Other,MILLERS,HOBSONS BAY,-37.823997,144.84862,2022,1,January,19,Night,Weekday
T20220000366,2022-01-06,14:29:00,1,Collision with vehicle,4,Thursday,110,CROSS TRAFFIC(INTERSECTIONS ONLY),1,45376,Cross intersection,3,50,Local Road,FLETCHER,MOONEE VALLEY,-37.755302,144.92038,2022,1,January,14,Midday,Weekday
T20220000365,2022-01-06,15:06:00,1,Collision with vehicle,4,Thursday,131,LEFT REAR,1,65291,Y intersection,3,60,Local Road,CAMBRIDGE,YARRA RANGES,-37.800247,145.32883,2022,1,January,15,Afternoon Peak,Weekday
T20220000361,2022-01-06,17:09:00,1,Collision with vehicle,4,Thursday,154,PULLING OUT -REAR END,1,701894,Not at intersection,2,100,Freeway,PRINCES,CARDINIA,-38.090588,145.4996,2022,1,January,17,Afternoon Peak,Weekday
T20220000878,2022-01-06,12:44:00,8,No collision and no object struck,4,Thursday,170,OFF CARRIAGEWAY TO LEFT,1,705066,Not at intersection,3,50,Local Road,DISTRICT,WYNDHAM,-37.920986,144.64287,2022,1,January,12,Midday,Weekday
T20220000356,2022-01-06,16:48:00,2,Struck Pedestrian,4,Thursday,100,PED NEAR SIDE. PED HIT BY VEHICLE FROM THE RIGHT.,1,704460,Not at intersection,2,60,Local Road,BARWON HEADS,GEELONG,-38.168648,144.35054,2022,1,January,16,Afternoon Peak,Weekday
T20220000312,2022-01-06,08:35:00,1,Collision with vehicle,4,Thursday,120,HEAD ON (NOT OVERTAKING),1,704459,Not at intersection,3,80,Arterial Other,FRANKSTON-FLINDERS,MORNINGTON PENINSULA,-38.205776,145.16304,2022,1,January,8,Morning Peak,Weekday
T20220000316,2022-01-06,08:15:00,1,Collision with vehicle,4,Thursday,121,RIGHT THROUGH,1,731293,Cross intersection,2,80,Arterial Highway,DANDENONG,STONNINGTON,-37.892845,145.08818,2022,1,January,8,Morning Peak,Weekday
T20220002343,2022-01-06,12:15:00,1,Collision with vehicle,4,Thursday,145,REVERSING IN STREAM OF TRAFFIC,1,723383,Not at intersection,3,60,Arterial Highway,FRANKSTON-DANDENONG,FRANKSTON,-38.12621,145.13733,2022,1,January,12,Midday,Weekday
T20220000319,2022-01-06,10:50:00,1,Collision with vehicle,4,Thursday,130,REAR END(VEHICLES IN SAME LANE),1,705544,Not at intersection,3,60,Arterial Highway,PRINCES,WELLINGTON,-38.14975,146.79013,2022,1,January,10,Midday,Weekday
T20220000586,2022-01-06,12:45:00,2,Struck Pedestrian,4,Thursday,100,PED NEAR SIDE. PED HIT BY VEHICLE FROM THE RIGHT.,1,704415,Not at intersection,2,40,Arterial Other,FLEMINGTON ROAD SERVICE,MELBOURNE,-37.799465,144.95511,2022,1,January,12,Midday,Weekday
T20220001886,2022-01-07,18:00:00,1,Collision with vehicle,5,Friday,130,REAR END(VEHICLES IN SAME LANE),1,731338,T intersection,3,50,Local Road,MACAULAY,MELBOURNE,-37.79519,144.93672,2022,1,January,18,Afternoon Peak,Weekday
T20220000411,2022-01-07,16:20:00,8,No collision and no object struck,5,Friday,174,OUT OF CONTROL ON CARRIAGEWAY (ON STRAIGHT),1,708436,Not at intersection,3,50,Local Road,MACKEY,WODONGA,-36.14033,146.89758,2022,1,January,16,Afternoon Peak,Weekday
T20220000408,2022-01-07,15:00:00,1,Collision with vehicle,5,Friday,130,REAR END(VEHICLES IN SAME LANE),1,72943,T intersection,2,70,Arterial Other,GRUBB,GEELONG,-38.228897,144.54129,2022,1,January,15,Afternoon Peak,Weekday
T20220000425,2022-01-07,20:14:00,1,Collision with vehicle,5,Friday,147,VEHICLE STRIKES ANOTHER VEH WHILE EMERGING FROM DRIVEWAY,1,702406,Not at intersection,3,60,Arterial Other,MURRAY,MORELAND,-37.735893,144.98232,2022,1,January,20,Night,Weekday
T20220000407,2022-01-07,15:39:00,1,Collision with vehicle,5,Friday,119,OTHER ADJACENT (INTERSECTIONS ONLY),1,53103,T intersection,2,100,Arterial Highway,SUNRAYSIA,BALLARAT,-37.438065,143.73851,2022,1,January,15,Afternoon Peak,Weekday
T20220000668,2022-01-07,18:00:00,5,collision with some other object,5,Friday,166,STRUCK OBJECT ON CARRIAGEWAY,1,711264,Not at intersection,2,40,Local Road,COLLINS,MELBOURNE,-37.81443,144.97015,2022,1,January,18,Afternoon Peak,Weekday
T20220000406,2022-01-07,10:20:00,4,Collision with a fixed object,5,Friday,171,LEFT OFF CARRIAGEWAY INTO OBJECT/PARKED VEHICLE,1,703227,Cross intersection,3,60,Local Road,ARUNTA,KINGSTON,-37.93062,145.10928,2022,1,January,10,Midday,Weekday
T20220001967,2022-01-07,14:30:00,1,Collision with vehicle,5,Friday,130,REAR END(VEHICLES IN SAME LANE),1,705000,Not at intersection,3,60,Local Road,JAMIESON,WYNDHAM,-37.89673,144.7539,2022,1,January,14,Midday,Weekday
T20220000682,2022-01-07,10:00:00,1,Collision with vehicle,5,Friday,114,TWO RIGHT TURNING (INTERSECTIONS ONLY),1,35626,Cross intersection,3,60,Arterial Highway,MAIN,KINGSTON,-38.008427,145.08789,2022,1,January,10,Midday,Weekday
T20220000607,2022-01-07,14:40:00,1,Collision with vehicle,5,Friday,111,RIGHT FAR (INTERSECTIONS ONLY),1,38800,Cross intersection,3,60,Arterial Highway,MORELAND,MARIBYRNONG,-37.807358,144.90414,2022,1,January,14,Midday,Weekday
T20220000419,2022-01-07,16:30:00,1,Collision with vehicle,5,Friday,120,HEAD ON (NOT OVERTAKING),1,43662,Cross intersection,3,60,Arterial Other,GAP,HUME,-37.578457,144.71011,2022,1,January,16,Afternoon Peak,Weekday
T20220000379,2022-01-07,04:30:00,1,Collision with vehicle,5,Friday,130,REAR END(VEHICLES IN SAME LANE),3,701360,Cross intersection,3,60,Arterial Highway,BELL,MORELAND,-37.74094,144.96265,2022,1,January,4,Late Night,Weekday
T20220002744,2022-01-07,09:13:00,1,Collision with vehicle,5,Friday,130,REAR END(VEHICLES IN SAME LANE),1,45643,Cross intersection,3,40,Arterial Other,SYDNEY,MORELAND,-37.745007,144.96594,2022,1,January,9,Morning Peak,Weekday
T20220001842,2022-01-07,09:30:00,1,Collision with vehicle,5,Friday,131,LEFT REAR,1,715416,T intersection,3,60,Arterial Other,DANDENONG,GLEN EIRA,-37.881107,145.04959,2022,1,January,9,Morning Peak,Weekday
T20220000436,2022-01-07,12:38:00,1,Collision with vehicle,5,Friday,130,REAR END(VEHICLES IN SAME LANE),1,706735,Cross intersection,3,70,Arterial Highway,NEPEAN,MORNINGTON PENINSULA,-38.229496,145.04471,2022,1,January,12,Midday,Weekday
T20220005571,2022-01-07,19:00:00,4,Collision with a fixed object,5,Friday,173,RIGHT OFF CARRIAGEWAY INTO OBJECT/PARKED VEHICLE,1,724036,Not at intersection,3,60,Arterial Other,NAR NAR GOON-LONGWARRY,CARDINIA,-38.085392,145.62787,2022,1,January,19,Night,Weekday
T20220005801,2022-01-07,13:00:00,8,No collision and no object struck,5,Friday,174,OUT OF CONTROL ON CARRIAGEWAY (ON STRAIGHT),1,46519,T intersection,3,40,Arterial Other,MALVERN,STONNINGTON,-37.84698,144.995,2022,1,January,13,Midday,Weekday
T20220000603,2022-01-07,15:20:00,6,Vehicle overturned (no collision),5,Friday,174,OUT OF CONTROL ON CARRIAGEWAY (ON STRAIGHT),1,702042,T intersection,2,60,Local Road,CAELLIS,BENDIGO,-36.625397,144.34572,2022,1,January,15,Afternoon Peak,Weekday
T20220000400,2022-01-07,13:20:00,4,Collision with a fixed object,5,Friday,171,LEFT OFF CARRIAGEWAY INTO OBJECT/PARKED VEHICLE,1,701539,Not at intersection,2,100,Arterial Other,BENALLA-YARRAWONGA,BENALLA,-36.460293,145.99586,2022,1,January,13,Midday,Weekday
T20220000426,2022-01-07,21:20:00,1,Collision with vehicle,5,Friday,120,HEAD ON (NOT OVERTAKING),3,757369,Not at intersection,2,50,Local Road,WIDFORD,HUME,-37.69224,144.9256,2022,1,January,21,Night,Weekday
T20220002264,2022-01-07,18:30:00,1,Collision with vehicle,5,Friday,130,REAR END(VEHICLES IN SAME LANE),1,703810,Not at intersection,3,80,Arterial Highway,SPRINGVALE,WHITEHORSE,-37.824505,145.17482,2022,1,January,18,Afternoon Peak,Weekday
T20220000390,2022-01-07,11:20:00,4,Collision with a fixed object,5,Friday,181,OFF RIGHT BEND INTO OBJECT/PARKED VEHICLE,1,757367,Not at intersection,2,60,Arterial Other,BELGRAVE-GEMBROOK,CARDINIA,-37.930992,145.43205,2022,1,January,11,Midday,Weekday
T20220001087,2022-01-07,18:10:00,6,Vehicle overturned (no collision),5,Friday,174,OUT OF CONTROL ON CARRIAGEWAY (ON STRAIGHT),1,702954,Not at intersection,3,50,Local Road,RAYNER,HOBSONS BAY,-37.866848,144.82086,2022,1,January,18,Afternoon Peak,Weekday
T20220000384,2022-01-07,11:45:00,1,Collision with vehicle,5,Friday,130,REAR END(VEHICLES IN SAME LANE),1,731294,Not at intersection,2,60,Arterial Other,FRANKSTON-FLINDERS,MORNINGTON PENINSULA,-38.33739,145.1772,2022,1,January,11,Midday,Weekday
T20220000397,2022-01-07,13:08:00,1,Collision with vehicle,5,Friday,120,HEAD ON (NOT OVERTAKING),1,701652,Not at intersection,3,100,Local Road,EMU CREEK,BENDIGO,-36.84117,144.35101,2022,1,January,13,Midday,Weekday
T20220000394,2022-01-07,12:13:00,8,No collision and no object struck,5,Friday,174,OUT OF CONTROL ON CARRIAGEWAY (ON STRAIGHT),1,172749,Not at intersection,3,50,Local Road,HARGREAVES,BENDIGO,-36.753708,144.2889,2022,1,January,12,Midday,Weekday
T20220000386,2022-01-07,11:00:00,4,Collision with a fixed object,5,Friday,181,OFF RIGHT BEND INTO OBJECT/PARKED VEHICLE,1,704953,Not at intersection,3,60,Arterial Other,RINGWOOD-WARRANDYTE,MANNINGHAM,-37.755253,145.2331,2022,1,January,11,Midday,Weekday