ACCIDENT_NO,ACCIDENT_DATE,ACCIDENT_TIME,ACCIDENT_TYPE,ACCIDENT_TYPE_DESC,DAY_OF_WEEK,DAY_WEEK_DESC,DCA_CODE,DCA_DESC,LIGHT_CONDITION,NODE_ID,ROAD_GEOMETRY_DESC,SEVERITY,SPEED_ZONE,RMA,ROAD_NAME,LGA_NAME,LATITUDE,LONGITUDE,YEAR,MONTH,MONTH_NAME,HOUR,TIME_PERIOD,DAY_TYPE
T20220000395,2022-01-07,10:50:00,1,Collision with vehicle,5,Friday,120,HEAD ON (NOT OVERTAKING),1,687970,Not at intersection,3,60,Arterial Other,MONBULK,YARRA RANGES,-37.866035,145.41017,2022,1,January,10,Midday,Weekday
T20220004010,2022-01-07,18:25:00,1,Collision with vehicle,5,Friday,160,VEHICLE COLLIDES WITH VEHICLE PARKED ON LEFT OF ROAD,2,706906,Not at intersection,3,50,Local Road,KALLISTA,DANDENONG,-37.957695,145.1473,2022,1,January,18,Afternoon Peak,Weekday
T20220000387,2022-01-07,11:30:00,4,Collision with a fixed object,5,Friday,171,LEFT OFF CARRIAGEWAY INTO OBJECT/PARKED VEHICLE,1,712465,Not at intersection,3,100,Arterial Other,MAIN NEERIM,BAW BAW,-38.063587,145.93126,2022,1,January,11,Midday,Weekday
T20220000424,2022-01-07,20:44:00,1,Collision with vehicle,5,Friday,160,VEHICLE COLLIDES WITH VEHICLE PARKED ON LEFT OF ROAD,2,701331,Not at intersection,1,50,Local Road,PERRY,WANGARATTA,-36.36421,146.31732,2022,1,January,20,Night,Weekday
T20220000534,2022-01-07,22:30:00,1,Collision with vehicle,5,Friday,119,OTHER ADJACENT (INTERSECTIONS ONLY),3,57645,T intersection,3,50,Local Road,EASTERN BEACH,GEELONG,-38.14416,144.36218,2022,1,January,22,Night,Weekday
T20220000422,2022-01-07,20:45:00,1,Collision with vehicle,5,Friday,121,RIGHT THROUGH,1,55301,Cross intersection,2,60,Local Road,CAROLINE SPRINGS,MELTON,-37.74324,144.73558,2022,1,January,20,Night,Weekday
T20220000711,2022-01-07,18:15:00,4,Collision with a fixed object,5,Friday,175,OFF END OF ROAD/T-INTERSECTION.,2,38997,T intersection,2,50,Local Road,FLORENCE,BOROONDARA,-37.805134,145.04968,2022,1,January,18,Afternoon Peak,Weekday
T20220000421,2022-01-07,14:22:00,1,Collision with vehicle,5,Friday,110,CROSS TRAFFIC(INTERSECTIONS ONLY),1,701419,Cross intersection,3,50,Local Road,HARRIS,BASS COAST,-38.46662,145.17532,2022,1,January,14,Midday,Weekday
T20220000538,2022-01-08,14:20:00,1,Collision with vehicle,6,Saturday,121,RIGHT THROUGH,1,29646,Cross intersection,3,60,Arterial Other,NEERIM,GLEN EIRA,-37.88727,145.04613,2022,1,January,14,Midday,Weekend
T20220000441,2022-01-08,08:40:00,1,Collision with vehicle,6,Saturday,110,CROSS TRAFFIC(INTERSECTIONS ONLY),1,73402,Cross intersection,2,60,Local Road,BEACH,SURF COAST,-38.326717,144.32367,2022,1,January,8,Morning Peak,Weekend
T20220000494,2022-01-08,20:00:00,1,Collision with vehicle,6,Saturday,110,CROSS TRAFFIC(INTERSECTIONS ONLY),2,305568,Cross intersection,3,80,Arterial Other,MURRUMBEENA,GLEN EIRA,-37.88474,145.06744,2022,1,January,20,Night,Weekend
T20220000445,2022-01-08,07:00:00,1,Collision with vehicle,6,Saturday,111,RIGHT FAR (INTERSECTIONS ONLY),1,841,Cross intersection,3,80,Arterial Highway,LOWER DANDENONG,KINGSTON,-37.986614,145.10925,2022,1,January,7,Morning Peak,Weekend
T20220000431,2022-01-08,00:05:00,4,Collision with a fixed object,6,Saturday,173,RIGHT OFF CARRIAGEWAY INTO OBJECT/PARKED VEHICLE,3,29554,Cross intersection,2,70,Arterial Other,KINGS,BRIMBANK,-37.734295,144.78087,2022,1,January,0,Late Night,Weekend
T20220000434,2022-01-08,01:35:00,2,Struck Pedestrian,6,Saturday,105,PED WALKING AGAINST TRAFFIC.,3,701332,Not at intersection,1,70,Arterial Other,SYDNEY,MORELAND,-37.69749,144.95923,2022,1,January,1,Late Night,Weekend
T20220002356,2022-01-08,14:15:00,1,Collision with vehicle,6,Saturday,113,RIGHT NEAR (INTERSECTIONS ONLY),1,29632,T intersection,3,50,Local Road,FOREST,KNOX,-37.865673,145.29846,2022,1,January,14,Midday,Weekend
T20220000439,2022-01-08,07:45:00,4,Collision with a fixed object,6,Saturday,173,RIGHT OFF CARRIAGEWAY INTO OBJECT/PARKED VEHICLE,1,701540,Not at intersection,3,60,Arterial Other,MAIN SOUTH,BAW BAW,-38.140987,145.8557,2022,1,January,7,Morning Peak,Weekend
T20220000466,2022-01-08,17:55:00,4,Collision with a fixed object,6,Saturday,175,OFF END OF ROAD/T-INTERSECTION.,1,701753,T intersection,3,50,Local Road,BARLYN,MONASH,-37.856842,145.11627,2022,1,January,17,Afternoon Peak,Weekend
T20220000448,2022-01-08,10:25:00,1,Collision with vehicle,6,Saturday,160,VEHICLE COLLIDES WITH VEHICLE PARKED ON LEFT OF ROAD,1,701420,Not at intersection,2,60,Local Road,CHUM,BENDIGO,-36.761715,144.26149,2022,1,January,10,Midday,Weekend
T20220000619,2022-01-08,12:15:00,1,Collision with vehicle,6,Saturday,111,RIGHT FAR (INTERSECTIONS ONLY),1,47811,Cross intersection,2,50,Local Road,GLADE,HOBSONS BAY,-37.827805,144.84145,2022,1,January,12,Midday,Weekend
T20220000626,2022-01-08,11:45:00,6,Vehicle overturned (no collision),6,Saturday,174,OUT OF CONTROL ON CARRIAGEWAY (ON STRAIGHT),1,705403,Not at intersection,3,60,Local Road,TORBETTS,YARRA RANGES,-37.86432,145.70715,2022,1,January,11,Midday,Weekend
T20220000443,2022-01-08,07:40:00,6,Vehicle overturned (no collision),6,Saturday,170,OFF CARRIAGEWAY TO LEFT,1,703628,Not at intersection,3,100,Arterial Other,ROKEWOOD-SKIPTON,GOLDEN PLAINS,-37.7665,143.51492,2022,1,January,7,Morning Peak,Weekend
T20220001314,2022-01-08,13:10:00,1,Collision with vehicle,6,Saturday,130,REAR END(VEHICLES IN SAME LANE),9,778641,Not at intersection,3,60,Freeway,MONASH,CASEY,-38.023434,145.31549,2022,1,January,13,Midday,Weekend
T20220000455,2022-01-08,14:00:00,1,Collision with vehicle,6,Saturday,148,VEHICLE OFF FOOTPATH STRIKES VEH ON CARRIAGEWAY,1,296711,Not at intersection,3,60,Arterial Other,NAPOLEON,KNOX,-37.91084,145.27486,2022,1,January,14,Midday,Weekend
T20220000467,2022-01-08,15:00:00,1,Collision with vehicle,6,Saturday,121,RIGHT THROUGH,1,44822,Cross intersection,3,60,Arterial Other,BRIDGE,NILLUMBIK,-37.718468,145.14168,2022,1,January,15,Afternoon Peak,Weekend
T20220000468,2022-01-08,17:05:00,1,Collision with vehicle,6,Saturday,110,CROSS TRAFFIC(INTERSECTIONS ONLY),1,53464,Cross intersection,3,80,Arterial Highway,SPRINGVALE,DANDENONG,-37.982437,145.14616,2022,1,January,17,Afternoon Peak,Weekend
T20220000444,2022-01-08,09:00:00,4,Collision with a fixed object,6,Saturday,173,RIGHT OFF CARRIAGEWAY INTO OBJECT/PARKED VEHICLE,1,702995,Not at intersection,3,80,Local Road,LOVELY BANKS,GEELONG,-38.068947,144.31592,2022,1,January,9,Morning Peak,Weekend
T20220000459,2022-01-08,14:20:00,1,Collision with vehicle,6,Saturday,113,RIGHT NEAR (INTERSECTIONS ONLY),1,701422,T intersection,3,60,Local Road,POATH,GLEN EIRA,-37.895958,145.07649,2022,1,January,14,Midday,Weekend
T20220000477,2022-01-08,23:25:00,2,Struck Pedestrian,6,Saturday,106,VEH STRIKES PED ON FOOTPATH/MEDIAN/TRAFFIC ISLAND.,3,703657,Not at intersection,2,50,Local Road,DRUMMOND,MELBOURNE,-37.79872,144.96878,2022,1,January,23,Night,Weekend
T20220000449,2022-01-08,10:58:00,6,Vehicle overturned (no collision),6,Saturday,174,OUT OF CONTROL ON CARRIAGEWAY (ON STRAIGHT),1,701421,Not at intersection,3,40,Local Road,ALFRED,MELTON,-37.72179,144.6093,2022,1,January,10,Midday,Weekend
T20220001017,2022-01-08,16:30:00,8,No collision and no object struck,6,Saturday,184,OUT OF CONTROL ON CARRIAGEWAY (ON BEND),1,731313,Not at intersection,3,50,Arterial Other,YARRA,BOROONDARA,-37.80564,145.0012,2022,1,January,16,Afternoon Peak,Weekend
T20220000461,2022-01-08,15:05:00,1,Collision with vehicle,6,Saturday,121,RIGHT THROUGH,1,36085,Cross intersection,3,60,Arterial Other,DRYBURGH,MELBOURNE,-37.802387,144.9436,2022,1,January,15,Afternoon Peak,Weekend
T20220000447,2022-01-08,08:45:00,1,Collision with vehicle,6,Saturday,121,RIGHT THROUGH,1,738064,Not at intersection,3,60,Arterial Other,GAP,HUME,-37.578705,144.71252,2022,1,January,8,Morning Peak,Weekend
T20220000475,2022-01-08,21:52:00,8,No collision and no object struck,6,Saturday,170,OFF CARRIAGEWAY TO LEFT,5,701541,Not at intersection,3,80,Arterial Highway,PHILLIP ISLAND,BASS COAST,-38.51795,145.32185,2022,1,January,21,Night,Weekend
T20220000465,2022-01-08,14:25:00,4,Collision with a fixed object,6,Saturday,183,OFF LEFT BEND INTO OBJECT/PARKED VEHICLE,1,706456,Not at intersection,3,60,Arterial Other,BELGRAVE-GEMBROOK,YARRA RANGES,-37.90921,145.3626,2022,1,January,14,Midday,Weekend
T20220000442,2022-01-08,07:28:00,4,Collision with a fixed object,6,Saturday,181,OFF RIGHT BEND INTO OBJECT/PARKED VEHICLE,1,701653,Not at intersection,3,100,Arterial Highway,GLENELG,SOUTHERN GRAMPIANS,-37.60299,141.72537,2022,1,January,7,Morning Peak,Weekend
T20220000596,2022-01-08,12:25:00,1,Collision with vehicle,6,Saturday,140,U TURN,1,704335,Not at intersection,3,50,Local Road,WEST,MORELAND,-37.704147,144.93884,2022,1,January,12,Midday,Weekend
T20220000713,2022-01-08,13:22:00,1,Collision with vehicle,6,Saturday,152,PULLING OUT (OVERTAKING),1,704377,Not at intersection,3,100,Local Road,BROADFORD-WANDONG,MITCHELL,-37.32078,145.04631,2022,1,January,13,Midday,Weekend
T20220000781,2022-01-08,16:24:00,1,Collision with vehicle,6,Saturday,137,LEFT TURN SIDESWIPE,1,701902,Not at intersection,3,30,Local Road,ALBERT,PORT PHILLIP,-37.834576,144.97168,2022,1,January,16,Afternoon Peak,Weekend
T20220000462,2022-01-08,14:55:00,1,Collision with vehicle,6,Saturday,130,REAR END(VEHICLES IN SAME LANE),1,712005,T intersection,2,80,Local Road,BULLA-DIGGERS REST,HUME,-37.63093,144.79256,2022,1,January,14,Midday,Weekend
T20220000560,2022-01-09,15:09:00,1,Collision with vehicle,7,Sunday,160,VEHICLE COLLIDES WITH VEHICLE PARKED ON LEFT OF ROAD,1,701655,Not at intersection,2,50,Local Road,FERNDALE,BOROONDARA,-37.855156,145.0713,2022,1,January,15,Afternoon Peak,Weekend
T20220000500,2022-01-09,09:00:00,1,Collision with vehicle,7,Sunday,121,RIGHT THROUGH,1,49846,Cross intersection,2,50,Arterial Highway,CHURCH,GEELONG,-38.1321,144.34993,2022,1,January,9,Morning Peak,Weekend
T20220000516,2022-01-09,18:15:00,4,Collision with a fixed object,7,Sunday,171,LEFT OFF CARRIAGEWAY INTO OBJECT/PARKED VEHICLE,1,29761,Cross intersection,3,80,Arterial Other,THOMPSONS,CASEY,-38.079994,145.25813,2022,1,January,18,Afternoon Peak,Weekend
T20220000506,2022-01-09,12:30:00,4,Collision with a fixed object,7,Sunday,175,OFF END OF ROAD/T-INTERSECTION.,1,702947,T intersection,3,50,Local Road,HERIOT,CORANGAMITE,-37.957165,143.34248,2022,1,January,12,Midday,Weekend
T20220000503,2022-01-09,12:13:00,1,Collision with vehicle,7,Sunday,110,CROSS TRAFFIC(INTERSECTIONS ONLY),1,59246,Cross intersection,2,80,Arterial Highway,GOULBURN VALLEY,SHEPPARTON,-36.440807,145.38884,2022,1,January,12,Midday,Weekend
T20220000501,2022-01-09,12:02:00,1,Collision with vehicle,7,Sunday,169,OTHER ON PATH,1,711947,Not at intersection,3,60,Arterial Other,MAIN,BRIMBANK,-37.745613,144.8114,2022,1,January,12,Midday,Weekend
T20220000491,2022-01-09,05:48:00,4,Collision with a fixed object,7,Sunday,175,OFF END OF ROAD/T-INTERSECTION.,2,231810,T intersection,2,40,Local Road,EDWARD,MORELAND,-37.77551,144.97624,2022,1,January,5,Morning Peak,Weekend
T20220000521,2022-01-09,21:35:00,2,Struck Pedestrian,7,Sunday,103,PED PLAYING/LYING/WORKING/STANDING ON CARRIAGEWAY.,2,29495,Cross intersection,3,60,Arterial Other,PLENTY,DAREBIN,-37.74315,145.00812,2022,1,January,21,Night,Weekend
T20220000487,2022-01-09,07:55:00,4,Collision with a fixed object,7,Sunday,183,OFF LEFT BEND INTO OBJECT/PARKED VEHICLE,1,701542,Not at intersection,2,60,Freeway,MELBOURNE-HUME IN,WODONGA,-36.109985,146.86073,2022,1,January,7,Morning Peak,Weekend
T20220002941,2022-01-09,15:15:00,1,Collision with vehicle,7,Sunday,113,RIGHT NEAR (INTERSECTIONS ONLY),1,57853,T intersection,3,70,Local Road,LIVINGSTONE,CARDINIA,-38.08456,145.47249,2022,1,January,15,Afternoon Peak,Weekend
T20220008858,2022-01-09,13:00:00,4,Collision with a fixed object,7,Sunday,164,PERMANENT OBSTRUCTION ON CARRIAGEWAY,1,710245,Not at intersection,3,80,Local Road,MYRTLEFORD-STANLEY,ALPINE,-36.472122,146.75685,2022,1,January,13,Midday,Weekend
T20220000502,2022-01-09,09:00:00,1,Collision with vehicle,7,Sunday,160,VEHICLE COLLIDES WITH VEHICLE PARKED ON LEFT OF ROAD,1,701840,Not at intersection,3,50,Local Road,HARTLEIGH,CASEY,-38.121185,145.33678,2022,1,January,9,Morning Peak,Weekend
T20220000812,2022-01-09,11:40:00,1,Collision with vehicle,7,Sunday,120,HEAD ON (NOT OVERTAKING),1,702407,Not at intersection,3,70,Arterial Other,MOUNTAIN,YARRA RANGES,-37.862274,145.34224,2022,1,January,11,Midday,Weekend
T20220000495,2022-01-09,11:09:00,1,Collision with vehicle,7,Sunday,121,RIGHT THROUGH,1,350632,T intersection,2,80,Arterial Other,LINDRUM,FRANKSTON,-38.15154,145.15302,2022,1,January,11,Midday,Weekend
T20220002277,2022-01-10,22:20:00,1,Collision with vehicle,1,Monday,130,REAR END(VEHICLES IN SAME LANE),3,279266,Cross intersection,2,80,Arterial Other,BERWICK-CRANBOURNE,CASEY,-38.11515,145.29892,2022,1,January,22,Night,Weekday
T20220000536,2022-01-10,04:23:00,1,Collision with vehicle,1,Monday,110,CROSS TRAFFIC(INTERSECTIONS ONLY),2,43631,Cross intersection,3,80,Arterial Highway,PRINCES,CASEY,-38.026066,145.30669,2022,1,January,4,Late Night,Weekday
T20220000530,2022-01-10,01:45:00,4,Collision with a fixed object,1,Monday,173,RIGHT OFF CARRIAGEWAY INTO OBJECT/PARKED VEHICLE,5,706767,Not at intersection,2,100,Arterial Other,BENDIGO-MARYBOROUGH,BENDIGO,-36.816162,144.11613,2022,1,January,1,Late Night,Weekday
T20220000547,2022-01-10,07:30:00,1,Collision with vehicle,1,Monday,130,REAR END(VEHICLES IN SAME LANE),1,701580,Not at intersection,3,60,Local Road,ALBERT,BALLARAT,-37.478542,143.79196,2022,1,January,7,Morning Peak,Weekday
T20220000660,2022-01-10,15:00:00,1,Collision with vehicle,1,Monday,130,REAR END(VEHICLES IN SAME LANE),1,701841,Not at intersection,3,80,Arterial Other,MELTON,BRIMBANK,-37.694225,144.76192,2022,1,January,15,Afternoon Peak,Weekday
T20220001202,2022-01-10,13:45:00,1,Collision with vehicle,1,Monday,110,CROSS TRAFFIC(INTERSECTIONS ONLY),1,51011,Cross intersection,3,60,Arterial Other,GRETA,WANGARATTA,-36.365192,146.31488,2022,1,January,13,Midday,Weekday
T20220000542,2022-01-10,07:30:00,1,Collision with vehicle,1,Monday,121,RIGHT THROUGH,1,29766,Cross intersection,3,60,Arterial Highway,SOUTH GIPPSLAND,CASEY,-38.113033,145.28279,2022,1,January,7,Morning Peak,Weekday
T20220000573,2022-01-10,16:20:00,4,Collision with a fixed object,1,Monday,173,RIGHT OFF CARRIAGEWAY INTO OBJECT/PARKED VEHICLE,1,705634,Not at intersection,2,80,Arterial Other,STRATH CREEK,MITCHELL,-37.223724,145.1399,2022,1,January,16,Afternoon Peak,Weekday
T20220000574,2022-01-10,17:49:00,2,Struck Pedestrian,1,Monday,107,PED ON FOOTHPATH STRUCK BY VEHENTERING/LEAVING DRIVEWAY.,1,706769,Not at intersection,2,50,Local Road,SANDPIPER,WYNDHAM,-37.889736,144.67798,2022,1,January,17,Afternoon Peak,Weekday
T20220002478,2022-01-10,14:50:00,4,Collision with a fixed object,1,Monday,183,OFF LEFT BEND INTO OBJECT/PARKED VEHICLE,1,703826,T intersection,3,80,Arterial Other,ROSSITER,CARDINIA,-38.20859,145.47241,2022,1,January,14,Midday,Weekday
T20220000604,2022-01-10,18:35:00,4,Collision with a fixed object,1,Monday,173,RIGHT OFF CARRIAGEWAY INTO OBJECT/PARKED VEHICLE,1,706768,Not at intersection,2,100,Local Road,GEODETIC,STRATHBOGIE,-36.64581,145.4318,2022,1,January,18,Afternoon Peak,Weekday
T20220000575,2022-01-10,14:40:00,1,Collision with vehicle,1,Monday,112,LEFT FAR (INTERSECTIONS ONLY),1,245155,T intersection,3,50,Local Road,ARBROATH,KNOX,-37.8585,145.24213,2022,1,January,14,Midday,Weekday
T20220001304,2022-01-10,05:55:00,1,Collision with vehicle,1,Monday,134,LANE CHANGE RIGHT (NOT OVERTAKING),2,703348,Not at intersection,3,80,Freeway,WEST GATE,MARIBYRNONG,-37.8245,144.87444,2022,1,January,5,Morning Peak,Weekday
T20220000582,2022-01-10,18:50:00,4,Collision with a fixed object,1,Monday,171,LEFT OFF CARRIAGEWAY INTO OBJECT/PARKED VEHICLE,1,704635,Not at intersection,3,60,Arterial Other,THOMPSONS,CASEY,-38.077835,145.24084,2022,1,January,18,Afternoon Peak,Weekday
T20220000564,2022-01-10,14:54:00,1,Collision with vehicle,1,Monday,130,REAR END(VEHICLES IN SAME LANE),1,747521,Not at intersection,3,40,Freeway,MONASH,DANDENONG,-37.939217,145.19702,2022,1,January,14,Midday,Weekday
T20220000563,2022-01-10,08:30:00,1,Collision with vehicle,1,Monday,130,REAR END(VEHICLES IN SAME LANE),1,710223,T intersection,3,60,Arterial Highway,BELL,MORELAND,-37.742226,144.97433,2022,1,January,8,Morning Peak,Weekday
T20220000553,2022-01-10,11:00:00,1,Collision with vehicle,1,Monday,132,RIGHT REAR.,1,44975,T intersection,2,60,Arterial Other,MAIN,BRIMBANK,-37.745422,144.80981,2022,1,January,11,Midday,Weekday
T20220000555,2022-01-10,12:37:00,1,Collision with vehicle,1,Monday,130,REAR END(VEHICLES IN SAME LANE),1,277920,T intersection,2,60,Arterial Other,GORDON,MARIBYRNONG,-37.78226,144.89122,2022,1,January,12,Midday,Weekday
T20220000571,2022-01-10,15:40:00,4,Collision with a fixed object,1,Monday,175,OFF END OF ROAD/T-INTERSECTION.,1,40267,T intersection,3,40,Arterial Other,HIGH,STONNINGTON,-37.85621,145.02611,2022,1,January,15,Afternoon Peak,Weekday
T20220000580,2022-01-10,21:00:00,4,Collision with a fixed object,1,Monday,171,LEFT OFF CARRIAGEWAY INTO OBJECT/PARKED VEHICLE,2,705031,Not at intersection,3,60,Arterial Other,BLACKBURN,MONASH,-37.86445,145.14987,2022,1,January,21,Night,Weekday
T20220000577,2022-01-10,14:18:00,1,Collision with vehicle,1,Monday,113,RIGHT NEAR (INTERSECTIONS ONLY),1,278703,Multiple intersection,1,70,Freeway,BACCHUS MARSH,GEELONG,-38.05862,144.35825,2022,1,January,14,Midday,Weekday
T20220000581,2022-01-10,20:45:00,8,No collision and no object struck,1,Monday,174,OUT OF CONTROL ON CARRIAGEWAY (ON STRAIGHT),3,289695,T intersection,2,80,Arterial Highway,NORTHERN,MITCHELL,-37.396503,144.9778,2022,1,January,20,Night,Weekday
T20220000588,2022-01-10,23:00:00,4,Collision with a fixed object,1,Monday,173,RIGHT OFF CARRIAGEWAY INTO OBJECT/PARKED VEHICLE,3,747522,Not at intersection,3,60,Arterial Other,BONEO,MORNINGTON PENINSULA,-38.387318,144.88853,2022,1,January,23,Night,Weekday
T20220001218,2022-01-10,12:00:00,1,Collision with vehicle,1,Monday,130,REAR END(VEHICLES IN SAME LANE),1,703331,Not at intersection,3,60,Arterial Other,HULL,YARRA RANGES,-37.785957,145.31956,2022,1,January,12,Midday,Weekday
T20220000925,2022-01-10,16:50:00,1,Collision with vehicle,1,Monday,130,REAR END(VEHICLES IN SAME LANE),1,702850,Not at intersection,3,60,Arterial Highway,BRIGHTON ROAD SERVICE,PORT PHILLIP,-37.871994,144.98944,2022,1,January,16,Afternoon Peak,Weekday
T20220000584,2022-01-10,10:08:00,4,Collision with a fixed object,1,Monday,173,RIGHT OFF CARRIAGEWAY INTO OBJECT/PARKED VEHICLE,1,710949,Not at intersection,2,100,Arterial Other,CARLISLE,COLAC OTWAY,-38.513676,143.41356,2022,1,January,10,Midday,Weekday
T20220000541,2022-01-10,09:20:00,1,Collision with vehicle,1,Monday,121,RIGHT THROUGH,1,701896,Cross intersection,3,50,Local Road,CHURCH,BENALLA,-36.549458,145.98393,2022,1,January,9,Morning Peak,Weekday
T20220000532,2022-01-10,02:40:00,8,No collision and no object struck,1,Monday,174,OUT OF CONTROL ON CARRIAGEWAY (ON STRAIGHT),3,52889,Cross intersection,2,50,Local Road,ARMSTRONG,BALLARAT,-37.564003,143.85588,2022,1,January,2,Late Night,Weekday
T20220000550,2022-01-10,10:45:00,1,Collision with vehicle,1,Monday,132,RIGHT REAR.,1,712466,T intersection,2,100,Arterial Other,COBDEN-WARRNAMBOOL,MOYNE,-38.39286,142.79196,2022,1,January,10,Midday,Weekday
T20220000551,2022-01-10,10:30:00,1,Collision with vehicle,1,Monday,110,CROSS TRAFFIC(INTERSECTIONS ONLY),1,731298,Cross intersection,3,60,Local Road,VICTA,BENDIGO,-36.743134,144.31938,2022,1,January,10,Midday,Weekday
T20220000662,2022-01-11,12:00:00,1,Collision with vehicle,2,Tuesday,130,REAR END(VEHICLES IN SAME LANE),1,45834,T intersection,3,60,Arterial Other,WAVERLEY,STONNINGTON,-37.87833,145.07983,2022,1,January,12,Midday,Weekday
T20220000737,2022-01-11,15:55:00,8,No collision and no object struck,2,Tuesday,170,OFF CARRIAGEWAY TO LEFT,1,731302,Not at intersection,3,100,Arterial Highway,HENTY,GLENELG,-38.09175,141.6571,2022,1,January,15,Afternoon Peak,Weekday
T20220000624,2022-01-11,15:43:00,1,Collision with vehicle,2,Tuesday,121,RIGHT THROUGH,1,15335,Cross intersection,3,60,Arterial Other,GISBORNE,MOORABOOL,-37.662792,144.43996,2022,1,January,15,Afternoon Peak,Weekday
T20220000621,2022-01-11,15:30:00,1,Collision with vehicle,2,Tuesday,121,RIGHT THROUGH,1,47219,T intersection,3,60,Arterial Highway,MELBA,YARRA RANGES,-37.65253,145.37627,2022,1,January,15,Afternoon Peak,Weekday
T20220000614,2022-01-11,14:20:00,1,Collision with vehicle,2,Tuesday,116,LEFT NEAR (INTERSECTIONS ONLY),1,243933,T intersection,3,80,Arterial Highway,CALDER,BENDIGO,-36.76004,144.2277,2022,1,January,14,Midday,Weekday
T20220000606,2022-01-11,10:30:00,1,Collision with vehicle,2,Tuesday,121,RIGHT THROUGH,1,51693,T intersection,3,60,Local Road,KECK,BENDIGO,-36.776287,144.28938,2022,1,January,10,Midday,Weekday
T20220000631,2022-01-11,19:45:00,2,Struck Pedestrian,2,Tuesday,100,PED NEAR SIDE. PED HIT BY VEHICLE FROM THE RIGHT.,1,702602,Cross intersection,2,50,Arterial Other,SPENCER,MELBOURNE,-37.8061,144.94475,2022,1,January,19,Night,Weekday
T20220000636,2022-01-11,19:24:00,6,Vehicle overturned (no collision),2,Tuesday,179,OTHER ACCIDENTS-OFF STRAIGHT NOT INCLUDED IN DCAs 170-175,1,731301,Not at intersection,3,60,Local Road,RECREATION,BALLARAT,-37.605305,143.88788,2022,1,January,19,Night,Weekday
T20220000611,2022-01-11,13:20:00,1,Collision with vehicle,2,Tuesday,139,OTHER SAME DIRECTION-MANOUEVRES NOT INCLUDED IN DCAs 130-137,1,775925,Not at intersection,2,50,Local Road,GRAHAM,HUME,-37.692,144.92953,2022,1,January,13,Midday,Weekday
T20220000602,2022-01-11,11:40:00,1,Collision with vehicle,2,Tuesday,140,U TURN,1,711263,Not at intersection,3,60,Arterial Other,ELEVENTH,MILDURA,-34.18249,142.14894,2022,1,January,11,Midday,Weekday
T20220000616,2022-01-11,15:00:00,1,Collision with vehicle,2,Tuesday,147,VEHICLE STRIKES ANOTHER VEH WHILE EMERGING FROM DRIVEWAY,1,705407,Not at intersection,3,60,Arterial Other,HULL,MAROONDAH,-37.790054,145.30875,2022,1,January,15,Afternoon Peak,Weekday
T20220000592,2022-01-11,06:45:00,6,Vehicle overturned (no collision),2,Tuesday,180,OFF CARRIAGEWAY ON RIGHT BEND,1,702848,Not at intersection,3,80,Freeway,HUME,MITCHELL,-36.9852,145.14226,2022,1,January,6,Morning Peak,Weekday
T20220000667,2022-01-12,11:00:00,6,Vehicle overturned (no collision),3,Wednesday,174,OUT OF CONTROL ON CARRIAGEWAY (ON STRAIGHT),1,702365,Not at intersection,2,80,Local Road,MOGGS CREEK,SURF COAST,-38.443634,143.9806,2022,1,January,11,Midday,Weekday
T20220000693,2022-01-12,19:40:00,1,Collision with vehicle,3,Wednesday,154,PULLING OUT -REAR END,1,41763,T intersection,3,60,Local Road,COLEMAN,MONASH,-37.87671,145.14949,2022,1,January,19,Night,Weekday
T20220000717,2022-01-12,10:17:00,1,Collision with vehicle,3,Wednesday,137,LEFT TURN SIDESWIPE,1,43210,T intersection,3,60,Arterial Highway,NEPEAN,KINGSTON,-38.035427,145.10666,2022,1,January,10,Midday,Weekday
T20220000694,2022-01-12,18:25:00,1,Collision with vehicle,3,Wednesday,132,RIGHT REAR.,1,296514,T intersection,3,60,Local Road,ORMOND,CASEY,-38.05775,145.29012,2022,1,January,18,Afternoon Peak,Weekday
T20220000715,2022-01-12,16:35:00,1,Collision with vehicle,3,Wednesday,120,HEAD ON (NOT OVERTAKING),1,709400,Not at intersection,3,50,Local Road,ROKEWOOD,HUME,-37.658848,144.91006,2022,1,January,16,Afternoon Peak,Weekday
T20220000669,2022-01-12,12:12:00,1,Collision with vehicle,3,Wednesday,110,CROSS TRAFFIC(INTERSECTIONS ONLY),1,52630,Cross intersection,3,100,Arterial Highway,WIMMERA,HORSHAM,-36.739025,142.11731,2022,1,January,12,Midday,Weekday
T20220000691,2022-01-12,16:30:00,4,Collision with a fixed object,3,Wednesday,173,RIGHT OFF CARRIAGEWAY INTO OBJECT/PARKED VEHICLE,1,708585,T intersection,2,80,Local Road,CARMICHAEL,MONASH,-37.90492,145.11212,2022,1,January,16,Afternoon Peak,Weekday
T20220000684,2022-01-12,15:20:00,1,Collision with vehicle,3,Wednesday,160,VEHICLE COLLIDES WITH VEHICLE PARKED ON LEFT OF ROAD,1,706771,Not at intersection,2,70,Arterial Highway,NEPEAN,FRANKSTON,-38.11956,145.12509,2022,1,January,15,Afternoon Peak,Weekday
T20220000646,2022-01-12,01:30:00,4,Collision with a fixed object,3,Wednesday,171,LEFT OFF CARRIAGEWAY INTO OBJECT/PARKED VEHICLE,5,701660,Not at intersection,1,80,Arterial Other,MICKLEHAM,HUME,-37.59579,144.88115,2022,1,January,1,Late Night,Weekday