ACCIDENT_NO,ACCIDENT_DATE,ACCIDENT_TIME,ACCIDENT_TYPE,ACCIDENT_TYPE_DESC,DAY_OF_WEEK,DAY_WEEK_DESC,DCA_CODE,DCA_DESC,LIGHT_CONDITION,NODE_ID,ROAD_GEOMETRY_DESC,SEVERITY,SPEED_ZONE,RMA,ROAD_NAME,LGA_NAME,LATITUDE,LONGITUDE,YEAR,MONTH,MONTH_NAME,HOUR,TIME_PERIOD,DAY_TYPE
T20220000703,2022-01-12,01:16:00,1,Collision with vehicle,3,Wednesday,160,VEHICLE COLLIDES WITH VEHICLE PARKED ON LEFT OF ROAD,3,784736,Not at intersection,2,60,Arterial Other,ST KILDA,MELBOURNE,-37.845512,144.97893,2022,1,January,1,Late Night,Weekday
T20220000678,2022-01-12,10:43:00,1,Collision with vehicle,3,Wednesday,111,RIGHT FAR (INTERSECTIONS ONLY),1,53196,T intersection,2,60,Local Road,BRIDGEWATER,HUME,-37.606556,144.92859,2022,1,January,10,Midday,Weekday
T20220000704,2022-01-12,19:00:00,4,Collision with a fixed object,3,Wednesday,181,OFF RIGHT BEND INTO OBJECT/PARKED VEHICLE,1,704722,Not at intersection,3,80,Local Road,DIGGERS,WYNDHAM,-37.959595,144.68553,2022,1,January,19,Night,Weekday
T20220000681,2022-01-12,13:40:00,1,Collision with vehicle,3,Wednesday,110,CROSS TRAFFIC(INTERSECTIONS ONLY),1,38787,Cross intersection,3,60,Arterial Other,MOORE,MARIBYRNONG,-37.795853,144.90413,2022,1,January,13,Midday,Weekday
T20220000705,2022-01-12,22:35:00,4,Collision with a fixed object,3,Wednesday,171,LEFT OFF CARRIAGEWAY INTO OBJECT/PARKED VEHICLE,3,720004,Not at intersection,3,50,Local Road,OAKWOOD,DANDENONG,-37.9655,145.2052,2022,1,January,22,Night,Weekday
T20220000917,2022-01-12,07:50:00,1,Collision with vehicle,3,Wednesday,114,TWO RIGHT TURNING (INTERSECTIONS ONLY),1,43876,T intersection,3,70,Arterial Other,EVANS,CASEY,-38.10937,145.2524,2022,1,January,7,Morning Peak,Weekday
T20220000707,2022-01-12,23:20:00,1,Collision with vehicle,3,Wednesday,110,CROSS TRAFFIC(INTERSECTIONS ONLY),3,166,Cross intersection,3,60,Local Road,FORSYTH,WYNDHAM,-37.867348,144.73453,2022,1,January,23,Night,Weekday
T20220000671,2022-01-12,11:40:00,1,Collision with vehicle,3,Wednesday,147,VEHICLE STRIKES ANOTHER VEH WHILE EMERGING FROM DRIVEWAY,1,705297,Not at intersection,2,100,Local Road,LINTON,CORANGAMITE,-37.89279,143.36404,2022,1,January,11,Midday,Weekday
T20220000699,2022-01-12,16:52:00,2,Struck Pedestrian,3,Wednesday,100,PED NEAR SIDE. PED HIT BY VEHICLE FROM THE RIGHT.,1,701882,T intersection,1,60,Local Road,SPRINGFIELD,WHITEHORSE,-37.81036,145.1517,2022,1,January,16,Afternoon Peak,Weekday
T20220000680,2022-01-12,15:55:00,1,Collision with vehicle,3,Wednesday,121,RIGHT THROUGH,1,701842,Multiple intersection,2,60,Arterial Other,CENTRE DANDENONG,KINGSTON,-37.972824,145.11601,2022,1,January,15,Afternoon Peak,Weekday
T20220004642,2022-01-12,12:40:00,6,Vehicle overturned (no collision),3,Wednesday,174,OUT OF CONTROL ON CARRIAGEWAY (ON STRAIGHT),1,51628,Cross intersection,3,50,Arterial Other,MYERS,BENDIGO,-36.76142,144.28339,2022,1,January,12,Midday,Weekday
T20220000651,2022-01-12,08:55:00,2,Struck Pedestrian,3,Wednesday,149,OTHER MANOEUVRING NOT INCLUDED IN DCAs 140-148,1,781783,T intersection,3,50,Local Road,SIMONS,GEELONG,-38.184174,144.47081,2022,1,January,8,Morning Peak,Weekday
T20220000696,2022-01-12,16:45:00,2,Struck Pedestrian,3,Wednesday,100,PED NEAR SIDE. PED HIT BY VEHICLE FROM THE RIGHT.,1,290,Cross intersection,2,60,Arterial Other,CHURCH,YARRA,-37.81182,145.00041,2022,1,January,16,Afternoon Peak,Weekday
T20220000670,2022-01-12,13:07:00,1,Collision with vehicle,3,Wednesday,130,REAR END(VEHICLES IN SAME LANE),1,701900,Not at intersection,3,60,Arterial Highway,ST KILDA,PORT PHILLIP,-37.859726,144.98387,2022,1,January,13,Midday,Weekday
T20220000748,2022-01-12,12:30:00,4,Collision with a fixed object,3,Wednesday,146,REVERSING INTO FIXED OBJECT/PARKED VEHICLE,1,720006,Not at intersection,3,100,Local Road,CARPENDEIT-BUNGADOR,CORANGAMITE,-38.39233,143.27068,2022,1,January,12,Midday,Weekday
T20220002872,2022-01-13,10:53:00,1,Collision with vehicle,4,Thursday,140,U TURN,1,731367,Not at intersection,2,60,Local Road,FOREST,BALLARAT,-37.539555,143.83142,2022,1,January,10,Midday,Weekday
T20220000753,2022-01-13,18:30:00,4,Collision with a fixed object,4,Thursday,171,LEFT OFF CARRIAGEWAY INTO OBJECT/PARKED VEHICLE,1,702075,Not at intersection,3,100,Arterial Highway,PRINCES,SURF COAST,-38.26424,143.90576,2022,1,January,18,Afternoon Peak,Weekday
T20220000719,2022-01-13,06:15:00,1,Collision with vehicle,4,Thursday,199,UNKNOWN-NO DETAILS ON MANOEUVRES OF ROAD-USERS IN ACCIDENT,6,703806,T intersection,2,50,Local Road,BEVERLEY,BANYULE,-37.752296,145.0764,2022,1,January,6,Morning Peak,Weekday
T20220000720,2022-01-13,10:37:00,1,Collision with vehicle,4,Thursday,121,RIGHT THROUGH,1,29604,Y intersection,2,60,Arterial Highway,DANDENONG,STONNINGTON,-37.868477,145.03127,2022,1,January,10,Midday,Weekday
T20220000722,2022-01-13,11:17:00,4,Collision with a fixed object,4,Thursday,171,LEFT OFF CARRIAGEWAY INTO OBJECT/PARKED VEHICLE,1,40867,T intersection,2,60,Arterial Other,MITCHAM,WHITEHORSE,-37.834866,145.1952,2022,1,January,11,Midday,Weekday
T20220000725,2022-01-13,08:09:00,1,Collision with vehicle,4,Thursday,110,CROSS TRAFFIC(INTERSECTIONS ONLY),1,38383,Cross intersection,3,60,Arterial Other,HEIDELBERG-WARRANDYTE,MANNINGHAM,-37.75041,145.16888,2022,1,January,8,Morning Peak,Weekday
T20220000727,2022-01-13,09:50:00,2,Struck Pedestrian,4,Thursday,107,PED ON FOOTHPATH STRUCK BY VEHENTERING/LEAVING DRIVEWAY.,1,702683,Dead end,2,50,Local Road,MARGARET,YARRA RANGES,-37.75232,145.30708,2022,1,January,9,Morning Peak,Weekday
T20220000734,2022-01-13,12:00:00,1,Collision with vehicle,4,Thursday,116,LEFT NEAR (INTERSECTIONS ONLY),1,51988,Cross intersection,2,80,Arterial Other,PAYNESVILLE,EAST GIPPSLAND,-37.90431,147.69797,2022,1,January,12,Midday,Weekday
T20220000735,2022-01-13,09:40:00,1,Collision with vehicle,4,Thursday,130,REAR END(VEHICLES IN SAME LANE),1,687478,Not at intersection,3,60,Arterial Highway,DAVEY,BAW BAW,-38.206097,146.16623,2022,1,January,9,Morning Peak,Weekday
T20220000738,2022-01-13,09:43:00,4,Collision with a fixed object,4,Thursday,173,RIGHT OFF CARRIAGEWAY INTO OBJECT/PARKED VEHICLE,1,701804,Not at intersection,1,100,Local Road,COACH,SHEPPARTON,-36.532593,145.49829,2022,1,January,9,Morning Peak,Weekday
T20220000746,2022-01-13,12:45:00,4,Collision with a fixed object,4,Thursday,164,PERMANENT OBSTRUCTION ON CARRIAGEWAY,1,702949,Not at intersection,2,60,Arterial Other,PAKENHAM,CARDINIA,-37.936672,145.49152,2022,1,January,12,Midday,Weekday
T20220000747,2022-01-13,15:39:00,1,Collision with vehicle,4,Thursday,110,CROSS TRAFFIC(INTERSECTIONS ONLY),1,701965,Cross intersection,3,60,Arterial Other,OLD CALDER,BRIMBANK,-37.716225,144.82843,2022,1,January,15,Afternoon Peak,Weekday
T20220000751,2022-01-13,17:06:00,6,Vehicle overturned (no collision),4,Thursday,174,OUT OF CONTROL ON CARRIAGEWAY (ON STRAIGHT),1,738275,Not at intersection,3,100,Arterial Highway,MALLEE,MILDURA,-35.068264,142.3496,2022,1,January,17,Afternoon Peak,Weekday
T20220000752,2022-01-13,15:08:00,1,Collision with vehicle,4,Thursday,130,REAR END(VEHICLES IN SAME LANE),1,701901,T intersection,2,80,Arterial Other,HIGH STREET,KNOX,-37.876766,145.21535,2022,1,January,15,Afternoon Peak,Weekday
T20220000793,2022-01-13,14:30:00,1,Collision with vehicle,4,Thursday,130,REAR END(VEHICLES IN SAME LANE),1,712468,Not at intersection,3,80,Freeway,RACECOURSE-CITYLINK IN,MELBOURNE,-37.79012,144.93758,2022,1,January,14,Midday,Weekday
T20220000754,2022-01-13,17:00:00,4,Collision with a fixed object,4,Thursday,183,OFF LEFT BEND INTO OBJECT/PARKED VEHICLE,1,701845,Not at intersection,3,100,Local Road,WOOLSHED,WANGARATTA,-36.30936,146.61526,2022,1,January,17,Afternoon Peak,Weekday
T20220000755,2022-01-13,18:10:00,1,Collision with vehicle,4,Thursday,121,RIGHT THROUGH,1,326301,Cross intersection,2,70,Arterial Other,POUND,CASEY,-38.026043,145.25034,2022,1,January,18,Afternoon Peak,Weekday
T20220000762,2022-01-13,18:15:00,1,Collision with vehicle,4,Thursday,169,OTHER ON PATH,1,702950,Not at intersection,3,50,Local Road,KERRY,WODONGA,-36.139458,146.9487,2022,1,January,18,Afternoon Peak,Weekday
T20220000764,2022-01-13,15:31:00,1,Collision with vehicle,4,Thursday,110,CROSS TRAFFIC(INTERSECTIONS ONLY),1,738276,Cross intersection,2,60,Arterial Other,MOOROODUC HIGHWAY -OLD MOOROODUC,MORNINGTON PENINSULA,-38.271507,145.0709,2022,1,January,15,Afternoon Peak,Weekday
T20220002752,2022-01-13,12:30:00,1,Collision with vehicle,4,Thursday,130,REAR END(VEHICLES IN SAME LANE),1,704983,Not at intersection,3,60,Arterial Other,CAPE PATERSON,BASS COAST,-38.63733,145.60396,2022,1,January,12,Midday,Weekday
T20220001447,2022-01-13,20:15:00,1,Collision with vehicle,4,Thursday,130,REAR END(VEHICLES IN SAME LANE),2,43231,T intersection,3,40,Arterial Highway,NEPEAN,KINGSTON,-38.04665,145.11325,2022,1,January,20,Night,Weekday
T20220019095,2022-01-13,20:40:00,4,Collision with a fixed object,4,Thursday,173,RIGHT OFF CARRIAGEWAY INTO OBJECT/PARKED VEHICLE,2,722705,Not at intersection,3,70,Local Road,PASADENA,MORNINGTON PENINSULA,-38.379257,144.79662,2022,1,January,20,Night,Weekday
T20220003209,2022-01-13,17:45:00,1,Collision with vehicle,4,Thursday,162,ACCIDENT OR BROKEN DOWN,1,707125,Not at intersection,3,80,Arterial Highway,MOOROODUC,FRANKSTON,-38.15837,145.13521,2022,1,January,17,Afternoon Peak,Weekday
T20220000724,2022-01-13,10:45:00,1,Collision with vehicle,4,Thursday,120,HEAD ON (NOT OVERTAKING),1,707176,T intersection,2,100,Local Road,NAVIGATORS,MOORABOOL,-37.60626,143.93083,2022,1,January,10,Midday,Weekday
T20220003339,2022-01-13,17:00:00,6,Vehicle overturned (no collision),4,Thursday,172,OFF CARRIAGEWAY TO RIGHT,1,707064,Not at intersection,2,70,Local Road,BERWICK,YARRA RANGES,-37.961555,145.36134,2022,1,January,17,Afternoon Peak,Weekday
T20220002472,2022-01-13,19:00:00,1,Collision with vehicle,4,Thursday,160,VEHICLE COLLIDES WITH VEHICLE PARKED ON LEFT OF ROAD,1,731356,Not at intersection,2,50,Local Road,WILLESDEN,GEELONG,-38.211086,144.31058,2022,1,January,19,Night,Weekday
T20220000765,2022-01-13,21:13:00,8,No collision and no object struck,4,Thursday,172,OFF CARRIAGEWAY TO RIGHT,5,702313,Not at intersection,3,80,Local Road,PATERNOSTER,CARDINIA,-37.94521,145.47919,2022,1,January,21,Night,Weekday
T20220000767,2022-01-13,22:35:00,4,Collision with a fixed object,4,Thursday,171,LEFT OFF CARRIAGEWAY INTO OBJECT/PARKED VEHICLE,3,731303,Not at intersection,3,100,Arterial Highway,MOOROODUC,MORNINGTON PENINSULA,-38.213665,145.10919,2022,1,January,22,Night,Weekday
T20220000768,2022-01-13,22:07:00,1,Collision with vehicle,4,Thursday,199,UNKNOWN-NO DETAILS ON MANOEUVRES OF ROAD-USERS IN ACCIDENT,3,711884,Not at intersection,3,80,Arterial Highway,SPRINGVALE,WHITEHORSE,-37.835052,145.17262,2022,1,January,22,Night,Weekday
T20220000769,2022-01-13,22:37:00,1,Collision with vehicle,4,Thursday,160,VEHICLE COLLIDES WITH VEHICLE PARKED ON LEFT OF ROAD,4,703452,Not at intersection,2,50,Local Road,BANCHORY,MELTON,-37.68949,144.74945,2022,1,January,22,Night,Weekday
T20220000772,2022-01-13,05:00:00,4,Collision with a fixed object,4,Thursday,173,RIGHT OFF CARRIAGEWAY INTO OBJECT/PARKED VEHICLE,2,794598,Not at intersection,3,60,Freeway,PRINCES,WYNDHAM,-37.826996,144.81787,2022,1,January,5,Morning Peak,Weekday
T20220000823,2022-01-13,15:43:00,4,Collision with a fixed object,4,Thursday,183,OFF LEFT BEND INTO OBJECT/PARKED VEHICLE,1,757344,Not at intersection,2,80,Local Road,DIGGERS,WYNDHAM,-37.95178,144.688,2022,1,January,15,Afternoon Peak,Weekday
T20220000779,2022-01-14,07:45:00,1,Collision with vehicle,5,Friday,130,REAR END(VEHICLES IN SAME LANE),1,244506,Not at intersection,3,80,Arterial Highway,PRINCES,LATROBE,-38.225323,146.4647,2022,1,January,7,Morning Peak,Weekday
T20220000773,2022-01-14,02:30:00,6,Vehicle overturned (no collision),5,Friday,170,OFF CARRIAGEWAY TO LEFT,3,265529,Cross intersection,2,60,Local Road,DAVIS,WYNDHAM,-37.844772,144.65135,2022,1,January,2,Late Night,Weekday
T20220000844,2022-01-14,19:36:00,1,Collision with vehicle,5,Friday,121,RIGHT THROUGH,1,40490,Cross intersection,2,60,Arterial Other,MELROSE DRIVE -TULLAMARINE OUT-MELROSE,MOONEE VALLEY,-37.711174,144.88866,2022,1,January,19,Night,Weekday
T20220000831,2022-01-14,17:50:00,1,Collision with vehicle,5,Friday,175,OFF END OF ROAD/T-INTERSECTION.,1,707112,T intersection,2,80,Arterial Other,MAHONEYS,DAREBIN,-37.691948,144.98158,2022,1,January,17,Afternoon Peak,Weekday
T20220001267,2022-01-14,11:25:00,4,Collision with a fixed object,5,Friday,171,LEFT OFF CARRIAGEWAY INTO OBJECT/PARKED VEHICLE,1,703345,Not at intersection,3,60,Freeway,MAROONDAH-EASTLINK OUT,MAROONDAH,-37.817955,145.21742,2022,1,January,11,Midday,Weekday
T20220000806,2022-01-14,14:30:00,1,Collision with vehicle,5,Friday,130,REAR END(VEHICLES IN SAME LANE),1,702182,T intersection,3,60,Arterial Other,MILLERS,HOBSONS BAY,-37.828995,144.84862,2022,1,January,14,Midday,Weekday
T20220000864,2022-01-14,16:10:00,1,Collision with vehicle,5,Friday,130,REAR END(VEHICLES IN SAME LANE),1,293961,T intersection,3,60,Arterial Other,LA TROBE,BALLARAT,-37.570953,143.81996,2022,1,January,16,Afternoon Peak,Weekday
T20220000790,2022-01-14,10:56:00,1,Collision with vehicle,5,Friday,147,VEHICLE STRIKES ANOTHER VEH WHILE EMERGING FROM DRIVEWAY,1,54013,Not at intersection,2,70,Arterial Other,HIGH,WHITTLESEA,-37.655163,145.02148,2022,1,January,10,Midday,Weekday
T20220000802,2022-01-14,13:50:00,1,Collision with vehicle,5,Friday,130,REAR END(VEHICLES IN SAME LANE),1,738517,Not at intersection,3,60,Local Road,PALMERS,WYNDHAM,-37.859562,144.74821,2022,1,January,13,Midday,Weekday
T20220000796,2022-01-14,10:05:00,1,Collision with vehicle,5,Friday,110,CROSS TRAFFIC(INTERSECTIONS ONLY),1,49189,Cross intersection,3,60,Arterial Other,ASHBY,BAW BAW,-38.210087,146.15189,2022,1,January,10,Midday,Weekday
T20220000817,2022-01-14,16:15:00,1,Collision with vehicle,5,Friday,110,CROSS TRAFFIC(INTERSECTIONS ONLY),1,253296,Cross intersection,3,50,Local Road,HODGKINSON,BENDIGO,-36.75955,144.29538,2022,1,January,16,Afternoon Peak,Weekday
T20220000815,2022-01-14,15:45:00,4,Collision with a fixed object,5,Friday,181,OFF RIGHT BEND INTO OBJECT/PARKED VEHICLE,1,781803,Not at intersection,3,100,Arterial Other,MAIN NEERIM,BAW BAW,-37.935265,145.95993,2022,1,January,15,Afternoon Peak,Weekday
T20220000832,2022-01-14,16:06:00,1,Collision with vehicle,5,Friday,130,REAR END(VEHICLES IN SAME LANE),1,703000,Not at intersection,3,60,Arterial Other,WILLIAMS,STONNINGTON,-37.844753,145.00388,2022,1,January,16,Afternoon Peak,Weekday
T20220000839,2022-01-14,15:33:00,1,Collision with vehicle,5,Friday,130,REAR END(VEHICLES IN SAME LANE),1,731309,Cross intersection,2,80,Arterial Other,THOMPSON,DANDENONG,-38.068974,145.17029,2022,1,January,15,Afternoon Peak,Weekday
T20220000783,2022-01-14,10:00:00,1,Collision with vehicle,5,Friday,120,HEAD ON (NOT OVERTAKING),1,731304,Not at intersection,3,70,Arterial Other,FOOTE,MANNINGHAM,-37.758343,145.1234,2022,1,January,10,Midday,Weekday
T20220000770,2022-01-14,01:00:00,8,No collision and no object struck,5,Friday,175,OFF END OF ROAD/T-INTERSECTION.,5,712828,T intersection,3,100,Local Road,MORTLAKE-FRAMLINGHAM,MOYNE,-38.190987,142.78119,2022,1,January,1,Late Night,Weekday
T20220006009,2022-01-14,09:37:00,1,Collision with vehicle,5,Friday,130,REAR END(VEHICLES IN SAME LANE),1,710074,Not at intersection,3,50,Local Road,HOPE,MORELAND,-37.764038,144.96034,2022,1,January,9,Morning Peak,Weekday
T20220000967,2022-01-14,21:01:00,7,Fall from or in moving vehicle,5,Friday,190,FELL IN/FROM VEHICLE,9,48091,T intersection,3,60,Arterial Other,GAFFNEY,MORELAND,-37.73331,144.95804,2022,1,January,21,Night,Weekday
T20220000807,2022-01-14,10:30:00,1,Collision with vehicle,5,Friday,139,OTHER SAME DIRECTION-MANOUEVRES NOT INCLUDED IN DCAs 130-137,1,705032,Cross intersection,2,60,Arterial Highway,CHURCH,GEELONG,-38.13151,144.34474,2022,1,January,10,Midday,Weekday
T20220000788,2022-01-14,10:29:00,4,Collision with a fixed object,5,Friday,173,RIGHT OFF CARRIAGEWAY INTO OBJECT/PARKED VEHICLE,1,731305,Not at intersection,3,50,Local Road,TAGGERTY,HUME,-37.657467,144.9264,2022,1,January,10,Midday,Weekday
T20220000776,2022-01-14,05:10:00,1,Collision with vehicle,5,Friday,116,LEFT NEAR (INTERSECTIONS ONLY),3,755008,T intersection,2,80,Arterial Highway,DANDENONG,MONASH,-37.919884,145.13576,2022,1,January,5,Morning Peak,Weekday
T20220000850,2022-01-14,22:45:00,4,Collision with a fixed object,5,Friday,171,LEFT OFF CARRIAGEWAY INTO OBJECT/PARKED VEHICLE,5,49667,T intersection,2,50,Local Road,GRANAULT,GEELONG,-38.075207,144.36006,2022,1,January,22,Night,Weekday
T20220000838,2022-01-14,14:50:00,1,Collision with vehicle,5,Friday,111,RIGHT FAR (INTERSECTIONS ONLY),1,19666,Cross intersection,3,100,Local Road,AXEDALE-GOORNONG,BENDIGO,-36.629063,144.5315,2022,1,January,14,Midday,Weekday
T20220000794,2022-01-14,10:40:00,4,Collision with a fixed object,5,Friday,181,OFF RIGHT BEND INTO OBJECT/PARKED VEHICLE,1,731306,Not at intersection,2,100,Freeway,FRANKSTON,FRANKSTON,-38.10218,145.14098,2022,1,January,10,Midday,Weekday
T20220000837,2022-01-14,16:00:00,1,Collision with vehicle,5,Friday,131,LEFT REAR,1,702044,Not at intersection,3,70,Local Road,TILBURN,BRIMBANK,-37.7793,144.77881,2022,1,January,16,Afternoon Peak,Weekday
T20220000834,2022-01-14,19:35:00,1,Collision with vehicle,5,Friday,113,RIGHT NEAR (INTERSECTIONS ONLY),1,360577,Cross intersection,2,60,Local Road,BRIDGE,CARDINIA,-38.069427,145.41153,2022,1,January,19,Night,Weekday
T20220000923,2022-01-14,13:00:00,1,Collision with vehicle,5,Friday,111,RIGHT FAR (INTERSECTIONS ONLY),1,53179,Cross intersection,3,60,Arterial Other,WESTALL,DANDENONG,-37.945877,145.13959,2022,1,January,13,Midday,Weekday
T20220001237,2022-01-14,21:33:00,1,Collision with vehicle,5,Friday,110,CROSS TRAFFIC(INTERSECTIONS ONLY),3,38572,Cross intersection,3,60,Arterial Highway,PLENTY,WHITTLESEA,-37.697838,145.05884,2022,1,January,21,Night,Weekday
T20220000833,2022-01-14,15:30:00,2,Struck Pedestrian,5,Friday,102,FAR SIDE. PED HIT BY VEHICLE FROM THE LEFT,1,702272,Not at intersection,3,40,Local Road,KILVINGTON,CARDINIA,-37.93284,145.44078,2022,1,January,15,Afternoon Peak,Weekday
T20220000845,2022-01-14,14:30:00,1,Collision with vehicle,5,Friday,110,CROSS TRAFFIC(INTERSECTIONS ONLY),1,44002,Cross intersection,2,50,Local Road,GELLIBRAND,DAREBIN,-37.705803,145.00333,2022,1,January,14,Midday,Weekday
T20220000827,2022-01-14,16:53:00,1,Collision with vehicle,5,Friday,110,CROSS TRAFFIC(INTERSECTIONS ONLY),1,52991,Cross intersection,3,60,Local Road,ALFRED,BALLARAT,-37.583885,143.83461,2022,1,January,16,Afternoon Peak,Weekday
T20220000848,2022-01-14,22:48:00,1,Collision with vehicle,5,Friday,120,HEAD ON (NOT OVERTAKING),5,702951,Not at intersection,2,60,Arterial Other,MOUNT DANDENONG TOURIST,YARRA RANGES,-37.810005,145.37117,2022,1,January,22,Night,Weekday
T20220001115,2022-01-14,12:45:00,1,Collision with vehicle,5,Friday,130,REAR END(VEHICLES IN SAME LANE),1,15420,T intersection,3,60,Local Road,MT PLEASANT,GEELONG,-38.170998,144.34566,2022,1,January,12,Midday,Weekday
T20220001114,2022-01-14,12:00:00,8,No collision and no object struck,5,Friday,184,OUT OF CONTROL ON CARRIAGEWAY (ON BEND),1,702314,Not at intersection,3,80,Local Road,BUCHAN-ORBOST,EAST GIPPSLAND,-37.49809,148.18823,2022,1,January,12,Midday,Weekday
T20220000824,2022-01-14,14:10:00,1,Collision with vehicle,5,Friday,113,RIGHT NEAR (INTERSECTIONS ONLY),1,39541,T intersection,3,60,Arterial Other,MITCHAM,WHITEHORSE,-37.808167,145.19266,2022,1,January,14,Midday,Weekday
T20220000791,2022-01-14,12:00:00,1,Collision with vehicle,5,Friday,117,LEFT/RIGHT FAR (INTERSECTIONS ONLY),1,51143,Cross intersection,2,100,Arterial Highway,MIDLAND,SHEPPARTON,-36.41408,145.22314,2022,1,January,12,Midday,Weekday
T20220000795,2022-01-14,10:40:00,1,Collision with vehicle,5,Friday,130,REAR END(VEHICLES IN SAME LANE),1,702509,Not at intersection,2,60,Local Road,TOWNSEND,GEELONG,-38.181004,144.38834,2022,1,January,10,Midday,Weekday
T20220001215,2022-01-15,13:00:00,6,Vehicle overturned (no collision),6,Saturday,179,OTHER ACCIDENTS-OFF STRAIGHT NOT INCLUDED IN DCAs 170-175,1,703343,T intersection,3,50,Local Road,DRAG HILL,MITCHELL,-37.351486,145.10536,2022,1,January,13,Midday,Weekend
T20220000861,2022-01-15,10:20:00,1,Collision with vehicle,6,Saturday,113,RIGHT NEAR (INTERSECTIONS ONLY),1,731310,T intersection,3,60,Local Road,ERAMOSA,MORNINGTON PENINSULA,-38.223827,145.18274,2022,1,January,10,Midday,Weekend
T20220001475,2022-01-15,13:37:00,1,Collision with vehicle,6,Saturday,121,RIGHT THROUGH,1,37282,T intersection,3,40,Arterial Other,VICTORIA,YARRA,-37.811127,145.00629,2022,1,January,13,Midday,Weekend
T20220000904,2022-01-15,14:21:00,1,Collision with vehicle,6,Saturday,121,RIGHT THROUGH,1,781804,T intersection,3,70,Local Road,OLD GEELONG,WYNDHAM,-37.876274,144.71483,2022,1,January,14,Midday,Weekend
T20220000863,2022-01-15,07:02:00,1,Collision with vehicle,6,Saturday,160,VEHICLE COLLIDES WITH VEHICLE PARKED ON LEFT OF ROAD,1,713330,Not at intersection,3,50,Local Road,ROSELLA,WYNDHAM,-37.88421,144.66809,2022,1,January,7,Morning Peak,Weekend
T20220000951,2022-01-15,12:20:00,1,Collision with vehicle,6,Saturday,121,RIGHT THROUGH,9,702366,T intersection,3,60,Local Road,CARDINIA,CARDINIA,-38.08423,145.43298,2022,1,January,12,Midday,Weekend
T20220000895,2022-01-15,19:18:00,1,Collision with vehicle,6,Saturday,111,RIGHT FAR (INTERSECTIONS ONLY),1,360179,T intersection,3,60,Arterial Other,DROUIN-WARRAGUL,BAW BAW,-38.16665,145.93658,2022,1,January,19,Night,Weekend
T20220000891,2022-01-15,17:40:00,8,No collision and no object struck,6,Saturday,175,OFF END OF ROAD/T-INTERSECTION.,1,705693,T intersection,2,100,Arterial Other,PENSHURST-PORT FAIRY ROAD -SPENCER,MOYNE,-38.285618,142.31056,2022,1,January,17,Afternoon Peak,Weekend
T20220000880,2022-01-15,13:24:00,1,Collision with vehicle,6,Saturday,130,REAR END(VEHICLES IN SAME LANE),1,708888,Not at intersection,2,80,Arterial Highway,SOUTH GIPPSLAND,CASEY,-38.07188,145.27,2022,1,January,13,Midday,Weekend
T20220000930,2022-01-15,22:20:00,1,Collision with vehicle,6,Saturday,110,CROSS TRAFFIC(INTERSECTIONS ONLY),3,44939,Cross intersection,3,60,Arterial Other,MAIN ROAD E-MAIN,BRIMBANK,-37.744232,144.79994,2022,1,January,22,Night,Weekend
T20220000875,2022-01-15,10:00:00,1,Collision with vehicle,6,Saturday,147,VEHICLE STRIKES ANOTHER VEH WHILE EMERGING FROM DRIVEWAY,1,701968,Not at intersection,2,60,Arterial Other,MAIDSTONE,HOBSONS BAY,-37.87262,144.81311,2022,1,January,10,Midday,Weekend
T20220000888,2022-01-15,17:10:00,6,Vehicle overturned (no collision),6,Saturday,182,OFF CARRIAGEWAY ON LEFT BEND,1,705411,Not at intersection,2,60,Local Road,WHIPSTICK,BENDIGO,-36.705833,144.25027,2022,1,January,17,Afternoon Peak,Weekend
T20220000866,2022-01-15,10:53:00,1,Collision with vehicle,6,Saturday,111,RIGHT FAR (INTERSECTIONS ONLY),1,46782,Cross intersection,3,60,Arterial Other,ARTHURS SEAT,MORNINGTON PENINSULA,-38.342003,144.96002,2022,1,January,10,Midday,Weekend
T20220000857,2022-01-15,06:30:00,1,Collision with vehicle,6,Saturday,113,RIGHT NEAR (INTERSECTIONS ONLY),1,748862,Cross intersection,2,60,Arterial Other,TRAM,MANNINGHAM,-37.797207,145.12679,2022,1,January,6,Morning Peak,Weekend
T20220000896,2022-01-15,18:30:00,1,Collision with vehicle,6,Saturday,137,LEFT TURN SIDESWIPE,1,38937,T intersection,3,60,Arterial Other,GLENFERRIE,BOROONDARA,-37.82313,145.03525,2022,1,January,18,Afternoon Peak,Weekend
T20220000964,2022-01-15,11:30:00,1,Collision with vehicle,6,Saturday,130,REAR END(VEHICLES IN SAME LANE),1,702111,Not at intersection,2,100,Freeway,EASTLINK,FRANKSTON,-38.08805,145.16464,2022,1,January,11,Midday,Weekend
T20220000977,2022-01-15,23:45:00,4,Collision with a fixed object,6,Saturday,183,OFF LEFT BEND INTO OBJECT/PARKED VEHICLE,5,708352,Not at intersection,3,100,Local Road,ANDERSONS,SOUTH GIPPSLAND,-38.461704,145.83745,2022,1,January,23,Night,Weekend
T20220001246,2022-01-15,15:20:00,1,Collision with vehicle,6,Saturday,160,VEHICLE COLLIDES WITH VEHICLE PARKED ON LEFT OF ROAD,1,704336,Not at intersection,3,50,Local Road,KING,HUME,-37.669373,144.94179,2022,1,January,15,Afternoon Peak,Weekend