ACCIDENT_NO,ACCIDENT_DATE,ACCIDENT_TIME,ACCIDENT_TYPE,ACCIDENT_TYPE_DESC,DAY_OF_WEEK,DAY_WEEK_DESC,DCA_CODE,DCA_DESC,LIGHT_CONDITION,NODE_ID,ROAD_GEOMETRY_DESC,SEVERITY,SPEED_ZONE,RMA,ROAD_NAME,LGA_NAME,LATITUDE,LONGITUDE,YEAR,MONTH,MONTH_NAME,HOUR,TIME_PERIOD,DAY_TYPE
T20220005234,2022-01-15,21:30:00,1,Collision with vehicle,6,Saturday,121,RIGHT THROUGH,3,51593,Cross intersection,3,60,Arterial Other,BARNARD,BENDIGO,-36.755245,144.27408,2022,1,January,21,Night,Weekend
T20220000883,2022-01-15,15:56:00,1,Collision with vehicle,6,Saturday,120,HEAD ON (NOT OVERTAKING),1,712149,Not at intersection,3,60,Local Road,AITKEN,HUME,-37.60003,144.90962,2022,1,January,15,Afternoon Peak,Weekend
T20220000980,2022-01-16,14:40:00,1,Collision with vehicle,7,Sunday,159,OTHER OVERTAKING MANOEUVRES NOT INCLUDED IN DCAs 150-154,1,711850,Not at intersection,2,80,Local Road,TARRANGO,YARRA RANGES,-37.786694,145.63692,2022,1,January,14,Midday,Weekend
T20220000999,2022-01-16,09:05:00,4,Collision with a fixed object,7,Sunday,181,OFF RIGHT BEND INTO OBJECT/PARKED VEHICLE,1,703225,Not at intersection,3,60,Arterial Other,JACKSONS,DANDENONG,-37.948486,145.19203,2022,1,January,9,Morning Peak,Weekend
T20220000920,2022-01-16,09:40:00,2,Struck Pedestrian,7,Sunday,106,VEH STRIKES PED ON FOOTPATH/MEDIAN/TRAFFIC ISLAND.,1,708353,Not at intersection,3,40,Arterial Other,BEACH,BAYSIDE,-37.964645,145.01222,2022,1,January,9,Morning Peak,Weekend
T20220001040,2022-01-16,23:52:00,1,Collision with vehicle,7,Sunday,130,REAR END(VEHICLES IN SAME LANE),3,702408,Not at intersection,3,100,Freeway,WESTERN RING,BRIMBANK,-37.72201,144.86707,2022,1,January,23,Night,Weekend
T20220001036,2022-01-16,14:00:00,8,No collision and no object struck,7,Sunday,174,OUT OF CONTROL ON CARRIAGEWAY (ON STRAIGHT),1,702647,T intersection,3,80,Arterial Highway,SOUTH GIPPSLAND,CARDINIA,-38.271816,145.5476,2022,1,January,14,Midday,Weekend
T20220000921,2022-01-16,11:00:00,4,Collision with a fixed object,7,Sunday,171,LEFT OFF CARRIAGEWAY INTO OBJECT/PARKED VEHICLE,1,711149,Not at intersection,2,50,Local Road,CABERNET,GEELONG,-38.076225,144.34741,2022,1,January,11,Midday,Weekend
T20220000924,2022-01-16,14:00:00,1,Collision with vehicle,7,Sunday,110,CROSS TRAFFIC(INTERSECTIONS ONLY),1,69966,Cross intersection,3,60,Local Road,PETERSON,BAYSIDE,-37.945293,145.02771,2022,1,January,14,Midday,Weekend
T20220000926,2022-01-16,12:35:00,1,Collision with vehicle,7,Sunday,120,HEAD ON (NOT OVERTAKING),1,702273,Not at intersection,3,100,Local Road,COOPERS CREEK,BAW BAW,-37.982258,146.41629,2022,1,January,12,Midday,Weekend
T20220000927,2022-01-16,13:20:00,4,Collision with a fixed object,7,Sunday,181,OFF RIGHT BEND INTO OBJECT/PARKED VEHICLE,1,718399,Not at intersection,2,100,Arterial Other,TUNGAMAH MAIN,MOIRA,-36.156784,145.8654,2022,1,January,13,Midday,Weekend
T20220000919,2022-01-16,13:22:00,1,Collision with vehicle,7,Sunday,160,VEHICLE COLLIDES WITH VEHICLE PARKED ON LEFT OF ROAD,1,704636,Not at intersection,3,50,Local Road,MANSFIELD,DAREBIN,-37.757828,145.01454,2022,1,January,13,Midday,Weekend
T20220000918,2022-01-16,07:40:00,4,Collision with a fixed object,7,Sunday,173,RIGHT OFF CARRIAGEWAY INTO OBJECT/PARKED VEHICLE,1,713024,Not at intersection,2,100,Local Road,SEBASTOPOL-SMYTHESDALE,GOLDEN PLAINS,-37.638763,143.73163,2022,1,January,7,Morning Peak,Weekend
T20220000937,2022-01-16,15:55:00,1,Collision with vehicle,7,Sunday,130,REAR END(VEHICLES IN SAME LANE),1,706467,Not at intersection,3,70,Arterial Highway,POINT NEPEAN,MORNINGTON PENINSULA,-38.36474,144.79623,2022,1,January,15,Afternoon Peak,Weekend
T20220000929,2022-01-16,13:00:00,1,Collision with vehicle,7,Sunday,140,U TURN,1,44214,Not at intersection,2,80,Arterial Other,SOMERTON,HUME,-37.64159,144.93652,2022,1,January,13,Midday,Weekend
T20220000912,2022-01-16,11:05:00,1,Collision with vehicle,7,Sunday,147,VEHICLE STRIKES ANOTHER VEH WHILE EMERGING FROM DRIVEWAY,1,317799,Not at intersection,3,60,Arterial Highway,MIDLAND,BENALLA,-36.556095,145.97075,2022,1,January,11,Midday,Weekend
T20220000911,2022-01-16,01:30:00,2,Struck Pedestrian,7,Sunday,104,PED WALKING WITH TRAFFIC,6,705427,Not at intersection,3,60,Local Road,MERNDA,YARRA RANGES,-37.8738,145.38756,2022,1,January,1,Late Night,Weekend
T20220000903,2022-01-16,00:53:00,1,Collision with vehicle,7,Sunday,160,VEHICLE COLLIDES WITH VEHICLE PARKED ON LEFT OF ROAD,3,705067,Not at intersection,2,50,Local Road,HIGHPARK,WHITTLESEA,-37.61596,145.01764,2022,1,January,0,Late Night,Weekend
T20220000902,2022-01-16,00:51:00,1,Collision with vehicle,7,Sunday,121,RIGHT THROUGH,3,36317,Cross intersection,3,60,Local Road,CARDIGAN,MELBOURNE,-37.804726,144.96474,2022,1,January,0,Late Night,Weekend
T20220000934,2022-01-16,14:15:00,4,Collision with a fixed object,7,Sunday,181,OFF RIGHT BEND INTO OBJECT/PARKED VEHICLE,1,707963,Not at intersection,1,100,Arterial Highway,PRINCES,CORANGAMITE,-38.349403,143.40242,2022,1,January,14,Midday,Weekend
T20220000932,2022-01-16,15:20:00,1,Collision with vehicle,7,Sunday,130,REAR END(VEHICLES IN SAME LANE),1,731311,Not at intersection,2,50,Arterial Other,BRIDGE,YARRA,-37.81902,145.00357,2022,1,January,15,Afternoon Peak,Weekend
T20220002794,2022-01-16,17:00:00,5,collision with some other object,7,Sunday,166,STRUCK OBJECT ON CARRIAGEWAY,1,704527,Not at intersection,3,100,Local Road,ETHELL,BENALLA,-36.738235,145.93309,2022,1,January,17,Afternoon Peak,Weekend
T20220008176,2022-01-16,08:45:00,6,Vehicle overturned (no collision),7,Sunday,174,OUT OF CONTROL ON CARRIAGEWAY (ON STRAIGHT),1,657670,Multiple intersection,3,50,Freeway,SUNSHINE,BRIMBANK,-37.702053,144.80214,2022,1,January,8,Morning Peak,Weekend
T20220000950,2022-01-16,20:42:00,6,Vehicle overturned (no collision),7,Sunday,184,OUT OF CONTROL ON CARRIAGEWAY (ON BEND),5,705415,Not at intersection,2,50,Arterial Other,YARRA,YARRA,-37.826393,145.01924,2022,1,January,20,Night,Weekend
T20220000949,2022-01-16,18:05:00,1,Collision with vehicle,7,Sunday,121,RIGHT THROUGH,1,35552,Cross intersection,3,60,Local Road,CARDINAL,MORELAND,-37.706303,144.9286,2022,1,January,18,Afternoon Peak,Weekend
T20220000947,2022-01-16,11:55:00,1,Collision with vehicle,7,Sunday,121,RIGHT THROUGH,1,658476,T intersection,3,60,Local Road,BRIDGE,CARDINIA,-38.069653,145.41287,2022,1,January,11,Midday,Weekend
T20220000946,2022-01-16,20:43:00,1,Collision with vehicle,7,Sunday,121,RIGHT THROUGH,3,316028,Cross intersection,3,70,Local Road,EVANS,CASEY,-38.076897,145.25871,2022,1,January,20,Night,Weekend
T20220000943,2022-01-16,16:58:00,1,Collision with vehicle,7,Sunday,160,VEHICLE COLLIDES WITH VEHICLE PARKED ON LEFT OF ROAD,1,706468,Not at intersection,3,60,Arterial Other,MORELAND,MORELAND,-37.7544,144.95529,2022,1,January,16,Afternoon Peak,Weekend
T20220000955,2022-01-16,11:30:00,1,Collision with vehicle,7,Sunday,120,HEAD ON (NOT OVERTAKING),1,702013,Not at intersection,1,100,Arterial Other,KIEWA VALLEY,ALPINE,-36.446465,147.01459,2022,1,January,11,Midday,Weekend
T20220001002,2022-01-17,18:15:00,1,Collision with vehicle,1,Monday,121,RIGHT THROUGH,1,702367,T intersection,2,50,Local Road,ESKAY,WHITTLESEA,-37.638115,145.04253,2022,1,January,18,Afternoon Peak,Weekday
T20220000991,2022-01-17,11:30:00,4,Collision with a fixed object,1,Monday,181,OFF RIGHT BEND INTO OBJECT/PARKED VEHICLE,1,703224,Not at intersection,3,60,Local Road,MT RIDLEY,HUME,-37.582546,144.93953,2022,1,January,11,Midday,Weekday
T20220000994,2022-01-17,14:35:00,1,Collision with vehicle,1,Monday,113,RIGHT NEAR (INTERSECTIONS ONLY),1,42853,T intersection,3,80,Arterial Other,BOUNDARY,KINGSTON,-37.993393,145.10664,2022,1,January,14,Midday,Weekday
T20220005069,2022-01-17,16:00:00,1,Collision with vehicle,1,Monday,130,REAR END(VEHICLES IN SAME LANE),1,709411,Not at intersection,2,80,Arterial Other,MOUNTAIN,KNOX,-37.84787,145.22913,2022,1,January,16,Afternoon Peak,Weekday
T20220000995,2022-01-17,15:35:00,1,Collision with vehicle,1,Monday,113,RIGHT NEAR (INTERSECTIONS ONLY),1,41488,T intersection,2,60,Arterial Highway,NORTH,GLEN EIRA,-37.90765,145.07011,2022,1,January,15,Afternoon Peak,Weekday
T20220000997,2022-01-17,15:30:00,4,Collision with a fixed object,1,Monday,173,RIGHT OFF CARRIAGEWAY INTO OBJECT/PARKED VEHICLE,1,720027,Not at intersection,2,100,Arterial Other,ECHUCA-MITIAMO,LODDON,-36.211178,144.24858,2022,1,January,15,Afternoon Peak,Weekday
T20220001010,2022-01-17,17:29:00,1,Collision with vehicle,1,Monday,121,RIGHT THROUGH,1,46240,Multiple intersection,2,60,Freeway,MELTON,MELTON,-37.693317,144.6043,2022,1,January,17,Afternoon Peak,Weekday
T20220001170,2022-01-17,06:45:00,4,Collision with a fixed object,1,Monday,164,PERMANENT OBSTRUCTION ON CARRIAGEWAY,1,704768,Not at intersection,3,100,Local Road,CAIRNBROOK,WELLINGTON,-38.114067,146.66785,2022,1,January,6,Morning Peak,Weekday
T20220000969,2022-01-17,11:48:00,1,Collision with vehicle,1,Monday,116,LEFT NEAR (INTERSECTIONS ONLY),1,342491,Multiple intersection,3,50,Freeway,LITHGOW,MITCHELL,-37.47378,144.97458,2022,1,January,11,Midday,Weekday
T20220001008,2022-01-17,14:15:00,1,Collision with vehicle,1,Monday,121,RIGHT THROUGH,1,48323,T intersection,2,70,Arterial Other,CENTRE DANDENONG,KINGSTON,-37.971703,145.10701,2022,1,January,14,Midday,Weekday
T20220001013,2022-01-17,22:55:00,1,Collision with vehicle,1,Monday,120,HEAD ON (NOT OVERTAKING),3,713525,Not at intersection,2,60,Arterial Other,ALEXANDRA,STONNINGTON,-37.832226,144.98944,2022,1,January,22,Night,Weekday
T20220001057,2022-01-17,17:45:00,1,Collision with vehicle,1,Monday,130,REAR END(VEHICLES IN SAME LANE),1,235160,Cross intersection,3,60,Arterial Highway,MAROONDAH,YARRA RANGES,-37.758392,145.31624,2022,1,January,17,Afternoon Peak,Weekday
T20220000998,2022-01-17,14:48:00,4,Collision with a fixed object,1,Monday,171,LEFT OFF CARRIAGEWAY INTO OBJECT/PARKED VEHICLE,1,706935,Not at intersection,2,50,Local Road,TRAFALGAR,WHITEHORSE,-37.818363,145.10425,2022,1,January,14,Midday,Weekday
T20220001043,2022-01-17,16:25:00,1,Collision with vehicle,1,Monday,131,LEFT REAR,1,705636,Not at intersection,3,100,Arterial Other,MURRADOC,GEELONG,-38.184628,144.68402,2022,1,January,16,Afternoon Peak,Weekday
T20220001005,2022-01-17,18:40:00,1,Collision with vehicle,1,Monday,129,OTHER OPPOSING MANOEUVRES NOT INCLUDED IN DCAs 120-125.,1,731312,Cross intersection,3,50,Arterial Other,RACECOURSE,MELBOURNE,-37.787453,144.92142,2022,1,January,18,Afternoon Peak,Weekday
T20220006160,2022-01-17,15:30:00,1,Collision with vehicle,1,Monday,131,LEFT REAR,1,43857,Cross intersection,3,80,Arterial Highway,SOUTH GIPPSLAND,CASEY,-38.08229,145.2766,2022,1,January,15,Afternoon Peak,Weekday
T20220001045,2022-01-17,17:00:00,1,Collision with vehicle,1,Monday,130,REAR END(VEHICLES IN SAME LANE),1,705125,Not at intersection,3,100,Freeway,EASTLINK,MAROONDAH,-37.837288,145.21777,2022,1,January,17,Afternoon Peak,Weekday
T20220001083,2022-01-17,08:00:00,4,Collision with a fixed object,1,Monday,164,PERMANENT OBSTRUCTION ON CARRIAGEWAY,9,704378,Not at intersection,3,60,Arterial Highway,PRINCES,EAST GIPPSLAND,-37.82209,147.85649,2022,1,January,8,Morning Peak,Weekday
T20220001001,2022-01-17,18:30:00,1,Collision with vehicle,1,Monday,110,CROSS TRAFFIC(INTERSECTIONS ONLY),1,436,Cross intersection,3,80,Arterial Highway,MAROONDAH,YARRA RANGES,-37.758953,145.32082,2022,1,January,18,Afternoon Peak,Weekday
T20220001012,2022-01-17,17:31:00,1,Collision with vehicle,1,Monday,130,REAR END(VEHICLES IN SAME LANE),1,773689,Not at intersection,3,80,Freeway,METROPOLITAN RING,HUME,-37.690735,144.97197,2022,1,January,17,Afternoon Peak,Weekday
T20220000976,2022-01-17,13:21:00,4,Collision with a fixed object,1,Monday,181,OFF RIGHT BEND INTO OBJECT/PARKED VEHICLE,1,720870,Not at intersection,2,50,Local Road,TELETA,GEELONG,-38.073364,144.36339,2022,1,January,13,Midday,Weekday
T20220001015,2022-01-17,23:18:00,1,Collision with vehicle,1,Monday,137,LEFT TURN SIDESWIPE,3,37007,Cross intersection,3,60,Arterial Other,LANSDOWNE,MELBOURNE,-37.80983,144.97833,2022,1,January,23,Night,Weekday
T20220001011,2022-01-17,17:03:00,1,Collision with vehicle,1,Monday,110,CROSS TRAFFIC(INTERSECTIONS ONLY),1,36812,Cross intersection,3,60,Arterial Other,MONTAGUE,PORT PHILLIP,-37.82841,144.94792,2022,1,January,17,Afternoon Peak,Weekday
T20220000984,2022-01-17,13:00:00,4,Collision with a fixed object,1,Monday,164,PERMANENT OBSTRUCTION ON CARRIAGEWAY,1,706643,Not at intersection,2,50,Local Road,DAREBIN,BANYULE,-37.75428,145.06685,2022,1,January,13,Midday,Weekday
T20220001508,2022-01-17,11:57:00,1,Collision with vehicle,1,Monday,111,RIGHT FAR (INTERSECTIONS ONLY),1,73661,T intersection,3,50,Local Road,COLLINGWOOD,MORNINGTON PENINSULA,-38.37299,144.8243,2022,1,January,11,Midday,Weekday
T20220000989,2022-01-17,14:30:00,1,Collision with vehicle,1,Monday,110,CROSS TRAFFIC(INTERSECTIONS ONLY),1,40202,Cross intersection,3,50,Arterial Other,BALACLAVA,GLEN EIRA,-37.87066,145.0086,2022,1,January,14,Midday,Weekday
T20220001888,2022-01-18,09:00:00,1,Collision with vehicle,2,Tuesday,130,REAR END(VEHICLES IN SAME LANE),1,222041,Multiple intersection,3,50,Freeway,PENINSULA LINK,MORNINGTON PENINSULA,-38.37029,144.90863,2022,1,January,9,Morning Peak,Weekday
T20220016960,2022-01-18,16:00:00,1,Collision with vehicle,2,Tuesday,110,CROSS TRAFFIC(INTERSECTIONS ONLY),1,41324,Cross intersection,3,50,Local Road,HILTON,MORELAND,-37.7002,144.92415,2022,1,January,16,Afternoon Peak,Weekday
T20220001059,2022-01-18,14:50:00,4,Collision with a fixed object,2,Tuesday,183,OFF LEFT BEND INTO OBJECT/PARKED VEHICLE,1,702966,Not at intersection,2,100,Arterial Other,GEELONG-BALLAN,MOORABOOL,-37.657726,144.2305,2022,1,January,14,Midday,Weekday
T20220001054,2022-01-18,14:14:00,1,Collision with vehicle,2,Tuesday,121,RIGHT THROUGH,1,702436,Not at intersection,3,60,Arterial Other,SWANSEA,YARRA RANGES,-37.762177,145.35635,2022,1,January,14,Midday,Weekday
T20220001193,2022-01-18,22:00:00,1,Collision with vehicle,2,Tuesday,116,LEFT NEAR (INTERSECTIONS ONLY),3,279782,T intersection,3,60,Local Road,BALD HILL,CARDINIA,-38.08803,145.50189,2022,1,January,22,Night,Weekday
T20220001421,2022-01-18,14:15:00,1,Collision with vehicle,2,Tuesday,130,REAR END(VEHICLES IN SAME LANE),1,731323,Not at intersection,3,80,Arterial Highway,MAROONDAH,MAROONDAH,-37.7984,145.25314,2022,1,January,14,Midday,Weekday
T20220001078,2022-01-18,08:05:00,1,Collision with vehicle,2,Tuesday,110,CROSS TRAFFIC(INTERSECTIONS ONLY),1,55201,Cross intersection,3,50,Local Road,BALACLAVA,HOBSONS BAY,-37.87443,144.77943,2022,1,January,8,Morning Peak,Weekday
T20220001086,2022-01-18,20:10:00,4,Collision with a fixed object,2,Tuesday,171,LEFT OFF CARRIAGEWAY INTO OBJECT/PARKED VEHICLE,1,712559,Not at intersection,2,60,Local Road,MCCLURE,CENTRAL GOLDFIELDS,-37.033432,143.75124,2022,1,January,20,Night,Weekday
T20220001090,2022-01-18,15:30:00,1,Collision with vehicle,2,Tuesday,116,LEFT NEAR (INTERSECTIONS ONLY),1,702213,T intersection,2,60,Arterial Other,BALLARAT,MARIBYRNONG,-37.79162,144.89095,2022,1,January,15,Afternoon Peak,Weekday
T20220001065,2022-01-18,17:25:00,2,Struck Pedestrian,2,Tuesday,102,FAR SIDE. PED HIT BY VEHICLE FROM THE LEFT,1,405,T intersection,2,40,Local Road,CANDY,DAREBIN,-37.77962,144.99695,2022,1,January,17,Afternoon Peak,Weekday
T20220001069,2022-01-18,14:55:00,1,Collision with vehicle,2,Tuesday,113,RIGHT NEAR (INTERSECTIONS ONLY),1,42969,T intersection,3,60,Arterial Other,CHANDLER,DANDENONG,-37.97149,145.18626,2022,1,January,14,Midday,Weekday
T20220001068,2022-01-18,15:30:00,1,Collision with vehicle,2,Tuesday,130,REAR END(VEHICLES IN SAME LANE),1,702953,Not at intersection,3,60,Local Road,DOVETON,BALLARAT,-37.549683,143.85703,2022,1,January,15,Afternoon Peak,Weekday
T20220001062,2022-01-18,14:50:00,1,Collision with vehicle,2,Tuesday,130,REAR END(VEHICLES IN SAME LANE),1,702437,Not at intersection,3,80,Arterial Highway,PRINCES HIGHWAY,MONASH,-37.912846,145.12456,2022,1,January,14,Midday,Weekday
T20220001060,2022-01-18,15:30:00,4,Collision with a fixed object,2,Tuesday,173,RIGHT OFF CARRIAGEWAY INTO OBJECT/PARKED VEHICLE,1,703181,Not at intersection,3,100,Local Road,HAGANS,WELLINGTON,-38.06374,147.08455,2022,1,January,15,Afternoon Peak,Weekday
T20220001046,2022-01-18,11:30:00,2,Struck Pedestrian,2,Tuesday,107,PED ON FOOTHPATH STRUCK BY VEHENTERING/LEAVING DRIVEWAY.,1,55192,T intersection,2,50,Local Road,ELMAN,KINGSTON,-37.967243,145.0577,2022,1,January,11,Midday,Weekday
T20220001047,2022-01-18,13:55:00,1,Collision with vehicle,2,Tuesday,130,REAR END(VEHICLES IN SAME LANE),1,45403,T intersection,2,60,Arterial Other,PASCOE VALE,MOONEE VALLEY,-37.745853,144.92612,2022,1,January,13,Midday,Weekday
T20220001094,2022-01-18,18:18:00,1,Collision with vehicle,2,Tuesday,133,LANE SIDE SWIPE (VEHICLES IN PARALLEL LANES),1,710757,Not at intersection,3,70,Arterial Highway,BURWOOD,KNOX,-37.888565,145.29486,2022,1,January,18,Afternoon Peak,Weekday
T20220001096,2022-01-18,21:47:00,2,Struck Pedestrian,2,Tuesday,104,PED WALKING WITH TRAFFIC,3,45527,Cross intersection,2,50,Arterial Other,MELVILLE,MORELAND,-37.764828,144.94377,2022,1,January,21,Night,Weekday
T20220001077,2022-01-18,18:22:00,1,Collision with vehicle,2,Tuesday,132,RIGHT REAR.,1,702278,T intersection,3,60,Arterial Other,CENTRE DANDENONG,KINGSTON,-37.980427,145.12755,2022,1,January,18,Afternoon Peak,Weekday
T20220001081,2022-01-18,16:45:00,2,Struck Pedestrian,2,Tuesday,108,PED STRUCK WALKING TO/FROM OR BOARDING/ALIGHTING VEHICLE.,1,702724,T intersection,3,50,Arterial Other,VICTORIA,YARRA,-37.8112,145.00703,2022,1,January,16,Afternoon Peak,Weekday
T20220001091,2022-01-18,20:10:00,4,Collision with a fixed object,2,Tuesday,173,RIGHT OFF CARRIAGEWAY INTO OBJECT/PARKED VEHICLE,1,705310,Not at intersection,3,100,Local Road,CARPENDEIT-BUNGADOR,CORANGAMITE,-38.381218,143.25786,2022,1,January,20,Night,Weekday
T20220001071,2022-01-18,16:00:00,6,Vehicle overturned (no collision),2,Tuesday,172,OFF CARRIAGEWAY TO RIGHT,1,707115,Not at intersection,2,100,Arterial Highway,GREAT OCEAN,CORANGAMITE,-38.617424,142.95142,2022,1,January,16,Afternoon Peak,Weekday
T20220001135,2022-01-18,22:50:00,4,Collision with a fixed object,2,Tuesday,173,RIGHT OFF CARRIAGEWAY INTO OBJECT/PARKED VEHICLE,5,714254,Not at intersection,3,80,Arterial Highway,GOULBURN VALLEY,MURRINDINDI,-37.19126,145.72192,2022,1,January,22,Night,Weekday
T20220001132,2022-01-18,22:30:00,1,Collision with vehicle,2,Tuesday,130,REAR END(VEHICLES IN SAME LANE),3,713,Cross intersection,3,80,Arterial Highway,DANDENONG,MONASH,-37.91125,145.12233,2022,1,January,22,Night,Weekday
T20220001039,2022-01-18,11:00:00,1,Collision with vehicle,2,Tuesday,110,CROSS TRAFFIC(INTERSECTIONS ONLY),1,427,Cross intersection,3,70,Arterial Other,HEIDELBERG-WARRANDYTE,MANNINGHAM,-37.752407,145.17436,2022,1,January,11,Midday,Weekday
T20220001127,2022-01-18,17:30:00,1,Collision with vehicle,2,Tuesday,130,REAR END(VEHICLES IN SAME LANE),1,45063,T intersection,3,70,Arterial Other,BALLARAT,BRIMBANK,-37.77766,144.83337,2022,1,January,17,Afternoon Peak,Weekday
T20220001035,2022-01-18,08:05:00,4,Collision with a fixed object,2,Tuesday,171,LEFT OFF CARRIAGEWAY INTO OBJECT/PARKED VEHICLE,1,705804,Not at intersection,2,100,Local Road,KATANDRA MAIN,SHEPPARTON,-36.238876,145.50688,2022,1,January,8,Morning Peak,Weekday
T20220001032,2022-01-18,10:15:00,1,Collision with vehicle,2,Tuesday,120,HEAD ON (NOT OVERTAKING),1,702851,Not at intersection,3,50,Local Road,ST JOHNS,DANDENONG,-37.951405,145.14981,2022,1,January,10,Midday,Weekday
T20220001110,2022-01-18,15:55:00,1,Collision with vehicle,2,Tuesday,131,LEFT REAR,1,702409,Not at intersection,2,80,Local Road,BACK POREPUNKAH,ALPINE,-36.71556,146.94246,2022,1,January,15,Afternoon Peak,Weekday
T20220001033,2022-01-18,10:59:00,1,Collision with vehicle,2,Tuesday,110,CROSS TRAFFIC(INTERSECTIONS ONLY),1,36289,Cross intersection,3,50,Local Road,INVERMAY,DAREBIN,-37.706974,145.02783,2022,1,January,10,Midday,Weekday
T20220003003,2022-01-18,11:25:00,1,Collision with vehicle,2,Tuesday,121,RIGHT THROUGH,1,39314,Cross intersection,3,60,Arterial Other,STATION,WHITEHORSE,-37.81368,145.12477,2022,1,January,11,Midday,Weekday
T20220001021,2022-01-18,09:40:00,6,Vehicle overturned (no collision),2,Tuesday,170,OFF CARRIAGEWAY TO LEFT,1,702316,Not at intersection,3,80,Local Road,FORGE CREEK,EAST GIPPSLAND,-37.85362,147.6056,2022,1,January,9,Morning Peak,Weekday
T20220001020,2022-01-18,06:47:00,1,Collision with vehicle,2,Tuesday,111,RIGHT FAR (INTERSECTIONS ONLY),1,358222,Multiple intersection,2,100,Arterial Highway,SOUTH GIPPSLAND,CASEY,-38.03685,145.24771,2022,1,January,6,Morning Peak,Weekday
T20220006695,2022-01-18,16:30:00,2,Struck Pedestrian,2,Tuesday,101,PED EMERGES FROM IN FRONT OF PARKED OR STATIONARY VEHICLE,1,37908,Cross intersection,3,40,Local Road,HIGH,DAREBIN,-37.77911,144.99704,2022,1,January,16,Afternoon Peak,Weekday
T20220001058,2022-01-18,11:45:00,1,Collision with vehicle,2,Tuesday,133,LANE SIDE SWIPE (VEHICLES IN PARALLEL LANES),1,703720,Not at intersection,3,80,Freeway,WESTERN RING,HUME,-37.69219,144.94907,2022,1,January,11,Midday,Weekday
T20220001164,2022-01-19,22:00:00,1,Collision with vehicle,3,Wednesday,130,REAR END(VEHICLES IN SAME LANE),3,349964,Cross intersection,3,80,Arterial Highway,DANDENONG,MONASH,-37.914455,145.12741,2022,1,January,22,Night,Weekday
T20220001162,2022-01-19,18:25:00,1,Collision with vehicle,3,Wednesday,133,LANE SIDE SWIPE (VEHICLES IN PARALLEL LANES),1,705866,Not at intersection,2,70,Arterial Other,FERNTREE GULLY,MONASH,-37.896843,145.10425,2022,1,January,18,Afternoon Peak,Weekday
T20220001160,2022-01-19,18:15:00,1,Collision with vehicle,3,Wednesday,147,VEHICLE STRIKES ANOTHER VEH WHILE EMERGING FROM DRIVEWAY,1,712445,Not at intersection,2,100,Local Road,LARPENT,COLAC OTWAY,-38.281773,143.50792,2022,1,January,18,Afternoon Peak,Weekday
T20220001258,2022-01-19,16:02:00,1,Collision with vehicle,3,Wednesday,130,REAR END(VEHICLES IN SAME LANE),1,702689,Not at intersection,2,60,Arterial Other,MELTON,BRIMBANK,-37.699726,144.79263,2022,1,January,16,Afternoon Peak,Weekday
T20220001742,2022-01-19,09:00:00,1,Collision with vehicle,3,Wednesday,145,REVERSING IN STREAM OF TRAFFIC,1,37616,T intersection,2,60,Arterial Highway,PUNT,STONNINGTON,-37.842987,144.98558,2022,1,January,9,Morning Peak,Weekday
T20220001157,2022-01-19,17:40:00,1,Collision with vehicle,3,Wednesday,113,RIGHT NEAR (INTERSECTIONS ONLY),1,54294,T intersection,2,90,Arterial Highway,DANDENONG-HASTINGS,CASEY,-38.05644,145.24373,2022,1,January,17,Afternoon Peak,Weekday
T20220001154,2022-01-19,14:45:00,1,Collision with vehicle,3,Wednesday,121,RIGHT THROUGH,1,773125,Cross intersection,3,60,Local Road,ARMSTRONG,WYNDHAM,-37.87631,144.60825,2022,1,January,14,Midday,Weekday
T20220001152,2022-01-19,17:58:00,1,Collision with vehicle,3,Wednesday,121,RIGHT THROUGH,1,44550,Cross intersection,3,60,Arterial Other,CAMP,HUME,-37.68613,144.92683,2022,1,January,17,Afternoon Peak,Weekday
T20220001148,2022-01-19,16:10:00,1,Collision with vehicle,3,Wednesday,121,RIGHT THROUGH,1,35515,Multiple intersection,3,60,Freeway,CALDER OUT-KEILOR,MOONEE VALLEY,-37.733955,144.88316,2022,1,January,16,Afternoon Peak,Weekday
T20220001147,2022-01-19,14:25:00,1,Collision with vehicle,3,Wednesday,121,RIGHT THROUGH,1,39155,Cross intersection,2,60,Arterial Other,BALWYN,BOROONDARA,-37.812843,145.08134,2022,1,January,14,Midday,Weekday
T20220001145,2022-01-19,14:30:00,1,Collision with vehicle,3,Wednesday,121,RIGHT THROUGH,1,1019,T intersection,3,60,Arterial Highway,SOUTH GIPPSLAND,CASEY,-38.111835,145.28311,2022,1,January,14,Midday,Weekday
T20220001136,2022-01-19,12:30:00,4,Collision with a fixed object,3,Wednesday,171,LEFT OFF CARRIAGEWAY INTO OBJECT/PARKED VEHICLE,1,713638,Not at intersection,2,60,Local Road,FOREST,FRANKSTON,-38.12384,145.14778,2022,1,January,12,Midday,Weekday
T20220002707,2022-01-19,16:00:00,1,Collision with vehicle,3,Wednesday,130,REAR END(VEHICLES IN SAME LANE),1,704523,Not at intersection,3,60,Local Road,CRAMER,DAREBIN,-37.739944,144.99928,2022,1,January,16,Afternoon Peak,Weekday
T20220002225,2022-01-19,17:05:00,1,Collision with vehicle,3,Wednesday,130,REAR END(VEHICLES IN SAME LANE),1,712327,Cross intersection,3,60,Arterial Other,HEATHERTON,DANDENONG,-37.97103,145.22328,2022,1,January,17,Afternoon Peak,Weekday