ACCIDENT_NO,ACCIDENT_DATE,ACCIDENT_TIME,ACCIDENT_TYPE,ACCIDENT_TYPE_DESC,DAY_OF_WEEK,DAY_WEEK_DESC,DCA_CODE,DCA_DESC,LIGHT_CONDITION,NODE_ID,ROAD_GEOMETRY_DESC,SEVERITY,SPEED_ZONE,RMA,ROAD_NAME,LGA_NAME,LATITUDE,LONGITUDE,YEAR,MONTH,MONTH_NAME,HOUR,TIME_PERIOD,DAY_TYPE
T20220001131,2022-01-19,12:15:00,1,Collision with vehicle,3,Wednesday,129,OTHER OPPOSING MANOEUVRES NOT INCLUDED IN DCAs 120-125.,1,706469,Not at intersection,2,100,Local Road,OHALLORAN,GEELONG,-38.20176,144.44084,2022,1,January,12,Midday,Weekday
T20220001128,2022-01-19,12:00:00,1,Collision with vehicle,3,Wednesday,113,RIGHT NEAR (INTERSECTIONS ONLY),1,41741,T intersection,3,50,Arterial Other,BLACKBURN,MONASH,-37.896206,145.14386,2022,1,January,12,Midday,Weekday
T20220003841,2022-01-19,16:45:00,4,Collision with a fixed object,3,Wednesday,171,LEFT OFF CARRIAGEWAY INTO OBJECT/PARKED VEHICLE,1,757949,Not at intersection,3,100,Local Road,TUNGAMAH-PEECHELBA,MOIRA,-36.18679,146.1376,2022,1,January,16,Afternoon Peak,Weekday
T20220001305,2022-01-19,18:50:00,8,No collision and no object struck,3,Wednesday,174,OUT OF CONTROL ON CARRIAGEWAY (ON STRAIGHT),2,302644,Not at intersection,3,50,Arterial Other,ROYAL,MELBOURNE,-37.79227,144.9585,2022,1,January,18,Afternoon Peak,Weekday
T20220001126,2022-01-19,12:45:00,1,Collision with vehicle,3,Wednesday,130,REAR END(VEHICLES IN SAME LANE),1,41796,T intersection,3,60,Arterial Highway,SPRINGVALE,MONASH,-37.88072,145.16562,2022,1,January,12,Midday,Weekday
T20220001124,2022-01-19,07:20:00,1,Collision with vehicle,3,Wednesday,121,RIGHT THROUGH,1,36249,T intersection,3,80,Arterial Other,CRANBOURNE-FRANKSTON,FRANKSTON,-38.149254,145.1967,2022,1,January,7,Morning Peak,Weekday
T20220001122,2022-01-19,08:50:00,1,Collision with vehicle,3,Wednesday,171,LEFT OFF CARRIAGEWAY INTO OBJECT/PARKED VEHICLE,1,702412,Not at intersection,2,50,Local Road,MACKENZIE,BENDIGO,-36.782482,144.24423,2022,1,January,8,Morning Peak,Weekday
T20220002039,2022-01-19,14:30:00,1,Collision with vehicle,3,Wednesday,121,RIGHT THROUGH,1,41720,Cross intersection,3,60,Arterial Other,FORSTER,MONASH,-37.89492,145.13004,2022,1,January,14,Midday,Weekday
T20220001118,2022-01-19,10:40:00,1,Collision with vehicle,3,Wednesday,147,VEHICLE STRIKES ANOTHER VEH WHILE EMERGING FROM DRIVEWAY,1,221904,Not at intersection,3,80,Arterial Highway,NEPEAN,KINGSTON,-37.959026,145.05307,2022,1,January,10,Midday,Weekday
T20220001117,2022-01-19,09:00:00,1,Collision with vehicle,3,Wednesday,121,RIGHT THROUGH,1,702411,Not at intersection,3,50,Local Road,DENNIS,DAREBIN,-37.76601,145.0026,2022,1,January,9,Morning Peak,Weekday
T20220003658,2022-01-19,17:57:00,1,Collision with vehicle,3,Wednesday,113,RIGHT NEAR (INTERSECTIONS ONLY),1,61563,T intersection,3,80,Local Road,CENTENARY,MELTON,-37.67587,144.59398,2022,1,January,17,Afternoon Peak,Weekday
T20220001729,2022-01-19,19:30:00,1,Collision with vehicle,3,Wednesday,130,REAR END(VEHICLES IN SAME LANE),2,731333,Cross intersection,3,70,Arterial Other,KEON PARADE -MAHONEYS,WHITTLESEA,-37.69481,145.01132,2022,1,January,19,Night,Weekday
T20220001133,2022-01-19,14:32:00,1,Collision with vehicle,3,Wednesday,112,LEFT FAR (INTERSECTIONS ONLY),1,50062,Cross intersection,2,60,Local Road,LITTLE FYANS,GEELONG,-38.16271,144.35365,2022,1,January,14,Midday,Weekday
T20220001109,2022-01-19,08:15:00,1,Collision with vehicle,3,Wednesday,160,VEHICLE COLLIDES WITH VEHICLE PARKED ON LEFT OF ROAD,1,42699,T intersection,2,60,Arterial Other,BEACH,BAYSIDE,-37.986214,145.0259,2022,1,January,8,Morning Peak,Weekday
T20220001108,2022-01-19,07:50:00,1,Collision with vehicle,3,Wednesday,121,RIGHT THROUGH,1,61029,T intersection,3,60,Arterial Other,CRAIGIEBURN,HUME,-37.597694,144.92966,2022,1,January,7,Morning Peak,Weekday
T20220002180,2022-01-19,07:00:00,1,Collision with vehicle,3,Wednesday,121,RIGHT THROUGH,2,29595,Cross intersection,3,60,Local Road,CHAPEL,PORT PHILLIP,-37.865322,144.9909,2022,1,January,7,Morning Peak,Weekday
T20220001353,2022-01-19,08:40:00,1,Collision with vehicle,3,Wednesday,116,LEFT NEAR (INTERSECTIONS ONLY),1,41472,T intersection,3,60,Arterial Other,MURRUMBEENA,GLEN EIRA,-37.897446,145.06505,2022,1,January,8,Morning Peak,Weekday
T20220001103,2022-01-19,05:43:00,1,Collision with vehicle,3,Wednesday,116,LEFT NEAR (INTERSECTIONS ONLY),2,702368,T intersection,2,80,Arterial Other,PRINCES,CARDINIA,-38.057186,145.39436,2022,1,January,5,Morning Peak,Weekday
T20220001100,2022-01-19,00:05:00,1,Collision with vehicle,3,Wednesday,133,LANE SIDE SWIPE (VEHICLES IN PARALLEL LANES),5,702685,Not at intersection,2,100,Freeway,PRINCES,WYNDHAM,-37.959106,144.57486,2022,1,January,0,Late Night,Weekday
T20220008862,2022-01-19,16:30:00,1,Collision with vehicle,3,Wednesday,130,REAR END(VEHICLES IN SAME LANE),9,43272,Cross intersection,3,80,Arterial Highway,SOUTH GIPPSLAND,CASEY,-38.04261,145.2523,2022,1,January,16,Afternoon Peak,Weekday
T20220001572,2022-01-19,13:45:00,1,Collision with vehicle,3,Wednesday,147,VEHICLE STRIKES ANOTHER VEH WHILE EMERGING FROM DRIVEWAY,1,703683,Not at intersection,3,100,Local Road,EAGLEHAWK-NEILBOROUGH,BENDIGO,-36.681103,144.27621,2022,1,January,13,Midday,Weekday
T20220001243,2022-01-19,13:40:00,4,Collision with a fixed object,3,Wednesday,183,OFF LEFT BEND INTO OBJECT/PARKED VEHICLE,1,53333,T intersection,2,100,Arterial Highway,PRINCES,EAST GIPPSLAND,-37.73042,148.09569,2022,1,January,13,Midday,Weekday
T20220001264,2022-01-19,16:55:00,1,Collision with vehicle,3,Wednesday,110,CROSS TRAFFIC(INTERSECTIONS ONLY),1,50675,Cross intersection,3,50,Local Road,BENTINCK,GLENELG,-38.352646,141.60606,2022,1,January,16,Afternoon Peak,Weekday
T20220002363,2022-01-19,11:00:00,1,Collision with vehicle,3,Wednesday,130,REAR END(VEHICLES IN SAME LANE),1,721271,Not at intersection,3,80,Arterial Highway,WARBURTON,YARRA RANGES,-37.78785,145.54886,2022,1,January,11,Midday,Weekday
T20220001517,2022-01-19,19:40:00,1,Collision with vehicle,3,Wednesday,131,LEFT REAR,1,778730,Not at intersection,3,40,Local Road,UNNAMED,BRIMBANK,-37.696934,144.77817,2022,1,January,19,Night,Weekday
T20220001166,2022-01-19,21:05:00,2,Struck Pedestrian,3,Wednesday,104,PED WALKING WITH TRAFFIC,5,703744,Not at intersection,1,100,Local Road,WEDDERBURN-SERPENTINE,LODDON,-36.47847,143.94997,2022,1,January,21,Night,Weekday
T20220003666,2022-01-19,05:55:00,1,Collision with vehicle,3,Wednesday,134,LANE CHANGE RIGHT (NOT OVERTAKING),2,704834,Not at intersection,3,60,Arterial Other,WELLS,FRANKSTON,-38.12177,145.13503,2022,1,January,5,Morning Peak,Weekday
T20220004829,2022-01-19,17:00:00,8,No collision and no object struck,3,Wednesday,184,OUT OF CONTROL ON CARRIAGEWAY (ON BEND),9,727906,T intersection,3,100,Arterial Highway,MURRAY VALLEY,INDIGO,-36.254456,147.08128,2022,1,January,17,Afternoon Peak,Weekday
T20220001167,2022-01-20,05:45:00,1,Collision with vehicle,4,Thursday,113,RIGHT NEAR (INTERSECTIONS ONLY),2,11447,Multiple intersection,2,70,Freeway,BLACKBURN,MONASH,-37.8952,145.14404,2022,1,January,5,Morning Peak,Weekday
T20220001844,2022-01-20,16:30:00,1,Collision with vehicle,4,Thursday,140,U TURN,1,703297,T intersection,3,50,Local Road,BORMAR,CARDINIA,-38.087162,145.5022,2022,1,January,16,Afternoon Peak,Weekday
T20220001230,2022-01-20,16:51:00,1,Collision with vehicle,4,Thursday,121,RIGHT THROUGH,1,37793,T intersection,3,50,Arterial Other,NICHOLSON,MORELAND,-37.74626,144.97742,2022,1,January,16,Afternoon Peak,Weekday
T20220001817,2022-01-20,14:15:00,1,Collision with vehicle,4,Thursday,121,RIGHT THROUGH,1,43723,Cross intersection,3,60,Arterial Other,COBURNS,MELTON,-37.687576,144.56755,2022,1,January,14,Midday,Weekday
T20220007809,2022-01-20,10:20:00,1,Collision with vehicle,4,Thursday,130,REAR END(VEHICLES IN SAME LANE),1,779118,Not at intersection,3,60,Arterial Highway,BELL,BANYULE,-37.752087,145.0486,2022,1,January,10,Midday,Weekday
T20220003312,2022-01-20,11:00:00,1,Collision with vehicle,4,Thursday,136,RIGHT TURN SIDESWIPE,1,65670,Cross intersection,3,40,Local Road,LA TROBE,MELBOURNE,-37.80888,144.96631,2022,1,January,11,Midday,Weekday
T20220001513,2022-01-20,16:30:00,1,Collision with vehicle,4,Thursday,121,RIGHT THROUGH,9,705126,Not at intersection,3,100,Arterial Other,MURRADOC,GEELONG,-38.17633,144.59785,2022,1,January,16,Afternoon Peak,Weekday
T20220001694,2022-01-20,07:25:00,4,Collision with a fixed object,4,Thursday,173,RIGHT OFF CARRIAGEWAY INTO OBJECT/PARKED VEHICLE,1,757334,Not at intersection,2,60,Arterial Other,STUDLEY PARK,BOROONDARA,-37.80746,145.02872,2022,1,January,7,Morning Peak,Weekday
T20220001978,2022-01-20,05:35:00,1,Collision with vehicle,4,Thursday,116,LEFT NEAR (INTERSECTIONS ONLY),2,703298,Multiple intersection,3,100,Freeway,PRINCES,CARDINIA,-38.075638,145.71501,2022,1,January,5,Morning Peak,Weekday
T20220001306,2022-01-20,17:30:00,8,No collision and no object struck,4,Thursday,174,OUT OF CONTROL ON CARRIAGEWAY (ON STRAIGHT),1,703333,Not at intersection,3,40,Local Road,FERGUSON,HOBSONS BAY,-37.85913,144.89963,2022,1,January,17,Afternoon Peak,Weekday
T20220001309,2022-01-20,01:03:00,1,Collision with vehicle,4,Thursday,130,REAR END(VEHICLES IN SAME LANE),3,774744,Not at intersection,3,60,Arterial Other,BALLARAT,MARIBYRNONG,-37.791237,144.88968,2022,1,January,1,Late Night,Weekday
T20220001216,2022-01-20,15:20:00,4,Collision with a fixed object,4,Thursday,171,LEFT OFF CARRIAGEWAY INTO OBJECT/PARKED VEHICLE,1,702322,Not at intersection,1,100,Local Road,MULLERS,STRATHBOGIE,-36.801113,145.1242,2022,1,January,15,Afternoon Peak,Weekday
T20220001209,2022-01-20,12:50:00,1,Collision with vehicle,4,Thursday,110,CROSS TRAFFIC(INTERSECTIONS ONLY),1,1194,Cross intersection,2,60,Local Road,CARR,GEELONG,-38.160973,144.36293,2022,1,January,12,Midday,Weekday
T20220001204,2022-01-20,15:52:00,1,Collision with vehicle,4,Thursday,130,REAR END(VEHICLES IN SAME LANE),1,702441,Not at intersection,3,60,Arterial Highway,NORTH,GLEN EIRA,-37.900433,145.01187,2022,1,January,15,Afternoon Peak,Weekday
T20220001200,2022-01-20,16:26:00,4,Collision with a fixed object,4,Thursday,179,OTHER ACCIDENTS-OFF STRAIGHT NOT INCLUDED IN DCAs 170-175,1,262863,Not at intersection,3,80,Arterial Highway,NEPEAN,GLEN EIRA,-37.926807,145.02855,2022,1,January,16,Afternoon Peak,Weekday
T20220001192,2022-01-20,10:00:00,1,Collision with vehicle,4,Thursday,130,REAR END(VEHICLES IN SAME LANE),1,703242,Not at intersection,3,100,Arterial Highway,HENTY,GLENELG,-38.056248,141.68977,2022,1,January,10,Midday,Weekday
T20220001189,2022-01-20,12:25:00,1,Collision with vehicle,4,Thursday,121,RIGHT THROUGH,1,784775,Cross intersection,2,70,Freeway,METROPOLITAN RING,WHITTLESEA,-37.68665,145.06752,2022,1,January,12,Midday,Weekday
T20220001318,2022-01-21,17:00:00,8,No collision and no object struck,5,Friday,182,OFF CARRIAGEWAY ON LEFT BEND,1,707430,Not at intersection,1,100,Local Road,CORANGAMITE LAKE,COLAC OTWAY,-38.17935,143.51575,2022,1,January,17,Afternoon Peak,Weekday
T20220001290,2022-01-21,17:25:00,1,Collision with vehicle,5,Friday,121,RIGHT THROUGH,1,46502,T intersection,3,70,Arterial Other,BAYSWATER,MAROONDAH,-37.818882,145.26909,2022,1,January,17,Afternoon Peak,Weekday
T20220001339,2022-01-21,15:50:00,5,collision with some other object,5,Friday,166,STRUCK OBJECT ON CARRIAGEWAY,1,708788,Not at intersection,3,40,Arterial Other,COBDEN-WARRNAMBOOL,MOYNE,-38.38972,142.82323,2022,1,January,15,Afternoon Peak,Weekday
T20220001247,2022-01-21,08:50:00,2,Struck Pedestrian,5,Friday,100,PED NEAR SIDE. PED HIT BY VEHICLE FROM THE RIGHT.,1,702900,Cross intersection,2,60,Local Road,KOOYONG,GLEN EIRA,-37.871845,145.01773,2022,1,January,8,Morning Peak,Weekday
T20220001257,2022-01-21,12:50:00,1,Collision with vehicle,5,Friday,111,RIGHT FAR (INTERSECTIONS ONLY),1,38494,T intersection,3,80,Arterial Highway,MAROONDAH,YARRA RANGES,-37.75053,145.37161,2022,1,January,12,Midday,Weekday
T20220001262,2022-01-21,12:24:00,6,Vehicle overturned (no collision),5,Friday,170,OFF CARRIAGEWAY TO LEFT,1,704769,Not at intersection,2,80,Local Road,RUSSELLS,MOORABOOL,-37.60895,144.4648,2022,1,January,12,Midday,Weekday
T20220001327,2022-01-21,23:30:00,4,Collision with a fixed object,5,Friday,173,RIGHT OFF CARRIAGEWAY INTO OBJECT/PARKED VEHICLE,5,704823,Not at intersection,3,100,Local Road,DOWNER,SHEPPARTON,-36.41864,145.29546,2022,1,January,23,Night,Weekday
T20220001326,2022-01-21,22:00:00,1,Collision with vehicle,5,Friday,121,RIGHT THROUGH,3,44958,Cross intersection,2,60,Arterial Other,CAMP,HUME,-37.68692,144.93323,2022,1,January,22,Night,Weekday
T20220001324,2022-01-21,22:45:00,7,Fall from or in moving vehicle,5,Friday,190,FELL IN/FROM VEHICLE,3,703112,Cross intersection,2,50,Local Road,URQUHART,MOUNT ALEXANDER,-37.06503,144.22215,2022,1,January,22,Night,Weekday
T20220001321,2022-01-21,22:30:00,4,Collision with a fixed object,5,Friday,181,OFF RIGHT BEND INTO OBJECT/PARKED VEHICLE,3,705711,Not at intersection,3,60,Local Road,FINDON,WHITTLESEA,-37.6419,145.0701,2022,1,January,22,Night,Weekday
T20220002477,2022-01-21,06:10:00,1,Collision with vehicle,5,Friday,110,CROSS TRAFFIC(INTERSECTIONS ONLY),1,705409,Cross intersection,3,50,Local Road,BROOKFIELD,HUME,-37.575783,144.90752,2022,1,January,6,Morning Peak,Weekday
T20220001320,2022-01-21,22:25:00,2,Struck Pedestrian,5,Friday,102,FAR SIDE. PED HIT BY VEHICLE FROM THE LEFT,3,169,Cross intersection,3,70,Arterial Highway,HODDLE,YARRA,-37.804993,144.99213,2022,1,January,22,Night,Weekday
T20220001263,2022-01-21,12:39:00,1,Collision with vehicle,5,Friday,110,CROSS TRAFFIC(INTERSECTIONS ONLY),1,16889,Cross intersection,2,100,Arterial Other,SOUTHERN CROSS,MOYNE,-38.3157,142.4004,2022,1,January,12,Midday,Weekday
T20220001930,2022-01-21,13:00:00,1,Collision with vehicle,5,Friday,121,RIGHT THROUGH,1,41133,Cross intersection,3,60,Arterial Other,ST KILDA,BAYSIDE,-37.895706,144.98993,2022,1,January,13,Midday,Weekday
T20220001315,2022-01-21,18:28:00,1,Collision with vehicle,5,Friday,110,CROSS TRAFFIC(INTERSECTIONS ONLY),1,29417,Cross intersection,3,40,Arterial Other,KING,MELBOURNE,-37.816383,144.95573,2022,1,January,18,Afternoon Peak,Weekday
T20220001311,2022-01-21,20:50:00,1,Collision with vehicle,5,Friday,130,REAR END(VEHICLES IN SAME LANE),3,200644,Not at intersection,3,60,Arterial Other,MALVERN,STONNINGTON,-37.874012,145.06439,2022,1,January,20,Night,Weekday
T20220001310,2022-01-21,21:25:00,1,Collision with vehicle,5,Friday,121,RIGHT THROUGH,3,49321,Cross intersection,2,60,Arterial Other,CONDON,BENDIGO,-36.773247,144.30522,2022,1,January,21,Night,Weekday
T20220001636,2022-01-21,11:30:00,4,Collision with a fixed object,5,Friday,146,REVERSING INTO FIXED OBJECT/PARKED VEHICLE,1,703021,Not at intersection,3,50,Local Road,COLERAINE,SOUTHERN GRAMPIANS,-37.732803,142.00961,2022,1,January,11,Midday,Weekday
T20220001298,2022-01-21,17:35:00,1,Collision with vehicle,5,Friday,113,RIGHT NEAR (INTERSECTIONS ONLY),1,718624,T intersection,3,80,Local Road,MANGANS,YARRA RANGES,-37.750603,145.37166,2022,1,January,17,Afternoon Peak,Weekday
T20220001296,2022-01-21,15:50:00,1,Collision with vehicle,5,Friday,132,RIGHT REAR.,1,731319,T intersection,2,60,Arterial Other,HEATHS,WYNDHAM,-37.87796,144.6873,2022,1,January,15,Afternoon Peak,Weekday
T20220001269,2022-01-21,13:41:00,4,Collision with a fixed object,5,Friday,173,RIGHT OFF CARRIAGEWAY INTO OBJECT/PARKED VEHICLE,1,703496,Not at intersection,3,100,Local Road,WESTERN,MELTON,-37.73207,144.6651,2022,1,January,13,Midday,Weekday
T20220001276,2022-01-21,15:45:00,1,Collision with vehicle,5,Friday,121,RIGHT THROUGH,1,49929,Cross intersection,2,60,Arterial Highway,ABERDEEN,GEELONG,-38.14676,144.34712,2022,1,January,15,Afternoon Peak,Weekday
T20220001279,2022-01-21,15:30:00,1,Collision with vehicle,5,Friday,130,REAR END(VEHICLES IN SAME LANE),1,49962,Cross intersection,2,60,Arterial Other,RYRIE,GEELONG,-38.150745,144.3648,2022,1,January,15,Afternoon Peak,Weekday
T20220001280,2022-01-21,16:30:00,1,Collision with vehicle,5,Friday,110,CROSS TRAFFIC(INTERSECTIONS ONLY),1,704740,Cross intersection,3,80,Local Road,FOURTEENTH,MILDURA,-34.24733,142.20572,2022,1,January,16,Afternoon Peak,Weekday
T20220001887,2022-01-21,14:45:00,1,Collision with vehicle,5,Friday,130,REAR END(VEHICLES IN SAME LANE),1,704771,Not at intersection,3,40,Arterial Highway,YORK,WELLINGTON,-38.109974,147.06825,2022,1,January,14,Midday,Weekday
T20220001283,2022-01-21,16:00:00,1,Collision with vehicle,5,Friday,113,RIGHT NEAR (INTERSECTIONS ONLY),1,15475,T intersection,3,100,Arterial Highway,SOUTH GIPPSLAND,SOUTH GIPPSLAND,-38.370094,145.67014,2022,1,January,16,Afternoon Peak,Weekday
T20220002052,2022-01-21,11:45:00,1,Collision with vehicle,5,Friday,130,REAR END(VEHICLES IN SAME LANE),1,735436,Not at intersection,2,60,Arterial Highway,ST KILDA,PORT PHILLIP,-37.8621,144.98466,2022,1,January,11,Midday,Weekday
T20220001487,2022-01-21,07:00:00,1,Collision with vehicle,5,Friday,121,RIGHT THROUGH,1,715412,Not at intersection,3,50,Local Road,FULHAM,KNOX,-37.91776,145.23665,2022,1,January,7,Morning Peak,Weekday
T20220001256,2022-01-21,12:10:00,1,Collision with vehicle,5,Friday,152,PULLING OUT (OVERTAKING),1,351369,T intersection,2,60,Local Road,HUMPHRIES,MORNINGTON PENINSULA,-38.189575,145.12054,2022,1,January,12,Midday,Weekday
T20220001239,2022-01-21,07:10:00,1,Collision with vehicle,5,Friday,160,VEHICLE COLLIDES WITH VEHICLE PARKED ON LEFT OF ROAD,1,731569,Not at intersection,2,60,Local Road,BRIDGEWATER,HUME,-37.6102,144.92789,2022,1,January,7,Morning Peak,Weekday
T20220001289,2022-01-21,16:45:00,6,Vehicle overturned (no collision),5,Friday,184,OUT OF CONTROL ON CARRIAGEWAY (ON BEND),1,704980,T intersection,2,100,Arterial Other,BEECHWORTH-WODONGA,INDIGO,-36.295338,146.70647,2022,1,January,16,Afternoon Peak,Weekday
T20220001593,2022-01-21,15:30:00,1,Collision with vehicle,5,Friday,121,RIGHT THROUGH,9,41325,T intersection,3,60,Local Road,ESKDALE,GLEN EIRA,-37.87726,145.03537,2022,1,January,15,Afternoon Peak,Weekday
T20220001248,2022-01-21,11:05:00,4,Collision with a fixed object,5,Friday,183,OFF LEFT BEND INTO OBJECT/PARKED VEHICLE,1,702445,Not at intersection,3,100,Local Road,MYRTLEBANK-FULHAM,WELLINGTON,-38.08469,147.0113,2022,1,January,11,Midday,Weekday
T20220001293,2022-01-21,18:15:00,1,Collision with vehicle,5,Friday,140,U TURN,1,702691,Not at intersection,3,60,Arterial Other,FRANKSTON-FLINDERS,MORNINGTON PENINSULA,-38.229404,145.18086,2022,1,January,18,Afternoon Peak,Weekday
T20220001569,2022-01-21,13:45:00,1,Collision with vehicle,5,Friday,121,RIGHT THROUGH,1,44939,Cross intersection,2,60,Arterial Other,MAIN ROAD E-MAIN,BRIMBANK,-37.744232,144.79994,2022,1,January,13,Midday,Weekday
T20220001288,2022-01-21,18:05:00,1,Collision with vehicle,5,Friday,141,U TURN INTO FIXED OBJECT/PARKED VEHICLE,1,731317,T intersection,3,60,Local Road,GEORGE,BRIMBANK,-37.730545,144.79454,2022,1,January,18,Afternoon Peak,Weekday
T20220001331,2022-01-22,01:30:00,4,Collision with a fixed object,6,Saturday,171,LEFT OFF CARRIAGEWAY INTO OBJECT/PARKED VEHICLE,5,706099,Not at intersection,2,100,Arterial Other,EPPING,WHITTLESEA,-37.557884,145.0316,2022,1,January,1,Late Night,Weekend
T20220001386,2022-01-22,22:30:00,1,Collision with vehicle,6,Saturday,130,REAR END(VEHICLES IN SAME LANE),3,44443,T intersection,2,70,Arterial Highway,PRINCES,GEELONG,-38.11954,144.35368,2022,1,January,22,Night,Weekend
T20220001939,2022-01-22,14:05:00,1,Collision with vehicle,6,Saturday,133,LANE SIDE SWIPE (VEHICLES IN PARALLEL LANES),1,246649,Not at intersection,3,50,Local Road,HIGH,DAREBIN,-37.7518,145.00174,2022,1,January,14,Midday,Weekend
T20220001342,2022-01-22,08:47:00,1,Collision with vehicle,6,Saturday,110,CROSS TRAFFIC(INTERSECTIONS ONLY),1,246201,Cross intersection,3,60,Arterial Highway,POINT NEPEAN,MORNINGTON PENINSULA,-38.353275,144.9141,2022,1,January,8,Morning Peak,Weekend
T20230000204,2022-01-22,21:15:00,1,Collision with vehicle,6,Saturday,113,RIGHT NEAR (INTERSECTIONS ONLY),3,29564,T intersection,3,60,Arterial Other,TRAM,MANNINGHAM,-37.794395,145.12605,2022,1,January,21,Night,Weekend
T20220001374,2022-01-22,16:38:00,1,Collision with vehicle,6,Saturday,147,VEHICLE STRIKES ANOTHER VEH WHILE EMERGING FROM DRIVEWAY,1,703095,Not at intersection,3,60,Local Road,EASTBOURNE,MORNINGTON PENINSULA,-38.367813,144.9038,2022,1,January,16,Afternoon Peak,Weekend
T20220001372,2022-01-22,11:30:00,1,Collision with vehicle,6,Saturday,160,VEHICLE COLLIDES WITH VEHICLE PARKED ON LEFT OF ROAD,1,714293,Not at intersection,3,50,Local Road,WILLIAMS,INDIGO,-36.358578,146.68947,2022,1,January,11,Midday,Weekend
T20220001371,2022-01-22,17:14:00,6,Vehicle overturned (no collision),6,Saturday,151,OUT OF CONTROL (OVERTAKING),1,784777,Not at intersection,2,60,Local Road,GEORGE,KNOX,-37.889038,145.22191,2022,1,January,17,Afternoon Peak,Weekend
T20220001369,2022-01-22,15:55:00,4,Collision with a fixed object,6,Saturday,173,RIGHT OFF CARRIAGEWAY INTO OBJECT/PARKED VEHICLE,1,53521,T intersection,2,80,Arterial Highway,SPRINGVALE,DANDENONG,-37.969597,145.14879,2022,1,January,15,Afternoon Peak,Weekend
T20220001354,2022-01-22,13:12:00,1,Collision with vehicle,6,Saturday,147,VEHICLE STRIKES ANOTHER VEH WHILE EMERGING FROM DRIVEWAY,1,702737,Not at intersection,3,50,Local Road,LARBERT,YARRA RANGES,-37.78204,145.33853,2022,1,January,13,Midday,Weekend
T20220001380,2022-01-22,18:04:00,1,Collision with vehicle,6,Saturday,116,LEFT NEAR (INTERSECTIONS ONLY),1,703018,T intersection,2,100,Arterial Other,PORTARLINGTON,GEELONG,-38.172276,144.43976,2022,1,January,18,Afternoon Peak,Weekend
T20220002607,2022-01-22,16:34:00,1,Collision with vehicle,6,Saturday,130,REAR END(VEHICLES IN SAME LANE),1,704394,Not at intersection,3,60,Arterial Other,SOUTH,KINGSTON,-37.933495,145.03772,2022,1,January,16,Afternoon Peak,Weekend
T20220001492,2022-01-22,14:00:00,5,collision with some other object,6,Saturday,166,STRUCK OBJECT ON CARRIAGEWAY,1,711851,Not at intersection,3,50,Local Road,WHIPSTICK,BENDIGO,-36.700733,144.25575,2022,1,January,14,Midday,Weekend
T20220001358,2022-01-22,13:26:00,1,Collision with vehicle,6,Saturday,130,REAR END(VEHICLES IN SAME LANE),1,39785,Cross intersection,3,70,Arterial Other,DORSET,MAROONDAH,-37.826,145.28758,2022,1,January,13,Midday,Weekend
T20220001361,2022-01-22,14:41:00,1,Collision with vehicle,6,Saturday,113,RIGHT NEAR (INTERSECTIONS ONLY),1,764530,T intersection,3,50,Local Road,MONTGOMERY,BALLARAT,-37.52669,143.83076,2022,1,January,14,Midday,Weekend
T20220023531,2022-01-22,18:00:00,6,Vehicle overturned (no collision),6,Saturday,174,OUT OF CONTROL ON CARRIAGEWAY (ON STRAIGHT),1,731571,Not at intersection,2,80,Local Road,SOLDIERS,CARDINIA,-38.242527,145.5644,2022,1,January,18,Afternoon Peak,Weekend
T20220003247,2022-01-22,16:22:00,1,Collision with vehicle,6,Saturday,130,REAR END(VEHICLES IN SAME LANE),1,29684,T intersection,3,60,Arterial Other,CLAYTON,MONASH,-37.919056,145.1209,2022,1,January,16,Afternoon Peak,Weekend
T20220001352,2022-01-22,11:30:00,4,Collision with a fixed object,6,Saturday,181,OFF RIGHT BEND INTO OBJECT/PARKED VEHICLE,1,705412,Not at intersection,2,80,Local Road,MILNERS,YARRA RANGES,-37.79871,145.607,2022,1,January,11,Midday,Weekend
T20220001389,2022-01-22,23:00:00,1,Collision with vehicle,6,Saturday,130,REAR END(VEHICLES IN SAME LANE),3,731322,Not at intersection,3,60,Arterial Other,RHODES,MORELAND,-37.7156,144.92833,2022,1,January,23,Night,Weekend
T20220001388,2022-01-22,23:58:00,4,Collision with a fixed object,6,Saturday,171,LEFT OFF CARRIAGEWAY INTO OBJECT/PARKED VEHICLE,3,705410,Y intersection,2,60,Arterial Highway,SUMMERHILL,DAREBIN,-37.726223,145.02444,2022,1,January,23,Night,Weekend
T20220001411,2022-01-22,11:50:00,2,Struck Pedestrian,6,Saturday,100,PED NEAR SIDE. PED HIT BY VEHICLE FROM THE RIGHT.,1,1261,T intersection,3,50,Arterial Highway,WARBURTON,YARRA RANGES,-37.753258,145.69113,2022,1,January,11,Midday,Weekend
T20220001387,2022-01-22,21:50:00,2,Struck Pedestrian,6,Saturday,102,FAR SIDE. PED HIT BY VEHICLE FROM THE LEFT,5,353751,Cross intersection,2,60,Arterial Highway,BELL,DAREBIN,-37.743893,144.98915,2022,1,January,21,Night,Weekend