ACCIDENT_NO,ACCIDENT_DATE,ACCIDENT_TIME,ACCIDENT_TYPE,ACCIDENT_TYPE_DESC,DAY_OF_WEEK,DAY_WEEK_DESC,DCA_CODE,DCA_DESC,LIGHT_CONDITION,NODE_ID,ROAD_GEOMETRY_DESC,SEVERITY,SPEED_ZONE,RMA,ROAD_NAME,LGA_NAME,LATITUDE,LONGITUDE,YEAR,MONTH,MONTH_NAME,HOUR,TIME_PERIOD,DAY_TYPE
T20220001347,2022-01-22,08:35:00,1,Collision with vehicle,6,Saturday,139,OTHER SAME DIRECTION-MANOUEVRES NOT INCLUDED IN DCAs 130-137,1,702516,Not at intersection,3,100,Local Road,KINGSTON-NEWLYN,HEPBURN,-37.38021,143.97176,2022,1,January,8,Morning Peak,Weekend
T20220001348,2022-01-22,10:13:00,4,Collision with a fixed object,6,Saturday,175,OFF END OF ROAD/T-INTERSECTION.,1,702732,T intersection,3,50,Local Road,CHURCH,MANNINGHAM,-37.770252,145.1409,2022,1,January,10,Midday,Weekend
T20220001349,2022-01-22,09:30:00,1,Collision with vehicle,6,Saturday,131,LEFT REAR,1,73315,T intersection,3,60,Arterial Other,MARINE,MORNINGTON PENINSULA,-38.311436,144.9929,2022,1,January,9,Morning Peak,Weekend
T20220001350,2022-01-22,09:30:00,1,Collision with vehicle,6,Saturday,120,HEAD ON (NOT OVERTAKING),1,703612,Not at intersection,3,50,Local Road,ALEXANDRA,MAROONDAH,-37.81744,145.24986,2022,1,January,9,Morning Peak,Weekend
T20220001394,2022-01-22,22:25:00,1,Collision with vehicle,6,Saturday,121,RIGHT THROUGH,3,871,Not at intersection,2,60,Arterial Highway,FRANKSTON-DANDENONG,DANDENONG,-37.99988,145.21823,2022,1,January,22,Night,Weekend
T20220001407,2022-01-22,20:00:00,6,Vehicle overturned (no collision),6,Saturday,184,OUT OF CONTROL ON CARRIAGEWAY (ON BEND),5,774220,Not at intersection,3,100,Local Road,TAMBO UPPER,EAST GIPPSLAND,-37.75294,147.85786,2022,1,January,20,Night,Weekend
T20220001415,2022-01-22,13:00:00,1,Collision with vehicle,6,Saturday,130,REAR END(VEHICLES IN SAME LANE),1,36317,Cross intersection,3,60,Local Road,CARDIGAN,MELBOURNE,-37.804726,144.96474,2022,1,January,13,Midday,Weekend
T20220001748,2022-01-22,11:50:00,1,Collision with vehicle,6,Saturday,120,HEAD ON (NOT OVERTAKING),1,733325,Not at intersection,2,100,Local Road,WHITELAW,BAW BAW,-38.016243,146.00453,2022,1,January,11,Midday,Weekend
T20220001443,2022-01-22,18:39:00,1,Collision with vehicle,6,Saturday,110,CROSS TRAFFIC(INTERSECTIONS ONLY),1,783643,Cross intersection,3,60,Local Road,TERMINAL,HUME,-37.673023,144.85216,2022,1,January,18,Afternoon Peak,Weekend
T20220003024,2022-01-22,13:37:00,1,Collision with vehicle,6,Saturday,130,REAR END(VEHICLES IN SAME LANE),1,706008,Not at intersection,3,50,Arterial Other,WILLIAMSTOWN,PORT PHILLIP,-37.83471,144.9264,2022,1,January,13,Midday,Weekend
T20220001964,2022-01-22,18:30:00,1,Collision with vehicle,6,Saturday,110,CROSS TRAFFIC(INTERSECTIONS ONLY),1,707518,Cross intersection,3,60,Local Road,DALEY,MORELAND,-37.69671,144.92468,2022,1,January,18,Afternoon Peak,Weekend
T20220001379,2022-01-22,19:16:00,1,Collision with vehicle,6,Saturday,130,REAR END(VEHICLES IN SAME LANE),1,706711,Not at intersection,2,80,Local Road,LEAKES,WYNDHAM,-37.838703,144.73831,2022,1,January,19,Night,Weekend
T20220001376,2022-01-22,17:10:00,1,Collision with vehicle,6,Saturday,110,CROSS TRAFFIC(INTERSECTIONS ONLY),1,244234,Cross intersection,3,80,Arterial Highway,CALDER,BENDIGO,-36.742226,144.20416,2022,1,January,17,Afternoon Peak,Weekend
T20220001667,2022-01-22,10:51:00,1,Collision with vehicle,6,Saturday,148,VEHICLE OFF FOOTPATH STRIKES VEH ON CARRIAGEWAY,1,52605,Cross intersection,3,50,Arterial Highway,DIMBOOLA,HORSHAM,-36.710403,142.19626,2022,1,January,10,Midday,Weekend
T20220001345,2022-01-22,09:31:00,1,Collision with vehicle,6,Saturday,140,U TURN,1,702736,Not at intersection,3,60,Arterial Other,MILLEARA,MOONEE VALLEY,-37.74452,144.86305,2022,1,January,9,Morning Peak,Weekend
T20220001412,2022-01-23,11:56:00,1,Collision with vehicle,7,Sunday,152,PULLING OUT (OVERTAKING),1,703291,T intersection,3,60,Arterial Highway,POINT NEPEAN,MORNINGTON PENINSULA,-38.36519,144.79836,2022,1,January,11,Midday,Weekend
T20220001591,2022-01-23,18:34:00,4,Collision with a fixed object,7,Sunday,173,RIGHT OFF CARRIAGEWAY INTO OBJECT/PARKED VEHICLE,1,735886,Not at intersection,2,60,Arterial Other,HYLAND,GEELONG,-38.138065,144.31618,2022,1,January,18,Afternoon Peak,Weekend
T20220002061,2022-01-23,10:30:00,6,Vehicle overturned (no collision),7,Sunday,180,OFF CARRIAGEWAY ON RIGHT BEND,1,781982,Not at intersection,3,80,Arterial Other,MARYSVILLE-WOODS POINT,YARRA RANGES,-37.56076,145.87277,2022,1,January,10,Midday,Weekend
T20220001403,2022-01-23,10:30:00,1,Collision with vehicle,7,Sunday,121,RIGHT THROUGH,1,702852,Multiple intersection,3,60,Arterial Highway,LOWER DANDENONG,KINGSTON,-37.98744,145.11786,2022,1,January,10,Midday,Weekend
T20220001414,2022-01-23,11:19:00,1,Collision with vehicle,7,Sunday,120,HEAD ON (NOT OVERTAKING),1,35713,T intersection,3,40,Arterial Other,SYDNEY,MORELAND,-37.77474,144.96083,2022,1,January,11,Midday,Weekend
T20220002066,2022-01-23,19:20:00,1,Collision with vehicle,7,Sunday,110,CROSS TRAFFIC(INTERSECTIONS ONLY),1,48128,Cross intersection,3,50,Local Road,ELIZABETH,BRIMBANK,-37.74222,144.79205,2022,1,January,19,Night,Weekend
T20220001392,2022-01-23,00:56:00,8,No collision and no object struck,7,Sunday,170,OFF CARRIAGEWAY TO LEFT,5,706006,Not at intersection,2,60,Local Road,RAILWAY,HOBSONS BAY,-37.863125,144.77678,2022,1,January,0,Late Night,Weekend
T20220001416,2022-01-23,10:40:00,1,Collision with vehicle,7,Sunday,110,CROSS TRAFFIC(INTERSECTIONS ONLY),1,40888,Cross intersection,3,80,Arterial Other,WANTIRNA,KNOX,-37.84769,145.22714,2022,1,January,10,Midday,Weekend
T20220001419,2022-01-23,11:00:00,4,Collision with a fixed object,7,Sunday,181,OFF RIGHT BEND INTO OBJECT/PARKED VEHICLE,1,702998,Not at intersection,3,100,Local Road,MCDONALDS,CARDINIA,-38.28774,145.61473,2022,1,January,11,Midday,Weekend
T20220001454,2022-01-23,21:30:00,2,Struck Pedestrian,7,Sunday,102,FAR SIDE. PED HIT BY VEHICLE FROM THE LEFT,3,706814,Not at intersection,2,80,Arterial Highway,NEPEAN,KINGSTON,-37.96479,145.05716,2022,1,January,21,Night,Weekend
T20220001450,2022-01-23,22:25:00,1,Collision with vehicle,7,Sunday,121,RIGHT THROUGH,3,281975,T intersection,2,60,Arterial Other,MILLERS,HOBSONS BAY,-37.844063,144.84607,2022,1,January,22,Night,Weekend
T20220004195,2022-01-23,13:00:00,1,Collision with vehicle,7,Sunday,130,REAR END(VEHICLES IN SAME LANE),1,721257,Not at intersection,3,100,Freeway,PENINSULA LINK,MORNINGTON PENINSULA,-38.22702,145.12677,2022,1,January,13,Midday,Weekend
T20220001449,2022-01-23,21:46:00,1,Collision with vehicle,7,Sunday,113,RIGHT NEAR (INTERSECTIONS ONLY),5,702783,T intersection,3,100,Arterial Highway,SOUTH GIPPSLAND,BASS COAST,-38.35329,145.64905,2022,1,January,21,Night,Weekend
T20220001408,2022-01-23,09:30:00,1,Collision with vehicle,7,Sunday,110,CROSS TRAFFIC(INTERSECTIONS ONLY),1,714,Cross intersection,3,60,Arterial Other,WAVERLEY,MONASH,-37.884705,145.12735,2022,1,January,9,Morning Peak,Weekend
T20220001442,2022-01-23,20:55:00,1,Collision with vehicle,7,Sunday,148,VEHICLE OFF FOOTPATH STRIKES VEH ON CARRIAGEWAY,3,270520,Cross intersection,3,40,Local Road,QUEENS BRIDGE,MELBOURNE,-37.82321,144.96083,2022,1,January,20,Night,Weekend
T20220001432,2022-01-23,16:00:00,4,Collision with a fixed object,7,Sunday,171,LEFT OFF CARRIAGEWAY INTO OBJECT/PARKED VEHICLE,1,702744,T intersection,2,100,Arterial Highway,SOUTH GIPPSLAND,CASEY,-38.217014,145.40198,2022,1,January,16,Afternoon Peak,Weekend
T20220001396,2022-01-23,04:35:00,4,Collision with a fixed object,7,Sunday,171,LEFT OFF CARRIAGEWAY INTO OBJECT/PARKED VEHICLE,3,707972,Not at intersection,2,60,Arterial Highway,PHILLIP ISLAND,BASS COAST,-38.514664,145.35408,2022,1,January,4,Late Night,Weekend
T20220001400,2022-01-23,07:41:00,1,Collision with vehicle,7,Sunday,120,HEAD ON (NOT OVERTAKING),1,705420,Not at intersection,2,60,Arterial Other,JELLS,MONASH,-37.921635,145.18634,2022,1,January,7,Morning Peak,Weekend
T20220001496,2022-01-23,20:30:00,4,Collision with a fixed object,7,Sunday,171,LEFT OFF CARRIAGEWAY INTO OBJECT/PARKED VEHICLE,2,61183,T intersection,3,60,Local Road,CIVIC,WHITTLESEA,-37.644474,145.06407,2022,1,January,20,Night,Weekend
T20220001477,2022-01-23,17:50:00,3,Struck animal,7,Sunday,167,STRUCK ANIMAL,1,703244,Not at intersection,3,100,Arterial Highway,GLENELG,GLENELG,-37.75956,141.04718,2022,1,January,17,Afternoon Peak,Weekend
T20220001410,2022-01-23,08:25:00,3,Struck animal,7,Sunday,167,STRUCK ANIMAL,1,42763,T intersection,3,60,Arterial Other,BEACH,KINGSTON,-37.98902,145.06047,2022,1,January,8,Morning Peak,Weekend
T20220001439,2022-01-23,19:00:00,1,Collision with vehicle,7,Sunday,121,RIGHT THROUGH,2,62904,Cross intersection,2,60,Local Road,DOUGHARTY,BANYULE,-37.735394,145.05823,2022,1,January,19,Night,Weekend
T20220004563,2022-01-23,04:30:00,3,Struck animal,7,Sunday,167,STRUCK ANIMAL,5,705566,Not at intersection,3,80,Arterial Other,BENDIGO-REDESDALE,BENDIGO,-36.799625,144.34503,2022,1,January,4,Late Night,Weekend
T20220001434,2022-01-23,17:04:00,1,Collision with vehicle,7,Sunday,113,RIGHT NEAR (INTERSECTIONS ONLY),1,50193,Cross intersection,2,70,Arterial Highway,SURF COAST,GEELONG,-38.182446,144.34473,2022,1,January,17,Afternoon Peak,Weekend
T20220001427,2022-01-23,08:35:00,1,Collision with vehicle,7,Sunday,110,CROSS TRAFFIC(INTERSECTIONS ONLY),1,44884,Cross intersection,2,60,Local Road,RIDING BOUNDARY,MELTON,-37.7814,144.75478,2022,1,January,8,Morning Peak,Weekend
T20220001406,2022-01-23,10:45:00,1,Collision with vehicle,7,Sunday,121,RIGHT THROUGH,1,702694,T intersection,3,60,Arterial Other,RINGWOOD-WARRANDYTE,MANNINGHAM,-37.76941,145.23038,2022,1,January,10,Midday,Weekend
T20220001425,2022-01-23,12:00:00,4,Collision with a fixed object,7,Sunday,175,OFF END OF ROAD/T-INTERSECTION.,1,17692,T intersection,2,100,Arterial Highway,GOULBURN VALLEY,MURRINDINDI,-37.15254,145.65115,2022,1,January,12,Midday,Weekend
T20220002342,2022-01-23,17:40:00,1,Collision with vehicle,7,Sunday,130,REAR END(VEHICLES IN SAME LANE),1,773688,Not at intersection,3,80,Arterial Other,BERWICK-CRANBOURNE,CASEY,-38.118675,145.32663,2022,1,January,17,Afternoon Peak,Weekend
T20220002208,2022-01-23,15:45:00,1,Collision with vehicle,7,Sunday,116,LEFT NEAR (INTERSECTIONS ONLY),9,40977,T intersection,3,60,Arterial Other,SCORESBY,KNOX,-37.85289,145.26854,2022,1,January,15,Afternoon Peak,Weekend
T20220002733,2022-01-23,05:35:00,4,Collision with a fixed object,7,Sunday,171,LEFT OFF CARRIAGEWAY INTO OBJECT/PARKED VEHICLE,2,731161,Not at intersection,2,60,Local Road,POPLAR,SHEPPARTON,-36.39904,145.41217,2022,1,January,5,Morning Peak,Weekend
T20220001401,2022-01-23,08:25:00,1,Collision with vehicle,7,Sunday,140,U TURN,1,702607,Not at intersection,2,100,Local Road,CARPENDEIT-BUNGADOR,COLAC OTWAY,-38.39417,143.28574,2022,1,January,8,Morning Peak,Weekend
T20220001393,2022-01-23,03:13:00,1,Collision with vehicle,7,Sunday,160,VEHICLE COLLIDES WITH VEHICLE PARKED ON LEFT OF ROAD,3,708394,Not at intersection,2,70,Arterial Highway,BELLARINE,GEELONG,-38.169056,144.38579,2022,1,January,3,Late Night,Weekend
T20220001440,2022-01-23,16:36:00,1,Collision with vehicle,7,Sunday,113,RIGHT NEAR (INTERSECTIONS ONLY),1,329220,Cross intersection,3,70,Freeway,PLENTY,BANYULE,-37.687065,145.06769,2022,1,January,16,Afternoon Peak,Weekend
T20220001467,2022-01-24,07:50:00,1,Collision with vehicle,1,Monday,121,RIGHT THROUGH,1,779545,Cross intersection,3,60,Arterial Other,TODD,MELBOURNE,-37.833733,144.91277,2022,1,January,7,Morning Peak,Weekday
T20220004083,2022-01-24,15:22:00,1,Collision with vehicle,1,Monday,121,RIGHT THROUGH,1,29393,T intersection,3,60,Arterial Other,SOUTH,GLEN EIRA,-37.93317,145.03638,2022,1,January,15,Afternoon Peak,Weekday
T20220001476,2022-01-24,09:11:00,2,Struck Pedestrian,1,Monday,102,FAR SIDE. PED HIT BY VEHICLE FROM THE LEFT,1,703020,Not at intersection,2,50,Local Road,SOUTHWICK,HOBSONS BAY,-37.871346,144.77303,2022,1,January,9,Morning Peak,Weekday
T20220001486,2022-01-24,07:10:00,1,Collision with vehicle,1,Monday,137,LEFT TURN SIDESWIPE,1,45344,Multiple intersection,3,60,Arterial Other,NAPIER,MOONEE VALLEY,-37.755013,144.91779,2022,1,January,7,Morning Peak,Weekday
T20220002376,2022-01-24,05:20:00,8,No collision and no object struck,1,Monday,174,OUT OF CONTROL ON CARRIAGEWAY (ON STRAIGHT),2,704446,Not at intersection,3,40,Arterial Highway,SPRINGVALE,DANDENONG,-37.950733,145.15257,2022,1,January,5,Morning Peak,Weekday
T20220001520,2022-01-24,18:05:00,1,Collision with vehicle,1,Monday,121,RIGHT THROUGH,1,48758,Cross intersection,3,60,Local Road,PATTERSONS,CASEY,-38.12094,145.346,2022,1,January,18,Afternoon Peak,Weekday
T20220001512,2022-01-24,16:16:00,1,Collision with vehicle,1,Monday,163,VEHICLE STRIKES DOOR OF PARKED/STATIONARY VEHICLE,1,702901,Not at intersection,3,40,Local Road,SMITH,YARRA,-37.802402,144.98367,2022,1,January,16,Afternoon Peak,Weekday
T20220001509,2022-01-24,14:03:00,1,Collision with vehicle,1,Monday,113,RIGHT NEAR (INTERSECTIONS ONLY),1,29761,Cross intersection,2,70,Arterial Other,THOMPSONS,CASEY,-38.079994,145.25813,2022,1,January,14,Midday,Weekday
T20220001507,2022-01-24,16:35:00,1,Collision with vehicle,1,Monday,121,RIGHT THROUGH,1,702695,Not at intersection,3,70,Arterial Other,SOUTH,KINGSTON,-37.934006,145.04185,2022,1,January,16,Afternoon Peak,Weekday
T20220001499,2022-01-24,11:16:00,8,No collision and no object struck,1,Monday,174,OUT OF CONTROL ON CARRIAGEWAY (ON STRAIGHT),1,784798,Not at intersection,3,100,Arterial Other,TRARALGON-MAFFRA,WELLINGTON,-37.98309,146.88779,2022,1,January,11,Midday,Weekday
T20220001498,2022-01-24,10:55:00,6,Vehicle overturned (no collision),1,Monday,174,OUT OF CONTROL ON CARRIAGEWAY (ON STRAIGHT),1,705161,Not at intersection,2,40,Arterial Other,COOPER,WHITTLESEA,-37.650654,145.01112,2022,1,January,10,Midday,Weekday
T20220001497,2022-01-24,12:45:00,4,Collision with a fixed object,1,Monday,183,OFF LEFT BEND INTO OBJECT/PARKED VEHICLE,1,708396,Not at intersection,2,60,Arterial Highway,GREAT ALPINE,ALPINE,-36.552216,146.70952,2022,1,January,12,Midday,Weekday
T20220001738,2022-01-24,18:45:00,1,Collision with vehicle,1,Monday,133,LANE SIDE SWIPE (VEHICLES IN PARALLEL LANES),1,47581,T intersection,3,50,Local Road,BRIDGE,BAYSIDE,-37.94497,145.00629,2022,1,January,18,Afternoon Peak,Weekday
T20220001545,2022-01-24,22:17:00,1,Collision with vehicle,1,Monday,160,VEHICLE COLLIDES WITH VEHICLE PARKED ON LEFT OF ROAD,3,731329,Not at intersection,2,60,Arterial Other,HEATHERTON,DANDENONG,-37.968376,145.20094,2022,1,January,22,Night,Weekday
T20220001542,2022-01-24,00:55:00,1,Collision with vehicle,1,Monday,160,VEHICLE COLLIDES WITH VEHICLE PARKED ON LEFT OF ROAD,3,272104,T intersection,2,50,Arterial Other,BARKLY,PORT PHILLIP,-37.875633,144.97958,2022,1,January,0,Late Night,Weekday
T20220001539,2022-01-24,00:37:00,1,Collision with vehicle,1,Monday,120,HEAD ON (NOT OVERTAKING),3,705771,Not at intersection,3,50,Local Road,BROADHURST,DAREBIN,-37.70788,144.99767,2022,1,January,0,Late Night,Weekday
T20220001534,2022-01-24,18:40:00,4,Collision with a fixed object,1,Monday,171,LEFT OFF CARRIAGEWAY INTO OBJECT/PARKED VEHICLE,1,731328,Not at intersection,3,60,Local Road,ORDISH,DANDENONG,-38.03008,145.19202,2022,1,January,18,Afternoon Peak,Weekday
T20220001854,2022-01-24,10:10:00,1,Collision with vehicle,1,Monday,130,REAR END(VEHICLES IN SAME LANE),1,706498,Cross intersection,3,60,Local Road,GARDENVALE,GLEN EIRA,-37.89786,145.00769,2022,1,January,10,Midday,Weekday
T20220001531,2022-01-24,19:07:00,1,Collision with vehicle,1,Monday,113,RIGHT NEAR (INTERSECTIONS ONLY),1,670205,T intersection,3,60,Local Road,WIDFORD,HUME,-37.687077,144.92667,2022,1,January,19,Night,Weekday
T20220001525,2022-01-24,19:27:00,4,Collision with a fixed object,1,Monday,181,OFF RIGHT BEND INTO OBJECT/PARKED VEHICLE,1,776901,Cross intersection,3,60,Local Road,HALLETTS,MOORABOOL,-37.680733,144.4212,2022,1,January,19,Night,Weekday
T20220001523,2022-01-24,15:30:00,8,No collision and no object struck,1,Monday,179,OTHER ACCIDENTS-OFF STRAIGHT NOT INCLUDED IN DCAs 170-175,1,707707,Not at intersection,3,100,Local Road,LOWER DARGO-TABBERABBERA,WELLINGTON,-37.514828,147.291,2022,1,January,15,Afternoon Peak,Weekday
T20220001855,2022-01-24,12:00:00,1,Collision with vehicle,1,Monday,135,LANE CHANGE LEFT (NOT OVERTAKING),1,703659,Not at intersection,3,60,Arterial Other,PASCOE VALE,MOONEE VALLEY,-37.732918,144.924,2022,1,January,12,Midday,Weekday
T20220005430,2022-01-24,17:00:00,1,Collision with vehicle,1,Monday,163,VEHICLE STRIKES DOOR OF PARKED/STATIONARY VEHICLE,9,706483,Not at intersection,3,50,Local Road,ALMA,MARIBYRNONG,-37.794075,144.86949,2022,1,January,17,Afternoon Peak,Weekday
T20220001657,2022-01-24,13:00:00,4,Collision with a fixed object,1,Monday,181,OFF RIGHT BEND INTO OBJECT/PARKED VEHICLE,1,329153,T intersection,2,100,Arterial Other,EUROA-SHEPPARTON,STRATHBOGIE,-36.62727,145.47131,2022,1,January,13,Midday,Weekday
T20220002103,2022-01-24,16:30:00,6,Vehicle overturned (no collision),1,Monday,174,OUT OF CONTROL ON CARRIAGEWAY (ON STRAIGHT),1,781985,Not at intersection,3,80,Freeway,WEST GATE,MELBOURNE,-37.827435,144.9628,2022,1,January,16,Afternoon Peak,Weekday
T20220001610,2022-01-24,14:22:00,1,Collision with vehicle,1,Monday,135,LANE CHANGE LEFT (NOT OVERTAKING),1,703395,Not at intersection,3,100,Freeway,WESTERN RING,HUME,-37.692158,144.94972,2022,1,January,14,Midday,Weekday
T20220003429,2022-01-24,19:00:00,1,Collision with vehicle,1,Monday,130,REAR END(VEHICLES IN SAME LANE),1,676131,Cross intersection,3,60,Local Road,SANCTUARY LAKES NORTH,WYNDHAM,-37.88921,144.77132,2022,1,January,19,Night,Weekday
T20220003352,2022-01-25,07:30:00,1,Collision with vehicle,2,Tuesday,137,LEFT TURN SIDESWIPE,1,278624,Cross intersection,3,60,Local Road,EDGARS,WHITTLESEA,-37.620754,145.00523,2022,1,January,7,Morning Peak,Weekday
T20220001571,2022-01-25,13:15:00,1,Collision with vehicle,2,Tuesday,122,LEFT THROUGH,1,704505,Cross intersection,2,70,Arterial Other,STURT,BALLARAT,-37.55811,143.82469,2022,1,January,13,Midday,Weekday
T20220019741,2022-01-25,17:35:00,1,Collision with vehicle,2,Tuesday,130,REAR END(VEHICLES IN SAME LANE),1,723506,Cross intersection,3,50,Arterial Other,MITCHELL STREET -RAILWAY,BENDIGO,-36.763557,144.28265,2022,1,January,17,Afternoon Peak,Weekday
T20220001594,2022-01-25,17:00:00,1,Collision with vehicle,2,Tuesday,110,CROSS TRAFFIC(INTERSECTIONS ONLY),1,35340,Cross intersection,3,60,Arterial Other,QUEENS,YARRA,-37.78865,144.99088,2022,1,January,17,Afternoon Peak,Weekday
T20220001588,2022-01-25,14:00:00,1,Collision with vehicle,2,Tuesday,130,REAR END(VEHICLES IN SAME LANE),1,702745,T intersection,1,100,Arterial Highway,FARLEY,CAMPASPE,-36.07301,144.59808,2022,1,January,14,Midday,Weekday
T20220001628,2022-01-25,23:23:00,1,Collision with vehicle,2,Tuesday,130,REAR END(VEHICLES IN SAME LANE),3,714811,Not at intersection,3,40,Local Road,WINDERMERE,KNOX,-37.89776,145.26332,2022,1,January,23,Night,Weekday
T20220001595,2022-01-25,11:30:00,1,Collision with vehicle,2,Tuesday,120,HEAD ON (NOT OVERTAKING),1,705311,T intersection,3,50,Local Road,BELLS,CASEY,-38.09259,145.36044,2022,1,January,11,Midday,Weekday
T20220001625,2022-01-25,00:50:00,1,Collision with vehicle,2,Tuesday,130,REAR END(VEHICLES IN SAME LANE),3,707997,Not at intersection,2,40,Arterial Other,CRAIGIEBURN,WHITTLESEA,-37.606632,145.01225,2022,1,January,0,Late Night,Weekday
T20220001623,2022-01-25,21:30:00,1,Collision with vehicle,2,Tuesday,121,RIGHT THROUGH,3,42397,T intersection,3,60,Arterial Other,CLAYTON,KINGSTON,-37.94037,145.11678,2022,1,January,21,Night,Weekday
T20220001622,2022-01-25,23:15:00,1,Collision with vehicle,2,Tuesday,130,REAR END(VEHICLES IN SAME LANE),3,42744,Cross intersection,3,80,Arterial Highway,NEPEAN,KINGSTON,-37.965664,145.0578,2022,1,January,23,Night,Weekday
T20220001621,2022-01-25,20:10:00,1,Collision with vehicle,2,Tuesday,121,RIGHT THROUGH,1,42720,T intersection,2,60,Arterial Other,BEACH,BAYSIDE,-37.991413,145.04236,2022,1,January,20,Night,Weekday
T20220001619,2022-01-25,17:35:00,1,Collision with vehicle,2,Tuesday,139,OTHER SAME DIRECTION-MANOUEVRES NOT INCLUDED IN DCAs 130-137,1,705458,Cross intersection,2,80,Arterial Other,COOPER,WHITTLESEA,-37.647446,144.98479,2022,1,January,17,Afternoon Peak,Weekday
T20220001617,2022-01-25,20:20:00,1,Collision with vehicle,2,Tuesday,171,LEFT OFF CARRIAGEWAY INTO OBJECT/PARKED VEHICLE,2,704381,Not at intersection,2,50,Local Road,MACUMBA,CASEY,-38.08204,145.35349,2022,1,January,20,Night,Weekday
T20220001558,2022-01-25,07:15:00,4,Collision with a fixed object,2,Tuesday,171,LEFT OFF CARRIAGEWAY INTO OBJECT/PARKED VEHICLE,1,706387,T intersection,3,60,Arterial Other,RIDDELL,HUME,-37.557945,144.70634,2022,1,January,7,Morning Peak,Weekday
T20220001576,2022-01-25,12:57:00,1,Collision with vehicle,2,Tuesday,113,RIGHT NEAR (INTERSECTIONS ONLY),1,38713,T intersection,3,60,Arterial Other,GORDON,MARIBYRNONG,-37.796368,144.8886,2022,1,January,12,Midday,Weekday
T20220001564,2022-01-25,10:00:00,4,Collision with a fixed object,2,Tuesday,181,OFF RIGHT BEND INTO OBJECT/PARKED VEHICLE,1,706919,Not at intersection,3,100,Arterial Highway,GREAT ALPINE,EAST GIPPSLAND,-37.73079,147.787,2022,1,January,10,Midday,Weekday
T20220001582,2022-01-25,08:49:00,4,Collision with a fixed object,2,Tuesday,181,OFF RIGHT BEND INTO OBJECT/PARKED VEHICLE,1,710758,Not at intersection,2,60,Arterial Other,CANTERBURY,MAROONDAH,-37.832108,145.24275,2022,1,January,8,Morning Peak,Weekday
T20220003328,2022-01-25,08:30:00,1,Collision with vehicle,2,Tuesday,130,REAR END(VEHICLES IN SAME LANE),1,708000,T intersection,3,80,Arterial Other,HUME,HUME,-37.62855,144.94875,2022,1,January,8,Morning Peak,Weekday
T20220007178,2022-01-25,10:23:00,1,Collision with vehicle,2,Tuesday,142,LEAVING PARKING,1,781989,Not at intersection,3,60,Local Road,REYNOLDS,MORELAND,-37.744656,144.93916,2022,1,January,10,Midday,Weekday
T20220001553,2022-01-25,08:10:00,1,Collision with vehicle,2,Tuesday,130,REAR END(VEHICLES IN SAME LANE),1,705162,Not at intersection,2,50,Arterial Other,BARWON HEADS-OCEAN GROVE,GEELONG,-38.275787,144.50406,2022,1,January,8,Morning Peak,Weekday
T20220001552,2022-01-25,07:00:00,4,Collision with a fixed object,2,Tuesday,164,PERMANENT OBSTRUCTION ON CARRIAGEWAY,1,702903,Not at intersection,3,80,Local Road,GILLIES,BALLARAT,-37.474815,143.8345,2022,1,January,7,Morning Peak,Weekday
T20220001597,2022-01-25,15:45:00,1,Collision with vehicle,2,Tuesday,160,VEHICLE COLLIDES WITH VEHICLE PARKED ON LEFT OF ROAD,1,705069,Not at intersection,3,50,Local Road,HAMMERWOOD,BRIMBANK,-37.787113,144.77069,2022,1,January,15,Afternoon Peak,Weekday
T20220001598,2022-01-25,16:20:00,8,No collision and no object struck,2,Tuesday,172,OFF CARRIAGEWAY TO RIGHT,1,703394,Not at intersection,3,60,Arterial Highway,ALBERT,DAREBIN,-37.735245,145.02422,2022,1,January,16,Afternoon Peak,Weekday
T20220001649,2022-01-25,14:30:00,8,No collision and no object struck,2,Tuesday,174,OUT OF CONTROL ON CARRIAGEWAY (ON STRAIGHT),1,702960,T intersection,3,50,Local Road,APPLEGUM,KNOX,-37.87527,145.26027,2022,1,January,14,Midday,Weekday
T20220001603,2022-01-25,15:15:00,1,Collision with vehicle,2,Tuesday,130,REAR END(VEHICLES IN SAME LANE),1,702959,Cross intersection,3,80,Arterial Other,DORSET,MAROONDAH,-37.82593,145.28758,2022,1,January,15,Afternoon Peak,Weekday
T20220001634,2022-01-25,09:15:00,1,Collision with vehicle,2,Tuesday,163,VEHICLE STRIKES DOOR OF PARKED/STATIONARY VEHICLE,1,703537,Not at intersection,3,60,Local Road,GILBERT,DAREBIN,-37.719444,144.99324,2022,1,January,9,Morning Peak,Weekday
T20220001605,2022-01-25,18:20:00,4,Collision with a fixed object,2,Tuesday,171,LEFT OFF CARRIAGEWAY INTO OBJECT/PARKED VEHICLE,1,353797,T intersection,2,80,Arterial Highway,HALLAM,CASEY,-38.05747,145.26239,2022,1,January,18,Afternoon Peak,Weekday
T20220001606,2022-01-25,17:45:00,1,Collision with vehicle,2,Tuesday,160,VEHICLE COLLIDES WITH VEHICLE PARKED ON LEFT OF ROAD,1,705639,Not at intersection,2,40,Local Road,TIMBERTOP,MELTON,-37.72456,144.66574,2022,1,January,17,Afternoon Peak,Weekday
T20220001607,2022-01-25,14:37:00,1,Collision with vehicle,2,Tuesday,130,REAR END(VEHICLES IN SAME LANE),1,705070,Cross intersection,3,60,Arterial Other,WHITEHORSE,BOROONDARA,-37.814487,145.095,2022,1,January,14,Midday,Weekday