ACCIDENT_NO,ACCIDENT_DATE,ACCIDENT_TIME,ACCIDENT_TYPE,ACCIDENT_TYPE_DESC,DAY_OF_WEEK,DAY_WEEK_DESC,DCA_CODE,DCA_DESC,LIGHT_CONDITION,NODE_ID,ROAD_GEOMETRY_DESC,SEVERITY,SPEED_ZONE,RMA,ROAD_NAME,LGA_NAME,LATITUDE,LONGITUDE,YEAR,MONTH,MONTH_NAME,HOUR,TIME_PERIOD,DAY_TYPE
T20220001736,2022-01-25,12:00:00,1,Collision with vehicle,2,Tuesday,130,REAR END(VEHICLES IN SAME LANE),1,707998,Cross intersection,3,80,Arterial Other,GOVERNOR ROAD -HUTTON,DANDENONG,-38.010944,145.14085,2022,1,January,12,Midday,Weekday
T20220001551,2022-01-25,06:45:00,4,Collision with a fixed object,2,Tuesday,171,LEFT OFF CARRIAGEWAY INTO OBJECT/PARKED VEHICLE,1,704726,Not at intersection,3,100,Arterial Other,MOE-RAWSON,BAW BAW,-38.098804,146.30609,2022,1,January,6,Morning Peak,Weekday
T20220001586,2022-01-25,13:15:00,1,Collision with vehicle,2,Tuesday,130,REAR END(VEHICLES IN SAME LANE),1,705638,Not at intersection,3,80,Arterial Other,MICKLEHAM,HUME,-37.607864,144.8841,2022,1,January,13,Midday,Weekday
T20220001585,2022-01-25,13:55:00,6,Vehicle overturned (no collision),2,Tuesday,174,OUT OF CONTROL ON CARRIAGEWAY (ON STRAIGHT),1,702784,Not at intersection,3,60,Local Road,ROSLYN,GEELONG,-38.17288,144.32156,2022,1,January,13,Midday,Weekday
T20220001746,2022-01-25,17:30:00,1,Collision with vehicle,2,Tuesday,147,VEHICLE STRIKES ANOTHER VEH WHILE EMERGING FROM DRIVEWAY,1,703243,Not at intersection,2,50,Local Road,JUKES,MORELAND,-37.701584,144.96466,2022,1,January,17,Afternoon Peak,Weekday
T20220001991,2022-01-25,12:20:00,1,Collision with vehicle,2,Tuesday,130,REAR END(VEHICLES IN SAME LANE),1,660608,T intersection,3,60,Freeway,LITHGOW,MITCHELL,-37.473568,144.9725,2022,1,January,12,Midday,Weekday
T20220001612,2022-01-25,17:40:00,1,Collision with vehicle,2,Tuesday,111,RIGHT FAR (INTERSECTIONS ONLY),1,29643,Cross intersection,2,60,Arterial Other,BOORAN ROAD -GLEN EIRA,GLEN EIRA,-37.881428,145.03459,2022,1,January,17,Afternoon Peak,Weekday
T20220001614,2022-01-25,14:58:00,1,Collision with vehicle,2,Tuesday,130,REAR END(VEHICLES IN SAME LANE),1,709670,Multiple intersection,3,60,Freeway,WARRIGAL-MONASH IN,MONASH,-37.883427,145.09009,2022,1,January,14,Midday,Weekday
T20220001616,2022-01-25,15:51:00,1,Collision with vehicle,2,Tuesday,130,REAR END(VEHICLES IN SAME LANE),1,352962,Multiple intersection,3,60,Arterial Highway,WARRIGAL,STONNINGTON,-37.88349,145.09009,2022,1,January,15,Afternoon Peak,Weekday
T20220001810,2022-01-25,21:24:00,1,Collision with vehicle,2,Tuesday,130,REAR END(VEHICLES IN SAME LANE),3,703295,Cross intersection,3,60,Arterial Other,PEEL,MELBOURNE,-37.801178,144.95674,2022,1,January,21,Night,Weekday
T20220001544,2022-01-25,00:50:00,1,Collision with vehicle,2,Tuesday,121,RIGHT THROUGH,3,308783,Cross intersection,2,80,Arterial Highway,DINGLEY,KINGSTON,-37.95942,145.11278,2022,1,January,0,Late Night,Weekday
T20220009212,2022-01-25,15:10:00,1,Collision with vehicle,2,Tuesday,130,REAR END(VEHICLES IN SAME LANE),1,710558,T intersection,3,60,Arterial Other,PIONEER,GEELONG,-38.20117,144.32666,2022,1,January,15,Afternoon Peak,Weekday
T20220001581,2022-01-25,08:30:00,1,Collision with vehicle,2,Tuesday,137,LEFT TURN SIDESWIPE,1,36667,T intersection,2,70,Arterial Highway,HODDLE,YARRA,-37.800545,144.99287,2022,1,January,8,Morning Peak,Weekday
T20220005278,2022-01-25,07:11:00,1,Collision with vehicle,2,Tuesday,111,RIGHT FAR (INTERSECTIONS ONLY),2,71092,T intersection,3,70,Local Road,MCMAHENS,DANDENONG,-38.03314,145.18002,2022,1,January,7,Morning Peak,Weekday
T20220001639,2022-01-25,15:05:00,1,Collision with vehicle,2,Tuesday,113,RIGHT NEAR (INTERSECTIONS ONLY),1,65743,Cross intersection,2,40,Local Road,ELIZABETH,MELBOURNE,-37.810318,144.96136,2022,1,January,15,Afternoon Peak,Weekday
T20220001567,2022-01-25,12:30:00,1,Collision with vehicle,2,Tuesday,111,RIGHT FAR (INTERSECTIONS ONLY),1,704380,T intersection,3,50,Local Road,SANCTUARY LAKES SOUTH,WYNDHAM,-37.901302,144.76201,2022,1,January,12,Midday,Weekday
T20220001566,2022-01-25,11:32:00,6,Vehicle overturned (no collision),2,Tuesday,174,OUT OF CONTROL ON CARRIAGEWAY (ON STRAIGHT),1,986,Cross intersection,2,70,Arterial Other,HIGH,CASEY,-38.03961,145.36034,2022,1,January,11,Midday,Weekday
T20220001565,2022-01-25,12:00:00,1,Collision with vehicle,2,Tuesday,113,RIGHT NEAR (INTERSECTIONS ONLY),1,257011,T intersection,2,60,Local Road,BANCROFT,GLENELG,-38.35798,141.61336,2022,1,January,12,Midday,Weekday
T20220001683,2022-01-26,18:30:00,6,Vehicle overturned (no collision),3,Wednesday,174,OUT OF CONTROL ON CARRIAGEWAY (ON STRAIGHT),1,704506,Not at intersection,3,100,Local Road,SAND,COLAC OTWAY,-38.789284,143.4681,2022,1,January,18,Afternoon Peak,Weekday
T20220001677,2022-01-26,20:37:00,1,Collision with vehicle,3,Wednesday,110,CROSS TRAFFIC(INTERSECTIONS ONLY),3,29377,Cross intersection,3,60,Arterial Other,KING,MELBOURNE,-37.805504,144.94865,2022,1,January,20,Night,Weekday
T20220001801,2022-01-26,19:23:00,4,Collision with a fixed object,3,Wednesday,171,LEFT OFF CARRIAGEWAY INTO OBJECT/PARKED VEHICLE,2,703848,Not at intersection,3,50,Local Road,SCOTT,WHITEHORSE,-37.851395,145.0979,2022,1,January,19,Night,Weekday
T20220001676,2022-01-26,20:05:00,1,Collision with vehicle,3,Wednesday,120,HEAD ON (NOT OVERTAKING),2,1215,Y intersection,2,50,Local Road,CARWARP,BANYULE,-37.730236,145.07062,2022,1,January,20,Night,Weekday
T20220001668,2022-01-26,17:30:00,4,Collision with a fixed object,3,Wednesday,183,OFF LEFT BEND INTO OBJECT/PARKED VEHICLE,1,705300,Not at intersection,2,50,Local Road,MAY,CASEY,-38.21438,145.31868,2022,1,January,17,Afternoon Peak,Weekday
T20220001661,2022-01-26,13:02:00,5,collision with some other object,3,Wednesday,173,RIGHT OFF CARRIAGEWAY INTO OBJECT/PARKED VEHICLE,9,705163,Not at intersection,2,100,Arterial Highway,GLENELG,GLENELG,-37.562195,141.48955,2022,1,January,13,Midday,Weekday
T20220001653,2022-01-26,11:50:00,1,Collision with vehicle,3,Wednesday,130,REAR END(VEHICLES IN SAME LANE),1,684591,Not at intersection,3,100,Freeway,PRINCES,GEELONG,-38.02586,144.44037,2022,1,January,11,Midday,Weekday
T20220001647,2022-01-26,11:00:00,1,Collision with vehicle,3,Wednesday,130,REAR END(VEHICLES IN SAME LANE),1,703022,Not at intersection,3,80,Arterial Other,WESTERNPORT,CARDINIA,-38.271378,145.54909,2022,1,January,11,Midday,Weekday
T20220001646,2022-01-26,08:42:00,4,Collision with a fixed object,3,Wednesday,183,OFF LEFT BEND INTO OBJECT/PARKED VEHICLE,1,707428,Not at intersection,3,100,Freeway,PRINCES,HOBSONS BAY,-37.86773,144.77116,2022,1,January,8,Morning Peak,Weekday
T20220001645,2022-01-26,11:44:00,1,Collision with vehicle,3,Wednesday,110,CROSS TRAFFIC(INTERSECTIONS ONLY),1,42840,Cross intersection,2,60,Arterial Other,WHITE,KINGSTON,-37.999233,145.09152,2022,1,January,11,Midday,Weekday
T20220001635,2022-01-26,05:59:00,4,Collision with a fixed object,3,Wednesday,171,LEFT OFF CARRIAGEWAY INTO OBJECT/PARKED VEHICLE,1,782012,Not at intersection,3,80,Freeway,WEST GATE,HOBSONS BAY,-37.824688,144.84962,2022,1,January,5,Morning Peak,Weekday
T20220001695,2022-01-26,12:45:00,4,Collision with a fixed object,3,Wednesday,173,RIGHT OFF CARRIAGEWAY INTO OBJECT/PARKED VEHICLE,1,49152,Cross intersection,3,50,Arterial Highway,SPRINGVALE,MONASH,-37.90649,145.16089,2022,1,January,12,Midday,Weekday
T20220001654,2022-01-26,12:24:00,1,Collision with vehicle,3,Wednesday,120,HEAD ON (NOT OVERTAKING),1,720009,Not at intersection,3,40,Arterial Other,GLEN EIRA,PORT PHILLIP,-37.8768,144.99709,2022,1,January,12,Midday,Weekday
T20220001802,2022-01-26,15:30:00,8,No collision and no object struck,3,Wednesday,184,OUT OF CONTROL ON CARRIAGEWAY (ON BEND),1,715414,Not at intersection,2,100,Arterial Other,MARYSVILLE-WOODS POINT,YARRA RANGES,-37.5531,145.85661,2022,1,January,15,Afternoon Peak,Weekday
T20220001631,2022-01-26,02:54:00,6,Vehicle overturned (no collision),3,Wednesday,172,OFF CARRIAGEWAY TO RIGHT,5,706836,Cross intersection,2,100,Local Road,BREAMLEA,SURF COAST,-38.2857,144.40053,2022,1,January,2,Late Night,Weekday
T20220002029,2022-01-26,11:00:00,6,Vehicle overturned (no collision),3,Wednesday,180,OFF CARRIAGEWAY ON RIGHT BEND,1,705349,Not at intersection,3,100,Arterial Highway,GREAT ALPINE,EAST GIPPSLAND,-37.578636,147.89458,2022,1,January,11,Midday,Weekday
T20220001684,2022-01-26,22:15:00,1,Collision with vehicle,3,Wednesday,110,CROSS TRAFFIC(INTERSECTIONS ONLY),3,50109,Cross intersection,2,60,Arterial Other,BARRABOOL,GEELONG,-38.170933,144.31903,2022,1,January,22,Night,Weekday
T20220001686,2022-01-26,23:15:00,8,No collision and no object struck,3,Wednesday,174,OUT OF CONTROL ON CARRIAGEWAY (ON STRAIGHT),9,711138,Not at intersection,3,50,Local Road,SHEEPRUN,BRIMBANK,-37.70667,144.7672,2022,1,January,23,Night,Weekday
T20220002310,2022-01-26,21:10:00,2,Struck Pedestrian,3,Wednesday,100,PED NEAR SIDE. PED HIT BY VEHICLE FROM THE RIGHT.,3,703663,Not at intersection,2,60,Local Road,RAILWAY,FRANKSTON,-38.104145,145.12851,2022,1,January,21,Night,Weekday
T20220001912,2022-01-27,02:50:00,4,Collision with a fixed object,4,Thursday,171,LEFT OFF CARRIAGEWAY INTO OBJECT/PARKED VEHICLE,3,705303,Not at intersection,3,60,Local Road,HEATHERDALE,MAROONDAH,-37.831413,145.21335,2022,1,January,2,Late Night,Weekday
T20220006729,2022-01-27,14:10:00,1,Collision with vehicle,4,Thursday,140,U TURN,9,46030,Cross intersection,3,70,Arterial Other,OLD GEELONG,WYNDHAM,-37.872032,144.72539,2022,1,January,14,Midday,Weekday
T20220001795,2022-01-27,07:10:00,1,Collision with vehicle,4,Thursday,130,REAR END(VEHICLES IN SAME LANE),1,705546,Not at intersection,3,80,Local Road,BALD HILL,CARDINIA,-38.089867,145.50618,2022,1,January,7,Morning Peak,Weekday
T20220002146,2022-01-27,06:45:00,1,Collision with vehicle,4,Thursday,130,REAR END(VEHICLES IN SAME LANE),2,731345,Not at intersection,3,80,Local Road,MACINTYRE,YARRA RANGES,-37.69558,145.37303,2022,1,January,6,Morning Peak,Weekday
T20220001743,2022-01-27,15:10:00,4,Collision with a fixed object,4,Thursday,171,LEFT OFF CARRIAGEWAY INTO OBJECT/PARKED VEHICLE,1,707080,Not at intersection,3,80,Arterial Other,KIEWA VALLEY,WODONGA,-36.157566,146.9377,2022,1,January,15,Afternoon Peak,Weekday
T20220001772,2022-01-27,18:00:00,1,Collision with vehicle,4,Thursday,163,VEHICLE STRIKES DOOR OF PARKED/STATIONARY VEHICLE,1,707321,Not at intersection,2,60,Local Road,SWANSTON,MELBOURNE,-37.80467,144.96324,2022,1,January,18,Afternoon Peak,Weekday
T20220003785,2022-01-27,07:50:00,1,Collision with vehicle,4,Thursday,121,RIGHT THROUGH,1,705176,Cross intersection,3,60,Local Road,EXFORD,MELTON,-37.723347,144.57288,2022,1,January,7,Morning Peak,Weekday
T20220017147,2022-01-27,07:04:00,1,Collision with vehicle,4,Thursday,121,RIGHT THROUGH,1,32828,Cross intersection,3,60,Arterial Highway,LOWER DANDENONG,KINGSTON,-37.984215,145.08957,2022,1,January,7,Morning Peak,Weekday
T20220001787,2022-01-27,22:55:00,1,Collision with vehicle,4,Thursday,181,OFF RIGHT BEND INTO OBJECT/PARKED VEHICLE,3,652554,Not at intersection,3,60,Arterial Other,JACKA,PORT PHILLIP,-37.86398,144.97212,2022,1,January,22,Night,Weekday
T20220001786,2022-01-27,20:16:00,4,Collision with a fixed object,4,Thursday,183,OFF LEFT BEND INTO OBJECT/PARKED VEHICLE,3,703238,Not at intersection,2,80,Freeway,RINGWOOD IN-EASTLINK OUT,MAROONDAH,-37.813816,145.21674,2022,1,January,20,Night,Weekday
T20220001733,2022-01-27,11:40:00,1,Collision with vehicle,4,Thursday,130,REAR END(VEHICLES IN SAME LANE),1,607542,T intersection,2,50,Local Road,ROKEWOOD,HUME,-37.65289,144.91434,2022,1,January,11,Midday,Weekday
T20220001731,2022-01-27,12:02:00,1,Collision with vehicle,4,Thursday,147,VEHICLE STRIKES ANOTHER VEH WHILE EMERGING FROM DRIVEWAY,1,705164,Not at intersection,2,50,Local Road,LATROBE,GEELONG,-38.162582,144.35092,2022,1,January,12,Midday,Weekday
T20220001728,2022-01-27,11:39:00,1,Collision with vehicle,4,Thursday,160,VEHICLE COLLIDES WITH VEHICLE PARKED ON LEFT OF ROAD,1,703097,Not at intersection,2,50,Local Road,MARWEN,BRIMBANK,-37.80982,144.78288,2022,1,January,11,Midday,Weekday
T20220001727,2022-01-27,11:21:00,1,Collision with vehicle,4,Thursday,160,VEHICLE COLLIDES WITH VEHICLE PARKED ON LEFT OF ROAD,1,705302,Not at intersection,3,50,Local Road,WELLINGTON,YARRA,-37.79538,144.98799,2022,1,January,11,Midday,Weekday
T20220001921,2022-01-27,15:30:00,1,Collision with vehicle,4,Thursday,113,RIGHT NEAR (INTERSECTIONS ONLY),1,66891,T intersection,3,50,Arterial Other,TOORONGA,BOROONDARA,-37.84173,145.04564,2022,1,January,15,Afternoon Peak,Weekday
T20220001722,2022-01-27,07:48:00,1,Collision with vehicle,4,Thursday,121,RIGHT THROUGH,1,38743,T intersection,3,50,Local Road,PICKETT,MARIBYRNONG,-37.801186,144.89276,2022,1,January,7,Morning Peak,Weekday
T20220001721,2022-01-27,10:40:00,4,Collision with a fixed object,4,Thursday,183,OFF LEFT BEND INTO OBJECT/PARKED VEHICLE,1,707320,Not at intersection,3,60,Arterial Other,RADOVICK,SOUTH GIPPSLAND,-38.43586,145.81708,2022,1,January,10,Midday,Weekday
T20220001718,2022-01-27,10:25:00,1,Collision with vehicle,4,Thursday,121,RIGHT THROUGH,1,324500,T intersection,3,70,Local Road,LINTON,KINGSTON,-37.93416,145.04315,2022,1,January,10,Midday,Weekday
T20220002432,2022-01-27,07:30:00,1,Collision with vehicle,4,Thursday,130,REAR END(VEHICLES IN SAME LANE),2,707432,T intersection,3,70,Arterial Other,EDGARS,DAREBIN,-37.693867,145.0009,2022,1,January,7,Morning Peak,Weekday
T20220001714,2022-01-27,06:45:00,1,Collision with vehicle,4,Thursday,120,HEAD ON (NOT OVERTAKING),2,731332,Not at intersection,3,70,Local Road,MACCLESFIELD,YARRA RANGES,-37.846153,145.48473,2022,1,January,6,Morning Peak,Weekday
T20220001784,2022-01-27,21:55:00,5,collision with some other object,4,Thursday,166,STRUCK OBJECT ON CARRIAGEWAY,5,707059,Not at intersection,3,100,Arterial Other,WODONGA-YACKANDANDAH,INDIGO,-36.28946,146.87929,2022,1,January,21,Night,Weekday
T20220001713,2022-01-27,08:33:00,1,Collision with vehicle,4,Thursday,113,RIGHT NEAR (INTERSECTIONS ONLY),1,703096,T intersection,2,80,Local Road,PHILLIS,BENDIGO,-36.820187,144.2378,2022,1,January,8,Morning Peak,Weekday
T20220001771,2022-01-27,14:20:00,1,Collision with vehicle,4,Thursday,130,REAR END(VEHICLES IN SAME LANE),1,41747,Cross intersection,3,60,Arterial Other,BLACKBURN,MONASH,-37.876495,145.14758,2022,1,January,14,Midday,Weekday
T20220004033,2022-01-27,15:00:00,8,No collision and no object struck,4,Thursday,174,OUT OF CONTROL ON CARRIAGEWAY (ON STRAIGHT),1,709095,Not at intersection,3,50,Arterial Other,CHURCH,YARRA,-37.82267,144.99846,2022,1,January,15,Afternoon Peak,Weekday
T20220001767,2022-01-27,17:50:00,6,Vehicle overturned (no collision),4,Thursday,180,OFF CARRIAGEWAY ON RIGHT BEND,1,711616,Not at intersection,3,100,Local Road,OSBORNES FLAT,INDIGO,-36.307514,146.90051,2022,1,January,17,Afternoon Peak,Weekday
T20220001783,2022-01-27,03:36:00,4,Collision with a fixed object,4,Thursday,193,STRUCK RAILWAY CROSSING FURNITURE,5,706060,Not at intersection,3,60,Arterial Highway,MARMA,YARRIAMBIACK,-36.62015,142.47525,2022,1,January,3,Late Night,Weekday
T20220001766,2022-01-27,17:20:00,1,Collision with vehicle,4,Thursday,120,HEAD ON (NOT OVERTAKING),1,714812,Not at intersection,2,50,Local Road,PARAM,GEELONG,-38.192944,144.33524,2022,1,January,17,Afternoon Peak,Weekday
T20220001761,2022-01-27,17:55:00,2,Struck Pedestrian,4,Thursday,108,PED STRUCK WALKING TO/FROM OR BOARDING/ALIGHTING VEHICLE.,1,784806,Not at intersection,2,40,Arterial Other,COMMERCIAL,STONNINGTON,-37.846436,144.99081,2022,1,January,17,Afternoon Peak,Weekday
T20220001710,2022-01-27,08:20:00,1,Collision with vehicle,4,Thursday,130,REAR END(VEHICLES IN SAME LANE),1,93243,Not at intersection,3,80,Arterial Highway,SPRINGVALE,WHITEHORSE,-37.86166,145.16913,2022,1,January,8,Morning Peak,Weekday
T20220001781,2022-01-27,22:30:00,2,Struck Pedestrian,4,Thursday,102,FAR SIDE. PED HIT BY VEHICLE FROM THE LEFT,3,248402,Cross intersection,3,60,Local Road,SOUTHBANK,MELBOURNE,-37.82337,144.96992,2022,1,January,22,Night,Weekday
T20220002736,2022-01-27,13:30:00,1,Collision with vehicle,4,Thursday,113,RIGHT NEAR (INTERSECTIONS ONLY),1,62056,T intersection,3,60,Arterial Other,GRIMSHAW,BANYULE,-37.702644,145.0852,2022,1,January,13,Midday,Weekday
T20220001702,2022-01-27,06:49:00,1,Collision with vehicle,4,Thursday,130,REAR END(VEHICLES IN SAME LANE),1,707319,Not at intersection,3,70,Arterial Other,SWANSEA,YARRA RANGES,-37.797916,145.35904,2022,1,January,6,Morning Peak,Weekday
T20220001709,2022-01-27,07:00:00,1,Collision with vehicle,4,Thursday,121,RIGHT THROUGH,1,83,Cross intersection,3,50,Arterial Other,ELIZABETH,MELBOURNE,-37.80404,144.95847,2022,1,January,7,Morning Peak,Weekday
T20220001760,2022-01-27,16:30:00,1,Collision with vehicle,4,Thursday,116,LEFT NEAR (INTERSECTIONS ONLY),1,706713,T intersection,3,50,Local Road,SHELL,GEELONG,-38.259224,144.54825,2022,1,January,16,Afternoon Peak,Weekday
T20220001780,2022-01-27,18:49:00,1,Collision with vehicle,4,Thursday,169,OTHER ON PATH,1,704507,T intersection,2,50,Local Road,ZACHARY HICKS,CASEY,-37.983906,145.25073,2022,1,January,18,Afternoon Peak,Weekday
T20220001779,2022-01-27,20:40:00,1,Collision with vehicle,4,Thursday,140,U TURN,5,51258,Cross intersection,2,100,Arterial Highway,GOULBURN VALLEY,MOIRA,-36.19924,145.43184,2022,1,January,20,Night,Weekday
T20220001704,2022-01-27,07:00:00,1,Collision with vehicle,4,Thursday,121,RIGHT THROUGH,2,703587,T intersection,2,80,Arterial Other,LEARMONTH,KINGSTON,-38.067513,145.15622,2022,1,January,7,Morning Peak,Weekday
T20220001814,2022-01-27,13:00:00,1,Collision with vehicle,4,Thursday,130,REAR END(VEHICLES IN SAME LANE),1,716192,Not at intersection,2,50,Local Road,ALTONA,BANYULE,-37.746426,145.04715,2022,1,January,13,Midday,Weekday
T20220001778,2022-01-27,21:00:00,1,Collision with vehicle,4,Thursday,121,RIGHT THROUGH,3,61027,T intersection,3,80,Arterial Other,PLENTY,WHITTLESEA,-37.59649,145.10057,2022,1,January,21,Night,Weekday
T20220001818,2022-01-27,19:10:00,1,Collision with vehicle,4,Thursday,132,RIGHT REAR.,1,703454,Not at intersection,2,60,Arterial Other,TARCOMBE,STRATHBOGIE,-36.750072,145.57777,2022,1,January,19,Night,Weekday
T20220001827,2022-01-27,22:30:00,2,Struck Pedestrian,4,Thursday,106,VEH STRIKES PED ON FOOTPATH/MEDIAN/TRAFFIC ISLAND.,5,705805,Not at intersection,3,60,Arterial Other,TALBOT,HEPBURN,-37.29246,143.7783,2022,1,January,22,Night,Weekday
T20220002391,2022-01-27,16:15:00,1,Collision with vehicle,4,Thursday,132,RIGHT REAR.,1,57398,T intersection,3,60,Arterial Other,BULLA,MOONEE VALLEY,-37.743725,144.90979,2022,1,January,16,Afternoon Peak,Weekday
T20220002182,2022-01-27,14:30:00,1,Collision with vehicle,4,Thursday,130,REAR END(VEHICLES IN SAME LANE),1,707159,T intersection,3,80,Arterial Highway,SPRINGVALE,WHITEHORSE,-37.826336,145.17445,2022,1,January,14,Midday,Weekday
T20220003860,2022-01-27,17:13:00,1,Collision with vehicle,4,Thursday,130,REAR END(VEHICLES IN SAME LANE),1,367,T intersection,3,60,Arterial Highway,KINGS,PORT PHILLIP,-37.832417,144.96695,2022,1,January,17,Afternoon Peak,Weekday
T20220001759,2022-01-27,16:00:00,1,Collision with vehicle,4,Thursday,130,REAR END(VEHICLES IN SAME LANE),1,711318,Not at intersection,3,100,Freeway,WESTERN RING,BRIMBANK,-37.75681,144.82393,2022,1,January,16,Afternoon Peak,Weekday
T20220001797,2022-01-27,15:20:00,1,Collision with vehicle,4,Thursday,135,LANE CHANGE LEFT (NOT OVERTAKING),1,703236,Not at intersection,3,80,Arterial Other,HUTTON,DANDENONG,-38.012276,145.15443,2022,1,January,15,Afternoon Peak,Weekday
T20220003406,2022-01-27,17:00:00,1,Collision with vehicle,4,Thursday,110,CROSS TRAFFIC(INTERSECTIONS ONLY),1,57399,Cross intersection,2,60,Local Road,PRINCES,MORELAND,-37.74393,144.94382,2022,1,January,17,Afternoon Peak,Weekday
T20220001750,2022-01-27,16:29:00,1,Collision with vehicle,4,Thursday,110,CROSS TRAFFIC(INTERSECTIONS ONLY),1,60266,Cross intersection,2,50,Local Road,MITCHELL,MACEDON RANGES,-37.242786,144.4467,2022,1,January,16,Afternoon Peak,Weekday
T20220001692,2022-01-27,02:20:00,4,Collision with a fixed object,4,Thursday,175,OFF END OF ROAD/T-INTERSECTION.,3,59175,T intersection,3,60,Local Road,HAMILTON,SHEPPARTON,-36.39855,145.40845,2022,1,January,2,Late Night,Weekday
T20220010067,2022-01-28,21:44:00,2,Struck Pedestrian,5,Friday,103,PED PLAYING/LYING/WORKING/STANDING ON CARRIAGEWAY.,3,712921,T intersection,3,50,Local Road,POWER,MONASH,-37.87274,145.09225,2022,1,January,21,Night,Weekday
T20220001862,2022-01-28,18:50:00,4,Collision with a fixed object,5,Friday,181,OFF RIGHT BEND INTO OBJECT/PARKED VEHICLE,2,703539,Not at intersection,3,80,Arterial Highway,MELBA,YARRA RANGES,-37.672337,145.38171,2022,1,January,18,Afternoon Peak,Weekday
T20220001859,2022-01-28,17:12:00,1,Collision with vehicle,5,Friday,120,HEAD ON (NOT OVERTAKING),1,704508,Not at intersection,3,80,Local Road,SALISBURY,CARDINIA,-38.0133,145.42693,2022,1,January,17,Afternoon Peak,Weekday
T20220001858,2022-01-28,14:21:00,1,Collision with vehicle,5,Friday,133,LANE SIDE SWIPE (VEHICLES IN PARALLEL LANES),1,731336,Not at intersection,3,70,Arterial Highway,BULLEEN,MANNINGHAM,-37.76818,145.0797,2022,1,January,14,Midday,Weekday
T20220001852,2022-01-28,18:35:00,1,Collision with vehicle,5,Friday,143,ENTERING PARKING,1,703747,Not at intersection,3,60,Arterial Other,BRUNSWICK,YARRA,-37.7911,144.97969,2022,1,January,18,Afternoon Peak,Weekday
T20220001856,2022-01-28,18:55:00,1,Collision with vehicle,5,Friday,135,LANE CHANGE LEFT (NOT OVERTAKING),1,731335,Not at intersection,3,80,Arterial Other,BOUNDARY ROAD -RAYMOND,WYNDHAM,-37.815056,144.80362,2022,1,January,18,Afternoon Peak,Weekday
T20220001850,2022-01-28,17:30:00,6,Vehicle overturned (no collision),5,Friday,170,OFF CARRIAGEWAY TO LEFT,1,706101,Not at intersection,2,80,Arterial Other,MIRBOO NORTH-TRAFALGAR,BAW BAW,-38.22646,146.16635,2022,1,January,17,Afternoon Peak,Weekday
T20220001849,2022-01-28,17:30:00,1,Collision with vehicle,5,Friday,130,REAR END(VEHICLES IN SAME LANE),1,779686,Not at intersection,3,60,Local Road,SHRIVES,CASEY,-38.0276,145.30255,2022,1,January,17,Afternoon Peak,Weekday
T20220003236,2022-01-28,16:00:00,8,No collision and no object struck,5,Friday,174,OUT OF CONTROL ON CARRIAGEWAY (ON STRAIGHT),1,37938,T intersection,3,40,Local Road,FLINDERS,DAREBIN,-37.755566,145.0011,2022,1,January,16,Afternoon Peak,Weekday
T20220001848,2022-01-28,14:00:00,4,Collision with a fixed object,5,Friday,171,LEFT OFF CARRIAGEWAY INTO OBJECT/PARKED VEHICLE,1,715417,Not at intersection,2,60,Arterial Other,NICHOLSON,MORELAND,-37.752945,144.97626,2022,1,January,14,Midday,Weekday
T20220001846,2022-01-28,15:28:00,1,Collision with vehicle,5,Friday,132,RIGHT REAR.,1,703099,T intersection,3,50,Local Road,ORMOND,WHITTLESEA,-37.680172,145.07379,2022,1,January,15,Afternoon Peak,Weekday
T20220001840,2022-01-28,15:37:00,1,Collision with vehicle,5,Friday,121,RIGHT THROUGH,1,712061,Not at intersection,2,60,Arterial Other,SYDNEY,MORELAND,-37.719746,144.96306,2022,1,January,15,Afternoon Peak,Weekday
T20220001832,2022-01-28,12:32:00,1,Collision with vehicle,5,Friday,147,VEHICLE STRIKES ANOTHER VEH WHILE EMERGING FROM DRIVEWAY,1,703234,Not at intersection,3,60,Local Road,BERNARD,KINGSTON,-37.95414,145.06892,2022,1,January,12,Midday,Weekday
T20220001820,2022-01-28,10:50:00,1,Collision with vehicle,5,Friday,147,VEHICLE STRIKES ANOTHER VEH WHILE EMERGING FROM DRIVEWAY,1,715415,Not at intersection,3,40,Local Road,EIGHTH,MILDURA,-34.187187,142.16518,2022,1,January,10,Midday,Weekday
T20220001819,2022-01-28,11:35:00,1,Collision with vehicle,5,Friday,130,REAR END(VEHICLES IN SAME LANE),1,704318,Not at intersection,3,60,Freeway,MONASH,MONASH,-37.928917,145.18416,2022,1,January,11,Midday,Weekday
T20220001816,2022-01-28,06:00:00,1,Collision with vehicle,5,Friday,121,RIGHT THROUGH,1,773127,Cross intersection,3,70,Arterial Highway,COLAC,GEELONG,-38.202305,144.30624,2022,1,January,6,Morning Peak,Weekday
T20220003570,2022-01-28,19:20:00,1,Collision with vehicle,5,Friday,116,LEFT NEAR (INTERSECTIONS ONLY),1,726300,T intersection,3,70,Arterial Highway,DANDENONG ROAD SERVICE,STONNINGTON,-37.886116,145.07591,2022,1,January,19,Night,Weekday
T20220001805,2022-01-28,08:40:00,1,Collision with vehicle,5,Friday,110,CROSS TRAFFIC(INTERSECTIONS ONLY),1,50801,Cross intersection,3,50,Local Road,HIGH,MOIRA,-35.921,145.64923,2022,1,January,8,Morning Peak,Weekday