ACCIDENT_NO,ACCIDENT_DATE,ACCIDENT_TIME,ACCIDENT_TYPE,ACCIDENT_TYPE_DESC,DAY_OF_WEEK,DAY_WEEK_DESC,DCA_CODE,DCA_DESC,LIGHT_CONDITION,NODE_ID,ROAD_GEOMETRY_DESC,SEVERITY,SPEED_ZONE,RMA,ROAD_NAME,LGA_NAME,LATITUDE,LONGITUDE,YEAR,MONTH,MONTH_NAME,HOUR,TIME_PERIOD,DAY_TYPE
T20220001803,2022-01-28,08:06:00,1,Collision with vehicle,5,Friday,152,PULLING OUT (OVERTAKING),1,703540,Cross intersection,3,100,Local Road,WATERLOO,BAW BAW,-38.206604,146.108,2022,1,January,8,Morning Peak,Weekday
T20220009287,2022-01-28,15:00:00,1,Collision with vehicle,5,Friday,113,RIGHT NEAR (INTERSECTIONS ONLY),1,15454,T intersection,3,80,Arterial Highway,BELLARINE,GEELONG,-38.26096,144.60883,2022,1,January,15,Afternoon Peak,Weekday
T20220001791,2022-01-28,01:24:00,1,Collision with vehicle,5,Friday,160,VEHICLE COLLIDES WITH VEHICLE PARKED ON LEFT OF ROAD,3,706927,Not at intersection,3,60,Arterial Other,MITCHAM,WHITEHORSE,-37.810932,145.19319,2022,1,January,1,Late Night,Weekday
T20220001790,2022-01-28,01:00:00,1,Collision with vehicle,5,Friday,113,RIGHT NEAR (INTERSECTIONS ONLY),3,359007,Multiple intersection,3,70,Freeway,KOROROIT CREEK,HOBSONS BAY,-37.844734,144.78877,2022,1,January,1,Late Night,Weekday
T20220002287,2022-01-28,23:45:00,6,Vehicle overturned (no collision),5,Friday,174,OUT OF CONTROL ON CARRIAGEWAY (ON STRAIGHT),6,68865,T intersection,2,70,Arterial Other,FERNTREE GULLY,MONASH,-37.89829,145.1179,2022,1,January,23,Night,Weekday
T20220002826,2022-01-28,18:37:00,1,Collision with vehicle,5,Friday,121,RIGHT THROUGH,1,784819,T intersection,3,70,Local Road,REYNOLDS,MANNINGHAM,-37.767147,145.19936,2022,1,January,18,Afternoon Peak,Weekday
T20220003344,2022-01-28,16:00:00,1,Collision with vehicle,5,Friday,153,CUTTING IN (OVERTAKING),2,705417,Not at intersection,3,50,Local Road,FORDHAM,BOROONDARA,-37.838573,145.07306,2022,1,January,16,Afternoon Peak,Weekday
T20220011732,2022-01-28,15:00:00,1,Collision with vehicle,5,Friday,152,PULLING OUT (OVERTAKING),9,713365,Not at intersection,3,40,Local Road,MARIBYRNONG,MARIBYRNONG,-37.80427,144.90775,2022,1,January,15,Afternoon Peak,Weekday
T20220002829,2022-01-28,15:45:00,1,Collision with vehicle,5,Friday,111,RIGHT FAR (INTERSECTIONS ONLY),1,229467,Cross intersection,3,80,Arterial Other,KOO WEE RUP,CARDINIA,-38.098194,145.48888,2022,1,January,15,Afternoon Peak,Weekday
T20220002605,2022-01-28,19:20:00,1,Collision with vehicle,5,Friday,134,LANE CHANGE RIGHT (NOT OVERTAKING),1,708324,Not at intersection,3,80,Arterial Highway,PRINCES,CASEY,-38.009033,145.27885,2022,1,January,19,Night,Weekday
T20220001909,2022-01-28,20:15:00,4,Collision with a fixed object,5,Friday,183,OFF LEFT BEND INTO OBJECT/PARKED VEHICLE,2,703080,Not at intersection,1,100,Arterial Other,CARLISLE,COLAC OTWAY,-38.519108,143.40794,2022,1,January,20,Night,Weekday
T20220002821,2022-01-28,18:00:00,1,Collision with vehicle,5,Friday,130,REAR END(VEHICLES IN SAME LANE),1,37632,T intersection,3,60,Arterial Highway,PUNT,STONNINGTON,-37.837112,144.98677,2022,1,January,18,Afternoon Peak,Weekday
T20220004818,2022-01-28,17:57:00,4,Collision with a fixed object,5,Friday,181,OFF RIGHT BEND INTO OBJECT/PARKED VEHICLE,1,731421,Cross intersection,3,60,Arterial Highway,BELL STREET -GEELONG,SURF COAST,-38.337597,144.31712,2022,1,January,17,Afternoon Peak,Weekday
T20220021419,2022-01-28,11:06:00,1,Collision with vehicle,5,Friday,113,RIGHT NEAR (INTERSECTIONS ONLY),1,47494,T intersection,3,60,Local Road,ST LEONARDS,YARRA RANGES,-37.649937,145.52318,2022,1,January,11,Midday,Weekday
T20220002054,2022-01-28,18:00:00,1,Collision with vehicle,5,Friday,130,REAR END(VEHICLES IN SAME LANE),9,773686,T intersection,3,60,Local Road,HIGH,GEELONG,-38.172764,144.34517,2022,1,January,18,Afternoon Peak,Weekday
T20220002473,2022-01-28,17:30:00,1,Collision with vehicle,5,Friday,130,REAR END(VEHICLES IN SAME LANE),1,723430,Not at intersection,3,60,Arterial Other,BURNLEY,YARRA,-37.8168,145.0088,2022,1,January,17,Afternoon Peak,Weekday
T20220001869,2022-01-28,21:19:00,1,Collision with vehicle,5,Friday,121,RIGHT THROUGH,3,715817,T intersection,3,50,Arterial Other,KEILOR,MOONEE VALLEY,-37.7343,144.88481,2022,1,January,21,Night,Weekday
T20220001866,2022-01-28,15:10:00,2,Struck Pedestrian,5,Friday,100,PED NEAR SIDE. PED HIT BY VEHICLE FROM THE RIGHT.,1,2048,Not at intersection,3,60,Arterial Highway,BELL,BANYULE,-37.753677,145.0528,2022,1,January,15,Afternoon Peak,Weekday
T20220001863,2022-01-28,18:55:00,1,Collision with vehicle,5,Friday,120,HEAD ON (NOT OVERTAKING),1,713656,Not at intersection,2,60,Arterial Other,RESEARCH-WARRANDYTE,NILLUMBIK,-37.732815,145.21886,2022,1,January,18,Afternoon Peak,Weekday
T20220001890,2022-01-29,07:00:00,1,Collision with vehicle,6,Saturday,130,REAR END(VEHICLES IN SAME LANE),2,726552,Not at intersection,2,70,Arterial Other,OLD GEELONG,WYNDHAM,-37.877346,144.71194,2022,1,January,7,Morning Peak,Weekend
T20220001989,2022-01-29,22:30:00,6,Vehicle overturned (no collision),6,Saturday,180,OFF CARRIAGEWAY ON RIGHT BEND,3,703299,Not at intersection,3,50,Local Road,EMPEROR,GEELONG,-38.266926,144.53441,2022,1,January,22,Night,Weekend
T20220001914,2022-01-29,15:43:00,1,Collision with vehicle,6,Saturday,130,REAR END(VEHICLES IN SAME LANE),1,705416,T intersection,3,80,Freeway,PRINCES,DANDENONG,-38.003597,145.251,2022,1,January,15,Afternoon Peak,Weekend
T20220001905,2022-01-29,11:00:00,4,Collision with a fixed object,6,Saturday,173,RIGHT OFF CARRIAGEWAY INTO OBJECT/PARKED VEHICLE,1,703079,Not at intersection,1,100,Arterial Highway,MIDLAND,HEPBURN,-37.38035,144.016,2022,1,January,11,Midday,Weekend
T20220001884,2022-01-29,01:08:00,4,Collision with a fixed object,6,Saturday,181,OFF RIGHT BEND INTO OBJECT/PARKED VEHICLE,3,715818,Not at intersection,2,80,Arterial Other,HALL,CASEY,-38.10962,145.25291,2022,1,January,1,Late Night,Weekend
T20220001881,2022-01-29,04:30:00,1,Collision with vehicle,6,Saturday,169,OTHER ON PATH,3,705641,Not at intersection,3,50,Local Road,GRAVES,MOONEE VALLEY,-37.740097,144.89656,2022,1,January,4,Late Night,Weekend
T20220002078,2022-01-29,19:10:00,1,Collision with vehicle,6,Saturday,110,CROSS TRAFFIC(INTERSECTIONS ONLY),1,51643,Cross intersection,3,50,Local Road,EDWARD,BENDIGO,-36.76428,144.28052,2022,1,January,19,Night,Weekend
T20220002162,2022-01-29,13:00:00,1,Collision with vehicle,6,Saturday,110,CROSS TRAFFIC(INTERSECTIONS ONLY),1,57281,Cross intersection,3,100,Arterial Highway,MURRAY VALLEY,CAMPASPE,-36.1991,145.00555,2022,1,January,13,Midday,Weekend
T20220001894,2022-01-29,09:19:00,1,Collision with vehicle,6,Saturday,113,RIGHT NEAR (INTERSECTIONS ONLY),1,703397,T intersection,2,80,Arterial Other,KEILOR PARK,BRIMBANK,-37.720104,144.85146,2022,1,January,9,Morning Peak,Weekend
T20220001938,2022-01-29,18:50:00,1,Collision with vehicle,6,Saturday,113,RIGHT NEAR (INTERSECTIONS ONLY),1,73886,T intersection,3,60,Local Road,MERRIVALE,WARRNAMBOOL,-38.38412,142.46945,2022,1,January,18,Afternoon Peak,Weekend
T20220001952,2022-01-29,22:45:00,5,collision with some other object,6,Saturday,179,OTHER ACCIDENTS-OFF STRAIGHT NOT INCLUDED IN DCAs 170-175,5,703399,Not at intersection,2,100,Local Road,BONA VISTA,BAW BAW,-38.209778,145.95897,2022,1,January,22,Night,Weekend
T20220002746,2022-01-29,10:00:00,1,Collision with vehicle,6,Saturday,132,RIGHT REAR.,1,73127,T intersection,2,60,Local Road,PRESIDENTS,GEELONG,-38.25633,144.52528,2022,1,January,10,Midday,Weekend
T20220002059,2022-01-29,09:00:00,2,Struck Pedestrian,6,Saturday,100,PED NEAR SIDE. PED HIT BY VEHICLE FROM THE RIGHT.,1,37636,Cross intersection,3,40,Arterial Other,HIGH,WHITTLESEA,-37.680244,145.01384,2022,1,January,9,Morning Peak,Weekend
T20220001875,2022-01-29,00:45:00,4,Collision with a fixed object,6,Saturday,171,LEFT OFF CARRIAGEWAY INTO OBJECT/PARKED VEHICLE,5,731337,Not at intersection,3,100,Local Road,BAMAWM,CAMPASPE,-36.220226,144.61697,2022,1,January,0,Late Night,Weekend
T20220001940,2022-01-29,21:25:00,1,Collision with vehicle,6,Saturday,169,OTHER ON PATH,3,703228,Not at intersection,3,50,Local Road,TAYLOR,YARRA RANGES,-37.78625,145.32559,2022,1,January,21,Night,Weekend
T20220001937,2022-01-29,17:30:00,1,Collision with vehicle,6,Saturday,130,REAR END(VEHICLES IN SAME LANE),1,703748,Not at intersection,3,60,Arterial Other,MORELAND,MORELAND,-37.755703,144.9662,2022,1,January,17,Afternoon Peak,Weekend
T20220001932,2022-01-29,18:25:00,1,Collision with vehicle,6,Saturday,130,REAR END(VEHICLES IN SAME LANE),1,703189,Not at intersection,3,60,Arterial Other,CAMP,HUME,-37.685825,144.92436,2022,1,January,18,Afternoon Peak,Weekend
T20220001925,2022-01-29,17:46:00,1,Collision with vehicle,6,Saturday,130,REAR END(VEHICLES IN SAME LANE),1,704641,T intersection,3,50,Arterial Other,BALWYN,BOROONDARA,-37.81955,145.08008,2022,1,January,17,Afternoon Peak,Weekend
T20220001920,2022-01-29,15:35:00,2,Struck Pedestrian,6,Saturday,101,PED EMERGES FROM IN FRONT OF PARKED OR STATIONARY VEHICLE,1,706199,Not at intersection,2,40,Local Road,THE ESPLANADE,PORT PHILLIP,-37.863754,144.97247,2022,1,January,15,Afternoon Peak,Weekend
T20230002530,2022-01-29,10:41:00,1,Collision with vehicle,6,Saturday,121,RIGHT THROUGH,1,37788,Cross intersection,3,60,Arterial Other,ORRONG,STONNINGTON,-37.841675,145.01384,2022,1,January,10,Midday,Weekend
T20220001911,2022-01-29,14:25:00,1,Collision with vehicle,6,Saturday,121,RIGHT THROUGH,1,43594,T intersection,3,80,Arterial Highway,MOOROODUC,FRANKSTON,-38.19403,145.1351,2022,1,January,14,Midday,Weekend
T20220001917,2022-01-29,16:05:00,1,Collision with vehicle,6,Saturday,147,VEHICLE STRIKES ANOTHER VEH WHILE EMERGING FROM DRIVEWAY,1,703188,Not at intersection,3,60,Arterial Other,ESPLANADE,BAYSIDE,-37.927017,144.98798,2022,1,January,16,Afternoon Peak,Weekend
T20220001915,2022-01-29,14:12:00,1,Collision with vehicle,6,Saturday,121,RIGHT THROUGH,1,39740,T intersection,3,60,Arterial Other,BAYSWATER,MAROONDAH,-37.818165,145.26913,2022,1,January,14,Midday,Weekend
T20220002959,2022-01-30,13:50:00,1,Collision with vehicle,7,Sunday,130,REAR END(VEHICLES IN SAME LANE),1,12322,Not at intersection,3,60,Freeway,AIRPORT,BRIMBANK,-37.706974,144.86783,2022,1,January,13,Midday,Weekend
T20220007497,2022-01-30,11:00:00,8,No collision and no object struck,7,Sunday,180,OFF CARRIAGEWAY ON RIGHT BEND,1,708707,Not at intersection,3,100,Local Road,GHIN GHIN,MURRINDINDI,-37.16993,145.36826,2022,1,January,11,Midday,Weekend
T20220003496,2022-01-30,20:00:00,2,Struck Pedestrian,7,Sunday,103,PED PLAYING/LYING/WORKING/STANDING ON CARRIAGEWAY.,2,705172,Not at intersection,3,60,Local Road,SEAGRASS,WYNDHAM,-37.90891,144.71927,2022,1,January,20,Night,Weekend
T20220002895,2022-01-30,13:00:00,8,No collision and no object struck,7,Sunday,174,OUT OF CONTROL ON CARRIAGEWAY (ON STRAIGHT),1,704905,Cross intersection,3,60,Arterial Other,CHURCH,YARRA,-37.81592,144.99966,2022,1,January,13,Midday,Weekend
T20220002189,2022-01-30,14:35:00,1,Collision with vehicle,7,Sunday,130,REAR END(VEHICLES IN SAME LANE),1,779136,Not at intersection,3,100,Arterial Highway,SOUTH GIPPSLAND,CARDINIA,-38.211964,145.4728,2022,1,January,14,Midday,Weekend
T20220002194,2022-01-30,19:29:00,1,Collision with vehicle,7,Sunday,139,OTHER SAME DIRECTION-MANOUEVRES NOT INCLUDED IN DCAs 130-137,1,703594,Not at intersection,2,80,Arterial Other,MELTON,BRIMBANK,-37.693394,144.75688,2022,1,January,19,Night,Weekend
T20220002482,2022-01-30,13:00:00,1,Collision with vehicle,7,Sunday,131,LEFT REAR,1,45297,T intersection,3,80,Arterial Other,DONNYBROOK,HUME,-37.533195,144.88454,2022,1,January,13,Midday,Weekend
T20220001975,2022-01-30,10:10:00,1,Collision with vehicle,7,Sunday,121,RIGHT THROUGH,1,52638,Cross intersection,3,100,Arterial Highway,STAWELL-WARRACKNABEAL,NORTHERN GRAMPIANS,-36.909176,142.65489,2022,1,January,10,Midday,Weekend
T20220002022,2022-01-30,05:10:00,1,Collision with vehicle,7,Sunday,120,HEAD ON (NOT OVERTAKING),3,716193,Not at intersection,3,80,Arterial Highway,SOUTH GIPPSLAND,DANDENONG,-38.013474,145.23154,2022,1,January,5,Morning Peak,Weekend
T20220002009,2022-01-30,21:45:00,7,Fall from or in moving vehicle,7,Sunday,190,FELL IN/FROM VEHICLE,3,703300,Not at intersection,3,50,Local Road,MENDIP,DAREBIN,-37.723095,145.01578,2022,1,January,21,Night,Weekend
T20220001993,2022-01-30,17:45:00,1,Collision with vehicle,7,Sunday,113,RIGHT NEAR (INTERSECTIONS ONLY),1,51943,T intersection,3,50,Arterial Highway,PRINCES,EAST GIPPSLAND,-37.823578,147.645,2022,1,January,17,Afternoon Peak,Weekend
T20220001953,2022-01-30,03:30:00,4,Collision with a fixed object,7,Sunday,183,OFF LEFT BEND INTO OBJECT/PARKED VEHICLE,3,773128,Not at intersection,3,50,Local Road,PIERSON,MAROONDAH,-37.794846,145.28181,2022,1,January,3,Late Night,Weekend
T20220001992,2022-01-30,16:32:00,4,Collision with a fixed object,7,Sunday,171,LEFT OFF CARRIAGEWAY INTO OBJECT/PARKED VEHICLE,1,715820,Not at intersection,3,60,Local Road,CAMBRIDGE,YARRA RANGES,-37.79078,145.31241,2022,1,January,16,Afternoon Peak,Weekend
T20220001950,2022-01-30,01:00:00,4,Collision with a fixed object,7,Sunday,173,RIGHT OFF CARRIAGEWAY INTO OBJECT/PARKED VEHICLE,3,715819,Not at intersection,2,60,Arterial Highway,CAMERON,SOUTHERN GRAMPIANS,-37.6363,142.54787,2022,1,January,1,Late Night,Weekend
T20220002005,2022-01-30,17:58:00,1,Collision with vehicle,7,Sunday,120,HEAD ON (NOT OVERTAKING),1,703589,Not at intersection,1,100,Arterial Other,GRAMPIANS,NORTHERN GRAMPIANS,-37.077457,142.66304,2022,1,January,17,Afternoon Peak,Weekend
T20220002003,2022-01-30,17:28:00,1,Collision with vehicle,7,Sunday,147,VEHICLE STRIKES ANOTHER VEH WHILE EMERGING FROM DRIVEWAY,1,781488,Not at intersection,3,80,Arterial Highway,SOUTH GIPPSLAND,CASEY,-38.081627,145.27618,2022,1,January,17,Afternoon Peak,Weekend
T20220002006,2022-01-30,21:45:00,4,Collision with a fixed object,7,Sunday,171,LEFT OFF CARRIAGEWAY INTO OBJECT/PARKED VEHICLE,5,705642,Not at intersection,3,80,Local Road,OLD SYDNEY,HUME,-37.51281,144.8951,2022,1,January,21,Night,Weekend
T20220001985,2022-01-30,12:45:00,1,Collision with vehicle,7,Sunday,121,RIGHT THROUGH,1,29724,T intersection,3,40,Arterial Highway,NEPEAN,KINGSTON,-38.039146,145.10886,2022,1,January,12,Midday,Weekend
T20220002001,2022-01-30,20:00:00,1,Collision with vehicle,7,Sunday,148,VEHICLE OFF FOOTPATH STRIKES VEH ON CARRIAGEWAY,2,726490,Not at intersection,2,50,Local Road,WINDROCK,HUME,-37.589737,144.91476,2022,1,January,20,Night,Weekend
T20220001983,2022-01-30,13:58:00,2,Struck Pedestrian,7,Sunday,100,PED NEAR SIDE. PED HIT BY VEHICLE FROM THE RIGHT.,1,705708,Not at intersection,2,40,Local Road,MARKET,WYNDHAM,-37.898186,144.66287,2022,1,January,13,Midday,Weekend
T20220001976,2022-01-30,11:48:00,1,Collision with vehicle,7,Sunday,130,REAR END(VEHICLES IN SAME LANE),1,707060,Not at intersection,3,60,Freeway,WESTERN RING OUT-PASCOE VALE,HUME,-37.69392,144.91508,2022,1,January,11,Midday,Weekend
T20220002000,2022-01-30,18:50:00,4,Collision with a fixed object,7,Sunday,183,OFF LEFT BEND INTO OBJECT/PARKED VEHICLE,1,738126,Not at intersection,2,50,Arterial Other,YARRA,BOROONDARA,-37.796177,145.0205,2022,1,January,18,Afternoon Peak,Weekend
T20220001956,2022-01-30,04:20:00,1,Collision with vehicle,7,Sunday,110,CROSS TRAFFIC(INTERSECTIONS ONLY),3,49993,Cross intersection,2,60,Arterial Highway,MCKILLOP,GEELONG,-38.154858,144.36293,2022,1,January,4,Late Night,Weekend
T20220002080,2022-01-31,18:25:00,1,Collision with vehicle,1,Monday,132,RIGHT REAR.,1,36351,T intersection,3,60,Arterial Other,OLD CALDER,BRIMBANK,-37.706436,144.81651,2022,1,January,18,Afternoon Peak,Weekday
T20220002086,2022-01-31,17:46:00,1,Collision with vehicle,1,Monday,162,ACCIDENT OR BROKEN DOWN,1,710375,Not at intersection,2,80,Freeway,METROPOLITAN RING,WHITTLESEA,-37.68782,144.999,2022,1,January,17,Afternoon Peak,Weekday
T20220002091,2022-01-31,17:05:00,1,Collision with vehicle,1,Monday,152,PULLING OUT (OVERTAKING),1,703405,Not at intersection,3,50,Local Road,SIMCOCK,HOBSONS BAY,-37.82852,144.89279,2022,1,January,17,Afternoon Peak,Weekday
T20220002110,2022-01-31,18:25:00,1,Collision with vehicle,1,Monday,130,REAR END(VEHICLES IN SAME LANE),1,703541,Cross intersection,3,60,Local Road,BACK BEACH,BASS COAST,-38.527245,145.37163,2022,1,January,18,Afternoon Peak,Weekday
T20220002063,2022-01-31,15:26:00,1,Collision with vehicle,1,Monday,148,VEHICLE OFF FOOTPATH STRIKES VEH ON CARRIAGEWAY,1,674740,T intersection,3,50,Local Road,HOLLINGROVE,CASEY,-38.081627,145.36589,2022,1,January,15,Afternoon Peak,Weekday
T20220002123,2022-01-31,11:40:00,1,Collision with vehicle,1,Monday,133,LANE SIDE SWIPE (VEHICLES IN PARALLEL LANES),1,705034,Not at intersection,3,60,Arterial Other,DRUMMOND,BALLARAT,-37.565254,143.84662,2022,1,January,11,Midday,Weekday
T20220002062,2022-01-31,16:09:00,1,Collision with vehicle,1,Monday,130,REAR END(VEHICLES IN SAME LANE),1,708277,Not at intersection,3,60,Arterial Highway,DOCKLANDS,MELBOURNE,-37.807068,144.91257,2022,1,January,16,Afternoon Peak,Weekday
T20220002060,2022-01-31,12:40:00,7,Fall from or in moving vehicle,1,Monday,190,FELL IN/FROM VEHICLE,1,703638,T intersection,1,100,Local Road,NORTH SOUTH,SWAN HILL,-35.273968,143.45403,2022,1,January,12,Midday,Weekday
T20220002058,2022-01-31,13:10:00,1,Collision with vehicle,1,Monday,130,REAR END(VEHICLES IN SAME LANE),1,353786,Not at intersection,3,100,Freeway,EASTERN,BOROONDARA,-37.77993,145.08434,2022,1,January,13,Midday,Weekday
T20220002147,2022-01-31,18:32:00,1,Collision with vehicle,1,Monday,130,REAR END(VEHICLES IN SAME LANE),1,727676,Not at intersection,3,40,Local Road,TILBURN,BRIMBANK,-37.781498,144.79025,2022,1,January,18,Afternoon Peak,Weekday
T20220002048,2022-01-31,13:29:00,1,Collision with vehicle,1,Monday,110,CROSS TRAFFIC(INTERSECTIONS ONLY),1,225423,Cross intersection,2,80,Arterial Other,PRINCES,CARDINIA,-38.062576,145.43738,2022,1,January,13,Midday,Weekday
T20220002019,2022-01-31,06:51:00,4,Collision with a fixed object,1,Monday,171,LEFT OFF CARRIAGEWAY INTO OBJECT/PARKED VEHICLE,1,58987,T intersection,3,60,Arterial Other,SYDNEY,INDIGO,-36.351406,146.69131,2022,1,January,6,Morning Peak,Weekday
T20220002199,2022-01-31,21:15:00,4,Collision with a fixed object,1,Monday,181,OFF RIGHT BEND INTO OBJECT/PARKED VEHICLE,5,776828,Y intersection,3,50,Arterial Other,SPRAGGS,MURRINDINDI,-37.531116,145.46172,2022,1,January,21,Night,Weekday
T20220002045,2022-01-31,12:15:00,4,Collision with a fixed object,1,Monday,173,RIGHT OFF CARRIAGEWAY INTO OBJECT/PARKED VEHICLE,1,707519,Not at intersection,2,80,Arterial Other,DORSET,MAROONDAH,-37.83127,145.28734,2022,1,January,12,Midday,Weekday
T20220002013,2022-01-31,04:25:00,1,Collision with vehicle,1,Monday,160,VEHICLE COLLIDES WITH VEHICLE PARKED ON LEFT OF ROAD,3,731580,Not at intersection,2,60,Local Road,BARKLY,MARIBYRNONG,-37.797543,144.8785,2022,1,January,4,Late Night,Weekday
T20220002011,2022-01-31,02:31:00,4,Collision with a fixed object,1,Monday,164,PERMANENT OBSTRUCTION ON CARRIAGEWAY,3,731342,Not at intersection,3,100,Freeway,CITYLINK IN-MT ALEXANDER,MELBOURNE,-37.780296,144.93921,2022,1,January,2,Late Night,Weekday
T20220002064,2022-01-31,16:40:00,1,Collision with vehicle,1,Monday,152,PULLING OUT (OVERTAKING),1,278804,T intersection,3,60,Local Road,CONRAD,BRIMBANK,-37.732838,144.79526,2022,1,January,16,Afternoon Peak,Weekday
T20220002010,2022-01-31,03:00:00,4,Collision with a fixed object,1,Monday,171,LEFT OFF CARRIAGEWAY INTO OBJECT/PARKED VEHICLE,5,709362,Not at intersection,2,100,Arterial Other,COLAC-FORREST,COLAC OTWAY,-38.349155,143.64789,2022,1,January,3,Late Night,Weekday
T20220002044,2022-01-31,12:21:00,1,Collision with vehicle,1,Monday,110,CROSS TRAFFIC(INTERSECTIONS ONLY),1,29790,Cross intersection,2,60,Local Road,SAYERS,WYNDHAM,-37.84638,144.66946,2022,1,January,12,Midday,Weekday
T20220005331,2022-01-31,05:20:00,3,Struck animal,1,Monday,167,STRUCK ANIMAL,5,706584,Not at intersection,3,100,Arterial Highway,CALDER,BENDIGO,-36.738567,144.1598,2022,1,January,5,Morning Peak,Weekday
T20220002065,2022-01-31,12:59:00,1,Collision with vehicle,1,Monday,110,CROSS TRAFFIC(INTERSECTIONS ONLY),1,51912,Cross intersection,2,100,Local Road,MITCHELL,CAMPASPE,-36.140476,144.81369,2022,1,January,12,Midday,Weekday
T20220002041,2022-01-31,11:49:00,1,Collision with vehicle,1,Monday,137,LEFT TURN SIDESWIPE,1,703402,Not at intersection,3,60,Arterial Other,RALEIGH,MARIBYRNONG,-37.769527,144.88293,2022,1,January,11,Midday,Weekday
T20220002035,2022-01-31,10:00:00,1,Collision with vehicle,1,Monday,110,CROSS TRAFFIC(INTERSECTIONS ONLY),1,43861,Cross intersection,2,70,Arterial Other,GREAVES,CASEY,-38.056866,145.31456,2022,1,January,10,Midday,Weekday
T20220002023,2022-01-31,09:45:00,1,Collision with vehicle,1,Monday,160,VEHICLE COLLIDES WITH VEHICLE PARKED ON LEFT OF ROAD,1,244802,T intersection,2,60,Arterial Other,BEACH,KINGSTON,-38.000713,145.07672,2022,1,January,9,Morning Peak,Weekday
T20220002520,2022-01-31,13:30:00,1,Collision with vehicle,1,Monday,113,RIGHT NEAR (INTERSECTIONS ONLY),1,237510,T intersection,3,60,Arterial Highway,WHITEHORSE,WHITEHORSE,-37.81634,145.1104,2022,1,January,13,Midday,Weekday
T20220002474,2022-01-31,15:00:00,1,Collision with vehicle,1,Monday,130,REAR END(VEHICLES IN SAME LANE),1,703814,T intersection,3,50,Local Road,TAHARA,STONNINGTON,-37.838367,145.01639,2022,1,January,15,Afternoon Peak,Weekday
T20220002021,2022-01-31,07:45:00,1,Collision with vehicle,1,Monday,110,CROSS TRAFFIC(INTERSECTIONS ONLY),1,51075,Cross intersection,2,50,Local Road,CAMPBELL,SHEPPARTON,-36.384945,145.41373,2022,1,January,7,Morning Peak,Weekday
T20220002043,2022-01-31,11:08:00,1,Collision with vehicle,1,Monday,130,REAR END(VEHICLES IN SAME LANE),1,703403,Not at intersection,3,80,Arterial Other,BAXTER-TOORADIN,CASEY,-38.203075,145.2863,2022,1,January,11,Midday,Weekday
T20220002079,2022-01-31,17:16:00,1,Collision with vehicle,1,Monday,147,VEHICLE STRIKES ANOTHER VEH WHILE EMERGING FROM DRIVEWAY,1,703303,Not at intersection,3,60,Local Road,MILLER,WHITTLESEA,-37.648335,145.0198,2022,1,January,17,Afternoon Peak,Weekday
T20220002097,2022-01-31,20:00:00,2,Struck Pedestrian,1,Monday,106,VEH STRIKES PED ON FOOTPATH/MEDIAN/TRAFFIC ISLAND.,1,705033,Not at intersection,3,50,Local Road,GLENDALE,DANDENONG,-37.938408,145.15102,2022,1,January,20,Night,Weekday
T20220002095,2022-01-31,23:14:00,1,Collision with vehicle,1,Monday,137,LEFT TURN SIDESWIPE,3,781492,Y intersection,3,80,Arterial Highway,DANDENONG,MONASH,-37.89599,145.09789,2022,1,January,23,Night,Weekday
T20220002094,2022-01-31,21:10:00,4,Collision with a fixed object,1,Monday,151,OUT OF CONTROL (OVERTAKING),2,710979,Not at intersection,2,80,Local Road,SMYTHESDALE-SNAKE VALLEY,PYRENEES,-37.615143,143.62401,2022,1,January,21,Night,Weekday
T20220002808,2022-01-31,15:20:00,8,No collision and no object struck,1,Monday,180,OFF CARRIAGEWAY ON RIGHT BEND,1,704529,Not at intersection,3,100,Local Road,AIRLY ESTATE,WELLINGTON,-38.029972,147.11563,2022,1,January,15,Afternoon Peak,Weekday
T20220002092,2022-01-31,18:15:00,1,Collision with vehicle,1,Monday,160,VEHICLE COLLIDES WITH VEHICLE PARKED ON LEFT OF ROAD,1,780106,Not at intersection,3,40,Arterial Highway,PRINCES,GLENELG,-38.250526,141.7273,2022,1,January,18,Afternoon Peak,Weekday
T20220002067,2022-01-31,14:20:00,2,Struck Pedestrian,1,Monday,109,ANY MANOEUVRE INVOLVING PED NOT INCLUDED IN DCAs 100-108.,1,718388,Not at intersection,2,50,Local Road,MURRAY,GLENELG,-38.1327,141.63338,2022,1,January,14,Midday,Weekday
T20220002068,2022-01-31,14:53:00,1,Collision with vehicle,1,Monday,136,RIGHT TURN SIDESWIPE,1,709212,Not at intersection,2,80,Arterial Highway,MIDLAND,BALLARAT,-37.502853,143.84563,2022,1,January,14,Midday,Weekday
T20220002074,2022-01-31,16:30:00,6,Vehicle overturned (no collision),1,Monday,174,OUT OF CONTROL ON CARRIAGEWAY (ON STRAIGHT),1,703301,Not at intersection,2,60,Arterial Other,FLEMINGTON,MELBOURNE,-37.793457,144.94725,2022,1,January,16,Afternoon Peak,Weekday
T20220002070,2022-01-31,14:03:00,1,Collision with vehicle,1,Monday,130,REAR END(VEHICLES IN SAME LANE),1,706102,Not at intersection,2,80,Freeway,WEST GATE,HOBSONS BAY,-37.825413,144.88751,2022,1,January,14,Midday,Weekday