ACCIDENT_NO,ACCIDENT_DATE,ACCIDENT_TIME,ACCIDENT_TYPE,ACCIDENT_TYPE_DESC,DAY_OF_WEEK,DAY_WEEK_DESC,DCA_CODE,DCA_DESC,LIGHT_CONDITION,NODE_ID,ROAD_GEOMETRY_DESC,SEVERITY,SPEED_ZONE,RMA,ROAD_NAME,LGA_NAME,LATITUDE,LONGITUDE,YEAR,MONTH,MONTH_NAME,HOUR,TIME_PERIOD,DAY_TYPE
T20220002071,2022-01-31,17:10:00,1,Collision with vehicle,1,Monday,134,LANE CHANGE RIGHT (NOT OVERTAKING),1,332317,T intersection,2,70,Arterial Other,SOUTH,KINGSTON,-37.9371,145.06575,2022,1,January,17,Afternoon Peak,Weekday
T20220009296,2022-01-31,15:30:00,8,No collision and no object struck,1,Monday,174,OUT OF CONTROL ON CARRIAGEWAY (ON STRAIGHT),1,710727,Not at intersection,3,50,Local Road,GRANGE,KINGSTON,-37.97625,145.08624,2022,1,January,15,Afternoon Peak,Weekday
T20220002075,2022-01-31,13:51:00,4,Collision with a fixed object,1,Monday,173,RIGHT OFF CARRIAGEWAY INTO OBJECT/PARKED VEHICLE,1,718342,Not at intersection,2,100,Arterial Highway,NORTHERN,CAMPASPE,-36.222527,144.72914,2022,1,January,13,Midday,Weekday
T20220002281,2022-02-01,16:03:00,1,Collision with vehicle,2,Tuesday,120,HEAD ON (NOT OVERTAKING),1,704512,Not at intersection,2,80,Local Road,BERWICK,YARRA RANGES,-37.971455,145.36092,2022,2,February,16,Afternoon Peak,Weekday
T20220005687,2022-02-01,15:23:00,1,Collision with vehicle,2,Tuesday,130,REAR END(VEHICLES IN SAME LANE),1,277354,Multiple intersection,3,60,Freeway,MORNINGTON PENINSULA OUT-THOMPSON,DANDENONG,-38.066944,145.1532,2022,2,February,15,Afternoon Peak,Weekday
T20220002109,2022-02-01,06:41:00,1,Collision with vehicle,2,Tuesday,135,LANE CHANGE LEFT (NOT OVERTAKING),1,703501,Not at intersection,2,60,Arterial Other,PALMERS,WYNDHAM,-37.82452,144.74896,2022,2,February,6,Morning Peak,Weekday
T20220002113,2022-02-01,08:40:00,1,Collision with vehicle,2,Tuesday,121,RIGHT THROUGH,1,55876,T intersection,3,80,Arterial Highway,SPRINGVALE,MONASH,-37.896133,145.16298,2022,2,February,8,Morning Peak,Weekday
T20220002115,2022-02-01,06:53:00,1,Collision with vehicle,2,Tuesday,110,CROSS TRAFFIC(INTERSECTIONS ONLY),1,325897,Cross intersection,3,60,Arterial Highway,NEPEAN,FRANKSTON,-38.145245,145.11992,2022,2,February,6,Morning Peak,Weekday
T20220002119,2022-02-01,11:30:00,2,Struck Pedestrian,2,Tuesday,102,FAR SIDE. PED HIT BY VEHICLE FROM THE LEFT,1,703590,Not at intersection,3,50,Arterial Highway,FOREST,MOUNT ALEXANDER,-37.066895,144.21754,2022,2,February,11,Midday,Weekday
T20220002120,2022-02-01,06:30:00,1,Collision with vehicle,2,Tuesday,169,OTHER ON PATH,1,703407,Not at intersection,1,50,Local Road,CHEDGEY,BRIMBANK,-37.754314,144.80865,2022,2,February,6,Morning Peak,Weekday
T20220002141,2022-02-01,10:15:00,4,Collision with a fixed object,2,Tuesday,173,RIGHT OFF CARRIAGEWAY INTO OBJECT/PARKED VEHICLE,1,709522,Not at intersection,3,50,Local Road,MURRAY,LATROBE,-38.187656,146.2944,2022,2,February,10,Midday,Weekday
T20220002176,2022-02-01,16:50:00,1,Collision with vehicle,2,Tuesday,130,REAR END(VEHICLES IN SAME LANE),1,703593,Not at intersection,3,70,Arterial Other,BALLARAT,BRIMBANK,-37.771156,144.78111,2022,2,February,16,Afternoon Peak,Weekday
T20220002140,2022-02-01,14:14:00,1,Collision with vehicle,2,Tuesday,111,RIGHT FAR (INTERSECTIONS ONLY),1,236467,Cross intersection,2,60,Arterial Highway,ALBERT,BALLARAT,-37.589024,143.84087,2022,2,February,14,Midday,Weekday
T20220002173,2022-02-01,21:37:00,5,collision with some other object,2,Tuesday,175,OFF END OF ROAD/T-INTERSECTION.,5,703596,Dead end,3,100,Local Road,UNNAMED,MELTON,-37.640697,144.7321,2022,2,February,21,Night,Weekday
T20220003376,2022-02-01,04:23:00,4,Collision with a fixed object,2,Tuesday,173,RIGHT OFF CARRIAGEWAY INTO OBJECT/PARKED VEHICLE,5,731585,Not at intersection,2,100,Arterial Highway,PRINCES,COLAC OTWAY,-38.288044,143.84111,2022,2,February,4,Late Night,Weekday
T20220002158,2022-02-01,15:20:00,2,Struck Pedestrian,2,Tuesday,103,PED PLAYING/LYING/WORKING/STANDING ON CARRIAGEWAY.,1,703591,Not at intersection,2,40,Local Road,MORSHEAD,MELTON,-37.709106,144.57463,2022,2,February,15,Afternoon Peak,Weekday
T20220002136,2022-02-01,13:30:00,1,Collision with vehicle,2,Tuesday,120,HEAD ON (NOT OVERTAKING),1,731344,Cross intersection,2,60,Local Road,STUBBS,MELBOURNE,-37.790215,144.93578,2022,2,February,13,Midday,Weekday
T20220002688,2022-02-01,13:14:00,1,Collision with vehicle,2,Tuesday,111,RIGHT FAR (INTERSECTIONS ONLY),1,39919,Cross intersection,3,50,Local Road,CHAMBERS,HOBSONS BAY,-37.835304,144.84258,2022,2,February,13,Midday,Weekday
T20220002150,2022-02-01,16:46:00,1,Collision with vehicle,2,Tuesday,152,PULLING OUT (OVERTAKING),1,703412,T intersection,3,60,Local Road,KENILWORTH,CARDINIA,-38.06145,145.38509,2022,2,February,16,Afternoon Peak,Weekday
T20220002124,2022-02-01,09:25:00,1,Collision with vehicle,2,Tuesday,130,REAR END(VEHICLES IN SAME LANE),1,773684,Not at intersection,3,80,Arterial Other,CLYDE-FIVE WAYS,CASEY,-38.12253,145.32643,2022,2,February,9,Morning Peak,Weekday
T20220002163,2022-02-01,19:04:00,4,Collision with a fixed object,2,Tuesday,173,RIGHT OFF CARRIAGEWAY INTO OBJECT/PARKED VEHICLE,1,706796,Multiple intersection,2,60,Arterial Other,ASQUITH STREET -VALERIE,BOROONDARA,-37.79843,145.04694,2022,2,February,19,Night,Weekday
T20220002134,2022-02-01,10:00:00,4,Collision with a fixed object,2,Tuesday,173,RIGHT OFF CARRIAGEWAY INTO OBJECT/PARKED VEHICLE,1,707009,Not at intersection,2,50,Arterial Other,BALLARAT-BURRUMBEET,BALLARAT,-37.5615,143.87024,2022,2,February,10,Midday,Weekday
T20220002164,2022-02-01,17:43:00,1,Collision with vehicle,2,Tuesday,121,RIGHT THROUGH,1,707010,Not at intersection,3,50,Local Road,LYNCH,BOROONDARA,-37.82118,145.0291,2022,2,February,17,Afternoon Peak,Weekday
T20220004388,2022-02-01,16:10:00,1,Collision with vehicle,2,Tuesday,130,REAR END(VEHICLES IN SAME LANE),9,711569,Not at intersection,3,40,Arterial Other,PLENTY,WHITTLESEA,-37.653404,145.08487,2022,2,February,16,Afternoon Peak,Weekday
T20220002166,2022-02-01,16:22:00,1,Collision with vehicle,2,Tuesday,130,REAR END(VEHICLES IN SAME LANE),1,703592,Not at intersection,3,60,Arterial Other,SYDNEY,HUME,-37.67944,144.95653,2022,2,February,16,Afternoon Peak,Weekday
T20220002167,2022-02-01,15:45:00,2,Struck Pedestrian,2,Tuesday,102,FAR SIDE. PED HIT BY VEHICLE FROM THE LEFT,1,704384,Not at intersection,2,50,Local Road,NICHOLSON,HUME,-37.644215,144.92375,2022,2,February,15,Afternoon Peak,Weekday
T20220002153,2022-02-01,17:15:00,1,Collision with vehicle,2,Tuesday,110,CROSS TRAFFIC(INTERSECTIONS ONLY),1,244234,Cross intersection,3,80,Arterial Highway,CALDER,BENDIGO,-36.742226,144.20416,2022,2,February,17,Afternoon Peak,Weekday
T20220002127,2022-02-01,09:20:00,1,Collision with vehicle,2,Tuesday,145,REVERSING IN STREAM OF TRAFFIC,1,357217,Not at intersection,3,80,Arterial Highway,HEATHERDALE,WHITEHORSE,-37.817318,145.21336,2022,2,February,9,Morning Peak,Weekday
T20220002265,2022-02-01,12:07:00,1,Collision with vehicle,2,Tuesday,121,RIGHT THROUGH,1,639847,T intersection,3,80,Arterial Highway,STUD,KNOX,-37.90638,145.23738,2022,2,February,12,Midday,Weekday
T20220002240,2022-02-01,05:42:00,1,Collision with vehicle,2,Tuesday,121,RIGHT THROUGH,2,29421,T intersection,3,70,Arterial Other,EDGARS,WHITTLESEA,-37.69372,145.0008,2022,2,February,5,Morning Peak,Weekday
T20220002108,2022-02-01,08:50:00,1,Collision with vehicle,2,Tuesday,130,REAR END(VEHICLES IN SAME LANE),1,705166,Not at intersection,3,60,Arterial Other,HORNE,HUME,-37.582497,144.72375,2022,2,February,8,Morning Peak,Weekday
T20220002174,2022-02-01,22:15:00,1,Collision with vehicle,2,Tuesday,143,ENTERING PARKING,3,704451,Not at intersection,2,40,Local Road,LONSDALE,MELBOURNE,-37.8098,144.97078,2022,2,February,22,Night,Weekday
T20220002348,2022-02-02,07:15:00,1,Collision with vehicle,3,Wednesday,130,REAR END(VEHICLES IN SAME LANE),1,705749,T intersection,3,50,Arterial Other,ASCOT VALE,MOONEE VALLEY,-37.779873,144.92267,2022,2,February,7,Morning Peak,Weekday
T20220003844,2022-02-02,21:02:00,3,Struck animal,3,Wednesday,167,STRUCK ANIMAL,5,709290,Not at intersection,3,100,Arterial Highway,WIMMERA,NORTHERN GRAMPIANS,-36.619316,143.29402,2022,2,February,21,Night,Weekday
T20220002191,2022-02-02,07:00:00,1,Collision with vehicle,3,Wednesday,110,CROSS TRAFFIC(INTERSECTIONS ONLY),1,45559,Cross intersection,3,50,Local Road,GORDON,MORELAND,-37.743256,144.94943,2022,2,February,7,Morning Peak,Weekday
T20220004659,2022-02-02,16:15:00,1,Collision with vehicle,3,Wednesday,130,REAR END(VEHICLES IN SAME LANE),1,779141,Not at intersection,3,100,Freeway,EASTERN,BOROONDARA,-37.77992,145.08344,2022,2,February,16,Afternoon Peak,Weekday
T20220002297,2022-02-02,15:00:00,1,Collision with vehicle,3,Wednesday,121,RIGHT THROUGH,1,703661,Not at intersection,3,60,Local Road,SOMERTON PARK,HUME,-37.64323,144.94664,2022,2,February,15,Afternoon Peak,Weekday
T20220008072,2022-02-02,17:10:00,5,collision with some other object,3,Wednesday,191,LOAD OR MISSILE STRUCK VEHICLE,9,709306,Not at intersection,3,100,Freeway,MONASH,CASEY,-37.966274,145.23439,2022,2,February,17,Afternoon Peak,Weekday
T20220008245,2022-02-02,19:20:00,1,Collision with vehicle,3,Wednesday,147,VEHICLE STRIKES ANOTHER VEH WHILE EMERGING FROM DRIVEWAY,1,709501,Not at intersection,3,50,Local Road,HALLCROFT,BOROONDARA,-37.822105,145.05768,2022,2,February,19,Night,Weekday
T20220002223,2022-02-02,17:38:00,1,Collision with vehicle,3,Wednesday,133,LANE SIDE SWIPE (VEHICLES IN PARALLEL LANES),1,731346,Not at intersection,3,60,Arterial Other,JOHNSTON,YARRA,-37.80051,144.99979,2022,2,February,17,Afternoon Peak,Weekday
T20220002274,2022-02-02,15:30:00,1,Collision with vehicle,3,Wednesday,121,RIGHT THROUGH,1,36494,Cross intersection,3,40,Local Road,BRUNSWICK,YARRA,-37.79595,144.97887,2022,2,February,15,Afternoon Peak,Weekday
T20220002187,2022-02-02,08:04:00,1,Collision with vehicle,3,Wednesday,110,CROSS TRAFFIC(INTERSECTIONS ONLY),1,630308,Cross intersection,3,70,Arterial Other,CANTERBURY,MAROONDAH,-37.825294,145.25163,2022,2,February,8,Morning Peak,Weekday
T20220002202,2022-02-02,12:33:00,1,Collision with vehicle,3,Wednesday,121,RIGHT THROUGH,1,731590,Not at intersection,2,80,Arterial Other,CRANBOURNE ROAD -NARRE WARREN,CASEY,-38.069782,145.29832,2022,2,February,12,Midday,Weekday
T20220002203,2022-02-02,11:53:00,1,Collision with vehicle,3,Wednesday,130,REAR END(VEHICLES IN SAME LANE),1,703505,Not at intersection,3,60,Local Road,DUKE,BRIMBANK,-37.77244,144.84834,2022,2,February,11,Midday,Weekday
T20220002209,2022-02-02,12:45:00,4,Collision with a fixed object,3,Wednesday,181,OFF RIGHT BEND INTO OBJECT/PARKED VEHICLE,1,707011,Not at intersection,2,100,Local Road,BEREMBOKE,MOORABOOL,-37.80171,144.2357,2022,2,February,12,Midday,Weekday
T20220002210,2022-02-02,13:18:00,1,Collision with vehicle,3,Wednesday,134,LANE CHANGE RIGHT (NOT OVERTAKING),1,707012,Not at intersection,3,100,Freeway,SPRINGVALE-EASTERN IN,WHITEHORSE,-37.804115,145.17274,2022,2,February,13,Midday,Weekday
T20220002215,2022-02-02,14:18:00,1,Collision with vehicle,3,Wednesday,121,RIGHT THROUGH,1,703808,T intersection,2,70,Local Road,ABBOTTS,DANDENONG,-38.03296,145.22235,2022,2,February,14,Midday,Weekday
T20220005238,2022-02-02,18:07:00,1,Collision with vehicle,3,Wednesday,121,RIGHT THROUGH,1,344051,Cross intersection,3,60,Arterial Other,GRIEVE,HOBSONS BAY,-37.82417,144.82968,2022,2,February,18,Afternoon Peak,Weekday
T20220002250,2022-02-02,16:38:00,1,Collision with vehicle,3,Wednesday,116,LEFT NEAR (INTERSECTIONS ONLY),1,266415,Cross intersection,2,60,Arterial Highway,MAIN,EAST GIPPSLAND,-37.83109,147.6113,2022,2,February,16,Afternoon Peak,Weekday
T20220002216,2022-02-02,16:50:00,1,Collision with vehicle,3,Wednesday,110,CROSS TRAFFIC(INTERSECTIONS ONLY),1,29818,Cross intersection,3,60,Arterial Other,MELBOURNE,WODONGA,-36.114845,146.86862,2022,2,February,16,Afternoon Peak,Weekday
T20220002219,2022-02-02,18:15:00,1,Collision with vehicle,3,Wednesday,110,CROSS TRAFFIC(INTERSECTIONS ONLY),1,63752,Cross intersection,3,50,Arterial Other,ORIEL,BANYULE,-37.762306,145.03654,2022,2,February,18,Afternoon Peak,Weekday
T20220002221,2022-02-02,17:31:00,2,Struck Pedestrian,3,Wednesday,101,PED EMERGES FROM IN FRONT OF PARKED OR STATIONARY VEHICLE,1,707013,Not at intersection,3,60,Arterial Other,MITCHAM,WHITEHORSE,-37.816628,145.1937,2022,2,February,17,Afternoon Peak,Weekday
T20220004116,2022-02-02,00:01:00,6,Vehicle overturned (no collision),3,Wednesday,170,OFF CARRIAGEWAY TO LEFT,5,715209,Not at intersection,3,80,Local Road,SPRING DAM,CORANGAMITE,-38.243656,142.94781,2022,2,February,0,Late Night,Weekday
T20230013641,2022-02-02,02:00:00,2,Struck Pedestrian,3,Wednesday,100,PED NEAR SIDE. PED HIT BY VEHICLE FROM THE RIGHT.,6,775823,Not at intersection,3,50,Local Road,ALMA,HOBSONS BAY,-37.86763,144.76535,2022,2,February,2,Late Night,Weekday
T20220002222,2022-02-02,17:50:00,1,Collision with vehicle,3,Wednesday,132,RIGHT REAR.,1,47364,Cross intersection,3,60,Arterial Highway,MAROONDAH,YARRA RANGES,-37.669785,145.5115,2022,2,February,17,Afternoon Peak,Weekday
T20220002227,2022-02-02,17:25:00,1,Collision with vehicle,3,Wednesday,110,CROSS TRAFFIC(INTERSECTIONS ONLY),1,43147,Cross intersection,2,80,Arterial Other,HEATHERTON,CASEY,-37.974216,145.25269,2022,2,February,17,Afternoon Peak,Weekday
T20220002177,2022-02-02,04:30:00,4,Collision with a fixed object,3,Wednesday,181,OFF RIGHT BEND INTO OBJECT/PARKED VEHICLE,3,703542,Not at intersection,3,60,Arterial Other,SETTLEMENT,WHITTLESEA,-37.694916,145.04268,2022,2,February,4,Late Night,Weekday
T20220002296,2022-02-02,13:00:00,1,Collision with vehicle,3,Wednesday,130,REAR END(VEHICLES IN SAME LANE),1,68534,T intersection,3,40,Local Road,GLEN HUNTLY,GLEN EIRA,-37.88616,145.01598,2022,2,February,13,Midday,Weekday
T20220002178,2022-02-02,04:36:00,1,Collision with vehicle,3,Wednesday,110,CROSS TRAFFIC(INTERSECTIONS ONLY),3,39352,Cross intersection,3,50,Local Road,DORKING,WHITEHORSE,-37.8145,145.13148,2022,2,February,4,Late Night,Weekday
T20220002235,2022-02-02,21:04:00,1,Collision with vehicle,3,Wednesday,160,VEHICLE COLLIDES WITH VEHICLE PARKED ON LEFT OF ROAD,3,714525,Not at intersection,3,50,Local Road,BRYDEN,KNOX,-37.898827,145.26456,2022,2,February,21,Night,Weekday
T20220002232,2022-02-02,08:00:00,1,Collision with vehicle,3,Wednesday,110,CROSS TRAFFIC(INTERSECTIONS ONLY),1,42300,Cross intersection,3,50,Local Road,ARGUS,KINGSTON,-37.959938,145.07213,2022,2,February,8,Morning Peak,Weekday
T20220002283,2022-02-02,18:26:00,1,Collision with vehicle,3,Wednesday,113,RIGHT NEAR (INTERSECTIONS ONLY),1,710067,T intersection,3,60,Local Road,BEMERSYDE,CASEY,-38.055027,145.34735,2022,2,February,18,Afternoon Peak,Weekday
T20220002637,2022-02-02,15:00:00,1,Collision with vehicle,3,Wednesday,130,REAR END(VEHICLES IN SAME LANE),1,780721,Not at intersection,3,60,Arterial Highway,BELL,DAREBIN,-37.746563,145.01523,2022,2,February,15,Afternoon Peak,Weekday
T20220002321,2022-02-02,16:45:00,1,Collision with vehicle,3,Wednesday,110,CROSS TRAFFIC(INTERSECTIONS ONLY),1,49180,Cross intersection,3,80,Local Road,DANES,BAW BAW,-38.1642,145.88943,2022,2,February,16,Afternoon Peak,Weekday
T20220002905,2022-02-02,16:40:00,1,Collision with vehicle,3,Wednesday,130,REAR END(VEHICLES IN SAME LANE),9,773683,Not at intersection,3,70,Arterial Other,STURT,BALLARAT,-37.557457,143.82329,2022,2,February,16,Afternoon Peak,Weekday
T20220002254,2022-02-02,18:00:00,4,Collision with a fixed object,3,Wednesday,171,LEFT OFF CARRIAGEWAY INTO OBJECT/PARKED VEHICLE,1,715159,Not at intersection,1,100,Local Road,ROSLYNMEAD,CAMPASPE,-36.12056,144.526,2022,2,February,18,Afternoon Peak,Weekday
T20220002300,2022-02-03,17:00:00,1,Collision with vehicle,4,Thursday,130,REAR END(VEHICLES IN SAME LANE),1,704321,Not at intersection,3,60,Arterial Other,NORMANBY,DAREBIN,-37.757545,144.98227,2022,2,February,17,Afternoon Peak,Weekday
T20220002301,2022-02-03,15:25:00,1,Collision with vehicle,4,Thursday,139,OTHER SAME DIRECTION-MANOUEVRES NOT INCLUDED IN DCAs 130-137,1,703723,Not at intersection,3,80,Arterial Other,MANSFIELD-WHITFIELD,WANGARATTA,-36.760815,146.35725,2022,2,February,15,Afternoon Peak,Weekday
T20220004494,2022-02-03,17:50:00,1,Collision with vehicle,4,Thursday,130,REAR END(VEHICLES IN SAME LANE),1,42310,T intersection,3,60,Arterial Highway,WARRIGAL,KINGSTON,-37.95472,145.07648,2022,2,February,17,Afternoon Peak,Weekday
T20220002304,2022-02-03,12:30:00,4,Collision with a fixed object,4,Thursday,183,OFF LEFT BEND INTO OBJECT/PARKED VEHICLE,1,713887,Not at intersection,1,100,Arterial Other,MURRAY RIVER,TOWONG,-36.05893,147.3035,2022,2,February,12,Midday,Weekday
T20220002313,2022-02-03,15:30:00,1,Collision with vehicle,4,Thursday,110,CROSS TRAFFIC(INTERSECTIONS ONLY),1,44066,Cross intersection,2,50,Local Road,CAIRN,MORNINGTON PENINSULA,-38.35758,144.93057,2022,2,February,15,Afternoon Peak,Weekday
T20220007510,2022-02-03,23:30:00,4,Collision with a fixed object,4,Thursday,171,LEFT OFF CARRIAGEWAY INTO OBJECT/PARKED VEHICLE,5,731458,Not at intersection,3,80,Local Road,SETTLEMENT,BAW BAW,-38.139305,145.83078,2022,2,February,23,Night,Weekday
T20220002316,2022-02-03,16:04:00,4,Collision with a fixed object,4,Thursday,171,LEFT OFF CARRIAGEWAY INTO OBJECT/PARKED VEHICLE,1,703903,Not at intersection,3,80,Local Road,GOSFIELD,NILLUMBIK,-37.631844,145.20903,2022,2,February,16,Afternoon Peak,Weekday
T20220002317,2022-02-03,18:30:00,1,Collision with vehicle,4,Thursday,120,HEAD ON (NOT OVERTAKING),1,704513,T intersection,2,60,Arterial Other,UPPER HEIDELBERG,BANYULE,-37.747623,145.05777,2022,2,February,18,Afternoon Peak,Weekday
T20220002318,2022-02-03,04:45:00,1,Collision with vehicle,4,Thursday,110,CROSS TRAFFIC(INTERSECTIONS ONLY),3,290388,Multiple intersection,3,60,Arterial Other,SALE,WELLINGTON,-37.971443,146.98386,2022,2,February,4,Late Night,Weekday
T20220002319,2022-02-03,19:00:00,1,Collision with vehicle,4,Thursday,120,HEAD ON (NOT OVERTAKING),1,725435,Not at intersection,2,70,Arterial Other,TEMPLESTOWE,MANNINGHAM,-37.756252,145.10316,2022,2,February,19,Night,Weekday
T20220005933,2022-02-03,14:03:00,1,Collision with vehicle,4,Thursday,132,RIGHT REAR.,1,712232,T intersection,3,60,Arterial Other,WHITEHORSE,BOROONDARA,-37.81461,145.09602,2022,2,February,14,Midday,Weekday
T20220002374,2022-02-03,21:50:00,1,Collision with vehicle,4,Thursday,160,VEHICLE COLLIDES WITH VEHICLE PARKED ON LEFT OF ROAD,3,342431,T intersection,3,50,Local Road,THOMPSON,MOONEE VALLEY,-37.76221,144.8553,2022,2,February,21,Night,Weekday
T20220002324,2022-02-03,16:10:00,1,Collision with vehicle,4,Thursday,130,REAR END(VEHICLES IN SAME LANE),1,712420,Not at intersection,2,100,Arterial Other,COBDEN-WARRNAMBOOL,MOYNE,-38.39096,142.64433,2022,2,February,16,Afternoon Peak,Weekday
T20220004129,2022-02-03,10:30:00,1,Collision with vehicle,4,Thursday,130,REAR END(VEHICLES IN SAME LANE),1,29417,T intersection,3,40,Arterial Other,KING,MELBOURNE,-37.816383,144.95573,2022,2,February,10,Midday,Weekday
T20220002326,2022-02-03,21:09:00,1,Collision with vehicle,4,Thursday,160,VEHICLE COLLIDES WITH VEHICLE PARKED ON LEFT OF ROAD,3,703664,Not at intersection,3,50,Local Road,SOMERVILLE,MARIBYRNONG,-37.811646,144.87312,2022,2,February,21,Night,Weekday
T20220002328,2022-02-03,22:45:00,1,Collision with vehicle,4,Thursday,130,REAR END(VEHICLES IN SAME LANE),3,225656,Cross intersection,2,80,Arterial Highway,BURWOOD,KNOX,-37.868797,145.2352,2022,2,February,22,Night,Weekday
T20220002330,2022-02-03,20:05:00,4,Collision with a fixed object,4,Thursday,173,RIGHT OFF CARRIAGEWAY INTO OBJECT/PARKED VEHICLE,2,703811,T intersection,3,40,Local Road,DRUMMOND,MELBOURNE,-37.799873,144.96858,2022,2,February,20,Night,Weekday
T20220003241,2022-02-03,15:00:00,4,Collision with a fixed object,4,Thursday,171,LEFT OFF CARRIAGEWAY INTO OBJECT/PARKED VEHICLE,1,711868,Not at intersection,3,100,Arterial Other,COLAC-LAVERS HILL,COLAC OTWAY,-38.48705,143.57173,2022,2,February,15,Afternoon Peak,Weekday
T20220002263,2022-02-03,08:54:00,1,Collision with vehicle,4,Thursday,110,CROSS TRAFFIC(INTERSECTIONS ONLY),1,70138,Cross intersection,2,50,Local Road,ARGUS,KINGSTON,-37.958443,145.06017,2022,2,February,8,Morning Peak,Weekday
T20220002261,2022-02-03,08:55:00,4,Collision with a fixed object,4,Thursday,151,OUT OF CONTROL (OVERTAKING),1,731347,Not at intersection,3,40,Local Road,LAUREL,HUME,-37.674274,144.9663,2022,2,February,8,Morning Peak,Weekday
T20220002260,2022-02-03,09:17:00,1,Collision with vehicle,4,Thursday,110,CROSS TRAFFIC(INTERSECTIONS ONLY),1,73506,Cross intersection,3,50,Local Road,CANTS,COLAC OTWAY,-38.339382,143.56918,2022,2,February,9,Morning Peak,Weekday
T20220002259,2022-02-03,09:00:00,1,Collision with vehicle,4,Thursday,121,RIGHT THROUGH,1,704319,T intersection,3,60,Local Road,FURLONG,BRIMBANK,-37.760235,144.77872,2022,2,February,9,Morning Peak,Weekday
T20220002289,2022-02-03,10:35:00,6,Vehicle overturned (no collision),4,Thursday,180,OFF CARRIAGEWAY ON RIGHT BEND,1,711320,Not at intersection,3,100,Arterial Highway,MIDLAND,HEPBURN,-37.356647,144.09454,2022,2,February,10,Midday,Weekday
T20220002284,2022-02-03,12:30:00,8,No collision and no object struck,4,Thursday,174,OUT OF CONTROL ON CARRIAGEWAY (ON STRAIGHT),1,703660,Not at intersection,3,70,Arterial Highway,NEPEAN,FRANKSTON,-38.13558,145.12405,2022,2,February,12,Midday,Weekday
T20220003611,2022-02-03,16:03:00,1,Collision with vehicle,4,Thursday,121,RIGHT THROUGH,1,35318,Cross intersection,3,40,Local Road,LYGON,MELBOURNE,-37.804893,144.96622,2022,2,February,16,Afternoon Peak,Weekday
T20220002273,2022-02-03,10:25:00,1,Collision with vehicle,4,Thursday,160,VEHICLE COLLIDES WITH VEHICLE PARKED ON LEFT OF ROAD,1,705505,Not at intersection,3,50,Arterial Highway,WARBURTON,YARRA RANGES,-37.781647,145.612,2022,2,February,10,Midday,Weekday
T20220002272,2022-02-03,10:00:00,2,Struck Pedestrian,4,Thursday,102,FAR SIDE. PED HIT BY VEHICLE FROM THE LEFT,1,43696,Cross intersection,2,40,Local Road,BROOK,HUME,-37.57973,144.72934,2022,2,February,10,Midday,Weekday
T20220002270,2022-02-03,11:45:00,8,No collision and no object struck,4,Thursday,180,OFF CARRIAGEWAY ON RIGHT BEND,1,705504,Not at intersection,2,80,Arterial Other,YARRA JUNCTION-NOOJEE,YARRA RANGES,-37.828106,145.66411,2022,2,February,11,Midday,Weekday
T20220002251,2022-02-03,07:02:00,8,No collision and no object struck,4,Thursday,174,OUT OF CONTROL ON CARRIAGEWAY (ON STRAIGHT),1,78078,Not at intersection,3,40,Arterial Other,CHURCH,YARRA,-37.81607,144.99963,2022,2,February,7,Morning Peak,Weekday
T20220002295,2022-02-03,13:00:00,4,Collision with a fixed object,4,Thursday,171,LEFT OFF CARRIAGEWAY INTO OBJECT/PARKED VEHICLE,1,708011,Not at intersection,3,40,Local Road,HIGH,CENTRAL GOLDFIELDS,-37.046135,143.73872,2022,2,February,13,Midday,Weekday
T20220002456,2022-02-03,17:30:00,1,Collision with vehicle,4,Thursday,130,REAR END(VEHICLES IN SAME LANE),1,703813,Not at intersection,3,80,Arterial Highway,GEELONG,HOBSONS BAY,-37.818653,144.84235,2022,2,February,17,Afternoon Peak,Weekday
T20220002951,2022-02-03,06:00:00,1,Collision with vehicle,4,Thursday,123,RIGHT/LEFT. ONE VEH TURNING RIGHT THE OTHER LEFT.,2,679304,Cross intersection,3,50,Arterial Other,MELTON,MELTON,-37.69185,144.74426,2022,2,February,6,Morning Peak,Weekday
T20220002299,2022-02-03,15:45:00,1,Collision with vehicle,4,Thursday,134,LANE CHANGE RIGHT (NOT OVERTAKING),1,703662,Not at intersection,3,80,Arterial Highway,DANDENONG VALLEY,KNOX,-37.926926,145.23314,2022,2,February,15,Afternoon Peak,Weekday
T20220002336,2022-02-04,06:30:00,1,Collision with vehicle,5,Friday,130,REAR END(VEHICLES IN SAME LANE),1,713339,Not at intersection,2,60,Arterial Other,EPPING,WHITTLESEA,-37.63232,145.02722,2022,2,February,6,Morning Peak,Weekday
T20220002366,2022-02-04,10:50:00,1,Collision with vehicle,5,Friday,113,RIGHT NEAR (INTERSECTIONS ONLY),1,705809,T intersection,3,60,Local Road,MT PLEASANT,GEELONG,-38.169556,144.33398,2022,2,February,10,Midday,Weekday
T20220002339,2022-02-04,17:17:00,1,Collision with vehicle,5,Friday,137,LEFT TURN SIDESWIPE,1,704324,T intersection,3,60,Arterial Highway,PUNT,PORT PHILLIP,-37.855934,144.98328,2022,2,February,17,Afternoon Peak,Weekday