ACCIDENT_NO,ACCIDENT_DATE,ACCIDENT_TIME,ACCIDENT_TYPE,ACCIDENT_TYPE_DESC,DAY_OF_WEEK,DAY_WEEK_DESC,DCA_CODE,DCA_DESC,LIGHT_CONDITION,NODE_ID,ROAD_GEOMETRY_DESC,SEVERITY,SPEED_ZONE,RMA,ROAD_NAME,LGA_NAME,LATITUDE,LONGITUDE,YEAR,MONTH,MONTH_NAME,HOUR,TIME_PERIOD,DAY_TYPE
T20220002341,2022-02-04,07:30:00,4,Collision with a fixed object,5,Friday,183,OFF LEFT BEND INTO OBJECT/PARKED VEHICLE,1,708937,Not at intersection,2,60,Arterial Other,HEALESVILLE-YARRA GLEN,YARRA RANGES,-37.652626,145.49251,2022,2,February,7,Morning Peak,Weekday
T20220002360,2022-02-04,12:45:00,2,Struck Pedestrian,5,Friday,100,PED NEAR SIDE. PED HIT BY VEHICLE FROM THE RIGHT.,1,784820,Not at intersection,2,60,Arterial Other,POLICE,DANDENONG,-37.93761,145.19264,2022,2,February,12,Midday,Weekday
T20220002617,2022-02-04,21:30:00,1,Collision with vehicle,5,Friday,150,HEAD ON(OVERTAKING),2,784821,Not at intersection,2,80,Arterial Highway,MIDLAND,SHEPPARTON,-36.42954,145.69463,2022,2,February,21,Night,Weekday
T20220002385,2022-02-04,13:40:00,4,Collision with a fixed object,5,Friday,183,OFF LEFT BEND INTO OBJECT/PARKED VEHICLE,1,712546,Not at intersection,1,100,Local Road,HARRYS CREEK,STRATHBOGIE,-36.70881,145.7357,2022,2,February,13,Midday,Weekday
T20220002395,2022-02-04,18:45:00,1,Collision with vehicle,5,Friday,160,VEHICLE COLLIDES WITH VEHICLE PARKED ON LEFT OF ROAD,1,731350,Not at intersection,3,50,Local Road,CLAREMONT,STONNINGTON,-37.86643,145.03424,2022,2,February,18,Afternoon Peak,Weekday
T20220002405,2022-02-04,19:50:00,1,Collision with vehicle,5,Friday,113,RIGHT NEAR (INTERSECTIONS ONLY),2,43043,T intersection,3,60,Arterial Other,HEATHERTON,DANDENONG,-37.96995,145.21416,2022,2,February,19,Night,Weekday
T20220002397,2022-02-04,18:09:00,1,Collision with vehicle,5,Friday,130,REAR END(VEHICLES IN SAME LANE),1,731351,Not at intersection,3,60,Arterial Other,CANTERBURY,WHITEHORSE,-37.836628,145.18872,2022,2,February,18,Afternoon Peak,Weekday
T20220002899,2022-02-04,08:45:00,1,Collision with vehicle,5,Friday,144,PARKED VEHICLES ONLY,1,704539,Not at intersection,3,40,Local Road,LUCERNE,YARRA,-37.782486,145.03532,2022,2,February,8,Morning Peak,Weekday
T20220002345,2022-02-04,09:00:00,1,Collision with vehicle,5,Friday,130,REAR END(VEHICLES IN SAME LANE),1,703666,Not at intersection,3,70,Arterial Other,BALLARTO,FRANKSTON,-38.11355,145.16447,2022,2,February,9,Morning Peak,Weekday
T20220002347,2022-02-04,10:36:00,1,Collision with vehicle,5,Friday,148,VEHICLE OFF FOOTPATH STRIKES VEH ON CARRIAGEWAY,1,704323,Not at intersection,2,60,Arterial Other,TOORAK,STONNINGTON,-37.844658,145.03847,2022,2,February,10,Midday,Weekday
T20220002399,2022-02-04,15:05:00,1,Collision with vehicle,5,Friday,137,LEFT TURN SIDESWIPE,1,350772,Multiple intersection,3,60,Arterial Other,BORONIA,WHITEHORSE,-37.83612,145.19545,2022,2,February,15,Afternoon Peak,Weekday
T20220002355,2022-02-04,08:45:00,4,Collision with a fixed object,5,Friday,171,LEFT OFF CARRIAGEWAY INTO OBJECT/PARKED VEHICLE,1,47309,T intersection,3,80,Local Road,BINDTS,WHITTLESEA,-37.59513,145.047,2022,2,February,8,Morning Peak,Weekday
T20220002400,2022-02-04,18:33:00,4,Collision with a fixed object,5,Friday,183,OFF LEFT BEND INTO OBJECT/PARKED VEHICLE,1,705507,Not at intersection,2,50,Local Road,WATERVIEW,WHITTLESEA,-37.612476,145.09126,2022,2,February,18,Afternoon Peak,Weekday
T20220003047,2022-02-04,07:50:00,1,Collision with vehicle,5,Friday,110,CROSS TRAFFIC(INTERSECTIONS ONLY),1,29420,Cross intersection,3,40,Local Road,FLINDERS,MELBOURNE,-37.819614,144.96002,2022,2,February,7,Morning Peak,Weekday
T20220002755,2022-02-04,16:15:00,1,Collision with vehicle,5,Friday,163,VEHICLE STRIKES DOOR OF PARKED/STATIONARY VEHICLE,1,704453,Not at intersection,3,60,Arterial Other,KEILOR,MOONEE VALLEY,-37.74175,144.9033,2022,2,February,16,Afternoon Peak,Weekday
T20220002382,2022-02-04,14:30:00,1,Collision with vehicle,5,Friday,130,REAR END(VEHICLES IN SAME LANE),1,707472,Not at intersection,3,80,Arterial Other,CRANBOURNE-FRANKSTON,CASEY,-38.110523,145.2635,2022,2,February,14,Midday,Weekday
T20220002387,2022-02-04,17:50:00,1,Collision with vehicle,5,Friday,163,VEHICLE STRIKES DOOR OF PARKED/STATIONARY VEHICLE,1,703667,Not at intersection,3,40,Local Road,FLINDERS,MELBOURNE,-37.81608,144.97215,2022,2,February,17,Afternoon Peak,Weekday
T20220002373,2022-02-04,15:05:00,2,Struck Pedestrian,5,Friday,100,PED NEAR SIDE. PED HIT BY VEHICLE FROM THE RIGHT.,1,38572,Cross intersection,3,40,Arterial Highway,PLENTY,WHITTLESEA,-37.697838,145.05884,2022,2,February,15,Afternoon Peak,Weekday
T20220002372,2022-02-04,14:10:00,1,Collision with vehicle,5,Friday,149,OTHER MANOEUVRING NOT INCLUDED IN DCAs 140-148,1,731349,Not at intersection,3,100,Local Road,DAIRTNUNK,MILDURA,-34.26958,142.1418,2022,2,February,14,Midday,Weekday
T20220002404,2022-02-04,16:30:00,1,Collision with vehicle,5,Friday,121,RIGHT THROUGH,1,707018,Not at intersection,2,80,Arterial Highway,SOUTH GIPPSLAND,CASEY,-38.08473,145.27771,2022,2,February,16,Afternoon Peak,Weekday
T20220002337,2022-02-04,07:30:00,1,Collision with vehicle,5,Friday,169,OTHER ON PATH,2,703665,Not at intersection,3,50,Local Road,LISTON,GEELONG,-38.10016,144.33156,2022,2,February,7,Morning Peak,Weekday
T20220002411,2022-02-04,17:41:00,1,Collision with vehicle,5,Friday,130,REAR END(VEHICLES IN SAME LANE),1,705167,Not at intersection,3,100,Freeway,EASTLINK,KNOX,-37.925682,145.21324,2022,2,February,17,Afternoon Peak,Weekday
T20220002771,2022-02-04,16:20:00,1,Collision with vehicle,5,Friday,121,RIGHT THROUGH,1,704524,Multiple intersection,2,60,Arterial Highway,NEPEAN,MORNINGTON PENINSULA,-38.329586,144.98616,2022,2,February,16,Afternoon Peak,Weekday
T20220002413,2022-02-04,18:00:00,1,Collision with vehicle,5,Friday,130,REAR END(VEHICLES IN SAME LANE),1,195765,Not at intersection,3,60,Arterial Highway,BELL,BANYULE,-37.749493,145.03967,2022,2,February,18,Afternoon Peak,Weekday
T20220002841,2022-02-04,14:05:00,6,Vehicle overturned (no collision),5,Friday,174,OUT OF CONTROL ON CARRIAGEWAY (ON STRAIGHT),1,731366,Not at intersection,3,100,Arterial Highway,CALDER,LODDON,-36.36976,143.55084,2022,2,February,14,Midday,Weekday
T20220002415,2022-02-04,19:30:00,1,Collision with vehicle,5,Friday,110,CROSS TRAFFIC(INTERSECTIONS ONLY),2,50833,Cross intersection,3,100,Arterial Highway,MURRAY VALLEY,INDIGO,-36.045315,146.61931,2022,2,February,19,Night,Weekday
T20220002417,2022-02-04,22:45:00,4,Collision with a fixed object,5,Friday,181,OFF RIGHT BEND INTO OBJECT/PARKED VEHICLE,5,707019,Not at intersection,3,80,Arterial Highway,MAROONDAH,YARRA RANGES,-37.61352,145.60435,2022,2,February,22,Night,Weekday
T20220002864,2022-02-04,16:00:00,1,Collision with vehicle,5,Friday,130,REAR END(VEHICLES IN SAME LANE),1,708985,Not at intersection,3,80,Freeway,MONASH,MONASH,-37.892223,145.12616,2022,2,February,16,Afternoon Peak,Weekday
T20220006263,2022-02-04,09:45:00,1,Collision with vehicle,5,Friday,147,VEHICLE STRIKES ANOTHER VEH WHILE EMERGING FROM DRIVEWAY,1,707754,Not at intersection,3,40,Local Road,INKERMAN,PORT PHILLIP,-37.864914,144.98795,2022,2,February,9,Morning Peak,Weekday
T20220002383,2022-02-04,15:50:00,1,Collision with vehicle,5,Friday,132,RIGHT REAR.,1,42566,T intersection,3,60,Arterial Highway,BELL,MORELAND,-37.74002,144.95349,2022,2,February,15,Afternoon Peak,Weekday
T20220002377,2022-02-04,14:38:00,1,Collision with vehicle,5,Friday,130,REAR END(VEHICLES IN SAME LANE),1,707017,T intersection,3,60,Arterial Other,RALEIGH,MARIBYRNONG,-37.769768,144.8989,2022,2,February,14,Midday,Weekday
T20220002420,2022-02-04,22:21:00,1,Collision with vehicle,5,Friday,116,LEFT NEAR (INTERSECTIONS ONLY),9,42376,T intersection,2,60,Arterial Other,CENTRE,KINGSTON,-37.92743,145.10991,2022,2,February,22,Night,Weekday
T20220002453,2022-02-04,22:00:00,1,Collision with vehicle,5,Friday,130,REAR END(VEHICLES IN SAME LANE),3,705506,Not at intersection,3,70,Arterial Highway,SPRINGVALE,WHITEHORSE,-37.854183,145.16939,2022,2,February,22,Night,Weekday
T20220002444,2022-02-04,17:10:00,1,Collision with vehicle,5,Friday,130,REAR END(VEHICLES IN SAME LANE),1,123772,Not at intersection,3,50,Local Road,NICHOLSON,YARRA,-37.800583,144.99756,2022,2,February,17,Afternoon Peak,Weekday
T20220002964,2022-02-05,11:20:00,1,Collision with vehicle,6,Saturday,110,CROSS TRAFFIC(INTERSECTIONS ONLY),1,51789,Cross intersection,3,100,Arterial Other,CASTLEMAINE-MALDON,MOUNT ALEXANDER,-37.04997,144.14749,2022,2,February,11,Midday,Weekend
T20220002502,2022-02-05,06:02:00,4,Collision with a fixed object,6,Saturday,171,LEFT OFF CARRIAGEWAY INTO OBJECT/PARKED VEHICLE,2,705510,T intersection,3,80,Arterial Highway,PLENTY,DAREBIN,-37.713005,145.04593,2022,2,February,6,Morning Peak,Weekend
T20230011001,2022-02-05,00:01:00,6,Vehicle overturned (no collision),6,Saturday,174,OUT OF CONTROL ON CARRIAGEWAY (ON STRAIGHT),3,773954,Cross intersection,3,80,Arterial Other,PLENTY,WHITTLESEA,-37.600677,145.0957,2022,2,February,0,Late Night,Weekend
T20220002516,2022-02-05,22:40:00,1,Collision with vehicle,6,Saturday,120,HEAD ON (NOT OVERTAKING),3,324029,Cross intersection,2,60,Arterial Other,BERWICK-CRANBOURNE,CASEY,-38.117744,145.31926,2022,2,February,22,Night,Weekend
T20220002519,2022-02-05,11:36:00,1,Collision with vehicle,6,Saturday,130,REAR END(VEHICLES IN SAME LANE),1,731357,Not at intersection,3,60,Arterial Highway,GREAT ALPINE,WANGARATTA,-36.352135,146.33926,2022,2,February,11,Midday,Weekend
T20220002513,2022-02-05,22:30:00,1,Collision with vehicle,6,Saturday,131,LEFT REAR,3,36313,T intersection,3,40,Local Road,LYGON,MELBOURNE,-37.802814,144.96657,2022,2,February,22,Night,Weekend
T20220002521,2022-02-05,14:50:00,4,Collision with a fixed object,6,Saturday,173,RIGHT OFF CARRIAGEWAY INTO OBJECT/PARKED VEHICLE,1,705071,Not at intersection,2,100,Arterial Highway,MURRAY VALLEY,MOIRA,-35.963913,145.70451,2022,2,February,14,Midday,Weekend
T20220002548,2022-02-05,22:30:00,1,Collision with vehicle,6,Saturday,162,ACCIDENT OR BROKEN DOWN,5,757149,Not at intersection,2,80,Arterial Other,GRUBB,GEELONG,-38.195892,144.54767,2022,2,February,22,Night,Weekend
T20220002489,2022-02-05,18:00:00,1,Collision with vehicle,6,Saturday,110,CROSS TRAFFIC(INTERSECTIONS ONLY),1,59645,Cross intersection,3,50,Local Road,BAKER,HORSHAM,-36.720543,142.1997,2022,2,February,18,Afternoon Peak,Weekend
T20220002490,2022-02-05,17:10:00,1,Collision with vehicle,6,Saturday,110,CROSS TRAFFIC(INTERSECTIONS ONLY),1,44864,Cross intersection,3,60,Local Road,FOURTEENTH,MILDURA,-34.202293,142.15186,2022,2,February,17,Afternoon Peak,Weekend
T20220004688,2022-02-05,15:40:00,1,Collision with vehicle,6,Saturday,130,REAR END(VEHICLES IN SAME LANE),1,705768,Not at intersection,2,80,Arterial Other,WESTALL,DANDENONG,-37.95948,145.13695,2022,2,February,15,Afternoon Peak,Weekend
T20220002674,2022-02-05,20:30:00,1,Collision with vehicle,6,Saturday,147,VEHICLE STRIKES ANOTHER VEH WHILE EMERGING FROM DRIVEWAY,3,731359,Not at intersection,2,60,Arterial Other,WATTLETREE,STONNINGTON,-37.86224,145.02728,2022,2,February,20,Night,Weekend
T20220002492,2022-02-05,18:30:00,4,Collision with a fixed object,6,Saturday,183,OFF LEFT BEND INTO OBJECT/PARKED VEHICLE,1,714501,Not at intersection,3,100,Local Road,OLD SYDNEY,MITCHELL,-37.406887,144.94978,2022,2,February,18,Afternoon Peak,Weekend
T20220002508,2022-02-05,22:30:00,1,Collision with vehicle,6,Saturday,121,RIGHT THROUGH,3,56077,Cross intersection,3,60,Arterial Highway,MCKILLOP,GEELONG,-38.156925,144.37035,2022,2,February,22,Night,Weekend
T20220004440,2022-02-05,14:45:00,1,Collision with vehicle,6,Saturday,133,LANE SIDE SWIPE (VEHICLES IN PARALLEL LANES),1,708191,Not at intersection,3,60,Arterial Highway,BRIGHTON,PORT PHILLIP,-37.877766,144.99318,2022,2,February,14,Midday,Weekend
T20220003948,2022-02-05,14:15:00,1,Collision with vehicle,6,Saturday,130,REAR END(VEHICLES IN SAME LANE),1,707475,Not at intersection,3,70,Arterial Other,SOUTH,BAYSIDE,-37.932022,145.02583,2022,2,February,14,Midday,Weekend
T20220002641,2022-02-05,16:40:00,1,Collision with vehicle,6,Saturday,135,LANE CHANGE LEFT (NOT OVERTAKING),1,710137,Multiple intersection,3,100,Freeway,WESTERN RING,MORELAND,-37.69565,144.90115,2022,2,February,16,Afternoon Peak,Weekend
T20220002418,2022-02-05,00:14:00,4,Collision with a fixed object,6,Saturday,175,OFF END OF ROAD/T-INTERSECTION.,3,705503,T intersection,2,60,Local Road,CANTERBURY,GEELONG,-38.031883,144.37585,2022,2,February,0,Late Night,Weekend
T20220003457,2022-02-05,06:50:00,1,Collision with vehicle,6,Saturday,130,REAR END(VEHICLES IN SAME LANE),1,773144,Not at intersection,3,80,Local Road,LEAKES,WYNDHAM,-37.835075,144.69604,2022,2,February,6,Morning Peak,Weekend
T20220002493,2022-02-05,20:00:00,1,Collision with vehicle,6,Saturday,120,HEAD ON (NOT OVERTAKING),2,711131,Not at intersection,2,40,Arterial Other,BARWON HEADS,GEELONG,-38.17533,144.35257,2022,2,February,20,Night,Weekend
T20220002885,2022-02-05,05:40:00,3,Struck animal,6,Saturday,167,STRUCK ANIMAL,5,704537,Not at intersection,2,100,Local Road,HORSEHILL,MOORABOOL,-37.73966,143.98048,2022,2,February,5,Morning Peak,Weekend
T20220003133,2022-02-05,16:00:00,4,Collision with a fixed object,6,Saturday,171,LEFT OFF CARRIAGEWAY INTO OBJECT/PARKED VEHICLE,1,707061,Y intersection,2,60,Arterial Other,MOUNTAIN,YARRA RANGES,-37.862545,145.35295,2022,2,February,16,Afternoon Peak,Weekend
T20220002485,2022-02-05,16:10:00,2,Struck Pedestrian,6,Saturday,100,PED NEAR SIDE. PED HIT BY VEHICLE FROM THE RIGHT.,1,715144,Not at intersection,2,60,Local Road,TARNEIT,WYNDHAM,-37.88926,144.66212,2022,2,February,16,Afternoon Peak,Weekend
T20220002480,2022-02-05,15:40:00,1,Collision with vehicle,6,Saturday,130,REAR END(VEHICLES IN SAME LANE),1,704982,Not at intersection,2,80,Arterial Highway,PRINCES,CASEY,-38.014267,145.29028,2022,2,February,15,Afternoon Peak,Weekend
T20220002503,2022-02-05,23:36:00,1,Collision with vehicle,6,Saturday,130,REAR END(VEHICLES IN SAME LANE),3,138803,T intersection,3,60,Arterial Highway,LOWER PLENTY,BANYULE,-37.734943,145.0789,2022,2,February,23,Night,Weekend
T20220002427,2022-02-05,04:07:00,4,Collision with a fixed object,6,Saturday,183,OFF LEFT BEND INTO OBJECT/PARKED VEHICLE,5,711275,Not at intersection,2,100,Arterial Highway,WESTERN,ARARAT,-37.338943,143.1167,2022,2,February,4,Late Night,Weekend
T20220002484,2022-02-05,16:30:00,1,Collision with vehicle,6,Saturday,163,VEHICLE STRIKES DOOR OF PARKED/STATIONARY VEHICLE,1,707024,Not at intersection,3,60,Arterial Other,BEACH,BAYSIDE,-37.963898,145.01219,2022,2,February,16,Afternoon Peak,Weekend
T20220002487,2022-02-05,15:00:00,1,Collision with vehicle,6,Saturday,169,OTHER ON PATH,1,736866,Not at intersection,1,50,Local Road,SELWYN,BALLARAT,-37.504784,143.80962,2022,2,February,15,Afternoon Peak,Weekend
T20220004426,2022-02-05,09:05:00,1,Collision with vehicle,6,Saturday,130,REAR END(VEHICLES IN SAME LANE),1,705563,T intersection,3,80,Arterial Highway,STUD,KNOX,-37.88233,145.23303,2022,2,February,9,Morning Peak,Weekend
T20220002471,2022-02-05,15:49:00,4,Collision with a fixed object,6,Saturday,171,LEFT OFF CARRIAGEWAY INTO OBJECT/PARKED VEHICLE,1,703730,Not at intersection,3,60,Arterial Highway,EAGLEHAWK,BENDIGO,-36.732185,144.2574,2022,2,February,15,Afternoon Peak,Weekend
T20220002470,2022-02-05,09:53:00,1,Collision with vehicle,6,Saturday,113,RIGHT NEAR (INTERSECTIONS ONLY),1,588185,T intersection,2,70,Arterial Other,BALLARAT,BRIMBANK,-37.77827,144.84048,2022,2,February,9,Morning Peak,Weekend
T20220002469,2022-02-05,12:03:00,1,Collision with vehicle,6,Saturday,147,VEHICLE STRIKES ANOTHER VEH WHILE EMERGING FROM DRIVEWAY,1,704326,Not at intersection,3,100,Arterial Highway,HENTY,HORSHAM,-37.10913,142.18573,2022,2,February,12,Midday,Weekend
T20220002467,2022-02-05,00:48:00,6,Vehicle overturned (no collision),6,Saturday,172,OFF CARRIAGEWAY TO RIGHT,5,715833,Not at intersection,2,100,Arterial Highway,MURRAY VALLEY,MOIRA,-35.995167,145.88388,2022,2,February,0,Late Night,Weekend
T20220002465,2022-02-05,12:30:00,1,Collision with vehicle,6,Saturday,130,REAR END(VEHICLES IN SAME LANE),1,710376,Not at intersection,2,100,Arterial Other,WHITTLESEA-YEA,MURRINDINDI,-37.383644,145.27095,2022,2,February,12,Midday,Weekend
T20220002460,2022-02-05,14:55:00,1,Collision with vehicle,6,Saturday,132,RIGHT REAR.,1,704643,Not at intersection,3,80,Arterial Highway,NEPEAN,KINGSTON,-37.977924,145.06766,2022,2,February,14,Midday,Weekend
T20220002458,2022-02-05,13:30:00,1,Collision with vehicle,6,Saturday,130,REAR END(VEHICLES IN SAME LANE),1,706837,Not at intersection,3,50,Arterial Other,BARRY,HUME,-37.664997,144.93279,2022,2,February,13,Midday,Weekend
T20220002419,2022-02-05,00:26:00,1,Collision with vehicle,6,Saturday,120,HEAD ON (NOT OVERTAKING),5,707617,Not at intersection,2,70,Arterial Highway,WARBURTON,YARRA RANGES,-37.77243,145.41438,2022,2,February,0,Late Night,Weekend
T20220002501,2022-02-05,23:05:00,1,Collision with vehicle,6,Saturday,121,RIGHT THROUGH,3,703850,T intersection,3,80,Arterial Highway,DINGLEY BYPASS -MORNINGTON PENINSULA,KINGSTON,-37.960384,145.11873,2022,2,February,23,Night,Weekend
T20220002799,2022-02-05,17:00:00,8,No collision and no object struck,6,Saturday,184,OUT OF CONTROL ON CARRIAGEWAY (ON BEND),1,704408,T intersection,3,40,Arterial Other,BOGONG HIGH PLAINS,(FALLS CREEK),-36.84205,147.25139,2022,2,February,17,Afternoon Peak,Weekend
T20220002451,2022-02-05,08:34:00,1,Collision with vehicle,6,Saturday,130,REAR END(VEHICLES IN SAME LANE),1,707160,Not at intersection,2,70,Arterial Other,OLD CALDER,BRIMBANK,-37.72563,144.846,2022,2,February,8,Morning Peak,Weekend
T20220002448,2022-02-05,09:15:00,1,Collision with vehicle,6,Saturday,130,REAR END(VEHICLES IN SAME LANE),1,706801,Not at intersection,2,80,Arterial Highway,DINGLEY,KINGSTON,-37.959206,145.11049,2022,2,February,9,Morning Peak,Weekend
T20220002447,2022-02-05,11:34:00,1,Collision with vehicle,6,Saturday,130,REAR END(VEHICLES IN SAME LANE),1,704516,Not at intersection,3,60,Arterial Highway,POINT NEPEAN,MORNINGTON PENINSULA,-38.364765,144.87163,2022,2,February,11,Midday,Weekend
T20220002442,2022-02-05,08:40:00,2,Struck Pedestrian,6,Saturday,100,PED NEAR SIDE. PED HIT BY VEHICLE FROM THE RIGHT.,1,703729,T intersection,3,40,Arterial Other,CENTRE,GLEN EIRA,-37.91804,145.03534,2022,2,February,8,Morning Peak,Weekend
T20220005105,2022-02-05,13:55:00,1,Collision with vehicle,6,Saturday,148,VEHICLE OFF FOOTPATH STRIKES VEH ON CARRIAGEWAY,1,706306,Not at intersection,3,50,Local Road,HOMER,MOONEE VALLEY,-37.76512,144.92238,2022,2,February,13,Midday,Weekend
T20220002425,2022-02-05,02:30:00,3,Struck animal,6,Saturday,167,STRUCK ANIMAL,5,731352,Not at intersection,3,100,Arterial Other,MELTON,MELTON,-37.68499,144.6779,2022,2,February,2,Late Night,Weekend
T20220002439,2022-02-05,09:11:00,1,Collision with vehicle,6,Saturday,130,REAR END(VEHICLES IN SAME LANE),1,714905,Cross intersection,1,70,Arterial Highway,HODDLE,YARRA,-37.79992,144.99298,2022,2,February,9,Morning Peak,Weekend
T20220002437,2022-02-05,08:35:00,1,Collision with vehicle,6,Saturday,114,TWO RIGHT TURNING (INTERSECTIONS ONLY),1,1152,Cross intersection,2,70,Arterial Other,SAYERS,WYNDHAM,-37.853355,144.7389,2022,2,February,8,Morning Peak,Weekend
T20220002436,2022-02-05,09:15:00,1,Collision with vehicle,6,Saturday,160,VEHICLE COLLIDES WITH VEHICLE PARKED ON LEFT OF ROAD,1,731353,Not at intersection,3,50,Local Road,WOODBINE,KINGSTON,-38.05328,145.12323,2022,2,February,9,Morning Peak,Weekend
T20220002434,2022-02-05,08:40:00,1,Collision with vehicle,6,Saturday,121,RIGHT THROUGH,1,704515,T intersection,2,60,Local Road,MENZIES,HUME,-37.56717,144.72484,2022,2,February,8,Morning Peak,Weekend
T20220002672,2022-02-06,16:00:00,1,Collision with vehicle,7,Sunday,130,REAR END(VEHICLES IN SAME LANE),1,708843,Not at intersection,3,70,Arterial Other,CHILDS,WHITTLESEA,-37.65998,145.02208,2022,2,February,16,Afternoon Peak,Weekend
T20220002569,2022-02-06,21:40:00,1,Collision with vehicle,7,Sunday,110,CROSS TRAFFIC(INTERSECTIONS ONLY),2,61054,Cross intersection,2,60,Local Road,BIRDWOOD,BALLARAT,-37.597706,143.8315,2022,2,February,21,Night,Weekend
T20220003392,2022-02-06,16:40:00,1,Collision with vehicle,7,Sunday,121,RIGHT THROUGH,1,776728,T intersection,3,60,Local Road,SANCTUARY LAKES EAST,WYNDHAM,-37.9019,144.77946,2022,2,February,16,Afternoon Peak,Weekend
T20220002622,2022-02-06,18:28:00,1,Collision with vehicle,7,Sunday,130,REAR END(VEHICLES IN SAME LANE),1,681617,Not at intersection,2,100,Freeway,PRINCES,WYNDHAM,-37.841763,144.79086,2022,2,February,18,Afternoon Peak,Weekend
T20220002618,2022-02-06,11:20:00,8,No collision and no object struck,7,Sunday,174,OUT OF CONTROL ON CARRIAGEWAY (ON STRAIGHT),1,704396,Not at intersection,2,60,Local Road,MANUKA,CASEY,-38.02936,145.36609,2022,2,February,11,Midday,Weekend
T20220002611,2022-02-06,11:50:00,1,Collision with vehicle,7,Sunday,130,REAR END(VEHICLES IN SAME LANE),1,710527,Not at intersection,3,80,Freeway,PENINSULA LINK,FRANKSTON,-38.148445,145.17224,2022,2,February,11,Midday,Weekend
T20220004807,2022-02-06,18:30:00,1,Collision with vehicle,7,Sunday,140,U TURN,1,706116,Not at intersection,3,100,Local Road,CRUSOE,BENDIGO,-36.814552,144.23149,2022,2,February,18,Afternoon Peak,Weekend
T20220005206,2022-02-06,00:30:00,4,Collision with a fixed object,7,Sunday,171,LEFT OFF CARRIAGEWAY INTO OBJECT/PARKED VEHICLE,3,720010,Not at intersection,3,100,Freeway,MORNINGTON PENINSULA,MORNINGTON PENINSULA,-38.301567,145.03082,2022,2,February,0,Late Night,Weekend
T20220025832,2022-02-06,15:30:00,1,Collision with vehicle,7,Sunday,130,REAR END(VEHICLES IN SAME LANE),1,736100,Cross intersection,3,80,Local Road,ARTHURS CREEK,WHITTLESEA,-37.57087,145.12236,2022,2,February,15,Afternoon Peak,Weekend
T20220005353,2022-02-06,18:00:00,8,No collision and no object struck,7,Sunday,180,OFF CARRIAGEWAY ON RIGHT BEND,1,706440,Not at intersection,3,100,Arterial Other,GEMBROOK-LAUNCHING PLACE,CARDINIA,-37.909363,145.58897,2022,2,February,18,Afternoon Peak,Weekend
T20220003295,2022-02-06,14:05:00,1,Collision with vehicle,7,Sunday,121,RIGHT THROUGH,1,41373,T intersection,2,60,Arterial Other,NEERIM,GLEN EIRA,-37.88685,145.04276,2022,2,February,14,Midday,Weekend
T20220003567,2022-02-06,02:30:00,1,Collision with vehicle,7,Sunday,130,REAR END(VEHICLES IN SAME LANE),5,730312,Not at intersection,3,80,Freeway,PRINCES,CARDINIA,-38.07287,145.66498,2022,2,February,2,Late Night,Weekend
T20220003220,2022-02-06,07:30:00,1,Collision with vehicle,7,Sunday,130,REAR END(VEHICLES IN SAME LANE),1,715297,Not at intersection,3,60,Arterial Other,GORDON,MARIBYRNONG,-37.79106,144.88953,2022,2,February,7,Morning Peak,Weekend
T20220005780,2022-02-06,11:57:00,1,Collision with vehicle,7,Sunday,130,REAR END(VEHICLES IN SAME LANE),1,715146,Not at intersection,3,70,Arterial Highway,HODDLE,YARRA,-37.8024,144.99255,2022,2,February,11,Midday,Weekend
T20220003082,2022-02-06,12:30:00,8,No collision and no object struck,7,Sunday,180,OFF CARRIAGEWAY ON RIGHT BEND,1,704550,Not at intersection,3,80,Arterial Other,GEMBROOK-LAUNCHING PLACE,CARDINIA,-37.908157,145.59106,2022,2,February,12,Midday,Weekend
T20220002958,2022-02-06,15:00:00,6,Vehicle overturned (no collision),7,Sunday,184,OUT OF CONTROL ON CARRIAGEWAY (ON BEND),1,704543,Not at intersection,3,100,Local Road,FOREST,BAW BAW,-38.01907,145.81613,2022,2,February,15,Afternoon Peak,Weekend
T20220003772,2022-02-06,12:00:00,8,No collision and no object struck,7,Sunday,170,OFF CARRIAGEWAY TO LEFT,1,731395,Not at intersection,3,80,Arterial Other,WOODS POINT,MURRINDINDI,-37.51396,145.75584,2022,2,February,12,Midday,Weekend
T20220002909,2022-02-06,08:45:00,4,Collision with a fixed object,7,Sunday,181,OFF RIGHT BEND INTO OBJECT/PARKED VEHICLE,1,707478,Not at intersection,2,80,Arterial Other,YARRA JUNCTION-NOOJEE,BAW BAW,-37.889835,145.93066,2022,2,February,8,Morning Peak,Weekend
T20220002842,2022-02-06,18:45:00,1,Collision with vehicle,7,Sunday,130,REAR END(VEHICLES IN SAME LANE),1,704535,Not at intersection,3,70,Arterial Highway,PUNT,MELBOURNE,-37.822697,144.98917,2022,2,February,18,Afternoon Peak,Weekend
T20220002807,2022-02-06,13:30:00,1,Collision with vehicle,7,Sunday,149,OTHER MANOEUVRING NOT INCLUDED IN DCAs 140-148,1,745367,Not at intersection,3,80,Arterial Highway,DANDENONG,STONNINGTON,-37.88601,145.07532,2022,2,February,13,Midday,Weekend