ACCIDENT_NO,ACCIDENT_DATE,ACCIDENT_TIME,ACCIDENT_TYPE,ACCIDENT_TYPE_DESC,DAY_OF_WEEK,DAY_WEEK_DESC,DCA_CODE,DCA_DESC,LIGHT_CONDITION,NODE_ID,ROAD_GEOMETRY_DESC,SEVERITY,SPEED_ZONE,RMA,ROAD_NAME,LGA_NAME,LATITUDE,LONGITUDE,YEAR,MONTH,MONTH_NAME,HOUR,TIME_PERIOD,DAY_TYPE
T20220002577,2022-02-06,22:45:00,1,Collision with vehicle,7,Sunday,130,REAR END(VEHICLES IN SAME LANE),5,703779,Not at intersection,1,100,Freeway,WESTERN,MELTON,-37.74947,144.71819,2022,2,February,22,Night,Weekend
T20220002576,2022-02-06,13:15:00,1,Collision with vehicle,7,Sunday,130,REAR END(VEHICLES IN SAME LANE),1,704392,Not at intersection,2,80,Freeway,CITYLINK,MOONEE VALLEY,-37.743607,144.93379,2022,2,February,13,Midday,Weekend
T20220002575,2022-02-06,00:05:00,5,collision with some other object,7,Sunday,173,RIGHT OFF CARRIAGEWAY INTO OBJECT/PARKED VEHICLE,5,708228,Not at intersection,3,40,Local Road,BOUNDARY,MELTON,-37.805786,144.70264,2022,2,February,0,Late Night,Weekend
T20220002572,2022-02-06,16:57:00,1,Collision with vehicle,7,Sunday,120,HEAD ON (NOT OVERTAKING),1,705899,Not at intersection,1,100,Arterial Highway,MELBA,MURRINDINDI,-37.356792,145.46246,2022,2,February,16,Afternoon Peak,Weekend
T20220002568,2022-02-06,21:10:00,1,Collision with vehicle,7,Sunday,134,LANE CHANGE RIGHT (NOT OVERTAKING),3,704644,Not at intersection,3,60,Arterial Highway,BULLEEN,MANNINGHAM,-37.76239,145.0832,2022,2,February,21,Night,Weekend
T20220002566,2022-02-06,19:17:00,1,Collision with vehicle,7,Sunday,130,REAR END(VEHICLES IN SAME LANE),1,706200,Not at intersection,3,50,Local Road,DOVETON,CASEY,-38.003067,145.24925,2022,2,February,19,Night,Weekend
T20220002558,2022-02-06,17:36:00,4,Collision with a fixed object,7,Sunday,171,LEFT OFF CARRIAGEWAY INTO OBJECT/PARKED VEHICLE,1,731598,Not at intersection,2,60,Arterial Other,EMERALD-MONBULK,YARRA RANGES,-37.88321,145.41382,2022,2,February,17,Afternoon Peak,Weekend
T20220002557,2022-02-06,15:40:00,1,Collision with vehicle,7,Sunday,130,REAR END(VEHICLES IN SAME LANE),1,349924,Cross intersection,3,60,Arterial Highway,CENTRE,DANDENONG,-37.933105,145.15572,2022,2,February,15,Afternoon Peak,Weekend
T20220002550,2022-02-06,15:00:00,1,Collision with vehicle,7,Sunday,132,RIGHT REAR.,1,45515,Cross intersection,2,80,Arterial Other,DIGGERS REST-COIMADAI,MELTON,-37.61198,144.56818,2022,2,February,15,Afternoon Peak,Weekend
T20220002547,2022-02-06,09:20:00,4,Collision with a fixed object,7,Sunday,181,OFF RIGHT BEND INTO OBJECT/PARKED VEHICLE,1,705810,Not at intersection,3,100,Arterial Other,WESTERNPORT,BAW BAW,-38.2077,145.75136,2022,2,February,9,Morning Peak,Weekend
T20220002543,2022-02-06,14:00:00,1,Collision with vehicle,7,Sunday,130,REAR END(VEHICLES IN SAME LANE),1,49855,T intersection,3,40,Arterial Other,SHANNON,GEELONG,-38.134888,144.3375,2022,2,February,14,Midday,Weekend
T20220002542,2022-02-06,10:46:00,4,Collision with a fixed object,7,Sunday,173,RIGHT OFF CARRIAGEWAY INTO OBJECT/PARKED VEHICLE,1,109432,T intersection,3,50,Local Road,ELDER,BANYULE,-37.714016,145.08943,2022,2,February,10,Midday,Weekend
T20220002541,2022-02-06,12:50:00,4,Collision with a fixed object,7,Sunday,171,LEFT OFF CARRIAGEWAY INTO OBJECT/PARKED VEHICLE,1,743051,Not at intersection,2,60,Arterial Other,OLD GEELONG,HOBSONS BAY,-37.846443,144.77832,2022,2,February,12,Midday,Weekend
T20220002536,2022-02-06,11:44:00,6,Vehicle overturned (no collision),7,Sunday,174,OUT OF CONTROL ON CARRIAGEWAY (ON STRAIGHT),1,708842,Not at intersection,2,40,Local Road,THE BOULEVARD,PORT PHILLIP,-37.839146,144.92357,2022,2,February,11,Midday,Weekend
T20220002532,2022-02-06,12:19:00,1,Collision with vehicle,7,Sunday,111,RIGHT FAR (INTERSECTIONS ONLY),1,47258,T intersection,2,60,Arterial Other,MIDDLEBOROUGH,WHITEHORSE,-37.800854,145.14204,2022,2,February,12,Midday,Weekend
T20220002529,2022-02-06,11:55:00,1,Collision with vehicle,7,Sunday,121,RIGHT THROUGH,1,57862,Multiple intersection,3,60,Freeway,HIGH STREET -LINCOLN,WODONGA,-36.11031,146.89359,2022,2,February,11,Midday,Weekend
T20220002528,2022-02-06,08:55:00,4,Collision with a fixed object,7,Sunday,181,OFF RIGHT BEND INTO OBJECT/PARKED VEHICLE,1,704577,Not at intersection,3,70,Local Road,MACCLESFIELD,YARRA RANGES,-37.89819,145.47054,2022,2,February,8,Morning Peak,Weekend
T20220002527,2022-02-06,11:00:00,1,Collision with vehicle,7,Sunday,110,CROSS TRAFFIC(INTERSECTIONS ONLY),1,35794,Cross intersection,3,60,Arterial Highway,RAGLAN,WARRNAMBOOL,-38.38395,142.49258,2022,2,February,11,Midday,Weekend
T20220002523,2022-02-06,09:02:00,3,Struck animal,7,Sunday,167,STRUCK ANIMAL,1,706838,Not at intersection,3,60,Local Road,BUTTERMANS,NILLUMBIK,-37.6063,145.30257,2022,2,February,9,Morning Peak,Weekend
T20220002517,2022-02-06,03:47:00,6,Vehicle overturned (no collision),7,Sunday,180,OFF CARRIAGEWAY ON RIGHT BEND,5,705750,Not at intersection,2,50,Local Road,PALMER,MACEDON RANGES,-37.306503,144.5906,2022,2,February,3,Late Night,Weekend
T20220002515,2022-02-06,03:10:00,1,Collision with vehicle,7,Sunday,160,VEHICLE COLLIDES WITH VEHICLE PARKED ON LEFT OF ROAD,3,709371,Not at intersection,3,50,Local Road,MERIVALE,WYNDHAM,-37.840054,144.71106,2022,2,February,3,Late Night,Weekend
T20220002514,2022-02-06,04:00:00,4,Collision with a fixed object,7,Sunday,173,RIGHT OFF CARRIAGEWAY INTO OBJECT/PARKED VEHICLE,3,708512,Not at intersection,3,60,Arterial Other,COMMERCIAL,MELBOURNE,-37.84535,144.98247,2022,2,February,4,Late Night,Weekend
T20220002506,2022-02-06,00:30:00,1,Collision with vehicle,7,Sunday,130,REAR END(VEHICLES IN SAME LANE),3,711179,Not at intersection,3,60,Arterial Highway,QUEENS,PORT PHILLIP,-37.837093,144.97345,2022,2,February,0,Late Night,Weekend
T20220002587,2022-02-07,06:01:00,1,Collision with vehicle,1,Monday,121,RIGHT THROUGH,2,863,Cross intersection,3,60,Arterial Highway,BELL,MORELAND,-37.741314,144.9666,2022,2,February,6,Morning Peak,Weekday
T20220002830,2022-02-07,12:10:00,1,Collision with vehicle,1,Monday,110,CROSS TRAFFIC(INTERSECTIONS ONLY),1,22,Cross intersection,3,40,Arterial Other,HARKER,MELBOURNE,-37.796597,144.9512,2022,2,February,12,Midday,Weekday
T20220002819,2022-02-07,13:30:00,6,Vehicle overturned (no collision),1,Monday,174,OUT OF CONTROL ON CARRIAGEWAY (ON STRAIGHT),1,704531,Not at intersection,3,60,Local Road,GLENLYON,MORELAND,-37.772095,144.96626,2022,2,February,13,Midday,Weekday
T20220002636,2022-02-07,10:33:00,1,Collision with vehicle,1,Monday,135,LANE CHANGE LEFT (NOT OVERTAKING),1,63077,T intersection,3,70,Arterial Other,WOODLAND,MOONEE VALLEY,-37.741302,144.90808,2022,2,February,10,Midday,Weekday
T20220003688,2022-02-07,17:50:00,1,Collision with vehicle,1,Monday,130,REAR END(VEHICLES IN SAME LANE),1,704914,Not at intersection,3,80,Freeway,WESTERN RING OUT-PASCOE VALE,HUME,-37.693676,144.91136,2022,2,February,17,Afternoon Peak,Weekday
T20220002670,2022-02-07,21:00:00,1,Collision with vehicle,1,Monday,110,CROSS TRAFFIC(INTERSECTIONS ONLY),3,29372,Cross intersection,2,60,Arterial Highway,RACECOURSE,MELBOURNE,-37.789406,144.94217,2022,2,February,21,Night,Weekday
T20220002671,2022-02-07,21:07:00,1,Collision with vehicle,1,Monday,121,RIGHT THROUGH,3,41843,Cross intersection,3,60,Arterial Other,HIGH STREET,MONASH,-37.876457,145.18587,2022,2,February,21,Night,Weekday
T20220002679,2022-02-07,13:36:00,1,Collision with vehicle,1,Monday,130,REAR END(VEHICLES IN SAME LANE),1,707480,Not at intersection,3,40,Arterial Other,HOPKINS,MELTON,-37.752625,144.70384,2022,2,February,13,Midday,Weekday
T20220002654,2022-02-07,17:23:00,1,Collision with vehicle,1,Monday,111,RIGHT FAR (INTERSECTIONS ONLY),1,42680,T intersection,3,80,Arterial Other,WELLINGTON,YARRA RANGES,-37.961178,145.36115,2022,2,February,17,Afternoon Peak,Weekday
T20220002677,2022-02-07,19:38:00,8,No collision and no object struck,1,Monday,174,OUT OF CONTROL ON CARRIAGEWAY (ON STRAIGHT),1,731360,Not at intersection,2,80,Arterial Other,MELTON,MELTON,-37.69205,144.74406,2022,2,February,19,Night,Weekday
T20220002673,2022-02-07,17:11:00,1,Collision with vehicle,1,Monday,130,REAR END(VEHICLES IN SAME LANE),1,704402,Not at intersection,3,100,Freeway,WESTERN RING,HUME,-37.694183,144.9247,2022,2,February,17,Afternoon Peak,Weekday
T20220003163,2022-02-07,06:00:00,1,Collision with vehicle,1,Monday,113,RIGHT NEAR (INTERSECTIONS ONLY),2,707062,T intersection,3,50,Local Road,STREETON,MANNINGHAM,-37.778095,145.1689,2022,2,February,6,Morning Peak,Weekday
T20220002595,2022-02-07,08:10:00,2,Struck Pedestrian,1,Monday,100,PED NEAR SIDE. PED HIT BY VEHICLE FROM THE RIGHT.,1,706901,Cross intersection,3,60,Arterial Highway,RAGLAN,WARRNAMBOOL,-38.380596,142.48605,2022,2,February,8,Morning Peak,Weekday
T20220002591,2022-02-07,08:30:00,4,Collision with a fixed object,1,Monday,146,REVERSING INTO FIXED OBJECT/PARKED VEHICLE,1,706260,Not at intersection,3,50,Local Road,APPIN,WANGARATTA,-36.348225,146.29988,2022,2,February,8,Morning Peak,Weekday
T20220002727,2022-02-07,18:25:00,8,No collision and no object struck,1,Monday,174,OUT OF CONTROL ON CARRIAGEWAY (ON STRAIGHT),1,36851,Cross intersection,3,40,Local Road,LITTLE BOURKE,MELBOURNE,-37.814693,144.95776,2022,2,February,18,Afternoon Peak,Weekday
T20220002603,2022-02-07,09:20:00,1,Collision with vehicle,1,Monday,121,RIGHT THROUGH,1,704393,T intersection,2,70,Arterial Other,EAST BOUNDARY,GLEN EIRA,-37.9279,145.05783,2022,2,February,9,Morning Peak,Weekday
T20220002668,2022-02-07,18:18:00,6,Vehicle overturned (no collision),1,Monday,184,OUT OF CONTROL ON CARRIAGEWAY (ON BEND),1,704401,Not at intersection,3,60,Arterial Other,ORFORD,MOONEE VALLEY,-37.766884,144.90477,2022,2,February,18,Afternoon Peak,Weekday
T20220002702,2022-02-07,20:00:00,4,Collision with a fixed object,1,Monday,181,OFF RIGHT BEND INTO OBJECT/PARKED VEHICLE,2,723117,Not at intersection,3,60,Local Road,MYERS CREEK,YARRA RANGES,-37.602345,145.51859,2022,2,February,20,Night,Weekday
T20220002633,2022-02-07,13:46:00,4,Collision with a fixed object,1,Monday,173,RIGHT OFF CARRIAGEWAY INTO OBJECT/PARKED VEHICLE,1,705509,Not at intersection,3,80,Arterial Other,BALLAN-DAYLESFORD,MOORABOOL,-37.451073,144.13419,2022,2,February,13,Midday,Weekday
T20220002630,2022-02-07,12:59:00,1,Collision with vehicle,1,Monday,148,VEHICLE OFF FOOTPATH STRIKES VEH ON CARRIAGEWAY,1,44640,T intersection,3,40,Local Road,HARGREAVES,BENDIGO,-36.7594,144.2811,2022,2,February,12,Midday,Weekday
T20220002663,2022-02-07,18:00:00,1,Collision with vehicle,1,Monday,113,RIGHT NEAR (INTERSECTIONS ONLY),1,57391,Cross intersection,2,60,Arterial Other,SYDNEY,MORELAND,-37.73399,144.96535,2022,2,February,18,Afternoon Peak,Weekday
T20220002628,2022-02-07,13:25:00,1,Collision with vehicle,1,Monday,132,RIGHT REAR.,1,74044,T intersection,2,100,Arterial Other,HYLAND,WELLINGTON,-38.473278,146.71698,2022,2,February,13,Midday,Weekday
T20220002657,2022-02-07,17:05:00,4,Collision with a fixed object,1,Monday,183,OFF LEFT BEND INTO OBJECT/PARKED VEHICLE,1,705814,Not at intersection,2,100,Local Road,OLD BEENAK,YARRA RANGES,-37.85471,145.54016,2022,2,February,17,Afternoon Peak,Weekday
T20220002986,2022-02-07,13:00:00,6,Vehicle overturned (no collision),1,Monday,174,OUT OF CONTROL ON CARRIAGEWAY (ON STRAIGHT),1,705813,Y intersection,3,60,Local Road,GILLESPIES,MOORABOOL,-37.60953,144.24022,2022,2,February,13,Midday,Weekday
T20220002626,2022-02-07,13:40:00,1,Collision with vehicle,1,Monday,140,U TURN,1,704442,Not at intersection,2,60,Arterial Highway,ROUGHEAD,SOUTH GIPPSLAND,-38.474644,145.9481,2022,2,February,13,Midday,Weekday
T20220002624,2022-02-07,12:58:00,1,Collision with vehicle,1,Monday,130,REAR END(VEHICLES IN SAME LANE),1,704519,Not at intersection,2,80,Arterial Other,SUNSHINE,BRIMBANK,-37.70872,144.80383,2022,2,February,12,Midday,Weekday
T20220002686,2022-02-07,09:15:00,2,Struck Pedestrian,1,Monday,102,FAR SIDE. PED HIT BY VEHICLE FROM THE LEFT,1,705548,Not at intersection,3,40,Local Road,HIGH,DAREBIN,-37.72864,145.00565,2022,2,February,9,Morning Peak,Weekday
T20220002683,2022-02-07,11:00:00,6,Vehicle overturned (no collision),1,Monday,170,OFF CARRIAGEWAY TO LEFT,9,38380,T intersection,3,40,Local Road,DAREBIN,WHITTLESEA,-37.677605,145.03592,2022,2,February,11,Midday,Weekday
T20220002675,2022-02-07,15:30:00,1,Collision with vehicle,1,Monday,130,REAR END(VEHICLES IN SAME LANE),1,672145,Not at intersection,3,80,Local Road,BUNGOWER,MORNINGTON PENINSULA,-38.231075,145.09517,2022,2,February,15,Afternoon Peak,Weekday
T20220002598,2022-02-07,07:44:00,4,Collision with a fixed object,1,Monday,171,LEFT OFF CARRIAGEWAY INTO OBJECT/PARKED VEHICLE,1,704948,Not at intersection,2,60,Local Road,KARADOC,MILDURA,-34.23782,142.15813,2022,2,February,7,Morning Peak,Weekday
T20220002652,2022-02-07,17:30:00,6,Vehicle overturned (no collision),1,Monday,151,OUT OF CONTROL (OVERTAKING),1,704520,Not at intersection,3,80,Arterial Other,TAWONGA GAP,ALPINE,-36.72433,147.12985,2022,2,February,17,Afternoon Peak,Weekday
T20220004164,2022-02-07,15:40:00,1,Collision with vehicle,1,Monday,130,REAR END(VEHICLES IN SAME LANE),1,711140,Not at intersection,3,60,Arterial Other,DERRIMUT,WYNDHAM,-37.862312,144.68562,2022,2,February,15,Afternoon Peak,Weekday
T20220002616,2022-02-07,12:29:00,1,Collision with vehicle,1,Monday,121,RIGHT THROUGH,1,701159,T intersection,2,80,Arterial Highway,PRINCES,DANDENONG,-37.93809,145.162,2022,2,February,12,Midday,Weekday
T20220002589,2022-02-07,07:03:00,2,Struck Pedestrian,1,Monday,102,FAR SIDE. PED HIT BY VEHICLE FROM THE LEFT,1,706778,Not at intersection,2,40,Local Road,ALBERT,LATROBE,-38.17473,146.26158,2022,2,February,7,Morning Peak,Weekday
T20220002639,2022-02-07,14:55:00,1,Collision with vehicle,1,Monday,130,REAR END(VEHICLES IN SAME LANE),1,713993,Not at intersection,3,40,Arterial Highway,MURRAY VALLEY,CAMPASPE,-36.170074,144.81485,2022,2,February,14,Midday,Weekday
T20220002614,2022-02-07,07:53:00,1,Collision with vehicle,1,Monday,130,REAR END(VEHICLES IN SAME LANE),1,705462,Not at intersection,3,60,Arterial Other,CORDITE,MARIBYRNONG,-37.7691,144.87895,2022,2,February,7,Morning Peak,Weekday
T20220002653,2022-02-07,13:00:00,4,Collision with a fixed object,1,Monday,171,LEFT OFF CARRIAGEWAY INTO OBJECT/PARKED VEHICLE,1,705806,Not at intersection,2,100,Arterial Highway,MURRAY VALLEY,GANNAWARRA,-35.86714,144.30334,2022,2,February,13,Midday,Weekday
T20220002635,2022-02-07,12:27:00,1,Collision with vehicle,1,Monday,130,REAR END(VEHICLES IN SAME LANE),1,704399,Not at intersection,3,70,Arterial Other,BALLARAT,BRIMBANK,-37.776794,144.82558,2022,2,February,12,Midday,Weekday
T20220006921,2022-02-07,15:09:00,1,Collision with vehicle,1,Monday,147,VEHICLE STRIKES ANOTHER VEH WHILE EMERGING FROM DRIVEWAY,1,711061,Not at intersection,3,40,Arterial Other,PASCOE VALE,MORELAND,-37.701916,144.91516,2022,2,February,15,Afternoon Peak,Weekday
T20220003579,2022-02-07,15:50:00,1,Collision with vehicle,1,Monday,121,RIGHT THROUGH,1,738338,Not at intersection,3,60,Arterial Other,ANAKIE,GEELONG,-38.09696,144.33418,2022,2,February,15,Afternoon Peak,Weekday
T20220013499,2022-02-07,11:40:00,1,Collision with vehicle,1,Monday,147,VEHICLE STRIKES ANOTHER VEH WHILE EMERGING FROM DRIVEWAY,9,721787,Not at intersection,3,50,Local Road,BALMORAL,DANDENONG,-37.996883,145.22302,2022,2,February,11,Midday,Weekday
T20220002847,2022-02-07,07:45:00,1,Collision with vehicle,1,Monday,130,REAR END(VEHICLES IN SAME LANE),1,707481,Not at intersection,3,60,Arterial Highway,GEELONG,HOBSONS BAY,-37.82064,144.83524,2022,2,February,7,Morning Peak,Weekday
T20220005397,2022-02-07,08:42:00,1,Collision with vehicle,1,Monday,132,RIGHT REAR.,1,779148,Not at intersection,3,60,Local Road,SPRINGFIELD,WHITEHORSE,-37.8093,145.18494,2022,2,February,8,Morning Peak,Weekday
T20220002601,2022-02-07,09:00:00,1,Collision with vehicle,1,Monday,147,VEHICLE STRIKES ANOTHER VEH WHILE EMERGING FROM DRIVEWAY,1,707673,Not at intersection,2,50,Local Road,GLADSTONE,DANDENONG,-37.974617,145.20396,2022,2,February,9,Morning Peak,Weekday
T20220003245,2022-02-08,07:58:00,1,Collision with vehicle,2,Tuesday,121,RIGHT THROUGH,1,706473,Not at intersection,3,50,Local Road,RESEARCH,MAROONDAH,-37.81672,145.29391,2022,2,February,7,Morning Peak,Weekday
T20220003155,2022-02-08,07:25:00,1,Collision with vehicle,2,Tuesday,110,CROSS TRAFFIC(INTERSECTIONS ONLY),1,246837,Cross intersection,3,80,Arterial Highway,STURT,MILDURA,-34.215748,142.01749,2022,2,February,7,Morning Peak,Weekday
T20220002789,2022-02-08,10:55:00,2,Struck Pedestrian,2,Tuesday,108,PED STRUCK WALKING TO/FROM OR BOARDING/ALIGHTING VEHICLE.,1,708229,Not at intersection,3,60,Arterial Other,TOORAK,STONNINGTON,-37.842422,145.02017,2022,2,February,10,Midday,Weekday
T20220002740,2022-02-08,17:57:00,1,Collision with vehicle,2,Tuesday,130,REAR END(VEHICLES IN SAME LANE),1,773143,Not at intersection,3,50,Local Road,FULHAM,KNOX,-37.918648,145.2386,2022,2,February,17,Afternoon Peak,Weekday
T20220002743,2022-02-08,16:32:00,4,Collision with a fixed object,2,Tuesday,171,LEFT OFF CARRIAGEWAY INTO OBJECT/PARKED VEHICLE,1,706895,Not at intersection,2,50,Local Road,KENNINGTON PARK,CASEY,-37.967415,145.24721,2022,2,February,16,Afternoon Peak,Weekday
T20220002690,2022-02-08,07:30:00,1,Collision with vehicle,2,Tuesday,121,RIGHT THROUGH,1,65831,Cross intersection,2,40,Arterial Other,KING,MELBOURNE,-37.812466,144.95392,2022,2,February,7,Morning Peak,Weekday
T20220005284,2022-02-08,13:30:00,8,No collision and no object struck,2,Tuesday,174,OUT OF CONTROL ON CARRIAGEWAY (ON STRAIGHT),1,706312,T intersection,3,60,Arterial Other,HIGH,MACEDON RANGES,-37.360577,144.52722,2022,2,February,13,Midday,Weekday
T20220002798,2022-02-08,14:55:00,1,Collision with vehicle,2,Tuesday,135,LANE CHANGE LEFT (NOT OVERTAKING),1,53347,Not at intersection,3,70,Arterial Highway,SPRINGVALE,MONASH,-37.87721,145.16629,2022,2,February,14,Midday,Weekday
T20220002763,2022-02-08,21:10:00,5,collision with some other object,2,Tuesday,166,STRUCK OBJECT ON CARRIAGEWAY,3,704406,T intersection,2,80,Arterial Highway,BURWOOD,KNOX,-37.885983,145.28412,2022,2,February,21,Night,Weekday
T20220002756,2022-02-08,18:30:00,1,Collision with vehicle,2,Tuesday,135,LANE CHANGE LEFT (NOT OVERTAKING),1,707161,Not at intersection,2,70,Arterial Other,SYDNEY,HUME,-37.669018,144.95502,2022,2,February,18,Afternoon Peak,Weekday
T20220002754,2022-02-08,14:30:00,1,Collision with vehicle,2,Tuesday,110,CROSS TRAFFIC(INTERSECTIONS ONLY),1,41345,Cross intersection,3,50,Local Road,MCKINNON,GLEN EIRA,-37.910507,145.0336,2022,2,February,14,Midday,Weekday
T20220002748,2022-02-08,16:59:00,4,Collision with a fixed object,2,Tuesday,171,LEFT OFF CARRIAGEWAY INTO OBJECT/PARKED VEHICLE,1,706061,Not at intersection,2,70,Arterial Other,YAN YEAN,NILLUMBIK,-37.665863,145.12422,2022,2,February,16,Afternoon Peak,Weekday
T20220005260,2022-02-08,15:25:00,1,Collision with vehicle,2,Tuesday,111,RIGHT FAR (INTERSECTIONS ONLY),1,452,Multiple intersection,3,80,Arterial Highway,GEELONG,MARIBYRNONG,-37.811073,144.86969,2022,2,February,15,Afternoon Peak,Weekday
T20220005854,2022-02-08,20:15:00,6,Vehicle overturned (no collision),2,Tuesday,180,OFF CARRIAGEWAY ON RIGHT BEND,9,707588,Not at intersection,3,100,Arterial Other,BEECHWORTH-WODONGA,WODONGA,-36.246746,146.82202,2022,2,February,20,Night,Weekday
T20220002813,2022-02-08,16:46:00,2,Struck Pedestrian,2,Tuesday,103,PED PLAYING/LYING/WORKING/STANDING ON CARRIAGEWAY.,1,708984,Not at intersection,3,70,Arterial Other,MAHONEYS,DAREBIN,-37.694176,145.0038,2022,2,February,16,Afternoon Peak,Weekday
T20220002785,2022-02-08,14:35:00,1,Collision with vehicle,2,Tuesday,160,VEHICLE COLLIDES WITH VEHICLE PARKED ON LEFT OF ROAD,1,731364,Not at intersection,3,50,Local Road,WILLIAMS,MILDURA,-34.204586,142.14081,2022,2,February,14,Midday,Weekday
T20220002776,2022-02-08,18:20:00,1,Collision with vehicle,2,Tuesday,110,CROSS TRAFFIC(INTERSECTIONS ONLY),1,39884,Cross intersection,3,60,Arterial Other,CENTRAL,HOBSONS BAY,-37.871548,144.77756,2022,2,February,18,Afternoon Peak,Weekday
T20220002774,2022-02-08,18:30:00,1,Collision with vehicle,2,Tuesday,142,LEAVING PARKING,1,4434,Not at intersection,2,40,Arterial Other,YARRA,YARRA,-37.8229,145.01407,2022,2,February,18,Afternoon Peak,Weekday
T20220002773,2022-02-08,20:15:00,1,Collision with vehicle,2,Tuesday,130,REAR END(VEHICLES IN SAME LANE),2,710164,Not at intersection,2,80,Arterial Highway,PRINCES,CASEY,-38.004818,145.26251,2022,2,February,20,Night,Weekday
T20220002772,2022-02-08,18:00:00,1,Collision with vehicle,2,Tuesday,169,OTHER ON PATH,1,757204,Not at intersection,2,50,Local Road,MACKINTOSH,MONASH,-37.895473,145.17604,2022,2,February,18,Afternoon Peak,Weekday
T20220002770,2022-02-08,17:35:00,1,Collision with vehicle,2,Tuesday,130,REAR END(VEHICLES IN SAME LANE),1,704647,T intersection,3,50,Local Road,GLENLYON,MORELAND,-37.77179,144.96347,2022,2,February,17,Afternoon Peak,Weekday
T20220002769,2022-02-08,21:00:00,2,Struck Pedestrian,2,Tuesday,100,PED NEAR SIDE. PED HIT BY VEHICLE FROM THE RIGHT.,3,720035,Not at intersection,2,60,Arterial Other,POINT COOK,HOBSONS BAY,-37.88579,144.75624,2022,2,February,21,Night,Weekday
T20220009895,2022-02-08,03:45:00,1,Collision with vehicle,2,Tuesday,130,REAR END(VEHICLES IN SAME LANE),9,712490,Not at intersection,3,80,Arterial Other,BERWICK-CRANBOURNE,CASEY,-38.08842,145.33305,2022,2,February,3,Late Night,Weekday
T20220005943,2022-02-08,15:30:00,4,Collision with a fixed object,2,Tuesday,171,LEFT OFF CARRIAGEWAY INTO OBJECT/PARKED VEHICLE,1,707535,Not at intersection,3,100,Local Road,KYABRAM-COOMA,SHEPPARTON,-36.408146,145.0682,2022,2,February,15,Afternoon Peak,Weekday
T20220002747,2022-02-08,17:15:00,1,Collision with vehicle,2,Tuesday,130,REAR END(VEHICLES IN SAME LANE),1,731363,Not at intersection,2,50,Local Road,MAFFRA,HUME,-37.665634,144.94247,2022,2,February,17,Afternoon Peak,Weekday
T20220002836,2022-02-08,08:45:00,1,Collision with vehicle,2,Tuesday,130,REAR END(VEHICLES IN SAME LANE),1,44068,T intersection,3,60,Local Road,HIGH,DAREBIN,-37.73138,145.00514,2022,2,February,8,Morning Peak,Weekday
T20220002762,2022-02-08,18:40:00,1,Collision with vehicle,2,Tuesday,121,RIGHT THROUGH,1,29616,Cross intersection,2,60,Arterial Highway,TOORAK,BOROONDARA,-37.849434,145.08708,2022,2,February,18,Afternoon Peak,Weekday
T20220002689,2022-02-08,08:05:00,1,Collision with vehicle,2,Tuesday,121,RIGHT THROUGH,1,36772,T intersection,2,60,Arterial Other,STUDLEY PARK,BOROONDARA,-37.806747,145.02,2022,2,February,8,Morning Peak,Weekday
T20220002860,2022-02-08,23:20:00,1,Collision with vehicle,2,Tuesday,121,RIGHT THROUGH,3,61041,Cross intersection,3,60,Arterial Other,PLENTY,WHITTLESEA,-37.600636,145.09573,2022,2,February,23,Night,Weekday
T20220002893,2022-02-08,17:10:00,1,Collision with vehicle,2,Tuesday,130,REAR END(VEHICLES IN SAME LANE),9,711044,Not at intersection,3,100,Freeway,WESTERN RING,BRIMBANK,-37.800674,144.79819,2022,2,February,17,Afternoon Peak,Weekday
T20220002691,2022-02-08,06:58:00,1,Collision with vehicle,2,Tuesday,120,HEAD ON (NOT OVERTAKING),1,708278,Not at intersection,2,60,Arterial Other,HOPKINS,MELTON,-37.793983,144.69762,2022,2,February,6,Morning Peak,Weekday
T20220003866,2022-02-08,11:05:00,1,Collision with vehicle,2,Tuesday,130,REAR END(VEHICLES IN SAME LANE),1,36968,Cross intersection,3,40,Local Road,EXHIBITION,MELBOURNE,-37.811104,144.97011,2022,2,February,11,Midday,Weekday
T20220002692,2022-02-08,08:40:00,1,Collision with vehicle,2,Tuesday,147,VEHICLE STRIKES ANOTHER VEH WHILE EMERGING FROM DRIVEWAY,1,704443,Not at intersection,3,50,Local Road,ELSIE,KNOX,-37.856525,145.29494,2022,2,February,8,Morning Peak,Weekday
T20220002695,2022-02-08,08:35:00,1,Collision with vehicle,2,Tuesday,130,REAR END(VEHICLES IN SAME LANE),1,706063,Not at intersection,2,100,Freeway,PRINCES,WYNDHAM,-37.83958,144.79546,2022,2,February,8,Morning Peak,Weekday
T20220002697,2022-02-08,09:30:00,4,Collision with a fixed object,2,Tuesday,181,OFF RIGHT BEND INTO OBJECT/PARKED VEHICLE,1,704403,Not at intersection,3,50,Local Road,RUNNING CREEK,NILLUMBIK,-37.56161,145.19469,2022,2,February,9,Morning Peak,Weekday
T20220002701,2022-02-08,09:30:00,1,Collision with vehicle,2,Tuesday,130,REAR END(VEHICLES IN SAME LANE),1,704522,Not at intersection,2,40,Arterial Highway,PRINCES,EAST GIPPSLAND,-37.74737,148.37675,2022,2,February,9,Morning Peak,Weekday