ACCIDENT_NO,ACCIDENT_DATE,ACCIDENT_TIME,ACCIDENT_TYPE,ACCIDENT_TYPE_DESC,DAY_OF_WEEK,DAY_WEEK_DESC,DCA_CODE,DCA_DESC,LIGHT_CONDITION,NODE_ID,ROAD_GEOMETRY_DESC,SEVERITY,SPEED_ZONE,RMA,ROAD_NAME,LGA_NAME,LATITUDE,LONGITUDE,YEAR,MONTH,MONTH_NAME,HOUR,TIME_PERIOD,DAY_TYPE
T20220002704,2022-02-08,08:30:00,1,Collision with vehicle,2,Tuesday,121,RIGHT THROUGH,1,708279,T intersection,3,60,Arterial Other,HIGH,BOROONDARA,-37.806126,145.03264,2022,2,February,8,Morning Peak,Weekday
T20220003597,2022-02-08,16:45:00,1,Collision with vehicle,2,Tuesday,130,REAR END(VEHICLES IN SAME LANE),1,712678,Not at intersection,3,100,Freeway,EASTERN,BOROONDARA,-37.77998,145.08704,2022,2,February,16,Afternoon Peak,Weekday
T20220003391,2022-02-08,21:00:00,3,Struck animal,2,Tuesday,167,STRUCK ANIMAL,5,761101,Not at intersection,3,60,Arterial Other,MURRAY,MOIRA,-36.01832,144.95604,2022,2,February,21,Night,Weekday
T20220002709,2022-02-08,07:30:00,1,Collision with vehicle,2,Tuesday,110,CROSS TRAFFIC(INTERSECTIONS ONLY),1,718715,Cross intersection,2,100,Arterial Highway,DANDENONG-HASTINGS,MORNINGTON PENINSULA,-38.23856,145.21492,2022,2,February,7,Morning Peak,Weekday
T20220002710,2022-02-08,08:45:00,1,Collision with vehicle,2,Tuesday,130,REAR END(VEHICLES IN SAME LANE),1,731361,Not at intersection,3,80,Arterial Other,MORNINGTON-TYABB,MORNINGTON PENINSULA,-38.241467,145.07463,2022,2,February,8,Morning Peak,Weekday
T20220002711,2022-02-08,11:00:00,8,No collision and no object struck,2,Tuesday,182,OFF CARRIAGEWAY ON LEFT BEND,1,708280,Not at intersection,2,100,Local Road,LINTON-PIGGOREET,GOLDEN PLAINS,-37.72097,143.61658,2022,2,February,11,Midday,Weekday
T20220002712,2022-02-08,10:30:00,4,Collision with a fixed object,2,Tuesday,173,RIGHT OFF CARRIAGEWAY INTO OBJECT/PARKED VEHICLE,1,720012,Not at intersection,3,100,Local Road,PARKERS,BAW BAW,-38.220013,146.0257,2022,2,February,10,Midday,Weekday
T20220002714,2022-02-08,11:46:00,1,Collision with vehicle,2,Tuesday,121,RIGHT THROUGH,1,38057,Cross intersection,3,60,Arterial Other,ALBERT,DAREBIN,-37.75101,145.02118,2022,2,February,11,Midday,Weekday
T20220002717,2022-02-08,07:00:00,1,Collision with vehicle,2,Tuesday,110,CROSS TRAFFIC(INTERSECTIONS ONLY),1,55378,Cross intersection,3,50,Local Road,CATHERINE,LATROBE,-38.232254,146.39003,2022,2,February,7,Morning Peak,Weekday
T20220002682,2022-02-08,03:58:00,4,Collision with a fixed object,2,Tuesday,173,RIGHT OFF CARRIAGEWAY INTO OBJECT/PARKED VEHICLE,3,1277,T intersection,3,60,Arterial Other,CANNING,MOONEE VALLEY,-37.770775,144.86824,2022,2,February,3,Late Night,Weekday
T20220002725,2022-02-08,12:40:00,8,No collision and no object struck,2,Tuesday,180,OFF CARRIAGEWAY ON RIGHT BEND,1,704730,Not at intersection,2,100,Local Road,SUTTON GRANGE-REDESDALE,MOUNT ALEXANDER,-37.002666,144.47049,2022,2,February,12,Midday,Weekday
T20220002728,2022-02-08,13:30:00,4,Collision with a fixed object,2,Tuesday,171,LEFT OFF CARRIAGEWAY INTO OBJECT/PARKED VEHICLE,1,710981,Not at intersection,2,80,Freeway,CITYLINK OUT-BULLA,MOONEE VALLEY,-37.734783,144.90764,2022,2,February,13,Midday,Weekday
T20220002737,2022-02-08,10:52:00,4,Collision with a fixed object,2,Tuesday,183,OFF LEFT BEND INTO OBJECT/PARKED VEHICLE,1,704646,Not at intersection,3,100,Local Road,POINT HICKS,EAST GIPPSLAND,-37.697456,149.16736,2022,2,February,10,Midday,Weekday
T20220005390,2022-02-08,16:00:00,2,Struck Pedestrian,2,Tuesday,109,ANY MANOEUVRE INVOLVING PED NOT INCLUDED IN DCAs 100-108.,1,707531,Not at intersection,3,60,Arterial Other,ROYAL,MELBOURNE,-37.798195,144.95775,2022,2,February,16,Afternoon Peak,Weekday
T20220002738,2022-02-08,15:45:00,1,Collision with vehicle,2,Tuesday,120,HEAD ON (NOT OVERTAKING),1,708282,Not at intersection,3,60,Arterial Highway,POINT NEPEAN,MORNINGTON PENINSULA,-38.34361,144.7502,2022,2,February,15,Afternoon Peak,Weekday
T20220002857,2022-02-09,18:23:00,1,Collision with vehicle,3,Wednesday,130,REAR END(VEHICLES IN SAME LANE),1,705168,Not at intersection,2,60,Local Road,ORMOND,CASEY,-38.061054,145.29214,2022,2,February,18,Afternoon Peak,Weekday
T20220002793,2022-02-09,08:12:00,1,Collision with vehicle,3,Wednesday,121,RIGHT THROUGH,1,43319,Cross intersection,2,60,Arterial Other,MCLEOD ROAD -STATION,KINGSTON,-38.076363,145.1232,2022,2,February,8,Morning Peak,Weekday
T20220002795,2022-02-09,09:00:00,1,Collision with vehicle,3,Wednesday,113,RIGHT NEAR (INTERSECTIONS ONLY),1,50479,T intersection,2,100,Arterial Highway,CALDER,MILDURA,-34.260628,142.18031,2022,2,February,9,Morning Peak,Weekday
T20220002797,2022-02-09,07:10:00,4,Collision with a fixed object,3,Wednesday,171,LEFT OFF CARRIAGEWAY INTO OBJECT/PARKED VEHICLE,1,706897,Not at intersection,3,60,Arterial Other,VICTORIA,YARRA,-37.810925,145.00424,2022,2,February,7,Morning Peak,Weekday
T20220002849,2022-02-09,18:10:00,1,Collision with vehicle,3,Wednesday,113,RIGHT NEAR (INTERSECTIONS ONLY),1,14474,Multiple intersection,3,80,Freeway,MONASH IN-NARRE WARREN NORTH,CASEY,-38.018215,145.30853,2022,2,February,18,Afternoon Peak,Weekday
T20220004875,2022-02-09,21:05:00,1,Collision with vehicle,3,Wednesday,113,RIGHT NEAR (INTERSECTIONS ONLY),3,65081,T intersection,3,60,Local Road,FREDERIC,MAROONDAH,-37.79558,145.24927,2022,2,February,21,Night,Weekday
T20220003330,2022-02-09,18:45:00,2,Struck Pedestrian,3,Wednesday,105,PED WALKING AGAINST TRAFFIC.,1,40224,Cross intersection,3,60,Arterial Other,WATTLETREE,STONNINGTON,-37.861263,145.01971,2022,2,February,18,Afternoon Peak,Weekday
T20220002777,2022-02-09,00:01:00,1,Collision with vehicle,3,Wednesday,149,OTHER MANOEUVRING NOT INCLUDED IN DCAs 140-148,3,704525,Not at intersection,3,40,Local Road,DOMAIN,MELBOURNE,-37.833042,144.97406,2022,2,February,0,Late Night,Weekday
T20220002831,2022-02-09,12:51:00,1,Collision with vehicle,3,Wednesday,120,HEAD ON (NOT OVERTAKING),1,712470,Not at intersection,3,100,Local Road,SOUTH,SOUTH GIPPSLAND,-38.378967,145.75519,2022,2,February,12,Midday,Weekday
T20220003523,2022-02-09,15:30:00,1,Collision with vehicle,3,Wednesday,130,REAR END(VEHICLES IN SAME LANE),1,704776,Not at intersection,2,50,Local Road,POWER,CASEY,-37.987892,145.23938,2022,2,February,15,Afternoon Peak,Weekday
T20220002856,2022-02-09,20:50:00,1,Collision with vehicle,3,Wednesday,147,VEHICLE STRIKES ANOTHER VEH WHILE EMERGING FROM DRIVEWAY,3,586470,Not at intersection,3,60,Arterial Highway,BELLARINE,GEELONG,-38.171013,144.39334,2022,2,February,20,Night,Weekday
T20220002840,2022-02-09,16:35:00,1,Collision with vehicle,3,Wednesday,148,VEHICLE OFF FOOTPATH STRIKES VEH ON CARRIAGEWAY,1,704650,Not at intersection,3,50,Local Road,TERRA COTTA,WHITEHORSE,-37.818295,145.16373,2022,2,February,16,Afternoon Peak,Weekday
T20220002828,2022-02-09,10:30:00,1,Collision with vehicle,3,Wednesday,130,REAR END(VEHICLES IN SAME LANE),1,704649,Not at intersection,3,80,Freeway,MILLERS-WEST GATE OUT,HOBSONS BAY,-37.82526,144.84552,2022,2,February,10,Midday,Weekday
T20220002822,2022-02-09,13:33:00,2,Struck Pedestrian,3,Wednesday,102,FAR SIDE. PED HIT BY VEHICLE FROM THE LEFT,1,704532,Cross intersection,3,60,Arterial Highway,FRANKSTON-DANDENONG,FRANKSTON,-38.11272,145.15744,2022,2,February,13,Midday,Weekday
T20220003204,2022-02-09,18:49:00,1,Collision with vehicle,3,Wednesday,121,RIGHT THROUGH,1,277991,Multiple intersection,3,60,Freeway,SYDNEY,MORELAND,-37.692177,144.95839,2022,2,February,18,Afternoon Peak,Weekday
T20220002820,2022-02-09,12:45:00,1,Collision with vehicle,3,Wednesday,120,HEAD ON (NOT OVERTAKING),1,709403,Not at intersection,2,60,Arterial Other,HIGH STREET,MONASH,-37.871536,145.1427,2022,2,February,12,Midday,Weekday
T20220002814,2022-02-09,10:00:00,8,No collision and no object struck,3,Wednesday,189,OTHER ACCIDENTS ON CURVE NOT INCLUDED IN DCAs 180-184,1,710473,Not at intersection,3,100,Local Road,COMMINS,EAST GIPPSLAND,-37.193806,147.79541,2022,2,February,10,Midday,Weekday
T20220007631,2022-02-09,17:25:00,8,No collision and no object struck,3,Wednesday,184,OUT OF CONTROL ON CARRIAGEWAY (ON BEND),1,757543,Not at intersection,2,70,Arterial Other,CHILDS,WHITTLESEA,-37.667458,145.06012,2022,2,February,17,Afternoon Peak,Weekday
T20220002818,2022-02-09,11:10:00,1,Collision with vehicle,3,Wednesday,160,VEHICLE COLLIDES WITH VEHICLE PARKED ON LEFT OF ROAD,1,704410,Not at intersection,3,50,Local Road,THISTLE,BENDIGO,-36.76656,144.26608,2022,2,February,11,Midday,Weekday
T20220008218,2022-02-09,08:56:00,1,Collision with vehicle,3,Wednesday,113,RIGHT NEAR (INTERSECTIONS ONLY),1,43690,T intersection,3,60,Arterial Other,GAP,HUME,-37.580204,144.72372,2022,2,February,8,Morning Peak,Weekday
T20220009382,2022-02-09,16:58:00,1,Collision with vehicle,3,Wednesday,140,U TURN,1,319326,T intersection,3,60,Local Road,MCGRATH,WYNDHAM,-37.88807,144.63098,2022,2,February,16,Afternoon Peak,Weekday
T20220002884,2022-02-09,17:45:00,6,Vehicle overturned (no collision),3,Wednesday,174,OUT OF CONTROL ON CARRIAGEWAY (ON STRAIGHT),1,776872,T intersection,2,60,Arterial Other,CROYDON-WARRANDYTE,MAROONDAH,-37.783524,145.27393,2022,2,February,17,Afternoon Peak,Weekday
T20220029183,2022-02-09,16:45:00,1,Collision with vehicle,3,Wednesday,130,REAR END(VEHICLES IN SAME LANE),1,743163,Not at intersection,3,60,Arterial Other,BALLARAT,BRIMBANK,-37.77018,144.77457,2022,2,February,16,Afternoon Peak,Weekday
T20220002800,2022-02-09,07:50:00,4,Collision with a fixed object,3,Wednesday,171,LEFT OFF CARRIAGEWAY INTO OBJECT/PARKED VEHICLE,1,708438,Not at intersection,3,100,Local Road,SEYMOUR-PYALONG,MITCHELL,-37.10691,144.96217,2022,2,February,7,Morning Peak,Weekday
T20220003018,2022-02-09,12:25:00,8,No collision and no object struck,3,Wednesday,174,OUT OF CONTROL ON CARRIAGEWAY (ON STRAIGHT),1,708325,Not at intersection,3,60,Local Road,MT RIDLEY,HUME,-37.566017,144.90962,2022,2,February,12,Midday,Weekday
T20220002882,2022-02-09,19:23:00,1,Collision with vehicle,3,Wednesday,147,VEHICLE STRIKES ANOTHER VEH WHILE EMERGING FROM DRIVEWAY,1,731368,Not at intersection,3,50,Local Road,DEW DROP INN,WELLINGTON,-38.544254,146.70222,2022,2,February,19,Night,Weekday
T20220002855,2022-02-09,19:32:00,4,Collision with a fixed object,3,Wednesday,171,LEFT OFF CARRIAGEWAY INTO OBJECT/PARKED VEHICLE,1,781523,Not at intersection,3,40,Arterial Other,KEILOR,MOONEE VALLEY,-37.738415,144.89517,2022,2,February,19,Night,Weekday
T20220003845,2022-02-09,17:00:00,2,Struck Pedestrian,3,Wednesday,100,PED NEAR SIDE. PED HIT BY VEHICLE FROM THE RIGHT.,1,781522,Cross intersection,3,40,Local Road,EXHIBITION,MELBOURNE,-37.81106,144.9701,2022,2,February,17,Afternoon Peak,Weekday
T20220002809,2022-02-09,08:20:00,1,Collision with vehicle,3,Wednesday,137,LEFT TURN SIDESWIPE,1,29389,Cross intersection,3,40,Local Road,SWANSTON,MELBOURNE,-37.79684,144.96461,2022,2,February,8,Morning Peak,Weekday
T20220004708,2022-02-09,20:20:00,6,Vehicle overturned (no collision),3,Wednesday,174,OUT OF CONTROL ON CARRIAGEWAY (ON STRAIGHT),2,784828,Not at intersection,3,40,Local Road,EXHIBITION,MELBOURNE,-37.813667,144.9713,2022,2,February,20,Night,Weekday
T20220003002,2022-02-09,08:10:00,1,Collision with vehicle,3,Wednesday,137,LEFT TURN SIDESWIPE,1,351859,T intersection,3,50,Arterial Highway,WHITEHALL,MARIBYRNONG,-37.8146,144.89984,2022,2,February,8,Morning Peak,Weekday
T20220002816,2022-02-09,06:56:00,5,collision with some other object,3,Wednesday,166,STRUCK OBJECT ON CARRIAGEWAY,5,704530,Not at intersection,2,100,Local Road,METCALFE-ELPINSTONE,MOUNT ALEXANDER,-37.084656,144.40714,2022,2,February,6,Morning Peak,Weekday
T20220002906,2022-02-09,21:20:00,4,Collision with a fixed object,3,Wednesday,171,LEFT OFF CARRIAGEWAY INTO OBJECT/PARKED VEHICLE,2,784856,Not at intersection,3,80,Arterial Other,SUNBURY,HUME,-37.644085,144.8333,2022,2,February,21,Night,Weekday
T20220003571,2022-02-09,09:55:00,1,Collision with vehicle,3,Wednesday,110,CROSS TRAFFIC(INTERSECTIONS ONLY),1,45041,Cross intersection,3,60,Arterial Other,SHAKESPEARE STREET -TRARALGON CREEK,LATROBE,-38.201504,146.54456,2022,2,February,9,Morning Peak,Weekday
T20220005152,2022-02-09,14:00:00,8,No collision and no object struck,3,Wednesday,179,OTHER ACCIDENTS-OFF STRAIGHT NOT INCLUDED IN DCAs 170-175,1,711325,Cross intersection,3,80,Arterial Other,CRANBOURNE-FRANKSTON,FRANKSTON,-38.139263,145.217,2022,2,February,14,Midday,Weekday
T20220002898,2022-02-09,08:40:00,2,Struck Pedestrian,3,Wednesday,100,PED NEAR SIDE. PED HIT BY VEHICLE FROM THE RIGHT.,1,705072,Cross intersection,2,40,Local Road,LA TROBE,MELBOURNE,-37.811012,144.95898,2022,2,February,8,Morning Peak,Weekday
T20220003656,2022-02-09,17:00:00,1,Collision with vehicle,3,Wednesday,121,RIGHT THROUGH,1,708639,Not at intersection,3,50,Arterial Other,BUCKLEY,MARIBYRNONG,-37.80363,144.89468,2022,2,February,17,Afternoon Peak,Weekday
T20220002903,2022-02-09,14:30:00,1,Collision with vehicle,3,Wednesday,110,CROSS TRAFFIC(INTERSECTIONS ONLY),1,53204,Cross intersection,3,50,Local Road,JAMES MIRAMS,HUME,-37.620712,144.92409,2022,2,February,14,Midday,Weekday
T20220002839,2022-02-09,16:45:00,1,Collision with vehicle,3,Wednesday,121,RIGHT THROUGH,1,645336,T intersection,2,60,Arterial Other,SLADEN,CASEY,-38.112717,145.28076,2022,2,February,16,Afternoon Peak,Weekday
T20220002866,2022-02-09,10:22:00,1,Collision with vehicle,3,Wednesday,130,REAR END(VEHICLES IN SAME LANE),1,57878,Multiple intersection,3,60,Freeway,METROPOLITAN RING,NILLUMBIK,-37.69388,145.09329,2022,2,February,10,Midday,Weekday
T20220006570,2022-02-09,20:35:00,5,collision with some other object,3,Wednesday,179,OTHER ACCIDENTS-OFF STRAIGHT NOT INCLUDED IN DCAs 170-175,2,707723,Not at intersection,2,40,Local Road,EXHIBITION,MELBOURNE,-37.812645,144.97083,2022,2,February,20,Night,Weekday
T20220003083,2022-02-09,18:45:00,1,Collision with vehicle,3,Wednesday,110,CROSS TRAFFIC(INTERSECTIONS ONLY),1,43861,Cross intersection,3,70,Arterial Other,GREAVES,CASEY,-38.056866,145.31456,2022,2,February,18,Afternoon Peak,Weekday
T20220002979,2022-02-09,16:30:00,1,Collision with vehicle,3,Wednesday,121,RIGHT THROUGH,1,63853,Cross intersection,3,60,Local Road,JENKINS,DAREBIN,-37.765614,145.0121,2022,2,February,16,Afternoon Peak,Weekday
T20220003016,2022-02-09,15:30:00,1,Collision with vehicle,3,Wednesday,130,REAR END(VEHICLES IN SAME LANE),1,704546,Not at intersection,3,70,Arterial Highway,GREENSBOROUGH,NILLUMBIK,-37.69049,145.11073,2022,2,February,15,Afternoon Peak,Weekday
T20220002945,2022-02-10,23:00:00,1,Collision with vehicle,4,Thursday,120,HEAD ON (NOT OVERTAKING),3,114876,T intersection,3,40,Local Road,QUEENS BRIDGE,MELBOURNE,-37.82533,144.96014,2022,2,February,23,Night,Weekday
T20220002922,2022-02-10,16:40:00,1,Collision with vehicle,4,Thursday,130,REAR END(VEHICLES IN SAME LANE),1,708230,Not at intersection,2,100,Freeway,WESTERN RING,HUME,-37.70677,144.8867,2022,2,February,16,Afternoon Peak,Weekday
T20220002918,2022-02-10,16:29:00,1,Collision with vehicle,4,Thursday,113,RIGHT NEAR (INTERSECTIONS ONLY),1,40968,T intersection,2,60,Arterial Other,SCORESBY,KNOX,-37.848423,145.26938,2022,2,February,16,Afternoon Peak,Weekday
T20220002916,2022-02-10,16:20:00,1,Collision with vehicle,4,Thursday,140,U TURN,1,704541,Not at intersection,2,60,Arterial Other,JELLS ROAD SERVICE,MONASH,-37.916332,145.18747,2022,2,February,16,Afternoon Peak,Weekday
T20220003433,2022-02-10,16:00:00,1,Collision with vehicle,4,Thursday,121,RIGHT THROUGH,1,224261,T intersection,2,100,Arterial Highway,MOOROODUC,MORNINGTON PENINSULA,-38.26508,145.0729,2022,2,February,16,Afternoon Peak,Weekday
T20220002894,2022-02-10,12:00:00,1,Collision with vehicle,4,Thursday,139,OTHER SAME DIRECTION-MANOUEVRES NOT INCLUDED IN DCAs 130-137,1,707801,Cross intersection,2,40,Arterial Other,KING,MELBOURNE,-37.81532,144.95523,2022,2,February,12,Midday,Weekday
T20220002891,2022-02-10,12:35:00,1,Collision with vehicle,4,Thursday,130,REAR END(VEHICLES IN SAME LANE),1,773664,Not at intersection,3,60,Arterial Other,PASCOE VALE,HUME,-37.693184,144.91542,2022,2,February,12,Midday,Weekday
T20220002890,2022-02-10,13:10:00,8,No collision and no object struck,4,Thursday,170,OFF CARRIAGEWAY TO LEFT,1,705753,Not at intersection,3,60,Local Road,WESTMINSTER,MONASH,-37.90068,145.09564,2022,2,February,13,Midday,Weekday
T20220002888,2022-02-10,09:29:00,1,Collision with vehicle,4,Thursday,113,RIGHT NEAR (INTERSECTIONS ONLY),1,36208,T intersection,3,60,Arterial Other,ROYAL,MELBOURNE,-37.797115,144.95789,2022,2,February,9,Morning Peak,Weekday
T20220002883,2022-02-10,11:04:00,1,Collision with vehicle,4,Thursday,110,CROSS TRAFFIC(INTERSECTIONS ONLY),1,50463,Cross intersection,3,50,Local Road,BAYVIEW,BASS COAST,-38.63192,145.73384,2022,2,February,11,Midday,Weekday
T20220003851,2022-02-10,08:26:00,1,Collision with vehicle,4,Thursday,113,RIGHT NEAR (INTERSECTIONS ONLY),1,260190,T intersection,3,100,Arterial Highway,NORTHERN,CAMPASPE,-36.29882,144.68848,2022,2,February,8,Morning Peak,Weekday
T20220003397,2022-02-10,13:00:00,7,Fall from or in moving vehicle,4,Thursday,190,FELL IN/FROM VEHICLE,1,92567,Not at intersection,2,60,Arterial Other,PASCOE VALE,MORELAND,-37.715763,144.91847,2022,2,February,13,Midday,Weekday
T20220004107,2022-02-10,18:30:00,1,Collision with vehicle,4,Thursday,135,LANE CHANGE LEFT (NOT OVERTAKING),1,705557,Not at intersection,3,100,Freeway,MONASH,MONASH,-37.899517,145.15,2022,2,February,18,Afternoon Peak,Weekday
T20220002965,2022-02-10,16:00:00,1,Collision with vehicle,4,Thursday,130,REAR END(VEHICLES IN SAME LANE),1,13376,Multiple intersection,3,60,Freeway,DYNON,MELBOURNE,-37.804676,144.93532,2022,2,February,16,Afternoon Peak,Weekday
T20220002879,2022-02-10,08:40:00,1,Collision with vehicle,4,Thursday,183,OFF LEFT BEND INTO OBJECT/PARKED VEHICLE,1,706578,Not at intersection,2,80,Freeway,CITYLINK,MELBOURNE,-37.800396,144.93672,2022,2,February,8,Morning Peak,Weekday
T20220003379,2022-02-10,10:30:00,1,Collision with vehicle,4,Thursday,133,LANE SIDE SWIPE (VEHICLES IN PARALLEL LANES),1,705710,Not at intersection,3,40,Local Road,LONSDALE,MELBOURNE,-37.811604,144.9646,2022,2,February,10,Midday,Weekday
T20220003514,2022-02-10,15:55:00,1,Collision with vehicle,4,Thursday,121,RIGHT THROUGH,1,42312,T intersection,3,60,Arterial Highway,WARRIGAL,KINGSTON,-37.96036,145.07542,2022,2,February,15,Afternoon Peak,Weekday
T20220005317,2022-02-10,18:12:00,1,Collision with vehicle,4,Thursday,130,REAR END(VEHICLES IN SAME LANE),1,713865,Not at intersection,3,60,Arterial Other,HIGH,WHITTLESEA,-37.637943,145.02632,2022,2,February,18,Afternoon Peak,Weekday
T20220002914,2022-02-10,15:43:00,1,Collision with vehicle,4,Thursday,121,RIGHT THROUGH,1,731369,Cross intersection,3,60,Arterial Other,BLACKBURN,WHITEHORSE,-37.85269,145.15195,2022,2,February,15,Afternoon Peak,Weekday
T20220002862,2022-02-10,01:50:00,4,Collision with a fixed object,4,Thursday,181,OFF RIGHT BEND INTO OBJECT/PARKED VEHICLE,5,720200,Not at intersection,3,100,Local Road,GORAE,GLENELG,-38.287712,141.60414,2022,2,February,1,Late Night,Weekday
T20220002873,2022-02-10,09:00:00,1,Collision with vehicle,4,Thursday,121,RIGHT THROUGH,1,39962,T intersection,2,60,Local Road,MASON,HOBSONS BAY,-37.83977,144.85835,2022,2,February,9,Morning Peak,Weekday
T20220005332,2022-02-10,16:30:00,6,Vehicle overturned (no collision),4,Thursday,184,OUT OF CONTROL ON CARRIAGEWAY (ON BEND),1,706316,Not at intersection,3,100,Local Road,J FORSYTHS,SOUTHERN GRAMPIANS,-37.933403,142.03043,2022,2,February,16,Afternoon Peak,Weekday
T20220002944,2022-02-10,19:07:00,6,Vehicle overturned (no collision),4,Thursday,172,OFF CARRIAGEWAY TO RIGHT,1,327464,T intersection,2,60,Arterial Other,FERNTREE GULLY,KNOX,-37.890526,145.26,2022,2,February,19,Night,Weekday
T20220002925,2022-02-10,16:13:00,1,Collision with vehicle,4,Thursday,130,REAR END(VEHICLES IN SAME LANE),1,744124,Cross intersection,2,40,Arterial Highway,SPRINGVALE,DANDENONG,-37.949486,145.15282,2022,2,February,16,Afternoon Peak,Weekday
T20220002929,2022-02-10,17:03:00,8,No collision and no object struck,4,Thursday,174,OUT OF CONTROL ON CARRIAGEWAY (ON STRAIGHT),1,704773,T intersection,3,40,Local Road,NEWRY,YARRA,-37.78971,144.97139,2022,2,February,17,Afternoon Peak,Weekday
T20220003492,2022-02-10,17:22:00,1,Collision with vehicle,4,Thursday,121,RIGHT THROUGH,1,704831,T intersection,3,40,Arterial Other,ALFRED,BAW BAW,-38.1666,145.93668,2022,2,February,17,Afternoon Peak,Weekday
T20220002936,2022-02-10,22:00:00,1,Collision with vehicle,4,Thursday,111,RIGHT FAR (INTERSECTIONS ONLY),3,243224,Cross intersection,3,80,Local Road,RING,BALLARAT,-37.53989,143.80081,2022,2,February,22,Night,Weekday
T20220002939,2022-02-10,14:00:00,4,Collision with a fixed object,4,Thursday,183,OFF LEFT BEND INTO OBJECT/PARKED VEHICLE,1,714275,Not at intersection,2,100,Arterial Highway,MELBA,MURRINDINDI,-37.382847,145.47388,2022,2,February,14,Midday,Weekday
T20220002943,2022-02-10,17:17:00,1,Collision with vehicle,4,Thursday,113,RIGHT NEAR (INTERSECTIONS ONLY),1,43621,T intersection,1,80,Arterial Highway,PRINCES,CASEY,-38.017117,145.2942,2022,2,February,17,Afternoon Peak,Weekday
T20220003023,2022-02-10,21:30:00,1,Collision with vehicle,4,Thursday,130,REAR END(VEHICLES IN SAME LANE),3,706840,Not at intersection,3,80,Freeway,METROPOLITAN RING,NILLUMBIK,-37.686527,145.0684,2022,2,February,21,Night,Weekday
T20220003813,2022-02-10,17:00:00,1,Collision with vehicle,4,Thursday,130,REAR END(VEHICLES IN SAME LANE),1,705178,Not at intersection,3,60,Arterial Other,BRIDGE,MANNINGHAM,-37.760258,145.08228,2022,2,February,17,Afternoon Peak,Weekday
T20220003819,2022-02-10,14:15:00,1,Collision with vehicle,4,Thursday,130,REAR END(VEHICLES IN SAME LANE),1,707755,Not at intersection,3,60,Arterial Other,LA TROBE,BALLARAT,-37.571896,143.82925,2022,2,February,14,Midday,Weekday
T20220002880,2022-02-10,10:50:00,3,Struck animal,4,Thursday,167,STRUCK ANIMAL,1,719755,Not at intersection,3,80,Local Road,CONNEWARREN,MOYNE,-38.073475,142.75291,2022,2,February,10,Midday,Weekday
T20220003011,2022-02-11,16:00:00,1,Collision with vehicle,5,Friday,132,RIGHT REAR.,1,731370,Not at intersection,3,100,Local Road,BALD HILL,CARDINIA,-38.09545,145.53723,2022,2,February,16,Afternoon Peak,Weekday
T20220003240,2022-02-11,16:08:00,1,Collision with vehicle,5,Friday,130,REAR END(VEHICLES IN SAME LANE),1,706202,Not at intersection,3,70,Arterial Highway,BURWOOD,WHITEHORSE,-37.85257,145.1524,2022,2,February,16,Afternoon Peak,Weekday
T20220003363,2022-02-11,15:15:00,1,Collision with vehicle,5,Friday,113,RIGHT NEAR (INTERSECTIONS ONLY),1,338242,Cross intersection,3,60,Local Road,HENRY,CARDINIA,-38.075085,145.43747,2022,2,February,15,Afternoon Peak,Weekday
T20220003013,2022-02-11,16:26:00,1,Collision with vehicle,5,Friday,133,LANE SIDE SWIPE (VEHICLES IN PARALLEL LANES),1,706903,Not at intersection,2,70,Arterial Highway,MELBOURNE,GEELONG,-38.118626,144.35371,2022,2,February,16,Afternoon Peak,Weekday
T20220020107,2022-02-11,16:20:00,1,Collision with vehicle,5,Friday,130,REAR END(VEHICLES IN SAME LANE),1,724118,Not at intersection,3,60,Arterial Highway,RINGWOOD,MAROONDAH,-37.811085,145.23694,2022,2,February,16,Afternoon Peak,Weekday
T20220003019,2022-02-11,19:21:00,1,Collision with vehicle,5,Friday,121,RIGHT THROUGH,1,42288,T intersection,3,60,Arterial Other,CENTRE,GLEN EIRA,-37.922916,145.07309,2022,2,February,19,Night,Weekday
T20220003479,2022-02-11,17:07:00,1,Collision with vehicle,5,Friday,130,REAR END(VEHICLES IN SAME LANE),1,705712,Not at intersection,3,70,Arterial Other,CANTERBURY,MAROONDAH,-37.828827,145.27919,2022,2,February,17,Afternoon Peak,Weekday
T20220003022,2022-02-11,18:47:00,1,Collision with vehicle,5,Friday,135,LANE CHANGE LEFT (NOT OVERTAKING),2,707162,Not at intersection,2,60,Arterial Other,HUME,HUME,-37.60412,144.94563,2022,2,February,18,Afternoon Peak,Weekday
T20220003484,2022-02-11,16:30:00,1,Collision with vehicle,5,Friday,137,LEFT TURN SIDESWIPE,1,705552,T intersection,3,50,Local Road,HIGH,DAREBIN,-37.76686,144.99919,2022,2,February,16,Afternoon Peak,Weekday
T20220003030,2022-02-11,21:43:00,1,Collision with vehicle,5,Friday,121,RIGHT THROUGH,3,679770,Cross intersection,3,60,Arterial Other,DORSET,KNOX,-37.86276,145.28561,2022,2,February,21,Night,Weekday