ACCIDENT_NO,ACCIDENT_DATE,ACCIDENT_TIME,ACCIDENT_TYPE,ACCIDENT_TYPE_DESC,DAY_OF_WEEK,DAY_WEEK_DESC,DCA_CODE,DCA_DESC,LIGHT_CONDITION,NODE_ID,ROAD_GEOMETRY_DESC,SEVERITY,SPEED_ZONE,RMA,ROAD_NAME,LGA_NAME,LATITUDE,LONGITUDE,YEAR,MONTH,MONTH_NAME,HOUR,TIME_PERIOD,DAY_TYPE
T20220003031,2022-02-11,14:02:00,1,Collision with vehicle,5,Friday,150,HEAD ON(OVERTAKING),1,715938,Not at intersection,2,60,Local Road,SWIFT,DANDENONG,-38.034313,145.20387,2022,2,February,14,Midday,Weekday
T20220003033,2022-02-11,19:30:00,4,Collision with a fixed object,5,Friday,173,RIGHT OFF CARRIAGEWAY INTO OBJECT/PARKED VEHICLE,1,705322,Not at intersection,3,60,Local Road,BROAD GULLY,NILLUMBIK,-37.63106,145.16881,2022,2,February,19,Night,Weekday
T20220003037,2022-02-11,23:38:00,2,Struck Pedestrian,5,Friday,102,FAR SIDE. PED HIT BY VEHICLE FROM THE LEFT,3,714170,Not at intersection,2,60,Arterial Highway,WYNDHAM,SHEPPARTON,-36.388824,145.39772,2022,2,February,23,Night,Weekday
T20220003038,2022-02-11,23:50:00,9,Other accident,5,Friday,179,OTHER ACCIDENTS-OFF STRAIGHT NOT INCLUDED IN DCAs 170-175,3,784492,T intersection,2,60,Local Road,GAY,LATROBE,-38.231113,146.4033,2022,2,February,23,Night,Weekday
T20220002978,2022-02-11,12:36:00,8,No collision and no object struck,5,Friday,170,OFF CARRIAGEWAY TO LEFT,1,704652,Not at intersection,3,60,Local Road,KENNEWELL,BENDIGO,-36.72385,144.30212,2022,2,February,12,Midday,Weekday
T20220002970,2022-02-11,08:30:00,4,Collision with a fixed object,5,Friday,181,OFF RIGHT BEND INTO OBJECT/PARKED VEHICLE,1,761100,Not at intersection,3,100,Arterial Other,COLAC-LAVERS HILL,COLAC OTWAY,-38.448277,143.57759,2022,2,February,8,Morning Peak,Weekday
T20220002967,2022-02-11,10:40:00,1,Collision with vehicle,5,Friday,130,REAR END(VEHICLES IN SAME LANE),1,715447,Not at intersection,2,40,Local Road,COLLINS,MELBOURNE,-37.818054,144.95767,2022,2,February,10,Midday,Weekday
T20220004123,2022-02-11,14:45:00,1,Collision with vehicle,5,Friday,132,RIGHT REAR.,1,733,T intersection,3,60,Arterial Highway,BELL,MORELAND,-37.73818,144.93727,2022,2,February,14,Midday,Weekday
T20220002962,2022-02-11,06:50:00,1,Collision with vehicle,5,Friday,111,RIGHT FAR (INTERSECTIONS ONLY),1,221379,Cross intersection,3,80,Arterial Other,HUME,HUME,-37.62639,144.94875,2022,2,February,6,Morning Peak,Weekday
T20220002961,2022-02-11,07:45:00,1,Collision with vehicle,5,Friday,130,REAR END(VEHICLES IN SAME LANE),1,41784,T intersection,3,80,Arterial Highway,SPRINGVALE,MONASH,-37.9064,145.1609,2022,2,February,7,Morning Peak,Weekday
T20220018606,2022-02-11,17:15:00,8,No collision and no object struck,5,Friday,170,OFF CARRIAGEWAY TO LEFT,1,722277,Not at intersection,3,60,Local Road,WHITES,WARRNAMBOOL,-38.367195,142.50275,2022,2,February,17,Afternoon Peak,Weekday
T20220006510,2022-02-11,23:45:00,1,Collision with vehicle,5,Friday,121,RIGHT THROUGH,3,41799,T intersection,3,70,Arterial Highway,SPRINGVALE,MONASH,-37.88524,145.1648,2022,2,February,23,Night,Weekday
T20220008723,2022-02-11,12:06:00,1,Collision with vehicle,5,Friday,130,REAR END(VEHICLES IN SAME LANE),1,709989,T intersection,3,60,Arterial Other,BALCOMBE,BAYSIDE,-37.97852,145.04224,2022,2,February,12,Midday,Weekday
T20220003765,2022-02-11,14:04:00,1,Collision with vehicle,5,Friday,121,RIGHT THROUGH,1,38354,Cross intersection,3,60,Arterial Other,VICTORIA,MANNINGHAM,-37.78035,145.1448,2022,2,February,14,Midday,Weekday
T20220002950,2022-02-11,02:00:00,4,Collision with a fixed object,5,Friday,199,UNKNOWN-NO DETAILS ON MANOEUVRES OF ROAD-USERS IN ACCIDENT,3,711592,Cross intersection,2,70,Arterial Other,GILLIES STREET N-GILLIES,BALLARAT,-37.55575,143.819,2022,2,February,2,Late Night,Weekday
T20220003000,2022-02-11,15:45:00,1,Collision with vehicle,5,Friday,113,RIGHT NEAR (INTERSECTIONS ONLY),1,307271,T intersection,2,100,Arterial Highway,MANKS,CASEY,-38.162594,145.32031,2022,2,February,15,Afternoon Peak,Weekday
T20220002999,2022-02-11,13:58:00,5,collision with some other object,5,Friday,166,STRUCK OBJECT ON CARRIAGEWAY,1,711781,Not at intersection,2,60,Local Road,MOIR,BAW BAW,-38.213825,146.1899,2022,2,February,13,Midday,Weekday
T20220002998,2022-02-11,15:55:00,1,Collision with vehicle,5,Friday,121,RIGHT THROUGH,1,47219,T intersection,3,60,Arterial Highway,MELBA,YARRA RANGES,-37.65253,145.37627,2022,2,February,15,Afternoon Peak,Weekday
T20220003913,2022-02-11,23:30:00,4,Collision with a fixed object,5,Friday,173,RIGHT OFF CARRIAGEWAY INTO OBJECT/PARKED VEHICLE,5,706900,Not at intersection,3,100,Arterial Other,KORUMBURRA-WONTHAGGI,BASS COAST,-38.580807,145.62808,2022,2,February,23,Night,Weekday
T20220002997,2022-02-11,15:59:00,1,Collision with vehicle,5,Friday,121,RIGHT THROUGH,1,29393,T intersection,2,70,Arterial Other,SOUTH,GLEN EIRA,-37.93317,145.03638,2022,2,February,15,Afternoon Peak,Weekday
T20220003088,2022-02-11,23:50:00,1,Collision with vehicle,5,Friday,169,OTHER ON PATH,3,712223,Not at intersection,3,50,Local Road,DEVENISH,MOIRA,-36.271694,145.89442,2022,2,February,23,Night,Weekday
T20220002954,2022-02-11,07:30:00,1,Collision with vehicle,5,Friday,121,RIGHT THROUGH,1,779557,Cross intersection,3,80,Freeway,EASTLINK IN-THOMPSON RAMP OF-THOMPSON-MONASH,FRANKSTON,-38.070396,145.18118,2022,2,February,7,Morning Peak,Weekday
T20220002984,2022-02-11,10:50:00,6,Vehicle overturned (no collision),5,Friday,174,OUT OF CONTROL ON CARRIAGEWAY (ON STRAIGHT),1,707116,Not at intersection,2,100,Arterial Other,BEECHWORTH-WODONGA,WODONGA,-36.217724,146.8752,2022,2,February,10,Midday,Weekday
T20220003238,2022-02-11,23:30:00,4,Collision with a fixed object,5,Friday,171,LEFT OFF CARRIAGEWAY INTO OBJECT/PARKED VEHICLE,3,274353,Not at intersection,3,70,Arterial Other,YAN YEAN,NILLUMBIK,-37.65803,145.12564,2022,2,February,23,Night,Weekday
T20220003222,2022-02-11,08:30:00,1,Collision with vehicle,5,Friday,130,REAR END(VEHICLES IN SAME LANE),1,37748,Cross intersection,3,60,Arterial Other,MALVERN,STONNINGTON,-37.848103,145.00319,2022,2,February,8,Morning Peak,Weekday
T20220003395,2022-02-11,10:00:00,1,Collision with vehicle,5,Friday,130,REAR END(VEHICLES IN SAME LANE),1,724811,Not at intersection,3,60,Arterial Other,HOPKINS,MELTON,-37.80491,144.69595,2022,2,February,10,Midday,Weekday
T20220003001,2022-02-11,15:45:00,1,Collision with vehicle,5,Friday,130,REAR END(VEHICLES IN SAME LANE),1,720259,Not at intersection,2,80,Local Road,MILL,GEELONG,-38.011723,144.42645,2022,2,February,15,Afternoon Peak,Weekday
T20220003004,2022-02-11,17:05:00,8,No collision and no object struck,5,Friday,170,OFF CARRIAGEWAY TO LEFT,1,65743,Cross intersection,2,40,Local Road,ELIZABETH,MELBOURNE,-37.810318,144.96136,2022,2,February,17,Afternoon Peak,Weekday
T20220003006,2022-02-11,08:15:00,1,Collision with vehicle,5,Friday,130,REAR END(VEHICLES IN SAME LANE),1,39054,Multiple intersection,3,60,Arterial Other,DONCASTER,BOROONDARA,-37.793434,145.064,2022,2,February,8,Morning Peak,Weekday
T20220003008,2022-02-11,15:00:00,6,Vehicle overturned (no collision),5,Friday,172,OFF CARRIAGEWAY TO RIGHT,1,731816,Not at intersection,2,60,Arterial Other,MILLERS,HOBSONS BAY,-37.848713,144.84529,2022,2,February,15,Afternoon Peak,Weekday
T20220003105,2022-02-12,08:29:00,1,Collision with vehicle,6,Saturday,130,REAR END(VEHICLES IN SAME LANE),1,704135,Not at intersection,1,100,Arterial Highway,GREAT ALPINE,ALPINE,-37.081726,147.35869,2022,2,February,8,Morning Peak,Weekend
T20220003107,2022-02-12,17:50:00,4,Collision with a fixed object,6,Saturday,173,RIGHT OFF CARRIAGEWAY INTO OBJECT/PARKED VEHICLE,1,709468,Not at intersection,2,100,Arterial Other,STAWELL-AVOCA,NORTHERN GRAMPIANS,-36.90015,143.07289,2022,2,February,17,Afternoon Peak,Weekend
T20220003076,2022-02-12,13:37:00,4,Collision with a fixed object,6,Saturday,171,LEFT OFF CARRIAGEWAY INTO OBJECT/PARKED VEHICLE,1,711278,Not at intersection,3,60,Local Road,FOUNDATION,WYNDHAM,-37.81636,144.7653,2022,2,February,13,Midday,Weekend
T20220003095,2022-02-12,17:50:00,6,Vehicle overturned (no collision),6,Saturday,182,OFF CARRIAGEWAY ON LEFT BEND,1,173978,Not at intersection,3,100,Local Road,LATROBE RIVER,BAW BAW,-38.00932,146.0186,2022,2,February,17,Afternoon Peak,Weekend
T20220003112,2022-02-12,21:30:00,4,Collision with a fixed object,6,Saturday,173,RIGHT OFF CARRIAGEWAY INTO OBJECT/PARKED VEHICLE,3,42197,Cross intersection,3,80,Arterial Highway,NEPEAN,KINGSTON,-37.949116,145.046,2022,2,February,21,Night,Weekend
T20220003114,2022-02-12,20:20:00,4,Collision with a fixed object,6,Saturday,171,LEFT OFF CARRIAGEWAY INTO OBJECT/PARKED VEHICLE,1,705464,Not at intersection,2,50,Local Road,LESLIE,YARRA RANGES,-37.778366,145.5401,2022,2,February,20,Night,Weekend
T20220003077,2022-02-12,14:27:00,1,Collision with vehicle,6,Saturday,110,CROSS TRAFFIC(INTERSECTIONS ONLY),1,61270,Cross intersection,3,70,Arterial Other,GISBORNE-MELTON,MELTON,-37.65494,144.60168,2022,2,February,14,Midday,Weekend
T20220004826,2022-02-12,16:00:00,8,No collision and no object struck,6,Saturday,184,OUT OF CONTROL ON CARRIAGEWAY (ON BEND),1,706016,Not at intersection,3,100,Local Road,REDMAN,ARARAT,-37.25064,142.61345,2022,2,February,16,Afternoon Peak,Weekend
T20220003068,2022-02-12,13:07:00,4,Collision with a fixed object,6,Saturday,173,RIGHT OFF CARRIAGEWAY INTO OBJECT/PARKED VEHICLE,1,731371,Not at intersection,3,60,Local Road,RECREATION,BALLARAT,-37.605865,143.88947,2022,2,February,13,Midday,Weekend
T20220003303,2022-02-12,14:30:00,5,collision with some other object,6,Saturday,166,STRUCK OBJECT ON CARRIAGEWAY,1,707618,Not at intersection,2,80,Local Road,EILDON-JAMIESON,MANSFIELD,-37.27936,146.11145,2022,2,February,14,Midday,Weekend
T20220003067,2022-02-12,13:35:00,1,Collision with vehicle,6,Saturday,132,RIGHT REAR.,1,600027,Multiple intersection,3,60,Arterial Other,BULLA ROAD -MT ALEXANDER,MOONEE VALLEY,-37.74442,144.90999,2022,2,February,13,Midday,Weekend
T20220003066,2022-02-12,13:20:00,1,Collision with vehicle,6,Saturday,137,LEFT TURN SIDESWIPE,1,716173,Not at intersection,2,60,Local Road,MONT ALBERT,BOROONDARA,-37.81885,145.08478,2022,2,February,13,Midday,Weekend
T20220003050,2022-02-12,09:15:00,1,Collision with vehicle,6,Saturday,110,CROSS TRAFFIC(INTERSECTIONS ONLY),1,38478,Cross intersection,3,50,Local Road,HUTCHINSON,YARRA RANGES,-37.758442,145.34792,2022,2,February,9,Morning Peak,Weekend
T20220003202,2022-02-12,08:30:00,1,Collision with vehicle,6,Saturday,130,REAR END(VEHICLES IN SAME LANE),1,731377,Not at intersection,3,60,Arterial Other,ALBERT,PORT PHILLIP,-37.835274,144.97098,2022,2,February,8,Morning Peak,Weekend
T20230022162,2022-02-12,21:30:00,1,Collision with vehicle,6,Saturday,130,REAR END(VEHICLES IN SAME LANE),2,781504,Not at intersection,3,80,Arterial Other,SYDNEY,HUME,-37.66705,144.95508,2022,2,February,21,Night,Weekend
T20220003065,2022-02-12,10:55:00,1,Collision with vehicle,6,Saturday,110,CROSS TRAFFIC(INTERSECTIONS ONLY),1,36066,Cross intersection,3,60,Arterial Highway,RACECOURSE,MELBOURNE,-37.789173,144.94002,2022,2,February,10,Midday,Weekend
T20220003063,2022-02-12,04:00:00,6,Vehicle overturned (no collision),6,Saturday,184,OUT OF CONTROL ON CARRIAGEWAY (ON BEND),3,288432,T intersection,3,80,Local Road,CURETON,MILDURA,-34.19931,142.18994,2022,2,February,4,Late Night,Weekend
T20220003061,2022-02-12,10:23:00,1,Collision with vehicle,6,Saturday,132,RIGHT REAR.,1,43373,T intersection,2,60,Arterial Other,SEAFORD,FRANKSTON,-38.110706,145.13211,2022,2,February,10,Midday,Weekend
T20220003116,2022-02-12,20:30:00,1,Collision with vehicle,6,Saturday,121,RIGHT THROUGH,3,61817,T intersection,1,50,Local Road,LAHINCH,HUME,-37.692802,144.9255,2022,2,February,20,Night,Weekend
T20220003115,2022-02-12,23:00:00,4,Collision with a fixed object,6,Saturday,141,U TURN INTO FIXED OBJECT/PARKED VEHICLE,3,29565,T intersection,3,60,Arterial Highway,WHITEHORSE,WHITEHORSE,-37.8189,145.13062,2022,2,February,23,Night,Weekend
T20220028782,2022-02-12,17:00:00,1,Collision with vehicle,6,Saturday,113,RIGHT NEAR (INTERSECTIONS ONLY),1,742316,T intersection,3,50,Local Road,FIRST,MORNINGTON PENINSULA,-38.358315,144.89584,2022,2,February,17,Afternoon Peak,Weekend
T20220003081,2022-02-12,15:05:00,1,Collision with vehicle,6,Saturday,113,RIGHT NEAR (INTERSECTIONS ONLY),1,602124,T intersection,3,100,Arterial Highway,BASS,BASS COAST,-38.488197,145.4641,2022,2,February,15,Afternoon Peak,Weekend
T20220003093,2022-02-12,17:41:00,1,Collision with vehicle,6,Saturday,116,LEFT NEAR (INTERSECTIONS ONLY),1,707123,T intersection,2,50,Local Road,ASHLEIGH,FRANKSTON,-38.139988,145.14827,2022,2,February,17,Afternoon Peak,Weekend
T20220003518,2022-02-12,10:30:00,5,collision with some other object,6,Saturday,166,STRUCK OBJECT ON CARRIAGEWAY,1,705470,Not at intersection,3,60,Local Road,OLD BEENAK,YARRA RANGES,-37.86029,145.54391,2022,2,February,10,Midday,Weekend
T20220003090,2022-02-12,17:20:00,1,Collision with vehicle,6,Saturday,120,HEAD ON (NOT OVERTAKING),1,731373,Not at intersection,3,80,Arterial Highway,GREAT OCEAN,COLAC OTWAY,-38.70455,143.77449,2022,2,February,17,Afternoon Peak,Weekend
T20220003044,2022-02-12,02:53:00,4,Collision with a fixed object,6,Saturday,171,LEFT OFF CARRIAGEWAY INTO OBJECT/PARKED VEHICLE,3,707005,Not at intersection,2,60,Arterial Other,MT ALEXANDER,MOONEE VALLEY,-37.784206,144.93736,2022,2,February,2,Late Night,Weekend
T20220003072,2022-02-12,06:12:00,1,Collision with vehicle,6,Saturday,121,RIGHT THROUGH,1,38531,Cross intersection,2,70,Arterial Other,LITTLE BOUNDARY,WYNDHAM,-37.81877,144.8191,2022,2,February,6,Morning Peak,Weekend
T20220003099,2022-02-12,17:00:00,4,Collision with a fixed object,6,Saturday,183,OFF LEFT BEND INTO OBJECT/PARKED VEHICLE,1,720265,T intersection,2,100,Local Road,BEENAK EAST,CARDINIA,-37.949223,145.5793,2022,2,February,17,Afternoon Peak,Weekend
T20220003055,2022-02-12,09:08:00,4,Collision with a fixed object,6,Saturday,173,RIGHT OFF CARRIAGEWAY INTO OBJECT/PARKED VEHICLE,1,706223,Not at intersection,2,60,Arterial Other,MAIN HURSTBRIDGE,NILLUMBIK,-37.672276,145.1682,2022,2,February,9,Morning Peak,Weekend
T20220004060,2022-02-12,14:30:00,8,No collision and no object struck,6,Saturday,179,OTHER ACCIDENTS-OFF STRAIGHT NOT INCLUDED IN DCAs 170-175,1,707121,Not at intersection,3,50,Local Road,HUME,CAMPASPE,-36.126617,144.75508,2022,2,February,14,Midday,Weekend
T20220003119,2022-02-12,23:46:00,4,Collision with a fixed object,6,Saturday,171,LEFT OFF CARRIAGEWAY INTO OBJECT/PARKED VEHICLE,5,720015,Not at intersection,1,100,Local Road,BARNADOWN-KNOWSLEY,CAMPASPE,-36.69827,144.55008,2022,2,February,23,Night,Weekend
T20220003075,2022-02-12,14:20:00,1,Collision with vehicle,6,Saturday,110,CROSS TRAFFIC(INTERSECTIONS ONLY),1,59066,Cross intersection,3,60,Local Road,NIXON,SHEPPARTON,-36.376778,145.39873,2022,2,February,14,Midday,Weekend
T20220003062,2022-02-12,06:56:00,1,Collision with vehicle,6,Saturday,130,REAR END(VEHICLES IN SAME LANE),1,715939,Not at intersection,3,80,Arterial Other,PRINCES,CASEY,-38.028908,145.32765,2022,2,February,6,Morning Peak,Weekend
T20220003069,2022-02-12,10:15:00,4,Collision with a fixed object,6,Saturday,171,LEFT OFF CARRIAGEWAY INTO OBJECT/PARKED VEHICLE,1,731372,T intersection,3,60,Arterial Other,BALLARAT-CARNGHAM,BALLARAT,-37.568012,143.79434,2022,2,February,10,Midday,Weekend
T20220003669,2022-02-12,08:30:00,8,No collision and no object struck,6,Saturday,174,OUT OF CONTROL ON CARRIAGEWAY (ON STRAIGHT),1,704835,Not at intersection,3,60,Local Road,PETTAVEL,SURF COAST,-38.22382,144.24377,2022,2,February,8,Morning Peak,Weekend
T20220003059,2022-02-12,10:30:00,1,Collision with vehicle,6,Saturday,116,LEFT NEAR (INTERSECTIONS ONLY),1,73287,Cross intersection,2,100,Arterial Highway,PRINCES,COLAC OTWAY,-38.295963,143.80583,2022,2,February,10,Midday,Weekend
T20220003170,2022-02-12,12:30:00,2,Struck Pedestrian,6,Saturday,102,FAR SIDE. PED HIT BY VEHICLE FROM THE LEFT,1,705465,Not at intersection,2,60,Local Road,EXFORD,MELTON,-37.719475,144.57233,2022,2,February,12,Midday,Weekend
T20220003078,2022-02-12,13:10:00,6,Vehicle overturned (no collision),6,Saturday,174,OUT OF CONTROL ON CARRIAGEWAY (ON STRAIGHT),1,704656,Not at intersection,2,60,Arterial Other,BEACH,BAYSIDE,-37.98977,145.02858,2022,2,February,13,Midday,Weekend
T20220003100,2022-02-12,18:20:00,4,Collision with a fixed object,6,Saturday,171,LEFT OFF CARRIAGEWAY INTO OBJECT/PARKED VEHICLE,1,707120,Not at intersection,3,50,Local Road,GOLDSWORTHY,NILLUMBIK,-37.66925,145.10048,2022,2,February,18,Afternoon Peak,Weekend
T20220003148,2022-02-13,13:45:00,1,Collision with vehicle,7,Sunday,121,RIGHT THROUGH,1,658392,Cross intersection,3,80,Arterial Highway,MAROONDAH,YARRA RANGES,-37.76137,145.31064,2022,2,February,13,Midday,Weekend
T20220003152,2022-02-13,14:05:00,1,Collision with vehicle,7,Sunday,110,CROSS TRAFFIC(INTERSECTIONS ONLY),1,38041,Cross intersection,3,60,Arterial Other,STATION,DAREBIN,-37.77171,145.01935,2022,2,February,14,Midday,Weekend
T20220003663,2022-02-13,20:15:00,6,Vehicle overturned (no collision),7,Sunday,174,OUT OF CONTROL ON CARRIAGEWAY (ON STRAIGHT),9,704833,Not at intersection,2,60,Arterial Highway,POINT NEPEAN,MORNINGTON PENINSULA,-38.34117,144.94539,2022,2,February,20,Night,Weekend
T20220009528,2022-02-13,13:15:00,1,Collision with vehicle,7,Sunday,130,REAR END(VEHICLES IN SAME LANE),1,713512,Not at intersection,3,50,Arterial Highway,MELBA,YARRA RANGES,-37.659554,145.37404,2022,2,February,13,Midday,Weekend
T20220003132,2022-02-13,10:02:00,1,Collision with vehicle,7,Sunday,120,HEAD ON (NOT OVERTAKING),1,704657,Not at intersection,2,60,Local Road,LINCOLN,MAROONDAH,-37.78921,145.30553,2022,2,February,10,Midday,Weekend
T20220012400,2022-02-13,20:10:00,1,Collision with vehicle,7,Sunday,112,LEFT FAR (INTERSECTIONS ONLY),2,714255,Cross intersection,3,60,Arterial Other,MONTAGUE,PORT PHILLIP,-37.832672,144.95203,2022,2,February,20,Night,Weekend
T20220003157,2022-02-13,15:13:00,1,Collision with vehicle,7,Sunday,130,REAR END(VEHICLES IN SAME LANE),1,42593,T intersection,2,60,Arterial Other,JACKSONS,DANDENONG,-37.941063,145.19257,2022,2,February,15,Afternoon Peak,Weekend
T20220006507,2022-02-13,18:18:00,6,Vehicle overturned (no collision),7,Sunday,174,OUT OF CONTROL ON CARRIAGEWAY (ON STRAIGHT),1,35882,T intersection,3,50,Local Road,BOLDREWOOD,DAREBIN,-37.716156,145.0219,2022,2,February,18,Afternoon Peak,Weekend
T20220003300,2022-02-13,10:45:00,1,Collision with vehicle,7,Sunday,132,RIGHT REAR.,1,51808,T intersection,2,50,Arterial Highway,DUKE,MOUNT ALEXANDER,-37.07049,144.22882,2022,2,February,10,Midday,Weekend
T20220003138,2022-02-13,12:37:00,1,Collision with vehicle,7,Sunday,130,REAR END(VEHICLES IN SAME LANE),1,708696,Not at intersection,3,80,Arterial Other,STUD,KNOX,-37.86033,145.23982,2022,2,February,12,Midday,Weekend
T20220003159,2022-02-13,08:40:00,4,Collision with a fixed object,7,Sunday,171,LEFT OFF CARRIAGEWAY INTO OBJECT/PARKED VEHICLE,1,704658,T intersection,3,60,Local Road,EDWARDS,BENDIGO,-36.719673,144.28027,2022,2,February,8,Morning Peak,Weekend
T20220003160,2022-02-13,15:15:00,1,Collision with vehicle,7,Sunday,110,CROSS TRAFFIC(INTERSECTIONS ONLY),1,704551,Cross intersection,3,50,Local Road,PENGANA,MORELAND,-37.709747,144.90643,2022,2,February,15,Afternoon Peak,Weekend
T20220003162,2022-02-13,14:53:00,4,Collision with a fixed object,7,Sunday,183,OFF LEFT BEND INTO OBJECT/PARKED VEHICLE,1,704732,Not at intersection,1,60,Arterial Other,MOUNT MACEDON,MACEDON RANGES,-37.36633,144.60774,2022,2,February,14,Midday,Weekend
T20220003122,2022-02-13,00:30:00,4,Collision with a fixed object,7,Sunday,171,LEFT OFF CARRIAGEWAY INTO OBJECT/PARKED VEHICLE,3,707004,Not at intersection,3,50,Local Road,SALLY,KNOX,-37.871376,145.22218,2022,2,February,0,Late Night,Weekend
T20220003487,2022-02-13,20:25:00,1,Collision with vehicle,7,Sunday,160,VEHICLE COLLIDES WITH VEHICLE PARKED ON LEFT OF ROAD,2,704775,Not at intersection,3,60,Arterial Other,TOORAK,STONNINGTON,-37.839737,144.99757,2022,2,February,20,Night,Weekend
T20220003117,2022-02-13,01:20:00,4,Collision with a fixed object,7,Sunday,181,OFF RIGHT BEND INTO OBJECT/PARKED VEHICLE,5,707002,Not at intersection,3,70,Local Road,CALDER PARK,BRIMBANK,-37.68181,144.7589,2022,2,February,1,Late Night,Weekend
T20220003178,2022-02-13,18:30:00,1,Collision with vehicle,7,Sunday,152,PULLING OUT (OVERTAKING),2,784528,T intersection,2,100,Arterial Highway,MURRAY VALLEY,SWAN HILL,-35.22055,143.44644,2022,2,February,18,Afternoon Peak,Weekend
T20220003179,2022-02-13,14:31:00,1,Collision with vehicle,7,Sunday,120,HEAD ON (NOT OVERTAKING),1,709404,Not at intersection,1,80,Arterial Other,ELTHAM-YARRA GLEN,NILLUMBIK,-37.650513,145.28693,2022,2,February,14,Midday,Weekend
T20220003608,2022-02-13,14:40:00,8,No collision and no object struck,7,Sunday,174,OUT OF CONTROL ON CARRIAGEWAY (ON STRAIGHT),1,704784,Not at intersection,3,40,Local Road,CHAPEL,STONNINGTON,-37.84416,144.99467,2022,2,February,14,Midday,Weekend
T20220003197,2022-02-13,23:59:00,1,Collision with vehicle,7,Sunday,147,VEHICLE STRIKES ANOTHER VEH WHILE EMERGING FROM DRIVEWAY,3,249380,Not at intersection,2,70,Arterial Other,COBURG-CRAIGIEBURN,HUME,-37.68785,144.95805,2022,2,February,23,Night,Weekend
T20220003180,2022-02-13,13:44:00,1,Collision with vehicle,7,Sunday,160,VEHICLE COLLIDES WITH VEHICLE PARKED ON LEFT OF ROAD,1,708641,Not at intersection,3,100,Local Road,PEPPERS,SOUTHERN GRAMPIANS,-37.745983,141.73384,2022,2,February,13,Midday,Weekend
T20220003416,2022-02-13,11:20:00,6,Vehicle overturned (no collision),7,Sunday,174,OUT OF CONTROL ON CARRIAGEWAY (ON STRAIGHT),1,704526,T intersection,3,80,Arterial Other,MARYSVILLE-WOODS POINT,MURRINDINDI,-37.530148,145.82394,2022,2,February,11,Midday,Weekend
T20220003181,2022-02-13,18:35:00,1,Collision with vehicle,7,Sunday,130,REAR END(VEHICLES IN SAME LANE),2,724420,Not at intersection,3,60,Local Road,AITKEN,HUME,-37.627304,144.91374,2022,2,February,18,Afternoon Peak,Weekend
T20220003139,2022-02-13,11:37:00,1,Collision with vehicle,7,Sunday,140,U TURN,1,711247,Not at intersection,3,60,Arterial Other,TOORONGA,BOROONDARA,-37.842926,145.04543,2022,2,February,11,Midday,Weekend
T20220003188,2022-02-13,14:00:00,4,Collision with a fixed object,7,Sunday,181,OFF RIGHT BEND INTO OBJECT/PARKED VEHICLE,1,712421,Not at intersection,2,50,Local Road,HEVERSHAM,HUME,-37.639553,144.88345,2022,2,February,14,Midday,Weekend
T20220003123,2022-02-13,03:07:00,4,Collision with a fixed object,7,Sunday,171,LEFT OFF CARRIAGEWAY INTO OBJECT/PARKED VEHICLE,3,249362,T intersection,3,50,Local Road,MUNRO,DAREBIN,-37.770405,145.00792,2022,2,February,3,Late Night,Weekend
T20220003189,2022-02-13,21:46:00,1,Collision with vehicle,7,Sunday,121,RIGHT THROUGH,3,29710,Cross intersection,3,60,Arterial Highway,PRINCES,DANDENONG,-37.975204,145.2037,2022,2,February,21,Night,Weekend
T20220003270,2022-02-13,17:36:00,1,Collision with vehicle,7,Sunday,110,CROSS TRAFFIC(INTERSECTIONS ONLY),1,708012,Cross intersection,3,60,Arterial Other,MELBOURNE-LANCEFIELD,MACEDON RANGES,-37.27758,144.7367,2022,2,February,17,Afternoon Peak,Weekend
T20220003140,2022-02-13,02:45:00,1,Collision with vehicle,7,Sunday,130,REAR END(VEHICLES IN SAME LANE),3,731374,Not at intersection,3,60,Arterial Highway,FOOTSCRAY,MELBOURNE,-37.809307,144.93222,2022,2,February,2,Late Night,Weekend
T20220003146,2022-02-13,08:30:00,1,Collision with vehicle,7,Sunday,160,VEHICLE COLLIDES WITH VEHICLE PARKED ON LEFT OF ROAD,1,731375,T intersection,2,50,Local Road,GROVE END,CASEY,-37.972393,145.25331,2022,2,February,8,Morning Peak,Weekend
T20220003822,2022-02-13,10:30:00,6,Vehicle overturned (no collision),7,Sunday,184,OUT OF CONTROL ON CARRIAGEWAY (ON BEND),1,706108,Not at intersection,2,80,Local Road,LOCH-WONTHAGGI,SOUTH GIPPSLAND,-38.415493,145.7017,2022,2,February,10,Midday,Weekend
T20220003659,2022-02-13,17:30:00,6,Vehicle overturned (no collision),7,Sunday,184,OUT OF CONTROL ON CARRIAGEWAY (ON BEND),1,711248,Not at intersection,3,80,Local Road,MT BIG BEN,ALPINE,-36.430336,146.943,2022,2,February,17,Afternoon Peak,Weekend
T20220003223,2022-02-13,11:30:00,1,Collision with vehicle,7,Sunday,121,RIGHT THROUGH,1,279060,Cross intersection,2,70,Arterial Highway,DANDENONG,DANDENONG,-37.997585,145.16223,2022,2,February,11,Midday,Weekend