ACCIDENT_NO,ACCIDENT_DATE,ACCIDENT_TIME,ACCIDENT_TYPE,ACCIDENT_TYPE_DESC,DAY_OF_WEEK,DAY_WEEK_DESC,DCA_CODE,DCA_DESC,LIGHT_CONDITION,NODE_ID,ROAD_GEOMETRY_DESC,SEVERITY,SPEED_ZONE,RMA,ROAD_NAME,LGA_NAME,LATITUDE,LONGITUDE,YEAR,MONTH,MONTH_NAME,HOUR,TIME_PERIOD,DAY_TYPE
T20220003131,2022-02-13,10:30:00,1,Collision with vehicle,7,Sunday,121,RIGHT THROUGH,1,34021,T intersection,3,80,Arterial Highway,BURWOOD,KNOX,-37.870857,145.24144,2022,2,February,10,Midday,Weekend
T20220003136,2022-02-13,09:40:00,1,Collision with vehicle,7,Sunday,113,RIGHT NEAR (INTERSECTIONS ONLY),1,343693,Y intersection,2,70,Arterial Other,PEEL,CASEY,-38.035957,145.35468,2022,2,February,9,Morning Peak,Weekend
T20220003233,2022-02-13,12:54:00,1,Collision with vehicle,7,Sunday,110,CROSS TRAFFIC(INTERSECTIONS ONLY),1,54183,Multiple intersection,3,80,Freeway,OLD MELBOURNE,MOORABOOL,-37.59822,144.2584,2022,2,February,12,Midday,Weekend
T20220003143,2022-02-13,11:59:00,1,Collision with vehicle,7,Sunday,130,REAR END(VEHICLES IN SAME LANE),1,778483,Not at intersection,3,100,Freeway,MONASH,DANDENONG,-37.961742,145.22832,2022,2,February,11,Midday,Weekend
T20220008255,2022-02-13,15:00:00,1,Collision with vehicle,7,Sunday,121,RIGHT THROUGH,1,710695,Not at intersection,3,90,Arterial Highway,DANDENONG-HASTINGS,CASEY,-38.055347,145.24393,2022,2,February,15,Afternoon Peak,Weekend
T20220003130,2022-02-13,07:25:00,1,Collision with vehicle,7,Sunday,113,RIGHT NEAR (INTERSECTIONS ONLY),1,42577,Cross intersection,2,80,Arterial Highway,WELLINGTON,MONASH,-37.92123,145.18103,2022,2,February,7,Morning Peak,Weekend
T20220003440,2022-02-14,19:30:00,1,Collision with vehicle,1,Monday,160,VEHICLE COLLIDES WITH VEHICLE PARKED ON LEFT OF ROAD,1,704829,Not at intersection,2,60,Arterial Other,HOTHAM,PORT PHILLIP,-37.86384,145.00049,2022,2,February,19,Night,Weekday
T20220003235,2022-02-14,14:05:00,4,Collision with a fixed object,1,Monday,171,LEFT OFF CARRIAGEWAY INTO OBJECT/PARKED VEHICLE,1,707763,Not at intersection,3,100,Local Road,MT WILLIAM,MACEDON RANGES,-37.287712,144.8065,2022,2,February,14,Midday,Weekday
T20220003916,2022-02-14,17:00:00,4,Collision with a fixed object,1,Monday,183,OFF LEFT BEND INTO OBJECT/PARKED VEHICLE,1,708015,Not at intersection,3,50,Local Road,LAKESIDE,CARDINIA,-37.921276,145.44751,2022,2,February,17,Afternoon Peak,Weekday
T20220005641,2022-02-14,14:30:00,1,Collision with vehicle,1,Monday,132,RIGHT REAR.,1,712359,T intersection,3,60,Arterial Highway,BELL,BANYULE,-37.75239,145.04918,2022,2,February,14,Midday,Weekday
T20220003214,2022-02-14,09:10:00,1,Collision with vehicle,1,Monday,121,RIGHT THROUGH,1,36557,Cross intersection,2,40,Arterial Other,JOHNSTON,YARRA,-37.798958,144.98427,2022,2,February,9,Morning Peak,Weekday
T20220003210,2022-02-14,07:55:00,1,Collision with vehicle,1,Monday,121,RIGHT THROUGH,1,42256,T intersection,2,60,Arterial Other,CENTRE,GLEN EIRA,-37.921555,145.06216,2022,2,February,7,Morning Peak,Weekday
T20220003207,2022-02-14,05:55:00,4,Collision with a fixed object,1,Monday,183,OFF LEFT BEND INTO OBJECT/PARKED VEHICLE,5,710120,Not at intersection,3,100,Arterial Other,BALLARAT-MARYBOROUGH,CENTRAL GOLDFIELDS,-37.08588,143.72491,2022,2,February,5,Morning Peak,Weekday
T20220003201,2022-02-14,06:15:00,4,Collision with a fixed object,1,Monday,171,LEFT OFF CARRIAGEWAY INTO OBJECT/PARKED VEHICLE,3,707767,Not at intersection,3,80,Arterial Other,SYDNEY,HUME,-37.653854,144.95312,2022,2,February,6,Morning Peak,Weekday
T20220003198,2022-02-14,01:00:00,1,Collision with vehicle,1,Monday,110,CROSS TRAFFIC(INTERSECTIONS ONLY),3,278453,Cross intersection,2,40,Local Road,HARBOUR,MELBOURNE,-37.821014,144.94743,2022,2,February,1,Late Night,Weekday
T20220003405,2022-02-14,07:00:00,1,Collision with vehicle,1,Monday,137,LEFT TURN SIDESWIPE,1,38851,Not at intersection,3,70,Arterial Highway,HODDLE,YARRA,-37.79889,144.99313,2022,2,February,7,Morning Peak,Weekday
T20220003389,2022-02-14,19:00:00,8,No collision and no object struck,1,Monday,179,OTHER ACCIDENTS-OFF STRAIGHT NOT INCLUDED IN DCAs 170-175,1,724802,Not at intersection,3,70,Arterial Highway,BELLARINE,GEELONG,-38.173187,144.4008,2022,2,February,19,Night,Weekday
T20220003388,2022-02-14,15:45:00,1,Collision with vehicle,1,Monday,130,REAR END(VEHICLES IN SAME LANE),1,709406,Cross intersection,3,70,Arterial Other,CANTERBURY,MAROONDAH,-37.826023,145.2875,2022,2,February,15,Afternoon Peak,Weekday
T20220003385,2022-02-14,06:00:00,1,Collision with vehicle,1,Monday,110,CROSS TRAFFIC(INTERSECTIONS ONLY),3,45064,Cross intersection,3,60,Local Road,DEVONSHIRE,BRIMBANK,-37.784866,144.83206,2022,2,February,6,Morning Peak,Weekday
T20220011021,2022-02-14,15:30:00,1,Collision with vehicle,1,Monday,130,REAR END(VEHICLES IN SAME LANE),1,778485,Not at intersection,3,40,Arterial Highway,MIDLAND,SHEPPARTON,-36.396584,145.46146,2022,2,February,15,Afternoon Peak,Weekday
T20220005271,2022-02-14,18:05:00,1,Collision with vehicle,1,Monday,121,RIGHT THROUGH,1,654413,Cross intersection,3,60,Arterial Other,WANTIRNA,MAROONDAH,-37.832474,145.22733,2022,2,February,18,Afternoon Peak,Weekday
T20220003498,2022-02-14,12:50:00,1,Collision with vehicle,1,Monday,130,REAR END(VEHICLES IN SAME LANE),1,706716,Not at intersection,3,50,Local Road,THE BIRCHES,CASEY,-37.995693,145.23901,2022,2,February,12,Midday,Weekday
T20220003506,2022-02-14,23:10:00,1,Collision with vehicle,1,Monday,136,RIGHT TURN SIDESWIPE,3,241,Cross intersection,3,40,Local Road,ALBERT,MELBOURNE,-37.809246,144.97298,2022,2,February,23,Night,Weekday
T20220007172,2022-02-14,08:50:00,1,Collision with vehicle,1,Monday,113,RIGHT NEAR (INTERSECTIONS ONLY),1,49701,T intersection,3,60,Arterial Other,ANAKIE,GEELONG,-38.085354,144.33646,2022,2,February,8,Morning Peak,Weekday
T20220003938,2022-02-14,14:30:00,1,Collision with vehicle,1,Monday,134,LANE CHANGE RIGHT (NOT OVERTAKING),1,707525,T intersection,3,60,Arterial Highway,LOWER PLENTY ROAD -ROSANNA,BANYULE,-37.737106,145.07512,2022,2,February,14,Midday,Weekday
T20220003357,2022-02-14,18:30:00,1,Collision with vehicle,1,Monday,130,REAR END(VEHICLES IN SAME LANE),2,71222,Cross intersection,3,60,Local Road,AHERN,CARDINIA,-38.065033,145.48482,2022,2,February,18,Afternoon Peak,Weekday
T20220003331,2022-02-14,20:00:00,1,Collision with vehicle,1,Monday,113,RIGHT NEAR (INTERSECTIONS ONLY),9,37736,T intersection,3,40,Arterial Other,TOORAK,STONNINGTON,-37.840134,145.0009,2022,2,February,20,Night,Weekday
T20220003317,2022-02-14,17:45:00,1,Collision with vehicle,1,Monday,121,RIGHT THROUGH,1,338242,Cross intersection,2,60,Local Road,HENRY,CARDINIA,-38.075085,145.43747,2022,2,February,17,Afternoon Peak,Weekday
T20220003292,2022-02-14,08:40:00,1,Collision with vehicle,1,Monday,130,REAR END(VEHICLES IN SAME LANE),1,710259,Not at intersection,3,80,Freeway,MONASH,MONASH,-37.936577,145.19373,2022,2,February,8,Morning Peak,Weekday
T20220005011,2022-02-14,18:15:00,1,Collision with vehicle,1,Monday,111,RIGHT FAR (INTERSECTIONS ONLY),9,35414,Cross intersection,3,40,Arterial Other,ALEXANDRA,STONNINGTON,-37.834843,144.99655,2022,2,February,18,Afternoon Peak,Weekday
T20220003288,2022-02-14,12:40:00,1,Collision with vehicle,1,Monday,110,CROSS TRAFFIC(INTERSECTIONS ONLY),1,44791,Cross intersection,2,60,Arterial Highway,BAILLIE,HORSHAM,-36.711765,142.20227,2022,2,February,12,Midday,Weekday
T20220003286,2022-02-14,08:24:00,1,Collision with vehicle,1,Monday,121,RIGHT THROUGH,1,706938,T intersection,2,60,Local Road,OLD LILYDALE,MAROONDAH,-37.798313,145.25476,2022,2,February,8,Morning Peak,Weekday
T20220003281,2022-02-14,18:50:00,1,Collision with vehicle,1,Monday,113,RIGHT NEAR (INTERSECTIONS ONLY),1,221987,Multiple intersection,3,80,Freeway,HUME OUT-COOPER,WHITTLESEA,-37.64825,144.98973,2022,2,February,18,Afternoon Peak,Weekday
T20220003279,2022-02-14,22:47:00,8,No collision and no object struck,1,Monday,170,OFF CARRIAGEWAY TO LEFT,3,261894,Not at intersection,2,50,Local Road,WESTFIELD,MOONEE VALLEY,-37.713398,144.88426,2022,2,February,22,Night,Weekday
T20220003276,2022-02-14,16:45:00,1,Collision with vehicle,1,Monday,121,RIGHT THROUGH,1,1303,Cross intersection,3,80,Arterial Other,BARRY,HUME,-37.66725,144.95479,2022,2,February,16,Afternoon Peak,Weekday
T20220003275,2022-02-14,14:43:00,1,Collision with vehicle,1,Monday,113,RIGHT NEAR (INTERSECTIONS ONLY),1,708013,T intersection,3,60,Local Road,ARENA,HUME,-37.628925,144.91505,2022,2,February,14,Midday,Weekday
T20220003274,2022-02-14,17:30:00,1,Collision with vehicle,1,Monday,110,CROSS TRAFFIC(INTERSECTIONS ONLY),1,244234,Cross intersection,3,80,Arterial Highway,CALDER,BENDIGO,-36.742226,144.20416,2022,2,February,17,Afternoon Peak,Weekday
T20220003269,2022-02-14,16:47:00,1,Collision with vehicle,1,Monday,160,VEHICLE COLLIDES WITH VEHICLE PARKED ON LEFT OF ROAD,1,704951,Not at intersection,2,60,Arterial Other,BEACH,BAYSIDE,-37.936386,144.99716,2022,2,February,16,Afternoon Peak,Weekday
T20220004035,2022-02-14,15:37:00,1,Collision with vehicle,1,Monday,130,REAR END(VEHICLES IN SAME LANE),1,710801,Not at intersection,3,80,Arterial Other,CRAIGIEBURN,WHITTLESEA,-37.60847,145.03085,2022,2,February,15,Afternoon Peak,Weekday
T20220003267,2022-02-14,19:30:00,1,Collision with vehicle,1,Monday,120,HEAD ON (NOT OVERTAKING),2,709405,Not at intersection,2,60,Local Road,BOUNDARY,BALLARAT,-37.578594,143.90527,2022,2,February,19,Night,Weekday
T20220003265,2022-02-14,15:50:00,1,Collision with vehicle,1,Monday,132,RIGHT REAR.,1,704743,T intersection,3,60,Arterial Other,RESERVOIR,BENDIGO,-36.769238,144.31474,2022,2,February,15,Afternoon Peak,Weekday
T20220003263,2022-02-14,17:14:00,4,Collision with a fixed object,1,Monday,183,OFF LEFT BEND INTO OBJECT/PARKED VEHICLE,1,707768,Not at intersection,2,80,Local Road,KONAGADERRA,MACEDON RANGES,-37.50178,144.77023,2022,2,February,17,Afternoon Peak,Weekday
T20220003262,2022-02-14,15:20:00,4,Collision with a fixed object,1,Monday,146,REVERSING INTO FIXED OBJECT/PARKED VEHICLE,1,704669,Not at intersection,3,50,Local Road,FERNLEA,LATROBE,-38.206078,146.51962,2022,2,February,15,Afternoon Peak,Weekday
T20220003261,2022-02-14,17:04:00,1,Collision with vehicle,1,Monday,149,OTHER MANOEUVRING NOT INCLUDED IN DCAs 140-148,1,774731,Not at intersection,3,40,Arterial Other,LATHAMS,FRANKSTON,-38.09886,145.16786,2022,2,February,17,Afternoon Peak,Weekday
T20220003260,2022-02-14,16:20:00,1,Collision with vehicle,1,Monday,130,REAR END(VEHICLES IN SAME LANE),1,704668,Not at intersection,3,60,Arterial Other,PIONEER,GEELONG,-38.20158,144.32875,2022,2,February,16,Afternoon Peak,Weekday
T20220003259,2022-02-14,16:45:00,1,Collision with vehicle,1,Monday,113,RIGHT NEAR (INTERSECTIONS ONLY),1,704667,T intersection,3,60,Arterial Other,ROSSITER,CARDINIA,-38.202755,145.48256,2022,2,February,16,Afternoon Peak,Weekday
T20220003258,2022-02-14,17:55:00,1,Collision with vehicle,1,Monday,113,RIGHT NEAR (INTERSECTIONS ONLY),1,44463,T intersection,3,70,Arterial Highway,LATROBE,GEELONG,-38.151726,144.35197,2022,2,February,17,Afternoon Peak,Weekday
T20220003257,2022-02-14,15:25:00,1,Collision with vehicle,1,Monday,173,RIGHT OFF CARRIAGEWAY INTO OBJECT/PARKED VEHICLE,1,713703,Not at intersection,2,60,Arterial Other,FRANKSTON-FLINDERS,MORNINGTON PENINSULA,-38.224937,145.17671,2022,2,February,15,Afternoon Peak,Weekday
T20220003255,2022-02-14,16:07:00,2,Struck Pedestrian,1,Monday,101,PED EMERGES FROM IN FRONT OF PARKED OR STATIONARY VEHICLE,1,712058,Not at intersection,2,60,Arterial Other,CENTRE,KINGSTON,-37.926723,145.10428,2022,2,February,16,Afternoon Peak,Weekday
T20220003253,2022-02-14,15:30:00,1,Collision with vehicle,1,Monday,130,REAR END(VEHICLES IN SAME LANE),1,704666,Not at intersection,3,50,Local Road,CLARKE,DAREBIN,-37.77738,145.00427,2022,2,February,15,Afternoon Peak,Weekday
T20220003250,2022-02-14,07:20:00,1,Collision with vehicle,1,Monday,153,CUTTING IN (OVERTAKING),1,704828,Not at intersection,3,100,Arterial Highway,SOUTH GIPPSLAND,SOUTH GIPPSLAND,-38.542137,145.9477,2022,2,February,7,Morning Peak,Weekday
T20220003249,2022-02-14,15:33:00,1,Collision with vehicle,1,Monday,120,HEAD ON (NOT OVERTAKING),1,705466,Not at intersection,3,50,Local Road,KAURI,GLENELG,-38.365883,141.59622,2022,2,February,15,Afternoon Peak,Weekday
T20220003248,2022-02-14,15:45:00,6,Vehicle overturned (no collision),1,Monday,184,OUT OF CONTROL ON CARRIAGEWAY (ON BEND),1,704665,Multiple intersection,3,80,Arterial Highway,GREENSBOROUGH,BANYULE,-37.695305,145.09227,2022,2,February,15,Afternoon Peak,Weekday
T20220003246,2022-02-14,15:19:00,1,Collision with vehicle,1,Monday,140,U TURN,1,349655,Cross intersection,3,40,Arterial Other,BORDEAUX,MANNINGHAM,-37.78206,145.12378,2022,2,February,15,Afternoon Peak,Weekday
T20220003322,2022-02-15,11:50:00,6,Vehicle overturned (no collision),2,Tuesday,172,OFF CARRIAGEWAY TO RIGHT,1,707943,Not at intersection,3,100,Arterial Other,MORNINGTON-FLINDERS,MORNINGTON PENINSULA,-38.44497,144.97827,2022,2,February,11,Midday,Weekday
T20220003284,2022-02-15,03:25:00,3,Struck animal,2,Tuesday,167,STRUCK ANIMAL,3,704744,Not at intersection,3,60,Local Road,OLYMPIC,BENDIGO,-36.780884,144.22876,2022,2,February,3,Late Night,Weekday
T20220003285,2022-02-15,02:50:00,1,Collision with vehicle,2,Tuesday,110,CROSS TRAFFIC(INTERSECTIONS ONLY),3,710678,Cross intersection,3,60,Local Road,RATHDOWNE,MELBOURNE,-37.797535,144.97047,2022,2,February,2,Late Night,Weekday
T20220003337,2022-02-15,17:30:00,1,Collision with vehicle,2,Tuesday,110,CROSS TRAFFIC(INTERSECTIONS ONLY),1,514,Cross intersection,3,60,Arterial Highway,MAROONDAH,MAROONDAH,-37.814587,145.23103,2022,2,February,17,Afternoon Peak,Weekday
T20220005289,2022-02-15,13:15:00,1,Collision with vehicle,2,Tuesday,111,RIGHT FAR (INTERSECTIONS ONLY),1,706956,Cross intersection,3,70,Arterial Highway,CROOK,BENDIGO,-36.759262,144.31316,2022,2,February,13,Midday,Weekday
T20220004027,2022-02-15,12:15:00,7,Fall from or in moving vehicle,2,Tuesday,190,FELL IN/FROM VEHICLE,1,707465,Not at intersection,2,50,Local Road,TURNHAM,BANYULE,-37.743355,145.0667,2022,2,February,12,Midday,Weekday
T20220008159,2022-02-15,15:15:00,1,Collision with vehicle,2,Tuesday,130,REAR END(VEHICLES IN SAME LANE),9,710210,Not at intersection,3,70,Arterial Other,ELGAR,WHITEHORSE,-37.835167,145.1118,2022,2,February,15,Afternoon Peak,Weekday
T20220003354,2022-02-15,20:35:00,2,Struck Pedestrian,2,Tuesday,100,PED NEAR SIDE. PED HIT BY VEHICLE FROM THE RIGHT.,2,10752,Multiple intersection,2,60,Freeway,RACECOURSE,MOONEE VALLEY,-37.788857,144.93704,2022,2,February,20,Night,Weekday
T20220003334,2022-02-15,16:00:00,1,Collision with vehicle,2,Tuesday,120,HEAD ON (NOT OVERTAKING),1,704678,T intersection,3,100,Arterial Other,DAYLESFORD-MALMSBURY,HEPBURN,-37.20834,144.35535,2022,2,February,16,Afternoon Peak,Weekday
T20220005189,2022-02-15,20:30:00,6,Vehicle overturned (no collision),2,Tuesday,174,OUT OF CONTROL ON CARRIAGEWAY (ON STRAIGHT),5,706220,Not at intersection,3,80,Arterial Highway,MIDLAND,HEPBURN,-37.412113,143.98547,2022,2,February,20,Night,Weekday
T20220003296,2022-02-15,05:46:00,2,Struck Pedestrian,2,Tuesday,108,PED STRUCK WALKING TO/FROM OR BOARDING/ALIGHTING VEHICLE.,5,708016,Dead end,3,50,Local Road,ANZAC,MORELAND,-37.722366,144.96419,2022,2,February,5,Morning Peak,Weekday
T20220004262,2022-02-15,05:40:00,8,No collision and no object struck,2,Tuesday,174,OUT OF CONTROL ON CARRIAGEWAY (ON STRAIGHT),2,706143,Not at intersection,3,40,Local Road,CHAPEL,STONNINGTON,-37.851177,144.99347,2022,2,February,5,Morning Peak,Weekday
T20220003298,2022-02-15,09:15:00,1,Collision with vehicle,2,Tuesday,110,CROSS TRAFFIC(INTERSECTIONS ONLY),1,52985,Cross intersection,3,50,Local Road,RIPON,BALLARAT,-37.581882,143.83742,2022,2,February,9,Morning Peak,Weekday
T20220004186,2022-02-15,15:50:00,1,Collision with vehicle,2,Tuesday,121,RIGHT THROUGH,1,731403,Not at intersection,3,80,Arterial Other,PASCOE VALE,HUME,-37.661762,144.92323,2022,2,February,15,Afternoon Peak,Weekday
T20220003591,2022-02-15,07:00:00,1,Collision with vehicle,2,Tuesday,130,REAR END(VEHICLES IN SAME LANE),2,726333,Cross intersection,2,80,Arterial Other,CRANBOURNE-FRANKSTON,CASEY,-38.133858,145.2285,2022,2,February,7,Morning Peak,Weekday
T20220003776,2022-02-15,15:30:00,1,Collision with vehicle,2,Tuesday,130,REAR END(VEHICLES IN SAME LANE),1,705253,Not at intersection,3,40,Arterial Other,OGILVY,SOUTH GIPPSLAND,-38.479305,145.9542,2022,2,February,15,Afternoon Peak,Weekday
T20220003325,2022-02-15,06:24:00,1,Collision with vehicle,2,Tuesday,120,HEAD ON (NOT OVERTAKING),2,704339,Not at intersection,1,100,Arterial Highway,SOUTH GIPPSLAND,SOUTH GIPPSLAND,-38.4098,145.76491,2022,2,February,6,Morning Peak,Weekday
T20220003332,2022-02-15,16:20:00,1,Collision with vehicle,2,Tuesday,140,U TURN,1,731378,Not at intersection,2,40,Local Road,ELIZABETH,MELBOURNE,-37.808685,144.9606,2022,2,February,16,Afternoon Peak,Weekday
T20220003911,2022-02-15,20:00:00,3,Struck animal,2,Tuesday,167,STRUCK ANIMAL,2,705097,Not at intersection,2,80,Arterial Other,CLUNES-CRESWICK,BALLARAT,-37.37408,143.8555,2022,2,February,20,Night,Weekday
T20220003336,2022-02-15,12:04:00,1,Collision with vehicle,2,Tuesday,110,CROSS TRAFFIC(INTERSECTIONS ONLY),1,50806,Cross intersection,1,100,Arterial Highway,MURRAY VALLEY,MOIRA,-35.925472,145.5316,2022,2,February,12,Midday,Weekday
T20220003362,2022-02-15,20:35:00,3,Struck animal,2,Tuesday,167,STRUCK ANIMAL,5,708326,Not at intersection,2,60,Arterial Other,WELLINGTON,CARDINIA,-37.93231,145.4202,2022,2,February,20,Night,Weekday
T20220003349,2022-02-15,19:35:00,6,Vehicle overturned (no collision),2,Tuesday,172,OFF CARRIAGEWAY TO RIGHT,2,656869,Cross intersection,2,60,Local Road,OBSIDIAN,WYNDHAM,-37.8425,144.67065,2022,2,February,19,Night,Weekday
T20220007031,2022-02-15,13:40:00,1,Collision with vehicle,2,Tuesday,116,LEFT NEAR (INTERSECTIONS ONLY),1,46391,T intersection,3,50,Local Road,LASCELLES,MORELAND,-37.74342,144.95093,2022,2,February,13,Midday,Weekday
T20220003364,2022-02-15,22:47:00,2,Struck Pedestrian,2,Tuesday,100,PED NEAR SIDE. PED HIT BY VEHICLE FROM THE RIGHT.,3,29542,Cross intersection,2,60,Arterial Other,GLENFERRIE,BOROONDARA,-37.814693,145.03682,2022,2,February,22,Night,Weekday
T20220007547,2022-02-15,10:20:00,1,Collision with vehicle,2,Tuesday,121,RIGHT THROUGH,1,41720,Cross intersection,3,50,Arterial Other,FORSTER,MONASH,-37.89492,145.13004,2022,2,February,10,Midday,Weekday
T20220003966,2022-02-15,07:45:00,1,Collision with vehicle,2,Tuesday,130,REAR END(VEHICLES IN SAME LANE),1,705091,Not at intersection,3,80,Local Road,LEAKES,WYNDHAM,-37.834232,144.68935,2022,2,February,7,Morning Peak,Weekday
T20220003934,2022-02-15,15:00:00,1,Collision with vehicle,2,Tuesday,147,VEHICLE STRIKES ANOTHER VEH WHILE EMERGING FROM DRIVEWAY,1,705182,Not at intersection,3,40,Local Road,ELIZABETH,GLEN EIRA,-37.882034,145.00099,2022,2,February,15,Afternoon Peak,Weekday
T20220003359,2022-02-15,14:30:00,1,Collision with vehicle,2,Tuesday,130,REAR END(VEHICLES IN SAME LANE),1,724800,Not at intersection,3,60,Arterial Other,BULLA,MOONEE VALLEY,-37.74085,144.90802,2022,2,February,14,Midday,Weekday
T20220003445,2022-02-15,14:44:00,1,Collision with vehicle,2,Tuesday,120,HEAD ON (NOT OVERTAKING),1,719495,Not at intersection,3,60,Arterial Other,MOUNT DANDENONG TOURIST,YARRA RANGES,-37.825912,145.36084,2022,2,February,14,Midday,Weekday
T20220004222,2022-02-15,21:36:00,1,Collision with vehicle,2,Tuesday,130,REAR END(VEHICLES IN SAME LANE),3,710896,Cross intersection,3,60,Local Road,STURT,MELBOURNE,-37.830547,144.96523,2022,2,February,21,Night,Weekday
T20220003366,2022-02-15,19:05:00,1,Collision with vehicle,2,Tuesday,137,LEFT TURN SIDESWIPE,1,708096,Not at intersection,3,60,Local Road,NICHOLSON,YARRA,-37.80974,144.99603,2022,2,February,19,Night,Weekday
T20220006694,2022-02-15,15:40:00,6,Vehicle overturned (no collision),2,Tuesday,180,OFF CARRIAGEWAY ON RIGHT BEND,1,710846,Not at intersection,3,50,Freeway,STUD-MONASH IN,DANDENONG,-37.962013,145.22447,2022,2,February,15,Afternoon Peak,Weekday
T20220003393,2022-02-15,19:00:00,1,Collision with vehicle,2,Tuesday,130,REAR END(VEHICLES IN SAME LANE),1,708097,Cross intersection,3,80,Arterial Highway,NEPEAN,BAYSIDE,-37.899887,145.00621,2022,2,February,19,Night,Weekday
T20220003848,2022-02-15,15:40:00,2,Struck Pedestrian,2,Tuesday,100,PED NEAR SIDE. PED HIT BY VEHICLE FROM THE RIGHT.,1,705085,Not at intersection,3,60,Local Road,NORMANBY,BAW BAW,-38.158913,145.94,2022,2,February,15,Afternoon Peak,Weekday
T20220003400,2022-02-15,17:30:00,1,Collision with vehicle,2,Tuesday,137,LEFT TURN SIDESWIPE,1,35383,Cross intersection,3,40,Arterial Other,SWAN,YARRA,-37.825684,144.99792,2022,2,February,17,Afternoon Peak,Weekday
T20220003408,2022-02-15,22:21:00,1,Collision with vehicle,2,Tuesday,110,CROSS TRAFFIC(INTERSECTIONS ONLY),3,44309,Cross intersection,3,60,Arterial Other,SAYERS,WYNDHAM,-37.850533,144.70634,2022,2,February,22,Night,Weekday
T20220003603,2022-02-15,17:30:00,5,collision with some other object,2,Tuesday,166,STRUCK OBJECT ON CARRIAGEWAY,1,707463,Not at intersection,2,80,Arterial Other,KATAMATITE-YARRAWONGA,MOIRA,-36.055298,145.85107,2022,2,February,17,Afternoon Peak,Weekday
T20220003423,2022-02-15,16:20:00,1,Collision with vehicle,2,Tuesday,121,RIGHT THROUGH,1,36638,T intersection,3,60,Local Road,BRUCE,MORNINGTON PENINSULA,-38.232876,145.05962,2022,2,February,16,Afternoon Peak,Weekday
T20220003425,2022-02-15,07:50:00,1,Collision with vehicle,2,Tuesday,133,LANE SIDE SWIPE (VEHICLES IN PARALLEL LANES),1,731379,Not at intersection,3,80,Arterial Highway,NEPEAN,BAYSIDE,-37.90769,145.00963,2022,2,February,7,Morning Peak,Weekday
T20220003426,2022-02-15,18:30:00,1,Collision with vehicle,2,Tuesday,130,REAR END(VEHICLES IN SAME LANE),1,731380,Not at intersection,3,50,Arterial Highway,KINGS,PORT PHILLIP,-37.83209,144.96661,2022,2,February,18,Afternoon Peak,Weekday
T20220003552,2022-02-15,18:40:00,1,Collision with vehicle,2,Tuesday,122,LEFT THROUGH,2,784532,T intersection,2,60,Local Road,DRUMMOND,MELBOURNE,-37.800392,144.96849,2022,2,February,18,Afternoon Peak,Weekday
T20220003459,2022-02-16,22:30:00,1,Collision with vehicle,3,Wednesday,130,REAR END(VEHICLES IN SAME LANE),3,731384,Not at intersection,3,80,Freeway,HUME-WESTERN RING IN,MORELAND,-37.692204,144.95686,2022,2,February,22,Night,Weekday
T20220003434,2022-02-16,15:30:00,4,Collision with a fixed object,3,Wednesday,173,RIGHT OFF CARRIAGEWAY INTO OBJECT/PARKED VEHICLE,1,731381,Not at intersection,3,100,Local Road,WOORINEN,SWAN HILL,-35.313614,143.50688,2022,2,February,15,Afternoon Peak,Weekday
T20220003461,2022-02-16,22:05:00,1,Collision with vehicle,3,Wednesday,120,HEAD ON (NOT OVERTAKING),3,714675,Not at intersection,2,80,Local Road,GRAYDENS,MORNINGTON PENINSULA,-38.28469,145.12738,2022,2,February,22,Night,Weekday
T20220003463,2022-02-16,22:10:00,4,Collision with a fixed object,3,Wednesday,181,OFF RIGHT BEND INTO OBJECT/PARKED VEHICLE,5,745742,Not at intersection,2,100,Arterial Other,BALLARAT-MARYBOROUGH,CENTRAL GOLDFIELDS,-37.106728,143.72186,2022,2,February,22,Night,Weekday
T20220003466,2022-02-16,06:50:00,1,Collision with vehicle,3,Wednesday,121,RIGHT THROUGH,1,37161,T intersection,2,40,Arterial Other,BRIDGE,YARRA,-37.81836,144.9971,2022,2,February,6,Morning Peak,Weekday
T20220003439,2022-02-16,15:00:00,1,Collision with vehicle,3,Wednesday,130,REAR END(VEHICLES IN SAME LANE),1,713340,Not at intersection,3,60,Arterial Other,CRAIGIEBURN,WHITTLESEA,-37.608253,145.0288,2022,2,February,15,Afternoon Peak,Weekday
T20220007100,2022-02-16,13:30:00,1,Collision with vehicle,3,Wednesday,130,REAR END(VEHICLES IN SAME LANE),1,708959,Not at intersection,3,100,Freeway,HUME,WHITTLESEA,-37.6343,144.99329,2022,2,February,13,Midday,Weekday
T20220003441,2022-02-16,16:00:00,1,Collision with vehicle,3,Wednesday,143,ENTERING PARKING,1,781557,Not at intersection,3,60,Arterial Other,HIGH,WHITTLESEA,-37.68802,145.01254,2022,2,February,16,Afternoon Peak,Weekday
T20220003451,2022-02-16,19:36:00,6,Vehicle overturned (no collision),3,Wednesday,170,OFF CARRIAGEWAY TO LEFT,2,711133,Not at intersection,2,50,Local Road,CUMMING,WYNDHAM,-37.864998,144.6948,2022,2,February,19,Night,Weekday