ACCIDENT_NO,ACCIDENT_DATE,ACCIDENT_TIME,ACCIDENT_TYPE,ACCIDENT_TYPE_DESC,DAY_OF_WEEK,DAY_WEEK_DESC,DCA_CODE,DCA_DESC,LIGHT_CONDITION,NODE_ID,ROAD_GEOMETRY_DESC,SEVERITY,SPEED_ZONE,RMA,ROAD_NAME,LGA_NAME,LATITUDE,LONGITUDE,YEAR,MONTH,MONTH_NAME,HOUR,TIME_PERIOD,DAY_TYPE
T20220003446,2022-02-16,18:10:00,1,Collision with vehicle,3,Wednesday,110,CROSS TRAFFIC(INTERSECTIONS ONLY),1,44427,Cross intersection,3,60,Arterial Other,SEPARATION,GEELONG,-38.109768,144.3347,2022,2,February,18,Afternoon Peak,Weekday
T20220013590,2022-02-16,16:00:00,1,Collision with vehicle,3,Wednesday,130,REAR END(VEHICLES IN SAME LANE),1,731467,Not at intersection,3,60,Arterial Highway,TOORAK,BOROONDARA,-37.84804,145.07494,2022,2,February,16,Afternoon Peak,Weekday
T20220003430,2022-02-16,14:05:00,5,collision with some other object,3,Wednesday,191,LOAD OR MISSILE STRUCK VEHICLE,1,706389,Multiple intersection,2,80,Freeway,MELTON-WESTERN OUT,MELTON,-37.695812,144.60071,2022,2,February,14,Midday,Weekday
T20220003449,2022-02-16,17:05:00,1,Collision with vehicle,3,Wednesday,130,REAR END(VEHICLES IN SAME LANE),1,731382,Not at intersection,3,80,Freeway,PRINCES,HOBSONS BAY,-37.84117,144.79285,2022,2,February,17,Afternoon Peak,Weekday
T20220003382,2022-02-16,07:50:00,1,Collision with vehicle,3,Wednesday,130,REAR END(VEHICLES IN SAME LANE),1,705837,Not at intersection,2,60,Arterial Other,LOWER HEIDELBERG,BANYULE,-37.763935,145.0677,2022,2,February,7,Morning Peak,Weekday
T20220003386,2022-02-16,06:55:00,1,Collision with vehicle,3,Wednesday,130,REAR END(VEHICLES IN SAME LANE),1,724801,Not at intersection,2,80,Local Road,BUNGOWER,MORNINGTON PENINSULA,-38.23408,145.14308,2022,2,February,6,Morning Peak,Weekday
T20220003390,2022-02-16,09:00:00,1,Collision with vehicle,3,Wednesday,110,CROSS TRAFFIC(INTERSECTIONS ONLY),1,46782,Cross intersection,2,60,Arterial Other,ARTHURS SEAT,MORNINGTON PENINSULA,-38.342003,144.96002,2022,2,February,9,Morning Peak,Weekday
T20220003452,2022-02-16,19:05:00,1,Collision with vehicle,3,Wednesday,130,REAR END(VEHICLES IN SAME LANE),1,706160,Not at intersection,2,100,Freeway,EASTERN,YARRA,-37.794228,145.00449,2022,2,February,19,Night,Weekday
T20220003399,2022-02-16,08:08:00,1,Collision with vehicle,3,Wednesday,135,LANE CHANGE LEFT (NOT OVERTAKING),1,704683,Not at intersection,3,100,Freeway,WESTERN RING,BRIMBANK,-37.73081,144.85551,2022,2,February,8,Morning Peak,Weekday
T20220003453,2022-02-16,19:43:00,1,Collision with vehicle,3,Wednesday,133,LANE SIDE SWIPE (VEHICLES IN PARALLEL LANES),1,738233,Not at intersection,3,100,Freeway,PRINCES,WYNDHAM,-37.833843,144.80768,2022,2,February,19,Night,Weekday
T20220003455,2022-02-16,16:17:00,1,Collision with vehicle,3,Wednesday,110,CROSS TRAFFIC(INTERSECTIONS ONLY),1,713226,Cross intersection,2,50,Local Road,HARRISON,CARDINIA,-38.05913,145.44337,2022,2,February,16,Afternoon Peak,Weekday
T20220003580,2022-02-16,15:25:00,1,Collision with vehicle,3,Wednesday,110,CROSS TRAFFIC(INTERSECTIONS ONLY),1,731387,Cross intersection,3,50,Local Road,JASPER,GEELONG,-38.27741,144.48999,2022,2,February,15,Afternoon Peak,Weekday
T20220003410,2022-02-16,07:00:00,1,Collision with vehicle,3,Wednesday,110,CROSS TRAFFIC(INTERSECTIONS ONLY),1,22631,Cross intersection,1,100,Local Road,FIFTH,MILDURA,-34.181545,142.0175,2022,2,February,7,Morning Peak,Weekday
T20220003418,2022-02-16,12:37:00,2,Struck Pedestrian,3,Wednesday,102,FAR SIDE. PED HIT BY VEHICLE FROM THE LEFT,1,707165,T intersection,3,60,Local Road,HENRY,DANDENONG,-37.966694,145.16818,2022,2,February,12,Midday,Weekday
T20220003716,2022-02-16,08:15:00,8,No collision and no object struck,3,Wednesday,179,OTHER ACCIDENTS-OFF STRAIGHT NOT INCLUDED IN DCAs 170-175,1,35413,T intersection,3,40,Local Road,CHAPEL,STONNINGTON,-37.84977,144.99367,2022,2,February,8,Morning Peak,Weekday
T20220003421,2022-02-16,12:08:00,1,Collision with vehicle,3,Wednesday,162,ACCIDENT OR BROKEN DOWN,1,705076,Not at intersection,3,70,Arterial Highway,RAGLAN,WARRNAMBOOL,-38.367115,142.46451,2022,2,February,12,Midday,Weekday
T20220003456,2022-02-16,16:30:00,1,Collision with vehicle,3,Wednesday,113,RIGHT NEAR (INTERSECTIONS ONLY),1,242054,T intersection,2,80,Arterial Other,BONEO,MORNINGTON PENINSULA,-38.412636,144.88745,2022,2,February,16,Afternoon Peak,Weekday
T20220005217,2022-02-16,14:00:00,1,Collision with vehicle,3,Wednesday,114,TWO RIGHT TURNING (INTERSECTIONS ONLY),1,71493,T intersection,3,50,Arterial Other,NARRE WARREN,CASEY,-38.1027,145.2919,2022,2,February,14,Midday,Weekday
T20220003428,2022-02-16,14:20:00,4,Collision with a fixed object,3,Wednesday,181,OFF RIGHT BEND INTO OBJECT/PARKED VEHICLE,1,713225,Not at intersection,2,60,Arterial Other,MOUNT MACEDON,MACEDON RANGES,-37.389996,144.5957,2022,2,February,14,Midday,Weekday
T20220003490,2022-02-16,14:15:00,1,Collision with vehicle,3,Wednesday,130,REAR END(VEHICLES IN SAME LANE),1,710679,Not at intersection,3,60,Arterial Highway,NEPEAN,FRANKSTON,-38.150196,145.11453,2022,2,February,14,Midday,Weekday
T20220003525,2022-02-16,17:00:00,1,Collision with vehicle,3,Wednesday,130,REAR END(VEHICLES IN SAME LANE),1,704777,Multiple intersection,3,60,Freeway,WARRIGAL-MONASH OUT,MONASH,-37.883465,145.09238,2022,2,February,17,Afternoon Peak,Weekday
T20220003413,2022-02-16,08:30:00,1,Collision with vehicle,3,Wednesday,132,RIGHT REAR.,1,69470,T intersection,2,60,Arterial Other,BLACKBURN,MONASH,-37.919697,145.13951,2022,2,February,8,Morning Peak,Weekday
T20220003467,2022-02-17,08:05:00,1,Collision with vehicle,4,Thursday,111,RIGHT FAR (INTERSECTIONS ONLY),1,44593,Cross intersection,3,60,Arterial Other,LA TROBE,BALLARAT,-37.572754,143.83662,2022,2,February,8,Morning Peak,Weekday
T20220003547,2022-02-17,21:00:00,4,Collision with a fixed object,4,Thursday,173,RIGHT OFF CARRIAGEWAY INTO OBJECT/PARKED VEHICLE,5,704780,Not at intersection,2,50,Local Road,COURTNEYS,YARRA RANGES,-37.942783,145.34485,2022,2,February,21,Night,Weekday
T20220003539,2022-02-17,17:40:00,1,Collision with vehicle,4,Thursday,121,RIGHT THROUGH,1,38928,T intersection,2,60,Arterial Other,BARKERS,BOROONDARA,-37.814335,145.03377,2022,2,February,17,Afternoon Peak,Weekday
T20220003538,2022-02-17,17:40:00,1,Collision with vehicle,4,Thursday,132,RIGHT REAR.,1,863,Cross intersection,3,60,Arterial Highway,BELL,MORELAND,-37.741314,144.9666,2022,2,February,17,Afternoon Peak,Weekday
T20220004496,2022-02-17,16:30:00,1,Collision with vehicle,4,Thursday,130,REAR END(VEHICLES IN SAME LANE),1,706651,Not at intersection,3,80,Arterial Other,PASCOE VALE,HUME,-37.661057,144.92422,2022,2,February,16,Afternoon Peak,Weekday
T20220004088,2022-02-17,08:00:00,1,Collision with vehicle,4,Thursday,133,LANE SIDE SWIPE (VEHICLES IN PARALLEL LANES),9,722958,Cross intersection,3,60,Local Road,MUNRO,PORT PHILLIP,-37.82843,144.94789,2022,2,February,8,Morning Peak,Weekday
T20220004375,2022-02-17,18:30:00,1,Collision with vehicle,4,Thursday,116,LEFT NEAR (INTERSECTIONS ONLY),1,55437,Cross intersection,3,40,Local Road,FRANKLIN,MELBOURNE,-37.80887,144.95801,2022,2,February,18,Afternoon Peak,Weekday
T20220003536,2022-02-17,16:00:00,1,Collision with vehicle,4,Thursday,160,VEHICLE COLLIDES WITH VEHICLE PARKED ON LEFT OF ROAD,1,708231,Not at intersection,3,50,Local Road,THISTLE,BENDIGO,-36.766216,144.26582,2022,2,February,16,Afternoon Peak,Weekday
T20220003532,2022-02-17,16:00:00,1,Collision with vehicle,4,Thursday,136,RIGHT TURN SIDESWIPE,1,714388,Cross intersection,2,50,Local Road,SCOTT,DANDENONG,-37.985104,145.20454,2022,2,February,16,Afternoon Peak,Weekday
T20220005020,2022-02-17,14:30:00,1,Collision with vehicle,4,Thursday,130,REAR END(VEHICLES IN SAME LANE),1,706023,T intersection,3,80,Arterial Other,THOMPSONS,CASEY,-38.081722,145.27228,2022,2,February,14,Midday,Weekday
T20220003528,2022-02-17,17:05:00,1,Collision with vehicle,4,Thursday,130,REAR END(VEHICLES IN SAME LANE),1,706349,Not at intersection,3,80,Arterial Highway,FRANKSTON-DANDENONG,FRANKSTON,-38.101093,145.17146,2022,2,February,17,Afternoon Peak,Weekday
T20220004777,2022-02-17,16:50:00,4,Collision with a fixed object,4,Thursday,151,OUT OF CONTROL (OVERTAKING),1,707001,Not at intersection,3,40,Local Road,GLASSCOCKS,DANDENONG,-38.059624,145.2162,2022,2,February,16,Afternoon Peak,Weekday
T20220003508,2022-02-17,14:00:00,1,Collision with vehicle,4,Thursday,110,CROSS TRAFFIC(INTERSECTIONS ONLY),1,39959,Cross intersection,3,60,Arterial Other,BLACKSHAWS,HOBSONS BAY,-37.83207,144.85632,2022,2,February,14,Midday,Weekday
T20220003505,2022-02-17,13:25:00,1,Collision with vehicle,4,Thursday,130,REAR END(VEHICLES IN SAME LANE),1,37052,Cross intersection,3,60,Arterial Highway,HODDLE,YARRA,-37.809612,144.99138,2022,2,February,13,Midday,Weekday
T20220003504,2022-02-17,13:29:00,1,Collision with vehicle,4,Thursday,160,VEHICLE COLLIDES WITH VEHICLE PARKED ON LEFT OF ROAD,1,708098,T intersection,2,50,Local Road,ERAMOSA,MORNINGTON PENINSULA,-38.223827,145.18282,2022,2,February,13,Midday,Weekday
T20220003510,2022-02-17,14:29:00,1,Collision with vehicle,4,Thursday,111,RIGHT FAR (INTERSECTIONS ONLY),1,44372,T intersection,2,60,Arterial Other,HEATHS,WYNDHAM,-37.878395,144.68974,2022,2,February,14,Midday,Weekday
T20220003509,2022-02-17,12:35:00,4,Collision with a fixed object,4,Thursday,171,LEFT OFF CARRIAGEWAY INTO OBJECT/PARKED VEHICLE,1,783673,Not at intersection,2,100,Arterial Other,NATIMUK-FRANCES,WEST WIMMERA,-36.726593,141.65831,2022,2,February,12,Midday,Weekday
T20220003503,2022-02-17,11:43:00,4,Collision with a fixed object,4,Thursday,171,LEFT OFF CARRIAGEWAY INTO OBJECT/PARKED VEHICLE,1,705078,Not at intersection,2,50,Local Road,ALMA,NILLUMBIK,-37.667675,145.25565,2022,2,February,11,Midday,Weekday
T20220003499,2022-02-17,10:00:00,2,Struck Pedestrian,4,Thursday,102,FAR SIDE. PED HIT BY VEHICLE FROM THE LEFT,1,41023,Cross intersection,3,60,Arterial Other,DORSET,KNOX,-37.856075,145.28598,2022,2,February,10,Midday,Weekday
T20220003618,2022-02-17,22:22:00,2,Struck Pedestrian,4,Thursday,100,PED NEAR SIDE. PED HIT BY VEHICLE FROM THE RIGHT.,3,36685,Cross intersection,3,70,Arterial Highway,HODDLE,YARRA,-37.80716,144.99178,2022,2,February,22,Night,Weekday
T20220003814,2022-02-17,14:30:00,6,Vehicle overturned (no collision),4,Thursday,149,OTHER MANOEUVRING NOT INCLUDED IN DCAs 140-148,9,705354,Not at intersection,2,50,Local Road,PRENTICE,PORT PHILLIP,-37.865784,144.99861,2022,2,February,14,Midday,Weekday
T20220007494,2022-02-17,06:10:00,4,Collision with a fixed object,4,Thursday,173,RIGHT OFF CARRIAGEWAY INTO OBJECT/PARKED VEHICLE,2,712477,Not at intersection,3,100,Local Road,BURNT STORE,BAW BAW,-38.201534,145.85065,2022,2,February,6,Morning Peak,Weekday
T20220003560,2022-02-17,23:25:00,4,Collision with a fixed object,4,Thursday,181,OFF RIGHT BEND INTO OBJECT/PARKED VEHICLE,5,710017,Not at intersection,2,50,Local Road,OLD COACH,SURF COAST,-38.453964,144.07881,2022,2,February,23,Night,Weekday
T20220003549,2022-02-17,15:01:00,1,Collision with vehicle,4,Thursday,148,VEHICLE OFF FOOTPATH STRIKES VEH ON CARRIAGEWAY,1,726289,Not at intersection,2,60,Local Road,SALTWATER,WYNDHAM,-37.91183,144.77173,2022,2,February,15,Afternoon Peak,Weekday
T20220003545,2022-02-17,20:20:00,4,Collision with a fixed object,4,Thursday,171,LEFT OFF CARRIAGEWAY INTO OBJECT/PARKED VEHICLE,3,706446,Not at intersection,2,100,Freeway,HUME,WHITTLESEA,-37.64418,144.99155,2022,2,February,20,Night,Weekday
T20220003527,2022-02-17,14:36:00,6,Vehicle overturned (no collision),4,Thursday,180,OFF CARRIAGEWAY ON RIGHT BEND,1,706445,Not at intersection,3,100,Arterial Highway,GOULBURN VALLEY,MOIRA,-35.85836,145.55876,2022,2,February,14,Midday,Weekday
T20220003488,2022-02-17,09:00:00,1,Collision with vehicle,4,Thursday,121,RIGHT THROUGH,1,225466,Multiple intersection,2,80,Freeway,MORNINGTON PENINSULA,DANDENONG,-38.024933,145.13394,2022,2,February,9,Morning Peak,Weekday
T20220003486,2022-02-17,11:50:00,1,Collision with vehicle,4,Thursday,132,RIGHT REAR.,1,71112,T intersection,2,80,Arterial Other,BACCHUS MARSH,GEELONG,-38.034523,144.35533,2022,2,February,11,Midday,Weekday
T20230012921,2022-02-17,16:52:00,1,Collision with vehicle,4,Thursday,130,REAR END(VEHICLES IN SAME LANE),1,777471,Not at intersection,3,60,Arterial Other,BALACLAVA,GLEN EIRA,-37.87414,145.0365,2022,2,February,16,Afternoon Peak,Weekday
T20220003543,2022-02-17,16:18:00,1,Collision with vehicle,4,Thursday,113,RIGHT NEAR (INTERSECTIONS ONLY),1,704779,T intersection,3,80,Arterial Other,MAIN,MACEDON RANGES,-37.363754,144.7446,2022,2,February,16,Afternoon Peak,Weekday
T20220003483,2022-02-17,09:30:00,4,Collision with a fixed object,4,Thursday,181,OFF RIGHT BEND INTO OBJECT/PARKED VEHICLE,1,707620,Not at intersection,2,100,Arterial Other,PENSHURST-WARRNAMBOOL,MOYNE,-38.130272,142.32451,2022,2,February,9,Morning Peak,Weekday
T20220003482,2022-02-17,09:50:00,1,Collision with vehicle,4,Thursday,130,REAR END(VEHICLES IN SAME LANE),1,67439,T intersection,3,60,Local Road,ALBERT,KNOX,-37.85623,145.29625,2022,2,February,9,Morning Peak,Weekday
T20220003480,2022-02-17,11:06:00,1,Collision with vehicle,4,Thursday,140,U TURN,1,705646,Not at intersection,2,40,Local Road,COLLINS,MELBOURNE,-37.816895,144.96172,2022,2,February,11,Midday,Weekday
T20220003473,2022-02-17,09:28:00,4,Collision with a fixed object,4,Thursday,183,OFF LEFT BEND INTO OBJECT/PARKED VEHICLE,1,706163,Not at intersection,3,100,Arterial Other,BLOOMFIELD,BAW BAW,-38.090137,145.96796,2022,2,February,9,Morning Peak,Weekday
T20220003472,2022-02-17,09:11:00,1,Collision with vehicle,4,Thursday,121,RIGHT THROUGH,1,705171,T intersection,2,70,Local Road,LEOPOLD,GLEN EIRA,-37.903053,145.0338,2022,2,February,9,Morning Peak,Weekday
T20220003542,2022-02-17,19:17:00,1,Collision with vehicle,4,Thursday,130,REAR END(VEHICLES IN SAME LANE),1,704778,Not at intersection,3,70,Arterial Other,PLENTY,WHITTLESEA,-37.685177,145.06851,2022,2,February,19,Night,Weekday
T20220003522,2022-02-17,13:30:00,1,Collision with vehicle,4,Thursday,192,STRUCK TRAIN,1,718393,Not at intersection,3,50,Local Road,EDITH,HORSHAM,-36.70459,142.21364,2022,2,February,13,Midday,Weekday
T20220003521,2022-02-17,15:50:00,1,Collision with vehicle,4,Thursday,169,OTHER ON PATH,1,720175,Not at intersection,2,60,Local Road,CHARMAN,BAYSIDE,-37.979538,145.05309,2022,2,February,15,Afternoon Peak,Weekday
T20220003515,2022-02-17,11:58:00,4,Collision with a fixed object,4,Thursday,171,LEFT OFF CARRIAGEWAY INTO OBJECT/PARKED VEHICLE,1,757115,T intersection,2,50,Local Road,IRONBARK,WYNDHAM,-37.854042,144.70964,2022,2,February,11,Midday,Weekday
T20220003540,2022-02-17,15:40:00,1,Collision with vehicle,4,Thursday,121,RIGHT THROUGH,1,707000,Not at intersection,3,60,Arterial Highway,WARRIGAL,MONASH,-37.855103,145.09479,2022,2,February,15,Afternoon Peak,Weekday
T20220003604,2022-02-18,13:35:00,6,Vehicle overturned (no collision),5,Friday,174,OUT OF CONTROL ON CARRIAGEWAY (ON STRAIGHT),1,704909,Not at intersection,2,50,Arterial Other,SWAN,YARRA,-37.827274,145.01239,2022,2,February,13,Midday,Weekday
T20220003607,2022-02-18,08:45:00,1,Collision with vehicle,5,Friday,137,LEFT TURN SIDESWIPE,1,704783,Cross intersection,3,30,Local Road,WELLINGTON,YARRA,-37.799335,144.98734,2022,2,February,8,Morning Peak,Weekday
T20220003609,2022-02-18,17:00:00,1,Collision with vehicle,5,Friday,160,VEHICLE COLLIDES WITH VEHICLE PARKED ON LEFT OF ROAD,1,706352,Not at intersection,3,50,Arterial Highway,RAGLAN PARADE SERVICE,WARRNAMBOOL,-38.364937,142.46104,2022,2,February,17,Afternoon Peak,Weekday
T20220003610,2022-02-18,15:05:00,1,Collision with vehicle,5,Friday,110,CROSS TRAFFIC(INTERSECTIONS ONLY),1,705173,Cross intersection,2,60,Arterial Highway,HARGREAVES,BENDIGO,-36.756374,144.28528,2022,2,February,15,Afternoon Peak,Weekday
T20220003612,2022-02-18,16:21:00,1,Collision with vehicle,5,Friday,130,REAR END(VEHICLES IN SAME LANE),1,704910,Multiple intersection,3,100,Freeway,EASTLINK,MAROONDAH,-37.8235,145.21727,2022,2,February,16,Afternoon Peak,Weekday
T20220003613,2022-02-18,15:58:00,1,Collision with vehicle,5,Friday,130,REAR END(VEHICLES IN SAME LANE),1,705325,Not at intersection,3,100,Freeway,HUME,WHITTLESEA,-37.64044,144.99231,2022,2,February,15,Afternoon Peak,Weekday
T20220003832,2022-02-18,00:25:00,4,Collision with a fixed object,5,Friday,173,RIGHT OFF CARRIAGEWAY INTO OBJECT/PARKED VEHICLE,3,710518,Not at intersection,2,80,Arterial Highway,BURWOOD,WHITEHORSE,-37.857613,145.19078,2022,2,February,0,Late Night,Weekday
T20220003600,2022-02-18,13:40:00,1,Collision with vehicle,5,Friday,130,REAR END(VEHICLES IN SAME LANE),1,709675,Not at intersection,3,80,Arterial Other,PORTARLINGTON,GEELONG,-38.167336,144.42252,2022,2,February,13,Midday,Weekday
T20220003596,2022-02-18,13:38:00,1,Collision with vehicle,5,Friday,111,RIGHT FAR (INTERSECTIONS ONLY),1,705081,T intersection,3,80,Local Road,OLIVE,CASEY,-38.047085,145.25522,2022,2,February,13,Midday,Weekday
T20220003592,2022-02-18,10:52:00,1,Collision with vehicle,5,Friday,116,LEFT NEAR (INTERSECTIONS ONLY),1,710682,Multiple intersection,3,50,Local Road,ARDEN,MELBOURNE,-37.800316,144.94403,2022,2,February,10,Midday,Weekday
T20220003589,2022-02-18,13:00:00,4,Collision with a fixed object,5,Friday,171,LEFT OFF CARRIAGEWAY INTO OBJECT/PARKED VEHICLE,1,705080,Not at intersection,3,100,Local Road,PYKE,SHEPPARTON,-36.425507,145.30983,2022,2,February,13,Midday,Weekday
T20220003588,2022-02-18,12:59:00,1,Collision with vehicle,5,Friday,130,REAR END(VEHICLES IN SAME LANE),1,735753,Not at intersection,2,60,Local Road,MATTHEWS,GEELONG,-38.08118,144.33727,2022,2,February,12,Midday,Weekday
T20220003583,2022-02-18,12:44:00,1,Collision with vehicle,5,Friday,147,VEHICLE STRIKES ANOTHER VEH WHILE EMERGING FROM DRIVEWAY,1,16017,Not at intersection,2,60,Arterial Other,BARRABOOL,GEELONG,-38.17172,144.32314,2022,2,February,12,Midday,Weekday
T20220003582,2022-02-18,10:55:00,1,Collision with vehicle,5,Friday,130,REAR END(VEHICLES IN SAME LANE),1,731388,Not at intersection,2,80,Arterial Highway,NEPEAN,MORNINGTON PENINSULA,-38.257664,145.03525,2022,2,February,10,Midday,Weekday
T20220003578,2022-02-18,11:00:00,1,Collision with vehicle,5,Friday,121,RIGHT THROUGH,1,42197,Cross intersection,2,50,Arterial Highway,NEPEAN,KINGSTON,-37.949116,145.046,2022,2,February,11,Midday,Weekday
T20220003576,2022-02-18,11:05:00,1,Collision with vehicle,5,Friday,160,VEHICLE COLLIDES WITH VEHICLE PARKED ON LEFT OF ROAD,1,704782,Not at intersection,3,50,Arterial Other,HIGH,MACEDON RANGES,-37.24987,144.45467,2022,2,February,11,Midday,Weekday
T20220003575,2022-02-18,09:30:00,1,Collision with vehicle,5,Friday,147,VEHICLE STRIKES ANOTHER VEH WHILE EMERGING FROM DRIVEWAY,1,46474,T intersection,3,70,Arterial Other,BEACONSFIELD-EMERALD,CARDINIA,-38.041492,145.3683,2022,2,February,9,Morning Peak,Weekday
T20220003568,2022-02-18,07:35:00,1,Collision with vehicle,5,Friday,113,RIGHT NEAR (INTERSECTIONS ONLY),1,47832,T intersection,3,60,Arterial Other,DOMAIN,CASEY,-38.058933,145.33067,2022,2,February,7,Morning Peak,Weekday
T20220003566,2022-02-18,06:30:00,6,Vehicle overturned (no collision),5,Friday,170,OFF CARRIAGEWAY TO LEFT,2,706351,Not at intersection,2,100,Arterial Highway,NORTHERN,MITCHELL,-37.44119,144.97797,2022,2,February,6,Morning Peak,Weekday
T20220003564,2022-02-18,01:42:00,4,Collision with a fixed object,5,Friday,171,LEFT OFF CARRIAGEWAY INTO OBJECT/PARKED VEHICLE,5,781560,Not at intersection,3,60,Arterial Highway,HENTY,HORSHAM,-36.556503,142.29816,2022,2,February,1,Late Night,Weekday
T20220003558,2022-02-18,00:05:00,4,Collision with a fixed object,5,Friday,171,LEFT OFF CARRIAGEWAY INTO OBJECT/PARKED VEHICLE,3,709487,T intersection,3,50,Local Road,ORAMA,FRANKSTON,-38.087414,145.1915,2022,2,February,0,Late Night,Weekday
T20220005583,2022-02-18,11:27:00,1,Collision with vehicle,5,Friday,110,CROSS TRAFFIC(INTERSECTIONS ONLY),1,352524,Cross intersection,3,80,Arterial Highway,HINRICHSEN,CASEY,-38.00887,145.2785,2022,2,February,11,Midday,Weekday
T20220003617,2022-02-18,16:12:00,1,Collision with vehicle,5,Friday,130,REAR END(VEHICLES IN SAME LANE),1,704785,Not at intersection,2,70,Arterial Other,FERNTREE GULLY,MONASH,-37.90668,145.18854,2022,2,February,16,Afternoon Peak,Weekday
T20220003619,2022-02-18,17:25:00,1,Collision with vehicle,5,Friday,140,U TURN,1,706580,Not at intersection,2,50,Arterial Other,YARRA,YARRA,-37.83065,145.01468,2022,2,February,17,Afternoon Peak,Weekday
T20220003620,2022-02-18,16:35:00,1,Collision with vehicle,5,Friday,130,REAR END(VEHICLES IN SAME LANE),1,774745,Not at intersection,3,60,Arterial Other,HEATHS,WYNDHAM,-37.87768,144.68317,2022,2,February,16,Afternoon Peak,Weekday
T20220003621,2022-02-18,15:20:00,4,Collision with a fixed object,5,Friday,181,OFF RIGHT BEND INTO OBJECT/PARKED VEHICLE,1,706354,Not at intersection,3,100,Local Road,DIAMOND HILL,BENDIGO,-36.816658,144.26382,2022,2,February,15,Afternoon Peak,Weekday
T20220003625,2022-02-18,17:50:00,1,Collision with vehicle,5,Friday,121,RIGHT THROUGH,1,44924,Cross intersection,2,60,Local Road,CAPE NELSON,GLENELG,-38.359856,141.60542,2022,2,February,17,Afternoon Peak,Weekday
T20220003627,2022-02-18,15:00:00,1,Collision with vehicle,5,Friday,130,REAR END(VEHICLES IN SAME LANE),1,707375,Not at intersection,3,80,Arterial Other,OLD MOOROODUC,MORNINGTON PENINSULA,-38.27176,145.07095,2022,2,February,15,Afternoon Peak,Weekday
T20220003628,2022-02-18,16:45:00,1,Collision with vehicle,5,Friday,130,REAR END(VEHICLES IN SAME LANE),1,704832,Multiple intersection,2,80,Freeway,BULLA-CALDER OUT,MOONEE VALLEY,-37.735252,144.89734,2022,2,February,16,Afternoon Peak,Weekday
T20220003630,2022-02-18,13:55:00,1,Collision with vehicle,5,Friday,110,CROSS TRAFFIC(INTERSECTIONS ONLY),1,62820,Cross intersection,3,50,Local Road,CHARLES,BRIMBANK,-37.733013,144.79672,2022,2,February,13,Midday,Weekday
T20220003636,2022-02-18,20:55:00,2,Struck Pedestrian,5,Friday,102,FAR SIDE. PED HIT BY VEHICLE FROM THE LEFT,3,708491,Not at intersection,3,60,Arterial Highway,MCCRAE,BENDIGO,-36.75388,144.2865,2022,2,February,20,Night,Weekday
T20220003637,2022-02-18,15:21:00,1,Collision with vehicle,5,Friday,121,RIGHT THROUGH,1,42363,T intersection,3,60,Arterial Other,PASCOE VALE,HUME,-37.687893,144.91641,2022,2,February,15,Afternoon Peak,Weekday
T20220003640,2022-02-18,22:08:00,1,Collision with vehicle,5,Friday,160,VEHICLE COLLIDES WITH VEHICLE PARKED ON LEFT OF ROAD,3,706355,Not at intersection,2,50,Local Road,DAREBIN,WHITTLESEA,-37.67015,145.0362,2022,2,February,22,Night,Weekday
T20220003641,2022-02-18,21:20:00,1,Collision with vehicle,5,Friday,132,RIGHT REAR.,3,102689,T intersection,3,60,Arterial Highway,SOUTH GIPPSLAND,DANDENONG,-38.000668,145.22559,2022,2,February,21,Night,Weekday
T20220003642,2022-02-18,18:06:00,4,Collision with a fixed object,5,Friday,183,OFF LEFT BEND INTO OBJECT/PARKED VEHICLE,1,712337,T intersection,2,50,Local Road,WILD CHERRY,CARDINIA,-38.0553,145.47664,2022,2,February,18,Afternoon Peak,Weekday
T20220003647,2022-02-18,15:00:00,1,Collision with vehicle,5,Friday,113,RIGHT NEAR (INTERSECTIONS ONLY),1,707066,T intersection,2,60,Local Road,BARANDUDA,WODONGA,-36.173008,146.936,2022,2,February,15,Afternoon Peak,Weekday
T20220003650,2022-02-18,18:59:00,4,Collision with a fixed object,5,Friday,181,OFF RIGHT BEND INTO OBJECT/PARKED VEHICLE,1,713229,Not at intersection,3,100,Arterial Highway,PRINCES,EAST GIPPSLAND,-37.776222,148.05069,2022,2,February,18,Afternoon Peak,Weekday
T20220005150,2022-02-18,14:00:00,8,No collision and no object struck,5,Friday,174,OUT OF CONTROL ON CARRIAGEWAY (ON STRAIGHT),1,706652,Not at intersection,3,40,Local Road,BRUNSWICK,YARRA,-37.798,144.97853,2022,2,February,14,Midday,Weekday
T20220003678,2022-02-18,16:40:00,1,Collision with vehicle,5,Friday,163,VEHICLE STRIKES DOOR OF PARKED/STATIONARY VEHICLE,1,37590,Cross intersection,3,60,Arterial Other,ST KILDA,MELBOURNE,-37.83908,144.97658,2022,2,February,16,Afternoon Peak,Weekday
T20220004029,2022-02-18,15:30:00,2,Struck Pedestrian,5,Friday,109,ANY MANOEUVRE INVOLVING PED NOT INCLUDED IN DCAs 100-108.,1,705189,Not at intersection,3,50,Local Road,FALCONER,MAROONDAH,-37.82838,145.29149,2022,2,February,15,Afternoon Peak,Weekday
T20220004014,2022-02-18,17:58:00,1,Collision with vehicle,5,Friday,132,RIGHT REAR.,1,52908,T intersection,3,60,Local Road,PLEASANT,BALLARAT,-37.56561,143.83795,2022,2,February,17,Afternoon Peak,Weekday