ACCIDENT_NO,ACCIDENT_DATE,ACCIDENT_TIME,ACCIDENT_TYPE,ACCIDENT_TYPE_DESC,DAY_OF_WEEK,DAY_WEEK_DESC,DCA_CODE,DCA_DESC,LIGHT_CONDITION,NODE_ID,ROAD_GEOMETRY_DESC,SEVERITY,SPEED_ZONE,RMA,ROAD_NAME,LGA_NAME,LATITUDE,LONGITUDE,YEAR,MONTH,MONTH_NAME,HOUR,TIME_PERIOD,DAY_TYPE
T20220004230,2022-02-18,08:30:00,1,Collision with vehicle,5,Friday,130,REAR END(VEHICLES IN SAME LANE),1,712922,Not at intersection,3,60,Arterial Other,EDITHVALE,KINGSTON,-38.03837,145.10959,2022,2,February,8,Morning Peak,Weekday
T20220003761,2022-02-18,13:30:00,1,Collision with vehicle,5,Friday,130,REAR END(VEHICLES IN SAME LANE),1,705326,Not at intersection,3,60,Arterial Other,MCDONALD,BRIMBANK,-37.813213,144.84735,2022,2,February,13,Midday,Weekday
T20220005896,2022-02-18,19:00:00,1,Collision with vehicle,5,Friday,121,RIGHT THROUGH,1,37296,T intersection,3,80,Arterial Other,KILBERRY,CASEY,-38.031235,145.28125,2022,2,February,19,Night,Weekday
T20220004656,2022-02-18,19:00:00,1,Collision with vehicle,5,Friday,142,LEAVING PARKING,9,705669,Not at intersection,3,50,Local Road,THORN,MOONEE VALLEY,-37.748405,144.91235,2022,2,February,19,Night,Weekday
T20220006020,2022-02-18,08:30:00,2,Struck Pedestrian,5,Friday,101,PED EMERGES FROM IN FRONT OF PARKED OR STATIONARY VEHICLE,1,707079,Not at intersection,2,70,Arterial Other,SOUTH,KINGSTON,-37.9374,145.06798,2022,2,February,8,Morning Peak,Weekday
T20220003800,2022-02-18,13:00:00,1,Collision with vehicle,5,Friday,110,CROSS TRAFFIC(INTERSECTIONS ONLY),1,981,Multiple intersection,3,70,Arterial Other,HIGH,CASEY,-38.03204,145.34892,2022,2,February,13,Midday,Weekday
T20220010801,2022-02-18,23:02:00,1,Collision with vehicle,5,Friday,110,CROSS TRAFFIC(INTERSECTIONS ONLY),3,56625,Cross intersection,3,70,Local Road,LEAKES,WYNDHAM,-37.83203,144.67287,2022,2,February,23,Night,Weekday
T20220003715,2022-02-19,20:15:00,1,Collision with vehicle,6,Saturday,130,REAR END(VEHICLES IN SAME LANE),3,711250,Not at intersection,3,80,Arterial Other,PORTARLINGTON,GEELONG,-38.17718,144.48145,2022,2,February,20,Night,Weekend
T20220003764,2022-02-19,15:15:00,4,Collision with a fixed object,6,Saturday,181,OFF RIGHT BEND INTO OBJECT/PARKED VEHICLE,1,669246,Not at intersection,3,100,Arterial Highway,GREAT ALPINE,ALPINE,-36.922085,147.04976,2022,2,February,15,Afternoon Peak,Weekend
T20220003708,2022-02-19,17:06:00,1,Collision with vehicle,6,Saturday,130,REAR END(VEHICLES IN SAME LANE),1,719383,Not at intersection,2,50,Arterial Other,BURWOOD,YARRA RANGES,-37.906975,145.34561,2022,2,February,17,Afternoon Peak,Weekend
T20220003773,2022-02-19,17:50:00,2,Struck Pedestrian,6,Saturday,100,PED NEAR SIDE. PED HIT BY VEHICLE FROM THE RIGHT.,1,781574,T intersection,3,70,Local Road,ELDER,BANYULE,-37.71093,145.08502,2022,2,February,17,Afternoon Peak,Weekend
T20220003701,2022-02-19,15:35:00,1,Collision with vehicle,6,Saturday,113,RIGHT NEAR (INTERSECTIONS ONLY),1,29655,T intersection,3,60,Arterial Highway,WARRIGAL,MONASH,-37.895138,145.0878,2022,2,February,15,Afternoon Peak,Weekend
T20220003754,2022-02-19,16:30:00,6,Vehicle overturned (no collision),6,Saturday,174,OUT OF CONTROL ON CARRIAGEWAY (ON STRAIGHT),1,70481,Cross intersection,3,60,Local Road,KING,WELLINGTON,-37.962914,146.98064,2022,2,February,16,Afternoon Peak,Weekend
T20220003792,2022-02-19,15:30:00,8,No collision and no object struck,6,Saturday,174,OUT OF CONTROL ON CARRIAGEWAY (ON STRAIGHT),1,209289,Not at intersection,3,60,Local Road,ARTHURS CREEK,NILLUMBIK,-37.63748,145.19135,2022,2,February,15,Afternoon Peak,Weekend
T20220003703,2022-02-19,16:06:00,1,Collision with vehicle,6,Saturday,113,RIGHT NEAR (INTERSECTIONS ONLY),1,703018,T intersection,2,100,Arterial Other,PORTARLINGTON,GEELONG,-38.172276,144.43976,2022,2,February,16,Afternoon Peak,Weekend
T20220003705,2022-02-19,18:40:00,1,Collision with vehicle,6,Saturday,110,CROSS TRAFFIC(INTERSECTIONS ONLY),1,356970,Cross intersection,2,50,Local Road,CONDON,BENDIGO,-36.767902,144.2937,2022,2,February,18,Afternoon Peak,Weekend
T20220003710,2022-02-19,19:21:00,1,Collision with vehicle,6,Saturday,130,REAR END(VEHICLES IN SAME LANE),2,232337,Not at intersection,3,80,Arterial Highway,PRINCES,CASEY,-38.002934,145.24693,2022,2,February,19,Night,Weekend
T20220003691,2022-02-19,14:43:00,1,Collision with vehicle,6,Saturday,132,RIGHT REAR.,1,708327,Not at intersection,2,70,Arterial Other,CAMP,HUME,-37.689377,144.95596,2022,2,February,14,Midday,Weekend
T20220003711,2022-02-19,17:56:00,4,Collision with a fixed object,6,Saturday,181,OFF RIGHT BEND INTO OBJECT/PARKED VEHICLE,1,712422,Not at intersection,2,50,Local Road,MARY,BOROONDARA,-37.817616,145.03038,2022,2,February,17,Afternoon Peak,Weekend
T20220003699,2022-02-19,14:49:00,1,Collision with vehicle,6,Saturday,135,LANE CHANGE LEFT (NOT OVERTAKING),1,706450,Not at intersection,3,80,Freeway,MONASH,MONASH,-37.893772,145.13805,2022,2,February,14,Midday,Weekend
T20220003707,2022-02-19,17:40:00,4,Collision with a fixed object,6,Saturday,171,LEFT OFF CARRIAGEWAY INTO OBJECT/PARKED VEHICLE,1,706452,Not at intersection,2,100,Local Road,AVENEL-LONGWOOD,STRATHBOGIE,-36.815586,145.3554,2022,2,February,17,Afternoon Peak,Weekend
T20220003717,2022-02-19,20:43:00,2,Struck Pedestrian,6,Saturday,102,FAR SIDE. PED HIT BY VEHICLE FROM THE LEFT,3,731393,Not at intersection,3,40,Local Road,STATION,FRANKSTON,-38.103455,145.12813,2022,2,February,20,Night,Weekend
T20220003662,2022-02-19,10:15:00,1,Collision with vehicle,6,Saturday,132,RIGHT REAR.,1,50148,T intersection,3,60,Local Road,HITCHCOCK,GEELONG,-38.177532,144.38077,2022,2,February,10,Midday,Weekend
T20220003718,2022-02-19,20:20:00,4,Collision with a fixed object,6,Saturday,173,RIGHT OFF CARRIAGEWAY INTO OBJECT/PARKED VEHICLE,3,712098,Not at intersection,2,50,Local Road,KEYLANA,DANDENONG,-38.003586,145.14606,2022,2,February,20,Night,Weekend
T20220003720,2022-02-19,03:29:00,4,Collision with a fixed object,6,Saturday,164,PERMANENT OBSTRUCTION ON CARRIAGEWAY,3,708004,Cross intersection,2,40,Local Road,LITTLE BOURKE,MELBOURNE,-37.81468,144.95782,2022,2,February,3,Late Night,Weekend
T20220003661,2022-02-19,09:14:00,8,No collision and no object struck,6,Saturday,174,OUT OF CONTROL ON CARRIAGEWAY (ON STRAIGHT),1,706447,Not at intersection,3,40,Local Road,LA TROBE,MELBOURNE,-37.810204,144.96175,2022,2,February,9,Morning Peak,Weekend
T20220003722,2022-02-19,22:40:00,1,Collision with vehicle,6,Saturday,135,LANE CHANGE LEFT (NOT OVERTAKING),3,302320,Cross intersection,3,60,Arterial Other,ST KILDA,MELBOURNE,-37.844852,144.97868,2022,2,February,22,Night,Weekend
T20220003724,2022-02-19,16:28:00,1,Collision with vehicle,6,Saturday,130,REAR END(VEHICLES IN SAME LANE),1,707008,Not at intersection,2,60,Local Road,MACCLESFIELD,YARRA RANGES,-37.863243,145.42351,2022,2,February,16,Afternoon Peak,Weekend
T20220003731,2022-02-19,23:14:00,4,Collision with a fixed object,6,Saturday,181,OFF RIGHT BEND INTO OBJECT/PARKED VEHICLE,3,705083,Not at intersection,3,50,Local Road,LAURA,CASEY,-38.039562,145.28255,2022,2,February,23,Night,Weekend
T20220003713,2022-02-19,15:20:00,1,Collision with vehicle,6,Saturday,110,CROSS TRAFFIC(INTERSECTIONS ONLY),1,29495,Cross intersection,3,60,Arterial Other,PLENTY,DAREBIN,-37.74315,145.00812,2022,2,February,15,Afternoon Peak,Weekend
T20220003763,2022-02-19,20:10:00,4,Collision with a fixed object,6,Saturday,181,OFF RIGHT BEND INTO OBJECT/PARKED VEHICLE,5,707014,Not at intersection,2,100,Arterial Other,SNOW,WANGARATTA,-36.53385,146.58395,2022,2,February,20,Night,Weekend
T20220003744,2022-02-19,13:54:00,4,Collision with a fixed object,6,Saturday,173,RIGHT OFF CARRIAGEWAY INTO OBJECT/PARKED VEHICLE,1,774733,T intersection,3,50,Local Road,SUNFIELD,WHITTLESEA,-37.611954,145.02968,2022,2,February,13,Midday,Weekend
T20220003778,2022-02-19,20:27:00,1,Collision with vehicle,6,Saturday,135,LANE CHANGE LEFT (NOT OVERTAKING),2,709941,Not at intersection,3,100,Freeway,WEST GATE,HOBSONS BAY,-37.824932,144.84914,2022,2,February,20,Night,Weekend
T20220003652,2022-02-19,01:15:00,4,Collision with a fixed object,6,Saturday,171,LEFT OFF CARRIAGEWAY INTO OBJECT/PARKED VEHICLE,5,715887,Not at intersection,3,40,Arterial Other,WAHRING-MURCHISON EAST,STRATHBOGIE,-36.67415,145.24033,2022,2,February,1,Late Night,Weekend
T20220003693,2022-02-19,16:25:00,1,Collision with vehicle,6,Saturday,130,REAR END(VEHICLES IN SAME LANE),1,704987,Not at intersection,3,40,Freeway,STANLEY,MONASH,-37.889362,145.11554,2022,2,February,16,Afternoon Peak,Weekend
T20220003694,2022-02-19,16:40:00,1,Collision with vehicle,6,Saturday,110,CROSS TRAFFIC(INTERSECTIONS ONLY),1,52986,Cross intersection,2,60,Local Road,CLARKSON,BALLARAT,-37.58206,143.83894,2022,2,February,16,Afternoon Peak,Weekend
T20220004306,2022-02-19,15:00:00,8,No collision and no object struck,6,Saturday,174,OUT OF CONTROL ON CARRIAGEWAY (ON STRAIGHT),1,43503,T intersection,3,60,Local Road,ASHLEIGH,FRANKSTON,-38.14746,145.14412,2022,2,February,15,Afternoon Peak,Weekend
T20220003695,2022-02-19,15:20:00,1,Collision with vehicle,6,Saturday,110,CROSS TRAFFIC(INTERSECTIONS ONLY),1,597668,Cross intersection,2,100,Local Road,LINTON-CARNGHAM,PYRENEES,-37.597996,143.59126,2022,2,February,15,Afternoon Peak,Weekend
T20220003660,2022-02-19,09:00:00,2,Struck Pedestrian,6,Saturday,103,PED PLAYING/LYING/WORKING/STANDING ON CARRIAGEWAY.,1,712961,Not at intersection,3,40,Local Road,DALGETY,MONASH,-37.89183,145.08981,2022,2,February,9,Morning Peak,Weekend
T20220003697,2022-02-19,15:25:00,4,Collision with a fixed object,6,Saturday,181,OFF RIGHT BEND INTO OBJECT/PARKED VEHICLE,1,705471,Not at intersection,3,80,Arterial Other,MANSFIELD-WHITFIELD,WANGARATTA,-36.875668,146.32257,2022,2,February,15,Afternoon Peak,Weekend
T20220004367,2022-02-19,21:50:00,1,Collision with vehicle,6,Saturday,130,REAR END(VEHICLES IN SAME LANE),6,715458,Not at intersection,3,100,Freeway,MONASH,DANDENONG,-37.96388,145.23135,2022,2,February,21,Night,Weekend
T20220003875,2022-02-19,17:48:00,1,Collision with vehicle,6,Saturday,130,REAR END(VEHICLES IN SAME LANE),9,778587,Cross intersection,3,60,Local Road,WESTWOOD,MELTON,-37.76211,144.75427,2022,2,February,17,Afternoon Peak,Weekend
T20220003709,2022-02-19,18:05:00,1,Collision with vehicle,6,Saturday,110,CROSS TRAFFIC(INTERSECTIONS ONLY),1,35558,Cross intersection,3,40,Arterial Highway,WARRIGAL,STONNINGTON,-37.875427,145.0916,2022,2,February,18,Afternoon Peak,Weekend
T20220003664,2022-02-19,10:49:00,1,Collision with vehicle,6,Saturday,130,REAR END(VEHICLES IN SAME LANE),1,731391,Not at intersection,2,60,Local Road,HIGH,GEELONG,-38.168045,144.35016,2022,2,February,10,Midday,Weekend
T20220004906,2022-02-19,21:07:00,1,Collision with vehicle,6,Saturday,160,VEHICLE COLLIDES WITH VEHICLE PARKED ON LEFT OF ROAD,3,779563,Not at intersection,3,60,Arterial Other,ST KILDA ROAD SERVICE,MELBOURNE,-37.82714,144.97124,2022,2,February,21,Night,Weekend
T20220005130,2022-02-19,19:00:00,1,Collision with vehicle,6,Saturday,121,RIGHT THROUGH,1,131,Cross intersection,3,40,Arterial Highway,POINT NEPEAN,MORNINGTON PENINSULA,-38.33668,144.74078,2022,2,February,19,Night,Weekend
T20220003672,2022-02-19,09:25:00,1,Collision with vehicle,6,Saturday,142,LEAVING PARKING,1,704836,Not at intersection,3,60,Local Road,STURT,MELBOURNE,-37.827564,144.96613,2022,2,February,9,Morning Peak,Weekend
T20220003676,2022-02-19,12:19:00,1,Collision with vehicle,6,Saturday,130,REAR END(VEHICLES IN SAME LANE),1,731392,Not at intersection,2,40,Arterial Other,EPPING-KILMORE,WHITTLESEA,-37.620365,145.02925,2022,2,February,12,Midday,Weekend
T20220003704,2022-02-19,15:35:00,1,Collision with vehicle,6,Saturday,121,RIGHT THROUGH,1,40450,Cross intersection,2,40,Arterial Other,RIVERSDALE,BOROONDARA,-37.832157,145.06369,2022,2,February,15,Afternoon Peak,Weekend
T20220003683,2022-02-19,13:23:00,1,Collision with vehicle,6,Saturday,130,REAR END(VEHICLES IN SAME LANE),1,704913,Not at intersection,3,60,Arterial Other,CENTRE,DANDENONG,-37.932384,145.14973,2022,2,February,13,Midday,Weekend
T20220003684,2022-02-19,09:20:00,1,Collision with vehicle,6,Saturday,160,VEHICLE COLLIDES WITH VEHICLE PARKED ON LEFT OF ROAD,1,705117,Not at intersection,2,60,Arterial Other,BEACH,BAYSIDE,-37.99425,145.03435,2022,2,February,9,Morning Peak,Weekend
T20220003685,2022-02-19,13:45:00,1,Collision with vehicle,6,Saturday,110,CROSS TRAFFIC(INTERSECTIONS ONLY),1,51686,Cross intersection,2,60,Arterial Other,MACKENZIE,BENDIGO,-36.773613,144.25003,2022,2,February,13,Midday,Weekend
T20220004429,2022-02-19,13:30:00,1,Collision with vehicle,6,Saturday,130,REAR END(VEHICLES IN SAME LANE),1,705501,Not at intersection,3,80,Arterial Other,CLYDE,CASEY,-38.05094,145.33995,2022,2,February,13,Midday,Weekend
T20220004054,2022-02-19,18:10:00,1,Collision with vehicle,6,Saturday,130,REAR END(VEHICLES IN SAME LANE),1,707006,Not at intersection,3,80,Freeway,WEST GATE,MELBOURNE,-37.828045,144.95999,2022,2,February,18,Afternoon Peak,Weekend
T20220007688,2022-02-19,17:40:00,4,Collision with a fixed object,6,Saturday,171,LEFT OFF CARRIAGEWAY INTO OBJECT/PARKED VEHICLE,1,708879,Not at intersection,2,50,Local Road,LOMBARDY,MORNINGTON PENINSULA,-38.33934,144.97946,2022,2,February,17,Afternoon Peak,Weekend
T20220003665,2022-02-19,08:25:00,3,Struck animal,6,Saturday,167,STRUCK ANIMAL,1,704912,Not at intersection,2,60,Arterial Other,ELTHAM-YARRA GLEN,NILLUMBIK,-37.690346,145.21579,2022,2,February,8,Morning Peak,Weekend
T20220003850,2022-02-19,07:30:00,1,Collision with vehicle,6,Saturday,110,CROSS TRAFFIC(INTERSECTIONS ONLY),1,43085,Cross intersection,3,60,Arterial Highway,STUD,DANDENONG,-37.97967,145.22179,2022,2,February,7,Morning Peak,Weekend
T20220003862,2022-02-19,23:03:00,1,Collision with vehicle,6,Saturday,121,RIGHT THROUGH,3,36488,Cross intersection,3,60,Arterial Highway,ALEXANDRA,YARRA,-37.793453,144.9793,2022,2,February,23,Night,Weekend
T20220003668,2022-02-19,10:29:00,1,Collision with vehicle,6,Saturday,132,RIGHT REAR.,1,37289,T intersection,2,70,Local Road,BRUSH,WHITTLESEA,-37.63795,145.02948,2022,2,February,10,Midday,Weekend
T20220003791,2022-02-20,17:40:00,1,Collision with vehicle,7,Sunday,130,REAR END(VEHICLES IN SAME LANE),1,704918,Not at intersection,3,70,Arterial Highway,COLAC,GEELONG,-38.196857,144.31839,2022,2,February,17,Afternoon Peak,Weekend
T20220003788,2022-02-20,17:30:00,8,No collision and no object struck,7,Sunday,170,OFF CARRIAGEWAY TO LEFT,1,54115,Multiple intersection,2,60,Arterial Other,WONGA,MAROONDAH,-37.773792,145.24818,2022,2,February,17,Afternoon Peak,Weekend
T20220003732,2022-02-20,02:13:00,5,collision with some other object,7,Sunday,173,RIGHT OFF CARRIAGEWAY INTO OBJECT/PARKED VEHICLE,3,756526,Not at intersection,2,70,Arterial Other,FOREST,GEELONG,-38.052357,144.39107,2022,2,February,2,Late Night,Weekend
T20220003735,2022-02-20,04:55:00,4,Collision with a fixed object,7,Sunday,181,OFF RIGHT BEND INTO OBJECT/PARKED VEHICLE,3,760686,Not at intersection,2,60,Arterial Other,BARRABOOL,GEELONG,-38.168312,144.30627,2022,2,February,4,Late Night,Weekend
T20220003749,2022-02-20,11:43:00,1,Collision with vehicle,7,Sunday,143,ENTERING PARKING,1,704916,Not at intersection,3,40,Local Road,FRANKLIN,LATROBE,-38.19597,146.53802,2022,2,February,11,Midday,Weekend
T20220003871,2022-02-20,11:00:00,8,No collision and no object struck,7,Sunday,184,OUT OF CONTROL ON CARRIAGEWAY (ON BEND),1,704993,Not at intersection,3,60,Arterial Other,KORUMBURRA-WARRAGUL,BAW BAW,-38.265015,145.89355,2022,2,February,11,Midday,Weekend
T20220003753,2022-02-20,09:20:00,1,Collision with vehicle,7,Sunday,110,CROSS TRAFFIC(INTERSECTIONS ONLY),1,56209,Cross intersection,2,50,Local Road,WILLETT,MORELAND,-37.715366,144.91565,2022,2,February,9,Morning Peak,Weekend
T20220003774,2022-02-20,15:15:00,1,Collision with vehicle,7,Sunday,110,CROSS TRAFFIC(INTERSECTIONS ONLY),1,350690,Cross intersection,2,80,Arterial Highway,WEDGEWOOD,CASEY,-38.004387,145.25754,2022,2,February,15,Afternoon Peak,Weekend
T20220006283,2022-02-20,22:30:00,4,Collision with a fixed object,7,Sunday,171,LEFT OFF CARRIAGEWAY INTO OBJECT/PARKED VEHICLE,3,70244,Cross intersection,3,50,Local Road,CURTIN,DANDENONG,-37.96566,145.20876,2022,2,February,22,Night,Weekend
T20220007107,2022-02-20,06:42:00,1,Collision with vehicle,7,Sunday,121,RIGHT THROUGH,1,221459,Cross intersection,3,80,Arterial Other,SYDNEY,HUME,-37.689503,144.95824,2022,2,February,6,Morning Peak,Weekend
T20220003784,2022-02-20,11:38:00,4,Collision with a fixed object,7,Sunday,194,PARKED CAR RUN AWAY,1,705756,Not at intersection,3,100,Local Road,ROBERTSON CREEK,BAW BAW,-37.99195,145.83266,2022,2,February,11,Midday,Weekend
T20220003870,2022-02-20,12:10:00,8,No collision and no object struck,7,Sunday,174,OUT OF CONTROL ON CARRIAGEWAY (ON STRAIGHT),1,705086,Not at intersection,3,100,Local Road,VICTORIA,GOLDEN PLAINS,-37.68533,143.72754,2022,2,February,12,Midday,Weekend
T20220003885,2022-02-20,23:00:00,1,Collision with vehicle,7,Sunday,130,REAR END(VEHICLES IN SAME LANE),9,709240,Not at intersection,3,60,Arterial Highway,CITY,MELBOURNE,-37.821194,144.96744,2022,2,February,23,Night,Weekend
T20220006868,2022-02-20,11:41:00,1,Collision with vehicle,7,Sunday,147,VEHICLE STRIKES ANOTHER VEH WHILE EMERGING FROM DRIVEWAY,1,707961,Not at intersection,3,50,Local Road,FOLEYS,BRIMBANK,-37.782887,144.77184,2022,2,February,11,Midday,Weekend
T20220003755,2022-02-20,10:27:00,1,Collision with vehicle,7,Sunday,110,CROSS TRAFFIC(INTERSECTIONS ONLY),1,52698,Cross intersection,3,50,Arterial Other,BAILEY,HEPBURN,-37.294838,143.7867,2022,2,February,10,Midday,Weekend
T20220003820,2022-02-20,11:15:00,1,Collision with vehicle,7,Sunday,130,REAR END(VEHICLES IN SAME LANE),1,44717,Cross intersection,3,60,Arterial Highway,EAGLEHAWK,BENDIGO,-36.725876,144.25868,2022,2,February,11,Midday,Weekend
T20220004655,2022-02-20,11:50:00,1,Collision with vehicle,7,Sunday,130,REAR END(VEHICLES IN SAME LANE),1,39582,T intersection,3,80,Arterial Highway,WHITEHORSE,WHITEHORSE,-37.816624,145.20776,2022,2,February,11,Midday,Weekend
T20220004765,2022-02-20,12:50:00,1,Collision with vehicle,7,Sunday,110,CROSS TRAFFIC(INTERSECTIONS ONLY),1,38783,Cross intersection,3,50,Local Road,EARSDON,MARIBYRNONG,-37.81842,144.89645,2022,2,February,12,Midday,Weekend
T20220003757,2022-02-20,10:07:00,1,Collision with vehicle,7,Sunday,110,CROSS TRAFFIC(INTERSECTIONS ONLY),1,233796,Cross intersection,2,60,Arterial Other,DERRIMUT,WYNDHAM,-37.841053,144.68967,2022,2,February,10,Midday,Weekend
T20220003758,2022-02-20,12:12:00,1,Collision with vehicle,7,Sunday,145,REVERSING IN STREAM OF TRAFFIC,1,708844,Not at intersection,3,50,Local Road,LAKESFIELD,KNOX,-37.91232,145.27988,2022,2,February,12,Midday,Weekend
T20220003783,2022-02-20,16:20:00,1,Collision with vehicle,7,Sunday,115,RIGHT/LEFT FAR (INTERSECTIONS ONLY),1,704917,T intersection,2,100,Local Road,CARROLLS,MACEDON RANGES,-37.49105,144.47751,2022,2,February,16,Afternoon Peak,Weekend
T20220003766,2022-02-20,13:28:00,1,Collision with vehicle,7,Sunday,140,U TURN,1,705175,T intersection,3,80,Arterial Other,PLENTY,WHITTLESEA,-37.6468,145.09297,2022,2,February,13,Midday,Weekend
T20220003767,2022-02-20,13:20:00,5,collision with some other object,7,Sunday,166,STRUCK OBJECT ON CARRIAGEWAY,1,705030,Not at intersection,3,100,Arterial Other,TYERS-WALHALLA,LATROBE,-38.120285,146.45923,2022,2,February,13,Midday,Weekend
T20220003768,2022-02-20,11:45:00,6,Vehicle overturned (no collision),7,Sunday,172,OFF CARRIAGEWAY TO RIGHT,1,60685,Cross intersection,2,60,Arterial Highway,CRESWICK,BALLARAT,-37.527744,143.84897,2022,2,February,11,Midday,Weekend
T20220003769,2022-02-20,13:44:00,1,Collision with vehicle,7,Sunday,130,REAR END(VEHICLES IN SAME LANE),1,41789,Not at intersection,2,70,Arterial Highway,SPRINGVALE,MONASH,-37.87763,145.16621,2022,2,February,13,Midday,Weekend
T20220003759,2022-02-20,08:56:00,4,Collision with a fixed object,7,Sunday,183,OFF LEFT BEND INTO OBJECT/PARKED VEHICLE,1,705174,Not at intersection,2,80,Arterial Other,MARYSVILLE-WOODS POINT,YARRA RANGES,-37.5452,145.84811,2022,2,February,8,Morning Peak,Weekend
T20220003780,2022-02-20,17:24:00,1,Collision with vehicle,7,Sunday,120,HEAD ON (NOT OVERTAKING),1,45097,Cross intersection,3,60,Arterial Highway,HIGH,MITCHELL,-37.41637,144.97911,2022,2,February,17,Afternoon Peak,Weekend
T20220005117,2022-02-20,08:15:00,5,collision with some other object,7,Sunday,166,STRUCK OBJECT ON CARRIAGEWAY,1,707021,Not at intersection,3,100,Local Road,HARRYS CREEK,STRATHBOGIE,-36.671387,145.73347,2022,2,February,8,Morning Peak,Weekend
T20220005698,2022-02-20,19:30:00,1,Collision with vehicle,7,Sunday,120,HEAD ON (NOT OVERTAKING),2,56065,T intersection,3,60,Local Road,FOREST RED GUM,HUME,-37.564415,144.89653,2022,2,February,19,Night,Weekend
T20220003831,2022-02-20,10:50:00,1,Collision with vehicle,7,Sunday,130,REAR END(VEHICLES IN SAME LANE),1,704992,Not at intersection,3,70,Arterial Highway,NORTH,BAYSIDE,-37.901478,145.01956,2022,2,February,10,Midday,Weekend
T20220003815,2022-02-20,17:00:00,1,Collision with vehicle,7,Sunday,121,RIGHT THROUGH,1,707122,Cross intersection,3,70,Local Road,NORTH,FRANKSTON,-38.16811,145.21498,2022,2,February,17,Afternoon Peak,Weekend
T20220004034,2022-02-20,18:45:00,1,Collision with vehicle,7,Sunday,130,REAR END(VEHICLES IN SAME LANE),9,707026,Not at intersection,3,80,Freeway,PRINCES,HOBSONS BAY,-37.840527,144.79422,2022,2,February,18,Afternoon Peak,Weekend
T20220003867,2022-02-20,18:47:00,4,Collision with a fixed object,7,Sunday,173,RIGHT OFF CARRIAGEWAY INTO OBJECT/PARKED VEHICLE,1,755234,Not at intersection,3,50,Local Road,CAMPBELLS COVE,WYNDHAM,-37.94368,144.73367,2022,2,February,18,Afternoon Peak,Weekend
T20220003812,2022-02-20,09:00:00,1,Collision with vehicle,7,Sunday,116,LEFT NEAR (INTERSECTIONS ONLY),1,52897,Cross intersection,3,50,Arterial Other,DRUMMOND,BALLARAT,-37.565033,143.84666,2022,2,February,9,Morning Peak,Weekend
T20220003794,2022-02-20,21:30:00,3,Struck animal,7,Sunday,167,STRUCK ANIMAL,5,704990,Not at intersection,3,100,Arterial Other,HEATHCOTE-REDESDALE,BENDIGO,-36.929024,144.68082,2022,2,February,21,Night,Weekend
T20220003795,2022-02-20,16:30:00,1,Collision with vehicle,7,Sunday,116,LEFT NEAR (INTERSECTIONS ONLY),1,43567,Cross intersection,3,80,Arterial Highway,NEPEAN,MORNINGTON PENINSULA,-38.2232,145.05325,2022,2,February,16,Afternoon Peak,Weekend
T20220005992,2022-02-20,17:30:00,1,Collision with vehicle,7,Sunday,131,LEFT REAR,1,29726,Cross intersection,3,80,Arterial Highway,PRINCES,CASEY,-38.006256,145.27335,2022,2,February,17,Afternoon Peak,Weekend
T20220003883,2022-02-21,18:30:00,1,Collision with vehicle,1,Monday,130,REAR END(VEHICLES IN SAME LANE),1,707124,Not at intersection,3,60,Arterial Other,STEPHENSONS,MONASH,-37.871433,145.1298,2022,2,February,18,Afternoon Peak,Weekday
T20220006982,2022-02-21,08:20:00,8,No collision and no object struck,1,Monday,149,OTHER MANOEUVRING NOT INCLUDED IN DCAs 140-148,1,47233,Not at intersection,3,80,Freeway,WEST GATE,MARIBYRNONG,-37.824608,144.87544,2022,2,February,8,Morning Peak,Weekday
T20220003876,2022-02-21,16:00:00,1,Collision with vehicle,1,Monday,121,RIGHT THROUGH,1,704995,T intersection,2,70,Local Road,LILLIMUR,GLEN EIRA,-37.90399,145.04114,2022,2,February,16,Afternoon Peak,Weekday
T20220003880,2022-02-21,17:00:00,1,Collision with vehicle,1,Monday,171,LEFT OFF CARRIAGEWAY INTO OBJECT/PARKED VEHICLE,1,708379,Multiple intersection,3,80,Arterial Highway,MORNINGTON PENINSULA,KINGSTON,-37.960163,145.11867,2022,2,February,17,Afternoon Peak,Weekday
T20220004760,2022-02-21,14:30:00,1,Collision with vehicle,1,Monday,130,REAR END(VEHICLES IN SAME LANE),1,707474,Not at intersection,3,50,Arterial Other,MELTON,MELTON,-37.692574,144.60446,2022,2,February,14,Midday,Weekday
T20220003868,2022-02-21,17:45:00,1,Collision with vehicle,1,Monday,121,RIGHT THROUGH,1,43727,Cross intersection,3,60,Local Road,GILBERT,DAREBIN,-37.73821,144.99005,2022,2,February,17,Afternoon Peak,Weekday
T20220004816,2022-02-21,15:30:00,3,Struck animal,1,Monday,167,STRUCK ANIMAL,1,705853,Not at intersection,3,100,Local Road,OLD ROSEDALE,WELLINGTON,-38.28927,146.83762,2022,2,February,15,Afternoon Peak,Weekday