ACCIDENT_NO,ACCIDENT_DATE,ACCIDENT_TIME,ACCIDENT_TYPE,ACCIDENT_TYPE_DESC,DAY_OF_WEEK,DAY_WEEK_DESC,DCA_CODE,DCA_DESC,LIGHT_CONDITION,NODE_ID,ROAD_GEOMETRY_DESC,SEVERITY,SPEED_ZONE,RMA,ROAD_NAME,LGA_NAME,LATITUDE,LONGITUDE,YEAR,MONTH,MONTH_NAME,HOUR,TIME_PERIOD,DAY_TYPE
T20220004899,2022-02-21,16:00:00,1,Collision with vehicle,1,Monday,147,VEHICLE STRIKES ANOTHER VEH WHILE EMERGING FROM DRIVEWAY,1,706018,Not at intersection,3,60,Arterial Other,MOUNTAIN,KNOX,-37.83804,145.29121,2022,2,February,16,Afternoon Peak,Weekday
T20220005893,2022-02-21,08:14:00,1,Collision with vehicle,1,Monday,133,LANE SIDE SWIPE (VEHICLES IN PARALLEL LANES),1,754838,Not at intersection,3,70,Arterial Highway,LATROBE,GEELONG,-38.14552,144.35313,2022,2,February,8,Morning Peak,Weekday
T20220003839,2022-02-21,08:00:00,1,Collision with vehicle,1,Monday,113,RIGHT NEAR (INTERSECTIONS ONLY),1,221899,Multiple intersection,3,80,Freeway,NEPEAN,MORNINGTON PENINSULA,-38.30404,145.03156,2022,2,February,8,Morning Peak,Weekday
T20220003825,2022-02-21,07:10:00,2,Struck Pedestrian,1,Monday,101,PED EMERGES FROM IN FRONT OF PARKED OR STATIONARY VEHICLE,2,707127,Not at intersection,3,70,Arterial Highway,LATROBE,GEELONG,-38.148327,144.35245,2022,2,February,7,Morning Peak,Weekday
T20220009167,2022-02-21,11:00:00,2,Struck Pedestrian,1,Monday,102,FAR SIDE. PED HIT BY VEHICLE FROM THE LEFT,1,37741,T intersection,3,40,Arterial Other,TOORAK,STONNINGTON,-37.84028,145.0021,2022,2,February,11,Midday,Weekday
T20220006270,2022-02-21,14:02:00,1,Collision with vehicle,1,Monday,110,CROSS TRAFFIC(INTERSECTIONS ONLY),1,119,Cross intersection,3,60,Arterial Other,TOORAK,MELBOURNE,-37.83622,144.97554,2022,2,February,14,Midday,Weekday
T20220003853,2022-02-21,13:40:00,1,Collision with vehicle,1,Monday,113,RIGHT NEAR (INTERSECTIONS ONLY),1,36891,T intersection,3,60,Arterial Other,PLYMOUTH,MAROONDAH,-37.782936,145.26855,2022,2,February,13,Midday,Weekday
T20220003854,2022-02-21,07:50:00,1,Collision with vehicle,1,Monday,130,REAR END(VEHICLES IN SAME LANE),1,679770,Cross intersection,3,60,Arterial Other,DORSET,KNOX,-37.86276,145.28561,2022,2,February,7,Morning Peak,Weekday
T20220003995,2022-02-21,22:49:00,4,Collision with a fixed object,1,Monday,171,LEFT OFF CARRIAGEWAY INTO OBJECT/PARKED VEHICLE,3,707473,Not at intersection,3,50,Local Road,LESDON,CASEY,-38.082497,145.27142,2022,2,February,22,Night,Weekday
T20220003874,2022-02-21,16:55:00,1,Collision with vehicle,1,Monday,116,LEFT NEAR (INTERSECTIONS ONLY),1,39718,T intersection,3,70,Arterial Other,MT DANDENONG,MAROONDAH,-37.800556,145.26346,2022,2,February,16,Afternoon Peak,Weekday
T20220003863,2022-02-21,14:40:00,1,Collision with vehicle,1,Monday,147,VEHICLE STRIKES ANOTHER VEH WHILE EMERGING FROM DRIVEWAY,1,781575,Not at intersection,3,60,Arterial Other,HEREFORD,YARRA RANGES,-37.782547,145.38239,2022,2,February,14,Midday,Weekday
T20220003864,2022-02-21,16:30:00,1,Collision with vehicle,1,Monday,116,LEFT NEAR (INTERSECTIONS ONLY),1,45041,Cross intersection,3,60,Arterial Other,SHAKESPEARE STREET -TRARALGON CREEK,LATROBE,-38.201504,146.54456,2022,2,February,16,Afternoon Peak,Weekday
T20220003807,2022-02-21,08:00:00,2,Struck Pedestrian,1,Monday,102,FAR SIDE. PED HIT BY VEHICLE FROM THE LEFT,1,704991,Not at intersection,2,60,Arterial Other,GRUBB,GEELONG,-38.246693,144.53778,2022,2,February,8,Morning Peak,Weekday
T20220003873,2022-02-21,16:30:00,1,Collision with vehicle,1,Monday,121,RIGHT THROUGH,1,41900,Cross intersection,3,60,Arterial Other,GAFFNEY,MORELAND,-37.73151,144.93849,2022,2,February,16,Afternoon Peak,Weekday
T20220003810,2022-02-21,05:58:00,4,Collision with a fixed object,1,Monday,181,OFF RIGHT BEND INTO OBJECT/PARKED VEHICLE,1,707126,Not at intersection,3,80,Arterial Other,KANGAROO GROUND-WARRANDYTE,NILLUMBIK,-37.708157,145.22328,2022,2,February,5,Morning Peak,Weekday
T20220004955,2022-02-21,13:45:00,1,Collision with vehicle,1,Monday,130,REAR END(VEHICLES IN SAME LANE),9,39785,Cross intersection,3,70,Arterial Other,DORSET,MAROONDAH,-37.826,145.28758,2022,2,February,13,Midday,Weekday
T20220003833,2022-02-21,09:40:00,1,Collision with vehicle,1,Monday,148,VEHICLE OFF FOOTPATH STRIKES VEH ON CARRIAGEWAY,1,713556,Not at intersection,3,40,Local Road,ASHWORTH,PORT PHILLIP,-37.848576,144.95235,2022,2,February,9,Morning Peak,Weekday
T20220003818,2022-02-21,08:55:00,4,Collision with a fixed object,1,Monday,181,OFF RIGHT BEND INTO OBJECT/PARKED VEHICLE,1,712011,Not at intersection,3,100,Arterial Other,WANGARATTA-WHITFIELD,WANGARATTA,-36.399464,146.34645,2022,2,February,8,Morning Peak,Weekday
T20220003828,2022-02-21,10:25:00,1,Collision with vehicle,1,Monday,121,RIGHT THROUGH,9,38731,Cross intersection,3,70,Arterial Highway,PLENTY,WHITTLESEA,-37.68831,145.06625,2022,2,February,10,Midday,Weekday
T20220003973,2022-02-22,17:35:00,2,Struck Pedestrian,2,Tuesday,102,FAR SIDE. PED HIT BY VEHICLE FROM THE LEFT,9,72107,Cross intersection,2,50,Local Road,CLARKE,GEELONG,-38.153076,144.34595,2022,2,February,17,Afternoon Peak,Weekday
T20220004691,2022-02-22,08:45:00,1,Collision with vehicle,2,Tuesday,130,REAR END(VEHICLES IN SAME LANE),1,706394,Not at intersection,3,40,Local Road,MCCORMICKS,FRANKSTON,-38.096325,145.19815,2022,2,February,8,Morning Peak,Weekday
T20220003978,2022-02-22,19:37:00,1,Collision with vehicle,2,Tuesday,110,CROSS TRAFFIC(INTERSECTIONS ONLY),2,60364,Cross intersection,3,50,Local Road,HIGH,ARARAT,-37.283665,142.92584,2022,2,February,19,Night,Weekday
T20220003982,2022-02-22,17:41:00,4,Collision with a fixed object,2,Tuesday,171,LEFT OFF CARRIAGEWAY INTO OBJECT/PARKED VEHICLE,1,705186,Not at intersection,3,100,Local Road,EDWARDS,BENDIGO,-36.772026,144.15485,2022,2,February,17,Afternoon Peak,Weekday
T20220004133,2022-02-22,13:15:00,4,Collision with a fixed object,2,Tuesday,181,OFF RIGHT BEND INTO OBJECT/PARKED VEHICLE,1,705299,Not at intersection,2,100,Local Road,OLD SALE,BAW BAW,-38.09555,146.05882,2022,2,February,13,Midday,Weekday
T20220003984,2022-02-22,17:50:00,1,Collision with vehicle,2,Tuesday,116,LEFT NEAR (INTERSECTIONS ONLY),1,709035,Cross intersection,3,70,Local Road,SOUTH,KINGSTON,-37.93748,145.06859,2022,2,February,17,Afternoon Peak,Weekday
T20220003985,2022-02-22,21:05:00,1,Collision with vehicle,2,Tuesday,141,U TURN INTO FIXED OBJECT/PARKED VEHICLE,3,713439,Not at intersection,3,60,Local Road,OBRIEN,CARDINIA,-38.05974,145.45583,2022,2,February,21,Night,Weekday
T20220003988,2022-02-22,20:39:00,1,Collision with vehicle,2,Tuesday,140,U TURN,3,705946,Not at intersection,3,80,Arterial Highway,DANDENONG VALLEY,KNOX,-37.919067,145.2349,2022,2,February,20,Night,Weekday
T20220003989,2022-02-22,19:00:00,1,Collision with vehicle,2,Tuesday,121,RIGHT THROUGH,1,32339,T intersection,3,80,Arterial Highway,BURWOOD,KNOX,-37.862316,145.21455,2022,2,February,19,Night,Weekday
T20220003990,2022-02-22,22:55:00,1,Collision with vehicle,2,Tuesday,145,REVERSING IN STREAM OF TRAFFIC,3,708192,T intersection,3,50,Local Road,JOHNSON,MORNINGTON PENINSULA,-38.364285,144.8826,2022,2,February,22,Night,Weekday
T20220003992,2022-02-22,22:40:00,4,Collision with a fixed object,2,Tuesday,171,LEFT OFF CARRIAGEWAY INTO OBJECT/PARKED VEHICLE,5,712847,Not at intersection,2,60,Local Road,WYNDHAM,GEELONG,-38.172523,144.55821,2022,2,February,22,Night,Weekday
T20220003961,2022-02-22,17:01:00,1,Collision with vehicle,2,Tuesday,110,CROSS TRAFFIC(INTERSECTIONS ONLY),1,706207,Cross intersection,2,60,Local Road,RING,BALLARAT,-37.53983,143.80086,2022,2,February,17,Afternoon Peak,Weekday
T20220003958,2022-02-22,15:10:00,1,Collision with vehicle,2,Tuesday,160,VEHICLE COLLIDES WITH VEHICLE PARKED ON LEFT OF ROAD,1,705649,Not at intersection,2,50,Local Road,HERALD,KINGSTON,-37.9586,145.07237,2022,2,February,15,Afternoon Peak,Weekday
T20220019776,2022-02-22,17:41:00,1,Collision with vehicle,2,Tuesday,130,REAR END(VEHICLES IN SAME LANE),1,723507,Not at intersection,3,60,Arterial Other,BRIDGE INN,WHITTLESEA,-37.60128,145.10155,2022,2,February,17,Afternoon Peak,Weekday
T20220003977,2022-02-22,18:20:00,2,Struck Pedestrian,2,Tuesday,100,PED NEAR SIDE. PED HIT BY VEHICLE FROM THE RIGHT.,1,52494,Cross intersection,3,50,Arterial Highway,DEAKIN,MILDURA,-34.18939,142.1572,2022,2,February,18,Afternoon Peak,Weekday
T20220004094,2022-02-22,13:30:00,1,Collision with vehicle,2,Tuesday,110,CROSS TRAFFIC(INTERSECTIONS ONLY),1,29994,Cross intersection,3,60,Arterial Other,DRUMMOND,BALLARAT,-37.57125,143.84554,2022,2,February,13,Midday,Weekday
T20220004120,2022-02-22,18:30:00,1,Collision with vehicle,2,Tuesday,134,LANE CHANGE RIGHT (NOT OVERTAKING),1,708056,Not at intersection,2,60,Local Road,AITKEN,HUME,-37.61617,144.91338,2022,2,February,18,Afternoon Peak,Weekday
T20220005409,2022-02-22,07:30:00,1,Collision with vehicle,2,Tuesday,135,LANE CHANGE LEFT (NOT OVERTAKING),1,253528,Not at intersection,3,50,Arterial Other,DYNON,MARIBYRNONG,-37.800888,144.90965,2022,2,February,7,Morning Peak,Weekday
T20220003954,2022-02-22,13:10:00,1,Collision with vehicle,2,Tuesday,110,CROSS TRAFFIC(INTERSECTIONS ONLY),1,73733,Cross intersection,1,80,Local Road,ABERLINE,WARRNAMBOOL,-38.35864,142.51897,2022,2,February,13,Midday,Weekday
T20220006393,2022-02-22,11:30:00,1,Collision with vehicle,2,Tuesday,130,REAR END(VEHICLES IN SAME LANE),1,778502,Not at intersection,3,80,Arterial Other,CANTERBURY,MAROONDAH,-37.83235,145.26631,2022,2,February,11,Midday,Weekday
T20220003893,2022-02-22,01:03:00,1,Collision with vehicle,2,Tuesday,116,LEFT NEAR (INTERSECTIONS ONLY),3,52977,Multiple intersection,3,60,Arterial Other,WILTSHIRE,BALLARAT,-37.57849,143.80878,2022,2,February,1,Late Night,Weekday
T20220003898,2022-02-22,06:26:00,1,Collision with vehicle,2,Tuesday,121,RIGHT THROUGH,2,266502,T intersection,3,60,Local Road,HAWKE,MELBOURNE,-37.80512,144.94907,2022,2,February,6,Morning Peak,Weekday
T20220004517,2022-02-22,12:00:00,4,Collision with a fixed object,2,Tuesday,181,OFF RIGHT BEND INTO OBJECT/PARKED VEHICLE,1,241979,Not at intersection,3,100,Local Road,WANGANDARY,WANGARATTA,-36.31377,146.20988,2022,2,February,12,Midday,Weekday
T20220003965,2022-02-22,17:56:00,1,Collision with vehicle,2,Tuesday,130,REAR END(VEHICLES IN SAME LANE),1,776836,Not at intersection,3,60,Local Road,ELIZABETH,HUME,-37.589634,144.70709,2022,2,February,17,Afternoon Peak,Weekday
T20220003970,2022-02-22,18:15:00,1,Collision with vehicle,2,Tuesday,120,HEAD ON (NOT OVERTAKING),1,715288,Not at intersection,3,60,Arterial Other,ELEVENTH,MILDURA,-34.18016,142.14613,2022,2,February,18,Afternoon Peak,Weekday
T20220003969,2022-02-22,15:45:00,1,Collision with vehicle,2,Tuesday,130,REAR END(VEHICLES IN SAME LANE),1,705185,Not at intersection,3,80,Freeway,METROPOLITAN RING,NILLUMBIK,-37.686783,145.07321,2022,2,February,15,Afternoon Peak,Weekday
T20220004002,2022-02-22,08:10:00,1,Collision with vehicle,2,Tuesday,139,OTHER SAME DIRECTION-MANOUEVRES NOT INCLUDED IN DCAs 130-137,1,45376,Cross intersection,3,60,Local Road,FLETCHER,MOONEE VALLEY,-37.755302,144.92038,2022,2,February,8,Morning Peak,Weekday
T20220003950,2022-02-22,14:45:00,1,Collision with vehicle,2,Tuesday,135,LANE CHANGE LEFT (NOT OVERTAKING),1,708053,Not at intersection,2,100,Freeway,PRINCES,GEELONG,-37.9957,144.50563,2022,2,February,14,Midday,Weekday
T20220003945,2022-02-22,09:08:00,1,Collision with vehicle,2,Tuesday,148,VEHICLE OFF FOOTPATH STRIKES VEH ON CARRIAGEWAY,1,35320,Cross intersection,2,80,Arterial Highway,MOOROODUC,FRANKSTON,-38.146645,145.1358,2022,2,February,9,Morning Peak,Weekday
T20220003937,2022-02-22,10:50:00,1,Collision with vehicle,2,Tuesday,130,REAR END(VEHICLES IN SAME LANE),1,706942,Not at intersection,3,100,Freeway,WESTERN,BRIMBANK,-37.798214,144.76726,2022,2,February,10,Midday,Weekday
T20220003935,2022-02-22,06:25:00,1,Collision with vehicle,2,Tuesday,121,RIGHT THROUGH,2,291621,Multiple intersection,3,70,Freeway,BACCHUS MARSH,GEELONG,-38.060207,144.3582,2022,2,February,6,Morning Peak,Weekday
T20220003931,2022-02-22,08:40:00,2,Struck Pedestrian,2,Tuesday,100,PED NEAR SIDE. PED HIT BY VEHICLE FROM THE RIGHT.,1,710800,T intersection,3,50,Local Road,MACLAGAN,DAREBIN,-37.706783,145.0092,2022,2,February,8,Morning Peak,Weekday
T20220003928,2022-02-22,11:33:00,2,Struck Pedestrian,2,Tuesday,100,PED NEAR SIDE. PED HIT BY VEHICLE FROM THE RIGHT.,1,757107,T intersection,2,40,Local Road,LYGON,MORELAND,-37.774403,144.97124,2022,2,February,11,Midday,Weekday
T20220003927,2022-02-22,08:24:00,1,Collision with vehicle,2,Tuesday,130,REAR END(VEHICLES IN SAME LANE),1,705474,Not at intersection,2,80,Arterial Highway,NEPEAN,KINGSTON,-37.970257,145.06143,2022,2,February,8,Morning Peak,Weekday
T20220003955,2022-02-22,15:32:00,1,Collision with vehicle,2,Tuesday,120,HEAD ON (NOT OVERTAKING),1,34951,Not at intersection,3,60,Local Road,HIDDEN VALLEY,MITCHELL,-37.39464,144.98138,2022,2,February,15,Afternoon Peak,Weekday
T20220004255,2022-02-22,17:10:00,1,Collision with vehicle,2,Tuesday,115,RIGHT/LEFT FAR (INTERSECTIONS ONLY),2,34705,T intersection,3,60,Local Road,ROSAMOND,MARIBYRNONG,-37.775734,144.88556,2022,2,February,17,Afternoon Peak,Weekday
T20220003926,2022-02-22,11:10:00,1,Collision with vehicle,2,Tuesday,110,CROSS TRAFFIC(INTERSECTIONS ONLY),1,59575,Cross intersection,2,80,Arterial Highway,CALDER,BENDIGO,-36.742058,144.1994,2022,2,February,11,Midday,Weekday
T20220003956,2022-02-22,15:30:00,1,Collision with vehicle,2,Tuesday,147,VEHICLE STRIKES ANOTHER VEH WHILE EMERGING FROM DRIVEWAY,1,707483,Not at intersection,3,60,Local Road,BROOKLYN,MELTON,-37.70158,144.56332,2022,2,February,15,Afternoon Peak,Weekday
T20220003925,2022-02-22,06:00:00,1,Collision with vehicle,2,Tuesday,130,REAR END(VEHICLES IN SAME LANE),2,773612,Not at intersection,3,60,Arterial Other,DORSET,KNOX,-37.879555,145.28464,2022,2,February,6,Morning Peak,Weekday
T20220003923,2022-02-22,09:04:00,1,Collision with vehicle,2,Tuesday,130,REAR END(VEHICLES IN SAME LANE),1,708130,Not at intersection,2,80,Freeway,PRINCES FREEWAY,CARDINIA,-38.072514,145.65698,2022,2,February,9,Morning Peak,Weekday
T20220003914,2022-02-22,08:25:00,1,Collision with vehicle,2,Tuesday,130,REAR END(VEHICLES IN SAME LANE),1,757097,Not at intersection,2,100,Freeway,EASTERN,MANNINGHAM,-37.797264,145.12263,2022,2,February,8,Morning Peak,Weekday
T20220003912,2022-02-22,07:34:00,1,Collision with vehicle,2,Tuesday,130,REAR END(VEHICLES IN SAME LANE),1,708664,Not at intersection,2,50,Local Road,SALVATOR,HUME,-37.672443,144.96645,2022,2,February,7,Morning Peak,Weekday
T20220003910,2022-02-22,06:25:00,1,Collision with vehicle,2,Tuesday,130,REAR END(VEHICLES IN SAME LANE),2,43877,Cross intersection,3,80,Arterial Other,CRANBOURNE-FRANKSTON ROAD -SLADEN,CASEY,-38.11089,145.26501,2022,2,February,6,Morning Peak,Weekday
T20220003909,2022-02-22,06:46:00,1,Collision with vehicle,2,Tuesday,192,STRUCK TRAIN,1,707712,Not at intersection,2,50,Local Road,WREN,SHEPPARTON,-36.490223,145.33841,2022,2,February,6,Morning Peak,Weekday
T20220003908,2022-02-22,07:10:00,1,Collision with vehicle,2,Tuesday,110,CROSS TRAFFIC(INTERSECTIONS ONLY),1,50684,Cross intersection,3,60,Arterial Highway,RAGLAN,WARRNAMBOOL,-38.377956,142.48206,2022,2,February,7,Morning Peak,Weekday
T20220005319,2022-02-22,13:30:00,1,Collision with vehicle,2,Tuesday,130,REAR END(VEHICLES IN SAME LANE),9,296062,T intersection,3,60,Arterial Highway,BELL,DAREBIN,-37.746193,145.01208,2022,2,February,13,Midday,Weekday
T20220003906,2022-02-22,06:00:00,1,Collision with vehicle,2,Tuesday,130,REAR END(VEHICLES IN SAME LANE),1,710686,Not at intersection,3,80,Arterial Other,FITZGERALD,BRIMBANK,-37.80698,144.7883,2022,2,February,6,Morning Peak,Weekday
T20220003905,2022-02-22,06:30:00,4,Collision with a fixed object,2,Tuesday,181,OFF RIGHT BEND INTO OBJECT/PARKED VEHICLE,1,50461,T intersection,3,80,Arterial Highway,BASS HIGHWAY -WONTHAGGI,BASS COAST,-38.62761,145.71724,2022,2,February,6,Morning Peak,Weekday
T20220003901,2022-02-22,04:45:00,4,Collision with a fixed object,2,Tuesday,171,LEFT OFF CARRIAGEWAY INTO OBJECT/PARKED VEHICLE,3,706392,Not at intersection,2,60,Arterial Highway,SOUTH GIPPSLAND,CASEY,-38.118366,145.28705,2022,2,February,4,Late Night,Weekday
T20220003953,2022-02-22,13:45:00,1,Collision with vehicle,2,Tuesday,110,CROSS TRAFFIC(INTERSECTIONS ONLY),1,585894,Cross intersection,3,80,Arterial Other,CRANBOURNE ROAD -CRANBOURNE-FRANKSTON,FRANKSTON,-38.15626,145.17067,2022,2,February,13,Midday,Weekday
T20220005088,2022-02-22,21:30:00,4,Collision with a fixed object,2,Tuesday,171,LEFT OFF CARRIAGEWAY INTO OBJECT/PARKED VEHICLE,9,731430,Not at intersection,3,60,Arterial Other,WANGARATTA-YARRAWONGA,WANGARATTA,-36.352646,146.32178,2022,2,February,21,Night,Weekday
T20220004390,2022-02-22,08:50:00,1,Collision with vehicle,2,Tuesday,130,REAR END(VEHICLES IN SAME LANE),1,732613,Not at intersection,3,80,Arterial Other,HALL,CASEY,-38.10819,145.2434,2022,2,February,8,Morning Peak,Weekday
T20220003971,2022-02-22,18:15:00,1,Collision with vehicle,2,Tuesday,110,CROSS TRAFFIC(INTERSECTIONS ONLY),1,50317,Cross intersection,2,100,Arterial Highway,SURF COAST,SURF COAST,-38.286304,144.3254,2022,2,February,18,Afternoon Peak,Weekday
T20220005754,2022-02-23,17:45:00,1,Collision with vehicle,3,Wednesday,121,RIGHT THROUGH,1,38797,Cross intersection,3,60,Arterial Other,NAPIER,MARIBYRNONG,-37.80471,144.90283,2022,2,February,17,Afternoon Peak,Weekday
T20220004045,2022-02-23,15:40:00,1,Collision with vehicle,3,Wednesday,163,VEHICLE STRIKES DOOR OF PARKED/STATIONARY VEHICLE,1,705260,Not at intersection,3,40,Local Road,COLLINS,MELBOURNE,-37.816372,144.96353,2022,2,February,15,Afternoon Peak,Weekday
T20220004127,2022-02-23,09:41:00,3,Struck animal,3,Wednesday,167,STRUCK ANIMAL,9,757688,Not at intersection,3,100,Arterial Other,DONNYBROOK,WHITTLESEA,-37.551353,145.05263,2022,2,February,9,Morning Peak,Weekday
T20220005419,2022-02-23,22:00:00,4,Collision with a fixed object,3,Wednesday,171,LEFT OFF CARRIAGEWAY INTO OBJECT/PARKED VEHICLE,5,779980,Not at intersection,3,80,Freeway,5500B 2550F,HUME,-37.579903,144.93954,2022,2,February,22,Night,Weekday
T20220004288,2022-02-23,08:45:00,1,Collision with vehicle,3,Wednesday,130,REAR END(VEHICLES IN SAME LANE),1,244815,T intersection,3,70,Arterial Highway,SURF COAST,GEELONG,-38.19566,144.34229,2022,2,February,8,Morning Peak,Weekday
T20220004049,2022-02-23,17:00:00,1,Collision with vehicle,3,Wednesday,113,RIGHT NEAR (INTERSECTIONS ONLY),1,57599,T intersection,3,60,Arterial Other,BLUFF,BAYSIDE,-37.975494,145.01591,2022,2,February,17,Afternoon Peak,Weekday
T20220004017,2022-02-23,07:46:00,1,Collision with vehicle,3,Wednesday,130,REAR END(VEHICLES IN SAME LANE),1,756524,Not at intersection,2,100,Freeway,EASTERN,WHITEHORSE,-37.800896,145.15529,2022,2,February,7,Morning Peak,Weekday
T20220004138,2022-02-23,19:00:00,1,Collision with vehicle,3,Wednesday,132,RIGHT REAR.,1,57088,T intersection,3,50,Arterial Other,ELEVENTH,MILDURA,-34.186874,142.15422,2022,2,February,19,Night,Weekday
T20220004050,2022-02-23,15:00:00,1,Collision with vehicle,3,Wednesday,121,RIGHT THROUGH,1,292572,T intersection,3,70,Arterial Other,CRANBOURNE,FRANKSTON,-38.146694,145.13857,2022,2,February,15,Afternoon Peak,Weekday
T20220003994,2022-02-23,00:36:00,4,Collision with a fixed object,3,Wednesday,173,RIGHT OFF CARRIAGEWAY INTO OBJECT/PARKED VEHICLE,3,708193,Not at intersection,3,60,Arterial Other,MAHONEYS,WHITTLESEA,-37.69272,144.9908,2022,2,February,0,Late Night,Weekday
T20220004193,2022-02-23,16:08:00,1,Collision with vehicle,3,Wednesday,130,REAR END(VEHICLES IN SAME LANE),1,705333,Not at intersection,3,60,Local Road,FAIRBAIRN,BRIMBANK,-37.79937,144.81837,2022,2,February,16,Afternoon Peak,Weekday
T20220004272,2022-02-23,14:30:00,1,Collision with vehicle,3,Wednesday,116,LEFT NEAR (INTERSECTIONS ONLY),1,757091,T intersection,2,40,Arterial Other,CANTERBURY,PORT PHILLIP,-37.85817,144.97557,2022,2,February,14,Midday,Weekday
T20220004062,2022-02-23,20:01:00,1,Collision with vehicle,3,Wednesday,130,REAR END(VEHICLES IN SAME LANE),2,705329,Cross intersection,3,80,Arterial Highway,BUNGOWER ROAD -MOOROODUC,MORNINGTON PENINSULA,-38.23098,145.09332,2022,2,February,20,Night,Weekday
T20220004051,2022-02-23,08:30:00,2,Struck Pedestrian,3,Wednesday,100,PED NEAR SIDE. PED HIT BY VEHICLE FROM THE RIGHT.,1,37610,Cross intersection,3,60,Arterial Highway,PUNT,STONNINGTON,-37.83832,144.98653,2022,2,February,8,Morning Peak,Weekday
T20220004066,2022-02-23,18:19:00,1,Collision with vehicle,3,Wednesday,148,VEHICLE OFF FOOTPATH STRIKES VEH ON CARRIAGEWAY,1,708195,T intersection,3,50,Local Road,JOHNS,WARRNAMBOOL,-38.38437,142.49228,2022,2,February,18,Afternoon Peak,Weekday
T20220004005,2022-02-23,07:50:00,1,Collision with vehicle,3,Wednesday,121,RIGHT THROUGH,1,292841,Cross intersection,2,80,Freeway,BELGRAVE-HALLAM-MONASH IN,CASEY,-37.998283,145.27507,2022,2,February,7,Morning Peak,Weekday
T20220004070,2022-02-23,21:15:00,1,Collision with vehicle,3,Wednesday,121,RIGHT THROUGH,3,353633,Cross intersection,3,80,Arterial Other,CRANBOURNE-FRANKSTON,CASEY,-38.109997,145.25334,2022,2,February,21,Night,Weekday
T20220004031,2022-02-23,07:30:00,1,Collision with vehicle,3,Wednesday,130,REAR END(VEHICLES IN SAME LANE),2,731400,Not at intersection,3,60,Arterial Highway,BELL,DAREBIN,-37.746983,145.02023,2022,2,February,7,Morning Peak,Weekday
T20220004072,2022-02-23,21:22:00,4,Collision with a fixed object,3,Wednesday,181,OFF RIGHT BEND INTO OBJECT/PARKED VEHICLE,3,256310,Not at intersection,2,60,Arterial Other,BULLA,HUME,-37.630367,144.79572,2022,2,February,21,Night,Weekday
T20220004073,2022-02-23,23:40:00,4,Collision with a fixed object,3,Wednesday,183,OFF LEFT BEND INTO OBJECT/PARKED VEHICLE,3,724307,T intersection,2,60,Local Road,CHURCH,BAW BAW,-38.108974,145.76881,2022,2,February,23,Night,Weekday
T20220004018,2022-02-23,06:50:00,1,Collision with vehicle,3,Wednesday,121,RIGHT THROUGH,1,42737,T intersection,1,60,Local Road,CHARMAN,KINGSTON,-37.971615,145.05452,2022,2,February,6,Morning Peak,Weekday
T20220004078,2022-02-23,17:10:00,2,Struck Pedestrian,3,Wednesday,102,FAR SIDE. PED HIT BY VEHICLE FROM THE LEFT,1,318197,Not at intersection,2,50,Local Road,BARKLY,MARIBYRNONG,-37.7997,144.89896,2022,2,February,17,Afternoon Peak,Weekday
T20220004019,2022-02-23,11:44:00,1,Collision with vehicle,3,Wednesday,113,RIGHT NEAR (INTERSECTIONS ONLY),1,57395,T intersection,3,60,Arterial Other,WOODLAND,MOONEE VALLEY,-37.74133,144.90833,2022,2,February,11,Midday,Weekday
T20220011067,2022-02-23,10:00:00,1,Collision with vehicle,3,Wednesday,130,REAR END(VEHICLES IN SAME LANE),1,38803,Cross intersection,3,60,Arterial Highway,NAPIER STREET -WHITEHALL,MARIBYRNONG,-37.805138,144.90425,2022,2,February,10,Midday,Weekday
T20220004023,2022-02-23,07:30:00,1,Collision with vehicle,3,Wednesday,130,REAR END(VEHICLES IN SAME LANE),1,731399,Not at intersection,3,80,Local Road,LIVERPOOL,KNOX,-37.84728,145.313,2022,2,February,7,Morning Peak,Weekday
T20220004004,2022-02-23,06:15:00,1,Collision with vehicle,3,Wednesday,160,VEHICLE COLLIDES WITH VEHICLE PARKED ON LEFT OF ROAD,2,705188,Not at intersection,3,60,Local Road,KOOYONG,GLEN EIRA,-37.899277,145.01245,2022,2,February,6,Morning Peak,Weekday
T20220004460,2022-02-23,08:50:00,1,Collision with vehicle,3,Wednesday,130,REAR END(VEHICLES IN SAME LANE),1,706453,Not at intersection,3,60,Local Road,RINGWOOD,MAROONDAH,-37.810665,145.22731,2022,2,February,8,Morning Peak,Weekday
T20220008263,2022-02-23,09:33:00,1,Collision with vehicle,3,Wednesday,130,REAR END(VEHICLES IN SAME LANE),1,710217,Not at intersection,3,60,Freeway,MONASH,MONASH,-37.913197,145.16603,2022,2,February,9,Morning Peak,Weekday
T20220004024,2022-02-23,08:05:00,1,Collision with vehicle,3,Wednesday,119,OTHER ADJACENT (INTERSECTIONS ONLY),1,42041,Cross intersection,2,50,Local Road,LANDELLS,MORELAND,-37.723125,144.94359,2022,2,February,8,Morning Peak,Weekday
T20220004104,2022-02-23,18:12:00,1,Collision with vehicle,3,Wednesday,130,REAR END(VEHICLES IN SAME LANE),1,705480,Not at intersection,3,70,Arterial Other,OLD PRINCES,CARDINIA,-38.05045,145.37361,2022,2,February,18,Afternoon Peak,Weekday
T20220003998,2022-02-23,02:30:00,1,Collision with vehicle,3,Wednesday,169,OTHER ON PATH,6,718398,Not at intersection,3,50,Local Road,PADSTUM,WHITTLESEA,-37.669407,144.99078,2022,2,February,2,Late Night,Weekday