ACCIDENT_NO,ACCIDENT_DATE,ACCIDENT_TIME,ACCIDENT_TYPE,ACCIDENT_TYPE_DESC,DAY_OF_WEEK,DAY_WEEK_DESC,DCA_CODE,DCA_DESC,LIGHT_CONDITION,NODE_ID,ROAD_GEOMETRY_DESC,SEVERITY,SPEED_ZONE,RMA,ROAD_NAME,LGA_NAME,LATITUDE,LONGITUDE,YEAR,MONTH,MONTH_NAME,HOUR,TIME_PERIOD,DAY_TYPE
T20220004646,2022-02-23,12:05:00,1,Collision with vehicle,3,Wednesday,130,REAR END(VEHICLES IN SAME LANE),1,801,T intersection,3,80,Arterial Highway,PRINCES,DANDENONG,-37.95357,145.17955,2022,2,February,12,Midday,Weekday
T20220004026,2022-02-23,08:00:00,3,Struck animal,3,Wednesday,167,STRUCK ANIMAL,1,705478,Not at intersection,2,60,Arterial Other,SWANSEA,YARRA RANGES,-37.76268,145.35736,2022,2,February,8,Morning Peak,Weekday
T20220004028,2022-02-23,11:37:00,1,Collision with vehicle,3,Wednesday,110,CROSS TRAFFIC(INTERSECTIONS ONLY),1,49636,Cross intersection,2,70,Local Road,BRODERICK,GEELONG,-38.05067,144.37996,2022,2,February,11,Midday,Weekday
T20220004108,2022-02-23,15:30:00,1,Collision with vehicle,3,Wednesday,130,REAR END(VEHICLES IN SAME LANE),1,705651,Not at intersection,3,60,Local Road,PLEASANT,BALLARAT,-37.572884,143.83661,2022,2,February,15,Afternoon Peak,Weekday
T20220005009,2022-02-23,17:15:00,1,Collision with vehicle,3,Wednesday,152,PULLING OUT (OVERTAKING),1,706554,Not at intersection,2,50,Local Road,OSBORNE,DANDENONG,-37.946552,145.14526,2022,2,February,17,Afternoon Peak,Weekday
T20220004038,2022-02-23,15:31:00,1,Collision with vehicle,3,Wednesday,119,OTHER ADJACENT (INTERSECTIONS ONLY),1,710851,Cross intersection,3,80,Arterial Other,CRANBOURNE ROAD -CRANBOURNE-FRANKSTON,FRANKSTON,-38.156418,145.17078,2022,2,February,15,Afternoon Peak,Weekday
T20220004039,2022-02-23,15:53:00,2,Struck Pedestrian,3,Wednesday,102,FAR SIDE. PED HIT BY VEHICLE FROM THE LEFT,1,712450,Not at intersection,3,40,Local Road,MCKEAN,EAST GIPPSLAND,-37.82506,147.60725,2022,2,February,15,Afternoon Peak,Weekday
T20220005342,2022-02-23,16:20:00,1,Collision with vehicle,3,Wednesday,130,REAR END(VEHICLES IN SAME LANE),1,779375,Cross intersection,3,80,Arterial Highway,DINGLEY,KINGSTON,-37.95941,145.1127,2022,2,February,16,Afternoon Peak,Weekday
T20220012576,2022-02-23,19:35:00,1,Collision with vehicle,3,Wednesday,111,RIGHT FAR (INTERSECTIONS ONLY),1,715755,T intersection,3,50,Local Road,VIOLA,CARDINIA,-38.087082,145.4683,2022,2,February,19,Night,Weekday
T20220004042,2022-02-23,15:09:00,2,Struck Pedestrian,3,Wednesday,100,PED NEAR SIDE. PED HIT BY VEHICLE FROM THE RIGHT.,1,708055,Not at intersection,3,40,Local Road,SCHOLAR,WYNDHAM,-37.872173,144.6028,2022,2,February,15,Afternoon Peak,Weekday
T20220008461,2022-02-23,13:30:00,3,Struck animal,3,Wednesday,167,STRUCK ANIMAL,1,709739,Not at intersection,3,80,Freeway,PRINCES OUT-DROUIN-WARRAGUL,BAW BAW,-38.13966,145.88496,2022,2,February,13,Midday,Weekday
T20220004043,2022-02-23,16:14:00,1,Collision with vehicle,3,Wednesday,130,REAR END(VEHICLES IN SAME LANE),1,774734,Not at intersection,3,60,Arterial Highway,MAIN,EAST GIPPSLAND,-37.825733,147.63803,2022,2,February,16,Afternoon Peak,Weekday
T20220009848,2022-02-23,08:30:00,1,Collision with vehicle,3,Wednesday,111,RIGHT FAR (INTERSECTIONS ONLY),1,314593,Cross intersection,3,50,Local Road,BLACK FOREST,WYNDHAM,-37.90049,144.61823,2022,2,February,8,Morning Peak,Weekday
T20220006663,2022-02-24,15:46:00,1,Collision with vehicle,4,Thursday,130,REAR END(VEHICLES IN SAME LANE),1,709682,Not at intersection,3,70,Arterial Highway,DANDENONG,STONNINGTON,-37.884525,145.06943,2022,2,February,15,Afternoon Peak,Weekday
T20220004130,2022-02-24,08:15:00,1,Collision with vehicle,4,Thursday,137,LEFT TURN SIDESWIPE,1,38051,Cross intersection,3,60,Arterial Other,HEIDELBERG,DAREBIN,-37.7834,145.01738,2022,2,February,8,Morning Peak,Weekday
T20220004135,2022-02-24,16:34:00,1,Collision with vehicle,4,Thursday,130,REAR END(VEHICLES IN SAME LANE),1,706111,Not at intersection,3,100,Freeway,MONASH,STONNINGTON,-37.88125,145.08792,2022,2,February,16,Afternoon Peak,Weekday
T20220004137,2022-02-24,10:41:00,4,Collision with a fixed object,4,Thursday,171,LEFT OFF CARRIAGEWAY INTO OBJECT/PARKED VEHICLE,1,707307,Not at intersection,2,100,Freeway,PRINCES,CARDINIA,-38.081825,145.52002,2022,2,February,10,Midday,Weekday
T20220004141,2022-02-24,18:20:00,1,Collision with vehicle,4,Thursday,147,VEHICLE STRIKES ANOTHER VEH WHILE EMERGING FROM DRIVEWAY,1,708936,Not at intersection,2,70,Arterial Other,BALLARAT,BRIMBANK,-37.777054,144.82967,2022,2,February,18,Afternoon Peak,Weekday
T20220004142,2022-02-24,13:40:00,4,Collision with a fixed object,4,Thursday,171,LEFT OFF CARRIAGEWAY INTO OBJECT/PARKED VEHICLE,1,706451,Not at intersection,2,60,Arterial Other,LYONS,BENDIGO,-36.73139,144.30473,2022,2,February,13,Midday,Weekday
T20220005326,2022-02-24,14:15:00,2,Struck Pedestrian,4,Thursday,109,ANY MANOEUVRE INVOLVING PED NOT INCLUDED IN DCAs 100-108.,1,787313,Not at intersection,3,40,Local Road,GEAR,BALLARAT,-37.62918,143.8895,2022,2,February,14,Midday,Weekday
T20220004152,2022-02-24,16:40:00,1,Collision with vehicle,4,Thursday,119,OTHER ADJACENT (INTERSECTIONS ONLY),1,707527,T intersection,2,60,Arterial Other,CHATSWORTH,BRIMBANK,-37.773148,144.80173,2022,2,February,16,Afternoon Peak,Weekday
T20220004217,2022-02-24,16:20:00,1,Collision with vehicle,4,Thursday,113,RIGHT NEAR (INTERSECTIONS ONLY),1,44511,Cross intersection,3,60,Arterial Other,MURRAY,DAREBIN,-37.741005,145.03085,2022,2,February,16,Afternoon Peak,Weekday
T20220006376,2022-02-24,19:30:00,1,Collision with vehicle,4,Thursday,152,PULLING OUT (OVERTAKING),1,63872,Cross intersection,3,50,Local Road,PERCY,MORELAND,-37.766,144.95859,2022,2,February,19,Night,Weekday
T20220004224,2022-02-24,18:00:00,1,Collision with vehicle,4,Thursday,130,REAR END(VEHICLES IN SAME LANE),1,705760,Not at intersection,3,80,Freeway,MONASH,MONASH,-37.89258,145.12689,2022,2,February,18,Afternoon Peak,Weekday
T20220004168,2022-02-24,21:40:00,1,Collision with vehicle,4,Thursday,113,RIGHT NEAR (INTERSECTIONS ONLY),3,222043,Multiple intersection,2,80,Freeway,MORNINGTON PENINSULA,KINGSTON,-38.025883,145.13304,2022,2,February,21,Night,Weekday
T20220005154,2022-02-24,15:00:00,1,Collision with vehicle,4,Thursday,135,LANE CHANGE LEFT (NOT OVERTAKING),1,707766,Not at intersection,3,100,Freeway,WESTERN RING,BRIMBANK,-37.748753,144.83542,2022,2,February,15,Afternoon Peak,Weekday
T20220004087,2022-02-24,06:00:00,1,Collision with vehicle,4,Thursday,135,LANE CHANGE LEFT (NOT OVERTAKING),1,708893,Not at intersection,3,80,Arterial Other,THOMPSONS,DANDENONG,-38.07279,145.19989,2022,2,February,6,Morning Peak,Weekday
T20220004091,2022-02-24,09:18:00,8,No collision and no object struck,4,Thursday,179,OTHER ACCIDENTS-OFF STRAIGHT NOT INCLUDED IN DCAs 170-175,1,757078,Not at intersection,2,60,Local Road,WALNUT,MILDURA,-34.20502,142.12842,2022,2,February,9,Morning Peak,Weekday
T20220004092,2022-02-24,07:45:00,1,Collision with vehicle,4,Thursday,152,PULLING OUT (OVERTAKING),1,711252,Not at intersection,3,60,Arterial Other,FYANS,GEELONG,-38.165142,144.36618,2022,2,February,7,Morning Peak,Weekday
T20220004112,2022-02-24,11:50:00,1,Collision with vehicle,4,Thursday,140,U TURN,1,708793,Not at intersection,2,50,Local Road,MANDALAY,MITCHELL,-37.474064,144.95537,2022,2,February,11,Midday,Weekday
T20220004114,2022-02-24,11:28:00,1,Collision with vehicle,4,Thursday,132,RIGHT REAR.,1,54499,T intersection,2,60,Local Road,GIFFEN,WARRNAMBOOL,-38.368702,142.46005,2022,2,February,11,Midday,Weekday
T20220004117,2022-02-24,12:00:00,1,Collision with vehicle,4,Thursday,121,RIGHT THROUGH,1,292174,Cross intersection,2,50,Arterial Highway,KINGS,PORT PHILLIP,-37.83346,144.96767,2022,2,February,12,Midday,Weekday
T20220004365,2022-02-24,15:30:00,1,Collision with vehicle,4,Thursday,130,REAR END(VEHICLES IN SAME LANE),9,712348,Not at intersection,3,80,Arterial Highway,WHITEHORSE,WHITEHORSE,-37.81604,145.20087,2022,2,February,15,Afternoon Peak,Weekday
T20220004122,2022-02-24,10:35:00,1,Collision with vehicle,4,Thursday,133,LANE SIDE SWIPE (VEHICLES IN PARALLEL LANES),1,221657,T intersection,3,70,Arterial Other,SYDNEY,MORELAND,-37.700245,144.95969,2022,2,February,10,Midday,Weekday
T20220004172,2022-02-24,22:40:00,1,Collision with vehicle,4,Thursday,160,VEHICLE COLLIDES WITH VEHICLE PARKED ON LEFT OF ROAD,3,706449,Not at intersection,3,60,Local Road,FINDON,WHITTLESEA,-37.641663,145.0568,2022,2,February,22,Night,Weekday
T20220004090,2022-02-24,07:48:00,1,Collision with vehicle,4,Thursday,131,LEFT REAR,1,278821,Cross intersection,3,60,Local Road,AITKEN,HUME,-37.57533,144.92088,2022,2,February,7,Morning Peak,Weekday
T20220004171,2022-02-24,11:40:00,1,Collision with vehicle,4,Thursday,132,RIGHT REAR.,9,706478,Not at intersection,3,80,Arterial Highway,PRINCES,DANDENONG,-37.96712,145.19432,2022,2,February,11,Midday,Weekday
T20220004170,2022-02-24,23:40:00,2,Struck Pedestrian,4,Thursday,100,PED NEAR SIDE. PED HIT BY VEHICLE FROM THE RIGHT.,9,705330,Not at intersection,3,60,Arterial Other,GAFFNEY,MORELAND,-37.733765,144.96292,2022,2,February,23,Night,Weekday
T20220004167,2022-02-24,21:26:00,1,Collision with vehicle,4,Thursday,121,RIGHT THROUGH,3,716035,T intersection,2,50,Local Road,LINEHAM,CASEY,-38.124207,145.30061,2022,2,February,21,Night,Weekday
T20220004165,2022-02-24,17:15:00,1,Collision with vehicle,4,Thursday,130,REAR END(VEHICLES IN SAME LANE),1,719784,Not at intersection,3,80,Local Road,KONAGADERRA,HUME,-37.570824,144.8466,2022,2,February,17,Afternoon Peak,Weekday
T20220004163,2022-02-24,20:00:00,1,Collision with vehicle,4,Thursday,160,VEHICLE COLLIDES WITH VEHICLE PARKED ON LEFT OF ROAD,3,708329,Not at intersection,3,60,Arterial Other,WILLIAMS,STONNINGTON,-37.856895,145.00174,2022,2,February,20,Night,Weekday
T20220004162,2022-02-24,16:00:00,1,Collision with vehicle,4,Thursday,130,REAR END(VEHICLES IN SAME LANE),1,778504,Cross intersection,3,50,Local Road,DOUGLAS,DANDENONG,-37.965076,145.17334,2022,2,February,16,Afternoon Peak,Weekday
T20220004160,2022-02-24,18:19:00,1,Collision with vehicle,4,Thursday,140,U TURN,1,716195,Not at intersection,3,40,Arterial Other,SYDNEY,MORELAND,-37.76301,144.96281,2022,2,February,18,Afternoon Peak,Weekday
T20220004155,2022-02-24,18:04:00,1,Collision with vehicle,4,Thursday,134,LANE CHANGE RIGHT (NOT OVERTAKING),1,709215,Not at intersection,2,80,Arterial Highway,WESTERN,BALLARAT,-37.56345,143.93242,2022,2,February,18,Afternoon Peak,Weekday
T20220004153,2022-02-24,15:50:00,1,Collision with vehicle,4,Thursday,134,LANE CHANGE RIGHT (NOT OVERTAKING),1,707769,Not at intersection,2,40,Arterial Other,CRANBOURNE-FRANKSTON,FRANKSTON,-38.135124,145.22565,2022,2,February,15,Afternoon Peak,Weekday
T20220004150,2022-02-24,17:35:00,1,Collision with vehicle,4,Thursday,132,RIGHT REAR.,1,43992,Cross intersection,2,80,Arterial Other,MORNINGTON-TYABB,MORNINGTON PENINSULA,-38.247383,145.1051,2022,2,February,17,Afternoon Peak,Weekday
T20220004149,2022-02-24,18:15:00,1,Collision with vehicle,4,Thursday,140,U TURN,1,731402,Not at intersection,3,40,Arterial Other,NICHOLSON,YARRA,-37.790928,144.97612,2022,2,February,18,Afternoon Peak,Weekday
T20220004148,2022-02-24,18:53:00,1,Collision with vehicle,4,Thursday,140,U TURN,2,714527,Not at intersection,2,40,Local Road,NAPIER,YARRA,-37.804234,144.97974,2022,2,February,18,Afternoon Peak,Weekday
T20220004074,2022-02-24,01:45:00,3,Struck animal,4,Thursday,167,STRUCK ANIMAL,5,705261,Not at intersection,2,60,Local Road,MCDOWALLS,BENDIGO,-36.73114,144.32048,2022,2,February,1,Late Night,Weekday
T20220004236,2022-02-25,16:00:00,1,Collision with vehicle,5,Friday,160,VEHICLE COLLIDES WITH VEHICLE PARKED ON LEFT OF ROAD,1,779971,Not at intersection,3,60,Local Road,COMO,KINGSTON,-37.990704,145.0732,2022,2,February,16,Afternoon Peak,Weekday
T20220004216,2022-02-25,06:42:00,2,Struck Pedestrian,5,Friday,102,FAR SIDE. PED HIT BY VEHICLE FROM THE LEFT,2,234765,Not at intersection,1,60,Arterial Highway,HODDLE,YARRA,-37.80001,144.99297,2022,2,February,6,Morning Peak,Weekday
T20220004214,2022-02-25,13:00:00,1,Collision with vehicle,5,Friday,163,VEHICLE STRIKES DOOR OF PARKED/STATIONARY VEHICLE,1,781501,Not at intersection,3,60,Arterial Other,CITY,MELBOURNE,-37.827744,144.95798,2022,2,February,13,Midday,Weekday
T20220004245,2022-02-25,18:19:00,1,Collision with vehicle,5,Friday,181,OFF RIGHT BEND INTO OBJECT/PARKED VEHICLE,1,706444,Not at intersection,3,80,Freeway,MOUNTAIN,KNOX,-37.85806,145.21304,2022,2,February,18,Afternoon Peak,Weekday
T20220004221,2022-02-25,14:34:00,1,Collision with vehicle,5,Friday,121,RIGHT THROUGH,1,38541,T intersection,3,60,Arterial Other,GRIEVE,HOBSONS BAY,-37.827343,144.82898,2022,2,February,14,Midday,Weekday
T20220004211,2022-02-25,12:59:00,1,Collision with vehicle,5,Friday,136,RIGHT TURN SIDESWIPE,1,43081,T intersection,2,80,Arterial Highway,STUD,DANDENONG,-37.96746,145.22388,2022,2,February,12,Midday,Weekday
T20220004525,2022-02-25,15:41:00,1,Collision with vehicle,5,Friday,121,RIGHT THROUGH,1,705820,Not at intersection,3,60,Arterial Other,HALLAM SOUTH,CASEY,-38.00785,145.27304,2022,2,February,15,Afternoon Peak,Weekday
T20220004254,2022-02-25,15:00:00,1,Collision with vehicle,5,Friday,130,REAR END(VEHICLES IN SAME LANE),1,705818,Not at intersection,2,80,Arterial Other,KOO WEE RUP,CARDINIA,-38.151917,145.4859,2022,2,February,15,Afternoon Peak,Weekday
T20220004257,2022-02-25,19:07:00,2,Struck Pedestrian,5,Friday,104,PED WALKING WITH TRAFFIC,1,705653,Not at intersection,2,50,Local Road,CLARET ASH,MELTON,-37.665577,144.53851,2022,2,February,19,Night,Weekday
T20220004266,2022-02-25,22:10:00,1,Collision with vehicle,5,Friday,130,REAR END(VEHICLES IN SAME LANE),3,731407,Not at intersection,3,40,Freeway,MONASH,STONNINGTON,-37.87989,145.08548,2022,2,February,22,Night,Weekday
T20220004209,2022-02-25,13:20:00,1,Collision with vehicle,5,Friday,130,REAR END(VEHICLES IN SAME LANE),1,29951,Cross intersection,3,50,Local Road,HIGH,GEELONG,-38.17332,144.34457,2022,2,February,13,Midday,Weekday
T20220004208,2022-02-25,10:22:00,1,Collision with vehicle,5,Friday,120,HEAD ON (NOT OVERTAKING),1,705652,Not at intersection,2,100,Arterial Other,BROADFORD-FLOWERDALE,MURRINDINDI,-37.24486,145.17429,2022,2,February,10,Midday,Weekday
T20220004260,2022-02-25,19:25:00,1,Collision with vehicle,5,Friday,135,LANE CHANGE LEFT (NOT OVERTAKING),1,731406,Not at intersection,2,50,Arterial Highway,DANDENONG ROAD SERVICE,MONASH,-37.917793,145.13216,2022,2,February,19,Night,Weekday
T20220004204,2022-02-25,08:20:00,1,Collision with vehicle,5,Friday,130,REAR END(VEHICLES IN SAME LANE),1,731404,Cross intersection,3,60,Local Road,AITKEN,HUME,-37.601143,144.90974,2022,2,February,8,Morning Peak,Weekday
T20220004202,2022-02-25,09:34:00,4,Collision with a fixed object,5,Friday,171,LEFT OFF CARRIAGEWAY INTO OBJECT/PARKED VEHICLE,1,705483,T intersection,3,40,Local Road,KANARU,CASEY,-37.97778,145.28133,2022,2,February,9,Morning Peak,Weekday
T20220004201,2022-02-25,10:00:00,4,Collision with a fixed object,5,Friday,173,RIGHT OFF CARRIAGEWAY INTO OBJECT/PARKED VEHICLE,1,734251,Not at intersection,3,100,Arterial Other,MOE-WALHALLA,LATROBE,-38.14018,146.26106,2022,2,February,10,Midday,Weekday
T20220004247,2022-02-25,16:24:00,1,Collision with vehicle,5,Friday,113,RIGHT NEAR (INTERSECTIONS ONLY),1,42938,Cross intersection,2,60,Arterial Other,HEATHERTON,DANDENONG,-37.96545,145.1769,2022,2,February,16,Afternoon Peak,Weekday
T20220004199,2022-02-25,10:50:00,1,Collision with vehicle,5,Friday,110,CROSS TRAFFIC(INTERSECTIONS ONLY),1,17545,Cross intersection,3,50,Arterial Highway,TELFORD,MOIRA,-36.018997,146.00035,2022,2,February,10,Midday,Weekday
T20220004198,2022-02-25,08:09:00,1,Collision with vehicle,5,Friday,113,RIGHT NEAR (INTERSECTIONS ONLY),1,17642,T intersection,3,100,Arterial Highway,MIDLAND,SHEPPARTON,-36.42094,145.17332,2022,2,February,8,Morning Peak,Weekday
T20220004270,2022-02-25,22:55:00,2,Struck Pedestrian,5,Friday,100,PED NEAR SIDE. PED HIT BY VEHICLE FROM THE RIGHT.,3,38869,Cross intersection,2,60,Arterial Other,CHURCH,BOROONDARA,-37.813133,145.02351,2022,2,February,22,Night,Weekday
T20220004210,2022-02-25,11:39:00,4,Collision with a fixed object,5,Friday,171,LEFT OFF CARRIAGEWAY INTO OBJECT/PARKED VEHICLE,1,711324,Not at intersection,1,60,Local Road,WEBER,MURRINDINDI,-37.509335,145.36423,2022,2,February,11,Midday,Weekday
T20220004273,2022-02-25,22:30:00,6,Vehicle overturned (no collision),5,Friday,180,OFF CARRIAGEWAY ON RIGHT BEND,5,781502,Not at intersection,3,100,Arterial Other,HEALESVILLE-YARRA GLEN,YARRA RANGES,-37.654377,145.4231,2022,2,February,22,Night,Weekday
T20220004274,2022-02-25,23:15:00,2,Struck Pedestrian,5,Friday,100,PED NEAR SIDE. PED HIT BY VEHICLE FROM THE RIGHT.,3,711488,Not at intersection,2,80,Arterial Other,PASCOE VALE,HUME,-37.65695,144.92737,2022,2,February,23,Night,Weekday
T20220004275,2022-02-25,20:25:00,6,Vehicle overturned (no collision),5,Friday,170,OFF CARRIAGEWAY TO LEFT,2,705819,Not at intersection,3,80,Freeway,CHRISTIES-WESTERN IN,MELTON,-37.761517,144.74034,2022,2,February,20,Night,Weekday
T20220004253,2022-02-25,15:33:00,1,Collision with vehicle,5,Friday,120,HEAD ON (NOT OVERTAKING),1,711785,Not at intersection,2,100,Local Road,COSTER,BAW BAW,-38.173405,145.73444,2022,2,February,15,Afternoon Peak,Weekday
T20220004233,2022-02-25,11:55:00,1,Collision with vehicle,5,Friday,135,LANE CHANGE LEFT (NOT OVERTAKING),1,707168,Not at intersection,2,100,Arterial Other,HUME,HUME,-37.600204,144.94441,2022,2,February,11,Midday,Weekday
T20220004181,2022-02-25,07:10:00,2,Struck Pedestrian,5,Friday,102,FAR SIDE. PED HIT BY VEHICLE FROM THE LEFT,1,38744,Cross intersection,2,50,Arterial Other,BUCKLEY,MARIBYRNONG,-37.803257,144.8924,2022,2,February,7,Morning Peak,Weekday
T20220004263,2022-02-25,21:00:00,1,Collision with vehicle,5,Friday,130,REAR END(VEHICLES IN SAME LANE),3,757076,Cross intersection,2,60,Local Road,DURHAM,BRIMBANK,-37.787987,144.82703,2022,2,February,21,Night,Weekday
T20220004267,2022-02-25,01:40:00,1,Collision with vehicle,5,Friday,160,VEHICLE COLLIDES WITH VEHICLE PARKED ON LEFT OF ROAD,3,731408,Not at intersection,3,50,Local Road,HOPE,MORELAND,-37.76364,144.95714,2022,2,February,1,Late Night,Weekday
T20220006764,2022-02-25,17:00:00,1,Collision with vehicle,5,Friday,132,RIGHT REAR.,1,65926,T intersection,3,60,Local Road,HARBOUR,MELBOURNE,-37.814995,144.945,2022,2,February,17,Afternoon Peak,Weekday
T20220004240,2022-02-25,15:00:00,4,Collision with a fixed object,5,Friday,171,LEFT OFF CARRIAGEWAY INTO OBJECT/PARKED VEHICLE,1,705486,Not at intersection,3,100,Arterial Other,BENALLA-YARRAWONGA,BENALLA,-36.40767,145.9829,2022,2,February,15,Afternoon Peak,Weekday
T20220004178,2022-02-25,06:10:00,1,Collision with vehicle,5,Friday,121,RIGHT THROUGH,2,705482,T intersection,2,60,Arterial Other,RINGWOOD-WARRANDYTE,MANNINGHAM,-37.7694,145.23036,2022,2,February,6,Morning Peak,Weekday
T20220004177,2022-02-25,04:57:00,4,Collision with a fixed object,5,Friday,171,LEFT OFF CARRIAGEWAY INTO OBJECT/PARKED VEHICLE,2,709216,T intersection,2,80,Local Road,SPRINGHILL,CASEY,-38.0843,145.29095,2022,2,February,4,Late Night,Weekday
T20220004176,2022-02-25,00:06:00,8,No collision and no object struck,5,Friday,174,OUT OF CONTROL ON CARRIAGEWAY (ON STRAIGHT),5,712059,Not at intersection,2,80,Arterial Other,PRINCES,CARDINIA,-38.05691,145.39195,2022,2,February,0,Late Night,Weekday
T20220004175,2022-02-25,06:09:00,1,Collision with vehicle,5,Friday,130,REAR END(VEHICLES IN SAME LANE),3,708761,Not at intersection,3,60,Arterial Other,DAREBIN,DAREBIN,-37.76609,145.02608,2022,2,February,6,Morning Peak,Weekday
T20220004452,2022-02-25,18:25:00,1,Collision with vehicle,5,Friday,137,LEFT TURN SIDESWIPE,1,37323,T intersection,3,40,Arterial Other,BRIDGE,YARRA,-37.81975,145.01065,2022,2,February,18,Afternoon Peak,Weekday
T20220004227,2022-02-25,15:20:00,1,Collision with vehicle,5,Friday,137,LEFT TURN SIDESWIPE,1,232235,T intersection,2,60,Arterial Other,HEIDELBERG,DAREBIN,-37.783764,145.01501,2022,2,February,15,Afternoon Peak,Weekday
T20220005498,2022-02-25,11:15:00,1,Collision with vehicle,5,Friday,121,RIGHT THROUGH,1,40304,T intersection,3,40,Arterial Other,GLENFERRIE,STONNINGTON,-37.85734,145.02917,2022,2,February,11,Midday,Weekday
T20220004377,2022-02-25,15:35:00,1,Collision with vehicle,5,Friday,130,REAR END(VEHICLES IN SAME LANE),1,713591,Not at intersection,3,40,Local Road,THIRTEENTH,MILDURA,-34.185635,142.14563,2022,2,February,15,Afternoon Peak,Weekday
T20220004250,2022-02-25,14:05:00,4,Collision with a fixed object,5,Friday,171,LEFT OFF CARRIAGEWAY INTO OBJECT/PARKED VEHICLE,1,705872,Not at intersection,2,100,Local Road,HARCOURT-SUTTON GRANGE,MOUNT ALEXANDER,-36.968754,144.31766,2022,2,February,14,Midday,Weekday
T20220004612,2022-02-25,10:00:00,1,Collision with vehicle,5,Friday,135,LANE CHANGE LEFT (NOT OVERTAKING),1,781500,Not at intersection,3,60,Arterial Highway,RAGLAN,WARRNAMBOOL,-38.38115,142.48639,2022,2,February,10,Midday,Weekday
T20220004258,2022-02-25,18:33:00,1,Collision with vehicle,5,Friday,130,REAR END(VEHICLES IN SAME LANE),1,709469,Not at intersection,2,80,Arterial Highway,DANDENONG,DANDENONG,-37.925808,145.14516,2022,2,February,18,Afternoon Peak,Weekday
T20220004601,2022-02-25,15:50:00,1,Collision with vehicle,5,Friday,132,RIGHT REAR.,1,705662,Cross intersection,2,100,Local Road,BOLINDA-DARRAWEIT,MACEDON RANGES,-37.4324,144.7687,2022,2,February,15,Afternoon Peak,Weekday
T20220004598,2022-02-25,09:45:00,1,Collision with vehicle,5,Friday,113,RIGHT NEAR (INTERSECTIONS ONLY),1,605074,T intersection,3,70,Arterial Other,SOUTH,KINGSTON,-37.93461,145.04677,2022,2,February,9,Morning Peak,Weekday
T20220006696,2022-02-25,05:50:00,1,Collision with vehicle,5,Friday,130,REAR END(VEHICLES IN SAME LANE),3,695061,Cross intersection,3,80,Arterial Highway,CRANBOURNE-FRANKSTON,FRANKSTON,-38.13398,145.22798,2022,2,February,5,Morning Peak,Weekday
T20220005041,2022-02-25,06:10:00,1,Collision with vehicle,5,Friday,121,RIGHT THROUGH,2,51791,Cross intersection,3,60,Local Road,CORNISH,MOUNT ALEXANDER,-37.055553,144.21228,2022,2,February,6,Morning Peak,Weekday
T20220005120,2022-02-25,10:00:00,1,Collision with vehicle,5,Friday,130,REAR END(VEHICLES IN SAME LANE),1,35558,Cross intersection,3,40,Arterial Highway,WARRIGAL,STONNINGTON,-37.875427,145.0916,2022,2,February,10,Midday,Weekday
T20220005059,2022-02-25,15:45:00,1,Collision with vehicle,5,Friday,137,LEFT TURN SIDESWIPE,1,710172,Not at intersection,3,60,Arterial Other,TOORONGA,STONNINGTON,-37.859978,145.04086,2022,2,February,15,Afternoon Peak,Weekday
T20220004225,2022-02-25,14:25:00,6,Vehicle overturned (no collision),5,Friday,172,OFF CARRIAGEWAY TO RIGHT,1,707070,Not at intersection,2,50,Local Road,BELGRADE,WODONGA,-36.12679,146.90417,2022,2,February,14,Midday,Weekday
T20220004219,2022-02-25,13:40:00,1,Collision with vehicle,5,Friday,130,REAR END(VEHICLES IN SAME LANE),1,705484,Not at intersection,3,80,Freeway,WEST GATE,MELBOURNE,-37.827473,144.96205,2022,2,February,13,Midday,Weekday
T20220004218,2022-02-25,11:00:00,1,Collision with vehicle,5,Friday,110,CROSS TRAFFIC(INTERSECTIONS ONLY),1,50889,Cross intersection,2,50,Local Road,WILLIAM,WODONGA,-36.12597,146.88382,2022,2,February,11,Midday,Weekday
T20220004223,2022-02-25,13:15:00,8,No collision and no object struck,5,Friday,170,OFF CARRIAGEWAY TO LEFT,1,781499,Not at intersection,3,100,Local Road,LOCH-POOWONG,SOUTH GIPPSLAND,-38.357227,145.7427,2022,2,February,13,Midday,Weekday
T20220004313,2022-02-26,16:22:00,4,Collision with a fixed object,6,Saturday,183,OFF LEFT BEND INTO OBJECT/PARKED VEHICLE,1,731815,Not at intersection,2,80,Arterial Other,MANSFIELD-WHITFIELD,MANSFIELD,-36.937088,146.21059,2022,2,February,16,Afternoon Peak,Weekend
T20220004314,2022-02-26,15:15:00,2,Struck Pedestrian,6,Saturday,102,FAR SIDE. PED HIT BY VEHICLE FROM THE LEFT,1,705654,Not at intersection,3,60,Arterial Other,TOORONGA,STONNINGTON,-37.85451,145.0419,2022,2,February,15,Afternoon Peak,Weekend
T20220004315,2022-02-26,16:05:00,1,Collision with vehicle,6,Saturday,111,RIGHT FAR (INTERSECTIONS ONLY),1,712228,Cross intersection,2,80,Arterial Highway,PRINCES,LATROBE,-38.185425,146.59279,2022,2,February,16,Afternoon Peak,Weekend