ACCIDENT_NO,ACCIDENT_DATE,ACCIDENT_TIME,ACCIDENT_TYPE,ACCIDENT_TYPE_DESC,DAY_OF_WEEK,DAY_WEEK_DESC,DCA_CODE,DCA_DESC,LIGHT_CONDITION,NODE_ID,ROAD_GEOMETRY_DESC,SEVERITY,SPEED_ZONE,RMA,ROAD_NAME,LGA_NAME,LATITUDE,LONGITUDE,YEAR,MONTH,MONTH_NAME,HOUR,TIME_PERIOD,DAY_TYPE
T20220004316,2022-02-26,05:35:00,1,Collision with vehicle,6,Saturday,140,U TURN,5,708154,Not at intersection,2,100,Arterial Other,COBRAM SOUTH,MOIRA,-35.955956,145.63188,2022,2,February,5,Morning Peak,Weekend
T20220004317,2022-02-26,17:09:00,1,Collision with vehicle,6,Saturday,183,OFF LEFT BEND INTO OBJECT/PARKED VEHICLE,1,781503,Not at intersection,3,50,Local Road,KANOOKA,MANNINGHAM,-37.768505,145.11693,2022,2,February,17,Afternoon Peak,Weekend
T20220004319,2022-02-26,16:47:00,1,Collision with vehicle,6,Saturday,110,CROSS TRAFFIC(INTERSECTIONS ONLY),1,44260,Cross intersection,2,80,Arterial Other,ELTHAM-YARRA GLEN,NILLUMBIK,-37.695316,145.21492,2022,2,February,16,Afternoon Peak,Weekend
T20220004386,2022-02-26,11:50:00,8,No collision and no object struck,6,Saturday,174,OUT OF CONTROL ON CARRIAGEWAY (ON STRAIGHT),1,65265,Cross intersection,2,50,Local Road,COURTNEY,MELBOURNE,-37.800392,144.95198,2022,2,February,11,Midday,Weekend
T20220004528,2022-02-26,14:42:00,1,Collision with vehicle,6,Saturday,160,VEHICLE COLLIDES WITH VEHICLE PARKED ON LEFT OF ROAD,1,731412,Not at intersection,2,50,Arterial Highway,POINT NEPEAN,MORNINGTON PENINSULA,-38.3319,144.96652,2022,2,February,14,Midday,Weekend
T20220004505,2022-02-26,11:15:00,2,Struck Pedestrian,6,Saturday,101,PED EMERGES FROM IN FRONT OF PARKED OR STATIONARY VEHICLE,1,707764,Not at intersection,3,60,Arterial Other,MALVERN,STONNINGTON,-37.85327,145.04253,2022,2,February,11,Midday,Weekend
T20220004417,2022-02-26,12:10:00,6,Vehicle overturned (no collision),6,Saturday,180,OFF CARRIAGEWAY ON RIGHT BEND,1,705562,Not at intersection,2,100,Arterial Other,RUNNING CREEK,ALPINE,-36.564667,146.97993,2022,2,February,12,Midday,Weekend
T20220004299,2022-02-26,12:02:00,4,Collision with a fixed object,6,Saturday,181,OFF RIGHT BEND INTO OBJECT/PARKED VEHICLE,1,705815,Not at intersection,2,50,Local Road,BETULA,WHITTLESEA,-37.67276,145.05907,2022,2,February,12,Midday,Weekend
T20220009349,2022-02-26,16:00:00,1,Collision with vehicle,6,Saturday,130,REAR END(VEHICLES IN SAME LANE),1,34104,Cross intersection,3,80,Arterial Highway,PRINCES HIGHWAY,STONNINGTON,-37.889027,145.08192,2022,2,February,16,Afternoon Peak,Weekend
T20220004480,2022-02-26,13:55:00,1,Collision with vehicle,6,Saturday,130,REAR END(VEHICLES IN SAME LANE),1,705948,Not at intersection,3,80,Freeway,WEST GATE IN-POWER,MELBOURNE,-37.82693,144.96364,2022,2,February,13,Midday,Weekend
T20220004710,2022-02-26,09:45:00,1,Collision with vehicle,6,Saturday,130,REAR END(VEHICLES IN SAME LANE),1,705770,Not at intersection,2,80,Freeway,CITYLINK,MORELAND,-37.75769,144.93803,2022,2,February,9,Morning Peak,Weekend
T20220004320,2022-02-26,10:04:00,8,No collision and no object struck,6,Saturday,170,OFF CARRIAGEWAY TO LEFT,1,39126,Cross intersection,3,60,Arterial Other,BULLEEN,BOROONDARA,-37.789154,145.07367,2022,2,February,10,Midday,Weekend
T20220004321,2022-02-26,17:05:00,1,Collision with vehicle,6,Saturday,169,OTHER ON PATH,1,784580,Not at intersection,2,60,Arterial Other,NEERIM,GLEN EIRA,-37.8893,145.05783,2022,2,February,17,Afternoon Peak,Weekend
T20220004322,2022-02-26,11:15:00,1,Collision with vehicle,6,Saturday,143,ENTERING PARKING,1,705491,Not at intersection,3,40,Local Road,LANGRIDGE,PORT PHILLIP,-37.855457,144.96478,2022,2,February,11,Midday,Weekend
T20220004324,2022-02-26,17:07:00,1,Collision with vehicle,6,Saturday,121,RIGHT THROUGH,1,236311,T intersection,3,50,Local Road,BRUCE,MORELAND,-37.707886,144.97269,2022,2,February,17,Afternoon Peak,Weekend
T20220004325,2022-02-26,19:15:00,1,Collision with vehicle,6,Saturday,169,OTHER ON PATH,1,714504,Not at intersection,2,50,Local Road,HELMS,GEELONG,-38.16335,144.4005,2022,2,February,19,Night,Weekend
T20220004328,2022-02-26,19:15:00,1,Collision with vehicle,6,Saturday,137,LEFT TURN SIDESWIPE,1,705492,T intersection,3,60,Local Road,DROMANA,MORNINGTON PENINSULA,-38.31851,144.98984,2022,2,February,19,Night,Weekend
T20220004330,2022-02-26,14:25:00,1,Collision with vehicle,6,Saturday,130,REAR END(VEHICLES IN SAME LANE),1,705493,Not at intersection,2,100,Arterial Highway,MCIVOR,BENDIGO,-36.773014,144.36717,2022,2,February,14,Midday,Weekend
T20220004334,2022-02-26,19:50:00,1,Collision with vehicle,6,Saturday,130,REAR END(VEHICLES IN SAME LANE),2,718721,Multiple intersection,2,100,Freeway,TULLAMARINE,HUME,-37.681942,144.87158,2022,2,February,19,Night,Weekend
T20220004335,2022-02-26,17:43:00,1,Collision with vehicle,6,Saturday,159,OTHER OVERTAKING MANOEUVRES NOT INCLUDED IN DCAs 150-154,1,37562,T intersection,3,50,Local Road,KINGSWAY,WHITTLESEA,-37.66514,145.01273,2022,2,February,17,Afternoon Peak,Weekend
T20220004338,2022-02-26,16:02:00,2,Struck Pedestrian,6,Saturday,103,PED PLAYING/LYING/WORKING/STANDING ON CARRIAGEWAY.,1,708805,Not at intersection,1,50,Local Road,PARK,BALLARAT,-37.570965,143.82806,2022,2,February,16,Afternoon Peak,Weekend
T20220004340,2022-02-26,15:30:00,1,Collision with vehicle,6,Saturday,121,RIGHT THROUGH,1,42146,T intersection,3,60,Arterial Other,BAY,BAYSIDE,-37.95484,145.02977,2022,2,February,15,Afternoon Peak,Weekend
T20220004341,2022-02-26,16:53:00,4,Collision with a fixed object,6,Saturday,120,HEAD ON (NOT OVERTAKING),1,781506,Not at intersection,3,60,Local Road,CADLES,FRANKSTON,-38.099636,145.18466,2022,2,February,16,Afternoon Peak,Weekend
T20220004348,2022-02-26,21:28:00,1,Collision with vehicle,6,Saturday,140,U TURN,6,719632,Not at intersection,2,60,Arterial Other,MITCHELL,STRATHBOGIE,-36.906406,145.23666,2022,2,February,21,Night,Weekend
T20220004370,2022-02-26,17:30:00,1,Collision with vehicle,6,Saturday,135,LANE CHANGE LEFT (NOT OVERTAKING),9,706443,Not at intersection,3,40,Arterial Other,GORDON,MARIBYRNONG,-37.791622,144.88942,2022,2,February,17,Afternoon Peak,Weekend
T20220012674,2022-02-26,16:00:00,4,Collision with a fixed object,6,Saturday,171,LEFT OFF CARRIAGEWAY INTO OBJECT/PARKED VEHICLE,9,37429,T intersection,2,60,Arterial Other,BEACONSFIELD,PORT PHILLIP,-37.845314,144.94348,2022,2,February,16,Afternoon Peak,Weekend
T20220004561,2022-02-26,12:15:00,1,Collision with vehicle,6,Saturday,130,REAR END(VEHICLES IN SAME LANE),1,707761,Cross intersection,3,40,Arterial Other,DALTON,WHITTLESEA,-37.67344,145.03114,2022,2,February,12,Midday,Weekend
T20220004309,2022-02-26,14:52:00,1,Collision with vehicle,6,Saturday,160,VEHICLE COLLIDES WITH VEHICLE PARKED ON LEFT OF ROAD,1,705761,Not at intersection,2,40,Arterial Other,VICTORIA,BAW BAW,-38.160015,145.92984,2022,2,February,14,Midday,Weekend
T20220004544,2022-02-26,16:00:00,8,No collision and no object struck,6,Saturday,149,OTHER MANOEUVRING NOT INCLUDED IN DCAs 140-148,1,706845,Not at intersection,3,100,Local Road,NORTH MAIN,MOORABOOL,-37.61828,144.1545,2022,2,February,16,Afternoon Peak,Weekend
T20220004343,2022-02-26,14:19:00,1,Collision with vehicle,6,Saturday,113,RIGHT NEAR (INTERSECTIONS ONLY),1,776831,T intersection,3,60,Local Road,HIGHLANDER,HUME,-37.585274,144.89688,2022,2,February,14,Midday,Weekend
T20220004667,2022-02-26,16:00:00,1,Collision with vehicle,6,Saturday,130,REAR END(VEHICLES IN SAME LANE),9,706114,Not at intersection,3,60,Arterial Highway,SMITHFIELD,MELBOURNE,-37.79133,144.91959,2022,2,February,16,Afternoon Peak,Weekend
T20220004278,2022-02-26,01:37:00,1,Collision with vehicle,6,Saturday,139,OTHER SAME DIRECTION-MANOUEVRES NOT INCLUDED IN DCAs 130-137,3,37274,T intersection,3,60,Arterial Other,SOMERTON,HUME,-37.63993,144.92365,2022,2,February,1,Late Night,Weekend
T20220004279,2022-02-26,04:20:00,4,Collision with a fixed object,6,Saturday,181,OFF RIGHT BEND INTO OBJECT/PARKED VEHICLE,5,705817,Not at intersection,2,60,Arterial Other,CAMERON,MACEDON RANGES,-37.36988,144.58546,2022,2,February,4,Late Night,Weekend
T20220004280,2022-02-26,08:15:00,2,Struck Pedestrian,6,Saturday,100,PED NEAR SIDE. PED HIT BY VEHICLE FROM THE RIGHT.,1,40346,Cross intersection,2,60,Arterial Other,TOORONGA,STONNINGTON,-37.85818,145.0412,2022,2,February,8,Morning Peak,Weekend
T20220004283,2022-02-26,05:30:00,4,Collision with a fixed object,6,Saturday,171,LEFT OFF CARRIAGEWAY INTO OBJECT/PARKED VEHICLE,5,705559,T intersection,3,100,Arterial Highway,TODDS,SOUTH GIPPSLAND,-38.644867,146.50676,2022,2,February,5,Morning Peak,Weekend
T20220004286,2022-02-26,10:20:00,8,No collision and no object struck,6,Saturday,174,OUT OF CONTROL ON CARRIAGEWAY (ON STRAIGHT),1,43800,T intersection,3,60,Arterial Other,YORK,YARRA RANGES,-37.79151,145.37599,2022,2,February,10,Midday,Weekend
T20220004296,2022-02-26,12:10:00,1,Collision with vehicle,6,Saturday,121,RIGHT THROUGH,1,356382,Multiple intersection,2,70,Freeway,CANTERBURY-EASTLINK OUT,MAROONDAH,-37.83254,145.21822,2022,2,February,12,Midday,Weekend
T20220007213,2022-02-26,12:15:00,1,Collision with vehicle,6,Saturday,130,REAR END(VEHICLES IN SAME LANE),1,776826,Not at intersection,3,80,Arterial Highway,RINGWOOD,MAROONDAH,-37.81094,145.23676,2022,2,February,12,Midday,Weekend
T20220004301,2022-02-26,14:18:00,1,Collision with vehicle,6,Saturday,121,RIGHT THROUGH,1,38906,T intersection,3,60,Arterial Other,DENMARK,BOROONDARA,-37.80887,145.02876,2022,2,February,14,Midday,Weekend
T20220004302,2022-02-26,14:21:00,1,Collision with vehicle,6,Saturday,130,REAR END(VEHICLES IN SAME LANE),1,731814,Not at intersection,2,60,Local Road,BLACKWOOD,MOORABOOL,-37.598816,144.23024,2022,2,February,14,Midday,Weekend
T20220004303,2022-02-26,12:49:00,4,Collision with a fixed object,6,Saturday,175,OFF END OF ROAD/T-INTERSECTION.,1,710528,T intersection,3,50,Local Road,DELLFIELD,MANNINGHAM,-37.75992,145.12698,2022,2,February,12,Midday,Weekend
T20220004304,2022-02-26,12:25:00,1,Collision with vehicle,6,Saturday,130,REAR END(VEHICLES IN SAME LANE),1,707762,Not at intersection,3,100,Freeway,HUME,WHITTLESEA,-37.673836,144.98323,2022,2,February,12,Midday,Weekend
T20220004339,2022-02-26,19:17:00,1,Collision with vehicle,6,Saturday,110,CROSS TRAFFIC(INTERSECTIONS ONLY),1,363,Cross intersection,3,40,Local Road,CECIL,PORT PHILLIP,-37.833717,144.9581,2022,2,February,19,Night,Weekend
T20220004307,2022-02-26,15:42:00,1,Collision with vehicle,6,Saturday,136,RIGHT TURN SIDESWIPE,1,103,T intersection,3,80,Arterial Other,HEALESVILLE-KOO WEE RUP,YARRA RANGES,-37.682392,145.51581,2022,2,February,15,Afternoon Peak,Weekend
T20220004310,2022-02-26,11:30:00,6,Vehicle overturned (no collision),6,Saturday,184,OUT OF CONTROL ON CARRIAGEWAY (ON BEND),1,706209,Not at intersection,3,100,Local Road,SKYLINE,MURRINDINDI,-37.200108,145.83583,2022,2,February,11,Midday,Weekend
T20220004412,2022-02-27,19:00:00,6,Vehicle overturned (no collision),7,Sunday,182,OFF CARRIAGEWAY ON LEFT BEND,1,756519,Not at intersection,2,100,Local Road,BUTLER,SWAN HILL,-35.27336,143.56761,2022,2,February,19,Night,Weekend
T20220004380,2022-02-27,10:28:00,1,Collision with vehicle,7,Sunday,121,RIGHT THROUGH,1,331873,Cross intersection,2,70,Arterial Other,KINGS ROAD -TAYLORS,BRIMBANK,-37.727715,144.78236,2022,2,February,10,Midday,Weekend
T20220004371,2022-02-27,12:01:00,1,Collision with vehicle,7,Sunday,110,CROSS TRAFFIC(INTERSECTIONS ONLY),1,236467,Cross intersection,3,60,Arterial Highway,ALBERT,BALLARAT,-37.589024,143.84087,2022,2,February,12,Midday,Weekend
T20220004384,2022-02-27,12:00:00,4,Collision with a fixed object,7,Sunday,181,OFF RIGHT BEND INTO OBJECT/PARKED VEHICLE,1,705495,T intersection,2,100,Local Road,BURKE AND WILLS,MACEDON RANGES,-37.215622,144.69514,2022,2,February,12,Midday,Weekend
T20220004354,2022-02-27,01:25:00,4,Collision with a fixed object,7,Sunday,183,OFF LEFT BEND INTO OBJECT/PARKED VEHICLE,5,705840,Not at intersection,2,100,Arterial Other,BENDIGO-MALDON,MOUNT ALEXANDER,-36.96671,144.10994,2022,2,February,1,Late Night,Weekend
T20220004355,2022-02-27,00:15:00,4,Collision with a fixed object,7,Sunday,173,RIGHT OFF CARRIAGEWAY INTO OBJECT/PARKED VEHICLE,5,720138,Not at intersection,3,100,Arterial Highway,SOUTH GIPPSLAND,WELLINGTON,-38.12389,147.0698,2022,2,February,0,Late Night,Weekend
T20220004392,2022-02-27,13:00:00,1,Collision with vehicle,7,Sunday,148,VEHICLE OFF FOOTPATH STRIKES VEH ON CARRIAGEWAY,1,705496,Not at intersection,3,50,Local Road,ROBERTSON,GEELONG,-38.16965,144.38092,2022,2,February,13,Midday,Weekend
T20220004393,2022-02-27,13:44:00,1,Collision with vehicle,7,Sunday,111,RIGHT FAR (INTERSECTIONS ONLY),1,731409,Cross intersection,3,80,Arterial Highway,MOOROODUC,MORNINGTON PENINSULA,-38.200634,145.12794,2022,2,February,13,Midday,Weekend
T20220004396,2022-02-27,14:44:00,1,Collision with vehicle,7,Sunday,130,REAR END(VEHICLES IN SAME LANE),1,706304,Not at intersection,3,60,Arterial Highway,ALBERT,DAREBIN,-37.732746,145.025,2022,2,February,14,Midday,Weekend
T20220004398,2022-02-27,13:20:00,1,Collision with vehicle,7,Sunday,120,HEAD ON (NOT OVERTAKING),1,705561,Not at intersection,3,60,Arterial Other,ARTHURS SEAT,MORNINGTON PENINSULA,-38.3506,144.9477,2022,2,February,13,Midday,Weekend
T20220004402,2022-02-27,16:01:00,1,Collision with vehicle,7,Sunday,131,LEFT REAR,1,705497,T intersection,3,80,Arterial Other,STONY POINT,MORNINGTON PENINSULA,-38.330723,145.18387,2022,2,February,16,Afternoon Peak,Weekend
T20220004405,2022-02-27,11:50:00,4,Collision with a fixed object,7,Sunday,171,LEFT OFF CARRIAGEWAY INTO OBJECT/PARKED VEHICLE,1,714247,Not at intersection,2,50,Local Road,ASHCROFT,WYNDHAM,-37.865234,144.7392,2022,2,February,11,Midday,Weekend
T20220004407,2022-02-27,17:30:00,1,Collision with vehicle,7,Sunday,121,RIGHT THROUGH,1,40370,Cross intersection,3,60,Arterial Highway,TOORAK,BOROONDARA,-37.845432,145.04498,2022,2,February,17,Afternoon Peak,Weekend
T20220004410,2022-02-27,13:55:00,4,Collision with a fixed object,7,Sunday,181,OFF RIGHT BEND INTO OBJECT/PARKED VEHICLE,1,706442,Not at intersection,3,100,Local Road,MOE SOUTH,LATROBE,-38.20296,146.2627,2022,2,February,13,Midday,Weekend
T20220004414,2022-02-27,15:50:00,1,Collision with vehicle,7,Sunday,169,OTHER ON PATH,1,707759,Not at intersection,3,50,Local Road,WESTERN,HUME,-37.684124,144.88063,2022,2,February,15,Afternoon Peak,Weekend
T20220004456,2022-02-27,18:46:00,1,Collision with vehicle,7,Sunday,110,CROSS TRAFFIC(INTERSECTIONS ONLY),1,43917,Cross intersection,2,80,Arterial Other,CLYDE-FIVE WAYS,CASEY,-38.1335,145.32426,2022,2,February,18,Afternoon Peak,Weekend
T20220004423,2022-02-27,22:32:00,1,Collision with vehicle,7,Sunday,120,HEAD ON (NOT OVERTAKING),3,711870,Not at intersection,2,40,Arterial Other,KING,MELBOURNE,-37.81625,144.95567,2022,2,February,22,Night,Weekend
T20220004424,2022-02-27,22:15:00,4,Collision with a fixed object,7,Sunday,183,OFF LEFT BEND INTO OBJECT/PARKED VEHICLE,3,712353,Not at intersection,2,50,Local Road,THAMES,KINGSTON,-38.046406,145.12984,2022,2,February,22,Night,Weekend
T20220004361,2022-02-27,02:04:00,4,Collision with a fixed object,7,Sunday,171,LEFT OFF CARRIAGEWAY INTO OBJECT/PARKED VEHICLE,3,45557,Cross intersection,3,60,Arterial Other,BRUNSWICK,MORELAND,-37.775276,144.94531,2022,2,February,2,Late Night,Weekend
T20220004427,2022-02-27,23:35:00,4,Collision with a fixed object,7,Sunday,171,LEFT OFF CARRIAGEWAY INTO OBJECT/PARKED VEHICLE,3,705500,Not at intersection,3,40,Local Road,HUGH KING,MILDURA,-34.183136,142.16536,2022,2,February,23,Night,Weekend
T20220004357,2022-02-27,02:23:00,1,Collision with vehicle,7,Sunday,130,REAR END(VEHICLES IN SAME LANE),3,42451,T intersection,3,80,Arterial Highway,DANDENONG,MONASH,-37.92176,145.13911,2022,2,February,2,Late Night,Weekend
T20220004362,2022-02-27,02:00:00,1,Collision with vehicle,7,Sunday,120,HEAD ON (NOT OVERTAKING),3,779477,T intersection,3,60,Arterial Other,SAYERS,WYNDHAM,-37.85208,144.7238,2022,2,February,2,Late Night,Weekend
T20220005134,2022-02-27,19:40:00,6,Vehicle overturned (no collision),7,Sunday,180,OFF CARRIAGEWAY ON RIGHT BEND,5,739482,Not at intersection,2,60,Local Road,PETERSONS,BAW BAW,-38.257195,145.94856,2022,2,February,19,Night,Weekend
T20220004839,2022-02-27,15:00:00,1,Collision with vehicle,7,Sunday,130,REAR END(VEHICLES IN SAME LANE),1,707758,Cross intersection,3,70,Arterial Other,CENTRE,GLEN EIRA,-37.92012,145.05106,2022,2,February,15,Afternoon Peak,Weekend
T20220004622,2022-02-27,09:30:00,8,No collision and no object struck,7,Sunday,142,LEAVING PARKING,1,781508,Not at intersection,3,50,Local Road,DANKS,PORT PHILLIP,-37.843857,144.94507,2022,2,February,9,Morning Peak,Weekend
T20220004619,2022-02-27,12:00:00,6,Vehicle overturned (no collision),7,Sunday,184,OUT OF CONTROL ON CARRIAGEWAY (ON BEND),1,705665,Not at intersection,3,40,Local Road,REILLYS,MACEDON RANGES,-37.226357,144.65302,2022,2,February,12,Midday,Weekend
T20220004378,2022-02-27,13:45:00,1,Collision with vehicle,7,Sunday,131,LEFT REAR,1,615322,T intersection,3,60,Arterial Other,BAANIP,GEELONG,-38.214947,144.32634,2022,2,February,13,Midday,Weekend
T20220004376,2022-02-27,11:46:00,1,Collision with vehicle,7,Sunday,130,REAR END(VEHICLES IN SAME LANE),1,709950,Not at intersection,2,40,Arterial Other,RYRIE,GEELONG,-38.149113,144.35907,2022,2,February,11,Midday,Weekend
T20220004351,2022-02-27,00:45:00,4,Collision with a fixed object,7,Sunday,171,LEFT OFF CARRIAGEWAY INTO OBJECT/PARKED VEHICLE,3,37780,T intersection,3,50,Local Road,GRANGE,STONNINGTON,-37.838425,145.01126,2022,2,February,0,Late Night,Weekend
T20220004964,2022-02-27,10:30:00,3,Struck animal,7,Sunday,167,STRUCK ANIMAL,1,707757,Not at intersection,3,100,Local Road,MT ROBERTSON,MURRINDINDI,-37.439903,145.31635,2022,2,February,10,Midday,Weekend
T20220004485,2022-02-28,16:05:00,1,Collision with vehicle,1,Monday,121,RIGHT THROUGH,1,731411,T intersection,2,50,Local Road,BROCK,WHITTLESEA,-37.682755,145.02625,2022,2,February,16,Afternoon Peak,Weekday
T20220004486,2022-02-28,21:13:00,1,Collision with vehicle,1,Monday,110,CROSS TRAFFIC(INTERSECTIONS ONLY),3,43102,Cross intersection,2,60,Local Road,HILTON,DANDENONG,-37.99786,145.2244,2022,2,February,21,Night,Weekday
T20220004487,2022-02-28,20:55:00,4,Collision with a fixed object,1,Monday,183,OFF LEFT BEND INTO OBJECT/PARKED VEHICLE,3,718180,Not at intersection,2,100,Freeway,PENINSULA LINK,MORNINGTON PENINSULA,-38.270634,145.0718,2022,2,February,20,Night,Weekday
T20220004428,2022-02-28,05:20:00,1,Collision with vehicle,1,Monday,121,RIGHT THROUGH,3,42592,Cross intersection,2,60,Arterial Other,POLICE,DANDENONG,-37.937237,145.18953,2022,2,February,5,Morning Peak,Weekday
T20220004431,2022-02-28,06:50:00,1,Collision with vehicle,1,Monday,120,HEAD ON (NOT OVERTAKING),1,711685,Not at intersection,2,80,Arterial Highway,DANDENONG,STONNINGTON,-37.87479,145.03976,2022,2,February,6,Morning Peak,Weekday
T20220004457,2022-02-28,13:10:00,1,Collision with vehicle,1,Monday,110,CROSS TRAFFIC(INTERSECTIONS ONLY),1,39951,Cross intersection,2,50,Local Road,MASON,HOBSONS BAY,-37.83938,144.85507,2022,2,February,13,Midday,Weekday
T20220004458,2022-02-28,13:30:00,1,Collision with vehicle,1,Monday,113,RIGHT NEAR (INTERSECTIONS ONLY),1,30521,T intersection,3,60,Arterial Other,MURRAY,MORELAND,-37.735477,144.97246,2022,2,February,13,Midday,Weekday
T20220004437,2022-02-28,08:50:00,1,Collision with vehicle,1,Monday,148,VEHICLE OFF FOOTPATH STRIKES VEH ON CARRIAGEWAY,1,706305,Not at intersection,3,50,Local Road,DUNDAS,DAREBIN,-37.753292,145.01031,2022,2,February,8,Morning Peak,Weekday
T20220004461,2022-02-28,13:00:00,1,Collision with vehicle,1,Monday,130,REAR END(VEHICLES IN SAME LANE),1,711186,Not at intersection,3,40,Arterial Other,GREENS,DANDENONG,-38.01269,145.1991,2022,2,February,13,Midday,Weekday
T20220004463,2022-02-28,15:15:00,1,Collision with vehicle,1,Monday,113,RIGHT NEAR (INTERSECTIONS ONLY),1,41540,T intersection,3,50,Arterial Highway,WARRIGAL,MONASH,-37.91321,145.08458,2022,2,February,15,Afternoon Peak,Weekday
T20220007013,2022-02-28,17:52:00,1,Collision with vehicle,1,Monday,140,U TURN,1,479,T intersection,3,50,Arterial Other,RIVERSDALE,BOROONDARA,-37.82729,145.02533,2022,2,February,17,Afternoon Peak,Weekday
T20220004464,2022-02-28,15:30:00,4,Collision with a fixed object,1,Monday,181,OFF RIGHT BEND INTO OBJECT/PARKED VEHICLE,1,710140,Not at intersection,2,60,Local Road,JUMPING CREEK,MANNINGHAM,-37.73875,145.2575,2022,2,February,15,Afternoon Peak,Weekday
T20220004470,2022-02-28,17:00:00,2,Struck Pedestrian,1,Monday,100,PED NEAR SIDE. PED HIT BY VEHICLE FROM THE RIGHT.,1,705657,Not at intersection,2,40,Arterial Other,JACKA,PORT PHILLIP,-37.86768,144.97484,2022,2,February,17,Afternoon Peak,Weekday
T20220004473,2022-02-28,17:02:00,2,Struck Pedestrian,1,Monday,102,FAR SIDE. PED HIT BY VEHICLE FROM THE LEFT,1,6160,T intersection,2,60,Arterial Other,ABBOTSFORD,MELBOURNE,-37.793724,144.94731,2022,2,February,17,Afternoon Peak,Weekday
T20220004474,2022-02-28,18:28:00,1,Collision with vehicle,1,Monday,121,RIGHT THROUGH,1,29648,Cross intersection,2,60,Arterial Other,WAVERLEY,STONNINGTON,-37.875977,145.04817,2022,2,February,18,Afternoon Peak,Weekday
T20220004488,2022-02-28,21:20:00,4,Collision with a fixed object,1,Monday,181,OFF RIGHT BEND INTO OBJECT/PARKED VEHICLE,5,706727,Not at intersection,1,100,Local Road,EXTONS,MURRINDINDI,-37.484573,145.32355,2022,2,February,21,Night,Weekday
T20220004490,2022-02-28,05:00:00,4,Collision with a fixed object,1,Monday,173,RIGHT OFF CARRIAGEWAY INTO OBJECT/PARKED VEHICLE,5,705808,Not at intersection,3,100,Local Road,COACH,BENALLA,-36.528904,146.08412,2022,2,February,5,Morning Peak,Weekday
T20220004499,2022-02-28,08:45:00,1,Collision with vehicle,1,Monday,110,CROSS TRAFFIC(INTERSECTIONS ONLY),1,62967,Cross intersection,3,50,Local Road,WESTGATE,MORELAND,-37.737423,144.94078,2022,2,February,8,Morning Peak,Weekday
T20220004509,2022-02-28,18:20:00,4,Collision with a fixed object,1,Monday,171,LEFT OFF CARRIAGEWAY INTO OBJECT/PARKED VEHICLE,2,706583,Not at intersection,2,50,Local Road,CHAMBERS,BAW BAW,-38.189648,145.71368,2022,2,February,18,Afternoon Peak,Weekday
T20220004475,2022-02-28,17:30:00,1,Collision with vehicle,1,Monday,140,U TURN,1,714276,T intersection,2,60,Arterial Other,LANG LANG-POOWONG,SOUTH GIPPSLAND,-38.333412,145.67928,2022,2,February,17,Afternoon Peak,Weekday
T20220004478,2022-02-28,18:00:00,4,Collision with a fixed object,1,Monday,173,RIGHT OFF CARRIAGEWAY INTO OBJECT/PARKED VEHICLE,1,711848,Not at intersection,3,100,Arterial Highway,MURRAY VALLEY,SWAN HILL,-34.716404,143.00433,2022,2,February,18,Afternoon Peak,Weekday
T20220004539,2022-02-28,16:30:00,1,Collision with vehicle,1,Monday,130,REAR END(VEHICLES IN SAME LANE),1,706113,Not at intersection,2,80,Arterial Other,HIGH,CASEY,-38.040337,145.36148,2022,2,February,16,Afternoon Peak,Weekday
T20220005446,2022-02-28,11:20:00,1,Collision with vehicle,1,Monday,130,REAR END(VEHICLES IN SAME LANE),1,49884,Cross intersection,3,50,Arterial Other,SHANNON,GEELONG,-38.140285,144.33643,2022,2,February,11,Midday,Weekday
T20220004483,2022-02-28,17:40:00,1,Collision with vehicle,1,Monday,121,RIGHT THROUGH,1,277792,Cross intersection,2,80,Local Road,HAMMOND,DANDENONG,-38.00316,145.20793,2022,2,February,17,Afternoon Peak,Weekday
T20220005726,2022-02-28,08:45:00,5,collision with some other object,1,Monday,198,OTHER ACCIDENTS NOT CLASSIFIABLE ELSEWHERE,1,708194,Not at intersection,3,80,Arterial Highway,MELBA,YARRA RANGES,-37.54531,145.41624,2022,2,February,8,Morning Peak,Weekday
T20220004484,2022-02-28,16:08:00,1,Collision with vehicle,1,Monday,120,HEAD ON (NOT OVERTAKING),1,731410,T intersection,3,80,Local Road,PLENTY RIVER,NILLUMBIK,-37.68919,145.10532,2022,2,February,16,Afternoon Peak,Weekday
T20220004872,2022-02-28,15:50:00,1,Collision with vehicle,1,Monday,135,LANE CHANGE LEFT (NOT OVERTAKING),1,714296,Not at intersection,2,60,Arterial Highway,NEPEAN,GLEN EIRA,-37.885395,144.99854,2022,2,February,15,Afternoon Peak,Weekday
T20220004438,2022-02-28,08:14:00,1,Collision with vehicle,1,Monday,110,CROSS TRAFFIC(INTERSECTIONS ONLY),1,39385,Cross intersection,3,60,Arterial Other,MIDDLEBOROUGH,WHITEHORSE,-37.803226,145.14163,2022,2,February,8,Morning Peak,Weekday