ACCIDENT_NO,ACCIDENT_DATE,ACCIDENT_TIME,ACCIDENT_TYPE,ACCIDENT_TYPE_DESC,DAY_OF_WEEK,DAY_WEEK_DESC,DCA_CODE,DCA_DESC,LIGHT_CONDITION,NODE_ID,ROAD_GEOMETRY_DESC,SEVERITY,SPEED_ZONE,RMA,ROAD_NAME,LGA_NAME,LATITUDE,LONGITUDE,YEAR,MONTH,MONTH_NAME,HOUR,TIME_PERIOD,DAY_TYPE
T20220004465,2022-02-28,15:40:00,3,Struck animal,1,Monday,167,STRUCK ANIMAL,1,707528,Not at intersection,2,80,Local Road,EILDON-JAMIESON,MURRINDINDI,-37.333088,145.94449,2022,2,February,15,Afternoon Peak,Weekday
T20220004640,2022-02-28,08:43:00,1,Collision with vehicle,1,Monday,111,RIGHT FAR (INTERSECTIONS ONLY),1,712473,T intersection,2,80,Arterial Highway,BURWOOD,KNOX,-37.88085,145.27151,2022,2,February,8,Morning Peak,Weekday
T20220004444,2022-02-28,12:50:00,1,Collision with vehicle,1,Monday,131,LEFT REAR,1,39259,Cross intersection,3,60,Arterial Other,CANTERBURY,WHITEHORSE,-37.82772,145.11288,2022,2,February,12,Midday,Weekday
T20220005079,2022-02-28,11:32:00,1,Collision with vehicle,1,Monday,130,REAR END(VEHICLES IN SAME LANE),1,706356,Cross intersection,3,80,Arterial Highway,NEPEAN,BAYSIDE,-37.886345,144.99905,2022,2,February,11,Midday,Weekday
T20220004565,2022-02-28,18:50:00,1,Collision with vehicle,1,Monday,121,RIGHT THROUGH,2,779977,Cross intersection,3,80,Arterial Other,THOMPSON,DANDENONG,-38.070293,145.18118,2022,2,February,18,Afternoon Peak,Weekday
T20220004468,2022-02-28,16:53:00,1,Collision with vehicle,1,Monday,160,VEHICLE COLLIDES WITH VEHICLE PARKED ON LEFT OF ROAD,1,712750,Not at intersection,2,50,Local Road,DE ROSSI,WHITTLESEA,-37.610493,145.01796,2022,2,February,16,Afternoon Peak,Weekday
T20220004445,2022-02-28,12:53:00,4,Collision with a fixed object,1,Monday,173,RIGHT OFF CARRIAGEWAY INTO OBJECT/PARKED VEHICLE,1,711376,Not at intersection,3,100,Local Road,ECHUCA-NANNEELLA,CAMPASPE,-36.252483,144.77751,2022,2,February,12,Midday,Weekday
T20220004635,2022-02-28,19:30:00,1,Collision with vehicle,1,Monday,132,RIGHT REAR.,2,731414,T intersection,3,60,Local Road,KOORINGAL,BENDIGO,-36.70896,144.26118,2022,2,February,19,Night,Weekday
T20220004455,2022-02-28,12:58:00,1,Collision with vehicle,1,Monday,152,PULLING OUT (OVERTAKING),1,711185,T intersection,2,60,Local Road,HENTY,CARDINIA,-38.07897,145.47687,2022,2,February,12,Midday,Weekday
T20220004527,2022-02-28,12:45:00,4,Collision with a fixed object,1,Monday,171,LEFT OFF CARRIAGEWAY INTO OBJECT/PARKED VEHICLE,9,708645,Not at intersection,3,100,Local Road,BEARDMORE,TOWONG,-36.115612,147.09204,2022,2,February,12,Midday,Weekday
T20220004627,2022-03-01,16:39:00,1,Collision with vehicle,2,Tuesday,130,REAR END(VEHICLES IN SAME LANE),1,709470,Not at intersection,3,80,Freeway,MONASH,MONASH,-37.89866,145.1497,2022,3,March,16,Afternoon Peak,Weekday
T20220004699,2022-03-01,20:18:00,4,Collision with a fixed object,2,Tuesday,173,RIGHT OFF CARRIAGEWAY INTO OBJECT/PARKED VEHICLE,3,756449,Not at intersection,2,100,Freeway,EASTERN,BOROONDARA,-37.791252,145.02501,2022,3,March,20,Night,Weekday
T20220004542,2022-03-01,12:20:00,1,Collision with vehicle,2,Tuesday,130,REAR END(VEHICLES IN SAME LANE),1,39498,Cross intersection,2,80,Arterial Highway,SPRINGVALE,WHITEHORSE,-37.813236,145.17683,2022,3,March,12,Midday,Weekday
T20220004614,2022-03-01,12:07:00,1,Collision with vehicle,2,Tuesday,160,VEHICLE COLLIDES WITH VEHICLE PARKED ON LEFT OF ROAD,1,706255,Not at intersection,3,60,Arterial Other,DON,YARRA RANGES,-37.651894,145.5238,2022,3,March,12,Midday,Weekday
T20220004608,2022-03-01,07:50:00,1,Collision with vehicle,2,Tuesday,130,REAR END(VEHICLES IN SAME LANE),1,705766,T intersection,3,70,Local Road,AVALON,GEELONG,-38.026527,144.42899,2022,3,March,7,Morning Peak,Weekday
T20220004606,2022-03-01,08:20:00,1,Collision with vehicle,2,Tuesday,130,REAR END(VEHICLES IN SAME LANE),1,45417,T intersection,3,60,Arterial Other,PASCOE VALE,MOONEE VALLEY,-37.76261,144.92569,2022,3,March,8,Morning Peak,Weekday
T20220004600,2022-03-01,15:19:00,1,Collision with vehicle,2,Tuesday,160,VEHICLE COLLIDES WITH VEHICLE PARKED ON LEFT OF ROAD,1,779979,Not at intersection,3,60,Local Road,SANCTUARY LAKES SOUTH,WYNDHAM,-37.90303,144.76938,2022,3,March,15,Afternoon Peak,Weekday
T20220004743,2022-03-01,17:21:00,6,Vehicle overturned (no collision),2,Tuesday,174,OUT OF CONTROL ON CARRIAGEWAY (ON STRAIGHT),1,705848,Not at intersection,3,50,Local Road,CHURCHILL,MARIBYRNONG,-37.786964,144.85088,2022,3,March,17,Afternoon Peak,Weekday
T20220005312,2022-03-01,09:30:00,1,Collision with vehicle,2,Tuesday,121,RIGHT THROUGH,1,709146,Not at intersection,3,60,Local Road,TOWNSEND,GEELONG,-38.18133,144.39099,2022,3,March,9,Morning Peak,Weekday
T20220005223,2022-03-01,17:30:00,1,Collision with vehicle,2,Tuesday,120,HEAD ON (NOT OVERTAKING),1,711279,T intersection,2,50,Local Road,KENILWORTH,CARDINIA,-38.05115,145.36511,2022,3,March,17,Afternoon Peak,Weekday
T20220004493,2022-03-01,02:12:00,4,Collision with a fixed object,2,Tuesday,183,OFF LEFT BEND INTO OBJECT/PARKED VEHICLE,5,784582,Not at intersection,2,100,Arterial Highway,CALDER ALTERNATIVE,BENDIGO,-36.87431,144.20023,2022,3,March,2,Late Night,Weekday
T20220004599,2022-03-01,23:12:00,1,Collision with vehicle,2,Tuesday,130,REAR END(VEHICLES IN SAME LANE),3,707117,Cross intersection,3,50,Local Road,ST KILDA,MELBOURNE,-37.823235,144.9701,2022,3,March,23,Night,Weekday
T20220004502,2022-03-01,07:40:00,4,Collision with a fixed object,2,Tuesday,183,OFF LEFT BEND INTO OBJECT/PARKED VEHICLE,1,705658,Not at intersection,3,70,Arterial Highway,BURWOOD,KNOX,-37.89281,145.31528,2022,3,March,7,Morning Peak,Weekday
T20220004772,2022-03-01,12:55:00,1,Collision with vehicle,2,Tuesday,130,REAR END(VEHICLES IN SAME LANE),1,708131,Cross intersection,2,40,Arterial Other,CLYDE,CASEY,-38.059998,145.33821,2022,3,March,12,Midday,Weekday
T20220004506,2022-03-01,08:35:00,1,Collision with vehicle,2,Tuesday,121,RIGHT THROUGH,1,588708,Cross intersection,2,60,Arterial Highway,BARNARD,BENDIGO,-36.758366,144.26813,2022,3,March,8,Morning Peak,Weekday
T20220006867,2022-03-01,08:15:00,1,Collision with vehicle,2,Tuesday,130,REAR END(VEHICLES IN SAME LANE),1,711688,Not at intersection,3,80,Arterial Other,DORSET,MAROONDAH,-37.823196,145.28769,2022,3,March,8,Morning Peak,Weekday
T20220004524,2022-03-01,11:44:00,6,Vehicle overturned (no collision),2,Tuesday,170,OFF CARRIAGEWAY TO LEFT,1,705565,Not at intersection,2,80,Arterial Highway,WESTERN,BALLARAT,-37.56362,143.9355,2022,3,March,11,Midday,Weekday
T20220004526,2022-03-01,09:29:00,1,Collision with vehicle,2,Tuesday,121,RIGHT THROUGH,1,711686,Cross intersection,2,80,Arterial Highway,CHELTENHAM,DANDENONG,-37.99462,145.17548,2022,3,March,9,Morning Peak,Weekday
T20220016754,2022-03-01,13:00:00,8,No collision and no object struck,2,Tuesday,174,OUT OF CONTROL ON CARRIAGEWAY (ON STRAIGHT),1,36146,Cross intersection,3,60,Arterial Other,MARIBYRNONG,MOONEE VALLEY,-37.7721,144.91957,2022,3,March,13,Midday,Weekday
T20220004531,2022-03-01,11:40:00,4,Collision with a fixed object,2,Tuesday,181,OFF RIGHT BEND INTO OBJECT/PARKED VEHICLE,1,707724,Not at intersection,2,100,Arterial Other,COLAC-LAVERS HILL,COLAC OTWAY,-38.45884,143.58841,2022,3,March,11,Midday,Weekday
T20220004532,2022-03-01,10:17:00,4,Collision with a fixed object,2,Tuesday,183,OFF LEFT BEND INTO OBJECT/PARKED VEHICLE,1,708738,Not at intersection,2,100,Arterial Highway,PRINCES,MOYNE,-38.37927,142.16,2022,3,March,10,Midday,Weekday
T20220004533,2022-03-01,12:30:00,1,Collision with vehicle,2,Tuesday,120,HEAD ON (NOT OVERTAKING),1,705715,Not at intersection,2,60,Local Road,RESERVE,BAYSIDE,-37.960846,145.03784,2022,3,March,12,Midday,Weekday
T20220004652,2022-03-01,17:30:00,1,Collision with vehicle,2,Tuesday,130,REAR END(VEHICLES IN SAME LANE),1,778583,T intersection,3,60,Freeway,WESTERN OUT-COBURNS,MELTON,-37.69218,144.56676,2022,3,March,17,Afternoon Peak,Weekday
T20220004535,2022-03-01,12:07:00,1,Collision with vehicle,2,Tuesday,130,REAR END(VEHICLES IN SAME LANE),1,773145,Not at intersection,3,80,Local Road,DOHERTYS,WYNDHAM,-37.82392,144.73608,2022,3,March,12,Midday,Weekday
T20220004571,2022-03-01,08:40:00,1,Collision with vehicle,2,Tuesday,113,RIGHT NEAR (INTERSECTIONS ONLY),1,229646,T intersection,2,60,Arterial Other,BUCKLEY,MOONEE VALLEY,-37.75103,144.8633,2022,3,March,8,Morning Peak,Weekday
T20220004540,2022-03-01,12:30:00,1,Collision with vehicle,2,Tuesday,110,CROSS TRAFFIC(INTERSECTIONS ONLY),1,707412,Cross intersection,3,100,Arterial Other,CLUNES-CRESWICK ROAD -CRESWICK,BALLARAT,-37.3622,143.85582,2022,3,March,12,Midday,Weekday
T20220004541,2022-03-01,13:45:00,4,Collision with a fixed object,2,Tuesday,183,OFF LEFT BEND INTO OBJECT/PARKED VEHICLE,1,715210,Not at intersection,3,60,Arterial Other,TARCOMBE,STRATHBOGIE,-36.74496,145.58548,2022,3,March,13,Midday,Weekday
T20220006295,2022-03-01,12:30:00,1,Collision with vehicle,2,Tuesday,130,REAR END(VEHICLES IN SAME LANE),1,707553,Not at intersection,3,60,Arterial Other,TOORAK,STONNINGTON,-37.841434,145.01184,2022,3,March,12,Midday,Weekday
T20220004572,2022-03-01,17:10:00,1,Collision with vehicle,2,Tuesday,160,VEHICLE COLLIDES WITH VEHICLE PARKED ON LEFT OF ROAD,1,779978,Not at intersection,3,40,Local Road,MOOR,YARRA,-37.801937,144.98119,2022,3,March,17,Afternoon Peak,Weekday
T20220006933,2022-03-01,15:40:00,1,Collision with vehicle,2,Tuesday,116,LEFT NEAR (INTERSECTIONS ONLY),1,42431,T intersection,3,60,Local Road,MAIN,KINGSTON,-37.93883,145.1267,2022,3,March,15,Afternoon Peak,Weekday
T20220004570,2022-03-01,17:00:00,1,Collision with vehicle,2,Tuesday,120,HEAD ON (NOT OVERTAKING),1,707071,Not at intersection,2,60,Arterial Other,BELGRAVE-HALLAM,YARRA RANGES,-37.918903,145.35165,2022,3,March,17,Afternoon Peak,Weekday
T20220025887,2022-03-01,12:00:00,4,Collision with a fixed object,2,Tuesday,181,OFF RIGHT BEND INTO OBJECT/PARKED VEHICLE,1,742924,Not at intersection,3,100,Local Road,GHIN GHIN,MITCHELL,-37.076157,145.30013,2022,3,March,12,Midday,Weekday
T20220004574,2022-03-01,14:55:00,1,Collision with vehicle,2,Tuesday,140,U TURN,1,756448,Not at intersection,2,60,Local Road,WILSONS,GEELONG,-38.172775,144.391,2022,3,March,14,Midday,Weekday
T20220004890,2022-03-01,23:06:00,1,Collision with vehicle,2,Tuesday,130,REAR END(VEHICLES IN SAME LANE),3,707714,T intersection,2,100,Arterial Highway,DANDENONG-HASTINGS,CASEY,-38.056355,145.24374,2022,3,March,23,Night,Weekday
T20220004575,2022-03-01,16:47:00,4,Collision with a fixed object,2,Tuesday,173,RIGHT OFF CARRIAGEWAY INTO OBJECT/PARKED VEHICLE,1,712101,Dead end,2,50,Local Road,HOARES,GEELONG,-38.186886,144.44633,2022,3,March,16,Afternoon Peak,Weekday
T20220009574,2022-03-01,16:00:00,8,No collision and no object struck,2,Tuesday,180,OFF CARRIAGEWAY ON RIGHT BEND,1,50363,T intersection,3,80,Arterial Highway,GREAT OCEAN,SURF COAST,-38.38016,144.20706,2022,3,March,16,Afternoon Peak,Weekday
T20220004580,2022-03-01,18:50:00,1,Collision with vehicle,2,Tuesday,121,RIGHT THROUGH,1,41189,T intersection,3,60,Arterial Other,GLEN EIRA,GLEN EIRA,-37.877686,145.00421,2022,3,March,18,Afternoon Peak,Weekday
T20220004567,2022-03-01,18:00:00,1,Collision with vehicle,2,Tuesday,116,LEFT NEAR (INTERSECTIONS ONLY),1,676131,Cross intersection,3,50,Local Road,SANCTUARY LAKES NORTH,WYNDHAM,-37.88921,144.77132,2022,3,March,18,Afternoon Peak,Weekday
T20220004596,2022-03-01,19:55:00,1,Collision with vehicle,2,Tuesday,134,LANE CHANGE RIGHT (NOT OVERTAKING),1,707169,Not at intersection,3,70,Arterial Other,JOHNSTONE,HUME,-37.681423,144.90723,2022,3,March,19,Night,Weekday
T20220004582,2022-03-01,16:45:00,1,Collision with vehicle,2,Tuesday,113,RIGHT NEAR (INTERSECTIONS ONLY),1,42287,T intersection,3,60,Arterial Other,CENTRE,GLEN EIRA,-37.922737,145.07158,2022,3,March,16,Afternoon Peak,Weekday
T20220004592,2022-03-01,20:34:00,1,Collision with vehicle,2,Tuesday,160,VEHICLE COLLIDES WITH VEHICLE PARKED ON LEFT OF ROAD,3,716982,Not at intersection,3,60,Local Road,SOUTH,MARIBYRNONG,-37.791588,144.85324,2022,3,March,20,Night,Weekday
T20220004733,2022-03-01,12:05:00,1,Collision with vehicle,2,Tuesday,130,REAR END(VEHICLES IN SAME LANE),1,757591,Not at intersection,3,70,Arterial Other,FITZSIMONS,BANYULE,-37.739326,145.13486,2022,3,March,12,Midday,Weekday
T20220004664,2022-03-01,15:58:00,1,Collision with vehicle,2,Tuesday,110,CROSS TRAFFIC(INTERSECTIONS ONLY),1,56758,Cross intersection,3,50,Local Road,ARTHUR,BALLARAT,-37.55701,143.81723,2022,3,March,15,Afternoon Peak,Weekday
T20220004566,2022-03-01,15:03:00,2,Struck Pedestrian,2,Tuesday,102,FAR SIDE. PED HIT BY VEHICLE FROM THE LEFT,1,706846,Not at intersection,3,60,Arterial Other,WAVERLEY,MOONEE VALLEY,-37.757305,144.90706,2022,3,March,15,Afternoon Peak,Weekday
T20220004568,2022-03-01,16:10:00,1,Collision with vehicle,2,Tuesday,139,OTHER SAME DIRECTION-MANOUEVRES NOT INCLUDED IN DCAs 130-137,1,705843,Not at intersection,3,40,Local Road,SOUTH,YARRA,-37.79226,144.99312,2022,3,March,16,Afternoon Peak,Weekday
T20220004564,2022-03-01,14:30:00,2,Struck Pedestrian,2,Tuesday,101,PED EMERGES FROM IN FRONT OF PARKED OR STATIONARY VEHICLE,1,710476,Not at intersection,2,80,Arterial Other,DON,YARRA RANGES,-37.67357,145.53954,2022,3,March,14,Midday,Weekday
T20220004597,2022-03-01,15:28:00,1,Collision with vehicle,2,Tuesday,110,CROSS TRAFFIC(INTERSECTIONS ONLY),1,43476,Cross intersection,2,60,Arterial Other,ELIZABETH,MORELAND,-37.73785,144.98201,2022,3,March,15,Afternoon Peak,Weekday
T20220004558,2022-03-01,16:04:00,1,Collision with vehicle,2,Tuesday,121,RIGHT THROUGH,1,705765,Not at intersection,3,60,Local Road,WARRAGUL-LARDNER,BAW BAW,-38.170372,145.91188,2022,3,March,16,Afternoon Peak,Weekday
T20220006129,2022-03-01,07:01:00,1,Collision with vehicle,2,Tuesday,130,REAR END(VEHICLES IN SAME LANE),1,754787,Not at intersection,2,80,Arterial Other,THOMPSONS,CASEY,-38.080585,145.26309,2022,3,March,7,Morning Peak,Weekday
T20220004557,2022-03-01,16:20:00,1,Collision with vehicle,2,Tuesday,137,LEFT TURN SIDESWIPE,1,39084,Cross intersection,3,40,Arterial Other,WHITEHORSE,BOROONDARA,-37.81093,145.0654,2022,3,March,16,Afternoon Peak,Weekday
T20220004549,2022-03-01,13:41:00,4,Collision with a fixed object,2,Tuesday,171,LEFT OFF CARRIAGEWAY INTO OBJECT/PARKED VEHICLE,1,705842,Not at intersection,3,70,Local Road,RACECOURSE,BENDIGO,-36.71494,144.32559,2022,3,March,13,Midday,Weekday
T20220004560,2022-03-01,12:35:00,1,Collision with vehicle,2,Tuesday,130,REAR END(VEHICLES IN SAME LANE),1,263120,Y intersection,3,80,Local Road,OLYMPIC,BENDIGO,-36.764828,144.22418,2022,3,March,12,Midday,Weekday
T20220004548,2022-03-01,07:35:00,2,Struck Pedestrian,2,Tuesday,103,PED PLAYING/LYING/WORKING/STANDING ON CARRIAGEWAY.,1,61038,Cross intersection,3,40,Arterial Other,CRAIGIEBURN,HUME,-37.598976,144.94173,2022,3,March,7,Morning Peak,Weekday
T20220004534,2022-03-01,10:50:00,1,Collision with vehicle,2,Tuesday,120,HEAD ON (NOT OVERTAKING),1,705660,Not at intersection,3,80,Arterial Other,BELGRAVE-GEMBROOK,CARDINIA,-37.94519,145.52061,2022,3,March,10,Midday,Weekday
T20220005050,2022-03-02,14:00:00,1,Collision with vehicle,3,Wednesday,130,REAR END(VEHICLES IN SAME LANE),1,731428,Not at intersection,3,40,Arterial Highway,MAROONDAH,MAROONDAH,-37.815804,145.22762,2022,3,March,14,Midday,Weekday
T20230008051,2022-03-02,11:00:00,1,Collision with vehicle,3,Wednesday,147,VEHICLE STRIKES ANOTHER VEH WHILE EMERGING FROM DRIVEWAY,1,766020,Not at intersection,3,50,Local Road,HILTON,MORELAND,-37.701385,144.93391,2022,3,March,11,Midday,Weekday
T20220005119,2022-03-02,12:00:00,1,Collision with vehicle,3,Wednesday,142,LEAVING PARKING,1,781520,Not at intersection,3,50,Local Road,COOTAMUNDRA,MORNINGTON PENINSULA,-38.374046,144.87283,2022,3,March,12,Midday,Weekday
T20220004687,2022-03-02,13:50:00,1,Collision with vehicle,3,Wednesday,113,RIGHT NEAR (INTERSECTIONS ONLY),1,44838,T intersection,3,60,Arterial Other,WATTLETREE,NILLUMBIK,-37.702408,145.15198,2022,3,March,13,Midday,Weekday
T20220004683,2022-03-02,18:50:00,1,Collision with vehicle,3,Wednesday,120,HEAD ON (NOT OVERTAKING),1,704286,Not at intersection,3,50,Local Road,OCALLAGHANS,HORSHAM,-36.722984,142.20486,2022,3,March,18,Afternoon Peak,Weekday
T20220004682,2022-03-02,13:30:00,2,Struck Pedestrian,3,Wednesday,100,PED NEAR SIDE. PED HIT BY VEHICLE FROM THE RIGHT.,1,715184,Not at intersection,3,50,Arterial Highway,WHITEHORSE,WHITEHORSE,-37.81633,145.19351,2022,3,March,13,Midday,Weekday
T20220004678,2022-03-02,17:11:00,1,Collision with vehicle,3,Wednesday,116,LEFT NEAR (INTERSECTIONS ONLY),1,41948,Cross intersection,2,60,Arterial Other,CUMBERLAND,MORELAND,-37.735897,144.93767,2022,3,March,17,Afternoon Peak,Weekday
T20220004677,2022-03-02,20:20:00,1,Collision with vehicle,3,Wednesday,120,HEAD ON (NOT OVERTAKING),3,711963,T intersection,2,50,Local Road,MULHALL,BRIMBANK,-37.757854,144.81152,2022,3,March,20,Night,Weekday
T20220004676,2022-03-02,18:20:00,1,Collision with vehicle,3,Wednesday,130,REAR END(VEHICLES IN SAME LANE),1,731416,Not at intersection,2,60,Local Road,CORRIGAN,DANDENONG,-37.98643,145.16422,2022,3,March,18,Afternoon Peak,Weekday
T20220004673,2022-03-02,17:46:00,4,Collision with a fixed object,3,Wednesday,183,OFF LEFT BEND INTO OBJECT/PARKED VEHICLE,1,710171,Not at intersection,3,80,Local Road,PATERNOSTER,CARDINIA,-37.943623,145.4781,2022,3,March,17,Afternoon Peak,Weekday
T20220004669,2022-03-02,13:30:00,1,Collision with vehicle,3,Wednesday,160,VEHICLE COLLIDES WITH VEHICLE PARKED ON LEFT OF ROAD,1,705845,Not at intersection,2,80,Arterial Other,SUNSHINE,BRIMBANK,-37.726097,144.81207,2022,3,March,13,Midday,Weekday
T20220004668,2022-03-02,17:15:00,1,Collision with vehicle,3,Wednesday,134,LANE CHANGE RIGHT (NOT OVERTAKING),1,695507,Not at intersection,2,60,Local Road,LAKESIDE,PORT PHILLIP,-37.837433,144.96768,2022,3,March,17,Afternoon Peak,Weekday
T20220004666,2022-03-02,17:00:00,1,Collision with vehicle,3,Wednesday,110,CROSS TRAFFIC(INTERSECTIONS ONLY),1,36094,Cross intersection,2,50,Local Road,ABBOTSFORD,MELBOURNE,-37.79845,144.94627,2022,3,March,17,Afternoon Peak,Weekday
T20220004665,2022-03-02,16:17:00,1,Collision with vehicle,3,Wednesday,139,OTHER SAME DIRECTION-MANOUEVRES NOT INCLUDED IN DCAs 130-137,1,40062,Cross intersection,2,50,Local Road,MARY,PORT PHILLIP,-37.85963,144.97311,2022,3,March,16,Afternoon Peak,Weekday
T20220004663,2022-03-02,18:46:00,1,Collision with vehicle,3,Wednesday,130,REAR END(VEHICLES IN SAME LANE),1,43719,T intersection,3,60,Local Road,COBURNS,MELTON,-37.677853,144.56946,2022,3,March,18,Afternoon Peak,Weekday
T20220004658,2022-03-02,14:50:00,4,Collision with a fixed object,3,Wednesday,183,OFF LEFT BEND INTO OBJECT/PARKED VEHICLE,1,708381,Not at intersection,3,100,Arterial Highway,SOUTH GIPPSLAND,SOUTH GIPPSLAND,-38.64165,146.48601,2022,3,March,14,Midday,Weekday
T20220004651,2022-03-02,11:10:00,4,Collision with a fixed object,3,Wednesday,181,OFF RIGHT BEND INTO OBJECT/PARKED VEHICLE,1,705608,Not at intersection,1,100,Arterial Other,GLENGARRY WEST,LATROBE,-38.152416,146.52156,2022,3,March,11,Midday,Weekday
T20220004649,2022-03-02,15:50:00,1,Collision with vehicle,3,Wednesday,130,REAR END(VEHICLES IN SAME LANE),1,337794,Not at intersection,3,80,Freeway,MONASH,MONASH,-37.897053,145.14825,2022,3,March,15,Afternoon Peak,Weekday
T20220004639,2022-03-02,09:25:00,1,Collision with vehicle,3,Wednesday,148,VEHICLE OFF FOOTPATH STRIKES VEH ON CARRIAGEWAY,1,708987,Cross intersection,3,60,Local Road,QUEENS,GLEN EIRA,-37.87793,145.04468,2022,3,March,9,Morning Peak,Weekday
T20220005727,2022-03-02,08:30:00,1,Collision with vehicle,3,Wednesday,130,REAR END(VEHICLES IN SAME LANE),1,711427,T intersection,3,50,Local Road,THE BOULEVARD,MOONEE VALLEY,-37.7644,144.89705,2022,3,March,8,Morning Peak,Weekday
T20220004638,2022-03-02,12:30:00,1,Collision with vehicle,3,Wednesday,130,REAR END(VEHICLES IN SAME LANE),1,104441,Not at intersection,2,70,Arterial Highway,MOOROODUC,FRANKSTON,-38.15186,145.13367,2022,3,March,12,Midday,Weekday
T20220004628,2022-03-02,07:56:00,1,Collision with vehicle,3,Wednesday,152,PULLING OUT (OVERTAKING),1,709292,Not at intersection,2,80,Arterial Other,BALNARRING,MORNINGTON PENINSULA,-38.30965,145.08418,2022,3,March,7,Morning Peak,Weekday
T20220004616,2022-03-02,08:35:00,1,Collision with vehicle,3,Wednesday,120,HEAD ON (NOT OVERTAKING),1,45520,Cross intersection,3,60,Local Road,CAROLINE SPRINGS,MELTON,-37.72245,144.73837,2022,3,March,8,Morning Peak,Weekday
T20220004613,2022-03-02,09:43:00,2,Struck Pedestrian,3,Wednesday,100,PED NEAR SIDE. PED HIT BY VEHICLE FROM THE RIGHT.,1,705663,Cross intersection,2,40,Local Road,CHAPEL,STONNINGTON,-37.846806,144.99414,2022,3,March,9,Morning Peak,Weekday
T20220004610,2022-03-02,07:29:00,1,Collision with vehicle,3,Wednesday,148,VEHICLE OFF FOOTPATH STRIKES VEH ON CARRIAGEWAY,1,227113,Cross intersection,3,80,Arterial Highway,NEPEAN,BAYSIDE,-37.922874,145.02446,2022,3,March,7,Morning Peak,Weekday
T20220004607,2022-03-02,06:25:00,1,Collision with vehicle,3,Wednesday,121,RIGHT THROUGH,2,29421,T intersection,2,70,Arterial Other,EDGARS,WHITTLESEA,-37.69372,145.0008,2022,3,March,6,Morning Peak,Weekday
T20220004604,2022-03-02,02:15:00,4,Collision with a fixed object,3,Wednesday,183,OFF LEFT BEND INTO OBJECT/PARKED VEHICLE,5,760573,Not at intersection,2,50,Arterial Other,YARRA,BOROONDARA,-37.80095,145.01227,2022,3,March,2,Late Night,Weekday
T20220005452,2022-03-02,21:35:00,1,Collision with vehicle,3,Wednesday,130,REAR END(VEHICLES IN SAME LANE),6,668259,Cross intersection,3,60,Local Road,WILLIAM THWAITES,CASEY,-38.076454,145.3163,2022,3,March,21,Night,Weekday
T20220020282,2022-03-02,09:23:00,1,Collision with vehicle,3,Wednesday,113,RIGHT NEAR (INTERSECTIONS ONLY),1,50317,Cross intersection,3,100,Arterial Highway,SURF COAST,SURF COAST,-38.286304,144.3254,2022,3,March,9,Morning Peak,Weekday
T20220008394,2022-03-02,17:30:00,1,Collision with vehicle,3,Wednesday,159,OTHER OVERTAKING MANOEUVRES NOT INCLUDED IN DCAs 150-154,9,711518,Not at intersection,3,60,Local Road,GRATTAN,MELBOURNE,-37.800125,144.96115,2022,3,March,17,Afternoon Peak,Weekday
T20220005280,2022-03-02,19:50:00,4,Collision with a fixed object,3,Wednesday,173,RIGHT OFF CARRIAGEWAY INTO OBJECT/PARKED VEHICLE,5,727756,Not at intersection,3,100,Arterial Other,BONANG,EAST GIPPSLAND,-37.689377,148.46889,2022,3,March,19,Night,Weekday
T20220004885,2022-03-02,22:10:00,4,Collision with a fixed object,3,Wednesday,171,LEFT OFF CARRIAGEWAY INTO OBJECT/PARKED VEHICLE,3,781519,Not at intersection,3,80,Arterial Other,CANTERBURY,YARRA RANGES,-37.81421,145.33168,2022,3,March,22,Night,Weekday
T20220004917,2022-03-02,18:00:00,1,Collision with vehicle,3,Wednesday,130,REAR END(VEHICLES IN SAME LANE),1,710218,Not at intersection,3,80,Arterial Highway,NEPEAN,GLEN EIRA,-37.895164,145.00441,2022,3,March,18,Afternoon Peak,Weekday
T20220004936,2022-03-02,20:02:00,1,Collision with vehicle,3,Wednesday,133,LANE SIDE SWIPE (VEHICLES IN PARALLEL LANES),1,64403,T intersection,3,60,Local Road,BELINDA,MANNINGHAM,-37.78049,145.14583,2022,3,March,20,Night,Weekday
T20220004940,2022-03-02,11:30:00,2,Struck Pedestrian,3,Wednesday,100,PED NEAR SIDE. PED HIT BY VEHICLE FROM THE RIGHT.,1,363,Cross intersection,2,50,Local Road,CECIL,PORT PHILLIP,-37.833717,144.9581,2022,3,March,11,Midday,Weekday
T20220004971,2022-03-02,07:50:00,1,Collision with vehicle,3,Wednesday,110,CROSS TRAFFIC(INTERSECTIONS ONLY),1,49248,Cross intersection,3,60,Local Road,CROWN,BALLARAT,-37.598522,143.83151,2022,3,March,7,Morning Peak,Weekday
T20220005220,2022-03-02,15:40:00,1,Collision with vehicle,3,Wednesday,130,REAR END(VEHICLES IN SAME LANE),1,715321,Not at intersection,3,100,Freeway,EASTERN,WHITEHORSE,-37.804043,145.17235,2022,3,March,15,Afternoon Peak,Weekday
T20220011118,2022-03-02,11:35:00,1,Collision with vehicle,3,Wednesday,153,CUTTING IN (OVERTAKING),1,712923,T intersection,3,50,Local Road,ROSEHILL,BANYULE,-37.737804,145.13388,2022,3,March,11,Midday,Weekday
T20220004758,2022-03-03,18:06:00,1,Collision with vehicle,4,Thursday,121,RIGHT THROUGH,1,249214,Cross intersection,3,70,Arterial Highway,BURWOOD,WHITEHORSE,-37.851368,145.14119,2022,3,March,18,Afternoon Peak,Weekday
T20220010157,2022-03-03,10:16:00,1,Collision with vehicle,4,Thursday,113,RIGHT NEAR (INTERSECTIONS ONLY),1,44754,T intersection,3,60,Arterial Other,CAMP,HUME,-37.68665,144.93098,2022,3,March,10,Midday,Weekday