ACCIDENT_NO,ACCIDENT_DATE,ACCIDENT_TIME,ACCIDENT_TYPE,ACCIDENT_TYPE_DESC,DAY_OF_WEEK,DAY_WEEK_DESC,DCA_CODE,DCA_DESC,LIGHT_CONDITION,NODE_ID,ROAD_GEOMETRY_DESC,SEVERITY,SPEED_ZONE,RMA,ROAD_NAME,LGA_NAME,LATITUDE,LONGITUDE,YEAR,MONTH,MONTH_NAME,HOUR,TIME_PERIOD,DAY_TYPE
T20220004695,2022-03-03,06:43:00,1,Collision with vehicle,4,Thursday,130,REAR END(VEHICLES IN SAME LANE),1,133187,Not at intersection,3,80,Arterial Other,BALLARAT,BRIMBANK,-37.770626,144.7966,2022,3,March,6,Morning Peak,Weekday
T20220005453,2022-03-03,18:00:00,1,Collision with vehicle,4,Thursday,132,RIGHT REAR.,9,778586,Cross intersection,3,30,Arterial Highway,TORQUAY,GEELONG,-38.229424,144.33609,2022,3,March,18,Afternoon Peak,Weekday
T20220004762,2022-03-03,16:54:00,8,No collision and no object struck,4,Thursday,180,OFF CARRIAGEWAY ON RIGHT BEND,1,731420,Not at intersection,3,80,Arterial Other,ACHERON,YARRA RANGES,-37.667057,145.73904,2022,3,March,16,Afternoon Peak,Weekday
T20220004700,2022-03-03,10:35:00,1,Collision with vehicle,4,Thursday,110,CROSS TRAFFIC(INTERSECTIONS ONLY),1,44780,Cross intersection,3,60,Arterial Highway,HIGH,BENDIGO,-36.914764,144.70079,2022,3,March,10,Midday,Weekday
T20220005021,2022-03-03,18:35:00,6,Vehicle overturned (no collision),4,Thursday,170,OFF CARRIAGEWAY TO LEFT,1,731426,Not at intersection,3,100,Local Road,BOUNDARY,YARRIAMBIACK,-35.83071,142.23912,2022,3,March,18,Afternoon Peak,Weekday
T20220005806,2022-03-03,09:27:00,1,Collision with vehicle,4,Thursday,121,RIGHT THROUGH,1,52987,Cross intersection,3,60,Arterial Other,GEELONG ROAD -MAIN,BALLARAT,-37.582397,143.86798,2022,3,March,9,Morning Peak,Weekday
T20220005711,2022-03-03,12:50:00,1,Collision with vehicle,4,Thursday,147,VEHICLE STRIKES ANOTHER VEH WHILE EMERGING FROM DRIVEWAY,1,706944,Not at intersection,3,60,Local Road,GARDEN,MONASH,-37.918713,145.14682,2022,3,March,12,Midday,Weekday
T20220004702,2022-03-03,09:09:00,1,Collision with vehicle,4,Thursday,130,REAR END(VEHICLES IN SAME LANE),1,55973,T intersection,2,80,Local Road,EVANS,CASEY,-38.091694,145.2559,2022,3,March,9,Morning Peak,Weekday
T20220006628,2022-03-03,09:06:00,2,Struck Pedestrian,4,Thursday,100,PED NEAR SIDE. PED HIT BY VEHICLE FROM THE RIGHT.,1,52218,Cross intersection,2,40,Local Road,FRANKLIN,LATROBE,-38.196247,146.53798,2022,3,March,9,Morning Peak,Weekday
T20220004697,2022-03-03,08:59:00,1,Collision with vehicle,4,Thursday,121,RIGHT THROUGH,1,243891,Not at intersection,2,40,Local Road,LONSDALE,MELBOURNE,-37.80992,144.97037,2022,3,March,8,Morning Peak,Weekday
T20220004709,2022-03-03,11:35:00,8,No collision and no object struck,4,Thursday,180,OFF CARRIAGEWAY ON RIGHT BEND,1,705769,Not at intersection,3,60,Local Road,MOUNT PLEASANT,NILLUMBIK,-37.723972,145.18137,2022,3,March,11,Midday,Weekday
T20220004711,2022-03-03,12:05:00,1,Collision with vehicle,4,Thursday,110,CROSS TRAFFIC(INTERSECTIONS ONLY),1,59501,Cross intersection,3,50,Local Road,BRAZIER,BENDIGO,-36.721558,144.25461,2022,3,March,12,Midday,Weekday
T20220004718,2022-03-03,12:30:00,1,Collision with vehicle,4,Thursday,110,CROSS TRAFFIC(INTERSECTIONS ONLY),1,73324,Multiple intersection,2,60,Local Road,COOMBES,SURF COAST,-38.313023,144.30211,2022,3,March,12,Midday,Weekday
T20220004720,2022-03-03,06:45:00,1,Collision with vehicle,4,Thursday,116,LEFT NEAR (INTERSECTIONS ONLY),1,56250,Cross intersection,3,80,Arterial Highway,CHELTENHAM,DANDENONG,-37.991478,145.15057,2022,3,March,6,Morning Peak,Weekday
T20220004722,2022-03-03,12:45:00,1,Collision with vehicle,4,Thursday,130,REAR END(VEHICLES IN SAME LANE),1,360426,Cross intersection,2,60,Arterial Highway,SOUTH GIPPSLAND,CASEY,-38.10797,145.28314,2022,3,March,12,Midday,Weekday
T20220004723,2022-03-03,07:50:00,1,Collision with vehicle,4,Thursday,160,VEHICLE COLLIDES WITH VEHICLE PARKED ON LEFT OF ROAD,1,705847,Not at intersection,3,50,Local Road,GOLDSWORTHY,GEELONG,-38.07596,144.33778,2022,3,March,7,Morning Peak,Weekday
T20220004731,2022-03-03,09:50:00,1,Collision with vehicle,4,Thursday,132,RIGHT REAR.,1,29778,Cross intersection,3,60,Local Road,HIGH,DAREBIN,-37.730778,145.00525,2022,3,March,9,Morning Peak,Weekday
T20220004734,2022-03-03,12:30:00,1,Collision with vehicle,4,Thursday,192,STRUCK TRAIN,1,710237,Not at intersection,2,80,Arterial Other,HIGH,STONNINGTON,-37.860043,145.0587,2022,3,March,12,Midday,Weekday
T20220004737,2022-03-03,08:30:00,6,Vehicle overturned (no collision),4,Thursday,184,OUT OF CONTROL ON CARRIAGEWAY (ON BEND),1,709579,Not at intersection,3,60,Freeway,AIRPORT,BRIMBANK,-37.714928,144.87453,2022,3,March,8,Morning Peak,Weekday
T20220004739,2022-03-03,13:40:00,1,Collision with vehicle,4,Thursday,120,HEAD ON (NOT OVERTAKING),1,714697,Not at intersection,2,60,Arterial Other,MAIN,BRIMBANK,-37.745544,144.81085,2022,3,March,13,Midday,Weekday
T20220004746,2022-03-03,15:26:00,1,Collision with vehicle,4,Thursday,130,REAR END(VEHICLES IN SAME LANE),1,705850,Not at intersection,3,60,Arterial Highway,MCIVOR,BENDIGO,-36.759487,144.31703,2022,3,March,15,Afternoon Peak,Weekday
T20220004749,2022-03-03,15:45:00,1,Collision with vehicle,4,Thursday,113,RIGHT NEAR (INTERSECTIONS ONLY),1,59246,Cross intersection,3,80,Arterial Highway,GOULBURN VALLEY,SHEPPARTON,-36.440807,145.38884,2022,3,March,15,Afternoon Peak,Weekday
T20220005707,2022-03-03,16:30:00,8,No collision and no object struck,4,Thursday,174,OUT OF CONTROL ON CARRIAGEWAY (ON STRAIGHT),1,756121,Not at intersection,2,100,Local Road,GLENFYNE-BRUCKNELL,CORANGAMITE,-38.452488,142.92258,2022,3,March,16,Afternoon Peak,Weekday
T20220004751,2022-03-03,15:30:00,4,Collision with a fixed object,4,Thursday,171,LEFT OFF CARRIAGEWAY INTO OBJECT/PARKED VEHICLE,1,705851,Not at intersection,2,70,Arterial Other,MELBOURNE LANCEFIELD,MACEDON RANGES,-37.299686,144.73686,2022,3,March,15,Afternoon Peak,Weekday
T20220004752,2022-03-03,14:35:00,1,Collision with vehicle,4,Thursday,171,LEFT OFF CARRIAGEWAY INTO OBJECT/PARKED VEHICLE,1,731418,Not at intersection,3,80,Arterial Highway,DANDENONG ROAD SERVICE,GLEN EIRA,-37.883987,145.05678,2022,3,March,14,Midday,Weekday
T20220004754,2022-03-03,16:23:00,1,Collision with vehicle,4,Thursday,110,CROSS TRAFFIC(INTERSECTIONS ONLY),1,38150,Cross intersection,3,60,Arterial Other,LOWER HEIDELBERG,BANYULE,-37.772026,145.04216,2022,3,March,16,Afternoon Peak,Weekday
T20220004755,2022-03-03,17:28:00,2,Struck Pedestrian,4,Thursday,100,PED NEAR SIDE. PED HIT BY VEHICLE FROM THE RIGHT.,1,756431,Not at intersection,2,50,Local Road,KALVER,GEELONG,-38.068123,144.36298,2022,3,March,17,Afternoon Peak,Weekday
T20220004756,2022-03-03,16:50:00,1,Collision with vehicle,4,Thursday,113,RIGHT NEAR (INTERSECTIONS ONLY),1,705922,T intersection,2,80,Arterial Highway,MIDLAND,BALLARAT,-37.622334,143.83463,2022,3,March,16,Afternoon Peak,Weekday
T20220004757,2022-03-03,15:00:00,6,Vehicle overturned (no collision),4,Thursday,172,OFF CARRIAGEWAY TO RIGHT,1,707413,T intersection,3,60,Arterial Other,DIAMOND CREEK ROAD -MAIN,BANYULE,-37.699745,145.10771,2022,3,March,15,Afternoon Peak,Weekday
T20220006074,2022-03-03,22:00:00,1,Collision with vehicle,4,Thursday,121,RIGHT THROUGH,3,34725,Cross intersection,3,80,Arterial Highway,SPRINGVALE,WHITEHORSE,-37.85474,145.16928,2022,3,March,22,Night,Weekday
T20220004759,2022-03-03,16:00:00,1,Collision with vehicle,4,Thursday,135,LANE CHANGE LEFT (NOT OVERTAKING),1,731419,Not at intersection,3,80,Freeway,CITYLINK,STONNINGTON,-37.837444,145.03253,2022,3,March,16,Afternoon Peak,Weekday
T20220004835,2022-03-03,13:20:00,1,Collision with vehicle,4,Thursday,130,REAR END(VEHICLES IN SAME LANE),9,36826,Cross intersection,3,40,Arterial Other,DUDLEY,MELBOURNE,-37.80924,144.95236,2022,3,March,13,Midday,Weekday
T20220005062,2022-03-03,20:45:00,1,Collision with vehicle,4,Thursday,160,VEHICLE COLLIDES WITH VEHICLE PARKED ON LEFT OF ROAD,3,756383,Not at intersection,2,50,Local Road,LUM,MONASH,-37.914482,145.17812,2022,3,March,20,Night,Weekday
T20220005427,2022-03-03,12:10:00,1,Collision with vehicle,4,Thursday,130,REAR END(VEHICLES IN SAME LANE),1,706790,Not at intersection,3,80,Freeway,SUNSHINE-WESTERN RING IN,BRIMBANK,-37.751945,144.83124,2022,3,March,12,Midday,Weekday
T20220004857,2022-03-03,16:50:00,1,Collision with vehicle,4,Thursday,110,CROSS TRAFFIC(INTERSECTIONS ONLY),1,1354,Cross intersection,3,60,Arterial Other,MELVILLE,MORELAND,-37.767456,144.9432,2022,3,March,16,Afternoon Peak,Weekday
T20220004796,2022-03-03,22:34:00,4,Collision with a fixed object,4,Thursday,171,LEFT OFF CARRIAGEWAY INTO OBJECT/PARKED VEHICLE,5,706015,Not at intersection,3,80,Freeway,STRZELECKI-PRINCES OUT,LATROBE,-38.236763,146.38039,2022,3,March,22,Night,Weekday
T20220004794,2022-03-03,07:27:00,1,Collision with vehicle,4,Thursday,160,VEHICLE COLLIDES WITH VEHICLE PARKED ON LEFT OF ROAD,1,708588,Not at intersection,2,60,Arterial Other,COTHAM,BOROONDARA,-37.808006,145.04071,2022,3,March,7,Morning Peak,Weekday
T20220004792,2022-03-03,18:51:00,1,Collision with vehicle,4,Thursday,130,REAR END(VEHICLES IN SAME LANE),1,709096,Not at intersection,3,60,Arterial Other,HIGHBURY,MONASH,-37.85553,145.11412,2022,3,March,18,Afternoon Peak,Weekday
T20220005216,2022-03-03,13:10:00,1,Collision with vehicle,4,Thursday,137,LEFT TURN SIDESWIPE,1,709609,T intersection,3,40,Local Road,COVENTRY,PORT PHILLIP,-37.832336,144.95853,2022,3,March,13,Midday,Weekday
T20220004790,2022-03-03,14:11:00,1,Collision with vehicle,4,Thursday,113,RIGHT NEAR (INTERSECTIONS ONLY),1,35849,Multiple intersection,2,80,Freeway,MONASH OUT-BELGRAVE-HALLAM,CASEY,-37.997215,145.27528,2022,3,March,14,Midday,Weekday
T20220004889,2022-03-03,13:55:00,1,Collision with vehicle,4,Thursday,135,LANE CHANGE LEFT (NOT OVERTAKING),1,707948,Not at intersection,3,80,Freeway,WESTERN RING IN-WESTERN,BRIMBANK,-37.793953,144.78851,2022,3,March,13,Midday,Weekday
T20220004965,2022-03-03,16:30:00,1,Collision with vehicle,4,Thursday,130,REAR END(VEHICLES IN SAME LANE),1,706068,Not at intersection,3,70,Arterial Other,COOPER,WHITTLESEA,-37.651867,145.02348,2022,3,March,16,Afternoon Peak,Weekday
T20220007813,2022-03-03,14:00:00,1,Collision with vehicle,4,Thursday,160,VEHICLE COLLIDES WITH VEHICLE PARKED ON LEFT OF ROAD,1,709003,Not at intersection,2,50,Local Road,ATHOL,DANDENONG,-37.97123,145.1501,2022,3,March,14,Midday,Weekday
T20220004785,2022-03-03,23:30:00,1,Collision with vehicle,4,Thursday,121,RIGHT THROUGH,3,222100,Multiple intersection,3,80,Freeway,GREENSBOROUGH,BANYULE,-37.695217,145.0923,2022,3,March,23,Night,Weekday
T20220004784,2022-03-03,20:35:00,2,Struck Pedestrian,4,Thursday,101,PED EMERGES FROM IN FRONT OF PARKED OR STATIONARY VEHICLE,5,705719,Not at intersection,1,60,Arterial Other,HEATHERTON,DANDENONG,-37.96553,145.17755,2022,3,March,20,Night,Weekday
T20220004781,2022-03-03,17:45:00,1,Collision with vehicle,4,Thursday,130,REAR END(VEHICLES IN SAME LANE),1,757,T intersection,3,60,Arterial Other,ESPLANADE,BAYSIDE,-37.924168,144.98747,2022,3,March,17,Afternoon Peak,Weekday
T20220004780,2022-03-03,19:40:00,1,Collision with vehicle,4,Thursday,113,RIGHT NEAR (INTERSECTIONS ONLY),1,45204,T intersection,3,60,Arterial Other,BALLARAT,MARIBYRNONG,-37.78482,144.87376,2022,3,March,19,Night,Weekday
T20220004779,2022-03-03,20:15:00,1,Collision with vehicle,4,Thursday,160,VEHICLE COLLIDES WITH VEHICLE PARKED ON LEFT OF ROAD,3,708666,Not at intersection,2,50,Local Road,HERBERT,DANDENONG,-37.982002,145.22441,2022,3,March,20,Night,Weekday
T20220004778,2022-03-03,20:50:00,1,Collision with vehicle,4,Thursday,121,RIGHT THROUGH,3,38409,T intersection,3,60,Arterial Other,RINGWOOD-WARRANDYTE,MANNINGHAM,-37.784313,145.23282,2022,3,March,20,Night,Weekday
T20220005198,2022-03-03,15:30:00,4,Collision with a fixed object,4,Thursday,183,OFF LEFT BEND INTO OBJECT/PARKED VEHICLE,1,711377,Not at intersection,3,100,Arterial Other,GELANTIPY,EAST GIPPSLAND,-37.487576,148.18681,2022,3,March,15,Afternoon Peak,Weekday
T20220004773,2022-03-03,19:50:00,1,Collision with vehicle,4,Thursday,113,RIGHT NEAR (INTERSECTIONS ONLY),2,770,T intersection,3,60,Arterial Other,JASPER,GLEN EIRA,-37.922592,145.04097,2022,3,March,19,Night,Weekday
T20220004771,2022-03-03,18:08:00,1,Collision with vehicle,4,Thursday,110,CROSS TRAFFIC(INTERSECTIONS ONLY),2,22431,Cross intersection,3,60,Arterial Other,KALKEE,HORSHAM,-36.705345,142.20091,2022,3,March,18,Afternoon Peak,Weekday
T20220004770,2022-03-03,16:40:00,2,Struck Pedestrian,4,Thursday,100,PED NEAR SIDE. PED HIT BY VEHICLE FROM THE RIGHT.,1,61990,T intersection,3,50,Local Road,BROADMEADOWS,HUME,-37.700336,144.88004,2022,3,March,16,Afternoon Peak,Weekday
T20220006247,2022-03-03,21:10:00,1,Collision with vehicle,4,Thursday,110,CROSS TRAFFIC(INTERSECTIONS ONLY),3,52882,Cross intersection,3,50,Local Road,DANA,BALLARAT,-37.56313,143.84856,2022,3,March,21,Night,Weekday
T20220004764,2022-03-03,16:50:00,1,Collision with vehicle,4,Thursday,142,LEAVING PARKING,1,706947,Not at intersection,3,60,Arterial Other,BURKE,BOROONDARA,-37.844765,145.05415,2022,3,March,16,Afternoon Peak,Weekday
T20220004763,2022-03-03,17:15:00,1,Collision with vehicle,4,Thursday,130,REAR END(VEHICLES IN SAME LANE),1,706211,Not at intersection,2,50,Local Road,RIDING BOUNDARY,MELTON,-37.779778,144.73653,2022,3,March,17,Afternoon Peak,Weekday
T20220005297,2022-03-03,12:11:00,2,Struck Pedestrian,4,Thursday,100,PED NEAR SIDE. PED HIT BY VEHICLE FROM THE RIGHT.,9,934,Cross intersection,2,40,Arterial Highway,NEPEAN,FRANKSTON,-38.142956,145.12123,2022,3,March,12,Midday,Weekday
T20220004888,2022-03-04,20:10:00,1,Collision with vehicle,5,Friday,130,REAR END(VEHICLES IN SAME LANE),2,715111,Not at intersection,2,80,Freeway,MONASH,MONASH,-37.91221,145.16544,2022,3,March,20,Night,Weekday
T20220004947,2022-03-04,15:12:00,1,Collision with vehicle,5,Friday,111,RIGHT FAR (INTERSECTIONS ONLY),1,48191,Cross intersection,3,80,Local Road,DALMORE,CARDINIA,-38.17585,145.42305,2022,3,March,15,Afternoon Peak,Weekday
T20220005091,2022-03-04,20:30:00,1,Collision with vehicle,5,Friday,130,REAR END(VEHICLES IN SAME LANE),3,211570,Cross intersection,3,60,Arterial Other,HOPKINS-WHITEHALL,MARIBYRNONG,-37.80055,144.90636,2022,3,March,20,Night,Weekday
T20220006999,2022-03-04,09:15:00,1,Collision with vehicle,5,Friday,130,REAR END(VEHICLES IN SAME LANE),1,711474,Not at intersection,3,60,Arterial Highway,LOWER DANDENONG,KINGSTON,-37.982582,145.0761,2022,3,March,9,Morning Peak,Weekday
T20220004893,2022-03-04,16:00:00,2,Struck Pedestrian,5,Friday,107,PED ON FOOTHPATH STRUCK BY VEHENTERING/LEAVING DRIVEWAY.,1,798951,T intersection,3,60,Local Road,HIGH,BULOKE,-36.07725,143.22714,2022,3,March,16,Afternoon Peak,Weekday
T20220004894,2022-03-04,23:30:00,1,Collision with vehicle,5,Friday,110,CROSS TRAFFIC(INTERSECTIONS ONLY),3,37954,Cross intersection,3,40,Local Road,ARTHURTON,DAREBIN,-37.769344,144.99902,2022,3,March,23,Night,Weekday
T20220004896,2022-03-04,21:30:00,4,Collision with a fixed object,5,Friday,171,LEFT OFF CARRIAGEWAY INTO OBJECT/PARKED VEHICLE,3,253557,Cross intersection,3,60,Local Road,ROCKBANK MIDDLE,MELTON,-37.74694,144.74895,2022,3,March,21,Night,Weekday
T20220004897,2022-03-04,21:58:00,1,Collision with vehicle,5,Friday,120,HEAD ON (NOT OVERTAKING),5,706509,Not at intersection,2,50,Arterial Other,MOUNT DANDENONG TOURIST,YARRA RANGES,-37.860703,145.356,2022,3,March,21,Night,Weekday
T20220004898,2022-03-04,23:00:00,4,Collision with a fixed object,5,Friday,183,OFF LEFT BEND INTO OBJECT/PARKED VEHICLE,5,707073,Not at intersection,2,60,Local Road,REIDS,MOORABOOL,-37.738285,144.36661,2022,3,March,23,Night,Weekday
T20220004901,2022-03-04,23:00:00,1,Collision with vehicle,5,Friday,132,RIGHT REAR.,3,712734,Not at intersection,2,60,Local Road,CORRIGAN,DANDENONG,-37.97099,145.1672,2022,3,March,23,Night,Weekday
T20220004909,2022-03-04,23:50:00,4,Collision with a fixed object,5,Friday,181,OFF RIGHT BEND INTO OBJECT/PARKED VEHICLE,5,756374,Not at intersection,2,100,Local Road,AIRLY,WELLINGTON,-38.007416,147.09544,2022,3,March,23,Night,Weekday
T20220004881,2022-03-04,21:00:00,1,Collision with vehicle,5,Friday,113,RIGHT NEAR (INTERSECTIONS ONLY),3,29382,Cross intersection,3,60,Arterial Other,MONTAGUE,PORT PHILLIP,-37.831802,144.95119,2022,3,March,21,Night,Weekday
T20220004867,2022-03-04,14:58:00,4,Collision with a fixed object,5,Friday,141,U TURN INTO FIXED OBJECT/PARKED VEHICLE,1,706069,Not at intersection,3,50,Local Road,BROWNFIELD,KINGSTON,-37.994717,145.09224,2022,3,March,14,Midday,Weekday
T20220004866,2022-03-04,15:40:00,1,Collision with vehicle,5,Friday,130,REAR END(VEHICLES IN SAME LANE),1,32015,Cross intersection,3,70,Arterial Highway,BURWOOD,WHITEHORSE,-37.852516,145.15201,2022,3,March,15,Afternoon Peak,Weekday
T20220004864,2022-03-04,06:50:00,1,Collision with vehicle,5,Friday,130,REAR END(VEHICLES IN SAME LANE),3,42085,T intersection,3,60,Arterial Highway,BELL,MORELAND,-37.738552,144.94035,2022,3,March,6,Morning Peak,Weekday
T20220004863,2022-03-04,07:06:00,1,Collision with vehicle,5,Friday,120,HEAD ON (NOT OVERTAKING),2,709097,Not at intersection,2,80,Local Road,DARRAWEIT,MITCHELL,-37.39843,144.94908,2022,3,March,7,Morning Peak,Weekday
T20220004859,2022-03-04,15:18:00,4,Collision with a fixed object,5,Friday,183,OFF LEFT BEND INTO OBJECT/PARKED VEHICLE,1,711425,Not at intersection,2,40,Freeway,JACKSONS-MONASH OUT,MONASH,-37.934864,145.19243,2022,3,March,15,Afternoon Peak,Weekday
T20220004855,2022-03-04,10:10:00,4,Collision with a fixed object,5,Friday,173,RIGHT OFF CARRIAGEWAY INTO OBJECT/PARKED VEHICLE,1,731423,Not at intersection,2,100,Freeway,SOUTH GIPPSLAND-SOUTH GIPPSLAND IN,DANDENONG,-38.03685,145.24683,2022,3,March,10,Midday,Weekday
T20220004853,2022-03-04,07:57:00,1,Collision with vehicle,5,Friday,113,RIGHT NEAR (INTERSECTIONS ONLY),1,706508,T intersection,3,80,Local Road,HARDYS,EAST GIPPSLAND,-37.87431,147.83727,2022,3,March,7,Morning Peak,Weekday
T20220005006,2022-03-04,22:00:00,1,Collision with vehicle,5,Friday,110,CROSS TRAFFIC(INTERSECTIONS ONLY),3,39448,Cross intersection,3,60,Arterial Other,SURREY,WHITEHORSE,-37.811035,145.1577,2022,3,March,22,Night,Weekday
T20220004843,2022-03-04,12:39:00,1,Collision with vehicle,5,Friday,121,RIGHT THROUGH,1,221983,T intersection,2,70,Arterial Other,SYDNEY,HUME,-37.67399,144.95602,2022,3,March,12,Midday,Weekday
T20220005222,2022-03-04,05:50:00,1,Collision with vehicle,5,Friday,133,LANE SIDE SWIPE (VEHICLES IN PARALLEL LANES),3,708235,Not at intersection,3,40,Local Road,VASEY,MOONEE VALLEY,-37.77919,144.91605,2022,3,March,5,Morning Peak,Weekday
T20220004849,2022-03-04,12:25:00,1,Collision with vehicle,5,Friday,121,RIGHT THROUGH,1,355448,Cross intersection,3,60,Arterial Highway,MCIVOR,BENDIGO,-36.75728,144.29182,2022,3,March,12,Midday,Weekday
T20220004847,2022-03-04,12:15:00,1,Collision with vehicle,5,Friday,113,RIGHT NEAR (INTERSECTIONS ONLY),1,781556,T intersection,3,60,Arterial Highway,WURUNDJERI,MELBOURNE,-37.812084,144.94522,2022,3,March,12,Midday,Weekday
T20220006301,2022-03-04,08:45:00,1,Collision with vehicle,5,Friday,140,U TURN,1,41330,Cross intersection,3,60,Local Road,GLEN HUNTLY,GLEN EIRA,-37.88874,145.03651,2022,3,March,8,Morning Peak,Weekday
T20220004838,2022-03-04,13:06:00,1,Collision with vehicle,5,Friday,120,HEAD ON (NOT OVERTAKING),1,731422,Not at intersection,3,80,Arterial Other,BAXTER-TOORADIN,MORNINGTON PENINSULA,-38.19959,145.19817,2022,3,March,13,Midday,Weekday
T20220004873,2022-03-04,15:00:00,1,Collision with vehicle,5,Friday,130,REAR END(VEHICLES IN SAME LANE),1,69893,T intersection,3,60,Arterial Other,CHESTERVILLE,KINGSTON,-37.941216,145.0603,2022,3,March,15,Afternoon Peak,Weekday
T20220004819,2022-03-04,07:55:00,6,Vehicle overturned (no collision),5,Friday,170,OFF CARRIAGEWAY TO LEFT,1,710012,T intersection,2,100,Arterial Highway,SUNRAYSIA,BULOKE,-36.266315,142.85269,2022,3,March,7,Morning Peak,Weekday
T20220004820,2022-03-04,08:21:00,1,Collision with vehicle,5,Friday,113,RIGHT NEAR (INTERSECTIONS ONLY),1,42387,T intersection,3,60,Arterial Other,CENTRE,KINGSTON,-37.927906,145.11375,2022,3,March,8,Morning Peak,Weekday
T20220004821,2022-03-04,09:07:00,1,Collision with vehicle,5,Friday,181,OFF RIGHT BEND INTO OBJECT/PARKED VEHICLE,1,718723,Not at intersection,2,50,Local Road,POWER,HOBSONS BAY,-37.851273,144.88692,2022,3,March,9,Morning Peak,Weekday
T20220004823,2022-03-04,09:20:00,1,Collision with vehicle,5,Friday,113,RIGHT NEAR (INTERSECTIONS ONLY),1,59589,T intersection,3,60,Arterial Highway,EAGLEHAWK,BENDIGO,-36.742992,144.25826,2022,3,March,9,Morning Peak,Weekday
T20220004831,2022-03-04,08:50:00,1,Collision with vehicle,5,Friday,121,RIGHT THROUGH,1,1063,T intersection,3,50,Arterial Highway,POINT NEPEAN,MORNINGTON PENINSULA,-38.35718,144.8999,2022,3,March,8,Morning Peak,Weekday
T20220004832,2022-03-04,11:06:00,4,Collision with a fixed object,5,Friday,171,LEFT OFF CARRIAGEWAY INTO OBJECT/PARKED VEHICLE,1,775926,Not at intersection,2,50,Local Road,LICOLA,HUME,-37.673416,144.92065,2022,3,March,11,Midday,Weekday
T20220004874,2022-03-04,17:35:00,1,Collision with vehicle,5,Friday,139,OTHER SAME DIRECTION-MANOUEVRES NOT INCLUDED IN DCAs 130-137,1,707530,Unknown,2,80,Freeway,WEST GATE,HOBSONS BAY,-37.825436,144.88779,2022,3,March,17,Afternoon Peak,Weekday
T20220004833,2022-03-04,07:43:00,1,Collision with vehicle,5,Friday,113,RIGHT NEAR (INTERSECTIONS ONLY),1,250995,T intersection,2,50,Local Road,CAMERON,MORNINGTON PENINSULA,-38.204445,145.08353,2022,3,March,7,Morning Peak,Weekday
T20220004878,2022-03-04,20:00:00,1,Collision with vehicle,5,Friday,110,CROSS TRAFFIC(INTERSECTIONS ONLY),3,35774,Cross intersection,3,50,Arterial Other,GRANT,MOORABOOL,-37.67553,144.43532,2022,3,March,20,Night,Weekday
T20220004880,2022-03-04,20:09:00,1,Collision with vehicle,5,Friday,121,RIGHT THROUGH,3,706070,Not at intersection,3,80,Arterial Other,CRANBOURNE,CASEY,-38.067047,145.29881,2022,3,March,20,Night,Weekday
T20220004844,2022-03-04,12:45:00,1,Collision with vehicle,5,Friday,130,REAR END(VEHICLES IN SAME LANE),1,44015,T intersection,2,80,Arterial Highway,NEPEAN,MORNINGTON PENINSULA,-38.29627,145.03088,2022,3,March,12,Midday,Weekday
T20220004837,2022-03-04,07:30:00,1,Collision with vehicle,5,Friday,130,REAR END(VEHICLES IN SAME LANE),2,718308,Not at intersection,2,40,Local Road,TAYLORS,BRIMBANK,-37.726562,144.77303,2022,3,March,7,Morning Peak,Weekday
T20220005066,2022-03-04,22:45:00,6,Vehicle overturned (no collision),5,Friday,172,OFF CARRIAGEWAY TO RIGHT,3,710736,Not at intersection,3,80,Arterial Other,PRINCES,CARDINIA,-38.063396,145.4355,2022,3,March,22,Night,Weekday
T20220005387,2022-03-04,15:15:00,1,Collision with vehicle,5,Friday,110,CROSS TRAFFIC(INTERSECTIONS ONLY),1,41131,Cross intersection,3,60,Arterial Other,ST KILDA,BAYSIDE,-37.892708,144.9905,2022,3,March,15,Afternoon Peak,Weekday
T20220004798,2022-03-04,07:50:00,1,Collision with vehicle,5,Friday,148,VEHICLE OFF FOOTPATH STRIKES VEH ON CARRIAGEWAY,1,709678,Cross intersection,3,60,Local Road,HIGH,MELTON,-37.685608,144.54962,2022,3,March,7,Morning Peak,Weekday
T20220004882,2022-03-04,18:13:00,1,Collision with vehicle,5,Friday,160,VEHICLE COLLIDES WITH VEHICLE PARKED ON LEFT OF ROAD,1,706212,Not at intersection,3,40,Local Road,DEPARTURE,HUME,-37.672764,144.85149,2022,3,March,18,Afternoon Peak,Weekday
T20220004801,2022-03-04,08:30:00,2,Struck Pedestrian,5,Friday,100,PED NEAR SIDE. PED HIT BY VEHICLE FROM THE RIGHT.,1,705852,Not at intersection,3,70,Arterial Other,MICKLEHAM,HUME,-37.687862,144.88231,2022,3,March,8,Morning Peak,Weekday
T20220004802,2022-03-04,07:20:00,1,Collision with vehicle,5,Friday,121,RIGHT THROUGH,1,696854,T intersection,2,80,Arterial Other,THOMPSONS,CASEY,-38.08817,145.32349,2022,3,March,7,Morning Peak,Weekday
T20220004883,2022-03-04,21:39:00,1,Collision with vehicle,5,Friday,110,CROSS TRAFFIC(INTERSECTIONS ONLY),3,57167,Cross intersection,2,50,Local Road,MOORE,COLAC OTWAY,-38.757442,143.6682,2022,3,March,21,Night,Weekday
T20220004884,2022-03-04,20:30:00,4,Collision with a fixed object,5,Friday,171,LEFT OFF CARRIAGEWAY INTO OBJECT/PARKED VEHICLE,3,708384,Not at intersection,3,60,Local Road,HARRIS,WARRNAMBOOL,-38.386063,142.47058,2022,3,March,20,Night,Weekday