ACCIDENT_NO,ACCIDENT_DATE,ACCIDENT_TIME,ACCIDENT_TYPE,ACCIDENT_TYPE_DESC,DAY_OF_WEEK,DAY_WEEK_DESC,DCA_CODE,DCA_DESC,LIGHT_CONDITION,NODE_ID,ROAD_GEOMETRY_DESC,SEVERITY,SPEED_ZONE,RMA,ROAD_NAME,LGA_NAME,LATITUDE,LONGITUDE,YEAR,MONTH,MONTH_NAME,HOUR,TIME_PERIOD,DAY_TYPE
T20220004886,2022-03-04,15:10:00,2,Struck Pedestrian,5,Friday,100,PED NEAR SIDE. PED HIT BY VEHICLE FROM THE RIGHT.,1,222110,T intersection,3,60,Arterial Other,PASCOE VALE,HUME,-37.68239,144.9194,2022,3,March,15,Afternoon Peak,Weekday
T20220004887,2022-03-04,17:50:00,1,Collision with vehicle,5,Friday,147,VEHICLE STRIKES ANOTHER VEH WHILE EMERGING FROM DRIVEWAY,1,708233,Not at intersection,3,50,Arterial Other,HOLMES,MORELAND,-37.75866,144.97453,2022,3,March,17,Afternoon Peak,Weekday
T20220004805,2022-03-04,06:25:00,1,Collision with vehicle,5,Friday,120,HEAD ON (NOT OVERTAKING),4,707170,Not at intersection,2,80,Arterial Other,KOO WEE RUP,CARDINIA,-38.118587,145.48604,2022,3,March,6,Morning Peak,Weekday
T20220004806,2022-03-04,08:00:00,1,Collision with vehicle,5,Friday,130,REAR END(VEHICLES IN SAME LANE),1,656265,T intersection,3,60,Local Road,PATTERSONS,CASEY,-38.119408,145.33267,2022,3,March,8,Morning Peak,Weekday
T20220004948,2022-03-04,22:00:00,4,Collision with a fixed object,5,Friday,171,LEFT OFF CARRIAGEWAY INTO OBJECT/PARKED VEHICLE,9,707339,Not at intersection,3,80,Arterial Other,MICKLEHAM,HUME,-37.539047,144.88248,2022,3,March,22,Night,Weekday
T20220006175,2022-03-05,07:30:00,4,Collision with a fixed object,6,Saturday,173,RIGHT OFF CARRIAGEWAY INTO OBJECT/PARKED VEHICLE,2,708647,Not at intersection,2,70,Arterial Other,SYDNEY,HUME,-37.67582,144.95593,2022,3,March,7,Morning Peak,Weekend
T20220004991,2022-03-05,21:38:00,1,Collision with vehicle,6,Saturday,113,RIGHT NEAR (INTERSECTIONS ONLY),3,41914,T intersection,3,80,Arterial Other,KELLETTS,KNOX,-37.91382,145.26338,2022,3,March,21,Night,Weekend
T20220005212,2022-03-05,21:45:00,1,Collision with vehicle,6,Saturday,110,CROSS TRAFFIC(INTERSECTIONS ONLY),3,41375,Multiple intersection,3,60,Arterial Other,GRANGE,GLEN EIRA,-37.88969,145.0448,2022,3,March,21,Night,Weekend
T20220005321,2022-03-05,15:00:00,5,collision with some other object,6,Saturday,179,OTHER ACCIDENTS-OFF STRAIGHT NOT INCLUDED IN DCAs 170-175,1,706314,Not at intersection,3,100,Local Road,DAIRY MAID,PYRENEES,-37.327686,143.25981,2022,3,March,15,Afternoon Peak,Weekend
T20220005126,2022-03-05,23:37:00,8,No collision and no object struck,6,Saturday,174,OUT OF CONTROL ON CARRIAGEWAY (ON STRAIGHT),3,710985,Not at intersection,3,60,Arterial Other,MORELAND,MORELAND,-37.755787,144.96693,2022,3,March,23,Night,Weekend
T20220006093,2022-03-05,09:30:00,1,Collision with vehicle,6,Saturday,119,OTHER ADJACENT (INTERSECTIONS ONLY),1,707147,T intersection,3,80,Arterial Highway,FRANKSTON-DANDENONG,FRANKSTON,-38.104465,145.1687,2022,3,March,9,Morning Peak,Weekend
T20220006014,2022-03-05,10:29:00,4,Collision with a fixed object,6,Saturday,173,RIGHT OFF CARRIAGEWAY INTO OBJECT/PARKED VEHICLE,1,718727,T intersection,2,100,Arterial Highway,SOUTH GIPPSLAND,SOUTH GIPPSLAND,-38.420826,145.79065,2022,3,March,10,Midday,Weekend
T20220004979,2022-03-05,18:00:00,1,Collision with vehicle,6,Saturday,130,REAR END(VEHICLES IN SAME LANE),1,708794,Not at intersection,3,60,Arterial Other,STATION,WHITEHORSE,-37.84857,145.12032,2022,3,March,18,Afternoon Peak,Weekend
T20220007304,2022-03-05,11:11:00,1,Collision with vehicle,6,Saturday,130,REAR END(VEHICLES IN SAME LANE),9,708426,Not at intersection,3,40,Arterial Other,PRINCES,CARDINIA,-38.071613,145.4826,2022,3,March,11,Midday,Weekend
T20220013078,2022-03-05,12:15:00,1,Collision with vehicle,6,Saturday,130,REAR END(VEHICLES IN SAME LANE),9,724876,Not at intersection,3,100,Freeway,WEST GATE,HOBSONS BAY,-37.82713,144.89417,2022,3,March,12,Midday,Weekend
T20220009408,2022-03-05,00:45:00,4,Collision with a fixed object,6,Saturday,173,RIGHT OFF CARRIAGEWAY INTO OBJECT/PARKED VEHICLE,3,713514,Not at intersection,3,60,Arterial Other,SAGES,FRANKSTON,-38.194134,145.1479,2022,3,March,0,Late Night,Weekend
T20220005204,2022-03-05,12:07:00,1,Collision with vehicle,6,Saturday,113,RIGHT NEAR (INTERSECTIONS ONLY),1,42824,T intersection,3,60,Arterial Highway,MAIN,KINGSTON,-38.00419,145.08492,2022,3,March,12,Midday,Weekend
T20220004966,2022-03-05,11:37:00,1,Collision with vehicle,6,Saturday,120,HEAD ON (NOT OVERTAKING),1,721093,Not at intersection,3,60,Arterial Other,MELROSE,WODONGA,-36.127235,146.86618,2022,3,March,11,Midday,Weekend
T20220005740,2022-03-05,13:45:00,1,Collision with vehicle,6,Saturday,130,REAR END(VEHICLES IN SAME LANE),1,712752,Not at intersection,3,60,Arterial Highway,FOSTER,DANDENONG,-37.988476,145.2183,2022,3,March,13,Midday,Weekend
T20220004968,2022-03-05,16:52:00,1,Collision with vehicle,6,Saturday,160,VEHICLE COLLIDES WITH VEHICLE PARKED ON LEFT OF ROAD,1,779561,Not at intersection,3,60,Local Road,MILLER,KNOX,-37.851215,145.30315,2022,3,March,16,Afternoon Peak,Weekend
T20220004969,2022-03-05,16:00:00,1,Collision with vehicle,6,Saturday,160,VEHICLE COLLIDES WITH VEHICLE PARKED ON LEFT OF ROAD,1,713053,Dead end,2,50,Local Road,MCEACHERN,WODONGA,-36.133915,146.86035,2022,3,March,16,Afternoon Peak,Weekend
T20220004985,2022-03-05,05:55:00,1,Collision with vehicle,6,Saturday,113,RIGHT NEAR (INTERSECTIONS ONLY),2,251605,T intersection,3,100,Arterial Other,COHUNA-LEITCHVILLE ROAD -LEITCHVILLE-KERANG,GANNAWARRA,-35.88038,144.22247,2022,3,March,5,Morning Peak,Weekend
T20220004974,2022-03-05,13:55:00,1,Collision with vehicle,6,Saturday,121,RIGHT THROUGH,1,35690,Cross intersection,3,60,Arterial Other,VICTORIA,BAW BAW,-38.158916,145.93016,2022,3,March,13,Midday,Weekend
T20220004992,2022-03-05,23:40:00,2,Struck Pedestrian,6,Saturday,102,FAR SIDE. PED HIT BY VEHICLE FROM THE LEFT,3,708646,Not at intersection,2,40,Arterial Other,MT ALEXANDER,MOONEE VALLEY,-37.768368,144.92528,2022,3,March,23,Night,Weekend
T20220006315,2022-03-05,14:45:00,1,Collision with vehicle,6,Saturday,130,REAR END(VEHICLES IN SAME LANE),1,707426,Not at intersection,3,70,Arterial Highway,SPRINGVALE,MONASH,-37.867577,145.16818,2022,3,March,14,Midday,Weekend
T20220004950,2022-03-05,14:00:00,4,Collision with a fixed object,6,Saturday,171,LEFT OFF CARRIAGEWAY INTO OBJECT/PARKED VEHICLE,1,756373,Cross intersection,2,60,Local Road,CAVE HILL,YARRA RANGES,-37.75058,145.34427,2022,3,March,14,Midday,Weekend
T20220004910,2022-03-05,01:36:00,1,Collision with vehicle,6,Saturday,160,VEHICLE COLLIDES WITH VEHICLE PARKED ON LEFT OF ROAD,3,707624,Not at intersection,2,50,Local Road,HICKFORD,DAREBIN,-37.704876,145.01933,2022,3,March,1,Late Night,Weekend
T20220006499,2022-03-05,21:00:00,1,Collision with vehicle,6,Saturday,140,U TURN,3,707882,Not at intersection,3,60,Arterial Other,CAMP,HUME,-37.687534,144.93843,2022,3,March,21,Night,Weekend
T20220005016,2022-03-05,18:00:00,1,Collision with vehicle,6,Saturday,110,CROSS TRAFFIC(INTERSECTIONS ONLY),1,59498,Cross intersection,3,50,Local Road,PANTON,BENDIGO,-36.720394,144.2523,2022,3,March,18,Afternoon Peak,Weekend
T20220005153,2022-03-05,22:30:00,1,Collision with vehicle,6,Saturday,130,REAR END(VEHICLES IN SAME LANE),3,708385,Not at intersection,3,80,Freeway,WESTERN RING,BRIMBANK,-37.76738,144.80028,2022,3,March,22,Night,Weekend
T20220005304,2022-03-05,17:50:00,5,collision with some other object,6,Saturday,198,OTHER ACCIDENTS NOT CLASSIFIABLE ELSEWHERE,2,781563,Not at intersection,3,100,Arterial Other,BACCHUS MARSH,MACEDON RANGES,-37.48772,144.56425,2022,3,March,17,Afternoon Peak,Weekend
T20220004959,2022-03-05,14:55:00,1,Collision with vehicle,6,Saturday,150,HEAD ON(OVERTAKING),1,705926,Not at intersection,3,100,Local Road,BALD HILL,CARDINIA,-38.097527,145.5532,2022,3,March,14,Midday,Weekend
T20220005035,2022-03-05,11:40:00,1,Collision with vehicle,6,Saturday,130,REAR END(VEHICLES IN SAME LANE),1,719498,Not at intersection,2,60,Arterial Highway,RAGLAN,WARRNAMBOOL,-38.38283,142.49014,2022,3,March,11,Midday,Weekend
T20220004935,2022-03-05,11:30:00,1,Collision with vehicle,6,Saturday,130,REAR END(VEHICLES IN SAME LANE),1,706775,Not at intersection,3,60,Arterial Other,ST KILDA,BAYSIDE,-37.90639,144.98793,2022,3,March,11,Midday,Weekend
T20220004958,2022-03-05,15:40:00,1,Collision with vehicle,6,Saturday,140,U TURN,1,706777,Not at intersection,3,60,Arterial Highway,WHITEHORSE,WHITEHORSE,-37.816498,145.11171,2022,3,March,15,Afternoon Peak,Weekend
T20220004957,2022-03-05,12:50:00,1,Collision with vehicle,6,Saturday,137,LEFT TURN SIDESWIPE,1,57411,Cross intersection,3,70,Arterial Highway,ST GEORGES,DAREBIN,-37.76063,144.99275,2022,3,March,12,Midday,Weekend
T20220004952,2022-03-05,14:25:00,1,Collision with vehicle,6,Saturday,130,REAR END(VEHICLES IN SAME LANE),1,706164,Not at intersection,3,80,Arterial Other,PORTARLINGTON,GEELONG,-38.14,144.60556,2022,3,March,14,Midday,Weekend
T20220004946,2022-03-05,12:50:00,4,Collision with a fixed object,6,Saturday,171,LEFT OFF CARRIAGEWAY INTO OBJECT/PARKED VEHICLE,1,707715,Not at intersection,3,100,Arterial Other,STRATFORD-BENGWORDEN,WELLINGTON,-37.961517,147.12277,2022,3,March,12,Midday,Weekend
T20220004945,2022-03-05,10:45:00,4,Collision with a fixed object,6,Saturday,173,RIGHT OFF CARRIAGEWAY INTO OBJECT/PARKED VEHICLE,1,69235,T intersection,2,50,Arterial Other,HAMPTON,BAYSIDE,-37.909847,145.00768,2022,3,March,10,Midday,Weekend
T20220004939,2022-03-05,12:42:00,1,Collision with vehicle,6,Saturday,121,RIGHT THROUGH,1,39498,Cross intersection,3,60,Arterial Highway,SPRINGVALE,WHITEHORSE,-37.813236,145.17683,2022,3,March,12,Midday,Weekend
T20220004932,2022-03-05,11:26:00,1,Collision with vehicle,6,Saturday,134,LANE CHANGE RIGHT (NOT OVERTAKING),1,706020,Not at intersection,3,60,Local Road,PARK,PORT PHILLIP,-37.834953,144.96252,2022,3,March,11,Midday,Weekend
T20220004931,2022-03-05,07:20:00,1,Collision with vehicle,6,Saturday,120,HEAD ON (NOT OVERTAKING),1,718401,Not at intersection,2,100,Arterial Highway,GOULBURN VALLEY,MOIRA,-36.072582,145.43184,2022,3,March,7,Morning Peak,Weekend
T20220004930,2022-03-05,11:00:00,1,Collision with vehicle,6,Saturday,113,RIGHT NEAR (INTERSECTIONS ONLY),1,47916,T intersection,3,60,Arterial Other,BURKE,BOROONDARA,-37.802708,145.06215,2022,3,March,11,Midday,Weekend
T20220004929,2022-03-05,10:05:00,1,Collision with vehicle,6,Saturday,134,LANE CHANGE RIGHT (NOT OVERTAKING),1,711964,Not at intersection,2,100,Freeway,EASTERN,BOROONDARA,-37.784042,145.06961,2022,3,March,10,Midday,Weekend
T20220004927,2022-03-05,09:15:00,4,Collision with a fixed object,6,Saturday,171,LEFT OFF CARRIAGEWAY INTO OBJECT/PARKED VEHICLE,1,731424,Not at intersection,2,100,Local Road,NEROWIE,MOORABOOL,-37.749996,144.45908,2022,3,March,9,Morning Peak,Weekend
T20220004926,2022-03-05,10:35:00,2,Struck Pedestrian,6,Saturday,100,PED NEAR SIDE. PED HIT BY VEHICLE FROM THE RIGHT.,1,241962,Not at intersection,2,60,Arterial Other,SPECIMEN HILL,BENDIGO,-36.76865,144.2498,2022,3,March,10,Midday,Weekend
T20220004925,2022-03-05,10:00:00,4,Collision with a fixed object,6,Saturday,173,RIGHT OFF CARRIAGEWAY INTO OBJECT/PARKED VEHICLE,1,706257,Not at intersection,3,100,Arterial Highway,PRINCES,COLAC OTWAY,-38.344643,143.39012,2022,3,March,10,Midday,Weekend
T20220004923,2022-03-05,08:30:00,1,Collision with vehicle,6,Saturday,134,LANE CHANGE RIGHT (NOT OVERTAKING),1,706019,Not at intersection,3,80,Freeway,WEST GATE,MELBOURNE,-37.82677,144.92986,2022,3,March,8,Morning Peak,Weekend
T20220004919,2022-03-05,08:40:00,1,Collision with vehicle,6,Saturday,121,RIGHT THROUGH,1,756294,Multiple intersection,2,50,Arterial Other,WILLIAMSTOWN,MARIBYRNONG,-37.82494,144.88113,2022,3,March,8,Morning Peak,Weekend
T20220005005,2022-03-06,03:15:00,1,Collision with vehicle,7,Sunday,130,REAR END(VEHICLES IN SAME LANE),6,709580,Not at intersection,3,100,Freeway,PRINCES,HOBSONS BAY,-37.869087,144.7599,2022,3,March,3,Late Night,Weekend
T20220004995,2022-03-06,00:14:00,2,Struck Pedestrian,7,Sunday,102,FAR SIDE. PED HIT BY VEHICLE FROM THE LEFT,3,707171,Not at intersection,2,40,Local Road,COLLINS,MELBOURNE,-37.81739,144.95999,2022,3,March,0,Late Night,Weekend
T20220005055,2022-03-06,17:25:00,1,Collision with vehicle,7,Sunday,132,RIGHT REAR.,1,712354,Cross intersection,3,70,Arterial Other,SYDNEY,HUME,-37.68942,144.95824,2022,3,March,17,Afternoon Peak,Weekend
T20220005048,2022-03-06,16:00:00,1,Collision with vehicle,7,Sunday,121,RIGHT THROUGH,1,260062,Cross intersection,3,50,Arterial Other,HARKER,MELBOURNE,-37.79672,144.95108,2022,3,March,16,Afternoon Peak,Weekend
T20220005051,2022-03-06,14:55:00,1,Collision with vehicle,7,Sunday,119,OTHER ADJACENT (INTERSECTIONS ONLY),1,47561,T intersection,3,50,Local Road,COLUMBIA,CASEY,-38.008236,145.30562,2022,3,March,14,Midday,Weekend
T20220007702,2022-03-06,14:14:00,1,Collision with vehicle,7,Sunday,110,CROSS TRAFFIC(INTERSECTIONS ONLY),1,59464,Cross intersection,3,60,Local Road,IRONSTONE,BENDIGO,-36.696552,144.3227,2022,3,March,14,Midday,Weekend
T20220011713,2022-03-06,19:30:00,4,Collision with a fixed object,7,Sunday,181,OFF RIGHT BEND INTO OBJECT/PARKED VEHICLE,1,713025,Not at intersection,3,60,Arterial Other,WARRAGUL,SOUTH GIPPSLAND,-38.42814,145.82068,2022,3,March,19,Night,Weekend
T20220008911,2022-03-06,18:00:00,3,Struck animal,7,Sunday,167,STRUCK ANIMAL,2,710460,Not at intersection,3,60,Local Road,SAN MATEO,MITCHELL,-37.302452,145.08057,2022,3,March,18,Afternoon Peak,Weekend
T20220005094,2022-03-06,19:00:00,6,Vehicle overturned (no collision),7,Sunday,184,OUT OF CONTROL ON CARRIAGEWAY (ON BEND),1,706120,Not at intersection,2,60,Local Road,QUARRY,FRANKSTON,-38.136463,145.18994,2022,3,March,19,Night,Weekend
T20220005003,2022-03-06,03:50:00,1,Collision with vehicle,7,Sunday,134,LANE CHANGE RIGHT (NOT OVERTAKING),3,781571,Multiple intersection,3,60,Arterial Highway,ST GEORGES,DAREBIN,-37.765266,144.99185,2022,3,March,3,Late Night,Weekend
T20220007004,2022-03-06,13:15:00,6,Vehicle overturned (no collision),7,Sunday,174,OUT OF CONTROL ON CARRIAGEWAY (ON STRAIGHT),1,708150,Not at intersection,3,100,Local Road,HARPER,BENDIGO,-36.70101,144.37074,2022,3,March,13,Midday,Weekend
T20220005097,2022-03-06,23:00:00,4,Collision with a fixed object,7,Sunday,171,LEFT OFF CARRIAGEWAY INTO OBJECT/PARKED VEHICLE,5,222809,Not at intersection,3,100,Local Road,BUCKLAND VALLEY,ALPINE,-36.795067,146.8484,2022,3,March,23,Night,Weekend
T20220008875,2022-03-06,13:15:00,1,Collision with vehicle,7,Sunday,132,RIGHT REAR.,1,719384,Not at intersection,3,60,Arterial Other,UPPER HEIDELBERG,BANYULE,-37.75355,145.05666,2022,3,March,13,Midday,Weekend
T20220005031,2022-03-06,12:10:00,4,Collision with a fixed object,7,Sunday,183,OFF LEFT BEND INTO OBJECT/PARKED VEHICLE,1,711835,Not at intersection,2,60,Arterial Other,GEMBROOK-LAUNCHING PLACE,CARDINIA,-37.912735,145.57416,2022,3,March,12,Midday,Weekend
T20220005032,2022-03-06,13:55:00,1,Collision with vehicle,7,Sunday,120,HEAD ON (NOT OVERTAKING),1,731427,Not at intersection,3,70,Arterial Other,BACCHUS MARSH,GEELONG,-38.058964,144.35843,2022,3,March,13,Midday,Weekend
T20220005034,2022-03-06,08:30:00,4,Collision with a fixed object,7,Sunday,173,RIGHT OFF CARRIAGEWAY INTO OBJECT/PARKED VEHICLE,1,707779,Not at intersection,2,80,Local Road,DALMORE,CARDINIA,-38.182735,145.42165,2022,3,March,8,Morning Peak,Weekend
T20220005068,2022-03-06,20:55:00,1,Collision with vehicle,7,Sunday,121,RIGHT THROUGH,3,354686,Cross intersection,3,80,Arterial Highway,STUD,KNOX,-37.877068,145.23306,2022,3,March,20,Night,Weekend
T20220005074,2022-03-06,21:46:00,1,Collision with vehicle,7,Sunday,130,REAR END(VEHICLES IN SAME LANE),5,709944,Not at intersection,2,100,Freeway,WESTERN,MELTON,-37.751087,144.7242,2022,3,March,21,Night,Weekend
T20220005075,2022-03-06,23:00:00,6,Vehicle overturned (no collision),7,Sunday,172,OFF CARRIAGEWAY TO RIGHT,3,731429,Not at intersection,2,70,Arterial Highway,MELBOURNE,GEELONG,-38.124252,144.3524,2022,3,March,23,Night,Weekend
T20220005038,2022-03-06,10:40:00,4,Collision with a fixed object,7,Sunday,181,OFF RIGHT BEND INTO OBJECT/PARKED VEHICLE,1,784661,Not at intersection,2,60,Local Road,COPELANDS,BAW BAW,-38.16204,145.95891,2022,3,March,10,Midday,Weekend
T20220005039,2022-03-06,00:29:00,1,Collision with vehicle,7,Sunday,169,OTHER ON PATH,3,708895,T intersection,2,50,Local Road,NOBLE,DANDENONG,-37.96843,145.17166,2022,3,March,0,Late Night,Weekend
T20220005078,2022-03-06,22:45:00,4,Collision with a fixed object,7,Sunday,183,OFF LEFT BEND INTO OBJECT/PARKED VEHICLE,3,711489,Not at intersection,2,60,Arterial Other,HIGH,DAREBIN,-37.784,144.99611,2022,3,March,22,Night,Weekend
T20220005025,2022-03-06,13:00:00,1,Collision with vehicle,7,Sunday,148,VEHICLE OFF FOOTPATH STRIKES VEH ON CARRIAGEWAY,1,708648,T intersection,3,60,Local Road,SWALLOW,SHEPPARTON,-36.38652,145.3983,2022,3,March,13,Midday,Weekend
T20220005000,2022-03-06,03:08:00,2,Struck Pedestrian,7,Sunday,101,PED EMERGES FROM IN FRONT OF PARKED OR STATIONARY VEHICLE,3,708861,Not at intersection,2,40,Arterial Other,SPENCER,MELBOURNE,-37.817627,144.95349,2022,3,March,3,Late Night,Weekend
T20220005042,2022-03-06,15:20:00,1,Collision with vehicle,7,Sunday,148,VEHICLE OFF FOOTPATH STRIKES VEH ON CARRIAGEWAY,1,51916,Cross intersection,3,70,Arterial Highway,MIDLAND,BENDIGO,-36.705154,144.31616,2022,3,March,15,Afternoon Peak,Weekend
T20220005030,2022-03-06,13:50:00,1,Collision with vehicle,7,Sunday,130,REAR END(VEHICLES IN SAME LANE),1,706118,Not at intersection,2,80,Arterial Highway,HIGH,BENDIGO,-36.804314,144.24187,2022,3,March,13,Midday,Weekend
T20220005056,2022-03-06,17:45:00,1,Collision with vehicle,7,Sunday,130,REAR END(VEHICLES IN SAME LANE),1,712356,Not at intersection,2,70,Arterial Highway,BULLEEN,MANNINGHAM,-37.774906,145.07892,2022,3,March,17,Afternoon Peak,Weekend
T20220005029,2022-03-06,12:15:00,5,collision with some other object,7,Sunday,166,STRUCK OBJECT ON CARRIAGEWAY,1,706949,Not at intersection,3,100,Local Road,BIG BERTHA,YARRA RANGES,-37.845505,145.75342,2022,3,March,12,Midday,Weekend
T20220005036,2022-03-06,12:26:00,1,Collision with vehicle,7,Sunday,121,RIGHT THROUGH,1,708234,Not at intersection,3,60,Local Road,ROSAMOND,MARIBYRNONG,-37.770405,144.88646,2022,3,March,12,Midday,Weekend
T20220004996,2022-03-06,01:20:00,4,Collision with a fixed object,7,Sunday,173,RIGHT OFF CARRIAGEWAY INTO OBJECT/PARKED VEHICLE,5,710013,Multiple intersection,2,80,Freeway,BANDIANA LINK-HUME OUT,WODONGA,-36.10708,146.90347,2022,3,March,1,Late Night,Weekend
T20220005135,2022-03-06,11:55:00,4,Collision with a fixed object,7,Sunday,171,LEFT OFF CARRIAGEWAY INTO OBJECT/PARKED VEHICLE,1,765947,Not at intersection,2,100,Arterial Other,MAIN NEERIM,BAW BAW,-38.06264,145.93266,2022,3,March,11,Midday,Weekend
T20220005073,2022-03-06,22:00:00,6,Vehicle overturned (no collision),7,Sunday,174,OUT OF CONTROL ON CARRIAGEWAY (ON STRAIGHT),3,708386,Not at intersection,3,80,Arterial Other,PASCOE VALE,HUME,-37.66388,144.92215,2022,3,March,22,Night,Weekend
T20220005076,2022-03-06,22:15:00,4,Collision with a fixed object,7,Sunday,175,OFF END OF ROAD/T-INTERSECTION.,9,61138,T intersection,2,80,Local Road,YANKEE FLAT,BALLARAT,-37.631496,143.91293,2022,3,March,22,Night,Weekend
T20220005008,2022-03-06,05:52:00,4,Collision with a fixed object,7,Sunday,171,LEFT OFF CARRIAGEWAY INTO OBJECT/PARKED VEHICLE,3,709471,Not at intersection,2,80,Arterial Other,BORONIA,KNOX,-37.8505,145.23636,2022,3,March,5,Morning Peak,Weekend
T20220005328,2022-03-06,13:36:00,1,Collision with vehicle,7,Sunday,130,REAR END(VEHICLES IN SAME LANE),1,707414,Not at intersection,3,60,Arterial Other,MONBULK,YARRA RANGES,-37.903233,145.35634,2022,3,March,13,Midday,Weekend
T20220005010,2022-03-06,08:50:00,1,Collision with vehicle,7,Sunday,110,CROSS TRAFFIC(INTERSECTIONS ONLY),1,22401,Cross intersection,3,100,Arterial Highway,STURT,MILDURA,-34.230225,142.09785,2022,3,March,8,Morning Peak,Weekend
T20220007711,2022-03-06,10:00:00,4,Collision with a fixed object,7,Sunday,181,OFF RIGHT BEND INTO OBJECT/PARKED VEHICLE,1,709070,Not at intersection,3,100,Local Road,FISH CREEK-WALKERVILLE,SOUTH GIPPSLAND,-38.811935,146.00345,2022,3,March,10,Midday,Weekend
T20220005014,2022-03-06,10:34:00,2,Struck Pedestrian,7,Sunday,100,PED NEAR SIDE. PED HIT BY VEHICLE FROM THE RIGHT.,1,37975,Cross intersection,3,50,Arterial Other,DAREBIN,DAREBIN,-37.763878,145.00539,2022,3,March,10,Midday,Weekend
T20220005043,2022-03-06,13:55:00,1,Collision with vehicle,7,Sunday,133,LANE SIDE SWIPE (VEHICLES IN PARALLEL LANES),1,708589,Cross intersection,3,80,Arterial Other,BLACKBURN,MONASH,-37.901394,145.14294,2022,3,March,13,Midday,Weekend
T20220005112,2022-03-07,08:22:00,1,Collision with vehicle,1,Monday,149,OTHER MANOEUVRING NOT INCLUDED IN DCAs 140-148,1,706479,T intersection,3,40,Local Road,NAPIER,YARRA,-37.79158,144.9819,2022,3,March,8,Morning Peak,Weekday
T20220005111,2022-03-07,08:07:00,1,Collision with vehicle,1,Monday,135,LANE CHANGE LEFT (NOT OVERTAKING),1,706860,Not at intersection,3,50,Arterial Highway,DIMBOOLA,HORSHAM,-36.71163,142.19867,2022,3,March,8,Morning Peak,Weekday
T20220005104,2022-03-07,08:00:00,1,Collision with vehicle,1,Monday,121,RIGHT THROUGH,1,29389,Cross intersection,2,40,Local Road,SWANSTON,MELBOURNE,-37.79684,144.96461,2022,3,March,8,Morning Peak,Weekday
T20220005101,2022-03-07,11:40:00,1,Collision with vehicle,1,Monday,116,LEFT NEAR (INTERSECTIONS ONLY),1,29599,Cross intersection,3,50,Arterial Other,CARLISLE,GLEN EIRA,-37.869514,144.99944,2022,3,March,11,Midday,Weekday
T20220005099,2022-03-07,07:36:00,1,Collision with vehicle,1,Monday,130,REAR END(VEHICLES IN SAME LANE),1,706122,Not at intersection,2,70,Arterial Other,MICKLEHAM,HUME,-37.686066,144.88278,2022,3,March,7,Morning Peak,Weekday
T20220005098,2022-03-07,09:03:00,1,Collision with vehicle,1,Monday,160,VEHICLE COLLIDES WITH VEHICLE PARKED ON LEFT OF ROAD,1,709171,Not at intersection,3,50,Local Road,HUBERT,MORELAND,-37.702705,144.93297,2022,3,March,9,Morning Peak,Weekday
T20220006475,2022-03-07,06:20:00,1,Collision with vehicle,1,Monday,130,REAR END(VEHICLES IN SAME LANE),3,708387,Not at intersection,3,100,Freeway,HUME,WHITTLESEA,-37.662266,144.98477,2022,3,March,6,Morning Peak,Weekday
T20220005389,2022-03-07,16:43:00,1,Collision with vehicle,1,Monday,121,RIGHT THROUGH,1,38482,Multiple intersection,3,50,Arterial Highway,MAIN,YARRA RANGES,-37.757526,145.35483,2022,3,March,16,Afternoon Peak,Weekday
T20220005121,2022-03-07,08:30:00,2,Struck Pedestrian,1,Monday,100,PED NEAR SIDE. PED HIT BY VEHICLE FROM THE RIGHT.,1,706307,Not at intersection,3,50,Local Road,CONTEMPO,WHITTLESEA,-37.61189,145.0106,2022,3,March,8,Morning Peak,Weekday
T20220005138,2022-03-07,14:30:00,1,Collision with vehicle,1,Monday,130,REAR END(VEHICLES IN SAME LANE),1,706124,Not at intersection,3,80,Freeway,WEST GATE,HOBSONS BAY,-37.825714,144.82733,2022,3,March,14,Midday,Weekday
T20220005438,2022-03-07,17:30:00,2,Struck Pedestrian,1,Monday,105,PED WALKING AGAINST TRAFFIC.,1,708734,Not at intersection,3,50,Arterial Other,WELLINGTON,MELBOURNE,-37.816265,144.98416,2022,3,March,17,Afternoon Peak,Weekday
T20220005235,2022-03-07,12:30:00,8,No collision and no object struck,1,Monday,174,OUT OF CONTROL ON CARRIAGEWAY (ON STRAIGHT),1,706310,Not at intersection,3,100,Local Road,WOOLWASH,GLENELG,-38.200672,141.68037,2022,3,March,12,Midday,Weekday
T20220005096,2022-03-07,09:28:00,1,Collision with vehicle,1,Monday,130,REAR END(VEHICLES IN SAME LANE),1,706121,Not at intersection,2,80,Arterial Highway,DANDENONG-HASTINGS,DANDENONG,-38.057507,145.24321,2022,3,March,9,Morning Peak,Weekday
T20220005214,2022-03-07,18:00:00,1,Collision with vehicle,1,Monday,130,REAR END(VEHICLES IN SAME LANE),1,711771,Multiple intersection,3,60,Arterial Other,CHRISTIES ROAD -WESTERN,MELTON,-37.756397,144.73967,2022,3,March,18,Afternoon Peak,Weekday
T20220007283,2022-03-07,22:28:00,4,Collision with a fixed object,1,Monday,171,LEFT OFF CARRIAGEWAY INTO OBJECT/PARKED VEHICLE,3,708651,Not at intersection,3,50,Local Road,GEORGE,KNOX,-37.8827,145.28854,2022,3,March,22,Night,Weekday
T20220005307,2022-03-07,09:45:00,1,Collision with vehicle,1,Monday,113,RIGHT NEAR (INTERSECTIONS ONLY),1,40889,T intersection,3,80,Arterial Other,WANTIRNA,KNOX,-37.848907,145.22714,2022,3,March,9,Morning Peak,Weekday