ACCIDENT_NO,ACCIDENT_DATE,ACCIDENT_TIME,ACCIDENT_TYPE,ACCIDENT_TYPE_DESC,DAY_OF_WEEK,DAY_WEEK_DESC,DCA_CODE,DCA_DESC,LIGHT_CONDITION,NODE_ID,ROAD_GEOMETRY_DESC,SEVERITY,SPEED_ZONE,RMA,ROAD_NAME,LGA_NAME,LATITUDE,LONGITUDE,YEAR,MONTH,MONTH_NAME,HOUR,TIME_PERIOD,DAY_TYPE
T20220005254,2022-03-07,17:09:00,1,Collision with vehicle,1,Monday,130,REAR END(VEHICLES IN SAME LANE),1,731432,Not at intersection,2,80,Arterial Highway,PRINCES,DANDENONG,-38.00205,145.23798,2022,3,March,17,Afternoon Peak,Weekday
T20220005149,2022-03-07,17:40:00,4,Collision with a fixed object,1,Monday,171,LEFT OFF CARRIAGEWAY INTO OBJECT/PARKED VEHICLE,1,706779,Not at intersection,3,100,Local Road,ELMORE-BARNADOWN,BENDIGO,-36.61969,144.54466,2022,3,March,17,Afternoon Peak,Weekday
T20220005080,2022-03-07,01:55:00,1,Collision with vehicle,1,Monday,120,HEAD ON (NOT OVERTAKING),5,708331,Not at intersection,2,80,Local Road,AVIATION,WYNDHAM,-37.92584,144.7177,2022,3,March,1,Late Night,Weekday
T20220005082,2022-03-07,03:50:00,1,Collision with vehicle,1,Monday,120,HEAD ON (NOT OVERTAKING),5,714443,Not at intersection,2,100,Arterial Highway,MURRAY VALLEY,CAMPASPE,-36.199066,144.9904,2022,3,March,3,Late Night,Weekday
T20220005085,2022-03-07,05:00:00,4,Collision with a fixed object,1,Monday,171,LEFT OFF CARRIAGEWAY INTO OBJECT/PARKED VEHICLE,5,747474,Not at intersection,1,100,Local Road,BOUNDARY,MOIRA,-36.19925,145.39586,2022,3,March,5,Morning Peak,Weekday
T20220005089,2022-03-07,06:15:00,1,Collision with vehicle,1,Monday,116,LEFT NEAR (INTERSECTIONS ONLY),5,756293,T intersection,2,100,Local Road,MANKS,CASEY,-38.16938,145.3735,2022,3,March,6,Morning Peak,Weekday
T20220005093,2022-03-07,08:13:00,1,Collision with vehicle,1,Monday,148,VEHICLE OFF FOOTPATH STRIKES VEH ON CARRIAGEWAY,1,323062,T intersection,3,60,Freeway,POLICE,DANDENONG,-37.93875,145.20619,2022,3,March,8,Morning Peak,Weekday
T20220006839,2022-03-07,12:30:00,1,Collision with vehicle,1,Monday,130,REAR END(VEHICLES IN SAME LANE),1,710737,Not at intersection,3,60,Arterial Highway,RACECOURSE,MELBOURNE,-37.789288,144.94107,2022,3,March,12,Midday,Weekday
T20220005185,2022-03-07,22:17:00,6,Vehicle overturned (no collision),1,Monday,172,OFF CARRIAGEWAY TO RIGHT,5,711241,Not at intersection,2,100,Local Road,KINGS,INDIGO,-36.083153,146.3978,2022,3,March,22,Night,Weekday
T20220005145,2022-03-07,15:25:00,1,Collision with vehicle,1,Monday,134,LANE CHANGE RIGHT (NOT OVERTAKING),1,781581,T intersection,3,100,Freeway,PRINCES,GEELONG,-38.028244,144.4352,2022,3,March,15,Afternoon Peak,Weekday
T20220005164,2022-03-07,21:40:00,1,Collision with vehicle,1,Monday,121,RIGHT THROUGH,3,38869,Cross intersection,3,60,Arterial Other,CHURCH,BOROONDARA,-37.813133,145.02351,2022,3,March,21,Night,Weekday
T20220005163,2022-03-07,18:50:00,1,Collision with vehicle,1,Monday,113,RIGHT NEAR (INTERSECTIONS ONLY),2,243213,T intersection,2,80,Arterial Highway,MOOROODUC,MORNINGTON PENINSULA,-38.195736,145.1338,2022,3,March,18,Afternoon Peak,Weekday
T20220005151,2022-03-07,15:29:00,2,Struck Pedestrian,1,Monday,101,PED EMERGES FROM IN FRONT OF PARKED OR STATIONARY VEHICLE,1,144527,Not at intersection,3,50,Arterial Other,MONTAGUE,PORT PHILLIP,-37.83166,144.95103,2022,3,March,15,Afternoon Peak,Weekday
T20220005161,2022-03-07,17:36:00,1,Collision with vehicle,1,Monday,130,REAR END(VEHICLES IN SAME LANE),1,39191,T intersection,3,60,Arterial Other,DONCASTER,BOROONDARA,-37.792027,145.0931,2022,3,March,17,Afternoon Peak,Weekday
T20220005158,2022-03-07,17:17:00,1,Collision with vehicle,1,Monday,140,U TURN,1,119,Cross intersection,3,60,Arterial Other,TOORAK,MELBOURNE,-37.83622,144.97554,2022,3,March,17,Afternoon Peak,Weekday
T20220005157,2022-03-07,18:20:00,2,Struck Pedestrian,1,Monday,100,PED NEAR SIDE. PED HIT BY VEHICLE FROM THE RIGHT.,1,35546,Cross intersection,3,70,Arterial Highway,DANDENONG,STONNINGTON,-37.88389,145.05807,2022,3,March,18,Afternoon Peak,Weekday
T20220005191,2022-03-07,13:12:00,1,Collision with vehicle,1,Monday,139,OTHER SAME DIRECTION-MANOUEVRES NOT INCLUDED IN DCAs 130-137,1,65367,T intersection,3,40,Local Road,VERE,YARRA,-37.801952,144.98686,2022,3,March,13,Midday,Weekday
T20220005129,2022-03-07,12:20:00,1,Collision with vehicle,1,Monday,113,RIGHT NEAR (INTERSECTIONS ONLY),1,706308,T intersection,3,40,Arterial Other,DONNYBROOK,WHITTLESEA,-37.544094,144.98354,2022,3,March,12,Midday,Weekday
T20220005083,2022-03-07,03:45:00,1,Collision with vehicle,1,Monday,130,REAR END(VEHICLES IN SAME LANE),3,35331,Cross intersection,2,80,Arterial Highway,GREENSBOROUGH,BANYULE,-37.70317,145.08983,2022,3,March,3,Late Night,Weekday
T20220006920,2022-03-07,07:50:00,1,Collision with vehicle,1,Monday,113,RIGHT NEAR (INTERSECTIONS ONLY),1,277250,Cross intersection,3,80,Arterial Other,THOMPSON,DANDENONG,-38.069965,145.17848,2022,3,March,7,Morning Peak,Weekday
T20220009846,2022-03-07,19:30:00,1,Collision with vehicle,1,Monday,139,OTHER SAME DIRECTION-MANOUEVRES NOT INCLUDED IN DCAs 130-137,1,711204,Not at intersection,3,80,Arterial Highway,DANDENONG,GLEN EIRA,-37.88476,145.06607,2022,3,March,19,Night,Weekday
T20220005116,2022-03-07,08:30:00,1,Collision with vehicle,1,Monday,130,REAR END(VEHICLES IN SAME LANE),1,712423,Not at intersection,2,100,Local Road,LANDSBOROUGH,NORTHERN GRAMPIANS,-37.053654,142.87036,2022,3,March,8,Morning Peak,Weekday
T20220006079,2022-03-07,17:05:00,1,Collision with vehicle,1,Monday,130,REAR END(VEHICLES IN SAME LANE),1,707361,Not at intersection,3,40,Arterial Other,POINT COOK,HOBSONS BAY,-37.87902,144.7575,2022,3,March,17,Afternoon Peak,Weekday
T20220005146,2022-03-07,18:00:00,1,Collision with vehicle,1,Monday,112,LEFT FAR (INTERSECTIONS ONLY),1,38812,T intersection,2,40,Arterial Other,HOPKINS,MARIBYRNONG,-37.800854,144.90924,2022,3,March,18,Afternoon Peak,Weekday
T20220005303,2022-03-07,21:00:00,1,Collision with vehicle,1,Monday,130,REAR END(VEHICLES IN SAME LANE),6,317897,Not at intersection,3,80,Freeway,MONASH,MONASH,-37.931797,145.18776,2022,3,March,21,Night,Weekday
T20220005563,2022-03-08,17:15:00,1,Collision with vehicle,2,Tuesday,130,REAR END(VEHICLES IN SAME LANE),3,706857,Not at intersection,2,50,Local Road,CHURCH,YARRA,-37.8093,145.00085,2022,3,March,17,Afternoon Peak,Weekday
T20220005205,2022-03-08,12:12:00,1,Collision with vehicle,2,Tuesday,137,LEFT TURN SIDESWIPE,1,37749,Cross intersection,3,60,Arterial Other,WILLIAMS,STONNINGTON,-37.847137,145.00339,2022,3,March,12,Midday,Weekday
T20220005861,2022-03-08,16:39:00,1,Collision with vehicle,2,Tuesday,111,RIGHT FAR (INTERSECTIONS ONLY),9,707309,T intersection,3,60,Local Road,VICTORIA,HOBSONS BAY,-37.87777,144.78586,2022,3,March,16,Afternoon Peak,Weekday
T20220005525,2022-03-08,08:00:00,1,Collision with vehicle,2,Tuesday,133,LANE SIDE SWIPE (VEHICLES IN PARALLEL LANES),1,707582,Not at intersection,3,40,Arterial Other,BRIDGE,YARRA,-37.820187,145.01477,2022,3,March,8,Morning Peak,Weekday
T20220005263,2022-03-08,19:47:00,1,Collision with vehicle,2,Tuesday,121,RIGHT THROUGH,2,718438,Cross intersection,2,60,Local Road,KAREN,KINGSTON,-37.95744,145.05196,2022,3,March,19,Night,Weekday
T20220005208,2022-03-08,06:00:00,6,Vehicle overturned (no collision),2,Tuesday,174,OUT OF CONTROL ON CARRIAGEWAY (ON STRAIGHT),2,731431,Not at intersection,2,100,Arterial Other,PATCHEWOLLOCK-SEA LAKE,YARRIAMBIACK,-35.401913,142.35617,2022,3,March,6,Morning Peak,Weekday
T20220005210,2022-03-08,12:25:00,1,Collision with vehicle,2,Tuesday,121,RIGHT THROUGH,1,714256,Cross intersection,3,50,Local Road,HIGH,SWAN HILL,-35.34364,143.55632,2022,3,March,12,Midday,Weekday
T20220005253,2022-03-08,18:35:00,1,Collision with vehicle,2,Tuesday,113,RIGHT NEAR (INTERSECTIONS ONLY),1,36363,T intersection,2,80,Arterial Other,KELLETTS,KNOX,-37.91341,145.26021,2022,3,March,18,Afternoon Peak,Weekday
T20220005226,2022-03-08,14:18:00,1,Collision with vehicle,2,Tuesday,116,LEFT NEAR (INTERSECTIONS ONLY),1,51350,Cross intersection,3,40,Local Road,MCCRAE,SWAN HILL,-35.341305,143.55724,2022,3,March,14,Midday,Weekday
T20220005265,2022-03-08,21:30:00,1,Collision with vehicle,2,Tuesday,121,RIGHT THROUGH,3,36408,Cross intersection,3,60,Arterial Other,VICTORIA,MELBOURNE,-37.808113,144.97316,2022,3,March,21,Night,Weekday
T20220005262,2022-03-08,14:07:00,4,Collision with a fixed object,2,Tuesday,173,RIGHT OFF CARRIAGEWAY INTO OBJECT/PARKED VEHICLE,1,776681,Not at intersection,2,100,Arterial Highway,PRINCES,GLENELG,-38.237602,141.62956,2022,3,March,14,Midday,Weekday
T20220005227,2022-03-08,12:15:00,1,Collision with vehicle,2,Tuesday,130,REAR END(VEHICLES IN SAME LANE),1,713076,Not at intersection,2,70,Arterial Highway,MELBOURNE,GEELONG,-38.123043,144.35283,2022,3,March,12,Midday,Weekday
T20220005251,2022-03-08,14:55:00,4,Collision with a fixed object,2,Tuesday,173,RIGHT OFF CARRIAGEWAY INTO OBJECT/PARKED VEHICLE,1,45935,T intersection,3,40,Local Road,BULMANS,MELTON,-37.680977,144.5504,2022,3,March,14,Midday,Weekday
T20220005230,2022-03-08,14:40:00,2,Struck Pedestrian,2,Tuesday,104,PED WALKING WITH TRAFFIC,1,712358,Not at intersection,3,60,Arterial Other,MONTAGUE,PORT PHILLIP,-37.831856,144.95123,2022,3,March,14,Midday,Weekday
T20220005258,2022-03-08,19:54:00,1,Collision with vehicle,2,Tuesday,130,REAR END(VEHICLES IN SAME LANE),1,774188,Not at intersection,3,60,Arterial Highway,MONTAGUE,MELBOURNE,-37.824947,144.94835,2022,3,March,19,Night,Weekday
T20220005196,2022-03-08,08:52:00,1,Collision with vehicle,2,Tuesday,135,LANE CHANGE LEFT (NOT OVERTAKING),1,706557,Not at intersection,3,80,Freeway,SOUTH GIPPSLAND OUT-PRINCES,CASEY,-38.003296,145.25272,2022,3,March,8,Morning Peak,Weekday
T20220005194,2022-03-08,06:55:00,1,Collision with vehicle,2,Tuesday,130,REAR END(VEHICLES IN SAME LANE),1,706309,Not at intersection,3,80,Freeway,METROPOLITAN RING,WHITTLESEA,-37.68789,144.99861,2022,3,March,6,Morning Peak,Weekday
T20220005239,2022-03-08,16:20:00,1,Collision with vehicle,2,Tuesday,160,VEHICLE COLLIDES WITH VEHICLE PARKED ON LEFT OF ROAD,1,708739,Not at intersection,2,60,Arterial Other,HEIDELBERG-WARRANDYTE,MANNINGHAM,-37.7473,145.20822,2022,3,March,16,Afternoon Peak,Weekday
T20220005244,2022-03-08,12:30:00,4,Collision with a fixed object,2,Tuesday,173,RIGHT OFF CARRIAGEWAY INTO OBJECT/PARKED VEHICLE,1,713920,Cross intersection,2,80,Arterial Other,NAPOLEON,KNOX,-37.90049,145.29457,2022,3,March,12,Midday,Weekday
T20220005445,2022-03-08,17:10:00,1,Collision with vehicle,2,Tuesday,130,REAR END(VEHICLES IN SAME LANE),1,706561,Not at intersection,3,80,Freeway,MONASH,MONASH,-37.917168,145.17058,2022,3,March,17,Afternoon Peak,Weekday
T20220005335,2022-03-08,20:40:00,1,Collision with vehicle,2,Tuesday,130,REAR END(VEHICLES IN SAME LANE),2,781026,Not at intersection,3,60,Arterial Highway,GOULBURN VALLEY,MOIRA,-36.144367,145.43187,2022,3,March,20,Night,Weekday
T20220005268,2022-03-08,23:21:00,4,Collision with a fixed object,2,Tuesday,173,RIGHT OFF CARRIAGEWAY INTO OBJECT/PARKED VEHICLE,3,710071,Not at intersection,3,60,Arterial Other,STATION,WHITEHORSE,-37.841686,145.12154,2022,3,March,23,Night,Weekday
T20220005257,2022-03-08,18:13:00,1,Collision with vehicle,2,Tuesday,113,RIGHT NEAR (INTERSECTIONS ONLY),1,354128,Multiple intersection,3,60,Freeway,FRANKSTON OUT-SEAFORD,FRANKSTON,-38.10884,145.13985,2022,3,March,18,Afternoon Peak,Weekday
T20220005177,2022-03-08,05:01:00,1,Collision with vehicle,2,Tuesday,120,HEAD ON (NOT OVERTAKING),3,757475,Not at intersection,3,80,Arterial Other,LEARMONTH,BALLARAT,-37.510696,143.80475,2022,3,March,5,Morning Peak,Weekday
T20220007888,2022-03-08,08:30:00,1,Collision with vehicle,2,Tuesday,133,LANE SIDE SWIPE (VEHICLES IN PARALLEL LANES),1,731459,Not at intersection,3,60,Freeway,WEST GATE,HOBSONS BAY,-37.82685,144.89362,2022,3,March,8,Morning Peak,Weekday
T20220006408,2022-03-08,16:30:00,1,Collision with vehicle,2,Tuesday,143,ENTERING PARKING,1,784713,Not at intersection,2,60,Local Road,ELGIN,MELBOURNE,-37.797928,144.97464,2022,3,March,16,Afternoon Peak,Weekday
T20220005264,2022-03-08,20:59:00,1,Collision with vehicle,2,Tuesday,130,REAR END(VEHICLES IN SAME LANE),3,96632,Not at intersection,3,80,Arterial Highway,WELLINGTON,MONASH,-37.915386,145.13226,2022,3,March,20,Night,Weekday
T20220005201,2022-03-08,10:30:00,1,Collision with vehicle,2,Tuesday,113,RIGHT NEAR (INTERSECTIONS ONLY),1,595601,T intersection,2,80,Local Road,PATTERSONS,CASEY,-38.119232,145.33122,2022,3,March,10,Midday,Weekday
T20220005352,2022-03-09,19:33:00,4,Collision with a fixed object,3,Wednesday,171,LEFT OFF CARRIAGEWAY INTO OBJECT/PARKED VEHICLE,1,715352,Y intersection,2,60,Arterial Other,MOUNT DANDENONG TOURIST,YARRA RANGES,-37.88386,145.33836,2022,3,March,19,Night,Weekday
T20220006585,2022-03-09,11:00:00,1,Collision with vehicle,3,Wednesday,120,HEAD ON (NOT OVERTAKING),1,780088,Not at intersection,3,60,Local Road,BOURKES CREEK,CARDINIA,-37.99306,145.49394,2022,3,March,11,Midday,Weekday
T20220005287,2022-03-09,09:45:00,3,Struck animal,3,Wednesday,167,STRUCK ANIMAL,1,706395,Not at intersection,3,60,Local Road,WALLIS,BALLARAT,-37.57856,143.82014,2022,3,March,9,Morning Peak,Weekday
T20220005285,2022-03-09,09:00:00,1,Collision with vehicle,3,Wednesday,116,LEFT NEAR (INTERSECTIONS ONLY),1,45694,T intersection,2,100,Arterial Other,NEPEAN HIGHWAY -WHITE HILL,MORNINGTON PENINSULA,-38.33133,145.00847,2022,3,March,9,Morning Peak,Weekday
T20220005339,2022-03-09,15:00:00,1,Collision with vehicle,3,Wednesday,130,REAR END(VEHICLES IN SAME LANE),1,778649,Not at intersection,3,70,Arterial Highway,TORQUAY,GEELONG,-38.21071,144.33961,2022,3,March,15,Afternoon Peak,Weekday
T20220005337,2022-03-09,14:30:00,1,Collision with vehicle,3,Wednesday,130,REAR END(VEHICLES IN SAME LANE),1,773593,T intersection,3,60,Arterial Highway,PRINCES,BAW BAW,-38.20728,146.15764,2022,3,March,14,Midday,Weekday
T20220006007,2022-03-09,16:50:00,1,Collision with vehicle,3,Wednesday,121,RIGHT THROUGH,1,34021,T intersection,3,80,Arterial Highway,BURWOOD,KNOX,-37.870857,145.24144,2022,3,March,16,Afternoon Peak,Weekday
T20220005343,2022-03-09,16:00:00,1,Collision with vehicle,3,Wednesday,130,REAR END(VEHICLES IN SAME LANE),1,57687,Y intersection,2,80,Arterial Highway,ANGLESEA,SURF COAST,-38.338905,144.26262,2022,3,March,16,Afternoon Peak,Weekday
T20220005856,2022-03-09,12:30:00,6,Vehicle overturned (no collision),3,Wednesday,174,OUT OF CONTROL ON CARRIAGEWAY (ON STRAIGHT),1,707223,Not at intersection,3,100,Local Road,WYATT,INDIGO,-36.293194,146.78723,2022,3,March,12,Midday,Weekday
T20220005345,2022-03-09,11:11:00,1,Collision with vehicle,3,Wednesday,130,REAR END(VEHICLES IN SAME LANE),1,778650,Not at intersection,3,60,Arterial Other,CHANDLER,BOROONDARA,-37.79114,145.02832,2022,3,March,11,Midday,Weekday
T20220005340,2022-03-09,17:25:00,1,Collision with vehicle,3,Wednesday,121,RIGHT THROUGH,1,52315,Cross intersection,3,50,Arterial Highway,LEONGATHA,SOUTH GIPPSLAND,-38.437057,145.82745,2022,3,March,17,Afternoon Peak,Weekday
T20220005348,2022-03-09,19:00:00,1,Collision with vehicle,3,Wednesday,130,REAR END(VEHICLES IN SAME LANE),1,731433,Not at intersection,3,60,Local Road,OHERNS,WHITTLESEA,-37.63574,145.00757,2022,3,March,19,Night,Weekday
T20220005350,2022-03-09,15:30:00,1,Collision with vehicle,3,Wednesday,120,HEAD ON (NOT OVERTAKING),1,54858,T intersection,2,100,Local Road,RODDA SPUR,TOWONG,-36.645027,147.29599,2022,3,March,15,Afternoon Peak,Weekday
T20220012475,2022-03-09,17:30:00,4,Collision with a fixed object,3,Wednesday,171,LEFT OFF CARRIAGEWAY INTO OBJECT/PARKED VEHICLE,1,713910,Not at intersection,3,50,Local Road,GREENHILLS,MOORABOOL,-37.52652,144.27469,2022,3,March,17,Afternoon Peak,Weekday
T20220005855,2022-03-09,20:00:00,4,Collision with a fixed object,3,Wednesday,171,LEFT OFF CARRIAGEWAY INTO OBJECT/PARKED VEHICLE,9,49561,Cross intersection,3,50,Arterial Other,GISBORNE,MOORABOOL,-37.673965,144.43639,2022,3,March,20,Night,Weekday
T20220005333,2022-03-09,15:28:00,2,Struck Pedestrian,3,Wednesday,102,FAR SIDE. PED HIT BY VEHICLE FROM THE LEFT,1,708132,Not at intersection,3,50,Local Road,MARKET,HOBSONS BAY,-37.84821,144.87566,2022,3,March,15,Afternoon Peak,Weekday
T20220005852,2022-03-09,15:00:00,6,Vehicle overturned (no collision),3,Wednesday,180,OFF CARRIAGEWAY ON RIGHT BEND,1,711429,Not at intersection,3,40,Arterial Other,MANSFIELD-WHITFIELD,MANSFIELD,-36.92275,146.24734,2022,3,March,15,Afternoon Peak,Weekday
T20220005830,2022-03-09,20:00:00,1,Collision with vehicle,3,Wednesday,147,VEHICLE STRIKES ANOTHER VEH WHILE EMERGING FROM DRIVEWAY,2,706861,Not at intersection,3,50,Local Road,CARRIER,BENALLA,-36.54836,145.98483,2022,3,March,20,Night,Weekday
T20220007535,2022-03-09,06:45:00,3,Struck animal,3,Wednesday,167,STRUCK ANIMAL,5,786924,Not at intersection,3,100,Arterial Other,BENDIGO-PYRAMID,BENDIGO,-36.66303,144.21555,2022,3,March,6,Morning Peak,Weekday
T20220007036,2022-03-09,05:50:00,1,Collision with vehicle,3,Wednesday,130,REAR END(VEHICLES IN SAME LANE),2,38784,T intersection,3,60,Arterial Highway,FRANCIS STREET -WHITEHALL,HOBSONS BAY,-37.82208,144.89838,2022,3,March,5,Morning Peak,Weekday
T20220005298,2022-03-09,09:35:00,1,Collision with vehicle,3,Wednesday,134,LANE CHANGE RIGHT (NOT OVERTAKING),1,706313,Not at intersection,2,60,Arterial Other,VICTORIA,MELBOURNE,-37.80642,144.96066,2022,3,March,9,Morning Peak,Weekday
T20220005318,2022-03-09,12:30:00,4,Collision with a fixed object,3,Wednesday,171,LEFT OFF CARRIAGEWAY INTO OBJECT/PARKED VEHICLE,1,709373,Not at intersection,3,60,Arterial Other,BULLA,HUME,-37.640564,144.81407,2022,3,March,12,Midday,Weekday
T20220005299,2022-03-09,12:05:00,1,Collision with vehicle,3,Wednesday,121,RIGHT THROUGH,1,286900,Cross intersection,3,60,Arterial Other,CAMMS,CASEY,-38.100475,145.29233,2022,3,March,12,Midday,Weekday
T20220007125,2022-03-09,10:00:00,1,Collision with vehicle,3,Wednesday,130,REAR END(VEHICLES IN SAME LANE),1,708248,Not at intersection,3,80,Freeway,MONASH,MONASH,-37.916042,145.16899,2022,3,March,10,Midday,Weekday
T20220005282,2022-03-09,07:36:00,1,Collision with vehicle,3,Wednesday,116,LEFT NEAR (INTERSECTIONS ONLY),1,56869,Cross intersection,3,80,Local Road,DHURRINGILE,SHEPPARTON,-36.42546,145.24098,2022,3,March,7,Morning Peak,Weekday
T20220005413,2022-03-09,17:45:00,1,Collision with vehicle,3,Wednesday,121,RIGHT THROUGH,1,39784,T intersection,3,80,Arterial Other,DORSET,MAROONDAH,-37.822372,145.28773,2022,3,March,17,Afternoon Peak,Weekday
T20220005401,2022-03-09,18:45:00,5,collision with some other object,3,Wednesday,191,LOAD OR MISSILE STRUCK VEHICLE,1,706481,Not at intersection,3,100,Freeway,TULLAMARINE OUT-MICKLEHAM,HUME,-37.69421,144.88503,2022,3,March,18,Afternoon Peak,Weekday
T20220005308,2022-03-09,11:39:00,1,Collision with vehicle,3,Wednesday,160,VEHICLE COLLIDES WITH VEHICLE PARKED ON LEFT OF ROAD,1,706722,Not at intersection,3,50,Local Road,EARLSFIELD,BAYSIDE,-37.931957,145.01709,2022,3,March,11,Midday,Weekday
T20220005330,2022-03-09,15:55:00,1,Collision with vehicle,3,Wednesday,148,VEHICLE OFF FOOTPATH STRIKES VEH ON CARRIAGEWAY,1,706315,Not at intersection,3,50,Local Road,DALMOR,GLEN EIRA,-37.903503,145.03787,2022,3,March,15,Afternoon Peak,Weekday
T20220006067,2022-03-09,19:43:00,8,No collision and no object struck,3,Wednesday,172,OFF CARRIAGEWAY TO RIGHT,3,710219,Not at intersection,3,50,Local Road,ALMA,PORT PHILLIP,-37.86317,145.00513,2022,3,March,19,Night,Weekday
T20220005402,2022-03-09,17:08:00,1,Collision with vehicle,3,Wednesday,137,LEFT TURN SIDESWIPE,9,47518,T intersection,2,50,Local Road,ARGYLE,PORT PHILLIP,-37.863335,144.99127,2022,3,March,17,Afternoon Peak,Weekday
T20220005322,2022-03-09,14:30:00,4,Collision with a fixed object,3,Wednesday,173,RIGHT OFF CARRIAGEWAY INTO OBJECT/PARKED VEHICLE,1,706782,Not at intersection,3,100,Freeway,TULLAMARINE,HUME,-37.680477,144.86972,2022,3,March,14,Midday,Weekday
T20220005325,2022-03-09,08:55:00,4,Collision with a fixed object,3,Wednesday,183,OFF LEFT BEND INTO OBJECT/PARKED VEHICLE,1,709036,Not at intersection,3,80,Arterial Highway,PYRENEES,MOUNT ALEXANDER,-37.10372,144.29956,2022,3,March,8,Morning Peak,Weekday
T20220005323,2022-03-09,14:25:00,6,Vehicle overturned (no collision),3,Wednesday,172,OFF CARRIAGEWAY TO RIGHT,1,708513,Not at intersection,2,100,Arterial Other,CRESWICK,HEPBURN,-37.31473,143.80688,2022,3,March,14,Midday,Weekday
T20220005358,2022-03-09,20:45:00,4,Collision with a fixed object,3,Wednesday,183,OFF LEFT BEND INTO OBJECT/PARKED VEHICLE,3,708652,Not at intersection,2,80,Arterial Other,PARWAN,MOORABOOL,-37.68933,144.43835,2022,3,March,20,Night,Weekday
T20220005360,2022-03-09,17:30:00,1,Collision with vehicle,3,Wednesday,135,LANE CHANGE LEFT (NOT OVERTAKING),1,707464,Not at intersection,3,80,Arterial Highway,SPRINGVALE,WHITEHORSE,-37.823982,145.17493,2022,3,March,17,Afternoon Peak,Weekday
T20220005361,2022-03-09,21:05:00,1,Collision with vehicle,3,Wednesday,121,RIGHT THROUGH,3,39448,Cross intersection,3,60,Arterial Other,SURREY,WHITEHORSE,-37.811035,145.1577,2022,3,March,21,Night,Weekday
T20220005363,2022-03-09,15:58:00,4,Collision with a fixed object,3,Wednesday,183,OFF LEFT BEND INTO OBJECT/PARKED VEHICLE,1,706951,Not at intersection,2,60,Arterial Other,MOUNT DANDENONG TOURIST,YARRA RANGES,-37.810932,145.36754,2022,3,March,15,Afternoon Peak,Weekday
T20220005366,2022-03-09,22:50:00,1,Collision with vehicle,3,Wednesday,121,RIGHT THROUGH,3,36813,Cross intersection,2,60,Arterial Other,NORMANBY,PORT PHILLIP,-37.828957,144.94844,2022,3,March,22,Night,Weekday
T20220005367,2022-03-09,19:55:00,1,Collision with vehicle,3,Wednesday,110,CROSS TRAFFIC(INTERSECTIONS ONLY),2,706262,Cross intersection,1,100,Arterial Other,BENDIGO-MARYBOROUGH,BENDIGO,-36.80863,144.15126,2022,3,March,19,Night,Weekday
T20220005370,2022-03-09,22:20:00,4,Collision with a fixed object,3,Wednesday,164,PERMANENT OBSTRUCTION ON CARRIAGEWAY,3,731434,Not at intersection,3,60,Local Road,DUBLIN,MAROONDAH,-37.812527,145.24754,2022,3,March,22,Night,Weekday
T20220005691,2022-03-09,15:30:00,1,Collision with vehicle,3,Wednesday,130,REAR END(VEHICLES IN SAME LANE),1,707416,Not at intersection,3,70,Arterial Highway,SURFCOAST,GEELONG,-38.22417,144.33708,2022,3,March,15,Afternoon Peak,Weekday
T20220006337,2022-03-09,18:15:00,1,Collision with vehicle,3,Wednesday,130,REAR END(VEHICLES IN SAME LANE),2,311334,Not at intersection,3,80,Arterial Other,THOMPSONS,DANDENONG,-38.07743,145.23735,2022,3,March,18,Afternoon Peak,Weekday
T20220005270,2022-03-09,01:05:00,2,Struck Pedestrian,3,Wednesday,102,FAR SIDE. PED HIT BY VEHICLE FROM THE LEFT,3,863,Cross intersection,2,60,Arterial Highway,BELL,MORELAND,-37.741314,144.9666,2022,3,March,1,Late Night,Weekday
T20220005492,2022-03-09,19:50:00,1,Collision with vehicle,3,Wednesday,147,VEHICLE STRIKES ANOTHER VEH WHILE EMERGING FROM DRIVEWAY,2,709553,Not at intersection,3,50,Local Road,CARRIER,BENALLA,-36.55015,145.98546,2022,3,March,19,Night,Weekday
T20220005371,2022-03-09,23:49:00,1,Collision with vehicle,3,Wednesday,130,REAR END(VEHICLES IN SAME LANE),3,731435,Not at intersection,3,80,Freeway,WEST GATE,MELBOURNE,-37.831333,144.90111,2022,3,March,23,Night,Weekday
T20220005378,2022-03-09,21:00:00,1,Collision with vehicle,3,Wednesday,147,VEHICLE STRIKES ANOTHER VEH WHILE EMERGING FROM DRIVEWAY,5,707415,Not at intersection,3,60,Local Road,JUMPING CREEK,MANNINGHAM,-37.735638,145.27936,2022,3,March,21,Night,Weekday
T20220005295,2022-03-09,10:30:00,1,Collision with vehicle,3,Wednesday,136,RIGHT TURN SIDESWIPE,1,708441,Not at intersection,2,80,Arterial Highway,MURRAY VALLEY,SWAN HILL,-35.320724,143.54996,2022,3,March,10,Midday,Weekday
T20220009002,2022-03-09,08:00:00,1,Collision with vehicle,3,Wednesday,121,RIGHT THROUGH,1,314157,T intersection,3,80,Arterial Highway,WELLINGTON,MONASH,-37.921635,145.18253,2022,3,March,8,Morning Peak,Weekday
T20220005388,2022-03-09,11:48:00,1,Collision with vehicle,3,Wednesday,147,VEHICLE STRIKES ANOTHER VEH WHILE EMERGING FROM DRIVEWAY,1,715810,Not at intersection,3,50,Local Road,MANTON,BANYULE,-37.747906,145.06746,2022,3,March,11,Midday,Weekday
T20220005422,2022-03-10,06:45:00,1,Collision with vehicle,4,Thursday,135,LANE CHANGE LEFT (NOT OVERTAKING),1,756067,Not at intersection,2,80,Freeway,WEST GATE,MELBOURNE,-37.828445,144.95787,2022,3,March,6,Morning Peak,Weekday