ACCIDENT_NO,ACCIDENT_DATE,ACCIDENT_TIME,ACCIDENT_TYPE,ACCIDENT_TYPE_DESC,DAY_OF_WEEK,DAY_WEEK_DESC,DCA_CODE,DCA_DESC,LIGHT_CONDITION,NODE_ID,ROAD_GEOMETRY_DESC,SEVERITY,SPEED_ZONE,RMA,ROAD_NAME,LGA_NAME,LATITUDE,LONGITUDE,YEAR,MONTH,MONTH_NAME,HOUR,TIME_PERIOD,DAY_TYPE
T20220005379,2022-03-10,06:20:00,1,Collision with vehicle,4,Thursday,135,LANE CHANGE LEFT (NOT OVERTAKING),2,756291,Not at intersection,2,60,Arterial Highway,BELL,MORELAND,-37.741653,144.97028,2022,3,March,6,Morning Peak,Weekday
T20220005537,2022-03-10,11:30:00,1,Collision with vehicle,4,Thursday,130,REAR END(VEHICLES IN SAME LANE),1,709293,Not at intersection,3,60,Local Road,TILBURN,BRIMBANK,-37.778385,144.7755,2022,3,March,11,Midday,Weekday
T20220005460,2022-03-10,17:00:00,1,Collision with vehicle,4,Thursday,137,LEFT TURN SIDESWIPE,1,708668,T intersection,2,50,Local Road,ALKIRA,GEELONG,-38.093433,144.34991,2022,3,March,17,Afternoon Peak,Weekday
T20220005479,2022-03-10,20:30:00,1,Collision with vehicle,4,Thursday,121,RIGHT THROUGH,3,221370,T intersection,3,60,Arterial Highway,WYNDHAM,SHEPPARTON,-36.399734,145.3955,2022,3,March,20,Night,Weekday
T20220007877,2022-03-10,15:00:00,8,No collision and no object struck,4,Thursday,184,OUT OF CONTROL ON CARRIAGEWAY (ON BEND),1,709155,Not at intersection,3,50,Local Road,CAMELLIA,GEELONG,-38.085663,144.36307,2022,3,March,15,Afternoon Peak,Weekday
T20220005557,2022-03-10,23:50:00,4,Collision with a fixed object,4,Thursday,183,OFF LEFT BEND INTO OBJECT/PARKED VEHICLE,3,708669,Not at intersection,3,50,Local Road,HIDDEN VALLEY,MITCHELL,-37.390476,144.97833,2022,3,March,23,Night,Weekday
T20220005406,2022-03-10,10:50:00,4,Collision with a fixed object,4,Thursday,171,LEFT OFF CARRIAGEWAY INTO OBJECT/PARKED VEHICLE,1,707308,Not at intersection,2,50,Local Road,ARLENE,FRANKSTON,-38.113388,145.19775,2022,3,March,10,Midday,Weekday
T20220006419,2022-03-10,11:30:00,1,Collision with vehicle,4,Thursday,121,RIGHT THROUGH,1,37596,T intersection,3,60,Arterial Other,HIGH,WHITTLESEA,-37.672924,145.01523,2022,3,March,11,Midday,Weekday
T20220005408,2022-03-10,11:15:00,1,Collision with vehicle,4,Thursday,113,RIGHT NEAR (INTERSECTIONS ONLY),1,304268,Multiple intersection,3,60,Freeway,EASTERN IN-CHANDLER,BOROONDARA,-37.79205,145.02989,2022,3,March,11,Midday,Weekday
T20220005803,2022-03-10,19:35:00,8,No collision and no object struck,4,Thursday,172,OFF CARRIAGEWAY TO RIGHT,3,706854,Not at intersection,3,60,Arterial Highway,WHITEHORSE,WHITEHORSE,-37.81857,145.12636,2022,3,March,19,Night,Weekday
T20220005989,2022-03-10,21:30:00,1,Collision with vehicle,4,Thursday,121,RIGHT THROUGH,3,707717,Not at intersection,3,60,Arterial Other,CANTERBURY,WHITEHORSE,-37.8288,145.12238,2022,3,March,21,Night,Weekday
T20220005411,2022-03-10,10:50:00,1,Collision with vehicle,4,Thursday,110,CROSS TRAFFIC(INTERSECTIONS ONLY),1,42840,Cross intersection,3,60,Arterial Other,WHITE,KINGSTON,-37.999233,145.09152,2022,3,March,10,Midday,Weekday
T20220007290,2022-03-10,22:14:00,1,Collision with vehicle,4,Thursday,140,U TURN,3,781602,Not at intersection,3,70,Arterial Highway,WHITEHORSE,WHITEHORSE,-37.818558,145.17853,2022,3,March,22,Night,Weekday
T20220006066,2022-03-10,16:53:00,2,Struck Pedestrian,4,Thursday,100,PED NEAR SIDE. PED HIT BY VEHICLE FROM THE RIGHT.,1,707352,Not at intersection,3,40,Arterial Other,SYDNEY,MORELAND,-37.74842,144.96536,2022,3,March,16,Afternoon Peak,Weekday
T20220005417,2022-03-10,06:45:00,1,Collision with vehicle,4,Thursday,113,RIGHT NEAR (INTERSECTIONS ONLY),1,731436,T intersection,2,50,Local Road,HIGHPARK,WHITTLESEA,-37.61499,145.01997,2022,3,March,6,Morning Peak,Weekday
T20220005403,2022-03-10,06:30:00,1,Collision with vehicle,4,Thursday,130,REAR END(VEHICLES IN SAME LANE),2,706585,Not at intersection,2,80,Arterial Other,THOMPSONS,CASEY,-38.081196,145.26811,2022,3,March,6,Morning Peak,Weekday
T20220005384,2022-03-10,07:40:00,1,Collision with vehicle,4,Thursday,113,RIGHT NEAR (INTERSECTIONS ONLY),1,43335,T intersection,2,60,Arterial Other,MCLEOD,KINGSTON,-38.07263,145.13287,2022,3,March,7,Morning Peak,Weekday
T20220005423,2022-03-10,14:10:00,1,Collision with vehicle,4,Thursday,113,RIGHT NEAR (INTERSECTIONS ONLY),1,41882,T intersection,2,80,Arterial Other,FERNTREE GULLY,KNOX,-37.897915,145.24043,2022,3,March,14,Midday,Weekday
T20220005426,2022-03-10,13:38:00,1,Collision with vehicle,4,Thursday,140,U TURN,1,355716,Cross intersection,3,80,Arterial Other,YORKMINSTER,KNOX,-37.849667,145.23404,2022,3,March,13,Midday,Weekday
T20220005475,2022-03-10,21:20:00,1,Collision with vehicle,4,Thursday,130,REAR END(VEHICLES IN SAME LANE),5,778655,Not at intersection,3,60,Local Road,DOHERTYS,WYNDHAM,-37.814964,144.65256,2022,3,March,21,Night,Weekday
T20220006285,2022-03-10,17:55:00,1,Collision with vehicle,4,Thursday,137,LEFT TURN SIDESWIPE,1,734841,Cross intersection,3,60,Arterial Other,HORNE,HUME,-37.580864,144.72495,2022,3,March,17,Afternoon Peak,Weekday
T20220005433,2022-03-10,16:01:00,1,Collision with vehicle,4,Thursday,115,RIGHT/LEFT FAR (INTERSECTIONS ONLY),1,714187,T intersection,3,80,Local Road,TURNBULL,SHEPPARTON,-36.439846,145.31346,2022,3,March,16,Afternoon Peak,Weekday
T20220005434,2022-03-10,16:22:00,1,Collision with vehicle,4,Thursday,130,REAR END(VEHICLES IN SAME LANE),1,706559,Not at intersection,3,100,Arterial Highway,PRINCES,EAST GIPPSLAND,-37.824345,147.69446,2022,3,March,16,Afternoon Peak,Weekday
T20220005521,2022-03-10,19:20:00,1,Collision with vehicle,4,Thursday,133,LANE SIDE SWIPE (VEHICLES IN PARALLEL LANES),5,774224,Not at intersection,3,90,Arterial Other,THOMPSONS,FRANKSTON,-38.0739,145.20886,2022,3,March,19,Night,Weekday
T20220005439,2022-03-10,15:38:00,1,Collision with vehicle,4,Thursday,132,RIGHT REAR.,1,67827,T intersection,3,60,Arterial Other,BLACKBURN,MONASH,-37.865845,145.1496,2022,3,March,15,Afternoon Peak,Weekday
T20220005440,2022-03-10,17:46:00,1,Collision with vehicle,4,Thursday,121,RIGHT THROUGH,1,1174,T intersection,3,80,Arterial Other,PRINCES,CARDINIA,-38.071594,145.48003,2022,3,March,17,Afternoon Peak,Weekday
T20220005494,2022-03-10,08:17:00,1,Collision with vehicle,4,Thursday,130,REAR END(VEHICLES IN SAME LANE),1,708494,Not at intersection,3,60,Arterial Other,MT ALEXANDER,MOONEE VALLEY,-37.75445,144.91716,2022,3,March,8,Morning Peak,Weekday
T20220005695,2022-03-10,14:00:00,1,Collision with vehicle,4,Thursday,133,LANE SIDE SWIPE (VEHICLES IN PARALLEL LANES),1,707871,Not at intersection,3,80,Arterial Other,NARRE WARREN-CRANBOURNE,CASEY,-38.10636,145.2912,2022,3,March,14,Midday,Weekday
T20220005444,2022-03-10,17:46:00,4,Collision with a fixed object,4,Thursday,183,OFF LEFT BEND INTO OBJECT/PARKED VEHICLE,1,713866,Not at intersection,3,60,Arterial Other,BACCHUS MARSH,MOORABOOL,-37.688198,144.4753,2022,3,March,17,Afternoon Peak,Weekday
T20220005391,2022-03-10,09:45:00,1,Collision with vehicle,4,Thursday,113,RIGHT NEAR (INTERSECTIONS ONLY),1,22537,T intersection,2,40,Arterial Other,GEELONG,BALLARAT,-37.603058,143.8686,2022,3,March,9,Morning Peak,Weekday
T20220005515,2022-03-10,10:00:00,1,Collision with vehicle,4,Thursday,130,REAR END(VEHICLES IN SAME LANE),1,706562,Not at intersection,3,80,Arterial Highway,WELLINGTON,MONASH,-37.918716,145.15889,2022,3,March,10,Midday,Weekday
T20220005448,2022-03-10,17:28:00,1,Collision with vehicle,4,Thursday,121,RIGHT THROUGH,1,40951,Cross intersection,2,60,Arterial Other,MOUNTAIN,KNOX,-37.841267,145.26505,2022,3,March,17,Afternoon Peak,Weekday
T20220005449,2022-03-10,17:50:00,1,Collision with vehicle,4,Thursday,135,LANE CHANGE LEFT (NOT OVERTAKING),1,709554,Not at intersection,2,60,Arterial Other,MT ALEXANDER,MOONEE VALLEY,-37.786232,144.93932,2022,3,March,17,Afternoon Peak,Weekday
T20220005451,2022-03-10,16:33:00,1,Collision with vehicle,4,Thursday,113,RIGHT NEAR (INTERSECTIONS ONLY),1,48192,T intersection,2,60,Local Road,KERFERD,PORT PHILLIP,-37.845303,144.9555,2022,3,March,16,Afternoon Peak,Weekday
T20220005393,2022-03-10,07:30:00,4,Collision with a fixed object,4,Thursday,181,OFF RIGHT BEND INTO OBJECT/PARKED VEHICLE,2,710220,Not at intersection,3,100,Freeway,MORNINGTON PENINSULA,MORNINGTON PENINSULA,-38.299416,145.0351,2022,3,March,7,Morning Peak,Weekday
T20220006065,2022-03-10,09:15:00,8,No collision and no object struck,4,Thursday,179,OTHER ACCIDENTS-OFF STRAIGHT NOT INCLUDED IN DCAs 170-175,1,731453,Not at intersection,3,60,Arterial Highway,HODDLE,YARRA,-37.797176,144.99341,2022,3,March,9,Morning Peak,Weekday
T20220007719,2022-03-10,05:45:00,3,Struck animal,4,Thursday,167,STRUCK ANIMAL,5,709037,Not at intersection,3,100,Local Road,OLD SALE,BAW BAW,-38.089558,146.07094,2022,3,March,5,Morning Peak,Weekday
T20220008356,2022-03-10,17:54:00,1,Collision with vehicle,4,Thursday,130,REAR END(VEHICLES IN SAME LANE),9,42460,Cross intersection,3,80,Arterial Other,WESTALL ROAD -WESTALL,DANDENONG,-37.9605,145.13658,2022,3,March,17,Afternoon Peak,Weekday
T20220006032,2022-03-10,08:50:00,1,Collision with vehicle,4,Thursday,130,REAR END(VEHICLES IN SAME LANE),1,731452,Not at intersection,3,50,Local Road,DERBY,MORELAND,-37.735474,144.94536,2022,3,March,8,Morning Peak,Weekday
T20220005760,2022-03-10,17:45:00,1,Collision with vehicle,4,Thursday,130,REAR END(VEHICLES IN SAME LANE),1,706789,Not at intersection,3,80,Arterial Highway,DANDENONG,MONASH,-37.893192,145.09145,2022,3,March,17,Afternoon Peak,Weekday
T20220005459,2022-03-10,20:00:00,1,Collision with vehicle,4,Thursday,129,OTHER OPPOSING MANOEUVRES NOT INCLUDED IN DCAs 120-125.,2,720056,T intersection,2,60,Arterial Other,ESPLANADE,BAYSIDE,-37.916992,144.98723,2022,3,March,20,Night,Weekday
T20220005386,2022-03-10,07:18:00,1,Collision with vehicle,4,Thursday,113,RIGHT NEAR (INTERSECTIONS ONLY),1,878,Cross intersection,2,80,Arterial Highway,PRINCES,CASEY,-38.00422,145.2576,2022,3,March,7,Morning Peak,Weekday
T20220005381,2022-03-10,06:46:00,1,Collision with vehicle,4,Thursday,110,CROSS TRAFFIC(INTERSECTIONS ONLY),2,29993,Cross intersection,2,60,Local Road,ADAIR,BALLARAT,-37.570602,143.83316,2022,3,March,6,Morning Peak,Weekday
T20220005455,2022-03-10,18:16:00,4,Collision with a fixed object,4,Thursday,171,LEFT OFF CARRIAGEWAY INTO OBJECT/PARKED VEHICLE,1,706858,Not at intersection,2,60,Arterial Other,BACCHUS MARSH,GEELONG,-38.076225,144.35854,2022,3,March,18,Afternoon Peak,Weekday
T20220006574,2022-03-10,13:30:00,3,Struck animal,4,Thursday,167,STRUCK ANIMAL,1,708498,Not at intersection,3,60,Local Road,FINGER POST,MACEDON RANGES,-37.46014,144.47418,2022,3,March,13,Midday,Weekday
T20220005400,2022-03-10,11:07:00,2,Struck Pedestrian,4,Thursday,108,PED STRUCK WALKING TO/FROM OR BOARDING/ALIGHTING VEHICLE.,1,706480,Not at intersection,3,40,Arterial Other,CHURCH,YARRA,-37.81247,145.00029,2022,3,March,11,Midday,Weekday
T20220010947,2022-03-10,18:21:00,1,Collision with vehicle,4,Thursday,114,TWO RIGHT TURNING (INTERSECTIONS ONLY),1,731463,Multiple intersection,3,40,Local Road,SPRING,CASEY,-38.004612,145.26703,2022,3,March,18,Afternoon Peak,Weekday
T20220005545,2022-03-11,17:10:00,1,Collision with vehicle,5,Friday,147,VEHICLE STRIKES ANOTHER VEH WHILE EMERGING FROM DRIVEWAY,1,711254,Not at intersection,2,60,Arterial Highway,RACECOURSE,MOONEE VALLEY,-37.78883,144.93678,2022,3,March,17,Afternoon Peak,Weekday
T20220005536,2022-03-11,19:05:00,1,Collision with vehicle,5,Friday,130,REAR END(VEHICLES IN SAME LANE),9,706793,Cross intersection,3,50,Local Road,NARRE WARREN NORTH,CASEY,-38.020794,145.30824,2022,3,March,19,Night,Weekday
T20220005533,2022-03-11,15:14:00,1,Collision with vehicle,5,Friday,120,HEAD ON (NOT OVERTAKING),1,758214,Not at intersection,2,100,Arterial Other,BALLARAT-DAYLESFORD,HEPBURN,-37.42769,143.97218,2022,3,March,15,Afternoon Peak,Weekday
T20220005530,2022-03-11,13:25:00,1,Collision with vehicle,5,Friday,121,RIGHT THROUGH,1,595452,T intersection,3,100,Freeway,CALDER IN-BURTON,MACEDON RANGES,-37.22015,144.41667,2022,3,March,13,Midday,Weekday
T20220012463,2022-03-11,16:30:00,1,Collision with vehicle,5,Friday,121,RIGHT THROUGH,1,719509,T intersection,3,80,Arterial Highway,MOOROODUC,FRANKSTON,-38.19035,145.13937,2022,3,March,16,Afternoon Peak,Weekday
T20220007805,2022-03-11,13:25:00,1,Collision with vehicle,5,Friday,110,CROSS TRAFFIC(INTERSECTIONS ONLY),1,43272,Cross intersection,3,80,Arterial Highway,SOUTH GIPPSLAND,CASEY,-38.04261,145.2523,2022,3,March,13,Midday,Weekday
T20220005528,2022-03-11,17:34:00,4,Collision with a fixed object,5,Friday,171,LEFT OFF CARRIAGEWAY INTO OBJECT/PARKED VEHICLE,1,781605,Not at intersection,3,80,Arterial Highway,MIDLAND,HEPBURN,-37.461082,143.85605,2022,3,March,17,Afternoon Peak,Weekday
T20220005527,2022-03-11,15:50:00,1,Collision with vehicle,5,Friday,133,LANE SIDE SWIPE (VEHICLES IN PARALLEL LANES),1,708332,Not at intersection,2,50,Local Road,MORAY,PORT PHILLIP,-37.832603,144.9632,2022,3,March,15,Afternoon Peak,Weekday
T20220005524,2022-03-11,16:50:00,1,Collision with vehicle,5,Friday,120,HEAD ON (NOT OVERTAKING),2,733679,Not at intersection,2,60,Local Road,RECREATION,BALLARAT,-37.6072,143.89319,2022,3,March,16,Afternoon Peak,Weekday
T20220005540,2022-03-11,15:05:00,1,Collision with vehicle,5,Friday,132,RIGHT REAR.,1,706564,Not at intersection,2,60,Arterial Other,FYANS,GEELONG,-38.16478,144.36494,2022,3,March,15,Afternoon Peak,Weekday
T20220005523,2022-03-11,17:20:00,2,Struck Pedestrian,5,Friday,108,PED STRUCK WALKING TO/FROM OR BOARDING/ALIGHTING VEHICLE.,1,706850,Not at intersection,3,60,Arterial Other,GLENFERRIE,STONNINGTON,-37.84392,145.03151,2022,3,March,17,Afternoon Peak,Weekday
T20220005522,2022-03-11,15:30:00,4,Collision with a fixed object,5,Friday,171,LEFT OFF CARRIAGEWAY INTO OBJECT/PARKED VEHICLE,1,710100,Not at intersection,2,60,Local Road,NYAH,SWAN HILL,-35.329422,143.55428,2022,3,March,15,Afternoon Peak,Weekday
T20220005520,2022-03-11,16:51:00,1,Collision with vehicle,5,Friday,148,VEHICLE OFF FOOTPATH STRIKES VEH ON CARRIAGEWAY,1,38598,T intersection,3,60,Arterial Other,ASHLEY,MARIBYRNONG,-37.797665,144.86238,2022,3,March,16,Afternoon Peak,Weekday
T20220008262,2022-03-11,16:50:00,1,Collision with vehicle,5,Friday,113,RIGHT NEAR (INTERSECTIONS ONLY),1,731460,T intersection,3,60,Arterial Other,ELGAR,MANNINGHAM,-37.791084,145.1224,2022,3,March,16,Afternoon Peak,Weekday
T20220005518,2022-03-11,15:30:00,6,Vehicle overturned (no collision),5,Friday,180,OFF CARRIAGEWAY ON RIGHT BEND,1,707243,Not at intersection,2,100,Freeway,WESTERN,MELTON,-37.79209,144.74959,2022,3,March,15,Afternoon Peak,Weekday
T20220005513,2022-03-11,12:29:00,1,Collision with vehicle,5,Friday,152,PULLING OUT (OVERTAKING),1,709885,Cross intersection,2,60,Local Road,KARS,FRANKSTON,-38.152283,145.11902,2022,3,March,12,Midday,Weekday
T20220005981,2022-03-11,16:00:00,4,Collision with a fixed object,5,Friday,171,LEFT OFF CARRIAGEWAY INTO OBJECT/PARKED VEHICLE,1,707114,Not at intersection,2,80,Local Road,CARDINIA,CARDINIA,-38.095287,145.43057,2022,3,March,16,Afternoon Peak,Weekday
T20220006911,2022-03-11,09:05:00,2,Struck Pedestrian,5,Friday,100,PED NEAR SIDE. PED HIT BY VEHICLE FROM THE RIGHT.,1,29468,Cross intersection,2,40,Arterial Highway,PUNT,STONNINGTON,-37.845688,144.98503,2022,3,March,9,Morning Peak,Weekday
T20220005477,2022-03-11,01:00:00,1,Collision with vehicle,5,Friday,171,LEFT OFF CARRIAGEWAY INTO OBJECT/PARKED VEHICLE,3,707532,Not at intersection,3,60,Arterial Other,EPPING,WHITTLESEA,-37.652576,145.0232,2022,3,March,1,Late Night,Weekday
T20220005510,2022-03-11,13:41:00,1,Collision with vehicle,5,Friday,113,RIGHT NEAR (INTERSECTIONS ONLY),1,706848,T intersection,3,80,Local Road,BUFFALO CREEK,ALPINE,-36.595383,146.72626,2022,3,March,13,Midday,Weekday
T20220005503,2022-03-11,12:10:00,1,Collision with vehicle,5,Friday,110,CROSS TRAFFIC(INTERSECTIONS ONLY),1,756066,Cross intersection,2,100,Local Road,CHAPEL,MOIRA,-35.999073,145.6957,2022,3,March,12,Midday,Weekday
T20220005501,2022-03-11,08:05:00,1,Collision with vehicle,5,Friday,130,REAR END(VEHICLES IN SAME LANE),1,77459,Not at intersection,2,40,Arterial Other,VICTORIA,YARRA,-37.80988,144.994,2022,3,March,8,Morning Peak,Weekday
T20220005496,2022-03-11,11:10:00,1,Collision with vehicle,5,Friday,162,ACCIDENT OR BROKEN DOWN,1,706794,Not at intersection,3,100,Freeway,GEELONG RING,GEELONG,-38.199375,144.30936,2022,3,March,11,Midday,Weekday
T20220007068,2022-03-11,15:46:00,2,Struck Pedestrian,5,Friday,100,PED NEAR SIDE. PED HIT BY VEHICLE FROM THE RIGHT.,1,50328,Cross intersection,2,50,Arterial Highway,GEELONG,SURF COAST,-38.325985,144.31758,2022,3,March,15,Afternoon Peak,Weekday
T20220005796,2022-03-11,09:15:00,1,Collision with vehicle,5,Friday,130,REAR END(VEHICLES IN SAME LANE),1,731447,Cross intersection,3,40,Arterial Highway,NORTH,MONASH,-37.91398,145.12193,2022,3,March,9,Morning Peak,Weekday
T20220005757,2022-03-11,02:30:00,1,Collision with vehicle,5,Friday,160,VEHICLE COLLIDES WITH VEHICLE PARKED ON LEFT OF ROAD,9,707872,Not at intersection,3,50,Local Road,JAMES COOK,CASEY,-37.98563,145.25043,2022,3,March,2,Late Night,Weekday
T20220006323,2022-03-11,11:20:00,6,Vehicle overturned (no collision),5,Friday,174,OUT OF CONTROL ON CARRIAGEWAY (ON STRAIGHT),1,708445,Not at intersection,3,100,Local Road,CRAVENSVILLE,TOWONG,-36.167313,147.45741,2022,3,March,11,Midday,Weekday
T20220005486,2022-03-11,07:58:00,1,Collision with vehicle,5,Friday,130,REAR END(VEHICLES IN SAME LANE),1,57572,T intersection,2,50,Local Road,BRANDON PARK,MONASH,-37.916847,145.1778,2022,3,March,7,Morning Peak,Weekday
T20220005483,2022-03-11,07:55:00,1,Collision with vehicle,5,Friday,130,REAR END(VEHICLES IN SAME LANE),1,708020,Not at intersection,2,80,Arterial Other,MELTON,MELTON,-37.69032,144.72919,2022,3,March,7,Morning Peak,Weekday
T20220005752,2022-03-11,19:30:00,1,Collision with vehicle,5,Friday,135,LANE CHANGE LEFT (NOT OVERTAKING),9,708670,Not at intersection,3,100,Freeway,MONASH,CASEY,-37.99573,145.2673,2022,3,March,19,Night,Weekday
T20220005473,2022-03-11,00:15:00,1,Collision with vehicle,5,Friday,130,REAR END(VEHICLES IN SAME LANE),3,718404,Not at intersection,2,100,Freeway,EASTLINK,KNOX,-37.876804,145.21288,2022,3,March,0,Late Night,Weekday
T20220007216,2022-03-11,18:24:00,1,Collision with vehicle,5,Friday,130,REAR END(VEHICLES IN SAME LANE),1,708422,Not at intersection,3,60,Arterial Highway,SOUTH GIPPSLAND,CASEY,-38.074432,145.27142,2022,3,March,18,Afternoon Peak,Weekday
T20220005482,2022-03-11,08:47:00,1,Collision with vehicle,5,Friday,137,LEFT TURN SIDESWIPE,1,706862,Not at intersection,2,60,Arterial Other,TOORAK,STONNINGTON,-37.84198,145.01646,2022,3,March,8,Morning Peak,Weekday
T20220005480,2022-03-11,08:15:00,1,Collision with vehicle,5,Friday,120,HEAD ON (NOT OVERTAKING),1,706952,T intersection,3,50,Local Road,PRETTY SALLY,MITCHELL,-37.396725,144.97272,2022,3,March,8,Morning Peak,Weekday
T20220008611,2022-03-11,17:13:00,1,Collision with vehicle,5,Friday,110,CROSS TRAFFIC(INTERSECTIONS ONLY),1,711255,Cross intersection,3,50,Arterial Highway,DANDENONG-HASTINGS,FRANKSTON,-38.1342,145.22816,2022,3,March,17,Afternoon Peak,Weekday
T20220005490,2022-03-11,10:10:00,1,Collision with vehicle,5,Friday,130,REAR END(VEHICLES IN SAME LANE),1,724763,Not at intersection,3,80,Local Road,CHEDDAR,DAREBIN,-37.70026,145.01938,2022,3,March,10,Midday,Weekday
T20220005703,2022-03-11,18:15:00,1,Collision with vehicle,5,Friday,130,REAR END(VEHICLES IN SAME LANE),2,706725,Not at intersection,3,60,Arterial Other,OLD PRINCES,CARDINIA,-38.05361,145.37863,2022,3,March,18,Afternoon Peak,Weekday
T20220005605,2022-03-11,09:35:00,2,Struck Pedestrian,5,Friday,100,PED NEAR SIDE. PED HIT BY VEHICLE FROM THE RIGHT.,1,71821,T intersection,2,60,Local Road,ANDERSON,FRANKSTON,-38.13478,145.13344,2022,3,March,9,Morning Peak,Weekday
T20220005594,2022-03-11,18:40:00,1,Collision with vehicle,5,Friday,110,CROSS TRAFFIC(INTERSECTIONS ONLY),1,57056,Cross intersection,2,50,Local Road,NAPIER,YARRA,-37.794968,144.98132,2022,3,March,18,Afternoon Peak,Weekday
T20220005478,2022-03-11,07:59:00,1,Collision with vehicle,5,Friday,160,VEHICLE COLLIDES WITH VEHICLE PARKED ON LEFT OF ROAD,1,706484,Not at intersection,3,50,Local Road,ALLUMBA,BANYULE,-37.68901,145.12578,2022,3,March,7,Morning Peak,Weekday
T20220006120,2022-03-11,13:20:00,1,Collision with vehicle,5,Friday,130,REAR END(VEHICLES IN SAME LANE),9,707633,T intersection,2,60,Local Road,HAMMOND,DANDENONG,-38.032173,145.20207,2022,3,March,13,Midday,Weekday
T20220006366,2022-03-11,16:30:00,1,Collision with vehicle,5,Friday,130,REAR END(VEHICLES IN SAME LANE),1,52725,T intersection,3,80,Arterial Highway,MIDLAND,HEPBURN,-37.41471,143.93546,2022,3,March,16,Afternoon Peak,Weekday
T20220006688,2022-03-11,07:15:00,1,Collision with vehicle,5,Friday,130,REAR END(VEHICLES IN SAME LANE),1,708389,Not at intersection,3,60,Arterial Highway,WARRIGAL,MONASH,-37.88755,145.08928,2022,3,March,7,Morning Peak,Weekday
T20220007187,2022-03-11,22:40:00,1,Collision with vehicle,5,Friday,110,CROSS TRAFFIC(INTERSECTIONS ONLY),6,36456,Cross intersection,3,40,Local Road,FITZROY,YARRA,-37.795837,144.9778,2022,3,March,22,Night,Weekday
T20220005543,2022-03-11,19:01:00,1,Collision with vehicle,5,Friday,130,REAR END(VEHICLES IN SAME LANE),1,194505,Not at intersection,3,80,Arterial Highway,PRINCES,DANDENONG,-37.95321,145.17914,2022,3,March,19,Night,Weekday
T20220005558,2022-03-11,14:30:00,1,Collision with vehicle,5,Friday,133,LANE SIDE SWIPE (VEHICLES IN PARALLEL LANES),1,125412,Multiple intersection,3,60,Arterial Highway,CITY,MELBOURNE,-37.825752,144.96033,2022,3,March,14,Midday,Weekday
T20220005555,2022-03-11,20:48:00,1,Collision with vehicle,5,Friday,135,LANE CHANGE LEFT (NOT OVERTAKING),3,707357,Not at intersection,2,100,Freeway,WESTERN RING,HUME,-37.692196,144.94896,2022,3,March,20,Night,Weekday
T20220005553,2022-03-11,16:49:00,4,Collision with a fixed object,5,Friday,173,RIGHT OFF CARRIAGEWAY INTO OBJECT/PARKED VEHICLE,1,708590,Not at intersection,3,80,Arterial Highway,BURWOOD,WHITEHORSE,-37.858177,145.1949,2022,3,March,16,Afternoon Peak,Weekday
T20220005552,2022-03-11,22:15:00,1,Collision with vehicle,5,Friday,134,LANE CHANGE RIGHT (NOT OVERTAKING),3,709412,Not at intersection,2,80,Arterial Highway,BURWOOD,KNOX,-37.85986,145.2077,2022,3,March,22,Night,Weekday
T20220005549,2022-03-11,18:00:00,4,Collision with a fixed object,5,Friday,173,RIGHT OFF CARRIAGEWAY INTO OBJECT/PARKED VEHICLE,1,709241,Not at intersection,3,100,Local Road,COLLINS,BENDIGO,-36.83844,144.35391,2022,3,March,18,Afternoon Peak,Weekday
T20220005546,2022-03-11,17:15:00,1,Collision with vehicle,5,Friday,120,HEAD ON (NOT OVERTAKING),1,745707,Not at intersection,2,100,Arterial Highway,MURRAY VALLEY,GANNAWARRA,-35.626488,143.8092,2022,3,March,17,Afternoon Peak,Weekday
T20220005597,2022-03-12,13:40:00,1,Collision with vehicle,6,Saturday,175,OFF END OF ROAD/T-INTERSECTION.,1,711940,T intersection,2,50,Local Road,HEATH,FRANKSTON,-38.13619,145.20648,2022,3,March,13,Midday,Weekend
T20220005596,2022-03-12,13:25:00,1,Collision with vehicle,6,Saturday,120,HEAD ON (NOT OVERTAKING),1,707949,Not at intersection,2,60,Arterial Other,ARTHURS SEAT,MORNINGTON PENINSULA,-38.351135,144.95125,2022,3,March,13,Midday,Weekend
T20220005595,2022-03-12,13:00:00,1,Collision with vehicle,6,Saturday,116,LEFT NEAR (INTERSECTIONS ONLY),1,599310,T intersection,3,80,Arterial Other,HUME,HUME,-37.616077,144.94716,2022,3,March,13,Midday,Weekend
T20220005626,2022-03-12,23:00:00,1,Collision with vehicle,6,Saturday,110,CROSS TRAFFIC(INTERSECTIONS ONLY),3,44899,Cross intersection,3,70,Arterial Other,BALLARAT,BRIMBANK,-37.768574,144.7681,2022,3,March,23,Night,Weekend
T20220005623,2022-03-12,23:50:00,1,Collision with vehicle,6,Saturday,121,RIGHT THROUGH,3,711426,Multiple intersection,3,80,Arterial Highway,DINGLEY,KINGSTON,-37.960392,145.11879,2022,3,March,23,Night,Weekend
T20220006338,2022-03-12,17:45:00,6,Vehicle overturned (no collision),6,Saturday,184,OUT OF CONTROL ON CARRIAGEWAY (ON BEND),1,712424,Not at intersection,3,100,Local Road,BUCHAN-ORBOST,EAST GIPPSLAND,-37.531906,148.24864,2022,3,March,17,Afternoon Peak,Weekend
T20220005592,2022-03-12,09:23:00,1,Collision with vehicle,6,Saturday,140,U TURN,1,709556,Not at intersection,2,80,Arterial Other,BONEO,MORNINGTON PENINSULA,-38.388615,144.88847,2022,3,March,9,Morning Peak,Weekend