ACCIDENT_NO,ACCIDENT_DATE,ACCIDENT_TIME,ACCIDENT_TYPE,ACCIDENT_TYPE_DESC,DAY_OF_WEEK,DAY_WEEK_DESC,DCA_CODE,DCA_DESC,LIGHT_CONDITION,NODE_ID,ROAD_GEOMETRY_DESC,SEVERITY,SPEED_ZONE,RMA,ROAD_NAME,LGA_NAME,LATITUDE,LONGITUDE,YEAR,MONTH,MONTH_NAME,HOUR,TIME_PERIOD,DAY_TYPE
T20220005590,2022-03-12,13:45:00,1,Collision with vehicle,6,Saturday,121,RIGHT THROUGH,1,706953,Not at intersection,3,50,Local Road,FLETCHER,YARRA RANGES,-37.76152,145.31187,2022,3,March,13,Midday,Weekend
T20220005589,2022-03-12,13:37:00,1,Collision with vehicle,6,Saturday,130,REAR END(VEHICLES IN SAME LANE),1,756065,Not at intersection,2,40,Arterial Highway,MAROONDAH,YARRA RANGES,-37.68439,145.4758,2022,3,March,13,Midday,Weekend
T20220005588,2022-03-12,12:30:00,1,Collision with vehicle,6,Saturday,130,REAR END(VEHICLES IN SAME LANE),1,731440,Not at intersection,3,70,Arterial Other,CANTERBURY,MAROONDAH,-37.832737,145.26816,2022,3,March,12,Midday,Weekend
T20220005585,2022-03-12,12:25:00,2,Struck Pedestrian,6,Saturday,102,FAR SIDE. PED HIT BY VEHICLE FROM THE LEFT,1,707359,Not at intersection,3,40,Local Road,COLLINS,BRIMBANK,-37.742157,144.80214,2022,3,March,12,Midday,Weekend
T20220005675,2022-03-12,20:30:00,1,Collision with vehicle,6,Saturday,110,CROSS TRAFFIC(INTERSECTIONS ONLY),3,471,Multiple intersection,3,60,Arterial Other,RACECOURSE,MELBOURNE,-37.78746,144.92131,2022,3,March,20,Night,Weekend
T20220005578,2022-03-12,08:32:00,1,Collision with vehicle,6,Saturday,160,VEHICLE COLLIDES WITH VEHICLE PARKED ON LEFT OF ROAD,1,779982,Not at intersection,3,60,Arterial Highway,ST GEORGES,DAREBIN,-37.755108,144.99391,2022,3,March,8,Morning Peak,Weekend
T20220005574,2022-03-12,10:15:00,4,Collision with a fixed object,6,Saturday,181,OFF RIGHT BEND INTO OBJECT/PARKED VEHICLE,1,30411,T intersection,2,60,Arterial Other,ELTHAM-YARRA GLEN,NILLUMBIK,-37.70231,145.21219,2022,3,March,10,Midday,Weekend
T20220005572,2022-03-12,09:35:00,8,No collision and no object struck,6,Saturday,174,OUT OF CONTROL ON CARRIAGEWAY (ON STRAIGHT),1,49779,T intersection,3,60,Arterial Other,SEPARATION,GEELONG,-38.11156,144.34981,2022,3,March,9,Morning Peak,Weekend
T20220005566,2022-03-12,08:22:00,4,Collision with a fixed object,6,Saturday,171,LEFT OFF CARRIAGEWAY INTO OBJECT/PARKED VEHICLE,1,706795,Not at intersection,2,100,Local Road,TAITS,MITCHELL,-37.28398,145.07356,2022,3,March,8,Morning Peak,Weekend
T20220005565,2022-03-12,06:00:00,1,Collision with vehicle,6,Saturday,160,VEHICLE COLLIDES WITH VEHICLE PARKED ON LEFT OF ROAD,3,710575,Not at intersection,3,50,Local Road,POPES,DANDENONG,-37.982166,145.18484,2022,3,March,6,Morning Peak,Weekend
T20220005853,2022-03-12,18:00:00,1,Collision with vehicle,6,Saturday,121,RIGHT THROUGH,1,471,Multiple intersection,3,50,Arterial Other,RACECOURSE,MELBOURNE,-37.78746,144.92131,2022,3,March,18,Afternoon Peak,Weekend
T20220005986,2022-03-12,09:27:00,1,Collision with vehicle,6,Saturday,147,VEHICLE STRIKES ANOTHER VEH WHILE EMERGING FROM DRIVEWAY,1,711378,Not at intersection,3,50,Local Road,DUNNE,DAREBIN,-37.716072,145.04158,2022,3,March,9,Morning Peak,Weekend
T20220005620,2022-03-12,21:25:00,1,Collision with vehicle,6,Saturday,137,LEFT TURN SIDESWIPE,3,291434,Cross intersection,3,60,Arterial Other,ROYAL,MELBOURNE,-37.792553,144.95845,2022,3,March,21,Night,Weekend
T20220006579,2022-03-12,14:00:00,1,Collision with vehicle,6,Saturday,130,REAR END(VEHICLES IN SAME LANE),1,714001,Not at intersection,3,50,Arterial Highway,WARBURTON,YARRA RANGES,-37.75318,145.69646,2022,3,March,14,Midday,Weekend
T20220007616,2022-03-12,09:30:00,8,No collision and no object struck,6,Saturday,170,OFF CARRIAGEWAY TO LEFT,1,710766,T intersection,2,80,Arterial Other,COLAC-BALLARAT,GOLDEN PLAINS,-37.67464,143.82999,2022,3,March,9,Morning Peak,Weekend
T20220006117,2022-03-12,13:30:00,1,Collision with vehicle,6,Saturday,130,REAR END(VEHICLES IN SAME LANE),1,715943,Not at intersection,2,70,Arterial Other,BONEO,MORNINGTON PENINSULA,-38.3766,144.88911,2022,3,March,13,Midday,Weekend
T20220005619,2022-03-12,20:33:00,2,Struck Pedestrian,6,Saturday,102,FAR SIDE. PED HIT BY VEHICLE FROM THE LEFT,3,711326,Not at intersection,2,50,Local Road,PARKLANDS,WHITTLESEA,-37.685577,145.03758,2022,3,March,20,Night,Weekend
T20220005642,2022-03-12,11:55:00,4,Collision with a fixed object,6,Saturday,171,LEFT OFF CARRIAGEWAY INTO OBJECT/PARKED VEHICLE,1,706966,Not at intersection,3,60,Arterial Highway,POINT NEPEAN,MORNINGTON PENINSULA,-38.36827,144.85678,2022,3,March,11,Midday,Weekend
T20220008665,2022-03-12,22:00:00,6,Vehicle overturned (no collision),6,Saturday,172,OFF CARRIAGEWAY TO RIGHT,5,709900,Not at intersection,3,100,Local Road,BREGUET,GEELONG,-37.99747,144.36348,2022,3,March,22,Night,Weekend
T20220005635,2022-03-12,14:48:00,1,Collision with vehicle,6,Saturday,111,RIGHT FAR (INTERSECTIONS ONLY),1,706956,Cross intersection,3,60,Arterial Highway,CROOK,BENDIGO,-36.759293,144.31317,2022,3,March,14,Midday,Weekend
T20220007091,2022-03-12,15:28:00,1,Collision with vehicle,6,Saturday,131,LEFT REAR,1,709684,Not at intersection,3,60,Local Road,BANKSIA,ARARAT,-37.285057,142.92976,2022,3,March,15,Afternoon Peak,Weekend
T20220005640,2022-03-12,21:09:00,4,Collision with a fixed object,6,Saturday,171,LEFT OFF CARRIAGEWAY INTO OBJECT/PARKED VEHICLE,5,720139,Not at intersection,3,100,Local Road,MONKEY GULLY,MANSFIELD,-37.08064,146.08176,2022,3,March,21,Night,Weekend
T20220005899,2022-03-12,14:35:00,1,Collision with vehicle,6,Saturday,110,CROSS TRAFFIC(INTERSECTIONS ONLY),1,52926,Cross intersection,2,60,Arterial Other,GRANT,BALLARAT,-37.56855,143.86061,2022,3,March,14,Midday,Weekend
T20220005577,2022-03-12,11:15:00,1,Collision with vehicle,6,Saturday,140,U TURN,1,707244,Not at intersection,3,50,Arterial Other,RAMSEY,BASS COAST,-38.635838,145.72777,2022,3,March,11,Midday,Weekend
T20220007194,2022-03-12,12:50:00,1,Collision with vehicle,6,Saturday,130,REAR END(VEHICLES IN SAME LANE),9,709148,Not at intersection,3,60,Arterial Other,PRINCESS,BOROONDARA,-37.798546,145.03032,2022,3,March,12,Midday,Weekend
T20220005900,2022-03-12,17:40:00,4,Collision with a fixed object,6,Saturday,189,OTHER ACCIDENTS ON CURVE NOT INCLUDED IN DCAs 180-184,1,718123,T intersection,2,100,Arterial Highway,MITCHELL,CAMPASPE,-36.140858,144.77135,2022,3,March,17,Afternoon Peak,Weekend
T20220005902,2022-03-12,16:15:00,4,Collision with a fixed object,6,Saturday,173,RIGHT OFF CARRIAGEWAY INTO OBJECT/PARKED VEHICLE,1,784776,Not at intersection,2,60,Local Road,MCINTYRE,BRIMBANK,-37.75259,144.83315,2022,3,March,16,Afternoon Peak,Weekend
T20220005560,2022-03-12,00:56:00,4,Collision with a fixed object,6,Saturday,171,LEFT OFF CARRIAGEWAY INTO OBJECT/PARKED VEHICLE,3,776448,Not at intersection,3,50,Local Road,CROMWELL,BRIMBANK,-37.737637,144.77145,2022,3,March,0,Late Night,Weekend
T20220005631,2022-03-12,04:00:00,4,Collision with a fixed object,6,Saturday,173,RIGHT OFF CARRIAGEWAY INTO OBJECT/PARKED VEHICLE,5,718121,Not at intersection,2,100,Local Road,RIVERVIEW,WELLINGTON,-37.99513,146.83641,2022,3,March,4,Late Night,Weekend
T20220005954,2022-03-12,10:30:00,1,Collision with vehicle,6,Saturday,130,REAR END(VEHICLES IN SAME LANE),1,710402,Not at intersection,3,60,Arterial Highway,PUNT,MELBOURNE,-37.823223,144.98907,2022,3,March,10,Midday,Weekend
T20220005556,2022-03-12,00:10:00,4,Collision with a fixed object,6,Saturday,173,RIGHT OFF CARRIAGEWAY INTO OBJECT/PARKED VEHICLE,5,730841,Not at intersection,2,50,Local Road,MOUNT COTTRELL,WYNDHAM,-37.801506,144.60358,2022,3,March,0,Late Night,Weekend
T20220005617,2022-03-12,20:30:00,4,Collision with a fixed object,6,Saturday,183,OFF LEFT BEND INTO OBJECT/PARKED VEHICLE,5,756063,Not at intersection,2,50,Local Road,BUSH PEA,MITCHELL,-37.039707,145.1802,2022,3,March,20,Night,Weekend
T20220005611,2022-03-12,17:25:00,1,Collision with vehicle,6,Saturday,130,REAR END(VEHICLES IN SAME LANE),1,706788,Not at intersection,3,60,Arterial Other,MACARTHUR,MELBOURNE,-37.787907,144.95293,2022,3,March,17,Afternoon Peak,Weekend
T20220005607,2022-03-12,18:18:00,1,Collision with vehicle,6,Saturday,160,VEHICLE COLLIDES WITH VEHICLE PARKED ON LEFT OF ROAD,1,706954,Not at intersection,3,50,Local Road,ROSALIE,KNOX,-37.871086,145.22389,2022,3,March,18,Afternoon Peak,Weekend
T20220005604,2022-03-12,15:44:00,1,Collision with vehicle,6,Saturday,130,REAR END(VEHICLES IN SAME LANE),1,709886,Not at intersection,2,70,Arterial Other,SOMERTON,HUME,-37.63618,144.89136,2022,3,March,15,Afternoon Peak,Weekend
T20220005600,2022-03-12,14:15:00,1,Collision with vehicle,6,Saturday,130,REAR END(VEHICLES IN SAME LANE),1,709828,Not at intersection,2,80,Arterial Other,PORTARLINGTON,GEELONG,-38.184002,144.5391,2022,3,March,14,Midday,Weekend
T20220005584,2022-03-12,13:09:00,1,Collision with vehicle,6,Saturday,131,LEFT REAR,1,230235,Not at intersection,3,50,Arterial Other,FERNTREE GULLY,KNOX,-37.897583,145.24292,2022,3,March,13,Midday,Weekend
T20220006588,2022-03-13,17:12:00,1,Collision with vehicle,7,Sunday,113,RIGHT NEAR (INTERSECTIONS ONLY),1,580300,T intersection,3,80,Arterial Highway,BERGINS,KNOX,-37.92959,145.23286,2022,3,March,17,Afternoon Peak,Weekend
T20220007030,2022-03-13,20:50:00,1,Collision with vehicle,7,Sunday,121,RIGHT THROUGH,3,309260,Cross intersection,3,60,Arterial Other,NAPOLEON,KNOX,-37.91352,145.27231,2022,3,March,20,Night,Weekend
T20220005729,2022-03-13,16:30:00,3,Struck animal,7,Sunday,167,STRUCK ANIMAL,1,710018,Not at intersection,2,80,Arterial Highway,GREAT OCEAN,COLAC OTWAY,-38.76233,143.49117,2022,3,March,16,Afternoon Peak,Weekend
T20220005706,2022-03-13,21:29:00,3,Struck animal,7,Sunday,167,STRUCK ANIMAL,5,707113,Not at intersection,3,100,Arterial Highway,NORTHERN,CAMPASPE,-36.734848,144.68654,2022,3,March,21,Night,Weekend
T20220005696,2022-03-13,16:53:00,8,No collision and no object struck,7,Sunday,174,OUT OF CONTROL ON CARRIAGEWAY (ON STRAIGHT),1,707533,Not at intersection,3,50,Local Road,BERRY,MARIBYRNONG,-37.811565,144.89589,2022,3,March,16,Afternoon Peak,Weekend
T20220007874,2022-03-13,15:30:00,6,Vehicle overturned (no collision),7,Sunday,174,OUT OF CONTROL ON CARRIAGEWAY (ON STRAIGHT),1,709425,Cross intersection,3,80,Local Road,SOUTH,DANDENONG,-38.020954,145.2391,2022,3,March,15,Afternoon Peak,Weekend
T20220007271,2022-03-13,17:20:00,6,Vehicle overturned (no collision),7,Sunday,172,OFF CARRIAGEWAY TO RIGHT,1,711475,Not at intersection,3,100,Arterial Other,NAR NAR GOON-LONGWARRY,CARDINIA,-38.082424,145.58073,2022,3,March,17,Afternoon Peak,Weekend
T20220005688,2022-03-13,19:38:00,1,Collision with vehicle,7,Sunday,133,LANE SIDE SWIPE (VEHICLES IN PARALLEL LANES),1,731442,T intersection,3,60,Arterial Highway,CITY,MELBOURNE,-37.821262,144.96727,2022,3,March,19,Night,Weekend
T20220005811,2022-03-13,13:40:00,1,Collision with vehicle,7,Sunday,120,HEAD ON (NOT OVERTAKING),1,739490,Not at intersection,2,60,Arterial Other,WALHALLA,BAW BAW,-37.95201,146.44572,2022,3,March,13,Midday,Weekend
T20220006092,2022-03-13,12:00:00,4,Collision with a fixed object,7,Sunday,181,OFF RIGHT BEND INTO OBJECT/PARKED VEHICLE,1,707146,Not at intersection,2,80,Arterial Other,BONANG,EAST GIPPSLAND,-37.65153,148.47885,2022,3,March,12,Midday,Weekend
T20220005685,2022-03-13,13:45:00,1,Collision with vehicle,7,Sunday,113,RIGHT NEAR (INTERSECTIONS ONLY),1,56807,T intersection,3,100,Local Road,KOONWARRA-INVERLOCH,SOUTH GIPPSLAND,-38.566315,145.89937,2022,3,March,13,Midday,Weekend
T20220005683,2022-03-13,20:27:00,4,Collision with a fixed object,7,Sunday,171,LEFT OFF CARRIAGEWAY INTO OBJECT/PARKED VEHICLE,3,707360,Not at intersection,2,60,Local Road,CENTENARY,MELTON,-37.674984,144.58672,2022,3,March,20,Night,Weekend
T20220005633,2022-03-13,04:15:00,4,Collision with a fixed object,7,Sunday,173,RIGHT OFF CARRIAGEWAY INTO OBJECT/PARKED VEHICLE,3,710899,Not at intersection,2,100,Freeway,SOUTH GIPPSLAND OUT-POUND,CASEY,-38.02492,145.24814,2022,3,March,4,Late Night,Weekend
T20220005680,2022-03-13,17:35:00,8,No collision and no object struck,7,Sunday,179,OTHER ACCIDENTS-OFF STRAIGHT NOT INCLUDED IN DCAs 170-175,1,706724,Not at intersection,2,60,Arterial Other,CHILDS,WHITTLESEA,-37.66111,145.0333,2022,3,March,17,Afternoon Peak,Weekend
T20220005677,2022-03-13,18:10:00,2,Struck Pedestrian,7,Sunday,102,FAR SIDE. PED HIT BY VEHICLE FROM THE LEFT,1,655298,Not at intersection,3,40,Arterial Other,SYDNEY,MORELAND,-37.76098,144.96317,2022,3,March,18,Afternoon Peak,Weekend
T20220005673,2022-03-13,12:35:00,8,No collision and no object struck,7,Sunday,170,OFF CARRIAGEWAY TO LEFT,1,692409,Not at intersection,2,100,Arterial Highway,SOUTH GIPPSLAND,SOUTH GIPPSLAND,-38.418385,145.78662,2022,3,March,12,Midday,Weekend
T20220005668,2022-03-13,08:30:00,1,Collision with vehicle,7,Sunday,110,CROSS TRAFFIC(INTERSECTIONS ONLY),1,35376,Cross intersection,2,70,Arterial Highway,HODDLE STREET -PUNT,MELBOURNE,-37.817554,144.99002,2022,3,March,8,Morning Peak,Weekend
T20220005665,2022-03-13,14:22:00,1,Collision with vehicle,7,Sunday,121,RIGHT THROUGH,1,29549,T intersection,3,60,Arterial Other,AUBURN,BOROONDARA,-37.815815,145.0463,2022,3,March,14,Midday,Weekend
T20220005664,2022-03-13,14:14:00,4,Collision with a fixed object,7,Sunday,171,LEFT OFF CARRIAGEWAY INTO OBJECT/PARKED VEHICLE,1,709557,Not at intersection,2,60,Arterial Other,LOWE,GEELONG,-38.085705,144.37465,2022,3,March,14,Midday,Weekend
T20220005662,2022-03-13,11:45:00,1,Collision with vehicle,7,Sunday,113,RIGHT NEAR (INTERSECTIONS ONLY),1,712167,T intersection,3,100,Arterial Other,POUND CREEK,BASS COAST,-38.627785,145.80865,2022,3,March,11,Midday,Weekend
T20220007571,2022-03-13,17:15:00,1,Collision with vehicle,7,Sunday,131,LEFT REAR,1,778657,Not at intersection,3,80,Arterial Highway,SPRINGVALE,WHITEHORSE,-37.83504,145.17264,2022,3,March,17,Afternoon Peak,Weekend
T20220005660,2022-03-13,09:42:00,2,Struck Pedestrian,7,Sunday,100,PED NEAR SIDE. PED HIT BY VEHICLE FROM THE RIGHT.,1,35350,Cross intersection,2,40,Local Road,LITTLE LONSDALE,MELBOURNE,-37.812737,144.95688,2022,3,March,9,Morning Peak,Weekend
T20220005652,2022-03-13,10:58:00,4,Collision with a fixed object,7,Sunday,171,LEFT OFF CARRIAGEWAY INTO OBJECT/PARKED VEHICLE,1,710530,Not at intersection,3,50,Local Road,PASCOE,COLAC OTWAY,-38.75782,143.66841,2022,3,March,10,Midday,Weekend
T20220005651,2022-03-13,09:09:00,6,Vehicle overturned (no collision),7,Sunday,174,OUT OF CONTROL ON CARRIAGEWAY (ON STRAIGHT),1,706786,Not at intersection,2,40,Arterial Other,DONNYBROOK,WHITTLESEA,-37.544476,144.98712,2022,3,March,9,Morning Peak,Weekend
T20220005647,2022-03-13,09:10:00,1,Collision with vehicle,7,Sunday,120,HEAD ON (NOT OVERTAKING),1,708846,Not at intersection,3,60,Arterial Other,PLENTY,DAREBIN,-37.730064,145.01596,2022,3,March,9,Morning Peak,Weekend
T20220005629,2022-03-13,00:32:00,6,Vehicle overturned (no collision),7,Sunday,180,OFF CARRIAGEWAY ON RIGHT BEND,5,713994,Not at intersection,2,50,Local Road,OUTLOOK,EAST GIPPSLAND,-37.86922,147.99815,2022,3,March,0,Late Night,Weekend
T20220005628,2022-03-13,02:00:00,3,Struck animal,7,Sunday,167,STRUCK ANIMAL,5,706785,Not at intersection,3,100,Arterial Highway,SOUTH GIPPSLAND,SOUTH GIPPSLAND,-38.334312,145.61563,2022,3,March,2,Late Night,Weekend
T20220005907,2022-03-13,10:00:00,6,Vehicle overturned (no collision),7,Sunday,174,OUT OF CONTROL ON CARRIAGEWAY (ON STRAIGHT),1,708333,Not at intersection,3,60,Local Road,ANDERSON SPUR,MURRINDINDI,-37.53163,145.61465,2022,3,March,10,Midday,Weekend
T20220005627,2022-03-13,01:05:00,8,No collision and no object struck,7,Sunday,174,OUT OF CONTROL ON CARRIAGEWAY (ON STRAIGHT),3,711243,Not at intersection,2,60,Local Road,MCCRAE,DANDENONG,-37.991127,145.2204,2022,3,March,1,Late Night,Weekend
T20220005624,2022-03-13,00:55:00,4,Collision with a fixed object,7,Sunday,171,LEFT OFF CARRIAGEWAY INTO OBJECT/PARKED VEHICLE,3,37615,T intersection,2,60,Arterial Highway,PUNT,STONNINGTON,-37.840473,144.98608,2022,3,March,0,Late Night,Weekend
T20220005755,2022-03-14,17:25:00,1,Collision with vehicle,1,Monday,120,HEAD ON (NOT OVERTAKING),1,28065,Not at intersection,3,40,Arterial Other,SYDNEY,MORELAND,-37.73027,144.96378,2022,3,March,17,Afternoon Peak,Weekday
T20220005909,2022-03-14,14:18:00,1,Collision with vehicle,1,Monday,130,REAR END(VEHICLES IN SAME LANE),1,708334,Not at intersection,3,50,Local Road,SOMERVILLE,CASEY,-38.03149,145.26228,2022,3,March,14,Midday,Weekday
T20220005747,2022-03-14,14:00:00,1,Collision with vehicle,1,Monday,120,HEAD ON (NOT OVERTAKING),1,708393,Not at intersection,3,100,Arterial Other,MARYSVILLE-WOODS POINT,YARRA RANGES,-37.558743,145.87358,2022,3,March,14,Midday,Weekday
T20220005739,2022-03-14,12:45:00,1,Collision with vehicle,1,Monday,110,CROSS TRAFFIC(INTERSECTIONS ONLY),1,43372,Cross intersection,3,50,Local Road,JUKES,MORELAND,-37.703106,144.97702,2022,3,March,12,Midday,Weekday
T20220005715,2022-03-14,11:19:00,1,Collision with vehicle,1,Monday,120,HEAD ON (NOT OVERTAKING),1,706957,Not at intersection,3,100,Arterial Other,PAYNESVILLE,EAST GIPPSLAND,-37.881207,147.65686,2022,3,March,11,Midday,Weekday
T20220005719,2022-03-14,11:20:00,1,Collision with vehicle,1,Monday,163,VEHICLE STRIKES DOOR OF PARKED/STATIONARY VEHICLE,1,706967,Not at intersection,2,60,Arterial Other,MARINE,PORT PHILLIP,-37.87829,144.97726,2022,3,March,11,Midday,Weekday
T20220005721,2022-03-14,12:00:00,1,Collision with vehicle,1,Monday,116,LEFT NEAR (INTERSECTIONS ONLY),1,731443,T intersection,3,60,Local Road,MACARTHUR,WELLINGTON,-38.10498,147.07368,2022,3,March,12,Midday,Weekday
T20220005766,2022-03-14,17:05:00,1,Collision with vehicle,1,Monday,152,PULLING OUT (OVERTAKING),1,709472,Not at intersection,2,100,Local Road,WOORNDOO-STREATHAM,ARARAT,-37.751072,143.0368,2022,3,March,17,Afternoon Peak,Weekday
T20220005772,2022-03-14,19:00:00,4,Collision with a fixed object,1,Monday,171,LEFT OFF CARRIAGEWAY INTO OBJECT/PARKED VEHICLE,1,720140,Not at intersection,3,100,Local Road,LARDNERS,BAW BAW,-38.18192,145.8879,2022,3,March,19,Night,Weekday
T20220005724,2022-03-14,11:52:00,1,Collision with vehicle,1,Monday,113,RIGHT NEAR (INTERSECTIONS ONLY),1,756034,Cross intersection,2,80,Arterial Highway,WELLINGTON,MONASH,-37.91674,145.1431,2022,3,March,11,Midday,Weekday
T20220005779,2022-03-14,23:30:00,4,Collision with a fixed object,1,Monday,173,RIGHT OFF CARRIAGEWAY INTO OBJECT/PARKED VEHICLE,3,709972,Not at intersection,3,50,Local Road,SAUNDERS,CAMPASPE,-36.31448,145.04074,2022,3,March,23,Night,Weekday
T20220005742,2022-03-14,07:25:00,1,Collision with vehicle,1,Monday,147,VEHICLE STRIKES ANOTHER VEH WHILE EMERGING FROM DRIVEWAY,1,781585,Not at intersection,3,50,Local Road,STRADBROKE,BRIMBANK,-37.75168,144.80817,2022,3,March,7,Morning Peak,Weekday
T20220005746,2022-03-14,10:24:00,1,Collision with vehicle,1,Monday,120,HEAD ON (NOT OVERTAKING),1,718122,Not at intersection,2,100,Arterial Highway,MURRAY VALLEY,SWAN HILL,-34.708626,143.0592,2022,3,March,10,Midday,Weekday
T20220005735,2022-03-14,13:30:00,1,Collision with vehicle,1,Monday,148,VEHICLE OFF FOOTPATH STRIKES VEH ON CARRIAGEWAY,1,706891,Multiple intersection,3,80,Freeway,PENINSULA LINK IN-FRANKSTON-DANDENONG,FRANKSTON,-38.109474,145.16135,2022,3,March,13,Midday,Weekday
T20220005736,2022-03-14,10:55:00,4,Collision with a fixed object,1,Monday,181,OFF RIGHT BEND INTO OBJECT/PARKED VEHICLE,1,712735,Not at intersection,3,50,Local Road,KINCUMBER,MAROONDAH,-37.793682,145.29742,2022,3,March,10,Midday,Weekday
T20220005750,2022-03-14,14:50:00,1,Collision with vehicle,1,Monday,130,REAR END(VEHICLES IN SAME LANE),1,708896,Not at intersection,3,80,Arterial Highway,MAROONDAH,YARRA RANGES,-37.68345,145.45679,2022,3,March,14,Midday,Weekday
T20220005870,2022-03-14,13:00:00,6,Vehicle overturned (no collision),1,Monday,174,OUT OF CONTROL ON CARRIAGEWAY (ON STRAIGHT),1,711570,Not at intersection,2,60,Arterial Highway,BELL,MORELAND,-37.74262,144.9782,2022,3,March,13,Midday,Weekday
T20220005781,2022-03-14,23:30:00,8,No collision and no object struck,1,Monday,172,OFF CARRIAGEWAY TO RIGHT,3,714528,T intersection,2,50,Local Road,HOYSTED,CASEY,-38.080364,145.27849,2022,3,March,23,Night,Weekday
T20220007118,2022-03-14,15:30:00,6,Vehicle overturned (no collision),1,Monday,149,OTHER MANOEUVRING NOT INCLUDED IN DCAs 140-148,1,709519,Not at intersection,3,60,Local Road,HUNTERS,EAST GIPPSLAND,-37.863956,147.97238,2022,3,March,15,Afternoon Peak,Weekday
T20220006105,2022-03-14,10:45:00,6,Vehicle overturned (no collision),1,Monday,170,OFF CARRIAGEWAY TO LEFT,1,707364,Not at intersection,3,100,Local Road,CAPE OTWAY,SURF COAST,-38.31625,143.93753,2022,3,March,10,Midday,Weekday
T20220005693,2022-03-14,22:42:00,4,Collision with a fixed object,1,Monday,171,LEFT OFF CARRIAGEWAY INTO OBJECT/PARKED VEHICLE,4,710529,Not at intersection,3,80,Local Road,CRUSOE,BENDIGO,-36.820507,144.20865,2022,3,March,22,Night,Weekday
T20220005839,2022-03-15,12:50:00,1,Collision with vehicle,2,Tuesday,136,RIGHT TURN SIDESWIPE,1,63029,T intersection,3,60,Arterial Other,MURRAY,DAREBIN,-37.73927,145.01572,2022,3,March,12,Midday,Weekday
T20220005838,2022-03-15,14:00:00,1,Collision with vehicle,2,Tuesday,130,REAR END(VEHICLES IN SAME LANE),1,658099,Not at intersection,3,60,Arterial Other,CAMP,HUME,-37.684956,144.91763,2022,3,March,14,Midday,Weekday
T20220007163,2022-03-15,11:00:00,1,Collision with vehicle,2,Tuesday,130,REAR END(VEHICLES IN SAME LANE),1,712475,Cross intersection,3,80,Arterial Highway,DINGLEY,KINGSTON,-37.95963,145.11275,2022,3,March,11,Midday,Weekday
T20220005836,2022-03-15,13:25:00,1,Collision with vehicle,2,Tuesday,160,VEHICLE COLLIDES WITH VEHICLE PARKED ON LEFT OF ROAD,1,708740,Not at intersection,3,50,Local Road,LIBERTY,BANYULE,-37.743397,145.03674,2022,3,March,13,Midday,Weekday
T20220005895,2022-03-15,17:20:00,1,Collision with vehicle,2,Tuesday,121,RIGHT THROUGH,1,298145,T intersection,3,80,Arterial Other,CRAIGIEBURN,HUME,-37.59721,144.94293,2022,3,March,17,Afternoon Peak,Weekday
T20220005822,2022-03-15,12:49:00,1,Collision with vehicle,2,Tuesday,121,RIGHT THROUGH,1,29714,T intersection,2,60,Arterial Other,HEATHERTON,DANDENONG,-37.970325,145.2173,2022,3,March,12,Midday,Weekday
T20220005883,2022-03-15,16:20:00,1,Collision with vehicle,2,Tuesday,130,REAR END(VEHICLES IN SAME LANE),1,709414,Not at intersection,2,80,Arterial Highway,STUD,KNOX,-37.917747,145.23514,2022,3,March,16,Afternoon Peak,Weekday
T20220011254,2022-03-15,15:30:00,1,Collision with vehicle,2,Tuesday,130,REAR END(VEHICLES IN SAME LANE),1,712375,Not at intersection,3,60,Arterial Other,SAYERS,WYNDHAM,-37.852577,144.72975,2022,3,March,15,Afternoon Peak,Weekday
T20220005851,2022-03-15,14:35:00,1,Collision with vehicle,2,Tuesday,116,LEFT NEAR (INTERSECTIONS ONLY),1,57893,T intersection,3,70,Arterial Other,BLACKBURN,MANNINGHAM,-37.77768,145.164,2022,3,March,14,Midday,Weekday
T20220005816,2022-03-15,12:37:00,2,Struck Pedestrian,2,Tuesday,101,PED EMERGES FROM IN FRONT OF PARKED OR STATIONARY VEHICLE,1,40175,T intersection,2,60,Arterial Other,HIGH,STONNINGTON,-37.853634,145.00642,2022,3,March,12,Midday,Weekday
T20220005882,2022-03-15,22:30:00,1,Collision with vehicle,2,Tuesday,121,RIGHT THROUGH,3,660522,Cross intersection,2,70,Arterial Other,FOOTE,MANNINGHAM,-37.757893,145.11853,2022,3,March,22,Night,Weekday
T20220005817,2022-03-15,10:07:00,1,Collision with vehicle,2,Tuesday,140,U TURN,1,707371,Not at intersection,3,80,Local Road,TAYLORS,MELTON,-37.71746,144.69977,2022,3,March,10,Midday,Weekday
T20220005984,2022-03-15,09:15:00,1,Collision with vehicle,2,Tuesday,130,REAR END(VEHICLES IN SAME LANE),1,221629,T intersection,3,70,Arterial Other,SYDNEY,HUME,-37.68399,144.95726,2022,3,March,9,Morning Peak,Weekday
T20220005880,2022-03-15,18:00:00,1,Collision with vehicle,2,Tuesday,130,REAR END(VEHICLES IN SAME LANE),1,707807,Not at intersection,3,60,Arterial Other,HAMPTON,BAYSIDE,-37.9266,145.00455,2022,3,March,18,Afternoon Peak,Weekday
T20220005879,2022-03-15,08:50:00,1,Collision with vehicle,2,Tuesday,148,VEHICLE OFF FOOTPATH STRIKES VEH ON CARRIAGEWAY,1,39826,T intersection,3,60,Arterial Other,MT DANDENONG,YARRA RANGES,-37.802822,145.3153,2022,3,March,8,Morning Peak,Weekday