ACCIDENT_NO,ACCIDENT_DATE,ACCIDENT_TIME,ACCIDENT_TYPE,ACCIDENT_TYPE_DESC,DAY_OF_WEEK,DAY_WEEK_DESC,DCA_CODE,DCA_DESC,LIGHT_CONDITION,NODE_ID,ROAD_GEOMETRY_DESC,SEVERITY,SPEED_ZONE,RMA,ROAD_NAME,LGA_NAME,LATITUDE,LONGITUDE,YEAR,MONTH,MONTH_NAME,HOUR,TIME_PERIOD,DAY_TYPE
T20220005818,2022-03-15,13:00:00,1,Collision with vehicle,2,Tuesday,148,VEHICLE OFF FOOTPATH STRIKES VEH ON CARRIAGEWAY,1,37206,T intersection,3,40,Arterial Other,CHURCH,YARRA,-37.823895,144.99825,2022,3,March,13,Midday,Weekday
T20220005848,2022-03-15,14:51:00,1,Collision with vehicle,2,Tuesday,130,REAR END(VEHICLES IN SAME LANE),1,707419,Multiple intersection,3,80,Freeway,2520F 5520B,MELTON,-37.763687,144.7394,2022,3,March,14,Midday,Weekday
T20220005927,2022-03-15,06:15:00,1,Collision with vehicle,2,Tuesday,116,LEFT NEAR (INTERSECTIONS ONLY),1,719380,T intersection,2,60,Arterial Other,ROXBURGH PARK DRIVE -SOMERTON,HUME,-37.63983,144.9239,2022,3,March,6,Morning Peak,Weekday
T20220005847,2022-03-15,12:48:00,4,Collision with a fixed object,2,Tuesday,173,RIGHT OFF CARRIAGEWAY INTO OBJECT/PARKED VEHICLE,1,707143,Not at intersection,2,60,Arterial Other,BELGRAVE-HALLAM,YARRA RANGES,-37.922386,145.35675,2022,3,March,12,Midday,Weekday
T20220006058,2022-03-15,06:20:00,4,Collision with a fixed object,2,Tuesday,181,OFF RIGHT BEND INTO OBJECT/PARKED VEHICLE,5,707369,Not at intersection,2,80,Arterial Highway,NEPEAN,MORNINGTON PENINSULA,-38.184696,145.09703,2022,3,March,6,Morning Peak,Weekday
T20220005875,2022-03-15,16:39:00,1,Collision with vehicle,2,Tuesday,130,REAR END(VEHICLES IN SAME LANE),1,778714,T intersection,3,60,Arterial Other,HEATHERTON LINK,DANDENONG,-37.96877,145.19673,2022,3,March,16,Afternoon Peak,Weekday
T20220005859,2022-03-15,08:45:00,1,Collision with vehicle,2,Tuesday,115,RIGHT/LEFT FAR (INTERSECTIONS ONLY),1,40162,T intersection,3,50,Arterial Other,HOTHAM,PORT PHILLIP,-37.864124,145.00044,2022,3,March,8,Morning Peak,Weekday
T20220005790,2022-03-15,09:06:00,1,Collision with vehicle,2,Tuesday,130,REAR END(VEHICLES IN SAME LANE),1,778658,Cross intersection,3,60,Arterial Other,WATER,BALLARAT,-37.553467,143.90016,2022,3,March,9,Morning Peak,Weekday
T20220005874,2022-03-15,19:33:00,1,Collision with vehicle,2,Tuesday,160,VEHICLE COLLIDES WITH VEHICLE PARKED ON LEFT OF ROAD,1,707110,Not at intersection,3,60,Arterial Other,MALVERN,STONNINGTON,-37.851177,145.02664,2022,3,March,19,Night,Weekday
T20220005791,2022-03-15,07:30:00,1,Collision with vehicle,2,Tuesday,160,VEHICLE COLLIDES WITH VEHICLE PARKED ON LEFT OF ROAD,1,713892,Not at intersection,3,60,Arterial Other,UPPER HEIDELBERG,BANYULE,-37.759212,145.05257,2022,3,March,7,Morning Peak,Weekday
T20220005846,2022-03-15,14:35:00,1,Collision with vehicle,2,Tuesday,153,CUTTING IN (OVERTAKING),1,711491,Not at intersection,3,60,Local Road,WALSH,WARRNAMBOOL,-38.365574,142.45943,2022,3,March,14,Midday,Weekday
T20220005792,2022-03-15,07:45:00,1,Collision with vehicle,2,Tuesday,110,CROSS TRAFFIC(INTERSECTIONS ONLY),1,19370,Cross intersection,2,100,Local Road,ECHUCA-NANNEELLA,CAMPASPE,-36.256153,144.77751,2022,3,March,7,Morning Peak,Weekday
T20220005866,2022-03-15,17:37:00,1,Collision with vehicle,2,Tuesday,120,HEAD ON (NOT OVERTAKING),1,69592,T intersection,3,50,Arterial Highway,MCARTHUR,GLEN EIRA,-37.926235,145.02818,2022,3,March,17,Afternoon Peak,Weekday
T20220005860,2022-03-15,16:20:00,4,Collision with a fixed object,2,Tuesday,173,RIGHT OFF CARRIAGEWAY INTO OBJECT/PARKED VEHICLE,1,707466,Not at intersection,3,100,Arterial Highway,MURRAY VALLEY,CAMPASPE,-36.055813,144.5762,2022,3,March,16,Afternoon Peak,Weekday
T20220005835,2022-03-15,12:00:00,4,Collision with a fixed object,2,Tuesday,171,LEFT OFF CARRIAGEWAY INTO OBJECT/PARKED VEHICLE,1,714676,Not at intersection,3,100,Local Road,LOCH-WONTHAGGI,SOUTH GIPPSLAND,-38.41231,145.69884,2022,3,March,12,Midday,Weekday
T20220005833,2022-03-15,08:50:00,1,Collision with vehicle,2,Tuesday,132,RIGHT REAR.,1,706958,T intersection,3,40,Local Road,ST VINCENTS,BENDIGO,-36.76869,144.33923,2022,3,March,8,Morning Peak,Weekday
T20220005826,2022-03-15,12:00:00,1,Collision with vehicle,2,Tuesday,160,VEHICLE COLLIDES WITH VEHICLE PARKED ON LEFT OF ROAD,1,715942,Not at intersection,3,40,Local Road,SHELLEY,MAROONDAH,-37.802147,145.30437,2022,3,March,12,Midday,Weekday
T20220005819,2022-03-15,10:00:00,1,Collision with vehicle,2,Tuesday,130,REAR END(VEHICLES IN SAME LANE),1,710072,T intersection,3,80,Arterial Highway,CALDER,BENDIGO,-36.754,144.22015,2022,3,March,10,Midday,Weekday
T20220005824,2022-03-15,10:00:00,1,Collision with vehicle,2,Tuesday,130,REAR END(VEHICLES IN SAME LANE),1,221629,T intersection,3,80,Arterial Other,SYDNEY,HUME,-37.68399,144.95726,2022,3,March,10,Midday,Weekday
T20220010629,2022-03-15,15:55:00,1,Collision with vehicle,2,Tuesday,130,REAR END(VEHICLES IN SAME LANE),1,712115,Not at intersection,3,60,Arterial Other,PRINCES,CARDINIA,-38.06908,145.4715,2022,3,March,15,Afternoon Peak,Weekday
T20220005868,2022-03-15,16:00:00,1,Collision with vehicle,2,Tuesday,132,RIGHT REAR.,1,64019,Cross intersection,3,60,Arterial Other,MCINTYRE,BRIMBANK,-37.769733,144.83008,2022,3,March,16,Afternoon Peak,Weekday
T20220005794,2022-03-15,09:05:00,2,Struck Pedestrian,2,Tuesday,100,PED NEAR SIDE. PED HIT BY VEHICLE FROM THE RIGHT.,1,40333,Cross intersection,3,60,Arterial Other,BALACLAVA,GLEN EIRA,-37.874073,145.03596,2022,3,March,9,Morning Peak,Weekday
T20220005820,2022-03-15,12:00:00,1,Collision with vehicle,2,Tuesday,121,RIGHT THROUGH,1,707628,T intersection,2,50,Local Road,GRANDE BELMOND,CASEY,-38.13028,145.3238,2022,3,March,12,Midday,Weekday
T20220005798,2022-03-15,08:15:00,1,Collision with vehicle,2,Tuesday,130,REAR END(VEHICLES IN SAME LANE),1,706968,Not at intersection,2,60,Freeway,PRINCES,CASEY,-38.04508,145.34117,2022,3,March,8,Morning Peak,Weekday
T20220005809,2022-03-15,08:45:00,1,Collision with vehicle,2,Tuesday,130,REAR END(VEHICLES IN SAME LANE),1,707142,Not at intersection,2,80,Arterial Highway,NEPEAN,MORNINGTON PENINSULA,-38.2686,145.03584,2022,3,March,8,Morning Peak,Weekday
T20220005815,2022-03-15,11:05:00,1,Collision with vehicle,2,Tuesday,110,CROSS TRAFFIC(INTERSECTIONS ONLY),1,58463,Cross intersection,3,100,Local Road,CENTRE,MOIRA,-36.03837,145.3319,2022,3,March,11,Midday,Weekday
T20220005785,2022-03-15,05:00:00,1,Collision with vehicle,2,Tuesday,110,CROSS TRAFFIC(INTERSECTIONS ONLY),3,43102,Cross intersection,2,60,Local Road,HILTON,DANDENONG,-37.99786,145.2244,2022,3,March,5,Morning Peak,Weekday
T20220005843,2022-03-15,11:30:00,4,Collision with a fixed object,2,Tuesday,171,LEFT OFF CARRIAGEWAY INTO OBJECT/PARKED VEHICLE,1,710531,Not at intersection,3,100,Arterial Other,FOXHOW,CORANGAMITE,-38.081783,143.40236,2022,3,March,11,Midday,Weekday
T20220005950,2022-03-15,14:15:00,1,Collision with vehicle,2,Tuesday,119,OTHER ADJACENT (INTERSECTIONS ONLY),1,756017,T intersection,2,80,Arterial Other,STATION,BRIMBANK,-37.777077,144.77385,2022,3,March,14,Midday,Weekday
T20220005963,2022-03-16,16:30:00,1,Collision with vehicle,3,Wednesday,110,CROSS TRAFFIC(INTERSECTIONS ONLY),1,52034,Cross intersection,3,60,Local Road,COBAINS,WELLINGTON,-38.088215,147.086,2022,3,March,16,Afternoon Peak,Weekday
T20220005962,2022-03-16,18:50:00,1,Collision with vehicle,3,Wednesday,110,CROSS TRAFFIC(INTERSECTIONS ONLY),1,74224,Cross intersection,3,100,Arterial Other,MEENIYAN-PROMONTORY,SOUTH GIPPSLAND,-38.71529,146.1007,2022,3,March,18,Afternoon Peak,Weekday
T20220005961,2022-03-16,17:40:00,1,Collision with vehicle,3,Wednesday,120,HEAD ON (NOT OVERTAKING),1,707312,Not at intersection,2,80,Local Road,HENLEY,NILLUMBIK,-37.694164,145.26085,2022,3,March,17,Afternoon Peak,Weekday
T20220005960,2022-03-16,18:13:00,2,Struck Pedestrian,3,Wednesday,102,FAR SIDE. PED HIT BY VEHICLE FROM THE LEFT,1,704248,Cross intersection,2,80,Arterial Highway,DANDENONG ROAD -QUEENS,PORT PHILLIP,-37.857746,144.99214,2022,3,March,18,Afternoon Peak,Weekday
T20220006460,2022-03-16,19:30:00,1,Collision with vehicle,3,Wednesday,113,RIGHT NEAR (INTERSECTIONS ONLY),6,236762,T intersection,3,40,Arterial Other,PLUMMER STREET -PROHASKY,PORT PHILLIP,-37.833782,144.9192,2022,3,March,19,Night,Weekday
T20220006595,2022-03-16,14:50:00,1,Collision with vehicle,3,Wednesday,130,REAR END(VEHICLES IN SAME LANE),1,39791,Cross intersection,3,60,Arterial Other,HULL,MAROONDAH,-37.797165,145.29034,2022,3,March,14,Midday,Weekday
T20220005938,2022-03-16,14:10:00,1,Collision with vehicle,3,Wednesday,113,RIGHT NEAR (INTERSECTIONS ONLY),1,754706,Cross intersection,3,50,Local Road,MELBOURNE,MORELAND,-37.70303,144.92236,2022,3,March,14,Midday,Weekday
T20220005935,2022-03-16,07:40:00,1,Collision with vehicle,3,Wednesday,147,VEHICLE STRIKES ANOTHER VEH WHILE EMERGING FROM DRIVEWAY,1,669351,Not at intersection,3,60,Local Road,BARRY,HUME,-37.667667,144.96114,2022,3,March,7,Morning Peak,Weekday
T20220005932,2022-03-16,10:36:00,1,Collision with vehicle,3,Wednesday,116,LEFT NEAR (INTERSECTIONS ONLY),1,349761,Cross intersection,3,60,Arterial Other,POLICE,MONASH,-37.933147,145.15674,2022,3,March,10,Midday,Weekday
T20220014431,2022-03-16,08:05:00,1,Collision with vehicle,3,Wednesday,130,REAR END(VEHICLES IN SAME LANE),1,718232,Not at intersection,3,80,Freeway,WEST GATE,MARIBYRNONG,-37.82463,144.87561,2022,3,March,8,Morning Peak,Weekday
T20220005929,2022-03-16,11:05:00,4,Collision with a fixed object,3,Wednesday,183,OFF LEFT BEND INTO OBJECT/PARKED VEHICLE,1,718409,Not at intersection,2,100,Local Road,MOONLIGHT,GOLDEN PLAINS,-37.797825,143.6708,2022,3,March,11,Midday,Weekday
T20220005925,2022-03-16,08:11:00,1,Collision with vehicle,3,Wednesday,121,RIGHT THROUGH,1,42110,Cross intersection,3,60,Arterial Other,BLUFF,BAYSIDE,-37.946404,145.02219,2022,3,March,8,Morning Peak,Weekday
T20220005923,2022-03-16,12:45:00,4,Collision with a fixed object,3,Wednesday,171,LEFT OFF CARRIAGEWAY INTO OBJECT/PARKED VEHICLE,1,47110,Cross intersection,3,30,Local Road,MEADOW,WYNDHAM,-37.863808,144.6664,2022,3,March,12,Midday,Weekday
T20220005919,2022-03-16,11:49:00,1,Collision with vehicle,3,Wednesday,133,LANE SIDE SWIPE (VEHICLES IN PARALLEL LANES),1,708006,Not at intersection,2,100,Freeway,WESTERN RING,BRIMBANK,-37.800987,144.80125,2022,3,March,11,Midday,Weekday
T20220006112,2022-03-16,08:00:00,1,Collision with vehicle,3,Wednesday,130,REAR END(VEHICLES IN SAME LANE),1,707314,Not at intersection,3,60,Arterial Other,FRANKSTON-FLINDERS,MORNINGTON PENINSULA,-38.195545,145.14905,2022,3,March,8,Morning Peak,Weekday
T20220006123,2022-03-16,12:00:00,1,Collision with vehicle,3,Wednesday,130,REAR END(VEHICLES IN SAME LANE),1,303095,T intersection,3,100,Arterial Highway,BAXTER-TOORADIN ROAD -SOUTH GIPPSLAND,CASEY,-38.193108,145.35046,2022,3,March,12,Midday,Weekday
T20220012004,2022-03-16,16:30:00,1,Collision with vehicle,3,Wednesday,130,REAR END(VEHICLES IN SAME LANE),9,713455,Not at intersection,3,80,Freeway,METROPOLITAN RING,NILLUMBIK,-37.688095,145.07997,2022,3,March,16,Afternoon Peak,Weekday
T20220006922,2022-03-16,07:13:00,1,Collision with vehicle,3,Wednesday,130,REAR END(VEHICLES IN SAME LANE),5,708064,Not at intersection,3,100,Arterial Other,BENDIGO-MARYBOROUGH,BENDIGO,-36.828278,144.06627,2022,3,March,7,Morning Peak,Weekday
T20220006004,2022-03-16,15:00:00,8,No collision and no object struck,3,Wednesday,170,OFF CARRIAGEWAY TO LEFT,1,710532,Not at intersection,2,80,Local Road,BROOKVILLE,HUME,-37.56975,144.94803,2022,3,March,15,Afternoon Peak,Weekday
T20220006158,2022-03-16,18:50:00,1,Collision with vehicle,3,Wednesday,121,RIGHT THROUGH,1,715055,Cross intersection,3,60,Arterial Other,CEMETERY,MELBOURNE,-37.792263,144.96837,2022,3,March,18,Afternoon Peak,Weekday
T20220006012,2022-03-16,08:45:00,1,Collision with vehicle,3,Wednesday,137,LEFT TURN SIDESWIPE,1,713867,Not at intersection,3,50,Local Road,FLINDERS,MELBOURNE,-37.81771,144.96655,2022,3,March,8,Morning Peak,Weekday
T20220005915,2022-03-16,06:40:00,1,Collision with vehicle,3,Wednesday,130,REAR END(VEHICLES IN SAME LANE),2,790818,Not at intersection,3,80,Freeway,MONASH,MONASH,-37.93059,145.18623,2022,3,March,6,Morning Peak,Weekday
T20220005914,2022-03-16,11:20:00,1,Collision with vehicle,3,Wednesday,130,REAR END(VEHICLES IN SAME LANE),1,718408,Not at intersection,3,60,Arterial Other,UPPER HEIDELBERG,BANYULE,-37.757915,145.05373,2022,3,March,11,Midday,Weekday
T20220005911,2022-03-16,08:00:00,1,Collision with vehicle,3,Wednesday,114,TWO RIGHT TURNING (INTERSECTIONS ONLY),1,55743,T intersection,3,60,Local Road,MARTIN,BENDIGO,-36.785557,144.26549,2022,3,March,8,Morning Peak,Weekday
T20220005910,2022-03-16,08:10:00,2,Struck Pedestrian,3,Wednesday,100,PED NEAR SIDE. PED HIT BY VEHICLE FROM THE RIGHT.,1,708989,Not at intersection,2,70,Arterial Highway,WURUNDJERI,MELBOURNE,-37.81823,144.95052,2022,3,March,8,Morning Peak,Weekday
T20220005906,2022-03-16,08:00:00,2,Struck Pedestrian,3,Wednesday,103,PED PLAYING/LYING/WORKING/STANDING ON CARRIAGEWAY.,1,707144,Not at intersection,2,40,Arterial Other,KOROIT-PORT FAIRY,MOYNE,-38.2918,142.35712,2022,3,March,8,Morning Peak,Weekday
T20220005901,2022-03-16,07:40:00,2,Struck Pedestrian,3,Wednesday,100,PED NEAR SIDE. PED HIT BY VEHICLE FROM THE RIGHT.,1,38153,Cross intersection,3,40,Arterial Other,WATERDALE,BANYULE,-37.74639,145.04703,2022,3,March,7,Morning Peak,Weekday
T20220006386,2022-03-16,12:50:00,1,Collision with vehicle,3,Wednesday,110,CROSS TRAFFIC(INTERSECTIONS ONLY),1,884,Cross intersection,3,60,Arterial Other,EDITHVALE,KINGSTON,-38.038555,145.10902,2022,3,March,12,Midday,Weekday
T20220007945,2022-03-16,16:35:00,1,Collision with vehicle,3,Wednesday,130,REAR END(VEHICLES IN SAME LANE),1,710241,Not at intersection,2,80,Freeway,EASTLINK,MONASH,-37.93298,145.2094,2022,3,March,16,Afternoon Peak,Weekday
T20220006040,2022-03-16,21:00:00,1,Collision with vehicle,3,Wednesday,130,REAR END(VEHICLES IN SAME LANE),3,708744,T intersection,3,80,Arterial Other,PLENTY,WHITTLESEA,-37.67408,145.07054,2022,3,March,21,Night,Weekday
T20220005976,2022-03-16,22:00:00,1,Collision with vehicle,3,Wednesday,130,REAR END(VEHICLES IN SAME LANE),3,772835,Not at intersection,3,60,Local Road,STATION,MELTON,-37.689644,144.57759,2022,3,March,22,Night,Weekday
T20220005974,2022-03-16,16:00:00,1,Collision with vehicle,3,Wednesday,130,REAR END(VEHICLES IN SAME LANE),1,711430,Not at intersection,3,100,Freeway,MORNINGTON PENINSULA,DANDENONG,-38.043175,145.1418,2022,3,March,16,Afternoon Peak,Weekday
T20220005972,2022-03-16,17:00:00,1,Collision with vehicle,3,Wednesday,121,RIGHT THROUGH,1,341876,T intersection,3,60,Arterial Other,CANTERBURY,MAROONDAH,-37.82735,145.24713,2022,3,March,17,Afternoon Peak,Weekday
T20220006022,2022-03-17,15:40:00,1,Collision with vehicle,4,Thursday,121,RIGHT THROUGH,1,304410,T intersection,2,70,Arterial Highway,GLADSTONE,STONNINGTON,-37.864197,145.02321,2022,3,March,15,Afternoon Peak,Weekday
T20220006023,2022-03-17,15:23:00,1,Collision with vehicle,4,Thursday,113,RIGHT NEAR (INTERSECTIONS ONLY),1,708133,T intersection,3,80,Arterial Highway,THIRD,MILDURA,-34.16106,142.04933,2022,3,March,15,Afternoon Peak,Weekday
T20220006024,2022-03-17,14:00:00,1,Collision with vehicle,4,Thursday,113,RIGHT NEAR (INTERSECTIONS ONLY),1,37755,T intersection,3,60,Arterial Other,WILLIAMS,STONNINGTON,-37.836807,145.00543,2022,3,March,14,Midday,Weekday
T20220006025,2022-03-17,11:20:00,1,Collision with vehicle,4,Thursday,120,HEAD ON (NOT OVERTAKING),1,711057,Not at intersection,2,100,Arterial Highway,MONARO,EAST GIPPSLAND,-37.292637,149.2163,2022,3,March,11,Midday,Weekday
T20220006026,2022-03-17,15:15:00,4,Collision with a fixed object,4,Thursday,173,RIGHT OFF CARRIAGEWAY INTO OBJECT/PARKED VEHICLE,1,710075,Not at intersection,2,80,Arterial Highway,GOLDSMITH,PYRENEES,-37.27605,143.51567,2022,3,March,15,Afternoon Peak,Weekday
T20220006048,2022-03-17,20:08:00,1,Collision with vehicle,4,Thursday,160,VEHICLE COLLIDES WITH VEHICLE PARKED ON LEFT OF ROAD,3,707537,Not at intersection,3,50,Local Road,ANDERSON,MORELAND,-37.694992,144.96133,2022,3,March,20,Night,Weekday
T20220006053,2022-03-17,15:30:00,2,Struck Pedestrian,4,Thursday,102,FAR SIDE. PED HIT BY VEHICLE FROM THE LEFT,1,707313,Not at intersection,3,50,Local Road,IRONBARK,MELTON,-37.73432,144.75658,2022,3,March,15,Afternoon Peak,Weekday
T20220007556,2022-03-17,15:04:00,1,Collision with vehicle,4,Thursday,130,REAR END(VEHICLES IN SAME LANE),1,709150,Not at intersection,3,100,Freeway,WESTERN RING,HUME,-37.691906,144.9582,2022,3,March,15,Afternoon Peak,Weekday
T20220007551,2022-03-17,16:00:00,1,Collision with vehicle,4,Thursday,130,REAR END(VEHICLES IN SAME LANE),1,710619,Not at intersection,3,100,Freeway,CITYLINK OUT-BULLA,MOONEE VALLEY,-37.733616,144.91002,2022,3,March,16,Afternoon Peak,Weekday
T20220006021,2022-03-17,16:11:00,1,Collision with vehicle,4,Thursday,160,VEHICLE COLLIDES WITH VEHICLE PARKED ON LEFT OF ROAD,1,710450,Not at intersection,2,50,Local Road,MACARTHUR,BALLARAT,-37.550365,143.85292,2022,3,March,16,Afternoon Peak,Weekday
T20220006073,2022-03-17,10:36:00,2,Struck Pedestrian,4,Thursday,102,FAR SIDE. PED HIT BY VEHICLE FROM THE LEFT,1,781658,Cross intersection,3,50,Arterial Other,FLEMINGTON ROAD SERVICE,MELBOURNE,-37.79517,144.94916,2022,3,March,10,Midday,Weekday
T20220006302,2022-03-17,09:00:00,1,Collision with vehicle,4,Thursday,147,VEHICLE STRIKES ANOTHER VEH WHILE EMERGING FROM DRIVEWAY,1,707543,Not at intersection,3,40,Local Road,TIVENDALE,CARDINIA,-38.053894,145.41136,2022,3,March,9,Morning Peak,Weekday
T20220006018,2022-03-17,15:05:00,1,Collision with vehicle,4,Thursday,110,CROSS TRAFFIC(INTERSECTIONS ONLY),1,73032,Multiple intersection,3,50,Local Road,COMANS,LATROBE,-38.23423,146.40657,2022,3,March,15,Afternoon Peak,Weekday
T20220006353,2022-03-17,17:45:00,1,Collision with vehicle,4,Thursday,133,LANE SIDE SWIPE (VEHICLES IN PARALLEL LANES),1,309235,Not at intersection,3,100,Freeway,PRINCES,HOBSONS BAY,-37.84046,144.79436,2022,3,March,17,Afternoon Peak,Weekday
T20220007169,2022-03-17,17:15:00,1,Collision with vehicle,4,Thursday,130,REAR END(VEHICLES IN SAME LANE),1,773905,Not at intersection,3,50,Local Road,BOX,CASEY,-37.995026,145.23752,2022,3,March,17,Afternoon Peak,Weekday
T20220006027,2022-03-17,17:10:00,1,Collision with vehicle,4,Thursday,115,RIGHT/LEFT FAR (INTERSECTIONS ONLY),1,54352,Cross intersection,3,60,Arterial Other,STANDISH,ALPINE,-36.566223,146.71887,2022,3,March,17,Afternoon Peak,Weekday
T20220006028,2022-03-17,15:00:00,4,Collision with a fixed object,4,Thursday,181,OFF RIGHT BEND INTO OBJECT/PARKED VEHICLE,1,708939,Not at intersection,3,60,Local Road,HURSTBRIDGE-ARTHURS CREEK,NILLUMBIK,-37.618015,145.18954,2022,3,March,15,Afternoon Peak,Weekday
T20220006029,2022-03-17,16:41:00,4,Collision with a fixed object,4,Thursday,171,LEFT OFF CARRIAGEWAY INTO OBJECT/PARKED VEHICLE,1,719047,Not at intersection,2,70,Local Road,ASHBOURNE,MACEDON RANGES,-37.36316,144.51775,2022,3,March,16,Afternoon Peak,Weekday
T20220006081,2022-03-17,15:30:00,1,Collision with vehicle,4,Thursday,130,REAR END(VEHICLES IN SAME LANE),1,684127,T intersection,3,60,Local Road,KATSURA,HUME,-37.619205,144.91821,2022,3,March,15,Afternoon Peak,Weekday
T20220006031,2022-03-17,18:40:00,1,Collision with vehicle,4,Thursday,116,LEFT NEAR (INTERSECTIONS ONLY),1,708236,T intersection,3,60,Arterial Other,VICTORIA CROSS,WODONGA,-36.140778,146.88939,2022,3,March,18,Afternoon Peak,Weekday
T20220006036,2022-03-17,16:24:00,1,Collision with vehicle,4,Thursday,152,PULLING OUT (OVERTAKING),1,709681,Not at intersection,2,60,Arterial Other,MAIN,CARDINIA,-37.948875,145.53781,2022,3,March,16,Afternoon Peak,Weekday
T20220006038,2022-03-17,17:17:00,1,Collision with vehicle,4,Thursday,121,RIGHT THROUGH,1,249358,T intersection,2,60,Local Road,BRIDGEWATER,HUME,-37.59923,144.93001,2022,3,March,17,Afternoon Peak,Weekday
T20220006039,2022-03-17,17:15:00,1,Collision with vehicle,4,Thursday,131,LEFT REAR,1,707374,Not at intersection,3,50,Local Road,MCDONALD,KINGSTON,-38.003906,145.08965,2022,3,March,17,Afternoon Peak,Weekday
T20220006041,2022-03-17,14:45:00,1,Collision with vehicle,4,Thursday,111,RIGHT FAR (INTERSECTIONS ONLY),1,29702,T intersection,2,80,Arterial Other,BOUNDARY,KINGSTON,-37.975452,145.11118,2022,3,March,14,Midday,Weekday
T20220006045,2022-03-17,18:35:00,4,Collision with a fixed object,4,Thursday,173,RIGHT OFF CARRIAGEWAY INTO OBJECT/PARKED VEHICLE,1,719053,Not at intersection,2,100,Freeway,EASTLINK,DANDENONG,-37.956047,145.20221,2022,3,March,18,Afternoon Peak,Weekday
T20220006046,2022-03-17,16:05:00,1,Collision with vehicle,4,Thursday,110,CROSS TRAFFIC(INTERSECTIONS ONLY),1,138964,Cross intersection,2,60,Freeway,DYNON,MELBOURNE,-37.80448,144.93471,2022,3,March,16,Afternoon Peak,Weekday
T20220006047,2022-03-17,16:00:00,1,Collision with vehicle,4,Thursday,130,REAR END(VEHICLES IN SAME LANE),1,773893,Not at intersection,3,60,Arterial Other,MOUNTAIN,KNOX,-37.838676,145.27097,2022,3,March,16,Afternoon Peak,Weekday
T20220006773,2022-03-17,08:30:00,5,collision with some other object,4,Thursday,166,STRUCK OBJECT ON CARRIAGEWAY,1,781649,Not at intersection,3,100,Arterial Highway,SOUTH GIPPSLAND,CASEY,-38.200203,145.35739,2022,3,March,8,Morning Peak,Weekday
T20220025390,2022-03-17,16:30:00,1,Collision with vehicle,4,Thursday,140,U TURN,1,734497,Not at intersection,3,40,Arterial Other,WATTLETREE,STONNINGTON,-37.86189,145.02455,2022,3,March,16,Afternoon Peak,Weekday
T20220005983,2022-03-17,09:12:00,1,Collision with vehicle,4,Thursday,135,LANE CHANGE LEFT (NOT OVERTAKING),1,781668,Not at intersection,3,60,Freeway,MONASH,MONASH,-37.905704,145.15654,2022,3,March,9,Morning Peak,Weekday
T20220005978,2022-03-17,00:19:00,4,Collision with a fixed object,4,Thursday,173,RIGHT OFF CARRIAGEWAY INTO OBJECT/PARKED VEHICLE,3,781651,Not at intersection,3,50,Local Road,CRIBBES,WANGARATTA,-36.378914,146.32085,2022,3,March,0,Late Night,Weekday
T20220006477,2022-03-17,06:40:00,1,Collision with vehicle,4,Thursday,116,LEFT NEAR (INTERSECTIONS ONLY),6,52160,T intersection,3,60,Local Road,MARSHALLS,LATROBE,-38.17896,146.55054,2022,3,March,6,Morning Peak,Weekday
T20220005980,2022-03-17,03:27:00,1,Collision with vehicle,4,Thursday,120,HEAD ON (NOT OVERTAKING),5,710643,Not at intersection,2,100,Arterial Other,REMEMBRANCE,BALLARAT,-37.53978,143.78117,2022,3,March,3,Late Night,Weekday
T20220010650,2022-03-17,15:57:00,1,Collision with vehicle,4,Thursday,130,REAR END(VEHICLES IN SAME LANE),1,712284,Not at intersection,3,50,Local Road,TERRY,BOROONDARA,-37.811195,145.06918,2022,3,March,15,Afternoon Peak,Weekday
T20220006466,2022-03-17,10:30:00,1,Collision with vehicle,4,Thursday,147,VEHICLE STRIKES ANOTHER VEH WHILE EMERGING FROM DRIVEWAY,1,711597,Not at intersection,3,50,Local Road,REID,WODONGA,-36.124336,146.89632,2022,3,March,10,Midday,Weekday
T20220005982,2022-03-17,04:51:00,1,Collision with vehicle,4,Thursday,171,LEFT OFF CARRIAGEWAY INTO OBJECT/PARKED VEHICLE,3,710109,Not at intersection,2,60,Local Road,MCKIERNAN,WARRNAMBOOL,-38.378838,142.5151,2022,3,March,4,Late Night,Weekday
T20220006587,2022-03-17,17:00:00,1,Collision with vehicle,4,Thursday,132,RIGHT REAR.,1,70851,T intersection,3,50,Local Road,FRAWLEY,CASEY,-37.996086,145.24763,2022,3,March,17,Afternoon Peak,Weekday
T20220007853,2022-03-17,21:05:00,4,Collision with a fixed object,4,Thursday,173,RIGHT OFF CARRIAGEWAY INTO OBJECT/PARKED VEHICLE,3,708976,Not at intersection,2,60,Freeway,FORSYTH-PRINCES IN,WYNDHAM,-37.872944,144.7371,2022,3,March,21,Night,Weekday
T20220008214,2022-03-17,14:30:00,1,Collision with vehicle,4,Thursday,114,TWO RIGHT TURNING (INTERSECTIONS ONLY),1,37282,T intersection,3,60,Arterial Other,VICTORIA,YARRA,-37.811127,145.00629,2022,3,March,14,Midday,Weekday
T20220006086,2022-03-17,18:00:00,1,Collision with vehicle,4,Thursday,121,RIGHT THROUGH,2,36136,T intersection,2,40,Local Road,GATEHOUSE,MELBOURNE,-37.795628,144.9524,2022,3,March,18,Afternoon Peak,Weekday
T20220005990,2022-03-17,08:28:00,4,Collision with a fixed object,4,Thursday,171,LEFT OFF CARRIAGEWAY INTO OBJECT/PARKED VEHICLE,1,709558,Not at intersection,3,60,Arterial Other,JASPER,GLEN EIRA,-37.910732,145.04301,2022,3,March,8,Morning Peak,Weekday