ACCIDENT_NO,ACCIDENT_DATE,ACCIDENT_TIME,ACCIDENT_TYPE,ACCIDENT_TYPE_DESC,DAY_OF_WEEK,DAY_WEEK_DESC,DCA_CODE,DCA_DESC,LIGHT_CONDITION,NODE_ID,ROAD_GEOMETRY_DESC,SEVERITY,SPEED_ZONE,RMA,ROAD_NAME,LGA_NAME,LATITUDE,LONGITUDE,YEAR,MONTH,MONTH_NAME,HOUR,TIME_PERIOD,DAY_TYPE
T20220005993,2022-03-17,07:10:00,1,Collision with vehicle,4,Thursday,120,HEAD ON (NOT OVERTAKING),1,43425,Cross intersection,3,70,Local Road,HALL,FRANKSTON,-38.102497,145.19687,2022,3,March,7,Morning Peak,Weekday
T20220005994,2022-03-17,05:50:00,1,Collision with vehicle,4,Thursday,133,LANE SIDE SWIPE (VEHICLES IN PARALLEL LANES),2,774612,Not at intersection,3,100,Freeway,MONASH OUT-STUD,DANDENONG,-37.957306,145.22218,2022,3,March,5,Morning Peak,Weekday
T20220005998,2022-03-17,10:28:00,1,Collision with vehicle,4,Thursday,121,RIGHT THROUGH,1,41747,Cross intersection,2,60,Arterial Other,BLACKBURN,MONASH,-37.876495,145.14758,2022,3,March,10,Midday,Weekday
T20220006000,2022-03-17,10:25:00,1,Collision with vehicle,4,Thursday,130,REAR END(VEHICLES IN SAME LANE),1,711849,Not at intersection,3,100,Local Road,WOORNDOO-STREATHAM,MOYNE,-37.788715,142.95805,2022,3,March,10,Midday,Weekday
T20220006002,2022-03-17,10:11:00,1,Collision with vehicle,4,Thursday,160,VEHICLE COLLIDES WITH VEHICLE PARKED ON LEFT OF ROAD,1,736546,Not at intersection,2,80,Arterial Highway,BELLARINE,GEELONG,-38.179405,144.42342,2022,3,March,10,Midday,Weekday
T20220006011,2022-03-17,13:35:00,6,Vehicle overturned (no collision),4,Thursday,174,OUT OF CONTROL ON CARRIAGEWAY (ON STRAIGHT),1,72195,T intersection,3,60,Local Road,NORMANBY,BAW BAW,-38.156166,145.94055,2022,3,March,13,Midday,Weekday
T20220006015,2022-03-17,11:15:00,1,Collision with vehicle,4,Thursday,147,VEHICLE STRIKES ANOTHER VEH WHILE EMERGING FROM DRIVEWAY,1,254058,Not at intersection,3,80,Arterial Highway,MIDLAND,MOUNT ALEXANDER,-37.01563,144.24161,2022,3,March,11,Midday,Weekday
T20220006110,2022-03-18,08:02:00,1,Collision with vehicle,5,Friday,121,RIGHT THROUGH,1,10596,Cross intersection,2,60,Arterial Other,GLENROY,MORELAND,-37.706276,144.91614,2022,3,March,8,Morning Peak,Weekday
T20220006122,2022-03-18,17:00:00,1,Collision with vehicle,5,Friday,160,VEHICLE COLLIDES WITH VEHICLE PARKED ON LEFT OF ROAD,1,711595,Not at intersection,2,60,Local Road,LAWRENCE,WODONGA,-36.123722,146.8823,2022,3,March,17,Afternoon Peak,Weekday
T20220006144,2022-03-18,22:00:00,4,Collision with a fixed object,5,Friday,171,LEFT OFF CARRIAGEWAY INTO OBJECT/PARKED VEHICLE,5,773894,Not at intersection,3,100,Local Road,GILBERTS,STRATHBOGIE,-36.831985,145.39491,2022,3,March,22,Night,Weekday
T20220006249,2022-03-18,09:00:00,1,Collision with vehicle,5,Friday,116,LEFT NEAR (INTERSECTIONS ONLY),1,49318,Multiple intersection,3,60,Arterial Highway,CHAPEL STREET -MCIVOR,BENDIGO,-36.758373,144.28738,2022,3,March,9,Morning Peak,Weekday
T20220006309,2022-03-18,18:00:00,1,Collision with vehicle,5,Friday,130,REAR END(VEHICLES IN SAME LANE),1,708940,Not at intersection,3,80,Freeway,FRANKSTON,FRANKSTON,-38.137573,145.13678,2022,3,March,18,Afternoon Peak,Weekday
T20220008768,2022-03-18,08:42:00,1,Collision with vehicle,5,Friday,160,VEHICLE COLLIDES WITH VEHICLE PARKED ON LEFT OF ROAD,1,714375,Not at intersection,3,60,Local Road,GLADSTONE,DANDENONG,-37.96217,145.2063,2022,3,March,8,Morning Peak,Weekday
T20220006121,2022-03-18,13:47:00,1,Collision with vehicle,5,Friday,110,CROSS TRAFFIC(INTERSECTIONS ONLY),1,707275,Cross intersection,1,100,Arterial Other,CURDIES-LEICHFIELD,CORANGAMITE,-38.39839,142.95613,2022,3,March,13,Midday,Weekday
T20220006090,2022-03-18,07:10:00,1,Collision with vehicle,5,Friday,120,HEAD ON (NOT OVERTAKING),5,707632,Not at intersection,2,60,Arterial Highway,GREAT OCEAN,SURF COAST,-38.4973,144.00851,2022,3,March,7,Morning Peak,Weekday
T20220008070,2022-03-18,14:30:00,1,Collision with vehicle,5,Friday,114,TWO RIGHT TURNING (INTERSECTIONS ONLY),1,50100,T intersection,3,60,Arterial Other,BARRABOOL,GEELONG,-38.17003,144.31422,2022,3,March,14,Midday,Weekday
T20220006101,2022-03-18,11:45:00,1,Collision with vehicle,5,Friday,120,HEAD ON (NOT OVERTAKING),1,710793,Not at intersection,2,80,Arterial Highway,BELLARINE,GEELONG,-38.207127,144.50616,2022,3,March,11,Midday,Weekday
T20220006623,2022-03-18,17:30:00,1,Collision with vehicle,5,Friday,137,LEFT TURN SIDESWIPE,1,232235,T intersection,3,60,Arterial Other,HEIDELBERG,DAREBIN,-37.783764,145.01501,2022,3,March,17,Afternoon Peak,Weekday
T20220006469,2022-03-18,18:21:00,4,Collision with a fixed object,5,Friday,171,LEFT OFF CARRIAGEWAY INTO OBJECT/PARKED VEHICLE,1,595273,Not at intersection,3,60,Local Road,ZIEGLER,WARRNAMBOOL,-38.385204,142.58815,2022,3,March,18,Afternoon Peak,Weekday
T20220006150,2022-03-18,23:15:00,2,Struck Pedestrian,5,Friday,102,FAR SIDE. PED HIT BY VEHICLE FROM THE LEFT,3,720016,T intersection,1,60,Arterial Other,BURWOOD,YARRA RANGES,-37.90661,145.34392,2022,3,March,23,Night,Weekday
T20220007006,2022-03-18,12:00:00,5,collision with some other object,5,Friday,166,STRUCK OBJECT ON CARRIAGEWAY,1,708151,Not at intersection,3,60,Local Road,COPELANDS,BAW BAW,-38.15328,145.96083,2022,3,March,12,Midday,Weekday
T20220006142,2022-03-18,19:18:00,1,Collision with vehicle,5,Friday,160,VEHICLE COLLIDES WITH VEHICLE PARKED ON LEFT OF ROAD,1,708237,Not at intersection,2,50,Local Road,PEARL RIVER,MELBOURNE,-37.811714,144.9361,2022,3,March,19,Night,Weekday
T20220006063,2022-03-18,02:00:00,1,Collision with vehicle,5,Friday,163,VEHICLE STRIKES DOOR OF PARKED/STATIONARY VEHICLE,3,727797,Not at intersection,3,40,Arterial Other,DERRIMUT,WYNDHAM,-37.891834,144.68022,2022,3,March,2,Late Night,Weekday
T20220006137,2022-03-18,17:36:00,8,No collision and no object struck,5,Friday,170,OFF CARRIAGEWAY TO LEFT,1,17649,Cross intersection,3,80,Arterial Other,WANGARATTA-WHITFIELD,WANGARATTA,-36.439907,146.36061,2022,3,March,17,Afternoon Peak,Weekday
T20220020135,2022-03-18,06:00:00,5,collision with some other object,5,Friday,191,LOAD OR MISSILE STRUCK VEHICLE,9,732100,Not at intersection,3,100,Freeway,GEELONG RING,GEELONG,-38.080807,144.3326,2022,3,March,6,Morning Peak,Weekday
T20220006100,2022-03-18,13:23:00,4,Collision with a fixed object,5,Friday,171,LEFT OFF CARRIAGEWAY INTO OBJECT/PARKED VEHICLE,1,712926,T intersection,3,60,Arterial Other,HALLIDAY,MONASH,-37.882793,145.11125,2022,3,March,13,Midday,Weekday
T20220006924,2022-03-18,17:00:00,6,Vehicle overturned (no collision),5,Friday,174,OUT OF CONTROL ON CARRIAGEWAY (ON STRAIGHT),1,61867,Cross intersection,3,50,Local Road,MORRIS,MELTON,-37.69463,144.56908,2022,3,March,17,Afternoon Peak,Weekday
T20220006099,2022-03-18,13:19:00,1,Collision with vehicle,5,Friday,140,U TURN,1,46169,T intersection,2,60,Arterial Other,BRIDGE,YARRA,-37.819683,145.01001,2022,3,March,13,Midday,Weekday
T20220006153,2022-03-18,00:00:00,4,Collision with a fixed object,5,Friday,183,OFF LEFT BEND INTO OBJECT/PARKED VEHICLE,5,778651,Not at intersection,1,60,Arterial Other,HEALESVILLE-KINGLAKE,YARRA RANGES,-37.60992,145.49405,2022,3,March,0,Late Night,Weekday
T20220007646,2022-03-18,23:32:00,1,Collision with vehicle,5,Friday,121,RIGHT THROUGH,3,282000,Multiple intersection,3,80,Freeway,BURWOOD,KNOX,-37.86163,145.21243,2022,3,March,23,Night,Weekday
T20220006098,2022-03-18,12:30:00,1,Collision with vehicle,5,Friday,110,CROSS TRAFFIC(INTERSECTIONS ONLY),1,223827,Cross intersection,2,70,Arterial Highway,PRINCES,GEELONG,-38.19689,144.3187,2022,3,March,12,Midday,Weekday
T20220007268,2022-03-18,09:42:00,4,Collision with a fixed object,5,Friday,173,RIGHT OFF CARRIAGEWAY INTO OBJECT/PARKED VEHICLE,1,708572,Not at intersection,3,100,Local Road,CONNS,MOYNE,-38.347473,142.42563,2022,3,March,9,Morning Peak,Weekday
T20220006084,2022-03-18,05:57:00,1,Collision with vehicle,5,Friday,130,REAR END(VEHICLES IN SAME LANE),3,778717,Not at intersection,3,100,Freeway,PRINCES,HOBSONS BAY,-37.850014,144.77982,2022,3,March,5,Morning Peak,Weekday
T20220006238,2022-03-18,23:00:00,6,Vehicle overturned (no collision),5,Friday,182,OFF CARRIAGEWAY ON LEFT BEND,5,765420,Not at intersection,3,100,Arterial Highway,HAMILTON,MOYNE,-37.98184,142.59448,2022,3,March,23,Night,Weekday
T20220006055,2022-03-18,20:02:00,1,Collision with vehicle,5,Friday,121,RIGHT THROUGH,3,298145,T intersection,3,60,Arterial Other,CRAIGIEBURN,HUME,-37.59721,144.94293,2022,3,March,20,Night,Weekday
T20220006124,2022-03-18,13:30:00,6,Vehicle overturned (no collision),5,Friday,174,OUT OF CONTROL ON CARRIAGEWAY (ON STRAIGHT),1,707128,Not at intersection,1,100,Local Road,GODDARD,CAMPASPE,-36.23432,145.06784,2022,3,March,13,Midday,Weekday
T20220009444,2022-03-18,12:00:00,7,Fall from or in moving vehicle,5,Friday,152,PULLING OUT (OVERTAKING),9,781686,Not at intersection,3,60,Local Road,PEARL RIVER,MELBOURNE,-37.812702,144.93643,2022,3,March,12,Midday,Weekday
T20220007764,2022-03-18,15:55:00,4,Collision with a fixed object,5,Friday,171,LEFT OFF CARRIAGEWAY INTO OBJECT/PARKED VEHICLE,1,709559,Not at intersection,3,80,Arterial Highway,NEPEAN,MORNINGTON PENINSULA,-38.230663,145.04353,2022,3,March,15,Afternoon Peak,Weekday
T20220006138,2022-03-18,14:00:00,2,Struck Pedestrian,5,Friday,103,PED PLAYING/LYING/WORKING/STANDING ON CARRIAGEWAY.,1,781688,Not at intersection,3,50,Local Road,WAHROONGAA,GLEN EIRA,-37.888596,145.07205,2022,3,March,14,Midday,Weekday
T20220006464,2022-03-18,15:15:00,1,Collision with vehicle,5,Friday,130,REAR END(VEHICLES IN SAME LANE),9,712367,Not at intersection,3,80,Freeway,WEST GATE,HOBSONS BAY,-37.82573,144.83078,2022,3,March,15,Afternoon Peak,Weekday
T20220006109,2022-03-18,14:05:00,1,Collision with vehicle,5,Friday,135,LANE CHANGE LEFT (NOT OVERTAKING),1,707538,Not at intersection,2,100,Freeway,WESTERN RING,MORELAND,-37.69462,144.9204,2022,3,March,14,Midday,Weekday
T20220007138,2022-03-18,18:00:00,1,Collision with vehicle,5,Friday,131,LEFT REAR,1,778715,T intersection,3,60,Local Road,CODRINGTON,CASEY,-38.113327,145.28471,2022,3,March,18,Afternoon Peak,Weekday
T20220014237,2022-03-18,15:45:00,1,Collision with vehicle,5,Friday,130,REAR END(VEHICLES IN SAME LANE),1,716070,Not at intersection,3,50,Arterial Other,BOLTON,BANYULE,-37.7228,145.13664,2022,3,March,15,Afternoon Peak,Weekday
T20220006075,2022-03-18,07:55:00,1,Collision with vehicle,5,Friday,130,REAR END(VEHICLES IN SAME LANE),1,707376,T intersection,2,60,Arterial Highway,SOUTH GIPPSLAND,CASEY,-38.210304,145.37729,2022,3,March,7,Morning Peak,Weekday
T20220006173,2022-03-19,10:40:00,2,Struck Pedestrian,6,Saturday,100,PED NEAR SIDE. PED HIT BY VEHICLE FROM THE RIGHT.,1,707421,Cross intersection,2,60,Arterial Highway,BELL,BANYULE,-37.752693,145.05022,2022,3,March,10,Midday,Weekend
T20220006196,2022-03-19,12:30:00,6,Vehicle overturned (no collision),6,Saturday,174,OUT OF CONTROL ON CARRIAGEWAY (ON STRAIGHT),1,709584,Not at intersection,2,100,Arterial Highway,MONARO,EAST GIPPSLAND,-37.236137,149.26913,2022,3,March,12,Midday,Weekend
T20220006167,2022-03-19,11:08:00,1,Collision with vehicle,6,Saturday,121,RIGHT THROUGH,1,52909,Cross intersection,3,50,Arterial Highway,DOVETON,BALLARAT,-37.565903,143.85402,2022,3,March,11,Midday,Weekend
T20220006166,2022-03-19,09:30:00,1,Collision with vehicle,6,Saturday,121,RIGHT THROUGH,1,67106,T intersection,3,60,Arterial Highway,TOORAK,BOROONDARA,-37.846504,145.06113,2022,3,March,9,Morning Peak,Weekend
T20220006162,2022-03-19,08:25:00,3,Struck animal,6,Saturday,167,STRUCK ANIMAL,1,707534,Not at intersection,2,50,Local Road,DAWSON,NILLUMBIK,-37.67185,145.23317,2022,3,March,8,Morning Peak,Weekend
T20220016332,2022-03-19,17:10:00,1,Collision with vehicle,6,Saturday,113,RIGHT NEAR (INTERSECTIONS ONLY),9,718806,Cross intersection,3,60,Arterial Highway,BELL,BANYULE,-37.75122,145.04605,2022,3,March,17,Afternoon Peak,Weekend
T20220006195,2022-03-19,10:25:00,1,Collision with vehicle,6,Saturday,147,VEHICLE STRIKES ANOTHER VEH WHILE EMERGING FROM DRIVEWAY,1,226252,Not at intersection,2,60,Local Road,CAROLINE SPRINGS,MELTON,-37.754898,144.73978,2022,3,March,10,Midday,Weekend
T20220006796,2022-03-19,06:30:00,1,Collision with vehicle,6,Saturday,130,REAR END(VEHICLES IN SAME LANE),2,708941,Not at intersection,3,50,Arterial Other,SYDNEY,MORELAND,-37.76277,144.96286,2022,3,March,6,Morning Peak,Weekend
T20220006272,2022-03-19,15:50:00,1,Collision with vehicle,6,Saturday,130,REAR END(VEHICLES IN SAME LANE),1,708649,Not at intersection,3,60,Local Road,GREVILLEA,BALLARAT,-37.526627,143.825,2022,3,March,15,Afternoon Peak,Weekend
T20220006228,2022-03-19,18:50:00,1,Collision with vehicle,6,Saturday,110,CROSS TRAFFIC(INTERSECTIONS ONLY),1,773146,Cross intersection,3,60,Local Road,HIGHLANDER,HUME,-37.570034,144.89697,2022,3,March,18,Afternoon Peak,Weekend
T20220006227,2022-03-19,21:44:00,1,Collision with vehicle,6,Saturday,120,HEAD ON (NOT OVERTAKING),3,709174,Not at intersection,3,60,Arterial Other,CENTRE,DANDENONG,-37.932583,145.15135,2022,3,March,21,Night,Weekend
T20220006208,2022-03-19,17:49:00,2,Struck Pedestrian,6,Saturday,102,FAR SIDE. PED HIT BY VEHICLE FROM THE LEFT,1,708848,Not at intersection,3,60,Arterial Other,PLUMMER,PORT PHILLIP,-37.831985,144.92868,2022,3,March,17,Afternoon Peak,Weekend
T20220006204,2022-03-19,13:30:00,4,Collision with a fixed object,6,Saturday,173,RIGHT OFF CARRIAGEWAY INTO OBJECT/PARKED VEHICLE,1,707719,Not at intersection,2,100,Local Road,SPILLWAY,BAW BAW,-38.087204,146.20021,2022,3,March,13,Midday,Weekend
T20220006207,2022-03-19,14:50:00,1,Collision with vehicle,6,Saturday,130,REAR END(VEHICLES IN SAME LANE),1,102918,Not at intersection,3,80,Arterial Highway,PRINCES,CASEY,-38.003635,145.2527,2022,3,March,14,Midday,Weekend
T20220006942,2022-03-19,14:00:00,1,Collision with vehicle,6,Saturday,130,REAR END(VEHICLES IN SAME LANE),1,710079,Not at intersection,3,60,Arterial Other,HEATHS,WYNDHAM,-37.87969,144.70483,2022,3,March,14,Midday,Weekend
T20220006180,2022-03-19,12:30:00,1,Collision with vehicle,6,Saturday,113,RIGHT NEAR (INTERSECTIONS ONLY),1,45002,T intersection,2,70,Arterial Other,BALLARAT,BRIMBANK,-37.77616,144.82039,2022,3,March,12,Midday,Weekend
T20220008319,2022-03-19,12:00:00,1,Collision with vehicle,6,Saturday,111,RIGHT FAR (INTERSECTIONS ONLY),1,709503,T intersection,3,80,Arterial Other,WESTALL,DANDENONG,-37.979736,145.14305,2022,3,March,12,Midday,Weekend
T20220006181,2022-03-19,09:00:00,1,Collision with vehicle,6,Saturday,110,CROSS TRAFFIC(INTERSECTIONS ONLY),1,50699,Cross intersection,3,60,Arterial Highway,RAGLAN,WARRNAMBOOL,-38.382908,142.49031,2022,3,March,9,Morning Peak,Weekend
T20220006206,2022-03-19,18:00:00,1,Collision with vehicle,6,Saturday,147,VEHICLE STRIKES ANOTHER VEH WHILE EMERGING FROM DRIVEWAY,1,712929,Not at intersection,3,50,Local Road,OULTON,MORELAND,-37.69705,144.97264,2022,3,March,18,Afternoon Peak,Weekend
T20220006182,2022-03-19,11:00:00,1,Collision with vehicle,6,Saturday,160,VEHICLE COLLIDES WITH VEHICLE PARKED ON LEFT OF ROAD,1,213848,Not at intersection,3,50,Arterial Highway,POINT NEPEAN,MORNINGTON PENINSULA,-38.36163,144.8838,2022,3,March,11,Midday,Weekend
T20220006169,2022-03-19,09:12:00,1,Collision with vehicle,6,Saturday,113,RIGHT NEAR (INTERSECTIONS ONLY),1,45039,T intersection,2,60,Arterial Highway,PRINCES,LATROBE,-38.198875,146.53496,2022,3,March,9,Morning Peak,Weekend
T20220006261,2022-03-19,15:57:00,1,Collision with vehicle,6,Saturday,120,HEAD ON (NOT OVERTAKING),1,45231,Y intersection,2,60,Arterial Other,RALEIGH,MARIBYRNONG,-37.768646,144.88928,2022,3,March,15,Afternoon Peak,Weekend
T20220008360,2022-03-19,21:37:00,1,Collision with vehicle,6,Saturday,120,HEAD ON (NOT OVERTAKING),3,710621,Not at intersection,3,50,Local Road,THE AVENUE,BRIMBANK,-37.798817,144.80347,2022,3,March,21,Night,Weekend
T20220006184,2022-03-19,08:02:00,1,Collision with vehicle,6,Saturday,130,REAR END(VEHICLES IN SAME LANE),1,67820,T intersection,3,50,Local Road,INKERMAN,PORT PHILLIP,-37.865677,144.99387,2022,3,March,8,Morning Peak,Weekend
T20220006253,2022-03-19,12:15:00,1,Collision with vehicle,6,Saturday,130,REAR END(VEHICLES IN SAME LANE),1,712712,Cross intersection,3,60,Local Road,LIVERPOOL,MAROONDAH,-37.818268,145.31682,2022,3,March,12,Midday,Weekend
T20220006192,2022-03-19,15:18:00,6,Vehicle overturned (no collision),6,Saturday,170,OFF CARRIAGEWAY TO LEFT,1,944,T intersection,2,80,Arterial Highway,MOOROODUC,FRANKSTON,-38.153652,145.13387,2022,3,March,15,Afternoon Peak,Weekend
T20220006201,2022-03-19,18:30:00,1,Collision with vehicle,6,Saturday,121,RIGHT THROUGH,1,780169,Cross intersection,3,80,Arterial Highway,SOUTH GIPPSLAND,CASEY,-38.113064,145.28278,2022,3,March,18,Afternoon Peak,Weekend
T20220006226,2022-03-19,19:57:00,4,Collision with a fixed object,6,Saturday,173,RIGHT OFF CARRIAGEWAY INTO OBJECT/PARKED VEHICLE,3,781692,Not at intersection,3,70,Arterial Highway,DANDENONG,MONASH,-37.922424,145.13976,2022,3,March,19,Night,Weekend
T20220007298,2022-03-19,21:35:00,1,Collision with vehicle,6,Saturday,112,LEFT FAR (INTERSECTIONS ONLY),3,709560,Multiple intersection,3,80,Arterial Highway,DINGLEY,KINGSTON,-37.96045,145.12115,2022,3,March,21,Night,Weekend
T20220006213,2022-03-19,18:05:00,1,Collision with vehicle,6,Saturday,116,LEFT NEAR (INTERSECTIONS ONLY),1,675917,Cross intersection,3,80,Arterial Other,BRIDGE,CARDINIA,-38.074715,145.43495,2022,3,March,18,Afternoon Peak,Weekend
T20220006219,2022-03-19,20:15:00,9,Other accident,6,Saturday,109,ANY MANOEUVRE INVOLVING PED NOT INCLUDED IN DCAs 100-108.,3,707634,Multiple intersection,2,70,Arterial Other,UNNAMED,WYNDHAM,-37.879387,144.70715,2022,3,March,20,Night,Weekend
T20220006202,2022-03-19,18:09:00,1,Collision with vehicle,6,Saturday,113,RIGHT NEAR (INTERSECTIONS ONLY),1,39195,Cross intersection,3,60,Arterial Other,MAIN,BRIMBANK,-37.742332,144.78291,2022,3,March,18,Afternoon Peak,Weekend
T20220006210,2022-03-19,15:35:00,1,Collision with vehicle,6,Saturday,194,PARKED CAR RUN AWAY,1,707378,Dead end,3,50,Local Road,MEADOWVIEW,KNOX,-37.896038,145.2781,2022,3,March,15,Afternoon Peak,Weekend
T20220006179,2022-03-19,08:49:00,2,Struck Pedestrian,6,Saturday,100,PED NEAR SIDE. PED HIT BY VEHICLE FROM THE RIGHT.,1,711571,Cross intersection,2,40,Local Road,ROSS,MORELAND,-37.736004,144.96509,2022,3,March,8,Morning Peak,Weekend
T20220006198,2022-03-19,12:19:00,4,Collision with a fixed object,6,Saturday,183,OFF LEFT BEND INTO OBJECT/PARKED VEHICLE,1,707276,Not at intersection,1,80,Arterial Other,HYLAND,WELLINGTON,-38.353085,146.71497,2022,3,March,12,Midday,Weekend
T20220006174,2022-03-19,12:01:00,1,Collision with vehicle,6,Saturday,130,REAR END(VEHICLES IN SAME LANE),1,709583,Not at intersection,3,100,Arterial Other,WANGARATTA-WHITFIELD,WANGARATTA,-36.391624,146.33644,2022,3,March,12,Midday,Weekend
T20220006203,2022-03-19,16:40:00,5,collision with some other object,6,Saturday,173,RIGHT OFF CARRIAGEWAY INTO OBJECT/PARKED VEHICLE,1,711596,Not at intersection,3,50,Local Road,COWIE,GEELONG,-38.106045,144.35127,2022,3,March,16,Afternoon Peak,Weekend
T20220006220,2022-03-19,21:14:00,6,Vehicle overturned (no collision),6,Saturday,174,OUT OF CONTROL ON CARRIAGEWAY (ON STRAIGHT),3,707315,Not at intersection,2,40,Arterial Other,CARLISLE,PORT PHILLIP,-37.868454,144.99103,2022,3,March,21,Night,Weekend
T20220006494,2022-03-19,15:30:00,1,Collision with vehicle,6,Saturday,135,LANE CHANGE LEFT (NOT OVERTAKING),1,693675,Cross intersection,3,80,Arterial Other,PALMERS ROAD -ROBINSONS,WYNDHAM,-37.81043,144.75082,2022,3,March,15,Afternoon Peak,Weekend
T20220006218,2022-03-19,20:20:00,4,Collision with a fixed object,6,Saturday,173,RIGHT OFF CARRIAGEWAY INTO OBJECT/PARKED VEHICLE,3,708495,Not at intersection,2,60,Arterial Other,WILLS,BENDIGO,-36.763218,144.2804,2022,3,March,20,Night,Weekend
T20220006265,2022-03-19,17:30:00,4,Collision with a fixed object,6,Saturday,175,OFF END OF ROAD/T-INTERSECTION.,1,707585,T intersection,3,50,Arterial Other,ODONNELL AVENUE -PRINCE,ALPINE,-36.550735,146.72702,2022,3,March,17,Afternoon Peak,Weekend
T20220006224,2022-03-19,16:42:00,1,Collision with vehicle,6,Saturday,113,RIGHT NEAR (INTERSECTIONS ONLY),1,254738,T intersection,3,80,Arterial Other,PRINCES,CARDINIA,-38.0643,145.46413,2022,3,March,16,Afternoon Peak,Weekend
T20220006225,2022-03-19,05:45:00,6,Vehicle overturned (no collision),6,Saturday,180,OFF CARRIAGEWAY ON RIGHT BEND,5,712196,T intersection,3,100,Arterial Highway,STRZELECKI,SOUTH GIPPSLAND,-38.44581,146.0241,2022,3,March,5,Morning Peak,Weekend
T20220006212,2022-03-19,19:00:00,1,Collision with vehicle,6,Saturday,153,CUTTING IN (OVERTAKING),1,708849,Not at intersection,3,60,Arterial Highway,MONTAGUE,PORT PHILLIP,-37.827637,144.94716,2022,3,March,19,Night,Weekend
T20220006217,2022-03-19,17:40:00,1,Collision with vehicle,6,Saturday,133,LANE SIDE SWIPE (VEHICLES IN PARALLEL LANES),1,35362,Cross intersection,2,40,Local Road,LITTLE LONSDALE,MELBOURNE,-37.809856,144.96675,2022,3,March,17,Afternoon Peak,Weekend
T20220018558,2022-03-20,01:15:00,1,Collision with vehicle,7,Sunday,132,RIGHT REAR.,6,42200,T intersection,3,60,Arterial Other,BAY,BAYSIDE,-37.956787,145.04652,2022,3,March,1,Late Night,Weekend
T20220006281,2022-03-20,20:42:00,4,Collision with a fixed object,7,Sunday,171,LEFT OFF CARRIAGEWAY INTO OBJECT/PARKED VEHICLE,5,720141,Not at intersection,3,60,Arterial Highway,WHITEHORSE,WHITEHORSE,-37.815426,145.10275,2022,3,March,20,Night,Weekend
T20220006252,2022-03-20,12:18:00,1,Collision with vehicle,7,Sunday,139,OTHER SAME DIRECTION-MANOUEVRES NOT INCLUDED IN DCAs 130-137,1,710746,Not at intersection,2,80,Arterial Highway,DANDENONG,DANDENONG,-37.997322,145.16129,2022,3,March,12,Midday,Weekend
T20220006282,2022-03-20,20:30:00,4,Collision with a fixed object,7,Sunday,173,RIGHT OFF CARRIAGEWAY INTO OBJECT/PARKED VEHICLE,3,715187,Not at intersection,3,50,Local Road,YUILLE,BAYSIDE,-37.92731,145.00041,2022,3,March,20,Night,Weekend
T20220007109,2022-03-20,02:00:00,1,Collision with vehicle,7,Sunday,121,RIGHT THROUGH,3,240956,T intersection,3,40,Local Road,ARGYLE,MELBOURNE,-37.803383,144.96497,2022,3,March,2,Late Night,Weekend
T20220006248,2022-03-20,09:50:00,1,Collision with vehicle,7,Sunday,131,LEFT REAR,1,43373,T intersection,3,60,Arterial Other,SEAFORD,FRANKSTON,-38.110706,145.13211,2022,3,March,9,Morning Peak,Weekend
T20220006294,2022-03-20,19:30:00,2,Struck Pedestrian,7,Sunday,100,PED NEAR SIDE. PED HIT BY VEHICLE FROM THE RIGHT.,3,270761,T intersection,2,40,Arterial Highway,SPRINGVALE,DANDENONG,-37.95086,145.15256,2022,3,March,19,Night,Weekend
T20220006298,2022-03-20,16:57:00,1,Collision with vehicle,7,Sunday,113,RIGHT NEAR (INTERSECTIONS ONLY),1,15423,T intersection,2,60,Local Road,ROSLYN,GEELONG,-38.17184,144.31297,2022,3,March,16,Afternoon Peak,Weekend
T20220006254,2022-03-20,01:00:00,1,Collision with vehicle,7,Sunday,110,CROSS TRAFFIC(INTERSECTIONS ONLY),3,36057,Cross intersection,2,80,Arterial Other,DOHERTYS,WYNDHAM,-37.824944,144.74886,2022,3,March,1,Late Night,Weekend
T20220008384,2022-03-20,12:00:00,1,Collision with vehicle,7,Sunday,163,VEHICLE STRIKES DOOR OF PARKED/STATIONARY VEHICLE,1,719294,Not at intersection,3,40,Local Road,NAPIER,YARRA,-37.807995,144.97911,2022,3,March,12,Midday,Weekend
T20220006319,2022-03-20,08:50:00,8,No collision and no object struck,7,Sunday,174,OUT OF CONTROL ON CARRIAGEWAY (ON STRAIGHT),1,755973,T intersection,3,100,Arterial Other,FEDERATION,WANGARATTA,-36.31538,146.36859,2022,3,March,8,Morning Peak,Weekend
T20220006330,2022-03-20,16:25:00,6,Vehicle overturned (no collision),7,Sunday,182,OFF CARRIAGEWAY ON LEFT BEND,1,708593,Not at intersection,2,80,Arterial Other,MOUNT BUFFALO,ALPINE,-36.70874,146.80653,2022,3,March,16,Afternoon Peak,Weekend
T20220012038,2022-03-20,14:19:00,1,Collision with vehicle,7,Sunday,130,REAR END(VEHICLES IN SAME LANE),1,713288,Not at intersection,3,80,Arterial Highway,SPRINGVALE,MONASH,-37.882336,145.16531,2022,3,March,14,Midday,Weekend
T20220006313,2022-03-20,05:20:00,1,Collision with vehicle,7,Sunday,121,RIGHT THROUGH,3,921,Cross intersection,2,70,Arterial Highway,FRANKSTON-DANDENONG,FRANKSTON,-38.112686,145.1575,2022,3,March,5,Morning Peak,Weekend
T20220006317,2022-03-20,20:00:00,3,Struck animal,7,Sunday,167,STRUCK ANIMAL,2,708942,Not at intersection,2,100,Local Road,CRESWICK-DEAN,HEPBURN,-37.456005,143.96346,2022,3,March,20,Night,Weekend