ACCIDENT_NO,ACCIDENT_DATE,ACCIDENT_TIME,ACCIDENT_TYPE,ACCIDENT_TYPE_DESC,DAY_OF_WEEK,DAY_WEEK_DESC,DCA_CODE,DCA_DESC,LIGHT_CONDITION,NODE_ID,ROAD_GEOMETRY_DESC,SEVERITY,SPEED_ZONE,RMA,ROAD_NAME,LGA_NAME,LATITUDE,LONGITUDE,YEAR,MONTH,MONTH_NAME,HOUR,TIME_PERIOD,DAY_TYPE
T20220006651,2022-03-20,13:25:00,1,Collision with vehicle,7,Sunday,130,REAR END(VEHICLES IN SAME LANE),1,712944,Not at intersection,3,70,Arterial Highway,TORQUAY,GEELONG,-38.194904,144.34256,2022,3,March,13,Midday,Weekend
T20220006244,2022-03-20,11:32:00,1,Collision with vehicle,7,Sunday,121,RIGHT THROUGH,1,29766,Cross intersection,2,60,Arterial Highway,SOUTH GIPPSLAND,CASEY,-38.113033,145.28279,2022,3,March,11,Midday,Weekend
T20220006635,2022-03-20,13:30:00,6,Vehicle overturned (no collision),7,Sunday,180,OFF CARRIAGEWAY ON RIGHT BEND,1,708142,Not at intersection,3,80,Arterial Other,MT BAW BAW TOURIST,(MOUNT BAW BAW),-37.83771,146.25267,2022,3,March,13,Midday,Weekend
T20220006746,2022-03-20,14:10:00,1,Collision with vehicle,7,Sunday,130,REAR END(VEHICLES IN SAME LANE),1,778766,Not at intersection,3,80,Arterial Highway,SPRINGVALE,DANDENONG,-37.933285,145.15567,2022,3,March,14,Midday,Weekend
T20220006236,2022-03-20,06:55:00,2,Struck Pedestrian,7,Sunday,102,FAR SIDE. PED HIT BY VEHICLE FROM THE LEFT,2,707540,T intersection,2,80,Arterial Other,FERNTREE GULLY,KNOX,-37.88668,145.26561,2022,3,March,6,Morning Peak,Weekend
T20220006232,2022-03-20,01:15:00,1,Collision with vehicle,7,Sunday,169,OTHER ON PATH,3,707468,Not at intersection,3,50,Local Road,ADENEY,BOROONDARA,-37.807995,145.04785,2022,3,March,1,Late Night,Weekend
T20220006780,2022-03-20,10:30:00,1,Collision with vehicle,7,Sunday,130,REAR END(VEHICLES IN SAME LANE),1,708570,Not at intersection,3,60,Local Road,GLENFERN,KNOX,-37.88894,145.28772,2022,3,March,10,Midday,Weekend
T20220006271,2022-03-20,19:16:00,1,Collision with vehicle,7,Sunday,110,CROSS TRAFFIC(INTERSECTIONS ONLY),2,46387,Cross intersection,3,70,Arterial Highway,LATROBE,GEELONG,-38.147415,144.35263,2022,3,March,19,Night,Weekend
T20220006250,2022-03-20,12:00:00,1,Collision with vehicle,7,Sunday,139,OTHER SAME DIRECTION-MANOUEVRES NOT INCLUDED IN DCAs 130-137,1,776881,Not at intersection,3,80,Arterial Other,OSHANNESSY,CARDINIA,-38.0686,145.47142,2022,3,March,12,Midday,Weekend
T20220010682,2022-03-20,18:45:00,1,Collision with vehicle,7,Sunday,120,HEAD ON (NOT OVERTAKING),3,55874,T intersection,3,60,Local Road,EDWARD,MORNINGTON PENINSULA,-38.22452,145.17506,2022,3,March,18,Afternoon Peak,Weekend
T20220006257,2022-03-20,15:15:00,4,Collision with a fixed object,7,Sunday,171,LEFT OFF CARRIAGEWAY INTO OBJECT/PARKED VEHICLE,1,707541,Not at intersection,3,70,Arterial Other,LEITH,YARRA RANGES,-37.809315,145.34412,2022,3,March,15,Afternoon Peak,Weekend
T20220006273,2022-03-20,17:43:00,1,Collision with vehicle,7,Sunday,132,RIGHT REAR.,1,720903,T intersection,3,60,Local Road,GLADSTONE,DANDENONG,-37.9666,145.20547,2022,3,March,17,Afternoon Peak,Weekend
T20220006277,2022-03-20,18:00:00,1,Collision with vehicle,7,Sunday,135,LANE CHANGE LEFT (NOT OVERTAKING),1,709043,Not at intersection,3,40,Freeway,HUME,WHITTLESEA,-37.68161,144.98503,2022,3,March,18,Afternoon Peak,Weekend
T20220006279,2022-03-20,22:28:00,1,Collision with vehicle,7,Sunday,121,RIGHT THROUGH,3,471,Multiple intersection,3,60,Arterial Other,RACECOURSE,MELBOURNE,-37.78746,144.92131,2022,3,March,22,Night,Weekend
T20220006245,2022-03-20,10:45:00,1,Collision with vehicle,7,Sunday,152,PULLING OUT (OVERTAKING),1,776828,T intersection,2,80,Arterial Other,SPRAGGS,MURRINDINDI,-37.531116,145.46172,2022,3,March,10,Midday,Weekend
T20220006676,2022-03-20,19:45:00,4,Collision with a fixed object,7,Sunday,171,LEFT OFF CARRIAGEWAY INTO OBJECT/PARKED VEHICLE,3,713037,T intersection,3,50,Local Road,VICKERS,BALLARAT,-37.592937,143.82501,2022,3,March,19,Night,Weekend
T20220006266,2022-03-20,14:37:00,1,Collision with vehicle,7,Sunday,121,RIGHT THROUGH,1,37525,T intersection,2,60,Arterial Other,BEACONSFIELD,PORT PHILLIP,-37.85157,144.95639,2022,3,March,14,Midday,Weekend
T20220006267,2022-03-20,13:17:00,1,Collision with vehicle,7,Sunday,110,CROSS TRAFFIC(INTERSECTIONS ONLY),1,50265,Cross intersection,1,60,Arterial Other,QUEENSCLIFF,GEELONG,-38.224762,144.63536,2022,3,March,13,Midday,Weekend
T20220006280,2022-03-20,20:15:00,1,Collision with vehicle,7,Sunday,113,RIGHT NEAR (INTERSECTIONS ONLY),3,53196,T intersection,3,60,Local Road,BRIDGEWATER,HUME,-37.606556,144.92859,2022,3,March,20,Night,Weekend
T20220006308,2022-03-21,12:00:00,2,Struck Pedestrian,1,Monday,100,PED NEAR SIDE. PED HIT BY VEHICLE FROM THE RIGHT.,1,707635,Not at intersection,2,50,Arterial Highway,GREAT OCEAN,SURF COAST,-38.404957,144.19191,2022,3,March,12,Midday,Weekday
T20220006316,2022-03-21,12:35:00,1,Collision with vehicle,1,Monday,121,RIGHT THROUGH,1,40291,Cross intersection,3,60,Arterial Other,GLENFERRIE,STONNINGTON,-37.84379,145.03154,2022,3,March,12,Midday,Weekday
T20220006318,2022-03-21,14:30:00,1,Collision with vehicle,1,Monday,110,CROSS TRAFFIC(INTERSECTIONS ONLY),1,233917,Cross intersection,3,80,Local Road,DAVIS,WYNDHAM,-37.815388,144.65686,2022,3,March,14,Midday,Weekday
T20220006324,2022-03-21,11:47:00,4,Collision with a fixed object,1,Monday,173,RIGHT OFF CARRIAGEWAY INTO OBJECT/PARKED VEHICLE,1,712014,Not at intersection,2,100,Freeway,PRINCES,HOBSONS BAY,-37.851994,144.77934,2022,3,March,11,Midday,Weekday
T20220006325,2022-03-21,14:21:00,2,Struck Pedestrian,1,Monday,107,PED ON FOOTHPATH STRUCK BY VEHENTERING/LEAVING DRIVEWAY.,1,707753,Not at intersection,3,50,Local Road,NORTH,BAW BAW,-38.158592,145.94951,2022,3,March,14,Midday,Weekday
T20220006326,2022-03-21,07:45:00,1,Collision with vehicle,1,Monday,121,RIGHT THROUGH,1,707544,T intersection,3,50,Local Road,KITCHENER,BOROONDARA,-37.809376,145.06564,2022,3,March,7,Morning Peak,Weekday
T20220006340,2022-03-21,15:10:00,1,Collision with vehicle,1,Monday,121,RIGHT THROUGH,1,54875,T intersection,3,60,Arterial Other,CENTRE DANDENONG,KINGSTON,-37.975063,145.12178,2022,3,March,15,Afternoon Peak,Weekday
T20220006342,2022-03-21,17:00:00,1,Collision with vehicle,1,Monday,130,REAR END(VEHICLES IN SAME LANE),1,715963,Not at intersection,3,70,Local Road,MCKIMMIES,WHITTLESEA,-37.677296,145.0525,2022,3,March,17,Afternoon Peak,Weekday
T20220006346,2022-03-21,17:34:00,1,Collision with vehicle,1,Monday,159,OTHER OVERTAKING MANOEUVRES NOT INCLUDED IN DCAs 150-154,1,710794,Not at intersection,2,60,Local Road,BARRIES,MELTON,-37.687565,144.5674,2022,3,March,17,Afternoon Peak,Weekday
T20220006347,2022-03-21,15:05:00,1,Collision with vehicle,1,Monday,130,REAR END(VEHICLES IN SAME LANE),1,707545,Not at intersection,3,90,Arterial Other,THOMPSONS,DANDENONG,-38.076607,145.23009,2022,3,March,15,Afternoon Peak,Weekday
T20220008173,2022-03-21,09:37:00,1,Collision with vehicle,1,Monday,130,REAR END(VEHICLES IN SAME LANE),1,709499,Not at intersection,3,60,Arterial Other,MITCHAM,WHITEHORSE,-37.81143,145.19324,2022,3,March,9,Morning Peak,Weekday
T20220006349,2022-03-21,15:15:00,1,Collision with vehicle,1,Monday,130,REAR END(VEHICLES IN SAME LANE),1,778768,Not at intersection,3,50,Local Road,OHEA,MORELAND,-37.737694,144.96626,2022,3,March,15,Afternoon Peak,Weekday
T20220006354,2022-03-21,18:34:00,2,Struck Pedestrian,1,Monday,103,PED PLAYING/LYING/WORKING/STANDING ON CARRIAGEWAY.,1,29427,Cross intersection,2,40,Local Road,COLLINS,MELBOURNE,-37.81549,144.96654,2022,3,March,18,Afternoon Peak,Weekday
T20220006356,2022-03-21,17:35:00,1,Collision with vehicle,1,Monday,113,RIGHT NEAR (INTERSECTIONS ONLY),1,292487,T intersection,2,60,Local Road,MILLER,WHITTLESEA,-37.640064,145.02129,2022,3,March,17,Afternoon Peak,Weekday
T20220006357,2022-03-21,19:42:00,1,Collision with vehicle,1,Monday,110,CROSS TRAFFIC(INTERSECTIONS ONLY),2,713128,Cross intersection,3,50,Local Road,THE PARADE,WHITTLESEA,-37.617283,145.01541,2022,3,March,19,Night,Weekday
T20220006358,2022-03-21,13:43:00,1,Collision with vehicle,1,Monday,116,LEFT NEAR (INTERSECTIONS ONLY),1,42956,T intersection,3,60,Arterial Other,CHANDLER,DANDENONG,-37.982098,145.18428,2022,3,March,13,Midday,Weekday
T20220006360,2022-03-21,17:40:00,1,Collision with vehicle,1,Monday,147,VEHICLE STRIKES ANOTHER VEH WHILE EMERGING FROM DRIVEWAY,1,781715,Not at intersection,3,60,Local Road,AITKEN,HUME,-37.6161,144.91338,2022,3,March,17,Afternoon Peak,Weekday
T20220006361,2022-03-21,18:01:00,1,Collision with vehicle,1,Monday,110,CROSS TRAFFIC(INTERSECTIONS ONLY),1,35494,Cross intersection,3,50,Arterial Other,UNION,PORT PHILLIP,-37.85343,144.9805,2022,3,March,18,Afternoon Peak,Weekday
T20220009396,2022-03-21,17:30:00,2,Struck Pedestrian,1,Monday,100,PED NEAR SIDE. PED HIT BY VEHICLE FROM THE RIGHT.,2,711134,Not at intersection,2,50,Arterial Highway,PALL MALL,BENDIGO,-36.759315,144.2791,2022,3,March,17,Afternoon Peak,Weekday
T20220006966,2022-03-21,17:17:00,1,Collision with vehicle,1,Monday,130,REAR END(VEHICLES IN SAME LANE),1,708242,Not at intersection,3,60,Local Road,CAMBRIDGE,YARRA RANGES,-37.794407,145.31978,2022,3,March,17,Afternoon Peak,Weekday
T20220006362,2022-03-21,21:37:00,1,Collision with vehicle,1,Monday,121,RIGHT THROUGH,3,52494,Cross intersection,3,50,Arterial Highway,DEAKIN,MILDURA,-34.18939,142.1572,2022,3,March,21,Night,Weekday
T20220006363,2022-03-21,20:43:00,1,Collision with vehicle,1,Monday,160,VEHICLE COLLIDES WITH VEHICLE PARKED ON LEFT OF ROAD,3,709564,Not at intersection,2,60,Local Road,LIVERPOOL,YARRA RANGES,-37.815,145.31648,2022,3,March,20,Night,Weekday
T20220006364,2022-03-21,19:00:00,4,Collision with a fixed object,1,Monday,151,OUT OF CONTROL (OVERTAKING),2,713840,Not at intersection,1,80,Arterial Other,LINCOLN,WODONGA,-36.103798,146.89691,2022,3,March,19,Night,Weekday
T20220006367,2022-03-21,21:27:00,5,collision with some other object,1,Monday,166,STRUCK OBJECT ON CARRIAGEWAY,3,707546,Not at intersection,3,100,Freeway,WESTERN RING,BRIMBANK,-37.767487,144.81415,2022,3,March,21,Night,Weekday
T20220006371,2022-03-21,22:34:00,1,Collision with vehicle,1,Monday,121,RIGHT THROUGH,3,773895,T intersection,3,60,Local Road,MCCORMICKS,FRANKSTON,-38.117123,145.19405,2022,3,March,22,Night,Weekday
T20220006391,2022-03-21,17:00:00,1,Collision with vehicle,1,Monday,131,LEFT REAR,1,43620,T intersection,3,50,Arterial Highway,PRINCES,CASEY,-38.01419,145.29015,2022,3,March,17,Afternoon Peak,Weekday
T20220006431,2022-03-21,13:42:00,1,Collision with vehicle,1,Monday,110,CROSS TRAFFIC(INTERSECTIONS ONLY),1,56784,Cross intersection,3,60,Local Road,BRIDGEWATER,HUME,-37.619022,144.92783,2022,3,March,13,Midday,Weekday
T20220006461,2022-03-21,04:40:00,3,Struck animal,1,Monday,167,STRUCK ANIMAL,5,773901,Not at intersection,3,100,Local Road,CASTLE CREEK,WODONGA,-36.172394,146.87167,2022,3,March,4,Late Night,Weekday
T20220006513,2022-03-21,20:30:00,1,Collision with vehicle,1,Monday,130,REAR END(VEHICLES IN SAME LANE),6,773902,T intersection,3,60,Local Road,WILSONS,MORNINGTON PENINSULA,-38.229755,145.03757,2022,3,March,20,Night,Weekday
T20220006560,2022-03-21,16:40:00,1,Collision with vehicle,1,Monday,130,REAR END(VEHICLES IN SAME LANE),1,773903,Not at intersection,2,70,Arterial Other,TAYLORS,BRIMBANK,-37.729446,144.81412,2022,3,March,16,Afternoon Peak,Weekday
T20220006565,2022-03-21,11:00:00,1,Collision with vehicle,1,Monday,152,PULLING OUT (OVERTAKING),1,708060,Not at intersection,3,40,Arterial Other,STATION,DAREBIN,-37.777718,145.01834,2022,3,March,11,Midday,Weekday
T20220006578,2022-03-21,17:00:00,6,Vehicle overturned (no collision),1,Monday,180,OFF CARRIAGEWAY ON RIGHT BEND,1,715070,Not at intersection,3,100,Arterial Other,RUSHWORTH-TATURA,CAMPASPE,-36.503796,145.09866,2022,3,March,17,Afternoon Peak,Weekday
T20220006749,2022-03-21,16:05:00,1,Collision with vehicle,1,Monday,121,RIGHT THROUGH,1,707859,T intersection,3,80,Local Road,GREIGS,MELTON,-37.748604,144.69452,2022,3,March,16,Afternoon Peak,Weekday
T20220007391,2022-03-21,06:58:00,2,Struck Pedestrian,1,Monday,103,PED PLAYING/LYING/WORKING/STANDING ON CARRIAGEWAY.,3,708577,Cross intersection,3,50,Local Road,CALLANTINA,BOROONDARA,-37.833656,145.03632,2022,3,March,6,Morning Peak,Weekday
T20220009206,2022-03-21,19:00:00,1,Collision with vehicle,1,Monday,121,RIGHT THROUGH,2,305833,T intersection,3,60,Local Road,FOSTER,DANDENONG,-37.989296,145.20909,2022,3,March,19,Night,Weekday
T20220006293,2022-03-21,08:15:00,2,Struck Pedestrian,1,Monday,101,PED EMERGES FROM IN FRONT OF PARKED OR STATIONARY VEHICLE,1,707424,Not at intersection,2,40,Arterial Other,MURRAY,DAREBIN,-37.73782,145.00249,2022,3,March,8,Morning Peak,Weekday
T20220007580,2022-03-21,08:40:00,1,Collision with vehicle,1,Monday,130,REAR END(VEHICLES IN SAME LANE),1,711288,Not at intersection,3,50,Local Road,FRANCIS,GEELONG,-38.18109,144.34792,2022,3,March,8,Morning Peak,Weekday
T20220006296,2022-03-21,08:03:00,1,Collision with vehicle,1,Monday,116,LEFT NEAR (INTERSECTIONS ONLY),1,44019,Cross intersection,2,80,Local Road,GRAYDENS,MORNINGTON PENINSULA,-38.28469,145.1272,2022,3,March,8,Morning Peak,Weekday
T20220006303,2022-03-21,08:40:00,4,Collision with a fixed object,1,Monday,181,OFF RIGHT BEND INTO OBJECT/PARKED VEHICLE,1,715283,Not at intersection,2,100,Local Road,HEATH,GLENELG,-38.2968,141.47955,2022,3,March,8,Morning Peak,Weekday
T20220006306,2022-03-21,10:22:00,4,Collision with a fixed object,1,Monday,171,LEFT OFF CARRIAGEWAY INTO OBJECT/PARKED VEHICLE,1,784836,Not at intersection,2,70,Arterial Highway,DANDENONG,GLEN EIRA,-37.881702,145.05008,2022,3,March,10,Midday,Weekday
T20220006389,2022-03-22,07:30:00,1,Collision with vehicle,2,Tuesday,113,RIGHT NEAR (INTERSECTIONS ONLY),1,38286,Y intersection,3,60,Arterial Other,HIGH,MANNINGHAM,-37.786453,145.10556,2022,3,March,7,Morning Peak,Weekday
T20220008105,2022-03-22,08:40:00,1,Collision with vehicle,2,Tuesday,130,REAR END(VEHICLES IN SAME LANE),9,711330,Not at intersection,3,80,Freeway,CITYLINK,MELBOURNE,-37.818954,144.9325,2022,3,March,8,Morning Peak,Weekday
T20220006495,2022-03-22,16:23:00,1,Collision with vehicle,2,Tuesday,120,HEAD ON (NOT OVERTAKING),1,711838,Not at intersection,3,60,Arterial Highway,MIDLAND,BENDIGO,-36.616055,144.5022,2022,3,March,16,Afternoon Peak,Weekday
T20220006457,2022-03-22,15:37:00,1,Collision with vehicle,2,Tuesday,121,RIGHT THROUGH,1,64324,T intersection,2,40,Arterial Other,BRUNSWICK,MORELAND,-37.7786,144.97366,2022,3,March,15,Afternoon Peak,Weekday
T20220006409,2022-03-22,13:25:00,4,Collision with a fixed object,2,Tuesday,181,OFF RIGHT BEND INTO OBJECT/PARKED VEHICLE,1,709047,Not at intersection,3,60,Local Road,PARSLOWS,YARRA RANGES,-37.81253,145.50742,2022,3,March,13,Midday,Weekday
T20220006406,2022-03-22,13:30:00,4,Collision with a fixed object,2,Tuesday,181,OFF RIGHT BEND INTO OBJECT/PARKED VEHICLE,1,708446,Not at intersection,2,80,Local Road,LIDDIARD,LATROBE,-38.218704,146.55307,2022,3,March,13,Midday,Weekday
T20220006381,2022-03-22,06:30:00,1,Collision with vehicle,2,Tuesday,132,RIGHT REAR.,3,40591,T intersection,3,60,Arterial Highway,WARRIGAL,BOROONDARA,-37.86367,145.09323,2022,3,March,6,Morning Peak,Weekday
T20220008078,2022-03-22,20:00:00,6,Vehicle overturned (no collision),2,Tuesday,174,OUT OF CONTROL ON CARRIAGEWAY (ON STRAIGHT),5,709430,Not at intersection,3,50,Local Road,HOPE,MORELAND,-37.763435,144.95543,2022,3,March,20,Night,Weekday
T20220006453,2022-03-22,16:20:00,1,Collision with vehicle,2,Tuesday,111,RIGHT FAR (INTERSECTIONS ONLY),1,39790,T intersection,3,60,Arterial Other,DORSET,MAROONDAH,-37.7938,145.291,2022,3,March,16,Afternoon Peak,Weekday
T20220006398,2022-03-22,06:29:00,2,Struck Pedestrian,2,Tuesday,108,PED STRUCK WALKING TO/FROM OR BOARDING/ALIGHTING VEHICLE.,3,708795,T intersection,2,60,Arterial Other,WATTLETREE,STONNINGTON,-37.861633,145.02261,2022,3,March,6,Morning Peak,Weekday
T20220007311,2022-03-22,17:35:00,1,Collision with vehicle,2,Tuesday,130,REAR END(VEHICLES IN SAME LANE),1,711379,T intersection,3,80,Arterial Highway,NEPEAN,KINGSTON,-37.97853,145.06815,2022,3,March,17,Afternoon Peak,Weekday
T20220006382,2022-03-22,08:55:00,1,Collision with vehicle,2,Tuesday,163,VEHICLE STRIKES DOOR OF PARKED/STATIONARY VEHICLE,1,779669,Not at intersection,3,60,Local Road,ELGIN,MELBOURNE,-37.79739,144.96967,2022,3,March,8,Morning Peak,Weekday
T20220006380,2022-03-22,07:40:00,1,Collision with vehicle,2,Tuesday,121,RIGHT THROUGH,1,36629,Cross intersection,3,40,Local Road,PERRY,YARRA,-37.800163,144.98718,2022,3,March,7,Morning Peak,Weekday
T20220006397,2022-03-22,07:56:00,4,Collision with a fixed object,2,Tuesday,181,OFF RIGHT BEND INTO OBJECT/PARKED VEHICLE,1,708135,Not at intersection,2,100,Freeway,PRINCES,CARDINIA,-38.078472,145.6843,2022,3,March,7,Morning Peak,Weekday
T20220006396,2022-03-22,08:30:00,1,Collision with vehicle,2,Tuesday,135,LANE CHANGE LEFT (NOT OVERTAKING),1,709045,Not at intersection,3,80,Freeway,WESTERN RING,HUME,-37.692085,144.95189,2022,3,March,8,Morning Peak,Weekday
T20220007677,2022-03-22,08:35:00,1,Collision with vehicle,2,Tuesday,130,REAR END(VEHICLES IN SAME LANE),1,712378,Not at intersection,3,40,Arterial Other,GLEN HUNTLY,PORT PHILLIP,-37.88282,144.98807,2022,3,March,8,Morning Peak,Weekday
T20220006379,2022-03-22,04:00:00,4,Collision with a fixed object,2,Tuesday,175,OFF END OF ROAD/T-INTERSECTION.,3,755924,T intersection,2,50,Local Road,BARKERS,EAST GIPPSLAND,-37.877758,147.98502,2022,3,March,4,Late Night,Weekday
T20220006428,2022-03-22,16:00:00,4,Collision with a fixed object,2,Tuesday,181,OFF RIGHT BEND INTO OBJECT/PARKED VEHICLE,1,781716,T intersection,3,50,Local Road,VERMONT,GEELONG,-38.08167,144.35315,2022,3,March,16,Afternoon Peak,Weekday
T20220009450,2022-03-22,18:25:00,1,Collision with vehicle,2,Tuesday,130,REAR END(VEHICLES IN SAME LANE),1,728375,Not at intersection,3,60,Arterial Other,MORELAND,MORELAND,-37.75151,144.9307,2022,3,March,18,Afternoon Peak,Weekday
T20220006448,2022-03-22,21:10:00,2,Struck Pedestrian,2,Tuesday,100,PED NEAR SIDE. PED HIT BY VEHICLE FROM THE RIGHT.,3,80696,Not at intersection,3,60,Arterial Other,ST KILDA,PORT PHILLIP,-37.85305,144.98167,2022,3,March,21,Night,Weekday
T20220006387,2022-03-22,07:00:00,1,Collision with vehicle,2,Tuesday,121,RIGHT THROUGH,3,779553,Not at intersection,3,60,Local Road,NORMAN,BALLARAT,-37.536373,143.85884,2022,3,March,7,Morning Peak,Weekday
T20220006447,2022-03-22,17:12:00,1,Collision with vehicle,2,Tuesday,120,HEAD ON (NOT OVERTAKING),1,711259,Not at intersection,3,100,Arterial Highway,GREAT OCEAN,COLAC OTWAY,-38.73153,143.25352,2022,3,March,17,Afternoon Peak,Weekday
T20220006445,2022-03-22,19:31:00,1,Collision with vehicle,2,Tuesday,120,HEAD ON (NOT OVERTAKING),2,773900,Not at intersection,3,60,Local Road,RENNIE,GEELONG,-38.038673,144.41269,2022,3,March,19,Night,Weekday
T20220006423,2022-03-22,16:45:00,4,Collision with a fixed object,2,Tuesday,171,LEFT OFF CARRIAGEWAY INTO OBJECT/PARKED VEHICLE,1,773896,Not at intersection,3,100,Arterial Other,MOE-RAWSON,BAW BAW,-38.01235,146.37314,2022,3,March,16,Afternoon Peak,Weekday
T20220006420,2022-03-22,15:24:00,6,Vehicle overturned (no collision),2,Tuesday,182,OFF CARRIAGEWAY ON LEFT BEND,1,707638,Not at intersection,2,60,Arterial Other,JACKA,PORT PHILLIP,-37.86612,144.97392,2022,3,March,15,Afternoon Peak,Weekday
T20220006470,2022-03-22,18:55:00,1,Collision with vehicle,2,Tuesday,110,CROSS TRAFFIC(INTERSECTIONS ONLY),2,40300,Cross intersection,2,50,Local Road,HOTHAM,MOONEE VALLEY,-37.735607,144.88217,2022,3,March,18,Afternoon Peak,Weekday
T20220006378,2022-03-22,00:05:00,1,Collision with vehicle,2,Tuesday,133,LANE SIDE SWIPE (VEHICLES IN PARALLEL LANES),3,715945,Not at intersection,3,60,Local Road,TARNEIT,WYNDHAM,-37.88637,144.66255,2022,3,March,0,Late Night,Weekday
T20220006456,2022-03-22,21:27:00,4,Collision with a fixed object,2,Tuesday,173,RIGHT OFF CARRIAGEWAY INTO OBJECT/PARKED VEHICLE,3,63176,T intersection,3,60,Arterial Other,NICHOLSON,MORELAND,-37.74493,144.97772,2022,3,March,21,Night,Weekday
T20220006417,2022-03-22,16:30:00,6,Vehicle overturned (no collision),2,Tuesday,170,OFF CARRIAGEWAY TO LEFT,1,765947,Not at intersection,3,80,Arterial Other,MAIN NEERIM,BAW BAW,-38.06264,145.93266,2022,3,March,16,Afternoon Peak,Weekday
T20220006449,2022-03-22,15:30:00,1,Collision with vehicle,2,Tuesday,135,LANE CHANGE LEFT (NOT OVERTAKING),1,707587,Not at intersection,3,80,Freeway,PRINCES,CARDINIA,-38.089916,145.46382,2022,3,March,15,Afternoon Peak,Weekday
T20220006416,2022-03-22,16:45:00,1,Collision with vehicle,2,Tuesday,123,RIGHT/LEFT. ONE VEH TURNING RIGHT THE OTHER LEFT.,1,29655,T intersection,3,60,Arterial Highway,WARRIGAL,MONASH,-37.895138,145.0878,2022,3,March,16,Afternoon Peak,Weekday
T20220010181,2022-03-22,15:45:00,1,Collision with vehicle,2,Tuesday,121,RIGHT THROUGH,1,49749,T intersection,3,60,Arterial Other,THOMPSON,GEELONG,-38.09885,144.3457,2022,3,March,15,Afternoon Peak,Weekday
T20220006435,2022-03-22,14:14:00,4,Collision with a fixed object,2,Tuesday,173,RIGHT OFF CARRIAGEWAY INTO OBJECT/PARKED VEHICLE,1,709046,Not at intersection,3,60,Arterial Other,RESEARCH-WARRANDYTE,NILLUMBIK,-37.72103,145.2044,2022,3,March,14,Midday,Weekday
T20220008785,2022-03-22,06:15:00,1,Collision with vehicle,2,Tuesday,131,LEFT REAR,2,724030,Cross intersection,3,70,Local Road,HALL,FRANKSTON,-38.09949,145.17288,2022,3,March,6,Morning Peak,Weekday
T20220006799,2022-03-22,17:30:00,1,Collision with vehicle,2,Tuesday,139,OTHER SAME DIRECTION-MANOUEVRES NOT INCLUDED IN DCAs 130-137,1,774622,Cross intersection,2,80,Arterial Other,CARDINIA,CARDINIA,-38.07742,145.43475,2022,3,March,17,Afternoon Peak,Weekday
T20220006426,2022-03-22,17:58:00,1,Collision with vehicle,2,Tuesday,130,REAR END(VEHICLES IN SAME LANE),2,773897,Not at intersection,3,80,Freeway,WEST GATE,MELBOURNE,-37.827328,144.96254,2022,3,March,17,Afternoon Peak,Weekday
T20220009987,2022-03-22,10:15:00,1,Collision with vehicle,2,Tuesday,130,REAR END(VEHICLES IN SAME LANE),1,711632,Not at intersection,3,60,Arterial Highway,NAPIER,BENDIGO,-36.749615,144.29088,2022,3,March,10,Midday,Weekday
T20220008703,2022-03-22,08:21:00,1,Collision with vehicle,2,Tuesday,130,REAR END(VEHICLES IN SAME LANE),1,710099,Not at intersection,3,80,Freeway,CALDER,MOONEE VALLEY,-37.73428,144.88972,2022,3,March,8,Morning Peak,Weekday
T20220006671,2022-03-22,13:05:00,1,Collision with vehicle,2,Tuesday,111,RIGHT FAR (INTERSECTIONS ONLY),1,712198,T intersection,3,70,Arterial Other,SOUTH,GLEN EIRA,-37.937786,145.07378,2022,3,March,13,Midday,Weekday
T20220006384,2022-03-22,10:00:00,1,Collision with vehicle,2,Tuesday,132,RIGHT REAR.,1,707586,Not at intersection,2,60,Arterial Other,CHESTERVILLE,KINGSTON,-37.95033,145.0585,2022,3,March,10,Midday,Weekday
T20220006452,2022-03-22,18:27:00,1,Collision with vehicle,2,Tuesday,133,LANE SIDE SWIPE (VEHICLES IN PARALLEL LANES),3,57533,Cross intersection,3,70,Arterial Highway,DANDENONG,GLEN EIRA,-37.878155,145.04735,2022,3,March,18,Afternoon Peak,Weekday
T20220007106,2022-03-22,17:45:00,8,No collision and no object struck,2,Tuesday,174,OUT OF CONTROL ON CARRIAGEWAY (ON STRAIGHT),1,781717,Cross intersection,3,40,Arterial Other,RIVERSDALE,BOROONDARA,-37.83215,145.06364,2022,3,March,17,Afternoon Peak,Weekday
T20220006432,2022-03-22,17:40:00,1,Collision with vehicle,2,Tuesday,121,RIGHT THROUGH,1,708596,T intersection,3,60,Local Road,TINDALS,MANNINGHAM,-37.767136,145.19937,2022,3,March,17,Afternoon Peak,Weekday
T20220006441,2022-03-22,19:30:00,2,Struck Pedestrian,2,Tuesday,100,PED NEAR SIDE. PED HIT BY VEHICLE FROM THE RIGHT.,3,10760,Cross intersection,2,40,Local Road,BOURKE,MELBOURNE,-37.819008,144.94669,2022,3,March,19,Night,Weekday
T20220006765,2022-03-22,06:10:00,1,Collision with vehicle,2,Tuesday,121,RIGHT THROUGH,9,11180,Cross intersection,3,80,Arterial Highway,SOUTH GIPPSLAND,CASEY,-38.050434,145.2576,2022,3,March,6,Morning Peak,Weekday
T20220006483,2022-03-23,11:44:00,1,Collision with vehicle,3,Wednesday,136,RIGHT TURN SIDESWIPE,1,35355,Cross intersection,3,40,Local Road,ELIZABETH,MELBOURNE,-37.812283,144.96227,2022,3,March,11,Midday,Weekday
T20220006550,2022-03-23,16:49:00,1,Collision with vehicle,3,Wednesday,110,CROSS TRAFFIC(INTERSECTIONS ONLY),1,66642,Cross intersection,3,50,Local Road,MAY,HOBSONS BAY,-37.833656,144.85399,2022,3,March,16,Afternoon Peak,Weekday