ACCIDENT_NO,ACCIDENT_DATE,ACCIDENT_TIME,ACCIDENT_TYPE,ACCIDENT_TYPE_DESC,DAY_OF_WEEK,DAY_WEEK_DESC,DCA_CODE,DCA_DESC,LIGHT_CONDITION,NODE_ID,ROAD_GEOMETRY_DESC,SEVERITY,SPEED_ZONE,RMA,ROAD_NAME,LGA_NAME,LATITUDE,LONGITUDE,YEAR,MONTH,MONTH_NAME,HOUR,TIME_PERIOD,DAY_TYPE
T20220006484,2022-03-23,11:00:00,1,Collision with vehicle,3,Wednesday,130,REAR END(VEHICLES IN SAME LANE),1,774227,Not at intersection,3,80,Arterial Highway,DANDENONG,MONASH,-37.923943,145.14215,2022,3,March,11,Midday,Weekday
T20220006605,2022-03-23,10:15:00,1,Collision with vehicle,3,Wednesday,130,REAR END(VEHICLES IN SAME LANE),1,721041,Not at intersection,3,80,Freeway,BURNLEY,MELBOURNE,-37.82591,144.9678,2022,3,March,10,Midday,Weekday
T20220006546,2022-03-23,20:20:00,1,Collision with vehicle,3,Wednesday,121,RIGHT THROUGH,3,35451,Cross intersection,2,60,Arterial Other,RYANS,NILLUMBIK,-37.68677,145.14294,2022,3,March,20,Night,Weekday
T20220006478,2022-03-23,09:45:00,1,Collision with vehicle,3,Wednesday,121,RIGHT THROUGH,1,54013,Not at intersection,2,70,Arterial Other,HIGH,WHITTLESEA,-37.655163,145.02148,2022,3,March,9,Morning Peak,Weekday
T20220006544,2022-03-23,20:10:00,1,Collision with vehicle,3,Wednesday,154,PULLING OUT -REAR END,3,709859,Not at intersection,3,80,Freeway,WEST GATE,HOBSONS BAY,-37.825653,144.83781,2022,3,March,20,Night,Weekday
T20220006541,2022-03-23,15:15:00,2,Struck Pedestrian,3,Wednesday,101,PED EMERGES FROM IN FRONT OF PARKED OR STATIONARY VEHICLE,1,708137,Not at intersection,2,60,Arterial Other,BANK,LATROBE,-38.20257,146.5243,2022,3,March,15,Afternoon Peak,Weekday
T20220006540,2022-03-23,19:18:00,1,Collision with vehicle,3,Wednesday,121,RIGHT THROUGH,2,42790,Cross intersection,2,60,Arterial Highway,WARRIGAL,KINGSTON,-37.974846,145.07275,2022,3,March,19,Night,Weekday
T20220006602,2022-03-23,18:40:00,1,Collision with vehicle,3,Wednesday,135,LANE CHANGE LEFT (NOT OVERTAKING),1,710644,Not at intersection,3,40,Arterial Other,HIGH,DAREBIN,-37.762943,144.99988,2022,3,March,18,Afternoon Peak,Weekday
T20220006474,2022-03-23,10:05:00,1,Collision with vehicle,3,Wednesday,137,LEFT TURN SIDESWIPE,1,50267,Cross intersection,2,60,Arterial Highway,BELLARINE,GEELONG,-38.226074,144.54192,2022,3,March,10,Midday,Weekday
T20220006531,2022-03-23,16:41:00,1,Collision with vehicle,3,Wednesday,148,VEHICLE OFF FOOTPATH STRIKES VEH ON CARRIAGEWAY,1,38041,Cross intersection,3,60,Arterial Other,STATION,DAREBIN,-37.77171,145.01935,2022,3,March,16,Afternoon Peak,Weekday
T20220006530,2022-03-23,13:25:00,1,Collision with vehicle,3,Wednesday,160,VEHICLE COLLIDES WITH VEHICLE PARKED ON LEFT OF ROAD,1,707784,Not at intersection,2,60,Arterial Other,CLARINDA,KINGSTON,-37.931854,145.09964,2022,3,March,13,Midday,Weekday
T20220006472,2022-03-23,08:30:00,2,Struck Pedestrian,3,Wednesday,100,PED NEAR SIDE. PED HIT BY VEHICLE FROM THE RIGHT.,1,51916,Cross intersection,2,60,Arterial Highway,MIDLAND,BENDIGO,-36.705154,144.31616,2022,3,March,8,Morning Peak,Weekday
T20220007152,2022-03-23,18:15:00,1,Collision with vehicle,3,Wednesday,163,VEHICLE STRIKES DOOR OF PARKED/STATIONARY VEHICLE,2,335550,Not at intersection,3,40,Local Road,COLLINS,MELBOURNE,-37.81658,144.9628,2022,3,March,18,Afternoon Peak,Weekday
T20220006514,2022-03-23,13:55:00,4,Collision with a fixed object,3,Wednesday,173,RIGHT OFF CARRIAGEWAY INTO OBJECT/PARKED VEHICLE,1,709858,T intersection,2,50,Local Road,BAILLIE,HORSHAM,-36.71175,142.19618,2022,3,March,13,Midday,Weekday
T20220006528,2022-03-23,16:00:00,1,Collision with vehicle,3,Wednesday,130,REAR END(VEHICLES IN SAME LANE),1,709051,Not at intersection,3,100,Freeway,WESTERN RING,BRIMBANK,-37.74782,144.83644,2022,3,March,16,Afternoon Peak,Weekday
T20220006485,2022-03-23,07:05:00,1,Collision with vehicle,3,Wednesday,130,REAR END(VEHICLES IN SAME LANE),1,707782,Not at intersection,2,60,Local Road,HORSESHOE BEND,GEELONG,-38.207283,144.35918,2022,3,March,7,Morning Peak,Weekday
T20220006523,2022-03-23,15:30:00,4,Collision with a fixed object,3,Wednesday,171,LEFT OFF CARRIAGEWAY INTO OBJECT/PARKED VEHICLE,1,709048,Not at intersection,3,60,Local Road,LINSELL,CASEY,-38.101967,145.317,2022,3,March,15,Afternoon Peak,Weekday
T20220006584,2022-03-23,12:45:00,1,Collision with vehicle,3,Wednesday,130,REAR END(VEHICLES IN SAME LANE),1,713133,Not at intersection,3,50,Arterial Highway,HEYGARTH,CAMPASPE,-36.124416,144.74821,2022,3,March,12,Midday,Weekday
T20220006520,2022-03-23,12:06:00,1,Collision with vehicle,3,Wednesday,130,REAR END(VEHICLES IN SAME LANE),1,707783,Not at intersection,3,80,Arterial Highway,FRANKSTON-DANDENONG,FRANKSTON,-38.101444,145.17085,2022,3,March,12,Midday,Weekday
T20220008782,2022-03-23,17:20:00,1,Collision with vehicle,3,Wednesday,121,RIGHT THROUGH,1,41767,T intersection,3,70,Arterial Other,FERNTREE GULLY,MONASH,-37.90198,145.14919,2022,3,March,17,Afternoon Peak,Weekday
T20220006481,2022-03-23,08:10:00,1,Collision with vehicle,3,Wednesday,147,VEHICLE STRIKES ANOTHER VEH WHILE EMERGING FROM DRIVEWAY,1,708597,Not at intersection,3,40,Arterial Other,GLENFERRIE,BOROONDARA,-37.811287,145.03746,2022,3,March,8,Morning Peak,Weekday
T20220006583,2022-03-23,16:03:00,2,Struck Pedestrian,3,Wednesday,100,PED NEAR SIDE. PED HIT BY VEHICLE FROM THE RIGHT.,1,707855,Not at intersection,3,40,Local Road,ALFRIEDA,BRIMBANK,-37.743042,144.80075,2022,3,March,16,Afternoon Peak,Weekday
T20220006526,2022-03-23,10:00:00,1,Collision with vehicle,3,Wednesday,111,RIGHT FAR (INTERSECTIONS ONLY),1,55305,Cross intersection,3,80,Local Road,GOURLAY,MELTON,-37.71011,144.74075,2022,3,March,10,Midday,Weekday
T20220006465,2022-03-23,06:35:00,1,Collision with vehicle,3,Wednesday,121,RIGHT THROUGH,3,60363,Cross intersection,3,50,Arterial Highway,VINCENT,ARARAT,-37.283676,142.9316,2022,3,March,6,Morning Peak,Weekday
T20220006489,2022-03-23,06:50:00,1,Collision with vehicle,3,Wednesday,130,REAR END(VEHICLES IN SAME LANE),1,774190,Not at intersection,3,100,Freeway,HUME,WHITTLESEA,-37.62705,144.99396,2022,3,March,6,Morning Peak,Weekday
T20220006496,2022-03-23,08:53:00,1,Collision with vehicle,3,Wednesday,120,HEAD ON (NOT OVERTAKING),1,727371,T intersection,3,50,Local Road,BANBURY,DAREBIN,-37.71282,144.98932,2022,3,March,8,Morning Peak,Weekday
T20220006573,2022-03-23,07:00:00,1,Collision with vehicle,3,Wednesday,130,REAR END(VEHICLES IN SAME LANE),2,708338,Not at intersection,3,100,Freeway,MONASH,CASEY,-37.999077,145.28384,2022,3,March,7,Morning Peak,Weekday
T20220006562,2022-03-23,13:45:00,4,Collision with a fixed object,3,Wednesday,181,OFF RIGHT BEND INTO OBJECT/PARKED VEHICLE,1,710610,Not at intersection,2,100,Arterial Other,BENAMBRA-CORRYONG,TOWONG,-36.57265,147.78195,2022,3,March,13,Midday,Weekday
T20220006488,2022-03-23,11:40:00,1,Collision with vehicle,3,Wednesday,120,HEAD ON (NOT OVERTAKING),1,323693,Y intersection,3,80,Arterial Highway,WIMMERA,LODDON,-36.735706,143.91362,2022,3,March,11,Midday,Weekday
T20220006533,2022-03-23,17:03:00,1,Collision with vehicle,3,Wednesday,110,CROSS TRAFFIC(INTERSECTIONS ONLY),1,50514,Cross intersection,3,60,Local Road,GRAY,SOUTHERN GRAMPIANS,-37.737225,142.0342,2022,3,March,17,Afternoon Peak,Weekday
T20220006862,2022-03-23,07:20:00,1,Collision with vehicle,3,Wednesday,160,VEHICLE COLLIDES WITH VEHICLE PARKED ON LEFT OF ROAD,1,709052,Not at intersection,3,60,Arterial Other,UPPER HEIDELBERG,BANYULE,-37.76066,145.05109,2022,3,March,7,Morning Peak,Weekday
T20220006572,2022-03-23,17:09:00,1,Collision with vehicle,3,Wednesday,130,REAR END(VEHICLES IN SAME LANE),1,774228,Not at intersection,2,80,Arterial Highway,MAROONDAH,YARRA RANGES,-37.75214,145.36786,2022,3,March,17,Afternoon Peak,Weekday
T20220012422,2022-03-23,16:20:00,1,Collision with vehicle,3,Wednesday,111,RIGHT FAR (INTERSECTIONS ONLY),1,43131,T intersection,3,50,Local Road,HAWTHORN,CASEY,-37.995247,145.24016,2022,3,March,16,Afternoon Peak,Weekday
T20220006491,2022-03-23,12:05:00,1,Collision with vehicle,3,Wednesday,123,RIGHT/LEFT. ONE VEH TURNING RIGHT THE OTHER LEFT.,1,54735,Cross intersection,3,60,Arterial Highway,NUNN,BENALLA,-36.547756,145.98193,2022,3,March,12,Midday,Weekday
T20220006552,2022-03-23,22:20:00,1,Collision with vehicle,3,Wednesday,130,REAR END(VEHICLES IN SAME LANE),3,709050,Not at intersection,2,80,Freeway,WESTERN RING OUT-PASCOE VALE,HUME,-37.695755,144.9003,2022,3,March,22,Night,Weekday
T20220006482,2022-03-23,08:40:00,1,Collision with vehicle,3,Wednesday,113,RIGHT NEAR (INTERSECTIONS ONLY),1,774226,T intersection,3,100,Arterial Other,ECHUCA,SHEPPARTON,-36.31077,145.2775,2022,3,March,8,Morning Peak,Weekday
T20220006480,2022-03-23,10:20:00,1,Collision with vehicle,3,Wednesday,110,CROSS TRAFFIC(INTERSECTIONS ONLY),1,707642,Cross intersection,2,50,Local Road,OSBORNE,GEELONG,-38.118996,144.343,2022,3,March,10,Midday,Weekday
T20220006840,2022-03-23,11:45:00,1,Collision with vehicle,3,Wednesday,134,LANE CHANGE RIGHT (NOT OVERTAKING),1,76779,Not at intersection,3,40,Arterial Highway,PUNT,MELBOURNE,-37.82662,144.98848,2022,3,March,11,Midday,Weekday
T20220006551,2022-03-23,21:10:00,4,Collision with a fixed object,3,Wednesday,173,RIGHT OFF CARRIAGEWAY INTO OBJECT/PARKED VEHICLE,3,708838,Not at intersection,2,60,Local Road,KARS,FRANKSTON,-38.15038,145.11986,2022,3,March,21,Night,Weekday
T20220006479,2022-03-23,11:00:00,1,Collision with vehicle,3,Wednesday,160,VEHICLE COLLIDES WITH VEHICLE PARKED ON LEFT OF ROAD,1,709049,Not at intersection,3,60,Arterial Highway,ALBERT,BALLARAT,-37.59586,143.841,2022,3,March,11,Midday,Weekday
T20220007366,2022-03-23,17:15:00,1,Collision with vehicle,3,Wednesday,130,REAR END(VEHICLES IN SAME LANE),1,63778,T intersection,3,70,Arterial Other,REYNOLDS,MANNINGHAM,-37.76284,145.16156,2022,3,March,17,Afternoon Peak,Weekday
T20220006618,2022-03-24,15:20:00,1,Collision with vehicle,4,Thursday,130,REAR END(VEHICLES IN SAME LANE),1,774307,Not at intersection,3,80,Freeway,WEST GATE OUT-WESTERN RING OUT,HOBSONS BAY,-37.826775,144.82008,2022,3,March,15,Afternoon Peak,Weekday
T20220006616,2022-03-24,16:50:00,1,Collision with vehicle,4,Thursday,133,LANE SIDE SWIPE (VEHICLES IN PARALLEL LANES),1,708412,Not at intersection,3,80,Arterial Other,COOLART,MORNINGTON PENINSULA,-38.298332,145.1456,2022,3,March,16,Afternoon Peak,Weekday
T20220006611,2022-03-24,11:30:00,1,Collision with vehicle,4,Thursday,147,VEHICLE STRIKES ANOTHER VEH WHILE EMERGING FROM DRIVEWAY,1,710077,Not at intersection,2,100,Arterial Other,UPPER GOULBURN,MITCHELL,-37.09403,145.19899,2022,3,March,11,Midday,Weekday
T20220006609,2022-03-24,15:00:00,1,Collision with vehicle,4,Thursday,110,CROSS TRAFFIC(INTERSECTIONS ONLY),1,60994,Cross intersection,3,80,Local Road,BELLS,BALLARAT,-37.581326,143.73232,2022,3,March,15,Afternoon Peak,Weekday
T20220006987,2022-03-24,18:10:00,1,Collision with vehicle,4,Thursday,137,LEFT TURN SIDESWIPE,9,231563,Cross intersection,3,40,Arterial Other,LINLITHGOW,MELBOURNE,-37.82326,144.97034,2022,3,March,18,Afternoon Peak,Weekday
T20220006608,2022-03-24,09:25:00,1,Collision with vehicle,4,Thursday,130,REAR END(VEHICLES IN SAME LANE),1,784953,Not at intersection,2,30,Arterial Other,THOMPSONS,FRANKSTON,-38.073235,145.20369,2022,3,March,9,Morning Peak,Weekday
T20220006622,2022-03-24,17:00:00,1,Collision with vehicle,4,Thursday,132,RIGHT REAR.,1,709296,Not at intersection,3,60,Local Road,JETTY,MORNINGTON PENINSULA,-38.37458,144.90842,2022,3,March,17,Afternoon Peak,Weekday
T20220006601,2022-03-24,14:11:00,1,Collision with vehicle,4,Thursday,160,VEHICLE COLLIDES WITH VEHICLE PARKED ON LEFT OF ROAD,1,718126,T intersection,3,60,Arterial Other,ALBION,CAMPASPE,-36.306767,145.0496,2022,3,March,14,Midday,Weekday
T20220006598,2022-03-24,08:48:00,1,Collision with vehicle,4,Thursday,130,REAR END(VEHICLES IN SAME LANE),1,707857,Multiple intersection,3,60,Freeway,WEST GATE IN-POWER,MELBOURNE,-37.826244,144.96478,2022,3,March,8,Morning Peak,Weekday
T20220006597,2022-03-24,06:55:00,4,Collision with a fixed object,4,Thursday,175,OFF END OF ROAD/T-INTERSECTION.,2,59077,T intersection,2,100,Local Road,ARDMONA,SHEPPARTON,-36.378532,145.29553,2022,3,March,6,Morning Peak,Weekday
T20220006591,2022-03-24,06:25:00,1,Collision with vehicle,4,Thursday,130,REAR END(VEHICLES IN SAME LANE),3,707856,Not at intersection,2,60,Arterial Other,BEACH,BAYSIDE,-37.98782,145.02757,2022,3,March,6,Morning Peak,Weekday
T20220006580,2022-03-24,08:20:00,1,Collision with vehicle,4,Thursday,121,RIGHT THROUGH,1,45303,Cross intersection,2,60,Arterial Other,EPSOM ROAD -SCOTIA,MOONEE VALLEY,-37.77052,144.90521,2022,3,March,8,Morning Peak,Weekday
T20220006649,2022-03-24,19:00:00,1,Collision with vehicle,4,Thursday,121,RIGHT THROUGH,1,346616,Multiple intersection,2,80,Freeway,PRINCES,CASEY,-38.02835,145.32202,2022,3,March,19,Night,Weekday
T20220006967,2022-03-24,10:15:00,1,Collision with vehicle,4,Thursday,135,LANE CHANGE LEFT (NOT OVERTAKING),1,710744,Not at intersection,3,80,Freeway,CITYLINK IN-LORIMER,MELBOURNE,-37.82586,144.93265,2022,3,March,10,Midday,Weekday
T20220006559,2022-03-24,05:24:00,1,Collision with vehicle,4,Thursday,130,REAR END(VEHICLES IN SAME LANE),3,320575,Multiple intersection,2,70,Freeway,BALLARAT,BRIMBANK,-37.770298,144.79437,2022,3,March,5,Morning Peak,Weekday
T20220006800,2022-03-24,06:00:00,1,Collision with vehicle,4,Thursday,130,REAR END(VEHICLES IN SAME LANE),9,707861,Not at intersection,2,80,Arterial Other,BACCHUS MARSH,GEELONG,-37.973255,144.34894,2022,3,March,6,Morning Peak,Weekday
T20220006683,2022-03-24,18:30:00,1,Collision with vehicle,4,Thursday,113,RIGHT NEAR (INTERSECTIONS ONLY),1,48449,T intersection,3,60,Local Road,ORMOND,CASEY,-38.065056,145.29726,2022,3,March,18,Afternoon Peak,Weekday
T20220006554,2022-03-24,01:45:00,1,Collision with vehicle,4,Thursday,162,ACCIDENT OR BROKEN DOWN,5,655532,Not at intersection,2,80,Freeway,PRINCES,HOBSONS BAY,-37.840057,144.79523,2022,3,March,1,Late Night,Weekday
T20220007736,2022-03-24,07:45:00,1,Collision with vehicle,4,Thursday,116,LEFT NEAR (INTERSECTIONS ONLY),1,360176,Cross intersection,3,60,Arterial Highway,WEBB,CASEY,-38.025356,145.30515,2022,3,March,7,Morning Peak,Weekday
T20220006793,2022-03-24,11:12:00,1,Collision with vehicle,4,Thursday,130,REAR END(VEHICLES IN SAME LANE),1,708745,Not at intersection,3,60,Local Road,KOOYONG,GLEN EIRA,-37.86653,145.01874,2022,3,March,11,Midday,Weekday
T20220006646,2022-03-24,14:30:00,4,Collision with a fixed object,4,Thursday,173,RIGHT OFF CARRIAGEWAY INTO OBJECT/PARKED VEHICLE,1,713917,Not at intersection,1,100,Arterial Highway,MURRAY VALLEY,WODONGA,-36.136467,146.96967,2022,3,March,14,Midday,Weekday
T20220006644,2022-03-24,17:32:00,8,No collision and no object struck,4,Thursday,174,OUT OF CONTROL ON CARRIAGEWAY (ON STRAIGHT),1,707786,Not at intersection,2,100,Freeway,MONASH,CASEY,-37.99593,145.26791,2022,3,March,17,Afternoon Peak,Weekday
T20220008984,2022-03-24,17:15:00,2,Struck Pedestrian,4,Thursday,100,PED NEAR SIDE. PED HIT BY VEHICLE FROM THE RIGHT.,5,710250,T intersection,3,50,Local Road,BODEGA,GEELONG,-38.214848,144.30977,2022,3,March,17,Afternoon Peak,Weekday
T20220006639,2022-03-24,20:34:00,1,Collision with vehicle,4,Thursday,121,RIGHT THROUGH,3,358547,Cross intersection,2,70,Arterial Other,MAHONEYS,HUME,-37.68964,144.95801,2022,3,March,20,Night,Weekday
T20220006634,2022-03-24,17:45:00,1,Collision with vehicle,4,Thursday,130,REAR END(VEHICLES IN SAME LANE),1,715189,Not at intersection,2,70,Freeway,DALTON-METROPOLITAN RING IN,WHITTLESEA,-37.6869,145.02586,2022,3,March,17,Afternoon Peak,Weekday
T20220007358,2022-03-24,18:58:00,1,Collision with vehicle,4,Thursday,140,U TURN,3,708525,Not at intersection,3,60,Local Road,GOURLAY,MELTON,-37.69255,144.74411,2022,3,March,18,Afternoon Peak,Weekday
T20220006604,2022-03-24,13:33:00,1,Collision with vehicle,4,Thursday,130,REAR END(VEHICLES IN SAME LANE),1,41025,T intersection,3,60,Arterial Other,DORSET,KNOX,-37.857082,145.28593,2022,3,March,13,Midday,Weekday
T20220006633,2022-03-24,17:40:00,1,Collision with vehicle,4,Thursday,130,REAR END(VEHICLES IN SAME LANE),1,707722,Not at intersection,3,30,Local Road,YALTARA,BANYULE,-37.7023,145.06516,2022,3,March,17,Afternoon Peak,Weekday
T20220006626,2022-03-24,16:30:00,1,Collision with vehicle,4,Thursday,130,REAR END(VEHICLES IN SAME LANE),1,710624,Not at intersection,2,100,Freeway,CALDER,MOONEE VALLEY,-37.730663,144.87474,2022,3,March,16,Afternoon Peak,Weekday
T20220006625,2022-03-24,16:03:00,4,Collision with a fixed object,4,Thursday,171,LEFT OFF CARRIAGEWAY INTO OBJECT/PARKED VEHICLE,1,708141,Not at intersection,3,80,Local Road,KING PARROT CREEK,MURRINDINDI,-37.21175,145.2326,2022,3,March,16,Afternoon Peak,Weekday
T20220008815,2022-03-24,06:45:00,1,Collision with vehicle,4,Thursday,116,LEFT NEAR (INTERSECTIONS ONLY),9,47534,Cross intersection,3,60,Local Road,LURLINE,CASEY,-38.111958,145.27475,2022,3,March,6,Morning Peak,Weekday
T20220006621,2022-03-24,16:40:00,1,Collision with vehicle,4,Thursday,130,REAR END(VEHICLES IN SAME LANE),1,708140,Not at intersection,2,60,Arterial Other,RESEARCH-WARRANDYTE,NILLUMBIK,-37.705708,145.18097,2022,3,March,16,Afternoon Peak,Weekday
T20220010237,2022-03-24,15:45:00,1,Collision with vehicle,4,Thursday,135,LANE CHANGE LEFT (NOT OVERTAKING),1,778775,Not at intersection,3,100,Freeway,MONASH,MONASH,-37.885162,145.09949,2022,3,March,15,Afternoon Peak,Weekday
T20220006699,2022-03-25,13:10:00,1,Collision with vehicle,5,Friday,147,VEHICLE STRIKES ANOTHER VEH WHILE EMERGING FROM DRIVEWAY,1,708748,Not at intersection,3,60,Arterial Other,STATION,BRIMBANK,-37.77248,144.77444,2022,3,March,13,Midday,Weekday
T20220006758,2022-03-25,15:00:00,1,Collision with vehicle,5,Friday,140,U TURN,1,709860,Not at intersection,2,60,Local Road,WRIGHT,BRIMBANK,-37.79527,144.82477,2022,3,March,15,Afternoon Peak,Weekday
T20220006733,2022-03-25,08:02:00,1,Collision with vehicle,5,Friday,111,RIGHT FAR (INTERSECTIONS ONLY),1,52826,T intersection,3,60,Local Road,CUTHBERTS,BALLARAT,-37.555283,143.81314,2022,3,March,8,Morning Peak,Weekday
T20220006725,2022-03-25,22:16:00,1,Collision with vehicle,5,Friday,130,REAR END(VEHICLES IN SAME LANE),3,727150,T intersection,3,80,Arterial Highway,SOUTH GIPPSLAND,CASEY,-38.092846,145.28108,2022,3,March,22,Night,Weekday
T20220007137,2022-03-25,08:00:00,1,Collision with vehicle,5,Friday,130,REAR END(VEHICLES IN SAME LANE),1,29766,Cross intersection,3,80,Arterial Highway,SOUTH GIPPSLAND,CASEY,-38.113033,145.28279,2022,3,March,8,Morning Peak,Weekday
T20220006724,2022-03-25,23:00:00,3,Struck animal,5,Friday,167,STRUCK ANIMAL,5,710478,Not at intersection,3,80,Local Road,OAKLANDS,HUME,-37.60777,144.84026,2022,3,March,23,Night,Weekday
T20220006722,2022-03-25,23:29:00,1,Collision with vehicle,5,Friday,130,REAR END(VEHICLES IN SAME LANE),3,774302,Not at intersection,3,70,Arterial Other,SYDNEY,HUME,-37.6693,144.95505,2022,3,March,23,Night,Weekday
T20220006720,2022-03-25,20:02:00,1,Collision with vehicle,5,Friday,140,U TURN,6,710625,Not at intersection,3,50,Arterial Other,HAMPTON,BAYSIDE,-37.930775,145.00377,2022,3,March,20,Night,Weekday
T20220006692,2022-03-25,15:50:00,2,Struck Pedestrian,5,Friday,101,PED EMERGES FROM IN FRONT OF PARKED OR STATIONARY VEHICLE,1,784967,Cross intersection,2,40,Local Road,BRUNSWICK,YARRA,-37.805763,144.9772,2022,3,March,15,Afternoon Peak,Weekday
T20220006719,2022-03-25,16:45:00,1,Collision with vehicle,5,Friday,148,VEHICLE OFF FOOTPATH STRIKES VEH ON CARRIAGEWAY,1,40777,T intersection,3,50,Arterial Other,BLACKBURN,WHITEHORSE,-37.838264,145.15582,2022,3,March,16,Afternoon Peak,Weekday
T20220006690,2022-03-25,10:37:00,1,Collision with vehicle,5,Friday,120,HEAD ON (NOT OVERTAKING),1,713461,Not at intersection,2,100,Local Road,BURKE AND WILLS,MITCHELL,-37.06639,144.60458,2022,3,March,10,Midday,Weekday
T20220006687,2022-03-25,13:11:00,1,Collision with vehicle,5,Friday,140,U TURN,1,708413,Not at intersection,2,40,Local Road,LYGON,MORELAND,-37.767666,144.9724,2022,3,March,13,Midday,Weekday
T20220006686,2022-03-25,09:31:00,1,Collision with vehicle,5,Friday,121,RIGHT THROUGH,1,29400,Cross intersection,3,60,Arterial Highway,ALEXANDRA,MELBOURNE,-37.793045,144.97572,2022,3,March,9,Morning Peak,Weekday
T20220006684,2022-03-25,12:45:00,1,Collision with vehicle,5,Friday,110,CROSS TRAFFIC(INTERSECTIONS ONLY),1,19412,Cross intersection,3,100,Arterial Highway,NORTHERN,CAMPASPE,-36.720512,144.68274,2022,3,March,12,Midday,Weekday
T20220007111,2022-03-25,10:40:00,2,Struck Pedestrian,5,Friday,101,PED EMERGES FROM IN FRONT OF PARKED OR STATIONARY VEHICLE,1,711260,Not at intersection,3,50,Arterial Other,BEECHWORTH-WANGARATTA,INDIGO,-36.359795,146.68665,2022,3,March,10,Midday,Weekday
T20220006678,2022-03-25,10:36:00,1,Collision with vehicle,5,Friday,130,REAR END(VEHICLES IN SAME LANE),1,708292,Not at intersection,3,80,Arterial Highway,DINGLEY,KINGSTON,-37.956654,145.104,2022,3,March,10,Midday,Weekday
T20220006675,2022-03-25,06:10:00,4,Collision with a fixed object,5,Friday,171,LEFT OFF CARRIAGEWAY INTO OBJECT/PARKED VEHICLE,5,708007,Not at intersection,2,80,Arterial Other,PORTARLINGTON,GEELONG,-38.184505,144.54132,2022,3,March,6,Morning Peak,Weekday
T20220006673,2022-03-25,09:00:00,1,Collision with vehicle,5,Friday,148,VEHICLE OFF FOOTPATH STRIKES VEH ON CARRIAGEWAY,1,708291,Not at intersection,3,60,Local Road,TOWERHILL,FRANKSTON,-38.163315,145.13622,2022,3,March,9,Morning Peak,Weekday
T20220006718,2022-03-25,20:30:00,1,Collision with vehicle,5,Friday,121,RIGHT THROUGH,3,281709,T intersection,3,60,Arterial Other,CHILDS,WHITTLESEA,-37.668514,145.06212,2022,3,March,20,Night,Weekday
T20220006668,2022-03-25,02:50:00,4,Collision with a fixed object,5,Friday,171,LEFT OFF CARRIAGEWAY INTO OBJECT/PARKED VEHICLE,3,755844,T intersection,2,60,Arterial Highway,BROOKE STREET -GLENELG,GOLDEN PLAINS,-37.648365,143.68225,2022,3,March,2,Late Night,Weekday
T20220006667,2022-03-25,09:52:00,2,Struck Pedestrian,5,Friday,102,FAR SIDE. PED HIT BY VEHICLE FROM THE LEFT,1,109,Cross intersection,2,40,Local Road,ELGIN,MELBOURNE,-37.79716,144.96756,2022,3,March,9,Morning Peak,Weekday
T20220006662,2022-03-25,06:30:00,1,Collision with vehicle,5,Friday,130,REAR END(VEHICLES IN SAME LANE),3,11171,Multiple intersection,2,70,Freeway,HODDLE,YARRA,-37.79459,144.99393,2022,3,March,6,Morning Peak,Weekday
T20220006717,2022-03-25,16:21:00,1,Collision with vehicle,5,Friday,113,RIGHT NEAR (INTERSECTIONS ONLY),1,63227,T intersection,3,80,Local Road,GREIGS,MELTON,-37.746185,144.61328,2022,3,March,16,Afternoon Peak,Weekday
T20220006660,2022-03-25,08:14:00,2,Struck Pedestrian,5,Friday,100,PED NEAR SIDE. PED HIT BY VEHICLE FROM THE RIGHT.,1,708998,Not at intersection,2,40,Local Road,ALLAN,CAMPASPE,-36.313522,145.04636,2022,3,March,8,Morning Peak,Weekday
T20220006656,2022-03-25,08:20:00,1,Collision with vehicle,5,Friday,130,REAR END(VEHICLES IN SAME LANE),1,778782,Cross intersection,3,50,Local Road,RIVER,MILDURA,-34.171524,142.07736,2022,3,March,8,Morning Peak,Weekday
T20220006650,2022-03-25,02:00:00,4,Collision with a fixed object,5,Friday,173,RIGHT OFF CARRIAGEWAY INTO OBJECT/PARKED VEHICLE,3,773397,Not at intersection,2,60,Arterial Other,BEACH,BAYSIDE,-37.990765,145.04272,2022,3,March,2,Late Night,Weekday
T20220007236,2022-03-25,15:25:00,1,Collision with vehicle,5,Friday,115,RIGHT/LEFT FAR (INTERSECTIONS ONLY),1,38468,T intersection,3,50,Arterial Highway,MAIN STREET -MAROONDAH,YARRA RANGES,-37.756092,145.34319,2022,3,March,15,Afternoon Peak,Weekday
T20220007011,2022-03-25,20:00:00,1,Collision with vehicle,5,Friday,130,REAR END(VEHICLES IN SAME LANE),3,36149,T intersection,3,50,Arterial Other,HIGH,WHITTLESEA,-37.6726,145.01529,2022,3,March,20,Night,Weekday
T20220007594,2022-03-25,15:45:00,1,Collision with vehicle,5,Friday,130,REAR END(VEHICLES IN SAME LANE),9,708874,Not at intersection,3,70,Arterial Highway,TORQUAY,GEELONG,-38.205864,144.34035,2022,3,March,15,Afternoon Peak,Weekday
T20220006714,2022-03-25,13:05:00,1,Collision with vehicle,5,Friday,113,RIGHT NEAR (INTERSECTIONS ONLY),1,40036,T intersection,1,60,Arterial Other,WILLIAMSTOWN,PORT PHILLIP,-37.83414,144.92932,2022,3,March,13,Midday,Weekday
T20220006712,2022-03-25,18:40:00,6,Vehicle overturned (no collision),5,Friday,174,OUT OF CONTROL ON CARRIAGEWAY (ON STRAIGHT),1,270243,T intersection,3,50,Arterial Highway,WARBURTON,YARRA RANGES,-37.78143,145.61327,2022,3,March,18,Afternoon Peak,Weekday