ACCIDENT_NO,ACCIDENT_DATE,ACCIDENT_TIME,ACCIDENT_TYPE,ACCIDENT_TYPE_DESC,DAY_OF_WEEK,DAY_WEEK_DESC,DCA_CODE,DCA_DESC,LIGHT_CONDITION,NODE_ID,ROAD_GEOMETRY_DESC,SEVERITY,SPEED_ZONE,RMA,ROAD_NAME,LGA_NAME,LATITUDE,LONGITUDE,YEAR,MONTH,MONTH_NAME,HOUR,TIME_PERIOD,DAY_TYPE
T20220009541,2022-03-25,15:15:00,1,Collision with vehicle,5,Friday,160,VEHICLE COLLIDES WITH VEHICLE PARKED ON LEFT OF ROAD,1,711258,Not at intersection,3,60,Local Road,EXFORD,MELTON,-37.713024,144.57312,2022,3,March,15,Afternoon Peak,Weekday
T20220005529,2022-03-25,15:30:00,1,Collision with vehicle,5,Friday,130,REAR END(VEHICLES IN SAME LANE),1,707355,Not at intersection,3,70,Arterial Other,TAYLORS,BRIMBANK,-37.727898,144.79422,2022,3,March,15,Afternoon Peak,Weekday
T20220007074,2022-03-25,16:30:00,1,Collision with vehicle,5,Friday,110,CROSS TRAFFIC(INTERSECTIONS ONLY),1,710739,Cross intersection,2,50,Local Road,VIOLET,MORNINGTON PENINSULA,-38.36738,144.86653,2022,3,March,16,Afternoon Peak,Weekday
T20220006874,2022-03-25,21:55:00,1,Collision with vehicle,5,Friday,130,REAR END(VEHICLES IN SAME LANE),3,714793,Not at intersection,3,60,Arterial Highway,WARRIGAL,MONASH,-37.894817,145.08786,2022,3,March,21,Night,Weekday
T20220009829,2022-03-25,16:40:00,4,Collision with a fixed object,5,Friday,171,LEFT OFF CARRIAGEWAY INTO OBJECT/PARKED VEHICLE,1,755842,T intersection,2,60,Local Road,DAVIS,WYNDHAM,-37.84319,144.65166,2022,3,March,16,Afternoon Peak,Weekday
T20220006707,2022-03-25,15:30:00,1,Collision with vehicle,5,Friday,137,LEFT TURN SIDESWIPE,1,42743,T intersection,2,60,Arterial Other,BEACH,KINGSTON,-37.986313,145.0546,2022,3,March,15,Afternoon Peak,Weekday
T20220008494,2022-03-25,15:56:00,1,Collision with vehicle,5,Friday,132,RIGHT REAR.,1,709741,Not at intersection,2,50,Local Road,VERDON,WARRNAMBOOL,-38.386402,142.50993,2022,3,March,15,Afternoon Peak,Weekday
T20220006702,2022-03-25,16:20:00,1,Collision with vehicle,5,Friday,120,HEAD ON (NOT OVERTAKING),1,784958,Not at intersection,2,60,Arterial Highway,BELL,BANYULE,-37.753334,145.05191,2022,3,March,16,Afternoon Peak,Weekday
T20220007862,2022-03-25,15:30:00,1,Collision with vehicle,5,Friday,130,REAR END(VEHICLES IN SAME LANE),1,52195,Cross intersection,3,60,Arterial Other,GREY,LATROBE,-38.19132,146.51515,2022,3,March,15,Afternoon Peak,Weekday
T20220006701,2022-03-25,18:04:00,2,Struck Pedestrian,5,Friday,100,PED NEAR SIDE. PED HIT BY VEHICLE FROM THE RIGHT.,1,710550,Not at intersection,2,50,Local Road,NORTH VALLEY,GEELONG,-38.167507,144.31972,2022,3,March,18,Afternoon Peak,Weekday
T20220006872,2022-03-25,18:20:00,1,Collision with vehicle,5,Friday,121,RIGHT THROUGH,2,713761,T intersection,3,40,Local Road,DUDLEY,BANYULE,-37.767242,145.0378,2022,3,March,18,Afternoon Peak,Weekday
T20220006917,2022-03-25,11:00:00,2,Struck Pedestrian,5,Friday,100,PED NEAR SIDE. PED HIT BY VEHICLE FROM THE RIGHT.,1,37000,T intersection,2,40,Local Road,WELLINGTON,MELBOURNE,-37.81529,144.97487,2022,3,March,11,Midday,Weekday
T20220006739,2022-03-25,07:10:00,1,Collision with vehicle,5,Friday,134,LANE CHANGE RIGHT (NOT OVERTAKING),2,781779,Not at intersection,3,100,Freeway,PRINCES,WYNDHAM,-37.87196,144.74309,2022,3,March,7,Morning Peak,Weekday
T20220023373,2022-03-25,14:00:00,1,Collision with vehicle,5,Friday,131,LEFT REAR,1,732641,T intersection,3,50,Local Road,GOULBURN,CASEY,-38.10254,145.32228,2022,3,March,14,Midday,Weekday
T20220006735,2022-03-25,19:00:00,6,Vehicle overturned (no collision),5,Friday,174,OUT OF CONTROL ON CARRIAGEWAY (ON STRAIGHT),1,707858,Cross intersection,3,50,Local Road,WOODS,GEELONG,-38.197086,144.39818,2022,3,March,19,Night,Weekday
T20220006693,2022-03-25,16:10:00,4,Collision with a fixed object,5,Friday,181,OFF RIGHT BEND INTO OBJECT/PARKED VEHICLE,1,708414,Not at intersection,3,100,Local Road,ALMA,NILLUMBIK,-37.658955,145.25108,2022,3,March,16,Afternoon Peak,Weekday
T20220006726,2022-03-26,02:50:00,4,Collision with a fixed object,6,Saturday,173,RIGHT OFF CARRIAGEWAY INTO OBJECT/PARKED VEHICLE,3,784982,Not at intersection,2,80,Arterial Highway,SOUTH GIPPSLAND,CASEY,-38.07781,145.27356,2022,3,March,2,Late Night,Weekend
T20220007221,2022-03-26,12:10:00,1,Collision with vehicle,6,Saturday,135,LANE CHANGE LEFT (NOT OVERTAKING),1,708960,Not at intersection,3,80,Freeway,CITYLINK,MOONEE VALLEY,-37.786373,144.93959,2022,3,March,12,Midday,Weekend
T20220007288,2022-03-26,16:15:00,1,Collision with vehicle,6,Saturday,130,REAR END(VEHICLES IN SAME LANE),2,774195,Not at intersection,3,70,Arterial Highway,DANDENONG,STONNINGTON,-37.868458,145.03143,2022,3,March,16,Afternoon Peak,Weekend
T20220006727,2022-03-26,01:50:00,4,Collision with a fixed object,6,Saturday,173,RIGHT OFF CARRIAGEWAY INTO OBJECT/PARKED VEHICLE,5,713038,Not at intersection,2,70,Arterial Other,MICKLEHAM,HUME,-37.677032,144.88448,2022,3,March,1,Late Night,Weekend
T20220006811,2022-03-26,17:50:00,4,Collision with a fixed object,6,Saturday,173,RIGHT OFF CARRIAGEWAY INTO OBJECT/PARKED VEHICLE,1,708294,Not at intersection,2,50,Local Road,WILEMAN,HUME,-37.56932,144.68353,2022,3,March,17,Afternoon Peak,Weekend
T20220006731,2022-03-26,06:00:00,1,Collision with vehicle,6,Saturday,135,LANE CHANGE LEFT (NOT OVERTAKING),3,35304,Cross intersection,2,60,Arterial Other,FLEMINGTON,MELBOURNE,-37.799652,144.95503,2022,3,March,6,Morning Peak,Weekend
T20220020725,2022-03-26,19:00:00,1,Collision with vehicle,6,Saturday,110,CROSS TRAFFIC(INTERSECTIONS ONLY),2,325176,Cross intersection,3,70,Arterial Other,BALLARAT,BRIMBANK,-37.77021,144.77475,2022,3,March,19,Night,Weekend
T20220006736,2022-03-26,08:00:00,1,Collision with vehicle,6,Saturday,160,VEHICLE COLLIDES WITH VEHICLE PARKED ON LEFT OF ROAD,1,353505,Not at intersection,3,60,Local Road,MACARTHUR,BALLARAT,-37.55026,143.852,2022,3,March,8,Morning Peak,Weekend
T20220006814,2022-03-26,23:55:00,2,Struck Pedestrian,6,Saturday,102,FAR SIDE. PED HIT BY VEHICLE FROM THE LEFT,3,707862,Cross intersection,3,60,Arterial Other,SWAN,YARRA,-37.82569,144.99799,2022,3,March,23,Night,Weekend
T20220006815,2022-03-26,23:16:00,4,Collision with a fixed object,6,Saturday,173,RIGHT OFF CARRIAGEWAY INTO OBJECT/PARKED VEHICLE,5,710078,Not at intersection,2,100,Local Road,BENALLA-WARRENBAYNE,BENALLA,-36.612617,145.90607,2022,3,March,23,Night,Weekend
T20220006737,2022-03-26,06:43:00,2,Struck Pedestrian,6,Saturday,102,FAR SIDE. PED HIT BY VEHICLE FROM THE LEFT,3,234963,Cross intersection,2,50,Arterial Other,THOMPSONS,CASEY,-38.08313,145.2832,2022,3,March,6,Morning Peak,Weekend
T20220008708,2022-03-26,18:30:00,1,Collision with vehicle,6,Saturday,153,CUTTING IN (OVERTAKING),1,710873,Not at intersection,3,100,Freeway,CITYLINK,MOONEE VALLEY,-37.7331,144.9196,2022,3,March,18,Afternoon Peak,Weekend
T20220006826,2022-03-26,12:00:00,4,Collision with a fixed object,6,Saturday,181,OFF RIGHT BEND INTO OBJECT/PARKED VEHICLE,1,755831,Not at intersection,2,100,Freeway,EASTERN,BOROONDARA,-37.784557,145.06238,2022,3,March,12,Midday,Weekend
T20220006798,2022-03-26,17:32:00,4,Collision with a fixed object,6,Saturday,171,LEFT OFF CARRIAGEWAY INTO OBJECT/PARKED VEHICLE,1,708293,Not at intersection,3,100,Arterial Other,KOO WEE RUP-LONGWARRY,CARDINIA,-38.192654,145.51364,2022,3,March,17,Afternoon Peak,Weekend
T20220006951,2022-03-26,10:54:00,8,No collision and no object struck,6,Saturday,170,OFF CARRIAGEWAY TO LEFT,1,708768,Not at intersection,2,60,Local Road,ROWES,MITCHELL,-37.425415,144.94614,2022,3,March,10,Midday,Weekend
T20220006954,2022-03-26,11:40:00,1,Collision with vehicle,6,Saturday,130,REAR END(VEHICLES IN SAME LANE),1,39243,Not at intersection,3,60,Arterial Highway,WHITEHORSE,WHITEHORSE,-37.81571,145.10509,2022,3,March,11,Midday,Weekend
T20220006741,2022-03-26,08:38:00,1,Collision with vehicle,6,Saturday,135,LANE CHANGE LEFT (NOT OVERTAKING),1,143981,Not at intersection,2,100,Freeway,MONASH,CASEY,-37.96899,145.23637,2022,3,March,8,Morning Peak,Weekend
T20220006860,2022-03-26,16:15:00,1,Collision with vehicle,6,Saturday,163,VEHICLE STRIKES DOOR OF PARKED/STATIONARY VEHICLE,1,36166,Cross intersection,2,50,Local Road,CHAPEL,STONNINGTON,-37.854706,144.99283,2022,3,March,16,Afternoon Peak,Weekend
T20220007220,2022-03-26,20:30:00,1,Collision with vehicle,6,Saturday,163,VEHICLE STRIKES DOOR OF PARKED/STATIONARY VEHICLE,9,37555,Cross intersection,3,40,Local Road,COVENTRY,PORT PHILLIP,-37.83118,144.96254,2022,3,March,20,Night,Weekend
T20220009804,2022-03-26,15:30:00,1,Collision with vehicle,6,Saturday,130,REAR END(VEHICLES IN SAME LANE),9,711201,Not at intersection,3,50,Arterial Highway,KINGS,MELBOURNE,-37.82604,144.96027,2022,3,March,15,Afternoon Peak,Weekend
T20220006801,2022-03-26,16:00:00,1,Collision with vehicle,6,Saturday,130,REAR END(VEHICLES IN SAME LANE),1,1013,Cross intersection,3,80,Arterial Highway,DANDENONG-HASTINGS,CASEY,-38.077694,145.23973,2022,3,March,16,Afternoon Peak,Weekend
T20220006750,2022-03-26,09:58:00,1,Collision with vehicle,6,Saturday,133,LANE SIDE SWIPE (VEHICLES IN PARALLEL LANES),1,707957,Not at intersection,3,60,Arterial Other,BORONIA,WHITEHORSE,-37.840218,145.2027,2022,3,March,9,Morning Peak,Weekend
T20220006753,2022-03-26,13:14:00,8,No collision and no object struck,6,Saturday,182,OFF CARRIAGEWAY ON LEFT BEND,1,718127,Not at intersection,3,80,Arterial Other,CRANBOURNE-FRANKSTON,CASEY,-38.110245,145.25337,2022,3,March,13,Midday,Weekend
T20220006754,2022-03-26,11:20:00,1,Collision with vehicle,6,Saturday,121,RIGHT THROUGH,1,42396,Cross intersection,2,60,Arterial Other,BOUNDARY,MORELAND,-37.718067,144.9517,2022,3,March,11,Midday,Weekend
T20220006755,2022-03-26,10:45:00,1,Collision with vehicle,6,Saturday,160,VEHICLE COLLIDES WITH VEHICLE PARKED ON LEFT OF ROAD,1,707958,Not at intersection,2,50,Local Road,SWINBURNE,GEELONG,-38.11979,144.35553,2022,3,March,10,Midday,Weekend
T20220012289,2022-03-26,21:45:00,1,Collision with vehicle,6,Saturday,160,VEHICLE COLLIDES WITH VEHICLE PARKED ON LEFT OF ROAD,3,713808,Not at intersection,3,50,Local Road,WEST,BRIMBANK,-37.780304,144.79637,2022,3,March,21,Night,Weekend
T20220006757,2022-03-26,13:08:00,1,Collision with vehicle,6,Saturday,113,RIGHT NEAR (INTERSECTIONS ONLY),1,43804,T intersection,2,60,Arterial Other,MURRAY,DAREBIN,-37.73708,144.99507,2022,3,March,13,Midday,Weekend
T20220006759,2022-03-26,11:29:00,1,Collision with vehicle,6,Saturday,120,HEAD ON (NOT OVERTAKING),1,776684,Not at intersection,3,50,Local Road,REALM,HUME,-37.543625,144.90508,2022,3,March,11,Midday,Weekend
T20220006761,2022-03-26,12:31:00,1,Collision with vehicle,6,Saturday,113,RIGHT NEAR (INTERSECTIONS ONLY),1,64672,T intersection,3,60,Local Road,CHURCHILL,MARIBYRNONG,-37.786556,144.85251,2022,3,March,12,Midday,Weekend
T20220006803,2022-03-26,15:55:00,4,Collision with a fixed object,6,Saturday,171,LEFT OFF CARRIAGEWAY INTO OBJECT/PARKED VEHICLE,1,713040,Not at intersection,3,100,Freeway,MONASH OUT-SOUTH GIPPSLAND OUT,CASEY,-37.99349,145.25424,2022,3,March,15,Afternoon Peak,Weekend
T20220006762,2022-03-26,12:26:00,1,Collision with vehicle,6,Saturday,160,VEHICLE COLLIDES WITH VEHICLE PARKED ON LEFT OF ROAD,1,774300,Not at intersection,3,50,Local Road,GOLDMINERS,WHITTLESEA,-37.634396,145.01892,2022,3,March,12,Midday,Weekend
T20220006763,2022-03-26,06:30:00,1,Collision with vehicle,6,Saturday,130,REAR END(VEHICLES IN SAME LANE),2,778871,Not at intersection,3,80,Arterial Highway,GOULBURN VALLEY,SHEPPARTON,-36.27801,145.43182,2022,3,March,6,Morning Peak,Weekend
T20220006766,2022-03-26,12:26:00,1,Collision with vehicle,6,Saturday,121,RIGHT THROUGH,1,707860,Not at intersection,3,50,Local Road,CLOW,DANDENONG,-37.985123,145.2165,2022,3,March,12,Midday,Weekend
T20220006768,2022-03-26,10:15:00,1,Collision with vehicle,6,Saturday,130,REAR END(VEHICLES IN SAME LANE),1,707911,Not at intersection,1,100,Arterial Other,BENDIGO-PYRAMID,BENDIGO,-36.59912,144.19951,2022,3,March,10,Midday,Weekend
T20220009061,2022-03-26,20:20:00,1,Collision with vehicle,6,Saturday,160,VEHICLE COLLIDES WITH VEHICLE PARKED ON LEFT OF ROAD,3,774301,Not at intersection,2,50,Local Road,WINDERMERE,KNOX,-37.8953,145.26799,2022,3,March,20,Night,Weekend
T20220006770,2022-03-26,13:30:00,1,Collision with vehicle,6,Saturday,130,REAR END(VEHICLES IN SAME LANE),1,708800,Not at intersection,3,80,Arterial Other,COOK,MELBOURNE,-37.82892,144.91814,2022,3,March,13,Midday,Weekend
T20220006772,2022-03-26,13:12:00,1,Collision with vehicle,6,Saturday,121,RIGHT THROUGH,1,708240,Not at intersection,3,60,Arterial Other,ASHLEY,MARIBYRNONG,-37.795074,144.86281,2022,3,March,13,Midday,Weekend
T20220006774,2022-03-26,12:50:00,4,Collision with a fixed object,6,Saturday,181,OFF RIGHT BEND INTO OBJECT/PARKED VEHICLE,1,708569,Not at intersection,2,100,Local Road,FASSIFERN,MURRINDINDI,-37.099045,145.4615,2022,3,March,12,Midday,Weekend
T20220006777,2022-03-26,13:19:00,2,Struck Pedestrian,6,Saturday,101,PED EMERGES FROM IN FRONT OF PARKED OR STATIONARY VEHICLE,1,710795,T intersection,2,60,Arterial Highway,WARRIGAL,MONASH,-37.896057,145.08763,2022,3,March,13,Midday,Weekend
T20220006807,2022-03-26,20:45:00,1,Collision with vehicle,6,Saturday,121,RIGHT THROUGH,2,260158,Not at intersection,2,60,Arterial Other,COBURNS,MELTON,-37.68635,144.56778,2022,3,March,20,Night,Weekend
T20220006778,2022-03-26,14:02:00,1,Collision with vehicle,6,Saturday,110,CROSS TRAFFIC(INTERSECTIONS ONLY),1,72474,Cross intersection,3,80,Local Road,ROBINSONS,FRANKSTON,-38.179974,145.18552,2022,3,March,14,Midday,Weekend
T20220006785,2022-03-26,10:00:00,8,No collision and no object struck,6,Saturday,179,OTHER ACCIDENTS-OFF STRAIGHT NOT INCLUDED IN DCAs 170-175,1,710629,Not at intersection,3,100,Arterial Highway,STRZELECKI,SOUTH GIPPSLAND,-38.342648,146.20343,2022,3,March,10,Midday,Weekend
T20220006788,2022-03-26,15:30:00,1,Collision with vehicle,6,Saturday,120,HEAD ON (NOT OVERTAKING),1,708008,Not at intersection,2,60,Arterial Other,HEIDELBERG-KINGLAKE,NILLUMBIK,-37.56284,145.31252,2022,3,March,15,Afternoon Peak,Weekend
T20220006790,2022-03-26,12:00:00,1,Collision with vehicle,6,Saturday,111,RIGHT FAR (INTERSECTIONS ONLY),1,278839,Cross intersection,3,70,Local Road,GLASSCOCKS,CASEY,-38.07202,145.31573,2022,3,March,12,Midday,Weekend
T20220006794,2022-03-26,18:15:00,1,Collision with vehicle,6,Saturday,130,REAR END(VEHICLES IN SAME LANE),1,708938,Not at intersection,3,80,Local Road,WERRIBEE VALE,MOORABOOL,-37.683792,144.40108,2022,3,March,18,Afternoon Peak,Weekend
T20220006808,2022-03-26,20:09:00,2,Struck Pedestrian,6,Saturday,100,PED NEAR SIDE. PED HIT BY VEHICLE FROM THE RIGHT.,3,37600,Cross intersection,2,70,Arterial Other,ST KILDA,MELBOURNE,-37.84772,144.97974,2022,3,March,20,Night,Weekend
T20220006827,2022-03-27,04:31:00,4,Collision with a fixed object,7,Sunday,175,OFF END OF ROAD/T-INTERSECTION.,5,714251,T intersection,2,80,Arterial Highway,MURRAY VALLEY,SWAN HILL,-35.052082,143.32751,2022,3,March,4,Late Night,Weekend
T20220006836,2022-03-27,06:04:00,1,Collision with vehicle,7,Sunday,110,CROSS TRAFFIC(INTERSECTIONS ONLY),3,277994,Cross intersection,2,60,Local Road,PLENTY,DAREBIN,-37.74564,145.0062,2022,3,March,6,Morning Peak,Weekend
T20220006838,2022-03-27,09:20:00,2,Struck Pedestrian,7,Sunday,102,FAR SIDE. PED HIT BY VEHICLE FROM THE LEFT,1,708009,T intersection,2,50,Local Road,VENICE,WHITEHORSE,-37.80791,145.188,2022,3,March,9,Morning Peak,Weekend
T20220006842,2022-03-27,10:30:00,1,Collision with vehicle,7,Sunday,160,VEHICLE COLLIDES WITH VEHICLE PARKED ON LEFT OF ROAD,1,718128,Not at intersection,2,50,Local Road,WHITESIDES,BRIMBANK,-37.784657,144.79288,2022,3,March,10,Midday,Weekend
T20220006873,2022-03-27,15:30:00,8,No collision and no object struck,7,Sunday,170,OFF CARRIAGEWAY TO LEFT,1,715695,Not at intersection,2,100,Arterial Other,LANG LANG-POOWONG,SOUTH GIPPSLAND,-38.331676,145.71487,2022,3,March,15,Afternoon Peak,Weekend
T20220006876,2022-03-27,17:00:00,1,Collision with vehicle,7,Sunday,120,HEAD ON (NOT OVERTAKING),1,713041,Not at intersection,3,100,Arterial Highway,BASS,BASS COAST,-38.616943,145.66296,2022,3,March,17,Afternoon Peak,Weekend
T20220006878,2022-03-27,18:14:00,2,Struck Pedestrian,7,Sunday,102,FAR SIDE. PED HIT BY VEHICLE FROM THE LEFT,1,710627,Not at intersection,2,70,Arterial Highway,BELLARINE,GEELONG,-38.171375,144.39467,2022,3,March,18,Afternoon Peak,Weekend
T20220006879,2022-03-27,16:40:00,1,Collision with vehicle,7,Sunday,110,CROSS TRAFFIC(INTERSECTIONS ONLY),1,708417,Cross intersection,2,50,Local Road,GRANDVIEW,BOROONDARA,-37.793293,145.03519,2022,3,March,16,Afternoon Peak,Weekend
T20220007099,2022-03-27,07:00:00,4,Collision with a fixed object,7,Sunday,173,RIGHT OFF CARRIAGEWAY INTO OBJECT/PARKED VEHICLE,2,709566,Not at intersection,3,100,Local Road,SALE-TOONGABBIE,WELLINGTON,-38.106247,146.89647,2022,3,March,7,Morning Peak,Weekend
T20220006845,2022-03-27,10:50:00,1,Collision with vehicle,7,Sunday,113,RIGHT NEAR (INTERSECTIONS ONLY),1,711135,T intersection,2,80,Arterial Highway,SOUTH GIPPSLAND,CASEY,-38.05491,145.26044,2022,3,March,10,Midday,Weekend
T20220007096,2022-03-27,13:30:00,6,Vehicle overturned (no collision),7,Sunday,180,OFF CARRIAGEWAY ON RIGHT BEND,1,712427,Not at intersection,2,60,Local Road,MCMAHONS CREEK,YARRA RANGES,-37.7101,145.85004,2022,3,March,13,Midday,Weekend
T20220006881,2022-03-27,16:45:00,4,Collision with a fixed object,7,Sunday,171,LEFT OFF CARRIAGEWAY INTO OBJECT/PARKED VEHICLE,1,711890,Not at intersection,3,100,Arterial Highway,PRINCES,SURF COAST,-38.212784,144.18318,2022,3,March,16,Afternoon Peak,Weekend
T20220006882,2022-03-27,18:30:00,1,Collision with vehicle,7,Sunday,121,RIGHT THROUGH,1,708767,T intersection,3,40,Local Road,SEPARATION,DAREBIN,-37.769836,145.00314,2022,3,March,18,Afternoon Peak,Weekend
T20220006939,2022-03-27,17:30:00,1,Collision with vehicle,7,Sunday,148,VEHICLE OFF FOOTPATH STRIKES VEH ON CARRIAGEWAY,9,32340,Cross intersection,3,50,Arterial Highway,ST KILDA,PORT PHILLIP,-37.86463,144.98587,2022,3,March,17,Afternoon Peak,Weekend
T20220006886,2022-03-27,16:00:00,6,Vehicle overturned (no collision),7,Sunday,184,OUT OF CONTROL ON CARRIAGEWAY (ON BEND),1,711788,Cross intersection,3,100,Local Road,COWWARR,BAW BAW,-38.02237,146.49501,2022,3,March,16,Afternoon Peak,Weekend
T20220006887,2022-03-27,07:10:00,1,Collision with vehicle,7,Sunday,113,RIGHT NEAR (INTERSECTIONS ONLY),1,45169,T intersection,3,60,Arterial Highway,WARBURTON,YARRA RANGES,-37.780308,145.5314,2022,3,March,7,Morning Peak,Weekend
T20220006888,2022-03-27,20:20:00,2,Struck Pedestrian,7,Sunday,106,VEH STRIKES PED ON FOOTPATH/MEDIAN/TRAFFIC ISLAND.,2,47560,Cross intersection,3,50,Local Road,LINDEN,HOBSONS BAY,-37.86673,144.77705,2022,3,March,20,Night,Weekend
T20220006889,2022-03-27,17:18:00,1,Collision with vehicle,7,Sunday,142,LEAVING PARKING,1,708501,Not at intersection,3,40,Local Road,HOBSON,STONNINGTON,-37.847656,145.00125,2022,3,March,17,Afternoon Peak,Weekend
T20220006896,2022-03-27,21:33:00,4,Collision with a fixed object,7,Sunday,173,RIGHT OFF CARRIAGEWAY INTO OBJECT/PARKED VEHICLE,5,715592,Not at intersection,2,100,Freeway,HUME,HUME,-37.55117,144.94391,2022,3,March,21,Night,Weekend
T20220006897,2022-03-27,17:15:00,4,Collision with a fixed object,7,Sunday,171,LEFT OFF CARRIAGEWAY INTO OBJECT/PARKED VEHICLE,1,721559,Not at intersection,3,50,Local Road,ST ALBANS,GEELONG,-38.164646,144.37366,2022,3,March,17,Afternoon Peak,Weekend
T20220006899,2022-03-27,21:00:00,2,Struck Pedestrian,7,Sunday,102,FAR SIDE. PED HIT BY VEHICLE FROM THE LEFT,3,709517,Not at intersection,3,60,Local Road,CORRIGAN,DANDENONG,-37.992153,145.16312,2022,3,March,21,Night,Weekend
T20220006847,2022-03-27,11:15:00,1,Collision with vehicle,7,Sunday,116,LEFT NEAR (INTERSECTIONS ONLY),1,707960,Cross intersection,2,80,Arterial Other,FERNTREE GULLY,KNOX,-37.888634,145.26286,2022,3,March,11,Midday,Weekend
T20220006904,2022-03-27,23:52:00,1,Collision with vehicle,7,Sunday,121,RIGHT THROUGH,3,57552,Cross intersection,2,70,Arterial Highway,WARRIGAL,STONNINGTON,-37.892857,145.08824,2022,3,March,23,Night,Weekend
T20220006909,2022-03-27,19:00:00,3,Struck animal,7,Sunday,167,STRUCK ANIMAL,2,708418,Not at intersection,2,100,Arterial Other,MURRAY RIVER,TOWONG,-35.953568,147.42776,2022,3,March,19,Night,Weekend
T20220006848,2022-03-27,10:35:00,2,Struck Pedestrian,7,Sunday,100,PED NEAR SIDE. PED HIT BY VEHICLE FROM THE RIGHT.,1,708144,Not at intersection,2,40,Local Road,PERCIVAL,DAREBIN,-37.731407,145.00536,2022,3,March,10,Midday,Weekend
T20220007448,2022-03-27,08:25:00,1,Collision with vehicle,7,Sunday,130,REAR END(VEHICLES IN SAME LANE),1,708606,T intersection,3,80,Arterial Highway,MOOROODUC,FRANKSTON,-38.16542,145.13707,2022,3,March,8,Morning Peak,Weekend
T20220007086,2022-03-27,16:20:00,1,Collision with vehicle,7,Sunday,130,REAR END(VEHICLES IN SAME LANE),1,708289,Multiple intersection,2,100,Freeway,BANDIANA LINK-HUME OUT,WODONGA,-36.10832,146.90154,2022,3,March,16,Afternoon Peak,Weekend
T20220007113,2022-03-27,16:00:00,8,No collision and no object struck,7,Sunday,174,OUT OF CONTROL ON CARRIAGEWAY (ON STRAIGHT),1,711892,Not at intersection,2,60,Arterial Other,ELTHAM-YARRA GLEN,YARRA RANGES,-37.64668,145.36717,2022,3,March,16,Afternoon Peak,Weekend
T20220007127,2022-03-27,11:20:00,8,No collision and no object struck,7,Sunday,180,OFF CARRIAGEWAY ON RIGHT BEND,1,243613,Cross intersection,3,60,Freeway,PRINCES OUT-WERRIBEE MAIN,WYNDHAM,-37.92957,144.63586,2022,3,March,11,Midday,Weekend
T20220007495,2022-03-27,13:30:00,1,Collision with vehicle,7,Sunday,131,LEFT REAR,9,234028,T intersection,3,60,Arterial Other,MT DANDENONG,MAROONDAH,-37.80816,145.2518,2022,3,March,13,Midday,Weekend
T20220007075,2022-03-27,19:00:00,4,Collision with a fixed object,7,Sunday,181,OFF RIGHT BEND INTO OBJECT/PARKED VEHICLE,3,708244,Not at intersection,3,50,Local Road,GOLF VIEW,HUME,-37.603615,144.91704,2022,3,March,19,Night,Weekend
T20220014643,2022-03-27,12:00:00,1,Collision with vehicle,7,Sunday,130,REAR END(VEHICLES IN SAME LANE),1,774795,Not at intersection,3,60,Arterial Highway,ST KILDA,PORT PHILLIP,-37.859245,144.9837,2022,3,March,12,Midday,Weekend
T20220006910,2022-03-27,12:20:00,1,Collision with vehicle,7,Sunday,130,REAR END(VEHICLES IN SAME LANE),1,784985,Not at intersection,2,60,Arterial Other,DONNYBROOK,HUME,-37.540485,144.94562,2022,3,March,12,Midday,Weekend
T20220006850,2022-03-27,11:30:00,4,Collision with a fixed object,7,Sunday,171,LEFT OFF CARRIAGEWAY INTO OBJECT/PARKED VEHICLE,1,718129,Not at intersection,2,50,Local Road,EAGLE,GEELONG,-38.086353,144.35077,2022,3,March,11,Midday,Weekend
T20220006858,2022-03-27,13:30:00,1,Collision with vehicle,7,Sunday,120,HEAD ON (NOT OVERTAKING),1,721558,Not at intersection,2,80,Arterial Other,BURTON,MACEDON RANGES,-37.230732,144.4163,2022,3,March,13,Midday,Weekend
T20220006863,2022-03-27,12:20:00,1,Collision with vehicle,7,Sunday,120,HEAD ON (NOT OVERTAKING),1,708416,Not at intersection,3,60,Arterial Other,BUCKLAND GAP,INDIGO,-36.413597,146.698,2022,3,March,12,Midday,Weekend
T20220006866,2022-03-27,14:10:00,1,Collision with vehicle,7,Sunday,113,RIGHT NEAR (INTERSECTIONS ONLY),1,344680,Cross intersection,2,80,Local Road,HEATHERDALE,MAROONDAH,-37.83253,145.21335,2022,3,March,14,Midday,Weekend
T20220010242,2022-03-27,13:00:00,1,Collision with vehicle,7,Sunday,130,REAR END(VEHICLES IN SAME LANE),1,711721,Multiple intersection,3,60,Local Road,DOVETON,BALLARAT,-37.55733,143.85548,2022,3,March,13,Midday,Weekend
T20220006968,2022-03-27,09:30:00,8,No collision and no object struck,7,Sunday,149,OTHER MANOEUVRING NOT INCLUDED IN DCAs 140-148,1,708146,Not at intersection,2,100,Local Road,ALBION,ALPINE,-36.89928,147.02266,2022,3,March,9,Morning Peak,Weekend
T20220006978,2022-03-27,19:50:00,1,Collision with vehicle,7,Sunday,135,LANE CHANGE LEFT (NOT OVERTAKING),2,718130,Not at intersection,3,60,Arterial Other,WAVERLEY,STONNINGTON,-37.877205,145.08441,2022,3,March,19,Night,Weekend
T20220006823,2022-03-27,02:20:00,4,Collision with a fixed object,7,Sunday,173,RIGHT OFF CARRIAGEWAY INTO OBJECT/PARKED VEHICLE,3,711512,Not at intersection,3,50,Local Road,SEYMOUR,MAROONDAH,-37.815586,145.22516,2022,3,March,2,Late Night,Weekend