ACCIDENT_NO,ACCIDENT_DATE,ACCIDENT_TIME,ACCIDENT_TYPE,ACCIDENT_TYPE_DESC,DAY_OF_WEEK,DAY_WEEK_DESC,DCA_CODE,DCA_DESC,LIGHT_CONDITION,NODE_ID,ROAD_GEOMETRY_DESC,SEVERITY,SPEED_ZONE,RMA,ROAD_NAME,LGA_NAME,LATITUDE,LONGITUDE,YEAR,MONTH,MONTH_NAME,HOUR,TIME_PERIOD,DAY_TYPE
T20220006824,2022-03-27,01:40:00,4,Collision with a fixed object,7,Sunday,173,RIGHT OFF CARRIAGEWAY INTO OBJECT/PARKED VEHICLE,3,708062,Not at intersection,3,60,Local Road,GLENFERN,YARRA RANGES,-37.91763,145.33446,2022,3,March,1,Late Night,Weekend
T20220006825,2022-03-27,04:23:00,4,Collision with a fixed object,7,Sunday,171,LEFT OFF CARRIAGEWAY INTO OBJECT/PARKED VEHICLE,3,718655,Not at intersection,2,60,Arterial Other,HIGH,MACEDON RANGES,-37.356693,144.52751,2022,3,March,4,Late Night,Weekend
T20220006834,2022-03-27,07:02:00,1,Collision with vehicle,7,Sunday,110,CROSS TRAFFIC(INTERSECTIONS ONLY),2,35580,Cross intersection,2,60,Arterial Other,GAFFNEY,MORELAND,-37.732292,144.9458,2022,3,March,7,Morning Peak,Weekend
T20220006952,2022-03-28,13:26:00,1,Collision with vehicle,1,Monday,121,RIGHT THROUGH,1,723456,T intersection,2,70,Arterial Other,YAN YEAN,WHITTLESEA,-37.61297,145.13696,2022,3,March,13,Midday,Weekday
T20220006970,2022-03-28,16:34:00,4,Collision with a fixed object,1,Monday,171,LEFT OFF CARRIAGEWAY INTO OBJECT/PARKED VEHICLE,1,718201,Not at intersection,2,100,Arterial Other,BENDIGO-MURCHISON,SHEPPARTON,-36.60568,145.16199,2022,3,March,16,Afternoon Peak,Weekday
T20220006971,2022-03-28,18:40:00,2,Struck Pedestrian,1,Monday,100,PED NEAR SIDE. PED HIT BY VEHICLE FROM THE RIGHT.,1,774191,Not at intersection,2,50,Local Road,ALLAN,CAMPASPE,-36.313522,145.04428,2022,3,March,18,Afternoon Peak,Weekday
T20220007318,2022-03-28,12:00:00,1,Collision with vehicle,1,Monday,110,CROSS TRAFFIC(INTERSECTIONS ONLY),1,774233,Cross intersection,2,50,Local Road,SOVEREIGN,GEELONG,-38.225403,144.32657,2022,3,March,12,Midday,Weekday
T20220006972,2022-03-28,17:36:00,1,Collision with vehicle,1,Monday,148,VEHICLE OFF FOOTPATH STRIKES VEH ON CARRIAGEWAY,1,708147,Not at intersection,3,60,Local Road,BRIDGE,MELTON,-37.71477,144.58487,2022,3,March,17,Afternoon Peak,Weekday
T20220006914,2022-03-28,07:50:00,1,Collision with vehicle,1,Monday,133,LANE SIDE SWIPE (VEHICLES IN PARALLEL LANES),2,708419,Not at intersection,3,100,Arterial Other,DONALD-SWAN HILL,SWAN HILL,-35.40777,143.54176,2022,3,March,7,Morning Peak,Weekday
T20220006902,2022-03-28,02:10:00,1,Collision with vehicle,1,Monday,160,VEHICLE COLLIDES WITH VEHICLE PARKED ON LEFT OF ROAD,3,784987,Not at intersection,2,80,Arterial Other,SOUTH,KINGSTON,-37.935352,145.05276,2022,3,March,2,Late Night,Weekday
T20220006923,2022-03-28,09:30:00,4,Collision with a fixed object,1,Monday,171,LEFT OFF CARRIAGEWAY INTO OBJECT/PARKED VEHICLE,1,719998,Not at intersection,2,80,Local Road,CAPE NELSON,GLENELG,-38.374928,141.58145,2022,3,March,9,Morning Peak,Weekday
T20220006947,2022-03-28,10:35:00,1,Collision with vehicle,1,Monday,130,REAR END(VEHICLES IN SAME LANE),1,67214,T intersection,3,60,Arterial Other,MIDDLEBOROUGH,WHITEHORSE,-37.85001,145.13272,2022,3,March,10,Midday,Weekday
T20220006948,2022-03-28,13:28:00,1,Collision with vehicle,1,Monday,111,RIGHT FAR (INTERSECTIONS ONLY),1,62084,Cross intersection,3,60,Local Road,BOTHA,DAREBIN,-37.703938,145.00035,2022,3,March,13,Midday,Weekday
T20220006959,2022-03-28,16:00:00,1,Collision with vehicle,1,Monday,113,RIGHT NEAR (INTERSECTIONS ONLY),1,784988,Cross intersection,2,80,Freeway,PRINCES,CARDINIA,-38.091366,145.47108,2022,3,March,16,Afternoon Peak,Weekday
T20220009982,2022-03-28,06:30:00,3,Struck animal,1,Monday,167,STRUCK ANIMAL,2,711414,Not at intersection,3,80,Local Road,OLD MELBOURNE,LATROBE,-38.203796,146.45277,2022,3,March,6,Morning Peak,Weekday
T20220006985,2022-03-28,20:55:00,4,Collision with a fixed object,1,Monday,171,LEFT OFF CARRIAGEWAY INTO OBJECT/PARKED VEHICLE,3,710117,Not at intersection,2,80,Local Road,PATERNOSTER,CARDINIA,-37.943653,145.4745,2022,3,March,20,Night,Weekday
T20220008095,2022-03-28,07:55:00,8,No collision and no object struck,1,Monday,174,OUT OF CONTROL ON CARRIAGEWAY (ON STRAIGHT),1,255776,Not at intersection,2,40,Local Road,GERTRUDE,YARRA,-37.805424,144.97401,2022,3,March,7,Morning Peak,Weekday
T20220007046,2022-03-28,19:20:00,1,Collision with vehicle,1,Monday,110,CROSS TRAFFIC(INTERSECTIONS ONLY),2,58258,Cross intersection,3,40,Local Road,CAMPBELL,SWAN HILL,-35.334976,143.55841,2022,3,March,19,Night,Weekday
T20220006973,2022-03-28,16:42:00,1,Collision with vehicle,1,Monday,130,REAR END(VEHICLES IN SAME LANE),1,277152,T intersection,3,60,Arterial Highway,KINGS,PORT PHILLIP,-37.829544,144.96378,2022,3,March,16,Afternoon Peak,Weekday
T20220010154,2022-03-28,07:30:00,1,Collision with vehicle,1,Monday,110,CROSS TRAFFIC(INTERSECTIONS ONLY),1,712494,Cross intersection,3,60,Local Road,ELEVATION,HUME,-37.601494,144.90378,2022,3,March,7,Morning Peak,Weekday
T20220006949,2022-03-28,14:05:00,2,Struck Pedestrian,1,Monday,100,PED NEAR SIDE. PED HIT BY VEHICLE FROM THE RIGHT.,1,710740,Not at intersection,2,60,Arterial Other,BEACH,BAYSIDE,-37.95367,145.00517,2022,3,March,14,Midday,Weekday
T20220006974,2022-03-28,16:30:00,1,Collision with vehicle,1,Monday,140,U TURN,1,781915,Cross intersection,3,70,Arterial Highway,MELBOURNE ROAD SERVICE,GEELONG,-38.12319,144.35301,2022,3,March,16,Afternoon Peak,Weekday
T20220006988,2022-03-28,22:19:00,1,Collision with vehicle,1,Monday,130,REAR END(VEHICLES IN SAME LANE),3,342077,Cross intersection,3,70,Arterial Other,OLD PRINCES,CARDINIA,-38.051502,145.37468,2022,3,March,22,Night,Weekday
T20220007032,2022-03-28,15:50:00,1,Collision with vehicle,1,Monday,147,VEHICLE STRIKES ANOTHER VEH WHILE EMERGING FROM DRIVEWAY,1,774746,Not at intersection,3,50,Local Road,GEORGE,LATROBE,-38.23841,146.39642,2022,3,March,15,Afternoon Peak,Weekday
T20220006977,2022-03-28,13:45:00,1,Collision with vehicle,1,Monday,148,VEHICLE OFF FOOTPATH STRIKES VEH ON CARRIAGEWAY,1,54724,T intersection,3,60,Local Road,HUME,BRIMBANK,-37.71006,144.77101,2022,3,March,13,Midday,Weekday
T20220006976,2022-03-28,17:00:00,1,Collision with vehicle,1,Monday,121,RIGHT THROUGH,1,289972,Cross intersection,2,80,Arterial Other,HALL,CASEY,-38.107475,145.23756,2022,3,March,17,Afternoon Peak,Weekday
T20220014929,2022-03-28,16:00:00,6,Vehicle overturned (no collision),1,Monday,170,OFF CARRIAGEWAY TO LEFT,1,720255,Not at intersection,3,50,Arterial Highway,LODDON VALLEY,BENDIGO,-36.717648,144.2509,2022,3,March,16,Afternoon Peak,Weekday
T20220007219,2022-03-28,08:45:00,1,Collision with vehicle,1,Monday,147,VEHICLE STRIKES ANOTHER VEH WHILE EMERGING FROM DRIVEWAY,1,710630,Not at intersection,3,60,Local Road,RAILWAY,FRANKSTON,-38.098434,145.12843,2022,3,March,8,Morning Peak,Weekday
T20220007182,2022-03-28,08:10:00,1,Collision with vehicle,1,Monday,130,REAR END(VEHICLES IN SAME LANE),1,774229,Cross intersection,3,80,Arterial Other,BELGRAVE-HALLAM,CASEY,-38.00166,145.27434,2022,3,March,8,Morning Peak,Weekday
T20220008108,2022-03-28,13:30:00,1,Collision with vehicle,1,Monday,130,REAR END(VEHICLES IN SAME LANE),1,3438,Not at intersection,3,80,Arterial Highway,FRANKSTON-DANDENONG,FRANKSTON,-38.10083,145.17136,2022,3,March,13,Midday,Weekday
T20220007814,2022-03-28,15:58:00,1,Collision with vehicle,1,Monday,113,RIGHT NEAR (INTERSECTIONS ONLY),1,1131,T intersection,3,50,Arterial Highway,POINT NEPEAN,MORNINGTON PENINSULA,-38.358223,144.89586,2022,3,March,15,Afternoon Peak,Weekday
T20220007189,2022-03-28,08:13:00,8,No collision and no object struck,1,Monday,174,OUT OF CONTROL ON CARRIAGEWAY (ON STRAIGHT),1,57579,T intersection,2,80,Arterial Highway,NEPEAN,BAYSIDE,-37.925507,145.02684,2022,3,March,8,Morning Peak,Weekday
T20220006929,2022-03-28,10:10:00,1,Collision with vehicle,1,Monday,121,RIGHT THROUGH,1,260358,Not at intersection,2,60,Local Road,ROSAMOND,MARIBYRNONG,-37.7728,144.88615,2022,3,March,10,Midday,Weekday
T20220006955,2022-03-28,16:08:00,2,Struck Pedestrian,1,Monday,103,PED PLAYING/LYING/WORKING/STANDING ON CARRIAGEWAY.,1,710743,Not at intersection,3,70,Local Road,DOCTORS GULLY,NILLUMBIK,-37.60625,145.14465,2022,3,March,16,Afternoon Peak,Weekday
T20220006928,2022-03-28,11:11:00,4,Collision with a fixed object,1,Monday,173,RIGHT OFF CARRIAGEWAY INTO OBJECT/PARKED VEHICLE,1,708065,Not at intersection,3,100,Local Road,EAGLEHAWK-NEILBOROUGH,BENDIGO,-36.644257,144.26028,2022,3,March,11,Midday,Weekday
T20220007346,2022-03-28,06:20:00,1,Collision with vehicle,1,Monday,132,RIGHT REAR.,2,712456,Cross intersection,3,60,Arterial Highway,BANKSIA,BANYULE,-37.759678,145.06897,2022,3,March,6,Morning Peak,Weekday
T20220006957,2022-03-28,13:17:00,1,Collision with vehicle,1,Monday,110,CROSS TRAFFIC(INTERSECTIONS ONLY),1,708145,Cross intersection,2,80,Arterial Highway,MOOROODUC,MORNINGTON PENINSULA,-38.230732,145.09256,2022,3,March,13,Midday,Weekday
T20220007081,2022-03-28,16:00:00,1,Collision with vehicle,1,Monday,110,CROSS TRAFFIC(INTERSECTIONS ONLY),1,39502,Cross intersection,3,50,Local Road,OSHANNESSY,WHITEHORSE,-37.815582,145.17773,2022,3,March,16,Afternoon Peak,Weekday
T20220011647,2022-03-28,14:00:00,4,Collision with a fixed object,1,Monday,175,OFF END OF ROAD/T-INTERSECTION.,1,16825,T intersection,3,60,Arterial Other,LAVERS HILL-COBDEN,CORANGAMITE,-38.432922,143.18817,2022,3,March,14,Midday,Weekday
T20220006958,2022-03-28,15:40:00,1,Collision with vehicle,1,Monday,110,CROSS TRAFFIC(INTERSECTIONS ONLY),1,49469,Cross intersection,3,40,Local Road,QUEEN,MITCHELL,-37.413406,144.98233,2022,3,March,15,Afternoon Peak,Weekday
T20220006931,2022-03-28,09:30:00,2,Struck Pedestrian,1,Monday,106,VEH STRIKES PED ON FOOTPATH/MEDIAN/TRAFFIC ISLAND.,1,710626,Dead end,3,50,Local Road,MORRELL,WANGARATTA,-36.364983,146.3191,2022,3,March,9,Morning Peak,Weekday
T20220006979,2022-03-28,20:29:00,4,Collision with a fixed object,1,Monday,171,LEFT OFF CARRIAGEWAY INTO OBJECT/PARKED VEHICLE,3,1228,Cross intersection,2,70,Arterial Other,MAIN,BANYULE,-37.725822,145.12393,2022,3,March,20,Night,Weekday
T20220006983,2022-03-28,16:25:00,1,Collision with vehicle,1,Monday,113,RIGHT NEAR (INTERSECTIONS ONLY),1,658476,T intersection,2,60,Local Road,BRIDGE,CARDINIA,-38.069653,145.41287,2022,3,March,16,Afternoon Peak,Weekday
T20220007759,2022-03-28,14:00:00,4,Collision with a fixed object,1,Monday,171,LEFT OFF CARRIAGEWAY INTO OBJECT/PARKED VEHICLE,1,354600,T intersection,3,50,Local Road,LAKE,MELTON,-37.73094,144.74483,2022,3,March,14,Midday,Weekday
T20220006912,2022-03-28,07:30:00,1,Collision with vehicle,1,Monday,160,VEHICLE COLLIDES WITH VEHICLE PARKED ON LEFT OF ROAD,1,708063,Not at intersection,3,60,Arterial Other,BURWOOD,BOROONDARA,-37.82382,145.04549,2022,3,March,7,Morning Peak,Weekday
T20220009504,2022-03-28,15:30:00,1,Collision with vehicle,1,Monday,133,LANE SIDE SWIPE (VEHICLES IN PARALLEL LANES),1,720335,Not at intersection,3,60,Arterial Other,HUNTINGDALE,MONASH,-37.88297,145.1089,2022,3,March,15,Afternoon Peak,Weekday
T20220006961,2022-03-28,16:34:00,1,Collision with vehicle,1,Monday,130,REAR END(VEHICLES IN SAME LANE),1,708703,Multiple intersection,3,60,Arterial Other,MYERS,BENDIGO,-36.75845,144.28734,2022,3,March,16,Afternoon Peak,Weekday
T20220006962,2022-03-28,17:00:00,1,Collision with vehicle,1,Monday,130,REAR END(VEHICLES IN SAME LANE),1,710480,Not at intersection,2,60,Arterial Other,NARRE WARREN,CASEY,-38.105625,145.29134,2022,3,March,17,Afternoon Peak,Weekday
T20220006969,2022-03-28,15:50:00,1,Collision with vehicle,1,Monday,132,RIGHT REAR.,1,739631,Not at intersection,2,80,Arterial Highway,GOULBURN VALLEY,SHEPPARTON,-36.425907,145.38997,2022,3,March,15,Afternoon Peak,Weekday
T20220006984,2022-03-28,20:30:00,4,Collision with a fixed object,1,Monday,171,LEFT OFF CARRIAGEWAY INTO OBJECT/PARKED VEHICLE,5,710742,Not at intersection,3,80,Arterial Other,CRAIGIEBURN ROAD -CRAIGIEBURN,HUME,-37.600338,144.95258,2022,3,March,20,Night,Weekday
T20220007293,2022-03-29,06:20:00,3,Struck animal,2,Tuesday,167,STRUCK ANIMAL,2,708425,Not at intersection,3,100,Arterial Other,BUNGAREE-CRESWICK,MOORABOOL,-37.540665,143.97957,2022,3,March,6,Morning Peak,Weekday
T20220012050,2022-03-29,08:30:00,1,Collision with vehicle,2,Tuesday,121,RIGHT THROUGH,1,710091,T intersection,3,50,Arterial Other,WILLMOTT,WYNDHAM,-37.886616,144.68143,2022,3,March,8,Morning Peak,Weekday
T20220009534,2022-03-29,13:00:00,1,Collision with vehicle,2,Tuesday,121,RIGHT THROUGH,1,29734,T intersection,2,60,Arterial Other,SEAFORD,FRANKSTON,-38.11173,145.14973,2022,3,March,13,Midday,Weekday
T20220007197,2022-03-29,17:30:00,1,Collision with vehicle,2,Tuesday,130,REAR END(VEHICLES IN SAME LANE),1,710142,Not at intersection,3,40,Arterial Other,HOTHAM,GLEN EIRA,-37.883095,144.99683,2022,3,March,17,Afternoon Peak,Weekday
T20220007052,2022-03-29,18:10:00,1,Collision with vehicle,2,Tuesday,132,RIGHT REAR.,2,711285,Not at intersection,3,80,Arterial Other,COOLART,MORNINGTON PENINSULA,-38.21481,145.15631,2022,3,March,18,Afternoon Peak,Weekday
T20220007049,2022-03-29,15:35:00,2,Struck Pedestrian,2,Tuesday,101,PED EMERGES FROM IN FRONT OF PARKED OR STATIONARY VEHICLE,1,359756,Not at intersection,3,60,Arterial Other,BURKE,BOROONDARA,-37.80112,145.06245,2022,3,March,15,Afternoon Peak,Weekday
T20220007048,2022-03-29,14:37:00,1,Collision with vehicle,2,Tuesday,130,REAR END(VEHICLES IN SAME LANE),1,50619,Cross intersection,3,100,Arterial Other,COLAC-FORREST,COLAC OTWAY,-38.345325,143.64241,2022,3,March,14,Midday,Weekday
T20220007044,2022-03-29,16:09:00,1,Collision with vehicle,2,Tuesday,130,REAR END(VEHICLES IN SAME LANE),1,713540,Not at intersection,3,80,Freeway,METROPOLITAN RING,HUME,-37.690723,144.97206,2022,3,March,16,Afternoon Peak,Weekday
T20220007649,2022-03-29,16:00:00,5,collision with some other object,2,Tuesday,166,STRUCK OBJECT ON CARRIAGEWAY,1,241,Cross intersection,3,40,Local Road,ALBERT,MELBOURNE,-37.809246,144.97298,2022,3,March,16,Afternoon Peak,Weekday
T20220007041,2022-03-29,15:00:00,2,Struck Pedestrian,2,Tuesday,108,PED STRUCK WALKING TO/FROM OR BOARDING/ALIGHTING VEHICLE.,1,784991,Not at intersection,2,50,Local Road,MOORE,MOONEE VALLEY,-37.716534,144.88712,2022,3,March,15,Afternoon Peak,Weekday
T20220007035,2022-03-29,14:22:00,4,Collision with a fixed object,2,Tuesday,173,RIGHT OFF CARRIAGEWAY INTO OBJECT/PARKED VEHICLE,1,712201,Not at intersection,2,80,Arterial Highway,NEPEAN,KINGSTON,-37.950897,145.04726,2022,3,March,14,Midday,Weekday
T20220007034,2022-03-29,11:03:00,1,Collision with vehicle,2,Tuesday,160,VEHICLE COLLIDES WITH VEHICLE PARKED ON LEFT OF ROAD,1,727341,Not at intersection,2,100,Local Road,COSGROVE,MOIRA,-36.175064,145.63164,2022,3,March,11,Midday,Weekday
T20220007027,2022-03-29,10:15:00,6,Vehicle overturned (no collision),2,Tuesday,180,OFF CARRIAGEWAY ON RIGHT BEND,1,712567,Not at intersection,2,100,Local Road,TAITS,COLAC OTWAY,-38.18723,143.5144,2022,3,March,10,Midday,Weekday
T20220007026,2022-03-29,10:22:00,1,Collision with vehicle,2,Tuesday,160,VEHICLE COLLIDES WITH VEHICLE PARKED ON LEFT OF ROAD,1,712102,Not at intersection,3,50,Local Road,PRINCESS,GEELONG,-38.17956,144.56956,2022,3,March,10,Midday,Weekday
T20220007025,2022-03-29,10:55:00,1,Collision with vehicle,2,Tuesday,134,LANE CHANGE RIGHT (NOT OVERTAKING),1,784994,Not at intersection,2,100,Freeway,SOUTH GIPPSLAND,DANDENONG,-38.022285,145.24759,2022,3,March,10,Midday,Weekday
T20220007023,2022-03-29,08:55:00,6,Vehicle overturned (no collision),2,Tuesday,170,OFF CARRIAGEWAY TO LEFT,1,711187,Not at intersection,2,70,Arterial Other,OLD PRINCES,CARDINIA,-38.0535,145.37798,2022,3,March,8,Morning Peak,Weekday
T20220007021,2022-03-29,07:00:00,1,Collision with vehicle,2,Tuesday,130,REAR END(VEHICLES IN SAME LANE),2,712233,Not at intersection,2,60,Arterial Other,CENTRE,GLEN EIRA,-37.921535,145.06201,2022,3,March,7,Morning Peak,Weekday
T20220007020,2022-03-29,09:10:00,1,Collision with vehicle,2,Tuesday,130,REAR END(VEHICLES IN SAME LANE),1,715697,Not at intersection,2,80,Arterial Other,PRINCES,CARDINIA,-38.0557,145.38544,2022,3,March,9,Morning Peak,Weekday
T20220007019,2022-03-29,10:04:00,4,Collision with a fixed object,2,Tuesday,173,RIGHT OFF CARRIAGEWAY INTO OBJECT/PARKED VEHICLE,1,709473,Not at intersection,2,50,Local Road,TAYLORS,KNOX,-37.913406,145.24672,2022,3,March,10,Midday,Weekday
T20220007018,2022-03-29,08:15:00,1,Collision with vehicle,2,Tuesday,160,VEHICLE COLLIDES WITH VEHICLE PARKED ON LEFT OF ROAD,1,708341,Not at intersection,2,50,Local Road,BETULA,CASEY,-37.99351,145.23079,2022,3,March,8,Morning Peak,Weekday
T20220012768,2022-03-29,12:18:00,1,Collision with vehicle,2,Tuesday,131,LEFT REAR,1,774268,Not at intersection,3,60,Arterial Other,BALLARAT-BURRUMBEET,BALLARAT,-37.544994,143.79352,2022,3,March,12,Midday,Weekday
T20220007066,2022-03-29,22:35:00,1,Collision with vehicle,2,Tuesday,150,HEAD ON(OVERTAKING),3,44316,T intersection,3,70,Arterial Other,BALLAN,WYNDHAM,-37.89493,144.63521,2022,3,March,22,Night,Weekday
T20220007065,2022-03-29,21:59:00,4,Collision with a fixed object,2,Tuesday,183,OFF LEFT BEND INTO OBJECT/PARKED VEHICLE,5,708803,Not at intersection,3,100,Arterial Other,MT VICTORY,NORTHERN GRAMPIANS,-37.112007,142.40225,2022,3,March,21,Night,Weekday
T20220007063,2022-03-29,15:30:00,1,Collision with vehicle,2,Tuesday,120,HEAD ON (NOT OVERTAKING),1,780091,Not at intersection,3,80,Local Road,FULLERTONS,SOUTH GIPPSLAND,-38.417526,146.18172,2022,3,March,15,Afternoon Peak,Weekday
T20220009470,2022-03-29,12:25:00,1,Collision with vehicle,2,Tuesday,110,CROSS TRAFFIC(INTERSECTIONS ONLY),1,351468,Cross intersection,3,80,Arterial Other,BORONIA,KNOX,-37.847927,145.22896,2022,3,March,12,Midday,Weekday
T20220007054,2022-03-29,15:37:00,2,Struck Pedestrian,2,Tuesday,101,PED EMERGES FROM IN FRONT OF PARKED OR STATIONARY VEHICLE,1,774476,Not at intersection,3,40,Arterial Other,MELBOURNE,HOBSONS BAY,-37.85516,144.89171,2022,3,March,15,Afternoon Peak,Weekday
T20220007051,2022-03-29,18:40:00,1,Collision with vehicle,2,Tuesday,110,CROSS TRAFFIC(INTERSECTIONS ONLY),2,53031,Cross intersection,3,70,Arterial Other,ELEVENTH,MILDURA,-34.20186,142.17207,2022,3,March,18,Afternoon Peak,Weekday
T20220011993,2022-03-29,15:30:00,1,Collision with vehicle,2,Tuesday,110,CROSS TRAFFIC(INTERSECTIONS ONLY),1,339838,Cross intersection,3,100,Local Road,MAHARS,MOORABOOL,-37.56513,143.95729,2022,3,March,15,Afternoon Peak,Weekday
T20220014059,2022-03-29,15:15:00,1,Collision with vehicle,2,Tuesday,113,RIGHT NEAR (INTERSECTIONS ONLY),1,38538,Cross intersection,3,60,Local Road,ARDOYNE,BRIMBANK,-37.795376,144.82565,2022,3,March,15,Afternoon Peak,Weekday
T20220008293,2022-03-29,17:00:00,1,Collision with vehicle,2,Tuesday,131,LEFT REAR,1,718697,Not at intersection,3,60,Arterial Other,ST HELENA,BANYULE,-37.70014,145.1183,2022,3,March,17,Afternoon Peak,Weekday
T20220013176,2022-03-29,14:55:00,1,Collision with vehicle,2,Tuesday,135,LANE CHANGE LEFT (NOT OVERTAKING),1,715337,Not at intersection,3,100,Freeway,SOUTH GIPPSLAND,DANDENONG,-38.018005,145.24873,2022,3,March,14,Midday,Weekday
T20220007055,2022-03-29,19:40:00,9,Other accident,2,Tuesday,170,OFF CARRIAGEWAY TO LEFT,5,780090,Not at intersection,3,60,Local Road,BROAD GULLY,NILLUMBIK,-37.641727,145.16455,2022,3,March,19,Night,Weekday
T20220007007,2022-03-29,06:25:00,2,Struck Pedestrian,2,Tuesday,102,FAR SIDE. PED HIT BY VEHICLE FROM THE LEFT,6,710745,Not at intersection,2,60,Arterial Other,COLLEGE,MELBOURNE,-37.791775,144.96118,2022,3,March,6,Morning Peak,Weekday
T20220006998,2022-03-29,06:50:00,3,Struck animal,2,Tuesday,167,STRUCK ANIMAL,5,711261,Not at intersection,2,100,Local Road,BACCHUS MARSH-BALLIANG,MOORABOOL,-37.715637,144.39958,2022,3,March,6,Morning Peak,Weekday
T20220006994,2022-03-29,05:40:00,2,Struck Pedestrian,2,Tuesday,104,PED WALKING WITH TRAFFIC,3,715696,Not at intersection,2,50,Local Road,WALLER,BENALLA,-36.560524,145.96909,2022,3,March,5,Morning Peak,Weekday
T20220007002,2022-03-29,06:30:00,4,Collision with a fixed object,2,Tuesday,175,OFF END OF ROAD/T-INTERSECTION.,1,244920,T intersection,2,100,Local Road,HAVELOCK,HUME,-37.50441,144.78587,2022,3,March,6,Morning Peak,Weekday
T20220007151,2022-03-30,18:24:00,1,Collision with vehicle,3,Wednesday,121,RIGHT THROUGH,1,332471,T intersection,3,80,Arterial Other,MANNINGHAM,MANNINGHAM,-37.76675,145.09125,2022,3,March,18,Afternoon Peak,Weekday
T20220009215,2022-03-30,13:15:00,1,Collision with vehicle,3,Wednesday,130,REAR END(VEHICLES IN SAME LANE),1,778789,Not at intersection,3,80,Arterial Highway,SPRINGVALE,MONASH,-37.9323,145.15628,2022,3,March,13,Midday,Weekday
T20220007388,2022-03-30,21:45:00,1,Collision with vehicle,3,Wednesday,110,CROSS TRAFFIC(INTERSECTIONS ONLY),3,774236,Cross intersection,3,60,Arterial Highway,BELL,DAREBIN,-37.745502,145.00638,2022,3,March,21,Night,Weekday
T20220007087,2022-03-30,10:10:00,8,No collision and no object struck,3,Wednesday,172,OFF CARRIAGEWAY TO RIGHT,1,709555,Not at intersection,2,60,Local Road,PROUSES,BENDIGO,-36.735203,144.27765,2022,3,March,10,Midday,Weekday
T20220007669,2022-03-30,18:30:00,1,Collision with vehicle,3,Wednesday,140,U TURN,2,774197,Not at intersection,3,60,Local Road,MARKET,WYNDHAM,-37.894108,144.65714,2022,3,March,18,Afternoon Peak,Weekday
T20220007103,2022-03-30,11:35:00,4,Collision with a fixed object,3,Wednesday,183,OFF LEFT BEND INTO OBJECT/PARKED VEHICLE,1,710024,Not at intersection,3,100,Local Road,OUTTRIM-INVERLOCH,BASS COAST,-38.584145,145.75313,2022,3,March,11,Midday,Weekday
T20220007231,2022-03-30,15:00:00,8,No collision and no object struck,3,Wednesday,174,OUT OF CONTROL ON CARRIAGEWAY (ON STRAIGHT),1,711039,Not at intersection,3,100,Arterial Highway,MONARO,EAST GIPPSLAND,-37.46533,149.18471,2022,3,March,15,Afternoon Peak,Weekday
T20220007097,2022-03-30,12:26:00,1,Collision with vehicle,3,Wednesday,160,VEHICLE COLLIDES WITH VEHICLE PARKED ON LEFT OF ROAD,1,709562,Not at intersection,3,70,Arterial Highway,NORTH,GLEN EIRA,-37.90108,145.01724,2022,3,March,12,Midday,Weekday
T20220007095,2022-03-30,11:25:00,4,Collision with a fixed object,3,Wednesday,171,LEFT OFF CARRIAGEWAY INTO OBJECT/PARKED VEHICLE,1,709561,Not at intersection,2,80,Arterial Other,TWYFORD,CASEY,-38.130936,145.32991,2022,3,March,11,Midday,Weekday
T20220008195,2022-03-30,18:00:00,1,Collision with vehicle,3,Wednesday,113,RIGHT NEAR (INTERSECTIONS ONLY),1,713344,T intersection,2,50,Local Road,DUNDUNDRA,GEELONG,-38.155167,144.57669,2022,3,March,18,Afternoon Peak,Weekday
T20220007227,2022-03-30,20:50:00,1,Collision with vehicle,3,Wednesday,120,HEAD ON (NOT OVERTAKING),3,708678,Not at intersection,3,50,Local Road,WARRALILY,GEELONG,-38.240074,144.34552,2022,3,March,20,Night,Weekday
T20220007083,2022-03-30,09:05:00,1,Collision with vehicle,3,Wednesday,110,CROSS TRAFFIC(INTERSECTIONS ONLY),1,43909,Cross intersection,2,60,Arterial Other,BERWICK-CRANBOURNE ROAD -SLADEN,CASEY,-38.113888,145.28973,2022,3,March,9,Morning Peak,Weekday
T20220007157,2022-03-30,23:30:00,1,Collision with vehicle,3,Wednesday,110,CROSS TRAFFIC(INTERSECTIONS ONLY),5,20839,Cross intersection,3,50,Arterial Other,RUSSELL,LATROBE,-38.23374,146.43483,2022,3,March,23,Night,Weekday
T20220007155,2022-03-30,23:37:00,1,Collision with vehicle,3,Wednesday,135,LANE CHANGE LEFT (NOT OVERTAKING),3,708769,Not at intersection,3,60,Freeway,WEST GATE,HOBSONS BAY,-37.8251,144.84508,2022,3,March,23,Night,Weekday
T20220007070,2022-03-30,04:37:00,1,Collision with vehicle,3,Wednesday,130,REAR END(VEHICLES IN SAME LANE),2,713043,Not at intersection,3,100,Freeway,PRINCES,WYNDHAM,-37.876816,144.72295,2022,3,March,4,Late Night,Weekday
T20220007110,2022-03-30,14:00:00,4,Collision with a fixed object,3,Wednesday,173,RIGHT OFF CARRIAGEWAY INTO OBJECT/PARKED VEHICLE,1,708342,T intersection,3,50,Local Road,TENNYSON,KINGSTON,-37.954155,145.05374,2022,3,March,14,Midday,Weekday
T20220007229,2022-03-30,14:30:00,1,Collision with vehicle,3,Wednesday,130,REAR END(VEHICLES IN SAME LANE),1,733,T intersection,3,60,Arterial Highway,BELL,MORELAND,-37.73818,144.93727,2022,3,March,14,Midday,Weekday
T20220008988,2022-03-30,10:00:00,6,Vehicle overturned (no collision),3,Wednesday,184,OUT OF CONTROL ON CARRIAGEWAY (ON BEND),1,710584,Not at intersection,3,100,Local Road,WALKERS,TOWONG,-36.506805,147.99065,2022,3,March,10,Midday,Weekday