ACCIDENT_NO,ACCIDENT_DATE,ACCIDENT_TIME,ACCIDENT_TYPE,ACCIDENT_TYPE_DESC,DAY_OF_WEEK,DAY_WEEK_DESC,DCA_CODE,DCA_DESC,LIGHT_CONDITION,NODE_ID,ROAD_GEOMETRY_DESC,SEVERITY,SPEED_ZONE,RMA,ROAD_NAME,LGA_NAME,LATITUDE,LONGITUDE,YEAR,MONTH,MONTH_NAME,HOUR,TIME_PERIOD,DAY_TYPE
T20220007209,2022-03-30,16:15:00,1,Collision with vehicle,3,Wednesday,114,TWO RIGHT TURNING (INTERSECTIONS ONLY),1,708348,T intersection,3,70,Arterial Other,GREAVES,CASEY,-38.058945,145.33076,2022,3,March,16,Afternoon Peak,Weekday
T20220007185,2022-03-30,17:55:00,1,Collision with vehicle,3,Wednesday,130,REAR END(VEHICLES IN SAME LANE),1,708571,Not at intersection,3,70,Arterial Highway,SPRINGVALE,MONASH,-37.904915,145.16115,2022,3,March,17,Afternoon Peak,Weekday
T20220009064,2022-03-30,15:20:00,1,Collision with vehicle,3,Wednesday,130,REAR END(VEHICLES IN SAME LANE),1,710322,Not at intersection,3,70,Arterial Other,SOUTH,KINGSTON,-37.933666,145.03908,2022,3,March,15,Afternoon Peak,Weekday
T20220007148,2022-03-30,20:50:00,1,Collision with vehicle,3,Wednesday,133,LANE SIDE SWIPE (VEHICLES IN PARALLEL LANES),3,718225,Not at intersection,2,80,Freeway,CALDER,BRIMBANK,-37.726124,144.85025,2022,3,March,20,Night,Weekday
T20220007146,2022-03-30,15:32:00,1,Collision with vehicle,3,Wednesday,148,VEHICLE OFF FOOTPATH STRIKES VEH ON CARRIAGEWAY,1,52475,Cross intersection,3,40,Local Road,NINTH,MILDURA,-34.18396,142.15776,2022,3,March,15,Afternoon Peak,Weekday
T20220007144,2022-03-30,15:30:00,2,Struck Pedestrian,3,Wednesday,102,FAR SIDE. PED HIT BY VEHICLE FROM THE LEFT,1,708421,Not at intersection,3,40,Local Road,STEWARTS,HUME,-37.56888,144.71637,2022,3,March,15,Afternoon Peak,Weekday
T20220007141,2022-03-30,17:30:00,1,Collision with vehicle,3,Wednesday,113,RIGHT NEAR (INTERSECTIONS ONLY),1,46265,T intersection,3,60,Local Road,PATONGA,BRIMBANK,-37.726154,144.76936,2022,3,March,17,Afternoon Peak,Weekday
T20220007135,2022-03-30,12:46:00,1,Collision with vehicle,3,Wednesday,120,HEAD ON (NOT OVERTAKING),1,708198,Not at intersection,1,100,Local Road,MOYSTON-WILLAURA,ARARAT,-37.4291,142.75899,2022,3,March,12,Midday,Weekday
T20220007134,2022-03-30,18:51:00,1,Collision with vehicle,3,Wednesday,160,VEHICLE COLLIDES WITH VEHICLE PARKED ON LEFT OF ROAD,1,708804,Not at intersection,3,70,Local Road,HALL,FRANKSTON,-38.101192,145.18642,2022,3,March,18,Afternoon Peak,Weekday
T20220007132,2022-03-30,18:00:00,4,Collision with a fixed object,3,Wednesday,173,RIGHT OFF CARRIAGEWAY INTO OBJECT/PARKED VEHICLE,1,708518,Not at intersection,2,50,Local Road,SANDHURST,FRANKSTON,-38.080746,145.2038,2022,3,March,18,Afternoon Peak,Weekday
T20220007129,2022-03-30,14:07:00,6,Vehicle overturned (no collision),3,Wednesday,149,OTHER MANOEUVRING NOT INCLUDED IN DCAs 140-148,1,718733,Not at intersection,3,50,Local Road,HILDA,MORELAND,-37.698456,144.9319,2022,3,March,14,Midday,Weekday
T20220007123,2022-03-30,16:34:00,1,Collision with vehicle,3,Wednesday,130,REAR END(VEHICLES IN SAME LANE),1,708677,Not at intersection,2,60,Local Road,TOWNSEND,GEELONG,-38.180744,144.3862,2022,3,March,16,Afternoon Peak,Weekday
T20220007119,2022-03-30,12:50:00,1,Collision with vehicle,3,Wednesday,120,HEAD ON (NOT OVERTAKING),1,739742,Not at intersection,2,60,Local Road,BOGONG HIGH PLAINS,(FALLS CREEK),-36.866886,147.28827,2022,3,March,12,Midday,Weekday
T20220007524,2022-03-30,17:15:00,1,Collision with vehicle,3,Wednesday,130,REAR END(VEHICLES IN SAME LANE),2,778792,Not at intersection,3,70,Arterial Other,MAHONEYS,DAREBIN,-37.693913,145.0013,2022,3,March,17,Afternoon Peak,Weekday
T20220007261,2022-03-30,17:45:00,1,Collision with vehicle,3,Wednesday,130,REAR END(VEHICLES IN SAME LANE),1,778788,Not at intersection,3,80,Freeway,MONASH OUT-HEATHERTON,CASEY,-37.972427,145.23859,2022,3,March,17,Afternoon Peak,Weekday
T20220010770,2022-03-30,13:40:00,6,Vehicle overturned (no collision),3,Wednesday,170,OFF CARRIAGEWAY TO LEFT,1,714257,Not at intersection,3,100,Arterial Other,CASTERTON-EDENHOPE,GLENELG,-37.477886,141.4253,2022,3,March,13,Midday,Weekday
T20220007444,2022-03-30,18:37:00,1,Collision with vehicle,3,Wednesday,113,RIGHT NEAR (INTERSECTIONS ONLY),1,332517,Cross intersection,3,80,Arterial Other,CLYDE,CASEY,-38.068558,145.33675,2022,3,March,18,Afternoon Peak,Weekday
T20220008165,2022-03-31,20:10:00,1,Collision with vehicle,4,Thursday,135,LANE CHANGE LEFT (NOT OVERTAKING),3,709435,Not at intersection,2,70,Arterial Highway,KEERA,GEELONG,-38.134933,144.35146,2022,3,March,20,Night,Weekday
T20220009083,2022-03-31,15:30:00,1,Collision with vehicle,4,Thursday,131,LEFT REAR,1,713957,Not at intersection,3,60,Arterial Other,MURRADOC,GEELONG,-38.173397,144.5744,2022,3,March,15,Afternoon Peak,Weekday
T20220007948,2022-03-31,10:30:00,1,Collision with vehicle,4,Thursday,163,VEHICLE STRIKES DOOR OF PARKED/STATIONARY VEHICLE,1,261640,Not at intersection,3,60,Arterial Other,ST KILDA,PORT PHILLIP,-37.85293,144.98163,2022,3,March,10,Midday,Weekday
T20220007303,2022-03-31,11:50:00,4,Collision with a fixed object,4,Thursday,183,OFF LEFT BEND INTO OBJECT/PARKED VEHICLE,1,734364,Not at intersection,3,100,Arterial Highway,MONARO,EAST GIPPSLAND,-37.292595,149.21631,2022,3,March,11,Midday,Weekday
T20220007218,2022-03-31,13:00:00,4,Collision with a fixed object,4,Thursday,173,RIGHT OFF CARRIAGEWAY INTO OBJECT/PARKED VEHICLE,1,709567,T intersection,2,100,Arterial Highway,BASS,BASS COAST,-38.570618,145.5674,2022,3,March,13,Midday,Weekday
T20220007214,2022-03-31,14:30:00,1,Collision with vehicle,4,Thursday,149,OTHER MANOEUVRING NOT INCLUDED IN DCAs 140-148,1,720336,Not at intersection,2,40,Local Road,LYGON,MORELAND,-37.76586,144.97272,2022,3,March,14,Midday,Weekday
T20220007210,2022-03-31,12:50:00,4,Collision with a fixed object,4,Thursday,183,OFF LEFT BEND INTO OBJECT/PARKED VEHICLE,1,781941,Not at intersection,3,80,Arterial Other,MANSFIELD-WHITFIELD,WANGARATTA,-36.87711,146.32188,2022,3,March,12,Midday,Weekday
T20220007171,2022-03-31,07:00:00,4,Collision with a fixed object,4,Thursday,183,OFF LEFT BEND INTO OBJECT/PARKED VEHICLE,1,777172,T intersection,3,60,Local Road,PALMERSTON,BENALLA,-36.590607,145.8602,2022,3,March,7,Morning Peak,Weekday
T20220007168,2022-03-31,07:05:00,1,Collision with vehicle,4,Thursday,130,REAR END(VEHICLES IN SAME LANE),1,222107,Cross intersection,3,80,Arterial Highway,NORTH,MONASH,-37.914383,145.12552,2022,3,March,7,Morning Peak,Weekday
T20220007161,2022-03-31,00:15:00,4,Collision with a fixed object,4,Thursday,171,LEFT OFF CARRIAGEWAY INTO OBJECT/PARKED VEHICLE,3,708283,Not at intersection,1,70,Local Road,MELBOURNE,MORNINGTON PENINSULA,-38.376842,144.8079,2022,3,March,0,Late Night,Weekday
T20220007245,2022-03-31,08:45:00,1,Collision with vehicle,4,Thursday,113,RIGHT NEAR (INTERSECTIONS ONLY),1,38940,T intersection,3,40,Arterial Other,GLENFERRIE,BOROONDARA,-37.826305,145.03467,2022,3,March,8,Morning Peak,Weekday
T20220007228,2022-03-31,15:00:00,4,Collision with a fixed object,4,Thursday,164,PERMANENT OBSTRUCTION ON CARRIAGEWAY,1,781938,Not at intersection,3,80,Freeway,PRINCES,CARDINIA,-38.07896,145.43152,2022,3,March,15,Afternoon Peak,Weekday
T20220013108,2022-03-31,17:56:00,1,Collision with vehicle,4,Thursday,130,REAR END(VEHICLES IN SAME LANE),1,723933,Not at intersection,3,80,Arterial Other,KOROROIT CREEK,HOBSONS BAY,-37.84523,144.79239,2022,3,March,17,Afternoon Peak,Weekday
T20220007243,2022-03-31,17:30:00,1,Collision with vehicle,4,Thursday,113,RIGHT NEAR (INTERSECTIONS ONLY),1,22401,Cross intersection,2,80,Arterial Highway,STURT,MILDURA,-34.230225,142.09785,2022,3,March,17,Afternoon Peak,Weekday
T20220007198,2022-03-31,10:50:00,1,Collision with vehicle,4,Thursday,160,VEHICLE COLLIDES WITH VEHICLE PARKED ON LEFT OF ROAD,1,715562,Not at intersection,3,50,Local Road,FLORA,MONASH,-37.916683,145.116,2022,3,March,10,Midday,Weekday
T20220007192,2022-03-31,09:20:00,1,Collision with vehicle,4,Thursday,110,CROSS TRAFFIC(INTERSECTIONS ONLY),1,60036,Cross intersection,2,50,Arterial Highway,NAPIER,CENTRAL GOLDFIELDS,-37.04839,143.739,2022,3,March,9,Morning Peak,Weekday
T20220007195,2022-03-31,11:00:00,1,Collision with vehicle,4,Thursday,119,OTHER ADJACENT (INTERSECTIONS ONLY),1,774192,T intersection,3,50,Local Road,LAWRANCES,MURRINDINDI,-37.215637,145.40616,2022,3,March,11,Midday,Weekday
T20220007191,2022-03-31,11:45:00,1,Collision with vehicle,4,Thursday,130,REAR END(VEHICLES IN SAME LANE),1,708346,Cross intersection,3,40,Arterial Highway,SOUTH GIPPSLAND,CASEY,-38.05057,145.25748,2022,3,March,11,Midday,Weekday
T20220007237,2022-03-31,14:23:00,1,Collision with vehicle,4,Thursday,113,RIGHT NEAR (INTERSECTIONS ONLY),1,40880,T intersection,3,80,Arterial Other,MOUNTAIN,KNOX,-37.855377,145.2172,2022,3,March,14,Midday,Weekday
T20220008271,2022-03-31,18:45:00,1,Collision with vehicle,4,Thursday,152,PULLING OUT (OVERTAKING),9,37911,Cross intersection,3,60,Arterial Other,HIGH,DAREBIN,-37.781033,144.99669,2022,3,March,18,Afternoon Peak,Weekday
T20220012900,2022-03-31,11:40:00,2,Struck Pedestrian,4,Thursday,109,ANY MANOEUVRE INVOLVING PED NOT INCLUDED IN DCAs 100-108.,1,718181,Not at intersection,2,50,Local Road,EDEN,BASS COAST,-38.521385,145.3391,2022,3,March,11,Midday,Weekday
T20220007205,2022-03-31,13:19:00,2,Struck Pedestrian,4,Thursday,102,FAR SIDE. PED HIT BY VEHICLE FROM THE LEFT,1,797648,Not at intersection,3,50,Local Road,STRAHAN,CASEY,-38.06143,145.3609,2022,3,March,13,Midday,Weekday
T20220007202,2022-03-31,09:13:00,1,Collision with vehicle,4,Thursday,110,CROSS TRAFFIC(INTERSECTIONS ONLY),1,51233,Cross intersection,3,60,Local Road,COOPER,MURRINDINDI,-37.19546,145.71109,2022,3,March,9,Morning Peak,Weekday
T20220007186,2022-03-31,08:10:00,4,Collision with a fixed object,4,Thursday,173,RIGHT OFF CARRIAGEWAY INTO OBJECT/PARKED VEHICLE,1,715190,Not at intersection,3,50,Local Road,MAST GULLY,YARRA RANGES,-37.89008,145.34056,2022,3,March,8,Morning Peak,Weekday
T20220007602,2022-03-31,19:00:00,1,Collision with vehicle,4,Thursday,130,REAR END(VEHICLES IN SAME LANE),1,774239,Cross intersection,3,60,Arterial Other,MT ALEXANDER,MOONEE VALLEY,-37.74475,144.91023,2022,3,March,19,Night,Weekday
T20220007184,2022-03-31,07:40:00,4,Collision with a fixed object,4,Thursday,173,RIGHT OFF CARRIAGEWAY INTO OBJECT/PARKED VEHICLE,1,724878,Not at intersection,2,50,Local Road,VERONA,CASEY,-38.024586,145.2565,2022,3,March,7,Morning Peak,Weekday
T20220011771,2022-03-31,17:15:00,1,Collision with vehicle,4,Thursday,116,LEFT NEAR (INTERSECTIONS ONLY),1,47140,T intersection,3,60,Arterial Other,RACECOURSE,CARDINIA,-38.073193,145.49431,2022,3,March,17,Afternoon Peak,Weekday
T20220008837,2022-03-31,12:20:00,1,Collision with vehicle,4,Thursday,147,VEHICLE STRIKES ANOTHER VEH WHILE EMERGING FROM DRIVEWAY,1,129949,Not at intersection,3,70,Arterial Other,BELGRAVE-HALLAM,CASEY,-38.00495,145.27364,2022,3,March,12,Midday,Weekday
T20220007200,2022-03-31,13:12:00,1,Collision with vehicle,4,Thursday,144,PARKED VEHICLES ONLY,1,774193,Not at intersection,2,50,Arterial Other,JOHNSON STREET SERVICE,WELLINGTON,-37.967567,146.9777,2022,3,March,13,Midday,Weekday
T20220007208,2022-03-31,09:11:00,1,Collision with vehicle,4,Thursday,130,REAR END(VEHICLES IN SAME LANE),1,723059,Not at intersection,3,80,Arterial Highway,DANDENONG,MONASH,-37.91155,145.1225,2022,3,March,9,Morning Peak,Weekday
T20220009390,2022-03-31,12:31:00,6,Vehicle overturned (no collision),4,Thursday,174,OUT OF CONTROL ON CARRIAGEWAY (ON STRAIGHT),1,710992,T intersection,2,60,Local Road,LYSTERFIELD,HUME,-37.615047,144.90875,2022,3,March,12,Midday,Weekday
T20220007246,2022-03-31,21:35:00,1,Collision with vehicle,4,Thursday,116,LEFT NEAR (INTERSECTIONS ONLY),3,55691,Cross intersection,3,70,Arterial Other,CAMP,HUME,-37.689003,144.95235,2022,3,March,21,Night,Weekday
T20220008417,2022-03-31,08:45:00,1,Collision with vehicle,4,Thursday,116,LEFT NEAR (INTERSECTIONS ONLY),1,719786,T intersection,3,50,Local Road,BROADLEAF,WHITTLESEA,-37.625843,145.0023,2022,3,March,8,Morning Peak,Weekday
T20220007238,2022-03-31,19:00:00,1,Collision with vehicle,4,Thursday,113,RIGHT NEAR (INTERSECTIONS ONLY),2,42618,T intersection,3,80,Arterial Highway,WELLINGTON,MONASH,-37.92388,145.20158,2022,3,March,19,Night,Weekday
T20220007244,2022-03-31,16:40:00,2,Struck Pedestrian,4,Thursday,106,VEH STRIKES PED ON FOOTPATH/MEDIAN/TRAFFIC ISLAND.,1,740842,Not at intersection,2,50,Local Road,CHENIES,DAREBIN,-37.71203,145.02895,2022,3,March,16,Afternoon Peak,Weekday
T20220007242,2022-03-31,15:20:00,1,Collision with vehicle,4,Thursday,121,RIGHT THROUGH,1,46109,T intersection,2,60,Local Road,CAHILL,DANDENONG,-38.0271,145.20305,2022,3,March,15,Afternoon Peak,Weekday
T20220007247,2022-03-31,21:09:00,4,Collision with a fixed object,4,Thursday,171,LEFT OFF CARRIAGEWAY INTO OBJECT/PARKED VEHICLE,5,719286,Not at intersection,2,70,Arterial Highway,WARBURTON,YARRA RANGES,-37.77426,145.46754,2022,3,March,21,Night,Weekday
T20220007430,2022-03-31,23:40:00,3,Struck animal,4,Thursday,167,STRUCK ANIMAL,5,708680,Not at intersection,3,100,Local Road,INGLEWOOD-RHEOLA,LODDON,-36.59188,143.84268,2022,3,March,23,Night,Weekday
T20220007353,2022-03-31,18:10:00,1,Collision with vehicle,4,Thursday,135,LANE CHANGE LEFT (NOT OVERTAKING),1,41573,Cross intersection,3,60,Arterial Highway,NORTH,MONASH,-37.9101,145.09023,2022,3,March,18,Afternoon Peak,Weekday
T20220007174,2022-03-31,09:00:00,6,Vehicle overturned (no collision),4,Thursday,180,OFF CARRIAGEWAY ON RIGHT BEND,1,708344,Not at intersection,2,100,Arterial Highway,PRINCES,MOYNE,-38.38338,142.19333,2022,3,March,9,Morning Peak,Weekday
T20220007239,2022-03-31,17:20:00,1,Collision with vehicle,4,Thursday,120,HEAD ON (NOT OVERTAKING),1,712455,Not at intersection,2,100,Arterial Highway,MIDLAND,GOLDEN PLAINS,-38.038124,144.18666,2022,3,March,17,Afternoon Peak,Weekday
T20220007433,2022-03-31,11:30:00,6,Vehicle overturned (no collision),4,Thursday,174,OUT OF CONTROL ON CARRIAGEWAY (ON STRAIGHT),1,720257,Not at intersection,2,80,Arterial Highway,GREAT OCEAN,COLAC OTWAY,-38.706226,143.34973,2022,3,March,11,Midday,Weekday
T20220007222,2022-03-31,16:05:00,1,Collision with vehicle,4,Thursday,140,U TURN,1,755828,Not at intersection,2,80,Arterial Other,BAXTER-TOORADIN,MORNINGTON PENINSULA,-38.19747,145.1714,2022,3,March,16,Afternoon Peak,Weekday
T20220007784,2022-03-31,11:14:00,1,Collision with vehicle,4,Thursday,130,REAR END(VEHICLES IN SAME LANE),1,713271,Cross intersection,3,60,Arterial Highway,LATROBE TERRACE -SETTLEMENT,GEELONG,-38.160454,144.35031,2022,3,March,11,Midday,Weekday
T20220007240,2022-03-31,15:45:00,1,Collision with vehicle,4,Thursday,121,RIGHT THROUGH,1,774231,T intersection,3,60,Local Road,BROAD GULLY,NILLUMBIK,-37.6534,145.17007,2022,3,March,15,Afternoon Peak,Weekday
T20220007234,2022-03-31,17:40:00,1,Collision with vehicle,4,Thursday,120,HEAD ON (NOT OVERTAKING),1,712235,Not at intersection,3,60,Arterial Other,WAVERLEY,STONNINGTON,-37.87722,145.0861,2022,3,March,17,Afternoon Peak,Weekday
T20220007235,2022-03-31,07:30:00,1,Collision with vehicle,4,Thursday,130,REAR END(VEHICLES IN SAME LANE),2,1193,Cross intersection,3,50,Arterial Highway,MCKILLOP,GEELONG,-38.154144,144.36043,2022,3,March,7,Morning Peak,Weekday
T20220008696,2022-03-31,16:30:00,1,Collision with vehicle,4,Thursday,130,REAR END(VEHICLES IN SAME LANE),1,29887,Cross intersection,3,40,Arterial Highway,PUNT,PORT PHILLIP,-37.856743,144.98254,2022,3,March,16,Afternoon Peak,Weekday
T20220007281,2022-04-01,10:25:00,1,Collision with vehicle,5,Friday,160,VEHICLE COLLIDES WITH VEHICLE PARKED ON LEFT OF ROAD,1,710118,Not at intersection,3,60,Arterial Other,MARINE,MORNINGTON PENINSULA,-38.316162,144.98947,2022,4,April,10,Midday,Weekday
T20220007284,2022-04-01,12:55:00,1,Collision with vehicle,5,Friday,121,RIGHT THROUGH,1,331899,Multiple intersection,2,60,Freeway,HAMILTON-GEELONG RING IN,GEELONG,-38.141228,144.29454,2022,4,April,12,Midday,Weekday
T20220007297,2022-04-01,08:07:00,1,Collision with vehicle,5,Friday,121,RIGHT THROUGH,1,785118,Cross intersection,2,60,Arterial Other,MORELAND,MORELAND,-37.752132,144.93596,2022,4,April,8,Morning Peak,Weekday
T20220007315,2022-04-01,16:05:00,1,Collision with vehicle,5,Friday,147,VEHICLE STRIKES ANOTHER VEH WHILE EMERGING FROM DRIVEWAY,1,718694,Not at intersection,2,80,Arterial Other,CRANBOURNE,CASEY,-38.068943,145.29845,2022,4,April,16,Afternoon Peak,Weekday
T20220007685,2022-04-01,11:06:00,1,Collision with vehicle,5,Friday,110,CROSS TRAFFIC(INTERSECTIONS ONLY),1,37431,Cross intersection,3,60,Freeway,STATE (BELL/SPRINGVALE),MANNINGHAM,-37.803463,145.17802,2022,4,April,11,Midday,Weekday
T20230021945,2022-04-01,11:30:00,1,Collision with vehicle,5,Friday,130,REAR END(VEHICLES IN SAME LANE),1,56679,T intersection,3,60,Local Road,KERSHAW,CASEY,-38.055008,145.28848,2022,4,April,11,Midday,Weekday
T20220008874,2022-04-01,14:00:00,1,Collision with vehicle,5,Friday,130,REAR END(VEHICLES IN SAME LANE),1,711386,Not at intersection,3,60,Local Road,HAMMOND,DANDENONG,-37.995514,145.20941,2022,4,April,14,Midday,Weekday
T20220007263,2022-04-01,06:39:00,1,Collision with vehicle,5,Friday,121,RIGHT THROUGH,3,687026,Cross intersection,3,60,Local Road,COLEMANS,DANDENONG,-38.040207,145.21866,2022,4,April,6,Morning Peak,Weekday
T20220007267,2022-04-01,08:47:00,4,Collision with a fixed object,5,Friday,171,LEFT OFF CARRIAGEWAY INTO OBJECT/PARKED VEHICLE,1,781953,Not at intersection,3,80,Arterial Highway,SPRINGVALE,DANDENONG,-37.986477,145.14539,2022,4,April,8,Morning Peak,Weekday
T20220007320,2022-04-01,17:24:00,4,Collision with a fixed object,5,Friday,173,RIGHT OFF CARRIAGEWAY INTO OBJECT/PARKED VEHICLE,1,711381,Not at intersection,3,80,Local Road,MAIN DRAIN,CARDINIA,-38.183025,145.49565,2022,4,April,17,Afternoon Peak,Weekday
T20220007492,2022-04-01,22:51:00,1,Collision with vehicle,5,Friday,135,LANE CHANGE LEFT (NOT OVERTAKING),3,709420,Not at intersection,3,60,Arterial Other,HIGH,BOROONDARA,-37.861717,145.0651,2022,4,April,22,Night,Weekday
T20220007323,2022-04-01,15:40:00,4,Collision with a fixed object,5,Friday,181,OFF RIGHT BEND INTO OBJECT/PARKED VEHICLE,1,708398,Not at intersection,1,60,Arterial Highway,BELL,BANYULE,-37.74904,145.03358,2022,4,April,15,Afternoon Peak,Weekday
T20220007325,2022-04-01,16:55:00,2,Struck Pedestrian,5,Friday,100,PED NEAR SIDE. PED HIT BY VEHICLE FROM THE RIGHT.,1,46212,Cross intersection,2,60,Arterial Other,HAMILTON,MACEDON RANGES,-37.4879,144.59126,2022,4,April,16,Afternoon Peak,Weekday
T20220007326,2022-04-01,18:00:00,2,Struck Pedestrian,5,Friday,102,FAR SIDE. PED HIT BY VEHICLE FROM THE LEFT,1,45835,Cross intersection,3,60,Arterial Other,VICTORIA,MELBOURNE,-37.807133,144.96735,2022,4,April,18,Afternoon Peak,Weekday
T20220007327,2022-04-01,12:30:00,2,Struck Pedestrian,5,Friday,100,PED NEAR SIDE. PED HIT BY VEHICLE FROM THE RIGHT.,1,37411,Multiple intersection,3,60,Arterial Other,WILLIAMSTOWN,PORT PHILLIP,-37.831264,144.94444,2022,4,April,12,Midday,Weekday
T20220028557,2022-04-01,12:45:00,4,Collision with a fixed object,5,Friday,171,LEFT OFF CARRIAGEWAY INTO OBJECT/PARKED VEHICLE,1,781945,Not at intersection,3,100,Freeway,EASTLINK,KNOX,-37.86753,145.21149,2022,4,April,12,Midday,Weekday
T20220007328,2022-04-01,17:52:00,1,Collision with vehicle,5,Friday,119,OTHER ADJACENT (INTERSECTIONS ONLY),1,330885,Multiple intersection,3,80,Freeway,EASTLINK OUT-WELLINGTON,KNOX,-37.92559,145.21379,2022,4,April,17,Afternoon Peak,Weekday
T20220007334,2022-04-01,21:40:00,4,Collision with a fixed object,5,Friday,171,LEFT OFF CARRIAGEWAY INTO OBJECT/PARKED VEHICLE,3,709005,Not at intersection,2,80,Arterial Other,SAND,BAW BAW,-38.09085,145.77672,2022,4,April,21,Night,Weekday
T20220007336,2022-04-01,21:59:00,1,Collision with vehicle,5,Friday,140,U TURN,3,1174,T intersection,2,80,Arterial Other,PRINCES,CARDINIA,-38.071594,145.48003,2022,4,April,21,Night,Weekday
T20220007275,2022-04-01,10:50:00,1,Collision with vehicle,5,Friday,133,LANE SIDE SWIPE (VEHICLES IN PARALLEL LANES),1,774232,Not at intersection,3,100,Freeway,PRINCES,HOBSONS BAY,-37.845104,144.78445,2022,4,April,10,Midday,Weekday
T20220007276,2022-04-01,11:48:00,2,Struck Pedestrian,5,Friday,100,PED NEAR SIDE. PED HIT BY VEHICLE FROM THE RIGHT.,1,727257,Not at intersection,2,40,Arterial Other,SPENCER,MELBOURNE,-37.822132,144.95555,2022,4,April,11,Midday,Weekday
T20220008308,2022-04-01,11:00:00,8,No collision and no object struck,5,Friday,179,OTHER ACCIDENTS-OFF STRAIGHT NOT INCLUDED IN DCAs 170-175,1,711382,Not at intersection,3,80,Arterial Other,BONEO,MORNINGTON PENINSULA,-38.463966,144.91063,2022,4,April,11,Midday,Weekday
T20220017942,2022-04-01,19:24:00,1,Collision with vehicle,5,Friday,130,REAR END(VEHICLES IN SAME LANE),2,702279,Not at intersection,3,80,Freeway,WEST GATE,MELBOURNE,-37.827625,144.96153,2022,4,April,19,Night,Weekday
T20220007280,2022-04-01,08:45:00,1,Collision with vehicle,5,Friday,142,LEAVING PARKING,1,711384,Not at intersection,2,50,Local Road,MERCER,GEELONG,-38.142513,144.35605,2022,4,April,8,Morning Peak,Weekday
T20220007367,2022-04-01,12:30:00,1,Collision with vehicle,5,Friday,130,REAR END(VEHICLES IN SAME LANE),1,711383,Not at intersection,3,80,Arterial Other,CLYDE,CASEY,-38.045856,145.341,2022,4,April,12,Midday,Weekday
T20220007370,2022-04-01,15:28:00,1,Collision with vehicle,5,Friday,113,RIGHT NEAR (INTERSECTIONS ONLY),1,711385,T intersection,2,70,Local Road,MCGREGOR,CARDINIA,-38.09702,145.46983,2022,4,April,15,Afternoon Peak,Weekday
T20220007374,2022-04-01,14:30:00,1,Collision with vehicle,5,Friday,130,REAR END(VEHICLES IN SAME LANE),1,712376,Not at intersection,3,80,Arterial Other,SOMERTON,HUME,-37.63862,144.91313,2022,4,April,14,Midday,Weekday
T20220007728,2022-04-01,09:15:00,1,Collision with vehicle,5,Friday,130,REAR END(VEHICLES IN SAME LANE),1,774281,Not at intersection,3,80,Arterial Highway,SPRINGVALE,MONASH,-37.919212,145.15858,2022,4,April,9,Morning Peak,Weekday
T20220007486,2022-04-01,13:40:00,1,Collision with vehicle,5,Friday,130,REAR END(VEHICLES IN SAME LANE),1,710747,Not at intersection,3,50,Local Road,KOROIT,WARRNAMBOOL,-38.38269,142.48157,2022,4,April,13,Midday,Weekday
T20220007750,2022-04-01,17:15:00,1,Collision with vehicle,5,Friday,163,VEHICLE STRIKES DOOR OF PARKED/STATIONARY VEHICLE,1,711387,Not at intersection,3,40,Local Road,COLLINS,MELBOURNE,-37.81813,144.95741,2022,4,April,17,Afternoon Peak,Weekday
T20220007765,2022-04-01,09:00:00,1,Collision with vehicle,5,Friday,130,REAR END(VEHICLES IN SAME LANE),1,709152,Not at intersection,3,80,Freeway,METROPOLITAN RING,HUME,-37.69074,144.97191,2022,4,April,9,Morning Peak,Weekday
T20220007664,2022-04-01,14:18:00,1,Collision with vehicle,5,Friday,120,HEAD ON (NOT OVERTAKING),1,708964,Not at intersection,2,50,Local Road,ROSEBANK,CASEY,-38.075703,145.28923,2022,4,April,14,Midday,Weekday
T20220007415,2022-04-01,20:35:00,8,No collision and no object struck,5,Friday,174,OUT OF CONTROL ON CARRIAGEWAY (ON STRAIGHT),3,727799,Dead end,3,40,Local Road,STRUVE,CAMPASPE,-36.139957,144.77066,2022,4,April,20,Night,Weekday
T20220007322,2022-04-01,17:20:00,4,Collision with a fixed object,5,Friday,171,LEFT OFF CARRIAGEWAY INTO OBJECT/PARKED VEHICLE,1,711380,Not at intersection,2,50,Local Road,DARBYSHIRE,HUME,-37.577267,144.72246,2022,4,April,17,Afternoon Peak,Weekday
T20220007936,2022-04-01,20:20:00,1,Collision with vehicle,5,Friday,121,RIGHT THROUGH,3,29468,Cross intersection,3,40,Arterial Highway,PUNT,STONNINGTON,-37.845688,144.98503,2022,4,April,20,Night,Weekday
T20220007661,2022-04-01,11:58:00,1,Collision with vehicle,5,Friday,130,REAR END(VEHICLES IN SAME LANE),1,709175,Not at intersection,3,60,Arterial Other,MORELAND,MORELAND,-37.756752,144.97556,2022,4,April,11,Midday,Weekday
T20220007463,2022-04-01,08:30:00,1,Collision with vehicle,5,Friday,148,VEHICLE OFF FOOTPATH STRIKES VEH ON CARRIAGEWAY,1,712063,Not at intersection,3,60,Arterial Other,MURRAY,MORELAND,-37.735897,144.98233,2022,4,April,8,Morning Peak,Weekday
T20220007397,2022-04-01,19:14:00,1,Collision with vehicle,5,Friday,120,HEAD ON (NOT OVERTAKING),2,718133,Not at intersection,2,60,Local Road,ELSWORTH,BALLARAT,-37.58239,143.86757,2022,4,April,19,Night,Weekday