ACCIDENT_NO,ACCIDENT_DATE,ACCIDENT_TIME,ACCIDENT_TYPE,ACCIDENT_TYPE_DESC,DAY_OF_WEEK,DAY_WEEK_DESC,DCA_CODE,DCA_DESC,LIGHT_CONDITION,NODE_ID,ROAD_GEOMETRY_DESC,SEVERITY,SPEED_ZONE,RMA,ROAD_NAME,LGA_NAME,LATITUDE,LONGITUDE,YEAR,MONTH,MONTH_NAME,HOUR,TIME_PERIOD,DAY_TYPE
T20220008087,2022-04-01,13:51:00,1,Collision with vehicle,5,Friday,130,REAR END(VEHICLES IN SAME LANE),1,41712,Cross intersection,3,80,Arterial Highway,DANDENONG,MONASH,-37.913017,145.1251,2022,4,April,13,Midday,Weekday
T20220008368,2022-04-01,07:41:00,1,Collision with vehicle,5,Friday,134,LANE CHANGE RIGHT (NOT OVERTAKING),1,774254,Not at intersection,3,80,Freeway,MONASH,MONASH,-37.929695,145.18561,2022,4,April,7,Morning Peak,Weekday
T20220007673,2022-04-01,12:00:00,1,Collision with vehicle,5,Friday,130,REAR END(VEHICLES IN SAME LANE),1,714699,Not at intersection,3,60,Arterial Highway,BANKSIA,BANYULE,-37.75937,145.06642,2022,4,April,12,Midday,Weekday
T20220011089,2022-04-01,09:30:00,1,Collision with vehicle,5,Friday,110,CROSS TRAFFIC(INTERSECTIONS ONLY),9,712352,Cross intersection,3,40,Local Road,MONTPELLIER,GEELONG,-38.165997,144.31497,2022,4,April,9,Morning Peak,Weekday
T20220007250,2022-04-01,00:36:00,1,Collision with vehicle,5,Friday,121,RIGHT THROUGH,3,57515,Cross intersection,3,50,Arterial Highway,QUEENS WAY -DANDENONG,PORT PHILLIP,-37.85779,144.99223,2022,4,April,0,Late Night,Weekday
T20220007255,2022-04-01,05:00:00,4,Collision with a fixed object,5,Friday,171,LEFT OFF CARRIAGEWAY INTO OBJECT/PARKED VEHICLE,3,710119,Not at intersection,2,50,Local Road,MARSHALL,WODONGA,-36.12601,146.85521,2022,4,April,5,Morning Peak,Weekday
T20220007257,2022-04-01,05:18:00,1,Collision with vehicle,5,Friday,130,REAR END(VEHICLES IN SAME LANE),3,45094,T intersection,2,60,Local Road,BERKSHIRE,BRIMBANK,-37.765354,144.84016,2022,4,April,5,Morning Peak,Weekday
T20220007530,2022-04-01,21:00:00,6,Vehicle overturned (no collision),5,Friday,189,OTHER ACCIDENTS ON CURVE NOT INCLUDED IN DCAs 180-184,5,774238,Not at intersection,2,50,Local Road,TEA TREE,BAW BAW,-37.96922,145.75797,2022,4,April,21,Night,Weekday
T20220013412,2022-04-01,16:30:00,3,Struck animal,5,Friday,167,STRUCK ANIMAL,1,715108,Not at intersection,3,100,Local Road,COWWARR-SEATON,WELLINGTON,-37.946854,146.6985,2022,4,April,16,Afternoon Peak,Weekday
T20220007389,2022-04-02,14:49:00,6,Vehicle overturned (no collision),6,Saturday,174,OUT OF CONTROL ON CARRIAGEWAY (ON STRAIGHT),1,708679,T intersection,3,50,Local Road,MAROONA,GLEN EIRA,-37.887592,145.04805,2022,4,April,14,Midday,Weekend
T20220007373,2022-04-02,11:55:00,1,Collision with vehicle,6,Saturday,121,RIGHT THROUGH,1,710334,Not at intersection,3,60,Local Road,WILLIAMSON,MARIBYRNONG,-37.77512,144.88182,2022,4,April,11,Midday,Weekend
T20220007372,2022-04-02,12:15:00,4,Collision with a fixed object,6,Saturday,171,LEFT OFF CARRIAGEWAY INTO OBJECT/PARKED VEHICLE,1,713849,Not at intersection,2,40,Arterial Other,MOUNT DANDENONG TOURIST,YARRA RANGES,-37.89238,145.32434,2022,4,April,12,Midday,Weekend
T20220007340,2022-04-02,01:02:00,4,Collision with a fixed object,6,Saturday,171,LEFT OFF CARRIAGEWAY INTO OBJECT/PARKED VEHICLE,3,709475,Not at intersection,2,50,Local Road,KANGAROO,MONASH,-37.899357,145.07854,2022,4,April,1,Late Night,Weekend
T20220007341,2022-04-02,01:15:00,1,Collision with vehicle,6,Saturday,116,LEFT NEAR (INTERSECTIONS ONLY),3,718132,T intersection,2,50,Arterial Other,CENTRE,GLEN EIRA,-37.92154,145.06206,2022,4,April,1,Late Night,Weekend
T20220007344,2022-04-02,03:15:00,1,Collision with vehicle,6,Saturday,134,LANE CHANGE RIGHT (NOT OVERTAKING),3,715563,Not at intersection,3,40,Freeway,PRINCES,WYNDHAM,-37.835297,144.80458,2022,4,April,3,Late Night,Weekend
T20220007621,2022-04-02,15:30:00,1,Collision with vehicle,6,Saturday,121,RIGHT THROUGH,1,709890,Cross intersection,2,60,Local Road,QUEENSBERRY,MELBOURNE,-37.804047,144.95853,2022,4,April,15,Afternoon Peak,Weekend
T20220007371,2022-04-02,12:20:00,1,Collision with vehicle,6,Saturday,121,RIGHT THROUGH,1,708527,Not at intersection,2,60,Arterial Highway,WARRIGAL,KINGSTON,-37.93296,145.08073,2022,4,April,12,Midday,Weekend
T20220007592,2022-04-02,15:08:00,4,Collision with a fixed object,6,Saturday,181,OFF RIGHT BEND INTO OBJECT/PARKED VEHICLE,1,781954,Not at intersection,3,60,Arterial Other,MONBULK,YARRA RANGES,-37.86443,145.41087,2022,4,April,15,Afternoon Peak,Weekend
T20220007385,2022-04-02,13:10:00,4,Collision with a fixed object,6,Saturday,171,LEFT OFF CARRIAGEWAY INTO OBJECT/PARKED VEHICLE,1,329788,T intersection,3,50,Local Road,BAILES,BENDIGO,-36.751453,144.28525,2022,4,April,13,Midday,Weekend
T20220008111,2022-04-02,14:00:00,8,No collision and no object struck,6,Saturday,180,OFF CARRIAGEWAY ON RIGHT BEND,1,713138,Not at intersection,2,100,Arterial Other,BROADFORD-FLOWERDALE,MURRINDINDI,-37.24723,145.18713,2022,4,April,14,Midday,Weekend
T20220007395,2022-04-02,09:30:00,8,No collision and no object struck,6,Saturday,182,OFF CARRIAGEWAY ON LEFT BEND,1,718680,Not at intersection,3,80,Arterial Other,GRANYA,TOWONG,-36.125355,147.33409,2022,4,April,9,Morning Peak,Weekend
T20220007390,2022-04-02,15:30:00,4,Collision with a fixed object,6,Saturday,171,LEFT OFF CARRIAGEWAY INTO OBJECT/PARKED VEHICLE,1,713136,Not at intersection,3,50,Local Road,TERRARA,WHITEHORSE,-37.847393,145.18909,2022,4,April,15,Afternoon Peak,Weekend
T20220007368,2022-04-02,10:50:00,1,Collision with vehicle,6,Saturday,120,HEAD ON (NOT OVERTAKING),1,709000,Not at intersection,3,100,Arterial Other,BLOOMFIELD,BAW BAW,-38.089657,145.96786,2022,4,April,10,Midday,Weekend
T20220007454,2022-04-02,20:25:00,2,Struck Pedestrian,6,Saturday,103,PED PLAYING/LYING/WORKING/STANDING ON CARRIAGEWAY.,5,708607,Not at intersection,2,60,Local Road,HIGH,MELTON,-37.686226,144.53868,2022,4,April,20,Night,Weekend
T20220012454,2022-04-02,13:29:00,1,Collision with vehicle,6,Saturday,160,VEHICLE COLLIDES WITH VEHICLE PARKED ON LEFT OF ROAD,1,714012,Not at intersection,2,40,Arterial Other,TOORAK,STONNINGTON,-37.839165,144.99298,2022,4,April,13,Midday,Weekend
T20220007424,2022-04-02,12:55:00,6,Vehicle overturned (no collision),6,Saturday,170,OFF CARRIAGEWAY TO LEFT,1,711574,Not at intersection,3,60,Arterial Other,MONBULK,YARRA RANGES,-37.892586,145.36581,2022,4,April,12,Midday,Weekend
T20220007383,2022-04-02,13:30:00,1,Collision with vehicle,6,Saturday,130,REAR END(VEHICLES IN SAME LANE),1,709098,Not at intersection,3,80,Arterial Highway,GREAT ALPINE,ALPINE,-36.705093,146.91641,2022,4,April,13,Midday,Weekend
T20220007411,2022-04-02,21:38:00,1,Collision with vehicle,6,Saturday,111,RIGHT FAR (INTERSECTIONS ONLY),3,755788,T intersection,3,60,Arterial Other,ALEXANDRA,STONNINGTON,-37.831646,144.98885,2022,4,April,21,Night,Weekend
T20220009749,2022-04-02,10:30:00,6,Vehicle overturned (no collision),6,Saturday,174,OUT OF CONTROL ON CARRIAGEWAY (ON STRAIGHT),1,714164,Not at intersection,3,60,Local Road,BLAKEVILLE,MOORABOOL,-37.550724,144.23375,2022,4,April,10,Midday,Weekend
T20220007365,2022-04-02,09:39:00,4,Collision with a fixed object,6,Saturday,171,LEFT OFF CARRIAGEWAY INTO OBJECT/PARKED VEHICLE,1,708576,Not at intersection,3,60,Arterial Other,ESPLANADE,BAYSIDE,-37.917336,144.98734,2022,4,April,9,Morning Peak,Weekend
T20220007782,2022-04-02,09:30:00,1,Collision with vehicle,6,Saturday,140,U TURN,1,51959,Cross intersection,3,60,Arterial Highway,MAIN,EAST GIPPSLAND,-37.829468,147.61444,2022,4,April,9,Morning Peak,Weekend
T20220007440,2022-04-02,09:50:00,1,Collision with vehicle,6,Saturday,147,VEHICLE STRIKES ANOTHER VEH WHILE EMERGING FROM DRIVEWAY,1,714677,Not at intersection,3,40,Local Road,ASHLEY,EAST GIPPSLAND,-37.911793,147.71597,2022,4,April,9,Morning Peak,Weekend
T20220007364,2022-04-02,11:03:00,8,No collision and no object struck,6,Saturday,149,OTHER MANOEUVRING NOT INCLUDED IN DCAs 140-148,1,708999,Not at intersection,2,70,Arterial Highway,WARRIGAL,KINGSTON,-37.926872,145.08186,2022,4,April,11,Midday,Weekend
T20220007363,2022-04-02,10:10:00,4,Collision with a fixed object,6,Saturday,173,RIGHT OFF CARRIAGEWAY INTO OBJECT/PARKED VEHICLE,1,711572,Not at intersection,2,80,Arterial Other,BOUNDARY,KINGSTON,-38.00622,145.10417,2022,4,April,10,Midday,Weekend
T20220009921,2022-04-02,13:15:00,2,Struck Pedestrian,6,Saturday,108,PED STRUCK WALKING TO/FROM OR BOARDING/ALIGHTING VEHICLE.,1,625146,T intersection,3,60,Local Road,BRUNSWICK,YARRA,-37.803017,144.97766,2022,4,April,13,Midday,Weekend
T20220007351,2022-04-02,05:30:00,4,Collision with a fixed object,6,Saturday,173,RIGHT OFF CARRIAGEWAY INTO OBJECT/PARKED VEHICLE,5,708770,T intersection,2,70,Arterial Other,MANNINGHAM ROAD SERVICE,MANNINGHAM,-37.77646,145.11815,2022,4,April,5,Morning Peak,Weekend
T20220007382,2022-04-02,12:10:00,4,Collision with a fixed object,6,Saturday,181,OFF RIGHT BEND INTO OBJECT/PARKED VEHICLE,1,711064,Not at intersection,3,100,Arterial Highway,PRINCES,EAST GIPPSLAND,-37.584946,148.91853,2022,4,April,12,Midday,Weekend
T20220007380,2022-04-02,12:18:00,1,Collision with vehicle,6,Saturday,113,RIGHT NEAR (INTERSECTIONS ONLY),1,37640,Cross intersection,2,40,Arterial Other,HIGH,STONNINGTON,-37.851254,144.98875,2022,4,April,12,Midday,Weekend
T20220007379,2022-04-02,13:59:00,1,Collision with vehicle,6,Saturday,121,RIGHT THROUGH,1,39630,T intersection,3,60,Arterial Other,WANTIRNA,MAROONDAH,-37.821636,145.22731,2022,4,April,13,Midday,Weekend
T20220007375,2022-04-02,12:30:00,1,Collision with vehicle,6,Saturday,135,LANE CHANGE LEFT (NOT OVERTAKING),1,711388,Not at intersection,3,60,Arterial Other,FLEMINGTON,MELBOURNE,-37.78796,144.9406,2022,4,April,12,Midday,Weekend
T20220007408,2022-04-02,20:15:00,4,Collision with a fixed object,6,Saturday,171,LEFT OFF CARRIAGEWAY INTO OBJECT/PARKED VEHICLE,5,716978,Not at intersection,2,50,Arterial Other,YARRA,YARRA,-37.831436,145.01624,2022,4,April,20,Night,Weekend
T20220009419,2022-04-02,22:55:00,1,Collision with vehicle,6,Saturday,130,REAR END(VEHICLES IN SAME LANE),3,710780,Not at intersection,3,70,Freeway,METROPOLITAN RING OUT-PLENTY,WHITTLESEA,-37.68614,145.06738,2022,4,April,22,Night,Weekend
T20220008186,2022-04-02,19:09:00,1,Collision with vehicle,6,Saturday,113,RIGHT NEAR (INTERSECTIONS ONLY),3,337457,Cross intersection,3,60,Arterial Other,FITZGERALD,WYNDHAM,-37.844143,144.78186,2022,4,April,19,Night,Weekend
T20220007418,2022-04-02,05:53:00,4,Collision with a fixed object,6,Saturday,171,LEFT OFF CARRIAGEWAY INTO OBJECT/PARKED VEHICLE,3,709069,Not at intersection,3,80,Freeway,TULLAMARINE,MOONEE VALLEY,-37.727177,144.89105,2022,4,April,5,Morning Peak,Weekend
T20220008524,2022-04-03,17:47:00,1,Collision with vehicle,7,Sunday,121,RIGHT THROUGH,2,43864,T intersection,3,60,Local Road,OSHEA,CASEY,-38.062313,145.3568,2022,4,April,17,Afternoon Peak,Weekend
T20220007478,2022-04-03,21:15:00,1,Collision with vehicle,7,Sunday,160,VEHICLE COLLIDES WITH VEHICLE PARKED ON LEFT OF ROAD,3,713462,Not at intersection,3,60,Arterial Other,SHANNON,GEELONG,-38.131546,144.33813,2022,4,April,21,Night,Weekend
T20220007413,2022-04-03,00:10:00,4,Collision with a fixed object,7,Sunday,171,LEFT OFF CARRIAGEWAY INTO OBJECT/PARKED VEHICLE,3,711968,Not at intersection,2,100,Freeway,PENINSULA LINK,MORNINGTON PENINSULA,-38.199562,145.14326,2022,4,April,0,Late Night,Weekend
T20220007472,2022-04-03,15:45:00,2,Struck Pedestrian,7,Sunday,102,FAR SIDE. PED HIT BY VEHICLE FROM THE LEFT,1,71924,Not at intersection,3,50,Local Road,SHANNON,FRANKSTON,-38.14354,145.12335,2022,4,April,15,Afternoon Peak,Weekend
T20220008094,2022-04-03,18:30:00,7,Fall from or in moving vehicle,7,Sunday,190,FELL IN/FROM VEHICLE,9,345263,Not at intersection,2,40,Arterial Other,DUDLEY,MELBOURNE,-37.809162,144.95267,2022,4,April,18,Afternoon Peak,Weekend
T20220007481,2022-04-03,20:31:00,1,Collision with vehicle,7,Sunday,160,VEHICLE COLLIDES WITH VEHICLE PARKED ON LEFT OF ROAD,3,785132,Not at intersection,2,30,Local Road,HIGH,DAREBIN,-37.768803,144.99913,2022,4,April,20,Night,Weekend
T20220007420,2022-04-03,04:01:00,4,Collision with a fixed object,7,Sunday,173,RIGHT OFF CARRIAGEWAY INTO OBJECT/PARKED VEHICLE,3,1323,Cross intersection,3,80,Arterial Other,SYDNEY,HUME,-37.689465,144.95798,2022,4,April,4,Late Night,Weekend
T20220009595,2022-04-03,17:10:00,1,Collision with vehicle,7,Sunday,120,HEAD ON (NOT OVERTAKING),1,711974,Not at intersection,3,60,Arterial Other,MONBULK,YARRA RANGES,-37.882683,145.38939,2022,4,April,17,Afternoon Peak,Weekend
T20220007476,2022-04-03,19:48:00,1,Collision with vehicle,7,Sunday,133,LANE SIDE SWIPE (VEHICLES IN PARALLEL LANES),3,719501,Not at intersection,2,80,Freeway,MELBA,MANNINGHAM,-37.806995,145.20995,2022,4,April,19,Night,Weekend
T20220007635,2022-04-03,07:45:00,1,Collision with vehicle,7,Sunday,135,LANE CHANGE LEFT (NOT OVERTAKING),1,718696,Not at intersection,3,80,Arterial Other,THOMPSONS,CASEY,-38.085472,145.3029,2022,4,April,7,Morning Peak,Weekend
T20220011077,2022-04-03,19:30:00,8,No collision and no object struck,7,Sunday,149,OTHER MANOEUVRING NOT INCLUDED IN DCAs 140-148,3,713139,T intersection,3,40,Local Road,CLAREMONT,STONNINGTON,-37.839214,144.99352,2022,4,April,19,Night,Weekend
T20220008421,2022-04-03,20:40:00,1,Collision with vehicle,7,Sunday,121,RIGHT THROUGH,3,780051,Cross intersection,3,60,Arterial Other,RINGWOOD STREET -WANTIRNA,MAROONDAH,-37.815895,145.22733,2022,4,April,20,Night,Weekend
T20220007884,2022-04-03,16:35:00,1,Collision with vehicle,7,Sunday,120,HEAD ON (NOT OVERTAKING),1,714417,Not at intersection,3,60,Arterial Other,BELGRAVE-HALLAM,YARRA RANGES,-37.924732,145.35869,2022,4,April,16,Afternoon Peak,Weekend
T20220007479,2022-04-03,21:20:00,1,Collision with vehicle,7,Sunday,130,REAR END(VEHICLES IN SAME LANE),3,718414,T intersection,3,70,Arterial Other,SYDNEY,MORELAND,-37.70457,144.96037,2022,4,April,21,Night,Weekend
T20220007892,2022-04-03,00:20:00,1,Collision with vehicle,7,Sunday,121,RIGHT THROUGH,3,6160,T intersection,3,60,Arterial Other,ABBOTSFORD,MELBOURNE,-37.79365,144.9474,2022,4,April,0,Late Night,Weekend
T20220007412,2022-04-03,00:45:00,4,Collision with a fixed object,7,Sunday,171,LEFT OFF CARRIAGEWAY INTO OBJECT/PARKED VEHICLE,3,711575,Not at intersection,3,60,Local Road,MCNAUGHTON,MONASH,-37.92588,145.13887,2022,4,April,0,Late Night,Weekend
T20220007461,2022-04-03,16:57:00,1,Collision with vehicle,7,Sunday,136,RIGHT TURN SIDESWIPE,1,51808,T intersection,2,60,Arterial Highway,DUKE,MOUNT ALEXANDER,-37.07049,144.22882,2022,4,April,16,Afternoon Peak,Weekend
T20220007453,2022-04-03,14:20:00,1,Collision with vehicle,7,Sunday,140,U TURN,1,709863,Not at intersection,3,60,Local Road,HARVEST HOME,WHITTLESEA,-37.62125,145.00333,2022,4,April,14,Midday,Weekend
T20220011365,2022-04-03,11:20:00,4,Collision with a fixed object,7,Sunday,173,RIGHT OFF CARRIAGEWAY INTO OBJECT/PARKED VEHICLE,1,714190,Not at intersection,3,100,Arterial Highway,MURRAY VALLEY,SWAN HILL,-35.486473,143.69962,2022,4,April,11,Midday,Weekend
T20220007519,2022-04-03,11:45:00,1,Collision with vehicle,7,Sunday,120,HEAD ON (NOT OVERTAKING),1,710956,Not at intersection,3,100,Local Road,LIGHTNING RIDGE,BENALLA,-36.88678,145.94012,2022,4,April,11,Midday,Weekend
T20220007465,2022-04-03,16:00:00,1,Collision with vehicle,7,Sunday,110,CROSS TRAFFIC(INTERSECTIONS ONLY),1,67459,Cross intersection,3,50,Local Road,DAWSON,EAST GIPPSLAND,-37.827972,147.61632,2022,4,April,16,Afternoon Peak,Weekend
T20220007416,2022-04-03,04:59:00,4,Collision with a fixed object,7,Sunday,171,LEFT OFF CARRIAGEWAY INTO OBJECT/PARKED VEHICLE,3,708579,Not at intersection,3,60,Local Road,CAROLINE SPRINGS,MELTON,-37.742634,144.7357,2022,4,April,4,Late Night,Weekend
T20220007451,2022-04-03,13:25:00,1,Collision with vehicle,7,Sunday,136,RIGHT TURN SIDESWIPE,1,708682,Not at intersection,3,80,Local Road,LOVELY BANKS,GEELONG,-38.066578,144.29271,2022,4,April,13,Midday,Weekend
T20220007484,2022-04-03,16:08:00,4,Collision with a fixed object,7,Sunday,179,OTHER ACCIDENTS-OFF STRAIGHT NOT INCLUDED IN DCAs 170-175,1,785127,Not at intersection,2,100,Freeway,CALDER,HUME,-37.60691,144.70267,2022,4,April,16,Afternoon Peak,Weekend
T20220007468,2022-04-03,15:05:00,6,Vehicle overturned (no collision),7,Sunday,180,OFF CARRIAGEWAY ON RIGHT BEND,1,711948,Not at intersection,2,100,Arterial Other,WESTERNPORT,CARDINIA,-38.25423,145.60332,2022,4,April,15,Afternoon Peak,Weekend
T20220007794,2022-04-03,14:40:00,4,Collision with a fixed object,7,Sunday,173,RIGHT OFF CARRIAGEWAY INTO OBJECT/PARKED VEHICLE,1,709006,Not at intersection,3,100,Local Road,OLD DOOKIE,SHEPPARTON,-36.37761,145.52626,2022,4,April,14,Midday,Weekend
T20220007431,2022-04-03,10:00:00,1,Collision with vehicle,7,Sunday,110,CROSS TRAFFIC(INTERSECTIONS ONLY),1,50843,Cross intersection,2,80,Local Road,NARING,MOIRA,-36.069107,145.45047,2022,4,April,10,Midday,Weekend
T20220007469,2022-04-03,12:30:00,6,Vehicle overturned (no collision),7,Sunday,174,OUT OF CONTROL ON CARRIAGEWAY (ON STRAIGHT),1,708771,Not at intersection,3,100,Arterial Other,TRARALGON CREEK,LATROBE,-38.289845,146.5398,2022,4,April,12,Midday,Weekend
T20220007426,2022-04-03,01:50:00,4,Collision with a fixed object,7,Sunday,173,RIGHT OFF CARRIAGEWAY INTO OBJECT/PARKED VEHICLE,5,711360,Not at intersection,1,100,Arterial Other,CENTRAL KIALLA,SHEPPARTON,-36.518295,145.43184,2022,4,April,1,Late Night,Weekend
T20220007450,2022-04-03,11:30:00,1,Collision with vehicle,7,Sunday,110,CROSS TRAFFIC(INTERSECTIONS ONLY),1,39685,Cross intersection,2,70,Arterial Other,MT DANDENONG,MAROONDAH,-37.80934,145.24753,2022,4,April,11,Midday,Weekend
T20220007887,2022-04-03,09:40:00,4,Collision with a fixed object,7,Sunday,183,OFF LEFT BEND INTO OBJECT/PARKED VEHICLE,9,715216,Not at intersection,2,80,Arterial Other,KANGAROO GROUND-WARRANDYTE,NILLUMBIK,-37.701126,145.22548,2022,4,April,9,Morning Peak,Weekend
T20220007435,2022-04-03,10:20:00,1,Collision with vehicle,7,Sunday,148,VEHICLE OFF FOOTPATH STRIKES VEH ON CARRIAGEWAY,1,60743,T intersection,3,40,Local Road,NURSERY,BALLARAT,-37.54592,143.82307,2022,4,April,10,Midday,Weekend
T20220007502,2022-04-04,09:57:00,2,Struck Pedestrian,1,Monday,107,PED ON FOOTHPATH STRUCK BY VEHENTERING/LEAVING DRIVEWAY.,1,711579,Not at intersection,2,60,Arterial Other,SHERBOURNE,NILLUMBIK,-37.71642,145.13696,2022,4,April,9,Morning Peak,Weekday
T20220007552,2022-04-04,19:58:00,1,Collision with vehicle,1,Monday,130,REAR END(VEHICLES IN SAME LANE),6,691950,Not at intersection,3,60,Local Road,FINDON,WHITTLESEA,-37.63938,145.04552,2022,4,April,19,Night,Weekday
T20220007557,2022-04-04,16:40:00,4,Collision with a fixed object,1,Monday,171,LEFT OFF CARRIAGEWAY INTO OBJECT/PARKED VEHICLE,1,723180,T intersection,2,60,Local Road,WILSONS,GEELONG,-38.19577,144.38678,2022,4,April,16,Afternoon Peak,Weekday
T20220007558,2022-04-04,14:40:00,1,Collision with vehicle,1,Monday,110,CROSS TRAFFIC(INTERSECTIONS ONLY),1,281588,Cross intersection,2,80,Arterial Highway,DANDENONG,DANDENONG,-37.999054,145.17442,2022,4,April,14,Midday,Weekday
T20220007501,2022-04-04,08:30:00,4,Collision with a fixed object,1,Monday,181,OFF RIGHT BEND INTO OBJECT/PARKED VEHICLE,1,718136,Not at intersection,2,100,Arterial Other,LANCASTER-MOOROOPNA,SHEPPARTON,-36.313595,145.27383,2022,4,April,8,Morning Peak,Weekday
T20220008444,2022-04-04,07:50:00,1,Collision with vehicle,1,Monday,137,LEFT TURN SIDESWIPE,1,29588,Cross intersection,3,40,Arterial Other,CANTERBURY,PORT PHILLIP,-37.85981,144.97731,2022,4,April,7,Morning Peak,Weekday
T20220007537,2022-04-04,16:55:00,1,Collision with vehicle,1,Monday,121,RIGHT THROUGH,1,36430,Multiple intersection,2,40,Arterial Other,NICHOLSON,MELBOURNE,-37.79795,144.97488,2022,4,April,16,Afternoon Peak,Weekday
T20220007706,2022-04-04,19:30:00,1,Collision with vehicle,1,Monday,130,REAR END(VEHICLES IN SAME LANE),3,229467,Cross intersection,3,60,Arterial Other,KOO WEE RUP,CARDINIA,-38.098194,145.48888,2022,4,April,19,Night,Weekday
T20220007707,2022-04-04,14:30:00,1,Collision with vehicle,1,Monday,147,VEHICLE STRIKES ANOTHER VEH WHILE EMERGING FROM DRIVEWAY,1,711578,Not at intersection,3,60,Arterial Other,SCORESBY,KNOX,-37.842903,145.2704,2022,4,April,14,Midday,Weekday
T20220007560,2022-04-04,17:40:00,1,Collision with vehicle,1,Monday,119,OTHER ADJACENT (INTERSECTIONS ONLY),2,35965,T intersection,3,40,Arterial Other,BRUNSWICK,MORELAND,-37.777836,144.9668,2022,4,April,17,Afternoon Peak,Weekday
T20220007561,2022-04-04,16:44:00,1,Collision with vehicle,1,Monday,110,CROSS TRAFFIC(INTERSECTIONS ONLY),1,710690,Cross intersection,3,50,Arterial Other,FOOTE STREET -KILMORE-LANCEFIELD,MITCHELL,-37.29576,144.94926,2022,4,April,16,Afternoon Peak,Weekday
T20220007563,2022-04-04,20:10:00,6,Vehicle overturned (no collision),1,Monday,170,OFF CARRIAGEWAY TO LEFT,3,711431,Not at intersection,2,50,Local Road,MARATHON,HUME,-37.58442,144.90306,2022,4,April,20,Night,Weekday
T20220007500,2022-04-04,09:00:00,1,Collision with vehicle,1,Monday,130,REAR END(VEHICLES IN SAME LANE),1,755775,Not at intersection,3,80,Freeway,BURNLEY TUNNEL -WEST GATE,MELBOURNE,-37.827236,144.96284,2022,4,April,9,Morning Peak,Weekday
T20220007532,2022-04-04,17:09:00,1,Collision with vehicle,1,Monday,111,RIGHT FAR (INTERSECTIONS ONLY),1,38167,Cross intersection,2,60,Arterial Other,SOUTHERN,BANYULE,-37.74272,145.05386,2022,4,April,17,Afternoon Peak,Weekday
T20220007564,2022-04-04,21:45:00,2,Struck Pedestrian,1,Monday,100,PED NEAR SIDE. PED HIT BY VEHICLE FROM THE RIGHT.,3,710083,Cross intersection,2,60,Arterial Highway,BELL,MORELAND,-37.741318,144.96655,2022,4,April,21,Night,Weekday
T20220007490,2022-04-04,03:00:00,1,Collision with vehicle,1,Monday,110,CROSS TRAFFIC(INTERSECTIONS ONLY),3,49839,Cross intersection,3,60,Arterial Other,SHANNON,GEELONG,-38.13066,144.3383,2022,4,April,3,Late Night,Weekday
T20220007567,2022-04-04,22:38:00,1,Collision with vehicle,1,Monday,130,REAR END(VEHICLES IN SAME LANE),3,41456,Cross intersection,3,60,Arterial Other,PASCOE VALE,MOONEE VALLEY,-37.730015,144.92392,2022,4,April,22,Night,Weekday
T20220007568,2022-04-04,20:50:00,1,Collision with vehicle,1,Monday,130,REAR END(VEHICLES IN SAME LANE),3,778860,Not at intersection,3,60,Arterial Other,PASCOE VALE,HUME,-37.644123,144.92905,2022,4,April,20,Night,Weekday
T20220009721,2022-04-04,08:55:00,1,Collision with vehicle,1,Monday,130,REAR END(VEHICLES IN SAME LANE),1,711478,Not at intersection,2,80,Arterial Other,FRANKSTON-FLINDERS,MORNINGTON PENINSULA,-38.203693,145.15446,2022,4,April,8,Morning Peak,Weekday
T20220007487,2022-04-04,00:22:00,1,Collision with vehicle,1,Monday,160,VEHICLE COLLIDES WITH VEHICLE PARKED ON LEFT OF ROAD,3,711576,Not at intersection,3,60,Arterial Other,ORMOND,MOONEE VALLEY,-37.773026,144.93158,2022,4,April,0,Late Night,Weekday
T20220007509,2022-04-04,09:31:00,1,Collision with vehicle,1,Monday,130,REAR END(VEHICLES IN SAME LANE),1,735442,T intersection,3,70,Arterial Other,GREAVES,CASEY,-38.055546,145.30432,2022,4,April,9,Morning Peak,Weekday
T20220010477,2022-04-04,09:00:00,1,Collision with vehicle,1,Monday,133,LANE SIDE SWIPE (VEHICLES IN PARALLEL LANES),1,774263,Not at intersection,3,80,Freeway,MONASH,CASEY,-38.021824,145.3139,2022,4,April,9,Morning Peak,Weekday
T20220007587,2022-04-04,22:00:00,1,Collision with vehicle,1,Monday,160,VEHICLE COLLIDES WITH VEHICLE PARKED ON LEFT OF ROAD,9,711189,Not at intersection,2,50,Local Road,CEMETERY,YARRIAMBIACK,-36.2647,142.39693,2022,4,April,22,Night,Weekday
T20220007528,2022-04-04,15:17:00,1,Collision with vehicle,1,Monday,140,U TURN,1,70890,T intersection,2,40,Local Road,COMO,KINGSTON,-38.00011,145.08267,2022,4,April,15,Afternoon Peak,Weekday
T20220007544,2022-04-04,14:14:00,5,collision with some other object,1,Monday,191,LOAD OR MISSILE STRUCK VEHICLE,1,781969,Not at intersection,3,60,Arterial Other,TEMPLESTOWE,MANNINGHAM,-37.756187,145.10072,2022,4,April,14,Midday,Weekday
T20220007504,2022-04-04,09:30:00,4,Collision with a fixed object,1,Monday,181,OFF RIGHT BEND INTO OBJECT/PARKED VEHICLE,1,720258,Not at intersection,3,100,Arterial Other,KORUMBURRA-WARRAGUL,SOUTH GIPPSLAND,-38.37466,145.83937,2022,4,April,9,Morning Peak,Weekday
T20220007508,2022-04-04,09:15:00,8,No collision and no object struck,1,Monday,170,OFF CARRIAGEWAY TO LEFT,1,708685,Not at intersection,3,100,Local Road,TOOLAMBA-RUSHWORTH,SHEPPARTON,-36.484264,145.26834,2022,4,April,9,Morning Peak,Weekday