ACCIDENT_NO,ACCIDENT_DATE,ACCIDENT_TIME,ACCIDENT_TYPE,ACCIDENT_TYPE_DESC,DAY_OF_WEEK,DAY_WEEK_DESC,DCA_CODE,DCA_DESC,LIGHT_CONDITION,NODE_ID,ROAD_GEOMETRY_DESC,SEVERITY,SPEED_ZONE,RMA,ROAD_NAME,LGA_NAME,LATITUDE,LONGITUDE,YEAR,MONTH,MONTH_NAME,HOUR,TIME_PERIOD,DAY_TYPE
T20220007507,2022-04-04,06:00:00,6,Vehicle overturned (no collision),1,Monday,174,OUT OF CONTROL ON CARRIAGEWAY (ON STRAIGHT),5,713958,T intersection,3,100,Local Road,MERRIJIG,MILDURA,-34.33651,142.22095,2022,4,April,6,Morning Peak,Weekday
T20220007527,2022-04-04,09:30:00,1,Collision with vehicle,1,Monday,131,LEFT REAR,1,709149,Cross intersection,2,60,Arterial Highway,SMITHFIELD,MELBOURNE,-37.789234,144.92288,2022,4,April,9,Morning Peak,Weekday
T20220007493,2022-04-04,06:05:00,6,Vehicle overturned (no collision),1,Monday,170,OFF CARRIAGEWAY TO LEFT,1,708684,Not at intersection,2,80,Arterial Highway,PRINCES,DANDENONG,-37.967632,145.19489,2022,4,April,6,Morning Peak,Weekday
T20220007543,2022-04-04,15:46:00,4,Collision with a fixed object,1,Monday,173,RIGHT OFF CARRIAGEWAY INTO OBJECT/PARKED VEHICLE,1,711577,Not at intersection,3,100,Arterial Other,HORSHAM-NORADJUHA,HORSHAM,-36.82076,142.01407,2022,4,April,15,Afternoon Peak,Weekday
T20220007540,2022-04-04,16:45:00,1,Collision with vehicle,1,Monday,110,CROSS TRAFFIC(INTERSECTIONS ONLY),1,60932,Cross intersection,2,50,Local Road,CORNISH,HUME,-37.577335,144.7241,2022,4,April,16,Afternoon Peak,Weekday
T20220008870,2022-04-04,10:45:00,8,No collision and no object struck,1,Monday,199,UNKNOWN-NO DETAILS ON MANOEUVRES OF ROAD-USERS IN ACCIDENT,1,711949,Not at intersection,3,100,Freeway,MORNINGTON PENINSULA,DANDENONG,-38.042004,145.14136,2022,4,April,10,Midday,Weekday
T20220007526,2022-04-04,14:35:00,1,Collision with vehicle,1,Monday,148,VEHICLE OFF FOOTPATH STRIKES VEH ON CARRIAGEWAY,1,711600,Cross intersection,3,60,Arterial Highway,COBB HIGHWAY -HEYGARTH,CAMPASPE,-36.124943,144.7522,2022,4,April,14,Midday,Weekday
T20220007523,2022-04-04,13:10:00,1,Collision with vehicle,1,Monday,121,RIGHT THROUGH,1,51675,T intersection,2,100,Arterial Highway,CALDER ALTERNATIVE,BENDIGO,-36.769848,144.13486,2022,4,April,13,Midday,Weekday
T20220007512,2022-04-04,11:19:00,4,Collision with a fixed object,1,Monday,171,LEFT OFF CARRIAGEWAY INTO OBJECT/PARKED VEHICLE,1,724294,Not at intersection,2,100,Local Road,MAIN SOUTH,BAW BAW,-38.19578,145.84683,2022,4,April,11,Midday,Weekday
T20220007498,2022-04-04,06:55:00,1,Collision with vehicle,1,Monday,113,RIGHT NEAR (INTERSECTIONS ONLY),1,722008,T intersection,3,50,Local Road,STRATHMERTON,DAREBIN,-37.71721,145.02036,2022,4,April,6,Morning Peak,Weekday
T20220007503,2022-04-04,07:42:00,4,Collision with a fixed object,1,Monday,181,OFF RIGHT BEND INTO OBJECT/PARKED VEHICLE,1,708772,Not at intersection,2,60,Local Road,CITY VISTA,MELTON,-37.714752,144.72673,2022,4,April,7,Morning Peak,Weekday
T20220007538,2022-04-04,17:44:00,1,Collision with vehicle,1,Monday,148,VEHICLE OFF FOOTPATH STRIKES VEH ON CARRIAGEWAY,2,708873,Cross intersection,3,40,Local Road,AMESS,MORELAND,-37.77976,144.9747,2022,4,April,17,Afternoon Peak,Weekday
T20220008098,2022-04-04,08:20:00,1,Collision with vehicle,1,Monday,130,REAR END(VEHICLES IN SAME LANE),1,774201,Not at intersection,3,100,Freeway,PRINCES,HOBSONS BAY,-37.85107,144.77956,2022,4,April,8,Morning Peak,Weekday
T20220009989,2022-04-04,16:00:00,8,No collision and no object struck,1,Monday,179,OTHER ACCIDENTS-OFF STRAIGHT NOT INCLUDED IN DCAs 170-175,1,711633,Not at intersection,3,60,Arterial Other,HUNTINGDALE,MONASH,-37.874207,145.11055,2022,4,April,16,Afternoon Peak,Weekday
T20220007569,2022-04-04,18:40:00,1,Collision with vehicle,1,Monday,130,REAR END(VEHICLES IN SAME LANE),3,718415,Not at intersection,2,60,Arterial Other,MELVILLE,MORELAND,-37.757683,144.94505,2022,4,April,18,Afternoon Peak,Weekday
T20220007499,2022-04-04,08:30:00,1,Collision with vehicle,1,Monday,130,REAR END(VEHICLES IN SAME LANE),1,71410,T intersection,2,60,Arterial Other,THOMPSON,GEELONG,-38.09297,144.34686,2022,4,April,8,Morning Peak,Weekday
T20220007585,2022-04-05,08:00:00,3,Struck animal,2,Tuesday,167,STRUCK ANIMAL,1,710578,Not at intersection,3,100,Local Road,BRIGGS GAP,TOWONG,-36.168934,147.8507,2022,4,April,8,Morning Peak,Weekday
T20220007615,2022-04-05,11:14:00,4,Collision with a fixed object,2,Tuesday,173,RIGHT OFF CARRIAGEWAY INTO OBJECT/PARKED VEHICLE,1,714206,Not at intersection,1,80,Arterial Highway,PRINCES,DANDENONG,-37.968876,145.1963,2022,4,April,11,Midday,Weekday
T20220007590,2022-04-05,10:00:00,2,Struck Pedestrian,2,Tuesday,102,FAR SIDE. PED HIT BY VEHICLE FROM THE LEFT,1,708775,Not at intersection,2,50,Local Road,GORDON,GLEN EIRA,-37.879387,145.00052,2022,4,April,10,Midday,Weekday
T20220007662,2022-04-05,19:00:00,1,Collision with vehicle,2,Tuesday,112,LEFT FAR (INTERSECTIONS ONLY),3,47637,Cross intersection,2,50,Local Road,DUMFRIES,BRIMBANK,-37.762238,144.77135,2022,4,April,19,Night,Weekday
T20220007642,2022-04-05,16:30:00,1,Collision with vehicle,2,Tuesday,132,RIGHT REAR.,1,37076,T intersection,2,60,Arterial Other,KANGAROO GROUND-ST ANDREWS,NILLUMBIK,-37.687954,145.21625,2022,4,April,16,Afternoon Peak,Weekday
T20220007658,2022-04-05,17:50:00,4,Collision with a fixed object,2,Tuesday,173,RIGHT OFF CARRIAGEWAY INTO OBJECT/PARKED VEHICLE,2,711950,Not at intersection,2,100,Arterial Other,BROADFORD-KILMORE,MITCHELL,-37.25609,144.96828,2022,4,April,17,Afternoon Peak,Weekday
T20220007606,2022-04-05,13:19:00,1,Collision with vehicle,2,Tuesday,131,LEFT REAR,1,708877,Not at intersection,2,60,Arterial Other,MOUNTAIN,KNOX,-37.856068,145.31586,2022,4,April,13,Midday,Weekday
T20220007603,2022-04-05,13:44:00,1,Collision with vehicle,2,Tuesday,110,CROSS TRAFFIC(INTERSECTIONS ONLY),1,62084,Cross intersection,3,60,Local Road,BOTHA,DAREBIN,-37.703938,145.00035,2022,4,April,13,Midday,Weekday
T20220007632,2022-04-05,14:30:00,1,Collision with vehicle,2,Tuesday,113,RIGHT NEAR (INTERSECTIONS ONLY),1,338047,T intersection,2,70,Arterial Other,FERNTREE GULLY,MONASH,-37.90081,145.13835,2022,4,April,14,Midday,Weekday
T20220007653,2022-04-05,16:20:00,1,Collision with vehicle,2,Tuesday,130,REAR END(VEHICLES IN SAME LANE),1,774279,Not at intersection,3,100,Freeway,PRINCES,WYNDHAM,-37.83186,144.81172,2022,4,April,16,Afternoon Peak,Weekday
T20220007599,2022-04-05,09:45:00,1,Collision with vehicle,2,Tuesday,163,VEHICLE STRIKES DOOR OF PARKED/STATIONARY VEHICLE,1,708876,Not at intersection,3,40,Local Road,ELIZABETH,MELBOURNE,-37.81472,144.96338,2022,4,April,9,Morning Peak,Weekday
T20220007843,2022-04-05,17:05:00,1,Collision with vehicle,2,Tuesday,163,VEHICLE STRIKES DOOR OF PARKED/STATIONARY VEHICLE,2,709154,Not at intersection,3,40,Arterial Other,SYDNEY,MORELAND,-37.742268,144.96643,2022,4,April,17,Afternoon Peak,Weekday
T20220007637,2022-04-05,14:54:00,1,Collision with vehicle,2,Tuesday,130,REAR END(VEHICLES IN SAME LANE),1,714067,Not at intersection,2,80,Freeway,MONASH,STONNINGTON,-37.86649,145.06146,2022,4,April,14,Midday,Weekday
T20220007816,2022-04-05,14:20:00,1,Collision with vehicle,2,Tuesday,131,LEFT REAR,1,42474,T intersection,3,80,Arterial Highway,DANDENONG,MONASH,-37.925774,145.14543,2022,4,April,14,Midday,Weekday
T20220007638,2022-04-05,16:28:00,1,Collision with vehicle,2,Tuesday,113,RIGHT NEAR (INTERSECTIONS ONLY),1,55417,Unknown,2,80,Arterial Highway,PRINCES,LATROBE,-38.20542,146.51027,2022,4,April,16,Afternoon Peak,Weekday
T20220007716,2022-04-05,15:50:00,1,Collision with vehicle,2,Tuesday,130,REAR END(VEHICLES IN SAME LANE),1,718681,Not at intersection,3,60,Arterial Highway,SMITHFIELD,MELBOURNE,-37.790813,144.92041,2022,4,April,15,Afternoon Peak,Weekday
T20220008386,2022-04-05,17:45:00,6,Vehicle overturned (no collision),2,Tuesday,170,OFF CARRIAGEWAY TO LEFT,1,710121,Not at intersection,2,100,Arterial Other,HEATHCOTE-NAGAMBIE,STRATHBOGIE,-36.812775,144.97977,2022,4,April,17,Afternoon Peak,Weekday
T20220008379,2022-04-05,10:30:00,1,Collision with vehicle,2,Tuesday,113,RIGHT NEAR (INTERSECTIONS ONLY),1,679697,T intersection,3,70,Local Road,HENRY,CARDINIA,-38.08428,145.45653,2022,4,April,10,Midday,Weekday
T20220007579,2022-04-05,07:00:00,1,Collision with vehicle,2,Tuesday,130,REAR END(VEHICLES IN SAME LANE),1,708774,Not at intersection,3,80,Arterial Highway,BURWOOD,KNOX,-37.884335,145.28235,2022,4,April,7,Morning Peak,Weekday
T20220007647,2022-04-05,18:03:00,8,No collision and no object struck,2,Tuesday,174,OUT OF CONTROL ON CARRIAGEWAY (ON STRAIGHT),2,38051,Cross intersection,3,60,Arterial Other,HEIDELBERG,DAREBIN,-37.7834,145.01738,2022,4,April,18,Afternoon Peak,Weekday
T20220007633,2022-04-05,12:30:00,1,Collision with vehicle,2,Tuesday,132,RIGHT REAR.,1,36872,Cross intersection,3,60,Arterial Other,CITY,MELBOURNE,-37.826782,144.9591,2022,4,April,12,Midday,Weekday
T20220008638,2022-04-05,19:30:00,2,Struck Pedestrian,2,Tuesday,102,FAR SIDE. PED HIT BY VEHICLE FROM THE LEFT,5,715324,Cross intersection,3,50,Local Road,ANSTRUTHER,CAMPASPE,-36.12666,144.74754,2022,4,April,19,Night,Weekday
T20220007701,2022-04-05,16:30:00,1,Collision with vehicle,2,Tuesday,132,RIGHT REAR.,1,708880,Not at intersection,3,60,Arterial Other,PARA,BANYULE,-37.71512,145.11536,2022,4,April,16,Afternoon Peak,Weekday
T20220008306,2022-04-05,17:15:00,1,Collision with vehicle,2,Tuesday,121,RIGHT THROUGH,1,37115,Cross intersection,3,50,Local Road,ELIZABETH,YARRA,-37.811188,144.99365,2022,4,April,17,Afternoon Peak,Weekday
T20220007770,2022-04-05,15:10:00,1,Collision with vehicle,2,Tuesday,121,RIGHT THROUGH,1,708969,Not at intersection,3,60,Arterial Other,YORK,YARRA RANGES,-37.786648,145.38055,2022,4,April,15,Afternoon Peak,Weekday
T20220007627,2022-04-05,15:10:00,1,Collision with vehicle,2,Tuesday,110,CROSS TRAFFIC(INTERSECTIONS ONLY),1,58440,Cross intersection,3,50,Local Road,MCNALLY,MOIRA,-36.01504,146.00168,2022,4,April,15,Afternoon Peak,Weekday
T20220008361,2022-04-05,07:45:00,1,Collision with vehicle,2,Tuesday,130,REAR END(VEHICLES IN SAME LANE),2,774206,Not at intersection,3,80,Arterial Other,HOPKINS,MELTON,-37.80432,144.69604,2022,4,April,7,Morning Peak,Weekday
T20220007626,2022-04-05,15:14:00,1,Collision with vehicle,2,Tuesday,121,RIGHT THROUGH,1,42214,T intersection,2,70,Arterial Other,SOUTH,GLEN EIRA,-37.934605,145.04832,2022,4,April,15,Afternoon Peak,Weekday
T20220007651,2022-04-05,17:32:00,1,Collision with vehicle,2,Tuesday,110,CROSS TRAFFIC(INTERSECTIONS ONLY),1,43942,Cross intersection,2,100,Arterial Highway,DANDENONG-HASTINGS,FRANKSTON,-38.19331,145.21715,2022,4,April,17,Afternoon Peak,Weekday
T20220007654,2022-04-05,17:20:00,1,Collision with vehicle,2,Tuesday,113,RIGHT NEAR (INTERSECTIONS ONLY),1,29818,Cross intersection,3,60,Arterial Other,MELBOURNE,WODONGA,-36.114845,146.86862,2022,4,April,17,Afternoon Peak,Weekday
T20220007687,2022-04-06,07:23:00,1,Collision with vehicle,3,Wednesday,113,RIGHT NEAR (INTERSECTIONS ONLY),1,44946,T intersection,2,70,Arterial Other,BALLARAT,BRIMBANK,-37.77306,144.80174,2022,4,April,7,Morning Peak,Weekday
T20220008279,2022-04-06,07:46:00,1,Collision with vehicle,3,Wednesday,130,REAR END(VEHICLES IN SAME LANE),1,69132,Multiple intersection,3,80,Arterial Highway,NEPEAN,BAYSIDE,-37.9064,145.00838,2022,4,April,7,Morning Peak,Weekday
T20220007693,2022-04-06,08:39:00,1,Collision with vehicle,3,Wednesday,135,LANE CHANGE LEFT (NOT OVERTAKING),1,714176,Not at intersection,3,100,Freeway,WESTERN RING,BRIMBANK,-37.718266,144.87192,2022,4,April,8,Morning Peak,Weekday
T20220007717,2022-04-06,14:00:00,4,Collision with a fixed object,3,Wednesday,181,OFF RIGHT BEND INTO OBJECT/PARKED VEHICLE,1,709424,Not at intersection,2,100,Local Road,PITTONG-SNAKE VALLEY,PYRENEES,-37.64152,143.52759,2022,4,April,14,Midday,Weekday
T20220007679,2022-04-06,06:20:00,1,Collision with vehicle,3,Wednesday,135,LANE CHANGE LEFT (NOT OVERTAKING),2,711951,Not at intersection,2,100,Freeway,WESTERN,MELTON,-37.7315,144.66559,2022,4,April,6,Morning Peak,Weekday
T20220007671,2022-04-06,04:00:00,8,No collision and no object struck,3,Wednesday,170,OFF CARRIAGEWAY TO LEFT,3,711952,Not at intersection,3,60,Arterial Highway,ALEXANDRA,MELBOURNE,-37.82151,144.97342,2022,4,April,4,Late Night,Weekday
T20220008402,2022-04-06,06:00:00,1,Collision with vehicle,3,Wednesday,130,REAR END(VEHICLES IN SAME LANE),9,719295,Not at intersection,3,80,Freeway,MONASH,MONASH,-37.897606,145.14838,2022,4,April,6,Morning Peak,Weekday
T20220007806,2022-04-06,17:55:00,8,No collision and no object struck,3,Wednesday,172,OFF CARRIAGEWAY TO RIGHT,2,52183,T intersection,3,80,Arterial Other,TRARALGON WEST,LATROBE,-38.188934,146.48698,2022,4,April,17,Afternoon Peak,Weekday
T20220007941,2022-04-06,08:30:00,1,Collision with vehicle,3,Wednesday,110,CROSS TRAFFIC(INTERSECTIONS ONLY),1,36627,Cross intersection,3,40,Local Road,SACKVILLE,YARRA,-37.798573,144.98746,2022,4,April,8,Morning Peak,Weekday
T20220007670,2022-04-06,02:00:00,1,Collision with vehicle,3,Wednesday,110,CROSS TRAFFIC(INTERSECTIONS ONLY),3,705416,Cross intersection,2,80,Freeway,PRINCES,DANDENONG,-38.003597,145.251,2022,4,April,2,Late Night,Weekday
T20220008397,2022-04-06,15:30:00,1,Collision with vehicle,3,Wednesday,111,RIGHT FAR (INTERSECTIONS ONLY),1,67213,T intersection,3,60,Arterial Other,MALVERN,STONNINGTON,-37.850082,145.01828,2022,4,April,15,Afternoon Peak,Weekday
T20220007682,2022-04-06,06:00:00,1,Collision with vehicle,3,Wednesday,113,RIGHT NEAR (INTERSECTIONS ONLY),3,50347,T intersection,2,100,Arterial Highway,SOUTH GIPPSLAND,SOUTH GIPPSLAND,-38.343082,145.645,2022,4,April,6,Morning Peak,Weekday
T20220009311,2022-04-06,18:05:00,1,Collision with vehicle,3,Wednesday,130,REAR END(VEHICLES IN SAME LANE),2,715603,Not at intersection,3,60,Local Road,BOURKE,KINGSTON,-37.941093,145.10133,2022,4,April,18,Afternoon Peak,Weekday
T20220007703,2022-04-06,07:48:00,2,Struck Pedestrian,3,Wednesday,100,PED NEAR SIDE. PED HIT BY VEHICLE FROM THE RIGHT.,1,774198,Not at intersection,3,70,Arterial Highway,BURWOOD,WHITEHORSE,-37.850594,145.119,2022,4,April,7,Morning Peak,Weekday
T20220010099,2022-04-06,09:30:00,1,Collision with vehicle,3,Wednesday,142,LEAVING PARKING,1,713154,Not at intersection,3,40,Local Road,GLEN HUNTLY,GLEN EIRA,-37.88573,145.0124,2022,4,April,9,Morning Peak,Weekday
T20220007672,2022-04-06,05:10:00,1,Collision with vehicle,3,Wednesday,135,LANE CHANGE LEFT (NOT OVERTAKING),3,708878,Not at intersection,3,80,Freeway,WEST GATE,MARIBYRNONG,-37.8242,144.86613,2022,4,April,5,Morning Peak,Weekday
T20220007726,2022-04-06,15:47:00,1,Collision with vehicle,3,Wednesday,110,CROSS TRAFFIC(INTERSECTIONS ONLY),1,51627,Cross intersection,2,60,Arterial Highway,HIGH,BENDIGO,-36.7611,144.27359,2022,4,April,15,Afternoon Peak,Weekday
T20220007727,2022-04-06,15:59:00,1,Collision with vehicle,3,Wednesday,121,RIGHT THROUGH,1,653754,Not at intersection,2,80,Arterial Highway,BELLARINE,GEELONG,-38.180332,144.42679,2022,4,April,15,Afternoon Peak,Weekday
T20220007781,2022-04-06,12:00:00,1,Collision with vehicle,3,Wednesday,130,REAR END(VEHICLES IN SAME LANE),1,29816,Cross intersection,3,60,Arterial Other,BALLARAT,BRIMBANK,-37.777145,144.8287,2022,4,April,12,Midday,Weekday
T20220008134,2022-04-06,16:00:00,1,Collision with vehicle,3,Wednesday,130,REAR END(VEHICLES IN SAME LANE),1,709433,Not at intersection,3,60,Arterial Other,RATHMINES,BOROONDARA,-37.821373,145.05844,2022,4,April,16,Afternoon Peak,Weekday
T20220008940,2022-04-06,17:25:00,1,Collision with vehicle,3,Wednesday,130,REAR END(VEHICLES IN SAME LANE),2,29904,T intersection,3,80,Freeway,BURNLEY TUNNEL -WEST GATE,MELBOURNE,-37.827213,144.9629,2022,4,April,17,Afternoon Peak,Weekday
T20220007729,2022-04-06,17:45:00,1,Collision with vehicle,3,Wednesday,121,RIGHT THROUGH,2,708965,T intersection,3,80,Arterial Other,OLD SALE,BAW BAW,-38.090473,145.84444,2022,4,April,17,Afternoon Peak,Weekday
T20220008192,2022-04-06,16:30:00,1,Collision with vehicle,3,Wednesday,153,CUTTING IN (OVERTAKING),1,710146,Not at intersection,3,70,Arterial Other,MT DANDENONG,MAROONDAH,-37.809093,145.24861,2022,4,April,16,Afternoon Peak,Weekday
T20220007686,2022-04-06,09:00:00,1,Collision with vehicle,3,Wednesday,130,REAR END(VEHICLES IN SAME LANE),1,774240,Not at intersection,3,70,Arterial Other,KING,MANNINGHAM,-37.770435,145.1321,2022,4,April,9,Morning Peak,Weekday
T20220007840,2022-04-06,22:30:00,1,Collision with vehicle,3,Wednesday,135,LANE CHANGE LEFT (NOT OVERTAKING),3,709222,Not at intersection,3,60,Arterial Other,WAVERLEY,MONASH,-37.886963,145.14743,2022,4,April,22,Night,Weekday
T20220007733,2022-04-06,17:00:00,1,Collision with vehicle,3,Wednesday,121,RIGHT THROUGH,1,29401,Cross intersection,3,40,Arterial Other,JOHNSTON,YARRA,-37.79846,144.97958,2022,4,April,17,Afternoon Peak,Weekday
T20220007668,2022-04-06,01:02:00,1,Collision with vehicle,3,Wednesday,110,CROSS TRAFFIC(INTERSECTIONS ONLY),3,304121,Cross intersection,3,60,Arterial Highway,GEELONG,MARIBYRNONG,-37.794567,144.90039,2022,4,April,1,Late Night,Weekday
T20220011774,2022-04-06,15:30:00,1,Collision with vehicle,3,Wednesday,121,RIGHT THROUGH,1,327944,T intersection,3,80,Arterial Other,CLYDE,CASEY,-38.057705,145.33885,2022,4,April,15,Afternoon Peak,Weekday
T20220007777,2022-04-06,08:50:00,1,Collision with vehicle,3,Wednesday,130,REAR END(VEHICLES IN SAME LANE),1,716054,Not at intersection,3,60,Arterial Highway,ST GEORGES,DAREBIN,-37.766365,144.99203,2022,4,April,8,Morning Peak,Weekday
T20220007751,2022-04-06,17:18:00,1,Collision with vehicle,3,Wednesday,123,RIGHT/LEFT. ONE VEH TURNING RIGHT THE OTHER LEFT.,1,37890,T intersection,3,60,Arterial Highway,BELL,DAREBIN,-37.7442,144.99394,2022,4,April,17,Afternoon Peak,Weekday
T20220007746,2022-04-06,18:15:00,8,No collision and no object struck,3,Wednesday,172,OFF CARRIAGEWAY TO RIGHT,2,774199,Not at intersection,2,80,Local Road,CREAMERY,GEELONG,-38.097862,144.30998,2022,4,April,18,Afternoon Peak,Weekday
T20220007739,2022-04-06,16:50:00,1,Collision with vehicle,3,Wednesday,130,REAR END(VEHICLES IN SAME LANE),1,708967,Not at intersection,2,80,Freeway,TULLAMARINE,HUME,-37.64938,144.84143,2022,4,April,16,Afternoon Peak,Weekday
T20220007709,2022-04-06,14:00:00,1,Collision with vehicle,3,Wednesday,110,CROSS TRAFFIC(INTERSECTIONS ONLY),1,69142,Cross intersection,3,50,Local Road,DURRANT,BAYSIDE,-37.906734,145.0009,2022,4,April,14,Midday,Weekday
T20220007715,2022-04-06,05:30:00,1,Collision with vehicle,3,Wednesday,113,RIGHT NEAR (INTERSECTIONS ONLY),3,70260,T intersection,3,60,Arterial Other,BEACH,BAYSIDE,-37.96674,145.01225,2022,4,April,5,Morning Peak,Weekday
T20220007735,2022-04-06,17:58:00,1,Collision with vehicle,3,Wednesday,136,RIGHT TURN SIDESWIPE,3,65962,T intersection,3,40,Local Road,BOURKE,MELBOURNE,-37.81601,144.95705,2022,4,April,17,Afternoon Peak,Weekday
T20220016213,2022-04-07,21:25:00,1,Collision with vehicle,4,Thursday,121,RIGHT THROUGH,9,52284,T intersection,3,40,Arterial Other,COMMERCIAL ROAD -MORWELL-TRARALGON,LATROBE,-38.239292,146.40442,2022,4,April,21,Night,Weekday
T20220008230,2022-04-07,13:00:00,2,Struck Pedestrian,4,Thursday,101,PED EMERGES FROM IN FRONT OF PARKED OR STATIONARY VEHICLE,1,242703,Not at intersection,3,40,Local Road,ELIZABETH,MELBOURNE,-37.8169,144.96439,2022,4,April,13,Midday,Weekday
T20220009302,2022-04-07,16:00:00,4,Collision with a fixed object,4,Thursday,164,PERMANENT OBSTRUCTION ON CARRIAGEWAY,1,256435,Cross intersection,3,70,Arterial Highway,DANDENONG,STONNINGTON,-37.860855,145.01562,2022,4,April,16,Afternoon Peak,Weekday
T20220007769,2022-04-07,08:09:00,1,Collision with vehicle,4,Thursday,121,RIGHT THROUGH,1,226313,T intersection,3,70,Arterial Highway,PLENTY,DAREBIN,-37.71295,145.04599,2022,4,April,8,Morning Peak,Weekday
T20220007881,2022-04-07,09:20:00,1,Collision with vehicle,4,Thursday,130,REAR END(VEHICLES IN SAME LANE),1,711601,Not at intersection,3,80,Arterial Highway,WELLINGTON,MONASH,-37.91902,145.16135,2022,4,April,9,Morning Peak,Weekday
T20220009476,2022-04-07,19:58:00,1,Collision with vehicle,4,Thursday,130,REAR END(VEHICLES IN SAME LANE),3,711409,Not at intersection,3,50,Local Road,BLAIR,HUME,-37.67526,144.92969,2022,4,April,19,Night,Weekday
T20220007863,2022-04-07,13:45:00,8,No collision and no object struck,4,Thursday,174,OUT OF CONTROL ON CARRIAGEWAY (ON STRAIGHT),1,710085,Cross intersection,3,50,Local Road,IAN,MONASH,-37.89476,145.11435,2022,4,April,13,Midday,Weekday
T20220007861,2022-04-07,11:25:00,3,Struck animal,4,Thursday,167,STRUCK ANIMAL,1,711513,Not at intersection,2,100,Arterial Highway,MURRAY VALLEY,MOIRA,-36.023117,146.14156,2022,4,April,11,Midday,Weekday
T20220007847,2022-04-07,22:31:00,1,Collision with vehicle,4,Thursday,160,VEHICLE COLLIDES WITH VEHICLE PARKED ON LEFT OF ROAD,3,713231,Not at intersection,3,50,Local Road,PALMER,WYNDHAM,-37.8941,144.73466,2022,4,April,22,Night,Weekday
T20220007842,2022-04-07,16:25:00,1,Collision with vehicle,4,Thursday,130,REAR END(VEHICLES IN SAME LANE),1,714177,Not at intersection,2,100,Local Road,COHUNA-MCMILLANS,GANNAWARRA,-35.818047,144.19731,2022,4,April,16,Afternoon Peak,Weekday
T20220007839,2022-04-07,16:20:00,1,Collision with vehicle,4,Thursday,130,REAR END(VEHICLES IN SAME LANE),1,713232,Not at intersection,3,40,Arterial Other,GEELONG-BACCHUS MARSH,MOORABOOL,-37.75893,144.44124,2022,4,April,16,Afternoon Peak,Weekday
T20220007835,2022-04-07,12:20:00,2,Struck Pedestrian,4,Thursday,102,FAR SIDE. PED HIT BY VEHICLE FROM THE LEFT,1,715160,Cross intersection,1,60,Arterial Other,SYDNEY,MORELAND,-37.727512,144.96368,2022,4,April,12,Midday,Weekday
T20220007834,2022-04-07,10:30:00,1,Collision with vehicle,4,Thursday,140,U TURN,1,708975,T intersection,3,70,Arterial Highway,NORTH,MONASH,-37.91316,145.11496,2022,4,April,10,Midday,Weekday
T20220007833,2022-04-07,15:29:00,2,Struck Pedestrian,4,Thursday,100,PED NEAR SIDE. PED HIT BY VEHICLE FROM THE RIGHT.,1,709099,T intersection,2,50,Local Road,GRENVILLE,BALLARAT,-37.560192,143.8611,2022,4,April,15,Afternoon Peak,Weekday
T20220007827,2022-04-07,14:09:00,4,Collision with a fixed object,4,Thursday,181,OFF RIGHT BEND INTO OBJECT/PARKED VEHICLE,1,718138,Not at intersection,2,100,Arterial Other,PENSHURST-WARRNAMBOOL,MOYNE,-38.208073,142.31389,2022,4,April,14,Midday,Weekday
T20220007825,2022-04-07,17:00:00,1,Collision with vehicle,4,Thursday,147,VEHICLE STRIKES ANOTHER VEH WHILE EMERGING FROM DRIVEWAY,1,708974,Not at intersection,3,40,Local Road,BREED,LATROBE,-38.19882,146.53288,2022,4,April,17,Afternoon Peak,Weekday
T20220007812,2022-04-07,06:32:00,4,Collision with a fixed object,4,Thursday,173,RIGHT OFF CARRIAGEWAY INTO OBJECT/PARKED VEHICLE,1,712380,Not at intersection,3,100,Arterial Highway,PRINCES,EAST GIPPSLAND,-37.749783,148.36705,2022,4,April,6,Morning Peak,Weekday
T20220016183,2022-04-07,19:00:00,1,Collision with vehicle,4,Thursday,130,REAR END(VEHICLES IN SAME LANE),3,724065,Not at intersection,3,70,Arterial Highway,NORTH,GLEN EIRA,-37.90502,145.04803,2022,4,April,19,Night,Weekday
T20220007811,2022-04-07,14:50:00,1,Collision with vehicle,4,Thursday,110,CROSS TRAFFIC(INTERSECTIONS ONLY),1,19424,Cross intersection,3,60,Arterial Other,HOLMES,BENDIGO,-36.74357,144.27423,2022,4,April,14,Midday,Weekday
T20230017802,2022-04-07,16:30:00,1,Collision with vehicle,4,Thursday,110,CROSS TRAFFIC(INTERSECTIONS ONLY),1,29970,Cross intersection,3,50,Arterial Highway,WYNDHAM,SHEPPARTON,-36.376972,145.40016,2022,4,April,16,Afternoon Peak,Weekday
T20220007790,2022-04-07,12:49:00,2,Struck Pedestrian,4,Thursday,100,PED NEAR SIDE. PED HIT BY VEHICLE FROM THE RIGHT.,1,709073,T intersection,2,60,Arterial Other,PARA,BANYULE,-37.703194,145.10684,2022,4,April,12,Midday,Weekday
T20220008662,2022-04-07,08:30:00,1,Collision with vehicle,4,Thursday,130,REAR END(VEHICLES IN SAME LANE),1,710097,T intersection,2,60,Arterial Other,CEMETERY,MELBOURNE,-37.793167,144.9653,2022,4,April,8,Morning Peak,Weekday
T20230006908,2022-04-07,07:20:00,1,Collision with vehicle,4,Thursday,110,CROSS TRAFFIC(INTERSECTIONS ONLY),2,43662,Cross intersection,3,60,Arterial Other,GAP,HUME,-37.578457,144.71011,2022,4,April,7,Morning Peak,Weekday