ACCIDENT_NO,ACCIDENT_DATE,ACCIDENT_TIME,ACCIDENT_TYPE,ACCIDENT_TYPE_DESC,DAY_OF_WEEK,DAY_WEEK_DESC,DCA_CODE,DCA_DESC,LIGHT_CONDITION,NODE_ID,ROAD_GEOMETRY_DESC,SEVERITY,SPEED_ZONE,RMA,ROAD_NAME,LGA_NAME,LATITUDE,LONGITUDE,YEAR,MONTH,MONTH_NAME,HOUR,TIME_PERIOD,DAY_TYPE
T20220007785,2022-04-07,09:51:00,1,Collision with vehicle,4,Thursday,130,REAR END(VEHICLES IN SAME LANE),1,774931,Not at intersection,3,80,Freeway,MONASH,MONASH,-37.907116,145.15855,2022,4,April,9,Morning Peak,Weekday
T20230001673,2022-04-07,09:45:00,1,Collision with vehicle,4,Thursday,137,LEFT TURN SIDESWIPE,1,751255,Not at intersection,3,60,Arterial Other,ROYAL,MELBOURNE,-37.78482,144.95938,2022,4,April,9,Morning Peak,Weekday
T20220007780,2022-04-07,09:12:00,1,Collision with vehicle,4,Thursday,113,RIGHT NEAR (INTERSECTIONS ONLY),1,29611,T intersection,3,60,Arterial Other,HIGH,BOROONDARA,-37.862804,145.07457,2022,4,April,9,Morning Peak,Weekday
T20220007772,2022-04-07,09:09:00,1,Collision with vehicle,4,Thursday,130,REAR END(VEHICLES IN SAME LANE),1,709153,Not at intersection,3,80,Arterial Other,FERNTREE GULLY,KNOX,-37.902164,145.21667,2022,4,April,9,Morning Peak,Weekday
T20220008359,2022-04-07,06:43:00,1,Collision with vehicle,4,Thursday,152,PULLING OUT (OVERTAKING),1,710095,Not at intersection,3,80,Local Road,GRAYDENS,MORNINGTON PENINSULA,-38.284668,145.15417,2022,4,April,6,Morning Peak,Weekday
T20220007771,2022-04-07,08:50:00,2,Struck Pedestrian,4,Thursday,109,ANY MANOEUVRE INVOLVING PED NOT INCLUDED IN DCAs 100-108.,1,782052,Not at intersection,3,40,Local Road,BOURKE,MELBOURNE,-37.812187,144.97021,2022,4,April,8,Morning Peak,Weekday
T20220007761,2022-04-07,06:02:00,1,Collision with vehicle,4,Thursday,116,LEFT NEAR (INTERSECTIONS ONLY),2,326111,T intersection,2,70,Local Road,SAYERS,WYNDHAM,-37.847443,144.67892,2022,4,April,6,Morning Peak,Weekday
T20220025378,2022-04-07,15:00:00,2,Struck Pedestrian,4,Thursday,106,VEH STRIKES PED ON FOOTPATH/MEDIAN/TRAFFIC ISLAND.,1,743037,Not at intersection,3,60,Arterial Other,DYNON,MELBOURNE,-37.80284,144.92693,2022,4,April,15,Afternoon Peak,Weekday
T20220008260,2022-04-08,16:45:00,1,Collision with vehicle,5,Friday,147,VEHICLE STRIKES ANOTHER VEH WHILE EMERGING FROM DRIVEWAY,1,712153,Not at intersection,3,60,Arterial Other,PASCOE VALE,MOONEE VALLEY,-37.760937,144.92598,2022,4,April,16,Afternoon Peak,Weekday
T20220007875,2022-04-08,08:30:00,1,Collision with vehicle,5,Friday,115,RIGHT/LEFT FAR (INTERSECTIONS ONLY),1,714969,T intersection,3,50,Local Road,BLACK,DAREBIN,-37.709236,145.02028,2022,4,April,8,Morning Peak,Weekday
T20220007868,2022-04-08,08:23:00,1,Collision with vehicle,5,Friday,121,RIGHT THROUGH,1,709077,T intersection,2,60,Local Road,EMU,MARIBYRNONG,-37.77913,144.87486,2022,4,April,8,Morning Peak,Weekday
T20220007865,2022-04-08,09:50:00,1,Collision with vehicle,5,Friday,143,ENTERING PARKING,1,709076,Not at intersection,2,40,Local Road,RUSSELL,MELBOURNE,-37.813282,144.96832,2022,4,April,9,Morning Peak,Weekday
T20220007927,2022-04-08,17:24:00,1,Collision with vehicle,5,Friday,147,VEHICLE STRIKES ANOTHER VEH WHILE EMERGING FROM DRIVEWAY,2,709276,Not at intersection,2,60,Arterial Other,HIGHBURY,MONASH,-37.855213,145.11134,2022,4,April,17,Afternoon Peak,Weekday
T20220014232,2022-04-08,08:00:00,1,Collision with vehicle,5,Friday,130,REAR END(VEHICLES IN SAME LANE),1,716688,Cross intersection,3,80,Arterial Highway,RINGWOOD,MAROONDAH,-37.810715,145.23073,2022,4,April,8,Morning Peak,Weekday
T20220007924,2022-04-08,14:30:00,1,Collision with vehicle,5,Friday,120,HEAD ON (NOT OVERTAKING),1,774932,Not at intersection,3,60,Arterial Other,BARRY,HUME,-37.664165,144.92542,2022,4,April,14,Midday,Weekday
T20220007856,2022-04-08,06:48:00,1,Collision with vehicle,5,Friday,130,REAR END(VEHICLES IN SAME LANE),1,709075,Not at intersection,3,80,Freeway,MONASH,MONASH,-37.91384,145.16672,2022,4,April,6,Morning Peak,Weekday
T20220008332,2022-04-08,15:00:00,1,Collision with vehicle,5,Friday,132,RIGHT REAR.,1,62575,T intersection,3,60,Arterial Other,MAIN,BANYULE,-37.725716,145.11588,2022,4,April,15,Afternoon Peak,Weekday
T20220007919,2022-04-08,19:22:00,2,Struck Pedestrian,5,Friday,102,FAR SIDE. PED HIT BY VEHICLE FROM THE LEFT,3,744769,Not at intersection,2,50,Local Road,BELLBROOK,DANDENONG,-37.952038,145.2169,2022,4,April,19,Night,Weekday
T20220007880,2022-04-08,10:45:00,1,Collision with vehicle,5,Friday,169,OTHER ON PATH,1,709080,Not at intersection,2,50,Local Road,BRIAN,GLEN EIRA,-37.924812,145.05225,2022,4,April,10,Midday,Weekday
T20220007879,2022-04-08,07:30:00,2,Struck Pedestrian,5,Friday,101,PED EMERGES FROM IN FRONT OF PARKED OR STATIONARY VEHICLE,1,715451,Not at intersection,3,50,Local Road,DWYER,HUME,-37.53393,144.95586,2022,4,April,7,Morning Peak,Weekday
T20220007876,2022-04-08,12:30:00,1,Collision with vehicle,5,Friday,130,REAR END(VEHICLES IN SAME LANE),1,714597,Not at intersection,2,60,Arterial Other,BULLA,MOONEE VALLEY,-37.74166,144.90852,2022,4,April,12,Midday,Weekday
T20220007929,2022-04-08,23:17:00,1,Collision with vehicle,5,Friday,113,RIGHT NEAR (INTERSECTIONS ONLY),5,709301,Cross intersection,2,100,Arterial Other,FYANSFORD-GHERINGHAP,GEELONG,-38.11295,144.26439,2022,4,April,23,Night,Weekday
T20220007931,2022-04-08,21:55:00,2,Struck Pedestrian,5,Friday,100,PED NEAR SIDE. PED HIT BY VEHICLE FROM THE RIGHT.,5,709157,Cross intersection,2,50,Local Road,YARRA,GEELONG,-38.162308,144.35667,2022,4,April,21,Night,Weekday
T20220007974,2022-04-08,21:56:00,1,Collision with vehicle,5,Friday,120,HEAD ON (NOT OVERTAKING),5,709204,Not at intersection,1,100,Arterial Other,KULKYNE,MILDURA,-34.394768,142.27621,2022,4,April,21,Night,Weekday
T20220015747,2022-04-08,08:30:00,1,Collision with vehicle,5,Friday,130,REAR END(VEHICLES IN SAME LANE),9,732437,Not at intersection,3,100,Arterial Other,BRIDGE,WARRNAMBOOL,-38.314003,142.46387,2022,4,April,8,Morning Peak,Weekday
T20220007899,2022-04-08,12:05:00,1,Collision with vehicle,5,Friday,131,LEFT REAR,1,29422,Cross intersection,3,40,Local Road,ELIZABETH,MELBOURNE,-37.8113,144.9618,2022,4,April,12,Midday,Weekday
T20220007916,2022-04-08,20:08:00,1,Collision with vehicle,5,Friday,130,REAR END(VEHICLES IN SAME LANE),3,313369,Not at intersection,3,70,Arterial Highway,HODDLE,YARRA,-37.80648,144.99188,2022,4,April,20,Night,Weekday
T20220007912,2022-04-08,18:50:00,4,Collision with a fixed object,5,Friday,171,LEFT OFF CARRIAGEWAY INTO OBJECT/PARKED VEHICLE,5,712150,Cross intersection,3,100,Arterial Other,ROSS,WELLINGTON,-38.064636,146.76955,2022,4,April,18,Afternoon Peak,Weekday
T20220007911,2022-04-08,18:30:00,1,Collision with vehicle,5,Friday,130,REAR END(VEHICLES IN SAME LANE),3,709156,Not at intersection,3,60,Arterial Other,ROYAL,MELBOURNE,-37.786045,144.95924,2022,4,April,18,Afternoon Peak,Weekday
T20220007902,2022-04-08,17:18:00,8,No collision and no object struck,5,Friday,174,OUT OF CONTROL ON CARRIAGEWAY (ON STRAIGHT),1,42282,T intersection,3,60,Local Road,COCHRANES,KINGSTON,-37.942963,145.06825,2022,4,April,17,Afternoon Peak,Weekday
T20220007901,2022-04-08,15:29:00,1,Collision with vehicle,5,Friday,147,VEHICLE STRIKES ANOTHER VEH WHILE EMERGING FROM DRIVEWAY,1,129949,Not at intersection,2,80,Arterial Other,BELGRAVE-HALLAM,CASEY,-38.00495,145.27364,2022,4,April,15,Afternoon Peak,Weekday
T20220007895,2022-04-08,12:55:00,8,No collision and no object struck,5,Friday,174,OUT OF CONTROL ON CARRIAGEWAY (ON STRAIGHT),1,29416,Cross intersection,2,40,Arterial Other,SPENCER,MELBOURNE,-37.81907,144.95415,2022,4,April,12,Midday,Weekday
T20220007894,2022-04-08,12:42:00,1,Collision with vehicle,5,Friday,121,RIGHT THROUGH,1,53647,T intersection,3,60,Arterial Highway,BENALLA,SHEPPARTON,-36.386997,145.42696,2022,4,April,12,Midday,Weekday
T20220007886,2022-04-08,09:00:00,1,Collision with vehicle,5,Friday,130,REAR END(VEHICLES IN SAME LANE),1,711479,Not at intersection,3,80,Freeway,CITYLINK,MELBOURNE,-37.822777,144.9311,2022,4,April,9,Morning Peak,Weekday
T20220007885,2022-04-08,13:06:00,1,Collision with vehicle,5,Friday,130,REAR END(VEHICLES IN SAME LANE),1,724295,Not at intersection,3,60,Arterial Other,BENETOOK,MILDURA,-34.203438,142.17001,2022,4,April,13,Midday,Weekday
T20220009798,2022-04-08,14:00:00,1,Collision with vehicle,5,Friday,110,CROSS TRAFFIC(INTERSECTIONS ONLY),1,29386,Cross intersection,3,60,Arterial Other,MACARTHUR,MELBOURNE,-37.78988,144.95876,2022,4,April,14,Midday,Weekday
T20220007977,2022-04-09,14:14:00,1,Collision with vehicle,6,Saturday,121,RIGHT THROUGH,1,782078,Cross intersection,3,80,Local Road,TAGGERTY,HUME,-37.662647,144.92264,2022,4,April,14,Midday,Weekend
T20220007976,2022-04-09,15:09:00,1,Collision with vehicle,6,Saturday,119,OTHER ADJACENT (INTERSECTIONS ONLY),1,65596,T intersection,3,60,Local Road,DORKING,WHITEHORSE,-37.807053,145.13287,2022,4,April,15,Afternoon Peak,Weekend
T20220007975,2022-04-09,14:50:00,1,Collision with vehicle,6,Saturday,120,HEAD ON (NOT OVERTAKING),1,713264,Not at intersection,2,80,Local Road,BUNGOWER,MORNINGTON PENINSULA,-38.23301,145.11234,2022,4,April,14,Midday,Weekend
T20220007942,2022-04-09,09:29:00,1,Collision with vehicle,6,Saturday,113,RIGHT NEAR (INTERSECTIONS ONLY),1,709302,T intersection,2,80,Arterial Highway,NEPEAN,MORNINGTON PENINSULA,-38.20315,145.07867,2022,4,April,9,Morning Peak,Weekend
T20220007983,2022-04-09,16:30:00,6,Vehicle overturned (no collision),6,Saturday,184,OUT OF CONTROL ON CARRIAGEWAY (ON BEND),1,709761,Not at intersection,3,100,Arterial Other,MT VICTORY,NORTHERN GRAMPIANS,-37.16027,142.49597,2022,4,April,16,Afternoon Peak,Weekend
T20220012970,2022-04-09,17:00:00,1,Collision with vehicle,6,Saturday,163,VEHICLE STRIKES DOOR OF PARKED/STATIONARY VEHICLE,2,779655,T intersection,3,40,Arterial Other,BURNLEY,YARRA,-37.814674,145.00919,2022,4,April,17,Afternoon Peak,Weekend
T20220012371,2022-04-09,14:15:00,1,Collision with vehicle,6,Saturday,130,REAR END(VEHICLES IN SAME LANE),1,718170,Not at intersection,3,100,Arterial Other,MERRIANG,WHITTLESEA,-37.475304,145.02466,2022,4,April,14,Midday,Weekend
T20220008009,2022-04-09,12:39:00,1,Collision with vehicle,6,Saturday,121,RIGHT THROUGH,1,44309,Cross intersection,3,80,Arterial Other,SAYERS,WYNDHAM,-37.850533,144.70634,2022,4,April,12,Midday,Weekend
T20220008032,2022-04-09,15:20:00,1,Collision with vehicle,6,Saturday,130,REAR END(VEHICLES IN SAME LANE),1,709224,T intersection,2,80,Arterial Other,THOMPSONS,CASEY,-38.088627,145.3273,2022,4,April,15,Afternoon Peak,Weekend
T20220007933,2022-04-09,00:15:00,4,Collision with a fixed object,6,Saturday,171,LEFT OFF CARRIAGEWAY INTO OBJECT/PARKED VEHICLE,3,713619,Not at intersection,3,60,Local Road,WARRENHEIP,BALLARAT,-37.65059,143.88387,2022,4,April,0,Late Night,Weekend
T20220007954,2022-04-09,10:55:00,1,Collision with vehicle,6,Saturday,121,RIGHT THROUGH,1,29634,T intersection,3,60,Arterial Other,MARINE,PORT PHILLIP,-37.87534,144.97688,2022,4,April,10,Midday,Weekend
T20220008015,2022-04-09,10:00:00,1,Collision with vehicle,6,Saturday,163,VEHICLE STRIKES DOOR OF PARKED/STATIONARY VEHICLE,1,714418,Not at intersection,3,50,Local Road,KINKORA,BOROONDARA,-37.816643,145.03189,2022,4,April,10,Midday,Weekend
T20220008069,2022-04-09,08:00:00,6,Vehicle overturned (no collision),6,Saturday,184,OUT OF CONTROL ON CARRIAGEWAY (ON BEND),2,238573,T intersection,3,70,Arterial Highway,WARBURTON,YARRA RANGES,-37.78374,145.62619,2022,4,April,8,Morning Peak,Weekend
T20220007952,2022-04-09,10:05:00,1,Collision with vehicle,6,Saturday,121,RIGHT THROUGH,1,39287,T intersection,3,60,Arterial Other,ELGAR,WHITEHORSE,-37.79922,145.11826,2022,4,April,10,Midday,Weekend
T20220007973,2022-04-09,15:40:00,1,Collision with vehicle,6,Saturday,130,REAR END(VEHICLES IN SAME LANE),1,29413,Cross intersection,3,40,Arterial Other,DUDLEY,MELBOURNE,-37.810135,144.94998,2022,4,April,15,Afternoon Peak,Weekend
T20220007957,2022-04-09,11:20:00,1,Collision with vehicle,6,Saturday,113,RIGHT NEAR (INTERSECTIONS ONLY),1,43986,T intersection,3,70,Arterial Other,MORNINGTON-TYABB,MORNINGTON PENINSULA,-38.236584,145.05788,2022,4,April,11,Midday,Weekend
T20220007972,2022-04-09,14:50:00,1,Collision with vehicle,6,Saturday,163,VEHICLE STRIKES DOOR OF PARKED/STATIONARY VEHICLE,1,712159,Not at intersection,3,40,Local Road,FLINDERS,MELBOURNE,-37.818684,144.96321,2022,4,April,14,Midday,Weekend
T20220007969,2022-04-09,15:34:00,4,Collision with a fixed object,6,Saturday,171,LEFT OFF CARRIAGEWAY INTO OBJECT/PARKED VEHICLE,1,712156,Not at intersection,2,100,Local Road,DEANS,GOLDEN PLAINS,-37.899643,144.02422,2022,4,April,15,Afternoon Peak,Weekend
T20220007997,2022-04-09,04:28:00,3,Struck animal,6,Saturday,167,STRUCK ANIMAL,5,208351,Not at intersection,3,80,Arterial Other,WELLINGTON,YARRA RANGES,-37.934597,145.30626,2022,4,April,4,Late Night,Weekend
T20220007963,2022-04-09,14:04:00,1,Collision with vehicle,6,Saturday,113,RIGHT NEAR (INTERSECTIONS ONLY),1,45516,T intersection,3,70,Arterial Other,MELTON,MELTON,-37.683125,144.66124,2022,4,April,14,Midday,Weekend
T20220007951,2022-04-09,07:45:00,1,Collision with vehicle,6,Saturday,110,CROSS TRAFFIC(INTERSECTIONS ONLY),1,713742,Cross intersection,2,60,Arterial Other,BURWOOD,BOROONDARA,-37.82373,145.04478,2022,4,April,7,Morning Peak,Weekend
T20220007960,2022-04-09,06:40:00,2,Struck Pedestrian,6,Saturday,102,FAR SIDE. PED HIT BY VEHICLE FROM THE LEFT,3,39300,Cross intersection,3,60,Arterial Other,WILLIAMSONS,MANNINGHAM,-37.787407,145.12503,2022,4,April,6,Morning Peak,Weekend
T20220007962,2022-04-09,00:30:00,4,Collision with a fixed object,6,Saturday,181,OFF RIGHT BEND INTO OBJECT/PARKED VEHICLE,5,54042,T intersection,3,100,Local Road,SKENES,MOYNE,-38.358334,142.28543,2022,4,April,0,Late Night,Weekend
T20220007934,2022-04-09,01:55:00,4,Collision with a fixed object,6,Saturday,173,RIGHT OFF CARRIAGEWAY INTO OBJECT/PARKED VEHICLE,3,713463,Not at intersection,2,60,Arterial Highway,HIGH,BENDIGO,-36.772896,144.25822,2022,4,April,1,Late Night,Weekend
T20220008011,2022-04-09,12:30:00,4,Collision with a fixed object,6,Saturday,183,OFF LEFT BEND INTO OBJECT/PARKED VEHICLE,1,782083,Not at intersection,3,100,Local Road,MT HOPE,EAST GIPPSLAND,-36.684685,147.9981,2022,4,April,12,Midday,Weekend
T20220009546,2022-04-09,15:00:00,8,No collision and no object struck,6,Saturday,174,OUT OF CONTROL ON CARRIAGEWAY (ON STRAIGHT),1,712160,T intersection,3,50,Local Road,BEENAK,YARRA RANGES,-37.883865,145.60689,2022,4,April,15,Afternoon Peak,Weekend
T20220007947,2022-04-09,10:15:00,1,Collision with vehicle,6,Saturday,113,RIGHT NEAR (INTERSECTIONS ONLY),1,40459,T intersection,2,60,Arterial Highway,TOORAK,BOROONDARA,-37.846607,145.06203,2022,4,April,10,Midday,Weekend
T20220008311,2022-04-09,09:30:00,8,No collision and no object struck,6,Saturday,179,OTHER ACCIDENTS-OFF STRAIGHT NOT INCLUDED IN DCAs 170-175,1,715217,T intersection,3,80,Local Road,WESTWOOD,COLAC OTWAY,-38.434765,143.62259,2022,4,April,9,Morning Peak,Weekend
T20220008318,2022-04-09,12:45:00,1,Collision with vehicle,6,Saturday,130,REAR END(VEHICLES IN SAME LANE),1,709596,Not at intersection,3,60,Arterial Other,CANTERBURY,WHITEHORSE,-37.82871,145.12154,2022,4,April,12,Midday,Weekend
T20220007996,2022-04-09,21:40:00,1,Collision with vehicle,6,Saturday,111,RIGHT FAR (INTERSECTIONS ONLY),3,713978,Cross intersection,3,80,Arterial Other,VINEYARD,HUME,-37.61162,144.71034,2022,4,April,21,Night,Weekend
T20220007995,2022-04-09,17:45:00,1,Collision with vehicle,6,Saturday,110,CROSS TRAFFIC(INTERSECTIONS ONLY),1,47573,Cross intersection,3,70,Arterial Other,SOMERTON,HUME,-37.640984,144.9314,2022,4,April,17,Afternoon Peak,Weekend
T20220007992,2022-04-09,15:55:00,1,Collision with vehicle,6,Saturday,160,VEHICLE COLLIDES WITH VEHICLE PARKED ON LEFT OF ROAD,1,709893,Not at intersection,2,40,Local Road,REEMA,CASEY,-37.97261,145.27771,2022,4,April,15,Afternoon Peak,Weekend
T20220007991,2022-04-09,17:35:00,1,Collision with vehicle,6,Saturday,153,CUTTING IN (OVERTAKING),1,45253,T intersection,1,80,Arterial Other,KOO WEE RUP,CARDINIA,-38.128582,145.49031,2022,4,April,17,Afternoon Peak,Weekend
T20220007990,2022-04-09,17:33:00,1,Collision with vehicle,6,Saturday,113,RIGHT NEAR (INTERSECTIONS ONLY),1,748640,Multiple intersection,2,60,Freeway,FITZGERALD,BRIMBANK,-37.800022,144.78926,2022,4,April,17,Afternoon Peak,Weekend
T20220007982,2022-04-09,18:30:00,1,Collision with vehicle,6,Saturday,130,REAR END(VEHICLES IN SAME LANE),3,710988,T intersection,3,70,Arterial Highway,GREAT ALPINE,EAST GIPPSLAND,-37.816273,147.64847,2022,4,April,18,Afternoon Peak,Weekend
T20220008204,2022-04-09,10:30:00,1,Collision with vehicle,6,Saturday,130,REAR END(VEHICLES IN SAME LANE),9,719291,Not at intersection,3,40,Arterial Other,BURKE,STONNINGTON,-37.855495,145.05206,2022,4,April,10,Midday,Weekend
T20220008046,2022-04-10,19:21:00,4,Collision with a fixed object,7,Sunday,181,OFF RIGHT BEND INTO OBJECT/PARKED VEHICLE,5,709304,Not at intersection,3,80,Local Road,DICKIE,CARDINIA,-38.0415,145.41264,2022,4,April,19,Night,Weekend
T20220008761,2022-04-10,11:00:00,1,Collision with vehicle,7,Sunday,131,LEFT REAR,1,752947,T intersection,3,60,Local Road,BOUNDARY,MORNINGTON PENINSULA,-38.34301,144.97081,2022,4,April,11,Midday,Weekend
T20220008775,2022-04-10,10:40:00,1,Collision with vehicle,7,Sunday,160,VEHICLE COLLIDES WITH VEHICLE PARKED ON LEFT OF ROAD,1,710104,Not at intersection,3,50,Local Road,PARKER,MARIBYRNONG,-37.80688,144.90256,2022,4,April,10,Midday,Weekend
T20220008116,2022-04-10,15:30:00,6,Vehicle overturned (no collision),7,Sunday,174,OUT OF CONTROL ON CARRIAGEWAY (ON STRAIGHT),1,712166,Not at intersection,2,60,Arterial Other,TOORAK,STONNINGTON,-37.842873,145.02388,2022,4,April,15,Afternoon Peak,Weekend
T20220008036,2022-04-10,15:00:00,1,Collision with vehicle,7,Sunday,132,RIGHT REAR.,1,755747,Y intersection,2,60,Arterial Highway,HORACE,BULOKE,-35.507446,142.84962,2022,4,April,15,Afternoon Peak,Weekend
T20220008045,2022-04-10,18:20:00,4,Collision with a fixed object,7,Sunday,173,RIGHT OFF CARRIAGEWAY INTO OBJECT/PARKED VEHICLE,5,718307,Not at intersection,2,60,Arterial Highway,GREAT OCEAN,CORANGAMITE,-38.74721,143.27986,2022,4,April,18,Afternoon Peak,Weekend
T20220008014,2022-04-10,09:18:00,1,Collision with vehicle,7,Sunday,110,CROSS TRAFFIC(INTERSECTIONS ONLY),1,56741,Cross intersection,3,80,Local Road,CENTRAL,CASEY,-38.09461,145.25533,2022,4,April,9,Morning Peak,Weekend
T20220008044,2022-04-10,14:00:00,4,Collision with a fixed object,7,Sunday,173,RIGHT OFF CARRIAGEWAY INTO OBJECT/PARKED VEHICLE,1,712163,Not at intersection,3,80,Arterial Other,DONNA BUANG,YARRA RANGES,-37.718475,145.69153,2022,4,April,14,Midday,Weekend
T20220008017,2022-04-10,10:14:00,1,Collision with vehicle,7,Sunday,140,U TURN,1,721633,Not at intersection,3,100,Arterial Highway,SOUTH GIPPSLAND,WELLINGTON,-38.133213,147.07553,2022,4,April,10,Midday,Weekend
T20220008414,2022-04-10,14:30:00,1,Collision with vehicle,7,Sunday,137,LEFT TURN SIDESWIPE,1,36666,Cross intersection,2,40,Arterial Highway,HODDLE,YARRA,-37.799847,144.99298,2022,4,April,14,Midday,Weekend
T20220008042,2022-04-10,18:08:00,1,Collision with vehicle,7,Sunday,140,U TURN,1,65713,T intersection,3,40,Local Road,GAMON,MARIBYRNONG,-37.80978,144.88986,2022,4,April,18,Afternoon Peak,Weekend
T20220008020,2022-04-10,07:20:00,8,No collision and no object struck,7,Sunday,172,OFF CARRIAGEWAY TO RIGHT,1,712162,Not at intersection,2,80,Arterial Other,COOPER,HUME,-37.644257,144.95706,2022,4,April,7,Morning Peak,Weekend
T20220008040,2022-04-10,16:54:00,1,Collision with vehicle,7,Sunday,139,OTHER SAME DIRECTION-MANOUEVRES NOT INCLUDED IN DCAs 130-137,1,712428,T intersection,2,70,Arterial Other,BALLAN,WYNDHAM,-37.89699,144.63928,2022,4,April,16,Afternoon Peak,Weekend
T20220008039,2022-04-10,17:50:00,1,Collision with vehicle,7,Sunday,147,VEHICLE STRIKES ANOTHER VEH WHILE EMERGING FROM DRIVEWAY,3,718451,Not at intersection,3,50,Local Road,OLIVE YORK,MORELAND,-37.758938,144.93935,2022,4,April,17,Afternoon Peak,Weekend
T20220008024,2022-04-10,12:23:00,1,Collision with vehicle,7,Sunday,132,RIGHT REAR.,1,712161,Not at intersection,2,80,Local Road,BRUNT,CARDINIA,-38.058205,145.389,2022,4,April,12,Midday,Weekend
T20220008026,2022-04-10,11:30:00,5,collision with some other object,7,Sunday,181,OFF RIGHT BEND INTO OBJECT/PARKED VEHICLE,1,710088,Not at intersection,2,100,Local Road,GLEN ALVIE,BASS COAST,-38.47914,145.6414,2022,4,April,11,Midday,Weekend
T20220008037,2022-04-10,14:59:00,1,Collision with vehicle,7,Sunday,160,VEHICLE COLLIDES WITH VEHICLE PARKED ON LEFT OF ROAD,1,725479,Not at intersection,3,50,Local Road,NEWMAN,YARRA RANGES,-37.786976,145.30609,2022,4,April,14,Midday,Weekend
T20220008030,2022-04-10,09:00:00,2,Struck Pedestrian,7,Sunday,100,PED NEAR SIDE. PED HIT BY VEHICLE FROM THE RIGHT.,1,709427,Cross intersection,1,50,Arterial Other,JOHNSTON,YARRA,-37.79984,144.99292,2022,4,April,9,Morning Peak,Weekend
T20220008033,2022-04-10,14:45:00,1,Collision with vehicle,7,Sunday,137,LEFT TURN SIDESWIPE,1,274987,Cross intersection,3,60,Arterial Other,HOWITT,BALLARAT,-37.5412,143.84003,2022,4,April,14,Midday,Weekend
T20220009402,2022-04-10,16:00:00,1,Collision with vehicle,7,Sunday,137,LEFT TURN SIDESWIPE,1,40161,Cross intersection,3,60,Arterial Other,HOTHAM,GLEN EIRA,-37.866455,145.00003,2022,4,April,16,Afternoon Peak,Weekend
T20220010579,2022-04-10,12:00:00,7,Fall from or in moving vehicle,7,Sunday,190,FELL IN/FROM VEHICLE,9,782084,Not at intersection,3,50,Arterial Other,KINGSTON,KINGSTON,-37.95544,145.09592,2022,4,April,12,Midday,Weekend
T20220008035,2022-04-10,13:25:00,4,Collision with a fixed object,7,Sunday,175,OFF END OF ROAD/T-INTERSECTION.,1,713343,T intersection,2,50,Local Road,PARKMORE,MORNINGTON PENINSULA,-38.353336,144.92102,2022,4,April,13,Midday,Weekend
T20220008128,2022-04-10,03:24:00,1,Collision with vehicle,7,Sunday,110,CROSS TRAFFIC(INTERSECTIONS ONLY),3,48841,Cross intersection,2,60,Arterial Other,DERRIMUT,WYNDHAM,-37.83446,144.69106,2022,4,April,3,Late Night,Weekend
T20220008006,2022-04-10,04:45:00,1,Collision with vehicle,7,Sunday,130,REAR END(VEHICLES IN SAME LANE),3,755726,Multiple intersection,2,60,Freeway,METROPOLITAN RING IN-HUME,MORELAND,-37.692177,144.95877,2022,4,April,4,Late Night,Weekend
T20220008061,2022-04-10,23:13:00,1,Collision with vehicle,7,Sunday,121,RIGHT THROUGH,3,331143,Cross intersection,3,60,Local Road,GOLF VIEW,HUME,-37.601192,144.90976,2022,4,April,23,Night,Weekend
T20220008352,2022-04-10,05:30:00,1,Collision with vehicle,7,Sunday,130,REAR END(VEHICLES IN SAME LANE),3,778876,Not at intersection,3,60,Arterial Highway,CITY,MELBOURNE,-37.82248,144.96446,2022,4,April,5,Morning Peak,Weekend
T20220008053,2022-04-10,23:00:00,4,Collision with a fixed object,7,Sunday,181,OFF RIGHT BEND INTO OBJECT/PARKED VEHICLE,5,755718,Not at intersection,2,60,Arterial Other,ESPLANADE,MORNINGTON PENINSULA,-38.288067,144.9904,2022,4,April,23,Night,Weekend
T20220008459,2022-04-10,11:00:00,1,Collision with vehicle,7,Sunday,139,OTHER SAME DIRECTION-MANOUEVRES NOT INCLUDED IN DCAs 130-137,1,713142,Not at intersection,3,80,Local Road,BANNONS,NILLUMBIK,-37.627487,145.16736,2022,4,April,11,Midday,Weekend
T20220016840,2022-04-10,10:00:00,6,Vehicle overturned (no collision),7,Sunday,182,OFF CARRIAGEWAY ON LEFT BEND,1,670200,T intersection,3,80,Arterial Other,MAFFRA-SALE,WELLINGTON,-38.064568,147.02945,2022,4,April,10,Midday,Weekend
T20220008091,2022-04-10,14:10:00,6,Vehicle overturned (no collision),7,Sunday,182,OFF CARRIAGEWAY ON LEFT BEND,1,710123,Not at intersection,2,80,Arterial Highway,MAROONDAH,YARRA RANGES,-37.6468,145.56772,2022,4,April,14,Midday,Weekend
T20220008092,2022-04-10,08:55:00,1,Collision with vehicle,7,Sunday,131,LEFT REAR,1,346677,Cross intersection,3,50,Arterial Other,PEEL,MELBOURNE,-37.80589,144.95612,2022,4,April,8,Morning Peak,Weekend
T20220008367,2022-04-10,10:25:00,1,Collision with vehicle,7,Sunday,121,RIGHT THROUGH,1,40357,T intersection,3,60,Arterial Highway,DANDENONG,GLEN EIRA,-37.873817,145.03824,2022,4,April,10,Midday,Weekend
T20220008049,2022-04-10,14:29:00,1,Collision with vehicle,7,Sunday,113,RIGHT NEAR (INTERSECTIONS ONLY),1,67870,T intersection,3,60,Arterial Other,HUNTINGDALE,MONASH,-37.86694,145.11191,2022,4,April,14,Midday,Weekend