ACCIDENT_NO,ACCIDENT_DATE,ACCIDENT_TIME,ACCIDENT_TYPE,ACCIDENT_TYPE_DESC,DAY_OF_WEEK,DAY_WEEK_DESC,DCA_CODE,DCA_DESC,LIGHT_CONDITION,NODE_ID,ROAD_GEOMETRY_DESC,SEVERITY,SPEED_ZONE,RMA,ROAD_NAME,LGA_NAME,LATITUDE,LONGITUDE,YEAR,MONTH,MONTH_NAME,HOUR,TIME_PERIOD,DAY_TYPE
T20220008048,2022-04-10,16:05:00,4,Collision with a fixed object,7,Sunday,171,LEFT OFF CARRIAGEWAY INTO OBJECT/PARKED VEHICLE,1,709997,Not at intersection,1,100,Arterial Highway,MIDLAND,CAMPASPE,-36.449608,144.96906,2022,4,April,16,Afternoon Peak,Weekend
T20220008208,2022-04-10,05:19:00,4,Collision with a fixed object,7,Sunday,171,LEFT OFF CARRIAGEWAY INTO OBJECT/PARKED VEHICLE,3,720385,Not at intersection,3,60,Arterial Other,HIGH,DAREBIN,-37.7034,145.00995,2022,4,April,5,Morning Peak,Weekend
T20220008001,2022-04-10,02:22:00,1,Collision with vehicle,7,Sunday,110,CROSS TRAFFIC(INTERSECTIONS ONLY),3,36488,Cross intersection,2,60,Arterial Highway,ALEXANDRA,YARRA,-37.793453,144.9793,2022,4,April,2,Late Night,Weekend
T20220008183,2022-04-10,02:00:00,8,No collision and no object struck,7,Sunday,170,OFF CARRIAGEWAY TO LEFT,9,687062,T intersection,3,50,Local Road,SALTRIVER,MARIBYRNONG,-37.80188,144.9083,2022,4,April,2,Late Night,Weekend
T20220008148,2022-04-11,19:20:00,1,Collision with vehicle,1,Monday,113,RIGHT NEAR (INTERSECTIONS ONLY),5,44183,T intersection,2,80,Local Road,BROWNS,MORNINGTON PENINSULA,-38.396545,144.92213,2022,4,April,19,Night,Weekday
T20220008117,2022-04-11,15:45:00,1,Collision with vehicle,1,Monday,132,RIGHT REAR.,1,709431,Not at intersection,3,70,Arterial Other,NARRACAN,LATROBE,-38.18621,146.28188,2022,4,April,15,Afternoon Peak,Weekday
T20220008131,2022-04-11,19:51:00,1,Collision with vehicle,1,Monday,130,REAR END(VEHICLES IN SAME LANE),3,180945,Not at intersection,3,60,Local Road,RING,BALLARAT,-37.54637,143.7972,2022,4,April,19,Night,Weekday
T20220008062,2022-04-11,04:20:00,4,Collision with a fixed object,1,Monday,171,LEFT OFF CARRIAGEWAY INTO OBJECT/PARKED VEHICLE,3,774241,T intersection,2,40,Arterial Other,TOORAK,STONNINGTON,-37.843662,145.03046,2022,4,April,4,Late Night,Weekday
T20220008074,2022-04-11,11:00:00,1,Collision with vehicle,1,Monday,137,LEFT TURN SIDESWIPE,1,42003,T intersection,2,60,Arterial Other,MONBULK,YARRA RANGES,-37.901608,145.35693,2022,4,April,11,Midday,Weekday
T20220008121,2022-04-11,15:00:00,1,Collision with vehicle,1,Monday,130,REAR END(VEHICLES IN SAME LANE),1,778879,Not at intersection,3,70,Arterial Highway,TORQUAY,GEELONG,-38.19514,144.34251,2022,4,April,15,Afternoon Peak,Weekday
T20220008123,2022-04-11,06:30:00,1,Collision with vehicle,1,Monday,130,REAR END(VEHICLES IN SAME LANE),6,709432,Not at intersection,3,100,Freeway,EASTERN,WHITEHORSE,-37.799076,145.14519,2022,4,April,6,Morning Peak,Weekday
T20220008057,2022-04-11,00:50:00,1,Collision with vehicle,1,Monday,134,LANE CHANGE RIGHT (NOT OVERTAKING),3,781663,Not at intersection,3,60,Arterial Other,FLEMINGTON ROAD SERVICE,MELBOURNE,-37.794804,144.94925,2022,4,April,0,Late Night,Weekday
T20220008067,2022-04-11,06:57:00,1,Collision with vehicle,1,Monday,121,RIGHT THROUGH,2,38900,T intersection,3,60,Arterial Other,PRINCESS,BOROONDARA,-37.8021,145.02975,2022,4,April,6,Morning Peak,Weekday
T20220008113,2022-04-11,16:15:00,1,Collision with vehicle,1,Monday,120,HEAD ON (NOT OVERTAKING),1,780098,Not at intersection,3,60,Local Road,PARK,BAYSIDE,-37.963875,145.04315,2022,4,April,16,Afternoon Peak,Weekday
T20220008110,2022-04-11,13:09:00,4,Collision with a fixed object,1,Monday,183,OFF LEFT BEND INTO OBJECT/PARKED VEHICLE,1,713233,Not at intersection,3,100,Arterial Other,ODWYER,STRATHBOGIE,-36.84597,145.14038,2022,4,April,13,Midday,Weekday
T20220008124,2022-04-11,17:30:00,1,Collision with vehicle,1,Monday,153,CUTTING IN (OVERTAKING),1,714988,Not at intersection,2,100,Local Road,BALD HILL,CARDINIA,-38.093624,145.52074,2022,4,April,17,Afternoon Peak,Weekday
T20220008073,2022-04-11,09:05:00,1,Collision with vehicle,1,Monday,121,RIGHT THROUGH,1,709307,T intersection,2,70,Local Road,CHURCH,GEELONG,-38.197,144.34207,2022,4,April,9,Morning Peak,Weekday
T20220008066,2022-04-11,07:00:00,1,Collision with vehicle,1,Monday,181,OFF RIGHT BEND INTO OBJECT/PARKED VEHICLE,1,709429,Not at intersection,3,80,Local Road,BALFOUR,BAW BAW,-38.141415,145.87079,2022,4,April,7,Morning Peak,Weekday
T20220008086,2022-04-11,12:12:00,2,Struck Pedestrian,1,Monday,100,PED NEAR SIDE. PED HIT BY VEHICLE FROM THE RIGHT.,1,709309,Cross intersection,3,60,Arterial Highway,MCIVOR,BENDIGO,-36.757286,144.29175,2022,4,April,12,Midday,Weekday
T20220008114,2022-04-11,15:28:00,1,Collision with vehicle,1,Monday,121,RIGHT THROUGH,1,38437,Cross intersection,2,80,Arterial Highway,MAROONDAH,YARRA RANGES,-37.761288,145.31041,2022,4,April,15,Afternoon Peak,Weekday
T20220025861,2022-04-11,09:15:00,1,Collision with vehicle,1,Monday,130,REAR END(VEHICLES IN SAME LANE),1,66734,T intersection,3,60,Arterial Other,TOORONGA,BOROONDARA,-37.836437,145.0466,2022,4,April,9,Morning Peak,Weekday
T20220021728,2022-04-11,05:30:00,1,Collision with vehicle,1,Monday,135,LANE CHANGE LEFT (NOT OVERTAKING),2,774954,Not at intersection,3,60,Arterial Highway,BRIGHTON,PORT PHILLIP,-37.870876,144.98888,2022,4,April,5,Morning Peak,Weekday
T20220008093,2022-04-11,09:30:00,4,Collision with a fixed object,1,Monday,173,RIGHT OFF CARRIAGEWAY INTO OBJECT/PARKED VEHICLE,9,713058,Not at intersection,2,100,Local Road,MOUNT WILLIAM PICNIC GROUND,ARARAT,-37.33839,142.66634,2022,4,April,9,Morning Peak,Weekday
T20220008097,2022-04-11,09:23:00,1,Collision with vehicle,1,Monday,112,LEFT FAR (INTERSECTIONS ONLY),1,38693,T intersection,2,50,Arterial Other,WILLIAMSTOWN,MARIBYRNONG,-37.807507,144.88449,2022,4,April,9,Morning Peak,Weekday
T20220008100,2022-04-11,13:27:00,1,Collision with vehicle,1,Monday,110,CROSS TRAFFIC(INTERSECTIONS ONLY),1,69714,Cross intersection,2,50,Local Road,ADRIAN,GLEN EIRA,-37.932438,145.05893,2022,4,April,13,Midday,Weekday
T20220008102,2022-04-11,06:15:00,1,Collision with vehicle,1,Monday,130,REAR END(VEHICLES IN SAME LANE),2,774202,Cross intersection,3,60,Local Road,HILTON,MORELAND,-37.700188,144.92407,2022,4,April,6,Morning Peak,Weekday
T20220008079,2022-04-11,09:40:00,1,Collision with vehicle,1,Monday,142,LEAVING PARKING,1,712205,Not at intersection,3,60,Arterial Highway,CAMPBELL,ARARAT,-37.276722,142.94016,2022,4,April,9,Morning Peak,Weekday
T20220008081,2022-04-11,10:02:00,1,Collision with vehicle,1,Monday,129,OTHER OPPOSING MANOEUVRES NOT INCLUDED IN DCAs 120-125.,1,706017,Not at intersection,2,80,Local Road,DARRAWEIT,MITCHELL,-37.395794,144.94395,2022,4,April,10,Midday,Weekday
T20220008082,2022-04-11,09:30:00,1,Collision with vehicle,1,Monday,121,RIGHT THROUGH,1,62471,T intersection,3,50,Local Road,SUSSEX,MORELAND,-37.7204,144.95134,2022,4,April,9,Morning Peak,Weekday
T20220017569,2022-04-11,10:30:00,1,Collision with vehicle,1,Monday,130,REAR END(VEHICLES IN SAME LANE),1,724554,Not at intersection,3,60,Freeway,MONASH,MONASH,-37.906204,145.15675,2022,4,April,10,Midday,Weekday
T20220011082,2022-04-11,11:45:00,1,Collision with vehicle,1,Monday,130,REAR END(VEHICLES IN SAME LANE),9,715846,Not at intersection,3,60,Arterial Highway,NORTH,GLEN EIRA,-37.909225,145.08298,2022,4,April,11,Midday,Weekday
T20220008144,2022-04-11,06:00:00,5,collision with some other object,1,Monday,166,STRUCK OBJECT ON CARRIAGEWAY,5,709592,Not at intersection,3,80,Arterial Highway,MONARO,EAST GIPPSLAND,-37.458157,149.18883,2022,4,April,6,Morning Peak,Weekday
T20220009265,2022-04-11,10:40:00,1,Collision with vehicle,1,Monday,130,REAR END(VEHICLES IN SAME LANE),1,710877,Cross intersection,2,50,Local Road,OVERLAND,CASEY,-38.020767,145.30795,2022,4,April,10,Midday,Weekday
T20220015991,2022-04-12,21:00:00,1,Collision with vehicle,2,Tuesday,130,REAR END(VEHICLES IN SAME LANE),3,718832,Not at intersection,3,60,Local Road,ALBERT,KNOX,-37.85909,145.2942,2022,4,April,21,Night,Weekday
T20220008169,2022-04-12,11:00:00,1,Collision with vehicle,2,Tuesday,130,REAR END(VEHICLES IN SAME LANE),1,66079,Not at intersection,3,70,Arterial Highway,SPRINGVALE,WHITEHORSE,-37.81807,145.17606,2022,4,April,11,Midday,Weekday
T20220014582,2022-04-12,08:00:00,4,Collision with a fixed object,2,Tuesday,141,U TURN INTO FIXED OBJECT/PARKED VEHICLE,1,718330,Not at intersection,3,80,Arterial Other,STUD,KNOX,-37.845646,145.24733,2022,4,April,8,Morning Peak,Weekday
T20220009413,2022-04-12,16:00:00,1,Collision with vehicle,2,Tuesday,110,CROSS TRAFFIC(INTERSECTIONS ONLY),1,50963,Cross intersection,3,50,Local Road,ROWAN,WANGARATTA,-36.350456,146.31076,2022,4,April,16,Afternoon Peak,Weekday
T20220009363,2022-04-12,07:30:00,1,Collision with vehicle,2,Tuesday,110,CROSS TRAFFIC(INTERSECTIONS ONLY),2,54854,Cross intersection,3,50,Local Road,ALBERT,BAW BAW,-38.161366,145.93954,2022,4,April,7,Morning Peak,Weekday
T20220010703,2022-04-12,12:00:00,8,No collision and no object struck,2,Tuesday,174,OUT OF CONTROL ON CARRIAGEWAY (ON STRAIGHT),1,712291,Not at intersection,2,100,Local Road,ROSS WATT,MACEDON RANGES,-37.458183,144.5774,2022,4,April,12,Midday,Weekday
T20220008385,2022-04-12,11:20:00,9,Other accident,2,Tuesday,179,OTHER ACCIDENTS-OFF STRAIGHT NOT INCLUDED IN DCAs 170-175,1,40287,T intersection,3,50,Arterial Other,GLENFERRIE,BOROONDARA,-37.83549,145.03302,2022,4,April,11,Midday,Weekday
T20220008948,2022-04-12,19:34:00,1,Collision with vehicle,2,Tuesday,110,CROSS TRAFFIC(INTERSECTIONS ONLY),3,50635,Cross intersection,2,80,Arterial Highway,HENTY,GLENELG,-38.32367,141.59784,2022,4,April,19,Night,Weekday
T20220008236,2022-04-12,19:15:00,1,Collision with vehicle,2,Tuesday,130,REAR END(VEHICLES IN SAME LANE),3,772761,Not at intersection,2,80,Arterial Highway,DANDENONG,MONASH,-37.89021,145.08255,2022,4,April,19,Night,Weekday
T20220008684,2022-04-12,23:20:00,8,No collision and no object struck,2,Tuesday,180,OFF CARRIAGEWAY ON RIGHT BEND,3,709901,Not at intersection,2,70,Arterial Highway,SETTLEMENT,GEELONG,-38.18115,144.35004,2022,4,April,23,Night,Weekday
T20220008363,2022-04-12,07:00:00,1,Collision with vehicle,2,Tuesday,130,REAR END(VEHICLES IN SAME LANE),1,713519,T intersection,3,60,Arterial Other,ORMOND,PORT PHILLIP,-37.887432,144.98454,2022,4,April,7,Morning Peak,Weekday
T20220011208,2022-04-12,11:00:00,1,Collision with vehicle,2,Tuesday,159,OTHER OVERTAKING MANOEUVRES NOT INCLUDED IN DCAs 150-154,1,714002,Not at intersection,3,100,Local Road,CHADDS CREEK,NILLUMBIK,-37.535435,145.26762,2022,4,April,11,Midday,Weekday
T20220008139,2022-04-12,00:42:00,4,Collision with a fixed object,2,Tuesday,173,RIGHT OFF CARRIAGEWAY INTO OBJECT/PARKED VEHICLE,3,779498,Not at intersection,3,60,Arterial Other,KEILOR PARK,BRIMBANK,-37.71811,144.85474,2022,4,April,0,Late Night,Weekday
T20220008598,2022-04-12,08:45:00,1,Collision with vehicle,2,Tuesday,135,LANE CHANGE LEFT (NOT OVERTAKING),1,709896,Not at intersection,3,80,Freeway,WEST GATE,MELBOURNE,-37.828037,144.96077,2022,4,April,8,Morning Peak,Weekday
T20220008149,2022-04-12,06:48:00,6,Vehicle overturned (no collision),2,Tuesday,174,OUT OF CONTROL ON CARRIAGEWAY (ON STRAIGHT),1,709498,T intersection,2,80,Arterial Other,THOMPSONS,CASEY,-38.081165,145.26788,2022,4,April,6,Morning Peak,Weekday
T20220008151,2022-04-12,07:00:00,1,Collision with vehicle,2,Tuesday,160,VEHICLE COLLIDES WITH VEHICLE PARKED ON LEFT OF ROAD,1,713517,Not at intersection,2,60,Arterial Other,BALWYN,BOROONDARA,-37.816154,145.08072,2022,4,April,7,Morning Peak,Weekday
T20220008153,2022-04-12,06:44:00,1,Collision with vehicle,2,Tuesday,124,RIGHT/RIGHT BOTH VEHs FROM OPPOSITE DIRECTIONS TURNING RIGHT,1,26587,Cross intersection,3,70,Freeway,WESTERN,MELTON,-37.756332,144.73967,2022,4,April,6,Morning Peak,Weekday
T20220008156,2022-04-12,09:00:00,1,Collision with vehicle,2,Tuesday,121,RIGHT THROUGH,1,54013,Not at intersection,2,60,Arterial Other,HIGH,WHITTLESEA,-37.655163,145.02148,2022,4,April,9,Morning Peak,Weekday
T20220008162,2022-04-12,11:00:00,1,Collision with vehicle,2,Tuesday,121,RIGHT THROUGH,1,49873,Cross intersection,3,50,Local Road,CATHERINE,GEELONG,-38.13819,144.34035,2022,4,April,11,Midday,Weekday
T20220008166,2022-04-12,08:12:00,2,Struck Pedestrian,2,Tuesday,102,FAR SIDE. PED HIT BY VEHICLE FROM THE LEFT,1,45547,Cross intersection,3,60,Arterial Other,MELVILLE,MORELAND,-37.75867,144.94485,2022,4,April,8,Morning Peak,Weekday
T20220008181,2022-04-12,11:25:00,1,Collision with vehicle,2,Tuesday,110,CROSS TRAFFIC(INTERSECTIONS ONLY),1,266135,Cross intersection,3,70,Arterial Highway,BELLARINE,GEELONG,-38.17063,144.39145,2022,4,April,11,Midday,Weekday
T20220008168,2022-04-12,10:20:00,1,Collision with vehicle,2,Tuesday,171,LEFT OFF CARRIAGEWAY INTO OBJECT/PARKED VEHICLE,1,37037,Cross intersection,3,40,Local Road,GIPPS,MELBOURNE,-37.813297,144.98837,2022,4,April,10,Midday,Weekday
T20220008237,2022-04-12,19:45:00,1,Collision with vehicle,2,Tuesday,135,LANE CHANGE LEFT (NOT OVERTAKING),3,714795,Not at intersection,3,60,Arterial Other,BARRY,HUME,-37.66613,144.94368,2022,4,April,19,Night,Weekday
T20220008241,2022-04-12,21:25:00,1,Collision with vehicle,2,Tuesday,116,LEFT NEAR (INTERSECTIONS ONLY),3,774203,Cross intersection,3,80,Arterial Highway,DANDENONG-HASTINGS,CASEY,-38.07809,145.23955,2022,4,April,21,Night,Weekday
T20220008172,2022-04-12,07:55:00,1,Collision with vehicle,2,Tuesday,121,RIGHT THROUGH,1,57573,T intersection,3,80,Arterial Highway,WELLINGTON,MONASH,-37.91919,145.16264,2022,4,April,7,Morning Peak,Weekday
T20220008179,2022-04-12,07:56:00,1,Collision with vehicle,2,Tuesday,135,LANE CHANGE LEFT (NOT OVERTAKING),1,723319,Not at intersection,3,80,Arterial Highway,STATE (LOWER DANDENONG/CHELTENHAM),DANDENONG,-37.991158,145.14635,2022,4,April,7,Morning Peak,Weekday
T20220008244,2022-04-12,18:25:00,1,Collision with vehicle,2,Tuesday,130,REAR END(VEHICLES IN SAME LANE),3,709736,Not at intersection,2,80,Arterial Other,BERWICK-CRANBOURNE,CASEY,-38.08802,145.33313,2022,4,April,18,Afternoon Peak,Weekday
T20220023238,2022-04-12,07:17:00,1,Collision with vehicle,2,Tuesday,121,RIGHT THROUGH,1,728567,Not at intersection,3,80,Arterial Highway,WELLINGTON,MONASH,-37.916664,145.14418,2022,4,April,7,Morning Peak,Weekday
T20220008187,2022-04-12,13:20:00,6,Vehicle overturned (no collision),2,Tuesday,170,OFF CARRIAGEWAY TO LEFT,1,713521,Not at intersection,3,100,Arterial Other,MAFFRA-ROSEDALE,WELLINGTON,-38.025818,146.88019,2022,4,April,13,Midday,Weekday
T20220008189,2022-04-12,10:00:00,2,Struck Pedestrian,2,Tuesday,106,VEH STRIKES PED ON FOOTPATH/MEDIAN/TRAFFIC ISLAND.,1,710125,Y intersection,2,50,Local Road,RANELAGH,MORNINGTON PENINSULA,-38.18407,145.08801,2022,4,April,10,Midday,Weekday
T20220008191,2022-04-12,13:24:00,1,Collision with vehicle,2,Tuesday,121,RIGHT THROUGH,1,710091,T intersection,3,60,Arterial Other,WILLMOTT,WYNDHAM,-37.88662,144.68146,2022,4,April,13,Midday,Weekday
T20220008193,2022-04-12,15:26:00,1,Collision with vehicle,2,Tuesday,116,LEFT NEAR (INTERSECTIONS ONLY),1,774243,T intersection,3,60,Arterial Highway,WHITEHORSE,WHITEHORSE,-37.819702,145.13908,2022,4,April,15,Afternoon Peak,Weekday
T20220008197,2022-04-12,13:18:00,1,Collision with vehicle,2,Tuesday,113,RIGHT NEAR (INTERSECTIONS ONLY),1,42292,Cross intersection,1,60,Arterial Other,MELVILLE,MORELAND,-37.741726,144.94527,2022,4,April,13,Midday,Weekday
T20220009356,2022-04-12,17:15:00,1,Collision with vehicle,2,Tuesday,130,REAR END(VEHICLES IN SAME LANE),1,713620,Not at intersection,3,60,Arterial Other,FELLMONGERS,GEELONG,-38.1798,144.37813,2022,4,April,17,Afternoon Peak,Weekday
T20220008251,2022-04-12,18:30:00,1,Collision with vehicle,2,Tuesday,133,LANE SIDE SWIPE (VEHICLES IN PARALLEL LANES),2,774538,Not at intersection,3,60,Arterial Highway,PRINCES,COLAC OTWAY,-38.31139,143.72372,2022,4,April,18,Afternoon Peak,Weekday
T20220008211,2022-04-12,15:45:00,1,Collision with vehicle,2,Tuesday,116,LEFT NEAR (INTERSECTIONS ONLY),1,710126,T intersection,2,80,Arterial Highway,DANDENONG,MONASH,-37.906048,145.1138,2022,4,April,15,Afternoon Peak,Weekday
T20220008215,2022-04-12,17:15:00,2,Struck Pedestrian,2,Tuesday,100,PED NEAR SIDE. PED HIT BY VEHICLE FROM THE RIGHT.,1,711435,Cross intersection,3,60,Arterial Other,FLEMINGTON,MELBOURNE,-37.796654,144.95126,2022,4,April,17,Afternoon Peak,Weekday
T20220008216,2022-04-12,17:00:00,1,Collision with vehicle,2,Tuesday,140,U TURN,1,715602,Not at intersection,2,80,Arterial Highway,MOOROODUC,FRANKSTON,-38.15741,145.13461,2022,4,April,17,Afternoon Peak,Weekday
T20220008219,2022-04-12,18:30:00,1,Collision with vehicle,2,Tuesday,130,REAR END(VEHICLES IN SAME LANE),5,38174,Cross intersection,3,60,Arterial Other,UPPER HEIDELBERG,BANYULE,-37.75955,145.05226,2022,4,April,18,Afternoon Peak,Weekday
T20220008201,2022-04-12,15:40:00,1,Collision with vehicle,2,Tuesday,130,REAR END(VEHICLES IN SAME LANE),1,728394,T intersection,3,60,Arterial Highway,BASS HIGHWAY -GRAHAM,BASS COAST,-38.605076,145.60107,2022,4,April,15,Afternoon Peak,Weekday
T20220008222,2022-04-12,16:40:00,6,Vehicle overturned (no collision),2,Tuesday,180,OFF CARRIAGEWAY ON RIGHT BEND,1,781671,Not at intersection,3,100,Local Road,MEREDITH-MT MERCER,GOLDEN PLAINS,-37.80856,143.91882,2022,4,April,16,Afternoon Peak,Weekday
T20220008225,2022-04-12,18:30:00,1,Collision with vehicle,2,Tuesday,121,RIGHT THROUGH,3,345969,T intersection,2,80,Arterial Highway,SOUTH GIPPSLAND,CASEY,-38.13268,145.29549,2022,4,April,18,Afternoon Peak,Weekday
T20220008286,2022-04-12,18:45:00,3,Struck animal,2,Tuesday,167,STRUCK ANIMAL,2,709502,Not at intersection,3,100,Local Road,DEEP LEAD,NORTHERN GRAMPIANS,-37.027706,142.75047,2022,4,April,18,Afternoon Peak,Weekday
T20220008328,2022-04-12,14:12:00,1,Collision with vehicle,2,Tuesday,110,CROSS TRAFFIC(INTERSECTIONS ONLY),1,43915,Cross intersection,3,80,Arterial Other,CLYDE-FIVE WAYS,CASEY,-38.118744,145.32716,2022,4,April,14,Midday,Weekday
T20220008231,2022-04-12,18:15:00,1,Collision with vehicle,2,Tuesday,130,REAR END(VEHICLES IN SAME LANE),2,713679,Not at intersection,3,60,Local Road,STERNBERG,BENDIGO,-36.76896,144.29216,2022,4,April,18,Afternoon Peak,Weekday
T20220008232,2022-04-12,14:35:00,4,Collision with a fixed object,2,Tuesday,173,RIGHT OFF CARRIAGEWAY INTO OBJECT/PARKED VEHICLE,1,725102,Not at intersection,3,50,Local Road,STALWART,MORNINGTON PENINSULA,-38.299194,145.17218,2022,4,April,14,Midday,Weekday
T20220010608,2022-04-12,17:50:00,1,Collision with vehicle,2,Tuesday,130,REAR END(VEHICLES IN SAME LANE),2,713743,Cross intersection,3,60,Arterial Other,CLAYTON,MONASH,-37.923847,145.11998,2022,4,April,17,Afternoon Peak,Weekday
T20220008304,2022-04-13,12:50:00,1,Collision with vehicle,3,Wednesday,140,U TURN,1,713625,Not at intersection,3,100,Arterial Highway,BASS,BASS COAST,-38.61502,145.64394,2022,4,April,12,Midday,Weekday
T20220008303,2022-04-13,11:20:00,1,Collision with vehicle,3,Wednesday,110,CROSS TRAFFIC(INTERSECTIONS ONLY),1,50295,Cross intersection,2,50,Local Road,SHEEPWASH,GEELONG,-38.26709,144.48993,2022,4,April,11,Midday,Weekday
T20220008298,2022-04-13,12:09:00,1,Collision with vehicle,3,Wednesday,111,RIGHT FAR (INTERSECTIONS ONLY),1,263109,T intersection,3,70,Arterial Highway,NORTH,MONASH,-37.913914,145.12439,2022,4,April,12,Midday,Weekday
T20220008296,2022-04-13,12:21:00,1,Collision with vehicle,3,Wednesday,130,REAR END(VEHICLES IN SAME LANE),1,755717,Not at intersection,2,80,Arterial Highway,FRANKSTON-DANDENONG,FRANKSTON,-38.11661,145.15167,2022,4,April,12,Midday,Weekday
T20220008295,2022-04-13,08:55:00,2,Struck Pedestrian,3,Wednesday,102,FAR SIDE. PED HIT BY VEHICLE FROM THE LEFT,1,40237,Cross intersection,2,50,Arterial Other,TOORAK,STONNINGTON,-37.84276,145.02293,2022,4,April,8,Morning Peak,Weekday
T20220008292,2022-04-13,07:00:00,1,Collision with vehicle,3,Wednesday,121,RIGHT THROUGH,1,1030,Cross intersection,3,60,Arterial Other,WESTERN PORT,MORNINGTON PENINSULA,-38.285446,145.18843,2022,4,April,7,Morning Peak,Weekday
T20220008291,2022-04-13,12:45:00,1,Collision with vehicle,3,Wednesday,130,REAR END(VEHICLES IN SAME LANE),1,710092,Cross intersection,3,60,Arterial Other,MACEDON,HUME,-37.57683,144.73135,2022,4,April,12,Midday,Weekday
T20220008537,2022-04-13,15:23:00,1,Collision with vehicle,3,Wednesday,113,RIGHT NEAR (INTERSECTIONS ONLY),1,18273,T intersection,3,60,Arterial Highway,BENALLA,SHEPPARTON,-36.386135,145.42438,2022,4,April,15,Afternoon Peak,Weekday
T20220008621,2022-04-13,14:00:00,1,Collision with vehicle,3,Wednesday,131,LEFT REAR,1,709982,Not at intersection,3,80,Arterial Highway,DANDENONG,MONASH,-37.918953,145.13426,2022,4,April,14,Midday,Weekday
T20220008289,2022-04-13,07:55:00,1,Collision with vehicle,3,Wednesday,133,LANE SIDE SWIPE (VEHICLES IN PARALLEL LANES),1,774245,Not at intersection,2,80,Freeway,MONASH,MONASH,-37.893997,145.14014,2022,4,April,7,Morning Peak,Weekday
T20220008288,2022-04-13,08:40:00,6,Vehicle overturned (no collision),3,Wednesday,170,OFF CARRIAGEWAY TO LEFT,1,709595,Not at intersection,3,80,Local Road,MERRICKS,MORNINGTON PENINSULA,-38.35379,145.07538,2022,4,April,8,Morning Peak,Weekday
T20220012800,2022-04-13,19:26:00,1,Collision with vehicle,3,Wednesday,130,REAR END(VEHICLES IN SAME LANE),3,715001,Not at intersection,3,40,Local Road,GLASSCOCKS,CASEY,-38.074104,145.33218,2022,4,April,19,Night,Weekday
T20220008284,2022-04-13,12:09:00,1,Collision with vehicle,3,Wednesday,130,REAR END(VEHICLES IN SAME LANE),1,202124,Not at intersection,3,60,Arterial Highway,KINGS,MELBOURNE,-37.83123,144.96577,2022,4,April,12,Midday,Weekday
T20220008282,2022-04-13,07:00:00,1,Collision with vehicle,3,Wednesday,130,REAR END(VEHICLES IN SAME LANE),2,774204,Not at intersection,2,80,Arterial Highway,PRINCES,LATROBE,-38.210133,146.49007,2022,4,April,7,Morning Peak,Weekday
T20220008281,2022-04-13,08:15:00,2,Struck Pedestrian,3,Wednesday,102,FAR SIDE. PED HIT BY VEHICLE FROM THE LEFT,1,709594,Not at intersection,3,60,Arterial Other,CANTERBURY,WHITEHORSE,-37.829517,145.12866,2022,4,April,8,Morning Peak,Weekday
T20220008280,2022-04-13,06:00:00,4,Collision with a fixed object,3,Wednesday,173,RIGHT OFF CARRIAGEWAY INTO OBJECT/PARKED VEHICLE,1,713622,Not at intersection,3,60,Arterial Other,ELONERA,DANDENONG,-37.961433,145.18875,2022,4,April,6,Morning Peak,Weekday
T20220013558,2022-04-13,20:10:00,1,Collision with vehicle,3,Wednesday,111,RIGHT FAR (INTERSECTIONS ONLY),3,30022,Cross intersection,3,60,Arterial Other,PRINCES,BALLARAT,-37.561974,143.87033,2022,4,April,20,Night,Weekday
T20220008275,2022-04-13,08:30:00,1,Collision with vehicle,3,Wednesday,130,REAR END(VEHICLES IN SAME LANE),1,49929,Cross intersection,3,60,Arterial Highway,ABERDEEN,GEELONG,-38.14676,144.34712,2022,4,April,8,Morning Peak,Weekday
T20220008888,2022-04-13,06:15:00,3,Struck animal,3,Wednesday,167,STRUCK ANIMAL,2,774211,Not at intersection,2,80,Arterial Other,MELTON,MACEDON RANGES,-37.50243,144.57834,2022,4,April,6,Morning Peak,Weekday
T20220008273,2022-04-13,10:04:00,1,Collision with vehicle,3,Wednesday,130,REAR END(VEHICLES IN SAME LANE),1,713621,Not at intersection,3,60,Arterial Other,WAVERLEY,STONNINGTON,-37.8794,145.07544,2022,4,April,10,Midday,Weekday
T20220010000,2022-04-13,22:30:00,4,Collision with a fixed object,3,Wednesday,173,RIGHT OFF CARRIAGEWAY INTO OBJECT/PARKED VEHICLE,3,714179,T intersection,3,50,Local Road,DESMOND,MARIBYRNONG,-37.78307,144.87329,2022,4,April,22,Night,Weekday
T20220008257,2022-04-13,04:30:00,4,Collision with a fixed object,3,Wednesday,179,OTHER ACCIDENTS-OFF STRAIGHT NOT INCLUDED IN DCAs 170-175,5,721358,Not at intersection,2,40,Arterial Highway,WESTERN,HINDMARSH,-36.38122,141.91475,2022,4,April,4,Late Night,Weekday
T20220008847,2022-04-13,18:10:00,1,Collision with vehicle,3,Wednesday,130,REAR END(VEHICLES IN SAME LANE),2,774210,Not at intersection,2,100,Arterial Other,FOOTSCRAY-CAROLINE SPRINGS,MELTON,-37.756474,144.74007,2022,4,April,18,Afternoon Peak,Weekday
T20220008737,2022-04-13,09:22:00,1,Collision with vehicle,3,Wednesday,121,RIGHT THROUGH,1,41229,Cross intersection,3,60,Local Road,KOOYONG,GLEN EIRA,-37.884975,145.01515,2022,4,April,9,Morning Peak,Weekday
T20220008383,2022-04-13,19:45:00,1,Collision with vehicle,3,Wednesday,130,REAR END(VEHICLES IN SAME LANE),3,37951,T intersection,3,40,Local Road,DENNIS,DAREBIN,-37.765656,144.9994,2022,4,April,19,Night,Weekday