ACCIDENT_NO,ACCIDENT_DATE,ACCIDENT_TIME,ACCIDENT_TYPE,ACCIDENT_TYPE_DESC,DAY_OF_WEEK,DAY_WEEK_DESC,DCA_CODE,DCA_DESC,LIGHT_CONDITION,NODE_ID,ROAD_GEOMETRY_DESC,SEVERITY,SPEED_ZONE,RMA,ROAD_NAME,LGA_NAME,LATITUDE,LONGITUDE,YEAR,MONTH,MONTH_NAME,HOUR,TIME_PERIOD,DAY_TYPE
T20220008254,2022-04-13,03:05:00,1,Collision with vehicle,3,Wednesday,110,CROSS TRAFFIC(INTERSECTIONS ONLY),5,65442,Cross intersection,3,80,Local Road,BOUNDARY,MELTON,-37.803017,144.67772,2022,4,April,3,Late Night,Weekday
T20220010065,2022-04-13,17:34:00,1,Collision with vehicle,3,Wednesday,113,RIGHT NEAR (INTERSECTIONS ONLY),1,49880,Multiple intersection,3,50,Local Road,GINN,GEELONG,-38.13931,144.35469,2022,4,April,17,Afternoon Peak,Weekday
T20220008333,2022-04-13,17:48:00,1,Collision with vehicle,3,Wednesday,110,CROSS TRAFFIC(INTERSECTIONS ONLY),2,43917,Cross intersection,2,80,Arterial Other,CLYDE-FIVE WAYS,CASEY,-38.1335,145.32426,2022,4,April,17,Afternoon Peak,Weekday
T20220008330,2022-04-13,14:58:00,1,Collision with vehicle,3,Wednesday,121,RIGHT THROUGH,1,715752,Not at intersection,2,50,Local Road,INKERMAN,PORT PHILLIP,-37.86457,144.9854,2022,4,April,14,Midday,Weekday
T20220008372,2022-04-13,16:10:00,1,Collision with vehicle,3,Wednesday,113,RIGHT NEAR (INTERSECTIONS ONLY),1,36779,Cross intersection,3,60,Arterial Other,LORIMER,MELBOURNE,-37.823193,144.93782,2022,4,April,16,Afternoon Peak,Weekday
T20220008327,2022-04-13,16:40:00,1,Collision with vehicle,3,Wednesday,130,REAR END(VEHICLES IN SAME LANE),1,710555,Not at intersection,3,50,Arterial Other,MCDONALDS,WHITTLESEA,-37.649677,145.07147,2022,4,April,16,Afternoon Peak,Weekday
T20220008321,2022-04-13,17:09:00,6,Vehicle overturned (no collision),3,Wednesday,170,OFF CARRIAGEWAY TO LEFT,1,713624,Not at intersection,3,60,Local Road,HERTFORD,BRIMBANK,-37.781864,144.83824,2022,4,April,17,Afternoon Peak,Weekday
T20220008387,2022-04-13,16:10:00,1,Collision with vehicle,3,Wednesday,140,U TURN,1,713626,Not at intersection,3,60,Arterial Other,KORUMBURRA-WARRAGUL,BAW BAW,-38.173527,145.9312,2022,4,April,16,Afternoon Peak,Weekday
T20220008315,2022-04-13,15:40:00,1,Collision with vehicle,3,Wednesday,130,REAR END(VEHICLES IN SAME LANE),1,225466,Not at intersection,3,90,Freeway,MORNINGTON PENINSULA,DANDENONG,-38.024933,145.13394,2022,4,April,15,Afternoon Peak,Weekday
T20220008269,2022-04-13,08:30:00,1,Collision with vehicle,3,Wednesday,133,LANE SIDE SWIPE (VEHICLES IN PARALLEL LANES),1,718139,Not at intersection,2,80,Freeway,METROPOLITAN RING,MORELAND,-37.69175,144.96378,2022,4,April,8,Morning Peak,Weekday
T20220008312,2022-04-13,13:44:00,1,Collision with vehicle,3,Wednesday,110,CROSS TRAFFIC(INTERSECTIONS ONLY),1,44662,Cross intersection,2,60,Arterial Other,NAR NAR GOON-LONGWARRY,CARDINIA,-38.098927,145.71552,2022,4,April,13,Midday,Weekday
T20220008307,2022-04-13,12:06:00,1,Collision with vehicle,3,Wednesday,119,OTHER ADJACENT (INTERSECTIONS ONLY),1,29372,Multiple intersection,3,60,Arterial Highway,RACECOURSE,MELBOURNE,-37.789406,144.94217,2022,4,April,12,Midday,Weekday
T20220008351,2022-04-13,23:00:00,1,Collision with vehicle,3,Wednesday,130,REAR END(VEHICLES IN SAME LANE),3,29761,Cross intersection,3,80,Arterial Other,THOMPSONS,CASEY,-38.079994,145.25813,2022,4,April,23,Night,Weekday
T20220008345,2022-04-13,20:50:00,4,Collision with a fixed object,3,Wednesday,173,RIGHT OFF CARRIAGEWAY INTO OBJECT/PARKED VEHICLE,3,718141,Not at intersection,2,50,Local Road,STALWART,MORNINGTON PENINSULA,-38.298347,145.17216,2022,4,April,20,Night,Weekday
T20220008343,2022-04-13,15:38:00,1,Collision with vehicle,3,Wednesday,121,RIGHT THROUGH,1,710770,T intersection,3,60,Local Road,WILLIAMS,SHEPPARTON,-36.38084,145.422,2022,4,April,15,Afternoon Peak,Weekday
T20220008340,2022-04-13,17:30:00,1,Collision with vehicle,3,Wednesday,130,REAR END(VEHICLES IN SAME LANE),1,718419,Cross intersection,3,60,Arterial Other,MELVILLE,MORELAND,-37.76491,144.94376,2022,4,April,17,Afternoon Peak,Weekday
T20220008339,2022-04-13,20:00:00,1,Collision with vehicle,3,Wednesday,130,REAR END(VEHICLES IN SAME LANE),3,714158,Not at intersection,2,100,Freeway,MONASH,CASEY,-37.995193,145.26505,2022,4,April,20,Night,Weekday
T20220008336,2022-04-13,16:25:00,1,Collision with vehicle,3,Wednesday,130,REAR END(VEHICLES IN SAME LANE),1,710093,Not at intersection,3,40,Arterial Highway,MAIN,YARRA RANGES,-37.756577,145.34573,2022,4,April,16,Afternoon Peak,Weekday
T20220008473,2022-04-13,20:00:00,1,Collision with vehicle,3,Wednesday,121,RIGHT THROUGH,9,36834,Cross intersection,2,40,Arterial Other,KING,MELBOURNE,-37.815403,144.95528,2022,4,April,20,Night,Weekday
T20220008354,2022-04-14,02:05:00,1,Collision with vehicle,4,Thursday,114,TWO RIGHT TURNING (INTERSECTIONS ONLY),3,29369,Multiple intersection,2,60,Arterial Other,MACAULAY,MELBOURNE,-37.795433,144.93887,2022,4,April,2,Late Night,Weekday
T20220008443,2022-04-14,15:45:00,2,Struck Pedestrian,4,Thursday,102,FAR SIDE. PED HIT BY VEHICLE FROM THE LEFT,1,45450,T intersection,3,50,Arterial Other,PASCOE VALE,MOONEE VALLEY,-37.744293,144.92761,2022,4,April,15,Afternoon Peak,Weekday
T20220008442,2022-04-14,16:08:00,4,Collision with a fixed object,4,Thursday,173,RIGHT OFF CARRIAGEWAY INTO OBJECT/PARKED VEHICLE,1,710803,Not at intersection,3,60,Arterial Other,BALLARAT,MARIBYRNONG,-37.779022,144.84729,2022,4,April,16,Afternoon Peak,Weekday
T20220008441,2022-04-14,19:20:00,1,Collision with vehicle,4,Thursday,135,LANE CHANGE LEFT (NOT OVERTAKING),3,774207,Not at intersection,2,100,Arterial Other,FRANKSTON-FLINDERS,MORNINGTON PENINSULA,-38.403225,145.0718,2022,4,April,19,Night,Weekday
T20220008440,2022-04-14,20:05:00,1,Collision with vehicle,4,Thursday,121,RIGHT THROUGH,3,36278,Cross intersection,3,60,Local Road,QUEENSBERRY,MELBOURNE,-37.80456,144.96326,2022,4,April,20,Night,Weekday
T20220008747,2022-04-14,07:00:00,1,Collision with vehicle,4,Thursday,147,VEHICLE STRIKES ANOTHER VEH WHILE EMERGING FROM DRIVEWAY,1,226252,Not at intersection,3,60,Local Road,CAROLINE SPRINGS,MELTON,-37.754898,144.73978,2022,4,April,7,Morning Peak,Weekday
T20220008787,2022-04-14,16:35:00,1,Collision with vehicle,4,Thursday,116,LEFT NEAR (INTERSECTIONS ONLY),1,45241,T intersection,2,60,Arterial Other,RALEIGH,MARIBYRNONG,-37.768932,144.89172,2022,4,April,16,Afternoon Peak,Weekday
T20220008382,2022-04-14,09:22:00,1,Collision with vehicle,4,Thursday,130,REAR END(VEHICLES IN SAME LANE),1,711292,Not at intersection,3,100,Freeway,PRINCES,HOBSONS BAY,-37.85763,144.77826,2022,4,April,9,Morning Peak,Weekday
T20220015126,2022-04-14,14:00:00,1,Collision with vehicle,4,Thursday,130,REAR END(VEHICLES IN SAME LANE),1,720545,Not at intersection,3,60,Arterial Other,VICTORIA,YARRA,-37.808044,144.97621,2022,4,April,14,Midday,Weekday
T20220008380,2022-04-14,08:11:00,1,Collision with vehicle,4,Thursday,121,RIGHT THROUGH,1,713629,Not at intersection,3,40,Local Road,LA TROBE,MELBOURNE,-37.81002,144.96236,2022,4,April,8,Morning Peak,Weekday
T20220008439,2022-04-14,15:20:00,1,Collision with vehicle,4,Thursday,160,VEHICLE COLLIDES WITH VEHICLE PARKED ON LEFT OF ROAD,1,715193,Not at intersection,2,40,Local Road,LAVA,WARRNAMBOOL,-38.382378,142.48622,2022,4,April,15,Afternoon Peak,Weekday
T20220008378,2022-04-14,10:20:00,1,Collision with vehicle,4,Thursday,134,LANE CHANGE RIGHT (NOT OVERTAKING),1,719293,Not at intersection,3,40,Local Road,FRANKLIN,MELBOURNE,-37.80825,144.96014,2022,4,April,10,Midday,Weekday
T20220008437,2022-04-14,18:00:00,1,Collision with vehicle,4,Thursday,130,REAR END(VEHICLES IN SAME LANE),3,711477,Not at intersection,3,70,Arterial Other,POUND,CASEY,-38.050827,145.29901,2022,4,April,18,Afternoon Peak,Weekday
T20220008433,2022-04-14,18:50:00,3,Struck animal,4,Thursday,167,STRUCK ANIMAL,2,719502,Not at intersection,3,80,Local Road,SIXTEENTH,MILDURA,-34.24861,142.16568,2022,4,April,18,Afternoon Peak,Weekday
T20220008430,2022-04-14,15:20:00,1,Collision with vehicle,4,Thursday,152,PULLING OUT (OVERTAKING),1,737082,Not at intersection,2,50,Local Road,LISTON,GEELONG,-38.099613,144.32689,2022,4,April,15,Afternoon Peak,Weekday
T20220008429,2022-04-14,16:40:00,1,Collision with vehicle,4,Thursday,175,OFF END OF ROAD/T-INTERSECTION.,2,36675,T intersection,3,50,Arterial Other,PASCOE VALE,HUME,-37.6518,144.93039,2022,4,April,16,Afternoon Peak,Weekday
T20220008425,2022-04-14,15:50:00,1,Collision with vehicle,4,Thursday,110,CROSS TRAFFIC(INTERSECTIONS ONLY),1,36264,Cross intersection,2,60,Arterial Other,VICTORIA,MELBOURNE,-37.806656,144.96289,2022,4,April,15,Afternoon Peak,Weekday
T20220008423,2022-04-14,15:51:00,3,Struck animal,4,Thursday,167,STRUCK ANIMAL,1,718142,Not at intersection,3,100,Local Road,STEIGENBERGER,CAMPASPE,-36.6263,145.11217,2022,4,April,15,Afternoon Peak,Weekday
T20220008420,2022-04-14,16:51:00,1,Collision with vehicle,4,Thursday,147,VEHICLE STRIKES ANOTHER VEH WHILE EMERGING FROM DRIVEWAY,1,713630,Not at intersection,2,60,Local Road,THE GRAND,MARIBYRNONG,-37.785084,144.89462,2022,4,April,16,Afternoon Peak,Weekday
T20220008942,2022-04-14,18:15:00,1,Collision with vehicle,4,Thursday,130,REAR END(VEHICLES IN SAME LANE),1,713632,Not at intersection,3,60,Arterial Other,HIGH,STONNINGTON,-37.853348,145.00432,2022,4,April,18,Afternoon Peak,Weekday
T20220009919,2022-04-14,09:30:00,6,Vehicle overturned (no collision),4,Thursday,174,OUT OF CONTROL ON CARRIAGEWAY (ON STRAIGHT),1,711313,T intersection,2,60,Arterial Other,ELONERA ROAD -JACKSONS,DANDENONG,-37.956436,145.1917,2022,4,April,9,Morning Peak,Weekday
T20220009837,2022-04-14,20:15:00,1,Collision with vehicle,4,Thursday,116,LEFT NEAR (INTERSECTIONS ONLY),3,89895,T intersection,3,60,Arterial Other,KOROROIT CREEK,HOBSONS BAY,-37.848797,144.82278,2022,4,April,20,Night,Weekday
T20220019291,2022-04-14,17:15:00,2,Struck Pedestrian,4,Thursday,100,PED NEAR SIDE. PED HIT BY VEHICLE FROM THE RIGHT.,1,774271,Cross intersection,3,60,Local Road,MORRIS,WYNDHAM,-37.846115,144.70715,2022,4,April,17,Afternoon Peak,Weekday
T20220010850,2022-04-14,18:20:00,1,Collision with vehicle,4,Thursday,130,REAR END(VEHICLES IN SAME LANE),3,713634,Not at intersection,3,80,Arterial Highway,DANDENONG,MONASH,-37.91534,145.12846,2022,4,April,18,Afternoon Peak,Weekday
T20220012896,2022-04-14,07:15:00,1,Collision with vehicle,4,Thursday,130,REAR END(VEHICLES IN SAME LANE),1,778548,Cross intersection,3,50,Local Road,ORCHARD,WHITTLESEA,-37.6129,145.13693,2022,4,April,7,Morning Peak,Weekday
T20220022915,2022-04-14,17:30:00,1,Collision with vehicle,4,Thursday,130,REAR END(VEHICLES IN SAME LANE),2,728580,Not at intersection,3,60,Arterial Other,OLD GEELONG,WYNDHAM,-37.851788,144.76775,2022,4,April,17,Afternoon Peak,Weekday
T20220008377,2022-04-14,07:20:00,1,Collision with vehicle,4,Thursday,131,LEFT REAR,1,357217,Cross intersection,3,60,Arterial Highway,HEATHERDALE,WHITEHORSE,-37.817318,145.21336,2022,4,April,7,Morning Peak,Weekday
T20220008668,2022-04-14,17:30:00,6,Vehicle overturned (no collision),4,Thursday,170,OFF CARRIAGEWAY TO LEFT,1,710265,Not at intersection,3,50,Local Road,CORNWALL,MORELAND,-37.756504,144.94945,2022,4,April,17,Afternoon Peak,Weekday
T20220008498,2022-04-14,11:54:00,1,Collision with vehicle,4,Thursday,121,RIGHT THROUGH,1,709666,Not at intersection,2,40,Local Road,GEORGE,LATROBE,-38.23862,146.39803,2022,4,April,11,Midday,Weekday
T20220008477,2022-04-14,12:40:00,1,Collision with vehicle,4,Thursday,120,HEAD ON (NOT OVERTAKING),1,709740,Not at intersection,3,50,Local Road,NELSON,CASEY,-38.119946,145.30385,2022,4,April,12,Midday,Weekday
T20220008415,2022-04-14,12:50:00,4,Collision with a fixed object,4,Thursday,171,LEFT OFF CARRIAGEWAY INTO OBJECT/PARKED VEHICLE,1,781702,Not at intersection,3,80,Arterial Other,DONNYBROOK,HUME,-37.540947,144.95056,2022,4,April,12,Midday,Weekday
T20220008413,2022-04-14,15:34:00,1,Collision with vehicle,4,Thursday,116,LEFT NEAR (INTERSECTIONS ONLY),1,35352,Cross intersection,2,60,Arterial Other,CLARENDON,MELBOURNE,-37.826637,144.95764,2022,4,April,15,Afternoon Peak,Weekday
T20220008412,2022-04-14,15:00:00,1,Collision with vehicle,4,Thursday,150,HEAD ON(OVERTAKING),1,64396,T intersection,2,60,Arterial Other,HIGH,MANNINGHAM,-37.780457,145.11198,2022,4,April,15,Afternoon Peak,Weekday
T20220008409,2022-04-14,13:28:00,1,Collision with vehicle,4,Thursday,130,REAR END(VEHICLES IN SAME LANE),1,715192,Cross intersection,2,60,Local Road,RUBICON,BALLARAT,-37.581875,143.83733,2022,4,April,13,Midday,Weekday
T20220008405,2022-04-14,14:41:00,1,Collision with vehicle,4,Thursday,130,REAR END(VEHICLES IN SAME LANE),1,714508,Not at intersection,2,80,Arterial Highway,FRANKSTON-DANDENONG,FRANKSTON,-38.10074,145.17143,2022,4,April,14,Midday,Weekday
T20220008452,2022-04-14,23:15:00,2,Struck Pedestrian,4,Thursday,100,PED NEAR SIDE. PED HIT BY VEHICLE FROM THE RIGHT.,3,727217,Cross intersection,1,60,Arterial Highway,BRIGHTON,PORT PHILLIP,-37.87071,144.98877,2022,4,April,23,Night,Weekday
T20220008450,2022-04-14,19:00:00,4,Collision with a fixed object,4,Thursday,181,OFF RIGHT BEND INTO OBJECT/PARKED VEHICLE,2,713631,Not at intersection,3,80,Arterial Other,MT BAW BAW TOURIST,BAW BAW,-37.830273,146.16064,2022,4,April,19,Night,Weekday
T20220008449,2022-04-14,15:00:00,1,Collision with vehicle,4,Thursday,160,VEHICLE COLLIDES WITH VEHICLE PARKED ON LEFT OF ROAD,1,778634,Not at intersection,3,50,Local Road,CARINISH,MONASH,-37.916862,145.11069,2022,4,April,15,Afternoon Peak,Weekday
T20220013575,2022-04-14,03:30:00,4,Collision with a fixed object,4,Thursday,171,LEFT OFF CARRIAGEWAY INTO OBJECT/PARKED VEHICLE,5,715395,Not at intersection,3,80,Arterial Other,MANSFIELD-WHITFIELD,MANSFIELD,-36.919315,146.27136,2022,4,April,3,Late Night,Weekday
T20220008400,2022-04-14,13:50:00,1,Collision with vehicle,4,Thursday,152,PULLING OUT (OVERTAKING),1,713627,Y intersection,3,100,Arterial Other,BENGWORDEN,EAST GIPPSLAND,-37.950096,147.51999,2022,4,April,13,Midday,Weekday
T20220008374,2022-04-14,08:00:00,1,Collision with vehicle,4,Thursday,130,REAR END(VEHICLES IN SAME LANE),1,713764,Not at intersection,3,40,Local Road,YOUNG,FRANKSTON,-38.14503,145.12366,2022,4,April,8,Morning Peak,Weekday
T20220008399,2022-04-14,10:00:00,1,Collision with vehicle,4,Thursday,130,REAR END(VEHICLES IN SAME LANE),1,39314,Cross intersection,3,50,Arterial Other,STATION,WHITEHORSE,-37.81368,145.12477,2022,4,April,10,Midday,Weekday
T20220008369,2022-04-14,08:25:00,1,Collision with vehicle,4,Thursday,110,CROSS TRAFFIC(INTERSECTIONS ONLY),1,59154,Cross intersection,3,50,Local Road,ALEXANDRA,SHEPPARTON,-36.392807,145.359,2022,4,April,8,Morning Peak,Weekday
T20220008448,2022-04-14,20:09:00,1,Collision with vehicle,4,Thursday,130,REAR END(VEHICLES IN SAME LANE),3,288893,T intersection,3,40,Local Road,LEAKES,WYNDHAM,-37.840714,144.76208,2022,4,April,20,Night,Weekday
T20220008396,2022-04-14,13:20:00,1,Collision with vehicle,4,Thursday,130,REAR END(VEHICLES IN SAME LANE),1,709599,Not at intersection,3,60,Arterial Other,LOWER HEIDELBERG,BANYULE,-37.77271,145.0584,2022,4,April,13,Midday,Weekday
T20220008445,2022-04-14,21:18:00,1,Collision with vehicle,4,Thursday,120,HEAD ON (NOT OVERTAKING),3,710405,Not at intersection,2,60,Arterial Other,ASCOT VALE,MOONEE VALLEY,-37.77435,144.92361,2022,4,April,21,Night,Weekday
T20220008362,2022-04-14,07:53:00,1,Collision with vehicle,4,Thursday,171,LEFT OFF CARRIAGEWAY INTO OBJECT/PARKED VEHICLE,1,710802,Not at intersection,3,60,Freeway,WESTERN RING OUT-HUME,HUME,-37.69173,144.95808,2022,4,April,7,Morning Peak,Weekday
T20220008392,2022-04-14,12:15:00,4,Collision with a fixed object,4,Thursday,151,OUT OF CONTROL (OVERTAKING),1,781696,Not at intersection,3,60,Arterial Highway,PRINCES,WELLINGTON,-37.97209,147.07741,2022,4,April,12,Midday,Weekday
T20220008672,2022-04-15,11:30:00,1,Collision with vehicle,5,Friday,130,REAR END(VEHICLES IN SAME LANE),1,778854,Not at intersection,3,80,Arterial Highway,SOUTH GIPPSLAND,DANDENONG,-38.02077,145.23895,2022,4,April,11,Midday,Weekday
T20220008535,2022-04-15,10:30:00,8,No collision and no object struck,5,Friday,199,UNKNOWN-NO DETAILS ON MANOEUVRES OF ROAD-USERS IN ACCIDENT,1,781704,Cross intersection,3,40,Arterial Other,SYDNEY,MORELAND,-37.741337,144.9666,2022,4,April,10,Midday,Weekday
T20220008521,2022-04-15,17:49:00,4,Collision with a fixed object,5,Friday,171,LEFT OFF CARRIAGEWAY INTO OBJECT/PARKED VEHICLE,3,757691,Not at intersection,3,60,Local Road,HIGH,HOBSONS BAY,-37.864815,144.7739,2022,4,April,17,Afternoon Peak,Weekday
T20220008490,2022-04-15,14:16:00,1,Collision with vehicle,5,Friday,152,PULLING OUT (OVERTAKING),1,55134,T intersection,3,80,Local Road,BLACKWELLS,HUME,-37.634796,144.81712,2022,4,April,14,Midday,Weekday
T20220008502,2022-04-15,12:30:00,1,Collision with vehicle,5,Friday,113,RIGHT NEAR (INTERSECTIONS ONLY),1,17566,Cross intersection,3,100,Arterial Other,BARMAH-SHEPPARTON,MOIRA,-36.099022,145.22374,2022,4,April,12,Midday,Weekday
T20220008503,2022-04-15,09:10:00,1,Collision with vehicle,5,Friday,113,RIGHT NEAR (INTERSECTIONS ONLY),1,38217,T intersection,3,60,Arterial Other,LOWER HEIDELBERG,BANYULE,-37.762516,145.06819,2022,4,April,9,Morning Peak,Weekday
T20220008512,2022-04-15,18:38:00,1,Collision with vehicle,5,Friday,148,VEHICLE OFF FOOTPATH STRIKES VEH ON CARRIAGEWAY,3,921,Cross intersection,3,60,Arterial Highway,FRANKSTON-DANDENONG,FRANKSTON,-38.112686,145.1575,2022,4,April,18,Afternoon Peak,Weekday
T20220010771,2022-04-15,12:15:00,1,Collision with vehicle,5,Friday,110,CROSS TRAFFIC(INTERSECTIONS ONLY),1,43872,Cross intersection,3,60,Arterial Highway,DANDENONG-HASTINGS,CASEY,-38.13388,145.22847,2022,4,April,12,Midday,Weekday
T20220008509,2022-04-15,16:35:00,6,Vehicle overturned (no collision),5,Friday,174,OUT OF CONTROL ON CARRIAGEWAY (ON STRAIGHT),1,715721,Not at intersection,3,100,Local Road,WERONA,HEPBURN,-37.30107,144.07285,2022,4,April,16,Afternoon Peak,Weekday
T20220008515,2022-04-15,18:30:00,1,Collision with vehicle,5,Friday,160,VEHICLE COLLIDES WITH VEHICLE PARKED ON LEFT OF ROAD,1,709742,Not at intersection,3,50,Local Road,ADDICOTT,MELTON,-37.71662,144.75017,2022,4,April,18,Afternoon Peak,Weekday
T20220008517,2022-04-15,16:46:00,4,Collision with a fixed object,5,Friday,171,LEFT OFF CARRIAGEWAY INTO OBJECT/PARKED VEHICLE,1,761723,Not at intersection,2,100,Local Road,MT CLAY,GLENELG,-38.1679,141.68472,2022,4,April,16,Afternoon Peak,Weekday
T20220008522,2022-04-15,18:10:00,1,Collision with vehicle,5,Friday,120,HEAD ON (NOT OVERTAKING),5,711841,Not at intersection,2,80,Arterial Other,KIEWA VALLEY,WODONGA,-36.169952,146.95018,2022,4,April,18,Afternoon Peak,Weekday
T20220008506,2022-04-15,11:49:00,4,Collision with a fixed object,5,Friday,151,OUT OF CONTROL (OVERTAKING),1,758801,Not at intersection,2,100,Arterial Other,CAPE PATERSON,BASS COAST,-38.63468,145.60313,2022,4,April,11,Midday,Weekday
T20220008493,2022-04-15,14:08:00,1,Collision with vehicle,5,Friday,121,RIGHT THROUGH,1,337828,Cross intersection,2,80,Arterial Other,JELLS,MONASH,-37.90689,145.18906,2022,4,April,14,Midday,Weekday
T20220008500,2022-04-15,12:44:00,4,Collision with a fixed object,5,Friday,171,LEFT OFF CARRIAGEWAY INTO OBJECT/PARKED VEHICLE,1,713636,Not at intersection,3,60,Arterial Other,BELGRAVE-GEMBROOK,CARDINIA,-37.92655,145.4911,2022,4,April,12,Midday,Weekday
T20220008507,2022-04-15,16:20:00,4,Collision with a fixed object,5,Friday,171,LEFT OFF CARRIAGEWAY INTO OBJECT/PARKED VEHICLE,1,774808,Not at intersection,3,80,Local Road,MOORABINDA,CAMPASPE,-36.051025,144.6053,2022,4,April,16,Afternoon Peak,Weekday
T20220008496,2022-04-15,12:40:00,6,Vehicle overturned (no collision),5,Friday,170,OFF CARRIAGEWAY TO LEFT,1,710581,Not at intersection,2,100,Arterial Highway,WESTERN,HINDMARSH,-36.388634,141.50856,2022,4,April,12,Midday,Weekday
T20220008489,2022-04-15,10:20:00,1,Collision with vehicle,5,Friday,110,CROSS TRAFFIC(INTERSECTIONS ONLY),1,43080,Cross intersection,2,60,Local Road,LANGHORNE,DANDENONG,-37.992527,145.21986,2022,4,April,10,Midday,Weekday
T20220008487,2022-04-15,14:20:00,1,Collision with vehicle,5,Friday,163,VEHICLE STRIKES DOOR OF PARKED/STATIONARY VEHICLE,1,239475,Not at intersection,3,50,Arterial Other,JOHNSTON,YARRA,-37.798492,144.9799,2022,4,April,14,Midday,Weekday
T20220008484,2022-04-15,12:43:00,1,Collision with vehicle,5,Friday,121,RIGHT THROUGH,1,36813,Cross intersection,3,60,Arterial Other,NORMANBY,PORT PHILLIP,-37.828957,144.94844,2022,4,April,12,Midday,Weekday
T20220008483,2022-04-15,10:35:00,4,Collision with a fixed object,5,Friday,173,RIGHT OFF CARRIAGEWAY INTO OBJECT/PARKED VEHICLE,1,712569,Not at intersection,2,60,Local Road,SKYE,FRANKSTON,-38.13461,145.1482,2022,4,April,10,Midday,Weekday
T20220008478,2022-04-15,12:50:00,1,Collision with vehicle,5,Friday,148,VEHICLE OFF FOOTPATH STRIKES VEH ON CARRIAGEWAY,1,709867,Not at intersection,3,60,Arterial Other,SPENCER,MELBOURNE,-37.82199,144.95549,2022,4,April,12,Midday,Weekday
T20220008476,2022-04-15,11:56:00,1,Collision with vehicle,5,Friday,130,REAR END(VEHICLES IN SAME LANE),1,718421,Not at intersection,2,100,Arterial Highway,MURRAY VALLEY,MOIRA,-35.925484,145.4989,2022,4,April,11,Midday,Weekday
T20220011720,2022-04-15,12:00:00,5,collision with some other object,5,Friday,166,STRUCK OBJECT ON CARRIAGEWAY,1,774266,Not at intersection,3,40,Local Road,ROSE,YARRA,-37.79593,144.97867,2022,4,April,12,Midday,Weekday
T20220008511,2022-04-15,14:20:00,1,Collision with vehicle,5,Friday,113,RIGHT NEAR (INTERSECTIONS ONLY),1,104592,Multiple intersection,3,80,Freeway,CRANBOURNE,FRANKSTON,-38.155704,145.16748,2022,4,April,14,Midday,Weekday
T20220008465,2022-04-15,08:24:00,1,Collision with vehicle,5,Friday,120,HEAD ON (NOT OVERTAKING),1,709665,Not at intersection,2,80,Arterial Other,WELLINGTON,YARRA RANGES,-37.961163,145.361,2022,4,April,8,Morning Peak,Weekday
T20220008462,2022-04-15,07:00:00,6,Vehicle overturned (no collision),5,Friday,180,OFF CARRIAGEWAY ON RIGHT BEND,1,719297,Not at intersection,2,100,Arterial Other,COLERAINE-EDENHOPE,WEST WIMMERA,-37.084286,141.36238,2022,4,April,7,Morning Peak,Weekday
T20220008526,2022-04-15,03:30:00,4,Collision with a fixed object,5,Friday,183,OFF LEFT BEND INTO OBJECT/PARKED VEHICLE,6,727935,Not at intersection,2,50,Local Road,BRAESIDE,YARRA RANGES,-37.77963,145.56236,2022,4,April,3,Late Night,Weekday
T20220009934,2022-04-15,03:45:00,3,Struck animal,5,Friday,167,STRUCK ANIMAL,5,715162,Not at intersection,3,100,Freeway,BEACH-PRINCES IN,GEELONG,-38.01145,144.47157,2022,4,April,3,Late Night,Weekday
T20220009031,2022-04-15,19:00:00,8,No collision and no object struck,5,Friday,174,OUT OF CONTROL ON CARRIAGEWAY (ON STRAIGHT),1,257183,T intersection,3,50,Local Road,BLACK WATTLE,FRANKSTON,-38.089573,145.18793,2022,4,April,19,Night,Weekday
T20220009001,2022-04-15,16:20:00,1,Collision with vehicle,5,Friday,160,VEHICLE COLLIDES WITH VEHICLE PARKED ON LEFT OF ROAD,1,719300,Not at intersection,2,60,Local Road,WEATHERALL,BAYSIDE,-37.971474,145.04643,2022,4,April,16,Afternoon Peak,Weekday
T20220010990,2022-04-15,08:14:00,3,Struck animal,5,Friday,167,STRUCK ANIMAL,1,780085,Not at intersection,3,100,Arterial Highway,MIDLAND,BENDIGO,-36.609886,144.52151,2022,4,April,8,Morning Peak,Weekday
T20220008549,2022-04-16,13:30:00,1,Collision with vehicle,6,Saturday,130,REAR END(VEHICLES IN SAME LANE),1,713748,Not at intersection,3,60,Arterial Other,YORK,YARRA RANGES,-37.7867,145.38042,2022,4,April,13,Midday,Weekend
T20220008538,2022-04-16,10:09:00,1,Collision with vehicle,6,Saturday,121,RIGHT THROUGH,1,709870,Not at intersection,2,60,Arterial Other,ESPLANADE,MORNINGTON PENINSULA,-38.2704,145.00879,2022,4,April,10,Midday,Weekend
T20220008539,2022-04-16,11:08:00,2,Struck Pedestrian,6,Saturday,100,PED NEAR SIDE. PED HIT BY VEHICLE FROM THE RIGHT.,1,29781,Cross intersection,3,40,Local Road,CRAMER,DAREBIN,-37.74037,145.00365,2022,4,April,11,Midday,Weekend
T20220008603,2022-04-16,15:50:00,8,No collision and no object struck,6,Saturday,172,OFF CARRIAGEWAY TO RIGHT,1,710847,Not at intersection,3,40,Arterial Other,TIMBOON-NULLAWARRE,CORANGAMITE,-38.47808,142.95364,2022,4,April,15,Afternoon Peak,Weekend
T20220008541,2022-04-16,11:00:00,1,Collision with vehicle,6,Saturday,110,CROSS TRAFFIC(INTERSECTIONS ONLY),1,15485,Cross intersection,3,100,Arterial Other,VENTNOR,BASS COAST,-38.46361,145.20143,2022,4,April,11,Midday,Weekend