ACCIDENT_NO,ACCIDENT_DATE,ACCIDENT_TIME,ACCIDENT_TYPE,ACCIDENT_TYPE_DESC,DAY_OF_WEEK,DAY_WEEK_DESC,DCA_CODE,DCA_DESC,LIGHT_CONDITION,NODE_ID,ROAD_GEOMETRY_DESC,SEVERITY,SPEED_ZONE,RMA,ROAD_NAME,LGA_NAME,LATITUDE,LONGITUDE,YEAR,MONTH,MONTH_NAME,HOUR,TIME_PERIOD,DAY_TYPE
T20220008587,2022-04-16,19:50:00,2,Struck Pedestrian,6,Saturday,100,PED NEAR SIDE. PED HIT BY VEHICLE FROM THE RIGHT.,6,719298,T intersection,3,50,Local Road,FINDLAY,BASS COAST,-38.45021,145.242,2022,4,April,19,Night,Weekend
T20220008550,2022-04-16,14:57:00,1,Collision with vehicle,6,Saturday,171,LEFT OFF CARRIAGEWAY INTO OBJECT/PARKED VEHICLE,1,711894,Not at intersection,3,60,Local Road,SISELY,WANGARATTA,-36.36012,146.30643,2022,4,April,14,Midday,Weekend
T20220008554,2022-04-16,15:56:00,4,Collision with a fixed object,6,Saturday,171,LEFT OFF CARRIAGEWAY INTO OBJECT/PARKED VEHICLE,1,781712,Not at intersection,3,100,Arterial Highway,HAMILTON,MOYNE,-37.942158,142.50545,2022,4,April,15,Afternoon Peak,Weekend
T20220008555,2022-04-16,18:15:00,1,Collision with vehicle,6,Saturday,160,VEHICLE COLLIDES WITH VEHICLE PARKED ON LEFT OF ROAD,3,713790,Not at intersection,2,60,Local Road,WOOTTEN,WYNDHAM,-37.85229,144.66103,2022,4,April,18,Afternoon Peak,Weekend
T20220008556,2022-04-16,17:50:00,2,Struck Pedestrian,6,Saturday,100,PED NEAR SIDE. PED HIT BY VEHICLE FROM THE RIGHT.,1,50992,Cross intersection,2,60,Arterial Highway,NUMURKAH ROAD -WYNDHAM,SHEPPARTON,-36.366673,145.40224,2022,4,April,17,Afternoon Peak,Weekend
T20220008557,2022-04-16,06:03:00,1,Collision with vehicle,6,Saturday,130,REAR END(VEHICLES IN SAME LANE),3,713959,Not at intersection,3,70,Arterial Other,POUND,CASEY,-38.026264,145.24689,2022,4,April,6,Morning Peak,Weekend
T20220008579,2022-04-16,20:40:00,4,Collision with a fixed object,6,Saturday,173,RIGHT OFF CARRIAGEWAY INTO OBJECT/PARKED VEHICLE,3,723281,Not at intersection,2,80,Local Road,MCARTHURS,WHITTLESEA,-37.622944,145.09654,2022,4,April,20,Night,Weekend
T20220008558,2022-04-16,15:15:00,4,Collision with a fixed object,6,Saturday,171,LEFT OFF CARRIAGEWAY INTO OBJECT/PARKED VEHICLE,1,785513,Not at intersection,2,100,Local Road,MURRINDINDI,MURRINDINDI,-37.400097,145.55959,2022,4,April,15,Afternoon Peak,Weekend
T20220008559,2022-04-16,16:47:00,1,Collision with vehicle,6,Saturday,110,CROSS TRAFFIC(INTERSECTIONS ONLY),1,38355,Cross intersection,2,60,Local Road,DAREBIN,WHITTLESEA,-37.675533,145.03627,2022,4,April,16,Afternoon Peak,Weekend
T20220008570,2022-04-16,14:00:00,4,Collision with a fixed object,6,Saturday,171,LEFT OFF CARRIAGEWAY INTO OBJECT/PARKED VEHICLE,1,774255,Not at intersection,3,100,Arterial Other,LISMORE-SCARSDALE,GOLDEN PLAINS,-37.807762,143.5836,2022,4,April,14,Midday,Weekend
T20220008578,2022-04-16,04:35:00,6,Vehicle overturned (no collision),6,Saturday,172,OFF CARRIAGEWAY TO RIGHT,3,718422,Not at intersection,2,100,Arterial Highway,DANDENONG-HASTINGS,CASEY,-38.10689,145.23363,2022,4,April,4,Late Night,Weekend
T20220008566,2022-04-16,16:44:00,1,Collision with vehicle,6,Saturday,110,CROSS TRAFFIC(INTERSECTIONS ONLY),1,588448,Multiple intersection,3,60,Arterial Other,THOMPSON,KINGSTON,-38.0674,145.14722,2022,4,April,16,Afternoon Peak,Weekend
T20220009289,2022-04-16,13:30:00,4,Collision with a fixed object,6,Saturday,183,OFF LEFT BEND INTO OBJECT/PARKED VEHICLE,1,710775,Not at intersection,3,100,Local Road,TARGET CREEK,WELLINGTON,-37.60698,146.59842,2022,4,April,13,Midday,Weekend
T20220008528,2022-04-16,01:50:00,2,Struck Pedestrian,6,Saturday,103,PED PLAYING/LYING/WORKING/STANDING ON CARRIAGEWAY.,5,713766,Not at intersection,2,40,Local Road,STURT,MACEDON RANGES,-37.246716,144.46136,2022,4,April,1,Late Night,Weekend
T20220008664,2022-04-16,12:30:00,6,Vehicle overturned (no collision),6,Saturday,182,OFF CARRIAGEWAY ON LEFT BEND,1,774248,Not at intersection,3,100,Arterial Other,JAMIESON-LICOLA,MANSFIELD,-37.29432,146.20581,2022,4,April,12,Midday,Weekend
T20220009285,2022-04-16,09:56:00,1,Collision with vehicle,6,Saturday,110,CROSS TRAFFIC(INTERSECTIONS ONLY),1,30166,Cross intersection,3,80,Arterial Other,DOYLES,SHEPPARTON,-36.398926,145.43182,2022,4,April,9,Morning Peak,Weekend
T20220008560,2022-04-16,15:09:00,1,Collision with vehicle,6,Saturday,130,REAR END(VEHICLES IN SAME LANE),1,711476,Not at intersection,3,60,Local Road,SCHOOL,GEELONG,-38.068817,144.3772,2022,4,April,15,Afternoon Peak,Weekend
T20220008534,2022-04-16,07:02:00,1,Collision with vehicle,6,Saturday,111,RIGHT FAR (INTERSECTIONS ONLY),1,52464,Cross intersection,3,60,Arterial Other,ELEVENTH,MILDURA,-34.177124,142.14253,2022,4,April,7,Morning Peak,Weekend
T20220010521,2022-04-16,10:00:00,1,Collision with vehicle,6,Saturday,160,VEHICLE COLLIDES WITH VEHICLE PARKED ON LEFT OF ROAD,1,781711,Not at intersection,3,60,Local Road,DOMAIN,MELBOURNE,-37.834103,144.98221,2022,4,April,10,Midday,Weekend
T20220013570,2022-04-16,12:30:00,2,Struck Pedestrian,6,Saturday,102,FAR SIDE. PED HIT BY VEHICLE FROM THE LEFT,1,715811,Not at intersection,3,30,Local Road,UNNAMED,WHITTLESEA,-37.672707,145.01605,2022,4,April,12,Midday,Weekend
T20220008574,2022-04-16,19:20:00,4,Collision with a fixed object,6,Saturday,183,OFF LEFT BEND INTO OBJECT/PARKED VEHICLE,5,719503,Not at intersection,3,50,Arterial Other,YARRA,BOROONDARA,-37.806423,145.0019,2022,4,April,19,Night,Weekend
T20220009003,2022-04-16,20:15:00,1,Collision with vehicle,6,Saturday,113,RIGHT NEAR (INTERSECTIONS ONLY),3,71737,T intersection,3,60,Local Road,ROSENEATH,GEELONG,-38.122677,144.34879,2022,4,April,20,Night,Weekend
T20220008545,2022-04-16,10:00:00,2,Struck Pedestrian,6,Saturday,107,PED ON FOOTHPATH STRUCK BY VEHENTERING/LEAVING DRIVEWAY.,1,713750,Not at intersection,2,50,Local Road,HOGAN,MORNINGTON PENINSULA,-38.3774,144.79643,2022,4,April,10,Midday,Weekend
T20220008760,2022-04-16,15:15:00,1,Collision with vehicle,6,Saturday,130,REAR END(VEHICLES IN SAME LANE),9,710147,Not at intersection,3,60,Arterial Other,HEALESVILLE-YARRA GLEN,YARRA RANGES,-37.655434,145.47774,2022,4,April,15,Afternoon Peak,Weekend
T20220008693,2022-04-16,20:40:00,2,Struck Pedestrian,6,Saturday,103,PED PLAYING/LYING/WORKING/STANDING ON CARRIAGEWAY.,5,718424,Not at intersection,3,100,Local Road,BOURCHIERS,MOIRA,-35.920097,145.47174,2022,4,April,20,Night,Weekend
T20220008695,2022-04-16,17:00:00,4,Collision with a fixed object,6,Saturday,171,LEFT OFF CARRIAGEWAY INTO OBJECT/PARKED VEHICLE,2,718144,Not at intersection,2,100,Local Road,RIDGE,WELLINGTON,-38.603992,146.55692,2022,4,April,17,Afternoon Peak,Weekend
T20220012552,2022-04-16,01:54:00,8,No collision and no object struck,6,Saturday,174,OUT OF CONTROL ON CARRIAGEWAY (ON STRAIGHT),6,718175,Not at intersection,2,80,Arterial Other,FRANKSTON-FLINDERS ROAD SERVICE,MORNINGTON PENINSULA,-38.312695,145.184,2022,4,April,1,Late Night,Weekend
T20220008542,2022-04-16,11:45:00,2,Struck Pedestrian,6,Saturday,100,PED NEAR SIDE. PED HIT BY VEHICLE FROM THE RIGHT.,1,709743,Not at intersection,3,80,Arterial Highway,LOWER DANDENONG,KINGSTON,-37.987988,145.12048,2022,4,April,11,Midday,Weekend
T20220008917,2022-04-16,10:00:00,8,No collision and no object struck,6,Saturday,174,OUT OF CONTROL ON CARRIAGEWAY (ON STRAIGHT),9,43863,T intersection,2,80,Arterial Other,CLYDE,CASEY,-38.055634,145.33925,2022,4,April,10,Midday,Weekend
T20220008567,2022-04-16,16:15:00,1,Collision with vehicle,6,Saturday,121,RIGHT THROUGH,1,44081,Cross intersection,3,80,Arterial Highway,NEPEAN,MORNINGTON PENINSULA,-38.328457,144.97726,2022,4,April,16,Afternoon Peak,Weekend
T20220008571,2022-04-16,17:06:00,1,Collision with vehicle,6,Saturday,121,RIGHT THROUGH,1,53398,Multiple intersection,3,80,Freeway,PRINCES,CASEY,-38.028095,145.32198,2022,4,April,17,Afternoon Peak,Weekend
T20220011895,2022-04-16,15:00:00,4,Collision with a fixed object,6,Saturday,181,OFF RIGHT BEND INTO OBJECT/PARKED VEHICLE,1,713190,Not at intersection,3,40,Local Road,COBB AND CO,MACEDON RANGES,-37.269104,144.47754,2022,4,April,15,Afternoon Peak,Weekend
T20220008561,2022-04-16,18:15:00,1,Collision with vehicle,6,Saturday,111,RIGHT FAR (INTERSECTIONS ONLY),3,40045,Y intersection,3,50,Arterial Other,WOORITE,MOONEE VALLEY,-37.729855,144.86935,2022,4,April,18,Afternoon Peak,Weekend
T20220008609,2022-04-17,10:37:00,1,Collision with vehicle,7,Sunday,160,VEHICLE COLLIDES WITH VEHICLE PARKED ON LEFT OF ROAD,1,713767,Not at intersection,2,40,Local Road,CARINISH,MONASH,-37.928574,145.1262,2022,4,April,10,Midday,Weekend
T20220008610,2022-04-17,11:30:00,1,Collision with vehicle,7,Sunday,135,LANE CHANGE LEFT (NOT OVERTAKING),1,719600,Not at intersection,2,80,Freeway,EASTLINK-PENINSULA LINK OUT,FRANKSTON,-38.095253,145.15437,2022,4,April,11,Midday,Weekend
T20220008613,2022-04-17,11:50:00,4,Collision with a fixed object,7,Sunday,181,OFF RIGHT BEND INTO OBJECT/PARKED VEHICLE,1,744291,Not at intersection,2,100,Arterial Other,MURCHISON-TATURA,SHEPPARTON,-36.583862,145.2231,2022,4,April,11,Midday,Weekend
T20230028197,2022-04-17,13:30:00,3,Struck animal,7,Sunday,167,STRUCK ANIMAL,1,789850,Not at intersection,3,100,Arterial Other,ARARAT-HALLS GAP,ARARAT,-37.22603,142.66312,2022,4,April,13,Midday,Weekend
T20220008594,2022-04-17,04:30:00,1,Collision with vehicle,7,Sunday,160,VEHICLE COLLIDES WITH VEHICLE PARKED ON LEFT OF ROAD,3,710582,Not at intersection,3,60,Arterial Other,PASCOE VALE,MORELAND,-37.717075,144.91942,2022,4,April,4,Late Night,Weekend
T20220008615,2022-04-17,11:40:00,1,Collision with vehicle,7,Sunday,121,RIGHT THROUGH,1,278717,Cross intersection,3,70,Local Road,AITKEN,HUME,-37.58605,144.91138,2022,4,April,11,Midday,Weekend
T20220008616,2022-04-17,08:35:00,1,Collision with vehicle,7,Sunday,121,RIGHT THROUGH,1,339440,Cross intersection,3,60,Freeway,SNEYDES,WYNDHAM,-37.897804,144.70445,2022,4,April,8,Morning Peak,Weekend
T20220008620,2022-04-17,15:08:00,1,Collision with vehicle,7,Sunday,110,CROSS TRAFFIC(INTERSECTIONS ONLY),1,40224,Cross intersection,2,60,Arterial Other,WATTLETREE,STONNINGTON,-37.861263,145.01971,2022,4,April,15,Afternoon Peak,Weekend
T20220008593,2022-04-17,02:13:00,1,Collision with vehicle,7,Sunday,135,LANE CHANGE LEFT (NOT OVERTAKING),3,719299,Y intersection,2,60,Arterial Other,KINGS,PORT PHILLIP,-37.836052,144.97304,2022,4,April,2,Late Night,Weekend
T20220008750,2022-04-17,19:59:00,4,Collision with a fixed object,7,Sunday,179,OTHER ACCIDENTS-OFF STRAIGHT NOT INCLUDED IN DCAs 170-175,3,746032,Not at intersection,3,80,Freeway,WEST GATE OUT-WESTERN RING OUT,HOBSONS BAY,-37.825764,144.82574,2022,4,April,19,Night,Weekend
T20220008622,2022-04-17,14:25:00,4,Collision with a fixed object,7,Sunday,181,OFF RIGHT BEND INTO OBJECT/PARKED VEHICLE,1,714471,Not at intersection,3,100,Local Road,TWO HILLS,MURRINDINDI,-37.415962,145.46306,2022,4,April,14,Midday,Weekend
T20220008624,2022-04-17,13:10:00,1,Collision with vehicle,7,Sunday,140,U TURN,1,710907,Not at intersection,3,40,Local Road,THE ESPLANADE,PORT PHILLIP,-37.86561,144.97412,2022,4,April,13,Midday,Weekend
T20220008625,2022-04-17,02:26:00,1,Collision with vehicle,7,Sunday,110,CROSS TRAFFIC(INTERSECTIONS ONLY),3,36835,Cross intersection,3,40,Arterial Other,KING,MELBOURNE,-37.814426,144.95482,2022,4,April,2,Late Night,Weekend
T20220010458,2022-04-17,10:25:00,1,Collision with vehicle,7,Sunday,121,RIGHT THROUGH,1,52542,Cross intersection,3,80,Arterial Highway,FIFTEENTH,MILDURA,-34.23142,142.1659,2022,4,April,10,Midday,Weekend
T20220008588,2022-04-17,00:05:00,4,Collision with a fixed object,7,Sunday,171,LEFT OFF CARRIAGEWAY INTO OBJECT/PARKED VEHICLE,5,713465,Not at intersection,2,100,Arterial Other,MEENIYAN-PROMONTORY,SOUTH GIPPSLAND,-38.691135,146.07097,2022,4,April,0,Late Night,Weekend
T20220008628,2022-04-17,15:55:00,1,Collision with vehicle,7,Sunday,148,VEHICLE OFF FOOTPATH STRIKES VEH ON CARRIAGEWAY,1,709897,Not at intersection,2,100,Local Road,BOWLES,BENDIGO,-36.779858,144.43439,2022,4,April,15,Afternoon Peak,Weekend
T20220008629,2022-04-17,15:20:00,1,Collision with vehicle,7,Sunday,130,REAR END(VEHICLES IN SAME LANE),1,712430,Not at intersection,2,80,Local Road,STAUGHTON VALE,GEELONG,-37.873596,144.27217,2022,4,April,15,Afternoon Peak,Weekend
T20220010090,2022-04-17,14:00:00,8,No collision and no object struck,7,Sunday,199,UNKNOWN-NO DETAILS ON MANOEUVRES OF ROAD-USERS IN ACCIDENT,1,739632,Not at intersection,3,70,Local Road,RYANS,MITCHELL,-37.30116,145.0668,2022,4,April,14,Midday,Weekend
T20220008634,2022-04-17,19:20:00,2,Struck Pedestrian,7,Sunday,107,PED ON FOOTHPATH STRUCK BY VEHENTERING/LEAVING DRIVEWAY.,3,59812,T intersection,3,50,Local Road,LANDALE,BENDIGO,-36.77635,144.3141,2022,4,April,19,Night,Weekend
T20220008635,2022-04-17,15:41:00,1,Collision with vehicle,7,Sunday,130,REAR END(VEHICLES IN SAME LANE),1,710583,T intersection,3,50,Local Road,ALBION,MORELAND,-37.7576,144.93591,2022,4,April,15,Afternoon Peak,Weekend
T20220012308,2022-04-17,18:45:00,4,Collision with a fixed object,7,Sunday,194,PARKED CAR RUN AWAY,2,714100,Not at intersection,3,50,Local Road,SOLDATOS,BENDIGO,-36.77627,144.23445,2022,4,April,18,Afternoon Peak,Weekend
T20220008636,2022-04-17,17:50:00,1,Collision with vehicle,7,Sunday,110,CROSS TRAFFIC(INTERSECTIONS ONLY),2,709984,Cross intersection,2,80,Local Road,VICTORIA,YARRA RANGES,-37.716507,145.34258,2022,4,April,17,Afternoon Peak,Weekend
T20220008639,2022-04-17,19:55:00,1,Collision with vehicle,7,Sunday,121,RIGHT THROUGH,3,38595,T intersection,2,60,Arterial Other,ASHLEY,MARIBYRNONG,-37.792027,144.86343,2022,4,April,19,Night,Weekend
T20220008738,2022-04-17,16:30:00,1,Collision with vehicle,7,Sunday,140,U TURN,1,711519,Not at intersection,3,50,Arterial Other,BRIDGE,YARRA,-37.81843,144.9977,2022,4,April,16,Afternoon Peak,Weekend
T20220008591,2022-04-17,00:28:00,4,Collision with a fixed object,7,Sunday,171,LEFT OFF CARRIAGEWAY INTO OBJECT/PARKED VEHICLE,3,29761,Cross intersection,3,80,Arterial Other,THOMPSONS,CASEY,-38.079994,145.25813,2022,4,April,0,Late Night,Weekend
T20220008643,2022-04-17,21:45:00,8,No collision and no object struck,7,Sunday,174,OUT OF CONTROL ON CARRIAGEWAY (ON STRAIGHT),6,711624,Not at intersection,3,50,Arterial Other,VALERIE,BOROONDARA,-37.79845,145.04776,2022,4,April,21,Night,Weekend
T20220008644,2022-04-17,16:00:00,4,Collision with a fixed object,7,Sunday,181,OFF RIGHT BEND INTO OBJECT/PARKED VEHICLE,1,710337,Not at intersection,2,60,Local Road,BUNYIP RIVER,CARDINIA,-37.982723,145.75464,2022,4,April,16,Afternoon Peak,Weekend
T20220008645,2022-04-17,19:15:00,1,Collision with vehicle,7,Sunday,149,OTHER MANOEUVRING NOT INCLUDED IN DCAs 140-148,6,713962,Not at intersection,3,60,Local Road,COLCHESTER,MORNINGTON PENINSULA,-38.379288,144.88663,2022,4,April,19,Night,Weekend
T20220008647,2022-04-17,20:25:00,4,Collision with a fixed object,7,Sunday,171,LEFT OFF CARRIAGEWAY INTO OBJECT/PARKED VEHICLE,5,775180,Not at intersection,3,80,Local Road,BRIDGE INN,WHITTLESEA,-37.594852,145.04372,2022,4,April,20,Night,Weekend
T20220008648,2022-04-17,23:09:00,4,Collision with a fixed object,7,Sunday,171,LEFT OFF CARRIAGEWAY INTO OBJECT/PARKED VEHICLE,5,720389,Not at intersection,3,100,Freeway,WESTERN,MELTON,-37.71824,144.64359,2022,4,April,23,Night,Weekend
T20220008710,2022-04-17,12:25:00,1,Collision with vehicle,7,Sunday,130,REAR END(VEHICLES IN SAME LANE),1,725457,Not at intersection,3,60,Arterial Other,CLAYTON,MONASH,-37.912018,145.1222,2022,4,April,12,Midday,Weekend
T20220008667,2022-04-17,11:30:00,4,Collision with a fixed object,7,Sunday,171,LEFT OFF CARRIAGEWAY INTO OBJECT/PARKED VEHICLE,1,713960,Not at intersection,3,100,Arterial Other,SNOWY RIVER,EAST GIPPSLAND,-36.99057,148.29974,2022,4,April,11,Midday,Weekend
T20220008892,2022-04-17,14:36:00,1,Collision with vehicle,7,Sunday,121,RIGHT THROUGH,1,710149,T intersection,2,60,Arterial Other,PALMERS,WYNDHAM,-37.85383,144.74507,2022,4,April,14,Midday,Weekend
T20220008679,2022-04-17,20:30:00,1,Collision with vehicle,7,Sunday,163,VEHICLE STRIKES DOOR OF PARKED/STATIONARY VEHICLE,3,720696,Not at intersection,3,40,Local Road,CHAPEL,STONNINGTON,-37.855244,144.99272,2022,4,April,20,Night,Weekend
T20220008607,2022-04-17,12:36:00,1,Collision with vehicle,7,Sunday,116,LEFT NEAR (INTERSECTIONS ONLY),1,56572,T intersection,3,50,Arterial Other,EAST BOUNDARY,GLEN EIRA,-37.925526,145.05803,2022,4,April,12,Midday,Weekend
T20220008606,2022-04-17,09:25:00,2,Struck Pedestrian,7,Sunday,102,FAR SIDE. PED HIT BY VEHICLE FROM THE LEFT,1,41230,Cross intersection,1,50,Local Road,GLEN HUNTLY,GLEN EIRA,-37.886036,145.01495,2022,4,April,9,Morning Peak,Weekend
T20220008691,2022-04-17,13:25:00,1,Collision with vehicle,7,Sunday,113,RIGHT NEAR (INTERSECTIONS ONLY),1,710098,T intersection,3,60,Local Road,WATERLOO,BAW BAW,-38.2066,146.15782,2022,4,April,13,Midday,Weekend
T20220008724,2022-04-18,19:56:00,2,Struck Pedestrian,1,Monday,100,PED NEAR SIDE. PED HIT BY VEHICLE FROM THE RIGHT.,3,36095,Cross intersection,1,60,Local Road,ABBOTSFORD,MELBOURNE,-37.80053,144.9459,2022,4,April,19,Night,Weekday
T20220008843,2022-04-18,05:25:00,1,Collision with vehicle,1,Monday,160,VEHICLE COLLIDES WITH VEHICLE PARKED ON LEFT OF ROAD,3,710122,Not at intersection,2,60,Arterial Other,MAIN,BRIMBANK,-37.745907,144.81384,2022,4,April,5,Morning Peak,Weekday
T20220008686,2022-04-18,12:35:00,1,Collision with vehicle,1,Monday,121,RIGHT THROUGH,1,20857,T intersection,3,70,Arterial Other,MONASH,LATROBE,-38.312553,146.41978,2022,4,April,12,Midday,Weekday
T20220008680,2022-04-18,12:55:00,4,Collision with a fixed object,1,Monday,183,OFF LEFT BEND INTO OBJECT/PARKED VEHICLE,1,714260,Not at intersection,3,100,Local Road,SEYMOUR-PYALONG,MITCHELL,-37.125454,144.87979,2022,4,April,12,Midday,Weekday
T20220009127,2022-04-18,13:30:00,4,Collision with a fixed object,1,Monday,171,LEFT OFF CARRIAGEWAY INTO OBJECT/PARKED VEHICLE,1,710388,Not at intersection,3,100,Local Road,CRUMP,LODDON,-35.9643,143.61797,2022,4,April,13,Midday,Weekday
T20220008704,2022-04-18,15:01:00,4,Collision with a fixed object,1,Monday,171,LEFT OFF CARRIAGEWAY INTO OBJECT/PARKED VEHICLE,1,713963,Not at intersection,2,70,Local Road,ALBER,CARDINIA,-37.98881,145.40616,2022,4,April,15,Afternoon Peak,Weekday
T20220008705,2022-04-18,17:35:00,4,Collision with a fixed object,1,Monday,181,OFF RIGHT BEND INTO OBJECT/PARKED VEHICLE,2,714262,Not at intersection,3,80,Local Road,DARRAWEIT,MITCHELL,-37.400497,144.95477,2022,4,April,17,Afternoon Peak,Weekday
T20220013310,2022-04-18,12:00:00,2,Struck Pedestrian,1,Monday,107,PED ON FOOTHPATH STRUCK BY VEHENTERING/LEAVING DRIVEWAY.,9,718799,T intersection,2,40,Local Road,BRIDGES,MELBOURNE,-37.794006,144.9302,2022,4,April,12,Midday,Weekday
T20220008709,2022-04-18,15:40:00,1,Collision with vehicle,1,Monday,130,REAR END(VEHICLES IN SAME LANE),1,722227,Not at intersection,2,60,Local Road,HURSTBRIDGE-ARTHURS CREEK,NILLUMBIK,-37.58187,145.20613,2022,4,April,15,Afternoon Peak,Weekday
T20220008676,2022-04-18,12:30:00,1,Collision with vehicle,1,Monday,130,REAR END(VEHICLES IN SAME LANE),1,715722,Not at intersection,2,80,Freeway,MONASH OUT-HEATHERTON,CASEY,-37.97253,145.23882,2022,4,April,12,Midday,Weekday
T20220008711,2022-04-18,19:37:00,1,Collision with vehicle,1,Monday,140,U TURN,3,303637,Multiple intersection,2,60,Freeway,HEATHERTON-MONASH IN,CASEY,-37.972324,145.23592,2022,4,April,19,Night,Weekday
T20220008715,2022-04-18,19:34:00,6,Vehicle overturned (no collision),1,Monday,182,OFF CARRIAGEWAY ON LEFT BEND,5,750441,T intersection,2,100,Arterial Other,BUFFALO-TARWIN LOWER,SOUTH GIPPSLAND,-38.664757,146.01833,2022,4,April,19,Night,Weekday
T20220008716,2022-04-18,20:55:00,1,Collision with vehicle,1,Monday,140,U TURN,3,710874,Not at intersection,2,70,Arterial Other,CAMP,HUME,-37.687862,144.94151,2022,4,April,20,Night,Weekday
T20220008717,2022-04-18,18:50:00,1,Collision with vehicle,1,Monday,148,VEHICLE OFF FOOTPATH STRIKES VEH ON CARRIAGEWAY,3,713964,Not at intersection,3,60,Arterial Other,ROYAL,MELBOURNE,-37.784904,144.95938,2022,4,April,18,Afternoon Peak,Weekday
T20220009066,2022-04-18,12:30:00,1,Collision with vehicle,1,Monday,130,REAR END(VEHICLES IN SAME LANE),1,710962,Not at intersection,3,60,Arterial Other,GAFFNEY,MORELAND,-37.73233,144.94614,2022,4,April,12,Midday,Weekday
T20220011969,2022-04-18,14:18:00,1,Collision with vehicle,1,Monday,114,TWO RIGHT TURNING (INTERSECTIONS ONLY),1,47504,T intersection,3,60,Freeway,HOPKINS,MELTON,-37.74261,144.70088,2022,4,April,14,Midday,Weekday
T20220008653,2022-04-18,02:57:00,2,Struck Pedestrian,1,Monday,100,PED NEAR SIDE. PED HIT BY VEHICLE FROM THE RIGHT.,3,712241,Not at intersection,2,60,Arterial Other,GORDON,MARIBYRNONG,-37.791485,144.88945,2022,4,April,2,Late Night,Weekday
T20220009354,2022-04-18,12:08:00,4,Collision with a fixed object,1,Monday,151,OUT OF CONTROL (OVERTAKING),1,719303,Cross intersection,3,40,Arterial Other,KING,MELBOURNE,-37.805027,144.94785,2022,4,April,12,Midday,Weekday
T20220008675,2022-04-18,04:30:00,4,Collision with a fixed object,1,Monday,181,OFF RIGHT BEND INTO OBJECT/PARKED VEHICLE,5,778652,Not at intersection,1,100,Arterial Highway,PRINCES,GLENELG,-37.969112,141.35832,2022,4,April,4,Late Night,Weekday
T20220008701,2022-04-18,17:57:00,2,Struck Pedestrian,1,Monday,100,PED NEAR SIDE. PED HIT BY VEHICLE FROM THE RIGHT.,3,709902,T intersection,2,50,Local Road,VILLAGE,CARDINIA,-38.072796,145.43813,2022,4,April,17,Afternoon Peak,Weekday
T20220008674,2022-04-18,07:40:00,4,Collision with a fixed object,1,Monday,171,LEFT OFF CARRIAGEWAY INTO OBJECT/PARKED VEHICLE,1,725108,Not at intersection,2,60,Local Road,CALDER PARK,MELTON,-37.70996,144.75505,2022,4,April,7,Morning Peak,Weekday
T20220008671,2022-04-18,10:50:00,1,Collision with vehicle,1,Monday,113,RIGHT NEAR (INTERSECTIONS ONLY),1,48714,T intersection,3,60,Arterial Other,HEALESVILLE-KOO WEE RUP,YARRA RANGES,-37.773655,145.53844,2022,4,April,10,Midday,Weekday
T20220008661,2022-04-18,09:20:00,4,Collision with a fixed object,1,Monday,181,OFF RIGHT BEND INTO OBJECT/PARKED VEHICLE,1,712480,Not at intersection,2,80,Arterial Other,PAKENHAM,CARDINIA,-38.026352,145.50003,2022,4,April,9,Morning Peak,Weekday
T20220008657,2022-04-18,07:01:00,1,Collision with vehicle,1,Monday,110,CROSS TRAFFIC(INTERSECTIONS ONLY),1,356018,Cross intersection,3,60,Arterial Highway,GLASTONE,DANDENONG,-37.97533,145.20352,2022,4,April,7,Morning Peak,Weekday
T20220008654,2022-04-18,04:00:00,1,Collision with vehicle,1,Monday,130,REAR END(VEHICLES IN SAME LANE),3,774539,Cross intersection,3,60,Arterial Other,VICTORIA,MELBOURNE,-37.808533,144.9768,2022,4,April,4,Late Night,Weekday
T20220008718,2022-04-18,19:16:00,4,Collision with a fixed object,1,Monday,171,LEFT OFF CARRIAGEWAY INTO OBJECT/PARKED VEHICLE,5,714259,Not at intersection,3,80,Arterial Other,WHITTLESEA-KINGLAKE,WHITTLESEA,-37.476326,145.23698,2022,4,April,19,Night,Weekday
T20220008758,2022-04-19,12:30:00,8,No collision and no object struck,2,Tuesday,174,OUT OF CONTROL ON CARRIAGEWAY (ON STRAIGHT),1,710103,Not at intersection,3,40,Arterial Other,SWAN,YARRA,-37.827255,145.01222,2022,4,April,12,Midday,Weekday
T20220008806,2022-04-19,19:16:00,1,Collision with vehicle,2,Tuesday,121,RIGHT THROUGH,3,712571,Multiple intersection,2,80,Freeway,PRINCES,DANDENONG,-37.96783,145.19559,2022,4,April,19,Night,Weekday
T20220008765,2022-04-19,11:35:00,1,Collision with vehicle,2,Tuesday,120,HEAD ON (NOT OVERTAKING),1,774249,Not at intersection,3,60,Arterial Highway,BELL,BANYULE,-37.748936,145.03337,2022,4,April,11,Midday,Weekday
T20220008769,2022-04-19,06:35:00,4,Collision with a fixed object,2,Tuesday,181,OFF RIGHT BEND INTO OBJECT/PARKED VEHICLE,2,710696,Not at intersection,3,80,Local Road,ARTHURS CREEK,WHITTLESEA,-37.570927,145.14207,2022,4,April,6,Morning Peak,Weekday
T20220008771,2022-04-19,13:09:00,1,Collision with vehicle,2,Tuesday,169,OTHER ON PATH,1,297478,Cross intersection,3,80,Freeway,SOUTH GIPPSLAND OUT-POUND,CASEY,-38.025856,145.24863,2022,4,April,13,Midday,Weekday
T20220008772,2022-04-19,11:18:00,1,Collision with vehicle,2,Tuesday,113,RIGHT NEAR (INTERSECTIONS ONLY),1,72814,T intersection,3,70,Arterial Highway,PRINCES,LATROBE,-38.201733,146.5246,2022,4,April,11,Midday,Weekday