ACCIDENT_NO,ACCIDENT_DATE,ACCIDENT_TIME,ACCIDENT_TYPE,ACCIDENT_TYPE_DESC,DAY_OF_WEEK,DAY_WEEK_DESC,DCA_CODE,DCA_DESC,LIGHT_CONDITION,NODE_ID,ROAD_GEOMETRY_DESC,SEVERITY,SPEED_ZONE,RMA,ROAD_NAME,LGA_NAME,LATITUDE,LONGITUDE,YEAR,MONTH,MONTH_NAME,HOUR,TIME_PERIOD,DAY_TYPE
T20220008996,2022-04-19,22:40:00,1,Collision with vehicle,2,Tuesday,131,LEFT REAR,6,716680,T intersection,3,50,Local Road,FOREST RED GUM,HUME,-37.54761,144.89818,2022,4,April,22,Night,Weekday
T20220008800,2022-04-19,18:20:00,1,Collision with vehicle,2,Tuesday,116,LEFT NEAR (INTERSECTIONS ONLY),3,36363,T intersection,3,80,Arterial Other,KELLETTS,KNOX,-37.91341,145.26021,2022,4,April,18,Afternoon Peak,Weekday
T20220012794,2022-04-19,08:50:00,1,Collision with vehicle,2,Tuesday,135,LANE CHANGE LEFT (NOT OVERTAKING),1,774221,Not at intersection,3,80,Freeway,PRINCES,WYNDHAM,-37.840107,144.79433,2022,4,April,8,Morning Peak,Weekday
T20220008809,2022-04-19,17:33:00,1,Collision with vehicle,2,Tuesday,120,HEAD ON (NOT OVERTAKING),5,714376,Not at intersection,3,80,Arterial Other,BITTERN-DROMANA,MORNINGTON PENINSULA,-38.353447,145.06184,2022,4,April,17,Afternoon Peak,Weekday
T20220008813,2022-04-19,16:00:00,2,Struck Pedestrian,2,Tuesday,105,PED WALKING AGAINST TRAFFIC.,1,711072,Not at intersection,2,40,Local Road,SOUTH,WHITEHORSE,-37.820442,145.14882,2022,4,April,16,Afternoon Peak,Weekday
T20220008804,2022-04-19,16:47:00,1,Collision with vehicle,2,Tuesday,130,REAR END(VEHICLES IN SAME LANE),1,712483,T intersection,3,60,Arterial Other,ARNOLD,BENDIGO,-36.74885,144.28163,2022,4,April,16,Afternoon Peak,Weekday
T20220008805,2022-04-19,18:37:00,1,Collision with vehicle,2,Tuesday,142,LEAVING PARKING,3,785832,Not at intersection,2,70,Arterial Other,BALLARAT,MARIBYRNONG,-37.77989,144.8536,2022,4,April,18,Afternoon Peak,Weekday
T20220008778,2022-04-19,11:21:00,1,Collision with vehicle,2,Tuesday,120,HEAD ON (NOT OVERTAKING),1,719348,Not at intersection,2,80,Local Road,DOCTORS GULLY,NILLUMBIK,-37.610107,145.15657,2022,4,April,11,Midday,Weekday
T20220008780,2022-04-19,14:30:00,6,Vehicle overturned (no collision),2,Tuesday,182,OFF CARRIAGEWAY ON LEFT BEND,1,712570,Not at intersection,2,80,Arterial Highway,PYRENEES,MOUNT ALEXANDER,-37.09872,144.29138,2022,4,April,14,Midday,Weekday
T20220010481,2022-04-19,13:00:00,1,Collision with vehicle,2,Tuesday,130,REAR END(VEHICLES IN SAME LANE),1,774264,T intersection,3,80,Arterial Highway,STATE (LOWER DANDENONG/CHELTENHAM),DANDENONG,-37.994255,145.17242,2022,4,April,13,Midday,Weekday
T20220008819,2022-04-19,19:47:00,2,Struck Pedestrian,2,Tuesday,104,PED WALKING WITH TRAFFIC,5,715686,Not at intersection,1,80,Local Road,FULTONS,MORNINGTON PENINSULA,-38.192837,145.16158,2022,4,April,19,Night,Weekday
T20220013239,2022-04-19,09:50:00,1,Collision with vehicle,2,Tuesday,160,VEHICLE COLLIDES WITH VEHICLE PARKED ON LEFT OF ROAD,1,715004,Not at intersection,3,60,Local Road,BAMBRA,GLEN EIRA,-37.883366,145.0296,2022,4,April,9,Morning Peak,Weekday
T20220008823,2022-04-19,21:20:00,2,Struck Pedestrian,2,Tuesday,100,PED NEAR SIDE. PED HIT BY VEHICLE FROM THE RIGHT.,3,714377,Cross intersection,2,50,Local Road,EDGARS,WHITTLESEA,-37.620747,145.00523,2022,4,April,21,Night,Weekday
T20220009087,2022-04-19,22:16:00,4,Collision with a fixed object,2,Tuesday,181,OFF RIGHT BEND INTO OBJECT/PARKED VEHICLE,5,703539,Not at intersection,3,80,Arterial Highway,MELBA,YARRA RANGES,-37.672337,145.38171,2022,4,April,22,Night,Weekday
T20220008801,2022-04-19,17:00:00,1,Collision with vehicle,2,Tuesday,120,HEAD ON (NOT OVERTAKING),2,719060,Not at intersection,2,100,Arterial Other,ECHUCA,SHEPPARTON,-36.327328,145.30399,2022,4,April,17,Afternoon Peak,Weekday
T20220008791,2022-04-19,16:52:00,1,Collision with vehicle,2,Tuesday,110,CROSS TRAFFIC(INTERSECTIONS ONLY),1,349924,Multiple intersection,3,80,Arterial Highway,SPRINGVALE,DANDENONG,-37.933163,145.1557,2022,4,April,16,Afternoon Peak,Weekday
T20220008793,2022-04-19,17:05:00,1,Collision with vehicle,2,Tuesday,114,TWO RIGHT TURNING (INTERSECTIONS ONLY),1,48307,T intersection,3,70,Arterial Other,SOMERTON,HUME,-37.639523,144.92015,2022,4,April,17,Afternoon Peak,Weekday
T20220008794,2022-04-19,16:50:00,1,Collision with vehicle,2,Tuesday,120,HEAD ON (NOT OVERTAKING),1,714510,Not at intersection,3,50,Local Road,BEVERLEY,BANYULE,-37.750748,145.07823,2022,4,April,16,Afternoon Peak,Weekday
T20220012295,2022-04-19,11:30:00,1,Collision with vehicle,2,Tuesday,130,REAR END(VEHICLES IN SAME LANE),1,780781,Cross intersection,3,50,Arterial Other,BURWOOD,YARRA RANGES,-37.908367,145.3551,2022,4,April,11,Midday,Weekday
T20220008914,2022-04-19,11:20:00,1,Collision with vehicle,2,Tuesday,136,RIGHT TURN SIDESWIPE,1,138803,T intersection,3,60,Arterial Highway,LOWER PLENTY,BANYULE,-37.734943,145.0789,2022,4,April,11,Midday,Weekday
T20220008730,2022-04-19,05:25:00,1,Collision with vehicle,2,Tuesday,130,REAR END(VEHICLES IN SAME LANE),3,714369,Cross intersection,3,60,Arterial Other,TOOLAMBA,SHEPPARTON,-36.395325,145.35577,2022,4,April,5,Morning Peak,Weekday
T20220008797,2022-04-19,16:00:00,4,Collision with a fixed object,2,Tuesday,181,OFF RIGHT BEND INTO OBJECT/PARKED VEHICLE,1,714374,Not at intersection,3,70,Arterial Other,RINGWOOD-WARRANDYTE,MANNINGHAM,-37.754597,145.23363,2022,4,April,16,Afternoon Peak,Weekday
T20220008735,2022-04-19,06:50:00,1,Collision with vehicle,2,Tuesday,113,RIGHT NEAR (INTERSECTIONS ONLY),5,35842,Multiple intersection,3,80,Freeway,WESTERN IN-BALLAN-DAYLESFORD,MOORABOOL,-37.587574,144.20209,2022,4,April,6,Morning Peak,Weekday
T20220008930,2022-04-19,18:30:00,8,No collision and no object struck,2,Tuesday,174,OUT OF CONTROL ON CARRIAGEWAY (ON STRAIGHT),3,710247,Not at intersection,2,60,Arterial Other,ELIZABETH STREET SERVICE,MELBOURNE,-37.804882,144.95908,2022,4,April,18,Afternoon Peak,Weekday
T20220008740,2022-04-19,06:24:00,1,Collision with vehicle,2,Tuesday,120,HEAD ON (NOT OVERTAKING),1,779823,Not at intersection,3,70,Arterial Other,YAN YEAN,NILLUMBIK,-37.626545,145.1345,2022,4,April,6,Morning Peak,Weekday
T20220010117,2022-04-19,17:45:00,1,Collision with vehicle,2,Tuesday,112,LEFT FAR (INTERSECTIONS ONLY),3,280692,T intersection,2,70,Arterial Highway,NEPEAN,MORNINGTON PENINSULA,-38.232906,145.04033,2022,4,April,17,Afternoon Peak,Weekday
T20220008938,2022-04-19,15:00:00,2,Struck Pedestrian,2,Tuesday,100,PED NEAR SIDE. PED HIT BY VEHICLE FROM THE RIGHT.,1,710248,Not at intersection,3,80,Local Road,TILBURN,BRIMBANK,-37.777992,144.77411,2022,4,April,15,Afternoon Peak,Weekday
T20220008741,2022-04-19,07:38:00,1,Collision with vehicle,2,Tuesday,151,OUT OF CONTROL (OVERTAKING),1,710102,Not at intersection,2,100,Freeway,EASTLINK,KNOX,-37.88188,145.21414,2022,4,April,7,Morning Peak,Weekday
T20220008743,2022-04-19,10:30:00,4,Collision with a fixed object,2,Tuesday,171,LEFT OFF CARRIAGEWAY INTO OBJECT/PARKED VEHICLE,1,52025,Cross intersection,3,100,Local Road,NAMBROK,WELLINGTON,-38.049088,146.83783,2022,4,April,10,Midday,Weekday
T20220008945,2022-04-19,16:12:00,1,Collision with vehicle,2,Tuesday,130,REAR END(VEHICLES IN SAME LANE),1,710249,Not at intersection,3,100,Freeway,EASTERN,WHITEHORSE,-37.797485,145.134,2022,4,April,16,Afternoon Peak,Weekday
T20220008746,2022-04-19,09:11:00,4,Collision with a fixed object,2,Tuesday,181,OFF RIGHT BEND INTO OBJECT/PARKED VEHICLE,1,781782,Not at intersection,3,100,Arterial Other,SKENES CREEK,COLAC OTWAY,-38.68903,143.71265,2022,4,April,9,Morning Peak,Weekday
T20220009618,2022-04-19,15:00:00,1,Collision with vehicle,2,Tuesday,130,REAR END(VEHICLES IN SAME LANE),1,715164,Not at intersection,3,70,Arterial Other,BALLARAT,BRIMBANK,-37.772247,144.80025,2022,4,April,15,Afternoon Peak,Weekday
T20220008749,2022-04-19,11:37:00,4,Collision with a fixed object,2,Tuesday,171,LEFT OFF CARRIAGEWAY INTO OBJECT/PARKED VEHICLE,1,714372,Not at intersection,3,50,Local Road,ZINA,YARRA RANGES,-37.795162,145.33011,2022,4,April,11,Midday,Weekday
T20220011976,2022-04-19,12:13:00,1,Collision with vehicle,2,Tuesday,147,VEHICLE STRIKES ANOTHER VEH WHILE EMERGING FROM DRIVEWAY,1,713801,Not at intersection,3,60,Local Road,MASON,HOBSONS BAY,-37.839535,144.85616,2022,4,April,12,Midday,Weekday
T20220008755,2022-04-19,11:25:00,1,Collision with vehicle,2,Tuesday,120,HEAD ON (NOT OVERTAKING),1,720717,T intersection,3,80,Arterial Other,FRANKSTON-FLINDERS,MORNINGTON PENINSULA,-38.25099,145.1908,2022,4,April,11,Midday,Weekday
T20220008757,2022-04-19,11:15:00,2,Struck Pedestrian,2,Tuesday,103,PED PLAYING/LYING/WORKING/STANDING ON CARRIAGEWAY.,1,714370,Not at intersection,3,80,Arterial Other,GREENS,DANDENONG,-38.014442,145.21347,2022,4,April,11,Midday,Weekday
T20220008882,2022-04-20,17:00:00,1,Collision with vehicle,3,Wednesday,121,RIGHT THROUGH,1,296067,T intersection,2,60,Arterial Highway,BELL,DAREBIN,-37.74575,145.0076,2022,4,April,17,Afternoon Peak,Weekday
T20220010062,2022-04-20,16:37:00,1,Collision with vehicle,3,Wednesday,121,RIGHT THROUGH,1,44924,Cross intersection,3,60,Local Road,CAPE NELSON,GLENELG,-38.359856,141.60542,2022,4,April,16,Afternoon Peak,Weekday
T20220008928,2022-04-20,16:05:00,1,Collision with vehicle,3,Wednesday,130,REAR END(VEHICLES IN SAME LANE),9,754139,Not at intersection,2,80,Arterial Other,MICKLEHAM,HUME,-37.64005,144.8807,2022,4,April,16,Afternoon Peak,Weekday
T20220010082,2022-04-20,18:05:00,1,Collision with vehicle,3,Wednesday,110,CROSS TRAFFIC(INTERSECTIONS ONLY),3,58067,Cross intersection,3,100,Arterial Highway,PRINCES,WELLINGTON,-38.098923,146.97719,2022,4,April,18,Afternoon Peak,Weekday
T20220008834,2022-04-20,09:49:00,1,Collision with vehicle,3,Wednesday,110,CROSS TRAFFIC(INTERSECTIONS ONLY),1,50519,Cross intersection,2,50,Local Road,BROWN,SOUTHERN GRAMPIANS,-37.744408,142.02666,2022,4,April,9,Morning Peak,Weekday
T20220008883,2022-04-20,19:47:00,1,Collision with vehicle,3,Wednesday,130,REAR END(VEHICLES IN SAME LANE),5,784735,Not at intersection,2,100,Freeway,PRINCES,WYNDHAM,-37.8757,144.72734,2022,4,April,19,Night,Weekday
T20220009175,2022-04-20,15:00:00,1,Collision with vehicle,3,Wednesday,130,REAR END(VEHICLES IN SAME LANE),1,49790,T intersection,3,70,Arterial Highway,PRINCES,GEELONG,-38.11499,144.35449,2022,4,April,15,Afternoon Peak,Weekday
T20220008895,2022-04-20,23:40:00,4,Collision with a fixed object,3,Wednesday,173,RIGHT OFF CARRIAGEWAY INTO OBJECT/PARKED VEHICLE,3,51608,Cross intersection,2,50,Local Road,HARGREAVES,BENDIGO,-36.75781,144.2833,2022,4,April,23,Night,Weekday
T20220008839,2022-04-20,08:30:00,1,Collision with vehicle,3,Wednesday,137,LEFT TURN SIDESWIPE,1,720718,Not at intersection,2,60,Arterial Other,SHARPS,BRIMBANK,-37.706882,144.86702,2022,4,April,8,Morning Peak,Weekday
T20220008866,2022-04-20,16:15:00,1,Collision with vehicle,3,Wednesday,147,VEHICLE STRIKES ANOTHER VEH WHILE EMERGING FROM DRIVEWAY,1,714378,Not at intersection,3,50,Local Road,TULLOCH,BASS COAST,-38.56246,145.54327,2022,4,April,16,Afternoon Peak,Weekday
T20220008840,2022-04-20,06:25:00,1,Collision with vehicle,3,Wednesday,121,RIGHT THROUGH,2,42329,Cross intersection,2,80,Arterial Highway,WARRIGAL,GLEN EIRA,-37.93858,145.0797,2022,4,April,6,Morning Peak,Weekday
T20220008848,2022-04-20,12:17:00,1,Collision with vehicle,3,Wednesday,130,REAR END(VEHICLES IN SAME LANE),1,710106,Not at intersection,3,60,Arterial Highway,POWLETT,MITCHELL,-37.305004,144.95053,2022,4,April,12,Midday,Weekday
T20220008826,2022-04-20,00:15:00,1,Collision with vehicle,3,Wednesday,121,RIGHT THROUGH,3,249380,T intersection,3,60,Arterial Other,COBURG-CRAIGIEBURN,HUME,-37.68785,144.95805,2022,4,April,0,Late Night,Weekday
T20220008849,2022-04-20,07:00:00,1,Collision with vehicle,3,Wednesday,110,CROSS TRAFFIC(INTERSECTIONS ONLY),2,43300,Cross intersection,3,60,Local Road,FOWLER,KINGSTON,-38.053604,145.12227,2022,4,April,7,Morning Peak,Weekday
T20220008886,2022-04-20,20:30:00,2,Struck Pedestrian,3,Wednesday,194,PARKED CAR RUN AWAY,3,711941,T intersection,2,40,Local Road,TARA,GLEN EIRA,-37.904594,145.05531,2022,4,April,20,Night,Weekday
T20220008851,2022-04-20,06:59:00,1,Collision with vehicle,3,Wednesday,135,LANE CHANGE LEFT (NOT OVERTAKING),1,720726,Not at intersection,3,80,Freeway,METROPOLITAN RING,HUME,-37.69102,144.9691,2022,4,April,6,Morning Peak,Weekday
T20220008867,2022-04-20,14:27:00,1,Collision with vehicle,3,Wednesday,120,HEAD ON (NOT OVERTAKING),1,713129,Not at intersection,2,80,Local Road,CARDINIA,CARDINIA,-38.098236,145.42993,2022,4,April,14,Midday,Weekday
T20220008854,2022-04-20,12:55:00,1,Collision with vehicle,3,Wednesday,113,RIGHT NEAR (INTERSECTIONS ONLY),1,43594,T intersection,3,80,Arterial Highway,MOOROODUC,FRANKSTON,-38.19403,145.1351,2022,4,April,12,Midday,Weekday
T20220008872,2022-04-20,16:50:00,1,Collision with vehicle,3,Wednesday,148,VEHICLE OFF FOOTPATH STRIKES VEH ON CARRIAGEWAY,1,710148,Not at intersection,3,50,Arterial Highway,ALBERT,HEPBURN,-37.341484,144.14244,2022,4,April,16,Afternoon Peak,Weekday
T20220008855,2022-04-20,13:54:00,1,Collision with vehicle,3,Wednesday,148,VEHICLE OFF FOOTPATH STRIKES VEH ON CARRIAGEWAY,1,711972,Not at intersection,3,50,Local Road,TAVERN,WANGARATTA,-36.374805,146.29942,2022,4,April,13,Midday,Weekday
T20220008887,2022-04-20,16:10:00,8,No collision and no object struck,3,Wednesday,174,OUT OF CONTROL ON CARRIAGEWAY (ON STRAIGHT),1,38688,Cross intersection,3,60,Arterial Highway,GEELONG,MARIBYRNONG,-37.803978,144.8828,2022,4,April,16,Afternoon Peak,Weekday
T20220008864,2022-04-20,14:38:00,1,Collision with vehicle,3,Wednesday,139,OTHER SAME DIRECTION-MANOUEVRES NOT INCLUDED IN DCAs 130-137,1,710804,Not at intersection,3,70,Arterial Other,EDGARS,WHITTLESEA,-37.680252,144.99915,2022,4,April,14,Midday,Weekday
T20220008865,2022-04-20,16:05:00,1,Collision with vehicle,3,Wednesday,110,CROSS TRAFFIC(INTERSECTIONS ONLY),1,710459,Cross intersection,3,50,Local Road,RALEIGH,WHITEHORSE,-37.839554,145.15941,2022,4,April,16,Afternoon Peak,Weekday
T20220012852,2022-04-21,22:46:00,4,Collision with a fixed object,4,Thursday,173,RIGHT OFF CARRIAGEWAY INTO OBJECT/PARKED VEHICLE,3,714669,Not at intersection,2,50,Local Road,BARKLY,MARIBYRNONG,-37.796738,144.87128,2022,4,April,22,Night,Weekday
T20220012814,2022-04-21,19:00:00,1,Collision with vehicle,4,Thursday,130,REAR END(VEHICLES IN SAME LANE),9,714437,Not at intersection,3,40,Arterial Other,VICTORIA,YARRA,-37.810894,145.0039,2022,4,April,19,Night,Weekday
T20220008902,2022-04-21,09:00:00,2,Struck Pedestrian,4,Thursday,100,PED NEAR SIDE. PED HIT BY VEHICLE FROM THE RIGHT.,1,45359,Cross intersection,3,50,Arterial Other,MARIBYRNONG,MOONEE VALLEY,-37.771736,144.91618,2022,4,April,9,Morning Peak,Weekday
T20220008913,2022-04-21,09:28:00,1,Collision with vehicle,4,Thursday,110,CROSS TRAFFIC(INTERSECTIONS ONLY),1,52697,Cross intersection,2,50,Arterial Highway,HIGH,ARARAT,-37.282757,142.93434,2022,4,April,9,Morning Peak,Weekday
T20220008965,2022-04-21,15:30:00,4,Collision with a fixed object,4,Thursday,173,RIGHT OFF CARRIAGEWAY INTO OBJECT/PARKED VEHICLE,1,22510,Cross intersection,2,60,Arterial Other,HOWITT STREET -LEARMONTH,BALLARAT,-37.5391,143.82225,2022,4,April,15,Afternoon Peak,Weekday
T20220008953,2022-04-21,15:50:00,4,Collision with a fixed object,4,Thursday,181,OFF RIGHT BEND INTO OBJECT/PARKED VEHICLE,1,715112,Not at intersection,2,100,Arterial Other,COLAC-LAVERS HILL,COLAC OTWAY,-38.65357,143.4627,2022,4,April,15,Afternoon Peak,Weekday
T20220008962,2022-04-21,19:53:00,2,Struck Pedestrian,4,Thursday,109,ANY MANOEUVRE INVOLVING PED NOT INCLUDED IN DCAs 100-108.,3,41791,Cross intersection,3,40,Local Road,KINGSWAY,MONASH,-37.87954,145.16394,2022,4,April,19,Night,Weekday
T20220008977,2022-04-21,22:50:00,4,Collision with a fixed object,4,Thursday,175,OFF END OF ROAD/T-INTERSECTION.,5,17631,T intersection,2,60,Arterial Other,MURDOCH,WANGARATTA,-36.379467,146.3266,2022,4,April,22,Night,Weekday
T20220008976,2022-04-21,11:23:00,1,Collision with vehicle,4,Thursday,132,RIGHT REAR.,1,235996,T intersection,3,50,Arterial Other,ELEVENTH,MILDURA,-34.17302,142.13763,2022,4,April,11,Midday,Weekday
T20220008941,2022-04-21,15:35:00,1,Collision with vehicle,4,Thursday,147,VEHICLE STRIKES ANOTHER VEH WHILE EMERGING FROM DRIVEWAY,1,714481,Not at intersection,2,60,Arterial Other,HIGH STREET,MONASH,-37.87567,145.17851,2022,4,April,15,Afternoon Peak,Weekday
T20220008951,2022-04-21,15:50:00,1,Collision with vehicle,4,Thursday,140,U TURN,1,781792,Not at intersection,3,70,Arterial Other,PRINCES IN-FOREST,GEELONG,-38.05474,144.38979,2022,4,April,15,Afternoon Peak,Weekday
T20220008973,2022-04-21,23:00:00,4,Collision with a fixed object,4,Thursday,171,LEFT OFF CARRIAGEWAY INTO OBJECT/PARKED VEHICLE,3,891,T intersection,2,80,Arterial Highway,FRANKSTON-DANDENONG,DANDENONG,-38.00607,145.21704,2022,4,April,23,Night,Weekday
T20220008916,2022-04-21,13:00:00,1,Collision with vehicle,4,Thursday,130,REAR END(VEHICLES IN SAME LANE),1,778577,Not at intersection,3,100,Local Road,GILLIES,BALLARAT,-37.45012,143.83951,2022,4,April,13,Midday,Weekday
T20220008919,2022-04-21,11:00:00,1,Collision with vehicle,4,Thursday,130,REAR END(VEHICLES IN SAME LANE),1,710151,Not at intersection,2,60,Arterial Other,ALEXANDRA,STONNINGTON,-37.832268,144.98949,2022,4,April,11,Midday,Weekday
T20220008923,2022-04-21,12:30:00,1,Collision with vehicle,4,Thursday,113,RIGHT NEAR (INTERSECTIONS ONLY),1,278703,T intersection,2,70,Freeway,BACCHUS MARSH,GEELONG,-38.05862,144.35825,2022,4,April,12,Midday,Weekday
T20220008947,2022-04-21,17:38:00,4,Collision with a fixed object,4,Thursday,181,OFF RIGHT BEND INTO OBJECT/PARKED VEHICLE,2,713468,Not at intersection,2,100,Arterial Other,GISBORNE,MOORABOOL,-37.635273,144.46338,2022,4,April,17,Afternoon Peak,Weekday
T20220008926,2022-04-21,13:02:00,4,Collision with a fixed object,4,Thursday,181,OFF RIGHT BEND INTO OBJECT/PARKED VEHICLE,1,714380,Not at intersection,3,50,Local Road,GERTZ,DAREBIN,-37.699207,145.03377,2022,4,April,13,Midday,Weekday
T20220009369,2022-04-21,22:17:00,4,Collision with a fixed object,4,Thursday,181,OFF RIGHT BEND INTO OBJECT/PARKED VEHICLE,3,716983,Not at intersection,3,50,Local Road,ROBB,MACEDON RANGES,-37.342415,144.73528,2022,4,April,22,Night,Weekday
T20220008927,2022-04-21,13:30:00,1,Collision with vehicle,4,Thursday,121,RIGHT THROUGH,1,710152,T intersection,3,50,Local Road,GARDEN,HUME,-37.691372,144.87872,2022,4,April,13,Midday,Weekday
T20220009231,2022-04-21,09:30:00,6,Vehicle overturned (no collision),4,Thursday,174,OUT OF CONTROL ON CARRIAGEWAY (ON STRAIGHT),1,710467,T intersection,3,50,Local Road,BROOK,HOBSONS BAY,-37.86013,144.81808,2022,4,April,9,Morning Peak,Weekday
T20220011255,2022-04-21,18:00:00,1,Collision with vehicle,4,Thursday,130,REAR END(VEHICLES IN SAME LANE),2,712527,Not at intersection,3,60,Freeway,TULLAMARINE IN-BULLA,MOONEE VALLEY,-37.7349,144.89995,2022,4,April,18,Afternoon Peak,Weekday
T20220008967,2022-04-21,14:45:00,1,Collision with vehicle,4,Thursday,110,CROSS TRAFFIC(INTERSECTIONS ONLY),1,44312,Cross intersection,2,80,Arterial Other,LEAKES,WYNDHAM,-37.83944,144.74709,2022,4,April,14,Midday,Weekday
T20220009275,2022-04-21,12:20:00,1,Collision with vehicle,4,Thursday,121,RIGHT THROUGH,1,39280,Cross intersection,3,60,Arterial Other,ELGAR,WHITEHORSE,-37.820717,145.1143,2022,4,April,12,Midday,Weekday
T20220008929,2022-04-21,14:43:00,2,Struck Pedestrian,4,Thursday,100,PED NEAR SIDE. PED HIT BY VEHICLE FROM THE RIGHT.,1,710848,Not at intersection,2,60,Local Road,CALDER PARK,MELTON,-37.713104,144.75558,2022,4,April,14,Midday,Weekday
T20220008936,2022-04-21,15:12:00,1,Collision with vehicle,4,Thursday,152,PULLING OUT (OVERTAKING),1,715812,Not at intersection,3,100,Arterial Other,MURCHISON-TATURA,SHEPPARTON,-36.57739,145.22278,2022,4,April,15,Afternoon Peak,Weekday
T20220008957,2022-04-21,15:15:00,1,Collision with vehicle,4,Thursday,132,RIGHT REAR.,1,50354,T intersection,2,80,Arterial Highway,GREAT OCEAN,SURF COAST,-38.348938,144.25885,2022,4,April,15,Afternoon Peak,Weekday
T20220009327,2022-04-21,20:25:00,1,Collision with vehicle,4,Thursday,132,RIGHT REAR.,3,718927,Not at intersection,3,40,Local Road,BARKLY,MARIBYRNONG,-37.79796,144.88245,2022,4,April,20,Night,Weekday
T20220008966,2022-04-21,20:00:00,4,Collision with a fixed object,4,Thursday,141,U TURN INTO FIXED OBJECT/PARKED VEHICLE,3,714680,Not at intersection,3,40,Local Road,UNION,MOONEE VALLEY,-37.774467,144.91573,2022,4,April,20,Night,Weekday
T20220008939,2022-04-21,16:05:00,4,Collision with a fixed object,4,Thursday,183,OFF LEFT BEND INTO OBJECT/PARKED VEHICLE,1,711191,Not at intersection,2,100,Arterial Other,WESTERNPORT,CARDINIA,-38.254707,145.59349,2022,4,April,16,Afternoon Peak,Weekday
T20220011693,2022-04-21,06:10:00,1,Collision with vehicle,4,Thursday,121,RIGHT THROUGH,1,780086,T intersection,3,80,Arterial Highway,GREENSBOROUGH,BANYULE,-37.695232,145.0923,2022,4,April,6,Morning Peak,Weekday
T20220011196,2022-04-21,15:20:00,1,Collision with vehicle,4,Thursday,147,VEHICLE STRIKES ANOTHER VEH WHILE EMERGING FROM DRIVEWAY,1,720727,T intersection,3,60,Arterial Other,MOUNT DANDENONG,YARRA RANGES,-37.80213,145.31027,2022,4,April,15,Afternoon Peak,Weekday
T20220009080,2022-04-21,12:00:00,1,Collision with vehicle,4,Thursday,143,ENTERING PARKING,1,714483,Not at intersection,3,40,Local Road,BELLERINE,GEELONG,-38.150967,144.36472,2022,4,April,12,Midday,Weekday
T20220008955,2022-04-21,19:10:00,1,Collision with vehicle,4,Thursday,137,LEFT TURN SIDESWIPE,3,720729,Not at intersection,3,60,Arterial Other,CAMP,HUME,-37.68913,144.95354,2022,4,April,19,Night,Weekday
T20220008920,2022-04-21,13:30:00,1,Collision with vehicle,4,Thursday,110,CROSS TRAFFIC(INTERSECTIONS ONLY),1,43626,Cross intersection,3,50,Arterial Other,CENTRE,CASEY,-38.029064,145.30089,2022,4,April,13,Midday,Weekday
T20220010208,2022-04-21,18:13:00,1,Collision with vehicle,4,Thursday,120,HEAD ON (NOT OVERTAKING),3,711842,Not at intersection,3,80,Arterial Other,WELLINGTON,KNOX,-37.928047,145.23334,2022,4,April,18,Afternoon Peak,Weekday
T20220009180,2022-04-21,16:00:00,6,Vehicle overturned (no collision),4,Thursday,170,OFF CARRIAGEWAY TO LEFT,1,774258,Not at intersection,3,40,Arterial Other,SPENCER,MELBOURNE,-37.81833,144.95381,2022,4,April,16,Afternoon Peak,Weekday
T20220011541,2022-04-22,23:20:00,1,Collision with vehicle,5,Friday,163,VEHICLE STRIKES DOOR OF PARKED/STATIONARY VEHICLE,3,296820,Not at intersection,2,40,Local Road,CHAPEL,STONNINGTON,-37.85615,144.99255,2022,4,April,23,Night,Weekday
T20220008987,2022-04-22,08:30:00,1,Collision with vehicle,5,Friday,120,HEAD ON (NOT OVERTAKING),1,715947,Not at intersection,3,60,Local Road,ORMOND,CASEY,-38.056076,145.28902,2022,4,April,8,Morning Peak,Weekday
T20220009074,2022-04-22,16:00:00,1,Collision with vehicle,5,Friday,121,RIGHT THROUGH,1,222171,T intersection,3,80,Arterial Highway,WESTERN,BALLARAT,-37.563736,143.93266,2022,4,April,16,Afternoon Peak,Weekday
T20220008986,2022-04-22,08:10:00,2,Struck Pedestrian,5,Friday,100,PED NEAR SIDE. PED HIT BY VEHICLE FROM THE RIGHT.,1,36808,Cross intersection,2,60,Arterial Other,DUDLEY,MELBOURNE,-37.810955,144.94783,2022,4,April,8,Morning Peak,Weekday
T20220009410,2022-04-22,13:30:00,4,Collision with a fixed object,5,Friday,183,OFF LEFT BEND INTO OBJECT/PARKED VEHICLE,1,718430,Not at intersection,3,50,Local Road,ANTONIOS,GOLDEN PLAINS,-37.663593,143.70587,2022,4,April,13,Midday,Weekday
T20220009243,2022-04-22,23:06:00,1,Collision with vehicle,5,Friday,162,ACCIDENT OR BROKEN DOWN,5,714488,Not at intersection,3,100,Freeway,WESTERN,MELTON,-37.783714,144.7481,2022,4,April,23,Night,Weekday
T20230003274,2022-04-22,06:00:00,4,Collision with a fixed object,5,Friday,171,LEFT OFF CARRIAGEWAY INTO OBJECT/PARKED VEHICLE,2,761780,T intersection,2,80,Local Road,WANWIN,GLENELG,-37.951496,141.25208,2022,4,April,6,Morning Peak,Weekday
T20220008989,2022-04-22,10:25:00,1,Collision with vehicle,5,Friday,148,VEHICLE OFF FOOTPATH STRIKES VEH ON CARRIAGEWAY,1,710251,T intersection,3,50,Arterial Other,CHILDS,WHITTLESEA,-37.667995,145.06055,2022,4,April,10,Midday,Weekday
T20220008991,2022-04-22,10:00:00,1,Collision with vehicle,5,Friday,130,REAR END(VEHICLES IN SAME LANE),1,50242,Cross intersection,3,60,Arterial Other,PIONEER,GEELONG,-38.20191,144.33138,2022,4,April,10,Midday,Weekday