ACCIDENT_NO,ACCIDENT_DATE,ACCIDENT_TIME,ACCIDENT_TYPE,ACCIDENT_TYPE_DESC,DAY_OF_WEEK,DAY_WEEK_DESC,DCA_CODE,DCA_DESC,LIGHT_CONDITION,NODE_ID,ROAD_GEOMETRY_DESC,SEVERITY,SPEED_ZONE,RMA,ROAD_NAME,LGA_NAME,LATITUDE,LONGITUDE,YEAR,MONTH,MONTH_NAME,HOUR,TIME_PERIOD,DAY_TYPE
T20220010740,2022-04-22,18:48:00,1,Collision with vehicle,5,Friday,131,LEFT REAR,3,354431,Multiple intersection,3,80,Freeway,HEATHERTON-MONASH OUT,CASEY,-37.97278,145.23897,2022,4,April,18,Afternoon Peak,Weekday
T20220009032,2022-04-22,10:20:00,1,Collision with vehicle,5,Friday,135,LANE CHANGE LEFT (NOT OVERTAKING),1,712484,Not at intersection,2,80,Freeway,MONASH,MONASH,-37.936073,145.1931,2022,4,April,10,Midday,Weekday
T20220009188,2022-04-22,15:00:00,1,Collision with vehicle,5,Friday,162,ACCIDENT OR BROKEN DOWN,1,714489,Not at intersection,2,60,Arterial Other,KINGS,BRIMBANK,-37.711285,144.77809,2022,4,April,15,Afternoon Peak,Weekday
T20220009457,2022-04-22,18:00:00,1,Collision with vehicle,5,Friday,110,CROSS TRAFFIC(INTERSECTIONS ONLY),2,42404,Cross intersection,3,60,Arterial Other,CLAYTON,MONASH,-37.923866,145.11998,2022,4,April,18,Afternoon Peak,Weekday
T20220009081,2022-04-22,14:50:00,1,Collision with vehicle,5,Friday,153,CUTTING IN (OVERTAKING),1,714681,Not at intersection,3,100,Arterial Other,NAR NAR GOON-LONGWARRY,CARDINIA,-38.08368,145.60205,2022,4,April,14,Midday,Weekday
T20220009477,2022-04-22,19:00:00,8,No collision and no object struck,5,Friday,174,OUT OF CONTROL ON CARRIAGEWAY (ON STRAIGHT),3,710810,Not at intersection,2,50,Arterial Other,ST GEORGES,YARRA,-37.784256,144.98303,2022,4,April,19,Night,Weekday
T20220008969,2022-04-22,01:02:00,4,Collision with a fixed object,5,Friday,181,OFF RIGHT BEND INTO OBJECT/PARKED VEHICLE,3,718426,Not at intersection,2,60,Arterial Other,CURZON,MELBOURNE,-37.79841,144.94894,2022,4,April,1,Late Night,Weekday
T20220011049,2022-04-22,17:00:00,1,Collision with vehicle,5,Friday,130,REAR END(VEHICLES IN SAME LANE),2,714487,Not at intersection,3,60,Arterial Other,BURWOOD,KNOX,-37.89679,145.3195,2022,4,April,17,Afternoon Peak,Weekday
T20220009205,2022-04-22,18:30:00,1,Collision with vehicle,5,Friday,130,REAR END(VEHICLES IN SAME LANE),3,714485,Not at intersection,3,80,Arterial Highway,PRINCES,CASEY,-38.014423,145.29018,2022,4,April,18,Afternoon Peak,Weekday
T20220009005,2022-04-22,13:13:00,1,Collision with vehicle,5,Friday,110,CROSS TRAFFIC(INTERSECTIONS ONLY),1,56699,Cross intersection,2,100,Arterial Other,COBDEN-STONYFORD,CORANGAMITE,-38.32775,143.24934,2022,4,April,13,Midday,Weekday
T20220009009,2022-04-22,06:30:00,1,Collision with vehicle,5,Friday,160,VEHICLE COLLIDES WITH VEHICLE PARKED ON LEFT OF ROAD,2,720731,Not at intersection,3,60,Local Road,MERTON,HOBSONS BAY,-37.867794,144.77805,2022,4,April,6,Morning Peak,Weekday
T20220009012,2022-04-22,11:55:00,1,Collision with vehicle,5,Friday,121,RIGHT THROUGH,1,347464,Not at intersection,3,30,Local Road,ROSAMOND,MARIBYRNONG,-37.772797,144.88615,2022,4,April,11,Midday,Weekday
T20220009013,2022-04-22,06:30:00,1,Collision with vehicle,5,Friday,150,HEAD ON(OVERTAKING),1,711332,Not at intersection,2,80,Arterial Other,BALLARTO,CARDINIA,-38.156044,145.50328,2022,4,April,6,Morning Peak,Weekday
T20220009016,2022-04-22,16:40:00,1,Collision with vehicle,5,Friday,113,RIGHT NEAR (INTERSECTIONS ONLY),1,671302,T intersection,3,70,Arterial Other,SOUTH,KINGSTON,-37.93387,145.04071,2022,4,April,16,Afternoon Peak,Weekday
T20220011469,2022-04-22,08:00:00,1,Collision with vehicle,5,Friday,130,REAR END(VEHICLES IN SAME LANE),1,197546,Not at intersection,3,60,Arterial Other,MT ALEXANDER,MOONEE VALLEY,-37.74476,144.91025,2022,4,April,8,Morning Peak,Weekday
T20220009018,2022-04-22,13:00:00,1,Collision with vehicle,5,Friday,130,REAR END(VEHICLES IN SAME LANE),1,778852,Not at intersection,3,80,Arterial Other,PLENTY,WHITTLESEA,-37.665695,145.0718,2022,4,April,13,Midday,Weekday
T20220009045,2022-04-22,18:35:00,1,Collision with vehicle,5,Friday,120,HEAD ON (NOT OVERTAKING),3,713791,Not at intersection,3,60,Local Road,LIVERPOOL,KNOX,-37.84941,145.30827,2022,4,April,18,Afternoon Peak,Weekday
T20220009044,2022-04-22,15:50:00,1,Collision with vehicle,5,Friday,130,REAR END(VEHICLES IN SAME LANE),1,747429,Not at intersection,3,80,Freeway,METROPOLITAN RING,HUME,-37.6909,144.97032,2022,4,April,15,Afternoon Peak,Weekday
T20220009085,2022-04-22,19:10:00,1,Collision with vehicle,5,Friday,130,REAR END(VEHICLES IN SAME LANE),9,10947,Multiple intersection,3,60,Freeway,WARRIGAL-MONASH IN,MONASH,-37.883427,145.09009,2022,4,April,19,Night,Weekday
T20220009040,2022-04-22,17:40:00,2,Struck Pedestrian,5,Friday,102,FAR SIDE. PED HIT BY VEHICLE FROM THE LEFT,1,646836,T intersection,3,50,Local Road,GRAND,HUME,-37.571606,144.9101,2022,4,April,17,Afternoon Peak,Weekday
T20220009039,2022-04-22,18:46:00,2,Struck Pedestrian,5,Friday,100,PED NEAR SIDE. PED HIT BY VEHICLE FROM THE RIGHT.,3,48238,T intersection,2,60,Arterial Other,WAVERLEY,STONNINGTON,-37.8757,145.04591,2022,4,April,18,Afternoon Peak,Weekday
T20220009037,2022-04-22,16:00:00,1,Collision with vehicle,5,Friday,147,VEHICLE STRIKES ANOTHER VEH WHILE EMERGING FROM DRIVEWAY,1,719301,Not at intersection,3,80,Arterial Other,FRANKSTON-FLINDERS,MORNINGTON PENINSULA,-38.24772,145.19145,2022,4,April,16,Afternoon Peak,Weekday
T20220009036,2022-04-22,19:30:00,8,No collision and no object struck,5,Friday,174,OUT OF CONTROL ON CARRIAGEWAY (ON STRAIGHT),5,712755,Not at intersection,3,50,Local Road,EYRE,CAMPASPE,-36.134453,144.75192,2022,4,April,19,Night,Weekday
T20220009035,2022-04-22,19:05:00,1,Collision with vehicle,5,Friday,132,RIGHT REAR.,5,42103,T intersection,3,60,Arterial Other,BLUFF,BAYSIDE,-37.9395,145.02348,2022,4,April,19,Night,Weekday
T20220009024,2022-04-22,18:00:00,1,Collision with vehicle,5,Friday,147,VEHICLE STRIKES ANOTHER VEH WHILE EMERGING FROM DRIVEWAY,3,712572,Not at intersection,2,60,Arterial Other,BAY,BAYSIDE,-37.9549,145.03024,2022,4,April,18,Afternoon Peak,Weekday
T20220009046,2022-04-22,21:19:00,1,Collision with vehicle,5,Friday,130,REAR END(VEHICLES IN SAME LANE),3,712485,Not at intersection,3,80,Arterial Other,PASCOE VALE,HUME,-37.652714,144.9298,2022,4,April,21,Night,Weekday
T20220011111,2022-04-22,18:00:00,1,Collision with vehicle,5,Friday,113,RIGHT NEAR (INTERSECTIONS ONLY),6,66110,Cross intersection,3,40,Arterial Other,GLENFERRIE,BOROONDARA,-37.818825,145.03606,2022,4,April,18,Afternoon Peak,Weekday
T20220010507,2022-04-22,04:39:00,1,Collision with vehicle,5,Friday,130,REAR END(VEHICLES IN SAME LANE),3,778521,Multiple intersection,3,80,Arterial Other,HUNTINGDALE,MONASH,-37.900856,145.10547,2022,4,April,4,Late Night,Weekday
T20220009029,2022-04-22,19:00:00,1,Collision with vehicle,5,Friday,110,CROSS TRAFFIC(INTERSECTIONS ONLY),3,289043,Cross intersection,3,60,Arterial Other,FLEMINGTON,MELBOURNE,-37.799652,144.95503,2022,4,April,19,Night,Weekday
T20220011616,2022-04-22,13:35:00,2,Struck Pedestrian,5,Friday,102,FAR SIDE. PED HIT BY VEHICLE FROM THE LEFT,1,326901,Not at intersection,3,40,Local Road,LONSDALE,MELBOURNE,-37.81067,144.9678,2022,4,April,13,Midday,Weekday
T20220009774,2022-04-22,07:01:00,1,Collision with vehicle,5,Friday,137,LEFT TURN SIDESWIPE,1,38051,Cross intersection,3,40,Arterial Other,HEIDELBERG,DAREBIN,-37.7834,145.01738,2022,4,April,7,Morning Peak,Weekday
T20220009401,2022-04-23,20:15:00,1,Collision with vehicle,6,Saturday,152,PULLING OUT (OVERTAKING),9,36949,Cross intersection,3,60,Local Road,MILES,MELBOURNE,-37.82832,144.9659,2022,4,April,20,Night,Weekend
T20220009114,2022-04-23,21:44:00,1,Collision with vehicle,6,Saturday,121,RIGHT THROUGH,6,29704,T intersection,2,60,Local Road,CORRIGAN,DANDENONG,-37.97711,145.16605,2022,4,April,21,Night,Weekend
T20220009101,2022-04-23,16:29:00,2,Struck Pedestrian,6,Saturday,100,PED NEAR SIDE. PED HIT BY VEHICLE FROM THE RIGHT.,1,710463,Not at intersection,2,60,Arterial Other,CLAYTON,MONASH,-37.91424,145.12183,2022,4,April,16,Afternoon Peak,Weekend
T20220009098,2022-04-23,13:30:00,6,Vehicle overturned (no collision),6,Saturday,180,OFF CARRIAGEWAY ON RIGHT BEND,1,726776,Not at intersection,2,100,Local Road,A10,BENALLA,-36.797962,145.86661,2022,4,April,13,Midday,Weekend
T20220009119,2022-04-23,04:40:00,4,Collision with a fixed object,6,Saturday,173,RIGHT OFF CARRIAGEWAY INTO OBJECT/PARKED VEHICLE,3,784843,Not at intersection,2,60,Arterial Highway,QUEENS,PORT PHILLIP,-37.850906,144.97832,2022,4,April,4,Late Night,Weekend
T20220009097,2022-04-23,15:44:00,1,Collision with vehicle,6,Saturday,142,LEAVING PARKING,1,710773,Not at intersection,3,40,Local Road,QUEEN,MORNINGTON PENINSULA,-38.217693,145.03683,2022,4,April,15,Afternoon Peak,Weekend
T20220011987,2022-04-23,09:30:00,1,Collision with vehicle,6,Saturday,130,REAR END(VEHICLES IN SAME LANE),1,713689,Not at intersection,3,70,Arterial Highway,SPRINGVALE,MONASH,-37.874058,145.16689,2022,4,April,9,Morning Peak,Weekend
T20220009095,2022-04-23,15:10:00,1,Collision with vehicle,6,Saturday,130,REAR END(VEHICLES IN SAME LANE),1,772745,Not at intersection,2,60,Arterial Other,CRANBOURNE-FRANKSTON,CASEY,-38.10997,145.25339,2022,4,April,15,Afternoon Peak,Weekend
T20220009094,2022-04-23,15:50:00,2,Struck Pedestrian,6,Saturday,103,PED PLAYING/LYING/WORKING/STANDING ON CARRIAGEWAY.,1,710523,Not at intersection,2,50,Local Road,ALBERT,MELBOURNE,-37.810555,144.98485,2022,4,April,15,Afternoon Peak,Weekend
T20220009092,2022-04-23,14:05:00,1,Collision with vehicle,6,Saturday,120,HEAD ON (NOT OVERTAKING),1,54264,T intersection,3,60,Local Road,ALLENBY,MELTON,-37.702305,144.74225,2022,4,April,14,Midday,Weekend
T20220009120,2022-04-23,23:38:00,4,Collision with a fixed object,6,Saturday,171,LEFT OFF CARRIAGEWAY INTO OBJECT/PARKED VEHICLE,5,727342,Not at intersection,2,80,Arterial Highway,PRINCES,WELLINGTON,-38.101574,146.94916,2022,4,April,23,Night,Weekend
T20220009358,2022-04-23,20:00:00,1,Collision with vehicle,6,Saturday,113,RIGHT NEAR (INTERSECTIONS ONLY),1,38117,T intersection,3,60,Arterial Highway,BELL,BANYULE,-37.749695,145.04134,2022,4,April,20,Night,Weekend
T20220009090,2022-04-23,11:05:00,1,Collision with vehicle,6,Saturday,130,REAR END(VEHICLES IN SAME LANE),1,12335,Multiple intersection,2,80,Freeway,CAROLINE SPRINGS,MELTON,-37.756332,144.73967,2022,4,April,11,Midday,Weekend
T20220009126,2022-04-23,11:30:00,1,Collision with vehicle,6,Saturday,116,LEFT NEAR (INTERSECTIONS ONLY),1,783335,Cross intersection,3,100,Local Road,BANGERANG,CAMPASPE,-36.12267,144.81354,2022,4,April,11,Midday,Weekend
T20220009089,2022-04-23,14:11:00,1,Collision with vehicle,6,Saturday,121,RIGHT THROUGH,1,710462,Cross intersection,2,100,Arterial Other,TIMBOON-COLAC,COLAC OTWAY,-38.396427,143.4468,2022,4,April,14,Midday,Weekend
T20220010811,2022-04-23,10:00:00,1,Collision with vehicle,6,Saturday,131,LEFT REAR,1,305087,Cross intersection,3,70,Arterial Other,STATION,BRIMBANK,-37.770462,144.7749,2022,4,April,10,Midday,Weekend
T20220009075,2022-04-23,11:30:00,4,Collision with a fixed object,6,Saturday,181,OFF RIGHT BEND INTO OBJECT/PARKED VEHICLE,1,710908,Not at intersection,3,60,Local Road,HAM,BENDIGO,-36.791252,144.25972,2022,4,April,11,Midday,Weekend
T20220009131,2022-04-23,10:57:00,1,Collision with vehicle,6,Saturday,113,RIGHT NEAR (INTERSECTIONS ONLY),1,712822,T intersection,2,80,Local Road,TARNEIT,WYNDHAM,-37.825413,144.67403,2022,4,April,10,Midday,Weekend
T20220009086,2022-04-23,14:30:00,1,Collision with vehicle,6,Saturday,113,RIGHT NEAR (INTERSECTIONS ONLY),1,1082,T intersection,3,50,Arterial Highway,POINT NEPEAN,MORNINGTON PENINSULA,-38.330868,144.96866,2022,4,April,14,Midday,Weekend
T20220009135,2022-04-23,10:30:00,2,Struck Pedestrian,6,Saturday,102,FAR SIDE. PED HIT BY VEHICLE FROM THE LEFT,1,774256,Not at intersection,3,60,Arterial Highway,MCCRAE,BENDIGO,-36.75236,144.28859,2022,4,April,10,Midday,Weekend
T20220009076,2022-04-23,06:30:00,4,Collision with a fixed object,6,Saturday,171,LEFT OFF CARRIAGEWAY INTO OBJECT/PARKED VEHICLE,2,784844,Not at intersection,2,100,Freeway,MONASH,CASEY,-37.984608,145.24773,2022,4,April,6,Morning Peak,Weekend
T20220009439,2022-04-23,01:38:00,6,Vehicle overturned (no collision),6,Saturday,174,OUT OF CONTROL ON CARRIAGEWAY (ON STRAIGHT),3,710805,Not at intersection,3,40,Arterial Other,BRIDGE,YARRA,-37.817955,144.9936,2022,4,April,1,Late Night,Weekend
T20220009084,2022-04-23,14:10:00,4,Collision with a fixed object,6,Saturday,173,RIGHT OFF CARRIAGEWAY INTO OBJECT/PARKED VEHICLE,1,711375,Not at intersection,2,100,Local Road,LINDNER,WANGARATTA,-36.3409,146.25339,2022,4,April,14,Midday,Weekend
T20220009078,2022-04-23,09:48:00,1,Collision with vehicle,6,Saturday,130,REAR END(VEHICLES IN SAME LANE),1,712486,Not at intersection,2,100,Freeway,EASTERN,YARRA,-37.79422,145.00568,2022,4,April,9,Morning Peak,Weekend
T20220009053,2022-04-23,00:44:00,1,Collision with vehicle,6,Saturday,121,RIGHT THROUGH,3,711626,Cross intersection,2,60,Arterial Highway,FOOTSCRAY,MELBOURNE,-37.807457,144.91626,2022,4,April,0,Late Night,Weekend
T20220012910,2022-04-23,09:35:00,1,Collision with vehicle,6,Saturday,130,REAR END(VEHICLES IN SAME LANE),1,720831,Not at intersection,3,40,Arterial Highway,HODDLE,MELBOURNE,-37.813663,144.99066,2022,4,April,9,Morning Peak,Weekend
T20220011173,2022-04-23,17:00:00,1,Collision with vehicle,6,Saturday,130,REAR END(VEHICLES IN SAME LANE),1,278589,Cross intersection,3,50,Local Road,LYNDARUM,WHITTLESEA,-37.629578,145.01509,2022,4,April,17,Afternoon Peak,Weekend
T20220010114,2022-04-23,21:30:00,2,Struck Pedestrian,6,Saturday,100,PED NEAR SIDE. PED HIT BY VEHICLE FROM THE RIGHT.,3,711843,Not at intersection,3,50,Local Road,TALMAGE,BRIMBANK,-37.778744,144.82478,2022,4,April,21,Night,Weekend
T20220009138,2022-04-23,09:51:00,1,Collision with vehicle,6,Saturday,120,HEAD ON (NOT OVERTAKING),1,47175,T intersection,3,80,Arterial Other,GEMBROOK,CARDINIA,-37.97145,145.54684,2022,4,April,9,Morning Peak,Weekend
T20220014612,2022-04-23,13:55:00,4,Collision with a fixed object,6,Saturday,173,RIGHT OFF CARRIAGEWAY INTO OBJECT/PARKED VEHICLE,1,781625,Not at intersection,3,100,Arterial Other,COBDEN-STONYFORD,COLAC OTWAY,-38.32642,143.31668,2022,4,April,13,Midday,Weekend
T20220009068,2022-04-23,09:05:00,1,Collision with vehicle,6,Saturday,110,CROSS TRAFFIC(INTERSECTIONS ONLY),1,452,Multiple intersection,2,80,Arterial Highway,GEELONG,MARIBYRNONG,-37.811073,144.86969,2022,4,April,9,Morning Peak,Weekend
T20220009059,2022-04-23,03:30:00,4,Collision with a fixed object,6,Saturday,173,RIGHT OFF CARRIAGEWAY INTO OBJECT/PARKED VEHICLE,3,757417,Not at intersection,2,70,Local Road,TARNEIT,WYNDHAM,-37.87644,144.66428,2022,4,April,3,Late Night,Weekend
T20220009072,2022-04-23,05:54:00,1,Collision with vehicle,6,Saturday,110,CROSS TRAFFIC(INTERSECTIONS ONLY),3,355452,Cross intersection,2,80,Arterial Highway,THOMPSONS,CASEY,-38.08226,145.27632,2022,4,April,5,Morning Peak,Weekend
T20220009102,2022-04-23,14:30:00,2,Struck Pedestrian,6,Saturday,102,FAR SIDE. PED HIT BY VEHICLE FROM THE LEFT,1,716056,T intersection,3,40,Local Road,ARMSTRONG,BALLARAT,-37.56091,143.85646,2022,4,April,14,Midday,Weekend
T20220009103,2022-04-23,16:06:00,1,Collision with vehicle,6,Saturday,110,CROSS TRAFFIC(INTERSECTIONS ONLY),1,43917,Cross intersection,3,80,Arterial Other,CLYDE-FIVE WAYS,CASEY,-38.1335,145.32426,2022,4,April,16,Afternoon Peak,Weekend
T20220009104,2022-04-23,17:10:00,1,Collision with vehicle,6,Saturday,160,VEHICLE COLLIDES WITH VEHICLE PARKED ON LEFT OF ROAD,1,781628,T intersection,3,50,Local Road,HERBERT,DANDENONG,-37.981865,145.22325,2022,4,April,17,Afternoon Peak,Weekend
T20220009106,2022-04-23,19:51:00,1,Collision with vehicle,6,Saturday,160,VEHICLE COLLIDES WITH VEHICLE PARKED ON LEFT OF ROAD,3,710464,Not at intersection,3,60,Arterial Other,WATTLETREE,STONNINGTON,-37.864964,145.04901,2022,4,April,19,Night,Weekend
T20220009111,2022-04-23,21:00:00,1,Collision with vehicle,6,Saturday,160,VEHICLE COLLIDES WITH VEHICLE PARKED ON LEFT OF ROAD,3,774213,Not at intersection,3,60,Local Road,LYDIARD,BALLARAT,-37.540863,143.86168,2022,4,April,21,Night,Weekend
T20220009113,2022-04-23,21:35:00,2,Struck Pedestrian,6,Saturday,100,PED NEAR SIDE. PED HIT BY VEHICLE FROM THE RIGHT.,5,711709,T intersection,3,60,Arterial Other,WESTMILL,WYNDHAM,-37.876266,144.67169,2022,4,April,21,Night,Weekend
T20220009304,2022-04-24,10:00:00,1,Collision with vehicle,7,Sunday,121,RIGHT THROUGH,1,45286,T intersection,3,50,Arterial Other,KEILOR,MOONEE VALLEY,-37.74282,144.9059,2022,4,April,10,Midday,Weekend
T20220009174,2022-04-24,18:44:00,1,Collision with vehicle,7,Sunday,121,RIGHT THROUGH,3,712487,Not at intersection,3,60,Local Road,SPRINGFIELD,WHITEHORSE,-37.81151,145.16199,2022,4,April,18,Afternoon Peak,Weekend
T20220009157,2022-04-24,15:16:00,4,Collision with a fixed object,7,Sunday,173,RIGHT OFF CARRIAGEWAY INTO OBJECT/PARKED VEHICLE,1,720840,Not at intersection,3,100,Local Road,GORMANDALE-STRADBROKE,WELLINGTON,-38.27871,146.91972,2022,4,April,15,Afternoon Peak,Weekend
T20220009173,2022-04-24,16:30:00,1,Collision with vehicle,7,Sunday,130,REAR END(VEHICLES IN SAME LANE),1,360284,Cross intersection,3,80,Arterial Highway,WHITEHORSE,WHITEHORSE,-37.818573,145.17604,2022,4,April,16,Afternoon Peak,Weekend
T20220009143,2022-04-24,12:30:00,1,Collision with vehicle,7,Sunday,169,OTHER ON PATH,1,715815,Not at intersection,2,60,Arterial Other,MALVERN,STONNINGTON,-37.852745,145.03845,2022,4,April,12,Midday,Weekend
T20220009210,2022-04-24,17:40:00,1,Collision with vehicle,7,Sunday,130,REAR END(VEHICLES IN SAME LANE),2,710466,Not at intersection,3,80,Arterial Other,CRANBOURNE ROAD SERVICE,FRANKSTON,-38.149273,145.1475,2022,4,April,17,Afternoon Peak,Weekend
T20220009725,2022-04-24,15:00:00,1,Collision with vehicle,7,Sunday,130,REAR END(VEHICLES IN SAME LANE),1,778573,T intersection,3,80,Arterial Other,CRANBOURNE-FRANKSTON,FRANKSTON,-38.1492,145.19658,2022,4,April,15,Afternoon Peak,Weekend
T20220009159,2022-04-24,13:30:00,1,Collision with vehicle,7,Sunday,120,HEAD ON (NOT OVERTAKING),1,710465,Not at intersection,3,40,Local Road,WRAY,YARRA RANGES,-37.78462,145.37814,2022,4,April,13,Midday,Weekend
T20220009123,2022-04-24,00:45:00,4,Collision with a fixed object,7,Sunday,173,RIGHT OFF CARRIAGEWAY INTO OBJECT/PARKED VEHICLE,6,715114,Not at intersection,2,80,Local Road,HALL,FRANKSTON,-38.104977,145.2173,2022,4,April,0,Late Night,Weekend
T20220010693,2022-04-24,16:15:00,1,Collision with vehicle,7,Sunday,130,REAR END(VEHICLES IN SAME LANE),1,778579,Not at intersection,3,80,Local Road,BRADY,DANDENONG,-37.955776,145.22691,2022,4,April,16,Afternoon Peak,Weekend
T20220009177,2022-04-24,22:16:00,1,Collision with vehicle,7,Sunday,137,LEFT TURN SIDESWIPE,3,35332,Cross intersection,4,40,Local Road,BRUNSWICK,YARRA,-37.801605,144.9779,2022,4,April,22,Night,Weekend
T20220009146,2022-04-24,11:00:00,4,Collision with a fixed object,7,Sunday,173,RIGHT OFF CARRIAGEWAY INTO OBJECT/PARKED VEHICLE,1,781648,Not at intersection,3,100,Arterial Other,PITFIELD-SCARSDALE,GOLDEN PLAINS,-37.751972,143.62532,2022,4,April,11,Midday,Weekend
T20220009154,2022-04-24,14:20:00,4,Collision with a fixed object,7,Sunday,181,OFF RIGHT BEND INTO OBJECT/PARKED VEHICLE,1,49517,T intersection,2,80,Arterial Other,MARYSVILLE,MURRINDINDI,-37.533127,145.72002,2022,4,April,14,Midday,Weekend
T20220009152,2022-04-24,11:20:00,1,Collision with vehicle,7,Sunday,113,RIGHT NEAR (INTERSECTIONS ONLY),1,55973,T intersection,3,80,Local Road,EVANS,CASEY,-38.091694,145.2559,2022,4,April,11,Midday,Weekend
T20220009122,2022-04-24,01:30:00,1,Collision with vehicle,7,Sunday,130,REAR END(VEHICLES IN SAME LANE),3,137642,Not at intersection,2,60,Arterial Other,MAIN,BRIMBANK,-37.74199,144.77972,2022,4,April,1,Late Night,Weekend
T20220009130,2022-04-24,04:50:00,1,Collision with vehicle,7,Sunday,110,CROSS TRAFFIC(INTERSECTIONS ONLY),5,249918,Cross intersection,2,100,Local Road,ELAINE-MOUNT MERCER,MOORABOOL,-37.783665,143.98027,2022,4,April,4,Late Night,Weekend
T20220009144,2022-04-24,11:16:00,4,Collision with a fixed object,7,Sunday,173,RIGHT OFF CARRIAGEWAY INTO OBJECT/PARKED VEHICLE,1,710656,Not at intersection,2,100,Arterial Highway,MIDLAND,GOLDEN PLAINS,-37.934204,144.11992,2022,4,April,11,Midday,Weekend
T20220009137,2022-04-24,09:12:00,4,Collision with a fixed object,7,Sunday,173,RIGHT OFF CARRIAGEWAY INTO OBJECT/PARKED VEHICLE,1,711333,Not at intersection,3,80,Arterial Other,FRANKSTON-FLINDERS,MORNINGTON PENINSULA,-38.44691,145.03242,2022,4,April,9,Morning Peak,Weekend
T20220010333,2022-04-24,14:47:00,5,collision with some other object,7,Sunday,191,LOAD OR MISSILE STRUCK VEHICLE,1,715197,Not at intersection,2,50,Arterial Other,HOWITT,BALLARAT,-37.540127,143.82999,2022,4,April,14,Midday,Weekend
T20220009139,2022-04-24,12:19:00,2,Struck Pedestrian,7,Sunday,100,PED NEAR SIDE. PED HIT BY VEHICLE FROM THE RIGHT.,1,710655,Not at intersection,3,50,Arterial Other,SPENCER,MELBOURNE,-37.82198,144.95549,2022,4,April,12,Midday,Weekend
T20220009183,2022-04-24,19:11:00,1,Collision with vehicle,7,Sunday,121,RIGHT THROUGH,3,711953,T intersection,1,60,Local Road,SALTWATER,WYNDHAM,-37.911232,144.76364,2022,4,April,19,Night,Weekend
T20220009160,2022-04-24,13:35:00,6,Vehicle overturned (no collision),7,Sunday,170,OFF CARRIAGEWAY TO LEFT,1,781657,Not at intersection,3,80,Arterial Highway,GREAT OCEAN,SURF COAST,-38.432854,144.13403,2022,4,April,13,Midday,Weekend
T20220009161,2022-04-24,15:30:00,4,Collision with a fixed object,7,Sunday,183,OFF LEFT BEND INTO OBJECT/PARKED VEHICLE,1,715168,Not at intersection,2,80,Arterial Other,MONBULK,YARRA RANGES,-37.86055,145.41536,2022,4,April,15,Afternoon Peak,Weekend
T20220009164,2022-04-24,17:55:00,1,Collision with vehicle,7,Sunday,119,OTHER ADJACENT (INTERSECTIONS ONLY),3,291213,T intersection,2,80,Arterial Other,THOMPSONS,CASEY,-38.087273,145.3163,2022,4,April,17,Afternoon Peak,Weekend
T20220009166,2022-04-24,18:25:00,6,Vehicle overturned (no collision),7,Sunday,182,OFF CARRIAGEWAY ON LEFT BEND,5,713469,Not at intersection,2,100,Local Road,MORSES CREEK,ALPINE,-36.80438,146.97545,2022,4,April,18,Afternoon Peak,Weekend
T20220009168,2022-04-24,15:40:00,1,Collision with vehicle,7,Sunday,111,RIGHT FAR (INTERSECTIONS ONLY),1,48414,Cross intersection,3,60,Local Road,BAYVIEW,MORNINGTON PENINSULA,-38.349033,144.93983,2022,4,April,15,Afternoon Peak,Weekend
T20220009623,2022-04-24,00:30:00,1,Collision with vehicle,7,Sunday,135,LANE CHANGE LEFT (NOT OVERTAKING),3,784846,Not at intersection,2,50,Local Road,PRINCES,DANDENONG,-37.934242,145.1576,2022,4,April,0,Late Night,Weekend
T20220009170,2022-04-24,18:15:00,1,Collision with vehicle,7,Sunday,148,VEHICLE OFF FOOTPATH STRIKES VEH ON CARRIAGEWAY,3,13395,Not at intersection,2,60,Freeway,HARCOURT,YARRA,-37.82878,144.98813,2022,4,April,18,Afternoon Peak,Weekend
T20220009423,2022-04-25,14:20:00,1,Collision with vehicle,1,Monday,121,RIGHT THROUGH,1,718700,T intersection,3,50,Local Road,STATION,GLEN EIRA,-37.87701,145.03685,2022,4,April,14,Midday,Weekday
T20220009802,2022-04-25,14:00:00,1,Collision with vehicle,1,Monday,130,REAR END(VEHICLES IN SAME LANE),1,711200,Cross intersection,3,60,Local Road,POWER,CASEY,-38.0014,145.23485,2022,4,April,14,Midday,Weekday
T20220009189,2022-04-25,00:51:00,4,Collision with a fixed object,1,Monday,171,LEFT OFF CARRIAGEWAY INTO OBJECT/PARKED VEHICLE,3,44939,Cross intersection,3,60,Arterial Other,MAIN ROAD E-MAIN,BRIMBANK,-37.744232,144.79994,2022,4,April,0,Late Night,Weekday
T20220009202,2022-04-25,05:40:00,1,Collision with vehicle,1,Monday,169,OTHER ON PATH,3,715723,Not at intersection,3,50,Local Road,HASTIE,SHEPPARTON,-36.446865,145.2327,2022,4,April,5,Morning Peak,Weekday
T20220011552,2022-04-25,11:00:00,1,Collision with vehicle,1,Monday,111,RIGHT FAR (INTERSECTIONS ONLY),1,69511,T intersection,3,50,Local Road,GARNETT,MONASH,-37.92158,145.19936,2022,4,April,11,Midday,Weekday
T20220010862,2022-04-25,19:15:00,1,Collision with vehicle,1,Monday,148,VEHICLE OFF FOOTPATH STRIKES VEH ON CARRIAGEWAY,3,714908,Cross intersection,3,50,Arterial Other,SWAN,YARRA,-37.826023,145.00099,2022,4,April,19,Night,Weekday
T20220009235,2022-04-25,17:00:00,1,Collision with vehicle,1,Monday,130,REAR END(VEHICLES IN SAME LANE),1,712736,Not at intersection,2,100,Arterial Highway,WIMMERA,LODDON,-36.745716,144.00218,2022,4,April,17,Afternoon Peak,Weekday