ACCIDENT_NO,ACCIDENT_DATE,ACCIDENT_TIME,ACCIDENT_TYPE,ACCIDENT_TYPE_DESC,DAY_OF_WEEK,DAY_WEEK_DESC,DCA_CODE,DCA_DESC,LIGHT_CONDITION,NODE_ID,ROAD_GEOMETRY_DESC,SEVERITY,SPEED_ZONE,RMA,ROAD_NAME,LGA_NAME,LATITUDE,LONGITUDE,YEAR,MONTH,MONTH_NAME,HOUR,TIME_PERIOD,DAY_TYPE
T20220009238,2022-04-25,16:48:00,1,Collision with vehicle,1,Monday,130,REAR END(VEHICLES IN SAME LANE),1,710560,T intersection,2,60,Arterial Other,BEACH,KINGSTON,-37.988514,145.05937,2022,4,April,16,Afternoon Peak,Weekday
T20220009204,2022-04-25,10:10:00,1,Collision with vehicle,1,Monday,113,RIGHT NEAR (INTERSECTIONS ONLY),1,710658,T intersection,2,50,Local Road,WILLIAM THWAITES,CASEY,-38.086353,145.3164,2022,4,April,10,Midday,Weekday
T20220009187,2022-04-25,01:18:00,4,Collision with a fixed object,1,Monday,181,OFF RIGHT BEND INTO OBJECT/PARKED VEHICLE,3,45488,T intersection,2,80,Arterial Highway,MELBA,YARRA RANGES,-37.690926,145.37538,2022,4,April,1,Late Night,Weekday
T20220009256,2022-04-25,22:50:00,1,Collision with vehicle,1,Monday,110,CROSS TRAFFIC(INTERSECTIONS ONLY),3,351562,Cross intersection,2,60,Arterial Other,DERRIMUT,WYNDHAM,-37.877483,144.68297,2022,4,April,22,Night,Weekday
T20220009234,2022-04-25,17:45:00,4,Collision with a fixed object,1,Monday,173,RIGHT OFF CARRIAGEWAY INTO OBJECT/PARKED VEHICLE,3,715398,Not at intersection,3,80,Arterial Other,CANTERBURY,MAROONDAH,-37.832302,145.2157,2022,4,April,17,Afternoon Peak,Weekday
T20220009211,2022-04-25,05:35:00,1,Collision with vehicle,1,Monday,130,REAR END(VEHICLES IN SAME LANE),5,728829,Not at intersection,1,100,Local Road,MOUNT WALLACE-BALLARK,MOORABOOL,-37.74544,144.21027,2022,4,April,5,Morning Peak,Weekday
T20220009239,2022-04-25,15:15:00,4,Collision with a fixed object,1,Monday,171,LEFT OFF CARRIAGEWAY INTO OBJECT/PARKED VEHICLE,1,715397,Not at intersection,2,60,Arterial Highway,FOOTSCRAY,MELBOURNE,-37.810368,144.93811,2022,4,April,15,Afternoon Peak,Weekday
T20220009232,2022-04-25,14:45:00,1,Collision with vehicle,1,Monday,121,RIGHT THROUGH,1,277083,T intersection,2,80,Arterial Other,KELLETTS,KNOX,-37.925026,145.28543,2022,4,April,14,Midday,Weekday
T20220009193,2022-04-25,01:30:00,4,Collision with a fixed object,1,Monday,181,OFF RIGHT BEND INTO OBJECT/PARKED VEHICLE,5,724082,Not at intersection,2,60,Arterial Other,CLEGG,YARRA RANGES,-37.7827,145.4088,2022,4,April,1,Late Night,Weekday
T20220009194,2022-04-25,05:50:00,1,Collision with vehicle,1,Monday,121,RIGHT THROUGH,3,50238,Multiple intersection,2,70,Freeway,PRINCES,GEELONG,-38.200726,144.31148,2022,4,April,5,Morning Peak,Weekday
T20220009217,2022-04-25,14:28:00,1,Collision with vehicle,1,Monday,147,VEHICLE STRIKES ANOTHER VEH WHILE EMERGING FROM DRIVEWAY,1,716197,Not at intersection,3,30,Arterial Other,MELVILLE,MORELAND,-37.75736,144.94513,2022,4,April,14,Midday,Weekday
T20220009240,2022-04-25,21:44:00,1,Collision with vehicle,1,Monday,121,RIGHT THROUGH,3,52875,Cross intersection,3,50,Arterial Highway,DOVETON,BALLARAT,-37.561764,143.8548,2022,4,April,21,Night,Weekday
T20220009218,2022-04-25,14:05:00,4,Collision with a fixed object,1,Monday,146,REVERSING INTO FIXED OBJECT/PARKED VEHICLE,1,781669,Not at intersection,3,50,Local Road,BLIGH,CASEY,-37.98178,145.25436,2022,4,April,14,Midday,Weekday
T20220009242,2022-04-25,21:50:00,1,Collision with vehicle,1,Monday,130,REAR END(VEHICLES IN SAME LANE),3,239284,Not at intersection,3,80,Local Road,MELTON,BRIMBANK,-37.69661,144.77834,2022,4,April,21,Night,Weekday
T20220009313,2022-04-25,06:30:00,3,Struck animal,1,Monday,167,STRUCK ANIMAL,9,715400,Not at intersection,3,80,Local Road,COWWARR-SEATON,WELLINGTON,-37.97833,146.69513,2022,4,April,6,Morning Peak,Weekday
T20220009233,2022-04-25,18:50:00,1,Collision with vehicle,1,Monday,121,RIGHT THROUGH,3,710876,Cross intersection,3,70,Arterial Other,BALLARAT,BRIMBANK,-37.777153,144.82877,2022,4,April,18,Afternoon Peak,Weekday
T20220009222,2022-04-25,15:20:00,2,Struck Pedestrian,1,Monday,100,PED NEAR SIDE. PED HIT BY VEHICLE FROM THE RIGHT.,1,710559,Not at intersection,3,60,Arterial Other,MILLEARA,MOONEE VALLEY,-37.744118,144.86311,2022,4,April,15,Afternoon Peak,Weekday
T20220009245,2022-04-25,21:50:00,4,Collision with a fixed object,1,Monday,151,OUT OF CONTROL (OVERTAKING),3,714398,Not at intersection,2,60,Arterial Highway,MAROONDAH,YARRA RANGES,-37.65744,145.5105,2022,4,April,21,Night,Weekday
T20220009196,2022-04-25,06:29:00,1,Collision with vehicle,1,Monday,110,CROSS TRAFFIC(INTERSECTIONS ONLY),3,35609,Multiple intersection,2,40,Local Road,COMO,KINGSTON,-37.9938,145.07678,2022,4,April,6,Morning Peak,Weekday
T20220009219,2022-04-25,14:18:00,4,Collision with a fixed object,1,Monday,183,OFF LEFT BEND INTO OBJECT/PARKED VEHICLE,1,718661,Not at intersection,2,50,Local Road,LANTHORN,CASEY,-38.12049,145.30003,2022,4,April,14,Midday,Weekday
T20220009221,2022-04-25,13:30:00,8,No collision and no object struck,1,Monday,174,OUT OF CONTROL ON CARRIAGEWAY (ON STRAIGHT),1,710698,Cross intersection,2,50,Local Road,NEWCOMBE,GEELONG,-38.11675,144.66711,2022,4,April,13,Midday,Weekday
T20220009230,2022-04-25,17:54:00,1,Collision with vehicle,1,Monday,113,RIGHT NEAR (INTERSECTIONS ONLY),1,774217,T intersection,3,60,Local Road,HENDERSON,STONNINGTON,-37.844353,145.03543,2022,4,April,17,Afternoon Peak,Weekday
T20220009249,2022-04-25,21:17:00,1,Collision with vehicle,1,Monday,152,PULLING OUT (OVERTAKING),3,774259,Not at intersection,3,60,Arterial Highway,WARRIGAL,MONASH,-37.898083,145.08739,2022,4,April,21,Night,Weekday
T20220009253,2022-04-25,05:15:00,1,Collision with vehicle,1,Monday,160,VEHICLE COLLIDES WITH VEHICLE PARKED ON LEFT OF ROAD,2,748641,Not at intersection,3,60,Arterial Other,BEACONSFIELD,PORT PHILLIP,-37.856663,144.96674,2022,4,April,5,Morning Peak,Weekday
T20220009312,2022-04-26,14:09:00,1,Collision with vehicle,2,Tuesday,121,RIGHT THROUGH,1,352248,Cross intersection,2,80,Arterial Other,THOMPSONS,CASEY,-38.078243,145.24406,2022,4,April,14,Midday,Weekday
T20220009298,2022-04-26,13:02:00,1,Collision with vehicle,2,Tuesday,110,CROSS TRAFFIC(INTERSECTIONS ONLY),1,308076,Cross intersection,2,60,Freeway,LEAKES,MELTON,-37.721573,144.65309,2022,4,April,13,Midday,Weekday
T20220009295,2022-04-26,13:19:00,1,Collision with vehicle,2,Tuesday,121,RIGHT THROUGH,1,49068,Cross intersection,3,70,Arterial Other,TAYLORS,BRIMBANK,-37.72874,144.80774,2022,4,April,13,Midday,Weekday
T20220009293,2022-04-26,13:00:00,6,Vehicle overturned (no collision),2,Tuesday,180,OFF CARRIAGEWAY ON RIGHT BEND,1,61159,Y intersection,3,60,Local Road,DONNELLYS WEIR,YARRA RANGES,-37.638943,145.525,2022,4,April,13,Midday,Weekday
T20220009292,2022-04-26,10:25:00,1,Collision with vehicle,2,Tuesday,130,REAR END(VEHICLES IN SAME LANE),1,735029,Cross intersection,3,60,Arterial Other,OLYMPIC BOULEVARD -SWAN,MELBOURNE,-37.82467,144.98872,2022,4,April,10,Midday,Weekday
T20220009291,2022-04-26,13:45:00,1,Collision with vehicle,2,Tuesday,134,LANE CHANGE RIGHT (NOT OVERTAKING),1,715409,Not at intersection,3,60,Arterial Other,ST KILDA ROAD SERVICE,PORT PHILLIP,-37.83834,144.97612,2022,4,April,13,Midday,Weekday
T20220009830,2022-04-26,11:45:00,1,Collision with vehicle,2,Tuesday,110,CROSS TRAFFIC(INTERSECTIONS ONLY),1,42230,Cross intersection,3,50,Local Road,DERBY,MORELAND,-37.727272,144.94656,2022,4,April,11,Midday,Weekday
T20220009288,2022-04-26,12:16:00,6,Vehicle overturned (no collision),2,Tuesday,172,OFF CARRIAGEWAY TO RIGHT,1,109873,Not at intersection,2,60,Arterial Other,MAIN,NILLUMBIK,-37.70656,145.15097,2022,4,April,12,Midday,Weekday
T20220009904,2022-04-26,17:55:00,1,Collision with vehicle,2,Tuesday,130,REAR END(VEHICLES IN SAME LANE),3,715411,Not at intersection,3,60,Arterial Highway,MCKILLOP,GEELONG,-38.153477,144.3581,2022,4,April,17,Afternoon Peak,Weekday
T20220009395,2022-04-26,15:40:00,2,Struck Pedestrian,2,Tuesday,108,PED STRUCK WALKING TO/FROM OR BOARDING/ALIGHTING VEHICLE.,1,711303,Not at intersection,3,40,Local Road,ELY,WANGARATTA,-36.35639,146.32584,2022,4,April,15,Afternoon Peak,Weekday
T20220009277,2022-04-26,08:50:00,2,Struck Pedestrian,2,Tuesday,100,PED NEAR SIDE. PED HIT BY VEHICLE FROM THE RIGHT.,1,710561,Cross intersection,2,50,Local Road,RAE,YARRA,-37.789684,144.97896,2022,4,April,8,Morning Peak,Weekday
T20220009319,2022-04-26,18:24:00,1,Collision with vehicle,2,Tuesday,116,LEFT NEAR (INTERSECTIONS ONLY),3,35346,T intersection,3,60,Arterial Other,ALBERT,PORT PHILLIP,-37.836536,144.96956,2022,4,April,18,Afternoon Peak,Weekday
T20220009276,2022-04-26,10:42:00,1,Collision with vehicle,2,Tuesday,121,RIGHT THROUGH,1,29816,Cross intersection,2,70,Arterial Other,BALLARAT,BRIMBANK,-37.777145,144.8287,2022,4,April,10,Midday,Weekday
T20220009273,2022-04-26,10:21:00,2,Struck Pedestrian,2,Tuesday,100,PED NEAR SIDE. PED HIT BY VEHICLE FROM THE RIGHT.,1,35504,Multiple intersection,2,50,Local Road,ALMA,PORT PHILLIP,-37.863747,145.00987,2022,4,April,10,Midday,Weekday
T20220009322,2022-04-26,17:10:00,1,Collision with vehicle,2,Tuesday,148,VEHICLE OFF FOOTPATH STRIKES VEH ON CARRIAGEWAY,1,711844,Not at intersection,3,60,Local Road,RENNIE,GEELONG,-38.03861,144.4131,2022,4,April,17,Afternoon Peak,Weekday
T20220009272,2022-04-26,08:00:00,1,Collision with vehicle,2,Tuesday,154,PULLING OUT -REAR END,1,725559,Not at intersection,3,40,Arterial Other,BRIDGE,YARRA,-37.81829,144.99655,2022,4,April,8,Morning Peak,Weekday
T20220009271,2022-04-26,10:25:00,1,Collision with vehicle,2,Tuesday,130,REAR END(VEHICLES IN SAME LANE),1,51509,Cross intersection,3,50,Arterial Highway,HIGH,BENDIGO,-36.719395,144.25484,2022,4,April,10,Midday,Weekday
T20220012017,2022-04-26,15:35:00,1,Collision with vehicle,2,Tuesday,130,REAR END(VEHICLES IN SAME LANE),1,713803,Cross intersection,3,50,Arterial Other,WAVERLEY,MONASH,-37.89027,145.1764,2022,4,April,15,Afternoon Peak,Weekday
T20220009333,2022-04-26,20:40:00,2,Struck Pedestrian,2,Tuesday,102,FAR SIDE. PED HIT BY VEHICLE FROM THE LEFT,3,711136,Cross intersection,2,40,Arterial Other,SOUTH,BAYSIDE,-37.929394,145.00392,2022,4,April,20,Night,Weekday
T20220009270,2022-04-26,03:30:00,3,Struck animal,2,Tuesday,167,STRUCK ANIMAL,5,715402,Not at intersection,3,100,Local Road,BOGGY CREEK,MOYNE,-38.511745,142.82176,2022,4,April,3,Late Night,Weekday
T20220009268,2022-04-26,09:18:00,1,Collision with vehicle,2,Tuesday,130,REAR END(VEHICLES IN SAME LANE),1,774218,Not at intersection,3,70,Arterial Other,SOUTH,BAYSIDE,-37.93217,145.02705,2022,4,April,9,Morning Peak,Weekday
T20220009260,2022-04-26,06:09:00,1,Collision with vehicle,2,Tuesday,160,VEHICLE COLLIDES WITH VEHICLE PARKED ON LEFT OF ROAD,5,715404,Not at intersection,3,40,Local Road,JOHN,YARRA RANGES,-37.757393,145.34366,2022,4,April,6,Morning Peak,Weekday
T20220009258,2022-04-26,05:40:00,1,Collision with vehicle,2,Tuesday,121,RIGHT THROUGH,3,35515,Multiple intersection,3,60,Freeway,CALDER OUT-KEILOR,MOONEE VALLEY,-37.733955,144.88316,2022,4,April,5,Morning Peak,Weekday
T20220009255,2022-04-26,03:20:00,1,Collision with vehicle,2,Tuesday,160,VEHICLE COLLIDES WITH VEHICLE PARKED ON LEFT OF ROAD,3,710700,Not at intersection,3,60,Arterial Highway,DANDENONG,PORT PHILLIP,-37.8595,145.00385,2022,4,April,3,Late Night,Weekday
T20220009347,2022-04-26,09:15:00,1,Collision with vehicle,2,Tuesday,110,CROSS TRAFFIC(INTERSECTIONS ONLY),1,50001,Cross intersection,2,60,Arterial Highway,MCKILLOP,GEELONG,-38.155567,144.36542,2022,4,April,9,Morning Peak,Weekday
T20220009337,2022-04-26,23:26:00,1,Collision with vehicle,2,Tuesday,121,RIGHT THROUGH,3,39054,Multiple intersection,3,60,Arterial Other,DONCASTER,BOROONDARA,-37.793434,145.064,2022,4,April,23,Night,Weekday
T20220009320,2022-04-26,15:44:00,1,Collision with vehicle,2,Tuesday,130,REAR END(VEHICLES IN SAME LANE),1,710661,Not at intersection,3,60,Arterial Highway,NAPIER,BENDIGO,-36.725822,144.30925,2022,4,April,15,Afternoon Peak,Weekday
T20220009344,2022-04-26,19:20:00,1,Collision with vehicle,2,Tuesday,142,LEAVING PARKING,6,715406,Not at intersection,3,60,Arterial Other,BLACKBURN,MONASH,-37.87274,145.14832,2022,4,April,19,Night,Weekday
T20220009341,2022-04-26,19:54:00,1,Collision with vehicle,2,Tuesday,160,VEHICLE COLLIDES WITH VEHICLE PARKED ON LEFT OF ROAD,3,713440,Not at intersection,3,50,Local Road,ANDERSON,MORELAND,-37.73711,144.93474,2022,4,April,19,Night,Weekday
T20220010402,2022-04-26,16:50:00,1,Collision with vehicle,2,Tuesday,130,REAR END(VEHICLES IN SAME LANE),1,715407,T intersection,3,60,Arterial Other,DORSET,MAROONDAH,-37.77133,145.29521,2022,4,April,16,Afternoon Peak,Weekday
T20220009263,2022-04-26,08:50:00,1,Collision with vehicle,2,Tuesday,110,CROSS TRAFFIC(INTERSECTIONS ONLY),1,54370,Cross intersection,3,50,Local Road,DARLING,BALLARAT,-37.574875,143.84026,2022,4,April,8,Morning Peak,Weekday
T20220011165,2022-04-26,13:10:00,2,Struck Pedestrian,2,Tuesday,102,FAR SIDE. PED HIT BY VEHICLE FROM THE LEFT,9,722496,Cross intersection,3,40,Local Road,MOORE,LATROBE,-38.175846,146.261,2022,4,April,13,Midday,Weekday
T20220009331,2022-04-26,18:30:00,1,Collision with vehicle,2,Tuesday,130,REAR END(VEHICLES IN SAME LANE),5,761724,Not at intersection,2,100,Arterial Highway,PRINCES,GLENELG,-37.925903,141.1831,2022,4,April,18,Afternoon Peak,Weekday
T20220009335,2022-04-26,16:14:00,1,Collision with vehicle,2,Tuesday,110,CROSS TRAFFIC(INTERSECTIONS ONLY),1,43917,Cross intersection,2,80,Arterial Other,CLYDE-FIVE WAYS,CASEY,-38.1335,145.32426,2022,4,April,16,Afternoon Peak,Weekday
T20220009339,2022-04-26,15:00:00,1,Collision with vehicle,2,Tuesday,110,CROSS TRAFFIC(INTERSECTIONS ONLY),1,43915,Cross intersection,2,80,Arterial Other,CLYDE-FIVE WAYS,CASEY,-38.118744,145.32716,2022,4,April,15,Afternoon Peak,Weekday
T20220009342,2022-04-26,22:50:00,4,Collision with a fixed object,2,Tuesday,173,RIGHT OFF CARRIAGEWAY INTO OBJECT/PARKED VEHICLE,3,29851,Not at intersection,3,60,Arterial Other,DORSET,KNOX,-37.86258,145.28561,2022,4,April,22,Night,Weekday
T20220010513,2022-04-26,15:30:00,1,Collision with vehicle,2,Tuesday,112,LEFT FAR (INTERSECTIONS ONLY),1,50070,Cross intersection,3,60,Arterial Other,MOORABOOL,GEELONG,-38.16368,144.35323,2022,4,April,15,Afternoon Peak,Weekday
T20220012985,2022-04-26,09:30:00,1,Collision with vehicle,2,Tuesday,147,VEHICLE STRIKES ANOTHER VEH WHILE EMERGING FROM DRIVEWAY,1,714628,Not at intersection,3,50,Local Road,ROBERTS,MOONEE VALLEY,-37.726917,144.86612,2022,4,April,9,Morning Peak,Weekday
T20220010311,2022-04-26,20:15:00,1,Collision with vehicle,2,Tuesday,110,CROSS TRAFFIC(INTERSECTIONS ONLY),3,36037,Cross intersection,3,50,Local Road,GLENLYON,MORELAND,-37.772663,144.9715,2022,4,April,20,Night,Weekday
T20220009364,2022-04-26,06:30:00,6,Vehicle overturned (no collision),2,Tuesday,174,OUT OF CONTROL ON CARRIAGEWAY (ON STRAIGHT),2,29477,T intersection,2,60,Arterial Other,ALEXANDRA,STONNINGTON,-37.832005,145.00636,2022,4,April,6,Morning Peak,Weekday
T20220013338,2022-04-26,19:00:00,1,Collision with vehicle,2,Tuesday,121,RIGHT THROUGH,3,51141,T intersection,3,60,Arterial Highway,GOULBURN VALLEY,SHEPPARTON,-36.40894,145.39331,2022,4,April,19,Night,Weekday
T20220010439,2022-04-26,16:50:00,6,Vehicle overturned (no collision),2,Tuesday,184,OUT OF CONTROL ON CARRIAGEWAY (ON BEND),1,713474,Not at intersection,2,100,Local Road,KNOCKER,EAST GIPPSLAND,-36.850983,147.52362,2022,4,April,16,Afternoon Peak,Weekday
T20220009427,2022-04-27,18:19:00,1,Collision with vehicle,3,Wednesday,121,RIGHT THROUGH,3,41049,Y intersection,2,60,Local Road,ALBERT,KNOX,-37.85321,145.2984,2022,4,April,18,Afternoon Peak,Weekday
T20220011374,2022-04-27,06:10:00,3,Struck animal,3,Wednesday,167,STRUCK ANIMAL,5,720855,Not at intersection,3,100,Local Road,EPSOM-BARNADOWN,BENDIGO,-36.68758,144.36,2022,4,April,6,Morning Peak,Weekday
T20220009400,2022-04-27,16:25:00,1,Collision with vehicle,3,Wednesday,120,HEAD ON (NOT OVERTAKING),1,710665,Not at intersection,3,40,Arterial Highway,HENTY,GLENELG,-38.35093,141.58768,2022,4,April,16,Afternoon Peak,Weekday
T20220009420,2022-04-27,15:35:00,2,Struck Pedestrian,3,Wednesday,102,FAR SIDE. PED HIT BY VEHICLE FROM THE LEFT,1,712573,Cross intersection,2,60,Arterial Highway,BEACH-MOOROODUC IN,FRANKSTON,-38.144207,145.1368,2022,4,April,15,Afternoon Peak,Weekday
T20220009360,2022-04-27,08:45:00,1,Collision with vehicle,3,Wednesday,130,REAR END(VEHICLES IN SAME LANE),1,711437,Not at intersection,3,80,Freeway,METROPOLITAN RING,MORELAND,-37.691254,144.96837,2022,4,April,8,Morning Peak,Weekday
T20220009393,2022-04-27,15:40:00,1,Collision with vehicle,3,Wednesday,139,OTHER SAME DIRECTION-MANOUEVRES NOT INCLUDED IN DCAs 130-137,1,710880,Not at intersection,2,80,Arterial Other,CRANBOURNE-FRANKSTON,CASEY,-38.110516,145.26189,2022,4,April,15,Afternoon Peak,Weekday
T20220009418,2022-04-27,19:35:00,1,Collision with vehicle,3,Wednesday,121,RIGHT THROUGH,3,51728,Cross intersection,3,60,Arterial Highway,HIGH,BENDIGO,-36.79682,144.2439,2022,4,April,19,Night,Weekday
T20220009417,2022-04-27,16:37:00,1,Collision with vehicle,3,Wednesday,121,RIGHT THROUGH,1,718431,Cross intersection,2,50,Local Road,EDGARS,WHITTLESEA,-37.62497,145.00485,2022,4,April,16,Afternoon Peak,Weekday
T20220009392,2022-04-27,14:15:00,6,Vehicle overturned (no collision),3,Wednesday,180,OFF CARRIAGEWAY ON RIGHT BEND,1,727766,T intersection,3,80,Arterial Other,HALL,CASEY,-38.11015,145.25346,2022,4,April,14,Midday,Weekday
T20220009415,2022-04-27,15:20:00,2,Struck Pedestrian,3,Wednesday,102,FAR SIDE. PED HIT BY VEHICLE FROM THE LEFT,1,710882,Not at intersection,3,60,Arterial Highway,GREAT OCEAN,SURF COAST,-38.465557,144.09857,2022,4,April,15,Afternoon Peak,Weekday
T20220009414,2022-04-27,18:58:00,4,Collision with a fixed object,3,Wednesday,181,OFF RIGHT BEND INTO OBJECT/PARKED VEHICLE,3,719304,T intersection,3,60,Local Road,STRICKLAND,BENDIGO,-36.703953,144.3291,2022,4,April,18,Afternoon Peak,Weekday
T20220010727,2022-04-27,17:45:00,1,Collision with vehicle,3,Wednesday,130,REAR END(VEHICLES IN SAME LANE),3,715816,Not at intersection,3,60,Arterial Other,CHANDLER,DANDENONG,-37.970398,145.18646,2022,4,April,17,Afternoon Peak,Weekday
T20220009720,2022-04-27,19:20:00,1,Collision with vehicle,3,Wednesday,130,REAR END(VEHICLES IN SAME LANE),3,753104,Not at intersection,3,50,Arterial Other,TRAFALGAR,BOROONDARA,-37.8323,145.06366,2022,4,April,19,Night,Weekday
T20220009437,2022-04-27,07:58:00,1,Collision with vehicle,3,Wednesday,131,LEFT REAR,1,45628,Cross intersection,2,40,Arterial Other,SYDNEY,MORELAND,-37.77156,144.96135,2022,4,April,7,Morning Peak,Weekday
T20220009389,2022-04-27,09:50:00,1,Collision with vehicle,3,Wednesday,130,REAR END(VEHICLES IN SAME LANE),1,724031,Multiple intersection,3,60,Arterial Other,HIGH STREET -SPRING,DAREBIN,-37.715298,145.00793,2022,4,April,9,Morning Peak,Weekday
T20220009433,2022-04-27,23:45:00,4,Collision with a fixed object,3,Wednesday,171,LEFT OFF CARRIAGEWAY INTO OBJECT/PARKED VEHICLE,5,774738,Not at intersection,3,100,Arterial Other,BOORT-WEDDERBURN,LODDON,-36.157307,143.77463,2022,4,April,23,Night,Weekday
T20220009440,2022-04-27,09:20:00,1,Collision with vehicle,3,Wednesday,135,LANE CHANGE LEFT (NOT OVERTAKING),1,290960,Not at intersection,3,80,Arterial Other,PLENTY,WHITTLESEA,-37.68151,145.06918,2022,4,April,9,Morning Peak,Weekday
T20220009431,2022-04-27,23:00:00,2,Struck Pedestrian,3,Wednesday,102,FAR SIDE. PED HIT BY VEHICLE FROM THE LEFT,3,755600,Not at intersection,2,60,Arterial Other,WESTS,MARIBYRNONG,-37.772015,144.8817,2022,4,April,23,Night,Weekday
T20220009387,2022-04-27,13:07:00,1,Collision with vehicle,3,Wednesday,130,REAR END(VEHICLES IN SAME LANE),1,710879,Not at intersection,3,80,Freeway,FERNTREE GULLY-MONASH IN,MONASH,-37.903492,145.1532,2022,4,April,13,Midday,Weekday
T20220009386,2022-04-27,12:56:00,1,Collision with vehicle,3,Wednesday,113,RIGHT NEAR (INTERSECTIONS ONLY),1,61034,T intersection,3,60,Arterial Other,GEELONG,BALLARAT,-37.5926,143.86723,2022,4,April,12,Midday,Weekday
T20220011063,2022-04-27,15:45:00,1,Collision with vehicle,3,Wednesday,110,CROSS TRAFFIC(INTERSECTIONS ONLY),1,712345,Cross intersection,2,50,Local Road,BALFOUR,BRIMBANK,-37.75336,144.8383,2022,4,April,15,Afternoon Peak,Weekday
T20220009380,2022-04-27,09:30:00,1,Collision with vehicle,3,Wednesday,121,RIGHT THROUGH,1,710675,Multiple intersection,1,70,Freeway,EDGARS-METROPOLITAN RING OUT,WHITTLESEA,-37.68629,145.00255,2022,4,April,9,Morning Peak,Weekday
T20220011135,2022-04-27,18:50:00,1,Collision with vehicle,3,Wednesday,111,RIGHT FAR (INTERSECTIONS ONLY),3,781677,Cross intersection,3,70,Freeway,FERNTREE GULLY-MONASH IN RAMP ON-WOODLEA,MONASH,-37.90307,145.15721,2022,4,April,18,Afternoon Peak,Weekday
T20220009378,2022-04-27,10:50:00,1,Collision with vehicle,3,Wednesday,163,VEHICLE STRIKES DOOR OF PARKED/STATIONARY VEHICLE,1,712249,Not at intersection,3,40,Arterial Other,BRIDGE,YARRA,-37.818752,145.00107,2022,4,April,10,Midday,Weekday
T20220009375,2022-04-27,12:50:00,1,Collision with vehicle,3,Wednesday,121,RIGHT THROUGH,1,45587,T intersection,2,60,Arterial Other,BRUNSWICK,MORELAND,-37.775894,144.95047,2022,4,April,12,Midday,Weekday
T20220009552,2022-04-27,10:15:00,4,Collision with a fixed object,3,Wednesday,171,LEFT OFF CARRIAGEWAY INTO OBJECT/PARKED VEHICLE,1,755599,Cross intersection,2,60,Local Road,ONEILS,GEELONG,-37.93063,144.25928,2022,4,April,10,Midday,Weekday
T20220009487,2022-04-27,09:00:00,1,Collision with vehicle,3,Wednesday,130,REAR END(VEHICLES IN SAME LANE),9,44219,Cross intersection,3,60,Arterial Other,EPPING ROAD -HIGH,WHITTLESEA,-37.63768,145.02637,2022,4,April,9,Morning Peak,Weekday
T20220009430,2022-04-27,19:15:00,2,Struck Pedestrian,3,Wednesday,104,PED WALKING WITH TRAFFIC,3,721649,Not at intersection,2,50,Local Road,GOSSAMER,WYNDHAM,-37.891766,144.65308,2022,4,April,19,Night,Weekday
T20220009429,2022-04-27,16:43:00,8,No collision and no object struck,3,Wednesday,179,OTHER ACCIDENTS-OFF STRAIGHT NOT INCLUDED IN DCAs 170-175,1,36605,Cross intersection,2,50,Local Road,CAMBRIDGE,YARRA,-37.80523,144.98543,2022,4,April,16,Afternoon Peak,Weekday
T20230008906,2022-04-27,20:45:00,6,Vehicle overturned (no collision),3,Wednesday,174,OUT OF CONTROL ON CARRIAGEWAY (ON STRAIGHT),3,769557,Not at intersection,3,60,Arterial Highway,QUEENS,PORT PHILLIP,-37.838158,144.97385,2022,4,April,20,Night,Weekday
T20220011605,2022-04-27,16:10:00,1,Collision with vehicle,3,Wednesday,160,VEHICLE COLLIDES WITH VEHICLE PARKED ON LEFT OF ROAD,1,712877,Not at intersection,3,50,Local Road,CHAPEL,COLAC OTWAY,-38.334988,143.59807,2022,4,April,16,Afternoon Peak,Weekday
T20220009352,2022-04-27,08:55:00,1,Collision with vehicle,3,Wednesday,130,REAR END(VEHICLES IN SAME LANE),1,710662,Not at intersection,3,80,Arterial Other,HALL,CASEY,-38.10741,145.23705,2022,4,April,8,Morning Peak,Weekday
T20220009657,2022-04-27,12:29:00,1,Collision with vehicle,3,Wednesday,110,CROSS TRAFFIC(INTERSECTIONS ONLY),1,67434,Cross intersection,2,50,Local Road,LIGAR,EAST GIPPSLAND,-37.82733,147.6188,2022,4,April,12,Midday,Weekday
T20220009362,2022-04-27,10:55:00,2,Struck Pedestrian,3,Wednesday,109,ANY MANOEUVRE INVOLVING PED NOT INCLUDED IN DCAs 100-108.,1,714162,Not at intersection,2,50,Local Road,WALLIS,MITCHELL,-37.024796,145.1349,2022,4,April,10,Midday,Weekday
T20220009391,2022-04-27,15:30:00,1,Collision with vehicle,3,Wednesday,110,CROSS TRAFFIC(INTERSECTIONS ONLY),1,59023,Cross intersection,3,50,Local Road,CAMP,INDIGO,-36.35862,146.68604,2022,4,April,15,Afternoon Peak,Weekday
T20220009888,2022-04-27,12:15:00,1,Collision with vehicle,3,Wednesday,130,REAR END(VEHICLES IN SAME LANE),1,715920,Not at intersection,3,60,Arterial Highway,NORTH,GLEN EIRA,-37.905476,145.0525,2022,4,April,12,Midday,Weekday
T20220009361,2022-04-27,05:00:00,4,Collision with a fixed object,3,Wednesday,173,RIGHT OFF CARRIAGEWAY INTO OBJECT/PARKED VEHICLE,5,710777,Not at intersection,2,100,Local Road,EDWARDS,BENDIGO,-36.798447,144.30426,2022,4,April,5,Morning Peak,Weekday
T20220013192,2022-04-27,20:30:00,3,Struck animal,3,Wednesday,167,STRUCK ANIMAL,5,780113,Not at intersection,3,100,Arterial Highway,PRINCES,GLENELG,-37.921047,141.24045,2022,4,April,20,Night,Weekday