ACCIDENT_NO,ACCIDENT_DATE,ACCIDENT_TIME,ACCIDENT_TYPE,ACCIDENT_TYPE_DESC,DAY_OF_WEEK,DAY_WEEK_DESC,DCA_CODE,DCA_DESC,LIGHT_CONDITION,NODE_ID,ROAD_GEOMETRY_DESC,SEVERITY,SPEED_ZONE,RMA,ROAD_NAME,LGA_NAME,LATITUDE,LONGITUDE,YEAR,MONTH,MONTH_NAME,HOUR,TIME_PERIOD,DAY_TYPE
T20220009789,2022-04-27,06:50:00,8,No collision and no object struck,3,Wednesday,170,OFF CARRIAGEWAY TO LEFT,3,36828,T intersection,3,40,Arterial Other,SPENCER,MELBOURNE,-37.815136,144.95235,2022,4,April,6,Morning Peak,Weekday
T20220009445,2022-04-27,13:30:00,1,Collision with vehicle,3,Wednesday,110,CROSS TRAFFIC(INTERSECTIONS ONLY),1,54370,Cross intersection,3,50,Local Road,DARLING,BALLARAT,-37.574875,143.84026,2022,4,April,13,Midday,Weekday
T20220009368,2022-04-27,08:15:00,1,Collision with vehicle,3,Wednesday,130,REAR END(VEHICLES IN SAME LANE),1,42659,T intersection,2,80,Arterial Highway,STUD,KNOX,-37.936207,145.23143,2022,4,April,8,Morning Peak,Weekday
T20220012209,2022-04-28,06:20:00,1,Collision with vehicle,4,Thursday,120,HEAD ON (NOT OVERTAKING),5,713694,Not at intersection,3,80,Arterial Highway,HAMILTON,GOLDEN PLAINS,-38.113945,144.16408,2022,4,April,6,Morning Peak,Weekday
T20220009545,2022-04-28,14:38:00,1,Collision with vehicle,4,Thursday,110,CROSS TRAFFIC(INTERSECTIONS ONLY),1,60028,Cross intersection,3,60,Local Road,INKERMAN,CENTRAL GOLDFIELDS,-37.046368,143.73329,2022,4,April,14,Midday,Weekday
T20220013228,2022-04-28,21:00:00,1,Collision with vehicle,4,Thursday,132,RIGHT REAR.,3,38788,Cross intersection,3,50,Arterial Other,MOORE,MARIBYRNONG,-37.797573,144.90382,2022,4,April,21,Night,Weekday
T20220010428,2022-04-28,19:35:00,1,Collision with vehicle,4,Thursday,140,U TURN,3,35537,Cross intersection,3,80,Arterial Highway,NEPEAN,BAYSIDE,-37.886272,144.999,2022,4,April,19,Night,Weekday
T20220009514,2022-04-28,23:54:00,4,Collision with a fixed object,4,Thursday,164,PERMANENT OBSTRUCTION ON CARRIAGEWAY,5,711137,Not at intersection,2,60,Arterial Other,DYNON,MELBOURNE,-37.80131,144.91315,2022,4,April,23,Night,Weekday
T20220012856,2022-04-28,12:20:00,4,Collision with a fixed object,4,Thursday,181,OFF RIGHT BEND INTO OBJECT/PARKED VEHICLE,1,715921,Not at intersection,3,100,Arterial Highway,MIDLAND,MOUNT ALEXANDER,-37.13016,144.17581,2022,4,April,12,Midday,Weekday
T20220011716,2022-04-28,13:00:00,1,Collision with vehicle,4,Thursday,130,REAR END(VEHICLES IN SAME LANE),1,713181,Not at intersection,3,70,Arterial Highway,WARRIGAL,KINGSTON,-37.927742,145.0817,2022,4,April,13,Midday,Weekday
T20220011636,2022-04-28,08:17:00,1,Collision with vehicle,4,Thursday,130,REAR END(VEHICLES IN SAME LANE),1,509,Not at intersection,3,80,Freeway,EASTLINK,MAROONDAH,-37.817165,145.21664,2022,4,April,8,Morning Peak,Weekday
T20220013978,2022-04-28,12:25:00,1,Collision with vehicle,4,Thursday,134,LANE CHANGE RIGHT (NOT OVERTAKING),1,774593,Not at intersection,3,60,Arterial Other,SYNNOT,WYNDHAM,-37.9037,144.65965,2022,4,April,12,Midday,Weekday
T20220009459,2022-04-28,08:26:00,1,Collision with vehicle,4,Thursday,147,VEHICLE STRIKES ANOTHER VEH WHILE EMERGING FROM DRIVEWAY,1,710809,Not at intersection,3,60,Arterial Other,CRAIGIEBURN,HUME,-37.598667,144.93867,2022,4,April,8,Morning Peak,Weekday
T20220009458,2022-04-28,12:10:00,1,Collision with vehicle,4,Thursday,114,TWO RIGHT TURNING (INTERSECTIONS ONLY),1,51700,Cross intersection,3,60,Arterial Highway,HIGH,BENDIGO,-36.779793,144.25024,2022,4,April,12,Midday,Weekday
T20220009453,2022-04-28,10:20:00,4,Collision with a fixed object,4,Thursday,181,OFF RIGHT BEND INTO OBJECT/PARKED VEHICLE,1,711162,Not at intersection,3,80,Arterial Other,KORUMBURRA-WARRAGUL,BAW BAW,-38.26512,145.8935,2022,4,April,10,Midday,Weekday
T20220009449,2022-04-28,08:43:00,1,Collision with vehicle,4,Thursday,113,RIGHT NEAR (INTERSECTIONS ONLY),1,55876,T intersection,2,70,Arterial Highway,SPRINGVALE,MONASH,-37.896133,145.16298,2022,4,April,8,Morning Peak,Weekday
T20220009897,2022-04-28,13:30:00,8,No collision and no object struck,4,Thursday,174,OUT OF CONTROL ON CARRIAGEWAY (ON STRAIGHT),1,715923,Not at intersection,3,40,Arterial Other,ST ALBANS,BRIMBANK,-37.767418,144.81741,2022,4,April,13,Midday,Weekday
T20220009463,2022-04-28,13:11:00,2,Struck Pedestrian,4,Thursday,101,PED EMERGES FROM IN FRONT OF PARKED OR STATIONARY VEHICLE,1,39184,T intersection,3,50,Arterial Other,WHITEHORSE,BOROONDARA,-37.813496,145.08678,2022,4,April,13,Midday,Weekday
T20220012672,2022-04-28,17:32:00,1,Collision with vehicle,4,Thursday,130,REAR END(VEHICLES IN SAME LANE),2,714202,Not at intersection,2,60,Arterial Other,HIGH,MELTON,-37.68407,144.57172,2022,4,April,17,Afternoon Peak,Weekday
T20220009465,2022-04-28,10:42:00,2,Struck Pedestrian,4,Thursday,100,PED NEAR SIDE. PED HIT BY VEHICLE FROM THE RIGHT.,1,730427,Not at intersection,2,50,Arterial Highway,DEAKIN,MILDURA,-34.18732,142.1602,2022,4,April,10,Midday,Weekday
T20220009653,2022-04-28,10:20:00,1,Collision with vehicle,4,Thursday,121,RIGHT THROUGH,1,43643,T intersection,3,60,Arterial Other,CLYDE,CASEY,-38.03295,145.34334,2022,4,April,10,Midday,Weekday
T20220009467,2022-04-28,13:40:00,1,Collision with vehicle,4,Thursday,110,CROSS TRAFFIC(INTERSECTIONS ONLY),1,41066,Cross intersection,2,60,Arterial Other,MOUNTAIN,KNOX,-37.849987,145.30702,2022,4,April,13,Midday,Weekday
T20220009469,2022-04-28,13:10:00,1,Collision with vehicle,4,Thursday,147,VEHICLE STRIKES ANOTHER VEH WHILE EMERGING FROM DRIVEWAY,1,714670,Not at intersection,2,100,Local Road,BOORHAMAN EAST,WANGARATTA,-36.19225,146.31186,2022,4,April,13,Midday,Weekday
T20220009443,2022-04-28,09:00:00,2,Struck Pedestrian,4,Thursday,100,PED NEAR SIDE. PED HIT BY VEHICLE FROM THE RIGHT.,1,391,T intersection,2,60,Arterial Other,MALVERN,STONNINGTON,-37.848618,145.00716,2022,4,April,9,Morning Peak,Weekday
T20220009471,2022-04-28,13:50:00,1,Collision with vehicle,4,Thursday,110,CROSS TRAFFIC(INTERSECTIONS ONLY),1,44217,Cross intersection,2,50,Local Road,NORTHBOURNE,HUME,-37.64876,144.96336,2022,4,April,13,Midday,Weekday
T20220009442,2022-04-28,06:05:00,1,Collision with vehicle,4,Thursday,130,REAR END(VEHICLES IN SAME LANE),2,718432,Not at intersection,2,100,Freeway,CALDER,MOONEE VALLEY,-37.73167,144.87766,2022,4,April,6,Morning Peak,Weekday
T20220009478,2022-04-28,16:26:00,1,Collision with vehicle,4,Thursday,130,REAR END(VEHICLES IN SAME LANE),1,720856,Not at intersection,3,60,Arterial Highway,PRINCES,MOYNE,-38.352062,142.65913,2022,4,April,16,Afternoon Peak,Weekday
T20220009482,2022-04-28,15:39:00,6,Vehicle overturned (no collision),4,Thursday,174,OUT OF CONTROL ON CARRIAGEWAY (ON STRAIGHT),1,711163,Not at intersection,2,100,Local Road,MINHAMITE-CARAMUT,MOYNE,-37.991234,142.36012,2022,4,April,15,Afternoon Peak,Weekday
T20220009483,2022-04-28,17:10:00,1,Collision with vehicle,4,Thursday,121,RIGHT THROUGH,2,710884,Not at intersection,3,60,Local Road,ALFRED,ARARAT,-37.280167,142.95065,2022,4,April,17,Afternoon Peak,Weekday
T20220009497,2022-04-28,18:44:00,1,Collision with vehicle,4,Thursday,132,RIGHT REAR.,3,713356,T intersection,2,50,Local Road,REYNARD,MORELAND,-37.74758,144.95438,2022,4,April,18,Afternoon Peak,Weekday
T20220009485,2022-04-28,16:08:00,1,Collision with vehicle,4,Thursday,130,REAR END(VEHICLES IN SAME LANE),1,712254,Not at intersection,2,100,Freeway,EASTERN,BOROONDARA,-37.784187,145.0999,2022,4,April,16,Afternoon Peak,Weekday
T20220009486,2022-04-28,14:54:00,1,Collision with vehicle,4,Thursday,110,CROSS TRAFFIC(INTERSECTIONS ONLY),1,53146,Cross intersection,2,100,Local Road,BUTLERS,MOORABOOL,-37.60928,143.9115,2022,4,April,14,Midday,Weekday
T20220009908,2022-04-28,19:00:00,1,Collision with vehicle,4,Thursday,132,RIGHT REAR.,3,711526,T intersection,3,80,Local Road,HENDERSONS,MORNINGTON PENINSULA,-38.30324,145.16699,2022,4,April,19,Night,Weekday
T20220009464,2022-04-28,13:40:00,1,Collision with vehicle,4,Thursday,110,CROSS TRAFFIC(INTERSECTIONS ONLY),1,712252,Cross intersection,3,50,Local Road,CLYDE,WHITEHORSE,-37.810013,145.13103,2022,4,April,13,Midday,Weekday
T20220009491,2022-04-28,17:15:00,4,Collision with a fixed object,4,Thursday,171,LEFT OFF CARRIAGEWAY INTO OBJECT/PARKED VEHICLE,1,711165,Not at intersection,3,50,Local Road,MCALLISTER,YARRA RANGES,-37.87464,145.41069,2022,4,April,17,Afternoon Peak,Weekday
T20220010287,2022-04-28,17:10:00,1,Collision with vehicle,4,Thursday,130,REAR END(VEHICLES IN SAME LANE),1,330410,Not at intersection,3,60,Arterial Other,MT ALEXANDER,MOONEE VALLEY,-37.76475,144.9234,2022,4,April,17,Afternoon Peak,Weekday
T20220009498,2022-04-28,15:10:00,1,Collision with vehicle,4,Thursday,137,LEFT TURN SIDESWIPE,1,712080,T intersection,2,80,Arterial Highway,DANDENONG,GLEN EIRA,-37.88118,145.04964,2022,4,April,15,Afternoon Peak,Weekday
T20220009500,2022-04-28,17:07:00,1,Collision with vehicle,4,Thursday,120,HEAD ON (NOT OVERTAKING),1,718662,Not at intersection,2,100,Arterial Highway,WESTERN,HORSHAM,-36.769962,142.26598,2022,4,April,17,Afternoon Peak,Weekday
T20220009501,2022-04-28,13:30:00,1,Collision with vehicle,4,Thursday,130,REAR END(VEHICLES IN SAME LANE),1,44146,T intersection,3,60,Arterial Highway,POINT NEPEAN,MORNINGTON PENINSULA,-38.366936,144.86296,2022,4,April,13,Midday,Weekday
T20220009555,2022-04-28,08:45:00,1,Collision with vehicle,4,Thursday,130,REAR END(VEHICLES IN SAME LANE),1,710885,Cross intersection,3,50,Local Road,COULSTOCK,WHITTLESEA,-37.650116,145.02972,2022,4,April,8,Morning Peak,Weekday
T20220009503,2022-04-28,21:33:00,2,Struck Pedestrian,4,Thursday,100,PED NEAR SIDE. PED HIT BY VEHICLE FROM THE RIGHT.,3,35358,Cross intersection,2,40,Local Road,LA TROBE,MELBOURNE,-37.809593,144.96382,2022,4,April,21,Night,Weekday
T20220009579,2022-04-28,07:30:00,1,Collision with vehicle,4,Thursday,133,LANE SIDE SWIPE (VEHICLES IN PARALLEL LANES),1,659816,Not at intersection,3,60,Arterial Other,BEACH,BAYSIDE,-37.927902,144.9892,2022,4,April,7,Morning Peak,Weekday
T20220009507,2022-04-28,14:25:00,2,Struck Pedestrian,4,Thursday,100,PED NEAR SIDE. PED HIT BY VEHICLE FROM THE RIGHT.,1,715088,Not at intersection,2,40,Local Road,DOUGLAS,HOBSONS BAY,-37.858093,144.89786,2022,4,April,14,Midday,Weekday
T20220009563,2022-04-29,13:21:00,1,Collision with vehicle,5,Friday,120,HEAD ON (NOT OVERTAKING),1,721663,Not at intersection,2,100,Arterial Highway,PRINCES,COLAC OTWAY,-38.337822,143.50116,2022,4,April,13,Midday,Weekday
T20220009542,2022-04-29,07:37:00,1,Collision with vehicle,5,Friday,110,CROSS TRAFFIC(INTERSECTIONS ONLY),1,40799,Cross intersection,3,60,Local Road,HAWTHORN,WHITEHORSE,-37.846806,145.16437,2022,4,April,7,Morning Peak,Weekday
T20220010781,2022-04-29,18:04:00,1,Collision with vehicle,5,Friday,135,LANE CHANGE LEFT (NOT OVERTAKING),3,716205,Not at intersection,3,80,Arterial Highway,PRINCES,LATROBE,-38.190216,146.56416,2022,4,April,18,Afternoon Peak,Weekday
T20220013443,2022-04-29,15:45:00,1,Collision with vehicle,5,Friday,130,REAR END(VEHICLES IN SAME LANE),1,35522,Cross intersection,2,60,Arterial Highway,WARRIGAL,BOROONDARA,-37.86579,145.09279,2022,4,April,15,Afternoon Peak,Weekday
T20220009559,2022-04-29,12:52:00,4,Collision with a fixed object,5,Friday,173,RIGHT OFF CARRIAGEWAY INTO OBJECT/PARKED VEHICLE,1,781599,Not at intersection,1,80,Local Road,SOMERSET PARK,BENDIGO,-36.800694,144.37866,2022,4,April,12,Midday,Weekday
T20220012121,2022-04-29,19:50:00,1,Collision with vehicle,5,Friday,133,LANE SIDE SWIPE (VEHICLES IN PARALLEL LANES),3,713459,Cross intersection,2,80,Arterial Highway,DANDENONG,GLEN EIRA,-37.865807,145.02608,2022,4,April,19,Night,Weekday
T20220009547,2022-04-29,11:46:00,1,Collision with vehicle,5,Friday,130,REAR END(VEHICLES IN SAME LANE),1,720858,Not at intersection,2,80,Arterial Highway,NEPEAN,GLEN EIRA,-37.897343,145.00552,2022,4,April,11,Midday,Weekday
T20220009929,2022-04-29,13:00:00,1,Collision with vehicle,5,Friday,110,CROSS TRAFFIC(INTERSECTIONS ONLY),1,37775,Cross intersection,3,60,Arterial Other,ALEXANDRA,STONNINGTON,-37.831493,145.01245,2022,4,April,13,Midday,Weekday
T20220010726,2022-04-29,20:44:00,2,Struck Pedestrian,5,Friday,100,PED NEAR SIDE. PED HIT BY VEHICLE FROM THE RIGHT.,3,109,Cross intersection,3,50,Local Road,ELGIN,MELBOURNE,-37.79716,144.96756,2022,4,April,20,Night,Weekday
T20220009611,2022-04-29,18:15:00,1,Collision with vehicle,5,Friday,130,REAR END(VEHICLES IN SAME LANE),3,714421,Not at intersection,2,100,Freeway,WESTERN RING,BRIMBANK,-37.81041,144.808,2022,4,April,18,Afternoon Peak,Weekday
T20220009642,2022-04-29,16:00:00,1,Collision with vehicle,5,Friday,130,REAR END(VEHICLES IN SAME LANE),1,711168,Not at intersection,3,80,Arterial Highway,DANDENONG VALLEY,KNOX,-37.919537,145.23459,2022,4,April,16,Afternoon Peak,Weekday
T20220012253,2022-04-29,21:45:00,1,Collision with vehicle,5,Friday,136,RIGHT TURN SIDESWIPE,3,39056,T intersection,2,60,Arterial Other,BURKE,BOROONDARA,-37.794285,145.06383,2022,4,April,21,Night,Weekday
T20220009762,2022-04-29,19:16:00,2,Struck Pedestrian,5,Friday,102,FAR SIDE. PED HIT BY VEHICLE FROM THE LEFT,3,687608,Cross intersection,2,70,Arterial Highway,HODDLE,YARRA,-37.807247,144.99176,2022,4,April,19,Night,Weekday
T20220012826,2022-04-29,20:20:00,1,Collision with vehicle,5,Friday,130,REAR END(VEHICLES IN SAME LANE),3,781684,T intersection,3,60,Arterial Highway,PUNT,MELBOURNE,-37.828495,144.98814,2022,4,April,20,Night,Weekday
T20220011892,2022-04-29,18:15:00,1,Collision with vehicle,5,Friday,130,REAR END(VEHICLES IN SAME LANE),9,778630,Not at intersection,3,80,Freeway,BURNLEY,MELBOURNE,-37.827156,144.9631,2022,4,April,18,Afternoon Peak,Weekday
T20220009609,2022-04-29,21:33:00,1,Collision with vehicle,5,Friday,113,RIGHT NEAR (INTERSECTIONS ONLY),3,45156,T intersection,3,60,Arterial Other,MILITARY,MOONEE VALLEY,-37.7613,144.86162,2022,4,April,21,Night,Weekday
T20220009516,2022-04-29,02:05:00,4,Collision with a fixed object,5,Friday,173,RIGHT OFF CARRIAGEWAY INTO OBJECT/PARKED VEHICLE,3,710811,T intersection,3,50,Local Road,KARINGAL,FRANKSTON,-38.142105,145.15816,2022,4,April,2,Late Night,Weekday
T20220011060,2022-04-29,18:38:00,1,Collision with vehicle,5,Friday,121,RIGHT THROUGH,3,274213,Cross intersection,3,60,Arterial Other,IEVERS,MELBOURNE,-37.781727,144.95958,2022,4,April,18,Afternoon Peak,Weekday
T20220009602,2022-04-29,18:33:00,2,Struck Pedestrian,5,Friday,103,PED PLAYING/LYING/WORKING/STANDING ON CARRIAGEWAY.,3,716209,Not at intersection,2,60,Local Road,GILBERT,DAREBIN,-37.7494,144.98825,2022,4,April,18,Afternoon Peak,Weekday
T20220009601,2022-04-29,17:45:00,4,Collision with a fixed object,5,Friday,181,OFF RIGHT BEND INTO OBJECT/PARKED VEHICLE,5,755011,Not at intersection,2,100,Local Road,ROMSEY,MACEDON RANGES,-37.35031,144.77473,2022,4,April,17,Afternoon Peak,Weekday
T20220009585,2022-04-29,16:14:00,1,Collision with vehicle,5,Friday,120,HEAD ON (NOT OVERTAKING),1,711167,Not at intersection,3,80,Arterial Other,BOGONG HIGH PLAINS,ALPINE,-36.800877,147.21808,2022,4,April,16,Afternoon Peak,Weekday
T20220009598,2022-04-29,20:41:00,1,Collision with vehicle,5,Friday,132,RIGHT REAR.,5,712258,T intersection,3,60,Arterial Other,DON,YARRA RANGES,-37.656033,145.52681,2022,4,April,20,Night,Weekday
T20220009596,2022-04-29,15:40:00,1,Collision with vehicle,5,Friday,110,CROSS TRAFFIC(INTERSECTIONS ONLY),1,755012,Cross intersection,2,100,Arterial Highway,BUCKLEY ROAD,SURF COAST,-38.21395,144.09625,2022,4,April,15,Afternoon Peak,Weekday
T20220010842,2022-04-29,15:30:00,2,Struck Pedestrian,5,Friday,102,FAR SIDE. PED HIT BY VEHICLE FROM THE LEFT,1,712737,Cross intersection,2,50,Local Road,PHOENIX,BRIMBANK,-37.775867,144.83481,2022,4,April,15,Afternoon Peak,Weekday
T20220009553,2022-04-29,11:00:00,1,Collision with vehicle,5,Friday,130,REAR END(VEHICLES IN SAME LANE),1,716204,Not at intersection,3,60,Arterial Other,EPPING,WHITTLESEA,-37.62243,145.02888,2022,4,April,11,Midday,Weekday
T20220009593,2022-04-29,16:00:00,2,Struck Pedestrian,5,Friday,101,PED EMERGES FROM IN FRONT OF PARKED OR STATIONARY VEHICLE,1,712257,Not at intersection,3,60,Local Road,SPRINGFIELD,WHITEHORSE,-37.81313,145.17595,2022,4,April,16,Afternoon Peak,Weekday
T20220009591,2022-04-29,19:00:00,1,Collision with vehicle,5,Friday,135,LANE CHANGE LEFT (NOT OVERTAKING),3,192893,T intersection,3,100,Freeway,EASTERN,MANNINGHAM,-37.795273,145.11433,2022,4,April,19,Night,Weekday
T20220009590,2022-04-29,18:30:00,1,Collision with vehicle,5,Friday,121,RIGHT THROUGH,3,358701,Multiple intersection,3,80,Freeway,SOUTH GIPPSLAND-SOUTH GIPPSLAND IN,DANDENONG,-38.035767,145.24625,2022,4,April,18,Afternoon Peak,Weekday
T20220009557,2022-04-29,07:42:00,1,Collision with vehicle,5,Friday,131,LEFT REAR,1,44219,Cross intersection,3,30,Arterial Other,EPPING ROAD -HIGH,WHITTLESEA,-37.63768,145.02637,2022,4,April,7,Morning Peak,Weekday
T20220009614,2022-04-29,20:17:00,1,Collision with vehicle,5,Friday,111,RIGHT FAR (INTERSECTIONS ONLY),3,781680,T intersection,3,60,Arterial Other,HUNTINGDALE,MONASH,-37.88752,145.10802,2022,4,April,20,Night,Weekday
T20220009589,2022-04-29,18:35:00,4,Collision with a fixed object,5,Friday,173,RIGHT OFF CARRIAGEWAY INTO OBJECT/PARKED VEHICLE,3,724083,Not at intersection,2,60,Local Road,SUTTON,BAW BAW,-38.151424,145.92845,2022,4,April,18,Afternoon Peak,Weekday
T20220010160,2022-04-29,21:05:00,1,Collision with vehicle,5,Friday,130,REAR END(VEHICLES IN SAME LANE),6,711638,Cross intersection,3,50,Arterial Highway,PRINCES HIGHWAY,DANDENONG,-37.984962,145.21413,2022,4,April,21,Night,Weekday
T20220010321,2022-04-29,19:05:00,1,Collision with vehicle,5,Friday,120,HEAD ON (NOT OVERTAKING),3,41039,T intersection,2,60,Arterial Other,DORSET,KNOX,-37.869236,145.28523,2022,4,April,19,Night,Weekday
T20220022404,2022-04-29,20:00:00,8,No collision and no object struck,5,Friday,170,OFF CARRIAGEWAY TO LEFT,3,728686,Not at intersection,3,50,Local Road,BETULA,WHITTLESEA,-37.68416,145.06471,2022,4,April,20,Night,Weekday
T20220009572,2022-04-29,15:08:00,1,Collision with vehicle,5,Friday,160,VEHICLE COLLIDES WITH VEHICLE PARKED ON LEFT OF ROAD,1,774542,Cross intersection,3,50,Local Road,GILLIES,LATROBE,-38.193405,146.51677,2022,4,April,15,Afternoon Peak,Weekday
T20220009570,2022-04-29,14:26:00,1,Collision with vehicle,5,Friday,160,VEHICLE COLLIDES WITH VEHICLE PARKED ON LEFT OF ROAD,1,711898,Not at intersection,3,50,Local Road,ATHOL,DANDENONG,-37.97144,145.15173,2022,4,April,14,Midday,Weekday
T20220009567,2022-04-29,13:38:00,2,Struck Pedestrian,5,Friday,107,PED ON FOOTHPATH STRUCK BY VEHENTERING/LEAVING DRIVEWAY.,1,716199,Not at intersection,3,60,Arterial Other,COX,GEELONG,-38.08281,144.34822,2022,4,April,13,Midday,Weekday
T20220009554,2022-04-29,10:55:00,1,Collision with vehicle,5,Friday,137,LEFT TURN SIDESWIPE,1,774541,Not at intersection,2,60,Local Road,TROUPS,MELTON,-37.7368,144.67047,2022,4,April,10,Midday,Weekday
T20220012300,2022-04-29,14:44:00,1,Collision with vehicle,5,Friday,121,RIGHT THROUGH,1,41843,Cross intersection,3,70,Arterial Other,HIGH STREET,MONASH,-37.876457,145.18587,2022,4,April,14,Midday,Weekday
T20220009519,2022-04-29,05:30:00,1,Collision with vehicle,5,Friday,113,RIGHT NEAR (INTERSECTIONS ONLY),3,781699,T intersection,3,60,Arterial Other,BARRY,HUME,-37.66638,144.94612,2022,4,April,5,Morning Peak,Weekday
T20220009580,2022-04-29,16:25:00,1,Collision with vehicle,5,Friday,160,VEHICLE COLLIDES WITH VEHICLE PARKED ON LEFT OF ROAD,1,713546,Not at intersection,2,50,Local Road,OLD HALL,MELTON,-37.737915,144.73146,2022,4,April,16,Afternoon Peak,Weekday
T20220013626,2022-04-29,15:15:00,1,Collision with vehicle,5,Friday,110,CROSS TRAFFIC(INTERSECTIONS ONLY),1,30011,Cross intersection,3,70,Arterial Highway,RAGLAN,WARRNAMBOOL,-38.37205,142.47403,2022,4,April,15,Afternoon Peak,Weekday
T20220012094,2022-04-29,23:45:00,1,Collision with vehicle,5,Friday,147,VEHICLE STRIKES ANOTHER VEH WHILE EMERGING FROM DRIVEWAY,3,321160,Not at intersection,3,80,Arterial Highway,SOUTH GIPPSLAND,DANDENONG,-38.00927,145.22954,2022,4,April,23,Night,Weekday
T20220009525,2022-04-29,06:05:00,1,Collision with vehicle,5,Friday,121,RIGHT THROUGH,2,321711,Multiple intersection,2,80,Freeway,CRAIGIEBURN,WHITTLESEA,-37.601486,144.9623,2022,4,April,6,Morning Peak,Weekday
T20220009998,2022-04-29,19:25:00,1,Collision with vehicle,5,Friday,110,CROSS TRAFFIC(INTERSECTIONS ONLY),3,36192,Cross intersection,3,50,Local Road,CAPEL,MELBOURNE,-37.803707,144.95552,2022,4,April,19,Night,Weekday
T20220010544,2022-04-29,09:30:00,1,Collision with vehicle,5,Friday,160,VEHICLE COLLIDES WITH VEHICLE PARKED ON LEFT OF ROAD,1,720863,Not at intersection,3,50,Local Road,MAIN,CARDINIA,-38.07594,145.48,2022,4,April,9,Morning Peak,Weekday
T20220009622,2022-04-29,16:30:00,6,Vehicle overturned (no collision),5,Friday,170,OFF CARRIAGEWAY TO LEFT,1,716206,Not at intersection,3,100,Local Road,DAVIDSONS,EAST GIPPSLAND,-37.50382,148.12631,2022,4,April,16,Afternoon Peak,Weekday
T20220009586,2022-04-29,17:45:00,1,Collision with vehicle,5,Friday,121,RIGHT THROUGH,2,52201,T intersection,3,60,Arterial Other,GREY,LATROBE,-38.192078,146.52405,2022,4,April,17,Afternoon Peak,Weekday
T20220009576,2022-04-29,12:11:00,1,Collision with vehicle,5,Friday,116,LEFT NEAR (INTERSECTIONS ONLY),1,238911,Cross intersection,3,60,Arterial Other,BARRABOOL ROAD -MT PLEASANT,GEELONG,-38.168636,144.3311,2022,4,April,12,Midday,Weekday
T20220009708,2022-04-29,14:30:00,4,Collision with a fixed object,5,Friday,181,OFF RIGHT BEND INTO OBJECT/PARKED VEHICLE,1,711629,Not at intersection,2,100,Local Road,GUNDOWRING,INDIGO,-36.3196,147.05656,2022,4,April,14,Midday,Weekday
T20220009988,2022-04-29,18:53:00,6,Vehicle overturned (no collision),5,Friday,174,OUT OF CONTROL ON CARRIAGEWAY (ON STRAIGHT),3,254024,Not at intersection,3,70,Arterial Highway,SPRINGVALE,MONASH,-37.88705,145.16447,2022,4,April,18,Afternoon Peak,Weekday
T20220009612,2022-04-29,23:05:00,2,Struck Pedestrian,5,Friday,100,PED NEAR SIDE. PED HIT BY VEHICLE FROM THE RIGHT.,3,711975,Not at intersection,2,60,Arterial Other,BURWOOD,BOROONDARA,-37.822594,145.03523,2022,4,April,23,Night,Weekday
T20220009588,2022-04-29,17:15:00,1,Collision with vehicle,5,Friday,110,CROSS TRAFFIC(INTERSECTIONS ONLY),2,52979,Cross intersection,3,100,Local Road,FINCHS,BALLARAT,-37.57808,143.75288,2022,4,April,17,Afternoon Peak,Weekday
T20220009564,2022-04-29,14:38:00,1,Collision with vehicle,5,Friday,113,RIGHT NEAR (INTERSECTIONS ONLY),1,338428,T intersection,3,60,Arterial Other,CANTERBURY,WHITEHORSE,-37.83417,145.1665,2022,4,April,14,Midday,Weekday
T20220009508,2022-04-29,00:30:00,1,Collision with vehicle,5,Friday,160,VEHICLE COLLIDES WITH VEHICLE PARKED ON LEFT OF ROAD,3,720861,Not at intersection,2,60,Arterial Other,SPRING,DAREBIN,-37.71677,145.0065,2022,4,April,0,Late Night,Weekday
T20220009573,2022-04-29,10:20:00,1,Collision with vehicle,5,Friday,133,LANE SIDE SWIPE (VEHICLES IN PARALLEL LANES),1,57850,Cross intersection,2,60,Local Road,BRIDGE INN,WHITTLESEA,-37.599766,145.08864,2022,4,April,10,Midday,Weekday
T20220009646,2022-04-30,10:00:00,3,Struck animal,6,Saturday,167,STRUCK ANIMAL,1,755010,Not at intersection,2,100,Local Road,ROCKY,ARARAT,-37.286423,143.19753,2022,4,April,10,Midday,Weekend
T20220009643,2022-04-30,13:01:00,1,Collision with vehicle,6,Saturday,130,REAR END(VEHICLES IN SAME LANE),1,778636,Not at intersection,3,80,Freeway,TULLAMARINE,MOONEE VALLEY,-37.72212,144.89183,2022,4,April,13,Midday,Weekend
T20220009978,2022-04-30,16:25:00,1,Collision with vehicle,6,Saturday,147,VEHICLE STRIKES ANOTHER VEH WHILE EMERGING FROM DRIVEWAY,1,679459,T intersection,3,60,Local Road,WILLIAMSON,MARIBYRNONG,-37.774837,144.8795,2022,4,April,16,Afternoon Peak,Weekend
T20220009639,2022-04-30,12:00:00,4,Collision with a fixed object,6,Saturday,171,LEFT OFF CARRIAGEWAY INTO OBJECT/PARKED VEHICLE,1,710969,Not at intersection,3,60,Arterial Other,ST ALBANS,BRIMBANK,-37.757954,144.81026,2022,4,April,12,Midday,Weekend
T20220009637,2022-04-30,11:11:00,1,Collision with vehicle,6,Saturday,163,VEHICLE STRIKES DOOR OF PARKED/STATIONARY VEHICLE,1,711051,Not at intersection,2,60,Local Road,INKERMAN,PORT PHILLIP,-37.864487,144.98476,2022,4,April,11,Midday,Weekend
T20220009635,2022-04-30,11:52:00,2,Struck Pedestrian,6,Saturday,100,PED NEAR SIDE. PED HIT BY VEHICLE FROM THE RIGHT.,1,711050,Not at intersection,2,40,Local Road,IZETT,STONNINGTON,-37.84699,144.9923,2022,4,April,11,Midday,Weekend