ACCIDENT_NO,ACCIDENT_DATE,ACCIDENT_TIME,ACCIDENT_TYPE,ACCIDENT_TYPE_DESC,DAY_OF_WEEK,DAY_WEEK_DESC,DCA_CODE,DCA_DESC,LIGHT_CONDITION,NODE_ID,ROAD_GEOMETRY_DESC,SEVERITY,SPEED_ZONE,RMA,ROAD_NAME,LGA_NAME,LATITUDE,LONGITUDE,YEAR,MONTH,MONTH_NAME,HOUR,TIME_PERIOD,DAY_TYPE
T20220009702,2022-04-30,17:15:00,1,Collision with vehicle,6,Saturday,120,HEAD ON (NOT OVERTAKING),2,780077,Not at intersection,3,40,Local Road,SWANSTON,MELBOURNE,-37.810986,144.96448,2022,4,April,17,Afternoon Peak,Weekend
T20220009632,2022-04-30,10:10:00,1,Collision with vehicle,6,Saturday,121,RIGHT THROUGH,1,41106,Cross intersection,2,60,Arterial Other,ST KILDA,BAYSIDE,-37.903812,144.98842,2022,4,April,10,Midday,Weekend
T20220009630,2022-04-30,10:44:00,6,Vehicle overturned (no collision),6,Saturday,184,OUT OF CONTROL ON CARRIAGEWAY (ON BEND),1,781710,Not at intersection,3,50,Local Road,WOLVISTON,MELTON,-37.68329,144.75043,2022,4,April,10,Midday,Weekend
T20220009696,2022-04-30,22:25:00,2,Struck Pedestrian,6,Saturday,100,PED NEAR SIDE. PED HIT BY VEHICLE FROM THE RIGHT.,3,723458,Not at intersection,3,50,Local Road,RADFORD,DAREBIN,-37.70918,144.98279,2022,4,April,22,Night,Weekend
T20220009763,2022-04-30,19:55:00,1,Collision with vehicle,6,Saturday,113,RIGHT NEAR (INTERSECTIONS ONLY),3,254738,Cross intersection,3,80,Arterial Other,PRINCES,CARDINIA,-38.0643,145.46413,2022,4,April,19,Night,Weekend
T20220009628,2022-04-30,08:00:00,4,Collision with a fixed object,6,Saturday,173,RIGHT OFF CARRIAGEWAY INTO OBJECT/PARKED VEHICLE,1,781708,Not at intersection,3,60,Local Road,KAMBROOK,GLEN EIRA,-37.87995,145.03487,2022,4,April,8,Morning Peak,Weekend
T20220009627,2022-04-30,05:00:00,4,Collision with a fixed object,6,Saturday,181,OFF RIGHT BEND INTO OBJECT/PARKED VEHICLE,5,726317,Not at intersection,2,100,Arterial Other,HEATHCOTE-REDESDALE,BENDIGO,-36.987514,144.59369,2022,4,April,5,Morning Peak,Weekend
T20220009626,2022-04-30,09:20:00,1,Collision with vehicle,6,Saturday,147,VEHICLE STRIKES ANOTHER VEH WHILE EMERGING FROM DRIVEWAY,1,784952,Not at intersection,3,50,Local Road,PANORAMA,MONASH,-37.922382,145.12914,2022,4,April,9,Morning Peak,Weekend
T20220009690,2022-04-30,22:30:00,4,Collision with a fixed object,6,Saturday,181,OFF RIGHT BEND INTO OBJECT/PARKED VEHICLE,5,725648,Not at intersection,3,60,Arterial Other,MOUNT DANDENONG TOURIST,YARRA RANGES,-37.88805,145.33398,2022,4,April,22,Night,Weekend
T20220009689,2022-04-30,21:45:00,1,Collision with vehicle,6,Saturday,120,HEAD ON (NOT OVERTAKING),3,714280,Not at intersection,2,50,Arterial Other,WAVERLEY,MOONEE VALLEY,-37.763145,144.9059,2022,4,April,21,Night,Weekend
T20220009624,2022-04-30,08:40:00,4,Collision with a fixed object,6,Saturday,171,LEFT OFF CARRIAGEWAY INTO OBJECT/PARKED VEHICLE,1,781718,Not at intersection,3,60,Local Road,ARUNDEL,BENALLA,-36.55465,145.97646,2022,4,April,8,Morning Peak,Weekend
T20220012238,2022-04-30,13:20:00,1,Collision with vehicle,6,Saturday,130,REAR END(VEHICLES IN SAME LANE),1,778631,Not at intersection,3,70,Arterial Other,BARWON HEADS,GEELONG,-38.17645,144.35335,2022,4,April,13,Midday,Weekend
T20220009683,2022-04-30,23:35:00,4,Collision with a fixed object,6,Saturday,173,RIGHT OFF CARRIAGEWAY INTO OBJECT/PARKED VEHICLE,5,755676,Not at intersection,2,80,Local Road,KENNEDYS,BALLARAT,-37.48091,143.84004,2022,4,April,23,Night,Weekend
T20220009681,2022-04-30,21:10:00,2,Struck Pedestrian,6,Saturday,103,PED PLAYING/LYING/WORKING/STANDING ON CARRIAGEWAY.,6,712919,Not at intersection,2,60,Local Road,CUTHBERTS,BALLARAT,-37.55246,143.78897,2022,4,April,21,Night,Weekend
T20220009680,2022-04-30,23:17:00,1,Collision with vehicle,6,Saturday,160,VEHICLE COLLIDES WITH VEHICLE PARKED ON LEFT OF ROAD,3,711169,Not at intersection,2,50,Local Road,WESTGATE,MONASH,-37.905304,145.08693,2022,4,April,23,Night,Weekend
T20220009679,2022-04-30,02:20:00,8,No collision and no object struck,6,Saturday,170,OFF CARRIAGEWAY TO LEFT,3,716271,Cross intersection,3,40,Local Road,HARBOUR,MELBOURNE,-37.818954,144.94666,2022,4,April,2,Late Night,Weekend
T20220009678,2022-04-30,20:00:00,1,Collision with vehicle,6,Saturday,163,VEHICLE STRIKES DOOR OF PARKED/STATIONARY VEHICLE,3,716254,Not at intersection,3,50,Local Road,HIGH,DAREBIN,-37.771896,144.99849,2022,4,April,20,Night,Weekend
T20220009677,2022-04-30,18:10:00,1,Collision with vehicle,6,Saturday,131,LEFT REAR,3,716212,Not at intersection,3,60,Freeway,WESTERN IN-COBURNS,MELTON,-37.688297,144.56712,2022,4,April,18,Afternoon Peak,Weekend
T20220009819,2022-04-30,22:39:00,1,Collision with vehicle,6,Saturday,148,VEHICLE OFF FOOTPATH STRIKES VEH ON CARRIAGEWAY,3,711523,T intersection,3,60,Arterial Other,HIGH,DAREBIN,-37.70878,145.00894,2022,4,April,22,Night,Weekend
T20220009675,2022-04-30,20:42:00,1,Collision with vehicle,6,Saturday,160,VEHICLE COLLIDES WITH VEHICLE PARKED ON LEFT OF ROAD,3,713792,T intersection,3,50,Local Road,ELMBANK,DANDENONG,-37.988205,145.17787,2022,4,April,20,Night,Weekend
T20220009672,2022-04-30,20:52:00,1,Collision with vehicle,6,Saturday,110,CROSS TRAFFIC(INTERSECTIONS ONLY),3,29938,Cross intersection,2,80,Arterial Highway,PRINCES,GEELONG,-38.091434,144.35637,2022,4,April,20,Night,Weekend
T20220009734,2022-04-30,13:30:00,8,No collision and no object struck,6,Saturday,182,OFF CARRIAGEWAY ON LEFT BEND,1,781701,Not at intersection,3,60,Local Road,NAPIER,WELLINGTON,-38.479652,146.76639,2022,4,April,13,Midday,Weekend
T20220009671,2022-04-30,17:05:00,1,Collision with vehicle,6,Saturday,134,LANE CHANGE RIGHT (NOT OVERTAKING),1,712260,Not at intersection,2,80,Freeway,WEST GATE,MELBOURNE,-37.827717,144.92407,2022,4,April,17,Afternoon Peak,Weekend
T20220013084,2022-04-30,12:00:00,6,Vehicle overturned (no collision),6,Saturday,170,OFF CARRIAGEWAY TO LEFT,1,715044,Not at intersection,2,100,Local Road,CARBOOR-EVERTON,WANGARATTA,-36.49322,146.50363,2022,4,April,12,Midday,Weekend
T20220009667,2022-04-30,17:35:00,1,Collision with vehicle,6,Saturday,111,RIGHT FAR (INTERSECTIONS ONLY),3,282658,Cross intersection,3,60,Freeway,EASTERN,WHITEHORSE,-37.801285,145.15967,2022,4,April,17,Afternoon Peak,Weekend
T20220009801,2022-04-30,14:56:00,1,Collision with vehicle,6,Saturday,130,REAR END(VEHICLES IN SAME LANE),1,716256,Not at intersection,3,40,Local Road,CHAPEL,STONNINGTON,-37.842598,144.995,2022,4,April,14,Midday,Weekend
T20220009666,2022-04-30,14:48:00,1,Collision with vehicle,6,Saturday,130,REAR END(VEHICLES IN SAME LANE),1,777373,Not at intersection,3,100,Arterial Highway,PRINCES,WARRNAMBOOL,-38.387604,142.5609,2022,4,April,14,Midday,Weekend
T20220009664,2022-04-30,17:35:00,1,Collision with vehicle,6,Saturday,110,CROSS TRAFFIC(INTERSECTIONS ONLY),1,106476,Cross intersection,3,60,Arterial Highway,DANDENONG-HASTINGS,CASEY,-38.13379,145.22838,2022,4,April,17,Afternoon Peak,Weekend
T20220009663,2022-04-30,15:44:00,2,Struck Pedestrian,6,Saturday,100,PED NEAR SIDE. PED HIT BY VEHICLE FROM THE RIGHT.,1,716255,Cross intersection,3,40,Local Road,LA TROBE,MELBOURNE,-37.810284,144.96147,2022,4,April,15,Afternoon Peak,Weekend
T20220009792,2022-04-30,17:00:00,4,Collision with a fixed object,6,Saturday,171,LEFT OFF CARRIAGEWAY INTO OBJECT/PARKED VEHICLE,1,711522,Not at intersection,2,40,Arterial Highway,SETTLEMENT,GEELONG,-38.175056,144.35226,2022,4,April,17,Afternoon Peak,Weekend
T20220009641,2022-04-30,12:29:00,1,Collision with vehicle,6,Saturday,135,LANE CHANGE LEFT (NOT OVERTAKING),1,716258,Not at intersection,2,80,Freeway,WEST GATE,MELBOURNE,-37.82581,144.93451,2022,4,April,12,Midday,Weekend
T20220009651,2022-04-30,14:50:00,1,Collision with vehicle,6,Saturday,130,REAR END(VEHICLES IN SAME LANE),1,710970,Not at intersection,3,50,Arterial Other,RALEIGH,MARIBYRNONG,-37.76884,144.89095,2022,4,April,14,Midday,Weekend
T20220009742,2022-05-01,17:04:00,4,Collision with a fixed object,7,Sunday,171,LEFT OFF CARRIAGEWAY INTO OBJECT/PARKED VEHICLE,1,716314,Not at intersection,3,60,Local Road,BRIDGE,MELTON,-37.71621,144.59761,2022,5,May,17,Afternoon Peak,Weekend
T20220009764,2022-05-01,21:52:00,1,Collision with vehicle,7,Sunday,130,REAR END(VEHICLES IN SAME LANE),3,711410,Not at intersection,3,60,Arterial Other,SPENCER,MELBOURNE,-37.80634,144.94528,2022,5,May,21,Night,Weekend
T20220009758,2022-05-01,19:15:00,1,Collision with vehicle,7,Sunday,130,REAR END(VEHICLES IN SAME LANE),3,273858,Cross intersection,3,80,Arterial Other,CRANBOURNE-FRANKSTON,CASEY,-38.110085,145.25836,2022,5,May,19,Night,Weekend
T20220009757,2022-05-01,18:20:00,1,Collision with vehicle,7,Sunday,130,REAR END(VEHICLES IN SAME LANE),5,716308,Not at intersection,3,100,Freeway,MORNINGTON PENINSULA,MORNINGTON PENINSULA,-38.35835,144.92354,2022,5,May,18,Afternoon Peak,Weekend
T20220009755,2022-05-01,18:25:00,2,Struck Pedestrian,7,Sunday,101,PED EMERGES FROM IN FRONT OF PARKED OR STATIONARY VEHICLE,3,712574,Not at intersection,2,40,Arterial Other,HIGH,BOROONDARA,-37.807205,145.02968,2022,5,May,18,Afternoon Peak,Weekend
T20220009753,2022-05-01,18:08:00,2,Struck Pedestrian,7,Sunday,102,FAR SIDE. PED HIT BY VEHICLE FROM THE LEFT,3,29783,T intersection,2,60,Arterial Other,HIGH,DAREBIN,-37.70884,145.00894,2022,5,May,18,Afternoon Peak,Weekend
T20220010799,2022-05-01,17:10:00,8,No collision and no object struck,7,Sunday,170,OFF CARRIAGEWAY TO LEFT,1,340495,Cross intersection,2,60,Local Road,HANSON,HUME,-37.5833,144.93501,2022,5,May,17,Afternoon Peak,Weekend
T20220009751,2022-05-01,13:00:00,4,Collision with a fixed object,7,Sunday,181,OFF RIGHT BEND INTO OBJECT/PARKED VEHICLE,1,712060,Not at intersection,2,80,Arterial Other,HEALESVILLE-KINGLAKE,MURRINDINDI,-37.535797,145.3857,2022,5,May,13,Midday,Weekend
T20220009743,2022-05-01,16:03:00,1,Collision with vehicle,7,Sunday,132,RIGHT REAR.,1,716311,Not at intersection,2,80,Arterial Other,MICKLEHAM,HUME,-37.58635,144.87831,2022,5,May,16,Afternoon Peak,Weekend
T20220009748,2022-05-01,16:05:00,1,Collision with vehicle,7,Sunday,120,HEAD ON (NOT OVERTAKING),1,711899,Not at intersection,2,80,Local Road,CRAIGIEBURN,HUME,-37.58613,144.84784,2022,5,May,16,Afternoon Peak,Weekend
T20220009747,2022-05-01,17:45:00,2,Struck Pedestrian,7,Sunday,102,FAR SIDE. PED HIT BY VEHICLE FROM THE LEFT,2,715724,Not at intersection,2,50,Local Road,PIER,HOBSONS BAY,-37.866077,144.8308,2022,5,May,17,Afternoon Peak,Weekend
T20220009693,2022-05-01,04:55:00,4,Collision with a fixed object,7,Sunday,171,LEFT OFF CARRIAGEWAY INTO OBJECT/PARKED VEHICLE,3,718435,Cross intersection,3,80,Local Road,HALL,FRANKSTON,-38.10709,145.23346,2022,5,May,4,Late Night,Weekend
T20220009736,2022-05-01,13:30:00,1,Collision with vehicle,7,Sunday,120,HEAD ON (NOT OVERTAKING),1,774543,Not at intersection,3,60,Local Road,ELIZABETH,HUME,-37.594536,144.71098,2022,5,May,13,Midday,Weekend
T20220009745,2022-05-01,17:00:00,6,Vehicle overturned (no collision),7,Sunday,180,OFF CARRIAGEWAY ON RIGHT BEND,2,718663,Not at intersection,2,100,Arterial Other,COBDEN-STONYFORD,CORANGAMITE,-38.333652,143.23949,2022,5,May,17,Afternoon Peak,Weekend
T20220009713,2022-05-01,11:15:00,1,Collision with vehicle,7,Sunday,134,LANE CHANGE RIGHT (NOT OVERTAKING),1,718701,Not at intersection,3,60,Arterial Other,EPSOM,MOONEE VALLEY,-37.77959,144.91377,2022,5,May,11,Midday,Weekend
T20220009699,2022-05-01,05:10:00,4,Collision with a fixed object,7,Sunday,171,LEFT OFF CARRIAGEWAY INTO OBJECT/PARKED VEHICLE,5,716284,Not at intersection,3,80,Arterial Other,BEECHWORTH-WODONGA,INDIGO,-36.29213,146.7145,2022,5,May,5,Morning Peak,Weekend
T20220009712,2022-05-01,10:35:00,1,Collision with vehicle,7,Sunday,110,CROSS TRAFFIC(INTERSECTIONS ONLY),1,51473,Cross intersection,3,60,Arterial Other,LOWRY,CAMPASPE,-36.358475,144.7099,2022,5,May,10,Midday,Weekend
T20220009711,2022-05-01,10:00:00,1,Collision with vehicle,7,Sunday,140,U TURN,1,712267,Not at intersection,3,60,Arterial Other,HULL,YARRA RANGES,-37.78712,145.31656,2022,5,May,10,Midday,Weekend
T20220009733,2022-05-01,13:28:00,1,Collision with vehicle,7,Sunday,110,CROSS TRAFFIC(INTERSECTIONS ONLY),1,49592,Cross intersection,2,60,Arterial Highway,WALLACE,GOLDEN PLAINS,-37.845627,144.07689,2022,5,May,13,Midday,Weekend
T20220021209,2022-05-01,06:39:00,1,Collision with vehicle,7,Sunday,147,VEHICLE STRIKES ANOTHER VEH WHILE EMERGING FROM DRIVEWAY,1,726857,Not at intersection,3,100,Arterial Other,HYLAND,LATROBE,-38.252884,146.58437,2022,5,May,6,Morning Peak,Weekend
T20220009741,2022-05-01,16:12:00,1,Collision with vehicle,7,Sunday,110,CROSS TRAFFIC(INTERSECTIONS ONLY),1,272188,Cross intersection,3,50,Local Road,MONICA,WHITEHORSE,-37.845127,145.10762,2022,5,May,16,Afternoon Peak,Weekend
T20220009827,2022-05-01,22:00:00,8,No collision and no object struck,7,Sunday,149,OTHER MANOEUVRING NOT INCLUDED IN DCAs 140-148,6,716302,Not at intersection,3,50,Local Road,DAVID,MORELAND,-37.708256,144.9457,2022,5,May,22,Night,Weekend
T20220009866,2022-05-01,22:15:00,4,Collision with a fixed object,7,Sunday,175,OFF END OF ROAD/T-INTERSECTION.,3,711524,T intersection,2,80,Arterial Other,SPARGO CREEK,MOORABOOL,-37.480534,144.15096,2022,5,May,22,Night,Weekend
T20220009814,2022-05-01,18:00:00,8,No collision and no object struck,7,Sunday,170,OFF CARRIAGEWAY TO LEFT,3,261035,Cross intersection,3,60,Local Road,SINCLAIRS,MELTON,-37.741543,144.70628,2022,5,May,18,Afternoon Peak,Weekend
T20220015887,2022-05-01,00:10:00,4,Collision with a fixed object,7,Sunday,171,LEFT OFF CARRIAGEWAY INTO OBJECT/PARKED VEHICLE,5,718822,T intersection,2,50,Local Road,HERMSLEY,GEELONG,-38.163048,144.51653,2022,5,May,0,Late Night,Weekend
T20220022520,2022-05-01,18:36:00,1,Collision with vehicle,7,Sunday,142,LEAVING PARKING,3,781721,Not at intersection,3,60,Arterial Other,WHITEHORSE,BOROONDARA,-37.81098,145.06587,2022,5,May,18,Afternoon Peak,Weekend
T20220009808,2022-05-01,20:50:00,1,Collision with vehicle,7,Sunday,121,RIGHT THROUGH,3,714529,Cross intersection,2,80,Arterial Other,FRANKSTON-DANDENONG ROAD -THOMPSON,DANDENONG,-38.071938,145.19482,2022,5,May,20,Night,Weekend
T20220009769,2022-05-01,23:50:00,1,Collision with vehicle,7,Sunday,110,CROSS TRAFFIC(INTERSECTIONS ONLY),3,356475,Cross intersection,2,60,Arterial Highway,ALEXANDRA,YARRA,-37.793457,144.97935,2022,5,May,23,Night,Weekend
T20220009788,2022-05-01,11:30:00,7,Fall from or in moving vehicle,7,Sunday,184,OUT OF CONTROL ON CARRIAGEWAY (ON BEND),1,774544,Not at intersection,3,100,Local Road,EILDON-WARBURTON,MURRINDINDI,-37.37052,145.97359,2022,5,May,11,Midday,Weekend
T20220009739,2022-05-01,14:40:00,4,Collision with a fixed object,7,Sunday,171,LEFT OFF CARRIAGEWAY INTO OBJECT/PARKED VEHICLE,1,726910,T intersection,3,40,Arterial Other,SWAN,YARRA,-37.825172,144.99338,2022,5,May,14,Midday,Weekend
T20220009707,2022-05-01,09:31:00,1,Collision with vehicle,7,Sunday,140,U TURN,1,712265,Not at intersection,2,70,Arterial Other,MELTON,MELTON,-37.68238,144.61897,2022,5,May,9,Morning Peak,Weekend
T20220012075,2022-05-01,11:30:00,8,No collision and no object struck,7,Sunday,174,OUT OF CONTROL ON CARRIAGEWAY (ON STRAIGHT),1,713691,Not at intersection,3,100,Local Road,15 MILE,MURRINDINDI,-37.353428,145.98392,2022,5,May,11,Midday,Weekend
T20220009715,2022-05-01,09:50:00,4,Collision with a fixed object,7,Sunday,171,LEFT OFF CARRIAGEWAY INTO OBJECT/PARKED VEHICLE,1,716682,T intersection,2,60,Arterial Other,TOORAK,STONNINGTON,-37.844517,145.03723,2022,5,May,9,Morning Peak,Weekend
T20220009714,2022-05-01,09:30:00,1,Collision with vehicle,7,Sunday,160,VEHICLE COLLIDES WITH VEHICLE PARKED ON LEFT OF ROAD,1,711052,Not at intersection,3,60,Arterial Other,GLENFERRIE,STONNINGTON,-37.844273,145.03145,2022,5,May,9,Morning Peak,Weekend
T20220009686,2022-05-01,02:15:00,1,Collision with vehicle,7,Sunday,113,RIGHT NEAR (INTERSECTIONS ONLY),3,37025,T intersection,2,60,Arterial Other,VICTORIA,YARRA,-37.809044,144.98566,2022,5,May,2,Late Night,Weekend
T20220009777,2022-05-01,18:11:00,1,Collision with vehicle,7,Sunday,162,ACCIDENT OR BROKEN DOWN,3,712269,Not at intersection,2,100,Arterial Highway,DANDENONG-HASTINGS,CASEY,-38.080017,145.23917,2022,5,May,18,Afternoon Peak,Weekend
T20220009687,2022-05-01,00:30:00,4,Collision with a fixed object,7,Sunday,171,LEFT OFF CARRIAGEWAY INTO OBJECT/PARKED VEHICLE,5,776860,Not at intersection,2,100,Local Road,THREE CHAIN,MACEDON RANGES,-37.254215,144.67833,2022,5,May,0,Late Night,Weekend
T20220009691,2022-05-01,00:30:00,4,Collision with a fixed object,7,Sunday,183,OFF LEFT BEND INTO OBJECT/PARKED VEHICLE,5,781719,Not at intersection,3,60,Local Road,SHERBROOKE,YARRA RANGES,-37.88352,145.36533,2022,5,May,0,Late Night,Weekend
T20220010161,2022-05-01,18:50:00,1,Collision with vehicle,7,Sunday,130,REAR END(VEHICLES IN SAME LANE),3,720158,T intersection,3,60,Arterial Highway,HODDLE,MELBOURNE,-37.816227,144.9902,2022,5,May,18,Afternoon Peak,Weekend
T20220009692,2022-05-01,01:04:00,4,Collision with a fixed object,7,Sunday,173,RIGHT OFF CARRIAGEWAY INTO OBJECT/PARKED VEHICLE,3,713850,Cross intersection,2,50,Local Road,DAVY,MACEDON RANGES,-37.35064,144.53288,2022,5,May,1,Late Night,Weekend
T20220009842,2022-05-02,17:57:00,1,Collision with vehicle,1,Monday,137,LEFT TURN SIDESWIPE,3,38051,Cross intersection,2,60,Arterial Other,HEIDELBERG,DAREBIN,-37.7834,145.01738,2022,5,May,17,Afternoon Peak,Weekday
T20220009843,2022-05-02,17:15:00,1,Collision with vehicle,1,Monday,110,CROSS TRAFFIC(INTERSECTIONS ONLY),2,50587,Cross intersection,2,60,Local Road,BRUCE,COLAC OTWAY,-38.33382,143.60246,2022,5,May,17,Afternoon Peak,Weekday
T20220009844,2022-05-02,14:48:00,4,Collision with a fixed object,1,Monday,171,LEFT OFF CARRIAGEWAY INTO OBJECT/PARKED VEHICLE,1,713130,Not at intersection,2,80,Arterial Highway,PRINCES HIGHWAY,DANDENONG,-37.93413,145.15762,2022,5,May,14,Midday,Weekday
T20220009845,2022-05-02,18:00:00,1,Collision with vehicle,1,Monday,110,CROSS TRAFFIC(INTERSECTIONS ONLY),3,711203,Cross intersection,3,60,Arterial Highway,YORK,WELLINGTON,-38.098457,147.06767,2022,5,May,18,Afternoon Peak,Weekday
T20220009849,2022-05-02,16:40:00,1,Collision with vehicle,1,Monday,120,HEAD ON (NOT OVERTAKING),1,719732,Not at intersection,2,80,Local Road,DOCTORS GULLY,NILLUMBIK,-37.60997,145.15627,2022,5,May,16,Afternoon Peak,Weekday
T20220009856,2022-05-02,17:20:00,4,Collision with a fixed object,1,Monday,173,RIGHT OFF CARRIAGEWAY INTO OBJECT/PARKED VEHICLE,2,784983,Not at intersection,2,60,Local Road,ARTHUR,BRIMBANK,-37.739075,144.80014,2022,5,May,17,Afternoon Peak,Weekday
T20220014775,2022-05-02,19:40:00,4,Collision with a fixed object,1,Monday,171,LEFT OFF CARRIAGEWAY INTO OBJECT/PARKED VEHICLE,3,722495,Not at intersection,3,50,Local Road,CENTRE,FRANKSTON,-38.160454,145.20807,2022,5,May,19,Night,Weekday
T20220009858,2022-05-02,18:00:00,1,Collision with vehicle,1,Monday,113,RIGHT NEAR (INTERSECTIONS ONLY),2,43147,Cross intersection,3,80,Arterial Other,HEATHERTON,CASEY,-37.974216,145.25269,2022,5,May,18,Afternoon Peak,Weekday
T20220010717,2022-05-02,09:00:00,1,Collision with vehicle,1,Monday,130,REAR END(VEHICLES IN SAME LANE),9,10760,Cross intersection,3,40,Local Road,BOURKE,MELBOURNE,-37.819008,144.94669,2022,5,May,9,Morning Peak,Weekday
T20220009861,2022-05-02,18:01:00,1,Collision with vehicle,1,Monday,130,REAR END(VEHICLES IN SAME LANE),5,711710,Not at intersection,3,80,Freeway,METROPOLITAN RING,WHITTLESEA,-37.68644,145.0524,2022,5,May,18,Afternoon Peak,Weekday
T20220009865,2022-05-02,23:45:00,2,Struck Pedestrian,1,Monday,103,PED PLAYING/LYING/WORKING/STANDING ON CARRIAGEWAY.,3,739682,Not at intersection,2,50,Local Road,SANDPIPER,BRIMBANK,-37.696632,144.78835,2022,5,May,23,Night,Weekday
T20220011311,2022-05-02,08:15:00,1,Collision with vehicle,1,Monday,130,REAR END(VEHICLES IN SAME LANE),9,778722,Cross intersection,3,80,Freeway,WEST GATE,MELBOURNE,-37.82781,144.9609,2022,5,May,8,Morning Peak,Weekday
T20220009831,2022-05-02,13:15:00,1,Collision with vehicle,1,Monday,171,LEFT OFF CARRIAGEWAY INTO OBJECT/PARKED VEHICLE,9,755548,Not at intersection,2,100,Arterial Highway,SOUTH GIPPSLAND,CASEY,-38.216923,145.40134,2022,5,May,13,Midday,Weekday
T20220010063,2022-05-02,15:00:00,1,Collision with vehicle,1,Monday,130,REAR END(VEHICLES IN SAME LANE),1,778721,Not at intersection,3,50,Local Road,SCHUTT,HOBSONS BAY,-37.83543,144.88156,2022,5,May,15,Afternoon Peak,Weekday
T20220015708,2022-05-02,09:10:00,1,Collision with vehicle,1,Monday,137,LEFT TURN SIDESWIPE,1,37014,T intersection,3,50,Local Road,ALBERT,MELBOURNE,-37.810127,144.98094,2022,5,May,9,Morning Peak,Weekday
T20220009862,2022-05-02,02:45:00,4,Collision with a fixed object,1,Monday,171,LEFT OFF CARRIAGEWAY INTO OBJECT/PARKED VEHICLE,3,781723,Not at intersection,3,70,Arterial Highway,ST GEORGES,DAREBIN,-37.75369,144.99434,2022,5,May,2,Late Night,Weekday
T20220009836,2022-05-02,16:45:00,1,Collision with vehicle,1,Monday,110,CROSS TRAFFIC(INTERSECTIONS ONLY),1,44468,Cross intersection,3,60,Local Road,KILGOUR,GEELONG,-38.155487,144.35696,2022,5,May,16,Afternoon Peak,Weekday
T20220009835,2022-05-02,17:22:00,1,Collision with vehicle,1,Monday,110,CROSS TRAFFIC(INTERSECTIONS ONLY),2,644439,Cross intersection,3,60,Arterial Other,BOLDREWOOD PARADE -BROADWAY,DAREBIN,-37.718334,145.02115,2022,5,May,17,Afternoon Peak,Weekday
T20220009834,2022-05-02,04:40:00,4,Collision with a fixed object,1,Monday,181,OFF RIGHT BEND INTO OBJECT/PARKED VEHICLE,5,711184,Not at intersection,1,100,Arterial Other,GRAMPIANS,NORTHERN GRAMPIANS,-37.191074,142.54453,2022,5,May,4,Late Night,Weekday
T20220009828,2022-05-02,15:45:00,2,Struck Pedestrian,1,Monday,101,PED EMERGES FROM IN FRONT OF PARKED OR STATIONARY VEHICLE,1,711311,Not at intersection,2,50,Local Road,PORTER,MELTON,-37.706547,144.57553,2022,5,May,15,Afternoon Peak,Weekday
T20220010169,2022-05-02,07:00:00,1,Collision with vehicle,1,Monday,130,REAR END(VEHICLES IN SAME LANE),2,724084,Cross intersection,3,80,Arterial Highway,NORTH,MONASH,-37.91399,145.122,2022,5,May,7,Morning Peak,Weekday
T20220009817,2022-05-02,14:22:00,2,Struck Pedestrian,1,Monday,100,PED NEAR SIDE. PED HIT BY VEHICLE FROM THE RIGHT.,1,781724,Not at intersection,3,40,Local Road,BARRIES,MELTON,-37.685894,144.5591,2022,5,May,14,Midday,Weekday
T20220009815,2022-05-02,08:45:00,2,Struck Pedestrian,1,Monday,101,PED EMERGES FROM IN FRONT OF PARKED OR STATIONARY VEHICLE,1,718702,Not at intersection,3,50,Local Road,LOEMAN,MOONEE VALLEY,-37.734753,144.92354,2022,5,May,8,Morning Peak,Weekday
T20220010648,2022-05-02,07:25:00,1,Collision with vehicle,1,Monday,130,REAR END(VEHICLES IN SAME LANE),2,136313,Not at intersection,3,80,Freeway,WEST GATE,HOBSONS BAY,-37.825394,144.83707,2022,5,May,7,Morning Peak,Weekday
T20220009813,2022-05-02,13:25:00,1,Collision with vehicle,1,Monday,133,LANE SIDE SWIPE (VEHICLES IN PARALLEL LANES),1,716315,Not at intersection,3,80,Arterial Highway,PRINCES,LATROBE,-38.225903,146.4643,2022,5,May,13,Midday,Weekday
T20220009812,2022-05-02,10:07:00,4,Collision with a fixed object,1,Monday,173,RIGHT OFF CARRIAGEWAY INTO OBJECT/PARKED VEHICLE,1,718436,T intersection,3,50,Local Road,DESTINATION,HUME,-37.614517,144.88873,2022,5,May,10,Midday,Weekday
T20220009809,2022-05-02,13:31:00,1,Collision with vehicle,1,Monday,110,CROSS TRAFFIC(INTERSECTIONS ONLY),1,53502,Cross intersection,3,80,Arterial Other,CURR,CAMPASPE,-36.3988,144.98236,2022,5,May,13,Midday,Weekday
T20220012743,2022-05-02,17:41:00,1,Collision with vehicle,1,Monday,140,U TURN,2,718178,Not at intersection,3,60,Arterial Other,CAMBERWELL,BOROONDARA,-37.837173,145.06346,2022,5,May,17,Afternoon Peak,Weekday
T20220009797,2022-05-02,09:43:00,1,Collision with vehicle,1,Monday,160,VEHICLE COLLIDES WITH VEHICLE PARKED ON LEFT OF ROAD,1,716394,Not at intersection,3,50,Arterial Other,BELGRAVE-GEMBROOK,YARRA RANGES,-37.910873,145.357,2022,5,May,9,Morning Peak,Weekday
T20220009796,2022-05-02,08:50:00,1,Collision with vehicle,1,Monday,148,VEHICLE OFF FOOTPATH STRIKES VEH ON CARRIAGEWAY,1,711308,Not at intersection,3,50,Local Road,PAUL,CARDINIA,-38.002968,145.41151,2022,5,May,8,Morning Peak,Weekday
T20220009793,2022-05-02,06:45:00,1,Collision with vehicle,1,Monday,113,RIGHT NEAR (INTERSECTIONS ONLY),2,755557,T intersection,2,70,Local Road,THAMES,WYNDHAM,-37.88106,144.66344,2022,5,May,6,Morning Peak,Weekday