ACCIDENT_NO,ACCIDENT_DATE,ACCIDENT_TIME,ACCIDENT_TYPE,ACCIDENT_TYPE_DESC,DAY_OF_WEEK,DAY_WEEK_DESC,DCA_CODE,DCA_DESC,LIGHT_CONDITION,NODE_ID,ROAD_GEOMETRY_DESC,SEVERITY,SPEED_ZONE,RMA,ROAD_NAME,LGA_NAME,LATITUDE,LONGITUDE,YEAR,MONTH,MONTH_NAME,HOUR,TIME_PERIOD,DAY_TYPE
T20220009790,2022-05-02,08:10:00,1,Collision with vehicle,1,Monday,130,REAR END(VEHICLES IN SAME LANE),1,711306,Not at intersection,3,100,Freeway,HUME,WHITTLESEA,-37.648148,144.99075,2022,5,May,8,Morning Peak,Weekday
T20220011531,2022-05-02,20:30:00,2,Struck Pedestrian,1,Monday,109,ANY MANOEUVRE INVOLVING PED NOT INCLUDED IN DCAs 100-108.,5,713447,Not at intersection,3,40,Local Road,MARKET,PORT PHILLIP,-37.82909,144.96106,2022,5,May,20,Night,Weekday
T20220009787,2022-05-02,09:05:00,2,Struck Pedestrian,1,Monday,100,PED NEAR SIDE. PED HIT BY VEHICLE FROM THE RIGHT.,1,713661,Not at intersection,2,60,Local Road,FENTON,MOONEE VALLEY,-37.77453,144.92796,2022,5,May,9,Morning Peak,Weekday
T20220009786,2022-05-02,08:51:00,1,Collision with vehicle,1,Monday,121,RIGHT THROUGH,1,355748,T intersection,2,60,Arterial Other,PEEL,MELBOURNE,-37.80495,144.95628,2022,5,May,8,Morning Peak,Weekday
T20220009784,2022-05-02,07:30:00,1,Collision with vehicle,1,Monday,121,RIGHT THROUGH,1,780078,T intersection,3,80,Arterial Highway,SPRINGVALE,KINGSTON,-38.024952,145.13391,2022,5,May,7,Morning Peak,Weekday
T20220009782,2022-05-02,07:05:00,1,Collision with vehicle,1,Monday,131,LEFT REAR,1,335706,Cross intersection,3,60,Arterial Other,HALLAM,CASEY,-38.02847,145.26877,2022,5,May,7,Morning Peak,Weekday
T20220009779,2022-05-02,06:10:00,1,Collision with vehicle,1,Monday,134,LANE CHANGE RIGHT (NOT OVERTAKING),3,711305,Not at intersection,3,60,Arterial Other,SPENCER,MELBOURNE,-37.805515,144.9434,2022,5,May,6,Morning Peak,Weekday
T20220009839,2022-05-02,17:04:00,2,Struck Pedestrian,1,Monday,100,PED NEAR SIDE. PED HIT BY VEHICLE FROM THE RIGHT.,1,37724,Cross intersection,3,40,Arterial Other,HIGH,STONNINGTON,-37.852276,144.99648,2022,5,May,17,Afternoon Peak,Weekday
T20220009838,2022-05-02,14:07:00,2,Struck Pedestrian,1,Monday,100,PED NEAR SIDE. PED HIT BY VEHICLE FROM THE RIGHT.,1,716984,T intersection,2,60,Local Road,STAUGHTON,MELTON,-37.704308,144.57472,2022,5,May,14,Midday,Weekday
T20220009775,2022-05-02,02:13:00,4,Collision with a fixed object,1,Monday,173,RIGHT OFF CARRIAGEWAY INTO OBJECT/PARKED VEHICLE,3,728717,Not at intersection,2,80,Arterial Highway,PRINCES,DANDENONG,-37.972885,145.20114,2022,5,May,2,Late Night,Weekday
T20220011676,2022-05-03,15:45:00,1,Collision with vehicle,2,Tuesday,121,RIGHT THROUGH,1,35656,Cross intersection,3,70,Arterial Highway,NEPEAN,MORNINGTON PENINSULA,-38.22965,145.04494,2022,5,May,15,Afternoon Peak,Weekday
T20220012236,2022-05-03,08:30:00,1,Collision with vehicle,2,Tuesday,135,LANE CHANGE LEFT (NOT OVERTAKING),1,713807,Not at intersection,3,80,Freeway,MONASH,MONASH,-37.886436,145.10796,2022,5,May,8,Morning Peak,Weekday
T20220010218,2022-05-03,17:45:00,1,Collision with vehicle,2,Tuesday,130,REAR END(VEHICLES IN SAME LANE),2,37542,T intersection,3,60,Arterial Other,BEACONSFIELD,PORT PHILLIP,-37.85238,144.95805,2022,5,May,17,Afternoon Peak,Weekday
T20220011981,2022-05-03,08:00:00,1,Collision with vehicle,2,Tuesday,130,REAR END(VEHICLES IN SAME LANE),9,45413,T intersection,3,60,Arterial Other,PASCOE VALE,MOONEE VALLEY,-37.759914,144.92615,2022,5,May,8,Morning Peak,Weekday
T20220010468,2022-05-03,14:30:00,8,No collision and no object struck,2,Tuesday,179,OTHER ACCIDENTS-OFF STRAIGHT NOT INCLUDED IN DCAs 170-175,1,718441,Not at intersection,3,80,Arterial Other,MELBOURNE-LANCEFIELD,HUME,-37.599586,144.76126,2022,5,May,14,Midday,Weekday
T20220011614,2022-05-03,09:30:00,1,Collision with vehicle,2,Tuesday,130,REAR END(VEHICLES IN SAME LANE),1,724212,Not at intersection,3,80,Arterial Highway,NEPEAN,BAYSIDE,-37.923206,145.02478,2022,5,May,9,Morning Peak,Weekday
T20230017466,2022-05-03,08:02:00,1,Collision with vehicle,2,Tuesday,112,LEFT FAR (INTERSECTIONS ONLY),1,309218,Cross intersection,3,60,Arterial Highway,PRINCES,DANDENONG,-37.93314,145.15654,2022,5,May,8,Morning Peak,Weekday
T20220018129,2022-05-03,08:10:00,1,Collision with vehicle,2,Tuesday,130,REAR END(VEHICLES IN SAME LANE),1,784984,T intersection,3,60,Freeway,2996R 5168B,DANDENONG,-38.011173,145.18756,2022,5,May,8,Morning Peak,Weekday
T20220012917,2022-05-03,16:00:00,1,Collision with vehicle,2,Tuesday,111,RIGHT FAR (INTERSECTIONS ONLY),1,43893,Cross intersection,3,80,Arterial Highway,SOUTH GIPPSLAND,CASEY,-38.09988,145.28296,2022,5,May,16,Afternoon Peak,Weekday
T20220009931,2022-05-03,15:40:00,2,Struck Pedestrian,2,Tuesday,100,PED NEAR SIDE. PED HIT BY VEHICLE FROM THE RIGHT.,1,42941,Cross intersection,2,40,Local Road,DOUGLAS,DANDENONG,-37.96725,145.17616,2022,5,May,15,Afternoon Peak,Weekday
T20220009873,2022-05-03,04:33:00,4,Collision with a fixed object,2,Tuesday,179,OTHER ACCIDENTS-OFF STRAIGHT NOT INCLUDED IN DCAs 170-175,3,723134,Not at intersection,2,50,Arterial Other,BRIDGE,BENDIGO,-36.75227,144.28389,2022,5,May,4,Late Night,Weekday
T20220009875,2022-05-03,06:35:00,1,Collision with vehicle,2,Tuesday,110,CROSS TRAFFIC(INTERSECTIONS ONLY),2,612138,Cross intersection,3,80,Arterial Highway,LAKESIDE,KNOX,-37.91256,145.23618,2022,5,May,6,Morning Peak,Weekday
T20220009878,2022-05-03,06:34:00,4,Collision with a fixed object,2,Tuesday,171,LEFT OFF CARRIAGEWAY INTO OBJECT/PARKED VEHICLE,2,716398,Not at intersection,3,80,Local Road,BELLS,BALLARAT,-37.60371,143.79161,2022,5,May,6,Morning Peak,Weekday
T20220009882,2022-05-03,07:50:00,1,Collision with vehicle,2,Tuesday,130,REAR END(VEHICLES IN SAME LANE),1,711473,Not at intersection,2,50,Arterial Other,MCLEOD,KINGSTON,-38.071712,145.13525,2022,5,May,7,Morning Peak,Weekday
T20220009885,2022-05-03,08:45:00,1,Collision with vehicle,2,Tuesday,160,VEHICLE COLLIDES WITH VEHICLE PARKED ON LEFT OF ROAD,1,711846,Not at intersection,2,50,Local Road,HITCHCOCK,GEELONG,-38.27542,144.49283,2022,5,May,8,Morning Peak,Weekday
T20220009886,2022-05-03,09:13:00,1,Collision with vehicle,2,Tuesday,110,CROSS TRAFFIC(INTERSECTIONS ONLY),1,668259,Cross intersection,3,60,Local Road,WILLIAM THWAITES,CASEY,-38.076454,145.3163,2022,5,May,9,Morning Peak,Weekday
T20220010796,2022-05-03,10:00:00,2,Struck Pedestrian,2,Tuesday,106,VEH STRIKES PED ON FOOTPATH/MEDIAN/TRAFFIC ISLAND.,1,727212,Not at intersection,3,60,Arterial Other,ST KILDA,BAYSIDE,-37.90467,144.98825,2022,5,May,10,Midday,Weekday
T20220009889,2022-05-03,09:57:00,1,Collision with vehicle,2,Tuesday,147,VEHICLE STRIKES ANOTHER VEH WHILE EMERGING FROM DRIVEWAY,1,781728,Not at intersection,3,60,Arterial Other,HIGH,WHITTLESEA,-37.65511,145.02151,2022,5,May,9,Morning Peak,Weekday
T20220009890,2022-05-03,08:43:00,1,Collision with vehicle,2,Tuesday,160,VEHICLE COLLIDES WITH VEHICLE PARKED ON LEFT OF ROAD,1,712577,Not at intersection,2,50,Local Road,HUGHES,DAREBIN,-37.69655,144.99176,2022,5,May,8,Morning Peak,Weekday
T20220009900,2022-05-03,11:30:00,1,Collision with vehicle,2,Tuesday,147,VEHICLE STRIKES ANOTHER VEH WHILE EMERGING FROM DRIVEWAY,1,774545,Not at intersection,3,50,Local Road,DAWSON,MORELAND,-37.731564,144.9583,2022,5,May,11,Midday,Weekday
T20220009912,2022-05-03,12:18:00,1,Collision with vehicle,2,Tuesday,160,VEHICLE COLLIDES WITH VEHICLE PARKED ON LEFT OF ROAD,1,713266,Not at intersection,3,60,Local Road,ORRONG,GLEN EIRA,-37.882015,145.0064,2022,5,May,12,Midday,Weekday
T20220009915,2022-05-03,13:02:00,1,Collision with vehicle,2,Tuesday,110,CROSS TRAFFIC(INTERSECTIONS ONLY),1,60036,Cross intersection,3,50,Arterial Highway,NAPIER,CENTRAL GOLDFIELDS,-37.04839,143.739,2022,5,May,13,Midday,Weekday
T20220009916,2022-05-03,07:00:00,1,Collision with vehicle,2,Tuesday,113,RIGHT NEAR (INTERSECTIONS ONLY),1,727123,Cross intersection,3,80,Arterial Other,DONNYBROOK,HUME,-37.539276,144.9376,2022,5,May,7,Morning Peak,Weekday
T20220009917,2022-05-03,08:35:00,1,Collision with vehicle,2,Tuesday,110,CROSS TRAFFIC(INTERSECTIONS ONLY),1,51081,Cross intersection,3,50,Local Road,MAUDE,SHEPPARTON,-36.386703,145.39967,2022,5,May,8,Morning Peak,Weekday
T20220009920,2022-05-03,08:00:00,1,Collision with vehicle,2,Tuesday,145,REVERSING IN STREAM OF TRAFFIC,1,774685,Not at intersection,3,60,Local Road,QUARRY,FRANKSTON,-38.137447,145.19244,2022,5,May,8,Morning Peak,Weekday
T20220009928,2022-05-03,13:00:00,1,Collision with vehicle,2,Tuesday,135,LANE CHANGE LEFT (NOT OVERTAKING),1,353827,T intersection,2,60,Arterial Other,HAMPSTEAD,MARIBYRNONG,-37.77907,144.87479,2022,5,May,13,Midday,Weekday
T20220009936,2022-05-03,09:40:00,1,Collision with vehicle,2,Tuesday,120,HEAD ON (NOT OVERTAKING),1,781753,Not at intersection,3,100,Arterial Highway,SOUTH GIPPSLAND,SOUTH GIPPSLAND,-38.446857,145.84818,2022,5,May,9,Morning Peak,Weekday
T20220009941,2022-05-03,13:30:00,1,Collision with vehicle,2,Tuesday,130,REAR END(VEHICLES IN SAME LANE),1,716399,Not at intersection,3,50,Arterial Other,JOHNSTONE,HUME,-37.684494,144.9153,2022,5,May,13,Midday,Weekday
T20220009944,2022-05-03,18:35:00,6,Vehicle overturned (no collision),2,Tuesday,174,OUT OF CONTROL ON CARRIAGEWAY (ON STRAIGHT),3,711631,T intersection,2,40,Local Road,LENNOX,YARRA,-37.81425,144.99525,2022,5,May,18,Afternoon Peak,Weekday
T20220009948,2022-05-03,18:18:00,1,Collision with vehicle,2,Tuesday,130,REAR END(VEHICLES IN SAME LANE),3,716400,Not at intersection,3,80,Freeway,PRINCES,HOBSONS BAY,-37.830887,144.8137,2022,5,May,18,Afternoon Peak,Weekday
T20220009949,2022-05-03,03:45:00,1,Collision with vehicle,2,Tuesday,113,RIGHT NEAR (INTERSECTIONS ONLY),3,359600,T intersection,2,80,Arterial Highway,DANDENONG,MONASH,-37.89637,145.09851,2022,5,May,3,Late Night,Weekday
T20220009952,2022-05-03,19:39:00,1,Collision with vehicle,2,Tuesday,135,LANE CHANGE LEFT (NOT OVERTAKING),3,716396,Not at intersection,3,40,Freeway,WEST GATE,HOBSONS BAY,-37.824432,144.86581,2022,5,May,19,Night,Weekday
T20220009953,2022-05-03,18:20:00,1,Collision with vehicle,2,Tuesday,121,RIGHT THROUGH,3,64880,T intersection,2,40,Local Road,ELDRIDGE,MARIBYRNONG,-37.79103,144.89256,2022,5,May,18,Afternoon Peak,Weekday
T20220009954,2022-05-03,22:08:00,1,Collision with vehicle,2,Tuesday,110,CROSS TRAFFIC(INTERSECTIONS ONLY),3,53464,Cross intersection,2,80,Arterial Highway,SPRINGVALE,DANDENONG,-37.982437,145.14616,2022,5,May,22,Night,Weekday
T20220009960,2022-05-03,22:09:00,1,Collision with vehicle,2,Tuesday,134,LANE CHANGE RIGHT (NOT OVERTAKING),5,715698,Not at intersection,2,80,Freeway,PENINSULA LINK,FRANKSTON,-38.0938,145.1533,2022,5,May,22,Night,Weekday
T20220009965,2022-05-03,09:00:00,1,Collision with vehicle,2,Tuesday,130,REAR END(VEHICLES IN SAME LANE),1,778727,Not at intersection,3,100,Freeway,WESTERN RING,BRIMBANK,-37.752697,144.8291,2022,5,May,9,Morning Peak,Weekday
T20220009966,2022-05-03,12:44:00,1,Collision with vehicle,2,Tuesday,120,HEAD ON (NOT OVERTAKING),1,711527,Y intersection,2,60,Local Road,VAUGHAN SPRINGS,MOUNT ALEXANDER,-37.12961,144.17857,2022,5,May,12,Midday,Weekday
T20220013950,2022-05-03,18:00:00,1,Collision with vehicle,2,Tuesday,142,LEAVING PARKING,3,715979,Not at intersection,3,40,Local Road,MAIN,BANYULE,-37.704334,145.10284,2022,5,May,18,Afternoon Peak,Weekday
T20220009999,2022-05-03,11:35:00,8,No collision and no object struck,2,Tuesday,180,OFF CARRIAGEWAY ON RIGHT BEND,1,711635,Not at intersection,2,60,Arterial Other,WARBURTON-WOODS POINT,YARRA RANGES,-37.565296,145.91689,2022,5,May,11,Midday,Weekday
T20220010152,2022-05-04,16:45:00,1,Collision with vehicle,3,Wednesday,130,REAR END(VEHICLES IN SAME LANE),1,775199,Not at intersection,3,60,Local Road,ROSSACK,GEELONG,-38.201042,144.31165,2022,5,May,16,Afternoon Peak,Weekday
T20220010029,2022-05-04,17:05:00,1,Collision with vehicle,3,Wednesday,130,REAR END(VEHICLES IN SAME LANE),2,711530,Not at intersection,3,80,Arterial Other,PRINCES,CASEY,-38.02933,145.32977,2022,5,May,17,Afternoon Peak,Weekday
T20220010073,2022-05-04,16:50:00,1,Collision with vehicle,3,Wednesday,129,OTHER OPPOSING MANOEUVRES NOT INCLUDED IN DCAs 120-125.,1,720864,Not at intersection,3,100,Arterial Other,DONALD-MURTOA,YARRIAMBIACK,-36.4762,142.51909,2022,5,May,16,Afternoon Peak,Weekday
T20220009970,2022-05-04,08:49:00,1,Collision with vehicle,3,Wednesday,130,REAR END(VEHICLES IN SAME LANE),1,711413,Not at intersection,3,60,Arterial Other,LA TROBE,BALLARAT,-37.572067,143.83073,2022,5,May,8,Morning Peak,Weekday
T20220010084,2022-05-04,17:48:00,1,Collision with vehicle,3,Wednesday,130,REAR END(VEHICLES IN SAME LANE),3,711978,Not at intersection,3,80,Arterial Other,COOPER,WHITTLESEA,-37.647568,144.98595,2022,5,May,17,Afternoon Peak,Weekday
T20220009969,2022-05-04,09:14:00,4,Collision with a fixed object,3,Wednesday,183,OFF LEFT BEND INTO OBJECT/PARKED VEHICLE,1,712492,Not at intersection,3,60,Arterial Other,BACCHUS MARSH,MOORABOOL,-37.687996,144.46828,2022,5,May,9,Morning Peak,Weekday
T20220009964,2022-05-04,05:50:00,1,Collision with vehicle,3,Wednesday,110,CROSS TRAFFIC(INTERSECTIONS ONLY),3,29400,Cross intersection,2,60,Arterial Highway,ALEXANDRA,MELBOURNE,-37.793045,144.97572,2022,5,May,5,Morning Peak,Weekday
T20220010091,2022-05-04,18:00:00,1,Collision with vehicle,3,Wednesday,130,REAR END(VEHICLES IN SAME LANE),2,712276,Not at intersection,3,60,Arterial Highway,SETTLEMENT,GEELONG,-38.17927,144.35127,2022,5,May,18,Afternoon Peak,Weekday
T20220009958,2022-05-04,00:24:00,4,Collision with a fixed object,3,Wednesday,173,RIGHT OFF CARRIAGEWAY INTO OBJECT/PARKED VEHICLE,3,774546,Not at intersection,2,60,Arterial Other,PASCOE VALE,MOONEE VALLEY,-37.74566,144.9263,2022,5,May,0,Late Night,Weekday
T20220010168,2022-05-04,08:10:00,1,Collision with vehicle,3,Wednesday,110,CROSS TRAFFIC(INTERSECTIONS ONLY),1,44220,Cross intersection,3,60,Arterial Other,HIGH,WHITTLESEA,-37.640488,145.02657,2022,5,May,8,Morning Peak,Weekday
T20220010030,2022-05-04,17:20:00,1,Collision with vehicle,3,Wednesday,116,LEFT NEAR (INTERSECTIONS ONLY),2,59414,Multiple intersection,2,60,Arterial Highway,MILL STREET -NORTH WESTERN,NORTHERN GRAMPIANS,-36.612347,143.25461,2022,5,May,17,Afternoon Peak,Weekday
T20220011092,2022-05-04,18:00:00,2,Struck Pedestrian,3,Wednesday,100,PED NEAR SIDE. PED HIT BY VEHICLE FROM THE RIGHT.,3,713667,Cross intersection,3,60,Arterial Other,COMMERCIAL,STONNINGTON,-37.8457,144.98509,2022,5,May,18,Afternoon Peak,Weekday
T20220012084,2022-05-04,09:16:00,4,Collision with a fixed object,3,Wednesday,171,LEFT OFF CARRIAGEWAY INTO OBJECT/PARKED VEHICLE,1,713692,T intersection,3,50,Local Road,BANKSIA,BANYULE,-37.75757,145.04947,2022,5,May,9,Morning Peak,Weekday
T20220010129,2022-05-04,18:09:00,1,Collision with vehicle,3,Wednesday,130,REAR END(VEHICLES IN SAME LANE),9,711713,Not at intersection,3,60,Local Road,PLEASANT,BALLARAT,-37.564953,143.83807,2022,5,May,18,Afternoon Peak,Weekday
T20220010032,2022-05-04,17:05:00,4,Collision with a fixed object,3,Wednesday,173,RIGHT OFF CARRIAGEWAY INTO OBJECT/PARKED VEHICLE,2,784986,Not at intersection,2,70,Arterial Other,DALTON,WHITTLESEA,-37.682564,145.02948,2022,5,May,17,Afternoon Peak,Weekday
T20220009991,2022-05-04,12:27:00,4,Collision with a fixed object,3,Wednesday,181,OFF RIGHT BEND INTO OBJECT/PARKED VEHICLE,1,716403,Not at intersection,3,100,Arterial Other,TARWIN LOWER,SOUTH GIPPSLAND,-38.684105,145.88231,2022,5,May,12,Midday,Weekday
T20220010872,2022-05-04,17:15:00,1,Collision with vehicle,3,Wednesday,130,REAR END(VEHICLES IN SAME LANE),2,726237,Not at intersection,3,80,Arterial Other,THOMPSONS,CASEY,-38.08029,145.26064,2022,5,May,17,Afternoon Peak,Weekday
T20220010103,2022-05-04,18:50:00,4,Collision with a fixed object,3,Wednesday,173,RIGHT OFF CARRIAGEWAY INTO OBJECT/PARKED VEHICLE,3,716404,Not at intersection,3,60,Arterial Highway,MAROONDAH,MAROONDAH,-37.81301,145.2346,2022,5,May,18,Afternoon Peak,Weekday
T20220010015,2022-05-04,12:00:00,1,Collision with vehicle,3,Wednesday,110,CROSS TRAFFIC(INTERSECTIONS ONLY),9,716410,Cross intersection,3,80,Local Road,SPARKS,GEELONG,-38.091476,144.3567,2022,5,May,12,Midday,Weekday
T20220010211,2022-05-04,18:15:00,2,Struck Pedestrian,3,Wednesday,102,FAR SIDE. PED HIT BY VEHICLE FROM THE LEFT,2,716987,T intersection,3,50,Local Road,POWELL,MARIBYRNONG,-37.813175,144.8858,2022,5,May,18,Afternoon Peak,Weekday
T20220010034,2022-05-04,16:50:00,4,Collision with a fixed object,3,Wednesday,171,LEFT OFF CARRIAGEWAY INTO OBJECT/PARKED VEHICLE,2,716407,Not at intersection,3,100,Local Road,SEVEN MILE,CARDINIA,-38.14632,145.55664,2022,5,May,16,Afternoon Peak,Weekday
T20220010035,2022-05-04,18:10:00,1,Collision with vehicle,3,Wednesday,113,RIGHT NEAR (INTERSECTIONS ONLY),3,40968,T intersection,2,60,Arterial Other,SCORESBY,KNOX,-37.848423,145.26938,2022,5,May,18,Afternoon Peak,Weekday
T20220010038,2022-05-04,19:00:00,1,Collision with vehicle,3,Wednesday,160,VEHICLE COLLIDES WITH VEHICLE PARKED ON LEFT OF ROAD,3,712493,Not at intersection,3,50,Local Road,FISCHER,SURF COAST,-38.324245,144.32414,2022,5,May,19,Night,Weekday
T20220011147,2022-05-04,17:30:00,1,Collision with vehicle,3,Wednesday,130,REAR END(VEHICLES IN SAME LANE),6,712622,Not at intersection,3,60,Arterial Highway,BELL,MORELAND,-37.740215,144.95541,2022,5,May,17,Afternoon Peak,Weekday
T20220010040,2022-05-04,15:00:00,1,Collision with vehicle,3,Wednesday,139,OTHER SAME DIRECTION-MANOUEVRES NOT INCLUDED IN DCAs 130-137,1,36198,T intersection,2,60,Arterial Other,DUDLEY,MELBOURNE,-37.80848,144.95493,2022,5,May,15,Afternoon Peak,Weekday
T20220010041,2022-05-04,17:59:00,1,Collision with vehicle,3,Wednesday,113,RIGHT NEAR (INTERSECTIONS ONLY),2,41842,T intersection,3,60,Local Road,SOUTH,MORELAND,-37.713898,144.9371,2022,5,May,17,Afternoon Peak,Weekday
T20220011467,2022-05-04,06:00:00,4,Collision with a fixed object,3,Wednesday,173,RIGHT OFF CARRIAGEWAY INTO OBJECT/PARKED VEHICLE,5,787137,Not at intersection,2,100,Arterial Highway,NORTHERN,CAMPASPE,-36.643635,144.65317,2022,5,May,6,Morning Peak,Weekday
T20220010042,2022-05-04,15:54:00,1,Collision with vehicle,3,Wednesday,130,REAR END(VEHICLES IN SAME LANE),1,40579,T intersection,3,60,Arterial Highway,WARRIGAL,BOROONDARA,-37.861374,145.09366,2022,5,May,15,Afternoon Peak,Weekday
T20220009981,2022-05-04,08:50:00,1,Collision with vehicle,3,Wednesday,152,PULLING OUT (OVERTAKING),1,713877,T intersection,2,100,Arterial Other,BRIDGEWATER,GLENELG,-38.34284,141.55678,2022,5,May,8,Morning Peak,Weekday
T20220010045,2022-05-04,19:41:00,1,Collision with vehicle,3,Wednesday,110,CROSS TRAFFIC(INTERSECTIONS ONLY),3,234112,Cross intersection,3,60,Local Road,BREDT,EAST GIPPSLAND,-37.821003,147.59737,2022,5,May,19,Night,Weekday
T20220010046,2022-05-04,18:20:00,1,Collision with vehicle,3,Wednesday,130,REAR END(VEHICLES IN SAME LANE),3,774547,Not at intersection,3,80,Freeway,WEST GATE,MELBOURNE,-37.827377,144.96237,2022,5,May,18,Afternoon Peak,Weekday
T20220010021,2022-05-04,10:58:00,1,Collision with vehicle,3,Wednesday,121,RIGHT THROUGH,1,44970,Cross intersection,3,60,Arterial Highway,FOSTER,WELLINGTON,-38.111427,147.06577,2022,5,May,10,Midday,Weekday
T20220010047,2022-05-04,08:14:00,1,Collision with vehicle,3,Wednesday,134,LANE CHANGE RIGHT (NOT OVERTAKING),9,715568,Not at intersection,3,40,Arterial Other,CLYDE,CASEY,-38.05836,145.33873,2022,5,May,8,Morning Peak,Weekday
T20220010224,2022-05-04,23:10:00,1,Collision with vehicle,3,Wednesday,130,REAR END(VEHICLES IN SAME LANE),4,711640,Not at intersection,3,40,Freeway,WEST GATE,HOBSONS BAY,-37.824936,144.849,2022,5,May,23,Night,Weekday
T20220010013,2022-05-04,13:30:00,1,Collision with vehicle,3,Wednesday,134,LANE CHANGE RIGHT (NOT OVERTAKING),1,713267,Not at intersection,3,80,Freeway,WEST GATE,HOBSONS BAY,-37.824936,144.849,2022,5,May,13,Midday,Weekday
T20220010009,2022-05-04,14:30:00,1,Collision with vehicle,3,Wednesday,163,VEHICLE STRIKES DOOR OF PARKED/STATIONARY VEHICLE,1,711529,Not at intersection,3,50,Local Road,GLASGOW,DAREBIN,-37.70441,144.99054,2022,5,May,14,Midday,Weekday
T20220010008,2022-05-04,06:10:00,1,Collision with vehicle,3,Wednesday,113,RIGHT NEAR (INTERSECTIONS ONLY),2,40978,T intersection,3,60,Arterial Other,PASCOE VALE,MORELAND,-37.70446,144.91573,2022,5,May,6,Morning Peak,Weekday
T20220010055,2022-05-04,15:00:00,2,Struck Pedestrian,3,Wednesday,102,FAR SIDE. PED HIT BY VEHICLE FROM THE LEFT,1,711532,Cross intersection,3,60,Arterial Other,STATION,BRIMBANK,-37.760075,144.77678,2022,5,May,15,Afternoon Peak,Weekday
T20220010247,2022-05-04,19:00:00,1,Collision with vehicle,3,Wednesday,130,REAR END(VEHICLES IN SAME LANE),4,716409,Not at intersection,3,60,Arterial Highway,WARRIGAL,BOROONDARA,-37.869343,145.09229,2022,5,May,19,Night,Weekday
T20220009995,2022-05-04,09:21:00,1,Collision with vehicle,3,Wednesday,116,LEFT NEAR (INTERSECTIONS ONLY),1,44402,Cross intersection,2,60,Arterial Other,MURRAY,DAREBIN,-37.738804,145.01154,2022,5,May,9,Morning Peak,Weekday
T20220009994,2022-05-04,12:30:00,1,Collision with vehicle,3,Wednesday,130,REAR END(VEHICLES IN SAME LANE),1,714704,Not at intersection,3,80,Arterial Other,BORONIA,KNOX,-37.848442,145.23048,2022,5,May,12,Midday,Weekday
T20220009993,2022-05-04,11:50:00,1,Collision with vehicle,3,Wednesday,110,CROSS TRAFFIC(INTERSECTIONS ONLY),1,39731,Cross intersection,2,50,Local Road,ANDERSON,BRIMBANK,-37.737732,144.8177,2022,5,May,11,Midday,Weekday
T20220009990,2022-05-04,13:00:00,4,Collision with a fixed object,3,Wednesday,173,RIGHT OFF CARRIAGEWAY INTO OBJECT/PARKED VEHICLE,1,715072,Not at intersection,2,80,Arterial Highway,PRINCES,COLAC OTWAY,-38.337692,143.5019,2022,5,May,13,Midday,Weekday
T20220011107,2022-05-04,18:14:00,1,Collision with vehicle,3,Wednesday,132,RIGHT REAR.,3,716988,Not at intersection,3,60,Arterial Other,UPPER HEIDELBERG,BANYULE,-37.757008,145.05461,2022,5,May,18,Afternoon Peak,Weekday
T20220009983,2022-05-04,06:29:00,1,Collision with vehicle,3,Wednesday,120,HEAD ON (NOT OVERTAKING),1,49343,Not at intersection,3,60,Freeway,HIGH,WODONGA,-36.111416,146.8934,2022,5,May,6,Morning Peak,Weekday
T20220009979,2022-05-04,06:30:00,1,Collision with vehicle,3,Wednesday,133,LANE SIDE SWIPE (VEHICLES IN PARALLEL LANES),2,711711,Not at intersection,3,80,Arterial Highway,DINGLEY,KINGSTON,-37.939346,145.08385,2022,5,May,6,Morning Peak,Weekday
T20220010125,2022-05-04,16:00:00,1,Collision with vehicle,3,Wednesday,112,LEFT FAR (INTERSECTIONS ONLY),1,40074,Cross intersection,3,60,Local Road,FITZROY,PORT PHILLIP,-37.86065,144.97589,2022,5,May,16,Afternoon Peak,Weekday
T20220010023,2022-05-04,17:00:00,4,Collision with a fixed object,3,Wednesday,141,U TURN INTO FIXED OBJECT/PARKED VEHICLE,1,711712,Not at intersection,2,50,Local Road,APHRASIA,GEELONG,-38.15023,144.33833,2022,5,May,17,Afternoon Peak,Weekday
T20220011301,2022-05-04,11:00:00,8,No collision and no object struck,3,Wednesday,174,OUT OF CONTROL ON CARRIAGEWAY (ON STRAIGHT),1,712529,Not at intersection,3,40,Local Road,GEORGE,YARRA,-37.80666,144.98051,2022,5,May,11,Midday,Weekday
T20220010069,2022-05-04,07:52:00,1,Collision with vehicle,3,Wednesday,130,REAR END(VEHICLES IN SAME LANE),1,716405,Cross intersection,3,80,Arterial Highway,THOMPSONS,FRANKSTON,-38.07766,145.23944,2022,5,May,7,Morning Peak,Weekday
T20220009977,2022-05-04,08:15:00,4,Collision with a fixed object,3,Wednesday,171,LEFT OFF CARRIAGEWAY INTO OBJECT/PARKED VEHICLE,1,781757,Not at intersection,3,100,Arterial Other,BENDIGO-MALDON,BENDIGO,-36.867294,144.15036,2022,5,May,8,Morning Peak,Weekday
T20220010109,2022-05-05,15:40:00,1,Collision with vehicle,4,Thursday,130,REAR END(VEHICLES IN SAME LANE),1,774550,Not at intersection,3,60,Arterial Highway,NAPIER,BENDIGO,-36.731358,144.30495,2022,5,May,15,Afternoon Peak,Weekday
T20220010107,2022-05-05,14:10:00,4,Collision with a fixed object,4,Thursday,171,LEFT OFF CARRIAGEWAY INTO OBJECT/PARKED VEHICLE,1,776855,T intersection,3,100,Arterial Other,HAMILTON-PORT FAIRY,MOYNE,-37.99056,141.97433,2022,5,May,14,Midday,Weekday
T20220010104,2022-05-05,08:05:00,1,Collision with vehicle,4,Thursday,130,REAR END(VEHICLES IN SAME LANE),1,735030,Not at intersection,2,80,Freeway,CITYLINK,MELBOURNE,-37.800865,144.93665,2022,5,May,8,Morning Peak,Weekday
T20220010101,2022-05-05,10:30:00,1,Collision with vehicle,4,Thursday,113,RIGHT NEAR (INTERSECTIONS ONLY),1,755482,T intersection,2,100,Local Road,DELPRETES,BAW BAW,-38.001152,146.34265,2022,5,May,10,Midday,Weekday