ACCIDENT_NO,ACCIDENT_DATE,ACCIDENT_TIME,ACCIDENT_TYPE,ACCIDENT_TYPE_DESC,DAY_OF_WEEK,DAY_WEEK_DESC,DCA_CODE,DCA_DESC,LIGHT_CONDITION,NODE_ID,ROAD_GEOMETRY_DESC,SEVERITY,SPEED_ZONE,RMA,ROAD_NAME,LGA_NAME,LATITUDE,LONGITUDE,YEAR,MONTH,MONTH_NAME,HOUR,TIME_PERIOD,DAY_TYPE
T20220010095,2022-05-05,06:00:00,1,Collision with vehicle,4,Thursday,121,RIGHT THROUGH,5,716990,Not at intersection,2,70,Arterial Other,HIGH,MELTON,-37.68764,144.60022,2022,5,May,6,Morning Peak,Weekday
T20220010094,2022-05-05,09:00:00,4,Collision with a fixed object,4,Thursday,171,LEFT OFF CARRIAGEWAY INTO OBJECT/PARKED VEHICLE,1,781775,Not at intersection,3,80,Arterial Highway,SOUTH GIPPSLAND,CASEY,-38.061123,145.26385,2022,5,May,9,Morning Peak,Weekday
T20220010093,2022-05-05,12:20:00,1,Collision with vehicle,4,Thursday,120,HEAD ON (NOT OVERTAKING),1,774548,Not at intersection,2,80,Local Road,DIGGERS,WYNDHAM,-37.951836,144.68805,2022,5,May,12,Midday,Weekday
T20220010088,2022-05-05,12:40:00,1,Collision with vehicle,4,Thursday,134,LANE CHANGE RIGHT (NOT OVERTAKING),1,717036,Not at intersection,3,80,Freeway,MONASH,MONASH,-37.893063,145.13396,2022,5,May,12,Midday,Weekday
T20220010085,2022-05-05,09:05:00,1,Collision with vehicle,4,Thursday,130,REAR END(VEHICLES IN SAME LANE),1,774686,Not at intersection,2,80,Arterial Other,PRINCES,CARDINIA,-38.063496,145.43318,2022,5,May,9,Morning Peak,Weekday
T20220010080,2022-05-05,10:37:00,1,Collision with vehicle,4,Thursday,147,VEHICLE STRIKES ANOTHER VEH WHILE EMERGING FROM DRIVEWAY,1,190214,Not at intersection,3,70,Arterial Highway,PLENTY,DAREBIN,-37.710308,145.04907,2022,5,May,10,Midday,Weekday
T20220010074,2022-05-05,09:15:00,1,Collision with vehicle,4,Thursday,110,CROSS TRAFFIC(INTERSECTIONS ONLY),1,322281,Cross intersection,3,100,Local Road,DOHERTYS,WYNDHAM,-37.8135,144.63843,2022,5,May,9,Morning Peak,Weekday
T20220010070,2022-05-05,09:11:00,1,Collision with vehicle,4,Thursday,110,CROSS TRAFFIC(INTERSECTIONS ONLY),1,45604,Cross intersection,2,50,Local Road,DAWSON,MORELAND,-37.770775,144.95485,2022,5,May,9,Morning Peak,Weekday
T20220010064,2022-05-05,07:40:00,2,Struck Pedestrian,4,Thursday,100,PED NEAR SIDE. PED HIT BY VEHICLE FROM THE RIGHT.,1,711636,Not at intersection,3,70,Arterial Highway,MCIVOR,BENDIGO,-36.75856,144.30138,2022,5,May,7,Morning Peak,Weekday
T20220013484,2022-05-05,17:44:00,9,Other accident,4,Thursday,179,OTHER ACCIDENTS-OFF STRAIGHT NOT INCLUDED IN DCAs 170-175,2,42352,Cross intersection,3,60,Arterial Other,CLARINDA,KINGSTON,-37.94067,145.09793,2022,5,May,17,Afternoon Peak,Weekday
T20220010056,2022-05-05,06:20:00,1,Collision with vehicle,4,Thursday,121,RIGHT THROUGH,1,712274,Cross intersection,3,70,Arterial Other,ANDERSONS CREEK,MANNINGHAM,-37.764244,145.17262,2022,5,May,6,Morning Peak,Weekday
T20220011661,2022-05-05,22:00:00,4,Collision with a fixed object,4,Thursday,171,LEFT OFF CARRIAGEWAY INTO OBJECT/PARKED VEHICLE,3,716995,Not at intersection,3,80,Arterial Highway,PRINCES,DANDENONG,-37.977898,145.2067,2022,5,May,22,Night,Weekday
T20220011662,2022-05-05,16:13:00,1,Collision with vehicle,4,Thursday,130,REAR END(VEHICLES IN SAME LANE),1,712880,Not at intersection,3,60,Local Road,STATION,MELTON,-37.697144,144.57617,2022,5,May,16,Afternoon Peak,Weekday
T20220011104,2022-05-05,17:30:00,1,Collision with vehicle,4,Thursday,130,REAR END(VEHICLES IN SAME LANE),3,712355,Not at intersection,3,60,Arterial Other,CENTRE DANDENONG,KINGSTON,-37.96769,145.07437,2022,5,May,17,Afternoon Peak,Weekday
T20220011394,2022-05-05,15:00:00,1,Collision with vehicle,4,Thursday,130,REAR END(VEHICLES IN SAME LANE),1,712874,Not at intersection,3,100,Freeway,MONASH,CASEY,-37.99358,145.26067,2022,5,May,15,Afternoon Peak,Weekday
T20220011007,2022-05-05,10:00:00,1,Collision with vehicle,4,Thursday,110,CROSS TRAFFIC(INTERSECTIONS ONLY),1,45041,Cross intersection,3,60,Arterial Other,SHAKESPEARE STREET -TRARALGON CREEK,LATROBE,-38.201504,146.54456,2022,5,May,10,Midday,Weekday
T20220010196,2022-05-05,15:30:00,1,Collision with vehicle,4,Thursday,130,REAR END(VEHICLES IN SAME LANE),1,351397,Not at intersection,3,60,Arterial Other,PRINCES,BAW BAW,-38.14417,145.89319,2022,5,May,15,Afternoon Peak,Weekday
T20220010193,2022-05-05,22:15:00,1,Collision with vehicle,4,Thursday,134,LANE CHANGE RIGHT (NOT OVERTAKING),3,293498,T intersection,3,60,Arterial Other,ROYAL,MELBOURNE,-37.79707,144.95789,2022,5,May,22,Night,Weekday
T20220010184,2022-05-05,08:35:00,1,Collision with vehicle,4,Thursday,130,REAR END(VEHICLES IN SAME LANE),1,778733,Not at intersection,3,60,Arterial Other,KOROROIT CREEK,HOBSONS BAY,-37.857376,144.88416,2022,5,May,8,Morning Peak,Weekday
T20220011293,2022-05-05,13:00:00,1,Collision with vehicle,4,Thursday,135,LANE CHANGE LEFT (NOT OVERTAKING),1,719312,Not at intersection,3,40,Arterial Other,NICHOLSON,YARRA,-37.807877,144.97319,2022,5,May,13,Midday,Weekday
T20220010127,2022-05-05,17:54:00,2,Struck Pedestrian,4,Thursday,102,FAR SIDE. PED HIT BY VEHICLE FROM THE LEFT,3,40451,T intersection,3,50,Arterial Other,CAMBERWELL,BOROONDARA,-37.837402,145.06372,2022,5,May,17,Afternoon Peak,Weekday
T20220010176,2022-05-05,10:05:00,1,Collision with vehicle,4,Thursday,131,LEFT REAR,1,51864,T intersection,3,60,Arterial Highway,OGILVIE,CAMPASPE,-36.140488,144.76501,2022,5,May,10,Midday,Weekday
T20220010429,2022-05-05,07:35:00,1,Collision with vehicle,4,Thursday,147,VEHICLE STRIKES ANOTHER VEH WHILE EMERGING FROM DRIVEWAY,1,68058,T intersection,3,60,Arterial Other,QUEEN,HOBSONS BAY,-37.87271,144.78307,2022,5,May,7,Morning Peak,Weekday
T20220010423,2022-05-05,09:30:00,4,Collision with a fixed object,4,Thursday,171,LEFT OFF CARRIAGEWAY INTO OBJECT/PARKED VEHICLE,1,717075,Not at intersection,3,80,Local Road,DALRY,YARRA RANGES,-37.758183,145.56973,2022,5,May,9,Morning Peak,Weekday
T20220011598,2022-05-05,12:00:00,1,Collision with vehicle,4,Thursday,110,CROSS TRAFFIC(INTERSECTIONS ONLY),1,43917,Cross intersection,3,80,Arterial Other,CLYDE-FIVE WAYS,CASEY,-38.1335,145.32426,2022,5,May,12,Midday,Weekday
T20220010153,2022-05-05,10:30:00,8,No collision and no object struck,4,Thursday,170,OFF CARRIAGEWAY TO LEFT,1,774687,T intersection,3,50,Local Road,PHILLIP,HUME,-37.568954,144.69592,2022,5,May,10,Midday,Weekday
T20220010150,2022-05-05,23:30:00,4,Collision with a fixed object,4,Thursday,171,LEFT OFF CARRIAGEWAY INTO OBJECT/PARKED VEHICLE,3,725116,Not at intersection,3,80,Arterial Other,BERWICK-CRANBOURNE,CASEY,-38.116737,145.3113,2022,5,May,23,Night,Weekday
T20220010149,2022-05-05,22:52:00,4,Collision with a fixed object,4,Thursday,171,LEFT OFF CARRIAGEWAY INTO OBJECT/PARKED VEHICLE,3,781776,Not at intersection,3,60,Arterial Other,MAIN,BRIMBANK,-37.746857,144.82185,2022,5,May,22,Night,Weekday
T20220010147,2022-05-05,05:15:00,5,collision with some other object,4,Thursday,173,RIGHT OFF CARRIAGEWAY INTO OBJECT/PARKED VEHICLE,3,713770,Not at intersection,3,50,Local Road,DIANNE,HUME,-37.595585,144.92879,2022,5,May,5,Morning Peak,Weekday
T20220010144,2022-05-05,19:50:00,1,Collision with vehicle,4,Thursday,169,OTHER ON PATH,3,711480,Not at intersection,1,50,Local Road,BALDWIN,BRIMBANK,-37.751534,144.8383,2022,5,May,19,Night,Weekday
T20220010142,2022-05-05,22:25:00,1,Collision with vehicle,4,Thursday,121,RIGHT THROUGH,3,717077,Multiple intersection,3,80,Arterial Highway,LOWER DANDENONG,KINGSTON,-37.987446,145.11752,2022,5,May,22,Night,Weekday
T20220010138,2022-05-05,17:35:00,4,Collision with a fixed object,4,Thursday,181,OFF RIGHT BEND INTO OBJECT/PARKED VEHICLE,2,711528,T intersection,1,100,Arterial Other,COLAC-BALLARAT,COLAC OTWAY,-38.27033,143.63116,2022,5,May,17,Afternoon Peak,Weekday
T20220010137,2022-05-05,21:20:00,1,Collision with vehicle,4,Thursday,121,RIGHT THROUGH,3,50083,Cross intersection,2,60,Local Road,BARWON,GEELONG,-38.165897,144.36066,2022,5,May,21,Night,Weekday
T20220010061,2022-05-05,08:15:00,2,Struck Pedestrian,4,Thursday,107,PED ON FOOTHPATH STRUCK BY VEHENTERING/LEAVING DRIVEWAY.,1,712578,Not at intersection,2,60,Arterial Other,ST ALBANS,BRIMBANK,-37.747417,144.80234,2022,5,May,8,Morning Peak,Weekday
T20220012830,2022-05-05,11:00:00,1,Collision with vehicle,4,Thursday,130,REAR END(VEHICLES IN SAME LANE),1,717034,Not at intersection,3,80,Arterial Other,BELGRAVE-HALLAM,YARRA RANGES,-37.950375,145.34949,2022,5,May,11,Midday,Weekday
T20220010124,2022-05-05,15:50:00,1,Collision with vehicle,4,Thursday,130,REAR END(VEHICLES IN SAME LANE),1,50310,Cross intersection,3,80,Arterial Other,ANGLESEA,SURF COAST,-38.27983,144.2706,2022,5,May,15,Afternoon Peak,Weekday
T20220010761,2022-05-05,09:25:00,1,Collision with vehicle,4,Thursday,110,CROSS TRAFFIC(INTERSECTIONS ONLY),1,37567,Cross intersection,3,40,Local Road,NIMMO,PORT PHILLIP,-37.84987,144.96246,2022,5,May,9,Morning Peak,Weekday
T20220010123,2022-05-05,15:00:00,2,Struck Pedestrian,4,Thursday,100,PED NEAR SIDE. PED HIT BY VEHICLE FROM THE RIGHT.,1,711903,Not at intersection,3,40,Local Road,MAIR,BALLARAT,-37.55848,143.84714,2022,5,May,15,Afternoon Peak,Weekday
T20220010121,2022-05-05,17:00:00,1,Collision with vehicle,4,Thursday,113,RIGHT NEAR (INTERSECTIONS ONLY),2,53302,Cross intersection,3,70,Arterial Highway,NORTH,MONASH,-37.91429,145.12431,2022,5,May,17,Afternoon Peak,Weekday
T20220012864,2022-05-05,16:37:00,1,Collision with vehicle,4,Thursday,130,REAR END(VEHICLES IN SAME LANE),1,714438,Not at intersection,3,70,Arterial Highway,SETTLEMENT,GEELONG,-38.176952,144.3519,2022,5,May,16,Afternoon Peak,Weekday
T20220010116,2022-05-05,16:56:00,2,Struck Pedestrian,4,Thursday,101,PED EMERGES FROM IN FRONT OF PARKED OR STATIONARY VEHICLE,1,711902,Not at intersection,3,60,Arterial Other,GLENFERN,KNOX,-37.898792,145.29451,2022,5,May,16,Afternoon Peak,Weekday
T20220010115,2022-05-05,15:00:00,1,Collision with vehicle,4,Thursday,130,REAR END(VEHICLES IN SAME LANE),1,44224,Cross intersection,3,60,Arterial Other,HIGH,WHITTLESEA,-37.648518,145.02585,2022,5,May,15,Afternoon Peak,Weekday
T20220010112,2022-05-05,14:35:00,1,Collision with vehicle,4,Thursday,121,RIGHT THROUGH,1,716991,Cross intersection,3,70,Arterial Other,CANTERBURY,MAROONDAH,-37.827995,145.28215,2022,5,May,14,Midday,Weekday
T20220010111,2022-05-05,16:00:00,2,Struck Pedestrian,4,Thursday,103,PED PLAYING/LYING/WORKING/STANDING ON CARRIAGEWAY.,1,711979,Not at intersection,2,40,Arterial Other,DRUMMOND,BALLARAT,-37.559593,143.84767,2022,5,May,16,Afternoon Peak,Weekday
T20220010213,2022-05-06,14:13:00,1,Collision with vehicle,5,Friday,110,CROSS TRAFFIC(INTERSECTIONS ONLY),1,36192,Cross intersection,3,60,Local Road,CAPEL,MELBOURNE,-37.803707,144.95552,2022,5,May,14,Midday,Weekday
T20220010214,2022-05-06,19:40:00,6,Vehicle overturned (no collision),5,Friday,174,OUT OF CONTROL ON CARRIAGEWAY (ON STRAIGHT),5,713029,Not at intersection,2,100,Local Road,LEARMONTH,HEPBURN,-37.317116,143.76886,2022,5,May,19,Night,Weekday
T20220010216,2022-05-06,19:36:00,1,Collision with vehicle,5,Friday,121,RIGHT THROUGH,3,715572,Cross intersection,3,50,Arterial Other,CRAIGIEBURN,HUME,-37.591663,144.8946,2022,5,May,19,Night,Weekday
T20220010156,2022-05-06,08:39:00,1,Collision with vehicle,5,Friday,110,CROSS TRAFFIC(INTERSECTIONS ONLY),1,29993,Cross intersection,3,60,Local Road,ADAIR,BALLARAT,-37.570602,143.83316,2022,5,May,8,Morning Peak,Weekday
T20220010220,2022-05-06,19:00:00,1,Collision with vehicle,5,Friday,130,REAR END(VEHICLES IN SAME LANE),5,717080,Not at intersection,3,80,Freeway,SPRINGVALE-MONASH OUT,MONASH,-37.910587,145.16348,2022,5,May,19,Night,Weekday
T20220010225,2022-05-06,20:19:00,1,Collision with vehicle,5,Friday,160,VEHICLE COLLIDES WITH VEHICLE PARKED ON LEFT OF ROAD,3,41233,Not at intersection,2,60,Local Road,GLEN HUNTLY,GLEN EIRA,-37.885803,145.013,2022,5,May,20,Night,Weekday
T20220010226,2022-05-06,14:40:00,1,Collision with vehicle,5,Friday,173,RIGHT OFF CARRIAGEWAY INTO OBJECT/PARKED VEHICLE,1,773906,Cross intersection,2,60,Arterial Highway,MIDLAND,BALLARAT,-37.650276,143.88405,2022,5,May,14,Midday,Weekday
T20220010230,2022-05-06,22:25:00,4,Collision with a fixed object,5,Friday,171,LEFT OFF CARRIAGEWAY INTO OBJECT/PARKED VEHICLE,3,713734,Not at intersection,2,50,Local Road,OLYMPIC,GEELONG,-38.09094,144.34486,2022,5,May,22,Night,Weekday
T20220010189,2022-05-06,15:40:00,1,Collision with vehicle,5,Friday,134,LANE CHANGE RIGHT (NOT OVERTAKING),1,716684,Not at intersection,3,70,Arterial Other,BALLARAT,BRIMBANK,-37.769535,144.77112,2022,5,May,15,Afternoon Peak,Weekday
T20220010191,2022-05-06,16:11:00,1,Collision with vehicle,5,Friday,111,RIGHT FAR (INTERSECTIONS ONLY),1,711717,T intersection,3,50,Local Road,HARRISON,CARDINIA,-38.058796,145.44057,2022,5,May,16,Afternoon Peak,Weekday
T20220010192,2022-05-06,10:44:00,1,Collision with vehicle,5,Friday,134,LANE CHANGE RIGHT (NOT OVERTAKING),1,712973,Not at intersection,2,80,Freeway,HUME,HUME,-37.53277,144.94687,2022,5,May,10,Midday,Weekday
T20220010246,2022-05-06,18:50:00,1,Collision with vehicle,5,Friday,121,RIGHT THROUGH,3,921,Cross intersection,3,60,Arterial Highway,FRANKSTON-DANDENONG,FRANKSTON,-38.112686,145.1575,2022,5,May,18,Afternoon Peak,Weekday
T20220010194,2022-05-06,16:00:00,1,Collision with vehicle,5,Friday,130,REAR END(VEHICLES IN SAME LANE),1,711981,Not at intersection,3,70,Arterial Other,DONCASTER,MANNINGHAM,-37.787853,145.11652,2022,5,May,16,Afternoon Peak,Weekday
T20220010326,2022-05-06,18:00:00,2,Struck Pedestrian,5,Friday,100,PED NEAR SIDE. PED HIT BY VEHICLE FROM THE RIGHT.,3,711905,T intersection,3,50,Local Road,MACINTOSH,SHEPPARTON,-36.393257,145.4035,2022,5,May,18,Afternoon Peak,Weekday
T20220010195,2022-05-06,06:05:00,1,Collision with vehicle,5,Friday,163,VEHICLE STRIKES DOOR OF PARKED/STATIONARY VEHICLE,3,711718,Not at intersection,3,60,Arterial Other,HIGH,BOROONDARA,-37.80671,145.03104,2022,5,May,6,Morning Peak,Weekday
T20220010741,2022-05-06,08:10:00,1,Collision with vehicle,5,Friday,114,TWO RIGHT TURNING (INTERSECTIONS ONLY),1,63227,T intersection,2,80,Local Road,GREIGS,MELTON,-37.746185,144.61328,2022,5,May,8,Morning Peak,Weekday
T20220010255,2022-05-06,16:35:00,1,Collision with vehicle,5,Friday,130,REAR END(VEHICLES IN SAME LANE),2,774688,Not at intersection,3,60,Local Road,DOWNES,MOUNT ALEXANDER,-37.047085,144.22054,2022,5,May,16,Afternoon Peak,Weekday
T20220010199,2022-05-06,15:25:00,1,Collision with vehicle,5,Friday,130,REAR END(VEHICLES IN SAME LANE),1,719505,Not at intersection,2,70,Arterial Other,BALLARAT,BRIMBANK,-37.77887,144.84587,2022,5,May,15,Afternoon Peak,Weekday
T20220010206,2022-05-06,18:10:00,1,Collision with vehicle,5,Friday,121,RIGHT THROUGH,3,774551,Cross intersection,3,80,Arterial Highway,NEPEAN,MORNINGTON PENINSULA,-38.218716,145.05896,2022,5,May,18,Afternoon Peak,Weekday
T20220010207,2022-05-06,19:30:00,1,Collision with vehicle,5,Friday,110,CROSS TRAFFIC(INTERSECTIONS ONLY),3,349924,Cross intersection,3,70,Arterial Highway,CENTRE,DANDENONG,-37.933105,145.15572,2022,5,May,19,Night,Weekday
T20220010212,2022-05-06,20:17:00,1,Collision with vehicle,5,Friday,130,REAR END(VEHICLES IN SAME LANE),5,711904,Not at intersection,3,80,Arterial Other,HEATHERTON,DANDENONG,-37.972095,145.2335,2022,5,May,20,Night,Weekday
T20220010172,2022-05-06,11:30:00,1,Collision with vehicle,5,Friday,130,REAR END(VEHICLES IN SAME LANE),1,711639,Not at intersection,3,100,Arterial Highway,HUME,HUME,-37.513046,144.95001,2022,5,May,11,Midday,Weekday
T20220017250,2022-05-06,12:20:00,1,Collision with vehicle,5,Friday,137,LEFT TURN SIDESWIPE,1,740648,T intersection,3,40,Local Road,WALKER,STONNINGTON,-37.84823,144.99399,2022,5,May,12,Midday,Weekday
T20220011002,2022-05-06,09:15:00,1,Collision with vehicle,5,Friday,130,REAR END(VEHICLES IN SAME LANE),1,714404,T intersection,3,60,Arterial Other,CANTERBURY,BOROONDARA,-37.82465,145.08641,2022,5,May,9,Morning Peak,Weekday
T20220010231,2022-05-06,22:22:00,1,Collision with vehicle,5,Friday,160,VEHICLE COLLIDES WITH VEHICLE PARKED ON LEFT OF ROAD,3,718440,Not at intersection,3,50,Local Road,ELEVATION,HUME,-37.59894,144.89444,2022,5,May,22,Night,Weekday
T20220010721,2022-05-06,21:09:00,1,Collision with vehicle,5,Friday,121,RIGHT THROUGH,3,323886,Multiple intersection,3,60,Freeway,PLENTY,NILLUMBIK,-37.686226,145.06813,2022,5,May,21,Night,Weekday
T20220010174,2022-05-06,10:30:00,1,Collision with vehicle,5,Friday,121,RIGHT THROUGH,1,49680,Cross intersection,2,60,Arterial Other,BACCHUS MARSH,GEELONG,-38.078438,144.3584,2022,5,May,10,Midday,Weekday
T20220010408,2022-05-06,16:45:00,1,Collision with vehicle,5,Friday,140,U TURN,1,711989,Not at intersection,3,60,Arterial Other,DONCASTER,BOROONDARA,-37.79443,145.0821,2022,5,May,16,Afternoon Peak,Weekday
T20220010175,2022-05-06,13:00:00,1,Collision with vehicle,5,Friday,135,LANE CHANGE LEFT (NOT OVERTAKING),1,712495,Not at intersection,3,80,Freeway,WEST GATE OUT-CITYLINK OUT,MELBOURNE,-37.82582,144.93814,2022,5,May,13,Midday,Weekday
T20220010637,2022-05-06,15:00:00,3,Struck animal,5,Friday,167,STRUCK ANIMAL,9,712282,Not at intersection,3,80,Arterial Highway,NEPEAN,BAYSIDE,-37.91052,145.01274,2022,5,May,15,Afternoon Peak,Weekday
T20220010179,2022-05-06,11:20:00,1,Collision with vehicle,5,Friday,130,REAR END(VEHICLES IN SAME LANE),1,711716,Not at intersection,2,60,Arterial Other,PRINCES,MELBOURNE,-37.79235,144.96922,2022,5,May,11,Midday,Weekday
T20220012132,2022-05-06,06:43:00,1,Collision with vehicle,5,Friday,160,VEHICLE COLLIDES WITH VEHICLE PARKED ON LEFT OF ROAD,2,713804,Not at intersection,3,60,Arterial Other,RIVERSDALE,BOROONDARA,-37.82869,145.03375,2022,5,May,6,Morning Peak,Weekday
T20220010158,2022-05-06,07:05:00,4,Collision with a fixed object,5,Friday,173,RIGHT OFF CARRIAGEWAY INTO OBJECT/PARKED VEHICLE,1,627,Cross intersection,2,70,Arterial Highway,SPRINGVALE,WHITEHORSE,-37.834682,145.17274,2022,5,May,7,Morning Peak,Weekday
T20220010283,2022-05-06,21:49:00,1,Collision with vehicle,5,Friday,121,RIGHT THROUGH,3,301646,Not at intersection,3,60,Arterial Other,DERRIMUT,WYNDHAM,-37.83047,144.69174,2022,5,May,21,Night,Weekday
T20220010286,2022-05-06,21:00:00,2,Struck Pedestrian,5,Friday,102,FAR SIDE. PED HIT BY VEHICLE FROM THE LEFT,3,717079,Cross intersection,3,50,Arterial Other,WERRIBEE,WYNDHAM,-37.904617,144.65558,2022,5,May,21,Night,Weekday
T20220011595,2022-05-06,17:36:00,1,Collision with vehicle,5,Friday,130,REAR END(VEHICLES IN SAME LANE),1,773831,Not at intersection,3,60,Arterial Other,BALLARAT,MARIBYRNONG,-37.784866,144.87387,2022,5,May,17,Afternoon Peak,Weekday
T20220010180,2022-05-06,09:14:00,1,Collision with vehicle,5,Friday,113,RIGHT NEAR (INTERSECTIONS ONLY),1,627736,T intersection,3,80,Arterial Other,DONNYBROOK,HUME,-37.535656,144.90555,2022,5,May,9,Morning Peak,Weekday
T20220010182,2022-05-06,14:50:00,1,Collision with vehicle,5,Friday,130,REAR END(VEHICLES IN SAME LANE),1,712719,Not at intersection,2,60,Local Road,HAMMOND,DANDENONG,-37.995632,145.2094,2022,5,May,14,Midday,Weekday
T20220010300,2022-05-06,13:45:00,1,Collision with vehicle,5,Friday,130,REAR END(VEHICLES IN SAME LANE),1,358550,Cross intersection,3,60,Arterial Other,COLEMAN,KNOX,-37.86104,145.23946,2022,5,May,13,Midday,Weekday
T20220012332,2022-05-06,07:30:00,1,Collision with vehicle,5,Friday,130,REAR END(VEHICLES IN SAME LANE),1,718169,Not at intersection,3,80,Local Road,CARDINIA,CARDINIA,-38.11879,145.42772,2022,5,May,7,Morning Peak,Weekday
T20220010187,2022-05-06,13:00:00,1,Collision with vehicle,5,Friday,160,VEHICLE COLLIDES WITH VEHICLE PARKED ON LEFT OF ROAD,1,713270,Not at intersection,3,60,Arterial Other,HEIDELBERG,DAREBIN,-37.783318,145.0179,2022,5,May,13,Midday,Weekday
T20220011973,2022-05-06,18:00:00,1,Collision with vehicle,5,Friday,147,VEHICLE STRIKES ANOTHER VEH WHILE EMERGING FROM DRIVEWAY,9,715227,Not at intersection,3,50,Local Road,LAUNDER,BOROONDARA,-37.823647,145.038,2022,5,May,18,Afternoon Peak,Weekday
T20220010188,2022-05-06,13:10:00,1,Collision with vehicle,5,Friday,116,LEFT NEAR (INTERSECTIONS ONLY),1,38827,T intersection,2,40,Local Road,DERBY,MELBOURNE,-37.794937,144.92628,2022,5,May,13,Midday,Weekday
T20220010257,2022-05-07,12:00:00,4,Collision with a fixed object,6,Saturday,173,RIGHT OFF CARRIAGEWAY INTO OBJECT/PARKED VEHICLE,1,785033,Not at intersection,2,40,Freeway,CALDER,BRIMBANK,-37.665752,144.7528,2022,5,May,12,Midday,Weekend
T20220010238,2022-05-07,01:50:00,4,Collision with a fixed object,6,Saturday,173,RIGHT OFF CARRIAGEWAY INTO OBJECT/PARKED VEHICLE,6,728057,Not at intersection,2,60,Local Road,TINWORTH,BALLARAT,-37.602535,143.86302,2022,5,May,1,Late Night,Weekend
T20220010609,2022-05-07,12:00:00,1,Collision with vehicle,6,Saturday,130,REAR END(VEHICLES IN SAME LANE),1,778741,T intersection,3,60,Arterial Highway,COLAC,GEELONG,-38.20243,144.3064,2022,5,May,12,Midday,Weekend
T20220024999,2022-05-07,14:00:00,2,Struck Pedestrian,6,Saturday,107,PED ON FOOTHPATH STRUCK BY VEHENTERING/LEAVING DRIVEWAY.,1,781788,Not at intersection,3,50,Local Road,ORCHID,GEELONG,-38.090687,144.36569,2022,5,May,14,Midday,Weekend
T20220010249,2022-05-07,09:38:00,2,Struck Pedestrian,6,Saturday,104,PED WALKING WITH TRAFFIC,1,715196,Not at intersection,2,40,Local Road,TWEEDIE,YARRA,-37.814404,144.99904,2022,5,May,9,Morning Peak,Weekend
T20220010251,2022-05-07,08:31:00,8,No collision and no object struck,6,Saturday,170,OFF CARRIAGEWAY TO LEFT,1,711722,Not at intersection,3,60,Arterial Other,SPRING,DAREBIN,-37.726143,145.00125,2022,5,May,8,Morning Peak,Weekend
T20220011510,2022-05-07,03:00:00,4,Collision with a fixed object,6,Saturday,171,LEFT OFF CARRIAGEWAY INTO OBJECT/PARKED VEHICLE,3,712729,Not at intersection,2,50,Local Road,THOMAS BRUNTON,HUME,-37.633713,144.92894,2022,5,May,3,Late Night,Weekend
T20220010256,2022-05-07,12:25:00,1,Collision with vehicle,6,Saturday,130,REAR END(VEHICLES IN SAME LANE),1,711724,Not at intersection,3,60,Local Road,CAMBRIDGE,YARRA RANGES,-37.791656,145.31418,2022,5,May,12,Midday,Weekend
T20220010302,2022-05-07,12:00:00,8,No collision and no object struck,6,Saturday,170,OFF CARRIAGEWAY TO LEFT,1,712081,Not at intersection,3,100,Local Road,STOLLS,BAW BAW,-38.018406,146.10242,2022,5,May,12,Midday,Weekend
T20220010259,2022-05-07,10:13:00,1,Collision with vehicle,6,Saturday,110,CROSS TRAFFIC(INTERSECTIONS ONLY),1,785030,Cross intersection,2,60,Arterial Other,GRANT,BALLARAT,-37.568535,143.8606,2022,5,May,10,Midday,Weekend
T20220010260,2022-05-07,12:50:00,1,Collision with vehicle,6,Saturday,160,VEHICLE COLLIDES WITH VEHICLE PARKED ON LEFT OF ROAD,1,785035,Not at intersection,2,50,Local Road,RAGLAN,MOONEE VALLEY,-37.769466,144.86252,2022,5,May,12,Midday,Weekend
T20220010261,2022-05-07,02:00:00,4,Collision with a fixed object,6,Saturday,171,LEFT OFF CARRIAGEWAY INTO OBJECT/PARKED VEHICLE,5,720978,Not at intersection,2,100,Arterial Other,BOORT-PYRAMID,LODDON,-36.124935,143.91644,2022,5,May,2,Late Night,Weekend
T20220010262,2022-05-07,13:15:00,2,Struck Pedestrian,6,Saturday,100,PED NEAR SIDE. PED HIT BY VEHICLE FROM THE RIGHT.,1,326348,Not at intersection,2,50,Local Road,BOWEN,MELBOURNE,-37.77995,144.96283,2022,5,May,13,Midday,Weekend
T20220010265,2022-05-07,10:45:00,1,Collision with vehicle,6,Saturday,120,HEAD ON (NOT OVERTAKING),1,712496,Not at intersection,3,60,Arterial Other,MONBULK,YARRA RANGES,-37.862156,145.41272,2022,5,May,10,Midday,Weekend
T20220010269,2022-05-07,16:00:00,1,Collision with vehicle,6,Saturday,130,REAR END(VEHICLES IN SAME LANE),1,778751,Cross intersection,3,60,Arterial Other,STEPHENSONS,MONASH,-37.864227,145.13118,2022,5,May,16,Afternoon Peak,Weekend
T20220010275,2022-05-07,15:05:00,4,Collision with a fixed object,6,Saturday,171,LEFT OFF CARRIAGEWAY INTO OBJECT/PARKED VEHICLE,1,755889,Not at intersection,2,80,Arterial Other,FORREST-APOLLO BAY,COLAC OTWAY,-38.5927,143.70653,2022,5,May,15,Afternoon Peak,Weekend
T20220010307,2022-05-07,19:19:00,4,Collision with a fixed object,6,Saturday,171,LEFT OFF CARRIAGEWAY INTO OBJECT/PARKED VEHICLE,3,50481,T intersection,2,50,Local Road,HARE,CAMPASPE,-36.12552,144.74892,2022,5,May,19,Night,Weekend
T20220010279,2022-05-07,18:58:00,1,Collision with vehicle,6,Saturday,121,RIGHT THROUGH,3,711982,Multiple intersection,3,70,Arterial Highway,LOWER DANDENONG,KINGSTON,-37.987606,145.11852,2022,5,May,18,Afternoon Peak,Weekend