ACCIDENT_NO,ACCIDENT_DATE,ACCIDENT_TIME,ACCIDENT_TYPE,ACCIDENT_TYPE_DESC,DAY_OF_WEEK,DAY_WEEK_DESC,DCA_CODE,DCA_DESC,LIGHT_CONDITION,NODE_ID,ROAD_GEOMETRY_DESC,SEVERITY,SPEED_ZONE,RMA,ROAD_NAME,LGA_NAME,LATITUDE,LONGITUDE,YEAR,MONTH,MONTH_NAME,HOUR,TIME_PERIOD,DAY_TYPE
T20220010281,2022-05-07,18:03:00,1,Collision with vehicle,6,Saturday,121,RIGHT THROUGH,3,299726,Multiple intersection,2,80,Freeway,WELLINGTON,KNOX,-37.925407,145.21242,2022,5,May,18,Afternoon Peak,Weekend
T20220010282,2022-05-07,18:50:00,1,Collision with vehicle,6,Saturday,169,OTHER ON PATH,3,714889,Not at intersection,2,50,Local Road,CAMPBELL,NILLUMBIK,-37.67903,145.14784,2022,5,May,18,Afternoon Peak,Weekend
T20220010288,2022-05-07,19:00:00,4,Collision with a fixed object,6,Saturday,173,RIGHT OFF CARRIAGEWAY INTO OBJECT/PARKED VEHICLE,3,44371,T intersection,3,60,Arterial Other,DUNCANS,WYNDHAM,-37.912933,144.68318,2022,5,May,19,Night,Weekend
T20220010290,2022-05-07,23:45:00,1,Collision with vehicle,6,Saturday,121,RIGHT THROUGH,3,44469,Cross intersection,2,60,Arterial Other,FYANS,GEELONG,-38.1617,144.35411,2022,5,May,23,Night,Weekend
T20220010291,2022-05-07,23:00:00,1,Collision with vehicle,6,Saturday,110,CROSS TRAFFIC(INTERSECTIONS ONLY),3,38668,Cross intersection,2,60,Arterial Highway,FRANCIS,MARIBYRNONG,-37.820267,144.88213,2022,5,May,23,Night,Weekend
T20220010309,2022-05-07,17:30:00,1,Collision with vehicle,6,Saturday,121,RIGHT THROUGH,2,37115,Cross intersection,3,40,Local Road,ELIZABETH,YARRA,-37.811188,144.99365,2022,5,May,17,Afternoon Peak,Weekend
T20220011399,2022-05-07,15:00:00,1,Collision with vehicle,6,Saturday,111,RIGHT FAR (INTERSECTIONS ONLY),1,37685,Cross intersection,3,40,Local Road,CHAPEL,STONNINGTON,-37.840443,144.99542,2022,5,May,15,Afternoon Peak,Weekend
T20220013090,2022-05-07,22:59:00,1,Collision with vehicle,6,Saturday,130,REAR END(VEHICLES IN SAME LANE),3,717084,Cross intersection,3,60,Arterial Other,THOMPSONS,MANNINGHAM,-37.75746,145.11322,2022,5,May,22,Night,Weekend
T20220010466,2022-05-07,13:55:00,1,Collision with vehicle,6,Saturday,163,VEHICLE STRIKES DOOR OF PARKED/STATIONARY VEHICLE,1,774631,Not at intersection,3,40,Arterial Other,GLENFERRIE,STONNINGTON,-37.859375,145.02884,2022,5,May,13,Midday,Weekend
T20220012983,2022-05-07,13:00:00,1,Collision with vehicle,6,Saturday,130,REAR END(VEHICLES IN SAME LANE),1,722651,Not at intersection,3,50,Local Road,DANA,BALLARAT,-37.563686,143.85316,2022,5,May,13,Midday,Weekend
T20220010248,2022-05-07,10:10:00,1,Collision with vehicle,6,Saturday,121,RIGHT THROUGH,1,29915,Multiple intersection,3,60,Freeway,FOOTSCRAY-CITYLINK IN,MELBOURNE,-37.80954,144.93408,2022,5,May,10,Midday,Weekend
T20220010533,2022-05-07,17:02:00,1,Collision with vehicle,6,Saturday,110,CROSS TRAFFIC(INTERSECTIONS ONLY),1,33879,Cross intersection,3,60,Arterial Highway,ST KILDA,PORT PHILLIP,-37.85786,144.9831,2022,5,May,17,Afternoon Peak,Weekend
T20220010384,2022-05-07,08:10:00,1,Collision with vehicle,6,Saturday,130,REAR END(VEHICLES IN SAME LANE),1,778738,Not at intersection,3,60,Freeway,WARRIGAL-MONASH IN,STONNINGTON,-37.883255,145.08987,2022,5,May,8,Morning Peak,Weekend
T20220010313,2022-05-08,10:30:00,6,Vehicle overturned (no collision),7,Sunday,182,OFF CARRIAGEWAY ON LEFT BEND,1,712497,Not at intersection,3,80,Arterial Other,BROADFORD-FLOWERDALE,MURRINDINDI,-37.244926,145.17451,2022,5,May,10,Midday,Weekend
T20220011044,2022-05-08,09:30:00,1,Collision with vehicle,7,Sunday,151,OUT OF CONTROL (OVERTAKING),1,774554,Not at intersection,2,80,Arterial Highway,MOOROODUC,FRANKSTON,-38.161594,145.13585,2022,5,May,9,Morning Peak,Weekend
T20220010317,2022-05-08,12:40:00,1,Collision with vehicle,7,Sunday,116,LEFT NEAR (INTERSECTIONS ONLY),1,596,T intersection,2,70,Arterial Highway,DANDENONG,GLEN EIRA,-37.8713,145.03552,2022,5,May,12,Midday,Weekend
T20220010319,2022-05-08,09:45:00,1,Collision with vehicle,7,Sunday,110,CROSS TRAFFIC(INTERSECTIONS ONLY),1,50517,Cross intersection,3,50,Local Road,BROWN,SOUTHERN GRAMPIANS,-37.742725,142.02522,2022,5,May,9,Morning Peak,Weekend
T20220010322,2022-05-08,12:40:00,6,Vehicle overturned (no collision),7,Sunday,172,OFF CARRIAGEWAY TO RIGHT,1,718705,Not at intersection,2,100,Local Road,BUCKINGHAM,GLENELG,-37.802734,141.54144,2022,5,May,12,Midday,Weekend
T20220010337,2022-05-08,16:20:00,4,Collision with a fixed object,7,Sunday,181,OFF RIGHT BEND INTO OBJECT/PARKED VEHICLE,1,719506,Not at intersection,3,60,Arterial Other,MONBULK,YARRA RANGES,-37.862057,145.41312,2022,5,May,16,Afternoon Peak,Weekend
T20220010341,2022-05-08,17:45:00,1,Collision with vehicle,7,Sunday,110,CROSS TRAFFIC(INTERSECTIONS ONLY),3,38532,Cross intersection,2,60,Local Road,GLENGALA,BRIMBANK,-37.78842,144.82458,2022,5,May,17,Afternoon Peak,Weekend
T20220010342,2022-05-08,17:00:00,1,Collision with vehicle,7,Sunday,130,REAR END(VEHICLES IN SAME LANE),5,719308,Not at intersection,3,60,Freeway,PRINCES,CASEY,-38.047558,145.34654,2022,5,May,17,Afternoon Peak,Weekend
T20220010310,2022-05-08,04:58:00,4,Collision with a fixed object,7,Sunday,181,OFF RIGHT BEND INTO OBJECT/PARKED VEHICLE,3,719061,Not at intersection,2,80,Local Road,POINT HENRY,GEELONG,-38.141563,144.4274,2022,5,May,4,Late Night,Weekend
T20220010316,2022-05-08,11:04:00,1,Collision with vehicle,7,Sunday,130,REAR END(VEHICLES IN SAME LANE),1,717310,Not at intersection,3,60,Arterial Highway,POINT NEPEAN,MORNINGTON PENINSULA,-38.366425,144.86504,2022,5,May,11,Midday,Weekend
T20220010344,2022-05-08,13:50:00,1,Collision with vehicle,7,Sunday,147,VEHICLE STRIKES ANOTHER VEH WHILE EMERGING FROM DRIVEWAY,1,755457,Not at intersection,2,80,Arterial Other,PLENTY,WHITTLESEA,-37.60101,145.09538,2022,5,May,13,Midday,Weekend
T20220010345,2022-05-08,17:05:00,1,Collision with vehicle,7,Sunday,130,REAR END(VEHICLES IN SAME LANE),1,775196,Not at intersection,3,80,Freeway,WEST GATE,HOBSONS BAY,-37.824635,144.87369,2022,5,May,17,Afternoon Peak,Weekend
T20220010631,2022-05-08,20:41:00,1,Collision with vehicle,7,Sunday,121,RIGHT THROUGH,3,705,Cross intersection,3,70,Arterial Other,WAVERLEY,MONASH,-37.880665,145.093,2022,5,May,20,Night,Weekend
T20220010346,2022-05-08,18:58:00,1,Collision with vehicle,7,Sunday,110,CROSS TRAFFIC(INTERSECTIONS ONLY),3,35318,Cross intersection,3,40,Local Road,LYGON,MELBOURNE,-37.804893,144.96622,2022,5,May,18,Afternoon Peak,Weekend
T20220010497,2022-05-08,21:45:00,1,Collision with vehicle,7,Sunday,130,REAR END(VEHICLES IN SAME LANE),5,717315,Not at intersection,3,100,Freeway,STUD-MONASH OUT,DANDENONG,-37.96149,145.22798,2022,5,May,21,Night,Weekend
T20220010332,2022-05-08,14:38:00,1,Collision with vehicle,7,Sunday,110,CROSS TRAFFIC(INTERSECTIONS ONLY),1,712498,Cross intersection,3,100,Arterial Other,BENALLA-YARRAWONGA,MOIRA,-36.19906,145.9672,2022,5,May,14,Midday,Weekend
T20220012941,2022-05-08,16:09:00,1,Collision with vehicle,7,Sunday,130,REAR END(VEHICLES IN SAME LANE),1,715100,T intersection,3,50,Local Road,NARRAK,BOROONDARA,-37.811005,145.09561,2022,5,May,16,Afternoon Peak,Weekend
T20220010295,2022-05-08,00:54:00,2,Struck Pedestrian,7,Sunday,100,PED NEAR SIDE. PED HIT BY VEHICLE FROM THE RIGHT.,5,36872,Cross intersection,2,60,Arterial Other,CITY,MELBOURNE,-37.826782,144.9591,2022,5,May,0,Late Night,Weekend
T20220010347,2022-05-08,18:39:00,1,Collision with vehicle,7,Sunday,130,REAR END(VEHICLES IN SAME LANE),3,37624,T intersection,3,60,Arterial Highway,PUNT,MELBOURNE,-37.831547,144.9879,2022,5,May,18,Afternoon Peak,Weekend
T20220010301,2022-05-08,04:20:00,2,Struck Pedestrian,7,Sunday,100,PED NEAR SIDE. PED HIT BY VEHICLE FROM THE RIGHT.,5,713359,Not at intersection,2,60,Arterial Other,BALLARAT,MARIBYRNONG,-37.790916,144.88882,2022,5,May,4,Late Night,Weekend
T20220010348,2022-05-08,18:29:00,1,Collision with vehicle,7,Sunday,130,REAR END(VEHICLES IN SAME LANE),3,758330,Not at intersection,3,80,Arterial Other,SOMERTON,HUME,-37.6404,144.92677,2022,5,May,18,Afternoon Peak,Weekend
T20220010349,2022-05-08,14:50:00,4,Collision with a fixed object,7,Sunday,171,LEFT OFF CARRIAGEWAY INTO OBJECT/PARKED VEHICLE,1,785058,Not at intersection,2,60,Arterial Other,MALVERN,STONNINGTON,-37.851055,145.02573,2022,5,May,14,Midday,Weekend
T20220010350,2022-05-08,19:20:00,4,Collision with a fixed object,7,Sunday,171,LEFT OFF CARRIAGEWAY INTO OBJECT/PARKED VEHICLE,3,717311,Not at intersection,3,60,Arterial Other,MIDDLEBOROUGH,WHITEHORSE,-37.833664,145.13574,2022,5,May,19,Night,Weekend
T20220010359,2022-05-08,18:00:00,1,Collision with vehicle,7,Sunday,122,LEFT THROUGH,2,711906,Cross intersection,3,40,Local Road,ALMA,HOBSONS BAY,-37.868702,144.77805,2022,5,May,18,Afternoon Peak,Weekend
T20220010420,2022-05-08,12:00:00,1,Collision with vehicle,7,Sunday,130,REAR END(VEHICLES IN SAME LANE),1,717313,Not at intersection,3,60,Arterial Highway,WARRIGAL,KINGSTON,-37.92859,145.08153,2022,5,May,12,Midday,Weekend
T20220010367,2022-05-08,21:57:00,1,Collision with vehicle,7,Sunday,110,CROSS TRAFFIC(INTERSECTIONS ONLY),3,676,Cross intersection,3,50,Local Road,CENTRE,HUME,-37.670635,144.85321,2022,5,May,21,Night,Weekend
T20220010371,2022-05-08,23:55:00,4,Collision with a fixed object,7,Sunday,173,RIGHT OFF CARRIAGEWAY INTO OBJECT/PARKED VEHICLE,5,717316,Not at intersection,3,100,Arterial Highway,WESTERN,HORSHAM,-36.752644,142.23402,2022,5,May,23,Night,Weekend
T20220010334,2022-05-08,14:15:00,5,collision with some other object,7,Sunday,166,STRUCK OBJECT ON CARRIAGEWAY,1,711944,Not at intersection,2,100,Local Road,ESCREET,BENALLA,-36.7954,145.88187,2022,5,May,14,Midday,Weekend
T20220010383,2022-05-08,11:45:00,2,Struck Pedestrian,7,Sunday,100,PED NEAR SIDE. PED HIT BY VEHICLE FROM THE RIGHT.,1,717312,Not at intersection,3,60,Arterial Other,CITY,MELBOURNE,-37.826637,144.95929,2022,5,May,11,Midday,Weekend
T20220010312,2022-05-08,10:04:00,4,Collision with a fixed object,7,Sunday,181,OFF RIGHT BEND INTO OBJECT/PARKED VEHICLE,1,720982,Not at intersection,3,80,Local Road,PATERNOSTER,CARDINIA,-37.96108,145.49638,2022,5,May,10,Midday,Weekend
T20220010328,2022-05-08,11:45:00,4,Collision with a fixed object,7,Sunday,171,LEFT OFF CARRIAGEWAY INTO OBJECT/PARKED VEHICLE,1,711985,Not at intersection,3,80,Freeway,NARRE WARREN NORTH-MONASH OUT,CASEY,-38.01762,145.3094,2022,5,May,11,Midday,Weekend
T20220010901,2022-05-08,09:40:00,1,Collision with vehicle,7,Sunday,130,REAR END(VEHICLES IN SAME LANE),1,772618,Not at intersection,3,60,Freeway,MONASH,MONASH,-37.91726,145.17067,2022,5,May,9,Morning Peak,Weekend
T20220010360,2022-05-08,17:40:00,1,Collision with vehicle,7,Sunday,133,LANE SIDE SWIPE (VEHICLES IN PARALLEL LANES),3,712500,Not at intersection,3,60,Arterial Other,HAMPSTEAD,MARIBYRNONG,-37.778255,144.87602,2022,5,May,17,Afternoon Peak,Weekend
T20220010392,2022-05-09,08:10:00,1,Collision with vehicle,1,Monday,116,LEFT NEAR (INTERSECTIONS ONLY),1,45297,T intersection,3,80,Arterial Other,DONNYBROOK,HUME,-37.533195,144.88454,2022,5,May,8,Morning Peak,Weekday
T20220010389,2022-05-09,09:20:00,1,Collision with vehicle,1,Monday,110,CROSS TRAFFIC(INTERSECTIONS ONLY),1,246534,Cross intersection,2,60,Arterial Other,LOWER DUNEED,SURF COAST,-38.252743,144.36919,2022,5,May,9,Morning Peak,Weekday
T20220010441,2022-05-09,15:00:00,1,Collision with vehicle,1,Monday,130,REAR END(VEHICLES IN SAME LANE),1,774691,Not at intersection,2,80,Arterial Other,HEATHERTON,DANDENONG,-37.97218,145.23415,2022,5,May,15,Afternoon Peak,Weekday
T20220010442,2022-05-09,14:28:00,4,Collision with a fixed object,1,Monday,183,OFF LEFT BEND INTO OBJECT/PARKED VEHICLE,1,718151,Not at intersection,3,60,Arterial Other,MARINE,PORT PHILLIP,-37.86914,144.9758,2022,5,May,14,Midday,Weekday
T20220010388,2022-05-09,09:00:00,1,Collision with vehicle,1,Monday,113,RIGHT NEAR (INTERSECTIONS ONLY),1,327944,Cross intersection,3,60,Arterial Other,CLYDE,CASEY,-38.057705,145.33885,2022,5,May,9,Morning Peak,Weekday
T20220010385,2022-05-09,09:00:00,1,Collision with vehicle,1,Monday,130,REAR END(VEHICLES IN SAME LANE),1,717318,Not at intersection,3,60,Local Road,VERNEY,SHEPPARTON,-36.3521,145.4158,2022,5,May,9,Morning Peak,Weekday
T20220010444,2022-05-09,16:40:00,1,Collision with vehicle,1,Monday,121,RIGHT THROUGH,1,72708,T intersection,2,60,Arterial Other,PIONEER,GEELONG,-38.200756,144.3248,2022,5,May,16,Afternoon Peak,Weekday
T20220010382,2022-05-09,07:50:00,2,Struck Pedestrian,1,Monday,102,FAR SIDE. PED HIT BY VEHICLE FROM THE LEFT,1,41261,Cross intersection,2,70,Arterial Highway,NORTH,GLEN EIRA,-37.901302,145.0192,2022,5,May,7,Morning Peak,Weekday
T20220010381,2022-05-09,03:43:00,4,Collision with a fixed object,1,Monday,183,OFF LEFT BEND INTO OBJECT/PARKED VEHICLE,5,721158,Not at intersection,2,80,Arterial Other,FRANKSTON-FLINDERS,MORNINGTON PENINSULA,-38.245983,145.1917,2022,5,May,3,Late Night,Weekday
T20220010376,2022-05-09,05:00:00,1,Collision with vehicle,1,Monday,121,RIGHT THROUGH,3,774689,Not at intersection,3,80,Arterial Other,PASCOE VALE,HUME,-37.646935,144.93102,2022,5,May,5,Morning Peak,Weekday
T20220010372,2022-05-09,00:10:00,8,No collision and no object struck,1,Monday,172,OFF CARRIAGEWAY TO RIGHT,3,43819,Cross intersection,3,50,Local Road,CRAMER,DAREBIN,-37.7395,144.99469,2022,5,May,0,Late Night,Weekday
T20220010445,2022-05-09,17:17:00,2,Struck Pedestrian,1,Monday,102,FAR SIDE. PED HIT BY VEHICLE FROM THE LEFT,3,717320,Cross intersection,3,80,Arterial Other,WAVERLEY,MONASH,-37.88888,145.1641,2022,5,May,17,Afternoon Peak,Weekday
T20220010446,2022-05-09,18:00:00,1,Collision with vehicle,1,Monday,130,REAR END(VEHICLES IN SAME LANE),1,785083,Not at intersection,2,60,Local Road,MERTON,HOBSONS BAY,-37.864452,144.7785,2022,5,May,18,Afternoon Peak,Weekday
T20220010447,2022-05-09,16:32:00,1,Collision with vehicle,1,Monday,120,HEAD ON (NOT OVERTAKING),1,713081,Not at intersection,2,80,Arterial Other,PAKENHAM,CARDINIA,-37.973213,145.51196,2022,5,May,16,Afternoon Peak,Weekday
T20220010453,2022-05-09,14:40:00,1,Collision with vehicle,1,Monday,130,REAR END(VEHICLES IN SAME LANE),1,67607,T intersection,3,60,Local Road,ALBERT,KNOX,-37.85977,145.29372,2022,5,May,14,Midday,Weekday
T20220010459,2022-05-09,15:15:00,1,Collision with vehicle,1,Monday,133,LANE SIDE SWIPE (VEHICLES IN PARALLEL LANES),1,718152,Not at intersection,2,70,Arterial Highway,HODDLE,YARRA,-37.806126,144.99194,2022,5,May,15,Afternoon Peak,Weekday
T20220010462,2022-05-09,19:20:00,1,Collision with vehicle,1,Monday,130,REAR END(VEHICLES IN SAME LANE),3,54028,Cross intersection,3,60,Arterial Other,STURT,BALLARAT,-37.56095,143.85045,2022,5,May,19,Night,Weekday
T20220010464,2022-05-09,15:32:00,1,Collision with vehicle,1,Monday,110,CROSS TRAFFIC(INTERSECTIONS ONLY),1,51941,Cross intersection,3,60,Local Road,DAY,EAST GIPPSLAND,-37.822643,147.6104,2022,5,May,15,Afternoon Peak,Weekday
T20220010465,2022-05-09,18:10:00,1,Collision with vehicle,1,Monday,145,REVERSING IN STREAM OF TRAFFIC,6,728121,Not at intersection,3,50,Arterial Other,SYDNEY,MORELAND,-37.704624,144.96039,2022,5,May,18,Afternoon Peak,Weekday
T20220010467,2022-05-09,20:28:00,1,Collision with vehicle,1,Monday,120,HEAD ON (NOT OVERTAKING),3,753327,Not at intersection,3,60,Local Road,HUMFFRAY,BALLARAT,-37.554104,143.8851,2022,5,May,20,Night,Weekday
T20220010469,2022-05-09,14:50:00,1,Collision with vehicle,1,Monday,120,HEAD ON (NOT OVERTAKING),1,72908,T intersection,2,40,Arterial Other,MAIN,MORNINGTON PENINSULA,-38.22574,145.04245,2022,5,May,14,Midday,Weekday
T20220010509,2022-05-09,13:30:00,1,Collision with vehicle,1,Monday,130,REAR END(VEHICLES IN SAME LANE),1,717403,Not at intersection,3,60,Arterial Other,WILLIAMSTOWN,MARIBYRNONG,-37.824253,144.88126,2022,5,May,13,Midday,Weekday
T20220010520,2022-05-09,15:30:00,2,Struck Pedestrian,1,Monday,100,PED NEAR SIDE. PED HIT BY VEHICLE FROM THE RIGHT.,1,719788,Not at intersection,3,40,Local Road,HIGH,DAREBIN,-37.73159,145.00511,2022,5,May,15,Afternoon Peak,Weekday
T20220010542,2022-05-09,09:55:00,1,Collision with vehicle,1,Monday,130,REAR END(VEHICLES IN SAME LANE),1,38901,Multiple intersection,3,60,Arterial Other,HIGH,BOROONDARA,-37.806854,145.03064,2022,5,May,9,Morning Peak,Weekday
T20220010585,2022-05-09,23:19:00,1,Collision with vehicle,1,Monday,110,CROSS TRAFFIC(INTERSECTIONS ONLY),3,43741,Cross intersection,3,60,Arterial Other,HIGH,MELTON,-37.6832,144.58315,2022,5,May,23,Night,Weekday
T20220010611,2022-05-09,13:30:00,2,Struck Pedestrian,1,Monday,106,VEH STRIKES PED ON FOOTPATH/MEDIAN/TRAFFIC ISLAND.,9,714252,Not at intersection,2,60,Local Road,HIGH,MANNINGHAM,-37.76137,145.11893,2022,5,May,13,Midday,Weekday
T20220010638,2022-05-09,13:45:00,4,Collision with a fixed object,1,Monday,171,LEFT OFF CARRIAGEWAY INTO OBJECT/PARKED VEHICLE,1,712283,Not at intersection,3,100,Local Road,LOWER TOORA,SOUTH GIPPSLAND,-38.666454,146.2951,2022,5,May,13,Midday,Weekday
T20220010701,2022-05-09,17:00:00,1,Collision with vehicle,1,Monday,163,VEHICLE STRIKES DOOR OF PARKED/STATIONARY VEHICLE,9,717399,Not at intersection,3,50,Local Road,COLLINS,MELBOURNE,-37.818478,144.9562,2022,5,May,17,Afternoon Peak,Weekday
T20220011039,2022-05-09,08:36:00,1,Collision with vehicle,1,Monday,130,REAR END(VEHICLES IN SAME LANE),9,781790,Not at intersection,3,50,Local Road,CAMMS,CASEY,-38.09854,145.28705,2022,5,May,8,Morning Peak,Weekday
T20220011057,2022-05-09,10:30:00,4,Collision with a fixed object,1,Monday,171,LEFT OFF CARRIAGEWAY INTO OBJECT/PARKED VEHICLE,1,712520,Not at intersection,3,60,Local Road,BELLS HILL,NILLUMBIK,-37.70271,145.19467,2022,5,May,10,Midday,Weekday
T20220010437,2022-05-09,14:20:00,1,Collision with vehicle,1,Monday,121,RIGHT THROUGH,1,45652,T intersection,2,80,Arterial Other,MAHONEYS,WHITTLESEA,-37.69154,144.97905,2022,5,May,14,Midday,Weekday
T20220013581,2022-05-09,10:00:00,1,Collision with vehicle,1,Monday,132,RIGHT REAR.,1,774588,Cross intersection,3,80,Arterial Other,DOYLES,SHEPPARTON,-36.410442,145.43185,2022,5,May,10,Midday,Weekday
T20220013550,2022-05-09,06:48:00,4,Collision with a fixed object,1,Monday,173,RIGHT OFF CARRIAGEWAY INTO OBJECT/PARKED VEHICLE,3,715469,Cross intersection,3,80,Arterial Highway,MOCKRIDGE,KNOX,-37.88589,145.23305,2022,5,May,6,Morning Peak,Weekday
T20220012149,2022-05-09,18:00:00,2,Struck Pedestrian,1,Monday,108,PED STRUCK WALKING TO/FROM OR BOARDING/ALIGHTING VEHICLE.,3,44992,T intersection,2,50,Local Road,BELFORT,BRIMBANK,-37.750378,144.81583,2022,5,May,18,Afternoon Peak,Weekday
T20220012543,2022-05-09,08:11:00,1,Collision with vehicle,1,Monday,134,LANE CHANGE RIGHT (NOT OVERTAKING),1,714731,Not at intersection,3,100,Freeway,EASTLINK,KNOX,-37.876835,145.21288,2022,5,May,8,Morning Peak,Weekday
T20220012182,2022-05-09,17:35:00,1,Collision with vehicle,1,Monday,111,RIGHT FAR (INTERSECTIONS ONLY),2,44860,Cross intersection,3,60,Arterial Other,ELEVENTH,MILDURA,-34.185295,142.15231,2022,5,May,17,Afternoon Peak,Weekday
T20220010398,2022-05-09,08:00:00,1,Collision with vehicle,1,Monday,130,REAR END(VEHICLES IN SAME LANE),1,712759,Not at intersection,3,100,Arterial Other,ECHUCA-MITIAMO,CAMPASPE,-36.18234,144.70082,2022,5,May,8,Morning Peak,Weekday
T20220010399,2022-05-09,09:20:00,2,Struck Pedestrian,1,Monday,100,PED NEAR SIDE. PED HIT BY VEHICLE FROM THE RIGHT.,1,711987,Not at intersection,2,60,Local Road,HOVELL,WODONGA,-36.122025,146.8898,2022,5,May,9,Morning Peak,Weekday
T20220010407,2022-05-09,10:15:00,1,Collision with vehicle,1,Monday,130,REAR END(VEHICLES IN SAME LANE),1,717323,Not at intersection,3,60,Arterial Other,BUCKLEY,MOONEE VALLEY,-37.75543,144.90263,2022,5,May,10,Midday,Weekday
T20220010409,2022-05-09,08:55:00,4,Collision with a fixed object,1,Monday,173,RIGHT OFF CARRIAGEWAY INTO OBJECT/PARKED VEHICLE,1,773148,Not at intersection,3,100,Local Road,MATHIESONS,MOYNE,-38.49881,142.74411,2022,5,May,8,Morning Peak,Weekday
T20220010426,2022-05-09,12:54:00,1,Collision with vehicle,1,Monday,130,REAR END(VEHICLES IN SAME LANE),1,714352,Not at intersection,2,60,Arterial Other,SHANNON,GEELONG,-38.152004,144.33423,2022,5,May,12,Midday,Weekday
T20220010430,2022-05-09,13:45:00,8,No collision and no object struck,1,Monday,174,OUT OF CONTROL ON CARRIAGEWAY (ON STRAIGHT),1,711991,Not at intersection,3,80,Local Road,WINDERMERE,GEELONG,-38.010555,144.41542,2022,5,May,13,Midday,Weekday
T20220010432,2022-05-09,12:30:00,1,Collision with vehicle,1,Monday,121,RIGHT THROUGH,1,352890,T intersection,2,50,Local Road,DAREBIN,BANYULE,-37.753338,145.05907,2022,5,May,12,Midday,Weekday
T20220010530,2022-05-10,13:50:00,2,Struck Pedestrian,2,Tuesday,102,FAR SIDE. PED HIT BY VEHICLE FROM THE LEFT,1,715570,Cross intersection,2,60,Arterial Other,CONDON,BENDIGO,-36.77323,144.30516,2022,5,May,13,Midday,Weekday
T20220013408,2022-05-10,02:30:00,8,No collision and no object struck,2,Tuesday,184,OUT OF CONTROL ON CARRIAGEWAY (ON BEND),5,715237,Not at intersection,3,100,Arterial Highway,GREAT ALPINE,ALPINE,-37.021626,147.22208,2022,5,May,2,Late Night,Weekday
T20220010527,2022-05-10,10:24:00,1,Collision with vehicle,2,Tuesday,110,CROSS TRAFFIC(INTERSECTIONS ONLY),1,252201,Cross intersection,2,50,Local Road,BRIGHT,HOBSONS BAY,-37.83822,144.85924,2022,5,May,10,Midday,Weekday
T20220010524,2022-05-10,12:51:00,1,Collision with vehicle,2,Tuesday,113,RIGHT NEAR (INTERSECTIONS ONLY),1,717408,T intersection,3,60,Arterial Other,PRINCES,WYNDHAM,-37.90053,144.66609,2022,5,May,12,Midday,Weekday
T20220011701,2022-05-10,09:30:00,1,Collision with vehicle,2,Tuesday,137,LEFT TURN SIDESWIPE,1,36622,Cross intersection,2,30,Local Road,KEELE,YARRA,-37.797195,144.9877,2022,5,May,9,Morning Peak,Weekday
T20220010523,2022-05-10,09:07:00,1,Collision with vehicle,2,Tuesday,130,REAR END(VEHICLES IN SAME LANE),1,69490,T intersection,3,60,Arterial Other,PRINCES,WYNDHAM,-37.920265,144.63522,2022,5,May,9,Morning Peak,Weekday
T20220010522,2022-05-10,09:36:00,1,Collision with vehicle,2,Tuesday,169,OTHER ON PATH,1,712976,Not at intersection,3,50,Local Road,HARVEST,WYNDHAM,-37.892548,144.6721,2022,5,May,9,Morning Peak,Weekday
T20220010514,2022-05-10,11:38:00,1,Collision with vehicle,2,Tuesday,121,RIGHT THROUGH,1,260358,Not at intersection,2,60,Local Road,ROSAMOND,MARIBYRNONG,-37.7728,144.88615,2022,5,May,11,Midday,Weekday
T20220010634,2022-05-10,12:19:00,1,Collision with vehicle,2,Tuesday,130,REAR END(VEHICLES IN SAME LANE),1,778754,Not at intersection,3,100,Freeway,WESTERN RING,HUME,-37.69451,144.90228,2022,5,May,12,Midday,Weekday
T20220010735,2022-05-10,20:00:00,1,Collision with vehicle,2,Tuesday,134,LANE CHANGE RIGHT (NOT OVERTAKING),1,720998,Not at intersection,3,100,Freeway,METROPOLITAN RING,HUME,-37.69189,144.959,2022,5,May,20,Night,Weekday
T20220010511,2022-05-10,10:10:00,1,Collision with vehicle,2,Tuesday,171,LEFT OFF CARRIAGEWAY INTO OBJECT/PARKED VEHICLE,1,40054,Not at intersection,2,60,Arterial Other,BEACONSFIELD,PORT PHILLIP,-37.854755,144.96286,2022,5,May,10,Midday,Weekday
T20220010510,2022-05-10,11:50:00,1,Collision with vehicle,2,Tuesday,147,VEHICLE STRIKES ANOTHER VEH WHILE EMERGING FROM DRIVEWAY,1,1140,T intersection,3,60,Arterial Other,COOPER,WHITTLESEA,-37.651485,145.01932,2022,5,May,11,Midday,Weekday
T20220011040,2022-05-10,09:00:00,1,Collision with vehicle,2,Tuesday,130,REAR END(VEHICLES IN SAME LANE),1,712518,Not at intersection,3,60,Arterial Other,PASCOE VALE,MORELAND,-37.723347,144.92197,2022,5,May,9,Morning Peak,Weekday
T20220011397,2022-05-10,09:18:00,1,Collision with vehicle,2,Tuesday,133,LANE SIDE SWIPE (VEHICLES IN PARALLEL LANES),1,724090,Not at intersection,3,100,Freeway,PRINCES,GEELONG,-38.0269,144.43872,2022,5,May,9,Morning Peak,Weekday
T20220010980,2022-05-10,13:15:00,1,Collision with vehicle,2,Tuesday,145,REVERSING IN STREAM OF TRAFFIC,1,717406,Not at intersection,3,60,Arterial Highway,NEPEAN HIGHWAY SERVICE,KINGSTON,-37.95572,145.051,2022,5,May,13,Midday,Weekday
T20220010969,2022-05-10,20:00:00,1,Collision with vehicle,2,Tuesday,121,RIGHT THROUGH,3,712326,Cross intersection,3,60,Local Road,HARVEST HOME,LODDON,-36.82429,143.71008,2022,5,May,20,Night,Weekday
T20220010598,2022-05-10,07:56:00,1,Collision with vehicle,2,Tuesday,110,CROSS TRAFFIC(INTERSECTIONS ONLY),1,302388,Cross intersection,3,50,Local Road,CROSSWAY,WYNDHAM,-37.840145,144.68066,2022,5,May,7,Morning Peak,Weekday