ACCIDENT_NO,ACCIDENT_DATE,ACCIDENT_TIME,ACCIDENT_TYPE,ACCIDENT_TYPE_DESC,DAY_OF_WEEK,DAY_WEEK_DESC,DCA_CODE,DCA_DESC,LIGHT_CONDITION,NODE_ID,ROAD_GEOMETRY_DESC,SEVERITY,SPEED_ZONE,RMA,ROAD_NAME,LGA_NAME,LATITUDE,LONGITUDE,YEAR,MONTH,MONTH_NAME,HOUR,TIME_PERIOD,DAY_TYPE
T20220010584,2022-05-10,22:03:00,1,Collision with vehicle,2,Tuesday,121,RIGHT THROUGH,3,45881,T intersection,2,70,Arterial Highway,CHURCH,GEELONG,-38.133408,144.35115,2022,5,May,22,Night,Weekday
T20220010581,2022-05-10,22:00:00,1,Collision with vehicle,2,Tuesday,110,CROSS TRAFFIC(INTERSECTIONS ONLY),3,97534,Cross intersection,2,80,Arterial Highway,BURWOOD,KNOX,-37.882732,145.27737,2022,5,May,22,Night,Weekday
T20220010580,2022-05-10,18:17:00,1,Collision with vehicle,2,Tuesday,121,RIGHT THROUGH,3,931,Cross intersection,3,60,Arterial Highway,FRANKSTON-DANDENONG,FRANKSTON,-38.09948,145.17279,2022,5,May,18,Afternoon Peak,Weekday
T20220012098,2022-05-10,16:20:00,1,Collision with vehicle,2,Tuesday,113,RIGHT NEAR (INTERSECTIONS ONLY),1,36388,T intersection,3,60,Local Road,BANGHOLME,DANDENONG,-38.03802,145.20091,2022,5,May,16,Afternoon Peak,Weekday
T20220010501,2022-05-10,10:02:00,7,Fall from or in moving vehicle,2,Tuesday,190,FELL IN/FROM VEHICLE,1,712975,Cross intersection,3,50,Arterial Other,GEMBROOK-LAUNCHING PLACE,CARDINIA,-37.952877,145.55367,2022,5,May,10,Midday,Weekday
T20220012756,2022-05-10,18:30:00,1,Collision with vehicle,2,Tuesday,110,CROSS TRAFFIC(INTERSECTIONS ONLY),3,43933,Cross intersection,3,80,Local Road,FISHERIES,CASEY,-38.180195,145.3144,2022,5,May,18,Afternoon Peak,Weekday
T20220010578,2022-05-10,20:21:00,2,Struck Pedestrian,2,Tuesday,100,PED NEAR SIDE. PED HIT BY VEHICLE FROM THE RIGHT.,4,713680,Not at intersection,2,60,Arterial Other,HUNTINGDALE,MONASH,-37.86961,145.11139,2022,5,May,20,Night,Weekday
T20220010577,2022-05-10,16:50:00,1,Collision with vehicle,2,Tuesday,130,REAR END(VEHICLES IN SAME LANE),1,712110,Not at intersection,3,70,Arterial Other,MAHONEYS,DAREBIN,-37.694218,145.00427,2022,5,May,16,Afternoon Peak,Weekday
T20220010574,2022-05-10,20:22:00,2,Struck Pedestrian,2,Tuesday,100,PED NEAR SIDE. PED HIT BY VEHICLE FROM THE RIGHT.,3,712023,Not at intersection,2,60,Arterial Other,ELIZABETH,MELBOURNE,-37.802864,144.95793,2022,5,May,20,Night,Weekday
T20220010572,2022-05-10,18:20:00,1,Collision with vehicle,2,Tuesday,121,RIGHT THROUGH,3,40496,T intersection,3,60,Arterial Other,RIVERSDALE,BOROONDARA,-37.833626,145.07625,2022,5,May,18,Afternoon Peak,Weekday
T20220010571,2022-05-10,19:10:00,1,Collision with vehicle,2,Tuesday,140,U TURN,3,349579,Not at intersection,3,60,Arterial Other,BOORAN,GLEN EIRA,-37.8855,145.03763,2022,5,May,19,Night,Weekday
T20220010570,2022-05-10,17:08:00,1,Collision with vehicle,2,Tuesday,113,RIGHT NEAR (INTERSECTIONS ONLY),2,42455,T intersection,3,60,Local Road,CULSHAW,KINGSTON,-37.943066,145.13847,2022,5,May,17,Afternoon Peak,Weekday
T20220010478,2022-05-10,06:30:00,1,Collision with vehicle,2,Tuesday,113,RIGHT NEAR (INTERSECTIONS ONLY),3,23,T intersection,3,50,Arterial Other,MAIN HURSTBRIDGE,NILLUMBIK,-37.669827,145.17247,2022,5,May,6,Morning Peak,Weekday
T20220010494,2022-05-10,10:25:00,1,Collision with vehicle,2,Tuesday,111,RIGHT FAR (INTERSECTIONS ONLY),1,717405,T intersection,2,80,Arterial Highway,PRINCES,CASEY,-38.02213,145.30069,2022,5,May,10,Midday,Weekday
T20220010568,2022-05-10,17:24:00,1,Collision with vehicle,2,Tuesday,113,RIGHT NEAR (INTERSECTIONS ONLY),2,712503,T intersection,3,60,Local Road,ALFRED,WYNDHAM,-37.919453,144.6281,2022,5,May,17,Afternoon Peak,Weekday
T20220010564,2022-05-10,16:15:00,1,Collision with vehicle,2,Tuesday,130,REAR END(VEHICLES IN SAME LANE),1,717407,Not at intersection,3,80,Arterial Other,BELGRAVE-HALLAM,YARRA RANGES,-37.9465,145.3527,2022,5,May,16,Afternoon Peak,Weekday
T20220010562,2022-05-10,17:45:00,1,Collision with vehicle,2,Tuesday,113,RIGHT NEAR (INTERSECTIONS ONLY),5,56165,T intersection,3,100,Arterial Highway,PRINCES,WARRNAMBOOL,-38.38871,142.56987,2022,5,May,17,Afternoon Peak,Weekday
T20220010559,2022-05-10,18:34:00,1,Collision with vehicle,2,Tuesday,110,CROSS TRAFFIC(INTERSECTIONS ONLY),3,52913,Cross intersection,3,50,Local Road,RIPON,BALLARAT,-37.566418,143.84024,2022,5,May,18,Afternoon Peak,Weekday
T20220010557,2022-05-10,16:17:00,2,Struck Pedestrian,2,Tuesday,101,PED EMERGES FROM IN FRONT OF PARKED OR STATIONARY VEHICLE,1,712109,Cross intersection,3,50,Local Road,SEPARATION,DAREBIN,-37.771957,145.02165,2022,5,May,16,Afternoon Peak,Weekday
T20220010491,2022-05-10,08:20:00,1,Collision with vehicle,2,Tuesday,110,CROSS TRAFFIC(INTERSECTIONS ONLY),1,712022,Cross intersection,3,50,Local Road,ALPINE HEATH,CASEY,-38.067062,145.2457,2022,5,May,8,Morning Peak,Weekday
T20220010555,2022-05-10,15:10:00,1,Collision with vehicle,2,Tuesday,135,LANE CHANGE LEFT (NOT OVERTAKING),1,715092,Not at intersection,2,80,Arterial Highway,BURWOOD,WHITEHORSE,-37.851467,145.14395,2022,5,May,15,Afternoon Peak,Weekday
T20220010553,2022-05-10,16:51:00,4,Collision with a fixed object,2,Tuesday,171,LEFT OFF CARRIAGEWAY INTO OBJECT/PARKED VEHICLE,1,759720,Not at intersection,3,80,Arterial Highway,MAROONDAH,YARRA RANGES,-37.76068,145.32906,2022,5,May,16,Afternoon Peak,Weekday
T20220010552,2022-05-10,14:49:00,1,Collision with vehicle,2,Tuesday,132,RIGHT REAR.,1,49609,T intersection,2,80,Local Road,OLD MELBOURNE,GEELONG,-38.014717,144.4516,2022,5,May,14,Midday,Weekday
T20220013843,2022-05-10,15:15:00,1,Collision with vehicle,2,Tuesday,121,RIGHT THROUGH,1,912,Cross intersection,3,60,Arterial Other,SEAFORD,FRANKSTON,-38.110058,145.14236,2022,5,May,15,Afternoon Peak,Weekday
T20220012352,2022-05-10,14:00:00,1,Collision with vehicle,2,Tuesday,130,REAR END(VEHICLES IN SAME LANE),1,48488,T intersection,3,60,Arterial Other,BALWYN,BOROONDARA,-37.806606,145.08255,2022,5,May,14,Midday,Weekday
T20220010551,2022-05-10,17:12:00,1,Collision with vehicle,2,Tuesday,143,ENTERING PARKING,1,712108,Not at intersection,3,50,Local Road,MYERS,GEELONG,-38.14977,144.35326,2022,5,May,17,Afternoon Peak,Weekday
T20220010549,2022-05-10,16:30:00,4,Collision with a fixed object,2,Tuesday,173,RIGHT OFF CARRIAGEWAY INTO OBJECT/PARKED VEHICLE,1,712107,Not at intersection,2,60,Arterial Other,GRUBB,GEELONG,-38.242493,144.53862,2022,5,May,16,Afternoon Peak,Weekday
T20220010547,2022-05-10,15:13:00,2,Struck Pedestrian,2,Tuesday,100,PED NEAR SIDE. PED HIT BY VEHICLE FROM THE RIGHT.,1,712106,Not at intersection,3,60,Arterial Other,TOORAK,STONNINGTON,-37.838837,144.99045,2022,5,May,15,Afternoon Peak,Weekday
T20220010541,2022-05-10,15:20:00,1,Collision with vehicle,2,Tuesday,147,VEHICLE STRIKES ANOTHER VEH WHILE EMERGING FROM DRIVEWAY,1,717404,Not at intersection,3,40,Arterial Highway,PHILLIP ISLAND,BASS COAST,-38.48943,145.2648,2022,5,May,15,Afternoon Peak,Weekday
T20220010487,2022-05-10,07:50:00,1,Collision with vehicle,2,Tuesday,130,REAR END(VEHICLES IN SAME LANE),1,723881,Not at intersection,2,100,Freeway,WESTERN RING,BRIMBANK,-37.77296,144.7942,2022,5,May,7,Morning Peak,Weekday
T20220010539,2022-05-10,14:55:00,4,Collision with a fixed object,2,Tuesday,173,RIGHT OFF CARRIAGEWAY INTO OBJECT/PARKED VEHICLE,1,713984,Not at intersection,2,100,Local Road,BACK WATERLOO,PYRENEES,-37.380493,143.43523,2022,5,May,14,Midday,Weekday
T20220010483,2022-05-10,06:57:00,1,Collision with vehicle,2,Tuesday,148,VEHICLE OFF FOOTPATH STRIKES VEH ON CARRIAGEWAY,1,62884,T intersection,2,60,Arterial Other,MILLEARA,MOONEE VALLEY,-37.734787,144.86475,2022,5,May,6,Morning Peak,Weekday
T20220010537,2022-05-10,13:22:00,1,Collision with vehicle,2,Tuesday,113,RIGHT NEAR (INTERSECTIONS ONLY),1,767,Cross intersection,2,60,Local Road,GEORGE,BAYSIDE,-37.95769,145.02919,2022,5,May,13,Midday,Weekday
T20220011869,2022-05-11,21:40:00,1,Collision with vehicle,3,Wednesday,130,REAR END(VEHICLES IN SAME LANE),3,713687,Not at intersection,3,40,Freeway,MONASH,MONASH,-37.91261,145.1659,2022,5,May,21,Night,Weekday
T20220010606,2022-05-11,07:03:00,1,Collision with vehicle,3,Wednesday,121,RIGHT THROUGH,1,712112,T intersection,2,60,Arterial Other,MARKET,BRIMBANK,-37.80187,144.83876,2022,5,May,7,Morning Peak,Weekday
T20220010607,2022-05-11,06:30:00,1,Collision with vehicle,3,Wednesday,130,REAR END(VEHICLES IN SAME LANE),2,724086,Not at intersection,3,80,Freeway,METROPOLITAN RING ROAD -WESTERN RING,HUME,-37.691902,144.95859,2022,5,May,6,Morning Peak,Weekday
T20220010671,2022-05-11,17:30:00,1,Collision with vehicle,3,Wednesday,132,RIGHT REAR.,2,712066,Cross intersection,1,80,Arterial Other,ANGLESEA,SURF COAST,-38.32557,144.26465,2022,5,May,17,Afternoon Peak,Weekday
T20220011229,2022-05-11,09:26:00,1,Collision with vehicle,3,Wednesday,130,REAR END(VEHICLES IN SAME LANE),1,718449,Not at intersection,3,40,Arterial Other,BULLA,HUME,-37.63109,144.80113,2022,5,May,9,Morning Peak,Weekday
T20220010618,2022-05-11,10:20:00,1,Collision with vehicle,3,Wednesday,116,LEFT NEAR (INTERSECTIONS ONLY),1,73888,T intersection,3,50,Local Road,HARRIS,WARRNAMBOOL,-38.384243,142.47054,2022,5,May,10,Midday,Weekday
T20220010621,2022-05-11,08:30:00,1,Collision with vehicle,3,Wednesday,120,HEAD ON (NOT OVERTAKING),1,774632,Not at intersection,3,40,Local Road,NEILSON,MARIBYRNONG,-37.79948,144.90895,2022,5,May,8,Morning Peak,Weekday
T20220010622,2022-05-11,12:58:00,1,Collision with vehicle,3,Wednesday,121,RIGHT THROUGH,1,405,T intersection,2,40,Local Road,CANDY,DAREBIN,-37.77962,144.99695,2022,5,May,12,Midday,Weekday
T20220010625,2022-05-11,12:20:00,1,Collision with vehicle,3,Wednesday,137,LEFT TURN SIDESWIPE,1,29636,Cross intersection,3,60,Arterial Other,GLEN EIRA,GLEN EIRA,-37.87692,144.998,2022,5,May,12,Midday,Weekday
T20220010628,2022-05-11,07:10:00,1,Collision with vehicle,3,Wednesday,137,LEFT TURN SIDESWIPE,1,36119,Multiple intersection,3,50,Local Road,CALLANDER,DAREBIN,-37.696102,144.99109,2022,5,May,7,Morning Peak,Weekday
T20220010661,2022-05-11,17:40:00,1,Collision with vehicle,3,Wednesday,147,VEHICLE STRIKES ANOTHER VEH WHILE EMERGING FROM DRIVEWAY,5,712286,Not at intersection,2,100,Local Road,OLD DOOKIE,SHEPPARTON,-36.377647,145.49109,2022,5,May,17,Afternoon Peak,Weekday
T20220010670,2022-05-11,17:04:00,1,Collision with vehicle,3,Wednesday,121,RIGHT THROUGH,1,2611,Cross intersection,3,60,Arterial Other,MOUNTAIN,KNOX,-37.841267,145.26505,2022,5,May,17,Afternoon Peak,Weekday
T20220010635,2022-05-11,13:28:00,1,Collision with vehicle,3,Wednesday,121,RIGHT THROUGH,1,713795,Not at intersection,2,70,Arterial Other,OLD GEELONG,WYNDHAM,-37.878445,144.70917,2022,5,May,13,Midday,Weekday
T20220010632,2022-05-11,12:15:00,8,No collision and no object struck,3,Wednesday,182,OFF CARRIAGEWAY ON LEFT BEND,1,713443,Not at intersection,3,100,Arterial Other,TYERS-WALHALLA,LATROBE,-38.132195,146.47214,2022,5,May,12,Midday,Weekday
T20220010633,2022-05-11,15:25:00,1,Collision with vehicle,3,Wednesday,113,RIGHT NEAR (INTERSECTIONS ONLY),1,20793,Multiple intersection,3,60,Arterial Other,MAIN SOUTH,BAW BAW,-38.14235,145.85524,2022,5,May,15,Afternoon Peak,Weekday
T20220011124,2022-05-11,17:55:00,9,Other accident,3,Wednesday,179,OTHER ACCIDENTS-OFF STRAIGHT NOT INCLUDED IN DCAs 170-175,3,712723,Cross intersection,3,60,Arterial Other,COMMERCIAL,MELBOURNE,-37.844868,144.97879,2022,5,May,17,Afternoon Peak,Weekday
T20220011130,2022-05-11,08:45:00,1,Collision with vehicle,3,Wednesday,131,LEFT REAR,1,778758,Cross intersection,3,60,Arterial Highway,NORTH,BAYSIDE,-37.89992,145.00653,2022,5,May,8,Morning Peak,Weekday
T20220010810,2022-05-11,14:00:00,4,Collision with a fixed object,3,Wednesday,173,RIGHT OFF CARRIAGEWAY INTO OBJECT/PARKED VEHICLE,1,717489,Not at intersection,3,100,Local Road,EAGLEHAWK-NEILBOROUGH,BENDIGO,-36.677883,144.27606,2022,5,May,14,Midday,Weekday
T20220010639,2022-05-11,12:20:00,1,Collision with vehicle,3,Wednesday,163,VEHICLE STRIKES DOOR OF PARKED/STATIONARY VEHICLE,1,712117,Not at intersection,1,100,Local Road,YARRABEE,WANGARATTA,-36.47379,146.52893,2022,5,May,12,Midday,Weekday
T20220012441,2022-05-11,09:55:00,1,Collision with vehicle,3,Wednesday,133,LANE SIDE SWIPE (VEHICLES IN PARALLEL LANES),1,781901,Not at intersection,3,70,Local Road,CALDER PARK,BRIMBANK,-37.692745,144.7567,2022,5,May,9,Morning Peak,Weekday
T20220010640,2022-05-11,16:01:00,1,Collision with vehicle,3,Wednesday,110,CROSS TRAFFIC(INTERSECTIONS ONLY),1,52986,Cross intersection,2,60,Local Road,CLARKSON,BALLARAT,-37.58206,143.83894,2022,5,May,16,Afternoon Peak,Weekday
T20220010641,2022-05-11,16:35:00,1,Collision with vehicle,3,Wednesday,116,LEFT NEAR (INTERSECTIONS ONLY),1,43601,Cross intersection,3,80,Local Road,FULTONS,MORNINGTON PENINSULA,-38.1852,145.16347,2022,5,May,16,Afternoon Peak,Weekday
T20220010646,2022-05-11,16:25:00,1,Collision with vehicle,3,Wednesday,140,U TURN,1,43893,T intersection,2,80,Arterial Highway,SOUTH GIPPSLAND,CASEY,-38.09988,145.28296,2022,5,May,16,Afternoon Peak,Weekday
T20220010647,2022-05-11,13:28:00,1,Collision with vehicle,3,Wednesday,153,CUTTING IN (OVERTAKING),1,715571,Not at intersection,3,40,Local Road,ROBINSON,BOROONDARA,-37.824986,145.09337,2022,5,May,13,Midday,Weekday
T20230006394,2022-05-11,09:20:00,2,Struck Pedestrian,3,Wednesday,109,ANY MANOEUVRE INVOLVING PED NOT INCLUDED IN DCAs 100-108.,1,785125,Not at intersection,2,50,Arterial Other,MELTON,MELTON,-37.689377,144.71628,2022,5,May,9,Morning Peak,Weekday
T20220011186,2022-05-11,18:10:00,1,Collision with vehicle,3,Wednesday,110,CROSS TRAFFIC(INTERSECTIONS ONLY),3,44529,Cross intersection,3,40,Local Road,CHURCH,WHITTLESEA,-37.512077,145.11803,2022,5,May,18,Afternoon Peak,Weekday
T20220017390,2022-05-11,18:08:00,1,Collision with vehicle,3,Wednesday,130,REAR END(VEHICLES IN SAME LANE),3,720386,T intersection,3,70,Arterial Other,BAYSWATER,MAROONDAH,-37.818214,145.26913,2022,5,May,18,Afternoon Peak,Weekday
T20220014197,2022-05-11,15:13:00,1,Collision with vehicle,3,Wednesday,137,LEFT TURN SIDESWIPE,1,781905,Cross intersection,3,50,Local Road,HYDE,MARIBYRNONG,-37.81441,144.89717,2022,5,May,15,Afternoon Peak,Weekday
T20220010733,2022-05-11,17:40:00,1,Collision with vehicle,3,Wednesday,130,REAR END(VEHICLES IN SAME LANE),3,67238,T intersection,3,40,Arterial Other,HIGH,STONNINGTON,-37.85093,144.98624,2022,5,May,17,Afternoon Peak,Weekday
T20220010651,2022-05-11,15:42:00,4,Collision with a fixed object,3,Wednesday,164,PERMANENT OBSTRUCTION ON CARRIAGEWAY,1,196873,Not at intersection,2,60,Arterial Other,MONTAGUE,PORT PHILLIP,-37.829758,144.94919,2022,5,May,15,Afternoon Peak,Weekday
T20220010702,2022-05-11,12:00:00,1,Collision with vehicle,3,Wednesday,113,RIGHT NEAR (INTERSECTIONS ONLY),1,781900,T intersection,3,60,Local Road,CHARLES,YARRA RANGES,-37.78731,145.31543,2022,5,May,12,Midday,Weekday
T20220010653,2022-05-11,18:06:00,1,Collision with vehicle,3,Wednesday,130,REAR END(VEHICLES IN SAME LANE),3,717488,Cross intersection,3,60,Arterial Other,FOREST,GEELONG,-38.03407,144.3944,2022,5,May,18,Afternoon Peak,Weekday
T20220010685,2022-05-11,23:35:00,4,Collision with a fixed object,3,Wednesday,175,OFF END OF ROAD/T-INTERSECTION.,5,719088,T intersection,2,80,Local Road,MCCRACKENS,STRATHBOGIE,-36.85576,145.33409,2022,5,May,23,Night,Weekday
T20220010662,2022-05-11,18:10:00,1,Collision with vehicle,3,Wednesday,130,REAR END(VEHICLES IN SAME LANE),3,745805,Not at intersection,3,60,Local Road,BARRY,HUME,-37.6636,144.9214,2022,5,May,18,Afternoon Peak,Weekday
T20220015283,2022-05-11,07:45:00,1,Collision with vehicle,3,Wednesday,130,REAR END(VEHICLES IN SAME LANE),1,778756,Cross intersection,3,80,Arterial Highway,PRINCES,CASEY,-38.025364,145.30515,2022,5,May,7,Morning Peak,Weekday
T20220010681,2022-05-11,20:50:00,8,No collision and no object struck,3,Wednesday,179,OTHER ACCIDENTS-OFF STRAIGHT NOT INCLUDED IN DCAs 170-175,3,717487,Not at intersection,3,80,Arterial Highway,GEELONG,MARIBYRNONG,-37.812206,144.8656,2022,5,May,20,Night,Weekday
T20220010680,2022-05-11,18:10:00,1,Collision with vehicle,3,Wednesday,121,RIGHT THROUGH,3,715572,Cross intersection,3,60,Arterial Other,CRAIGIEBURN,HUME,-37.591663,144.8946,2022,5,May,18,Afternoon Peak,Weekday
T20220010587,2022-05-11,01:15:00,1,Collision with vehicle,3,Wednesday,160,VEHICLE COLLIDES WITH VEHICLE PARKED ON LEFT OF ROAD,3,721001,Not at intersection,3,50,Local Road,BIGGS,BRIMBANK,-37.738148,144.812,2022,5,May,1,Late Night,Weekday
T20220010590,2022-05-11,01:30:00,4,Collision with a fixed object,3,Wednesday,181,OFF RIGHT BEND INTO OBJECT/PARKED VEHICLE,3,717486,Not at intersection,3,70,Arterial Highway,QUEENS,PORT PHILLIP,-37.85772,144.99208,2022,5,May,1,Late Night,Weekday
T20220010743,2022-05-12,16:04:00,1,Collision with vehicle,4,Thursday,130,REAR END(VEHICLES IN SAME LANE),1,55844,Cross intersection,2,100,Local Road,HOLDEN,MELTON,-37.658348,144.70273,2022,5,May,16,Afternoon Peak,Weekday
T20220010812,2022-05-12,10:15:00,7,Fall from or in moving vehicle,4,Thursday,179,OTHER ACCIDENTS-OFF STRAIGHT NOT INCLUDED IN DCAs 170-175,1,712579,Not at intersection,2,100,Arterial Highway,GREAT OCEAN,SURF COAST,-38.378662,144.21112,2022,5,May,10,Midday,Weekday
T20220010751,2022-05-12,18:50:00,1,Collision with vehicle,4,Thursday,130,REAR END(VEHICLES IN SAME LANE),3,715573,Not at intersection,3,60,Arterial Other,WARRIGAL,BOROONDARA,-37.82638,145.0999,2022,5,May,18,Afternoon Peak,Weekday
T20220010749,2022-05-12,18:20:00,2,Struck Pedestrian,4,Thursday,101,PED EMERGES FROM IN FRONT OF PARKED OR STATIONARY VEHICLE,3,714303,Not at intersection,3,40,Local Road,BRUNSWICK,YARRA,-37.806236,144.97713,2022,5,May,18,Afternoon Peak,Weekday
T20220010745,2022-05-12,19:21:00,1,Collision with vehicle,4,Thursday,121,RIGHT THROUGH,3,713277,T intersection,3,80,Local Road,MOUNT COTTRELL,MELTON,-37.70851,144.62018,2022,5,May,19,Night,Weekday
T20220011504,2022-05-12,12:30:00,1,Collision with vehicle,4,Thursday,130,REAR END(VEHICLES IN SAME LANE),1,713276,Not at intersection,3,60,Arterial Other,BUCKLEY,MOONEE VALLEY,-37.756046,144.90817,2022,5,May,12,Midday,Weekday
T20220010730,2022-05-12,14:51:00,6,Vehicle overturned (no collision),4,Thursday,170,OFF CARRIAGEWAY TO LEFT,1,717491,Not at intersection,3,100,Arterial Other,TIMBOON-COLAC,COLAC OTWAY,-38.345184,143.4564,2022,5,May,14,Midday,Weekday
T20220010722,2022-05-12,08:45:00,1,Collision with vehicle,4,Thursday,130,REAR END(VEHICLES IN SAME LANE),1,712506,Not at intersection,3,60,Arterial Highway,COLAC,GEELONG,-38.197243,144.31775,2022,5,May,8,Morning Peak,Weekday
T20220010715,2022-05-12,12:35:00,1,Collision with vehicle,4,Thursday,110,CROSS TRAFFIC(INTERSECTIONS ONLY),1,50032,Multiple intersection,2,50,Local Road,GARDEN,GEELONG,-38.159065,144.36948,2022,5,May,12,Midday,Weekday
T20220010707,2022-05-12,09:45:00,1,Collision with vehicle,4,Thursday,147,VEHICLE STRIKES ANOTHER VEH WHILE EMERGING FROM DRIVEWAY,1,712505,Not at intersection,2,50,Local Road,ABBOTT,BAYSIDE,-37.949196,145.00742,2022,5,May,9,Morning Peak,Weekday
T20220013905,2022-05-12,17:50:00,1,Collision with vehicle,4,Thursday,132,RIGHT REAR.,3,37592,Cross intersection,3,60,Arterial Other,ST KILDA,MELBOURNE,-37.841343,144.9774,2022,5,May,17,Afternoon Peak,Weekday
T20220010742,2022-05-12,19:04:00,2,Struck Pedestrian,4,Thursday,100,PED NEAR SIDE. PED HIT BY VEHICLE FROM THE RIGHT.,3,712507,Not at intersection,2,40,Local Road,HIGHETT,KINGSTON,-37.94884,145.04271,2022,5,May,19,Night,Weekday
T20220013261,2022-05-12,10:55:00,8,No collision and no object struck,4,Thursday,174,OUT OF CONTROL ON CARRIAGEWAY (ON STRAIGHT),1,715048,Not at intersection,3,100,Freeway,FRANKSTON,FRANKSTON,-38.104687,145.13991,2022,5,May,10,Midday,Weekday
T20220010738,2022-05-12,18:10:00,1,Collision with vehicle,4,Thursday,121,RIGHT THROUGH,5,327501,T intersection,2,70,Local Road,LEAKES,MELTON,-37.72866,144.65286,2022,5,May,18,Afternoon Peak,Weekday
T20220010737,2022-05-12,16:00:00,1,Collision with vehicle,4,Thursday,120,HEAD ON (NOT OVERTAKING),2,712299,Not at intersection,3,50,Local Road,MOUNT PLEASANT,NILLUMBIK,-37.725937,145.15796,2022,5,May,16,Afternoon Peak,Weekday
T20220010819,2022-05-12,17:00:00,1,Collision with vehicle,4,Thursday,137,LEFT TURN SIDESWIPE,2,713360,Cross intersection,3,50,Local Road,CANNING,MELBOURNE,-37.797653,144.9729,2022,5,May,17,Afternoon Peak,Weekday
T20220010694,2022-05-12,06:40:00,1,Collision with vehicle,4,Thursday,121,RIGHT THROUGH,3,42660,Cross intersection,3,80,Arterial Highway,STUD,KNOX,-37.94154,145.23038,2022,5,May,6,Morning Peak,Weekday
T20220010752,2022-05-12,20:58:00,2,Struck Pedestrian,4,Thursday,101,PED EMERGES FROM IN FRONT OF PARKED OR STATIONARY VEHICLE,3,712303,T intersection,3,60,Arterial Other,STURT,BALLARAT,-37.560455,143.84613,2022,5,May,20,Night,Weekday
T20220011482,2022-05-12,22:30:00,8,No collision and no object struck,4,Thursday,174,OUT OF CONTROL ON CARRIAGEWAY (ON STRAIGHT),6,39785,Cross intersection,3,80,Arterial Other,DORSET,MAROONDAH,-37.826,145.28758,2022,5,May,22,Night,Weekday
T20220010754,2022-05-12,21:16:00,1,Collision with vehicle,4,Thursday,121,RIGHT THROUGH,3,49068,T intersection,2,70,Arterial Other,TAYLORS,BRIMBANK,-37.72874,144.80774,2022,5,May,21,Night,Weekday
T20220010758,2022-05-12,22:11:00,4,Collision with a fixed object,4,Thursday,181,OFF RIGHT BEND INTO OBJECT/PARKED VEHICLE,5,712306,Not at intersection,3,60,Arterial Highway,PRINCES,EAST GIPPSLAND,-37.8816,147.96454,2022,5,May,22,Night,Weekday
T20220010692,2022-05-12,06:00:00,1,Collision with vehicle,4,Thursday,130,REAR END(VEHICLES IN SAME LANE),3,712289,Not at intersection,3,100,Freeway,MONASH,CASEY,-38.000748,145.2927,2022,5,May,6,Morning Peak,Weekday
T20220014098,2022-05-12,15:50:00,1,Collision with vehicle,4,Thursday,140,U TURN,1,59620,T intersection,3,60,Arterial Other,ARNOLD,BENDIGO,-36.748627,144.28119,2022,5,May,15,Afternoon Peak,Weekday
T20220010689,2022-05-12,05:20:00,4,Collision with a fixed object,4,Thursday,173,RIGHT OFF CARRIAGEWAY INTO OBJECT/PARKED VEHICLE,3,38984,Cross intersection,2,60,Arterial Other,BURWOOD,BOROONDARA,-37.823734,145.0448,2022,5,May,5,Morning Peak,Weekday
T20220010760,2022-05-12,15:34:00,1,Collision with vehicle,4,Thursday,113,RIGHT NEAR (INTERSECTIONS ONLY),1,36374,T intersection,3,70,Arterial Other,HIGH STREET,MONASH,-37.875557,145.17833,2022,5,May,15,Afternoon Peak,Weekday
T20220011589,2022-05-12,06:00:00,1,Collision with vehicle,4,Thursday,120,HEAD ON (NOT OVERTAKING),5,718708,Not at intersection,2,60,Local Road,EXFORD,MELTON,-37.718662,144.5722,2022,5,May,6,Morning Peak,Weekday
T20220010699,2022-05-12,08:48:00,1,Collision with vehicle,4,Thursday,110,CROSS TRAFFIC(INTERSECTIONS ONLY),1,55117,Cross intersection,3,50,Local Road,EYRE,CAMPASPE,-36.133823,144.75745,2022,5,May,8,Morning Peak,Weekday
T20220010687,2022-05-12,00:23:00,1,Collision with vehicle,4,Thursday,160,VEHICLE COLLIDES WITH VEHICLE PARKED ON LEFT OF ROAD,3,714798,Not at intersection,3,40,Arterial Other,SYDNEY,MORELAND,-37.77342,144.96104,2022,5,May,0,Late Night,Weekday
T20220011772,2022-05-12,14:30:00,1,Collision with vehicle,4,Thursday,130,REAR END(VEHICLES IN SAME LANE),1,720906,T intersection,3,70,Arterial Other,BALLARAT,BRIMBANK,-37.774624,144.8091,2022,5,May,14,Midday,Weekday
T20220011065,2022-05-12,03:05:00,1,Collision with vehicle,4,Thursday,133,LANE SIDE SWIPE (VEHICLES IN PARALLEL LANES),3,724088,Not at intersection,3,40,Freeway,MELBOURNE-WEST GATE OUT,HOBSONS BAY,-37.82596,144.88017,2022,5,May,3,Late Night,Weekday
T20220011080,2022-05-12,16:02:00,1,Collision with vehicle,4,Thursday,146,REVERSING INTO FIXED OBJECT/PARKED VEHICLE,1,717494,Not at intersection,3,50,Local Road,MENZIES,DANDENONG,-37.965954,145.20903,2022,5,May,16,Afternoon Peak,Weekday
T20220010696,2022-05-12,09:00:00,1,Collision with vehicle,4,Thursday,110,CROSS TRAFFIC(INTERSECTIONS ONLY),1,51948,Cross intersection,3,60,Local Road,FRANCIS,EAST GIPPSLAND,-37.82564,147.62097,2022,5,May,9,Morning Peak,Weekday
T20220011421,2022-05-12,09:00:00,1,Collision with vehicle,4,Thursday,130,REAR END(VEHICLES IN SAME LANE),1,774646,Not at intersection,3,50,Local Road,FORREST,BRIMBANK,-37.783676,144.81102,2022,5,May,9,Morning Peak,Weekday
T20220010684,2022-05-12,00:36:00,4,Collision with a fixed object,4,Thursday,181,OFF RIGHT BEND INTO OBJECT/PARKED VEHICLE,3,712287,T intersection,3,50,Local Road,LEANE,NILLUMBIK,-37.698082,145.16188,2022,5,May,0,Late Night,Weekday