ACCIDENT_NO,ACCIDENT_DATE,ACCIDENT_TIME,ACCIDENT_TYPE,ACCIDENT_TYPE_DESC,DAY_OF_WEEK,DAY_WEEK_DESC,DCA_CODE,DCA_DESC,LIGHT_CONDITION,NODE_ID,ROAD_GEOMETRY_DESC,SEVERITY,SPEED_ZONE,RMA,ROAD_NAME,LGA_NAME,LATITUDE,LONGITUDE,YEAR,MONTH,MONTH_NAME,HOUR,TIME_PERIOD,DAY_TYPE
T20220011715,2022-05-12,16:56:00,1,Collision with vehicle,4,Thursday,130,REAR END(VEHICLES IN SAME LANE),1,718453,Not at intersection,3,60,Arterial Other,MURRAY,DAREBIN,-37.736492,144.98962,2022,5,May,16,Afternoon Peak,Weekday
T20220010736,2022-05-12,18:15:00,2,Struck Pedestrian,4,Thursday,104,PED WALKING WITH TRAFFIC,5,718154,Not at intersection,3,60,Local Road,WALLINGTON,GEELONG,-38.263157,144.51277,2022,5,May,18,Afternoon Peak,Weekday
T20220010795,2022-05-12,13:14:00,1,Collision with vehicle,4,Thursday,110,CROSS TRAFFIC(INTERSECTIONS ONLY),1,35371,Cross intersection,3,50,Arterial Other,JOLIMONT,MELBOURNE,-37.816467,144.97905,2022,5,May,13,Midday,Weekday
T20220010858,2022-05-13,17:55:00,1,Collision with vehicle,5,Friday,130,REAR END(VEHICLES IN SAME LANE),3,712510,Not at intersection,2,70,Arterial Highway,SURFCOAST,GEELONG,-38.215744,144.33868,2022,5,May,17,Afternoon Peak,Weekday
T20220010834,2022-05-13,19:55:00,1,Collision with vehicle,5,Friday,113,RIGHT NEAR (INTERSECTIONS ONLY),3,355313,Cross intersection,3,80,Arterial Highway,MOOROOLBARK,YARRA RANGES,-37.76122,145.33429,2022,5,May,19,Night,Weekday
T20220010832,2022-05-13,19:53:00,1,Collision with vehicle,5,Friday,137,LEFT TURN SIDESWIPE,1,712313,Not at intersection,3,50,Local Road,MACAULAY,MELBOURNE,-37.79468,144.93227,2022,5,May,19,Night,Weekday
T20220011134,2022-05-13,07:35:00,1,Collision with vehicle,5,Friday,148,VEHICLE OFF FOOTPATH STRIKES VEH ON CARRIAGEWAY,2,712525,Not at intersection,3,60,Arterial Other,CHESTERVILLE,KINGSTON,-37.94927,145.05872,2022,5,May,7,Morning Peak,Weekday
T20220010787,2022-05-13,08:29:00,1,Collision with vehicle,5,Friday,119,OTHER ADJACENT (INTERSECTIONS ONLY),1,39135,T intersection,3,40,Arterial Other,WHITEHORSE,BOROONDARA,-37.812294,145.07677,2022,5,May,8,Morning Peak,Weekday
T20220010829,2022-05-13,17:55:00,1,Collision with vehicle,5,Friday,110,CROSS TRAFFIC(INTERSECTIONS ONLY),2,56741,Cross intersection,2,80,Local Road,CENTRAL,CASEY,-38.09461,145.25533,2022,5,May,17,Afternoon Peak,Weekday
T20220012328,2022-05-13,10:50:00,2,Struck Pedestrian,5,Friday,107,PED ON FOOTHPATH STRUCK BY VEHENTERING/LEAVING DRIVEWAY.,1,713810,Not at intersection,3,50,Local Road,ORRONG,GLEN EIRA,-37.88463,145.00587,2022,5,May,10,Midday,Weekday
T20220010765,2022-05-13,00:54:00,1,Collision with vehicle,5,Friday,110,CROSS TRAFFIC(INTERSECTIONS ONLY),3,332537,Cross intersection,3,70,Arterial Highway,KINGSBURY,DAREBIN,-37.71695,145.04283,2022,5,May,0,Late Night,Weekday
T20220016139,2022-05-13,16:20:00,1,Collision with vehicle,5,Friday,131,LEFT REAR,1,25152,Not at intersection,3,80,Arterial Other,WESTALL,DANDENONG,-37.936764,145.14081,2022,5,May,16,Afternoon Peak,Weekday
T20220010772,2022-05-13,09:20:00,1,Collision with vehicle,5,Friday,121,RIGHT THROUGH,1,774633,Not at intersection,3,60,Local Road,BENNET,DANDENONG,-37.988567,145.1992,2022,5,May,9,Morning Peak,Weekday
T20220010774,2022-05-13,07:25:00,1,Collision with vehicle,5,Friday,130,REAR END(VEHICLES IN SAME LANE),1,712508,Multiple intersection,3,80,Arterial Highway,FRANKSTON-DANDENONG,FRANKSTON,-38.108658,145.16214,2022,5,May,7,Morning Peak,Weekday
T20220010925,2022-05-13,06:12:00,1,Collision with vehicle,5,Friday,134,LANE CHANGE RIGHT (NOT OVERTAKING),2,717575,Not at intersection,2,80,Freeway,WEST GATE,MARIBYRNONG,-37.824337,144.86122,2022,5,May,6,Morning Peak,Weekday
T20220010777,2022-05-13,09:35:00,2,Struck Pedestrian,5,Friday,100,PED NEAR SIDE. PED HIT BY VEHICLE FROM THE RIGHT.,1,341668,Cross intersection,3,60,Arterial Other,WELLS,KINGSTON,-38.028107,145.13104,2022,5,May,9,Morning Peak,Weekday
T20220011260,2022-05-13,16:49:00,6,Vehicle overturned (no collision),5,Friday,174,OUT OF CONTROL ON CARRIAGEWAY (ON STRAIGHT),1,781908,Not at intersection,3,80,Local Road,TARLETONS,MELTON,-37.7007,144.6855,2022,5,May,16,Afternoon Peak,Weekday
T20220019464,2022-05-13,13:30:00,7,Fall from or in moving vehicle,5,Friday,190,FELL IN/FROM VEHICLE,1,727273,Not at intersection,2,100,Local Road,OCCUPATION,MOYNE,-38.26843,142.75653,2022,5,May,13,Midday,Weekday
T20220016718,2022-05-13,08:05:00,4,Collision with a fixed object,5,Friday,171,LEFT OFF CARRIAGEWAY INTO OBJECT/PARKED VEHICLE,1,775962,Not at intersection,3,60,Local Road,DUBLIN,MAROONDAH,-37.803165,145.24751,2022,5,May,8,Morning Peak,Weekday
T20220010790,2022-05-13,07:10:00,4,Collision with a fixed object,5,Friday,175,OFF END OF ROAD/T-INTERSECTION.,2,717573,T intersection,3,40,Local Road,DRYBURGH,MELBOURNE,-37.796116,144.94472,2022,5,May,7,Morning Peak,Weekday
T20220010818,2022-05-13,16:00:00,1,Collision with vehicle,5,Friday,130,REAR END(VEHICLES IN SAME LANE),1,774638,Not at intersection,2,80,Arterial Other,THOMPSONS,CASEY,-38.08074,145.26437,2022,5,May,16,Afternoon Peak,Weekday
T20220010793,2022-05-13,11:38:00,2,Struck Pedestrian,5,Friday,100,PED NEAR SIDE. PED HIT BY VEHICLE FROM THE RIGHT.,1,42744,Cross intersection,2,80,Arterial Highway,NEPEAN,KINGSTON,-37.965664,145.0578,2022,5,May,11,Midday,Weekday
T20220010797,2022-05-13,08:30:00,1,Collision with vehicle,5,Friday,130,REAR END(VEHICLES IN SAME LANE),1,774634,Not at intersection,3,80,Freeway,CITYLINK,MELBOURNE,-37.802723,144.93573,2022,5,May,8,Morning Peak,Weekday
T20220010798,2022-05-13,14:22:00,4,Collision with a fixed object,5,Friday,173,RIGHT OFF CARRIAGEWAY INTO OBJECT/PARKED VEHICLE,1,717574,Not at intersection,3,50,Local Road,WILSON,NILLUMBIK,-37.657955,145.17484,2022,5,May,14,Midday,Weekday
T20220012483,2022-05-13,18:10:00,1,Collision with vehicle,5,Friday,130,REAR END(VEHICLES IN SAME LANE),6,774574,Not at intersection,3,70,Arterial Other,BALLARAT,BRIMBANK,-37.770504,144.7756,2022,5,May,18,Afternoon Peak,Weekday
T20220010803,2022-05-13,13:00:00,1,Collision with vehicle,5,Friday,113,RIGHT NEAR (INTERSECTIONS ONLY),1,774635,T intersection,3,80,Arterial Other,DAYLESFORD-MALMSBURY,HEPBURN,-37.282875,144.28833,2022,5,May,13,Midday,Weekday
T20220010830,2022-05-13,17:55:00,1,Collision with vehicle,5,Friday,130,REAR END(VEHICLES IN SAME LANE),3,306656,Not at intersection,2,80,Arterial Highway,DANDENONG,MONASH,-37.89357,145.09195,2022,5,May,17,Afternoon Peak,Weekday
T20220010783,2022-05-13,08:45:00,1,Collision with vehicle,5,Friday,130,REAR END(VEHICLES IN SAME LANE),1,717572,Not at intersection,3,60,Arterial Other,DONNYBROOK,HUME,-37.540474,144.94551,2022,5,May,8,Morning Peak,Weekday
T20220010806,2022-05-13,11:01:00,1,Collision with vehicle,5,Friday,130,REAR END(VEHICLES IN SAME LANE),1,715699,Not at intersection,2,100,Freeway,FRANKSTON,FRANKSTON,-38.13958,145.13657,2022,5,May,11,Midday,Weekday
T20220010808,2022-05-13,13:05:00,1,Collision with vehicle,5,Friday,130,REAR END(VEHICLES IN SAME LANE),1,774636,Cross intersection,3,60,Local Road,COLCHESTER,MAROONDAH,-37.821438,145.30424,2022,5,May,13,Midday,Weekday
T20220010876,2022-05-13,08:30:00,1,Collision with vehicle,5,Friday,120,HEAD ON (NOT OVERTAKING),1,780082,Not at intersection,3,100,Arterial Other,LOCKWOOD,BENDIGO,-36.81119,144.17488,2022,5,May,8,Morning Peak,Weekday
T20220010821,2022-05-13,15:10:00,4,Collision with a fixed object,5,Friday,171,LEFT OFF CARRIAGEWAY INTO OBJECT/PARKED VEHICLE,1,719093,Not at intersection,2,100,Local Road,GREEN LAKE,HORSHAM,-36.862617,142.28506,2022,5,May,15,Afternoon Peak,Weekday
T20220010809,2022-05-13,12:30:00,2,Struck Pedestrian,5,Friday,100,PED NEAR SIDE. PED HIT BY VEHICLE FROM THE RIGHT.,1,774637,T intersection,2,40,Arterial Other,BARWON HEADS,GEELONG,-38.18384,144.35426,2022,5,May,12,Midday,Weekday
T20220010826,2022-05-13,15:45:00,1,Collision with vehicle,5,Friday,132,RIGHT REAR.,1,335706,Cross intersection,3,60,Arterial Other,HALLAM,CASEY,-38.02847,145.26877,2022,5,May,15,Afternoon Peak,Weekday
T20220010855,2022-05-13,22:18:00,1,Collision with vehicle,5,Friday,162,ACCIDENT OR BROKEN DOWN,3,718444,Not at intersection,2,80,Freeway,CALDER,BRIMBANK,-37.716564,144.8366,2022,5,May,22,Night,Weekday
T20220010784,2022-05-13,10:02:00,1,Collision with vehicle,5,Friday,113,RIGHT NEAR (INTERSECTIONS ONLY),1,61656,T intersection,3,50,Local Road,UNITT,MELTON,-37.681515,144.58817,2022,5,May,10,Midday,Weekday
T20220010851,2022-05-13,18:43:00,1,Collision with vehicle,5,Friday,130,REAR END(VEHICLES IN SAME LANE),3,778767,Not at intersection,3,80,Freeway,WEST GATE IN-MONTAGUE,MELBOURNE,-37.825603,144.94307,2022,5,May,18,Afternoon Peak,Weekday
T20220010849,2022-05-13,20:30:00,4,Collision with a fixed object,5,Friday,171,LEFT OFF CARRIAGEWAY INTO OBJECT/PARKED VEHICLE,3,716980,Not at intersection,2,50,Local Road,ESSEX PARK,CASEY,-37.966328,145.24074,2022,5,May,20,Night,Weekday
T20220010844,2022-05-13,16:45:00,1,Collision with vehicle,5,Friday,113,RIGHT NEAR (INTERSECTIONS ONLY),1,278694,T intersection,3,70,Local Road,ALAMANDA,WYNDHAM,-37.89894,144.74207,2022,5,May,16,Afternoon Peak,Weekday
T20220010843,2022-05-13,17:18:00,1,Collision with vehicle,5,Friday,121,RIGHT THROUGH,3,712509,Cross intersection,2,50,Local Road,KINGSWAY,WHITTLESEA,-37.66432,145.00534,2022,5,May,17,Afternoon Peak,Weekday
T20220010841,2022-05-13,18:30:00,1,Collision with vehicle,5,Friday,110,CROSS TRAFFIC(INTERSECTIONS ONLY),3,51561,Cross intersection,3,60,Arterial Highway,EAGLEHAWK,BENDIGO,-36.746918,144.2581,2022,5,May,18,Afternoon Peak,Weekday
T20220010840,2022-05-13,06:30:00,1,Collision with vehicle,5,Friday,130,REAR END(VEHICLES IN SAME LANE),2,238675,Cross intersection,3,60,Local Road,MILLER,WHITTLESEA,-37.636963,145.02185,2022,5,May,6,Morning Peak,Weekday
T20220010838,2022-05-13,15:44:00,1,Collision with vehicle,5,Friday,130,REAR END(VEHICLES IN SAME LANE),1,39303,T intersection,3,60,Arterial Other,TRAM,MANNINGHAM,-37.790092,145.12537,2022,5,May,15,Afternoon Peak,Weekday
T20220010814,2022-05-13,17:13:00,1,Collision with vehicle,5,Friday,121,RIGHT THROUGH,1,22502,Cross intersection,3,60,Arterial Other,LEARMONTH,BALLARAT,-37.524853,143.80957,2022,5,May,17,Afternoon Peak,Weekday
T20220010837,2022-05-13,17:10:00,1,Collision with vehicle,5,Friday,110,CROSS TRAFFIC(INTERSECTIONS ONLY),1,49703,Cross intersection,3,60,Arterial Other,ST GEORGES,GEELONG,-38.08609,144.37442,2022,5,May,17,Afternoon Peak,Weekday
T20220013105,2022-05-13,09:30:00,8,No collision and no object struck,5,Friday,174,OUT OF CONTROL ON CARRIAGEWAY (ON STRAIGHT),1,723449,Cross intersection,2,40,Local Road,SOUTHBANK,MELBOURNE,-37.823185,144.96608,2022,5,May,9,Morning Peak,Weekday
T20220010937,2022-05-14,12:20:00,4,Collision with a fixed object,6,Saturday,171,LEFT OFF CARRIAGEWAY INTO OBJECT/PARKED VEHICLE,1,717579,Not at intersection,3,60,Arterial Other,HEATHS,WYNDHAM,-37.88763,144.6417,2022,5,May,12,Midday,Weekend
T20220012607,2022-05-14,23:10:00,1,Collision with vehicle,6,Saturday,134,LANE CHANGE RIGHT (NOT OVERTAKING),3,714541,Not at intersection,3,80,Arterial Highway,GEELONG,MARIBYRNONG,-37.804092,144.88258,2022,5,May,23,Night,Weekend
T20220011894,2022-05-14,12:45:00,1,Collision with vehicle,6,Saturday,131,LEFT REAR,1,38192,Cross intersection,3,50,Arterial Highway,UPPER HEIDELBERG,BANYULE,-37.75506,145.05638,2022,5,May,12,Midday,Weekend
T20220011081,2022-05-14,04:20:00,1,Collision with vehicle,6,Saturday,110,CROSS TRAFFIC(INTERSECTIONS ONLY),3,37585,Cross intersection,3,60,Arterial Highway,PRINCES HIGHWAY,PORT PHILLIP,-37.83635,144.9732,2022,5,May,4,Late Night,Weekend
T20220011236,2022-05-14,04:35:00,1,Collision with vehicle,6,Saturday,130,REAR END(VEHICLES IN SAME LANE),3,714405,Not at intersection,3,60,Arterial Highway,FOSTER,DANDENONG,-37.9885,145.21826,2022,5,May,4,Late Night,Weekend
T20220014058,2022-05-14,21:24:00,1,Collision with vehicle,6,Saturday,110,CROSS TRAFFIC(INTERSECTIONS ONLY),3,62904,Cross intersection,3,50,Local Road,DOUGHARTY,BANYULE,-37.735394,145.05823,2022,5,May,21,Night,Weekend
T20220010902,2022-05-14,17:46:00,1,Collision with vehicle,6,Saturday,130,REAR END(VEHICLES IN SAME LANE),2,715748,Not at intersection,3,60,Arterial Highway,BULLEEN,BOROONDARA,-37.779224,145.0787,2022,5,May,17,Afternoon Peak,Weekend
T20220010936,2022-05-14,15:17:00,1,Collision with vehicle,6,Saturday,121,RIGHT THROUGH,1,617,Cross intersection,3,60,Arterial Other,BLACKBURN,MONASH,-37.872204,145.14839,2022,5,May,15,Afternoon Peak,Weekend
T20220010922,2022-05-14,04:00:00,1,Collision with vehicle,6,Saturday,121,RIGHT THROUGH,3,12928,T intersection,3,60,Freeway,MT ALEXANDER,MOONEE VALLEY,-37.785995,144.93912,2022,5,May,4,Late Night,Weekend
T20220010916,2022-05-14,03:00:00,4,Collision with a fixed object,6,Saturday,173,RIGHT OFF CARRIAGEWAY INTO OBJECT/PARKED VEHICLE,5,714707,Not at intersection,3,60,Local Road,GOLD MEMORIAL,MANNINGHAM,-37.75603,145.22496,2022,5,May,3,Late Night,Weekend
T20220010914,2022-05-14,20:34:00,1,Collision with vehicle,6,Saturday,133,LANE SIDE SWIPE (VEHICLES IN PARALLEL LANES),3,774553,Not at intersection,3,100,Freeway,MONASH,MONASH,-37.88818,145.11288,2022,5,May,20,Night,Weekend
T20220010908,2022-05-14,19:48:00,2,Struck Pedestrian,6,Saturday,108,PED STRUCK WALKING TO/FROM OR BOARDING/ALIGHTING VEHICLE.,3,781916,Not at intersection,3,50,Local Road,SWALLOW,PORT PHILLIP,-37.838623,144.93271,2022,5,May,19,Night,Weekend
T20220010900,2022-05-14,18:40:00,1,Collision with vehicle,6,Saturday,160,VEHICLE COLLIDES WITH VEHICLE PARKED ON LEFT OF ROAD,3,717581,Not at intersection,3,50,Local Road,HIGHFIELD,MONASH,-37.925808,145.15288,2022,5,May,18,Afternoon Peak,Weekend
T20220010899,2022-05-14,18:35:00,1,Collision with vehicle,6,Saturday,110,CROSS TRAFFIC(INTERSECTIONS ONLY),5,15359,Cross intersection,2,60,Local Road,OHALLORANS,GEELONG,-38.020878,144.3779,2022,5,May,18,Afternoon Peak,Weekend
T20220020069,2022-05-14,11:25:00,1,Collision with vehicle,6,Saturday,130,REAR END(VEHICLES IN SAME LANE),1,50154,Cross intersection,3,80,Arterial Highway,BELLARINE,GEELONG,-38.17853,144.42026,2022,5,May,11,Midday,Weekend
T20220010898,2022-05-14,18:00:00,1,Collision with vehicle,6,Saturday,130,REAR END(VEHICLES IN SAME LANE),3,712511,Not at intersection,3,70,Arterial Highway,WARRIGAL,KINGSTON,-37.944836,145.07852,2022,5,May,18,Afternoon Peak,Weekend
T20220010896,2022-05-14,16:55:00,1,Collision with vehicle,6,Saturday,121,RIGHT THROUGH,1,717578,Not at intersection,3,60,Arterial Other,ESPLANADE,BAYSIDE,-37.91828,144.98773,2022,5,May,16,Afternoon Peak,Weekend
T20220010893,2022-05-14,16:00:00,1,Collision with vehicle,6,Saturday,130,REAR END(VEHICLES IN SAME LANE),1,712721,Not at intersection,3,60,Arterial Other,MOUNTAIN,KNOX,-37.84085,145.266,2022,5,May,16,Afternoon Peak,Weekend
T20220010891,2022-05-14,15:10:00,4,Collision with a fixed object,6,Saturday,171,LEFT OFF CARRIAGEWAY INTO OBJECT/PARKED VEHICLE,1,717576,Not at intersection,3,100,Local Road,PLANTATION,BENDIGO,-36.871456,144.7428,2022,5,May,15,Afternoon Peak,Weekend
T20220010886,2022-05-14,14:20:00,1,Collision with vehicle,6,Saturday,110,CROSS TRAFFIC(INTERSECTIONS ONLY),9,35942,Cross intersection,2,60,Arterial Other,MORELAND,MORELAND,-37.75568,144.96599,2022,5,May,14,Midday,Weekend
T20220010884,2022-05-14,06:13:00,6,Vehicle overturned (no collision),6,Saturday,174,OUT OF CONTROL ON CARRIAGEWAY (ON STRAIGHT),5,774639,Not at intersection,3,60,Arterial Highway,WALKER,ARARAT,-37.688255,142.72092,2022,5,May,6,Morning Peak,Weekend
T20220010875,2022-05-14,12:40:00,1,Collision with vehicle,6,Saturday,110,CROSS TRAFFIC(INTERSECTIONS ONLY),1,242278,Cross intersection,3,80,Arterial Other,PRINCES,CARDINIA,-38.06316,145.46008,2022,5,May,12,Midday,Weekend
T20220010874,2022-05-14,06:30:00,6,Vehicle overturned (no collision),6,Saturday,170,OFF CARRIAGEWAY TO LEFT,9,719409,Not at intersection,2,50,Local Road,BROADHURST,DAREBIN,-37.70844,145.00407,2022,5,May,6,Morning Peak,Weekend
T20220011160,2022-05-14,09:30:00,8,No collision and no object struck,6,Saturday,180,OFF CARRIAGEWAY ON RIGHT BEND,1,712368,Not at intersection,3,100,Local Road,VICTORIA,GOLDEN PLAINS,-37.684704,143.7261,2022,5,May,9,Morning Peak,Weekend
T20220015219,2022-05-14,14:20:00,1,Collision with vehicle,6,Saturday,135,LANE CHANGE LEFT (NOT OVERTAKING),1,199459,T intersection,3,80,Arterial Highway,NEPEAN,KINGSTON,-37.95774,145.05214,2022,5,May,14,Midday,Weekend
T20220010895,2022-05-14,13:43:00,1,Collision with vehicle,6,Saturday,130,REAR END(VEHICLES IN SAME LANE),1,712722,T intersection,2,60,Arterial Other,HULL,MAROONDAH,-37.7969,145.29187,2022,5,May,13,Midday,Weekend
T20220010910,2022-05-14,16:10:00,1,Collision with vehicle,6,Saturday,110,CROSS TRAFFIC(INTERSECTIONS ONLY),1,52882,Cross intersection,3,50,Local Road,DANA,BALLARAT,-37.56313,143.84856,2022,5,May,16,Afternoon Peak,Weekend
T20220010956,2022-05-15,11:50:00,1,Collision with vehicle,7,Sunday,113,RIGHT NEAR (INTERSECTIONS ONLY),1,43103,T intersection,3,60,Local Road,BOX,DANDENONG,-37.99593,145.22464,2022,5,May,11,Midday,Weekend
T20220010955,2022-05-15,11:55:00,1,Collision with vehicle,7,Sunday,130,REAR END(VEHICLES IN SAME LANE),1,712512,Not at intersection,2,100,Arterial Highway,MURRAY VALLEY,MOIRA,-36.065617,146.17654,2022,5,May,11,Midday,Weekend
T20220010954,2022-05-15,12:18:00,1,Collision with vehicle,7,Sunday,121,RIGHT THROUGH,1,68632,T intersection,2,60,Arterial Other,FORSTER,MONASH,-37.889603,145.13107,2022,5,May,12,Midday,Weekend
T20220010951,2022-05-15,10:45:00,3,Struck animal,7,Sunday,167,STRUCK ANIMAL,1,712320,Not at intersection,2,80,Arterial Other,GREENDALE-TRENTHAM,MOORABOOL,-37.454235,144.29561,2022,5,May,10,Midday,Weekend
T20220010943,2022-05-15,09:00:00,1,Collision with vehicle,7,Sunday,113,RIGHT NEAR (INTERSECTIONS ONLY),1,282822,Cross intersection,3,60,Freeway,WARRIGAL,STONNINGTON,-37.8824,145.09036,2022,5,May,9,Morning Peak,Weekend
T20220010959,2022-05-15,13:40:00,2,Struck Pedestrian,7,Sunday,102,FAR SIDE. PED HIT BY VEHICLE FROM THE LEFT,1,717585,T intersection,3,40,Local Road,BARKLY,STONNINGTON,-37.86046,145.02858,2022,5,May,13,Midday,Weekend
T20220011961,2022-05-15,15:40:00,1,Collision with vehicle,7,Sunday,121,RIGHT THROUGH,1,713507,Cross intersection,3,40,Local Road,NEERIM,GLEN EIRA,-37.886276,145.03812,2022,5,May,15,Afternoon Peak,Weekend
T20220010960,2022-05-15,13:00:00,6,Vehicle overturned (no collision),7,Sunday,182,OFF CARRIAGEWAY ON LEFT BEND,1,712322,Not at intersection,3,60,Local Road,TOORA-GUNYAH,WELLINGTON,-38.541473,146.3177,2022,5,May,13,Midday,Weekend
T20220010989,2022-05-15,19:20:00,1,Collision with vehicle,7,Sunday,147,VEHICLE STRIKES ANOTHER VEH WHILE EMERGING FROM DRIVEWAY,3,712516,Not at intersection,3,50,Local Road,STADIUM,MONASH,-37.92462,145.18707,2022,5,May,19,Night,Weekend
T20220010965,2022-05-15,14:48:00,2,Struck Pedestrian,7,Sunday,102,FAR SIDE. PED HIT BY VEHICLE FROM THE LEFT,1,712513,Not at intersection,3,50,Arterial Other,LEARMONTH ROAD SERVICE,BALLARAT,-37.526863,143.8119,2022,5,May,14,Midday,Weekend
T20220012296,2022-05-15,16:30:00,9,Other accident,7,Sunday,179,OTHER ACCIDENTS-OFF STRAIGHT NOT INCLUDED IN DCAs 170-175,1,714099,Not at intersection,3,50,Local Road,NEWTON,BENDIGO,-36.70819,144.24792,2022,5,May,16,Afternoon Peak,Weekend
T20220011010,2022-05-15,23:00:00,4,Collision with a fixed object,7,Sunday,173,RIGHT OFF CARRIAGEWAY INTO OBJECT/PARKED VEHICLE,5,719779,Not at intersection,2,100,Arterial Highway,GLENELG,SOUTHERN GRAMPIANS,-37.581596,141.61166,2022,5,May,23,Night,Weekend
T20220010968,2022-05-15,12:00:00,8,No collision and no object struck,7,Sunday,174,OUT OF CONTROL ON CARRIAGEWAY (ON STRAIGHT),1,712514,Not at intersection,3,80,Local Road,CHINAMAN,ARARAT,-37.250626,143.19548,2022,5,May,12,Midday,Weekend
T20220015119,2022-05-15,17:00:00,1,Collision with vehicle,7,Sunday,121,RIGHT THROUGH,1,29831,T intersection,3,60,Arterial Other,MT ALEXANDER,MOONEE VALLEY,-37.77047,144.92607,2022,5,May,17,Afternoon Peak,Weekend
T20220010971,2022-05-15,14:54:00,1,Collision with vehicle,7,Sunday,130,REAR END(VEHICLES IN SAME LANE),1,721004,Not at intersection,3,60,Arterial Other,HIGH,DAREBIN,-37.71256,145.0083,2022,5,May,14,Midday,Weekend
T20220012283,2022-05-15,15:00:00,1,Collision with vehicle,7,Sunday,111,RIGHT FAR (INTERSECTIONS ONLY),1,774652,Cross intersection,3,100,Arterial Other,MURCHISON-VIOLET TOWN,STRATHBOGIE,-36.61235,145.31787,2022,5,May,15,Afternoon Peak,Weekend
T20220010991,2022-05-15,14:50:00,1,Collision with vehicle,7,Sunday,130,REAR END(VEHICLES IN SAME LANE),1,714909,Not at intersection,3,80,Freeway,TULLAMARINE IN-BULLA,MOONEE VALLEY,-37.73372,144.89445,2022,5,May,14,Midday,Weekend
T20220010974,2022-05-15,15:50:00,1,Collision with vehicle,7,Sunday,130,REAR END(VEHICLES IN SAME LANE),1,775190,Not at intersection,3,60,Arterial Other,WANTIRNA,KNOX,-37.847317,145.22714,2022,5,May,15,Afternoon Peak,Weekend
T20220010978,2022-05-15,14:27:00,4,Collision with a fixed object,7,Sunday,171,LEFT OFF CARRIAGEWAY INTO OBJECT/PARKED VEHICLE,1,717586,Not at intersection,2,100,Freeway,EASTLINK,DANDENONG,-38.035984,145.18915,2022,5,May,14,Midday,Weekend
T20220011361,2022-05-15,16:35:00,1,Collision with vehicle,7,Sunday,130,REAR END(VEHICLES IN SAME LANE),2,719507,Not at intersection,3,80,Arterial Highway,PRINCES HIGHWAY,BAW BAW,-38.20445,146.07417,2022,5,May,16,Afternoon Peak,Weekend
T20220010985,2022-05-15,17:30:00,1,Collision with vehicle,7,Sunday,120,HEAD ON (NOT OVERTAKING),2,713796,Not at intersection,2,80,Arterial Other,LANCEFIELD-TOOBORAC,MACEDON RANGES,-37.231205,144.74042,2022,5,May,17,Afternoon Peak,Weekend
T20220011150,2022-05-15,17:30:00,1,Collision with vehicle,7,Sunday,130,REAR END(VEHICLES IN SAME LANE),2,712623,Not at intersection,3,60,Arterial Other,CLAYTON,MONASH,-37.899624,145.1244,2022,5,May,17,Afternoon Peak,Weekend
T20220010986,2022-05-15,18:00:00,1,Collision with vehicle,7,Sunday,132,RIGHT REAR.,3,763302,Cross intersection,2,60,Arterial Other,BRIDGE,BALLARAT,-37.599434,143.845,2022,5,May,18,Afternoon Peak,Weekend
T20220010964,2022-05-15,10:30:00,4,Collision with a fixed object,7,Sunday,171,LEFT OFF CARRIAGEWAY INTO OBJECT/PARKED VEHICLE,1,717626,Not at intersection,3,80,Arterial Highway,LAMBERT,ARARAT,-37.26767,142.91943,2022,5,May,10,Midday,Weekend
T20220011699,2022-05-16,20:30:00,1,Collision with vehicle,1,Monday,140,U TURN,3,728804,Not at intersection,3,60,Arterial Other,SYDNEY,MORELAND,-37.73643,144.96638,2022,5,May,20,Night,Weekday
T20220011102,2022-05-16,20:15:00,1,Collision with vehicle,1,Monday,120,HEAD ON (NOT OVERTAKING),3,718448,Not at intersection,3,60,Arterial Other,MCINTYRE,BRIMBANK,-37.756966,144.83241,2022,5,May,20,Night,Weekday
T20220011016,2022-05-16,08:38:00,4,Collision with a fixed object,1,Monday,171,LEFT OFF CARRIAGEWAY INTO OBJECT/PARKED VEHICLE,1,712213,Not at intersection,1,100,Arterial Highway,GOULBURN VALLEY,MITCHELL,-37.039185,145.15996,2022,5,May,8,Morning Peak,Weekday
T20220011017,2022-05-16,08:45:00,1,Collision with vehicle,1,Monday,130,REAR END(VEHICLES IN SAME LANE),1,774640,Not at intersection,3,60,Arterial Other,MT ALEXANDER,MOONEE VALLEY,-37.787598,144.94035,2022,5,May,8,Morning Peak,Weekday
T20220011018,2022-05-16,09:00:00,1,Collision with vehicle,1,Monday,135,LANE CHANGE LEFT (NOT OVERTAKING),1,717666,Not at intersection,3,70,Arterial Other,MICKLEHAM,HUME,-37.68406,144.88316,2022,5,May,9,Morning Peak,Weekday
T20220011020,2022-05-16,09:01:00,1,Collision with vehicle,1,Monday,113,RIGHT NEAR (INTERSECTIONS ONLY),1,49713,T intersection,2,60,Arterial Other,THOMPSON,GEELONG,-38.09004,144.34743,2022,5,May,9,Morning Peak,Weekday
T20220011023,2022-05-16,05:44:00,1,Collision with vehicle,1,Monday,134,LANE CHANGE RIGHT (NOT OVERTAKING),2,234103,Not at intersection,2,100,Freeway,WESTERN RING,BRIMBANK,-37.800453,144.79823,2022,5,May,5,Morning Peak,Weekday
T20220011026,2022-05-16,09:35:00,1,Collision with vehicle,1,Monday,160,VEHICLE COLLIDES WITH VEHICLE PARKED ON LEFT OF ROAD,1,712580,Not at intersection,2,70,Arterial Other,DALTON,WHITTLESEA,-37.67147,145.0315,2022,5,May,9,Morning Peak,Weekday