ACCIDENT_NO,ACCIDENT_DATE,ACCIDENT_TIME,ACCIDENT_TYPE,ACCIDENT_TYPE_DESC,DAY_OF_WEEK,DAY_WEEK_DESC,DCA_CODE,DCA_DESC,LIGHT_CONDITION,NODE_ID,ROAD_GEOMETRY_DESC,SEVERITY,SPEED_ZONE,RMA,ROAD_NAME,LGA_NAME,LATITUDE,LONGITUDE,YEAR,MONTH,MONTH_NAME,HOUR,TIME_PERIOD,DAY_TYPE
T20220011235,2022-05-16,10:10:00,1,Collision with vehicle,1,Monday,147,VEHICLE STRIKES ANOTHER VEH WHILE EMERGING FROM DRIVEWAY,1,712869,Not at intersection,3,50,Local Road,MITTA MITTA,WHITTLESEA,-37.613773,145.09467,2022,5,May,10,Midday,Weekday
T20220011034,2022-05-16,10:40:00,3,Struck animal,1,Monday,167,STRUCK ANIMAL,1,712517,Not at intersection,2,100,Arterial Other,WESTERNPORT,BAW BAW,-38.209385,145.7527,2022,5,May,10,Midday,Weekday
T20220011035,2022-05-16,07:20:00,1,Collision with vehicle,1,Monday,110,CROSS TRAFFIC(INTERSECTIONS ONLY),1,43650,Cross intersection,3,50,Local Road,GLOUCESTER,CASEY,-38.03324,145.34592,2022,5,May,7,Morning Peak,Weekday
T20220011251,2022-05-16,16:28:00,1,Collision with vehicle,1,Monday,130,REAR END(VEHICLES IN SAME LANE),1,721005,Not at intersection,3,100,Freeway,METROPOLITAN RING,WHITTLESEA,-37.686558,145.02579,2022,5,May,16,Afternoon Peak,Weekday
T20220011037,2022-05-16,08:57:00,1,Collision with vehicle,1,Monday,113,RIGHT NEAR (INTERSECTIONS ONLY),1,43034,Cross intersection,3,40,Local Road,HUTTON,DANDENONG,-37.987267,145.21095,2022,5,May,8,Morning Peak,Weekday
T20220011046,2022-05-16,09:20:00,1,Collision with vehicle,1,Monday,113,RIGHT NEAR (INTERSECTIONS ONLY),1,52986,Cross intersection,2,60,Local Road,CLARKSON,BALLARAT,-37.58206,143.83894,2022,5,May,9,Morning Peak,Weekday
T20220011048,2022-05-16,12:41:00,1,Collision with vehicle,1,Monday,120,HEAD ON (NOT OVERTAKING),1,712519,Not at intersection,3,60,Freeway,BATMAN,MELBOURNE,-37.823563,144.97871,2022,5,May,12,Midday,Weekday
T20220011052,2022-05-16,11:50:00,1,Collision with vehicle,1,Monday,111,RIGHT FAR (INTERSECTIONS ONLY),1,52943,Cross intersection,3,60,Arterial Other,MAIN,BALLARAT,-37.571625,143.87076,2022,5,May,11,Midday,Weekday
T20220011054,2022-05-16,14:00:00,1,Collision with vehicle,1,Monday,135,LANE CHANGE LEFT (NOT OVERTAKING),1,227217,Not at intersection,2,60,Arterial Other,ROYAL,MELBOURNE,-37.78878,144.95891,2022,5,May,14,Midday,Weekday
T20220011330,2022-05-16,18:00:00,1,Collision with vehicle,1,Monday,163,VEHICLE STRIKES DOOR OF PARKED/STATIONARY VEHICLE,1,720719,Not at intersection,2,40,Local Road,CHAPEL,STONNINGTON,-37.848858,144.99382,2022,5,May,18,Afternoon Peak,Weekday
T20220011070,2022-05-16,14:53:00,1,Collision with vehicle,1,Monday,140,U TURN,1,713666,Not at intersection,2,60,Arterial Other,YARRA,MANNINGHAM,-37.73957,145.22963,2022,5,May,14,Midday,Weekday
T20220011071,2022-05-16,14:20:00,1,Collision with vehicle,1,Monday,120,HEAD ON (NOT OVERTAKING),1,772406,Not at intersection,2,80,Arterial Highway,HENTY,GLENELG,-38.35051,141.58723,2022,5,May,14,Midday,Weekday
T20220011076,2022-05-16,17:00:00,1,Collision with vehicle,1,Monday,130,REAR END(VEHICLES IN SAME LANE),9,712521,Multiple intersection,2,70,Freeway,GEELONG RING OUT-PRINCES,GEELONG,-38.200626,144.31146,2022,5,May,17,Afternoon Peak,Weekday
T20220014316,2022-05-16,15:19:00,1,Collision with vehicle,1,Monday,130,REAR END(VEHICLES IN SAME LANE),1,722203,Not at intersection,3,70,Arterial Other,SYDNEY,MORELAND,-37.705364,144.96051,2022,5,May,15,Afternoon Peak,Weekday
T20220012321,2022-05-16,15:30:00,1,Collision with vehicle,1,Monday,111,RIGHT FAR (INTERSECTIONS ONLY),1,348192,Cross intersection,3,60,Arterial Other,NEW,BAYSIDE,-37.92819,144.99406,2022,5,May,15,Afternoon Peak,Weekday
T20220011083,2022-05-16,17:14:00,1,Collision with vehicle,1,Monday,130,REAR END(VEHICLES IN SAME LANE),5,717627,Not at intersection,3,100,Arterial Highway,WESTERN PORT,CASEY,-38.073444,145.24042,2022,5,May,17,Afternoon Peak,Weekday
T20220011084,2022-05-16,13:45:00,1,Collision with vehicle,1,Monday,129,OTHER OPPOSING MANOEUVRES NOT INCLUDED IN DCAs 120-125.,1,712214,T intersection,1,100,Arterial Other,BROADFORD-KILMORE,MITCHELL,-37.263954,144.95883,2022,5,May,13,Midday,Weekday
T20220011088,2022-05-16,17:40:00,1,Collision with vehicle,1,Monday,147,VEHICLE STRIKES ANOTHER VEH WHILE EMERGING FROM DRIVEWAY,3,717668,Not at intersection,3,80,Arterial Highway,WARBURTON,YARRA RANGES,-37.780212,145.56767,2022,5,May,17,Afternoon Peak,Weekday
T20220011090,2022-05-16,17:22:00,1,Collision with vehicle,1,Monday,113,RIGHT NEAR (INTERSECTIONS ONLY),3,47977,T intersection,3,60,Local Road,BELLBRIDGE,WYNDHAM,-37.860924,144.70445,2022,5,May,17,Afternoon Peak,Weekday
T20220011093,2022-05-16,17:40:00,1,Collision with vehicle,1,Monday,121,RIGHT THROUGH,2,65831,Cross intersection,3,40,Arterial Other,KING,MELBOURNE,-37.812466,144.95392,2022,5,May,17,Afternoon Peak,Weekday
T20220011094,2022-05-16,18:50:00,4,Collision with a fixed object,1,Monday,171,LEFT OFF CARRIAGEWAY INTO OBJECT/PARKED VEHICLE,5,724916,Not at intersection,3,70,Local Road,CHURCHILL PARK,CASEY,-37.958267,145.26173,2022,5,May,18,Afternoon Peak,Weekday
T20220011095,2022-05-16,17:45:00,1,Collision with vehicle,1,Monday,139,OTHER SAME DIRECTION-MANOUEVRES NOT INCLUDED IN DCAs 130-137,5,712522,Not at intersection,2,100,Arterial Other,CORINELLA,BASS COAST,-38.426525,145.4634,2022,5,May,17,Afternoon Peak,Weekday
T20220011096,2022-05-16,16:30:00,1,Collision with vehicle,1,Monday,121,RIGHT THROUGH,1,45409,Cross intersection,3,50,Local Road,FLETCHER,MOONEE VALLEY,-37.755592,144.92299,2022,5,May,16,Afternoon Peak,Weekday
T20220011097,2022-05-16,19:00:00,1,Collision with vehicle,1,Monday,121,RIGHT THROUGH,3,40612,Cross intersection,3,60,Arterial Highway,BURWOOD,WHITEHORSE,-37.85063,145.09921,2022,5,May,19,Night,Weekday
T20220011100,2022-05-16,20:16:00,1,Collision with vehicle,1,Monday,121,RIGHT THROUGH,3,44755,T intersection,2,60,Arterial Other,CAMP,HUME,-37.686478,144.92963,2022,5,May,20,Night,Weekday
T20220011101,2022-05-16,20:08:00,1,Collision with vehicle,1,Monday,169,OTHER ON PATH,3,717670,Not at intersection,3,50,Local Road,SCARLET,HUME,-37.6207,144.87593,2022,5,May,20,Night,Weekday
T20220011103,2022-05-16,19:33:00,2,Struck Pedestrian,1,Monday,100,PED NEAR SIDE. PED HIT BY VEHICLE FROM THE RIGHT.,4,35447,Cross intersection,3,60,Arterial Other,HOPKINS,MARIBYRNONG,-37.800198,144.90335,2022,5,May,19,Night,Weekday
T20220011108,2022-05-16,17:32:00,1,Collision with vehicle,1,Monday,113,RIGHT NEAR (INTERSECTIONS ONLY),3,712523,T intersection,3,60,Arterial Other,GAP,HUME,-37.579605,144.72087,2022,5,May,17,Afternoon Peak,Weekday
T20220011110,2022-05-16,22:35:00,1,Collision with vehicle,1,Monday,160,VEHICLE COLLIDES WITH VEHICLE PARKED ON LEFT OF ROAD,3,720904,Not at intersection,2,40,Local Road,PALMERSTON,MONASH,-37.897526,145.09132,2022,5,May,22,Night,Weekday
T20220011113,2022-05-16,13:35:00,4,Collision with a fixed object,1,Monday,171,LEFT OFF CARRIAGEWAY INTO OBJECT/PARKED VEHICLE,1,717671,Not at intersection,3,80,Arterial Highway,STATE (BELL/SPRINGVALE),MONASH,-37.91255,145.15977,2022,5,May,13,Midday,Weekday
T20220011116,2022-05-16,17:25:00,1,Collision with vehicle,1,Monday,120,HEAD ON (NOT OVERTAKING),9,713852,Not at intersection,2,100,Arterial Other,KIEWA VALLEY,INDIGO,-36.29202,147.03712,2022,5,May,17,Afternoon Peak,Weekday
T20220011126,2022-05-16,20:30:00,1,Collision with vehicle,1,Monday,110,CROSS TRAFFIC(INTERSECTIONS ONLY),3,36127,Cross intersection,2,60,Arterial Other,KING,MELBOURNE,-37.80629,144.94981,2022,5,May,20,Night,Weekday
T20220023367,2022-05-16,12:20:00,1,Collision with vehicle,1,Monday,110,CROSS TRAFFIC(INTERSECTIONS ONLY),1,781931,Cross intersection,3,40,Local Road,PILGRIM,MARIBYRNONG,-37.805077,144.89104,2022,5,May,12,Midday,Weekday
T20220012250,2022-05-16,20:50:00,1,Collision with vehicle,1,Monday,131,LEFT REAR,9,724342,T intersection,3,80,Arterial Highway,BURWOOD,WHITEHORSE,-37.85402,145.16286,2022,5,May,20,Night,Weekday
T20220011631,2022-05-16,11:50:00,1,Collision with vehicle,1,Monday,147,VEHICLE STRIKES ANOTHER VEH WHILE EMERGING FROM DRIVEWAY,1,781932,Not at intersection,3,70,Arterial Highway,NORTH,MONASH,-37.909996,145.08934,2022,5,May,11,Midday,Weekday
T20220011678,2022-05-16,07:50:00,2,Struck Pedestrian,1,Monday,102,FAR SIDE. PED HIT BY VEHICLE FROM THE LEFT,1,712882,T intersection,3,50,Local Road,VERDON,HOBSONS BAY,-37.85823,144.8918,2022,5,May,7,Morning Peak,Weekday
T20220011164,2022-05-16,16:30:00,1,Collision with vehicle,1,Monday,130,REAR END(VEHICLES IN SAME LANE),1,712724,Not at intersection,3,80,Freeway,HUME,WHITTLESEA,-37.641193,144.99191,2022,5,May,16,Afternoon Peak,Weekday
T20220011166,2022-05-16,18:05:00,1,Collision with vehicle,1,Monday,130,REAR END(VEHICLES IN SAME LANE),3,712371,Not at intersection,3,40,Local Road,EDWARDES,DAREBIN,-37.716373,145.00653,2022,5,May,18,Afternoon Peak,Weekday
T20220011184,2022-05-16,18:15:00,1,Collision with vehicle,1,Monday,130,REAR END(VEHICLES IN SAME LANE),6,712372,Not at intersection,3,60,Arterial Other,HEATHERTON,DANDENONG,-37.966457,145.18555,2022,5,May,18,Afternoon Peak,Weekday
T20220013246,2022-05-16,18:05:00,1,Collision with vehicle,1,Monday,130,REAR END(VEHICLES IN SAME LANE),3,49152,T intersection,3,80,Arterial Highway,SPRINGVALE,MONASH,-37.90649,145.16089,2022,5,May,18,Afternoon Peak,Weekday
T20220011205,2022-05-16,22:05:00,1,Collision with vehicle,1,Monday,169,OTHER ON PATH,3,712526,Not at intersection,2,60,Arterial Other,BALCOMBE,BAYSIDE,-37.979107,145.04707,2022,5,May,22,Night,Weekday
T20220012746,2022-05-17,05:45:00,1,Collision with vehicle,2,Tuesday,121,RIGHT THROUGH,3,43090,Cross intersection,2,60,Arterial Highway,STUD,DANDENONG,-37.9856,145.22066,2022,5,May,5,Morning Peak,Weekday
T20220011187,2022-05-17,16:41:00,4,Collision with a fixed object,2,Tuesday,171,LEFT OFF CARRIAGEWAY INTO OBJECT/PARKED VEHICLE,1,774643,T intersection,3,60,Local Road,WILELA,DANDENONG,-37.970802,145.1865,2022,5,May,16,Afternoon Peak,Weekday
T20220011131,2022-05-17,09:03:00,1,Collision with vehicle,2,Tuesday,110,CROSS TRAFFIC(INTERSECTIONS ONLY),1,714532,Cross intersection,2,60,Local Road,YOUNG,SOUTHERN GRAMPIANS,-37.730675,141.99947,2022,5,May,9,Morning Peak,Weekday
T20220012745,2022-05-17,17:20:00,1,Collision with vehicle,2,Tuesday,130,REAR END(VEHICLES IN SAME LANE),2,721174,Not at intersection,3,60,Arterial Other,GRANGE,DAREBIN,-37.771538,145.02646,2022,5,May,17,Afternoon Peak,Weekday
T20220011607,2022-05-17,08:15:00,1,Collision with vehicle,2,Tuesday,131,LEFT REAR,1,724211,Cross intersection,3,60,Local Road,TARNEIT,WYNDHAM,-37.860794,144.66704,2022,5,May,8,Morning Peak,Weekday
T20220011127,2022-05-17,06:40:00,1,Collision with vehicle,2,Tuesday,113,RIGHT NEAR (INTERSECTIONS ONLY),3,35740,T intersection,2,40,Arterial Other,SWAN,YARRA,-37.82508,144.99257,2022,5,May,6,Morning Peak,Weekday
T20220011121,2022-05-17,08:55:00,1,Collision with vehicle,2,Tuesday,148,VEHICLE OFF FOOTPATH STRIKES VEH ON CARRIAGEWAY,1,682303,Not at intersection,3,60,Local Road,SCOTCHMER,YARRA,-37.78349,144.98555,2022,5,May,8,Morning Peak,Weekday
T20220011119,2022-05-17,08:30:00,2,Struck Pedestrian,2,Tuesday,102,FAR SIDE. PED HIT BY VEHICLE FROM THE LEFT,1,52915,Cross intersection,3,60,Arterial Other,MAIN,BALLARAT,-37.567093,143.8685,2022,5,May,8,Morning Peak,Weekday
T20220011117,2022-05-17,06:20:00,8,No collision and no object struck,2,Tuesday,182,OFF CARRIAGEWAY ON LEFT BEND,2,10668,Multiple intersection,2,100,Arterial Other,SPRINGVALE,KINGSTON,-38.026466,145.13249,2022,5,May,6,Morning Peak,Weekday
T20220011112,2022-05-17,03:35:00,1,Collision with vehicle,2,Tuesday,135,LANE CHANGE LEFT (NOT OVERTAKING),5,715574,T intersection,3,100,Arterial Highway,PRINCES,WELLINGTON,-38.13817,146.7943,2022,5,May,3,Late Night,Weekday
T20220012301,2022-05-17,15:00:00,1,Collision with vehicle,2,Tuesday,159,OTHER OVERTAKING MANOEUVRES NOT INCLUDED IN DCAs 150-154,1,722409,Not at intersection,2,50,Local Road,NANCY,KINGSTON,-37.97187,145.07996,2022,5,May,15,Afternoon Peak,Weekday
T20220011183,2022-05-17,18:26:00,3,Struck animal,2,Tuesday,167,STRUCK ANIMAL,5,717672,Not at intersection,3,100,Arterial Highway,PRINCES,WELLINGTON,-37.94502,147.12488,2022,5,May,18,Afternoon Peak,Weekday
T20220011179,2022-05-17,18:14:00,1,Collision with vehicle,2,Tuesday,137,LEFT TURN SIDESWIPE,5,720794,Not at intersection,2,40,Local Road,AUGHTIE,PORT PHILLIP,-37.846508,144.96617,2022,5,May,18,Afternoon Peak,Weekday
T20220011178,2022-05-17,18:19:00,1,Collision with vehicle,2,Tuesday,113,RIGHT NEAR (INTERSECTIONS ONLY),3,57430,T intersection,2,50,Arterial Other,GORDON,MARIBYRNONG,-37.787037,144.89029,2022,5,May,18,Afternoon Peak,Weekday
T20220011171,2022-05-17,17:52:00,1,Collision with vehicle,2,Tuesday,116,LEFT NEAR (INTERSECTIONS ONLY),3,1190,Multiple intersection,3,60,Local Road,MOORABOOL,GEELONG,-38.167404,144.35083,2022,5,May,17,Afternoon Peak,Weekday
T20220011168,2022-05-17,15:15:00,4,Collision with a fixed object,2,Tuesday,171,LEFT OFF CARRIAGEWAY INTO OBJECT/PARKED VEHICLE,1,718160,Not at intersection,2,100,Arterial Other,MURCHISON-VIOLET TOWN,STRATHBOGIE,-36.624924,145.66655,2022,5,May,15,Afternoon Peak,Weekday
T20220011159,2022-05-17,00:01:00,8,No collision and no object struck,2,Tuesday,170,OFF CARRIAGEWAY TO LEFT,3,712868,Not at intersection,2,50,Local Road,HOLLINGSWORTH,MELTON,-37.71303,144.59908,2022,5,May,0,Late Night,Weekday
T20220011156,2022-05-17,14:15:00,4,Collision with a fixed object,2,Tuesday,171,LEFT OFF CARRIAGEWAY INTO OBJECT/PARKED VEHICLE,1,53300,Cross intersection,2,40,Arterial Highway,DOVETON STREET N-DOVETON,BALLARAT,-37.561447,143.85484,2022,5,May,14,Midday,Weekday
T20220011155,2022-05-17,09:00:00,1,Collision with vehicle,2,Tuesday,110,CROSS TRAFFIC(INTERSECTIONS ONLY),1,46621,Cross intersection,3,70,Arterial Highway,WURUNDJERI,MELBOURNE,-37.821846,144.9522,2022,5,May,9,Morning Peak,Weekday
T20220011169,2022-05-17,16:25:00,1,Collision with vehicle,2,Tuesday,160,VEHICLE COLLIDES WITH VEHICLE PARKED ON LEFT OF ROAD,2,715223,Not at intersection,3,50,Local Road,JOSEPHINE,BALLARAT,-37.60025,143.82773,2022,5,May,16,Afternoon Peak,Weekday
T20220011203,2022-05-17,06:40:00,1,Collision with vehicle,2,Tuesday,130,REAR END(VEHICLES IN SAME LANE),1,713797,Cross intersection,3,70,Arterial Highway,HODDLE,YARRA,-37.80956,144.99138,2022,5,May,6,Morning Peak,Weekday
T20220011195,2022-05-17,23:09:00,1,Collision with vehicle,2,Tuesday,130,REAR END(VEHICLES IN SAME LANE),3,778642,Not at intersection,3,80,Freeway,MONASH,MONASH,-37.913116,145.16594,2022,5,May,23,Night,Weekday
T20220011154,2022-05-17,08:40:00,2,Struck Pedestrian,2,Tuesday,102,FAR SIDE. PED HIT BY VEHICLE FROM THE LEFT,1,36826,Cross intersection,2,60,Arterial Other,DUDLEY,MELBOURNE,-37.80924,144.95236,2022,5,May,8,Morning Peak,Weekday
T20220011193,2022-05-17,23:31:00,4,Collision with a fixed object,2,Tuesday,171,LEFT OFF CARRIAGEWAY INTO OBJECT/PARKED VEHICLE,3,724189,T intersection,2,50,Local Road,FIFER,WHITTLESEA,-37.694317,145.04657,2022,5,May,23,Night,Weekday
T20220011191,2022-05-17,15:50:00,1,Collision with vehicle,2,Tuesday,134,LANE CHANGE RIGHT (NOT OVERTAKING),1,713682,Not at intersection,2,80,Freeway,WEST GATE,MELBOURNE,-37.82797,144.92398,2022,5,May,15,Afternoon Peak,Weekday
T20220012280,2022-05-17,11:30:00,2,Struck Pedestrian,2,Tuesday,104,PED WALKING WITH TRAFFIC,1,715735,Not at intersection,3,100,Local Road,LADY TALBOT,MURRINDINDI,-37.49837,145.80203,2022,5,May,11,Midday,Weekday
T20220011190,2022-05-17,18:04:00,1,Collision with vehicle,2,Tuesday,150,HEAD ON(OVERTAKING),5,733496,Not at intersection,2,100,Arterial Highway,MIDLAND,BENALLA,-36.820736,146.00755,2022,5,May,18,Afternoon Peak,Weekday
T20220011151,2022-05-17,12:38:00,2,Struck Pedestrian,2,Tuesday,107,PED ON FOOTHPATH STRUCK BY VEHENTERING/LEAVING DRIVEWAY.,1,713272,T intersection,2,60,Arterial Other,BLACKBURN,WHITEHORSE,-37.85447,145.15163,2022,5,May,12,Midday,Weekday
T20220011145,2022-05-17,14:45:00,1,Collision with vehicle,2,Tuesday,110,CROSS TRAFFIC(INTERSECTIONS ONLY),1,50019,Cross intersection,3,60,Arterial Highway,MCKILLOP,GEELONG,-38.15761,144.37285,2022,5,May,14,Midday,Weekday
T20220011189,2022-05-17,17:12:00,1,Collision with vehicle,2,Tuesday,139,OTHER SAME DIRECTION-MANOUEVRES NOT INCLUDED IN DCAs 130-137,1,712215,T intersection,1,40,Arterial Other,KING,MELBOURNE,-37.81222,144.95381,2022,5,May,17,Afternoon Peak,Weekday
T20220011188,2022-05-17,20:50:00,1,Collision with vehicle,2,Tuesday,121,RIGHT THROUGH,3,35515,Multiple intersection,2,50,Freeway,CALDER OUT-KEILOR,MOONEE VALLEY,-37.733955,144.88316,2022,5,May,20,Night,Weekday
T20220011143,2022-05-17,12:25:00,1,Collision with vehicle,2,Tuesday,132,RIGHT REAR.,1,774642,Not at intersection,3,60,Local Road,WATERLOO,LATROBE,-38.177048,146.25789,2022,5,May,12,Midday,Weekday
T20220011142,2022-05-17,10:50:00,2,Struck Pedestrian,2,Tuesday,102,FAR SIDE. PED HIT BY VEHICLE FROM THE LEFT,1,40150,Cross intersection,2,60,Local Road,INKERMAN,PORT PHILLIP,-37.86594,144.99603,2022,5,May,10,Midday,Weekday
T20220011140,2022-05-17,08:30:00,2,Struck Pedestrian,2,Tuesday,100,PED NEAR SIDE. PED HIT BY VEHICLE FROM THE RIGHT.,1,29596,Cross intersection,3,40,Arterial Other,CARLISLE,PORT PHILLIP,-37.868366,144.99036,2022,5,May,8,Morning Peak,Weekday
T20220012244,2022-05-17,19:36:00,2,Struck Pedestrian,2,Tuesday,106,VEH STRIKES PED ON FOOTPATH/MEDIAN/TRAFFIC ISLAND.,3,43805,T intersection,3,60,Arterial Other,CAMP,HUME,-37.685326,144.92026,2022,5,May,19,Night,Weekday
T20220011136,2022-05-17,12:05:00,1,Collision with vehicle,2,Tuesday,140,U TURN,1,37628,T intersection,2,60,Arterial Highway,PUNT,STONNINGTON,-37.833656,144.98747,2022,5,May,12,Midday,Weekday
T20230011580,2022-05-17,05:06:00,1,Collision with vehicle,2,Tuesday,113,RIGHT NEAR (INTERSECTIONS ONLY),3,784998,T intersection,3,80,Local Road,TAYLORS,MELTON,-37.71975,144.71909,2022,5,May,5,Morning Peak,Weekday
T20220011362,2022-05-18,16:30:00,1,Collision with vehicle,3,Wednesday,148,VEHICLE OFF FOOTPATH STRIKES VEH ON CARRIAGEWAY,1,38198,Cross intersection,3,60,Arterial Other,SETTLEMENT,WHITTLESEA,-37.68953,145.02737,2022,5,May,16,Afternoon Peak,Weekday
T20220011222,2022-05-18,12:45:00,1,Collision with vehicle,3,Wednesday,111,RIGHT FAR (INTERSECTIONS ONLY),1,53270,T intersection,2,60,Arterial Other,ANDERSON,BRIMBANK,-37.77911,144.82837,2022,5,May,12,Midday,Weekday
T20220011493,2022-05-18,09:00:00,1,Collision with vehicle,3,Wednesday,130,REAR END(VEHICLES IN SAME LANE),1,778644,Not at intersection,3,60,Arterial Highway,MONTAGUE,MELBOURNE,-37.82502,144.94835,2022,5,May,9,Morning Peak,Weekday
T20220011572,2022-05-18,18:45:00,3,Struck animal,3,Wednesday,167,STRUCK ANIMAL,5,712876,Not at intersection,3,100,Local Road,CLARKS,WHITTLESEA,-37.497955,145.10092,2022,5,May,18,Afternoon Peak,Weekday
T20220011250,2022-05-18,15:45:00,1,Collision with vehicle,3,Wednesday,133,LANE SIDE SWIPE (VEHICLES IN PARALLEL LANES),1,774644,Not at intersection,3,50,Arterial Other,BUCKLEY,MARIBYRNONG,-37.804108,144.89917,2022,5,May,15,Afternoon Peak,Weekday
T20220021598,2022-05-18,14:45:00,1,Collision with vehicle,3,Wednesday,113,RIGHT NEAR (INTERSECTIONS ONLY),1,38515,T intersection,3,70,Arterial Other,CHILDS,WHITTLESEA,-37.66283,145.05498,2022,5,May,14,Midday,Weekday
T20220011654,2022-05-18,21:10:00,1,Collision with vehicle,3,Wednesday,130,REAR END(VEHICLES IN SAME LANE),3,29858,Multiple intersection,3,60,Freeway,WEST GATE OUT-MELBOURNE,HOBSONS BAY,-37.82599,144.88097,2022,5,May,21,Night,Weekday
T20220012336,2022-05-18,15:25:00,1,Collision with vehicle,3,Wednesday,130,REAR END(VEHICLES IN SAME LANE),1,61818,Multiple intersection,3,60,Freeway,COBURNS-WESTERN OUT,MELTON,-37.692173,144.56668,2022,5,May,15,Afternoon Peak,Weekday
T20220011218,2022-05-18,12:15:00,1,Collision with vehicle,3,Wednesday,147,VEHICLE STRIKES ANOTHER VEH WHILE EMERGING FROM DRIVEWAY,1,717676,Not at intersection,3,50,Local Road,VANBERG,MOONEE VALLEY,-37.75406,144.93127,2022,5,May,12,Midday,Weekday
T20220027392,2022-05-18,17:36:00,1,Collision with vehicle,3,Wednesday,121,RIGHT THROUGH,3,38804,Cross intersection,3,50,Arterial Highway,WHITEHALL,MARIBYRNONG,-37.807114,144.90334,2022,5,May,17,Afternoon Peak,Weekday
T20220012100,2022-05-18,15:30:00,7,Fall from or in moving vehicle,3,Wednesday,154,PULLING OUT -REAR END,1,778643,Not at intersection,3,60,Arterial Other,MALVERN,STONNINGTON,-37.87001,145.0612,2022,5,May,15,Afternoon Peak,Weekday
T20220011194,2022-05-18,00:11:00,4,Collision with a fixed object,3,Wednesday,171,LEFT OFF CARRIAGEWAY INTO OBJECT/PARKED VEHICLE,6,721236,Not at intersection,3,60,Arterial Other,CENTRAL,HOBSONS BAY,-37.870663,144.7676,2022,5,May,0,Late Night,Weekday
T20220011198,2022-05-18,06:15:00,1,Collision with vehicle,3,Wednesday,121,RIGHT THROUGH,2,717678,T intersection,3,60,Arterial Other,SETTLEMENT ROAD -WOOD,WHITTLESEA,-37.693474,145.02986,2022,5,May,6,Morning Peak,Weekday
T20220011199,2022-05-18,06:20:00,4,Collision with a fixed object,3,Wednesday,183,OFF LEFT BEND INTO OBJECT/PARKED VEHICLE,5,781944,Not at intersection,3,80,Arterial Other,KANGAROO GROUND-ST ANDREWS,NILLUMBIK,-37.656082,145.2293,2022,5,May,6,Morning Peak,Weekday
T20220011207,2022-05-18,09:15:00,4,Collision with a fixed object,3,Wednesday,183,OFF LEFT BEND INTO OBJECT/PARKED VEHICLE,1,712374,Not at intersection,3,100,Arterial Other,NYORA,SOUTH GIPPSLAND,-38.344296,145.74825,2022,5,May,9,Morning Peak,Weekday
T20220011217,2022-05-18,08:42:00,4,Collision with a fixed object,3,Wednesday,181,OFF RIGHT BEND INTO OBJECT/PARKED VEHICLE,1,716059,Not at intersection,2,50,Local Road,YOORINGA,GEELONG,-38.09393,144.35106,2022,5,May,8,Morning Peak,Weekday
T20220011314,2022-05-18,16:35:00,1,Collision with vehicle,3,Wednesday,130,REAR END(VEHICLES IN SAME LANE),1,717674,Not at intersection,3,40,Arterial Other,COOPER,WHITTLESEA,-37.651237,145.0165,2022,5,May,16,Afternoon Peak,Weekday
T20220011278,2022-05-18,08:05:00,2,Struck Pedestrian,3,Wednesday,102,FAR SIDE. PED HIT BY VEHICLE FROM THE LEFT,1,755005,Cross intersection,2,50,Arterial Other,SYDNEY,MORELAND,-37.71836,144.96269,2022,5,May,8,Morning Peak,Weekday
T20220011275,2022-05-18,23:01:00,1,Collision with vehicle,3,Wednesday,130,REAR END(VEHICLES IN SAME LANE),5,721529,Not at intersection,2,100,Freeway,WESTERN,MELTON,-37.746758,144.70468,2022,5,May,23,Night,Weekday
T20220011273,2022-05-18,21:00:00,4,Collision with a fixed object,3,Wednesday,181,OFF RIGHT BEND INTO OBJECT/PARKED VEHICLE,5,720001,Not at intersection,2,80,Arterial Other,LIGHTHOUSE,COLAC OTWAY,-38.81479,143.53442,2022,5,May,21,Night,Weekday
T20220011271,2022-05-18,16:50:00,1,Collision with vehicle,3,Wednesday,113,RIGHT NEAR (INTERSECTIONS ONLY),2,44616,T intersection,3,50,Arterial Other,GRIMSHAW,BANYULE,-37.700264,145.06122,2022,5,May,16,Afternoon Peak,Weekday
T20220011268,2022-05-18,20:45:00,1,Collision with vehicle,3,Wednesday,135,LANE CHANGE LEFT (NOT OVERTAKING),3,714993,Not at intersection,2,100,Freeway,WESTERN RING,BRIMBANK,-37.74367,144.84384,2022,5,May,20,Night,Weekday
T20220011262,2022-05-18,18:50:00,1,Collision with vehicle,3,Wednesday,130,REAR END(VEHICLES IN SAME LANE),5,779297,Not at intersection,3,80,Freeway,HUNTINGDALE-MONASH OUT,MONASH,-37.88749,145.11212,2022,5,May,18,Afternoon Peak,Weekday
T20220011261,2022-05-18,17:25:00,1,Collision with vehicle,3,Wednesday,130,REAR END(VEHICLES IN SAME LANE),2,712626,Not at intersection,3,70,Local Road,HALL,FRANKSTON,-38.100704,145.18253,2022,5,May,17,Afternoon Peak,Weekday
T20220011258,2022-05-18,17:59:00,1,Collision with vehicle,3,Wednesday,130,REAR END(VEHICLES IN SAME LANE),3,712870,Not at intersection,3,70,Arterial Other,STATION,BRIMBANK,-37.760376,144.77673,2022,5,May,17,Afternoon Peak,Weekday
T20220011256,2022-05-18,17:50:00,1,Collision with vehicle,3,Wednesday,113,RIGHT NEAR (INTERSECTIONS ONLY),3,48340,T intersection,3,60,Local Road,DONALD CAMERON,HUME,-37.631744,144.92387,2022,5,May,17,Afternoon Peak,Weekday
T20220011237,2022-05-18,15:30:00,1,Collision with vehicle,3,Wednesday,110,CROSS TRAFFIC(INTERSECTIONS ONLY),1,713684,Cross intersection,2,50,Local Road,ATKINSON,MOORABOOL,-37.6037,144.23335,2022,5,May,15,Afternoon Peak,Weekday
T20220011234,2022-05-18,11:20:00,4,Collision with a fixed object,3,Wednesday,171,LEFT OFF CARRIAGEWAY INTO OBJECT/PARKED VEHICLE,1,720291,Not at intersection,2,100,Local Road,SEBASTIAN,LODDON,-36.6036,144.04362,2022,5,May,11,Midday,Weekday