ACCIDENT_NO,ACCIDENT_DATE,ACCIDENT_TIME,ACCIDENT_TYPE,ACCIDENT_TYPE_DESC,DAY_OF_WEEK,DAY_WEEK_DESC,DCA_CODE,DCA_DESC,LIGHT_CONDITION,NODE_ID,ROAD_GEOMETRY_DESC,SEVERITY,SPEED_ZONE,RMA,ROAD_NAME,LGA_NAME,LATITUDE,LONGITUDE,YEAR,MONTH,MONTH_NAME,HOUR,TIME_PERIOD,DAY_TYPE
T20220011232,2022-05-18,14:00:00,1,Collision with vehicle,3,Wednesday,130,REAR END(VEHICLES IN SAME LANE),1,1170,T intersection,3,80,Arterial Other,PRINCES,CARDINIA,-38.063618,145.46254,2022,5,May,14,Midday,Weekday
T20220011225,2022-05-18,11:00:00,1,Collision with vehicle,3,Wednesday,135,LANE CHANGE LEFT (NOT OVERTAKING),1,712624,Not at intersection,3,40,Arterial Highway,DANDENONG-HASTINGS,FRANKSTON,-38.12129,145.23056,2022,5,May,11,Midday,Weekday
T20220011224,2022-05-18,12:05:00,4,Collision with a fixed object,3,Wednesday,171,LEFT OFF CARRIAGEWAY INTO OBJECT/PARKED VEHICLE,1,715595,Not at intersection,2,80,Arterial Other,WHITTLESEA-YEA,WHITTLESEA,-37.48412,145.19453,2022,5,May,12,Midday,Weekday
T20220011223,2022-05-18,09:15:00,1,Collision with vehicle,3,Wednesday,130,REAR END(VEHICLES IN SAME LANE),1,712726,Not at intersection,3,100,Freeway,WESTERN RING,BRIMBANK,-37.80092,144.8006,2022,5,May,9,Morning Peak,Weekday
T20220015858,2022-05-19,11:41:00,1,Collision with vehicle,4,Thursday,147,VEHICLE STRIKES ANOTHER VEH WHILE EMERGING FROM DRIVEWAY,1,781952,Not at intersection,3,50,Local Road,BELEURA HILL,MORNINGTON PENINSULA,-38.220264,145.05237,2022,5,May,11,Midday,Weekday
T20220011344,2022-05-19,19:00:00,1,Collision with vehicle,4,Thursday,121,RIGHT THROUGH,5,1012,Cross intersection,2,80,Arterial Highway,FRANKSTON-DANDENONG,DANDENONG,-38.05837,145.20604,2022,5,May,19,Night,Weekday
T20220011338,2022-05-19,18:45:00,2,Struck Pedestrian,4,Thursday,102,FAR SIDE. PED HIT BY VEHICLE FROM THE LEFT,3,717907,Cross intersection,2,60,Local Road,DARLING,STONNINGTON,-37.87723,145.05931,2022,5,May,18,Afternoon Peak,Weekday
T20220011336,2022-05-19,18:45:00,1,Collision with vehicle,4,Thursday,132,RIGHT REAR.,3,139711,Not at intersection,3,70,Arterial Highway,NEPEAN,FRANKSTON,-38.10841,145.12576,2022,5,May,18,Afternoon Peak,Weekday
T20220011335,2022-05-19,16:10:00,1,Collision with vehicle,4,Thursday,148,VEHICLE OFF FOOTPATH STRIKES VEH ON CARRIAGEWAY,1,278920,Cross intersection,3,60,Local Road,PEARL RIVER,MELBOURNE,-37.80978,144.9359,2022,5,May,16,Afternoon Peak,Weekday
T20220011280,2022-05-19,06:50:00,1,Collision with vehicle,4,Thursday,159,OTHER OVERTAKING MANOEUVRES NOT INCLUDED IN DCAs 150-154,2,714358,Not at intersection,2,60,Arterial Other,BURKE,BOROONDARA,-37.83787,145.05547,2022,5,May,6,Morning Peak,Weekday
T20220011334,2022-05-19,15:48:00,1,Collision with vehicle,4,Thursday,116,LEFT NEAR (INTERSECTIONS ONLY),1,729066,T intersection,2,70,Arterial Other,JOHNSTONE,HUME,-37.684093,144.91412,2022,5,May,15,Afternoon Peak,Weekday
T20220011333,2022-05-19,17:53:00,1,Collision with vehicle,4,Thursday,121,RIGHT THROUGH,1,720368,T intersection,3,50,Local Road,VINE,MARIBYRNONG,-37.7856,144.85619,2022,5,May,17,Afternoon Peak,Weekday
T20220011332,2022-05-19,18:00:00,1,Collision with vehicle,4,Thursday,110,CROSS TRAFFIC(INTERSECTIONS ONLY),3,56990,Cross intersection,3,50,Arterial Highway,BANYULE,BALLARAT,-37.58895,143.8147,2022,5,May,18,Afternoon Peak,Weekday
T20220011331,2022-05-19,17:12:00,1,Collision with vehicle,4,Thursday,121,RIGHT THROUGH,2,44934,T intersection,3,70,Arterial Other,BALLARAT,BRIMBANK,-37.77095,144.79767,2022,5,May,17,Afternoon Peak,Weekday
T20220011328,2022-05-19,16:50:00,1,Collision with vehicle,4,Thursday,140,U TURN,1,713086,Not at intersection,2,60,Local Road,CHURCH,GEELONG,-38.196304,144.3362,2022,5,May,16,Afternoon Peak,Weekday
T20220011327,2022-05-19,12:45:00,1,Collision with vehicle,4,Thursday,113,RIGHT NEAR (INTERSECTIONS ONLY),1,712630,T intersection,3,60,Local Road,THORNHILL,GEELONG,-38.17637,144.3121,2022,5,May,12,Midday,Weekday
T20220011322,2022-05-19,15:55:00,1,Collision with vehicle,4,Thursday,113,RIGHT NEAR (INTERSECTIONS ONLY),1,50479,T intersection,3,100,Arterial Highway,CALDER,MILDURA,-34.260628,142.18031,2022,5,May,15,Afternoon Peak,Weekday
T20220011282,2022-05-19,07:50:00,1,Collision with vehicle,4,Thursday,121,RIGHT THROUGH,2,41625,Multiple intersection,3,50,Arterial Other,HAUGHTON ROAD -HUNTINGDALE,MONASH,-37.91223,145.10344,2022,5,May,7,Morning Peak,Weekday
T20220011650,2022-05-19,10:39:00,1,Collision with vehicle,4,Thursday,121,RIGHT THROUGH,1,712878,Cross intersection,3,30,Arterial Other,HEATHERTON,CASEY,-37.973125,145.24214,2022,5,May,10,Midday,Weekday
T20220011315,2022-05-19,11:04:00,2,Struck Pedestrian,4,Thursday,100,PED NEAR SIDE. PED HIT BY VEHICLE FROM THE RIGHT.,1,35577,T intersection,3,60,Arterial Other,PASCOE VALE,HUME,-37.68369,144.91829,2022,5,May,11,Midday,Weekday
T20220011340,2022-05-19,20:15:00,2,Struck Pedestrian,4,Thursday,106,VEH STRIKES PED ON FOOTPATH/MEDIAN/TRAFFIC ISLAND.,3,781949,Not at intersection,3,60,Local Road,WHITEMAN,MELBOURNE,-37.826096,144.95639,2022,5,May,20,Night,Weekday
T20220011305,2022-05-19,07:56:00,1,Collision with vehicle,4,Thursday,110,CROSS TRAFFIC(INTERSECTIONS ONLY),1,774645,Cross intersection,3,50,Local Road,DAVID,DAREBIN,-37.742603,145.00336,2022,5,May,7,Morning Peak,Weekday
T20220011729,2022-05-19,20:30:00,1,Collision with vehicle,4,Thursday,121,RIGHT THROUGH,3,250423,T intersection,3,60,Local Road,ALMA,PORT PHILLIP,-37.861855,144.99466,2022,5,May,20,Night,Weekday
T20220011307,2022-05-19,12:20:00,1,Collision with vehicle,4,Thursday,121,RIGHT THROUGH,1,56741,Cross intersection,3,80,Local Road,CENTRAL,CASEY,-38.09461,145.25533,2022,5,May,12,Midday,Weekday
T20220011558,2022-05-19,06:00:00,1,Collision with vehicle,4,Thursday,130,REAR END(VEHICLES IN SAME LANE),9,728175,Not at intersection,3,100,Freeway,PRINCES,WYNDHAM,-37.8705,144.74799,2022,5,May,6,Morning Peak,Weekday
T20220011432,2022-05-19,23:21:00,1,Collision with vehicle,4,Thursday,130,REAR END(VEHICLES IN SAME LANE),3,713799,Not at intersection,3,40,Local Road,COLLINS,MELBOURNE,-37.81484,144.96877,2022,5,May,23,Night,Weekday
T20220019009,2022-05-19,16:00:00,1,Collision with vehicle,4,Thursday,111,RIGHT FAR (INTERSECTIONS ONLY),1,38991,Cross intersection,3,60,Arterial Other,AUBURN,BOROONDARA,-37.827423,145.04411,2022,5,May,16,Afternoon Peak,Weekday
T20220011312,2022-05-19,10:57:00,1,Collision with vehicle,4,Thursday,121,RIGHT THROUGH,1,712628,Not at intersection,3,60,Local Road,ROSAMOND,MARIBYRNONG,-37.770447,144.88646,2022,5,May,10,Midday,Weekday
T20220020162,2022-05-19,09:00:00,6,Vehicle overturned (no collision),4,Thursday,170,OFF CARRIAGEWAY TO LEFT,1,50316,Cross intersection,3,100,Arterial Highway,SURF COAST,SURF COAST,-38.28628,144.3252,2022,5,May,9,Morning Peak,Weekday
T20220011355,2022-05-20,02:49:00,4,Collision with a fixed object,5,Friday,171,LEFT OFF CARRIAGEWAY INTO OBJECT/PARKED VEHICLE,3,779495,Not at intersection,3,100,Freeway,PENINSULA LINK,FRANKSTON,-38.190826,145.15483,2022,5,May,2,Late Night,Weekday
T20220015177,2022-05-20,12:10:00,1,Collision with vehicle,5,Friday,121,RIGHT THROUGH,1,43319,T intersection,3,60,Arterial Other,MCLEOD ROAD -STATION,KINGSTON,-38.076363,145.1232,2022,5,May,12,Midday,Weekday
T20220011492,2022-05-20,18:20:00,1,Collision with vehicle,5,Friday,148,VEHICLE OFF FOOTPATH STRIKES VEH ON CARRIAGEWAY,3,37878,T intersection,2,60,Arterial Highway,ST GEORGES,DAREBIN,-37.772064,144.99048,2022,5,May,18,Afternoon Peak,Weekday
T20220011444,2022-05-20,06:36:00,4,Collision with a fixed object,5,Friday,183,OFF LEFT BEND INTO OBJECT/PARKED VEHICLE,2,774556,Not at intersection,3,100,Local Road,HOPKINS FALLS,MOYNE,-38.331024,142.68208,2022,5,May,6,Morning Peak,Weekday
T20220011390,2022-05-20,10:59:00,4,Collision with a fixed object,5,Friday,164,PERMANENT OBSTRUCTION ON CARRIAGEWAY,1,724054,Not at intersection,3,40,Arterial Other,VICTORIA,YARRA,-37.810944,145.00444,2022,5,May,10,Midday,Weekday
T20220011465,2022-05-20,06:55:00,8,No collision and no object struck,5,Friday,179,OTHER ACCIDENTS-OFF STRAIGHT NOT INCLUDED IN DCAs 170-175,6,713446,Not at intersection,2,50,Local Road,CECIL,PORT PHILLIP,-37.83001,144.95639,2022,5,May,6,Morning Peak,Weekday
T20220011396,2022-05-20,07:52:00,1,Collision with vehicle,5,Friday,120,HEAD ON (NOT OVERTAKING),1,712584,Not at intersection,1,100,Arterial Highway,WESTERN,NORTHERN GRAMPIANS,-37.11022,142.80692,2022,5,May,7,Morning Peak,Weekday
T20220012027,2022-05-20,23:28:00,6,Vehicle overturned (no collision),5,Friday,180,OFF CARRIAGEWAY ON RIGHT BEND,5,718712,T intersection,3,100,Local Road,OLD MELBOURNE,MOORABOOL,-37.59607,144.15704,2022,5,May,23,Night,Weekday
T20220011364,2022-05-20,07:43:00,1,Collision with vehicle,5,Friday,140,U TURN,1,29868,Multiple intersection,3,70,Freeway,PLENTY-METROPOLITAN RING IN,WHITTLESEA,-37.687008,145.0673,2022,5,May,7,Morning Peak,Weekday
T20220011449,2022-05-20,23:20:00,1,Collision with vehicle,5,Friday,124,RIGHT/RIGHT BOTH VEHs FROM OPPOSITE DIRECTIONS TURNING RIGHT,3,785128,Cross intersection,2,80,Freeway,HAMILTON-GEELONG RING IN,GEELONG,-38.141212,144.29454,2022,5,May,23,Night,Weekday
T20220014508,2022-05-20,05:00:00,5,collision with some other object,5,Friday,166,STRUCK OBJECT ON CARRIAGEWAY,5,718525,Not at intersection,3,100,Arterial Highway,DANDENONG VALLEY,FRANKSTON,-38.07627,145.19122,2022,5,May,5,Morning Peak,Weekday
T20220011385,2022-05-20,09:00:00,1,Collision with vehicle,5,Friday,130,REAR END(VEHICLES IN SAME LANE),1,33233,Cross intersection,2,60,Arterial Other,NARRE WARREN,CASEY,-38.09299,145.29378,2022,5,May,9,Morning Peak,Weekday
T20220011384,2022-05-20,11:30:00,4,Collision with a fixed object,5,Friday,171,LEFT OFF CARRIAGEWAY INTO OBJECT/PARKED VEHICLE,1,721636,Not at intersection,3,60,Local Road,DAVY,WODONGA,-36.067,146.75386,2022,5,May,11,Midday,Weekday
T20220013993,2022-05-20,18:50:00,1,Collision with vehicle,5,Friday,130,REAR END(VEHICLES IN SAME LANE),3,712482,Cross intersection,3,60,Arterial Other,ST GEORGES,DAREBIN,-37.744602,144.99745,2022,5,May,18,Afternoon Peak,Weekday
T20220013606,2022-05-20,01:00:00,4,Collision with a fixed object,5,Friday,175,OFF END OF ROAD/T-INTERSECTION.,9,715472,T intersection,2,100,Local Road,INGLIS,BENDIGO,-36.666206,144.37868,2022,5,May,1,Late Night,Weekday
T20220011442,2022-05-20,21:44:00,2,Struck Pedestrian,5,Friday,100,PED NEAR SIDE. PED HIT BY VEHICLE FROM THE RIGHT.,3,254373,T intersection,2,60,Arterial Other,HOTHAM,GLEN EIRA,-37.880245,144.99738,2022,5,May,21,Night,Weekday
T20220011687,2022-05-20,18:15:00,1,Collision with vehicle,5,Friday,130,REAR END(VEHICLES IN SAME LANE),2,717982,Not at intersection,2,80,Freeway,CITYLINK IN-LORIMER,MELBOURNE,-37.822937,144.93106,2022,5,May,18,Afternoon Peak,Weekday
T20220011404,2022-05-20,12:44:00,2,Struck Pedestrian,5,Friday,100,PED NEAR SIDE. PED HIT BY VEHICLE FROM THE RIGHT.,1,713177,Cross intersection,3,60,Local Road,COLLINS,MONASH,-37.880585,145.09302,2022,5,May,12,Midday,Weekday
T20220012544,2022-05-20,20:30:00,1,Collision with vehicle,5,Friday,121,RIGHT THROUGH,3,690192,T intersection,3,60,Local Road,BRIDGEWATER,HUME,-37.620102,144.93005,2022,5,May,20,Night,Weekday
T20220011431,2022-05-20,06:00:00,4,Collision with a fixed object,5,Friday,171,LEFT OFF CARRIAGEWAY INTO OBJECT/PARKED VEHICLE,3,717981,Not at intersection,2,60,Local Road,ST ALBANS,GEELONG,-38.178192,144.38113,2022,5,May,6,Morning Peak,Weekday
T20220011430,2022-05-20,20:40:00,1,Collision with vehicle,5,Friday,115,RIGHT/LEFT FAR (INTERSECTIONS ONLY),3,270252,T intersection,2,60,Arterial Other,PASCOE VALE,HUME,-37.676098,144.92271,2022,5,May,20,Night,Weekday
T20220013068,2022-05-20,16:00:00,1,Collision with vehicle,5,Friday,131,LEFT REAR,9,34518,T intersection,3,60,Arterial Other,LINCOLN,MOONEE VALLEY,-37.74463,144.91008,2022,5,May,16,Afternoon Peak,Weekday
T20220011418,2022-05-20,15:18:00,4,Collision with a fixed object,5,Friday,183,OFF LEFT BEND INTO OBJECT/PARKED VEHICLE,1,713087,Not at intersection,3,100,Local Road,WHITELAWS,LATROBE,-38.399002,146.36124,2022,5,May,15,Afternoon Peak,Weekday
T20220011382,2022-05-20,09:15:00,1,Collision with vehicle,5,Friday,112,LEFT FAR (INTERSECTIONS ONLY),1,50062,Cross intersection,2,60,Local Road,LITTLE FYANS,GEELONG,-38.16271,144.35365,2022,5,May,9,Morning Peak,Weekday
T20220011428,2022-05-20,20:00:00,2,Struck Pedestrian,5,Friday,103,PED PLAYING/LYING/WORKING/STANDING ON CARRIAGEWAY.,3,714005,T intersection,3,60,Local Road,SPRINGS,KINGSTON,-37.929417,145.10951,2022,5,May,20,Night,Weekday
T20220011426,2022-05-20,14:36:00,4,Collision with a fixed object,5,Friday,171,LEFT OFF CARRIAGEWAY INTO OBJECT/PARKED VEHICLE,1,715700,Not at intersection,2,100,Freeway,PENINSULA LINK,MORNINGTON PENINSULA,-38.239048,145.12346,2022,5,May,14,Midday,Weekday
T20220011422,2022-05-20,18:55:00,1,Collision with vehicle,5,Friday,121,RIGHT THROUGH,3,241387,Cross intersection,3,60,Local Road,GHAZEEPORE,GEELONG,-38.215145,144.30115,2022,5,May,18,Afternoon Peak,Weekday
T20220011420,2022-05-20,12:15:00,1,Collision with vehicle,5,Friday,130,REAR END(VEHICLES IN SAME LANE),1,712781,Not at intersection,3,50,Arterial Other,SYMONDS,YARRA RANGES,-37.65245,145.37616,2022,5,May,12,Midday,Weekday
T20220011380,2022-05-20,11:25:00,2,Struck Pedestrian,5,Friday,100,PED NEAR SIDE. PED HIT BY VEHICLE FROM THE RIGHT.,1,721560,Cross intersection,2,70,Arterial Highway,WHITEHORSE,WHITEHORSE,-37.816452,145.1936,2022,5,May,11,Midday,Weekday
T20220011373,2022-05-20,06:30:00,1,Collision with vehicle,5,Friday,113,RIGHT NEAR (INTERSECTIONS ONLY),3,36529,T intersection,2,80,Arterial Other,BOUNDARY,KINGSTON,-37.980095,145.11035,2022,5,May,6,Morning Peak,Weekday
T20220011438,2022-05-20,21:20:00,1,Collision with vehicle,5,Friday,143,ENTERING PARKING,3,359589,Not at intersection,2,60,Arterial Other,STURT,BALLARAT,-37.56083,143.8467,2022,5,May,21,Night,Weekday
T20220011437,2022-05-20,16:50:00,2,Struck Pedestrian,5,Friday,194,PARKED CAR RUN AWAY,2,713178,Not at intersection,3,70,Arterial Highway,FOOTSCRAY,MELBOURNE,-37.80915,144.93066,2022,5,May,16,Afternoon Peak,Weekday
T20220011400,2022-05-20,15:10:00,1,Collision with vehicle,5,Friday,120,HEAD ON (NOT OVERTAKING),1,717980,T intersection,2,60,Arterial Other,MAIN,BRIMBANK,-37.742966,144.78862,2022,5,May,15,Afternoon Peak,Weekday
T20220011408,2022-05-20,14:42:00,4,Collision with a fixed object,5,Friday,173,RIGHT OFF CARRIAGEWAY INTO OBJECT/PARKED VEHICLE,1,713227,Not at intersection,2,80,Local Road,POWER,CASEY,-37.95705,145.24983,2022,5,May,14,Midday,Weekday
T20220011435,2022-05-20,20:10:00,1,Collision with vehicle,5,Friday,148,VEHICLE OFF FOOTPATH STRIKES VEH ON CARRIAGEWAY,3,713275,Cross intersection,3,80,Arterial Other,PRINCES,CARDINIA,-38.063023,145.43721,2022,5,May,20,Night,Weekday
T20220011415,2022-05-20,13:50:00,6,Vehicle overturned (no collision),5,Friday,174,OUT OF CONTROL ON CARRIAGEWAY (ON STRAIGHT),1,42467,Cross intersection,3,80,Arterial Other,WESTALL,DANDENONG,-37.9314,145.14183,2022,5,May,13,Midday,Weekday
T20220013450,2022-05-20,12:01:00,1,Collision with vehicle,5,Friday,130,REAR END(VEHICLES IN SAME LANE),1,715240,Cross intersection,2,80,Arterial Highway,SPRINGVALE,WHITEHORSE,-37.834606,145.17276,2022,5,May,12,Midday,Weekday
T20220011707,2022-05-20,15:40:00,1,Collision with vehicle,5,Friday,148,VEHICLE OFF FOOTPATH STRIKES VEH ON CARRIAGEWAY,1,48841,Cross intersection,3,60,Arterial Other,DERRIMUT,WYNDHAM,-37.83446,144.69106,2022,5,May,15,Afternoon Peak,Weekday
T20220011640,2022-05-20,15:10:00,1,Collision with vehicle,5,Friday,133,LANE SIDE SWIPE (VEHICLES IN PARALLEL LANES),1,45590,Cross intersection,3,50,Local Road,MUNRO,MORELAND,-37.743996,144.95598,2022,5,May,15,Afternoon Peak,Weekday
T20220013899,2022-05-20,09:00:00,1,Collision with vehicle,5,Friday,130,REAR END(VEHICLES IN SAME LANE),1,726091,Cross intersection,3,50,Arterial Other,HOTHAM,GLEN EIRA,-37.86945,144.99945,2022,5,May,9,Morning Peak,Weekday
T20220011368,2022-05-20,08:50:00,1,Collision with vehicle,5,Friday,134,LANE CHANGE RIGHT (NOT OVERTAKING),1,712872,Not at intersection,3,70,Arterial Other,BALLARAT,BRIMBANK,-37.77419,144.80434,2022,5,May,8,Morning Peak,Weekday
T20220011410,2022-05-20,14:27:00,8,No collision and no object struck,5,Friday,170,OFF CARRIAGEWAY TO LEFT,1,712920,Not at intersection,2,80,Arterial Other,SYDNEY,HUME,-37.68023,144.95692,2022,5,May,14,Midday,Weekday
T20220016490,2022-05-20,12:00:00,4,Collision with a fixed object,5,Friday,171,LEFT OFF CARRIAGEWAY INTO OBJECT/PARKED VEHICLE,1,724296,Not at intersection,3,100,Arterial Highway,WESTERN,HINDMARSH,-36.3535,141.62762,2022,5,May,12,Midday,Weekday
T20220011522,2022-05-21,15:15:00,1,Collision with vehicle,6,Saturday,116,LEFT NEAR (INTERSECTIONS ONLY),1,785146,T intersection,3,40,Arterial Other,FITZROY,PORT PHILLIP,-37.85928,144.97821,2022,5,May,15,Afternoon Peak,Weekend
T20220011524,2022-05-21,19:30:00,4,Collision with a fixed object,6,Saturday,183,OFF LEFT BEND INTO OBJECT/PARKED VEHICLE,3,724297,Not at intersection,2,80,Freeway,EASTLINK OUT-RINGWOOD OUT,MAROONDAH,-37.811794,145.21558,2022,5,May,19,Night,Weekend
T20220011533,2022-05-21,20:27:00,1,Collision with vehicle,6,Saturday,147,VEHICLE STRIKES ANOTHER VEH WHILE EMERGING FROM DRIVEWAY,3,738353,Not at intersection,2,60,Arterial Other,ST ALBANS,BRIMBANK,-37.746933,144.80197,2022,5,May,20,Night,Weekend
T20220011538,2022-05-21,23:19:00,4,Collision with a fixed object,6,Saturday,173,RIGHT OFF CARRIAGEWAY INTO OBJECT/PARKED VEHICLE,3,718017,Not at intersection,3,60,Local Road,SMITH,YARRA,-37.808628,144.9826,2022,5,May,23,Night,Weekend
T20220011551,2022-05-21,15:40:00,1,Collision with vehicle,6,Saturday,111,RIGHT FAR (INTERSECTIONS ONLY),1,55897,Cross intersection,3,60,Local Road,CAROLINE SPRINGS,MELTON,-37.73589,144.7404,2022,5,May,15,Afternoon Peak,Weekend
T20220011556,2022-05-21,16:40:00,4,Collision with a fixed object,6,Saturday,171,LEFT OFF CARRIAGEWAY INTO OBJECT/PARKED VEHICLE,2,733793,Not at intersection,3,100,Local Road,ASKEWS,WELLINGTON,-38.602978,146.58377,2022,5,May,16,Afternoon Peak,Weekend
T20220011564,2022-05-21,19:38:00,4,Collision with a fixed object,6,Saturday,171,LEFT OFF CARRIAGEWAY INTO OBJECT/PARKED VEHICLE,3,721746,Not at intersection,3,60,Local Road,STINTONS,MANNINGHAM,-37.772133,145.20262,2022,5,May,19,Night,Weekend
T20220011606,2022-05-21,21:00:00,1,Collision with vehicle,6,Saturday,130,REAR END(VEHICLES IN SAME LANE),3,44310,Cross intersection,3,60,Arterial Other,SAYERS,WYNDHAM,-37.852333,144.72687,2022,5,May,21,Night,Weekend
T20220011653,2022-05-21,08:30:00,1,Collision with vehicle,6,Saturday,129,OTHER OPPOSING MANOEUVRES NOT INCLUDED IN DCAs 120-125.,1,721745,Not at intersection,2,100,Local Road,BIG RIVER,MURRINDINDI,-37.486446,146.09492,2022,5,May,8,Morning Peak,Weekend
T20220011655,2022-05-21,10:00:00,8,No collision and no object struck,6,Saturday,184,OUT OF CONTROL ON CARRIAGEWAY (ON BEND),1,733251,Not at intersection,3,100,Local Road,TEA TREE SPUR,WELLINGTON,-37.329865,147.04741,2022,5,May,10,Midday,Weekend
T20220011737,2022-05-21,16:11:00,1,Collision with vehicle,6,Saturday,110,CROSS TRAFFIC(INTERSECTIONS ONLY),1,48924,Cross intersection,3,60,Local Road,BAILEY,GEELONG,-38.19625,144.34778,2022,5,May,16,Afternoon Peak,Weekend
T20220011767,2022-05-21,09:00:00,8,No collision and no object struck,6,Saturday,149,OTHER MANOEUVRING NOT INCLUDED IN DCAs 140-148,1,29600,Cross intersection,3,40,Arterial Other,HIGH,STONNINGTON,-37.853092,145.00244,2022,5,May,9,Morning Peak,Weekend
T20220012282,2022-05-21,17:00:00,1,Collision with vehicle,6,Saturday,132,RIGHT REAR.,2,279023,T intersection,3,60,Local Road,FORSYTH,WYNDHAM,-37.861282,144.73141,2022,5,May,17,Afternoon Peak,Weekend
T20220012288,2022-05-21,11:15:00,6,Vehicle overturned (no collision),6,Saturday,174,OUT OF CONTROL ON CARRIAGEWAY (ON STRAIGHT),9,717987,Not at intersection,3,100,Local Road,MERIDIAN,MILDURA,-34.414803,141.99869,2022,5,May,11,Midday,Weekend
T20220012293,2022-05-21,23:30:00,2,Struck Pedestrian,6,Saturday,109,ANY MANOEUVRE INVOLVING PED NOT INCLUDED IN DCAs 100-108.,3,713699,Not at intersection,2,50,Local Road,MCIVOR,BRIMBANK,-37.742283,144.8045,2022,5,May,23,Night,Weekend
T20220012435,2022-05-21,18:00:00,1,Collision with vehicle,6,Saturday,132,RIGHT REAR.,9,1192,Cross intersection,3,40,Arterial Other,RYRIE,GEELONG,-38.149323,144.3598,2022,5,May,18,Afternoon Peak,Weekend
T20220012759,2022-05-21,12:30:00,1,Collision with vehicle,6,Saturday,120,HEAD ON (NOT OVERTAKING),1,728656,Not at intersection,3,60,Arterial Other,WARBURTON-WOODS POINT,YARRA RANGES,-37.5612,145.9364,2022,5,May,12,Midday,Weekend
T20220013061,2022-05-21,11:30:00,1,Collision with vehicle,6,Saturday,110,CROSS TRAFFIC(INTERSECTIONS ONLY),1,64157,Cross intersection,3,60,Local Road,ROSE,BANYULE,-37.774307,145.04176,2022,5,May,11,Midday,Weekend
T20220013073,2022-05-21,12:50:00,1,Collision with vehicle,6,Saturday,134,LANE CHANGE RIGHT (NOT OVERTAKING),9,714735,Not at intersection,3,60,Arterial Other,MT ALEXANDER,MOONEE VALLEY,-37.7612,144.92117,2022,5,May,12,Midday,Weekend
T20220020688,2022-05-21,10:30:00,4,Collision with a fixed object,6,Saturday,171,LEFT OFF CARRIAGEWAY INTO OBJECT/PARKED VEHICLE,1,781980,Not at intersection,3,80,Local Road,JENSZ,MOORABOOL,-37.734818,144.43034,2022,5,May,10,Midday,Weekend
T20220013998,2022-05-21,18:30:00,1,Collision with vehicle,6,Saturday,113,RIGHT NEAR (INTERSECTIONS ONLY),3,54712,T intersection,3,50,Local Road,EDWARDES,DAREBIN,-37.71518,144.99525,2022,5,May,18,Afternoon Peak,Weekend
T20220011596,2022-05-21,19:25:00,1,Collision with vehicle,6,Saturday,135,LANE CHANGE LEFT (NOT OVERTAKING),5,713569,Not at intersection,3,80,Freeway,MICKLEHAM-TULLAMARINE IN,HUME,-37.69322,144.88492,2022,5,May,19,Night,Weekend
T20220013925,2022-05-21,12:30:00,1,Collision with vehicle,6,Saturday,130,REAR END(VEHICLES IN SAME LANE),1,715647,Not at intersection,3,60,Arterial Other,WAVERLEY,MOONEE VALLEY,-37.75725,144.90707,2022,5,May,12,Midday,Weekend
T20220011456,2022-05-21,03:30:00,4,Collision with a fixed object,6,Saturday,173,RIGHT OFF CARRIAGEWAY INTO OBJECT/PARKED VEHICLE,5,759491,Not at intersection,2,60,Local Road,VICKERYS,SURF COAST,-38.33613,144.22035,2022,5,May,3,Late Night,Weekend
T20220011460,2022-05-21,09:10:00,1,Collision with vehicle,6,Saturday,110,CROSS TRAFFIC(INTERSECTIONS ONLY),1,25256,Cross intersection,2,80,Arterial Other,PRINCES,CARDINIA,-38.061775,145.45534,2022,5,May,9,Morning Peak,Weekend
T20220011470,2022-05-21,09:15:00,1,Collision with vehicle,6,Saturday,131,LEFT REAR,1,717983,Not at intersection,2,60,Arterial Other,BALLAN-DAYLESFORD,HEPBURN,-37.378956,144.1273,2022,5,May,9,Morning Peak,Weekend
T20220011471,2022-05-21,10:26:00,6,Vehicle overturned (no collision),6,Saturday,174,OUT OF CONTROL ON CARRIAGEWAY (ON STRAIGHT),1,712875,Not at intersection,2,100,Arterial Highway,SUNRAYSIA,BALLARAT,-37.4361,143.7357,2022,5,May,10,Midday,Weekend
T20220011477,2022-05-21,11:20:00,1,Collision with vehicle,6,Saturday,130,REAR END(VEHICLES IN SAME LANE),1,774557,Not at intersection,3,60,Arterial Highway,WARRIGAL,KINGSTON,-37.92433,145.0824,2022,5,May,11,Midday,Weekend
T20220011480,2022-05-21,12:30:00,1,Collision with vehicle,6,Saturday,132,RIGHT REAR.,1,724466,Not at intersection,3,60,Local Road,CHISHOLM,BALLARAT,-37.5498,143.86787,2022,5,May,12,Midday,Weekend
T20220011483,2022-05-21,08:40:00,1,Collision with vehicle,6,Saturday,130,REAR END(VEHICLES IN SAME LANE),1,106388,Not at intersection,2,80,Arterial Highway,SOUTH GIPPSLAND,CASEY,-38.08115,145.27588,2022,5,May,8,Morning Peak,Weekend
T20220011998,2022-05-21,15:00:00,6,Vehicle overturned (no collision),6,Saturday,170,OFF CARRIAGEWAY TO LEFT,1,713285,T intersection,3,80,Local Road,S E C,BALLARAT,-37.575306,143.92369,2022,5,May,15,Afternoon Peak,Weekend
T20220011486,2022-05-21,11:51:00,1,Collision with vehicle,6,Saturday,121,RIGHT THROUGH,1,774558,T intersection,3,50,Local Road,HENTY,DAREBIN,-37.7188,144.99693,2022,5,May,11,Midday,Weekend
T20220011488,2022-05-21,13:58:00,1,Collision with vehicle,6,Saturday,160,VEHICLE COLLIDES WITH VEHICLE PARKED ON LEFT OF ROAD,1,712782,Not at intersection,3,50,Local Road,ALDERSTEAD,MELTON,-37.740437,144.72612,2022,5,May,13,Midday,Weekend