ACCIDENT_NO,ACCIDENT_DATE,ACCIDENT_TIME,ACCIDENT_TYPE,ACCIDENT_TYPE_DESC,DAY_OF_WEEK,DAY_WEEK_DESC,DCA_CODE,DCA_DESC,LIGHT_CONDITION,NODE_ID,ROAD_GEOMETRY_DESC,SEVERITY,SPEED_ZONE,RMA,ROAD_NAME,LGA_NAME,LATITUDE,LONGITUDE,YEAR,MONTH,MONTH_NAME,HOUR,TIME_PERIOD,DAY_TYPE
T20220011490,2022-05-21,13:15:00,1,Collision with vehicle,6,Saturday,116,LEFT NEAR (INTERSECTIONS ONLY),1,785144,Multiple intersection,2,80,Freeway,PRINCES,CARDINIA,-38.079685,145.74529,2022,5,May,13,Midday,Weekend
T20220011495,2022-05-21,10:50:00,1,Collision with vehicle,6,Saturday,121,RIGHT THROUGH,1,38092,Cross intersection,3,60,Arterial Other,HEIDELBERG,YARRA,-37.781876,145.02504,2022,5,May,10,Midday,Weekend
T20220011496,2022-05-21,13:50:00,1,Collision with vehicle,6,Saturday,121,RIGHT THROUGH,1,260358,Not at intersection,3,60,Local Road,ROSAMOND,MARIBYRNONG,-37.7728,144.88615,2022,5,May,13,Midday,Weekend
T20220011497,2022-05-21,14:05:00,1,Collision with vehicle,6,Saturday,113,RIGHT NEAR (INTERSECTIONS ONLY),1,221437,Cross intersection,3,70,Arterial Other,SYDNEY,HUME,-37.678627,144.95665,2022,5,May,14,Midday,Weekend
T20220011499,2022-05-21,15:20:00,6,Vehicle overturned (no collision),6,Saturday,180,OFF CARRIAGEWAY ON RIGHT BEND,1,717985,T intersection,3,50,Local Road,LAKE,KINGSTON,-37.98039,145.11325,2022,5,May,15,Afternoon Peak,Weekend
T20220011500,2022-05-21,11:35:00,1,Collision with vehicle,6,Saturday,130,REAR END(VEHICLES IN SAME LANE),1,712783,Not at intersection,3,60,Arterial Other,MCINTYRE,BRIMBANK,-37.760532,144.83179,2022,5,May,11,Midday,Weekend
T20220014560,2022-05-21,15:15:00,1,Collision with vehicle,6,Saturday,110,CROSS TRAFFIC(INTERSECTIONS ONLY),1,46589,Cross intersection,3,60,Local Road,CHELMSFORD,HOBSONS BAY,-37.851944,144.86282,2022,5,May,15,Afternoon Peak,Weekend
T20220011501,2022-05-21,15:55:00,4,Collision with a fixed object,6,Saturday,173,RIGHT OFF CARRIAGEWAY INTO OBJECT/PARKED VEHICLE,1,713736,Not at intersection,2,50,Local Road,VAN NESS,MORNINGTON PENINSULA,-38.236473,145.03706,2022,5,May,15,Afternoon Peak,Weekend
T20220011511,2022-05-21,17:30:00,1,Collision with vehicle,6,Saturday,113,RIGHT NEAR (INTERSECTIONS ONLY),9,45440,Cross intersection,3,60,Arterial Other,ASCOT VALE,MOONEE VALLEY,-37.777397,144.9231,2022,5,May,17,Afternoon Peak,Weekend
T20220011513,2022-05-21,17:30:00,1,Collision with vehicle,6,Saturday,121,RIGHT THROUGH,2,718935,T intersection,3,60,Local Road,EASTBOURNE,MORNINGTON PENINSULA,-38.367844,144.90474,2022,5,May,17,Afternoon Peak,Weekend
T20220011516,2022-05-21,17:51:00,3,Struck animal,6,Saturday,167,STRUCK ANIMAL,5,714425,Not at intersection,3,80,Arterial Other,HEALESVILLE-KOO WEE RUP,YARRA RANGES,-37.746033,145.53235,2022,5,May,17,Afternoon Peak,Weekend
T20220011519,2022-05-21,16:40:00,1,Collision with vehicle,6,Saturday,130,REAR END(VEHICLES IN SAME LANE),1,712731,Not at intersection,1,100,Freeway,WESTERN,MELTON,-37.744755,144.69958,2022,5,May,16,Afternoon Peak,Weekend
T20220011520,2022-05-21,15:45:00,1,Collision with vehicle,6,Saturday,121,RIGHT THROUGH,1,42790,Cross intersection,2,50,Arterial Highway,WARRIGAL,KINGSTON,-37.974846,145.07275,2022,5,May,15,Afternoon Peak,Weekend
T20220011580,2022-05-22,18:35:00,1,Collision with vehicle,7,Sunday,110,CROSS TRAFFIC(INTERSECTIONS ONLY),3,256449,Cross intersection,2,60,Local Road,DREWS,GEELONG,-38.19733,144.35735,2022,5,May,18,Afternoon Peak,Weekend
T20220011632,2022-05-22,16:15:00,1,Collision with vehicle,7,Sunday,137,LEFT TURN SIDESWIPE,1,718452,T intersection,3,40,Local Road,ROLLS,MORELAND,-37.750587,144.96823,2022,5,May,16,Afternoon Peak,Weekend
T20220011579,2022-05-22,18:10:00,1,Collision with vehicle,7,Sunday,113,RIGHT NEAR (INTERSECTIONS ONLY),5,62217,T intersection,3,50,Local Road,WICKHAM,MELTON,-37.70879,144.57008,2022,5,May,18,Afternoon Peak,Weekend
T20220011550,2022-05-22,09:00:00,1,Collision with vehicle,7,Sunday,120,HEAD ON (NOT OVERTAKING),1,713902,Not at intersection,2,60,Arterial Other,BURWOOD,YARRA RANGES,-37.907986,145.3502,2022,5,May,9,Morning Peak,Weekend
T20220011621,2022-05-22,16:45:00,4,Collision with a fixed object,7,Sunday,173,RIGHT OFF CARRIAGEWAY INTO OBJECT/PARKED VEHICLE,1,714536,Not at intersection,3,100,Local Road,CARMODYS,STRATHBOGIE,-36.7651,145.34741,2022,5,May,16,Afternoon Peak,Weekend
T20220012069,2022-05-22,09:50:00,1,Collision with vehicle,7,Sunday,130,REAR END(VEHICLES IN SAME LANE),1,45413,T intersection,3,60,Arterial Other,PASCOE VALE,MOONEE VALLEY,-37.759914,144.92615,2022,5,May,9,Morning Peak,Weekend
T20220011583,2022-05-22,18:00:00,1,Collision with vehicle,7,Sunday,121,RIGHT THROUGH,3,74039,Cross intersection,3,80,Arterial Highway,PHILLIP ISLAND,BASS COAST,-38.482548,145.25752,2022,5,May,18,Afternoon Peak,Weekend
T20220022346,2022-05-22,14:35:00,1,Collision with vehicle,7,Sunday,110,CROSS TRAFFIC(INTERSECTIONS ONLY),1,269900,Cross intersection,3,60,Local Road,CLARKSON,BALLARAT,-37.583813,143.83861,2022,5,May,14,Midday,Weekend
T20220011586,2022-05-22,16:55:00,4,Collision with a fixed object,7,Sunday,173,RIGHT OFF CARRIAGEWAY INTO OBJECT/PARKED VEHICLE,1,712786,Not at intersection,1,100,Local Road,FISH CREEK-WALKERVILLE,SOUTH GIPPSLAND,-38.811817,146.00381,2022,5,May,16,Afternoon Peak,Weekend
T20220014445,2022-05-22,11:15:00,1,Collision with vehicle,7,Sunday,132,RIGHT REAR.,9,57391,Cross intersection,3,60,Arterial Other,SYDNEY,MORELAND,-37.73399,144.96535,2022,5,May,11,Midday,Weekend
T20220011585,2022-05-22,13:56:00,1,Collision with vehicle,7,Sunday,121,RIGHT THROUGH,1,295586,Not at intersection,3,60,Local Road,DAVID MUNROE,HUME,-37.639343,144.92928,2022,5,May,13,Midday,Weekend
T20220013031,2022-05-22,00:20:00,4,Collision with a fixed object,7,Sunday,171,LEFT OFF CARRIAGEWAY INTO OBJECT/PARKED VEHICLE,3,774581,Not at intersection,3,80,Local Road,THOMPSONS,CASEY,-38.09456,145.3766,2022,5,May,0,Late Night,Weekend
T20220013132,2022-05-22,11:00:00,6,Vehicle overturned (no collision),7,Sunday,170,OFF CARRIAGEWAY TO LEFT,1,714919,Not at intersection,2,80,Arterial Other,YARRA JUNCTION-NOOJEE,YARRA RANGES,-37.83125,145.67152,2022,5,May,11,Midday,Weekend
T20220011547,2022-05-22,04:30:00,1,Collision with vehicle,7,Sunday,133,LANE SIDE SWIPE (VEHICLES IN PARALLEL LANES),3,726318,Not at intersection,2,80,Arterial Highway,SOUTH GIPPSLAND,CASEY,-38.080845,145.2757,2022,5,May,4,Late Night,Weekend
T20220011549,2022-05-22,08:34:00,8,No collision and no object struck,7,Sunday,189,OTHER ACCIDENTS ON CURVE NOT INCLUDED IN DCAs 180-184,1,712784,Not at intersection,3,40,Local Road,RAILWAY,GEELONG,-38.145653,144.35727,2022,5,May,8,Morning Peak,Weekend
T20220013740,2022-05-22,14:00:00,6,Vehicle overturned (no collision),7,Sunday,182,OFF CARRIAGEWAY ON LEFT BEND,1,721154,Not at intersection,3,100,Local Road,EILDON-JAMIESON,MURRINDINDI,-37.25583,145.90411,2022,5,May,14,Midday,Weekend
T20220011835,2022-05-22,13:20:00,8,No collision and no object struck,7,Sunday,170,OFF CARRIAGEWAY TO LEFT,1,713451,Not at intersection,3,50,Local Road,BINKS,MOORABOOL,-37.52659,144.24397,2022,5,May,13,Midday,Weekend
T20230001741,2022-05-22,16:10:00,1,Collision with vehicle,7,Sunday,130,REAR END(VEHICLES IN SAME LANE),1,765993,Cross intersection,3,60,Local Road,OLD GEELONG,WYNDHAM,-37.879887,144.70525,2022,5,May,16,Afternoon Peak,Weekend
T20220011751,2022-05-22,12:00:00,8,No collision and no object struck,7,Sunday,170,OFF CARRIAGEWAY TO LEFT,1,712987,Not at intersection,3,100,Local Road,TARRAWARRA,YARRA RANGES,-37.650795,145.42169,2022,5,May,12,Midday,Weekend
T20220011617,2022-05-22,12:45:00,1,Collision with vehicle,7,Sunday,120,HEAD ON (NOT OVERTAKING),1,714192,T intersection,3,100,Arterial Highway,MELBA,MURRINDINDI,-37.526165,145.41852,2022,5,May,12,Midday,Weekend
T20220011577,2022-05-22,18:00:00,1,Collision with vehicle,7,Sunday,121,RIGHT THROUGH,3,43626,Cross intersection,2,50,Arterial Other,CENTRE,CASEY,-38.029064,145.30089,2022,5,May,18,Afternoon Peak,Weekend
T20220011649,2022-05-22,11:45:00,1,Collision with vehicle,7,Sunday,147,VEHICLE STRIKES ANOTHER VEH WHILE EMERGING FROM DRIVEWAY,1,717989,Not at intersection,3,40,Local Road,DARLOT,HORSHAM,-36.716064,142.19713,2022,5,May,11,Midday,Weekend
T20220011570,2022-05-22,16:00:00,1,Collision with vehicle,7,Sunday,121,RIGHT THROUGH,1,713277,T intersection,2,80,Local Road,MOUNT COTTRELL,MELTON,-37.70846,144.62007,2022,5,May,16,Afternoon Peak,Weekend
T20220011566,2022-05-22,15:00:00,6,Vehicle overturned (no collision),7,Sunday,174,OUT OF CONTROL ON CARRIAGEWAY (ON STRAIGHT),1,718162,Cross intersection,3,50,Local Road,INGRAMS,NILLUMBIK,-37.70057,145.18224,2022,5,May,15,Afternoon Peak,Weekend
T20220011602,2022-05-23,08:30:00,1,Collision with vehicle,1,Monday,110,CROSS TRAFFIC(INTERSECTIONS ONLY),1,713500,Cross intersection,2,80,Arterial Other,AVENUE OF HONOUR,MACEDON RANGES,-37.33563,144.52515,2022,5,May,8,Morning Peak,Weekday
T20220011592,2022-05-23,00:01:00,1,Collision with vehicle,1,Monday,121,RIGHT THROUGH,3,102689,T intersection,3,80,Arterial Highway,SOUTH GIPPSLAND,DANDENONG,-38.000668,145.22559,2022,5,May,0,Late Night,Weekday
T20220011608,2022-05-23,09:59:00,1,Collision with vehicle,1,Monday,113,RIGHT NEAR (INTERSECTIONS ONLY),1,52825,Cross intersection,3,60,Local Road,HUMFFRAY,BALLARAT,-37.55589,143.87808,2022,5,May,9,Morning Peak,Weekday
T20220011622,2022-05-23,11:10:00,1,Collision with vehicle,1,Monday,163,VEHICLE STRIKES DOOR OF PARKED/STATIONARY VEHICLE,1,713228,Not at intersection,2,60,Arterial Other,STATION,DAREBIN,-37.780895,145.0178,2022,5,May,11,Midday,Weekday
T20220011656,2022-05-23,15:30:00,1,Collision with vehicle,1,Monday,110,CROSS TRAFFIC(INTERSECTIONS ONLY),1,66855,Cross intersection,3,50,Local Road,HENDREN,HOBSONS BAY,-37.840164,144.84784,2022,5,May,15,Afternoon Peak,Weekday
T20220011657,2022-05-23,14:45:00,1,Collision with vehicle,1,Monday,130,REAR END(VEHICLES IN SAME LANE),1,712879,Not at intersection,2,40,Arterial Highway,HAMILTON,GEELONG,-38.13136,144.26553,2022,5,May,14,Midday,Weekday
T20220011775,2022-05-23,20:45:00,1,Collision with vehicle,1,Monday,130,REAR END(VEHICLES IN SAME LANE),3,44989,T intersection,3,60,Arterial Other,MAIN,BRIMBANK,-37.745975,144.81444,2022,5,May,20,Night,Weekday
T20220011658,2022-05-23,16:00:00,2,Struck Pedestrian,1,Monday,108,PED STRUCK WALKING TO/FROM OR BOARDING/ALIGHTING VEHICLE.,1,713179,Not at intersection,3,50,Local Road,GILBERT,DAREBIN,-37.73285,144.99094,2022,5,May,16,Afternoon Peak,Weekday
T20220011604,2022-05-23,09:01:00,6,Vehicle overturned (no collision),1,Monday,174,OUT OF CONTROL ON CARRIAGEWAY (ON STRAIGHT),1,38444,T intersection,2,40,Local Road,BELLARA,YARRA RANGES,-37.773754,145.31316,2022,5,May,9,Morning Peak,Weekday
T20220011829,2022-05-23,12:40:00,1,Collision with vehicle,1,Monday,121,RIGHT THROUGH,1,35690,Cross intersection,3,60,Arterial Other,VICTORIA,BAW BAW,-38.158916,145.93016,2022,5,May,12,Midday,Weekday
T20220011665,2022-05-23,16:10:00,1,Collision with vehicle,1,Monday,111,RIGHT FAR (INTERSECTIONS ONLY),1,713089,T intersection,2,80,Arterial Highway,ANDERSON,WODONGA,-36.143425,146.92056,2022,5,May,16,Afternoon Peak,Weekday
T20220011668,2022-05-23,14:39:00,1,Collision with vehicle,1,Monday,130,REAR END(VEHICLES IN SAME LANE),1,42376,T intersection,3,60,Arterial Other,CENTRE,KINGSTON,-37.92743,145.10991,2022,5,May,14,Midday,Weekday
T20220011670,2022-05-23,16:54:00,1,Collision with vehicle,1,Monday,154,PULLING OUT -REAR END,1,727969,Not at intersection,3,50,Local Road,ARTHURTON,DAREBIN,-37.769135,144.99728,2022,5,May,16,Afternoon Peak,Weekday
T20220011834,2022-05-23,17:30:00,1,Collision with vehicle,1,Monday,130,REAR END(VEHICLES IN SAME LANE),2,718049,Not at intersection,3,60,Arterial Other,WATERDALE,DAREBIN,-37.72696,145.05067,2022,5,May,17,Afternoon Peak,Weekday
T20220011883,2022-05-23,18:10:00,1,Collision with vehicle,1,Monday,121,RIGHT THROUGH,5,713904,Not at intersection,3,80,Local Road,SCRUBBY,LATROBE,-38.19438,146.48369,2022,5,May,18,Afternoon Peak,Weekday
T20220011886,2022-05-23,15:38:00,1,Collision with vehicle,1,Monday,121,RIGHT THROUGH,1,713189,Not at intersection,2,60,Local Road,MATTHEWS,MOONEE VALLEY,-37.726334,144.89064,2022,5,May,15,Afternoon Peak,Weekday
T20220012152,2022-05-23,05:20:00,4,Collision with a fixed object,1,Monday,175,OFF END OF ROAD/T-INTERSECTION.,5,328106,Not at intersection,2,60,Local Road,GUY,BASS COAST,-38.420967,145.4773,2022,5,May,5,Morning Peak,Weekday
T20220011979,2022-05-23,18:10:00,1,Collision with vehicle,1,Monday,130,REAR END(VEHICLES IN SAME LANE),2,47111,T intersection,3,60,Arterial Other,SAYERS,WYNDHAM,-37.851746,144.71971,2022,5,May,18,Afternoon Peak,Weekday
T20220011680,2022-05-23,19:15:00,1,Collision with vehicle,1,Monday,121,RIGHT THROUGH,3,44335,T intersection,3,60,Arterial Other,PRINCES HIGHWAY -WERRIBEE,WYNDHAM,-37.902634,144.65393,2022,5,May,19,Night,Weekday
T20220011600,2022-05-23,07:40:00,1,Collision with vehicle,1,Monday,121,RIGHT THROUGH,1,40945,Cross intersection,2,60,Arterial Other,SCORESBY,KNOX,-37.866993,145.26253,2022,5,May,7,Morning Peak,Weekday
T20220011685,2022-05-23,19:55:00,1,Collision with vehicle,1,Monday,121,RIGHT THROUGH,3,36813,Cross intersection,3,60,Arterial Other,NORMANBY,PORT PHILLIP,-37.828957,144.94844,2022,5,May,19,Night,Weekday
T20220012175,2022-05-23,22:30:00,1,Collision with vehicle,1,Monday,130,REAR END(VEHICLES IN SAME LANE),3,715461,Not at intersection,3,60,Arterial Other,SUNSHINE,BRIMBANK,-37.751343,144.83252,2022,5,May,22,Night,Weekday
T20220012650,2022-05-23,15:00:00,1,Collision with vehicle,1,Monday,132,RIGHT REAR.,1,46979,T intersection,3,50,Local Road,BARKLYA,WYNDHAM,-37.86071,144.68015,2022,5,May,15,Afternoon Peak,Weekday
T20220011686,2022-05-23,18:21:00,1,Collision with vehicle,1,Monday,115,RIGHT/LEFT FAR (INTERSECTIONS ONLY),3,730579,T intersection,2,50,Local Road,KLEINE,DANDENONG,-37.970764,145.1704,2022,5,May,18,Afternoon Peak,Weekday
T20220011750,2022-05-23,15:30:00,1,Collision with vehicle,1,Monday,148,VEHICLE OFF FOOTPATH STRIKES VEH ON CARRIAGEWAY,1,52058,Cross intersection,3,50,Local Road,LANSDOWNE,WELLINGTON,-38.10488,147.0767,2022,5,May,15,Afternoon Peak,Weekday
T20220011675,2022-05-23,18:05:00,6,Vehicle overturned (no collision),1,Monday,170,OFF CARRIAGEWAY TO LEFT,5,715226,Not at intersection,3,100,Local Road,BOWES,GOLDEN PLAINS,-37.614304,143.80806,2022,5,May,18,Afternoon Peak,Weekday
T20220011671,2022-05-23,16:25:00,1,Collision with vehicle,1,Monday,113,RIGHT NEAR (INTERSECTIONS ONLY),1,50586,T intersection,2,100,Arterial Other,CARAMUT,MOYNE,-38.31352,142.46371,2022,5,May,16,Afternoon Peak,Weekday
T20220011740,2022-05-23,12:19:00,1,Collision with vehicle,1,Monday,143,ENTERING PARKING,1,35676,Cross intersection,2,50,Arterial Highway,PALL MALL,BENDIGO,-36.758514,144.2801,2022,5,May,12,Midday,Weekday
T20220013196,2022-05-23,16:20:00,1,Collision with vehicle,1,Monday,120,HEAD ON (NOT OVERTAKING),1,715866,Not at intersection,3,80,Arterial Other,POUND,CASEY,-38.051437,145.29951,2022,5,May,16,Afternoon Peak,Weekday
T20220011677,2022-05-23,18:06:00,1,Collision with vehicle,1,Monday,121,RIGHT THROUGH,3,221489,Cross intersection,3,60,Arterial Other,SYDNEY,MORELAND,-37.71869,144.963,2022,5,May,18,Afternoon Peak,Weekday
T20220011819,2022-05-23,16:20:00,1,Collision with vehicle,1,Monday,130,REAR END(VEHICLES IN SAME LANE),2,222043,Y intersection,3,100,Freeway,MORNINGTON PENINSULA,KINGSTON,-38.025883,145.13304,2022,5,May,16,Afternoon Peak,Weekday
T20220011690,2022-05-23,16:00:00,1,Collision with vehicle,1,Monday,121,RIGHT THROUGH,1,41548,T intersection,2,60,Arterial Other,WAVERLEY,STONNINGTON,-37.877323,145.0865,2022,5,May,16,Afternoon Peak,Weekday
T20220011692,2022-05-23,21:57:00,2,Struck Pedestrian,1,Monday,100,PED NEAR SIDE. PED HIT BY VEHICLE FROM THE RIGHT.,3,718482,Not at intersection,2,60,Arterial Other,EPSOM,MOONEE VALLEY,-37.770626,144.90527,2022,5,May,21,Night,Weekday
T20220011603,2022-05-23,05:30:00,4,Collision with a fixed object,1,Monday,183,OFF LEFT BEND INTO OBJECT/PARKED VEHICLE,2,721816,Not at intersection,3,100,Local Road,HUMPHRIES,CARDINIA,-38.18497,145.66995,2022,5,May,5,Morning Peak,Weekday
T20220014532,2022-05-23,03:10:00,3,Struck animal,1,Monday,167,STRUCK ANIMAL,5,718250,Not at intersection,3,80,Arterial Other,HEALESVILLE-KINGLAKE,MURRINDINDI,-37.536945,145.38733,2022,5,May,3,Late Night,Weekday
T20220011630,2022-05-23,09:15:00,1,Collision with vehicle,1,Monday,160,VEHICLE COLLIDES WITH VEHICLE PARKED ON LEFT OF ROAD,1,718034,Not at intersection,3,50,Local Road,NINTH,MILDURA,-34.18943,142.16425,2022,5,May,9,Morning Peak,Weekday
T20220011597,2022-05-23,06:50:00,2,Struck Pedestrian,1,Monday,102,FAR SIDE. PED HIT BY VEHICLE FROM THE LEFT,2,51667,Cross intersection,2,60,Arterial Other,PYKE,BENDIGO,-36.769302,144.28618,2022,5,May,6,Morning Peak,Weekday
T20220011599,2022-05-23,08:50:00,1,Collision with vehicle,1,Monday,110,CROSS TRAFFIC(INTERSECTIONS ONLY),1,59145,Cross intersection,3,40,Local Road,ANN,SHEPPARTON,-36.391186,145.3598,2022,5,May,8,Morning Peak,Weekday
T20220011629,2022-05-23,07:00:00,2,Struck Pedestrian,1,Monday,109,ANY MANOEUVRE INVOLVING PED NOT INCLUDED IN DCAs 100-108.,2,50474,Cross intersection,3,50,Local Road,ETIWANDA,MILDURA,-34.19927,142.16542,2022,5,May,7,Morning Peak,Weekday
T20220011684,2022-05-23,15:41:00,1,Collision with vehicle,1,Monday,116,LEFT NEAR (INTERSECTIONS ONLY),1,49716,Cross intersection,2,50,Local Road,DOVE,GEELONG,-38.090385,144.35452,2022,5,May,15,Afternoon Peak,Weekday
T20220011626,2022-05-23,08:50:00,1,Collision with vehicle,1,Monday,113,RIGHT NEAR (INTERSECTIONS ONLY),1,836,T intersection,3,40,Local Road,OHEA,MORELAND,-37.73721,144.96133,2022,5,May,8,Morning Peak,Weekday
T20220011646,2022-05-23,13:35:00,1,Collision with vehicle,1,Monday,130,REAR END(VEHICLES IN SAME LANE),1,133986,T intersection,3,80,Arterial Highway,NEPEAN,KINGSTON,-37.97673,145.06668,2022,5,May,13,Midday,Weekday
T20220011779,2022-05-24,17:15:00,1,Collision with vehicle,2,Tuesday,130,REAR END(VEHICLES IN SAME LANE),2,713132,Not at intersection,2,100,Freeway,MONASH,CASEY,-37.982365,145.24565,2022,5,May,17,Afternoon Peak,Weekday
T20220011813,2022-05-24,18:20:00,4,Collision with a fixed object,2,Tuesday,181,OFF RIGHT BEND INTO OBJECT/PARKED VEHICLE,5,724341,Not at intersection,3,60,Local Road,STONYFORD,YARRA RANGES,-37.82523,145.40788,2022,5,May,18,Afternoon Peak,Weekday
T20220012276,2022-05-24,10:30:00,1,Collision with vehicle,2,Tuesday,130,REAR END(VEHICLES IN SAME LANE),1,772613,Not at intersection,3,60,Arterial Highway,BULLEEN,MANNINGHAM,-37.77129,145.07924,2022,5,May,10,Midday,Weekday
T20220011717,2022-05-24,04:40:00,1,Collision with vehicle,2,Tuesday,130,REAR END(VEHICLES IN SAME LANE),9,32079,Not at intersection,3,80,Arterial Highway,SPRINGVALE,WHITEHORSE,-37.85496,145.16924,2022,5,May,4,Late Night,Weekday
T20220011743,2022-05-24,12:15:00,4,Collision with a fixed object,2,Tuesday,175,OFF END OF ROAD/T-INTERSECTION.,1,718079,Dead end,3,50,Local Road,CHALLENGER,GEELONG,-38.180214,144.39125,2022,5,May,12,Midday,Weekday
T20220011805,2022-05-24,23:19:00,1,Collision with vehicle,2,Tuesday,120,HEAD ON (NOT OVERTAKING),3,719314,Not at intersection,3,100,Freeway,METROPOLITAN RING,WHITTLESEA,-37.68837,144.99538,2022,5,May,23,Night,Weekday
T20220011801,2022-05-24,22:30:00,2,Struck Pedestrian,2,Tuesday,100,PED NEAR SIDE. PED HIT BY VEHICLE FROM THE RIGHT.,3,863,Cross intersection,2,60,Arterial Highway,BELL,MORELAND,-37.741314,144.9666,2022,5,May,22,Night,Weekday
T20230003854,2022-05-24,16:27:00,2,Struck Pedestrian,2,Tuesday,107,PED ON FOOTHPATH STRUCK BY VEHENTERING/LEAVING DRIVEWAY.,2,44841,T intersection,3,40,Arterial Other,MAIN,NILLUMBIK,-37.71238,145.14908,2022,5,May,16,Afternoon Peak,Weekday
T20220011798,2022-05-24,17:40:00,1,Collision with vehicle,2,Tuesday,130,REAR END(VEHICLES IN SAME LANE),2,721030,Not at intersection,3,100,Freeway,WESTERN RING,MORELAND,-37.696407,144.90018,2022,5,May,17,Afternoon Peak,Weekday
T20220011793,2022-05-24,19:29:00,1,Collision with vehicle,2,Tuesday,113,RIGHT NEAR (INTERSECTIONS ONLY),3,596,T intersection,2,70,Arterial Highway,DANDENONG,GLEN EIRA,-37.8713,145.03552,2022,5,May,19,Night,Weekday
T20220011791,2022-05-24,19:22:00,1,Collision with vehicle,2,Tuesday,116,LEFT NEAR (INTERSECTIONS ONLY),3,44648,Cross intersection,2,50,Local Road,HARGREAVES,BENDIGO,-36.764233,144.27448,2022,5,May,19,Night,Weekday
T20220011827,2022-05-24,08:40:00,1,Collision with vehicle,2,Tuesday,130,REAR END(VEHICLES IN SAME LANE),1,718073,Not at intersection,3,100,Freeway,EASTLINK,MAROONDAH,-37.826317,145.21762,2022,5,May,8,Morning Peak,Weekday
T20220011789,2022-05-24,09:30:00,1,Collision with vehicle,2,Tuesday,132,RIGHT REAR.,9,36101,Cross intersection,3,50,Arterial Other,CURZON,MELBOURNE,-37.800816,144.94852,2022,5,May,9,Morning Peak,Weekday
T20220011786,2022-05-24,16:53:00,1,Collision with vehicle,2,Tuesday,113,RIGHT NEAR (INTERSECTIONS ONLY),1,44099,T intersection,3,60,Arterial Other,FRANKSTON-FLINDERS,MORNINGTON PENINSULA,-38.3395,145.17537,2022,5,May,16,Afternoon Peak,Weekday
T20220011968,2022-05-24,11:00:00,1,Collision with vehicle,2,Tuesday,114,TWO RIGHT TURNING (INTERSECTIONS ONLY),1,40727,T intersection,3,50,Arterial Other,MIDDLEBOROUGH,WHITEHORSE,-37.83605,145.1353,2022,5,May,11,Midday,Weekday
T20220011785,2022-05-24,16:12:00,1,Collision with vehicle,2,Tuesday,113,RIGHT NEAR (INTERSECTIONS ONLY),1,23984,T intersection,2,50,Local Road,MOUNT PLEASANT,NILLUMBIK,-37.724186,145.16173,2022,5,May,16,Afternoon Peak,Weekday
T20220011744,2022-05-24,10:50:00,6,Vehicle overturned (no collision),2,Tuesday,174,OUT OF CONTROL ON CARRIAGEWAY (ON STRAIGHT),1,713366,T intersection,3,50,Local Road,PLENTY RIVER,BANYULE,-37.69556,145.1075,2022,5,May,10,Midday,Weekday
T20220011759,2022-05-24,14:12:00,1,Collision with vehicle,2,Tuesday,120,HEAD ON (NOT OVERTAKING),1,719313,Not at intersection,2,60,Arterial Other,ESPLANADE,BAYSIDE,-37.926495,144.98735,2022,5,May,14,Midday,Weekday
T20220011783,2022-05-24,16:45:00,1,Collision with vehicle,2,Tuesday,130,REAR END(VEHICLES IN SAME LANE),1,713091,Not at intersection,3,100,Arterial Highway,HAMILTON,CORANGAMITE,-37.98125,143.50076,2022,5,May,16,Afternoon Peak,Weekday
T20220011799,2022-05-24,14:30:00,1,Collision with vehicle,2,Tuesday,121,RIGHT THROUGH,1,349917,T intersection,3,60,Arterial Highway,MAROONDAH,MAROONDAH,-37.80993,145.23904,2022,5,May,14,Midday,Weekday
T20220011782,2022-05-24,16:49:00,1,Collision with vehicle,2,Tuesday,147,VEHICLE STRIKES ANOTHER VEH WHILE EMERGING FROM DRIVEWAY,1,782114,Not at intersection,3,50,Local Road,KANGAN,CASEY,-38.042187,145.34506,2022,5,May,16,Afternoon Peak,Weekday
T20220011780,2022-05-24,17:40:00,1,Collision with vehicle,2,Tuesday,142,LEAVING PARKING,2,785150,Not at intersection,3,60,Arterial Other,CANTERBURY,WHITEHORSE,-37.831688,145.14691,2022,5,May,17,Afternoon Peak,Weekday
T20220011694,2022-05-24,00:30:00,4,Collision with a fixed object,2,Tuesday,175,OFF END OF ROAD/T-INTERSECTION.,3,264474,T intersection,3,60,Local Road,BULBAN,WYNDHAM,-37.91265,144.6258,2022,5,May,0,Late Night,Weekday
T20220011710,2022-05-24,08:45:00,1,Collision with vehicle,2,Tuesday,130,REAR END(VEHICLES IN SAME LANE),1,266784,T intersection,2,60,Local Road,BABELE,WYNDHAM,-37.84546,144.66057,2022,5,May,8,Morning Peak,Weekday
T20220011777,2022-05-24,18:00:00,1,Collision with vehicle,2,Tuesday,116,LEFT NEAR (INTERSECTIONS ONLY),2,29372,Cross intersection,2,60,Arterial Highway,RACECOURSE,MELBOURNE,-37.789406,144.94217,2022,5,May,18,Afternoon Peak,Weekday
T20220015147,2022-05-24,19:00:00,1,Collision with vehicle,2,Tuesday,110,CROSS TRAFFIC(INTERSECTIONS ONLY),9,40183,Cross intersection,3,60,Local Road,INKERMAN,PORT PHILLIP,-37.867085,145.00513,2022,5,May,19,Night,Weekday
T20220011709,2022-05-24,08:20:00,1,Collision with vehicle,2,Tuesday,110,CROSS TRAFFIC(INTERSECTIONS ONLY),1,785164,Cross intersection,2,100,Local Road,ADDINGTON,BALLARAT,-37.414387,143.84674,2022,5,May,8,Morning Peak,Weekday
T20220011768,2022-05-24,14:12:00,4,Collision with a fixed object,2,Tuesday,173,RIGHT OFF CARRIAGEWAY INTO OBJECT/PARKED VEHICLE,1,718076,Not at intersection,2,70,Arterial Other,HIGH,MELTON,-37.688972,144.60207,2022,5,May,14,Midday,Weekday