ACCIDENT_NO,ACCIDENT_DATE,ACCIDENT_TIME,ACCIDENT_TYPE,ACCIDENT_TYPE_DESC,DAY_OF_WEEK,DAY_WEEK_DESC,DCA_CODE,DCA_DESC,LIGHT_CONDITION,NODE_ID,ROAD_GEOMETRY_DESC,SEVERITY,SPEED_ZONE,RMA,ROAD_NAME,LGA_NAME,LATITUDE,LONGITUDE,YEAR,MONTH,MONTH_NAME,HOUR,TIME_PERIOD,DAY_TYPE
T20220015087,2022-05-24,12:00:00,1,Collision with vehicle,2,Tuesday,130,REAR END(VEHICLES IN SAME LANE),1,726328,Not at intersection,3,40,Arterial Other,TOORAK,STONNINGTON,-37.841934,145.01607,2022,5,May,12,Midday,Weekday
T20220011763,2022-05-24,15:00:00,1,Collision with vehicle,2,Tuesday,163,VEHICLE STRIKES DOOR OF PARKED/STATIONARY VEHICLE,1,721971,Not at intersection,3,60,Arterial Other,SPENCER,MELBOURNE,-37.811832,144.9508,2022,5,May,15,Afternoon Peak,Weekday
T20220011762,2022-05-24,14:55:00,1,Collision with vehicle,2,Tuesday,130,REAR END(VEHICLES IN SAME LANE),1,713571,Not at intersection,3,80,Arterial Highway,STUD,KNOX,-37.909233,145.23685,2022,5,May,14,Midday,Weekday
T20220011760,2022-05-24,08:00:00,1,Collision with vehicle,2,Tuesday,130,REAR END(VEHICLES IN SAME LANE),1,774561,Not at intersection,2,80,Arterial Highway,NEPEAN,BAYSIDE,-37.897804,145.00555,2022,5,May,8,Morning Peak,Weekday
T20220011758,2022-05-24,12:15:00,1,Collision with vehicle,2,Tuesday,130,REAR END(VEHICLES IN SAME LANE),1,718074,Not at intersection,3,100,Arterial Highway,WESTERN,HINDMARSH,-36.461678,142.06216,2022,5,May,12,Midday,Weekday
T20220011741,2022-05-24,07:45:00,4,Collision with a fixed object,2,Tuesday,173,RIGHT OFF CARRIAGEWAY INTO OBJECT/PARKED VEHICLE,2,785174,Cross intersection,2,60,Local Road,NEALE,BRIMBANK,-37.752563,144.77748,2022,5,May,7,Morning Peak,Weekday
T20220013941,2022-05-24,22:00:00,1,Collision with vehicle,2,Tuesday,116,LEFT NEAR (INTERSECTIONS ONLY),3,300082,Cross intersection,3,60,Arterial Highway,BELL,DAREBIN,-37.74454,144.99747,2022,5,May,22,Night,Weekday
T20220011718,2022-05-24,06:35:00,1,Collision with vehicle,2,Tuesday,130,REAR END(VEHICLES IN SAME LANE),3,11447,Multiple intersection,2,60,Freeway,BLACKBURN,MONASH,-37.8952,145.14404,2022,5,May,6,Morning Peak,Weekday
T20220011742,2022-05-24,11:50:00,1,Collision with vehicle,2,Tuesday,160,VEHICLE COLLIDES WITH VEHICLE PARKED ON LEFT OF ROAD,1,713448,Not at intersection,2,60,Local Road,KENT,MAROONDAH,-37.788097,145.27634,2022,5,May,11,Midday,Weekday
T20220012237,2022-05-24,21:32:00,1,Collision with vehicle,2,Tuesday,136,RIGHT TURN SIDESWIPE,3,282480,Cross intersection,3,80,Arterial Highway,PRINCES,DANDENONG,-37.975204,145.2037,2022,5,May,21,Night,Weekday
T20220011702,2022-05-24,04:50:00,4,Collision with a fixed object,2,Tuesday,173,RIGHT OFF CARRIAGEWAY INTO OBJECT/PARKED VEHICLE,5,715701,Not at intersection,2,100,Freeway,HUME,STRATHBOGIE,-36.694965,145.65851,2022,5,May,4,Late Night,Weekday
T20220011727,2022-05-24,11:10:00,1,Collision with vehicle,2,Tuesday,132,RIGHT REAR.,1,713183,Not at intersection,3,60,Arterial Other,RESEARCH-WARRANDYTE,NILLUMBIK,-37.70855,145.19377,2022,5,May,11,Midday,Weekday
T20220011747,2022-05-24,08:16:00,2,Struck Pedestrian,2,Tuesday,100,PED NEAR SIDE. PED HIT BY VEHICLE FROM THE RIGHT.,1,337564,Cross intersection,3,80,Local Road,LEAKES,WYNDHAM,-37.837124,144.71951,2022,5,May,8,Morning Peak,Weekday
T20220012906,2022-05-24,16:00:00,1,Collision with vehicle,2,Tuesday,130,REAR END(VEHICLES IN SAME LANE),1,774661,Not at intersection,3,100,Freeway,MONASH,CASEY,-38.021557,145.31358,2022,5,May,16,Afternoon Peak,Weekday
T20220011726,2022-05-24,09:10:00,4,Collision with a fixed object,2,Tuesday,173,RIGHT OFF CARRIAGEWAY INTO OBJECT/PARKED VEHICLE,1,713182,Not at intersection,3,60,Arterial Other,MAIN,NILLUMBIK,-37.732807,145.13689,2022,5,May,9,Morning Peak,Weekday
T20220011752,2022-05-24,14:33:00,1,Collision with vehicle,2,Tuesday,130,REAR END(VEHICLES IN SAME LANE),1,37616,T intersection,3,40,Arterial Highway,PUNT,STONNINGTON,-37.842987,144.98558,2022,5,May,14,Midday,Weekday
T20220011821,2022-05-24,07:00:00,1,Collision with vehicle,2,Tuesday,133,LANE SIDE SWIPE (VEHICLES IN PARALLEL LANES),1,778653,Not at intersection,3,50,Local Road,HIGH,DAREBIN,-37.74002,145.0037,2022,5,May,7,Morning Peak,Weekday
T20220011724,2022-05-24,11:15:00,1,Collision with vehicle,2,Tuesday,130,REAR END(VEHICLES IN SAME LANE),1,774647,T intersection,3,60,Arterial Other,DONCASTER,BOROONDARA,-37.792023,145.09311,2022,5,May,11,Midday,Weekday
T20220011739,2022-05-24,07:00:00,1,Collision with vehicle,2,Tuesday,130,REAR END(VEHICLES IN SAME LANE),1,713131,Not at intersection,2,80,Local Road,WINDERMERE,GEELONG,-38.003803,144.3553,2022,5,May,7,Morning Peak,Weekday
T20220011754,2022-05-24,11:00:00,4,Collision with a fixed object,2,Tuesday,173,RIGHT OFF CARRIAGEWAY INTO OBJECT/PARKED VEHICLE,1,716697,Not at intersection,3,100,Freeway,PRINCES,GEELONG,-38.015068,144.46371,2022,5,May,11,Midday,Weekday
T20220011843,2022-05-24,18:30:00,2,Struck Pedestrian,2,Tuesday,103,PED PLAYING/LYING/WORKING/STANDING ON CARRIAGEWAY.,3,1267,Cross intersection,3,40,Arterial Other,MELBOURNE,MOIRA,-36.008217,146.0046,2022,5,May,18,Afternoon Peak,Weekday
T20220011734,2022-05-24,09:48:00,1,Collision with vehicle,2,Tuesday,113,RIGHT NEAR (INTERSECTIONS ONLY),1,701695,T intersection,2,80,Arterial Other,SWANSEA,YARRA RANGES,-37.80584,145.3528,2022,5,May,9,Morning Peak,Weekday
T20220011731,2022-05-24,09:20:00,2,Struck Pedestrian,2,Tuesday,102,FAR SIDE. PED HIT BY VEHICLE FROM THE LEFT,1,721043,Not at intersection,3,40,Local Road,WHITEMAN,MELBOURNE,-37.82329,144.95969,2022,5,May,9,Morning Peak,Weekday
T20220012215,2022-05-24,10:09:00,1,Collision with vehicle,2,Tuesday,130,REAR END(VEHICLES IN SAME LANE),1,40579,T intersection,3,60,Arterial Highway,WARRIGAL,BOROONDARA,-37.861374,145.09366,2022,5,May,10,Midday,Weekday
T20220011719,2022-05-24,06:54:00,2,Struck Pedestrian,2,Tuesday,102,FAR SIDE. PED HIT BY VEHICLE FROM THE LEFT,2,714308,Cross intersection,3,80,Arterial Other,BALLARAT ROAD -WESTERN,BRIMBANK,-37.76342,144.75726,2022,5,May,6,Morning Peak,Weekday
T20220013359,2022-05-24,06:50:00,1,Collision with vehicle,2,Tuesday,121,RIGHT THROUGH,3,42148,T intersection,3,60,Arterial Other,BAY,BAYSIDE,-37.95513,145.03227,2022,5,May,6,Morning Peak,Weekday
T20220012003,2022-05-24,06:22:00,2,Struck Pedestrian,2,Tuesday,100,PED NEAR SIDE. PED HIT BY VEHICLE FROM THE RIGHT.,2,718461,Not at intersection,2,60,Local Road,THE LAKES,WHITTLESEA,-37.628998,145.07933,2022,5,May,6,Morning Peak,Weekday
T20220012142,2022-05-24,15:00:00,1,Collision with vehicle,2,Tuesday,111,RIGHT FAR (INTERSECTIONS ONLY),1,928,T intersection,3,80,Arterial Highway,FRANKSTON-DANDENONG,FRANKSTON,-38.104347,145.16844,2022,5,May,15,Afternoon Peak,Weekday
T20220011735,2022-05-24,13:20:00,1,Collision with vehicle,2,Tuesday,130,REAR END(VEHICLES IN SAME LANE),1,710737,Not at intersection,2,60,Arterial Highway,RACECOURSE,MELBOURNE,-37.789288,144.94107,2022,5,May,13,Midday,Weekday
T20220012653,2022-05-24,15:30:00,1,Collision with vehicle,2,Tuesday,130,REAR END(VEHICLES IN SAME LANE),1,718078,Cross intersection,3,50,Arterial Other,HEATHS,WYNDHAM,-37.879513,144.70137,2022,5,May,15,Afternoon Peak,Weekday
T20220011985,2022-05-24,08:02:00,1,Collision with vehicle,2,Tuesday,121,RIGHT THROUGH,1,713905,T intersection,2,80,Arterial Highway,NEPEAN,MORNINGTON PENINSULA,-38.203724,145.0782,2022,5,May,8,Morning Peak,Weekday
T20220013760,2022-05-24,07:30:00,1,Collision with vehicle,2,Tuesday,130,REAR END(VEHICLES IN SAME LANE),9,718321,Not at intersection,3,40,Local Road,ORMOND,CASEY,-38.05292,145.28735,2022,5,May,7,Morning Peak,Weekday
T20220016658,2022-05-24,11:30:00,1,Collision with vehicle,2,Tuesday,132,RIGHT REAR.,1,69221,T intersection,3,60,Arterial Other,CLAYTON,MONASH,-37.908997,145.12274,2022,5,May,11,Midday,Weekday
T20220012956,2022-05-25,09:15:00,1,Collision with vehicle,3,Wednesday,140,U TURN,1,783525,T intersection,3,60,Arterial Highway,BELLARINE,GEELONG,-38.20919,144.50981,2022,5,May,9,Morning Peak,Weekday
T20220011832,2022-05-25,07:50:00,4,Collision with a fixed object,3,Wednesday,173,RIGHT OFF CARRIAGEWAY INTO OBJECT/PARKED VEHICLE,1,722381,Not at intersection,2,80,Local Road,BLUESTONE BRIDGE,GEELONG,-38.090183,144.32481,2022,5,May,7,Morning Peak,Weekday
T20220011833,2022-05-25,09:50:00,1,Collision with vehicle,3,Wednesday,110,CROSS TRAFFIC(INTERSECTIONS ONLY),1,50106,Cross intersection,2,50,Local Road,BARWON,GEELONG,-38.170937,144.367,2022,5,May,9,Morning Peak,Weekday
T20220013937,2022-05-25,18:30:00,4,Collision with a fixed object,3,Wednesday,171,LEFT OFF CARRIAGEWAY INTO OBJECT/PARKED VEHICLE,2,715649,Not at intersection,3,100,Arterial Other,RIDDELL,HUME,-37.51727,144.68604,2022,5,May,18,Afternoon Peak,Weekday
T20220011936,2022-05-25,20:15:00,1,Collision with vehicle,3,Wednesday,139,OTHER SAME DIRECTION-MANOUEVRES NOT INCLUDED IN DCAs 130-137,3,783527,Not at intersection,3,70,Arterial Highway,HODDLE,MELBOURNE,-37.812733,144.99083,2022,5,May,20,Night,Weekday
T20220011842,2022-05-25,14:43:00,1,Collision with vehicle,3,Wednesday,113,RIGHT NEAR (INTERSECTIONS ONLY),1,47227,Cross intersection,2,60,Freeway,FORSTER,MONASH,-37.89354,145.13033,2022,5,May,14,Midday,Weekday
T20220021115,2022-05-25,13:55:00,6,Vehicle overturned (no collision),3,Wednesday,174,OUT OF CONTROL ON CARRIAGEWAY (ON STRAIGHT),1,725433,T intersection,3,80,Arterial Highway,PRINCES HIGHWAY,LATROBE,-38.188347,146.57611,2022,5,May,13,Midday,Weekday
T20220011846,2022-05-25,15:30:00,1,Collision with vehicle,3,Wednesday,110,CROSS TRAFFIC(INTERSECTIONS ONLY),1,52892,Cross intersection,3,50,Local Road,EYRE,BALLARAT,-37.564323,143.84064,2022,5,May,15,Afternoon Peak,Weekday
T20220011847,2022-05-25,15:17:00,1,Collision with vehicle,3,Wednesday,160,VEHICLE COLLIDES WITH VEHICLE PARKED ON LEFT OF ROAD,1,718081,Not at intersection,3,50,Local Road,BARKLY,MARIBYRNONG,-37.79622,144.86673,2022,5,May,15,Afternoon Peak,Weekday
T20220011848,2022-05-25,14:05:00,4,Collision with a fixed object,3,Wednesday,171,LEFT OFF CARRIAGEWAY INTO OBJECT/PARKED VEHICLE,1,781814,Not at intersection,3,60,Arterial Other,HEATHERTON,DANDENONG,-37.968346,145.2007,2022,5,May,14,Midday,Weekday
T20220011812,2022-05-25,06:40:00,2,Struck Pedestrian,3,Wednesday,100,PED NEAR SIDE. PED HIT BY VEHICLE FROM THE RIGHT.,2,755001,T intersection,2,60,Local Road,SEYMOUR,GLEN EIRA,-37.881344,145.01578,2022,5,May,6,Morning Peak,Weekday
T20220011851,2022-05-25,16:05:00,1,Collision with vehicle,3,Wednesday,111,RIGHT FAR (INTERSECTIONS ONLY),2,46969,Cross intersection,2,60,Arterial Other,MURRUMBEENA,GLEN EIRA,-37.90291,145.06406,2022,5,May,16,Afternoon Peak,Weekday
T20220011853,2022-05-25,16:52:00,2,Struck Pedestrian,3,Wednesday,102,FAR SIDE. PED HIT BY VEHICLE FROM THE LEFT,1,713187,Not at intersection,3,50,Local Road,ASHBURN,BOROONDARA,-37.870106,145.07959,2022,5,May,16,Afternoon Peak,Weekday
T20220011854,2022-05-25,16:10:00,1,Collision with vehicle,3,Wednesday,130,REAR END(VEHICLES IN SAME LANE),1,713369,Not at intersection,3,80,Arterial Highway,BURWOOD,KNOX,-37.883453,145.28027,2022,5,May,16,Afternoon Peak,Weekday
T20220011855,2022-05-25,16:30:00,1,Collision with vehicle,3,Wednesday,160,VEHICLE COLLIDES WITH VEHICLE PARKED ON LEFT OF ROAD,2,774648,Not at intersection,2,50,Local Road,KIDMAN,GEELONG,-38.18546,144.34225,2022,5,May,16,Afternoon Peak,Weekday
T20220011859,2022-05-25,18:00:00,1,Collision with vehicle,3,Wednesday,121,RIGHT THROUGH,3,44301,Cross intersection,3,60,Arterial Other,DERRIMUT,WYNDHAM,-37.848427,144.68793,2022,5,May,18,Afternoon Peak,Weekday
T20220011863,2022-05-25,16:45:00,2,Struck Pedestrian,3,Wednesday,100,PED NEAR SIDE. PED HIT BY VEHICLE FROM THE RIGHT.,2,40789,T intersection,2,80,Arterial Highway,BURWOOD,WHITEHORSE,-37.853447,145.15831,2022,5,May,16,Afternoon Peak,Weekday
T20220011954,2022-05-25,04:43:00,1,Collision with vehicle,3,Wednesday,121,RIGHT THROUGH,3,331865,Cross intersection,3,80,Arterial Other,WESTERN,MELTON,-37.76203,144.75433,2022,5,May,4,Late Night,Weekday
T20220011866,2022-05-25,15:45:00,2,Struck Pedestrian,3,Wednesday,107,PED ON FOOTHPATH STRUCK BY VEHENTERING/LEAVING DRIVEWAY.,1,713637,Not at intersection,3,60,Local Road,RINGWOOD,MAROONDAH,-37.812546,145.22736,2022,5,May,15,Afternoon Peak,Weekday
T20220011870,2022-05-25,17:40:00,1,Collision with vehicle,3,Wednesday,130,REAR END(VEHICLES IN SAME LANE),3,774563,Not at intersection,3,80,Freeway,MONASH,MONASH,-37.909996,145.16257,2022,5,May,17,Afternoon Peak,Weekday
T20220011871,2022-05-25,00:40:00,2,Struck Pedestrian,3,Wednesday,106,VEH STRIKES PED ON FOOTPATH/MEDIAN/TRAFFIC ISLAND.,3,718165,Not at intersection,3,50,Local Road,PLOUGHSHARE,BALLARAT,-37.62197,143.88448,2022,5,May,0,Late Night,Weekday
T20220011809,2022-05-25,06:50:00,2,Struck Pedestrian,3,Wednesday,102,FAR SIDE. PED HIT BY VEHICLE FROM THE LEFT,2,713092,Cross intersection,2,50,Arterial Highway,PRINCES,CASEY,-38.025303,145.30537,2022,5,May,6,Morning Peak,Weekday
T20220011850,2022-05-25,16:10:00,1,Collision with vehicle,3,Wednesday,140,U TURN,1,99998,T intersection,3,70,Arterial Highway,PRINCES,DANDENONG,-37.934353,145.15814,2022,5,May,16,Afternoon Peak,Weekday
T20220013582,2022-05-25,19:20:00,1,Collision with vehicle,3,Wednesday,113,RIGHT NEAR (INTERSECTIONS ONLY),3,347007,T intersection,3,50,Arterial Highway,QUEENS,PORT PHILLIP,-37.85346,144.97917,2022,5,May,19,Night,Weekday
T20220011906,2022-05-25,17:50:00,1,Collision with vehicle,3,Wednesday,130,REAR END(VEHICLES IN SAME LANE),3,714982,Not at intersection,3,70,Arterial Highway,PLENTY VALLEY,DAREBIN,-37.721565,145.03249,2022,5,May,17,Afternoon Peak,Weekday
T20220012518,2022-05-25,21:00:00,1,Collision with vehicle,3,Wednesday,163,VEHICLE STRIKES DOOR OF PARKED/STATIONARY VEHICLE,3,726217,Not at intersection,3,40,Arterial Other,KING,MELBOURNE,-37.815765,144.95544,2022,5,May,21,Night,Weekday
T20220012481,2022-05-25,22:30:00,3,Struck animal,3,Wednesday,167,STRUCK ANIMAL,5,713912,Not at intersection,3,80,Local Road,GEAR,BALLARAT,-37.62906,143.88829,2022,5,May,22,Night,Weekday
T20220015693,2022-05-25,12:00:00,1,Collision with vehicle,3,Wednesday,130,REAR END(VEHICLES IN SAME LANE),1,50154,Cross intersection,3,60,Arterial Highway,BELLARINE,GEELONG,-38.17853,144.42026,2022,5,May,12,Midday,Weekday
T20220012461,2022-05-25,15:00:00,8,No collision and no object struck,3,Wednesday,180,OFF CARRIAGEWAY ON RIGHT BEND,1,713909,Not at intersection,3,80,Arterial Other,GRAND RIDGE,LATROBE,-38.430695,146.54977,2022,5,May,15,Afternoon Peak,Weekday
T20220012842,2022-05-25,11:05:00,1,Collision with vehicle,3,Wednesday,135,LANE CHANGE LEFT (NOT OVERTAKING),1,714321,Not at intersection,3,60,Freeway,PRINCES OUT-CENTRAL,HOBSONS BAY,-37.869675,144.76067,2022,5,May,11,Midday,Weekday
T20220012737,2022-05-25,14:20:00,1,Collision with vehicle,3,Wednesday,130,REAR END(VEHICLES IN SAME LANE),9,691093,Not at intersection,3,100,Freeway,MONASH,MONASH,-37.892056,145.12466,2022,5,May,14,Midday,Weekday
T20220012727,2022-05-25,06:30:00,1,Collision with vehicle,3,Wednesday,121,RIGHT THROUGH,2,29795,Cross intersection,3,60,Non Arterial,HENRY,CARDINIA,-38.086327,145.4721,2022,5,May,6,Morning Peak,Weekday
T20220011825,2022-05-25,11:03:00,1,Collision with vehicle,3,Wednesday,110,CROSS TRAFFIC(INTERSECTIONS ONLY),1,713186,Cross intersection,3,100,Arterial Other,SWAN REACH,EAST GIPPSLAND,-37.76425,147.8123,2022,5,May,11,Midday,Weekday
T20220020521,2022-05-25,19:00:00,1,Collision with vehicle,3,Wednesday,148,VEHICLE OFF FOOTPATH STRIKES VEH ON CARRIAGEWAY,9,724795,Not at intersection,3,60,Local Road,LYGON,MORELAND,-37.762177,144.97354,2022,5,May,19,Night,Weekday
T20220011828,2022-05-25,08:30:00,1,Collision with vehicle,3,Wednesday,110,CROSS TRAFFIC(INTERSECTIONS ONLY),1,354841,Cross intersection,3,50,Local Road,TUXEN,BOROONDARA,-37.79699,145.08714,2022,5,May,8,Morning Peak,Weekday
T20220011858,2022-05-25,17:20:00,1,Collision with vehicle,3,Wednesday,134,LANE CHANGE RIGHT (NOT OVERTAKING),5,713188,Not at intersection,3,100,Freeway,HUME,WHITTLESEA,-37.63013,144.99387,2022,5,May,17,Afternoon Peak,Weekday
T20220015226,2022-05-26,18:30:00,1,Collision with vehicle,4,Thursday,110,CROSS TRAFFIC(INTERSECTIONS ONLY),3,59452,Cross intersection,3,60,Arterial Highway,MIDLAND,BENDIGO,-36.66653,144.33138,2022,5,May,18,Afternoon Peak,Weekday
T20220011908,2022-05-26,14:45:00,1,Collision with vehicle,4,Thursday,110,CROSS TRAFFIC(INTERSECTIONS ONLY),1,63137,Cross intersection,3,60,Local Road,MOASCAR,MORELAND,-37.74344,144.93947,2022,5,May,14,Midday,Weekday
T20220014950,2022-05-26,18:45:00,1,Collision with vehicle,4,Thursday,123,RIGHT/LEFT. ONE VEH TURNING RIGHT THE OTHER LEFT.,3,51593,Cross intersection,3,60,Arterial Other,BARNARD,BENDIGO,-36.755245,144.27408,2022,5,May,18,Afternoon Peak,Weekday
T20220012386,2022-05-26,13:00:00,1,Collision with vehicle,4,Thursday,135,LANE CHANGE LEFT (NOT OVERTAKING),1,715863,Not at intersection,3,80,Freeway,WEST GATE,MELBOURNE,-37.83018,144.91841,2022,5,May,13,Midday,Weekday
T20220012080,2022-05-26,17:00:00,2,Struck Pedestrian,4,Thursday,103,PED PLAYING/LYING/WORKING/STANDING ON CARRIAGEWAY.,2,728007,Not at intersection,3,60,Arterial Highway,WARRIGAL,BOROONDARA,-37.86437,145.09311,2022,5,May,17,Afternoon Peak,Weekday
T20220014085,2022-05-26,15:00:00,1,Collision with vehicle,4,Thursday,145,REVERSING IN STREAM OF TRAFFIC,1,715871,Not at intersection,3,50,Local Road,MADIGAN,WYNDHAM,-37.841866,144.67485,2022,5,May,15,Afternoon Peak,Weekday
T20220014580,2022-05-26,08:30:00,1,Collision with vehicle,4,Thursday,148,VEHICLE OFF FOOTPATH STRIKES VEH ON CARRIAGEWAY,1,775151,T intersection,2,40,Local Road,BREADALBANE,WHITTLESEA,-37.602543,145.08774,2022,5,May,8,Morning Peak,Weekday
T20220011904,2022-05-26,12:10:00,1,Collision with vehicle,4,Thursday,110,CROSS TRAFFIC(INTERSECTIONS ONLY),1,50118,Cross intersection,3,50,Local Road,CHURCH,GEELONG,-38.17264,144.34355,2022,5,May,12,Midday,Weekday
T20220012092,2022-05-26,13:30:00,1,Collision with vehicle,4,Thursday,110,CROSS TRAFFIC(INTERSECTIONS ONLY),1,42262,Cross intersection,3,50,Local Road,CHESTERVILLE,GLEN EIRA,-37.934563,145.06177,2022,5,May,13,Midday,Weekday
T20220012234,2022-05-26,16:56:00,1,Collision with vehicle,4,Thursday,131,LEFT REAR,1,728024,Cross intersection,3,60,Local Road,HIGH,MELTON,-37.685604,144.54964,2022,5,May,16,Afternoon Peak,Weekday
T20220012093,2022-05-26,07:40:00,6,Vehicle overturned (no collision),4,Thursday,174,OUT OF CONTROL ON CARRIAGEWAY (ON STRAIGHT),1,719114,Cross intersection,3,60,Arterial Other,WHITEHALL,MARIBYRNONG,-37.805054,144.90428,2022,5,May,7,Morning Peak,Weekday
T20220013901,2022-05-26,06:45:00,1,Collision with vehicle,4,Thursday,130,REAR END(VEHICLES IN SAME LANE),2,778656,Not at intersection,3,80,Arterial Highway,NEPEAN,BAYSIDE,-37.903698,145.0076,2022,5,May,6,Morning Peak,Weekday
T20220011928,2022-05-26,13:25:00,1,Collision with vehicle,4,Thursday,120,HEAD ON (NOT OVERTAKING),1,678510,Not at intersection,2,60,Arterial Other,NICHOLSON,MORELAND,-37.752808,144.9763,2022,5,May,13,Midday,Weekday
T20220011873,2022-05-26,01:50:00,1,Collision with vehicle,4,Thursday,160,VEHICLE COLLIDES WITH VEHICLE PARKED ON LEFT OF ROAD,3,716671,Not at intersection,2,50,Local Road,DINNELL,BRIMBANK,-37.79163,144.80498,2022,5,May,1,Late Night,Weekday
T20220011875,2022-05-26,07:30:00,1,Collision with vehicle,4,Thursday,121,RIGHT THROUGH,2,721950,Not at intersection,3,50,Local Road,HILLCREST,FRANKSTON,-38.153805,145.14664,2022,5,May,7,Morning Peak,Weekday
T20220011877,2022-05-26,06:50:00,1,Collision with vehicle,4,Thursday,130,REAR END(VEHICLES IN SAME LANE),2,778654,Not at intersection,3,80,Arterial Highway,NEPEAN,BAYSIDE,-37.90044,145.00638,2022,5,May,6,Morning Peak,Weekday
T20220011878,2022-05-26,06:55:00,2,Struck Pedestrian,4,Thursday,102,FAR SIDE. PED HIT BY VEHICLE FROM THE LEFT,2,755000,Cross intersection,2,50,Local Road,GOWRIE,GLEN EIRA,-37.91516,145.0749,2022,5,May,6,Morning Peak,Weekday
T20220011881,2022-05-26,08:45:00,1,Collision with vehicle,4,Thursday,113,RIGHT NEAR (INTERSECTIONS ONLY),1,713452,T intersection,3,40,Arterial Other,MOUNTAIN,KNOX,-37.84244,145.25645,2022,5,May,8,Morning Peak,Weekday
T20220011929,2022-05-26,17:45:00,1,Collision with vehicle,4,Thursday,163,VEHICLE STRIKES DOOR OF PARKED/STATIONARY VEHICLE,3,113795,Not at intersection,2,60,Arterial Other,MELVILLE,MORELAND,-37.76527,144.94368,2022,5,May,17,Afternoon Peak,Weekday
T20220011885,2022-05-26,09:47:00,1,Collision with vehicle,4,Thursday,147,VEHICLE STRIKES ANOTHER VEH WHILE EMERGING FROM DRIVEWAY,1,713453,Not at intersection,3,60,Arterial Highway,HIGH,MITCHELL,-37.417534,144.97903,2022,5,May,9,Morning Peak,Weekday
T20220011930,2022-05-26,15:57:00,1,Collision with vehicle,4,Thursday,142,LEAVING PARKING,1,713282,Not at intersection,3,50,Local Road,THE ARCADE,CASEY,-38.132217,145.29378,2022,5,May,15,Afternoon Peak,Weekday
T20220011887,2022-05-26,07:00:00,4,Collision with a fixed object,4,Thursday,173,RIGHT OFF CARRIAGEWAY INTO OBJECT/PARKED VEHICLE,1,13900,Cross intersection,3,70,Local Road,GOLDEN SQUARE,WYNDHAM,-37.868427,144.6656,2022,5,May,7,Morning Peak,Weekday
T20220011889,2022-05-26,08:40:00,1,Collision with vehicle,4,Thursday,130,REAR END(VEHICLES IN SAME LANE),1,713688,Not at intersection,3,100,Freeway,EASTERN,BOROONDARA,-37.77985,145.09158,2022,5,May,8,Morning Peak,Weekday
T20220011935,2022-05-26,18:50:00,8,No collision and no object struck,4,Thursday,174,OUT OF CONTROL ON CARRIAGEWAY (ON STRAIGHT),3,66211,T intersection,2,60,Arterial Other,STATION,WHITEHORSE,-37.821297,145.12321,2022,5,May,18,Afternoon Peak,Weekday
T20220011897,2022-05-26,08:01:00,1,Collision with vehicle,4,Thursday,120,HEAD ON (NOT OVERTAKING),1,713280,Not at intersection,2,40,Local Road,LITTLE CHAPEL,STONNINGTON,-37.848064,144.99489,2022,5,May,8,Morning Peak,Weekday
T20220011899,2022-05-26,09:48:00,2,Struck Pedestrian,4,Thursday,101,PED EMERGES FROM IN FRONT OF PARKED OR STATIONARY VEHICLE,1,719113,Not at intersection,2,40,Local Road,FLINDERS,MELBOURNE,-37.82014,144.95836,2022,5,May,9,Morning Peak,Weekday
T20220011900,2022-05-26,09:40:00,1,Collision with vehicle,4,Thursday,130,REAR END(VEHICLES IN SAME LANE),1,713191,Not at intersection,3,80,Freeway,PRINCES,WYNDHAM,-37.8341,144.80714,2022,5,May,9,Morning Peak,Weekday
T20220011902,2022-05-26,12:24:00,1,Collision with vehicle,4,Thursday,121,RIGHT THROUGH,1,636541,Cross intersection,3,80,Freeway,EASTLINK OUT-THOMPSON,DANDENONG,-38.070477,145.18272,2022,5,May,12,Midday,Weekday
T20220011903,2022-05-26,09:47:00,1,Collision with vehicle,4,Thursday,113,RIGHT NEAR (INTERSECTIONS ONLY),1,718456,T intersection,2,50,Local Road,HUNTINGTON,MELTON,-37.70975,144.69362,2022,5,May,9,Morning Peak,Weekday
T20220011905,2022-05-26,13:13:00,1,Collision with vehicle,4,Thursday,130,REAR END(VEHICLES IN SAME LANE),1,718457,Not at intersection,3,50,Local Road,GILLESPIE,BRIMBANK,-37.733715,144.77576,2022,5,May,13,Midday,Weekday
T20220011937,2022-05-26,18:28:00,1,Collision with vehicle,4,Thursday,120,HEAD ON (NOT OVERTAKING),5,714803,Not at intersection,2,80,Arterial Other,GRETA,WANGARATTA,-36.383724,146.30196,2022,5,May,18,Afternoon Peak,Weekday
T20220011907,2022-05-26,14:43:00,1,Collision with vehicle,4,Thursday,121,RIGHT THROUGH,1,1344,T intersection,3,60,Arterial Other,MT ALEXANDER,MOONEE VALLEY,-37.781174,144.93254,2022,5,May,14,Midday,Weekday
T20220011938,2022-05-26,18:00:00,1,Collision with vehicle,4,Thursday,147,VEHICLE STRIKES ANOTHER VEH WHILE EMERGING FROM DRIVEWAY,3,714008,Not at intersection,3,50,Arterial Highway,WARBURTON,YARRA RANGES,-37.78137,145.60887,2022,5,May,18,Afternoon Peak,Weekday
T20220012230,2022-05-26,20:15:00,3,Struck animal,4,Thursday,167,STRUCK ANIMAL,5,714010,Not at intersection,3,100,Local Road,KOTTA,CAMPASPE,-36.160145,144.53482,2022,5,May,20,Night,Weekday
T20220012169,2022-05-26,17:00:00,8,No collision and no object struck,4,Thursday,170,OFF CARRIAGEWAY TO LEFT,2,63764,T intersection,3,50,Local Road,DEVON,BANYULE,-37.762707,145.06065,2022,5,May,17,Afternoon Peak,Weekday
T20220011943,2022-05-26,18:01:00,1,Collision with vehicle,4,Thursday,131,LEFT REAR,3,44570,Cross intersection,2,60,Arterial Other,WATERDALE,BANYULE,-37.72959,145.04997,2022,5,May,18,Afternoon Peak,Weekday
T20220011949,2022-05-26,17:20:00,1,Collision with vehicle,4,Thursday,134,LANE CHANGE RIGHT (NOT OVERTAKING),2,719169,Not at intersection,3,40,Arterial Other,TOORAK,STONNINGTON,-37.843727,145.03104,2022,5,May,17,Afternoon Peak,Weekday