ACCIDENT_NO,ACCIDENT_DATE,ACCIDENT_TIME,ACCIDENT_TYPE,ACCIDENT_TYPE_DESC,DAY_OF_WEEK,DAY_WEEK_DESC,DCA_CODE,DCA_DESC,LIGHT_CONDITION,NODE_ID,ROAD_GEOMETRY_DESC,SEVERITY,SPEED_ZONE,RMA,ROAD_NAME,LGA_NAME,LATITUDE,LONGITUDE,YEAR,MONTH,MONTH_NAME,HOUR,TIME_PERIOD,DAY_TYPE
T20220011950,2022-05-26,18:20:00,1,Collision with vehicle,4,Thursday,135,LANE CHANGE LEFT (NOT OVERTAKING),3,718709,Not at intersection,3,100,Freeway,PRINCES,HOBSONS BAY,-37.865467,144.7753,2022,5,May,18,Afternoon Peak,Weekday
T20220012161,2022-05-26,09:12:00,1,Collision with vehicle,4,Thursday,113,RIGHT NEAR (INTERSECTIONS ONLY),1,677511,T intersection,3,60,Arterial Other,RUSSO,YARRA RANGES,-37.80238,145.31201,2022,5,May,9,Morning Peak,Weekday
T20220011964,2022-05-26,18:20:00,2,Struck Pedestrian,4,Thursday,100,PED NEAR SIDE. PED HIT BY VEHICLE FROM THE RIGHT.,3,774650,T intersection,3,50,Local Road,RIDGEMONT,CASEY,-38.067505,145.33896,2022,5,May,18,Afternoon Peak,Weekday
T20220012024,2022-05-26,20:00:00,1,Collision with vehicle,4,Thursday,130,REAR END(VEHICLES IN SAME LANE),6,730891,T intersection,3,70,Arterial Highway,DINGLEY BYPASS -SOUTH,KINGSTON,-37.938656,145.0802,2022,5,May,20,Night,Weekday
T20220012535,2022-05-26,15:45:00,8,No collision and no object struck,4,Thursday,174,OUT OF CONTROL ON CARRIAGEWAY (ON STRAIGHT),1,714198,Not at intersection,3,80,Arterial Highway,BRIGHTON ROAD SERVICE,PORT PHILLIP,-37.882755,144.99648,2022,5,May,15,Afternoon Peak,Weekday
T20220011927,2022-05-26,18:15:00,1,Collision with vehicle,4,Thursday,121,RIGHT THROUGH,3,36808,Cross intersection,3,60,Arterial Other,DUDLEY,MELBOURNE,-37.810955,144.94783,2022,5,May,18,Afternoon Peak,Weekday
T20220011923,2022-05-26,15:38:00,1,Collision with vehicle,4,Thursday,110,CROSS TRAFFIC(INTERSECTIONS ONLY),1,37533,Cross intersection,3,50,Local Road,BANK,PORT PHILLIP,-37.834827,144.9586,2022,5,May,15,Afternoon Peak,Weekday
T20220011922,2022-05-26,15:00:00,1,Collision with vehicle,4,Thursday,130,REAR END(VEHICLES IN SAME LANE),1,774649,Not at intersection,3,60,Arterial Highway,ALEXANDRA,MELBOURNE,-37.821793,144.97432,2022,5,May,15,Afternoon Peak,Weekday
T20220011921,2022-05-26,13:58:00,4,Collision with a fixed object,4,Thursday,171,LEFT OFF CARRIAGEWAY INTO OBJECT/PARKED VEHICLE,1,724242,Not at intersection,3,100,Arterial Other,MEENIYAN-MIRBOO NORTH,SOUTH GIPPSLAND,-38.5719,146.02272,2022,5,May,13,Midday,Weekday
T20220011916,2022-05-26,16:45:00,2,Struck Pedestrian,4,Thursday,100,PED NEAR SIDE. PED HIT BY VEHICLE FROM THE RIGHT.,2,653495,T intersection,2,60,Arterial Other,BALLARAT,BRIMBANK,-37.778507,144.84259,2022,5,May,16,Afternoon Peak,Weekday
T20220011971,2022-05-26,16:30:00,2,Struck Pedestrian,4,Thursday,104,PED WALKING WITH TRAFFIC,1,713284,Cross intersection,3,40,Local Road,COLLINS,MELBOURNE,-37.81624,144.964,2022,5,May,16,Afternoon Peak,Weekday
T20220011915,2022-05-26,15:35:00,1,Collision with vehicle,4,Thursday,113,RIGHT NEAR (INTERSECTIONS ONLY),1,292835,T intersection,3,50,Local Road,GEORGE,DANDENONG,-37.988373,145.20924,2022,5,May,15,Afternoon Peak,Weekday
T20220011914,2022-05-26,13:40:00,1,Collision with vehicle,4,Thursday,133,LANE SIDE SWIPE (VEHICLES IN PARALLEL LANES),1,718459,Not at intersection,2,70,Arterial Other,BALLARAT,BRIMBANK,-37.77533,144.8134,2022,5,May,13,Midday,Weekday
T20220011911,2022-05-26,16:00:00,2,Struck Pedestrian,4,Thursday,100,PED NEAR SIDE. PED HIT BY VEHICLE FROM THE RIGHT.,1,713281,Not at intersection,2,40,Local Road,SOUTH CIRCULAR,HUME,-37.686935,144.88638,2022,5,May,16,Afternoon Peak,Weekday
T20220011910,2022-05-26,07:30:00,4,Collision with a fixed object,4,Thursday,171,LEFT OFF CARRIAGEWAY INTO OBJECT/PARKED VEHICLE,2,781820,Not at intersection,3,100,Local Road,SEBASTOPOL-SMYTHESDALE,GOLDEN PLAINS,-37.62438,143.77779,2022,5,May,7,Morning Peak,Weekday
T20220012010,2022-05-26,16:30:00,2,Struck Pedestrian,4,Thursday,103,PED PLAYING/LYING/WORKING/STANDING ON CARRIAGEWAY.,1,714324,Not at intersection,3,50,Local Road,MCDONALD,YARRIAMBIACK,-36.617172,142.47054,2022,5,May,16,Afternoon Peak,Weekday
T20220011909,2022-05-26,14:11:00,6,Vehicle overturned (no collision),4,Thursday,180,OFF CARRIAGEWAY ON RIGHT BEND,1,718458,Not at intersection,3,80,Arterial Other,KANGAROO GROUND-WATTLE GLEN,NILLUMBIK,-37.68078,145.20752,2022,5,May,14,Midday,Weekday
T20220012021,2022-05-27,15:30:00,1,Collision with vehicle,5,Friday,130,REAR END(VEHICLES IN SAME LANE),1,774566,Not at intersection,3,60,Arterial Other,CIVIC,HOBSONS BAY,-37.86406,144.82703,2022,5,May,15,Afternoon Peak,Weekday
T20220012578,2022-05-27,06:30:00,8,No collision and no object struck,5,Friday,174,OUT OF CONTROL ON CARRIAGEWAY (ON STRAIGHT),3,39063,Cross intersection,2,60,Arterial Other,BURKE,BOROONDARA,-37.81037,145.06068,2022,5,May,6,Morning Peak,Weekday
T20220021858,2022-05-27,16:00:00,1,Collision with vehicle,5,Friday,130,REAR END(VEHICLES IN SAME LANE),1,772612,Not at intersection,3,30,Freeway,THAMES-MORNINGTON PENINSULA OUT,DANDENONG,-38.043114,145.1422,2022,5,May,16,Afternoon Peak,Weekday
T20220012046,2022-05-27,15:20:00,1,Collision with vehicle,5,Friday,130,REAR END(VEHICLES IN SAME LANE),1,713573,Not at intersection,2,40,Local Road,ORRONG,GLEN EIRA,-37.882225,145.00635,2022,5,May,15,Afternoon Peak,Weekday
T20220012002,2022-05-27,08:00:00,4,Collision with a fixed object,5,Friday,181,OFF RIGHT BEND INTO OBJECT/PARKED VEHICLE,1,719803,Not at intersection,2,100,Arterial Highway,HENTY,YARRIAMBIACK,-35.68578,142.42725,2022,5,May,8,Morning Peak,Weekday
T20220012081,2022-05-27,19:30:00,1,Collision with vehicle,5,Friday,133,LANE SIDE SWIPE (VEHICLES IN PARALLEL LANES),3,781929,Not at intersection,3,50,Local Road,ENGLISH,MOONEE VALLEY,-37.725567,144.89223,2022,5,May,19,Night,Weekday
T20220012801,2022-05-27,09:23:00,1,Collision with vehicle,5,Friday,130,REAR END(VEHICLES IN SAME LANE),1,725046,Cross intersection,3,70,Arterial Other,MT DANDENONG ROAD -RINGWOOD,MAROONDAH,-37.811157,145.23747,2022,5,May,9,Morning Peak,Weekday
T20220011995,2022-05-27,10:25:00,1,Collision with vehicle,5,Friday,110,CROSS TRAFFIC(INTERSECTIONS ONLY),1,40941,Cross intersection,3,50,Local Road,CLAUDE,KNOX,-37.84932,145.26067,2022,5,May,10,Midday,Weekday
T20220012043,2022-05-27,20:00:00,1,Collision with vehicle,5,Friday,116,LEFT NEAR (INTERSECTIONS ONLY),3,774786,T intersection,3,60,Arterial Other,CRAIGIEBURN,HUME,-37.592304,144.89967,2022,5,May,20,Night,Weekday
T20220013472,2022-05-27,23:15:00,6,Vehicle overturned (no collision),5,Friday,174,OUT OF CONTROL ON CARRIAGEWAY (ON STRAIGHT),3,63475,Cross intersection,3,50,Local Road,NEWCASTLE,DAREBIN,-37.75444,145.01071,2022,5,May,23,Night,Weekday
T20220011994,2022-05-27,10:40:00,4,Collision with a fixed object,5,Friday,181,OFF RIGHT BEND INTO OBJECT/PARKED VEHICLE,1,774565,Not at intersection,2,100,Arterial Highway,GREAT ALPINE,ALPINE,-36.602818,146.78018,2022,5,May,10,Midday,Weekday
T20220012042,2022-05-27,18:59:00,1,Collision with vehicle,5,Friday,120,HEAD ON (NOT OVERTAKING),5,716660,Not at intersection,2,100,Local Road,MAIN DRAIN,CARDINIA,-38.16642,145.51598,2022,5,May,18,Afternoon Peak,Weekday
T20220011992,2022-05-27,09:08:00,1,Collision with vehicle,5,Friday,120,HEAD ON (NOT OVERTAKING),1,714983,Not at intersection,3,60,Arterial Highway,YARRAGON,SOUTH GIPPSLAND,-38.466377,145.95709,2022,5,May,9,Morning Peak,Weekday
T20220012035,2022-05-27,16:12:00,1,Collision with vehicle,5,Friday,110,CROSS TRAFFIC(INTERSECTIONS ONLY),1,43014,Cross intersection,3,50,Local Road,HEMMINGS,DANDENONG,-37.98319,145.20589,2022,5,May,16,Afternoon Peak,Weekday
T20220012031,2022-05-27,18:15:00,1,Collision with vehicle,5,Friday,121,RIGHT THROUGH,3,617,Cross intersection,3,60,Arterial Other,BLACKBURN,MONASH,-37.872204,145.14839,2022,5,May,18,Afternoon Peak,Weekday
T20220011991,2022-05-27,11:20:00,4,Collision with a fixed object,5,Friday,171,LEFT OFF CARRIAGEWAY INTO OBJECT/PARKED VEHICLE,1,51624,T intersection,3,50,Arterial Highway,HIGH,BENDIGO,-36.760242,144.27725,2022,5,May,11,Midday,Weekday
T20220013286,2022-05-27,15:15:00,1,Collision with vehicle,5,Friday,124,RIGHT/RIGHT BOTH VEHs FROM OPPOSITE DIRECTIONS TURNING RIGHT,1,278571,Cross intersection,3,80,Arterial Other,WESTERN,MELTON,-37.758987,144.74724,2022,5,May,15,Afternoon Peak,Weekday
T20220012029,2022-05-27,12:00:00,1,Collision with vehicle,5,Friday,130,REAR END(VEHICLES IN SAME LANE),9,26,Cross intersection,2,80,Arterial Highway,FRANKSTON-DANDENONG,DANDENONG,-38.02378,145.2135,2022,5,May,12,Midday,Weekday
T20220012028,2022-05-27,17:45:00,1,Collision with vehicle,5,Friday,130,REAR END(VEHICLES IN SAME LANE),3,774567,Not at intersection,3,80,Arterial Highway,FRANKSTON-DANDENONG,FRANKSTON,-38.101276,145.17099,2022,5,May,17,Afternoon Peak,Weekday
T20220011960,2022-05-27,02:10:00,1,Collision with vehicle,5,Friday,160,VEHICLE COLLIDES WITH VEHICLE PARKED ON LEFT OF ROAD,3,776413,Not at intersection,2,50,Local Road,MELON,MARIBYRNONG,-37.786583,144.85861,2022,5,May,2,Late Night,Weekday
T20220011958,2022-05-27,01:37:00,4,Collision with a fixed object,5,Friday,171,LEFT OFF CARRIAGEWAY INTO OBJECT/PARKED VEHICLE,5,723911,Not at intersection,3,100,Arterial Highway,GREAT ALPINE,EAST GIPPSLAND,-37.76238,147.7018,2022,5,May,1,Late Night,Weekday
T20220012372,2022-05-27,09:00:00,1,Collision with vehicle,5,Friday,116,LEFT NEAR (INTERSECTIONS ONLY),9,36657,Cross intersection,3,60,Arterial Other,HIGHBURY,MONASH,-37.85621,145.11998,2022,5,May,9,Morning Peak,Weekday
T20220012041,2022-05-27,20:03:00,1,Collision with vehicle,5,Friday,160,VEHICLE COLLIDES WITH VEHICLE PARKED ON LEFT OF ROAD,3,719116,Not at intersection,2,60,Local Road,GLADSTONE,DANDENONG,-37.943016,145.20993,2022,5,May,20,Night,Weekday
T20220012036,2022-05-27,16:02:00,1,Collision with vehicle,5,Friday,121,RIGHT THROUGH,1,42958,Cross intersection,2,50,Arterial Other,CHANDLER,DANDENONG,-37.98731,145.18326,2022,5,May,16,Afternoon Peak,Weekday
T20220012401,2022-05-27,17:50:00,1,Collision with vehicle,5,Friday,130,REAR END(VEHICLES IN SAME LANE),6,725486,Not at intersection,3,60,Arterial Other,CEMETERY,MELBOURNE,-37.790085,144.9593,2022,5,May,17,Afternoon Peak,Weekday
T20220012247,2022-05-27,08:30:00,1,Collision with vehicle,5,Friday,130,REAR END(VEHICLES IN SAME LANE),1,322873,Cross intersection,3,80,Arterial Highway,FERNTREE GULLY,MONASH,-37.90362,145.16139,2022,5,May,8,Morning Peak,Weekday
T20220012013,2022-05-27,14:29:00,1,Collision with vehicle,5,Friday,160,VEHICLE COLLIDES WITH VEHICLE PARKED ON LEFT OF ROAD,1,718711,Not at intersection,3,50,Local Road,DENTON,CASEY,-37.98633,145.27127,2022,5,May,14,Midday,Weekday
T20220011982,2022-05-27,10:10:00,1,Collision with vehicle,5,Friday,160,VEHICLE COLLIDES WITH VEHICLE PARKED ON LEFT OF ROAD,1,728685,Not at intersection,3,70,Arterial Other,KINGS,BRIMBANK,-37.731796,144.7815,2022,5,May,10,Midday,Weekday
T20220012438,2022-05-27,10:40:00,1,Collision with vehicle,5,Friday,132,RIGHT REAR.,1,774571,Not at intersection,3,60,Local Road,GHAZEEPORE,GEELONG,-38.207657,144.30261,2022,5,May,10,Midday,Weekday
T20220011974,2022-05-27,06:40:00,1,Collision with vehicle,5,Friday,130,REAR END(VEHICLES IN SAME LANE),3,632527,Not at intersection,3,70,Arterial Highway,BURWOOD,WHITEHORSE,-37.852764,145.15208,2022,5,May,6,Morning Peak,Weekday
T20220012057,2022-05-27,21:50:00,4,Collision with a fixed object,5,Friday,171,LEFT OFF CARRIAGEWAY INTO OBJECT/PARKED VEHICLE,3,713372,Not at intersection,2,60,Arterial Other,LORIMER,MELBOURNE,-37.824284,144.9426,2022,5,May,21,Night,Weekday
T20220012008,2022-05-27,14:15:00,4,Collision with a fixed object,5,Friday,171,LEFT OFF CARRIAGEWAY INTO OBJECT/PARKED VEHICLE,1,724035,Not at intersection,2,100,Freeway,PENINSULA LINK,MORNINGTON PENINSULA,-38.188404,145.15628,2022,5,May,14,Midday,Weekday
T20220012015,2022-05-27,15:10:00,1,Collision with vehicle,5,Friday,123,RIGHT/LEFT. ONE VEH TURNING RIGHT THE OTHER LEFT.,1,45205,T intersection,3,60,Arterial Other,CORDITE AVENUE -RALEIGH,MARIBYRNONG,-37.769596,144.88213,2022,5,May,15,Afternoon Peak,Weekday
T20220012006,2022-05-27,12:31:00,1,Collision with vehicle,5,Friday,111,RIGHT FAR (INTERSECTIONS ONLY),1,36641,Cross intersection,3,50,Local Road,MEDBURY,BANYULE,-37.71173,145.09383,2022,5,May,12,Midday,Weekday
T20220012026,2022-05-27,16:16:00,1,Collision with vehicle,5,Friday,110,CROSS TRAFFIC(INTERSECTIONS ONLY),1,39748,Cross intersection,2,80,Arterial Highway,MAROONDAH,MAROONDAH,-37.78746,145.27335,2022,5,May,16,Afternoon Peak,Weekday
T20220012053,2022-05-27,23:31:00,4,Collision with a fixed object,5,Friday,151,OUT OF CONTROL (OVERTAKING),3,286708,Not at intersection,3,60,Arterial Other,EPPING,WHITTLESEA,-37.637142,145.02641,2022,5,May,23,Night,Weekday
T20220012005,2022-05-27,11:27:00,1,Collision with vehicle,5,Friday,154,PULLING OUT -REAR END,1,718462,Not at intersection,2,80,Arterial Highway,PRINCES,DANDENONG,-37.952793,145.1784,2022,5,May,11,Midday,Weekday
T20220012039,2022-05-27,13:51:00,1,Collision with vehicle,5,Friday,121,RIGHT THROUGH,1,43626,Cross intersection,2,60,Arterial Other,CENTRE,CASEY,-38.029064,145.30089,2022,5,May,13,Midday,Weekday
T20220018276,2022-05-27,17:35:00,1,Collision with vehicle,5,Friday,130,REAR END(VEHICLES IN SAME LANE),1,778660,Not at intersection,3,100,Freeway,PENINSULA LINK,FRANKSTON,-38.126537,145.1722,2022,5,May,17,Afternoon Peak,Weekday
T20220014002,2022-05-27,20:44:00,1,Collision with vehicle,5,Friday,142,LEAVING PARKING,3,719513,Not at intersection,3,60,Arterial Other,MAIR,BALLARAT,-37.56102,143.86884,2022,5,May,20,Night,Weekday
T20220012049,2022-05-27,20:11:00,1,Collision with vehicle,5,Friday,130,REAR END(VEHICLES IN SAME LANE),3,37801,Cross intersection,2,60,Arterial Other,NICHOLSON,MORELAND,-37.7526,144.97636,2022,5,May,20,Night,Weekday
T20220011965,2022-05-27,04:30:00,1,Collision with vehicle,5,Friday,134,LANE CHANGE RIGHT (NOT OVERTAKING),3,754968,Not at intersection,2,100,Freeway,CITYLINK,MELBOURNE,-37.810856,144.93404,2022,5,May,4,Late Night,Weekday
T20220012048,2022-05-27,21:10:00,1,Collision with vehicle,5,Friday,110,CROSS TRAFFIC(INTERSECTIONS ONLY),3,41066,Cross intersection,3,60,Arterial Other,MOUNTAIN,KNOX,-37.849987,145.30702,2022,5,May,21,Night,Weekday
T20220011963,2022-05-27,03:40:00,4,Collision with a fixed object,5,Friday,171,LEFT OFF CARRIAGEWAY INTO OBJECT/PARKED VEHICLE,3,748810,Not at intersection,2,70,Arterial Highway,MELBOURNE,GEELONG,-38.115868,144.35431,2022,5,May,3,Late Night,Weekday
T20220012083,2022-05-28,12:35:00,4,Collision with a fixed object,6,Saturday,171,LEFT OFF CARRIAGEWAY INTO OBJECT/PARKED VEHICLE,1,723575,Not at intersection,2,50,Local Road,WONGA,YARRA RANGES,-37.747715,145.6518,2022,5,May,12,Midday,Weekend
T20220012082,2022-05-28,06:55:00,1,Collision with vehicle,6,Saturday,110,CROSS TRAFFIC(INTERSECTIONS ONLY),2,43087,Cross intersection,3,60,Arterial Highway,STUD,DANDENONG,-37.981647,145.2214,2022,5,May,6,Morning Peak,Weekend
T20220012067,2022-05-28,06:00:00,1,Collision with vehicle,6,Saturday,133,LANE SIDE SWIPE (VEHICLES IN PARALLEL LANES),3,718168,Not at intersection,2,60,Arterial Other,ST KILDA,BAYSIDE,-37.899082,144.9893,2022,5,May,6,Morning Peak,Weekend
T20220012325,2022-05-28,11:00:00,6,Vehicle overturned (no collision),6,Saturday,170,OFF CARRIAGEWAY TO LEFT,1,45527,Cross intersection,3,60,Arterial Other,MELVILLE,MORELAND,-37.764828,144.94377,2022,5,May,11,Midday,Weekend
T20220012070,2022-05-28,08:24:00,1,Collision with vehicle,6,Saturday,121,RIGHT THROUGH,1,714253,T intersection,3,60,Arterial Highway,NEPEAN,FRANKSTON,-38.130314,145.12509,2022,5,May,8,Morning Peak,Weekend
T20220016480,2022-05-28,11:28:00,1,Collision with vehicle,6,Saturday,137,LEFT TURN SIDESWIPE,1,781930,Cross intersection,3,60,Arterial Other,DAREBIN,DAREBIN,-37.765484,145.0204,2022,5,May,11,Midday,Weekend
T20220012103,2022-05-28,16:25:00,4,Collision with a fixed object,6,Saturday,179,OTHER ACCIDENTS-OFF STRAIGHT NOT INCLUDED IN DCAs 170-175,1,773147,Cross intersection,3,80,Arterial Highway,MIDLAND,BALLARAT,-37.51824,143.84445,2022,5,May,16,Afternoon Peak,Weekend
T20220012095,2022-05-28,13:30:00,4,Collision with a fixed object,6,Saturday,173,RIGHT OFF CARRIAGEWAY INTO OBJECT/PARKED VEHICLE,1,723577,Not at intersection,2,100,Arterial Other,COLAC-BALLARAT,GOLDEN PLAINS,-37.980644,143.65602,2022,5,May,13,Midday,Weekend
T20220012065,2022-05-28,05:24:00,1,Collision with vehicle,6,Saturday,160,VEHICLE COLLIDES WITH VEHICLE PARKED ON LEFT OF ROAD,5,715229,Not at intersection,2,50,Local Road,SHEFFIELD,GLEN EIRA,-37.92041,145.0704,2022,5,May,5,Morning Peak,Weekend
T20220012060,2022-05-28,02:30:00,1,Collision with vehicle,6,Saturday,160,VEHICLE COLLIDES WITH VEHICLE PARKED ON LEFT OF ROAD,3,718167,Not at intersection,2,50,Local Road,PARK,MOONEE VALLEY,-37.76111,144.91136,2022,5,May,2,Late Night,Weekend
T20220012104,2022-05-28,16:15:00,1,Collision with vehicle,6,Saturday,136,RIGHT TURN SIDESWIPE,1,36889,Cross intersection,3,40,Local Road,COLLINS,MELBOURNE,-37.816933,144.96158,2022,5,May,16,Afternoon Peak,Weekend
T20220012130,2022-05-28,23:00:00,1,Collision with vehicle,6,Saturday,160,VEHICLE COLLIDES WITH VEHICLE PARKED ON LEFT OF ROAD,3,778736,Not at intersection,3,60,Local Road,TUCKER,GEELONG,-38.17734,144.36835,2022,5,May,23,Night,Weekend
T20220012125,2022-05-28,21:05:00,2,Struck Pedestrian,6,Saturday,100,PED NEAR SIDE. PED HIT BY VEHICLE FROM THE RIGHT.,3,16803,Cross intersection,2,70,Arterial Highway,RAGLAN,WARRNAMBOOL,-38.364246,142.45964,2022,5,May,21,Night,Weekend
T20220012091,2022-05-28,13:10:00,8,No collision and no object struck,6,Saturday,174,OUT OF CONTROL ON CARRIAGEWAY (ON STRAIGHT),1,722737,Not at intersection,2,40,Local Road,BERWICK,HUME,-37.646053,144.89447,2022,5,May,13,Midday,Weekend
T20220012124,2022-05-28,15:00:00,1,Collision with vehicle,6,Saturday,121,RIGHT THROUGH,1,251819,Not at intersection,3,60,Arterial Other,JELLS,MONASH,-37.91039,145.18842,2022,5,May,15,Afternoon Peak,Weekend
T20220012111,2022-05-28,06:30:00,1,Collision with vehicle,6,Saturday,110,CROSS TRAFFIC(INTERSECTIONS ONLY),3,36382,Cross intersection,2,60,Local Road,FENWICK,YARRA,-37.78761,144.97221,2022,5,May,6,Morning Peak,Weekend
T20220012487,2022-05-28,00:10:00,1,Collision with vehicle,6,Saturday,110,CROSS TRAFFIC(INTERSECTIONS ONLY),3,785312,Cross intersection,2,60,Arterial Other,CARR,GEELONG,-38.16899,144.37608,2022,5,May,0,Late Night,Weekend
T20220012114,2022-05-28,18:15:00,6,Vehicle overturned (no collision),6,Saturday,170,OFF CARRIAGEWAY TO LEFT,5,713458,Y intersection,3,60,Arterial Other,BENDIGO-MARYBOROUGH,BENDIGO,-36.814777,144.0975,2022,5,May,18,Afternoon Peak,Weekend
T20220012122,2022-05-28,17:10:00,1,Collision with vehicle,6,Saturday,111,RIGHT FAR (INTERSECTIONS ONLY),2,35570,Y intersection,3,60,Arterial Other,MONBULK,YARRA RANGES,-37.87903,145.37245,2022,5,May,17,Afternoon Peak,Weekend
T20220012117,2022-05-28,15:00:00,1,Collision with vehicle,6,Saturday,140,U TURN,1,35866,T intersection,2,80,Local Road,ERNST WANKE,CASEY,-38.01582,145.33049,2022,5,May,15,Afternoon Peak,Weekend
T20220012119,2022-05-28,18:11:00,2,Struck Pedestrian,6,Saturday,102,FAR SIDE. PED HIT BY VEHICLE FROM THE LEFT,4,38713,T intersection,2,50,Arterial Other,GORDON,MARIBYRNONG,-37.796368,144.8886,2022,5,May,18,Afternoon Peak,Weekend
T20220012141,2022-05-28,14:25:00,5,collision with some other object,6,Saturday,166,STRUCK OBJECT ON CARRIAGEWAY,1,723576,Not at intersection,2,50,Local Road,SAPPERS,MANSFIELD,-37.352592,146.17517,2022,5,May,14,Midday,Weekend
T20220012231,2022-05-28,12:45:00,1,Collision with vehicle,6,Saturday,134,LANE CHANGE RIGHT (NOT OVERTAKING),1,65093,Multiple intersection,3,60,Freeway,HODDLE,YARRA,-37.796055,144.9936,2022,5,May,12,Midday,Weekend
T20220012180,2022-05-28,10:36:00,1,Collision with vehicle,6,Saturday,130,REAR END(VEHICLES IN SAME LANE),1,714727,Not at intersection,3,60,Arterial Other,SWAN,MELBOURNE,-37.823708,144.98186,2022,5,May,10,Midday,Weekend
T20220012113,2022-05-28,15:36:00,1,Collision with vehicle,6,Saturday,134,LANE CHANGE RIGHT (NOT OVERTAKING),1,714623,Not at intersection,3,80,Arterial Other,CLYDE,CASEY,-38.06881,145.3367,2022,5,May,15,Afternoon Peak,Weekend
T20220013625,2022-05-28,21:57:00,2,Struck Pedestrian,6,Saturday,102,FAR SIDE. PED HIT BY VEHICLE FROM THE LEFT,6,715473,Cross intersection,3,60,Arterial Highway,WARRIGAL,MONASH,-37.923954,145.08249,2022,5,May,21,Night,Weekend
T20220012097,2022-05-28,11:50:00,1,Collision with vehicle,6,Saturday,140,U TURN,1,723574,Not at intersection,2,70,Arterial Other,KEILOR PARK,BRIMBANK,-37.72458,144.84969,2022,5,May,11,Midday,Weekend
T20220012620,2022-05-28,12:50:00,1,Collision with vehicle,6,Saturday,130,REAR END(VEHICLES IN SAME LANE),1,772611,Not at intersection,3,80,Freeway,CALDER,MOONEE VALLEY,-37.73405,144.88634,2022,5,May,12,Midday,Weekend
T20220012637,2022-05-28,03:00:00,3,Struck animal,6,Saturday,167,STRUCK ANIMAL,5,714436,Not at intersection,3,100,Local Road,BRIDGEWATER-RAYWOOD,LODDON,-36.545525,144.16197,2022,5,May,3,Late Night,Weekend
T20220012154,2022-05-29,13:45:00,2,Struck Pedestrian,7,Sunday,102,FAR SIDE. PED HIT BY VEHICLE FROM THE LEFT,1,713693,T intersection,2,60,Arterial Other,DONCASTER,MANNINGHAM,-37.787403,145.1294,2022,5,May,13,Midday,Weekend
T20220012158,2022-05-29,14:55:00,4,Collision with a fixed object,7,Sunday,183,OFF LEFT BEND INTO OBJECT/PARKED VEHICLE,1,723428,Not at intersection,3,80,Arterial Other,ACHERON,YARRA RANGES,-37.712704,145.70941,2022,5,May,14,Midday,Weekend
T20220012159,2022-05-29,12:38:00,4,Collision with a fixed object,7,Sunday,171,LEFT OFF CARRIAGEWAY INTO OBJECT/PARKED VEHICLE,1,723570,Not at intersection,3,50,Local Road,MATTHEWS,HUME,-37.63575,144.92592,2022,5,May,12,Midday,Weekend
T20220012160,2022-05-29,13:50:00,1,Collision with vehicle,7,Sunday,110,CROSS TRAFFIC(INTERSECTIONS ONLY),1,59575,Cross intersection,3,80,Arterial Highway,CALDER,BENDIGO,-36.742058,144.1994,2022,5,May,13,Midday,Weekend
T20220012167,2022-05-29,14:30:00,1,Collision with vehicle,7,Sunday,135,LANE CHANGE LEFT (NOT OVERTAKING),1,723427,Not at intersection,3,100,Freeway,HUME,HUME,-37.54232,144.94502,2022,5,May,14,Midday,Weekend
T20220012170,2022-05-29,13:30:00,4,Collision with a fixed object,7,Sunday,171,LEFT OFF CARRIAGEWAY INTO OBJECT/PARKED VEHICLE,1,44492,Cross intersection,3,60,Arterial Highway,ALBERT,DAREBIN,-37.732277,145.02496,2022,5,May,13,Midday,Weekend
T20220012174,2022-05-29,16:10:00,1,Collision with vehicle,7,Sunday,121,RIGHT THROUGH,1,579669,T intersection,2,80,Arterial Other,CHISHOLM,MELTON,-37.75933,144.74838,2022,5,May,16,Afternoon Peak,Weekend
T20220012183,2022-05-29,18:38:00,1,Collision with vehicle,7,Sunday,112,LEFT FAR (INTERSECTIONS ONLY),3,813,T intersection,2,50,Arterial Other,SYDNEY,MORELAND,-37.701077,144.96011,2022,5,May,18,Afternoon Peak,Weekend
T20220012184,2022-05-29,18:01:00,2,Struck Pedestrian,7,Sunday,100,PED NEAR SIDE. PED HIT BY VEHICLE FROM THE RIGHT.,2,62161,T intersection,2,60,Local Road,COSMOS,MORELAND,-37.7073,144.93707,2022,5,May,18,Afternoon Peak,Weekend
T20220012185,2022-05-29,18:31:00,1,Collision with vehicle,7,Sunday,160,VEHICLE COLLIDES WITH VEHICLE PARKED ON LEFT OF ROAD,3,714432,Not at intersection,3,60,Local Road,HENRY,CARDINIA,-38.07919,145.44878,2022,5,May,18,Afternoon Peak,Weekend
T20220012188,2022-05-29,17:22:00,1,Collision with vehicle,7,Sunday,121,RIGHT THROUGH,2,29523,T intersection,2,60,Arterial Other,BALLARAT,MARIBYRNONG,-37.792385,144.89348,2022,5,May,17,Afternoon Peak,Weekend
T20220012192,2022-05-29,15:32:00,1,Collision with vehicle,7,Sunday,133,LANE SIDE SWIPE (VEHICLES IN PARALLEL LANES),1,713806,Not at intersection,3,50,Local Road,MASCOMA,MOONEE VALLEY,-37.71187,144.89296,2022,5,May,15,Afternoon Peak,Weekend
T20220012194,2022-05-29,20:08:00,1,Collision with vehicle,7,Sunday,135,LANE CHANGE LEFT (NOT OVERTAKING),3,723425,Not at intersection,3,60,Arterial Other,BARRY,HUME,-37.666542,144.94766,2022,5,May,20,Night,Weekend
T20220013696,2022-05-29,16:00:00,1,Collision with vehicle,7,Sunday,130,REAR END(VEHICLES IN SAME LANE),1,774590,Not at intersection,3,80,Local Road,HEATHERDALE,WHITEHORSE,-37.82488,145.21335,2022,5,May,16,Afternoon Peak,Weekend