ACCIDENT_NO,ACCIDENT_DATE,ACCIDENT_TIME,ACCIDENT_TYPE,ACCIDENT_TYPE_DESC,DAY_OF_WEEK,DAY_WEEK_DESC,DCA_CODE,DCA_DESC,LIGHT_CONDITION,NODE_ID,ROAD_GEOMETRY_DESC,SEVERITY,SPEED_ZONE,RMA,ROAD_NAME,LGA_NAME,LATITUDE,LONGITUDE,YEAR,MONTH,MONTH_NAME,HOUR,TIME_PERIOD,DAY_TYPE
T20220012197,2022-05-29,23:10:00,1,Collision with vehicle,7,Sunday,147,VEHICLE STRIKES ANOTHER VEH WHILE EMERGING FROM DRIVEWAY,3,713577,Not at intersection,2,60,Local Road,CLOW,DANDENONG,-37.985817,145.22258,2022,5,May,23,Night,Weekend
T20220012217,2022-05-29,18:30:00,1,Collision with vehicle,7,Sunday,111,RIGHT FAR (INTERSECTIONS ONLY),2,713695,T intersection,3,60,Local Road,BLACK FOREST,WYNDHAM,-37.899166,144.60677,2022,5,May,18,Afternoon Peak,Weekend
T20220012222,2022-05-29,17:00:00,1,Collision with vehicle,7,Sunday,110,CROSS TRAFFIC(INTERSECTIONS ONLY),2,45317,Cross intersection,3,60,Arterial Other,LINCOLN,MOONEE VALLEY,-37.74687,144.9097,2022,5,May,17,Afternoon Peak,Weekend
T20220012148,2022-05-29,10:50:00,2,Struck Pedestrian,7,Sunday,100,PED NEAR SIDE. PED HIT BY VEHICLE FROM THE RIGHT.,1,713575,T intersection,3,50,Local Road,RESERVE,WHITEHORSE,-37.824013,145.13745,2022,5,May,10,Midday,Weekend
T20220012135,2022-05-29,00:00:00,6,Vehicle overturned (no collision),7,Sunday,170,OFF CARRIAGEWAY TO LEFT,5,719118,Not at intersection,2,100,Local Road,ANTWERP-WARRACKNABEAL,HINDMARSH,-36.29703,142.07771,2022,5,May,0,Late Night,Weekend
T20220012134,2022-05-29,03:30:00,1,Collision with vehicle,7,Sunday,133,LANE SIDE SWIPE (VEHICLES IN PARALLEL LANES),3,781937,Not at intersection,3,60,Arterial Highway,ROSANNA,BANYULE,-37.747437,145.07127,2022,5,May,3,Late Night,Weekend
T20220012340,2022-05-29,04:30:00,1,Collision with vehicle,7,Sunday,142,LEAVING PARKING,9,774569,Not at intersection,3,40,Local Road,FRANKLIN,MELBOURNE,-37.80933,144.95679,2022,5,May,4,Late Night,Weekend
T20220012131,2022-05-29,00:43:00,2,Struck Pedestrian,7,Sunday,102,FAR SIDE. PED HIT BY VEHICLE FROM THE LEFT,9,715330,Not at intersection,2,60,Arterial Other,BALLARAT,BRIMBANK,-37.777096,144.82817,2022,5,May,0,Late Night,Weekend
T20220012128,2022-05-29,11:10:00,4,Collision with a fixed object,7,Sunday,171,LEFT OFF CARRIAGEWAY INTO OBJECT/PARKED VEHICLE,9,723571,Not at intersection,3,60,Local Road,FOURTEENTH,MILDURA,-34.21519,142.16727,2022,5,May,11,Midday,Weekend
T20220012469,2022-05-29,09:29:00,1,Collision with vehicle,7,Sunday,130,REAR END(VEHICLES IN SAME LANE),1,723426,Not at intersection,3,70,Arterial Highway,HODDLE,YARRA,-37.803745,144.99234,2022,5,May,9,Morning Peak,Weekend
T20220012569,2022-05-29,13:15:00,1,Collision with vehicle,7,Sunday,130,REAR END(VEHICLES IN SAME LANE),1,714104,T intersection,3,60,Arterial Other,GRUBB,GEELONG,-38.24661,144.5378,2022,5,May,13,Midday,Weekend
T20220022712,2022-05-29,08:30:00,4,Collision with a fixed object,7,Sunday,171,LEFT OFF CARRIAGEWAY INTO OBJECT/PARKED VEHICLE,1,46660,Cross intersection,3,80,Local Road,CRAIGIEBURN,HUME,-37.58571,144.84398,2022,5,May,8,Morning Peak,Weekend
T20220017308,2022-05-29,11:25:00,1,Collision with vehicle,7,Sunday,121,RIGHT THROUGH,1,35342,Cross intersection,3,70,Arterial Other,HODDLE,YARRA,-37.792397,144.99442,2022,5,May,11,Midday,Weekend
T20220012143,2022-05-29,10:00:00,1,Collision with vehicle,7,Sunday,120,HEAD ON (NOT OVERTAKING),1,109312,Not at intersection,3,60,Arterial Highway,GREENSBOROUGH,BANYULE,-37.7203,145.08107,2022,5,May,10,Midday,Weekend
T20220012591,2022-05-29,07:00:00,1,Collision with vehicle,7,Sunday,130,REAR END(VEHICLES IN SAME LANE),1,779907,Not at intersection,3,80,Arterial Highway,DANDENONG,GLEN EIRA,-37.881294,145.04973,2022,5,May,7,Morning Peak,Weekend
T20220012594,2022-05-29,18:18:00,1,Collision with vehicle,7,Sunday,121,RIGHT THROUGH,3,14250,T intersection,2,40,Local Road,CHAPEL,STONNINGTON,-37.84474,144.99455,2022,5,May,18,Afternoon Peak,Weekend
T20220012622,2022-05-30,05:50:00,1,Collision with vehicle,1,Monday,137,LEFT TURN SIDESWIPE,3,112211,Cross intersection,3,60,Arterial Other,BARRY,HUME,-37.66724,144.95468,2022,5,May,5,Morning Peak,Weekday
T20220012208,2022-05-30,07:30:00,1,Collision with vehicle,1,Monday,130,REAR END(VEHICLES IN SAME LANE),1,713579,Not at intersection,3,100,Freeway,GEELONG RING,GEELONG,-38.05912,144.34845,2022,5,May,7,Morning Peak,Weekday
T20220012205,2022-05-30,06:30:00,1,Collision with vehicle,1,Monday,130,REAR END(VEHICLES IN SAME LANE),3,713578,Not at intersection,2,100,Freeway,HUME,WHITTLESEA,-37.63899,144.9926,2022,5,May,6,Morning Peak,Weekday
T20220022585,2022-05-30,16:04:00,1,Collision with vehicle,1,Monday,130,REAR END(VEHICLES IN SAME LANE),1,732639,Not at intersection,2,70,Arterial Other,TAYLORS,BRIMBANK,-37.727497,144.78276,2022,5,May,16,Afternoon Peak,Weekday
T20220012731,2022-05-30,11:15:00,8,No collision and no object struck,1,Monday,174,OUT OF CONTROL ON CARRIAGEWAY (ON STRAIGHT),1,726321,T intersection,3,50,Local Road,WALMER,BOROONDARA,-37.803642,145.01128,2022,5,May,11,Midday,Weekday
T20220012812,2022-05-30,18:00:00,1,Collision with vehicle,1,Monday,163,VEHICLE STRIKES DOOR OF PARKED/STATIONARY VEHICLE,3,37136,T intersection,3,40,Arterial Other,SWAN,YARRA,-37.82526,144.99411,2022,5,May,18,Afternoon Peak,Weekday
T20220012229,2022-05-30,12:29:00,4,Collision with a fixed object,1,Monday,181,OFF RIGHT BEND INTO OBJECT/PARKED VEHICLE,1,727192,Not at intersection,2,80,Arterial Other,GEMBROOK-LAUNCHING PLACE,YARRA RANGES,-37.82362,145.594,2022,5,May,12,Midday,Weekday
T20220012313,2022-05-30,18:34:00,1,Collision with vehicle,1,Monday,121,RIGHT THROUGH,3,278823,Cross intersection,2,50,Arterial Other,MCDONALDS,WHITTLESEA,-37.650497,145.08107,2022,5,May,18,Afternoon Peak,Weekday
T20220012316,2022-05-30,06:41:00,1,Collision with vehicle,1,Monday,130,REAR END(VEHICLES IN SAME LANE),3,36200,Cross intersection,3,50,Arterial Other,MACARTHUR,MELBOURNE,-37.789673,144.9574,2022,5,May,6,Morning Peak,Weekday
T20220012277,2022-05-30,06:45:00,1,Collision with vehicle,1,Monday,121,RIGHT THROUGH,3,43108,T intersection,3,60,Arterial Highway,SOUTH GIPPSLAND,DANDENONG,-38.00448,145.22725,2022,5,May,6,Morning Peak,Weekday
T20220012255,2022-05-30,18:00:00,1,Collision with vehicle,1,Monday,132,RIGHT REAR.,5,774651,Not at intersection,3,60,Arterial Other,EPPING-KILMORE,MITCHELL,-37.362354,145.02478,2022,5,May,18,Afternoon Peak,Weekday
T20220012365,2022-05-30,17:32:00,1,Collision with vehicle,1,Monday,130,REAR END(VEHICLES IN SAME LANE),3,713811,Not at intersection,3,60,Arterial Other,MT DERRIMUT,BRIMBANK,-37.78267,144.7731,2022,5,May,17,Afternoon Peak,Weekday
T20220012488,2022-05-30,16:00:00,1,Collision with vehicle,1,Monday,139,OTHER SAME DIRECTION-MANOUEVRES NOT INCLUDED IN DCAs 130-137,9,723418,Not at intersection,3,80,Freeway,WESTERN RING,MORELAND,-37.694317,144.90308,2022,5,May,16,Afternoon Peak,Weekday
T20220013134,2022-05-30,17:00:00,1,Collision with vehicle,1,Monday,115,RIGHT/LEFT FAR (INTERSECTIONS ONLY),1,781942,T intersection,3,50,Local Road,MCCOUBRIE,BRIMBANK,-37.80277,144.82426,2022,5,May,17,Afternoon Peak,Weekday
T20220012226,2022-05-30,11:05:00,1,Collision with vehicle,1,Monday,160,VEHICLE COLLIDES WITH VEHICLE PARKED ON LEFT OF ROAD,1,723424,Not at intersection,3,60,Arterial Highway,POINT NEPEAN,MORNINGTON PENINSULA,-38.370605,144.8243,2022,5,May,11,Midday,Weekday
T20220012554,2022-05-30,10:15:00,1,Collision with vehicle,1,Monday,147,VEHICLE STRIKES ANOTHER VEH WHILE EMERGING FROM DRIVEWAY,1,723417,Not at intersection,3,70,Arterial Other,ST GEORGES,DAREBIN,-37.741096,144.99867,2022,5,May,10,Midday,Weekday
T20220012232,2022-05-30,10:28:00,1,Collision with vehicle,1,Monday,130,REAR END(VEHICLES IN SAME LANE),1,773881,Not at intersection,3,100,Arterial Highway,HUME,HUME,-37.52718,144.94778,2022,5,May,10,Midday,Weekday
T20220013448,2022-05-30,12:00:00,4,Collision with a fixed object,1,Monday,189,OTHER ACCIDENTS ON CURVE NOT INCLUDED IN DCAs 180-184,1,715239,Not at intersection,3,80,Local Road,BOUCHERS,EAST GIPPSLAND,-37.71138,147.62827,2022,5,May,12,Midday,Weekday
T20220012581,2022-05-30,17:30:00,2,Struck Pedestrian,1,Monday,100,PED NEAR SIDE. PED HIT BY VEHICLE FROM THE RIGHT.,9,714105,Not at intersection,3,40,Local Road,CAMDEN,PORT PHILLIP,-37.86793,144.99161,2022,5,May,17,Afternoon Peak,Weekday
T20220015280,2022-05-30,07:55:00,1,Collision with vehicle,1,Monday,135,LANE CHANGE LEFT (NOT OVERTAKING),1,718768,Not at intersection,3,100,Freeway,EASTLINK,DANDENONG,-37.972233,145.19385,2022,5,May,7,Morning Peak,Weekday
T20220012542,2022-05-30,20:19:00,1,Collision with vehicle,1,Monday,121,RIGHT THROUGH,3,714103,Not at intersection,3,40,Arterial Other,MT ALEXANDER,MOONEE VALLEY,-37.744713,144.91019,2022,5,May,20,Night,Weekday
T20220012218,2022-05-30,11:35:00,1,Collision with vehicle,1,Monday,163,VEHICLE STRIKES DOOR OF PARKED/STATIONARY VEHICLE,1,713696,Not at intersection,3,40,Arterial Other,MALVERN,STONNINGTON,-37.848186,145.00383,2022,5,May,11,Midday,Weekday
T20220015178,2022-05-30,12:40:00,4,Collision with a fixed object,1,Monday,173,RIGHT OFF CARRIAGEWAY INTO OBJECT/PARKED VEHICLE,1,781940,Not at intersection,3,100,Arterial Highway,GOULBURN VALLEY,MURRINDINDI,-37.205055,145.38795,2022,5,May,12,Midday,Weekday
T20220012398,2022-05-30,15:30:00,1,Collision with vehicle,1,Monday,121,RIGHT THROUGH,1,40806,Cross intersection,3,50,Arterial Highway,SPRINGVALE,WHITEHORSE,-37.84856,145.17044,2022,5,May,15,Afternoon Peak,Weekday
T20220012202,2022-05-30,06:30:00,1,Collision with vehicle,1,Monday,130,REAR END(VEHICLES IN SAME LANE),3,48360,Cross intersection,3,60,Local Road,BARRY,HUME,-37.668335,144.96725,2022,5,May,6,Morning Peak,Weekday
T20220013339,2022-05-30,08:15:00,1,Collision with vehicle,1,Monday,110,CROSS TRAFFIC(INTERSECTIONS ONLY),1,668259,Cross intersection,3,50,Local Road,WILLIAM THWAITES,CASEY,-38.076454,145.3163,2022,5,May,8,Morning Peak,Weekday
T20220012241,2022-05-30,13:18:00,4,Collision with a fixed object,1,Monday,181,OFF RIGHT BEND INTO OBJECT/PARKED VEHICLE,1,713853,Not at intersection,2,80,Local Road,SOUTH MOUNTAIN,MITCHELL,-37.385628,145.07043,2022,5,May,13,Midday,Weekday
T20220012251,2022-05-30,18:14:00,1,Collision with vehicle,1,Monday,130,REAR END(VEHICLES IN SAME LANE),3,713580,Not at intersection,3,80,Freeway,CALDER,MOONEE VALLEY,-37.734406,144.88968,2022,5,May,18,Afternoon Peak,Weekday
T20220012252,2022-05-30,16:25:00,1,Collision with vehicle,1,Monday,120,HEAD ON (NOT OVERTAKING),1,723423,Not at intersection,3,70,Local Road,HARKAWAY,CASEY,-37.99358,145.35037,2022,5,May,16,Afternoon Peak,Weekday
T20220012256,2022-05-30,18:10:00,3,Struck animal,1,Monday,167,STRUCK ANIMAL,5,714098,Not at intersection,3,60,Arterial Other,BALLAN-DAYLESFORD,HEPBURN,-37.372948,144.13211,2022,5,May,18,Afternoon Peak,Weekday
T20220013661,2022-05-30,17:55:00,1,Collision with vehicle,1,Monday,132,RIGHT REAR.,3,351536,Cross intersection,3,60,Arterial Highway,PRINCES,DANDENONG,-37.96166,145.18839,2022,5,May,17,Afternoon Peak,Weekday
T20220012258,2022-05-30,20:00:00,1,Collision with vehicle,1,Monday,110,CROSS TRAFFIC(INTERSECTIONS ONLY),3,29887,Multiple intersection,3,60,Arterial Highway,PUNT,PORT PHILLIP,-37.856743,144.98254,2022,5,May,20,Night,Weekday
T20220012259,2022-05-30,16:13:00,1,Collision with vehicle,1,Monday,130,REAR END(VEHICLES IN SAME LANE),1,714539,Not at intersection,3,80,Arterial Highway,STUD,KNOX,-37.922085,145.2341,2022,5,May,16,Afternoon Peak,Weekday
T20220012263,2022-05-30,14:25:00,1,Collision with vehicle,1,Monday,142,LEAVING PARKING,1,715909,Not at intersection,3,50,Local Road,FERRES,CARDINIA,-37.931793,145.4407,2022,5,May,14,Midday,Weekday
T20220012264,2022-05-30,19:40:00,2,Struck Pedestrian,1,Monday,100,PED NEAR SIDE. PED HIT BY VEHICLE FROM THE RIGHT.,5,713697,Not at intersection,3,40,Local Road,WILLIAM,STONNINGTON,-37.83931,144.99327,2022,5,May,19,Night,Weekday
T20220012266,2022-05-30,21:32:00,1,Collision with vehicle,1,Monday,110,CROSS TRAFFIC(INTERSECTIONS ONLY),3,49420,Cross intersection,3,60,Arterial Highway,BANYAN,WARRNAMBOOL,-38.381577,142.48824,2022,5,May,21,Night,Weekday
T20220012270,2022-05-30,22:45:00,4,Collision with a fixed object,1,Monday,181,OFF RIGHT BEND INTO OBJECT/PARKED VEHICLE,3,785314,Not at intersection,2,50,Arterial Highway,CHURCH,GEELONG,-38.132385,144.35132,2022,5,May,22,Night,Weekday
T20220019678,2022-05-30,21:30:00,1,Collision with vehicle,1,Monday,160,VEHICLE COLLIDES WITH VEHICLE PARKED ON LEFT OF ROAD,3,779650,Not at intersection,3,50,Local Road,EMBANKMENT,KINGSTON,-38.04762,145.11925,2022,5,May,21,Night,Weekday
T20220012273,2022-05-30,21:51:00,1,Collision with vehicle,1,Monday,110,CROSS TRAFFIC(INTERSECTIONS ONLY),3,43917,Cross intersection,2,80,Arterial Other,CLYDE-FIVE WAYS,CASEY,-38.1335,145.32426,2022,5,May,21,Night,Weekday
T20220012278,2022-05-30,15:00:00,1,Collision with vehicle,1,Monday,121,RIGHT THROUGH,1,279137,Multiple intersection,3,70,Freeway,BALLARAT,GEELONG,-38.10448,144.31926,2022,5,May,15,Afternoon Peak,Weekday
T20220013040,2022-05-30,16:20:00,1,Collision with vehicle,1,Monday,130,REAR END(VEHICLES IN SAME LANE),1,81520,Multiple intersection,3,60,Arterial Other,ST GEORGES ROAD BRIDGE,DAREBIN,-37.77656,144.9897,2022,5,May,16,Afternoon Peak,Weekday
T20220012458,2022-05-31,20:30:00,1,Collision with vehicle,2,Tuesday,110,CROSS TRAFFIC(INTERSECTIONS ONLY),9,782588,Cross intersection,3,60,Arterial Other,QUEEN,HOBSONS BAY,-37.871555,144.7776,2022,5,May,20,Night,Weekday
T20220012324,2022-05-31,14:50:00,1,Collision with vehicle,2,Tuesday,110,CROSS TRAFFIC(INTERSECTIONS ONLY),1,1342,Cross intersection,2,60,Freeway,MORELAND,MORELAND,-37.752144,144.93607,2022,5,May,14,Midday,Weekday
T20220012392,2022-05-31,22:40:00,8,No collision and no object struck,2,Tuesday,174,OUT OF CONTROL ON CARRIAGEWAY (ON STRAIGHT),3,713812,Not at intersection,3,80,Arterial Other,BORONIA,KNOX,-37.852608,145.24332,2022,5,May,22,Night,Weekday
T20220012326,2022-05-31,15:02:00,2,Struck Pedestrian,2,Tuesday,100,PED NEAR SIDE. PED HIT BY VEHICLE FROM THE RIGHT.,1,723416,Cross intersection,3,60,Arterial Other,CENTRE,GLEN EIRA,-37.921143,145.05898,2022,5,May,15,Afternoon Peak,Weekday
T20220012447,2022-05-31,09:20:00,1,Collision with vehicle,2,Tuesday,136,RIGHT TURN SIDESWIPE,9,36622,Cross intersection,3,50,Local Road,KEELE,YARRA,-37.797195,144.9877,2022,5,May,9,Morning Peak,Weekday
T20220012335,2022-05-31,17:30:00,1,Collision with vehicle,2,Tuesday,121,RIGHT THROUGH,2,697705,Not at intersection,2,60,Arterial Other,MILITARY,MOONEE VALLEY,-37.7672,144.86412,2022,5,May,17,Afternoon Peak,Weekday
T20220012339,2022-05-31,17:55:00,1,Collision with vehicle,2,Tuesday,140,U TURN,3,723411,Not at intersection,2,80,Arterial Highway,NEPEAN,BAYSIDE,-37.9109,145.01312,2022,5,May,17,Afternoon Peak,Weekday
T20220012342,2022-05-31,17:56:00,4,Collision with a fixed object,2,Tuesday,181,OFF RIGHT BEND INTO OBJECT/PARKED VEHICLE,5,714312,Not at intersection,3,100,Arterial Other,GRAMPIANS,SOUTHERN GRAMPIANS,-37.601093,142.36015,2022,5,May,17,Afternoon Peak,Weekday
T20220012981,2022-05-31,17:56:00,1,Collision with vehicle,2,Tuesday,130,REAR END(VEHICLES IN SAME LANE),3,723414,Not at intersection,3,80,Arterial Highway,WELLINGTON,MONASH,-37.91901,145.16295,2022,5,May,17,Afternoon Peak,Weekday
T20220012346,2022-05-31,15:00:00,1,Collision with vehicle,2,Tuesday,113,RIGHT NEAR (INTERSECTIONS ONLY),1,335738,T intersection,3,70,Local Road,KERRISON,BRIMBANK,-37.72776,144.78989,2022,5,May,15,Afternoon Peak,Weekday
T20220012349,2022-05-31,16:50:00,1,Collision with vehicle,2,Tuesday,147,VEHICLE STRIKES ANOTHER VEH WHILE EMERGING FROM DRIVEWAY,1,714011,Not at intersection,2,60,Local Road,FRANCIS BRIGGS,HUME,-37.682594,144.86029,2022,5,May,16,Afternoon Peak,Weekday
T20220012350,2022-05-31,20:57:00,1,Collision with vehicle,2,Tuesday,120,HEAD ON (NOT OVERTAKING),5,714195,Not at intersection,2,80,Local Road,TYABB-TOORADIN,CASEY,-38.21671,145.24474,2022,5,May,20,Night,Weekday
T20220012354,2022-05-31,23:00:00,4,Collision with a fixed object,2,Tuesday,173,RIGHT OFF CARRIAGEWAY INTO OBJECT/PARKED VEHICLE,3,723286,Not at intersection,3,50,Local Road,MORRIS,WYNDHAM,-37.848907,144.70665,2022,5,May,23,Night,Weekday
T20220012452,2022-05-31,19:00:00,1,Collision with vehicle,2,Tuesday,130,REAR END(VEHICLES IN SAME LANE),3,714313,Not at intersection,3,40,Local Road,COMMERCIAL,BAW BAW,-38.135136,145.85628,2022,5,May,19,Night,Weekday
T20220018332,2022-05-31,09:27:00,1,Collision with vehicle,2,Tuesday,130,REAR END(VEHICLES IN SAME LANE),1,722313,Not at intersection,3,80,Local Road,GREIGS,MELTON,-37.75099,144.70013,2022,5,May,9,Morning Peak,Weekday
T20220015579,2022-05-31,16:30:00,1,Collision with vehicle,2,Tuesday,130,REAR END(VEHICLES IN SAME LANE),2,684161,T intersection,3,70,Arterial Other,SOMERTON,HUME,-37.640057,144.92393,2022,5,May,16,Afternoon Peak,Weekday
T20220012382,2022-05-31,07:50:00,1,Collision with vehicle,2,Tuesday,116,LEFT NEAR (INTERSECTIONS ONLY),1,52915,Cross intersection,3,60,Arterial Other,MAIN,BALLARAT,-37.567093,143.8685,2022,5,May,7,Morning Peak,Weekday
T20220012486,2022-05-31,18:50:00,1,Collision with vehicle,2,Tuesday,122,LEFT THROUGH,1,329775,T intersection,3,80,Arterial Highway,GEELONG,HOBSONS BAY,-37.822266,144.82964,2022,5,May,18,Afternoon Peak,Weekday
T20220012468,2022-05-31,07:15:00,3,Struck animal,2,Tuesday,167,STRUCK ANIMAL,1,720321,Not at intersection,2,80,Arterial Other,GREENDALE-TRENTHAM,MOORABOOL,-37.55717,144.3025,2022,5,May,7,Morning Peak,Weekday
T20220012491,2022-05-31,17:00:00,1,Collision with vehicle,2,Tuesday,132,RIGHT REAR.,9,713913,T intersection,3,60,Arterial Other,GEELONG STREET -SUNSHINE,MARIBYRNONG,-37.802155,144.88145,2022,5,May,17,Afternoon Peak,Weekday
T20220012281,2022-05-31,08:20:00,1,Collision with vehicle,2,Tuesday,135,LANE CHANGE LEFT (NOT OVERTAKING),1,723415,Not at intersection,3,60,Arterial Other,DALTON,WHITTLESEA,-37.69579,145.02269,2022,5,May,8,Morning Peak,Weekday
T20220012322,2022-05-31,14:00:00,1,Collision with vehicle,2,Tuesday,130,REAR END(VEHICLES IN SAME LANE),1,723412,Cross intersection,3,60,Arterial Highway,HIGH,BENDIGO,-36.772224,144.25922,2022,5,May,14,Midday,Weekday
T20220021379,2022-05-31,17:44:00,1,Collision with vehicle,2,Tuesday,110,CROSS TRAFFIC(INTERSECTIONS ONLY),2,734476,Cross intersection,3,50,Local Road,NORMANBY,BOROONDARA,-37.80086,145.0552,2022,5,May,17,Afternoon Peak,Weekday
T20220012285,2022-05-31,06:35:00,4,Collision with a fixed object,2,Tuesday,181,OFF RIGHT BEND INTO OBJECT/PARKED VEHICLE,3,16813,T intersection,2,80,Arterial Highway,PRINCES,MOYNE,-38.384064,142.62206,2022,5,May,6,Morning Peak,Weekday
T20220013077,2022-05-31,20:03:00,1,Collision with vehicle,2,Tuesday,110,CROSS TRAFFIC(INTERSECTIONS ONLY),3,52938,Cross intersection,3,40,Arterial Other,BALLARAT-CARNGHAM ROAD -LA TROBE,BALLARAT,-37.569836,143.81046,2022,5,May,20,Night,Weekday
T20220012292,2022-05-31,06:45:00,4,Collision with a fixed object,2,Tuesday,171,LEFT OFF CARRIAGEWAY INTO OBJECT/PARKED VEHICLE,2,724146,Not at intersection,2,100,Local Road,GELLIBRAND-CARLISLE,COLAC OTWAY,-38.549835,143.41368,2022,5,May,6,Morning Peak,Weekday
T20220012424,2022-06-01,18:42:00,1,Collision with vehicle,3,Wednesday,120,HEAD ON (NOT OVERTAKING),3,718467,Not at intersection,2,50,Local Road,FLEETWOOD,CASEY,-38.038864,145.3112,2022,6,June,18,Afternoon Peak,Weekday
T20220012426,2022-06-01,19:26:00,1,Collision with vehicle,3,Wednesday,162,ACCIDENT OR BROKEN DOWN,5,715606,Not at intersection,3,80,Freeway,MONASH IN-POLICE,DANDENONG,-37.939487,145.19702,2022,6,June,19,Night,Weekday
T20220012427,2022-06-01,18:15:00,3,Struck animal,3,Wednesday,167,STRUCK ANIMAL,5,721687,Not at intersection,2,100,Arterial Other,CASTERTON-PENOLA,GLENELG,-37.590702,141.35297,2022,6,June,18,Afternoon Peak,Weekday
T20220012434,2022-06-01,23:35:00,1,Collision with vehicle,3,Wednesday,160,VEHICLE COLLIDES WITH VEHICLE PARKED ON LEFT OF ROAD,3,719121,Not at intersection,3,60,Arterial Other,THOMPSON,GEELONG,-38.090492,144.34734,2022,6,June,23,Night,Weekday
T20220014979,2022-06-01,23:18:00,4,Collision with a fixed object,3,Wednesday,173,RIGHT OFF CARRIAGEWAY INTO OBJECT/PARKED VEHICLE,9,724168,Not at intersection,3,80,Arterial Highway,BURWOOD,WHITEHORSE,-37.85354,145.15906,2022,6,June,23,Night,Weekday
T20220012436,2022-06-01,21:24:00,1,Collision with vehicle,3,Wednesday,110,CROSS TRAFFIC(INTERSECTIONS ONLY),5,72513,Cross intersection,2,60,Local Road,APEX,GEELONG,-38.180897,144.32816,2022,6,June,21,Night,Weekday
T20220012437,2022-06-01,23:40:00,1,Collision with vehicle,3,Wednesday,110,CROSS TRAFFIC(INTERSECTIONS ONLY),3,45167,Cross intersection,3,60,Local Road,CRANWELL,MARIBYRNONG,-37.778854,144.86313,2022,6,June,23,Night,Weekday
T20220012417,2022-06-01,18:56:00,1,Collision with vehicle,3,Wednesday,121,RIGHT THROUGH,3,53620,Cross intersection,3,60,Local Road,HARVEST HOME,WHITTLESEA,-37.62132,145.01184,2022,6,June,18,Afternoon Peak,Weekday
T20220012471,2022-06-01,11:20:00,1,Collision with vehicle,3,Wednesday,130,REAR END(VEHICLES IN SAME LANE),1,57005,Cross intersection,3,60,Arterial Other,FORSYTH,WYNDHAM,-37.87579,144.73735,2022,6,June,11,Midday,Weekday
T20220016140,2022-06-01,17:45:00,1,Collision with vehicle,3,Wednesday,113,RIGHT NEAR (INTERSECTIONS ONLY),3,724862,T intersection,3,60,Local Road,LEAMINGTON,DAREBIN,-37.713142,145.00818,2022,6,June,17,Afternoon Peak,Weekday
T20220013474,2022-06-01,07:45:00,1,Collision with vehicle,3,Wednesday,130,REAR END(VEHICLES IN SAME LANE),1,727374,Not at intersection,3,80,Freeway,PRINCES,WYNDHAM,-37.828377,144.81625,2022,6,June,7,Morning Peak,Weekday
T20220013477,2022-06-01,07:15:00,8,No collision and no object struck,3,Wednesday,174,OUT OF CONTROL ON CARRIAGEWAY (ON STRAIGHT),2,715345,Not at intersection,2,60,Arterial Other,RIVERSDALE,WHITEHORSE,-37.836044,145.09875,2022,6,June,7,Morning Peak,Weekday
T20220013502,2022-06-01,17:20:00,1,Collision with vehicle,3,Wednesday,130,REAR END(VEHICLES IN SAME LANE),1,732432,Cross intersection,3,70,Arterial Other,CANTERBURY,WHITEHORSE,-37.834644,145.17235,2022,6,June,17,Afternoon Peak,Weekday
T20220013541,2022-06-01,08:45:00,1,Collision with vehicle,3,Wednesday,111,RIGHT FAR (INTERSECTIONS ONLY),1,47645,T intersection,3,50,Local Road,CLARKE,YARRA RANGES,-37.759018,145.3509,2022,6,June,8,Morning Peak,Weekday
T20220012585,2022-06-01,20:05:00,5,collision with some other object,3,Wednesday,166,STRUCK OBJECT ON CARRIAGEWAY,3,781956,Not at intersection,3,50,Local Road,RIVERSIDE,MOONEE VALLEY,-37.76877,144.85806,2022,6,June,20,Night,Weekday
T20220012479,2022-06-01,17:30:00,1,Collision with vehicle,3,Wednesday,120,HEAD ON (NOT OVERTAKING),2,720908,Not at intersection,3,60,Local Road,GOVERNOR,KINGSTON,-38.00863,145.09866,2022,6,June,17,Afternoon Peak,Weekday
T20220013163,2022-06-01,18:10:00,1,Collision with vehicle,3,Wednesday,121,RIGHT THROUGH,3,42746,Cross intersection,3,60,Arterial Highway,NEPEAN,KINGSTON,-37.9633,145.05609,2022,6,June,18,Afternoon Peak,Weekday
T20220012357,2022-06-01,04:05:00,1,Collision with vehicle,3,Wednesday,110,CROSS TRAFFIC(INTERSECTIONS ONLY),3,35449,Cross intersection,3,60,Arterial Highway,FOOTSCRAY,MELBOURNE,-37.807697,144.91617,2022,6,June,4,Late Night,Weekday
T20220012735,2022-06-01,17:00:00,2,Struck Pedestrian,3,Wednesday,100,PED NEAR SIDE. PED HIT BY VEHICLE FROM THE RIGHT.,2,714627,T intersection,2,50,Arterial Other,MOORE,MARIBYRNONG,-37.798126,144.90373,2022,6,June,17,Afternoon Peak,Weekday
T20220012361,2022-06-01,05:58:00,1,Collision with vehicle,3,Wednesday,130,REAR END(VEHICLES IN SAME LANE),3,727936,Not at intersection,3,70,Arterial Highway,ORMOND,GEELONG,-38.168186,144.38417,2022,6,June,5,Morning Peak,Weekday
T20220013610,2022-06-01,18:00:00,8,No collision and no object struck,3,Wednesday,179,OTHER ACCIDENTS-OFF STRAIGHT NOT INCLUDED IN DCAs 170-175,9,715349,Not at intersection,3,50,Local Road,EMPIRE,MARIBYRNONG,-37.788803,144.89146,2022,6,June,18,Afternoon Peak,Weekday
T20220012362,2022-06-01,07:00:00,1,Collision with vehicle,3,Wednesday,110,CROSS TRAFFIC(INTERSECTIONS ONLY),2,37196,Cross intersection,2,50,Arterial Other,BRIDGE,YARRA,-37.818584,144.99918,2022,6,June,7,Morning Peak,Weekday