ACCIDENT_NO,ACCIDENT_DATE,ACCIDENT_TIME,ACCIDENT_TYPE,ACCIDENT_TYPE_DESC,DAY_OF_WEEK,DAY_WEEK_DESC,DCA_CODE,DCA_DESC,LIGHT_CONDITION,NODE_ID,ROAD_GEOMETRY_DESC,SEVERITY,SPEED_ZONE,RMA,ROAD_NAME,LGA_NAME,LATITUDE,LONGITUDE,YEAR,MONTH,MONTH_NAME,HOUR,TIME_PERIOD,DAY_TYPE
T20220014143,2022-06-01,08:30:00,1,Collision with vehicle,3,Wednesday,131,LEFT REAR,1,41877,T intersection,3,80,Arterial Highway,STUD,KNOX,-37.910667,145.23633,2022,6,June,8,Morning Peak,Weekday
T20220012369,2022-06-01,08:46:00,1,Collision with vehicle,3,Wednesday,147,VEHICLE STRIKES ANOTHER VEH WHILE EMERGING FROM DRIVEWAY,1,25640,Not at intersection,2,50,Arterial Other,SYDNEY,MORELAND,-37.730732,144.96394,2022,6,June,8,Morning Peak,Weekday
T20220012376,2022-06-01,08:30:00,2,Struck Pedestrian,3,Wednesday,101,PED EMERGES FROM IN FRONT OF PARKED OR STATIONARY VEHICLE,1,713906,Not at intersection,3,60,Arterial Other,BRUNSWICK,MORELAND,-37.776333,144.95412,2022,6,June,8,Morning Peak,Weekday
T20220013695,2022-06-01,09:50:00,1,Collision with vehicle,3,Wednesday,130,REAR END(VEHICLES IN SAME LANE),1,715626,Multiple intersection,2,60,Local Road,HAUGHTON,MONASH,-37.904655,145.09357,2022,6,June,9,Morning Peak,Weekday
T20220012378,2022-06-01,08:50:00,1,Collision with vehicle,3,Wednesday,130,REAR END(VEHICLES IN SAME LANE),1,718171,Not at intersection,2,70,Arterial Other,YAN YEAN,NILLUMBIK,-37.61563,145.13655,2022,6,June,8,Morning Peak,Weekday
T20220012383,2022-06-01,10:15:00,1,Collision with vehicle,3,Wednesday,116,LEFT NEAR (INTERSECTIONS ONLY),1,627,Cross intersection,2,80,Arterial Highway,SPRINGVALE,WHITEHORSE,-37.834682,145.17274,2022,6,June,10,Midday,Weekday
T20220012389,2022-06-01,11:54:00,1,Collision with vehicle,3,Wednesday,115,RIGHT/LEFT FAR (INTERSECTIONS ONLY),1,714101,T intersection,2,80,Local Road,SOUTH GIPPSLAND,DANDENONG,-38.034554,145.24507,2022,6,June,11,Midday,Weekday
T20220012390,2022-06-01,11:30:00,4,Collision with a fixed object,3,Wednesday,171,LEFT OFF CARRIAGEWAY INTO OBJECT/PARKED VEHICLE,1,61038,Multiple intersection,3,60,Arterial Other,CRAIGIEBURN,HUME,-37.598976,144.94173,2022,6,June,11,Midday,Weekday
T20220012396,2022-06-01,13:24:00,1,Collision with vehicle,3,Wednesday,160,VEHICLE COLLIDES WITH VEHICLE PARKED ON LEFT OF ROAD,1,774570,Not at intersection,3,70,Arterial Highway,BURWOOD,WHITEHORSE,-37.849792,145.11403,2022,6,June,13,Midday,Weekday
T20220012399,2022-06-01,13:50:00,1,Collision with vehicle,3,Wednesday,143,ENTERING PARKING,1,713908,Not at intersection,3,60,Arterial Other,WATTLETREE,STONNINGTON,-37.863438,145.03645,2022,6,June,13,Midday,Weekday
T20220012404,2022-06-01,15:30:00,4,Collision with a fixed object,3,Wednesday,181,OFF RIGHT BEND INTO OBJECT/PARKED VEHICLE,1,713955,Not at intersection,2,100,Freeway,CALDER,MOONEE VALLEY,-37.734074,144.89574,2022,6,June,15,Afternoon Peak,Weekday
T20220012405,2022-06-01,15:00:00,1,Collision with vehicle,3,Wednesday,140,U TURN,1,725022,Not at intersection,3,80,Local Road,COUANGALT,MACEDON RANGES,-37.54094,144.64081,2022,6,June,15,Afternoon Peak,Weekday
T20220012408,2022-06-01,13:41:00,4,Collision with a fixed object,3,Wednesday,171,LEFT OFF CARRIAGEWAY INTO OBJECT/PARKED VEHICLE,1,714433,Not at intersection,3,100,Arterial Highway,MELBA,MURRINDINDI,-37.47443,145.4195,2022,6,June,13,Midday,Weekday
T20220012411,2022-06-01,16:30:00,2,Struck Pedestrian,3,Wednesday,100,PED NEAR SIDE. PED HIT BY VEHICLE FROM THE RIGHT.,1,715098,T intersection,2,50,Local Road,SHEPHERD,WHITEHORSE,-37.831932,145.10483,2022,6,June,16,Afternoon Peak,Weekday
T20220012412,2022-06-01,16:13:00,1,Collision with vehicle,3,Wednesday,130,REAR END(VEHICLES IN SAME LANE),1,740268,Cross intersection,2,60,Arterial Highway,ALEXANDRA,YARRA,-37.79371,144.98506,2022,6,June,16,Afternoon Peak,Weekday
T20220012414,2022-06-01,17:45:00,1,Collision with vehicle,3,Wednesday,130,REAR END(VEHICLES IN SAME LANE),5,713813,Not at intersection,3,100,Freeway,GEELONG RING,GEELONG,-38.163696,144.29286,2022,6,June,17,Afternoon Peak,Weekday
T20220012415,2022-06-01,19:08:00,2,Struck Pedestrian,3,Wednesday,102,FAR SIDE. PED HIT BY VEHICLE FROM THE LEFT,3,718466,Not at intersection,2,50,Local Road,OVENS,WANGARATTA,-36.35794,146.3188,2022,6,June,19,Night,Weekday
T20220012418,2022-06-01,18:30:00,1,Collision with vehicle,3,Wednesday,130,REAR END(VEHICLES IN SAME LANE),6,737344,Not at intersection,3,100,Freeway,MONASH,CASEY,-37.99922,145.2849,2022,6,June,18,Afternoon Peak,Weekday
T20220012421,2022-06-01,19:00:00,1,Collision with vehicle,3,Wednesday,130,REAR END(VEHICLES IN SAME LANE),3,772606,Not at intersection,3,100,Freeway,MONASH,CASEY,-38.02283,145.31511,2022,6,June,19,Night,Weekday
T20220012423,2022-06-01,18:40:00,1,Collision with vehicle,3,Wednesday,140,U TURN,5,715331,Cross intersection,2,100,Arterial Other,BENALLA-YARRAWONGA,MOIRA,-36.069958,145.99545,2022,6,June,18,Afternoon Peak,Weekday
T20220012457,2022-06-02,09:40:00,1,Collision with vehicle,4,Thursday,113,RIGHT NEAR (INTERSECTIONS ONLY),1,703581,T intersection,1,80,Arterial Other,PAKENHAM,CARDINIA,-38.061844,145.47183,2022,6,June,9,Morning Peak,Weekday
T20220012525,2022-06-02,18:30:00,2,Struck Pedestrian,4,Thursday,102,FAR SIDE. PED HIT BY VEHICLE FROM THE LEFT,3,110829,Not at intersection,1,60,Arterial Other,MCINTYRE,BRIMBANK,-37.76929,144.83017,2022,6,June,18,Afternoon Peak,Weekday
T20220012551,2022-06-02,17:00:00,4,Collision with a fixed object,4,Thursday,173,RIGHT OFF CARRIAGEWAY INTO OBJECT/PARKED VEHICLE,1,714199,Not at intersection,2,80,Arterial Other,COOK,MORNINGTON PENINSULA,-38.47274,145.0076,2022,6,June,17,Afternoon Peak,Weekday
T20220018204,2022-06-02,21:00:00,1,Collision with vehicle,4,Thursday,110,CROSS TRAFFIC(INTERSECTIONS ONLY),6,683029,Cross intersection,3,50,Local Road,CRESTMONT,HUME,-37.573208,144.93317,2022,6,June,21,Night,Weekday
T20220012857,2022-06-02,08:10:00,1,Collision with vehicle,4,Thursday,120,HEAD ON (NOT OVERTAKING),1,724874,Not at intersection,3,40,Arterial Other,MIRBOO NORTH-TRAFALGAR,BAW BAW,-38.235096,146.1697,2022,6,June,8,Morning Peak,Weekday
T20220012473,2022-06-02,11:05:00,1,Collision with vehicle,4,Thursday,133,LANE SIDE SWIPE (VEHICLES IN PARALLEL LANES),1,714013,Not at intersection,3,80,Arterial Other,MOUNTAIN,KNOX,-37.8473,145.231,2022,6,June,11,Midday,Weekday
T20220012522,2022-06-02,13:00:00,6,Vehicle overturned (no collision),4,Thursday,172,OFF CARRIAGEWAY TO RIGHT,1,55963,Cross intersection,3,100,Arterial Other,GEELONG-BALLAN,GEELONG,-38.00654,144.28317,2022,6,June,13,Midday,Weekday
T20220012526,2022-06-02,19:50:00,1,Collision with vehicle,4,Thursday,160,VEHICLE COLLIDES WITH VEHICLE PARKED ON LEFT OF ROAD,3,721692,T intersection,2,50,Local Road,CAMPBELL,MOIRA,-35.920486,145.65985,2022,6,June,19,Night,Weekday
T20220014738,2022-06-02,15:29:00,4,Collision with a fixed object,4,Thursday,173,RIGHT OFF CARRIAGEWAY INTO OBJECT/PARKED VEHICLE,1,724870,Not at intersection,3,100,Freeway,PENINSULA LINK,FRANKSTON,-38.10815,145.16147,2022,6,June,15,Afternoon Peak,Weekday
T20220012456,2022-06-02,08:50:00,2,Struck Pedestrian,4,Thursday,102,FAR SIDE. PED HIT BY VEHICLE FROM THE LEFT,1,754878,Not at intersection,2,40,Local Road,GATEHOUSE,MELBOURNE,-37.79543,144.95265,2022,6,June,8,Morning Peak,Weekday
T20220012474,2022-06-02,12:45:00,1,Collision with vehicle,4,Thursday,121,RIGHT THROUGH,1,68810,T intersection,3,60,Local Road,SANDELLS,YARRA RANGES,-37.895863,145.35031,2022,6,June,12,Midday,Weekday
T20220012885,2022-06-02,06:45:00,1,Collision with vehicle,4,Thursday,130,REAR END(VEHICLES IN SAME LANE),2,778772,Not at intersection,3,60,Arterial Other,CANTERBURY,BOROONDARA,-37.82164,145.0606,2022,6,June,6,Morning Peak,Weekday
T20220012608,2022-06-02,19:30:00,1,Collision with vehicle,4,Thursday,130,REAR END(VEHICLES IN SAME LANE),3,715756,Not at intersection,2,50,Arterial Other,SHANNON,GEELONG,-38.130825,144.33827,2022,6,June,19,Night,Weekday
T20220012520,2022-06-02,19:44:00,4,Collision with a fixed object,4,Thursday,173,RIGHT OFF CARRIAGEWAY INTO OBJECT/PARKED VEHICLE,3,724869,Not at intersection,2,50,Local Road,WIDFORD,HUME,-37.68851,144.92635,2022,6,June,19,Night,Weekday
T20220012530,2022-06-02,22:00:00,1,Collision with vehicle,4,Thursday,121,RIGHT THROUGH,9,43141,T intersection,2,80,Arterial Highway,PRINCES,CASEY,-38.002747,145.24536,2022,6,June,22,Night,Weekday
T20220012516,2022-06-02,17:35:00,2,Struck Pedestrian,4,Thursday,100,PED NEAR SIDE. PED HIT BY VEHICLE FROM THE RIGHT.,3,169,Cross intersection,2,70,Arterial Highway,HODDLE,YARRA,-37.804993,144.99213,2022,6,June,17,Afternoon Peak,Weekday
T20220012513,2022-06-02,18:04:00,1,Collision with vehicle,4,Thursday,130,REAR END(VEHICLES IN SAME LANE),5,714626,Not at intersection,3,60,Arterial Other,SUNBURY-RIDDELLS CREEK,HUME,-37.56909,144.72092,2022,6,June,18,Afternoon Peak,Weekday
T20220012476,2022-06-02,12:00:00,4,Collision with a fixed object,4,Thursday,141,U TURN INTO FIXED OBJECT/PARKED VEHICLE,1,713911,Not at intersection,3,80,Arterial Other,PASCOE VALE,HUME,-37.645676,144.93,2022,6,June,12,Midday,Weekday
T20220012670,2022-06-02,08:30:00,1,Collision with vehicle,4,Thursday,116,LEFT NEAR (INTERSECTIONS ONLY),1,69512,T intersection,3,50,Local Road,BREWER,GLEN EIRA,-37.921757,145.03381,2022,6,June,8,Morning Peak,Weekday
T20220012965,2022-06-02,18:00:00,1,Collision with vehicle,4,Thursday,121,RIGHT THROUGH,3,45303,Cross intersection,2,60,Arterial Other,EPSOM ROAD -SCOTIA,MOONEE VALLEY,-37.77052,144.90521,2022,6,June,18,Afternoon Peak,Weekday
T20220012478,2022-06-02,08:00:00,1,Collision with vehicle,4,Thursday,130,REAR END(VEHICLES IN SAME LANE),1,713888,Not at intersection,1,80,Arterial Other,COBURG-CRAIGIEBURN,HUME,-37.612667,144.94664,2022,6,June,8,Morning Peak,Weekday
T20220012444,2022-06-02,02:13:00,1,Collision with vehicle,4,Thursday,130,REAR END(VEHICLES IN SAME LANE),3,774572,Not at intersection,2,100,Freeway,PRINCES,HOBSONS BAY,-37.85937,144.77783,2022,6,June,2,Late Night,Weekday
T20220012523,2022-06-02,11:15:00,1,Collision with vehicle,4,Thursday,133,LANE SIDE SWIPE (VEHICLES IN PARALLEL LANES),1,345441,T intersection,2,60,Arterial Highway,SOUTHGATE,MELBOURNE,-37.821777,144.96579,2022,6,June,11,Midday,Weekday
T20220012482,2022-06-02,12:43:00,4,Collision with a fixed object,4,Thursday,173,RIGHT OFF CARRIAGEWAY INTO OBJECT/PARKED VEHICLE,1,715332,Not at intersection,3,80,Freeway,PRINCES,WYNDHAM,-37.82878,144.8158,2022,6,June,12,Midday,Weekday
T20220012465,2022-06-02,09:17:00,1,Collision with vehicle,4,Thursday,110,CROSS TRAFFIC(INTERSECTIONS ONLY),1,45628,Cross intersection,2,40,Arterial Other,SYDNEY,MORELAND,-37.77156,144.96135,2022,6,June,9,Morning Peak,Weekday
T20220012460,2022-06-02,09:04:00,1,Collision with vehicle,4,Thursday,130,REAR END(VEHICLES IN SAME LANE),1,714728,Not at intersection,2,100,Freeway,WESTERN RING,BRIMBANK,-37.808662,144.80792,2022,6,June,9,Morning Peak,Weekday
T20220012484,2022-06-02,13:10:00,1,Collision with vehicle,4,Thursday,171,LEFT OFF CARRIAGEWAY INTO OBJECT/PARKED VEHICLE,1,714365,Not at intersection,2,50,Local Road,MARLOW,YARRA RANGES,-37.780933,145.31606,2022,6,June,13,Midday,Weekday
T20220013383,2022-06-02,11:10:00,1,Collision with vehicle,4,Thursday,111,RIGHT FAR (INTERSECTIONS ONLY),1,715105,Cross intersection,3,80,Arterial Highway,SOUTH GIPPSLAND,CASEY,-38.098003,145.283,2022,6,June,11,Midday,Weekday
T20220012448,2022-06-02,06:40:00,5,collision with some other object,4,Thursday,166,STRUCK OBJECT ON CARRIAGEWAY,5,724864,Not at intersection,2,100,Local Road,HAZELDEAN,BAW BAW,-38.244022,145.96939,2022,6,June,6,Morning Peak,Weekday
T20220013375,2022-06-02,10:47:00,1,Collision with vehicle,4,Thursday,110,CROSS TRAFFIC(INTERSECTIONS ONLY),1,71575,Cross intersection,3,60,Local Road,HARTNETT,FRANKSTON,-38.111664,145.14185,2022,6,June,10,Midday,Weekday
T20220012494,2022-06-02,14:44:00,2,Struck Pedestrian,4,Thursday,100,PED NEAR SIDE. PED HIT BY VEHICLE FROM THE RIGHT.,1,66231,T intersection,2,60,Arterial Other,AUBURN,BOROONDARA,-37.821934,145.04515,2022,6,June,14,Midday,Weekday
T20220012497,2022-06-02,12:42:00,1,Collision with vehicle,4,Thursday,160,VEHICLE COLLIDES WITH VEHICLE PARKED ON LEFT OF ROAD,1,715333,Not at intersection,2,50,Local Road,CHURCHILL,MARIBYRNONG,-37.785717,144.85649,2022,6,June,12,Midday,Weekday
T20220012498,2022-06-02,15:30:00,1,Collision with vehicle,4,Thursday,116,LEFT NEAR (INTERSECTIONS ONLY),1,72068,T intersection,2,70,Arterial Highway,LATROBE,GEELONG,-38.150627,144.35219,2022,6,June,15,Afternoon Peak,Weekday
T20220012524,2022-06-02,16:43:00,1,Collision with vehicle,4,Thursday,130,REAR END(VEHICLES IN SAME LANE),1,718173,T intersection,2,40,Arterial Highway,DANDENONG,STONNINGTON,-37.87536,145.04214,2022,6,June,16,Afternoon Peak,Weekday
T20220012501,2022-06-02,15:25:00,1,Collision with vehicle,4,Thursday,135,LANE CHANGE LEFT (NOT OVERTAKING),1,781959,Not at intersection,3,40,Local Road,CHAPEL,STONNINGTON,-37.848347,144.9939,2022,6,June,15,Afternoon Peak,Weekday
T20220012502,2022-06-02,14:31:00,1,Collision with vehicle,4,Thursday,130,REAR END(VEHICLES IN SAME LANE),1,728058,Not at intersection,2,60,Freeway,WESTERN RING IN-SUNSHINE,BRIMBANK,-37.751312,144.83298,2022,6,June,14,Midday,Weekday
T20220012505,2022-06-02,16:12:00,1,Collision with vehicle,4,Thursday,110,CROSS TRAFFIC(INTERSECTIONS ONLY),1,593299,Cross intersection,3,70,Arterial Highway,HAMILTON ROAD -HENTY,HORSHAM,-36.740883,142.2043,2022,6,June,16,Afternoon Peak,Weekday
T20220012506,2022-06-02,17:20:00,2,Struck Pedestrian,4,Thursday,102,FAR SIDE. PED HIT BY VEHICLE FROM THE LEFT,3,44870,Not at intersection,3,40,Local Road,ALBERT,LATROBE,-38.174526,146.25986,2022,6,June,17,Afternoon Peak,Weekday
T20220012509,2022-06-02,14:35:00,1,Collision with vehicle,4,Thursday,113,RIGHT NEAR (INTERSECTIONS ONLY),1,50171,T intersection,3,60,Local Road,KENSINGTON,GEELONG,-38.18099,144.46602,2022,6,June,14,Midday,Weekday
T20220012510,2022-06-02,17:50:00,1,Collision with vehicle,4,Thursday,130,REAR END(VEHICLES IN SAME LANE),3,778769,Not at intersection,3,100,Freeway,METROPOLITAN RING,WHITTLESEA,-37.686764,145.02748,2022,6,June,17,Afternoon Peak,Weekday
T20220012511,2022-06-02,17:55:00,1,Collision with vehicle,4,Thursday,147,VEHICLE STRIKES ANOTHER VEH WHILE EMERGING FROM DRIVEWAY,3,721690,Not at intersection,2,60,Arterial Other,HEATHERTON,DANDENONG,-37.964954,145.17279,2022,6,June,17,Afternoon Peak,Weekday
T20220012533,2022-06-02,21:55:00,4,Collision with a fixed object,4,Thursday,173,RIGHT OFF CARRIAGEWAY INTO OBJECT/PARKED VEHICLE,5,718174,Not at intersection,2,100,Local Road,SINGER,CAMPASPE,-36.2712,144.56732,2022,6,June,21,Night,Weekday
T20220012446,2022-06-02,02:50:00,1,Collision with vehicle,4,Thursday,130,REAR END(VEHICLES IN SAME LANE),3,774573,Not at intersection,3,60,Arterial Other,SYDNEY,HUME,-37.68978,144.95802,2022,6,June,2,Late Night,Weekday
T20220013346,2022-06-02,07:20:00,4,Collision with a fixed object,4,Thursday,173,RIGHT OFF CARRIAGEWAY INTO OBJECT/PARKED VEHICLE,1,781957,Not at intersection,3,100,Arterial Other,BALLARAT-DAYLESFORD,MOORABOOL,-37.494453,143.97388,2022,6,June,7,Morning Peak,Weekday
T20220012517,2022-06-02,17:52:00,1,Collision with vehicle,4,Thursday,130,REAR END(VEHICLES IN SAME LANE),3,714316,Not at intersection,3,60,Local Road,BIRMINGHAM,YARRA RANGES,-37.780025,145.36429,2022,6,June,17,Afternoon Peak,Weekday
T20220014004,2022-06-02,09:30:00,2,Struck Pedestrian,4,Thursday,100,PED NEAR SIDE. PED HIT BY VEHICLE FROM THE RIGHT.,1,724872,Not at intersection,3,50,Arterial Other,CENTRE,GLEN EIRA,-37.91725,145.0286,2022,6,June,9,Morning Peak,Weekday
T20220012920,2022-06-03,16:20:00,1,Collision with vehicle,5,Friday,116,LEFT NEAR (INTERSECTIONS ONLY),1,723968,T intersection,3,50,Local Road,SANDERS,FRANKSTON,-38.171703,145.13417,2022,6,June,16,Afternoon Peak,Weekday
T20220012641,2022-06-03,15:20:00,6,Vehicle overturned (no collision),5,Friday,174,OUT OF CONTROL ON CARRIAGEWAY (ON STRAIGHT),1,52086,Cross intersection,3,40,Arterial Other,PRINCES,BAW BAW,-38.13546,145.85577,2022,6,June,15,Afternoon Peak,Weekday
T20220012561,2022-06-03,11:06:00,1,Collision with vehicle,5,Friday,130,REAR END(VEHICLES IN SAME LANE),1,40093,Cross intersection,3,60,Arterial Other,UNION,PORT PHILLIP,-37.853268,144.98175,2022,6,June,11,Midday,Weekday
T20220012562,2022-06-03,09:20:00,4,Collision with a fixed object,5,Friday,181,OFF RIGHT BEND INTO OBJECT/PARKED VEHICLE,1,754793,Not at intersection,2,100,Arterial Other,SEA LAKE-SWAN HILL,BULOKE,-35.476665,142.996,2022,6,June,9,Morning Peak,Weekday
T20220012568,2022-06-03,07:18:00,4,Collision with a fixed object,5,Friday,181,OFF RIGHT BEND INTO OBJECT/PARKED VEHICLE,1,725258,Not at intersection,2,50,Local Road,HENKEL,MORELAND,-37.765152,144.9545,2022,6,June,7,Morning Peak,Weekday
T20220012952,2022-06-03,16:30:00,2,Struck Pedestrian,5,Friday,106,VEH STRIKES PED ON FOOTPATH/MEDIAN/TRAFFIC ISLAND.,2,724875,Not at intersection,3,50,Local Road,SALMON,MORNINGTON PENINSULA,-38.310467,145.19354,2022,6,June,16,Afternoon Peak,Weekday
T20220012540,2022-06-03,01:49:00,1,Collision with vehicle,5,Friday,110,CROSS TRAFFIC(INTERSECTIONS ONLY),3,723819,Cross intersection,2,80,Arterial Other,DANDENONG-HASTINGS ROAD -THOMPSONS,DANDENONG,-38.077637,145.2392,2022,6,June,1,Late Night,Weekday
T20220012689,2022-06-03,15:50:00,1,Collision with vehicle,5,Friday,121,RIGHT THROUGH,1,779384,T intersection,3,100,Local Road,LEONGATHA NORTH,SOUTH GIPPSLAND,-38.42837,145.97182,2022,6,June,15,Afternoon Peak,Weekday
T20220012695,2022-06-03,22:41:00,4,Collision with a fixed object,5,Friday,183,OFF LEFT BEND INTO OBJECT/PARKED VEHICLE,6,754859,Y intersection,2,50,Arterial Other,MAIN ROAD -UPPER GOULBURN,MITCHELL,-37.092045,145.10486,2022,6,June,22,Night,Weekday
T20220012570,2022-06-03,12:15:00,1,Collision with vehicle,5,Friday,130,REAR END(VEHICLES IN SAME LANE),1,778773,Not at intersection,3,60,Local Road,MORRIS,WYNDHAM,-37.85843,144.7049,2022,6,June,12,Midday,Weekday
T20220012571,2022-06-03,11:49:00,1,Collision with vehicle,5,Friday,130,REAR END(VEHICLES IN SAME LANE),1,289107,Multiple intersection,3,80,Freeway,LEAKES,MELTON,-37.725754,144.65128,2022,6,June,11,Midday,Weekday
T20220012573,2022-06-03,13:45:00,1,Collision with vehicle,5,Friday,113,RIGHT NEAR (INTERSECTIONS ONLY),1,57665,Cross intersection,3,50,Local Road,ROOSEVELT,LATROBE,-38.194225,146.52557,2022,6,June,13,Midday,Weekday
T20220012574,2022-06-03,14:28:00,1,Collision with vehicle,5,Friday,113,RIGHT NEAR (INTERSECTIONS ONLY),1,52389,T intersection,3,60,Local Road,HOWITT,LATROBE,-38.198017,146.5427,2022,6,June,14,Midday,Weekday
T20220012829,2022-06-03,21:30:00,1,Collision with vehicle,5,Friday,130,REAR END(VEHICLES IN SAME LANE),3,774658,T intersection,3,60,Arterial Other,ANDERSON,BRIMBANK,-37.78529,144.82735,2022,6,June,21,Night,Weekday
T20220012783,2022-06-03,09:30:00,8,No collision and no object struck,5,Friday,182,OFF CARRIAGEWAY ON LEFT BEND,1,718478,Not at intersection,3,60,Local Road,BONA VISTA,BAW BAW,-38.185223,145.93843,2022,6,June,9,Morning Peak,Weekday
T20220012773,2022-06-03,15:30:00,5,collision with some other object,5,Friday,166,STRUCK OBJECT ON CARRIAGEWAY,1,714319,Not at intersection,3,40,Local Road,CATO,BOROONDARA,-37.84359,145.04128,2022,6,June,15,Afternoon Peak,Weekday
T20220012584,2022-06-03,14:35:00,1,Collision with vehicle,5,Friday,110,CROSS TRAFFIC(INTERSECTIONS ONLY),1,719389,Cross intersection,2,60,Arterial Highway,KINGS,PORT PHILLIP,-37.83522,144.9711,2022,6,June,14,Midday,Weekday
T20220012609,2022-06-03,18:40:00,1,Collision with vehicle,5,Friday,113,RIGHT NEAR (INTERSECTIONS ONLY),3,254762,T intersection,2,100,Arterial Highway,PRINCES,COLAC OTWAY,-38.2886,143.8393,2022,6,June,18,Afternoon Peak,Weekday
T20220012586,2022-06-03,12:36:00,1,Collision with vehicle,5,Friday,140,U TURN,1,272028,T intersection,2,60,Local Road,CHAMPION,HOBSONS BAY,-37.84992,144.87598,2022,6,June,12,Midday,Weekday
T20220012587,2022-06-03,16:10:00,1,Collision with vehicle,5,Friday,160,VEHICLE COLLIDES WITH VEHICLE PARKED ON LEFT OF ROAD,1,785535,Not at intersection,2,60,Arterial Other,MAIN,BRIMBANK,-37.747032,144.8233,2022,6,June,16,Afternoon Peak,Weekday
T20220012589,2022-06-03,17:35:00,1,Collision with vehicle,5,Friday,110,CROSS TRAFFIC(INTERSECTIONS ONLY),3,358872,Cross intersection,2,60,Local Road,OSBURN,WODONGA,-36.11948,146.8963,2022,6,June,17,Afternoon Peak,Weekday
T20220012531,2022-06-03,00:06:00,4,Collision with a fixed object,5,Friday,171,LEFT OFF CARRIAGEWAY INTO OBJECT/PARKED VEHICLE,3,718471,Not at intersection,2,60,Arterial Other,RYRIE,GEELONG,-38.156376,144.38536,2022,6,June,0,Late Night,Weekday
T20220012548,2022-06-03,07:00:00,5,collision with some other object,5,Friday,166,STRUCK OBJECT ON CARRIAGEWAY,5,714017,Not at intersection,3,100,Arterial Highway,PRINCES,MOYNE,-38.299896,142.02681,2022,6,June,7,Morning Peak,Weekday
T20220012897,2022-06-03,06:00:00,9,Other accident,5,Friday,109,ANY MANOEUVRE INVOLVING PED NOT INCLUDED IN DCAs 100-108.,9,719122,Not at intersection,2,50,Local Road,MARYVALE,LATROBE,-38.219585,146.41656,2022,6,June,6,Morning Peak,Weekday
T20220012595,2022-06-03,18:15:00,2,Struck Pedestrian,5,Friday,106,VEH STRIKES PED ON FOOTPATH/MEDIAN/TRAFFIC ISLAND.,3,36966,Cross intersection,3,40,Local Road,EXHIBITION,MELBOURNE,-37.810127,144.96965,2022,6,June,18,Afternoon Peak,Weekday
T20220012597,2022-06-03,14:30:00,4,Collision with a fixed object,5,Friday,173,RIGHT OFF CARRIAGEWAY INTO OBJECT/PARKED VEHICLE,1,785536,Not at intersection,2,100,Freeway,GEELONG RING,GEELONG,-38.077854,144.33382,2022,6,June,14,Midday,Weekday
T20220012602,2022-06-03,18:08:00,1,Collision with vehicle,5,Friday,130,REAR END(VEHICLES IN SAME LANE),5,191588,Not at intersection,3,80,Freeway,MONASH,MONASH,-37.917004,145.17041,2022,6,June,18,Afternoon Peak,Weekday
T20220012605,2022-06-03,19:55:00,1,Collision with vehicle,5,Friday,147,VEHICLE STRIKES ANOTHER VEH WHILE EMERGING FROM DRIVEWAY,3,725261,Not at intersection,3,60,Arterial Highway,WARRIGAL,KINGSTON,-37.963272,145.07492,2022,6,June,19,Night,Weekday
T20220012537,2022-06-03,00:27:00,1,Collision with vehicle,5,Friday,160,VEHICLE COLLIDES WITH VEHICLE PARKED ON LEFT OF ROAD,3,725230,Not at intersection,3,50,Local Road,BYRON,SOUTHERN GRAMPIANS,-37.738976,142.0162,2022,6,June,0,Late Night,Weekday
T20220012610,2022-06-03,21:14:00,1,Collision with vehicle,5,Friday,130,REAR END(VEHICLES IN SAME LANE),3,725262,Not at intersection,2,80,Arterial Highway,DANDENONG,MONASH,-37.922234,145.13947,2022,6,June,21,Night,Weekday
T20220012611,2022-06-03,17:40:00,1,Collision with vehicle,5,Friday,130,REAR END(VEHICLES IN SAME LANE),3,714435,Not at intersection,2,80,Arterial Other,WESTALL,DANDENONG,-37.956135,145.13753,2022,6,June,17,Afternoon Peak,Weekday
T20220012613,2022-06-03,14:45:00,1,Collision with vehicle,5,Friday,121,RIGHT THROUGH,1,237030,T intersection,1,80,Arterial Other,PLENTY,WHITTLESEA,-37.646152,145.094,2022,6,June,14,Midday,Weekday
T20220012559,2022-06-03,10:54:00,1,Collision with vehicle,5,Friday,140,U TURN,1,725240,Not at intersection,3,40,Local Road,ABECKETT,MELBOURNE,-37.810627,144.9561,2022,6,June,10,Midday,Weekday
T20220012560,2022-06-03,09:05:00,1,Collision with vehicle,5,Friday,130,REAR END(VEHICLES IN SAME LANE),1,40511,T intersection,2,60,Arterial Other,JOHNSTONE,HUME,-37.681183,144.90497,2022,6,June,9,Morning Peak,Weekday
T20220012690,2022-06-04,19:03:00,1,Collision with vehicle,6,Saturday,130,REAR END(VEHICLES IN SAME LANE),3,718476,Cross intersection,2,80,Freeway,CITYLINK,MORELAND,-37.752697,144.93613,2022,6,June,19,Night,Weekend
T20220012694,2022-06-04,19:36:00,2,Struck Pedestrian,6,Saturday,100,PED NEAR SIDE. PED HIT BY VEHICLE FROM THE RIGHT.,3,350726,Cross intersection,2,70,Arterial Other,MICKLEHAM,HUME,-37.684418,144.8831,2022,6,June,19,Night,Weekend
T20220012630,2022-06-04,10:46:00,1,Collision with vehicle,6,Saturday,134,LANE CHANGE RIGHT (NOT OVERTAKING),1,714107,Not at intersection,2,60,Arterial Other,BARRY,HUME,-37.666607,144.94829,2022,6,June,10,Midday,Weekend
T20220012631,2022-06-04,11:30:00,1,Collision with vehicle,6,Saturday,137,LEFT TURN SIDESWIPE,1,697067,Cross intersection,2,60,Arterial Other,STATION,DAREBIN,-37.783306,145.01741,2022,6,June,11,Midday,Weekend