ACCIDENT_NO,ACCIDENT_DATE,ACCIDENT_TIME,ACCIDENT_TYPE,ACCIDENT_TYPE_DESC,DAY_OF_WEEK,DAY_WEEK_DESC,DCA_CODE,DCA_DESC,LIGHT_CONDITION,NODE_ID,ROAD_GEOMETRY_DESC,SEVERITY,SPEED_ZONE,RMA,ROAD_NAME,LGA_NAME,LATITUDE,LONGITUDE,YEAR,MONTH,MONTH_NAME,HOUR,TIME_PERIOD,DAY_TYPE
T20220012634,2022-06-04,09:15:00,1,Collision with vehicle,6,Saturday,110,CROSS TRAFFIC(INTERSECTIONS ONLY),1,42352,Cross intersection,3,50,Arterial Other,CLARINDA,KINGSTON,-37.94067,145.09793,2022,6,June,9,Morning Peak,Weekend
T20220014526,2022-06-04,14:00:00,8,No collision and no object struck,6,Saturday,172,OFF CARRIAGEWAY TO RIGHT,1,781967,Not at intersection,3,50,Arterial Other,WILLIAMS,BASS COAST,-38.62816,145.73076,2022,6,June,14,Midday,Weekend
T20220012635,2022-06-04,11:20:00,1,Collision with vehicle,6,Saturday,121,RIGHT THROUGH,1,45873,Cross intersection,3,50,Arterial Other,ST GEORGES,YARRA,-37.785667,144.98181,2022,6,June,11,Midday,Weekend
T20220013460,2022-06-04,23:20:00,1,Collision with vehicle,6,Saturday,110,CROSS TRAFFIC(INTERSECTIONS ONLY),3,324029,Cross intersection,3,80,Arterial Other,BERWICK-CRANBOURNE,CASEY,-38.117744,145.31926,2022,6,June,23,Night,Weekend
T20220014792,2022-06-04,19:41:00,1,Collision with vehicle,6,Saturday,121,RIGHT THROUGH,3,33233,Cross intersection,3,70,Arterial Other,NARRE WARREN,CASEY,-38.09299,145.29378,2022,6,June,19,Night,Weekend
T20220013326,2022-06-04,14:30:00,1,Collision with vehicle,6,Saturday,120,HEAD ON (NOT OVERTAKING),1,727373,Not at intersection,3,60,Local Road,SHANAHANS,WYNDHAM,-37.803833,144.62173,2022,6,June,14,Midday,Weekend
T20220012646,2022-06-04,07:00:00,1,Collision with vehicle,6,Saturday,160,VEHICLE COLLIDES WITH VEHICLE PARKED ON LEFT OF ROAD,2,714200,T intersection,3,50,Local Road,HONOUR,WYNDHAM,-37.898224,144.62762,2022,6,June,7,Morning Peak,Weekend
T20220013655,2022-06-04,11:23:00,1,Collision with vehicle,6,Saturday,113,RIGHT NEAR (INTERSECTIONS ONLY),9,291065,Multiple intersection,3,80,Freeway,MONASH OUT-STUD,DANDENONG,-37.957676,145.2258,2022,6,June,11,Midday,Weekend
T20220012647,2022-06-04,01:10:00,2,Struck Pedestrian,6,Saturday,100,PED NEAR SIDE. PED HIT BY VEHICLE FROM THE RIGHT.,9,32014,Cross intersection,3,80,Arterial Highway,BURWOOD,WHITEHORSE,-37.85212,145.13235,2022,6,June,1,Late Night,Weekend
T20220012798,2022-06-04,12:30:00,1,Collision with vehicle,6,Saturday,130,REAR END(VEHICLES IN SAME LANE),1,727124,T intersection,3,60,Arterial Highway,BELL,DAREBIN,-37.7428,144.97986,2022,6,June,12,Midday,Weekend
T20220012804,2022-06-04,13:15:00,2,Struck Pedestrian,6,Saturday,100,PED NEAR SIDE. PED HIT BY VEHICLE FROM THE RIGHT.,1,735561,Cross intersection,2,50,Arterial Other,STATION,WHITEHORSE,-37.801693,145.12688,2022,6,June,13,Midday,Weekend
T20220012659,2022-06-04,13:49:00,1,Collision with vehicle,6,Saturday,130,REAR END(VEHICLES IN SAME LANE),1,290290,T intersection,3,80,Arterial Other,TRENTHAM SCENIC RESERVE,HEPBURN,-37.374744,144.32512,2022,6,June,13,Midday,Weekend
T20220012618,2022-06-04,04:40:00,1,Collision with vehicle,6,Saturday,130,REAR END(VEHICLES IN SAME LANE),3,61064,Cross intersection,3,60,Arterial Other,MICKLEHAM,HUME,-37.60524,144.88339,2022,6,June,4,Late Night,Weekend
T20220012664,2022-06-04,13:12:00,1,Collision with vehicle,6,Saturday,130,REAR END(VEHICLES IN SAME LANE),1,772515,Not at intersection,3,60,Arterial Other,DOHERTYS,HOBSONS BAY,-37.831394,144.82507,2022,6,June,13,Midday,Weekend
T20220012669,2022-06-04,15:20:00,1,Collision with vehicle,6,Saturday,130,REAR END(VEHICLES IN SAME LANE),1,714201,Not at intersection,2,80,Freeway,MONASH,STONNINGTON,-37.879276,145.08469,2022,6,June,15,Afternoon Peak,Weekend
T20230010940,2022-06-04,16:32:00,1,Collision with vehicle,6,Saturday,110,CROSS TRAFFIC(INTERSECTIONS ONLY),1,46937,Cross intersection,3,50,Local Road,BOURKE,MANNINGHAM,-37.76488,145.09102,2022,6,June,16,Afternoon Peak,Weekend
T20220012621,2022-06-04,06:42:00,1,Collision with vehicle,6,Saturday,121,RIGHT THROUGH,2,264696,T intersection,2,70,Arterial Other,CAMP,HUME,-37.688362,144.94617,2022,6,June,6,Morning Peak,Weekend
T20220012673,2022-06-04,17:39:00,2,Struck Pedestrian,6,Saturday,102,FAR SIDE. PED HIT BY VEHICLE FROM THE LEFT,2,42018,Cross intersection,2,50,Local Road,NEW,BAYSIDE,-37.92501,144.99466,2022,6,June,17,Afternoon Peak,Weekend
T20220014432,2022-06-04,17:23:00,1,Collision with vehicle,6,Saturday,134,LANE CHANGE RIGHT (NOT OVERTAKING),2,718233,Not at intersection,3,80,Arterial Other,MELTON,BRIMBANK,-37.700825,144.79771,2022,6,June,17,Afternoon Peak,Weekend
T20220012754,2022-06-04,12:45:00,1,Collision with vehicle,6,Saturday,130,REAR END(VEHICLES IN SAME LANE),1,714824,Not at intersection,3,40,Arterial Other,BALLARAT,MARIBYRNONG,-37.77909,144.848,2022,6,June,12,Midday,Weekend
T20220012675,2022-06-04,18:00:00,2,Struck Pedestrian,6,Saturday,100,PED NEAR SIDE. PED HIT BY VEHICLE FROM THE RIGHT.,3,725264,Not at intersection,3,50,Local Road,WELLINGTON,YARRA,-37.805477,144.98627,2022,6,June,18,Afternoon Peak,Weekend
T20220012677,2022-06-04,18:40:00,1,Collision with vehicle,6,Saturday,121,RIGHT THROUGH,3,327940,Cross intersection,2,60,Arterial Other,HALLAM,CASEY,-38.031315,145.2683,2022,6,June,18,Afternoon Peak,Weekend
T20220012678,2022-06-04,08:00:00,1,Collision with vehicle,6,Saturday,130,REAR END(VEHICLES IN SAME LANE),1,725263,Cross intersection,3,60,Arterial Other,HULL,MAROONDAH,-37.797146,145.29045,2022,6,June,8,Morning Peak,Weekend
T20220012681,2022-06-04,17:45:00,4,Collision with a fixed object,6,Saturday,173,RIGHT OFF CARRIAGEWAY INTO OBJECT/PARKED VEHICLE,3,718177,Not at intersection,3,50,Local Road,PEPPERMINT,CASEY,-37.99162,145.23178,2022,6,June,17,Afternoon Peak,Weekend
T20220012682,2022-06-04,16:00:00,1,Collision with vehicle,6,Saturday,111,RIGHT FAR (INTERSECTIONS ONLY),1,714203,T intersection,3,80,Arterial Other,MONBULK,YARRA RANGES,-37.832417,145.42938,2022,6,June,16,Afternoon Peak,Weekend
T20220012684,2022-06-04,19:15:00,1,Collision with vehicle,6,Saturday,113,RIGHT NEAR (INTERSECTIONS ONLY),3,727315,Cross intersection,3,60,Local Road,GREENS,WYNDHAM,-37.886574,144.60663,2022,6,June,19,Night,Weekend
T20220012687,2022-06-04,15:19:00,1,Collision with vehicle,6,Saturday,160,VEHICLE COLLIDES WITH VEHICLE PARKED ON LEFT OF ROAD,1,780109,Not at intersection,3,50,Local Road,NARCISSUS,KNOX,-37.86743,145.27902,2022,6,June,15,Afternoon Peak,Weekend
T20220013046,2022-06-04,18:00:00,2,Struck Pedestrian,6,Saturday,100,PED NEAR SIDE. PED HIT BY VEHICLE FROM THE RIGHT.,4,781968,Not at intersection,3,40,Arterial Other,CRAIGIEBURN,HUME,-37.598278,144.93513,2022,6,June,18,Afternoon Peak,Weekend
T20220012688,2022-06-04,20:59:00,4,Collision with a fixed object,6,Saturday,173,RIGHT OFF CARRIAGEWAY INTO OBJECT/PARKED VEHICLE,3,727316,Not at intersection,2,80,Arterial Highway,NEPEAN,KINGSTON,-37.94818,145.04533,2022,6,June,20,Night,Weekend
T20220012623,2022-06-04,08:00:00,2,Struck Pedestrian,6,Saturday,100,PED NEAR SIDE. PED HIT BY VEHICLE FROM THE RIGHT.,1,714106,Not at intersection,3,50,Local Road,AMIS,MOONEE VALLEY,-37.74845,144.86137,2022,6,June,8,Morning Peak,Weekend
T20220012636,2022-06-04,09:00:00,8,No collision and no object struck,6,Saturday,184,OUT OF CONTROL ON CARRIAGEWAY (ON BEND),1,714822,Not at intersection,3,100,Local Road,DRY CREEK HILL,MURRINDINDI,-37.318813,145.9079,2022,6,June,9,Morning Peak,Weekend
T20220012709,2022-06-05,01:18:00,1,Collision with vehicle,7,Sunday,110,CROSS TRAFFIC(INTERSECTIONS ONLY),5,714243,Cross intersection,1,80,Local Road,HALLYBURTONS,CORANGAMITE,-38.318985,143.06422,2022,6,June,1,Late Night,Weekend
T20220012710,2022-06-05,02:35:00,1,Collision with vehicle,7,Sunday,121,RIGHT THROUGH,3,588669,T intersection,3,80,Arterial Other,SHARPS,BRIMBANK,-37.707245,144.8859,2022,6,June,2,Late Night,Weekend
T20220012714,2022-06-05,06:20:00,1,Collision with vehicle,7,Sunday,130,REAR END(VEHICLES IN SAME LANE),2,46871,T intersection,3,60,Freeway,BURKE-EASTERN IN,BOROONDARA,-37.785336,145.06352,2022,6,June,6,Morning Peak,Weekend
T20220012719,2022-06-05,06:50:00,4,Collision with a fixed object,7,Sunday,179,OTHER ACCIDENTS-OFF STRAIGHT NOT INCLUDED IN DCAs 170-175,2,774655,Not at intersection,2,100,Arterial Other,TYLDEN-WOODEND,MACEDON RANGES,-37.340782,144.49414,2022,6,June,6,Morning Peak,Weekend
T20220012720,2022-06-05,07:40:00,4,Collision with a fixed object,7,Sunday,171,LEFT OFF CARRIAGEWAY INTO OBJECT/PARKED VEHICLE,1,714204,Not at intersection,3,60,Arterial Highway,WARRIGAL,BOROONDARA,-37.85954,145.094,2022,6,June,7,Morning Peak,Weekend
T20220012722,2022-06-05,09:15:00,4,Collision with a fixed object,7,Sunday,171,LEFT OFF CARRIAGEWAY INTO OBJECT/PARKED VEHICLE,1,781971,Not at intersection,3,60,Arterial Highway,EAGLEHAWK,BENDIGO,-36.734642,144.25793,2022,6,June,9,Morning Peak,Weekend
T20220012726,2022-06-05,10:48:00,1,Collision with vehicle,7,Sunday,130,REAR END(VEHICLES IN SAME LANE),1,54902,Y intersection,3,80,Freeway,CALDER,BRIMBANK,-37.706783,144.81834,2022,6,June,10,Midday,Weekend
T20220012730,2022-06-05,09:55:00,4,Collision with a fixed object,7,Sunday,183,OFF LEFT BEND INTO OBJECT/PARKED VEHICLE,1,725553,Not at intersection,2,70,Local Road,OLD VINEYARD,HUME,-37.609077,144.7119,2022,6,June,9,Morning Peak,Weekend
T20220012733,2022-06-05,12:35:00,1,Collision with vehicle,7,Sunday,169,OTHER ON PATH,1,774656,Not at intersection,3,50,Local Road,BOTANIC,WARRNAMBOOL,-38.37349,142.4904,2022,6,June,12,Midday,Weekend
T20220012736,2022-06-05,12:00:00,1,Collision with vehicle,7,Sunday,120,HEAD ON (NOT OVERTAKING),1,784860,Not at intersection,3,60,Local Road,COORA,MONASH,-37.915527,145.10542,2022,6,June,12,Midday,Weekend
T20220012738,2022-06-05,14:40:00,6,Vehicle overturned (no collision),7,Sunday,172,OFF CARRIAGEWAY TO RIGHT,1,725555,Not at intersection,2,100,Local Road,BANYENA-PIMPINIO,YARRIAMBIACK,-36.53801,142.6008,2022,6,June,14,Midday,Weekend
T20220012739,2022-06-05,15:14:00,1,Collision with vehicle,7,Sunday,110,CROSS TRAFFIC(INTERSECTIONS ONLY),1,321164,Cross intersection,2,60,Arterial Other,WILLIS,GEELONG,-38.118885,144.65598,2022,6,June,15,Afternoon Peak,Weekend
T20220012742,2022-06-05,16:23:00,1,Collision with vehicle,7,Sunday,110,CROSS TRAFFIC(INTERSECTIONS ONLY),2,243224,Cross intersection,3,80,Local Road,RING,BALLARAT,-37.53989,143.80081,2022,6,June,16,Afternoon Peak,Weekend
T20220012744,2022-06-05,16:28:00,1,Collision with vehicle,7,Sunday,113,RIGHT NEAR (INTERSECTIONS ONLY),1,47754,T intersection,3,50,Local Road,BEAUMARIS,BAYSIDE,-37.948086,145.0363,2022,6,June,16,Afternoon Peak,Weekend
T20220012749,2022-06-05,14:25:00,2,Struck Pedestrian,7,Sunday,100,PED NEAR SIDE. PED HIT BY VEHICLE FROM THE RIGHT.,1,29822,Cross intersection,3,60,Arterial Other,HAMPSTEAD ROAD -MITCHELL,MARIBYRNONG,-37.781754,144.87039,2022,6,June,14,Midday,Weekend
T20220012750,2022-06-05,19:19:00,1,Collision with vehicle,7,Sunday,110,CROSS TRAFFIC(INTERSECTIONS ONLY),3,222154,Cross intersection,3,50,Local Road,MALAHIDE,BALLARAT,-37.503143,143.80936,2022,6,June,19,Night,Weekend
T20220012752,2022-06-05,19:20:00,1,Collision with vehicle,7,Sunday,110,CROSS TRAFFIC(INTERSECTIONS ONLY),3,714542,Cross intersection,3,60,Arterial Other,BAXTER-TOORADIN,MORNINGTON PENINSULA,-38.195805,145.1608,2022,6,June,19,Night,Weekend
T20220012753,2022-06-05,19:06:00,4,Collision with a fixed object,7,Sunday,171,LEFT OFF CARRIAGEWAY INTO OBJECT/PARKED VEHICLE,5,781970,Not at intersection,3,80,Arterial Other,KELLETTS,KNOX,-37.924385,145.28516,2022,6,June,19,Night,Weekend
T20220012909,2022-06-05,09:20:00,1,Collision with vehicle,7,Sunday,140,U TURN,1,714734,T intersection,3,60,Arterial Highway,NORTH,MONASH,-37.91073,145.09567,2022,6,June,9,Morning Peak,Weekend
T20220012962,2022-06-05,07:20:00,1,Collision with vehicle,7,Sunday,148,VEHICLE OFF FOOTPATH STRIKES VEH ON CARRIAGEWAY,1,715335,Cross intersection,3,50,Local Road,GADD,DAREBIN,-37.762802,144.99258,2022,6,June,7,Morning Peak,Weekend
T20220013556,2022-06-05,12:46:00,1,Collision with vehicle,7,Sunday,121,RIGHT THROUGH,1,718497,Multiple intersection,2,80,Arterial Other,CANTERBURY,MAROONDAH,-37.832542,145.21815,2022,6,June,12,Midday,Weekend
T20220012699,2022-06-05,00:45:00,4,Collision with a fixed object,7,Sunday,164,PERMANENT OBSTRUCTION ON CARRIAGEWAY,3,80603,Not at intersection,3,60,Arterial Other,COMMERCIAL,MELBOURNE,-37.845444,144.98317,2022,6,June,0,Late Night,Weekend
T20220012701,2022-06-05,02:00:00,4,Collision with a fixed object,7,Sunday,171,LEFT OFF CARRIAGEWAY INTO OBJECT/PARKED VEHICLE,5,735059,Not at intersection,2,80,Local Road,OLD YEO,COLAC OTWAY,-38.38617,143.63496,2022,6,June,2,Late Night,Weekend
T20220012702,2022-06-05,03:30:00,1,Collision with vehicle,7,Sunday,130,REAR END(VEHICLES IN SAME LANE),3,724747,T intersection,3,40,Arterial Other,JOHNSTON,YARRA,-37.798504,144.98003,2022,6,June,3,Late Night,Weekend
T20220012706,2022-06-05,03:30:00,4,Collision with a fixed object,7,Sunday,171,LEFT OFF CARRIAGEWAY INTO OBJECT/PARKED VEHICLE,3,51922,Cross intersection,3,80,Arterial Other,STRATHFIELDSAYE,BENDIGO,-36.801003,144.34627,2022,6,June,3,Late Night,Weekend
T20220012907,2022-06-06,17:10:00,1,Collision with vehicle,1,Monday,110,CROSS TRAFFIC(INTERSECTIONS ONLY),2,714544,Cross intersection,3,100,Arterial Other,SEA LAKE-SWAN HILL,SWAN HILL,-35.345623,143.52383,2022,6,June,17,Afternoon Peak,Weekday
T20220012827,2022-06-06,19:20:00,1,Collision with vehicle,1,Monday,110,CROSS TRAFFIC(INTERSECTIONS ONLY),3,36808,Cross intersection,2,60,Arterial Other,DUDLEY,MELBOURNE,-37.810955,144.94783,2022,6,June,19,Night,Weekday
T20220012828,2022-06-06,20:15:00,1,Collision with vehicle,1,Monday,110,CROSS TRAFFIC(INTERSECTIONS ONLY),3,52882,Cross intersection,3,60,Local Road,DANA,BALLARAT,-37.56313,143.84856,2022,6,June,20,Night,Weekday
T20220012937,2022-06-06,05:25:00,1,Collision with vehicle,1,Monday,110,CROSS TRAFFIC(INTERSECTIONS ONLY),3,50451,Cross intersection,3,60,Arterial Other,BILLSON STREET -GRAHAM,BASS COAST,-38.606316,145.58858,2022,6,June,5,Morning Peak,Weekday
T20220015158,2022-06-06,05:50:00,1,Collision with vehicle,1,Monday,116,LEFT NEAR (INTERSECTIONS ONLY),6,82,T intersection,3,80,Arterial Highway,FRANKSTON-DANDENONG,DANDENONG,-38.03464,145.21136,2022,6,June,5,Morning Peak,Weekday
T20220012831,2022-06-06,20:30:00,1,Collision with vehicle,1,Monday,130,REAR END(VEHICLES IN SAME LANE),3,774659,Not at intersection,3,60,Arterial Other,BREAKWATER,GEELONG,-38.179497,144.363,2022,6,June,20,Night,Weekday
T20220012834,2022-06-06,17:20:00,4,Collision with a fixed object,1,Monday,171,LEFT OFF CARRIAGEWAY INTO OBJECT/PARKED VEHICLE,2,715120,Not at intersection,2,100,Arterial Highway,WESTERN,HORSHAM,-36.77494,142.27536,2022,6,June,17,Afternoon Peak,Weekday
T20220012836,2022-06-06,14:25:00,1,Collision with vehicle,1,Monday,110,CROSS TRAFFIC(INTERSECTIONS ONLY),1,58110,Cross intersection,3,50,Local Road,EIGHTH,MILDURA,-34.180897,142.15765,2022,6,June,14,Midday,Weekday
T20220012837,2022-06-06,18:00:00,1,Collision with vehicle,1,Monday,121,RIGHT THROUGH,2,221377,Cross intersection,2,80,Arterial Other,HUME,HUME,-37.621983,144.94809,2022,6,June,18,Afternoon Peak,Weekday
T20220012841,2022-06-06,16:08:00,1,Collision with vehicle,1,Monday,147,VEHICLE STRIKES ANOTHER VEH WHILE EMERGING FROM DRIVEWAY,1,725684,Not at intersection,3,60,Local Road,SHERBOURNE,BANYULE,-37.71059,145.11761,2022,6,June,16,Afternoon Peak,Weekday
T20220012780,2022-06-06,09:12:00,1,Collision with vehicle,1,Monday,110,CROSS TRAFFIC(INTERSECTIONS ONLY),1,44835,Cross intersection,3,60,Arterial Highway,ROUGHEAD,SOUTH GIPPSLAND,-38.47211,145.949,2022,6,June,9,Morning Peak,Weekday
T20220012847,2022-06-06,03:00:00,1,Collision with vehicle,1,Monday,113,RIGHT NEAR (INTERSECTIONS ONLY),3,37585,T intersection,3,60,Arterial Highway,PRINCES HIGHWAY,PORT PHILLIP,-37.83635,144.9732,2022,6,June,3,Late Night,Weekday
T20220012850,2022-06-06,22:05:00,1,Collision with vehicle,1,Monday,133,LANE SIDE SWIPE (VEHICLES IN PARALLEL LANES),3,714322,Not at intersection,2,100,Freeway,MONASH,STONNINGTON,-37.87642,145.06906,2022,6,June,22,Night,Weekday
T20220012782,2022-06-06,10:50:00,1,Collision with vehicle,1,Monday,120,HEAD ON (NOT OVERTAKING),1,721563,Not at intersection,2,100,Arterial Highway,BASS,BASS COAST,-38.579933,145.57428,2022,6,June,10,Midday,Weekday
T20220012791,2022-06-06,10:50:00,2,Struck Pedestrian,1,Monday,100,PED NEAR SIDE. PED HIT BY VEHICLE FROM THE RIGHT.,1,351536,Cross intersection,1,80,Arterial Highway,PRINCES,DANDENONG,-37.96166,145.18839,2022,6,June,10,Midday,Weekday
T20220014060,2022-06-06,10:00:00,6,Vehicle overturned (no collision),1,Monday,174,OUT OF CONTROL ON CARRIAGEWAY (ON STRAIGHT),1,715766,Not at intersection,3,60,Arterial Other,WAVERLEY,MOONEE VALLEY,-37.756336,144.90726,2022,6,June,10,Midday,Weekday
T20220012765,2022-06-06,07:30:00,1,Collision with vehicle,1,Monday,142,LEAVING PARKING,1,714318,Not at intersection,2,60,Arterial Other,BURNLEY,YARRA,-37.825474,145.00723,2022,6,June,7,Morning Peak,Weekday
T20220012766,2022-06-06,06:30:00,1,Collision with vehicle,1,Monday,121,RIGHT THROUGH,3,774657,Cross intersection,3,100,Arterial Highway,PRINCES,MOYNE,-38.386345,142.58002,2022,6,June,6,Morning Peak,Weekday
T20220014252,2022-06-06,18:00:00,1,Collision with vehicle,1,Monday,132,RIGHT REAR.,5,718518,Not at intersection,3,80,Arterial Other,BENALLA-YARRAWONGA,BENALLA,-36.526577,146.03879,2022,6,June,18,Afternoon Peak,Weekday
T20220012802,2022-06-06,11:00:00,4,Collision with a fixed object,1,Monday,171,LEFT OFF CARRIAGEWAY INTO OBJECT/PARKED VEHICLE,1,714733,Not at intersection,3,50,Local Road,BRYSONS,MAROONDAH,-37.767025,145.24998,2022,6,June,11,Midday,Weekday
T20220012776,2022-06-06,09:40:00,8,No collision and no object struck,1,Monday,170,OFF CARRIAGEWAY TO LEFT,1,43340,Cross intersection,2,60,Arterial Other,THOMPSON,KINGSTON,-38.06797,145.14511,2022,6,June,9,Morning Peak,Weekday
T20220013089,2022-06-06,09:15:00,1,Collision with vehicle,1,Monday,130,REAR END(VEHICLES IN SAME LANE),1,714830,Not at intersection,3,60,Arterial Other,FITZGERALD,BRIMBANK,-37.795586,144.78984,2022,6,June,9,Morning Peak,Weekday
T20220012813,2022-06-06,16:30:00,1,Collision with vehicle,1,Monday,143,ENTERING PARKING,1,714825,T intersection,2,60,Arterial Other,BURNLEY,YARRA,-37.816597,145.00885,2022,6,June,16,Afternoon Peak,Weekday
T20220012815,2022-06-06,17:00:00,4,Collision with a fixed object,1,Monday,171,LEFT OFF CARRIAGEWAY INTO OBJECT/PARKED VEHICLE,1,46857,Cross intersection,3,80,Arterial Highway,GEELONG,HOBSONS BAY,-37.820576,144.83546,2022,6,June,17,Afternoon Peak,Weekday
T20220012818,2022-06-06,13:39:00,1,Collision with vehicle,1,Monday,142,LEAVING PARKING,1,769220,Not at intersection,3,60,Local Road,MAIN,LATROBE,-38.32183,146.32802,2022,6,June,13,Midday,Weekday
T20220019005,2022-06-06,22:00:00,4,Collision with a fixed object,1,Monday,173,RIGHT OFF CARRIAGEWAY INTO OBJECT/PARKED VEHICLE,5,722976,Not at intersection,3,40,Local Road,WEST,FRANKSTON,-38.187878,145.20676,2022,6,June,22,Night,Weekday
T20220012820,2022-06-06,12:28:00,1,Collision with vehicle,1,Monday,130,REAR END(VEHICLES IN SAME LANE),1,315985,Cross intersection,3,60,Local Road,FERRIS,MELTON,-37.706238,144.60191,2022,6,June,12,Midday,Weekday
T20220013139,2022-06-06,06:00:00,2,Struck Pedestrian,1,Monday,105,PED WALKING AGAINST TRAFFIC.,3,714740,Dead end,3,50,Local Road,NAUGHTON,GEELONG,-38.101658,144.34818,2022,6,June,6,Morning Peak,Weekday
T20220013054,2022-06-06,06:20:00,1,Collision with vehicle,1,Monday,136,RIGHT TURN SIDESWIPE,6,714632,Cross intersection,3,60,Arterial Other,BERWICK-CRANBOURNE ROAD -THOMPSONS,CASEY,-38.089558,145.33305,2022,6,June,6,Morning Peak,Weekday
T20220016132,2022-06-06,12:15:00,1,Collision with vehicle,1,Monday,130,REAR END(VEHICLES IN SAME LANE),1,728668,Not at intersection,3,80,Arterial Other,PASCOE VALE,HUME,-37.64494,144.92978,2022,6,June,12,Midday,Weekday
T20220013017,2022-06-06,22:10:00,1,Collision with vehicle,1,Monday,110,CROSS TRAFFIC(INTERSECTIONS ONLY),3,38329,Cross intersection,3,70,Arterial Other,FOOTE,MANNINGHAM,-37.759094,145.12993,2022,6,June,22,Night,Weekday
T20220012822,2022-06-06,18:00:00,2,Struck Pedestrian,1,Monday,100,PED NEAR SIDE. PED HIT BY VEHICLE FROM THE RIGHT.,5,781978,Not at intersection,3,50,Local Road,ALISMA,CASEY,-38.078636,145.32713,2022,6,June,18,Afternoon Peak,Weekday
T20220015213,2022-06-06,18:00:00,1,Collision with vehicle,1,Monday,130,REAR END(VEHICLES IN SAME LANE),6,738810,Not at intersection,3,60,Local Road,MOORABOOL,GEELONG,-38.16052,144.35466,2022,6,June,18,Afternoon Peak,Weekday
T20220013045,2022-06-06,06:30:00,1,Collision with vehicle,1,Monday,116,LEFT NEAR (INTERSECTIONS ONLY),3,49673,T intersection,3,50,Arterial Other,STATION,GEELONG,-38.076275,144.36917,2022,6,June,6,Morning Peak,Weekday
T20220029800,2022-06-06,05:59:00,1,Collision with vehicle,1,Monday,130,REAR END(VEHICLES IN SAME LANE),5,781977,Not at intersection,3,100,Freeway,SOUTH GIPPSLAND IN-MONASH IN,CASEY,-37.995647,145.25316,2022,6,June,5,Morning Peak,Weekday
T20220014727,2022-06-07,06:50:00,1,Collision with vehicle,2,Tuesday,121,RIGHT THROUGH,1,286900,Cross intersection,3,70,Arterial Other,CAMMS,CASEY,-38.100475,145.29233,2022,6,June,6,Morning Peak,Weekday
T20220015725,2022-06-07,17:40:00,2,Struck Pedestrian,2,Tuesday,106,VEH STRIKES PED ON FOOTPATH/MEDIAN/TRAFFIC ISLAND.,2,29543,Cross intersection,3,60,Arterial Other,RIVERSDALE,BOROONDARA,-37.82874,145.03421,2022,6,June,17,Afternoon Peak,Weekday
T20220013095,2022-06-07,13:25:00,7,Fall from or in moving vehicle,2,Tuesday,190,FELL IN/FROM VEHICLE,1,714832,Not at intersection,3,60,Arterial Other,OLD GEELONG,WYNDHAM,-37.87881,144.70824,2022,6,June,13,Midday,Weekday
T20220014590,2022-06-07,08:45:00,1,Collision with vehicle,2,Tuesday,130,REAR END(VEHICLES IN SAME LANE),9,776724,Not at intersection,3,50,Arterial Highway,PRINCES,DANDENONG,-37.96121,145.18788,2022,6,June,8,Morning Peak,Weekday
T20220012865,2022-06-07,07:45:00,1,Collision with vehicle,2,Tuesday,137,LEFT TURN SIDESWIPE,2,48012,T intersection,3,60,Local Road,LYGON,MELBOURNE,-37.78572,144.9695,2022,6,June,7,Morning Peak,Weekday
T20220012868,2022-06-07,07:40:00,1,Collision with vehicle,2,Tuesday,121,RIGHT THROUGH,1,779652,Cross intersection,3,60,Arterial Other,COMMERCIAL,MELBOURNE,-37.845684,144.98499,2022,6,June,7,Morning Peak,Weekday
T20220012869,2022-06-07,07:15:00,2,Struck Pedestrian,2,Tuesday,102,FAR SIDE. PED HIT BY VEHICLE FROM THE LEFT,3,726347,Cross intersection,2,60,Arterial Highway,PUNT,STONNINGTON,-37.83473,144.98727,2022,6,June,7,Morning Peak,Weekday
T20220013248,2022-06-07,14:30:00,1,Collision with vehicle,2,Tuesday,130,REAR END(VEHICLES IN SAME LANE),1,715234,Cross intersection,3,70,Arterial Highway,NORTH,GLEN EIRA,-37.903233,145.03484,2022,6,June,14,Midday,Weekday
T20220012876,2022-06-07,11:09:00,1,Collision with vehicle,2,Tuesday,136,RIGHT TURN SIDESWIPE,1,29418,Cross intersection,3,60,Local Road,LONSDALE,MELBOURNE,-37.813004,144.9598,2022,6,June,11,Midday,Weekday
T20220012877,2022-06-07,09:32:00,1,Collision with vehicle,2,Tuesday,110,CROSS TRAFFIC(INTERSECTIONS ONLY),1,17618,Cross intersection,3,100,Arterial Other,NEW DOOKIE,SHEPPARTON,-36.36468,145.46196,2022,6,June,9,Morning Peak,Weekday
T20220012879,2022-06-07,09:08:00,1,Collision with vehicle,2,Tuesday,112,LEFT FAR (INTERSECTIONS ONLY),1,53880,T intersection,3,50,Arterial Other,CRAIGIEBURN,HUME,-37.599586,144.94576,2022,6,June,9,Morning Peak,Weekday
T20220012881,2022-06-07,10:55:00,1,Collision with vehicle,2,Tuesday,160,VEHICLE COLLIDES WITH VEHICLE PARKED ON LEFT OF ROAD,1,780110,Not at intersection,3,60,Local Road,AUTUMN,GEELONG,-38.140854,144.3289,2022,6,June,10,Midday,Weekday
T20220012884,2022-06-07,13:44:00,2,Struck Pedestrian,2,Tuesday,100,PED NEAR SIDE. PED HIT BY VEHICLE FROM THE RIGHT.,1,29714,T intersection,3,60,Arterial Other,HEATHERTON,DANDENONG,-37.970325,145.2173,2022,6,June,13,Midday,Weekday
T20220012886,2022-06-07,12:44:00,1,Collision with vehicle,2,Tuesday,121,RIGHT THROUGH,1,46011,Cross intersection,3,60,Freeway,DONCASTER-EASTERN IN,BOROONDARA,-37.78888,145.10236,2022,6,June,12,Midday,Weekday
T20220012893,2022-06-07,07:20:00,1,Collision with vehicle,2,Tuesday,130,REAR END(VEHICLES IN SAME LANE),1,744130,Not at intersection,3,80,Arterial Highway,STUD,DANDENONG,-37.955593,145.2264,2022,6,June,7,Morning Peak,Weekday