ACCIDENT_NO,ACCIDENT_DATE,ACCIDENT_TIME,ACCIDENT_TYPE,ACCIDENT_TYPE_DESC,DAY_OF_WEEK,DAY_WEEK_DESC,DCA_CODE,DCA_DESC,LIGHT_CONDITION,NODE_ID,ROAD_GEOMETRY_DESC,SEVERITY,SPEED_ZONE,RMA,ROAD_NAME,LGA_NAME,LATITUDE,LONGITUDE,YEAR,MONTH,MONTH_NAME,HOUR,TIME_PERIOD,DAY_TYPE
T20220012895,2022-06-07,06:15:00,2,Struck Pedestrian,2,Tuesday,102,FAR SIDE. PED HIT BY VEHICLE FROM THE LEFT,2,289043,Cross intersection,3,60,Arterial Other,FLEMINGTON,MELBOURNE,-37.799652,144.95503,2022,6,June,6,Morning Peak,Weekday
T20220015414,2022-06-07,17:50:00,1,Collision with vehicle,2,Tuesday,130,REAR END(VEHICLES IN SAME LANE),2,726719,Not at intersection,3,60,Arterial Other,SURREY,WHITEHORSE,-37.806255,145.15865,2022,6,June,17,Afternoon Peak,Weekday
T20220012898,2022-06-07,15:47:00,2,Struck Pedestrian,2,Tuesday,107,PED ON FOOTHPATH STRUCK BY VEHENTERING/LEAVING DRIVEWAY.,1,781979,Not at intersection,3,60,Local Road,RINGWOOD,MAROONDAH,-37.81304,145.22736,2022,6,June,15,Afternoon Peak,Weekday
T20220013252,2022-06-07,18:00:00,1,Collision with vehicle,2,Tuesday,130,REAR END(VEHICLES IN SAME LANE),9,339189,Cross intersection,3,60,Arterial Highway,BELL,DAREBIN,-37.747326,145.02177,2022,6,June,18,Afternoon Peak,Weekday
T20220012903,2022-06-07,14:00:00,1,Collision with vehicle,2,Tuesday,110,CROSS TRAFFIC(INTERSECTIONS ONLY),1,270804,Cross intersection,2,60,Arterial Highway,CAMPBELL,SWAN HILL,-35.348347,143.56207,2022,6,June,14,Midday,Weekday
T20220012913,2022-06-07,17:37:00,1,Collision with vehicle,2,Tuesday,130,REAR END(VEHICLES IN SAME LANE),2,724879,Not at intersection,3,100,Freeway,METROPOLITAN RING,WHITTLESEA,-37.686165,145.0631,2022,6,June,17,Afternoon Peak,Weekday
T20220012914,2022-06-07,14:50:00,1,Collision with vehicle,2,Tuesday,121,RIGHT THROUGH,1,62380,T intersection,2,60,Local Road,BRIDGE,MELTON,-37.716484,144.59998,2022,6,June,14,Midday,Weekday
T20220012915,2022-06-07,16:45:00,4,Collision with a fixed object,2,Tuesday,181,OFF RIGHT BEND INTO OBJECT/PARKED VEHICLE,2,726355,Not at intersection,3,80,Arterial Other,ELTHAM-YARRA GLEN,YARRA RANGES,-37.646675,145.35419,2022,6,June,16,Afternoon Peak,Weekday
T20220012916,2022-06-07,15:30:00,1,Collision with vehicle,2,Tuesday,121,RIGHT THROUGH,1,29724,T intersection,3,60,Arterial Highway,NEPEAN,KINGSTON,-38.039146,145.10886,2022,6,June,15,Afternoon Peak,Weekday
T20220012918,2022-06-07,08:00:00,4,Collision with a fixed object,2,Tuesday,181,OFF RIGHT BEND INTO OBJECT/PARKED VEHICLE,1,782021,Not at intersection,3,100,Arterial Other,BULLUMWAAL,EAST GIPPSLAND,-37.776012,147.59853,2022,6,June,8,Morning Peak,Weekday
T20220012919,2022-06-07,18:30:00,1,Collision with vehicle,2,Tuesday,130,REAR END(VEHICLES IN SAME LANE),3,719126,Not at intersection,2,60,Arterial Other,BOUNDARY,GEELONG,-38.163956,144.3854,2022,6,June,18,Afternoon Peak,Weekday
T20220013410,2022-06-07,17:36:00,1,Collision with vehicle,2,Tuesday,113,RIGHT NEAR (INTERSECTIONS ONLY),3,307768,T intersection,3,70,Arterial Other,SHRIVES,CASEY,-38.030968,145.28777,2022,6,June,17,Afternoon Peak,Weekday
T20220012924,2022-06-07,17:54:00,1,Collision with vehicle,2,Tuesday,130,REAR END(VEHICLES IN SAME LANE),3,774577,Not at intersection,3,80,Arterial Other,PASCOE VALE,HUME,-37.640835,144.92865,2022,6,June,17,Afternoon Peak,Weekday
T20220012927,2022-06-07,20:30:00,1,Collision with vehicle,2,Tuesday,121,RIGHT THROUGH,3,49826,Cross intersection,2,70,Arterial Highway,BALLARAT,GEELONG,-38.126926,144.33925,2022,6,June,20,Night,Weekday
T20220012929,2022-06-07,18:00:00,1,Collision with vehicle,2,Tuesday,130,REAR END(VEHICLES IN SAME LANE),3,773149,Not at intersection,3,80,Local Road,LEAKES,WYNDHAM,-37.84055,144.76006,2022,6,June,18,Afternoon Peak,Weekday
T20220012930,2022-06-07,18:15:00,4,Collision with a fixed object,2,Tuesday,173,RIGHT OFF CARRIAGEWAY INTO OBJECT/PARKED VEHICLE,5,719881,Not at intersection,2,80,Arterial Highway,SPRINGVALE,MONASH,-37.924755,145.15724,2022,6,June,18,Afternoon Peak,Weekday
T20220012932,2022-06-07,19:44:00,4,Collision with a fixed object,2,Tuesday,171,LEFT OFF CARRIAGEWAY INTO OBJECT/PARKED VEHICLE,2,721565,Not at intersection,2,100,Arterial Other,STRATFORD-MAFFRA,WELLINGTON,-37.97664,147.02667,2022,6,June,19,Night,Weekday
T20220012934,2022-06-07,18:45:00,6,Vehicle overturned (no collision),2,Tuesday,170,OFF CARRIAGEWAY TO LEFT,5,751725,Not at intersection,2,100,Arterial Other,KIEWA VALLEY,ALPINE,-36.6339,147.11232,2022,6,June,18,Afternoon Peak,Weekday
T20220012935,2022-06-07,21:15:00,1,Collision with vehicle,2,Tuesday,120,HEAD ON (NOT OVERTAKING),3,774578,Not at intersection,3,60,Arterial Other,DORSET,MAROONDAH,-37.798992,145.28996,2022,6,June,21,Night,Weekday
T20220012936,2022-06-07,22:35:00,1,Collision with vehicle,2,Tuesday,130,REAR END(VEHICLES IN SAME LANE),3,719722,Not at intersection,3,60,Local Road,HARVEST HOME,WHITTLESEA,-37.623005,145.0286,2022,6,June,22,Night,Weekday
T20220012939,2022-06-07,22:48:00,1,Collision with vehicle,2,Tuesday,162,ACCIDENT OR BROKEN DOWN,3,714916,Not at intersection,3,100,Freeway,WESTERN RING,MORELAND,-37.69476,144.9023,2022,6,June,22,Night,Weekday
T20220014649,2022-06-07,13:30:00,1,Collision with vehicle,2,Tuesday,130,REAR END(VEHICLES IN SAME LANE),1,718534,Not at intersection,3,40,Local Road,ARMSTRONG,BALLARAT,-37.560787,143.85648,2022,6,June,13,Midday,Weekday
T20220012960,2022-06-07,15:45:00,1,Collision with vehicle,2,Tuesday,123,RIGHT/LEFT. ONE VEH TURNING RIGHT THE OTHER LEFT.,1,57915,Cross intersection,3,50,Local Road,COLLINS,DAREBIN,-37.755512,145.01051,2022,6,June,15,Afternoon Peak,Weekday
T20220012859,2022-06-07,06:42:00,4,Collision with a fixed object,2,Tuesday,173,RIGHT OFF CARRIAGEWAY INTO OBJECT/PARKED VEHICLE,3,774575,Not at intersection,3,40,Local Road,MANCHESTER,YARRA RANGES,-37.78688,145.31068,2022,6,June,6,Morning Peak,Weekday
T20220013343,2022-06-07,07:00:00,1,Collision with vehicle,2,Tuesday,113,RIGHT NEAR (INTERSECTIONS ONLY),1,29477,T intersection,3,60,Arterial Other,ALEXANDRA,STONNINGTON,-37.832005,145.00636,2022,6,June,7,Morning Peak,Weekday
T20220013179,2022-06-07,17:00:00,1,Collision with vehicle,2,Tuesday,121,RIGHT THROUGH,1,286900,Cross intersection,3,60,Arterial Other,CAMMS,CASEY,-38.100475,145.29233,2022,6,June,17,Afternoon Peak,Weekday
T20220013853,2022-06-08,08:15:00,1,Collision with vehicle,3,Wednesday,116,LEFT NEAR (INTERSECTIONS ONLY),1,47559,T intersection,3,60,Local Road,MAXINE,BANYULE,-37.68708,145.13542,2022,6,June,8,Morning Peak,Weekday
T20220022233,2022-06-08,13:20:00,1,Collision with vehicle,3,Wednesday,160,VEHICLE COLLIDES WITH VEHICLE PARKED ON LEFT OF ROAD,1,728683,Not at intersection,3,100,Freeway,FRANKSTON,FRANKSTON,-38.125378,145.13426,2022,6,June,13,Midday,Weekday
T20230013247,2022-06-08,15:00:00,1,Collision with vehicle,3,Wednesday,111,RIGHT FAR (INTERSECTIONS ONLY),1,57694,Cross intersection,3,50,Local Road,BIMBLE,MORNINGTON PENINSULA,-38.373615,144.83037,2022,6,June,15,Afternoon Peak,Weekday
T20220012958,2022-06-08,07:07:00,1,Collision with vehicle,3,Wednesday,130,REAR END(VEHICLES IN SAME LANE),3,778640,Not at intersection,3,60,Local Road,COBURNS,MELTON,-37.681065,144.56891,2022,6,June,7,Morning Peak,Weekday
T20220014258,2022-06-08,17:36:00,1,Collision with vehicle,3,Wednesday,134,LANE CHANGE RIGHT (NOT OVERTAKING),3,778627,Not at intersection,3,100,Freeway,EASTERN,BOROONDARA,-37.782284,145.09903,2022,6,June,17,Afternoon Peak,Weekday
T20220012988,2022-06-08,13:39:00,2,Struck Pedestrian,3,Wednesday,100,PED NEAR SIDE. PED HIT BY VEHICLE FROM THE RIGHT.,1,98670,Not at intersection,3,80,Arterial Highway,NEPEAN,KINGSTON,-37.960766,145.05432,2022,6,June,13,Midday,Weekday
T20220014488,2022-06-08,17:49:00,1,Collision with vehicle,3,Wednesday,130,REAR END(VEHICLES IN SAME LANE),1,778639,Not at intersection,3,90,Freeway,WESTERN,MELTON,-37.726868,144.65694,2022,6,June,17,Afternoon Peak,Weekday
T20220012992,2022-06-08,16:03:00,1,Collision with vehicle,3,Wednesday,139,OTHER SAME DIRECTION-MANOUEVRES NOT INCLUDED IN DCAs 130-137,1,715336,Not at intersection,3,100,Freeway,MONASH,CASEY,-37.998074,145.27771,2022,6,June,16,Afternoon Peak,Weekday
T20220012993,2022-06-08,17:50:00,2,Struck Pedestrian,3,Wednesday,102,FAR SIDE. PED HIT BY VEHICLE FROM THE LEFT,3,754792,Not at intersection,3,60,Local Road,MELBOURNE,WODONGA,-36.11832,146.874,2022,6,June,17,Afternoon Peak,Weekday
T20220012995,2022-06-08,17:22:00,2,Struck Pedestrian,3,Wednesday,100,PED NEAR SIDE. PED HIT BY VEHICLE FROM THE RIGHT.,3,715865,T intersection,3,70,Arterial Highway,NEPEAN,FRANKSTON,-38.13551,145.12428,2022,6,June,17,Afternoon Peak,Weekday
T20220013000,2022-06-08,18:09:00,1,Collision with vehicle,3,Wednesday,132,RIGHT REAR.,2,49258,T intersection,3,60,Local Road,UPLAND,MILDURA,-34.199516,142.13504,2022,6,June,18,Afternoon Peak,Weekday
T20220013001,2022-06-08,18:34:00,1,Collision with vehicle,3,Wednesday,113,RIGHT NEAR (INTERSECTIONS ONLY),5,714826,Cross intersection,2,60,Local Road,WATSON,BENDIGO,-36.718605,144.29353,2022,6,June,18,Afternoon Peak,Weekday
T20220013003,2022-06-08,18:50:00,1,Collision with vehicle,3,Wednesday,171,LEFT OFF CARRIAGEWAY INTO OBJECT/PARKED VEHICLE,2,785562,T intersection,2,50,Local Road,ASCOT,MOONEE VALLEY,-37.782185,144.91898,2022,6,June,18,Afternoon Peak,Weekday
T20220013006,2022-06-08,21:00:00,1,Collision with vehicle,3,Wednesday,110,CROSS TRAFFIC(INTERSECTIONS ONLY),3,754764,Cross intersection,2,80,Arterial Highway,SPRINGVALE,DANDENONG,-37.93281,145.15616,2022,6,June,21,Night,Weekday
T20220013008,2022-06-08,15:50:00,1,Collision with vehicle,3,Wednesday,111,RIGHT FAR (INTERSECTIONS ONLY),1,715047,T intersection,2,80,Local Road,WILLIAM,CASEY,-38.02953,145.33228,2022,6,June,15,Afternoon Peak,Weekday
T20220013009,2022-06-08,20:59:00,1,Collision with vehicle,3,Wednesday,160,VEHICLE COLLIDES WITH VEHICLE PARKED ON LEFT OF ROAD,3,734257,Not at intersection,3,50,Local Road,MASON,HUME,-37.672096,144.96677,2022,6,June,20,Night,Weekday
T20220014134,2022-06-08,14:00:00,7,Fall from or in moving vehicle,3,Wednesday,190,FELL IN/FROM VEHICLE,1,785561,Cross intersection,2,60,Local Road,ATKINSON,MANNINGHAM,-37.754513,145.12825,2022,6,June,14,Midday,Weekday
T20220014133,2022-06-08,14:30:00,1,Collision with vehicle,3,Wednesday,113,RIGHT NEAR (INTERSECTIONS ONLY),1,70436,Cross intersection,3,50,Local Road,MATTHEW FLINDERS,CASEY,-37.97647,145.25774,2022,6,June,14,Midday,Weekday
T20220013014,2022-06-08,16:07:00,1,Collision with vehicle,3,Wednesday,130,REAR END(VEHICLES IN SAME LANE),1,776723,Not at intersection,3,100,Freeway,WESTERN RING,BRIMBANK,-37.717678,144.87273,2022,6,June,16,Afternoon Peak,Weekday
T20220013015,2022-06-08,10:30:00,1,Collision with vehicle,3,Wednesday,121,RIGHT THROUGH,1,296062,Cross intersection,3,60,Arterial Highway,BELL,DAREBIN,-37.746193,145.01208,2022,6,June,10,Midday,Weekday
T20220012971,2022-06-08,11:40:00,4,Collision with a fixed object,3,Wednesday,171,LEFT OFF CARRIAGEWAY INTO OBJECT/PARKED VEHICLE,1,782029,Not at intersection,3,100,Arterial Highway,PRINCES,WELLINGTON,-38.15891,146.73404,2022,6,June,11,Midday,Weekday
T20220013024,2022-06-08,17:40:00,2,Struck Pedestrian,3,Wednesday,100,PED NEAR SIDE. PED HIT BY VEHICLE FROM THE RIGHT.,3,714631,Not at intersection,3,40,Local Road,QUEEN,MELBOURNE,-37.812435,144.95953,2022,6,June,17,Afternoon Peak,Weekday
T20220014233,2022-06-08,13:37:00,1,Collision with vehicle,3,Wednesday,113,RIGHT NEAR (INTERSECTIONS ONLY),9,33233,Cross intersection,3,80,Arterial Other,NARRE WARREN,CASEY,-38.09299,145.29378,2022,6,June,13,Midday,Weekday
T20220013027,2022-06-08,15:31:00,1,Collision with vehicle,3,Wednesday,120,HEAD ON (NOT OVERTAKING),1,718183,Not at intersection,3,60,Arterial Other,BELGRAVE-HALLAM,YARRA RANGES,-37.921234,145.35657,2022,6,June,15,Afternoon Peak,Weekday
T20220012961,2022-06-08,09:15:00,4,Collision with a fixed object,3,Wednesday,173,RIGHT OFF CARRIAGEWAY INTO OBJECT/PARKED VEHICLE,1,715610,Multiple intersection,3,60,Arterial Other,NARRE WARREN,CASEY,-38.09802,145.2928,2022,6,June,9,Morning Peak,Weekday
T20220012951,2022-06-08,08:15:00,2,Struck Pedestrian,3,Wednesday,100,PED NEAR SIDE. PED HIT BY VEHICLE FROM THE RIGHT.,1,654151,Cross intersection,3,60,Arterial Other,NORMANBY,MELBOURNE,-37.82537,144.95699,2022,6,June,8,Morning Peak,Weekday
T20220012949,2022-06-08,07:50:00,1,Collision with vehicle,3,Wednesday,110,CROSS TRAFFIC(INTERSECTIONS ONLY),1,286287,Cross intersection,3,60,Arterial Other,YARRALUMLA,WODONGA,-36.148605,146.87386,2022,6,June,7,Morning Peak,Weekday
T20220012945,2022-06-08,06:15:00,1,Collision with vehicle,3,Wednesday,121,RIGHT THROUGH,2,54018,Cross intersection,2,80,Freeway,GAP-CALDER IN,HUME,-37.57567,144.68182,2022,6,June,6,Morning Peak,Weekday
T20220012944,2022-06-08,05:25:00,1,Collision with vehicle,3,Wednesday,160,VEHICLE COLLIDES WITH VEHICLE PARKED ON LEFT OF ROAD,3,782024,Not at intersection,3,50,Local Road,ARDOYNE,BAYSIDE,-37.97219,145.02386,2022,6,June,5,Morning Peak,Weekday
T20220013087,2022-06-08,16:15:00,1,Collision with vehicle,3,Wednesday,130,REAR END(VEHICLES IN SAME LANE),1,2518,Cross intersection,3,70,Arterial Highway,DANDENONG,STONNINGTON,-37.85887,145.00137,2022,6,June,16,Afternoon Peak,Weekday
T20220012980,2022-06-08,08:45:00,1,Collision with vehicle,3,Wednesday,130,REAR END(VEHICLES IN SAME LANE),1,774579,Not at intersection,2,60,Arterial Other,HIGH,WHITTLESEA,-37.670177,145.01572,2022,6,June,8,Morning Peak,Weekday
T20220013422,2022-06-08,06:30:00,1,Collision with vehicle,3,Wednesday,130,REAR END(VEHICLES IN SAME LANE),3,778723,Not at intersection,3,80,Arterial Other,PRINCES,CARDINIA,-38.05801,145.3979,2022,6,June,6,Morning Peak,Weekday
T20220013206,2022-06-08,18:40:00,1,Collision with vehicle,3,Wednesday,121,RIGHT THROUGH,3,46502,T intersection,2,70,Arterial Other,BAYSWATER,MAROONDAH,-37.818882,145.26909,2022,6,June,18,Afternoon Peak,Weekday
T20220012974,2022-06-08,11:30:00,1,Collision with vehicle,3,Wednesday,131,LEFT REAR,1,638,Cross intersection,3,60,Arterial Other,BAYSWATER ROAD -SCORESBY,KNOX,-37.838627,145.27109,2022,6,June,11,Midday,Weekday
T20220014234,2022-06-08,08:30:00,1,Collision with vehicle,3,Wednesday,120,HEAD ON (NOT OVERTAKING),1,718515,Not at intersection,3,60,Local Road,BRYSONS,MANNINGHAM,-37.752907,145.25587,2022,6,June,8,Morning Peak,Weekday
T20220012978,2022-06-08,10:13:00,4,Collision with a fixed object,3,Wednesday,171,LEFT OFF CARRIAGEWAY INTO OBJECT/PARKED VEHICLE,1,754788,Not at intersection,2,80,Local Road,TUDOR VILLAGE,YARRA RANGES,-37.751373,145.37048,2022,6,June,10,Midday,Weekday
T20220012954,2022-06-08,09:00:00,4,Collision with a fixed object,3,Wednesday,179,OTHER ACCIDENTS-OFF STRAIGHT NOT INCLUDED IN DCAs 170-175,1,782022,Cross intersection,3,60,Arterial Other,CENTRE,DANDENONG,-37.933125,145.15587,2022,6,June,9,Morning Peak,Weekday
T20220013136,2022-06-08,18:00:00,4,Collision with a fixed object,3,Wednesday,181,OFF RIGHT BEND INTO OBJECT/PARKED VEHICLE,4,782027,Not at intersection,3,80,Arterial Other,HEALESVILLE-KINGLAKE,MURRINDINDI,-37.54015,145.38998,2022,6,June,18,Afternoon Peak,Weekday
T20220013685,2022-06-08,17:00:00,1,Collision with vehicle,3,Wednesday,147,VEHICLE STRIKES ANOTHER VEH WHILE EMERGING FROM DRIVEWAY,1,774671,Not at intersection,3,80,Arterial Other,NEERIM,GLEN EIRA,-37.886314,145.0384,2022,6,June,17,Afternoon Peak,Weekday
T20220013476,2022-06-08,16:00:00,1,Collision with vehicle,3,Wednesday,130,REAR END(VEHICLES IN SAME LANE),1,715344,Not at intersection,3,80,Arterial Highway,SOUTH GIPPSLAND,DANDENONG,-38.01914,145.23651,2022,6,June,16,Afternoon Peak,Weekday
T20220013514,2022-06-08,18:38:00,1,Collision with vehicle,3,Wednesday,134,LANE CHANGE RIGHT (NOT OVERTAKING),2,715468,Not at intersection,3,40,Arterial Other,CRAIGIEBURN,HUME,-37.59831,144.93535,2022,6,June,18,Afternoon Peak,Weekday
T20220014048,2022-06-08,14:00:00,1,Collision with vehicle,3,Wednesday,130,REAR END(VEHICLES IN SAME LANE),1,774596,Not at intersection,3,60,Local Road,HAMPSHIRE,BRIMBANK,-37.78997,144.83138,2022,6,June,14,Midday,Weekday
T20220014157,2022-06-08,14:31:00,1,Collision with vehicle,3,Wednesday,130,REAR END(VEHICLES IN SAME LANE),1,291434,Cross intersection,3,60,Arterial Other,ROYAL,MELBOURNE,-37.792553,144.95845,2022,6,June,14,Midday,Weekday
T20220012987,2022-06-08,14:00:00,1,Collision with vehicle,3,Wednesday,160,VEHICLE COLLIDES WITH VEHICLE PARKED ON LEFT OF ROAD,1,714629,Not at intersection,3,40,Local Road,GLEN HUNTLY,GLEN EIRA,-37.884743,145.0043,2022,6,June,14,Midday,Weekday
T20220021285,2022-06-09,18:05:00,1,Collision with vehicle,4,Thursday,121,RIGHT THROUGH,3,43087,Cross intersection,3,60,Arterial Highway,STUD,DANDENONG,-37.981647,145.2214,2022,6,June,18,Afternoon Peak,Weekday
T20220013025,2022-06-09,08:10:00,1,Collision with vehicle,4,Thursday,140,U TURN,1,782670,Not at intersection,3,70,Arterial Highway,DANDENONG,STONNINGTON,-37.886032,145.07538,2022,6,June,8,Morning Peak,Weekday
T20220013085,2022-06-09,08:40:00,4,Collision with a fixed object,4,Thursday,171,LEFT OFF CARRIAGEWAY INTO OBJECT/PARKED VEHICLE,1,782032,Not at intersection,3,100,Arterial Other,MEENIYAN-PROMONTORY,SOUTH GIPPSLAND,-38.603703,146.01848,2022,6,June,8,Morning Peak,Weekday
T20220013028,2022-06-09,09:15:00,2,Struck Pedestrian,4,Thursday,106,VEH STRIKES PED ON FOOTPATH/MEDIAN/TRAFFIC ISLAND.,1,278457,Cross intersection,3,40,Local Road,EVERTON,WHITTLESEA,-37.593838,145.09068,2022,6,June,9,Morning Peak,Weekday
T20220014888,2022-06-09,09:10:00,1,Collision with vehicle,4,Thursday,116,LEFT NEAR (INTERSECTIONS ONLY),1,36825,Cross intersection,3,60,Arterial Other,MONTAGUE,PORT PHILLIP,-37.83017,144.9496,2022,6,June,9,Morning Peak,Weekday
T20220013034,2022-06-09,08:40:00,4,Collision with a fixed object,4,Thursday,181,OFF RIGHT BEND INTO OBJECT/PARKED VEHICLE,2,785566,Not at intersection,2,100,Arterial Other,FISH CREEK-FOSTER,SOUTH GIPPSLAND,-38.66629,146.17299,2022,6,June,8,Morning Peak,Weekday
T20220013042,2022-06-09,12:40:00,1,Collision with vehicle,4,Thursday,121,RIGHT THROUGH,1,57566,T intersection,3,60,Arterial Highway,NORTH,GLEN EIRA,-37.908386,145.07619,2022,6,June,12,Midday,Weekday
T20220013033,2022-06-09,08:10:00,4,Collision with a fixed object,4,Thursday,181,OFF RIGHT BEND INTO OBJECT/PARKED VEHICLE,1,714672,Not at intersection,2,80,Arterial Other,MIRBOO NORTH-TRAFALGAR,BAW BAW,-38.248608,146.17221,2022,6,June,8,Morning Peak,Weekday
T20220013151,2022-06-09,13:40:00,1,Collision with vehicle,4,Thursday,130,REAR END(VEHICLES IN SAME LANE),1,778725,Cross intersection,3,60,Local Road,MATTHEWS,MOONEE VALLEY,-37.7257,144.89075,2022,6,June,13,Midday,Weekday
T20220014911,2022-06-09,05:15:00,4,Collision with a fixed object,4,Thursday,171,LEFT OFF CARRIAGEWAY INTO OBJECT/PARKED VEHICLE,2,785563,Not at intersection,2,80,Arterial Highway,FRANKSTON-FLINDERS,FRANKSTON,-38.170654,145.13857,2022,6,June,5,Morning Peak,Weekday
T20220013747,2022-06-09,19:00:00,1,Collision with vehicle,4,Thursday,130,REAR END(VEHICLES IN SAME LANE),3,715634,Not at intersection,3,60,Arterial Other,CUMBERLAND,MORELAND,-37.720913,144.94028,2022,6,June,19,Night,Weekday
T20220013059,2022-06-09,17:40:00,1,Collision with vehicle,4,Thursday,139,OTHER SAME DIRECTION-MANOUEVRES NOT INCLUDED IN DCAs 130-137,3,714827,Not at intersection,3,100,Freeway,CALDER,MOONEE VALLEY,-37.730873,144.87549,2022,6,June,17,Afternoon Peak,Weekday
T20220013063,2022-06-09,18:35:00,1,Collision with vehicle,4,Thursday,131,LEFT REAR,5,714828,Not at intersection,3,80,Arterial Other,HIGH STREET,KNOX,-37.876762,145.20587,2022,6,June,18,Afternoon Peak,Weekday
T20220013181,2022-06-09,08:55:00,1,Collision with vehicle,4,Thursday,135,LANE CHANGE LEFT (NOT OVERTAKING),1,782023,Not at intersection,3,50,Arterial Other,HOLMES,MORELAND,-37.75855,144.97455,2022,6,June,8,Morning Peak,Weekday
T20220013065,2022-06-09,15:44:00,1,Collision with vehicle,4,Thursday,130,REAR END(VEHICLES IN SAME LANE),1,606366,Cross intersection,3,80,Arterial Highway,STUD,KNOX,-37.896362,145.233,2022,6,June,15,Afternoon Peak,Weekday
T20220013668,2022-06-09,16:48:00,1,Collision with vehicle,4,Thursday,116,LEFT NEAR (INTERSECTIONS ONLY),2,37496,Cross intersection,3,70,Arterial Other,WILLIAMSONS,MANNINGHAM,-37.78326,145.12422,2022,6,June,16,Afternoon Peak,Weekday
T20220013521,2022-06-09,14:20:00,1,Collision with vehicle,4,Thursday,149,OTHER MANOEUVRING NOT INCLUDED IN DCAs 140-148,1,782028,Not at intersection,3,80,Arterial Highway,BURWOOD,KNOX,-37.88769,145.2863,2022,6,June,14,Midday,Weekday
T20220013012,2022-06-09,00:55:00,4,Collision with a fixed object,4,Thursday,151,OUT OF CONTROL (OVERTAKING),3,62488,T intersection,2,50,Arterial Other,BOLDREWOOD,DAREBIN,-37.72103,145.0213,2022,6,June,0,Late Night,Weekday
T20220014512,2022-06-09,17:18:00,1,Collision with vehicle,4,Thursday,121,RIGHT THROUGH,2,44068,T intersection,2,40,Local Road,HIGH,DAREBIN,-37.73138,145.00514,2022,6,June,17,Afternoon Peak,Weekday
T20220017183,2022-06-09,09:00:00,1,Collision with vehicle,4,Thursday,130,REAR END(VEHICLES IN SAME LANE),9,719941,Not at intersection,3,60,Arterial Highway,BELL-BANKSIA,BANYULE,-37.757896,145.05849,2022,6,June,9,Morning Peak,Weekday
T20220013233,2022-06-09,21:50:00,1,Collision with vehicle,4,Thursday,160,VEHICLE COLLIDES WITH VEHICLE PARKED ON LEFT OF ROAD,3,718481,Not at intersection,2,40,Local Road,NORMAN,BANYULE,-37.76889,145.04495,2022,6,June,21,Night,Weekday
T20220013013,2022-06-09,00:50:00,1,Collision with vehicle,4,Thursday,110,CROSS TRAFFIC(INTERSECTIONS ONLY),3,38514,Cross intersection,1,60,Local Road,GLENGALA,BRIMBANK,-37.788177,144.80792,2022,6,June,0,Late Night,Weekday
T20220013048,2022-06-09,13:05:00,1,Collision with vehicle,4,Thursday,113,RIGHT NEAR (INTERSECTIONS ONLY),1,269062,T intersection,3,40,Arterial Other,CRAIGIEBURN,HUME,-37.59889,144.9405,2022,6,June,13,Midday,Weekday
T20220013104,2022-06-10,11:07:00,1,Collision with vehicle,5,Friday,110,CROSS TRAFFIC(INTERSECTIONS ONLY),1,56936,Cross intersection,3,50,Local Road,MCMILLAN,WELLINGTON,-38.1136,147.0659,2022,6,June,11,Midday,Weekday
T20220013107,2022-06-10,11:20:00,1,Collision with vehicle,5,Friday,110,CROSS TRAFFIC(INTERSECTIONS ONLY),1,39225,Cross intersection,3,60,Arterial Other,BELMORE,BOROONDARA,-37.804245,145.10132,2022,6,June,11,Midday,Weekday
T20220014916,2022-06-10,09:27:00,1,Collision with vehicle,5,Friday,110,CROSS TRAFFIC(INTERSECTIONS ONLY),1,43917,Cross intersection,3,80,Arterial Other,CLYDE-FIVE WAYS,CASEY,-38.1335,145.32426,2022,6,June,9,Morning Peak,Weekday
T20220013247,2022-06-10,17:15:00,1,Collision with vehicle,5,Friday,121,RIGHT THROUGH,2,606379,T intersection,3,40,Local Road,LESDON,CASEY,-38.087093,145.27858,2022,6,June,17,Afternoon Peak,Weekday
T20220013113,2022-06-10,12:40:00,1,Collision with vehicle,5,Friday,148,VEHICLE OFF FOOTPATH STRIKES VEH ON CARRIAGEWAY,1,714834,T intersection,2,50,Arterial Other,HIGH,WHITTLESEA,-37.681973,145.01353,2022,6,June,12,Midday,Weekday
T20220013116,2022-06-10,09:40:00,1,Collision with vehicle,5,Friday,169,OTHER ON PATH,1,728828,Not at intersection,3,60,Arterial Highway,MIDLAND,BENALLA,-36.537067,145.98103,2022,6,June,9,Morning Peak,Weekday
T20220013909,2022-06-10,18:45:00,1,Collision with vehicle,5,Friday,130,REAR END(VEHICLES IN SAME LANE),2,40160,T intersection,3,60,Arterial Other,HOTHAM,PORT PHILLIP,-37.860397,145.00111,2022,6,June,18,Afternoon Peak,Weekday
T20220013117,2022-06-10,09:30:00,2,Struck Pedestrian,5,Friday,108,PED STRUCK WALKING TO/FROM OR BOARDING/ALIGHTING VEHICLE.,1,782031,Not at intersection,3,40,Local Road,LYGON,MORELAND,-37.763416,144.97314,2022,6,June,9,Morning Peak,Weekday
T20220013121,2022-06-10,13:59:00,1,Collision with vehicle,5,Friday,131,LEFT REAR,1,776809,Not at intersection,3,70,Arterial Other,RAGLAN,WELLINGTON,-38.0988,147.07158,2022,6,June,13,Midday,Weekday
T20220013122,2022-06-10,12:24:00,4,Collision with a fixed object,5,Friday,173,RIGHT OFF CARRIAGEWAY INTO OBJECT/PARKED VEHICLE,1,719127,Not at intersection,2,60,Arterial Other,MAIN,BRIMBANK,-37.746964,144.82275,2022,6,June,12,Midday,Weekday
T20220013124,2022-06-10,10:45:00,1,Collision with vehicle,5,Friday,130,REAR END(VEHICLES IN SAME LANE),1,778785,Not at intersection,3,100,Freeway,HUME,WHITTLESEA,-37.602596,144.96243,2022,6,June,10,Midday,Weekday