ACCIDENT_NO,ACCIDENT_DATE,ACCIDENT_TIME,ACCIDENT_TYPE,ACCIDENT_TYPE_DESC,DAY_OF_WEEK,DAY_WEEK_DESC,DCA_CODE,DCA_DESC,LIGHT_CONDITION,NODE_ID,ROAD_GEOMETRY_DESC,SEVERITY,SPEED_ZONE,RMA,ROAD_NAME,LGA_NAME,LATITUDE,LONGITUDE,YEAR,MONTH,MONTH_NAME,HOUR,TIME_PERIOD,DAY_TYPE
T20220013128,2022-06-10,15:15:00,2,Struck Pedestrian,5,Friday,100,PED NEAR SIDE. PED HIT BY VEHICLE FROM THE RIGHT.,1,754762,Not at intersection,2,80,Arterial Other,CRANBOURNE,FRANKSTON,-38.155113,145.16551,2022,6,June,15,Afternoon Peak,Weekday
T20220013129,2022-06-10,12:30:00,1,Collision with vehicle,5,Friday,145,REVERSING IN STREAM OF TRAFFIC,1,774582,Not at intersection,3,40,Arterial Highway,LONSDALE STREET SERVICE,DANDENONG,-37.988598,145.21465,2022,6,June,12,Midday,Weekday
T20220013249,2022-06-10,14:55:00,1,Collision with vehicle,5,Friday,131,LEFT REAR,1,35331,Cross intersection,3,60,Arterial Highway,GREENSBOROUGH,BANYULE,-37.70317,145.08983,2022,6,June,14,Midday,Weekday
T20220013495,2022-06-10,22:55:00,2,Struck Pedestrian,5,Friday,100,PED NEAR SIDE. PED HIT BY VEHICLE FROM THE RIGHT.,3,715705,Not at intersection,1,40,Local Road,FITZROY,PORT PHILLIP,-37.861435,144.97456,2022,6,June,22,Night,Weekday
T20220013135,2022-06-10,16:00:00,1,Collision with vehicle,5,Friday,140,U TURN,2,714739,Not at intersection,3,40,Arterial Other,ST GEORGES,YARRA,-37.77755,144.9888,2022,6,June,16,Afternoon Peak,Weekday
T20220013137,2022-06-10,16:35:00,2,Struck Pedestrian,5,Friday,100,PED NEAR SIDE. PED HIT BY VEHICLE FROM THE RIGHT.,1,715611,Not at intersection,2,50,Arterial Highway,MOUNTJOY,SURF COAST,-38.53715,143.97432,2022,6,June,16,Afternoon Peak,Weekday
T20220013141,2022-06-10,16:18:00,1,Collision with vehicle,5,Friday,113,RIGHT NEAR (INTERSECTIONS ONLY),1,41935,T intersection,2,60,Arterial Other,DORSET,KNOX,-37.88306,145.28444,2022,6,June,16,Afternoon Peak,Weekday
T20220013536,2022-06-10,18:45:00,1,Collision with vehicle,5,Friday,130,REAR END(VEHICLES IN SAME LANE),3,715347,T intersection,3,60,Arterial Other,HEATHERTON,DANDENONG,-37.966095,145.18242,2022,6,June,18,Afternoon Peak,Weekday
T20220013147,2022-06-10,17:56:00,2,Struck Pedestrian,5,Friday,100,PED NEAR SIDE. PED HIT BY VEHICLE FROM THE RIGHT.,3,45556,T intersection,2,60,Arterial Other,BRUNSWICK,MORELAND,-37.775692,144.94879,2022,6,June,17,Afternoon Peak,Weekday
T20220014322,2022-06-10,14:17:00,1,Collision with vehicle,5,Friday,130,REAR END(VEHICLES IN SAME LANE),1,728823,Not at intersection,3,80,Arterial Highway,PRINCES,CASEY,-38.023163,145.30241,2022,6,June,14,Midday,Weekday
T20220013150,2022-06-10,05:20:00,4,Collision with a fixed object,5,Friday,171,LEFT OFF CARRIAGEWAY INTO OBJECT/PARKED VEHICLE,2,714741,Not at intersection,2,50,Local Road,BOUNDARY,WYNDHAM,-37.800304,144.6538,2022,6,June,5,Morning Peak,Weekday
T20220013152,2022-06-10,19:30:00,1,Collision with vehicle,5,Friday,173,RIGHT OFF CARRIAGEWAY INTO OBJECT/PARKED VEHICLE,3,728825,Not at intersection,3,60,Local Road,STRICKLAND,BENDIGO,-36.748993,144.30057,2022,6,June,19,Night,Weekday
T20220014504,2022-06-10,16:40:00,1,Collision with vehicle,5,Friday,130,REAR END(VEHICLES IN SAME LANE),1,29858,Cross intersection,3,80,Freeway,WEST GATE OUT-MELBOURNE,HOBSONS BAY,-37.82599,144.88097,2022,6,June,16,Afternoon Peak,Weekday
T20220015889,2022-06-10,11:00:00,1,Collision with vehicle,5,Friday,130,REAR END(VEHICLES IN SAME LANE),9,778765,Not at intersection,3,100,Freeway,METROPOLITAN RING,MORELAND,-37.691265,144.96825,2022,6,June,11,Midday,Weekday
T20240001125,2022-06-10,16:15:00,1,Collision with vehicle,5,Friday,113,RIGHT NEAR (INTERSECTIONS ONLY),2,797673,T intersection,2,60,Local Road,RADFORD,DAREBIN,-37.705074,144.9834,2022,6,June,16,Afternoon Peak,Weekday
T20220013167,2022-06-10,21:45:00,2,Struck Pedestrian,5,Friday,100,PED NEAR SIDE. PED HIT BY VEHICLE FROM THE RIGHT.,3,749509,Not at intersection,3,60,Arterial Other,TOORONGA,BOROONDARA,-37.8456,145.04495,2022,6,June,21,Night,Weekday
T20220013173,2022-06-10,14:50:00,1,Collision with vehicle,5,Friday,130,REAR END(VEHICLES IN SAME LANE),1,714742,Not at intersection,2,80,Freeway,WEST GATE,MELBOURNE,-37.827793,144.92476,2022,6,June,14,Midday,Weekday
T20220014216,2022-06-10,17:30:00,1,Collision with vehicle,5,Friday,130,REAR END(VEHICLES IN SAME LANE),2,39932,Cross intersection,3,60,Arterial Other,KOROROIT CREEK,HOBSONS BAY,-37.85008,144.84505,2022,6,June,17,Afternoon Peak,Weekday
T20220016770,2022-06-10,20:45:00,1,Collision with vehicle,5,Friday,130,REAR END(VEHICLES IN SAME LANE),3,779098,Not at intersection,3,60,Arterial Highway,KINGS,PORT PHILLIP,-37.83309,144.96727,2022,6,June,20,Night,Weekday
T20220017136,2022-06-10,14:25:00,1,Collision with vehicle,5,Friday,135,LANE CHANGE LEFT (NOT OVERTAKING),1,719938,Not at intersection,3,80,Freeway,WEST GATE,MELBOURNE,-37.829197,144.92093,2022,6,June,14,Midday,Weekday
T20220013088,2022-06-10,07:36:00,2,Struck Pedestrian,5,Friday,101,PED EMERGES FROM IN FRONT OF PARKED OR STATIONARY VEHICLE,1,715703,Not at intersection,3,60,Local Road,WEST,MORELAND,-37.708954,144.93797,2022,6,June,7,Morning Peak,Weekday
T20220013091,2022-06-10,06:00:00,1,Collision with vehicle,5,Friday,130,REAR END(VEHICLES IN SAME LANE),3,278557,Cross intersection,3,80,Arterial Other,THOMPSONS,CASEY,-38.078148,145.24408,2022,6,June,6,Morning Peak,Weekday
T20220013092,2022-06-10,06:40:00,1,Collision with vehicle,5,Friday,113,RIGHT NEAR (INTERSECTIONS ONLY),3,714737,T intersection,2,50,Arterial Other,YARRA,YARRA,-37.83082,145.015,2022,6,June,6,Morning Peak,Weekday
T20220013094,2022-06-10,08:30:00,1,Collision with vehicle,5,Friday,130,REAR END(VEHICLES IN SAME LANE),1,277601,T intersection,3,30,Freeway,MONASH IN-HEATHERTON,CASEY,-37.972523,145.23625,2022,6,June,8,Morning Peak,Weekday
T20220013097,2022-06-10,10:43:00,1,Collision with vehicle,5,Friday,110,CROSS TRAFFIC(INTERSECTIONS ONLY),1,67337,Cross intersection,3,50,Local Road,FRANCIS,EAST GIPPSLAND,-37.82453,147.62604,2022,6,June,10,Midday,Weekday
T20220013101,2022-06-10,09:20:00,1,Collision with vehicle,5,Friday,130,REAR END(VEHICLES IN SAME LANE),1,715003,Not at intersection,3,80,Arterial Highway,FRANKSTON-DANDENONG,FRANKSTON,-38.105076,145.16817,2022,6,June,9,Morning Peak,Weekday
T20220013102,2022-06-10,10:30:00,4,Collision with a fixed object,5,Friday,181,OFF RIGHT BEND INTO OBJECT/PARKED VEHICLE,1,719319,Not at intersection,2,50,Local Road,BEAUMONT,CASEY,-38.01748,145.35371,2022,6,June,10,Midday,Weekday
T20220013103,2022-06-10,07:56:00,4,Collision with a fixed object,5,Friday,183,OFF LEFT BEND INTO OBJECT/PARKED VEHICLE,1,720720,Not at intersection,2,80,Arterial Other,HEALESVILLE-KOO WEE RUP,YARRA RANGES,-37.73082,145.51604,2022,6,June,7,Morning Peak,Weekday
T20220013188,2022-06-11,09:35:00,4,Collision with a fixed object,6,Saturday,171,LEFT OFF CARRIAGEWAY INTO OBJECT/PARKED VEHICLE,1,715912,Not at intersection,2,100,Arterial Highway,WESTERN,ARARAT,-37.299274,142.97726,2022,6,June,9,Morning Peak,Weekend
T20220013812,2022-06-11,23:13:00,1,Collision with vehicle,6,Saturday,110,CROSS TRAFFIC(INTERSECTIONS ONLY),3,49403,Cross intersection,3,50,Arterial Highway,LONSDALE,SOUTHERN GRAMPIANS,-37.741013,142.02383,2022,6,June,23,Night,Weekend
T20220013280,2022-06-11,18:30:00,4,Collision with a fixed object,6,Saturday,175,OFF END OF ROAD/T-INTERSECTION.,5,51921,T intersection,2,60,Local Road,AXEDALE-TOOLLEEN,BENDIGO,-36.770412,144.56561,2022,6,June,18,Afternoon Peak,Weekend
T20220014537,2022-06-11,18:00:00,1,Collision with vehicle,6,Saturday,121,RIGHT THROUGH,2,41755,Cross intersection,3,80,Arterial Other,WAVERLEY,MONASH,-37.88673,145.14569,2022,6,June,18,Afternoon Peak,Weekend
T20220013166,2022-06-11,02:00:00,4,Collision with a fixed object,6,Saturday,151,OUT OF CONTROL (OVERTAKING),5,719131,Not at intersection,2,100,Arterial Highway,NORTHERN,MITCHELL,-37.374493,144.96886,2022,6,June,2,Late Night,Weekend
T20220013907,2022-06-11,18:46:00,1,Collision with vehicle,6,Saturday,113,RIGHT NEAR (INTERSECTIONS ONLY),3,72184,T intersection,3,50,Local Road,HEATHERHILL,FRANKSTON,-38.159306,145.14188,2022,6,June,18,Afternoon Peak,Weekend
T20220013972,2022-06-11,10:37:00,1,Collision with vehicle,6,Saturday,130,REAR END(VEHICLES IN SAME LANE),1,776760,Not at intersection,3,80,Freeway,PRINCES,CASEY,-38.050484,145.35583,2022,6,June,10,Midday,Weekend
T20220013847,2022-06-11,16:30:00,1,Collision with vehicle,6,Saturday,133,LANE SIDE SWIPE (VEHICLES IN PARALLEL LANES),2,718196,Not at intersection,3,50,Local Road,SCOTT,WARRNAMBOOL,-38.376373,142.46083,2022,6,June,16,Afternoon Peak,Weekend
T20220013175,2022-06-11,03:30:00,4,Collision with a fixed object,6,Saturday,171,LEFT OFF CARRIAGEWAY INTO OBJECT/PARKED VEHICLE,3,719977,Not at intersection,2,80,Freeway,CITYLINK OUT-BULLA,MOONEE VALLEY,-37.733727,144.9098,2022,6,June,3,Late Night,Weekend
T20220013210,2022-06-11,15:09:00,4,Collision with a fixed object,6,Saturday,173,RIGHT OFF CARRIAGEWAY INTO OBJECT/PARKED VEHICLE,1,719128,Not at intersection,2,100,Local Road,VICTORIA POINT,SOUTHERN GRAMPIANS,-37.52427,142.23187,2022,6,June,15,Afternoon Peak,Weekend
T20220013224,2022-06-11,19:00:00,1,Collision with vehicle,6,Saturday,130,REAR END(VEHICLES IN SAME LANE),3,715102,Not at intersection,3,80,Freeway,BLACKBURN-MONASH IN,MONASH,-37.894394,145.14171,2022,6,June,19,Night,Weekend
T20220013190,2022-06-11,11:34:00,1,Collision with vehicle,6,Saturday,173,RIGHT OFF CARRIAGEWAY INTO OBJECT/PARKED VEHICLE,1,715464,Not at intersection,3,70,Arterial Highway,BURWOOD HIGHWAY SERVICE,KNOX,-37.893597,145.30876,2022,6,June,11,Midday,Weekend
T20220021588,2022-06-11,23:00:00,7,Fall from or in moving vehicle,6,Saturday,190,FELL IN/FROM VEHICLE,6,726109,Not at intersection,2,60,Local Road,PORTER,BANYULE,-37.741905,145.05713,2022,6,June,23,Night,Weekend
T20220013184,2022-06-11,08:20:00,1,Collision with vehicle,6,Saturday,130,REAR END(VEHICLES IN SAME LANE),1,774663,Not at intersection,3,60,Local Road,OHERNS,WHITTLESEA,-37.634846,144.99974,2022,6,June,8,Morning Peak,Weekend
T20220013399,2022-06-11,18:00:00,1,Collision with vehicle,6,Saturday,111,RIGHT FAR (INTERSECTIONS ONLY),3,45079,T intersection,3,50,Local Road,QUEEN,BAW BAW,-38.164127,145.93286,2022,6,June,18,Afternoon Peak,Weekend
T20220013739,2022-06-11,00:00:00,6,Vehicle overturned (no collision),6,Saturday,182,OFF CARRIAGEWAY ON LEFT BEND,5,782090,Not at intersection,3,50,Local Road,JONES,WELLINGTON,-37.382248,147.28816,2022,6,June,0,Late Night,Weekend
T20220013193,2022-06-11,12:32:00,1,Collision with vehicle,6,Saturday,130,REAR END(VEHICLES IN SAME LANE),1,331155,Cross intersection,2,60,Freeway,BATMAN,MELBOURNE,-37.82338,144.97858,2022,6,June,12,Midday,Weekend
T20220013194,2022-06-11,13:10:00,1,Collision with vehicle,6,Saturday,121,RIGHT THROUGH,1,39324,T intersection,3,60,Arterial Other,STATION,WHITEHORSE,-37.821968,145.1231,2022,6,June,13,Midday,Weekend
T20220013197,2022-06-11,11:15:00,1,Collision with vehicle,6,Saturday,139,OTHER SAME DIRECTION-MANOUEVRES NOT INCLUDED IN DCAs 130-137,1,719410,Not at intersection,2,100,Freeway,WESTERN RING,BRIMBANK,-37.802437,144.80537,2022,6,June,11,Midday,Weekend
T20220013198,2022-06-11,13:00:00,1,Collision with vehicle,6,Saturday,130,REAR END(VEHICLES IN SAME LANE),1,714920,Not at intersection,3,80,Freeway,WEST GATE,MELBOURNE,-37.833473,144.91148,2022,6,June,13,Midday,Weekend
T20220013200,2022-06-11,14:30:00,1,Collision with vehicle,6,Saturday,110,CROSS TRAFFIC(INTERSECTIONS ONLY),1,58389,Cross intersection,3,50,Local Road,QUEEN,MOIRA,-35.922146,145.6479,2022,6,June,14,Midday,Weekend
T20220013207,2022-06-11,14:10:00,4,Collision with a fixed object,6,Saturday,181,OFF RIGHT BEND INTO OBJECT/PARKED VEHICLE,1,718798,Multiple intersection,2,50,Arterial Other,COOLSTORE ROAD -CROYDON,MAROONDAH,-37.794422,145.28175,2022,6,June,14,Midday,Weekend
T20220013208,2022-06-11,15:30:00,1,Collision with vehicle,6,Saturday,116,LEFT NEAR (INTERSECTIONS ONLY),1,44036,Multiple intersection,3,90,Arterial Highway,DANDENONG-HASTINGS ROAD -FRANKSTON-FLINDERS,MORNINGTON PENINSULA,-38.27209,145.18996,2022,6,June,15,Afternoon Peak,Weekend
T20220013212,2022-06-11,16:40:00,1,Collision with vehicle,6,Saturday,113,RIGHT NEAR (INTERSECTIONS ONLY),1,50479,T intersection,3,80,Arterial Highway,CALDER,MILDURA,-34.260628,142.18031,2022,6,June,16,Afternoon Peak,Weekend
T20220013214,2022-06-11,10:15:00,1,Collision with vehicle,6,Saturday,160,VEHICLE COLLIDES WITH VEHICLE PARKED ON LEFT OF ROAD,1,774664,Not at intersection,2,50,Arterial Other,BOUNDARY,MORELAND,-37.717438,144.94537,2022,6,June,10,Midday,Weekend
T20220013217,2022-06-11,15:26:00,4,Collision with a fixed object,6,Saturday,173,RIGHT OFF CARRIAGEWAY INTO OBJECT/PARKED VEHICLE,1,754761,Not at intersection,2,100,Arterial Highway,SOUTH GIPPSLAND,SOUTH GIPPSLAND,-38.66547,146.35214,2022,6,June,15,Afternoon Peak,Weekend
T20220013223,2022-06-11,17:30:00,1,Collision with vehicle,6,Saturday,171,LEFT OFF CARRIAGEWAY INTO OBJECT/PARKED VEHICLE,3,732077,T intersection,3,50,Local Road,ROBINLEE,WHITEHORSE,-37.84859,145.15863,2022,6,June,17,Afternoon Peak,Weekend
T20220013225,2022-06-11,17:30:00,1,Collision with vehicle,6,Saturday,121,RIGHT THROUGH,3,291782,Cross intersection,3,50,Arterial Highway,NEPEAN,MORNINGTON PENINSULA,-38.229427,145.04478,2022,6,June,17,Afternoon Peak,Weekend
T20220013227,2022-06-11,18:40:00,1,Collision with vehicle,6,Saturday,111,RIGHT FAR (INTERSECTIONS ONLY),3,728268,T intersection,2,60,Local Road,FINDON,WHITTLESEA,-37.64291,145.05814,2022,6,June,18,Afternoon Peak,Weekend
T20220013230,2022-06-11,22:44:00,4,Collision with a fixed object,6,Saturday,173,RIGHT OFF CARRIAGEWAY INTO OBJECT/PARKED VEHICLE,5,719130,Not at intersection,2,100,Local Road,NO 1,BAW BAW,-38.15956,145.96326,2022,6,June,22,Night,Weekend
T20220013231,2022-06-11,22:00:00,4,Collision with a fixed object,6,Saturday,173,RIGHT OFF CARRIAGEWAY INTO OBJECT/PARKED VEHICLE,5,731165,Not at intersection,2,100,Local Road,DIVISION,COLAC OTWAY,-38.43931,143.8262,2022,6,June,22,Night,Weekend
T20220013235,2022-06-11,22:50:00,2,Struck Pedestrian,6,Saturday,102,FAR SIDE. PED HIT BY VEHICLE FROM THE LEFT,3,715757,Not at intersection,2,70,Arterial Highway,DANDENONG,STONNINGTON,-37.8589,145.00159,2022,6,June,22,Night,Weekend
T20220013241,2022-06-11,22:18:00,4,Collision with a fixed object,6,Saturday,179,OTHER ACCIDENTS-OFF STRAIGHT NOT INCLUDED IN DCAs 170-175,3,719189,Not at intersection,2,50,Local Road,ALMANA,GEELONG,-38.10909,144.33936,2022,6,June,22,Night,Weekend
T20220013256,2022-06-11,12:05:00,1,Collision with vehicle,6,Saturday,130,REAR END(VEHICLES IN SAME LANE),1,29404,Cross intersection,3,80,Arterial Other,PRINCES,CASEY,-38.028954,145.32799,2022,6,June,12,Midday,Weekend
T20220013267,2022-06-11,13:00:00,6,Vehicle overturned (no collision),6,Saturday,182,OFF CARRIAGEWAY ON LEFT BEND,1,728266,Not at intersection,3,100,Local Road,BROCKS,MANSFIELD,-37.231674,146.44055,2022,6,June,13,Midday,Weekend
T20230023508,2022-06-11,05:15:00,1,Collision with vehicle,6,Saturday,130,REAR END(VEHICLES IN SAME LANE),5,782625,Not at intersection,3,100,Freeway,PRINCES,GEELONG,-37.999462,144.49753,2022,6,June,5,Morning Peak,Weekend
T20220013324,2022-06-12,10:30:00,1,Collision with vehicle,7,Sunday,113,RIGHT NEAR (INTERSECTIONS ONLY),1,29526,Cross intersection,3,50,Arterial Other,BUCKLEY,MARIBYRNONG,-37.80398,144.89742,2022,6,June,10,Midday,Weekend
T20220014034,2022-06-12,18:02:00,1,Collision with vehicle,7,Sunday,142,LEAVING PARKING,3,718743,Not at intersection,3,60,Local Road,MORRIS,YARRA RANGES,-37.9037,145.32924,2022,6,June,18,Afternoon Peak,Weekend
T20220014672,2022-06-12,09:20:00,1,Collision with vehicle,7,Sunday,135,LANE CHANGE LEFT (NOT OVERTAKING),1,718538,Not at intersection,3,60,Arterial Other,MIDDLEBOROUGH,WHITEHORSE,-37.83192,145.13605,2022,6,June,9,Morning Peak,Weekend
T20220013290,2022-06-12,17:55:00,1,Collision with vehicle,7,Sunday,121,RIGHT THROUGH,3,350186,Cross intersection,3,80,Arterial Highway,WELLINGTON,KNOX,-37.92803,145.23315,2022,6,June,17,Afternoon Peak,Weekend
T20220013325,2022-06-12,18:15:00,1,Collision with vehicle,7,Sunday,130,REAR END(VEHICLES IN SAME LANE),3,728265,Cross intersection,3,60,Arterial Other,SWANSEA ROAD -YORK,YARRA RANGES,-37.796894,145.35968,2022,6,June,18,Afternoon Peak,Weekend
T20220015019,2022-06-12,09:45:00,1,Collision with vehicle,7,Sunday,113,RIGHT NEAR (INTERSECTIONS ONLY),1,270903,T intersection,2,100,Arterial Other,DIGGERS REST-COIMADAI,MELTON,-37.62491,144.65007,2022,6,June,9,Morning Peak,Weekend
T20220013377,2022-06-12,22:14:00,1,Collision with vehicle,7,Sunday,113,RIGHT NEAR (INTERSECTIONS ONLY),3,915,T intersection,2,80,Arterial Highway,FRANKSTON-DANDENONG,FRANKSTON,-38.122025,145.14369,2022,6,June,22,Night,Weekend
T20220013272,2022-06-12,13:25:00,1,Collision with vehicle,7,Sunday,113,RIGHT NEAR (INTERSECTIONS ONLY),1,56324,T intersection,3,50,Local Road,HORSESHOE BEND,SURF COAST,-38.30285,144.3409,2022,6,June,13,Midday,Weekend
T20220014205,2022-06-12,10:00:00,5,collision with some other object,7,Sunday,171,LEFT OFF CARRIAGEWAY INTO OBJECT/PARKED VEHICLE,1,715985,Not at intersection,3,60,Arterial Other,KOO-WEE-RUP BYPASS,CARDINIA,-38.18433,145.4788,2022,6,June,10,Midday,Weekend
T20220013381,2022-06-12,19:58:00,1,Collision with vehicle,7,Sunday,121,RIGHT THROUGH,3,29452,T intersection,2,60,Arterial Highway,SMITHFIELD,MELBOURNE,-37.791206,144.91978,2022,6,June,19,Night,Weekend
T20220013273,2022-06-12,15:10:00,1,Collision with vehicle,7,Sunday,110,CROSS TRAFFIC(INTERSECTIONS ONLY),1,51655,Cross intersection,3,50,Local Road,ARTHUR,BENDIGO,-36.765995,144.27817,2022,6,June,15,Afternoon Peak,Weekend
T20220013274,2022-06-12,14:55:00,4,Collision with a fixed object,7,Sunday,171,LEFT OFF CARRIAGEWAY INTO OBJECT/PARKED VEHICLE,1,754760,Not at intersection,2,100,Arterial Highway,MIDLAND LINK,MANSFIELD,-37.020638,145.9601,2022,6,June,14,Midday,Weekend
T20220013275,2022-06-12,04:15:00,4,Collision with a fixed object,7,Sunday,175,OFF END OF ROAD/T-INTERSECTION.,3,67308,T intersection,2,50,Local Road,HORNBY,STONNINGTON,-37.85282,144.99637,2022,6,June,4,Late Night,Weekend
T20220013276,2022-06-12,16:00:00,1,Collision with vehicle,7,Sunday,112,LEFT FAR (INTERSECTIONS ONLY),1,250611,T intersection,3,50,Local Road,ROSEBERRY,MOONEE VALLEY,-37.77509,144.90805,2022,6,June,16,Afternoon Peak,Weekend
T20220015314,2022-06-12,17:41:00,2,Struck Pedestrian,7,Sunday,102,FAR SIDE. PED HIT BY VEHICLE FROM THE LEFT,3,785148,Not at intersection,2,60,Arterial Other,RACECOURSE,CARDINIA,-38.077206,145.49344,2022,6,June,17,Afternoon Peak,Weekend
T20220013394,2022-06-12,21:50:00,2,Struck Pedestrian,7,Sunday,106,VEH STRIKES PED ON FOOTPATH/MEDIAN/TRAFFIC ISLAND.,3,40891,Cross intersection,2,80,Arterial Highway,BURWOOD,KNOX,-37.865707,145.22498,2022,6,June,21,Night,Weekend
T20220013279,2022-06-12,16:50:00,1,Collision with vehicle,7,Sunday,110,CROSS TRAFFIC(INTERSECTIONS ONLY),2,54438,Cross intersection,3,60,Arterial Highway,RAGLAN,WARRNAMBOOL,-38.381874,142.488,2022,6,June,16,Afternoon Peak,Weekend
T20220013961,2022-06-12,16:32:00,1,Collision with vehicle,7,Sunday,113,RIGHT NEAR (INTERSECTIONS ONLY),1,19480,T intersection,3,80,Arterial Highway,NORTHERN,MITCHELL,-37.32509,144.95692,2022,6,June,16,Afternoon Peak,Weekend
T20220013281,2022-06-12,13:38:00,1,Collision with vehicle,7,Sunday,142,LEAVING PARKING,1,718484,Not at intersection,2,50,Local Road,LONSDALE,DANDENONG,-37.990772,145.21466,2022,6,June,13,Midday,Weekend
T20220013282,2022-06-12,14:40:00,1,Collision with vehicle,7,Sunday,130,REAR END(VEHICLES IN SAME LANE),1,108495,Not at intersection,3,60,Arterial Other,HEATHS,WYNDHAM,-37.879524,144.70152,2022,6,June,14,Midday,Weekend
T20220013285,2022-06-12,15:48:00,1,Collision with vehicle,7,Sunday,120,HEAD ON (NOT OVERTAKING),1,714872,Not at intersection,1,100,Arterial Other,MELBOURNE,HEPBURN,-37.44554,143.92949,2022,6,June,15,Afternoon Peak,Weekend
T20220013287,2022-06-12,18:00:00,1,Collision with vehicle,7,Sunday,130,REAR END(VEHICLES IN SAME LANE),3,718485,Not at intersection,2,60,Freeway,EASTERN OUT-CHANDLER,BOROONDARA,-37.790173,145.02597,2022,6,June,18,Afternoon Peak,Weekend
T20220013238,2022-06-12,00:02:00,7,Fall from or in moving vehicle,7,Sunday,190,FELL IN/FROM VEHICLE,3,728795,Y intersection,2,50,Local Road,HEALES,CENTRAL GOLDFIELDS,-37.170006,143.70183,2022,6,June,0,Late Night,Weekend
T20220015116,2022-06-12,17:35:00,1,Collision with vehicle,7,Sunday,113,RIGHT NEAR (INTERSECTIONS ONLY),2,787116,T intersection,3,60,Arterial Other,OLD GEELONG,WYNDHAM,-37.87563,144.71628,2022,6,June,17,Afternoon Peak,Weekend
T20220013775,2022-06-12,18:30:00,1,Collision with vehicle,7,Sunday,120,HEAD ON (NOT OVERTAKING),9,719511,Not at intersection,3,50,Local Road,WIDFORD,HUME,-37.68981,144.9261,2022,6,June,18,Afternoon Peak,Weekend
T20220013243,2022-06-12,03:32:00,4,Collision with a fixed object,7,Sunday,171,LEFT OFF CARRIAGEWAY INTO OBJECT/PARKED VEHICLE,3,728833,Not at intersection,2,50,Local Road,STATION,BENDIGO,-36.79497,144.2457,2022,6,June,3,Late Night,Weekend
T20220013294,2022-06-12,08:30:00,1,Collision with vehicle,7,Sunday,130,REAR END(VEHICLES IN SAME LANE),9,278568,Cross intersection,3,60,Arterial Other,MCDONALDS,WHITTLESEA,-37.650524,145.0761,2022,6,June,8,Morning Peak,Weekend
T20220013251,2022-06-12,09:30:00,1,Collision with vehicle,7,Sunday,130,REAR END(VEHICLES IN SAME LANE),1,43855,Cross intersection,2,80,Arterial Highway,SOUTH GIPPSLAND,CASEY,-38.074142,145.27145,2022,6,June,9,Morning Peak,Weekend
T20220013253,2022-06-12,09:49:00,1,Collision with vehicle,7,Sunday,113,RIGHT NEAR (INTERSECTIONS ONLY),1,293293,T intersection,3,70,Arterial Other,DONCASTER,MANNINGHAM,-37.788334,145.10484,2022,6,June,9,Morning Peak,Weekend
T20220013255,2022-06-12,11:00:00,1,Collision with vehicle,7,Sunday,113,RIGHT NEAR (INTERSECTIONS ONLY),1,715612,T intersection,3,50,Local Road,MONTEBELLO,CASEY,-38.055977,145.32027,2022,6,June,11,Midday,Weekend
T20220014014,2022-06-12,14:30:00,6,Vehicle overturned (no collision),7,Sunday,170,OFF CARRIAGEWAY TO LEFT,1,718203,Cross intersection,3,80,Local Road,MITCHELL,CAMPASPE,-36.140465,144.83167,2022,6,June,14,Midday,Weekend
T20220013257,2022-06-12,12:17:00,2,Struck Pedestrian,7,Sunday,100,PED NEAR SIDE. PED HIT BY VEHICLE FROM THE RIGHT.,1,715339,Not at intersection,3,50,Local Road,WATSON,MITCHELL,-37.41556,144.97198,2022,6,June,12,Midday,Weekend
T20220013264,2022-06-12,10:00:00,1,Collision with vehicle,7,Sunday,130,REAR END(VEHICLES IN SAME LANE),1,232134,T intersection,3,70,Arterial Other,BONEO,MORNINGTON PENINSULA,-38.360897,144.88968,2022,6,June,10,Midday,Weekend
T20220013266,2022-06-12,12:43:00,1,Collision with vehicle,7,Sunday,110,CROSS TRAFFIC(INTERSECTIONS ONLY),1,62723,Cross intersection,3,60,Local Road,BRAID HILL,BANYULE,-37.72964,145.07597,2022,6,June,12,Midday,Weekend
T20220013296,2022-06-12,19:42:00,4,Collision with a fixed object,7,Sunday,175,OFF END OF ROAD/T-INTERSECTION.,3,728261,Not at intersection,3,50,Local Road,DEVENISH,KNOX,-37.85421,145.27983,2022,6,June,19,Night,Weekend
T20220013288,2022-06-12,17:00:00,4,Collision with a fixed object,7,Sunday,173,RIGHT OFF CARRIAGEWAY INTO OBJECT/PARKED VEHICLE,2,766959,T intersection,2,100,Arterial Highway,INVERLEIGH-SHELFORD,GOLDEN PLAINS,-38.094845,144.00978,2022,6,June,17,Afternoon Peak,Weekend
T20220013347,2022-06-12,19:00:00,8,No collision and no object struck,7,Sunday,174,OUT OF CONTROL ON CARRIAGEWAY (ON STRAIGHT),3,715007,Not at intersection,3,50,Arterial Other,MELVILLE,MORELAND,-37.753166,144.94577,2022,6,June,19,Night,Weekend
T20220013298,2022-06-12,21:35:00,1,Collision with vehicle,7,Sunday,113,RIGHT NEAR (INTERSECTIONS ONLY),5,47639,Multiple intersection,2,80,Freeway,PRINCES,CARDINIA,-38.07973,145.74539,2022,6,June,21,Night,Weekend
T20220013299,2022-06-12,22:25:00,1,Collision with vehicle,7,Sunday,121,RIGHT THROUGH,3,45315,T intersection,2,60,Arterial Other,MT ALEXANDER,MOONEE VALLEY,-37.748302,144.91258,2022,6,June,22,Night,Weekend
T20220013368,2022-06-13,14:00:00,1,Collision with vehicle,1,Monday,120,HEAD ON (NOT OVERTAKING),1,725060,Not at intersection,2,80,Arterial Other,FORREST-APOLLO BAY,COLAC OTWAY,-38.595825,143.71396,2022,6,June,14,Midday,Weekday