ACCIDENT_NO,ACCIDENT_DATE,ACCIDENT_TIME,ACCIDENT_TYPE,ACCIDENT_TYPE_DESC,DAY_OF_WEEK,DAY_WEEK_DESC,DCA_CODE,DCA_DESC,LIGHT_CONDITION,NODE_ID,ROAD_GEOMETRY_DESC,SEVERITY,SPEED_ZONE,RMA,ROAD_NAME,LGA_NAME,LATITUDE,LONGITUDE,YEAR,MONTH,MONTH_NAME,HOUR,TIME_PERIOD,DAY_TYPE
T20220013369,2022-06-13,17:55:00,1,Collision with vehicle,1,Monday,133,LANE SIDE SWIPE (VEHICLES IN PARALLEL LANES),1,715465,Not at intersection,3,100,Arterial Highway,CALDER,BENDIGO,-36.832947,144.23973,2022,6,June,17,Afternoon Peak,Weekday
T20220013371,2022-06-13,20:47:00,1,Collision with vehicle,1,Monday,113,RIGHT NEAR (INTERSECTIONS ONLY),3,674735,T intersection,3,60,Arterial Highway,ROBINSON,DANDENONG,-37.98281,145.21188,2022,6,June,20,Night,Weekday
T20220013333,2022-06-13,10:05:00,1,Collision with vehicle,1,Monday,130,REAR END(VEHICLES IN SAME LANE),1,718488,Not at intersection,2,100,Freeway,EASTERN,WHITEHORSE,-37.80041,145.15242,2022,6,June,10,Midday,Weekday
T20220013374,2022-06-13,19:45:00,1,Collision with vehicle,1,Monday,133,LANE SIDE SWIPE (VEHICLES IN PARALLEL LANES),3,775308,Not at intersection,3,60,Arterial Highway,DEAKIN,MILDURA,-34.189484,142.15707,2022,6,June,19,Night,Weekday
T20220013379,2022-06-13,23:57:00,4,Collision with a fixed object,1,Monday,171,LEFT OFF CARRIAGEWAY INTO OBJECT/PARKED VEHICLE,5,747740,Not at intersection,2,100,Arterial Other,BAIRNSDALE-DARGO,EAST GIPPSLAND,-37.828537,147.5347,2022,6,June,23,Night,Weekday
T20220013455,2022-06-13,11:30:00,5,collision with some other object,1,Monday,166,STRUCK OBJECT ON CARRIAGEWAY,1,715342,Not at intersection,3,100,Local Road,RIVER,MOIRA,-35.98557,144.92482,2022,6,June,11,Midday,Weekday
T20220013361,2022-06-13,18:00:00,1,Collision with vehicle,1,Monday,121,RIGHT THROUGH,3,38405,T intersection,3,60,Arterial Other,RINGWOOD-WARRANDYTE,MANNINGHAM,-37.76946,145.23038,2022,6,June,18,Afternoon Peak,Weekday
T20220013957,2022-06-13,00:30:00,1,Collision with vehicle,1,Monday,137,LEFT TURN SIDESWIPE,3,782205,Not at intersection,3,60,Arterial Other,HEATHERTON,DANDENONG,-37.961864,145.1479,2022,6,June,0,Late Night,Weekday
T20220015274,2022-06-13,08:00:00,1,Collision with vehicle,1,Monday,111,RIGHT FAR (INTERSECTIONS ONLY),1,19480,T intersection,3,80,Arterial Highway,NORTHERN,MITCHELL,-37.32509,144.95692,2022,6,June,8,Morning Peak,Weekday
T20220013345,2022-06-13,13:07:00,8,No collision and no object struck,1,Monday,174,OUT OF CONTROL ON CARRIAGEWAY (ON STRAIGHT),1,48511,T intersection,3,100,Arterial Highway,SOUTH GIPPSLAND,CARDINIA,-38.21193,145.46844,2022,6,June,13,Midday,Weekday
T20220013323,2022-06-13,08:40:00,1,Collision with vehicle,1,Monday,142,LEAVING PARKING,1,715285,Not at intersection,3,40,Local Road,GAMON,MARIBYRNONG,-37.807243,144.8903,2022,6,June,8,Morning Peak,Weekday
T20220013322,2022-06-13,09:00:00,1,Collision with vehicle,1,Monday,130,REAR END(VEHICLES IN SAME LANE),1,715340,Not at intersection,3,60,Arterial Other,ANDERSON,BRIMBANK,-37.78008,144.82822,2022,6,June,9,Morning Peak,Weekday
T20220013319,2022-06-13,08:25:00,1,Collision with vehicle,1,Monday,111,RIGHT FAR (INTERSECTIONS ONLY),1,718487,Cross intersection,2,50,Arterial Highway,BRIDPORT,PYRENEES,-37.090424,143.47438,2022,6,June,8,Morning Peak,Weekday
T20220013535,2022-06-13,01:40:00,2,Struck Pedestrian,1,Monday,102,FAR SIDE. PED HIT BY VEHICLE FROM THE LEFT,3,36557,Cross intersection,3,40,Arterial Other,JOHNSTON,YARRA,-37.798958,144.98427,2022,6,June,1,Late Night,Weekday
T20220013332,2022-06-13,10:57:00,1,Collision with vehicle,1,Monday,148,VEHICLE OFF FOOTPATH STRIKES VEH ON CARRIAGEWAY,1,715614,Not at intersection,2,60,Freeway,LONSDALE-MORNINGTON PENINSULA IN,MORNINGTON PENINSULA,-38.354607,144.92513,2022,6,June,10,Midday,Weekday
T20220013330,2022-06-13,07:10:00,4,Collision with a fixed object,1,Monday,183,OFF LEFT BEND INTO OBJECT/PARKED VEHICLE,2,721768,Not at intersection,3,100,Local Road,DALYSTON-GLEN FORBES,BASS COAST,-38.471695,145.5426,2022,6,June,7,Morning Peak,Weekday
T20220014740,2022-06-13,20:00:00,2,Struck Pedestrian,1,Monday,108,PED STRUCK WALKING TO/FROM OR BOARDING/ALIGHTING VEHICLE.,6,719197,Not at intersection,3,100,Freeway,FRANKSTON,FRANKSTON,-38.102154,145.14136,2022,6,June,20,Night,Weekday
T20220015533,2022-06-13,12:00:00,1,Collision with vehicle,1,Monday,130,REAR END(VEHICLES IN SAME LANE),9,731884,Not at intersection,3,60,Freeway,WEST GATE,HOBSONS BAY,-37.82527,144.88324,2022,6,June,12,Midday,Weekday
T20220013318,2022-06-13,07:30:00,4,Collision with a fixed object,1,Monday,173,RIGHT OFF CARRIAGEWAY INTO OBJECT/PARKED VEHICLE,1,715613,T intersection,2,60,Arterial Highway,RACECOURSE,MOONEE VALLEY,-37.788757,144.93614,2022,6,June,7,Morning Peak,Weekday
T20220014079,2022-06-13,01:20:00,3,Struck animal,1,Monday,167,STRUCK ANIMAL,5,731788,T intersection,3,100,Arterial Other,GEELONG-BALLAN,MOORABOOL,-37.796825,144.21161,2022,6,June,1,Late Night,Weekday
T20220018896,2022-06-13,23:00:00,1,Collision with vehicle,1,Monday,130,REAR END(VEHICLES IN SAME LANE),9,50483,T intersection,3,70,Arterial Highway,HIGH,BENDIGO,-36.802956,144.24223,2022,6,June,23,Night,Weekday
T20220013317,2022-06-13,07:20:00,1,Collision with vehicle,1,Monday,116,LEFT NEAR (INTERSECTIONS ONLY),1,42608,T intersection,2,80,Arterial Highway,WELLINGTON,MONASH,-37.923126,145.19548,2022,6,June,7,Morning Peak,Weekday
T20220013316,2022-06-13,05:30:00,4,Collision with a fixed object,1,Monday,173,RIGHT OFF CARRIAGEWAY INTO OBJECT/PARKED VEHICLE,3,779383,Not at intersection,3,80,Freeway,HEATHERTON-MONASH OUT,CASEY,-37.97301,145.23843,2022,6,June,5,Morning Peak,Weekday
T20220013315,2022-06-13,05:03:00,4,Collision with a fixed object,1,Monday,171,LEFT OFF CARRIAGEWAY INTO OBJECT/PARKED VEHICLE,3,728145,Not at intersection,3,60,Arterial Highway,PUNT,PORT PHILLIP,-37.856064,144.98325,2022,6,June,5,Morning Peak,Weekday
T20220013603,2022-06-13,19:30:00,8,No collision and no object struck,1,Monday,170,OFF CARRIAGEWAY TO LEFT,3,715471,Not at intersection,3,100,Arterial Other,LOWER DUNEED,GEELONG,-38.253517,144.37573,2022,6,June,19,Night,Weekday
T20220013373,2022-06-13,19:50:00,4,Collision with a fixed object,1,Monday,181,OFF RIGHT BEND INTO OBJECT/PARKED VEHICLE,5,715390,Not at intersection,2,100,Local Road,AXEDALE-GOORNONG,BENDIGO,-36.637363,144.52536,2022,6,June,19,Night,Weekday
T20220013306,2022-06-13,00:41:00,1,Collision with vehicle,1,Monday,132,RIGHT REAR.,3,36872,Cross intersection,3,60,Arterial Other,CITY,MELBOURNE,-37.826782,144.9591,2022,6,June,0,Late Night,Weekday
T20220013629,2022-06-13,00:01:00,1,Collision with vehicle,1,Monday,132,RIGHT REAR.,3,715351,T intersection,2,80,Arterial Other,BERWICK-CRANBOURNE,CASEY,-38.09788,145.33144,2022,6,June,0,Late Night,Weekday
T20220013348,2022-06-13,13:30:00,1,Collision with vehicle,1,Monday,147,VEHICLE STRIKES ANOTHER VEH WHILE EMERGING FROM DRIVEWAY,1,754759,Not at intersection,2,60,Arterial Other,ANAKIE,GEELONG,-38.096992,144.33418,2022,6,June,13,Midday,Weekday
T20220013349,2022-06-13,02:00:00,1,Collision with vehicle,1,Monday,121,RIGHT THROUGH,3,44220,Cross intersection,3,60,Arterial Other,HIGH,WHITTLESEA,-37.640488,145.02657,2022,6,June,2,Late Night,Weekday
T20220013354,2022-06-13,10:30:00,1,Collision with vehicle,1,Monday,140,U TURN,1,719196,Cross intersection,2,40,Arterial Other,KING,MELBOURNE,-37.816372,144.95572,2022,6,June,10,Midday,Weekday
T20220013362,2022-06-13,18:45:00,8,No collision and no object struck,1,Monday,174,OUT OF CONTROL ON CARRIAGEWAY (ON STRAIGHT),3,45873,Cross intersection,3,60,Arterial Other,ST GEORGES,YARRA,-37.785667,144.98181,2022,6,June,18,Afternoon Peak,Weekday
T20220013364,2022-06-13,18:42:00,1,Collision with vehicle,1,Monday,121,RIGHT THROUGH,3,355365,Not at intersection,3,60,Arterial Other,HAMPSTEAD,MARIBYRNONG,-37.778423,144.87576,2022,6,June,18,Afternoon Peak,Weekday
T20220013438,2022-06-14,16:40:00,1,Collision with vehicle,2,Tuesday,130,REAR END(VEHICLES IN SAME LANE),2,718318,Not at intersection,3,80,Arterial Other,MELTON,BRIMBANK,-37.69682,144.77827,2022,6,June,16,Afternoon Peak,Weekday
T20220013935,2022-06-14,17:35:00,1,Collision with vehicle,2,Tuesday,130,REAR END(VEHICLES IN SAME LANE),1,715763,Cross intersection,3,70,Arterial Highway,SETTLEMENT,GEELONG,-38.181805,144.34767,2022,6,June,17,Afternoon Peak,Weekday
T20220013490,2022-06-14,08:30:00,1,Collision with vehicle,2,Tuesday,130,REAR END(VEHICLES IN SAME LANE),1,731067,Not at intersection,3,60,Arterial Highway,ASHMORE STREET -LUCAS,WANGARATTA,-36.3514,146.33372,2022,6,June,8,Morning Peak,Weekday
T20220013508,2022-06-14,19:00:00,2,Struck Pedestrian,2,Tuesday,102,FAR SIDE. PED HIT BY VEHICLE FROM THE LEFT,3,728028,Cross intersection,3,70,Arterial Highway,BURWOOD,WHITEHORSE,-37.849617,145.10892,2022,6,June,19,Night,Weekday
T20220013382,2022-06-14,06:00:00,4,Collision with a fixed object,2,Tuesday,173,RIGHT OFF CARRIAGEWAY INTO OBJECT/PARKED VEHICLE,3,785178,Not at intersection,2,80,Arterial Highway,CORIO-WAURN PONDS,GEELONG,-38.08262,144.35999,2022,6,June,6,Morning Peak,Weekday
T20220016294,2022-06-14,09:40:00,1,Collision with vehicle,2,Tuesday,113,RIGHT NEAR (INTERSECTIONS ONLY),1,71615,Cross intersection,3,70,Local Road,RAGLAN,WELLINGTON,-38.09812,147.06514,2022,6,June,9,Morning Peak,Weekday
T20220013387,2022-06-14,07:46:00,1,Collision with vehicle,2,Tuesday,121,RIGHT THROUGH,1,68187,T intersection,3,60,Arterial Other,STEPHENSONS,MONASH,-37.87706,145.1288,2022,6,June,7,Morning Peak,Weekday
T20220013388,2022-06-14,07:19:00,4,Collision with a fixed object,2,Tuesday,173,RIGHT OFF CARRIAGEWAY INTO OBJECT/PARKED VEHICLE,1,715615,Not at intersection,2,60,Arterial Highway,NEPEAN,KINGSTON,-38.06838,145.1204,2022,6,June,7,Morning Peak,Weekday
T20220013389,2022-06-14,08:26:00,1,Collision with vehicle,2,Tuesday,110,CROSS TRAFFIC(INTERSECTIONS ONLY),1,29749,Cross intersection,2,60,Local Road,ALOMA,WYNDHAM,-37.890205,144.62544,2022,6,June,8,Morning Peak,Weekday
T20220013393,2022-06-14,08:30:00,1,Collision with vehicle,2,Tuesday,149,OTHER MANOEUVRING NOT INCLUDED IN DCAs 140-148,1,735445,Not at intersection,3,100,Arterial Other,MONASH,LATROBE,-38.28064,146.41211,2022,6,June,8,Morning Peak,Weekday
T20220013400,2022-06-14,09:15:00,8,No collision and no object struck,2,Tuesday,184,OUT OF CONTROL ON CARRIAGEWAY (ON BEND),1,728029,Y intersection,3,50,Local Road,SCHOOL,EAST GIPPSLAND,-37.893017,147.6852,2022,6,June,9,Morning Peak,Weekday
T20220013404,2022-06-14,08:30:00,8,No collision and no object struck,2,Tuesday,174,OUT OF CONTROL ON CARRIAGEWAY (ON STRAIGHT),1,718490,Not at intersection,3,80,Local Road,ARTHURS,WEST WIMMERA,-35.911312,141.15063,2022,6,June,8,Morning Peak,Weekday
T20220013405,2022-06-14,08:10:00,1,Collision with vehicle,2,Tuesday,160,VEHICLE COLLIDES WITH VEHICLE PARKED ON LEFT OF ROAD,1,688919,Not at intersection,3,50,Arterial Other,YARRA,BOROONDARA,-37.79378,145.01518,2022,6,June,8,Morning Peak,Weekday
T20220013406,2022-06-14,12:45:00,1,Collision with vehicle,2,Tuesday,110,CROSS TRAFFIC(INTERSECTIONS ONLY),1,774665,Cross intersection,3,100,Local Road,COORONG,MILDURA,-34.25993,142.16193,2022,6,June,12,Midday,Weekday
T20220013411,2022-06-14,14:23:00,2,Struck Pedestrian,2,Tuesday,100,PED NEAR SIDE. PED HIT BY VEHICLE FROM THE RIGHT.,1,719204,Not at intersection,2,60,Arterial Highway,CITY,MELBOURNE,-37.8214,144.96693,2022,6,June,14,Midday,Weekday
T20220014354,2022-06-14,06:45:00,1,Collision with vehicle,2,Tuesday,130,REAR END(VEHICLES IN SAME LANE),2,774606,Not at intersection,3,80,Arterial Highway,GREENSBOROUGH,BANYULE,-37.697536,145.09157,2022,6,June,6,Morning Peak,Weekday
T20220013821,2022-06-14,15:30:00,1,Collision with vehicle,2,Tuesday,130,REAR END(VEHICLES IN SAME LANE),1,714823,T intersection,3,60,Arterial Other,GRANGE,DAREBIN,-37.77394,145.02602,2022,6,June,15,Afternoon Peak,Weekday
T20220013418,2022-06-14,16:56:00,1,Collision with vehicle,2,Tuesday,120,HEAD ON (NOT OVERTAKING),2,715109,Not at intersection,2,50,Local Road,CAHILL,MELTON,-37.698486,144.55876,2022,6,June,16,Afternoon Peak,Weekday
T20220013427,2022-06-14,17:50:00,1,Collision with vehicle,2,Tuesday,130,REAR END(VEHICLES IN SAME LANE),3,715616,Not at intersection,2,80,Arterial Other,PRINCES,CASEY,-38.028343,145.32379,2022,6,June,17,Afternoon Peak,Weekday
T20220013433,2022-06-14,19:06:00,2,Struck Pedestrian,2,Tuesday,100,PED NEAR SIDE. PED HIT BY VEHICLE FROM THE RIGHT.,3,737311,Not at intersection,2,60,Local Road,GEORGE,MANNINGHAM,-37.78167,145.15584,2022,6,June,19,Night,Weekday
T20220013436,2022-06-14,19:50:00,1,Collision with vehicle,2,Tuesday,140,U TURN,3,718492,Not at intersection,2,70,Arterial Other,BALLARAT,BRIMBANK,-37.768543,144.76848,2022,6,June,19,Night,Weekday
T20220013437,2022-06-14,19:35:00,2,Struck Pedestrian,2,Tuesday,100,PED NEAR SIDE. PED HIT BY VEHICLE FROM THE RIGHT.,5,43887,Cross intersection,3,60,Local Road,DUFF,CASEY,-38.10129,145.27852,2022,6,June,19,Night,Weekday
T20220013440,2022-06-14,20:30:00,1,Collision with vehicle,2,Tuesday,130,REAR END(VEHICLES IN SAME LANE),3,715110,Not at intersection,3,80,Freeway,WEST GATE,HOBSONS BAY,-37.825775,144.82378,2022,6,June,20,Night,Weekday
T20220013442,2022-06-14,23:50:00,4,Collision with a fixed object,2,Tuesday,173,RIGHT OFF CARRIAGEWAY INTO OBJECT/PARKED VEHICLE,3,735853,Not at intersection,2,60,Arterial Other,MAIN,BALLARAT,-37.571526,143.87079,2022,6,June,23,Night,Weekday
T20220015145,2022-06-14,12:20:00,4,Collision with a fixed object,2,Tuesday,179,OTHER ACCIDENTS-OFF STRAIGHT NOT INCLUDED IN DCAs 170-175,1,774624,Not at intersection,3,60,Local Road,JETTY,MORNINGTON PENINSULA,-38.36042,144.90903,2022,6,June,12,Midday,Weekday
T20220013479,2022-06-14,17:55:00,3,Struck animal,2,Tuesday,167,STRUCK ANIMAL,2,715242,Not at intersection,2,100,Local Road,GLENLOFTY-WARRENMANG,PYRENEES,-37.06229,143.24889,2022,6,June,17,Afternoon Peak,Weekday
T20220013548,2022-06-14,18:10:00,1,Collision with vehicle,2,Tuesday,130,REAR END(VEHICLES IN SAME LANE),3,785170,Not at intersection,3,80,Arterial Other,CANTERBURY,YARRA RANGES,-37.817352,145.31964,2022,6,June,18,Afternoon Peak,Weekday
T20220018710,2022-06-14,06:30:00,1,Collision with vehicle,2,Tuesday,121,RIGHT THROUGH,1,260158,Not at intersection,3,60,Arterial Other,COBURNS,MELTON,-37.68635,144.56778,2022,6,June,6,Morning Peak,Weekday
T20220013910,2022-06-15,11:30:00,1,Collision with vehicle,3,Wednesday,147,VEHICLE STRIKES ANOTHER VEH WHILE EMERGING FROM DRIVEWAY,1,310219,Not at intersection,3,60,Arterial Other,BAY,KINGSTON,-37.957157,145.04941,2022,6,June,11,Midday,Weekday
T20220013687,2022-06-15,19:30:00,2,Struck Pedestrian,3,Wednesday,102,FAR SIDE. PED HIT BY VEHICLE FROM THE LEFT,6,715474,T intersection,2,50,Local Road,CAROLINE,MOONEE VALLEY,-37.759808,144.89558,2022,6,June,19,Night,Weekday
T20220013511,2022-06-15,17:20:00,2,Struck Pedestrian,3,Wednesday,100,PED NEAR SIDE. PED HIT BY VEHICLE FROM THE RIGHT.,3,29447,Cross intersection,3,60,Arterial Other,BRIDGE,YARRA,-37.819504,145.00829,2022,6,June,17,Afternoon Peak,Weekday
T20220013671,2022-06-15,10:45:00,1,Collision with vehicle,3,Wednesday,131,LEFT REAR,1,322873,Cross intersection,3,70,Arterial Highway,FERNTREE GULLY,MONASH,-37.90362,145.16139,2022,6,June,10,Midday,Weekday
T20220013509,2022-06-15,16:45:00,1,Collision with vehicle,3,Wednesday,121,RIGHT THROUGH,2,715244,Not at intersection,3,60,Local Road,CAMBRIDGE,YARRA RANGES,-37.79329,145.3175,2022,6,June,16,Afternoon Peak,Weekday
T20220013880,2022-06-15,00:53:00,1,Collision with vehicle,3,Wednesday,110,CROSS TRAFFIC(INTERSECTIONS ONLY),3,57527,Cross intersection,3,60,Arterial Highway,BRIGHTON ROAD -ST KILDA,PORT PHILLIP,-37.867973,144.98727,2022,6,June,0,Late Night,Weekday
T20220013507,2022-06-15,16:17:00,4,Collision with a fixed object,3,Wednesday,171,LEFT OFF CARRIAGEWAY INTO OBJECT/PARKED VEHICLE,1,715619,Not at intersection,3,50,Local Road,PRINCE EDWARD,WHITEHORSE,-37.81482,145.21318,2022,6,June,16,Afternoon Peak,Weekday
T20220013501,2022-06-15,14:45:00,4,Collision with a fixed object,3,Wednesday,173,RIGHT OFF CARRIAGEWAY INTO OBJECT/PARKED VEHICLE,1,719217,Not at intersection,2,50,Arterial Highway,HIGH,BENDIGO,-36.920013,144.70677,2022,6,June,14,Midday,Weekday
T20220013488,2022-06-15,13:08:00,4,Collision with a fixed object,3,Wednesday,173,RIGHT OFF CARRIAGEWAY INTO OBJECT/PARKED VEHICLE,1,731066,Not at intersection,3,80,Arterial Highway,BURWOOD,KNOX,-37.883255,145.27957,2022,6,June,13,Midday,Weekday
T20220013517,2022-06-15,16:09:00,2,Struck Pedestrian,3,Wednesday,102,FAR SIDE. PED HIT BY VEHICLE FROM THE LEFT,1,715346,Not at intersection,3,50,Local Road,RAMSAY,MOORABOOL,-37.651394,144.42322,2022,6,June,16,Afternoon Peak,Weekday
T20220013543,2022-06-15,12:09:00,2,Struck Pedestrian,3,Wednesday,103,PED PLAYING/LYING/WORKING/STANDING ON CARRIAGEWAY.,1,64923,T intersection,3,40,Local Road,BEVERLEY,MANNINGHAM,-37.792023,145.16881,2022,6,June,12,Midday,Weekday
T20220013485,2022-06-15,12:10:00,4,Collision with a fixed object,3,Wednesday,171,LEFT OFF CARRIAGEWAY INTO OBJECT/PARKED VEHICLE,1,731065,Not at intersection,2,100,Arterial Other,CHILTERN-HOWLONG,INDIGO,-36.02617,146.62268,2022,6,June,12,Midday,Weekday
T20220013483,2022-06-15,11:30:00,1,Collision with vehicle,3,Wednesday,121,RIGHT THROUGH,1,718496,Multiple intersection,2,70,Arterial Highway,WOODLANDS,KINGSTON,-37.98769,145.11761,2022,6,June,11,Midday,Weekday
T20220013482,2022-06-15,10:48:00,2,Struck Pedestrian,3,Wednesday,100,PED NEAR SIDE. PED HIT BY VEHICLE FROM THE RIGHT.,1,715759,T intersection,3,50,Local Road,TOWERHILL,FRANKSTON,-38.16254,145.13338,2022,6,June,10,Midday,Weekday
T20220013481,2022-06-15,13:00:00,2,Struck Pedestrian,3,Wednesday,100,PED NEAR SIDE. PED HIT BY VEHICLE FROM THE RIGHT.,1,715243,Cross intersection,3,80,Arterial Highway,NEPEAN,BAYSIDE,-37.933083,145.03435,2022,6,June,13,Midday,Weekday
T20220014065,2022-06-15,06:15:00,1,Collision with vehicle,3,Wednesday,135,LANE CHANGE LEFT (NOT OVERTAKING),3,716069,Not at intersection,3,70,Arterial Highway,LATROBE,GEELONG,-38.153244,144.35153,2022,6,June,6,Morning Peak,Weekday
T20220013473,2022-06-15,07:39:00,1,Collision with vehicle,3,Wednesday,121,RIGHT THROUGH,1,263346,Cross intersection,2,70,Local Road,LENNON,WYNDHAM,-37.89859,144.73897,2022,6,June,7,Morning Peak,Weekday
T20220013524,2022-06-15,17:38:00,2,Struck Pedestrian,3,Wednesday,102,FAR SIDE. PED HIT BY VEHICLE FROM THE LEFT,5,719550,Not at intersection,2,80,Arterial Other,BAXTER-TOORADIN,CASEY,-38.20146,145.22273,2022,6,June,17,Afternoon Peak,Weekday
T20220014606,2022-06-15,07:40:00,1,Collision with vehicle,3,Wednesday,130,REAR END(VEHICLES IN SAME LANE),1,264231,Not at intersection,3,80,Freeway,CITYLINK,YARRA,-37.830284,145.01541,2022,6,June,7,Morning Peak,Weekday
T20220013662,2022-06-15,14:23:00,1,Collision with vehicle,3,Wednesday,121,RIGHT THROUGH,1,40644,Multiple intersection,3,60,Arterial Other,RIVERSDALE,WHITEHORSE,-37.837505,145.11137,2022,6,June,14,Midday,Weekday
T20220013471,2022-06-15,10:10:00,4,Collision with a fixed object,3,Wednesday,173,RIGHT OFF CARRIAGEWAY INTO OBJECT/PARKED VEHICLE,1,715467,Not at intersection,2,60,Arterial Other,ANAKIE,GEELONG,-38.10429,144.33278,2022,6,June,10,Midday,Weekday
T20220013518,2022-06-15,17:16:00,1,Collision with vehicle,3,Wednesday,113,RIGHT NEAR (INTERSECTIONS ONLY),3,42680,T intersection,2,80,Arterial Other,WELLINGTON,YARRA RANGES,-37.961178,145.36115,2022,6,June,17,Afternoon Peak,Weekday
T20220013464,2022-06-15,06:30:00,4,Collision with a fixed object,3,Wednesday,183,OFF LEFT BEND INTO OBJECT/PARKED VEHICLE,2,715466,T intersection,3,80,Local Road,SOMERSET PARK,BENDIGO,-36.780376,144.36813,2022,6,June,6,Morning Peak,Weekday
T20220013523,2022-06-15,19:42:00,1,Collision with vehicle,3,Wednesday,130,REAR END(VEHICLES IN SAME LANE),3,277404,Not at intersection,3,60,Freeway,KINGS-WEST GATE OUT,PORT PHILLIP,-37.828835,144.9631,2022,6,June,19,Night,Weekday
T20220013454,2022-06-15,08:03:00,1,Collision with vehicle,3,Wednesday,134,LANE CHANGE RIGHT (NOT OVERTAKING),1,718495,Not at intersection,3,60,Freeway,WEST GATE IN-POWER,MELBOURNE,-37.827015,144.96341,2022,6,June,8,Morning Peak,Weekday
T20220013463,2022-06-15,09:20:00,1,Collision with vehicle,3,Wednesday,116,LEFT NEAR (INTERSECTIONS ONLY),1,38600,T intersection,2,60,Arterial Other,SUNSHINE,MARIBYRNONG,-37.799442,144.8612,2022,6,June,9,Morning Peak,Weekday
T20220013462,2022-06-15,08:35:00,1,Collision with vehicle,3,Wednesday,132,RIGHT REAR.,1,715617,T intersection,3,80,Arterial Other,MORNINGTON-TYABB,MORNINGTON PENINSULA,-38.259975,145.15512,2022,6,June,8,Morning Peak,Weekday
T20220013519,2022-06-15,19:15:00,1,Collision with vehicle,3,Wednesday,131,LEFT REAR,3,731069,T intersection,3,50,Arterial Other,MONBULK,YARRA RANGES,-37.883457,145.37056,2022,6,June,19,Night,Weekday
T20220013642,2022-06-15,16:48:00,1,Collision with vehicle,3,Wednesday,130,REAR END(VEHICLES IN SAME LANE),1,715622,Not at intersection,3,80,Arterial Highway,PRINCES,LATROBE,-38.218224,146.47537,2022,6,June,16,Afternoon Peak,Weekday
T20220013533,2022-06-15,22:00:00,1,Collision with vehicle,3,Wednesday,140,U TURN,3,690926,Cross intersection,2,60,Arterial Highway,SOUTH GIPPSLAND,CASEY,-38.1131,145.28279,2022,6,June,22,Night,Weekday
T20220013530,2022-06-15,20:39:00,4,Collision with a fixed object,3,Wednesday,175,OFF END OF ROAD/T-INTERSECTION.,3,50199,T intersection,2,80,Local Road,MOOLAP STATION,GEELONG,-38.184513,144.41905,2022,6,June,20,Night,Weekday
T20220013584,2022-06-15,09:10:00,1,Collision with vehicle,3,Wednesday,115,RIGHT/LEFT FAR (INTERSECTIONS ONLY),1,295552,Cross intersection,3,50,Local Road,COLLIER,MORELAND,-37.771713,144.94688,2022,6,June,9,Morning Peak,Weekday
T20220013587,2022-06-15,15:50:00,1,Collision with vehicle,3,Wednesday,113,RIGHT NEAR (INTERSECTIONS ONLY),1,782215,T intersection,3,60,Arterial Other,BALLAN,WYNDHAM,-37.856136,144.59029,2022,6,June,15,Afternoon Peak,Weekday
T20220013602,2022-06-15,16:50:00,1,Collision with vehicle,3,Wednesday,130,REAR END(VEHICLES IN SAME LANE),2,715348,T intersection,3,60,Arterial Other,BEACONSFIELD,PORT PHILLIP,-37.849167,144.95146,2022,6,June,16,Afternoon Peak,Weekday
T20220013489,2022-06-15,12:20:00,1,Collision with vehicle,3,Wednesday,130,REAR END(VEHICLES IN SAME LANE),1,774587,T intersection,3,60,Arterial Highway,WARRIGAL,MONASH,-37.895096,145.08781,2022,6,June,12,Midday,Weekday
T20220013513,2022-06-15,13:35:00,4,Collision with a fixed object,3,Wednesday,181,OFF RIGHT BEND INTO OBJECT/PARKED VEHICLE,1,715668,Not at intersection,1,100,Arterial Other,BUXTON-MARYSVILLE,MURRINDINDI,-37.45481,145.7271,2022,6,June,13,Midday,Weekday
T20220013616,2022-06-16,17:42:00,2,Struck Pedestrian,4,Thursday,100,PED NEAR SIDE. PED HIT BY VEHICLE FROM THE RIGHT.,2,278642,Cross intersection,2,70,Local Road,PENROSE,WYNDHAM,-37.832474,144.67615,2022,6,June,17,Afternoon Peak,Weekday
T20220025960,2022-06-16,16:20:00,1,Collision with vehicle,4,Thursday,130,REAR END(VEHICLES IN SAME LANE),9,736284,Not at intersection,3,80,Freeway,CALDER,BRIMBANK,-37.7202,144.84,2022,6,June,16,Afternoon Peak,Weekday
T20220013883,2022-06-16,15:00:00,1,Collision with vehicle,4,Thursday,134,LANE CHANGE RIGHT (NOT OVERTAKING),1,727892,Not at intersection,3,60,Arterial Other,JASPER,GLEN EIRA,-37.90537,145.04396,2022,6,June,15,Afternoon Peak,Weekday
T20220014018,2022-06-16,12:40:00,8,No collision and no object struck,4,Thursday,199,UNKNOWN-NO DETAILS ON MANOEUVRES OF ROAD-USERS IN ACCIDENT,1,782216,Not at intersection,3,40,Local Road,ROSEBERRY,DAREBIN,-37.73881,145.00407,2022,6,June,12,Midday,Weekday
T20220013619,2022-06-16,17:22:00,1,Collision with vehicle,4,Thursday,130,REAR END(VEHICLES IN SAME LANE),3,731129,Not at intersection,3,70,Arterial Other,BAYSWATER,MAROONDAH,-37.814568,145.26933,2022,6,June,17,Afternoon Peak,Weekday
T20220014253,2022-06-16,14:00:00,1,Collision with vehicle,4,Thursday,145,REVERSING IN STREAM OF TRAFFIC,1,44520,Cross intersection,3,60,Arterial Other,PLENTY,WHITTLESEA,-37.586998,145.10326,2022,6,June,14,Midday,Weekday
T20220013622,2022-06-16,17:55:00,1,Collision with vehicle,4,Thursday,113,RIGHT NEAR (INTERSECTIONS ONLY),3,29645,T intersection,2,60,Arterial Other,NORMANBY ROAD -SMITH,GLEN EIRA,-37.87566,145.0396,2022,6,June,17,Afternoon Peak,Weekday