ACCIDENT_NO,ACCIDENT_DATE,ACCIDENT_TIME,ACCIDENT_TYPE,ACCIDENT_TYPE_DESC,DAY_OF_WEEK,DAY_WEEK_DESC,DCA_CODE,DCA_DESC,LIGHT_CONDITION,NODE_ID,ROAD_GEOMETRY_DESC,SEVERITY,SPEED_ZONE,RMA,ROAD_NAME,LGA_NAME,LATITUDE,LONGITUDE,YEAR,MONTH,MONTH_NAME,HOUR,TIME_PERIOD,DAY_TYPE
T20220013624,2022-06-16,18:55:00,2,Struck Pedestrian,4,Thursday,100,PED NEAR SIDE. PED HIT BY VEHICLE FROM THE RIGHT.,3,46387,Cross intersection,1,70,Arterial Highway,LATROBE,GEELONG,-38.147415,144.35263,2022,6,June,18,Afternoon Peak,Weekday
T20220014427,2022-06-16,16:30:00,1,Collision with vehicle,4,Thursday,135,LANE CHANGE LEFT (NOT OVERTAKING),1,720303,Not at intersection,3,80,Arterial Other,SYDNEY,HUME,-37.652504,144.95258,2022,6,June,16,Afternoon Peak,Weekday
T20220018991,2022-06-16,07:15:00,1,Collision with vehicle,4,Thursday,130,REAR END(VEHICLES IN SAME LANE),2,722549,Not at intersection,3,80,Arterial Other,CARDINIA,CARDINIA,-38.077187,145.43459,2022,6,June,7,Morning Peak,Weekday
T20220013666,2022-06-16,15:45:00,1,Collision with vehicle,4,Thursday,130,REAR END(VEHICLES IN SAME LANE),1,192,T intersection,3,60,Arterial Highway,FRANKSTON-DANDENONG,DANDENONG,-38.0185,145.21455,2022,6,June,15,Afternoon Peak,Weekday
T20220013940,2022-06-16,11:30:00,1,Collision with vehicle,4,Thursday,130,REAR END(VEHICLES IN SAME LANE),1,32859,T intersection,3,80,Arterial Highway,CHELTENHAM,DANDENONG,-37.991413,145.2102,2022,6,June,11,Midday,Weekday
T20220013552,2022-06-16,07:39:00,1,Collision with vehicle,4,Thursday,110,CROSS TRAFFIC(INTERSECTIONS ONLY),2,715807,Cross intersection,2,60,Arterial Highway,CRESWICK,BALLARAT,-37.527866,143.84862,2022,6,June,7,Morning Peak,Weekday
T20220013604,2022-06-16,16:29:00,1,Collision with vehicle,4,Thursday,130,REAR END(VEHICLES IN SAME LANE),1,715760,Not at intersection,3,80,Arterial Other,STRATHFIELDSAYE,BENDIGO,-36.792336,144.33849,2022,6,June,16,Afternoon Peak,Weekday
T20220013605,2022-06-16,14:40:00,1,Collision with vehicle,4,Thursday,120,HEAD ON (NOT OVERTAKING),1,722652,Not at intersection,3,80,Arterial Other,CRANBOURNE,CASEY,-38.026337,145.30661,2022,6,June,14,Midday,Weekday
T20220018314,2022-06-16,20:30:00,1,Collision with vehicle,4,Thursday,130,REAR END(VEHICLES IN SAME LANE),6,721590,Not at intersection,3,70,Arterial Other,OLD PRINCES,CARDINIA,-38.054974,145.38187,2022,6,June,20,Night,Weekday
T20220016379,2022-06-16,16:45:00,1,Collision with vehicle,4,Thursday,121,RIGHT THROUGH,1,52047,T intersection,3,70,Arterial Other,RAGLAN,WELLINGTON,-38.098965,147.07285,2022,6,June,16,Afternoon Peak,Weekday
T20220013572,2022-06-16,11:59:00,2,Struck Pedestrian,4,Thursday,109,ANY MANOEUVRE INVOLVING PED NOT INCLUDED IN DCAs 100-108.,1,735446,Not at intersection,3,40,Local Road,DUNCAN,DAREBIN,-37.77692,145.01826,2022,6,June,11,Midday,Weekday
T20220013549,2022-06-16,06:55:00,1,Collision with vehicle,4,Thursday,130,REAR END(VEHICLES IN SAME LANE),3,727904,Not at intersection,3,70,Arterial Other,MOUNT DANDENONG,MAROONDAH,-37.811413,145.23921,2022,6,June,6,Morning Peak,Weekday
T20220013611,2022-06-16,14:49:00,2,Struck Pedestrian,4,Thursday,101,PED EMERGES FROM IN FRONT OF PARKED OR STATIONARY VEHICLE,1,715350,Not at intersection,2,60,Arterial Other,HIGH,WHITTLESEA,-37.674183,145.01498,2022,6,June,14,Midday,Weekday
T20220013554,2022-06-16,06:46:00,4,Collision with a fixed object,4,Thursday,181,OFF RIGHT BEND INTO OBJECT/PARKED VEHICLE,3,718739,Not at intersection,3,50,Local Road,BRINDY,MANNINGHAM,-37.795837,145.14351,2022,6,June,6,Morning Peak,Weekday
T20220013583,2022-06-16,09:00:00,1,Collision with vehicle,4,Thursday,130,REAR END(VEHICLES IN SAME LANE),1,222523,Cross intersection,3,80,Arterial Highway,BURWOOD,WHITEHORSE,-37.849426,145.10901,2022,6,June,9,Morning Peak,Weekday
T20220013571,2022-06-16,11:20:00,1,Collision with vehicle,4,Thursday,160,VEHICLE COLLIDES WITH VEHICLE PARKED ON LEFT OF ROAD,1,727885,Not at intersection,3,50,Local Road,CHESTERVILLE,GLEN EIRA,-37.923626,145.06561,2022,6,June,11,Midday,Weekday
T20220013634,2022-06-16,23:30:00,1,Collision with vehicle,4,Thursday,160,VEHICLE COLLIDES WITH VEHICLE PARKED ON LEFT OF ROAD,3,727762,Not at intersection,3,60,Arterial Other,BURKE,BOROONDARA,-37.84284,145.05452,2022,6,June,23,Night,Weekday
T20220015176,2022-06-16,15:00:00,1,Collision with vehicle,4,Thursday,116,LEFT NEAR (INTERSECTIONS ONLY),1,683186,T intersection,3,80,Arterial Highway,PRINCES,CASEY,-38.01129,145.28362,2022,6,June,15,Afternoon Peak,Weekday
T20220013631,2022-06-16,22:05:00,2,Struck Pedestrian,4,Thursday,102,FAR SIDE. PED HIT BY VEHICLE FROM THE LEFT,3,38709,Cross intersection,3,60,Arterial Other,BALLARAT,MARIBYRNONG,-37.791183,144.8895,2022,6,June,22,Night,Weekday
T20220013635,2022-06-16,18:33:00,1,Collision with vehicle,4,Thursday,113,RIGHT NEAR (INTERSECTIONS ONLY),3,353559,Cross intersection,2,80,Arterial Highway,PRINCES,DANDENONG,-38.003372,145.24911,2022,6,June,18,Afternoon Peak,Weekday
T20220013576,2022-06-16,11:51:00,1,Collision with vehicle,4,Thursday,121,RIGHT THROUGH,1,715621,T intersection,3,60,Local Road,HARKNESS,MELTON,-37.66368,144.53522,2022,6,June,11,Midday,Weekday
T20220013630,2022-06-16,15:06:00,1,Collision with vehicle,4,Thursday,110,CROSS TRAFFIC(INTERSECTIONS ONLY),1,727872,Cross intersection,3,40,Local Road,GLENROY,MORELAND,-37.706306,144.92865,2022,6,June,15,Afternoon Peak,Weekday
T20220013555,2022-06-16,07:53:00,4,Collision with a fixed object,4,Thursday,171,LEFT OFF CARRIAGEWAY INTO OBJECT/PARKED VEHICLE,1,727903,Not at intersection,2,100,Arterial Other,HEALESVILLE-KOO WEE RUP,YARRA RANGES,-37.836563,145.51788,2022,6,June,7,Morning Peak,Weekday
T20220013545,2022-06-16,03:54:00,4,Collision with a fixed object,4,Thursday,171,LEFT OFF CARRIAGEWAY INTO OBJECT/PARKED VEHICLE,3,715245,Not at intersection,1,80,Arterial Other,PLENTY,WHITTLESEA,-37.67806,145.06956,2022,6,June,3,Late Night,Weekday
T20220013621,2022-06-16,19:17:00,1,Collision with vehicle,4,Thursday,121,RIGHT THROUGH,3,774669,Cross intersection,2,70,Arterial Other,MELROSE,HUME,-37.707127,144.88603,2022,6,June,19,Night,Weekday
T20220013557,2022-06-16,08:20:00,1,Collision with vehicle,4,Thursday,113,RIGHT NEAR (INTERSECTIONS ONLY),1,40123,T intersection,2,50,Arterial Highway,BRIGHTON,PORT PHILLIP,-37.869675,144.98811,2022,6,June,8,Morning Peak,Weekday
T20220013588,2022-06-16,13:50:00,1,Collision with vehicle,4,Thursday,140,U TURN,1,45153,T intersection,2,50,Local Road,KING,HUME,-37.66683,144.94226,2022,6,June,13,Midday,Weekday
T20220015027,2022-06-16,13:10:00,4,Collision with a fixed object,4,Thursday,181,OFF RIGHT BEND INTO OBJECT/PARKED VEHICLE,1,727882,Not at intersection,3,60,Arterial Other,MONBULK,YARRA RANGES,-37.882824,145.39052,2022,6,June,13,Midday,Weekday
T20220013592,2022-06-16,15:10:00,2,Struck Pedestrian,4,Thursday,102,FAR SIDE. PED HIT BY VEHICLE FROM THE LEFT,1,718498,T intersection,3,40,Local Road,HAROLD,KNOX,-37.857784,145.23009,2022,6,June,15,Afternoon Peak,Weekday
T20220013593,2022-06-16,14:32:00,1,Collision with vehicle,4,Thursday,140,U TURN,1,774668,Not at intersection,2,60,Local Road,WATERDALE,BANYULE,-37.75314,145.0457,2022,6,June,14,Midday,Weekday
T20220013553,2022-06-16,07:03:00,2,Struck Pedestrian,4,Thursday,102,FAR SIDE. PED HIT BY VEHICLE FROM THE LEFT,3,756011,Not at intersection,2,50,Local Road,OAK,MITCHELL,-37.028984,145.14426,2022,6,June,7,Morning Peak,Weekday
T20220013568,2022-06-16,11:17:00,4,Collision with a fixed object,4,Thursday,173,RIGHT OFF CARRIAGEWAY INTO OBJECT/PARKED VEHICLE,1,727764,Not at intersection,3,100,Local Road,PYRAMID-YARRABERB,LODDON,-36.525047,144.1404,2022,6,June,11,Midday,Weekday
T20220013596,2022-06-16,14:55:00,1,Collision with vehicle,4,Thursday,148,VEHICLE OFF FOOTPATH STRIKES VEH ON CARRIAGEWAY,1,725935,Not at intersection,2,60,Local Road,MOOREFIELD PARK,WODONGA,-36.113075,146.86096,2022,6,June,14,Midday,Weekday
T20220013628,2022-06-16,20:59:00,8,No collision and no object struck,4,Thursday,174,OUT OF CONTROL ON CARRIAGEWAY (ON STRAIGHT),3,727765,Not at intersection,3,40,Arterial Other,KING,MELBOURNE,-37.816036,144.95557,2022,6,June,20,Night,Weekday
T20220014053,2022-06-16,07:00:00,1,Collision with vehicle,4,Thursday,121,RIGHT THROUGH,3,35714,Cross intersection,3,60,Arterial Other,ROYAL PARADE -SYDNEY,MORELAND,-37.778046,144.96024,2022,6,June,7,Morning Peak,Weekday
T20220013579,2022-06-16,13:20:00,7,Fall from or in moving vehicle,4,Thursday,184,OUT OF CONTROL ON CARRIAGEWAY (ON BEND),1,778808,Not at intersection,3,100,Arterial Other,KORUMBURRA-WARRAGUL,BAW BAW,-38.2091,145.9241,2022,6,June,13,Midday,Weekday
T20220013609,2022-06-16,16:40:00,1,Collision with vehicle,4,Thursday,121,RIGHT THROUGH,1,299402,T intersection,3,100,Arterial Other,TRENTHAM FALLS,HEPBURN,-37.374454,144.35059,2022,6,June,16,Afternoon Peak,Weekday
T20220013902,2022-06-17,17:45:00,1,Collision with vehicle,5,Friday,130,REAR END(VEHICLES IN SAME LANE),1,738347,Not at intersection,3,80,Freeway,TULLAMARINE,MOONEE VALLEY,-37.73471,144.89638,2022,6,June,17,Afternoon Peak,Weekday
T20220014246,2022-06-17,12:34:00,1,Collision with vehicle,5,Friday,113,RIGHT NEAR (INTERSECTIONS ONLY),1,589978,Cross intersection,3,60,Arterial Highway,PROGRESS,DANDENONG,-38.0019,145.23676,2022,6,June,12,Midday,Weekday
T20220013686,2022-06-17,15:29:00,2,Struck Pedestrian,5,Friday,100,PED NEAR SIDE. PED HIT BY VEHICLE FROM THE RIGHT.,1,718503,T intersection,2,50,Local Road,MUNDY,GEELONG,-38.157352,144.35939,2022,6,June,15,Afternoon Peak,Weekday
T20220013691,2022-06-17,15:30:00,1,Collision with vehicle,5,Friday,147,VEHICLE STRIKES ANOTHER VEH WHILE EMERGING FROM DRIVEWAY,1,715624,Not at intersection,2,60,Arterial Other,FELLMONGERS,GEELONG,-38.179478,144.37195,2022,6,June,15,Afternoon Peak,Weekday
T20220013692,2022-06-17,15:57:00,4,Collision with a fixed object,5,Friday,171,LEFT OFF CARRIAGEWAY INTO OBJECT/PARKED VEHICLE,1,725437,Not at intersection,2,100,Arterial Highway,BELLARINE,GEELONG,-38.19355,144.4807,2022,6,June,15,Afternoon Peak,Weekday
T20220013693,2022-06-17,17:39:00,1,Collision with vehicle,5,Friday,130,REAR END(VEHICLES IN SAME LANE),2,715625,Not at intersection,3,100,Freeway,GEELONG RING,GEELONG,-38.177303,144.29486,2022,6,June,17,Afternoon Peak,Weekday
T20220013694,2022-06-17,16:50:00,2,Struck Pedestrian,5,Friday,100,PED NEAR SIDE. PED HIT BY VEHICLE FROM THE RIGHT.,1,715974,T intersection,2,40,Local Road,IVANHOE,BANYULE,-37.766857,145.0447,2022,6,June,16,Afternoon Peak,Weekday
T20220027086,2022-06-17,10:00:00,1,Collision with vehicle,5,Friday,130,REAR END(VEHICLES IN SAME LANE),1,738638,Not at intersection,3,60,Arterial Other,MT ALEXANDER,MOONEE VALLEY,-37.751785,144.91548,2022,6,June,10,Midday,Weekday
T20220013699,2022-06-17,15:30:00,1,Collision with vehicle,5,Friday,130,REAR END(VEHICLES IN SAME LANE),1,715627,Multiple intersection,3,80,Freeway,OHERNS,WHITTLESEA,-37.63399,144.99362,2022,6,June,15,Afternoon Peak,Weekday
T20220013701,2022-06-17,17:53:00,1,Collision with vehicle,5,Friday,133,LANE SIDE SWIPE (VEHICLES IN PARALLEL LANES),3,715628,Not at intersection,3,100,Freeway,PRINCES,LATROBE,-38.228317,146.46071,2022,6,June,17,Afternoon Peak,Weekday
T20220013705,2022-06-17,18:50:00,2,Struck Pedestrian,5,Friday,100,PED NEAR SIDE. PED HIT BY VEHICLE FROM THE RIGHT.,3,29646,Cross intersection,3,60,Arterial Other,NEERIM,GLEN EIRA,-37.88727,145.04613,2022,6,June,18,Afternoon Peak,Weekday
T20220013707,2022-06-17,18:50:00,2,Struck Pedestrian,5,Friday,100,PED NEAR SIDE. PED HIT BY VEHICLE FROM THE RIGHT.,5,715630,Not at intersection,2,60,Arterial Other,EASTBOURNE,MORNINGTON PENINSULA,-38.367455,144.88924,2022,6,June,18,Afternoon Peak,Weekday
T20220013708,2022-06-17,18:30:00,2,Struck Pedestrian,5,Friday,101,PED EMERGES FROM IN FRONT OF PARKED OR STATIONARY VEHICLE,3,715761,Not at intersection,3,50,Local Road,BRIGHT,BENDIGO,-36.72297,144.26633,2022,6,June,18,Afternoon Peak,Weekday
T20220013709,2022-06-17,18:23:00,2,Struck Pedestrian,5,Friday,102,FAR SIDE. PED HIT BY VEHICLE FROM THE LEFT,3,721417,T intersection,2,40,Arterial Other,MAIN SOUTH,BAW BAW,-38.136475,145.85748,2022,6,June,18,Afternoon Peak,Weekday
T20220013712,2022-06-17,18:40:00,1,Collision with vehicle,5,Friday,173,RIGHT OFF CARRIAGEWAY INTO OBJECT/PARKED VEHICLE,3,718808,Not at intersection,2,80,Freeway,WEST GATE,HOBSONS BAY,-37.825455,144.8838,2022,6,June,18,Afternoon Peak,Weekday
T20220013716,2022-06-17,14:46:00,1,Collision with vehicle,5,Friday,120,HEAD ON (NOT OVERTAKING),1,731071,Not at intersection,2,100,Freeway,PRINCES,EAST GIPPSLAND,-37.733616,148.43547,2022,6,June,14,Midday,Weekday
T20220013719,2022-06-17,16:24:00,1,Collision with vehicle,5,Friday,110,CROSS TRAFFIC(INTERSECTIONS ONLY),1,728985,Cross intersection,3,60,Local Road,GLENROY,MORELAND,-37.70585,144.91827,2022,6,June,16,Afternoon Peak,Weekday
T20220013720,2022-06-17,19:55:00,1,Collision with vehicle,5,Friday,130,REAR END(VEHICLES IN SAME LANE),3,92885,Not at intersection,2,70,Arterial Highway,BURWOOD,WHITEHORSE,-37.851402,145.14343,2022,6,June,19,Night,Weekday
T20220013725,2022-06-17,23:25:00,4,Collision with a fixed object,5,Friday,171,LEFT OFF CARRIAGEWAY INTO OBJECT/PARKED VEHICLE,5,721742,Not at intersection,2,100,Arterial Other,MARLO,EAST GIPPSLAND,-37.77995,148.53925,2022,6,June,23,Night,Weekday
T20220013726,2022-06-17,21:17:00,1,Collision with vehicle,5,Friday,130,REAR END(VEHICLES IN SAME LANE),3,731471,Not at intersection,2,80,Freeway,WEST GATE,MELBOURNE,-37.826214,144.9465,2022,6,June,21,Night,Weekday
T20220014401,2022-06-17,10:30:00,2,Struck Pedestrian,5,Friday,108,PED STRUCK WALKING TO/FROM OR BOARDING/ALIGHTING VEHICLE.,1,718546,Not at intersection,3,50,Local Road,TONE,WANGARATTA,-36.373714,146.28864,2022,6,June,10,Midday,Weekday
T20220014154,2022-06-17,07:20:00,1,Collision with vehicle,5,Friday,121,RIGHT THROUGH,1,979,T intersection,3,40,Arterial Other,HIGH,CASEY,-38.031315,145.34789,2022,6,June,7,Morning Peak,Weekday
T20220014087,2022-06-17,16:35:00,4,Collision with a fixed object,5,Friday,171,LEFT OFF CARRIAGEWAY INTO OBJECT/PARKED VEHICLE,1,779389,Not at intersection,3,100,Arterial Other,BEECHWORTH-CHILTERN,INDIGO,-36.197712,146.61958,2022,6,June,16,Afternoon Peak,Weekday
T20220014691,2022-06-17,05:50:00,1,Collision with vehicle,5,Friday,133,LANE SIDE SWIPE (VEHICLES IN PARALLEL LANES),3,720183,Cross intersection,3,60,Arterial Other,VICTORIA,MELBOURNE,-37.808723,144.97859,2022,6,June,5,Morning Peak,Weekday
T20220013763,2022-06-17,16:14:00,1,Collision with vehicle,5,Friday,121,RIGHT THROUGH,2,44459,Cross intersection,3,70,Arterial Highway,SETTLEMENT,GEELONG,-38.18178,144.34778,2022,6,June,16,Afternoon Peak,Weekday
T20220013765,2022-06-17,21:40:00,7,Fall from or in moving vehicle,5,Friday,190,FELL IN/FROM VEHICLE,3,715638,Not at intersection,3,50,Local Road,STUBBS,GEELONG,-38.130306,144.35028,2022,6,June,21,Night,Weekday
T20220014132,2022-06-17,16:15:00,1,Collision with vehicle,5,Friday,132,RIGHT REAR.,1,774599,Not at intersection,3,70,Local Road,SWAN BAY,GEELONG,-38.213036,144.53561,2022,6,June,16,Afternoon Peak,Weekday
T20220013810,2022-06-17,14:22:00,1,Collision with vehicle,5,Friday,130,REAR END(VEHICLES IN SAME LANE),1,727241,Not at intersection,3,70,Arterial Other,CANTERBURY,WHITEHORSE,-37.83364,145.16336,2022,6,June,14,Midday,Weekday
T20230015833,2022-06-17,11:29:00,1,Collision with vehicle,5,Friday,113,RIGHT NEAR (INTERSECTIONS ONLY),1,52029,Cross intersection,3,100,Arterial Highway,PRINCES,WELLINGTON,-38.068024,147.0738,2022,6,June,11,Midday,Weekday
T20220014633,2022-06-17,08:35:00,1,Collision with vehicle,5,Friday,163,VEHICLE STRIKES DOOR OF PARKED/STATIONARY VEHICLE,1,718264,Not at intersection,3,50,Local Road,UNION,MORELAND,-37.773495,144.95471,2022,6,June,8,Morning Peak,Weekday
T20220015918,2022-06-17,16:00:00,1,Collision with vehicle,5,Friday,121,RIGHT THROUGH,1,57979,Cross intersection,3,80,Arterial Highway,BURWOOD,KNOX,-37.87975,145.26811,2022,6,June,16,Afternoon Peak,Weekday
T20220013962,2022-06-17,19:20:00,1,Collision with vehicle,5,Friday,110,CROSS TRAFFIC(INTERSECTIONS ONLY),3,411,Cross intersection,3,60,Arterial Other,STATION,DAREBIN,-37.774384,145.01889,2022,6,June,19,Night,Weekday
T20220013645,2022-06-17,07:00:00,1,Collision with vehicle,5,Friday,147,VEHICLE STRIKES ANOTHER VEH WHILE EMERGING FROM DRIVEWAY,2,718502,Not at intersection,2,60,Arterial Other,GRANGE,GLEN EIRA,-37.898785,145.04503,2022,6,June,7,Morning Peak,Weekday
T20220013651,2022-06-17,08:17:00,2,Struck Pedestrian,5,Friday,102,FAR SIDE. PED HIT BY VEHICLE FROM THE LEFT,1,719041,Not at intersection,2,60,Local Road,ARCHER,SHEPPARTON,-36.40469,145.40842,2022,6,June,8,Morning Peak,Weekday
T20220013652,2022-06-17,09:45:00,1,Collision with vehicle,5,Friday,113,RIGHT NEAR (INTERSECTIONS ONLY),1,715623,T intersection,3,100,Arterial Highway,GREAT ALPINE,EAST GIPPSLAND,-37.745285,147.76048,2022,6,June,9,Morning Peak,Weekday
T20220013658,2022-06-17,08:36:00,4,Collision with a fixed object,5,Friday,173,RIGHT OFF CARRIAGEWAY INTO OBJECT/PARKED VEHICLE,1,727336,Not at intersection,3,100,Local Road,NINE MILE,CARDINIA,-38.117657,145.61078,2022,6,June,8,Morning Peak,Weekday
T20220014012,2022-06-17,12:40:00,1,Collision with vehicle,5,Friday,135,LANE CHANGE LEFT (NOT OVERTAKING),1,718202,Not at intersection,3,60,Arterial Other,SOMERVILLE,BRIMBANK,-37.805824,144.81903,2022,6,June,12,Midday,Weekday
T20220013669,2022-06-17,07:15:00,6,Vehicle overturned (no collision),5,Friday,170,OFF CARRIAGEWAY TO LEFT,2,722653,Not at intersection,2,100,Arterial Highway,HOPKINS,MOYNE,-38.20226,142.65387,2022,6,June,7,Morning Peak,Weekday
T20220013675,2022-06-17,12:35:00,8,No collision and no object struck,5,Friday,174,OUT OF CONTROL ON CARRIAGEWAY (ON STRAIGHT),1,779388,Cross intersection,3,100,Local Road,KOBYBOYN,MITCHELL,-37.040337,145.19305,2022,6,June,12,Midday,Weekday
T20220015188,2022-06-17,18:00:00,6,Vehicle overturned (no collision),5,Friday,174,OUT OF CONTROL ON CARRIAGEWAY (ON STRAIGHT),3,719231,Not at intersection,2,60,Arterial Highway,ST KILDA,PORT PHILLIP,-37.863785,144.98557,2022,6,June,18,Afternoon Peak,Weekday
T20220013676,2022-06-17,08:18:00,2,Struck Pedestrian,5,Friday,103,PED PLAYING/LYING/WORKING/STANDING ON CARRIAGEWAY.,1,716976,Not at intersection,1,100,Arterial Highway,PRINCES,WELLINGTON,-38.159077,146.72636,2022,6,June,8,Morning Peak,Weekday
T20220013679,2022-06-17,14:12:00,1,Collision with vehicle,5,Friday,140,U TURN,1,42577,T intersection,3,80,Arterial Highway,WELLINGTON,MONASH,-37.92123,145.18103,2022,6,June,14,Midday,Weekday
T20220013681,2022-06-17,13:39:00,1,Collision with vehicle,5,Friday,147,VEHICLE STRIKES ANOTHER VEH WHILE EMERGING FROM DRIVEWAY,1,718320,Not at intersection,2,60,Arterial Other,CENTRE,GLEN EIRA,-37.91895,145.0424,2022,6,June,13,Midday,Weekday
T20220015806,2022-06-18,13:40:00,1,Collision with vehicle,6,Saturday,121,RIGHT THROUGH,1,47948,T intersection,2,50,Local Road,ABERDEEN,HUME,-37.648182,144.89763,2022,6,June,13,Midday,Weekend
T20220013766,2022-06-18,14:36:00,1,Collision with vehicle,6,Saturday,110,CROSS TRAFFIC(INTERSECTIONS ONLY),1,774591,Cross intersection,3,50,Local Road,COBURG,MORELAND,-37.74563,144.97116,2022,6,June,14,Midday,Weekend
T20220013770,2022-06-18,13:55:00,1,Collision with vehicle,6,Saturday,121,RIGHT THROUGH,1,727163,Not at intersection,3,50,Local Road,NELSON,YARRA RANGES,-37.749344,145.36507,2022,6,June,13,Midday,Weekend
T20220013771,2022-06-18,16:30:00,2,Struck Pedestrian,6,Saturday,103,PED PLAYING/LYING/WORKING/STANDING ON CARRIAGEWAY.,1,715639,Not at intersection,3,50,Local Road,PARRAMATTA,WYNDHAM,-37.886154,144.65483,2022,6,June,16,Afternoon Peak,Weekend
T20220013773,2022-06-18,12:30:00,1,Collision with vehicle,6,Saturday,130,REAR END(VEHICLES IN SAME LANE),1,139942,Not at intersection,3,100,Freeway,MONASH,STONNINGTON,-37.876842,145.07564,2022,6,June,12,Midday,Weekend
T20220013774,2022-06-18,18:05:00,1,Collision with vehicle,6,Saturday,110,CROSS TRAFFIC(INTERSECTIONS ONLY),3,67337,Cross intersection,3,50,Local Road,FRANCIS,EAST GIPPSLAND,-37.82453,147.62604,2022,6,June,18,Afternoon Peak,Weekend
T20220013898,2022-06-18,15:00:00,4,Collision with a fixed object,6,Saturday,171,LEFT OFF CARRIAGEWAY INTO OBJECT/PARKED VEHICLE,1,785189,T intersection,2,50,Local Road,LOCH EXTENSION,BAW BAW,-37.807396,145.96306,2022,6,June,15,Afternoon Peak,Weekend
T20220013776,2022-06-18,17:00:00,3,Struck animal,6,Saturday,167,STRUCK ANIMAL,5,719234,Not at intersection,2,100,Arterial Highway,PRINCES,COLAC OTWAY,-38.3351,143.35352,2022,6,June,17,Afternoon Peak,Weekend
T20220013779,2022-06-18,17:18:00,1,Collision with vehicle,6,Saturday,130,REAR END(VEHICLES IN SAME LANE),3,3349,Not at intersection,3,80,Arterial Other,FRANKSTON-DANDENONG,DANDENONG,-38.071796,145.19522,2022,6,June,17,Afternoon Peak,Weekend
T20220013782,2022-06-18,17:33:00,4,Collision with a fixed object,6,Saturday,173,RIGHT OFF CARRIAGEWAY INTO OBJECT/PARKED VEHICLE,2,785192,Not at intersection,2,80,Arterial Highway,BURWOOD,KNOX,-37.885788,145.28387,2022,6,June,17,Afternoon Peak,Weekend
T20220013783,2022-06-18,17:44:00,1,Collision with vehicle,6,Saturday,130,REAR END(VEHICLES IN SAME LANE),3,42979,T intersection,2,60,Arterial Other,HEATHERTON,DANDENONG,-37.966927,145.18945,2022,6,June,17,Afternoon Peak,Weekend
T20220013785,2022-06-18,18:29:00,1,Collision with vehicle,6,Saturday,130,REAR END(VEHICLES IN SAME LANE),3,785193,Not at intersection,2,100,Freeway,MONASH,CASEY,-37.966705,145.23436,2022,6,June,18,Afternoon Peak,Weekend
T20220013786,2022-06-18,14:47:00,1,Collision with vehicle,6,Saturday,169,OTHER ON PATH,1,715543,Not at intersection,1,50,Local Road,ROBIN,GEELONG,-38.089916,144.35452,2022,6,June,14,Midday,Weekend
T20220013787,2022-06-18,19:22:00,1,Collision with vehicle,6,Saturday,160,VEHICLE COLLIDES WITH VEHICLE PARKED ON LEFT OF ROAD,3,727088,Not at intersection,3,60,Arterial Other,NEERIM,GLEN EIRA,-37.88794,145.05147,2022,6,June,19,Night,Weekend
T20220013744,2022-06-18,10:00:00,1,Collision with vehicle,6,Saturday,133,LANE SIDE SWIPE (VEHICLES IN PARALLEL LANES),1,715632,Not at intersection,3,60,Local Road,EDWARDS,BENDIGO,-36.72018,144.28102,2022,6,June,10,Midday,Weekend
T20220013793,2022-06-18,21:30:00,1,Collision with vehicle,6,Saturday,110,CROSS TRAFFIC(INTERSECTIONS ONLY),3,238675,Cross intersection,3,60,Local Road,MILLER,WHITTLESEA,-37.636963,145.02185,2022,6,June,21,Night,Weekend
T20220015788,2022-06-18,11:05:00,1,Collision with vehicle,6,Saturday,111,RIGHT FAR (INTERSECTIONS ONLY),1,63756,T intersection,3,60,Arterial Other,THOMPSONS,MANNINGHAM,-37.762447,145.111,2022,6,June,11,Midday,Weekend
T20220016626,2022-06-18,13:15:00,1,Collision with vehicle,6,Saturday,130,REAR END(VEHICLES IN SAME LANE),1,720554,T intersection,3,80,Arterial Other,CRANBOURNE,CASEY,-38.054897,145.3011,2022,6,June,13,Midday,Weekend
T20220013842,2022-06-18,16:30:00,8,No collision and no object struck,6,Saturday,174,OUT OF CONTROL ON CARRIAGEWAY (ON STRAIGHT),1,718810,T intersection,3,50,Local Road,BANJO,FRANKSTON,-38.097893,145.19534,2022,6,June,16,Afternoon Peak,Weekend
T20220014608,2022-06-18,21:00:00,1,Collision with vehicle,6,Saturday,121,RIGHT THROUGH,3,49975,Cross intersection,2,60,Arterial Other,RYRIE,GEELONG,-38.152805,144.3724,2022,6,June,21,Night,Weekend
T20220013731,2022-06-18,00:15:00,4,Collision with a fixed object,6,Saturday,173,RIGHT OFF CARRIAGEWAY INTO OBJECT/PARKED VEHICLE,3,62517,Cross intersection,3,60,Arterial Other,MAIN,NILLUMBIK,-37.72265,145.14561,2022,6,June,0,Late Night,Weekend
T20220013733,2022-06-18,01:40:00,4,Collision with a fixed object,6,Saturday,171,LEFT OFF CARRIAGEWAY INTO OBJECT/PARKED VEHICLE,3,57739,T intersection,3,60,Local Road,LYGON,YARRA,-37.7806,144.97032,2022,6,June,1,Late Night,Weekend
T20220013736,2022-06-18,08:10:00,3,Struck animal,6,Saturday,167,STRUCK ANIMAL,1,715975,Not at intersection,2,100,Local Road,ARKELLS,MITCHELL,-37.372635,144.99756,2022,6,June,8,Morning Peak,Weekend
T20220013803,2022-06-18,12:45:00,1,Collision with vehicle,6,Saturday,131,LEFT REAR,1,57610,T intersection,2,60,Arterial Other,BEACH,KINGSTON,-38.005848,145.08252,2022,6,June,12,Midday,Weekend