ACCIDENT_NO,ACCIDENT_DATE,ACCIDENT_TIME,ACCIDENT_TYPE,ACCIDENT_TYPE_DESC,DAY_OF_WEEK,DAY_WEEK_DESC,DCA_CODE,DCA_DESC,LIGHT_CONDITION,NODE_ID,ROAD_GEOMETRY_DESC,SEVERITY,SPEED_ZONE,RMA,ROAD_NAME,LGA_NAME,LATITUDE,LONGITUDE,YEAR,MONTH,MONTH_NAME,HOUR,TIME_PERIOD,DAY_TYPE
T20220013983,2022-06-18,10:55:00,1,Collision with vehicle,6,Saturday,130,REAR END(VEHICLES IN SAME LANE),1,222123,Cross intersection,3,60,Arterial Highway,PRINCES,GEELONG,-38.084026,144.3584,2022,6,June,10,Midday,Weekend
T20220019806,2022-06-18,19:20:00,4,Collision with a fixed object,6,Saturday,175,OFF END OF ROAD/T-INTERSECTION.,3,30007,T intersection,3,60,Arterial Other,PORTARLINGTON,GEELONG,-38.16189,144.4047,2022,6,June,19,Night,Weekend
T20220014732,2022-06-18,17:15:00,1,Collision with vehicle,6,Saturday,130,REAR END(VEHICLES IN SAME LANE),2,39334,T intersection,3,60,Arterial Other,DONCASTER,MANNINGHAM,-37.787403,145.12932,2022,6,June,17,Afternoon Peak,Weekend
T20220013742,2022-06-18,10:15:00,1,Collision with vehicle,6,Saturday,121,RIGHT THROUGH,1,42840,Cross intersection,3,60,Arterial Other,WHITE,KINGSTON,-37.999233,145.09152,2022,6,June,10,Midday,Weekend
T20220013743,2022-06-18,10:00:00,1,Collision with vehicle,6,Saturday,111,RIGHT FAR (INTERSECTIONS ONLY),1,52490,Cross intersection,2,60,Local Road,THIRTEENTH,MILDURA,-34.188248,142.14876,2022,6,June,10,Midday,Weekend
T20220013830,2022-06-18,17:41:00,1,Collision with vehicle,6,Saturday,116,LEFT NEAR (INTERSECTIONS ONLY),2,46654,T intersection,3,50,Arterial Other,HULL,YARRA RANGES,-37.78963,145.31004,2022,6,June,17,Afternoon Peak,Weekend
T20220013745,2022-06-18,08:25:00,1,Collision with vehicle,6,Saturday,135,LANE CHANGE LEFT (NOT OVERTAKING),1,715633,Multiple intersection,3,80,Freeway,MONASH,MONASH,-37.893238,145.13567,2022,6,June,8,Morning Peak,Weekend
T20220013825,2022-06-18,17:00:00,1,Collision with vehicle,6,Saturday,130,REAR END(VEHICLES IN SAME LANE),1,715642,Not at intersection,3,60,Arterial Other,SYDNEY,MORELAND,-37.732525,144.9647,2022,6,June,17,Afternoon Peak,Weekend
T20220013748,2022-06-18,10:20:00,1,Collision with vehicle,6,Saturday,130,REAR END(VEHICLES IN SAME LANE),1,715635,Not at intersection,3,70,Arterial Highway,LATROBE,GEELONG,-38.159096,144.35057,2022,6,June,10,Midday,Weekend
T20220013751,2022-06-18,11:38:00,1,Collision with vehicle,6,Saturday,121,RIGHT THROUGH,1,716190,T intersection,3,60,Local Road,CHERRY,MANNINGHAM,-37.80372,145.1897,2022,6,June,11,Midday,Weekend
T20220013753,2022-06-18,12:18:00,7,Fall from or in moving vehicle,6,Saturday,190,FELL IN/FROM VEHICLE,1,785194,Unknown,2,100,Arterial Highway,PRINCES,EAST GIPPSLAND,-37.76977,148.05878,2022,6,June,12,Midday,Weekend
T20220013754,2022-06-18,12:13:00,1,Collision with vehicle,6,Saturday,120,HEAD ON (NOT OVERTAKING),1,721566,Not at intersection,3,50,Local Road,JINKER,MACEDON RANGES,-37.341164,144.73888,2022,6,June,12,Midday,Weekend
T20220013755,2022-06-18,12:30:00,4,Collision with a fixed object,6,Saturday,183,OFF LEFT BEND INTO OBJECT/PARKED VEHICLE,1,702440,Not at intersection,3,100,Local Road,WHANREGARWEN,MURRINDINDI,-37.21732,145.6381,2022,6,June,12,Midday,Weekend
T20220013761,2022-06-18,14:56:00,1,Collision with vehicle,6,Saturday,142,LEAVING PARKING,1,715636,Not at intersection,3,60,Arterial Other,MOUNT DANDENONG,YARRA RANGES,-37.80216,145.31046,2022,6,June,14,Midday,Weekend
T20220013762,2022-06-18,11:06:00,2,Struck Pedestrian,6,Saturday,109,ANY MANOEUVRE INVOLVING PED NOT INCLUDED IN DCAs 100-108.,1,718322,Not at intersection,3,50,Local Road,STAR,ALPINE,-36.72647,146.95862,2022,6,June,11,Midday,Weekend
T20220013792,2022-06-18,20:20:00,1,Collision with vehicle,6,Saturday,121,RIGHT THROUGH,3,51141,T intersection,3,60,Arterial Highway,GOULBURN VALLEY,SHEPPARTON,-36.40894,145.39331,2022,6,June,20,Night,Weekend
T20220013869,2022-06-19,20:02:00,1,Collision with vehicle,7,Sunday,113,RIGHT NEAR (INTERSECTIONS ONLY),3,278539,T intersection,3,80,Arterial Highway,HEATHERTON LINK,DANDENONG,-37.96882,145.19669,2022,6,June,20,Night,Weekend
T20220013874,2022-06-19,16:00:00,6,Vehicle overturned (no collision),7,Sunday,180,OFF CARRIAGEWAY ON RIGHT BEND,2,718087,Not at intersection,1,40,Arterial Other,WALHALLA,BAW BAW,-37.95184,146.4473,2022,6,June,16,Afternoon Peak,Weekend
T20220013892,2022-06-19,13:55:00,1,Collision with vehicle,7,Sunday,135,LANE CHANGE LEFT (NOT OVERTAKING),1,782235,Not at intersection,3,60,Arterial Other,FRANKSTON-FLINDERS,MORNINGTON PENINSULA,-38.26065,145.18977,2022,6,June,13,Midday,Weekend
T20220013911,2022-06-19,01:00:00,4,Collision with a fixed object,7,Sunday,171,LEFT OFF CARRIAGEWAY INTO OBJECT/PARKED VEHICLE,5,782233,Not at intersection,3,100,Local Road,THOMSON,LATROBE,-38.318222,146.45842,2022,6,June,1,Late Night,Weekend
T20220015733,2022-06-19,12:00:00,6,Vehicle overturned (no collision),7,Sunday,174,OUT OF CONTROL ON CARRIAGEWAY (ON STRAIGHT),1,720311,Not at intersection,3,50,Arterial Highway,WARBURTON,YARRA RANGES,-37.75325,145.69691,2022,6,June,12,Midday,Weekend
T20220019897,2022-06-19,23:30:00,4,Collision with a fixed object,7,Sunday,175,OFF END OF ROAD/T-INTERSECTION.,5,57007,Cross intersection,3,80,Local Road,EXFORD,MELTON,-37.74165,144.52098,2022,6,June,23,Night,Weekend
T20220020874,2022-06-19,15:45:00,1,Collision with vehicle,7,Sunday,116,LEFT NEAR (INTERSECTIONS ONLY),1,39054,Multiple intersection,3,60,Arterial Other,DONCASTER,BOROONDARA,-37.793434,145.064,2022,6,June,15,Afternoon Peak,Weekend
T20220020374,2022-06-19,22:00:00,4,Collision with a fixed object,7,Sunday,183,OFF LEFT BEND INTO OBJECT/PARKED VEHICLE,6,782231,Not at intersection,3,60,Local Road,WEDGE,BENDIGO,-36.792896,144.26424,2022,6,June,22,Night,Weekend
T20230007966,2022-06-19,16:15:00,1,Collision with vehicle,7,Sunday,137,LEFT TURN SIDESWIPE,2,784372,Not at intersection,3,40,Local Road,CHAPEL,STONNINGTON,-37.84374,144.99477,2022,6,June,16,Afternoon Peak,Weekend
T20220013799,2022-06-19,01:28:00,4,Collision with a fixed object,7,Sunday,173,RIGHT OFF CARRIAGEWAY INTO OBJECT/PARKED VEHICLE,5,721674,Not at intersection,2,100,Local Road,GEELONG,ARARAT,-37.412872,143.0928,2022,6,June,1,Late Night,Weekend
T20220013809,2022-06-19,06:45:00,1,Collision with vehicle,7,Sunday,130,REAR END(VEHICLES IN SAME LANE),4,727080,Not at intersection,3,60,Arterial Other,BERWICK-CRANBOURNE,CASEY,-38.114513,145.29361,2022,6,June,6,Morning Peak,Weekend
T20220013813,2022-06-19,08:24:00,1,Collision with vehicle,7,Sunday,114,TWO RIGHT TURNING (INTERSECTIONS ONLY),1,353330,T intersection,3,50,Arterial Other,TAYLORS,BRIMBANK,-37.729263,144.81104,2022,6,June,8,Morning Peak,Weekend
T20220013815,2022-06-19,06:57:00,1,Collision with vehicle,7,Sunday,130,REAR END(VEHICLES IN SAME LANE),2,727082,Not at intersection,3,80,Freeway,CITYLINK,BOROONDARA,-37.837395,145.0347,2022,6,June,6,Morning Peak,Weekend
T20220013817,2022-06-19,10:13:00,4,Collision with a fixed object,7,Sunday,171,LEFT OFF CARRIAGEWAY INTO OBJECT/PARKED VEHICLE,1,727081,Not at intersection,3,80,Freeway,WEST GATE,MELBOURNE,-37.828182,144.92255,2022,6,June,10,Midday,Weekend
T20220013818,2022-06-19,03:00:00,4,Collision with a fixed object,7,Sunday,181,OFF RIGHT BEND INTO OBJECT/PARKED VEHICLE,5,723539,Not at intersection,2,100,Arterial Other,MYRTLEFORD-YACKANDANDAH,INDIGO,-36.435925,146.87021,2022,6,June,3,Late Night,Weekend
T20220013823,2022-06-19,08:28:00,1,Collision with vehicle,7,Sunday,136,RIGHT TURN SIDESWIPE,1,719322,Not at intersection,2,100,Arterial Highway,PRINCES,CORANGAMITE,-38.33987,143.36617,2022,6,June,8,Morning Peak,Weekend
T20220013826,2022-06-19,11:20:00,7,Fall from or in moving vehicle,7,Sunday,190,FELL IN/FROM VEHICLE,1,44099,T intersection,2,60,Arterial Other,FRANKSTON-FLINDERS,MORNINGTON PENINSULA,-38.3395,145.17537,2022,6,June,11,Midday,Weekend
T20220013827,2022-06-19,11:30:00,1,Collision with vehicle,7,Sunday,134,LANE CHANGE RIGHT (NOT OVERTAKING),1,70395,T intersection,3,60,Local Road,CHARLES,DANDENONG,-37.974293,145.21028,2022,6,June,11,Midday,Weekend
T20220013836,2022-06-19,12:10:00,4,Collision with a fixed object,7,Sunday,181,OFF RIGHT BEND INTO OBJECT/PARKED VEHICLE,1,716677,Not at intersection,3,80,Arterial Other,CAPE PATERSON-INVERLOCH,BASS COAST,-38.670883,145.65633,2022,6,June,12,Midday,Weekend
T20220013837,2022-06-19,13:53:00,1,Collision with vehicle,7,Sunday,130,REAR END(VEHICLES IN SAME LANE),1,718194,Cross intersection,3,60,Arterial Highway,GRAHAM,BASS COAST,-38.605404,145.59767,2022,6,June,13,Midday,Weekend
T20220013839,2022-06-19,13:54:00,4,Collision with a fixed object,7,Sunday,181,OFF RIGHT BEND INTO OBJECT/PARKED VEHICLE,1,171945,Not at intersection,2,100,Local Road,DIAMOND HILL,BENDIGO,-36.81686,144.2635,2022,6,June,13,Midday,Weekend
T20220013840,2022-06-19,13:56:00,1,Collision with vehicle,7,Sunday,121,RIGHT THROUGH,1,774592,Cross intersection,3,60,Arterial Other,GRETA,WANGARATTA,-36.35926,146.31549,2022,6,June,13,Midday,Weekend
T20220013845,2022-06-19,14:20:00,1,Collision with vehicle,7,Sunday,119,OTHER ADJACENT (INTERSECTIONS ONLY),1,10808,T intersection,2,50,Local Road,HIGHBURY,BAYSIDE,-37.93394,145.0335,2022,6,June,14,Midday,Weekend
T20220013846,2022-06-19,11:50:00,1,Collision with vehicle,7,Sunday,147,VEHICLE STRIKES ANOTHER VEH WHILE EMERGING FROM DRIVEWAY,1,718195,Not at intersection,3,60,Arterial Other,RIDDELL,HUME,-37.568188,144.72014,2022,6,June,11,Midday,Weekend
T20220013849,2022-06-19,13:29:00,1,Collision with vehicle,7,Sunday,120,HEAD ON (NOT OVERTAKING),1,728986,Not at intersection,3,50,Local Road,CHAPMAN,MORELAND,-37.704803,144.91159,2022,6,June,13,Midday,Weekend
T20220013854,2022-06-19,16:10:00,6,Vehicle overturned (no collision),7,Sunday,170,OFF CARRIAGEWAY TO LEFT,1,776897,Not at intersection,2,60,Local Road,LOWES,YARRA RANGES,-37.781063,145.62042,2022,6,June,16,Afternoon Peak,Weekend
T20220013855,2022-06-19,14:30:00,1,Collision with vehicle,7,Sunday,132,RIGHT REAR.,1,57066,T intersection,3,80,Arterial Highway,WARBURTON,YARRA RANGES,-37.78032,145.53458,2022,6,June,14,Midday,Weekend
T20220013863,2022-06-19,17:10:00,2,Struck Pedestrian,7,Sunday,101,PED EMERGES FROM IN FRONT OF PARKED OR STATIONARY VEHICLE,3,718198,Not at intersection,2,60,Arterial Other,SHANNON,GEELONG,-38.14519,144.3355,2022,6,June,17,Afternoon Peak,Weekend
T20220013866,2022-06-19,18:16:00,1,Collision with vehicle,7,Sunday,113,RIGHT NEAR (INTERSECTIONS ONLY),3,44463,T intersection,2,70,Arterial Highway,LATROBE,GEELONG,-38.151726,144.35197,2022,6,June,18,Afternoon Peak,Weekend
T20220013919,2022-06-20,12:45:00,6,Vehicle overturned (no collision),1,Monday,182,OFF CARRIAGEWAY ON LEFT BEND,1,720912,Not at intersection,3,50,Local Road,RAVENHILL,HUME,-37.63669,144.91867,2022,6,June,12,Midday,Weekday
T20220013924,2022-06-20,17:20:00,1,Collision with vehicle,1,Monday,110,CROSS TRAFFIC(INTERSECTIONS ONLY),3,718508,Cross intersection,3,50,Local Road,HOUSTON,HORSHAM,-36.704655,142.18951,2022,6,June,17,Afternoon Peak,Weekday
T20220014136,2022-06-20,18:30:00,2,Struck Pedestrian,1,Monday,107,PED ON FOOTHPATH STRUCK BY VEHENTERING/LEAVING DRIVEWAY.,6,727076,Not at intersection,3,60,Arterial Other,NORMANBY,DAREBIN,-37.758766,144.99294,2022,6,June,18,Afternoon Peak,Weekday
T20220013927,2022-06-20,15:28:00,1,Collision with vehicle,1,Monday,152,PULLING OUT (OVERTAKING),1,247115,T intersection,3,50,Local Road,PANORAMA,MELTON,-37.673206,144.54706,2022,6,June,15,Afternoon Peak,Weekday
T20220013928,2022-06-20,17:25:00,1,Collision with vehicle,1,Monday,130,REAR END(VEHICLES IN SAME LANE),5,715648,Not at intersection,2,80,Arterial Highway,SOUTH GIPPSLAND,CASEY,-38.136715,145.30125,2022,6,June,17,Afternoon Peak,Weekday
T20220013888,2022-06-20,06:45:00,2,Struck Pedestrian,1,Monday,100,PED NEAR SIDE. PED HIT BY VEHICLE FROM THE RIGHT.,3,723156,Cross intersection,1,60,Local Road,BRUNT,CARDINIA,-38.056534,145.38939,2022,6,June,6,Morning Peak,Weekday
T20220013932,2022-06-20,17:08:00,1,Collision with vehicle,1,Monday,130,REAR END(VEHICLES IN SAME LANE),3,41031,T intersection,3,60,Arterial Other,DORSET,KNOX,-37.865166,145.28546,2022,6,June,17,Afternoon Peak,Weekday
T20220013933,2022-06-20,15:30:00,1,Collision with vehicle,1,Monday,112,LEFT FAR (INTERSECTIONS ONLY),1,49676,T intersection,3,60,Arterial Other,GELLIBRAND,GEELONG,-38.077152,144.35826,2022,6,June,15,Afternoon Peak,Weekday
T20220013934,2022-06-20,16:38:00,6,Vehicle overturned (no collision),1,Monday,170,OFF CARRIAGEWAY TO LEFT,1,733799,Not at intersection,3,100,Arterial Highway,BASS,BASS COAST,-38.54284,145.45999,2022,6,June,16,Afternoon Peak,Weekday
T20220014551,2022-06-20,13:22:00,1,Collision with vehicle,1,Monday,140,U TURN,1,736273,Not at intersection,3,60,Arterial Highway,WYNDHAM,SHEPPARTON,-36.37505,145.40056,2022,6,June,13,Midday,Weekday
T20220013938,2022-06-20,19:30:00,4,Collision with a fixed object,1,Monday,171,LEFT OFF CARRIAGEWAY INTO OBJECT/PARKED VEHICLE,3,57846,Cross intersection,2,80,Arterial Highway,DANDENONG,DANDENONG,-37.99979,145.18083,2022,6,June,19,Night,Weekday
T20220013877,2022-06-20,06:42:00,2,Struck Pedestrian,1,Monday,102,FAR SIDE. PED HIT BY VEHICLE FROM THE LEFT,3,718506,Not at intersection,3,60,Arterial Other,MT DANDENONG,MAROONDAH,-37.80101,145.27298,2022,6,June,6,Morning Peak,Weekday
T20220013984,2022-06-20,14:40:00,1,Collision with vehicle,1,Monday,113,RIGHT NEAR (INTERSECTIONS ONLY),1,781105,T intersection,2,50,Arterial Other,CRAIGIEBURN,HUME,-37.603416,144.94641,2022,6,June,14,Midday,Weekday
T20220013942,2022-06-20,18:31:00,1,Collision with vehicle,1,Monday,130,REAR END(VEHICLES IN SAME LANE),3,723197,T intersection,3,60,Arterial Other,WAVERLEY,STONNINGTON,-37.878353,145.06778,2022,6,June,18,Afternoon Peak,Weekday
T20220013943,2022-06-20,20:11:00,1,Collision with vehicle,1,Monday,160,VEHICLE COLLIDES WITH VEHICLE PARKED ON LEFT OF ROAD,3,719324,Not at intersection,2,40,Local Road,PARK,PORT PHILLIP,-37.835796,144.95961,2022,6,June,20,Night,Weekday
T20220013944,2022-06-20,06:20:00,1,Collision with vehicle,1,Monday,130,REAR END(VEHICLES IN SAME LANE),2,727026,Cross intersection,3,60,Arterial Other,PLENTY,DAREBIN,-37.731094,145.01454,2022,6,June,6,Morning Peak,Weekday
T20220013894,2022-06-20,09:40:00,1,Collision with vehicle,1,Monday,111,RIGHT FAR (INTERSECTIONS ONLY),1,280757,Cross intersection,2,80,Arterial Other,GOURLAY,MELTON,-37.692066,144.7442,2022,6,June,9,Morning Peak,Weekday
T20220015166,2022-06-20,13:30:00,1,Collision with vehicle,1,Monday,130,REAR END(VEHICLES IN SAME LANE),1,734260,T intersection,3,60,Arterial Other,MURRAY,MORELAND,-37.73581,144.98148,2022,6,June,13,Midday,Weekday
T20220013956,2022-06-20,06:30:00,1,Collision with vehicle,1,Monday,130,REAR END(VEHICLES IN SAME LANE),3,774672,Not at intersection,3,100,Freeway,HUME,HUME,-37.545815,144.94476,2022,6,June,6,Morning Peak,Weekday
T20220015571,2022-06-20,17:29:00,1,Collision with vehicle,1,Monday,121,RIGHT THROUGH,2,718641,T intersection,3,60,Local Road,CENTRE DANDENONG,KINGSTON,-37.969856,145.09224,2022,6,June,17,Afternoon Peak,Weekday
T20220013889,2022-06-20,08:06:00,1,Collision with vehicle,1,Monday,113,RIGHT NEAR (INTERSECTIONS ONLY),1,715646,T intersection,3,80,Local Road,EASTWOOD,EAST GIPPSLAND,-37.807533,147.63802,2022,6,June,8,Morning Peak,Weekday
T20220013875,2022-06-20,00:40:00,4,Collision with a fixed object,1,Monday,173,RIGHT OFF CARRIAGEWAY INTO OBJECT/PARKED VEHICLE,3,775851,Not at intersection,3,60,Arterial Other,WILLIAMS,STONNINGTON,-37.847347,145.00334,2022,6,June,0,Late Night,Weekday
T20220018266,2022-06-20,17:35:00,1,Collision with vehicle,1,Monday,147,VEHICLE STRIKES ANOTHER VEH WHILE EMERGING FROM DRIVEWAY,2,240715,T intersection,3,80,Arterial Other,PRINCES,CARDINIA,-38.071285,145.4778,2022,6,June,17,Afternoon Peak,Weekday
T20220013963,2022-06-20,10:00:00,1,Collision with vehicle,1,Monday,133,LANE SIDE SWIPE (VEHICLES IN PARALLEL LANES),1,718509,Not at intersection,2,50,Local Road,ALBION,MORELAND,-37.75754,144.9354,2022,6,June,10,Midday,Weekday
T20220014570,2022-06-20,14:35:00,1,Collision with vehicle,1,Monday,121,RIGHT THROUGH,1,40374,Cross intersection,3,50,Arterial Other,TOORONGA,STONNINGTON,-37.85322,145.04214,2022,6,June,14,Midday,Weekday
T20220013893,2022-06-20,11:02:00,1,Collision with vehicle,1,Monday,110,CROSS TRAFFIC(INTERSECTIONS ONLY),1,782240,Cross intersection,3,60,Local Road,WEDGE,WYNDHAM,-37.90428,144.65855,2022,6,June,11,Midday,Weekday
T20220014008,2022-06-20,17:30:00,1,Collision with vehicle,1,Monday,130,REAR END(VEHICLES IN SAME LANE),1,252346,Cross intersection,3,60,Local Road,LEAKES,WYNDHAM,-37.836212,144.7088,2022,6,June,17,Afternoon Peak,Weekday
T20220013896,2022-06-20,11:00:00,1,Collision with vehicle,1,Monday,113,RIGHT NEAR (INTERSECTIONS ONLY),1,291510,T intersection,3,60,Local Road,ALBERT,BAW BAW,-38.16158,145.95349,2022,6,June,11,Midday,Weekday
T20220014024,2022-06-20,21:15:00,1,Collision with vehicle,1,Monday,131,LEFT REAR,3,722767,Multiple intersection,3,60,Local Road,THAMES,KINGSTON,-38.04359,145.14082,2022,6,June,21,Night,Weekday
T20220014607,2022-06-20,19:05:00,4,Collision with a fixed object,1,Monday,171,LEFT OFF CARRIAGEWAY INTO OBJECT/PARKED VEHICLE,5,718260,Not at intersection,2,60,Local Road,STRINGYBARK,MELTON,-37.696526,144.54456,2022,6,June,19,Night,Weekday
T20220013887,2022-06-20,10:11:00,4,Collision with a fixed object,1,Monday,181,OFF RIGHT BEND INTO OBJECT/PARKED VEHICLE,1,727069,Not at intersection,3,60,Arterial Other,BALCOMBE,BAYSIDE,-37.978367,145.03593,2022,6,June,10,Midday,Weekday
T20220016143,2022-06-20,14:18:00,1,Collision with vehicle,1,Monday,112,LEFT FAR (INTERSECTIONS ONLY),1,720315,Multiple intersection,3,60,Arterial Other,MT ALEXANDER,MOONEE VALLEY,-37.744488,144.91002,2022,6,June,14,Midday,Weekday
T20220013958,2022-06-21,02:00:00,2,Struck Pedestrian,2,Tuesday,105,PED WALKING AGAINST TRAFFIC.,3,716817,Not at intersection,1,80,Arterial Highway,PRINCES,LATROBE,-38.223766,146.46706,2022,6,June,2,Late Night,Weekday
T20220014702,2022-06-21,09:10:00,1,Collision with vehicle,2,Tuesday,130,REAR END(VEHICLES IN SAME LANE),9,718333,Cross intersection,3,70,Arterial Highway,SPRINGVALE,MONASH,-37.8743,145.16682,2022,6,June,9,Morning Peak,Weekday
T20220013971,2022-06-21,09:55:00,4,Collision with a fixed object,2,Tuesday,181,OFF RIGHT BEND INTO OBJECT/PARKED VEHICLE,1,715868,Not at intersection,3,100,Local Road,LARDNER,BAW BAW,-38.162228,145.87347,2022,6,June,9,Morning Peak,Weekday
T20220014476,2022-06-21,13:00:00,1,Collision with vehicle,2,Tuesday,135,LANE CHANGE LEFT (NOT OVERTAKING),1,718240,Not at intersection,3,80,Freeway,CALDER,BRIMBANK,-37.72378,144.84445,2022,6,June,13,Midday,Weekday
T20220013974,2022-06-21,06:45:00,1,Collision with vehicle,2,Tuesday,121,RIGHT THROUGH,2,255483,Cross intersection,3,80,Arterial Highway,SEVENTEENTH,MILDURA,-34.211636,142.1007,2022,6,June,6,Morning Peak,Weekday
T20220013981,2022-06-21,12:50:00,1,Collision with vehicle,2,Tuesday,121,RIGHT THROUGH,1,588708,Cross intersection,3,60,Arterial Highway,BARNARD,BENDIGO,-36.758366,144.26813,2022,6,June,12,Midday,Weekday
T20220013985,2022-06-21,12:00:00,1,Collision with vehicle,2,Tuesday,120,HEAD ON (NOT OVERTAKING),1,715980,Not at intersection,3,70,Arterial Other,KURRAK,NILLUMBIK,-37.651726,145.10956,2022,6,June,12,Midday,Weekday
T20220015483,2022-06-21,17:30:00,1,Collision with vehicle,2,Tuesday,134,LANE CHANGE RIGHT (NOT OVERTAKING),3,719911,Not at intersection,3,60,Arterial Other,THE CIRCUIT,BANYULE,-37.701294,145.10284,2022,6,June,17,Afternoon Peak,Weekday
T20220013986,2022-06-21,12:10:00,4,Collision with a fixed object,2,Tuesday,175,OFF END OF ROAD/T-INTERSECTION.,1,718200,T intersection,2,50,Arterial Other,KELSALL STREET -RAINBOW,YARRIAMBIACK,-36.24618,142.39488,2022,6,June,12,Midday,Weekday
T20220014658,2022-06-21,13:55:00,1,Collision with vehicle,2,Tuesday,130,REAR END(VEHICLES IN SAME LANE),1,718757,Not at intersection,3,60,Arterial Other,CLEGG,YARRA RANGES,-37.78199,145.42569,2022,6,June,13,Midday,Weekday
T20220013992,2022-06-21,10:35:00,1,Collision with vehicle,2,Tuesday,130,REAR END(VEHICLES IN SAME LANE),1,727024,Not at intersection,3,60,Arterial Other,BADGER CREEK,YARRA RANGES,-37.668148,145.52937,2022,6,June,10,Midday,Weekday
T20220014019,2022-06-21,07:50:00,2,Struck Pedestrian,2,Tuesday,100,PED NEAR SIDE. PED HIT BY VEHICLE FROM THE RIGHT.,1,38808,Cross intersection,3,50,Arterial Other,HOPKINS,MARIBYRNONG,-37.80055,144.90636,2022,6,June,7,Morning Peak,Weekday
T20220013994,2022-06-21,14:45:00,1,Collision with vehicle,2,Tuesday,148,VEHICLE OFF FOOTPATH STRIKES VEH ON CARRIAGEWAY,1,715764,Not at intersection,2,50,Local Road,STATION,MOORABOOL,-37.68676,144.43541,2022,6,June,14,Midday,Weekday
T20220013997,2022-06-21,13:57:00,4,Collision with a fixed object,2,Tuesday,183,OFF LEFT BEND INTO OBJECT/PARKED VEHICLE,1,726954,Not at intersection,3,40,Arterial Highway,PRINCES,WELLINGTON,-38.10688,146.89874,2022,6,June,13,Midday,Weekday
T20220014001,2022-06-21,14:15:00,1,Collision with vehicle,2,Tuesday,148,VEHICLE OFF FOOTPATH STRIKES VEH ON CARRIAGEWAY,1,716686,Not at intersection,2,60,Arterial Other,FELLMONGERS,GEELONG,-38.179504,144.37285,2022,6,June,14,Midday,Weekday
T20220014005,2022-06-21,14:59:00,4,Collision with a fixed object,2,Tuesday,173,RIGHT OFF CARRIAGEWAY INTO OBJECT/PARKED VEHICLE,1,718812,Not at intersection,2,100,Local Road,PYRAMID-YARRABERB,LODDON,-36.549637,144.14044,2022,6,June,14,Midday,Weekday
T20220014598,2022-06-21,12:40:00,1,Collision with vehicle,2,Tuesday,130,REAR END(VEHICLES IN SAME LANE),1,718257,Not at intersection,3,100,Arterial Other,MAIN STREET -MELBOURNE LANCEFIELD,MACEDON RANGES,-37.364784,144.74474,2022,6,June,12,Midday,Weekday
T20220014042,2022-06-21,20:07:00,2,Struck Pedestrian,2,Tuesday,103,PED PLAYING/LYING/WORKING/STANDING ON CARRIAGEWAY.,3,715925,Not at intersection,1,50,Local Road,GLENGALA,BRIMBANK,-37.789963,144.8196,2022,6,June,20,Night,Weekday
T20220014021,2022-06-21,17:09:00,1,Collision with vehicle,2,Tuesday,121,RIGHT THROUGH,2,51368,T intersection,2,100,Arterial Highway,MURRAY VALLEY,GANNAWARRA,-35.733845,143.90005,2022,6,June,17,Afternoon Peak,Weekday
T20220014022,2022-06-21,16:15:00,1,Collision with vehicle,2,Tuesday,130,REAR END(VEHICLES IN SAME LANE),1,774594,Not at intersection,2,100,Arterial Other,BRAESIDE-DANDENONG,KINGSTON,-38.00867,145.11555,2022,6,June,16,Afternoon Peak,Weekday
T20220014222,2022-06-21,12:30:00,1,Collision with vehicle,2,Tuesday,130,REAR END(VEHICLES IN SAME LANE),1,778801,Not at intersection,3,60,Freeway,WELLINGTON-MONASH IN,MONASH,-37.91889,145.17183,2022,6,June,12,Midday,Weekday
T20220014025,2022-06-21,15:20:00,1,Collision with vehicle,2,Tuesday,160,VEHICLE COLLIDES WITH VEHICLE PARKED ON LEFT OF ROAD,1,726956,Not at intersection,3,60,Arterial Other,HAWTHORN,GLEN EIRA,-37.890347,145.02132,2022,6,June,15,Afternoon Peak,Weekday
T20220014028,2022-06-21,17:15:00,2,Struck Pedestrian,2,Tuesday,107,PED ON FOOTHPATH STRUCK BY VEHENTERING/LEAVING DRIVEWAY.,2,726957,Not at intersection,3,80,Arterial Other,HIGH STREET,KNOX,-37.87681,145.22227,2022,6,June,17,Afternoon Peak,Weekday
T20220014030,2022-06-21,17:20:00,1,Collision with vehicle,2,Tuesday,113,RIGHT NEAR (INTERSECTIONS ONLY),5,15378,T intersection,2,80,Arterial Highway,MIDLAND,GOLDEN PLAINS,-38.071392,144.22752,2022,6,June,17,Afternoon Peak,Weekday
T20220014035,2022-06-21,19:58:00,1,Collision with vehicle,2,Tuesday,121,RIGHT THROUGH,5,55612,Cross intersection,3,80,Local Road,ELEVENTH,MILDURA,-34.218246,142.1917,2022,6,June,19,Night,Weekday
T20220014036,2022-06-21,04:05:00,1,Collision with vehicle,2,Tuesday,130,REAR END(VEHICLES IN SAME LANE),3,731787,Not at intersection,3,70,Arterial Highway,DANDENONG,GLEN EIRA,-37.875557,145.0421,2022,6,June,4,Late Night,Weekday
T20220014039,2022-06-21,22:10:00,1,Collision with vehicle,2,Tuesday,121,RIGHT THROUGH,3,696854,T intersection,3,60,Arterial Other,THOMPSONS,CASEY,-38.08817,145.32349,2022,6,June,22,Night,Weekday
T20220014041,2022-06-21,21:31:00,2,Struck Pedestrian,2,Tuesday,102,FAR SIDE. PED HIT BY VEHICLE FROM THE LEFT,3,796462,Not at intersection,2,40,Arterial Other,JOHNSTON,YARRA,-37.800438,144.99904,2022,6,June,21,Night,Weekday
T20220014043,2022-06-21,23:14:00,4,Collision with a fixed object,2,Tuesday,183,OFF LEFT BEND INTO OBJECT/PARKED VEHICLE,5,725393,Not at intersection,2,80,Local Road,SANDY CREEK,GEELONG,-37.96547,144.40663,2022,6,June,23,Night,Weekday