ACCIDENT_NO,ACCIDENT_DATE,ACCIDENT_TIME,ACCIDENT_TYPE,ACCIDENT_TYPE_DESC,DAY_OF_WEEK,DAY_WEEK_DESC,DCA_CODE,DCA_DESC,LIGHT_CONDITION,NODE_ID,ROAD_GEOMETRY_DESC,SEVERITY,SPEED_ZONE,RMA,ROAD_NAME,LGA_NAME,LATITUDE,LONGITUDE,YEAR,MONTH,MONTH_NAME,HOUR,TIME_PERIOD,DAY_TYPE
T20220014051,2022-06-21,19:11:00,4,Collision with a fixed object,2,Tuesday,181,OFF RIGHT BEND INTO OBJECT/PARKED VEHICLE,5,718204,Not at intersection,2,100,Arterial Highway,MAROONDAH,YARRA RANGES,-37.60432,145.62888,2022,6,June,19,Night,Weekday
T20220015746,2022-06-21,15:15:00,1,Collision with vehicle,2,Tuesday,130,REAR END(VEHICLES IN SAME LANE),1,234367,Not at intersection,3,80,Freeway,PRINCES,WYNDHAM,-37.83332,144.8088,2022,6,June,15,Afternoon Peak,Weekday
T20220013970,2022-06-21,09:25:00,1,Collision with vehicle,2,Tuesday,130,REAR END(VEHICLES IN SAME LANE),1,13503,Not at intersection,3,80,Freeway,CITYLINK,YARRA,-37.832653,145.00145,2022,6,June,9,Morning Peak,Weekday
T20220015043,2022-06-21,15:00:00,1,Collision with vehicle,2,Tuesday,130,REAR END(VEHICLES IN SAME LANE),1,778964,Not at intersection,3,80,Freeway,MONASH,MONASH,-37.916386,145.16978,2022,6,June,15,Afternoon Peak,Weekday
T20220014256,2022-06-22,14:20:00,1,Collision with vehicle,3,Wednesday,130,REAR END(VEHICLES IN SAME LANE),1,1303,Cross intersection,3,60,Arterial Other,BARRY,HUME,-37.66725,144.95479,2022,6,June,14,Midday,Weekday
T20220016222,2022-06-22,18:33:00,1,Collision with vehicle,3,Wednesday,121,RIGHT THROUGH,3,45237,Cross intersection,3,60,Arterial Other,GORDON,MARIBYRNONG,-37.783794,144.89091,2022,6,June,18,Afternoon Peak,Weekday
T20220019587,2022-06-22,10:10:00,1,Collision with vehicle,3,Wednesday,130,REAR END(VEHICLES IN SAME LANE),1,69245,T intersection,3,60,Arterial Other,DUNCANS,WYNDHAM,-37.909805,144.67741,2022,6,June,10,Midday,Weekday
T20220014113,2022-06-22,20:50:00,1,Collision with vehicle,3,Wednesday,130,REAR END(VEHICLES IN SAME LANE),6,726924,Not at intersection,3,70,Freeway,TULLAMARINE IN-WESTERN RING OUT,HUME,-37.702152,144.89034,2022,6,June,20,Night,Weekday
T20220015923,2022-06-22,17:15:00,2,Struck Pedestrian,3,Wednesday,100,PED NEAR SIDE. PED HIT BY VEHICLE FROM THE RIGHT.,9,728130,Not at intersection,2,40,Arterial Other,HUNTINGDALE,MONASH,-37.909748,145.10374,2022,6,June,17,Afternoon Peak,Weekday
T20220014063,2022-06-22,09:44:00,4,Collision with a fixed object,3,Wednesday,171,LEFT OFF CARRIAGEWAY INTO OBJECT/PARKED VEHICLE,1,726913,Not at intersection,3,50,Arterial Highway,HIGH,BENDIGO,-36.919357,144.70602,2022,6,June,9,Morning Peak,Weekday
T20220014066,2022-06-22,10:20:00,6,Vehicle overturned (no collision),3,Wednesday,174,OUT OF CONTROL ON CARRIAGEWAY (ON STRAIGHT),1,726903,Not at intersection,3,60,Arterial Other,MT ALEXANDER,MOONEE VALLEY,-37.748684,144.91284,2022,6,June,10,Midday,Weekday
T20220014067,2022-06-22,12:45:00,1,Collision with vehicle,3,Wednesday,142,LEAVING PARKING,1,726917,Not at intersection,2,50,Local Road,GLASS,MOONEE VALLEY,-37.74615,144.91241,2022,6,June,12,Midday,Weekday
T20220015278,2022-06-22,05:59:00,1,Collision with vehicle,3,Wednesday,132,RIGHT REAR.,3,43260,Cross intersection,2,80,Arterial Other,GREENS,DANDENONG,-38.01341,145.20575,2022,6,June,5,Morning Peak,Weekday
T20220014076,2022-06-22,12:37:00,7,Fall from or in moving vehicle,3,Wednesday,172,OFF CARRIAGEWAY TO RIGHT,1,718205,Not at intersection,2,60,Local Road,DEVON,MORELAND,-37.722157,144.92914,2022,6,June,12,Midday,Weekday
T20220016074,2022-06-22,13:10:00,1,Collision with vehicle,3,Wednesday,113,RIGHT NEAR (INTERSECTIONS ONLY),1,35852,T intersection,3,60,Arterial Highway,SOUTH GIPPSLAND,DANDENONG,-38.035515,145.24594,2022,6,June,13,Midday,Weekday
T20220014080,2022-06-22,11:45:00,1,Collision with vehicle,3,Wednesday,130,REAR END(VEHICLES IN SAME LANE),1,721776,Not at intersection,2,80,Freeway,MONASH,MONASH,-37.89252,145.12631,2022,6,June,11,Midday,Weekday
T20220014084,2022-06-22,15:30:00,8,No collision and no object struck,3,Wednesday,109,ANY MANOEUVRE INVOLVING PED NOT INCLUDED IN DCAs 100-108.,1,715982,Not at intersection,3,50,Local Road,DALEY,MORELAND,-37.69739,144.93079,2022,6,June,15,Afternoon Peak,Weekday
T20220014049,2022-06-22,05:45:00,1,Collision with vehicle,3,Wednesday,121,RIGHT THROUGH,3,94,Cross intersection,2,70,Arterial Other,SYDNEY,HUME,-37.651005,144.95267,2022,6,June,5,Morning Peak,Weekday
T20230010177,2022-06-22,10:00:00,1,Collision with vehicle,3,Wednesday,142,LEAVING PARKING,1,774152,Not at intersection,3,60,Local Road,WELSFORD,SHEPPARTON,-36.381622,145.39772,2022,6,June,10,Midday,Weekday
T20220014064,2022-06-22,09:50:00,1,Collision with vehicle,3,Wednesday,120,HEAD ON (NOT OVERTAKING),1,774597,Not at intersection,3,60,Local Road,FORT KING,EAST GIPPSLAND,-37.90634,147.72218,2022,6,June,9,Morning Peak,Weekday
T20220014094,2022-06-22,17:05:00,1,Collision with vehicle,3,Wednesday,121,RIGHT THROUGH,3,35551,T intersection,3,60,Arterial Highway,NORTH,GLEN EIRA,-37.907516,145.06902,2022,6,June,17,Afternoon Peak,Weekday
T20220014095,2022-06-22,17:19:00,1,Collision with vehicle,3,Wednesday,121,RIGHT THROUGH,2,720061,Not at intersection,2,80,Arterial Other,FERNTREE GULLY,KNOX,-37.883434,145.27423,2022,6,June,17,Afternoon Peak,Weekday
T20220014096,2022-06-22,15:29:00,4,Collision with a fixed object,3,Wednesday,183,OFF LEFT BEND INTO OBJECT/PARKED VEHICLE,1,719249,Not at intersection,2,70,Arterial Other,EDGARS,WHITTLESEA,-37.68185,144.99901,2022,6,June,15,Afternoon Peak,Weekday
T20220014217,2022-06-22,08:36:00,1,Collision with vehicle,3,Wednesday,130,REAR END(VEHICLES IN SAME LANE),1,778873,T intersection,3,60,Local Road,NORMANBY,GLEN EIRA,-37.868492,145.0313,2022,6,June,8,Morning Peak,Weekday
T20220014100,2022-06-22,18:40:00,4,Collision with a fixed object,3,Wednesday,171,LEFT OFF CARRIAGEWAY INTO OBJECT/PARKED VEHICLE,5,727796,Not at intersection,3,100,Local Road,BAMAWM,CAMPASPE,-36.207294,144.61694,2022,6,June,18,Afternoon Peak,Weekday
T20220014101,2022-06-22,18:35:00,1,Collision with vehicle,3,Wednesday,130,REAR END(VEHICLES IN SAME LANE),3,332439,Cross intersection,2,60,Arterial Other,CRAIGIEBURN,HUME,-37.593918,144.91006,2022,6,June,18,Afternoon Peak,Weekday
T20220014102,2022-06-22,18:30:00,1,Collision with vehicle,3,Wednesday,130,REAR END(VEHICLES IN SAME LANE),3,718512,Not at intersection,3,100,Freeway,TULLAMARINE,MOONEE VALLEY,-37.71794,144.89224,2022,6,June,18,Afternoon Peak,Weekday
T20220014103,2022-06-22,19:45:00,1,Collision with vehicle,3,Wednesday,130,REAR END(VEHICLES IN SAME LANE),3,774598,Not at intersection,3,60,Freeway,WESTERN RING OUT-HUME,HUME,-37.69183,144.95486,2022,6,June,19,Night,Weekday
T20220014104,2022-06-22,17:23:00,1,Collision with vehicle,3,Wednesday,135,LANE CHANGE LEFT (NOT OVERTAKING),1,710776,Cross intersection,2,60,Local Road,PENTRIDGE,MORELAND,-37.73848,144.97008,2022,6,June,17,Afternoon Peak,Weekday
T20220014107,2022-06-22,18:20:00,1,Collision with vehicle,3,Wednesday,130,REAR END(VEHICLES IN SAME LANE),5,724753,Not at intersection,3,100,Freeway,WESTERN RING,HUME,-37.694534,144.9193,2022,6,June,18,Afternoon Peak,Weekday
T20220014108,2022-06-22,17:57:00,1,Collision with vehicle,3,Wednesday,121,RIGHT THROUGH,3,42881,T intersection,2,60,Arterial Other,HEATHERTON,DANDENONG,-37.962917,145.1564,2022,6,June,17,Afternoon Peak,Weekday
T20220014110,2022-06-22,20:40:00,1,Collision with vehicle,3,Wednesday,130,REAR END(VEHICLES IN SAME LANE),3,779658,Not at intersection,3,60,Arterial Other,LEARMONTH,BALLARAT,-37.532623,143.81651,2022,6,June,20,Night,Weekday
T20220015517,2022-06-23,15:00:00,1,Collision with vehicle,4,Thursday,163,VEHICLE STRIKES DOOR OF PARKED/STATIONARY VEHICLE,1,719250,Not at intersection,2,50,Arterial Other,BRUNSWICK,YARRA,-37.791473,144.97963,2022,6,June,15,Afternoon Peak,Weekday
T20220017473,2022-06-23,18:15:00,1,Collision with vehicle,4,Thursday,130,REAR END(VEHICLES IN SAME LANE),3,722334,Not at intersection,3,70,Arterial Other,KEILOR-DERRIMUT,BRIMBANK,-37.75083,144.77823,2022,6,June,18,Afternoon Peak,Weekday
T20220016576,2022-06-23,18:05:00,1,Collision with vehicle,4,Thursday,130,REAR END(VEHICLES IN SAME LANE),3,719193,Not at intersection,3,60,Arterial Other,DORSET,KNOX,-37.88001,145.2846,2022,6,June,18,Afternoon Peak,Weekday
T20220015290,2022-06-23,17:30:00,1,Collision with vehicle,4,Thursday,130,REAR END(VEHICLES IN SAME LANE),3,42451,T intersection,3,70,Arterial Highway,DANDENONG,MONASH,-37.92176,145.13911,2022,6,June,17,Afternoon Peak,Weekday
T20220014126,2022-06-23,08:16:00,1,Collision with vehicle,4,Thursday,160,VEHICLE COLLIDES WITH VEHICLE PARKED ON LEFT OF ROAD,1,715872,Not at intersection,2,50,Local Road,MUNRO,KINGSTON,-38.04232,145.11813,2022,6,June,8,Morning Peak,Weekday
T20220014127,2022-06-23,06:05:00,4,Collision with a fixed object,4,Thursday,173,RIGHT OFF CARRIAGEWAY INTO OBJECT/PARKED VEHICLE,3,731166,Not at intersection,2,80,Arterial Other,HEATHERTON,CASEY,-37.974827,145.25809,2022,6,June,6,Morning Peak,Weekday
T20220014130,2022-06-23,09:47:00,2,Struck Pedestrian,4,Thursday,102,FAR SIDE. PED HIT BY VEHICLE FROM THE LEFT,1,61521,T intersection,3,50,Local Road,MAY,WHITTLESEA,-37.674564,145.01712,2022,6,June,9,Morning Peak,Weekday
T20220014140,2022-06-23,12:50:00,2,Struck Pedestrian,4,Thursday,100,PED NEAR SIDE. PED HIT BY VEHICLE FROM THE RIGHT.,1,718210,Not at intersection,3,50,Local Road,SEYMOUR,LATROBE,-38.19614,146.53676,2022,6,June,12,Midday,Weekday
T20220014144,2022-06-23,12:40:00,1,Collision with vehicle,4,Thursday,130,REAR END(VEHICLES IN SAME LANE),1,726718,Not at intersection,3,60,Arterial Other,AUBURN,BOROONDARA,-37.82626,145.04433,2022,6,June,12,Midday,Weekday
T20220014147,2022-06-23,10:40:00,1,Collision with vehicle,4,Thursday,121,RIGHT THROUGH,1,718211,T intersection,3,40,Local Road,ST PHILLIP,MORELAND,-37.776524,144.97095,2022,6,June,10,Midday,Weekday
T20220014151,2022-06-23,14:34:00,1,Collision with vehicle,4,Thursday,110,CROSS TRAFFIC(INTERSECTIONS ONLY),1,49882,Cross intersection,2,50,Local Road,ALBERT,GEELONG,-38.139812,144.34004,2022,6,June,14,Midday,Weekday
T20220014152,2022-06-23,14:15:00,1,Collision with vehicle,4,Thursday,111,RIGHT FAR (INTERSECTIONS ONLY),1,64209,T intersection,3,70,Arterial Other,MANNINGHAM,MANNINGHAM,-37.775394,145.1169,2022,6,June,14,Midday,Weekday
T20220014153,2022-06-23,07:00:00,2,Struck Pedestrian,4,Thursday,102,FAR SIDE. PED HIT BY VEHICLE FROM THE LEFT,6,718513,T intersection,3,50,Local Road,RIDLEY,BRIMBANK,-37.78406,144.82748,2022,6,June,7,Morning Peak,Weekday
T20220014460,2022-06-23,17:40:00,1,Collision with vehicle,4,Thursday,130,REAR END(VEHICLES IN SAME LANE),2,718237,Not at intersection,3,50,Arterial Other,BRUNSWICK,MORELAND,-37.776413,144.95479,2022,6,June,17,Afternoon Peak,Weekday
T20220014158,2022-06-23,10:30:00,1,Collision with vehicle,4,Thursday,130,REAR END(VEHICLES IN SAME LANE),1,40961,Cross intersection,3,70,Arterial Other,BAYSWATER,MAROONDAH,-37.83217,145.26938,2022,6,June,10,Midday,Weekday
T20220014161,2022-06-23,16:26:00,1,Collision with vehicle,4,Thursday,110,CROSS TRAFFIC(INTERSECTIONS ONLY),2,44220,Cross intersection,3,60,Arterial Other,HIGH,WHITTLESEA,-37.640488,145.02657,2022,6,June,16,Afternoon Peak,Weekday
T20220014162,2022-06-23,16:30:00,1,Collision with vehicle,4,Thursday,110,CROSS TRAFFIC(INTERSECTIONS ONLY),1,360035,Cross intersection,3,100,Arterial Other,TATURA-UNDERA,SHEPPARTON,-36.37262,145.22287,2022,6,June,16,Afternoon Peak,Weekday
T20220014164,2022-06-23,17:15:00,1,Collision with vehicle,4,Thursday,130,REAR END(VEHICLES IN SAME LANE),3,723669,T intersection,3,60,Arterial Highway,CHELTENHAM,DANDENONG,-37.990856,145.19865,2022,6,June,17,Afternoon Peak,Weekday
T20220014165,2022-06-23,12:30:00,2,Struck Pedestrian,4,Thursday,103,PED PLAYING/LYING/WORKING/STANDING ON CARRIAGEWAY.,1,718745,T intersection,3,40,Local Road,LESLIE,BRIMBANK,-37.73778,144.80954,2022,6,June,12,Midday,Weekday
T20220014167,2022-06-23,15:05:00,4,Collision with a fixed object,4,Thursday,173,RIGHT OFF CARRIAGEWAY INTO OBJECT/PARKED VEHICLE,1,719412,Y intersection,2,40,Local Road,KNEEBONE,ARARAT,-37.27735,142.92026,2022,6,June,15,Afternoon Peak,Weekday
T20220014168,2022-06-23,17:28:00,1,Collision with vehicle,4,Thursday,120,HEAD ON (NOT OVERTAKING),2,53704,Not at intersection,2,50,Arterial Other,TUCKFIELD,GEELONG,-38.266422,144.53375,2022,6,June,17,Afternoon Peak,Weekday
T20220014172,2022-06-23,18:12:00,1,Collision with vehicle,4,Thursday,160,VEHICLE COLLIDES WITH VEHICLE PARKED ON LEFT OF ROAD,3,720914,Not at intersection,2,50,Local Road,MCDOUGALL,MORELAND,-37.704952,144.96394,2022,6,June,18,Afternoon Peak,Weekday
T20220014173,2022-06-23,18:00:00,2,Struck Pedestrian,4,Thursday,100,PED NEAR SIDE. PED HIT BY VEHICLE FROM THE RIGHT.,3,715984,Not at intersection,3,50,Local Road,CARBERRY,MELTON,-37.67289,144.59685,2022,6,June,18,Afternoon Peak,Weekday
T20220014175,2022-06-23,18:30:00,1,Collision with vehicle,4,Thursday,113,RIGHT NEAR (INTERSECTIONS ONLY),3,726698,T intersection,3,50,Local Road,WARREN,KINGSTON,-37.99209,145.09286,2022,6,June,18,Afternoon Peak,Weekday
T20220014177,2022-06-23,18:00:00,1,Collision with vehicle,4,Thursday,110,CROSS TRAFFIC(INTERSECTIONS ONLY),5,17552,Cross intersection,2,60,Arterial Highway,BLAKE STREET -MURRAY VALLEY,MOIRA,-36.06464,145.20389,2022,6,June,18,Afternoon Peak,Weekday
T20220014178,2022-06-23,18:20:00,1,Collision with vehicle,4,Thursday,130,REAR END(VEHICLES IN SAME LANE),3,715874,T intersection,3,70,Arterial Highway,PLENTY,DAREBIN,-37.711773,145.04767,2022,6,June,18,Afternoon Peak,Weekday
T20220014179,2022-06-23,18:55:00,1,Collision with vehicle,4,Thursday,110,CROSS TRAFFIC(INTERSECTIONS ONLY),3,38678,Cross intersection,3,60,Arterial Other,BALLARAT,MARIBYRNONG,-37.788597,144.88309,2022,6,June,18,Afternoon Peak,Weekday
T20220014180,2022-06-23,17:00:00,1,Collision with vehicle,4,Thursday,130,REAR END(VEHICLES IN SAME LANE),2,140174,Not at intersection,2,80,Freeway,MONASH,MONASH,-37.92238,145.1765,2022,6,June,17,Afternoon Peak,Weekday
T20220014181,2022-06-23,20:09:00,1,Collision with vehicle,4,Thursday,148,VEHICLE OFF FOOTPATH STRIKES VEH ON CARRIAGEWAY,3,726713,Cross intersection,2,60,Arterial Highway,TYRONE,GLEN EIRA,-37.904903,145.04662,2022,6,June,20,Night,Weekday
T20220014182,2022-06-23,15:28:00,8,No collision and no object struck,4,Thursday,174,OUT OF CONTROL ON CARRIAGEWAY (ON STRAIGHT),1,62557,T intersection,3,60,Arterial Highway,PLENTY,DAREBIN,-37.72495,145.02484,2022,6,June,15,Afternoon Peak,Weekday
T20220014184,2022-06-23,20:12:00,2,Struck Pedestrian,4,Thursday,108,PED STRUCK WALKING TO/FROM OR BOARDING/ALIGHTING VEHICLE.,3,718746,Not at intersection,2,40,Local Road,LONSDALE,MELBOURNE,-37.81189,144.96361,2022,6,June,20,Night,Weekday
T20220014186,2022-06-23,21:20:00,4,Collision with a fixed object,4,Thursday,171,LEFT OFF CARRIAGEWAY INTO OBJECT/PARKED VEHICLE,3,733347,Not at intersection,2,80,Arterial Highway,BURWOOD,KNOX,-37.88866,145.29538,2022,6,June,21,Night,Weekday
T20220014191,2022-06-23,22:05:00,1,Collision with vehicle,4,Thursday,113,RIGHT NEAR (INTERSECTIONS ONLY),3,37426,Cross intersection,2,70,Arterial Highway,PLENTY,DAREBIN,-37.70907,145.05077,2022,6,June,22,Night,Weekday
T20220014212,2022-06-23,13:20:00,1,Collision with vehicle,4,Thursday,130,REAR END(VEHICLES IN SAME LANE),1,782247,Not at intersection,3,80,Freeway,WEST GATE,MELBOURNE,-37.828426,144.95737,2022,6,June,13,Midday,Weekday
T20220014229,2022-06-23,17:30:00,1,Collision with vehicle,4,Thursday,130,REAR END(VEHICLES IN SAME LANE),1,721046,Not at intersection,3,60,Arterial Other,BREAKWATER,GEELONG,-38.18103,144.35574,2022,6,June,17,Afternoon Peak,Weekday
T20220014451,2022-06-23,15:40:00,1,Collision with vehicle,4,Thursday,130,REAR END(VEHICLES IN SAME LANE),1,718523,Not at intersection,3,60,Arterial Highway,WARRIGAL,KINGSTON,-37.92761,145.08173,2022,6,June,15,Afternoon Peak,Weekday
T20220019665,2022-06-23,21:36:00,5,collision with some other object,4,Thursday,166,STRUCK OBJECT ON CARRIAGEWAY,6,723834,Not at intersection,3,80,Local Road,SUNRISE,NILLUMBIK,-37.682518,145.12032,2022,6,June,21,Night,Weekday
T20220014282,2022-06-23,08:43:00,1,Collision with vehicle,4,Thursday,135,LANE CHANGE LEFT (NOT OVERTAKING),1,718519,Not at intersection,3,100,Freeway,WESTERN RING,HUME,-37.69133,144.96613,2022,6,June,8,Morning Peak,Weekday
T20220020034,2022-06-23,13:15:00,1,Collision with vehicle,4,Thursday,112,LEFT FAR (INTERSECTIONS ONLY),1,782249,T intersection,3,50,Local Road,TIMOR,WARRNAMBOOL,-38.38827,142.48865,2022,6,June,13,Midday,Weekday
T20220015118,2022-06-23,14:45:00,1,Collision with vehicle,4,Thursday,121,RIGHT THROUGH,1,8496,Cross intersection,3,60,Arterial Highway,WARRIGAL,KINGSTON,-37.967663,145.07414,2022,6,June,14,Midday,Weekday
T20220014328,2022-06-23,15:03:00,1,Collision with vehicle,4,Thursday,145,REVERSING IN STREAM OF TRAFFIC,1,718222,Not at intersection,3,60,Local Road,RINGWOOD,MAROONDAH,-37.812218,145.22734,2022,6,June,15,Afternoon Peak,Weekday
T20220014211,2022-06-24,08:30:00,7,Fall from or in moving vehicle,5,Friday,190,FELL IN/FROM VEHICLE,1,716191,Not at intersection,2,50,Local Road,CLEELAND,DANDENONG,-37.984207,145.21469,2022,6,June,8,Morning Peak,Weekday
T20220018033,2022-06-24,18:30:00,1,Collision with vehicle,5,Friday,110,CROSS TRAFFIC(INTERSECTIONS ONLY),3,59862,Cross intersection,3,60,Local Road,HOPE,BENDIGO,-36.79384,144.23784,2022,6,June,18,Afternoon Peak,Weekday
T20220014264,2022-06-24,14:43:00,1,Collision with vehicle,5,Friday,130,REAR END(VEHICLES IN SAME LANE),1,40279,T intersection,3,40,Arterial Other,GLENFERRIE,STONNINGTON,-37.864246,145.02803,2022,6,June,14,Midday,Weekday
T20220014265,2022-06-24,13:40:00,2,Struck Pedestrian,5,Friday,103,PED PLAYING/LYING/WORKING/STANDING ON CARRIAGEWAY.,1,47188,T intersection,3,40,Local Road,CHAPEL,PORT PHILLIP,-37.86685,144.99063,2022,6,June,13,Midday,Weekday
T20220014218,2022-06-24,09:20:00,1,Collision with vehicle,5,Friday,134,LANE CHANGE RIGHT (NOT OVERTAKING),1,718212,Not at intersection,3,100,Freeway,MONASH IN-EASTLINK IN,DANDENONG,-37.94735,145.20697,2022,6,June,9,Morning Peak,Weekday
T20220014266,2022-06-24,17:45:00,1,Collision with vehicle,5,Friday,130,REAR END(VEHICLES IN SAME LANE),3,778869,Not at intersection,3,80,Freeway,TULLAMARINE IN-MICKLEHAM,HUME,-37.68649,144.87775,2022,6,June,17,Afternoon Peak,Weekday
T20220014195,2022-06-24,03:20:00,4,Collision with a fixed object,5,Friday,173,RIGHT OFF CARRIAGEWAY INTO OBJECT/PARKED VEHICLE,3,774601,Not at intersection,2,70,Arterial Highway,BELLARINE,GEELONG,-38.169994,144.38972,2022,6,June,3,Late Night,Weekday
T20220014225,2022-06-24,12:26:00,1,Collision with vehicle,5,Friday,110,CROSS TRAFFIC(INTERSECTIONS ONLY),1,50335,Cross intersection,3,50,Local Road,BOSTON,SURF COAST,-38.33253,144.3215,2022,6,June,12,Midday,Weekday
T20220014227,2022-06-24,11:30:00,1,Collision with vehicle,5,Friday,116,LEFT NEAR (INTERSECTIONS ONLY),1,302346,T intersection,2,50,Local Road,SANDOWN,DANDENONG,-37.951195,145.16017,2022,6,June,11,Midday,Weekday
T20220014228,2022-06-24,12:25:00,1,Collision with vehicle,5,Friday,130,REAR END(VEHICLES IN SAME LANE),1,726665,Not at intersection,3,60,Arterial Other,GRIEVE,HOBSONS BAY,-37.825592,144.82944,2022,6,June,12,Midday,Weekday
T20220014268,2022-06-24,06:30:00,1,Collision with vehicle,5,Friday,140,U TURN,3,726129,Not at intersection,2,40,Arterial Other,STATION,DAREBIN,-37.775867,145.01865,2022,6,June,6,Morning Peak,Weekday
T20220014231,2022-06-24,09:40:00,1,Collision with vehicle,5,Friday,130,REAR END(VEHICLES IN SAME LANE),1,37643,T intersection,3,60,Arterial Other,ALEXANDRA,STONNINGTON,-37.833485,144.99113,2022,6,June,9,Morning Peak,Weekday
T20220017200,2022-06-24,18:00:00,3,Struck animal,5,Friday,167,STRUCK ANIMAL,5,719942,T intersection,3,100,Local Road,TURNBULL,SHEPPARTON,-36.388184,145.31348,2022,6,June,18,Afternoon Peak,Weekday
T20220014441,2022-06-24,11:00:00,2,Struck Pedestrian,5,Friday,104,PED WALKING WITH TRAFFIC,1,718754,Not at intersection,3,50,Local Road,MOLESWORTH,MORELAND,-37.733753,144.95934,2022,6,June,11,Midday,Weekday
T20220014269,2022-06-24,18:40:00,1,Collision with vehicle,5,Friday,130,REAR END(VEHICLES IN SAME LANE),3,774603,Not at intersection,2,70,Arterial Other,BARRY,HUME,-37.664394,144.92744,2022,6,June,18,Afternoon Peak,Weekday
T20220014270,2022-06-24,17:35:00,1,Collision with vehicle,5,Friday,121,RIGHT THROUGH,3,726664,Cross intersection,3,60,Arterial Other,MIDDLEBOROUGH,WHITEHORSE,-37.828136,145.13672,2022,6,June,17,Afternoon Peak,Weekday
T20220014276,2022-06-24,20:55:00,1,Collision with vehicle,5,Friday,130,REAR END(VEHICLES IN SAME LANE),3,718215,Not at intersection,2,80,Arterial Other,BELGRAVE-HALLAM,CASEY,-38.00235,145.2742,2022,6,June,20,Night,Weekday
T20220014244,2022-06-24,12:50:00,1,Collision with vehicle,5,Friday,130,REAR END(VEHICLES IN SAME LANE),1,718516,Not at intersection,3,60,Arterial Highway,MCIVOR,BENDIGO,-36.759632,144.31757,2022,6,June,12,Midday,Weekday
T20220014699,2022-06-24,15:30:00,4,Collision with a fixed object,5,Friday,173,RIGHT OFF CARRIAGEWAY INTO OBJECT/PARKED VEHICLE,1,718540,T intersection,3,100,Arterial Highway,PRINCES,COLAC OTWAY,-38.3116,143.7208,2022,6,June,15,Afternoon Peak,Weekday
T20220014278,2022-06-24,18:55:00,1,Collision with vehicle,5,Friday,130,REAR END(VEHICLES IN SAME LANE),3,716701,Not at intersection,3,80,Freeway,WEST GATE,MELBOURNE,-37.831085,144.91663,2022,6,June,18,Afternoon Peak,Weekday
T20220014251,2022-06-24,08:45:00,4,Collision with a fixed object,5,Friday,173,RIGHT OFF CARRIAGEWAY INTO OBJECT/PARKED VEHICLE,1,742089,Not at intersection,2,100,Arterial Highway,GREAT ALPINE,EAST GIPPSLAND,-37.24838,147.71239,2022,6,June,8,Morning Peak,Weekday
T20220014280,2022-06-24,16:29:00,1,Collision with vehicle,5,Friday,120,HEAD ON (NOT OVERTAKING),1,774604,Not at intersection,3,50,Local Road,GRAND,HUME,-37.573376,144.91585,2022,6,June,16,Afternoon Peak,Weekday
T20220015801,2022-06-24,06:53:00,1,Collision with vehicle,5,Friday,116,LEFT NEAR (INTERSECTIONS ONLY),2,44697,Cross intersection,3,60,Arterial Other,GRIMSHAW,BANYULE,-37.702526,145.08417,2022,6,June,6,Morning Peak,Weekday
T20220014196,2022-06-24,04:24:00,4,Collision with a fixed object,5,Friday,173,RIGHT OFF CARRIAGEWAY INTO OBJECT/PARKED VEHICLE,2,37052,Cross intersection,2,60,Arterial Highway,HODDLE,YARRA,-37.809612,144.99138,2022,6,June,4,Late Night,Weekday
T20220014283,2022-06-24,17:10:00,1,Collision with vehicle,5,Friday,120,HEAD ON (NOT OVERTAKING),1,734258,Not at intersection,2,100,Arterial Highway,SOUTH GIPPSLAND,WELLINGTON,-38.29585,147.03432,2022,6,June,17,Afternoon Peak,Weekday
T20220014260,2022-06-24,15:30:00,1,Collision with vehicle,5,Friday,130,REAR END(VEHICLES IN SAME LANE),1,718214,Not at intersection,2,100,Freeway,METROPOLITAN RING,HUME,-37.690662,144.97266,2022,6,June,15,Afternoon Peak,Weekday
T20220015744,2022-06-24,21:30:00,8,No collision and no object struck,5,Friday,174,OUT OF CONTROL ON CARRIAGEWAY (ON STRAIGHT),3,36341,Cross intersection,3,40,Local Road,LYGON,MELBOURNE,-37.79599,144.96776,2022,6,June,21,Night,Weekday
T20220014288,2022-06-24,21:48:00,2,Struck Pedestrian,5,Friday,101,PED EMERGES FROM IN FRONT OF PARKED OR STATIONARY VEHICLE,3,720943,Not at intersection,2,50,Local Road,TUCKER,GLEN EIRA,-37.91745,145.05142,2022,6,June,21,Night,Weekday
T20220014208,2022-06-24,07:30:00,4,Collision with a fixed object,5,Friday,151,OUT OF CONTROL (OVERTAKING),1,715986,Not at intersection,3,100,Arterial Other,MAIN NEERIM,BAW BAW,-38.03321,145.95126,2022,6,June,7,Morning Peak,Weekday
T20220014331,2022-06-24,05:40:00,1,Collision with vehicle,5,Friday,130,REAR END(VEHICLES IN SAME LANE),3,787115,Multiple intersection,3,60,Arterial Other,EPSOM,MELBOURNE,-37.780556,144.91472,2022,6,June,5,Morning Peak,Weekday
T20220014339,2022-06-24,06:00:00,1,Collision with vehicle,5,Friday,113,RIGHT NEAR (INTERSECTIONS ONLY),3,355690,T intersection,2,80,Arterial Other,KERRY,FRANKSTON,-38.14807,145.19778,2022,6,June,6,Morning Peak,Weekday
T20220017475,2022-06-25,14:00:00,4,Collision with a fixed object,6,Saturday,164,PERMANENT OBSTRUCTION ON CARRIAGEWAY,1,728672,Not at intersection,3,60,Local Road,NEW,MAROONDAH,-37.815826,145.22047,2022,6,June,14,Midday,Weekend