ACCIDENT_NO,ACCIDENT_DATE,ACCIDENT_TIME,ACCIDENT_TYPE,ACCIDENT_TYPE_DESC,DAY_OF_WEEK,DAY_WEEK_DESC,DCA_CODE,DCA_DESC,LIGHT_CONDITION,NODE_ID,ROAD_GEOMETRY_DESC,SEVERITY,SPEED_ZONE,RMA,ROAD_NAME,LGA_NAME,LATITUDE,LONGITUDE,YEAR,MONTH,MONTH_NAME,HOUR,TIME_PERIOD,DAY_TYPE
T20220018309,2022-06-25,17:32:00,1,Collision with vehicle,6,Saturday,130,REAR END(VEHICLES IN SAME LANE),2,721670,Not at intersection,3,80,Freeway,WEST GATE,MELBOURNE,-37.827484,144.92519,2022,6,June,17,Afternoon Peak,Weekend
T20230000253,2022-06-25,09:15:00,1,Collision with vehicle,6,Saturday,135,LANE CHANGE LEFT (NOT OVERTAKING),1,746397,Not at intersection,3,40,Local Road,PAISLEY,MARIBYRNONG,-37.800133,144.89313,2022,6,June,9,Morning Peak,Weekend
T20220014735,2022-06-25,11:30:00,1,Collision with vehicle,6,Saturday,130,REAR END(VEHICLES IN SAME LANE),1,774614,Not at intersection,3,80,Arterial Highway,DANDENONG,PORT PHILLIP,-37.85988,145.00664,2022,6,June,11,Midday,Weekend
T20220015630,2022-06-25,17:02:00,1,Collision with vehicle,6,Saturday,121,RIGHT THROUGH,2,645336,T intersection,2,60,Arterial Other,SLADEN,CASEY,-38.112717,145.28076,2022,6,June,17,Afternoon Peak,Weekend
T20220017840,2022-06-25,20:15:00,1,Collision with vehicle,6,Saturday,121,RIGHT THROUGH,3,727800,Cross intersection,2,70,Arterial Highway,BRIDLINGTON,CAMPASPE,-36.13333,144.72882,2022,6,June,20,Night,Weekend
T20220014287,2022-06-25,03:00:00,1,Collision with vehicle,6,Saturday,121,RIGHT THROUGH,3,44941,Cross intersection,3,40,Arterial Other,MAIN,BRIMBANK,-37.744106,144.79889,2022,6,June,3,Late Night,Weekend
T20220014562,2022-06-25,12:50:00,1,Collision with vehicle,6,Saturday,148,VEHICLE OFF FOOTPATH STRIKES VEH ON CARRIAGEWAY,1,725715,Multiple intersection,3,60,Freeway,PRINCES OUT-CLYDE,CASEY,-38.043983,145.3414,2022,6,June,12,Midday,Weekend
T20220014290,2022-06-25,05:30:00,4,Collision with a fixed object,6,Saturday,181,OFF RIGHT BEND INTO OBJECT/PARKED VEHICLE,3,728260,Not at intersection,3,50,Local Road,LYREBIRD,FRANKSTON,-38.108368,145.1797,2022,6,June,5,Morning Peak,Weekend
T20220014291,2022-06-25,06:30:00,3,Struck animal,6,Saturday,173,RIGHT OFF CARRIAGEWAY INTO OBJECT/PARKED VEHICLE,2,785203,Not at intersection,2,100,Arterial Highway,NORTHERN,MITCHELL,-37.087746,144.83723,2022,6,June,6,Morning Peak,Weekend
T20220014295,2022-06-25,10:32:00,1,Collision with vehicle,6,Saturday,110,CROSS TRAFFIC(INTERSECTIONS ONLY),1,49169,Cross intersection,3,60,Arterial Highway,MAIN,EAST GIPPSLAND,-37.827858,147.62173,2022,6,June,10,Midday,Weekend
T20220014301,2022-06-25,12:28:00,6,Vehicle overturned (no collision),6,Saturday,174,OUT OF CONTROL ON CARRIAGEWAY (ON STRAIGHT),1,718520,Not at intersection,3,80,Local Road,RIFLE BUTTS,COLAC OTWAY,-38.335743,143.56033,2022,6,June,12,Midday,Weekend
T20220014302,2022-06-25,12:35:00,1,Collision with vehicle,6,Saturday,160,VEHICLE COLLIDES WITH VEHICLE PARKED ON LEFT OF ROAD,1,718521,Not at intersection,2,50,Local Road,LANGFORD,WHITEHORSE,-37.829205,145.2012,2022,6,June,12,Midday,Weekend
T20220014304,2022-06-25,12:58:00,1,Collision with vehicle,6,Saturday,132,RIGHT REAR.,1,345015,T intersection,2,80,Arterial Other,TAYLORS,BRIMBANK,-37.728054,144.7974,2022,6,June,12,Midday,Weekend
T20220014307,2022-06-25,13:00:00,1,Collision with vehicle,6,Saturday,111,RIGHT FAR (INTERSECTIONS ONLY),1,726593,T intersection,3,100,Arterial Highway,MIDLAND,HEPBURN,-37.253716,144.13698,2022,6,June,13,Midday,Weekend
T20220014308,2022-06-25,12:40:00,1,Collision with vehicle,6,Saturday,130,REAR END(VEHICLES IN SAME LANE),1,718217,Not at intersection,2,50,Local Road,BOX,MILDURA,-34.16651,142.05893,2022,6,June,12,Midday,Weekend
T20220014309,2022-06-25,13:19:00,1,Collision with vehicle,6,Saturday,148,VEHICLE OFF FOOTPATH STRIKES VEH ON CARRIAGEWAY,1,716702,T intersection,2,50,Local Road,POINT,GEELONG,-38.268738,144.61092,2022,6,June,13,Midday,Weekend
T20220014312,2022-06-25,14:19:00,1,Collision with vehicle,6,Saturday,137,LEFT TURN SIDESWIPE,1,718219,Cross intersection,2,50,Local Road,ELMSLIE,CASEY,-38.119766,145.30664,2022,6,June,14,Midday,Weekend
T20220014313,2022-06-25,13:20:00,1,Collision with vehicle,6,Saturday,113,RIGHT NEAR (INTERSECTIONS ONLY),1,152601,T intersection,3,100,Arterial Other,GRAHAMS,MACEDON RANGES,-37.28597,144.77725,2022,6,June,13,Midday,Weekend
T20220014314,2022-06-25,14:00:00,1,Collision with vehicle,6,Saturday,147,VEHICLE STRIKES ANOTHER VEH WHILE EMERGING FROM DRIVEWAY,1,55361,T intersection,2,80,Arterial Other,CANTERBURY,MAROONDAH,-37.83023,145.27509,2022,6,June,14,Midday,Weekend
T20220014315,2022-06-25,12:50:00,1,Collision with vehicle,6,Saturday,137,LEFT TURN SIDESWIPE,1,241655,T intersection,3,40,Arterial Other,CHURCHILL,MARIBYRNONG,-37.7851,144.8677,2022,6,June,12,Midday,Weekend
T20220016042,2022-06-25,23:30:00,3,Struck animal,6,Saturday,167,STRUCK ANIMAL,6,719806,Not at intersection,3,70,Arterial Other,RIDDELL,MACEDON RANGES,-37.472206,144.67499,2022,6,June,23,Night,Weekend
T20220014317,2022-06-25,14:49:00,1,Collision with vehicle,6,Saturday,130,REAR END(VEHICLES IN SAME LANE),1,774605,Not at intersection,3,70,Arterial Highway,PLENTY,DAREBIN,-37.711754,145.04768,2022,6,June,14,Midday,Weekend
T20220014318,2022-06-25,15:50:00,1,Collision with vehicle,6,Saturday,120,HEAD ON (NOT OVERTAKING),1,718220,T intersection,3,40,Local Road,SMYTHE,GEELONG,-38.14275,144.35733,2022,6,June,15,Afternoon Peak,Weekend
T20220014320,2022-06-25,09:00:00,2,Struck Pedestrian,6,Saturday,100,PED NEAR SIDE. PED HIT BY VEHICLE FROM THE RIGHT.,1,114512,Not at intersection,2,40,Local Road,COTTRELL,WYNDHAM,-37.89821,144.65884,2022,6,June,9,Morning Peak,Weekend
T20220016606,2022-06-25,16:20:00,1,Collision with vehicle,6,Saturday,130,REAR END(VEHICLES IN SAME LANE),1,37052,Cross intersection,3,60,Arterial Highway,HODDLE,YARRA,-37.809612,144.99138,2022,6,June,16,Afternoon Peak,Weekend
T20220014385,2022-06-25,17:30:00,1,Collision with vehicle,6,Saturday,130,REAR END(VEHICLES IN SAME LANE),2,774607,Not at intersection,2,60,Arterial Other,WELLS,KINGSTON,-38.029377,145.13203,2022,6,June,17,Afternoon Peak,Weekend
T20220014324,2022-06-25,14:52:00,1,Collision with vehicle,6,Saturday,110,CROSS TRAFFIC(INTERSECTIONS ONLY),1,52985,Cross intersection,2,60,Local Road,RIPON,BALLARAT,-37.581882,143.83742,2022,6,June,14,Midday,Weekend
T20220014326,2022-06-25,12:15:00,2,Struck Pedestrian,6,Saturday,104,PED WALKING WITH TRAFFIC,1,718221,Not at intersection,3,50,Local Road,LILYDALE,YARRA RANGES,-37.65683,145.5091,2022,6,June,12,Midday,Weekend
T20220016566,2022-06-25,07:30:00,1,Collision with vehicle,6,Saturday,121,RIGHT THROUGH,1,252479,T intersection,3,80,Arterial Highway,BURWOOD,KNOX,-37.8597,145.2072,2022,6,June,7,Morning Peak,Weekend
T20220017464,2022-06-25,08:45:00,1,Collision with vehicle,6,Saturday,130,REAR END(VEHICLES IN SAME LANE),1,722529,Not at intersection,3,60,Local Road,MCGRATH,WYNDHAM,-37.8837,144.63232,2022,6,June,8,Morning Peak,Weekend
T20220014333,2022-06-25,18:00:00,1,Collision with vehicle,6,Saturday,140,U TURN,3,718223,Not at intersection,2,40,Local Road,QUEEN,MELBOURNE,-37.818344,144.96222,2022,6,June,18,Afternoon Peak,Weekend
T20220014335,2022-06-25,18:44:00,1,Collision with vehicle,6,Saturday,121,RIGHT THROUGH,3,718224,Cross intersection,2,80,Arterial Highway,CHELTENHAM ROAD -LOWER DANDENONG,DANDENONG,-37.990955,145.14474,2022,6,June,18,Afternoon Peak,Weekend
T20220014370,2022-06-25,23:25:00,1,Collision with vehicle,6,Saturday,130,REAR END(VEHICLES IN SAME LANE),3,13900,Cross intersection,1,70,Local Road,GOLDEN SQUARE,WYNDHAM,-37.868427,144.6656,2022,6,June,23,Night,Weekend
T20220014341,2022-06-25,18:10:00,2,Struck Pedestrian,6,Saturday,102,FAR SIDE. PED HIT BY VEHICLE FROM THE LEFT,3,716689,Cross intersection,3,80,Arterial Highway,MAROONDAH,YARRA RANGES,-37.76143,145.3106,2022,6,June,18,Afternoon Peak,Weekend
T20220014342,2022-06-25,19:33:00,1,Collision with vehicle,6,Saturday,140,U TURN,3,718750,Not at intersection,2,60,Arterial Highway,MAIN,YARRA RANGES,-37.756737,145.35933,2022,6,June,19,Night,Weekend
T20220014343,2022-06-25,20:10:00,1,Collision with vehicle,6,Saturday,160,VEHICLE COLLIDES WITH VEHICLE PARKED ON LEFT OF ROAD,3,719394,Not at intersection,3,60,Arterial Other,HOTHAM,PORT PHILLIP,-37.86427,145.00041,2022,6,June,20,Night,Weekend
T20220014344,2022-06-25,21:30:00,1,Collision with vehicle,6,Saturday,111,RIGHT FAR (INTERSECTIONS ONLY),3,352524,Cross intersection,3,80,Arterial Highway,HINRICHSEN,CASEY,-38.00887,145.2785,2022,6,June,21,Night,Weekend
T20220014345,2022-06-25,18:50:00,1,Collision with vehicle,6,Saturday,110,CROSS TRAFFIC(INTERSECTIONS ONLY),3,716690,Cross intersection,2,60,Local Road,BEREMBONG,MOONEE VALLEY,-37.733883,144.86386,2022,6,June,18,Afternoon Peak,Weekend
T20220014349,2022-06-25,23:10:00,8,No collision and no object struck,6,Saturday,174,OUT OF CONTROL ON CARRIAGEWAY (ON STRAIGHT),3,726594,Not at intersection,3,50,Local Road,LAURINA,FRANKSTON,-38.117443,145.15585,2022,6,June,23,Night,Weekend
T20220014352,2022-06-25,23:15:00,4,Collision with a fixed object,6,Saturday,181,OFF RIGHT BEND INTO OBJECT/PARKED VEHICLE,5,728571,Not at intersection,2,100,Freeway,EASTLINK,FRANKSTON,-38.084114,145.17462,2022,6,June,23,Night,Weekend
T20220014353,2022-06-25,06:10:00,1,Collision with vehicle,6,Saturday,121,RIGHT THROUGH,3,61041,Cross intersection,3,60,Arterial Other,PLENTY,WHITTLESEA,-37.600636,145.09573,2022,6,June,6,Morning Peak,Weekend
T20220014368,2022-06-25,23:10:00,1,Collision with vehicle,6,Saturday,130,REAR END(VEHICLES IN SAME LANE),3,718522,Not at intersection,3,80,Arterial Highway,DANDENONG,STONNINGTON,-37.88456,145.06725,2022,6,June,23,Night,Weekend
T20220014358,2022-06-25,22:55:00,4,Collision with a fixed object,6,Saturday,173,RIGHT OFF CARRIAGEWAY INTO OBJECT/PARKED VEHICLE,3,719253,Not at intersection,2,60,Arterial Other,QUEEN,HOBSONS BAY,-37.875553,144.79643,2022,6,June,22,Night,Weekend
T20220014310,2022-06-25,11:00:00,4,Collision with a fixed object,6,Saturday,171,LEFT OFF CARRIAGEWAY INTO OBJECT/PARKED VEHICLE,1,718218,Not at intersection,3,40,Arterial Other,MURRAY,DAREBIN,-37.737446,144.99872,2022,6,June,11,Midday,Weekend
T20220014356,2022-06-26,00:53:00,1,Collision with vehicle,7,Sunday,116,LEFT NEAR (INTERSECTIONS ONLY),3,323114,Multiple intersection,2,70,Freeway,BALLARAT,BRIMBANK,-37.770313,144.79631,2022,6,June,0,Late Night,Weekend
T20220014360,2022-06-26,01:30:00,4,Collision with a fixed object,7,Sunday,171,LEFT OFF CARRIAGEWAY INTO OBJECT/PARKED VEHICLE,3,767544,Not at intersection,3,50,Local Road,MCKENZIE,CAMPASPE,-36.139706,144.74252,2022,6,June,1,Late Night,Weekend
T20220014361,2022-06-26,01:40:00,1,Collision with vehicle,7,Sunday,120,HEAD ON (NOT OVERTAKING),3,726592,Not at intersection,3,60,Arterial Other,HEATHERTON,DANDENONG,-37.960556,145.13707,2022,6,June,1,Late Night,Weekend
T20220014362,2022-06-26,00:35:00,1,Collision with vehicle,7,Sunday,134,LANE CHANGE RIGHT (NOT OVERTAKING),3,1195,Cross intersection,2,70,Arterial Highway,SURF COAST,GEELONG,-38.20495,144.34064,2022,6,June,0,Late Night,Weekend
T20220014369,2022-06-26,05:48:00,1,Collision with vehicle,7,Sunday,160,VEHICLE COLLIDES WITH VEHICLE PARKED ON LEFT OF ROAD,3,726590,Not at intersection,3,60,Local Road,KINGLAKE,WYNDHAM,-37.8671,144.60016,2022,6,June,5,Morning Peak,Weekend
T20220014371,2022-06-26,03:51:00,1,Collision with vehicle,7,Sunday,113,RIGHT NEAR (INTERSECTIONS ONLY),3,359007,Multiple intersection,2,70,Freeway,KOROROIT CREEK,HOBSONS BAY,-37.844734,144.78877,2022,6,June,3,Late Night,Weekend
T20220014376,2022-06-26,02:05:00,4,Collision with a fixed object,7,Sunday,173,RIGHT OFF CARRIAGEWAY INTO OBJECT/PARKED VEHICLE,5,781935,Not at intersection,3,60,Arterial Other,BAIRNSDALE-DARGO,EAST GIPPSLAND,-37.79894,147.44643,2022,6,June,2,Late Night,Weekend
T20220014386,2022-06-26,13:37:00,8,No collision and no object struck,7,Sunday,174,OUT OF CONTROL ON CARRIAGEWAY (ON STRAIGHT),1,716692,Not at intersection,3,40,Arterial Other,CHURCH,YARRA,-37.832954,144.99669,2022,6,June,13,Midday,Weekend
T20220014388,2022-06-26,12:53:00,1,Collision with vehicle,7,Sunday,121,RIGHT THROUGH,1,291826,T intersection,3,100,Arterial Highway,HENTY,HORSHAM,-36.638573,142.25948,2022,6,June,12,Midday,Weekend
T20220014389,2022-06-26,12:35:00,1,Collision with vehicle,7,Sunday,143,ENTERING PARKING,1,718226,Not at intersection,2,40,Local Road,SEYMOUR,LATROBE,-38.195873,146.534,2022,6,June,12,Midday,Weekend
T20220014390,2022-06-26,13:28:00,1,Collision with vehicle,7,Sunday,130,REAR END(VEHICLES IN SAME LANE),1,778881,Not at intersection,3,60,Arterial Highway,RACECOURSE,MELBOURNE,-37.787964,144.92767,2022,6,June,13,Midday,Weekend
T20220014396,2022-06-26,14:08:00,1,Collision with vehicle,7,Sunday,120,HEAD ON (NOT OVERTAKING),1,718227,Not at intersection,3,60,Arterial Highway,PRINCES,EAST GIPPSLAND,-37.88152,147.96434,2022,6,June,14,Midday,Weekend
T20220014397,2022-06-26,15:15:00,1,Collision with vehicle,7,Sunday,160,VEHICLE COLLIDES WITH VEHICLE PARKED ON LEFT OF ROAD,1,723671,T intersection,3,60,Local Road,MYERS,GEELONG,-38.15736,144.37987,2022,6,June,15,Afternoon Peak,Weekend
T20220014403,2022-06-26,13:55:00,1,Collision with vehicle,7,Sunday,130,REAR END(VEHICLES IN SAME LANE),1,38060,Cross intersection,3,60,Arterial Other,ALBERT STREET -STATION,DAREBIN,-37.754433,145.02061,2022,6,June,13,Midday,Weekend
T20220014406,2022-06-26,16:30:00,4,Collision with a fixed object,7,Sunday,171,LEFT OFF CARRIAGEWAY INTO OBJECT/PARKED VEHICLE,1,726474,Not at intersection,2,100,Local Road,YANAC-NETHERBY,HINDMARSH,-36.130127,141.4796,2022,6,June,16,Afternoon Peak,Weekend
T20220014408,2022-06-26,16:10:00,1,Collision with vehicle,7,Sunday,110,CROSS TRAFFIC(INTERSECTIONS ONLY),1,57291,Cross intersection,2,100,Local Road,BREWER,CAMPASPE,-36.398705,145.03195,2022,6,June,16,Afternoon Peak,Weekend
T20220014412,2022-06-26,18:33:00,1,Collision with vehicle,7,Sunday,130,REAR END(VEHICLES IN SAME LANE),3,718229,Not at intersection,3,80,Arterial Highway,PRINCES,CASEY,-38.00862,145.27846,2022,6,June,18,Afternoon Peak,Weekend
T20220014415,2022-06-26,18:12:00,4,Collision with a fixed object,7,Sunday,183,OFF LEFT BEND INTO OBJECT/PARKED VEHICLE,3,716897,Not at intersection,1,70,Arterial Other,HEIDELBERG-WARRANDYTE,MANNINGHAM,-37.749737,145.19917,2022,6,June,18,Afternoon Peak,Weekend
T20220014416,2022-06-26,18:05:00,2,Struck Pedestrian,7,Sunday,100,PED NEAR SIDE. PED HIT BY VEHICLE FROM THE RIGHT.,3,41294,Cross intersection,3,60,Arterial Other,CENTRE,BAYSIDE,-37.91659,145.02324,2022,6,June,18,Afternoon Peak,Weekend
T20220014417,2022-06-26,18:21:00,1,Collision with vehicle,7,Sunday,130,REAR END(VEHICLES IN SAME LANE),3,720543,Not at intersection,2,50,Local Road,UNION,BOROONDARA,-37.829662,145.09659,2022,6,June,18,Afternoon Peak,Weekend
T20220014418,2022-06-26,19:30:00,4,Collision with a fixed object,7,Sunday,173,RIGHT OFF CARRIAGEWAY INTO OBJECT/PARKED VEHICLE,3,718752,Not at intersection,3,60,Arterial Other,EDGARS,WHITTLESEA,-37.687145,145.00235,2022,6,June,19,Night,Weekend
T20220015104,2022-06-26,12:00:00,5,collision with some other object,7,Sunday,166,STRUCK OBJECT ON CARRIAGEWAY,1,718571,Not at intersection,3,100,Local Road,DELPRETES,BAW BAW,-37.993446,146.3217,2022,6,June,12,Midday,Weekend
T20220014539,2022-06-26,16:10:00,1,Collision with vehicle,7,Sunday,130,REAR END(VEHICLES IN SAME LANE),1,36440,T intersection,3,40,Arterial Other,NICHOLSON,MELBOURNE,-37.802696,144.97408,2022,6,June,16,Afternoon Peak,Weekend
T20230019764,2022-06-26,14:45:00,1,Collision with vehicle,7,Sunday,133,LANE SIDE SWIPE (VEHICLES IN PARALLEL LANES),1,781070,Not at intersection,2,60,Arterial Other,VICTORIA,MELBOURNE,-37.809364,144.9845,2022,6,June,14,Midday,Weekend
T20220014922,2022-06-26,07:00:00,6,Vehicle overturned (no collision),7,Sunday,170,OFF CARRIAGEWAY TO LEFT,2,726476,Not at intersection,3,100,Local Road,WARBY RANGE,WANGARATTA,-36.417015,146.2452,2022,6,June,7,Morning Peak,Weekend
T20220016278,2022-06-26,14:00:00,6,Vehicle overturned (no collision),7,Sunday,179,OTHER ACCIDENTS-OFF STRAIGHT NOT INCLUDED IN DCAs 170-175,1,718939,Not at intersection,3,60,Local Road,ROCKY RISES,BENDIGO,-36.765198,144.19817,2022,6,June,14,Midday,Weekend
T20220020816,2022-06-26,00:30:00,8,No collision and no object struck,7,Sunday,170,OFF CARRIAGEWAY TO LEFT,9,37121,T intersection,3,50,Local Road,ERIN,YARRA,-37.816814,144.99484,2022,6,June,0,Late Night,Weekend
T20220014430,2022-06-27,07:25:00,1,Collision with vehicle,1,Monday,114,TWO RIGHT TURNING (INTERSECTIONS ONLY),2,726469,T intersection,3,50,Local Road,SEAFORTH,KNOX,-37.8566,145.24854,2022,6,June,7,Morning Peak,Weekday
T20220014517,2022-06-27,07:00:00,1,Collision with vehicle,1,Monday,130,REAR END(VEHICLES IN SAME LANE),1,718527,Not at intersection,2,70,Arterial Highway,PRINCES,GEELONG,-38.0951,144.35597,2022,6,June,7,Morning Peak,Weekday
T20220029322,2022-06-27,08:30:00,1,Collision with vehicle,1,Monday,160,VEHICLE COLLIDES WITH VEHICLE PARKED ON LEFT OF ROAD,1,744607,Not at intersection,3,50,Local Road,ACACIA,SWAN HILL,-35.342873,143.52974,2022,6,June,8,Morning Peak,Weekday
T20220014434,2022-06-27,07:55:00,1,Collision with vehicle,1,Monday,137,LEFT TURN SIDESWIPE,1,38022,Cross intersection,3,50,Arterial Other,DAREBIN,DAREBIN,-37.76463,145.01227,2022,6,June,7,Morning Peak,Weekday
T20220014439,2022-06-27,08:45:00,1,Collision with vehicle,1,Monday,120,HEAD ON (NOT OVERTAKING),1,718235,Not at intersection,2,80,Arterial Other,KANGAROO GROUND-WARRANDYTE,NILLUMBIK,-37.701393,145.22586,2022,6,June,8,Morning Peak,Weekday
T20220014425,2022-06-27,05:55:00,1,Collision with vehicle,1,Monday,136,RIGHT TURN SIDESWIPE,3,718230,Multiple intersection,3,80,Arterial Other,MORNINGTON PENINSULA,KINGSTON,-38.009506,145.12238,2022,6,June,5,Morning Peak,Weekday
T20220014428,2022-06-27,05:35:00,1,Collision with vehicle,1,Monday,110,CROSS TRAFFIC(INTERSECTIONS ONLY),3,45527,Cross intersection,3,60,Arterial Other,MELVILLE,MORELAND,-37.764828,144.94377,2022,6,June,5,Morning Peak,Weekday
T20220014443,2022-06-27,09:30:00,4,Collision with a fixed object,1,Monday,173,RIGHT OFF CARRIAGEWAY INTO OBJECT/PARKED VEHICLE,1,726471,Not at intersection,3,40,Arterial Other,HUME,HUME,-37.58929,144.94156,2022,6,June,9,Morning Peak,Weekday
T20220014832,2022-06-27,06:00:00,1,Collision with vehicle,1,Monday,116,LEFT NEAR (INTERSECTIONS ONLY),2,35331,Cross intersection,2,80,Arterial Highway,GREENSBOROUGH,BANYULE,-37.70317,145.08983,2022,6,June,6,Morning Peak,Weekday
T20220014446,2022-06-27,09:00:00,2,Struck Pedestrian,1,Monday,100,PED NEAR SIDE. PED HIT BY VEHICLE FROM THE RIGHT.,1,718236,Not at intersection,3,40,Local Road,MCCOMBE,MORNINGTON PENINSULA,-38.360844,144.89153,2022,6,June,9,Morning Peak,Weekday
T20220014448,2022-06-27,12:35:00,1,Collision with vehicle,1,Monday,110,CROSS TRAFFIC(INTERSECTIONS ONLY),1,52852,Cross intersection,3,60,Local Road,PEEL,BALLARAT,-37.559277,143.86446,2022,6,June,12,Midday,Weekday
T20220014450,2022-06-27,10:30:00,1,Collision with vehicle,1,Monday,110,CROSS TRAFFIC(INTERSECTIONS ONLY),1,19329,Cross intersection,2,100,Arterial Highway,MURRAY VALLEY,SWAN HILL,-35.375908,143.56227,2022,6,June,10,Midday,Weekday
T20220015677,2022-06-27,04:46:00,1,Collision with vehicle,1,Monday,146,REVERSING INTO FIXED OBJECT/PARKED VEHICLE,6,728814,Dead end,2,50,Local Road,BAAN,MORELAND,-37.718185,144.97531,2022,6,June,4,Late Night,Weekday
T20220014426,2022-06-27,06:15:00,1,Collision with vehicle,1,Monday,113,RIGHT NEAR (INTERSECTIONS ONLY),3,44481,Cross intersection,2,50,Local Road,BARWON,GEELONG,-38.17616,144.36952,2022,6,June,6,Morning Peak,Weekday
T20220020952,2022-06-27,16:00:00,1,Collision with vehicle,1,Monday,130,REAR END(VEHICLES IN SAME LANE),1,778805,T intersection,3,100,Local Road,YINNAR,LATROBE,-38.33998,146.32146,2022,6,June,16,Afternoon Peak,Weekday
T20220014462,2022-06-27,14:10:00,1,Collision with vehicle,1,Monday,116,LEFT NEAR (INTERSECTIONS ONLY),1,1178,T intersection,2,80,Arterial Other,PRINCES,CARDINIA,-38.07081,145.49286,2022,6,June,14,Midday,Weekday
T20220014467,2022-06-27,13:07:00,1,Collision with vehicle,1,Monday,120,HEAD ON (NOT OVERTAKING),1,726470,Cross intersection,2,80,Arterial Highway,DANDENONG-HASTINGS,CASEY,-38.19339,145.21713,2022,6,June,13,Midday,Weekday
T20220014540,2022-06-27,15:34:00,1,Collision with vehicle,1,Monday,130,REAR END(VEHICLES IN SAME LANE),1,726473,Not at intersection,3,80,Freeway,MONASH,MONASH,-37.885868,145.10416,2022,6,June,15,Afternoon Peak,Weekday
T20220017108,2022-06-27,17:00:00,1,Collision with vehicle,1,Monday,111,RIGHT FAR (INTERSECTIONS ONLY),2,63973,T intersection,3,50,Local Road,ALBERT,MORELAND,-37.768658,144.96019,2022,6,June,17,Afternoon Peak,Weekday
T20220015237,2022-06-27,17:30:00,1,Collision with vehicle,1,Monday,130,REAR END(VEHICLES IN SAME LANE),9,728609,Not at intersection,3,60,Arterial Other,FERRARS,PORT PHILLIP,-37.84205,144.95915,2022,6,June,17,Afternoon Peak,Weekday
T20220014479,2022-06-27,14:00:00,4,Collision with a fixed object,1,Monday,171,LEFT OFF CARRIAGEWAY INTO OBJECT/PARKED VEHICLE,1,774609,Not at intersection,3,50,Local Road,JULIA,GLENELG,-38.348434,141.60445,2022,6,June,14,Midday,Weekday
T20220014484,2022-06-27,18:08:00,1,Collision with vehicle,1,Monday,113,RIGHT NEAR (INTERSECTIONS ONLY),1,44972,T intersection,3,60,Arterial Other,MAIN,BRIMBANK,-37.745388,144.80954,2022,6,June,18,Afternoon Peak,Weekday
T20220014485,2022-06-27,18:43:00,1,Collision with vehicle,1,Monday,110,CROSS TRAFFIC(INTERSECTIONS ONLY),3,49963,Cross intersection,3,40,Local Road,GHERINGHAP,GEELONG,-38.150654,144.35635,2022,6,June,18,Afternoon Peak,Weekday
T20220014487,2022-06-27,19:30:00,1,Collision with vehicle,1,Monday,130,REAR END(VEHICLES IN SAME LANE),3,118128,T intersection,3,40,Arterial Highway,RACECOURSE,MOONEE VALLEY,-37.78835,144.93124,2022,6,June,19,Night,Weekday
T20220016008,2022-06-27,14:03:00,1,Collision with vehicle,1,Monday,110,CROSS TRAFFIC(INTERSECTIONS ONLY),1,52641,Cross intersection,3,60,Arterial Other,PARK,CENTRAL GOLDFIELDS,-37.039177,143.7408,2022,6,June,14,Midday,Weekday
T20220014489,2022-06-27,18:50:00,1,Collision with vehicle,1,Monday,110,CROSS TRAFFIC(INTERSECTIONS ONLY),3,226243,Cross intersection,3,60,Local Road,KENNEWELL,BENDIGO,-36.72079,144.30426,2022,6,June,18,Afternoon Peak,Weekday
T20220014491,2022-06-27,17:25:00,1,Collision with vehicle,1,Monday,130,REAR END(VEHICLES IN SAME LANE),2,656697,Not at intersection,3,100,Arterial Highway,SOUTH GIPPSLAND,SOUTH GIPPSLAND,-38.50057,145.95192,2022,6,June,17,Afternoon Peak,Weekday
T20220014492,2022-06-27,19:18:00,1,Collision with vehicle,1,Monday,130,REAR END(VEHICLES IN SAME LANE),3,726468,Not at intersection,3,60,Arterial Other,HIGH,WHITTLESEA,-37.644516,145.02632,2022,6,June,19,Night,Weekday
T20220014497,2022-06-27,19:11:00,1,Collision with vehicle,1,Monday,150,HEAD ON(OVERTAKING),3,719516,Not at intersection,2,60,Local Road,GEORGE,MANNINGHAM,-37.780746,145.14801,2022,6,June,19,Night,Weekday
T20220014498,2022-06-27,21:11:00,1,Collision with vehicle,1,Monday,130,REAR END(VEHICLES IN SAME LANE),3,774674,Not at intersection,2,60,Arterial Other,PASCOE VALE,MOONEE VALLEY,-37.747414,144.92506,2022,6,June,21,Night,Weekday
T20220014500,2022-06-27,16:50:00,1,Collision with vehicle,1,Monday,110,CROSS TRAFFIC(INTERSECTIONS ONLY),1,52979,Cross intersection,1,100,Local Road,FINCHS,BALLARAT,-37.57808,143.75288,2022,6,June,16,Afternoon Peak,Weekday
T20220014501,2022-06-27,22:48:00,4,Collision with a fixed object,1,Monday,151,OUT OF CONTROL (OVERTAKING),5,728572,Not at intersection,2,80,Arterial Other,GEELONG,BALLARAT,-37.64265,143.88606,2022,6,June,22,Night,Weekday
T20220015609,2022-06-27,11:22:00,1,Collision with vehicle,1,Monday,147,VEHICLE STRIKES ANOTHER VEH WHILE EMERGING FROM DRIVEWAY,1,754269,Not at intersection,3,50,Local Road,THE CROSSWAY,HUME,-37.653072,144.94513,2022,6,June,11,Midday,Weekday
T20220014505,2022-06-27,17:30:00,1,Collision with vehicle,1,Monday,121,RIGHT THROUGH,3,42618,T intersection,2,80,Arterial Highway,WELLINGTON,MONASH,-37.92388,145.20158,2022,6,June,17,Afternoon Peak,Weekday