ACCIDENT_NO,ACCIDENT_DATE,ACCIDENT_TIME,ACCIDENT_TYPE,ACCIDENT_TYPE_DESC,DAY_OF_WEEK,DAY_WEEK_DESC,DCA_CODE,DCA_DESC,LIGHT_CONDITION,NODE_ID,ROAD_GEOMETRY_DESC,SEVERITY,SPEED_ZONE,RMA,ROAD_NAME,LGA_NAME,LATITUDE,LONGITUDE,YEAR,MONTH,MONTH_NAME,HOUR,TIME_PERIOD,DAY_TYPE
T20220014547,2022-06-27,15:22:00,1,Collision with vehicle,1,Monday,110,CROSS TRAFFIC(INTERSECTIONS ONLY),1,719795,Cross intersection,2,100,Arterial Other,COLAC-BALLARAT,GOLDEN PLAINS,-37.87837,143.7396,2022,6,June,15,Afternoon Peak,Weekday
T20220023725,2022-06-27,01:30:00,4,Collision with a fixed object,1,Monday,171,LEFT OFF CARRIAGEWAY INTO OBJECT/PARKED VEHICLE,5,734482,Not at intersection,3,60,Local Road,SOLDIERS,CASEY,-38.087498,145.36429,2022,6,June,1,Late Night,Weekday
T20220014550,2022-06-27,12:40:00,1,Collision with vehicle,1,Monday,130,REAR END(VEHICLES IN SAME LANE),1,728282,Not at intersection,2,60,Arterial Highway,BULLEEN,BOROONDARA,-37.779476,145.07869,2022,6,June,12,Midday,Weekday
T20220014665,2022-06-27,09:45:00,1,Collision with vehicle,1,Monday,131,LEFT REAR,1,39933,Cross intersection,3,60,Arterial Other,KEILOR PARK,BRIMBANK,-37.727005,144.84947,2022,6,June,9,Morning Peak,Weekday
T20220014514,2022-06-27,18:43:00,4,Collision with a fixed object,1,Monday,171,LEFT OFF CARRIAGEWAY INTO OBJECT/PARKED VEHICLE,3,781965,Not at intersection,3,60,Local Road,COX,GEELONG,-38.081528,144.33656,2022,6,June,18,Afternoon Peak,Weekday
T20220016841,2022-06-28,11:53:00,1,Collision with vehicle,2,Tuesday,113,RIGHT NEAR (INTERSECTIONS ONLY),1,42547,Cross intersection,3,60,Arterial Other,POLICE,MONASH,-37.934273,145.1658,2022,6,June,11,Midday,Weekday
T20220014986,2022-06-28,16:18:00,1,Collision with vehicle,2,Tuesday,116,LEFT NEAR (INTERSECTIONS ONLY),1,37667,T intersection,3,40,Arterial Other,TOORAK,STONNINGTON,-37.83895,144.99132,2022,6,June,16,Afternoon Peak,Weekday
T20220016749,2022-06-28,17:40:00,1,Collision with vehicle,2,Tuesday,130,REAR END(VEHICLES IN SAME LANE),2,296587,Not at intersection,3,80,Freeway,MONASH,MONASH,-37.88511,145.09915,2022,6,June,17,Afternoon Peak,Weekday
T20220014769,2022-06-28,15:20:00,1,Collision with vehicle,2,Tuesday,137,LEFT TURN SIDESWIPE,1,43386,T intersection,3,60,Arterial Other,MURRAY,MORELAND,-37.735405,144.97746,2022,6,June,15,Afternoon Peak,Weekday
T20220014507,2022-06-28,08:00:00,1,Collision with vehicle,2,Tuesday,113,RIGHT NEAR (INTERSECTIONS ONLY),1,44973,T intersection,3,60,Arterial Other,MAIN,BRIMBANK,-37.745132,144.80742,2022,6,June,8,Morning Peak,Weekday
T20220014509,2022-06-28,07:42:00,4,Collision with a fixed object,2,Tuesday,171,LEFT OFF CARRIAGEWAY INTO OBJECT/PARKED VEHICLE,1,719254,T intersection,2,70,Arterial Highway,NEPEAN,MORNINGTON PENINSULA,-38.23299,145.04053,2022,6,June,7,Morning Peak,Weekday
T20220014510,2022-06-28,06:48:00,1,Collision with vehicle,2,Tuesday,113,RIGHT NEAR (INTERSECTIONS ONLY),3,37019,T intersection,2,80,Arterial Other,CRANBOURNE,CASEY,-38.038742,145.30473,2022,6,June,6,Morning Peak,Weekday
T20220014511,2022-06-28,07:08:00,1,Collision with vehicle,2,Tuesday,121,RIGHT THROUGH,1,35514,Cross intersection,2,60,Arterial Other,MALVERN,STONNINGTON,-37.85466,145.05226,2022,6,June,7,Morning Peak,Weekday
T20220014624,2022-06-28,18:02:00,1,Collision with vehicle,2,Tuesday,130,REAR END(VEHICLES IN SAME LANE),3,726467,Not at intersection,3,100,Freeway,HUME,WHITTLESEA,-37.63525,144.9931,2022,6,June,18,Afternoon Peak,Weekday
T20220014687,2022-06-28,10:58:00,1,Collision with vehicle,2,Tuesday,120,HEAD ON (NOT OVERTAKING),1,718269,Not at intersection,2,100,Arterial Other,KOO-WEE-RUP BYPASS,CARDINIA,-38.201878,145.47208,2022,6,June,10,Midday,Weekday
T20220014730,2022-06-28,18:15:00,2,Struck Pedestrian,2,Tuesday,106,VEH STRIKES PED ON FOOTPATH/MEDIAN/TRAFFIC ISLAND.,3,29946,Cross intersection,3,40,Arterial Highway,MCKILLOP,GEELONG,-38.15271,144.35541,2022,6,June,18,Afternoon Peak,Weekday
T20220014546,2022-06-28,13:30:00,1,Collision with vehicle,2,Tuesday,148,VEHICLE OFF FOOTPATH STRIKES VEH ON CARRIAGEWAY,1,726466,Not at intersection,3,50,Local Road,HAVLIN,BENDIGO,-36.769257,144.28911,2022,6,June,13,Midday,Weekday
T20220014528,2022-06-28,05:50:00,1,Collision with vehicle,2,Tuesday,121,RIGHT THROUGH,5,49594,Cross intersection,2,70,Arterial Other,BACCHUS MARSH-GEELONG,GEELONG,-37.87374,144.38184,2022,6,June,5,Morning Peak,Weekday
T20220014531,2022-06-28,09:30:00,1,Collision with vehicle,2,Tuesday,121,RIGHT THROUGH,1,66794,T intersection,2,60,Arterial Other,BURKE,BOROONDARA,-37.838352,145.05537,2022,6,June,9,Morning Peak,Weekday
T20220014552,2022-06-28,13:20:00,1,Collision with vehicle,2,Tuesday,110,CROSS TRAFFIC(INTERSECTIONS ONLY),1,60611,Cross intersection,3,80,Arterial Highway,MIDLAND,BALLARAT,-37.481743,143.84694,2022,6,June,13,Midday,Weekday
T20220014553,2022-06-28,15:10:00,1,Collision with vehicle,2,Tuesday,120,HEAD ON (NOT OVERTAKING),1,718251,Not at intersection,2,100,Local Road,NAGAMBIE-RUSHWORTH,STRATHBOGIE,-36.7208,145.03151,2022,6,June,15,Afternoon Peak,Weekday
T20220014886,2022-06-28,09:15:00,1,Collision with vehicle,2,Tuesday,130,REAR END(VEHICLES IN SAME LANE),1,728607,Cross intersection,3,60,Arterial Highway,BURWOOD,WHITEHORSE,-37.849613,145.10913,2022,6,June,9,Morning Peak,Weekday
T20220014558,2022-06-28,13:53:00,2,Struck Pedestrian,2,Tuesday,102,FAR SIDE. PED HIT BY VEHICLE FROM THE LEFT,1,51092,Cross intersection,2,50,Local Road,HAYES,SHEPPARTON,-36.388935,145.40672,2022,6,June,13,Midday,Weekday
T20220014559,2022-06-28,15:45:00,1,Collision with vehicle,2,Tuesday,110,CROSS TRAFFIC(INTERSECTIONS ONLY),1,278680,Cross intersection,2,60,Local Road,AITKEN,HUME,-37.59014,144.91069,2022,6,June,15,Afternoon Peak,Weekday
T20220014519,2022-06-28,12:00:00,6,Vehicle overturned (no collision),2,Tuesday,175,OFF END OF ROAD/T-INTERSECTION.,1,262247,T intersection,2,60,Local Road,JETTY,MORNINGTON PENINSULA,-38.36367,144.90887,2022,6,June,12,Midday,Weekday
T20220023839,2022-06-28,13:30:00,1,Collision with vehicle,2,Tuesday,116,LEFT NEAR (INTERSECTIONS ONLY),1,352524,Cross intersection,3,80,Arterial Highway,HINRICHSEN,CASEY,-38.00887,145.2785,2022,6,June,13,Midday,Weekday
T20220014567,2022-06-28,15:15:00,6,Vehicle overturned (no collision),2,Tuesday,174,OUT OF CONTROL ON CARRIAGEWAY (ON STRAIGHT),1,718530,Not at intersection,2,100,Arterial Other,COLAC-BALLARAT,COLAC OTWAY,-38.09828,143.63559,2022,6,June,15,Afternoon Peak,Weekday
T20220014571,2022-06-28,15:25:00,1,Collision with vehicle,2,Tuesday,133,LANE SIDE SWIPE (VEHICLES IN PARALLEL LANES),1,718559,Not at intersection,2,50,Arterial Highway,POINT NEPEAN,MORNINGTON PENINSULA,-38.370354,144.82224,2022,6,June,15,Afternoon Peak,Weekday
T20220014573,2022-06-28,17:00:00,2,Struck Pedestrian,2,Tuesday,100,PED NEAR SIDE. PED HIT BY VEHICLE FROM THE RIGHT.,2,728802,Not at intersection,2,60,Local Road,PEARCEDALE,HUME,-37.677734,144.91934,2022,6,June,17,Afternoon Peak,Weekday
T20220014574,2022-06-28,19:40:00,2,Struck Pedestrian,2,Tuesday,100,PED NEAR SIDE. PED HIT BY VEHICLE FROM THE RIGHT.,3,718531,Not at intersection,2,70,Arterial Highway,HODDLE,MELBOURNE,-37.810406,144.99123,2022,6,June,19,Night,Weekday
T20220014575,2022-06-28,21:18:00,2,Struck Pedestrian,2,Tuesday,102,FAR SIDE. PED HIT BY VEHICLE FROM THE LEFT,3,42528,T intersection,2,60,Arterial Highway,SPRINGVALE,DANDENONG,-37.943867,145.15378,2022,6,June,21,Night,Weekday
T20220014576,2022-06-28,22:45:00,4,Collision with a fixed object,2,Tuesday,171,LEFT OFF CARRIAGEWAY INTO OBJECT/PARKED VEHICLE,3,718329,T intersection,3,60,Local Road,GREVILLEA,BALLARAT,-37.528908,143.84225,2022,6,June,22,Night,Weekday
T20220014521,2022-06-28,07:15:00,1,Collision with vehicle,2,Tuesday,130,REAR END(VEHICLES IN SAME LANE),1,719981,Cross intersection,3,80,Local Road,LAKE VIEW,MOYNE,-38.326157,142.37347,2022,6,June,7,Morning Peak,Weekday
T20220014969,2022-06-28,08:00:00,1,Collision with vehicle,2,Tuesday,110,CROSS TRAFFIC(INTERSECTIONS ONLY),1,310418,Cross intersection,3,50,Local Road,HARTINGTON,BOROONDARA,-37.800777,145.04231,2022,6,June,8,Morning Peak,Weekday
T20220014660,2022-06-28,17:30:00,1,Collision with vehicle,2,Tuesday,111,RIGHT FAR (INTERSECTIONS ONLY),9,718535,T intersection,3,60,Arterial Other,CHANDLER,YARRA,-37.783592,145.02542,2022,6,June,17,Afternoon Peak,Weekday
T20220015105,2022-06-28,16:34:00,1,Collision with vehicle,2,Tuesday,130,REAR END(VEHICLES IN SAME LANE),1,774683,Not at intersection,3,80,Freeway,MONASH,MONASH,-37.891033,145.11916,2022,6,June,16,Afternoon Peak,Weekday
T20220014592,2022-06-28,17:30:00,1,Collision with vehicle,2,Tuesday,148,VEHICLE OFF FOOTPATH STRIKES VEH ON CARRIAGEWAY,2,782086,Not at intersection,3,60,Freeway,DYNON-CITYLINK OUT,MELBOURNE,-37.80477,144.93527,2022,6,June,17,Afternoon Peak,Weekday
T20220016178,2022-06-28,18:55:00,1,Collision with vehicle,2,Tuesday,110,CROSS TRAFFIC(INTERSECTIONS ONLY),6,71833,Cross intersection,3,40,Local Road,BRITANNIA,GEELONG,-38.133923,144.34111,2022,6,June,18,Afternoon Peak,Weekday
T20220018124,2022-06-28,07:15:00,1,Collision with vehicle,2,Tuesday,121,RIGHT THROUGH,9,8759,Cross intersection,3,60,Arterial Highway,SOUTH GIPPSLAND,CASEY,-38.113033,145.28279,2022,6,June,7,Morning Peak,Weekday
T20220021171,2022-06-29,19:48:00,1,Collision with vehicle,3,Wednesday,130,REAR END(VEHICLES IN SAME LANE),9,726349,Not at intersection,3,60,Local Road,RUSSELL,MELBOURNE,-37.80965,144.96666,2022,6,June,19,Night,Weekday
T20220014870,2022-06-29,17:07:00,1,Collision with vehicle,3,Wednesday,130,REAR END(VEHICLES IN SAME LANE),2,718547,Not at intersection,3,60,Arterial Highway,WARBURTON,YARRA RANGES,-37.777245,145.46065,2022,6,June,17,Afternoon Peak,Weekday
T20220016141,2022-06-29,11:35:00,1,Collision with vehicle,3,Wednesday,130,REAR END(VEHICLES IN SAME LANE),1,718853,Cross intersection,3,60,Arterial Highway,BANKSIA,BANYULE,-37.759964,145.07147,2022,6,June,11,Midday,Weekday
T20220015023,2022-06-29,17:55:00,1,Collision with vehicle,3,Wednesday,163,VEHICLE STRIKES DOOR OF PARKED/STATIONARY VEHICLE,2,718595,Not at intersection,3,50,Local Road,ERROL,MELBOURNE,-37.80451,144.94937,2022,6,June,17,Afternoon Peak,Weekday
T20220015288,2022-06-29,16:00:00,1,Collision with vehicle,3,Wednesday,131,LEFT REAR,1,39791,Cross intersection,3,60,Arterial Other,HULL,MAROONDAH,-37.797165,145.29034,2022,6,June,16,Afternoon Peak,Weekday
T20220014581,2022-06-29,04:01:00,1,Collision with vehicle,3,Wednesday,130,REAR END(VEHICLES IN SAME LANE),3,733423,Not at intersection,3,80,Arterial Other,PASCOE VALE,HUME,-37.659763,144.92567,2022,6,June,4,Late Night,Weekday
T20220026977,2022-06-29,12:10:00,1,Collision with vehicle,3,Wednesday,110,CROSS TRAFFIC(INTERSECTIONS ONLY),1,776464,Cross intersection,3,100,Arterial Other,TOOLAMBA,SHEPPARTON,-36.498894,145.31215,2022,6,June,12,Midday,Weekday
T20220014595,2022-06-29,07:10:00,1,Collision with vehicle,3,Wednesday,148,VEHICLE OFF FOOTPATH STRIKES VEH ON CARRIAGEWAY,2,36794,Cross intersection,2,40,Arterial Highway,FOOTSCRAY ROAD -WURUNDJERI,MELBOURNE,-37.812824,144.94296,2022,6,June,7,Morning Peak,Weekday
T20220014599,2022-06-29,06:55:00,4,Collision with a fixed object,3,Wednesday,171,LEFT OFF CARRIAGEWAY INTO OBJECT/PARKED VEHICLE,3,726348,T intersection,3,80,Arterial Highway,MAROONDAH,MAROONDAH,-37.800465,145.25073,2022,6,June,6,Morning Peak,Weekday
T20220014602,2022-06-29,11:30:00,2,Struck Pedestrian,3,Wednesday,108,PED STRUCK WALKING TO/FROM OR BOARDING/ALIGHTING VEHICLE.,1,754661,Not at intersection,2,50,Local Road,FRENCH,DANDENONG,-37.968037,145.1867,2022,6,June,11,Midday,Weekday
T20220014603,2022-06-29,07:15:00,1,Collision with vehicle,3,Wednesday,116,LEFT NEAR (INTERSECTIONS ONLY),9,277354,Multiple intersection,3,80,Freeway,MORNINGTON PENINSULA OUT-THOMPSON,DANDENONG,-38.066944,145.1532,2022,6,June,7,Morning Peak,Weekday
T20220018870,2022-06-29,03:10:00,3,Struck animal,3,Wednesday,167,STRUCK ANIMAL,3,780310,Not at intersection,3,80,Arterial Highway,WARBURTON,YARRA RANGES,-37.775715,145.48926,2022,6,June,3,Late Night,Weekday
T20220014610,2022-06-29,12:30:00,1,Collision with vehicle,3,Wednesday,121,RIGHT THROUGH,1,296486,T intersection,2,80,Arterial Other,PRINCES,CARDINIA,-38.065605,145.50694,2022,6,June,12,Midday,Weekday
T20220014611,2022-06-29,08:08:00,1,Collision with vehicle,3,Wednesday,135,LANE CHANGE LEFT (NOT OVERTAKING),1,718533,Not at intersection,3,60,Arterial Other,RIVERSDALE,BOROONDARA,-37.829674,145.04213,2022,6,June,8,Morning Peak,Weekday
T20220014613,2022-06-29,09:30:00,1,Collision with vehicle,3,Wednesday,121,RIGHT THROUGH,1,779531,Cross intersection,3,80,Arterial Other,BELGRAVE-HALLAM,CASEY,-37.997784,145.27518,2022,6,June,9,Morning Peak,Weekday
T20220014614,2022-06-29,06:35:00,1,Collision with vehicle,3,Wednesday,147,VEHICLE STRIKES ANOTHER VEH WHILE EMERGING FROM DRIVEWAY,3,718331,Not at intersection,2,60,Arterial Other,SAYERS,WYNDHAM,-37.851856,144.72107,2022,6,June,6,Morning Peak,Weekday
T20220014619,2022-06-29,09:20:00,1,Collision with vehicle,3,Wednesday,132,RIGHT REAR.,1,61435,T intersection,3,50,Local Road,BETULA,WHITTLESEA,-37.670803,145.05989,2022,6,June,9,Morning Peak,Weekday
T20220014625,2022-06-29,15:00:00,1,Collision with vehicle,3,Wednesday,160,VEHICLE COLLIDES WITH VEHICLE PARKED ON LEFT OF ROAD,1,727227,Not at intersection,3,60,Arterial Other,STANHOPE,BOROONDARA,-37.823586,145.06544,2022,6,June,15,Afternoon Peak,Weekday
T20220014628,2022-06-29,17:05:00,1,Collision with vehicle,3,Wednesday,130,REAR END(VEHICLES IN SAME LANE),3,779390,Not at intersection,2,30,Local Road,STATION,WHITTLESEA,-37.67238,145.01584,2022,6,June,17,Afternoon Peak,Weekday
T20220014629,2022-06-29,16:35:00,2,Struck Pedestrian,3,Wednesday,100,PED NEAR SIDE. PED HIT BY VEHICLE FROM THE RIGHT.,1,726351,Not at intersection,2,50,Local Road,INKERMAN,PORT PHILLIP,-37.865265,144.99048,2022,6,June,16,Afternoon Peak,Weekday
T20220014630,2022-06-29,15:25:00,1,Collision with vehicle,3,Wednesday,121,RIGHT THROUGH,1,51988,Cross intersection,3,80,Arterial Other,PAYNESVILLE,EAST GIPPSLAND,-37.90431,147.69797,2022,6,June,15,Afternoon Peak,Weekday
T20220014632,2022-06-29,18:00:00,1,Collision with vehicle,3,Wednesday,130,REAR END(VEHICLES IN SAME LANE),3,101092,Not at intersection,3,80,Arterial Highway,NEPEAN,KINGSTON,-37.97903,145.06856,2022,6,June,18,Afternoon Peak,Weekday
T20220014636,2022-06-29,17:46:00,1,Collision with vehicle,3,Wednesday,110,CROSS TRAFFIC(INTERSECTIONS ONLY),3,52836,Cross intersection,3,60,Arterial Other,BALLARAT-BURRUMBEET ROAD -VICTORIA,BALLARAT,-37.557964,143.89183,2022,6,June,17,Afternoon Peak,Weekday
T20220014637,2022-06-29,18:05:00,1,Collision with vehicle,3,Wednesday,137,LEFT TURN SIDESWIPE,3,720841,Not at intersection,2,60,Local Road,MATTHEWS,MOONEE VALLEY,-37.714275,144.89072,2022,6,June,18,Afternoon Peak,Weekday
T20220014639,2022-06-29,18:05:00,1,Collision with vehicle,3,Wednesday,160,VEHICLE COLLIDES WITH VEHICLE PARKED ON LEFT OF ROAD,2,722624,Not at intersection,3,60,Arterial Other,BEACH,BAYSIDE,-37.937805,144.99844,2022,6,June,18,Afternoon Peak,Weekday
T20220014647,2022-06-29,17:44:00,5,collision with some other object,3,Wednesday,198,OTHER ACCIDENTS NOT CLASSIFIABLE ELSEWHERE,5,725685,Not at intersection,3,60,Arterial Other,HEALESVILLE-YARRA GLEN,YARRA RANGES,-37.650272,145.49455,2022,6,June,17,Afternoon Peak,Weekday
T20220014651,2022-06-29,23:51:00,4,Collision with a fixed object,3,Wednesday,171,LEFT OFF CARRIAGEWAY INTO OBJECT/PARKED VEHICLE,5,725686,Not at intersection,3,80,Arterial Other,SOMERTON,HUME,-37.630245,144.84306,2022,6,June,23,Night,Weekday
T20220014682,2022-06-29,20:20:00,1,Collision with vehicle,3,Wednesday,121,RIGHT THROUGH,3,44884,Cross intersection,3,80,Local Road,RIDING BOUNDARY,MELTON,-37.7814,144.75478,2022,6,June,20,Night,Weekday
T20220014684,2022-06-29,14:27:00,1,Collision with vehicle,3,Wednesday,113,RIGHT NEAR (INTERSECTIONS ONLY),1,266784,T intersection,3,60,Local Road,BABELE,WYNDHAM,-37.84546,144.66057,2022,6,June,14,Midday,Weekday
T20220016368,2022-06-29,14:20:00,1,Collision with vehicle,3,Wednesday,130,REAR END(VEHICLES IN SAME LANE),1,95870,Not at intersection,2,60,Arterial Highway,NORTH,GLEN EIRA,-37.90854,145.07744,2022,6,June,14,Midday,Weekday
T20220014693,2022-06-29,16:24:00,7,Fall from or in moving vehicle,3,Wednesday,190,FELL IN/FROM VEHICLE,1,718271,Not at intersection,3,60,Local Road,LA TROBE,MELBOURNE,-37.81305,144.95186,2022,6,June,16,Afternoon Peak,Weekday
T20220015524,2022-06-29,17:20:00,1,Collision with vehicle,3,Wednesday,130,REAR END(VEHICLES IN SAME LANE),2,718634,Not at intersection,3,100,Freeway,EASTERN,WHITEHORSE,-37.798443,145.14345,2022,6,June,17,Afternoon Peak,Weekday
T20220014920,2022-06-29,09:30:00,1,Collision with vehicle,3,Wednesday,130,REAR END(VEHICLES IN SAME LANE),1,327410,Multiple intersection,3,60,Freeway,MONTAGUE,MELBOURNE,-37.825832,144.94756,2022,6,June,9,Morning Peak,Weekday
T20220014615,2022-06-29,12:50:00,4,Collision with a fixed object,3,Wednesday,171,LEFT OFF CARRIAGEWAY INTO OBJECT/PARKED VEHICLE,1,782010,Not at intersection,3,40,Arterial Other,NEERIM,GLEN EIRA,-37.886623,145.04092,2022,6,June,12,Midday,Weekday
T20220021168,2022-06-30,12:00:00,6,Vehicle overturned (no collision),4,Thursday,174,OUT OF CONTROL ON CARRIAGEWAY (ON STRAIGHT),1,270,T intersection,3,60,Arterial Other,DANDENONG ROAD W-FLETCHER,FRANKSTON,-38.139336,145.12743,2022,6,June,12,Midday,Weekday
T20220014662,2022-06-30,08:45:00,1,Collision with vehicle,4,Thursday,136,RIGHT TURN SIDESWIPE,1,718268,Multiple intersection,3,50,Local Road,PARK,MELBOURNE,-37.77803,144.96013,2022,6,June,8,Morning Peak,Weekday
T20220014734,2022-06-30,08:15:00,1,Collision with vehicle,4,Thursday,121,RIGHT THROUGH,1,280185,T intersection,3,70,Arterial Other,BALLARAT,BRIMBANK,-37.77733,144.83069,2022,6,June,8,Morning Peak,Weekday
T20220014671,2022-06-30,08:20:00,2,Struck Pedestrian,4,Thursday,100,PED NEAR SIDE. PED HIT BY VEHICLE FROM THE RIGHT.,1,774678,Cross intersection,3,60,Arterial Other,CLAYTON,MONASH,-37.923912,145.11996,2022,6,June,8,Morning Peak,Weekday
T20220015845,2022-06-30,11:00:00,1,Collision with vehicle,4,Thursday,130,REAR END(VEHICLES IN SAME LANE),1,719055,Not at intersection,2,70,Arterial Other,COBURG-CRAIGIEBURN,MORELAND,-37.712826,144.962,2022,6,June,11,Midday,Weekday
T20220014674,2022-06-30,11:37:00,1,Collision with vehicle,4,Thursday,121,RIGHT THROUGH,1,51018,Cross intersection,3,60,Arterial Highway,WYNDHAM,SHEPPARTON,-36.374054,145.40077,2022,6,June,11,Midday,Weekday
T20220014681,2022-06-30,09:34:00,4,Collision with a fixed object,4,Thursday,171,LEFT OFF CARRIAGEWAY INTO OBJECT/PARKED VEHICLE,1,717195,Not at intersection,1,100,Arterial Other,ROKEWOOD-SKIPTON,GOLDEN PLAINS,-37.873955,143.66495,2022,6,June,9,Morning Peak,Weekday
T20220014748,2022-06-30,12:20:00,1,Collision with vehicle,4,Thursday,130,REAR END(VEHICLES IN SAME LANE),1,57342,Cross intersection,3,80,Arterial Other,SOMERTON,HUME,-37.64288,144.94672,2022,6,June,12,Midday,Weekday
T20220016026,2022-06-30,15:15:00,1,Collision with vehicle,4,Thursday,121,RIGHT THROUGH,1,44443,T intersection,3,70,Arterial Highway,PRINCES,GEELONG,-38.11954,144.35368,2022,6,June,15,Afternoon Peak,Weekday
T20220014661,2022-06-30,09:02:00,2,Struck Pedestrian,4,Thursday,100,PED NEAR SIDE. PED HIT BY VEHICLE FROM THE RIGHT.,1,718537,Cross intersection,3,50,Local Road,DRUMMOND,MELBOURNE,-37.80083,144.96841,2022,6,June,9,Morning Peak,Weekday
T20220014688,2022-06-30,12:05:00,1,Collision with vehicle,4,Thursday,121,RIGHT THROUGH,1,274213,T intersection,2,60,Arterial Other,IEVERS,MELBOURNE,-37.781727,144.95958,2022,6,June,12,Midday,Weekday
T20220014720,2022-06-30,13:30:00,1,Collision with vehicle,4,Thursday,133,LANE SIDE SWIPE (VEHICLES IN PARALLEL LANES),1,718947,Not at intersection,3,100,Freeway,MONASH,DANDENONG,-37.95502,145.21875,2022,6,June,13,Midday,Weekday
T20220014653,2022-06-30,02:09:00,1,Collision with vehicle,4,Thursday,121,RIGHT THROUGH,3,36826,Cross intersection,3,60,Arterial Other,DUDLEY,MELBOURNE,-37.80924,144.95236,2022,6,June,2,Late Night,Weekday
T20220014750,2022-06-30,16:30:00,1,Collision with vehicle,4,Thursday,147,VEHICLE STRIKES ANOTHER VEH WHILE EMERGING FROM DRIVEWAY,1,779391,Not at intersection,2,70,Arterial Highway,BELLARINE,GEELONG,-38.16979,144.38895,2022,6,June,16,Afternoon Peak,Weekday
T20220015846,2022-06-30,18:11:00,1,Collision with vehicle,4,Thursday,121,RIGHT THROUGH,2,328857,Cross intersection,3,70,Arterial Highway,KINGSTON,KINGSTON,-37.95645,145.10408,2022,6,June,18,Afternoon Peak,Weekday
T20220014700,2022-06-30,15:57:00,1,Collision with vehicle,4,Thursday,113,RIGHT NEAR (INTERSECTIONS ONLY),1,43656,T intersection,3,80,Arterial Other,RIDDELL,HUME,-37.546497,144.6901,2022,6,June,15,Afternoon Peak,Weekday
T20220017609,2022-06-30,18:12:00,1,Collision with vehicle,4,Thursday,135,LANE CHANGE LEFT (NOT OVERTAKING),3,774692,Not at intersection,3,60,Arterial Highway,WARRIGAL,MONASH,-37.912777,145.08466,2022,6,June,18,Afternoon Peak,Weekday
T20220014659,2022-06-30,05:43:00,1,Collision with vehicle,4,Thursday,148,VEHICLE OFF FOOTPATH STRIKES VEH ON CARRIAGEWAY,3,29761,Cross intersection,2,80,Arterial Other,THOMPSONS,CASEY,-38.079994,145.25813,2022,6,June,5,Morning Peak,Weekday
T20220014708,2022-06-30,15:40:00,2,Struck Pedestrian,4,Thursday,102,FAR SIDE. PED HIT BY VEHICLE FROM THE LEFT,1,728060,Cross intersection,2,70,Arterial Other,BALLARAT,BRIMBANK,-37.779186,144.8471,2022,6,June,15,Afternoon Peak,Weekday
T20220014710,2022-06-30,16:13:00,1,Collision with vehicle,4,Thursday,121,RIGHT THROUGH,2,71894,T intersection,2,80,Arterial Highway,HAMILTON,GEELONG,-38.139217,144.28845,2022,6,June,16,Afternoon Peak,Weekday
T20220014712,2022-06-30,18:22:00,1,Collision with vehicle,4,Thursday,135,LANE CHANGE LEFT (NOT OVERTAKING),3,780248,Not at intersection,3,80,Arterial Other,CRANBOURNE,FRANKSTON,-38.146664,145.13596,2022,6,June,18,Afternoon Peak,Weekday
T20220014713,2022-06-30,14:50:00,2,Struck Pedestrian,4,Thursday,106,VEH STRIKES PED ON FOOTPATH/MEDIAN/TRAFFIC ISLAND.,1,724298,Not at intersection,3,40,Arterial Other,CARLISLE,PORT PHILLIP,-37.86849,144.9913,2022,6,June,14,Midday,Weekday
T20220014719,2022-06-30,16:34:00,1,Collision with vehicle,4,Thursday,130,REAR END(VEHICLES IN SAME LANE),1,718946,Not at intersection,2,80,Arterial Highway,DANDENONG,DANDENONG,-38.003517,145.21086,2022,6,June,16,Afternoon Peak,Weekday
T20220015201,2022-06-30,15:15:00,1,Collision with vehicle,4,Thursday,130,REAR END(VEHICLES IN SAME LANE),1,718589,Not at intersection,3,70,Arterial Highway,MELBOURNE ROAD SERVICE,GEELONG,-38.122757,144.35251,2022,6,June,15,Afternoon Peak,Weekday
T20220014721,2022-06-30,22:00:00,1,Collision with vehicle,4,Thursday,110,CROSS TRAFFIC(INTERSECTIONS ONLY),5,40007,Cross intersection,3,60,Arterial Other,MELBOURNE,HOBSONS BAY,-37.856316,144.89249,2022,6,June,22,Night,Weekday
T20220014723,2022-06-30,22:20:00,4,Collision with a fixed object,4,Thursday,181,OFF RIGHT BEND INTO OBJECT/PARKED VEHICLE,5,782013,Not at intersection,3,100,Arterial Other,BEECHWORTH-CHILTERN,INDIGO,-36.240604,146.62987,2022,6,June,22,Night,Weekday
T20220014724,2022-06-30,18:55:00,1,Collision with vehicle,4,Thursday,137,LEFT TURN SIDESWIPE,3,723311,Not at intersection,2,60,Arterial Highway,WHITEHALL,MARIBYRNONG,-37.8088,144.90256,2022,6,June,18,Afternoon Peak,Weekday
T20220014725,2022-06-30,18:43:00,1,Collision with vehicle,4,Thursday,120,HEAD ON (NOT OVERTAKING),3,748874,Not at intersection,2,70,Arterial Other,TEMPLESTOWE,MANNINGHAM,-37.75625,145.10239,2022,6,June,18,Afternoon Peak,Weekday
T20220014761,2022-06-30,16:20:00,1,Collision with vehicle,4,Thursday,130,REAR END(VEHICLES IN SAME LANE),1,718542,Not at intersection,3,80,Arterial Highway,SPRINGVALE,MONASH,-37.879463,145.16586,2022,6,June,16,Afternoon Peak,Weekday
T20220014760,2022-06-30,07:23:00,1,Collision with vehicle,4,Thursday,130,REAR END(VEHICLES IN SAME LANE),1,38759,T intersection,3,70,Arterial Other,PLENTY,WHITTLESEA,-37.683002,145.06891,2022,6,June,7,Morning Peak,Weekday
T20220015268,2022-06-30,15:05:00,2,Struck Pedestrian,4,Thursday,100,PED NEAR SIDE. PED HIT BY VEHICLE FROM THE RIGHT.,1,725131,Cross intersection,3,60,Arterial Highway,DANDENONG,GLEN EIRA,-37.88406,145.05794,2022,6,June,15,Afternoon Peak,Weekday