ACCIDENT_NO,ACCIDENT_DATE,ACCIDENT_TIME,ACCIDENT_TYPE,ACCIDENT_TYPE_DESC,DAY_OF_WEEK,DAY_WEEK_DESC,DCA_CODE,DCA_DESC,LIGHT_CONDITION,NODE_ID,ROAD_GEOMETRY_DESC,SEVERITY,SPEED_ZONE,RMA,ROAD_NAME,LGA_NAME,LATITUDE,LONGITUDE,YEAR,MONTH,MONTH_NAME,HOUR,TIME_PERIOD,DAY_TYPE
T20220015977,2022-06-30,09:10:00,1,Collision with vehicle,4,Thursday,147,VEHICLE STRIKES ANOTHER VEH WHILE EMERGING FROM DRIVEWAY,1,718831,Cross intersection,3,60,Local Road,GROVE,GEELONG,-38.19367,144.34282,2022,6,June,9,Morning Peak,Weekday
T20220017315,2022-07-01,09:15:00,4,Collision with a fixed object,5,Friday,173,RIGHT OFF CARRIAGEWAY INTO OBJECT/PARKED VEHICLE,1,782034,Not at intersection,3,60,Arterial Other,WATER,BALLARAT,-37.55788,143.89195,2022,7,July,9,Morning Peak,Weekday
T20220017959,2022-07-01,14:30:00,1,Collision with vehicle,5,Friday,160,VEHICLE COLLIDES WITH VEHICLE PARKED ON LEFT OF ROAD,1,778809,Not at intersection,3,40,Local Road,DAIRY,KNOX,-37.890873,145.26021,2022,7,July,14,Midday,Weekday
T20220014867,2022-07-01,21:10:00,1,Collision with vehicle,5,Friday,114,TWO RIGHT TURNING (INTERSECTIONS ONLY),9,57536,Cross intersection,3,60,Arterial Highway,BRIGHTON ROAD -NEPEAN,GLEN EIRA,-37.883835,144.99728,2022,7,July,21,Night,Weekday
T20220015000,2022-07-01,19:25:00,1,Collision with vehicle,5,Friday,133,LANE SIDE SWIPE (VEHICLES IN PARALLEL LANES),3,720237,Not at intersection,2,80,Arterial Other,HALLAM,CASEY,-38.057392,145.26251,2022,7,July,19,Night,Weekday
T20220015362,2022-07-01,16:03:00,1,Collision with vehicle,5,Friday,160,VEHICLE COLLIDES WITH VEHICLE PARKED ON LEFT OF ROAD,1,718616,Not at intersection,3,50,Local Road,MORACK,WHITEHORSE,-37.850338,145.19676,2022,7,July,16,Afternoon Peak,Weekday
T20220015560,2022-07-01,19:25:00,1,Collision with vehicle,5,Friday,130,REAR END(VEHICLES IN SAME LANE),3,727061,Not at intersection,3,40,Arterial Other,SWAN,YARRA,-37.826286,145.00339,2022,7,July,19,Night,Weekday
T20220014728,2022-07-01,03:45:00,1,Collision with vehicle,5,Friday,160,VEHICLE COLLIDES WITH VEHICLE PARKED ON LEFT OF ROAD,3,785551,Not at intersection,2,60,Arterial Other,LOWER PLENTY,BANYULE,-37.744926,145.06145,2022,7,July,3,Late Night,Weekday
T20220018267,2022-07-01,15:51:00,1,Collision with vehicle,5,Friday,113,RIGHT NEAR (INTERSECTIONS ONLY),1,49729,T intersection,3,60,Arterial Other,ANAKIE,GEELONG,-38.09442,144.33469,2022,7,July,15,Afternoon Peak,Weekday
T20220014742,2022-07-01,08:50:00,1,Collision with vehicle,5,Friday,121,RIGHT THROUGH,1,45835,T intersection,2,50,Arterial Other,VICTORIA,MELBOURNE,-37.807133,144.96735,2022,7,July,8,Morning Peak,Weekday
T20220014743,2022-07-01,11:40:00,1,Collision with vehicle,5,Friday,140,U TURN,1,718274,Unknown,3,60,Arterial Other,MAIN,BRIMBANK,-37.7424,144.78352,2022,7,July,11,Midday,Weekday
T20220014747,2022-07-01,11:14:00,4,Collision with a fixed object,5,Friday,147,VEHICLE STRIKES ANOTHER VEH WHILE EMERGING FROM DRIVEWAY,1,718541,Not at intersection,3,60,Arterial Other,BLACKBURN,MANNINGHAM,-37.785446,145.1627,2022,7,July,11,Midday,Weekday
T20220015047,2022-07-01,18:25:00,1,Collision with vehicle,5,Friday,131,LEFT REAR,3,778807,Cross intersection,3,60,Arterial Other,CANTERBURY,WHITEHORSE,-37.827713,145.11282,2022,7,July,18,Afternoon Peak,Weekday
T20220014763,2022-07-01,15:00:00,1,Collision with vehicle,5,Friday,121,RIGHT THROUGH,1,29868,T intersection,3,80,Freeway,PLENTY-METROPOLITAN RING IN,WHITTLESEA,-37.687008,145.0673,2022,7,July,15,Afternoon Peak,Weekday
T20220014765,2022-07-01,16:10:00,2,Struck Pedestrian,5,Friday,100,PED NEAR SIDE. PED HIT BY VEHICLE FROM THE RIGHT.,1,718276,T intersection,3,50,Arterial Other,CRANBOURNE ROAD SERVICE,FRANKSTON,-38.149734,145.14937,2022,7,July,16,Afternoon Peak,Weekday
T20220014791,2022-07-01,22:10:00,4,Collision with a fixed object,5,Friday,171,LEFT OFF CARRIAGEWAY INTO OBJECT/PARKED VEHICLE,3,221693,Cross intersection,3,60,Freeway,RINGWOOD,MAROONDAH,-37.810623,145.22731,2022,7,July,22,Night,Weekday
T20220014770,2022-07-01,14:58:00,1,Collision with vehicle,5,Friday,111,RIGHT FAR (INTERSECTIONS ONLY),1,657977,T intersection,3,70,Arterial Highway,TROOD,WELLINGTON,-38.090885,147.06943,2022,7,July,14,Midday,Weekday
T20220014772,2022-07-01,17:33:00,1,Collision with vehicle,5,Friday,116,LEFT NEAR (INTERSECTIONS ONLY),3,656058,T intersection,2,90,Arterial Other,MCCORMICKS ROAD -THOMPSONS,FRANKSTON,-38.07326,145.20312,2022,7,July,17,Afternoon Peak,Weekday
T20220014774,2022-07-01,17:55:00,1,Collision with vehicle,5,Friday,130,REAR END(VEHICLES IN SAME LANE),3,718277,Not at intersection,3,80,Arterial Highway,STUD,KNOX,-37.902676,145.23543,2022,7,July,17,Afternoon Peak,Weekday
T20220014776,2022-07-01,18:30:00,1,Collision with vehicle,5,Friday,140,U TURN,3,785552,Not at intersection,2,60,Arterial Other,BLACKSHAWS,HOBSONS BAY,-37.830967,144.84581,2022,7,July,18,Afternoon Peak,Weekday
T20220014781,2022-07-01,13:30:00,1,Collision with vehicle,5,Friday,140,U TURN,1,785553,Not at intersection,2,60,Local Road,TOWNSEND,GEELONG,-38.182148,144.39786,2022,7,July,13,Midday,Weekday
T20220014783,2022-07-01,17:35:00,1,Collision with vehicle,5,Friday,116,LEFT NEAR (INTERSECTIONS ONLY),2,726993,Cross intersection,2,60,Arterial Other,LOWE STREET -SEABEACH,GEELONG,-38.086037,144.37445,2022,7,July,17,Afternoon Peak,Weekday
T20220014786,2022-07-01,21:20:00,6,Vehicle overturned (no collision),5,Friday,174,OUT OF CONTROL ON CARRIAGEWAY (ON STRAIGHT),3,718759,T intersection,3,60,Arterial Highway,YARRAGON,SOUTH GIPPSLAND,-38.466995,145.9615,2022,7,July,21,Night,Weekday
T20220014787,2022-07-01,21:46:00,1,Collision with vehicle,5,Friday,113,RIGHT NEAR (INTERSECTIONS ONLY),3,705416,T intersection,3,80,Freeway,PRINCES,DANDENONG,-38.003597,145.251,2022,7,July,21,Night,Weekday
T20220016255,2022-07-01,06:13:00,1,Collision with vehicle,5,Friday,121,RIGHT THROUGH,3,29680,T intersection,3,60,Arterial Other,KEYS,KINGSTON,-37.94763,145.05902,2022,7,July,6,Morning Peak,Weekday
T20220027183,2022-07-01,07:20:00,8,No collision and no object struck,5,Friday,170,OFF CARRIAGEWAY TO LEFT,2,44641,Cross intersection,3,50,Local Road,MOLLISON,BENDIGO,-36.76229,144.28436,2022,7,July,7,Morning Peak,Weekday
T20220014793,2022-07-01,22:17:00,1,Collision with vehicle,5,Friday,140,U TURN,3,785555,Not at intersection,2,60,Arterial Other,ST ALBANS,BRIMBANK,-37.752354,144.80605,2022,7,July,22,Night,Weekday
T20220014756,2022-07-01,14:10:00,1,Collision with vehicle,5,Friday,116,LEFT NEAR (INTERSECTIONS ONLY),1,324692,T intersection,2,80,Arterial Highway,VERDUN,CASEY,-38.027496,145.31627,2022,7,July,14,Midday,Weekday
T20220014814,2022-07-01,22:00:00,4,Collision with a fixed object,5,Friday,181,OFF RIGHT BEND INTO OBJECT/PARKED VEHICLE,5,718545,Not at intersection,3,100,Local Road,MILL,BASS COAST,-38.521416,145.54224,2022,7,July,22,Night,Weekday
T20220014822,2022-07-01,18:10:00,1,Collision with vehicle,5,Friday,145,REVERSING IN STREAM OF TRAFFIC,1,774617,T intersection,3,60,Arterial Highway,BELL,MORELAND,-37.740524,144.95851,2022,7,July,18,Afternoon Peak,Weekday
T20220016187,2022-07-02,19:30:00,1,Collision with vehicle,6,Saturday,130,REAR END(VEHICLES IN SAME LANE),3,778859,Cross intersection,3,80,Arterial Other,ROSSITER,CARDINIA,-38.21162,145.46841,2022,7,July,19,Night,Weekend
T20220017248,2022-07-02,12:46:00,1,Collision with vehicle,6,Saturday,113,RIGHT NEAR (INTERSECTIONS ONLY),1,329220,T intersection,3,60,Freeway,PLENTY,BANYULE,-37.687065,145.06769,2022,7,July,12,Midday,Weekend
T20220014865,2022-07-02,10:12:00,1,Collision with vehicle,6,Saturday,113,RIGHT NEAR (INTERSECTIONS ONLY),1,42874,T intersection,3,80,Arterial Highway,SPRINGVALE,DANDENONG,-37.971027,145.14848,2022,7,July,10,Midday,Weekend
T20220014810,2022-07-02,12:10:00,1,Collision with vehicle,6,Saturday,121,RIGHT THROUGH,1,44107,Cross intersection,3,60,Arterial Other,STONY POINT,MORNINGTON PENINSULA,-38.353504,145.19441,2022,7,July,12,Midday,Weekend
T20220015208,2022-07-02,07:10:00,7,Fall from or in moving vehicle,6,Saturday,190,FELL IN/FROM VEHICLE,2,773150,Not at intersection,3,50,Local Road,GRANDVISTA,WYNDHAM,-37.90098,144.59706,2022,7,July,7,Morning Peak,Weekend
T20220014813,2022-07-02,12:50:00,1,Collision with vehicle,6,Saturday,121,RIGHT THROUGH,1,780146,Not at intersection,3,60,Arterial Other,HIGH,WHITTLESEA,-37.68231,145.01349,2022,7,July,12,Midday,Weekend
T20220015106,2022-07-02,13:00:00,8,No collision and no object struck,6,Saturday,184,OUT OF CONTROL ON CARRIAGEWAY (ON BEND),1,718572,Not at intersection,2,100,Local Road,LEVIATHAN,MITCHELL,-37.284992,145.13187,2022,7,July,13,Midday,Weekend
T20220014817,2022-07-02,11:55:00,1,Collision with vehicle,6,Saturday,110,CROSS TRAFFIC(INTERSECTIONS ONLY),1,51933,Cross intersection,2,100,Arterial Other,BAIRNSDALE-DARGO,EAST GIPPSLAND,-37.798054,147.44002,2022,7,July,11,Midday,Weekend
T20220014795,2022-07-02,02:40:00,1,Collision with vehicle,6,Saturday,162,ACCIDENT OR BROKEN DOWN,3,751533,Not at intersection,2,100,Freeway,GEELONG RING,GEELONG,-38.081104,144.33278,2022,7,July,2,Late Night,Weekend
T20220014823,2022-07-02,16:04:00,1,Collision with vehicle,6,Saturday,135,LANE CHANGE LEFT (NOT OVERTAKING),1,718278,T intersection,2,60,Arterial Highway,LONSDALE,DANDENONG,-37.991875,145.21564,2022,7,July,16,Afternoon Peak,Weekend
T20220014824,2022-07-02,14:50:00,2,Struck Pedestrian,6,Saturday,102,FAR SIDE. PED HIT BY VEHICLE FROM THE LEFT,1,43297,Cross intersection,2,60,Arterial Highway,NEPEAN,KINGSTON,-38.055855,145.11752,2022,7,July,14,Midday,Weekend
T20220014825,2022-07-02,16:50:00,1,Collision with vehicle,6,Saturday,110,CROSS TRAFFIC(INTERSECTIONS ONLY),2,35367,Cross intersection,3,40,Local Road,EXHIBITION,MELBOURNE,-37.81502,144.97192,2022,7,July,16,Afternoon Peak,Weekend
T20220014826,2022-07-02,17:17:00,1,Collision with vehicle,6,Saturday,113,RIGHT NEAR (INTERSECTIONS ONLY),3,63541,Cross intersection,3,50,Local Road,ALBION,MOONEE VALLEY,-37.75627,144.92795,2022,7,July,17,Afternoon Peak,Weekend
T20220014828,2022-07-02,16:25:00,4,Collision with a fixed object,6,Saturday,173,RIGHT OFF CARRIAGEWAY INTO OBJECT/PARKED VEHICLE,1,723200,Not at intersection,3,100,Local Road,SCENT FARM,CENTRAL GOLDFIELDS,-36.83392,143.59877,2022,7,July,16,Afternoon Peak,Weekend
T20220014829,2022-07-02,18:20:00,1,Collision with vehicle,6,Saturday,142,LEAVING PARKING,3,782038,Not at intersection,3,60,Arterial Other,HEATHERTON,DANDENONG,-37.970917,145.22224,2022,7,July,18,Afternoon Peak,Weekend
T20220014830,2022-07-02,18:15:00,1,Collision with vehicle,6,Saturday,120,HEAD ON (NOT OVERTAKING),3,774618,Cross intersection,2,80,Local Road,MCCLELLAND,FRANKSTON,-38.156147,145.17067,2022,7,July,18,Afternoon Peak,Weekend
T20220015102,2022-07-02,18:30:00,1,Collision with vehicle,6,Saturday,130,REAR END(VEHICLES IN SAME LANE),1,720759,Cross intersection,3,60,Arterial Other,BURKE,STONNINGTON,-37.865036,145.05026,2022,7,July,18,Afternoon Peak,Weekend
T20220014836,2022-07-02,18:52:00,1,Collision with vehicle,6,Saturday,120,HEAD ON (NOT OVERTAKING),3,774619,Not at intersection,2,40,Local Road,GLEN HUNTLY,GLEN EIRA,-37.886627,145.01976,2022,7,July,18,Afternoon Peak,Weekend
T20220014801,2022-07-02,10:05:00,7,Fall from or in moving vehicle,6,Saturday,190,FELL IN/FROM VEHICLE,1,785568,Not at intersection,3,60,Arterial Other,MCCALLUM,SWAN HILL,-35.34042,143.54451,2022,7,July,10,Midday,Weekend
T20220014839,2022-07-02,19:05:00,1,Collision with vehicle,6,Saturday,160,VEHICLE COLLIDES WITH VEHICLE PARKED ON LEFT OF ROAD,3,730581,Not at intersection,3,50,Local Road,TERRARA,WHITEHORSE,-37.840786,145.19029,2022,7,July,19,Night,Weekend
T20220014845,2022-07-02,22:17:00,1,Collision with vehicle,6,Saturday,121,RIGHT THROUGH,3,780147,Cross intersection,3,80,Local Road,LEE,FRANKSTON,-38.150898,145.15123,2022,7,July,22,Night,Weekend
T20220014846,2022-07-02,03:01:00,4,Collision with a fixed object,6,Saturday,173,RIGHT OFF CARRIAGEWAY INTO OBJECT/PARKED VEHICLE,3,774620,Cross intersection,3,60,Local Road,TAYLORS,MELTON,-37.72425,144.75272,2022,7,July,3,Late Night,Weekend
T20220014855,2022-07-02,23:20:00,4,Collision with a fixed object,6,Saturday,171,LEFT OFF CARRIAGEWAY INTO OBJECT/PARKED VEHICLE,3,722415,Not at intersection,2,60,Arterial Other,SUNSHINE,MARIBYRNONG,-37.798653,144.85422,2022,7,July,23,Night,Weekend
T20220014804,2022-07-02,10:34:00,1,Collision with vehicle,6,Saturday,163,VEHICLE STRIKES DOOR OF PARKED/STATIONARY VEHICLE,1,779511,Not at intersection,3,60,Arterial Other,MALVERN,STONNINGTON,-37.853165,145.04167,2022,7,July,10,Midday,Weekend
T20220014858,2022-07-02,12:48:00,7,Fall from or in moving vehicle,6,Saturday,190,FELL IN/FROM VEHICLE,1,732713,Not at intersection,2,40,Local Road,PIER,PORT PHILLIP,-37.8599,144.96973,2022,7,July,12,Midday,Weekend
T20220014893,2022-07-02,13:50:00,2,Struck Pedestrian,6,Saturday,103,PED PLAYING/LYING/WORKING/STANDING ON CARRIAGEWAY.,1,125543,Not at intersection,3,40,Local Road,LA TROBE,MELBOURNE,-37.80975,144.9633,2022,7,July,13,Midday,Weekend
T20220014807,2022-07-02,08:25:00,4,Collision with a fixed object,6,Saturday,183,OFF LEFT BEND INTO OBJECT/PARKED VEHICLE,1,725204,Not at intersection,2,100,Local Road,MAIN SOUTH,BAW BAW,-38.176655,145.83403,2022,7,July,8,Morning Peak,Weekend
T20220017225,2022-07-02,22:00:00,4,Collision with a fixed object,6,Saturday,171,LEFT OFF CARRIAGEWAY INTO OBJECT/PARKED VEHICLE,3,722428,Not at intersection,2,50,Arterial Other,GRANT,BALLARAT,-37.56679,143.85735,2022,7,July,22,Night,Weekend
T20220015008,2022-07-02,20:45:00,1,Collision with vehicle,6,Saturday,110,CROSS TRAFFIC(INTERSECTIONS ONLY),3,29637,Cross intersection,3,60,Arterial Other,NORTH,BAYSIDE,-37.899506,145.00432,2022,7,July,20,Night,Weekend
T20220014862,2022-07-03,07:33:00,4,Collision with a fixed object,7,Sunday,171,LEFT OFF CARRIAGEWAY INTO OBJECT/PARKED VEHICLE,2,716977,T intersection,1,100,Arterial Other,KOO WEE RUP BYPASS ROAD -ROSSITER,CARDINIA,-38.208218,145.47293,2022,7,July,7,Morning Peak,Weekend
T20220014863,2022-07-03,11:25:00,1,Collision with vehicle,7,Sunday,113,RIGHT NEAR (INTERSECTIONS ONLY),1,42690,Cross intersection,2,60,Arterial Other,BLUFF,BAYSIDE,-37.968624,145.01758,2022,7,July,11,Midday,Weekend
T20220014866,2022-07-03,12:25:00,4,Collision with a fixed object,7,Sunday,171,LEFT OFF CARRIAGEWAY INTO OBJECT/PARKED VEHICLE,1,785585,T intersection,2,60,Local Road,ORCHARD VALLEY,CARDINIA,-38.05743,145.47491,2022,7,July,12,Midday,Weekend
T20220014871,2022-07-03,13:30:00,1,Collision with vehicle,7,Sunday,130,REAR END(VEHICLES IN SAME LANE),1,712865,Not at intersection,3,60,Arterial Other,GRIMSHAW,BANYULE,-37.7042,145.09923,2022,7,July,13,Midday,Weekend
T20220014873,2022-07-03,13:30:00,1,Collision with vehicle,7,Sunday,110,CROSS TRAFFIC(INTERSECTIONS ONLY),1,63781,Cross intersection,3,50,Local Road,SPEIGHT,DAREBIN,-37.763046,145.01631,2022,7,July,13,Midday,Weekend
T20220014874,2022-07-03,10:18:00,6,Vehicle overturned (no collision),7,Sunday,180,OFF CARRIAGEWAY ON RIGHT BEND,1,719327,Not at intersection,3,60,Local Road,TYNONG NORTH,CARDINIA,-38.05593,145.62207,2022,7,July,10,Midday,Weekend
T20220014875,2022-07-03,13:15:00,1,Collision with vehicle,7,Sunday,113,RIGHT NEAR (INTERSECTIONS ONLY),1,718548,T intersection,2,100,Local Road,ARTHURS CREEK,NILLUMBIK,-37.570133,145.17604,2022,7,July,13,Midday,Weekend
T20220014878,2022-07-03,12:44:00,1,Collision with vehicle,7,Sunday,130,REAR END(VEHICLES IN SAME LANE),1,36057,Cross intersection,2,70,Arterial Other,DOHERTYS,WYNDHAM,-37.824944,144.74886,2022,7,July,12,Midday,Weekend
T20220014879,2022-07-03,13:57:00,4,Collision with a fixed object,7,Sunday,171,LEFT OFF CARRIAGEWAY INTO OBJECT/PARKED VEHICLE,1,782043,Not at intersection,3,60,Arterial Other,SPRINGVALE,MANNINGHAM,-37.789413,145.18047,2022,7,July,13,Midday,Weekend
T20220014880,2022-07-03,13:50:00,1,Collision with vehicle,7,Sunday,113,RIGHT NEAR (INTERSECTIONS ONLY),1,41883,T intersection,3,80,Arterial Other,FERNTREE GULLY,KNOX,-37.898438,145.23685,2022,7,July,13,Midday,Weekend
T20220014881,2022-07-03,14:03:00,1,Collision with vehicle,7,Sunday,130,REAR END(VEHICLES IN SAME LANE),1,718549,Not at intersection,2,80,Arterial Highway,FRANKSTON-DANDENONG,DANDENONG,-38.024376,145.2134,2022,7,July,14,Midday,Weekend
T20220014882,2022-07-03,09:58:00,4,Collision with a fixed object,7,Sunday,173,RIGHT OFF CARRIAGEWAY INTO OBJECT/PARKED VEHICLE,1,720304,Not at intersection,3,60,Local Road,AHERN,CARDINIA,-38.068775,145.48398,2022,7,July,9,Morning Peak,Weekend
T20220014883,2022-07-03,11:03:00,1,Collision with vehicle,7,Sunday,115,RIGHT/LEFT FAR (INTERSECTIONS ONLY),1,50479,T intersection,3,100,Arterial Highway,CALDER,MILDURA,-34.260628,142.18031,2022,7,July,11,Midday,Weekend
T20220014884,2022-07-03,12:40:00,4,Collision with a fixed object,7,Sunday,171,LEFT OFF CARRIAGEWAY INTO OBJECT/PARKED VEHICLE,1,722589,Not at intersection,2,100,Freeway,WESTERN RING,BRIMBANK,-37.71969,144.8705,2022,7,July,12,Midday,Weekend
T20220014887,2022-07-03,00:32:00,1,Collision with vehicle,7,Sunday,134,LANE CHANGE RIGHT (NOT OVERTAKING),5,774621,Not at intersection,3,100,Freeway,PRINCES,WYNDHAM,-37.905567,144.69649,2022,7,July,0,Late Night,Weekend
T20220014889,2022-07-03,14:05:00,6,Vehicle overturned (no collision),7,Sunday,189,OTHER ACCIDENTS ON CURVE NOT INCLUDED IN DCAs 180-184,1,718550,Not at intersection,2,100,Arterial Other,MARYSVILLE-WOODS POINT,YARRA RANGES,-37.547543,145.84943,2022,7,July,14,Midday,Weekend
T20220014901,2022-07-03,20:49:00,1,Collision with vehicle,7,Sunday,169,OTHER ON PATH,5,720917,Not at intersection,2,50,Local Road,STEWART,GLENELG,-38.331417,141.59369,2022,7,July,20,Night,Weekend
T20220014902,2022-07-03,21:53:00,1,Collision with vehicle,7,Sunday,160,VEHICLE COLLIDES WITH VEHICLE PARKED ON LEFT OF ROAD,3,780092,Not at intersection,3,60,Arterial Other,POLICE,MONASH,-37.93517,145.17305,2022,7,July,21,Night,Weekend
T20220014903,2022-07-03,21:40:00,1,Collision with vehicle,7,Sunday,160,VEHICLE COLLIDES WITH VEHICLE PARKED ON LEFT OF ROAD,3,252439,Not at intersection,3,40,Local Road,LA TROBE,MELBOURNE,-37.811337,144.95787,2022,7,July,21,Night,Weekend
T20220014906,2022-07-03,23:25:00,1,Collision with vehicle,7,Sunday,121,RIGHT THROUGH,3,33419,Cross intersection,2,70,Arterial Highway,LATROBE TERRACE -SETTLEMENT,GEELONG,-38.160526,144.3503,2022,7,July,23,Night,Weekend
T20220014910,2022-07-03,20:30:00,1,Collision with vehicle,7,Sunday,130,REAR END(VEHICLES IN SAME LANE),2,42196,Cross intersection,3,80,Arterial Highway,NEPEAN,KINGSTON,-37.945194,145.04324,2022,7,July,20,Night,Weekend
T20220014942,2022-07-03,20:40:00,1,Collision with vehicle,7,Sunday,160,VEHICLE COLLIDES WITH VEHICLE PARKED ON LEFT OF ROAD,3,719518,Not at intersection,2,50,Local Road,MORIAH,MONASH,-37.92452,145.12991,2022,7,July,20,Night,Weekend
T20220014973,2022-07-03,18:30:00,1,Collision with vehicle,7,Sunday,133,LANE SIDE SWIPE (VEHICLES IN PARALLEL LANES),1,724757,Not at intersection,3,60,Local Road,CAROLINE SPRINGS,MELTON,-37.74356,144.73553,2022,7,July,18,Afternoon Peak,Weekend
T20220015289,2022-07-03,15:00:00,2,Struck Pedestrian,7,Sunday,105,PED WALKING AGAINST TRAFFIC.,1,356670,Not at intersection,2,40,Arterial Other,FITZROY,PORT PHILLIP,-37.859646,144.9776,2022,7,July,15,Afternoon Peak,Weekend
T20220015320,2022-07-03,18:44:00,1,Collision with vehicle,7,Sunday,134,LANE CHANGE RIGHT (NOT OVERTAKING),3,726920,T intersection,3,50,Arterial Other,SPENCER,MELBOURNE,-37.821777,144.9554,2022,7,July,18,Afternoon Peak,Weekend
T20220017706,2022-07-03,13:00:00,4,Collision with a fixed object,7,Sunday,171,LEFT OFF CARRIAGEWAY INTO OBJECT/PARKED VEHICLE,1,720776,Not at intersection,3,60,Local Road,APELINE,BENDIGO,-36.824486,144.2501,2022,7,July,13,Midday,Weekend
T20220016418,2022-07-03,13:00:00,7,Fall from or in moving vehicle,7,Sunday,190,FELL IN/FROM VEHICLE,1,718957,Not at intersection,3,60,Local Road,EAGLEHAWK-NEILBOROUGH,BENDIGO,-36.658863,144.27094,2022,7,July,13,Midday,Weekend
T20220014962,2022-07-04,13:13:00,1,Collision with vehicle,1,Monday,160,VEHICLE COLLIDES WITH VEHICLE PARKED ON LEFT OF ROAD,1,723202,Not at intersection,2,50,Local Road,DUNDAS,DAREBIN,-37.754314,145.01952,2022,7,July,13,Midday,Weekday
T20220014921,2022-07-04,08:22:00,2,Struck Pedestrian,1,Monday,102,FAR SIDE. PED HIT BY VEHICLE FROM THE LEFT,1,782091,Cross intersection,3,60,Arterial Other,WOODLAND,MOONEE VALLEY,-37.74258,144.9199,2022,7,July,8,Morning Peak,Weekday
T20220014990,2022-07-04,12:30:00,2,Struck Pedestrian,1,Monday,100,PED NEAR SIDE. PED HIT BY VEHICLE FROM THE RIGHT.,1,722304,Not at intersection,3,40,Local Road,NEWBURY,HUME,-37.57177,144.90924,2022,7,July,12,Midday,Weekday
T20220021874,2022-07-04,12:03:00,1,Collision with vehicle,1,Monday,113,RIGHT NEAR (INTERSECTIONS ONLY),1,43841,T intersection,3,60,Arterial Other,BEACONSFIELD-EMERALD,CARDINIA,-37.929466,145.44574,2022,7,July,12,Midday,Weekday
T20220014926,2022-07-04,06:37:00,6,Vehicle overturned (no collision),1,Monday,174,OUT OF CONTROL ON CARRIAGEWAY (ON STRAIGHT),1,718552,Not at intersection,2,60,Local Road,WARATAH,WHITTLESEA,-37.68019,145.02966,2022,7,July,6,Morning Peak,Weekday
T20220014927,2022-07-04,08:10:00,1,Collision with vehicle,1,Monday,130,REAR END(VEHICLES IN SAME LANE),2,776722,Not at intersection,3,60,Local Road,MIDDLE,STONNINGTON,-37.88692,145.08817,2022,7,July,8,Morning Peak,Weekday
T20220015376,2022-07-04,01:30:00,1,Collision with vehicle,1,Monday,130,REAR END(VEHICLES IN SAME LANE),3,778855,Not at intersection,3,40,Freeway,WESTERN RING,HUME,-37.692043,144.95322,2022,7,July,1,Late Night,Weekday
T20220014933,2022-07-04,06:39:00,2,Struck Pedestrian,1,Monday,100,PED NEAR SIDE. PED HIT BY VEHICLE FROM THE RIGHT.,3,723129,T intersection,3,60,Arterial Other,HALLAM,CASEY,-38.031387,145.26828,2022,7,July,6,Morning Peak,Weekday
T20220014936,2022-07-04,11:55:00,1,Collision with vehicle,1,Monday,137,LEFT TURN SIDESWIPE,1,784520,Cross intersection,2,60,Arterial Other,FYANS,GEELONG,-38.161716,144.35416,2022,7,July,11,Midday,Weekday
T20220014937,2022-07-04,07:24:00,1,Collision with vehicle,1,Monday,114,TWO RIGHT TURNING (INTERSECTIONS ONLY),2,56730,T intersection,3,60,Local Road,BRAND,WHITTLESEA,-37.688652,145.03484,2022,7,July,7,Morning Peak,Weekday
T20220014961,2022-07-04,11:30:00,2,Struck Pedestrian,1,Monday,102,FAR SIDE. PED HIT BY VEHICLE FROM THE LEFT,1,719808,Not at intersection,2,40,Local Road,FLINDERS,MELBOURNE,-37.817944,144.96574,2022,7,July,11,Midday,Weekday
T20220021951,2022-07-04,17:15:00,1,Collision with vehicle,1,Monday,120,HEAD ON (NOT OVERTAKING),2,694934,Not at intersection,3,60,Arterial Other,RIVERSDALE,BOROONDARA,-37.82773,145.02586,2022,7,July,17,Afternoon Peak,Weekday
T20220014940,2022-07-04,16:15:00,1,Collision with vehicle,1,Monday,130,REAR END(VEHICLES IN SAME LANE),1,778849,T intersection,3,40,Freeway,BOULTON,MELBOURNE,-37.827236,144.98836,2022,7,July,16,Afternoon Peak,Weekday
T20220017698,2022-07-04,08:30:00,1,Collision with vehicle,1,Monday,120,HEAD ON (NOT OVERTAKING),1,780242,Not at intersection,3,80,Arterial Highway,MAROONDAH,MURRINDINDI,-37.57715,145.63414,2022,7,July,8,Morning Peak,Weekday
T20220014947,2022-07-04,11:54:00,1,Collision with vehicle,1,Monday,116,LEFT NEAR (INTERSECTIONS ONLY),1,296608,T intersection,2,50,Local Road,LUCILLE,MAROONDAH,-37.811947,145.26793,2022,7,July,11,Midday,Weekday
T20220016706,2022-07-04,18:30:00,6,Vehicle overturned (no collision),1,Monday,182,OFF CARRIAGEWAY ON LEFT BEND,5,782089,Not at intersection,3,70,Arterial Other,MOUNTAIN,YARRA RANGES,-37.86607,145.34372,2022,7,July,18,Afternoon Peak,Weekday
T20220014951,2022-07-04,13:05:00,1,Collision with vehicle,1,Monday,121,RIGHT THROUGH,1,53323,T intersection,3,60,Freeway,MOUNTAIN GLEN,LATROBE,-38.188686,146.23819,2022,7,July,13,Midday,Weekday
T20220014952,2022-07-04,10:15:00,1,Collision with vehicle,1,Monday,121,RIGHT THROUGH,1,59976,T intersection,3,60,Arterial Highway,TALLAROOK,MITCHELL,-37.020367,145.12978,2022,7,July,10,Midday,Weekday
T20220014956,2022-07-04,15:00:00,2,Struck Pedestrian,1,Monday,103,PED PLAYING/LYING/WORKING/STANDING ON CARRIAGEWAY.,1,718557,Not at intersection,2,50,Local Road,DALRY,MANNINGHAM,-37.778854,145.22519,2022,7,July,15,Afternoon Peak,Weekday