ACCIDENT_NO,ACCIDENT_DATE,ACCIDENT_TIME,ACCIDENT_TYPE,ACCIDENT_TYPE_DESC,DAY_OF_WEEK,DAY_WEEK_DESC,DCA_CODE,DCA_DESC,LIGHT_CONDITION,NODE_ID,ROAD_GEOMETRY_DESC,SEVERITY,SPEED_ZONE,RMA,ROAD_NAME,LGA_NAME,LATITUDE,LONGITUDE,YEAR,MONTH,MONTH_NAME,HOUR,TIME_PERIOD,DAY_TYPE
T20220014957,2022-07-04,14:25:00,1,Collision with vehicle,1,Monday,163,VEHICLE STRIKES DOOR OF PARKED/STATIONARY VEHICLE,1,734259,Not at intersection,3,50,Local Road,HOMER,MOONEE VALLEY,-37.76508,144.92195,2022,7,July,14,Midday,Weekday
T20220014960,2022-07-04,15:40:00,2,Struck Pedestrian,1,Monday,107,PED ON FOOTHPATH STRUCK BY VEHENTERING/LEAVING DRIVEWAY.,1,730425,Not at intersection,3,60,Arterial Other,BALLARAT,MARIBYRNONG,-37.7936,144.89748,2022,7,July,15,Afternoon Peak,Weekday
T20220015115,2022-07-04,12:30:00,1,Collision with vehicle,1,Monday,130,REAR END(VEHICLES IN SAME LANE),1,718575,Not at intersection,3,70,Arterial Highway,PUNT,MELBOURNE,-37.82119,144.98943,2022,7,July,12,Midday,Weekday
T20220015015,2022-07-04,13:55:00,1,Collision with vehicle,1,Monday,134,LANE CHANGE RIGHT (NOT OVERTAKING),1,782095,Not at intersection,3,80,Arterial Other,BELGRAVE-HALLAM,YARRA RANGES,-37.955395,145.34708,2022,7,July,13,Midday,Weekday
T20220014963,2022-07-04,12:30:00,1,Collision with vehicle,1,Monday,130,REAR END(VEHICLES IN SAME LANE),1,718558,Cross intersection,3,60,Arterial Other,MILLERS,HOBSONS BAY,-37.825382,144.8491,2022,7,July,12,Midday,Weekday
T20220014966,2022-07-04,14:40:00,1,Collision with vehicle,1,Monday,110,CROSS TRAFFIC(INTERSECTIONS ONLY),1,720656,Cross intersection,3,80,Local Road,CENTRAL,SHEPPARTON,-36.37764,145.46196,2022,7,July,14,Midday,Weekday
T20220014968,2022-07-04,14:12:00,1,Collision with vehicle,1,Monday,110,CROSS TRAFFIC(INTERSECTIONS ONLY),1,51081,Cross intersection,2,60,Local Road,MAUDE,SHEPPARTON,-36.386703,145.39967,2022,7,July,14,Midday,Weekday
T20220015082,2022-07-04,16:00:00,1,Collision with vehicle,1,Monday,135,LANE CHANGE LEFT (NOT OVERTAKING),3,782085,Not at intersection,3,60,Local Road,STATION,WHITTLESEA,-37.672867,145.01576,2022,7,July,16,Afternoon Peak,Weekday
T20220014918,2022-07-04,06:57:00,1,Collision with vehicle,1,Monday,160,VEHICLE COLLIDES WITH VEHICLE PARKED ON LEFT OF ROAD,3,780093,Not at intersection,3,60,Local Road,BAYVIEW,MORNINGTON PENINSULA,-38.367542,144.91458,2022,7,July,6,Morning Peak,Weekday
T20220014975,2022-07-04,15:58:00,1,Collision with vehicle,1,Monday,114,TWO RIGHT TURNING (INTERSECTIONS ONLY),1,41058,Cross intersection,3,60,Arterial Other,MOUNTAIN,KNOX,-37.844074,145.30006,2022,7,July,15,Afternoon Peak,Weekday
T20220014977,2022-07-04,18:06:00,1,Collision with vehicle,1,Monday,130,REAR END(VEHICLES IN SAME LANE),2,774681,Cross intersection,2,80,Arterial Other,CRANBOURNE,FRANKSTON,-38.155807,145.16847,2022,7,July,18,Afternoon Peak,Weekday
T20220016698,2022-07-04,06:40:00,1,Collision with vehicle,1,Monday,131,LEFT REAR,2,719345,Cross intersection,3,60,Arterial Other,DORSET,KNOX,-37.885757,145.28427,2022,7,July,6,Morning Peak,Weekday
T20220014981,2022-07-04,18:20:00,1,Collision with vehicle,1,Monday,130,REAR END(VEHICLES IN SAME LANE),5,722479,Not at intersection,2,100,Freeway,MONASH,CASEY,-37.995102,145.26537,2022,7,July,18,Afternoon Peak,Weekday
T20220014984,2022-07-04,14:00:00,4,Collision with a fixed object,1,Monday,171,LEFT OFF CARRIAGEWAY INTO OBJECT/PARKED VEHICLE,1,748003,Not at intersection,1,100,Local Road,MURRINDINDI,MURRINDINDI,-37.31188,145.50104,2022,7,July,14,Midday,Weekday
T20220014988,2022-07-04,19:00:00,1,Collision with vehicle,1,Monday,148,VEHICLE OFF FOOTPATH STRIKES VEH ON CARRIAGEWAY,3,726038,Cross intersection,2,80,Arterial Other,PALMERS,WYNDHAM,-37.82503,144.74886,2022,7,July,19,Night,Weekday
T20220014909,2022-07-04,00:30:00,1,Collision with vehicle,1,Monday,121,RIGHT THROUGH,3,985,T intersection,3,80,Arterial Other,HIGH,CASEY,-38.035633,145.35417,2022,7,July,0,Late Night,Weekday
T20220019533,2022-07-04,08:49:00,1,Collision with vehicle,1,Monday,121,RIGHT THROUGH,1,39491,Cross intersection,3,70,Arterial Other,MITCHAM,MANNINGHAM,-37.796482,145.17915,2022,7,July,8,Morning Peak,Weekday
T20220015775,2022-07-04,20:32:00,1,Collision with vehicle,1,Monday,121,RIGHT THROUGH,3,57530,Cross intersection,3,80,Arterial Highway,BURWOOD,KNOX,-37.871693,145.24403,2022,7,July,20,Night,Weekday
T20220015164,2022-07-05,17:07:00,1,Collision with vehicle,2,Tuesday,130,REAR END(VEHICLES IN SAME LANE),1,718586,Not at intersection,3,80,Arterial Other,WELLINGTON,YARRA RANGES,-37.93464,145.30634,2022,7,July,17,Afternoon Peak,Weekday
T20220015132,2022-07-05,06:15:00,1,Collision with vehicle,2,Tuesday,148,VEHICLE OFF FOOTPATH STRIKES VEH ON CARRIAGEWAY,3,719459,Not at intersection,2,50,Arterial Other,BUCKLEY,MARIBYRNONG,-37.80373,144.89545,2022,7,July,6,Morning Peak,Weekday
T20220015369,2022-07-05,14:05:00,1,Collision with vehicle,2,Tuesday,130,REAR END(VEHICLES IN SAME LANE),1,778735,Not at intersection,3,50,Arterial Other,MERRI,DAREBIN,-37.77867,144.99077,2022,7,July,14,Midday,Weekday
T20220015028,2022-07-05,09:44:00,1,Collision with vehicle,2,Tuesday,116,LEFT NEAR (INTERSECTIONS ONLY),1,53103,T intersection,3,100,Arterial Highway,SUNRAYSIA,BALLARAT,-37.438065,143.73851,2022,7,July,9,Morning Peak,Weekday
T20220015130,2022-07-05,08:15:00,1,Collision with vehicle,2,Tuesday,130,REAR END(VEHICLES IN SAME LANE),1,328970,Cross intersection,3,80,Arterial Other,SOUTH,KINGSTON,-37.936527,145.06133,2022,7,July,8,Morning Peak,Weekday
T20220019049,2022-07-05,10:00:00,4,Collision with a fixed object,2,Tuesday,181,OFF RIGHT BEND INTO OBJECT/PARKED VEHICLE,9,722553,Not at intersection,3,60,Arterial Other,WHARF,GEELONG,-38.083874,144.38219,2022,7,July,10,Midday,Weekday
T20220016700,2022-07-05,17:31:00,1,Collision with vehicle,2,Tuesday,111,RIGHT FAR (INTERSECTIONS ONLY),2,66019,Cross intersection,3,60,Arterial Other,BARKERS,BOROONDARA,-37.81723,145.0582,2022,7,July,17,Afternoon Peak,Weekday
T20220015491,2022-07-05,13:00:00,6,Vehicle overturned (no collision),2,Tuesday,182,OFF CARRIAGEWAY ON LEFT BEND,1,782100,Not at intersection,3,100,Arterial Other,MARYSVILLE,MURRINDINDI,-37.53344,145.71967,2022,7,July,13,Midday,Weekday
T20220015128,2022-07-05,13:21:00,1,Collision with vehicle,2,Tuesday,121,RIGHT THROUGH,9,226313,Cross intersection,3,70,Arterial Highway,PLENTY,DAREBIN,-37.71295,145.04599,2022,7,July,13,Midday,Weekday
T20220022955,2022-07-05,12:40:00,1,Collision with vehicle,2,Tuesday,116,LEFT NEAR (INTERSECTIONS ONLY),1,728512,T intersection,3,50,Local Road,MALCOLM,KINGSTON,-38.001316,145.1138,2022,7,July,12,Midday,Weekday
T20220014998,2022-07-05,05:00:00,1,Collision with vehicle,2,Tuesday,121,RIGHT THROUGH,3,782102,Not at intersection,3,40,Local Road,RATHDOWNE,MELBOURNE,-37.79768,144.97044,2022,7,July,5,Morning Peak,Weekday
T20220015002,2022-07-05,05:30:00,1,Collision with vehicle,2,Tuesday,113,RIGHT NEAR (INTERSECTIONS ONLY),2,595601,T intersection,2,80,Local Road,PATTERSONS,CASEY,-38.119232,145.33122,2022,7,July,5,Morning Peak,Weekday
T20220015006,2022-07-05,09:20:00,1,Collision with vehicle,2,Tuesday,135,LANE CHANGE LEFT (NOT OVERTAKING),1,273858,Cross intersection,3,80,Arterial Other,CRANBOURNE-FRANKSTON,CASEY,-38.110085,145.25836,2022,7,July,9,Morning Peak,Weekday
T20220016753,2022-07-05,07:00:00,1,Collision with vehicle,2,Tuesday,121,RIGHT THROUGH,2,63227,T intersection,3,60,Local Road,GREIGS,MELTON,-37.746185,144.61328,2022,7,July,7,Morning Peak,Weekday
T20220015108,2022-07-05,09:30:00,7,Fall from or in moving vehicle,2,Tuesday,190,FELL IN/FROM VEHICLE,1,718573,Not at intersection,2,60,Arterial Other,CARLISLE,PORT PHILLIP,-37.867714,144.98532,2022,7,July,9,Morning Peak,Weekday
T20220015030,2022-07-05,08:23:00,1,Collision with vehicle,2,Tuesday,110,CROSS TRAFFIC(INTERSECTIONS ONLY),1,684701,Cross intersection,2,100,Arterial Other,BORUNG,YARRIAMBIACK,-36.339893,142.22585,2022,7,July,8,Morning Peak,Weekday
T20220015034,2022-07-05,10:35:00,1,Collision with vehicle,2,Tuesday,134,LANE CHANGE RIGHT (NOT OVERTAKING),1,717495,Not at intersection,1,80,Freeway,WEST GATE,HOBSONS BAY,-37.825397,144.88733,2022,7,July,10,Midday,Weekday
T20220015039,2022-07-05,13:00:00,1,Collision with vehicle,2,Tuesday,130,REAR END(VEHICLES IN SAME LANE),1,718563,Not at intersection,3,50,Local Road,CRAIG,CASEY,-38.136696,145.29442,2022,7,July,13,Midday,Weekday
T20220015042,2022-07-05,10:03:00,2,Struck Pedestrian,2,Tuesday,107,PED ON FOOTHPATH STRUCK BY VEHENTERING/LEAVING DRIVEWAY.,1,718564,Not at intersection,2,60,Local Road,CLOW,DANDENONG,-37.985237,145.2175,2022,7,July,10,Midday,Weekday
T20220015012,2022-07-05,07:40:00,4,Collision with a fixed object,2,Tuesday,173,RIGHT OFF CARRIAGEWAY INTO OBJECT/PARKED VEHICLE,1,782101,Not at intersection,3,100,Arterial Other,MYRTLEFORD-YACKANDANDAH,INDIGO,-36.32615,146.8516,2022,7,July,7,Morning Peak,Weekday
T20220015013,2022-07-05,09:21:00,1,Collision with vehicle,2,Tuesday,147,VEHICLE STRIKES ANOTHER VEH WHILE EMERGING FROM DRIVEWAY,1,718560,Not at intersection,2,80,Arterial Highway,MAROONDAH,YARRA RANGES,-37.767296,145.30077,2022,7,July,9,Morning Peak,Weekday
T20220015049,2022-07-05,14:50:00,4,Collision with a fixed object,2,Tuesday,181,OFF RIGHT BEND INTO OBJECT/PARKED VEHICLE,1,719329,Not at intersection,2,60,Arterial Other,HEIDELBERG-KINGLAKE,NILLUMBIK,-37.622723,145.21852,2022,7,July,14,Midday,Weekday
T20220015056,2022-07-05,14:17:00,1,Collision with vehicle,2,Tuesday,116,LEFT NEAR (INTERSECTIONS ONLY),1,264437,T intersection,3,100,Freeway,PRINCES,CARDINIA,-38.07542,145.72237,2022,7,July,14,Midday,Weekday
T20220015059,2022-07-05,10:40:00,2,Struck Pedestrian,2,Tuesday,103,PED PLAYING/LYING/WORKING/STANDING ON CARRIAGEWAY.,1,727219,Not at intersection,1,100,Local Road,RICES,WELLINGTON,-38.027096,146.7346,2022,7,July,10,Midday,Weekday
T20220015060,2022-07-05,15:51:00,1,Collision with vehicle,2,Tuesday,121,RIGHT THROUGH,1,35491,T intersection,2,60,Arterial Other,CANTERBURY,PORT PHILLIP,-37.855286,144.97234,2022,7,July,15,Afternoon Peak,Weekday
T20220015062,2022-07-05,15:54:00,1,Collision with vehicle,2,Tuesday,147,VEHICLE STRIKES ANOTHER VEH WHILE EMERGING FROM DRIVEWAY,1,718567,Not at intersection,2,60,Local Road,STATION,BENDIGO,-36.79469,144.2438,2022,7,July,15,Afternoon Peak,Weekday
T20220015063,2022-07-05,16:22:00,1,Collision with vehicle,2,Tuesday,130,REAR END(VEHICLES IN SAME LANE),1,722644,Not at intersection,2,100,Arterial Highway,HAMILTON,GOLDEN PLAINS,-38.10741,144.14583,2022,7,July,16,Afternoon Peak,Weekday
T20220015067,2022-07-05,17:34:00,1,Collision with vehicle,2,Tuesday,130,REAR END(VEHICLES IN SAME LANE),4,785591,Not at intersection,2,60,Local Road,BOUNDARY,GEELONG,-38.223175,144.36891,2022,7,July,17,Afternoon Peak,Weekday
T20220015068,2022-07-05,17:41:00,1,Collision with vehicle,2,Tuesday,130,REAR END(VEHICLES IN SAME LANE),2,785590,Not at intersection,2,70,Arterial Other,COOPER,WHITTLESEA,-37.649757,145.00342,2022,7,July,17,Afternoon Peak,Weekday
T20220015069,2022-07-05,17:35:00,1,Collision with vehicle,2,Tuesday,130,REAR END(VEHICLES IN SAME LANE),3,718568,Not at intersection,2,80,Arterial Other,CLYDE,CASEY,-38.052624,145.33966,2022,7,July,17,Afternoon Peak,Weekday
T20220015071,2022-07-05,12:15:00,1,Collision with vehicle,2,Tuesday,163,VEHICLE STRIKES DOOR OF PARKED/STATIONARY VEHICLE,1,782030,Not at intersection,3,40,Local Road,QUEENSBERRY,MELBOURNE,-37.80389,144.95714,2022,7,July,12,Midday,Weekday
T20220015072,2022-07-05,16:28:00,4,Collision with a fixed object,2,Tuesday,171,LEFT OFF CARRIAGEWAY INTO OBJECT/PARKED VEHICLE,2,593563,T intersection,2,100,Arterial Other,KULKYNE,MILDURA,-34.527554,142.36732,2022,7,July,16,Afternoon Peak,Weekday
T20220015073,2022-07-05,15:00:00,1,Collision with vehicle,2,Tuesday,130,REAR END(VEHICLES IN SAME LANE),1,721678,T intersection,3,60,Freeway,MORNINGTON PENINSULA IN-THOMPSON,KINGSTON,-38.06762,145.14682,2022,7,July,15,Afternoon Peak,Weekday
T20220015074,2022-07-05,19:45:00,1,Collision with vehicle,2,Tuesday,130,REAR END(VEHICLES IN SAME LANE),3,718569,Not at intersection,3,60,Arterial Other,MILLERS,HOBSONS BAY,-37.842205,144.84639,2022,7,July,19,Night,Weekday
T20220015076,2022-07-05,19:36:00,1,Collision with vehicle,2,Tuesday,160,VEHICLE COLLIDES WITH VEHICLE PARKED ON LEFT OF ROAD,3,774623,Not at intersection,2,80,Arterial Highway,DANDENONG ROAD SERVICE,MONASH,-37.88973,145.08205,2022,7,July,19,Night,Weekday
T20220015787,2022-07-05,06:55:00,1,Collision with vehicle,2,Tuesday,135,LANE CHANGE LEFT (NOT OVERTAKING),3,782098,Not at intersection,3,80,Freeway,WEST GATE IN-POWER,MELBOURNE,-37.826546,144.96452,2022,7,July,6,Morning Peak,Weekday
T20220015195,2022-07-05,17:00:00,1,Collision with vehicle,2,Tuesday,130,REAR END(VEHICLES IN SAME LANE),2,718588,Not at intersection,3,60,Arterial Other,NARRACAN,LATROBE,-38.17744,146.26741,2022,7,July,17,Afternoon Peak,Weekday
T20220015021,2022-07-05,08:08:00,1,Collision with vehicle,2,Tuesday,160,VEHICLE COLLIDES WITH VEHICLE PARKED ON LEFT OF ROAD,1,724277,Not at intersection,3,60,Arterial Other,CLARINDA,KINGSTON,-37.933018,145.09941,2022,7,July,8,Morning Peak,Weekday
T20220015211,2022-07-05,15:30:00,1,Collision with vehicle,2,Tuesday,130,REAR END(VEHICLES IN SAME LANE),1,774625,Not at intersection,3,60,Arterial Highway,WARRIGAL,MONASH,-37.923534,145.08257,2022,7,July,15,Afternoon Peak,Weekday
T20220015025,2022-07-05,11:54:00,1,Collision with vehicle,2,Tuesday,130,REAR END(VEHICLES IN SAME LANE),1,774682,Not at intersection,3,60,Arterial Highway,POINT NEPEAN,MORNINGTON PENINSULA,-38.361794,144.88324,2022,7,July,11,Midday,Weekday
T20220015026,2022-07-05,11:06:00,2,Struck Pedestrian,2,Tuesday,105,PED WALKING AGAINST TRAFFIC.,1,720428,Not at intersection,2,50,Local Road,ALAN,MITCHELL,-37.4117,144.97067,2022,7,July,11,Midday,Weekday
T20220017617,2022-07-05,23:38:00,1,Collision with vehicle,2,Tuesday,121,RIGHT THROUGH,3,39478,T intersection,3,60,Arterial Other,DONCASTER,MANNINGHAM,-37.790173,145.17105,2022,7,July,23,Night,Weekday
T20220015094,2022-07-06,06:00:00,1,Collision with vehicle,3,Wednesday,160,VEHICLE COLLIDES WITH VEHICLE PARKED ON LEFT OF ROAD,4,778786,Not at intersection,3,50,Local Road,SAVONA,KINGSTON,-37.98054,145.07442,2022,7,July,6,Morning Peak,Weekday
T20220015096,2022-07-06,05:57:00,1,Collision with vehicle,3,Wednesday,137,LEFT TURN SIDESWIPE,6,776882,Cross intersection,2,60,Arterial Other,FITZGERALD,WYNDHAM,-37.828194,144.78535,2022,7,July,5,Morning Peak,Weekday
T20220015098,2022-07-06,04:57:00,1,Collision with vehicle,3,Wednesday,110,CROSS TRAFFIC(INTERSECTIONS ONLY),3,748645,Cross intersection,2,80,Arterial Highway,CHELTENHAM,DANDENONG,-37.99444,145.17538,2022,7,July,4,Late Night,Weekday
T20220015112,2022-07-06,08:45:00,8,No collision and no object struck,3,Wednesday,174,OUT OF CONTROL ON CARRIAGEWAY (ON STRAIGHT),1,44745,T intersection,3,50,Arterial Other,LOWER PLENTY,BANYULE,-37.729286,145.10155,2022,7,July,8,Morning Peak,Weekday
T20220015117,2022-07-06,06:15:00,1,Collision with vehicle,3,Wednesday,121,RIGHT THROUGH,3,50238,Multiple intersection,2,70,Freeway,PRINCES,GEELONG,-38.200726,144.31148,2022,7,July,6,Morning Peak,Weekday
T20220015776,2022-07-06,17:45:00,1,Collision with vehicle,3,Wednesday,130,REAR END(VEHICLES IN SAME LANE),3,744136,Cross intersection,2,60,Local Road,POATH,GLEN EIRA,-37.887306,145.07816,2022,7,July,17,Afternoon Peak,Weekday
T20220015120,2022-07-06,06:00:00,1,Collision with vehicle,3,Wednesday,121,RIGHT THROUGH,3,48184,T intersection,3,60,Arterial Other,CROYDON,MAROONDAH,-37.783707,145.28398,2022,7,July,6,Morning Peak,Weekday
T20220015121,2022-07-06,11:15:00,1,Collision with vehicle,3,Wednesday,140,U TURN,1,719463,Not at intersection,2,40,Local Road,INKERMAN,PORT PHILLIP,-37.865047,144.9889,2022,7,July,11,Midday,Weekday
T20220015122,2022-07-06,11:07:00,6,Vehicle overturned (no collision),3,Wednesday,179,OTHER ACCIDENTS-OFF STRAIGHT NOT INCLUDED IN DCAs 170-175,1,44230,Cross intersection,3,60,Arterial Other,EPPING,WHITTLESEA,-37.623024,145.0288,2022,7,July,11,Midday,Weekday
T20220015123,2022-07-06,11:22:00,1,Collision with vehicle,3,Wednesday,121,RIGHT THROUGH,1,277108,Multiple intersection,3,60,Arterial Other,KERR,YARRA RANGES,-37.81421,145.35156,2022,7,July,11,Midday,Weekday
T20220015125,2022-07-06,11:00:00,6,Vehicle overturned (no collision),3,Wednesday,174,OUT OF CONTROL ON CARRIAGEWAY (ON STRAIGHT),1,785595,Not at intersection,2,60,Arterial Other,KINGS,BRIMBANK,-37.70174,144.77997,2022,7,July,11,Midday,Weekday
T20220015133,2022-07-06,12:52:00,1,Collision with vehicle,3,Wednesday,116,LEFT NEAR (INTERSECTIONS ONLY),1,321002,T intersection,2,70,Arterial Other,EAST BOUNDARY,GLEN EIRA,-37.930515,145.05731,2022,7,July,12,Midday,Weekday
T20220015136,2022-07-06,13:30:00,1,Collision with vehicle,3,Wednesday,111,RIGHT FAR (INTERSECTIONS ONLY),1,427,T intersection,3,60,Arterial Other,HEIDELBERG-WARRANDYTE,MANNINGHAM,-37.752407,145.17436,2022,7,July,13,Midday,Weekday
T20220015140,2022-07-06,10:30:00,1,Collision with vehicle,3,Wednesday,116,LEFT NEAR (INTERSECTIONS ONLY),1,278673,T intersection,3,50,Local Road,GREVILLEA,HUME,-37.584156,144.91222,2022,7,July,10,Midday,Weekday
T20220015821,2022-07-06,09:00:00,1,Collision with vehicle,3,Wednesday,130,REAR END(VEHICLES IN SAME LANE),1,778783,Not at intersection,3,60,Arterial Other,WILLIAMSTOWN,PORT PHILLIP,-37.834026,144.9299,2022,7,July,9,Morning Peak,Weekday
T20220015150,2022-07-06,15:08:00,1,Collision with vehicle,3,Wednesday,160,VEHICLE COLLIDES WITH VEHICLE PARKED ON LEFT OF ROAD,1,718581,Not at intersection,2,50,Local Road,ALTONA,BANYULE,-37.747513,145.05635,2022,7,July,15,Afternoon Peak,Weekday
T20220015151,2022-07-06,15:54:00,1,Collision with vehicle,3,Wednesday,140,U TURN,1,718582,Not at intersection,2,60,Arterial Other,SHANNON,GEELONG,-38.133064,144.33784,2022,7,July,15,Afternoon Peak,Weekday
T20220015153,2022-07-06,08:30:00,2,Struck Pedestrian,3,Wednesday,102,FAR SIDE. PED HIT BY VEHICLE FROM THE LEFT,1,221489,Cross intersection,3,70,Arterial Other,SYDNEY,MORELAND,-37.71869,144.963,2022,7,July,8,Morning Peak,Weekday
T20220015162,2022-07-06,18:10:00,2,Struck Pedestrian,3,Wednesday,102,FAR SIDE. PED HIT BY VEHICLE FROM THE LEFT,5,782139,T intersection,3,50,Local Road,TERRY,BOROONDARA,-37.807907,145.06981,2022,7,July,18,Afternoon Peak,Weekday
T20220015165,2022-07-06,15:00:00,4,Collision with a fixed object,3,Wednesday,181,OFF RIGHT BEND INTO OBJECT/PARKED VEHICLE,1,782238,Cross intersection,3,100,Freeway,PRINCES OUT-DUNCANS,WYNDHAM,-37.912334,144.68384,2022,7,July,15,Afternoon Peak,Weekday
T20220015930,2022-07-06,06:45:00,4,Collision with a fixed object,3,Wednesday,173,RIGHT OFF CARRIAGEWAY INTO OBJECT/PARKED VEHICLE,2,785594,Cross intersection,2,100,Local Road,MAIDMENT,MOIRA,-35.899075,145.55942,2022,7,July,6,Morning Peak,Weekday
T20220015167,2022-07-06,17:30:00,1,Collision with vehicle,3,Wednesday,121,RIGHT THROUGH,3,299670,T intersection,3,60,Local Road,PERRY,DANDENONG,-38.017635,145.17867,2022,7,July,17,Afternoon Peak,Weekday
T20220015168,2022-07-06,11:50:00,1,Collision with vehicle,3,Wednesday,130,REAR END(VEHICLES IN SAME LANE),1,778771,Cross intersection,3,60,Arterial Other,LOYOLA,YARRA,-37.82963,145.01268,2022,7,July,11,Midday,Weekday
T20220015169,2022-07-06,17:05:00,1,Collision with vehicle,3,Wednesday,113,RIGHT NEAR (INTERSECTIONS ONLY),3,711135,T intersection,3,80,Arterial Highway,SOUTH GIPPSLAND,CASEY,-38.05491,145.26044,2022,7,July,17,Afternoon Peak,Weekday
T20220015170,2022-07-06,18:31:00,1,Collision with vehicle,3,Wednesday,130,REAR END(VEHICLES IN SAME LANE),3,774796,Not at intersection,3,100,Freeway,WESTERN RING,HUME,-37.692123,144.95073,2022,7,July,18,Afternoon Peak,Weekday
T20220015171,2022-07-06,18:00:00,1,Collision with vehicle,3,Wednesday,132,RIGHT REAR.,5,278596,T intersection,3,60,Arterial Other,HAMPSTEAD,MARIBYRNONG,-37.779366,144.8743,2022,7,July,18,Afternoon Peak,Weekday
T20220015172,2022-07-06,17:15:00,1,Collision with vehicle,3,Wednesday,111,RIGHT FAR (INTERSECTIONS ONLY),3,65202,T intersection,3,40,Local Road,BARKLY,MARIBYRNONG,-37.798508,144.88756,2022,7,July,17,Afternoon Peak,Weekday
T20220015174,2022-07-06,20:00:00,1,Collision with vehicle,3,Wednesday,142,LEAVING PARKING,3,785593,Not at intersection,2,60,Arterial Other,ST GEORGES,YARRA,-37.784203,144.98308,2022,7,July,20,Night,Weekday
T20220015175,2022-07-06,16:40:00,1,Collision with vehicle,3,Wednesday,131,LEFT REAR,9,21044,T intersection,3,80,Arterial Other,DE CAMPO DRIVE -HAUNTED HILLS,LATROBE,-38.196712,146.32564,2022,7,July,16,Afternoon Peak,Weekday
T20220015674,2022-07-06,15:30:00,1,Collision with vehicle,3,Wednesday,148,VEHICLE OFF FOOTPATH STRIKES VEH ON CARRIAGEWAY,1,718783,T intersection,2,40,Arterial Other,PERTH,BRIMBANK,-37.775665,144.8154,2022,7,July,15,Afternoon Peak,Weekday
T20220015181,2022-07-06,19:06:00,1,Collision with vehicle,3,Wednesday,120,HEAD ON (NOT OVERTAKING),3,785592,Not at intersection,2,50,Local Road,COASTSIDE,GEELONG,-38.242077,144.34192,2022,7,July,19,Night,Weekday
T20220015184,2022-07-06,19:29:00,2,Struck Pedestrian,3,Wednesday,100,PED NEAR SIDE. PED HIT BY VEHICLE FROM THE RIGHT.,3,720760,T intersection,2,50,Local Road,HANOVER,WHITEHORSE,-37.853157,145.18433,2022,7,July,19,Night,Weekday
T20220015186,2022-07-06,17:06:00,1,Collision with vehicle,3,Wednesday,130,REAR END(VEHICLES IN SAME LANE),1,778781,Not at intersection,3,100,Arterial Highway,DANDENONG-HASTINGS,CASEY,-38.06278,145.24246,2022,7,July,17,Afternoon Peak,Weekday
T20220015187,2022-07-06,21:17:00,1,Collision with vehicle,3,Wednesday,121,RIGHT THROUGH,3,39485,T intersection,3,80,Arterial Other,SUNSHINE,BRIMBANK,-37.708534,144.80377,2022,7,July,21,Night,Weekday
T20220015189,2022-07-06,22:35:00,1,Collision with vehicle,3,Wednesday,171,LEFT OFF CARRIAGEWAY INTO OBJECT/PARKED VEHICLE,3,783921,Not at intersection,3,50,Arterial Other,NICHOLSON,MORELAND,-37.771008,144.97963,2022,7,July,22,Night,Weekday
T20220016463,2022-07-06,08:47:00,1,Collision with vehicle,3,Wednesday,110,CROSS TRAFFIC(INTERSECTIONS ONLY),1,43852,Cross intersection,3,100,Arterial Highway,DANDENONG-HASTINGS,CASEY,-38.06289,145.24245,2022,7,July,8,Morning Peak,Weekday
T20220015196,2022-07-06,12:46:00,2,Struck Pedestrian,3,Wednesday,102,FAR SIDE. PED HIT BY VEHICLE FROM THE LEFT,1,718762,Not at intersection,3,60,Arterial Highway,WARRIGAL,MONASH,-37.888504,145.0891,2022,7,July,12,Midday,Weekday
T20220016266,2022-07-06,05:50:00,1,Collision with vehicle,3,Wednesday,130,REAR END(VEHICLES IN SAME LANE),3,718801,Not at intersection,3,60,Arterial Highway,SPRINGVALE,WHITEHORSE,-37.818947,145.17596,2022,7,July,5,Morning Peak,Weekday
T20220018464,2022-07-06,15:00:00,1,Collision with vehicle,3,Wednesday,113,RIGHT NEAR (INTERSECTIONS ONLY),9,61724,T intersection,3,50,Local Road,ALLENDALE,NILLUMBIK,-37.687588,145.14919,2022,7,July,15,Afternoon Peak,Weekday
T20220015215,2022-07-06,21:55:00,1,Collision with vehicle,3,Wednesday,121,RIGHT THROUGH,3,29549,T intersection,3,60,Arterial Other,AUBURN,BOROONDARA,-37.815815,145.0463,2022,7,July,21,Night,Weekday
T20220015217,2022-07-06,10:20:00,1,Collision with vehicle,3,Wednesday,123,RIGHT/LEFT. ONE VEH TURNING RIGHT THE OTHER LEFT.,1,341350,Cross intersection,3,60,Non Arterial,HACKETTS,WYNDHAM,-37.896126,144.71686,2022,7,July,10,Midday,Weekday
T20220015223,2022-07-06,14:40:00,1,Collision with vehicle,3,Wednesday,130,REAR END(VEHICLES IN SAME LANE),1,722159,Not at intersection,3,60,Arterial Highway,OGILVIE,CAMPASPE,-36.14047,144.75426,2022,7,July,14,Midday,Weekday
T20220015295,2022-07-06,09:50:00,5,collision with some other object,3,Wednesday,166,STRUCK OBJECT ON CARRIAGEWAY,1,783743,Not at intersection,3,100,Local Road,CHURCH,NILLUMBIK,-37.633606,145.23332,2022,7,July,9,Morning Peak,Weekday
T20220020967,2022-07-06,15:35:00,6,Vehicle overturned (no collision),3,Wednesday,184,OUT OF CONTROL ON CARRIAGEWAY (ON BEND),1,768229,Not at intersection,3,100,Local Road,UPTON,STRATHBOGIE,-36.892452,145.40125,2022,7,July,15,Afternoon Peak,Weekday
T20220016651,2022-07-06,12:30:00,1,Collision with vehicle,3,Wednesday,130,REAR END(VEHICLES IN SAME LANE),1,778780,Cross intersection,3,80,Arterial Other,MCDONALDS,WHITTLESEA,-37.651222,145.08801,2022,7,July,12,Midday,Weekday